{
    "N_AVOG": 6.022141e+23,
    "N_BOLT": 1.380649e-23,
    "FISSION_ENERGY": 3.215e-11,
    "FISSION_RATE": 6.828284176539357e+16,
    "FUEL_THERMAL_CONDUCTIVITY": 6.3845692572332675,
    "FISSION_YIELD": 0.12278629667244798,
    "LENGTH": 0.001178116141349301,
    "RADIUS": 1.337783329708961e-05,
    "T_BC": 2444.1945117182936,
    "Maximum cur_err_bounds": 0.001002447316526676,
    "TIME_ELAPSED": 1728135.1621797085,
    "COST_FO": 5149.181019544601,
    "COST_POD": 5288.166040658951,
    "COST_EB": 1717697.3712821007
}