{
    "N_AVOG": 6.022141e+23,
    "N_BOLT": 1.380649e-23,
    "FISSION_ENERGY": 3.215e-11,
    "FISSION_RATE": 4.890541109177292e+19,
    "FUEL_THERMAL_CONDUCTIVITY": 1.0352893373073646,
    "FISSION_YIELD": 0.24555678173456488,
    "LENGTH": 0.001377606015554708,
    "RADIUS": 1.1134961538722757e-05,
    "T_BC": 557.759092270376,
    "Maximum cur_err_bounds": 0.0013144071128867493,
    "TIME_ELAPSED": 1138375.024948597,
    "COST_FO": 3398.2299420833588,
    "COST_POD": 3487.8949089050293,
    "COST_EB": 1131488.6081604958
}