{
    "N_AVOG": 6.022141e+23,
    "N_BOLT": 1.380649e-23,
    "FISSION_ENERGY": 3.215e-11,
    "FISSION_RATE": 7.48866416570535e+18,
    "FUEL_THERMAL_CONDUCTIVITY": 6.042388951344236,
    "FISSION_YIELD": 0.12070204528327923,
    "LENGTH": 0.00011819900153500434,
    "RADIUS": 1.5381937095036836e-05,
    "T_BC": 1709.9218537263837,
    "Maximum cur_err_bounds": 0.017850020577523728,
    "TIME_ELAPSED": 9678.184991121292,
    "COST_FO": 62.33409309387207,
    "COST_POD": 61.569297075271606,
    "COST_EB": 9554.276347637177
}