trial,trial_label,case,T,burnup,fission_rate,f_n,K_d,rho_d,Dv_dislocation_scale,Dg_dislocation_scale,NGF_AREAL_0,DT_H,N_MODES,label,xe_diffusivity_mode,vacancy_diffusivity_mode,rho_d_eff,c,mb,md,Nb,Nd,Rb_nm,Rd_nm,swelling_b_percent,swelling_d_percent,swelling_ig_percent,swelling_gf_percent,swelling_total_gas_percent,Ngf_areal,Ngf_vol,Rgf_nm,Fc_gf,p_gf,p_gf_eq,p_gf_over_eq,p_b,p_b_eq,p_d,p_d_eq,p_b_over_eq,p_d_over_eq,matrix_gas_percent,bulk_gas_percent,dislocation_gas_percent,qgb_gas_percent,grainface_gas_percent,release_gas_percent,q_gb,q_gf,q_rel,generated,retained,lambda_d,nu_b,phi_b,phi_d,f_cap_step,cap_raw_step,capture_fraction_sum,capture_raw_sum,capture_bubbles_cumulative,max_f_cap_step,time,burnup_percent_fima,rho_d_next,delta_Nd_rho,Vb,Vd,Rb,Rd,nvb,nvd,retained_ig,swelling_b,swelling_d,swelling_gf,swelling_ig,swelling_total_gas,ng_gf,nv_gf,V_gf,R_gf,A_gf,zeta_gf,gf_saturated,Dg,Dv,Dv_dislocation,Dv_gb,beta,rho_d_old,g_b,g_d,b_b,b_d,b_b_gas,b_d_gas,dVd_growth_dt,dnvb_dt,dnvd_dt,dnv_gf_dt,dA_gf_dt,dNgf_dt,dq_gf_in_step,dq_rel_step,nvb_seed_added,nvd_seed_added,bulk_first_gas_seed_applied,dislocation_first_gas_seed_applied,first_gas_pressure_factor,seed_pressure_factor,seed_gas_atoms_per_bubble,D1_Xe,D2_Xe,D2_Xe_scaled,D3_Xe,Dg_lookup_base,D1_Xe_i_2023,D2_Xe_i0_2023,D2_Xe_i1_2023,D1_XeVU_2023,D2_XeVU_2023,Dg_D1_scaled,Dg_D3_scaled,D2_Xe_over_Dg_unscaled,Dg_dislocation,Dv1,Dv2,Dv_lookup_base,Dv_nonthermal_effective,Dv1_scaled,Dv2_scaled,A20_vU_active,Gamma_d,den,free_dislocation,term_bubbles,term_dislocation,term_bubbles_scaled,term_dislocation_scaled,g_b_unscaled,g_d_unscaled,USE_WS_GAS_TRAPPING_BULK,USE_WS_GAS_TRAPPING_DISLOCATION,ws_bulk_factor,ws_bulk_factor_raw,ws_bulk_delta,ws_bulk_x,ws_bulk_zeta,ws_dislocation_factor,ws_dislocation_factor_raw,ws_dislocation_delta,ws_dislocation_x,ws_dislocation_zeta,psi_b,psi_d,porosity_b,porosity_d,valid_single_size,experiment_case,linear_power_kW_m,fuel_diameter_mm,fission_rate_case,fuel_description,swelling_bulk,matrix_gas,bulk_gas,dislocation_gas,grainface_gas,FGR,Ngf,Rgf,status,error
18,TRIAL_018,ANP6,900.0,3.2,7.76068019011021e+19,0.00040027618581248267,360000.1679803875,15236964159103.967,23.266565222719763,2.263750466667708,172626194755274.16,1.0,40,TRIAL_018_ANP6,rizk2025_refit_plot,rizk2025_refit_full,15236964159103.967,1.743955822104838e+23,2.43180937085905e+26,1.4355688554064687e+24,9.939328816354262e+23,5.478484277288216e+18,1.769631478430667,23.867353222826292,2.3072474387875115,0.031200518426254615,2.3384479572137664,0.15387393718923206,2.4923218944029983,88046646030105.9,2.2011661507526476e+19,38.35581885840807,0.29898981737730634,228646794907.70627,57879092.8227921,3950.421192808811,1257955239.5294719,1254498480.0839586,93893980.26124795,93014084.10367152,1.002755491138803,1.0094598163929207,0.06633983387086187,92.50568599477766,0.5460883708791756,6.881885800472311,6.881885800472311,0.0,1.8091249417592758e+25,1.8091249417592758e+25,0.0,2.6288215094111468e+26,2.628821509411147e+26,1.0007804354064758,1.2418408337833091e+17,0.004104095653436941,3.816318176032811e-06,7.116692401308043e-09,7.116692401308043e-09,0.00034935603540207943,0.00034935603540207943,4.358964800962e+19,5.409573372148394e-06,14113998.628416095,3.2,15236964159103.967,0.0,2.3213312301240562e-26,5.695100477991789e-23,1.7696314784306671e-09,2.3867353222826295e-08,8.222237380882455e+25,6.502972984164235e+24,2.4479090152352195e+26,0.023072474387875117,0.031200518426254615,0.15387393718923206,0.023384479572137663,0.024923218944029983,821893.8589168652,1528.8901727557482,6.990564394088004e-23,3.835581885840807e-08,3.3958115482908046e-15,0.13031397053630195,0.0,9.229586270335752e-19,5.911994148657879e-25,1.3755179745608613e-23,5.119872410101689e-28,1.8625632456264503e+19,15236964159103.967,0.022818108487462702,5.2921582454906867e-05,1.6293881780785028e-05,6.42211677740001e-06,1.6293881780785028e-05,6.42211677740001e-06,5.626278790464579e-31,6.211052373313584e+18,7.667253659538494e+16,0.00018161240355562367,2.385189577759404e-22,-2644355.267038342,2.723368257103822e+21,0.0,0.0,0.0,0.0,0.0,0.3333333333333333,0.3333333333333333,2.0,2.4966082885114063e-31,1.1115015552558786e-24,0.0,9.229586270333256e-19,,0.0,0.0,0.0,0.0,0.0,2.4966082885114063e-31,9.229586270333256e-19,1.2042810183467137e-06,2.089348022662243e-18,5.119872410101689e-34,5.911994143538007e-25,,,5.119872410101689e-34,5.911994143538007e-25,,1.4453593647030202e-07,3.825406763419458,14975452083125.074,1.5298834955268362e-06,5.139169895938003e-05,1.5298834955268362e-06,5.139169895938003e-05,0.022818108487462702,5.2921582454906867e-05,False,False,1.0,1.7971464918175974,6.216342180554193e-09,0.318453463762142,0.5384674025928499,1.0,1.1138135125646536,3.518981525340561e-07,0.06842090980066148,0.8975287888375065,0.28468509133443715,0.06782460451911015,0.023072474387875117,0.00031200518426254616,True,ANP6,125.0,8.0,7.76068019011021e+19,$(U_{0.8}Pu_{0.2})N$,2.3072474387875115,0.06633983387086187,92.50568599477766,0.5460883708791756,6.881885800472311,0.0,2.2011661507526476e+19,3.8355818858408075e-08,ok,
18,TRIAL_018,ANP6,950.0,3.2,7.76068019011021e+19,0.00040027618581248267,360000.1679803875,15236964159103.967,23.266565222719763,2.263750466667708,172626194755274.16,1.0,40,TRIAL_018_ANP6,rizk2025_refit_plot,rizk2025_refit_full,15236964159103.967,1.7414080088360886e+23,2.4319557754570976e+26,1.439329488101607e+24,9.923003966711089e+23,5.478135812249937e+18,1.7743211594096029,24.266134613889218,2.3218195802696564,0.03278862551904977,2.354608205788706,0.15427763020813393,2.5088858359968396,87954283340193.75,2.1988570835048436e+19,38.40276524643886,0.2994077601381412,36121666671.38271,57808337.127646394,624.8522006717229,1252583396.6463015,1251182734.437262,91846771.3933726,91485522.3266312,1.001119470538146,1.003948702019229,0.0662429154129282,92.51125520506919,0.5475189102602921,6.874982969257627,6.874982969257627,0.0,1.8073103106419763e+25,1.8073103106419763e+25,0.0,2.6288215094111468e+26,2.628821509411147e+26,1.0008201830986914,1.2382151491425861e+17,0.0040970795447028375,3.80610467035538e-06,7.438396142750883e-09,7.438396142750883e-09,0.00036518996487728666,0.00036518996487728666,4.2721051768587256e+19,6.074841076695979e-06,14113998.628416095,3.2,15236964159103.967,0.0,2.3398353845858708e-26,5.985361926538853e-23,1.774321159409603e-09,2.426613461388922e-08,8.716774075459044e+25,7.035631683615443e+24,2.4480904783469495e+26,0.023218195802696562,0.03278862551904977,0.15427763020813393,0.02354608205788706,0.025088858359968397,821931.6863291698,10215.854765508406,7.016264556959056e-23,3.840276524643886e-08,3.4041293813978068e-15,0.12997095261412267,0.0,9.229586270408242e-19,1.654156910152138e-24,3.848654963866731e-23,2.2845010932250072e-26,1.8625632456264503e+19,15236964159103.967,0.02283459635624162,5.2931885675713344e-05,1.628079228655412e-05,6.397252037472916e-06,1.628079228655412e-05,6.397252037472916e-06,5.8918514166416895e-31,6.608459138884065e+18,8.179531045703534e+16,0.0012143897920284257,2.3931626515142206e-22,-2646577.7177787377,2.7202150526437965e+21,0.0,0.0,0.0,0.0,0.0,0.3333333333333333,0.3333333333333333,2.0,7.498646671560408e-30,4.1448101342312676e-23,0.0,9.229586270333256e-19,,0.0,0.0,0.0,0.0,0.0,7.498646671560408e-30,9.229586270333256e-19,4.490786491178152e-05,2.0893480226786527e-18,2.284501093225007e-32,1.6541568873071272e-24,,,2.284501093225007e-32,1.6541568873071272e-24,,1.4453593647030202e-07,3.825406763419458,14971099582666.605,1.555123319649052e-06,5.1376762356064294e-05,1.555123319649052e-06,5.1376762356064294e-05,0.02283459635624162,5.2931885675713344e-05,False,False,1.0,1.7994283219859153,6.219749288368466e-09,0.3190330008593936,0.5376864160327203,1.0,1.1158961157786504,3.5190561367075014e-07,0.06955265859633891,0.8958392451134198,0.2852831731612647,0.06895637199952653,0.023218195802696562,0.0003278862551904977,True,ANP6,125.0,8.0,7.76068019011021e+19,$(U_{0.8}Pu_{0.2})N$,2.3218195802696564,0.0662429154129282,92.51125520506919,0.5475189102602921,6.874982969257627,0.0,2.1988570835048436e+19,3.840276524643886e-08,ok,
18,TRIAL_018,ANP6,1000.0,3.2,7.76068019011021e+19,0.00040027618581248267,360000.1679803875,15236964159103.967,23.266565222719763,2.263750466667708,172626194755274.16,1.0,40,TRIAL_018_ANP6,rizk2025_refit_plot,rizk2025_refit_full,15236964159103.967,1.7389084607211455e+23,2.432102769416839e+26,1.4426476684932927e+24,9.906982080708667e+23,5.477798376721323e+18,1.778941011752728,24.640980764443416,2.336224796407794,0.03432959037316843,2.370554386780962,0.15709267543642455,2.5276470622173868,87315641620292.56,2.182891040507314e+19,38.728897854059625,0.3023036485432753,6881792505.170798,57321538.25718271,120.05596350702383,1248572986.5218406,1247933453.2923675,90260677.54848564,90093816.52549434,1.0005124738244542,1.0018520807467857,0.06614783295464816,92.51684683459652,0.5487811414082823,6.868224191040542,6.868224191040542,0.0,1.8055335484865351e+25,1.8055335484865351e+25,0.0,2.6288215094111468e+26,2.6288215094111468e+26,1.0008587529771644,1.2346632961175696e+17,0.00409018897533945,3.7971162889845024e-06,7.792626277140072e-09,7.792626277140072e-09,0.0003808294171610429,0.0003808294171610429,4.343447700408037e+19,6.6783531918279396e-06,14113998.628416095,3.2,15236964159103.967,0.0,2.3581599092189726e-26,6.267041612750272e-23,1.7789410117527281e-09,2.464098076444342e-08,9.205579860367837e+25,7.553441171880346e+24,2.4482681545624933e+26,0.023362247964077938,0.03432959037316843,0.15709267543642455,0.023705543867809622,0.025276470622173867,827129.4879046829,56800.88368666347,7.19654222411007e-23,3.872889785405963e-08,3.4621935192081155e-15,0.1276184285575238,0.0,9.229586271935955e-19,4.1078364398687146e-24,9.55752444524704e-23,6.972208708889678e-25,1.8625632456264503e+19,15236964159103.967,0.022850802963522113,5.2941568094719473e-05,1.626791845272398e-05,6.374569114945512e-06,1.626791845272398e-05,6.374569114945512e-06,6.183084668466378e-31,7.017879460794344e+18,8.739512114399394e+16,0.006785611438536346,2.4486929203916346e-22,-2661467.3151010075,2.7171215607017704e+21,0.0,0.0,0.0,0.0,0.0,0.3333333333333333,0.3333333333333333,2.0,1.6026995865756309e-28,5.19276648232866e-22,0.0,9.229586270333256e-19,,0.0,0.0,0.0,0.0,0.0,1.6026995865756309e-28,9.229586270333256e-19,0.000562621804415882,2.089348023024489e-18,6.972208708889678e-31,4.1078357426478436e-24,,,6.972208708889678e-31,4.1078357426478436e-24,,1.4453593647030202e-07,3.825406763419458,14967009327478.037,1.5788423790741375e-06,5.1362725715645334e-05,1.5788423790741375e-06,5.1362725715645334e-05,0.022850802963522113,5.2941568094719473e-05,False,False,1.0,1.801679035362665,6.2231004407962396e-09,0.31960355268628166,0.5369178520738623,1.0,1.1178598804866058,3.519128392354087e-07,0.07061638977871033,0.8942514858072201,0.2858719493111712,0.07002012371980097,0.023362247964077938,0.00034329590373168424,True,ANP6,125.0,8.0,7.76068019011021e+19,$(U_{0.8}Pu_{0.2})N$,2.336224796407794,0.06614783295464816,92.51684683459652,0.5487811414082823,6.868224191040542,0.0,2.182891040507314e+19,3.872889785405963e-08,ok,
18,TRIAL_018,ANP6,1050.0,3.2,7.76068019011021e+19,0.00040027618581248267,360000.1679803875,15236964159103.967,23.266565222719763,2.263750466667708,172626194755274.16,1.0,40,TRIAL_018_ANP6,rizk2025_refit_plot,rizk2025_refit_full,15236964159103.967,1.7364294081085745e+23,2.4322506441346594e+26,1.4457136801414048e+24,9.89108709667787e+23,5.477460781689961e+18,1.7835406928281863,25.00527138955298,2.3506160815961388,0.03587257921820264,2.3864886608143414,0.1703115380917555,2.556800198906097,84450670288973.92,2.111266757224348e+19,40.231000448079286,0.31550469702451966,1539004066.7271938,55181327.21718055,27.889942927070976,1245039147.2626824,1244715082.1547637,88866314.215089,88781279.97153032,1.0002603528410354,1.0009577947466621,0.06605353014239193,92.52247196803715,0.5499474479213475,6.861527053899105,6.861527053899105,0.0,1.8037729906696466e+25,1.8037729906696466e+25,0.0,2.6288215094111468e+26,2.6288215094111468e+26,1.0008973756086224,1.2311456076267549e+17,0.004083350451202496,3.788829824868298e-06,8.169942772564533e-09,8.169942772564533e-09,0.0003968227185358943,0.0003968227185358943,4.479471382314007e+19,7.192985852563955e-06,14113998.628416095,3.2,15236964159103.967,0.0,2.3764992246258174e-26,6.549125707685099e-23,1.7835406928281863e-09,2.5005271389552982e-08,9.693883170890236e+25,8.072677146746695e+24,2.448444210344182e+26,0.023506160815961387,0.03587257921820264,0.1703115380917555,0.023864886608143412,0.02556800198906097,854355.7958734883,275468.195333533,8.066793905080078e-23,4.023100044807928e-08,3.7359643913414e-15,0.11740974834027657,0.0,9.229586295923071e-19,9.230255568932457e-24,2.147563432169393e-22,1.5366002896313798e-23,1.8625632456264503e+19,15236964159103.967,0.02286689970209602,5.295097566248271e-05,1.6255121306906068e-05,6.353137674947349e-06,1.6255121306906068e-05,6.353137674947349e-06,6.492973564656613e-31,7.442841225557467e+18,9.334697535470709e+16,0.03365935897452832,2.7155186451826964e-22,-2726793.179404602,2.7140534149766657e+21,0.0,0.0,0.0,0.0,0.0,0.3333333333333333,0.3333333333333333,2.0,2.558981501392922e-27,2.8205305937173354e-21,0.0,9.229586270333256e-19,,0.0,0.0,0.0,0.0,0.0,2.558981501392922e-27,9.229586270333256e-19,0.0030559664358555606,2.0893480284545736e-18,1.5366002896313797e-29,9.230240202929561e-24,,,1.5366002896313797e-29,9.230240202929561e-24,,1.4453593647030202e-07,3.825406763419458,14963035225364.764,1.6018878563856804e-06,5.134908780609703e-05,1.6018878563856804e-06,5.134908780609703e-05,0.02286689970209602,5.295097566248271e-05,False,False,1.0,1.8039226726934168,6.226432198654849e-09,0.3201712444232468,0.5361534505868846,1.0,1.1197740784900805,3.5192006879992936e-07,0.07165008126937326,0.8927087943303249,0.28645774423969955,0.0710538368488689,0.023506160815961387,0.0003587257921820264,True,ANP6,125.0,8.0,7.76068019011021e+19,$(U_{0.8}Pu_{0.2})N$,2.3506160815961388,0.06605353014239193,92.52247196803715,0.5499474479213475,6.861527053899105,0.0,2.111266757224348e+19,4.023100044807929e-08,ok,
18,TRIAL_018,ANP6,1100.0,3.2,7.76068019011021e+19,0.00040027618581248267,360000.1679803875,15236964159103.967,23.266565222719763,2.263750466667708,172626194755274.16,1.0,40,TRIAL_018_ANP6,rizk2025_refit_plot,rizk2025_refit_full,15236964159103.967,1.733961411046492e+23,2.4323994970728357e+26,1.4485955587454592e+24,9.875259474460512e+23,5.477119134722869e+18,1.788137025439768,25.36360985116106,2.3650455659636993,0.03743466829784824,2.402480234261548,0.2224649389428185,2.6249451732043667,74844880849149.1,1.8711220212287275e+19,45.78399305099329,0.3621349978070133,394953030.4001007,48488562.31319555,8.145282342030159,1241695632.3120782,1241515593.2773225,87574106.77870733,87526973.21191354,1.0001450155243563,1.000538503332906,0.06595964788171933,92.52813431284235,0.5510437104837685,6.854862328792164,6.854862328792164,0.0,1.8020209533981024e+25,1.8020209533981024e+25,0.0,2.6288215094111468e+26,2.628821509411147e+26,1.0009364784837207,1.227648626100066e+17,0.004076539125762276,3.781056206669818e-06,8.569974357021118e-09,8.569974357021118e-09,0.00041326427698479615,0.00041326427698479615,4.644498618562258e+19,7.64986335325235e-06,14113998.628416095,3.2,15236964159103.967,0.0,2.3949199229450146e-26,6.834736907679544e-23,1.788137025439768e-09,2.536360985116106e-08,1.0183465556832687e+26,8.598986761885062e+24,2.448619414071337e+26,0.023650455659636995,0.03743466829784824,0.2224649389428185,0.02402480234261548,0.026249451732043665,963069.7158995287,1267617.2001672704,1.1889387031890647e-22,4.578399305099329e-08,4.8384738367998935e-15,0.0872186659256996,0.0,9.229586587946777e-19,1.9057338427981425e-23,4.433988075060736e-22,2.556484784617257e-22,1.8625632456264503e+19,15236964159103.967,0.02288294516163625,5.296022874225899e-05,1.624235386293384e-05,6.332621692633423e-06,1.624235386293384e-05,6.332621692633423e-06,6.821414610306012e-31,7.876368757187288e+18,9.965078397244926e+16,0.16800799925934862,3.871473409599368e-22,-2925558.361771801,2.710998988064299e+21,0.0,0.0,0.0,0.0,0.0,0.3333333333333333,0.3333333333333333,2.0,3.1761352235744896e-26,8.043227546416823e-21,0.0,9.229586270333256e-19,,0.0,0.0,0.0,0.0,0.0,3.1761352235744896e-26,9.229586270333256e-19,0.008714613021693452,2.0893480945614537e-18,2.556484784617257e-28,1.9057082779502963e-23,,,2.556484784617257e-28,1.9057082779502963e-23,,1.4453593647030202e-07,3.825406763419458,14959127025422.193,1.6245511965239033e-06,5.133567754573508e-05,1.6245511965239033e-06,5.133567754573508e-05,0.02288294516163625,5.296022874225899e-05,False,False,1.0,1.8061674048120986,6.2297569379680025e-09,0.32073815114153104,0.5353904150403515,1.0,1.1216625231863306,3.519273857335199e-07,0.0726667983536852,0.8911916596606712,0.28704269846592473,0.07207057656377601,0.023650455659636995,0.00037434668297848243,True,ANP6,125.0,8.0,7.76068019011021e+19,$(U_{0.8}Pu_{0.2})N$,2.3650455659636993,0.06595964788171933,92.52813431284235,0.5510437104837685,6.854862328792164,0.0,1.8711220212287275e+19,4.578399305099329e-08,ok,
18,TRIAL_018,ANP6,1150.0,3.2,7.76068019011021e+19,0.00040027618581248267,360000.1679803875,15236964159103.967,23.266565222719763,2.263750466667708,172626194755274.16,1.0,40,TRIAL_018_ANP6,rizk2025_refit_plot,rizk2025_refit_full,15236964159103.967,1.7315005992915503e+23,2.4325493327955755e+26,1.4513222483497966e+24,9.859475925145335e+23,5.476771978153252e+18,1.7927363758869401,25.717751847880557,2.3795330012761795,0.03902224699054186,2.4185552482667214,0.4033783622367731,2.8219336105034944,53597753711332.17,1.339943842783304e+19,62.402575210158005,0.481762150244379,114173034.97975053,35575454.89947384,3.2093204514846314,1238439097.9617865,1238330425.9677753,86349805.96912107,86321697.67914431,1.0000877568633801,1.0003256225344552,0.06586603894911848,92.53383404263396,0.5520809393692504,6.848218979047683,6.848218979047683,0.0,1.8002745353278192e+25,1.8002745353278192e+25,0.0,2.6288215094111468e+26,2.6288215094111468e+26,1.0009762216350788,1.2241671159942957e+17,0.004069745341366229,3.7737131539754856e-06,8.995828496934732e-09,8.995828496934732e-09,0.0004301281299057795,0.0004301281299057795,4.824253245395215e+19,8.040109202237875e-06,14113998.628416095,3.2,15236964159103.967,0.0,2.4134477525397514e-26,7.125045034958717e-23,1.7927363758869403e-09,2.5717751847880558e-08,1.0675002977411511e+26,9.134472853401197e+24,2.448794055878365e+26,0.023795330012761795,0.03902224699054186,0.4033783622367731,0.024185552482667214,0.028219336105034944,1343544.7649718854,6395427.762971572,3.01041244682974e-22,6.2402575210158e-08,8.988476510397488e-15,0.038890833366534816,0.0,9.22958943709223e-19,3.660792762206921e-23,8.517407356874777e-22,3.330768464716398e-21,1.8625632456264503e+19,15236964159103.967,0.022898965155350556,5.296938582640704e-05,1.6229598402533363e-05,6.312875091364702e-06,1.6229598402533363e-05,6.312875091364702e-06,7.1709861677073815e-31,8.308981782981891e+18,1.0635532342165675e+17,1.064977696128537,9.28158781210087e-22,-3247913.469634851,2.7079540206284235e+21,0.0,0.0,0.0,0.0,0.0,0.3333333333333333,0.3333333333333333,2.0,3.1667589742037936e-25,1.392433705843146e-20,0.0,9.229586270333256e-19,,0.0,0.0,0.0,0.0,0.0,3.1667589742037936e-25,9.229586270333256e-19,0.015086626716538222,2.089348739536888e-18,3.330768464716398e-27,3.6604596853604494e-23,,,3.330768464716398e-27,3.6604596853604494e-23,,1.4453593647030202e-07,3.825406763419458,14955265568217.867,1.6469439142053016e-06,5.132244191220174e-05,1.6469439142053016e-06,5.132244191220174e-05,0.022898965155350556,5.296938582640704e-05,False,False,1.0,1.8084163105854534,6.233079502291572e-09,0.3213050500601629,0.5346276992250649,1.0,1.1235342438263423,3.5193482127958686e-07,0.07367152344174135,0.8896926406897679,0.2876276132164089,0.07307532538256244,0.023795330012761795,0.0003902224699054186,True,ANP6,125.0,8.0,7.76068019011021e+19,$(U_{0.8}Pu_{0.2})N$,2.3795330012761795,0.06586603894911848,92.53383404263396,0.5520809393692504,6.848218979047683,0.0,1.339943842783304e+19,6.2402575210158e-08,ok,
18,TRIAL_018,ANP6,1200.0,3.2,7.76068019011021e+19,0.00040027618581248267,360000.1679803875,15236964159103.967,23.266565222719763,2.263750466667708,172626194755274.16,1.0,40,TRIAL_018_ANP6,rizk2025_refit_plot,rizk2025_refit_full,15236964159103.967,1.7290429412912003e+23,2.4327000659377405e+26,1.4539092136598765e+24,9.843720111439249e+23,5.476418746767959e+18,1.7973417685386697,26.068433169186495,2.394086662518337,0.04063778650903703,2.434724449027374,0.5740551633890448,3.0087796124164186,29585336523337.594,7.396334130834398e+18,85.56698188514471,0.5,42166905.957588024,25944586.9316727,1.6252679631646554,1235228187.3236868,1235157407.9341478,85178344.93322206,85160469.20012411,1.0000573039428695,1.0002099064655918,0.06577254998489815,92.5395679101341,0.553065017329971,6.841594522551033,4.569268170180818,2.2723263523702153,1.798533083955164e+25,1.2011790448039045e+25,5.973540391512596e+24,2.6288215094111468e+26,2.569086105496021e+26,1.00101666703391,1.2206976526796331e+17,0.004062962474904854,3.766755439671466e-06,9.451488163471335e-09,9.451488163471335e-09,0.00044737425652149334,0.00044737425652149334,5.012544448427046e+19,8.387625406211105e-06,14113998.628416095,3.2,15236964159103.967,0.0,2.4320954226809054e-26,7.42050387089563e-23,1.7973417685386698e-09,2.6068433169186498e-08,1.1168781164477987e+26,9.679936309141832e+24,2.4489682010156304e+26,0.02394086662518337,0.04063778650903703,0.5740551633890448,0.02434724449027374,0.030087796124164186,1624019.444708884,21841572.26010094,7.761347084035593e-22,8.556698188514472e-08,1.690026407526541e-14,0.03407359027997264,1.0,9.229612338152461e-19,6.611179243465562e-23,1.538194330671826e-21,3.503783313863259e-20,1.8625632456264503e+19,15236964159103.967,0.022915000256660326,5.2978566343125635e-05,1.6216846584563576e-05,6.2938198658447055e-06,1.6216846584563576e-05,6.2938198658447055e-06,7.544944955138214e-31,8.735358182529985e+18,1.1352159124580651e+17,2.5301965472495938,1.2988461765282372e-21,-2274088.995641545,2.704917572346079e+21,1.8453160026272998e+21,0.0,0.0,0.0,0.0,0.3333333333333333,0.3333333333333333,2.0,2.6067819204802983e-24,1.635620778320907e-20,0.0,9.229586270333256e-19,,0.0,0.0,0.0,0.0,0.0,2.6067819204802983e-24,9.229586270333256e-19,0.017721446127913074,2.089353923765467e-18,3.503783313863259e-26,6.607675460151699e-23,,,3.503783313863259e-26,6.607675460151699e-23,,1.4453593647030202e-07,3.825406763419458,14951442827687.775,1.669115734386601e-06,5.1309450608739036e-05,1.669115734386601e-06,5.1309450608739036e-05,0.022915000256660326,5.2978566343125635e-05,False,False,1.0,1.8106706351809236,6.236403308836696e-09,0.32187225165436806,0.5338648862105887,1.0,1.1253929647559555,3.519423875742878e-07,0.07466634422890427,0.8882086184416972,0.28821281621473255,0.0740701711479831,0.02394086662518337,0.0004063778650903703,True,ANP6,125.0,8.0,7.76068019011021e+19,$(U_{0.8}Pu_{0.2})N$,2.394086662518337,0.06577254998489815,92.5395679101341,0.553065017329971,4.569268170180818,2.2723263523702153,7.396334130834398e+18,8.556698188514472e-08,ok,
18,TRIAL_018,ANP6,1250.0,3.2,7.76068019011021e+19,0.00040027618581248267,360000.1679803875,15236964159103.967,23.266565222719763,2.263750466667708,172626194755274.16,1.0,40,TRIAL_018_ANP6,rizk2025_refit_plot,rizk2025_refit_full,15236964159103.967,1.726571260828896e+23,2.4328512544835548e+26,1.4563698795381466e+24,9.827942452698096e+23,5.476059205217153e+18,1.8019571665288963,26.416016707544596,2.408710491019466,0.04228231292392816,2.4509928039433944,0.7135177299959127,3.164510533939307,19150240404752.484,4.787560101188121e+18,106.35486373269148,0.5,26385771.211552817,20873516.471984476,1.2640788746336369,1232043180.1062849,1231993768.351541,84051945.3523825,84039922.61883879,1.0000401071466538,1.0001430597883607,0.06567852760819985,92.54531910112495,0.5540010511646992,6.835001320102184,3.672474076239682,3.1625272438625025,1.7967998487138205e+25,9.654278844373708e+24,8.313719642764497e+24,2.6288215094111468e+26,2.545684312983502e+26,1.001057840485484,1.2172307818187466e+17,0.004056170725308655,3.7601441862900306e-06,9.940379265944402e-09,9.940379265944402e-09,0.000464973275226751,0.000464973275226751,5.206423284907734e+19,8.710046501078141e-06,14113998.628416095,3.2,15236964159103.967,0.0,2.4508797264662404e-26,7.721303101260289e-23,1.8019571665288965e-09,2.64160167075446e-08,1.1664947888015423e+26,1.0235689287717359e+25,2.449141524539765e+26,0.02408710491019466,0.04228231292392816,0.7135177299959127,0.024509928039433942,0.03164510533939307,2016534.2346256545,45147008.86965069,1.4903577499086438e-21,1.0635486373269149e-07,2.610933280377597e-14,0.03407359027997264,1.0,9.229767552555075e-19,1.1334130523459807e-22,2.637062870668965e-21,3.0533079764031823e-19,1.8625632456264503e+19,15236964159103.967,0.02293125908912857,5.2988424212928573e-05,1.6204087547669156e-05,6.275404002044137e-06,1.6204087547669156e-05,6.275404002044137e-06,7.946103201094796e-31,9.154906850934215e+18,1.2120206939230571e+17,7.190455773027616,2.7338171650973628e-21,-2005574.5796334848,2.701894330882011e+21,2.0207681224059545e+21,0.0,0.0,0.0,0.0,0.3333333333333333,0.3333333333333333,2.0,1.8128222181985484e-23,1.4206355952567515e-20,0.0,9.229586270333256e-19,,0.0,0.0,0.0,0.0,0.0,1.8128222181985484e-23,9.229586270333256e-19,0.015391889201624338,2.089389060433102e-18,3.0533079764031822e-25,1.1303597443695776e-22,,,3.0533079764031822e-25,1.1303597443695776e-22,,1.4453593647030202e-07,3.825406763419458,14947654847633.92,1.6911103108761816e-06,5.129731390205239e-05,1.6911103108761816e-06,5.129731390205239e-05,0.02293125908912857,5.2988424212928573e-05,False,False,1.0,1.81293076551264,6.239738839590836e-09,0.3224398487290449,0.5331018523069291,1.0,1.1272404709681798,3.519500896918788e-07,0.07565229014982416,0.8867380539789463,0.2887984566799282,0.07505614339816609,0.02408710491019466,0.00042282312923928156,True,ANP6,125.0,8.0,7.76068019011021e+19,$(U_{0.8}Pu_{0.2})N$,2.408710491019466,0.06567852760819985,92.54531910112495,0.5540010511646992,3.672474076239682,3.1625272438625025,4.787560101188121e+18,1.0635486373269149e-07,ok,
18,TRIAL_018,ANP6,1300.0,3.2,7.76068019011021e+19,0.00040027618581248267,360000.1679803875,15236964159103.967,23.266565222719763,2.263750466667708,172626194755274.16,1.0,40,TRIAL_018_ANP6,rizk2025_refit_plot,rizk2025_refit_full,15236964159103.967,1.7239945053643435e+23,2.4330006264660937e+26,1.4587341082973817e+24,9.811891503733765e+23,5.475693102649747e+18,1.8065986871319082,26.760852317773892,2.423407331778663,0.04395694814554959,2.467364279924212,0.824432375068714,3.2917966549929263,14344112834139.363,3.586028208534841e+18,122.8874759815073,0.5,19719212.432503257,18065307.162253674,1.0915514613394073,1228865144.9264624,1228828525.013706,82965458.25139241,82956999.0386865,1.0000298006695083,1.0001019710549313,0.06558050819321379,92.5510011903046,0.5549004004551593,6.82851790104703,3.151253588348343,3.677264312698687,1.795095473567149e+25,8.284083214659184e+24,9.666871521012305e+24,2.6288215094111468e+26,2.5321527942010236e+26,1.0010997702035984,1.2137193879173405e+17,0.004049269704611318,3.7537989049535645e-06,1.0465738760776795e-08,1.0465738760776795e-08,0.00048291369147679007,0.00048291369147679007,5.404241834707365e+19,9.019106560771281e-06,14113998.628416095,3.2,15236964159103.967,0.0,2.469867640562956e-26,8.027650074887934e-23,1.8065986871319083e-09,2.6760852317773893e-08,1.2163666633714021e+26,1.0802028928340327e+25,2.449311962054432e+26,0.02423407331778663,0.04395694814554959,0.824432375068714,0.024673642799242123,0.03291796654992926,2310099.846661231,71972684.25125244,2.2990125206113648e-21,1.228874759815073e-07,3.4857506057118216e-14,0.03407359027997264,1.0,9.23067223883602e-19,1.8677388802971109e-22,4.3455868477442306e-21,2.2525702314749626e-18,1.8625632456264503e+19,15236964159103.967,0.022948871089861506,5.3002512563590386e-05,1.6191276991251375e-05,6.257580091560168e-06,1.6191276991251375e-05,6.257580091560168e-06,8.37712505740412e-31,9.56947105437213e+18,1.2944644014902845e+17,15.287121119927026,4.838075173277719e-21,-1991454.9386936447,2.6989139988556494e+21,2.2986523951176436e+21,0.0,0.0,0.0,0.0,0.3333333333333333,0.3333333333333333,2.0,1.085968502764781e-22,9.755018938795317e-21,0.0,9.229586270333256e-19,,0.0,0.0,0.0,0.0,0.0,1.085968502764781e-22,9.229586270333256e-19,0.01056804822703294,2.0895938588321695e-18,2.2525702314749626e-24,1.8452131779823613e-22,,,2.2525702314749626e-24,1.8452131779823613e-22,,1.4453593647030202e-07,3.825406763419458,14943897816844.76,1.7130652151501267e-06,5.1289447348440256e-05,1.7130652151501267e-06,5.1289447348440256e-05,0.022948871089861506,5.3002512563590386e-05,False,False,1.0,1.8151959830360243,6.243139480781913e-09,0.32300765653638813,0.532338846921998,1.0,1.1290785003751753,3.519579330411974e-07,0.07663035341824392,0.885279464677263,0.2893846377618353,0.07603423442983859,0.02423407331778663,0.0004395694814554959,True,ANP6,125.0,8.0,7.76068019011021e+19,$(U_{0.8}Pu_{0.2})N$,2.423407331778663,0.06558050819321379,92.5510011903046,0.5549004004551593,3.151253588348343,3.677264312698687,3.586028208534841e+18,1.228874759815073e-07,ok,
18,TRIAL_018,ANP6,1350.0,3.2,7.76068019011021e+19,0.00040027618581248267,360000.1679803875,15236964159103.967,23.266565222719763,2.263750466667708,172626194755274.16,1.0,40,TRIAL_018_ANP6,rizk2025_refit_plot,rizk2025_refit_full,15236964159103.967,1.7208785961662385e+23,2.4331374686443768e+26,1.461118099090252e+24,9.794372640435029e+23,5.475319429913602e+18,1.8113416550982082,27.10394695518984,2.438183323629999,0.04566628538261941,2.4838496090126183,0.8942363040379996,3.378085913050618,12192118474829.85,3.048029618707462e+18,133.29224525553408,0.5000000000000001,17073829.797959387,16655132.455335615,1.0251392382346163,1225639181.0710344,1225610857.980095,81912986.793091,81906889.93268253,1.000023109366856,1.000074436477975,0.06546197944613263,92.55620664749496,0.5558072671953832,6.822524105863541,2.8909555101792987,3.931568595684242,1.7935198117970128e+25,7.599806027910017e+24,1.033539209006011e+25,2.6288215094111468e+26,2.5254675885105457e+26,1.0011425713238353,1.2099403981924106e+17,0.004041782314886968,3.7474183101931396e-06,1.1036420159077731e-08,1.1036420159077731e-08,0.0005012309037996337,0.0005012309037996337,5.604488135187655e+19,9.323464126260454e-06,14113998.628416095,3.2,15236964159103.967,0.0,2.489371614843627e-26,8.340387436234018e-23,1.8113416550982084e-09,2.710394695518984e-08,1.26654592325325e+26,1.1380189379162299e+25,2.4494695282314455e+26,0.02438183323629999,0.04566628538261941,0.8942363040379996,0.024838496090126182,0.03378085913050618,2493350.4521300443,93168543.84286253,2.9338176327079347e-21,1.3329224525553408e-07,4.101010017514434e-14,0.03407359027997259,1.0,9.235283837640407e-19,3.0343633300233184e-22,7.059921232741667e-21,1.4331663655150738e-17,1.8625632456264503e+19,15236964159103.967,0.022973245457568455,5.303784395620914e-05,1.6178207892040124e-05,6.240271487733025e-06,1.6178207892040124e-05,6.240271487733025e-06,8.845174870644416e-31,9.981822304361673e+18,1.383889676077239e+17,23.59066587141863,6.773551597192657e-21,-2014411.424015756,2.696120148949161e+21,2.509594576559033e+21,0.0,0.0,0.0,0.0,0.3333333333333333,0.3333333333333333,2.0,5.697567307150379e-22,5.580606868254579e-21,0.0,9.229586270333256e-19,,0.0,0.0,0.0,0.0,0.0,5.697567307150379e-22,9.229586270333256e-19,0.006042702061315758,2.090637809726721e-18,1.433166365515074e-23,2.891046693471811e-22,,,1.433166365515074e-23,2.891046693471811e-22,,1.4453593647030202e-07,3.825406763419458,14940160771987.256,1.735605093597187e-06,5.130223886261195e-05,1.735605093597187e-06,5.130223886261195e-05,0.022973245457568455,5.303784395620914e-05,False,False,1.0,1.817461756714825,6.246859599446236e-09,0.3235745387300266,0.5315773970074411,1.0,1.1309123288262555,3.5196593927978767e-07,0.0776033892316365,0.8838285910555916,0.28997159149502727,0.07700729979853234,0.02438183323629999,0.0004566628538261941,True,ANP6,125.0,8.0,7.76068019011021e+19,$(U_{0.8}Pu_{0.2})N$,2.438183323629999,0.06546197944613263,92.55620664749496,0.5558072671953832,2.8909555101792987,3.931568595684242,3.048029618707462e+18,1.3329224525553408e-07,ok,
18,TRIAL_018,ANP6,1400.0,3.2,7.76068019011021e+19,0.00040027618581248267,360000.1679803875,15236964159103.967,23.266565222719763,2.263750466667708,172626194755274.16,1.0,40,TRIAL_018_ANP6,rizk2025_refit_plot,rizk2025_refit_full,15236964159103.967,1.71539322479186e+23,2.4332166495340197e+26,1.46399506154623e+24,9.770342894018139e+23,5.474933672934491e+18,1.8165057746028705,27.449304976162242,2.453063347183904,0.04743091785279211,2.500494265036696,0.940998708839294,3.44149297387599,11010466344170.994,2.7526165860427484e+18,140.26251240009836,0.5,15930197.190516552,15827464.958473418,1.006490757194072,1222148799.4355328,1222126585.5790317,80880666.92843068,80876364.69950373,1.0000181763957705,1.000053195132384,0.06525331669155836,92.55921867738589,0.5569016596619993,6.818626346260586,2.7569719028409145,4.0616544434196715,1.7924951603687366e+25,7.247587039030373e+24,1.0677364564656992e+25,2.6288215094111468e+26,2.5220478637645777e+26,1.0011867596408583,1.2049545845686774e+17,0.004031694301412569,3.7397905351255335e-06,1.168610389218548e-08,1.168610389218548e-08,0.0005201390240080517,0.0005201390240080517,5.803881173741631e+19,9.633080926307385e-06,14113998.628416095,3.2,15236964159103.967,0.0,2.5107239057963707e-26,8.663286294639215e-23,1.8165057746028707e-09,2.7449304976162244e-08,1.3172490435880094e+26,1.1975842779828146e+25,2.4495719933742738e+26,0.02453063347183904,0.04743091785279211,0.940998708839294,0.02500494265036696,0.0344149297387599,2632980.9519348065,109354778.04312071,3.418560774539634e-21,1.4026251240009836e-07,4.5411337210499074e-14,0.03407359027997264,1.0,9.256141022594044e-19,5.167759547233053e-22,1.2023601456103057e-20,7.989389038480301e-17,1.8625632456264503e+19,15236964159103.967,0.023027317311638255,5.316655346600409e-05,1.6164002977476267e-05,6.223261931912263e-06,1.6164002977476267e-05,6.223261931912263e-06,9.377336422583722e-31,1.0395813535495205e+19,1.485383567332253e+17,30.444810382439698,8.245920461679805e-21,-2000037.8095904433,2.6941197658372524e+21,2.631225016616571e+21,0.0,0.0,0.0,0.0,0.3333333333333333,0.3333333333333333,2.0,2.6554752260788454e-21,2.7719141772846878e-21,0.0,9.229586270333256e-19,,0.0,0.0,0.0,0.0,0.0,2.6554752260788454e-21,9.229586270333256e-19,0.0029946758271276377,2.0953593559439382e-18,7.989389038480301e-23,4.368820643385022e-22,,,7.989389038480301e-23,4.368820643385022e-22,,1.4453593647030202e-07,3.825406763419458,14936400130658.117,1.761395039612109e-06,5.140515842639198e-05,1.761395039612109e-06,5.140515842639198e-05,0.023027317311638255,5.316655346600409e-05,False,False,1.0,1.8197087706150366,6.2519767595466705e-09,0.3241356787299287,0.5308239673685221,1.0,1.132763377787009,3.519742051721269e-07,0.07858275043944726,0.8823685083532647,0.29056028610819934,0.07798669390204101,0.02453063347183904,0.00047430917852792114,True,ANP6,125.0,8.0,7.76068019011021e+19,$(U_{0.8}Pu_{0.2})N$,2.453063347183904,0.06525331669155836,92.55921867738589,0.5569016596619993,2.7569719028409145,4.0616544434196715,2.7526165860427484e+18,1.4026251240009836e-07,ok,
18,TRIAL_018,ANP6,1450.0,3.2,7.76068019011021e+19,0.00040027618581248267,360000.1679803875,15236964159103.967,23.266565222719763,2.263750466667708,172626194755274.16,1.0,40,TRIAL_018_ANP6,rizk2025_refit_plot,rizk2025_refit_full,15236964159103.967,1.700706824272411e+23,2.4330682539839452e+26,1.469136908461102e+24,9.720885703828175e+23,5.474517898564704e+18,1.82330376709995,27.812077147610502,2.46814990799349,0.04933268639929389,2.517482594392784,0.9827359006660378,3.5002184950588218,10095088378724.01,2.5237720946810025e+18,146.48373601194044,0.49999999999999994,15184416.755417041,15155266.109672679,1.0019234664395473,1217587285.5330367,1217570017.7107704,79824227.84406191,79821438.29881953,1.0000141822006252,1.0000349473186882,0.06469464808409026,92.55357373155967,0.5588576109871327,6.822874009369123,2.6637203973029764,4.159153612066146,1.7936117951831818e+25,7.002445475487269e+24,1.093367247634455e+25,2.6288215094111468e+26,2.519484784647701e+26,1.0012343848866474,1.1952546450577432e+17,0.00401144951234491,3.726418512298347e-06,1.2497871312407396e-08,1.2497871312407396e-08,0.000540523962220746,0.000540523962220746,5.991727394112494e+19,9.96781186645775e-06,14113998.628416095,3.2,15236964159103.967,0.0,2.5390175167078755e-26,9.01132982179633e-23,1.82330376709995e-09,2.7812077147610505e-08,1.3693212638498882e+26,1.261184741263256e+25,2.4494603298928286e+26,0.0246814990799349,0.04933268639929389,0.9827359006660378,0.02517482594392784,0.03500218495058822,2774595.016025945,125213931.33091767,3.893916977437112e-21,1.4648373601194044e-07,4.9529036422680484e-14,0.0340735902799727,1.0,9.34088619014059e-19,1.03501318176948e-21,2.408120170001431e-20,3.956100289530877e-16,1.8625632456264503e+19,15236964159103.967,0.02319807130989555,5.366278385347234e-05,1.614534292816781e-05,6.205825247892871e-06,1.614534292816781e-05,6.205825247892871e-06,1.0040377700595701e-30,1.0818273866867993e+19,1.6115134760749466e+17,38.108853630144424,9.826734583950416e-21,-2003695.485080797,2.695198019333271e+21,2.7778154424605564e+21,0.0,0.0,0.0,0.0,0.3333333333333333,0.3333333333333333,2.0,1.1129991980733449e-20,1.2351760164789186e-21,0.0,9.229586270333256e-19,,0.0,0.0,0.0,0.0,0.0,1.1129991980733449e-20,9.229586270333256e-19,0.0013223327972699858,2.114543547202071e-18,3.9561002895308766e-22,6.394031528163924e-22,,,3.9561002895308766e-22,6.394031528163924e-22,,1.4453593647030202e-07,3.825406763419458,14932451045756.21,1.8006979594119378e-06,5.1862085894060405e-05,1.8006979594119378e-06,5.1862085894060405e-05,0.02319807130989555,5.366278385347234e-05,False,False,1.0,1.8218655548658598,6.262561738288475e-09,0.3246733068192241,0.5301023938330127,1.0,1.1347133036160217,3.5198311509229803e-07,0.0796113884284219,0.8808352047792106,0.2911547264690076,0.07901537189485425,0.0246814990799349,0.0004933268639929389,True,ANP6,125.0,8.0,7.76068019011021e+19,$(U_{0.8}Pu_{0.2})N$,2.46814990799349,0.06469464808409026,92.55357373155967,0.5588576109871327,2.6637203973029764,4.159153612066146,2.5237720946810025e+18,1.4648373601194044e-07,ok,
18,TRIAL_018,ANP6,1500.0,3.2,7.76068019011021e+19,0.00040027618581248267,360000.1679803875,15236964159103.967,23.266565222719763,2.263750466667708,172626194755274.16,1.0,40,TRIAL_018_ANP6,rizk2025_refit_plot,rizk2025_refit_full,15236964159103.967,1.654788003770637e+23,2.4321231356422815e+26,1.4824774547353146e+24,9.583884333413119e+23,5.474008916597654e+18,1.8358198054371422,28.24360167323945,2.4838211768429916,0.05165999306026794,2.5354811699032593,1.0295725629173642,3.5650537328206235,9197501084661.684,2.2993752711654208e+18,153.46507175458905,0.49999999999999994,14476844.26318698,14465832.352719802,1.0007612358693696,1209282807.0473928,1209269010.730265,78603565.28095242,78601873.29094891,1.0000114088073089,1.0000215260773397,0.0629479026189689,92.51762156294417,0.5639323360022979,6.855498198434568,2.58421033925096,4.271287859183609,1.8021881121774161e+25,6.7934277246656e+24,1.122845339710856e+25,2.6288215094111468e+26,2.5165369754400616e+26,1.001292671100267,1.1694637269825283e+17,0.003956232686414487,3.6925414138903235e-06,1.3518429194823479e-08,1.3518429194823479e-08,0.0005655272891284528,0.0005655272891284528,6.1325348082620105e+19,1.0382885274946553e-05,14113998.628416095,3.2,15236964159103.967,0.0,2.591664392467084e-26,9.437323513235522e-23,1.8358198054371422e-09,2.824360167323945e-08,1.4257129747131822e+26,1.3369657247518503e+25,2.4486026981934055e+26,0.024838211768429916,0.05165999306026794,1.0295725629173642,0.025354811699032594,0.035650537328206236,2954466.724008214,144670379.84442988,4.477618663766586e-21,1.5346507175458904e-07,5.436259212122634e-14,0.0340735902799727,1.0,9.653577892834512e-19,2.6703221709632663e-21,6.212922495639147e-20,1.7607759639859707e-15,1.8625632456264503e+19,15236964159103.967,0.023782246241894255,5.547080381407896e-05,1.6111103674930984e-05,6.1856364044812105e-06,1.6111103674930984e-05,6.1856364044812105e-06,1.0871654204157204e-30,1.126706433048218e+19,1.7694920546746163e+17,49.036981624883424,1.2001795935715234e-20,-2031456.846477941,2.7069958719393203e+21,2.998877809448711e+21,0.0,0.0,0.0,0.0,0.3333333333333333,0.3333333333333333,2.0,4.239916225012569e-20,5.067891913502495e-22,0.0,9.229586270333256e-19,,0.0,0.0,0.0,0.0,0.0,4.239916225012569e-20,9.229586270333256e-19,0.0005249755033586253,2.1853291459917197e-18,1.7607759639859707e-21,9.095462069772957e-22,,,1.7607759639859707e-21,9.095462069772957e-22,,1.4453593647030202e-07,3.825406763419458,14927755134587.809,1.8894592464334025e-06,5.3581344567645555e-05,1.8894592464334025e-06,5.3581344567645555e-05,0.023782246241894255,5.547080381407896e-05,False,False,1.0,1.8237003071608213,6.292262105512072e-09,0.32512990827626037,0.5294897906563538,1.0,1.1370401955052702,3.519940236417175e-07,0.08083483364345914,0.8790118478623714,0.29176964603079064,0.08023886579817996,0.024838211768429916,0.0005165999306026794,True,ANP6,125.0,8.0,7.76068019011021e+19,$(U_{0.8}Pu_{0.2})N$,2.4838211768429916,0.0629479026189689,92.51762156294417,0.5639323360022979,2.58421033925096,4.271287859183609,2.2993752711654208e+18,1.5346507175458907e-07,ok,
18,TRIAL_018,ANP6,1550.0,3.2,7.76068019011021e+19,0.00040027618581248267,360000.1679803875,15236964159103.967,23.266565222719763,2.263750466667708,172626194755274.16,1.0,40,TRIAL_018_ANP6,rizk2025_refit_plot,rizk2025_refit_full,15236964159103.967,1.52246642346119e+23,2.42874315127168e+26,1.5210926269308626e+24,9.19337769126121e+23,5.473213963169546e+18,1.865798080970457,28.892072369163984,2.5012530893916742,0.0552926134371227,2.556545702828797,1.0968235167099125,3.6533692195387095,8104202082308.751,2.0260505205771878e+18,163.4893020235985,0.5,13584857.84731386,13578870.131083924,1.000440958354571,1189851199.16546,1189839362.9204037,76838803.06797491,76837686.5333263,1.0000099477672577,1.0000145310810227,0.05791440833889938,92.38904743349106,0.5786214931235806,6.974416665046465,2.512998925416585,4.46141773962988,1.8334496544669705e+25,6.606225628262218e+24,1.1728270916407487e+25,2.6288215094111468e+26,2.511538800247072e+26,1.0013836591974885,1.0983718100858355e+17,0.0037997181725230715,3.5982765493067956e-06,1.4591888929746864e-08,1.4591888929746864e-08,0.0006047193745251923,0.0006047193745251923,6.12452792838193e+19,1.1027139588955117e-05,14113998.628416095,3.2,15236964159103.967,0.0,2.7207117703531824e-26,1.0102403050419513e-22,1.865798080970457e-09,2.8892072369163985e-08,1.4952155214981077e+26,1.4500732146283306e+25,2.4454765439644497e+26,0.02501253089391674,0.0552926134371227,1.0968235167099125,0.02556545702828797,0.036533692195387095,3260642.1020440375,175817821.2888346,5.413603982577126e-21,1.634893020235985e-07,6.16963884811666e-14,0.03407359027997264,1.0,1.0711233129353537e-18,8.378501496912049e-21,1.9493895154655933e-19,7.11715258415843e-15,1.8625632456264503e+19,15236964159103.967,0.02568355388044189,6.156761484046035e-05,1.602970920415603e-05,6.1563726975123325e-06,1.602970920415603e-05,6.1563726975123325e-06,1.174422957683761e-30,1.179855411587894e+19,1.9362930193248493e+17,65.7444607354554,1.503331035728258e-20,-1975680.4149876814,2.7513907399613596e+21,3.2187844393138347e+21,0.0,0.0,0.0,0.0,0.3333333333333333,0.3333333333333333,2.0,1.4816468590202815e-19,1.9547622806480766e-22,0.0,9.229586270333256e-19,,0.0,0.0,0.0,0.0,0.0,1.4816468590202815e-19,9.229586270333256e-19,0.00018249647421930904,2.4247558995160684e-18,7.11715258415843e-21,1.2613489127536196e-21,,,7.11715258415843e-21,1.2613489127536196e-21,,1.4453593647030202e-07,3.825406763419458,14920701679442.023,2.143938184017587e-06,5.942367665644277e-05,2.143938184017587e-06,5.942367665644277e-05,0.02568355388044189,6.156761484046035e-05,False,False,1.0,1.8245906934801523,6.38012283013672e-09,0.3253512434062244,0.52919290768332,1.0,1.140552157771938,3.520110640832983e-07,0.08267308820781764,0.8762728963332796,0.2924506197358734,0.08207716978675265,0.02501253089391674,0.000552926134371227,True,ANP6,125.0,8.0,7.76068019011021e+19,$(U_{0.8}Pu_{0.2})N$,2.5012530893916742,0.05791440833889938,92.38904743349106,0.5786214931235806,2.512998925416585,4.46141773962988,2.0260505205771878e+18,1.634893020235985e-07,ok,
18,TRIAL_018,ANP6,1600.0,3.2,7.76068019011021e+19,0.00040027618581248267,360000.1679803875,15236964159103.967,23.266565222719763,2.263750466667708,172626194755274.16,1.0,40,TRIAL_018_ANP6,rizk2025_refit_plot,rizk2025_refit_full,15236964159103.967,1.2302354380680152e+23,2.419287870743412e+26,1.6228954104791983e+24,8.263901791978734e+23,5.471665067843019e+18,1.9389049076510985,30.077883999578816,2.52315125807214,0.06236629648066817,2.5855175545528084,1.2211604122464177,3.806677966799226,6537900926559.6455,1.6344752316399114e+18,182.02259562767853,0.5,12200699.4082859,12196288.006687589,1.0003617003465228,1144986524.926776,1144976213.7584338,73809221.24995394,73808383.59610294,1.0000090055742803,1.000011349033947,0.04679798280955129,92.02936989378674,0.6173471286160943,7.306484994787606,2.4505790532791294,4.8559059415084755,1.9207444912487447e+25,6.442134925772579e+24,1.2765309986714867e+25,2.6288215094111468e+26,2.501168409543998e+26,1.001560873968376,9.385804801748598e+16,0.003427629195590026,3.3716010922863456e-06,1.5620085810766908e-08,1.5620085810766908e-08,0.0006813399937449565,0.0006813399937449565,5.766289713555536e+19,1.2221257160995098e-05,14113998.628416095,3.2,15236964159103.967,0.0,3.053220284540662e-26,1.139804715884292e-22,1.9389049076510984e-09,3.0077883999578815e-08,1.5976819081512452e+26,1.662581921466808e+25,2.4367470602862723e+26,0.0252315125807214,0.06236629648066817,1.2211604122464177,0.025855175545528082,0.03806677966799226,3941408.7170406478,244269863.76988268,7.471268995744865e-21,1.8202259562767852e-07,7.647714543498114e-14,0.03407359027997264,1.0,1.4017765731852965e-18,2.8072866441166047e-20,6.531591780420907e-19,2.6363059898109156e-14,1.8625632456264503e+19,15236964159103.967,0.03127779405932599,8.06197246487161e-05,1.5834853112380172e-05,6.105960551795555e-06,1.5834853112380172e-05,6.105960551795555e-06,1.2574489923668337e-30,1.2542942380506092e+19,2.0987185484993578e+17,100.34961104251781,2.0519291811365013e-20,-1755100.4764203157,2.87638227859561e+21,3.4564121521816055e+21,0.0,0.0,0.0,0.0,0.3333333333333333,0.3333333333333333,2.0,4.788179461519709e-19,7.206892439595517e-23,0.0,9.229586270333256e-19,,0.0,0.0,0.0,0.0,0.0,4.788179461519709e-19,9.229586270333256e-19,5.141256158404111e-05,3.1732723717120756e-18,2.6363059898109155e-20,1.7098065430568916e-21,,,2.6363059898109155e-20,1.7098065430568916e-21,,1.4453593647030202e-07,3.825406763419458,14907814421155.123,2.919267254159422e-06,7.770045739455667e-05,2.919267254159422e-06,7.770045739455667e-05,0.03127779405932599,8.06197246487161e-05,False,False,1.0,1.8233921544114484,6.610879439954231e-09,0.3250532688135603,0.5295926004406973,1.0,1.147021687007522,3.520442757809033e-07,0.08603365579092727,0.8712679178370926,0.2933015977603503,0.08543778585952481,0.0252315125807214,0.0006236629648066817,True,ANP6,125.0,8.0,7.76068019011021e+19,$(U_{0.8}Pu_{0.2})N$,2.52315125807214,0.04679798280955129,92.02936989378674,0.6173471286160943,2.4505790532791294,4.8559059415084755,1.6344752316399114e+18,1.8202259562767855e-07,ok,
18,TRIAL_018,ANP6,1650.0,3.2,7.76068019011021e+19,0.00040027618581248267,360000.1679803875,15236964159103.967,23.266565222719763,2.263750466667708,172626194755274.16,1.0,40,TRIAL_018_ANP6,rizk2025_refit_plot,rizk2025_refit_full,15236964159103.967,8.15318368390099e+22,2.3987547196037955e+26,1.8405823778607302e+24,6.687400065092513e+23,5.468578962512066e+18,2.088852650492783,32.19703399227431,2.5531088499073777,0.07645584543435988,2.6295646953417373,1.4762862083700787,4.105850903711817,4473450578135.375,1.1183626445338437e+18,220.0508998179358,0.5,10092330.595504161,10088574.969867283,1.000372265225574,1062792751.8092377,1062784394.8094081,68951082.64207569,68950450.54562138,1.0000078633068668,1.000009167401363,0.031014595911942663,91.24829171612772,0.7001549444385894,8.020538743521746,2.397617925069254,5.622920818452493,2.108456476603542e+25,6.302909572771778e+24,1.4781655193263642e+25,2.6288215094111468e+26,2.4810049574785108e+26,1.0019139922760298,6.9526308855212616e+16,0.002795714833179415,2.971155262923007e-06,1.6518973723880304e-08,1.6518973723880304e-08,0.0008344777539450142,0.0008344777539450142,4.9074560222117315e+19,1.4154541249835785e-05,14113998.628416095,3.2,15236964159103.967,0.0,3.817789910961545e-26,1.3980934710548433e-22,2.0888526504927832e-09,3.219703399227431e-08,1.7599663518396153e+26,2.081523299056786e+25,2.417975861750793e+26,0.025531088499073776,0.07645584543435988,1.4762862083700787,0.026295646953417375,0.04105850903711816,5635837.001153556,435445756.0106964,1.320042488530565e-20,2.200508998179358e-07,1.1177054295487717e-13,0.03407359027997264,1.0,2.364150646143271e-18,9.247330480694055e-20,2.151536177651127e-18,9.020265555838444e-14,1.8625632456264503e+19,15236964159103.967,0.04566649191183249,0.00013610770306279096,1.5451196404510716e-05,6.024686056368202e-06,1.5451196404510716e-05,6.024686056368202e-06,1.32877552782855e-30,1.3671234531146705e+19,2.248594237682721e+17,201.80982955160238,3.396074861726193e-20,-1360054.627205358,3.146558657360925e+21,3.8298947822999747e+21,0.0,0.0,0.0,0.0,0.3333333333333333,0.3333333333333333,2.0,1.441192019109945e-18,2.5738368843747513e-23,0.0,9.229586270333256e-19,,0.0,0.0,0.0,0.0,0.0,1.441192019109945e-18,9.229586270333256e-19,1.0886941103239548e-05,5.351847128479593e-18,9.020265555838444e-20,2.2706492485561157e-21,,,9.020265555838444e-20,2.2706492485561157e-21,,1.4453593647030202e-07,3.825406763419458,14884822394415.096,5.2649710605612805e-06,0.00013084273200222968,5.2649710605612805e-06,0.00013084273200222968,0.04566649191183249,0.00013610770306279096,False,False,1.0,1.8193468016622487,7.094181186689638e-09,0.3240453557384837,0.5309452212880972,1.0,1.1587369020087983,3.5211048648643166e-07,0.09203595128532568,0.8623358736879174,0.2944578321026767,0.0914401433734513,0.025531088499073776,0.0007645584543435987,True,ANP6,125.0,8.0,7.76068019011021e+19,$(U_{0.8}Pu_{0.2})N$,2.5531088499073777,0.031014595911942663,91.24829171612772,0.7001549444385894,2.397617925069254,5.622920818452493,1.1183626445338437e+18,2.2005089981793582e-07,ok,
18,TRIAL_018,ANP6,1700.0,3.2,7.76068019011021e+19,0.00040027618581248267,360000.1679803875,15236964159103.967,23.266565222719763,2.263750466667708,172626194755274.16,1.0,40,TRIAL_018_ANP6,rizk2025_refit_plot,rizk2025_refit_full,15236964159103.967,4.546638661855703e+22,2.3643392674976355e+26,2.2078876157480862e+24,4.8747713095768724e+23,5.463124557634231e+18,2.3329865130543257,35.381391654701495,2.592862819619289,0.10135716267669571,2.6942199822959845,1.9859628168516286,4.680182799147612,2471960591700.7646,6.179901479251912e+17,296.0218028018126,0.5000000000000001,7502762.027627442,7499447.604831649,1.0004419555906567,951576079.9955573,951570010.1898984,62745282.82594506,62744846.8298167,1.00000637872736,1.0000069487161158,0.017295349439202305,89.93913276475149,0.8398773396534824,9.203694546155821,2.351019176125089,6.852675370030733,2.4194870188984485e+25,6.180409779235707e+24,1.801446040974878e+25,2.6288215094111468e+26,2.448676905313659e+26,1.0025385212716174,4.562245926218091e+16,0.002066084126559785,2.474393599770274e-06,1.6811275106331337e-08,1.6811275106331337e-08,0.001106390495281987,0.001106390495281987,3.746367404471087e+19,1.6601190822584418e-05,14113998.628416095,3.2,15236964159103.967,0.0,5.318942479466484e-26,1.8552965726373214e-22,2.3329865130543257e-09,3.53813916547015e-08,1.9961738509320702e+26,2.82701404313699e+25,2.386872807521302e+26,0.02592862819619289,0.10135716267669571,1.9859628168516286,0.026942199822959846,0.04680182799147613,10000822.50499543,1070894360.0642644,3.2135832966256816e-20,2.960218028018126e-07,2.0226859670768003e-13,0.03407359027997259,1.0,4.988545012933779e-18,2.9005001213446957e-19,6.748467525177295e-18,2.8708990269161864e-13,1.8625632456264503e+19,15236964159103.967,0.07770070925099676,0.00028763866597958306,1.4871130807816936e-05,5.920087191995774e-06,1.4871130807816936e-05,5.920087191995774e-06,1.3495965275324011e-30,1.5272093574182152e+19,2.3192874867406544e+17,579.4338375153934,7.208277507458129e-20,-881564.3470023946,3.5982731828267057e+21,4.4051611832472536e+21,0.0,0.0,0.0,0.0,0.3333333333333333,0.3333333333333333,2.0,4.065586385900453e-18,9.000056617340487e-24,0.0,9.229586270333256e-19,,0.0,0.0,0.0,0.0,0.0,4.065586385900453e-18,9.229586270333256e-19,1.804144614112147e-06,1.1292821101021709e-17,2.8708990269161863e-19,2.9601094428509513e-21,,,2.8708990269161863e-19,2.9601094428509513e-21,,1.4453593647030202e-07,3.825406763419458,14850380173510.758,1.2188989260167043e-05,0.000275449676719416,1.2188989260167043e-05,0.000275449676719416,0.07770070925099676,0.00028763866597958306,False,False,1.0,1.813588815739482,7.882619595658274e-09,0.32260490794981617,0.5328800178360331,1.0,1.176714877820629,3.522276302329057e-07,0.10104606045815259,0.8489467649283376,0.2959782831804098,0.10045035630615275,0.02592862819619289,0.0010135716267669571,True,ANP6,125.0,8.0,7.76068019011021e+19,$(U_{0.8}Pu_{0.2})N$,2.592862819619289,0.017295349439202305,89.93913276475149,0.8398773396534824,2.351019176125089,6.852675370030733,6.179901479251912e+17,2.960218028018126e-07,ok,
18,TRIAL_018,ANP6,1750.0,3.2,7.76068019011021e+19,0.00040027618581248267,360000.1679803875,15236964159103.967,23.266565222719763,2.263750466667708,172626194755274.16,1.0,40,TRIAL_018_ANP6,rizk2025_refit_plot,rizk2025_refit_full,15236964159103.967,2.3386715320343343e+22,2.3168335623512396e+26,2.727294641534497e+24,3.324110296961075e+23,5.45460170963693e+18,2.6671480173182323,39.44998469799788,2.641833174337697,0.14027884158405654,2.7821120159217534,2.9728759264380575,5.7549879423598105,1103138902452.4888,2.7578472561312218e+17,443.1281813450239,0.5,5012857.716792183,5009837.093325118,1.0006029384610309,832353792.1276141,832349755.463579,56274056.974077635,56273786.08622546,1.000004849720936,1.000004813748479,0.008896273572252512,88.13202243123033,1.037459040779611,10.821622254417829,2.305619123418054,8.516003130999772,2.8448113349135933e+25,6.061061144151054e+24,2.2387052204984876e+25,2.6288215094111468e+26,2.4049509873612984e+26,1.003515809430753,2.8388259208207864e+16,0.0014368437129807514,2.000019212012473e-06,1.6001281461533316e-08,1.6001281461533316e-08,0.0015347185024807534,0.0015347185024807534,2.665685356536853e+19,1.9901639265287517e-05,14113998.628416095,3.2,15236964159103.967,0.0,7.947489518482221e-26,2.5717522387788388e-22,2.6671480173182326e-09,3.944998469799788e-08,2.3020146561267737e+26,4.00815994966151e+25,2.3443403759197878e+26,0.026418331743376967,0.14027884158405654,2.9728759264380575,0.027821120159217533,0.057549879423598106,21977508.47395974,3625887199.377636,1.0779697533388718e-19,4.431281813450239e-07,4.5325207812760877e-13,0.03407359027997264,1.0,1.1732003472118521e-17,8.590290957143048e-19,1.998665648365085e-17,8.552344067970446e-13,1.8625632456264503e+19,15236964159103.967,0.1409812233337743,0.0006777826108986604,1.4160000213435447e-05,5.810076942612751e-06,1.4160000213435447e-05,5.810076942612751e-06,1.2805562790534615e-30,1.733558962943315e+19,2.235568678170698e+17,2328.956421308667,1.9258913202409264e-19,-469127.77212957275,4.2256145234843465e+21,5.151594447147272e+21,0.0,0.0,0.0,0.0,0.3333333333333333,0.3333333333333333,2.0,1.0809044845085196e-17,3.1079945105556526e-24,0.0,9.229586270333256e-19,,0.0,0.0,0.0,0.0,0.0,1.0809044845085196e-17,9.229586270333256e-19,2.649159214742734e-07,2.655832833495547e-17,8.552344067970446e-19,3.7946889172602315e-21,,,8.552344067970446e-19,3.7946889172602315e-21,,1.4453593647030202e-07,3.825406763419458,14806597705948.756,3.1893058777810616e-05,0.0006458895521208498,3.1893058777810616e-05,0.0006458895521208498,0.1409812233337743,0.0006777826108986604,False,False,1.0,1.8082554596138782,8.955657508153363e-09,0.32126453834119734,0.5346821941359103,1.0,1.2003474656922728,3.5241098772346106e-07,0.11253862823066288,0.8319047053011497,0.29783001484994026,0.11194311566716235,0.026418331743376967,0.0014027884158405654,True,ANP6,125.0,8.0,7.76068019011021e+19,$(U_{0.8}Pu_{0.2})N$,2.641833174337697,0.008896273572252512,88.13202243123033,1.037459040779611,2.305619123418054,8.516003130999772,2.7578472561312218e+17,4.4312818134502393e-07,ok,
18,TRIAL_018,ANP6,1800.0,3.2,7.76068019011021e+19,0.00040027618581248267,360000.1679803875,15236964159103.967,23.266565222719763,2.263750466667708,172626194755274.16,1.0,40,TRIAL_018_ANP6,rizk2025_refit_plot,rizk2025_refit_full,15236964159103.967,1.187902603444853e+22,2.2582611937488943e+26,3.391072752290734e+24,2.197539964566621e+23,5.442294933606689e+18,3.0836312607457237,44.17501027039696,2.6990610654378777,0.1965172420235028,2.895578307461381,4.903059343121734,7.798637650583115,405554728595.4654,1.0138868214886635e+17,730.8356700736769,0.5,3040866.3000033675,3037618.5658483226,1.001069171156497,719933004.0733436,719930436.6447273,50254810.60584427,50254657.24651322,1.000003566217631,1.000003051644155,0.004518764774223648,85.90393777836756,1.289959299309876,12.801584157548355,2.2586761767705075,10.542907980777848,3.365307978790009e+25,5.937656516288844e+24,2.7715423271611244e+25,2.6288215094111468e+26,2.3516672766950348e+26,1.0049303313856688,1.7568500373339286e+16,0.0009740680798578737,1.6048962543571642e-06,1.3996690596654445e-08,1.3996690596654445e-08,0.002160219233374165,0.002160219233374165,1.8532527326294733e+19,2.4590414253606105e-05,14113998.628416095,3.2,15236964159103.967,0.0,1.228219331142022e-25,3.610925986572138e-22,3.083631260745724e-09,4.4175010270396965e-08,2.668319041719915e+26,5.740042843441606e+25,2.2922907115321462e+26,0.02699061065437878,0.1965172420235028,4.903059343121734,0.028955783074613807,0.07798637650583115,58563306.97316627,16382641749.103523,4.835904007434184e-19,7.308356700736769e-07,1.2328792262677384e-12,0.03407359027997264,1.0,2.814113302873205e-17,2.402604106958116e-18,5.590034515891537e-17,2.3978131732901632e-12,1.8625632456264503e+19,15236964159103.967,0.255919684328028,0.0016294140211283875,1.3390810523200172e-05,5.706882910892454e-06,1.3390810523200172e-05,5.706882910892454e-06,1.1155418228682706e-30,1.9832542290714698e+19,1.9787623474535027e+17,12320.484646975987,6.154792223672984e-19,-202663.65359293987,5.009491086430775e+21,5.930257165216156e+21,0.0,0.0,0.0,0.0,0.3333333333333333,0.3333333333333333,2.0,2.721817440169872e-17,1.0673110184064085e-24,0.0,9.229586270333256e-19,,0.0,0.0,0.0,0.0,0.0,2.721817440169872e-17,9.229586270333256e-19,3.792708052361239e-08,6.370450302635023e-17,2.397813173290163e-18,4.790933667952865e-21,,,2.397813173290163e-18,4.790933667952865e-21,,1.4453593647030202e-07,3.825406763419458,14756138294725.314,8.542184325132587e-05,0.0015439921778770617,8.542184325132587e-05,0.0015439921778770617,0.255919684328028,0.0016294140211283875,False,False,1.0,1.8047407320770885,1.0280420821412199e-08,0.3203779680285848,0.5358751724460303,1.0,1.2287406262856337,3.5267642672427353e-07,0.12585166583015012,0.812219160981794,0.29996522061398423,0.12525648499530606,0.02699061065437878,0.001965172420235028,True,ANP6,125.0,8.0,7.76068019011021e+19,$(U_{0.8}Pu_{0.2})N$,2.6990610654378777,0.004518764774223648,85.90393777836756,1.289959299309876,2.2586761767705075,10.542907980777848,1.0138868214886635e+17,7.308356700736769e-07,ok,
18,TRIAL_018,AP3.2,900.0,1.1,5.767844763153473e+19,0.00040027618581248267,360000.1679803875,15236964159103.967,23.266565222719763,2.263750466667708,172626194755274.16,1.0,40,TRIAL_018_AP3p2,rizk2025_refit_plot,rizk2025_refit_full,15236964159103.967,1.6031848867032996e+23,8.30090905479531e+25,1.3058473587768678e+24,3.967741099802297e+23,5.479241983669945e+18,1.6766122443488976,22.93366113505176,0.7833030830937423,0.02768402696798493,0.8109871100617273,0.05010030360331891,0.8610874136650462,123040770199456.86,3.0760192549864215e+19,23.601754107002904,0.1582044396603159,234610472645.75974,94060805.39332885,2494.242651492321,1327046595.0811882,1324098644.4436495,97840896.26494905,96800941.93974797,1.0022263829435285,1.0107432252658077,0.17741069763787307,91.85902877790285,1.4450690799959698,6.518491444463326,6.518491444463326,0.0,5.890482990602625e+24,5.890482990602625e+24,0.0,9.03657393860029e+25,9.036573938600291e+25,1.0006924359331213,7.802993828695909e+16,0.004802948517810803,4.195986745280267e-06,4.461430941670453e-09,4.461430941670453e-09,0.0003117669886817006,0.0003117669886817006,1.5154688556823237e+19,4.109577078220589e-06,6527982.800675924,1.0999999999999999,15236964159103.967,0.0,1.9741789179056374e-26,5.052528625399827e-23,1.6766122443488976e-09,2.2933661135051763e-08,2.6605115911119018e+25,5.676722493501488e+24,8.447525639540029e+25,0.007833030830937423,0.02768402696798493,0.05010030360331891,0.008109871100617273,0.008610874136650461,191496.9479158422,347.1683567298446,1.6287382961632363e-23,2.3601754107002906e-08,1.285788762569159e-15,0.32388085870324235,0.0,6.859556060984681e-19,5.096721272601947e-25,1.1858319791101647e-23,5.119872410101689e-28,1.3842827431568335e+19,15236964159103.967,0.006451464499001697,3.93141147384084e-05,1.230602636993003e-05,4.818622336335121e-06,1.230602636993003e-05,4.818622336335121e-06,5.9714147538448135e-31,4.320886549524905e+18,8.174756487285763e+16,7.497046494241052e-05,1.6603677543179284e-22,-4151953.4686773075,1.114346691192888e+21,0.0,0.0,0.0,0.0,0.0,0.3333333333333333,0.3333333333333333,2.0,2.4966082885114063e-31,9.582238205875211e-25,0.0,6.859556060982184e-19,,0.0,0.0,0.0,0.0,0.0,2.4966082885114063e-31,6.859556060982184e-19,1.3969181271622544e-06,1.5528323234187377e-18,5.119872410101689e-34,5.096721267482075e-25,,,5.119872410101689e-34,5.096721267482075e-25,,1.4453593647030202e-07,3.825406763419458,14985647180297.615,1.0930911990676607e-06,3.8221023539340736e-05,1.0930911990676607e-06,3.8221023539340736e-05,0.006451464499001697,3.93141147384084e-05,False,False,1.0,1.475026925378683,8.442665371241037e-09,0.22346020846903547,0.6703888702499848,1.0,1.1089638809877147,3.51881931915261e-07,0.06577079152935751,0.9014860682529114,0.19859879632481253,0.06517430688130753,0.007833030830937423,0.0002768402696798493,True,AP3.2,100.0,8.3,5.767844763153473e+19,$(U_{0.8}Pu_{0.2})N$,0.7833030830937423,0.17741069763787307,91.85902877790285,1.4450690799959698,6.518491444463326,0.0,3.0760192549864215e+19,2.3601754107002906e-08,ok,
18,TRIAL_018,AP3.2,950.0,1.1,5.767844763153473e+19,0.00040027618581248267,360000.1679803875,15236964159103.967,23.266565222719763,2.263750466667708,172626194755274.16,1.0,40,TRIAL_018_AP3p2,rizk2025_refit_plot,rizk2025_refit_full,15236964159103.967,1.601234654300604e+23,8.301051992806379e+25,1.3097339210276854e+24,3.9606433308557926e+23,5.478931102025593e+18,1.680927154910149,23.318195294840464,0.7879542879673084,0.029098409698861086,0.8170526976661695,0.050233719114941414,0.867286416781111,122971319899810.53,3.0742829974952636e+19,23.627132055027285,0.15845535283537274,37086972194.9366,93959774.50118147,394.7111664733749,1321898202.9654117,1320699706.418073,95619509.64843234,95204623.33940619,1.0009074708970664,1.0043578378283906,0.17719488217330132,91.86061055006607,1.4493700045246962,6.512824563235926,6.512824563235926,0.0,5.885362071481358e+24,5.885362071481358e+24,0.0,9.03657393860029e+25,9.03657393860029e+25,1.0007278314153942,7.78402309955886e+16,0.004794232435280905,4.1832976436606496e-06,4.566912379081646e-09,4.566912379081646e-09,0.00032598146139840297,0.00032598146139840297,1.3502167604606788e+19,4.596047268616127e-06,6527982.800675924,1.0999999999999999,15236964159103.967,0.0,1.989460353141801e-26,5.310964704064856e-23,1.6809271549101491e-09,2.3318195294840466e-08,2.8193038820269573e+25,6.149549912603635e+24,8.448037731452154e+25,0.007879542879673084,0.029098409698861086,0.050233719114941414,0.008170526976661695,0.00867286416781111,191438.52652070054,2317.4732597557777,1.6339978835998105e-23,2.3627132055027286e-08,1.28855535554528e-15,0.3233195335882679,0.0,6.85955606105717e-19,1.426046189772508e-24,3.317919668495306e-23,2.2845010932250072e-26,1.3842827431568335e+19,15236964159103.967,0.0064546520147050505,3.932150296551079e-05,1.2296790517396454e-05,4.7994202839161756e-06,1.2296790517396454e-05,4.7994202839161756e-06,6.124239993198045e-31,4.614806737284994e+18,8.47888566765778e+16,0.0005007730170215283,1.6650958404593018e-22,-4157929.9668102055,1.1132951790372803e+21,0.0,0.0,0.0,0.0,0.0,0.3333333333333333,0.3333333333333333,2.0,7.498646671560408e-30,3.5732345885189943e-23,0.0,6.859556060982184e-19,,0.0,0.0,0.0,0.0,0.0,7.498646671560408e-30,6.859556060982184e-19,5.209133880842283e-05,1.5528323234351474e-18,2.284501093225007e-32,1.4260461669274971e-24,,,2.284501093225007e-32,1.4260461669274971e-24,,1.4453593647030202e-07,3.825406763419458,14981447757737.14,1.1111900895503755e-06,3.821031287596042e-05,1.1111900895503755e-06,3.821031287596042e-05,0.0064546520147050505,3.932150296551079e-05,False,False,1.0,1.4761266960142752,8.447705740368547e-09,0.2238376430443188,0.669851036654356,1.0,1.1109567727717022,3.518885871550578e-07,0.06686232249148803,0.8998559726149468,0.19899110992559815,0.06626584669846605,0.007879542879673084,0.00029098409698861087,True,AP3.2,100.0,8.3,5.767844763153473e+19,$(U_{0.8}Pu_{0.2})N$,0.7879542879673084,0.17719488217330132,91.86061055006607,1.4493700045246962,6.512824563235926,0.0,3.0742829974952636e+19,2.3627132055027286e-08,ok,
18,TRIAL_018,AP3.2,1000.0,1.1,5.767844763153473e+19,0.00040027618581248267,360000.1679803875,15236964159103.967,23.266565222719763,2.263750466667708,172626194755274.16,1.0,40,TRIAL_018_AP3p2,rizk2025_refit_plot,rizk2025_refit_full,15236964159103.967,1.599307505381625e+23,8.30122952839847e+25,1.3131373697969906e+24,3.953695627673249e+23,5.478632858629709e+18,1.685187890872094,23.676180932785286,0.7925685427765234,0.03045760553723876,0.8230261483137623,0.05112872016698829,0.8741548684807506,122507800181839.31,3.062695004545983e+19,23.79656303516488,0.16013021119115625,7087352977.1265,93290783.07314551,75.97055940209651,1317910850.0240378,1317360522.2448745,93956655.87418456,93765122.26791964,1.000417750319575,1.0020426956381248,0.17698162115955066,91.86257518393393,1.4531363088701599,6.507306886036354,6.507306886036354,0.0,5.880375981683033e+24,5.880375981683033e+24,0.0,9.03657393860029e+25,9.03657393860029e+25,1.0007618472577524,7.765299469337613e+16,0.0047856792962036815,4.172227862601033e-06,4.789029494167196e-09,4.789029494167196e-09,0.0003399032721533843,0.0003399032721533843,1.3113380817821866e+19,5.039194104827235e-06,6527982.800675924,1.0999999999999999,15236964159103.967,0.0,2.0046271069251487e-26,5.559344150842894e-23,1.6851878908720942e-09,2.3676180932785287e-08,2.9767307309175583e+25,6.604892783842728e+24,8.448536340431986e+25,0.007925685427765235,0.03045760553723876,0.05112872016698829,0.008230261483137623,0.008741548684807506,192000.05135851738,12802.666844442028,1.6694029307879993e-23,2.379656303516488e-08,1.3071021678086922e-15,0.3196037774448648,0.0,6.859556062584883e-19,3.5413597183153905e-24,8.239527686329752e-23,6.972208708889678e-25,1.3842827431568335e+19,15236964159103.967,0.006457847100311249,3.932837955063761e-05,1.2287683555329543e-05,4.782069406390282e-06,1.2287683555329543e-05,4.782069406390282e-06,6.433016173371981e-31,4.929619655366051e+18,9.065595176963434e+16,0.0027769758951537793,1.6964401993162446e-22,-4196595.450849201,1.1122561662157565e+21,0.0,0.0,0.0,0.0,0.0,0.3333333333333333,0.3333333333333333,2.0,1.6026995865756309e-28,4.476676181501433e-22,0.0,6.859556060982184e-19,,0.0,0.0,0.0,0.0,0.0,1.6026995865756309e-28,6.859556060982184e-19,0.0006526189363651748,1.5528323237809835e-18,6.972208708889678e-31,3.5413590210945195e-24,,,6.972208708889678e-31,3.5413590210945195e-24,,1.4453593647030202e-07,3.825406763419458,14977539144923.053,1.1280356171648919e-06,3.820034393347272e-05,1.1280356171648919e-06,3.820034393347272e-05,0.006457847100311249,3.932837955063761e-05,False,False,1.0,1.477215043909105,8.452651207161054e-09,0.22421072889214042,0.6693194938864462,1.0,1.1128176807233914,3.518949722637774e-07,0.06787841169250124,0.8983387566317876,0.19937878435140532,0.06728195247796755,0.007925685427765235,0.0003045760553723876,True,AP3.2,100.0,8.3,5.767844763153473e+19,$(U_{0.8}Pu_{0.2})N$,0.7925685427765234,0.17698162115955066,91.86257518393393,1.4531363088701599,6.507306886036354,0.0,3.062695004545983e+19,2.379656303516488e-08,ok,
18,TRIAL_018,AP3.2,1050.0,1.1,5.767844763153473e+19,0.00040027618581248267,360000.1679803875,15236964159103.967,23.266565222719763,2.263750466667708,172626194755274.16,1.0,40,TRIAL_018_AP3p2,rizk2025_refit_plot,rizk2025_refit_full,15236964159103.967,1.5973909584382325e+23,8.301425568348216e+25,1.316296805781954e+24,3.946809454305326e+23,5.478334934491187e+18,1.6894344019088199,24.02357385368431,0.7971843597814023,0.03181632661313035,0.8290006863945327,0.05524511116062639,0.8842457975551591,120444543923731.9,3.0111135980932977e+19,24.557420641609433,0.16766163348836471,1605927805.3098347,90400373.57337488,17.764614700473093,1314329821.7014327,1314049244.819282,92506748.84585138,92409231.59563687,1.000213520827516,1.0010552760642055,0.17676953337535117,91.86474458962991,1.4566325852315667,6.501853291763181,6.501853291763181,0.0,5.875447800894967e+24,5.875447800894967e+24,0.0,9.03657393860029e+25,9.03657393860029e+25,1.000795852845769,7.746701184488955e+16,0.0047771908065958385,4.161986976516566e-06,5.027564217900304e-09,5.027564217900304e-09,0.00035411749146034793,0.00035411749146034793,1.3241894471251655e+19,5.4078816125224806e-06,6527982.800675924,1.0999999999999999,15236964159103.967,0.0,2.019819727835617e-26,5.807663641158035e-23,1.68943440190882e-09,2.4023573853684313e-08,3.1341572144178143e+25,7.060783102430931e+24,8.449029158510793e+25,0.007971843597814023,0.03181632661313035,0.05524511116062639,0.008290006863945328,0.00884245797555159,195125.4115625338,60292.08125374934,1.8347069733805056e-23,2.4557420641609433e-08,1.3920234825624952e-15,0.30353773613094837,0.0,6.859556086571999e-19,7.957391575121721e-24,1.8514117008529028e-22,1.5366002896313798e-23,1.3842827431568335e+19,15236964159103.967,0.006461043411583436,3.9335051328422614e-05,1.2278619754635517e-05,4.765695636929727e-06,1.2278619754635517e-05,4.765695636929727e-06,6.764198012084352e-31,5.25944089994401e+18,9.69398496877413e+16,0.013298455549544543,1.8422587029420436e-22,-4368981.435968356,1.1112228846844919e+21,0.0,0.0,0.0,0.0,0.0,0.3333333333333333,0.3333333333333333,2.0,2.558981501392922e-27,2.43157518657149e-21,0.0,6.859556060982184e-19,,0.0,0.0,0.0,0.0,0.0,2.558981501392922e-27,6.859556060982184e-19,0.003544799628260854,1.5528323292110679e-18,1.5366002896313797e-29,7.957376209118825e-24,,,1.5366002896313797e-29,7.957376209118825e-24,,1.4453593647030202e-07,3.825406763419458,14973747008003.15,1.1443791396171696e-06,3.819067218880544e-05,1.1443791396171696e-06,3.819067218880544e-05,0.006461043411583436,3.9335051328422614e-05,False,False,1.0,1.4783009432175913,8.457564318873072e-09,0.22458255140322328,0.6687898441698485,1.0,1.11462871388122,3.519013509933141e-07,0.06886436303362288,0.8968667432010521,0.19976508750374058,0.06826792123805639,0.007971843597814023,0.0003181632661313035,True,AP3.2,100.0,8.3,5.767844763153473e+19,$(U_{0.8}Pu_{0.2})N$,0.7971843597814023,0.17676953337535117,91.86474458962991,1.4566325852315667,6.501853291763181,0.0,3.0111135980932977e+19,2.4557420641609433e-08,ok,
18,TRIAL_018,AP3.2,1100.0,1.1,5.767844763153473e+19,0.00040027618581248267,360000.1679803875,15236964159103.967,23.266565222719763,2.263750466667708,172626194755274.16,1.0,40,TRIAL_018_AP3p2,rizk2025_refit_plot,rizk2025_refit_full,15236964159103.967,1.5954804747554606e+23,8.30163575761132e+25,1.3192846899834636e+24,3.939956517287122e+23,5.478033559535759e+18,1.693680014736651,24.365198685678507,0.8018149082888363,0.03319121643907597,0.8350061247279124,0.0705130539951602,0.9055191787230725,113565841386034.55,2.8391460346508636e+19,27.16571310557612,0.19345101181951194,432519145.40058416,81720659.83956504,5.292653611090645,1310911953.599888,1310755267.0420961,91167536.91560462,91113560.31358293,1.00011953914032,1.0005924101948813,0.17655811656011203,91.86707057362042,1.4599390199731082,6.496432289846362,6.496432289846362,0.0,5.870549072430703e+24,5.870549072430703e+24,0.0,9.03657393860029e+25,9.03657393860029e+25,1.0008302647600746,7.728184209385622e+16,0.004768735116655721,4.152332402812883e-06,5.283700526875546e-09,5.283700526875546e-09,0.00036871103860912406,0.00036871103860912406,1.3594127167272563e+19,5.715385299533617e-06,6527982.800675924,1.0999999999999999,15236964159103.967,0.0,2.035085678663607e-26,6.058965517160649e-23,1.6936800147366512e-09,2.4365198685678508e-08,3.292046781630866e+25,7.52270702513086e+24,8.44951903135722e+25,0.008018149082888363,0.03319121643907597,0.0705130539951602,0.008350061247279123,0.009055191787230726,206771.64896706762,248520.09007359226,2.4836008128701752e-23,2.716571310557612e-08,1.7034260430645746e-15,0.25546067205419654,0.0,6.859556378595706e-19,1.6429338076549502e-23,3.8225426592415223e-22,2.556484784617257e-22,1.3842827431568335e+19,15236964159103.967,0.006464241060328456,3.93416124166587e-05,1.2269570539507622e-05,4.750021208836158e-06,1.2269570539507622e-05,4.750021208836158e-06,7.119605234545291e-31,5.590239715300183e+18,1.0367947638754622e+17,0.05808187570236127,2.4106258370141603e-22,-4943735.339822625,1.1101929066530928e+21,0.0,0.0,0.0,0.0,0.0,0.3333333333333333,0.3333333333333333,2.0,3.1761352235744896e-26,6.934054381604572e-21,0.0,6.859556060982184e-19,,0.0,0.0,0.0,0.0,0.0,3.1761352235744896e-26,6.859556060982184e-19,0.010108604695255988,1.5528323953179484e-18,2.556484784617257e-28,1.642908242807104e-23,,,2.556484784617257e-28,1.642908242807104e-23,,1.4453593647030202e-07,3.825406763419458,14970018651734.041,1.1604478075563128e-06,3.818116460910239e-05,1.1604478075563128e-06,3.818116460910239e-05,0.006464241060328456,3.93416124166587e-05,False,False,1.0,1.4793874663242694,8.462465075270694e-09,0.22495416453096248,0.6682605857816285,1.0,1.1164146702434714,3.5190780407126073e-07,0.06983387220742981,0.8954194735451241,0.20015112813008018,0.06923744871186473,0.008018149082888363,0.0003319121643907597,True,AP3.2,100.0,8.3,5.767844763153473e+19,$(U_{0.8}Pu_{0.2})N$,0.8018149082888363,0.17655811656011203,91.86707057362042,1.4599390199731082,6.496432289846362,0.0,2.8391460346508636e+19,2.7165713105576123e-08,ok,
18,TRIAL_018,AP3.2,1150.0,1.1,5.767844763153473e+19,0.00040027618581248267,360000.1679803875,15236964159103.967,23.266565222719763,2.263750466667708,172626194755274.16,1.0,40,TRIAL_018_AP3p2,rizk2025_refit_plot,rizk2025_refit_full,15236964159103.967,1.593573902051883e+23,8.301858203167276e+25,1.32213111475829e+24,3.933125843697531e+23,5.477727308271823e+18,1.697929761373874,24.702895012986918,0.8064651665074026,0.03458856747974902,0.8410537339871516,0.1138810585946257,0.9549347925817773,98480098179350.45,2.4620024544837616e+19,33.42321198037001,0.25393695215498446,145466671.75244203,66420905.36672064,2.1900736063336814,1307569553.044824,1307474579.0448334,89900133.89855927,89868009.35003334,1.000072639270784,1.00035746367098,0.17634713253933912,91.86953218747395,1.463088913720635,6.4910317662660715,6.4910317662660715,0.0,5.865668849366659e+24,5.865668849366659e+24,0.0,9.03657393860029e+25,9.03657393860029e+25,1.0008652405595426,7.709730087731291e+16,0.004760300010938271,4.143161025157757e-06,5.561410221963239e-09,5.561410221963239e-09,0.0003836667100905428,0.0003836667100905428,1.4053804438044256e+19,5.991215907743689e-06,6527982.800675924,1.0999999999999999,15236964159103.967,0.0,2.050443333257918e-26,6.314401125356754e-23,1.6979297613738741e-09,2.470289501298692e-08,3.4505753416308376e+25,7.99273087398487e+24,8.450007053663624e+25,0.008064651665074026,0.03458856747974902,0.1138810585946257,0.008410537339871516,0.009549347925817773,238247.88796145152,890115.9014510056,4.6255461032228966e-23,3.3423211980370014e-08,2.5785611189432242e-15,0.17315058955630136,0.0,6.859559227741158e-19,3.156009871203467e-23,7.342950951190286e-22,3.330768464716398e-21,1.3842827431568335e+19,15236964159103.967,0.006467441681056289,3.9348111284931625e-05,1.226052516223308e-05,4.734927387991387e-06,1.226052516223308e-05,4.734927387991387e-06,7.504727397153401e-31,5.912232400304552e+18,1.109791210248347e+17,0.24058965137499863,4.290696685602382e-22,-6218656.293082716,1.1091653531994518e+21,0.0,0.0,0.0,0.0,0.0,0.3333333333333333,0.3333333333333333,2.0,3.1667589742037936e-25,1.2004150054659163e-20,0.0,6.859556060982184e-19,,0.0,0.0,0.0,0.0,0.0,3.1667589742037936e-25,6.859556060982184e-19,0.017499885424288566,1.552833040293383e-18,3.330768464716398e-27,3.155676794356995e-23,,,3.330768464716398e-27,3.155676794356995e-23,,1.4453593647030202e-07,3.825406763419458,14966333990235.498,1.176328582677422e-06,3.81717827022542e-05,1.176328582677422e-06,3.81717827022542e-05,0.006467441681056289,3.9348111284931625e-05,False,False,1.0,1.4804757631718883,8.467361232381777e-09,0.225325961048452,0.6677311594713349,1.0,1.1181849641004873,3.5191436203897217e-07,0.07079216058348024,0.8939891476430468,0.20053731902419553,0.07019575646065918,0.008064651665074026,0.00034588567479749017,True,AP3.2,100.0,8.3,5.767844763153473e+19,$(U_{0.8}Pu_{0.2})N$,0.8064651665074026,0.17634713253933912,91.86953218747395,1.463088913720635,6.4910317662660715,0.0,2.4620024544837616e+19,3.3423211980370014e-08,ok,
18,TRIAL_018,AP3.2,1200.0,1.1,5.767844763153473e+19,0.00040027618581248267,360000.1679803875,15236964159103.967,23.266565222719763,2.263750466667708,172626194755274.16,1.0,40,TRIAL_018_AP3p2,rizk2025_refit_plot,rizk2025_refit_full,15236964159103.967,1.591667415935504e+23,8.30209158594259e+25,1.3248517894507977e+24,3.926308916236835e+23,5.477415613624298e+18,1.70218628351206,25.037433654725188,0.8111372299441733,0.03601088040080181,0.847148110344975,0.19209035159445675,1.0392384619394317,80225988479684.31,2.005649711992108e+19,42.60010478834075,0.3360605042142554,68249230.13949409,52112547.86883983,1.3096506106603747,1304267182.2435472,1304205081.1380959,88687606.81011173,88667234.45439988,1.000047616058509,1.0002297619389755,0.17613615810042757,91.87211483413738,1.466099650655887,6.485649357106292,6.485649357106292,0.0,5.860804995532644e+24,5.860804995532644e+24,0.0,9.03657393860029e+25,9.03657393860029e+25,1.0009008429160353,7.69132132374002e+16,0.004751875924959178,4.13441733903555e-06,5.865527260914552e-09,5.865527260914552e-09,0.00039895561566702674,0.00039895561566702674,1.4571028745838197e+19,6.2391106172221776e-06,6527982.800675924,1.0999999999999999,15236964159103.967,0.0,2.0659027275969069e-26,6.574429063084027e-23,1.70218628351206e-09,2.503743365472519e-08,3.6098184603136897e+25,8.471664906626361e+24,8.450493439047025e+25,0.008111372299441732,0.03601088040080181,0.19209035159445675,0.00847148110344975,0.010392384619394318,292214.78508883837,2428112.682804872,9.577462626993991e-23,4.260010478834075e-08,4.188923197865692e-15,0.10305837017293301,0.0,6.859582128801389e-19,5.699970868482597e-23,1.3261874397915295e-21,3.503783313863259e-20,1.3842827431568335e+19,15236964159103.967,0.006470656869736846,3.9354663111574104e-05,1.2251478053940426e-05,4.720352255787233e-06,1.2251478053940426e-05,4.720352255787233e-06,7.92620899479126e-31,6.223418078735558e+18,1.189636927098418e+17,0.8312360785068175,8.958012940350704e-22,-7965555.639094969,1.108140339600491e+21,0.0,0.0,0.0,0.0,0.0,0.3333333333333333,0.3333333333333333,2.0,2.6067819204802983e-24,1.4100662152237733e-20,0.0,6.859556060982184e-19,,0.0,0.0,0.0,0.0,0.0,2.6067819204802983e-24,6.859556060982184e-19,0.0205561532575478,1.5528382245219613e-18,3.503783313863259e-26,5.696467085168733e-23,,,3.503783313863259e-26,5.696467085168733e-23,,1.4453593647030202e-07,3.825406763419458,14962684611126.266,1.1920607790232071e-06,3.816260233255089e-05,1.1920607790232071e-06,3.816260233255089e-05,0.006470656869736846,3.9354663111574104e-05,False,False,1.0,1.4815662805917642,8.472258851964453e-09,0.22569809214678077,0.6672013502970944,1.0,1.1199434917904185,3.5192103706259843e-07,0.07174141557298563,0.8925724971008897,0.20092382862825778,0.07114503211323896,0.008111372299441732,0.00036010880400801814,True,AP3.2,100.0,8.3,5.767844763153473e+19,$(U_{0.8}Pu_{0.2})N$,0.8111372299441733,0.17613615810042757,91.87211483413738,1.466099650655887,6.485649357106292,0.0,2.005649711992108e+19,4.2600104788340755e-08,ok,
18,TRIAL_018,AP3.2,1250.0,1.1,5.767844763153473e+19,0.00040027618581248267,360000.1679803875,15236964159103.967,23.266565222719763,2.263750466667708,172626194755274.16,1.0,40,TRIAL_018_AP3p2,rizk2025_refit_plot,rizk2025_refit_full,15236964159103.967,1.5897408510202565e+23,8.302333162230766e+25,1.327461305043996e+24,3.9194768776983306e+23,5.477098215656619e+18,1.7064544300207487,25.3692045962103,0.8158321231358725,0.03745930288604878,0.8532914260219213,0.26240607142126393,1.1156974974431852,68927609062930.01,1.7231902265732502e+19,49.7211003165648,0.3933287926177625,47529927.320255026,44649052.13009531,1.064522650598844,1300986564.268523,1300943031.905638,87521317.22958648,87507670.63196093,1.0000334621592317,1.0001559474446868,0.17592296171335237,91.8747881513682,1.4689873773661744,6.480301509552295,6.480301509552295,0.0,5.855972373549239e+24,5.855972373549239e+24,0.0,9.03657393860029e+25,9.036573938600291e+25,1.0009371006456314,7.672888678011574e+16,0.00474342937566882,4.1260506818218925e-06,6.20087410451778e-09,6.20087410451778e-09,0.0004145575753933118,0.0004145575753933118,1.5122484341758945e+19,6.471216372592957e-06,6527982.800675924,1.0999999999999999,15236964159103.967,0.0,2.081482168648386e-26,6.83926075653876e-23,1.7064544300207487e-09,2.53692045962103e-08,3.7698191898268744e+25,8.959859516366876e+24,8.450976701245367e+25,0.008158321231358725,0.03745930288604878,0.26240607142126393,0.008532914260219213,0.011156974974431853,339833.19329720625,4223687.919134879,1.5227922453058866e-22,4.97211003165648e-08,5.706404124052213e-15,0.07120660506687587,0.0,6.859737343204004e-19,9.775347450615735e-23,2.2743875903449837e-21,3.0533079764031823e-19,1.3842827431568335e+19,15236964159103.967,0.006473961330506378,3.936191960333456e-05,1.2242419017621323e-05,4.7062550267264666e-06,1.2242419017621323e-05,4.7062550267264666e-06,8.390693787018507e-31,6.526009220472704e+18,1.2775776779379274e+17,1.789031789301678,1.5204069351375512e-21,-9481012.736397736,1.1071209575798287e+21,0.0,0.0,0.0,0.0,0.0,0.3333333333333333,0.3333333333333333,2.0,1.8128222181985484e-23,1.2247278119517971e-20,0.0,6.859556060982184e-19,,0.0,0.0,0.0,0.0,0.0,1.8128222181985484e-23,6.859556060982184e-19,0.017853858692784275,1.5528733611895968e-18,3.0533079764031822e-25,9.744814370851704e-23,,,3.0533079764031822e-25,9.744814370851704e-23,,1.4453593647030202e-07,3.825406763419458,14959066261343.387,1.2076826274053881e-06,3.815423697592917e-05,1.2076826274053881e-06,3.815423697592917e-05,0.006473961330506378,3.936191960333456e-05,False,False,1.0,1.4826590716512509,8.477178716127791e-09,0.22607057418514492,0.6666711353815417,1.0,1.1216921846461845,3.519278347340783e-07,0.07268274354367321,0.8911678682003971,0.20131073470173452,0.07208638223043536,0.008158321231358725,0.00037459302886048783,True,AP3.2,100.0,8.3,5.767844763153473e+19,$(U_{0.8}Pu_{0.2})N$,0.8158321231358725,0.17592296171335237,91.8747881513682,1.4689873773661744,6.480301509552295,0.0,1.7231902265732502e+19,4.9721100316564804e-08,ok,
18,TRIAL_018,AP3.2,1300.0,1.1,5.767844763153473e+19,0.00040027618581248267,360000.1679803875,15236964159103.967,23.266565222719763,2.263750466667708,172626194755274.16,1.0,40,TRIAL_018_AP3p2,rizk2025_refit_plot,rizk2025_refit_full,15236964159103.967,1.5876851277485908e+23,8.302570969262572e+25,1.329997640444033e+24,3.9124811972139325e+23,5.476774777138233e+18,1.7107564428975488,25.69864450639936,0.8205507098615056,0.038935355220561255,0.8594860650820669,0.29771058202703454,1.1571966471091015,64367160537757.66,1.6091790134439414e+19,53.05469424175188,0.4182086837716486,42351487.836884856,41843611.234177105,1.0121374945356754,1297703964.6691003,1297671570.5012536,86395420.33188875,86385879.2025854,1.0000249633024125,1.0001104477883587,0.17569547248063722,91.87741975747713,1.4717941218439714,6.475090648198253,6.475090648198253,0.0,5.851263540158279e+24,5.851263540158279e+24,0.0,9.03657393860029e+25,9.03657393860029e+25,1.000974051898477,7.654068685021814e+16,0.004734786643818563,4.117938888356233e-06,6.5730839296119664e-09,6.5730839296119664e-09,0.00043047057940345,0.00043047057940345,1.5695946730953527e+19,6.695368409004461e-06,6527982.800675924,1.0999999999999999,15236964159103.967,0.0,2.0972642895915195e-26,7.109175893646307e-23,1.7107564428975488e-09,2.5698644506399362e-08,3.9306419025604625e+25,9.457724588634814e+24,8.451447584584462e+25,0.008205507098615056,0.038935355220561255,0.29771058202703454,0.00859486065082067,0.011571966471091015,363617.9375491289,5274765.314033035,1.8500774590011507e-22,5.305469424175188e-08,6.497236794006599e-15,0.06037142175869359,0.0,6.860642029484949e-19,1.6132812103425e-22,3.753551250302206e-21,2.2525702314749626e-18,1.3842827431568335e+19,15236964159103.967,0.006477766671308624,3.937343138939692e-05,1.2233301079994355e-05,4.6925961050301115e-06,1.2233301079994355e-05,4.6925961050301115e-06,8.905942523634914e-31,6.823153785249836e+18,1.3750714283165894e+17,2.569510580717951,1.992525654941958e-21,-10605428.923533555,1.1061250553722794e+21,0.0,0.0,0.0,0.0,0.0,0.3333333333333333,0.3333333333333333,2.0,1.085968502764781e-22,8.409787168749566e-21,0.0,6.859556060982184e-19,,0.0,0.0,0.0,0.0,0.0,1.085968502764781e-22,6.859556060982184e-19,0.012258017737417087,1.5530781595886644e-18,2.2525702314749626e-24,1.5907555080277505e-22,,,2.2525702314749626e-24,1.5907555080277505e-22,,1.4453593647030202e-07,3.825406763419458,14955474182019.57,1.223325578532355e-06,3.8150105810864565e-05,1.223325578532355e-06,3.8150105810864565e-05,0.006477766671308624,3.937343138939692e-05,False,False,1.0,1.4837534039934521,8.482228283893112e-09,0.226443156185869,0.6661408723080662,1.0,1.1234332437431056,3.5193476230285585e-07,0.07361738301333765,0.8897734108859875,0.20169810062192473,0.07302104554937598,0.008205507098615056,0.00038935355220561256,True,AP3.2,100.0,8.3,5.767844763153473e+19,$(U_{0.8}Pu_{0.2})N$,0.8205507098615056,0.17569547248063722,91.87741975747713,1.4717941218439714,6.475090648198253,0.0,1.6091790134439414e+19,5.305469424175189e-08,ok,
18,TRIAL_018,AP3.2,1350.0,1.1,5.767844763153473e+19,0.00040027618581248267,360000.1679803875,15236964159103.967,23.266565222719763,2.263750466667708,172626194755274.16,1.0,40,TRIAL_018_AP3p2,rizk2025_refit_plot,rizk2025_refit_full,15236964159103.967,1.5849793244670776e+23,8.302749779114113e+25,1.332618002821548e+24,3.904615635617969e+23,5.476443926144945e+18,1.715197619964879,26.027166245416886,0.8252953430133235,0.040445286189339964,0.8657406292026635,0.3188297500437848,1.1845703792464481,61907641977630.78,1.5476910494407694e+19,54.99020870425285,0.4321117355554664,40494746.740287706,40370823.32128536,1.0030696282316593,1294336623.7039149,1294311497.496981,85302290.11054426,85295493.9107487,1.0000194127974469,1.0000796782981605,0.175396044478399,91.87939849247954,1.4746938517585595,6.470511611283497,6.470511611283497,0.0,5.847125659593502e+24,5.847125659593502e+24,0.0,9.03657393860029e+25,9.03657393860029e+25,1.001011853201533,7.633131570240654e+16,0.004725120631736746,4.109593270475578e-06,6.995907289413337e-09,6.995907289413337e-09,0.0004467519665281617,0.0004467519665281617,1.6282694184966844e+19,6.917521439862641e-06,6527982.800675924,1.0999999999999999,15236964159103.967,0.0,2.1136404195203378e-26,7.385319147750458e-23,1.7151976199648791e-09,2.6027166245416886e-08,4.092527822523199e+25,9.966941653233424e+24,8.45186137264094e+25,0.008252953430133235,0.040445286189339964,0.3188297500437848,0.008657406292026635,0.011845703792464482,377796.6966796284,5952184.708863378,2.0600348510058787e-22,5.499020870425285e-08,6.9799417608508205e-15,0.05496713608542264,0.0,6.865253628289335e-19,2.635683646760266e-22,6.13233054738036e-21,1.4331663655150738e-17,1.3842827431568335e+19,15236964159103.967,0.0064840468022089575,3.940620317364666e-05,1.2223901883053543e-05,4.679299854939946e-06,1.2223901883053543e-05,4.679299854939946e-06,9.490744905118184e-31,7.117938413898583e+18,1.4856640029840893e+17,3.67392892090927,2.6942592750252034e-21,-13111417.242579473,1.1052383120091209e+21,0.0,0.0,0.0,0.0,0.0,0.3333333333333333,0.3333333333333333,2.0,5.697567307150379e-22,4.811032795419547e-21,0.0,6.859556060982184e-19,,0.0,0.0,0.0,0.0,0.0,5.697567307150379e-22,6.859556060982184e-19,0.007007800521156197,1.5541221104832157e-18,1.433166365515074e-23,2.492367010208758e-22,,,1.433166365515074e-23,2.492367010208758e-22,,1.4453593647030202e-07,3.825406763419458,14951892979364.09,1.2395950306260994e-06,3.816660814302056e-05,1.2395950306260994e-06,3.816660814302056e-05,0.0064840468022089575,3.940620317364666e-05,False,False,1.0,1.4848454267990139,8.487920139987606e-09,0.2268145283983427,0.6656124248631561,1.0,1.125174074194152,3.519418491825982e-07,0.07454934098616597,0.8883831463875829,0.20208611031608736,0.07395302971871195,0.008252953430133235,0.0004044528618933996,True,AP3.2,100.0,8.3,5.767844763153473e+19,$(U_{0.8}Pu_{0.2})N$,0.8252953430133235,0.175396044478399,91.87939849247954,1.4746938517585595,6.470511611283497,0.0,1.5476910494407694e+19,5.4990208704252857e-08,ok,
18,TRIAL_018,AP3.2,1400.0,1.1,5.767844763153473e+19,0.00040027618581248267,360000.1679803875,15236964159103.967,23.266565222719763,2.263750466667708,172626194755274.16,1.0,40,TRIAL_018_AP3p2,rizk2025_refit_plot,rizk2025_refit_full,15236964159103.967,1.5794287072488538e+23,8.302637650307181e+25,1.3359711214544986e+24,3.892902259802177e+23,5.476099615400184e+18,1.7202251794308376,26.360516539440678,0.8300762919231326,0.04201667653858551,0.8720929684617181,0.33786564256547524,1.2099586110271934,59839556185832.03,1.4959889046458008e+19,56.70208971839994,0.4440864851535645,39207248.31183418,39151996.17906861,1.0014112213464892,1290548434.2407415,1290528720.6262848,84221540.02697623,84216862.62021574,1.0000152756107954,1.0000555400262483,0.1747818053590228,91.87815765930877,1.4784044600662365,6.46865607526596,6.46865607526596,0.0,5.84544889075168e+24,5.84544889075168e+24,0.0,9.03657393860029e+25,9.036573938600288e+25,1.0010511951489176,7.60279378772444e+16,0.00471094283559713,4.0990208277160735e-06,7.517217888945717e-09,7.517217888945717e-09,0.0004636974672010373,0.0004636974672010373,1.6870048188928025e+19,7.145481640196955e-06,6527982.800675924,1.0999999999999999,15236964159103.967,0.0,2.1322813585494798e-26,7.672737804188941e-23,1.7202251794308377e-09,2.636051653944068e-08,4.256503297681495e+25,1.049506396723047e+25,8.45202904952512e+25,0.008300762919231326,0.04201667653858551,0.33786564256547524,0.008720929684617181,0.012099586110271933,390741.4602206347,6593778.131275201,2.258476927978756e-22,5.670208971839994e-08,7.421286410855919e-15,0.05065125814775989,0.0,6.886110813242972e-19,4.565292615698932e-22,1.062186784039601e-20,7.989389038480301e-17,1.3842827431568335e+19,15236964159103.967,0.00650116817306893,3.953233851344169e-05,1.2213278476325282e-05,4.666127792846914e-06,1.2213278476325282e-05,4.666127792846914e-06,1.0210271640015019e-30,7.41401677674449e+18,1.6216815595578214e+17,5.818783080644845,4.063193565818459e-21,-18294360.7872188,1.1048226220531893e+21,0.0,0.0,0.0,0.0,0.0,0.3333333333333333,0.3333333333333333,2.0,2.6554752260788454e-21,2.389663047018396e-21,0.0,6.859556060982184e-19,,0.0,0.0,0.0,0.0,0.0,2.6554752260788454e-21,6.859556060982184e-19,0.003470265163933658,1.5588436567004327e-18,7.989389038480301e-23,3.7663537118509016e-22,,,7.989389038480301e-23,3.7663537118509016e-22,,1.4453593647030202e-07,3.825406763419458,14948260054060.84,1.2590788656268095e-06,3.8273259647814884e-05,1.2590788656268095e-06,3.8273259647814884e-05,0.00650116817306893,3.953233851344169e-05,False,False,1.0,1.4859189759154479,8.4964248395424e-09,0.22717920661817403,0.66509359401752,1.0,1.126945215270964,3.519492249447644e-07,0.07549491464967921,0.8869727689842576,0.202475588536095,0.07489863434389532,0.008300762919231326,0.0004201667653858551,True,AP3.2,100.0,8.3,5.767844763153473e+19,$(U_{0.8}Pu_{0.2})N$,0.8300762919231326,0.1747818053590228,91.87815765930877,1.4784044600662365,6.46865607526596,0.0,1.4959889046458008e+19,5.670208971839994e-08,ok,
18,TRIAL_018,AP3.2,1450.0,1.1,5.767844763153473e+19,0.00040027618581248267,360000.1679803875,15236964159103.967,23.266565222719763,2.263750466667708,172626194755274.16,1.0,40,TRIAL_018_AP3p2,rizk2025_refit_plot,rizk2025_refit_full,15236964159103.967,1.5628826855820996e+23,8.30136284234591e+25,1.3424890825344955e+24,3.8662240058085694e+23,5.475717965215521e+18,1.7275314865883662,26.720472069588112,0.8349366739950314,0.043758463082918274,0.8786951370779497,0.3582205676917938,1.2369157047697434,57767812709851.0,1.444195317746275e+19,58.501729729872416,0.4563566687406971,37987920.98707981,37947595.9129874,1.001062651615266,1285085994.0489097,1285070643.999775,83085250.23254262,83082364.49634778,1.0000119449068472,1.0000347334384658,0.17295079929641793,91.86405045485347,1.485617327602411,6.47738141824772,6.47738141824772,0.0,5.853333611451114e+24,5.853333611451114e+24,0.0,9.03657393860029e+25,9.036573938600291e+25,1.0010948054383768,7.535958428869254e+16,0.0046792288864869955,4.078834949890993e-06,8.25964172983359e-09,8.25964172983359e-09,0.00048250226415083683,0.00048250226415083683,1.7424871180659431e+19,7.397124370682229e-06,6527982.800675924,1.0999999999999999,15236964159103.967,0.0,2.159566214323413e-26,7.991365399184867e-23,1.7275314865883663e-09,2.6720472069588113e-08,4.426580544486513e+25,1.1072303837559317e+25,8.45124057745518e+25,0.008349366739950313,0.043758463082918274,0.3582205676917938,0.008786951370779497,0.012369157047697435,405300.6916395129,7311104.3623788515,2.480416348744375e-22,5.8501729729872415e-08,7.89984330950574e-15,0.04653161992014698,0.0,6.970855980789518e-19,9.468385261965149e-22,2.2029680325135068e-20,3.956100289530877e-16,1.3842827431568335e+19,15236964159103.967,0.006560814528055772,4.002586196475277e-05,1.2197871787749799e-05,4.652252964725765e-06,1.2197871787749799e-05,4.652252964725765e-06,1.1231440515966976e-30,7.717792780770469e+18,1.8148356396273702e+17,8.052777177732649,5.396835326437617e-21,-22421031.105185498,1.1062376904085807e+21,0.0,0.0,0.0,0.0,0.0,0.3333333333333333,0.3333333333333333,2.0,1.1129991980733449e-20,1.0648433877683903e-21,0.0,6.859556060982184e-19,,0.0,0.0,0.0,0.0,0.0,1.1129991980733449e-20,6.859556060982184e-19,0.0015275647505886161,1.5780278479585655e-18,3.9561002895308766e-22,5.512284972434272e-22,,,3.9561002895308766e-22,5.512284972434272e-22,,1.4453593647030202e-07,3.825406763419458,14944338252413.492,1.2917504148297092e-06,3.8734111549923065e-05,1.2917504148297092e-06,3.8734111549923065e-05,0.006560814528055772,4.002586196475277e-05,False,False,1.0,1.4869144530922227,8.51592305712762e-09,0.2275170004151694,0.6646130927299808,1.0,1.128863060378208,3.5195740124019904e-07,0.07651585745007447,0.8854502016188884,0.20287000777563216,0.07591961901067332,0.008349366739950313,0.00043758463082918276,True,AP3.2,100.0,8.3,5.767844763153473e+19,$(U_{0.8}Pu_{0.2})N$,0.8349366739950314,0.17295079929641793,91.86405045485347,1.485617327602411,6.47738141824772,0.0,1.444195317746275e+19,5.850172972987242e-08,ok,
18,TRIAL_018,AP3.2,1500.0,1.1,5.767844763153473e+19,0.00040027618581248267,360000.1679803875,15236964159103.967,23.266565222719763,2.263750466667708,172626194755274.16,1.0,40,TRIAL_018_AP3p2,rizk2025_refit_plot,rizk2025_refit_full,15236964159103.967,1.5095860348151023e+23,8.296022949545617e+25,1.360260790445924e+24,3.788733188042719e+23,5.475215440854704e+18,1.742762758522978,27.18016579416782,0.8400351214002073,0.046051748743734536,0.8860868701439418,0.38352240079063704,1.2696092709345788,55371854643953.91,1.3842963660988475e+19,60.698934028201904,0.47090387225241837,36611137.04632691,36573953.65408798,1.0010166631857909,1273851841.41176,1273839476.5111284,81678813.38793321,81677205.97481993,1.0000097067965468,1.0000196800697831,0.1670529168545627,91.80495844900507,1.5052837498905254,6.522704884249799,6.522704884249799,0.0,5.894290496619255e+24,5.894290496619255e+24,0.0,9.03657393860029e+25,9.036573938600284e+25,1.0011522280233882,7.346149657667542e+16,0.0045879765139257124,4.0251749142594e-06,9.299280535791324e-09,9.299280535791324e-09,0.0005073599558326934,0.0005073599558326934,1.7843886383943262e+19,7.724496634204274e-06,6527982.800675924,1.0999999999999999,15236964159103.967,0.0,2.217192606888674e-26,8.410947339187381e-23,1.742762758522978e-09,2.7180165794167823e-08,4.616634012360099e+25,1.1805575994361019e+25,8.447144888938359e+25,0.008400351214002073,0.046051748743734536,0.38352240079063704,0.008860868701439418,0.012696092709345788,425796.86264945124,8244487.450587318,2.770522340324132e-22,6.06989340282019e-08,8.504390457577651e-15,0.04201690736576025,0.0,7.283547683483441e-19,2.5448943822908676e-21,5.921095113050359e-20,1.7607759639859707e-15,1.3842827431568335e+19,15236964159103.967,0.00677052332035858,4.183065512375401e-05,1.2165875409132631e-05,4.635038616923417e-06,1.2165875409132631e-05,4.635038616923417e-06,1.265781538155888e-30,8.047012461733629e+18,2.085964383726229e+17,9.982220191070912,6.4108502940654405e-21,-24182235.91360235,1.1139921144125105e+21,0.0,0.0,0.0,0.0,0.0,0.3333333333333333,0.3333333333333333,2.0,4.239916225012569e-20,4.369022003359254e-22,0.0,6.859556060982184e-19,,0.0,0.0,0.0,0.0,0.0,4.239916225012569e-20,6.859556060982184e-19,0.0005998480676204922,1.6488134467482142e-18,1.7607759639859707e-21,7.84118418304897e-22,,,1.7607759639859707e-21,7.84118418304897e-22,,1.4453593647030202e-07,3.825406763419458,14939331408534.676,1.3726067604305402e-06,4.045804836332347e-05,1.3726067604305402e-06,4.045804836332347e-05,0.00677052332035858,4.183065512375401e-05,False,False,1.0,1.4876406402759208,8.573591086346732e-09,0.22776319595932285,0.6642629362005449,1.0,1.1313204178175345,3.519681682217266e-07,0.07781954495009558,0.883506315549124,0.2032821044396146,0.07722336265258682,0.008400351214002073,0.0004605174874373454,True,AP3.2,100.0,8.3,5.767844763153473e+19,$(U_{0.8}Pu_{0.2})N$,0.8400351214002073,0.1670529168545627,91.80495844900507,1.5052837498905254,6.522704884249799,0.0,1.3842963660988475e+19,6.069893402820191e-08,ok,
18,TRIAL_018,AP3.2,1550.0,1.1,5.767844763153473e+19,0.00040027618581248267,360000.1679803875,15236964159103.967,23.266565222719763,2.263750466667708,172626194755274.16,1.0,40,TRIAL_018_AP3p2,rizk2025_refit_plot,rizk2025_refit_full,15236964159103.967,1.3595472623873024e+23,8.278440971477115e+25,1.4119723579802204e+24,3.570474389663255e+23,5.47434240375205e+18,1.781662748005545,27.943828044100933,0.8458454753139826,0.0500355027070064,0.895880978020989,0.42377927825219414,1.3196602562731832,51916115276258.516,1.297902881906463e+19,64.11500573858329,0.4926093175072338,34662223.88515091,34625279.59603758,1.0010669744632923,1246037631.7365575,1246027062.35237,79446024.31644243,79445092.36516906,1.0000084824676019,1.0000117307595173,0.15044941496908595,91.61039380328907,1.562508498877979,6.676648282863866,6.676648282863866,0.0,6.033402587012798e+24,6.033402587012798e+24,0.0,9.03657393860029e+25,9.03657393860029e+25,1.0012519920781477,6.8237399507983864e+16,0.00433174964702565,3.877137256174382e-06,1.0298063575908301e-08,1.0298063575908301e-08,0.0005507914747234654,0.0005507914747234654,1.7844470270754978e+19,8.264595750248307e-06,6527982.800675924,1.0999999999999999,15236964159103.967,0.0,2.3690002587968638e-26,9.140002399687799e-23,1.781662748005545e-09,2.7943828044100936e-08,4.866674029630981e+25,1.3018737975895456e+25,8.43323367989901e+25,0.008458454753139825,0.0500355027070064,0.42377927825219414,0.00895880978020989,0.013196602562731832,464857.7849022461,9823778.138381898,3.2651077685389947e-22,6.411500573858329e-08,9.48856274946493e-15,0.03596277184288377,0.0,8.341202920002465e-19,8.20455958647652e-21,1.9089192074244662e-19,7.11715258415843e-15,1.3842827431568335e+19,15236964159103.967,0.007452567318487302,4.79227344161595e-05,1.2084908047455013e-05,4.607625859964785e-06,1.2084908047455013e-05,4.607625859964785e-06,1.4026815474388934e-30,8.456622574881014e+18,2.3524067425536822e+17,12.719119414440456,7.692457970882106e-21,-25065550.71144788,1.14063254085578e+21,0.0,0.0,0.0,0.0,0.0,0.3333333333333333,0.3333333333333333,2.0,1.4816468590202815e-19,1.6851976248218294e-22,0.0,6.859556060982184e-19,,0.0,0.0,0.0,0.0,0.0,1.4816468590202815e-19,6.859556060982184e-19,0.00020203292510492376,1.888240200272563e-18,7.11715258415843e-21,1.0874070023180895e-21,,,7.11715258415843e-21,1.0874070023180895e-21,,1.4453593647030202e-07,3.825406763419458,14931017855069.945,1.6154939630997015e-06,4.6307240453059796e-05,1.6154939630997015e-06,4.6307240453059796e-05,0.007452567318487302,4.79227344161595e-05,False,False,1.0,1.4876049248935164,8.744847709755736e-09,0.22775109189926504,0.6642801504740219,1.0,1.1354229233940833,3.519868772024396e-07,0.07998496201819578,0.8802784126352161,0.20374971510629858,0.07938883383203015,0.008458454753139825,0.000500355027070064,True,AP3.2,100.0,8.3,5.767844763153473e+19,$(U_{0.8}Pu_{0.2})N$,0.8458454753139826,0.15044941496908595,91.61039380328907,1.562508498877979,6.676648282863866,0.0,1.297902881906463e+19,6.41150057385833e-08,ok,
18,TRIAL_018,AP3.2,1600.0,1.1,5.767844763153473e+19,0.00040027618581248267,360000.1679803875,15236964159103.967,23.266565222719763,2.263750466667708,172626194755274.16,1.0,40,TRIAL_018_AP3p2,rizk2025_refit_plot,rizk2025_refit_full,15236964159103.967,1.0527433997646339e+23,8.231528992514252e+25,1.5446142387247046e+24,3.085998504646872e+23,5.47252280612661e+18,1.875906837411372,29.41435608154524,0.853332172150203,0.05833836133812353,0.9116705334883265,0.4538750913318042,1.3655456248201308,47327228216448.12,1.1831807054112029e+19,67.65329221816741,0.5,32819458.366788406,32814367.597085662,1.0001551384370788,1183436534.8296633,1183427639.2229872,75473944.94146411,75473350.2866936,1.000007516815039,1.0000078790032276,0.11649806740005465,91.0912592365649,1.709291872361923,7.082950823673133,6.62541236183384,0.4575384618392923,6.400560882159208e+24,5.987102868142787e+24,4.134580140164212e+23,9.03657393860029e+25,8.995228137198648e+25,1.0014599678268665,5.713479991436581e+16,0.0037631753939099187,3.5430087019656962e-06,1.081186215720381e-08,1.081186215720381e-08,0.000641729048710636,0.000641729048710636,1.6958695180966978e+19,9.294262316299492e-06,6527982.800675924,1.0999999999999999,15236964159103.967,0.0,2.7651736410930275e-26,1.0660231744089296e-22,1.875906837411372e-09,2.941435608154524e-08,5.259430062468966e+25,1.5474838602367578e+25,8.396517850384369e+25,0.00853332172150203,0.05833836133812353,0.4538750913318042,0.009116705334883264,0.013655456248201307,506017.62188659323,11658357.71468997,3.8360589321312873e-22,6.765329221816741e-08,1.0564742936418784e-14,0.03407359027997264,1.0,1.1647735522501893e-18,2.783708154963653e-20,6.476732734847872e-19,2.6363059898109156e-14,1.3842827431568335e+19,15236964159103.967,0.009420349473862125,6.696754165284839e-05,1.189324139274677e-05,4.5586436713281266e-06,1.189324139274677e-05,4.5586436713281266e-06,1.4726188331676137e-30,9.066223734588403e+18,2.5076768631910147e+17,4.857318668288394,2.7407138863166068e-21,-12281435.081444452,1.2116319732869125e+21,1.837664945068707e+21,0.0,0.0,0.0,0.0,0.3333333333333333,0.3333333333333333,2.0,4.788179461519709e-19,6.213051142733445e-23,0.0,6.859556060982184e-19,,0.0,0.0,0.0,0.0,0.0,4.788179461519709e-19,6.859556060982184e-19,5.3341279347652143e-05,2.63675667246857e-18,2.6363059898109155e-20,1.4740216515273757e-21,,,2.6363059898109155e-20,1.4740216515273757e-21,,1.4453593647030202e-07,3.825406763419458,14915024452362.467,2.3729331525938456e-06,6.459460850025454e-05,2.3729331525938456e-06,6.459460850025454e-05,0.009420349473862125,6.696754165284839e-05,False,False,1.0,1.486012784375816,9.180421009450274e-09,0.227211053435527,0.6650482895772086,1.0,1.14339418910968,3.52025884198644e-07,0.08415345371289981,0.8740677985536076,0.20434908928140696,0.08355736616958459,0.00853332172150203,0.0005833836133812353,True,AP3.2,100.0,8.3,5.767844763153473e+19,$(U_{0.8}Pu_{0.2})N$,0.853332172150203,0.11649806740005465,91.0912592365649,1.709291872361923,6.62541236183384,0.4575384618392923,1.1831807054112029e+19,6.765329221816741e-08,ok,
18,TRIAL_018,AP3.2,1650.0,1.1,5.767844763153473e+19,0.00040027618581248267,360000.1679803875,15236964159103.967,23.266565222719763,2.263750466667708,172626194755274.16,1.0,40,TRIAL_018_AP3p2,rizk2025_refit_plot,rizk2025_refit_full,15236964159103.967,6.649766657716417e+22,8.134999049479194e+25,1.814726497095188e+24,2.3575534410296037e+23,5.468872431414241e+18,2.060134706368195,31.990399195222547,0.8634496368016841,0.07499725722681277,0.938446894028497,0.4889281173513472,1.427375011379844,40784368476320.25,1.0196092119080063e+19,72.87819364528167,0.5,30467197.137131777,30461786.838534366,1.0001776093643517,1077606316.6992176,1077599437.1327453,69396190.2095483,69395820.49140342,1.0000063841593037,1.0000053276716416,0.0735872544495157,90.02304529076045,2.0082019019879542,7.895165552802109,6.49749641306011,1.3976691397420014,7.13452472753863e+24,5.871510675240784e+24,1.2630140522978454e+24,9.03657393860029e+25,8.910272533370507e+25,1.0018774418224679,4.163299829089535e+16,0.002906506154889233,3.013631257082748e-06,1.0607242386703775e-08,1.0607242386703775e-08,0.0008248858807158873,0.0008248858807158873,1.5054991877528367e+19,1.0866000205294185e-05,6527982.800675924,1.0999999999999999,15236964159103.967,0.0,3.66248171419857e-26,1.371347716871476e-22,2.0601347063681954e-09,3.199039919522255e-08,5.886599436082315e+25,2.039119407889954e+25,8.323121465846428e+25,0.008634496368016841,0.07499725722681277,0.4889281173513472,0.00938446894028497,0.014273750113798441,575858.9277801207,14738412.520498276,4.79525009818625e-22,7.287819364528167e-08,1.225959892673842e-14,0.03407359027997264,1.0,2.1271476252081635e-18,9.216017886357202e-20,2.144250812466818e-18,9.020265555838444e-14,1.3842827431568335e+19,15236964159103.967,0.01430357840244191,0.00012245086095757774,1.1536920251957744e-05,4.483182113921038e-06,1.1536920251957744e-05,4.483182113921038e-06,1.4430560372710605e-30,1.0021508620221577e+19,2.4991100640976243e+17,7.031636472141891,3.6644470484844034e-21,-12194935.267951136,1.3558198314019628e+21,2.0765728729087093e+21,0.0,0.0,0.0,0.0,0.3333333333333333,0.3333333333333333,2.0,1.441192019109945e-18,2.2189009104417195e-23,0.0,6.859556060982184e-19,,0.0,0.0,0.0,0.0,0.0,1.441192019109945e-18,6.859556060982184e-19,1.043134422898635e-05,4.815331429236087e-18,9.020265555838444e-20,1.957523305187582e-21,,,9.020265555838444e-20,1.957523305187582e-21,,1.4453593647030202e-07,3.825406763419458,14887062791858.54,4.707222720223783e-06,0.00011774363823735395,4.707222720223783e-06,0.00011774363823735395,0.01430357840244191,0.00012245086095757774,False,False,1.0,1.4826040666157752,1.0042483147415361e-08,0.22605183565995496,0.6666978067582602,1.0,1.1575860132329812,3.5210419053395405e-07,0.09145095581472193,0.8632059811302196,0.2051535345396934,0.09085492208374119,0.008634496368016841,0.0007499725722681278,True,AP3.2,100.0,8.3,5.767844763153473e+19,$(U_{0.8}Pu_{0.2})N$,0.8634496368016841,0.0735872544495157,90.02304529076045,2.0082019019879542,6.49749641306011,1.3976691397420014,1.0196092119080063e+19,7.287819364528167e-08,ok,
18,TRIAL_018,AP3.2,1700.0,1.1,5.767844763153473e+19,0.00040027618581248267,360000.1679803875,15236964159103.967,23.266565222719763,2.263750466667708,172626194755274.16,1.0,40,TRIAL_018_AP3p2,rizk2025_refit_plot,rizk2025_refit_full,15236964159103.967,3.6075024882080244e+22,7.981713748739321e+25,2.2490414845361356e+24,1.623366351693867e+23,5.462526831688784e+18,2.344484299565178,35.683609799914905,0.8762885466173604,0.10396533030003331,0.9802538769173937,0.546011755330179,1.5262656322475727,32702411793960.88,8.17560294849022e+18,81.38691358786774,0.5,27282913.076150704,27277112.525015734,1.0002126526819748,946908317.9094433,946903334.0985626,62213640.532340385,62213436.71360553,1.000005263273136,1.0000032761208129,0.03992113064884416,88.32676856264001,2.4888209843879157,9.14448932232324,6.3919920515671595,2.75249727075608,8.263485389191481e+24,5.7761708788932e+24,2.487314510298282e+24,9.03657393860029e+25,8.787842487570463e+25,1.0026039840171517,2.737080942825806e+16,0.0020380275595349205,2.428836984114331e-06,9.482713966508634e-09,9.482713966508634e-09,0.0011448824283165982,0.0011448824283165982,1.2750622732656998e+19,1.2780577445524561e-05,6527982.800675924,1.0999999999999999,15236964159103.967,0.0,5.397971602054064e-26,1.9032461258939317e-22,2.3444842995651783e-09,3.568360979991491e-08,6.772052253947767e+25,2.904316447524001e+25,8.210225399681143e+25,0.008762885466173605,0.10396533030003331,0.546011755330179,0.009802538769173938,0.015262656322475728,706513.1361302079,20804706.111354828,6.678550301063855e-22,8.138691358786773e-08,1.528939220600037e-14,0.03407359027997264,1.0,4.751541991998671e-18,2.8964180859428994e-19,6.73897003088556e-18,2.8708990269161864e-13,1.3842827431568335e+19,15236964159103.967,0.024756376257749832,0.0002740128400933066,1.103309535580081e-05,4.393201485712477e-06,1.103309535580081e-05,4.393201485712477e-06,1.2869161262691247e-30,1.1392232613277075e+19,2.2744381103936208e+17,11.820908316692787,5.48351746923248e-21,-11733648.225249588,1.5827519088245038e+21,2.4513474832042977e+21,0.0,0.0,0.0,0.0,0.3333333333333333,0.3333333333333333,2.0,4.065586385900453e-18,7.758935285868006e-24,0.0,6.859556060982184e-19,,0.0,0.0,0.0,0.0,0.0,4.065586385900453e-18,6.859556060982184e-19,1.6329299623014206e-06,1.0756305401778201e-17,2.8708990269161863e-19,2.5519059026713273e-21,,,2.8708990269161863e-19,2.5519059026713273e-21,,1.4453593647030202e-07,3.825406763419458,14847119848152.443,1.1707226032416523e-05,0.0002623056140608901,1.1707226032416523e-05,0.0002623056140608901,0.024756376257749832,0.0002740128400933066,False,False,1.0,1.4784044849807338,1.137251811986849e-08,0.22461798302929556,0.6687393777681946,1.0,1.1784447576932864,3.522404800526507e-07,0.10190059165728449,0.8476781666589346,0.20616536715399453,0.10130468081903864,0.008762885466173605,0.0010396533030003331,True,AP3.2,100.0,8.3,5.767844763153473e+19,$(U_{0.8}Pu_{0.2})N$,0.8762885466173604,0.03992113064884416,88.32676856264001,2.4888209843879157,6.3919920515671595,2.75249727075608,8.17560294849022e+18,8.138691358786775e-08,ok,
18,TRIAL_018,AP3.2,1750.0,1.1,5.767844763153473e+19,0.00040027618581248267,360000.1679803875,15236964159103.967,23.266565222719763,2.263750466667708,172626194755274.16,1.0,40,TRIAL_018_AP3p2,rizk2025_refit_plot,rizk2025_refit_full,15236964159103.967,1.8420881676187556e+22,7.77889325924901e+25,2.8426064202786674e+24,1.0586426954608985e+23,5.452757365954243e+18,2.7190155641268614,40.218543539459596,0.8914009555352246,0.14858802146672742,1.039988977001952,0.6292299771698249,1.6692189541717768,24624360433529.484,6.156090108382371e+18,93.79117808159394,0.5,23675746.940635785,23669603.532100897,1.0002595484341998,816475586.8818601,816471972.168682,55198514.317332864,55198418.55590551,1.000004427234861,1.0000017348581691,0.020384807119766497,86.08232845880873,3.145668302603376,10.75161843146812,6.298578909294087,4.453039522174033,9.715779491557934e+24,5.691757402194438e+24,4.0240220893634957e+24,9.03657393860029e+25,8.63417172966394e+25,1.0037246426163158,1.7265486428647562e+16,0.0013627854954291019,1.9182299906292674e-06,7.321431397617187e-09,7.321431397617187e-09,0.0016411318678909174,0.0016411318678909174,1.068064037379448e+19,1.5614490945357687e-05,6527982.800675924,1.0999999999999999,15236964159103.967,0.0,8.420224872445162e-26,2.7250070284527364e-22,2.7190155641268616e-09,4.0218543539459595e-08,7.87944846715889e+25,4.259028583580725e+25,8.064995989444496e+25,0.008914009555352246,0.14858802146672742,0.6292299771698249,0.01039988977001952,0.016692189541717768,924573.4389826948,32296758.381965637,1.0221260022055897e-21,9.379117808159394e-08,2.0305095896792536e-14,0.03407359027997264,1.0,1.1495000451183415e-17,8.585058024105227e-19,1.997448124586779e-17,8.552344067970446e-13,1.3842827431568335e+19,15236964159103.967,0.04478284731872146,0.0006643332507398841,1.0447743760495507e-05,4.304471744051567e-06,1.0447743760495507e-05,4.304471744051567e-06,9.90065361794169e-31,1.3163538978800992e+19,1.7988042567282662e+17,22.23617316980323,8.895504391553783e-21,-10793333.393701876,1.88300850408577e+21,2.950859812163008e+21,0.0,0.0,0.0,0.0,0.3333333333333333,0.3333333333333333,2.0,1.0809044845085196e-17,2.6793973973199525e-24,0.0,6.859556060982184e-19,,0.0,0.0,0.0,0.0,0.0,1.0809044845085196e-17,6.859556060982184e-19,2.3309241341039768e-07,2.6021812635711968e-17,8.552344067970446e-19,3.2713956134781503e-21,,,8.552344067970446e-19,3.2713956134781503e-21,,1.4453593647030202e-07,3.825406763419458,14798360867253.049,3.184362551520523e-05,0.0006324896252246789,3.184362551520523e-05,0.0006324896252246789,0.04478284731872146,0.0006643332507398841,False,False,1.0,1.4746877742047322,1.3114331298032484e-08,0.22334372590178375,0.6705548739060215,1.0,1.204896085852339,3.524507200455262e-07,0.11470677372892471,0.8286944748496883,0.20734378957067323,0.11411111088259683,0.008914009555352246,0.0014858802146672742,True,AP3.2,100.0,8.3,5.767844763153473e+19,$(U_{0.8}Pu_{0.2})N$,0.8914009555352246,0.020384807119766497,86.08232845880873,3.145668302603376,6.298578909294087,4.453039522174033,6.156090108382371e+18,9.379117808159395e-08,ok,
18,TRIAL_018,AP3.2,1800.0,1.1,5.767844763153473e+19,0.00040027618581248267,360000.1679803875,15236964159103.967,23.266565222719763,2.263750466667708,172626194755274.16,1.0,40,TRIAL_018_AP3p2,rizk2025_refit_plot,rizk2025_refit_full,15236964159103.967,9.368088043392034e+21,7.536590904934855e+25,3.584963171967136e+24,6.7768950659722236e+22,5.438784127197996e+18,3.1749017713894676,45.34872861469428,0.9084692876005903,0.21246420769789548,1.120933495298486,0.74462207424813,1.8655555695466157,17583768419781.662,4.395942104945415e+18,110.99118621686893,0.5,20007932.874452304,20001588.195140805,1.0003172087761032,699236979.5416429,699234231.4352727,48953994.999919005,48953963.381470785,1.0000039301656678,1.0000006458812736,0.010366858177716735,83.40097647784229,3.9671707400674743,12.621485923912491,6.209137180025304,6.412348743887186,1.1405499076643801e+25,5.610932722221076e+24,5.794566354422725e+24,9.03657393860029e+25,8.457117303158015e+25,1.0053319773424687,1.083990746713884e+16,0.0009000162476055606,1.5171119360131057e-06,3.927323845048345e-09,3.927323845048345e-09,0.0023576208482391794,0.0023576208482391794,9.022746743936208e+18,1.9410709327259123e-05,6527982.800675924,1.0999999999999999,15236964159103.967,0.0,1.3405391093660972e-25,3.906465171791159e-22,3.174901771389468e-09,4.534872861469428e-08,9.168667450640273e+25,6.22948618037016e+25,7.896024030935908e+25,0.009084692876005903,0.21246420769789548,0.74462207424813,0.011209334952984859,0.018655555695466158,1276389.1307642113,54267091.14175416,1.6938850796293095e-21,1.1099118621686892e-07,2.843531534670931e-14,0.03407359027997264,1.0,2.790413000779694e-17,2.4019434300062056e-18,5.58849734755226e-17,2.3978131732901632e-12,1.3842827431568335e+19,15236964159103.967,0.0804222033507126,0.001616582584342795,9.838313809807133e-06,4.224777914965457e-06,9.838313809807133e-06,4.224777914965457e-06,5.287040220297163e-31,1.529920492793561e+19,1.024537828169744e+17,45.31756778792883,1.522927348801555e-20,-9423414.53755644,2.2436820756489705e+21,3.5566650408915666e+21,0.0,0.0,0.0,0.0,0.3333333333333333,0.3333333333333333,2.0,2.721817440169872e-17,9.201272251725335e-25,0.0,6.859556060982184e-19,,0.0,0.0,0.0,0.0,0.0,2.721817440169872e-17,6.859556060982184e-19,3.297458924236063e-08,6.316798732710672e-17,2.397813173290163e-18,4.130256716042414e-21,,,2.397813173290163e-18,4.130256716042414e-21,,1.4453593647030202e-07,3.825406763419458,14743680529829.271,8.68863471078092e-05,0.0015296962372349857,8.68863471078092e-05,0.0015296962372349857,0.0804222033507126,0.001616582584342795,False,False,1.0,1.4720786843159197,1.5216662820415137e-08,0.22244623564545354,0.6718342253016159,1.0,1.235953388477205,3.5275230027995446e-07,0.12915211019085437,0.8073489805911154,0.20865882138791111,0.12855686092466911,0.009084692876005903,0.002124642076978955,True,AP3.2,100.0,8.3,5.767844763153473e+19,$(U_{0.8}Pu_{0.2})N$,0.9084692876005903,0.010366858177716735,83.40097647784229,3.9671707400674743,6.209137180025304,6.412348743887186,4.395942104945415e+18,1.1099118621686893e-07,ok,
18,TRIAL_018,AP3.4,900.0,1.3,7.498198192099515e+19,0.00040027618581248267,360000.1679803875,15236964159103.967,23.266565222719763,2.263750466667708,172626194755274.16,1.0,40,TRIAL_018_AP3p4,rizk2025_refit_plot,rizk2025_refit_full,15236964159103.967,1.619211944925296e+23,9.831092070062018e+25,1.3204626809371205e+24,4.606794312631617e+23,5.479162852953649e+18,1.688107883048756,23.034326809060108,0.9282993045294787,0.028049775583303085,0.9563490801127817,0.0595551448391228,1.0159042249519046,118219595421421.94,2.9554898855355482e+19,25.33711220289461,0.175180096448992,261250568292.0213,87618509.25325179,2981.682415263479,1318413874.5475392,1315081827.5847611,97515824.43350181,96377898.01292591,1.0025337183534029,1.0118069229982924,0.15161746301707688,92.05498038855403,1.236436047299853,6.5569661011290385,6.5569661011290385,0.0,7.002569243770137e+24,7.002569243770137e+24,0.0,1.0679587381981997e+26,1.0679587381981997e+26,1.000701580795369,1.0346922968824995e+17,0.004708178313492325,4.149517038185881e-06,8.117730467619805e-09,8.117730467619805e-09,0.0003139464997018802,0.0003139464997018802,1.7674220248969157e+19,5.24463683143627e-06,5934529.818796294,1.2999999999999998,15236964159103.967,0.0,2.0150656650420118e-26,5.1193542400701433e-23,1.688107883048756e-09,2.303432680906011e-08,3.1715799982051403e+25,5.759392897702007e+24,9.979330457604983e+25,0.009282993045294787,0.028049775583303085,0.0595551448391228,0.009563490801127818,0.010159042249519046,236934.29904941932,385.74149770964453,2.015068470732768e-23,2.533711220289461e-08,1.4818194549264085e-15,0.28847843573929743,0.0,8.917422879279335e-19,5.811156342883063e-25,1.3520564807111044e-23,5.119872410101689e-28,1.7995675661038836e+19,15236964159103.967,0.009796067766799373,5.111086170414618e-05,1.5965907980064637e-05,6.257604537359936e-06,1.5965907980064637e-05,6.257604537359936e-06,7.426854601942261e-31,5.658094099287902e+18,1.0145595813349053e+17,9.372347948804048e-05,2.1498686548371586e-22,-4872242.022064294,2.1367488842215876e+21,0.0,0.0,0.0,0.0,0.0,0.3333333333333333,0.3333333333333333,2.0,2.4966082885114063e-31,1.092543251978497e-24,0.0,8.91742287927684e-19,,0.0,0.0,0.0,0.0,0.0,2.4966082885114063e-31,8.91742287927684e-19,1.2251782457431146e-06,2.018682020444189e-18,5.119872410101689e-34,5.811156337763191e-25,,,5.119872410101689e-34,5.811156337763191e-25,,1.4453593647030202e-07,3.825406763419458,14984548632883.994,1.4271735141668792e-06,4.96836881899793e-05,1.4271735141668792e-06,4.96836881899793e-05,0.009796067766799373,5.111086170414618e-05,False,False,1.0,1.513126421093396,8.032947833159672e-09,0.23628766859046757,0.6521646874055625,1.0,1.1094845464531482,3.5188362439260434e-07,0.0660563045094668,0.9010596594434035,0.21016610475068223,0.06546006973890696,0.009282993045294787,0.00028049775583303087,True,AP3.4,130.0,8.3,7.498198192099515e+19,$(U_{0.8}Pu_{0.2})N$,0.9282993045294787,0.15161746301707688,92.05498038855403,1.236436047299853,6.5569661011290385,0.0,2.9554898855355482e+19,2.533711220289461e-08,ok,
18,TRIAL_018,AP3.4,950.0,1.3,7.498198192099515e+19,0.00040027618581248267,360000.1679803875,15236964159103.967,23.266565222719763,2.263750466667708,172626194755274.16,1.0,40,TRIAL_018_AP3p4,rizk2025_refit_plot,rizk2025_refit_full,15236964159103.967,1.6171840676262976e+23,9.831341183874323e+25,1.3243865098699077e+24,4.598644862979504e+23,5.478844428153008e+18,1.6924768922957776,23.424617956118915,0.9338706464888892,0.02949817362866375,0.9633688201175529,0.05969127240632684,1.0230600925238797,118156021870119.72,2.9539005467529925e+19,25.36094902947719,0.1754154839620468,41291607204.410515,87536156.37252691,471.7091647100217,1313042482.2679508,1311687036.972575,95230409.66377765,94772089.95078179,1.0010333602888264,1.004836019900309,0.15142757952940394,92.05731300500628,1.240110186376993,6.55114922908733,6.55114922908733,0.0,6.996357064444213e+24,6.996357064444213e+24,0.0,1.0679587381981997e+26,1.0679587381981997e+26,1.0007378277002124,1.0321025408996534e+17,0.004699690569741044,4.136982066769698e-06,8.365731035162737e-09,8.365731035162737e-09,0.0003283042449132053,0.0003283042449132053,1.5807004326395593e+19,5.87686765437313e-06,5934529.818796294,1.2999999999999998,15236964159103.967,0.0,2.0307518286676868e-26,5.384013730539157e-23,1.6924768922957777e-09,2.3424617956118916e-08,3.361559153681644e+25,6.24375514323612e+24,9.979951675537576e+25,0.009338706464888892,0.02949817362866375,0.05969127240632684,0.009633688201175529,0.010230600925238798,236851.47667326845,2575.25996800494,2.0207610737585967e-23,2.536094902947719e-08,1.484608919508717e-15,0.2880217984263872,0.0,8.917422879351825e-19,1.625942817432566e-24,3.783010461020753e-23,2.2845010932250072e-26,1.7995675661038836e+19,15236964159103.967,0.009801245730275684,5.1120609569233555e-05,1.5953796862581293e-05,6.232478915554481e-06,1.5953796862581293e-05,6.232478915554481e-06,7.668525344581954e-31,6.031326043675318e+18,1.0617169317258083e+17,0.000626059746539137,2.155261538398279e-22,-4877973.15374915,2.134668601332708e+21,0.0,0.0,0.0,0.0,0.0,0.3333333333333333,0.3333333333333333,2.0,7.498646671560408e-30,4.074114265943587e-23,0.0,8.91742287927684e-19,,0.0,0.0,0.0,0.0,0.0,7.498646671560408e-30,8.91742287927684e-19,4.568712643848196e-05,2.0186820204605992e-18,2.284501093225007e-32,1.6259427945875551e-24,,,2.284501093225007e-32,1.6259427945875551e-24,,1.4453593647030202e-07,3.825406763419458,14980286609691.543,1.4510528042634288e-06,4.966955676497013e-05,1.4510528042634288e-06,4.966955676497013e-05,0.009801245730275684,5.1120609569233555e-05,False,False,1.0,1.5143513204026504,8.037690332329396e-09,0.23669179384916741,0.6515924020339929,1.0,1.1115089767055073,3.5189044119113036e-07,0.06716415257088942,0.8994052606752932,0.21058571530332246,0.06656792849975474,0.009338706464888892,0.0002949817362866375,True,AP3.4,130.0,8.3,7.498198192099515e+19,$(U_{0.8}Pu_{0.2})N$,0.9338706464888892,0.15142757952940394,92.05731300500628,1.240110186376993,6.55114922908733,0.0,2.9539005467529925e+19,2.536094902947719e-08,ok,
18,TRIAL_018,AP3.4,1000.0,1.3,7.498198192099515e+19,0.00040027618581248267,360000.1679803875,15236964159103.967,23.266565222719763,2.263750466667708,172626194755274.16,1.0,40,TRIAL_018_AP3p4,rizk2025_refit_plot,rizk2025_refit_full,15236964159103.967,1.615186199227304e+23,9.83162427636712e+25,1.3278016745527802e+24,4.590670949789314e+23,5.478540317853078e+18,1.6967842816846619,23.78631440170888,0.939387270913688,0.030884099028095066,0.9702713699417831,0.06064165994729122,1.0309130298890743,117714233244406.31,2.942855831110158e+19,25.526692299554526,0.17705130327187035,7884820184.615782,86967789.40053828,90.66368409459628,1308980325.2053616,1308357240.2001865,93542615.83144814,93330978.5832356,1.0004762346139344,1.0022675991554486,0.1512405059723895,92.05996378618978,1.2433080296650534,6.545487678172772,6.545487678172772,0.0,6.990310761673257e+24,6.990310761673257e+24,0.0,1.0679587381981997e+26,1.0679587381981997e+26,1.000772512603297,1.0295542671245357e+17,0.004691367361969576,4.126112221370807e-06,8.767567773403527e-09,8.767567773403527e-09,0.00034229205997076225,0.00034229205997076225,1.5376067412370807e+19,6.457215838101736e-06,5934529.818796294,1.2999999999999998,15236964159103.967,0.0,2.0462962411993407e-26,5.637286071885272e-23,1.696784281684662e-09,2.378631440170888e-08,3.5495664971496788e+25,6.708213307853788e+24,9.980556305814671e+25,0.00939387270913688,0.030884099028095066,0.06064165994729122,0.009702713699417831,0.010309130298890743,237534.93758599256,14237.012457843744,2.060639848755855e-23,2.5526692299554527e-08,1.5040772758912202e-15,0.28487238198070064,0.0,8.917422880879538e-19,4.0377712245259814e-24,9.394506754985479e-23,6.972208708889678e-25,1.7995675661038836e+19,15236964159103.967,0.00980640179648585,5.112964115219435e-05,1.5941873798285476e-05,6.209884337603829e-06,1.5941873798285476e-05,6.209884337603829e-06,8.050646221762404e-31,6.418049233164324e+18,1.1344023927533032e+17,0.003473172853237676,2.192464701602569e-22,-4916459.255661681,2.132619172664249e+21,0.0,0.0,0.0,0.0,0.0,0.3333333333333333,0.3333333333333333,2.0,1.6026995865756309e-28,5.104196168274582e-22,0.0,8.91742287927684e-19,,0.0,0.0,0.0,0.0,0.0,1.6026995865756309e-28,8.91742287927684e-19,0.0005723846717215622,2.0186820208064354e-18,6.972208708889678e-31,4.0377705273051104e-24,,,6.972208708889678e-31,4.0377705273051104e-24,,1.4453593647030202e-07,3.825406763419458,14976337758217.447,1.4731774327794613e-06,4.965646371941489e-05,1.4731774327794613e-06,4.965646371941489e-05,0.00980640179648585,5.112964115219435e-05,False,False,1.0,1.5155611876829598,8.04234152288514e-09,0.23709046592909144,0.6510279525873318,1.0,1.1133908231080252,3.518969519724582e-07,0.06819074743129871,0.8978724215919329,0.21099956356937413,0.06759454444326447,0.00939387270913688,0.00030884099028095067,True,AP3.4,130.0,8.3,7.498198192099515e+19,$(U_{0.8}Pu_{0.2})N$,0.939387270913688,0.1512405059723895,92.05996378618978,1.2433080296650534,6.545487678172772,0.0,2.942855831110158e+19,2.5526692299554527e-08,ok,
18,TRIAL_018,AP3.4,1050.0,1.3,7.498198192099515e+19,0.00040027618581248267,360000.1679803875,15236964159103.967,23.266565222719763,2.263750466667708,172626194755274.16,1.0,40,TRIAL_018_AP3p4,rizk2025_refit_plot,rizk2025_refit_full,15236964159103.967,1.613201506812708e+23,9.831925928155987e+25,1.3309586007332255e+24,4.58276880836161e+23,5.478237280178484e+18,1.7010746846487632,24.136431201493586,0.9449018563403685,0.032266259053777245,0.9771681153941457,0.06505226459010743,1.0422203799842533,115729317289600.44,2.893232932240011e+19,26.279686822002944,0.18448659909243073,1780884987.1844163,84475892.54150783,21.081576454600533,1305376116.0329149,1305057338.1840577,92084941.42140728,91977143.6575356,1.0002442634814044,1.0011720059961098,0.15105466616944502,92.06278835026775,1.246264067260449,6.539892916302344,6.539892916302344,0.0,6.984335786845596e+24,6.984335786845596e+24,0.0,1.0679587381981997e+26,1.0679587381981997e+26,1.0008071049347338,1.027025915017328e+17,0.004683109584222773,4.116097453526411e-06,9.195777504423345e-09,9.195777504423345e-09,0.00035656578295871364,0.00035656578295871364,1.5535225564166337e+19,6.974024806941389e-06,5934529.818796294,1.2999999999999998,15236964159103.967,0.0,2.0618580073607973e-26,5.889898046315729e-23,1.7010746846487633e-09,2.4136431201493587e-08,3.73745004851313e+25,7.172133951560007e+24,9.981153803297437e+25,0.009449018563403685,0.032266259053777245,0.06505226459010743,0.009771681153941458,0.010422203799842532,241402.47088360612,67263.31999149716,2.2484281809879164e-23,2.6279686822002945e-08,1.5941215537526453e-15,0.2710669986736919,0.0,8.917422904866655e-19,9.072820167908718e-24,2.1109336219065547e-22,1.5366002896313798e-23,1.7995675661038836e+19,15236964159103.967,0.009811547309665608,5.11383817693432e-05,1.5930014695507213e-05,6.188618298846951e-06,1.5930014695507213e-05,6.188618298846951e-06,8.457367220620167e-31,6.811093761462689e+18,1.211671548074838e+17,0.016666651266226993,2.367016429356794e-22,-5089626.111744332,2.1305832740189456e+21,0.0,0.0,0.0,0.0,0.0,0.3333333333333333,0.3333333333333333,2.0,2.558981501392922e-27,2.7724222720096643e-21,0.0,8.91742287927684e-19,,0.0,0.0,0.0,0.0,0.0,2.558981501392922e-27,8.91742287927684e-19,0.003108994943479269,2.0186820262365198e-18,1.5366002896313797e-29,9.072804801905822e-24,,,1.5366002896313797e-29,9.072804801905822e-24,,1.4453593647030202e-07,3.825406763419458,14972516172296.303,1.4945890009847838e-06,4.964379276835842e-05,1.4945890009847838e-06,4.964379276835842e-05,0.009811547309665608,5.11383817693432e-05,False,False,1.0,1.5167675195210677,8.046961482995205e-09,0.23748748556229496,0.6504659550610966,1.0,1.1152177021256808,3.5190344025747113e-07,0.06918440160304327,0.8963889725220274,0.2114116426854037,0.06858822103502002,0.009449018563403685,0.00032266259053777247,True,AP3.4,130.0,8.3,7.498198192099515e+19,$(U_{0.8}Pu_{0.2})N$,0.9449018563403685,0.15105466616944502,92.06278835026775,1.246264067260449,6.539892916302344,0.0,2.893232932240011e+19,2.6279686822002945e-08,ok,
18,TRIAL_018,AP3.4,1100.0,1.3,7.498198192099515e+19,0.00040027618581248267,360000.1679803875,15236964159103.967,23.266565222719763,2.263750466667708,172626194755274.16,1.0,40,TRIAL_018_AP3p4,rizk2025_refit_plot,rizk2025_refit_full,15236964159103.967,1.6112240357737274e+23,9.832241735683491e+25,1.3339370966754475e+24,4.574904814450704e+23,5.477931067738863e+18,1.7053630562672624,24.48034712123635,0.9504323792521294,0.033663392992961234,0.9840957722450906,0.08167041873386559,1.0657661909789562,108989313274770.94,2.7247328318692733e+19,28.922830862240357,0.21044885876760389,474106081.4748608,76755972.14442374,6.1767972996652905,1301955158.299619,1301775590.7408872,90744697.59910062,90684988.61579385,1.0001379404868311,1.0006584219088315,0.1508695025513902,92.065745463836,1.249053028889479,6.534332004723125,6.534332004723125,0.0,6.978396962732221e+24,6.978396962732221e+24,0.0,1.0679587381981997e+26,1.0679587381981997e+26,1.000842073730222,1.0245098817959008e+17,0.004674884853155783,4.106676961890224e-06,9.650295877012843e-09,9.650295877012843e-09,0.000371238967695772,0.000371238967695772,1.5950501909699537e+19,7.4047203754100126e-06,5934529.818796294,1.2999999999999998,15236964159103.967,0.0,2.0774910469175416e-26,6.145275027503503e-23,1.7053630562672625e-09,2.448034712123635e-08,3.925837945009627e+25,7.641699226321309e+24,9.981747685708775e+25,0.009504323792521294,0.033663392992961234,0.08167041873386559,0.009840957722450906,0.010657661909789562,256113.0721188825,280822.6070298848,2.9973734591011804e-23,2.8922830862240357e-08,1.9309127880918488e-15,0.2286329815284145,0.0,8.91742319689036e-19,1.8732291689893137e-23,4.358360863739101e-22,2.556484784617257e-22,1.7995675661038836e+19,15236964159103.967,0.009816688696247834,5.114696718941179e-05,1.5918178024349693e-05,6.168285055255161e-06,1.5918178024349693e-05,6.168285055255161e-06,8.888917610704797e-31,7.200003443383517e+18,1.2936190449180872e+17,0.0734978334033412,3.0574256707013964e-22,-5673341.110701656,2.1285548254754536e+21,0.0,0.0,0.0,0.0,0.0,0.3333333333333333,0.3333333333333333,2.0,3.1761352235744896e-26,7.906038402206534e-21,0.0,8.91742287927684e-19,,0.0,0.0,0.0,0.0,0.0,3.1761352235744896e-26,8.91742287927684e-19,0.00886583290671176,2.0186820923434e-18,2.556484784617257e-28,1.8732036041414675e-23,,,2.556484784617257e-28,1.8732036041414675e-23,,1.4453593647030202e-07,3.825406763419458,14968763106286.328,1.5156166915574455e-06,4.9631350497854345e-05,1.5156166915574455e-06,4.9631350497854345e-05,0.009816688696247834,5.114696718941179e-05,False,False,1.0,1.5179742376682712,8.051569694916548e-09,0.23788414642412517,0.6499045775397791,1.0,1.1170172914948546,3.5190999699377867e-07,0.07016038378003747,0.8949321058537003,0.21182330560653206,0.06956422680571779,0.009504323792521294,0.00033663392992961235,True,AP3.4,130.0,8.3,7.498198192099515e+19,$(U_{0.8}Pu_{0.2})N$,0.9504323792521294,0.1508695025513902,92.065745463836,1.249053028889479,6.534332004723125,0.0,2.7247328318692733e+19,2.8922830862240357e-08,ok,
18,TRIAL_018,AP3.4,1150.0,1.3,7.498198192099515e+19,0.00040027618581248267,360000.1679803875,15236964159103.967,23.266565222719763,2.263750466667708,172626194755274.16,1.0,40,TRIAL_018_AP3p4,rizk2025_refit_plot,rizk2025_refit_full,15236964159103.967,1.6092512023586045e+23,9.83256980193559e+25,1.3367701215365228e+24,4.5670660283767986e+23,5.477620067088567e+18,1.7096550446037746,24.820117246958606,0.9559856559431626,0.035082618542169555,0.9910682744853322,0.13113578838489867,1.1222040628702308,93559163519670.03,2.3389790879917507e+19,35.63626197560435,0.27425318456578207,154036123.67145452,62296096.081001826,2.4726448904786227,1298618155.8103359,1298507559.7601047,89479148.11152431,89443574.25515519,1.0000851716645005,1.0003977240027064,0.15068477318455611,92.06881736390444,1.2517057763784456,6.528792086532535,6.528792086532535,0.0,6.972480558691678e+24,6.972480558691678e+24,0.0,1.0679587381981997e+26,1.0679587381981997e+26,1.0008775972048083,1.0220031152245304e+17,0.004666680818880896,4.097740754705139e-06,1.0135004684194707e-08,1.0135004684194707e-08,0.0003862953307509097,0.0003862953307509097,1.6488862566336887e+19,7.772689460631581e-06,5934529.818796294,1.2999999999999998,15236964159103.967,0.0,2.0932161917591846e-26,6.404719223401061e-23,1.7096550446037747e-09,2.4820117246958607e-08,4.114969023986142e+25,8.119249585512301e+24,9.982339326112829e+25,0.009559856559431626,0.035082618542169555,0.13113578838489867,0.009910682744853322,0.011222040628702308,298099.3115538393,1051766.6469323179,5.606539582082881e-23,3.5636261975604346e-08,2.9313342942417677e-15,0.1523012662477476,0.0,8.917426046035813e-19,3.5983582073279434e-23,8.372143592550456e-22,3.330768464716398e-21,1.7995675661038836e+19,15236964159103.967,0.00982183021989228,5.11554618648065e-05,1.5906348184241143e-05,6.14871701506653e-06,1.5906348184241143e-05,6.14871701506653e-06,9.349026998849322e-31,7.580485693415551e+18,1.3809596659200968e+17,0.3173747794714535,5.448794322698124e-22,-6987208.201331359,2.126531592997944e+21,0.0,0.0,0.0,0.0,0.0,0.3333333333333333,0.3333333333333333,2.0,3.1667589742037936e-25,1.3686836891524853e-20,0.0,8.91742287927684e-19,,0.0,0.0,0.0,0.0,0.0,3.1667589742037936e-25,8.91742287927684e-19,0.015348416483486569,2.0186827373188347e-18,3.330768464716398e-27,3.5980251304814716e-23,,,3.330768464716398e-27,3.5980251304814716e-23,,1.4453593647030202e-07,3.825406763419458,14965056121735.584,1.5363866192021195e-06,4.961907524560438e-05,1.5363866192021195e-06,4.961907524560438e-05,0.00982183021989228,5.11554618648065e-05,False,False,1.0,1.5191828136377368,8.056173656874939e-09,0.23828093192620947,0.6493431359592349,1.0,1.118800126448424,3.519166567476002e-07,0.07112452701969726,0.8934931082339723,0.21223505848655427,0.07052839494137629,0.009559856559431626,0.00035082618542169557,True,AP3.4,130.0,8.3,7.498198192099515e+19,$(U_{0.8}Pu_{0.2})N$,0.9559856559431626,0.15068477318455611,92.06881736390444,1.2517057763784456,6.528792086532535,0.0,2.3389790879917507e+19,3.563626197560435e-08,ok,
18,TRIAL_018,AP3.4,1200.0,1.3,7.498198192099515e+19,0.00040027618581248267,360000.1679803875,15236964159103.967,23.266565222719763,2.263750466667708,172626194755274.16,1.0,40,TRIAL_018_AP3p4,rizk2025_refit_plot,rizk2025_refit_full,15236964159103.967,1.6072796506796116e+23,9.83290883972021e+25,1.339474434815467e+24,4.5592435938292255e+23,5.477303633353857e+18,1.7139534146041058,25.15660204473541,0.9615645561937453,0.03652677798480222,0.9980913341785475,0.23137376031269266,1.22946509449124,73386733439235.75,1.8346683359808938e+19,46.69238148491037,0.36930966229187784,67043646.87979077,47545229.637032755,1.4101024938066717,1295325119.0058599,1295251073.3862522,88269806.09932733,88247212.24481052,1.0000571670011544,1.0002560291021332,0.1505001638351051,92.07199199764725,1.254238002748452,6.52326983576922,6.52326983576922,0.0,6.966583022734473e+24,6.966583022734473e+24,0.0,1.0679587381981997e+26,1.0679587381982e+26,1.0009137465834776,1.0195033349092453e+17,0.004658489029751158,4.089231200314898e-06,1.0654531508939633e-08,1.0654531508939633e-08,0.0004017004972861047,0.0004017004972861047,1.7093095752005673e+19,8.10099519768817e-06,5934529.818796294,1.2999999999999998,15236964159103.967,0.0,2.1090440473397578e-26,6.668751712498396e-23,1.7139534146041059e-09,2.5156602044735414e-08,4.304945261522996e+25,8.605709165203291e+24,9.982929079708553e+25,0.009615645561937452,0.03652677798480222,0.23137376031269266,0.009980913341785474,0.0122946509449124,379718.93263257487,3211951.8760053054,1.261120365872506e-22,4.669238148491037e-08,5.03237635720176e-15,0.0832721524585574,0.0,8.917448947096045e-19,6.498475563709372e-23,1.5119720555129467e-21,3.503783313863259e-20,1.7995675661038836e+19,15236964159103.967,0.00982698644961065,5.1163987658138215e-05,1.589451763964997e-05,6.129828236720444e-06,1.589451763964997e-05,6.129828236720444e-06,9.842080346679029e-31,7.953554922155293e+18,1.4745192961737046e+17,1.2423956541596801,1.2201068024881885e-21,-8810720.686068654,2.1245133545022475e+21,0.0,0.0,0.0,0.0,0.0,0.3333333333333333,0.3333333333333333,2.0,2.6067819204802983e-24,1.6077228463606983e-20,0.0,8.91742287927684e-19,,0.0,0.0,0.0,0.0,0.0,2.6067819204802983e-24,8.91742287927684e-19,0.018028954871496642,2.018687921547413e-18,3.503783313863259e-26,6.494971780395508e-23,,,3.503783313863259e-26,6.494971780395508e-23,,1.4453593647030202e-07,3.825406763419458,14961385827614.744,1.5569544723683614e-06,4.9607033185769855e-05,1.5569544723683614e-06,4.9607033185769855e-05,0.00982698644961065,5.1163987658138215e-05,False,False,1.0,1.5203938316748171,8.060778529260777e-09,0.2386780323527358,0.6487813614464841,1.0,1.1205705692129073,3.519234333516446e-07,0.07207927320276859,0.8920683313032189,0.21264710874373274,0.07148316749492653,0.009615645561937452,0.0003652677798480222,True,AP3.4,130.0,8.3,7.498198192099515e+19,$(U_{0.8}Pu_{0.2})N$,0.9615645561937453,0.1505001638351051,92.07199199764725,1.254238002748452,6.52326983576922,0.0,1.8346683359808938e+19,4.669238148491037e-08,ok,
18,TRIAL_018,AP3.4,1250.0,1.3,7.498198192099515e+19,0.00040027618581248267,360000.1679803875,15236964159103.967,23.266565222719763,2.263750466667708,172626194755274.16,1.0,40,TRIAL_018_AP3p4,rizk2025_refit_plot,rizk2025_refit_full,15236964159103.967,1.6052934795077223e+23,9.833256335829214e+25,1.3420638893164328e+24,4.5514114774471145e+23,5.476981482215012e+18,1.718262205030856,25.490221898195415,0.9671704565371517,0.03799712435802484,1.0051675808951765,0.3411100180923222,1.3462775989874987,59419477299596.48,1.485486932489912e+19,57.016741213645666,0.44587659240427974,42607352.63188943,38935932.72336465,1.0942938733382812,1292056531.387893,1292003044.4131978,87107387.37742068,87092219.4740551,1.0000413984896759,1.0001741591092428,0.1503141855663903,92.07524583224381,1.2566626792910445,6.517777302898768,6.517777302898768,0.0,6.960717224260633e+24,6.960717224260633e+24,0.0,1.0679587381981997e+26,1.0679587381981999e+26,1.0009505533240677,1.0170031739719014e+17,0.004650283981985365,4.081100933557914e-06,1.1212588450695774e-08,1.1212588450695774e-08,0.00041742867622284146,0.00041742867622284146,1.7736457392942744e+19,8.40627200656736e-06,5934529.818796294,1.2999999999999998,15236964159103.967,0.0,2.1249901515818062e-26,6.937603218380421e-23,1.7182622050308561e-09,2.5490221898195418e-08,4.4958210877791e+25,9.101466568308622e+24,9.983515659555935e+25,0.009671704565371517,0.03799712435802484,0.3411100180923222,0.010051675808951764,0.013462775989874987,468581.5184246263,6496714.470610481,2.296284205749072e-22,5.7016741213645665e-08,7.50387941240452e-15,0.05003164043842612,0.0,8.917604161498658e-19,1.114133094756206e-22,2.5922050315935884e-21,3.0533079764031823e-19,1.7995675661038836e+19,15236964159103.967,0.009832245577207601,5.117319931904045e-05,1.588267541346623e-05,6.111563807401058e-06,1.588267541346623e-05,6.111563807401058e-06,1.037161372366417e-30,8.321832535549369e+18,1.5749608107439866e+17,3.239511487511649,2.3682756641852558e-21,-10496421.741409516,2.122504455447296e+21,0.0,0.0,0.0,0.0,0.0,0.3333333333333333,0.3333333333333333,2.0,1.8128222181985484e-23,1.3964045536228772e-20,0.0,8.91742287927684e-19,,0.0,0.0,0.0,0.0,0.0,1.8128222181985484e-23,8.91742287927684e-19,0.015658965438853957,2.0187230582150484e-18,3.0533079764031822e-25,1.111079786779803e-22,,,3.0533079764031822e-25,1.111079786779803e-22,,1.4453593647030202e-07,3.825406763419458,14957747638654.273,1.5773659359604972e-06,4.9595833383079955e-05,1.5773659359604972e-06,4.9595833383079955e-05,0.009832245577207601,5.117319931904045e-05,False,False,1.0,1.521607431890799,8.065399666259964e-09,0.23907549168507014,0.6482191922565138,1.0,1.122330707652006,3.5193033292107034e-07,0.07302581506235846,0.8906559923321445,0.21305955093467493,0.07242973730721333,0.009671704565371517,0.00037997124358024836,True,AP3.4,130.0,8.3,7.498198192099515e+19,$(U_{0.8}Pu_{0.2})N$,0.9671704565371517,0.1503141855663903,92.07524583224381,1.2566626792910445,6.517777302898768,0.0,1.485486932489912e+19,5.701674121364567e-08,ok,
18,TRIAL_018,AP3.4,1300.0,1.3,7.498198192099515e+19,0.00040027618581248267,360000.1679803875,15236964159103.967,23.266565222719763,2.263750466667708,172626194755274.16,1.0,40,TRIAL_018_AP3p4,rizk2025_refit_plot,rizk2025_refit_full,15236964159103.967,1.6032074891776755e+23,9.833601621412272e+25,1.3445693603622682e+24,4.543438506621998e+23,5.476653323654881e+18,1.7225985799417645,25.821369475695505,0.9728043822720208,0.0394949597860976,1.0122993420581186,0.40399104347130754,1.416290385529426,53498978733807.63,1.3374744683451908e+19,62.472553490966725,0.481953423816181,36196077.75282699,35535605.25296926,1.0185862178273308,1288791834.3992116,1288750627.017846,85985944.13772927,85975300.50021501,1.0000319746741546,1.000123798782352,0.15011886057344476,92.07847896823219,1.2590087166014958,6.51239345459286,6.51239345459286,0.0,6.954967496417205e+24,6.954967496417205e+24,0.0,1.0679587381981997e+26,1.0679587381981997e+26,1.0009880501227997,1.0144649731472218e+17,0.0046419361168591015,4.073251925823177e-06,1.1812433167588477e-08,1.1812433167588477e-08,0.00043347103323157434,0.00043347103323157434,1.84049949557097e+19,8.69946067265997e-06,5934529.818796294,1.2999999999999998,15236964159103.967,0.0,2.1411192885172147e-26,7.211513574450678e-23,1.7225985799417645e-09,2.5821369475695505e-08,4.68766263921138e+25,9.606877672914775e+24,9.984090632340276e+25,0.009728043822720208,0.0394949597860976,0.40399104347130754,0.010122993420581185,0.01416290385529426,520007.4962942909,8826217.1156258,3.0205514425344596e-22,6.247255349096673e-08,9.008647178373519e-15,0.03883754847783738,0.0,8.918508847779603e-19,1.836266039909085e-22,4.2723603583810056e-21,2.2525702314749626e-18,1.7995675661038836e+19,15236964159103.967,0.009838091522155513,5.1186649106464895e-05,1.5870774593466414e-05,6.0938744918663285e-06,1.5870774593466414e-05,6.0938744918663285e-06,1.0940743816000365e-30,8.687735685439556e+18,1.682870339718236e+17,5.155948566351694,3.3417600383076434e-21,-11657040.53756513,2.120530898028956e+21,0.0,0.0,0.0,0.0,0.0,0.3333333333333333,0.3333333333333333,2.0,1.085968502764781e-22,9.588632660122313e-21,0.0,8.91742287927684e-19,,0.0,0.0,0.0,0.0,0.0,1.085968502764781e-22,8.91742287927684e-19,0.010751385488067937,2.018927856614116e-18,2.2525702314749626e-24,1.8137403375943355e-22,,,2.2525702314749626e-24,1.8137403375943355e-22,,1.4453593647030202e-07,3.825406763419458,14954137274950.682,1.5977564530721825e-06,4.958889265339271e-05,1.5977564530721825e-06,4.958889265339271e-05,0.009838091522155513,5.1186649106464895e-05,False,False,1.0,1.5228230575462374,8.070114813650175e-09,0.23947312588105688,0.6476568891160902,1.0,1.1240825075565841,3.5193736169567644e-07,0.07396526645002026,0.8892544271574817,0.2134724524472163,0.07336921830091173,0.009728043822720208,0.00039494959786097597,True,AP3.4,130.0,8.3,7.498198192099515e+19,$(U_{0.8}Pu_{0.2})N$,0.9728043822720208,0.15011886057344476,92.07847896823219,1.2590087166014958,6.51239345459286,0.0,1.3374744683451908e+19,6.247255349096673e-08,ok,
18,TRIAL_018,AP3.4,1350.0,1.3,7.498198192099515e+19,0.00040027618581248267,360000.1679803875,15236964159103.967,23.266565222719763,2.263750466667708,172626194755274.16,1.0,40,TRIAL_018_AP3p4,rizk2025_refit_plot,rizk2025_refit_full,15236964159103.967,1.600615053628026e+23,9.833895686263366e+25,1.3471126032875263e+24,4.534702091346456e+23,5.476318096118974e+18,1.727043146166462,26.151153311447413,0.9784686898175762,0.041025115850894744,1.019493805668471,0.43877409729052974,1.4582679029590007,50640945539437.68,1.2660236384859419e+19,65.40238226040483,0.49999999999999994,34082699.00309776,33943717.69457712,1.0040944633634765,1285467265.3793569,1285434011.84143,84898732.93731503,84891093.46577907,1.0000258695021453,1.0000899914375476,0.14987611378399265,92.08123249082232,1.261390122206687,6.507501273187006,6.502190075622948,0.005311197564059053,6.949742848535973e+24,6.944070708687139e+24,5.672139848833858e+21,1.0679587381981997e+26,1.0679020167997113e+26,1.0010263580378995,1.0117099232943912e+17,0.004632829625368917,4.065312876607934e-06,1.2463578286219902e-08,1.2463578286219902e-08,0.0004498660040023147,0.0004498660040023147,1.9089047231621775e+19,8.98868872746093e-06,5934529.818796294,1.2999999999999998,15236964159103.967,0.0,2.1577353266155718e-26,7.491368311853348e-23,1.727043146166462e-09,2.6151153311447413e-08,4.880693170086231e+25,1.0123242055258137e+25,9.9846130971284e+25,0.009784686898175762,0.041025115850894744,0.43877409729052974,0.01019493805668471,0.014582679029590007,548494.5539398985,10267276.819139745,3.4657654403299037e-22,6.540238226040484e-08,9.873433338850568e-15,0.0340735902799727,1.0,8.92312044658399e-19,2.985052251919346e-22,6.945191291250796e-21,1.4331663655150738e-17,1.7995675661038836e+19,15236964159103.967,0.00984684439580343,5.122134329560932e-05,1.5858594801746705e-05,6.076677858307742e-06,1.5858594801746705e-05,6.076677858307742e-06,1.1558383293884859e-30,9.05336057310818e+18,1.799937243899565e+17,7.183404962003291,4.142552465455367e-21,-21262627.87381088,2.1187178693941705e+21,5.04347507407122e+21,0.0,0.0,0.0,0.0,0.3333333333333333,0.3333333333333333,2.0,5.697567307150379e-22,5.485421362683377e-21,0.0,8.91742287927684e-19,,0.0,0.0,0.0,0.0,0.0,5.697567307150379e-22,8.91742287927684e-19,0.006147424990529343,2.0199718075086675e-18,1.433166365515074e-23,2.8417356153678383e-22,,,1.433166365515074e-23,2.8417356153678383e-22,,1.4453593647030202e-07,3.825406763419458,14950542659057.943,1.6187352711526463e-06,4.9602608024456674e-05,1.6187352711526463e-06,4.9602608024456674e-05,0.00984684439580343,5.122134329560932e-05,False,False,1.0,1.5240375629132292,8.075294140699356e-09,0.23986990648944678,0.6470959062781728,1.0,1.1258317591544638,3.519445424432585e-07,0.07490077130118923,0.887858944413294,0.2138859765976674,0.074304754799513,0.009784686898175762,0.00041025115850894744,True,AP3.4,130.0,8.3,7.498198192099515e+19,$(U_{0.8}Pu_{0.2})N$,0.9784686898175762,0.14987611378399265,92.08123249082232,1.261390122206687,6.502190075622948,0.005311197564059053,1.2660236384859419e+19,6.540238226040484e-08,ok,
18,TRIAL_018,AP3.4,1400.0,1.3,7.498198192099515e+19,0.00040027618581248267,360000.1679803875,15236964159103.967,23.266565222719763,2.263750466667708,172626194755274.16,1.0,40,TRIAL_018_AP3p4,rizk2025_refit_plot,rizk2025_refit_full,15236964159103.967,1.5958012301573932e+23,9.83393282403065e+25,1.350191717135138e+24,4.52257512769421e+23,5.475971152524075e+18,1.7319381501181295,26.483972634019338,0.9841732018029277,0.04260878518582118,1.0267819869887487,0.44613736164979356,1.4729193486385423,48983135258324.47,1.2245783814581117e+19,66.49992888697821,0.5,33400960.903462347,33383494.34588212,1.0005232093860295,1281828364.7609248,1281800969.5372677,83829633.13093266,83824282.35665648,1.0000213724472895,1.0000638332250005,0.14942536383472454,92.08158023616073,1.2642732989975867,6.504721101006975,6.294239795128099,0.21048130587887645,6.946773739362613e+24,6.721988389521899e+24,2.247853498407142e+23,1.0679587381981997e+26,1.0657108846997928e+26,1.0010660077498879,1.0079846315568107e+17,0.0046203652442883955,4.055784710063921e-06,1.320300606242055e-08,1.320300606242055e-08,0.00046683458329758727,0.00046683458329758727,1.977533649885487e+19,9.2837506071109e-06,5934529.818796294,1.2999999999999998,15236964159103.967,0.0,2.1761345561211244e-26,7.781046320191302e-23,1.7319381501181296e-09,2.648397263401934e-08,5.075847406805794e+25,1.0656364615856152e+25,9.984910008045737e+25,0.009841732018029277,0.04260878518582118,0.44613736164979356,0.010267819869887488,0.014729193486385423,548922.6734117251,10873350.974913038,3.6431915539663174e-22,6.649992888697821e-08,1.020759486633774e-14,0.03407359027997264,1.0,8.943977631537627e-19,5.093242848331348e-22,1.1850226692585229e-20,7.989389038480301e-17,1.7995675661038836e+19,15236964159103.967,0.009868340166230151,5.1349389193540764e-05,1.5845201666782576e-05,6.059732704313036e-06,1.5845201666782576e-05,6.059732704313036e-06,1.2258942324131895e-30,9.421469091117212e+18,1.932701768536938e+17,3.527592560571982,2.0838363624027654e-21,-10003227.78881637,2.1175945411934856e+21,2.3746081214804525e+21,0.0,0.0,0.0,0.0,0.3333333333333333,0.3333333333333333,2.0,2.6554752260788454e-21,2.7246350804779008e-21,0.0,8.91742287927684e-19,,0.0,0.0,0.0,0.0,0.0,2.6554752260788454e-21,8.91742287927684e-19,0.0030463348553897134,2.0246933537258844e-18,7.989389038480301e-23,4.2943039444833175e-22,,,7.989389038480301e-23,4.2943039444833175e-22,,1.4453593647030202e-07,3.825406763419458,14946915874253.23,1.642899457974864e-06,4.97064897355659e-05,1.642899457974864e-06,4.97064897355659e-05,0.009868340166230151,5.1349389193540764e-05,False,False,1.0,1.525237651734934,8.082505631527471e-09,0.24026149995667812,0.6465423682877827,1.0,1.1276018382755215,3.5195197474482237e-07,0.07584480512857388,0.8864509384426452,0.214300826070437,0.07524882405542462,0.009841732018029277,0.0004260878518582118,True,AP3.4,130.0,8.3,7.498198192099515e+19,$(U_{0.8}Pu_{0.2})N$,0.9841732018029277,0.14942536383472454,92.08158023616073,1.2642732989975867,6.294239795128099,0.21048130587887645,1.2245783814581117e+19,6.649992888697821e-08,ok,
18,TRIAL_018,AP3.4,1450.0,1.3,7.498198192099515e+19,0.00040027618581248267,360000.1679803875,15236964159103.967,23.266565222719763,2.263750466667708,172626194755274.16,1.0,40,TRIAL_018_AP3p4,rizk2025_refit_plot,rizk2025_refit_full,15236964159103.967,1.5823658848358653e+23,9.832938721345936e+25,1.3556743366212718e+24,4.49721189166208e+23,5.475594110770812e+18,1.738581517550153,26.836469793833427,0.9899588328537237,0.044329824795926245,1.03428865764965,0.45318154459026816,1.487470202239918,47472197762880.79,1.1868049440720198e+19,67.54991417150171,0.5,32873833.162180755,32864586.5391282,1.0002813552223317,1276925665.328308,1276903025.5930805,82726667.48175307,82723250.0047424,1.0000177301915445,1.000041312170526,0.1481673240958302,92.07227179896033,1.2694070361823995,6.5101538407614505,6.114664352632929,0.3954894881285197,6.952575681255761e+24,6.530209226543375e+24,4.2236645471238574e+23,1.0679587381981997e+26,1.0637350736510758e+26,1.0011090990680442,1.0004745815613624e+17,0.004594800612544304,4.039103732117097e-06,1.4116442657782342e-08,1.4116442657782342e-08,0.0004852850742578906,0.0004852850742578906,2.043016245688031e+19,9.605423269628166e-06,5934529.818796294,1.2999999999999998,15236964159103.967,0.0,2.2012723809814853e-26,8.095893139472647e-23,1.7385815175501532e-09,2.683646979383343e-08,5.276778701415955e+25,1.1229515254828998e+25,9.98432981385642e+25,0.009899588328537236,0.044329824795926245,0.45318154459026816,0.010342886576496499,0.01487470202239918,550234.4137645501,11469607.786116883,3.8185006462423994e-22,6.754991417150171e-08,1.0532480558356566e-14,0.03407359027997264,1.0,9.028722799084174e-19,1.0241072151243713e-21,2.3827457315749085e-20,3.956100289530877e-16,1.7995675661038836e+19,15236964159103.967,0.009939863253482173,5.184482273405737e-05,1.5827060079273516e-05,6.042218551792234e-06,1.5827060079273516e-05,6.042218551792234e-06,1.3122124666190591e-30,9.798372020388807e+18,2.096455651449215e+17,4.124225630819969,2.3770995707562635e-21,-10718293.131540153,2.1191533603003879e+21,2.5504334760388434e+21,0.0,0.0,0.0,0.0,0.3333333333333333,0.3333333333333333,2.0,1.1129991980733449e-20,1.2141082623128306e-21,0.0,8.91742287927684e-19,,0.0,0.0,0.0,0.0,0.0,1.1129991980733449e-20,8.91742287927684e-19,0.0013447176187931956,2.043877544984017e-18,3.9561002895308766e-22,6.284971861712836e-22,,,3.9561002895308766e-22,6.284971861712836e-22,,1.4453593647030202e-07,3.825406763419458,14943075695010.39,1.6802502179408746e-06,5.0164572516116495e-05,1.6802502179408746e-06,5.0164572516116495e-05,0.009939863253482173,5.184482273405737e-05,False,False,1.0,1.5263741240015771,8.097671994412826e-09,0.24063189870398333,0.6460188918647564,1.0,1.1294817561453816,3.51960052482381e-07,0.07684456098311719,0.8849600454171785,0.21471994058800312,0.07624862298811536,0.009899588328537236,0.00044329824795926245,True,AP3.4,130.0,8.3,7.498198192099515e+19,$(U_{0.8}Pu_{0.2})N$,0.9899588328537237,0.1481673240958302,92.07227179896033,1.2694070361823995,6.114664352632929,0.3954894881285197,1.1868049440720198e+19,6.754991417150171e-08,ok,
18,TRIAL_018,AP3.4,1500.0,1.3,7.498198192099515e+19,0.00040027618581248267,360000.1679803875,15236964159103.967,23.266565222719763,2.263750466667708,172626194755274.16,1.0,40,TRIAL_018_AP3p4,rizk2025_refit_plot,rizk2025_refit_full,15236964159103.967,1.5396929847447943e+23,9.828317621589916e+25,1.3698172264652018e+24,4.426381059541028e+23,5.475122249355969e+18,1.7513407602722417,27.264999794011693,0.9959771493212035,0.0464835112482288,1.0424606605694322,0.4614030713075817,1.5038637318770138,45795500171638.63,1.144887504290966e+19,68.77539087226928,0.5,32286410.209202748,32278987.757743444,1.0002299468470017,1267619489.3957436,1267600258.2472339,81425083.16912767,81423070.48495142,1.000015171303717,1.0000247188439868,0.14417157982549758,92.02900140291659,1.2826499540387495,6.544177063219151,5.947403007144097,0.5967740560750542,6.988911078981126e+24,6.351581011065789e+24,6.373300679153365e+23,1.0679587381981997e+26,1.0615854375190463e+26,1.0011630268503005,9.800486453393866e+16,0.004524239710543291,3.997055686192681e-06,1.521456247057334e-08,1.521456247057334e-08,0.000508434680596998,0.000508434680596998,2.094897938459378e+19,1.0013160043291015e-05,5934529.818796294,1.2999999999999998,15236964159103.967,0.0,2.2500935548112895e-26,8.489949471666425e-23,1.7513407602722418e-09,2.7264999794011695e-08,5.496227447863779e+25,1.1925561431861667e+25,9.980696274083884e+25,0.009959771493212035,0.0464835112482288,0.4614030713075817,0.010424606605694322,0.01503863731877014,554777.7390582451,12180740.39425239,4.0301171038924973e-22,6.877539087226928e-08,1.0918103266173133e-14,0.03407359027997264,1.0,9.341414501778096e-19,2.65480851490482e-21,6.176827546586479e-20,1.7607759639859707e-15,1.7995675661038836e+19,15236964159103.967,0.010188412465762551,5.365154562453329e-05,1.5792331408164096e-05,6.021503065409656e-06,1.5792331408164096e-05,6.021503065409656e-06,1.4157528254282248e-30,1.0203406697160352e+19,2.2942001523947738e+17,4.638274115340304,2.612659086660192e-21,-10963220.827607727,2.1300548299014999e+21,2.630254721409915e+21,0.0,0.0,0.0,0.0,0.3333333333333333,0.3333333333333333,2.0,4.239916225012569e-20,4.981451519947624e-22,0.0,8.91742287927684e-19,,0.0,0.0,0.0,0.0,0.0,4.239916225012569e-20,8.91742287927684e-19,0.0005332652264814314,2.114663143773666e-18,1.7607759639859707e-21,8.940325509188496e-22,,,1.7607759639859707e-21,8.940325509188496e-22,,1.4453593647030202e-07,3.825406763419458,14938408637606.873,1.765833901815318e-06,5.1885711722717974e-05,1.765833901815318e-06,5.1885711722717974e-05,0.010188412465762551,5.365154562453329e-05,False,False,1.0,1.5272872943718048,8.1406375672388e-09,0.24092921195925424,0.6455987772121067,1.0,1.131774382419175,3.5197016270003694e-07,0.07805983884953464,0.8831480642340864,0.21515418176741014,0.07746395062821149,0.009959771493212035,0.00046483511248228795,True,AP3.4,130.0,8.3,7.498198192099515e+19,$(U_{0.8}Pu_{0.2})N$,0.9959771493212035,0.14417157982549758,92.02900140291659,1.2826499540387495,5.947403007144097,0.5967740560750542,1.144887504290966e+19,6.877539087226929e-08,ok,
18,TRIAL_018,AP3.4,1550.0,1.3,7.498198192099515e+19,0.00040027618581248267,360000.1679803875,15236964159103.967,23.266565222719763,2.263750466667708,172626194755274.16,1.0,40,TRIAL_018_AP3p4,rizk2025_refit_plot,rizk2025_refit_full,15236964159103.967,1.4163869693073032e+23,9.81258334504641e+25,1.4106176049753173e+24,4.224885891309909e+23,5.474358064014019e+18,1.7827428549580593,27.93177948193359,1.0026969792312448,0.04997095201842895,1.0526679312496738,0.4732399954577752,1.525907926707449,43533229438778.32,1.088330735969458e+19,70.53976812890068,0.49999999999999994,31478706.65684746,31471608.978686865,1.0002255263836495,1245289162.85736,1245272134.3551412,79480627.76528418,79479361.54357466,1.0000136745228203,1.0000159314529575,0.13262562668825129,91.88167102412265,1.3208540316409905,6.664849317548103,5.793807095456213,0.8710422220918896,7.117784067449804e+24,6.187546915027193e+24,9.302371524226106e+23,1.0679587381981997e+26,1.0586563666739734e+26,1.0012503621622058,9.232670403351827e+16,0.004324348890368607,3.88090044476075e-06,1.6208693155207026e-08,1.6208693155207026e-08,0.0005460892873090417,0.0005460892873090417,2.1033985341979005e+19,1.0666184456464648e-05,5934529.818796294,1.2999999999999998,15236964159103.967,0.0,2.3733113864534758e-26,9.128184790636119e-23,1.7827428549580594e-09,2.793177948193359e-08,5.7720224322279625e+25,1.3000584290225371e+25,9.967808975237015e+25,0.010026969792312448,0.04997095201842895,0.4732399954577752,0.010526679312496737,0.01525907926707449,568535.5297363241,13229870.413703322,4.348310488871976e-22,7.053976812890068e-08,1.148547917179359e-14,0.0340735902799727,1.0,1.039906973829712e-18,8.356987325282236e-21,1.9443839066912153e-19,7.11715258415843e-15,1.7995675661038836e+19,15236964159103.967,0.010998979516874964,5.9745449536767055e-05,1.5707502270342183e-05,5.990466051348157e-06,1.5707502270342183e-05,5.990466051348157e-06,1.5094193541047282e-30,1.0695520798028749e+19,2.4786840444161974e+17,5.306537123779972,2.902627174244069e-21,-11006593.384197792,2.1693384606833537e+21,2.7061455637576176e+21,0.0,0.0,0.0,0.0,0.3333333333333333,0.3333333333333333,2.0,1.4816468590202815e-19,1.921420918257287e-22,0.0,8.91742287927684e-19,,0.0,0.0,0.0,0.0,0.0,1.4816468590202815e-19,8.91742287927684e-19,0.0001847685385915996,2.3540898972980146e-18,7.11715258415843e-21,1.239834741123807e-21,,,7.11715258415843e-21,1.239834741123807e-21,,1.4453593647030202e-07,3.825406763419458,14931149971977.303,2.01319095414283e-06,5.773225858262423e-05,2.01319095414283e-06,5.773225858262423e-05,0.010998979516874964,5.9745449536767055e-05,False,False,1.0,1.5275491444535885,8.26805174249964e-09,0.24101441564340126,0.6454783930224998,1.0,1.1353574815730185,3.5198653911542413e-07,0.07995052785002578,0.8803297335859602,0.21563697733179737,0.07935467935544652,0.010026969792312448,0.0004997095201842895,True,AP3.4,130.0,8.3,7.498198192099515e+19,$(U_{0.8}Pu_{0.2})N$,1.0026969792312448,0.13262562668825129,91.88167102412265,1.3208540316409905,5.793807095456213,0.8710422220918896,1.088330735969458e+19,7.053976812890068e-08,ok,
18,TRIAL_018,AP3.4,1600.0,1.3,7.498198192099515e+19,0.00040027618581248267,360000.1679803875,15236964159103.967,23.266565222719763,2.263750466667708,172626194755274.16,1.0,40,TRIAL_018_AP3p4,rizk2025_refit_plot,rizk2025_refit_full,15236964159103.967,1.1449986598179434e+23,9.769040499432506e+25,1.5179521400518107e+24,3.751611881192324e+23,5.472821238633534e+18,1.8599699290941951,29.18439096304551,1.0111702426817137,0.05698384840750692,1.0681540910892207,0.4945221984005335,1.5626762894897541,39866874254538.38,9.966718563634596e+18,73.7120309876267,0.49999999999999994,30124406.67470352,30117200.275931202,1.0002392785088352,1193582451.444345,1193567683.6889184,76068944.73001294,76068059.90267389,1.0000123727842405,1.000011632048197,0.107213754507943,91.4739507250466,1.4213584156002268,6.997477104845274,5.658691370425523,1.3387857344197511,7.473016819461351e+24,6.043248895812683e+24,1.4297679236486676e+24,1.0679587381981997e+26,1.0536610589617135e+26,1.0014260212476251,7.95210996053211e+16,0.003855236783628218,3.605460994021947e-06,1.6775347396947572e-08,1.6775347396947572e-08,0.000622113476100627,0.000622113476100627,2.012221254768075e+19,1.1814202772633414e-05,5934529.818796294,1.2999999999999998,15236964159103.967,0.0,2.6952954482070445e-26,1.0412152329268254e-22,1.8599699290941953e-09,2.918439096304551e-08,6.188745590946946e+25,1.5088769775580748e+25,9.932285700035867e+25,0.010111702426817137,0.05698384840750692,0.4945221984005335,0.010681540910892207,0.01562676289489754,606342.8857981992,15219589.166625023,4.961735351943102e-22,7.37120309876267e-08,1.254174071455027e-14,0.0340735902799727,1.0,1.3705602340796549e-18,2.804370316124471e-20,6.5248064868769245e-19,2.6363059898109156e-14,1.7995675661038836e+19,15236964159103.967,0.013371214356944282,7.879026047035233e-05,1.5502789037743937e-05,5.935796997487029e-06,1.5502789037743937e-05,5.935796997487029e-06,1.5624611181686315e-30,1.1409840447234705e+19,2.6002983751384848e+17,6.587040049047079,3.432443860748771e-21,-10915998.401115345,2.2785508826607706e+21,2.862347583354386e+21,0.0,0.0,0.0,0.0,0.3333333333333333,0.3333333333333333,2.0,4.788179461519709e-19,7.08396822782879e-23,0.0,8.91742287927684e-19,,0.0,0.0,0.0,0.0,0.0,4.788179461519709e-19,8.91742287927684e-19,5.1686661057882994e-05,3.1026063694940218e-18,2.6363059898109155e-20,1.680643263135559e-21,,,2.6363059898109155e-20,1.680643263135559e-21,,1.4453593647030202e-07,3.825406763419458,14917525032821.082,2.7706391293850173e-06,7.601962134096732e-05,2.7706391293850173e-06,7.601962134096732e-05,0.013371214356944282,7.879026047035233e-05,False,False,1.0,1.5263800689603149,8.602062855679683e-09,0.24063383516881595,0.6460161553616102,1.0,1.1421409262782916,3.5201948296246133e-07,0.08350144349822633,0.8750389412870673,0.21624268581143283,0.08290561119240819,0.010111702426817137,0.0005698384840750692,True,AP3.4,130.0,8.3,7.498198192099515e+19,$(U_{0.8}Pu_{0.2})N$,1.0111702426817137,0.107213754507943,91.4739507250466,1.4213584156002268,5.658691370425523,1.3387857344197511,9.966718563634596e+18,7.371203098762671e-08,ok,
18,TRIAL_018,AP3.4,1650.0,1.3,7.498198192099515e+19,0.00040027618581248267,360000.1679803875,15236964159103.967,23.266565222719763,2.263750466667708,172626194755274.16,1.0,40,TRIAL_018_AP3p4,rizk2025_refit_plot,rizk2025_refit_full,15236964159103.967,7.615934987454854e+22,9.674737407226363e+25,1.7469369522232673e+24,2.9707301197701853e+23,5.469703697872714e+18,2.018050220436204,31.441118914073787,1.0226987331308948,0.07121088600830441,1.093909619139199,0.5347514211659405,1.6286610403051398,34094150501267.695,8.523537625316924e+18,79.7084811463515,0.5,27858999.64013853,27851490.43203938,1.0002696160235114,1100083424.751607,1100071731.3765087,70608772.95297542,70608174.15776752,1.0000106296478355,1.0000084805366383,0.07131300784432958,90.59092885507017,1.635771954233552,7.701986182851965,5.546857975544938,2.155128207307027,8.225403445458554e+24,5.923815444527593e+24,2.301588000930961e+24,1.0679587381981997e+26,1.0449428581888904e+26,1.0017825195840528,5.988691790746505e+16,0.003080148328452648,3.13106783010594e-06,1.6591877212131425e-08,1.6591877212131425e-08,0.0007768890383545501,0.0007768890383545501,1.7877511054073487e+19,1.3703570204243776e-05,5934529.818796294,1.2999999999999998,15236964159103.967,0.0,3.4425837820973464e-26,1.3019148740360446e-22,2.018050220436204e-09,3.1441118914073787e-08,6.857734567840975e+25,1.92923740417103e+25,9.857047037436145e+25,0.010226987331308947,0.07121088600830441,0.5347514211659405,0.010939096191391991,0.016286610403051398,694994.9310873526,19452849.453752514,6.273820151595298e-22,7.97084811463515e-08,1.4665272272479964e-14,0.03407359027997264,1.0,2.332934307037629e-18,9.243457552501816e-20,2.150635080287251e-18,9.020265555838444e-14,1.7995675661038836e+19,15236964159103.967,0.01939902489885039,0.00013426148824001257,1.5101073363616387e-05,5.847772889478355e-06,1.5101073363616387e-05,5.847772889478355e-06,1.544053914570199e-30,1.2532274070533757e+19,2.611934674851582e+17,9.497079169361896,4.549939650181559e-21,-10583480.644503696,2.512670938064801e+21,3.180905576617346e+21,0.0,0.0,0.0,0.0,0.3333333333333333,0.3333333333333333,2.0,1.441192019109945e-18,2.5299362888157518e-23,0.0,8.91742287927684e-19,,0.0,0.0,0.0,0.0,0.0,1.441192019109945e-18,8.91742287927684e-19,1.0844438616140361e-05,5.281181126261538e-18,9.020265555838444e-20,2.2319199666337208e-21,,,9.020265555838444e-20,2.2319199666337208e-21,,1.4453593647030202e-07,3.825406763419458,14893019316311.545,5.075306497247864e-06,0.0001291861817427647,5.075306497247864e-06,0.0001291861817427647,0.01939902489885039,0.00013426148824001257,False,False,1.0,1.5232885591800078,9.297971991585112e-09,0.23962526340788443,0.6474417781742078,1.0,1.1545350584237015,3.520863499618337e-07,0.08989527937068484,0.8655203100682178,0.2170613864378641,0.08929945254608773,0.010226987331308947,0.0007121088600830442,True,AP3.4,130.0,8.3,7.498198192099515e+19,$(U_{0.8}Pu_{0.2})N$,1.0226987331308948,0.07131300784432958,90.59092885507017,1.635771954233552,5.546857975544938,2.155128207307027,8.523537625316924e+18,7.97084811463515e-08,ok,
18,TRIAL_018,AP3.4,1700.0,1.3,7.498198192099515e+19,0.00040027618581248267,360000.1679803875,15236964159103.967,23.266565222719763,2.263750466667708,172626194755274.16,1.0,40,TRIAL_018_AP3p4,rizk2025_refit_plot,rizk2025_refit_full,15236964159103.967,4.282233105774462e+22,9.51736098993284e+25,2.1319588569925834e+24,2.108038511204892e+23,5.464141941711468e+18,2.2735682603063165,34.81663929693829,1.0377461794504903,0.09659866541544132,1.1343448448659315,0.6027974708604468,1.7371423157263783,26831251234831.957,6.70781280870799e+18,89.85122608255456,0.5,24715382.10132763,24707509.254913036,1.0003186418482481,976447131.2991637,976438683.9658382,63762971.36630761,63762615.94539432,1.000008651166186,1.0000055741269083,0.0400973647446268,89.11730996264892,1.996293284316869,8.84629938828954,5.4553458735321065,3.390953514757432,9.447482732441202e+24,5.826084295532105e+24,3.621398436909097e+24,1.0679587381981997e+26,1.0317447538291081e+26,1.002419138159748,4.023285881792673e+16,0.002219906301719465,2.5629908377063628e-06,1.5205837131531318e-08,1.5205837131531318e-08,0.0010544127964031604,0.0010544127964031604,1.4921879014173905e+19,1.6082423791922497e-05,5934529.818796294,1.2999999999999998,15236964159103.967,0.0,4.922804654348299e-26,1.7678652283543148e-22,2.2735682603063167e-09,3.481663929693829e-08,7.830687484108617e+25,2.686224809515057e+25,9.734839108737872e+25,0.010377461794504902,0.09659866541544132,0.6027974708604468,0.011343448448659315,0.017371423157263782,868552.0096757564,28233231.165641785,8.986498103791797e-22,8.985122608255456e-08,1.863498633082407e-14,0.03407359027997264,1.0,4.9573286738281364e-18,2.899995230890099e-19,6.747292818508074e-18,2.8708990269161864e-13,1.7995675661038836e+19,15236964159103.967,0.032605404686628814,0.0002857611902684035,1.4499810495644175e-05,5.73649007679948e-06,1.4499810495644175e-05,5.73649007679948e-06,1.412102542929545e-30,1.4172042451773743e+19,2.4372286480668192e+17,16.222297392567004,6.846383157240737e-21,-9863910.903817298,2.9000855330014364e+21,3.704977636252019e+21,0.0,0.0,0.0,0.0,0.3333333333333333,0.3333333333333333,2.0,4.065586385900453e-18,8.846547337881255e-24,0.0,8.91742287927684e-19,,0.0,0.0,0.0,0.0,0.0,4.065586385900453e-18,8.91742287927684e-19,1.7845391984166736e-06,1.1222155098803653e-17,2.8708990269161863e-19,2.90962039739128e-21,,,2.8708990269161863e-19,2.90962039739128e-21,,1.4453593647030202e-07,3.825406763419458,14856479800559.639,1.1922738648644035e-05,0.0002738384516197595,1.1922738648644035e-05,0.0002738384516197595,0.032605404686628814,0.0002857611902684035,False,False,1.0,1.5190703034282054,1.0424390841158423e-08,0.2382440143972912,0.6493953685954684,1.0,1.1734932649897896,3.522057687769259e-07,0.09944890041297029,0.8513184283596649,0.21812078284562617,0.0988531187230118,0.010377461794504902,0.0009659866541544132,True,AP3.4,130.0,8.3,7.498198192099515e+19,$(U_{0.8}Pu_{0.2})N$,1.0377461794504903,0.0400973647446268,89.11730996264892,1.996293284316869,5.4553458735321065,3.390953514757432,6.70781280870799e+18,8.985122608255457e-08,ok,
18,TRIAL_018,AP3.4,1750.0,1.3,7.498198192099515e+19,0.00040027618581248267,360000.1679803875,15236964159103.967,23.266565222719763,2.263750466667708,172626194755274.16,1.0,40,TRIAL_018_AP3p4,rizk2025_refit_plot,rizk2025_refit_full,15236964159103.967,2.2244972053884626e+22,9.302069790012848e+25,2.6734499335637015e+24,1.4017814078845465e+23,5.455415828834716e+18,2.6199086391813813,39.08578537711592,1.0559110767865199,0.13644982959254834,1.1923609063790683,0.7073173766499257,1.8996782830289938,19487454480533.17,4.871863620133293e+18,105.43065721688319,0.5,21064620.86511515,21056493.989534758,1.0003859557808832,847363700.5962229,847357792.099828,56798322.868616484,56798142.306225054,1.0000069728471845,1.0000031790193147,0.020829430256280406,87.10139687331723,2.503326990024162,10.374446706402336,5.375825634134553,4.998621072267783,1.1079481014073907e+25,5.741159961003874e+24,5.338321053070033e+24,1.0679587381981997e+26,1.0145755276674993e+26,1.0034196144867766,2.5625904761723652e+16,0.001509257260159162,2.040600414654848e-06,1.2345849795885705e-08,1.2345849795885705e-08,0.0014934250419184926,0.0014934250419184926,1.2181482548994556e+19,1.933976395113517e-05,5934529.818796294,1.2999999999999998,15236964159103.967,0.0,7.532637191843015e-26,2.501181099181109e-22,2.6199086391813816e-09,3.908578537711592e-08,9.078852256111309e+25,3.892761121432655e+25,9.571639280574606e+25,0.010559110767865199,0.13644982959254834,0.7073173766499257,0.011923609063790683,0.018996782830289938,1178431.9941301635,46267079.76763916,1.4518414959870606e-21,1.054306572168832e-07,2.565753267054303e-14,0.03407359027997264,1.0,1.170078713301288e-17,8.589643716813095e-19,1.9985150577715687e-17,8.552344067970446e-13,1.7995675661038836e+19,15236964159103.967,0.05831135485163215,0.0006758618785822403,1.3772980363150226e-05,5.62221485213965e-06,1.3772980363150226e-05,5.62221485213965e-06,1.1427964653867649e-30,1.6318870633978325e+19,2.0227185446560384e+17,32.005088613379954,1.1425501155941284e-20,-8684606.564639308,3.4302949892941467e+21,4.4258357658599964e+21,0.0,0.0,0.0,0.0,0.3333333333333333,0.3333333333333333,2.0,1.0809044845085196e-17,3.0549830664988003e-24,0.0,8.91742287927684e-19,,0.0,0.0,0.0,0.0,0.0,1.0809044845085196e-17,8.91742287927684e-19,2.610920984862119e-07,2.648766233273742e-17,8.552344067970446e-19,3.7299648842649055e-21,,,8.552344067970446e-19,3.7299648842649055e-21,,1.4453593647030202e-07,3.825406763419458,14810506859441.707,3.152082935842111e-05,0.0006443410492238192,3.152082935842111e-05,0.0006443410492238192,0.05831135485163215,0.0006758618785822403,False,False,1.0,1.5151269626551453,1.1943114853636973e-08,0.2369474376959245,0.6512304423801282,1.0,1.1982012855186532,3.5239345809070023e-07,0.11151081183064111,0.833427081834162,0.219386103759998,0.11091518277592394,0.010559110767865199,0.0013644982959254833,True,AP3.4,130.0,8.3,7.498198192099515e+19,$(U_{0.8}Pu_{0.2})N$,1.0559110767865199,0.020829430256280406,87.10139687331723,2.503326990024162,5.375825634134553,4.998621072267783,4.871863620133293e+18,1.054306572168832e-07,ok,
18,TRIAL_018,AP3.4,1800.0,1.3,7.498198192099515e+19,0.00040027618581248267,360000.1679803875,15236964159103.967,23.266565222719763,2.263750466667708,172626194755274.16,1.0,40,TRIAL_018_AP3p4,rizk2025_refit_plot,rizk2025_refit_full,15236964159103.967,1.1394550434347996e+22,9.039933169502484e+25,3.360994296837082e+24,9.083983466929374e+22,5.442806208312071e+18,3.0473324226727194,43.990174161599384,1.0767737057695441,0.19407899069389023,1.2708526964634344,0.8580866616225049,2.128939358085939,13241020756843.143,3.310255189210786e+18,127.90388539920997,0.5,17364942.453772932,17356783.127197422,1.0004700944014635,728510251.8691981,728506015.1241747,50465886.87782936,50465815.203294165,1.0000058156623768,1.0000014202591379,0.010669466924885362,84.64683930349364,3.1471199931446447,12.195371236436824,5.299526530994855,6.895844705441967,1.3024153277523688e+25,5.659675667089148e+24,7.36447761043454e+24,1.0679587381981997e+26,9.943139620938544e+25,1.0048689587227633,1.6153249873707002e+16,0.0010058980075970322,1.6194068980518703e-06,7.845255265743981e-09,7.845255265743981e-09,0.002134906865770066,0.002134906865770066,1.0012280692766757e+19,2.392199215617688e-05,5934529.818796294,1.2999999999999998,15236964159103.967,0.0,1.1853541011931434e-25,3.565789103376477e-22,3.0473324226727195e-09,4.399017416159939e-08,1.055565578029884e+26,5.665334184978443e+25,9.377172054229628e+25,0.010767737057695442,0.19407899069389023,0.8580866616225049,0.012708526964634344,0.021289393580859392,1709739.9878824747,83755317.27113342,2.5922069827706714e-21,1.2790388539920997e-07,3.776143918070615e-14,0.03407359027997264,1.0,2.8109916689626407e-17,2.4025223904971453e-18,5.589844389754643e-17,2.3978131732901632e-12,1.7995675661038836e+19,15236964159103.967,0.1044916787046389,0.0016274648019696635,1.2998206346095345e-05,5.517375158613938e-06,1.2998206346095345e-05,5.517375158613938e-06,7.231566398322635e-31,1.8922744147504e+19,1.3365867700195718e+17,70.11287237642352,2.0484837267673447e-20,-7189739.856071997,4.08061306246451e+21,5.315986464603965e+21,0.0,0.0,0.0,0.0,0.3333333333333333,0.3333333333333333,2.0,2.721817440169872e-17,1.0491064501063835e-24,0.0,8.91742287927684e-19,,0.0,0.0,0.0,0.0,0.0,2.721817440169872e-17,8.91742287927684e-19,3.732157806406955e-08,6.363383702413217e-17,2.397813173290163e-18,4.7092172069822286e-21,,,2.397813173290163e-18,4.7092172069822286e-21,,1.4453593647030202e-07,3.825406763419458,14758104731222.615,8.497981294836119e-05,0.0015424849890213024,8.497981294836119e-05,0.0015424849890213024,0.1044916787046389,0.0016274648019696635,False,False,1.0,1.5123016683236297,1.3801287784324356e-08,0.236015277898113,0.6525504876121809,1.0,1.2276104885285413,3.5266538590677406e-07,0.12533161304468102,0.8129869357507986,0.22082156353432816,0.12473629541839065,0.010767737057695442,0.0019407899069389023,True,AP3.4,130.0,8.3,7.498198192099515e+19,$(U_{0.8}Pu_{0.2})N$,1.0767737057695441,0.010669466924885362,84.64683930349364,3.1471199931446447,5.299526530994855,6.895844705441967,3.310255189210786e+18,1.2790388539920997e-07,ok,
18,TRIAL_018,AP3.8,900.0,1.1,6.863735268152632e+19,0.00040027618581248267,360000.1679803875,15236964159103.967,23.266565222719763,2.263750466667708,172626194755274.16,1.0,40,TRIAL_018_AP3p8,rizk2025_refit_plot,rizk2025_refit_full,15236964159103.967,1.6035591118651144e+23,8.301589293966524e+25,1.305797429744036e+24,3.968509499876838e+23,5.479247575312246e+18,1.6765360433352439,22.926791031413963,0.7833479612322116,0.02765918321737519,0.8110071444495868,0.050039936973981985,0.8610470814235688,122951120739869.88,3.0737780184967467e+19,23.59800361048745,0.15803893026486499,256116148467.21677,94075754.73941301,2722.445854159244,1327376365.8641202,1324158826.6623886,97981426.68668798,96829948.72497366,1.0024298740732196,1.011891754326803,0.17745210992137622,91.86655640038435,1.4450138278250162,6.510977661869268,6.510977661869268,0.0,5.883693105405545e+24,5.883693105405545e+24,0.0,9.036573938600132e+25,9.036573938600133e+25,1.00069179427354,9.285947566414058e+16,0.004803680261165382,4.196243374286619e-06,1.3568406288484834e-08,1.3568406288484834e-08,0.00031022464414472747,0.00031022464414472747,1.5506344390204291e+19,4.8282948009641655e-06,5485699.832500776,1.0999999999999999,15236964159103.967,0.0,1.9739097544217108e-26,5.0479893155400955e-23,1.676536043335244e-09,2.2926791031413964e-08,2.6600685870715305e+25,5.668363883788471e+24,8.448204628059579e+25,0.007833479612322116,0.02765918321737519,0.050039936973981985,0.008110071444495867,0.008610470814235688,191415.68031262737,317.882207838215,1.627961963188688e-23,2.359800361048745e-08,1.285380151997403e-15,0.3242517955069407,0.0,8.162871712571295e-19,5.5598665086701915e-25,1.2935899675359022e-23,5.119872410101689e-28,1.6472964643566316e+19,15236964159103.967,0.007675930722704305,4.678363441228935e-05,1.464442446308335e-05,5.734588661717377e-06,1.464442446308335e-05,5.734588661717377e-06,7.407299181687765e-31,5.117396485808549e+18,9.869351138515266e+16,8.172619762035896e-05,1.9752732779561068e-22,-4934041.763322044,3.247943127573069e+21,0.0,0.0,0.0,0.0,0.0,0.3333333333333333,0.3333333333333333,2.0,2.4966082885114063e-31,1.045298780017561e-24,0.0,8.162871712568798e-19,,0.0,0.0,0.0,0.0,0.0,2.4966082885114063e-31,8.162871712568798e-19,1.2805527476411767e-06,1.8478704648681903e-18,5.119872410101689e-34,5.559866503550319e-25,,,5.119872410101689e-34,5.559866503550319e-25,,1.4453593647030202e-07,3.825406763419458,14985724618696.7,1.300381366776734e-06,4.5483253045512615e-05,1.300381366776734e-06,4.5483253045512615e-05,0.007675930722704305,4.678363441228935e-05,False,False,1.0,1.4749670249468063,8.442998259490444e-09,0.22343963848893506,0.6704181846355382,1.0,1.1089271925379558,3.518818085064456e-07,0.06575066394801704,0.9015161290631386,0.19860258905598951,0.06515480515659045,0.007833479612322116,0.0002765918321737519,True,AP3.8,119.0,8.3,6.863735268152632e+19,$(U_{0.8}Pu_{0.2})N$,0.7833479612322116,0.17745210992137622,91.86655640038435,1.4450138278250162,6.510977661869268,0.0,3.0737780184967467e+19,2.359800361048745e-08,ok,
18,TRIAL_018,AP3.8,950.0,1.1,6.863735268152632e+19,0.00040027618581248267,360000.1679803875,15236964159103.967,23.266565222719763,2.263750466667708,172626194755274.16,1.0,40,TRIAL_018_AP3p8,rizk2025_refit_plot,rizk2025_refit_full,15236964159103.967,1.6016055367085934e+23,8.301726462070972e+25,1.3097518298285403e+24,3.961390515671171e+23,5.478933029602426e+18,1.6808596660915949,23.31593345082032,0.7880080148084503,0.02908995319560171,0.8170979680040519,0.05015823458451026,0.8672562025885622,122889441065420.53,3.0722360266355134e+19,23.620535193207782,0.15826143498197956,40484347794.03398,93986016.05938098,430.7486314608304,1322063442.181987,1320752734.3207877,95666658.33042438,95213858.99829347,1.0009923945846484,1.0047556031957388,0.17723592454295795,91.86807432194823,1.4493898226559918,6.505299930852806,6.505299930852806,0.0,5.878562381792171e+24,5.878562381792171e+24,0.0,9.036573938600132e+25,9.03657393860013e+25,1.0007275996974407,9.263338152367008e+16,0.004794941887883945,4.183332656733416e-06,1.3718404978246605e-08,1.3718404978246605e-08,0.00032447589906324856,0.00032447589906324856,1.3690257966772283e+19,5.415281489628075e-06,5485699.832500776,1.0999999999999999,15236964159103.967,0.0,1.9892207337072888e-26,5.309419377537564e-23,1.680859666091595e-09,2.3315933450820323e-08,2.8191805517438697e+25,6.146603192615318e+24,8.448717700420913e+25,0.007880080148084502,0.02908995319560171,0.05015823458451026,0.008170979680040519,0.008672562025885622,191344.75121138198,2121.955020906802,1.6326295945249972e-23,2.3620535193207783e-08,1.2878359085198267e-15,0.3237532453306158,0.0,8.162871712643784e-19,1.555632732564192e-24,3.619423043480254e-23,2.2845010932250072e-26,1.6472964643566316e+19,15236964159103.967,0.007679720413217027,4.679253191893407e-05,1.4633411387212733e-05,5.7114550443694074e-06,1.4633411387212733e-05,5.7114550443694074e-06,7.503652187896742e-31,5.433044929133812e+18,1.0076028141314427e+17,0.0005458589699231163,1.9802873267132213e-22,-4940397.877649791,3.24487824198584e+21,0.0,0.0,0.0,0.0,0.0,0.3333333333333333,0.3333333333333333,2.0,7.498646671560408e-30,3.8979387444212507e-23,0.0,8.162871712568798e-19,,0.0,0.0,0.0,0.0,0.0,7.498646671560408e-30,8.162871712568798e-19,4.775205199395189e-05,1.8478704648846e-18,2.284501093225007e-32,1.555632709719181e-24,,,2.284501093225007e-32,1.555632709719181e-24,,1.4453593647030202e-07,3.825406763419458,14981474797119.797,1.3221775292454248e-06,4.5470354389688646e-05,1.3221775292454248e-06,4.5470354389688646e-05,0.007679720413217027,4.679253191893407e-05,False,False,1.0,1.4760685911309046,8.448053097468898e-09,0.22381771270153406,0.6698794344382681,1.0,1.1109439184511356,3.518885421542271e-07,0.0668552932360861,0.8998664693658357,0.19899563257406938,0.06625942674117528,0.007880080148084502,0.0002908995319560171,True,AP3.8,119.0,8.3,6.863735268152632e+19,$(U_{0.8}Pu_{0.2})N$,0.7880080148084503,0.17723592454295795,91.86807432194823,1.4493898226559918,6.505299930852806,0.0,3.0722360266355134e+19,2.3620535193207783e-08,ok,
18,TRIAL_018,AP3.8,1000.0,1.1,6.863735268152632e+19,0.00040027618581248267,360000.1679803875,15236964159103.967,23.266565222719763,2.263750466667708,172626194755274.16,1.0,40,TRIAL_018_AP3p8,rizk2025_refit_plot,rizk2025_refit_full,15236964159103.967,1.5996767731061232e+23,8.301902102762468e+25,1.3131738355776722e+24,3.954434830694895e+23,5.478633663902936e+18,1.6851234492839635,23.67527498466834,0.7926257884282818,0.030454113847307396,0.8230799022755891,0.05097386081674249,0.8740537630923316,122466029320075.22,3.06165073300188e+19,23.77521610115454,0.15978854651048935,7734550033.6904545,93374545.60054222,82.83360292620841,1318016464.111203,1317410900.0401807,93977780.37131733,93768710.24465945,1.000459662259515,1.0022296363692362,0.17702248484605787,91.87001798657919,1.4531766624167055,6.499782866158061,6.499782866158061,0.0,5.87357684548836e+24,5.87357684548836e+24,0.0,9.036573938600132e+25,9.036573938600133e+25,1.0007617388684635,9.241042750609541e+16,0.004786380328123096,4.172202773364294e-06,1.4341927340835479e-08,1.4341927340835479e-08,0.0003383081202231043,0.0003383081202231043,1.3218391933192591e+19,5.942091770006219e-06,5485699.832500776,1.0999999999999999,15236964159103.967,0.0,2.0043971448860548e-26,5.558706005104952e-23,1.6851234492839636e-09,2.3675274984668343e-08,2.9767333607939706e+25,6.603591500400153e+24,8.449216254051297e+25,0.007926257884282818,0.030454113847307396,0.05097386081674249,0.008230799022755891,0.008740537630923317,191843.4647746201,11721.82189774354,1.6649142982669272e-23,2.377521610115454e-08,1.3047581227024892e-15,0.3203574126717449,0.0,8.162871714171498e-19,3.863167302789697e-24,8.988263401663486e-23,6.972208708889678e-25,1.6472964643566316e+19,15236964159103.967,0.007683521741361485,4.680074598417854e-05,1.462256605435862e-05,5.690726488622761e-06,1.462256605435862e-05,5.690726488622761e-06,7.858099360500108e-31,5.747893454514151e+18,1.075024192008294e+17,0.003025808927568828,2.014334178001476e-22,-4982413.57890103,3.2418524883610407e+21,0.0,0.0,0.0,0.0,0.0,0.3333333333333333,0.3333333333333333,2.0,1.6026995865756309e-28,4.883477169444583e-22,0.0,8.162871712568798e-19,,0.0,0.0,0.0,0.0,0.0,1.6026995865756309e-28,8.162871712568798e-19,0.0005982547981204234,1.847870465230436e-18,6.972208708889678e-31,3.863166605568826e-24,,,6.972208708889678e-31,3.863166605568826e-24,,1.4453593647030202e-07,3.825406763419458,14977551410530.639,1.342299477630533e-06,4.545844650654801e-05,1.342299477630533e-06,4.545844650654801e-05,0.007683521741361485,4.680074598417854e-05,False,False,1.0,1.477157517426015,8.453003653291903e-09,0.22419101945966247,0.6693475719627172,1.0,1.1128118313298454,3.518949511181772e-07,0.06787522256851705,0.8983435182780678,0.19938358448037788,0.06727938128991884,0.007926257884282818,0.00030454113847307396,True,AP3.8,119.0,8.3,6.863735268152632e+19,$(U_{0.8}Pu_{0.2})N$,0.7926257884282818,0.17702248484605787,91.87001798657919,1.4531766624167055,6.499782866158061,0.0,3.06165073300188e+19,2.3775216101154543e-08,ok,
18,TRIAL_018,AP3.8,1050.0,1.1,6.863735268152632e+19,0.00040027618581248267,360000.1679803875,15236964159103.967,23.266565222719763,2.263750466667708,172626194755274.16,1.0,40,TRIAL_018_AP3p8,rizk2025_refit_plot,rizk2025_refit_full,15236964159103.967,1.5977592590888973e+23,8.302096849847883e+25,1.316341379448246e+24,3.9475450489585244e+23,5.478335219397784e+18,1.6893709263830232,24.023275245495707,0.7972430677014266,0.03181514187084544,0.829058209572272,0.05474326562029076,0.8838014751925628,120569818066382.03,3.014245451659551e+19,24.474352321013846,0.16670248887782793,1750655478.131282,90707201.1909338,19.300071605629704,1314412431.1797543,1314098618.2075858,92516894.31467174,92410380.23806699,1.0002388047349113,1.0011526202611694,0.17681029004410587,91.87217308525638,1.456681911078528,6.494334713620989,6.494334713620989,0.0,5.868653582165358e+24,5.868653582165358e+24,0.0,9.036573938600132e+25,9.036573938600132e+25,1.0007958012407185,9.218903977543072e+16,0.004777888395613328,4.1619358877624095e-06,1.4996905113138338e-08,1.4996905113138338e-08,0.00035242278654205086,0.00035242278654205086,1.3308805324031537e+19,6.393941107367373e-06,5485699.832500776,1.0999999999999999,15236964159103.967,0.0,2.0195920700430315e-26,5.807447079578818e-23,1.6893709263830233e-09,2.402327524549571e-08,3.1342136585205637e+25,7.060247884486966e+24,8.449708580383596e+25,0.007972430677014267,0.03181514187084544,0.05474326562029076,0.008290582095722721,0.008838014751925628,194697.26922650766,55186.345357114864,1.816151554285362e-23,2.4474352321013845e-08,1.382622048795385e-15,0.3055273384562788,0.0,8.162871738158613e-19,8.68048799131575e-24,2.0196514001498355e-22,1.5366002896313798e-23,1.6472964643566316e+19,15236964159103.967,0.007687324680122625,4.6808699180465264e-05,1.4611777286507002e-05,5.671206560171554e-06,1.4611777286507002e-05,5.671206560171554e-06,8.230090845074441e-31,6.061768413018212e+18,1.1456842037161096e+17,0.014465941045051979,2.173246018045522e-22,-5171112.414542966,3.2388444358770164e+21,0.0,0.0,0.0,0.0,0.0,0.3333333333333333,0.3333333333333333,2.0,2.558981501392922e-27,2.652535369540001e-21,0.0,8.162871712568798e-19,,0.0,0.0,0.0,0.0,0.0,2.558981501392922e-27,8.162871712568798e-19,0.0032495124934283997,1.8478704706605205e-18,1.5366002896313797e-29,8.680472625312854e-24,,,1.5366002896313797e-29,8.680472625312854e-24,,1.4453593647030202e-07,3.825406763419458,14973752678852.693,1.3617820912305335e-06,4.544691708923473e-05,1.3617820912305335e-06,4.544691708923473e-05,0.007687324680122625,4.6808699180465264e-05,False,False,1.0,1.4782435304159647,8.457918748860643e-09,0.22456290328914894,0.6688178299736098,1.0,1.1146260011453453,3.5190134081167643e-07,0.06886288831755337,0.896868944785061,0.19976999122300135,0.06826707386496705,0.007972430677014267,0.00031815141870845443,True,AP3.8,119.0,8.3,6.863735268152632e+19,$(U_{0.8}Pu_{0.2})N$,0.7972430677014266,0.17681029004410587,91.87217308525638,1.456681911078528,6.494334713620989,0.0,3.014245451659551e+19,2.4474352321013848e-08,ok,
18,TRIAL_018,AP3.8,1100.0,1.1,6.863735268152632e+19,0.00040027618581248267,360000.1679803875,15236964159103.967,23.266565222719763,2.263750466667708,172626194755274.16,1.0,40,TRIAL_018_AP3p8,rizk2025_refit_plot,rizk2025_refit_full,15236964159103.967,1.595848091170753e+23,8.302305971561617e+25,1.3193331618462018e+24,3.940690202465402e+23,5.478033577387189e+18,1.6936166761792755,24.365199447251754,0.8018742496973364,0.0331912196595709,0.8350654693569073,0.06880446933542538,0.9038699386923326,114167904511097.5,2.8541976127774376e+19,26.897054054026807,0.19064899685128872,469631050.6976873,82536920.04859692,5.689951241470765,1310985437.438113,1310804287.1945632,91172582.36612754,91113557.465683,1.0001381977807973,1.0006478168791375,0.17659879751041663,91.87448725559523,1.4599926596191626,6.4889212872752084,6.4889212872752084,0.0,5.863761699421877e+24,5.863761699421877e+24,0.0,9.036573938600132e+25,9.036573938600133e+25,1.0008302419241946,9.196865166570114e+16,0.004769431199398637,4.1522689831781216e-06,1.567464225360017e-08,1.567464225360017e-08,0.00036692591794658635,0.00036692591794658635,1.3642561346817298e+19,6.786169324727087e-06,5485699.832500776,1.0999999999999999,15236964159103.967,0.0,2.034857368883406e-26,6.058966085308633e-23,1.6936166761792756e-09,2.4365199447251757e-08,3.2921280157317225e+25,7.52256709845973e+24,8.450197768657946e+25,0.008018742496973364,0.0331912196595709,0.06880446933542538,0.008350654693569073,0.009038699386923326,205443.4378745,227410.92135530437,2.4106414015416162e-23,2.6897054054026805e-08,1.6699001148151669e-15,0.2602228640620947,0.0,8.162872030182321e-19,1.792226870002319e-23,4.169896336481985e-22,2.556484784617257e-22,1.6472964643566316e+19,15236964159103.967,0.007691129142306894,4.681651332366236e-05,1.4601007951969647e-05,5.652537284961534e-06,1.4601007951969647e-05,5.652537284961534e-06,8.615100157693644e-31,6.374295219460665e+18,1.2188001171820795e+17,0.06289171888799196,2.7935494968989875e-22,-5808634.314085476,3.2358464241847165e+21,0.0,0.0,0.0,0.0,0.0,0.3333333333333333,0.3333333333333333,2.0,3.1761352235744896e-26,7.564160303615265e-21,0.0,8.162871712568798e-19,,0.0,0.0,0.0,0.0,0.0,3.1761352235744896e-26,8.162871712568798e-19,0.009266542799699283,1.847870536767401e-18,2.556484784617257e-28,1.7922013051544728e-23,,,2.556484784617257e-28,1.7922013051544728e-23,,1.4453593647030202e-07,3.825406763419458,14970021090637.385,1.3809203723983215e-06,4.543559295126404e-05,1.3809203723983215e-06,4.543559295126404e-05,0.007691129142306894,4.681651332366236e-05,False,False,1.0,1.4793299785564626,8.462820279978168e-09,0.22493451312515889,0.6682885713499422,1.0,1.1164134999491437,3.519077994286415e-07,0.06983323781496134,0.8954204204931899,0.20015606566064914,0.06923745095120061,0.008018742496973364,0.000331912196595709,True,AP3.8,119.0,8.3,6.863735268152632e+19,$(U_{0.8}Pu_{0.2})N$,0.8018742496973364,0.17659879751041663,91.87448725559523,1.4599926596191626,6.4889212872752084,0.0,2.8541976127774376e+19,2.689705405402681e-08,ok,
18,TRIAL_018,AP3.8,1150.0,1.1,6.863735268152632e+19,0.00040027618581248267,360000.1679803875,15236964159103.967,23.266565222719763,2.263750466667708,172626194755274.16,1.0,40,TRIAL_018_AP3p8,rizk2025_refit_plot,rizk2025_refit_full,15236964159103.967,1.5939410305640874e+23,8.302527453736233e+25,1.3221815930180198e+24,3.9338584479931825e+23,5.47772717582137e+18,1.6978661995140942,24.70305586436234,0.8065247995180057,0.03458924231175064,0.8411140418297565,0.10940437846463796,0.9505184202943945,99712857746777.69,2.492821443669442e+19,32.84291445960751,0.2482650611009496,156071033.07822642,67594488.38592902,2.3089313464012453,1307639332.6952388,1307523526.0795777,89902619.99996163,89867424.18385026,1.0000885694317168,1.0003916415367526,0.17638775949760083,91.87693820853514,1.4631447736738608,6.483529258293415,6.483529258293415,0.0,5.858889152564572e+24,5.858889152564572e+24,0.0,9.036573938600132e+25,9.036573938600133e+25,1.0008652335705706,9.174902866337334e+16,0.004760995533636635,4.143091378641749e-06,1.6373456430412318e-08,1.6373456430412318e-08,0.00038180160833298986,0.00038180160833298986,1.4092859457656281e+19,7.121764391979431e-06,5485699.832500776,1.0999999999999999,15236964159103.967,0.0,2.050213067349808e-26,6.314524473658927e-23,1.6978661995140943e-09,2.4703055864362342e-08,3.450669360071227e+25,7.992814998598688e+24,8.450685023343676e+25,0.008065247995180057,0.03458924231175064,0.10940437846463796,0.008411140418297564,0.009505184202943944,235030.43779743268,818432.387149077,4.388777172246814e-23,3.284291445960751e-08,2.4897998784812936e-15,0.17948533036495473,0.0,8.162874879327773e-19,3.4427700444941665e-23,8.010143378704934e-22,3.330768464716398e-21,1.6472964643566316e+19,15236964159103.967,0.00769493678632725,4.682424745825424e-05,1.4590244130075136e-05,5.634567087749842e-06,1.4590244130075136e-05,5.634567087749842e-06,9.012300611642602e-31,6.686062298156691e+18,1.2942353966291824e+17,0.2595997514658903,4.856425321593192e-22,-7259555.103674809,3.232855624103284e+21,0.0,0.0,0.0,0.0,0.0,0.3333333333333333,0.3333333333333333,2.0,3.1667589742037936e-25,1.3094981712716537e-20,0.0,8.162871712568798e-19,,0.0,0.0,0.0,0.0,0.0,3.1667589742037936e-25,8.162871712568798e-19,0.01604211984907324,1.8478711817428354e-18,3.330768464716398e-27,3.4424369676476946e-23,,,3.330768464716398e-27,3.4424369676476946e-23,,1.4453593647030202e-07,3.825406763419458,14966334715989.129,1.3998271880587617e-06,4.542442027019547e-05,1.3998271880587617e-06,4.542442027019547e-05,0.00769493678632725,4.682424745825424e-05,False,False,1.0,1.480418117079104,8.467716619655028e-09,0.22530627793628993,0.6677591852503013,1.0,1.1181846146796124,3.5191436043590917e-07,0.07079197170239207,0.893989429544808,0.20054226172551523,0.07019621297021542,0.008065247995180057,0.0003458924231175064,True,AP3.8,119.0,8.3,6.863735268152632e+19,$(U_{0.8}Pu_{0.2})N$,0.8065247995180057,0.17638775949760083,91.87693820853514,1.4631447736738608,6.483529258293415,0.0,2.492821443669442e+19,3.284291445960751e-08,ok,
18,TRIAL_018,AP3.8,1200.0,1.1,6.863735268152632e+19,0.00040027618581248267,360000.1679803875,15236964159103.967,23.266565222719763,2.263750466667708,172626194755274.16,1.0,40,TRIAL_018_AP3p8,rizk2025_refit_plot,rizk2025_refit_full,15236964159103.967,1.5920346820945125e+23,8.30275997940037e+25,1.3249032084637992e+24,3.927041552139948e+23,5.477415390062159e+18,1.7021222361420318,25.03768528850057,0.8111970109083824,0.03601196470257148,0.8472089756109538,0.185586692014229,1.0327956676251828,81382424119042.25,2.034560602976056e+19,41.913369764557665,0.3300022056190596,71405598.24481286,52966392.6444123,1.3481302894118428,1304335484.8889194,1304254155.7013974,88688729.53444326,88666343.33085147,1.000062356855193,1.0002524769010521,0.17617680029087848,91.87951137028557,1.4661565516599333,6.4781552777636096,6.4781552777636096,0.0,5.854032915324353e+24,5.854032915324353e+24,0.0,9.036573938600132e+25,9.036573938600132e+25,1.0009008452246586,9.15299747020293e+16,0.004752572177287192,4.134344864272006e-06,1.7093036908506553e-08,1.7093036908506553e-08,0.00039701784121003706,0.00039701784121003706,1.4605232806239693e+19,7.42183960649369e-06,5485699.832500776,1.0999999999999999,15236964159103.967,0.0,2.0656695380937332e-26,6.574627290073541e-23,1.7021222361420319e-09,2.503768528850057e-08,3.609920036891666e+25,8.471886453351903e+24,8.451170647067696e+25,0.008111970109083823,0.03601196470257148,0.185586692014229,0.008472089756109538,0.010327956676251828,287729.59167504567,2285160.326855409,9.121708723876882e-23,4.191336976455767e-08,4.054956696010288e-15,0.10710481211561207,0.0,8.162897780388003e-19,6.217615733574239e-23,1.4466256199501362e-21,3.503783313863259e-20,1.6472964643566316e+19,15236964159103.967,0.0076987592093775425,4.6832021176855776e-05,1.457947896387007e-05,5.617218089518811e-06,1.457947896387007e-05,5.617218089518811e-06,9.421567740618652e-31,6.997868215551329e+18,1.3719720433720766e+17,0.9121786263204444,1.0106530313089995e-21,-9305011.20830746,3.2298720345847465e+21,0.0,0.0,0.0,0.0,0.0,0.3333333333333333,0.3333333333333333,2.0,2.6067819204802983e-24,1.5382006404450104e-20,0.0,8.162871712568798e-19,,0.0,0.0,0.0,0.0,0.0,2.6067819204802983e-24,8.162871712568798e-19,0.018843806229457596,1.847876365971414e-18,3.503783313863259e-26,6.214111950260375e-23,,,3.503783313863259e-26,6.214111950260375e-23,,1.4453593647030202e-07,3.825406763419458,14962684377243.38,1.418552665867947e-06,4.541346851098783e-05,1.418552665867947e-06,4.541346851098783e-05,0.0076987592093775425,4.6832021176855776e-05,False,False,1.0,1.4815084400793896,8.472613621389805e-09,0.2256783651402729,0.6672294336090164,1.0,1.119943604461677,3.519210372339963e-07,0.07174147630829562,0.8925724064668167,0.20092876454813888,0.07114574617437006,0.008111970109083823,0.0003601196470257148,True,AP3.8,119.0,8.3,6.863735268152632e+19,$(U_{0.8}Pu_{0.2})N$,0.8111970109083824,0.17617680029087848,91.87951137028557,1.4661565516599333,6.4781552777636096,0.0,2.034560602976056e+19,4.191336976455767e-08,ok,
18,TRIAL_018,AP3.8,1250.0,1.1,6.863735268152632e+19,0.00040027618581248267,360000.1679803875,15236964159103.967,23.266565222719763,2.263750466667708,172626194755274.16,1.0,40,TRIAL_018_AP3p8,rizk2025_refit_plot,rizk2025_refit_full,15236964159103.967,1.590112015165756e+23,8.30300111833301e+25,1.3275121136889718e+24,3.920214774474247e+23,5.477097940631264e+18,1.7063890858124844,25.36950234353252,0.8158919805084739,0.03746061995113716,0.8533526004596111,0.2585074717870832,1.1118600722466943,69398973144569.1,1.7349743286142276e+19,49.36136881952886,0.39030893778853665,48348392.23538684,44974441.61478967,1.0750192887217005,1301054835.5541675,1300992850.0233953,87521707.38455623,87506643.60453834,1.0000476447897244,1.0001721444155254,0.17596403526047866,91.88217984767842,1.4690436029283667,6.472812514132757,6.472812514132757,0.0,5.849204887465687e+24,5.849204887465687e+24,0.0,9.036573938600132e+25,9.036573938600133e+25,1.0009371078521456,9.131078776447894e+16,0.004744132473524171,4.1259802278738995e-06,1.783290886425735e-08,1.783290886425735e-08,0.0004125510771546151,0.0004125510771546151,1.5154253216694671e+19,7.701436084183942e-06,5485699.832500776,1.0999999999999999,15236964159103.967,0.0,2.0812430630612473e-26,6.839501567653112e-23,1.7063890858124844e-09,2.536950234353252e-08,3.7699246543090798e+25,8.960162512556201e+24,8.451653449853565e+25,0.008158919805084739,0.03746061995113716,0.2585074717870832,0.008533526004596111,0.011118600722466943,337134.95300749555,4119219.355606967,1.4899786557277787e-22,4.936136881952886e-08,5.624131310638574e-15,0.0726320236923747,0.0,8.1630529947906185e-19,1.066087053798265e-22,2.480418397029448e-21,3.0533079764031823e-19,1.6472964643566316e+19,15236964159103.967,0.00770267108311328,4.6840488173522215e-05,1.4568701695722582e-05,5.600440232231596e-06,1.4568701695722582e-05,5.600440232231596e-06,9.842665371043597e-31,7.310327726526112e+18,1.451966966599258e+17,2.0370636184261297,1.750417910126794e-21,-11103342.07974387,3.226903107156845e+21,0.0,0.0,0.0,0.0,0.0,0.3333333333333333,0.3333333333333333,2.0,1.8128222181985484e-23,1.3360203119369858e-20,0.0,8.162871712568798e-19,,0.0,0.0,0.0,0.0,0.0,1.8128222181985484e-23,8.162871712568798e-19,0.016366674487959202,1.8479115026390492e-18,3.0533079764031822e-25,1.0630337458218618e-22,,,3.0533079764031822e-25,1.0630337458218618e-22,,1.4453593647030202e-07,3.825406763419458,14959065551198.863,1.4371399049015462e-06,4.540334826862067e-05,1.4371399049015462e-06,4.540334826862067e-05,0.00770267108311328,4.6840488173522215e-05,False,False,1.0,1.4826010445548794,8.47752909197691e-09,0.22605080610551123,0.6666992721758136,1.0,1.1216925281595278,3.519278358353062e-07,0.07268292820268075,0.8911675926751591,0.20131565795192533,0.07208722707036712,0.008158919805084739,0.0003746061995113716,True,AP3.8,119.0,8.3,6.863735268152632e+19,$(U_{0.8}Pu_{0.2})N$,0.8158919805084739,0.17596403526047866,91.88217984767842,1.4690436029283667,6.472812514132757,0.0,1.7349743286142276e+19,4.936136881952887e-08,ok,
18,TRIAL_018,AP3.8,1300.0,1.1,6.863735268152632e+19,0.00040027618581248267,360000.1679803875,15236964159103.967,23.266565222719763,2.263750466667708,172626194755274.16,1.0,40,TRIAL_018_AP3p8,rizk2025_refit_plot,rizk2025_refit_full,15236964159103.967,1.588081304878432e+23,8.303240739272041e+25,1.330041429948482e+24,3.913253039919018e+23,5.476774520658698e+18,1.710685541391014,25.6989161481605,0.8206105477485326,0.03893658808252996,0.8595471358310625,0.296286439767911,1.1558335755989735,64473049907350.125,1.6118262476837532e+19,52.94094582233731,0.41710238202291255,42536811.66303697,41933516.02462905,1.014386955724237,1297775792.3105705,1297725354.1260693,86395573.74506451,86384966.08966544,1.0000388666094415,1.0001227951561393,0.1757393139998414,91.88483152674019,1.4718425799263926,6.467586579333573,6.467586579333573,0.0,5.844482432844574e+24,5.844482432844574e+24,0.0,9.036573938600132e+25,9.036573938600132e+25,1.000974056105356,9.108782822200173e+16,0.004735530176965794,4.117890311887535e-06,1.8592341103605243e-08,1.8592341103605243e-08,0.00042839496125861764,0.00042839496125861764,1.5726701021394696e+19,7.9703980147232e-06,5485699.832500776,1.0999999999999999,15236964159103.967,0.0,2.0970035399640667e-26,7.10940133387982e-23,1.7106855413910142e-09,2.5698916148160502e-08,3.930741422493765e+25,9.458019184772371e+24,8.452125695315674e+25,0.008206105477485326,0.03893658808252996,0.296286439767911,0.008595471358310625,0.011558335755989736,362600.0284610879,5237082.483238088,1.8382033435284e-22,5.2940945822337314e-08,6.469406715244622e-15,0.060820566190569025,0.0,8.163957681071563e-19,1.7578350904993307e-22,4.089878478388817e-21,2.2525702314749626e-18,1.6472964643566316e+19,15236964159103.967,0.007707083927949747,4.6853200042403995e-05,1.4557865096006698e-05,5.584187560980894e-06,1.4557865096006698e-05,5.584187560980894e-06,1.027520328958522e-30,7.623895559576361e+18,1.534149935625424e+17,2.8950301730446,2.257895697849353e-21,-12080049.304921292,3.22399253199644e+21,0.0,0.0,0.0,0.0,0.0,0.3333333333333333,0.3333333333333333,2.0,1.085968502764781e-22,9.173994716924637e-21,0.0,8.162871712568798e-19,,0.0,0.0,0.0,0.0,0.0,1.085968502764781e-22,8.162871712568798e-19,0.011237190435461078,1.8481163010381173e-18,2.2525702314749626e-24,1.7353093881845811e-22,,,2.2525702314749626e-24,1.7353093881845811e-22,,1.4453593647030202e-07,3.825406763419458,14955473777918.818,1.455722719707172e-06,4.539747732269682e-05,1.455722719707172e-06,4.539747732269682e-05,0.007707083927949747,4.6853200042403995e-05,False,False,1.0,1.4836953400746267,8.482553502204258e-09,0.22642339812612985,0.6661689898439559,1.0,1.123433439699448,3.519347628414257e-07,0.07361748806278018,0.8897732541658011,0.2017030033840361,0.0730218162620893,0.008206105477485326,0.00038936588082529966,True,AP3.8,119.0,8.3,6.863735268152632e+19,$(U_{0.8}Pu_{0.2})N$,0.8206105477485326,0.1757393139998414,91.88483152674019,1.4718425799263926,6.467586579333573,0.0,1.6118262476837532e+19,5.2940945822337314e-08,ok,
18,TRIAL_018,AP3.8,1350.0,1.1,6.863735268152632e+19,0.00040027618581248267,360000.1679803875,15236964159103.967,23.266565222719763,2.263750466667708,172626194755274.16,1.0,40,TRIAL_018_AP3p8,rizk2025_refit_plot,rizk2025_refit_full,15236964159103.967,1.5855046023178693e+23,8.303432418168973e+25,1.332624188250095e+24,3.9055625900428615e+23,5.476443970416473e+18,1.7151001397187604,26.027136749872014,0.8253547563645294,0.04044514901138617,0.8657999053759154,0.3180255677829142,1.1838254731588296,61933435982699.72,1.548335899567493e+19,54.93630722637764,0.4314447255702492,40559438.814381376,40410433.68371997,1.0036872935298746,1294428003.746753,1294385061.599979,85303241.94380125,85295590.57282461,1.000033175712582,1.0000897041796095,0.17545417246522105,91.88695267241148,1.4747006966409368,6.462892458482365,6.462892458482365,0.0,5.840240555829707e+24,5.840240555829707e+24,0.0,9.036573938600132e+25,9.036573938600132e+25,1.001011822281742,9.084379202666066e+16,0.004726069933949074,4.1096609182596864e-06,1.937221160506e-08,1.937221160506e-08,0.0004445940490625438,0.0004445940490625438,1.6313579603210865e+19,8.236078537196903e-06,5485699.832500776,1.0999999999999999,15236964159103.967,0.0,2.1132800648714518e-26,7.385294039319898e-23,1.7151001397187605e-09,2.6027136749872017e-08,4.092575368304409e+25,9.96687670145605e+24,8.452549883017161e+25,0.008253547563645294,0.04044514901138617,0.3180255677829142,0.008657999053759155,0.011838254731588296,377194.6744541091,5933221.279835722,2.0539830399317772e-22,5.4936307226377647e-08,6.966264970197481e-15,0.055216525262037686,0.0,8.168569279875949e-19,2.862168056389775e-22,6.6592819762377754e-21,1.4331663655150738e-17,1.6472964643566316e+19,15236964159103.967,0.007713971423709346,4.688716200693872e-05,1.45467466704809e-05,5.568379456376166e-06,1.45467466704809e-05,5.568379456376166e-06,1.0719665553256636e-30,7.939162252381714e+18,1.6186307944743597e+17,3.5712405775566287,2.6486876463671392e-21,-12919758.894420652,3.2213503217686723e+21,0.0,0.0,0.0,0.0,0.0,0.3333333333333333,0.3333333333333333,2.0,5.697567307150379e-22,5.248217173930294e-21,0.0,8.162871712568798e-19,,0.0,0.0,0.0,0.0,0.0,5.697567307150379e-22,8.162871712568798e-19,0.006424891549686404,1.8491602519326683e-18,1.433166365515074e-23,2.7188514198382675e-22,,,1.433166365515074e-23,2.7188514198382675e-22,,1.4453593647030202e-07,3.825406763419458,14951895871163.477,1.4749077812143824e-06,4.541225422572434e-05,1.4749077812143824e-06,4.541225422572434e-05,0.007713971423709346,4.688716200693872e-05,False,False,1.0,1.484788104727402,8.488117714783404e-09,0.22679504496642813,0.6656401466574013,1.0,1.1251726662421702,3.519418431254501e-07,0.07454858826553111,0.8883842691936135,0.20209095962045615,0.07395294610998424,0.008253547563645294,0.0004044514901138617,True,AP3.8,119.0,8.3,6.863735268152632e+19,$(U_{0.8}Pu_{0.2})N$,0.8253547563645294,0.17545417246522105,91.88695267241148,1.4747006966409368,6.462892458482365,0.0,1.548335899567493e+19,5.4936307226377647e-08,ok,
18,TRIAL_018,AP3.8,1400.0,1.1,6.863735268152632e+19,0.00040027618581248267,360000.1679803875,15236964159103.967,23.266565222719763,2.263750466667708,172626194755274.16,1.0,40,TRIAL_018_AP3p8,rizk2025_refit_plot,rizk2025_refit_full,15236964159103.967,1.5805353470273727e+23,8.303381379078852e+25,1.3358065329046698e+24,3.894638735290443e+23,5.476101206969035e+18,1.7200088581924893,26.359009704197252,0.8301333065539368,0.04200948381463243,0.8721427903685692,0.33706330796931705,1.2092060983378863,59861202182205.03,1.4965300545551258e+19,56.650340416324404,0.44343660984937333,39258477.740170985,39187760.98581542,1.0018045622555767,1290728415.944569,1290691027.2153704,84227079.76909198,84221676.9489068,1.0000289679934318,1.0000641499953564,0.17490426767561154,91.88638786665138,1.478222324058803,6.460485541614212,6.460485541614212,0.0,5.838065527605395e+24,5.838065527605395e+24,0.0,9.036573938600132e+25,9.036573938600133e+25,1.0010509869031565,9.050577531089656e+16,0.004712817548988575,4.099613142153454e-06,2.0179465173410902e-08,2.0179465173410902e-08,0.00046139269817723887,0.00046139269817723887,1.6903099508005126e+19,8.50750525937536e-06,5485699.832500776,1.0999999999999999,15236964159103.967,0.0,2.13147704569325e-26,7.671422098841056e-23,1.7200088581924894e-09,2.6359009704197253e-08,4.2562909958778295e+25,1.0493080808490997e+25,8.452767385839594e+25,0.008301333065539368,0.04200948381463243,0.33706330796931705,0.008721427903685693,0.012092060983378863,390106.80138601555,6574477.81721051,2.252298956130995e-22,5.6650340416324406e-08,7.407746481596622e-15,0.050877812619040064,0.0,8.189426464829586e-19,4.907545740295142e-22,1.1418173305005745e-20,7.989389038480301e-17,1.6472964643566316e+19,15236964159103.967,0.007731700378965136,4.701447789679651e-05,1.4534402980910802e-05,5.552773035561569e-06,1.4534402980910802e-05,5.552773035561569e-06,1.1179855613621515e-30,8.25782433644764e+18,1.7062108294607037e+17,4.29200612366828,3.0557928262104995e-21,-13787102.076030651,3.2198639569389874e+21,0.0,0.0,0.0,0.0,0.0,0.3333333333333333,0.3333333333333333,2.0,2.6554752260788454e-21,2.6068146230906868e-21,0.0,8.162871712568798e-19,,0.0,0.0,0.0,0.0,0.0,2.6554752260788454e-21,8.162871712568798e-19,0.00318314674939197,1.8538817981498855e-18,7.989389038480301e-23,4.108606836447112e-22,,,7.989389038480301e-23,4.108606836447112e-22,,1.4453593647030202e-07,3.825406763419458,14948279040846.016,1.497283638403552e-06,4.551719425839296e-05,1.497283638403552e-06,4.551719425839296e-05,0.007731700378965136,4.701447789679651e-05,False,False,1.0,1.485865762559021,8.496046544845521e-09,0.22716113995685003,0.6651192954795241,1.0,1.1269359449418892,3.51949185614905e-07,0.07548997225386807,0.8869801403270955,0.20248022417691672,0.07489436020015376,0.008301333065539368,0.0004200948381463243,True,AP3.8,119.0,8.3,6.863735268152632e+19,$(U_{0.8}Pu_{0.2})N$,0.8301333065539368,0.17490426767561154,91.88638786665138,1.478222324058803,6.460485541614212,0.0,1.4965300545551258e+19,5.6650340416324406e-08,ok,
18,TRIAL_018,AP3.8,1450.0,1.1,6.863735268152632e+19,0.00040027618581248267,360000.1679803875,15236964159103.967,23.266565222719763,2.263750466667708,172626194755274.16,1.0,40,TRIAL_018_AP3p8,rizk2025_refit_plot,rizk2025_refit_full,15236964159103.967,1.5662922376550982e+23,8.30235478976697e+25,1.341636597017619e+24,3.871106588572717e+23,5.475726139778778e+18,1.7268365759217714,26.71288065806357,0.8349826574214585,0.04372124299391799,0.8787039004153764,0.3571205866917884,1.2358244871071649,57815034080548.14,1.4453758520137036e+19,58.425872861254355,0.45554603154459977,38052693.21811491,37996864.93810541,1.001469286481936,1285620623.661583,1285587779.9640548,83109502.49424851,83105975.29397748,1.0000255476117927,1.0000424421981517,0.1733281051311505,91.87502748473167,1.4846739551222594,6.466970455014922,6.466970455014922,0.0,5.843925667548487e+24,5.843925667548487e+24,0.0,9.036573938600132e+25,9.036573938600132e+25,1.0010938450507807,8.980173880156763e+16,0.004684789375693035,4.081517777181266e-06,2.1025133538105755e-08,2.1025133538105755e-08,0.00047978839979418206,0.00047978839979418206,1.74666174970185e+19,8.804114724722346e-06,5485699.832500776,1.0999999999999999,15236964159103.967,0.0,2.1569611642476573e-26,7.98455618083273e-23,1.7268365759217716e-09,2.671288065806357e-08,4.4252684577618924e+25,1.1062043916164952e+25,8.452181371845283e+25,0.008349826574214585,0.04372124299391799,0.3571205866917884,0.008787039004153764,0.012358244871071648,404318.756218786,7280976.900273912,2.470780082524878e-22,5.8425872861254355e-08,7.87936976582823e-15,0.04679473993559696,0.0,8.274171632376133e-19,9.969293275342691e-22,2.3195121221518225e-20,3.956100289530877e-16,1.6472964643566316e+19,15236964159103.967,0.007791975584728799,4.7509171303265486e-05,1.4517267253072058e-05,5.5365354127095565e-06,1.4517267253072058e-05,5.5365354127095565e-06,1.1661700362861443e-30,8.58599375608883e+18,1.7983428641767216e+17,4.9915218931374445,3.420175726072394e-21,-14251329.44293426,3.222872810881089e+21,0.0,0.0,0.0,0.0,0.0,0.3333333333333333,0.3333333333333333,2.0,1.1129991980733449e-20,1.1616069964338774e-21,0.0,8.162871712568798e-19,,0.0,0.0,0.0,0.0,0.0,1.1129991980733449e-20,8.162871712568798e-19,0.001403895215188198,1.8730659894080183e-18,3.9561002895308766e-22,6.013192985811814e-22,,,3.9561002895308766e-22,6.013192985811814e-22,,1.4453593647030202e-07,3.825406763419458,14944423476130.729,1.5328212592745747e-06,4.597635004399091e-05,1.5328212592745747e-06,4.597635004399091e-05,0.007791975584728799,4.7509171303265486e-05,False,False,1.0,1.486878129826054,8.513228042923652e-09,0.22750468104181032,0.6646306152920173,1.0,1.1288213188818135,3.519572208157114e-07,0.07649366940442856,0.8854832888881139,0.2028737320049127,0.07589808765934405,0.008349826574214585,0.0004372124299391799,True,AP3.8,119.0,8.3,6.863735268152632e+19,$(U_{0.8}Pu_{0.2})N$,0.8349826574214585,0.1733281051311505,91.87502748473167,1.4846739551222594,6.466970455014922,0.0,1.4453758520137036e+19,5.842587286125436e-08,ok,
18,TRIAL_018,AP3.8,1500.0,1.1,6.863735268152632e+19,0.00040027618581248267,360000.1679803875,15236964159103.967,23.266565222719763,2.263750466667708,172626194755274.16,1.0,40,TRIAL_018_AP3p8,rizk2025_refit_plot,rizk2025_refit_full,15236964159103.967,1.5207371867718573e+23,8.297900447789177e+25,1.3569611259397862e+24,3.804425902686021e+23,5.475248170411687e+18,1.7403651116245156,27.150719758321518,0.8400378311903717,0.045902512692366296,0.8859403438827379,0.3814373285956119,1.2673776724783499,55502541636701.27,1.3875635409175316e+19,60.54114300961094,0.46956440337929906,36722202.59775623,36669277.94289536,1.001443296891291,1275623871.0223672,1275594405.548487,81767995.69259802,81765788.15445895,1.000023099406639,1.0000269983105268,0.16828691903642376,91.8257351090143,1.501632294672504,6.504345677276765,6.504345677276765,0.0,5.877700063492564e+24,5.877700063492564e+24,0.0,9.036573938600132e+25,9.036573938600132e+25,1.0011484629028855,8.78533143936005e+16,0.004606201051415766,4.0350694206394524e-06,2.187987570348708e-08,2.187987570348708e-08,0.0005033031862543216,0.0005033031862543216,1.7916563552094364e+19,9.181668356058078e-06,5485699.832500776,1.0999999999999999,15236964159103.967,0.0,2.208054126109497e-26,8.383640570015452e-23,1.7403651116245157e-09,2.7150719758321518e-08,4.611264180257416e+25,1.1764093703334715e+25,8.448803932250875e+25,0.008400378311903716,0.045902512692366296,0.3814373285956119,0.008859403438827379,0.012673776724783498,423598.6237866925,8177117.521047087,2.748971973877211e-22,6.054114300961094e-08,8.460232442198606e-15,0.04241662882134156,0.0,8.586863335070055e-19,2.616148172893133e-21,6.086878209691722e-20,1.7607759639859707e-15,1.6472964643566316e+19,15236964159103.967,0.008002658926124579,4.931510741141635e-05,1.4483430060701555e-05,5.5169982632248e-06,1.4483430060701555e-05,5.5169982632248e-06,1.2148202075722671e-30,8.94467031681419e+18,1.892999847052746e+17,5.807466786323631,3.815310066889169e-21,-14484547.109304393,3.2415119069549355e+21,0.0,0.0,0.0,0.0,0.0,0.3333333333333333,0.3333333333333333,2.0,4.239916225012569e-20,4.766040325715508e-22,0.0,8.162871712568798e-19,,0.0,0.0,0.0,0.0,0.0,4.239916225012569e-20,8.162871712568798e-19,0.0005550385676048057,1.9438515881976667e-18,1.7607759639859707e-21,8.553722089071623e-22,,,1.7607759639859707e-21,8.553722089071623e-22,,1.4453593647030202e-07,3.825406763419458,14939654490512.434,1.616477522593492e-06,4.769862988882285e-05,1.616477522593492e-06,4.769862988882285e-05,0.008002658926124579,4.931510741141635e-05,False,False,1.0,1.487662857603938,8.56267974820928e-09,0.22777072525791192,0.6642522281576992,1.0,1.1311615463796219,3.519674616859895e-07,0.07773541057222946,0.8836317536801616,0.20328232302224325,0.07713985528439486,0.008400378311903716,0.00045902512692366294,True,AP3.8,119.0,8.3,6.863735268152632e+19,$(U_{0.8}Pu_{0.2})N$,0.8400378311903717,0.16828691903642376,91.8257351090143,1.501632294672504,6.504345677276765,0.0,1.3875635409175316e+19,6.054114300961094e-08,ok,
18,TRIAL_018,AP3.8,1550.0,1.1,6.863735268152632e+19,0.00040027618581248267,360000.1679803875,15236964159103.967,23.266565222719763,2.263750466667708,172626194755274.16,1.0,40,TRIAL_018_AP3p8,rizk2025_refit_plot,rizk2025_refit_full,15236964159103.967,1.3900442884878947e+23,8.28299152577987e+25,1.4013217190269784e+24,3.615219937749318e+23,5.474453222749829e+18,1.7741881881124455,27.84921830634735,0.8457117866674378,0.04953000675606016,0.895241793423498,0.4185686123019979,1.3138104057254958,52282463024894.67,1.3070615756223666e+19,63.70165499125923,0.4897095046901556,34902506.09465733,34849957.98468055,1.0015078385460288,1251303339.1130488,1251276507.6865115,79716499.12114127,79714984.29792629,1.000021443243258,1.0000190029920764,0.1538242588322393,91.66075087814752,1.550722351798805,6.634702511221421,6.634702511221421,0.0,5.995497980326833e+24,5.995497980326833e+24,0.0,9.036573938600132e+25,9.036573938600132e+25,1.001239304515096,8.244320153285491e+16,0.00438402084820655,3.9067605130243164e-06,2.262252319241203e-08,2.262252319241203e-08,0.0005426052740946809,0.0005426052740946809,1.8005835537869308e+19,9.78536843134735e-06,5485699.832500776,1.0999999999999999,15236964159103.967,0.0,2.3393093677004392e-26,9.047480130112636e-23,1.7741881881124457e-09,2.7849218306347352e-08,4.848858089953622e+25,1.2876697574303136e+25,8.437024140567448e+25,0.008457117866674378,0.04953000675606016,0.4185686123019979,0.00895241793423498,0.013138104057254959,458700.499819378,9626922.201427223,3.202363378348824e-22,6.370165499125923e-08,9.366611218315727e-15,0.03672711057027811,0.0,9.64451857158908e-19,8.303373578131135e-21,1.9319098292419602e-19,7.11715258415843e-15,1.6472964643566316e+19,15236964159103.967,0.008689447672814082,5.540812461168403e-05,1.43995107381485e-05,5.48703303658735e-06,1.43995107381485e-05,5.48703303658735e-06,1.2569817946278807e-30,9.396007801126519e+18,1.980495954515491e+17,7.132990143125639,4.422423223763556e-21,-14657687.37442045,3.307343029557449e+21,0.0,0.0,0.0,0.0,0.0,0.3333333333333333,0.3333333333333333,2.0,1.4816468590202815e-19,1.8383335745449222e-22,0.0,8.162871712568798e-19,,0.0,0.0,0.0,0.0,0.0,1.4816468590202815e-19,8.162871712568798e-19,0.00019060915906785685,2.1832783417220153e-18,7.11715258415843e-21,1.1862209939727049e-21,,,7.11715258415843e-21,1.1862209939727049e-21,,1.4453593647030202e-07,3.825406763419458,14932049791197.584,1.8616623422778887e-06,5.354646226940614e-05,1.8616623422778887e-06,5.354646226940614e-05,0.008689447672814082,5.540812461168403e-05,False,False,1.0,1.487789872480643,8.709531619243442e-09,0.22781376638278258,0.6641910165316328,1.0,1.1349121759199778,3.5198449699528156e-07,0.07971612448235121,0.8806790977303028,0.20373898010420508,0.07912058003180465,0.008457117866674378,0.0004953000675606016,True,AP3.8,119.0,8.3,6.863735268152632e+19,$(U_{0.8}Pu_{0.2})N$,0.8457117866674378,0.1538242588322393,91.66075087814752,1.550722351798805,6.634702511221421,0.0,1.3070615756223666e+19,6.370165499125923e-08,ok,
18,TRIAL_018,AP3.8,1600.0,1.1,6.863735268152632e+19,0.00040027618581248267,360000.1679803875,15236964159103.967,23.266565222719763,2.263750466667708,172626194755274.16,1.0,40,TRIAL_018_AP3p8,rizk2025_refit_plot,rizk2025_refit_full,15236964159103.967,1.1088771919758929e+23,8.242243778307923e+25,1.5171094939996651e+24,3.179107408618128e+23,5.472829080813351e+18,1.8570965935283648,29.177063867048137,0.8528983820541477,0.05694102131172753,0.9098394033658752,0.4511608015667116,1.3610002049325869,47898404759126.15,1.1974601189781537e+19,67.24870813292104,0.5,33021582.290926494,33011786.570115805,1.0002967340404278,1195437767.2860336,1195414394.5642278,76088277.68292426,76087162.50942625,1.000019551982904,1.0000146565262946,0.12270991191022895,91.20983056532972,1.6788547344467173,6.988604788313344,6.621777777181417,0.3668270111319275,6.315304389724845e+24,5.983818448847909e+24,3.3148594087693565e+23,9.036573938600132e+25,9.00342534451244e+25,1.001424934493422,7.045194431292412e+16,0.003872233517789849,3.607507055738046e-06,2.3024190108210258e-08,2.3024190108210258e-08,0.0006232455278467881,0.0006232455278467881,1.7284182347433368e+19,1.0912968015215921e-05,5485699.832500776,1.0999999999999999,15236964159103.967,0.0,2.6828234231471897e-26,1.0404312005896805e-22,1.8570965935283648e-09,2.9177063867048138e-08,5.213406966362906e+25,1.5076561978835496e+25,8.405043499627649e+25,0.008528983820541477,0.05694102131172753,0.4511608015667116,0.009098394033658752,0.01361000204932587,499709.2056772771,11442544.64384365,3.767647827400777e-22,6.724870813292104e-08,1.0438761009148939e-14,0.03407359027997264,1.0,1.2951051174088508e-18,2.797102768283436e-20,6.507897399291656e-19,2.6363059898109156e-14,1.6472964643566316e+19,15236964159103.967,0.010689648416483417,7.445225629353353e-05,1.41979273613436e-05,5.433821761965328e-06,1.41979273613436e-05,5.433821761965328e-06,1.279436803867988e-30,1.0077270527093471e+19,2.043329227819031e+17,3.647873675484684,2.126374646309282e-21,-9762667.357581075,3.487652944614896e+21,3.5367044081272687e+21,0.0,0.0,0.0,0.0,0.3333333333333333,0.3333333333333333,2.0,4.788179461519709e-19,6.777638626958759e-23,0.0,8.162871712568798e-19,,0.0,0.0,0.0,0.0,0.0,4.788179461519709e-19,8.162871712568798e-19,5.23327298753861e-05,2.9317948139180225e-18,2.6363059898109155e-20,1.6079677847252025e-21,,,2.6363059898109155e-20,1.6079677847252025e-21,,1.4453593647030202e-07,3.825406763419458,14917605807423.463,2.6174465024876102e-06,7.183480979104592e-05,2.6174465024876102e-06,7.183480979104592e-05,0.010689648416483417,7.445225629353353e-05,False,False,1.0,1.4865038104718091,9.090868191096328e-09,0.2273777000438114,0.6648112337943787,1.0,1.1421005169303329,3.520193122312832e-07,0.08348039974208205,0.8750702868856431,0.20431445656393027,0.08288483632065935,0.008528983820541477,0.0005694102131172752,True,AP3.8,119.0,8.3,6.863735268152632e+19,$(U_{0.8}Pu_{0.2})N$,0.8528983820541477,0.12270991191022895,91.20983056532972,1.6788547344467173,6.621777777181417,0.3668270111319275,1.1974601189781537e+19,6.724870813292104e-08,ok,
18,TRIAL_018,AP3.8,1650.0,1.1,6.863735268152632e+19,0.00040027618581248267,360000.1679803875,15236964159103.967,23.266565222719763,2.263750466667708,172626194755274.16,1.0,40,TRIAL_018_AP3p8,rizk2025_refit_plot,rizk2025_refit_full,15236964159103.967,7.255980657230189e+22,8.155401694412754e+25,1.7603566463689261e+24,2.4827516432322242e+23,5.469538929498137e+18,2.024250538777332,31.55066843729903,0.8626103762595573,0.07195566996970913,0.9345660462292664,0.48322170774947215,1.4177877539787387,41753308765078.59,1.0438327191269648e+19,72.02761293775839,0.5,30831886.656341728,30821512.881710805,1.0003365757764953,1096720645.1230006,1096702190.501035,70363774.4972198,70363010.03929058,1.0000168273776833,1.0000108644858825,0.08029570395297649,90.24882383329582,1.9480354593785632,7.722845003372677,6.490598636499445,1.2322463668732313,6.978805988932577e+24,5.865277448450443e+24,1.1135285404821339e+24,9.036573938600132e+25,8.92522108455192e+25,1.0018011738688404,5.2582791186409384e+16,0.0030537408344223633,3.10713075474142e-06,2.26233180640976e-08,2.26233180640976e-08,0.0007872247674634405,0.0007872247674634405,1.552205678679032e+19,1.2696255709031191e-05,5485699.832500776,1.0999999999999999,15236964159103.967,0.0,3.4744126687458324e-26,1.3155710361917379e-22,2.024250538777332e-09,3.155066843729903e-08,5.798510455972801e+25,1.950826483107704e+25,8.338693339706876e+25,0.008626103762595573,0.07195566996970913,0.48322170774947215,0.009345660462292665,0.014177877539787387,561898.2180742535,14211000.688756943,4.629302175482931e-22,7.202761293775839e-08,1.1975098855355561e-14,0.03407359027997264,1.0,2.257479190366825e-18,9.233806137778259e-20,2.148389527585679e-18,9.020265555838444e-14,1.6472964643566316e+19,15236964159103.967,0.015728181983237076,0.00012992588338760458,1.3809326865720025e-05,5.34933192899584e-06,1.3809326865720025e-05,5.34933192899584e-06,1.2559542273447633e-30,1.1166052148164633e+19,2.0408045258563267e+17,5.133063796825625,2.7737275081856268e-21,-9677593.705566943,3.866954222273552e+21,3.9421937195744e+21,0.0,0.0,0.0,0.0,0.3333333333333333,0.3333333333333333,2.0,1.441192019109945e-18,2.42053512429118e-23,0.0,8.162871712568798e-19,,0.0,0.0,0.0,0.0,0.0,1.441192019109945e-18,8.162871712568798e-19,1.0722292079679634e-05,5.11036957068554e-18,9.020265555838444e-20,2.135405819398152e-21,,,9.020265555838444e-20,2.135405819398152e-21,,1.4453593647030202e-07,3.825406763419458,14891832138363.875,4.9279917761843905e-06,0.00012499789161142018,4.9279917761843905e-06,0.00012499789161142018,0.015728181983237076,0.00012992588338760458,False,False,1.0,1.483399339823573,9.871820687019953e-09,0.22632265621337186,0.6663123589721528,1.0,1.1551419525345534,3.5208988293025914e-07,0.09020530021042276,0.8650590497762528,0.20508704423768384,0.08960969663544034,0.008626103762595573,0.0007195566996970913,True,AP3.8,119.0,8.3,6.863735268152632e+19,$(U_{0.8}Pu_{0.2})N$,0.8626103762595573,0.08029570395297649,90.24882383329582,1.9480354593785632,6.490598636499445,1.2322463668732313,1.0438327191269648e+19,7.202761293775839e-08,ok,
18,TRIAL_018,AP3.8,1700.0,1.1,6.863735268152632e+19,0.00040027618581248267,360000.1679803875,15236964159103.967,23.266565222719763,2.263750466667708,172626194755274.16,1.0,40,TRIAL_018_AP3p8,rizk2025_refit_plot,rizk2025_refit_full,15236964159103.967,4.033874005543108e+22,8.01282057024612e+25,2.163026419196955e+24,1.739611785521434e+23,5.463715741562627e+18,2.2900066625784286,35.04893602354864,0.8750869114651061,0.09853742788604727,0.9736243393511534,0.5362670891941329,1.5098914285452865,33901700175659.812,8.475425043914953e+18,79.93440218492655,0.5,27783854.85689707,27772772.91527216,1.0003990217922683,969442919.2913607,969429493.930116,63340468.58659285,63340011.19202104,1.0000138487237378,1.0000072212581463,0.04463941791382056,88.671001030811,2.3936355015671262,8.890724049708062,6.3826451655097465,2.508078884198316,8.03416852428773e+24,5.76772449619775e+24,2.26644402808998e+24,9.036573938600132e+25,8.809929535791133e+25,1.0024677652749205,3.5145202751780012e+16,0.002175841262317234,2.5259960800451416e-06,2.089170254536511e-08,2.089170254536511e-08,0.0010789305454896182,0.0010789305454896182,1.3232893708919833e+19,1.4887088336304624e-05,5485699.832500776,1.0999999999999999,15236964159103.967,0.0,5.030357455314699e-26,1.8034874533546924e-22,2.2900066625784287e-09,3.5048936023548645e-08,6.640415557862326e+25,2.7435484597799177e+25,8.233157086171359e+25,0.008750869114651061,0.09853742788604727,0.5362670891941329,0.009736243393511534,0.015098914285452864,680523.3326131256,19678074.578338623,6.32731793881126e-22,7.993440218492656e-08,1.474852285900935e-14,0.03407359027997264,1.0,4.881873557157333e-18,2.8987370337520676e-19,6.74436542593057e-18,2.8708990269161864e-13,1.6472964643566316e+19,15236964159103.967,0.026666511908333315,0.0002814430423501394,1.32393158800715e-05,5.244776901770051e-06,1.32393158800715e-05,5.244776901770051e-06,1.1572547197346677e-30,1.2748975698889918e+19,1.9177025045827622e+17,8.395650916178571,4.053010477107612e-21,-9323884.93533691,4.4829712438526455e+21,4.599947204874507e+21,0.0,0.0,0.0,0.0,0.3333333333333333,0.3333333333333333,2.0,4.065586385900453e-18,8.463999134962283e-24,0.0,8.162871712568798e-19,,0.0,0.0,0.0,0.0,0.0,4.065586385900453e-18,8.162871712568798e-19,1.7337604171564793e-06,1.1051343543227657e-17,2.8708990269161863e-19,2.7838006835881095e-21,,,2.8708990269161863e-19,2.7838006835881095e-21,,1.4453593647030202e-07,3.825406763419458,14853971692608.707,1.1818191067181385e-05,0.000269624851282958,1.1818191067181385e-05,0.000269624851282958,0.026666511908333315,0.0002814430423501394,False,False,1.0,1.4793105332976801,1.1114563618695649e-08,0.22492786576230636,0.6682980379188079,1.0,1.1748162248573186,3.522149241916687e-07,0.10010568315678678,0.8503430621881012,0.2060710873729978,0.09951007966236441,0.008750869114651061,0.0009853742788604727,True,AP3.8,119.0,8.3,6.863735268152632e+19,$(U_{0.8}Pu_{0.2})N$,0.8750869114651061,0.04463941791382056,88.671001030811,2.3936355015671262,6.3826451655097465,2.508078884198316,8.475425043914953e+18,7.993440218492656e-08,ok,
18,TRIAL_018,AP3.8,1750.0,1.1,6.863735268152632e+19,0.00040027618581248267,360000.1679803875,15236964159103.967,23.266565222719763,2.263750466667708,172626194755274.16,1.0,40,TRIAL_018_AP3p8,rizk2025_refit_plot,rizk2025_refit_full,15236964159103.967,2.0847935785198995e+22,7.820054354903089e+25,2.7233793858658874e+24,1.1465035189900992e+23,5.454637324406398e+18,2.646240827302431,39.4237088848667,0.8899223176884276,0.1399996425558001,1.0299219602442278,0.6143603181169626,1.6442822783611901,25830776135678.67,6.457694033919668e+18,91.574750239881,0.5,24254207.831023928,24242490.36098583,1.0004833443208028,838935532.2312975,838925912.2205671,56311532.85095094,56311292.437840015,1.0000114670563756,1.0000042693587825,0.0230706193816952,86.53782294083132,3.0137299870173693,10.425376452769605,6.288175393705301,4.137201059064304,9.420968515319329e+24,5.682356188410395e+24,3.7386123269089346e+24,9.036573938600132e+25,8.662712705909237e+25,1.0035087912543237,2.2354876942726156e+16,0.0014683047351488972,2.0029106432806386e-06,1.7599992632753106e-08,1.7599992632753106e-08,0.0015372978844605597,0.0015372978844605597,1.1098815286716668e+19,1.7986761129500738e-05,5485699.832500776,1.0999999999999999,15236964159103.967,0.0,7.762054829734131e-26,2.5666168844880185e-22,2.646240827302431e-09,3.94237088848667e-08,7.709077181575161e+25,3.999742266195401e+25,8.094477087068199e+25,0.008899223176884276,0.1399996425558001,0.6143603181169626,0.010299219602442277,0.0164428227836119,879935.8034870132,30004410.959121708,9.51361763022489e-22,9.1574750239881e-08,1.9356754801857335e-14,0.03407359027997264,1.0,1.1625332016342075e-17,8.588030780930961e-19,1.9981397829925513e-17,8.552344067970446e-13,1.6472964643566316e+19,15236964159103.967,0.047814372714254,0.0006716115094449716,1.2560522286564317e-05,5.13914068581673e-06,1.2560522286564317e-05,5.13914068581673e-06,9.716569050282267e-31,1.4796584146837776e+19,1.642777503667538e+17,15.434802405850762,6.4448447703078455e-21,-8608686.305101007,5.314206964524002e+21,5.491623987635699e+21,0.0,0.0,0.0,0.0,0.3333333333333333,0.3333333333333333,2.0,1.0809044845085196e-17,2.9228774848067563e-24,0.0,8.162871712568798e-19,,0.0,0.0,0.0,0.0,0.0,1.0809044845085196e-17,8.162871712568798e-19,2.514231404916419e-07,2.631685077716142e-17,8.552344067970446e-19,3.568671296051523e-21,,,8.552344067970446e-19,3.568671296051523e-21,,1.4453593647030202e-07,3.825406763419458,14806881663386.908,3.1582335669191875e-05,0.0006400291737757798,3.1582335669191875e-05,0.0006400291737757798,0.047814372714254,0.0006716115094449716,False,False,1.0,1.4755325581126963,1.2771820118328019e-08,0.22363379265369085,0.6701415058254232,1.0,1.2001920057515953,3.5241022006263535e-07,0.11246428191370961,0.8320148133216565,0.20722908022885897,0.11186879900118393,0.008899223176884276,0.001399996425558001,True,AP3.8,119.0,8.3,6.863735268152632e+19,$(U_{0.8}Pu_{0.2})N$,0.8899223176884276,0.0230706193816952,86.53782294083132,3.0137299870173693,6.288175393705301,4.137201059064304,6.457694033919668e+18,9.1574750239881e-08,ok,
18,TRIAL_018,AP3.8,1800.0,1.1,6.863735268152632e+19,0.00040027618581248267,360000.1679803875,15236964159103.967,23.266565222719763,2.263750466667708,172626194755274.16,1.0,40,TRIAL_018_AP3p8,rizk2025_refit_plot,rizk2025_refit_full,15236964159103.967,1.0659377048325745e+22,7.587067436519688e+25,3.4307102705968174e+24,7.385271085703644e+22,5.441565466472065e+18,3.083289027234973,44.417628118210104,0.9067712931710209,0.19974621511639018,1.106517508287411,0.7236089146294684,1.8301264229168792,18619840293099.203,4.654960073274801e+18,107.85902616830381,0.5,20594512.93174716,20582422.06392537,1.0005874365895442,720017502.0697002,720010346.2213688,49980263.098128706,49980156.39402988,1.0000099385354237,1.0000021349292705,0.011795816778296626,83.95955688594755,3.796472306769255,12.232174990504928,6.199173886506941,6.0330011039979885,1.1053695373159315e+25,5.601929318365911e+24,5.451766054793404e+24,9.036573938600132e+25,8.491397333120794e+25,1.0050116379962435,1.4092918105790726e+16,0.0009743766555532789,1.5861410653197769e-06,1.2539706428889166e-08,1.2539706428889166e-08,0.0022042291725225902,0.0022042291725225902,9.366647743058506e+18,2.2295318500461406e-05,5485699.832500776,1.0999999999999999,15236964159103.967,0.0,1.227810438707311e-25,3.670749095037385e-22,3.0832890272349735e-09,4.4417628118210107e-08,8.963684422058e+25,5.839036258206174e+25,7.931204401284202e+25,0.00906771293171021,0.19974621511639018,0.7236089146294684,0.01106517508287411,0.018301264229168793,1203432.3023580543,49707944.7237854,1.5544900562818443e-21,1.0785902616830381e-07,2.685307672511604e-14,0.03407359027997264,1.0,2.80344615729556e-17,2.4023187514376478e-18,5.589370591608673e-17,2.3978131732901632e-12,1.6472964643566316e+19,15236964159103.967,0.08563839108688437,0.0016234227742758468,1.1843706730513384e-05,5.043126616579303e-06,1.1843706730513384e-05,5.043126616579303e-06,6.893268171862858e-31,1.7253344137081055e+19,1.1916054264791803e+17,30.925910596158488,1.0866097595070228e-20,-7543369.963031986,6.323383958138754e+21,6.581122797788492e+21,0.0,0.0,0.0,0.0,0.3333333333333333,0.3333333333333333,2.0,2.721817440169872e-17,1.0037403008245757e-24,0.0,8.162871712568798e-19,,0.0,0.0,0.0,0.0,0.0,2.721817440169872e-17,8.162871712568798e-19,3.580380162509945e-08,6.346302546855616e-17,2.397813173290163e-18,4.50557814748474e-21,,,2.397813173290163e-18,4.50557814748474e-21,,1.4453593647030202e-07,3.825406763419458,14753562169113.18,8.55517637172777e-05,0.0015378710105585691,8.55517637172777e-05,0.0015378710105585691,0.08563839108688437,0.0016234227742758468,False,False,1.0,1.4727888622700487,1.4788481988067448e-08,0.2226907708976415,0.6714855926434786,1.0,1.2302260053312872,3.526921859180921e-07,0.12653398000637134,0.8112119881568912,0.2085287408634258,0.1259387909464599,0.00906771293171021,0.001997462151163902,True,AP3.8,119.0,8.3,6.863735268152632e+19,$(U_{0.8}Pu_{0.2})N$,0.9067712931710209,0.011795816778296626,83.95955688594755,3.796472306769255,6.199173886506941,6.0330011039979885,4.654960073274801e+18,1.0785902616830382e-07,ok,
