trial,trial_label,case,T,burnup,fission_rate,f_n,K_d,rho_d,Dv_dislocation_scale,Dg_dislocation_scale,NGF_AREAL_0,DT_H,N_MODES,label,xe_diffusivity_mode,vacancy_diffusivity_mode,rho_d_eff,c,mb,md,Nb,Nd,Rb_nm,Rd_nm,swelling_b_percent,swelling_d_percent,swelling_ig_percent,swelling_gf_percent,swelling_total_gas_percent,Ngf_areal,Ngf_vol,Rgf_nm,Fc_gf,p_gf,p_gf_eq,p_gf_over_eq,p_b,p_b_eq,p_d,p_d_eq,p_b_over_eq,p_d_over_eq,matrix_gas_percent,bulk_gas_percent,dislocation_gas_percent,qgb_gas_percent,grainface_gas_percent,release_gas_percent,q_gb,q_gf,q_rel,generated,retained,lambda_d,nu_b,phi_b,phi_d,f_cap_step,cap_raw_step,capture_fraction_sum,capture_raw_sum,capture_bubbles_cumulative,max_f_cap_step,time,burnup_percent_fima,rho_d_next,delta_Nd_rho,Vb,Vd,Rb,Rd,nvb,nvd,retained_ig,swelling_b,swelling_d,swelling_gf,swelling_ig,swelling_total_gas,ng_gf,nv_gf,V_gf,R_gf,A_gf,zeta_gf,gf_saturated,Dg,Dv,Dv_dislocation,Dv_gb,beta,rho_d_old,g_b,g_d,b_b,b_d,b_b_gas,b_d_gas,dVd_growth_dt,dnvb_dt,dnvd_dt,dnv_gf_dt,dA_gf_dt,dNgf_dt,dq_gf_in_step,dq_rel_step,nvb_seed_added,nvd_seed_added,bulk_first_gas_seed_applied,dislocation_first_gas_seed_applied,first_gas_pressure_factor,seed_pressure_factor,seed_gas_atoms_per_bubble,D1_Xe,D2_Xe,D2_Xe_scaled,D3_Xe,Dg_lookup_base,D1_Xe_i_2023,D2_Xe_i0_2023,D2_Xe_i1_2023,D1_XeVU_2023,D2_XeVU_2023,Dg_D1_scaled,Dg_D3_scaled,D2_Xe_over_Dg_unscaled,Dg_dislocation,Dv1,Dv2,Dv_lookup_base,Dv_nonthermal_effective,Dv1_scaled,Dv2_scaled,A20_vU_active,Gamma_d,den,free_dislocation,term_bubbles,term_dislocation,term_bubbles_scaled,term_dislocation_scaled,g_b_unscaled,g_d_unscaled,USE_WS_GAS_TRAPPING_BULK,USE_WS_GAS_TRAPPING_DISLOCATION,ws_bulk_factor,ws_bulk_factor_raw,ws_bulk_delta,ws_bulk_x,ws_bulk_zeta,ws_dislocation_factor,ws_dislocation_factor_raw,ws_dislocation_delta,ws_dislocation_x,ws_dislocation_zeta,psi_b,psi_d,porosity_b,porosity_d,valid_single_size,experiment_case,linear_power_kW_m,fuel_diameter_mm,fission_rate_case,fuel_description,swelling_bulk,matrix_gas,bulk_gas,dislocation_gas,grainface_gas,FGR,Ngf,Rgf,status,error
49,TRIAL_049,ANP6,900.0,3.2,7.76068019011021e+19,0.0003532752029425975,519754.0997222178,43235270510889.76,7.789406175697652,21.253198700985447,2365717640302.848,1.0,40,TRIAL_049_ANP6,rizk2025_refit_plot,rizk2025_refit_full,43235270510889.76,1.751141213049334e+23,1.9852234737109604e+26,4.727397379026515e+25,8.069575808676874e+23,2.1869074144849043e+19,1.7729914131065385,41.94831031776676,1.883905924600001,0.6761801580315788,2.56008608263158,0.14374853997314962,2.703834622604729,1995181726835.766,4.987954317089416e+17,132.50151290596028,0.08085468617961701,2817934138498.962,16754525.675307507,168189.4309101199,1255590013.3494806,1252121123.4239638,214111873.61712408,52922274.65619141,1.0027704108337627,4.045779872616927,0.06661316513046896,75.51762136013747,17.982953053687723,6.432812421044332,6.432812421044332,0.0,1.6910715658448534e+25,1.6910715658448534e+25,0.0,2.6288215094111468e+26,2.6288215094111468e+26,1.0171117679315818,1.1050930802655813e+17,0.004081530173694235,4.6261122115656024e-07,2.859406682405454e-07,2.859406682405454e-07,0.007361591376862261,0.007361591376862261,1.1475310620987363e+21,8.12350531341572e-06,14113998.628416095,3.2,43235270510889.76,0.0,2.3345786312265838e-26,3.0919468906315983e-22,1.7729914131065386e-09,4.1948310317766765e-08,6.72492152237178e+25,9.3908959768399e+25,2.4597143528266614e+26,0.01883905924600001,0.6761801580315788,0.14374853997314962,0.025600860826315797,0.027038346226047293,33903108.53591843,5117.223117515701,2.881913723240155e-21,1.3250151290596027e-07,4.052497328543977e-14,0.5867711827270344,0.0,9.229586270335752e-19,5.911994148657879e-25,4.6050923732244064e-24,5.119872410101689e-28,1.8625632456264503e+19,43235270510889.76,0.018556610481896624,0.0015550948132018925,1.6284507459221e-05,5.7527306409514435e-06,1.6284507459221e-05,5.7527306409514435e-06,5.861053875169606e-30,6.063696904829924e+18,3.3255666741190497e+18,0.0004972711695996144,2.418095303348293e-21,-17379.18198410338,2.7306207478477394e+21,0.0,0.0,0.0,0.0,0.0,0.3333333333333333,0.3333333333333333,2.0,2.4966082885114063e-31,1.1115015552558786e-24,0.0,9.229586270333256e-19,,0.0,0.0,0.0,0.0,0.0,2.4966082885114063e-31,9.229586270333256e-19,1.2042810183467137e-06,1.961582309313329e-17,5.119872410101689e-34,5.911994143538007e-25,,,5.119872410101689e-34,5.911994143538007e-25,,8.580369162343737e-08,3.303940622972829,41400551476627.64,1.0693021039124023e-05,0.0015444017921627685,1.0693021039124023e-05,0.0015444017921627685,0.018556610481896624,0.0015550948132018925,False,False,1.0,1.7177953524823733,6.663574337762527e-09,0.297584055009029,0.5668003844175831,1.0,1.3824895252295066,2.2183335474738536e-07,0.19004245280423004,0.7183681201266808,0.26608459840482906,0.18909823453807703,0.01883905924600001,0.006761801580315788,True,ANP6,125.0,8.0,7.76068019011021e+19,$(U_{0.8}Pu_{0.2})N$,1.883905924600001,0.06661316513046896,75.51762136013747,17.982953053687723,6.432812421044332,0.0,4.987954317089416e+17,1.325015129059603e-07,ok,
49,TRIAL_049,ANP6,950.0,3.2,7.76068019011021e+19,0.0003532752029425975,519754.0997222178,43235270510889.76,7.789406175697652,21.253198700985447,2365717640302.848,1.0,40,TRIAL_049_ANP6,rizk2025_refit_plot,rizk2025_refit_full,43235270510889.76,1.748450093371304e+23,1.982354066080588e+26,4.758691358320564e+25,8.045300325074361e+23,2.173737881169068e+19,1.7776123006211255,44.91773381321269,1.8929624990851428,0.8251811421861661,2.718143641271309,0.14357213520942666,2.8617157764807355,1995444532491.7515,4.988611331229378e+17,132.44147501016533,0.08079207102398321,445100932511.0003,16762120.776966639,26553.974788358977,1250273663.3730762,1248866245.59489,148364427.00593838,49423686.6274625,1.0011269563759533,3.001889116938092,0.06651079531690818,75.40846949797795,18.101994910207903,6.42302479649726,6.42302479649726,0.0,1.6884985740513153e+25,1.6884985740513153e+25,0.0,2.6288215094111468e+26,2.628821509411147e+26,1.0209390112998213,1.1016996732910722e+17,0.004075116061976397,4.5680167508281447e-07,3.878223036170999e-07,3.878223036170999e-07,0.008981618902464246,0.008981618902464246,1.527614361270056e+21,9.103359443027625e-06,14113998.628416095,3.2,43235270510889.76,0.0,2.352879846120159e-26,3.79613912668427e-22,1.7776123006211257e-09,4.491773381321269e-08,7.118408556635035e+25,1.4400067301955909e+26,2.4599716520060156e+26,0.018929624990851428,0.8251811421861661,0.14357213520942666,0.02718143641271309,0.028617157764807357,33847066.085928306,34140.454050423454,2.8779980174171073e-21,1.3244147501016534e-07,4.0488256981564173e-14,0.5870984559196647,0.0,9.229586270408242e-19,1.654156910152138e-24,1.288490005151201e-23,2.2845010932250072e-26,1.8625632456264503e+19,43235270510889.76,0.01854389420817606,0.0015513755921574047,1.6271624887908034e-05,5.692581306428787e-06,1.6271624887908034e-05,5.692581306428787e-06,7.990875141597402e-30,6.456242989006946e+18,4.903087021168279e+18,0.003318303858040961,2.4165042312361872e-21,-17373.631746520696,2.7272721149196826e+21,0.0,0.0,0.0,0.0,0.0,0.3333333333333333,0.3333333333333333,2.0,7.498646671560408e-30,4.1448101342312676e-23,0.0,9.229586270333256e-19,,0.0,0.0,0.0,0.0,0.0,7.498646671560408e-30,9.229586270333256e-19,4.490786491178152e-05,1.9615823093287356e-17,2.284501093225007e-32,1.6541568873071272e-24,,,2.284501093225007e-32,1.6541568873071272e-24,,8.580369162343737e-08,3.303940622972829,41282509039590.59,1.1377242565043897e-05,0.0015399983495923608,1.1377242565043897e-05,0.0015399983495923608,0.01854389420817606,0.0015513755921574047,False,False,1.0,1.7192441680751285,6.6702701521066185e-09,0.2979780679380398,0.5662617728257033,1.0,1.4173142458553414,2.222804157451281e-07,0.20301864737423844,0.6996558952039952,0.2665103032546269,0.20207678861659759,0.018929624990851428,0.008251811421861661,True,ANP6,125.0,8.0,7.76068019011021e+19,$(U_{0.8}Pu_{0.2})N$,1.8929624990851428,0.06651079531690818,75.40846949797795,18.101994910207903,6.42302479649726,0.0,4.988611331229378e+17,1.3244147501016534e-07,ok,
49,TRIAL_049,ANP6,1000.0,3.2,7.76068019011021e+19,0.0003532752029425975,519754.0997222178,43235270510889.76,7.789406175697652,21.253198700985447,2365717640302.848,1.0,40,TRIAL_049_ANP6,rizk2025_refit_plot,rizk2025_refit_full,43235270510889.76,1.7458807476557635e+23,1.979683440154849e+26,4.787951552763665e+25,8.021552116591353e+23,2.1575655897389347e+19,1.7822049355299638,48.14547755861193,1.902041309433509,1.0086003463993474,2.910641655832856,0.14358208011208035,3.0542237359449365,1995421426807.6309,4.988553567019077e+17,132.44504411418382,0.08079548997962382,84767569089.50728,16761669.074503753,5057.227219599961,1246292079.6951563,1245647992.4065812,109877189.41591936,46110249.862978086,1.00051707006514,2.3829233140664403,0.06641305776773102,75.30687926386817,18.213300277796954,6.413407400567143,6.413407400567143,0.0,1.6859703323227536e+25,1.6859703323227536e+25,0.0,2.6288215094111468e+26,2.6288215094111468e+26,1.025678872467932,1.0984647366172917e+17,0.004068541733494888,4.5063246900483885e-07,5.061408925757298e-07,5.061408925757298e-07,0.010980983595893624,0.010980983595893624,1.9797341958594484e+21,1.027089527516492e-05,14113998.628416095,3.2,43235270510889.76,0.0,2.3711636872612564e-26,4.67471464689696e-22,1.782204935529964e-09,4.814547755861193e-08,7.50687315258873e+25,2.0593272560423685e+26,2.4602244761788714e+26,0.019020413094335088,1.0086003463993474,0.14358208011208035,0.02910641655832856,0.030542237359449362,33796777.15539115,188420.7470872339,2.8782306971974278e-21,1.3244504411418382e-07,4.0490439209568e-14,0.5870805782277531,0.0,9.229586271935955e-19,4.1078364398687146e-24,3.199760653346922e-23,6.972208708889678e-25,1.8625632456264503e+19,43235270510889.76,0.018531872716326586,0.0015474449805757083,1.6258841524085322e-05,5.635351566335615e-06,1.6258841524085322e-05,5.635351566335615e-06,1.048095624003716e-29,6.863162879860788e+18,6.727635900125772e+18,0.018320345580695688,2.4177906594310585e-21,-17382.407529896962,2.7240748501081543e+21,0.0,0.0,0.0,0.0,0.0,0.3333333333333333,0.3333333333333333,2.0,1.6026995865756309e-28,5.19276648232866e-22,0.0,9.229586270333256e-19,,0.0,0.0,0.0,0.0,0.0,1.6026995865756309e-28,9.229586270333256e-19,0.000562621804415882,1.9615823096534234e-17,6.972208708889678e-31,4.1078357426478436e-24,,,6.972208708889678e-31,4.1078357426478436e-24,,8.580369162343737e-08,3.303940622972829,41157759122376.33,1.210028844263965e-05,0.0015353446921330686,1.210028844263965e-05,0.0015353446921330686,0.018531872716326586,0.0015474449805757083,False,False,1.0,1.720695953777802,6.676846676884924e-09,0.2983723859837555,0.565722883083619,1.0,1.456393956177812,2.2283437793819658e-07,0.21699844422594233,0.6796113802721074,0.26693569266001027,0.21605933629335952,0.019020413094335088,0.010086003463993473,True,ANP6,125.0,8.0,7.76068019011021e+19,$(U_{0.8}Pu_{0.2})N$,1.902041309433509,0.06641305776773102,75.30687926386817,18.213300277796954,6.413407400567143,0.0,4.988553567019077e+17,1.3244504411418382e-07,ok,
49,TRIAL_049,ANP6,1050.0,3.2,7.76068019011021e+19,0.0003532752029425975,519754.0997222178,43235270510889.76,7.789406175697652,21.253198700985447,2365717640302.848,1.0,40,TRIAL_049_ANP6,rizk2025_refit_plot,rizk2025_refit_full,43235270510889.76,1.7434071895991864e+23,1.9773747508561494e+26,4.813489801919492e+25,7.99881491205077e+23,2.138789711282827e+19,1.7868224516393534,51.478559271877025,1.9114302696704923,1.2221818980362862,3.1336121677067785,0.14438962890940382,3.2780017966161825,1994181403968.1047,4.985453509920262e+17,132.72038165658924,0.08108134960070111,18942693909.3257,16726895.841395305,1132.4691735358806,1242756428.6821535,1242428982.2210484,85826866.03016847,43124750.02020495,1.000263553463249,1.9901997342583226,0.06631896396761101,75.21905704807928,18.310447417929524,6.40417657002359,6.40417657002359,0.0,1.6835437117344915e+25,1.6835437117344915e+25,0.0,2.6288215094111468e+26,2.628821509411147e+26,1.0312382222334275,1.0953549207607973e+17,0.004061718642462211,4.4434102669176306e-07,6.358107812563083e-07,6.358107812563083e-07,0.013319125799093235,0.013319125799093235,2.4888821804289507e+21,1.1645257678753851e-05,14113998.628416095,3.2,43235270510889.76,0.0,2.3896418290549392e-26,5.714362153459362e-22,1.7868224516393535e-09,5.1478559271877025e-08,7.895423450712556e+25,2.7829747294376934e+26,2.460467138237698e+26,0.019114302696704923,1.2221818980362862,0.14438962890940382,0.031336121677067785,0.032780017966161826,33769118.664621115,884607.1510392348,2.8962185410432844e-21,1.3272038165658923e-07,4.065896384319004e-14,0.5855889594072424,0.0,9.229586295923071e-19,9.230255568932457e-24,7.189820973191012e-23,1.5366002896313798e-23,1.8625632456264503e+19,43235270510889.76,0.01852217011172094,0.0015435223843007799,1.6246009439212216e-05,5.583565285472665e-06,1.6246009439212216e-05,5.583565285472665e-06,1.3226246742980705e-29,7.285799883213549e+18,8.70775846433356e+18,0.08609022020045412,2.4310662786976206e-21,-17450.13588517281,2.7209980016454365e+21,0.0,0.0,0.0,0.0,0.0,0.3333333333333333,0.3333333333333333,2.0,2.558981501392922e-27,2.8205305937173354e-21,0.0,9.229586270333256e-19,,0.0,0.0,0.0,0.0,0.0,2.558981501392922e-27,9.229586270333256e-19,0.0030559664358555606,1.961582314751453e-17,1.5366002896313797e-29,9.230240202929561e-24,,,1.5366002896313797e-29,9.230240202929561e-24,,8.580369162343737e-08,3.303940622972829,41033265514383.64,1.2821784571628464e-05,0.0015307005997291514,1.2821784571628464e-05,0.0015307005997291514,0.01852217011172094,0.0015435223843007799,False,False,1.0,1.7222026014354064,6.683167602810605e-09,0.29878107419838146,0.5651645014147308,1.0,1.4980768481589464,2.234845118205315e-07,0.23128094186258075,0.6592642970739762,0.2673741927838261,0.23034490772532,0.019114302696704923,0.012221818980362861,True,ANP6,125.0,8.0,7.76068019011021e+19,$(U_{0.8}Pu_{0.2})N$,1.9114302696704923,0.06631896396761101,75.21905704807928,18.310447417929524,6.40417657002359,0.0,4.985453509920262e+17,1.3272038165658925e-07,ok,
49,TRIAL_049,ANP6,1100.0,3.2,7.76068019011021e+19,0.0003532752029425975,519754.0997222178,43235270510889.76,7.789406175697652,21.253198700985447,2365717640302.848,1.0,40,TRIAL_049_ANP6,rizk2025_refit_plot,rizk2025_refit_full,43235270510889.76,1.741008059005514e+23,1.975472611228904e+26,4.834831284684781e+25,7.977298270718443e+23,2.1179418144704532e+19,1.7914760920696904,54.802238610966356,1.9212217298330745,1.4601501987300838,3.381371928563158,0.1481668181931718,3.5295387467563297,1988504366336.8462,4.971260915842116e+17,133.99501585686843,0.08241094626800385,4853536160.67753,16567780.419320764,292.9502949603018,1239384304.6344032,1239201577.8648973,69984737.73844312,40509294.077555455,1.0001474552427707,1.7276217552558835,0.06622770137769825,75.14669992453797,18.391630117815712,6.395442256268632,6.395442256268632,0.0,1.6812476165475935e+25,1.6812476165475935e+25,0.0,2.6288215094111468e+26,2.628821509411147e+26,1.0374835918170748,1.0923429225535331e+17,0.004054664681090515,4.380677113417263e-07,7.709815655803941e-07,7.709815655803941e-07,0.01593957753378768,0.01593957753378768,3.037116622072534e+21,1.3229325414451589e-05,14113998.628416095,3.2,43235270510889.76,0.0,2.4083614083794907e-26,6.894194112198325e-22,1.7914760920696905e-09,5.480223861096636e-08,8.285922523825085e+25,3.59131774605523e+26,2.4606967477563878e+26,0.019212217298330746,1.4601501987300838,0.1481668181931718,0.03381371928563158,0.0352953874675633,33819339.70091762,3622285.7034759405,2.9804675453867786e-21,1.3399501585686843e-07,4.144368383752581e-14,0.5787315591674417,0.0,9.229586587946777e-19,1.9057338427981425e-23,1.4844534964327869e-22,2.556484784617257e-22,1.8625632456264503e+19,43235270510889.76,0.018515391882312476,0.001539762727528663,1.623309775351431e-05,5.538025105789361e-06,1.623309775351431e-05,5.538025105789361e-06,1.6103320480927487e-29,7.715382884294817e+18,1.074149166413293e+19,0.3535599297895718,2.4890005102761107e-21,-17736.05503495039,2.7180156583717896e+21,0.0,0.0,0.0,0.0,0.0,0.3333333333333333,0.3333333333333333,2.0,3.1761352235744896e-26,8.043227546416823e-21,0.0,9.229586270333256e-19,,0.0,0.0,0.0,0.0,0.0,3.1761352235744896e-26,9.229586270333256e-19,0.008714613021693452,1.9615823768158313e-17,2.556484784617257e-28,1.9057082779502963e-23,,,2.556484784617257e-28,1.9057082779502963e-23,,8.580369162343737e-08,3.303940622972829,40913943988303.53,1.3513237106225593e-05,0.0015262494904224374,1.3513237106225593e-05,0.0015262494904224374,0.018515391882312476,0.001539762727528663,False,False,1.0,1.7237807487210655,6.689171303934179e-09,0.29920857871700446,0.5645805716598777,1.0,1.5409659766933606,2.2421536944046474e-07,0.2453503332034227,0.6393591509466754,0.2678299642546339,0.24441761986593719,0.019212217298330746,0.014601501987300838,True,ANP6,125.0,8.0,7.76068019011021e+19,$(U_{0.8}Pu_{0.2})N$,1.9212217298330745,0.06622770137769825,75.14669992453797,18.391630117815712,6.395442256268632,0.0,4.971260915842116e+17,1.3399501585686843e-07,ok,
49,TRIAL_049,ANP6,1150.0,3.2,7.76068019011021e+19,0.0003532752029425975,519754.0997222178,43235270510889.76,7.789406175697652,21.253198700985447,2365717640302.848,1.0,40,TRIAL_049_ANP6,rizk2025_refit_plot,rizk2025_refit_full,43235270510889.76,1.738662935972062e+23,1.9739579715868793e+26,4.852161559679946e+25,7.957023301563107e+23,2.095608277433222e+19,1.7961632415610829,58.037732038618074,1.9314196792342242,1.716050300099788,3.647469979334012,0.1618267803992351,3.809296759733247,1968721535336.2976,4.921803838340744e+17,138.45305503715625,0.08711048690487481,1395473732.6080968,16034315.742648114,87.0304511277904,1236078790.905081,1235967838.9089801,59097145.571008734,38250977.8039366,1.0000897693229613,1.5449839184222567,0.06613849322777036,75.08908324586267,18.457554239834355,6.3872240210752285,6.3872240210752285,0.0,1.6790871892030117e+25,1.6790871892030117e+25,0.0,2.6288215094111468e+26,2.628821509411147e+26,1.0442605301320556,1.0894030262851277e+17,0.004047433550401543,4.319003406130991e-07,9.056962642776734e-07,9.056962642776734e-07,0.018777864903486565,0.018777864903486565,3.6054708260947613e+21,1.5010588539971587e-05,14113998.628416095,3.2,43235270510889.76,0.0,2.4273143436124022e-26,8.188793290135643e-22,1.796163241561083e-09,5.803773203861808e-08,8.679061175089335e+25,4.462207386379543e+26,2.460912790490846e+26,0.019314196792342243,1.716050300099788,0.1618267803992351,0.03647469979334012,0.038092967597332474,34115280.583166674,13286429.395818954,3.2879567271374785e-21,1.3845305503715626e-07,4.4247236260355413e-14,0.555502428485892,0.0,9.22958943709223e-19,3.660792762206921e-23,2.8515401749883855e-22,3.330768464716398e-21,1.8625632456264503e+19,43235270510889.76,0.01851158486559477,0.0015362616109623512,1.6220114153764085e-05,5.498573186941416e-06,1.6220114153764085e-05,5.498573186941416e-06,1.8984912188431277e-29,8.142584810945735e+18,1.272952879028992e+19,1.3091147664169955,2.695377693502014e-21,-18720.77648498264,2.715103122747793e+21,0.0,0.0,0.0,0.0,0.0,0.3333333333333333,0.3333333333333333,2.0,3.1667589742037936e-25,1.392433705843146e-20,0.0,9.229586270333256e-19,,0.0,0.0,0.0,0.0,0.0,3.1667589742037936e-25,9.229586270333256e-19,0.015086626716538222,1.9615829823503756e-17,3.330768464716398e-27,3.6604596853604494e-23,,,3.330768464716398e-27,3.6604596853604494e-23,,8.580369162343737e-08,3.303940622972829,40802816489557.79,1.4157139269744397e-05,0.0015221044716926067,1.4157139269744397e-05,0.0015221044716926067,0.01851158486559477,0.0015362616109623512,False,False,1.0,1.725430855953265,6.694848319707902e-09,0.29965494503262086,0.5639710535882496,1.0,1.5839610545714529,2.2500903012040902e-07,0.25886406247107274,0.620377224733164,0.26830301358628805,0.257934838224999,0.019314196792342243,0.01716050300099788,True,ANP6,125.0,8.0,7.76068019011021e+19,$(U_{0.8}Pu_{0.2})N$,1.9314196792342242,0.06613849322777036,75.08908324586267,18.457554239834355,6.3872240210752285,0.0,4.921803838340744e+17,1.3845305503715626e-07,ok,
49,TRIAL_049,ANP6,1200.0,3.2,7.76068019011021e+19,0.0003532752029425975,519754.0997222178,43235270510889.76,7.789406175697652,21.253198700985447,2365717640302.848,1.0,40,TRIAL_049_ANP6,rizk2025_refit_plot,rizk2025_refit_full,43235270510889.76,1.7363515007989002e+23,1.9727845313496868e+26,4.865952719575315e+25,7.937907874265213e+23,2.0723561140449063e+19,1.800877634749041,61.13614208932223,1.941991287987814,1.9835679623536366,3.925559250341451,0.2056644799344287,4.13122373027588,1910378746303.9392,4.775946865759848e+17,151.481796551098,0.10118623463109715,440229724.82193696,14655226.241993688,30.039094419469595,1232805106.0179968,1232732284.0618017,51350334.62074921,36312399.24751051,1.0000590736181219,1.4141267359046696,0.06605056655930364,75.04444574449592,18.510015617854876,6.379488071089877,6.379488071089877,0.0,1.6770535460312894e+25,1.6770535460312894e+25,0.0,2.6288215094111468e+26,2.6288215094111464e+26,1.051413489250855,1.0865115796077542e+17,0.004040082346105609,4.2589774049173463e-07,1.0345870556298412e-06,1.0345870556298412e-06,0.02176954159240112,0.02176954159240112,4.1759779854333447e+21,1.6968608891957156e-05,14113998.628416095,3.2,43235270510889.76,0.0,2.4464774834232728e-26,9.571559390350294e-22,1.800877634749041e-09,6.113614208932223e-08,9.075062772429444e+25,5.373893001444109e+26,2.4611161548080175e+26,0.01941991287987814,1.9835679623536366,0.2056644799344287,0.03925559250341451,0.0413122373027588,35114577.13348057,45234780.55506935,4.306255612031558e-21,1.5148179655109799e-07,5.296658310655144e-14,0.4940228475175782,0.0,9.229612338152461e-19,6.611179243465562e-23,5.149716042769478e-22,3.503783313863259e-20,1.8625632456264503e+19,43235270510889.76,0.018510552893095715,0.0015330693084366941,1.620707639764674e-05,5.4646103580120396e-06,1.620707639764674e-05,5.4646103580120396e-06,2.1755229078250365e-29,8.563246685143094e+18,1.4587113516216244e+19,4.578182747644234,3.3535989753266293e-21,-21569.936453069615,2.7122391423475526e+21,0.0,0.0,0.0,0.0,0.0,0.3333333333333333,0.3333333333333333,2.0,2.6067819204802983e-24,1.635620778320907e-20,0.0,9.229586270333256e-19,,0.0,0.0,0.0,0.0,0.0,2.6067819204802983e-24,9.229586270333256e-19,0.017721446127913074,1.9615878495582113e-17,3.503783313863259e-26,6.607675460151699e-23,,,3.503783313863259e-26,6.607675460151699e-23,,8.580369162343737e-08,3.303940622972829,40701386177934.195,1.4744816299378366e-05,0.0015183244921373159,1.4744816299378366e-05,0.0015183244921373159,0.018510552893095715,0.0015330693084366941,False,False,1.0,1.7271465664324084,6.700218334264496e-09,0.3001183746930629,0.563338424850454,1.0,1.6262550879054252,2.2584741255659465e-07,0.27162196709418707,0.6025869790587739,0.2687916412355195,0.27069632620511924,0.01941991287987814,0.019835679623536367,True,ANP6,125.0,8.0,7.76068019011021e+19,$(U_{0.8}Pu_{0.2})N$,1.941991287987814,0.06605056655930364,75.04444574449592,18.510015617854876,6.379488071089877,0.0,4.775946865759848e+17,1.51481796551098e-07,ok,
49,TRIAL_049,ANP6,1250.0,3.2,7.76068019011021e+19,0.0003532752029425975,519754.0997222178,43235270510889.76,7.789406175697652,21.253198700985447,2365717640302.848,1.0,40,TRIAL_049_ANP6,rizk2025_refit_plot,rizk2025_refit_full,43235270510889.76,1.7340427539796682e+23,1.9718958321379184e+26,4.876783332669907e+25,7.919786495974663e+23,2.0486461099764163e+19,1.8056151175687276,64.07552142275186,1.9528893179640718,2.2575220436269916,4.210411361591063,0.3360510858864849,4.546462447477548,1768004887167.2896,4.420012217918224e+17,183.08571333925659,0.13679601217503082,149276672.86297548,12125468.227476358,12.311002763976896,1229549214.2971616,1229497902.6256962,45667000.92541544,34646616.22264575,1.0000417338422098,1.3180796829321109,0.06596274215544182,75.01063975163612,18.55121511753874,6.372182388669704,6.372182388669704,0.0,1.675133012522582e+25,1.675133012522582e+25,0.0,2.6288215094111468e+26,2.6288215094111468e+26,1.0588118847702574,1.083642829626378e+17,0.004032645998301519,4.2009009345704407e-07,1.1535279237603345e-06,1.1535279237603345e-06,0.024860818903769042,0.024860818903769042,4.733933308556967e+21,1.9084576981539995e-05,14113998.628416095,3.2,43235270510889.76,0.0,2.4658358138273725e-26,1.1019580359113268e-21,1.8056151175687278e-09,6.407552142275186e-08,9.473953039025724e+25,6.308471494681029e+26,2.4613082081588886e+26,0.019528893179640718,2.2575220436269916,0.3360510858864849,0.042104113615910634,0.045464624474775485,37898832.173625775,149977826.73320562,7.60294472771302e-21,1.830857133392566e-07,7.737309617633828e-14,0.37674993743123175,0.0,9.229767552555075e-19,1.1334130523459807e-22,8.828614629560108e-22,3.0533079764031823e-19,1.8625632456264503e+19,43235270510889.76,0.01851211331509747,0.0015302135043900123,1.619399632884308e-05,5.435355248348317e-06,1.619399632884308e-05,5.435355248348317e-06,2.4324364304970565e-29,8.977555794995718e+18,1.6253394834536808e+19,16.18454611038801,5.3247575595596715e-21,-28156.486300554487,2.709411126972657e+21,0.0,0.0,0.0,0.0,0.0,0.3333333333333333,0.3333333333333333,2.0,1.8128222181985484e-23,1.4206355952567515e-20,0.0,9.229586270333256e-19,,0.0,0.0,0.0,0.0,0.0,1.8128222181985484e-23,9.229586270333256e-19,0.015391889201624338,1.9616208375836115e-17,3.0533079764031822e-25,1.1303597443695776e-22,,,3.0533079764031822e-25,1.1303597443695776e-22,,8.580369162343737e-08,3.303940622972829,40609941256021.125,1.5274797281890925e-05,0.0015149387071081214,1.5274797281890925e-05,0.0015149387071081214,0.01851211331509747,0.0015302135043900123,False,False,1.0,1.7289186889418995,6.705325019592364e-09,0.30059631282062665,0.5626861931209067,1.0,1.6673606752131649,2.2671532197442602e-07,0.28354708081075536,0.5860778221500679,0.2692935035717643,0.28262505935540805,0.019528893179640718,0.022575220436269916,True,ANP6,125.0,8.0,7.76068019011021e+19,$(U_{0.8}Pu_{0.2})N$,1.9528893179640718,0.06596274215544182,75.01063975163612,18.55121511753874,6.372182388669704,0.0,4.420012217918224e+17,1.830857133392566e-07,ok,
49,TRIAL_049,ANP6,1300.0,3.2,7.76068019011021e+19,0.0003532752029425975,519754.0997222178,43235270510889.76,7.789406175697652,21.253198700985447,2365717640302.848,1.0,40,TRIAL_049_ANP6,rizk2025_refit_plot,rizk2025_refit_full,43235270510889.76,1.731634797046323e+23,1.9712230298782884e+26,4.8853475077223235e+25,7.90226472808381e+23,2.024666905444231e+19,1.8103854367577146,66.86898059080431,1.9640535560417216,2.5358076100451497,4.4998611660868715,0.6978023987404548,5.197663564827327,1495909976228.3135,3.7397749405707834e+17,246.95785386903867,0.21058731447279935,54058874.74085922,8989388.129268657,6.013632292152152,1226296635.10939,1226258207.1892266,41349755.93294711,33199249.941987153,1.0000313375437067,1.2455027148264575,0.06587114381281091,74.98504644843081,18.583793118828506,6.365289288927875,6.365289288927875,0.0,1.673320939635798e+25,1.673320939635798e+25,0.0,2.6288215094111468e+26,2.6288215094111468e+26,1.0664042339706679,1.0807417120587128e+17,0.004025067044324909,4.144452672915723e-07,1.2600762048876565e-06,1.2600762048876565e-06,0.028030966033364947,0.028030966033364947,5.270863788891067e+21,2.13602570710947e-05,14113998.628416095,3.2,43235270510889.76,0.0,2.485431232215853e-26,1.252456689654227e-21,1.8103854367577148e-09,6.686898059080431e-08,9.875673933409217e+25,7.258535842745718e+26,2.461489415447567e+26,0.019640535560417217,2.5358076100451497,0.6978023987404548,0.044998611660868715,0.05197663564827326,44743894.11733978,508502733.3153708,1.8658940974505612e-20,2.469578538690387e-07,1.4077539278383583e-13,0.22842801835276572,0.0,9.23067223883602e-19,1.8677388802971109e-22,1.4548576768776933e-21,2.2525702314749626e-18,1.8625632456264503e+19,43235270510889.76,0.0185166842657257,0.0015277669873736879,1.6180847439401104e-05,5.409882246681428e-06,1.6180847439401104e-05,5.409882246681428e-06,2.663846613142482e-29,9.38748668108107e+18,1.7695492721314587e+19,62.21964470500888,1.1191413030370696e-20,-39112.79884376241,2.7066355646933175e+21,0.0,0.0,0.0,0.0,0.0,0.3333333333333333,0.3333333333333333,2.0,1.085968502764781e-22,9.755018938795317e-21,0.0,9.229586270333256e-19,,0.0,0.0,0.0,0.0,0.0,1.085968502764781e-22,9.229586270333256e-19,0.01056804822703294,1.9618131123565213e-17,2.2525702314749626e-24,1.8452131779823613e-22,,,2.2525702314749626e-24,1.8452131779823613e-22,,8.580369162343737e-08,3.303940622972829,40527553219938.13,1.5753544725505167e-05,0.0015120134426481826,1.5753544725505167e-05,0.0015120134426481826,0.0185166842657257,0.0015277669873736879,False,False,1.0,1.7307347542482285,6.710277550488508e-09,0.3010853357538131,0.5620190474144471,1.0,1.707281246905845,2.2760681937084893e-07,0.2947095742098104,0.5707339520400585,0.26980569266542176,0.29379118905928153,0.019640535560417217,0.025358076100451495,True,ANP6,125.0,8.0,7.76068019011021e+19,$(U_{0.8}Pu_{0.2})N$,1.9640535560417216,0.06587114381281091,74.98504644843081,18.583793118828506,6.365289288927875,0.0,3.7397749405707834e+17,2.469578538690387e-07,ok,
49,TRIAL_049,ANP6,1350.0,3.2,7.76068019011021e+19,0.0003532752029425975,519754.0997222178,43235270510889.76,7.789406175697652,21.253198700985447,2365717640302.848,1.0,40,TRIAL_049_ANP6,rizk2025_refit_plot,rizk2025_refit_full,43235270510889.76,1.7286835630348553e+23,1.9706488814694636e+26,4.892771410762785e+25,7.884008125766635e+23,1.9999191684928516e+19,1.8152588675825596,69.59912060480983,1.9753832797283384,2.824309644604821,4.79969292433316,1.6209004691456765,6.420593393478836,1105870533850.1082,2.76467633462527e+17,361.7133432158946,0.3339753462875151,21069542.032408208,6137456.750316663,3.432943463319904,1222996133.0870225,1222966068.1710083,37865092.09802051,31896954.74178996,1.000024583606035,1.1871068070461086,0.06575887928663816,74.96320592381667,18.612033541443292,6.359001655453394,6.359001655453394,0.0,1.6716680330236972e+25,1.6716680330236972e+25,0.0,2.6288215094111468e+26,2.6288215094111468e+26,1.0743583330238116,1.0775995488598573e+17,0.004016905171283327,4.087583711620925e-07,1.3527609463418949e-06,1.3527609463418949e-06,0.03135065773129035,0.03135065773129035,5.787889709007366e+21,2.3876388768270495e-05,14113998.628416095,3.2,43235270510889.76,0.0,2.505557133144448e-26,1.4122118979104711e-21,1.8152588675825596e-09,6.959912060480983e-08,1.0280188971908789e+26,8.243902358500396e+26,2.461654706108777e+26,0.019753832797283384,2.824309644604821,1.6209004691456765,0.0479969292433316,0.06420593393478836,60465234.64925881,1830912448.2119195,5.86289414368419e-20,3.617133432158946e-07,3.02002210986465e-13,0.10443451442565954,0.0,9.235283837640407e-19,3.0343633300233184e-22,2.363588846219413e-21,1.4331663655150738e-17,1.8625632456264503e+19,43235270510889.76,0.01852771557639868,0.001526130478358423,1.6167436980220732e-05,5.386919554652766e-06,1.6167436980220732e-05,5.386919554652766e-06,2.8666140448315595e-29,9.795534555979045e+18,1.8892250536672063e+19,276.19999855600025,2.9948430681546855e-20,-50695.20538903442,2.7040458982192757e+21,0.0,0.0,0.0,0.0,0.0,0.3333333333333333,0.3333333333333333,2.0,5.697567307150379e-22,5.580606868254579e-21,0.0,9.229586270333256e-19,,0.0,0.0,0.0,0.0,0.0,5.697567307150379e-22,9.229586270333256e-19,0.006042702061315758,1.9627932246137098e-17,1.433166365515074e-23,2.891046693471811e-22,,,1.433166365515074e-23,2.891046693471811e-22,,8.580369162343737e-08,3.303940622972829,40451447589613.8,1.6202430136102316e-05,0.0015099280482223207,1.6202430136102316e-05,0.0015099280482223207,0.01852771557639868,0.001526130478358423,False,False,1.0,1.7325708514205167,6.715453366895963e-09,0.3015789661741247,0.5613458350509877,1.0,1.747071192375911,2.2854177869100296e-07,0.30544981139414873,0.5560744535778009,0.2703234933634474,0.3045351566205144,0.019753832797283384,0.02824309644604821,True,ANP6,125.0,8.0,7.76068019011021e+19,$(U_{0.8}Pu_{0.2})N$,1.9753832797283384,0.06575887928663816,74.96320592381667,18.612033541443292,6.359001655453394,0.0,2.76467633462527e+17,3.6171334321589465e-07,ok,
49,TRIAL_049,ANP6,1400.0,3.2,7.76068019011021e+19,0.0003532752029425975,519754.0997222178,43235270510889.76,7.789406175697652,21.253198700985447,2365717640302.848,1.0,40,TRIAL_049_ANP6,rizk2025_refit_plot,rizk2025_refit_full,43235270510889.76,1.7233376627223948e+23,1.9698917778559723e+26,4.901598442023512e+25,7.860084868408274e+23,1.9724414371004424e+19,1.820547397480305,72.4817607410975,1.9866520745234757,3.146146424510178,5.132798499033655,3.7789551475085754,8.911753646542229,682716335124.725,1.7067908378118122e+17,563.279989927552,0.5,8692031.427429361,3941201.6043487224,2.2054267454470162,1219437358.6117065,1219413459.4202547,34710771.71052111,30628395.023815274,1.0000195989237834,1.1332873199373183,0.06555552199161747,74.93440580898267,18.64561144404766,6.354427224978055,6.226296665497018,0.12813055948103674,1.6704654969010095e+25,1.6367822598233461e+25,3.3683237077663374e+23,2.6288215094111468e+26,2.6254531857033804e+26,1.0833326616419263,1.073364076158877e+17,0.004006212604989839,4.024163053482959e-07,1.4246354682217069e-06,1.4246354682217069e-06,0.0350951418644086,0.0350951418644086,6.287297089591958e+21,2.6946901331064946e-05,14113998.628416095,3.2,43235270510889.76,0.0,2.5275198776903126e-26,1.595051881051091e-21,1.8205473974803052e-09,7.24817607410975e-08,1.0687941535281115e+26,9.342963622712853e+26,2.4617749597210458e+26,0.019866520745234758,3.146146424510178,3.7789551475085754,0.05132798499033654,0.0891175364654223,95898233.31380075,7299624437.45028,2.2140704436598555e-19,5.63279989927552e-07,7.323685904024186e-13,0.03407359027997264,1.0,9.256141022594044e-19,5.167759547233053e-22,4.025377813173764e-21,7.989389038480301e-17,1.8625632456264503e+19,43235270510889.76,0.01856155156690689,0.0015271919346669452,1.6152910168668973e-05,5.3645125152785525e-06,1.6152910168668973e-05,5.3645125152785525e-06,3.026363191776175e-29,1.0204754834265723e+19,1.9730471683297616e+19,1448.2617995060693,9.47932762868181e-20,-88389.45988422043,2.702234100831355e+21,4.2352900021612383e+21,0.0,0.0,0.0,0.0,0.3333333333333333,0.3333333333333333,2.0,2.6554752260788454e-21,2.7719141772846878e-21,0.0,9.229586270333256e-19,,0.0,0.0,0.0,0.0,0.0,2.6554752260788454e-21,9.229586270333256e-19,0.0029946758271276377,1.9672260435753385e-17,7.989389038480301e-23,4.368820643385022e-22,,,7.989389038480301e-23,4.368820643385022e-22,,8.580369162343737e-08,3.303940622972829,40375977090433.164,1.6677272618197436e-05,0.0015105146620487478,1.6677272618197436e-05,0.0015105146620487478,0.01856155156690689,0.0015271919346669452,False,False,1.0,1.7343640728777812,6.7222599275432945e-09,0.30206030819496543,0.5606895938781785,1.0,1.789876766675359,2.2959812791230946e-07,0.31659969771719343,0.5409676971230236,0.2708365491998573,0.31568914125308734,0.019866520745234758,0.03146146424510178,True,ANP6,125.0,8.0,7.76068019011021e+19,$(U_{0.8}Pu_{0.2})N$,1.9866520745234757,0.06555552199161747,74.93440580898267,18.64561144404766,6.226296665497018,0.12813055948103674,1.7067908378118122e+17,5.632799899275521e-07,ok,
49,TRIAL_049,ANP6,1450.0,3.2,7.76068019011021e+19,0.0003532752029425975,519754.0997222178,43235270510889.76,7.789406175697652,21.253198700985447,2365717640302.848,1.0,40,TRIAL_049_ANP6,rizk2025_refit_plot,rizk2025_refit_full,43235270510889.76,1.7086900362594523e+23,1.9682160531090328e+26,4.918043428183899e+25,7.813269370908839e+23,1.93935551069675e+19,1.8274381956081784,75.78327108119174,1.997328506559748,3.535624047440163,5.532952553999911,4.95188309275515,10.48483564675506,397596912010.0908,9.93992280025227e+16,738.1131952435292,0.5,4510764.338090846,3007668.7617914015,1.4997543597201788,1214834264.6074007,1214815365.7591553,31580906.72648798,29294064.089969993,1.000015556971683,1.078065052001473,0.06499832834379832,74.87066147560209,18.708167939806366,6.356172256247742,4.164559844107515,2.191612412140226,1.6709242344746443e+25,1.0947884495419769e+25,5.761357849326674e+24,2.6288215094111468e+26,2.5712079309178802e+26,1.0943382099078491,1.0648568584652315e+17,0.003985659820131939,3.943430341724055e-07,1.4412857346551273e-06,1.4412857346551273e-06,0.039686950354123986,0.039686950354123986,6.685986962405062e+21,3.12988038348546e-05,14113998.628416095,3.2,43235270510889.76,0.0,2.556328742480587e-26,1.8230922736646274e-21,1.8274381956081785e-09,7.578327108119175e-08,1.1102145158334918e+26,1.067133930403925e+27,2.4617290859636823e+26,0.01997328506559748,3.535624047440163,4.95188309275515,0.055329525539999105,0.1048483564675506,110140538.46717921,16732014087.607079,4.9818124267821e-19,7.381131952435292e-07,1.257555038524319e-12,0.03407359027997264,1.0,9.34088619014059e-19,1.03501318176948e-21,8.062138070003664e-21,3.956100289530877e-16,1.8625632456264503e+19,43235270510889.76,0.01868310911088818,0.0015386195473900616,1.613402257428895e-05,5.3409017956685985e-06,1.613402257428895e-05,5.3409017956685985e-06,3.070261363781098e-29,1.06196080848672e+19,1.9694699872872514e+19,2190.528122040457,1.0964644239575271e-19,-34672.58593916922,2.7034359951679784e+21,1.9081191718967113e+21,0.0,0.0,0.0,0.0,0.3333333333333333,0.3333333333333333,2.0,1.1129991980733449e-20,1.2351760164789186e-21,0.0,9.229586270333256e-19,,0.0,0.0,0.0,0.0,0.0,1.1129991980733449e-20,9.229586270333256e-19,0.0013223327972699858,1.985237102423489e-17,3.9561002895308766e-22,6.394031528163924e-22,,,3.9561002895308766e-22,6.394031528163924e-22,,8.580369162343737e-08,3.303940622972829,40295879992423.29,1.729924086496865e-05,0.001521320306525093,1.729924086496865e-05,0.001521320306525093,0.01868310911088818,0.0015386195473900616,False,False,1.0,1.7359388824525128,6.735659908317463e-09,0.30248240454382896,0.560114298495918,1.0,1.8398460091063777,2.3089643804032208e-07,0.3291184103806504,0.524147261136245,0.27132084865950457,0.32821268328112563,0.01997328506559748,0.035356240474401626,True,ANP6,125.0,8.0,7.76068019011021e+19,$(U_{0.8}Pu_{0.2})N$,1.997328506559748,0.06499832834379832,74.87066147560209,18.708167939806366,4.164559844107515,2.191612412140226,9.93992280025227e+16,7.381131952435293e-07,ok,
49,TRIAL_049,ANP6,1500.0,3.2,7.76068019011021e+19,0.0003532752029425975,519754.0997222178,43235270510889.76,7.789406175697652,21.253198700985447,2365717640302.848,1.0,40,TRIAL_049_ANP6,rizk2025_refit_plot,rizk2025_refit_full,43235270510889.76,1.662542740131328e+23,1.9635621381517715e+26,4.9586887944261615e+25,7.688055166031455e+23,1.9026071757965873e+19,1.83997987302116,79.27474509991026,2.0060618438768345,3.9704735066363224,5.976535350513156,5.912010423004594,11.88854577351775,278941663587.1006,6.9735415896775144e+16,881.2269639445499,0.49999999999999994,3271983.7028114405,2519214.7889606464,1.2988109299570143,1206550328.6342912,1206534936.903883,28935916.061415315,28003874.33856931,1.0000127569703432,1.0332825990995937,0.06324289169802692,74.6936272060406,18.86278234058159,6.380347561679772,3.5060426665872866,2.8743048950924845,1.6772794907662746e+25,9.216760374837873e+24,7.556034532824873e+24,2.6288215094111468e+26,2.5532611640828978e+26,1.106817039284064,1.0418637929103723e+17,0.003930866208401619,3.836994108186936e-07,1.372006585376616e-06,1.372006585376616e-06,0.0448963058866133,0.0448963058866133,6.678270953382831e+21,3.758847865137309e-05,14113998.628416095,3.2,43235270510889.76,0.0,2.609322904887994e-26,2.086859314495099e-21,1.8399798730211603e-09,7.927474509991026e-08,1.1536488256893824e+26,1.2147979162870743e+27,2.461093560334519e+26,0.020060618438768347,3.9704735066363224,5.912010423004594,0.05976535350513157,0.1188854577351775,132167568.74987096,28634406799.586845,8.47777323326753e-19,8.812269639445498e-07,1.7924894889137745e-12,0.0340735902799727,1.0,9.653577892834512e-19,2.6703221709632663e-21,2.0800224009603627e-20,1.7607759639859707e-15,1.8625632456264503e+19,43235270510889.76,0.01911604229726479,0.0015875820855471032,1.6099763477536562e-05,5.31803119206384e-06,1.6099763477536562e-05,5.31803119206384e-06,2.931046875555512e-29,1.1055852927063355e+19,1.8392864001634652e+19,4719.041354171791,1.966733245223228e-19,-30612.40676427089,2.7152277074139037e+21,2.0215963418747229e+21,0.0,0.0,0.0,0.0,0.3333333333333333,0.3333333333333333,2.0,4.239916225012569e-20,5.067891913502495e-22,0.0,9.229586270333256e-19,,0.0,0.0,0.0,0.0,0.0,4.239916225012569e-20,9.229586270333256e-19,0.0005249755033586253,2.0516940913185228e-17,1.7607759639859707e-21,9.095462069772957e-22,,,1.7607759639859707e-21,9.095462069772957e-22,,8.580369162343737e-08,3.303940622972829,40218715533541.78,1.8345449732741544e-05,0.0015692366358143616,1.8345449732741544e-05,0.0015692366358143616,0.01911604229726479,0.0015875820855471032,False,False,1.0,1.7367880281037886,6.772031997725874e-09,0.30270976146679807,0.5598044898096919,1.0,1.8937061752700661,2.3237355693214194e-07,0.3420520632754048,0.5069318847709099,0.2717157246556222,0.3411516170495908,0.020060618438768347,0.039704735066363225,True,ANP6,125.0,8.0,7.76068019011021e+19,$(U_{0.8}Pu_{0.2})N$,2.0060618438768345,0.06324289169802692,74.6936272060406,18.86278234058159,3.5060426665872866,2.8743048950924845,6.9735415896775144e+16,8.8122696394455e-07,ok,
49,TRIAL_049,ANP6,1550.0,3.2,7.76068019011021e+19,0.0003532752029425975,519754.0997222178,43235270510889.76,7.789406175697652,21.253198700985447,2365717640302.848,1.0,40,TRIAL_049_ANP6,rizk2025_refit_plot,rizk2025_refit_full,43235270510889.76,1.529642343920196e+23,1.9496035881349985e+26,5.075157281798837e+25,7.332473573135645e+23,1.8638158364917895e+19,1.8700443565869345,82.80713260158595,2.008606387722745,4.4329705491438265,6.4415769368665705,6.852282833616716,13.293859770483285,207641045880.86838,5.191026147021709e+16,1021.3812164574265,0.5,2551548.7973776013,2173527.341436609,1.1739207272594676,1187151051.083409,1187137616.378137,27141431.29185252,26809284.783246826,1.0000113168895388,1.0123892342257952,0.05818737934257219,74.16264592919082,19.30582682631681,6.4733398651498195,3.076690561510034,3.396649303639786,1.7017255075234499e+25,8.088070325899836e+24,8.929184749334662e+24,2.6288215094111468e+26,2.5395296619178006e+26,1.1203148333321271,9.78582333965117e+16,0.0037753142886470643,3.672503063123371e-07,1.389094235871224e-06,1.389094235871224e-06,0.05054844371450611,0.05054844371450611,6.351916469634838e+21,4.5204680557774804e-05,14113998.628416095,3.2,43235270510889.76,0.0,2.7393298696387774e-26,2.3784380743796486e-21,1.8700443565869348e-09,8.280713260158596e-08,1.2029711012615307e+26,1.3697194410106312e+27,2.458648958658802e+26,0.020086063877227448,4.4329705491438265,6.852282833616716,0.0644157693686657,0.13293859770483285,155808699.41370404,44730389953.55013,1.3200247194956114e-18,1.0213812164574265e-06,2.4080017410761316e-12,0.03407359027997264,1.0,1.0711233129353537e-18,8.378501496912049e-21,6.526355130313874e-20,7.11715258415843e-15,1.8625632456264503e+19,43235270510889.76,0.02052605837405219,0.0017589522871840641,1.6018257264650556e-05,5.296819954913862e-06,1.6018257264650556e-05,5.296819954913862e-06,2.975160182803165e-29,1.1578927879747166e+19,1.829337858761448e+19,9265.854531020788,3.3197882589851314e-19,-28634.293889400484,2.7597462963648033e+21,2.229206223940376e+21,0.0,0.0,0.0,0.0,0.3333333333333333,0.3333333333333333,2.0,1.4816468590202815e-19,1.9547622806480766e-22,0.0,9.229586270333256e-19,,0.0,0.0,0.0,0.0,0.0,1.4816468590202815e-19,9.229586270333256e-19,0.00018249647421930904,2.2764796603072887e-17,7.11715258415843e-21,1.2613489127536196e-21,,,7.11715258415843e-21,1.2613489127536196e-21,,8.580369162343737e-08,3.303940622972829,40148541759952.48,2.0826572425452525e-05,0.0017381257147586115,2.0826572425452525e-05,0.0017381257147586115,0.02052605837405219,0.0017589522871840641,False,False,1.0,1.735402963007557,6.8797799136781084e-09,0.30233882688010927,0.5603099692555011,1.0,1.9491828095547084,2.3397461720540135e-07,0.3548089491484003,0.49011991743503147,0.2718305600075902,0.35391443954375673,0.020086063877227448,0.04432970549143826,True,ANP6,125.0,8.0,7.76068019011021e+19,$(U_{0.8}Pu_{0.2})N$,2.008606387722745,0.05818737934257219,74.16264592919082,19.30582682631681,3.076690561510034,3.396649303639786,5.191026147021709e+16,1.0213812164574265e-06,ok,
49,TRIAL_049,ANP6,1600.0,3.2,7.76068019011021e+19,0.0003532752029425975,519754.0997222178,43235270510889.76,7.789406175697652,21.253198700985447,2365717640302.848,1.0,40,TRIAL_049_ANP6,rizk2025_refit_plot,rizk2025_refit_full,43235270510889.76,1.236305472993273e+23,1.9118291717743806e+26,5.387454947871153e+25,6.48699798101818e+23,1.8042584580070148e+19,1.9435144028860722,88.0122274153938,1.9947830180633193,5.152480964237919,7.147263982301237,7.896008170516285,15.043272152817522,156375456557.91922,3.909386413947981e+16,1176.9558592640553,0.5,2083449.8887364918,1886221.9704553366,1.1045624117258819,1142272567.4591486,1142260637.0723846,25350889.26288452,25223767.93763216,1.0000104445398685,1.0050397436880438,0.04702888608326261,72.7257124506193,20.493802749955197,6.733455913342245,2.8103378439589934,3.9231180693832512,1.7701053737665772e+25,7.387876572911549e+24,1.0313177164754223e+25,2.6288215094111468e+26,2.525689737763605e+26,1.1417881404587331,8.365873760069963e+16,0.0034047300788659094,3.349065099597231e-07,1.5642781703286655e-06,1.5642781703286655e-06,0.05960198243794064,0.05960198243794064,6.203405915230275e+21,5.3415329698920945e-05,14113998.628416095,3.2,43235270510889.76,0.0,3.075048002019301e-26,2.8557333021619046e-21,1.9435144028860722e-09,8.80122274153938e-08,1.2655592484045834e+26,1.606917565435404e+27,2.4518109720344894e+26,0.019947830180633192,5.152480964237919,7.896008170516285,0.07147263982301237,0.15043272152817522,188977905.75403208,68585311819.49515,2.019756384875325e-18,1.1769558592640553e-06,3.1974327110265365e-12,0.03407359027997264,1.0,1.4017765731852965e-18,2.8072866441166047e-20,2.1867095922635414e-19,2.6363059898109156e-14,1.8625632456264503e+19,43235270510889.76,0.024604339722103064,0.0022976667168594987,1.5822747158471572e-05,5.26861470744599e-06,1.5822747158471572e-05,5.26861470744599e-06,3.3615194386123945e-29,1.2322424330446017e+19,2.0122898447208907e+19,17333.411854128528,5.377924466161766e-19,-26310.426728643622,2.8854059256165895e+21,2.48433976190718e+21,0.0,0.0,0.0,0.0,0.3333333333333333,0.3333333333333333,2.0,4.788179461519709e-19,7.206892439595517e-23,0.0,9.229586270333256e-19,,0.0,0.0,0.0,0.0,0.0,4.788179461519709e-19,9.229586270333256e-19,5.141256158404111e-05,2.979223604429358e-17,2.6363059898109155e-20,1.7098065430568916e-21,,,2.6363059898109155e-20,1.7098065430568916e-21,,8.580369162343737e-08,3.303940622972829,40059348222008.34,2.803906644259418e-05,0.0022696276504169046,2.803906644259418e-05,0.0022696276504169046,0.024604339722103064,0.0022976667168594987,False,False,1.0,1.7285321142411667,7.166559496985956e-09,0.30049211741780774,0.5628283687650816,1.0,2.032586625640139,2.365212027697054e-07,0.3729955538612141,0.46645329983897443,0.2712055383502454,0.3721106774641102,0.019947830180633192,0.05152480964237918,True,ANP6,125.0,8.0,7.76068019011021e+19,$(U_{0.8}Pu_{0.2})N$,1.9947830180633193,0.04702888608326261,72.7257124506193,20.493802749955197,2.8103378439589934,3.9231180693832512,3.909386413947981e+16,1.1769558592640553e-06,ok,
49,TRIAL_049,ANP6,1650.0,3.2,7.76068019011021e+19,0.0003532752029425975,519754.0997222178,43235270510889.76,7.789406175697652,21.253198700985447,2365717640302.848,1.0,40,TRIAL_049_ANP6,rizk2025_refit_plot,rizk2025_refit_full,43235270510889.76,8.197871807830265e+22,1.830527890166761e+26,6.061557678407514e+25,5.0659690062623746e+23,1.689755084594251e+19,2.094334300163392,97.52827752566891,1.9493470007130087,6.566047701560715,8.515394702273724,9.379432215255488,17.894826917529212,110823196011.34013,2.770579900283503e+16,1398.0707040723823,0.5,1707499.0587236069,1587902.524195274,1.0753173023570464,1060012788.450352,1060002693.8520771,22821152.47393705,22762629.017165903,1.0000095231817177,1.0025710324025847,0.031184588906024966,69.63302314795794,23.0580800434994,7.277712219636644,2.6573609773902405,4.620351242246404,1.913180642228515e+25,6.985727695633293e+24,1.2146078726651857e+25,2.6288215094111468e+26,2.507360722144628e+26,1.185732801660292,6.203884524367564e+16,0.002775240655964709,2.787711224967035e-07,1.9542029330995296e-06,1.9542029330995296e-06,0.07824623211900403,0.07824623211900403,6.281589145196786e+21,6.382734916121354e-05,14113998.628416095,3.2,43235270510889.76,0.0,3.847925240567587e-26,3.885798457672565e-21,2.094334300163392e-09,9.752827752566892e-08,1.3465805953387053e+26,2.0711605998972819e+27,2.4375034451882953e+26,0.019493470007130087,6.566047701560715,9.379432215255488,0.08515394702273724,0.1789482691752921,252139550.09629822,115145668910.04741,3.385367884281455e-18,1.3980707040723824e-06,4.5116908553046675e-12,0.03407359027997264,1.0,2.364150646143271e-18,9.247330480694055e-20,7.203121315503541e-19,9.020265555838444e-14,1.8625632456264503e+19,43235270510889.76,0.03467536537661841,0.0038654094060652376,1.543758253357974e-05,5.224712345582893e-06,1.543758253357974e-05,5.224712345582893e-06,4.228832156745885e-29,1.347185288124969e+19,2.3923467375209177e+19,34836.16092803555,9.086124300650107e-19,-22327.744380682365,3.1571811600744285e+21,2.8129233073821167e+21,0.0,0.0,0.0,0.0,0.3333333333333333,0.3333333333333333,2.0,1.441192019109945e-18,2.5738368843747513e-23,0.0,9.229586270333256e-19,,0.0,0.0,0.0,0.0,0.0,1.441192019109945e-18,9.229586270333256e-19,1.0886941103239548e-05,5.024576344154607e-17,9.020265555838444e-20,2.2706492485561157e-21,,,9.020265555838444e-20,2.2706492485561157e-21,,8.580369162343737e-08,3.303940622972829,39939302104531.6,4.906504384294954e-05,0.003816344362222288,4.906504384294954e-05,0.003816344362222288,0.03467536537661841,0.0038654094060652376,False,False,1.0,1.7123490424519154,7.782259516083238e-09,0.29609840149175937,0.5688325023796773,1.0,2.1892138388792466,2.417472610603904e-07,0.40429550646455054,0.42659877230914056,0.26913058251501165,0.4034298336607137,0.019493470007130087,0.06566047701560715,True,ANP6,125.0,8.0,7.76068019011021e+19,$(U_{0.8}Pu_{0.2})N$,1.9493470007130087,0.031184588906024966,69.63302314795794,23.0580800434994,2.6573609773902405,4.620351242246404,2.770579900283503e+16,1.3980707040723824e-06,ok,
49,TRIAL_049,ANP6,1700.0,3.2,7.76068019011021e+19,0.0003532752029425975,519754.0997222178,43235270510889.76,7.789406175697652,21.253198700985447,2365717640302.848,1.0,40,TRIAL_049_ANP6,rizk2025_refit_plot,rizk2025_refit_full,43235270510889.76,4.575568978750462e+22,1.6934370703882656e+26,7.2123714172209075e+25,3.4629175754351056e+23,1.473799125274146e+19,2.3399102676150605,114.85680220081743,1.8583536852878804,9.3539935409191,11.212347226206981,11.723695495743122,22.936042721950102,70934042233.61032,1.773351055840258e+16,1747.4997249198993,0.49999999999999994,1360476.7966195515,1270386.4660704075,1.070915688221879,948762584.7565123,948754330.7644535,19366540.598716576,19328415.535359565,1.0000086998201654,1.0019724877751757,0.01740539995724314,64.41810767013975,27.435759298988962,8.128727630914055,2.572337053015581,5.5563905778984735,2.136897404029158e+25,6.762214974422641e+24,1.4606759065868939e+25,2.6288215094111468e+26,2.4827539187524576e+26,1.2798210592456687,4.078100011419832e+16,0.002049141569427527,2.0434738420922303e-07,3.0176868135249045e-06,3.0176868135249045e-06,0.11843256055809029,0.11843256055809029,7.063680199471413e+21,7.992040878023337e-05,14113998.628416095,3.2,43235270510889.76,0.0,5.366439266329877e-26,6.3468578454876844e-21,2.3399102676150607e-09,1.1485680220081743e-07,1.433981658630143e+26,2.991976076099776e+27,2.4151317690082313e+26,0.018583536852878803,9.3539935409191,11.723695495743122,0.11212347226206981,0.22936042721950103,381324101.178519,225182792071.35715,6.6110404125189656e-18,1.7474997249198992e-06,7.048801735467537e-12,0.0340735902799727,1.0,4.988545012933779e-18,2.9005001213446957e-19,2.259317355781416e-18,2.8708990269161864e-13,1.8625632456264503e+19,43235270510889.76,0.05534429717133947,0.008141043190311524,1.4855467256061951e-05,5.163206448565869e-06,1.4855467256061951e-05,5.163206448565869e-06,6.65372120551258e-29,1.5177799906010577e+19,3.324054626590351e+19,81005.93450305451,1.6885303764813551e-18,-17000.287590321353,3.6113099890149514e+21,3.239086828474547e+21,0.0,0.0,0.0,0.0,0.3333333333333333,0.3333333333333333,2.0,4.065586385900453e-18,9.000056617340487e-24,0.0,9.229586270333256e-19,,0.0,0.0,0.0,0.0,0.0,4.065586385900453e-18,9.229586270333256e-19,1.804144614112147e-06,1.0602253838869162e-16,2.8708990269161863e-19,2.9601094428509513e-21,,,2.8708990269161863e-19,2.9601094428509513e-21,,8.580369162343737e-08,3.303940622972829,39849755095368.03,0.0001063094547941469,0.008034733735517377,0.0001063094547941469,0.008034733735517377,0.05534429717133947,0.008141043190311524,False,False,1.0,1.6853587139243602,8.834485104077834e-09,0.2886291644927468,0.5790786385212544,1.0,2.4828997731045956,2.530208126592784e-07,0.45476730436415125,0.36487500718196,0.26487611084706375,0.45394059429779293,0.018583536852878803,0.093539935409191,True,ANP6,125.0,8.0,7.76068019011021e+19,$(U_{0.8}Pu_{0.2})N$,1.8583536852878804,0.01740539995724314,64.41810767013975,27.435759298988962,2.572337053015581,5.5563905778984735,1.773351055840258e+16,1.7474997249198994e-06,ok,
49,TRIAL_049,ANP6,1750.0,3.2,7.76068019011021e+19,0.0003532752029425975,519754.0997222178,43235270510889.76,7.789406175697652,21.253198700985447,2365717640302.848,1.0,40,TRIAL_049_ANP6,rizk2025_refit_plot,rizk2025_refit_full,43235270510889.76,2.3608970980086283e+22,1.492411155643492e+26,8.944844088669401e+25,2.114944749366489e+23,1.044855650386189e+19,2.6791883608503375,152.58929509167368,1.703716695227206,15.54952422072956,17.253240915956766,15.306656881446049,32.55989779740281,41612429724.10543,1.0403107431026356e+16,2281.565458560621,0.5,1054652.861088141,973016.1331424342,1.083900693076953,828616641.995756,828609153.5928451,14613325.5032915,14548858.087759387,1.0000090373161803,1.0044310979695619,0.008980819312215178,56.771110183809725,34.02606094269609,9.193848054181975,2.5322062559541405,6.661641798227836,2.4168985519091396e+25,6.656718271917712e+24,1.7512267247173684e+25,2.6288215094111468e+26,2.4536988369394098e+26,1.5312175931613805,2.5534598580185836e+16,0.0014191769250102178,1.1681567087813324e-07,9.823385661969845e-06,9.823385661969845e-06,0.22678831918543582,0.22678831918543582,1.1581135554923163e+22,0.00010949637132281296,14113998.628416095,3.2,43235270510889.76,0.0,8.055608524702773e-26,1.488198318589013e-20,2.679188360850338e-09,1.525892950916737e-07,1.4895532936737537e+26,5.062265606351335e+27,2.3871316542202328e+26,0.01703716695227206,15.54952422072956,15.306656881446049,0.17253240915956766,0.32559897797402815,639877874.5728064,501774710823.43445,1.471354302830257e-17,2.281565458560621e-06,1.2015640598615606e-11,0.03407359027997264,1.0,1.1732003472118521e-17,8.590290957143048e-19,6.691326543260975e-18,8.552344067970446e-13,1.8625632456264503e+19,43235270510889.76,0.09006792987098775,0.019224696205554337,1.4136053796240125e-05,5.077128335846473e-06,1.4136053796240125e-05,5.077128335846473e-06,2.32700364448081e-28,1.7821320625250159e+19,8.397940432579604e+19,212426.89942414887,3.3886138854991545e-18,-11742.02738791884,4.2477301599452193e+21,3.7541554276675334e+21,0.0,0.0,0.0,0.0,0.3333333333333333,0.3333333333333333,2.0,1.0809044845085196e-17,3.1079945105556526e-24,0.0,9.229586270333256e-19,,0.0,0.0,0.0,0.0,0.0,1.0809044845085196e-17,9.229586270333256e-19,2.649159214742734e-07,2.493426009535861e-16,8.552344067970446e-19,3.7946889172602315e-21,,,8.552344067970446e-19,3.7946889172602315e-21,,8.580369162343737e-08,3.303940622972829,40046565858334.03,0.00023537679389960093,0.018989319411654736,0.00023537679389960093,0.018989319411654736,0.09006792987098775,0.019224696205554337,False,False,1.0,1.6461988599570392,1.0412743321239104e-08,0.27746427247234684,0.5944840821458923,1.0,3.1213280280202564,2.8375752639481044e-07,0.5384743052527694,0.2703550869357075,0.2573154083581336,0.5377400316296183,0.01703716695227206,0.1554952422072956,True,ANP6,125.0,8.0,7.76068019011021e+19,$(U_{0.8}Pu_{0.2})N$,1.703716695227206,0.008980819312215178,56.771110183809725,34.02606094269609,2.5322062559541405,6.661641798227836,1.0403107431026356e+16,2.281565458560621e-06,ok,
49,TRIAL_049,ANP6,1800.0,3.2,7.76068019011021e+19,0.0003532752029425975,519754.0997222178,43235270510889.76,7.789406175697652,21.253198700985447,2365717640302.848,1.0,40,TRIAL_049_ANP6,rizk2025_refit_plot,rizk2025_refit_full,43235270510889.76,1.3484126217435917e+22,9.841258550451792e+25,1.3654257635991843e+26,7.712750106524944e+22,6.254098811006765e+17,3.3407221182319917,550.2573648990572,1.2045336225516277,43.64665241341374,44.85118603596537,21.205905308523082,66.05709134448846,21680541904.5301,5420135476132525.0,3160.890156757912,0.49999999999999994,798646.7890558768,702333.8015253994,1.13713278119506,664549240.6355742,664526985.9125217,7986888.507558001,4034475.7591881603,1.0000334895700616,1.9796595603204634,0.005129342623362948,37.436008931075065,51.940603753848556,10.618257972453037,2.5852942291978285,8.032963743255209,2.7913504950460936e+25,6.796277077871763e+24,2.1117227872589172e+25,2.6288215094111468e+26,2.4176492306852556e+26,4.367521785553013,1.9981987264581748e+16,0.0007843965780055536,4.5834870392818214e-09,0.0003218576781621404,0.0003218576781621404,1.417206127622875,1.417206127622875,7.032774864301474e+22,0.0006858416092222342,14113998.628416095,3.2,43235270510889.76,0.0,1.5617433547245343e-25,6.978887563560519e-19,3.340722118231992e-09,5.502573648990572e-07,1.2597348468994113e+26,1.4542736608573167e+28,2.349686459906538e+26,0.012045336225516276,43.64665241341374,21.205905308523082,0.4485118603596537,0.6605709134448845,1253894318.2876248,1335555228503.1948,3.91243086116628e-17,3.160890156757912e-06,2.306215417500824e-11,0.0340735902799727,1.0,2.814113302873205e-17,2.402604106958116e-18,1.871485926849609e-17,2.3978131732901632e-12,1.8625632456264503e+19,43235270510889.76,0.09682500051569355,0.04851446837063656,1.2971830785487125e-05,4.885793280966252e-06,1.2971830785487125e-05,4.885793280966252e-06,2.9502099944613444e-26,3.9983084146168635e+19,6.691803977126833e+20,683730.1824738628,7.86803777537909e-18,-7401.724731469073,5.552537882195189e+21,4.637307882259962e+21,0.0,0.0,0.0,0.0,0.3333333333333333,0.3333333333333333,2.0,2.721817440169872e-17,1.0673110184064085e-24,0.0,9.229586270333256e-19,,0.0,0.0,0.0,0.0,0.0,2.721817440169872e-17,9.229586270333256e-19,3.792708052361239e-08,5.980890919305066e-16,2.397813173290163e-18,4.790933667952865e-21,,,2.397813173290163e-18,4.790933667952865e-21,,8.580369162343737e-08,3.303940622972829,42546723403819.5,0.00012179258788418014,0.04839267578275238,0.00012179258788418014,0.04839267578275238,0.09682500051569355,0.04851446837063656,False,False,1.0,1.5355854281122736,1.4574470467010608e-08,0.24361848782697487,0.641801642940536,1.0,7.017336611227865,7.252519825341181e-07,0.7588149418339664,0.08024045299552998,0.22923080297681656,0.7585490113978164,0.012045336225516276,0.4364665241341374,False,ANP6,125.0,8.0,7.76068019011021e+19,$(U_{0.8}Pu_{0.2})N$,1.2045336225516277,0.005129342623362948,37.436008931075065,51.940603753848556,2.5852942291978285,8.032963743255209,5420135476132525.0,3.160890156757912e-06,ok,
49,TRIAL_049,AP3.2,900.0,1.1,5.767844763153473e+19,0.0003532752029425975,519754.0997222178,43235270510889.76,7.789406175697652,21.253198700985447,2365717640302.848,1.0,40,TRIAL_049_AP3p2,rizk2025_refit_plot,rizk2025_refit_full,43235270510889.76,1.560753064020739e+23,4.397818823742851e+25,4.147612697800741e+25,2.2340550633158854e+23,2.2009780272605114e+19,1.6418035188413442,38.25808579069226,0.41413890303654927,0.5162665966334512,0.9304054996700004,0.04042268313840607,0.9708281828084065,2193660743863.953,5.4841518596598816e+17,84.10704996181357,0.03581915426964337,2664324793543.741,26394933.61148594,100940.76510138832,1355177730.5534859,1352171544.599138,314791887.7112095,58026949.18259867,1.0022232282333963,5.424925696517755,0.17271513237487993,48.66688253340453,45.89806630236217,5.262336031858416,5.262336031858416,0.0,4.755348864164902e+24,4.755348864164902e+24,0.0,9.03657393860029e+25,9.03657393860029e+25,1.0130268793066906,6.52782095292036e+16,0.005106127374660976,5.306763149025891e-07,3.0160965282693325e-07,3.0160965282693325e-07,0.005606521971221604,0.005606521971221604,2.4113902090218458e+20,6.170378314818234e-06,6527982.800675924,1.0999999999999999,43235270510889.76,0.0,1.8537542329948916e-26,2.3456235829670324e-22,1.6418035188413444e-09,3.825808579069227e-08,1.3802785823801393e+25,5.604028497945605e+25,8.5610390521838e+25,0.004141389030365493,0.5162665966334512,0.04042268313840607,0.009304054996700005,0.009708281828084066,8671074.371853411,1384.2400695792905,7.370817616438692e-22,8.410704996181357e-08,1.6328483959899322e-14,0.9501346479120076,0.0,6.859556060984681e-19,5.096721272601947e-25,3.97004321566152e-24,5.119872410101689e-28,1.3842827431568335e+19,43235270510889.76,0.00356508633809837,0.0011592954912761485,1.2381048441184736e-05,4.340361477428081e-06,1.2381048441184736e-05,4.340361477428081e-06,1.0433674325051484e-29,4.008879150647855e+18,5.195240780317084e+18,0.0002903584945885869,2.206042619080791e-21,-20264.995840578526,1.0878690312283142e+21,0.0,0.0,0.0,0.0,0.0,0.3333333333333333,0.3333333333333333,2.0,2.4966082885114063e-31,9.582238205875211e-25,0.0,6.859556060982184e-19,,0.0,0.0,0.0,0.0,0.0,2.4966082885114063e-31,6.859556060982184e-19,1.3969181271622544e-06,1.4578750796465646e-17,5.119872410101689e-34,5.096721267482075e-25,,,5.119872410101689e-34,5.096721267482075e-25,,8.580369162343737e-08,3.303940622972829,41551194822833.695,7.298184971451872e-06,0.0011519973063046968,7.298184971451872e-06,0.0011519973063046968,0.00356508633809837,0.0011592954912761485,False,False,1.0,1.3592951682269123,1.0224568952505166e-08,0.18111015553614668,0.7313050536991746,1.0,1.3407136816394383,2.2135962067418604e-07,0.1737778443328903,0.7419571693988861,0.16058883331199464,0.17283220687690265,0.004141389030365493,0.005162665966334512,True,AP3.2,100.0,8.3,5.767844763153473e+19,$(U_{0.8}Pu_{0.2})N$,0.41413890303654927,0.17271513237487993,48.66688253340453,45.89806630236217,5.262336031858416,0.0,5.4841518596598816e+17,8.410704996181358e-08,ok,
49,TRIAL_049,AP3.2,950.0,1.1,5.767844763153473e+19,0.0003532752029425975,519754.0997222178,43235270510889.76,7.789406175697652,21.253198700985447,2365717640302.848,1.0,40,TRIAL_049_AP3p2,rizk2025_refit_plot,rizk2025_refit_full,43235270510889.76,1.557976529759755e+23,4.37565698441288e+25,4.170891752847914e+25,2.2214425249818707e+23,2.192732632013686e+19,1.6452848397544362,40.47183937915467,0.4144259851548164,0.6088819748507261,1.0233079600055424,0.040342652204552,1.0636506122100944,2193867068341.5364,5.484667670853841e+17,84.04887179760387,0.035772982374442874,420746824782.72064,26413204.038549505,15929.41258351882,1350550655.447924,1349310433.281171,215076776.9969096,54852955.389604256,1.0009191525805792,3.920969717479817,0.17240787718282932,48.421636497898696,46.155675604353654,5.250280020564836,5.250280020564836,0.0,4.7444543604189994e+24,4.7444543604189994e+24,0.0,9.03657393860029e+25,9.036573938600291e+25,1.0153895295697213,6.504627107261208e+16,0.005103002140819741,5.257379243119897e-07,4.0871783321793475e-07,4.0871783321793475e-07,0.00660578302344522,0.00660578302344522,3.009595066350072e+20,6.914126050752474e-06,6527982.800675924,1.0999999999999999,43235270510889.76,0.0,1.8655714946223896e-26,2.776818139891329e-22,1.6452848397544363e-09,4.0471839379154676e-08,1.4545851818666082e+25,8.706471173811903e+25,8.562128502558391e+25,0.0041442598515481635,0.6088819748507261,0.040342652204552,0.010233079600055425,0.010636506122100944,8650395.329568606,9230.428781664506,7.355532664073254e-22,8.404887179760387e-08,1.630590243623358e-14,0.950734232192273,0.0,6.85955606105717e-19,1.426046189772508e-24,1.1108052997444079e-23,2.2845010932250072e-26,1.3842827431568335e+19,43235270510889.76,0.0035516200183815893,0.0011571700152283495,1.2373512686216804e-05,4.300093881258011e-06,1.2373512686216804e-05,4.300093881258011e-06,1.4200846360071006e-29,4.312554415011638e+18,7.946402050643622e+18,0.001936967807348762,2.204823480443229e-21,-20258.797736594264,1.0863306932227188e+21,0.0,0.0,0.0,0.0,0.0,0.3333333333333333,0.3333333333333333,2.0,7.498646671560408e-30,3.5732345885189943e-23,0.0,6.859556060982184e-19,,0.0,0.0,0.0,0.0,0.0,7.498646671560408e-30,6.859556060982184e-19,5.209133880842283e-05,1.457875079661971e-17,2.284501093225007e-32,1.4260461669274971e-24,,,2.284501093225007e-32,1.4260461669274971e-24,,8.580369162343737e-08,3.303940622972829,41460426235603.9,7.68924708643993e-06,0.0011494807681419095,7.68924708643993e-06,0.0011494807681419095,0.0035516200183815893,0.0011571700152283495,False,False,1.0,1.359290727624263,1.024388533046486e-08,0.18110842232845084,0.731307568235406,1.0,1.365564265628817,2.2163670605294798e-07,0.1835481140070923,0.7277696887244223,0.16062593160074431,0.18260431640233082,0.0041442598515481635,0.006088819748507261,True,AP3.2,100.0,8.3,5.767844763153473e+19,$(U_{0.8}Pu_{0.2})N$,0.4144259851548164,0.17240787718282932,48.421636497898696,46.155675604353654,5.250280020564836,0.0,5.484667670853841e+17,8.404887179760387e-08,ok,
49,TRIAL_049,AP3.2,1000.0,1.1,5.767844763153473e+19,0.0003532752029425975,519754.0997222178,43235270510889.76,7.789406175697652,21.253198700985447,2365717640302.848,1.0,40,TRIAL_049_AP3p2,rizk2025_refit_plot,rizk2025_refit_full,43235270510889.76,1.5553010143536234e+23,4.3531946049745705e+25,4.194486198244753e+25,2.208614415331952e+23,2.1823930219190047e+19,1.6487464074109723,42.968165309422915,0.4146389522647014,0.7252070281342418,1.1398459803989431,0.040315482064139235,1.1801614624630823,2193929661284.5984,5.484824153211496e+17,84.02919989543496,0.035757258933288204,80115876236.95682,26419387.579109933,3032.465305906834,1347060186.765557,1346477535.915343,157078786.4499975,51666157.5846515,1.000432722295525,3.0402645327869515,0.1721118008795411,48.173064643223114,46.41677506037706,5.238048495520274,5.238048495520274,0.0,4.7334012523742963e+24,4.7334012523742963e+24,0.0,9.03657393860029e+25,9.03657393860029e+25,1.0183682856162732,6.482317327258662e+16,0.005099698859087654,5.20315898394465e-07,5.399973053089671e-07,5.399973053089671e-07,0.007862673154551891,0.007862673154551891,3.752438297159841e+20,7.81018797263958e-06,6527982.800675924,1.0999999999999999,43235270510889.76,0.0,1.8773713935140717e-26,3.3229900428134546e-22,1.6487464074109725e-09,4.296816530942292e-08,1.5272292879598488e+25,1.2619565280352658e+26,8.56323381336286e+25,0.004146389522647014,0.7252070281342418,0.040315482064139235,0.01139845980398943,0.011801614624630823,8629996.368439225,50906.728501947684,7.350369116306774e-22,8.402919989543496e-08,1.6298270434226898e-14,0.9509386052258852,0.0,6.859556062584883e-19,3.5413597183153905e-24,2.75850892602128e-23,6.972208708889678e-25,1.3842827431568335e+19,43235270510889.76,0.0035376946317713623,0.001154814662741916,1.2366028337084876e-05,4.2594891603850155e-06,1.2366028337084876e-05,4.2594891603850155e-06,1.8845508321286962e-29,4.643252623278339e+18,1.1328955729680753e+19,0.010688417141211822,2.2060033674547713e-21,-20271.202683504172,1.0848449775687508e+21,0.0,0.0,0.0,0.0,0.0,0.3333333333333333,0.3333333333333333,2.0,1.6026995865756309e-28,4.476676181501433e-22,0.0,6.859556060982184e-19,,0.0,0.0,0.0,0.0,0.0,1.6026995865756309e-28,6.859556060982184e-19,0.0006526189363651748,1.4578750799866588e-17,6.972208708889678e-31,3.5413590210945195e-24,,,6.972208708889678e-31,3.5413590210945195e-24,,8.580369162343737e-08,3.303940622972829,41359841679856.766,8.122577985895816e-06,0.00114669208475602,8.122577985895816e-06,0.00114669208475602,0.0035376946317713623,0.001154814662741916,False,False,1.0,1.3592595940361434,1.0263682621567138e-08,0.18109627035263404,0.7313251983572858,1.0,1.3943096177756977,2.2198613780555772e-07,0.19450390977998275,0.7119233490089171,0.16065344128374517,0.19356225281532588,0.004146389522647014,0.0072520702813424175,True,AP3.2,100.0,8.3,5.767844763153473e+19,$(U_{0.8}Pu_{0.2})N$,0.4146389522647014,0.1721118008795411,48.173064643223114,46.41677506037706,5.238048495520274,0.0,5.484824153211496e+17,8.402919989543496e-08,ok,
49,TRIAL_049,AP3.2,1050.0,1.1,5.767844763153473e+19,0.0003532752029425975,519754.0997222178,43235270510889.76,7.789406175697652,21.253198700985447,2365717640302.848,1.0,40,TRIAL_049_AP3p2,rizk2025_refit_plot,rizk2025_refit_full,43235270510889.76,1.552777506659318e+23,4.332135195228347e+25,4.216634720247579e+25,2.1962160329778978e+23,2.1701272191459234e+19,1.6522725648949046,45.62736353720731,0.41496239547601155,0.8634753182838697,1.2784377137598815,0.04052585289105695,1.3189635666509385,2193353921037.8887,5.483384802594721e+17,84.1824689032473,0.03587840232921213,17905350370.48852,26371286.43199445,678.971441786215,1343910669.3348567,1343603983.487559,121030384.30592287,48655013.743883714,1.0002282561313205,2.4875213260244378,0.1718325459637454,47.9400182487675,46.66187372446499,5.226275480803766,5.226275480803766,0.0,4.7227624805777006e+24,4.7227624805777006e+24,0.0,9.03657393860029e+25,9.03657393860029e+25,1.0219253467516687,6.461311052019075e+16,0.005095704564749915,5.14674280565195e-07,6.925524971208063e-07,6.925524971208063e-07,0.00936033513883219,0.00936033513883219,4.6275666175224965e+20,8.872184697232788e-06,6527982.800675924,1.0999999999999999,43235270510889.76,0.0,1.8894425195200622e-26,3.9789156629430216e-22,1.6522725648949047e-09,4.562736353720731e-08,1.59957298539288e+25,1.728797116285518e+26,8.56429769054252e+25,0.0041496239547601154,0.8634753182838697,0.04052585289105695,0.012784377137598814,0.013189635666509384,8612859.849527437,238691.5353100019,7.390663677639446e-22,8.41824689032473e-08,1.635778065048188e-14,0.9493664728679356,0.0,6.859556086571999e-19,7.957391575121721e-24,6.19833550776976e-23,1.5366002896313798e-23,1.3842827431568335e+19,43235270510889.76,0.0035245045615655366,0.0011523589281650386,1.2358412887995567e-05,4.220961002843779e-06,1.2358412887995567e-05,4.220961002843779e-06,2.4271937278763508e-29,4.979936373804333e+18,1.5256095449919627e+19,0.05016495603448089,2.217105872727435e-21,-20359.398926995942,1.0834428291793604e+21,0.0,0.0,0.0,0.0,0.0,0.3333333333333333,0.3333333333333333,2.0,2.558981501392922e-27,2.43157518657149e-21,0.0,6.859556060982184e-19,,0.0,0.0,0.0,0.0,0.0,2.558981501392922e-27,6.859556060982184e-19,0.003544799628260854,1.457875085084688e-17,1.5366002896313797e-29,7.957376209118825e-24,,,1.5366002896313797e-29,7.957376209118825e-24,,8.580369162343737e-08,3.303940622972829,41254971327598.52,8.574345772407862e-06,0.0011437845823926308,8.574345772407862e-06,0.0011437845823926308,0.0035245045615655366,0.0011523589281650386,False,False,1.0,1.3592679861400079,1.0282963052236123e-08,0.18109954597887215,0.7313204460613083,1.0,1.4257719356550347,2.2240354060913412e-07,0.2060948409907492,0.6952346863021253,0.16069520352798145,0.20515556847210592,0.0041496239547601154,0.008634753182838698,True,AP3.2,100.0,8.3,5.767844763153473e+19,$(U_{0.8}Pu_{0.2})N$,0.41496239547601155,0.1718325459637454,47.9400182487675,46.66187372446499,5.226275480803766,0.0,5.483384802594721e+17,8.41824689032473e-08,ok,
49,TRIAL_049,AP3.2,1100.0,1.1,5.767844763153473e+19,0.0003532752029425975,519754.0997222178,43235270510889.76,7.789406175697652,21.253198700985447,2365717640302.848,1.0,40,TRIAL_049_AP3p2,rizk2025_refit_plot,rizk2025_refit_full,43235270510889.76,1.5504213515498755e+23,4.313360943730965e+25,4.236421742144496e+25,2.184615694099375e+23,2.156193061162287e+19,1.6558947095799184,48.35087412230803,0.4154911851284608,1.0209141972935916,1.4364053824220524,0.04161773344652109,1.4780231158685735,2190479777079.878,5.476199442699695e+17,84.96894669042797,0.03650402727744872,4593044018.78459,26127192.185731668,175.7955461166202,1340844032.3870904,1340664951.1931763,97362801.6494393,45914371.56615419,1.0001335763971115,2.120529985021299,0.17157181052070564,47.73225973735659,46.88083969576519,5.2153287563575175,5.2153287563575175,0.0,4.7128703920933e+24,4.7128703920933e+24,0.0,9.03657393860029e+25,9.03657393860029e+25,1.0259974162366863,6.441729445529519e+16,0.005090829042044255,5.089815636025957e-07,8.624847965271384e-07,8.624847965271384e-07,0.011071620777720035,0.011071620777720035,5.6175399404365355e+20,1.0098404456686854e-05,6527982.800675924,1.0999999999999999,43235270510889.76,0.0,1.9018960005217314e-26,4.734799567267283e-22,1.6558947095799184e-09,4.835087412230803e-08,1.6722969031775463e+25,2.261944648724162e+26,8.56528689939096e+25,0.004154911851284608,1.0209141972935916,0.04161773344652109,0.014364053824220523,0.014780231158685734,8606097.059478018,974050.5131720474,7.599747577126974e-22,8.496894669042796e-08,1.666485473155663e-14,0.9413372353315017,0.0,6.859556378595706e-19,1.6429338076549502e-23,1.2797478747609926e-22,2.556484784617257e-22,1.3842827431568335e+19,43235270510889.76,0.003512703456009758,0.0011499065254091888,1.2350598895458642e-05,4.185756937722195e-06,1.2350598895458642e-05,4.185756937722195e-06,3.0345149369193073e-29,5.304314477610207e+18,1.9609671518855385e+19,0.20523331077571255,2.264874758598276e-21,-20727.098671303058,1.082134551389033e+21,0.0,0.0,0.0,0.0,0.0,0.3333333333333333,0.3333333333333333,2.0,3.1761352235744896e-26,6.934054381604572e-21,0.0,6.859556060982184e-19,,0.0,0.0,0.0,0.0,0.0,3.1761352235744896e-26,6.859556060982184e-19,0.010108604695255988,1.457875147149067e-17,2.556484784617257e-28,1.642908242807104e-23,,,2.556484784617257e-28,1.642908242807104e-23,,8.580369162343737e-08,3.303940622972829,41150242642419.25,9.025473133285935e-06,0.0011408810522759028,9.025473133285935e-06,0.0011408810522759028,0.003512703456009758,0.0011499065254091888,False,False,1.0,1.3593502008067875,1.0301134350040717e-08,0.18113163450749079,0.7312738921615094,1.0,1.4588908025329157,2.2288155157828293e-07,0.2178717581078959,0.6783633423634176,0.16076343291692952,0.21693506075639876,0.004154911851284608,0.010209141972935916,True,AP3.2,100.0,8.3,5.767844763153473e+19,$(U_{0.8}Pu_{0.2})N$,0.4154911851284608,0.17157181052070564,47.73225973735659,46.88083969576519,5.2153287563575175,0.0,5.476199442699695e+17,8.496894669042798e-08,ok,
49,TRIAL_049,AP3.2,1150.0,1.1,5.767844763153473e+19,0.0003532752029425975,519754.0997222178,43235270510889.76,7.789406175697652,21.253198700985447,2365717640302.848,1.0,40,TRIAL_049_AP3p2,rizk2025_refit_plot,rizk2025_refit_full,43235270510889.76,1.5482235436929965e+23,4.297154940475499e+25,4.253551139178324e+25,2.1739565950316908e+23,2.140894389663564e+19,1.6596180891464984,51.06622501850323,0.41625930760928403,1.194222136418915,1.610481444028199,0.045613735574911496,1.6560951796031107,2180375901566.898,5.450939753917244e+17,87.74086903474728,0.03874505659479371,1326334014.5257998,25301778.11574709,52.420585164341794,1337772525.080231,1337657148.062114,81107256.74029036,43472960.830678396,1.0000862530569092,1.8656943348347659,0.1713285980076656,47.55292182272679,47.070396016005745,5.205353563259809,5.205353563259809,0.0,4.703856235095375e+24,4.703856235095375e+24,0.0,9.03657393860029e+25,9.03657393860029e+25,1.0305070060371497,6.42349334289428e+16,0.005085068431874633,5.033354473315311e-07,1.0453383287451197e-06,1.0453383287451197e-06,0.012963825874159484,0.012963825874159484,6.702116777526405e+20,1.1475677830331607e-05,6527982.800675924,1.0999999999999999,43235270510889.76,0.0,1.9147544553584614e-26,5.578145947715729e-22,1.6596180891464986e-09,5.1066225018503234e-08,1.7457407253691193e+25,2.8501843327062598e+26,8.566188315090752e+25,0.00416259307609284,1.194222136418915,0.045613735574911496,0.01610481444028199,0.016560951796031106,8629440.880749071,3535987.7589683444,8.368049847208787e-22,8.774086903474728e-08,1.7769897643314663e-14,0.9137458132761641,0.0,6.859559227741158e-19,3.156009871203467e-23,2.458344278131503e-22,3.330768464716398e-21,1.3842827431568335e+19,43235270510889.76,0.003502537745633173,0.0011475308659594824,1.2342575733346581e-05,4.154286143206269e-06,1.2342575733346581e-05,4.154286143206269e-06,3.690737008079944e-29,5.61232020501773e+18,2.4256412938868216e+19,0.7506317550329858,2.4327067539148966e-21,-21995.495124456073,1.0809164294290145e+21,0.0,0.0,0.0,0.0,0.0,0.3333333333333333,0.3333333333333333,2.0,3.1667589742037936e-25,1.2004150054659163e-20,0.0,6.859556060982184e-19,,0.0,0.0,0.0,0.0,0.0,3.1667589742037936e-25,6.859556060982184e-19,0.017499885424288566,1.457875752683611e-17,3.330768464716398e-27,3.155676794356995e-23,,,3.330768464716398e-27,3.155676794356995e-23,,8.580369162343737e-08,3.303940622972829,41048774308890.34,9.462527289273895e-06,0.0011380683386702085,9.462527289273895e-06,0.0011380683386702085,0.003502537745633173,0.0011475308659594824,False,False,1.0,1.359518525607419,1.031794499217061e-08,0.18119732235804964,0.7311785942545798,1.0,1.4928052733046104,2.2341113993454383e-07,0.22950879300314816,0.6617814164039055,0.16086244022266946,0.22857481259716225,0.00416259307609284,0.01194222136418915,True,AP3.2,100.0,8.3,5.767844763153473e+19,$(U_{0.8}Pu_{0.2})N$,0.41625930760928403,0.1713285980076656,47.55292182272679,47.070396016005745,5.205353563259809,0.0,5.450939753917244e+17,8.774086903474728e-08,ok,
49,TRIAL_049,AP3.2,1200.0,1.1,5.767844763153473e+19,0.0003532752029425975,519754.0997222178,43235270510889.76,7.789406175697652,21.253198700985447,2365717640302.848,1.0,40,TRIAL_049_AP3p2,rizk2025_refit_plot,rizk2025_refit_full,43235270510889.76,1.546161026760877e+23,4.2834421960013255e+25,4.268098046096854e+25,2.1642359200474983e+23,2.1245386112503484e+19,1.66343621619107,53.72532342218682,0.41726472165825124,1.38003580215497,1.7973005238132211,0.05826805287278603,1.855568576686007,2150617799694.7183,5.376544499236795e+17,95.6392729042637,0.045406374887113354,423863484.9827906,23212221.638513003,18.260358339829452,1334668284.733889,1334586789.9181297,69514003.03165004,41321296.15218309,1.000061063706291,1.6822803131739967,0.17110035697891585,47.40117466094462,47.23137413688839,5.196350845188086,5.196350845188086,0.0,4.6957208623450254e+24,4.6957208623450254e+24,0.0,9.03657393860029e+25,9.036573938600291e+25,1.0353737808385441,6.406422294417008e+16,0.005078505780108467,4.977880869708917e-07,1.2366003999952809e-06,1.2366003999952809e-06,0.015003352076971028,0.015003352076971028,7.860618113480111e+20,1.2986208832154009e-05,6527982.800675924,1.0999999999999999,43235270510889.76,0.0,1.9280001676023082e-26,6.495696500158129e-22,1.6634362161910702e-09,5.3725323422186824e-08,1.8200527628178625e+25,3.481981803248195e+26,8.567001852365789e+25,0.004172647216582512,1.38003580215497,0.05826805287278603,0.017973005238132212,0.01855568576686007,8733715.238498606,11685234.477251284,1.083745384810955e-21,9.56392729042637e-08,2.111317728959503e-14,0.8409423240552802,0.0,6.859582128801389e-19,5.699970868482597e-23,4.439938828425505e-22,3.503783313863259e-20,1.3842827431568335e+19,43235270510889.76,0.0034940059503950505,0.0011452800113888307,1.2334358188439068e-05,4.126463733326837e-06,1.2334358188439068e-05,4.126463733326837e-06,4.379673187805712e-29,5.907742527879592e+18,2.9064256203779437e+19,2.5320292941697042,2.9506692614218108e-21,-25738.25161987284,1.0797782691772482e+21,0.0,0.0,0.0,0.0,0.0,0.3333333333333333,0.3333333333333333,2.0,2.6067819204802983e-24,1.4100662152237733e-20,0.0,6.859556060982184e-19,,0.0,0.0,0.0,0.0,0.0,2.6067819204802983e-24,6.859556060982184e-19,0.0205561532575478,1.4578806198914465e-17,3.503783313863259e-26,5.696467085168733e-23,,,3.503783313863259e-26,5.696467085168733e-23,,8.580369162343737e-08,3.303940622972829,40952494065251.9,9.87723093101554e-06,0.0011354027804578151,9.87723093101554e-06,0.0011354027804578151,0.0034940059503950505,0.0011452800113888307,False,False,1.0,1.3597720936327113,1.0333371655099336e-08,0.18129625153990003,0.7310350752763889,1.0,1.5268727283493324,2.2398293314820898e-07,0.24079426995082623,0.6457894473593622,0.1609918493949079,0.23986310492550308,0.004172647216582512,0.0138003580215497,True,AP3.2,100.0,8.3,5.767844763153473e+19,$(U_{0.8}Pu_{0.2})N$,0.41726472165825124,0.17110035697891585,47.40117466094462,47.23137413688839,5.196350845188086,0.0,5.376544499236795e+17,9.563927290426372e-08,ok,
49,TRIAL_049,AP3.2,1250.0,1.1,5.767844763153473e+19,0.0003532752029425975,519754.0997222178,43235270510889.76,7.789406175697652,21.253198700985447,2365717640302.848,1.0,40,TRIAL_049_AP3p2,rizk2025_refit_plot,rizk2025_refit_full,43235270510889.76,1.5441904035429514e+23,4.271937013238356e+25,4.280355682074539e+25,2.1553477892023164e+23,2.1073759476178215e+19,1.6673404265249407,56.30407054759097,0.418483952077899,1.5756146463861593,1.9940985984640585,0.09436520542683675,2.088463803890895,2078128244497.283,5.195320611243207e+17,113.6040176722072,0.061907146940397104,148426140.16281766,19541562.397956587,7.595408040573982,1331524177.500873,1331461748.7125342,60960397.80986489,39428765.60094438,1.000046887406566,1.5460894319350642,0.17088228503801045,47.273856687992236,47.36701886309736,5.188242163872402,5.188242163872402,0.0,4.688393392519652e+24,4.688393392519652e+24,0.0,9.03657393860029e+25,9.03657393860029e+25,1.0405321567124672,6.3902570772604984e+16,0.005071235379288435,4.92353166894162e-07,1.4324260958817475e-06,1.4324260958817475e-06,0.017162963712377785,0.017162963712377785,9.0758531243622e+20,1.461486424589133e-05,6527982.800675924,1.0999999999999999,43235270510889.76,0.0,1.941607540900756e-26,7.476666174192767e-22,1.6673404265249408e-09,5.630407054759097e-08,1.8952607089772794e+25,4.1478710035686586e+26,8.567734599348324e+25,0.00418483952077899,1.5756146463861593,0.09436520542683675,0.019940985984640586,0.020884638038908953,9024261.914410993,35916538.38852525,1.816349990462971e-21,1.1360401767220721e-07,2.9789858784857126e-14,0.7020088464795095,0.0,6.859737343204004e-19,9.775347450615735e-23,7.61441518014165e-22,3.0533079764031823e-19,1.3842827431568335e+19,43235270510889.76,0.0034869845091239954,0.0011431924967004836,1.232596569645305e-05,4.101924838369665e-06,1.232596569645305e-05,4.101924838369665e-06,5.087413353516919e-29,6.195470671093162e+18,3.3922332226508722e+19,8.16240128535381,4.379998040494269e-21,-34949.5241504144,1.078709849470563e+21,0.0,0.0,0.0,0.0,0.0,0.3333333333333333,0.3333333333333333,2.0,1.8128222181985484e-23,1.2247278119517971e-20,0.0,6.859556060982184e-19,,0.0,0.0,0.0,0.0,0.0,1.8128222181985484e-23,6.859556060982184e-19,0.017853858692784275,1.457913607916847e-17,3.0533079764031822e-25,9.744814370851704e-23,,,3.0533079764031822e-25,9.744814370851704e-23,,8.580369162343737e-08,3.303940622972829,40862249247178.09,1.026610796559054e-05,0.001132926388734893,1.026610796559054e-05,0.001132926388734893,0.0034869845091239954,0.0011431924967004836,False,False,1.0,1.360102085503128,1.0347558064733149e-08,0.1814249535075417,0.7308483721588074,1.0,1.5607068528511248,2.2458928189027722e-07,0.2516257825567465,0.6305272366165299,0.16114850078000512,0.25069749997261165,0.00418483952077899,0.015756146463861594,True,AP3.2,100.0,8.3,5.767844763153473e+19,$(U_{0.8}Pu_{0.2})N$,0.418483952077899,0.17088228503801045,47.273856687992236,47.36701886309736,5.188242163872402,0.0,5.195320611243207e+17,1.1360401767220721e-07,ok,
49,TRIAL_049,AP3.2,1300.0,1.1,5.767844763153473e+19,0.0003532752029425975,519754.0997222178,43235270510889.76,7.789406175697652,21.253198700985447,2365717640302.848,1.0,40,TRIAL_049_AP3p2,rizk2025_refit_plot,rizk2025_refit_full,43235270510889.76,1.5421789738280064e+23,4.2621181177668285e+25,4.290856459449536e+25,2.1470168312231667e+23,2.0894467038879003e+19,1.6713352021902825,58.81412576103059,0.4198698982957879,1.7805937507784808,2.2004636490742686,0.18587797919116025,2.3863416282654293,1937617874573.4204,4.8440446864335514e+17,145.7696505128387,0.0950349652713174,57522519.59500719,15229507.597704455,3.777043954045997,1328330383.1712072,1328279328.4618747,54393493.09669046,37746034.15887108,1.0000384367265518,1.441038623229956,0.1706596973926692,47.16519940771939,47.483221944556604,5.180918950331335,5.180918950331335,0.0,4.6817757164564505e+24,4.6817757164564505e+24,0.0,9.03657393860029e+25,9.03657393860029e+25,1.0459782762104626,6.37447051688183e+16,0.0050632325756951105,4.869699887987584e-07,1.6311668678273616e-06,1.6311668678273616e-06,0.01944133540125602,0.01944133540125602,1.0344379895547783e+21,1.636510672192407e-05,6527982.800675924,1.0999999999999999,43235270510889.76,0.0,1.9555966780967702e-26,8.521843354344828e-22,1.6713352021902827e-09,5.881412576103059e-08,1.9712689867856246e+25,4.846447932871885e+26,8.568396366954645e+25,0.004198698982957879,1.7805937507784808,0.18587797919116025,0.022004636490742687,0.02386341628265429,9665013.474315053,103226470.34818506,3.837247408384536e-21,1.457696505128387e-07,4.9047320691258584e-14,0.5195322539202126,0.0,6.860642029484949e-19,1.6132812103425e-22,1.2566502622978852e-21,2.2525702314749626e-18,1.3842827431568335e+19,43235270510889.76,0.003481354423950419,0.0011413593511233728,1.231738940666202e-05,4.080053215043973e-06,1.231738940666202e-05,4.080053215043973e-06,5.807956934453291e-29,6.479309675632964e+18,3.87777109605971e+19,25.67196221340334,7.94497532518031e-21,-52954.06610394257,1.0777130110116828e+21,0.0,0.0,0.0,0.0,0.0,0.3333333333333333,0.3333333333333333,2.0,1.085968502764781e-22,8.409787168749566e-21,0.0,6.859556060982184e-19,,0.0,0.0,0.0,0.0,0.0,1.085968502764781e-22,6.859556060982184e-19,0.012258017737417087,1.4581058826897568e-17,2.2525702314749626e-24,1.5907555080277505e-22,,,2.2525702314749626e-24,1.5907555080277505e-22,,8.580369162343737e-08,3.303940622972829,40777547406454.47,1.0632258874676232e-05,0.0011307270922486965,1.0632258874676232e-05,0.0011307270922486965,0.003481354423950419,0.0011413593511233728,False,False,1.0,1.3604905295694074,1.0360926078995034e-08,0.18157638922185326,0.7306287015928723,1.0,1.5943783750535858,2.252297880774843e-07,0.2620542360660206,0.6159165955278523,0.16132620337273149,0.2611289054028508,0.004198698982957879,0.017805937507784808,True,AP3.2,100.0,8.3,5.767844763153473e+19,$(U_{0.8}Pu_{0.2})N$,0.4198698982957879,0.1706596973926692,47.16519940771939,47.483221944556604,5.180918950331335,0.0,4.8440446864335514e+17,1.457696505128387e-07,ok,
49,TRIAL_049,AP3.2,1350.0,1.1,5.767844763153473e+19,0.0003532752029425975,519754.0997222178,43235270510889.76,7.789406175697652,21.253198700985447,2365717640302.848,1.0,40,TRIAL_049_AP3p2,rizk2025_refit_plot,rizk2025_refit_full,43235270510889.76,1.5395831609770895e+23,4.252818902071337e+25,4.300776343470587e+25,2.1383902976864707e+23,2.070127437485853e+19,1.6754945786089492,61.349338209417034,0.4213128112841916,2.002236331484575,2.4235491427687665,0.3812622323388549,2.8048113751076214,1727674660176.4438,4.31918665044111e+17,192.42778618366452,0.14766534809272802,25518928.34187798,11536795.407920456,2.2119598588320506,1325025593.9587312,1324981905.846044,48978186.052208364,36186209.416342705,1.0000329726107915,1.3535041896399473,0.17037244108640154,47.06229297704472,47.592996778342645,5.174337803526255,5.174337803526255,0.0,4.675828614485962e+24,4.675828614485962e+24,0.0,9.03657393860029e+25,9.036573938600291e+25,1.0519134380232689,6.357309627037168e+16,0.005053869919214518,4.813549279919462e-07,1.83700208664034e-06,1.83700208664034e-06,0.021922929115521288,0.021922929115521288,1.1705659233058428e+21,1.8308965243237743e-05,6527982.800675924,1.0999999999999999,43235270510889.76,0.0,1.9702334589715025e-26,9.672043832800307e-22,1.6754945786089493e-09,6.134933820941704e-08,2.0477151957778888e+25,5.602232030762878e+26,8.568991077151695e+25,0.004213128112841916,2.002236331484575,0.3812622323388549,0.024235491427687664,0.028048113751076215,10825715.563851424,270651918.8787064,8.827176577328914e-21,1.9242778618366454e-07,8.547057585346958e-14,0.3486174478556897,0.0,6.865253628289335e-19,2.635683646760266e-22,2.053041047525972e-21,1.4331663655150738e-17,1.3842827431568335e+19,43235270510889.76,0.0034773661066174254,0.0011401989924057095,1.2308471505558941e-05,4.0597343930382164e-06,1.2308471505558941e-05,4.0597343930382164e-06,6.556642292632636e-29,6.762223390671102e+18,4.371558946749719e+19,77.47914473834173,1.604382056821812e-20,-80036.86127342476,1.076847634956203e+21,0.0,0.0,0.0,0.0,0.0,0.3333333333333333,0.3333333333333333,2.0,5.697567307150379e-22,4.811032795419547e-21,0.0,6.859556060982184e-19,,0.0,0.0,0.0,0.0,0.0,5.697567307150379e-22,6.859556060982184e-19,0.007007800521156197,1.4590859949469452e-17,1.433166365515074e-23,2.492367010208758e-22,,,1.433166365515074e-23,2.492367010208758e-22,,8.580369162343737e-08,3.303940622972829,40695308323651.57,1.099379942246056e-05,0.001129205192983249,1.099379942246056e-05,0.001129205192983249,0.0034773661066174254,0.0011401989924057095,False,False,1.0,1.3608942702872633,1.0374841370330412e-08,0.18173371562776722,0.7304004993013009,1.0,1.6291105492590978,2.2592820844432143e-07,0.2724651022574238,0.6014158741108945,0.1615107950985806,0.27154289626673883,0.004213128112841916,0.020022363314845748,True,AP3.2,100.0,8.3,5.767844763153473e+19,$(U_{0.8}Pu_{0.2})N$,0.4213128112841916,0.17037244108640154,47.06229297704472,47.592996778342645,5.174337803526255,0.0,4.31918665044111e+17,1.9242778618366454e-07,ok,
49,TRIAL_049,AP3.2,1400.0,1.1,5.767844763153473e+19,0.0003532752029425975,519754.0997222178,43235270510889.76,7.789406175697652,21.253198700985447,2365717640302.848,1.0,40,TRIAL_049_AP3p2,rizk2025_refit_plot,rizk2025_refit_full,43235270510889.76,1.5341936215770813e+23,4.2408914911335475e+25,4.313242421297359e+25,2.1265691683996355e+23,2.0471058309976375e+19,1.68018740197501,64.18507253853993,0.42251418547353997,2.267414991342858,2.6899291768163978,0.7070721667799497,3.3970013435963473,1491485609915.6414,3.7287140247891034e+17,248.2916229887663,0.21223854772655815,13528619.79314551,8941099.072442094,1.5130824167738945,1321319454.0378976,1321281184.1050923,43861268.55224686,34587481.359735176,1.0000289642607991,1.2681255421884436,0.16977602706526612,46.93030256763921,47.730948151412505,5.168973253883027,5.168973253883027,0.0,4.6709808995361296e+24,4.6709808995361296e+24,0.0,9.03657393860029e+25,9.036573938600291e+25,1.0590783470614544,6.332069138427524e+16,0.005039999145884622,4.7462648837457976e-07,2.0646929341922416e-06,2.0646929341922416e-06,0.02491764124206832,0.02491764124206832,1.329874046687962e+21,2.071362116619271e-05,6527982.800675924,1.0999999999999999,43235270510889.76,0.0,1.986834906439963e-26,1.1076198196542946e-21,1.68018740197501e-09,6.418507253853993e-08,2.1235404071831225e+25,6.506296903057503e+26,8.569475848646678e+25,0.0042251418547354,2.267414991342858,0.7070721667799497,0.02689929176816398,0.033970013435963474,12527055.892414063,612641936.0397668,1.8962896110541537e-20,2.482916229887663e-07,1.4230009751053675e-13,0.22599945332936233,0.0,6.886110813242972e-19,4.565292615698932e-22,3.556091849459215e-21,7.989389038480301e-17,1.3842827431568335e+19,43235270510889.76,0.0034772795453396265,0.0011415975346937086,1.2298424357999749e-05,4.038864024786084e-06,1.2298424357999749e-05,4.038864024786084e-06,7.388205545197928e-29,7.047573809334027e+18,4.9042783671749165e+19,210.70693186428971,3.223480295776261e-20,-111813.24026058949,1.076413823313479e+21,0.0,0.0,0.0,0.0,0.0,0.3333333333333333,0.3333333333333333,2.0,2.6554752260788454e-21,2.389663047018396e-21,0.0,6.859556060982184e-19,,0.0,0.0,0.0,0.0,0.0,2.6554752260788454e-21,6.859556060982184e-19,0.003470265163933658,1.4635188139085737e-17,7.989389038480301e-23,3.7663537118509016e-22,,,7.989389038480301e-23,3.7663537118509016e-22,,8.580369162343737e-08,3.303940622972829,40607453958959.61,1.1406898070131877e-05,0.0011301906366235767,1.1406898070131877e-05,0.0011301906366235767,0.0034772795453396265,0.0011415975346937086,False,False,1.0,1.3611918550299176,1.0394031705578525e-08,0.1818496286076296,0.7302323759068089,1.0,1.668797562653795,2.2677191526236406e-07,0.2839558595146901,0.585514023265458,0.16166416551336754,0.28303729905576414,0.0042251418547354,0.02267414991342858,True,AP3.2,100.0,8.3,5.767844763153473e+19,$(U_{0.8}Pu_{0.2})N$,0.42251418547353997,0.16977602706526612,46.93030256763921,47.730948151412505,5.168973253883027,0.0,3.7287140247891034e+17,2.482916229887663e-07,ok,
49,TRIAL_049,AP3.2,1450.0,1.1,5.767844763153473e+19,0.0003532752029425975,519754.0997222178,43235270510889.76,7.789406175697652,21.253198700985447,2365717640302.848,1.0,40,TRIAL_049_AP3p2,rizk2025_refit_plot,rizk2025_refit_full,43235270510889.76,1.517892700218766e+23,4.2180759018298475e+25,4.336321753409322e+25,2.102275448078111e+23,2.016079298834125e+19,1.6868814184973324,67.75409223662447,0.4226996524481887,2.626653662510173,3.049353314958362,1.0992962056614157,4.148649520619778,1294017102421.0112,3.235042756052528e+17,301.5819975167403,0.2716638843634162,8823140.014157698,7361182.094023275,1.198603689116918,1316072015.6678994,1316037971.4049892,38444666.00635983,32765548.570068207,1.0000258687542836,1.1733258768473536,0.16797214414801526,46.677822042843836,47.98634729127212,5.167858521736043,5.167858521736043,0.0,4.6699735635893344e+24,4.6699735635893344e+24,0.0,9.03657393860029e+25,9.03657393860029e+25,1.0688973278736753,6.274525786554069e+16,0.005009221690401271,4.64945507090873e-07,2.3206018964252656e-06,2.3206018964252656e-06,0.029021325563752667,0.029021325563752667,1.5309776754022634e+21,2.41513402923268e-05,6527982.800675924,1.0999999999999999,43235270510889.76,0.0,2.0106768256016045e-26,1.3028523550780649e-21,1.6868814184973325e-09,6.775409223662448e-08,2.1962708640153607e+25,7.729236060582458e+26,8.569576582241356e+25,0.004226996524481887,2.626653662510173,1.0992962056614157,0.03049353314958362,0.04148649520619778,14435585.294358648,1121146564.6196442,3.3980886453655456e-20,3.0158199751674025e-07,2.0993840332956418e-13,0.15480841588100458,0.0,6.970855980789518e-19,9.468385261965149e-22,7.375309863343596e-21,3.956100289530877e-16,1.3842827431568335e+19,43235270510889.76,0.0034921792575459435,0.0011531696364075108,1.2284119370828097e-05,4.015024352951288e-06,1.2284119370828097e-05,4.015024352951288e-06,8.329312050947399e-29,7.341205136139927e+18,5.476067856091938e+19,468.1146344434156,5.787355991068018e-20,-142335.41939044854,1.077593684467874e+21,0.0,0.0,0.0,0.0,0.0,0.3333333333333333,0.3333333333333333,2.0,1.1129991980733449e-20,1.0648433877683903e-21,0.0,6.859556060982184e-19,,0.0,0.0,0.0,0.0,0.0,1.1129991980733449e-20,6.859556060982184e-19,0.0015275647505886161,1.481529872756724e-17,3.9561002895308766e-22,5.512284972434272e-22,,,3.9561002895308766e-22,5.512284972434272e-22,,8.580369162343737e-08,3.303940622972829,40503371792839.46,1.2002579751048756e-05,0.001141167056656462,1.2002579751048756e-05,0.001141167056656462,0.0034921792575459435,0.0011531696364075108,False,False,1.0,1.3610539805817385,1.0433919844489593e-08,0.1817959297872698,0.7303102612512462,1.0,1.7199590571692152,2.2792923387899042e-07,0.29817230105021797,0.5659963092313064,0.16168781677259775,0.297258492416489,0.004226996524481887,0.02626653662510173,True,AP3.2,100.0,8.3,5.767844763153473e+19,$(U_{0.8}Pu_{0.2})N$,0.4226996524481887,0.16797214414801526,46.677822042843836,47.98634729127212,5.167858521736043,0.0,3.235042756052528e+17,3.015819975167403e-07,ok,
49,TRIAL_049,AP3.2,1500.0,1.1,5.767844763153473e+19,0.0003532752029425975,519754.0997222178,43235270510889.76,7.789406175697652,21.253198700985447,2365717640302.848,1.0,40,TRIAL_049_AP3p2,rizk2025_refit_plot,rizk2025_refit_full,43235270510889.76,1.465089667140268e+23,4.163026152466832e+25,4.3905466440206425e+25,2.038456400169954e+23,1.9761019512848355e+19,1.7005295452222629,72.02468717062399,0.41989681620466757,3.092730649345582,3.51262746555025,1.433888224695654,4.946515690245904,1166538455590.739,2.9163461389768474e+17,341.1033006963404,0.3132939201580356,6957577.920817364,6508292.342724369,1.069032789929182,1305507259.8013372,1305475700.9292898,33434791.15562314,30822764.904773515,1.0000241742316804,1.084743411531037,0.16212888613482662,46.068633762672,48.586407568316886,5.182829782876292,5.182829782876292,0.0,4.6835024544141296e+24,4.6835024544141296e+24,0.0,9.03657393860029e+25,9.03657393860029e+25,1.0818331551152767,6.107828906834086e+16,0.004920957605445759,4.5009799037899695e-07,2.5221645135817152e-06,2.5221645135817152e-06,0.034430467679045756,0.034430467679045756,1.7373693721427774e+21,2.9007272123292675e-05,6527982.800675924,1.0999999999999999,43235270510889.76,0.0,2.0598763661055451e-26,1.5650663404966172e-21,1.7005295452222629e-09,7.2024687170624e-08,2.2604987395205013e+25,9.308815052168013e+26,8.568223693158877e+25,0.0041989681620466755,3.092730649345582,1.433888224695654,0.0351262746555025,0.049465156902459034,16059487.561573401,1636243844.4838505,4.916728523860032e-20,3.411033006963404e-07,2.685671600936486e-13,0.11906239356988069,0.0,7.283547683483441e-19,2.5448943822908676e-21,1.9823216017914744e-20,1.7607759639859707e-15,1.3842827431568335e+19,43235270510889.76,0.0035635053566355408,0.0012020470174305179,1.225505080474389e-05,3.989537878356005e-06,1.225505080474389e-05,3.989537878356005e-06,9.083335766127397e-29,7.657241663596137e+18,5.868119416370969e+19,801.646425582115,8.697707878905329e-20,-167053.47157985932,1.0843389250571443e+21,0.0,0.0,0.0,0.0,0.0,0.3333333333333333,0.3333333333333333,2.0,4.239916225012569e-20,4.369022003359254e-22,0.0,6.859556060982184e-19,,0.0,0.0,0.0,0.0,0.0,4.239916225012569e-20,6.859556060982184e-19,0.0005998480676204922,1.5479868616517583e-17,1.7607759639859707e-21,7.84118418304897e-22,,,1.7607759639859707e-21,7.84118418304897e-22,,8.580369162343737e-08,3.303940622972829,40388756042631.336,1.306473726196406e-05,0.0011889822801685538,1.306473726196406e-05,0.0011889822801685538,0.0035635053566355408,0.0012020470174305179,False,False,1.0,1.3596068922013653,1.0541698898575217e-08,0.18123180177739012,0.7311285735154415,1.0,1.782862568039642,2.2945596448038824e-07,0.31480031644069134,0.5433977612734634,0.16132965084639134,0.31389232684767415,0.0041989681620466755,0.030927306493455823,True,AP3.2,100.0,8.3,5.767844763153473e+19,$(U_{0.8}Pu_{0.2})N$,0.41989681620466757,0.16212888613482662,46.068633762672,48.586407568316886,5.182829782876292,0.0,2.9163461389768474e+17,3.411033006963404e-07,ok,
49,TRIAL_049,AP3.2,1550.0,1.1,5.767844763153473e+19,0.0003532752029425975,519754.0997222178,43235270510889.76,7.789406175697652,21.253198700985447,2365717640302.848,1.0,40,TRIAL_049_AP3p2,rizk2025_refit_plot,rizk2025_refit_full,43235270510889.76,1.3161162279337931e+23,4.016986421769278e+25,4.532451540557659e+25,1.8688265504495665e+23,1.931329952256852e+19,1.7346753053408404,76.48085428563056,0.4086130123394564,3.6191224400412842,4.027735452380741,1.6862847290079297,5.714020181388671,1086732507127.7971,2.7168312678194928e+17,368.65199810496387,0.3409077744647841,6162277.345091272,6021939.4209492775,1.023304439704887,1279809664.6107097,1279778407.616058,29993447.738176767,29026872.421024986,1.0000244237552889,1.033299327021249,0.14564327552413647,44.452537533173604,50.15674714060613,5.245072050696117,5.245072050696117,0.0,4.739748139940131e+24,4.739748139940131e+24,0.0,9.03657393860029e+25,9.036573938600288e+25,1.096715733352874,5.6446765478439256e+16,0.004674343165503656,4.26128189493321e-07,2.6643022346061917e-06,2.6643022346061917e-06,0.040669856619600195,0.040669856619600195,1.840192333395517e+21,3.469669946026942e-05,6527982.800675924,1.0999999999999999,43235270510889.76,0.0,2.1864683602721723e-26,1.8739016788986086e-21,1.7346753053408405e-09,7.648085428563056e-08,2.299163406714445e+25,1.106933775658483e+27,8.562599124606275e+25,0.004086130123394564,3.6191224400412842,1.6862847290079297,0.04027735452380741,0.05714020181388671,17445868.634102605,2073796884.343856,6.206806984967192e-20,3.6865199810496385e-07,3.136998039800922e-13,0.09992489398888793,0.0,8.341202920002465e-19,8.20455958647652e-21,6.390864711177957e-20,7.11715258415843e-15,1.3842827431568335e+19,43235270510889.76,0.0038082077942298716,0.001373532388672519,1.2182901283038422e-05,3.9659184226404845e-06,1.2182901283038422e-05,3.9659184226404845e-06,9.623862773635291e-29,8.036795461506897e+18,6.0654926417383375e+19,1151.874519110178,1.1524623991791575e-19,-187253.2701859608,1.107431032932742e+21,0.0,0.0,0.0,0.0,0.0,0.3333333333333333,0.3333333333333333,2.0,1.4816468590202815e-19,1.6851976248218294e-22,0.0,6.859556060982184e-19,,0.0,0.0,0.0,0.0,0.0,1.4816468590202815e-19,6.859556060982184e-19,0.00020203292510492376,1.772772430640524e-17,7.11715258415843e-21,1.0874070023180895e-21,,,7.11715258415843e-21,1.0874070023180895e-21,,8.580369162343737e-08,3.303940622972829,40281116339922.16,1.5525034882797627e-05,0.0013580073537897215,1.5525034882797627e-05,0.0013580073537897215,0.0038082077942298716,0.001373532388672519,False,False,1.0,1.3544265105755007,1.085148195955493e-08,0.17920445490338122,0.7340708247823255,1.0,1.8503201768456645,2.3121548096573441e-07,0.33167784338125084,0.5207272065095625,0.15987138261921227,0.3307763307925375,0.004086130123394564,0.03619122440041284,True,AP3.2,100.0,8.3,5.767844763153473e+19,$(U_{0.8}Pu_{0.2})N$,0.4086130123394564,0.14564327552413647,44.452537533173604,50.15674714060613,5.245072050696117,0.0,2.7168312678194928e+17,3.686519981049639e-07,ok,
49,TRIAL_049,AP3.2,1600.0,1.1,5.767844763153473e+19,0.0003532752029425975,519754.0997222178,43235270510889.76,7.789406175697652,21.253198700985447,2365717640302.848,1.0,40,TRIAL_049_AP3p2,rizk2025_refit_plot,rizk2025_refit_full,43235270510889.76,1.0111221027955092e+23,3.6592735629795665e+25,4.878798939048249e+25,1.5065293693402601e+23,1.870471179900551e+19,1.8146870100156982,82.14336024562488,0.3771129125897712,4.342671955769039,4.71978486835881,1.9472973227249317,6.667082191083742,1015206861871.6781,2.5380171546791952e+17,395.6456695193422,0.3668161436066983,5661043.711740401,5611081.255349035,1.0089042475269336,1223385159.9027367,1223351458.2665117,27437691.991242353,27025921.43006765,1.0000275486132764,1.0152361340293319,0.11189219605413044,40.49403665418762,53.98947623510448,5.404594914653803,5.404594914653803,0.0,4.883902155445221e+24,4.883902155445221e+24,0.0,9.03657393860029e+25,9.036573938600291e+25,1.1176563965172883,4.652456061279397e+16,0.004134326305263322,3.8340501970393764e-07,3.3515866094891194e-06,3.3515866094891194e-06,0.04950077736787166,0.04950077736787166,1.8380666674961276e+21,4.099770022112765e-05,6527982.800675924,1.0999999999999999,43235270510889.76,0.0,2.5031899162703785e-26,2.3216994746745732e-21,1.8146870100156984e-09,8.214336024562488e-08,2.261699046124284e+25,1.344523783906423e+27,8.54818372305577e+25,0.0037711291258977118,4.342671955769039,1.9472973227249317,0.0471978486835881,0.06667082191083742,19242983.233746286,2570271721.1876736,7.672514423847815e-20,3.956456695193422e-07,3.613215763045776e-13,0.08462488658128986,0.0,1.1647735522501893e-18,2.783708154963653e-20,2.1683433493613794e-19,2.6363059898109156e-14,1.3842827431568335e+19,43235270510889.76,0.004463181458569301,0.0019132908058312748,1.201709303030513e-05,3.939535661580401e-06,1.201709303030513e-05,3.939535661580401e-06,1.214400612962329e-28,8.548298635827495e+18,7.410022510366987e+19,1669.0138569394323,1.5522678392573337e-19,-215027.18466612385,1.1672498831726834e+21,0.0,0.0,0.0,0.0,0.0,0.3333333333333333,0.3333333333333333,2.0,4.788179461519709e-19,6.213051142733445e-23,0.0,6.859556060982184e-19,,0.0,0.0,0.0,0.0,0.0,4.788179461519709e-19,6.859556060982184e-19,5.3341279347652143e-05,2.475516374762593e-17,2.6363059898109155e-20,1.4740216515273757e-21,,,2.6363059898109155e-20,1.4740216515273757e-21,,8.580369162343737e-08,3.303940622972829,40162373817712.586,2.254645236725756e-05,0.0018907443534640171,2.254645236725756e-05,0.0018907443534640171,0.004463181458569301,0.0019132908058312748,False,False,1.0,1.340377246204565,1.1659729871564788e-08,0.1736435941901021,0.7421524680323114,1.0,1.9384608643450543,2.336962361030327e-07,0.35238620310558416,0.49329965628751576,0.1556528705657924,0.3514948838246942,0.0037711291258977118,0.04342671955769039,True,AP3.2,100.0,8.3,5.767844763153473e+19,$(U_{0.8}Pu_{0.2})N$,0.3771129125897712,0.11189219605413044,40.49403665418762,53.98947623510448,5.404594914653803,0.0,2.5380171546791952e+17,3.9564566951934225e-07,ok,
49,TRIAL_049,AP3.2,1650.0,1.1,5.767844763153473e+19,0.0003532752029425975,519754.0997222178,43235270510889.76,7.789406175697652,21.253198700985447,2365717640302.848,1.0,40,TRIAL_049_AP3p2,rizk2025_refit_plot,rizk2025_refit_full,43235270510889.76,6.253403005628476e+22,2.9876778427605833e+25,5.529733358434334e+25,9.964381966279883e+22,1.7685076844087804e+19,1.9594838546162907,90.97171118654904,0.3140248700780688,5.577179883782179,5.891204753860248,2.2965931260664703,8.187797879926718,933056408188.927,2.3326410204723178e+17,429.93806356125606,0.3981078627545518,5186178.271881299,5163534.444034408,1.0043853349081562,1132992590.197125,1132951412.0618892,24665651.26643295,24403190.519826636,1.000036345896918,1.0107551816387728,0.06920103844795288,33.062063820432336,61.192808203712396,5.675926937407334,5.675926937407334,0.0,5.129093343997446e+24,5.129093343997446e+24,0.0,9.03657393860029e+25,9.036573938600291e+25,1.1547318713037242,3.2499105050773284e+16,0.0033466250122727473,3.1983872152172995e-07,5.8628456693878365e-06,5.8628456693878365e-06,0.0652269919655306,0.0652269919655306,1.7587967327005306e+21,4.9549374168093674e-05,6527982.800675924,1.0999999999999999,43235270510889.76,0.0,3.151473630183481e-26,3.1536079446817076e-21,1.959483854616291e-09,9.097171118654905e-08,2.0562399996204315e+25,1.7481500613091584e+27,8.523664604200547e+25,0.003140248700780688,5.577179883782179,2.2965931260664703,0.058912047538602484,0.08187797879926718,21988352.682569638,3306072395.0048513,9.8454631720463e-20,4.2993806356125606e-07,4.2667073422418657e-13,0.06900154439214906,0.0,2.1271476252081635e-18,9.216017886357202e-20,7.17873066393308e-19,9.020265555838444e-14,1.3842827431568335e+19,43235270510889.76,0.005776372741519174,0.0034835988363109906,1.1728711034111887e-05,3.9048481968319365e-06,1.1728711034111887e-05,3.9048481968319365e-06,2.135746617397262e-28,9.104709157429255e+18,1.2371421339196047e+20,2764.864937371336,2.360992793107364e-19,-268801.4718082859,1.2795913719626418e+21,0.0,0.0,0.0,0.0,0.0,0.3333333333333333,0.3333333333333333,2.0,1.441192019109945e-18,2.2189009104417195e-23,0.0,6.859556060982184e-19,,0.0,0.0,0.0,0.0,0.0,1.441192019109945e-18,6.859556060982184e-19,1.043134422898635e-05,4.520869114487842e-17,9.020265555838444e-20,1.957523305187582e-21,,,9.020265555838444e-20,1.957523305187582e-21,,8.580369162343737e-08,3.303940622972829,40017629114738.68,4.310389819147882e-05,0.003440494938119512,4.310389819147882e-05,0.003440494938119512,0.005776372741519174,0.0034835988363109906,False,False,1.0,1.311967866092689,1.3382439622082319e-08,0.16210891880475828,0.7589666763739601,1.0,2.08046335946237,2.381031599981509e-07,0.38293757323738575,0.45367084990361234,0.14643830101600888,0.3820658467620451,0.003140248700780688,0.055771798837821795,True,AP3.2,100.0,8.3,5.767844763153473e+19,$(U_{0.8}Pu_{0.2})N$,0.3140248700780688,0.06920103844795288,33.062063820432336,61.192808203712396,5.675926937407334,0.0,2.3326410204723178e+17,4.2993806356125606e-07,ok,
49,TRIAL_049,AP3.2,1700.0,1.1,5.767844763153473e+19,0.0003532752029425975,519754.0997222178,43235270510889.76,7.789406175697652,21.253198700985447,2365717640302.848,1.0,40,TRIAL_049_AP3p2,rizk2025_refit_plot,rizk2025_refit_full,43235270510889.76,3.2343894941434586e+22,2.0886806357604496e+25,6.404412670850653e+25,5.423389231392348e+22,1.6175389168983468e+19,2.14739737245892,103.26829345730728,0.22495551038777492,7.461812780883173,7.6867682912709485,2.718153872148638,10.404922163419586,849728610655.058,2.1243215266376448e+17,469.18606842031073,0.43176906242611746,4745146.723038307,4731598.292068764,1.00286339417111,1033865777.0950946,1033809591.3091042,21730326.68718591,21497401.82273645,1.000054348292435,1.0108350239889505,0.03579220970380779,23.113634104608163,70.87213267291273,5.978441012775318,5.978441012775318,0.0,5.402462424950456e+24,5.402462424950456e+24,0.0,9.03657393860029e+25,9.036573938600291e+25,1.2148229610901633,1.9419242166681764e+16,0.002603670734040691,2.525947536488354e-07,1.3080008484474943e-05,1.3080008484474943e-05,0.09086957527655543,0.09086957527655543,1.5456745657560484e+21,6.33683998110341e-05,6527982.800675924,1.0999999999999999,43235270510889.76,0.0,4.147876923265233e-26,4.6130653815682544e-21,2.14739737245892e-09,1.0326829345730729e-07,1.623080142367716e+25,2.367800654416674e+27,8.496327696105246e+25,0.002249555103877749,7.461812780883173,2.718153872148638,0.07686768291270948,0.10404922163419586,25431472.388746258,4305800887.226601,1.2795397674338429e-19,4.6918606842031073e-07,5.081258380758364e-13,0.05509513730551463,0.0,4.751541991998671e-18,2.8964180859428994e-19,2.2561376926045994e-18,2.8708990269161864e-13,1.3842827431568335e+19,43235270510889.76,0.007630683778085526,0.0077615418550068165,1.1376667784670264e-05,3.866275319013424e-06,1.1376667784670264e-05,3.866275319013424e-06,4.815306935941089e-28,9.068804697855771e+18,2.5665145088386558e+20,5021.775856361633,3.9219401737968235e-19,-359929.7351956896,1.4272473167321293e+21,0.0,0.0,0.0,0.0,0.0,0.3333333333333333,0.3333333333333333,2.0,4.065586385900453e-18,7.758935285868006e-24,0.0,6.859556060982184e-19,,0.0,0.0,0.0,0.0,0.0,4.065586385900453e-18,6.859556060982184e-19,1.6329299623014206e-06,1.0098546609202395e-16,2.8708990269161863e-19,2.5519059026713273e-21,,,2.8708990269161863e-19,2.5519059026713273e-21,,8.580369162343737e-08,3.303940622972829,39894499076410.13,9.994095860258741e-05,0.007661600896404229,9.994095860258741e-05,0.007661600896404229,0.007630683778085526,0.0077615418550068165,False,False,1.0,1.2688645498678996,1.6390840621443158e-08,0.14381695348831436,0.7857618755230639,1.0,2.2850578202436753,2.4528956322240205e-07,0.4218381212339671,0.40477531670727024,0.1310284324175482,0.42099937337360965,0.002249555103877749,0.07461812780883173,True,AP3.2,100.0,8.3,5.767844763153473e+19,$(U_{0.8}Pu_{0.2})N$,0.22495551038777492,0.03579220970380779,23.113634104608163,70.87213267291273,5.978441012775318,0.0,2.1243215266376448e+17,4.691860684203108e-07,ok,
49,TRIAL_049,AP3.2,1750.0,1.1,5.767844763153473e+19,0.0003532752029425975,519754.0997222178,43235270510889.76,7.789406175697652,21.253198700985447,2365717640302.848,1.0,40,TRIAL_049_AP3p2,rizk2025_refit_plot,rizk2025_refit_full,43235270510889.76,1.511821024538718e+22,1.226292822022204e+25,7.247553683360936e+25,2.573650246376463e+22,1.4406814258104977e+19,2.323591749308106,117.4239537816521,0.13524387737363155,9.770722175360795,9.905966052734428,3.1298494463053737,13.035815499039801,781045665706.4738,1.9526141642661843e+17,505.7813943988708,0.4611935114476924,4399444.580512961,4389248.051796182,1.0023230696001806,955493928.0392742,955417405.2567743,19128001.568217218,18905852.924421653,1.0000800935612841,1.0117502576944626,0.016730024396534624,13.570329091028821,80.20244987320424,6.210491011370413,6.210491011370413,0.0,5.612156121926123e+24,5.612156121926123e+24,0.0,9.03657393860029e+25,9.036573938600291e+25,1.2947379258534835,1.0262019165852308e+16,0.0021035463864388757,1.9882144987720796e-07,2.9627993874627335e-05,2.9627993874627335e-05,0.12520334491468768,0.12520334491468768,1.1776421736640825e+21,9.154866555396762e-05,6527982.800675924,1.0999999999999999,43235270510889.76,0.0,5.254943928921437e-26,6.782014399792784e-21,2.3235917493081064e-09,1.1742395378165211e-07,1.061420486063046e+25,3.1335963529851417e+27,8.475358326407679e+25,0.0013524387737363155,9.770722175360795,3.1298494463053737,0.09905966052734427,0.13035815499039802,28741756.690243196,5403021157.802305,1.6029021521932924e-19,5.057813943988708e-07,5.904821340126537e-13,0.044987427464006524,0.0,1.1495000451183415e-17,8.585058024105227e-19,6.687250399168794e-18,8.552344067970446e-13,1.3842827431568335e+19,43235270510889.76,0.009414409712726052,0.018760051589536215,1.1068577583898665e-05,3.8317488668339904e-06,1.1068577583898665e-05,3.8317488668339904e-06,1.1102322817627152e-27,7.539796916929999e+18,5.3035035201584687e+20,8571.538160318967,6.201982312219181e-19,-469460.36536349135,1.5641722236245136e+21,0.0,0.0,0.0,0.0,0.0,0.3333333333333333,0.3333333333333333,2.0,1.0809044845085196e-17,2.6793973973199525e-24,0.0,6.859556060982184e-19,,0.0,0.0,0.0,0.0,0.0,1.0809044845085196e-17,6.859556060982184e-19,2.3309241341039768e-07,2.443055286569185e-16,8.552344067970446e-19,3.2713956134781503e-21,,,8.552344067970446e-19,3.2713956134781503e-21,,8.580369162343737e-08,3.303940622972829,39851858192411.125,0.0002448047597355535,0.01851524682980066,0.0002448047597355535,0.01851524682980066,0.009414409712726052,0.018760051589536215,False,False,1.0,1.2173141612481526,2.1014253423203465e-08,0.12055654083023203,0.820041265875561,1.0,2.5257320237931387,2.549374435812932e-07,0.4613779799821846,0.3570397123732362,0.11058745691854946,0.46058404352072413,0.0013524387737363155,0.09770722175360795,True,AP3.2,100.0,8.3,5.767844763153473e+19,$(U_{0.8}Pu_{0.2})N$,0.13524387737363155,0.016730024396534624,13.570329091028821,80.20244987320424,6.210491011370413,0.0,1.9526141642661843e+17,5.057813943988708e-07,ok,
49,TRIAL_049,AP3.2,1800.0,1.1,5.767844763153473e+19,0.0003532752029425975,519754.0997222178,43235270510889.76,7.789406175697652,21.253198700985447,2365717640302.848,1.0,40,TRIAL_049_AP3p2,rizk2025_refit_plot,rizk2025_refit_full,43235270510889.76,6.73609438688452e+21,6.197951424516085e+24,7.84295572160803e+25,1.1354922765436961e+22,1.2746784084353382e+19,2.4465933203187973,131.20311626398959,0.06965593896863513,12.059288624196176,12.128944563164811,3.4785032780171714,15.607447841181981,730550296224.39,1.826375740560975e+17,535.707764568847,0.48393503720083,4152950.072245279,4144050.4447172238,1.0021475673732205,907478494.0637321,907384149.8556566,17108474.087061603,16920329.815438297,1.0001039738330129,1.0111194210559442,0.0074542569259693344,6.858740344104471,86.791252690429,6.342552708540582,6.342552708540582,0.0,5.73149465101965e+24,5.73149465101965e+24,0.0,9.03657393860029e+25,9.036573938600291e+25,1.3815895112021994,4944079448824554.0,0.0018358638940845769,1.6257711034841217e-07,5.787964059345361e-05,5.787964059345361e-05,0.16275184792473377,0.16275184792473377,7.654764819068965e+20,0.0001713388838471476,6527982.800675924,1.0999999999999999,43235270510889.76,0.0,6.13442648686784e-26,9.460651835311854e-21,2.4465933203187973e-09,1.3120311626398958e-07,5.809884434508093e+24,3.89963674663085e+27,8.463424473498326e+25,0.0006965593896863512,12.059288624196176,3.4785032780171714,0.12128944563164812,0.15607447841181982,31381793.59116547,6428012593.468014,1.9045934529051188e-19,5.35707764568847e-07,6.624253520967547e-13,0.03828905810986094,0.0,2.790413000779694e-17,2.4019434300062056e-18,1.8709712987366737e-17,2.3978131732901632e-12,1.3842827431568335e+19,43235270510889.76,0.010572013541448778,0.045576576259624496,1.0865502700658571e-05,3.805217710112178e-06,1.0865502700658571e-05,3.805217710112178e-06,2.2204581792532498e-27,4.911731133680991e+18,9.440708389941311e+20,12546.77989627622,8.564635338582001e-19,-557008.1345542506,1.6553603527591089e+21,0.0,0.0,0.0,0.0,0.0,0.3333333333333333,0.3333333333333333,2.0,2.721817440169872e-17,9.201272251725335e-25,0.0,6.859556060982184e-19,,0.0,0.0,0.0,0.0,0.0,2.721817440169872e-17,6.859556060982184e-19,3.297458924236063e-08,5.930520196338389e-16,2.397813173290163e-18,4.130256716042414e-21,,,2.397813173290163e-18,4.130256716042414e-21,,8.580369162343737e-08,3.303940622972829,39890332323669.44,0.0005873961863707009,0.044989180073253796,0.0005873961863707009,0.044989180073253796,0.010572013541448778,0.045576576259624496,False,False,1.0,1.1670467040130938,2.76039887644676e-08,0.096230258688097,0.8561001707048079,1.0,2.7604839004781763,2.6554826511491807e-07,0.49479843579178395,0.3183719815694388,0.08864468824402079,0.4940534047094856,0.0006965593896863512,0.12059288624196177,True,AP3.2,100.0,8.3,5.767844763153473e+19,$(U_{0.8}Pu_{0.2})N$,0.06965593896863513,0.0074542569259693344,6.858740344104471,86.791252690429,6.342552708540582,0.0,1.826375740560975e+17,5.35707764568847e-07,ok,
49,TRIAL_049,AP3.4,900.0,1.3,7.498198192099515e+19,0.0003532752029425975,519754.0997222178,43235270510889.76,7.789406175697652,21.253198700985447,2365717640302.848,1.0,40,TRIAL_049_AP3p4,rizk2025_refit_plot,rizk2025_refit_full,43235270510889.76,1.5927921095111436e+23,5.833258531503501e+25,4.2450691203649024e+25,2.8408401475097565e+23,2.1996215799992738e+19,1.6658254283658789,38.641103912786164,0.5500774829460852,0.5316002250161495,1.0816777079622346,0.04975561993417638,1.131433327896411,2168460716295.7922,5.421151790739481e+17,90.48516238607628,0.04098145393621005,3010238186885.4023,24534409.194380917,122694.54556806012,1336082296.8504307,1332672657.1689742,308887713.1056248,57451774.79946199,1.0025584975148358,5.376469468242039,0.14914360007938263,54.620635824798335,39.74937390864881,5.480846666473496,5.480846666473496,0.0,5.853318090184843e+24,5.853318090184843e+24,0.0,1.0679587381981997e+26,1.0679587381981999e+26,1.0134171745795117,8.837319613623477e+16,0.004894256875719725,5.181785107374769e-07,4.5957420475458855e-07,4.5957420475458855e-07,0.005772162837929769,0.005772162837929769,3.038602618454562e+20,7.869277255634514e-06,5934529.818796294,1.2999999999999998,43235270510889.76,0.0,1.9363197307257007e-26,2.4167803673590296e-22,1.665825428365879e-09,3.864110391278617e-08,1.856964866116446e+25,5.845340362803212e+25,1.0094255572963514e+26,0.0055007748294608515,0.5316002250161495,0.04975561993417638,0.010816777079622347,0.01131433327896411,10797185.388137624,1525.5813440167874,9.178053272584974e-22,9.048516238607628e-08,1.8898868505312554e-14,0.8878794128620597,0.0,8.917422879279335e-19,5.811156342883063e-25,4.5265457105197914e-24,5.119872410101689e-28,1.7995675661038836e+19,43235270510889.76,0.005969038791273693,0.0015066032283306276,1.6028003536681273e-05,5.633008104866903e-06,1.6028003536681273e-05,5.633008104866903e-06,1.0866727489232112e-29,5.346293127356386e+18,5.721388804766337e+18,0.0003510391718576964,2.7609104414307457e-21,-24621.90279263594,2.1036920488359415e+21,0.0,0.0,0.0,0.0,0.0,0.3333333333333333,0.3333333333333333,2.0,2.4966082885114063e-31,1.092543251978497e-24,0.0,8.91742287927684e-19,,0.0,0.0,0.0,0.0,0.0,2.4966082885114063e-31,8.91742287927684e-19,1.2251782457431146e-06,1.8952376035403748e-17,5.119872410101689e-34,5.811156337763191e-25,,,5.119872410101689e-34,5.811156337763191e-25,,8.580369162343737e-08,3.303940622972829,41535396833909.3,9.57612442024155e-06,0.001497027103910386,9.57612442024155e-06,0.001497027103910386,0.005969038791273693,0.0015066032283306276,False,False,1.0,1.4057027687509023,9.43799477167224e-09,0.1987482206894605,0.7058030313118709,1.0,1.3449673024138307,2.214050710232344e-07,0.17547057151952236,0.7394955052793539,0.17652570552222396,0.1745266363847141,0.0055007748294608515,0.005316002250161494,True,AP3.4,130.0,8.3,7.498198192099515e+19,$(U_{0.8}Pu_{0.2})N$,0.5500774829460852,0.14914360007938263,54.620635824798335,39.74937390864881,5.480846666473496,0.0,5.421151790739481e+17,9.048516238607629e-08,ok,
49,TRIAL_049,AP3.4,950.0,1.3,7.498198192099515e+19,0.0003532752029425975,519754.0997222178,43235270510889.76,7.789406175697652,21.253198700985447,2365717640302.848,1.0,40,TRIAL_049_AP3p4,rizk2025_refit_plot,rizk2025_refit_full,43235270510889.76,1.5901532355944595e+23,5.809848766509063e+25,4.269724892133026e+25,2.8267632070677085e+23,2.1909960083435774e+19,1.669606324010442,40.91380100868637,0.5510871473641834,0.6285497838080063,1.1796369311721895,0.04966565137182736,1.229302582544017,2168673700656.9727,5.4216842516424314e+17,90.42763030602323,0.04093337707143273,475410888635.4775,24550018.53401581,19364.991027471595,1331055633.3389583,1329654762.3678718,210834087.8217334,54260419.35161865,1.0010535599245265,3.885596358101939,0.14889650496022694,54.40143479991666,39.98024211437857,5.469426580744565,5.469426580744565,0.0,5.841121909839659e+24,5.841121909839659e+24,0.0,1.0679587381981997e+26,1.0679587381982e+26,1.0158918236236305,8.808075182764365e+16,0.00488960730738995,5.131666151261284e-07,6.297713103828577e-07,6.297713103828577e-07,0.006819553865800718,0.006819553865800718,3.8475858623145955e+20,8.818246508229583e-06,5934529.818796294,1.2999999999999998,43235270510889.76,0.0,1.949534173878836e-26,2.8687856181134643e-22,1.669606324010442e-09,4.0913801008686374e-08,1.9596359013785866e+25,9.092134080404121e+25,1.0095475190998034e+26,0.005510871473641834,0.6285497838080063,0.04966565137182736,0.011796369311721896,0.01229302582544017,10773629.814517811,10174.186447276832,9.160557691418819e-22,9.042763030602324e-08,1.8874843670134643e-14,0.8884192334405306,0.0,8.917422879351825e-19,1.625942817432566e-24,1.2665129023440468e-23,2.2845010932250072e-26,1.7995675661038836e+19,43235270510889.76,0.00595142493306789,0.001503774785514388,1.6017446446214957e-05,5.580333315102212e-06,1.6017446446214957e-05,5.580333315102212e-06,1.4957514828171968e-29,5.716267672451104e+18,8.719674590717878e+18,0.0023420281572441156,2.7593847959905615e-21,-24614.628367261965,2.100916483137808e+21,0.0,0.0,0.0,0.0,0.0,0.3333333333333333,0.3333333333333333,2.0,7.498646671560408e-30,4.074114265943587e-23,0.0,8.91742287927684e-19,,0.0,0.0,0.0,0.0,0.0,7.498646671560408e-30,8.91742287927684e-19,4.568712643848196e-05,1.8952376035557813e-17,2.284501093225007e-32,1.6259427945875551e-24,,,2.284501093225007e-32,1.6259427945875551e-24,,8.580369162343737e-08,3.303940622972829,41442482494623.99,1.009651884525649e-05,0.0014936782666691315,1.009651884525649e-05,0.0014936782666691315,0.00595142493306789,0.001503774785514388,False,False,1.0,1.4058945465201165,9.4536384873118e-09,0.19881920114870438,0.7057007678084583,1.0,1.370594019033776,2.216951886745859e-07,0.18549131468775393,0.7249541303812099,0.17663364352036842,0.18454965052140437,0.005510871473641834,0.006285497838080063,True,AP3.4,130.0,8.3,7.498198192099515e+19,$(U_{0.8}Pu_{0.2})N$,0.5510871473641834,0.14889650496022694,54.40143479991666,39.98024211437857,5.469426580744565,0.0,5.4216842516424314e+17,9.042763030602324e-08,ok,
49,TRIAL_049,AP3.4,1000.0,1.3,7.498198192099515e+19,0.0003532752029425975,519754.0997222178,43235270510889.76,7.789406175697652,21.253198700985447,2365717640302.848,1.0,40,TRIAL_049_AP3p4,rizk2025_refit_plot,rizk2025_refit_full,43235270510889.76,1.5876271088740344e+23,5.786169799736632e+25,4.29466721598909e+25,2.8124605771082524e+23,2.1801651100781236e+19,1.673365596116257,43.476622641573044,0.5520107815561763,0.750490836484197,1.3025016180403735,0.04963318907366609,1.3521348071140395,2168742095816.5244,5.421855239541311e+17,90.40697394101274,0.04091596875974552,90531626105.72441,24555627.77102206,3686.797460440421,1327322513.5777733,1326667648.2129407,153833659.44233856,51061923.97468336,1.0004936167439635,3.0126882707868528,0.14865996710252966,54.17971306174932,40.213793495756335,5.457833475391825,5.457833475391825,0.0,5.828740951675348e+24,5.828740951675348e+24,0.0,1.0679587381981997e+26,1.0679587381981997e+26,1.0190167716664806,8.780127271079938e+16,0.004884754798594398,5.076648270869444e-07,8.371122649230302e-07,8.371122649230302e-07,0.008138816796843164,0.008138816796843164,4.848883202227706e+20,9.950287535605925e-06,5934529.818796294,1.2999999999999998,43235270510889.76,0.0,1.9627325127655622e-26,3.442357796732671e-22,1.6733655961162572e-09,4.347662264157305e-08,2.0601454129717886e+25,1.3193539082648271e+26,1.0096713286814462e+26,0.005520107815561764,0.750490836484197,0.04963318907366609,0.013025016180403734,0.013521348071140395,10750454.76899981,56118.96818300884,9.154281492374381e-22,9.040697394101274e-08,1.886622150170456e-14,0.8886148685895495,0.0,8.917422880879538e-19,4.0377712245259814e-24,3.145184011237695e-23,6.972208708889678e-25,1.7995675661038836e+19,43235270510889.76,0.00593314673472496,0.0015006430546444626,1.600696289764773e-05,5.527311096386267e-06,1.600696289764773e-05,5.527311096386267e-06,1.9971862366553358e-29,6.100464710701155e+18,1.2382231884749378e+19,0.012925128078259294,2.760629823363216e-21,-24627.832349454184,2.098253531722694e+21,0.0,0.0,0.0,0.0,0.0,0.3333333333333333,0.3333333333333333,2.0,1.6026995865756309e-28,5.104196168274582e-22,0.0,8.91742287927684e-19,,0.0,0.0,0.0,0.0,0.0,1.6026995865756309e-28,8.91742287927684e-19,0.0005723846717215622,1.895237603880469e-17,6.972208708889678e-31,4.0377705273051104e-24,,,6.972208708889678e-31,4.0377705273051104e-24,,8.580369162343737e-08,3.303940622972829,41339606125336.4,1.0672678457039182e-05,0.0014899703761874234,1.0672678457039182e-05,0.0014899703761874234,0.00593314673472496,0.0015006430546444626,False,False,1.0,1.4060592196125539,9.469640013485846e-09,0.19888013754124556,0.7056129774659791,1.0,1.4002540327149648,2.2206164740898606e-07,0.1967251672550729,0.7087189589510271,0.17673226906647582,0.19578607407697682,0.005520107815561764,0.00750490836484197,True,AP3.4,130.0,8.3,7.498198192099515e+19,$(U_{0.8}Pu_{0.2})N$,0.5520107815561763,0.14865996710252966,54.17971306174932,40.213793495756335,5.457833475391825,0.0,5.421855239541311e+17,9.040697394101274e-08,ok,
49,TRIAL_049,AP3.4,1050.0,1.3,7.498198192099515e+19,0.0003532752029425975,519754.0997222178,43235270510889.76,7.789406175697652,21.253198700985447,2365717640302.848,1.0,40,TRIAL_049_AP3p4,rizk2025_refit_plot,rizk2025_refit_full,43235270510889.76,1.5852427471991574e+23,5.7640395563501725e+25,4.318017789546998e+25,2.7985987697194905e+23,2.167301599949542e+19,1.677180671977064,46.20666243827116,0.5530556009196055,0.8956158298363134,1.4486714307559188,0.049859344119708424,1.4985307748756271,2168167953486.483,5.4204198837162074e+17,90.55207137500557,0.041036542505447575,20234013796.882942,24516280.70225206,825.3296673595457,1323993793.1715446,1323649882.8614924,118424820.41881384,48045019.545953214,1.0002598196959067,2.4648719375698254,0.14843670363835315,53.97249303914998,40.43244027229101,5.446629984920677,5.446629984920677,0.0,5.816776086128366e+24,5.816776086128366e+24,0.0,1.0679587381981997e+26,1.0679587381981999e+26,1.0227539346088848,8.75378970157631e+16,0.004879317161514537,5.01940942089986e-07,1.076501520062871e-06,1.076501520062871e-06,0.009712858500295697,0.009712858500295697,6.024348604370473e+20,1.1283978241291886e-05,5934529.818796294,1.2999999999999998,43235270510889.76,0.0,1.9761875367902037e-26,4.132400538333772e-22,1.6771806719770641e-09,4.620666243827116e-08,2.160297010640694e+25,1.8093148749639823e+26,1.0097909773369162e+26,0.005530556009196054,0.8956158298363134,0.049859344119708424,0.014486714307559188,0.014985307748756272,10731227.858570283,263172.09392092534,9.19842838550086e-22,9.055207137500557e-08,1.8926828265061068e-14,0.8872617073561879,0.0,8.917422904866655e-19,9.072820167908718e-24,7.067188144690237e-23,1.5366002896313798e-23,1.7995675661038836e+19,43235270510889.76,0.0059158548827527345,0.0014973813814405073,1.5996336792479543e-05,5.477087640351256e-06,1.5996336792479543e-05,5.477087640351256e-06,2.579371326733718e-29,6.48427535032399e+18,1.6603957906498521e+19,0.060669541367252576,2.7732395319737625e-21,-24723.466796973786,2.0957388040098315e+21,0.0,0.0,0.0,0.0,0.0,0.3333333333333333,0.3333333333333333,2.0,2.558981501392922e-27,2.7724222720096643e-21,0.0,8.91742287927684e-19,,0.0,0.0,0.0,0.0,0.0,2.558981501392922e-27,8.91742287927684e-19,0.003108994943479269,1.8952376089784987e-17,1.5366002896313797e-29,9.072804801905822e-24,,,1.5366002896313797e-29,9.072804801905822e-24,,8.580369162343737e-08,3.303940622972829,41232462291787.984,1.1272700796067694e-05,0.0014861086806444396,1.1272700796067694e-05,0.0014861086806444396,0.0059158548827527345,0.0014973813814405073,False,False,1.0,1.4062613389701737,9.485252352411045e-09,0.19895491540822707,0.7055052489019725,1.0,1.432735816519794,2.2250004697055832e-07,0.20860637479378805,0.6916293599388165,0.176843702227101,0.20767007528721565,0.005530556009196054,0.008956158298363133,True,AP3.4,130.0,8.3,7.498198192099515e+19,$(U_{0.8}Pu_{0.2})N$,0.5530556009196055,0.14843670363835315,53.97249303914998,40.43244027229101,5.446629984920677,0.0,5.4204198837162074e+17,9.055207137500557e-08,ok,
49,TRIAL_049,AP3.4,1100.0,1.3,7.498198192099515e+19,0.0003532752029425975,519754.0997222178,43235270510889.76,7.789406175697652,21.253198700985447,2365717640302.848,1.0,40,TRIAL_049_AP3p4,rizk2025_refit_plot,rizk2025_refit_full,43235270510889.76,1.583003761530132e+23,5.744384698531133e+25,4.338814129570296e+25,2.7855629866467384e+23,2.152674465900257e+19,1.681077061846575,49.00285951988403,0.5543249918043228,1.0610387370668903,1.6153637288712128,0.05104634017419765,1.6664100690454104,2165279474747.665,5.413198686869162e+17,91.30559541422453,0.0416667673752332,5189945157.832918,24313953.486952953,213.4554201815793,1320783362.358056,1320581935.4654965,95189843.75931907,45303478.64902016,1.0001525288868112,2.1011597033592886,0.1482270526856578,53.78845167953528,40.627170080470535,5.436151187308535,5.436151187308535,0.0,5.805585162652668e+24,5.805585162652668e+24,0.0,1.0679587381981997e+26,1.0679587381981997e+26,1.027037929507258,8.729094939264747e+16,0.004873179114809784,4.961642708091151e-07,1.341275203816232e-06,1.341275203816232e-06,0.011513584764837954,0.011513584764837954,7.348980112431906e+20,1.2821637491544541e-05,5934529.818796294,1.2999999999999998,43235270510889.76,0.0,1.9899926674126992e-26,4.928932608596534e-22,1.681077061846575e-09,4.900285951988404e-08,2.2609334255693285e+25,2.3694976328670646e+26,1.009902886571673e+26,0.005543249918043228,1.0610387370668903,0.05104634017419765,0.01615363728871213,0.016664100690454105,10724869.893904543,1074249.3783681614,9.429977195926902e-22,9.130559541422453e-08,1.9243135983676618e-14,0.8802584441719928,0.0,8.91742319689036e-19,1.8732291689893137e-23,1.459134285742234e-22,2.556484784617257e-22,1.7995675661038836e+19,43235270510889.76,0.005900448706773952,0.001494128269602577,1.598549759937094e-05,5.431269449662976e-06,1.598549759937094e-05,5.431269449662976e-06,3.226474950821781e-29,6.858171251702692e+18,2.1246577488075158e+19,0.24823226794016262,2.8278299702292005e-21,-25123.030911213715,2.0933794004047946e+21,0.0,0.0,0.0,0.0,0.0,0.3333333333333333,0.3333333333333333,2.0,3.1761352235744896e-26,7.906038402206534e-21,0.0,8.91742287927684e-19,,0.0,0.0,0.0,0.0,0.0,3.1761352235744896e-26,8.91742287927684e-19,0.00886583290671176,1.895237671042877e-17,2.556484784617257e-28,1.8732036041414675e-23,,,2.556484784617257e-28,1.8732036041414675e-23,,8.580369162343737e-08,3.303940622972829,41125599607772.93,1.1871106720831374e-05,0.0014822571628817457,1.1871106720831374e-05,0.0014822571628817457,0.005900448706773952,0.001494128269602577,False,False,1.0,1.4065333624192775,9.500028737213362e-09,0.1990555289796917,0.7053603054556502,1.0,1.466947597354856,2.2300278965704097e-07,0.22067400079416277,0.6743620813309369,0.17697889794971827,0.21974065424495123,0.005543249918043228,0.010610387370668902,True,AP3.4,130.0,8.3,7.498198192099515e+19,$(U_{0.8}Pu_{0.2})N$,0.5543249918043228,0.1482270526856578,53.78845167953528,40.627170080470535,5.436151187308535,0.0,5.413198686869162e+17,9.130559541422453e-08,ok,
49,TRIAL_049,AP3.4,1150.0,1.3,7.498198192099515e+19,0.0003532752029425975,519754.0997222178,43235270510889.76,7.789406175697652,21.253198700985447,2365717640302.848,1.0,40,TRIAL_049_AP3p4,rizk2025_refit_plot,rizk2025_refit_full,43235270510889.76,1.5808964982331873e+23,5.727491171599294e+25,4.356755734806904e+25,2.7735055730679875e+23,2.1366034013875425e+19,1.6850571171784963,51.790890364118006,0.5558550190819469,1.2432906182942987,1.7991456373762453,0.05540281324811875,1.8545484506243641,2155114284965.4731,5.387785712413683e+17,93.97976324761447,0.043935954103945435,1497971250.8927908,23622106.752395455,63.41395653632314,1317593626.8425457,1317462759.7889538,79240428.58510788,42864681.11268599,1.0000993326396663,1.848618175341011,0.14802973576492173,53.630266476983905,40.795169129449505,5.42653465780169,5.42653465780169,0.0,5.795315105934692e+24,5.795315105934692e+24,0.0,1.0679587381981997e+26,1.0679587381981999e+26,1.0317877457462032,8.705887704680987e+16,0.004866365837686369,4.90432611944713e-07,1.6239234008708896e-06,1.6239234008708896e-06,0.013506789220005649,0.013506789220005649,8.794044918333928e+20,1.4550562809453015e-05,5934529.818796294,1.2999999999999998,43235270510889.76,0.0,2.0041604548393712e-26,5.819005143803885e-22,1.6850571171784964e-09,5.179089036411801e-08,2.3624571796019242e+25,2.9881156236114448e+26,1.010005587138853e+26,0.0055585501908194685,1.2432906182942987,0.05540281324811875,0.017991456373762454,0.01854548450624364,10756394.95569032,3902512.1555892383,1.0283039490688792e-21,9.397976324761448e-08,2.0386832573312616e-14,0.8559645090925426,0.0,8.917426046035813e-19,3.5983582073279434e-23,2.8029073642532614e-22,3.330768464716398e-21,1.7995675661038836e+19,43235270510889.76,0.005887267874207904,0.0014909814621162387,1.597443964501399e-05,5.390367233002764e-06,1.597443964501399e-05,5.390367233002764e-06,3.9202730892061326e-29,7.222137152929426e+18,2.6156875387903504e+19,0.907994028188521,3.0201283342517303e-21,-26504.254030785778,2.0911631580068777e+21,0.0,0.0,0.0,0.0,0.0,0.3333333333333333,0.3333333333333333,2.0,3.1667589742037936e-25,1.3686836891524853e-20,0.0,8.91742287927684e-19,,0.0,0.0,0.0,0.0,0.0,3.1667589742037936e-25,8.91742287927684e-19,0.015348416483486569,1.8952382765774213e-17,3.330768464716398e-27,3.5980251304814716e-23,,,3.330768464716398e-27,3.5980251304814716e-23,,8.580369162343737e-08,3.303940622972829,41022216349058.49,1.2449987119117515e-05,0.0014785314749971212,1.2449987119117515e-05,0.0014785314749971212,0.005887267874207904,0.0014909814621162387,False,False,1.0,1.406886576173224,9.513778382369246e-09,0.19918612691133042,0.705172175694955,1.0,1.5020005961407557,2.2356044190963404e-07,0.2325937549268256,0.6574010117978262,0.17714157856254317,0.23166346732625692,0.0055585501908194685,0.012432906182942986,True,AP3.4,130.0,8.3,7.498198192099515e+19,$(U_{0.8}Pu_{0.2})N$,0.5558550190819469,0.14802973576492173,53.630266476983905,40.795169129449505,5.42653465780169,0.0,5.387785712413683e+17,9.397976324761448e-08,ok,
49,TRIAL_049,AP3.4,1200.0,1.3,7.498198192099515e+19,0.0003532752029425975,519754.0997222178,43235270510889.76,7.789406175697652,21.253198700985447,2365717640302.848,1.0,40,TRIAL_049_AP3p4,rizk2025_refit_plot,rizk2025_refit_full,43235270510889.76,1.578898105535965e+23,5.713268013390379e+25,4.371933029872865e+25,2.7624275881134585e+23,2.119415000240671e+19,1.6891137939416658,54.52119282015968,0.5576429776992935,1.4388007630321435,1.996443740731437,0.06924203303044138,2.065685773761879,2124961706298.032,5.3124042657450797e+17,101.70760087165648,0.05073865975648881,477840349.6122089,21827277.223866384,21.891889891320417,1314392208.2155082,1314298662.3887985,67873106.16275881,40718111.34658697,1.0000711754712888,1.666902120902226,0.14784261311441618,53.49708569293122,40.93728412437494,5.4177875695794215,5.4177875695794215,0.0,5.78597357663393e+24,5.78597357663393e+24,0.0,1.0679587381981997e+26,1.0679587381981997e+26,1.03691836127792,8.683927682165053e+16,0.00485896083859032,4.847988619710759e-07,1.91689007277427e-06,1.91689007277427e-06,0.01565691925472629,0.01565691925472629,1.0330256981917447e+21,1.645062097160611e-05,5934529.818796294,1.2999999999999998,43235270510889.76,0.0,2.0186700281259643e-26,6.788669339741201e-22,1.6891137939416659e-09,5.4521192820159686e-08,2.4650403349519547e+25,3.652920193687431e+26,1.0100990024318604e+26,0.005576429776992935,1.4388007630321435,0.06924203303044138,0.01996443740731437,0.020656857737618786,10891440.649467273,12926082.337543048,1.3034029333370018e-21,1.0170760087165648e-07,2.3877446641089055e-14,0.7906286264098727,0.0,8.917448947096045e-19,6.498475563709372e-23,5.061926568857806e-22,3.503783313863259e-20,1.7995675661038836e+19,43235270510889.76,0.005876314066180461,0.0014880040964652663,1.596318343702863e-05,5.35425379712794e-06,1.596318343702863e-05,5.35425379712794e-06,4.6421988192561684e-29,7.579713053333662e+18,3.1184622436869472e+19,3.0650995758410255,3.6164925336277e-21,-30594.215013797213,2.0890699923807734e+21,0.0,0.0,0.0,0.0,0.0,0.3333333333333333,0.3333333333333333,2.0,2.6067819204802983e-24,1.6077228463606983e-20,0.0,8.91742287927684e-19,,0.0,0.0,0.0,0.0,0.0,2.6067819204802983e-24,8.91742287927684e-19,0.018028954871496642,1.895243143785257e-17,3.503783313863259e-26,6.494971780395508e-23,,,3.503783313863259e-26,6.494971780395508e-23,,8.580369162343737e-08,3.303940622972829,40924290657462.234,1.2998292151295272e-05,0.001475005804313971,1.2998292151295272e-05,0.001475005804313971,0.005876314066180461,0.0014880040964652663,False,False,1.0,1.4073199550164779,9.526481485788936e-09,0.1993462949382816,0.7049414633482928,1.0,1.5372265101036835,2.2416309130056118e-07,0.24414769124652344,0.6410550525343549,0.17733130599045066,0.24322052401516192,0.005576429776992935,0.014388007630321435,True,AP3.4,130.0,8.3,7.498198192099515e+19,$(U_{0.8}Pu_{0.2})N$,0.5576429776992935,0.14784261311441618,53.49708569293122,40.93728412437494,5.4177875695794215,0.0,5.3124042657450797e+17,1.0170760087165649e-07,ok,
49,TRIAL_049,AP3.4,1250.0,1.3,7.498198192099515e+19,0.0003532752029425975,519754.0997222178,43235270510889.76,7.789406175697652,21.253198700985447,2365717640302.848,1.0,40,TRIAL_049_AP3p4,rizk2025_refit_plot,rizk2025_refit_full,43235270510889.76,1.5769715695848013e+23,5.701411513768229e+25,4.384657019292134e+25,2.7522259612006003e+23,2.1013827149764694e+19,1.6932389961558747,57.16801208375914,0.5596641419583902,1.6445725493922414,2.2042366913506317,0.10905812138538092,2.3132948127360127,2050331662581.1362,5.1258291564528403e+17,119.75449043984082,0.06787171071397022,166321131.54360363,18537926.98583797,8.971937998820714,1311169276.891952,1311096664.4638,59495471.49429059,38832905.30983287,1.0000553829706995,1.532089114105654,0.14766221888360404,53.38606548963991,41.056427205134185,5.409845086342297,5.409845086342297,0.0,5.77749133225785e+24,5.77749133225785e+24,0.0,1.0679587381981997e+26,1.0679587381981997e+26,1.0423580568005195,8.662912552123678e+16,0.004851047243311105,4.792797206752952e-07,2.2136403251257517e-06,2.2136403251257517e-06,0.01793420107012666,0.01793420107012666,1.1932678121916046e+21,1.8503426314644267e-05,5934529.818796294,1.2999999999999998,43235270510889.76,0.0,2.0334963402287237e-26,7.826144841067929e-22,1.693238996155875e-09,5.716801208375914e-08,2.5687201902016105e+25,4.353563585305039e+26,1.0101838248756212e+26,0.005596641419583902,1.6445725493922414,0.10905812138538092,0.022042366913506316,0.023132948127360126,11271330.268556923,40033256.552429855,2.1276191237877885e-21,1.1975449043984082e-07,3.310279597815282e-14,0.6617880498543044,0.0,8.917604161498658e-19,1.114133094756206e-22,8.678435208843129e-22,3.0533079764031823e-19,1.7995675661038836e+19,43235270510889.76,0.0058674268083682615,0.0014852420477102024,1.5951752318413607e-05,5.322450485398823e-06,1.5951752318413607e-05,5.322450485398823e-06,5.376056168712678e-29,7.934177160820449e+18,3.6202810250854232e+19,9.927276863115917,5.281146588199272e-21,-40723.456225154434,2.0870816113982072e+21,0.0,0.0,0.0,0.0,0.0,0.3333333333333333,0.3333333333333333,2.0,1.8128222181985484e-23,1.3964045536228772e-20,0.0,8.91742287927684e-19,,0.0,0.0,0.0,0.0,0.0,1.8128222181985484e-23,8.91742287927684e-19,0.015658965438853957,1.895276131810657e-17,3.0533079764031822e-25,1.111079786779803e-22,,,3.0533079764031822e-25,1.111079786779803e-22,,8.580369162343737e-08,3.303940622972829,40832715785771.56,1.3511196884810648e-05,0.0014717308508253918,1.3511196884810648e-05,0.0014717308508253918,0.0058674268083682615,0.0014852420477102024,False,False,1.0,1.4078253708908195,9.538239784912232e-09,0.19953298862909347,0.7046725617530641,1.0,1.5722098436102752,2.2480237688933554e-07,0.2552267408246787,0.6254727116668586,0.17754529209426112,0.2543027240534059,0.005596641419583902,0.016445725493922415,True,AP3.4,130.0,8.3,7.498198192099515e+19,$(U_{0.8}Pu_{0.2})N$,0.5596641419583902,0.14766221888360404,53.38606548963991,41.056427205134185,5.409845086342297,0.0,5.1258291564528403e+17,1.1975449043984084e-07,ok,
49,TRIAL_049,AP3.4,1300.0,1.3,7.498198192099515e+19,0.0003532752029425975,519754.0997222178,43235270510889.76,7.789406175697652,21.253198700985447,2365717640302.848,1.0,40,TRIAL_049_AP3p4,rizk2025_refit_plot,rizk2025_refit_full,43235270510889.76,1.5750120886753752e+23,5.691402919402036e+25,4.395457075616257e+25,2.7426366208812816e+23,2.0825826135467143e+19,1.6974364057782942,59.739505909955,0.5618720350205949,1.859840611329681,2.421712646350276,0.21225029517964203,2.633962941529918,1902140084379.645,4.755350210949113e+17,153.30245541293874,0.10318623882773867,63452092.56502123,14481177.05629803,4.381694410498571,1307914747.122568,1307854593.2223625,53081795.144832924,37161338.4842217,1.0000459943334046,1.4284145111557507,0.14747873979968998,53.29234843851976,41.157555235064855,5.4026175866157,5.4026175866157,0.0,5.769772660769506e+24,5.769772660769506e+24,0.0,1.0679587381981997e+26,1.0679587381981997e+26,1.0480928996487155,8.642286636760534e+16,0.00484260681583893,4.7382518634722057e-07,2.5106398899343403e-06,2.5106398899343403e-06,0.020333130276628746,0.020333130276628746,1.3592620243937772e+21,2.071098365908919e-05,5934529.818796294,1.2999999999999998,43235270510889.76,0.0,2.0486565035365515e-26,8.930452982906184e-22,1.6974364057782943e-09,5.9739505909955e-08,2.6734151832361516e+25,5.087271971736165e+26,1.0102610115905046e+26,0.005618720350205949,1.859840611329681,0.21225029517964203,0.02421712646350276,0.02633962941529918,12133223.432176882,117478058.5060123,4.463399870969321e-21,1.5330245541293874e-07,5.4247444588914884e-14,0.48613427861604663,0.0,8.918508847779603e-19,1.836266039909085e-22,1.4303422031491698e-21,2.2525702314749626e-18,1.7995675661038836e+19,43235270510889.76,0.005860468054007488,0.0014827860369126188,1.5940136947134696e-05,5.294182998140459e-06,1.5940136947134696e-05,5.294182998140459e-06,6.113029853619456e-29,8.28782562222274e+18,4.113992674483261e+19,31.763883474947583,9.5318101390768e-21,-60645.23987515898,2.085200341952201e+21,0.0,0.0,0.0,0.0,0.0,0.3333333333333333,0.3333333333333333,2.0,1.085968502764781e-22,9.588632660122313e-21,0.0,8.91742287927684e-19,,0.0,0.0,0.0,0.0,0.0,1.085968502764781e-22,8.91742287927684e-19,0.010751385488067937,1.8954684065835667e-17,2.2525702314749626e-24,1.8137403375943355e-22,,,2.2525702314749626e-24,1.8137403375943355e-22,,8.580369162343737e-08,3.303940622972829,40747104913268.72,1.3991859766895669e-05,0.0014687941771457233,1.3991859766895669e-05,0.0014687941771457233,0.005860468054007488,0.0014827860369126188,False,False,1.0,1.4083873150750992,9.54934536321293e-09,0.19974043964789576,0.7043737871097595,1.0,1.606968240738952,2.2547672295985188e-07,0.2658675723554344,0.6105951413873543,0.17777845970948108,0.264946737192791,0.005618720350205949,0.01859840611329681,True,AP3.4,130.0,8.3,7.498198192099515e+19,$(U_{0.8}Pu_{0.2})N$,0.5618720350205949,0.14747873979968998,53.29234843851976,41.157555235064855,5.4026175866157,0.0,4.755350210949113e+17,1.5330245541293874e-07,ok,
49,TRIAL_049,AP3.4,1350.0,1.3,7.498198192099515e+19,0.0003532752029425975,519754.0997222178,43235270510889.76,7.789406175697652,21.253198700985447,2365717640302.848,1.0,40,TRIAL_049_AP3p4,rizk2025_refit_plot,rizk2025_refit_full,43235270510889.76,1.5725969069013858e+23,5.682161923964902e+25,4.405420041439469e+25,2.732858373665963e+23,2.0624691789577376e+19,1.701768094014189,62.31969192435468,0.564165943176155,2.0909900673099506,2.6551560104861056,0.442858585164305,3.0980145956504104,1673590028209.9224,4.1839750705248064e+17,204.4337077696897,0.1614489234287884,27270427.819634713,10859265.941118678,2.5112588610962248,1304577696.4345508,1304525574.2005293,47835810.55585769,35622769.167323485,1.0000399549346155,1.34284368324002,0.14725259044694775,53.20581892097749,41.25084503612984,5.396083452445735,5.396083452445735,0.0,5.762794475086133e+24,5.762794475086133e+24,0.0,1.0679587381981997e+26,1.0679587381981999e+26,1.0543015751161355,8.620269609635058e+16,0.004833144766722587,4.6818824644768174e-07,2.8115120836812394e-06,2.8115120836812394e-06,0.02292872601942783,0.02292872601942783,1.5350334488185484e+21,2.3153004637730975e-05,5934529.818796294,1.2999999999999998,43235270510889.76,0.0,2.0643804619094135e-26,1.0138285161510273e-21,1.7017680940141892e-09,6.231969192435468e-08,2.778821093961382e+25,5.8755850430474004e+26,1.0103307934473385e+26,0.0056416594317615495,2.0909900673099506,0.442858585164305,0.026551560104861056,0.030980145956504106,13773491.423703179,322232263.8184677,1.0584637281520804e-20,2.044337077696897e-07,9.646862176961864e-14,0.3167157096797788,0.0,8.92312044658399e-19,2.985052251919346e-22,2.3251784445880735e-21,1.4331663655150738e-17,1.7995675661038836e+19,43235270510889.76,0.005855857009880893,0.0014810424912253398,1.592816681055154e-05,5.268107729488041e-06,1.592816681055154e-05,5.268107729488041e-06,6.862275570099387e-29,8.642520243638912e+18,4.604050158475175e+19,100.07977197212107,1.9638215166543074e-20,-90551.29137258249,2.0835211833764028e+21,0.0,0.0,0.0,0.0,0.0,0.3333333333333333,0.3333333333333333,2.0,5.697567307150379e-22,5.485421362683377e-21,0.0,8.91742287927684e-19,,0.0,0.0,0.0,0.0,0.0,5.697567307150379e-22,8.91742287927684e-19,0.006147424990529343,1.8964485188407555e-17,1.433166365515074e-23,2.8417356153678383e-22,,,1.433166365515074e-23,2.8417356153678383e-22,,8.580369162343737e-08,3.303940622972829,40664704924287.1,1.4460601770729969e-05,0.0014665818894546098,1.4460601770729969e-05,0.0014665818894546098,0.005855857009880893,0.0014810424912253398,False,False,1.0,1.4089709611670336,9.560723051843462e-09,0.1999557648210867,0.7040636992446172,1.0,1.6425890742457336,2.262072290291309e-07,0.27641481482027686,0.5959375354434305,0.17802006498299017,0.27549728499799503,0.0056416594317615495,0.020909900673099505,True,AP3.4,130.0,8.3,7.498198192099515e+19,$(U_{0.8}Pu_{0.2})N$,0.564165943176155,0.14725259044694775,53.20581892097749,41.25084503612984,5.396083452445735,0.0,4.1839750705248064e+17,2.0443370776968972e-07,ok,
49,TRIAL_049,AP3.4,1400.0,1.3,7.498198192099515e+19,0.0003532752029425975,519754.0997222178,43235270510889.76,7.789406175697652,21.253198700985447,2365717640302.848,1.0,40,TRIAL_049_AP3p4,rizk2025_refit_plot,rizk2025_refit_full,43235270510889.76,1.5680040761705826e+23,5.6708983243321774e+25,4.417304433425204e+25,2.7201831673885873e+23,2.03888825638068e+19,1.7065377999837832,65.1629719855,0.5662842663087475,2.363114062164712,2.9293983284734595,0.8603651090156255,3.7897634374890856,1405010134883.0603,3.5125253372076506e+17,270.4051467338947,0.23713214346247707,13713863.66690323,8209902.906118496,1.6704050978097271,1300925729.664697,1300879476.5759635,42956632.21261596,34068427.70299048,1.0000355552451754,1.2608927123703242,0.14682253350125038,53.10035043020295,41.36212641396458,5.390700622331226,5.390700622331226,0.0,5.757045834629107e+24,5.757045834629107e+24,0.0,1.0679587381981997e+26,1.0679587381981999e+26,1.0616789745710353,8.590037398645307e+16,0.004820222641506344,4.615905251545018e-07,3.1307935698067815e-06,3.1307935698067815e-06,0.026011642942902622,0.026011642942902622,1.735828263274602e+21,2.6137712502817475e-05,5934529.818796294,1.2999999999999998,43235270510889.76,0.0,2.081787260129207e-26,1.1590208805065066e-21,1.7065377999837832e-09,6.51629719855e-08,2.8841015994146842e+25,6.803592654443731e+26,1.0103882798519088e+26,0.005662842663087475,2.363114062164712,0.8603651090156255,0.029293983284734596,0.037897634374890854,16390047.848610768,790736145.939156,2.4494203640381115e-20,2.7040514673389467e-07,1.68776108851495e-13,0.1926430930355515,0.0,8.943977631537627e-19,5.093242848331348e-22,3.96733372971201e-21,7.989389038480301e-17,1.7995675661038836e+19,43235270510889.76,0.005856891845178296,0.001481861314357226,1.5915006101301917e-05,5.241709583121184e-06,1.5915006101301917e-05,5.241709583121184e-06,7.661099179228098e-29,9.000973543841152e+18,5.109584666269383e+19,296.4690650648639,4.169895323919644e-20,-125142.75863234795,2.0825140586254675e+21,0.0,0.0,0.0,0.0,0.0,0.3333333333333333,0.3333333333333333,2.0,2.6554752260788454e-21,2.7246350804779008e-21,0.0,8.91742287927684e-19,,0.0,0.0,0.0,0.0,0.0,2.6554752260788454e-21,8.91742287927684e-19,0.0030463348553897134,1.900881337802384e-17,7.989389038480301e-23,4.2943039444833175e-22,,,7.989389038480301e-23,4.2943039444833175e-22,,8.580369162343737e-08,3.303940622972829,40578151762804.62,1.498024585408281e-05,0.001466881068503143,1.498024585408281e-05,0.001466881068503143,0.005856891845178296,0.001481861314357226,False,False,1.0,1.4094819307236268,9.575552490388309e-09,0.2001441625001129,0.7037924122361834,1.0,1.682681183034288,2.2707587392689963e-07,0.28787832723932916,0.5801113134973546,0.17824259585744137,0.2869645357630566,0.005662842663087475,0.02363114062164712,True,AP3.4,130.0,8.3,7.498198192099515e+19,$(U_{0.8}Pu_{0.2})N$,0.5662842663087475,0.14682253350125038,53.10035043020295,41.36212641396458,5.390700622331226,0.0,3.5125253372076506e+17,2.704051467338947e-07,ok,
49,TRIAL_049,AP3.4,1450.0,1.3,7.498198192099515e+19,0.0003532752029425975,519754.0997222178,43235270510889.76,7.789406175697652,21.253198700985447,2365717640302.848,1.0,40,TRIAL_049_AP3p4,rizk2025_refit_plot,rizk2025_refit_full,43235270510889.76,1.5548539846336362e+23,5.650487349516626e+25,4.43800634591685e+25,2.6959185508529763e+23,2.007584415260276e+19,1.7129376972963128,68.69656888412439,0.5675708442559441,2.7262618353760626,3.2938326796320068,1.4330092662619114,4.726841945893918,1165844005537.5852,2.914610013843963e+17,341.1012891172161,0.31310372073082454,8324669.490592314,6508330.72412435,1.2790790516737822,1296060702.0773726,1296019115.8756273,37822514.75015286,32316024.454505716,1.000032087645341,1.1703950404976067,0.14559120395015437,52.909229049895806,41.55597203506576,5.389207711088276,5.389207711088276,0.0,5.755451467021843e+24,5.755451467021843e+24,0.0,1.0679587381981997e+26,1.0679587381981997e+26,1.0716405450220126,8.526613135529178e+16,0.004794360141639336,4.523838661053124e-07,3.4615640248590748e-06,3.4615640248590748e-06,0.03017360498496581,0.03017360498496581,1.9823896828415317e+21,3.0372923543371485e-05,5934529.818796294,1.2999999999999998,43235270510889.76,0.0,2.1052967051855748e-26,1.3579811711292911e-21,1.712937697296313e-09,6.869656888412439e-08,2.9875262426320458e+25,8.040604162934572e+26,1.0104042235279813e+26,0.00567570844255944,2.7262618353760626,1.4330092662619114,0.03293832679632007,0.047268419458939184,19746900.750646938,1625485530.2443843,4.9166415385088615e-20,3.411012891172161e-07,2.6856399247551865e-13,0.11920561934600793,0.0,9.028722799084174e-19,1.0241072151243713e-21,7.9771870660663e-21,3.956100289530877e-16,1.7995675661038836e+19,43235270510889.76,0.0058792045168434256,0.0014927859356530006,1.5897380035659145e-05,5.211880267588178e-06,1.5897380035659145e-05,5.211880267588178e-06,8.496162790034005e-29,9.369221909349655e+18,5.6046269442015126e+19,754.7797016909409,8.241780189849413e-20,-158166.42711725828,2.0840089070291743e+21,0.0,0.0,0.0,0.0,0.0,0.3333333333333333,0.3333333333333333,2.0,1.1129991980733449e-20,1.2141082623128306e-21,0.0,8.91742287927684e-19,,0.0,0.0,0.0,0.0,0.0,1.1129991980733449e-20,8.91742287927684e-19,0.0013447176187931956,1.9188923966505344e-17,3.9561002895308766e-22,6.284971861712836e-22,,,3.9561002895308766e-22,6.284971861712836e-22,,8.580369162343737e-08,3.303940622972829,40477064206033.64,1.5694900519065864e-05,0.0014770910351339346,1.5694900519065864e-05,0.0014770910351339346,0.0058792045168434256,0.0014927859356530006,False,False,1.0,1.4096700241358566,9.60419938628543e-09,0.2002134867410223,0.7036925927707695,1.0,1.7336869370186598,2.2824995158811385e-07,0.3018786375849458,0.5609372511872962,0.17837748072848097,0.3009695239386294,0.00567570844255944,0.027262618353760627,True,AP3.4,130.0,8.3,7.498198192099515e+19,$(U_{0.8}Pu_{0.2})N$,0.5675708442559441,0.14559120395015437,52.909229049895806,41.55597203506576,5.389207711088276,0.0,2.914610013843963e+17,3.411012891172161e-07,ok,
49,TRIAL_049,AP3.4,1500.0,1.3,7.498198192099515e+19,0.0003532752029425975,519754.0997222178,43235270510889.76,7.789406175697652,21.253198700985447,2365717640302.848,1.0,40,TRIAL_049_AP3p4,rizk2025_refit_plot,rizk2025_refit_full,43235270510889.76,1.5126024866915536e+23,5.60316833135108e+25,4.48434230966356e+25,2.6344593085779036e+23,1.9672391779639116e+19,1.7250015231105411,72.93854064188923,0.5664330074711866,3.197547341804979,3.763980349276166,2.0039475293981734,5.767927878674339,1000133629762.528,2.50033407440632e+17,401.44243744633667,0.3720365904721937,6112054.5165896,5530058.0928162625,1.1052423706957746,1286993903.2604342,1286955385.4056156,32974811.1892813,30436583.738351285,1.0000299294406436,1.0833939667063144,0.14163491833434802,52.46614996385003,41.98984613609035,5.402368981725289,5.402368981725289,0.0,5.769507161004432e+24,5.769507161004432e+24,0.0,1.0679587381981997e+26,1.0679587381981999e+26,1.0847707493023424,8.349013094295184e+16,0.004724301860375204,4.387122631291712e-07,3.646109148707692e-06,3.646109148707692e-06,0.03566076828503152,0.03566076828503152,2.2295194456639818e+21,3.64792356708989e-05,5934529.818796294,1.2999999999999998,43235270510889.76,0.0,2.150092072505574e-26,1.6253983641757451e-21,1.7250015231105412e-09,7.293854064188923e-08,3.0862535430284503e+25,9.640306914537013e+26,1.0102636665881555e+26,0.0056643300747118664,3.197547341804979,2.0039475293981734,0.03763980349276166,0.05767927878674339,23074945.14457771,2676257388.278851,8.014719112580951e-20,4.014424374463367e-07,3.7198688195349473e-13,0.08181531834053624,0.0,9.341414501778096e-19,2.65480851490482e-21,2.0679381841294317e-20,1.7607759639859707e-15,1.7995675661038836e+19,43235270510889.76,0.005981418848996623,0.0015409299410569235,1.5864256907754808e-05,5.179808513263018e-06,1.5864256907754808e-05,5.179808513263018e-06,8.97962660490297e-29,9.76297942462687e+18,5.813348450977775e+19,1509.0665292622996,1.3883589724267121e-19,-185821.35541998135,2.0941445558895032e+21,0.0,0.0,0.0,0.0,0.0,0.3333333333333333,0.3333333333333333,2.0,4.239916225012569e-20,4.981451519947624e-22,0.0,8.91742287927684e-19,,0.0,0.0,0.0,0.0,0.0,4.239916225012569e-20,8.91742287927684e-19,0.0005332652264814314,1.9853493855455685e-17,1.7607759639859707e-21,8.940325509188496e-22,,,1.7607759639859707e-21,8.940325509188496e-22,,8.580369162343737e-08,3.303940622972829,40365586087845.02,1.6891775229675208e-05,0.0015240381658272483,1.6891775229675208e-05,0.0015240381658272483,0.005981418848996623,0.0015409299410569235,False,False,1.0,1.4088916647216292,9.678321457055261e-09,0.19992651811559875,0.7041058155332156,1.0,1.7965537472883284,2.2979971680239607e-07,0.3183027378555348,0.5386705740420752,0.17825820032301362,0.31739907815787666,0.0056643300747118664,0.031975473418049793,True,AP3.4,130.0,8.3,7.498198192099515e+19,$(U_{0.8}Pu_{0.2})N$,0.5664330074711866,0.14163491833434802,52.46614996385003,41.98984613609035,5.402368981725289,0.0,2.50033407440632e+17,4.014424374463367e-07,ok,
49,TRIAL_049,AP3.4,1550.0,1.3,7.498198192099515e+19,0.0003532752029425975,519754.0997222178,43235270510889.76,7.789406175697652,21.253198700985447,2365717640302.848,1.0,40,TRIAL_049_AP3p4,rizk2025_refit_plot,rizk2025_refit_full,43235270510889.76,1.3900141720417106e+23,5.479143565489247e+25,4.603407567865723e+25,2.4694188197216126e+23,1.9231540227571565e+19,1.7542089158114609,77.27216909372571,0.558376722108059,3.7168239185786565,4.275200640686715,2.4673271036433335,6.742527744330048,896813938234.75,2.242034845586875e+17,446.192195070601,0.4121234728811599,5161448.872226747,4975434.4081449695,1.0373865774970854,1265565105.1790695,1265527714.5100327,29623268.834266182,28729619.29290863,1.0000295455157624,1.0311055128244644,0.1301561682417492,51.30482451722201,43.1047324509216,5.460286863614638,5.460286863614638,0.0,5.831361069066094e+24,5.831361069066094e+24,0.0,1.0679587381981997e+26,1.0679587381981997e+26,1.0995082482833296,7.848914985597502e+16,0.004527700430098198,4.1778798387120343e-07,3.5938977805870684e-06,3.5938977805870684e-06,0.04183205709897036,0.04183205709897036,2.339447460504432e+21,4.384309699275348e-05,5934529.818796294,1.2999999999999998,43235270510889.76,0.0,2.2611665451347256e-26,1.932670953338402e-21,1.754208915811461e-09,7.727216909372571e-08,3.171341777250103e+25,1.1383119834920076e+27,1.0096451275075388e+26,0.00558376722108059,3.7168239185786565,2.4673271036433335,0.04275200640686715,0.06742527744330049,26009234.783055644,3691227440.2696643,1.1004856184550005e-19,4.4619219507060096e-07,4.595417793041509e-13,0.06287817519225275,0.0,1.039906973829712e-18,8.356987325282236e-21,6.509596868178046e-20,7.11715258415843e-15,1.7995675661038836e+19,43235270510889.76,0.006335662301741512,0.001711761734335362,1.5784619477256133e-05,5.150608309525503e-06,1.5784619477256133e-05,5.150608309525503e-06,8.877942875358256e-29,1.0231720396698317e+19,5.601398774613106e+19,2418.1453191521464,1.994256369610992e-19,-207255.04397276897,2.1303357890526383e+21,0.0,0.0,0.0,0.0,0.0,0.3333333333333333,0.3333333333333333,2.0,1.4816468590202815e-19,1.921420918257287e-22,0.0,8.91742287927684e-19,,0.0,0.0,0.0,0.0,0.0,1.4816468590202815e-19,8.91742287927684e-19,0.0001847685385915996,2.2101349545343344e-17,7.11715258415843e-21,1.239834741123807e-21,,,7.11715258415843e-21,1.239834741123807e-21,,8.580369162343737e-08,3.303940622972829,40263198378202.09,1.9472082813033347e-05,0.0016922896515223287,1.9472082813033347e-05,0.0016922896515223287,0.006335662301741512,0.001711761734335362,False,False,1.0,1.4053400996233028,9.889326946778166e-09,0.19861394863881454,0.7059964889702216,1.0,1.862490493077473,2.3154241601708095e-07,0.3346245373212326,0.5167977478815413,0.17740904917770506,0.3337264759140221,0.00558376722108059,0.037168239185786565,True,AP3.4,130.0,8.3,7.498198192099515e+19,$(U_{0.8}Pu_{0.2})N$,0.558376722108059,0.1301561682417492,51.30482451722201,43.1047324509216,5.460286863614638,0.0,2.242034845586875e+17,4.46192195070601e-07,ok,
49,TRIAL_049,AP3.4,1600.0,1.3,7.498198192099515e+19,0.0003532752029425975,519754.0997222178,43235270510889.76,7.789406175697652,21.253198700985447,2365717640302.848,1.0,40,TRIAL_049_AP3p4,rizk2025_refit_plot,rizk2025_refit_full,43235270510889.76,1.1198256383512724e+23,5.162821958628284e+25,4.905400268358375e+25,2.092554072271191e+23,1.866211012818781e+19,1.824764452758197,82.53362550127507,0.532581080850776,4.3948304644127365,4.927411545263513,2.9218334400522785,7.849244985315791,813800429806.8918,2.0345010745172298e+17,487.5955004601934,0.44659962751915705,4618165.089102827,4552954.237487345,1.0143227557787777,1216633690.521373,1216595378.4579651,27241246.277705647,26898127.72087303,1.0000314912123507,1.0127562245370094,0.10485663895972046,48.34289728588867,45.93248870864142,5.619757366510183,5.619757366510183,0.0,6.001668986118253e+24,6.001668986118253e+24,0.0,1.0679587381981997e+26,1.0679587381981997e+26,1.119186518322892,6.714025681800051e+16,0.0040699561409128495,3.804602036407622e-07,4.066009855423903e-06,4.066009855423903e-06,0.05012103215489028,0.05012103215489028,2.3435954538423709e+21,5.179842779623853e-05,5934529.818796294,1.2999999999999998,43235270510889.76,0.0,2.545124582002938e-26,2.3549483066090435e-21,1.8247644527581971e-09,8.253362550127507e-08,3.2087099042611257e+25,1.3616033863744507e+27,1.0079420483370172e+26,0.005325810808507761,4.3948304644127365,2.9218334400522785,0.049274115452635124,0.07849244985315791,29499463.339150112,4830007512.221626,1.4361424904853418e-19,4.875955004601934e-07,5.487827373415513e-13,0.0497832075007173,0.0,1.3705602340796549e-18,2.804370316124471e-20,2.184437945936313e-19,2.6363059898109156e-14,1.7995675661038836e+19,43235270510889.76,0.00732984889926566,0.0022509681421393345,1.5595511815318275e-05,5.119204979346183e-06,1.5595511815318275e-05,5.119204979346183e-06,1.0074499214503875e-28,1.0892327264349454e+19,6.158413550020183e+19,3669.2407760475357,2.763121516043459e-19,-229697.6159010215,2.2295277598068546e+21,0.0,0.0,0.0,0.0,0.0,0.3333333333333333,0.3333333333333333,2.0,4.788179461519709e-19,7.08396822782879e-23,0.0,8.91742287927684e-19,,0.0,0.0,0.0,0.0,0.0,4.788179461519709e-19,8.91742287927684e-19,5.1686661057882994e-05,2.912878898656403e-17,2.6363059898109155e-20,1.680643263135559e-21,,,2.6363059898109155e-20,1.680643263135559e-21,,8.580369162343737e-08,3.303940622972829,40154813890685.61,2.659480120422707e-05,0.0022243733409351074,2.659480120422707e-05,0.0022243733409351074,0.00732984889926566,0.0022509681421393345,False,False,1.0,1.394825501167886,1.0450621327428335e-08,0.19469727071746856,0.7116442912946409,1.0,1.9446434564657173,2.338737287552075e-07,0.3537856769217946,0.49146215383723996,0.1746339101620988,0.35289651979472203,0.005325810808507761,0.04394830464412736,True,AP3.4,130.0,8.3,7.498198192099515e+19,$(U_{0.8}Pu_{0.2})N$,0.532581080850776,0.10485663895972046,48.34289728588867,45.93248870864142,5.619757366510183,0.0,2.0345010745172298e+17,4.875955004601934e-07,ok,
49,TRIAL_049,AP3.4,1650.0,1.3,7.498198192099515e+19,0.0003532752029425975,519754.0997222178,43235270510889.76,7.789406175697652,21.253198700985447,2365717640302.848,1.0,40,TRIAL_049_AP3p4,rizk2025_refit_plot,rizk2025_refit_full,43235270510889.76,7.375796807400342e+22,4.513594876761495e+25,5.525880650064232e+25,1.496256632465459e+23,1.7673845606760421e+19,1.9637181970174236,91.07446732092198,0.4746048714098035,5.59254626498452,6.067151136394323,3.545648958467862,9.612800094862186,721014960889.68,1.8025374022242e+17,541.4990041146979,0.4880009459553436,4127928.7573780813,4099730.5315999617,1.0068780680975915,1130551652.301474,1130508442.2865908,24572955.38976769,24375657.253940515,1.0000382217533872,1.008094064244987,0.06906443613958695,42.26375715953764,51.74245457635553,5.924723827967246,5.924723827967246,0.0,6.327360583488708e+24,6.327360583488708e+24,0.0,1.0679587381981997e+26,1.0679587381981997e+26,1.1552031784912178,4.9580673714600456e+16,0.0033263616492121306,3.1985973171605183e-07,6.417727896998754e-06,6.417727896998754e-06,0.06538754279307323,0.06538754279307323,2.34829943160804e+21,6.196779458614556e-05,5934529.818796294,1.2999999999999998,43235270510889.76,0.0,3.1719483216443467e-26,3.1643063934231243e-21,1.963718197017424e-09,9.107446732092199e-08,3.113144455800919e+25,1.7535219832427922e+27,1.0046851323633126e+26,0.004746048714098035,5.59254626498452,3.545648958467862,0.060671511363943234,0.09612800094862185,35102520.34538204,6630911213.395734,1.9670321148913686e-19,5.414990041146979e-07,6.768249931363226e-13,0.03718368249090981,0.0,2.332934307037629e-18,9.243457552501816e-20,7.200104534425675e-19,9.020265555838444e-14,1.7995675661038836e+19,43235270510889.76,0.009530125625546886,0.0038204864257897976,1.5236662629926541e-05,5.075829689932697e-06,1.5236662629926541e-05,5.075829689932697e-06,1.5984919415817807e-28,1.1829935296578712e+19,9.289843299711474e+19,6238.81375547911,4.222583990488331e-19,-266429.4386224162,2.434100192097205e+21,0.0,0.0,0.0,0.0,0.0,0.3333333333333333,0.3333333333333333,2.0,1.441192019109945e-18,2.5299362888157518e-23,0.0,8.91742287927684e-19,,0.0,0.0,0.0,0.0,0.0,1.441192019109945e-18,8.91742287927684e-19,1.0844438616140361e-05,4.958231638381652e-17,9.020265555838444e-20,2.2319199666337208e-21,,,9.020265555838444e-20,2.2319199666337208e-21,,8.580369162343737e-08,3.303940622972829,40016044258666.555,4.7297061702736255e-05,0.0037731893640870614,4.7297061702736255e-05,0.0037731893640870614,0.009530125625546886,0.0038204864257897976,False,False,1.0,1.371883104306768,1.1687038527832834e-08,0.18598752390854512,0.7242354947463185,1.0,2.082176697886871,2.3815343075848163e-07,0.3832869927892649,0.45322364967443113,0.16805214644101446,0.38241641735270254,0.004746048714098035,0.0559254626498452,True,AP3.4,130.0,8.3,7.498198192099515e+19,$(U_{0.8}Pu_{0.2})N$,0.4746048714098035,0.06906443613958695,42.26375715953764,51.74245457635553,5.924723827967246,0.0,1.8025374022242e+17,5.414990041146979e-07,ok,
49,TRIAL_049,AP3.4,1700.0,1.3,7.498198192099515e+19,0.0003532752029425975,519754.0997222178,43235270510889.76,7.789406175697652,21.253198700985447,2365717640302.848,1.0,40,TRIAL_049_AP3p4,rizk2025_refit_plot,rizk2025_refit_full,43235270510889.76,4.047355799308011e+22,3.5204217095439953e+25,6.479860602765316e+25,8.891825915473817e+22,1.6035018114990862e+19,2.168786743549571,104.40326107625712,0.3799532037364435,7.643640570714987,8.023593774451431,3.8938006279172668,11.917394402368696,643037569226.1243,1.6075939230653107e+17,580.3985209824873,0.49999999999999994,3829848.5766576272,3824958.0585457515,1.0012785808463833,1023669948.2081052,1023613781.5775331,21442575.292445768,21263703.615335267,1.0000548709206372,1.00841206594798,0.037898054059059286,32.964023642743484,60.67519625053843,6.322882052659017,5.86795095320292,0.4549310994560971,6.752577138733766e+24,6.266729495791513e+24,4.858476429422532e+23,1.0679587381981997e+26,1.063100261768777e+26,1.2208552179821008,3.172302064285913e+16,0.0025325426490949428,2.474884300859396e-07,1.4379792254575585e-05,1.4379792254575585e-05,0.09339594859203393,0.09339594859203393,2.3261510840240793e+21,7.776903365272349e-05,5934529.818796294,1.2999999999999998,43235270510889.76,0.0,4.273061656270595e-26,4.766842491789316e-21,2.1687867435495713e-09,1.0440326107625712e-07,2.762910520976729e+25,2.4278441410685772e+27,1.0004329668108619e+26,0.003799532037364435,7.643640570714987,3.8938006279172668,0.0802359377445143,0.11917394402368697,38982042.70293772,8177396822.819638,2.4221294768847393e-19,5.803985209824873e-07,7.775595453959781e-13,0.0340735902799727,1.0,4.9573286738281364e-18,2.899995230890099e-19,2.2589240760989072e-18,2.8708990269161864e-13,1.7995675661038836e+19,43235270510889.76,0.013168870890795553,0.008096434775563703,1.4739588060719248e-05,5.022117195694276e-06,1.4739588060719248e-05,5.022117195694276e-06,3.6232131618952745e-28,1.2729952956806461e+19,1.9227861027307795e+20,3552.382130316674,2.239291387364985e-19,-185280.49661468706,2.742145892604841e+21,3.1234525989054165e+21,0.0,0.0,0.0,0.0,0.3333333333333333,0.3333333333333333,2.0,4.065586385900453e-18,8.846547337881255e-24,0.0,8.91742287927684e-19,,0.0,0.0,0.0,0.0,0.0,4.065586385900453e-18,8.91742287927684e-19,1.7845391984166736e-06,1.0535909133096206e-16,2.8708990269161863e-19,2.90962039739128e-21,,,2.8708990269161863e-19,2.90962039739128e-21,,8.580369162343737e-08,3.303940622972829,39887092150497.39,0.00010449822082628348,0.007991936554737419,0.00010449822082628348,0.007991936554737419,0.013168870890795553,0.008096434775563703,False,False,1.0,1.3340600387702408,1.390117182349678e-08,0.17111275908169796,0.7458359159219294,1.0,2.304296895419098,2.460028887656267e-07,0.42522651942564277,0.40060443868502693,0.15604266909409661,0.424391573609173,0.003799532037364435,0.07643640570714987,True,AP3.4,130.0,8.3,7.498198192099515e+19,$(U_{0.8}Pu_{0.2})N$,0.3799532037364435,0.037898054059059286,32.964023642743484,60.67519625053843,5.86795095320292,0.4549310994560971,1.6075939230653107e+17,5.803985209824873e-07,ok,
49,TRIAL_049,AP3.4,1750.0,1.3,7.498198192099515e+19,0.0003532752029425975,519754.0997222178,43235270510889.76,7.789406175697652,21.253198700985447,2365717640302.848,1.0,40,TRIAL_049_AP3p4,rizk2025_refit_plot,rizk2025_refit_full,43235270510889.76,1.9972286870975343e+22,2.371208172870768e+25,7.591897609645807e+25,4.5639510643025245e+22,1.3742687091394195e+19,2.3973859562376503,122.86088322108618,0.2634167937095574,10.675818127221321,10.939234920930877,4.083937362306698,15.023172283237576,584555328821.8684,1.461388322054671e+17,608.7397459113798,0.5,3649944.94827661,3646878.6783033335,1.0008407929749676,926088139.7021402,926008594.5793928,18287266.571025986,18069217.327740885,1.000085901063136,1.0120674426196834,0.018701365658257047,22.203181528074182,71.08793006792034,6.6901870383472275,5.70359260996608,0.9865944283811483,7.144843707783256e+24,6.091201566935951e+24,1.0536421408473053e+24,1.0679587381981997e+26,1.0574223167897268e+26,1.3281247835150274,1.823068275454928e+16,0.0019288742826071553,1.8106156131521437e-07,3.9669315008748947e-05,3.9669315008748947e-05,0.13954189757773033,0.13954189757773033,2.1795893047253166e+21,0.00010709315015680156,5934529.818796294,1.2999999999999998,43235270510889.76,0.0,5.77168313152835e-26,7.76836295276389e-21,2.3973859562376504e-09,1.228608832210862e-07,2.117573882192562e+25,3.433386992975674e+27,9.965103011203673e+25,0.002634167937095574,10.675818127221321,4.083937362306698,0.10939234920930878,0.15023172283237576,41680924.05700829,9444353525.431644,2.794560008913166e-19,6.087397459113799e-07,8.553510255525616e-13,0.03407359027997264,1.0,1.170078713301288e-17,8.589643716813095e-19,6.690822381478645e-18,8.552344067970446e-13,1.7995675661038836e+19,43235270510889.76,0.01748536237938357,0.01909847549004051,1.4229232041950923e-05,4.96675159108696e-06,1.4229232041950923e-05,4.96675159108696e-06,1.0245588786881803e-27,1.2510014060069767e+19,4.692927828703368e+20,5072.249547321285,3.0453430365435977e-19,-208250.00325450263,3.0862799747109544e+21,3.753729522327309e+21,0.0,0.0,0.0,0.0,0.3333333333333333,0.3333333333333333,2.0,1.0809044845085196e-17,3.0549830664988003e-24,0.0,8.91742287927684e-19,,0.0,0.0,0.0,0.0,0.0,1.0809044845085196e-17,8.91742287927684e-19,2.610920984862119e-07,2.4867915389585657e-16,8.552344067970446e-19,3.7299648842649055e-21,,,8.552344067970446e-19,3.7299648842649055e-21,,8.580369162343737e-08,3.303940622972829,39858359818514.28,0.0002486888390469002,0.018849786650993607,0.0002486888390469002,0.018849786650993607,0.01748536237938357,0.01909847549004051,False,False,1.0,1.2835522404141166,1.73624460621285e-08,0.15016202742157977,0.7764499332021347,1.0,2.6187322786370646,2.589769895846457e-07,0.4751626744887475,0.3408969997711966,0.1381066167802385,0.47438803003299373,0.002634167937095574,0.1067581812722132,True,AP3.4,130.0,8.3,7.498198192099515e+19,$(U_{0.8}Pu_{0.2})N$,0.2634167937095574,0.018701365658257047,22.203181528074182,71.08793006792034,5.70359260996608,0.9865944283811483,1.461388322054671e+17,6.087397459113799e-07,ok,
49,TRIAL_049,AP3.4,1800.0,1.3,7.498198192099515e+19,0.0003532752029425975,519754.0997222178,43235270510889.76,7.789406175697652,21.253198700985447,2365717640302.848,1.0,40,TRIAL_049_AP3p4,rizk2025_refit_plot,rizk2025_refit_full,43235270510889.76,9.341168280965091e+21,1.3513371363906848e+25,8.585923086241821e+25,2.113281150649503e+22,1.1062064893000063e+19,2.591488807772227,146.4061415184577,0.15406142169982995,14.541281987562622,14.69534340926245,4.250075877325864,18.945419286588315,539747204256.8121,1.3493680106420302e+17,633.5038665250557,0.5,3506539.441029508,3504319.5745233814,1.0006334657724327,856758049.7771469,856650429.414134,15449079.533804303,15163298.321881672,1.0001256292640703,1.0188469029531806,0.008746750175690297,12.653458303741072,80.39564431793977,6.942150628143466,5.548651847500709,1.3934987806427572,7.413930425213936e+24,5.925731225757967e+24,1.488199199455969e+24,1.0679587381981997e+26,1.0530767462036398e+26,1.485504589679832,9578288530589234.0,0.0015667934957464165,1.2890574313610324e-07,0.00011053314504516054,0.00011053314504516054,0.20789855887314262,0.20789855887314262,1.8460543824150814e+21,0.00022671730867208017,5934529.818796294,1.2999999999999998,43235270510889.76,0.0,7.290152644974863e-26,1.3145178705979354e-20,2.5914888077722272e-09,1.464061415184577e-07,1.3417178129313405e+25,4.727592685403399e+27,9.938194339460602e+25,0.0015406142169982994,14.541281987562622,4.250075877325864,0.1469534340926245,0.18945419286588316,43914863.69191826,10653406000.161964,3.1496788450644206e-19,6.335038665250557e-07,9.263595921510317e-13,0.03407359027997264,1.0,2.8109916689626407e-17,2.4025223904971453e-18,1.8714222745790348e-17,2.3978131732901632e-12,1.7995675661038836e+19,43235270510889.76,0.020897235362738725,0.046013818274748555,1.3829673753571002e-05,4.916191250062862e-06,1.3829673753571002e-05,4.916191250062862e-06,2.9927041577327037e-27,1.00378572775509e+19,1.1110784813477965e+21,6742.424483181854,3.886997453725186e-19,-226641.99973241496,3.3722050926733794e+21,4.304201089140417e+21,0.0,0.0,0.0,0.0,0.3333333333333333,0.3333333333333333,2.0,2.721817440169872e-17,1.0491064501063835e-24,0.0,8.91742287927684e-19,,0.0,0.0,0.0,0.0,0.0,2.721817440169872e-17,8.91742287927684e-19,3.732157806406955e-08,5.974256448727771e-16,2.397813173290163e-18,4.7092172069822286e-21,,,2.397813173290163e-18,4.7092172069822286e-21,,8.580369162343737e-08,3.303940622972829,39995853797599.375,0.000572966049192055,0.0454408522255565,0.000572966049192055,0.0454408522255565,0.020897235362738725,0.046013818274748555,False,False,1.0,1.226486326235464,2.24427877855488e-08,0.12481351866225145,0.8137519203673936,1.0,3.015835094528086,2.783828398544539e-07,0.5265419741414255,0.28317798548147033,0.11549538575916221,0.5258568862239188,0.0015406142169982994,0.1454128198756262,True,AP3.4,130.0,8.3,7.498198192099515e+19,$(U_{0.8}Pu_{0.2})N$,0.15406142169982995,0.008746750175690297,12.653458303741072,80.39564431793977,5.548651847500709,1.3934987806427572,1.3493680106420302e+17,6.335038665250558e-07,ok,
49,TRIAL_049,AP3.8,900.0,1.1,6.863735268152632e+19,0.0003532752029425975,519754.0997222178,43235270510889.76,7.789406175697652,21.253198700985447,2365717640302.848,1.0,40,TRIAL_049_AP3p8,rizk2025_refit_plot,rizk2025_refit_full,43235270510889.76,1.561352104139554e+23,4.39965818269795e+25,4.145927570978394e+25,2.2350835761145754e+23,2.201531368120424e+19,1.6417683254315136,38.1008895697624,0.4143029201173716,0.5100571429267953,0.9243600630441668,0.04040887821579678,0.9647689412599636,2192402447756.1377,5.4810061193903443e+17,84.11356003205834,0.03580415019797697,2907260208343.7983,26392890.74382166,110153.15588438763,1355486647.776412,1352200530.130527,326771700.8945433,58266356.11578567,1.002430199939034,5.608239860498389,0.17278142299817503,48.68723713867501,45.879418451597886,5.260562986728955,5.260562986728955,0.0,4.7537466388239346e+24,4.7537466388239346e+24,0.0,9.036573938600132e+25,9.036573938600133e+25,1.0128674263759594,7.769688643180984e+16,0.005106835658211691,5.310552923509673e-07,8.721225695228419e-07,8.721225695228419e-07,0.0055355619876641116,0.0055355619876641116,2.370457659460758e+20,7.250992727145565e-06,5485699.832500776,1.0999999999999999,43235270510889.76,0.0,1.8536350253066935e-26,2.316828868817167e-22,1.6417683254315138e-09,3.81008895697624e-08,1.3805411759644864e+25,5.396385214525921e+25,8.56119927471774e+25,0.004143029201173716,0.5100571429267953,0.04040887821579678,0.009243600630441669,0.009647689412599636,8673127.771206899,1268.8711174403877,7.372529301297602e-22,8.411356003205834e-08,1.6331011778709473e-14,0.9503293983934984,0.0,8.162871712571295e-19,5.5598665086701915e-25,4.330805851869013e-24,5.119872410101689e-28,1.6472964643566316e+19,43235270510889.76,0.004241999898056673,0.0013797442245993866,1.4733678154307276e-05,5.168666777202561e-06,1.4733678154307276e-05,5.168666777202561e-06,1.2302000058605963e-29,4.719103780241255e+18,5.960411779284273e+18,0.00031671818457908304,2.6226260307990483e-21,-24067.271329976185,3.16903919238784e+21,0.0,0.0,0.0,0.0,0.0,0.3333333333333333,0.3333333333333333,2.0,2.4966082885114063e-31,1.045298780017561e-24,0.0,8.162871712568798e-19,,0.0,0.0,0.0,0.0,0.0,2.4966082885114063e-31,8.162871712568798e-19,1.2805527476411767e-06,1.734871344779311e-17,5.119872410101689e-34,5.559866503550319e-25,,,5.119872410101689e-34,5.559866503550319e-25,,8.580369162343737e-08,3.303940622972829,41557747386484.34,8.651244798440093e-06,0.0013710929798009465,8.651244798440093e-06,0.0013710929798009465,0.004241999898056673,0.0013797442245993866,False,False,1.0,1.3592637210255853,1.0224768189662148e-08,0.18109788121312903,0.731322861311579,1.0,1.3389572678949284,2.213409197880598e-07,0.17307637713254345,0.742977723151992,0.16061003057620712,0.17213649060086725,0.004143029201173716,0.005100571429267953,True,AP3.8,119.0,8.3,6.863735268152632e+19,$(U_{0.8}Pu_{0.2})N$,0.4143029201173716,0.17278142299817503,48.68723713867501,45.879418451597886,5.260562986728955,0.0,5.4810061193903443e+17,8.411356003205834e-08,ok,
49,TRIAL_049,AP3.8,950.0,1.1,6.863735268152632e+19,0.0003532752029425975,519754.0997222178,43235270510889.76,7.789406175697652,21.253198700985447,2365717640302.848,1.0,40,TRIAL_049_AP3p8,rizk2025_refit_plot,rizk2025_refit_full,43235270510889.76,1.5585832156228244e+23,4.377886081337092e+25,4.168803732750609e+25,2.2226275850745037e+23,2.1935444116254204e+19,1.645265862902495,40.26373413528875,0.4146327190320504,0.5997595751960784,1.0143922942281287,0.04032890483461939,1.054721199062748,2192608367031.1523,5.481520917577881e+17,84.05540202631461,0.03575801394788215,459113069194.1005,26411152.007874534,17383.30342641681,1350690046.237457,1349325996.5192425,222804447.3628832,55136465.79675538,1.0010109119084145,4.0409635282788585,0.17247501389495262,48.446303998429705,46.132569279861436,5.248651707813897,5.248651707813897,0.0,4.742982923562014e+24,4.742982923562014e+24,0.0,9.036573938600132e+25,9.03657393860013e+25,1.0151546642892957,7.742155159930893e+16,0.005103621037127695,5.262263154271039e-07,1.1754401830310844e-06,1.1754401830310844e-06,0.006502952706857437,0.006502952706857437,2.9504281077140298e+20,8.125055071711008e-06,5485699.832500776,1.0999999999999999,43235270510889.76,0.0,1.8655069423974224e-26,2.734203018719167e-22,1.645265862902495e-09,4.0263734135288754e-08,1.4551760039788159e+25,8.400291581398459e+25,8.562275646243928e+25,0.004146327190320504,0.5997595751960784,0.04032890483461939,0.010143922942281287,0.010547211990627482,8652676.866291692,8461.309813581738,7.357247275166747e-22,8.405540202631461e-08,1.6308436328873183e-14,0.950928789352169,0.0,8.162871712643784e-19,1.555632732564192e-24,1.211745521415293e-23,2.2845010932250072e-26,1.6472964643566316e+19,43235270510889.76,0.004226316015953962,0.0013772702323947609,1.4724669898726408e-05,5.121433726967761e-06,1.4724669898726408e-05,5.121433726967761e-06,1.6652159262664182e-29,5.011009101635684e+18,9.137504130856109e+18,0.002112832076004303,2.621099129685572e-21,-24059.192407919247,3.16454871371376e+21,0.0,0.0,0.0,0.0,0.0,0.3333333333333333,0.3333333333333333,2.0,7.498646671560408e-30,3.8979387444212507e-23,0.0,8.162871712568798e-19,,0.0,0.0,0.0,0.0,0.0,7.498646671560408e-30,8.162871712568798e-19,4.775205199395189e-05,1.7348713447947173e-17,2.284501093225007e-32,1.555632709719181e-24,,,2.284501093225007e-32,1.555632709719181e-24,,8.580369162343737e-08,3.303940622972829,41468964138865.36,9.106431740540775e-06,0.0013681638006542202,9.106431740540775e-06,0.0013681638006542202,0.004226316015953962,0.0013772702323947609,False,False,1.0,1.359274345981777,1.0243839996272995e-08,0.1811020283462694,0.7313168446333613,1.0,1.3631842417827496,2.2160915459995572e-07,0.18262465337168998,0.729108447114129,0.1606526362498008,0.18168778488159654,0.004146327190320504,0.005997595751960783,True,AP3.8,119.0,8.3,6.863735268152632e+19,$(U_{0.8}Pu_{0.2})N$,0.4146327190320504,0.17247501389495262,48.446303998429705,46.132569279861436,5.248651707813897,0.0,5.481520917577881e+17,8.405540202631461e-08,ok,
49,TRIAL_049,AP3.8,1000.0,1.1,6.863735268152632e+19,0.0003532752029425975,519754.0997222178,43235270510889.76,7.789406175697652,21.253198700985447,2365717640302.848,1.0,40,TRIAL_049_AP3p8,rizk2025_refit_plot,rizk2025_refit_full,43235270510889.76,1.5559083224350833e+23,4.355641081843966e+25,4.1921730319759645e+25,2.2098975689859744e+23,2.1834998924028613e+19,1.6487323704032033,42.71343025495523,0.4148692514066096,0.7127465689501662,1.1276158203567759,0.04029679550093873,1.1679126158577147,2192682936721.723,5.481707341804307e+17,84.0321355532211,0.03573943654587673,87421724729.16908,26418464.61933578,3309.1145147468096,1347142452.8529732,1346488999.5803814,162394132.57499984,51974285.06090203,1.0004853016049857,3.124509214214508,0.17217900644722786,48.20013770084533,46.39117723663953,5.236506056067898,5.236506056067898,0.0,4.732007415558493e+24,4.732007415558493e+24,0.0,9.036573938600132e+25,9.03657393860013e+25,1.0180462332530884,7.715602424533486e+16,0.0051002957179831976,5.20897865529783e-07,1.5483717487549171e-06,1.5483717487549171e-06,0.007723131491133147,0.007723131491133147,3.672623632359255e+20,9.171092151375837e-06,5485699.832500776,1.0999999999999999,43235270510889.76,0.0,1.8773234435339688e-26,3.264239084371169e-22,1.6487323704032034e-09,4.271343025495523e-08,1.527994268447363e+25,1.2199780820526543e+26,8.56337319704428e+25,0.004148692514066096,0.7127465689501662,0.04029679550093873,0.011276158203567758,0.011679126158577146,8632360.541161159,46665.224848886006,7.3511395242919e-22,8.40321355532211e-08,1.6299409252169725e-14,0.951170377084482,0.0,8.162871714171498e-19,3.863167302789697e-24,3.0091779246103305e-23,6.972208708889678e-25,1.6472964643566316e+19,43235270510889.76,0.004209949575576121,0.0013745150361120144,1.4715751675130028e-05,5.073508341579814e-06,1.4715751675130028e-05,5.073508341579814e-06,2.2032088783593404e-29,5.300552290482545e+18,1.3056844354787273e+19,0.011658712801816509,2.622200251927555e-21,-24071.51052611491,3.160197769610775e+21,0.0,0.0,0.0,0.0,0.0,0.3333333333333333,0.3333333333333333,2.0,1.6026995865756309e-28,4.883477169444583e-22,0.0,8.162871712568798e-19,,0.0,0.0,0.0,0.0,0.0,1.6026995865756309e-28,8.162871712568798e-19,0.0005982547981204234,1.734871345119405e-17,6.972208708889678e-31,3.863166605568826e-24,,,6.972208708889678e-31,3.863166605568826e-24,,8.580369162343737e-08,3.303940622972829,41370090303911.2,9.61332782089367e-06,0.0013649017082911208,9.61332782089367e-06,0.0013649017082911208,0.004209949575576121,0.0013745150361120144,False,False,1.0,1.3592514959893125,1.0263479728564616e-08,0.1810931094729954,0.7313297841838127,1.0,1.3913191206259006,2.219483476869484e-07,0.1933808027699931,0.7135446431368018,0.1606831792052931,0.19244725098355894,0.004148692514066096,0.007127465689501662,True,AP3.8,119.0,8.3,6.863735268152632e+19,$(U_{0.8}Pu_{0.2})N$,0.4148692514066096,0.17217900644722786,48.20013770084533,46.39117723663953,5.236506056067898,0.0,5.481707341804307e+17,8.40321355532211e-08,ok,
49,TRIAL_049,AP3.8,1050.0,1.1,6.863735268152632e+19,0.0003532752029425975,519754.0997222178,43235270510889.76,7.789406175697652,21.253198700985447,2365717640302.848,1.0,40,TRIAL_049_AP3p8,rizk2025_refit_plot,rizk2025_refit_full,43235270510889.76,1.553379582498715e+23,4.334650885520059e+25,4.214249746866993e+25,2.1975417254254022e+23,2.1715510113675452e+19,1.6522569104393385,45.33276559029431,0.41520107575305826,0.8474133253730469,1.2626144011261051,0.04048216910082342,1.3030965702269286,2192168644022.886,5.480421610057215e+17,84.16737452869195,0.03584615554823007,19538422753.68999,26376015.79508959,740.7647502746586,1343976498.2779152,1343616713.5834208,124883350.30751266,48971201.538061455,1.0002677733097967,2.5501385791085944,0.1718991725241559,47.96785723186973,46.63548127311432,5.224762322491812,5.224762322491812,0.0,4.7213951038809403e+24,4.7213951038809403e+24,0.0,9.036573938600132e+25,9.036573938600133e+25,1.0215081731383635,7.690542567103853e+16,0.005096325398274475,5.153346922490576e-07,1.9830927461888344e-06,1.9830927461888344e-06,0.009180860592361593,0.009180860592361593,4.5256228733346375e+20,1.0405969804357913e-05,5485699.832500776,1.0999999999999999,43235270510889.76,0.0,1.889388815462347e-26,3.9023413262550256e-22,1.6522569104393387e-09,4.533276559029431e-08,1.6004234708412365e+25,1.674511711916265e+26,8.56443442821204e+25,0.004152010757530583,0.8474133253730469,0.04048216910082342,0.012626144011261052,0.013030965702269286,8615021.689602545,218795.9779515098,7.386688831847152e-22,8.416737452869195e-08,1.6351915098305656e-14,0.9497843962489412,0.0,8.162871738158613e-19,8.68048799131575e-24,6.76158467676242e-23,1.5366002896313798e-23,1.6472964643566316e+19,43235270510889.76,0.004194337635847653,0.0013716298205041439,1.470669417041074e-05,5.027802700964441e-06,1.470669417041074e-05,5.027802700964441e-06,2.8336967522660804e-29,5.587812098516101e+18,1.762297361912354e+19,0.054714123313533786,2.6341453080711763e-21,-24166.55481479717,3.156080824276788e+21,0.0,0.0,0.0,0.0,0.0,0.3333333333333333,0.3333333333333333,2.0,2.558981501392922e-27,2.652535369540001e-21,0.0,8.162871712568798e-19,,0.0,0.0,0.0,0.0,0.0,2.558981501392922e-27,8.162871712568798e-19,0.0032495124934283997,1.7348713502174347e-17,1.5366002896313797e-29,8.680472625312854e-24,,,1.5366002896313797e-29,8.680472625312854e-24,,8.580369162343737e-08,3.303940622972829,41266551525407.95,1.014410886909361e-05,0.0013614857116350503,1.014410886909361e-05,0.0013614857116350503,0.004194337635847653,0.0013716298205041439,False,False,1.0,1.3592627003554576,1.028268725049745e-08,0.18109748282243135,0.7313234392989721,1.0,1.4222176717831099,2.2235457152946204e-07,0.20480558702661592,0.6970869382709866,0.1607260074632809,0.20387552682937685,0.004152010757530583,0.008474133253730469,True,AP3.8,119.0,8.3,6.863735268152632e+19,$(U_{0.8}Pu_{0.2})N$,0.41520107575305826,0.1718991725241559,47.96785723186973,46.63548127311432,5.224762322491812,0.0,5.480421610057215e+17,8.416737452869195e-08,ok,
49,TRIAL_049,AP3.8,1100.0,1.1,6.863735268152632e+19,0.0003532752029425975,519754.0997222178,43235270510889.76,7.789406175697652,21.253198700985447,2365717640302.848,1.0,40,TRIAL_049_AP3p8,rizk2025_refit_plot,rizk2025_refit_full,43235270510889.76,1.5510146551198634e+23,4.315839992853435e+25,4.234074780017005e+25,2.1859416915576062e+23,2.157939960303694e+19,1.6558738094566277,48.024011459671826,0.4157276341513836,1.0011594902788645,1.4168871244302481,0.04147525252951178,1.4583623769597598,2189537996357.2322,5.47384499089308e+17,84.88403715378672,0.036415443435644866,5012241748.315385,26153327.22662526,191.64833999448828,1340908473.2944152,1340681872.8103983,100276281.00444803,46226875.52588658,1.000169018831844,2.1692203910319297,0.17163746632942764,47.759693244119106,46.85486788229513,5.213801407256342,5.213801407256342,0.0,4.7114901917849347e+24,4.7114901917849347e+24,0.0,9.036573938600132e+25,9.036573938600132e+25,1.0254813859207175,7.66714362662363e+16,0.005091500956148595,5.097079862453086e-07,2.4689267877136977e-06,2.4689267877136977e-06,0.010850733839845828,0.010850733839845828,5.493014147684415e+20,1.1830600745497854e-05,5485699.832500776,1.0999999999999999,43235270510889.76,0.0,1.9018239862343002e-26,4.63942235973038e-22,1.6558738094566277e-09,4.802401145967183e-08,1.6731776216225397e+25,2.1950082288960213e+26,8.565424919421638e+25,0.004157276341513836,1.0011594902788645,0.04147525252951178,0.01416887124430248,0.014583623769597598,8607277.333617436,892708.4268081712,7.576987035349885e-22,8.488403715378672e-08,1.6631564967691722e-14,0.9424650843587787,0.0,8.162872030182321e-19,1.792226870002319e-23,1.3960383049447335e-22,2.556484784617257e-22,1.6472964643566316e+19,43235270510889.76,0.004180289535606699,0.0013687373749750275,1.4697409714649477e-05,4.985871492982865e-06,1.4697409714649477e-05,4.985871492982865e-06,3.541650883690511e-29,5.87404134526746e+18,2.2703670984640393e+19,0.22376585910195407,2.6861292885306986e-21,-24566.61812485271,3.1522331819306553e+21,0.0,0.0,0.0,0.0,0.0,0.3333333333333333,0.3333333333333333,2.0,3.1761352235744896e-26,7.564160303615265e-21,0.0,8.162871712568798e-19,,0.0,0.0,0.0,0.0,0.0,3.1761352235744896e-26,8.162871712568798e-19,0.009266542799699283,1.7348714122818133e-17,2.556484784617257e-28,1.7922013051544728e-23,,,2.556484784617257e-28,1.7922013051544728e-23,,8.580369162343737e-08,3.303940622972829,41162752943702.32,1.0676186973689531e-05,0.0013580611880013378,1.0676186973689531e-05,0.0013580611880013378,0.004180289535606699,0.0013687373749750275,False,False,1.0,1.359343851450066,1.0300851402605031e-08,0.18112915645225808,0.731277487293486,1.0,1.4548384060307455,2.2282095354589304e-07,0.21645318722878934,0.6803908496010603,0.16079392305289697,0.2155267050436642,0.004157276341513836,0.010011594902788645,True,AP3.8,119.0,8.3,6.863735268152632e+19,$(U_{0.8}Pu_{0.2})N$,0.4157276341513836,0.17163746632942764,47.759693244119106,46.85486788229513,5.213801407256342,0.0,5.47384499089308e+17,8.488403715378673e-08,ok,
49,TRIAL_049,AP3.8,1150.0,1.1,6.863735268152632e+19,0.0003532752029425975,519754.0997222178,43235270510889.76,7.789406175697652,21.253198700985447,2365717640302.848,1.0,40,TRIAL_049_AP3p8,rizk2025_refit_plot,rizk2025_refit_full,43235270510889.76,1.548806560446902e+23,4.299531470467706e+25,4.251310675990669e+25,2.1752550223641582e+23,2.1429557927695647e+19,1.6595901770363854,50.714591541614325,0.4164869099321645,1.1708482666560998,1.5873351765882644,0.0451282575701119,1.6324634341583761,2180267142237.9705,5.450667855594926e+17,87.42992940798783,0.03846901163270811,1447642950.9375157,25391762.466608774,57.01230676055774,1337840919.4023354,1337679645.684796,83386196.22827503,43774383.91036549,1.0001205622871363,1.9049085053720132,0.171393115462831,47.57922083835406,47.04560273480421,5.2037833113789205,5.2037833113789205,0.0,4.702437265372905e+24,4.702437265372905e+24,0.0,9.036573938600132e+25,9.036573938600135e+25,1.0298925144083961,7.645331552727862e+16,0.005085804500357061,5.041176981833363e-07,2.9935821572203044e-06,2.9935821572203044e-06,0.012701747283848564,0.012701747283848564,6.555609101370985e+20,1.343200084929371e-05,5485699.832500776,1.0999999999999999,43235270510889.76,0.0,1.9146578477015034e-26,5.463707047091675e-22,1.6595901770363856e-09,5.0714591541614327e-08,1.7466169058804633e+25,2.7708287331280495e+26,8.566330212062845e+25,0.0041648690993216445,1.1708482666560998,0.0451282575701119,0.015873351765882643,0.016324634341583762,8627268.052200267,3238864.911228673,8.2793996562805185e-22,8.742992940798784e-08,1.7644173453543392e-14,0.9170501726413826,0.0,8.162874879327773e-19,3.4427700444941665e-23,2.681713424608974e-22,3.330768464716398e-21,1.6472964643566316e+19,43235270510889.76,0.004168129615615065,0.0013659256891545642,1.4687880904018635e-05,4.9482665033254324e-06,1.4687880904018635e-05,4.9482665033254324e-06,4.309354628714823e-29,6.160741489182979e+18,2.814832872816617e+19,0.8174733620151007,2.8692079008132056e-21,-25951.66981058956,3.148647986498902e+21,0.0,0.0,0.0,0.0,0.0,0.3333333333333333,0.3333333333333333,2.0,3.1667589742037936e-25,1.3094981712716537e-20,0.0,8.162871712568798e-19,,0.0,0.0,0.0,0.0,0.0,3.1667589742037936e-25,8.162871712568798e-19,0.01604211984907324,1.7348720178163576e-17,3.330768464716398e-27,3.4424369676476946e-23,,,3.330768464716398e-27,3.4424369676476946e-23,,8.580369162343737e-08,3.303940622972829,41061838469293.77,1.119344679764857e-05,0.0013547322423569156,1.119344679764857e-05,0.0013547322423569156,0.004168129615615065,0.0013659256891545642,False,False,1.0,1.3595086708901223,1.0317699351786906e-08,0.18119347696345173,0.7311841729697937,1.0,1.4883296026509503,2.233389461374067e-07,0.22799659968887803,0.663931011327977,0.16089175367655903,0.22707371878161786,0.0041648690993216445,0.011708482666560998,True,AP3.8,119.0,8.3,6.863735268152632e+19,$(U_{0.8}Pu_{0.2})N$,0.4164869099321645,0.171393115462831,47.57922083835406,47.04560273480421,5.2037833113789205,0.0,5.450667855594926e+17,8.742992940798784e-08,ok,
49,TRIAL_049,AP3.8,1200.0,1.1,6.863735268152632e+19,0.0003532752029425975,519754.0997222178,43235270510889.76,7.789406175697652,21.253198700985447,2365717640302.848,1.0,40,TRIAL_049_AP3p8,rizk2025_refit_plot,rizk2025_refit_full,43235270510889.76,1.5467340722004212e+23,4.285681337773359e+25,4.266000431695017e+25,2.165491055515251e+23,2.1268939707275395e+19,1.6634005954501245,53.35576243732507,0.41747989096752436,1.3532512598617767,1.770731150829301,0.05670750165283468,1.827438652482136,2152828707338.0352,5.382071768345088e+17,94.74526653872407,0.04460726362336776,462760323.0752792,23431249.71940046,19.74970727626729,1334742376.3767352,1334615369.3057065,71345901.12677634,41607502.143892094,1.0000951638007096,1.7147364645933159,0.17116377099438948,47.4259533191764,47.2081616404709,5.1947212693583085,5.1947212693583085,0.0,4.6942482840975087e+24,4.6942482840975087e+24,0.0,9.036573938600132e+25,9.036573938600132e+25,1.034664722386676,7.624906786862907e+16,0.005079310427048837,4.986174463510814e-07,3.544518691658112e-06,3.544518691658112e-06,0.014701735302670325,0.014701735302670325,7.693671938771553e+20,1.5190802874602603e-05,5485699.832500776,1.0999999999999999,43235270510889.76,0.0,1.9278763119535966e-26,6.362570388964311e-22,1.6634005954501247e-09,5.335576243732507e-08,1.8209030995871599e+25,3.390910098401652e+26,8.56714911019038e+25,0.0041747989096752435,1.3532512598617767,0.05670750165283468,0.01770731150829301,0.01827438652482136,8722009.824742498,10688699.416980263,1.0536370396686748e-21,9.474526653872406e-08,2.0720303232357245e-14,0.8490390974844401,0.0,8.162897780388003e-19,6.217615733574239e-23,4.843153439321806e-22,3.503783313863259e-20,1.6472964643566316e+19,43235270510889.76,0.0041578799380619725,0.0013632528302671067,1.4678122546559159e-05,4.9149362395481294e-06,1.4678122546559159e-05,4.9149362395481294e-06,5.118487134070888e-29,6.448878213502899e+18,3.3806343120344883e+19,2.749463423836007,3.434908942366326e-21,-30057.91336776253,3.145297798157029e+21,0.0,0.0,0.0,0.0,0.0,0.3333333333333333,0.3333333333333333,2.0,2.6067819204802983e-24,1.5382006404450104e-20,0.0,8.162871712568798e-19,,0.0,0.0,0.0,0.0,0.0,2.6067819204802983e-24,8.162871712568798e-19,0.018843806229457596,1.734876885024193e-17,3.503783313863259e-26,6.214111950260375e-23,,,3.503783313863259e-26,6.214111950260375e-23,,8.580369162343737e-08,3.303940622972829,40965787087053.93,1.168577022514692e-05,0.0013515670600419598,1.168577022514692e-05,0.0013515670600419598,0.0041578799380619725,0.0013632528302671067,False,False,1.0,1.359757400640713,1.0333189198782527e-08,0.1812905198909054,0.7310433901742116,1.0,1.522050436224278,2.2389958680553696e-07,0.2392204560729033,0.6480141818264282,0.16101951732418476,0.23830115467181845,0.0041747989096752435,0.013532512598617768,True,AP3.8,119.0,8.3,6.863735268152632e+19,$(U_{0.8}Pu_{0.2})N$,0.41747989096752436,0.17116377099438948,47.4259533191764,47.2081616404709,5.1947212693583085,0.0,5.382071768345088e+17,9.474526653872408e-08,ok,
49,TRIAL_049,AP3.8,1250.0,1.1,6.863735268152632e+19,0.0003532752029425975,519754.0997222178,43235270510889.76,7.789406175697652,21.253198700985447,2365717640302.848,1.0,40,TRIAL_049_AP3p8,rizk2025_refit_plot,rizk2025_refit_full,43235270510889.76,1.5447577784552976e+23,4.274029120793281e+25,4.278411241807414e+25,2.1565562927018873e+23,2.1099994930106454e+19,1.6672965582487755,55.92212450846292,0.41868554702543714,1.5456883960979702,1.9643739431234073,0.08977797304304687,2.054151916166454,2085301207367.4038,5.213253018418509e+17,111.60427817584758,0.05995308612093942,161968166.52164423,19891710.571364395,8.142495636087201,1331604712.5381312,1331496780.8316896,62466868.252945855,39698062.60962132,1.0000810604336379,1.5735495423851296,0.17094507154495744,47.297008244867826,47.34550141322906,5.186545270358158,5.186545270358158,0.0,4.68685998214883e+24,4.68685998214883e+24,0.0,9.036573938600132e+25,9.036573938600132e+25,1.0397340843556155,7.605580282025947e+16,0.005072111903149031,4.932229485387821e-07,4.110923926467109e-06,4.110923926467109e-06,0.016824127988756554,0.016824127988756554,8.890563725582812e+20,1.7089744574557217e-05,5485699.832500776,1.0999999999999999,43235270510889.76,0.0,1.9414542919298345e-26,7.325539182440798e-22,1.6672965582487757e-09,5.592212450846292e-08,1.896074199346336e+25,4.046000840014256e+26,8.567887940385249e+25,0.004186855470254372,1.5456883960979702,0.08977797304304687,0.019643739431234073,0.02054151916166454,8990279.132031528,32789642.7692316,1.7221104121718206e-21,1.1160427817584759e-07,2.87503243699875e-14,0.7161509532801048,0.0,8.1630529947906185e-19,1.066087053798265e-22,8.304185080687519e-22,3.0533079764031823e-19,1.6472964643566316e+19,43235270510889.76,0.004149406730765794,0.0013607631630999527,1.4668157318336644e-05,4.885484246971057e-06,1.4668157318336644e-05,4.885484246971057e-06,5.953112421253799e-29,6.738930071218823e+18,3.954959316438229e+19,8.818029797759726,4.998276196606174e-21,-40262.122247593376,3.142152821376874e+21,0.0,0.0,0.0,0.0,0.0,0.3333333333333333,0.3333333333333333,2.0,1.8128222181985484e-23,1.3360203119369858e-20,0.0,8.162871712568798e-19,,0.0,0.0,0.0,0.0,0.0,1.8128222181985484e-23,8.162871712568798e-19,0.016366674487959202,1.7349098730495935e-17,3.0533079764031822e-25,1.0630337458218618e-22,,,3.0533079764031822e-25,1.0630337458218618e-22,,8.580369162343737e-08,3.303940622972829,40875519860719.94,1.2148608953242183e-05,0.0013486145541467104,1.2148608953242183e-05,0.0013486145541467104,0.004149406730765794,0.0013607631630999527,False,False,1.0,1.3600821404246046,1.0347445150334827e-08,0.18141717602430082,0.7308596544061781,1.0,1.5556058579409724,2.2449542083509242e-07,0.250015915595096,0.6327901187893881,0.16117437314477923,0.24910014606289996,0.004186855470254372,0.015456883960979701,True,AP3.8,119.0,8.3,6.863735268152632e+19,$(U_{0.8}Pu_{0.2})N$,0.41868554702543714,0.17094507154495744,47.297008244867826,47.34550141322906,5.186545270358158,0.0,5.213253018418509e+17,1.1160427817584759e-07,ok,
49,TRIAL_049,AP3.8,1300.0,1.1,6.863735268152632e+19,0.0003532752029425975,519754.0997222178,43235270510889.76,7.789406175697652,21.253198700985447,2365717640302.848,1.0,40,TRIAL_049_AP3p8,rizk2025_refit_plot,rizk2025_refit_full,43235270510889.76,1.5427627851902372e+23,4.264089077838528e+25,4.289039675257546e+25,2.148202781693678e+23,2.092325574564481e+19,1.6712799768013464,58.42230684325049,0.42006017988561073,1.7476480507568972,2.167708230642508,0.1740874434550016,2.3417956740975097,1952271423310.7432,4.8806785582768576e+17,142.2622236114978,0.09120117749462311,62545133.57342308,15604985.945268026,4.008022422627618,1328419880.2140973,1328323219.8167334,55659525.33778952,37999184.21496696,1.0000727687327315,1.4647557964117182,0.1707243027803111,47.18701032948206,47.46311715479603,5.179148212941614,5.179148212941614,0.0,4.6801755765215635e+24,4.6801755765215635e+24,0.0,9.036573938600132e+25,9.036573938600132e+25,1.0450928912200101,7.58679098032764e+16,0.005064206751985811,4.878806099132025e-07,4.687927698209628e-06,4.687927698209628e-06,0.019065967112500797,0.019065967112500797,1.0142277405892854e+21,1.913136647254071e-05,5485699.832500776,1.0999999999999999,43235270510889.76,0.0,1.9554028300551237e-26,8.352658266965318e-22,1.6712799768013465e-09,5.842230684325049e-08,1.972047706141927e+25,4.734205218362011e+26,8.568556380947975e+25,0.004200601798856107,1.7476480507568972,0.1740874434550016,0.02167708230642508,0.023417956740975097,9589190.356707117,94192197.72842345,3.566869675524459e-21,1.422622236114978e-07,4.671541897589238e-14,0.5364654992304947,0.0,8.163957681071563e-19,1.7578350904993307e-22,1.3692491509793528e-21,2.2525702314749626e-18,1.6472964643566316e+19,43235270510889.76,0.00414255628881681,0.0013585489474998637,1.465798122496828e-05,4.8592155662062685e-06,1.465798122496828e-05,4.8592155662062685e-06,6.806011007894836e-29,7.031138872183831e+18,4.531413158637731e+19,27.583382303428017,8.903937863794596e-21,-60534.8733827327,3.139211653026981e+21,0.0,0.0,0.0,0.0,0.0,0.3333333333333333,0.3333333333333333,2.0,1.085968502764781e-22,9.173994716924637e-21,0.0,8.162871712568798e-19,,0.0,0.0,0.0,0.0,0.0,1.085968502764781e-22,8.162871712568798e-19,0.011237190435461078,1.735102147822503e-17,2.2525702314749626e-24,1.7353093881845811e-22,,,2.2525702314749626e-24,1.7353093881845811e-22,,8.580369162343737e-08,3.303940622972829,40790666135533.51,1.2584837440819883e-05,0.0013459641100590438,1.2584837440819883e-05,0.0013459641100590438,0.00414255628881681,0.0013585489474998637,False,False,1.0,1.3604662695111354,1.036084483944032e-08,0.1815669333984401,0.7306424177148086,1.0,1.5890308775040665,2.251255965673257e-07,0.2604206172422616,0.6181997937605376,0.16135057026231545,0.259508343590313,0.004200601798856107,0.017476480507568972,True,AP3.8,119.0,8.3,6.863735268152632e+19,$(U_{0.8}Pu_{0.2})N$,0.42006017988561073,0.1707243027803111,47.18701032948206,47.46311715479603,5.179148212941614,0.0,4.8806785582768576e+17,1.422622236114978e-07,ok,
49,TRIAL_049,AP3.8,1350.0,1.1,6.863735268152632e+19,0.0003532752029425975,519754.0997222178,43235270510889.76,7.789406175697652,21.253198700985447,2365717640302.848,1.0,40,TRIAL_049_AP3p8,rizk2025_refit_plot,rizk2025_refit_full,43235270510889.76,1.5402883783992756e+23,4.2547941343682744e+25,4.298963494736085e+25,2.139679558507954e+23,2.073311092390035e+19,1.6754105786706552,60.94237988557983,0.42150342392680606,1.96567317312321,2.387176597050016,0.35662581051213615,2.743802407562152,1749045449668.751,4.372613624171877e+17,187.42077731767117,0.1418135169297638,27491721.11519167,11845004.76293076,2.320954838382818,1325137783.5273116,1325048336.367463,50071420.50724422,36427852.08204998,1.000067504827857,1.374536725208599,0.17045048143963773,47.084151175853606,47.572935538908936,5.17246280379783,5.17246280379783,0.0,4.6741342571178037e+24,4.6741342571178037e+24,0.0,9.036573938600132e+25,9.036573938600132e+25,1.0509227883448558,7.566747951670986e+16,0.005055091057498785,4.823319059571483e-07,5.286941532932244e-06,5.286941532932244e-06,0.02150347757186805,0.02150347757186805,1.14850039453859e+21,2.1392741926749164e-05,5485699.832500776,1.0999999999999999,43235270510889.76,0.0,1.9699371443298254e-26,9.480840479453837e-22,1.6754105786706554e-09,6.094237988557983e-08,2.0484928168360587e+25,5.4776058114739486e+26,8.569160512888351e+25,0.0042150342392680605,1.96567317312321,0.35662581051213615,0.02387176597050016,0.02743802407562152,10689566.147073036,248070476.07585278,8.155895790579415e-21,1.8742077731767116e-07,8.108052135330253e-14,0.3634069212947164,0.0,8.168569279875949e-19,2.862168056389775e-22,2.2294589534327057e-21,1.4331663655150738e-17,1.6472964643566316e+19,43235270510889.76,0.004137508718550463,0.0013570217449361763,1.4647442940811658e-05,4.834864838770331e-06,1.4647442940811658e-05,4.834864838770331e-06,7.694250543565198e-29,7.325851120598141e+18,5.11944644798774e+19,83.12186137729134,1.780590518474429e-20,-91666.7391904598,3.1366136372739545e+21,0.0,0.0,0.0,0.0,0.0,0.3333333333333333,0.3333333333333333,2.0,5.697567307150379e-22,5.248217173930294e-21,0.0,8.162871712568798e-19,,0.0,0.0,0.0,0.0,0.0,5.697567307150379e-22,8.162871712568798e-19,0.006424891549686404,1.7360822600796915e-17,1.433166365515074e-23,2.7188514198382675e-22,,,1.433166365515074e-23,2.7188514198382675e-22,,8.580369162343737e-08,3.303940622972829,40708386719340.836,1.3013832578864628e-05,0.0013440079123573116,1.3013832578864628e-05,0.0013440079123573116,0.004137508718550463,0.0013570217449361763,False,False,1.0,1.3608705409047916,1.0374588300829124e-08,0.18172447100426806,0.7304139082745875,1.0,1.623439973548935,2.2581155322036796e-07,0.27078853946301407,0.6037451696676805,0.1615351486248416,0.26987983556002826,0.0042150342392680605,0.0196567317312321,True,AP3.8,119.0,8.3,6.863735268152632e+19,$(U_{0.8}Pu_{0.2})N$,0.42150342392680606,0.17045048143963773,47.084151175853606,47.572935538908936,5.17246280379783,0.0,4.372613624171877e+17,1.874207773176712e-07,ok,
49,TRIAL_049,AP3.8,1400.0,1.1,6.863735268152632e+19,0.0003532752029425975,519754.0997222178,43235270510889.76,7.789406175697652,21.253198700985447,2365717640302.848,1.0,40,TRIAL_049_AP3p8,rizk2025_refit_plot,rizk2025_refit_full,43235270510889.76,1.5354711712605553e+23,4.2433199468781726e+25,4.3109951841395025e+25,2.1284723434947737e+23,2.0507893345656316e+19,1.6799947345222792,63.7434468052248,0.42274685216665225,2.224929681407839,2.647676533574491,0.6689096665888653,3.3165862001633566,1513811314604.766,3.7845282865119155e+17,242.53760473635987,0.20554692233615193,14342819.679039096,9153219.775602039,1.5669698784322832,1321516956.0826879,1321432713.0800657,44836059.60235443,34827109.47187179,1.000063751261633,1.2873896307290844,0.16991740251266257,46.95717620095643,47.70607990850263,5.166826488028295,5.166826488028295,0.0,4.669040958698533e+24,4.669040958698533e+24,0.0,9.036573938600132e+25,9.036573938600135e+25,1.057916438891154,7.538694581662054e+16,0.005042150445304762,4.75762059494094e-07,5.951506818362678e-06,5.951506818362678e-06,0.024426426542288337,0.024426426542288337,1.305261645641147e+21,2.4167829297339442e-05,5485699.832500776,1.0999999999999999,43235270510889.76,0.0,1.98615149244804e-26,1.0849138153330076e-21,1.6799947345222792e-09,6.37434468052248e-08,2.1244388601545603e+25,6.36152587202352e+26,8.569669842730282e+25,0.004227468521666522,2.224929681407839,0.6689096665888653,0.02647676533574491,0.033165862001633566,12337180.766593888,569105244.2739799,1.7674849174013677e-20,2.425376047363599e-07,1.3578107149358784e-13,0.23602500730255327,0.0,8.189426464829586e-19,4.907545740295142e-22,3.822686709697368e-21,7.989389038480301e-17,1.6472964643566316e+19,43235270510889.76,0.004136370816860415,0.0013580419244000514,1.4635764147381723e-05,4.8100045228903305e-06,1.4635764147381723e-05,4.8100045228903305e-06,8.683523172093663e-29,7.624307431628604e+18,5.756615288757654e+19,227.94352826994918,3.581255805423588e-20,-128931.47974320348,3.1350838891685914e+21,0.0,0.0,0.0,0.0,0.0,0.3333333333333333,0.3333333333333333,2.0,2.6554752260788454e-21,2.6068146230906868e-21,0.0,8.162871712568798e-19,,0.0,0.0,0.0,0.0,0.0,2.6554752260788454e-21,8.162871712568798e-19,0.00318314674939197,1.7405150790413202e-17,7.989389038480301e-23,4.108606836447112e-22,,,7.989389038480301e-23,4.108606836447112e-22,,8.580369162343737e-08,3.303940622972829,40620948086508.39,1.349649623535921e-05,0.0013445454281646922,1.349649623535921e-05,0.0013445454281646922,0.004136370816860415,0.0013580419244000514,False,False,1.0,1.3611864844300186,1.0392770813677197e-08,0.18184753704823992,0.7302354094975189,1.0,1.662509720831784,2.2663498421352807e-07,0.2821630853694391,0.5879877209998514,0.16169383470625245,0.28125835340463495,0.004227468521666522,0.02224929681407839,True,AP3.8,119.0,8.3,6.863735268152632e+19,$(U_{0.8}Pu_{0.2})N$,0.42274685216665225,0.16991740251266257,46.95717620095643,47.70607990850263,5.166826488028295,0.0,3.7845282865119155e+17,2.425376047363599e-07,ok,
49,TRIAL_049,AP3.8,1450.0,1.1,6.863735268152632e+19,0.0003532752029425975,519754.0997222178,43235270510889.76,7.789406175697652,21.253198700985447,2365717640302.848,1.0,40,TRIAL_049_AP3p8,rizk2025_refit_plot,rizk2025_refit_full,43235270510889.76,1.5214533161811177e+23,4.222388865985676e+25,4.332259147667851e+25,2.1066097116575447e+23,2.0204648049183805e+19,1.6862638473350344,67.26503420699342,0.423106091981648,2.57577545965487,2.9988815516365177,1.0595078285994048,4.058389380235923,1310439327552.7432,3.276098318881858e+17,296.649025799844,0.2661851566581327,9161546.04734106,7483591.068651902,1.2242178872811427,1316600244.1797523,1316519952.3837745,39287864.45916538,33003774.192226473,1.0000609879066644,1.1904052012457116,0.16836616692551604,46.725549911671195,47.941389923922515,5.16469399748078,5.16469399748078,0.0,4.6671139178479353e+24,4.6671139178479353e+24,0.0,9.036573938600132e+25,9.036573938600132e+25,1.0674882552149847,7.478271502449862e+16,0.005014968927146302,4.664277216487766e-07,6.716347159171722e-06,6.716347159171722e-06,0.028426312182620223,0.028426312182620223,1.5052739103882163e+21,2.8116639593287888e-05,5485699.832500776,1.0999999999999999,43235270510889.76,0.0,2.00846929376745e-26,1.2748430229443772e-21,1.6862638473350345e-09,6.726503420699343e-08,2.197634482345421e+25,7.556264803459e+26,8.569862546815338e+25,0.00423106091981648,2.57577545965487,1.0595078285994048,0.029988815516365175,0.040583893802359224,14245951.9329714,1065550090.5953225,3.2340538209519247e-20,2.96649025799844e-07,2.0312665459700127e-13,0.16025308959584283,0.0,8.274171632376133e-19,9.969293275342691e-22,7.765487460629542e-21,3.956100289530877e-16,1.6472964643566316e+19,43235270510889.76,0.00414995341126097,0.0013691669688323095,1.4619821161160537e-05,4.781620568112276e-06,1.4619821161160537e-05,4.781620568112276e-06,9.829271402903122e-29,7.930751341508552e+18,6.4600857745405436e+19,517.4238714063634,6.512518013958437e-20,-165264.49922558168,3.137512633319815e+21,0.0,0.0,0.0,0.0,0.0,0.3333333333333333,0.3333333333333333,2.0,1.1129991980733449e-20,1.1616069964338774e-21,0.0,8.162871712568798e-19,,0.0,0.0,0.0,0.0,0.0,1.1129991980733449e-20,8.162871712568798e-19,0.001403895215188198,1.7585261378894707e-17,3.9561002895308766e-22,6.013192985811814e-22,,,3.9561002895308766e-22,6.013192985811814e-22,,8.580369162343737e-08,3.303940622972829,40517296864021.32,1.4174361134920227e-05,0.0013549926076973893,1.4174361134920227e-05,0.0013549926076973893,0.00414995341126097,0.0013691669688323095,False,False,1.0,1.3611250588209094,1.0428609905052821e-08,0.1818236141502262,0.7302701073581523,1.0,1.7128178324390169,2.277629821175807e-07,0.29622655940589293,0.5686571270304843,0.16173962287880256,0.2953266690452182,0.00423106091981648,0.025757754596548697,True,AP3.8,119.0,8.3,6.863735268152632e+19,$(U_{0.8}Pu_{0.2})N$,0.423106091981648,0.16836616692551604,46.725549911671195,47.941389923922515,5.16469399748078,0.0,3.276098318881858e+17,2.9664902579984406e-07,ok,
49,TRIAL_049,AP3.8,1500.0,1.1,6.863735268152632e+19,0.0003532752029425975,519754.0997222178,43235270510889.76,7.789406175697652,21.253198700985447,2365717640302.848,1.0,40,TRIAL_049_AP3p8,rizk2025_refit_plot,rizk2025_refit_full,43235270510889.76,1.4763390408359778e+23,4.173772195778324e+25,4.38029624576681e+25,2.0509408037015426e+23,1.9807405804695028e+19,1.698417235161305,71.54534257111993,0.42089609816481605,3.038507488917323,3.45940358708214,1.405652079650221,4.865055666732361,1175474442852.016,2.93868610713004e+17,337.98860497408504,0.30995480367731043,7091922.9990343675,6568268.773943479,1.0797248473095742,1307177509.740501,1307099312.2541873,34024220.39866073,31029273.46798571,1.000059825206532,1.0965200469087695,0.16337375767266502,46.18755099153086,48.47297521747902,5.176100033317473,5.176100033317473,0.0,4.6774210664663947e+24,4.6774210664663947e+24,0.0,9.036573938600132e+25,9.036573938600133e+25,1.0803051261219054,7.30745584108053e+16,0.004938955231512,4.5224397001804146e-07,7.370955236199289e-06,7.370955236199289e-06,0.0337841105891295,0.0337841105891295,1.7224555475755438e+21,3.3773183863541156e-05,5485699.832500776,1.0999999999999999,43235270510889.76,0.0,2.052209880485979e-26,1.5340259693155243e-21,1.698417235161305e-09,7.154534257111994e-08,2.263437963191701e+25,9.126194530407304e+26,8.568831831953494e+25,0.004208960981648161,3.038507488917323,1.405652079650221,0.034594035870821396,0.04865055666732361,15916708.678472728,1590976179.0533102,4.783267175897869e-20,3.37988604974085e-07,2.6368485130589227e-13,0.12160120195731572,0.0,8.586863335070055e-19,2.616148172893133e-21,2.0378240734473898e-20,1.7607759639859707e-15,1.6472964643566316e+19,43235270510889.76,0.004219815503132327,0.0014175045602577538,1.4589007247492117e-05,4.750802525914698e-06,1.4589007247492117e-05,4.750802525914698e-06,1.0824301831306522e-28,8.257530104004043e+18,6.9974697011811025e+19,906.8071831797947,9.936611576830173e-20,-194570.90921451803,3.1536657953992496e+21,0.0,0.0,0.0,0.0,0.0,0.3333333333333333,0.3333333333333333,2.0,4.239916225012569e-20,4.766040325715508e-22,0.0,8.162871712568798e-19,,0.0,0.0,0.0,0.0,0.0,4.239916225012569e-20,8.162871712568798e-19,0.0005550385676048057,1.8249831267845045e-17,1.7607759639859707e-21,8.553722089071623e-22,,,1.7607759639859707e-21,8.553722089071623e-22,,8.580369162343737e-08,3.303940622972829,40401158776590.07,1.5335726712741854e-05,0.001402168833545012,1.5335726712741854e-05,0.001402168833545012,0.004219815503132327,0.0014175045602577538,False,False,1.0,1.359940814547013,1.0522147682418905e-08,0.18136206151927434,0.7309396060815087,1.0,1.7756604532286024,2.2927535494885738e-07,0.3129416038204258,0.5459111628473351,0.16145752836717808,0.312047066128447,0.004208960981648161,0.030385074889173233,True,AP3.8,119.0,8.3,6.863735268152632e+19,$(U_{0.8}Pu_{0.2})N$,0.42089609816481605,0.16337375767266502,46.18755099153086,48.47297521747902,5.176100033317473,0.0,2.93868610713004e+17,3.3798860497408507e-07,ok,
49,TRIAL_049,AP3.8,1550.0,1.1,6.863735268152632e+19,0.0003532752029425975,519754.0997222178,43235270510889.76,7.789406175697652,21.253198700985447,2365717640302.848,1.0,40,TRIAL_049_AP3p8,rizk2025_refit_plot,rizk2025_refit_full,43235270510889.76,1.3465966650950102e+23,4.0472950541930165e+25,4.503337057222347e+25,1.902986399615393e+23,1.936378767503493e+19,1.728201674360552,75.99297537529205,0.411440992031564,3.5595841799358743,3.9710251719674385,1.665003417828449,5.636028589795887,1092289025142.284,2.73072256285571e+17,366.4710694878096,0.33860863132208424,6222762.2708116835,6057776.956589603,1.0272352903390758,1284651184.006633,1284572300.1752198,30336081.872578163,29213226.473058973,1.0000614086349227,1.0384365417683223,0.14901628363189307,44.787937128526266,49.83456216726276,5.228484420579108,5.228484420579108,0.0,4.724758605338198e+24,4.724758605338198e+24,0.0,9.036573938600132e+25,9.036573938600133e+25,1.0950056083089483,6.828328010704125e+16,0.004724893153443282,4.3003728980411746e-07,7.753987257628788e-06,7.753987257628788e-06,0.03994223080156775,0.03994223080156775,1.846649299187522e+21,4.05249407623665e-05,5485699.832500776,1.0999999999999999,43235270510889.76,0.0,2.162080570385154e-26,1.838268545221204e-21,1.728201674360552e-09,7.599297537529206e-08,2.307780530825123e+25,1.0874012453856067e+27,8.564098078066313e+25,0.00411440992031564,3.5595841799358743,1.665003417828449,0.039710251719674385,0.05636028589795887,17302228.61013454,2036731107.1246774,6.0972998153545e-20,3.664710694878096e-07,3.0999911518654716e-13,0.10139983922202395,0.0,9.64451857158908e-19,8.303373578131135e-21,6.467834942861936e-20,7.11715258415843e-15,1.6472964643566316e+19,43235270510889.76,0.004466210654549343,0.0015885178599834714,1.4514015685207228e-05,4.722383702735252e-06,1.4514015685207228e-05,4.722383702735252e-06,1.1421833127364702e-28,8.637494297073171e+18,7.208239276439165e+19,1298.304597565202,1.3075025144917143e-19,-215303.17520014124,3.210770834647287e+21,0.0,0.0,0.0,0.0,0.0,0.3333333333333333,0.3333333333333333,2.0,1.4816468590202815e-19,1.8383335745449222e-22,0.0,8.162871712568798e-19,,0.0,0.0,0.0,0.0,0.0,1.4816468590202815e-19,8.162871712568798e-19,0.00019060915906785685,2.0497686957732703e-17,7.11715258415843e-21,1.1862209939727049e-21,,,7.11715258415843e-21,1.1862209939727049e-21,,8.580369162343737e-08,3.303940622972829,40292369367142.57,1.78827645801716e-05,0.0015706350954032998,1.78827645801716e-05,0.0015706350954032998,0.004466210654549343,0.0015885178599834714,False,False,1.0,1.3555646034144917,1.0788125893673631e-08,0.17965090387144245,0.7334227110041055,1.0,1.8427965506985133,2.3101293236357775e-07,0.32984160614218155,0.5231802295669301,0.16023935426017227,0.3289524227273594,0.00411440992031564,0.03559584179935874,True,AP3.8,119.0,8.3,6.863735268152632e+19,$(U_{0.8}Pu_{0.2})N$,0.411440992031564,0.14901628363189307,44.787937128526266,49.83456216726276,5.228484420579108,0.0,2.73072256285571e+17,3.664710694878096e-07,ok,
49,TRIAL_049,AP3.8,1600.0,1.1,6.863735268152632e+19,0.0003532752029425975,519754.0997222178,43235270510889.76,7.789406175697652,21.253198700985447,2365717640302.848,1.0,40,TRIAL_049_AP3p8,rizk2025_refit_plot,rizk2025_refit_full,43235270510889.76,1.067115076500579e+23,3.732698713623346e+25,4.807974874698637e+25,1.5747362771211564e+23,1.8794518518818693e+19,1.7990705845167938,81.3312694219916,0.38409711924272316,4.235380825969193,4.619477945211916,1.9183062366592916,6.537784181871207,1021972517579.077,2.5549312939476925e+17,392.80175218220324,0.3639712774456339,5710467.073560535,5651705.950054523,1.010397059582593,1234054938.5134137,1233970484.0409374,27754966.170535233,27295774.623674106,1.0000684412419654,1.0168228069432719,0.1180884573900678,41.306569713096195,53.205727163490096,5.369614666023652,5.369614666023652,0.0,4.852291995131438e+24,4.852291995131438e+24,0.0,9.036573938600132e+25,9.036573938600132e+25,1.1145007125204969,5.758138524612846e+16,0.00423744394537727,3.9095416192690884e-07,9.334835079637951e-06,9.334835079637951e-06,0.04815510611743859,0.04815510611743859,1.8574925514714854e+21,4.7867716097058164e-05,5485699.832500776,1.0999999999999999,43235270510889.76,0.0,2.439120282063405e-26,2.2535191958912722e-21,1.7990705845167939e-09,8.133126942199161e-08,2.287133881686812e+25,1.3098592520355353e+27,8.551344739086988e+25,0.0038409711924272316,4.235380825969193,1.9183062366592916,0.04619477945211916,0.06537784181871208,18991868.809254877,2514775466.0572696,7.508249796006316e-20,3.9280175218220327e-07,3.561458563561333e-13,0.08619266603188014,0.0,1.2951051174088508e-18,2.797102768283436e-20,2.1787769577327993e-19,2.6363059898109156e-14,1.6472964643566316e+19,43235270510889.76,0.0051441222978744735,0.0021280780403386,1.4338605994374854e-05,4.692306235350377e-06,1.4338605994374854e-05,4.692306235350377e-06,1.3791623384557552e-28,9.122221133112143e+18,8.44012117403588e+19,1776.2159999223031,1.665417508185041e-19,-234659.57135881836,3.36357214135539e+21,0.0,0.0,0.0,0.0,0.0,0.3333333333333333,0.3333333333333333,2.0,4.788179461519709e-19,6.777638626958759e-23,0.0,8.162871712568798e-19,,0.0,0.0,0.0,0.0,0.0,4.788179461519709e-19,8.162871712568798e-19,5.23327298753861e-05,2.752512639895339e-17,2.6363059898109155e-20,1.6079677847252025e-21,,,2.6363059898109155e-20,1.6079677847252025e-21,,8.580369162343737e-08,3.303940622972829,40178219851733.42,2.4940635752201126e-05,0.002103137404586399,2.4940635752201126e-05,0.002103137404586399,0.0051441222978744735,0.0021280780403386,False,False,1.0,1.34334647877514,1.1491089775521427e-08,0.1748265736951483,0.7404318680789197,1.0,1.9256080428527764,2.3332174246972024e-07,0.3494553291679871,0.49715457865165974,0.15660790623466064,0.34857600543857237,0.0038409711924272316,0.04235380825969193,True,AP3.8,119.0,8.3,6.863735268152632e+19,$(U_{0.8}Pu_{0.2})N$,0.38409711924272316,0.1180884573900678,41.306569713096195,53.205727163490096,5.369614666023652,0.0,2.5549312939476925e+17,3.9280175218220327e-07,ok,
49,TRIAL_049,AP3.8,1650.0,1.1,6.863735268152632e+19,0.0003532752029425975,519754.0997222178,43235270510889.76,7.789406175697652,21.253198700985447,2365717640302.848,1.0,40,TRIAL_049_AP3p8,rizk2025_refit_plot,rizk2025_refit_full,43235270510889.76,6.857765550362021e+22,3.1167323643093086e+25,5.404739413670358e+25,1.080457495940056e+23,1.7853128339299981e+19,1.9326981735004667,89.55845168455876,0.32672954264550597,5.371835024794534,5.698564567440041,2.252767466656549,7.951332034096589,941959744167.4647,2.3548993604186618e+17,425.8354865033806,0.39427306245031435,5240017.170395875,5213280.880437793,1.0051284959646827,1148753966.31759,1148653230.2036474,25063713.599362805,24788280.259904962,1.000087699325866,1.0111114339748433,0.07588899949203942,34.49019933313494,59.80960760564101,5.624304061732039,5.624304061732039,0.0,5.082443950701061e+24,5.082443950701061e+24,0.0,9.036573938600132e+25,9.036573938600135e+25,1.14841991177885,4.145017141830081e+16,0.0034795425712172037,3.303830058025157e-07,1.5409675918074933e-05,1.5409675918074933e-05,0.06253156399923512,0.06253156399923512,1.7947970474503053e+21,5.744834059748145e-05,5485699.832500776,1.0999999999999999,43235270510889.76,0.0,3.02399255753447e-26,3.0089040546297687e-21,1.9326981735004667e-09,8.955845168455876e-08,2.1156293984994672e+25,1.6814983547131106e+27,8.528329543530029e+25,0.0032672954264550596,5.371835024794534,2.252767466656549,0.056985645674400405,0.07951332034096589,21582425.288006734,3211697565.6787424,9.566300388548429e-20,4.258354865033806e-07,4.185667857799868e-13,0.07076602942153615,0.0,2.257479190366825e-18,9.233806137778259e-20,7.192586655480485e-19,9.020265555838444e-14,1.6472964643566316e+19,43235270510889.76,0.006560739221114649,0.003698580373482907,1.4019540624574924e-05,4.65286266357647e-06,1.4019540624574924e-05,4.65286266357647e-06,2.287791725787628e-28,9.623924896701207e+18,1.3350998533178235e+20,2593.7403551934526,2.2393047354449895e-19,-261043.90266813885,3.6642295433770356e+21,0.0,0.0,0.0,0.0,0.0,0.3333333333333333,0.3333333333333333,2.0,1.441192019109945e-18,2.42053512429118e-23,0.0,8.162871712568798e-19,,0.0,0.0,0.0,0.0,0.0,1.441192019109945e-18,8.162871712568798e-19,1.0722292079679634e-05,4.797865379620588e-17,9.020265555838444e-20,2.135405819398152e-21,,,9.020265555838444e-20,2.135405819398152e-21,,8.580369162343737e-08,3.303940622972829,40037593512129.516,4.5462725506862424e-05,0.0036531176479760443,4.5462725506862424e-05,0.0036531176479760443,0.006560739221114649,0.003698580373482907,False,False,1.0,1.3176427427525128,1.3028856650947079e-08,0.16444488780417563,0.7555561375809244,1.0,2.057319719524812,2.3735104307567436e-07,0.37817494045239913,0.4597801769640389,0.1483870957830369,0.37731802757752403,0.0032672954264550596,0.05371835024794534,True,AP3.8,119.0,8.3,6.863735268152632e+19,$(U_{0.8}Pu_{0.2})N$,0.32672954264550597,0.07588899949203942,34.49019933313494,59.80960760564101,5.624304061732039,0.0,2.3548993604186618e+17,4.258354865033806e-07,ok,
49,TRIAL_049,AP3.8,1700.0,1.1,6.863735268152632e+19,0.0003532752029425975,519754.0997222178,43235270510889.76,7.789406175697652,21.253198700985447,2365717640302.848,1.0,40,TRIAL_049_AP3p8,rizk2025_refit_plot,rizk2025_refit_full,43235270510889.76,3.656622459960529e+22,2.248176794978477e+25,6.249121464639154e+25,6.088514245374067e+22,1.641804177471426e+19,2.115233807336609,101.32493586167296,0.24136543305254038,7.154165426924807,7.395530859977348,2.668541752619057,10.064072612596405,858134044448.574,2.1453351111214346e+17,464.78645797486143,0.42790082803323193,4792781.096295302,4776387.009365217,1.0034323196378225,1049663937.2926643,1049529367.5337515,22146090.18722953,21909710.389856115,1.0001282191457197,1.0107888143278632,0.04046469917477354,24.87864106744359,69.15365831231404,5.927235921067608,5.927235921067608,0.0,5.35619056522541e+24,5.35619056522541e+24,0.0,9.036573938600132e+25,9.036573938600133e+25,1.2046613235365036,2.5482099468208536e+16,0.002716514696740253,2.6280466575995307e-07,3.3220540030554424e-05,3.3220540030554424e-05,0.08651457352290425,0.08651457352290425,1.6110914755185331e+21,7.253488797159963e-05,5485699.832500776,1.0999999999999999,43235270510889.76,0.0,3.9642747528417964e-26,4.357502267988546e-21,2.1152338073366093e-09,1.0132493586167296e-07,1.7207281668096326e+25,2.2670128695163252e+27,8.500954882077592e+25,0.002413654330525404,7.154165426924807,2.668541752619057,0.07395530859977348,0.10064072612596406,24966684.866428908,4185095469.908418,1.243881078897798e-19,4.647864579748614e-07,4.986410116244666e-13,0.05655795860136348,0.0,4.881873557157333e-18,2.8987370337520676e-19,2.2579440152431845e-18,2.8708990269161864e-13,1.6472964643566316e+19,43235270510889.76,0.008674757830627246,0.007976733922012242,1.3608215336687569e-05,4.607425147935503e-06,1.3608215336687569e-05,4.607425147935503e-06,4.979601508472927e-28,9.568510609043423e+18,2.689393545803052e+20,3955.92293669411,3.124336247896659e-19,-293789.0353252304,4.081724763742048e+21,0.0,0.0,0.0,0.0,0.0,0.3333333333333333,0.3333333333333333,2.0,4.065586385900453e-18,8.463999134962283e-24,0.0,8.162871712568798e-19,,0.0,0.0,0.0,0.0,0.0,4.065586385900453e-18,8.162871712568798e-19,1.7337604171564793e-06,1.0375542874335142e-16,2.8708990269161863e-19,2.7838006835881095e-21,,,2.8708990269161863e-19,2.7838006835881095e-21,,8.580369162343737e-08,3.303940622972829,39908271906778.75,0.0001022629481541886,0.007874470973858053,0.0001022629481541886,0.007874470973858053,0.008674757830627246,0.007976733922012242,False,False,1.0,1.2770956728015772,1.5774495251609637e-08,0.14738745558287192,0.7805196700481736,1.0,2.252176725234582,2.440694782371249e-07,0.41594649866279315,0.4120620137007495,0.13414001720212376,0.415132109233357,0.002413654330525404,0.07154165426924808,True,AP3.8,119.0,8.3,6.863735268152632e+19,$(U_{0.8}Pu_{0.2})N$,0.24136543305254038,0.04046469917477354,24.87864106744359,69.15365831231404,5.927235921067608,0.0,2.1453351111214346e+17,4.647864579748615e-07,ok,
49,TRIAL_049,AP3.8,1750.0,1.1,6.863735268152632e+19,0.0003532752029425975,519754.0997222178,43235270510889.76,7.789406175697652,21.253198700985447,2365717640302.848,1.0,40,TRIAL_049_AP3p8,rizk2025_refit_plot,rizk2025_refit_full,43235270510889.76,1.7450601093143925e+22,1.3673189974732812e+25,7.109581374105216e+25,2.966717534719006e+22,1.4667447631667397e+19,2.295843701215721,115.32349589037322,0.1503805825851359,9.423159726622162,9.573540309207297,3.0888247733386214,12.662365082545918,786787829194.3711,1.9669695729859277e+17,502.3337857226738,0.45827215893545825,4432270.121130848,4419372.264213198,1.0029184816635823,967147686.7174789,966964780.2350137,19478415.962660853,19250196.873240273,1.000189155268324,1.0118554158652697,0.019311080960233058,15.130944612014035,78.67562886567353,6.17411544135221,6.17411544135221,0.0,5.579285069123204e+24,5.579285069123204e+24,0.0,9.036573938600132e+25,9.036573938600132e+25,1.282121455834278,1.3817318084331418e+16,0.0021755754079565955,2.0641514915849037e-07,7.557272169386732e-05,7.557272169386732e-05,0.11977842334127947,0.11977842334127947,1.2683923340263028e+21,0.00010131000349005402,5485699.832500776,1.0999999999999999,43235270510889.76,0.0,5.068921487309013e-26,6.424539540388279e-21,2.295843701215721e-09,1.1532349589037323e-07,1.169225454178625e+25,3.0186419581551497e+27,8.478645431687811e+25,0.001503805825851359,9.423159726622162,3.0888247733386214,0.09573540309207297,0.12662365082545918,28364877.35117151,5292683213.796339,1.5703470026990192e-19,5.023337857226738e-07,5.824596440500415e-13,0.04591483495722798,0.0,1.1625332016342075e-17,8.588030780930961e-19,6.689566000206515e-18,8.552344067970446e-13,1.6472964643566316e+19,43235270510889.76,0.010845569666332253,0.018972934135411946,1.3228250155384296e-05,4.565299577686568e-06,1.3228250155384296e-05,4.565299577686568e-06,1.1518808618749707e-27,8.100449168426217e+18,5.5948670573056577e+20,5757.782406046196,4.20269267281707e-19,-324023.78898806864,4.4926797958908404e+21,0.0,0.0,0.0,0.0,0.0,0.3333333333333333,0.3333333333333333,2.0,1.0809044845085196e-17,2.9228774848067563e-24,0.0,8.162871712568798e-19,,0.0,0.0,0.0,0.0,0.0,1.0809044845085196e-17,8.162871712568798e-19,2.514231404916419e-07,2.4707549130824593e-16,8.552344067970446e-19,3.568671296051523e-21,,,8.552344067970446e-19,3.568671296051523e-21,,8.580369162343737e-08,3.303940622972829,39852289049952.555,0.00024755697674387666,0.01872537715866807,0.00024755697674387666,0.01872537715866807,0.010845569666332253,0.018972934135411946,False,False,1.0,1.2268393901288817,2.0047074000943775e-08,0.12497632090678208,0.813511526266204,1.0,2.4895586897525956,2.5340542209910027e-07,0.4558063350294992,0.36363952622734697,0.11456815544886677,0.4550567047087478,0.001503805825851359,0.09423159726622161,True,AP3.8,119.0,8.3,6.863735268152632e+19,$(U_{0.8}Pu_{0.2})N$,0.1503805825851359,0.019311080960233058,15.130944612014035,78.67562886567353,6.17411544135221,0.0,1.9669695729859277e+17,5.023337857226738e-07,ok,
49,TRIAL_049,AP3.8,1800.0,1.1,6.863735268152632e+19,0.0003532752029425975,519754.0997222178,43235270510889.76,7.789406175697652,21.253198700985447,2365717640302.848,1.0,40,TRIAL_049_AP3p8,rizk2025_refit_plot,rizk2025_refit_full,43235270510889.76,7.886182365830403e+21,7.121761198540554e+24,7.752296888186305e+25,1.3314081597823824e+22,1.2961369945193382e+19,2.428671578953368,129.3737620446009,0.07989253385745901,11.75650240904886,11.83639494290632,3.451358555629936,15.287753498536254,733648341445.2261,1.8341208536130653e+17,533.5574919066092,0.4820936908505897,4172471.0203530537,4160751.247381184,1.0028167444471108,914307955.3012217,914079951.8709341,17360362.647549562,17159584.48541264,1.0002494348878574,1.0117006424198445,0.00872696048238395,7.881041251839518,85.7880092705491,6.32222251712903,6.32222251712903,0.0,5.713123123231912e+24,5.713123123231912e+24,0.0,9.036573938600132e+25,9.036573938600135e+25,1.369403083640766,6803272292566038.0,0.001874262807222314,1.6733816001799462e-07,0.00015107987866314187,0.00015107987866314187,0.15751880955187128,0.15751880955187128,8.534194358305417e+20,0.00018593741156372668,5485699.832500776,1.0999999999999999,43235270510889.76,0.0,6.000604192670517e-26,9.070416521371388e-21,2.428671578953368e-09,1.293737620446009e-07,6.625986945980755e+24,3.7986324218430314e+27,8.465261626276944e+25,0.00079892533857459,11.75650240904886,3.451358555629936,0.1183639494290632,0.15287753498536255,31149109.460140184,6350500772.627914,1.881750893803452e-19,5.335574919066092e-07,6.571182181110166e-13,0.038798511392447,0.0,2.80344615729556e-17,2.4023187514376478e-18,1.8712636518442685e-17,2.3978131732901632e-12,1.6472964643566316e+19,43235270510889.76,0.012358088731826627,0.04578082998392318,1.2965152734621476e-05,4.532090909525553e-06,1.2965152734621476e-05,4.532090909525553e-06,2.3567308536606297e-27,5.448385301410258e+18,1.0178746809111599e+21,7631.25561241611,5.2399455393000225e-19,-344620.2288883075,4.784021310562089e+21,0.0,0.0,0.0,0.0,0.0,0.3333333333333333,0.3333333333333333,2.0,2.721817440169872e-17,1.0037403008245757e-24,0.0,8.162871712568798e-19,,0.0,0.0,0.0,0.0,0.0,2.721817440169872e-17,8.162871712568798e-19,3.580380162509945e-08,5.958219822851664e-16,2.397813173290163e-18,4.50557814748474e-21,,,2.397813173290163e-18,4.50557814748474e-21,,8.580369162343737e-08,3.303940622972829,39881307193886.48,0.0005917456366374359,0.045189084347285746,0.0005917456366374359,0.045189084347285746,0.012358088731826627,0.04578082998392318,False,False,1.0,1.1761124898468769,2.6184800605938265e-08,0.10074798694790253,0.8493893235142794,1.0,2.7288777104023163,2.6404821570034783e-07,0.49055540392166636,0.32319164965358677,0.09279019024137011,0.48988338761954303,0.00079892533857459,0.1175650240904886,True,AP3.8,119.0,8.3,6.863735268152632e+19,$(U_{0.8}Pu_{0.2})N$,0.07989253385745901,0.00872696048238395,7.881041251839518,85.7880092705491,6.32222251712903,0.0,1.8341208536130653e+17,5.335574919066092e-07,ok,
