{
    "N_AVOG": 6.022141e+23,
    "N_BOLT": 1.380649e-23,
    "FISSION_ENERGY": 3.215e-11,
    "FISSION_RATE": 2.711555902961828e+19,
    "FUEL_THERMAL_CONDUCTIVITY": 0.921057318699028,
    "FISSION_YIELD": 0.23301996857843468,
    "LENGTH": 0.0013135209966675925,
    "RADIUS": 1.5127095993353866e-05,
    "T_BC": 429.2968181815659,
    "Maximum cur_err_bounds": 0.0012938001499820748,
    "TIME_ELAPSED": 1242152.2375991344,
    "COST_FO": 3707.1180040836334,
    "COST_POD": 3804.827274084091,
    "COST_EB": 1234639.9740030766
}