Time (h)	Temperature (K)	Fission rate (fiss / m3 s)	Hydrostatic stress (MPa)	Steam pressure (atm)	System pressure (Pa)	O/M ratio (/)	BA2 (gas, at grain boundary) (g/m3)	BA2O (gas, at grain boundary) (g/m3)	BA2O2 (gas, at grain boundary) (g/m3)	BAMOO4 (gas, at grain boundary) (g/m3)	BAO (gas, at grain boundary) (g/m3)	CS (gas, at grain boundary) (g/m3)	CS2 (gas, at grain boundary) (g/m3)	CS2MOO4 (gas, at grain boundary) (g/m3)	CS2O (gas, at grain boundary) (g/m3)	CS2O2 (gas, at grain boundary) (g/m3)	CSO (gas, at grain boundary) (g/m3)	HE (gas, at grain boundary) (g/m3)	MO (gas, at grain boundary) (g/m3)	MO2 (gas, at grain boundary) (g/m3)	MO2O6 (gas, at grain boundary) (g/m3)	MO3O9 (gas, at grain boundary) (g/m3)	MO4O12 (gas, at grain boundary) (g/m3)	MO5O15 (gas, at grain boundary) (g/m3)	MOO (gas, at grain boundary) (g/m3)	MOO2 (gas, at grain boundary) (g/m3)	MOO3 (gas, at grain boundary) (g/m3)	O (gas, at grain boundary) (g/m3)	O2 (gas, at grain boundary) (g/m3)	O3 (gas, at grain boundary) (g/m3)	PD (gas, at grain boundary) (g/m3)	RH (gas, at grain boundary) (g/m3)	RU (gas, at grain boundary) (g/m3)	TC (gas, at grain boundary) (g/m3)	LIQUID (liquid, at grain boundary) (g/m3)	BA2MOO5 (condensed, at grain boundary) (g/m3)	BA3MOO6 (condensed, at grain boundary) (g/m3)	BAMO207 (condensed, at grain boundary) (g/m3)	BAMO3O10 (condensed, at grain boundary) (g/m3)	BAMOO4 (condensed, at grain boundary) (g/m3)	C1_MO2 (condensed, at grain boundary) (g/m3)	CS2MO2O7_S1 (condensed, at grain boundary) (g/m3)	CS2MO2O7_S2 (condensed, at grain boundary) (g/m3)	CS2MO3O10 (condensed, at grain boundary) (g/m3)	CS2MO4O13 (condensed, at grain boundary) (g/m3)	CS2MO5O16 (condensed, at grain boundary) (g/m3)	CS2MO7O22 (condensed, at grain boundary) (g/m3)	CS2MOO4_S1 (condensed, at grain boundary) (g/m3)	CS2MOO4_S2 (condensed, at grain boundary) (g/m3)	CS2O1 (condensed, at grain boundary) (g/m3)	CS2O2 (condensed, at grain boundary) (g/m3)	CS3O (condensed, at grain boundary) (g/m3)	CS4O (condensed, at grain boundary) (g/m3)	CS7O1 (condensed, at grain boundary) (g/m3)	CS7O2 (condensed, at grain boundary) (g/m3)	CSO2 (condensed, at grain boundary) (g/m3)	CSO3 (condensed, at grain boundary) (g/m3)	HALITE (condensed, at grain boundary) (g/m3)	MO2_C11A (condensed, at grain boundary) (g/m3)	MO4O11 (condensed, at grain boundary) (g/m3)	MO8O23 (condensed, at grain boundary) (g/m3)	MO9O26 (condensed, at grain boundary) (g/m3)	MOO2 (condensed, at grain boundary) (g/m3)	MOO3 (condensed, at grain boundary) (g/m3)	PERVSKITE (condensed, at grain boundary) (g/m3)	ZRO2_TETR (condensed, at grain boundary) (g/m3)	A15_CR3SI (condensed, at grain boundary) (g/m3)	BCC_A2 (condensed, at grain boundary) (g/m3)	C14_LAVES (condensed, at grain boundary) (g/m3)	C15_LAVES (condensed, at grain boundary) (g/m3)	DIAMOND_A4 (condensed, at grain boundary) (g/m3)	DIS_SIG (condensed, at grain boundary) (g/m3)	FCC_A1 (condensed, at grain boundary) (g/m3)	HCP_A3 (condensed, at grain boundary) (g/m3)	HCP_DIS (condensed, at grain boundary) (g/m3)	MC_ETA (condensed, at grain boundary) (g/m3)	MO3TE4 (condensed, at grain boundary) (g/m3)	MOPD2 (condensed, at grain boundary) (g/m3)	MOTE2_A (condensed, at grain boundary) (g/m3)	MOTE2_B (condensed, at grain boundary) (g/m3)	ORTHORHOMBIC_A20 (condensed, at grain boundary) (g/m3)	SIGMA (condensed, at grain boundary) (g/m3)	TETRAGONAL_U (condensed, at grain boundary) (g/m3)	O (gas, matrix) (g/m3)	O2 (gas, matrix) (g/m3)	C1_MO2 (condensed, matrix) (g/m3)	PU2O3 (condensed, matrix) (g/m3)	PUO152 (condensed, matrix) (g/m3)	PUO161 (condensed, matrix) (g/m3)	U3O8_S1 (condensed, matrix) (g/m3)	U3O8_S2 (condensed, matrix) (g/m3)	U3O8_S3 (condensed, matrix) (g/m3)	U3O8_S4 (condensed, matrix) (g/m3)	U4O9_S1 (condensed, matrix) (g/m3)	U4O9_S2 (condensed, matrix) (g/m3)	U4O9_S3 (condensed, matrix) (g/m3)	UO3 (condensed, matrix) (g/m3)	
0	1955.013	3.45e+19	0	0	100000	1.975	0	0	0	0	0	0	0	0	0	0	0	0	0	0	0	0	0	0	0	0	0	0	0	0	0	0	0	0	0	0	0	0	0	0	0	0	0	0	0	0	0	0	0	0	0	0	0	0	0	0	0	0	0	0	0	0	0	0	0	0	0	0	0	0	0	0	0	0	0	0	0	0	0	0	0	0	0	0	0	0	0	0	0	0	0	0	0	0	0	0	0	
28	1955.013	3.45e+19	0	0	100000	1.97461358	0	0	0	0	0	0	0	0	0	0	0	0	0	0	0	0	0	0	0	0	0	0	0	0	0	0	0	0	0	0	0	0	0	0	0	0	0	0	0	0	0	0	0	0	0	0	0	0	0	0	0	0	0	0	0	0	0	0	0	0	0	0	0	0	0	0	0	0	0	0	0	0	0	0	0	0	0	0	0	0	0	0	0	0	0	0	0	0	0	0	0	
56	1955.013	3.45e+19	0	0	100000	1.97422716	1.346e-09	0.0003984	0.0001468	4.603e-08	0.0115	53.04	0.3108	0.0002488	0.002056	1.381e-10	5.562e-05	0	5.59e-05	7.863e-16	5.506e-19	1.536e-27	2.3e-28	2.875e-28	1.054e-09	1.895e-09	8.253e-11	0.001393	2.911e-11	3.196e-24	0.009432	1.878e-08	5.765e-09	2.415e-09	206.9	0	0	0	0	0	0	0	0	0	0	0	0	0	0	0	0	0	0	0	0	0	0	0	0	0	0	0	0	0	0	0	0	0	0	0	0	0	0	817.8	0	0	0	0	0	0	0	0	0	0	0	0	0	0	0	0	0	0	0	0	0	0	0	
84	1955.013	3.45e+19	0	0	100000	1.97384074	1.404e-09	0.0004061	0.0001462	4.239e-08	0.01131	51.53	0.3019	0.0002211	0.001952	1.281e-10	5.28e-05	0	4.968e-05	7.689e-16	4.687e-19	1.224e-27	2.234e-28	2.793e-28	1.004e-09	1.764e-09	7.505e-11	0.001363	2.7e-11	2.897e-24	0.00915	1.819e-08	5.594e-09	2.346e-09	309.8	0	0	0	0	0	0	0	0	0	0	0	0	0	0	0	0	0	0	0	0	0	0	0	0	0	0	0	0	0	0	0	0	0	0	0	0	0	0	1227	0	0	0	0	0	0	0	0	0	0	0	0	0	0	0	0	0	0	0	0	0	0	0	
112	1955.013	3.45e+19	0	0	100000	1.97345432	1.352e-09	0.0003823	0.0001346	3.609e-08	0.01028	46.27	0.2711	0.0001817	0.001713	1.099e-10	4.633e-05	0	4.083e-05	6.948e-16	3.692e-19	9.029e-28	2.006e-28	2.507e-28	8.841e-10	1.518e-09	6.312e-11	0.001234	2.316e-11	2.428e-24	0.008203	1.629e-08	5.017e-09	2.106e-09	412.2	0	0	0	0	0	0	0	0	0	0	0	0	0	0	0	0	0	0	0	0	0	0	0	0	0	0	0	0	0	0	0	0	0	0	0	0	0	0	1637	0	0	0	0	0	0	0	0	0	0	0	0	0	0	0	0	0	0	0	0	0	0	0	
140	1955.013	3.45e+19	0	0	100000	1.9730679	1.603e-09	0.0004432	0.0001525	3.787e-08	0.01151	51.19	0.2999	0.0001842	0.001853	1.162e-10	5.011e-05	0	4.139e-05	7.737e-16	3.588e-19	8.222e-28	2.219e-28	2.774e-28	9.593e-10	1.61e-09	6.544e-11	0.001375	2.448e-11	2.51e-24	0.009062	1.798e-08	5.544e-09	2.33e-09	514.3	0	0	0	0	0	0	0	0	0	0	0	0	0	0	0	0	0	0	0	0	0	0	0	0	0	0	0	0	0	0	0	0	0	0	0	0	0	0	2046	0	0	0	0	0	0	0	0	0	0	0	0	0	0	0	0	0	0	0	0	0	0	0	
168	1955.013	3.45e+19	0	0	100000	1.97268148	1.846e-09	0.0004988	0.0001678	3.974e-08	0.01257	55.51	0.3252	0.0001876	0.001964	1.205e-10	5.313e-05	0	4.216e-05	8.862e-16	3.591e-19	7.905e-28	2.407e-28	3.008e-28	1.045e-09	1.715e-09	6.817e-11	0.001498	2.538e-11	2.544e-24	0.009707	1.909e-08	5.955e-09	2.524e-09	550.7	0	0	0	0	0	0	0	0	0	0	0	0	0	0	0	0	0	0	0	0	0	0	56.03	0	0	0	0	0	0	0	0	0	0	0	0	0	0	0	2463	0	0	0	0	0	0	0	0	0	0	0	0	0	0	0	0	0	0	0	0	0	0	0	
196	1955.013	3.45e+19	0	0	100000	1.97229506	2.136e-09	0.0005645	0.0001857	4.398e-08	0.01392	61.44	0.3599	0.0002031	0.002126	1.275e-10	5.751e-05	0	4.563e-05	1.121e-15	3.975e-19	8.751e-28	2.664e-28	3.329e-28	1.21e-09	1.941e-09	7.546e-11	0.001655	2.687e-11	2.633e-24	0.01042	2.004e-08	6.436e-09	2.787e-09	435.6	0	0	0	0	0	0	0	0	0	0	0	0	0	0	0	0	0	0	0	0	0	0	241.9	0	0	0	0	0	0	0	0	0	0	0	0	0	0	0	2893	0	0	0	0	0	0	0	0	0	0	0	0	0	0	0	0	0	0	0	0	0	0	0	
224	1955.013	3.45e+19	0	0	100000	1.97190864	2.495e-09	0.0006449	0.0002075	4.915e-08	0.01555	68.65	0.4022	0.000222	0.002324	1.363e-10	6.285e-05	0	4.988e-05	1.431e-15	4.442e-19	9.78e-28	2.976e-28	3.72e-28	1.413e-09	2.218e-09	8.433e-11	0.001846	2.872e-11	2.754e-24	0.01129	2.123e-08	7.019e-09	3.104e-09	254.7	0	0	0	0	0	0	0	0	0	0	0	0	0	0	0	0	0	0	0	0	0	0	483.8	0	0	0	0	0	0	0	0	0	0	0	0	0	0	0	3330	0	0	0	0	0	0	0	0	0	0	0	0	0	0	0	0	0	0	0	0	0	0	0	
252	1955.013	3.45e+19	0	0	100000	1.97152222	2.927e-09	0.0007401	0.000233	5.519e-08	0.01746	77.08	0.4516	0.0002438	0.002553	1.465e-10	6.904e-05	0	5.48e-05	1.833e-15	4.988e-19	1.098e-27	3.342e-28	4.177e-28	1.658e-09	2.545e-09	9.469e-11	0.00207	3.087e-11	2.895e-24	0.01228	2.26e-08	7.688e-09	3.471e-09	5.389	0	0	0	0	0	0	0	0	0	0	0	0	0	0	0	0	0	0	0	0	0	0	784.2	0	0	0	0	0	0	0	0	0	0	0	0	0	0	0	3774	0	0	0	0	0	0	0	0	0	0	0	0	0	0	0	0	0	0	0	0	0	0	0	
280	1955.013	3.45e+19	0	0	100000	1.9711358	3.419e-09	0.000846	0.0002606	5.79e-08	0.01953	86.21	0.5051	0.0002503	0.002794	1.569e-10	7.556e-05	0	5.625e-05	2.055e-15	4.909e-19	1.014e-27	3.738e-28	4.672e-28	1.817e-09	2.729e-09	9.934e-11	0.002309	3.305e-11	3.034e-24	0.01373	2.525e-08	8.594e-09	3.882e-09	0	0	0	0	0	0	0	0	0	0	0	0	0	0	0	0	0	0	0	0	0	0	0	876.5	0	0	0	0	0	0	0	0	0	0	0	0	0	0	0	4194	0	0	0	0	0	0	0	0	0	0	0	0	0	0	0	0	0	0	0	0	0	0	0	
308	1955.013	3.45e+19	0	0	100000	1.97074938	3.984e-09	0.0009648	0.0002909	6.058e-08	0.0218	96.22	0.5637	0.0002563	0.003052	1.677e-10	8.254e-05	0	5.76e-05	2.294e-15	4.814e-19	9.321e-28	4.172e-28	5.215e-28	1.984e-09	2.918e-09	1.039e-10	0.002571	3.534e-11	3.174e-24	0.01532	2.818e-08	9.592e-09	4.333e-09	0	0	0	0	0	0	0	0	0	0	0	0	0	0	0	0	0	0	0	0	0	0	0	964.1	0	0	0	0	0	0	0	0	0	0	0	0	0	0	0	4613	0	0	0	0	0	0	0	0	0	0	0	0	0	0	0	0	0	0	0	0	0	0	0	
336	1955.013	3.45e+19	0	0	100000	1.97036296	4.621e-09	0.001096	0.0003233	6.315e-08	0.02423	107	0.6266	0.0002616	0.00332	1.786e-10	8.98e-05	0	5.878e-05	2.549e-15	4.707e-19	8.548e-28	4.637e-28	5.796e-28	2.159e-09	3.107e-09	1.083e-10	0.002851	3.763e-11	3.309e-24	0.01703	3.132e-08	1.066e-08	4.816e-09	0	0	0	0	0	0	0	0	0	0	0	0	0	0	0	0	0	0	0	0	0	0	0	1052	0	0	0	0	0	0	0	0	0	0	0	0	0	0	0	5032	0	0	0	0	0	0	0	0	0	0	0	0	0	0	0	0	0	0	0	0	0	0	0	
364	1955.013	3.45e+19	0	0	100000	1.96997654	5.335e-09	0.001238	0.0003577	6.558e-08	0.02681	118.3	0.6934	0.0002659	0.003597	1.894e-10	9.729e-05	0	5.976e-05	2.821e-15	4.587e-19	7.816e-28	5.131e-28	6.414e-28	2.339e-09	3.296e-09	1.125e-10	0.003148	3.991e-11	3.436e-24	0.01885	3.466e-08	1.18e-08	5.329e-09	0	0	0	0	0	0	0	0	0	0	0	0	0	0	0	0	0	0	0	0	0	0	0	1139	0	0	0	0	0	0	0	0	0	0	0	0	0	0	0	5452	0	0	0	0	0	0	0	0	0	0	0	0	0	0	0	0	0	0	0	0	0	0	0	
392	1955.013	3.45e+19	0	0	100000	1.96959012	6.131e-09	0.001393	0.0003942	6.785e-08	0.02954	130.4	0.764	0.0002694	0.003881	2.001e-10	0.000105	0	6.054e-05	3.108e-15	4.456e-19	7.129e-28	5.654e-28	7.067e-28	2.524e-09	3.482e-09	1.164e-10	0.003462	4.217e-11	3.555e-24	0.02077	3.819e-08	1.3e-08	5.872e-09	0	0	0	0	0	0	0	0	0	0	0	0	0	0	0	0	0	0	0	0	0	0	0	1227	0	0	0	0	0	0	0	0	0	0	0	0	0	0	0	5871	0	0	0	0	0	0	0	0	0	0	0	0	0	0	0	0	0	0	0	0	0	0	0	
420	1955.013	3.45e+19	0	0	100000	1.9692037	7.016e-09	0.001562	0.0004327	6.996e-08	0.03243	143.1	0.8386	0.000272	0.004172	2.107e-10	0.0001128	0	6.114e-05	3.412e-15	4.316e-19	6.487e-28	6.206e-28	7.757e-28	2.713e-09	3.666e-09	1.2e-10	0.003793	4.44e-11	3.665e-24	0.02279	4.192e-08	1.427e-08	6.446e-09	0	0	0	0	0	0	0	0	0	0	0	0	0	0	0	0	0	0	0	0	0	0	0	1315	0	0	0	0	0	0	0	0	0	0	0	0	0	0	0	6291	0	0	0	0	0	0	0	0	0	0	0	0	0	0	0	0	0	0	0	0	0	0	0	
448	1955.013	3.45e+19	0	0	100000	1.96881728	7.998e-09	0.001744	0.0004732	7.192e-08	0.03547	156.6	0.9172	0.0002739	0.00447	2.211e-10	0.0001209	0	6.156e-05	3.732e-15	4.17e-19	5.891e-28	6.788e-28	8.484e-28	2.906e-09	3.847e-09	1.234e-10	0.004141	4.66e-11	3.768e-24	0.02493	4.585e-08	1.561e-08	7.05e-09	0	0	0	0	0	0	0	0	0	0	0	0	0	0	0	0	0	0	0	0	0	0	0	1402	0	0	0	0	0	0	0	0	0	0	0	0	0	0	0	6710	0	0	0	0	0	0	0	0	0	0	0	0	0	0	0	0	0	0	0	0	0	0	0	
476	1955.013	3.45e+19	0	0	100000	1.96843086	9.083e-09	0.00194	0.0005159	7.372e-08	0.03866	170.7	0.9999	0.0002751	0.004774	2.314e-10	0.0001291	0	6.183e-05	4.068e-15	4.02e-19	5.549e-28	7.399e-28	9.249e-28	3.104e-09	4.025e-09	1.265e-10	0.004507	4.875e-11	3.862e-24	0.02718	4.998e-08	1.701e-08	7.685e-09	0	0	0	0	0	0	0	0	0	0	0	0	0	0	0	0	0	0	0	0	0	0	0	1490	0	0	0	0	0	0	0	0	0	0	0	0	0	0	0	7129	0	0	0	0	0	0	0	0	0	0	0	0	0	0	0	0	0	0	0	0	0	0	0	
504	1955.013	3.45e+19	0	0	100000	1.96804444	1.028e-08	0.002152	0.0005607	7.538e-08	0.04202	185.5	1.087	0.0002756	0.005083	2.414e-10	0.0001375	0	6.194e-05	4.421e-15	3.867e-19	6.031e-28	8.041e-28	1.005e-27	3.305e-09	4.2e-09	1.293e-10	0.004891	5.087e-11	3.949e-24	0.02953	5.432e-08	1.849e-08	8.352e-09	0	0	0	0	0	0	0	0	0	0	0	0	0	0	0	0	0	0	0	0	0	0	0	1578	0	0	0	0	0	0	0	0	0	0	0	0	0	0	0	7549	0	0	0	0	0	0	0	0	0	0	0	0	0	0	0	0	0	0	0	0	0	0	0	
532	1955.013	3.45e+19	0	0	100000	1.96765802	1.16e-08	0.002379	0.0006075	7.688e-08	0.04553	201	1.177	0.0002755	0.005398	2.513e-10	0.000146	0	6.192e-05	4.79e-15	3.712e-19	6.535e-28	8.713e-28	1.089e-27	3.51e-09	4.371e-09	1.319e-10	0.005292	5.294e-11	4.028e-24	0.032	5.885e-08	2.003e-08	9.049e-09	0	0	0	0	0	0	0	0	0	0	0	0	0	0	0	0	0	0	0	0	0	0	0	1665	0	0	0	0	0	0	0	0	0	0	0	0	0	0	0	7968	0	0	0	0	0	0	0	0	0	0	0	0	0	0	0	0	0	0	0	0	0	0	0	
560	1955.013	3.45e+19	0	0	100000	1.9672716	1.304e-08	0.002622	0.0006564	7.823e-08	0.04919	217.1	1.272	0.0002748	0.005717	2.608e-10	0.0001546	0	6.176e-05	5.176e-15	3.557e-19	7.06e-28	9.414e-28	1.177e-27	3.717e-09	4.538e-09	1.342e-10	0.00571	5.496e-11	4.098e-24	0.03458	6.359e-08	2.165e-08	9.777e-09	0	0	0	0	0	0	0	0	0	0	0	0	0	0	0	0	0	0	0	0	0	0	0	1753	0	0	0	0	0	0	0	0	0	0	0	0	0	0	0	8387	0	0	0	0	0	0	0	0	0	0	0	0	0	0	0	0	0	0	0	0	0	0	0	
588	1955.013	3.45e+19	0	0	100000	1.96688518	1.462e-08	0.002882	0.0007072	7.942e-08	0.053	234	1.371	0.0002735	0.006039	2.701e-10	0.0001633	0	6.147e-05	5.577e-15	3.403e-19	7.607e-28	1.014e-27	1.268e-27	3.927e-09	4.699e-09	1.363e-10	0.006145	5.691e-11	4.161e-24	0.03725	6.852e-08	2.332e-08	1.054e-08	0	0	0	0	0	0	0	0	0	0	0	0	0	0	0	0	0	0	0	0	0	0	0	1841	0	0	0	0	0	0	0	0	0	0	0	0	0	0	0	8807	0	0	0	0	0	0	0	0	0	0	0	0	0	0	0	0	0	0	0	0	0	0	0	
616	1955.013	3.45e+19	0	0	100000	1.96649876	1.634e-08	0.003159	0.00076	8.046e-08	0.05696	251.4	1.473	0.0002716	0.006363	2.791e-10	0.0001721	0	6.105e-05	5.993e-15	3.249e-19	8.175e-28	1.09e-27	1.363e-27	4.138e-09	4.855e-09	1.38e-10	0.006596	5.88e-11	4.215e-24	0.04004	7.363e-08	2.506e-08	1.132e-08	0	0	0	0	0	0	0	0	0	0	0	0	0	0	0	0	0	0	0	0	0	0	0	1928	0	0	0	0	0	0	0	0	0	0	0	0	0	0	0	9226	0	0	0	0	0	0	0	0	0	0	0	0	0	0	0	0	0	0	0	0	0	0	0	
644	1955.013	3.45e+19	0	0	100000	1.96611234	1.822e-08	0.003453	0.0008147	8.134e-08	0.06106	269.5	1.579	0.0002693	0.006689	2.877e-10	0.0001809	0	6.053e-05	6.425e-15	3.098e-19	8.764e-28	1.169e-27	1.461e-27	4.35e-09	5.005e-09	1.395e-10	0.007064	6.062e-11	4.261e-24	0.04292	7.893e-08	2.687e-08	1.214e-08	0	0	0	0	0	0	0	0	0	0	0	0	0	0	0	0	0	0	0	0	0	0	0	2016	0	0	0	0	0	0	0	0	0	0	0	0	0	0	0	9646	0	0	0	0	0	0	0	0	0	0	0	0	0	0	0	0	0	0	0	0	0	0	0	
672	1955.013	3.45e+19	0	0	100000	1.96572592	2.025e-08	0.003765	0.0008713	8.208e-08	0.0653	288.2	1.689	0.0002665	0.007016	2.96e-10	0.0001898	0	5.991e-05	6.871e-15	2.95e-19	9.372e-28	1.25e-27	1.562e-27	4.562e-09	5.149e-09	1.408e-10	0.007547	6.237e-11	4.3e-24	0.0459	8.441e-08	2.873e-08	1.298e-08	0	0	0	0	0	0	0	0	0	0	0	0	0	0	0	0	0	0	0	0	0	0	0	2103	0	0	0	0	0	0	0	0	0	0	0	0	0	0	0	1.006e+04	0	0	0	0	0	0	0	0	0	0	0	0	0	0	0	0	0	0	0	0	0	0	0	
700	1955.013	3.45e+19	0	0	100000	1.9653395	2.246e-08	0.004095	0.0009297	8.267e-08	0.06967	307.5	1.802	0.0002633	0.007343	3.039e-10	0.0001986	0	5.919e-05	7.331e-15	2.805e-19	1e-27	1.333e-27	1.667e-27	4.775e-09	5.287e-09	1.418e-10	0.008045	6.403e-11	4.331e-24	0.04897	9.007e-08	3.066e-08	1.385e-08	0	0	0	0	0	0	0	0	0	0	0	0	0	0	0	0	0	0	0	0	0	0	0	2191	0	0	0	0	0	0	0	0	0	0	0	0	0	0	0	1.048e+04	0	0	0	0	0	0	0	0	0	0	0	0	0	0	0	0	0	0	0	0	0	0	0	
728	1955.013	3.45e+19	0	0	100000	1.96495308	2.484e-08	0.004444	0.0009898	8.312e-08	0.07418	327.4	1.918	0.0002598	0.007671	3.114e-10	0.0002075	0	5.84e-05	7.805e-15	2.663e-19	1.065e-27	1.42e-27	1.775e-27	4.988e-09	5.419e-09	1.426e-10	0.008558	6.563e-11	4.355e-24	0.05214	9.59e-08	3.264e-08	1.474e-08	0	0	0	0	0	0	0	0	0	0	0	0	0	0	0	0	0	0	0	0	0	0	0	2279	0	0	0	0	0	0	0	0	0	0	0	0	0	0	0	1.09e+04	0	0	0	0	0	0	0	0	0	0	0	0	0	0	0	0	0	0	0	0	0	0	0	
756	1955.013	3.45e+19	0	0	100000	1.96456666	2.741e-08	0.004812	0.001052	8.345e-08	0.07882	347.9	2.038	0.0002559	0.007998	3.186e-10	0.0002163	0	5.753e-05	8.293e-15	2.526e-19	1.131e-27	1.508e-27	1.885e-27	5.201e-09	5.544e-09	1.432e-10	0.009086	6.714e-11	4.372e-24	0.0554	1.019e-07	3.468e-08	1.567e-08	0	0	0	0	0	0	0	0	0	0	0	0	0	0	0	0	0	0	0	0	0	0	0	2366	0	0	0	0	0	0	0	0	0	0	0	0	0	0	0	1.132e+04	0	0	0	0	0	0	0	0	0	0	0	0	0	0	0	0	0	0	0	0	0	0	0	
784	1955.013	3.45e+19	0	0	100000	1.96418024	3.018e-08	0.0052	0.001115	8.365e-08	0.08359	368.9	2.161	0.0002518	0.008324	3.255e-10	0.0002252	0	5.66e-05	8.795e-15	2.394e-19	1.2e-27	1.6e-27	2e-27	5.413e-09	5.663e-09	1.435e-10	0.009629	6.858e-11	4.382e-24	0.05875	1.081e-07	3.678e-08	1.661e-08	0	0	0	0	0	0	0	0	0	0	0	0	0	0	0	0	0	0	0	0	0	0	0	2454	0	0	0	0	0	0	0	0	0	0	0	0	0	0	0	1.174e+04	0	0	0	0	0	0	0	0	0	0	0	0	0	0	0	0	0	0	0	0	0	0	0	
812	1955.013	3.45e+19	0	0	100000	1.96379382	3.316e-08	0.005608	0.001181	8.374e-08	0.08848	390.6	2.288	0.0002474	0.008649	3.319e-10	0.0002339	0	5.561e-05	9.31e-15	2.266e-19	1.27e-27	1.693e-27	2.117e-27	5.624e-09	5.775e-09	1.437e-10	0.01019	6.994e-11	4.387e-24	0.06219	1.144e-07	3.893e-08	1.759e-08	0	0	0	0	0	0	0	0	0	0	0	0	0	0	0	0	0	0	0	0	0	0	0	2542	0	0	0	0	0	0	0	0	0	0	0	0	0	0	0	1.216e+04	0	0	0	0	0	0	0	0	0	0	0	0	0	0	0	0	0	0	0	0	0	0	0	
840	1955.013	3.45e+19	0	0	100000	1.9634074	3.636e-08	0.006037	0.001248	8.372e-08	0.0935	412.7	2.418	0.0002428	0.008972	3.38e-10	0.0002427	0	5.458e-05	9.838e-15	2.143e-19	1.342e-27	1.789e-27	2.237e-27	5.835e-09	5.881e-09	1.436e-10	0.01076	7.123e-11	4.386e-24	0.06572	1.209e-07	4.114e-08	1.859e-08	0	0	0	0	0	0	0	0	0	0	0	0	0	0	0	0	0	0	0	0	0	0	0	2629	0	0	0	0	0	0	0	0	0	0	0	0	0	0	0	1.258e+04	0	0	0	0	0	0	0	0	0	0	0	0	0	0	0	0	0	0	0	0	0	0	0	
868	1955.013	3.45e+19	0	0	100000	1.96302098	3.98e-08	0.006487	0.001316	8.36e-08	0.09865	435.4	2.551	0.000238	0.009294	3.438e-10	0.0002514	0	5.351e-05	1.038e-14	2.026e-19	1.416e-27	1.888e-27	2.36e-27	6.044e-09	5.981e-09	1.434e-10	0.01134	7.244e-11	4.379e-24	0.06934	1.275e-07	4.341e-08	1.961e-08	0	0	0	0	0	0	0	0	0	0	0	0	0	0	0	0	0	0	0	0	0	0	0	2717	0	0	0	0	0	0	0	0	0	0	0	0	0	0	0	1.3e+04	0	0	0	0	0	0	0	0	0	0	0	0	0	0	0	0	0	0	0	0	0	0	0	
896	1955.013	3.45e+19	0	0	100000	1.96263456	4.348e-08	0.006959	0.001387	8.338e-08	0.1039	458.7	2.687	0.0002331	0.009613	3.492e-10	0.00026	0	5.241e-05	1.093e-14	1.913e-19	1.492e-27	1.989e-27	2.486e-27	6.252e-09	6.076e-09	1.431e-10	0.01194	7.358e-11	4.368e-24	0.07304	1.343e-07	4.573e-08	2.066e-08	0	0	0	0	0	0	0	0	0	0	0	0	0	0	0	0	0	0	0	0	0	0	0	2805	0	0	0	0	0	0	0	0	0	0	0	0	0	0	0	1.342e+04	0	0	0	0	0	0	0	0	0	0	0	0	0	0	0	0	0	0	0	0	0	0	0	
924	1955.013	3.45e+19	0	0	100000	1.96224814	4.741e-08	0.007453	0.001459	8.308e-08	0.1093	482.5	2.826	0.0002281	0.009931	3.543e-10	0.0002686	0	5.129e-05	1.15e-14	1.806e-19	1.569e-27	2.092e-27	2.615e-27	6.459e-09	6.164e-09	1.425e-10	0.01256	7.465e-11	4.352e-24	0.07683	1.413e-07	4.81e-08	2.173e-08	0	0	0	0	0	0	0	0	0	0	0	0	0	0	0	0	0	0	0	0	0	0	0	2892	0	0	0	0	0	0	0	0	0	0	0	0	0	0	0	1.384e+04	0	0	0	0	0	0	0	0	0	0	0	0	0	0	0	0	0	0	0	0	0	0	0	
952	1955.013	3.45e+19	0	0	100000	1.96186172	5.162e-08	0.007971	0.001532	8.27e-08	0.1148	506.8	2.969	0.000223	0.01025	3.59e-10	0.0002772	0	5.015e-05	1.208e-14	1.703e-19	1.648e-27	2.197e-27	2.747e-27	6.664e-09	6.247e-09	1.419e-10	0.01318	7.566e-11	4.332e-24	0.0807	1.484e-07	5.052e-08	2.282e-08	0	0	0	0	0	0	0	0	0	0	0	0	0	0	0	0	0	0	0	0	0	0	0	2980	0	0	0	0	0	0	0	0	0	0	0	0	0	0	0	1.426e+04	0	0	0	0	0	0	0	0	0	0	0	0	0	0	0	0	0	0	0	0	0	0	0	
980	1955.013	3.45e+19	0	0	100000	1.9614753	5.611e-08	0.008512	0.001607	8.225e-08	0.1204	531.6	3.114	0.0002179	0.01056	3.634e-10	0.0002856	0	4.899e-05	1.267e-14	1.606e-19	1.729e-27	2.305e-27	2.881e-27	6.867e-09	6.324e-09	1.411e-10	0.01382	7.659e-11	4.309e-24	0.08466	1.557e-07	5.3e-08	2.394e-08	0	0	0	0	0	0	0	0	0	0	0	0	0	0	0	0	0	0	0	0	0	0	0	3067	0	0	0	0	0	0	0	0	0	0	0	0	0	0	0	1.468e+04	0	0	0	0	0	0	0	0	0	0	0	0	0	0	0	0	0	0	0	0	0	0	0	
1008	1955.013	3.45e+19	0	0	100000	1.96108888	6.091e-08	0.009077	0.001684	8.172e-08	0.1262	557	3.263	0.0002127	0.01087	3.676e-10	0.000294	0	4.783e-05	1.328e-14	1.513e-19	1.811e-27	2.415e-27	3.019e-27	7.069e-09	6.396e-09	1.402e-10	0.01448	7.746e-11	4.281e-24	0.0887	1.631e-07	5.553e-08	2.508e-08	0	0	0	0	0	0	0	0	0	0	0	0	0	0	0	0	0	0	0	0	0	0	0	3155	0	0	0	0	0	0	0	0	0	0	0	0	0	0	0	1.51e+04	0	0	0	0	0	0	0	0	0	0	0	0	0	0	0	0	0	0	0	0	0	0	0	
1036	1955.013	3.45e+19	0	0	100000	1.96070246	6.601e-08	0.009667	0.001762	8.114e-08	0.1321	582.9	3.415	0.0002075	0.01118	3.714e-10	0.0003023	0	4.667e-05	1.39e-14	1.425e-19	1.895e-27	2.527e-27	3.159e-27	7.269e-09	6.462e-09	1.392e-10	0.01515	7.827e-11	4.251e-24	0.09282	1.707e-07	5.811e-08	2.625e-08	0	0	0	0	0	0	0	0	0	0	0	0	0	0	0	0	0	0	0	0	0	0	0	3243	0	0	0	0	0	0	0	0	0	0	0	0	0	0	0	1.552e+04	0	0	0	0	0	0	0	0	0	0	0	0	0	0	0	0	0	0	0	0	0	0	0	
1064	1955.013	3.45e+19	0	0	100000	1.96031604	7.145e-08	0.01028	0.001842	8.05e-08	0.138	609.3	3.569	0.0002024	0.01148	3.749e-10	0.0003106	0	4.55e-05	1.453e-14	1.342e-19	1.981e-27	2.642e-27	3.302e-27	7.467e-09	6.524e-09	1.381e-10	0.01583	7.901e-11	4.217e-24	0.09703	1.785e-07	6.074e-08	2.744e-08	0	0	0	0	0	0	0	0	0	0	0	0	0	0	0	0	0	0	0	0	0	0	0	3330	0	0	0	0	0	0	0	0	0	0	0	0	0	0	0	1.594e+04	0	0	0	0	0	0	0	0	0	0	0	0	0	0	0	0	0	0	0	0	0	0	0	
1092	1955.013	3.45e+19	0	0	100000	1.95992962	7.722e-08	0.01092	0.001923	7.981e-08	0.1441	636.2	3.727	0.0001972	0.01178	3.782e-10	0.0003187	0	4.434e-05	1.517e-14	1.264e-19	2.069e-27	2.758e-27	3.448e-27	7.663e-09	6.581e-09	1.369e-10	0.01652	7.97e-11	4.181e-24	0.1013	1.863e-07	6.342e-08	2.865e-08	0	0	0	0	0	0	0	0	0	0	0	0	0	0	0	0	0	0	0	0	0	0	0	3418	0	0	0	0	0	0	0	0	0	0	0	0	0	0	0	1.636e+04	0	0	0	0	0	0	0	0	0	0	0	0	0	0	0	0	0	0	0	0	0	0	0	
1120	1955.013	3.45e+19	0	0	100000	1.9595432	8.336e-08	0.01159	0.002006	7.907e-08	0.1503	663.6	3.887	0.000192	0.01208	3.812e-10	0.0003268	0	4.319e-05	1.582e-14	1.189e-19	2.158e-27	2.877e-27	3.597e-27	7.857e-09	6.633e-09	1.357e-10	0.01723	8.033e-11	4.142e-24	0.1057	1.944e-07	6.616e-08	2.988e-08	0	0	0	0	0	0	0	0	0	0	0	0	0	0	0	0	0	0	0	0	0	0	0	3506	0	0	0	0	0	0	0	0	0	0	0	0	0	0	0	1.678e+04	0	0	0	0	0	0	0	0	0	0	0	0	0	0	0	0	0	0	0	0	0	0	0	
1148	1955.013	3.45e+19	0	0	100000	1.95915678	8.987e-08	0.01229	0.00209	7.829e-08	0.1567	691.5	4.051	0.0001869	0.01238	3.839e-10	0.0003348	0	4.204e-05	1.649e-14	1.119e-19	2.249e-27	2.998e-27	3.748e-27	8.05e-09	6.68e-09	1.343e-10	0.01795	8.091e-11	4.102e-24	0.1101	2.025e-07	6.894e-08	3.114e-08	0	0	0	0	0	0	0	0	0	0	0	0	0	0	0	0	0	0	0	0	0	0	0	3593	0	0	0	0	0	0	0	0	0	0	0	0	0	0	0	1.719e+04	0	0	0	0	0	0	0	0	0	0	0	0	0	0	0	0	0	0	0	0	0	0	0	
1176	1955.013	3.45e+19	0	0	100000	1.95877036	9.678e-08	0.01301	0.002176	7.748e-08	0.1631	719.9	4.217	0.0001819	0.01267	3.864e-10	0.0003427	0	4.091e-05	1.716e-14	1.052e-19	2.341e-27	3.121e-27	3.902e-27	8.24e-09	6.723e-09	1.329e-10	0.01869	8.143e-11	4.059e-24	0.1146	2.108e-07	7.177e-08	3.242e-08	0	0	0	0	0	0	0	0	0	0	0	0	0	0	0	0	0	0	0	0	0	0	0	3681	0	0	0	0	0	0	0	0	0	0	0	0	0	0	0	1.761e+04	0	0	0	0	0	0	0	0	0	0	0	0	0	0	0	0	0	0	0	0	0	0	0	
1204	1955.013	3.45e+19	0	0	100000	1.95838394	1.041e-07	0.01376	0.002264	7.663e-08	0.1696	748.8	4.386	0.0001769	0.01296	3.886e-10	0.0003505	0	3.979e-05	1.785e-14	9.897e-20	2.435e-27	3.247e-27	4.058e-27	8.428e-09	6.762e-09	1.315e-10	0.01943	8.19e-11	4.014e-24	0.1192	2.193e-07	7.465e-08	3.372e-08	0	0	0	0	0	0	0	0	0	0	0	0	0	0	0	0	0	0	0	0	0	0	0	3768	0	0	0	0	0	0	0	0	0	0	0	0	0	0	0	1.803e+04	0	0	0	0	0	0	0	0	0	0	0	0	0	0	0	0	0	0	0	0	0	0	0	
1232	1955.013	3.45e+19	0	0	100000	1.95799752	1.119e-07	0.01454	0.002352	7.575e-08	0.1763	778.1	4.558	0.000172	0.01324	3.906e-10	0.0003582	0	3.868e-05	1.855e-14	9.307e-20	2.53e-27	3.374e-27	4.217e-27	8.613e-09	6.797e-09	1.3e-10	0.02019	8.232e-11	3.968e-24	0.1239	2.279e-07	7.758e-08	3.504e-08	0	0	0	0	0	0	0	0	0	0	0	0	0	0	0	0	0	0	0	0	0	0	0	3856	0	0	0	0	0	0	0	0	0	0	0	0	0	0	0	1.845e+04	0	0	0	0	0	0	0	0	0	0	0	0	0	0	0	0	0	0	0	0	0	0	0	
1260	1955.013	3.45e+19	0	0	100000	1.9576111	1.201e-07	0.01535	0.002443	7.485e-08	0.1831	808	4.733	0.0001671	0.01352	3.924e-10	0.0003659	0	3.759e-05	1.926e-14	8.75e-20	2.627e-27	3.503e-27	4.379e-27	8.797e-09	6.828e-09	1.284e-10	0.02097	8.269e-11	3.921e-24	0.1287	2.366e-07	8.055e-08	3.639e-08	0	0	0	0	0	0	0	0	0	0	0	0	0	0	0	0	0	0	0	0	0	0	0	3944	0	0	0	0	0	0	0	0	0	0	0	0	0	0	0	1.887e+04	0	0	0	0	0	0	0	0	0	0	0	0	0	0	0	0	0	0	0	0	0	0	0	
1288	1955.013	3.45e+19	0	0	100000	1.95722468	1.287e-07	0.01619	0.002534	7.392e-08	0.1899	838.3	4.911	0.0001624	0.0138	3.939e-10	0.0003734	0	3.652e-05	1.999e-14	8.226e-20	2.726e-27	3.635e-27	4.543e-27	8.978e-09	6.855e-09	1.268e-10	0.02175	8.302e-11	3.872e-24	0.1335	2.455e-07	8.357e-08	3.775e-08	0	0	0	0	0	0	0	0	0	0	0	0	0	0	0	0	0	0	0	0	0	0	0	4031	0	0	0	0	0	0	0	0	0	0	0	0	0	0	0	1.929e+04	0	0	0	0	0	0	0	0	0	0	0	0	0	0	0	0	0	0	0	0	0	0	0	
1316	1955.013	3.45e+19	0	0	100000	1.95683826	1.379e-07	0.01706	0.002627	7.297e-08	0.1969	869.1	5.091	0.0001577	0.01408	3.953e-10	0.0003808	0	3.547e-05	2.072e-14	7.732e-20	2.826e-27	3.768e-27	4.71e-27	9.157e-09	6.879e-09	1.252e-10	0.02255	8.331e-11	3.823e-24	0.1384	2.545e-07	8.664e-08	3.914e-08	0	0	0	0	0	0	0	0	0	0	0	0	0	0	0	0	0	0	0	0	0	0	0	4119	0	0	0	0	0	0	0	0	0	0	0	0	0	0	0	1.971e+04	0	0	0	0	0	0	0	0	0	0	0	0	0	0	0	0	0	0	0	0	0	0	0	
1344	1955.013	3.45e+19	0	0	100000	1.95645184	1.475e-07	0.01796	0.002722	7.201e-08	0.204	900.3	5.274	0.0001531	0.01435	3.964e-10	0.0003882	0	3.444e-05	2.146e-14	7.268e-20	2.928e-27	3.904e-27	4.88e-27	9.334e-09	6.899e-09	1.235e-10	0.02336	8.355e-11	3.772e-24	0.1434	2.637e-07	8.976e-08	4.054e-08	0	0	0	0	0	0	0	0	0	0	0	0	0	0	0	0	0	0	0	0	0	0	0	4206	0	0	0	0	0	0	0	0	0	0	0	0	0	0	0	2.013e+04	0	0	0	0	0	0	0	0	0	0	0	0	0	0	0	0	0	0	0	0	0	0	0	
1372	1955.013	3.45e+19	0	0	100000	1.95606542	1.577e-07	0.0189	0.002818	7.103e-08	0.2112	932	5.46	0.0001486	0.01462	3.974e-10	0.0003955	0	3.343e-05	2.222e-14	6.831e-20	3.031e-27	4.041e-27	5.052e-27	9.508e-09	6.915e-09	1.219e-10	0.02419	8.375e-11	3.721e-24	0.1484	2.73e-07	9.292e-08	4.197e-08	0	0	0	0	0	0	0	0	0	0	0	0	0	0	0	0	0	0	0	0	0	0	0	4294	0	0	0	0	0	0	0	0	0	0	0	0	0	0	0	2.055e+04	0	0	0	0	0	0	0	0	0	0	0	0	0	0	0	0	0	0	0	0	0	0	0	
1400	1955.013	3.45e+19	0	0	100000	1.955679	1.685e-07	0.01986	0.002915	7.004e-08	0.2185	964.2	5.648	0.0001442	0.01488	3.982e-10	0.0004026	0	3.245e-05	2.299e-14	6.42e-20	3.136e-27	4.181e-27	5.226e-27	9.681e-09	6.929e-09	1.202e-10	0.02502	8.392e-11	3.669e-24	0.1535	2.824e-07	9.613e-08	4.342e-08	0	0	0	0	0	0	0	0	0	0	0	0	0	0	0	0	0	0	0	0	0	0	0	4382	0	0	0	0	0	0	0	0	0	0	0	0	0	0	0	2.097e+04	0	0	0	0	0	0	0	0	0	0	0	0	0	0	0	0	0	0	0	0	0	0	0	
1428	1955.013	3.45e+19	0	0	100000	1.95529258	1.798e-07	0.02086	0.003014	6.904e-08	0.2259	996.8	5.839	0.0001399	0.01514	3.988e-10	0.0004097	0	3.148e-05	2.377e-14	6.034e-20	3.242e-27	4.322e-27	5.403e-27	9.85e-09	6.939e-09	1.184e-10	0.02587	8.404e-11	3.617e-24	0.1587	2.92e-07	9.938e-08	4.489e-08	0	0	0	0	0	0	0	0	0	0	0	0	0	0	0	0	0	0	0	0	0	0	0	4469	0	0	0	0	0	0	0	0	0	0	0	0	0	0	0	2.139e+04	0	0	0	0	0	0	0	0	0	0	0	0	0	0	0	0	0	0	0	0	0	0	0	
1456	1955.013	3.45e+19	0	0	100000	1.95490616	1.917e-07	0.0219	0.003114	6.803e-08	0.2333	1030	6.033	0.0001357	0.0154	3.992e-10	0.0004166	0	3.054e-05	2.455e-14	5.671e-20	3.349e-27	4.466e-27	5.582e-27	1.002e-08	6.947e-09	1.167e-10	0.02673	8.413e-11	3.564e-24	0.164	3.017e-07	1.027e-07	4.638e-08	0	0	0	0	0	0	0	0	0	0	0	0	0	0	0	0	0	0	0	0	0	0	0	4557	0	0	0	0	0	0	0	0	0	0	0	0	0	0	0	2.181e+04	0	0	0	0	0	0	0	0	0	0	0	0	0	0	0	0	0	0	0	0	0	0	0	
1484	1955.013	3.45e+19	0	0	100000	1.95451974	2.043e-07	0.02297	0.003215	6.702e-08	0.2409	1063	6.229	0.0001316	0.01565	3.994e-10	0.0004235	0	2.962e-05	2.535e-14	5.33e-20	3.458e-27	4.611e-27	5.764e-27	1.018e-08	6.952e-09	1.15e-10	0.02761	8.419e-11	3.511e-24	0.1693	3.115e-07	1.06e-07	4.789e-08	0	0	0	0	0	0	0	0	0	0	0	0	0	0	0	0	0	0	0	0	0	0	0	4645	0	0	0	0	0	0	0	0	0	0	0	0	0	0	0	2.223e+04	0	0	0	0	0	0	0	0	0	0	0	0	0	0	0	0	0	0	0	0	0	0	0	
1512	1955.013	3.45e+19	0	0	100000	1.95413332	2.175e-07	0.02407	0.003318	6.6e-08	0.2486	1097	6.428	0.0001276	0.0159	3.996e-10	0.0004303	0	2.872e-05	2.616e-14	5.01e-20	3.569e-27	4.758e-27	5.948e-27	1.035e-08	6.954e-09	1.132e-10	0.02849	8.421e-11	3.457e-24	0.1748	3.214e-07	1.094e-07	4.942e-08	0	0	0	0	0	0	0	0	0	0	0	0	0	0	0	0	0	0	0	0	0	0	0	4732	0	0	0	0	0	0	0	0	0	0	0	0	0	0	0	2.265e+04	0	0	0	0	0	0	0	0	0	0	0	0	0	0	0	0	0	0	0	0	0	0	0	
1540	1955.013	3.45e+19	0	0	100000	1.9537469	2.313e-07	0.02522	0.003422	6.498e-08	0.2564	1132	6.629	0.0001237	0.01615	3.995e-10	0.0004369	0	2.784e-05	2.698e-14	4.709e-20	3.68e-27	4.907e-27	6.134e-27	1.051e-08	6.953e-09	1.115e-10	0.02939	8.42e-11	3.404e-24	0.1802	3.315e-07	1.128e-07	5.097e-08	0	0	0	0	0	0	0	0	0	0	0	0	0	0	0	0	0	0	0	0	0	0	0	4820	0	0	0	0	0	0	0	0	0	0	0	0	0	0	0	2.307e+04	0	0	0	0	0	0	0	0	0	0	0	0	0	0	0	0	0	0	0	0	0	0	0	
1568	1955.013	3.45e+19	0	0	100000	1.95336048	2.459e-07	0.02639	0.003527	6.396e-08	0.2643	1167	6.833	0.0001199	0.01639	3.993e-10	0.0004435	0	2.699e-05	2.781e-14	4.426e-20	3.794e-27	5.058e-27	6.323e-27	1.066e-08	6.95e-09	1.097e-10	0.0303	8.417e-11	3.351e-24	0.1858	3.417e-07	1.163e-07	5.253e-08	0	0	0	0	0	0	0	0	0	0	0	0	0	0	0	0	0	0	0	0	0	0	0	4907	0	0	0	0	0	0	0	0	0	0	0	0	0	0	0	2.349e+04	0	0	0	0	0	0	0	0	0	0	0	0	0	0	0	0	0	0	0	0	0	0	0	
1596	1955.013	3.45e+19	0	0	100000	1.95297406	2.612e-07	0.02761	0.003633	6.294e-08	0.2723	1202	7.04	0.0001162	0.01663	3.99e-10	0.00045	0	2.616e-05	2.865e-14	4.16e-20	3.908e-27	5.211e-27	6.514e-27	1.082e-08	6.944e-09	1.08e-10	0.03122	8.41e-11	3.297e-24	0.1914	3.52e-07	1.198e-07	5.412e-08	0	0	0	0	0	0	0	0	0	0	0	0	0	0	0	0	0	0	0	0	0	0	0	4995	0	0	0	0	0	0	0	0	0	0	0	0	0	0	0	2.39e+04	0	0	0	0	0	0	0	0	0	0	0	0	0	0	0	0	0	0	0	0	0	0	0	
1624	1955.013	3.45e+19	0	0	100000	1.95258764	2.772e-07	0.02886	0.003741	6.193e-08	0.2804	1237	7.248	0.0001126	0.01687	3.986e-10	0.0004563	0	2.535e-05	2.95e-14	3.911e-20	4.024e-27	5.366e-27	6.707e-27	1.097e-08	6.937e-09	1.062e-10	0.03216	8.401e-11	3.244e-24	0.1971	3.625e-07	1.234e-07	5.573e-08	0	0	0	0	0	0	0	0	0	0	0	0	0	0	0	0	0	0	0	0	0	0	0	5083	0	0	0	0	0	0	0	0	0	0	0	0	0	0	0	2.432e+04	0	0	0	0	0	0	0	0	0	0	0	0	0	0	0	0	0	0	0	0	0	0	0	
1652	1955.013	3.45e+19	0	0	100000	1.95220122	2.94e-07	0.03016	0.00385	6.091e-08	0.2886	1274	7.46	0.0001091	0.0171	3.98e-10	0.0004626	0	2.456e-05	3.037e-14	3.677e-20	4.142e-27	5.522e-27	6.903e-27	1.112e-08	6.927e-09	1.045e-10	0.0331	8.389e-11	3.191e-24	0.2028	3.73e-07	1.27e-07	5.735e-08	0	0	0	0	0	0	0	0	0	0	0	0	0	0	0	0	0	0	0	0	0	0	0	5170	0	0	0	0	0	0	0	0	0	0	0	0	0	0	0	2.474e+04	0	0	0	0	0	0	0	0	0	0	0	0	0	0	0	0	0	0	0	0	0	0	0	
1680	1955.013	3.45e+19	0	0	100000	1.9518148	3.117e-07	0.03149	0.003961	5.99e-08	0.2968	1310	7.674	0.0001057	0.01733	3.973e-10	0.0004688	0	2.38e-05	3.124e-14	3.457e-20	4.26e-27	5.681e-27	7.101e-27	1.127e-08	6.915e-09	1.028e-10	0.03406	8.374e-11	3.138e-24	0.2086	3.837e-07	1.306e-07	5.9e-08	0	0	0	0	0	0	0	0	0	0	0	0	0	0	0	0	0	0	0	0	0	0	0	5258	0	0	0	0	0	0	0	0	0	0	0	0	0	0	0	2.516e+04	0	0	0	0	0	0	0	0	0	0	0	0	0	0	0	0	0	0	0	0	0	0	0	
1708	1955.013	3.45e+19	0	0	100000	1.95142838	3.302e-07	0.03286	0.004072	5.89e-08	0.3052	1347	7.89	0.0001024	0.01755	3.965e-10	0.0004749	0	2.306e-05	3.212e-14	3.25e-20	4.381e-27	5.841e-27	7.301e-27	1.142e-08	6.901e-09	1.01e-10	0.03503	8.358e-11	3.085e-24	0.2145	3.945e-07	1.343e-07	6.066e-08	0	0	0	0	0	0	0	0	0	0	0	0	0	0	0	0	0	0	0	0	0	0	0	5345	0	0	0	0	0	0	0	0	0	0	0	0	0	0	0	2.558e+04	0	0	0	0	0	0	0	0	0	0	0	0	0	0	0	0	0	0	0	0	0	0	0	
1736	1955.013	3.45e+19	0	0	100000	1.95104196	3.495e-07	0.03428	0.004185	5.79e-08	0.3137	1384	8.108	9.917e-05	0.01777	3.956e-10	0.0004809	0	2.233e-05	3.301e-14	3.056e-20	4.502e-27	6.003e-27	7.503e-27	1.156e-08	6.885e-09	9.933e-11	0.03601	8.339e-11	3.033e-24	0.2205	4.055e-07	1.38e-07	6.234e-08	0	0	0	0	0	0	0	0	0	0	0	0	0	0	0	0	0	0	0	0	0	0	0	5433	0	0	0	0	0	0	0	0	0	0	0	0	0	0	0	2.6e+04	0	0	0	0	0	0	0	0	0	0	0	0	0	0	0	0	0	0	0	0	0	0	0	
1764	1955.013	3.45e+19	0	0	100000	1.95065554	3.698e-07	0.03574	0.004299	5.691e-08	0.3222	1422	8.329	9.604e-05	0.01799	3.946e-10	0.0004867	0	2.163e-05	3.391e-14	2.874e-20	4.625e-27	6.166e-27	7.708e-27	1.17e-08	6.868e-09	9.763e-11	0.03701	8.317e-11	2.981e-24	0.2265	4.165e-07	1.418e-07	6.404e-08	0	0	0	0	0	0	0	0	0	0	0	0	0	0	0	0	0	0	0	0	0	0	0	5521	0	0	0	0	0	0	0	0	0	0	0	0	0	0	0	2.642e+04	0	0	0	0	0	0	0	0	0	0	0	0	0	0	0	0	0	0	0	0	0	0	0	
1792	1955.013	3.45e+19	0	0	100000	1.95026912	3.91e-07	0.03724	0.004415	5.592e-08	0.3308	1460	8.553	9.301e-05	0.01821	3.935e-10	0.0004925	0	2.095e-05	3.482e-14	2.703e-20	4.749e-27	6.332e-27	7.914e-27	1.184e-08	6.849e-09	9.595e-11	0.03801	8.294e-11	2.93e-24	0.2325	4.277e-07	1.456e-07	6.576e-08	0	0	0	0	0	0	0	0	0	0	0	0	0	0	0	0	0	0	0	0	0	0	0	5608	0	0	0	0	0	0	0	0	0	0	0	0	0	0	0	2.684e+04	0	0	0	0	0	0	0	0	0	0	0	0	0	0	0	0	0	0	0	0	0	0	0	
1820	1955.013	3.45e+19	0	0	100000	1.9498827	4.131e-07	0.03878	0.004531	5.495e-08	0.3396	1499	8.778	9.007e-05	0.01842	3.923e-10	0.0004982	0	2.029e-05	3.573e-14	2.542e-20	4.874e-27	6.499e-27	8.123e-27	1.198e-08	6.828e-09	9.427e-11	0.03903	8.269e-11	2.878e-24	0.2387	4.39e-07	1.494e-07	6.749e-08	0	0	0	0	0	0	0	0	0	0	0	0	0	0	0	0	0	0	0	0	0	0	0	5696	0	0	0	0	0	0	0	0	0	0	0	0	0	0	0	2.726e+04	0	0	0	0	0	0	0	0	0	0	0	0	0	0	0	0	0	0	0	0	0	0	0	
1848	1955.013	3.45e+19	0	0	100000	1.94949628	4.363e-07	0.04036	0.004649	5.398e-08	0.3484	1538	9.006	8.721e-05	0.01862	3.91e-10	0.0005038	0	1.965e-05	3.666e-14	2.392e-20	5.001e-27	6.667e-27	8.334e-27	1.212e-08	6.805e-09	9.261e-11	0.04006	8.242e-11	2.828e-24	0.2449	4.504e-07	1.533e-07	6.924e-08	0	0	0	0	0	0	0	0	0	0	0	0	0	0	0	0	0	0	0	0	0	0	0	5783	0	0	0	0	0	0	0	0	0	0	0	0	0	0	0	2.768e+04	0	0	0	0	0	0	0	0	0	0	0	0	0	0	0	0	0	0	0	0	0	0	0	
1876	1955.013	3.45e+19	0	0	100000	1.94910986	4.605e-07	0.042	0.004768	5.303e-08	0.3573	1577	9.236	8.444e-05	0.01883	3.896e-10	0.0005093	0	1.903e-05	3.76e-14	2.25e-20	5.128e-27	6.838e-27	8.547e-27	1.225e-08	6.781e-09	9.097e-11	0.0411	8.213e-11	2.778e-24	0.2511	4.619e-07	1.572e-07	7.102e-08	0	0	0	0	0	0	0	0	0	0	0	0	0	0	0	0	0	0	0	0	0	0	0	5871	0	0	0	0	0	0	0	0	0	0	0	0	0	0	0	2.81e+04	0	0	0	0	0	0	0	0	0	0	0	0	0	0	0	0	0	0	0	0	0	0	0	
1904	1955.013	3.45e+19	0	0	100000	1.94872344	4.858e-07	0.04367	0.004888	5.208e-08	0.3663	1617	9.469	8.175e-05	0.01903	3.881e-10	0.0005147	0	1.842e-05	3.855e-14	2.117e-20	5.257e-27	7.01e-27	8.762e-27	1.238e-08	6.756e-09	8.935e-11	0.04215	8.182e-11	2.728e-24	0.2574	4.735e-07	1.612e-07	7.28e-08	0	0	0	0	0	0	0	0	0	0	0	0	0	0	0	0	0	0	0	0	0	0	0	5959	0	0	0	0	0	0	0	0	0	0	0	0	0	0	0	2.852e+04	0	0	0	0	0	0	0	0	0	0	0	0	0	0	0	0	0	0	0	0	0	0	0	
1932	1955.013	3.45e+19	0	0	100000	1.94833702	5.122e-07	0.0454	0.005009	5.114e-08	0.3754	1657	9.703	7.915e-05	0.01922	3.866e-10	0.00052	0	1.784e-05	3.95e-14	1.992e-20	5.388e-27	7.184e-27	8.98e-27	1.251e-08	6.73e-09	8.774e-11	0.04321	8.15e-11	2.679e-24	0.2638	4.853e-07	1.652e-07	7.461e-08	0	0	0	0	0	0	0	0	0	0	0	0	0	0	0	0	0	0	0	0	0	0	0	6046	0	0	0	0	0	0	0	0	0	0	0	0	0	0	0	2.894e+04	0	0	0	0	0	0	0	0	0	0	0	0	0	0	0	0	0	0	0	0	0	0	0	
1960	1955.013	3.45e+19	0	0	100000	1.9479506	5.398e-07	0.04717	0.005131	5.021e-08	0.3845	1697	9.94	7.662e-05	0.01942	3.85e-10	0.0005253	0	1.727e-05	4.047e-14	1.875e-20	5.519e-27	7.359e-27	9.199e-27	1.263e-08	6.702e-09	8.615e-11	0.04429	8.116e-11	2.63e-24	0.2703	4.971e-07	1.692e-07	7.643e-08	0	0	0	0	0	0	0	0	0	0	0	0	0	0	0	0	0	0	0	0	0	0	0	6134	0	0	0	0	0	0	0	0	0	0	0	0	0	0	0	2.936e+04	0	0	0	0	0	0	0	0	0	0	0	0	0	0	0	0	0	0	0	0	0	0	0	
1988	1955.013	3.45e+19	0	0	100000	1.94756418	5.685e-07	0.04899	0.005255	4.93e-08	0.3938	1738	10.18	7.417e-05	0.0196	3.833e-10	0.0005304	0	1.672e-05	4.144e-14	1.765e-20	5.652e-27	7.536e-27	9.42e-27	1.275e-08	6.673e-09	8.458e-11	0.04537	8.081e-11	2.582e-24	0.2768	5.091e-07	1.733e-07	7.827e-08	0	0	0	0	0	0	0	0	0	0	0	0	0	0	0	0	0	0	0	0	0	0	0	6221	0	0	0	0	0	0	0	0	0	0	0	0	0	0	0	2.978e+04	0	0	0	0	0	0	0	0	0	0	0	0	0	0	0	0	0	0	0	0	0	0	0	
2016	1955.013	3.45e+19	0	0	100000	1.94717776	5.985e-07	0.05085	0.005379	4.839e-08	0.4031	1779	10.42	7.18e-05	0.01979	3.816e-10	0.0005354	0	1.619e-05	4.242e-14	1.661e-20	5.786e-27	7.715e-27	9.644e-27	1.288e-08	6.643e-09	8.303e-11	0.04647	8.044e-11	2.535e-24	0.2833	5.211e-07	1.774e-07	8.012e-08	0	0	0	0	0	0	0	0	0	0	0	0	0	0	0	0	0	0	0	0	0	0	0	6309	0	0	0	0	0	0	0	0	0	0	0	0	0	0	0	3.02e+04	0	0	0	0	0	0	0	0	0	0	0	0	0	0	0	0	0	0	0	0	0	0	0	
2044	1955.013	3.45e+19	0	0	100000	1.94679134	6.297e-07	0.05277	0.005505	4.75e-08	0.4125	1821	10.66	6.95e-05	0.01997	3.798e-10	0.0005404	0	1.567e-05	4.342e-14	1.564e-20	5.921e-27	7.895e-27	9.869e-27	1.299e-08	6.611e-09	8.149e-11	0.04758	8.006e-11	2.488e-24	0.29	5.333e-07	1.815e-07	8.199e-08	0	0	0	0	0	0	0	0	0	0	0	0	0	0	0	0	0	0	0	0	0	0	0	6396	0	0	0	0	0	0	0	0	0	0	0	0	0	0	0	3.061e+04	0	0	0	0	0	0	0	0	0	0	0	0	0	0	0	0	0	0	0	0	0	0	0	
2072	1955.013	3.45e+19	0	0	100000	1.94640492	6.623e-07	0.05474	0.005632	4.662e-08	0.4221	1862	10.91	6.728e-05	0.02015	3.779e-10	0.0005452	0	1.517e-05	4.442e-14	1.472e-20	6.058e-27	8.077e-27	1.01e-26	1.311e-08	6.579e-09	7.998e-11	0.0487	7.967e-11	2.442e-24	0.2966	5.456e-07	1.857e-07	8.388e-08	0	0	0	0	0	0	0	0	0	0	0	0	0	0	0	0	0	0	0	0	0	0	0	6484	0	0	0	0	0	0	0	0	0	0	0	0	0	0	0	3.103e+04	0	0	0	0	0	0	0	0	0	0	0	0	0	0	0	0	0	0	0	0	0	0	0	
2100	1955.013	3.45e+19	0	0	100000	1.9460185	6.963e-07	0.05676	0.005759	4.575e-08	0.4316	1905	11.16	6.512e-05	0.02033	3.76e-10	0.00055	0	1.469e-05	4.542e-14	1.387e-20	6.195e-27	8.26e-27	1.033e-26	1.323e-08	6.546e-09	7.849e-11	0.04983	7.927e-11	2.396e-24	0.3034	5.58e-07	1.899e-07	8.579e-08	0	0	0	0	0	0	0	0	0	0	0	0	0	0	0	0	0	0	0	0	0	0	0	6572	0	0	0	0	0	0	0	0	0	0	0	0	0	0	0	3.145e+04	0	0	0	0	0	0	0	0	0	0	0	0	0	0	0	0	0	0	0	0	0	0	0	
2128	1955.013	3.45e+19	0	0	100000	1.94563208	7.316e-07	0.05883	0.005888	4.489e-08	0.4413	1947	11.41	6.303e-05	0.0205	3.741e-10	0.0005546	0	1.422e-05	4.644e-14	1.306e-20	6.334e-27	8.445e-27	1.056e-26	1.334e-08	6.512e-09	7.702e-11	0.05097	7.886e-11	2.352e-24	0.3102	5.705e-07	1.942e-07	8.771e-08	0	0	0	0	0	0	0	0	0	0	0	0	0	0	0	0	0	0	0	0	0	0	0	6659	0	0	0	0	0	0	0	0	0	0	0	0	0	0	0	3.187e+04	0	0	0	0	0	0	0	0	0	0	0	0	0	0	0	0	0	0	0	0	0	0	0	
2156	1955.013	3.45e+19	0	0	100000	1.94524566	7.684e-07	0.06095	0.006018	4.405e-08	0.451	1990	11.66	6.1e-05	0.02067	3.72e-10	0.0005592	0	1.377e-05	4.747e-14	1.23e-20	6.474e-27	8.632e-27	1.079e-26	1.345e-08	6.477e-09	7.557e-11	0.05213	7.843e-11	2.307e-24	0.317	5.831e-07	1.985e-07	8.964e-08	0	0	0	0	0	0	0	0	0	0	0	0	0	0	0	0	0	0	0	0	0	0	0	6747	0	0	0	0	0	0	0	0	0	0	0	0	0	0	0	3.229e+04	0	0	0	0	0	0	0	0	0	0	0	0	0	0	0	0	0	0	0	0	0	0	0	
2184	1955.013	3.45e+19	0	0	100000	1.94485924	8.067e-07	0.06313	0.006149	4.321e-08	0.4609	2034	11.91	5.904e-05	0.02083	3.7e-10	0.0005637	0	1.333e-05	4.85e-14	1.159e-20	6.615e-27	8.82e-27	1.102e-26	1.356e-08	6.441e-09	7.414e-11	0.05329	7.8e-11	2.264e-24	0.3239	5.958e-07	2.028e-07	9.16e-08	0	0	0	0	0	0	0	0	0	0	0	0	0	0	0	0	0	0	0	0	0	0	0	6834	0	0	0	0	0	0	0	0	0	0	0	0	0	0	0	3.271e+04	0	0	0	0	0	0	0	0	0	0	0	0	0	0	0	0	0	0	0	0	0	0	0	
2212	1955.013	3.45e+19	0	0	100000	1.94447282	8.466e-07	0.06536	0.006282	4.239e-08	0.4708	2077	12.17	5.714e-05	0.021	3.679e-10	0.0005681	0	1.29e-05	4.954e-14	1.092e-20	6.757e-27	9.009e-27	1.126e-26	1.366e-08	6.404e-09	7.273e-11	0.05447	7.755e-11	2.221e-24	0.3309	6.086e-07	2.071e-07	9.356e-08	0	0	0	0	0	0	0	0	0	0	0	0	0	0	0	0	0	0	0	0	0	0	0	6922	0	0	0	0	0	0	0	0	0	0	0	0	0	0	0	3.313e+04	0	0	0	0	0	0	0	0	0	0	0	0	0	0	0	0	0	0	0	0	0	0	0	
2240	1955.013	3.45e+19	0	0	100000	1.9440864	8.88e-07	0.06765	0.006415	4.158e-08	0.4808	2121	12.43	5.531e-05	0.02116	3.657e-10	0.0005724	0	1.249e-05	5.059e-14	1.028e-20	6.9e-27	9.2e-27	1.15e-26	1.377e-08	6.367e-09	7.134e-11	0.05565	7.71e-11	2.178e-24	0.3379	6.215e-07	2.115e-07	9.555e-08	0	0	0	0	0	0	0	0	0	0	0	0	0	0	0	0	0	0	0	0	0	0	0	7009	0	0	0	0	0	0	0	0	0	0	0	0	0	0	0	3.355e+04	0	0	0	0	0	0	0	0	0	0	0	0	0	0	0	0	0	0	0	0	0	0	0	
2268	1955.013	3.45e+19	0	0	100000	1.94369998	9.311e-07	0.06999	0.006549	4.079e-08	0.4908	2166	12.69	5.353e-05	0.02131	3.635e-10	0.0005766	0	1.209e-05	5.165e-14	9.691e-21	7.045e-27	9.393e-27	1.174e-26	1.387e-08	6.329e-09	6.997e-11	0.05685	7.664e-11	2.136e-24	0.345	6.345e-07	2.16e-07	9.755e-08	0	0	0	0	0	0	0	0	0	0	0	0	0	0	0	0	0	0	0	0	0	0	0	7097	0	0	0	0	0	0	0	0	0	0	0	0	0	0	0	3.397e+04	0	0	0	0	0	0	0	0	0	0	0	0	0	0	0	0	0	0	0	0	0	0	0	
2296	1955.013	3.45e+19	0	0	100000	1.94331356	9.76e-07	0.07239	0.006684	4e-08	0.5009	2211	12.95	5.18e-05	0.02146	3.613e-10	0.0005808	0	1.17e-05	5.272e-14	9.134e-21	7.19e-27	9.587e-27	1.198e-26	1.397e-08	6.29e-09	6.863e-11	0.05806	7.617e-11	2.095e-24	0.3521	6.476e-07	2.204e-07	9.956e-08	0	0	0	0	0	0	0	0	0	0	0	0	0	0	0	0	0	0	0	0	0	0	0	7185	0	0	0	0	0	0	0	0	0	0	0	0	0	0	0	3.439e+04	0	0	0	0	0	0	0	0	0	0	0	0	0	0	0	0	0	0	0	0	0	0	0	
2324	1955.013	3.45e+19	0	0	100000	1.94292714	1.023e-06	0.07485	0.00682	3.923e-08	0.5112	2256	13.21	5.014e-05	0.02161	3.59e-10	0.0005848	0	1.133e-05	5.379e-14	8.609e-21	7.337e-27	9.782e-27	1.223e-26	1.406e-08	6.251e-09	6.73e-11	0.05928	7.57e-11	2.055e-24	0.3593	6.608e-07	2.249e-07	1.016e-07	0	0	0	0	0	0	0	0	0	0	0	0	0	0	0	0	0	0	0	0	0	0	0	7272	0	0	0	0	0	0	0	0	0	0	0	0	0	0	0	3.481e+04	0	0	0	0	0	0	0	0	0	0	0	0	0	0	0	0	0	0	0	0	0	0	0	
2352	1955.013	3.45e+19	0	0	100000	1.94254072	1.071e-06	0.07737	0.006958	3.847e-08	0.5214	2301	13.48	4.852e-05	0.02176	3.567e-10	0.0005888	0	1.097e-05	5.488e-14	8.115e-21	7.484e-27	9.979e-27	1.247e-26	1.416e-08	6.211e-09	6.6e-11	0.06051	7.521e-11	2.015e-24	0.3665	6.741e-07	2.294e-07	1.036e-07	0	0	0	0	0	0	0	0	0	0	0	0	0	0	0	0	0	0	0	0	0	0	0	7360	0	0	0	0	0	0	0	0	0	0	0	0	0	0	0	3.523e+04	0	0	0	0	0	0	0	0	0	0	0	0	0	0	0	0	0	0	0	0	0	0	0	
2380	1955.013	3.45e+19	0	0	100000	1.9421543	1.121e-06	0.07994	0.007096	3.772e-08	0.5318	2347	13.74	4.696e-05	0.0219	3.544e-10	0.0005926	0	1.062e-05	5.597e-14	7.651e-21	7.633e-27	1.018e-26	1.272e-26	1.425e-08	6.17e-09	6.472e-11	0.06175	7.472e-11	1.976e-24	0.3738	6.875e-07	2.34e-07	1.057e-07	0	0	0	0	0	0	0	0	0	0	0	0	0	0	0	0	0	0	0	0	0	0	0	7447	0	0	0	0	0	0	0	0	0	0	0	0	0	0	0	3.565e+04	0	0	0	0	0	0	0	0	0	0	0	0	0	0	0	0	0	0	0	0	0	0	0	
2408	1955.013	3.45e+19	0	0	100000	1.94176788	1.173e-06	0.08258	0.007235	3.699e-08	0.5422	2393	14.01	4.544e-05	0.02204	3.521e-10	0.0005964	0	1.028e-05	5.707e-14	7.214e-21	7.783e-27	1.038e-26	1.297e-26	1.435e-08	6.129e-09	6.345e-11	0.063	7.423e-11	1.937e-24	0.3811	7.01e-07	2.386e-07	1.078e-07	0	0	0	0	0	0	0	0	0	0	0	0	0	0	0	0	0	0	0	0	0	0	0	7535	0	0	0	0	0	0	0	0	0	0	0	0	0	0	0	3.607e+04	0	0	0	0	0	0	0	0	0	0	0	0	0	0	0	0	0	0	0	0	0	0	0	
2436	1955.013	3.45e+19	0	0	100000	1.94138146	1.228e-06	0.08528	0.007375	3.626e-08	0.5527	2439	14.28	4.398e-05	0.02218	3.497e-10	0.0006001	0	9.949e-06	5.817e-14	6.802e-21	7.933e-27	1.058e-26	1.322e-26	1.443e-08	6.088e-09	6.221e-11	0.06427	7.372e-11	1.899e-24	0.3885	7.145e-07	2.432e-07	1.099e-07	0	0	0	0	0	0	0	0	0	0	0	0	0	0	0	0	0	0	0	0	0	0	0	7622	0	0	0	0	0	0	0	0	0	0	0	0	0	0	0	3.649e+04	0	0	0	0	0	0	0	0	0	0	0	0	0	0	0	0	0	0	0	0	0	0	0	
2464	1955.013	3.45e+19	0	0	100000	1.94099504	1.284e-06	0.08805	0.007516	3.555e-08	0.5633	2486	14.56	4.256e-05	0.02231	3.473e-10	0.0006038	0	9.631e-06	5.929e-14	6.415e-21	8.085e-27	1.078e-26	1.348e-26	1.452e-08	6.046e-09	6.099e-11	0.06554	7.322e-11	1.862e-24	0.3959	7.282e-07	2.479e-07	1.12e-07	0	0	0	0	0	0	0	0	0	0	0	0	0	0	0	0	0	0	0	0	0	0	0	7710	0	0	0	0	0	0	0	0	0	0	0	0	0	0	0	3.691e+04	0	0	0	0	0	0	0	0	0	0	0	0	0	0	0	0	0	0	0	0	0	0	0	
2492	1955.013	3.45e+19	0	0	100000	1.94060862	1.342e-06	0.09087	0.007659	3.485e-08	0.574	2533	14.83	4.119e-05	0.02245	3.448e-10	0.0006073	0	9.324e-06	6.041e-14	6.051e-21	8.238e-27	1.098e-26	1.373e-26	1.461e-08	6.004e-09	5.979e-11	0.06683	7.271e-11	1.826e-24	0.4034	7.42e-07	2.525e-07	1.141e-07	0	0	0	0	0	0	0	0	0	0	0	0	0	0	0	0	0	0	0	0	0	0	0	7798	0	0	0	0	0	0	0	0	0	0	0	0	0	0	0	3.733e+04	0	0	0	0	0	0	0	0	0	0	0	0	0	0	0	0	0	0	0	0	0	0	0	
2520	1955.013	3.45e+19	0	0	100000	1.9402222	1.403e-06	0.09376	0.007802	3.416e-08	0.5847	2580	15.11	3.986e-05	0.02257	3.424e-10	0.0006108	0	9.026e-06	6.154e-14	5.707e-21	8.392e-27	1.119e-26	1.399e-26	1.469e-08	5.961e-09	5.861e-11	0.06812	7.219e-11	1.789e-24	0.4109	7.558e-07	2.573e-07	1.162e-07	0	0	0	0	0	0	0	0	0	0	0	0	0	0	0	0	0	0	0	0	0	0	0	7885	0	0	0	0	0	0	0	0	0	0	0	0	0	0	0	3.774e+04	0	0	0	0	0	0	0	0	0	0	0	0	0	0	0	0	0	0	0	0	0	0	0	
2548	1955.013	3.45e+19	0	0	100000	1.93983578	1.466e-06	0.09672	0.007946	3.349e-08	0.5955	2628	15.39	3.858e-05	0.0227	3.399e-10	0.0006141	0	8.738e-06	6.267e-14	5.384e-21	8.547e-27	1.14e-26	1.424e-26	1.477e-08	5.918e-09	5.745e-11	0.06943	7.167e-11	1.754e-24	0.4185	7.698e-07	2.62e-07	1.183e-07	0	0	0	0	0	0	0	0	0	0	0	0	0	0	0	0	0	0	0	0	0	0	0	7973	0	0	0	0	0	0	0	0	0	0	0	0	0	0	0	3.816e+04	0	0	0	0	0	0	0	0	0	0	0	0	0	0	0	0	0	0	0	0	0	0	0	
2576	1955.013	3.45e+19	0	0	100000	1.93944936	1.531e-06	0.09975	0.00809	3.282e-08	0.6063	2675	15.67	3.733e-05	0.02282	3.374e-10	0.0006174	0	8.459e-06	6.381e-14	5.08e-21	8.703e-27	1.16e-26	1.45e-26	1.485e-08	5.875e-09	5.631e-11	0.07075	7.114e-11	1.719e-24	0.4261	7.838e-07	2.668e-07	1.205e-07	0	0	0	0	0	0	0	0	0	0	0	0	0	0	0	0	0	0	0	0	0	0	0	8060	0	0	0	0	0	0	0	0	0	0	0	0	0	0	0	3.858e+04	0	0	0	0	0	0	0	0	0	0	0	0	0	0	0	0	0	0	0	0	0	0	0	
2604	1955.013	3.45e+19	0	0	100000	1.93906294	1.598e-06	0.1028	0.008236	3.217e-08	0.6173	2724	15.95	3.613e-05	0.02294	3.349e-10	0.0006207	0	8.189e-06	6.496e-14	4.793e-21	8.86e-27	1.181e-26	1.477e-26	1.493e-08	5.831e-09	5.519e-11	0.07207	7.061e-11	1.685e-24	0.4338	7.98e-07	2.716e-07	1.227e-07	0	0	0	0	0	0	0	0	0	0	0	0	0	0	0	0	0	0	0	0	0	0	0	8148	0	0	0	0	0	0	0	0	0	0	0	0	0	0	0	3.9e+04	0	0	0	0	0	0	0	0	0	0	0	0	0	0	0	0	0	0	0	0	0	0	0	
2632	1955.013	3.45e+19	0	0	100000	1.93867652	1.668e-06	0.106	0.008383	3.152e-08	0.6283	2772	16.24	3.496e-05	0.02305	3.324e-10	0.0006238	0	7.928e-06	6.612e-14	4.523e-21	9.017e-27	1.202e-26	1.503e-26	1.5e-08	5.787e-09	5.408e-11	0.07341	7.008e-11	1.651e-24	0.4415	8.122e-07	2.764e-07	1.249e-07	0	0	0	0	0	0	0	0	0	0	0	0	0	0	0	0	0	0	0	0	0	0	0	8235	0	0	0	0	0	0	0	0	0	0	0	0	0	0	0	3.942e+04	0	0	0	0	0	0	0	0	0	0	0	0	0	0	0	0	0	0	0	0	0	0	0	
2660	1955.013	3.45e+19	0	0	100000	1.9382901	1.741e-06	0.1092	0.008531	3.089e-08	0.6393	2821	16.52	3.383e-05	0.02317	3.298e-10	0.0006268	0	7.675e-06	6.729e-14	4.268e-21	9.176e-27	1.223e-26	1.529e-26	1.508e-08	5.743e-09	5.3e-11	0.07476	6.955e-11	1.618e-24	0.4493	8.265e-07	2.813e-07	1.271e-07	0	0	0	0	0	0	0	0	0	0	0	0	0	0	0	0	0	0	0	0	0	0	0	8323	0	0	0	0	0	0	0	0	0	0	0	0	0	0	0	3.984e+04	0	0	0	0	0	0	0	0	0	0	0	0	0	0	0	0	0	0	0	0	0	0	0	
2688	1955.013	3.45e+19	0	0	100000	1.93790368	1.816e-06	0.1125	0.008679	3.027e-08	0.6505	2870	16.81	3.274e-05	0.02328	3.273e-10	0.0006298	0	7.43e-06	6.846e-14	4.028e-21	9.336e-27	1.245e-26	1.556e-26	1.515e-08	5.699e-09	5.194e-11	0.07612	6.901e-11	1.586e-24	0.4571	8.409e-07	2.862e-07	1.293e-07	0	0	0	0	0	0	0	0	0	0	0	0	0	0	0	0	0	0	0	0	0	0	0	8410	0	0	0	0	0	0	0	0	0	0	0	0	0	0	0	4.026e+04	0	0	0	0	0	0	0	0	0	0	0	0	0	0	0	0	0	0	0	0	0	0	0	
2716	1955.013	3.45e+19	0	0	100000	1.93751726	1.894e-06	0.1159	0.008829	2.966e-08	0.6616	2919	17.1	3.168e-05	0.02338	3.247e-10	0.0006327	0	7.193e-06	6.964e-14	3.802e-21	9.497e-27	1.266e-26	1.583e-26	1.522e-08	5.654e-09	5.089e-11	0.0775	6.847e-11	1.554e-24	0.465	8.553e-07	2.911e-07	1.315e-07	0	0	0	0	0	0	0	0	0	0	0	0	0	0	0	0	0	0	0	0	0	0	0	8498	0	0	0	0	0	0	0	0	0	0	0	0	0	0	0	4.068e+04	0	0	0	0	0	0	0	0	0	0	0	0	0	0	0	0	0	0	0	0	0	0	0	
2744	1955.013	3.45e+19	0	0	100000	1.93713084	1.975e-06	0.1194	0.008979	2.906e-08	0.6729	2969	17.39	3.066e-05	0.02349	3.221e-10	0.0006355	0	6.964e-06	7.082e-14	3.589e-21	9.658e-27	1.288e-26	1.61e-26	1.529e-08	5.609e-09	4.986e-11	0.07888	6.792e-11	1.522e-24	0.4729	8.699e-07	2.961e-07	1.337e-07	0	0	0	0	0	0	0	0	0	0	0	0	0	0	0	0	0	0	0	0	0	0	0	8585	0	0	0	0	0	0	0	0	0	0	0	0	0	0	0	4.11e+04	0	0	0	0	0	0	0	0	0	0	0	0	0	0	0	0	0	0	0	0	0	0	0	
2772	1955.013	3.45e+19	0	0	100000	1.93674442	2.059e-06	0.1229	0.00913	2.847e-08	0.6842	3019	17.68	2.967e-05	0.02359	3.195e-10	0.0006383	0	6.742e-06	7.202e-14	3.388e-21	9.821e-27	1.309e-26	1.637e-26	1.535e-08	5.564e-09	4.885e-11	0.08027	6.738e-11	1.492e-24	0.4809	8.845e-07	3.011e-07	1.36e-07	0	0	0	0	0	0	0	0	0	0	0	0	0	0	0	0	0	0	0	0	0	0	0	8673	0	0	0	0	0	0	0	0	0	0	0	0	0	0	0	4.152e+04	0	0	0	0	0	0	0	0	0	0	0	0	0	0	0	0	0	0	0	0	0	0	0	
2800	1955.013	3.45e+19	0	0	100000	1.936358	2.145e-06	0.1265	0.009282	2.79e-08	0.6956	3069	17.97	2.871e-05	0.02369	3.169e-10	0.0006409	0	6.527e-06	7.322e-14	3.199e-21	9.984e-27	1.331e-26	1.664e-26	1.542e-08	5.519e-09	4.786e-11	0.08168	6.683e-11	1.461e-24	0.4889	8.993e-07	3.061e-07	1.382e-07	0	0	0	0	0	0	0	0	0	0	0	0	0	0	0	0	0	0	0	0	0	0	0	8760	0	0	0	0	0	0	0	0	0	0	0	0	0	0	0	4.194e+04	0	0	0	0	0	0	0	0	0	0	0	0	0	0	0	0	0	0	0	0	0	0	0	
2828	1955.013	3.45e+19	0	0	100000	1.93638558	2.177e-06	0.1284	0.009435	2.843e-08	0.7071	3120	18.27	2.928e-05	0.0241	3.227e-10	0.0006521	0	6.658e-06	7.442e-14	3.269e-21	1.015e-26	1.353e-26	1.691e-26	1.569e-08	5.619e-09	4.878e-11	0.08301	6.805e-11	1.489e-24	0.4969	9.141e-07	3.111e-07	1.405e-07	0	0	0	0	0	0	0	0	0	0	0	0	0	0	0	0	0	0	0	0	0	0	0	8848	0	0	0	0	0	0	0	0	0	0	0	0	0	0	0	4.236e+04	0	0	0	0	0	0	0	0	0	0	0	0	0	0	0	0	0	0	0	0	0	0	0	
2856	1955.013	3.45e+19	0	0	100000	1.93641316	2.208e-06	0.1304	0.009588	2.897e-08	0.7186	3171	18.57	2.987e-05	0.02451	3.285e-10	0.0006633	0	6.79e-06	7.563e-14	3.34e-21	1.031e-26	1.375e-26	1.719e-26	1.595e-08	5.721e-09	4.97e-11	0.08436	6.928e-11	1.517e-24	0.505	9.289e-07	3.162e-07	1.428e-07	0	0	0	0	0	0	0	0	0	0	0	0	0	0	0	0	0	0	0	0	0	0	0	8936	0	0	0	0	0	0	0	0	0	0	0	0	0	0	0	4.278e+04	0	0	0	0	0	0	0	0	0	0	0	0	0	0	0	0	0	0	0	0	0	0	0	
2884	1955.013	3.45e+19	0	0	100000	1.93644074	2.24e-06	0.1324	0.009743	2.951e-08	0.7302	3222	18.87	3.045e-05	0.02493	3.344e-10	0.0006745	0	6.924e-06	7.685e-14	3.411e-21	1.048e-26	1.397e-26	1.747e-26	1.623e-08	5.823e-09	5.064e-11	0.08572	7.052e-11	1.546e-24	0.5132	9.439e-07	3.213e-07	1.451e-07	0	0	0	0	0	0	0	0	0	0	0	0	0	0	0	0	0	0	0	0	0	0	0	9023	0	0	0	0	0	0	0	0	0	0	0	0	0	0	0	4.32e+04	0	0	0	0	0	0	0	0	0	0	0	0	0	0	0	0	0	0	0	0	0	0	0	
2912	1955.013	3.45e+19	0	0	100000	1.93646832	2.271e-06	0.1344	0.009898	3.006e-08	0.7418	3273	19.17	3.105e-05	0.02535	3.403e-10	0.0006859	0	7.058e-06	7.808e-14	3.484e-21	1.065e-26	1.42e-26	1.775e-26	1.65e-08	5.927e-09	5.158e-11	0.08708	7.177e-11	1.575e-24	0.5213	9.589e-07	3.264e-07	1.474e-07	0	0	0	0	0	0	0	0	0	0	0	0	0	0	0	0	0	0	0	0	0	0	0	9111	0	0	0	0	0	0	0	0	0	0	0	0	0	0	0	4.362e+04	0	0	0	0	0	0	0	0	0	0	0	0	0	0	0	0	0	0	0	0	0	0	0	
2940	1955.013	3.45e+19	0	0	100000	1.9364959	2.303e-06	0.1364	0.01005	3.062e-08	0.7535	3325	19.47	3.165e-05	0.02577	3.463e-10	0.0006973	0	7.195e-06	7.931e-14	3.558e-21	1.082e-26	1.442e-26	1.803e-26	1.677e-08	6.031e-09	5.253e-11	0.08844	7.303e-11	1.604e-24	0.5296	9.741e-07	3.315e-07	1.497e-07	0	0	0	0	0	0	0	0	0	0	0	0	0	0	0	0	0	0	0	0	0	0	0	9198	0	0	0	0	0	0	0	0	0	0	0	0	0	0	0	4.404e+04	0	0	0	0	0	0	0	0	0	0	0	0	0	0	0	0	0	0	0	0	0	0	0	
2968	1955.013	3.45e+19	0	0	100000	1.93652348	2.335e-06	0.1384	0.01021	3.118e-08	0.7653	3376	19.77	3.226e-05	0.0262	3.523e-10	0.0007088	0	7.333e-06	8.054e-14	3.632e-21	1.098e-26	1.465e-26	1.831e-26	1.705e-08	6.135e-09	5.349e-11	0.08982	7.43e-11	1.633e-24	0.5378	9.893e-07	3.367e-07	1.521e-07	0	0	0	0	0	0	0	0	0	0	0	0	0	0	0	0	0	0	0	0	0	0	0	9286	0	0	0	0	0	0	0	0	0	0	0	0	0	0	0	4.445e+04	0	0	0	0	0	0	0	0	0	0	0	0	0	0	0	0	0	0	0	0	0	0	0	
2996	1955.013	3.45e+19	0	0	100000	1.93655106	2.367e-06	0.1404	0.01037	3.174e-08	0.7771	3429	20.08	3.287e-05	0.02662	3.584e-10	0.0007204	0	7.472e-06	8.179e-14	3.708e-21	1.115e-26	1.487e-26	1.859e-26	1.733e-08	6.241e-09	5.446e-11	0.0912	7.558e-11	1.663e-24	0.5461	1.005e-06	3.419e-07	1.544e-07	0	0	0	0	0	0	0	0	0	0	0	0	0	0	0	0	0	0	0	0	0	0	0	9374	0	0	0	0	0	0	0	0	0	0	0	0	0	0	0	4.487e+04	0	0	0	0	0	0	0	0	0	0	0	0	0	0	0	0	0	0	0	0	0	0	0	
3024	1955.013	3.45e+19	0	0	100000	1.93657864	2.399e-06	0.1424	0.01053	3.231e-08	0.7889	3481	20.39	3.349e-05	0.02705	3.645e-10	0.0007321	0	7.613e-06	8.304e-14	3.785e-21	1.132e-26	1.51e-26	1.887e-26	1.761e-08	6.348e-09	5.544e-11	0.09259	7.687e-11	1.693e-24	0.5545	1.02e-06	3.471e-07	1.568e-07	0	0	0	0	0	0	0	0	0	0	0	0	0	0	0	0	0	0	0	0	0	0	0	9461	0	0	0	0	0	0	0	0	0	0	0	0	0	0	0	4.529e+04	0	0	0	0	0	0	0	0	0	0	0	0	0	0	0	0	0	0	0	0	0	0	0	
3052	1955.013	3.45e+19	0	0	100000	1.93660622	2.431e-06	0.1445	0.01069	3.289e-08	0.8009	3534	20.69	3.412e-05	0.02749	3.707e-10	0.0007438	0	7.755e-06	8.429e-14	3.862e-21	1.15e-26	1.533e-26	1.916e-26	1.789e-08	6.455e-09	5.643e-11	0.09398	7.817e-11	1.723e-24	0.5629	1.035e-06	3.524e-07	1.592e-07	0	0	0	0	0	0	0	0	0	0	0	0	0	0	0	0	0	0	0	0	0	0	0	9549	0	0	0	0	0	0	0	0	0	0	0	0	0	0	0	4.571e+04	0	0	0	0	0	0	0	0	0	0	0	0	0	0	0	0	0	0	0	0	0	0	0	
3080	1955.013	3.45e+19	0	0	100000	1.9366338	2.463e-06	0.1465	0.01085	3.347e-08	0.8129	3587	21	3.475e-05	0.02792	3.769e-10	0.0007556	0	7.898e-06	8.556e-14	3.941e-21	1.167e-26	1.556e-26	1.945e-26	1.818e-08	6.563e-09	5.742e-11	0.09539	7.948e-11	1.753e-24	0.5713	1.051e-06	3.577e-07	1.615e-07	0	0	0	0	0	0	0	0	0	0	0	0	0	0	0	0	0	0	0	0	0	0	0	9636	0	0	0	0	0	0	0	0	0	0	0	0	0	0	0	4.613e+04	0	0	0	0	0	0	0	0	0	0	0	0	0	0	0	0	0	0	0	0	0	0	0	
3108	1955.013	3.45e+19	0	0	100000	1.93666138	2.495e-06	0.1485	0.01101	3.406e-08	0.8249	3640	21.32	3.539e-05	0.02836	3.832e-10	0.0007675	0	8.043e-06	8.682e-14	4.02e-21	1.184e-26	1.579e-26	1.973e-26	1.846e-08	6.672e-09	5.843e-11	0.09679	8.08e-11	1.784e-24	0.5798	1.066e-06	3.63e-07	1.639e-07	0	0	0	0	0	0	0	0	0	0	0	0	0	0	0	0	0	0	0	0	0	0	0	9724	0	0	0	0	0	0	0	0	0	0	0	0	0	0	0	4.655e+04	0	0	0	0	0	0	0	0	0	0	0	0	0	0	0	0	0	0	0	0	0	0	0	
3136	1955.013	3.45e+19	0	0	100000	1.93668896	2.527e-06	0.1506	0.01117	3.465e-08	0.837	3693	21.63	3.604e-05	0.0288	3.895e-10	0.0007794	0	8.19e-06	8.81e-14	4.101e-21	1.201e-26	1.602e-26	2.002e-26	1.875e-08	6.782e-09	5.944e-11	0.09821	8.213e-11	1.815e-24	0.5883	1.082e-06	3.683e-07	1.663e-07	0	0	0	0	0	0	0	0	0	0	0	0	0	0	0	0	0	0	0	0	0	0	0	9812	0	0	0	0	0	0	0	0	0	0	0	0	0	0	0	4.697e+04	0	0	0	0	0	0	0	0	0	0	0	0	0	0	0	0	0	0	0	0	0	0	0	
3164	1955.013	3.45e+19	0	0	100000	1.93671654	2.559e-06	0.1526	0.01133	3.525e-08	0.8492	3747	21.94	3.669e-05	0.02925	3.958e-10	0.0007915	0	8.338e-06	8.938e-14	4.183e-21	1.219e-26	1.625e-26	2.031e-26	1.904e-08	6.893e-09	6.047e-11	0.09963	8.347e-11	1.846e-24	0.5968	1.098e-06	3.736e-07	1.688e-07	0	0	0	0	0	0	0	0	0	0	0	0	0	0	0	0	0	0	0	0	0	0	0	9899	0	0	0	0	0	0	0	0	0	0	0	0	0	0	0	4.739e+04	0	0	0	0	0	0	0	0	0	0	0	0	0	0	0	0	0	0	0	0	0	0	0	
3192	1955.013	3.45e+19	0	0	100000	1.93674412	2.592e-06	0.1547	0.01149	3.585e-08	0.8614	3801	22.26	3.735e-05	0.0297	4.022e-10	0.0008035	0	8.488e-06	9.066e-14	4.265e-21	1.236e-26	1.649e-26	2.061e-26	1.933e-08	7.005e-09	6.15e-11	0.1011	8.482e-11	1.878e-24	0.6054	1.114e-06	3.79e-07	1.712e-07	0	0	0	0	0	0	0	0	0	0	0	0	0	0	0	0	0	0	0	0	0	0	0	9987	0	0	0	0	0	0	0	0	0	0	0	0	0	0	0	4.781e+04	0	0	0	0	0	0	0	0	0	0	0	0	0	0	0	0	0	0	0	0	0	0	0	
3220	1955.013	3.45e+19	0	0	100000	1.9367717	2.624e-06	0.1568	0.01166	3.645e-08	0.8737	3855	22.58	3.802e-05	0.03015	4.087e-10	0.0008157	0	8.639e-06	9.196e-14	4.349e-21	1.254e-26	1.672e-26	2.09e-26	1.962e-08	7.117e-09	6.254e-11	0.1025	8.618e-11	1.909e-24	0.614	1.129e-06	3.844e-07	1.736e-07	0	0	0	0	0	0	0	0	0	0	0	0	0	0	0	0	0	0	0	0	0	0	0	1.007e+04	0	0	0	0	0	0	0	0	0	0	0	0	0	0	0	4.823e+04	0	0	0	0	0	0	0	0	0	0	0	0	0	0	0	0	0	0	0	0	0	0	0	
3248	1955.013	3.45e+19	0	0	100000	1.93679928	2.656e-06	0.1588	0.01182	3.707e-08	0.886	3909	22.89	3.869e-05	0.0306	4.152e-10	0.000828	0	8.791e-06	9.325e-14	4.434e-21	1.272e-26	1.696e-26	2.12e-26	1.992e-08	7.23e-09	6.359e-11	0.1039	8.755e-11	1.942e-24	0.6227	1.145e-06	3.898e-07	1.761e-07	0	0	0	0	0	0	0	0	0	0	0	0	0	0	0	0	0	0	0	0	0	0	0	1.016e+04	0	0	0	0	0	0	0	0	0	0	0	0	0	0	0	4.865e+04	0	0	0	0	0	0	0	0	0	0	0	0	0	0	0	0	0	0	0	0	0	0	0	
3276	1955.013	3.45e+19	0	0	100000	1.93682686	2.689e-06	0.1609	0.01199	3.768e-08	0.8984	3964	23.21	3.937e-05	0.03105	4.217e-10	0.0008403	0	8.946e-06	9.456e-14	4.52e-21	1.289e-26	1.719e-26	2.149e-26	2.021e-08	7.344e-09	6.465e-11	0.1054	8.893e-11	1.974e-24	0.6314	1.161e-06	3.953e-07	1.785e-07	0	0	0	0	0	0	0	0	0	0	0	0	0	0	0	0	0	0	0	0	0	0	0	1.025e+04	0	0	0	0	0	0	0	0	0	0	0	0	0	0	0	4.907e+04	0	0	0	0	0	0	0	0	0	0	0	0	0	0	0	0	0	0	0	0	0	0	0	
3304	1955.013	3.45e+19	0	0	100000	1.93685444	2.721e-06	0.163	0.01215	3.831e-08	0.9108	4019	23.54	4.005e-05	0.03151	4.283e-10	0.0008527	0	9.101e-06	9.587e-14	4.607e-21	1.307e-26	1.743e-26	2.179e-26	2.051e-08	7.459e-09	6.572e-11	0.1068	9.032e-11	2.007e-24	0.6401	1.177e-06	4.008e-07	1.81e-07	0	0	0	0	0	0	0	0	0	0	0	0	0	0	0	0	0	0	0	0	0	0	0	1.034e+04	0	0	0	0	0	0	0	0	0	0	0	0	0	0	0	4.949e+04	0	0	0	0	0	0	0	0	0	0	0	0	0	0	0	0	0	0	0	0	0	0	0	
3332	1955.013	3.45e+19	0	0	100000	1.93688202	2.753e-06	0.1651	0.01232	3.894e-08	0.9233	4074	23.86	4.075e-05	0.03197	4.35e-10	0.0008651	0	9.258e-06	9.718e-14	4.695e-21	1.325e-26	1.767e-26	2.209e-26	2.081e-08	7.575e-09	6.68e-11	0.1083	9.172e-11	2.039e-24	0.6489	1.194e-06	4.062e-07	1.835e-07	0	0	0	0	0	0	0	0	0	0	0	0	0	0	0	0	0	0	0	0	0	0	0	1.042e+04	0	0	0	0	0	0	0	0	0	0	0	0	0	0	0	4.991e+04	0	0	0	0	0	0	0	0	0	0	0	0	0	0	0	0	0	0	0	0	0	0	0	
3360	1955.013	3.45e+19	0	0	100000	1.9369096	2.786e-06	0.1672	0.01249	3.957e-08	0.9359	4129	24.18	4.145e-05	0.03243	4.417e-10	0.0008776	0	9.417e-06	9.85e-14	4.784e-21	1.343e-26	1.791e-26	2.239e-26	2.111e-08	7.691e-09	6.789e-11	0.1098	9.313e-11	2.073e-24	0.6577	1.21e-06	4.118e-07	1.86e-07	0	0	0	0	0	0	0	0	0	0	0	0	0	0	0	0	0	0	0	0	0	0	0	1.051e+04	0	0	0	0	0	0	0	0	0	0	0	0	0	0	0	5.033e+04	0	0	0	0	0	0	0	0	0	0	0	0	0	0	0	0	0	0	0	0	0	0	0	
3388	1955.013	3.45e+19	0	0	100000	1.93693718	2.818e-06	0.1693	0.01266	4.021e-08	0.9485	4185	24.51	4.215e-05	0.0329	4.484e-10	0.0008902	0	9.577e-06	9.983e-14	4.874e-21	1.361e-26	1.815e-26	2.269e-26	2.141e-08	7.808e-09	6.898e-11	0.1112	9.455e-11	2.106e-24	0.6666	1.226e-06	4.173e-07	1.885e-07	0	0	0	0	0	0	0	0	0	0	0	0	0	0	0	0	0	0	0	0	0	0	0	1.06e+04	0	0	0	0	0	0	0	0	0	0	0	0	0	0	0	5.075e+04	0	0	0	0	0	0	0	0	0	0	0	0	0	0	0	0	0	0	0	0	0	0	0	
3416	1955.013	3.45e+19	0	0	100000	1.93696476	2.851e-06	0.1714	0.01282	4.085e-08	0.9611	4241	24.83	4.287e-05	0.03337	4.552e-10	0.0009029	0	9.739e-06	1.012e-13	4.965e-21	1.379e-26	1.839e-26	2.299e-26	2.172e-08	7.926e-09	7.009e-11	0.1127	9.598e-11	2.14e-24	0.6755	1.242e-06	4.229e-07	1.91e-07	0	0	0	0	0	0	0	0	0	0	0	0	0	0	0	0	0	0	0	0	0	0	0	1.069e+04	0	0	0	0	0	0	0	0	0	0	0	0	0	0	0	5.116e+04	0	0	0	0	0	0	0	0	0	0	0	0	0	0	0	0	0	0	0	0	0	0	0	
3444	1955.013	3.45e+19	0	0	100000	1.93699234	2.884e-06	0.1735	0.01299	4.15e-08	0.9738	4297	25.16	4.359e-05	0.03384	4.62e-10	0.0009156	0	9.902e-06	1.025e-13	5.058e-21	1.398e-26	1.864e-26	2.33e-26	2.203e-08	8.045e-09	7.12e-11	0.1142	9.742e-11	2.174e-24	0.6844	1.259e-06	4.285e-07	1.935e-07	0	0	0	0	0	0	0	0	0	0	0	0	0	0	0	0	0	0	0	0	0	0	0	1.078e+04	0	0	0	0	0	0	0	0	0	0	0	0	0	0	0	5.158e+04	0	0	0	0	0	0	0	0	0	0	0	0	0	0	0	0	0	0	0	0	0	0	0	
3472	1955.013	3.45e+19	0	0	100000	1.93701992	2.916e-06	0.1756	0.01316	4.216e-08	0.9866	4353	25.49	4.431e-05	0.03431	4.689e-10	0.0009285	0	1.007e-05	1.038e-13	5.151e-21	1.416e-26	1.888e-26	2.36e-26	2.233e-08	8.165e-09	7.233e-11	0.1157	9.887e-11	2.208e-24	0.6933	1.275e-06	4.341e-07	1.961e-07	0	0	0	0	0	0	0	0	0	0	0	0	0	0	0	0	0	0	0	0	0	0	0	1.086e+04	0	0	0	0	0	0	0	0	0	0	0	0	0	0	0	5.2e+04	0	0	0	0	0	0	0	0	0	0	0	0	0	0	0	0	0	0	0	0	0	0	0	
3500	1955.013	3.45e+19	0	0	100000	1.9370475	2.949e-06	0.1777	0.01333	4.282e-08	0.9993	4409	25.82	4.505e-05	0.03479	4.758e-10	0.0009413	0	1.023e-05	1.052e-13	5.246e-21	1.434e-26	1.913e-26	2.391e-26	2.264e-08	8.286e-09	7.346e-11	0.1172	1.003e-10	2.243e-24	0.7023	1.292e-06	4.397e-07	1.986e-07	0	0	0	0	0	0	0	0	0	0	0	0	0	0	0	0	0	0	0	0	0	0	0	1.095e+04	0	0	0	0	0	0	0	0	0	0	0	0	0	0	0	5.242e+04	0	0	0	0	0	0	0	0	0	0	0	0	0	0	0	0	0	0	0	0	0	0	0	
3528	1955.013	3.45e+19	0	0	100000	1.93707508	2.981e-06	0.1798	0.01351	4.348e-08	1.012	4466	26.16	4.579e-05	0.03527	4.828e-10	0.0009543	0	1.04e-05	1.065e-13	5.341e-21	1.453e-26	1.937e-26	2.421e-26	2.295e-08	8.407e-09	7.46e-11	0.1187	1.018e-10	2.278e-24	0.7114	1.308e-06	4.453e-07	2.012e-07	0	0	0	0	0	0	0	0	0	0	0	0	0	0	0	0	0	0	0	0	0	0	0	1.104e+04	0	0	0	0	0	0	0	0	0	0	0	0	0	0	0	5.284e+04	0	0	0	0	0	0	0	0	0	0	0	0	0	0	0	0	0	0	0	0	0	0	0	
3556	1955.013	3.45e+19	0	0	100000	1.93710266	3.014e-06	0.182	0.01368	4.415e-08	1.025	4523	26.49	4.654e-05	0.03575	4.898e-10	0.0009673	0	1.057e-05	1.079e-13	5.438e-21	1.471e-26	1.962e-26	2.452e-26	2.327e-08	8.529e-09	7.575e-11	0.1202	1.033e-10	2.313e-24	0.7204	1.325e-06	4.51e-07	2.037e-07	0	0	0	0	0	0	0	0	0	0	0	0	0	0	0	0	0	0	0	0	0	0	0	1.113e+04	0	0	0	0	0	0	0	0	0	0	0	0	0	0	0	5.326e+04	0	0	0	0	0	0	0	0	0	0	0	0	0	0	0	0	0	0	0	0	0	0	0	
3584	1955.013	3.45e+19	0	0	100000	1.93713024	3.047e-06	0.1841	0.01385	4.483e-08	1.038	4580	26.82	4.729e-05	0.03623	4.969e-10	0.0009804	0	1.074e-05	1.093e-13	5.536e-21	1.49e-26	1.987e-26	2.483e-26	2.358e-08	8.652e-09	7.691e-11	0.1217	1.048e-10	2.348e-24	0.7295	1.342e-06	4.567e-07	2.063e-07	0	0	0	0	0	0	0	0	0	0	0	0	0	0	0	0	0	0	0	0	0	0	0	1.121e+04	0	0	0	0	0	0	0	0	0	0	0	0	0	0	0	5.368e+04	0	0	0	0	0	0	0	0	0	0	0	0	0	0	0	0	0	0	0	0	0	0	0	
3612	1955.013	3.45e+19	0	0	100000	1.93715782	3.079e-06	0.1863	0.01402	4.551e-08	1.051	4637	27.16	4.805e-05	0.03672	5.04e-10	0.0009935	0	1.091e-05	1.106e-13	5.635e-21	1.509e-26	2.011e-26	2.514e-26	2.39e-08	8.776e-09	7.808e-11	0.1232	1.063e-10	2.384e-24	0.7387	1.359e-06	4.624e-07	2.089e-07	0	0	0	0	0	0	0	0	0	0	0	0	0	0	0	0	0	0	0	0	0	0	0	1.13e+04	0	0	0	0	0	0	0	0	0	0	0	0	0	0	0	5.41e+04	0	0	0	0	0	0	0	0	0	0	0	0	0	0	0	0	0	0	0	0	0	0	0	
3640	1955.013	3.45e+19	0	0	100000	1.9371854	3.112e-06	0.1884	0.0142	4.62e-08	1.064	4695	27.5	4.882e-05	0.03721	5.111e-10	0.001007	0	1.109e-05	1.12e-13	5.736e-21	1.527e-26	2.036e-26	2.545e-26	2.422e-08	8.901e-09	7.926e-11	0.1247	1.078e-10	2.42e-24	0.7478	1.376e-06	4.682e-07	2.115e-07	0	0	0	0	0	0	0	0	0	0	0	0	0	0	0	0	0	0	0	0	0	0	0	1.139e+04	0	0	0	0	0	0	0	0	0	0	0	0	0	0	0	5.452e+04	0	0	0	0	0	0	0	0	0	0	0	0	0	0	0	0	0	0	0	0	0	0	0	
3668	1955.013	3.45e+19	0	0	100000	1.93721298	3.145e-06	0.1905	0.01437	4.689e-08	1.077	4753	27.83	4.96e-05	0.0377	5.183e-10	0.00102	0	1.126e-05	1.134e-13	5.837e-21	1.546e-26	2.061e-26	2.577e-26	2.454e-08	9.026e-09	8.045e-11	0.1262	1.093e-10	2.456e-24	0.757	1.392e-06	4.739e-07	2.141e-07	0	0	0	0	0	0	0	0	0	0	0	0	0	0	0	0	0	0	0	0	0	0	0	1.148e+04	0	0	0	0	0	0	0	0	0	0	0	0	0	0	0	5.494e+04	0	0	0	0	0	0	0	0	0	0	0	0	0	0	0	0	0	0	0	0	0	0	0	
3696	1955.013	3.45e+19	0	0	100000	1.93724056	3.177e-06	0.1927	0.01455	4.759e-08	1.09	4811	28.17	5.038e-05	0.03819	5.256e-10	0.001033	0	1.144e-05	1.148e-13	5.94e-21	1.565e-26	2.087e-26	2.608e-26	2.486e-08	9.152e-09	8.165e-11	0.1278	1.108e-10	2.493e-24	0.7663	1.409e-06	4.797e-07	2.167e-07	0	0	0	0	0	0	0	0	0	0	0	0	0	0	0	0	0	0	0	0	0	0	0	1.156e+04	0	0	0	0	0	0	0	0	0	0	0	0	0	0	0	5.536e+04	0	0	0	0	0	0	0	0	0	0	0	0	0	0	0	0	0	0	0	0	0	0	0	
3724	1955.013	3.45e+19	0	0	100000	1.93726814	3.21e-06	0.1949	0.01472	4.829e-08	1.103	4869	28.51	5.117e-05	0.03869	5.329e-10	0.001047	0	1.162e-05	1.161e-13	6.044e-21	1.584e-26	2.112e-26	2.64e-26	2.518e-08	9.279e-09	8.285e-11	0.1293	1.124e-10	2.53e-24	0.7755	1.426e-06	4.855e-07	2.193e-07	0	0	0	0	0	0	0	0	0	0	0	0	0	0	0	0	0	0	0	0	0	0	0	1.165e+04	0	0	0	0	0	0	0	0	0	0	0	0	0	0	0	5.578e+04	0	0	0	0	0	0	0	0	0	0	0	0	0	0	0	0	0	0	0	0	0	0	0	
3752	1955.013	3.45e+19	0	0	100000	1.93729572	3.243e-06	0.197	0.0149	4.9e-08	1.117	4927	28.86	5.197e-05	0.03918	5.402e-10	0.00106	0	1.18e-05	1.175e-13	6.149e-21	1.603e-26	2.137e-26	2.671e-26	2.55e-08	9.407e-09	8.407e-11	0.1309	1.139e-10	2.567e-24	0.7848	1.444e-06	4.913e-07	2.219e-07	0	0	0	0	0	0	0	0	0	0	0	0	0	0	0	0	0	0	0	0	0	0	0	1.174e+04	0	0	0	0	0	0	0	0	0	0	0	0	0	0	0	5.62e+04	0	0	0	0	0	0	0	0	0	0	0	0	0	0	0	0	0	0	0	0	0	0	0	
3780	1955.013	3.45e+19	0	0	100000	1.9373233	3.276e-06	0.1992	0.01508	4.972e-08	1.13	4986	29.2	5.277e-05	0.03968	5.476e-10	0.001074	0	1.198e-05	1.189e-13	6.255e-21	1.622e-26	2.162e-26	2.703e-26	2.583e-08	9.536e-09	8.53e-11	0.1324	1.155e-10	2.604e-24	0.7941	1.461e-06	4.972e-07	2.246e-07	0	0	0	0	0	0	0	0	0	0	0	0	0	0	0	0	0	0	0	0	0	0	0	1.183e+04	0	0	0	0	0	0	0	0	0	0	0	0	0	0	0	5.662e+04	0	0	0	0	0	0	0	0	0	0	0	0	0	0	0	0	0	0	0	0	0	0	0	
3808	1955.013	3.45e+19	0	0	100000	1.93735088	3.308e-06	0.2013	0.01525	5.044e-08	1.143	5044	29.54	5.358e-05	0.04019	5.55e-10	0.001087	0	1.217e-05	1.203e-13	6.362e-21	1.641e-26	2.188e-26	2.735e-26	2.616e-08	9.665e-09	8.653e-11	0.134	1.17e-10	2.642e-24	0.8035	1.478e-06	5.03e-07	2.272e-07	0	0	0	0	0	0	0	0	0	0	0	0	0	0	0	0	0	0	0	0	0	0	0	1.191e+04	0	0	0	0	0	0	0	0	0	0	0	0	0	0	0	5.704e+04	0	0	0	0	0	0	0	0	0	0	0	0	0	0	0	0	0	0	0	0	0	0	0	
3836	1955.013	3.45e+19	0	0	100000	1.93737846	3.341e-06	0.2035	0.01543	5.116e-08	1.157	5103	29.89	5.44e-05	0.04069	5.625e-10	0.001101	0	1.235e-05	1.217e-13	6.471e-21	1.66e-26	2.213e-26	2.767e-26	2.649e-08	9.796e-09	8.778e-11	0.1355	1.186e-10	2.68e-24	0.8129	1.495e-06	5.089e-07	2.299e-07	0	0	0	0	0	0	0	0	0	0	0	0	0	0	0	0	0	0	0	0	0	0	0	1.2e+04	0	0	0	0	0	0	0	0	0	0	0	0	0	0	0	5.746e+04	0	0	0	0	0	0	0	0	0	0	0	0	0	0	0	0	0	0	0	0	0	0	0	
3864	1955.013	3.45e+19	0	0	100000	1.93740604	3.374e-06	0.2057	0.01561	5.189e-08	1.17	5162	30.23	5.523e-05	0.0412	5.701e-10	0.001115	0	1.254e-05	1.231e-13	6.581e-21	1.679e-26	2.239e-26	2.799e-26	2.682e-08	9.927e-09	8.903e-11	0.1371	1.202e-10	2.718e-24	0.8223	1.513e-06	5.148e-07	2.325e-07	0	0	0	0	0	0	0	0	0	0	0	0	0	0	0	0	0	0	0	0	0	0	0	1.209e+04	0	0	0	0	0	0	0	0	0	0	0	0	0	0	0	5.788e+04	0	0	0	0	0	0	0	0	0	0	0	0	0	0	0	0	0	0	0	0	0	0	0	
3892	1955.013	3.45e+19	0	0	100000	1.93743362	3.406e-06	0.2079	0.01579	5.263e-08	1.183	5222	30.58	5.606e-05	0.04171	5.776e-10	0.001129	0	1.273e-05	1.246e-13	6.692e-21	1.699e-26	2.265e-26	2.831e-26	2.715e-08	1.006e-08	9.029e-11	0.1386	1.218e-10	2.757e-24	0.8317	1.53e-06	5.207e-07	2.352e-07	0	0	0	0	0	0	0	0	0	0	0	0	0	0	0	0	0	0	0	0	0	0	0	1.218e+04	0	0	0	0	0	0	0	0	0	0	0	0	0	0	0	5.829e+04	0	0	0	0	0	0	0	0	0	0	0	0	0	0	0	0	0	0	0	0	0	0	0	
3920	1955.013	3.45e+19	0	0	100000	1.9374612	3.439e-06	0.2101	0.01597	5.337e-08	1.197	5281	30.93	5.69e-05	0.04223	5.853e-10	0.001143	0	1.292e-05	1.26e-13	6.805e-21	1.718e-26	2.291e-26	2.863e-26	2.748e-08	1.019e-08	9.157e-11	0.1402	1.234e-10	2.796e-24	0.8412	1.547e-06	5.266e-07	2.379e-07	0	0	0	0	0	0	0	0	0	0	0	0	0	0	0	0	0	0	0	0	0	0	0	1.226e+04	0	0	0	0	0	0	0	0	0	0	0	0	0	0	0	5.871e+04	0	0	0	0	0	0	0	0	0	0	0	0	0	0	0	0	0	0	0	0	0	0	0	
3948	1955.013	3.45e+19	0	0	100000	1.93748878	3.472e-06	0.2122	0.01615	5.412e-08	1.21	5341	31.28	5.775e-05	0.04274	5.929e-10	0.001157	0	1.311e-05	1.274e-13	6.918e-21	1.737e-26	2.317e-26	2.896e-26	2.782e-08	1.033e-08	9.285e-11	0.1418	1.25e-10	2.835e-24	0.8507	1.565e-06	5.326e-07	2.406e-07	0	0	0	0	0	0	0	0	0	0	0	0	0	0	0	0	0	0	0	0	0	0	0	1.235e+04	0	0	0	0	0	0	0	0	0	0	0	0	0	0	0	5.913e+04	0	0	0	0	0	0	0	0	0	0	0	0	0	0	0	0	0	0	0	0	0	0	0	
3976	1955.013	3.45e+19	0	0	100000	1.93751636	3.505e-06	0.2144	0.01633	5.487e-08	1.224	5401	31.63	5.861e-05	0.04326	6.006e-10	0.001171	0	1.331e-05	1.288e-13	7.033e-21	1.757e-26	2.343e-26	2.928e-26	2.816e-08	1.046e-08	9.414e-11	0.1434	1.267e-10	2.874e-24	0.8603	1.582e-06	5.386e-07	2.433e-07	0	0	0	0	0	0	0	0	0	0	0	0	0	0	0	0	0	0	0	0	0	0	0	1.244e+04	0	0	0	0	0	0	0	0	0	0	0	0	0	0	0	5.955e+04	0	0	0	0	0	0	0	0	0	0	0	0	0	0	0	0	0	0	0	0	0	0	0	
4004	1955.013	3.45e+19	0	0	100000	1.93754394	3.537e-06	0.2166	0.01651	5.563e-08	1.238	5461	31.98	5.947e-05	0.04378	6.084e-10	0.001185	0	1.35e-05	1.303e-13	7.15e-21	1.776e-26	2.369e-26	2.961e-26	2.849e-08	1.059e-08	9.544e-11	0.145	1.283e-10	2.914e-24	0.8698	1.6e-06	5.446e-07	2.46e-07	0	0	0	0	0	0	0	0	0	0	0	0	0	0	0	0	0	0	0	0	0	0	0	1.253e+04	0	0	0	0	0	0	0	0	0	0	0	0	0	0	0	5.997e+04	0	0	0	0	0	0	0	0	0	0	0	0	0	0	0	0	0	0	0	0	0	0	0	
4032	1955.013	3.45e+19	0	0	100000	1.93757152	3.57e-06	0.2188	0.0167	5.639e-08	1.251	5521	32.34	6.034e-05	0.0443	6.162e-10	0.001199	0	1.37e-05	1.317e-13	7.267e-21	1.796e-26	2.395e-26	2.993e-26	2.883e-08	1.073e-08	9.675e-11	0.1465	1.299e-10	2.954e-24	0.8794	1.618e-06	5.506e-07	2.487e-07	0	0	0	0	0	0	0	0	0	0	0	0	0	0	0	0	0	0	0	0	0	0	0	1.261e+04	0	0	0	0	0	0	0	0	0	0	0	0	0	0	0	6.039e+04	0	0	0	0	0	0	0	0	0	0	0	0	0	0	0	0	0	0	0	0	0	0	0	
4060	1955.013	3.45e+19	0	0	100000	1.9375991	3.603e-06	0.221	0.01688	5.716e-08	1.265	5582	32.69	6.122e-05	0.04483	6.241e-10	0.001213	0	1.39e-05	1.331e-13	7.386e-21	1.816e-26	2.421e-26	3.026e-26	2.918e-08	1.087e-08	9.807e-11	0.1481	1.316e-10	2.994e-24	0.8891	1.635e-06	5.566e-07	2.514e-07	0	0	0	0	0	0	0	0	0	0	0	0	0	0	0	0	0	0	0	0	0	0	0	1.27e+04	0	0	0	0	0	0	0	0	0	0	0	0	0	0	0	6.081e+04	0	0	0	0	0	0	0	0	0	0	0	0	0	0	0	0	0	0	0	0	0	0	0	
4088	1955.013	3.45e+19	0	0	100000	1.93762668	3.635e-06	0.2232	0.01706	5.794e-08	1.279	5642	33.04	6.21e-05	0.04535	6.32e-10	0.001227	0	1.41e-05	1.346e-13	7.506e-21	1.835e-26	2.447e-26	3.059e-26	2.952e-08	1.1e-08	9.94e-11	0.1497	1.333e-10	3.035e-24	0.8987	1.653e-06	5.626e-07	2.541e-07	0	0	0	0	0	0	0	0	0	0	0	0	0	0	0	0	0	0	0	0	0	0	0	1.279e+04	0	0	0	0	0	0	0	0	0	0	0	0	0	0	0	6.123e+04	0	0	0	0	0	0	0	0	0	0	0	0	0	0	0	0	0	0	0	0	0	0	0	
4116	1955.013	3.45e+19	0	0	100000	1.93765426	3.668e-06	0.2254	0.01725	5.872e-08	1.293	5703	33.4	6.3e-05	0.04588	6.399e-10	0.001242	0	1.43e-05	1.36e-13	7.628e-21	1.855e-26	2.474e-26	3.092e-26	2.986e-08	1.114e-08	1.007e-10	0.1513	1.349e-10	3.076e-24	0.9084	1.671e-06	5.687e-07	2.569e-07	0	0	0	0	0	0	0	0	0	0	0	0	0	0	0	0	0	0	0	0	0	0	0	1.288e+04	0	0	0	0	0	0	0	0	0	0	0	0	0	0	0	6.165e+04	0	0	0	0	0	0	0	0	0	0	0	0	0	0	0	0	0	0	0	0	0	0	0	
4144	1955.013	3.45e+19	0	0	100000	1.93768184	3.7e-06	0.2276	0.01743	5.951e-08	1.306	5764	33.76	6.39e-05	0.04641	6.479e-10	0.001256	0	1.45e-05	1.375e-13	7.75e-21	1.875e-26	2.5e-26	3.125e-26	3.021e-08	1.128e-08	1.021e-10	0.153	1.366e-10	3.117e-24	0.9181	1.689e-06	5.748e-07	2.596e-07	0	0	0	0	0	0	0	0	0	0	0	0	0	0	0	0	0	0	0	0	0	0	0	1.296e+04	0	0	0	0	0	0	0	0	0	0	0	0	0	0	0	6.207e+04	0	0	0	0	0	0	0	0	0	0	0	0	0	0	0	0	0	0	0	0	0	0	0	
4172	1955.013	3.45e+19	0	0	100000	1.93770942	3.733e-06	0.2298	0.01762	6.03e-08	1.32	5825	34.12	6.481e-05	0.04695	6.559e-10	0.00127	0	1.471e-05	1.39e-13	7.875e-21	1.895e-26	2.527e-26	3.158e-26	3.056e-08	1.142e-08	1.034e-10	0.1546	1.383e-10	3.158e-24	0.9278	1.707e-06	5.809e-07	2.624e-07	0	0	0	0	0	0	0	0	0	0	0	0	0	0	0	0	0	0	0	0	0	0	0	1.305e+04	0	0	0	0	0	0	0	0	0	0	0	0	0	0	0	6.249e+04	0	0	0	0	0	0	0	0	0	0	0	0	0	0	0	0	0	0	0	0	0	0	0	
4200	1955.013	3.45e+19	0	0	100000	1.937737	3.766e-06	0.2321	0.0178	6.11e-08	1.334	5886	34.47	6.572e-05	0.04748	6.64e-10	0.001285	0	1.492e-05	1.404e-13	8e-21	1.915e-26	2.553e-26	3.191e-26	3.091e-08	1.156e-08	1.048e-10	0.1562	1.4e-10	3.2e-24	0.9376	1.725e-06	5.87e-07	2.651e-07	0	0	0	0	0	0	0	0	0	0	0	0	0	0	0	0	0	0	0	0	0	0	0	1.314e+04	0	0	0	0	0	0	0	0	0	0	0	0	0	0	0	6.291e+04	0	0	0	0	0	0	0	0	0	0	0	0	0	0	0	0	0	0	0	0	0	0	0	
4228	1955.013	3.45e+19	0	0	100000	1.93776458	3.798e-06	0.2343	0.01799	6.19e-08	1.348	5948	34.83	6.664e-05	0.04802	6.722e-10	0.001299	0	1.513e-05	1.419e-13	8.127e-21	1.935e-26	2.58e-26	3.225e-26	3.126e-08	1.17e-08	1.062e-10	0.1578	1.417e-10	3.242e-24	0.9474	1.743e-06	5.931e-07	2.679e-07	0	0	0	0	0	0	0	0	0	0	0	0	0	0	0	0	0	0	0	0	0	0	0	1.323e+04	0	0	0	0	0	0	0	0	0	0	0	0	0	0	0	6.333e+04	0	0	0	0	0	0	0	0	0	0	0	0	0	0	0	0	0	0	0	0	0	0	0	
4256	1955.013	3.45e+19	0	0	100000	1.93779216	3.831e-06	0.2365	0.01817	6.271e-08	1.362	6010	35.2	6.758e-05	0.04856	6.803e-10	0.001314	0	1.534e-05	1.434e-13	8.255e-21	1.955e-26	2.607e-26	3.258e-26	3.161e-08	1.185e-08	1.076e-10	0.1594	1.435e-10	3.285e-24	0.9572	1.761e-06	5.993e-07	2.707e-07	0	0	0	0	0	0	0	0	0	0	0	0	0	0	0	0	0	0	0	0	0	0	0	1.332e+04	0	0	0	0	0	0	0	0	0	0	0	0	0	0	0	6.375e+04	0	0	0	0	0	0	0	0	0	0	0	0	0	0	0	0	0	0	0	0	0	0	0	
4284	1955.013	3.45e+19	0	0	100000	1.93781974	3.863e-06	0.2387	0.01836	6.352e-08	1.376	6071	35.56	6.851e-05	0.04911	6.886e-10	0.001329	0	1.555e-05	1.448e-13	8.385e-21	1.975e-26	2.633e-26	3.292e-26	3.196e-08	1.199e-08	1.09e-10	0.1611	1.452e-10	3.327e-24	0.9671	1.779e-06	6.054e-07	2.735e-07	0	0	0	0	0	0	0	0	0	0	0	0	0	0	0	0	0	0	0	0	0	0	0	1.34e+04	0	0	0	0	0	0	0	0	0	0	0	0	0	0	0	6.417e+04	0	0	0	0	0	0	0	0	0	0	0	0	0	0	0	0	0	0	0	0	0	0	0	
4312	1955.013	3.45e+19	0	0	100000	1.93784732	3.896e-06	0.2409	0.01855	6.434e-08	1.39	6133	35.92	6.946e-05	0.04965	6.968e-10	0.001344	0	1.576e-05	1.463e-13	8.516e-21	1.995e-26	2.66e-26	3.325e-26	3.232e-08	1.213e-08	1.104e-10	0.1627	1.469e-10	3.37e-24	0.9769	1.797e-06	6.116e-07	2.763e-07	0	0	0	0	0	0	0	0	0	0	0	0	0	0	0	0	0	0	0	0	0	0	0	1.349e+04	0	0	0	0	0	0	0	0	0	0	0	0	0	0	0	6.459e+04	0	0	0	0	0	0	0	0	0	0	0	0	0	0	0	0	0	0	0	0	0	0	0	
4340	1955.013	3.45e+19	0	0	100000	1.9378749	3.928e-06	0.2431	0.01874	6.517e-08	1.404	6196	36.28	7.042e-05	0.0502	7.051e-10	0.001358	0	1.598e-05	1.478e-13	8.648e-21	2.015e-26	2.687e-26	3.359e-26	3.267e-08	1.228e-08	1.118e-10	0.1643	1.487e-10	3.413e-24	0.9868	1.815e-06	6.178e-07	2.791e-07	0	0	0	0	0	0	0	0	0	0	0	0	0	0	0	0	0	0	0	0	0	0	0	1.358e+04	0	0	0	0	0	0	0	0	0	0	0	0	0	0	0	6.5e+04	0	0	0	0	0	0	0	0	0	0	0	0	0	0	0	0	0	0	0	0	0	0	0	
4368	1955.013	3.45e+19	0	0	100000	1.93790248	3.961e-06	0.2454	0.01892	6.6e-08	1.418	6258	36.65	7.138e-05	0.05075	7.135e-10	0.001373	0	1.62e-05	1.493e-13	8.782e-21	2.036e-26	2.714e-26	3.393e-26	3.303e-08	1.242e-08	1.132e-10	0.166	1.505e-10	3.457e-24	0.9968	1.833e-06	6.24e-07	2.819e-07	0	0	0	0	0	0	0	0	0	0	0	0	0	0	0	0	0	0	0	0	0	0	0	1.367e+04	0	0	0	0	0	0	0	0	0	0	0	0	0	0	0	6.542e+04	0	0	0	0	0	0	0	0	0	0	0	0	0	0	0	0	0	0	0	0	0	0	0	
4396	1955.013	3.45e+19	0	0	100000	1.93793006	3.993e-06	0.2476	0.01911	6.684e-08	1.432	6320	37.01	7.235e-05	0.0513	7.219e-10	0.001388	0	1.642e-05	1.508e-13	8.917e-21	2.056e-26	2.741e-26	3.427e-26	3.339e-08	1.257e-08	1.147e-10	0.1676	1.522e-10	3.501e-24	1.007	1.852e-06	6.302e-07	2.847e-07	0	0	0	0	0	0	0	0	0	0	0	0	0	0	0	0	0	0	0	0	0	0	0	1.375e+04	0	0	0	0	0	0	0	0	0	0	0	0	0	0	0	6.584e+04	0	0	0	0	0	0	0	0	0	0	0	0	0	0	0	0	0	0	0	0	0	0	0	
4424	1955.013	3.45e+19	0	0	100000	1.93795764	4.025e-06	0.2498	0.0193	6.768e-08	1.447	6383	37.38	7.333e-05	0.05186	7.304e-10	0.001403	0	1.664e-05	1.523e-13	9.054e-21	2.076e-26	2.768e-26	3.461e-26	3.375e-08	1.272e-08	1.161e-10	0.1693	1.54e-10	3.545e-24	1.017	1.87e-06	6.365e-07	2.875e-07	0	0	0	0	0	0	0	0	0	0	0	0	0	0	0	0	0	0	0	0	0	0	0	1.384e+04	0	0	0	0	0	0	0	0	0	0	0	0	0	0	0	6.626e+04	0	0	0	0	0	0	0	0	0	0	0	0	0	0	0	0	0	0	0	0	0	0	0	
4452	1955.013	3.45e+19	0	0	100000	1.93798522	4.058e-06	0.2521	0.01949	6.853e-08	1.461	6446	37.75	7.431e-05	0.05241	7.389e-10	0.001418	0	1.686e-05	1.538e-13	9.192e-21	2.097e-26	2.796e-26	3.495e-26	3.411e-08	1.287e-08	1.176e-10	0.1709	1.558e-10	3.589e-24	1.027	1.888e-06	6.427e-07	2.903e-07	0	0	0	0	0	0	0	0	0	0	0	0	0	0	0	0	0	0	0	0	0	0	0	1.393e+04	0	0	0	0	0	0	0	0	0	0	0	0	0	0	0	6.668e+04	0	0	0	0	0	0	0	0	0	0	0	0	0	0	0	0	0	0	0	0	0	0	0	
4480	1955.013	3.45e+19	0	0	100000	1.9380128	4.09e-06	0.2543	0.01968	6.938e-08	1.475	6509	38.12	7.531e-05	0.05297	7.474e-10	0.001433	0	1.709e-05	1.553e-13	9.331e-21	2.117e-26	2.823e-26	3.529e-26	3.448e-08	1.302e-08	1.19e-10	0.1726	1.576e-10	3.634e-24	1.037	1.907e-06	6.49e-07	2.932e-07	0	0	0	0	0	0	0	0	0	0	0	0	0	0	0	0	0	0	0	0	0	0	0	1.402e+04	0	0	0	0	0	0	0	0	0	0	0	0	0	0	0	6.71e+04	0	0	0	0	0	0	0	0	0	0	0	0	0	0	0	0	0	0	0	0	0	0	0	
4508	1955.013	3.45e+19	0	0	100000	1.93804038	4.122e-06	0.2565	0.01987	7.024e-08	1.489	6572	38.49	7.631e-05	0.05353	7.56e-10	0.001449	0	1.732e-05	1.568e-13	9.473e-21	2.138e-26	2.85e-26	3.563e-26	3.484e-08	1.316e-08	1.205e-10	0.1743	1.594e-10	3.679e-24	1.047	1.925e-06	6.553e-07	2.96e-07	0	0	0	0	0	0	0	0	0	0	0	0	0	0	0	0	0	0	0	0	0	0	0	1.41e+04	0	0	0	0	0	0	0	0	0	0	0	0	0	0	0	6.752e+04	0	0	0	0	0	0	0	0	0	0	0	0	0	0	0	0	0	0	0	0	0	0	0	
4536	1955.013	3.45e+19	0	0	100000	1.93806796	4.154e-06	0.2588	0.02006	7.111e-08	1.504	6635	38.86	7.732e-05	0.0541	7.646e-10	0.001464	0	1.754e-05	1.583e-13	9.615e-21	2.158e-26	2.878e-26	3.597e-26	3.521e-08	1.332e-08	1.22e-10	0.1759	1.612e-10	3.725e-24	1.057	1.944e-06	6.616e-07	2.988e-07	0	0	0	0	0	0	0	0	0	0	0	0	0	0	0	0	0	0	0	0	0	0	0	1.419e+04	0	0	0	0	0	0	0	0	0	0	0	0	0	0	0	6.794e+04	0	0	0	0	0	0	0	0	0	0	0	0	0	0	0	0	0	0	0	0	0	0	0	
4564	1955.013	3.45e+19	0	0	100000	1.93809554	4.187e-06	0.261	0.02026	7.198e-08	1.518	6698	39.23	7.834e-05	0.05466	7.733e-10	0.001479	0	1.777e-05	1.598e-13	9.759e-21	2.179e-26	2.905e-26	3.632e-26	3.558e-08	1.347e-08	1.235e-10	0.1776	1.631e-10	3.77e-24	1.067	1.962e-06	6.679e-07	3.017e-07	0	0	0	0	0	0	0	0	0	0	0	0	0	0	0	0	0	0	0	0	0	0	0	1.428e+04	0	0	0	0	0	0	0	0	0	0	0	0	0	0	0	6.836e+04	0	0	0	0	0	0	0	0	0	0	0	0	0	0	0	0	0	0	0	0	0	0	0	
4592	1955.013	3.45e+19	0	0	100000	1.93812312	4.219e-06	0.2632	0.02045	7.286e-08	1.532	6762	39.6	7.936e-05	0.05523	7.821e-10	0.001494	0	1.801e-05	1.613e-13	9.905e-21	2.2e-26	2.933e-26	3.666e-26	3.595e-08	1.362e-08	1.25e-10	0.1793	1.649e-10	3.816e-24	1.077	1.981e-06	6.743e-07	3.046e-07	0	0	0	0	0	0	0	0	0	0	0	0	0	0	0	0	0	0	0	0	0	0	0	1.437e+04	0	0	0	0	0	0	0	0	0	0	0	0	0	0	0	6.878e+04	0	0	0	0	0	0	0	0	0	0	0	0	0	0	0	0	0	0	0	0	0	0	0	
4620	1955.013	3.45e+19	0	0	100000	1.9381507	4.251e-06	0.2655	0.02064	7.374e-08	1.547	6825	39.97	8.04e-05	0.0558	7.908e-10	0.00151	0	1.824e-05	1.628e-13	1.005e-20	2.22e-26	2.96e-26	3.7e-26	3.632e-08	1.377e-08	1.265e-10	0.181	1.668e-10	3.863e-24	1.087	2e-06	6.806e-07	3.074e-07	0	0	0	0	0	0	0	0	0	0	0	0	0	0	0	0	0	0	0	0	0	0	0	1.445e+04	0	0	0	0	0	0	0	0	0	0	0	0	0	0	0	6.92e+04	0	0	0	0	0	0	0	0	0	0	0	0	0	0	0	0	0	0	0	0	0	0	0	
4648	1955.013	3.45e+19	0	0	100000	1.93817828	4.283e-06	0.2677	0.02083	7.463e-08	1.561	6889	40.35	8.144e-05	0.05637	7.997e-10	0.001525	0	1.848e-05	1.643e-13	1.02e-20	2.241e-26	2.988e-26	3.735e-26	3.669e-08	1.392e-08	1.28e-10	0.1826	1.686e-10	3.909e-24	1.097	2.018e-06	6.87e-07	3.103e-07	0	0	0	0	0	0	0	0	0	0	0	0	0	0	0	0	0	0	0	0	0	0	0	1.454e+04	0	0	0	0	0	0	0	0	0	0	0	0	0	0	0	6.962e+04	0	0	0	0	0	0	0	0	0	0	0	0	0	0	0	0	0	0	0	0	0	0	0	
4676	1955.013	3.45e+19	0	0	100000	1.93820586	4.315e-06	0.27	0.02103	7.553e-08	1.576	6953	40.72	8.249e-05	0.05695	8.085e-10	0.001541	0	1.871e-05	1.659e-13	1.035e-20	2.262e-26	3.016e-26	3.77e-26	3.706e-08	1.408e-08	1.296e-10	0.1843	1.705e-10	3.956e-24	1.108	2.037e-06	6.934e-07	3.132e-07	0	0	0	0	0	0	0	0	0	0	0	0	0	0	0	0	0	0	0	0	0	0	0	1.463e+04	0	0	0	0	0	0	0	0	0	0	0	0	0	0	0	7.004e+04	0	0	0	0	0	0	0	0	0	0	0	0	0	0	0	0	0	0	0	0	0	0	0	
4704	1955.013	3.45e+19	0	0	100000	1.93823344	4.347e-06	0.2722	0.02122	7.643e-08	1.59	7017	41.1	8.355e-05	0.05752	8.174e-10	0.001557	0	1.895e-05	1.674e-13	1.05e-20	2.283e-26	3.044e-26	3.805e-26	3.744e-08	1.423e-08	1.311e-10	0.186	1.724e-10	4.003e-24	1.118	2.056e-06	6.997e-07	3.161e-07	0	0	0	0	0	0	0	0	0	0	0	0	0	0	0	0	0	0	0	0	0	0	0	1.472e+04	0	0	0	0	0	0	0	0	0	0	0	0	0	0	0	7.046e+04	0	0	0	0	0	0	0	0	0	0	0	0	0	0	0	0	0	0	0	0	0	0	0	
4732	1955.013	3.45e+19	0	0	100000	1.93826102	4.379e-06	0.2745	0.02142	7.733e-08	1.605	7082	41.47	8.461e-05	0.0581	8.264e-10	0.001572	0	1.92e-05	1.689e-13	1.066e-20	2.304e-26	3.071e-26	3.839e-26	3.782e-08	1.439e-08	1.327e-10	0.1877	1.743e-10	4.051e-24	1.128	2.075e-06	7.062e-07	3.19e-07	0	0	0	0	0	0	0	0	0	0	0	0	0	0	0	0	0	0	0	0	0	0	0	1.48e+04	0	0	0	0	0	0	0	0	0	0	0	0	0	0	0	7.088e+04	0	0	0	0	0	0	0	0	0	0	0	0	0	0	0	0	0	0	0	0	0	0	0	
4760	1955.013	3.45e+19	0	0	100000	1.9382886	4.411e-06	0.2767	0.02161	7.825e-08	1.62	7146	41.85	8.569e-05	0.05868	8.354e-10	0.001588	0	1.944e-05	1.705e-13	1.081e-20	2.325e-26	3.099e-26	3.874e-26	3.819e-08	1.455e-08	1.342e-10	0.1894	1.762e-10	4.099e-24	1.138	2.094e-06	7.126e-07	3.219e-07	0	0	0	0	0	0	0	0	0	0	0	0	0	0	0	0	0	0	0	0	0	0	0	1.489e+04	0	0	0	0	0	0	0	0	0	0	0	0	0	0	0	7.13e+04	0	0	0	0	0	0	0	0	0	0	0	0	0	0	0	0	0	0	0	0	0	0	0	
4788	1955.013	3.45e+19	0	0	100000	1.93831618	4.443e-06	0.279	0.02181	7.917e-08	1.634	7210	42.23	8.677e-05	0.05927	8.445e-10	0.001604	0	1.968e-05	1.72e-13	1.097e-20	2.346e-26	3.127e-26	3.909e-26	3.857e-08	1.47e-08	1.358e-10	0.1911	1.781e-10	4.147e-24	1.148	2.113e-06	7.19e-07	3.248e-07	0	0	0	0	0	0	0	0	0	0	0	0	0	0	0	0	0	0	0	0	0	0	0	1.498e+04	0	0	0	0	0	0	0	0	0	0	0	0	0	0	0	7.171e+04	0	0	0	0	0	0	0	0	0	0	0	0	0	0	0	0	0	0	0	0	0	0	0	
4816	1955.013	3.45e+19	0	0	100000	1.93834376	4.475e-06	0.2812	0.022	8.009e-08	1.649	7275	42.61	8.787e-05	0.05985	8.536e-10	0.001619	0	1.993e-05	1.735e-13	1.112e-20	2.367e-26	3.155e-26	3.944e-26	3.895e-08	1.486e-08	1.374e-10	0.1928	1.8e-10	4.195e-24	1.159	2.131e-06	7.255e-07	3.277e-07	0	0	0	0	0	0	0	0	0	0	0	0	0	0	0	0	0	0	0	0	0	0	0	1.507e+04	0	0	0	0	0	0	0	0	0	0	0	0	0	0	0	7.213e+04	0	0	0	0	0	0	0	0	0	0	0	0	0	0	0	0	0	0	0	0	0	0	0	
4844	1955.013	3.45e+19	0	0	100000	1.93837134	4.506e-06	0.2835	0.0222	8.102e-08	1.663	7340	42.99	8.897e-05	0.06044	8.627e-10	0.001635	0	2.018e-05	1.751e-13	1.128e-20	2.388e-26	3.184e-26	3.979e-26	3.934e-08	1.502e-08	1.39e-10	0.1945	1.819e-10	4.244e-24	1.169	2.15e-06	7.319e-07	3.306e-07	0	0	0	0	0	0	0	0	0	0	0	0	0	0	0	0	0	0	0	0	0	0	0	1.515e+04	0	0	0	0	0	0	0	0	0	0	0	0	0	0	0	7.255e+04	0	0	0	0	0	0	0	0	0	0	0	0	0	0	0	0	0	0	0	0	0	0	0	
4872	1955.013	3.45e+19	0	0	100000	1.93839892	4.538e-06	0.2857	0.02239	8.196e-08	1.678	7405	43.37	9.008e-05	0.06103	8.719e-10	0.001651	0	2.043e-05	1.766e-13	1.144e-20	2.409e-26	3.212e-26	4.015e-26	3.972e-08	1.518e-08	1.406e-10	0.1962	1.839e-10	4.293e-24	1.179	2.169e-06	7.384e-07	3.335e-07	0	0	0	0	0	0	0	0	0	0	0	0	0	0	0	0	0	0	0	0	0	0	0	1.524e+04	0	0	0	0	0	0	0	0	0	0	0	0	0	0	0	7.297e+04	0	0	0	0	0	0	0	0	0	0	0	0	0	0	0	0	0	0	0	0	0	0	0	
4900	1955.013	3.45e+19	0	0	100000	1.9384265	4.57e-06	0.288	0.02259	8.29e-08	1.693	7470	43.75	9.119e-05	0.06162	8.811e-10	0.001667	0	2.068e-05	1.782e-13	1.161e-20	2.43e-26	3.24e-26	4.05e-26	4.01e-08	1.534e-08	1.422e-10	0.1979	1.858e-10	4.342e-24	1.19	2.189e-06	7.449e-07	3.365e-07	0	0	0	0	0	0	0	0	0	0	0	0	0	0	0	0	0	0	0	0	0	0	0	1.533e+04	0	0	0	0	0	0	0	0	0	0	0	0	0	0	0	7.339e+04	0	0	0	0	0	0	0	0	0	0	0	0	0	0	0	0	0	0	0	0	0	0	0	
4928	1955.013	3.45e+19	0	0	100000	1.93845408	4.601e-06	0.2902	0.02279	8.385e-08	1.708	7535	44.13	9.232e-05	0.06221	8.904e-10	0.001683	0	2.094e-05	1.797e-13	1.177e-20	2.451e-26	3.268e-26	4.085e-26	4.049e-08	1.551e-08	1.439e-10	0.1996	1.878e-10	4.392e-24	1.2	2.208e-06	7.514e-07	3.394e-07	0	0	0	0	0	0	0	0	0	0	0	0	0	0	0	0	0	0	0	0	0	0	0	1.542e+04	0	0	0	0	0	0	0	0	0	0	0	0	0	0	0	7.381e+04	0	0	0	0	0	0	0	0	0	0	0	0	0	0	0	0	0	0	0	0	0	0	0	
4956	1955.013	3.45e+19	0	0	100000	1.93848166	4.633e-06	0.2925	0.02298	8.48e-08	1.723	7600	44.51	9.346e-05	0.06281	8.998e-10	0.001699	0	2.12e-05	1.813e-13	1.194e-20	2.472e-26	3.296e-26	4.121e-26	4.088e-08	1.567e-08	1.455e-10	0.2014	1.897e-10	4.442e-24	1.211	2.227e-06	7.579e-07	3.423e-07	0	0	0	0	0	0	0	0	0	0	0	0	0	0	0	0	0	0	0	0	0	0	0	1.55e+04	0	0	0	0	0	0	0	0	0	0	0	0	0	0	0	7.423e+04	0	0	0	0	0	0	0	0	0	0	0	0	0	0	0	0	0	0	0	0	0	0	0	
4984	1955.013	3.45e+19	0	0	100000	1.93850924	4.664e-06	0.2947	0.02318	8.576e-08	1.737	7666	44.9	9.46e-05	0.06341	9.091e-10	0.001716	0	2.145e-05	1.829e-13	1.211e-20	2.494e-26	3.325e-26	4.156e-26	4.127e-08	1.583e-08	1.471e-10	0.2031	1.917e-10	4.492e-24	1.221	2.246e-06	7.644e-07	3.453e-07	0	0	0	0	0	0	0	0	0	0	0	0	0	0	0	0	0	0	0	0	0	0	0	1.559e+04	0	0	0	0	0	0	0	0	0	0	0	0	0	0	0	7.465e+04	0	0	0	0	0	0	0	0	0	0	0	0	0	0	0	0	0	0	0	0	0	0	0	
5012	1955.013	3.45e+19	0	0	100000	1.93853682	4.696e-06	0.297	0.02338	8.673e-08	1.752	7731	45.28	9.575e-05	0.06401	9.186e-10	0.001732	0	2.172e-05	1.844e-13	1.228e-20	2.515e-26	3.353e-26	4.192e-26	4.166e-08	1.6e-08	1.488e-10	0.2048	1.937e-10	4.543e-24	1.231	2.265e-06	7.71e-07	3.482e-07	0	0	0	0	0	0	0	0	0	0	0	0	0	0	0	0	0	0	0	0	0	0	0	1.568e+04	0	0	0	0	0	0	0	0	0	0	0	0	0	0	0	7.507e+04	0	0	0	0	0	0	0	0	0	0	0	0	0	0	0	0	0	0	0	0	0	0	0	
5040	1955.013	3.45e+19	0	0	100000	1.9385644	4.727e-06	0.2992	0.02358	8.77e-08	1.767	7797	45.66	9.691e-05	0.06461	9.28e-10	0.001748	0	2.198e-05	1.86e-13	1.245e-20	2.536e-26	3.382e-26	4.227e-26	4.205e-08	1.616e-08	1.505e-10	0.2065	1.957e-10	4.594e-24	1.242	2.284e-06	7.775e-07	3.512e-07	0	0	0	0	0	0	0	0	0	0	0	0	0	0	0	0	0	0	0	0	0	0	0	1.577e+04	0	0	0	0	0	0	0	0	0	0	0	0	0	0	0	7.549e+04	0	0	0	0	0	0	0	0	0	0	0	0	0	0	0	0	0	0	0	0	0	0	0	
5068	1955.013	3.45e+19	0	0	100000	1.93859198	4.759e-06	0.3015	0.02378	8.868e-08	1.782	7863	46.05	9.808e-05	0.06521	9.375e-10	0.001764	0	2.224e-05	1.876e-13	1.262e-20	2.558e-26	3.41e-26	4.263e-26	4.244e-08	1.633e-08	1.521e-10	0.2083	1.977e-10	4.645e-24	1.252	2.304e-06	7.841e-07	3.542e-07	0	0	0	0	0	0	0	0	0	0	0	0	0	0	0	0	0	0	0	0	0	0	0	1.586e+04	0	0	0	0	0	0	0	0	0	0	0	0	0	0	0	7.591e+04	0	0	0	0	0	0	0	0	0	0	0	0	0	0	0	0	0	0	0	0	0	0	0	
5096	1955.013	3.45e+19	0	0	100000	1.93861956	4.79e-06	0.3037	0.02398	8.967e-08	1.797	7929	46.44	9.926e-05	0.06582	9.471e-10	0.001781	0	2.251e-05	1.891e-13	1.279e-20	2.579e-26	3.439e-26	4.299e-26	4.284e-08	1.649e-08	1.538e-10	0.21	1.997e-10	4.697e-24	1.263	2.323e-06	7.906e-07	3.571e-07	0	0	0	0	0	0	0	0	0	0	0	0	0	0	0	0	0	0	0	0	0	0	0	1.594e+04	0	0	0	0	0	0	0	0	0	0	0	0	0	0	0	7.633e+04	0	0	0	0	0	0	0	0	0	0	0	0	0	0	0	0	0	0	0	0	0	0	0	
5124	1955.013	3.45e+19	0	0	100000	1.93864714	4.821e-06	0.306	0.02418	9.066e-08	1.812	7995	46.82	0.0001004	0.06643	9.567e-10	0.001797	0	2.278e-05	1.907e-13	1.297e-20	2.601e-26	3.468e-26	4.334e-26	4.323e-08	1.666e-08	1.555e-10	0.2117	2.017e-10	4.749e-24	1.273	2.342e-06	7.972e-07	3.601e-07	0	0	0	0	0	0	0	0	0	0	0	0	0	0	0	0	0	0	0	0	0	0	0	1.603e+04	0	0	0	0	0	0	0	0	0	0	0	0	0	0	0	7.675e+04	0	0	0	0	0	0	0	0	0	0	0	0	0	0	0	0	0	0	0	0	0	0	0	
5152	1955.013	3.45e+19	0	0	100000	1.93867472	4.852e-06	0.3083	0.02438	9.166e-08	1.827	8061	47.21	0.0001016	0.06704	9.664e-10	0.001814	0	2.305e-05	1.923e-13	1.315e-20	2.622e-26	3.496e-26	4.37e-26	4.363e-08	1.683e-08	1.572e-10	0.2135	2.038e-10	4.801e-24	1.284	2.362e-06	8.038e-07	3.631e-07	0	0	0	0	0	0	0	0	0	0	0	0	0	0	0	0	0	0	0	0	0	0	0	1.612e+04	0	0	0	0	0	0	0	0	0	0	0	0	0	0	0	7.717e+04	0	0	0	0	0	0	0	0	0	0	0	0	0	0	0	0	0	0	0	0	0	0	0	
5180	1955.013	3.45e+19	0	0	100000	1.9387023	4.884e-06	0.3105	0.02458	9.266e-08	1.842	8127	47.6	0.0001028	0.06765	9.761e-10	0.00183	0	2.332e-05	1.939e-13	1.333e-20	2.644e-26	3.525e-26	4.406e-26	4.403e-08	1.7e-08	1.59e-10	0.2152	2.058e-10	4.853e-24	1.295	2.381e-06	8.104e-07	3.661e-07	0	0	0	0	0	0	0	0	0	0	0	0	0	0	0	0	0	0	0	0	0	0	0	1.621e+04	0	0	0	0	0	0	0	0	0	0	0	0	0	0	0	7.759e+04	0	0	0	0	0	0	0	0	0	0	0	0	0	0	0	0	0	0	0	0	0	0	0	
5208	1955.013	3.45e+19	0	0	100000	1.93872988	4.915e-06	0.3128	0.02478	9.367e-08	1.857	8194	47.99	0.0001041	0.06826	9.858e-10	0.001847	0	2.36e-05	1.955e-13	1.351e-20	2.665e-26	3.554e-26	4.442e-26	4.443e-08	1.717e-08	1.607e-10	0.217	2.079e-10	4.906e-24	1.305	2.401e-06	8.171e-07	3.691e-07	0	0	0	0	0	0	0	0	0	0	0	0	0	0	0	0	0	0	0	0	0	0	0	1.629e+04	0	0	0	0	0	0	0	0	0	0	0	0	0	0	0	7.801e+04	0	0	0	0	0	0	0	0	0	0	0	0	0	0	0	0	0	0	0	0	0	0	0	
5236	1955.013	3.45e+19	0	0	100000	1.93875746	4.946e-06	0.315	0.02498	9.468e-08	1.872	8260	48.38	0.0001053	0.06888	9.956e-10	0.001864	0	2.387e-05	1.97e-13	1.369e-20	2.687e-26	3.583e-26	4.478e-26	4.483e-08	1.734e-08	1.624e-10	0.2187	2.099e-10	4.959e-24	1.316	2.42e-06	8.237e-07	3.721e-07	0	0	0	0	0	0	0	0	0	0	0	0	0	0	0	0	0	0	0	0	0	0	0	1.638e+04	0	0	0	0	0	0	0	0	0	0	0	0	0	0	0	7.842e+04	0	0	0	0	0	0	0	0	0	0	0	0	0	0	0	0	0	0	0	0	0	0	0	
5264	1955.013	3.45e+19	0	0	100000	1.93878504	4.977e-06	0.3173	0.02518	9.571e-08	1.887	8327	48.77	0.0001065	0.0695	1.005e-09	0.00188	0	2.415e-05	1.986e-13	1.388e-20	2.709e-26	3.612e-26	4.515e-26	4.523e-08	1.751e-08	1.642e-10	0.2205	2.12e-10	5.013e-24	1.326	2.44e-06	8.303e-07	3.751e-07	0	0	0	0	0	0	0	0	0	0	0	0	0	0	0	0	0	0	0	0	0	0	0	1.647e+04	0	0	0	0	0	0	0	0	0	0	0	0	0	0	0	7.884e+04	0	0	0	0	0	0	0	0	0	0	0	0	0	0	0	0	0	0	0	0	0	0	0	
5292	1955.013	3.45e+19	0	0	100000	1.93881262	5.007e-06	0.3195	0.02538	9.673e-08	1.902	8394	49.16	0.0001078	0.07012	1.015e-09	0.001897	0	2.443e-05	2.002e-13	1.407e-20	2.73e-26	3.641e-26	4.551e-26	4.563e-08	1.768e-08	1.66e-10	0.2222	2.141e-10	5.067e-24	1.337	2.459e-06	8.37e-07	3.781e-07	0	0	0	0	0	0	0	0	0	0	0	0	0	0	0	0	0	0	0	0	0	0	0	1.656e+04	0	0	0	0	0	0	0	0	0	0	0	0	0	0	0	7.926e+04	0	0	0	0	0	0	0	0	0	0	0	0	0	0	0	0	0	0	0	0	0	0	0	
5320	1955.013	3.45e+19	0	0	100000	1.9388402	5.038e-06	0.3218	0.02559	9.777e-08	1.917	8461	49.55	0.000109	0.07074	1.025e-09	0.001914	0	2.471e-05	2.018e-13	1.425e-20	2.752e-26	3.67e-26	4.587e-26	4.604e-08	1.785e-08	1.677e-10	0.224	2.162e-10	5.121e-24	1.348	2.479e-06	8.437e-07	3.811e-07	0	0	0	0	0	0	0	0	0	0	0	0	0	0	0	0	0	0	0	0	0	0	0	1.664e+04	0	0	0	0	0	0	0	0	0	0	0	0	0	0	0	7.968e+04	0	0	0	0	0	0	0	0	0	0	0	0	0	0	0	0	0	0	0	0	0	0	0	
5348	1955.013	3.45e+19	0	0	100000	1.93886778	5.069e-06	0.324	0.02579	9.881e-08	1.933	8528	49.94	0.0001103	0.07136	1.035e-09	0.001931	0	2.5e-05	2.034e-13	1.444e-20	2.774e-26	3.699e-26	4.623e-26	4.645e-08	1.803e-08	1.695e-10	0.2258	2.183e-10	5.176e-24	1.358	2.498e-06	8.503e-07	3.841e-07	0	0	0	0	0	0	0	0	0	0	0	0	0	0	0	0	0	0	0	0	0	0	0	1.673e+04	0	0	0	0	0	0	0	0	0	0	0	0	0	0	0	8.01e+04	0	0	0	0	0	0	0	0	0	0	0	0	0	0	0	0	0	0	0	0	0	0	0	
5376	1955.013	3.45e+19	0	0	100000	1.93889536	5.1e-06	0.3263	0.02599	9.986e-08	1.948	8595	50.34	0.0001115	0.07199	1.045e-09	0.001948	0	2.529e-05	2.05e-13	1.464e-20	2.796e-26	3.728e-26	4.66e-26	4.685e-08	1.82e-08	1.713e-10	0.2275	2.204e-10	5.23e-24	1.369	2.518e-06	8.57e-07	3.871e-07	0	0	0	0	0	0	0	0	0	0	0	0	0	0	0	0	0	0	0	0	0	0	0	1.682e+04	0	0	0	0	0	0	0	0	0	0	0	0	0	0	0	8.052e+04	0	0	0	0	0	0	0	0	0	0	0	0	0	0	0	0	0	0	0	0	0	0	0	
5404	1955.013	3.45e+19	0	0	100000	1.93892294	5.13e-06	0.3286	0.02619	1.009e-07	1.963	8662	50.73	0.0001128	0.07262	1.055e-09	0.001965	0	2.558e-05	2.066e-13	1.483e-20	2.818e-26	3.757e-26	4.696e-26	4.726e-08	1.838e-08	1.731e-10	0.2293	2.225e-10	5.286e-24	1.38	2.538e-06	8.637e-07	3.902e-07	0	0	0	0	0	0	0	0	0	0	0	0	0	0	0	0	0	0	0	0	0	0	0	1.691e+04	0	0	0	0	0	0	0	0	0	0	0	0	0	0	0	8.094e+04	0	0	0	0	0	0	0	0	0	0	0	0	0	0	0	0	0	0	0	0	0	0	0	
5432	1955.013	3.45e+19	0	0	100000	1.93895052	5.161e-06	0.3308	0.0264	1.02e-07	1.978	8729	51.12	0.0001141	0.07325	1.065e-09	0.001982	0	2.587e-05	2.082e-13	1.503e-20	2.84e-26	3.786e-26	4.733e-26	4.767e-08	1.855e-08	1.749e-10	0.2311	2.247e-10	5.341e-24	1.39	2.557e-06	8.705e-07	3.932e-07	0	0	0	0	0	0	0	0	0	0	0	0	0	0	0	0	0	0	0	0	0	0	0	1.699e+04	0	0	0	0	0	0	0	0	0	0	0	0	0	0	0	8.136e+04	0	0	0	0	0	0	0	0	0	0	0	0	0	0	0	0	0	0	0	0	0	0	0	
5460	1955.013	3.45e+19	0	0	100000	1.9389781	5.191e-06	0.3331	0.0266	1.03e-07	1.994	8797	51.52	0.0001154	0.07388	1.076e-09	0.001999	0	2.616e-05	2.098e-13	1.523e-20	2.861e-26	3.815e-26	4.769e-26	4.808e-08	1.873e-08	1.768e-10	0.2328	2.268e-10	5.397e-24	1.401	2.577e-06	8.772e-07	3.962e-07	0	0	0	0	0	0	0	0	0	0	0	0	0	0	0	0	0	0	0	0	0	0	0	1.708e+04	0	0	0	0	0	0	0	0	0	0	0	0	0	0	0	8.178e+04	0	0	0	0	0	0	0	0	0	0	0	0	0	0	0	0	0	0	0	0	0	0	0	
5488	1955.013	3.45e+19	0	0	100000	1.93900568	5.222e-06	0.3353	0.02681	1.041e-07	2.009	8864	51.91	0.0001167	0.07451	1.086e-09	0.002016	0	2.646e-05	2.114e-13	1.543e-20	2.883e-26	3.845e-26	4.806e-26	4.85e-08	1.891e-08	1.786e-10	0.2346	2.29e-10	5.453e-24	1.412	2.597e-06	8.839e-07	3.993e-07	0	0	0	0	0	0	0	0	0	0	0	0	0	0	0	0	0	0	0	0	0	0	0	1.717e+04	0	0	0	0	0	0	0	0	0	0	0	0	0	0	0	8.22e+04	0	0	0	0	0	0	0	0	0	0	0	0	0	0	0	0	0	0	0	0	0	0	0	
5516	1955.013	3.45e+19	0	0	100000	1.93903326	5.252e-06	0.3376	0.02701	1.052e-07	2.024	8932	52.31	0.000118	0.07515	1.096e-09	0.002033	0	2.675e-05	2.131e-13	1.563e-20	2.905e-26	3.874e-26	4.842e-26	4.891e-08	1.909e-08	1.805e-10	0.2364	2.311e-10	5.509e-24	1.423	2.617e-06	8.907e-07	4.023e-07	0	0	0	0	0	0	0	0	0	0	0	0	0	0	0	0	0	0	0	0	0	0	0	1.726e+04	0	0	0	0	0	0	0	0	0	0	0	0	0	0	0	8.262e+04	0	0	0	0	0	0	0	0	0	0	0	0	0	0	0	0	0	0	0	0	0	0	0	
5544	1955.013	3.45e+19	0	0	100000	1.93906084	5.282e-06	0.3398	0.02722	1.063e-07	2.04	9000	52.71	0.0001193	0.07579	1.106e-09	0.002051	0	2.705e-05	2.147e-13	1.583e-20	2.927e-26	3.903e-26	4.879e-26	4.933e-08	1.927e-08	1.823e-10	0.2382	2.333e-10	5.566e-24	1.433	2.637e-06	8.974e-07	4.054e-07	0	0	0	0	0	0	0	0	0	0	0	0	0	0	0	0	0	0	0	0	0	0	0	1.734e+04	0	0	0	0	0	0	0	0	0	0	0	0	0	0	0	8.304e+04	0	0	0	0	0	0	0	0	0	0	0	0	0	0	0	0	0	0	0	0	0	0	0	
5572	1955.013	3.45e+19	0	0	100000	1.93908842	5.313e-06	0.3421	0.02742	1.074e-07	2.055	9067	53.1	0.0001207	0.07643	1.117e-09	0.002068	0	2.735e-05	2.163e-13	1.604e-20	2.95e-26	3.933e-26	4.916e-26	4.974e-08	1.945e-08	1.842e-10	0.2399	2.355e-10	5.623e-24	1.444	2.657e-06	9.042e-07	4.084e-07	0	0	0	0	0	0	0	0	0	0	0	0	0	0	0	0	0	0	0	0	0	0	0	1.743e+04	0	0	0	0	0	0	0	0	0	0	0	0	0	0	0	8.346e+04	0	0	0	0	0	0	0	0	0	0	0	0	0	0	0	0	0	0	0	0	0	0	0	
5600	1955.013	3.45e+19	0	0	100000	1.939116	5.343e-06	0.3443	0.02763	1.085e-07	2.07	9135	53.5	0.000122	0.07707	1.127e-09	0.002085	0	2.766e-05	2.179e-13	1.625e-20	2.972e-26	3.962e-26	4.953e-26	5.016e-08	1.963e-08	1.861e-10	0.2417	2.377e-10	5.681e-24	1.455	2.676e-06	9.109e-07	4.115e-07	0	0	0	0	0	0	0	0	0	0	0	0	0	0	0	0	0	0	0	0	0	0	0	1.752e+04	0	0	0	0	0	0	0	0	0	0	0	0	0	0	0	8.388e+04	0	0	0	0	0	0	0	0	0	0	0	0	0	0	0	0	0	0	0	0	0	0	0	
5628	1955.013	3.45e+19	0	0	100000	1.93914331	5.373e-06	0.3466	0.02783	1.096e-07	2.086	9203	53.9	0.0001234	0.07772	1.138e-09	0.002103	0	2.796e-05	2.195e-13	1.645e-20	2.994e-26	3.992e-26	4.99e-26	5.058e-08	1.981e-08	1.88e-10	0.2435	2.399e-10	5.739e-24	1.466	2.696e-06	9.177e-07	4.145e-07	0	0	0	0	0	0	0	0	0	0	0	0	0	0	0	0	0	0	0	0	0	0	0	1.761e+04	0	0	0	0	0	0	0	0	0	0	0	0	0	0	0	8.43e+04	0	0	0	0	0	0	0	0	0	0	0	0	0	0	0	0	0	0	0	0	0	0	0	
5656	1955.013	3.45e+19	0	0	100000	1.93917062	5.403e-06	0.3488	0.02804	1.107e-07	2.101	9272	54.3	0.0001247	0.07836	1.148e-09	0.00212	0	2.827e-05	2.212e-13	1.667e-20	3.016e-26	4.021e-26	5.027e-26	5.1e-08	1.999e-08	1.899e-10	0.2453	2.421e-10	5.797e-24	1.477	2.716e-06	9.245e-07	4.176e-07	0	0	0	0	0	0	0	0	0	0	0	0	0	0	0	0	0	0	0	0	0	0	0	1.769e+04	0	0	0	0	0	0	0	0	0	0	0	0	0	0	0	8.472e+04	0	0	0	0	0	0	0	0	0	0	0	0	0	0	0	0	0	0	0	0	0	0	0	
5684	1955.013	3.45e+19	0	0	100000	1.93919793	5.433e-06	0.3511	0.02824	1.118e-07	2.117	9340	54.7	0.0001261	0.07901	1.159e-09	0.002138	0	2.858e-05	2.228e-13	1.688e-20	3.038e-26	4.051e-26	5.064e-26	5.142e-08	2.017e-08	1.918e-10	0.2471	2.443e-10	5.855e-24	1.488	2.736e-06	9.313e-07	4.207e-07	0	0	0	0	0	0	0	0	0	0	0	0	0	0	0	0	0	0	0	0	0	0	0	1.778e+04	0	0	0	0	0	0	0	0	0	0	0	0	0	0	0	8.513e+04	0	0	0	0	0	0	0	0	0	0	0	0	0	0	0	0	0	0	0	0	0	0	0	
5712	1955.013	3.45e+19	0	0	100000	1.93922524	5.463e-06	0.3534	0.02845	1.129e-07	2.132	9408	55.1	0.0001275	0.07966	1.169e-09	0.002155	0	2.889e-05	2.244e-13	1.709e-20	3.06e-26	4.081e-26	5.101e-26	5.184e-08	2.036e-08	1.937e-10	0.2489	2.465e-10	5.914e-24	1.499	2.756e-06	9.381e-07	4.238e-07	0	0	0	0	0	0	0	0	0	0	0	0	0	0	0	0	0	0	0	0	0	0	0	1.787e+04	0	0	0	0	0	0	0	0	0	0	0	0	0	0	0	8.555e+04	0	0	0	0	0	0	0	0	0	0	0	0	0	0	0	0	0	0	0	0	0	0	0	
5740	1955.013	3.45e+19	0	0	100000	1.93925255	5.493e-06	0.3556	0.02866	1.14e-07	2.148	9477	55.5	0.0001289	0.08031	1.18e-09	0.002173	0	2.921e-05	2.261e-13	1.731e-20	3.083e-26	4.11e-26	5.138e-26	5.227e-08	2.054e-08	1.956e-10	0.2507	2.488e-10	5.973e-24	1.509	2.776e-06	9.45e-07	4.268e-07	0	0	0	0	0	0	0	0	0	0	0	0	0	0	0	0	0	0	0	0	0	0	0	1.796e+04	0	0	0	0	0	0	0	0	0	0	0	0	0	0	0	8.597e+04	0	0	0	0	0	0	0	0	0	0	0	0	0	0	0	0	0	0	0	0	0	0	0	
5768	1955.013	3.45e+19	0	0	100000	1.93927986	5.523e-06	0.3579	0.02886	1.152e-07	2.163	9545	55.9	0.0001303	0.08096	1.19e-09	0.002191	0	2.952e-05	2.277e-13	1.753e-20	3.105e-26	4.14e-26	5.175e-26	5.269e-08	2.073e-08	1.976e-10	0.2525	2.51e-10	6.032e-24	1.52	2.796e-06	9.518e-07	4.299e-07	0	0	0	0	0	0	0	0	0	0	0	0	0	0	0	0	0	0	0	0	0	0	0	1.804e+04	0	0	0	0	0	0	0	0	0	0	0	0	0	0	0	8.639e+04	0	0	0	0	0	0	0	0	0	0	0	0	0	0	0	0	0	0	0	0	0	0	0	
5796	1955.013	3.45e+19	0	0	100000	1.93930717	5.553e-06	0.3601	0.02907	1.163e-07	2.179	9614	56.3	0.0001317	0.08162	1.201e-09	0.002208	0	2.984e-05	2.293e-13	1.775e-20	3.127e-26	4.17e-26	5.212e-26	5.312e-08	2.092e-08	1.995e-10	0.2543	2.533e-10	6.092e-24	1.531	2.817e-06	9.586e-07	4.33e-07	0	0	0	0	0	0	0	0	0	0	0	0	0	0	0	0	0	0	0	0	0	0	0	1.813e+04	0	0	0	0	0	0	0	0	0	0	0	0	0	0	0	8.681e+04	0	0	0	0	0	0	0	0	0	0	0	0	0	0	0	0	0	0	0	0	0	0	0	
5824	1955.013	3.45e+19	0	0	100000	1.93933448	5.582e-06	0.3624	0.02928	1.174e-07	2.194	9682	56.71	0.0001331	0.08227	1.212e-09	0.002226	0	3.016e-05	2.31e-13	1.797e-20	3.15e-26	4.199e-26	5.249e-26	5.355e-08	2.11e-08	2.015e-10	0.2561	2.555e-10	6.152e-24	1.542	2.837e-06	9.655e-07	4.361e-07	0	0	0	0	0	0	0	0	0	0	0	0	0	0	0	0	0	0	0	0	0	0	0	1.822e+04	0	0	0	0	0	0	0	0	0	0	0	0	0	0	0	8.723e+04	0	0	0	0	0	0	0	0	0	0	0	0	0	0	0	0	0	0	0	0	0	0	0	
5852	1955.013	3.45e+19	0	0	100000	1.93936179	5.612e-06	0.3646	0.02949	1.186e-07	2.21	9751	57.11	0.0001345	0.08293	1.223e-09	0.002244	0	3.048e-05	2.326e-13	1.82e-20	3.172e-26	4.229e-26	5.287e-26	5.398e-08	2.129e-08	2.035e-10	0.2579	2.578e-10	6.212e-24	1.553	2.857e-06	9.724e-07	4.392e-07	0	0	0	0	0	0	0	0	0	0	0	0	0	0	0	0	0	0	0	0	0	0	0	1.831e+04	0	0	0	0	0	0	0	0	0	0	0	0	0	0	0	8.765e+04	0	0	0	0	0	0	0	0	0	0	0	0	0	0	0	0	0	0	0	0	0	0	0	
5880	1955.013	3.45e+19	0	0	100000	1.9393891	5.641e-06	0.3668	0.0297	1.198e-07	2.226	9820	57.51	0.000136	0.08359	1.234e-09	0.002262	0	3.081e-05	2.342e-13	1.843e-20	3.194e-26	4.259e-26	5.324e-26	5.441e-08	2.148e-08	2.055e-10	0.2597	2.601e-10	6.273e-24	1.564	2.877e-06	9.792e-07	4.423e-07	0	0	0	0	0	0	0	0	0	0	0	0	0	0	0	0	0	0	0	0	0	0	0	1.84e+04	0	0	0	0	0	0	0	0	0	0	0	0	0	0	0	8.807e+04	0	0	0	0	0	0	0	0	0	0	0	0	0	0	0	0	0	0	0	0	0	0	0	
5908	1955.013	3.45e+19	0	0	100000	1.93941641	5.671e-06	0.3691	0.02991	1.209e-07	2.241	9889	57.92	0.0001374	0.08426	1.244e-09	0.00228	0	3.113e-05	2.359e-13	1.866e-20	3.217e-26	4.289e-26	5.361e-26	5.484e-08	2.167e-08	2.075e-10	0.2615	2.624e-10	6.334e-24	1.575	2.897e-06	9.861e-07	4.454e-07	0	0	0	0	0	0	0	0	0	0	0	0	0	0	0	0	0	0	0	0	0	0	0	1.848e+04	0	0	0	0	0	0	0	0	0	0	0	0	0	0	0	8.849e+04	0	0	0	0	0	0	0	0	0	0	0	0	0	0	0	0	0	0	0	0	0	0	0	
5936	1955.013	3.45e+19	0	0	100000	1.93944372	5.7e-06	0.3713	0.03011	1.221e-07	2.257	9958	58.32	0.0001389	0.08492	1.255e-09	0.002298	0	3.146e-05	2.375e-13	1.889e-20	3.239e-26	4.319e-26	5.399e-26	5.527e-08	2.186e-08	2.095e-10	0.2633	2.647e-10	6.395e-24	1.586	2.918e-06	9.93e-07	4.485e-07	0	0	0	0	0	0	0	0	0	0	0	0	0	0	0	0	0	0	0	0	0	0	0	1.857e+04	0	0	0	0	0	0	0	0	0	0	0	0	0	0	0	8.891e+04	0	0	0	0	0	0	0	0	0	0	0	0	0	0	0	0	0	0	0	0	0	0	0	
5964	1955.013	3.45e+19	0	0	100000	1.93947103	5.73e-06	0.3736	0.03032	1.233e-07	2.273	1.003e+04	58.73	0.0001403	0.08559	1.266e-09	0.002316	0	3.179e-05	2.392e-13	1.912e-20	3.262e-26	4.349e-26	5.436e-26	5.57e-08	2.205e-08	2.115e-10	0.2651	2.67e-10	6.457e-24	1.597	2.938e-06	9.999e-07	4.517e-07	0	0	0	0	0	0	0	0	0	0	0	0	0	0	0	0	0	0	0	0	0	0	0	1.866e+04	0	0	0	0	0	0	0	0	0	0	0	0	0	0	0	8.933e+04	0	0	0	0	0	0	0	0	0	0	0	0	0	0	0	0	0	0	0	0	0	0	0	
5992	1955.013	3.45e+19	0	0	100000	1.93949834	5.759e-06	0.3758	0.03053	1.245e-07	2.288	1.01e+04	59.13	0.0001418	0.08626	1.277e-09	0.002334	0	3.213e-05	2.408e-13	1.936e-20	3.284e-26	4.379e-26	5.474e-26	5.614e-08	2.224e-08	2.135e-10	0.267	2.694e-10	6.519e-24	1.608	2.958e-06	1.007e-06	4.548e-07	0	0	0	0	0	0	0	0	0	0	0	0	0	0	0	0	0	0	0	0	0	0	0	1.875e+04	0	0	0	0	0	0	0	0	0	0	0	0	0	0	0	8.975e+04	0	0	0	0	0	0	0	0	0	0	0	0	0	0	0	0	0	0	0	0	0	0	0	
6020	1955.013	3.45e+19	0	0	100000	1.93952565	5.788e-06	0.3781	0.03074	1.257e-07	2.304	1.017e+04	59.54	0.0001433	0.08693	1.289e-09	0.002352	0	3.247e-05	2.425e-13	1.96e-20	3.307e-26	4.409e-26	5.511e-26	5.657e-08	2.244e-08	2.156e-10	0.2688	2.717e-10	6.582e-24	1.619	2.978e-06	1.014e-06	4.579e-07	0	0	0	0	0	0	0	0	0	0	0	0	0	0	0	0	0	0	0	0	0	0	0	1.883e+04	0	0	0	0	0	0	0	0	0	0	0	0	0	0	0	9.017e+04	0	0	0	0	0	0	0	0	0	0	0	0	0	0	0	0	0	0	0	0	0	0	0	
6048	1955.013	3.45e+19	0	0	100000	1.93955296	5.817e-06	0.3803	0.03095	1.269e-07	2.32	1.024e+04	59.95	0.0001448	0.0876	1.3e-09	0.00237	0	3.28e-05	2.442e-13	1.984e-20	3.329e-26	4.439e-26	5.549e-26	5.701e-08	2.263e-08	2.176e-10	0.2706	2.74e-10	6.645e-24	1.63	2.999e-06	1.021e-06	4.61e-07	0	0	0	0	0	0	0	0	0	0	0	0	0	0	0	0	0	0	0	0	0	0	0	1.892e+04	0	0	0	0	0	0	0	0	0	0	0	0	0	0	0	9.059e+04	0	0	0	0	0	0	0	0	0	0	0	0	0	0	0	0	0	0	0	0	0	0	0	
6076	1955.013	3.45e+19	0	0	100000	1.93958027	5.846e-06	0.3825	0.03116	1.281e-07	2.335	1.03e+04	60.35	0.0001463	0.08827	1.311e-09	0.002388	0	3.314e-05	2.458e-13	2.008e-20	3.352e-26	4.469e-26	5.587e-26	5.745e-08	2.282e-08	2.197e-10	0.2724	2.764e-10	6.708e-24	1.641	3.019e-06	1.028e-06	4.642e-07	0	0	0	0	0	0	0	0	0	0	0	0	0	0	0	0	0	0	0	0	0	0	0	1.901e+04	0	0	0	0	0	0	0	0	0	0	0	0	0	0	0	9.101e+04	0	0	0	0	0	0	0	0	0	0	0	0	0	0	0	0	0	0	0	0	0	0	0	
6104	1955.013	3.45e+19	0	0	100000	1.93960758	5.875e-06	0.3848	0.03137	1.293e-07	2.351	1.037e+04	60.76	0.0001478	0.08895	1.322e-09	0.002407	0	3.349e-05	2.475e-13	2.032e-20	3.375e-26	4.5e-26	5.625e-26	5.789e-08	2.302e-08	2.218e-10	0.2743	2.788e-10	6.771e-24	1.652	3.039e-06	1.035e-06	4.673e-07	0	0	0	0	0	0	0	0	0	0	0	0	0	0	0	0	0	0	0	0	0	0	0	1.91e+04	0	0	0	0	0	0	0	0	0	0	0	0	0	0	0	9.143e+04	0	0	0	0	0	0	0	0	0	0	0	0	0	0	0	0	0	0	0	0	0	0	0	
6132	1955.013	3.45e+19	0	0	100000	1.93963489	5.904e-06	0.387	0.03158	1.305e-07	2.367	1.044e+04	61.17	0.0001493	0.08963	1.333e-09	0.002425	0	3.383e-05	2.491e-13	2.057e-20	3.397e-26	4.53e-26	5.662e-26	5.833e-08	2.322e-08	2.239e-10	0.2761	2.811e-10	6.835e-24	1.664	3.06e-06	1.041e-06	4.704e-07	0	0	0	0	0	0	0	0	0	0	0	0	0	0	0	0	0	0	0	0	0	0	0	1.918e+04	0	0	0	0	0	0	0	0	0	0	0	0	0	0	0	9.184e+04	0	0	0	0	0	0	0	0	0	0	0	0	0	0	0	0	0	0	0	0	0	0	0	
6160	1955.013	3.45e+19	0	0	100000	1.9396622	5.932e-06	0.3893	0.03179	1.317e-07	2.383	1.051e+04	61.58	0.0001509	0.09031	1.345e-09	0.002444	0	3.418e-05	2.508e-13	2.082e-20	3.42e-26	4.56e-26	5.7e-26	5.877e-08	2.341e-08	2.26e-10	0.2779	2.835e-10	6.899e-24	1.675	3.08e-06	1.048e-06	4.736e-07	0	0	0	0	0	0	0	0	0	0	0	0	0	0	0	0	0	0	0	0	0	0	0	1.927e+04	0	0	0	0	0	0	0	0	0	0	0	0	0	0	0	9.226e+04	0	0	0	0	0	0	0	0	0	0	0	0	0	0	0	0	0	0	0	0	0	0	0	
6188	1955.013	3.45e+19	0	0	100000	1.93968951	5.961e-06	0.3915	0.03201	1.33e-07	2.399	1.058e+04	61.99	0.0001524	0.09099	1.356e-09	0.002462	0	3.453e-05	2.525e-13	2.107e-20	3.443e-26	4.59e-26	5.738e-26	5.922e-08	2.361e-08	2.281e-10	0.2797	2.859e-10	6.964e-24	1.686	3.101e-06	1.055e-06	4.767e-07	0	0	0	0	0	0	0	0	0	0	0	0	0	0	0	0	0	0	0	0	0	0	0	1.936e+04	0	0	0	0	0	0	0	0	0	0	0	0	0	0	0	9.268e+04	0	0	0	0	0	0	0	0	0	0	0	0	0	0	0	0	0	0	0	0	0	0	0	
6216	1955.013	3.45e+19	0	0	100000	1.93971682	5.99e-06	0.3937	0.03222	1.342e-07	2.414	1.065e+04	62.4	0.000154	0.09167	1.367e-09	0.00248	0	3.488e-05	2.541e-13	2.133e-20	3.466e-26	4.621e-26	5.776e-26	5.966e-08	2.381e-08	2.302e-10	0.2816	2.883e-10	7.029e-24	1.697	3.121e-06	1.062e-06	4.799e-07	0	0	0	0	0	0	0	0	0	0	0	0	0	0	0	0	0	0	0	0	0	0	0	1.945e+04	0	0	0	0	0	0	0	0	0	0	0	0	0	0	0	9.31e+04	0	0	0	0	0	0	0	0	0	0	0	0	0	0	0	0	0	0	0	0	0	0	0	
6244	1955.013	3.45e+19	0	0	100000	1.93974413	6.018e-06	0.396	0.03243	1.354e-07	2.43	1.072e+04	62.81	0.0001556	0.09236	1.379e-09	0.002499	0	3.524e-05	2.558e-13	2.158e-20	3.488e-26	4.651e-26	5.814e-26	6.011e-08	2.401e-08	2.324e-10	0.2834	2.907e-10	7.094e-24	1.708	3.142e-06	1.069e-06	4.83e-07	0	0	0	0	0	0	0	0	0	0	0	0	0	0	0	0	0	0	0	0	0	0	0	1.953e+04	0	0	0	0	0	0	0	0	0	0	0	0	0	0	0	9.352e+04	0	0	0	0	0	0	0	0	0	0	0	0	0	0	0	0	0	0	0	0	0	0	0	
6272	1955.013	3.45e+19	0	0	100000	1.93977144	6.047e-06	0.3982	0.03264	1.367e-07	2.446	1.079e+04	63.22	0.0001571	0.09305	1.39e-09	0.002518	0	3.56e-05	2.575e-13	2.184e-20	3.511e-26	4.681e-26	5.852e-26	6.056e-08	2.421e-08	2.345e-10	0.2853	2.932e-10	7.16e-24	1.719	3.162e-06	1.076e-06	4.862e-07	0	0	0	0	0	0	0	0	0	0	0	0	0	0	0	0	0	0	0	0	0	0	0	1.962e+04	0	0	0	0	0	0	0	0	0	0	0	0	0	0	0	9.394e+04	0	0	0	0	0	0	0	0	0	0	0	0	0	0	0	0	0	0	0	0	0	0	0	
6300	1955.013	3.45e+19	0	0	100000	1.93979875	6.075e-06	0.4004	0.03285	1.38e-07	2.462	1.086e+04	63.63	0.0001587	0.09373	1.402e-09	0.002536	0	3.596e-05	2.591e-13	2.21e-20	3.534e-26	4.712e-26	5.89e-26	6.1e-08	2.441e-08	2.367e-10	0.2871	2.956e-10	7.226e-24	1.73	3.183e-06	1.083e-06	4.893e-07	0	0	0	0	0	0	0	0	0	0	0	0	0	0	0	0	0	0	0	0	0	0	0	1.971e+04	0	0	0	0	0	0	0	0	0	0	0	0	0	0	0	9.436e+04	0	0	0	0	0	0	0	0	0	0	0	0	0	0	0	0	0	0	0	0	0	0	0	
6328	1955.013	3.45e+19	0	0	100000	1.93982606	6.103e-06	0.4026	0.03307	1.392e-07	2.478	1.093e+04	64.04	0.0001603	0.09443	1.414e-09	0.002555	0	3.632e-05	2.608e-13	2.236e-20	3.557e-26	4.742e-26	5.928e-26	6.145e-08	2.461e-08	2.388e-10	0.2889	2.981e-10	7.292e-24	1.742	3.203e-06	1.09e-06	4.925e-07	0	0	0	0	0	0	0	0	0	0	0	0	0	0	0	0	0	0	0	0	0	0	0	1.98e+04	0	0	0	0	0	0	0	0	0	0	0	0	0	0	0	9.478e+04	0	0	0	0	0	0	0	0	0	0	0	0	0	0	0	0	0	0	0	0	0	0	0	
6356	1955.013	3.45e+19	0	0	100000	1.93985337	6.132e-06	0.4049	0.03328	1.405e-07	2.494	1.1e+04	64.45	0.0001619	0.09512	1.425e-09	0.002574	0	3.668e-05	2.625e-13	2.263e-20	3.58e-26	4.773e-26	5.966e-26	6.19e-08	2.482e-08	2.41e-10	0.2908	3.005e-10	7.359e-24	1.753	3.224e-06	1.097e-06	4.957e-07	0	0	0	0	0	0	0	0	0	0	0	0	0	0	0	0	0	0	0	0	0	0	0	1.988e+04	0	0	0	0	0	0	0	0	0	0	0	0	0	0	0	9.52e+04	0	0	0	0	0	0	0	0	0	0	0	0	0	0	0	0	0	0	0	0	0	0	0	
6384	1955.013	3.45e+19	0	0	100000	1.93988068	6.16e-06	0.4071	0.03349	1.418e-07	2.51	1.107e+04	64.86	0.0001636	0.09581	1.437e-09	0.002592	0	3.705e-05	2.642e-13	2.29e-20	3.603e-26	4.803e-26	6.004e-26	6.236e-08	2.502e-08	2.432e-10	0.2926	3.03e-10	7.426e-24	1.764	3.245e-06	1.104e-06	4.988e-07	0	0	0	0	0	0	0	0	0	0	0	0	0	0	0	0	0	0	0	0	0	0	0	1.997e+04	0	0	0	0	0	0	0	0	0	0	0	0	0	0	0	9.562e+04	0	0	0	0	0	0	0	0	0	0	0	0	0	0	0	0	0	0	0	0	0	0	0	
6412	1955.013	3.45e+19	0	0	100000	1.93990799	6.188e-06	0.4093	0.0337	1.431e-07	2.526	1.115e+04	65.28	0.0001652	0.09651	1.449e-09	0.002611	0	3.742e-05	2.659e-13	2.317e-20	3.625e-26	4.834e-26	6.042e-26	6.281e-08	2.522e-08	2.454e-10	0.2945	3.055e-10	7.494e-24	1.775	3.265e-06	1.111e-06	5.02e-07	0	0	0	0	0	0	0	0	0	0	0	0	0	0	0	0	0	0	0	0	0	0	0	2.006e+04	0	0	0	0	0	0	0	0	0	0	0	0	0	0	0	9.604e+04	0	0	0	0	0	0	0	0	0	0	0	0	0	0	0	0	0	0	0	0	0	0	0	
6440	1955.013	3.45e+19	0	0	100000	1.9399353	6.216e-06	0.4115	0.03392	1.444e-07	2.542	1.122e+04	65.69	0.0001669	0.09721	1.46e-09	0.00263	0	3.779e-05	2.675e-13	2.344e-20	3.648e-26	4.865e-26	6.081e-26	6.326e-08	2.543e-08	2.477e-10	0.2963	3.079e-10	7.561e-24	1.786	3.286e-06	1.118e-06	5.052e-07	0	0	0	0	0	0	0	0	0	0	0	0	0	0	0	0	0	0	0	0	0	0	0	2.015e+04	0	0	0	0	0	0	0	0	0	0	0	0	0	0	0	9.646e+04	0	0	0	0	0	0	0	0	0	0	0	0	0	0	0	0	0	0	0	0	0	0	0	
6468	1955.013	3.45e+19	0	0	100000	1.93996261	6.244e-06	0.4137	0.03413	1.457e-07	2.558	1.129e+04	66.1	0.0001685	0.09791	1.472e-09	0.002649	0	3.816e-05	2.692e-13	2.372e-20	3.671e-26	4.895e-26	6.119e-26	6.372e-08	2.564e-08	2.499e-10	0.2982	3.104e-10	7.63e-24	1.798	3.307e-06	1.125e-06	5.084e-07	0	0	0	0	0	0	0	0	0	0	0	0	0	0	0	0	0	0	0	0	0	0	0	2.023e+04	0	0	0	0	0	0	0	0	0	0	0	0	0	0	0	9.688e+04	0	0	0	0	0	0	0	0	0	0	0	0	0	0	0	0	0	0	0	0	0	0	0	
6496	1955.013	3.45e+19	0	0	100000	1.93998992	6.271e-06	0.416	0.03434	1.47e-07	2.574	1.136e+04	66.52	0.0001702	0.09861	1.484e-09	0.002668	0	3.854e-05	2.709e-13	2.4e-20	3.694e-26	4.926e-26	6.157e-26	6.418e-08	2.584e-08	2.521e-10	0.3	3.129e-10	7.698e-24	1.809	3.327e-06	1.132e-06	5.115e-07	0	0	0	0	0	0	0	0	0	0	0	0	0	0	0	0	0	0	0	0	0	0	0	2.032e+04	0	0	0	0	0	0	0	0	0	0	0	0	0	0	0	9.73e+04	0	0	0	0	0	0	0	0	0	0	0	0	0	0	0	0	0	0	0	0	0	0	0	
6524	1955.013	3.45e+19	0	0	100000	1.94001723	6.299e-06	0.4182	0.03456	1.483e-07	2.59	1.143e+04	66.93	0.0001719	0.09931	1.496e-09	0.002687	0	3.892e-05	2.726e-13	2.428e-20	3.717e-26	4.956e-26	6.196e-26	6.464e-08	2.605e-08	2.544e-10	0.3019	3.155e-10	7.767e-24	1.82	3.348e-06	1.14e-06	5.147e-07	0	0	0	0	0	0	0	0	0	0	0	0	0	0	0	0	0	0	0	0	0	0	0	2.041e+04	0	0	0	0	0	0	0	0	0	0	0	0	0	0	0	9.772e+04	0	0	0	0	0	0	0	0	0	0	0	0	0	0	0	0	0	0	0	0	0	0	0	
6552	1955.013	3.45e+19	0	0	100000	1.94004454	6.327e-06	0.4204	0.03477	1.496e-07	2.606	1.15e+04	67.35	0.0001735	0.1	1.508e-09	0.002706	0	3.93e-05	2.743e-13	2.456e-20	3.74e-26	4.987e-26	6.234e-26	6.509e-08	2.626e-08	2.567e-10	0.3037	3.18e-10	7.836e-24	1.831	3.369e-06	1.147e-06	5.179e-07	0	0	0	0	0	0	0	0	0	0	0	0	0	0	0	0	0	0	0	0	0	0	0	2.05e+04	0	0	0	0	0	0	0	0	0	0	0	0	0	0	0	9.814e+04	0	0	0	0	0	0	0	0	0	0	0	0	0	0	0	0	0	0	0	0	0	0	0	
6580	1955.013	3.45e+19	0	0	100000	1.94007185	6.354e-06	0.4226	0.03499	1.509e-07	2.622	1.157e+04	67.76	0.0001752	0.1007	1.52e-09	0.002725	0	3.969e-05	2.76e-13	2.484e-20	3.763e-26	5.018e-26	6.272e-26	6.555e-08	2.647e-08	2.59e-10	0.3056	3.205e-10	7.906e-24	1.843	3.39e-06	1.154e-06	5.211e-07	0	0	0	0	0	0	0	0	0	0	0	0	0	0	0	0	0	0	0	0	0	0	0	2.058e+04	0	0	0	0	0	0	0	0	0	0	0	0	0	0	0	9.855e+04	0	0	0	0	0	0	0	0	0	0	0	0	0	0	0	0	0	0	0	0	0	0	0	
6608	1955.013	3.45e+19	0	0	100000	1.94009916	6.382e-06	0.4248	0.0352	1.523e-07	2.638	1.164e+04	68.18	0.000177	0.1014	1.532e-09	0.002745	0	4.007e-05	2.777e-13	2.513e-20	3.787e-26	5.049e-26	6.311e-26	6.602e-08	2.668e-08	2.612e-10	0.3074	3.231e-10	7.976e-24	1.854	3.41e-06	1.161e-06	5.243e-07	0	0	0	0	0	0	0	0	0	0	0	0	0	0	0	0	0	0	0	0	0	0	0	2.067e+04	0	0	0	0	0	0	0	0	0	0	0	0	0	0	0	9.897e+04	0	0	0	0	0	0	0	0	0	0	0	0	0	0	0	0	0	0	0	0	0	0	0	
6636	1955.013	3.45e+19	0	0	100000	1.94012647	6.409e-06	0.427	0.03542	1.536e-07	2.654	1.171e+04	68.59	0.0001787	0.1021	1.544e-09	0.002764	0	4.046e-05	2.794e-13	2.542e-20	3.81e-26	5.08e-26	6.349e-26	6.648e-08	2.689e-08	2.636e-10	0.3093	3.256e-10	8.047e-24	1.865	3.431e-06	1.168e-06	5.275e-07	0	0	0	0	0	0	0	0	0	0	0	0	0	0	0	0	0	0	0	0	0	0	0	2.076e+04	0	0	0	0	0	0	0	0	0	0	0	0	0	0	0	9.939e+04	0	0	0	0	0	0	0	0	0	0	0	0	0	0	0	0	0	0	0	0	0	0	0	
6664	1955.013	3.45e+19	0	0	100000	1.94015378	6.436e-06	0.4292	0.03563	1.55e-07	2.67	1.178e+04	69.01	0.0001804	0.1029	1.557e-09	0.002783	0	4.086e-05	2.811e-13	2.572e-20	3.833e-26	5.11e-26	6.388e-26	6.694e-08	2.71e-08	2.659e-10	0.3112	3.282e-10	8.117e-24	1.877	3.452e-06	1.175e-06	5.307e-07	0	0	0	0	0	0	0	0	0	0	0	0	0	0	0	0	0	0	0	0	0	0	0	2.085e+04	0	0	0	0	0	0	0	0	0	0	0	0	0	0	0	9.981e+04	0	0	0	0	0	0	0	0	0	0	0	0	0	0	0	0	0	0	0	0	0	0	0	
6692	1955.013	3.45e+19	0	0	100000	1.94018109	6.463e-06	0.4314	0.03585	1.563e-07	2.686	1.185e+04	69.43	0.0001822	0.1036	1.569e-09	0.002803	0	4.125e-05	2.828e-13	2.601e-20	3.856e-26	5.141e-26	6.427e-26	6.741e-08	2.732e-08	2.682e-10	0.313	3.308e-10	8.189e-24	1.888	3.473e-06	1.182e-06	5.339e-07	0	0	0	0	0	0	0	0	0	0	0	0	0	0	0	0	0	0	0	0	0	0	0	2.094e+04	0	0	0	0	0	0	0	0	0	0	0	0	0	0	0	1.002e+05	0	0	0	0	0	0	0	0	0	0	0	0	0	0	0	0	0	0	0	0	0	0	0	
6720	1955.013	3.45e+19	0	0	100000	1.9402084	6.49e-06	0.4336	0.03606	1.577e-07	2.703	1.193e+04	69.84	0.0001839	0.1043	1.581e-09	0.002822	0	4.165e-05	2.845e-13	2.631e-20	3.879e-26	5.172e-26	6.465e-26	6.787e-08	2.753e-08	2.706e-10	0.3149	3.334e-10	8.26e-24	1.899	3.494e-06	1.189e-06	5.371e-07	0	0	0	0	0	0	0	0	0	0	0	0	0	0	0	0	0	0	0	0	0	0	0	2.102e+04	0	0	0	0	0	0	0	0	0	0	0	0	0	0	0	1.007e+05	0	0	0	0	0	0	0	0	0	0	0	0	0	0	0	0	0	0	0	0	0	0	0	
6748	1955.013	3.45e+19	0	0	100000	1.94023571	6.517e-06	0.4358	0.03628	1.591e-07	2.719	1.2e+04	70.26	0.0001857	0.105	1.593e-09	0.002841	0	4.205e-05	2.862e-13	2.661e-20	3.902e-26	5.203e-26	6.504e-26	6.834e-08	2.775e-08	2.729e-10	0.3168	3.36e-10	8.332e-24	1.911	3.515e-06	1.196e-06	5.403e-07	0	0	0	0	0	0	0	0	0	0	0	0	0	0	0	0	0	0	0	0	0	0	0	2.111e+04	0	0	0	0	0	0	0	0	0	0	0	0	0	0	0	1.011e+05	0	0	0	0	0	0	0	0	0	0	0	0	0	0	0	0	0	0	0	0	0	0	0	
6776	1955.013	3.45e+19	0	0	100000	1.94026302	6.544e-06	0.438	0.03649	1.605e-07	2.735	1.207e+04	70.68	0.0001875	0.1057	1.606e-09	0.002861	0	4.245e-05	2.879e-13	2.692e-20	3.925e-26	5.234e-26	6.542e-26	6.881e-08	2.796e-08	2.753e-10	0.3186	3.386e-10	8.404e-24	1.922	3.536e-06	1.203e-06	5.436e-07	0	0	0	0	0	0	0	0	0	0	0	0	0	0	0	0	0	0	0	0	0	0	0	2.12e+04	0	0	0	0	0	0	0	0	0	0	0	0	0	0	0	1.015e+05	0	0	0	0	0	0	0	0	0	0	0	0	0	0	0	0	0	0	0	0	0	0	0	
6804	1955.013	3.45e+19	0	0	100000	1.94029033	6.571e-06	0.4402	0.03671	1.618e-07	2.751	1.214e+04	71.1	0.0001893	0.1065	1.618e-09	0.00288	0	4.285e-05	2.896e-13	2.722e-20	3.949e-26	5.265e-26	6.581e-26	6.928e-08	2.818e-08	2.777e-10	0.3205	3.412e-10	8.477e-24	1.933	3.556e-06	1.21e-06	5.468e-07	0	0	0	0	0	0	0	0	0	0	0	0	0	0	0	0	0	0	0	0	0	0	0	2.129e+04	0	0	0	0	0	0	0	0	0	0	0	0	0	0	0	1.019e+05	0	0	0	0	0	0	0	0	0	0	0	0	0	0	0	0	0	0	0	0	0	0	0	
6832	1955.013	3.45e+19	0	0	100000	1.94031764	6.598e-06	0.4424	0.03692	1.632e-07	2.767	1.221e+04	71.52	0.0001911	0.1072	1.631e-09	0.0029	0	4.326e-05	2.913e-13	2.753e-20	3.972e-26	5.296e-26	6.62e-26	6.975e-08	2.839e-08	2.801e-10	0.3224	3.438e-10	8.55e-24	1.945	3.577e-06	1.218e-06	5.5e-07	0	0	0	0	0	0	0	0	0	0	0	0	0	0	0	0	0	0	0	0	0	0	0	2.137e+04	0	0	0	0	0	0	0	0	0	0	0	0	0	0	0	1.023e+05	0	0	0	0	0	0	0	0	0	0	0	0	0	0	0	0	0	0	0	0	0	0	0	
6860	1955.013	3.45e+19	0	0	100000	1.94034495	6.625e-06	0.4446	0.03714	1.646e-07	2.784	1.228e+04	71.93	0.0001929	0.1079	1.643e-09	0.00292	0	4.367e-05	2.93e-13	2.784e-20	3.995e-26	5.327e-26	6.659e-26	7.022e-08	2.861e-08	2.825e-10	0.3242	3.465e-10	8.624e-24	1.956	3.598e-06	1.225e-06	5.532e-07	0	0	0	0	0	0	0	0	0	0	0	0	0	0	0	0	0	0	0	0	0	0	0	2.146e+04	0	0	0	0	0	0	0	0	0	0	0	0	0	0	0	1.027e+05	0	0	0	0	0	0	0	0	0	0	0	0	0	0	0	0	0	0	0	0	0	0	0	
6888	1955.013	3.45e+19	0	0	100000	1.94037226	6.651e-06	0.4468	0.03736	1.66e-07	2.8	1.235e+04	72.35	0.0001947	0.1086	1.656e-09	0.002939	0	4.409e-05	2.947e-13	2.816e-20	4.019e-26	5.358e-26	6.698e-26	7.07e-08	2.883e-08	2.849e-10	0.3261	3.491e-10	8.698e-24	1.968	3.619e-06	1.232e-06	5.564e-07	0	0	0	0	0	0	0	0	0	0	0	0	0	0	0	0	0	0	0	0	0	0	0	2.155e+04	0	0	0	0	0	0	0	0	0	0	0	0	0	0	0	1.032e+05	0	0	0	0	0	0	0	0	0	0	0	0	0	0	0	0	0	0	0	0	0	0	0	
6916	1955.013	3.45e+19	0	0	100000	1.94039957	6.678e-06	0.449	0.03757	1.675e-07	2.816	1.243e+04	72.77	0.0001966	0.1094	1.668e-09	0.002959	0	4.45e-05	2.964e-13	2.848e-20	4.042e-26	5.389e-26	6.736e-26	7.117e-08	2.905e-08	2.873e-10	0.328	3.518e-10	8.772e-24	1.979	3.64e-06	1.239e-06	5.597e-07	0	0	0	0	0	0	0	0	0	0	0	0	0	0	0	0	0	0	0	0	0	0	0	2.164e+04	0	0	0	0	0	0	0	0	0	0	0	0	0	0	0	1.036e+05	0	0	0	0	0	0	0	0	0	0	0	0	0	0	0	0	0	0	0	0	0	0	0	
6944	1955.013	3.45e+19	0	0	100000	1.94042688	6.704e-06	0.4511	0.03779	1.689e-07	2.832	1.25e+04	73.19	0.0001984	0.1101	1.681e-09	0.002979	0	4.492e-05	2.981e-13	2.88e-20	4.065e-26	5.42e-26	6.775e-26	7.165e-08	2.927e-08	2.898e-10	0.3299	3.545e-10	8.846e-24	1.99	3.661e-06	1.246e-06	5.629e-07	0	0	0	0	0	0	0	0	0	0	0	0	0	0	0	0	0	0	0	0	0	0	0	2.172e+04	0	0	0	0	0	0	0	0	0	0	0	0	0	0	0	1.04e+05	0	0	0	0	0	0	0	0	0	0	0	0	0	0	0	0	0	0	0	0	0	0	0	
6972	1955.013	3.45e+19	0	0	100000	1.94045419	6.73e-06	0.4533	0.03801	1.703e-07	2.849	1.257e+04	73.61	0.0002003	0.1108	1.694e-09	0.002999	0	4.534e-05	2.998e-13	2.912e-20	4.089e-26	5.451e-26	6.814e-26	7.212e-08	2.949e-08	2.922e-10	0.3317	3.571e-10	8.921e-24	2.002	3.682e-06	1.253e-06	5.661e-07	0	0	0	0	0	0	0	0	0	0	0	0	0	0	0	0	0	0	0	0	0	0	0	2.181e+04	0	0	0	0	0	0	0	0	0	0	0	0	0	0	0	1.044e+05	0	0	0	0	0	0	0	0	0	0	0	0	0	0	0	0	0	0	0	0	0	0	0	
7000	1955.013	3.45e+19	0	0	100000	1.9404815	6.757e-06	0.4555	0.03823	1.718e-07	2.865	1.264e+04	74.04	0.0002022	0.1116	1.707e-09	0.003018	0	4.576e-05	3.015e-13	2.945e-20	4.112e-26	5.483e-26	6.853e-26	7.26e-08	2.972e-08	2.947e-10	0.3336	3.598e-10	8.997e-24	2.013	3.703e-06	1.26e-06	5.694e-07	0	0	0	0	0	0	0	0	0	0	0	0	0	0	0	0	0	0	0	0	0	0	0	2.19e+04	0	0	0	0	0	0	0	0	0	0	0	0	0	0	0	1.048e+05	0	0	0	0	0	0	0	0	0	0	0	0	0	0	0	0	0	0	0	0	0	0	0	
7028	1955.013	3.45e+19	0	0	100000	1.94050881	6.783e-06	0.4577	0.03844	1.732e-07	2.881	1.271e+04	74.46	0.000204	0.1123	1.719e-09	0.003038	0	4.619e-05	3.032e-13	2.978e-20	4.135e-26	5.514e-26	6.892e-26	7.308e-08	2.994e-08	2.972e-10	0.3355	3.625e-10	9.073e-24	2.025	3.724e-06	1.268e-06	5.726e-07	0	0	0	0	0	0	0	0	0	0	0	0	0	0	0	0	0	0	0	0	0	0	0	2.199e+04	0	0	0	0	0	0	0	0	0	0	0	0	0	0	0	1.053e+05	0	0	0	0	0	0	0	0	0	0	0	0	0	0	0	0	0	0	0	0	0	0	0	
7056	1955.013	3.45e+19	0	0	100000	1.94053612	6.809e-06	0.4598	0.03866	1.747e-07	2.897	1.278e+04	74.88	0.0002059	0.113	1.732e-09	0.003058	0	4.662e-05	3.05e-13	3.011e-20	4.159e-26	5.545e-26	6.931e-26	7.356e-08	3.016e-08	2.997e-10	0.3374	3.653e-10	9.149e-24	2.036	3.746e-06	1.275e-06	5.758e-07	0	0	0	0	0	0	0	0	0	0	0	0	0	0	0	0	0	0	0	0	0	0	0	2.207e+04	0	0	0	0	0	0	0	0	0	0	0	0	0	0	0	1.057e+05	0	0	0	0	0	0	0	0	0	0	0	0	0	0	0	0	0	0	0	0	0	0	0	
7084	1955.013	3.45e+19	0	0	100000	1.94056343	6.835e-06	0.462	0.03888	1.761e-07	2.914	1.286e+04	75.3	0.0002079	0.1138	1.745e-09	0.003078	0	4.705e-05	3.067e-13	3.044e-20	4.182e-26	5.576e-26	6.97e-26	7.404e-08	3.039e-08	3.022e-10	0.3393	3.68e-10	9.226e-24	2.048	3.767e-06	1.282e-06	5.791e-07	0	0	0	0	0	0	0	0	0	0	0	0	0	0	0	0	0	0	0	0	0	0	0	2.216e+04	0	0	0	0	0	0	0	0	0	0	0	0	0	0	0	1.061e+05	0	0	0	0	0	0	0	0	0	0	0	0	0	0	0	0	0	0	0	0	0	0	0	
7112	1955.013	3.45e+19	0	0	100000	1.94059074	6.86e-06	0.4642	0.0391	1.776e-07	2.93	1.293e+04	75.72	0.0002098	0.1145	1.758e-09	0.003098	0	4.749e-05	3.084e-13	3.078e-20	4.206e-26	5.607e-26	7.009e-26	7.453e-08	3.061e-08	3.047e-10	0.3412	3.707e-10	9.303e-24	2.059	3.788e-06	1.289e-06	5.823e-07	0	0	0	0	0	0	0	0	0	0	0	0	0	0	0	0	0	0	0	0	0	0	0	2.225e+04	0	0	0	0	0	0	0	0	0	0	0	0	0	0	0	1.065e+05	0	0	0	0	0	0	0	0	0	0	0	0	0	0	0	0	0	0	0	0	0	0	0	
7140	1955.013	3.45e+19	0	0	100000	1.94061805	6.886e-06	0.4663	0.03931	1.791e-07	2.946	1.3e+04	76.14	0.0002117	0.1153	1.771e-09	0.003119	0	4.792e-05	3.101e-13	3.112e-20	4.229e-26	5.639e-26	7.048e-26	7.501e-08	3.084e-08	3.072e-10	0.343	3.735e-10	9.38e-24	2.071	3.809e-06	1.296e-06	5.856e-07	0	0	0	0	0	0	0	0	0	0	0	0	0	0	0	0	0	0	0	0	0	0	0	2.234e+04	0	0	0	0	0	0	0	0	0	0	0	0	0	0	0	1.069e+05	0	0	0	0	0	0	0	0	0	0	0	0	0	0	0	0	0	0	0	0	0	0	0	
7168	1955.013	3.45e+19	0	0	100000	1.94064536	6.912e-06	0.4685	0.03953	1.806e-07	2.963	1.307e+04	76.57	0.0002137	0.116	1.784e-09	0.003139	0	4.837e-05	3.118e-13	3.147e-20	4.252e-26	5.67e-26	7.087e-26	7.55e-08	3.107e-08	3.098e-10	0.3449	3.762e-10	9.458e-24	2.082	3.83e-06	1.304e-06	5.888e-07	0	0	0	0	0	0	0	0	0	0	0	0	0	0	0	0	0	0	0	0	0	0	0	2.242e+04	0	0	0	0	0	0	0	0	0	0	0	0	0	0	0	1.074e+05	0	0	0	0	0	0	0	0	0	0	0	0	0	0	0	0	0	0	0	0	0	0	0	
7196	1955.013	3.45e+19	0	0	100000	1.94067267	6.937e-06	0.4707	0.03975	1.821e-07	2.979	1.315e+04	76.99	0.0002156	0.1168	1.797e-09	0.003159	0	4.881e-05	3.136e-13	3.181e-20	4.276e-26	5.701e-26	7.127e-26	7.598e-08	3.13e-08	3.123e-10	0.3468	3.79e-10	9.536e-24	2.094	3.851e-06	1.311e-06	5.921e-07	0	0	0	0	0	0	0	0	0	0	0	0	0	0	0	0	0	0	0	0	0	0	0	2.251e+04	0	0	0	0	0	0	0	0	0	0	0	0	0	0	0	1.078e+05	0	0	0	0	0	0	0	0	0	0	0	0	0	0	0	0	0	0	0	0	0	0	0	
7224	1955.013	3.45e+19	0	0	100000	1.94069998	6.963e-06	0.4728	0.03997	1.836e-07	2.996	1.322e+04	77.41	0.0002176	0.1175	1.811e-09	0.003179	0	4.925e-05	3.153e-13	3.216e-20	4.3e-26	5.733e-26	7.166e-26	7.647e-08	3.153e-08	3.149e-10	0.3487	3.818e-10	9.615e-24	2.105	3.872e-06	1.318e-06	5.953e-07	0	0	0	0	0	0	0	0	0	0	0	0	0	0	0	0	0	0	0	0	0	0	0	2.26e+04	0	0	0	0	0	0	0	0	0	0	0	0	0	0	0	1.082e+05	0	0	0	0	0	0	0	0	0	0	0	0	0	0	0	0	0	0	0	0	0	0	0	
7252	1955.013	3.45e+19	0	0	100000	1.94072729	6.988e-06	0.475	0.04019	1.851e-07	3.012	1.329e+04	77.84	0.0002196	0.1183	1.824e-09	0.0032	0	4.97e-05	3.17e-13	3.251e-20	4.323e-26	5.764e-26	7.205e-26	7.696e-08	3.176e-08	3.175e-10	0.3506	3.846e-10	9.694e-24	2.117	3.894e-06	1.325e-06	5.986e-07	0	0	0	0	0	0	0	0	0	0	0	0	0	0	0	0	0	0	0	0	0	0	0	2.269e+04	0	0	0	0	0	0	0	0	0	0	0	0	0	0	0	1.086e+05	0	0	0	0	0	0	0	0	0	0	0	0	0	0	0	0	0	0	0	0	0	0	0	
7280	1955.013	3.45e+19	0	0	100000	1.9407546	7.014e-06	0.4771	0.04041	1.866e-07	3.028	1.336e+04	78.26	0.0002216	0.119	1.837e-09	0.00322	0	5.016e-05	3.187e-13	3.287e-20	4.347e-26	5.795e-26	7.244e-26	7.745e-08	3.199e-08	3.201e-10	0.3525	3.874e-10	9.773e-24	2.128	3.915e-06	1.332e-06	6.019e-07	0	0	0	0	0	0	0	0	0	0	0	0	0	0	0	0	0	0	0	0	0	0	0	2.277e+04	0	0	0	0	0	0	0	0	0	0	0	0	0	0	0	1.09e+05	0	0	0	0	0	0	0	0	0	0	0	0	0	0	0	0	0	0	0	0	0	0	0	
7308	1955.013	3.45e+19	0	0	100000	1.94078191	7.039e-06	0.4793	0.04063	1.881e-07	3.045	1.344e+04	78.69	0.0002236	0.1198	1.85e-09	0.00324	0	5.061e-05	3.205e-13	3.323e-20	4.37e-26	5.827e-26	7.284e-26	7.794e-08	3.222e-08	3.227e-10	0.3544	3.902e-10	9.853e-24	2.14	3.936e-06	1.34e-06	6.051e-07	0	0	0	0	0	0	0	0	0	0	0	0	0	0	0	0	0	0	0	0	0	0	0	2.286e+04	0	0	0	0	0	0	0	0	0	0	0	0	0	0	0	1.095e+05	0	0	0	0	0	0	0	0	0	0	0	0	0	0	0	0	0	0	0	0	0	0	0	
7336	1955.013	3.45e+19	0	0	100000	1.94080922	7.064e-06	0.4814	0.04085	1.896e-07	3.061	1.351e+04	79.11	0.0002256	0.1205	1.864e-09	0.003261	0	5.107e-05	3.222e-13	3.359e-20	4.394e-26	5.858e-26	7.323e-26	7.843e-08	3.245e-08	3.253e-10	0.3563	3.93e-10	9.933e-24	2.151	3.957e-06	1.347e-06	6.084e-07	0	0	0	0	0	0	0	0	0	0	0	0	0	0	0	0	0	0	0	0	0	0	0	2.295e+04	0	0	0	0	0	0	0	0	0	0	0	0	0	0	0	1.099e+05	0	0	0	0	0	0	0	0	0	0	0	0	0	0	0	0	0	0	0	0	0	0	0	
7364	1955.013	3.45e+19	0	0	100000	1.94083653	7.089e-06	0.4836	0.04107	1.912e-07	3.078	1.358e+04	79.54	0.0002277	0.1213	1.877e-09	0.003281	0	5.153e-05	3.239e-13	3.396e-20	4.417e-26	5.89e-26	7.362e-26	7.892e-08	3.269e-08	3.28e-10	0.3582	3.958e-10	1.001e-23	2.163	3.979e-06	1.354e-06	6.117e-07	0	0	0	0	0	0	0	0	0	0	0	0	0	0	0	0	0	0	0	0	0	0	0	2.304e+04	0	0	0	0	0	0	0	0	0	0	0	0	0	0	0	1.103e+05	0	0	0	0	0	0	0	0	0	0	0	0	0	0	0	0	0	0	0	0	0	0	0	
7392	1955.013	3.45e+19	0	0	100000	1.94086384	7.114e-06	0.4857	0.04129	1.927e-07	3.094	1.365e+04	79.96	0.0002297	0.122	1.891e-09	0.003302	0	5.199e-05	3.257e-13	3.433e-20	4.441e-26	5.921e-26	7.402e-26	7.942e-08	3.292e-08	3.306e-10	0.3601	3.987e-10	1.009e-23	2.175	4e-06	1.361e-06	6.149e-07	0	0	0	0	0	0	0	0	0	0	0	0	0	0	0	0	0	0	0	0	0	0	0	2.312e+04	0	0	0	0	0	0	0	0	0	0	0	0	0	0	0	1.107e+05	0	0	0	0	0	0	0	0	0	0	0	0	0	0	0	0	0	0	0	0	0	0	0	
7420	1955.013	3.45e+19	0	0	100000	1.94089115	7.139e-06	0.4879	0.0415	1.943e-07	3.111	1.373e+04	80.39	0.0002318	0.1228	1.904e-09	0.003322	0	5.246e-05	3.274e-13	3.47e-20	4.465e-26	5.953e-26	7.441e-26	7.991e-08	3.316e-08	3.333e-10	0.362	4.015e-10	1.018e-23	2.186	4.021e-06	1.369e-06	6.182e-07	0	0	0	0	0	0	0	0	0	0	0	0	0	0	0	0	0	0	0	0	0	0	0	2.321e+04	0	0	0	0	0	0	0	0	0	0	0	0	0	0	0	1.111e+05	0	0	0	0	0	0	0	0	0	0	0	0	0	0	0	0	0	0	0	0	0	0	0	
7448	1955.013	3.45e+19	0	0	100000	1.94091846	7.164e-06	0.49	0.04172	1.958e-07	3.127	1.38e+04	80.81	0.0002339	0.1236	1.918e-09	0.003343	0	5.293e-05	3.291e-13	3.507e-20	4.488e-26	5.984e-26	7.48e-26	8.041e-08	3.339e-08	3.36e-10	0.3639	4.044e-10	1.026e-23	2.198	4.042e-06	1.376e-06	6.215e-07	0	0	0	0	0	0	0	0	0	0	0	0	0	0	0	0	0	0	0	0	0	0	0	2.33e+04	0	0	0	0	0	0	0	0	0	0	0	0	0	0	0	1.116e+05	0	0	0	0	0	0	0	0	0	0	0	0	0	0	0	0	0	0	0	0	0	0	0	
7476	1955.013	3.45e+19	0	0	100000	1.94094577	7.188e-06	0.4921	0.04194	1.974e-07	3.144	1.387e+04	81.24	0.000236	0.1243	1.931e-09	0.003364	0	5.34e-05	3.309e-13	3.545e-20	4.512e-26	6.016e-26	7.52e-26	8.091e-08	3.363e-08	3.387e-10	0.3658	4.072e-10	1.034e-23	2.209	4.064e-06	1.383e-06	6.248e-07	0	0	0	0	0	0	0	0	0	0	0	0	0	0	0	0	0	0	0	0	0	0	0	2.339e+04	0	0	0	0	0	0	0	0	0	0	0	0	0	0	0	1.12e+05	0	0	0	0	0	0	0	0	0	0	0	0	0	0	0	0	0	0	0	0	0	0	0	
7504	1955.013	3.45e+19	0	0	100000	1.94097308	7.213e-06	0.4943	0.04216	1.99e-07	3.16	1.394e+04	81.67	0.0002381	0.1251	1.945e-09	0.003384	0	5.387e-05	3.326e-13	3.583e-20	4.536e-26	6.047e-26	7.559e-26	8.141e-08	3.387e-08	3.414e-10	0.3677	4.101e-10	1.042e-23	2.221	4.085e-06	1.39e-06	6.28e-07	0	0	0	0	0	0	0	0	0	0	0	0	0	0	0	0	0	0	0	0	0	0	0	2.348e+04	0	0	0	0	0	0	0	0	0	0	0	0	0	0	0	1.124e+05	0	0	0	0	0	0	0	0	0	0	0	0	0	0	0	0	0	0	0	0	0	0	0	
7532	1955.013	3.45e+19	0	0	100000	1.94100039	7.237e-06	0.4964	0.04239	2.006e-07	3.177	1.402e+04	82.09	0.0002402	0.1259	1.959e-09	0.003405	0	5.435e-05	3.343e-13	3.622e-20	4.559e-26	6.079e-26	7.599e-26	8.191e-08	3.411e-08	3.441e-10	0.3696	4.13e-10	1.051e-23	2.232	4.106e-06	1.398e-06	6.313e-07	0	0	0	0	0	0	0	0	0	0	0	0	0	0	0	0	0	0	0	0	0	0	0	2.356e+04	0	0	0	0	0	0	0	0	0	0	0	0	0	0	0	1.128e+05	0	0	0	0	0	0	0	0	0	0	0	0	0	0	0	0	0	0	0	0	0	0	0	
7560	1955.013	3.45e+19	0	0	100000	1.9410277	7.262e-06	0.4985	0.04261	2.022e-07	3.193	1.409e+04	82.52	0.0002423	0.1266	1.973e-09	0.003426	0	5.483e-05	3.361e-13	3.66e-20	4.583e-26	6.111e-26	7.638e-26	8.241e-08	3.435e-08	3.469e-10	0.3715	4.159e-10	1.059e-23	2.244	4.128e-06	1.405e-06	6.346e-07	0	0	0	0	0	0	0	0	0	0	0	0	0	0	0	0	0	0	0	0	0	0	0	2.365e+04	0	0	0	0	0	0	0	0	0	0	0	0	0	0	0	1.132e+05	0	0	0	0	0	0	0	0	0	0	0	0	0	0	0	0	0	0	0	0	0	0	0	
7588	1955.013	3.45e+19	0	0	100000	1.94105501	7.286e-06	0.5007	0.04283	2.038e-07	3.21	1.416e+04	82.95	0.0002445	0.1274	1.987e-09	0.003447	0	5.532e-05	3.378e-13	3.7e-20	4.607e-26	6.142e-26	7.678e-26	8.291e-08	3.459e-08	3.496e-10	0.3734	4.188e-10	1.067e-23	2.256	4.149e-06	1.412e-06	6.379e-07	0	0	0	0	0	0	0	0	0	0	0	0	0	0	0	0	0	0	0	0	0	0	0	2.374e+04	0	0	0	0	0	0	0	0	0	0	0	0	0	0	0	1.137e+05	0	0	0	0	0	0	0	0	0	0	0	0	0	0	0	0	0	0	0	0	0	0	0	
7616	1955.013	3.45e+19	0	0	100000	1.94108232	7.31e-06	0.5028	0.04305	2.054e-07	3.226	1.424e+04	83.37	0.0002466	0.1282	2e-09	0.003468	0	5.581e-05	3.396e-13	3.739e-20	4.63e-26	6.174e-26	7.717e-26	8.341e-08	3.483e-08	3.524e-10	0.3753	4.218e-10	1.076e-23	2.267	4.17e-06	1.419e-06	6.412e-07	0	0	0	0	0	0	0	0	0	0	0	0	0	0	0	0	0	0	0	0	0	0	0	2.383e+04	0	0	0	0	0	0	0	0	0	0	0	0	0	0	0	1.141e+05	0	0	0	0	0	0	0	0	0	0	0	0	0	0	0	0	0	0	0	0	0	0	0	
7644	1955.013	3.45e+19	0	0	100000	1.94110963	7.334e-06	0.5049	0.04327	2.07e-07	3.243	1.431e+04	83.8	0.0002488	0.1289	2.014e-09	0.003489	0	5.63e-05	3.413e-13	3.779e-20	4.654e-26	6.206e-26	7.757e-26	8.392e-08	3.507e-08	3.552e-10	0.3772	4.247e-10	1.084e-23	2.279	4.192e-06	1.427e-06	6.445e-07	0	0	0	0	0	0	0	0	0	0	0	0	0	0	0	0	0	0	0	0	0	0	0	2.391e+04	0	0	0	0	0	0	0	0	0	0	0	0	0	0	0	1.145e+05	0	0	0	0	0	0	0	0	0	0	0	0	0	0	0	0	0	0	0	0	0	0	0	
7672	1955.013	3.45e+19	0	0	100000	1.94113694	7.358e-06	0.507	0.04349	2.086e-07	3.259	1.438e+04	84.23	0.000251	0.1297	2.028e-09	0.00351	0	5.679e-05	3.43e-13	3.819e-20	4.678e-26	6.237e-26	7.797e-26	8.442e-08	3.532e-08	3.58e-10	0.3791	4.277e-10	1.093e-23	2.291	4.213e-06	1.434e-06	6.478e-07	0	0	0	0	0	0	0	0	0	0	0	0	0	0	0	0	0	0	0	0	0	0	0	2.4e+04	0	0	0	0	0	0	0	0	0	0	0	0	0	0	0	1.149e+05	0	0	0	0	0	0	0	0	0	0	0	0	0	0	0	0	0	0	0	0	0	0	0	
7700	1955.013	3.45e+19	0	0	100000	1.94116425	7.382e-06	0.5091	0.04371	2.103e-07	3.276	1.445e+04	84.66	0.0002532	0.1305	2.042e-09	0.003531	0	5.729e-05	3.448e-13	3.86e-20	4.702e-26	6.269e-26	7.836e-26	8.493e-08	3.556e-08	3.608e-10	0.381	4.306e-10	1.101e-23	2.302	4.235e-06	1.441e-06	6.511e-07	0	0	0	0	0	0	0	0	0	0	0	0	0	0	0	0	0	0	0	0	0	0	0	2.409e+04	0	0	0	0	0	0	0	0	0	0	0	0	0	0	0	1.153e+05	0	0	0	0	0	0	0	0	0	0	0	0	0	0	0	0	0	0	0	0	0	0	0	
7728	1955.013	3.45e+19	0	0	100000	1.94119156	7.406e-06	0.5112	0.04393	2.119e-07	3.292	1.453e+04	85.09	0.0002554	0.1313	2.056e-09	0.003552	0	5.779e-05	3.465e-13	3.9e-20	4.726e-26	6.301e-26	7.876e-26	8.544e-08	3.581e-08	3.636e-10	0.3829	4.336e-10	1.11e-23	2.314	4.256e-06	1.449e-06	6.544e-07	0	0	0	0	0	0	0	0	0	0	0	0	0	0	0	0	0	0	0	0	0	0	0	2.418e+04	0	0	0	0	0	0	0	0	0	0	0	0	0	0	0	1.157e+05	0	0	0	0	0	0	0	0	0	0	0	0	0	0	0	0	0	0	0	0	0	0	0	
7756	1955.013	3.45e+19	0	0	100000	1.94121887	7.43e-06	0.5133	0.04415	2.136e-07	3.309	1.46e+04	85.52	0.0002576	0.1321	2.071e-09	0.003573	0	5.829e-05	3.483e-13	3.942e-20	4.749e-26	6.333e-26	7.916e-26	8.595e-08	3.605e-08	3.664e-10	0.3848	4.366e-10	1.119e-23	2.326	4.278e-06	1.456e-06	6.576e-07	0	0	0	0	0	0	0	0	0	0	0	0	0	0	0	0	0	0	0	0	0	0	0	2.426e+04	0	0	0	0	0	0	0	0	0	0	0	0	0	0	0	1.162e+05	0	0	0	0	0	0	0	0	0	0	0	0	0	0	0	0	0	0	0	0	0	0	0	
7784	1955.013	3.45e+19	0	0	100000	1.94124618	7.453e-06	0.5154	0.04437	2.152e-07	3.326	1.467e+04	85.95	0.0002599	0.1328	2.085e-09	0.003594	0	5.879e-05	3.5e-13	3.983e-20	4.773e-26	6.364e-26	7.955e-26	8.646e-08	3.63e-08	3.693e-10	0.3868	4.396e-10	1.127e-23	2.337	4.299e-06	1.463e-06	6.609e-07	0	0	0	0	0	0	0	0	0	0	0	0	0	0	0	0	0	0	0	0	0	0	0	2.435e+04	0	0	0	0	0	0	0	0	0	0	0	0	0	0	0	1.166e+05	0	0	0	0	0	0	0	0	0	0	0	0	0	0	0	0	0	0	0	0	0	0	0	
7812	1955.013	3.45e+19	0	0	100000	1.94127349	7.477e-06	0.5176	0.0446	2.169e-07	3.342	1.475e+04	86.38	0.0002621	0.1336	2.099e-09	0.003616	0	5.93e-05	3.518e-13	4.025e-20	4.797e-26	6.396e-26	7.995e-26	8.697e-08	3.655e-08	3.721e-10	0.3887	4.426e-10	1.136e-23	2.349	4.321e-06	1.471e-06	6.643e-07	0	0	0	0	0	0	0	0	0	0	0	0	0	0	0	0	0	0	0	0	0	0	0	2.444e+04	0	0	0	0	0	0	0	0	0	0	0	0	0	0	0	1.17e+05	0	0	0	0	0	0	0	0	0	0	0	0	0	0	0	0	0	0	0	0	0	0	0	
7840	1955.013	3.45e+19	0	0	100000	1.9413008	7.5e-06	0.5196	0.04482	2.186e-07	3.359	1.482e+04	86.8	0.0002644	0.1344	2.113e-09	0.003637	0	5.982e-05	3.535e-13	4.067e-20	4.821e-26	6.428e-26	8.035e-26	8.748e-08	3.68e-08	3.75e-10	0.3906	4.456e-10	1.145e-23	2.361	4.342e-06	1.478e-06	6.676e-07	0	0	0	0	0	0	0	0	0	0	0	0	0	0	0	0	0	0	0	0	0	0	0	2.453e+04	0	0	0	0	0	0	0	0	0	0	0	0	0	0	0	1.174e+05	0	0	0	0	0	0	0	0	0	0	0	0	0	0	0	0	0	0	0	0	0	0	0	
7868	1955.013	3.45e+19	0	0	100000	1.94132811	7.524e-06	0.5217	0.04504	2.203e-07	3.375	1.489e+04	87.23	0.0002667	0.1352	2.128e-09	0.003658	0	6.033e-05	3.553e-13	4.11e-20	4.845e-26	6.46e-26	8.075e-26	8.799e-08	3.705e-08	3.779e-10	0.3925	4.486e-10	1.154e-23	2.372	4.364e-06	1.485e-06	6.709e-07	0	0	0	0	0	0	0	0	0	0	0	0	0	0	0	0	0	0	0	0	0	0	0	2.461e+04	0	0	0	0	0	0	0	0	0	0	0	0	0	0	0	1.178e+05	0	0	0	0	0	0	0	0	0	0	0	0	0	0	0	0	0	0	0	0	0	0	0	
7896	1955.013	3.45e+19	0	0	100000	1.94135542	7.547e-06	0.5238	0.04526	2.22e-07	3.392	1.497e+04	87.67	0.000269	0.136	2.142e-09	0.00368	0	6.085e-05	3.57e-13	4.153e-20	4.869e-26	6.492e-26	8.115e-26	8.851e-08	3.73e-08	3.808e-10	0.3944	4.517e-10	1.163e-23	2.384	4.385e-06	1.492e-06	6.742e-07	0	0	0	0	0	0	0	0	0	0	0	0	0	0	0	0	0	0	0	0	0	0	0	2.47e+04	0	0	0	0	0	0	0	0	0	0	0	0	0	0	0	1.183e+05	0	0	0	0	0	0	0	0	0	0	0	0	0	0	0	0	0	0	0	0	0	0	0	
7924	1955.013	3.45e+19	0	0	100000	1.94138273	7.57e-06	0.5259	0.04548	2.237e-07	3.409	1.504e+04	88.1	0.0002713	0.1368	2.157e-09	0.003701	0	6.137e-05	3.588e-13	4.197e-20	4.893e-26	6.524e-26	8.154e-26	8.902e-08	3.755e-08	3.837e-10	0.3963	4.547e-10	1.172e-23	2.396	4.407e-06	1.5e-06	6.775e-07	0	0	0	0	0	0	0	0	0	0	0	0	0	0	0	0	0	0	0	0	0	0	0	2.479e+04	0	0	0	0	0	0	0	0	0	0	0	0	0	0	0	1.187e+05	0	0	0	0	0	0	0	0	0	0	0	0	0	0	0	0	0	0	0	0	0	0	0	
7952	1955.013	3.45e+19	0	0	100000	1.94141004	7.593e-06	0.528	0.04571	2.254e-07	3.425	1.511e+04	88.53	0.0002736	0.1376	2.171e-09	0.003723	0	6.19e-05	3.605e-13	4.24e-20	4.917e-26	6.555e-26	8.194e-26	8.954e-08	3.78e-08	3.867e-10	0.3983	4.578e-10	1.181e-23	2.407	4.428e-06	1.507e-06	6.808e-07	0	0	0	0	0	0	0	0	0	0	0	0	0	0	0	0	0	0	0	0	0	0	0	2.488e+04	0	0	0	0	0	0	0	0	0	0	0	0	0	0	0	1.191e+05	0	0	0	0	0	0	0	0	0	0	0	0	0	0	0	0	0	0	0	0	0	0	0	
7980	1955.013	3.45e+19	0	0	100000	1.94143735	7.616e-06	0.5301	0.04593	2.271e-07	3.442	1.519e+04	88.96	0.000276	0.1384	2.186e-09	0.003744	0	6.242e-05	3.623e-13	4.284e-20	4.94e-26	6.587e-26	8.234e-26	9.006e-08	3.806e-08	3.896e-10	0.4002	4.608e-10	1.19e-23	2.419	4.45e-06	1.514e-06	6.841e-07	0	0	0	0	0	0	0	0	0	0	0	0	0	0	0	0	0	0	0	0	0	0	0	2.496e+04	0	0	0	0	0	0	0	0	0	0	0	0	0	0	0	1.195e+05	0	0	0	0	0	0	0	0	0	0	0	0	0	0	0	0	0	0	0	0	0	0	0	
8008	1955.013	3.45e+19	0	0	100000	1.94146466	7.639e-06	0.5322	0.04615	2.288e-07	3.459	1.526e+04	89.39	0.0002783	0.1392	2.2e-09	0.003766	0	6.296e-05	3.64e-13	4.329e-20	4.964e-26	6.619e-26	8.274e-26	9.058e-08	3.831e-08	3.926e-10	0.4021	4.639e-10	1.199e-23	2.431	4.471e-06	1.522e-06	6.874e-07	0	0	0	0	0	0	0	0	0	0	0	0	0	0	0	0	0	0	0	0	0	0	0	2.505e+04	0	0	0	0	0	0	0	0	0	0	0	0	0	0	0	1.199e+05	0	0	0	0	0	0	0	0	0	0	0	0	0	0	0	0	0	0	0	0	0	0	0	
8036	1955.013	3.45e+19	0	0	100000	1.94149197	7.662e-06	0.5343	0.04637	2.306e-07	3.475	1.534e+04	89.82	0.0002807	0.14	2.215e-09	0.003788	0	6.349e-05	3.658e-13	4.374e-20	4.988e-26	6.651e-26	8.314e-26	9.11e-08	3.857e-08	3.956e-10	0.404	4.67e-10	1.208e-23	2.443	4.493e-06	1.529e-06	6.907e-07	0	0	0	0	0	0	0	0	0	0	0	0	0	0	0	0	0	0	0	0	0	0	0	2.514e+04	0	0	0	0	0	0	0	0	0	0	0	0	0	0	0	1.204e+05	0	0	0	0	0	0	0	0	0	0	0	0	0	0	0	0	0	0	0	0	0	0	0	
8064	1955.013	3.45e+19	0	0	100000	1.94151928	7.685e-06	0.5363	0.0466	2.323e-07	3.492	1.541e+04	90.25	0.0002831	0.1408	2.23e-09	0.003809	0	6.403e-05	3.676e-13	4.419e-20	5.012e-26	6.683e-26	8.354e-26	9.162e-08	3.882e-08	3.986e-10	0.4059	4.701e-10	1.217e-23	2.454	4.514e-06	1.537e-06	6.941e-07	0	0	0	0	0	0	0	0	0	0	0	0	0	0	0	0	0	0	0	0	0	0	0	2.523e+04	0	0	0	0	0	0	0	0	0	0	0	0	0	0	0	1.208e+05	0	0	0	0	0	0	0	0	0	0	0	0	0	0	0	0	0	0	0	0	0	0	0	
8092	1955.013	3.45e+19	0	0	100000	1.94154659	7.707e-06	0.5384	0.04682	2.341e-07	3.509	1.548e+04	90.68	0.0002855	0.1416	2.245e-09	0.003831	0	6.457e-05	3.693e-13	4.465e-20	5.036e-26	6.715e-26	8.394e-26	9.214e-08	3.908e-08	4.016e-10	0.4079	4.732e-10	1.226e-23	2.466	4.536e-06	1.544e-06	6.974e-07	0	0	0	0	0	0	0	0	0	0	0	0	0	0	0	0	0	0	0	0	0	0	0	2.531e+04	0	0	0	0	0	0	0	0	0	0	0	0	0	0	0	1.212e+05	0	0	0	0	0	0	0	0	0	0	0	0	0	0	0	0	0	0	0	0	0	0	0	
8120	1955.013	3.45e+19	0	0	100000	1.9415739	7.73e-06	0.5405	0.04704	2.358e-07	3.526	1.556e+04	91.11	0.0002879	0.1424	2.259e-09	0.003853	0	6.512e-05	3.711e-13	4.511e-20	5.06e-26	6.747e-26	8.434e-26	9.267e-08	3.934e-08	4.046e-10	0.4098	4.764e-10	1.235e-23	2.478	4.558e-06	1.551e-06	7.007e-07	0	0	0	0	0	0	0	0	0	0	0	0	0	0	0	0	0	0	0	0	0	0	0	2.54e+04	0	0	0	0	0	0	0	0	0	0	0	0	0	0	0	1.216e+05	0	0	0	0	0	0	0	0	0	0	0	0	0	0	0	0	0	0	0	0	0	0	0	
8148	1955.013	3.45e+19	0	0	100000	1.94160121	7.752e-06	0.5425	0.04727	2.376e-07	3.542	1.563e+04	91.55	0.0002903	0.1432	2.274e-09	0.003875	0	6.566e-05	3.728e-13	4.557e-20	5.084e-26	6.779e-26	8.474e-26	9.319e-08	3.96e-08	4.076e-10	0.4117	4.795e-10	1.245e-23	2.49	4.579e-06	1.559e-06	7.04e-07	0	0	0	0	0	0	0	0	0	0	0	0	0	0	0	0	0	0	0	0	0	0	0	2.549e+04	0	0	0	0	0	0	0	0	0	0	0	0	0	0	0	1.22e+05	0	0	0	0	0	0	0	0	0	0	0	0	0	0	0	0	0	0	0	0	0	0	0	
8176	1955.013	3.45e+19	0	0	100000	1.94162852	7.775e-06	0.5446	0.04749	2.394e-07	3.559	1.57e+04	91.98	0.0002928	0.144	2.289e-09	0.003896	0	6.622e-05	3.746e-13	4.604e-20	5.108e-26	6.811e-26	8.514e-26	9.372e-08	3.986e-08	4.107e-10	0.4136	4.827e-10	1.254e-23	2.501	4.601e-06	1.566e-06	7.073e-07	0	0	0	0	0	0	0	0	0	0	0	0	0	0	0	0	0	0	0	0	0	0	0	2.558e+04	0	0	0	0	0	0	0	0	0	0	0	0	0	0	0	1.225e+05	0	0	0	0	0	0	0	0	0	0	0	0	0	0	0	0	0	0	0	0	0	0	0	
8204	1955.013	3.45e+19	0	0	100000	1.94165583	7.797e-06	0.5467	0.04771	2.412e-07	3.576	1.578e+04	92.41	0.0002952	0.1448	2.304e-09	0.003918	0	6.677e-05	3.764e-13	4.651e-20	5.132e-26	6.843e-26	8.554e-26	9.425e-08	4.012e-08	4.138e-10	0.4156	4.858e-10	1.263e-23	2.513	4.622e-06	1.573e-06	7.107e-07	0	0	0	0	0	0	0	0	0	0	0	0	0	0	0	0	0	0	0	0	0	0	0	2.566e+04	0	0	0	0	0	0	0	0	0	0	0	0	0	0	0	1.229e+05	0	0	0	0	0	0	0	0	0	0	0	0	0	0	0	0	0	0	0	0	0	0	0	
8232	1955.013	3.45e+19	0	0	100000	1.94168314	7.819e-06	0.5487	0.04794	2.43e-07	3.593	1.585e+04	92.85	0.0002977	0.1456	2.319e-09	0.00394	0	6.733e-05	3.781e-13	4.699e-20	5.156e-26	6.875e-26	8.594e-26	9.478e-08	4.038e-08	4.168e-10	0.4175	4.89e-10	1.273e-23	2.525	4.644e-06	1.581e-06	7.14e-07	0	0	0	0	0	0	0	0	0	0	0	0	0	0	0	0	0	0	0	0	0	0	0	2.575e+04	0	0	0	0	0	0	0	0	0	0	0	0	0	0	0	1.233e+05	0	0	0	0	0	0	0	0	0	0	0	0	0	0	0	0	0	0	0	0	0	0	0	
8260	1955.013	3.45e+19	0	0	100000	1.94171045	7.841e-06	0.5508	0.04816	2.448e-07	3.609	1.593e+04	93.28	0.0003002	0.1464	2.334e-09	0.003962	0	6.789e-05	3.799e-13	4.747e-20	5.18e-26	6.907e-26	8.634e-26	9.53e-08	4.064e-08	4.199e-10	0.4194	4.922e-10	1.282e-23	2.537	4.666e-06	1.588e-06	7.173e-07	0	0	0	0	0	0	0	0	0	0	0	0	0	0	0	0	0	0	0	0	0	0	0	2.584e+04	0	0	0	0	0	0	0	0	0	0	0	0	0	0	0	1.237e+05	0	0	0	0	0	0	0	0	0	0	0	0	0	0	0	0	0	0	0	0	0	0	0	
8288	1955.013	3.45e+19	0	0	100000	1.94173776	7.863e-06	0.5528	0.04838	2.466e-07	3.626	1.6e+04	93.71	0.0003027	0.1473	2.35e-09	0.003984	0	6.846e-05	3.816e-13	4.795e-20	5.205e-26	6.939e-26	8.674e-26	9.584e-08	4.091e-08	4.231e-10	0.4213	4.954e-10	1.292e-23	2.548	4.687e-06	1.595e-06	7.207e-07	0	0	0	0	0	0	0	0	0	0	0	0	0	0	0	0	0	0	0	0	0	0	0	2.593e+04	0	0	0	0	0	0	0	0	0	0	0	0	0	0	0	1.241e+05	0	0	0	0	0	0	0	0	0	0	0	0	0	0	0	0	0	0	0	0	0	0	0	
8316	1955.013	3.45e+19	0	0	100000	1.94176507	7.885e-06	0.5549	0.04861	2.484e-07	3.643	1.607e+04	94.15	0.0003052	0.1481	2.365e-09	0.004007	0	6.902e-05	3.834e-13	4.844e-20	5.229e-26	6.971e-26	8.714e-26	9.637e-08	4.117e-08	4.262e-10	0.4233	4.986e-10	1.301e-23	2.56	4.709e-06	1.603e-06	7.24e-07	0	0	0	0	0	0	0	0	0	0	0	0	0	0	0	0	0	0	0	0	0	0	0	2.602e+04	0	0	0	0	0	0	0	0	0	0	0	0	0	0	0	1.246e+05	0	0	0	0	0	0	0	0	0	0	0	0	0	0	0	0	0	0	0	0	0	0	0	
8344	1955.013	3.45e+19	0	0	100000	1.94179238	7.907e-06	0.5569	0.04883	2.503e-07	3.66	1.615e+04	94.58	0.0003077	0.1489	2.38e-09	0.004029	0	6.96e-05	3.852e-13	4.893e-20	5.253e-26	7.004e-26	8.754e-26	9.69e-08	4.144e-08	4.293e-10	0.4252	5.018e-10	1.311e-23	2.572	4.731e-06	1.61e-06	7.273e-07	0	0	0	0	0	0	0	0	0	0	0	0	0	0	0	0	0	0	0	0	0	0	0	2.61e+04	0	0	0	0	0	0	0	0	0	0	0	0	0	0	0	1.25e+05	0	0	0	0	0	0	0	0	0	0	0	0	0	0	0	0	0	0	0	0	0	0	0	
8372	1955.013	3.45e+19	0	0	100000	1.94181969	7.928e-06	0.5589	0.04905	2.521e-07	3.676	1.622e+04	95.01	0.0003103	0.1497	2.395e-09	0.004051	0	7.017e-05	3.869e-13	4.943e-20	5.277e-26	7.036e-26	8.795e-26	9.743e-08	4.171e-08	4.325e-10	0.4271	5.05e-10	1.32e-23	2.584	4.753e-06	1.618e-06	7.307e-07	0	0	0	0	0	0	0	0	0	0	0	0	0	0	0	0	0	0	0	0	0	0	0	2.619e+04	0	0	0	0	0	0	0	0	0	0	0	0	0	0	0	1.254e+05	0	0	0	0	0	0	0	0	0	0	0	0	0	0	0	0	0	0	0	0	0	0	0	
8400	1955.013	3.45e+19	0	0	100000	1.941847	7.95e-06	0.561	0.04928	2.539e-07	3.693	1.63e+04	95.45	0.0003129	0.1505	2.411e-09	0.004073	0	7.075e-05	3.887e-13	4.993e-20	5.301e-26	7.068e-26	8.835e-26	9.797e-08	4.197e-08	4.357e-10	0.4291	5.083e-10	1.33e-23	2.596	4.774e-06	1.625e-06	7.34e-07	0	0	0	0	0	0	0	0	0	0	0	0	0	0	0	0	0	0	0	0	0	0	0	2.628e+04	0	0	0	0	0	0	0	0	0	0	0	0	0	0	0	1.258e+05	0	0	0	0	0	0	0	0	0	0	0	0	0	0	0	0	0	0	0	0	0	0	0	
8428	1955.013	3.45e+19	0	0	100000	1.94187402	7.971e-06	0.563	0.0495	2.558e-07	3.71	1.637e+04	95.88	0.0003154	0.1514	2.426e-09	0.004095	0	7.133e-05	3.905e-13	5.043e-20	5.325e-26	7.1e-26	8.875e-26	9.851e-08	4.224e-08	4.389e-10	0.431	5.115e-10	1.34e-23	2.607	4.796e-06	1.632e-06	7.373e-07	0	0	0	0	0	0	0	0	0	0	0	0	0	0	0	0	0	0	0	0	0	0	0	2.637e+04	0	0	0	0	0	0	0	0	0	0	0	0	0	0	0	1.262e+05	0	0	0	0	0	0	0	0	0	0	0	0	0	0	0	0	0	0	0	0	0	0	0	
8456	1955.013	3.45e+19	0	0	100000	1.94190104	7.993e-06	0.5651	0.04973	2.577e-07	3.727	1.644e+04	96.32	0.000318	0.1522	2.442e-09	0.004118	0	7.192e-05	3.923e-13	5.094e-20	5.349e-26	7.132e-26	8.915e-26	9.904e-08	4.251e-08	4.421e-10	0.4329	5.148e-10	1.35e-23	2.619	4.818e-06	1.64e-06	7.407e-07	0	0	0	0	0	0	0	0	0	0	0	0	0	0	0	0	0	0	0	0	0	0	0	2.645e+04	0	0	0	0	0	0	0	0	0	0	0	0	0	0	0	1.267e+05	0	0	0	0	0	0	0	0	0	0	0	0	0	0	0	0	0	0	0	0	0	0	0	
8484	1955.013	3.45e+19	0	0	100000	1.94192806	8.014e-06	0.5671	0.04995	2.595e-07	3.744	1.652e+04	96.75	0.0003206	0.153	2.457e-09	0.00414	0	7.25e-05	3.94e-13	5.145e-20	5.373e-26	7.164e-26	8.955e-26	9.958e-08	4.278e-08	4.453e-10	0.4349	5.18e-10	1.359e-23	2.631	4.839e-06	1.647e-06	7.44e-07	0	0	0	0	0	0	0	0	0	0	0	0	0	0	0	0	0	0	0	0	0	0	0	2.654e+04	0	0	0	0	0	0	0	0	0	0	0	0	0	0	0	1.271e+05	0	0	0	0	0	0	0	0	0	0	0	0	0	0	0	0	0	0	0	0	0	0	0	
8512	1955.013	3.45e+19	0	0	100000	1.94195508	8.036e-06	0.5691	0.05018	2.614e-07	3.76	1.659e+04	97.19	0.0003232	0.1538	2.473e-09	0.004163	0	7.309e-05	3.958e-13	5.196e-20	5.397e-26	7.197e-26	8.996e-26	1.001e-07	4.305e-08	4.485e-10	0.4368	5.213e-10	1.369e-23	2.643	4.861e-06	1.655e-06	7.474e-07	0	0	0	0	0	0	0	0	0	0	0	0	0	0	0	0	0	0	0	0	0	0	0	2.663e+04	0	0	0	0	0	0	0	0	0	0	0	0	0	0	0	1.275e+05	0	0	0	0	0	0	0	0	0	0	0	0	0	0	0	0	0	0	0	0	0	0	0	
8540	1955.013	3.45e+19	0	0	100000	1.9419821	8.057e-06	0.5711	0.0504	2.633e-07	3.777	1.667e+04	97.62	0.0003259	0.1547	2.488e-09	0.004185	0	7.369e-05	3.976e-13	5.248e-20	5.422e-26	7.229e-26	9.036e-26	1.007e-07	4.332e-08	4.517e-10	0.4387	5.246e-10	1.379e-23	2.655	4.883e-06	1.662e-06	7.507e-07	0	0	0	0	0	0	0	0	0	0	0	0	0	0	0	0	0	0	0	0	0	0	0	2.672e+04	0	0	0	0	0	0	0	0	0	0	0	0	0	0	0	1.279e+05	0	0	0	0	0	0	0	0	0	0	0	0	0	0	0	0	0	0	0	0	0	0	0	
8568	1955.013	3.45e+19	0	0	100000	1.94200912	8.078e-06	0.5732	0.05063	2.652e-07	3.794	1.674e+04	98.06	0.0003285	0.1555	2.504e-09	0.004208	0	7.429e-05	3.993e-13	5.301e-20	5.446e-26	7.261e-26	9.076e-26	1.012e-07	4.359e-08	4.55e-10	0.4407	5.279e-10	1.389e-23	2.666	4.905e-06	1.669e-06	7.541e-07	0	0	0	0	0	0	0	0	0	0	0	0	0	0	0	0	0	0	0	0	0	0	0	2.68e+04	0	0	0	0	0	0	0	0	0	0	0	0	0	0	0	1.283e+05	0	0	0	0	0	0	0	0	0	0	0	0	0	0	0	0	0	0	0	0	0	0	0	
8596	1955.013	3.45e+19	0	0	100000	1.94203614	8.099e-06	0.5752	0.05085	2.671e-07	3.811	1.682e+04	98.49	0.0003312	0.1563	2.52e-09	0.00423	0	7.489e-05	4.011e-13	5.353e-20	5.47e-26	7.293e-26	9.117e-26	1.017e-07	4.387e-08	4.583e-10	0.4426	5.312e-10	1.399e-23	2.678	4.927e-06	1.677e-06	7.574e-07	0	0	0	0	0	0	0	0	0	0	0	0	0	0	0	0	0	0	0	0	0	0	0	2.689e+04	0	0	0	0	0	0	0	0	0	0	0	0	0	0	0	1.287e+05	0	0	0	0	0	0	0	0	0	0	0	0	0	0	0	0	0	0	0	0	0	0	0	
8624	1955.013	3.45e+19	0	0	100000	1.94206316	8.12e-06	0.5772	0.05108	2.69e-07	3.828	1.689e+04	98.93	0.0003339	0.1572	2.535e-09	0.004253	0	7.549e-05	4.029e-13	5.407e-20	5.494e-26	7.325e-26	9.157e-26	1.023e-07	4.414e-08	4.616e-10	0.4445	5.345e-10	1.409e-23	2.69	4.948e-06	1.684e-06	7.608e-07	0	0	0	0	0	0	0	0	0	0	0	0	0	0	0	0	0	0	0	0	0	0	0	2.698e+04	0	0	0	0	0	0	0	0	0	0	0	0	0	0	0	1.292e+05	0	0	0	0	0	0	0	0	0	0	0	0	0	0	0	0	0	0	0	0	0	0	0	
8652	1955.013	3.45e+19	0	0	100000	1.94209018	8.141e-06	0.5792	0.0513	2.71e-07	3.845	1.697e+04	99.36	0.0003366	0.158	2.551e-09	0.004275	0	7.61e-05	4.047e-13	5.46e-20	5.518e-26	7.358e-26	9.197e-26	1.028e-07	4.442e-08	4.649e-10	0.4465	5.379e-10	1.419e-23	2.702	4.97e-06	1.692e-06	7.641e-07	0	0	0	0	0	0	0	0	0	0	0	0	0	0	0	0	0	0	0	0	0	0	0	2.707e+04	0	0	0	0	0	0	0	0	0	0	0	0	0	0	0	1.296e+05	0	0	0	0	0	0	0	0	0	0	0	0	0	0	0	0	0	0	0	0	0	0	0	
8680	1955.013	3.45e+19	0	0	100000	1.9421172	8.162e-06	0.5812	0.05153	2.729e-07	3.862	1.704e+04	99.8	0.0003393	0.1589	2.567e-09	0.004298	0	7.671e-05	4.064e-13	5.514e-20	5.543e-26	7.39e-26	9.238e-26	1.034e-07	4.469e-08	4.682e-10	0.4484	5.412e-10	1.429e-23	2.714	4.992e-06	1.699e-06	7.675e-07	0	0	0	0	0	0	0	0	0	0	0	0	0	0	0	0	0	0	0	0	0	0	0	2.715e+04	0	0	0	0	0	0	0	0	0	0	0	0	0	0	0	1.3e+05	0	0	0	0	0	0	0	0	0	0	0	0	0	0	0	0	0	0	0	0	0	0	0	
8708	1955.013	3.45e+19	0	0	100000	1.94214422	8.183e-06	0.5832	0.05175	2.748e-07	3.878	1.711e+04	100.2	0.000342	0.1597	2.583e-09	0.004321	0	7.733e-05	4.082e-13	5.569e-20	5.567e-26	7.422e-26	9.278e-26	1.039e-07	4.497e-08	4.715e-10	0.4504	5.446e-10	1.44e-23	2.726	5.014e-06	1.706e-06	7.708e-07	0	0	0	0	0	0	0	0	0	0	0	0	0	0	0	0	0	0	0	0	0	0	0	2.724e+04	0	0	0	0	0	0	0	0	0	0	0	0	0	0	0	1.304e+05	0	0	0	0	0	0	0	0	0	0	0	0	0	0	0	0	0	0	0	0	0	0	0	
8736	1955.013	3.45e+19	0	0	100000	1.94217124	8.203e-06	0.5852	0.05198	2.768e-07	3.895	1.719e+04	100.7	0.0003448	0.1605	2.599e-09	0.004343	0	7.795e-05	4.1e-13	5.624e-20	5.591e-26	7.455e-26	9.318e-26	1.045e-07	4.525e-08	4.749e-10	0.4523	5.48e-10	1.45e-23	2.738	5.036e-06	1.714e-06	7.742e-07	0	0	0	0	0	0	0	0	0	0	0	0	0	0	0	0	0	0	0	0	0	0	0	2.733e+04	0	0	0	0	0	0	0	0	0	0	0	0	0	0	0	1.308e+05	0	0	0	0	0	0	0	0	0	0	0	0	0	0	0	0	0	0	0	0	0	0	0	
8764	1955.013	3.45e+19	0	0	100000	1.94219826	8.224e-06	0.5872	0.0522	2.788e-07	3.912	1.726e+04	101.1	0.0003475	0.1614	2.615e-09	0.004366	0	7.857e-05	4.118e-13	5.679e-20	5.615e-26	7.487e-26	9.359e-26	1.05e-07	4.553e-08	4.782e-10	0.4542	5.513e-10	1.46e-23	2.749	5.057e-06	1.721e-06	7.775e-07	0	0	0	0	0	0	0	0	0	0	0	0	0	0	0	0	0	0	0	0	0	0	0	2.742e+04	0	0	0	0	0	0	0	0	0	0	0	0	0	0	0	1.313e+05	0	0	0	0	0	0	0	0	0	0	0	0	0	0	0	0	0	0	0	0	0	0	0	
8792	1955.013	3.45e+19	0	0	100000	1.94222528	8.244e-06	0.5892	0.05243	2.807e-07	3.929	1.734e+04	101.5	0.0003503	0.1622	2.631e-09	0.004389	0	7.92e-05	4.135e-13	5.735e-20	5.639e-26	7.519e-26	9.399e-26	1.056e-07	4.581e-08	4.816e-10	0.4562	5.547e-10	1.47e-23	2.761	5.079e-06	1.729e-06	7.809e-07	0	0	0	0	0	0	0	0	0	0	0	0	0	0	0	0	0	0	0	0	0	0	0	2.75e+04	0	0	0	0	0	0	0	0	0	0	0	0	0	0	0	1.317e+05	0	0	0	0	0	0	0	0	0	0	0	0	0	0	0	0	0	0	0	0	0	0	0	
8820	1955.013	3.45e+19	0	0	100000	1.9422523	8.265e-06	0.5912	0.05265	2.827e-07	3.946	1.741e+04	102	0.0003531	0.1631	2.647e-09	0.004412	0	7.983e-05	4.153e-13	5.792e-20	5.664e-26	7.552e-26	9.44e-26	1.061e-07	4.609e-08	4.85e-10	0.4581	5.581e-10	1.481e-23	2.773	5.101e-06	1.736e-06	7.843e-07	0	0	0	0	0	0	0	0	0	0	0	0	0	0	0	0	0	0	0	0	0	0	0	2.759e+04	0	0	0	0	0	0	0	0	0	0	0	0	0	0	0	1.321e+05	0	0	0	0	0	0	0	0	0	0	0	0	0	0	0	0	0	0	0	0	0	0	0	
8848	1955.013	3.45e+19	0	0	100000	1.94227932	8.285e-06	0.5932	0.05288	2.847e-07	3.963	1.749e+04	102.4	0.0003559	0.1639	2.663e-09	0.004435	0	8.046e-05	4.171e-13	5.848e-20	5.688e-26	7.584e-26	9.48e-26	1.067e-07	4.637e-08	4.884e-10	0.4601	5.616e-10	1.491e-23	2.785	5.123e-06	1.744e-06	7.876e-07	0	0	0	0	0	0	0	0	0	0	0	0	0	0	0	0	0	0	0	0	0	0	0	2.768e+04	0	0	0	0	0	0	0	0	0	0	0	0	0	0	0	1.325e+05	0	0	0	0	0	0	0	0	0	0	0	0	0	0	0	0	0	0	0	0	0	0	0	
8876	1955.013	3.45e+19	0	0	100000	1.94230634	8.305e-06	0.5952	0.0531	2.867e-07	3.98	1.756e+04	102.9	0.0003587	0.1648	2.68e-09	0.004458	0	8.11e-05	4.189e-13	5.906e-20	5.712e-26	7.616e-26	9.52e-26	1.072e-07	4.666e-08	4.919e-10	0.462	5.65e-10	1.502e-23	2.797	5.145e-06	1.751e-06	7.91e-07	0	0	0	0	0	0	0	0	0	0	0	0	0	0	0	0	0	0	0	0	0	0	0	2.777e+04	0	0	0	0	0	0	0	0	0	0	0	0	0	0	0	1.329e+05	0	0	0	0	0	0	0	0	0	0	0	0	0	0	0	0	0	0	0	0	0	0	0	
8904	1955.013	3.45e+19	0	0	100000	1.94233336	8.325e-06	0.5972	0.05333	2.887e-07	3.997	1.764e+04	103.3	0.0003616	0.1656	2.696e-09	0.004481	0	8.175e-05	4.207e-13	5.964e-20	5.737e-26	7.649e-26	9.561e-26	1.078e-07	4.694e-08	4.953e-10	0.464	5.684e-10	1.512e-23	2.809	5.167e-06	1.759e-06	7.943e-07	0	0	0	0	0	0	0	0	0	0	0	0	0	0	0	0	0	0	0	0	0	0	0	2.785e+04	0	0	0	0	0	0	0	0	0	0	0	0	0	0	0	1.334e+05	0	0	0	0	0	0	0	0	0	0	0	0	0	0	0	0	0	0	0	0	0	0	0	
8932	1955.013	3.45e+19	0	0	100000	1.94236038	8.345e-06	0.5992	0.05356	2.907e-07	4.014	1.771e+04	103.7	0.0003645	0.1665	2.712e-09	0.004504	0	8.239e-05	4.224e-13	6.022e-20	5.761e-26	7.681e-26	9.601e-26	1.083e-07	4.723e-08	4.988e-10	0.4659	5.719e-10	1.523e-23	2.821	5.189e-06	1.766e-06	7.977e-07	0	0	0	0	0	0	0	0	0	0	0	0	0	0	0	0	0	0	0	0	0	0	0	2.794e+04	0	0	0	0	0	0	0	0	0	0	0	0	0	0	0	1.338e+05	0	0	0	0	0	0	0	0	0	0	0	0	0	0	0	0	0	0	0	0	0	0	0	
8960	1955.013	3.45e+19	0	0	100000	1.9423874	8.365e-06	0.6012	0.05378	2.928e-07	4.031	1.779e+04	104.2	0.0003673	0.1673	2.729e-09	0.004527	0	8.304e-05	4.242e-13	6.081e-20	5.785e-26	7.714e-26	9.642e-26	1.089e-07	4.751e-08	5.023e-10	0.4678	5.754e-10	1.534e-23	2.833	5.21e-06	1.773e-06	8.011e-07	0	0	0	0	0	0	0	0	0	0	0	0	0	0	0	0	0	0	0	0	0	0	0	2.803e+04	0	0	0	0	0	0	0	0	0	0	0	0	0	0	0	1.342e+05	0	0	0	0	0	0	0	0	0	0	0	0	0	0	0	0	0	0	0	0	0	0	0	
8988	1955.013	3.45e+19	0	0	100000	1.94241442	8.385e-06	0.6031	0.05401	2.948e-07	4.048	1.786e+04	104.6	0.0003702	0.1682	2.745e-09	0.004551	0	8.37e-05	4.26e-13	6.14e-20	5.809e-26	7.746e-26	9.682e-26	1.095e-07	4.78e-08	5.058e-10	0.4698	5.788e-10	1.544e-23	2.845	5.232e-06	1.781e-06	8.044e-07	0	0	0	0	0	0	0	0	0	0	0	0	0	0	0	0	0	0	0	0	0	0	0	2.812e+04	0	0	0	0	0	0	0	0	0	0	0	0	0	0	0	1.346e+05	0	0	0	0	0	0	0	0	0	0	0	0	0	0	0	0	0	0	0	0	0	0	0	
9016	1955.013	3.45e+19	0	0	100000	1.94244144	8.404e-06	0.6051	0.05423	2.969e-07	4.064	1.794e+04	105	0.0003732	0.169	2.762e-09	0.004574	0	8.435e-05	4.278e-13	6.2e-20	5.834e-26	7.778e-26	9.723e-26	1.1e-07	4.809e-08	5.093e-10	0.4717	5.823e-10	1.555e-23	2.857	5.254e-06	1.788e-06	8.078e-07	0	0	0	0	0	0	0	0	0	0	0	0	0	0	0	0	0	0	0	0	0	0	0	2.821e+04	0	0	0	0	0	0	0	0	0	0	0	0	0	0	0	1.35e+05	0	0	0	0	0	0	0	0	0	0	0	0	0	0	0	0	0	0	0	0	0	0	0	
9044	1955.013	3.45e+19	0	0	100000	1.94246846	8.424e-06	0.6071	0.05446	2.989e-07	4.081	1.801e+04	105.5	0.0003761	0.1699	2.779e-09	0.004597	0	8.502e-05	4.296e-13	6.26e-20	5.858e-26	7.811e-26	9.764e-26	1.106e-07	4.838e-08	5.128e-10	0.4737	5.858e-10	1.566e-23	2.868	5.276e-06	1.796e-06	8.112e-07	0	0	0	0	0	0	0	0	0	0	0	0	0	0	0	0	0	0	0	0	0	0	0	2.829e+04	0	0	0	0	0	0	0	0	0	0	0	0	0	0	0	1.355e+05	0	0	0	0	0	0	0	0	0	0	0	0	0	0	0	0	0	0	0	0	0	0	0	
9072	1955.013	3.45e+19	0	0	100000	1.94249548	8.443e-06	0.609	0.05469	3.01e-07	4.098	1.808e+04	105.9	0.000379	0.1708	2.795e-09	0.00462	0	8.568e-05	4.314e-13	6.32e-20	5.882e-26	7.843e-26	9.804e-26	1.111e-07	4.867e-08	5.164e-10	0.4756	5.893e-10	1.577e-23	2.88	5.298e-06	1.803e-06	8.145e-07	0	0	0	0	0	0	0	0	0	0	0	0	0	0	0	0	0	0	0	0	0	0	0	2.838e+04	0	0	0	0	0	0	0	0	0	0	0	0	0	0	0	1.359e+05	0	0	0	0	0	0	0	0	0	0	0	0	0	0	0	0	0	0	0	0	0	0	0	
9100	1955.013	3.45e+19	0	0	100000	1.9425225	8.463e-06	0.611	0.05491	3.031e-07	4.115	1.816e+04	106.4	0.000382	0.1716	2.812e-09	0.004644	0	8.635e-05	4.331e-13	6.382e-20	5.907e-26	7.876e-26	9.845e-26	1.117e-07	4.896e-08	5.199e-10	0.4776	5.929e-10	1.587e-23	2.892	5.32e-06	1.811e-06	8.179e-07	0	0	0	0	0	0	0	0	0	0	0	0	0	0	0	0	0	0	0	0	0	0	0	2.847e+04	0	0	0	0	0	0	0	0	0	0	0	0	0	0	0	1.363e+05	0	0	0	0	0	0	0	0	0	0	0	0	0	0	0	0	0	0	0	0	0	0	0	
9128	1955.013	3.45e+19	0	0	100000	1.94254952	8.482e-06	0.6129	0.05514	3.052e-07	4.132	1.823e+04	106.8	0.000385	0.1725	2.829e-09	0.004667	0	8.702e-05	4.349e-13	6.443e-20	5.931e-26	7.908e-26	9.885e-26	1.123e-07	4.925e-08	5.235e-10	0.4795	5.964e-10	1.598e-23	2.904	5.342e-06	1.818e-06	8.213e-07	0	0	0	0	0	0	0	0	0	0	0	0	0	0	0	0	0	0	0	0	0	0	0	2.856e+04	0	0	0	0	0	0	0	0	0	0	0	0	0	0	0	1.367e+05	0	0	0	0	0	0	0	0	0	0	0	0	0	0	0	0	0	0	0	0	0	0	0	
9156	1955.013	3.45e+19	0	0	100000	1.94257654	8.501e-06	0.6149	0.05537	3.073e-07	4.149	1.831e+04	107.2	0.000388	0.1734	2.846e-09	0.004691	0	8.77e-05	4.367e-13	6.506e-20	5.956e-26	7.941e-26	9.926e-26	1.128e-07	4.954e-08	5.271e-10	0.4815	6e-10	1.609e-23	2.916	5.364e-06	1.826e-06	8.247e-07	0	0	0	0	0	0	0	0	0	0	0	0	0	0	0	0	0	0	0	0	0	0	0	2.864e+04	0	0	0	0	0	0	0	0	0	0	0	0	0	0	0	1.371e+05	0	0	0	0	0	0	0	0	0	0	0	0	0	0	0	0	0	0	0	0	0	0	0	
9184	1955.013	3.45e+19	0	0	100000	1.94260356	8.52e-06	0.6168	0.05559	3.094e-07	4.166	1.838e+04	107.7	0.000391	0.1742	2.863e-09	0.004714	0	8.838e-05	4.385e-13	6.568e-20	5.98e-26	7.973e-26	9.967e-26	1.134e-07	4.984e-08	5.308e-10	0.4834	6.035e-10	1.62e-23	2.928	5.386e-06	1.833e-06	8.28e-07	0	0	0	0	0	0	0	0	0	0	0	0	0	0	0	0	0	0	0	0	0	0	0	2.873e+04	0	0	0	0	0	0	0	0	0	0	0	0	0	0	0	1.376e+05	0	0	0	0	0	0	0	0	0	0	0	0	0	0	0	0	0	0	0	0	0	0	0	
9212	1955.013	3.45e+19	0	0	100000	1.94263058	8.539e-06	0.6188	0.05582	3.115e-07	4.183	1.846e+04	108.1	0.0003941	0.1751	2.879e-09	0.004738	0	8.907e-05	4.403e-13	6.632e-20	6.004e-26	8.006e-26	1.001e-25	1.14e-07	5.013e-08	5.344e-10	0.4854	6.071e-10	1.632e-23	2.94	5.408e-06	1.841e-06	8.314e-07	0	0	0	0	0	0	0	0	0	0	0	0	0	0	0	0	0	0	0	0	0	0	0	2.882e+04	0	0	0	0	0	0	0	0	0	0	0	0	0	0	0	1.38e+05	0	0	0	0	0	0	0	0	0	0	0	0	0	0	0	0	0	0	0	0	0	0	0	
9240	1955.013	3.45e+19	0	0	100000	1.9426576	8.558e-06	0.6207	0.05605	3.136e-07	4.2	1.853e+04	108.6	0.0003971	0.176	2.897e-09	0.004762	0	8.976e-05	4.421e-13	6.695e-20	6.029e-26	8.038e-26	1.005e-25	1.145e-07	5.043e-08	5.38e-10	0.4873	6.107e-10	1.643e-23	2.952	5.43e-06	1.848e-06	8.348e-07	0	0	0	0	0	0	0	0	0	0	0	0	0	0	0	0	0	0	0	0	0	0	0	2.891e+04	0	0	0	0	0	0	0	0	0	0	0	0	0	0	0	1.384e+05	0	0	0	0	0	0	0	0	0	0	0	0	0	0	0	0	0	0	0	0	0	0	0	
9268	1955.013	3.45e+19	0	0	100000	1.94268462	8.577e-06	0.6227	0.05627	3.158e-07	4.217	1.861e+04	109	0.0004002	0.1769	2.914e-09	0.004785	0	9.045e-05	4.439e-13	6.76e-20	6.053e-26	8.071e-26	1.009e-25	1.151e-07	5.073e-08	5.417e-10	0.4893	6.143e-10	1.654e-23	2.964	5.452e-06	1.856e-06	8.382e-07	0	0	0	0	0	0	0	0	0	0	0	0	0	0	0	0	0	0	0	0	0	0	0	2.899e+04	0	0	0	0	0	0	0	0	0	0	0	0	0	0	0	1.388e+05	0	0	0	0	0	0	0	0	0	0	0	0	0	0	0	0	0	0	0	0	0	0	0	
9296	1955.013	3.45e+19	0	0	100000	1.94271164	8.596e-06	0.6246	0.0565	3.179e-07	4.234	1.868e+04	109.4	0.0004033	0.1777	2.931e-09	0.004809	0	9.115e-05	4.457e-13	6.825e-20	6.077e-26	8.103e-26	1.013e-25	1.157e-07	5.103e-08	5.454e-10	0.4912	6.179e-10	1.665e-23	2.976	5.474e-06	1.863e-06	8.416e-07	0	0	0	0	0	0	0	0	0	0	0	0	0	0	0	0	0	0	0	0	0	0	0	2.908e+04	0	0	0	0	0	0	0	0	0	0	0	0	0	0	0	1.392e+05	0	0	0	0	0	0	0	0	0	0	0	0	0	0	0	0	0	0	0	0	0	0	0	
9324	1955.013	3.45e+19	0	0	100000	1.94273866	8.615e-06	0.6265	0.05673	3.201e-07	4.251	1.876e+04	109.9	0.0004064	0.1786	2.948e-09	0.004833	0	9.185e-05	4.475e-13	6.89e-20	6.102e-26	8.136e-26	1.017e-25	1.162e-07	5.133e-08	5.491e-10	0.4932	6.215e-10	1.676e-23	2.988	5.496e-06	1.871e-06	8.449e-07	0	0	0	0	0	0	0	0	0	0	0	0	0	0	0	0	0	0	0	0	0	0	0	2.917e+04	0	0	0	0	0	0	0	0	0	0	0	0	0	0	0	1.397e+05	0	0	0	0	0	0	0	0	0	0	0	0	0	0	0	0	0	0	0	0	0	0	0	
9352	1955.013	3.45e+19	0	0	100000	1.94276568	8.633e-06	0.6285	0.05695	3.222e-07	4.268	1.883e+04	110.3	0.0004095	0.1795	2.965e-09	0.004856	0	9.256e-05	4.492e-13	6.956e-20	6.126e-26	8.168e-26	1.021e-25	1.168e-07	5.163e-08	5.528e-10	0.4951	6.252e-10	1.688e-23	3	5.518e-06	1.878e-06	8.483e-07	0	0	0	0	0	0	0	0	0	0	0	0	0	0	0	0	0	0	0	0	0	0	0	2.926e+04	0	0	0	0	0	0	0	0	0	0	0	0	0	0	0	1.401e+05	0	0	0	0	0	0	0	0	0	0	0	0	0	0	0	0	0	0	0	0	0	0	0	
9380	1955.013	3.45e+19	0	0	100000	1.9427927	8.652e-06	0.6304	0.05718	3.244e-07	4.285	1.891e+04	110.8	0.0004127	0.1804	2.982e-09	0.00488	0	9.327e-05	4.51e-13	7.022e-20	6.151e-26	8.201e-26	1.025e-25	1.174e-07	5.193e-08	5.566e-10	0.4971	6.288e-10	1.699e-23	3.012	5.54e-06	1.886e-06	8.517e-07	0	0	0	0	0	0	0	0	0	0	0	0	0	0	0	0	0	0	0	0	0	0	0	2.934e+04	0	0	0	0	0	0	0	0	0	0	0	0	0	0	0	1.405e+05	0	0	0	0	0	0	0	0	0	0	0	0	0	0	0	0	0	0	0	0	0	0	0	
9408	1955.013	3.45e+19	0	0	100000	1.94281972	8.67e-06	0.6323	0.05741	3.266e-07	4.302	1.898e+04	111.2	0.0004159	0.1813	3e-09	0.004904	0	9.398e-05	4.528e-13	7.089e-20	6.175e-26	8.234e-26	1.029e-25	1.18e-07	5.223e-08	5.603e-10	0.499	6.325e-10	1.711e-23	3.024	5.562e-06	1.893e-06	8.551e-07	0	0	0	0	0	0	0	0	0	0	0	0	0	0	0	0	0	0	0	0	0	0	0	2.943e+04	0	0	0	0	0	0	0	0	0	0	0	0	0	0	0	1.409e+05	0	0	0	0	0	0	0	0	0	0	0	0	0	0	0	0	0	0	0	0	0	0	0	
9436	1955.013	3.45e+19	0	0	100000	1.94284674	8.688e-06	0.6342	0.05763	3.288e-07	4.319	1.906e+04	111.6	0.0004191	0.1821	3.017e-09	0.004928	0	9.47e-05	4.546e-13	7.157e-20	6.2e-26	8.266e-26	1.033e-25	1.185e-07	5.253e-08	5.641e-10	0.501	6.361e-10	1.722e-23	3.036	5.584e-06	1.9e-06	8.585e-07	0	0	0	0	0	0	0	0	0	0	0	0	0	0	0	0	0	0	0	0	0	0	0	2.952e+04	0	0	0	0	0	0	0	0	0	0	0	0	0	0	0	1.413e+05	0	0	0	0	0	0	0	0	0	0	0	0	0	0	0	0	0	0	0	0	0	0	0	
9464	1955.013	3.45e+19	0	0	100000	1.94287376	8.706e-06	0.6361	0.05786	3.31e-07	4.336	1.914e+04	112.1	0.0004223	0.183	3.035e-09	0.004952	0	9.543e-05	4.564e-13	7.225e-20	6.224e-26	8.299e-26	1.037e-25	1.191e-07	5.284e-08	5.679e-10	0.5029	6.398e-10	1.734e-23	3.048	5.606e-06	1.908e-06	8.619e-07	0	0	0	0	0	0	0	0	0	0	0	0	0	0	0	0	0	0	0	0	0	0	0	2.961e+04	0	0	0	0	0	0	0	0	0	0	0	0	0	0	0	1.417e+05	0	0	0	0	0	0	0	0	0	0	0	0	0	0	0	0	0	0	0	0	0	0	0	
9492	1955.013	3.45e+19	0	0	100000	1.94290078	8.725e-06	0.6381	0.05809	3.332e-07	4.353	1.921e+04	112.5	0.0004255	0.1839	3.052e-09	0.004976	0	9.615e-05	4.582e-13	7.293e-20	6.249e-26	8.331e-26	1.041e-25	1.197e-07	5.314e-08	5.717e-10	0.5049	6.435e-10	1.745e-23	3.06	5.628e-06	1.915e-06	8.652e-07	0	0	0	0	0	0	0	0	0	0	0	0	0	0	0	0	0	0	0	0	0	0	0	2.969e+04	0	0	0	0	0	0	0	0	0	0	0	0	0	0	0	1.422e+05	0	0	0	0	0	0	0	0	0	0	0	0	0	0	0	0	0	0	0	0	0	0	0	
9520	1955.013	3.45e+19	0	0	100000	1.9429278	8.743e-06	0.64	0.05832	3.355e-07	4.37	1.929e+04	113	0.0004287	0.1848	3.07e-09	0.005	0	9.689e-05	4.6e-13	7.363e-20	6.273e-26	8.364e-26	1.046e-25	1.203e-07	5.345e-08	5.755e-10	0.5068	6.472e-10	1.757e-23	3.072	5.65e-06	1.923e-06	8.686e-07	0	0	0	0	0	0	0	0	0	0	0	0	0	0	0	0	0	0	0	0	0	0	0	2.978e+04	0	0	0	0	0	0	0	0	0	0	0	0	0	0	0	1.426e+05	0	0	0	0	0	0	0	0	0	0	0	0	0	0	0	0	0	0	0	0	0	0	0	
9548	1955.013	3.45e+19	0	0	100000	1.94295482	8.761e-06	0.6419	0.05854	3.377e-07	4.388	1.936e+04	113.4	0.000432	0.1857	3.088e-09	0.005024	0	9.762e-05	4.618e-13	7.432e-20	6.297e-26	8.397e-26	1.05e-25	1.208e-07	5.376e-08	5.794e-10	0.5088	6.51e-10	1.769e-23	3.084	5.672e-06	1.93e-06	8.72e-07	0	0	0	0	0	0	0	0	0	0	0	0	0	0	0	0	0	0	0	0	0	0	0	2.987e+04	0	0	0	0	0	0	0	0	0	0	0	0	0	0	0	1.43e+05	0	0	0	0	0	0	0	0	0	0	0	0	0	0	0	0	0	0	0	0	0	0	0	
9576	1955.013	3.45e+19	0	0	100000	1.94298184	8.778e-06	0.6438	0.05877	3.4e-07	4.405	1.944e+04	113.8	0.0004353	0.1866	3.105e-09	0.005049	0	9.836e-05	4.636e-13	7.503e-20	6.322e-26	8.429e-26	1.054e-25	1.214e-07	5.407e-08	5.832e-10	0.5108	6.547e-10	1.781e-23	3.096	5.694e-06	1.938e-06	8.754e-07	0	0	0	0	0	0	0	0	0	0	0	0	0	0	0	0	0	0	0	0	0	0	0	2.996e+04	0	0	0	0	0	0	0	0	0	0	0	0	0	0	0	1.434e+05	0	0	0	0	0	0	0	0	0	0	0	0	0	0	0	0	0	0	0	0	0	0	0	
9604	1955.013	3.45e+19	0	0	100000	1.94300886	8.796e-06	0.6457	0.059	3.422e-07	4.422	1.951e+04	114.3	0.0004386	0.1875	3.123e-09	0.005073	0	9.911e-05	4.654e-13	7.574e-20	6.346e-26	8.462e-26	1.058e-25	1.22e-07	5.438e-08	5.871e-10	0.5127	6.585e-10	1.793e-23	3.108	5.716e-06	1.945e-06	8.788e-07	0	0	0	0	0	0	0	0	0	0	0	0	0	0	0	0	0	0	0	0	0	0	0	3.004e+04	0	0	0	0	0	0	0	0	0	0	0	0	0	0	0	1.438e+05	0	0	0	0	0	0	0	0	0	0	0	0	0	0	0	0	0	0	0	0	0	0	0	
9632	1955.013	3.45e+19	0	0	100000	1.94303588	8.814e-06	0.6476	0.05923	3.445e-07	4.439	1.959e+04	114.7	0.0004419	0.1884	3.141e-09	0.005097	0	9.986e-05	4.672e-13	7.645e-20	6.371e-26	8.495e-26	1.062e-25	1.226e-07	5.469e-08	5.91e-10	0.5147	6.622e-10	1.804e-23	3.12	5.738e-06	1.953e-06	8.822e-07	0	0	0	0	0	0	0	0	0	0	0	0	0	0	0	0	0	0	0	0	0	0	0	3.013e+04	0	0	0	0	0	0	0	0	0	0	0	0	0	0	0	1.443e+05	0	0	0	0	0	0	0	0	0	0	0	0	0	0	0	0	0	0	0	0	0	0	0	
9660	1955.013	3.45e+19	0	0	100000	1.9430629	8.831e-06	0.6495	0.05945	3.468e-07	4.456	1.966e+04	115.2	0.0004452	0.1893	3.159e-09	0.005122	0	0.0001006	4.69e-13	7.717e-20	6.395e-26	8.527e-26	1.066e-25	1.232e-07	5.5e-08	5.949e-10	0.5166	6.66e-10	1.816e-23	3.132	5.76e-06	1.961e-06	8.856e-07	0	0	0	0	0	0	0	0	0	0	0	0	0	0	0	0	0	0	0	0	0	0	0	3.022e+04	0	0	0	0	0	0	0	0	0	0	0	0	0	0	0	1.447e+05	0	0	0	0	0	0	0	0	0	0	0	0	0	0	0	0	0	0	0	0	0	0	0	
9688	1955.013	3.45e+19	0	0	100000	1.94308992	8.849e-06	0.6513	0.05968	3.491e-07	4.473	1.974e+04	115.6	0.0004486	0.1902	3.177e-09	0.005146	0	0.0001014	4.708e-13	7.79e-20	6.42e-26	8.56e-26	1.07e-25	1.238e-07	5.531e-08	5.989e-10	0.5186	6.698e-10	1.828e-23	3.144	5.782e-06	1.968e-06	8.89e-07	0	0	0	0	0	0	0	0	0	0	0	0	0	0	0	0	0	0	0	0	0	0	0	3.031e+04	0	0	0	0	0	0	0	0	0	0	0	0	0	0	0	1.451e+05	0	0	0	0	0	0	0	0	0	0	0	0	0	0	0	0	0	0	0	0	0	0	0	
9716	1955.013	3.45e+19	0	0	100000	1.94311694	8.866e-06	0.6532	0.05991	3.514e-07	4.49	1.981e+04	116	0.000452	0.1911	3.195e-09	0.00517	0	0.0001021	4.726e-13	7.863e-20	6.444e-26	8.593e-26	1.074e-25	1.244e-07	5.562e-08	6.028e-10	0.5205	6.736e-10	1.841e-23	3.156	5.804e-06	1.976e-06	8.924e-07	0	0	0	0	0	0	0	0	0	0	0	0	0	0	0	0	0	0	0	0	0	0	0	3.039e+04	0	0	0	0	0	0	0	0	0	0	0	0	0	0	0	1.455e+05	0	0	0	0	0	0	0	0	0	0	0	0	0	0	0	0	0	0	0	0	0	0	0	
9744	1955.013	3.45e+19	0	0	100000	1.94314396	8.883e-06	0.6551	0.06014	3.537e-07	4.507	1.989e+04	116.5	0.0004554	0.192	3.213e-09	0.005195	0	0.0001029	4.744e-13	7.937e-20	6.469e-26	8.625e-26	1.078e-25	1.249e-07	5.594e-08	6.068e-10	0.5225	6.774e-10	1.853e-23	3.168	5.826e-06	1.983e-06	8.958e-07	0	0	0	0	0	0	0	0	0	0	0	0	0	0	0	0	0	0	0	0	0	0	0	3.048e+04	0	0	0	0	0	0	0	0	0	0	0	0	0	0	0	1.459e+05	0	0	0	0	0	0	0	0	0	0	0	0	0	0	0	0	0	0	0	0	0	0	0	
9772	1955.013	3.45e+19	0	0	100000	1.94317098	8.901e-06	0.657	0.06037	3.56e-07	4.524	1.996e+04	116.9	0.0004588	0.1929	3.231e-09	0.005219	0	0.0001037	4.762e-13	8.011e-20	6.494e-26	8.658e-26	1.082e-25	1.255e-07	5.626e-08	6.108e-10	0.5245	6.812e-10	1.865e-23	3.18	5.848e-06	1.991e-06	8.992e-07	0	0	0	0	0	0	0	0	0	0	0	0	0	0	0	0	0	0	0	0	0	0	0	3.057e+04	0	0	0	0	0	0	0	0	0	0	0	0	0	0	0	1.464e+05	0	0	0	0	0	0	0	0	0	0	0	0	0	0	0	0	0	0	0	0	0	0	0	
9800	1955.013	3.45e+19	0	0	100000	1.943198	8.918e-06	0.6588	0.06059	3.584e-07	4.541	2.004e+04	117.4	0.0004623	0.1938	3.249e-09	0.005244	0	0.0001044	4.78e-13	8.086e-20	6.518e-26	8.691e-26	1.086e-25	1.261e-07	5.657e-08	6.148e-10	0.5264	6.851e-10	1.877e-23	3.192	5.871e-06	1.998e-06	9.026e-07	0	0	0	0	0	0	0	0	0	0	0	0	0	0	0	0	0	0	0	0	0	0	0	3.066e+04	0	0	0	0	0	0	0	0	0	0	0	0	0	0	0	1.468e+05	0	0	0	0	0	0	0	0	0	0	0	0	0	0	0	0	0	0	0	0	0	0	0	
9828	1955.013	3.45e+19	0	0	100000	1.94322502	8.935e-06	0.6607	0.06082	3.607e-07	4.558	2.011e+04	117.8	0.0004657	0.1947	3.268e-09	0.005269	0	0.0001052	4.798e-13	8.162e-20	6.543e-26	8.723e-26	1.09e-25	1.267e-07	5.689e-08	6.188e-10	0.5284	6.889e-10	1.889e-23	3.204	5.893e-06	2.006e-06	9.06e-07	0	0	0	0	0	0	0	0	0	0	0	0	0	0	0	0	0	0	0	0	0	0	0	3.075e+04	0	0	0	0	0	0	0	0	0	0	0	0	0	0	0	1.472e+05	0	0	0	0	0	0	0	0	0	0	0	0	0	0	0	0	0	0	0	0	0	0	0	
9856	1955.013	3.45e+19	0	0	100000	1.94325204	8.952e-06	0.6626	0.06105	3.631e-07	4.575	2.019e+04	118.3	0.0004692	0.1956	3.286e-09	0.005293	0	0.000106	4.816e-13	8.238e-20	6.567e-26	8.756e-26	1.095e-25	1.273e-07	5.721e-08	6.229e-10	0.5303	6.928e-10	1.902e-23	3.216	5.915e-06	2.013e-06	9.094e-07	0	0	0	0	0	0	0	0	0	0	0	0	0	0	0	0	0	0	0	0	0	0	0	3.083e+04	0	0	0	0	0	0	0	0	0	0	0	0	0	0	0	1.476e+05	0	0	0	0	0	0	0	0	0	0	0	0	0	0	0	0	0	0	0	0	0	0	0	
9884	1955.013	3.45e+19	0	0	100000	1.94327906	8.969e-06	0.6644	0.06128	3.654e-07	4.592	2.027e+04	118.7	0.0004727	0.1966	3.304e-09	0.005318	0	0.0001068	4.834e-13	8.315e-20	6.592e-26	8.789e-26	1.099e-25	1.279e-07	5.753e-08	6.27e-10	0.5323	6.967e-10	1.914e-23	3.228	5.937e-06	2.021e-06	9.128e-07	0	0	0	0	0	0	0	0	0	0	0	0	0	0	0	0	0	0	0	0	0	0	0	3.092e+04	0	0	0	0	0	0	0	0	0	0	0	0	0	0	0	1.48e+05	0	0	0	0	0	0	0	0	0	0	0	0	0	0	0	0	0	0	0	0	0	0	0	
9912	1955.013	3.45e+19	0	0	100000	1.94330608	8.985e-06	0.6663	0.06151	3.678e-07	4.61	2.034e+04	119.1	0.0004762	0.1975	3.323e-09	0.005343	0	0.0001076	4.852e-13	8.393e-20	6.616e-26	8.822e-26	1.103e-25	1.285e-07	5.785e-08	6.311e-10	0.5343	7.006e-10	1.927e-23	3.24	5.959e-06	2.028e-06	9.162e-07	0	0	0	0	0	0	0	0	0	0	0	0	0	0	0	0	0	0	0	0	0	0	0	3.101e+04	0	0	0	0	0	0	0	0	0	0	0	0	0	0	0	1.485e+05	0	0	0	0	0	0	0	0	0	0	0	0	0	0	0	0	0	0	0	0	0	0	0	
9940	1955.013	3.45e+19	0	0	100000	1.9433331	9.002e-06	0.6682	0.06174	3.702e-07	4.627	2.042e+04	119.6	0.0004798	0.1984	3.341e-09	0.005367	0	0.0001084	4.87e-13	8.471e-20	6.641e-26	8.854e-26	1.107e-25	1.291e-07	5.818e-08	6.352e-10	0.5362	7.045e-10	1.939e-23	3.252	5.981e-06	2.036e-06	9.196e-07	0	0	0	0	0	0	0	0	0	0	0	0	0	0	0	0	0	0	0	0	0	0	0	3.11e+04	0	0	0	0	0	0	0	0	0	0	0	0	0	0	0	1.489e+05	0	0	0	0	0	0	0	0	0	0	0	0	0	0	0	0	0	0	0	0	0	0	0	
9968	1955.013	3.45e+19	0	0	100000	1.94336012	9.018e-06	0.67	0.06196	3.726e-07	4.644	2.049e+04	120	0.0004833	0.1993	3.36e-09	0.005392	0	0.0001092	4.888e-13	8.549e-20	6.665e-26	8.887e-26	1.111e-25	1.297e-07	5.85e-08	6.393e-10	0.5382	7.084e-10	1.952e-23	3.264	6.003e-06	2.043e-06	9.23e-07	0	0	0	0	0	0	0	0	0	0	0	0	0	0	0	0	0	0	0	0	0	0	0	3.118e+04	0	0	0	0	0	0	0	0	0	0	0	0	0	0	0	1.493e+05	0	0	0	0	0	0	0	0	0	0	0	0	0	0	0	0	0	0	0	0	0	0	0	
9996	1955.013	3.45e+19	0	0	100000	1.94338714	9.035e-06	0.6719	0.06219	3.75e-07	4.661	2.057e+04	120.5	0.0004869	0.2002	3.379e-09	0.005417	0	0.00011	4.906e-13	8.629e-20	6.69e-26	8.92e-26	1.115e-25	1.303e-07	5.882e-08	6.434e-10	0.5401	7.123e-10	1.964e-23	3.276	6.025e-06	2.051e-06	9.264e-07	0	0	0	0	0	0	0	0	0	0	0	0	0	0	0	0	0	0	0	0	0	0	0	3.127e+04	0	0	0	0	0	0	0	0	0	0	0	0	0	0	0	1.497e+05	0	0	0	0	0	0	0	0	0	0	0	0	0	0	0	0	0	0	0	0	0	0	0	
10024	1955.013	3.45e+19	0	0	100000	1.94341416	9.051e-06	0.6737	0.06242	3.775e-07	4.678	2.064e+04	120.9	0.0004905	0.2011	3.397e-09	0.005442	0	0.0001108	4.924e-13	8.709e-20	6.715e-26	8.953e-26	1.119e-25	1.309e-07	5.915e-08	6.476e-10	0.5421	7.163e-10	1.977e-23	3.288	6.047e-06	2.058e-06	9.298e-07	0	0	0	0	0	0	0	0	0	0	0	0	0	0	0	0	0	0	0	0	0	0	0	3.136e+04	0	0	0	0	0	0	0	0	0	0	0	0	0	0	0	1.501e+05	0	0	0	0	0	0	0	0	0	0	0	0	0	0	0	0	0	0	0	0	0	0	0	
10052	1955.013	3.45e+19	0	0	100000	1.94344118	9.068e-06	0.6755	0.06265	3.799e-07	4.695	2.072e+04	121.4	0.0004942	0.2021	3.416e-09	0.005467	0	0.0001116	4.942e-13	8.79e-20	6.739e-26	8.985e-26	1.123e-25	1.315e-07	5.948e-08	6.518e-10	0.5441	7.202e-10	1.99e-23	3.3	6.07e-06	2.066e-06	9.332e-07	0	0	0	0	0	0	0	0	0	0	0	0	0	0	0	0	0	0	0	0	0	0	0	3.145e+04	0	0	0	0	0	0	0	0	0	0	0	0	0	0	0	1.506e+05	0	0	0	0	0	0	0	0	0	0	0	0	0	0	0	0	0	0	0	0	0	0	0	
10080	1955.013	3.45e+19	0	0	100000	1.9434682	9.084e-06	0.6774	0.06288	3.824e-07	4.712	2.079e+04	121.8	0.0004978	0.203	3.435e-09	0.005492	0	0.0001125	4.96e-13	8.871e-20	6.764e-26	9.018e-26	1.127e-25	1.321e-07	5.98e-08	6.56e-10	0.546	7.242e-10	2.003e-23	3.312	6.092e-06	2.073e-06	9.366e-07	0	0	0	0	0	0	0	0	0	0	0	0	0	0	0	0	0	0	0	0	0	0	0	3.153e+04	0	0	0	0	0	0	0	0	0	0	0	0	0	0	0	1.51e+05	0	0	0	0	0	0	0	0	0	0	0	0	0	0	0	0	0	0	0	0	0	0	0	
10108	1955.013	3.45e+19	0	0	100000	1.94349522	9.1e-06	0.6792	0.06311	3.848e-07	4.729	2.087e+04	122.2	0.0005015	0.2039	3.454e-09	0.005517	0	0.0001133	4.978e-13	8.953e-20	6.788e-26	9.051e-26	1.131e-25	1.327e-07	6.013e-08	6.602e-10	0.548	7.282e-10	2.016e-23	3.324	6.114e-06	2.081e-06	9.4e-07	0	0	0	0	0	0	0	0	0	0	0	0	0	0	0	0	0	0	0	0	0	0	0	3.162e+04	0	0	0	0	0	0	0	0	0	0	0	0	0	0	0	1.514e+05	0	0	0	0	0	0	0	0	0	0	0	0	0	0	0	0	0	0	0	0	0	0	0	
10136	1955.013	3.45e+19	0	0	100000	1.94352224	9.116e-06	0.681	0.06334	3.873e-07	4.747	2.095e+04	122.7	0.0005052	0.2049	3.473e-09	0.005542	0	0.0001141	4.996e-13	9.036e-20	6.813e-26	9.084e-26	1.135e-25	1.333e-07	6.046e-08	6.644e-10	0.55	7.322e-10	2.029e-23	3.336	6.136e-06	2.088e-06	9.434e-07	0	0	0	0	0	0	0	0	0	0	0	0	0	0	0	0	0	0	0	0	0	0	0	3.171e+04	0	0	0	0	0	0	0	0	0	0	0	0	0	0	0	1.518e+05	0	0	0	0	0	0	0	0	0	0	0	0	0	0	0	0	0	0	0	0	0	0	0	
10164	1955.013	3.45e+19	0	0	100000	1.94354926	9.132e-06	0.6829	0.06356	3.898e-07	4.764	2.102e+04	123.1	0.0005089	0.2058	3.492e-09	0.005568	0	0.000115	5.014e-13	9.119e-20	6.838e-26	9.117e-26	1.14e-25	1.339e-07	6.079e-08	6.687e-10	0.5519	7.362e-10	2.042e-23	3.348	6.158e-06	2.096e-06	9.468e-07	0	0	0	0	0	0	0	0	0	0	0	0	0	0	0	0	0	0	0	0	0	0	0	3.18e+04	0	0	0	0	0	0	0	0	0	0	0	0	0	0	0	1.522e+05	0	0	0	0	0	0	0	0	0	0	0	0	0	0	0	0	0	0	0	0	0	0	0	
10192	1955.013	3.45e+19	0	0	100000	1.94357628	9.148e-06	0.6847	0.06379	3.923e-07	4.781	2.11e+04	123.6	0.0005126	0.2067	3.511e-09	0.005593	0	0.0001158	5.032e-13	9.203e-20	6.862e-26	9.15e-26	1.144e-25	1.345e-07	6.113e-08	6.73e-10	0.5539	7.402e-10	2.055e-23	3.36	6.18e-06	2.104e-06	9.502e-07	0	0	0	0	0	0	0	0	0	0	0	0	0	0	0	0	0	0	0	0	0	0	0	3.188e+04	0	0	0	0	0	0	0	0	0	0	0	0	0	0	0	1.527e+05	0	0	0	0	0	0	0	0	0	0	0	0	0	0	0	0	0	0	0	0	0	0	0	
10220	1955.013	3.45e+19	0	0	100000	1.9436033	9.164e-06	0.6865	0.06402	3.948e-07	4.798	2.117e+04	124	0.0005164	0.2077	3.53e-09	0.005618	0	0.0001166	5.05e-13	9.288e-20	6.887e-26	9.182e-26	1.148e-25	1.351e-07	6.146e-08	6.773e-10	0.5558	7.443e-10	2.068e-23	3.372	6.203e-06	2.111e-06	9.536e-07	0	0	0	0	0	0	0	0	0	0	0	0	0	0	0	0	0	0	0	0	0	0	0	3.197e+04	0	0	0	0	0	0	0	0	0	0	0	0	0	0	0	1.531e+05	0	0	0	0	0	0	0	0	0	0	0	0	0	0	0	0	0	0	0	0	0	0	0	
10248	1955.013	3.45e+19	0	0	100000	1.94363032	9.179e-06	0.6883	0.06425	3.973e-07	4.815	2.125e+04	124.5	0.0005202	0.2086	3.549e-09	0.005644	0	0.0001175	5.068e-13	9.373e-20	6.911e-26	9.215e-26	1.152e-25	1.357e-07	6.18e-08	6.816e-10	0.5578	7.483e-10	2.081e-23	3.384	6.225e-06	2.119e-06	9.57e-07	0	0	0	0	0	0	0	0	0	0	0	0	0	0	0	0	0	0	0	0	0	0	0	3.206e+04	0	0	0	0	0	0	0	0	0	0	0	0	0	0	0	1.535e+05	0	0	0	0	0	0	0	0	0	0	0	0	0	0	0	0	0	0	0	0	0	0	0	
10276	1955.013	3.45e+19	0	0	100000	1.94365734	9.195e-06	0.6901	0.06448	3.998e-07	4.832	2.132e+04	124.9	0.000524	0.2095	3.569e-09	0.005669	0	0.0001183	5.086e-13	9.459e-20	6.936e-26	9.248e-26	1.156e-25	1.363e-07	6.213e-08	6.86e-10	0.5598	7.524e-10	2.094e-23	3.396	6.247e-06	2.126e-06	9.604e-07	0	0	0	0	0	0	0	0	0	0	0	0	0	0	0	0	0	0	0	0	0	0	0	3.215e+04	0	0	0	0	0	0	0	0	0	0	0	0	0	0	0	1.539e+05	0	0	0	0	0	0	0	0	0	0	0	0	0	0	0	0	0	0	0	0	0	0	0	
10304	1955.013	3.45e+19	0	0	100000	1.94368436	9.21e-06	0.6919	0.06471	4.024e-07	4.85	2.14e+04	125.3	0.0005278	0.2105	3.588e-09	0.005694	0	0.0001192	5.104e-13	9.546e-20	6.961e-26	9.281e-26	1.16e-25	1.37e-07	6.247e-08	6.903e-10	0.5617	7.565e-10	2.108e-23	3.408	6.269e-06	2.134e-06	9.639e-07	0	0	0	0	0	0	0	0	0	0	0	0	0	0	0	0	0	0	0	0	0	0	0	3.223e+04	0	0	0	0	0	0	0	0	0	0	0	0	0	0	0	1.543e+05	0	0	0	0	0	0	0	0	0	0	0	0	0	0	0	0	0	0	0	0	0	0	0	
10332	1955.013	3.45e+19	0	0	100000	1.94371138	9.226e-06	0.6937	0.06494	4.049e-07	4.867	2.148e+04	125.8	0.0005316	0.2114	3.607e-09	0.00572	0	0.0001201	5.122e-13	9.633e-20	6.985e-26	9.314e-26	1.164e-25	1.376e-07	6.281e-08	6.947e-10	0.5637	7.605e-10	2.121e-23	3.42	6.291e-06	2.141e-06	9.673e-07	0	0	0	0	0	0	0	0	0	0	0	0	0	0	0	0	0	0	0	0	0	0	0	3.232e+04	0	0	0	0	0	0	0	0	0	0	0	0	0	0	0	1.548e+05	0	0	0	0	0	0	0	0	0	0	0	0	0	0	0	0	0	0	0	0	0	0	0	
10360	1955.013	3.45e+19	0	0	100000	1.9437384	9.241e-06	0.6955	0.06517	4.075e-07	4.884	2.155e+04	126.2	0.0005355	0.2124	3.627e-09	0.005745	0	0.0001209	5.14e-13	9.722e-20	7.01e-26	9.347e-26	1.168e-25	1.382e-07	6.315e-08	6.991e-10	0.5657	7.647e-10	2.134e-23	3.432	6.314e-06	2.149e-06	9.707e-07	0	0	0	0	0	0	0	0	0	0	0	0	0	0	0	0	0	0	0	0	0	0	0	3.241e+04	0	0	0	0	0	0	0	0	0	0	0	0	0	0	0	1.552e+05	0	0	0	0	0	0	0	0	0	0	0	0	0	0	0	0	0	0	0	0	0	0	0	
10388	1955.013	3.45e+19	0	0	100000	1.94376542	9.256e-06	0.6973	0.0654	4.101e-07	4.901	2.163e+04	126.7	0.0005394	0.2133	3.646e-09	0.005771	0	0.0001218	5.158e-13	9.81e-20	7.035e-26	9.379e-26	1.172e-25	1.388e-07	6.349e-08	7.035e-10	0.5676	7.688e-10	2.148e-23	3.444	6.336e-06	2.156e-06	9.741e-07	0	0	0	0	0	0	0	0	0	0	0	0	0	0	0	0	0	0	0	0	0	0	0	3.25e+04	0	0	0	0	0	0	0	0	0	0	0	0	0	0	0	1.556e+05	0	0	0	0	0	0	0	0	0	0	0	0	0	0	0	0	0	0	0	0	0	0	0	
10416	1955.013	3.45e+19	0	0	100000	1.94379244	9.271e-06	0.6991	0.06563	4.127e-07	4.918	2.17e+04	127.1	0.0005433	0.2142	3.666e-09	0.005797	0	0.0001227	5.177e-13	9.9e-20	7.059e-26	9.412e-26	1.177e-25	1.394e-07	6.383e-08	7.08e-10	0.5696	7.729e-10	2.161e-23	3.457	6.358e-06	2.164e-06	9.775e-07	0	0	0	0	0	0	0	0	0	0	0	0	0	0	0	0	0	0	0	0	0	0	0	3.258e+04	0	0	0	0	0	0	0	0	0	0	0	0	0	0	0	1.56e+05	0	0	0	0	0	0	0	0	0	0	0	0	0	0	0	0	0	0	0	0	0	0	0	
10444	1955.013	3.45e+19	0	0	100000	1.94381946	9.286e-06	0.7009	0.06585	4.153e-07	4.935	2.178e+04	127.6	0.0005472	0.2152	3.686e-09	0.005822	0	0.0001236	5.195e-13	9.99e-20	7.084e-26	9.445e-26	1.181e-25	1.4e-07	6.417e-08	7.124e-10	0.5716	7.771e-10	2.175e-23	3.469	6.38e-06	2.172e-06	9.809e-07	0	0	0	0	0	0	0	0	0	0	0	0	0	0	0	0	0	0	0	0	0	0	0	3.267e+04	0	0	0	0	0	0	0	0	0	0	0	0	0	0	0	1.564e+05	0	0	0	0	0	0	0	0	0	0	0	0	0	0	0	0	0	0	0	0	0	0	0	
10472	1955.013	3.45e+19	0	0	100000	1.94384648	9.301e-06	0.7027	0.06608	4.179e-07	4.953	2.185e+04	128	0.0005512	0.2161	3.706e-09	0.005848	0	0.0001245	5.213e-13	1.008e-19	7.109e-26	9.478e-26	1.185e-25	1.407e-07	6.451e-08	7.169e-10	0.5735	7.812e-10	2.189e-23	3.481	6.402e-06	2.179e-06	9.843e-07	0	0	0	0	0	0	0	0	0	0	0	0	0	0	0	0	0	0	0	0	0	0	0	3.276e+04	0	0	0	0	0	0	0	0	0	0	0	0	0	0	0	1.568e+05	0	0	0	0	0	0	0	0	0	0	0	0	0	0	0	0	0	0	0	0	0	0	0	
10500	1955.013	3.45e+19	0	0	100000	1.9438735	9.316e-06	0.7045	0.06631	4.205e-07	4.97	2.193e+04	128.4	0.0005552	0.2171	3.725e-09	0.005874	0	0.0001254	5.231e-13	1.017e-19	7.133e-26	9.511e-26	1.189e-25	1.413e-07	6.486e-08	7.214e-10	0.5755	7.854e-10	2.203e-23	3.493	6.425e-06	2.187e-06	9.878e-07	0	0	0	0	0	0	0	0	0	0	0	0	0	0	0	0	0	0	0	0	0	0	0	3.285e+04	0	0	0	0	0	0	0	0	0	0	0	0	0	0	0	1.573e+05	0	0	0	0	0	0	0	0	0	0	0	0	0	0	0	0	0	0	0	0	0	0	0	
10528	1955.013	3.45e+19	0	0	100000	1.94390052	9.331e-06	0.7063	0.06654	4.231e-07	4.987	2.201e+04	128.9	0.0005592	0.2181	3.745e-09	0.0059	0	0.0001263	5.249e-13	1.027e-19	7.158e-26	9.544e-26	1.193e-25	1.419e-07	6.52e-08	7.259e-10	0.5775	7.896e-10	2.216e-23	3.505	6.447e-06	2.194e-06	9.912e-07	0	0	0	0	0	0	0	0	0	0	0	0	0	0	0	0	0	0	0	0	0	0	0	3.294e+04	0	0	0	0	0	0	0	0	0	0	0	0	0	0	0	1.577e+05	0	0	0	0	0	0	0	0	0	0	0	0	0	0	0	0	0	0	0	0	0	0	0	
10556	1955.013	3.45e+19	0	0	100000	1.94392754	9.346e-06	0.708	0.06677	4.258e-07	5.004	2.208e+04	129.3	0.0005632	0.219	3.765e-09	0.005926	0	0.0001272	5.267e-13	1.036e-19	7.183e-26	9.577e-26	1.197e-25	1.425e-07	6.555e-08	7.305e-10	0.5794	7.938e-10	2.23e-23	3.517	6.469e-06	2.202e-06	9.946e-07	0	0	0	0	0	0	0	0	0	0	0	0	0	0	0	0	0	0	0	0	0	0	0	3.302e+04	0	0	0	0	0	0	0	0	0	0	0	0	0	0	0	1.581e+05	0	0	0	0	0	0	0	0	0	0	0	0	0	0	0	0	0	0	0	0	0	0	0	
10584	1955.013	3.45e+19	0	0	100000	1.94395456	9.36e-06	0.7098	0.067	4.285e-07	5.021	2.216e+04	129.8	0.0005673	0.22	3.785e-09	0.005951	0	0.0001281	5.285e-13	1.045e-19	7.207e-26	9.61e-26	1.201e-25	1.431e-07	6.59e-08	7.351e-10	0.5814	7.98e-10	2.244e-23	3.529	6.491e-06	2.209e-06	9.98e-07	0	0	0	0	0	0	0	0	0	0	0	0	0	0	0	0	0	0	0	0	0	0	0	3.311e+04	0	0	0	0	0	0	0	0	0	0	0	0	0	0	0	1.585e+05	0	0	0	0	0	0	0	0	0	0	0	0	0	0	0	0	0	0	0	0	0	0	0	
10612	1955.013	3.45e+19	0	0	100000	1.94398158	9.375e-06	0.7116	0.06723	4.311e-07	5.039	2.223e+04	130.2	0.0005713	0.2209	3.805e-09	0.005977	0	0.000129	5.303e-13	1.055e-19	7.232e-26	9.643e-26	1.205e-25	1.438e-07	6.625e-08	7.396e-10	0.5834	8.022e-10	2.258e-23	3.541	6.514e-06	2.217e-06	1.001e-06	0	0	0	0	0	0	0	0	0	0	0	0	0	0	0	0	0	0	0	0	0	0	0	3.32e+04	0	0	0	0	0	0	0	0	0	0	0	0	0	0	0	1.589e+05	0	0	0	0	0	0	0	0	0	0	0	0	0	0	0	0	0	0	0	0	0	0	0	
10640	1955.013	3.45e+19	0	0	100000	1.9440086	9.389e-06	0.7133	0.06746	4.338e-07	5.056	2.231e+04	130.7	0.0005754	0.2219	3.825e-09	0.006003	0	0.00013	5.321e-13	1.064e-19	7.257e-26	9.676e-26	1.209e-25	1.444e-07	6.66e-08	7.443e-10	0.5853	8.065e-10	2.272e-23	3.553	6.536e-06	2.225e-06	1.005e-06	0	0	0	0	0	0	0	0	0	0	0	0	0	0	0	0	0	0	0	0	0	0	0	3.329e+04	0	0	0	0	0	0	0	0	0	0	0	0	0	0	0	1.594e+05	0	0	0	0	0	0	0	0	0	0	0	0	0	0	0	0	0	0	0	0	0	0	0	
10668	1955.013	3.45e+19	0	0	100000	1.94403562	9.404e-06	0.7151	0.06769	4.365e-07	5.073	2.239e+04	131.1	0.0005795	0.2229	3.846e-09	0.00603	0	0.0001309	5.339e-13	1.074e-19	7.281e-26	9.709e-26	1.214e-25	1.45e-07	6.695e-08	7.489e-10	0.5873	8.107e-10	2.286e-23	3.565	6.558e-06	2.232e-06	1.008e-06	0	0	0	0	0	0	0	0	0	0	0	0	0	0	0	0	0	0	0	0	0	0	0	3.337e+04	0	0	0	0	0	0	0	0	0	0	0	0	0	0	0	1.598e+05	0	0	0	0	0	0	0	0	0	0	0	0	0	0	0	0	0	0	0	0	0	0	0	
10696	1955.013	3.45e+19	0	0	100000	1.94406264	9.418e-06	0.7168	0.06792	4.392e-07	5.09	2.246e+04	131.6	0.0005837	0.2238	3.866e-09	0.006056	0	0.0001318	5.358e-13	1.084e-19	7.306e-26	9.741e-26	1.218e-25	1.456e-07	6.73e-08	7.535e-10	0.5893	8.15e-10	2.301e-23	3.577	6.58e-06	2.24e-06	1.012e-06	0	0	0	0	0	0	0	0	0	0	0	0	0	0	0	0	0	0	0	0	0	0	0	3.346e+04	0	0	0	0	0	0	0	0	0	0	0	0	0	0	0	1.602e+05	0	0	0	0	0	0	0	0	0	0	0	0	0	0	0	0	0	0	0	0	0	0	0	
10724	1955.013	3.45e+19	0	0	100000	1.94408966	9.432e-06	0.7186	0.06815	4.419e-07	5.107	2.254e+04	132	0.0005879	0.2248	3.886e-09	0.006082	0	0.0001328	5.376e-13	1.093e-19	7.331e-26	9.774e-26	1.222e-25	1.463e-07	6.766e-08	7.582e-10	0.5912	8.193e-10	2.315e-23	3.59	6.603e-06	2.247e-06	1.015e-06	0	0	0	0	0	0	0	0	0	0	0	0	0	0	0	0	0	0	0	0	0	0	0	3.355e+04	0	0	0	0	0	0	0	0	0	0	0	0	0	0	0	1.606e+05	0	0	0	0	0	0	0	0	0	0	0	0	0	0	0	0	0	0	0	0	0	0	0	
10752	1955.013	3.45e+19	0	0	100000	1.94411668	9.446e-06	0.7203	0.06838	4.447e-07	5.125	2.261e+04	132.5	0.0005921	0.2258	3.907e-09	0.006108	0	0.0001337	5.394e-13	1.103e-19	7.356e-26	9.807e-26	1.226e-25	1.469e-07	6.801e-08	7.629e-10	0.5932	8.236e-10	2.329e-23	3.602	6.625e-06	2.255e-06	1.019e-06	0	0	0	0	0	0	0	0	0	0	0	0	0	0	0	0	0	0	0	0	0	0	0	3.364e+04	0	0	0	0	0	0	0	0	0	0	0	0	0	0	0	1.61e+05	0	0	0	0	0	0	0	0	0	0	0	0	0	0	0	0	0	0	0	0	0	0	0	
10780	1955.013	3.45e+19	0	0	100000	1.9441437	9.46e-06	0.7221	0.06861	4.474e-07	5.142	2.269e+04	132.9	0.0005963	0.2267	3.927e-09	0.006134	0	0.0001347	5.412e-13	1.113e-19	7.38e-26	9.84e-26	1.23e-25	1.475e-07	6.837e-08	7.676e-10	0.5952	8.279e-10	2.344e-23	3.614	6.647e-06	2.262e-06	1.022e-06	0	0	0	0	0	0	0	0	0	0	0	0	0	0	0	0	0	0	0	0	0	0	0	3.372e+04	0	0	0	0	0	0	0	0	0	0	0	0	0	0	0	1.615e+05	0	0	0	0	0	0	0	0	0	0	0	0	0	0	0	0	0	0	0	0	0	0	0	
10808	1955.013	3.45e+19	0	0	100000	1.94417072	9.474e-06	0.7238	0.06884	4.502e-07	5.159	2.277e+04	133.3	0.0006005	0.2277	3.948e-09	0.006161	0	0.0001356	5.43e-13	1.123e-19	7.405e-26	9.873e-26	1.234e-25	1.482e-07	6.873e-08	7.724e-10	0.5972	8.323e-10	2.358e-23	3.626	6.669e-06	2.27e-06	1.025e-06	0	0	0	0	0	0	0	0	0	0	0	0	0	0	0	0	0	0	0	0	0	0	0	3.381e+04	0	0	0	0	0	0	0	0	0	0	0	0	0	0	0	1.619e+05	0	0	0	0	0	0	0	0	0	0	0	0	0	0	0	0	0	0	0	0	0	0	0	
10836	1955.013	3.45e+19	0	0	100000	1.94419774	9.488e-06	0.7256	0.06907	4.53e-07	5.176	2.284e+04	133.8	0.0006048	0.2287	3.968e-09	0.006187	0	0.0001366	5.448e-13	1.133e-19	7.43e-26	9.906e-26	1.238e-25	1.488e-07	6.909e-08	7.771e-10	0.5991	8.366e-10	2.373e-23	3.638	6.692e-06	2.278e-06	1.029e-06	0	0	0	0	0	0	0	0	0	0	0	0	0	0	0	0	0	0	0	0	0	0	0	3.39e+04	0	0	0	0	0	0	0	0	0	0	0	0	0	0	0	1.623e+05	0	0	0	0	0	0	0	0	0	0	0	0	0	0	0	0	0	0	0	0	0	0	0	
10864	1955.013	3.45e+19	0	0	100000	1.94422476	9.502e-06	0.7273	0.0693	4.558e-07	5.194	2.292e+04	134.2	0.0006091	0.2297	3.989e-09	0.006213	0	0.0001375	5.466e-13	1.144e-19	7.454e-26	9.939e-26	1.242e-25	1.494e-07	6.945e-08	7.819e-10	0.6011	8.41e-10	2.387e-23	3.65	6.714e-06	2.285e-06	1.032e-06	0	0	0	0	0	0	0	0	0	0	0	0	0	0	0	0	0	0	0	0	0	0	0	3.399e+04	0	0	0	0	0	0	0	0	0	0	0	0	0	0	0	1.627e+05	0	0	0	0	0	0	0	0	0	0	0	0	0	0	0	0	0	0	0	0	0	0	0	
10892	1955.013	3.45e+19	0	0	100000	1.94425178	9.516e-06	0.729	0.06953	4.586e-07	5.211	2.299e+04	134.7	0.0006134	0.2306	4.01e-09	0.00624	0	0.0001385	5.484e-13	1.154e-19	7.479e-26	9.972e-26	1.247e-25	1.501e-07	6.981e-08	7.867e-10	0.6031	8.453e-10	2.402e-23	3.662	6.736e-06	2.293e-06	1.036e-06	0	0	0	0	0	0	0	0	0	0	0	0	0	0	0	0	0	0	0	0	0	0	0	3.407e+04	0	0	0	0	0	0	0	0	0	0	0	0	0	0	0	1.631e+05	0	0	0	0	0	0	0	0	0	0	0	0	0	0	0	0	0	0	0	0	0	0	0	
10920	1955.013	3.45e+19	0	0	100000	1.9442788	9.529e-06	0.7308	0.06976	4.614e-07	5.228	2.307e+04	135.1	0.0006177	0.2316	4.031e-09	0.006266	0	0.0001395	5.503e-13	1.164e-19	7.504e-26	1.001e-25	1.251e-25	1.507e-07	7.017e-08	7.915e-10	0.605	8.497e-10	2.417e-23	3.674	6.758e-06	2.3e-06	1.039e-06	0	0	0	0	0	0	0	0	0	0	0	0	0	0	0	0	0	0	0	0	0	0	0	3.416e+04	0	0	0	0	0	0	0	0	0	0	0	0	0	0	0	1.636e+05	0	0	0	0	0	0	0	0	0	0	0	0	0	0	0	0	0	0	0	0	0	0	0	
10948	1955.013	3.45e+19	0	0	100000	1.94430582	9.543e-06	0.7325	0.06999	4.642e-07	5.245	2.315e+04	135.6	0.0006221	0.2326	4.051e-09	0.006293	0	0.0001405	5.521e-13	1.175e-19	7.529e-26	1.004e-25	1.255e-25	1.514e-07	7.053e-08	7.964e-10	0.607	8.541e-10	2.431e-23	3.686	6.781e-06	2.308e-06	1.043e-06	0	0	0	0	0	0	0	0	0	0	0	0	0	0	0	0	0	0	0	0	0	0	0	3.425e+04	0	0	0	0	0	0	0	0	0	0	0	0	0	0	0	1.64e+05	0	0	0	0	0	0	0	0	0	0	0	0	0	0	0	0	0	0	0	0	0	0	0	
10976	1955.013	3.45e+19	0	0	100000	1.94433284	9.556e-06	0.7342	0.07022	4.67e-07	5.263	2.322e+04	136	0.0006265	0.2336	4.072e-09	0.00632	0	0.0001415	5.539e-13	1.185e-19	7.553e-26	1.007e-25	1.259e-25	1.52e-07	7.09e-08	8.013e-10	0.609	8.585e-10	2.446e-23	3.699	6.803e-06	2.316e-06	1.046e-06	0	0	0	0	0	0	0	0	0	0	0	0	0	0	0	0	0	0	0	0	0	0	0	3.434e+04	0	0	0	0	0	0	0	0	0	0	0	0	0	0	0	1.644e+05	0	0	0	0	0	0	0	0	0	0	0	0	0	0	0	0	0	0	0	0	0	0	0	
11004	1955.013	3.45e+19	0	0	100000	1.94435986	9.569e-06	0.7359	0.07045	4.699e-07	5.28	2.33e+04	136.5	0.0006309	0.2346	4.093e-09	0.006346	0	0.0001425	5.557e-13	1.196e-19	7.578e-26	1.01e-25	1.263e-25	1.526e-07	7.126e-08	8.062e-10	0.6109	8.63e-10	2.461e-23	3.711	6.825e-06	2.323e-06	1.049e-06	0	0	0	0	0	0	0	0	0	0	0	0	0	0	0	0	0	0	0	0	0	0	0	3.442e+04	0	0	0	0	0	0	0	0	0	0	0	0	0	0	0	1.648e+05	0	0	0	0	0	0	0	0	0	0	0	0	0	0	0	0	0	0	0	0	0	0	0	
11032	1955.013	3.45e+19	0	0	100000	1.94438688	9.583e-06	0.7376	0.07068	4.728e-07	5.297	2.337e+04	136.9	0.0006354	0.2355	4.114e-09	0.006373	0	0.0001435	5.575e-13	1.206e-19	7.603e-26	1.014e-25	1.267e-25	1.533e-07	7.163e-08	8.111e-10	0.6129	8.674e-10	2.476e-23	3.723	6.848e-06	2.331e-06	1.053e-06	0	0	0	0	0	0	0	0	0	0	0	0	0	0	0	0	0	0	0	0	0	0	0	3.451e+04	0	0	0	0	0	0	0	0	0	0	0	0	0	0	0	1.652e+05	0	0	0	0	0	0	0	0	0	0	0	0	0	0	0	0	0	0	0	0	0	0	0	
11060	1955.013	3.45e+19	0	0	100000	1.9444139	9.596e-06	0.7393	0.07091	4.756e-07	5.314	2.345e+04	137.4	0.0006398	0.2365	4.136e-09	0.0064	0	0.0001445	5.593e-13	1.217e-19	7.628e-26	1.017e-25	1.271e-25	1.539e-07	7.2e-08	8.16e-10	0.6149	8.719e-10	2.491e-23	3.735	6.87e-06	2.338e-06	1.056e-06	0	0	0	0	0	0	0	0	0	0	0	0	0	0	0	0	0	0	0	0	0	0	0	3.46e+04	0	0	0	0	0	0	0	0	0	0	0	0	0	0	0	1.657e+05	0	0	0	0	0	0	0	0	0	0	0	0	0	0	0	0	0	0	0	0	0	0	0	
11088	1955.013	3.45e+19	0	0	100000	1.94444092	9.609e-06	0.741	0.07114	4.785e-07	5.332	2.353e+04	137.8	0.0006443	0.2375	4.157e-09	0.006427	0	0.0001455	5.611e-13	1.228e-19	7.652e-26	1.02e-25	1.275e-25	1.546e-07	7.237e-08	8.21e-10	0.6169	8.764e-10	2.507e-23	3.747	6.892e-06	2.346e-06	1.06e-06	0	0	0	0	0	0	0	0	0	0	0	0	0	0	0	0	0	0	0	0	0	0	0	3.469e+04	0	0	0	0	0	0	0	0	0	0	0	0	0	0	0	1.661e+05	0	0	0	0	0	0	0	0	0	0	0	0	0	0	0	0	0	0	0	0	0	0	0	
11116	1955.013	3.45e+19	0	0	100000	1.94446794	9.622e-06	0.7427	0.07137	4.814e-07	5.349	2.36e+04	138.2	0.0006489	0.2385	4.178e-09	0.006453	0	0.0001465	5.63e-13	1.239e-19	7.677e-26	1.024e-25	1.28e-25	1.552e-07	7.274e-08	8.26e-10	0.6188	8.809e-10	2.522e-23	3.759	6.915e-06	2.353e-06	1.063e-06	0	0	0	0	0	0	0	0	0	0	0	0	0	0	0	0	0	0	0	0	0	0	0	3.477e+04	0	0	0	0	0	0	0	0	0	0	0	0	0	0	0	1.665e+05	0	0	0	0	0	0	0	0	0	0	0	0	0	0	0	0	0	0	0	0	0	0	0	
11144	1955.013	3.45e+19	0	0	100000	1.94449496	9.635e-06	0.7444	0.0716	4.843e-07	5.366	2.368e+04	138.7	0.0006534	0.2395	4.2e-09	0.00648	0	0.0001475	5.648e-13	1.25e-19	7.702e-26	1.027e-25	1.284e-25	1.559e-07	7.311e-08	8.31e-10	0.6208	8.854e-10	2.537e-23	3.771	6.937e-06	2.361e-06	1.067e-06	0	0	0	0	0	0	0	0	0	0	0	0	0	0	0	0	0	0	0	0	0	0	0	3.486e+04	0	0	0	0	0	0	0	0	0	0	0	0	0	0	0	1.669e+05	0	0	0	0	0	0	0	0	0	0	0	0	0	0	0	0	0	0	0	0	0	0	0	
11172	1955.013	3.45e+19	0	0	100000	1.94452198	9.648e-06	0.7461	0.07183	4.873e-07	5.383	2.376e+04	139.1	0.000658	0.2405	4.221e-09	0.006507	0	0.0001486	5.666e-13	1.261e-19	7.727e-26	1.03e-25	1.288e-25	1.565e-07	7.349e-08	8.36e-10	0.6228	8.899e-10	2.552e-23	3.783	6.959e-06	2.369e-06	1.07e-06	0	0	0	0	0	0	0	0	0	0	0	0	0	0	0	0	0	0	0	0	0	0	0	3.495e+04	0	0	0	0	0	0	0	0	0	0	0	0	0	0	0	1.673e+05	0	0	0	0	0	0	0	0	0	0	0	0	0	0	0	0	0	0	0	0	0	0	0	
11200	1955.013	3.45e+19	0	0	100000	1.944549	9.66e-06	0.7478	0.07206	4.902e-07	5.401	2.383e+04	139.6	0.0006626	0.2415	4.243e-09	0.006534	0	0.0001496	5.684e-13	1.272e-19	7.752e-26	1.034e-25	1.292e-25	1.572e-07	7.386e-08	8.41e-10	0.6248	8.944e-10	2.568e-23	3.796	6.981e-06	2.376e-06	1.073e-06	0	0	0	0	0	0	0	0	0	0	0	0	0	0	0	0	0	0	0	0	0	0	0	3.504e+04	0	0	0	0	0	0	0	0	0	0	0	0	0	0	0	1.678e+05	0	0	0	0	0	0	0	0	0	0	0	0	0	0	0	0	0	0	0	0	0	0	0	
11228	1955.013	3.45e+19	0	0	100000	1.9445757	9.673e-06	0.7495	0.07229	4.932e-07	5.418	2.391e+04	140	0.0006672	0.2425	4.264e-09	0.006561	0	0.0001506	5.702e-13	1.284e-19	7.776e-26	1.037e-25	1.296e-25	1.578e-07	7.424e-08	8.461e-10	0.6267	8.989e-10	2.583e-23	3.808	7.004e-06	2.384e-06	1.077e-06	0	0	0	0	0	0	0	0	0	0	0	0	0	0	0	0	0	0	0	0	0	0	0	3.513e+04	0	0	0	0	0	0	0	0	0	0	0	0	0	0	0	1.682e+05	0	0	0	0	0	0	0	0	0	0	0	0	0	0	0	0	0	0	0	0	0	0	0	
11256	1955.013	3.45e+19	0	0	100000	1.9446024	9.686e-06	0.7512	0.07252	4.961e-07	5.435	2.398e+04	140.5	0.0006718	0.2435	4.286e-09	0.006588	0	0.0001517	5.72e-13	1.295e-19	7.801e-26	1.04e-25	1.3e-25	1.585e-07	7.461e-08	8.512e-10	0.6287	9.035e-10	2.599e-23	3.82	7.026e-06	2.391e-06	1.08e-06	0	0	0	0	0	0	0	0	0	0	0	0	0	0	0	0	0	0	0	0	0	0	0	3.521e+04	0	0	0	0	0	0	0	0	0	0	0	0	0	0	0	1.686e+05	0	0	0	0	0	0	0	0	0	0	0	0	0	0	0	0	0	0	0	0	0	0	0	
11284	1955.013	3.45e+19	0	0	100000	1.9446291	9.699e-06	0.7529	0.07275	4.991e-07	5.452	2.406e+04	140.9	0.0006765	0.2445	4.307e-09	0.006615	0	0.0001527	5.739e-13	1.306e-19	7.826e-26	1.043e-25	1.304e-25	1.591e-07	7.499e-08	8.563e-10	0.6307	9.081e-10	2.614e-23	3.832	7.048e-06	2.399e-06	1.084e-06	0	0	0	0	0	0	0	0	0	0	0	0	0	0	0	0	0	0	0	0	0	0	0	3.53e+04	0	0	0	0	0	0	0	0	0	0	0	0	0	0	0	1.69e+05	0	0	0	0	0	0	0	0	0	0	0	0	0	0	0	0	0	0	0	0	0	0	0	
11312	1955.013	3.45e+19	0	0	100000	1.9446558	9.711e-06	0.7546	0.07298	5.021e-07	5.47	2.414e+04	141.4	0.0006811	0.2455	4.329e-09	0.006643	0	0.0001538	5.757e-13	1.318e-19	7.851e-26	1.047e-25	1.308e-25	1.598e-07	7.536e-08	8.614e-10	0.6326	9.126e-10	2.63e-23	3.844	7.071e-06	2.407e-06	1.087e-06	0	0	0	0	0	0	0	0	0	0	0	0	0	0	0	0	0	0	0	0	0	0	0	3.539e+04	0	0	0	0	0	0	0	0	0	0	0	0	0	0	0	1.694e+05	0	0	0	0	0	0	0	0	0	0	0	0	0	0	0	0	0	0	0	0	0	0	0	
11340	1955.013	3.45e+19	0	0	100000	1.9446825	9.724e-06	0.7562	0.07321	5.051e-07	5.487	2.421e+04	141.8	0.0006858	0.2465	4.351e-09	0.00667	0	0.0001548	5.775e-13	1.329e-19	7.876e-26	1.05e-25	1.313e-25	1.604e-07	7.574e-08	8.665e-10	0.6346	9.172e-10	2.646e-23	3.856	7.093e-06	2.414e-06	1.091e-06	0	0	0	0	0	0	0	0	0	0	0	0	0	0	0	0	0	0	0	0	0	0	0	3.548e+04	0	0	0	0	0	0	0	0	0	0	0	0	0	0	0	1.698e+05	0	0	0	0	0	0	0	0	0	0	0	0	0	0	0	0	0	0	0	0	0	0	0	
11368	1955.013	3.45e+19	0	0	100000	1.9447092	9.736e-06	0.7579	0.07344	5.081e-07	5.504	2.429e+04	142.3	0.0006906	0.2475	4.373e-09	0.006697	0	0.0001559	5.793e-13	1.341e-19	7.9e-26	1.053e-25	1.317e-25	1.611e-07	7.612e-08	8.717e-10	0.6366	9.218e-10	2.661e-23	3.868	7.115e-06	2.422e-06	1.094e-06	0	0	0	0	0	0	0	0	0	0	0	0	0	0	0	0	0	0	0	0	0	0	0	3.556e+04	0	0	0	0	0	0	0	0	0	0	0	0	0	0	0	1.703e+05	0	0	0	0	0	0	0	0	0	0	0	0	0	0	0	0	0	0	0	0	0	0	0	
11396	1955.013	3.45e+19	0	0	100000	1.9447359	9.749e-06	0.7596	0.07368	5.111e-07	5.522	2.437e+04	142.7	0.0006953	0.2485	4.394e-09	0.006724	0	0.000157	5.811e-13	1.353e-19	7.925e-26	1.057e-25	1.321e-25	1.617e-07	7.651e-08	8.769e-10	0.6386	9.264e-10	2.677e-23	3.881	7.138e-06	2.429e-06	1.097e-06	0	0	0	0	0	0	0	0	0	0	0	0	0	0	0	0	0	0	0	0	0	0	0	3.565e+04	0	0	0	0	0	0	0	0	0	0	0	0	0	0	0	1.707e+05	0	0	0	0	0	0	0	0	0	0	0	0	0	0	0	0	0	0	0	0	0	0	0	
11424	1955.013	3.45e+19	0	0	100000	1.9447626	9.761e-06	0.7613	0.07391	5.141e-07	5.539	2.444e+04	143.2	0.0007001	0.2495	4.416e-09	0.006752	0	0.000158	5.83e-13	1.365e-19	7.95e-26	1.06e-25	1.325e-25	1.624e-07	7.689e-08	8.821e-10	0.6405	9.311e-10	2.693e-23	3.893	7.16e-06	2.437e-06	1.101e-06	0	0	0	0	0	0	0	0	0	0	0	0	0	0	0	0	0	0	0	0	0	0	0	3.574e+04	0	0	0	0	0	0	0	0	0	0	0	0	0	0	0	1.711e+05	0	0	0	0	0	0	0	0	0	0	0	0	0	0	0	0	0	0	0	0	0	0	0	
11452	1955.013	3.45e+19	0	0	100000	1.9447893	9.773e-06	0.7629	0.07414	5.172e-07	5.556	2.452e+04	143.6	0.0007049	0.2506	4.439e-09	0.006779	0	0.0001591	5.848e-13	1.377e-19	7.975e-26	1.063e-25	1.329e-25	1.63e-07	7.727e-08	8.873e-10	0.6425	9.357e-10	2.709e-23	3.905	7.183e-06	2.445e-06	1.104e-06	0	0	0	0	0	0	0	0	0	0	0	0	0	0	0	0	0	0	0	0	0	0	0	3.583e+04	0	0	0	0	0	0	0	0	0	0	0	0	0	0	0	1.715e+05	0	0	0	0	0	0	0	0	0	0	0	0	0	0	0	0	0	0	0	0	0	0	0	
11480	1955.013	3.45e+19	0	0	100000	1.944816	9.785e-06	0.7646	0.07437	5.203e-07	5.573	2.459e+04	144.1	0.0007098	0.2516	4.461e-09	0.006807	0	0.0001602	5.866e-13	1.389e-19	8e-26	1.067e-25	1.333e-25	1.637e-07	7.766e-08	8.926e-10	0.6445	9.404e-10	2.725e-23	3.917	7.205e-06	2.452e-06	1.108e-06	0	0	0	0	0	0	0	0	0	0	0	0	0	0	0	0	0	0	0	0	0	0	0	3.591e+04	0	0	0	0	0	0	0	0	0	0	0	0	0	0	0	1.719e+05	0	0	0	0	0	0	0	0	0	0	0	0	0	0	0	0	0	0	0	0	0	0	0	
11508	1955.013	3.45e+19	0	0	100000	1.9448427	9.797e-06	0.7662	0.0746	5.233e-07	5.591	2.467e+04	144.5	0.0007146	0.2526	4.483e-09	0.006834	0	0.0001613	5.884e-13	1.401e-19	8.024e-26	1.07e-25	1.337e-25	1.644e-07	7.804e-08	8.978e-10	0.6465	9.451e-10	2.741e-23	3.929	7.227e-06	2.46e-06	1.111e-06	0	0	0	0	0	0	0	0	0	0	0	0	0	0	0	0	0	0	0	0	0	0	0	3.6e+04	0	0	0	0	0	0	0	0	0	0	0	0	0	0	0	1.724e+05	0	0	0	0	0	0	0	0	0	0	0	0	0	0	0	0	0	0	0	0	0	0	0	
11536	1955.013	3.45e+19	0	0	100000	1.9448694	9.809e-06	0.7679	0.07483	5.264e-07	5.608	2.475e+04	144.9	0.0007195	0.2536	4.505e-09	0.006862	0	0.0001624	5.902e-13	1.413e-19	8.049e-26	1.073e-25	1.342e-25	1.65e-07	7.843e-08	9.031e-10	0.6484	9.498e-10	2.757e-23	3.941	7.25e-06	2.467e-06	1.115e-06	0	0	0	0	0	0	0	0	0	0	0	0	0	0	0	0	0	0	0	0	0	0	0	3.609e+04	0	0	0	0	0	0	0	0	0	0	0	0	0	0	0	1.728e+05	0	0	0	0	0	0	0	0	0	0	0	0	0	0	0	0	0	0	0	0	0	0	0	
11564	1955.013	3.45e+19	0	0	100000	1.9448961	9.821e-06	0.7695	0.07506	5.295e-07	5.625	2.482e+04	145.4	0.0007244	0.2546	4.528e-09	0.006889	0	0.0001635	5.921e-13	1.425e-19	8.074e-26	1.077e-25	1.346e-25	1.657e-07	7.882e-08	9.085e-10	0.6504	9.545e-10	2.774e-23	3.953	7.272e-06	2.475e-06	1.118e-06	0	0	0	0	0	0	0	0	0	0	0	0	0	0	0	0	0	0	0	0	0	0	0	3.618e+04	0	0	0	0	0	0	0	0	0	0	0	0	0	0	0	1.732e+05	0	0	0	0	0	0	0	0	0	0	0	0	0	0	0	0	0	0	0	0	0	0	0	
11592	1955.013	3.45e+19	0	0	100000	1.9449228	9.833e-06	0.7712	0.07529	5.326e-07	5.643	2.49e+04	145.8	0.0007294	0.2557	4.55e-09	0.006917	0	0.0001646	5.939e-13	1.438e-19	8.099e-26	1.08e-25	1.35e-25	1.664e-07	7.921e-08	9.138e-10	0.6524	9.592e-10	2.79e-23	3.966	7.294e-06	2.483e-06	1.121e-06	0	0	0	0	0	0	0	0	0	0	0	0	0	0	0	0	0	0	0	0	0	0	0	3.626e+04	0	0	0	0	0	0	0	0	0	0	0	0	0	0	0	1.736e+05	0	0	0	0	0	0	0	0	0	0	0	0	0	0	0	0	0	0	0	0	0	0	0	
11620	1955.013	3.45e+19	0	0	100000	1.9449495	9.845e-06	0.7728	0.07552	5.358e-07	5.66	2.498e+04	146.3	0.0007344	0.2567	4.572e-09	0.006945	0	0.0001658	5.957e-13	1.45e-19	8.124e-26	1.083e-25	1.354e-25	1.67e-07	7.96e-08	9.192e-10	0.6544	9.64e-10	2.806e-23	3.978	7.317e-06	2.49e-06	1.125e-06	0	0	0	0	0	0	0	0	0	0	0	0	0	0	0	0	0	0	0	0	0	0	0	3.635e+04	0	0	0	0	0	0	0	0	0	0	0	0	0	0	0	1.74e+05	0	0	0	0	0	0	0	0	0	0	0	0	0	0	0	0	0	0	0	0	0	0	0	
11648	1955.013	3.45e+19	0	0	100000	1.9449762	9.856e-06	0.7745	0.07575	5.389e-07	5.677	2.505e+04	146.7	0.0007394	0.2577	4.595e-09	0.006972	0	0.0001669	5.975e-13	1.463e-19	8.149e-26	1.086e-25	1.358e-25	1.677e-07	8e-08	9.246e-10	0.6563	9.687e-10	2.823e-23	3.99	7.339e-06	2.498e-06	1.128e-06	0	0	0	0	0	0	0	0	0	0	0	0	0	0	0	0	0	0	0	0	0	0	0	3.644e+04	0	0	0	0	0	0	0	0	0	0	0	0	0	0	0	1.745e+05	0	0	0	0	0	0	0	0	0	0	0	0	0	0	0	0	0	0	0	0	0	0	0	
11676	1955.013	3.45e+19	0	0	100000	1.9450029	9.868e-06	0.7761	0.07598	5.421e-07	5.694	2.513e+04	147.2	0.0007444	0.2587	4.618e-09	0.007	0	0.000168	5.993e-13	1.476e-19	8.173e-26	1.09e-25	1.362e-25	1.684e-07	8.039e-08	9.3e-10	0.6583	9.735e-10	2.839e-23	4.002	7.361e-06	2.506e-06	1.132e-06	0	0	0	0	0	0	0	0	0	0	0	0	0	0	0	0	0	0	0	0	0	0	0	3.653e+04	0	0	0	0	0	0	0	0	0	0	0	0	0	0	0	1.749e+05	0	0	0	0	0	0	0	0	0	0	0	0	0	0	0	0	0	0	0	0	0	0	0	
11704	1955.013	3.45e+19	0	0	100000	1.9450296	9.879e-06	0.7777	0.07621	5.453e-07	5.712	2.521e+04	147.6	0.0007495	0.2598	4.64e-09	0.007028	0	0.0001692	6.012e-13	1.488e-19	8.198e-26	1.093e-25	1.366e-25	1.69e-07	8.079e-08	9.355e-10	0.6603	9.783e-10	2.856e-23	4.014	7.384e-06	2.513e-06	1.135e-06	0	0	0	0	0	0	0	0	0	0	0	0	0	0	0	0	0	0	0	0	0	0	0	3.661e+04	0	0	0	0	0	0	0	0	0	0	0	0	0	0	0	1.753e+05	0	0	0	0	0	0	0	0	0	0	0	0	0	0	0	0	0	0	0	0	0	0	0	
11732	1955.013	3.45e+19	0	0	100000	1.9450563	9.891e-06	0.7794	0.07644	5.485e-07	5.729	2.528e+04	148.1	0.0007546	0.2608	4.663e-09	0.007056	0	0.0001703	6.03e-13	1.501e-19	8.223e-26	1.096e-25	1.371e-25	1.697e-07	8.118e-08	9.409e-10	0.6623	9.831e-10	2.873e-23	4.026	7.406e-06	2.521e-06	1.139e-06	0	0	0	0	0	0	0	0	0	0	0	0	0	0	0	0	0	0	0	0	0	0	0	3.67e+04	0	0	0	0	0	0	0	0	0	0	0	0	0	0	0	1.757e+05	0	0	0	0	0	0	0	0	0	0	0	0	0	0	0	0	0	0	0	0	0	0	0	
11760	1955.013	3.45e+19	0	0	100000	1.945083	9.902e-06	0.781	0.07668	5.517e-07	5.746	2.536e+04	148.5	0.0007597	0.2618	4.686e-09	0.007084	0	0.0001715	6.048e-13	1.514e-19	8.248e-26	1.1e-25	1.375e-25	1.704e-07	8.158e-08	9.464e-10	0.6642	9.879e-10	2.89e-23	4.039	7.429e-06	2.528e-06	1.142e-06	0	0	0	0	0	0	0	0	0	0	0	0	0	0	0	0	0	0	0	0	0	0	0	3.679e+04	0	0	0	0	0	0	0	0	0	0	0	0	0	0	0	1.761e+05	0	0	0	0	0	0	0	0	0	0	0	0	0	0	0	0	0	0	0	0	0	0	0	
11788	1955.013	3.45e+19	0	0	100000	1.9451097	9.913e-06	0.7826	0.07691	5.549e-07	5.764	2.543e+04	149	0.0007648	0.2629	4.709e-09	0.007112	0	0.0001726	6.066e-13	1.527e-19	8.273e-26	1.103e-25	1.379e-25	1.71e-07	8.198e-08	9.52e-10	0.6662	9.927e-10	2.906e-23	4.051	7.451e-06	2.536e-06	1.146e-06	0	0	0	0	0	0	0	0	0	0	0	0	0	0	0	0	0	0	0	0	0	0	0	3.688e+04	0	0	0	0	0	0	0	0	0	0	0	0	0	0	0	1.766e+05	0	0	0	0	0	0	0	0	0	0	0	0	0	0	0	0	0	0	0	0	0	0	0	
11816	1955.013	3.45e+19	0	0	100000	1.9451364	9.925e-06	0.7842	0.07714	5.581e-07	5.781	2.551e+04	149.4	0.00077	0.2639	4.732e-09	0.00714	0	0.0001738	6.085e-13	1.541e-19	8.298e-26	1.106e-25	1.383e-25	1.717e-07	8.238e-08	9.575e-10	0.6682	9.976e-10	2.923e-23	4.063	7.473e-06	2.544e-06	1.149e-06	0	0	0	0	0	0	0	0	0	0	0	0	0	0	0	0	0	0	0	0	0	0	0	3.696e+04	0	0	0	0	0	0	0	0	0	0	0	0	0	0	0	1.77e+05	0	0	0	0	0	0	0	0	0	0	0	0	0	0	0	0	0	0	0	0	0	0	0	
11844	1955.013	3.45e+19	0	0	100000	1.9451631	9.936e-06	0.7858	0.07737	5.614e-07	5.798	2.559e+04	149.9	0.0007752	0.2649	4.755e-09	0.007168	0	0.000175	6.103e-13	1.554e-19	8.322e-26	1.11e-25	1.387e-25	1.724e-07	8.278e-08	9.631e-10	0.6702	1.002e-09	2.94e-23	4.075	7.496e-06	2.551e-06	1.152e-06	0	0	0	0	0	0	0	0	0	0	0	0	0	0	0	0	0	0	0	0	0	0	0	3.705e+04	0	0	0	0	0	0	0	0	0	0	0	0	0	0	0	1.774e+05	0	0	0	0	0	0	0	0	0	0	0	0	0	0	0	0	0	0	0	0	0	0	0	
11872	1955.013	3.45e+19	0	0	100000	1.9451898	9.947e-06	0.7874	0.0776	5.646e-07	5.816	2.566e+04	150.3	0.0007805	0.266	4.778e-09	0.007196	0	0.0001761	6.121e-13	1.567e-19	8.347e-26	1.113e-25	1.391e-25	1.731e-07	8.318e-08	9.687e-10	0.6722	1.007e-09	2.957e-23	4.087	7.518e-06	2.559e-06	1.156e-06	0	0	0	0	0	0	0	0	0	0	0	0	0	0	0	0	0	0	0	0	0	0	0	3.714e+04	0	0	0	0	0	0	0	0	0	0	0	0	0	0	0	1.778e+05	0	0	0	0	0	0	0	0	0	0	0	0	0	0	0	0	0	0	0	0	0	0	0	
11900	1955.013	3.45e+19	0	0	100000	1.9452165	9.958e-06	0.789	0.07783	5.679e-07	5.833	2.574e+04	150.8	0.0007857	0.267	4.801e-09	0.007224	0	0.0001773	6.139e-13	1.581e-19	8.372e-26	1.116e-25	1.395e-25	1.738e-07	8.359e-08	9.743e-10	0.6741	1.012e-09	2.975e-23	4.099	7.54e-06	2.567e-06	1.159e-06	0	0	0	0	0	0	0	0	0	0	0	0	0	0	0	0	0	0	0	0	0	0	0	3.723e+04	0	0	0	0	0	0	0	0	0	0	0	0	0	0	0	1.782e+05	0	0	0	0	0	0	0	0	0	0	0	0	0	0	0	0	0	0	0	0	0	0	0	
11928	1955.013	3.45e+19	0	0	100000	1.9452432	9.969e-06	0.7906	0.07806	5.712e-07	5.85	2.582e+04	151.2	0.000791	0.2681	4.825e-09	0.007253	0	0.0001785	6.157e-13	1.595e-19	8.397e-26	1.12e-25	1.4e-25	1.744e-07	8.4e-08	9.8e-10	0.6761	1.017e-09	2.992e-23	4.112	7.563e-06	2.574e-06	1.163e-06	0	0	0	0	0	0	0	0	0	0	0	0	0	0	0	0	0	0	0	0	0	0	0	3.732e+04	0	0	0	0	0	0	0	0	0	0	0	0	0	0	0	1.787e+05	0	0	0	0	0	0	0	0	0	0	0	0	0	0	0	0	0	0	0	0	0	0	0	
11956	1955.013	3.45e+19	0	0	100000	1.9452699	9.979e-06	0.7922	0.07829	5.745e-07	5.868	2.589e+04	151.7	0.0007963	0.2691	4.848e-09	0.007281	0	0.0001797	6.176e-13	1.608e-19	8.422e-26	1.123e-25	1.404e-25	1.751e-07	8.44e-08	9.856e-10	0.6781	1.022e-09	3.009e-23	4.124	7.585e-06	2.582e-06	1.166e-06	0	0	0	0	0	0	0	0	0	0	0	0	0	0	0	0	0	0	0	0	0	0	0	3.74e+04	0	0	0	0	0	0	0	0	0	0	0	0	0	0	0	1.791e+05	0	0	0	0	0	0	0	0	0	0	0	0	0	0	0	0	0	0	0	0	0	0	0	
11984	1955.013	3.45e+19	0	0	100000	1.9452966	9.99e-06	0.7938	0.07853	5.778e-07	5.885	2.597e+04	152.1	0.0008017	0.2702	4.872e-09	0.007309	0	0.0001809	6.194e-13	1.622e-19	8.447e-26	1.126e-25	1.408e-25	1.758e-07	8.481e-08	9.913e-10	0.6801	1.027e-09	3.027e-23	4.136	7.608e-06	2.589e-06	1.17e-06	0	0	0	0	0	0	0	0	0	0	0	0	0	0	0	0	0	0	0	0	0	0	0	3.749e+04	0	0	0	0	0	0	0	0	0	0	0	0	0	0	0	1.795e+05	0	0	0	0	0	0	0	0	0	0	0	0	0	0	0	0	0	0	0	0	0	0	0	
12012	1955.013	3.45e+19	0	0	100000	1.9453233	1e-05	0.7954	0.07876	5.812e-07	5.902	2.605e+04	152.6	0.0008071	0.2712	4.895e-09	0.007338	0	0.0001821	6.212e-13	1.636e-19	8.472e-26	1.13e-25	1.412e-25	1.765e-07	8.522e-08	9.971e-10	0.682	1.032e-09	3.044e-23	4.148	7.63e-06	2.597e-06	1.173e-06	0	0	0	0	0	0	0	0	0	0	0	0	0	0	0	0	0	0	0	0	0	0	0	3.758e+04	0	0	0	0	0	0	0	0	0	0	0	0	0	0	0	1.799e+05	0	0	0	0	0	0	0	0	0	0	0	0	0	0	0	0	0	0	0	0	0	0	0	
12040	1955.013	3.45e+19	0	0	100000	1.94535	1.001e-05	0.797	0.07899	5.845e-07	5.92	2.612e+04	153	0.0008125	0.2723	4.919e-09	0.007366	0	0.0001834	6.23e-13	1.65e-19	8.497e-26	1.133e-25	1.416e-25	1.772e-07	8.563e-08	1.003e-09	0.684	1.037e-09	3.062e-23	4.16	7.652e-06	2.605e-06	1.177e-06	0	0	0	0	0	0	0	0	0	0	0	0	0	0	0	0	0	0	0	0	0	0	0	3.767e+04	0	0	0	0	0	0	0	0	0	0	0	0	0	0	0	1.803e+05	0	0	0	0	0	0	0	0	0	0	0	0	0	0	0	0	0	0	0	0	0	0	0	
12068	1955.013	3.45e+19	0	0	100000	1.9453767	1.002e-05	0.7986	0.07922	5.879e-07	5.937	2.62e+04	153.5	0.000818	0.2733	4.942e-09	0.007395	0	0.0001846	6.249e-13	1.665e-19	8.521e-26	1.136e-25	1.42e-25	1.778e-07	8.604e-08	1.009e-09	0.686	1.042e-09	3.079e-23	4.173	7.675e-06	2.612e-06	1.18e-06	0	0	0	0	0	0	0	0	0	0	0	0	0	0	0	0	0	0	0	0	0	0	0	3.775e+04	0	0	0	0	0	0	0	0	0	0	0	0	0	0	0	1.808e+05	0	0	0	0	0	0	0	0	0	0	0	0	0	0	0	0	0	0	0	0	0	0	0	
12096	1955.013	3.45e+19	0	0	100000	1.9454034	1.003e-05	0.8002	0.07945	5.913e-07	5.954	2.628e+04	153.9	0.0008234	0.2744	4.966e-09	0.007423	0	0.0001858	6.267e-13	1.679e-19	8.546e-26	1.14e-25	1.424e-25	1.785e-07	8.646e-08	1.014e-09	0.688	1.047e-09	3.097e-23	4.185	7.697e-06	2.62e-06	1.183e-06	0	0	0	0	0	0	0	0	0	0	0	0	0	0	0	0	0	0	0	0	0	0	0	3.784e+04	0	0	0	0	0	0	0	0	0	0	0	0	0	0	0	1.812e+05	0	0	0	0	0	0	0	0	0	0	0	0	0	0	0	0	0	0	0	0	0	0	0	
12124	1955.013	3.45e+19	0	0	100000	1.9454301	1.004e-05	0.8017	0.07968	5.947e-07	5.972	2.635e+04	154.4	0.000829	0.2754	4.99e-09	0.007452	0	0.0001871	6.285e-13	1.693e-19	8.571e-26	1.143e-25	1.429e-25	1.792e-07	8.687e-08	1.02e-09	0.6899	1.052e-09	3.115e-23	4.197	7.72e-06	2.628e-06	1.187e-06	0	0	0	0	0	0	0	0	0	0	0	0	0	0	0	0	0	0	0	0	0	0	0	3.793e+04	0	0	0	0	0	0	0	0	0	0	0	0	0	0	0	1.816e+05	0	0	0	0	0	0	0	0	0	0	0	0	0	0	0	0	0	0	0	0	0	0	0	
12152	1955.013	3.45e+19	0	0	100000	1.9454568	1.005e-05	0.8033	0.07991	5.981e-07	5.989	2.643e+04	154.8	0.0008345	0.2765	5.014e-09	0.007481	0	0.0001883	6.303e-13	1.708e-19	8.596e-26	1.146e-25	1.433e-25	1.799e-07	8.729e-08	1.026e-09	0.6919	1.057e-09	3.133e-23	4.209	7.742e-06	2.635e-06	1.19e-06	0	0	0	0	0	0	0	0	0	0	0	0	0	0	0	0	0	0	0	0	0	0	0	3.802e+04	0	0	0	0	0	0	0	0	0	0	0	0	0	0	0	1.82e+05	0	0	0	0	0	0	0	0	0	0	0	0	0	0	0	0	0	0	0	0	0	0	0	
12180	1955.013	3.45e+19	0	0	100000	1.9454835	1.006e-05	0.8049	0.08014	6.015e-07	6.006	2.651e+04	155.2	0.0008401	0.2776	5.038e-09	0.007509	0	0.0001896	6.322e-13	1.722e-19	8.621e-26	1.149e-25	1.437e-25	1.806e-07	8.771e-08	1.032e-09	0.6939	1.062e-09	3.151e-23	4.221	7.765e-06	2.643e-06	1.194e-06	0	0	0	0	0	0	0	0	0	0	0	0	0	0	0	0	0	0	0	0	0	0	0	3.81e+04	0	0	0	0	0	0	0	0	0	0	0	0	0	0	0	1.824e+05	0	0	0	0	0	0	0	0	0	0	0	0	0	0	0	0	0	0	0	0	0	0	0	
12208	1955.013	3.45e+19	0	0	100000	1.9455102	1.007e-05	0.8064	0.08038	6.049e-07	6.024	2.658e+04	155.7	0.0008457	0.2786	5.062e-09	0.007538	0	0.0001908	6.34e-13	1.737e-19	8.646e-26	1.153e-25	1.441e-25	1.813e-07	8.813e-08	1.038e-09	0.6959	1.067e-09	3.169e-23	4.233	7.787e-06	2.65e-06	1.197e-06	0	0	0	0	0	0	0	0	0	0	0	0	0	0	0	0	0	0	0	0	0	0	0	3.819e+04	0	0	0	0	0	0	0	0	0	0	0	0	0	0	0	1.828e+05	0	0	0	0	0	0	0	0	0	0	0	0	0	0	0	0	0	0	0	0	0	0	0	
12236	1955.013	3.45e+19	0	0	100000	1.9455369	1.008e-05	0.808	0.08061	6.084e-07	6.041	2.666e+04	156.1	0.0008513	0.2797	5.086e-09	0.007567	0	0.0001921	6.358e-13	1.752e-19	8.671e-26	1.156e-25	1.445e-25	1.82e-07	8.855e-08	1.044e-09	0.6979	1.072e-09	3.187e-23	4.246	7.809e-06	2.658e-06	1.201e-06	0	0	0	0	0	0	0	0	0	0	0	0	0	0	0	0	0	0	0	0	0	0	0	3.828e+04	0	0	0	0	0	0	0	0	0	0	0	0	0	0	0	1.833e+05	0	0	0	0	0	0	0	0	0	0	0	0	0	0	0	0	0	0	0	0	0	0	0	
12264	1955.013	3.45e+19	0	0	100000	1.9455636	1.009e-05	0.8096	0.08084	6.119e-07	6.058	2.674e+04	156.6	0.000857	0.2808	5.11e-09	0.007596	0	0.0001934	6.376e-13	1.767e-19	8.696e-26	1.159e-25	1.449e-25	1.827e-07	8.897e-08	1.05e-09	0.6998	1.077e-09	3.205e-23	4.258	7.832e-06	2.666e-06	1.204e-06	0	0	0	0	0	0	0	0	0	0	0	0	0	0	0	0	0	0	0	0	0	0	0	3.837e+04	0	0	0	0	0	0	0	0	0	0	0	0	0	0	0	1.837e+05	0	0	0	0	0	0	0	0	0	0	0	0	0	0	0	0	0	0	0	0	0	0	0	
12292	1955.013	3.45e+19	0	0	100000	1.9455903	1.01e-05	0.8111	0.08107	6.154e-07	6.076	2.681e+04	157	0.0008627	0.2818	5.135e-09	0.007625	0	0.0001947	6.395e-13	1.782e-19	8.721e-26	1.163e-25	1.453e-25	1.834e-07	8.939e-08	1.056e-09	0.7018	1.082e-09	3.223e-23	4.27	7.854e-06	2.673e-06	1.208e-06	0	0	0	0	0	0	0	0	0	0	0	0	0	0	0	0	0	0	0	0	0	0	0	3.845e+04	0	0	0	0	0	0	0	0	0	0	0	0	0	0	0	1.841e+05	0	0	0	0	0	0	0	0	0	0	0	0	0	0	0	0	0	0	0	0	0	0	0	
12320	1955.013	3.45e+19	0	0	100000	1.945617	1.011e-05	0.8127	0.0813	6.189e-07	6.093	2.689e+04	157.5	0.0008684	0.2829	5.159e-09	0.007654	0	0.000196	6.413e-13	1.797e-19	8.746e-26	1.166e-25	1.458e-25	1.841e-07	8.982e-08	1.062e-09	0.7038	1.088e-09	3.242e-23	4.282	7.877e-06	2.681e-06	1.211e-06	0	0	0	0	0	0	0	0	0	0	0	0	0	0	0	0	0	0	0	0	0	0	0	3.854e+04	0	0	0	0	0	0	0	0	0	0	0	0	0	0	0	1.845e+05	0	0	0	0	0	0	0	0	0	0	0	0	0	0	0	0	0	0	0	0	0	0	0	
12348	1955.013	3.45e+19	0	0	100000	1.9456437	1.012e-05	0.8142	0.08153	6.224e-07	6.11	2.696e+04	157.9	0.0008742	0.284	5.184e-09	0.007683	0	0.0001973	6.431e-13	1.813e-19	8.77e-26	1.169e-25	1.462e-25	1.848e-07	9.024e-08	1.068e-09	0.7058	1.093e-09	3.26e-23	4.294	7.899e-06	2.689e-06	1.214e-06	0	0	0	0	0	0	0	0	0	0	0	0	0	0	0	0	0	0	0	0	0	0	0	3.863e+04	0	0	0	0	0	0	0	0	0	0	0	0	0	0	0	1.849e+05	0	0	0	0	0	0	0	0	0	0	0	0	0	0	0	0	0	0	0	0	0	0	0	
12376	1955.013	3.45e+19	0	0	100000	1.9456704	1.013e-05	0.8158	0.08177	6.259e-07	6.128	2.704e+04	158.4	0.00088	0.285	5.208e-09	0.007712	0	0.0001986	6.45e-13	1.828e-19	8.795e-26	1.173e-25	1.466e-25	1.855e-07	9.067e-08	1.074e-09	0.7078	1.098e-09	3.279e-23	4.307	7.922e-06	2.696e-06	1.218e-06	0	0	0	0	0	0	0	0	0	0	0	0	0	0	0	0	0	0	0	0	0	0	0	3.872e+04	0	0	0	0	0	0	0	0	0	0	0	0	0	0	0	1.854e+05	0	0	0	0	0	0	0	0	0	0	0	0	0	0	0	0	0	0	0	0	0	0	0	
12404	1955.013	3.45e+19	0	0	100000	1.9456971	1.014e-05	0.8173	0.082	6.295e-07	6.145	2.712e+04	158.8	0.0008858	0.2861	5.233e-09	0.007741	0	0.0001999	6.468e-13	1.844e-19	8.82e-26	1.176e-25	1.47e-25	1.862e-07	9.11e-08	1.08e-09	0.7097	1.103e-09	3.297e-23	4.319	7.944e-06	2.704e-06	1.221e-06	0	0	0	0	0	0	0	0	0	0	0	0	0	0	0	0	0	0	0	0	0	0	0	3.88e+04	0	0	0	0	0	0	0	0	0	0	0	0	0	0	0	1.858e+05	0	0	0	0	0	0	0	0	0	0	0	0	0	0	0	0	0	0	0	0	0	0	0	
12432	1955.013	3.45e+19	0	0	100000	1.9457238	1.015e-05	0.8188	0.08223	6.331e-07	6.163	2.719e+04	159.3	0.0008917	0.2872	5.258e-09	0.00777	0	0.0002012	6.486e-13	1.86e-19	8.845e-26	1.179e-25	1.474e-25	1.869e-07	9.153e-08	1.086e-09	0.7117	1.108e-09	3.316e-23	4.331	7.966e-06	2.712e-06	1.225e-06	0	0	0	0	0	0	0	0	0	0	0	0	0	0	0	0	0	0	0	0	0	0	0	3.889e+04	0	0	0	0	0	0	0	0	0	0	0	0	0	0	0	1.862e+05	0	0	0	0	0	0	0	0	0	0	0	0	0	0	0	0	0	0	0	0	0	0	0	
12460	1955.013	3.45e+19	0	0	100000	1.9457505	1.016e-05	0.8204	0.08246	6.366e-07	6.18	2.727e+04	159.7	0.0008976	0.2883	5.282e-09	0.0078	0	0.0002025	6.504e-13	1.875e-19	8.87e-26	1.183e-25	1.478e-25	1.876e-07	9.196e-08	1.092e-09	0.7137	1.114e-09	3.335e-23	4.343	7.989e-06	2.719e-06	1.228e-06	0	0	0	0	0	0	0	0	0	0	0	0	0	0	0	0	0	0	0	0	0	0	0	3.898e+04	0	0	0	0	0	0	0	0	0	0	0	0	0	0	0	1.866e+05	0	0	0	0	0	0	0	0	0	0	0	0	0	0	0	0	0	0	0	0	0	0	0	
12488	1955.013	3.45e+19	0	0	100000	1.9457772	1.017e-05	0.8219	0.08269	6.402e-07	6.197	2.735e+04	160.2	0.0009035	0.2894	5.307e-09	0.007829	0	0.0002039	6.523e-13	1.891e-19	8.895e-26	1.186e-25	1.483e-25	1.883e-07	9.239e-08	1.098e-09	0.7157	1.119e-09	3.354e-23	4.355	8.011e-06	2.727e-06	1.232e-06	0	0	0	0	0	0	0	0	0	0	0	0	0	0	0	0	0	0	0	0	0	0	0	3.907e+04	0	0	0	0	0	0	0	0	0	0	0	0	0	0	0	1.87e+05	0	0	0	0	0	0	0	0	0	0	0	0	0	0	0	0	0	0	0	0	0	0	0	
12516	1955.013	3.45e+19	0	0	100000	1.9458039	1.018e-05	0.8234	0.08292	6.439e-07	6.215	2.742e+04	160.6	0.0009095	0.2905	5.332e-09	0.007858	0	0.0002052	6.541e-13	1.907e-19	8.92e-26	1.189e-25	1.487e-25	1.89e-07	9.283e-08	1.105e-09	0.7177	1.124e-09	3.373e-23	4.368	8.034e-06	2.734e-06	1.235e-06	0	0	0	0	0	0	0	0	0	0	0	0	0	0	0	0	0	0	0	0	0	0	0	3.915e+04	0	0	0	0	0	0	0	0	0	0	0	0	0	0	0	1.875e+05	0	0	0	0	0	0	0	0	0	0	0	0	0	0	0	0	0	0	0	0	0	0	0	
12544	1955.013	3.45e+19	0	0	100000	1.9458306	1.019e-05	0.8249	0.08316	6.475e-07	6.232	2.75e+04	161.1	0.0009155	0.2915	5.357e-09	0.007888	0	0.0002066	6.559e-13	1.924e-19	8.945e-26	1.193e-25	1.491e-25	1.897e-07	9.326e-08	1.111e-09	0.7196	1.129e-09	3.392e-23	4.38	8.056e-06	2.742e-06	1.239e-06	0	0	0	0	0	0	0	0	0	0	0	0	0	0	0	0	0	0	0	0	0	0	0	3.924e+04	0	0	0	0	0	0	0	0	0	0	0	0	0	0	0	1.879e+05	0	0	0	0	0	0	0	0	0	0	0	0	0	0	0	0	0	0	0	0	0	0	0	
12572	1955.013	3.45e+19	0	0	100000	1.9458573	1.02e-05	0.8265	0.08339	6.511e-07	6.249	2.758e+04	161.5	0.0009215	0.2926	5.382e-09	0.007917	0	0.0002079	6.577e-13	1.94e-19	8.97e-26	1.196e-25	1.495e-25	1.904e-07	9.37e-08	1.117e-09	0.7216	1.135e-09	3.411e-23	4.392	8.079e-06	2.75e-06	1.242e-06	0	0	0	0	0	0	0	0	0	0	0	0	0	0	0	0	0	0	0	0	0	0	0	3.933e+04	0	0	0	0	0	0	0	0	0	0	0	0	0	0	0	1.883e+05	0	0	0	0	0	0	0	0	0	0	0	0	0	0	0	0	0	0	0	0	0	0	0	
12600	1955.013	3.45e+19	0	0	100000	1.945884	1.021e-05	0.828	0.08362	6.548e-07	6.267	2.765e+04	162	0.0009276	0.2937	5.407e-09	0.007947	0	0.0002093	6.596e-13	1.956e-19	8.995e-26	1.199e-25	1.499e-25	1.911e-07	9.414e-08	1.123e-09	0.7236	1.14e-09	3.43e-23	4.404	8.101e-06	2.757e-06	1.246e-06	0	0	0	0	0	0	0	0	0	0	0	0	0	0	0	0	0	0	0	0	0	0	0	3.942e+04	0	0	0	0	0	0	0	0	0	0	0	0	0	0	0	1.887e+05	0	0	0	0	0	0	0	0	0	0	0	0	0	0	0	0	0	0	0	0	0	0	0	
12628	1955.013	3.45e+19	0	0	100000	1.9459107	1.021e-05	0.8295	0.08385	6.585e-07	6.284	2.773e+04	162.4	0.0009337	0.2948	5.433e-09	0.007976	0	0.0002107	6.614e-13	1.973e-19	9.02e-26	1.203e-25	1.503e-25	1.918e-07	9.458e-08	1.13e-09	0.7256	1.145e-09	3.449e-23	4.416	8.124e-06	2.765e-06	1.249e-06	0	0	0	0	0	0	0	0	0	0	0	0	0	0	0	0	0	0	0	0	0	0	0	3.951e+04	0	0	0	0	0	0	0	0	0	0	0	0	0	0	0	1.891e+05	0	0	0	0	0	0	0	0	0	0	0	0	0	0	0	0	0	0	0	0	0	0	0	
12656	1955.013	3.45e+19	0	0	100000	1.9459374	1.022e-05	0.831	0.08408	6.622e-07	6.301	2.781e+04	162.9	0.0009398	0.2959	5.458e-09	0.008006	0	0.000212	6.632e-13	1.99e-19	9.045e-26	1.206e-25	1.507e-25	1.925e-07	9.502e-08	1.136e-09	0.7275	1.151e-09	3.469e-23	4.429	8.146e-06	2.773e-06	1.252e-06	0	0	0	0	0	0	0	0	0	0	0	0	0	0	0	0	0	0	0	0	0	0	0	3.959e+04	0	0	0	0	0	0	0	0	0	0	0	0	0	0	0	1.896e+05	0	0	0	0	0	0	0	0	0	0	0	0	0	0	0	0	0	0	0	0	0	0	0	
12684	1955.013	3.45e+19	0	0	100000	1.9459641	1.023e-05	0.8325	0.08431	6.659e-07	6.319	2.788e+04	163.3	0.000946	0.297	5.483e-09	0.008036	0	0.0002134	6.651e-13	2.007e-19	9.07e-26	1.209e-25	1.512e-25	1.933e-07	9.546e-08	1.142e-09	0.7295	1.156e-09	3.488e-23	4.441	8.169e-06	2.78e-06	1.256e-06	0	0	0	0	0	0	0	0	0	0	0	0	0	0	0	0	0	0	0	0	0	0	0	3.968e+04	0	0	0	0	0	0	0	0	0	0	0	0	0	0	0	1.9e+05	0	0	0	0	0	0	0	0	0	0	0	0	0	0	0	0	0	0	0	0	0	0	0	
12712	1955.013	3.45e+19	0	0	100000	1.9459908	1.024e-05	0.834	0.08455	6.696e-07	6.336	2.796e+04	163.8	0.0009522	0.2981	5.509e-09	0.008065	0	0.0002148	6.669e-13	2.024e-19	9.094e-26	1.213e-25	1.516e-25	1.94e-07	9.591e-08	1.149e-09	0.7315	1.161e-09	3.508e-23	4.453	8.191e-06	2.788e-06	1.259e-06	0	0	0	0	0	0	0	0	0	0	0	0	0	0	0	0	0	0	0	0	0	0	0	3.977e+04	0	0	0	0	0	0	0	0	0	0	0	0	0	0	0	1.904e+05	0	0	0	0	0	0	0	0	0	0	0	0	0	0	0	0	0	0	0	0	0	0	0	
12740	1955.013	3.45e+19	0	0	100000	1.9460175	1.025e-05	0.8355	0.08478	6.734e-07	6.354	2.804e+04	164.2	0.0009584	0.2992	5.535e-09	0.008095	0	0.0002162	6.687e-13	2.041e-19	9.119e-26	1.216e-25	1.52e-25	1.947e-07	9.635e-08	1.155e-09	0.7335	1.167e-09	3.527e-23	4.465	8.213e-06	2.796e-06	1.263e-06	0	0	0	0	0	0	0	0	0	0	0	0	0	0	0	0	0	0	0	0	0	0	0	3.986e+04	0	0	0	0	0	0	0	0	0	0	0	0	0	0	0	1.908e+05	0	0	0	0	0	0	0	0	0	0	0	0	0	0	0	0	0	0	0	0	0	0	0	
12768	1955.013	3.45e+19	0	0	100000	1.9460442	1.026e-05	0.837	0.08501	6.772e-07	6.371	2.811e+04	164.7	0.0009647	0.3003	5.56e-09	0.008125	0	0.0002176	6.705e-13	2.058e-19	9.144e-26	1.219e-25	1.524e-25	1.954e-07	9.68e-08	1.162e-09	0.7355	1.172e-09	3.547e-23	4.478	8.236e-06	2.803e-06	1.266e-06	0	0	0	0	0	0	0	0	0	0	0	0	0	0	0	0	0	0	0	0	0	0	0	3.994e+04	0	0	0	0	0	0	0	0	0	0	0	0	0	0	0	1.912e+05	0	0	0	0	0	0	0	0	0	0	0	0	0	0	0	0	0	0	0	0	0	0	0	
12796	1955.013	3.45e+19	0	0	100000	1.9460709	1.027e-05	0.8385	0.08524	6.809e-07	6.388	2.819e+04	165.1	0.000971	0.3014	5.586e-09	0.008155	0	0.0002191	6.724e-13	2.075e-19	9.169e-26	1.223e-25	1.528e-25	1.961e-07	9.725e-08	1.168e-09	0.7375	1.178e-09	3.567e-23	4.49	8.258e-06	2.811e-06	1.27e-06	0	0	0	0	0	0	0	0	0	0	0	0	0	0	0	0	0	0	0	0	0	0	0	4.003e+04	0	0	0	0	0	0	0	0	0	0	0	0	0	0	0	1.917e+05	0	0	0	0	0	0	0	0	0	0	0	0	0	0	0	0	0	0	0	0	0	0	0	
12824	1955.013	3.45e+19	0	0	100000	1.9460976	1.028e-05	0.8399	0.08547	6.847e-07	6.406	2.827e+04	165.6	0.0009774	0.3025	5.612e-09	0.008185	0	0.0002205	6.742e-13	2.093e-19	9.194e-26	1.226e-25	1.532e-25	1.968e-07	9.77e-08	1.175e-09	0.7394	1.183e-09	3.587e-23	4.502	8.281e-06	2.819e-06	1.273e-06	0	0	0	0	0	0	0	0	0	0	0	0	0	0	0	0	0	0	0	0	0	0	0	4.012e+04	0	0	0	0	0	0	0	0	0	0	0	0	0	0	0	1.921e+05	0	0	0	0	0	0	0	0	0	0	0	0	0	0	0	0	0	0	0	0	0	0	0	
12852	1955.013	3.45e+19	0	0	100000	1.9461243	1.028e-05	0.8414	0.08571	6.886e-07	6.423	2.834e+04	166	0.0009838	0.3036	5.638e-09	0.008215	0	0.0002219	6.76e-13	2.111e-19	9.219e-26	1.229e-25	1.537e-25	1.976e-07	9.815e-08	1.181e-09	0.7414	1.189e-09	3.607e-23	4.514	8.303e-06	2.826e-06	1.277e-06	0	0	0	0	0	0	0	0	0	0	0	0	0	0	0	0	0	0	0	0	0	0	0	4.021e+04	0	0	0	0	0	0	0	0	0	0	0	0	0	0	0	1.925e+05	0	0	0	0	0	0	0	0	0	0	0	0	0	0	0	0	0	0	0	0	0	0	0	
12880	1955.013	3.45e+19	0	0	100000	1.946151	1.029e-05	0.8429	0.08594	6.924e-07	6.441	2.842e+04	166.5	0.0009902	0.3047	5.664e-09	0.008245	0	0.0002234	6.779e-13	2.128e-19	9.244e-26	1.233e-25	1.541e-25	1.983e-07	9.86e-08	1.188e-09	0.7434	1.194e-09	3.627e-23	4.526	8.326e-06	2.834e-06	1.28e-06	0	0	0	0	0	0	0	0	0	0	0	0	0	0	0	0	0	0	0	0	0	0	0	4.029e+04	0	0	0	0	0	0	0	0	0	0	0	0	0	0	0	1.929e+05	0	0	0	0	0	0	0	0	0	0	0	0	0	0	0	0	0	0	0	0	0	0	0	
12908	1955.013	3.45e+19	0	0	100000	1.9461777	1.03e-05	0.8444	0.08617	6.962e-07	6.458	2.85e+04	166.9	0.0009966	0.3059	5.69e-09	0.008275	0	0.0002248	6.797e-13	2.146e-19	9.269e-26	1.236e-25	1.545e-25	1.99e-07	9.905e-08	1.194e-09	0.7454	1.2e-09	3.647e-23	4.539	8.348e-06	2.841e-06	1.284e-06	0	0	0	0	0	0	0	0	0	0	0	0	0	0	0	0	0	0	0	0	0	0	0	4.038e+04	0	0	0	0	0	0	0	0	0	0	0	0	0	0	0	1.933e+05	0	0	0	0	0	0	0	0	0	0	0	0	0	0	0	0	0	0	0	0	0	0	0	
12936	1955.013	3.45e+19	0	0	100000	1.9462044	1.031e-05	0.8458	0.0864	7.001e-07	6.475	2.858e+04	167.4	0.001003	0.307	5.716e-09	0.008305	0	0.0002263	6.815e-13	2.164e-19	9.294e-26	1.239e-25	1.549e-25	1.997e-07	9.951e-08	1.201e-09	0.7474	1.205e-09	3.667e-23	4.551	8.371e-06	2.849e-06	1.287e-06	0	0	0	0	0	0	0	0	0	0	0	0	0	0	0	0	0	0	0	0	0	0	0	4.047e+04	0	0	0	0	0	0	0	0	0	0	0	0	0	0	0	1.938e+05	0	0	0	0	0	0	0	0	0	0	0	0	0	0	0	0	0	0	0	0	0	0	0	
12964	1955.013	3.45e+19	0	0	100000	1.9462311	1.032e-05	0.8473	0.08663	7.04e-07	6.493	2.865e+04	167.8	0.00101	0.3081	5.742e-09	0.008335	0	0.0002278	6.833e-13	2.183e-19	9.319e-26	1.243e-25	1.553e-25	2.005e-07	9.997e-08	1.208e-09	0.7493	1.211e-09	3.688e-23	4.563	8.393e-06	2.857e-06	1.29e-06	0	0	0	0	0	0	0	0	0	0	0	0	0	0	0	0	0	0	0	0	0	0	0	4.056e+04	0	0	0	0	0	0	0	0	0	0	0	0	0	0	0	1.942e+05	0	0	0	0	0	0	0	0	0	0	0	0	0	0	0	0	0	0	0	0	0	0	0	
12992	1955.013	3.45e+19	0	0	100000	1.9462578	1.032e-05	0.8488	0.08687	7.079e-07	6.51	2.873e+04	168.3	0.001016	0.3092	5.769e-09	0.008366	0	0.0002292	6.852e-13	2.201e-19	9.344e-26	1.246e-25	1.557e-25	2.012e-07	1.004e-07	1.214e-09	0.7513	1.216e-09	3.708e-23	4.575	8.416e-06	2.864e-06	1.294e-06	0	0	0	0	0	0	0	0	0	0	0	0	0	0	0	0	0	0	0	0	0	0	0	4.064e+04	0	0	0	0	0	0	0	0	0	0	0	0	0	0	0	1.946e+05	0	0	0	0	0	0	0	0	0	0	0	0	0	0	0	0	0	0	0	0	0	0	0	
13020	1955.013	3.45e+19	0	0	100000	1.9462845	1.033e-05	0.8502	0.0871	7.118e-07	6.527	2.881e+04	168.7	0.001023	0.3103	5.795e-09	0.008396	0	0.0002307	6.87e-13	2.22e-19	9.369e-26	1.249e-25	1.561e-25	2.019e-07	1.009e-07	1.221e-09	0.7533	1.222e-09	3.729e-23	4.588	8.438e-06	2.872e-06	1.297e-06	0	0	0	0	0	0	0	0	0	0	0	0	0	0	0	0	0	0	0	0	0	0	0	4.073e+04	0	0	0	0	0	0	0	0	0	0	0	0	0	0	0	1.95e+05	0	0	0	0	0	0	0	0	0	0	0	0	0	0	0	0	0	0	0	0	0	0	0	
13048	1955.013	3.45e+19	0	0	100000	1.9463112	1.034e-05	0.8517	0.08733	7.158e-07	6.545	2.888e+04	169.2	0.001029	0.3115	5.822e-09	0.008426	0	0.0002322	6.888e-13	2.238e-19	9.394e-26	1.253e-25	1.566e-25	2.027e-07	1.013e-07	1.228e-09	0.7553	1.227e-09	3.749e-23	4.6	8.461e-06	2.88e-06	1.301e-06	0	0	0	0	0	0	0	0	0	0	0	0	0	0	0	0	0	0	0	0	0	0	0	4.082e+04	0	0	0	0	0	0	0	0	0	0	0	0	0	0	0	1.954e+05	0	0	0	0	0	0	0	0	0	0	0	0	0	0	0	0	0	0	0	0	0	0	0	
13076	1955.013	3.45e+19	0	0	100000	1.9463379	1.035e-05	0.8531	0.08756	7.197e-07	6.562	2.896e+04	169.6	0.001036	0.3126	5.848e-09	0.008457	0	0.0002337	6.907e-13	2.257e-19	9.419e-26	1.256e-25	1.57e-25	2.034e-07	1.018e-07	1.235e-09	0.7573	1.233e-09	3.77e-23	4.612	8.483e-06	2.887e-06	1.304e-06	0	0	0	0	0	0	0	0	0	0	0	0	0	0	0	0	0	0	0	0	0	0	0	4.091e+04	0	0	0	0	0	0	0	0	0	0	0	0	0	0	0	1.958e+05	0	0	0	0	0	0	0	0	0	0	0	0	0	0	0	0	0	0	0	0	0	0	0	
13104	1955.013	3.45e+19	0	0	100000	1.9463646	1.036e-05	0.8546	0.08779	7.237e-07	6.58	2.904e+04	170.1	0.001043	0.3137	5.875e-09	0.008487	0	0.0002352	6.925e-13	2.276e-19	9.444e-26	1.259e-25	1.574e-25	2.041e-07	1.023e-07	1.242e-09	0.7592	1.239e-09	3.791e-23	4.624	8.506e-06	2.895e-06	1.308e-06	0	0	0	0	0	0	0	0	0	0	0	0	0	0	0	0	0	0	0	0	0	0	0	4.099e+04	0	0	0	0	0	0	0	0	0	0	0	0	0	0	0	1.963e+05	0	0	0	0	0	0	0	0	0	0	0	0	0	0	0	0	0	0	0	0	0	0	0	
13132	1955.013	3.45e+19	0	0	100000	1.9463913	1.036e-05	0.856	0.08803	7.277e-07	6.597	2.911e+04	170.5	0.00105	0.3148	5.902e-09	0.008518	0	0.0002368	6.943e-13	2.295e-19	9.469e-26	1.263e-25	1.578e-25	2.049e-07	1.027e-07	1.248e-09	0.7612	1.244e-09	3.812e-23	4.636	8.528e-06	2.903e-06	1.311e-06	0	0	0	0	0	0	0	0	0	0	0	0	0	0	0	0	0	0	0	0	0	0	0	4.108e+04	0	0	0	0	0	0	0	0	0	0	0	0	0	0	0	1.967e+05	0	0	0	0	0	0	0	0	0	0	0	0	0	0	0	0	0	0	0	0	0	0	0	
13160	1955.013	3.45e+19	0	0	100000	1.946418	1.037e-05	0.8575	0.08826	7.317e-07	6.614	2.919e+04	171	0.001056	0.316	5.929e-09	0.008549	0	0.0002383	6.962e-13	2.314e-19	9.494e-26	1.266e-25	1.582e-25	2.056e-07	1.032e-07	1.255e-09	0.7632	1.25e-09	3.833e-23	4.649	8.551e-06	2.91e-06	1.315e-06	0	0	0	0	0	0	0	0	0	0	0	0	0	0	0	0	0	0	0	0	0	0	0	4.117e+04	0	0	0	0	0	0	0	0	0	0	0	0	0	0	0	1.971e+05	0	0	0	0	0	0	0	0	0	0	0	0	0	0	0	0	0	0	0	0	0	0	0	
13188	1955.013	3.45e+19	0	0	100000	1.9464447	1.038e-05	0.8589	0.08849	7.357e-07	6.632	2.927e+04	171.4	0.001063	0.3171	5.956e-09	0.008579	0	0.0002398	6.98e-13	2.334e-19	9.519e-26	1.269e-25	1.586e-25	2.063e-07	1.037e-07	1.262e-09	0.7652	1.255e-09	3.854e-23	4.661	8.573e-06	2.918e-06	1.318e-06	0	0	0	0	0	0	0	0	0	0	0	0	0	0	0	0	0	0	0	0	0	0	0	4.126e+04	0	0	0	0	0	0	0	0	0	0	0	0	0	0	0	1.975e+05	0	0	0	0	0	0	0	0	0	0	0	0	0	0	0	0	0	0	0	0	0	0	0	
13216	1955.013	3.45e+19	0	0	100000	1.9464714	1.039e-05	0.8603	0.08872	7.398e-07	6.649	2.934e+04	171.9	0.00107	0.3182	5.983e-09	0.00861	0	0.0002414	6.998e-13	2.353e-19	9.544e-26	1.272e-25	1.591e-25	2.071e-07	1.041e-07	1.269e-09	0.7672	1.261e-09	3.875e-23	4.673	8.596e-06	2.926e-06	1.322e-06	0	0	0	0	0	0	0	0	0	0	0	0	0	0	0	0	0	0	0	0	0	0	0	4.134e+04	0	0	0	0	0	0	0	0	0	0	0	0	0	0	0	1.979e+05	0	0	0	0	0	0	0	0	0	0	0	0	0	0	0	0	0	0	0	0	0	0	0	
13244	1955.013	3.45e+19	0	0	100000	1.9464981	1.039e-05	0.8618	0.08895	7.438e-07	6.667	2.942e+04	172.3	0.001077	0.3194	6.01e-09	0.008641	0	0.0002429	7.017e-13	2.373e-19	9.569e-26	1.276e-25	1.595e-25	2.078e-07	1.046e-07	1.276e-09	0.7691	1.267e-09	3.896e-23	4.685	8.618e-06	2.933e-06	1.325e-06	0	0	0	0	0	0	0	0	0	0	0	0	0	0	0	0	0	0	0	0	0	0	0	4.143e+04	0	0	0	0	0	0	0	0	0	0	0	0	0	0	0	1.984e+05	0	0	0	0	0	0	0	0	0	0	0	0	0	0	0	0	0	0	0	0	0	0	0	
13272	1955.013	3.45e+19	0	0	100000	1.9465248	1.04e-05	0.8632	0.08919	7.479e-07	6.684	2.95e+04	172.8	0.001084	0.3205	6.037e-09	0.008672	0	0.0002445	7.035e-13	2.393e-19	9.594e-26	1.279e-25	1.599e-25	2.086e-07	1.051e-07	1.283e-09	0.7711	1.273e-09	3.918e-23	4.698	8.641e-06	2.941e-06	1.328e-06	0	0	0	0	0	0	0	0	0	0	0	0	0	0	0	0	0	0	0	0	0	0	0	4.152e+04	0	0	0	0	0	0	0	0	0	0	0	0	0	0	0	1.988e+05	0	0	0	0	0	0	0	0	0	0	0	0	0	0	0	0	0	0	0	0	0	0	0	
13300	1955.013	3.45e+19	0	0	100000	1.9465515	1.041e-05	0.8646	0.08942	7.52e-07	6.701	2.957e+04	173.2	0.001091	0.3217	6.064e-09	0.008702	0	0.0002461	7.053e-13	2.413e-19	9.619e-26	1.282e-25	1.603e-25	2.093e-07	1.056e-07	1.29e-09	0.7731	1.278e-09	3.939e-23	4.71	8.663e-06	2.949e-06	1.332e-06	0	0	0	0	0	0	0	0	0	0	0	0	0	0	0	0	0	0	0	0	0	0	0	4.161e+04	0	0	0	0	0	0	0	0	0	0	0	0	0	0	0	1.992e+05	0	0	0	0	0	0	0	0	0	0	0	0	0	0	0	0	0	0	0	0	0	0	0	
13328	1955.013	3.45e+19	0	0	100000	1.9465782	1.041e-05	0.866	0.08965	7.561e-07	6.719	2.965e+04	173.7	0.001098	0.3228	6.092e-09	0.008733	0	0.0002476	7.072e-13	2.433e-19	9.644e-26	1.286e-25	1.607e-25	2.1e-07	1.06e-07	1.297e-09	0.7751	1.284e-09	3.961e-23	4.722	8.686e-06	2.956e-06	1.335e-06	0	0	0	0	0	0	0	0	0	0	0	0	0	0	0	0	0	0	0	0	0	0	0	4.17e+04	0	0	0	0	0	0	0	0	0	0	0	0	0	0	0	1.996e+05	0	0	0	0	0	0	0	0	0	0	0	0	0	0	0	0	0	0	0	0	0	0	0	
13356	1955.013	3.45e+19	0	0	100000	1.9466049	1.042e-05	0.8674	0.08988	7.603e-07	6.736	2.973e+04	174.1	0.001105	0.3239	6.119e-09	0.008764	0	0.0002492	7.09e-13	2.453e-19	9.669e-26	1.289e-25	1.611e-25	2.108e-07	1.065e-07	1.304e-09	0.7771	1.29e-09	3.982e-23	4.734	8.708e-06	2.964e-06	1.339e-06	0	0	0	0	0	0	0	0	0	0	0	0	0	0	0	0	0	0	0	0	0	0	0	4.178e+04	0	0	0	0	0	0	0	0	0	0	0	0	0	0	0	2e+05	0	0	0	0	0	0	0	0	0	0	0	0	0	0	0	0	0	0	0	0	0	0	0	
13384	1955.013	3.45e+19	0	0	100000	1.9466316	1.043e-05	0.8688	0.09012	7.644e-07	6.754	2.98e+04	174.6	0.001112	0.3251	6.147e-09	0.008795	0	0.0002508	7.108e-13	2.474e-19	9.694e-26	1.292e-25	1.616e-25	2.115e-07	1.07e-07	1.311e-09	0.7791	1.296e-09	4.004e-23	4.747	8.731e-06	2.972e-06	1.342e-06	0	0	0	0	0	0	0	0	0	0	0	0	0	0	0	0	0	0	0	0	0	0	0	4.187e+04	0	0	0	0	0	0	0	0	0	0	0	0	0	0	0	2.005e+05	0	0	0	0	0	0	0	0	0	0	0	0	0	0	0	0	0	0	0	0	0	0	0	
13412	1955.013	3.45e+19	0	0	100000	1.9466583	1.043e-05	0.8703	0.09035	7.686e-07	6.771	2.988e+04	175	0.001119	0.3262	6.174e-09	0.008827	0	0.0002524	7.127e-13	2.495e-19	9.719e-26	1.296e-25	1.62e-25	2.123e-07	1.075e-07	1.319e-09	0.781	1.302e-09	4.026e-23	4.759	8.753e-06	2.979e-06	1.346e-06	0	0	0	0	0	0	0	0	0	0	0	0	0	0	0	0	0	0	0	0	0	0	0	4.196e+04	0	0	0	0	0	0	0	0	0	0	0	0	0	0	0	2.009e+05	0	0	0	0	0	0	0	0	0	0	0	0	0	0	0	0	0	0	0	0	0	0	0	
13440	1955.013	3.45e+19	0	0	100000	1.946685	1.044e-05	0.8717	0.09058	7.728e-07	6.789	2.996e+04	175.5	0.001126	0.3274	6.202e-09	0.008858	0	0.000254	7.145e-13	2.515e-19	9.744e-26	1.299e-25	1.624e-25	2.13e-07	1.08e-07	1.326e-09	0.783	1.307e-09	4.048e-23	4.771	8.776e-06	2.987e-06	1.349e-06	0	0	0	0	0	0	0	0	0	0	0	0	0	0	0	0	0	0	0	0	0	0	0	4.205e+04	0	0	0	0	0	0	0	0	0	0	0	0	0	0	0	2.013e+05	0	0	0	0	0	0	0	0	0	0	0	0	0	0	0	0	0	0	0	0	0	0	0	
13468	1955.013	3.45e+19	0	0	100000	1.9467117	1.045e-05	0.8731	0.09081	7.77e-07	6.806	3.003e+04	175.9	0.001134	0.3286	6.23e-09	0.008889	0	0.0002557	7.163e-13	2.536e-19	9.769e-26	1.302e-25	1.628e-25	2.138e-07	1.085e-07	1.333e-09	0.785	1.313e-09	4.07e-23	4.783	8.798e-06	2.995e-06	1.353e-06	0	0	0	0	0	0	0	0	0	0	0	0	0	0	0	0	0	0	0	0	0	0	0	4.213e+04	0	0	0	0	0	0	0	0	0	0	0	0	0	0	0	2.017e+05	0	0	0	0	0	0	0	0	0	0	0	0	0	0	0	0	0	0	0	0	0	0	0	
13496	1955.013	3.45e+19	0	0	100000	1.9467384	1.046e-05	0.8745	0.09105	7.812e-07	6.823	3.011e+04	176.4	0.001141	0.3297	6.258e-09	0.00892	0	0.0002573	7.182e-13	2.557e-19	9.794e-26	1.306e-25	1.632e-25	2.145e-07	1.089e-07	1.34e-09	0.787	1.319e-09	4.092e-23	4.795	8.821e-06	3.002e-06	1.356e-06	0	0	0	0	0	0	0	0	0	0	0	0	0	0	0	0	0	0	0	0	0	0	0	4.222e+04	0	0	0	0	0	0	0	0	0	0	0	0	0	0	0	2.021e+05	0	0	0	0	0	0	0	0	0	0	0	0	0	0	0	0	0	0	0	0	0	0	0	
13524	1955.013	3.45e+19	0	0	100000	1.9467651	1.046e-05	0.8758	0.09128	7.855e-07	6.841	3.019e+04	176.8	0.001148	0.3309	6.286e-09	0.008952	0	0.000259	7.2e-13	2.579e-19	9.819e-26	1.309e-25	1.636e-25	2.153e-07	1.094e-07	1.348e-09	0.789	1.325e-09	4.114e-23	4.808	8.843e-06	3.01e-06	1.36e-06	0	0	0	0	0	0	0	0	0	0	0	0	0	0	0	0	0	0	0	0	0	0	0	4.231e+04	0	0	0	0	0	0	0	0	0	0	0	0	0	0	0	2.026e+05	0	0	0	0	0	0	0	0	0	0	0	0	0	0	0	0	0	0	0	0	0	0	0	
13552	1955.013	3.45e+19	0	0	100000	1.9467918	5.005e-06	0.4194	0.04375	3.775e-07	3.279	1.447e+04	84.75	0.0005524	0.1587	3.018e-09	0.004295	0	0.0001246	3.45e-13	1.243e-19	4.706e-26	6.275e-26	7.843e-26	1.033e-07	5.254e-08	6.477e-10	0.3781	6.363e-10	1.978e-23	2.304	4.238e-06	1.443e-06	6.516e-07	0	0	0	0	0	0	0	0	0	0	0	0	0	0	0	0	0	0	0	0	0	0	0	4.241e+04	0	0	0	0	0	0	0	0	0	0	0	0	0	0	0	2.03e+05	0	0	0	0	0	0	0	0	0	0	0	0	0	0	0	0	0	0	0	0	0	0	0	
13580	1955.013	3.45e+19	0	0	100000	1.9468185	5.002e-06	0.4195	0.04381	3.791e-07	3.283	1.449e+04	84.86	0.0005553	0.1591	3.028e-09	0.004304	0	0.0001252	3.455e-13	1.252e-19	4.712e-26	6.283e-26	7.854e-26	1.035e-07	5.272e-08	6.504e-10	0.3786	6.384e-10	1.986e-23	2.308	4.244e-06	1.445e-06	6.525e-07	0	0	0	0	0	0	0	0	0	0	0	0	0	0	0	0	0	0	0	0	0	0	0	4.25e+04	0	0	0	0	0	0	0	0	0	0	0	0	0	0	0	2.034e+05	0	0	0	0	0	0	0	0	0	0	0	0	0	0	0	0	0	0	0	0	0	0	0	
13608	1955.013	3.45e+19	0	0	100000	1.9468452	5.001e-06	0.4199	0.04389	3.809e-07	3.289	1.452e+04	85.02	0.0005584	0.1596	3.04e-09	0.004317	0	0.0001259	3.462e-13	1.261e-19	4.721e-26	6.295e-26	7.868e-26	1.038e-07	5.292e-08	6.535e-10	0.3793	6.408e-10	1.995e-23	2.312	4.252e-06	1.447e-06	6.537e-07	0	0	0	0	0	0	0	0	0	0	0	0	0	0	0	0	0	0	0	0	0	0	0	4.258e+04	0	0	0	0	0	0	0	0	0	0	0	0	0	0	0	2.038e+05	0	0	0	0	0	0	0	0	0	0	0	0	0	0	0	0	0	0	0	0	0	0	0	
13636	1955.013	3.45e+19	0	0	100000	1.9468719	5.003e-06	0.4205	0.04399	3.829e-07	3.297	1.455e+04	85.21	0.0005619	0.1601	3.053e-09	0.004331	0	0.0001267	3.469e-13	1.272e-19	4.732e-26	6.309e-26	7.886e-26	1.041e-07	5.314e-08	6.569e-10	0.3802	6.435e-10	2.006e-23	2.317	4.262e-06	1.451e-06	6.552e-07	0	0	0	0	0	0	0	0	0	0	0	0	0	0	0	0	0	0	0	0	0	0	0	4.267e+04	0	0	0	0	0	0	0	0	0	0	0	0	0	0	0	2.042e+05	0	0	0	0	0	0	0	0	0	0	0	0	0	0	0	0	0	0	0	0	0	0	0	
13664	1955.013	3.45e+19	0	0	100000	1.9468986	5.007e-06	0.4212	0.04411	3.85e-07	3.305	1.459e+04	85.44	0.0005655	0.1606	3.067e-09	0.004346	0	0.0001275	3.479e-13	1.282e-19	4.744e-26	6.326e-26	7.907e-26	1.045e-07	5.338e-08	6.605e-10	0.3812	6.465e-10	2.017e-23	2.323	4.273e-06	1.454e-06	6.57e-07	0	0	0	0	0	0	0	0	0	0	0	0	0	0	0	0	0	0	0	0	0	0	0	4.276e+04	0	0	0	0	0	0	0	0	0	0	0	0	0	0	0	2.047e+05	0	0	0	0	0	0	0	0	0	0	0	0	0	0	0	0	0	0	0	0	0	0	0	
13692	1955.013	3.45e+19	0	0	100000	1.9469253	5.012e-06	0.422	0.04424	3.873e-07	3.315	1.463e+04	85.69	0.0005694	0.1613	3.082e-09	0.004363	0	0.0001284	3.489e-13	1.294e-19	4.759e-26	6.345e-26	7.931e-26	1.049e-07	5.364e-08	6.644e-10	0.3823	6.496e-10	2.029e-23	2.33	4.286e-06	1.459e-06	6.589e-07	0	0	0	0	0	0	0	0	0	0	0	0	0	0	0	0	0	0	0	0	0	0	0	4.285e+04	0	0	0	0	0	0	0	0	0	0	0	0	0	0	0	2.051e+05	0	0	0	0	0	0	0	0	0	0	0	0	0	0	0	0	0	0	0	0	0	0	0	
13720	1955.013	3.45e+19	0	0	100000	1.946952	5.019e-06	0.423	0.04438	3.897e-07	3.326	1.468e+04	85.97	0.0005735	0.162	3.098e-09	0.004382	0	0.0001293	3.5e-13	1.305e-19	4.774e-26	6.365e-26	7.957e-26	1.054e-07	5.392e-08	6.685e-10	0.3835	6.53e-10	2.041e-23	2.338	4.3e-06	1.464e-06	6.611e-07	0	0	0	0	0	0	0	0	0	0	0	0	0	0	0	0	0	0	0	0	0	0	0	4.293e+04	0	0	0	0	0	0	0	0	0	0	0	0	0	0	0	2.055e+05	0	0	0	0	0	0	0	0	0	0	0	0	0	0	0	0	0	0	0	0	0	0	0	
13748	1955.013	3.45e+19	0	0	100000	1.9469787	5.027e-06	0.4241	0.04454	3.922e-07	3.338	1.473e+04	86.28	0.0005777	0.1627	3.114e-09	0.004401	0	0.0001303	3.513e-13	1.317e-19	4.791e-26	6.388e-26	7.985e-26	1.058e-07	5.422e-08	6.728e-10	0.3849	6.566e-10	2.054e-23	2.346	4.315e-06	1.469e-06	6.634e-07	0	0	0	0	0	0	0	0	0	0	0	0	0	0	0	0	0	0	0	0	0	0	0	4.302e+04	0	0	0	0	0	0	0	0	0	0	0	0	0	0	0	2.059e+05	0	0	0	0	0	0	0	0	0	0	0	0	0	0	0	0	0	0	0	0	0	0	0	
13776	1955.013	3.45e+19	0	0	100000	1.9470054	5.036e-06	0.4252	0.0447	3.947e-07	3.35	1.478e+04	86.6	0.0005821	0.1634	3.132e-09	0.004422	0	0.0001313	3.526e-13	1.33e-19	4.809e-26	6.411e-26	8.014e-26	1.063e-07	5.452e-08	6.772e-10	0.3863	6.603e-10	2.068e-23	2.355	4.331e-06	1.474e-06	6.659e-07	0	0	0	0	0	0	0	0	0	0	0	0	0	0	0	0	0	0	0	0	0	0	0	4.311e+04	0	0	0	0	0	0	0	0	0	0	0	0	0	0	0	2.063e+05	0	0	0	0	0	0	0	0	0	0	0	0	0	0	0	0	0	0	0	0	0	0	0	
13804	1955.013	3.45e+19	0	0	100000	1.9470321	5.046e-06	0.4265	0.04488	3.974e-07	3.363	1.484e+04	86.93	0.0005866	0.1642	3.15e-09	0.004444	0	0.0001323	3.539e-13	1.343e-19	4.827e-26	6.436e-26	8.046e-26	1.069e-07	5.484e-08	6.818e-10	0.3878	6.641e-10	2.082e-23	2.364	4.348e-06	1.48e-06	6.685e-07	0	0	0	0	0	0	0	0	0	0	0	0	0	0	0	0	0	0	0	0	0	0	0	4.32e+04	0	0	0	0	0	0	0	0	0	0	0	0	0	0	0	2.068e+05	0	0	0	0	0	0	0	0	0	0	0	0	0	0	0	0	0	0	0	0	0	0	0	
13832	1955.013	3.45e+19	0	0	100000	1.9470588	5.057e-06	0.4278	0.04506	4.002e-07	3.377	1.49e+04	87.29	0.0005912	0.1651	3.169e-09	0.004466	0	0.0001333	3.554e-13	1.356e-19	4.847e-26	6.463e-26	8.078e-26	1.074e-07	5.517e-08	6.866e-10	0.3893	6.681e-10	2.096e-23	2.373	4.365e-06	1.486e-06	6.712e-07	0	0	0	0	0	0	0	0	0	0	0	0	0	0	0	0	0	0	0	0	0	0	0	4.328e+04	0	0	0	0	0	0	0	0	0	0	0	0	0	0	0	2.072e+05	0	0	0	0	0	0	0	0	0	0	0	0	0	0	0	0	0	0	0	0	0	0	0	
13860	1955.013	3.45e+19	0	0	100000	1.9470855	5.068e-06	0.4292	0.04525	4.03e-07	3.391	1.496e+04	87.65	0.000596	0.1659	3.189e-09	0.004489	0	0.0001344	3.569e-13	1.37e-19	4.867e-26	6.49e-26	8.112e-26	1.08e-07	5.551e-08	6.915e-10	0.3909	6.722e-10	2.111e-23	2.383	4.384e-06	1.492e-06	6.74e-07	0	0	0	0	0	0	0	0	0	0	0	0	0	0	0	0	0	0	0	0	0	0	0	4.337e+04	0	0	0	0	0	0	0	0	0	0	0	0	0	0	0	2.076e+05	0	0	0	0	0	0	0	0	0	0	0	0	0	0	0	0	0	0	0	0	0	0	0	
13888	1955.013	3.45e+19	0	0	100000	1.9471122	5.08e-06	0.4306	0.04544	4.059e-07	3.406	1.503e+04	88.03	0.0006009	0.1668	3.209e-09	0.004513	0	0.0001355	3.584e-13	1.384e-19	4.888e-26	6.518e-26	8.147e-26	1.085e-07	5.585e-08	6.965e-10	0.3926	6.764e-10	2.126e-23	2.394	4.403e-06	1.499e-06	6.769e-07	0	0	0	0	0	0	0	0	0	0	0	0	0	0	0	0	0	0	0	0	0	0	0	4.346e+04	0	0	0	0	0	0	0	0	0	0	0	0	0	0	0	2.08e+05	0	0	0	0	0	0	0	0	0	0	0	0	0	0	0	0	0	0	0	0	0	0	0	
13916	1955.013	3.45e+19	0	0	100000	1.9471389	5.093e-06	0.4321	0.04564	4.089e-07	3.421	1.51e+04	88.42	0.0006059	0.1677	3.229e-09	0.004537	0	0.0001366	3.6e-13	1.398e-19	4.91e-26	6.546e-26	8.183e-26	1.091e-07	5.621e-08	7.015e-10	0.3943	6.807e-10	2.142e-23	2.404	4.422e-06	1.505e-06	6.799e-07	0	0	0	0	0	0	0	0	0	0	0	0	0	0	0	0	0	0	0	0	0	0	0	4.355e+04	0	0	0	0	0	0	0	0	0	0	0	0	0	0	0	2.084e+05	0	0	0	0	0	0	0	0	0	0	0	0	0	0	0	0	0	0	0	0	0	0	0	
13944	1955.013	3.45e+19	0	0	100000	1.9471656	5.106e-06	0.4336	0.04585	4.119e-07	3.436	1.516e+04	88.82	0.0006109	0.1686	3.25e-09	0.004562	0	0.0001378	3.616e-13	1.412e-19	4.932e-26	6.576e-26	8.22e-26	1.097e-07	5.657e-08	7.067e-10	0.3961	6.85e-10	2.158e-23	2.415	4.442e-06	1.512e-06	6.829e-07	0	0	0	0	0	0	0	0	0	0	0	0	0	0	0	0	0	0	0	0	0	0	0	4.363e+04	0	0	0	0	0	0	0	0	0	0	0	0	0	0	0	2.089e+05	0	0	0	0	0	0	0	0	0	0	0	0	0	0	0	0	0	0	0	0	0	0	0	
13972	1955.013	3.45e+19	0	0	100000	1.9471923	5.119e-06	0.4352	0.04606	4.15e-07	3.452	1.523e+04	89.22	0.0006161	0.1695	3.271e-09	0.004587	0	0.0001389	3.633e-13	1.427e-19	4.954e-26	6.606e-26	8.257e-26	1.103e-07	5.694e-08	7.12e-10	0.3979	6.895e-10	2.174e-23	2.426	4.462e-06	1.519e-06	6.86e-07	0	0	0	0	0	0	0	0	0	0	0	0	0	0	0	0	0	0	0	0	0	0	0	4.372e+04	0	0	0	0	0	0	0	0	0	0	0	0	0	0	0	2.093e+05	0	0	0	0	0	0	0	0	0	0	0	0	0	0	0	0	0	0	0	0	0	0	0	
14000	1955.013	3.45e+19	0	0	100000	1.947219	5.133e-06	0.4368	0.04627	4.181e-07	3.468	1.53e+04	89.63	0.0006213	0.1705	3.292e-09	0.004612	0	0.0001401	3.649e-13	1.442e-19	4.977e-26	6.636e-26	8.295e-26	1.109e-07	5.731e-08	7.174e-10	0.3997	6.94e-10	2.19e-23	2.437	4.483e-06	1.526e-06	6.892e-07	0	0	0	0	0	0	0	0	0	0	0	0	0	0	0	0	0	0	0	0	0	0	0	4.381e+04	0	0	0	0	0	0	0	0	0	0	0	0	0	0	0	2.097e+05	0	0	0	0	0	0	0	0	0	0	0	0	0	0	0	0	0	0	0	0	0	0	0	
14028	1955.013	3.45e+19	0	0	100000	1.94724544	5.147e-06	0.4384	0.04648	4.213e-07	3.484	1.537e+04	90.05	0.0006266	0.1714	3.314e-09	0.004638	0	0.0001413	3.666e-13	1.457e-19	5e-26	6.667e-26	8.334e-26	1.115e-07	5.769e-08	7.228e-10	0.4016	6.986e-10	2.207e-23	2.449	4.504e-06	1.533e-06	6.924e-07	0	0	0	0	0	0	0	0	0	0	0	0	0	0	0	0	0	0	0	0	0	0	0	4.39e+04	0	0	0	0	0	0	0	0	0	0	0	0	0	0	0	2.101e+05	0	0	0	0	0	0	0	0	0	0	0	0	0	0	0	0	0	0	0	0	0	0	0	
14056	1955.013	3.45e+19	0	0	100000	1.94727188	5.161e-06	0.44	0.0467	4.245e-07	3.5	1.545e+04	90.47	0.0006319	0.1724	3.336e-09	0.004665	0	0.0001425	3.683e-13	1.472e-19	5.024e-26	6.698e-26	8.373e-26	1.122e-07	5.807e-08	7.282e-10	0.4034	7.032e-10	2.224e-23	2.46	4.525e-06	1.54e-06	6.957e-07	0	0	0	0	0	0	0	0	0	0	0	0	0	0	0	0	0	0	0	0	0	0	0	4.398e+04	0	0	0	0	0	0	0	0	0	0	0	0	0	0	0	2.105e+05	0	0	0	0	0	0	0	0	0	0	0	0	0	0	0	0	0	0	0	0	0	0	0	
14084	1955.013	3.45e+19	0	0	100000	1.94729832	5.176e-06	0.4417	0.04692	4.277e-07	3.517	1.552e+04	90.9	0.0006374	0.1734	3.358e-09	0.004691	0	0.0001437	3.701e-13	1.487e-19	5.047e-26	6.73e-26	8.412e-26	1.128e-07	5.845e-08	7.338e-10	0.4053	7.079e-10	2.24e-23	2.472	4.546e-06	1.547e-06	6.989e-07	0	0	0	0	0	0	0	0	0	0	0	0	0	0	0	0	0	0	0	0	0	0	0	4.407e+04	0	0	0	0	0	0	0	0	0	0	0	0	0	0	0	2.109e+05	0	0	0	0	0	0	0	0	0	0	0	0	0	0	0	0	0	0	0	0	0	0	0	
14112	1955.013	3.45e+19	0	0	100000	1.94732476	5.19e-06	0.4434	0.04715	4.31e-07	3.533	1.559e+04	91.33	0.0006428	0.1744	3.38e-09	0.004718	0	0.0001449	3.718e-13	1.503e-19	5.071e-26	6.762e-26	8.452e-26	1.135e-07	5.884e-08	7.394e-10	0.4072	7.126e-10	2.258e-23	2.483	4.568e-06	1.555e-06	7.023e-07	0	0	0	0	0	0	0	0	0	0	0	0	0	0	0	0	0	0	0	0	0	0	0	4.416e+04	0	0	0	0	0	0	0	0	0	0	0	0	0	0	0	2.114e+05	0	0	0	0	0	0	0	0	0	0	0	0	0	0	0	0	0	0	0	0	0	0	0	
14140	1955.013	3.45e+19	0	0	100000	1.9473512	5.205e-06	0.445	0.04737	4.343e-07	3.55	1.567e+04	91.77	0.0006484	0.1754	3.403e-09	0.004745	0	0.0001462	3.736e-13	1.519e-19	5.096e-26	6.794e-26	8.493e-26	1.141e-07	5.924e-08	7.45e-10	0.4092	7.174e-10	2.275e-23	2.495	4.589e-06	1.562e-06	7.056e-07	0	0	0	0	0	0	0	0	0	0	0	0	0	0	0	0	0	0	0	0	0	0	0	4.425e+04	0	0	0	0	0	0	0	0	0	0	0	0	0	0	0	2.118e+05	0	0	0	0	0	0	0	0	0	0	0	0	0	0	0	0	0	0	0	0	0	0	0	
14168	1955.013	3.45e+19	0	0	100000	1.94737764	5.22e-06	0.4467	0.0476	4.376e-07	3.567	1.574e+04	92.21	0.000654	0.1764	3.426e-09	0.004772	0	0.0001475	3.754e-13	1.535e-19	5.12e-26	6.827e-26	8.533e-26	1.148e-07	5.963e-08	7.508e-10	0.4111	7.222e-10	2.292e-23	2.507	4.611e-06	1.57e-06	7.09e-07	0	0	0	0	0	0	0	0	0	0	0	0	0	0	0	0	0	0	0	0	0	0	0	4.434e+04	0	0	0	0	0	0	0	0	0	0	0	0	0	0	0	2.122e+05	0	0	0	0	0	0	0	0	0	0	0	0	0	0	0	0	0	0	0	0	0	0	0	
14196	1955.013	3.45e+19	0	0	100000	1.94740408	5.235e-06	0.4485	0.04782	4.41e-07	3.584	1.582e+04	92.65	0.0006596	0.1774	3.449e-09	0.004799	0	0.0001487	3.772e-13	1.551e-19	5.144e-26	6.859e-26	8.574e-26	1.154e-07	6.003e-08	7.565e-10	0.4131	7.27e-10	2.31e-23	2.519	4.633e-06	1.577e-06	7.124e-07	0	0	0	0	0	0	0	0	0	0	0	0	0	0	0	0	0	0	0	0	0	0	0	4.442e+04	0	0	0	0	0	0	0	0	0	0	0	0	0	0	0	2.126e+05	0	0	0	0	0	0	0	0	0	0	0	0	0	0	0	0	0	0	0	0	0	0	0	
14224	1955.013	3.45e+19	0	0	100000	1.94743052	5.25e-06	0.4502	0.04805	4.443e-07	3.601	1.589e+04	93.09	0.0006653	0.1784	3.472e-09	0.004827	0	0.00015	3.79e-13	1.568e-19	5.169e-26	6.892e-26	8.615e-26	1.161e-07	6.044e-08	7.623e-10	0.415	7.319e-10	2.328e-23	2.531	4.656e-06	1.585e-06	7.158e-07	0	0	0	0	0	0	0	0	0	0	0	0	0	0	0	0	0	0	0	0	0	0	0	4.451e+04	0	0	0	0	0	0	0	0	0	0	0	0	0	0	0	2.13e+05	0	0	0	0	0	0	0	0	0	0	0	0	0	0	0	0	0	0	0	0	0	0	0	
14252	1955.013	3.45e+19	0	0	100000	1.94745696	5.265e-06	0.4519	0.04828	4.478e-07	3.619	1.597e+04	93.54	0.0006711	0.1794	3.495e-09	0.004855	0	0.0001513	3.808e-13	1.584e-19	5.194e-26	6.925e-26	8.656e-26	1.168e-07	6.084e-08	7.682e-10	0.417	7.368e-10	2.345e-23	2.543	4.678e-06	1.592e-06	7.192e-07	0	0	0	0	0	0	0	0	0	0	0	0	0	0	0	0	0	0	0	0	0	0	0	4.46e+04	0	0	0	0	0	0	0	0	0	0	0	0	0	0	0	2.135e+05	0	0	0	0	0	0	0	0	0	0	0	0	0	0	0	0	0	0	0	0	0	0	0	
14280	1955.013	3.45e+19	0	0	100000	1.9474834	5.28e-06	0.4536	0.04851	4.512e-07	3.636	1.605e+04	93.98	0.0006769	0.1805	3.519e-09	0.004883	0	0.0001526	3.826e-13	1.601e-19	5.219e-26	6.958e-26	8.698e-26	1.174e-07	6.125e-08	7.741e-10	0.419	7.417e-10	2.363e-23	2.555	4.7e-06	1.6e-06	7.226e-07	0	0	0	0	0	0	0	0	0	0	0	0	0	0	0	0	0	0	0	0	0	0	0	4.469e+04	0	0	0	0	0	0	0	0	0	0	0	0	0	0	0	2.139e+05	0	0	0	0	0	0	0	0	0	0	0	0	0	0	0	0	0	0	0	0	0	0	0	
14308	1955.013	3.45e+19	0	0	100000	1.94750984	5.295e-06	0.4553	0.04875	4.547e-07	3.653	1.612e+04	94.43	0.0006827	0.1815	3.542e-09	0.004911	0	0.0001539	3.845e-13	1.618e-19	5.244e-26	6.991e-26	8.739e-26	1.181e-07	6.166e-08	7.8e-10	0.421	7.467e-10	2.382e-23	2.568	4.723e-06	1.607e-06	7.261e-07	0	0	0	0	0	0	0	0	0	0	0	0	0	0	0	0	0	0	0	0	0	0	0	4.477e+04	0	0	0	0	0	0	0	0	0	0	0	0	0	0	0	2.143e+05	0	0	0	0	0	0	0	0	0	0	0	0	0	0	0	0	0	0	0	0	0	0	0	
14336	1955.013	3.45e+19	0	0	100000	1.94753628	5.31e-06	0.4571	0.04898	4.581e-07	3.671	1.62e+04	94.88	0.0006886	0.1826	3.566e-09	0.004939	0	0.0001553	3.863e-13	1.635e-19	5.269e-26	7.025e-26	8.781e-26	1.188e-07	6.207e-08	7.86e-10	0.423	7.517e-10	2.4e-23	2.58	4.745e-06	1.615e-06	7.296e-07	0	0	0	0	0	0	0	0	0	0	0	0	0	0	0	0	0	0	0	0	0	0	0	4.486e+04	0	0	0	0	0	0	0	0	0	0	0	0	0	0	0	2.147e+05	0	0	0	0	0	0	0	0	0	0	0	0	0	0	0	0	0	0	0	0	0	0	0	
14364	1955.013	3.45e+19	0	0	100000	1.94756272	5.325e-06	0.4588	0.04921	4.616e-07	3.688	1.628e+04	95.33	0.0006946	0.1836	3.59e-09	0.004967	0	0.0001566	3.881e-13	1.652e-19	5.294e-26	7.058e-26	8.823e-26	1.195e-07	6.249e-08	7.92e-10	0.425	7.567e-10	2.418e-23	2.592	4.768e-06	1.623e-06	7.33e-07	0	0	0	0	0	0	0	0	0	0	0	0	0	0	0	0	0	0	0	0	0	0	0	4.495e+04	0	0	0	0	0	0	0	0	0	0	0	0	0	0	0	2.151e+05	0	0	0	0	0	0	0	0	0	0	0	0	0	0	0	0	0	0	0	0	0	0	0	
14392	1955.013	3.45e+19	0	0	100000	1.94758916	5.34e-06	0.4605	0.04945	4.652e-07	3.706	1.635e+04	95.79	0.0007005	0.1846	3.614e-09	0.004996	0	0.0001579	3.9e-13	1.67e-19	5.319e-26	7.092e-26	8.865e-26	1.201e-07	6.291e-08	7.981e-10	0.427	7.618e-10	2.437e-23	2.604	4.79e-06	1.631e-06	7.365e-07	0	0	0	0	0	0	0	0	0	0	0	0	0	0	0	0	0	0	0	0	0	0	0	4.504e+04	0	0	0	0	0	0	0	0	0	0	0	0	0	0	0	2.156e+05	0	0	0	0	0	0	0	0	0	0	0	0	0	0	0	0	0	0	0	0	0	0	0	
14420	1955.013	3.45e+19	0	0	100000	1.9476156	5.355e-06	0.4623	0.04968	4.687e-07	3.723	1.643e+04	96.24	0.0007066	0.1857	3.638e-09	0.005024	0	0.0001593	3.918e-13	1.687e-19	5.344e-26	7.125e-26	8.907e-26	1.208e-07	6.332e-08	8.041e-10	0.429	7.669e-10	2.455e-23	2.617	4.813e-06	1.638e-06	7.4e-07	0	0	0	0	0	0	0	0	0	0	0	0	0	0	0	0	0	0	0	0	0	0	0	4.512e+04	0	0	0	0	0	0	0	0	0	0	0	0	0	0	0	2.16e+05	0	0	0	0	0	0	0	0	0	0	0	0	0	0	0	0	0	0	0	0	0	0	0	
14448	1955.013	3.45e+19	0	0	100000	1.94764204	5.37e-06	0.464	0.04991	4.723e-07	3.741	1.651e+04	96.69	0.0007126	0.1868	3.662e-09	0.005053	0	0.0001607	3.937e-13	1.705e-19	5.369e-26	7.159e-26	8.949e-26	1.215e-07	6.375e-08	8.103e-10	0.431	7.72e-10	2.474e-23	2.629	4.836e-06	1.646e-06	7.435e-07	0	0	0	0	0	0	0	0	0	0	0	0	0	0	0	0	0	0	0	0	0	0	0	4.521e+04	0	0	0	0	0	0	0	0	0	0	0	0	0	0	0	2.164e+05	0	0	0	0	0	0	0	0	0	0	0	0	0	0	0	0	0	0	0	0	0	0	0	
14476	1955.013	3.45e+19	0	0	100000	1.94766848	5.385e-06	0.4657	0.05015	4.759e-07	3.758	1.659e+04	97.15	0.0007187	0.1878	3.686e-09	0.005081	0	0.000162	3.955e-13	1.723e-19	5.394e-26	7.192e-26	8.991e-26	1.222e-07	6.417e-08	8.164e-10	0.433	7.771e-10	2.493e-23	2.641	4.859e-06	1.654e-06	7.47e-07	0	0	0	0	0	0	0	0	0	0	0	0	0	0	0	0	0	0	0	0	0	0	0	4.53e+04	0	0	0	0	0	0	0	0	0	0	0	0	0	0	0	2.168e+05	0	0	0	0	0	0	0	0	0	0	0	0	0	0	0	0	0	0	0	0	0	0	0	
14504	1955.013	3.45e+19	0	0	100000	1.94769492	5.4e-06	0.4675	0.05038	4.795e-07	3.776	1.666e+04	97.6	0.0007249	0.1889	3.711e-09	0.00511	0	0.0001634	3.974e-13	1.741e-19	5.42e-26	7.226e-26	9.033e-26	1.229e-07	6.459e-08	8.226e-10	0.435	7.822e-10	2.512e-23	2.654	4.881e-06	1.661e-06	7.505e-07	0	0	0	0	0	0	0	0	0	0	0	0	0	0	0	0	0	0	0	0	0	0	0	4.539e+04	0	0	0	0	0	0	0	0	0	0	0	0	0	0	0	2.172e+05	0	0	0	0	0	0	0	0	0	0	0	0	0	0	0	0	0	0	0	0	0	0	0	
14532	1955.013	3.45e+19	0	0	100000	1.94772136	5.414e-06	0.4692	0.05062	4.831e-07	3.794	1.674e+04	98.06	0.0007311	0.1899	3.735e-09	0.005139	0	0.0001648	3.992e-13	1.759e-19	5.445e-26	7.26e-26	9.075e-26	1.236e-07	6.502e-08	8.288e-10	0.437	7.874e-10	2.531e-23	2.666	4.904e-06	1.669e-06	7.54e-07	0	0	0	0	0	0	0	0	0	0	0	0	0	0	0	0	0	0	0	0	0	0	0	4.547e+04	0	0	0	0	0	0	0	0	0	0	0	0	0	0	0	2.177e+05	0	0	0	0	0	0	0	0	0	0	0	0	0	0	0	0	0	0	0	0	0	0	0	
14560	1955.013	3.45e+19	0	0	100000	1.9477478	5.429e-06	0.4709	0.05085	4.868e-07	3.811	1.682e+04	98.51	0.0007373	0.191	3.76e-09	0.005168	0	0.0001662	4.011e-13	1.778e-19	5.47e-26	7.294e-26	9.117e-26	1.243e-07	6.545e-08	8.351e-10	0.439	7.926e-10	2.55e-23	2.679	4.927e-06	1.677e-06	7.575e-07	0	0	0	0	0	0	0	0	0	0	0	0	0	0	0	0	0	0	0	0	0	0	0	4.556e+04	0	0	0	0	0	0	0	0	0	0	0	0	0	0	0	2.181e+05	0	0	0	0	0	0	0	0	0	0	0	0	0	0	0	0	0	0	0	0	0	0	0	
14588	1955.013	3.45e+19	0	0	100000	1.94777424	5.444e-06	0.4727	0.05109	4.904e-07	3.829	1.69e+04	98.97	0.0007436	0.1921	3.785e-09	0.005196	0	0.0001676	4.029e-13	1.796e-19	5.496e-26	7.327e-26	9.159e-26	1.25e-07	6.588e-08	8.414e-10	0.4411	7.978e-10	2.569e-23	2.691	4.95e-06	1.685e-06	7.61e-07	0	0	0	0	0	0	0	0	0	0	0	0	0	0	0	0	0	0	0	0	0	0	0	4.565e+04	0	0	0	0	0	0	0	0	0	0	0	0	0	0	0	2.185e+05	0	0	0	0	0	0	0	0	0	0	0	0	0	0	0	0	0	0	0	0	0	0	0	
14616	1955.013	3.45e+19	0	0	100000	1.94780068	5.458e-06	0.4744	0.05132	4.941e-07	3.847	1.697e+04	99.43	0.0007499	0.1931	3.809e-09	0.005225	0	0.0001691	4.048e-13	1.815e-19	5.521e-26	7.361e-26	9.202e-26	1.257e-07	6.631e-08	8.477e-10	0.4431	8.03e-10	2.588e-23	2.703	4.973e-06	1.692e-06	7.645e-07	0	0	0	0	0	0	0	0	0	0	0	0	0	0	0	0	0	0	0	0	0	0	0	4.574e+04	0	0	0	0	0	0	0	0	0	0	0	0	0	0	0	2.189e+05	0	0	0	0	0	0	0	0	0	0	0	0	0	0	0	0	0	0	0	0	0	0	0	
14644	1955.013	3.45e+19	0	0	100000	1.94782712	5.473e-06	0.4761	0.05156	4.978e-07	3.864	1.705e+04	99.88	0.0007562	0.1942	3.834e-09	0.005255	0	0.0001705	4.067e-13	1.834e-19	5.546e-26	7.395e-26	9.244e-26	1.264e-07	6.674e-08	8.541e-10	0.4451	8.083e-10	2.608e-23	2.716	4.995e-06	1.7e-06	7.68e-07	0	0	0	0	0	0	0	0	0	0	0	0	0	0	0	0	0	0	0	0	0	0	0	4.582e+04	0	0	0	0	0	0	0	0	0	0	0	0	0	0	0	2.193e+05	0	0	0	0	0	0	0	0	0	0	0	0	0	0	0	0	0	0	0	0	0	0	0	
14672	1955.013	3.45e+19	0	0	100000	1.94785356	5.487e-06	0.4778	0.0518	5.015e-07	3.882	1.713e+04	100.3	0.0007626	0.1953	3.859e-09	0.005284	0	0.0001719	4.085e-13	1.853e-19	5.572e-26	7.429e-26	9.286e-26	1.271e-07	6.718e-08	8.605e-10	0.4471	8.135e-10	2.627e-23	2.728	5.018e-06	1.708e-06	7.715e-07	0	0	0	0	0	0	0	0	0	0	0	0	0	0	0	0	0	0	0	0	0	0	0	4.591e+04	0	0	0	0	0	0	0	0	0	0	0	0	0	0	0	2.198e+05	0	0	0	0	0	0	0	0	0	0	0	0	0	0	0	0	0	0	0	0	0	0	0	
14700	1955.013	3.45e+19	0	0	100000	1.94788	5.502e-06	0.4795	0.05203	5.053e-07	3.9	1.721e+04	100.8	0.0007691	0.1964	3.884e-09	0.005313	0	0.0001734	4.104e-13	1.872e-19	5.597e-26	7.463e-26	9.328e-26	1.278e-07	6.761e-08	8.669e-10	0.4491	8.188e-10	2.647e-23	2.741	5.041e-06	1.716e-06	7.75e-07	0	0	0	0	0	0	0	0	0	0	0	0	0	0	0	0	0	0	0	0	0	0	0	4.6e+04	0	0	0	0	0	0	0	0	0	0	0	0	0	0	0	2.202e+05	0	0	0	0	0	0	0	0	0	0	0	0	0	0	0	0	0	0	0	0	0	0	0	
14728	1955.013	3.45e+19	0	0	100000	1.94790644	5.516e-06	0.4813	0.05227	5.091e-07	3.917	1.729e+04	101.3	0.0007755	0.1975	3.909e-09	0.005342	0	0.0001748	4.122e-13	1.892e-19	5.622e-26	7.497e-26	9.371e-26	1.285e-07	6.805e-08	8.733e-10	0.4512	8.241e-10	2.667e-23	2.753	5.064e-06	1.724e-06	7.786e-07	0	0	0	0	0	0	0	0	0	0	0	0	0	0	0	0	0	0	0	0	0	0	0	4.609e+04	0	0	0	0	0	0	0	0	0	0	0	0	0	0	0	2.206e+05	0	0	0	0	0	0	0	0	0	0	0	0	0	0	0	0	0	0	0	0	0	0	0	
14756	1955.013	3.45e+19	0	0	100000	1.94793288	5.53e-06	0.483	0.0525	5.128e-07	3.935	1.736e+04	101.7	0.000782	0.1985	3.935e-09	0.005371	0	0.0001763	4.141e-13	1.911e-19	5.648e-26	7.53e-26	9.413e-26	1.292e-07	6.849e-08	8.798e-10	0.4532	8.294e-10	2.686e-23	2.766	5.087e-06	1.731e-06	7.821e-07	0	0	0	0	0	0	0	0	0	0	0	0	0	0	0	0	0	0	0	0	0	0	0	4.617e+04	0	0	0	0	0	0	0	0	0	0	0	0	0	0	0	2.21e+05	0	0	0	0	0	0	0	0	0	0	0	0	0	0	0	0	0	0	0	0	0	0	0	
14784	1955.013	3.45e+19	0	0	100000	1.94795932	5.544e-06	0.4847	0.05274	5.166e-07	3.953	1.744e+04	102.2	0.0007886	0.1996	3.96e-09	0.005401	0	0.0001778	4.16e-13	1.931e-19	5.673e-26	7.564e-26	9.455e-26	1.299e-07	6.893e-08	8.863e-10	0.4552	8.347e-10	2.706e-23	2.778	5.11e-06	1.739e-06	7.856e-07	0	0	0	0	0	0	0	0	0	0	0	0	0	0	0	0	0	0	0	0	0	0	0	4.626e+04	0	0	0	0	0	0	0	0	0	0	0	0	0	0	0	2.214e+05	0	0	0	0	0	0	0	0	0	0	0	0	0	0	0	0	0	0	0	0	0	0	0	
14812	1955.013	3.45e+19	0	0	100000	1.94798576	5.558e-06	0.4864	0.05298	5.204e-07	3.97	1.752e+04	102.6	0.0007952	0.2007	3.985e-09	0.00543	0	0.0001793	4.178e-13	1.951e-19	5.699e-26	7.598e-26	9.498e-26	1.306e-07	6.937e-08	8.929e-10	0.4572	8.401e-10	2.726e-23	2.79	5.132e-06	1.747e-06	7.891e-07	0	0	0	0	0	0	0	0	0	0	0	0	0	0	0	0	0	0	0	0	0	0	0	4.635e+04	0	0	0	0	0	0	0	0	0	0	0	0	0	0	0	2.219e+05	0	0	0	0	0	0	0	0	0	0	0	0	0	0	0	0	0	0	0	0	0	0	0	
14840	1955.013	3.45e+19	0	0	100000	1.9480122	5.572e-06	0.4881	0.05321	5.243e-07	3.988	1.76e+04	103.1	0.0008018	0.2018	4.011e-09	0.00546	0	0.0001807	4.197e-13	1.971e-19	5.724e-26	7.632e-26	9.54e-26	1.313e-07	6.982e-08	8.995e-10	0.4593	8.455e-10	2.746e-23	2.803	5.155e-06	1.755e-06	7.926e-07	0	0	0	0	0	0	0	0	0	0	0	0	0	0	0	0	0	0	0	0	0	0	0	4.644e+04	0	0	0	0	0	0	0	0	0	0	0	0	0	0	0	2.223e+05	0	0	0	0	0	0	0	0	0	0	0	0	0	0	0	0	0	0	0	0	0	0	0	
14868	1955.013	3.45e+19	0	0	100000	1.94803864	5.586e-06	0.4897	0.05345	5.281e-07	4.006	1.768e+04	103.5	0.0008085	0.2029	4.036e-09	0.005489	0	0.0001822	4.215e-13	1.991e-19	5.749e-26	7.666e-26	9.582e-26	1.32e-07	7.026e-08	9.061e-10	0.4613	8.509e-10	2.766e-23	2.815	5.178e-06	1.762e-06	7.961e-07	0	0	0	0	0	0	0	0	0	0	0	0	0	0	0	0	0	0	0	0	0	0	0	4.653e+04	0	0	0	0	0	0	0	0	0	0	0	0	0	0	0	2.227e+05	0	0	0	0	0	0	0	0	0	0	0	0	0	0	0	0	0	0	0	0	0	0	0	
14896	1955.013	3.45e+19	0	0	100000	1.94806508	5.6e-06	0.4914	0.05368	5.32e-07	4.023	1.776e+04	104	0.0008152	0.204	4.062e-09	0.005519	0	0.0001838	4.234e-13	2.011e-19	5.775e-26	7.7e-26	9.624e-26	1.327e-07	7.071e-08	9.127e-10	0.4633	8.563e-10	2.787e-23	2.828	5.201e-06	1.77e-06	7.996e-07	0	0	0	0	0	0	0	0	0	0	0	0	0	0	0	0	0	0	0	0	0	0	0	4.661e+04	0	0	0	0	0	0	0	0	0	0	0	0	0	0	0	2.231e+05	0	0	0	0	0	0	0	0	0	0	0	0	0	0	0	0	0	0	0	0	0	0	0	
14924	1955.013	3.45e+19	0	0	100000	1.94809152	5.614e-06	0.4931	0.05392	5.359e-07	4.041	1.783e+04	104.5	0.000822	0.2051	4.088e-09	0.005548	0	0.0001853	4.253e-13	2.032e-19	5.8e-26	7.733e-26	9.667e-26	1.334e-07	7.116e-08	9.194e-10	0.4653	8.617e-10	2.807e-23	2.84	5.224e-06	1.778e-06	8.032e-07	0	0	0	0	0	0	0	0	0	0	0	0	0	0	0	0	0	0	0	0	0	0	0	4.67e+04	0	0	0	0	0	0	0	0	0	0	0	0	0	0	0	2.235e+05	0	0	0	0	0	0	0	0	0	0	0	0	0	0	0	0	0	0	0	0	0	0	0	
14952	1955.013	3.45e+19	0	0	100000	1.94811796	5.628e-06	0.4948	0.05416	5.398e-07	4.059	1.791e+04	104.9	0.0008287	0.2062	4.114e-09	0.005578	0	0.0001868	4.271e-13	2.053e-19	5.825e-26	7.767e-26	9.709e-26	1.341e-07	7.16e-08	9.261e-10	0.4673	8.671e-10	2.828e-23	2.853	5.247e-06	1.786e-06	8.067e-07	0	0	0	0	0	0	0	0	0	0	0	0	0	0	0	0	0	0	0	0	0	0	0	4.679e+04	0	0	0	0	0	0	0	0	0	0	0	0	0	0	0	2.239e+05	0	0	0	0	0	0	0	0	0	0	0	0	0	0	0	0	0	0	0	0	0	0	0	
14980	1955.013	3.45e+19	0	0	100000	1.9481444	5.641e-06	0.4965	0.05439	5.437e-07	4.076	1.799e+04	105.4	0.0008356	0.2073	4.139e-09	0.005608	0	0.0001883	4.29e-13	2.074e-19	5.851e-26	7.801e-26	9.751e-26	1.349e-07	7.206e-08	9.328e-10	0.4694	8.726e-10	2.848e-23	2.865	5.27e-06	1.794e-06	8.102e-07	0	0	0	0	0	0	0	0	0	0	0	0	0	0	0	0	0	0	0	0	0	0	0	4.688e+04	0	0	0	0	0	0	0	0	0	0	0	0	0	0	0	2.244e+05	0	0	0	0	0	0	0	0	0	0	0	0	0	0	0	0	0	0	0	0	0	0	0	
15008	1955.013	3.45e+19	0	0	100000	1.94817084	5.654e-06	0.4981	0.05463	5.476e-07	4.094	1.807e+04	105.8	0.0008424	0.2084	4.165e-09	0.005637	0	0.0001899	4.308e-13	2.095e-19	5.876e-26	7.835e-26	9.793e-26	1.356e-07	7.251e-08	9.396e-10	0.4714	8.781e-10	2.869e-23	2.877	5.292e-06	1.801e-06	8.137e-07	0	0	0	0	0	0	0	0	0	0	0	0	0	0	0	0	0	0	0	0	0	0	0	4.696e+04	0	0	0	0	0	0	0	0	0	0	0	0	0	0	0	2.248e+05	0	0	0	0	0	0	0	0	0	0	0	0	0	0	0	0	0	0	0	0	0	0	0	
15036	1955.013	3.45e+19	0	0	100000	1.94819728	5.668e-06	0.4998	0.05486	5.516e-07	4.111	1.814e+04	106.3	0.0008493	0.2095	4.191e-09	0.005667	0	0.0001914	4.327e-13	2.116e-19	5.901e-26	7.868e-26	9.835e-26	1.363e-07	7.296e-08	9.463e-10	0.4734	8.835e-10	2.889e-23	2.89	5.315e-06	1.809e-06	8.172e-07	0	0	0	0	0	0	0	0	0	0	0	0	0	0	0	0	0	0	0	0	0	0	0	4.705e+04	0	0	0	0	0	0	0	0	0	0	0	0	0	0	0	2.252e+05	0	0	0	0	0	0	0	0	0	0	0	0	0	0	0	0	0	0	0	0	0	0	0	
15064	1955.013	3.45e+19	0	0	100000	1.94822372	5.681e-06	0.5014	0.05509	5.555e-07	4.129	1.822e+04	106.7	0.0008562	0.2106	4.217e-09	0.005696	0	0.000193	4.345e-13	2.137e-19	5.926e-26	7.902e-26	9.877e-26	1.37e-07	7.341e-08	9.531e-10	0.4754	8.89e-10	2.91e-23	2.902	5.338e-06	1.817e-06	8.206e-07	0	0	0	0	0	0	0	0	0	0	0	0	0	0	0	0	0	0	0	0	0	0	0	4.714e+04	0	0	0	0	0	0	0	0	0	0	0	0	0	0	0	2.256e+05	0	0	0	0	0	0	0	0	0	0	0	0	0	0	0	0	0	0	0	0	0	0	0	
15092	1955.013	3.45e+19	0	0	100000	1.94825016	5.694e-06	0.503	0.05533	5.595e-07	4.146	1.83e+04	107.2	0.0008632	0.2116	4.243e-09	0.005726	0	0.0001946	4.364e-13	2.159e-19	5.951e-26	7.935e-26	9.919e-26	1.377e-07	7.386e-08	9.599e-10	0.4774	8.945e-10	2.931e-23	2.914	5.36e-06	1.824e-06	8.241e-07	0	0	0	0	0	0	0	0	0	0	0	0	0	0	0	0	0	0	0	0	0	0	0	4.723e+04	0	0	0	0	0	0	0	0	0	0	0	0	0	0	0	2.26e+05	0	0	0	0	0	0	0	0	0	0	0	0	0	0	0	0	0	0	0	0	0	0	0	
15120	1955.013	3.45e+19	0	0	100000	1.9482766	5.707e-06	0.5047	0.05556	5.635e-07	4.164	1.837e+04	107.6	0.0008702	0.2127	4.269e-09	0.005756	0	0.0001961	4.382e-13	2.181e-19	5.976e-26	7.968e-26	9.96e-26	1.384e-07	7.432e-08	9.668e-10	0.4794	9e-10	2.952e-23	2.926	5.383e-06	1.832e-06	8.275e-07	0	0	0	0	0	0	0	0	0	0	0	0	0	0	0	0	0	0	0	0	0	0	0	4.731e+04	0	0	0	0	0	0	0	0	0	0	0	0	0	0	0	2.265e+05	0	0	0	0	0	0	0	0	0	0	0	0	0	0	0	0	0	0	0	0	0	0	0	
15148	1955.013	3.45e+19	0	0	100000	1.94830304	5.719e-06	0.5063	0.05579	5.675e-07	4.181	1.845e+04	108.1	0.0008772	0.2138	4.296e-09	0.005785	0	0.0001977	4.4e-13	2.202e-19	6.001e-26	8.001e-26	1e-25	1.391e-07	7.477e-08	9.736e-10	0.4813	9.055e-10	2.973e-23	2.939	5.405e-06	1.84e-06	8.31e-07	0	0	0	0	0	0	0	0	0	0	0	0	0	0	0	0	0	0	0	0	0	0	0	4.74e+04	0	0	0	0	0	0	0	0	0	0	0	0	0	0	0	2.269e+05	0	0	0	0	0	0	0	0	0	0	0	0	0	0	0	0	0	0	0	0	0	0	0	
15176	1955.013	3.45e+19	0	0	100000	1.94832948	5.732e-06	0.5079	0.05602	5.715e-07	4.198	1.853e+04	108.5	0.0008843	0.2149	4.322e-09	0.005815	0	0.0001993	4.418e-13	2.225e-19	6.026e-26	8.035e-26	1.004e-25	1.398e-07	7.523e-08	9.805e-10	0.4833	9.11e-10	2.994e-23	2.951	5.427e-06	1.847e-06	8.344e-07	0	0	0	0	0	0	0	0	0	0	0	0	0	0	0	0	0	0	0	0	0	0	0	4.749e+04	0	0	0	0	0	0	0	0	0	0	0	0	0	0	0	2.273e+05	0	0	0	0	0	0	0	0	0	0	0	0	0	0	0	0	0	0	0	0	0	0	0	
15204	1955.013	3.45e+19	0	0	100000	1.94835592	5.744e-06	0.5095	0.05625	5.755e-07	4.216	1.86e+04	109	0.0008914	0.216	4.348e-09	0.005844	0	0.0002009	4.436e-13	2.247e-19	6.051e-26	8.068e-26	1.008e-25	1.405e-07	7.568e-08	9.874e-10	0.4853	9.165e-10	3.015e-23	2.963	5.45e-06	1.855e-06	8.379e-07	0	0	0	0	0	0	0	0	0	0	0	0	0	0	0	0	0	0	0	0	0	0	0	4.758e+04	0	0	0	0	0	0	0	0	0	0	0	0	0	0	0	2.277e+05	0	0	0	0	0	0	0	0	0	0	0	0	0	0	0	0	0	0	0	0	0	0	0	
15232	1955.013	3.45e+19	0	0	100000	1.94838236	5.757e-06	0.5111	0.05648	5.796e-07	4.233	1.868e+04	109.4	0.0008985	0.2171	4.374e-09	0.005874	0	0.0002025	4.455e-13	2.269e-19	6.076e-26	8.101e-26	1.013e-25	1.413e-07	7.614e-08	9.943e-10	0.4873	9.221e-10	3.036e-23	2.975	5.472e-06	1.863e-06	8.413e-07	0	0	0	0	0	0	0	0	0	0	0	0	0	0	0	0	0	0	0	0	0	0	0	4.766e+04	0	0	0	0	0	0	0	0	0	0	0	0	0	0	0	2.281e+05	0	0	0	0	0	0	0	0	0	0	0	0	0	0	0	0	0	0	0	0	0	0	0	
15260	1955.013	3.45e+19	0	0	100000	1.9484088	5.769e-06	0.5126	0.05671	5.836e-07	4.25	1.876e+04	109.9	0.0009057	0.2182	4.401e-09	0.005904	0	0.0002041	4.473e-13	2.292e-19	6.1e-26	8.134e-26	1.017e-25	1.42e-07	7.66e-08	1.001e-09	0.4892	9.276e-10	3.057e-23	2.987	5.494e-06	1.87e-06	8.447e-07	0	0	0	0	0	0	0	0	0	0	0	0	0	0	0	0	0	0	0	0	0	0	0	4.775e+04	0	0	0	0	0	0	0	0	0	0	0	0	0	0	0	2.286e+05	0	0	0	0	0	0	0	0	0	0	0	0	0	0	0	0	0	0	0	0	0	0	0	
15288	1955.013	3.45e+19	0	0	100000	1.94843524	5.781e-06	0.5142	0.05694	5.877e-07	4.267	1.883e+04	110.3	0.0009129	0.2193	4.427e-09	0.005933	0	0.0002057	4.491e-13	2.314e-19	6.125e-26	8.167e-26	1.021e-25	1.427e-07	7.706e-08	1.008e-09	0.4912	9.332e-10	3.079e-23	2.999	5.517e-06	1.878e-06	8.482e-07	0	0	0	0	0	0	0	0	0	0	0	0	0	0	0	0	0	0	0	0	0	0	0	4.784e+04	0	0	0	0	0	0	0	0	0	0	0	0	0	0	0	2.29e+05	0	0	0	0	0	0	0	0	0	0	0	0	0	0	0	0	0	0	0	0	0	0	0	
15316	1955.013	3.45e+19	0	0	100000	1.94846168	5.793e-06	0.5158	0.05717	5.918e-07	4.285	1.891e+04	110.8	0.0009201	0.2204	4.453e-09	0.005963	0	0.0002074	4.509e-13	2.337e-19	6.15e-26	8.2e-26	1.025e-25	1.434e-07	7.752e-08	1.015e-09	0.4932	9.388e-10	3.1e-23	3.011	5.539e-06	1.885e-06	8.516e-07	0	0	0	0	0	0	0	0	0	0	0	0	0	0	0	0	0	0	0	0	0	0	0	4.793e+04	0	0	0	0	0	0	0	0	0	0	0	0	0	0	0	2.294e+05	0	0	0	0	0	0	0	0	0	0	0	0	0	0	0	0	0	0	0	0	0	0	0	
15344	1955.013	3.45e+19	0	0	100000	1.94848812	5.805e-06	0.5174	0.0574	5.959e-07	4.302	1.898e+04	111.2	0.0009274	0.2215	4.48e-09	0.005993	0	0.000209	4.527e-13	2.36e-19	6.174e-26	8.232e-26	1.029e-25	1.441e-07	7.798e-08	1.022e-09	0.4951	9.444e-10	3.121e-23	3.023	5.561e-06	1.893e-06	8.55e-07	0	0	0	0	0	0	0	0	0	0	0	0	0	0	0	0	0	0	0	0	0	0	0	4.801e+04	0	0	0	0	0	0	0	0	0	0	0	0	0	0	0	2.298e+05	0	0	0	0	0	0	0	0	0	0	0	0	0	0	0	0	0	0	0	0	0	0	0	
15372	1955.013	3.45e+19	0	0	100000	1.94851456	5.817e-06	0.5189	0.05763	6e-07	4.319	1.906e+04	111.6	0.0009347	0.2226	4.507e-09	0.006022	0	0.0002107	4.545e-13	2.384e-19	6.199e-26	8.265e-26	1.033e-25	1.448e-07	7.844e-08	1.029e-09	0.4971	9.5e-10	3.143e-23	3.035	5.583e-06	1.9e-06	8.584e-07	0	0	0	0	0	0	0	0	0	0	0	0	0	0	0	0	0	0	0	0	0	0	0	4.81e+04	0	0	0	0	0	0	0	0	0	0	0	0	0	0	0	2.302e+05	0	0	0	0	0	0	0	0	0	0	0	0	0	0	0	0	0	0	0	0	0	0	0	
15400	1955.013	3.45e+19	0	0	100000	1.948541	5.828e-06	0.5205	0.05786	6.042e-07	4.336	1.913e+04	112.1	0.0009421	0.2237	4.533e-09	0.006052	0	0.0002123	4.563e-13	2.407e-19	6.223e-26	8.298e-26	1.037e-25	1.455e-07	7.891e-08	1.037e-09	0.499	9.556e-10	3.165e-23	3.047	5.605e-06	1.908e-06	8.618e-07	0	0	0	0	0	0	0	0	0	0	0	0	0	0	0	0	0	0	0	0	0	0	0	4.819e+04	0	0	0	0	0	0	0	0	0	0	0	0	0	0	0	2.307e+05	0	0	0	0	0	0	0	0	0	0	0	0	0	0	0	0	0	0	0	0	0	0	0	
15428	1955.013	3.45e+19	0	0	100000	1.94856744	5.84e-06	0.522	0.05808	6.083e-07	4.353	1.921e+04	112.5	0.0009495	0.2248	4.56e-09	0.006082	0	0.000214	4.581e-13	2.431e-19	6.248e-26	8.331e-26	1.041e-25	1.463e-07	7.937e-08	1.044e-09	0.501	9.612e-10	3.187e-23	3.059	5.627e-06	1.915e-06	8.652e-07	0	0	0	0	0	0	0	0	0	0	0	0	0	0	0	0	0	0	0	0	0	0	0	4.828e+04	0	0	0	0	0	0	0	0	0	0	0	0	0	0	0	2.311e+05	0	0	0	0	0	0	0	0	0	0	0	0	0	0	0	0	0	0	0	0	0	0	0	
15456	1955.013	3.45e+19	0	0	100000	1.94859388	5.851e-06	0.5235	0.05831	6.125e-07	4.37	1.929e+04	113	0.0009569	0.2259	4.587e-09	0.006112	0	0.0002157	4.599e-13	2.455e-19	6.273e-26	8.363e-26	1.045e-25	1.47e-07	7.984e-08	1.051e-09	0.5029	9.669e-10	3.208e-23	3.071	5.649e-06	1.923e-06	8.686e-07	0	0	0	0	0	0	0	0	0	0	0	0	0	0	0	0	0	0	0	0	0	0	0	4.836e+04	0	0	0	0	0	0	0	0	0	0	0	0	0	0	0	2.315e+05	0	0	0	0	0	0	0	0	0	0	0	0	0	0	0	0	0	0	0	0	0	0	0	
15484	1955.013	3.45e+19	0	0	100000	1.94862032	5.863e-06	0.5251	0.05854	6.167e-07	4.387	1.936e+04	113.4	0.0009644	0.227	4.614e-09	0.006142	0	0.0002174	4.617e-13	2.479e-19	6.297e-26	8.396e-26	1.05e-25	1.477e-07	8.031e-08	1.058e-09	0.5049	9.726e-10	3.23e-23	3.083	5.672e-06	1.93e-06	8.72e-07	0	0	0	0	0	0	0	0	0	0	0	0	0	0	0	0	0	0	0	0	0	0	0	4.845e+04	0	0	0	0	0	0	0	0	0	0	0	0	0	0	0	2.319e+05	0	0	0	0	0	0	0	0	0	0	0	0	0	0	0	0	0	0	0	0	0	0	0	
15512	1955.013	3.45e+19	0	0	100000	1.94864676	5.874e-06	0.5266	0.05877	6.209e-07	4.404	1.944e+04	113.8	0.000972	0.2281	4.641e-09	0.006172	0	0.000219	4.635e-13	2.503e-19	6.321e-26	8.429e-26	1.054e-25	1.484e-07	8.078e-08	1.065e-09	0.5068	9.782e-10	3.252e-23	3.095	5.694e-06	1.938e-06	8.754e-07	0	0	0	0	0	0	0	0	0	0	0	0	0	0	0	0	0	0	0	0	0	0	0	4.854e+04	0	0	0	0	0	0	0	0	0	0	0	0	0	0	0	2.323e+05	0	0	0	0	0	0	0	0	0	0	0	0	0	0	0	0	0	0	0	0	0	0	0	
15540	1955.013	3.45e+19	0	0	100000	1.9486732	5.885e-06	0.5281	0.05899	6.251e-07	4.421	1.951e+04	114.3	0.0009795	0.2292	4.668e-09	0.006202	0	0.0002208	4.653e-13	2.527e-19	6.346e-26	8.461e-26	1.058e-25	1.491e-07	8.125e-08	1.072e-09	0.5088	9.839e-10	3.275e-23	3.107	5.716e-06	1.945e-06	8.788e-07	0	0	0	0	0	0	0	0	0	0	0	0	0	0	0	0	0	0	0	0	0	0	0	4.863e+04	0	0	0	0	0	0	0	0	0	0	0	0	0	0	0	2.328e+05	0	0	0	0	0	0	0	0	0	0	0	0	0	0	0	0	0	0	0	0	0	0	0	
15568	1955.013	3.45e+19	0	0	100000	1.94869964	5.897e-06	0.5296	0.05922	6.294e-07	4.438	1.959e+04	114.7	0.0009871	0.2303	4.695e-09	0.006231	0	0.0002225	4.671e-13	2.552e-19	6.37e-26	8.494e-26	1.062e-25	1.499e-07	8.172e-08	1.08e-09	0.5107	9.897e-10	3.297e-23	3.119	5.738e-06	1.953e-06	8.821e-07	0	0	0	0	0	0	0	0	0	0	0	0	0	0	0	0	0	0	0	0	0	0	0	4.872e+04	0	0	0	0	0	0	0	0	0	0	0	0	0	0	0	2.332e+05	0	0	0	0	0	0	0	0	0	0	0	0	0	0	0	0	0	0	0	0	0	0	0	
15596	1955.013	3.45e+19	0	0	100000	1.94872608	5.908e-06	0.5312	0.05945	6.336e-07	4.455	1.966e+04	115.2	0.0009948	0.2314	4.722e-09	0.006261	0	0.0002242	4.689e-13	2.577e-19	6.395e-26	8.526e-26	1.066e-25	1.506e-07	8.22e-08	1.087e-09	0.5127	9.954e-10	3.319e-23	3.131	5.76e-06	1.96e-06	8.855e-07	0	0	0	0	0	0	0	0	0	0	0	0	0	0	0	0	0	0	0	0	0	0	0	4.88e+04	0	0	0	0	0	0	0	0	0	0	0	0	0	0	0	2.336e+05	0	0	0	0	0	0	0	0	0	0	0	0	0	0	0	0	0	0	0	0	0	0	0	
15624	1955.013	3.45e+19	0	0	100000	1.94875252	5.919e-06	0.5327	0.05968	6.379e-07	4.472	1.974e+04	115.6	0.001003	0.2326	4.749e-09	0.006291	0	0.0002259	4.707e-13	2.602e-19	6.419e-26	8.559e-26	1.07e-25	1.513e-07	8.267e-08	1.094e-09	0.5146	1.001e-09	3.342e-23	3.143	5.782e-06	1.968e-06	8.889e-07	0	0	0	0	0	0	0	0	0	0	0	0	0	0	0	0	0	0	0	0	0	0	0	4.889e+04	0	0	0	0	0	0	0	0	0	0	0	0	0	0	0	2.34e+05	0	0	0	0	0	0	0	0	0	0	0	0	0	0	0	0	0	0	0	0	0	0	0	
15652	1955.013	3.45e+19	0	0	100000	1.94877896	5.93e-06	0.5342	0.0599	6.422e-07	4.489	1.981e+04	116	0.00101	0.2337	4.777e-09	0.006322	0	0.0002277	4.725e-13	2.627e-19	6.444e-26	8.591e-26	1.074e-25	1.52e-07	8.315e-08	1.102e-09	0.5166	1.007e-09	3.364e-23	3.155	5.804e-06	1.975e-06	8.923e-07	0	0	0	0	0	0	0	0	0	0	0	0	0	0	0	0	0	0	0	0	0	0	0	4.898e+04	0	0	0	0	0	0	0	0	0	0	0	0	0	0	0	2.344e+05	0	0	0	0	0	0	0	0	0	0	0	0	0	0	0	0	0	0	0	0	0	0	0	
15680	1955.013	3.45e+19	0	0	100000	1.9488054	5.94e-06	0.5357	0.06013	6.465e-07	4.506	1.989e+04	116.5	0.001018	0.2348	4.804e-09	0.006352	0	0.0002294	4.742e-13	2.652e-19	6.468e-26	8.624e-26	1.078e-25	1.527e-07	8.363e-08	1.109e-09	0.5185	1.013e-09	3.387e-23	3.167	5.826e-06	1.983e-06	8.957e-07	0	0	0	0	0	0	0	0	0	0	0	0	0	0	0	0	0	0	0	0	0	0	0	4.907e+04	0	0	0	0	0	0	0	0	0	0	0	0	0	0	0	2.349e+05	0	0	0	0	0	0	0	0	0	0	0	0	0	0	0	0	0	0	0	0	0	0	0	
15708	1955.013	3.45e+19	0	0	100000	1.94883184	5.952e-06	0.5372	0.06036	6.51e-07	4.524	1.996e+04	116.9	0.001026	0.2359	4.832e-09	0.006383	0	0.0002312	4.761e-13	2.678e-19	6.493e-26	8.658e-26	1.082e-25	1.535e-07	8.411e-08	1.117e-09	0.5205	1.019e-09	3.41e-23	3.18	5.848e-06	1.991e-06	8.991e-07	0	0	0	0	0	0	0	0	0	0	0	0	0	0	0	0	0	0	0	0	0	0	0	4.915e+04	0	0	0	0	0	0	0	0	0	0	0	0	0	0	0	2.353e+05	0	0	0	0	0	0	0	0	0	0	0	0	0	0	0	0	0	0	0	0	0	0	0	
15736	1955.013	3.45e+19	0	0	100000	1.94885828	5.963e-06	0.5388	0.0606	6.554e-07	4.541	2.004e+04	117.4	0.001034	0.2371	4.86e-09	0.006414	0	0.000233	4.779e-13	2.704e-19	6.518e-26	8.691e-26	1.086e-25	1.542e-07	8.46e-08	1.124e-09	0.5225	1.025e-09	3.433e-23	3.192	5.871e-06	1.998e-06	9.026e-07	0	0	0	0	0	0	0	0	0	0	0	0	0	0	0	0	0	0	0	0	0	0	0	4.924e+04	0	0	0	0	0	0	0	0	0	0	0	0	0	0	0	2.357e+05	0	0	0	0	0	0	0	0	0	0	0	0	0	0	0	0	0	0	0	0	0	0	0	
15764	1955.013	3.45e+19	0	0	100000	1.94888472	5.974e-06	0.5403	0.06083	6.599e-07	4.559	2.012e+04	117.8	0.001042	0.2382	4.889e-09	0.006445	0	0.0002348	4.798e-13	2.731e-19	6.543e-26	8.725e-26	1.091e-25	1.55e-07	8.51e-08	1.132e-09	0.5245	1.031e-09	3.456e-23	3.204	5.893e-06	2.006e-06	9.061e-07	0	0	0	0	0	0	0	0	0	0	0	0	0	0	0	0	0	0	0	0	0	0	0	4.933e+04	0	0	0	0	0	0	0	0	0	0	0	0	0	0	0	2.361e+05	0	0	0	0	0	0	0	0	0	0	0	0	0	0	0	0	0	0	0	0	0	0	0	
15792	1955.013	3.45e+19	0	0	100000	1.94891116	5.986e-06	0.5419	0.06106	6.643e-07	4.576	2.02e+04	118.3	0.00105	0.2394	4.917e-09	0.006476	0	0.0002367	4.816e-13	2.757e-19	6.569e-26	8.758e-26	1.095e-25	1.557e-07	8.559e-08	1.14e-09	0.5265	1.037e-09	3.48e-23	3.216	5.916e-06	2.014e-06	9.096e-07	0	0	0	0	0	0	0	0	0	0	0	0	0	0	0	0	0	0	0	0	0	0	0	4.942e+04	0	0	0	0	0	0	0	0	0	0	0	0	0	0	0	2.365e+05	0	0	0	0	0	0	0	0	0	0	0	0	0	0	0	0	0	0	0	0	0	0	0	
15820	1955.013	3.45e+19	0	0	100000	1.9489376	5.997e-06	0.5434	0.0613	6.688e-07	4.594	2.027e+04	118.7	0.001058	0.2405	4.946e-09	0.006507	0	0.0002385	4.835e-13	2.784e-19	6.594e-26	8.792e-26	1.099e-25	1.565e-07	8.609e-08	1.147e-09	0.5285	1.043e-09	3.504e-23	3.229	5.939e-06	2.021e-06	9.131e-07	0	0	0	0	0	0	0	0	0	0	0	0	0	0	0	0	0	0	0	0	0	0	0	4.95e+04	0	0	0	0	0	0	0	0	0	0	0	0	0	0	0	2.369e+05	0	0	0	0	0	0	0	0	0	0	0	0	0	0	0	0	0	0	0	0	0	0	0	
15848	1955.013	3.45e+19	0	0	100000	1.94896404	6.008e-06	0.5449	0.06153	6.734e-07	4.611	2.035e+04	119.2	0.001067	0.2417	4.974e-09	0.006538	0	0.0002403	4.853e-13	2.811e-19	6.619e-26	8.825e-26	1.103e-25	1.572e-07	8.658e-08	1.155e-09	0.5305	1.049e-09	3.527e-23	3.241	5.961e-06	2.029e-06	9.165e-07	0	0	0	0	0	0	0	0	0	0	0	0	0	0	0	0	0	0	0	0	0	0	0	4.959e+04	0	0	0	0	0	0	0	0	0	0	0	0	0	0	0	2.374e+05	0	0	0	0	0	0	0	0	0	0	0	0	0	0	0	0	0	0	0	0	0	0	0	
15876	1955.013	3.45e+19	0	0	100000	1.94899048	6.019e-06	0.5465	0.06176	6.779e-07	4.629	2.043e+04	119.7	0.001075	0.2428	5.003e-09	0.006569	0	0.0002422	4.871e-13	2.839e-19	6.644e-26	8.858e-26	1.107e-25	1.58e-07	8.708e-08	1.163e-09	0.5325	1.055e-09	3.551e-23	3.253	5.984e-06	2.037e-06	9.2e-07	0	0	0	0	0	0	0	0	0	0	0	0	0	0	0	0	0	0	0	0	0	0	0	4.968e+04	0	0	0	0	0	0	0	0	0	0	0	0	0	0	0	2.378e+05	0	0	0	0	0	0	0	0	0	0	0	0	0	0	0	0	0	0	0	0	0	0	0	
15904	1955.013	3.45e+19	0	0	100000	1.94901692	6.03e-06	0.548	0.062	6.825e-07	4.646	2.05e+04	120.1	0.001083	0.244	5.032e-09	0.006601	0	0.0002441	4.89e-13	2.866e-19	6.669e-26	8.892e-26	1.111e-25	1.587e-07	8.758e-08	1.171e-09	0.5345	1.061e-09	3.575e-23	3.266	6.007e-06	2.044e-06	9.235e-07	0	0	0	0	0	0	0	0	0	0	0	0	0	0	0	0	0	0	0	0	0	0	0	4.977e+04	0	0	0	0	0	0	0	0	0	0	0	0	0	0	0	2.382e+05	0	0	0	0	0	0	0	0	0	0	0	0	0	0	0	0	0	0	0	0	0	0	0	
15932	1955.013	3.45e+19	0	0	100000	1.94904336	6.041e-06	0.5495	0.06223	6.87e-07	4.664	2.058e+04	120.6	0.001091	0.2451	5.061e-09	0.006632	0	0.0002459	4.908e-13	2.894e-19	6.694e-26	8.925e-26	1.116e-25	1.595e-07	8.809e-08	1.179e-09	0.5365	1.067e-09	3.599e-23	3.278	6.029e-06	2.052e-06	9.27e-07	0	0	0	0	0	0	0	0	0	0	0	0	0	0	0	0	0	0	0	0	0	0	0	4.985e+04	0	0	0	0	0	0	0	0	0	0	0	0	0	0	0	2.386e+05	0	0	0	0	0	0	0	0	0	0	0	0	0	0	0	0	0	0	0	0	0	0	0	
15960	1955.013	3.45e+19	0	0	100000	1.9490698	6.052e-06	0.551	0.06246	6.917e-07	4.681	2.066e+04	121	0.0011	0.2463	5.089e-09	0.006663	0	0.0002478	4.927e-13	2.922e-19	6.719e-26	8.959e-26	1.12e-25	1.602e-07	8.859e-08	1.187e-09	0.5385	1.073e-09	3.623e-23	3.29	6.052e-06	2.06e-06	9.304e-07	0	0	0	0	0	0	0	0	0	0	0	0	0	0	0	0	0	0	0	0	0	0	0	4.994e+04	0	0	0	0	0	0	0	0	0	0	0	0	0	0	0	2.39e+05	0	0	0	0	0	0	0	0	0	0	0	0	0	0	0	0	0	0	0	0	0	0	0	
15988	1955.013	3.45e+19	0	0	100000	1.94909624	6.062e-06	0.5526	0.0627	6.963e-07	4.699	2.074e+04	121.5	0.001108	0.2475	5.119e-09	0.006695	0	0.0002497	4.945e-13	2.95e-19	6.744e-26	8.992e-26	1.124e-25	1.61e-07	8.909e-08	1.195e-09	0.5405	1.079e-09	3.647e-23	3.303	6.074e-06	2.068e-06	9.339e-07	0	0	0	0	0	0	0	0	0	0	0	0	0	0	0	0	0	0	0	0	0	0	0	5.003e+04	0	0	0	0	0	0	0	0	0	0	0	0	0	0	0	2.395e+05	0	0	0	0	0	0	0	0	0	0	0	0	0	0	0	0	0	0	0	0	0	0	0	
16016	1955.013	3.45e+19	0	0	100000	1.94912268	6.073e-06	0.5541	0.06293	7.009e-07	4.716	2.081e+04	121.9	0.001117	0.2486	5.148e-09	0.006726	0	0.0002516	4.963e-13	2.979e-19	6.769e-26	9.026e-26	1.128e-25	1.618e-07	8.96e-08	1.203e-09	0.5425	1.085e-09	3.672e-23	3.315	6.097e-06	2.075e-06	9.374e-07	0	0	0	0	0	0	0	0	0	0	0	0	0	0	0	0	0	0	0	0	0	0	0	5.012e+04	0	0	0	0	0	0	0	0	0	0	0	0	0	0	0	2.399e+05	0	0	0	0	0	0	0	0	0	0	0	0	0	0	0	0	0	0	0	0	0	0	0	
16044	1955.013	3.45e+19	0	0	100000	1.94914912	6.083e-06	0.5556	0.06317	7.056e-07	4.734	2.089e+04	122.4	0.001125	0.2498	5.177e-09	0.006758	0	0.0002536	4.982e-13	3.007e-19	6.795e-26	9.059e-26	1.132e-25	1.625e-07	9.011e-08	1.211e-09	0.5445	1.091e-09	3.696e-23	3.327	6.12e-06	2.083e-06	9.409e-07	0	0	0	0	0	0	0	0	0	0	0	0	0	0	0	0	0	0	0	0	0	0	0	5.02e+04	0	0	0	0	0	0	0	0	0	0	0	0	0	0	0	2.403e+05	0	0	0	0	0	0	0	0	0	0	0	0	0	0	0	0	0	0	0	0	0	0	0	
16072	1955.013	3.45e+19	0	0	100000	1.94917556	6.094e-06	0.5571	0.0634	7.103e-07	4.751	2.097e+04	122.8	0.001134	0.251	5.206e-09	0.00679	0	0.0002555	5e-13	3.036e-19	6.82e-26	9.093e-26	1.137e-25	1.633e-07	9.062e-08	1.219e-09	0.5465	1.097e-09	3.721e-23	3.339	6.142e-06	2.091e-06	9.444e-07	0	0	0	0	0	0	0	0	0	0	0	0	0	0	0	0	0	0	0	0	0	0	0	5.029e+04	0	0	0	0	0	0	0	0	0	0	0	0	0	0	0	2.407e+05	0	0	0	0	0	0	0	0	0	0	0	0	0	0	0	0	0	0	0	0	0	0	0	
16100	1955.013	3.45e+19	0	0	100000	1.949202	6.104e-06	0.5586	0.06363	7.15e-07	4.769	2.105e+04	123.3	0.001143	0.2521	5.236e-09	0.006821	0	0.0002575	5.019e-13	3.066e-19	6.845e-26	9.126e-26	1.141e-25	1.64e-07	9.114e-08	1.227e-09	0.5485	1.104e-09	3.746e-23	3.352	6.165e-06	2.098e-06	9.478e-07	0	0	0	0	0	0	0	0	0	0	0	0	0	0	0	0	0	0	0	0	0	0	0	5.038e+04	0	0	0	0	0	0	0	0	0	0	0	0	0	0	0	2.411e+05	0	0	0	0	0	0	0	0	0	0	0	0	0	0	0	0	0	0	0	0	0	0	0	
16128	1955.013	3.45e+19	0	0	100000	1.94922844	6.115e-06	0.5601	0.06387	7.198e-07	4.786	2.112e+04	123.7	0.001151	0.2533	5.265e-09	0.006853	0	0.0002594	5.037e-13	3.095e-19	6.87e-26	9.16e-26	1.145e-25	1.648e-07	9.165e-08	1.235e-09	0.5505	1.11e-09	3.77e-23	3.364	6.188e-06	2.106e-06	9.513e-07	0	0	0	0	0	0	0	0	0	0	0	0	0	0	0	0	0	0	0	0	0	0	0	5.047e+04	0	0	0	0	0	0	0	0	0	0	0	0	0	0	0	2.416e+05	0	0	0	0	0	0	0	0	0	0	0	0	0	0	0	0	0	0	0	0	0	0	0	
16156	1955.013	3.45e+19	0	0	100000	1.94925488	6.125e-06	0.5616	0.0641	7.245e-07	4.804	2.12e+04	124.2	0.00116	0.2545	5.295e-09	0.006885	0	0.0002614	5.056e-13	3.125e-19	6.895e-26	9.193e-26	1.149e-25	1.656e-07	9.217e-08	1.243e-09	0.5525	1.116e-09	3.795e-23	3.376	6.21e-06	2.114e-06	9.548e-07	0	0	0	0	0	0	0	0	0	0	0	0	0	0	0	0	0	0	0	0	0	0	0	5.055e+04	0	0	0	0	0	0	0	0	0	0	0	0	0	0	0	2.42e+05	0	0	0	0	0	0	0	0	0	0	0	0	0	0	0	0	0	0	0	0	0	0	0	
16184	1955.013	3.45e+19	0	0	100000	1.94928132	6.135e-06	0.5631	0.06433	7.293e-07	4.821	2.128e+04	124.6	0.001169	0.2557	5.325e-09	0.006917	0	0.0002634	5.074e-13	3.155e-19	6.92e-26	9.227e-26	1.153e-25	1.663e-07	9.268e-08	1.251e-09	0.5545	1.122e-09	3.82e-23	3.389	6.233e-06	2.121e-06	9.583e-07	0	0	0	0	0	0	0	0	0	0	0	0	0	0	0	0	0	0	0	0	0	0	0	5.064e+04	0	0	0	0	0	0	0	0	0	0	0	0	0	0	0	2.424e+05	0	0	0	0	0	0	0	0	0	0	0	0	0	0	0	0	0	0	0	0	0	0	0	
16212	1955.013	3.45e+19	0	0	100000	1.94930776	6.146e-06	0.5646	0.06457	7.341e-07	4.839	2.135e+04	125.1	0.001178	0.2568	5.355e-09	0.006949	0	0.0002654	5.092e-13	3.185e-19	6.945e-26	9.26e-26	1.158e-25	1.671e-07	9.32e-08	1.26e-09	0.5565	1.129e-09	3.846e-23	3.401	6.255e-06	2.129e-06	9.618e-07	0	0	0	0	0	0	0	0	0	0	0	0	0	0	0	0	0	0	0	0	0	0	0	5.073e+04	0	0	0	0	0	0	0	0	0	0	0	0	0	0	0	2.428e+05	0	0	0	0	0	0	0	0	0	0	0	0	0	0	0	0	0	0	0	0	0	0	0	
16240	1955.013	3.45e+19	0	0	100000	1.9493342	6.156e-06	0.5661	0.0648	7.39e-07	4.856	2.143e+04	125.5	0.001187	0.258	5.385e-09	0.006981	0	0.0002674	5.111e-13	3.215e-19	6.97e-26	9.294e-26	1.162e-25	1.679e-07	9.373e-08	1.268e-09	0.5585	1.135e-09	3.871e-23	3.413	6.278e-06	2.137e-06	9.652e-07	0	0	0	0	0	0	0	0	0	0	0	0	0	0	0	0	0	0	0	0	0	0	0	5.082e+04	0	0	0	0	0	0	0	0	0	0	0	0	0	0	0	2.432e+05	0	0	0	0	0	0	0	0	0	0	0	0	0	0	0	0	0	0	0	0	0	0	0	
16268	1955.013	3.45e+19	0	0	100000	1.94936064	6.166e-06	0.5675	0.06503	7.438e-07	4.874	2.151e+04	126	0.001196	0.2592	5.415e-09	0.007013	0	0.0002694	5.129e-13	3.246e-19	6.996e-26	9.327e-26	1.166e-25	1.686e-07	9.425e-08	1.276e-09	0.5605	1.141e-09	3.896e-23	3.426	6.301e-06	2.145e-06	9.687e-07	0	0	0	0	0	0	0	0	0	0	0	0	0	0	0	0	0	0	0	0	0	0	0	5.091e+04	0	0	0	0	0	0	0	0	0	0	0	0	0	0	0	2.437e+05	0	0	0	0	0	0	0	0	0	0	0	0	0	0	0	0	0	0	0	0	0	0	0	
16296	1955.013	3.45e+19	0	0	100000	1.94938708	6.176e-06	0.569	0.06527	7.487e-07	4.891	2.159e+04	126.4	0.001205	0.2604	5.445e-09	0.007045	0	0.0002714	5.148e-13	3.277e-19	7.021e-26	9.361e-26	1.17e-25	1.694e-07	9.477e-08	1.285e-09	0.5625	1.148e-09	3.922e-23	3.438	6.323e-06	2.152e-06	9.722e-07	0	0	0	0	0	0	0	0	0	0	0	0	0	0	0	0	0	0	0	0	0	0	0	5.099e+04	0	0	0	0	0	0	0	0	0	0	0	0	0	0	0	2.441e+05	0	0	0	0	0	0	0	0	0	0	0	0	0	0	0	0	0	0	0	0	0	0	0	
16324	1955.013	3.45e+19	0	0	100000	1.94941352	6.186e-06	0.5705	0.0655	7.536e-07	4.909	2.166e+04	126.9	0.001214	0.2616	5.475e-09	0.007077	0	0.0002735	5.166e-13	3.308e-19	7.046e-26	9.394e-26	1.174e-25	1.702e-07	9.53e-08	1.293e-09	0.5645	1.154e-09	3.948e-23	3.45	6.346e-06	2.16e-06	9.757e-07	0	0	0	0	0	0	0	0	0	0	0	0	0	0	0	0	0	0	0	0	0	0	0	5.108e+04	0	0	0	0	0	0	0	0	0	0	0	0	0	0	0	2.445e+05	0	0	0	0	0	0	0	0	0	0	0	0	0	0	0	0	0	0	0	0	0	0	0	
16352	1955.013	3.45e+19	0	0	100000	1.94943996	6.195e-06	0.572	0.06573	7.586e-07	4.926	2.174e+04	127.3	0.001223	0.2628	5.505e-09	0.007109	0	0.0002755	5.185e-13	3.34e-19	7.071e-26	9.428e-26	1.178e-25	1.71e-07	9.583e-08	1.301e-09	0.5665	1.161e-09	3.974e-23	3.462	6.369e-06	2.168e-06	9.792e-07	0	0	0	0	0	0	0	0	0	0	0	0	0	0	0	0	0	0	0	0	0	0	0	5.117e+04	0	0	0	0	0	0	0	0	0	0	0	0	0	0	0	2.449e+05	0	0	0	0	0	0	0	0	0	0	0	0	0	0	0	0	0	0	0	0	0	0	0	
16380	1955.013	3.45e+19	0	0	100000	1.9494664	6.205e-06	0.5734	0.06597	7.635e-07	4.944	2.182e+04	127.8	0.001232	0.264	5.536e-09	0.007142	0	0.0002776	5.203e-13	3.371e-19	7.096e-26	9.462e-26	1.183e-25	1.717e-07	9.636e-08	1.31e-09	0.5685	1.167e-09	3.999e-23	3.475	6.391e-06	2.175e-06	9.826e-07	0	0	0	0	0	0	0	0	0	0	0	0	0	0	0	0	0	0	0	0	0	0	0	5.126e+04	0	0	0	0	0	0	0	0	0	0	0	0	0	0	0	2.453e+05	0	0	0	0	0	0	0	0	0	0	0	0	0	0	0	0	0	0	0	0	0	0	0	
16408	1955.013	3.45e+19	0	0	100000	1.94949284	6.215e-06	0.5749	0.0662	7.685e-07	4.961	2.19e+04	128.3	0.001241	0.2652	5.567e-09	0.007174	0	0.0002797	5.221e-13	3.403e-19	7.121e-26	9.495e-26	1.187e-25	1.725e-07	9.689e-08	1.318e-09	0.5705	1.173e-09	4.026e-23	3.487	6.414e-06	2.183e-06	9.861e-07	0	0	0	0	0	0	0	0	0	0	0	0	0	0	0	0	0	0	0	0	0	0	0	5.134e+04	0	0	0	0	0	0	0	0	0	0	0	0	0	0	0	2.458e+05	0	0	0	0	0	0	0	0	0	0	0	0	0	0	0	0	0	0	0	0	0	0	0	
16436	1955.013	3.45e+19	0	0	100000	1.94951928	6.225e-06	0.5764	0.06644	7.735e-07	4.979	2.197e+04	128.7	0.001251	0.2664	5.597e-09	0.007207	0	0.0002818	5.24e-13	3.436e-19	7.146e-26	9.529e-26	1.191e-25	1.733e-07	9.743e-08	1.327e-09	0.5725	1.18e-09	4.052e-23	3.499	6.437e-06	2.191e-06	9.896e-07	0	0	0	0	0	0	0	0	0	0	0	0	0	0	0	0	0	0	0	0	0	0	0	5.143e+04	0	0	0	0	0	0	0	0	0	0	0	0	0	0	0	2.462e+05	0	0	0	0	0	0	0	0	0	0	0	0	0	0	0	0	0	0	0	0	0	0	0	
16464	1955.013	3.45e+19	0	0	100000	1.94954572	6.234e-06	0.5778	0.06667	7.785e-07	4.996	2.205e+04	129.2	0.00126	0.2676	5.628e-09	0.007239	0	0.0002839	5.258e-13	3.468e-19	7.172e-26	9.562e-26	1.195e-25	1.741e-07	9.796e-08	1.336e-09	0.5745	1.186e-09	4.078e-23	3.512	6.459e-06	2.199e-06	9.931e-07	0	0	0	0	0	0	0	0	0	0	0	0	0	0	0	0	0	0	0	0	0	0	0	5.152e+04	0	0	0	0	0	0	0	0	0	0	0	0	0	0	0	2.466e+05	0	0	0	0	0	0	0	0	0	0	0	0	0	0	0	0	0	0	0	0	0	0	0	
16492	1955.013	3.45e+19	0	0	100000	1.94957216	6.244e-06	0.5793	0.0669	7.836e-07	5.014	2.213e+04	129.6	0.001269	0.2688	5.659e-09	0.007272	0	0.000286	5.277e-13	3.501e-19	7.197e-26	9.596e-26	1.199e-25	1.749e-07	9.85e-08	1.344e-09	0.5765	1.193e-09	4.104e-23	3.524	6.482e-06	2.206e-06	9.966e-07	0	0	0	0	0	0	0	0	0	0	0	0	0	0	0	0	0	0	0	0	0	0	0	5.161e+04	0	0	0	0	0	0	0	0	0	0	0	0	0	0	0	2.47e+05	0	0	0	0	0	0	0	0	0	0	0	0	0	0	0	0	0	0	0	0	0	0	0	
16520	1955.013	3.45e+19	0	0	100000	1.9495986	6.253e-06	0.5807	0.06714	7.886e-07	5.032	2.22e+04	130.1	0.001279	0.27	5.69e-09	0.007304	0	0.0002881	5.295e-13	3.534e-19	7.222e-26	9.629e-26	1.204e-25	1.757e-07	9.904e-08	1.353e-09	0.5785	1.199e-09	4.131e-23	3.536	6.504e-06	2.214e-06	1e-06	0	0	0	0	0	0	0	0	0	0	0	0	0	0	0	0	0	0	0	0	0	0	0	5.169e+04	0	0	0	0	0	0	0	0	0	0	0	0	0	0	0	2.474e+05	0	0	0	0	0	0	0	0	0	0	0	0	0	0	0	0	0	0	0	0	0	0	0	
16548	1955.013	3.45e+19	0	0	100000	1.94962504	6.262e-06	0.5822	0.06737	7.937e-07	5.049	2.228e+04	130.5	0.001288	0.2712	5.721e-09	0.007337	0	0.0002903	5.314e-13	3.568e-19	7.247e-26	9.663e-26	1.208e-25	1.764e-07	9.958e-08	1.362e-09	0.5805	1.206e-09	4.158e-23	3.549	6.527e-06	2.222e-06	1.004e-06	0	0	0	0	0	0	0	0	0	0	0	0	0	0	0	0	0	0	0	0	0	0	0	5.178e+04	0	0	0	0	0	0	0	0	0	0	0	0	0	0	0	2.479e+05	0	0	0	0	0	0	0	0	0	0	0	0	0	0	0	0	0	0	0	0	0	0	0	
16576	1955.013	3.45e+19	0	0	100000	1.94965148	6.272e-06	0.5836	0.0676	7.988e-07	5.067	2.236e+04	131	0.001298	0.2724	5.752e-09	0.00737	0	0.0002925	5.332e-13	3.601e-19	7.272e-26	9.696e-26	1.212e-25	1.772e-07	1.001e-07	1.371e-09	0.5825	1.213e-09	4.185e-23	3.561	6.55e-06	2.229e-06	1.007e-06	0	0	0	0	0	0	0	0	0	0	0	0	0	0	0	0	0	0	0	0	0	0	0	5.187e+04	0	0	0	0	0	0	0	0	0	0	0	0	0	0	0	2.483e+05	0	0	0	0	0	0	0	0	0	0	0	0	0	0	0	0	0	0	0	0	0	0	0	
16604	1955.013	3.45e+19	0	0	100000	1.94967792	6.281e-06	0.585	0.06784	8.04e-07	5.084	2.244e+04	131.4	0.001308	0.2736	5.784e-09	0.007402	0	0.0002946	5.35e-13	3.635e-19	7.297e-26	9.73e-26	1.216e-25	1.78e-07	1.007e-07	1.379e-09	0.5845	1.219e-09	4.211e-23	3.573	6.572e-06	2.237e-06	1.01e-06	0	0	0	0	0	0	0	0	0	0	0	0	0	0	0	0	0	0	0	0	0	0	0	5.196e+04	0	0	0	0	0	0	0	0	0	0	0	0	0	0	0	2.487e+05	0	0	0	0	0	0	0	0	0	0	0	0	0	0	0	0	0	0	0	0	0	0	0	
16632	1955.013	3.45e+19	0	0	100000	1.94970436	6.29e-06	0.5865	0.06807	8.092e-07	5.102	2.251e+04	131.9	0.001317	0.2748	5.815e-09	0.007435	0	0.0002968	5.369e-13	3.67e-19	7.322e-26	9.763e-26	1.22e-25	1.788e-07	1.012e-07	1.388e-09	0.5865	1.226e-09	4.239e-23	3.586	6.595e-06	2.245e-06	1.014e-06	0	0	0	0	0	0	0	0	0	0	0	0	0	0	0	0	0	0	0	0	0	0	0	5.204e+04	0	0	0	0	0	0	0	0	0	0	0	0	0	0	0	2.491e+05	0	0	0	0	0	0	0	0	0	0	0	0	0	0	0	0	0	0	0	0	0	0	0	
16660	1955.013	3.45e+19	0	0	100000	1.9497308	6.299e-06	0.5879	0.06831	8.143e-07	5.119	2.259e+04	132.3	0.001327	0.276	5.847e-09	0.007468	0	0.000299	5.387e-13	3.704e-19	7.348e-26	9.797e-26	1.225e-25	1.796e-07	1.018e-07	1.397e-09	0.5885	1.232e-09	4.266e-23	3.598	6.618e-06	2.252e-06	1.017e-06	0	0	0	0	0	0	0	0	0	0	0	0	0	0	0	0	0	0	0	0	0	0	0	5.213e+04	0	0	0	0	0	0	0	0	0	0	0	0	0	0	0	2.495e+05	0	0	0	0	0	0	0	0	0	0	0	0	0	0	0	0	0	0	0	0	0	0	0	
16688	1955.013	3.45e+19	0	0	100000	1.94975724	6.308e-06	0.5893	0.06854	8.196e-07	5.137	2.267e+04	132.8	0.001337	0.2773	5.878e-09	0.007501	0	0.0003012	5.406e-13	3.739e-19	7.373e-26	9.83e-26	1.229e-25	1.804e-07	1.023e-07	1.406e-09	0.5905	1.239e-09	4.293e-23	3.61	6.64e-06	2.26e-06	1.021e-06	0	0	0	0	0	0	0	0	0	0	0	0	0	0	0	0	0	0	0	0	0	0	0	5.222e+04	0	0	0	0	0	0	0	0	0	0	0	0	0	0	0	2.499e+05	0	0	0	0	0	0	0	0	0	0	0	0	0	0	0	0	0	0	0	0	0	0	0	
16716	1955.013	3.45e+19	0	0	100000	1.94978368	6.317e-06	0.5908	0.06877	8.248e-07	5.154	2.275e+04	133.2	0.001347	0.2785	5.91e-09	0.007534	0	0.0003034	5.424e-13	3.774e-19	7.398e-26	9.864e-26	1.233e-25	1.812e-07	1.029e-07	1.415e-09	0.5925	1.246e-09	4.321e-23	3.623	6.663e-06	2.268e-06	1.024e-06	0	0	0	0	0	0	0	0	0	0	0	0	0	0	0	0	0	0	0	0	0	0	0	5.231e+04	0	0	0	0	0	0	0	0	0	0	0	0	0	0	0	2.504e+05	0	0	0	0	0	0	0	0	0	0	0	0	0	0	0	0	0	0	0	0	0	0	0	
16744	1955.013	3.45e+19	0	0	100000	1.94981012	6.326e-06	0.5922	0.06901	8.301e-07	5.172	2.282e+04	133.7	0.001357	0.2797	5.942e-09	0.007567	0	0.0003057	5.443e-13	3.81e-19	7.423e-26	9.897e-26	1.237e-25	1.82e-07	1.034e-07	1.424e-09	0.5945	1.252e-09	4.348e-23	3.635	6.686e-06	2.276e-06	1.028e-06	0	0	0	0	0	0	0	0	0	0	0	0	0	0	0	0	0	0	0	0	0	0	0	5.239e+04	0	0	0	0	0	0	0	0	0	0	0	0	0	0	0	2.508e+05	0	0	0	0	0	0	0	0	0	0	0	0	0	0	0	0	0	0	0	0	0	0	0	
16772	1955.013	3.45e+19	0	0	100000	1.94983656	6.335e-06	0.5936	0.06924	8.354e-07	5.189	2.29e+04	134.1	0.001367	0.2809	5.974e-09	0.0076	0	0.0003079	5.461e-13	3.845e-19	7.448e-26	9.931e-26	1.241e-25	1.828e-07	1.04e-07	1.433e-09	0.5965	1.259e-09	4.376e-23	3.647	6.708e-06	2.283e-06	1.031e-06	0	0	0	0	0	0	0	0	0	0	0	0	0	0	0	0	0	0	0	0	0	0	0	5.248e+04	0	0	0	0	0	0	0	0	0	0	0	0	0	0	0	2.512e+05	0	0	0	0	0	0	0	0	0	0	0	0	0	0	0	0	0	0	0	0	0	0	0	
16800	1955.013	3.45e+19	0	0	100000	1.949863	6.344e-06	0.595	0.06947	8.407e-07	5.207	2.298e+04	134.6	0.001377	0.2822	6.006e-09	0.007634	0	0.0003102	5.479e-13	3.881e-19	7.473e-26	9.964e-26	1.246e-25	1.836e-07	1.045e-07	1.442e-09	0.5985	1.266e-09	4.404e-23	3.659	6.731e-06	2.291e-06	1.035e-06	0	0	0	0	0	0	0	0	0	0	0	0	0	0	0	0	0	0	0	0	0	0	0	5.257e+04	0	0	0	0	0	0	0	0	0	0	0	0	0	0	0	2.516e+05	0	0	0	0	0	0	0	0	0	0	0	0	0	0	0	0	0	0	0	0	0	0	0	
16828	1955.013	3.45e+19	0	0	100000	1.94988935	6.353e-06	0.5964	0.06971	8.46e-07	5.224	2.306e+04	135	0.001387	0.2834	6.038e-09	0.007667	0	0.0003125	5.498e-13	3.917e-19	7.498e-26	9.998e-26	1.25e-25	1.844e-07	1.051e-07	1.451e-09	0.6005	1.273e-09	4.432e-23	3.672	6.754e-06	2.299e-06	1.038e-06	0	0	0	0	0	0	0	0	0	0	0	0	0	0	0	0	0	0	0	0	0	0	0	5.266e+04	0	0	0	0	0	0	0	0	0	0	0	0	0	0	0	2.52e+05	0	0	0	0	0	0	0	0	0	0	0	0	0	0	0	0	0	0	0	0	0	0	0	
16856	1955.013	3.45e+19	0	0	100000	1.9499157	6.361e-06	0.5978	0.06994	8.514e-07	5.242	2.313e+04	135.5	0.001397	0.2846	6.07e-09	0.0077	0	0.0003148	5.516e-13	3.954e-19	7.524e-26	1.003e-25	1.254e-25	1.852e-07	1.057e-07	1.461e-09	0.6025	1.28e-09	4.46e-23	3.684	6.776e-06	2.306e-06	1.042e-06	0	0	0	0	0	0	0	0	0	0	0	0	0	0	0	0	0	0	0	0	0	0	0	5.275e+04	0	0	0	0	0	0	0	0	0	0	0	0	0	0	0	2.525e+05	0	0	0	0	0	0	0	0	0	0	0	0	0	0	0	0	0	0	0	0	0	0	0	
16884	1955.013	3.45e+19	0	0	100000	1.94994205	6.37e-06	0.5992	0.07018	8.568e-07	5.259	2.321e+04	136	0.001407	0.2859	6.103e-09	0.007734	0	0.0003171	5.535e-13	3.991e-19	7.549e-26	1.006e-25	1.258e-25	1.86e-07	1.062e-07	1.47e-09	0.6045	1.286e-09	4.488e-23	3.696	6.799e-06	2.314e-06	1.045e-06	0	0	0	0	0	0	0	0	0	0	0	0	0	0	0	0	0	0	0	0	0	0	0	5.283e+04	0	0	0	0	0	0	0	0	0	0	0	0	0	0	0	2.529e+05	0	0	0	0	0	0	0	0	0	0	0	0	0	0	0	0	0	0	0	0	0	0	0	
16912	1955.013	3.45e+19	0	0	100000	1.9499684	6.379e-06	0.6006	0.07041	8.622e-07	5.277	2.329e+04	136.4	0.001418	0.2871	6.135e-09	0.007767	0	0.0003194	5.553e-13	4.028e-19	7.574e-26	1.01e-25	1.262e-25	1.868e-07	1.068e-07	1.479e-09	0.6065	1.293e-09	4.516e-23	3.709	6.821e-06	2.322e-06	1.049e-06	0	0	0	0	0	0	0	0	0	0	0	0	0	0	0	0	0	0	0	0	0	0	0	5.292e+04	0	0	0	0	0	0	0	0	0	0	0	0	0	0	0	2.533e+05	0	0	0	0	0	0	0	0	0	0	0	0	0	0	0	0	0	0	0	0	0	0	0	
16940	1955.013	3.45e+19	0	0	100000	1.94999475	6.387e-06	0.602	0.07064	8.676e-07	5.294	2.336e+04	136.9	0.001428	0.2883	6.168e-09	0.007801	0	0.0003217	5.572e-13	4.066e-19	7.599e-26	1.013e-25	1.266e-25	1.876e-07	1.074e-07	1.489e-09	0.6085	1.3e-09	4.545e-23	3.721	6.844e-06	2.33e-06	1.052e-06	0	0	0	0	0	0	0	0	0	0	0	0	0	0	0	0	0	0	0	0	0	0	0	5.301e+04	0	0	0	0	0	0	0	0	0	0	0	0	0	0	0	2.537e+05	0	0	0	0	0	0	0	0	0	0	0	0	0	0	0	0	0	0	0	0	0	0	0	
16968	1955.013	3.45e+19	0	0	100000	1.9500211	6.395e-06	0.6034	0.07088	8.731e-07	5.312	2.344e+04	137.3	0.001439	0.2896	6.2e-09	0.007834	0	0.0003241	5.59e-13	4.103e-19	7.624e-26	1.017e-25	1.271e-25	1.884e-07	1.079e-07	1.498e-09	0.6104	1.307e-09	4.573e-23	3.733	6.867e-06	2.337e-06	1.056e-06	0	0	0	0	0	0	0	0	0	0	0	0	0	0	0	0	0	0	0	0	0	0	0	5.31e+04	0	0	0	0	0	0	0	0	0	0	0	0	0	0	0	2.541e+05	0	0	0	0	0	0	0	0	0	0	0	0	0	0	0	0	0	0	0	0	0	0	0	
16996	1955.013	3.45e+19	0	0	100000	1.95004745	6.404e-06	0.6048	0.07111	8.786e-07	5.329	2.352e+04	137.8	0.001449	0.2908	6.233e-09	0.007868	0	0.0003264	5.609e-13	4.141e-19	7.649e-26	1.02e-25	1.275e-25	1.892e-07	1.085e-07	1.507e-09	0.6124	1.314e-09	4.602e-23	3.746	6.889e-06	2.345e-06	1.059e-06	0	0	0	0	0	0	0	0	0	0	0	0	0	0	0	0	0	0	0	0	0	0	0	5.318e+04	0	0	0	0	0	0	0	0	0	0	0	0	0	0	0	2.546e+05	0	0	0	0	0	0	0	0	0	0	0	0	0	0	0	0	0	0	0	0	0	0	0	
17024	1955.013	3.45e+19	0	0	100000	1.9500738	6.412e-06	0.6062	0.07134	8.841e-07	5.347	2.36e+04	138.2	0.00146	0.2921	6.266e-09	0.007902	0	0.0003288	5.627e-13	4.18e-19	7.674e-26	1.023e-25	1.279e-25	1.9e-07	1.091e-07	1.517e-09	0.6144	1.321e-09	4.631e-23	3.758	6.912e-06	2.353e-06	1.063e-06	0	0	0	0	0	0	0	0	0	0	0	0	0	0	0	0	0	0	0	0	0	0	0	5.327e+04	0	0	0	0	0	0	0	0	0	0	0	0	0	0	0	2.55e+05	0	0	0	0	0	0	0	0	0	0	0	0	0	0	0	0	0	0	0	0	0	0	0	
17052	1955.013	3.45e+19	0	0	100000	1.95010015	6.42e-06	0.6076	0.07158	8.896e-07	5.364	2.367e+04	138.7	0.00147	0.2933	6.299e-09	0.007935	0	0.0003312	5.645e-13	4.219e-19	7.7e-26	1.027e-25	1.283e-25	1.908e-07	1.096e-07	1.526e-09	0.6164	1.328e-09	4.66e-23	3.77	6.935e-06	2.36e-06	1.066e-06	0	0	0	0	0	0	0	0	0	0	0	0	0	0	0	0	0	0	0	0	0	0	0	5.336e+04	0	0	0	0	0	0	0	0	0	0	0	0	0	0	0	2.554e+05	0	0	0	0	0	0	0	0	0	0	0	0	0	0	0	0	0	0	0	0	0	0	0	
17080	1955.013	3.45e+19	0	0	100000	1.9501265	6.429e-06	0.609	0.07181	8.952e-07	5.382	2.375e+04	139.1	0.001481	0.2946	6.332e-09	0.007969	0	0.0003336	5.664e-13	4.258e-19	7.725e-26	1.03e-25	1.287e-25	1.916e-07	1.102e-07	1.536e-09	0.6184	1.335e-09	4.689e-23	3.783	6.957e-06	2.368e-06	1.07e-06	0	0	0	0	0	0	0	0	0	0	0	0	0	0	0	0	0	0	0	0	0	0	0	5.345e+04	0	0	0	0	0	0	0	0	0	0	0	0	0	0	0	2.558e+05	0	0	0	0	0	0	0	0	0	0	0	0	0	0	0	0	0	0	0	0	0	0	0	
17108	1955.013	3.45e+19	0	0	100000	1.95015285	6.437e-06	0.6104	0.07205	9.008e-07	5.399	2.383e+04	139.6	0.001492	0.2958	6.365e-09	0.008003	0	0.000336	5.682e-13	4.297e-19	7.75e-26	1.033e-25	1.292e-25	1.925e-07	1.108e-07	1.545e-09	0.6204	1.342e-09	4.719e-23	3.795	6.98e-06	2.376e-06	1.073e-06	0	0	0	0	0	0	0	0	0	0	0	0	0	0	0	0	0	0	0	0	0	0	0	5.353e+04	0	0	0	0	0	0	0	0	0	0	0	0	0	0	0	2.562e+05	0	0	0	0	0	0	0	0	0	0	0	0	0	0	0	0	0	0	0	0	0	0	0	
17136	1955.013	3.45e+19	0	0	100000	1.9501792	6.445e-06	0.6117	0.07228	9.064e-07	5.417	2.391e+04	140	0.001502	0.2971	6.399e-09	0.008037	0	0.0003384	5.701e-13	4.337e-19	7.775e-26	1.037e-25	1.296e-25	1.933e-07	1.114e-07	1.555e-09	0.6224	1.349e-09	4.748e-23	3.807	7.003e-06	2.384e-06	1.077e-06	0	0	0	0	0	0	0	0	0	0	0	0	0	0	0	0	0	0	0	0	0	0	0	5.362e+04	0	0	0	0	0	0	0	0	0	0	0	0	0	0	0	2.567e+05	0	0	0	0	0	0	0	0	0	0	0	0	0	0	0	0	0	0	0	0	0	0	0	
17164	1955.013	3.45e+19	0	0	100000	1.95020555	6.453e-06	0.6131	0.07251	9.121e-07	5.434	2.398e+04	140.5	0.001513	0.2983	6.432e-09	0.008071	0	0.0003409	5.719e-13	4.377e-19	7.8e-26	1.04e-25	1.3e-25	1.941e-07	1.12e-07	1.565e-09	0.6244	1.356e-09	4.778e-23	3.82	7.025e-06	2.391e-06	1.08e-06	0	0	0	0	0	0	0	0	0	0	0	0	0	0	0	0	0	0	0	0	0	0	0	5.371e+04	0	0	0	0	0	0	0	0	0	0	0	0	0	0	0	2.571e+05	0	0	0	0	0	0	0	0	0	0	0	0	0	0	0	0	0	0	0	0	0	0	0	
17192	1955.013	3.45e+19	0	0	100000	1.9502319	6.461e-06	0.6145	0.07275	9.177e-07	5.452	2.406e+04	140.9	0.001524	0.2996	6.466e-09	0.008105	0	0.0003433	5.738e-13	4.417e-19	7.825e-26	1.043e-25	1.304e-25	1.949e-07	1.125e-07	1.574e-09	0.6264	1.363e-09	4.807e-23	3.832	7.048e-06	2.399e-06	1.084e-06	0	0	0	0	0	0	0	0	0	0	0	0	0	0	0	0	0	0	0	0	0	0	0	5.38e+04	0	0	0	0	0	0	0	0	0	0	0	0	0	0	0	2.575e+05	0	0	0	0	0	0	0	0	0	0	0	0	0	0	0	0	0	0	0	0	0	0	0	
17220	1955.013	3.45e+19	0	0	100000	1.95025825	6.469e-06	0.6158	0.07298	9.234e-07	5.47	2.414e+04	141.4	0.001535	0.3009	6.5e-09	0.008139	0	0.0003458	5.756e-13	4.458e-19	7.851e-26	1.047e-25	1.308e-25	1.957e-07	1.131e-07	1.584e-09	0.6284	1.37e-09	4.837e-23	3.844	7.071e-06	2.407e-06	1.087e-06	0	0	0	0	0	0	0	0	0	0	0	0	0	0	0	0	0	0	0	0	0	0	0	5.388e+04	0	0	0	0	0	0	0	0	0	0	0	0	0	0	0	2.579e+05	0	0	0	0	0	0	0	0	0	0	0	0	0	0	0	0	0	0	0	0	0	0	0	
17248	1955.013	3.45e+19	0	0	100000	1.9502846	6.477e-06	0.6172	0.07322	9.292e-07	5.487	2.422e+04	141.8	0.001546	0.3021	6.533e-09	0.008174	0	0.0003483	5.775e-13	4.499e-19	7.876e-26	1.05e-25	1.313e-25	1.966e-07	1.137e-07	1.594e-09	0.6304	1.377e-09	4.867e-23	3.857	7.093e-06	2.414e-06	1.091e-06	0	0	0	0	0	0	0	0	0	0	0	0	0	0	0	0	0	0	0	0	0	0	0	5.397e+04	0	0	0	0	0	0	0	0	0	0	0	0	0	0	0	2.583e+05	0	0	0	0	0	0	0	0	0	0	0	0	0	0	0	0	0	0	0	0	0	0	0	
17276	1955.013	3.45e+19	0	0	100000	1.95031095	6.484e-06	0.6185	0.07345	9.349e-07	5.505	2.429e+04	142.3	0.001557	0.3034	6.567e-09	0.008208	0	0.0003508	5.793e-13	4.54e-19	7.901e-26	1.053e-25	1.317e-25	1.974e-07	1.143e-07	1.604e-09	0.6324	1.384e-09	4.897e-23	3.869	7.116e-06	2.422e-06	1.094e-06	0	0	0	0	0	0	0	0	0	0	0	0	0	0	0	0	0	0	0	0	0	0	0	5.406e+04	0	0	0	0	0	0	0	0	0	0	0	0	0	0	0	2.588e+05	0	0	0	0	0	0	0	0	0	0	0	0	0	0	0	0	0	0	0	0	0	0	0	
17304	1955.013	3.45e+19	0	0	100000	1.9503373	6.492e-06	0.6199	0.07368	9.407e-07	5.522	2.437e+04	142.8	0.001569	0.3047	6.601e-09	0.008242	0	0.0003533	5.811e-13	4.582e-19	7.926e-26	1.057e-25	1.321e-25	1.982e-07	1.149e-07	1.614e-09	0.6344	1.391e-09	4.928e-23	3.881	7.139e-06	2.43e-06	1.098e-06	0	0	0	0	0	0	0	0	0	0	0	0	0	0	0	0	0	0	0	0	0	0	0	5.415e+04	0	0	0	0	0	0	0	0	0	0	0	0	0	0	0	2.592e+05	0	0	0	0	0	0	0	0	0	0	0	0	0	0	0	0	0	0	0	0	0	0	0	
17332	1955.013	3.45e+19	0	0	100000	1.95036365	6.5e-06	0.6212	0.07392	9.465e-07	5.54	2.445e+04	143.2	0.00158	0.3059	6.636e-09	0.008277	0	0.0003559	5.83e-13	4.624e-19	7.951e-26	1.06e-25	1.325e-25	1.99e-07	1.155e-07	1.624e-09	0.6364	1.399e-09	4.958e-23	3.893	7.161e-06	2.438e-06	1.101e-06	0	0	0	0	0	0	0	0	0	0	0	0	0	0	0	0	0	0	0	0	0	0	0	5.423e+04	0	0	0	0	0	0	0	0	0	0	0	0	0	0	0	2.596e+05	0	0	0	0	0	0	0	0	0	0	0	0	0	0	0	0	0	0	0	0	0	0	0	
17360	1955.013	3.45e+19	0	0	100000	1.95039	6.507e-06	0.6226	0.07415	9.524e-07	5.557	2.453e+04	143.7	0.001591	0.3072	6.67e-09	0.008311	0	0.0003584	5.848e-13	4.667e-19	7.976e-26	1.064e-25	1.329e-25	1.999e-07	1.161e-07	1.634e-09	0.6384	1.406e-09	4.989e-23	3.906	7.184e-06	2.445e-06	1.105e-06	0	0	0	0	0	0	0	0	0	0	0	0	0	0	0	0	0	0	0	0	0	0	0	5.432e+04	0	0	0	0	0	0	0	0	0	0	0	0	0	0	0	2.6e+05	0	0	0	0	0	0	0	0	0	0	0	0	0	0	0	0	0	0	0	0	0	0	0	
17388	1955.013	3.45e+19	0	0	100000	1.95041635	6.515e-06	0.6239	0.07439	9.582e-07	5.575	2.46e+04	144.1	0.001603	0.3085	6.704e-09	0.008346	0	0.000361	5.867e-13	4.709e-19	8.001e-26	1.067e-25	1.334e-25	2.007e-07	1.167e-07	1.644e-09	0.6404	1.413e-09	5.019e-23	3.918	7.207e-06	2.453e-06	1.108e-06	0	0	0	0	0	0	0	0	0	0	0	0	0	0	0	0	0	0	0	0	0	0	0	5.441e+04	0	0	0	0	0	0	0	0	0	0	0	0	0	0	0	2.604e+05	0	0	0	0	0	0	0	0	0	0	0	0	0	0	0	0	0	0	0	0	0	0	0	
17416	1955.013	3.45e+19	0	0	100000	1.9504427	6.522e-06	0.6253	0.07462	9.641e-07	5.592	2.468e+04	144.6	0.001614	0.3098	6.739e-09	0.00838	0	0.0003636	5.885e-13	4.753e-19	8.027e-26	1.07e-25	1.338e-25	2.015e-07	1.173e-07	1.654e-09	0.6424	1.42e-09	5.05e-23	3.93	7.229e-06	2.461e-06	1.112e-06	0	0	0	0	0	0	0	0	0	0	0	0	0	0	0	0	0	0	0	0	0	0	0	5.45e+04	0	0	0	0	0	0	0	0	0	0	0	0	0	0	0	2.609e+05	0	0	0	0	0	0	0	0	0	0	0	0	0	0	0	0	0	0	0	0	0	0	0	
17444	1955.013	3.45e+19	0	0	100000	1.95046905	6.53e-06	0.6266	0.07485	9.7e-07	5.61	2.476e+04	145	0.001626	0.311	6.773e-09	0.008415	0	0.0003661	5.904e-13	4.796e-19	8.052e-26	1.074e-25	1.342e-25	2.024e-07	1.179e-07	1.664e-09	0.6444	1.428e-09	5.081e-23	3.943	7.252e-06	2.468e-06	1.115e-06	0	0	0	0	0	0	0	0	0	0	0	0	0	0	0	0	0	0	0	0	0	0	0	5.459e+04	0	0	0	0	0	0	0	0	0	0	0	0	0	0	0	2.613e+05	0	0	0	0	0	0	0	0	0	0	0	0	0	0	0	0	0	0	0	0	0	0	0	
17472	1955.013	3.45e+19	0	0	100000	1.9504954	6.537e-06	0.6279	0.07509	9.76e-07	5.627	2.483e+04	145.5	0.001637	0.3123	6.808e-09	0.00845	0	0.0003688	5.922e-13	4.84e-19	8.077e-26	1.077e-25	1.346e-25	2.032e-07	1.185e-07	1.674e-09	0.6464	1.435e-09	5.112e-23	3.955	7.275e-06	2.476e-06	1.118e-06	0	0	0	0	0	0	0	0	0	0	0	0	0	0	0	0	0	0	0	0	0	0	0	5.467e+04	0	0	0	0	0	0	0	0	0	0	0	0	0	0	0	2.617e+05	0	0	0	0	0	0	0	0	0	0	0	0	0	0	0	0	0	0	0	0	0	0	0	
17500	1955.013	3.45e+19	0	0	100000	1.95052175	6.544e-06	0.6293	0.07532	9.82e-07	5.645	2.491e+04	145.9	0.001649	0.3136	6.843e-09	0.008484	0	0.0003714	5.941e-13	4.884e-19	8.102e-26	1.08e-25	1.35e-25	2.04e-07	1.191e-07	1.685e-09	0.6484	1.442e-09	5.144e-23	3.967	7.297e-06	2.484e-06	1.122e-06	0	0	0	0	0	0	0	0	0	0	0	0	0	0	0	0	0	0	0	0	0	0	0	5.476e+04	0	0	0	0	0	0	0	0	0	0	0	0	0	0	0	2.621e+05	0	0	0	0	0	0	0	0	0	0	0	0	0	0	0	0	0	0	0	0	0	0	0	
17528	1955.013	3.45e+19	0	0	100000	1.9505481	6.552e-06	0.6306	0.07555	9.88e-07	5.662	2.499e+04	146.4	0.001661	0.3149	6.878e-09	0.008519	0	0.000374	5.959e-13	4.929e-19	8.127e-26	1.084e-25	1.355e-25	2.049e-07	1.197e-07	1.695e-09	0.6504	1.45e-09	5.175e-23	3.98	7.32e-06	2.492e-06	1.125e-06	0	0	0	0	0	0	0	0	0	0	0	0	0	0	0	0	0	0	0	0	0	0	0	5.485e+04	0	0	0	0	0	0	0	0	0	0	0	0	0	0	0	2.625e+05	0	0	0	0	0	0	0	0	0	0	0	0	0	0	0	0	0	0	0	0	0	0	0	
17556	1955.013	3.45e+19	0	0	100000	1.95057445	6.559e-06	0.6319	0.07579	9.94e-07	5.68	2.507e+04	146.8	0.001672	0.3162	6.913e-09	0.008554	0	0.0003767	5.977e-13	4.974e-19	8.152e-26	1.087e-25	1.359e-25	2.057e-07	1.203e-07	1.705e-09	0.6524	1.457e-09	5.207e-23	3.992	7.343e-06	2.499e-06	1.129e-06	0	0	0	0	0	0	0	0	0	0	0	0	0	0	0	0	0	0	0	0	0	0	0	5.494e+04	0	0	0	0	0	0	0	0	0	0	0	0	0	0	0	2.629e+05	0	0	0	0	0	0	0	0	0	0	0	0	0	0	0	0	0	0	0	0	0	0	0	
17584	1955.013	3.45e+19	0	0	100000	1.9506008	6.566e-06	0.6332	0.07602	1e-06	5.697	2.514e+04	147.3	0.001684	0.3175	6.948e-09	0.008589	0	0.0003794	5.996e-13	5.019e-19	8.178e-26	1.09e-25	1.363e-25	2.065e-07	1.209e-07	1.716e-09	0.6544	1.465e-09	5.239e-23	4.004	7.365e-06	2.507e-06	1.132e-06	0	0	0	0	0	0	0	0	0	0	0	0	0	0	0	0	0	0	0	0	0	0	0	5.502e+04	0	0	0	0	0	0	0	0	0	0	0	0	0	0	0	2.634e+05	0	0	0	0	0	0	0	0	0	0	0	0	0	0	0	0	0	0	0	0	0	0	0	
17612	1955.013	3.45e+19	0	0	100000	1.95062715	6.573e-06	0.6345	0.07626	1.006e-06	5.715	2.522e+04	147.7	0.001696	0.3188	6.984e-09	0.008624	0	0.0003821	6.014e-13	5.065e-19	8.203e-26	1.094e-25	1.367e-25	2.074e-07	1.216e-07	1.726e-09	0.6564	1.472e-09	5.271e-23	4.017	7.388e-06	2.515e-06	1.136e-06	0	0	0	0	0	0	0	0	0	0	0	0	0	0	0	0	0	0	0	0	0	0	0	5.511e+04	0	0	0	0	0	0	0	0	0	0	0	0	0	0	0	2.638e+05	0	0	0	0	0	0	0	0	0	0	0	0	0	0	0	0	0	0	0	0	0	0	0	
17640	1955.013	3.45e+19	0	0	100000	1.9506535	6.58e-06	0.6358	0.07649	1.012e-06	5.733	2.53e+04	148.2	0.001708	0.3201	7.019e-09	0.008659	0	0.0003848	6.033e-13	5.111e-19	8.228e-26	1.097e-25	1.371e-25	2.082e-07	1.222e-07	1.737e-09	0.6584	1.48e-09	5.303e-23	4.029	7.411e-06	2.522e-06	1.139e-06	0	0	0	0	0	0	0	0	0	0	0	0	0	0	0	0	0	0	0	0	0	0	0	5.52e+04	0	0	0	0	0	0	0	0	0	0	0	0	0	0	0	2.642e+05	0	0	0	0	0	0	0	0	0	0	0	0	0	0	0	0	0	0	0	0	0	0	0	
17668	1955.013	3.45e+19	0	0	100000	1.95067985	6.587e-06	0.6372	0.07672	1.018e-06	5.75	2.538e+04	148.6	0.00172	0.3214	7.055e-09	0.008695	0	0.0003875	6.051e-13	5.158e-19	8.253e-26	1.1e-25	1.376e-25	2.091e-07	1.228e-07	1.747e-09	0.6604	1.487e-09	5.335e-23	4.041	7.433e-06	2.53e-06	1.143e-06	0	0	0	0	0	0	0	0	0	0	0	0	0	0	0	0	0	0	0	0	0	0	0	5.529e+04	0	0	0	0	0	0	0	0	0	0	0	0	0	0	0	2.646e+05	0	0	0	0	0	0	0	0	0	0	0	0	0	0	0	0	0	0	0	0	0	0	0	
17696	1955.013	3.45e+19	0	0	100000	1.9507062	6.594e-06	0.6385	0.07696	1.025e-06	5.768	2.545e+04	149.1	0.001733	0.3227	7.091e-09	0.00873	0	0.0003902	6.07e-13	5.205e-19	8.278e-26	1.104e-25	1.38e-25	2.099e-07	1.234e-07	1.758e-09	0.6624	1.495e-09	5.367e-23	4.054	7.456e-06	2.538e-06	1.146e-06	0	0	0	0	0	0	0	0	0	0	0	0	0	0	0	0	0	0	0	0	0	0	0	5.537e+04	0	0	0	0	0	0	0	0	0	0	0	0	0	0	0	2.65e+05	0	0	0	0	0	0	0	0	0	0	0	0	0	0	0	0	0	0	0	0	0	0	0	
17724	1955.013	3.45e+19	0	0	100000	1.95073255	6.6e-06	0.6398	0.07719	1.031e-06	5.785	2.553e+04	149.6	0.001745	0.324	7.126e-09	0.008765	0	0.000393	6.088e-13	5.252e-19	8.303e-26	1.107e-25	1.384e-25	2.108e-07	1.24e-07	1.768e-09	0.6644	1.502e-09	5.4e-23	4.066	7.479e-06	2.546e-06	1.15e-06	0	0	0	0	0	0	0	0	0	0	0	0	0	0	0	0	0	0	0	0	0	0	0	5.546e+04	0	0	0	0	0	0	0	0	0	0	0	0	0	0	0	2.655e+05	0	0	0	0	0	0	0	0	0	0	0	0	0	0	0	0	0	0	0	0	0	0	0	
17752	1955.013	3.45e+19	0	0	100000	1.9507589	6.607e-06	0.6411	0.07743	1.037e-06	5.803	2.561e+04	150	0.001757	0.3253	7.162e-09	0.008801	0	0.0003957	6.107e-13	5.3e-19	8.329e-26	1.11e-25	1.388e-25	2.116e-07	1.247e-07	1.779e-09	0.6664	1.51e-09	5.432e-23	4.078	7.501e-06	2.553e-06	1.153e-06	0	0	0	0	0	0	0	0	0	0	0	0	0	0	0	0	0	0	0	0	0	0	0	5.555e+04	0	0	0	0	0	0	0	0	0	0	0	0	0	0	0	2.659e+05	0	0	0	0	0	0	0	0	0	0	0	0	0	0	0	0	0	0	0	0	0	0	0	
17780	1955.013	3.45e+19	0	0	100000	1.95078525	6.614e-06	0.6423	0.07766	1.043e-06	5.82	2.569e+04	150.5	0.00177	0.3266	7.198e-09	0.008836	0	0.0003985	6.125e-13	5.348e-19	8.354e-26	1.114e-25	1.392e-25	2.125e-07	1.253e-07	1.79e-09	0.6684	1.517e-09	5.465e-23	4.091	7.524e-06	2.561e-06	1.157e-06	0	0	0	0	0	0	0	0	0	0	0	0	0	0	0	0	0	0	0	0	0	0	0	5.564e+04	0	0	0	0	0	0	0	0	0	0	0	0	0	0	0	2.663e+05	0	0	0	0	0	0	0	0	0	0	0	0	0	0	0	0	0	0	0	0	0	0	0	
17808	1955.013	3.45e+19	0	0	100000	1.9508116	6.621e-06	0.6436	0.07789	1.05e-06	5.838	2.576e+04	150.9	0.001782	0.3279	7.235e-09	0.008872	0	0.0004013	6.144e-13	5.396e-19	8.379e-26	1.117e-25	1.397e-25	2.133e-07	1.259e-07	1.801e-09	0.6704	1.525e-09	5.498e-23	4.103	7.547e-06	2.569e-06	1.16e-06	0	0	0	0	0	0	0	0	0	0	0	0	0	0	0	0	0	0	0	0	0	0	0	5.572e+04	0	0	0	0	0	0	0	0	0	0	0	0	0	0	0	2.667e+05	0	0	0	0	0	0	0	0	0	0	0	0	0	0	0	0	0	0	0	0	0	0	0	
17836	1955.013	3.45e+19	0	0	100000	1.95083795	6.627e-06	0.6449	0.07813	1.056e-06	5.855	2.584e+04	151.4	0.001795	0.3292	7.271e-09	0.008907	0	0.0004042	6.162e-13	5.445e-19	8.404e-26	1.121e-25	1.401e-25	2.142e-07	1.266e-07	1.812e-09	0.6724	1.533e-09	5.531e-23	4.115	7.569e-06	2.576e-06	1.164e-06	0	0	0	0	0	0	0	0	0	0	0	0	0	0	0	0	0	0	0	0	0	0	0	5.581e+04	0	0	0	0	0	0	0	0	0	0	0	0	0	0	0	2.671e+05	0	0	0	0	0	0	0	0	0	0	0	0	0	0	0	0	0	0	0	0	0	0	0	
17864	1955.013	3.45e+19	0	0	100000	1.9508643	6.634e-06	0.6462	0.07836	1.062e-06	5.873	2.592e+04	151.8	0.001807	0.3306	7.307e-09	0.008943	0	0.000407	6.18e-13	5.494e-19	8.429e-26	1.124e-25	1.405e-25	2.151e-07	1.272e-07	1.823e-09	0.6744	1.54e-09	5.565e-23	4.128	7.592e-06	2.584e-06	1.167e-06	0	0	0	0	0	0	0	0	0	0	0	0	0	0	0	0	0	0	0	0	0	0	0	5.59e+04	0	0	0	0	0	0	0	0	0	0	0	0	0	0	0	2.676e+05	0	0	0	0	0	0	0	0	0	0	0	0	0	0	0	0	0	0	0	0	0	0	0	
17892	1955.013	3.45e+19	0	0	100000	1.95089065	6.64e-06	0.6475	0.0786	1.069e-06	5.89	2.6e+04	152.3	0.00182	0.3319	7.344e-09	0.008978	0	0.0004099	6.199e-13	5.544e-19	8.455e-26	1.127e-25	1.409e-25	2.159e-07	1.278e-07	1.833e-09	0.6764	1.548e-09	5.598e-23	4.14	7.615e-06	2.592e-06	1.171e-06	0	0	0	0	0	0	0	0	0	0	0	0	0	0	0	0	0	0	0	0	0	0	0	5.599e+04	0	0	0	0	0	0	0	0	0	0	0	0	0	0	0	2.68e+05	0	0	0	0	0	0	0	0	0	0	0	0	0	0	0	0	0	0	0	0	0	0	0	
17920	1955.013	3.45e+19	0	0	100000	1.950917	6.646e-06	0.6488	0.07883	1.075e-06	5.908	2.607e+04	152.7	0.001833	0.3332	7.381e-09	0.009014	0	0.0004127	6.217e-13	5.594e-19	8.48e-26	1.131e-25	1.413e-25	2.168e-07	1.285e-07	1.844e-09	0.6784	1.556e-09	5.632e-23	4.152	7.637e-06	2.6e-06	1.174e-06	0	0	0	0	0	0	0	0	0	0	0	0	0	0	0	0	0	0	0	0	0	0	0	5.607e+04	0	0	0	0	0	0	0	0	0	0	0	0	0	0	0	2.684e+05	0	0	0	0	0	0	0	0	0	0	0	0	0	0	0	0	0	0	0	0	0	0	0	
17948	1955.013	3.45e+19	0	0	100000	1.95094335	6.653e-06	0.65	0.07906	1.082e-06	5.925	2.615e+04	153.2	0.001845	0.3345	7.417e-09	0.00905	0	0.0004156	6.236e-13	5.645e-19	8.505e-26	1.134e-25	1.417e-25	2.176e-07	1.291e-07	1.856e-09	0.6804	1.563e-09	5.666e-23	4.165	7.66e-06	2.607e-06	1.178e-06	0	0	0	0	0	0	0	0	0	0	0	0	0	0	0	0	0	0	0	0	0	0	0	5.616e+04	0	0	0	0	0	0	0	0	0	0	0	0	0	0	0	2.688e+05	0	0	0	0	0	0	0	0	0	0	0	0	0	0	0	0	0	0	0	0	0	0	0	
17976	1955.013	3.45e+19	0	0	100000	1.9509697	6.659e-06	0.6513	0.0793	1.088e-06	5.943	2.623e+04	153.6	0.001858	0.3359	7.454e-09	0.009086	0	0.0004185	6.254e-13	5.696e-19	8.53e-26	1.137e-25	1.422e-25	2.185e-07	1.297e-07	1.867e-09	0.6824	1.571e-09	5.699e-23	4.177	7.683e-06	2.615e-06	1.181e-06	0	0	0	0	0	0	0	0	0	0	0	0	0	0	0	0	0	0	0	0	0	0	0	5.625e+04	0	0	0	0	0	0	0	0	0	0	0	0	0	0	0	2.692e+05	0	0	0	0	0	0	0	0	0	0	0	0	0	0	0	0	0	0	0	0	0	0	0	
18004	1955.013	3.45e+19	0	0	100000	1.95099605	6.665e-06	0.6526	0.07953	1.095e-06	5.961	2.631e+04	154.1	0.001871	0.3372	7.491e-09	0.009122	0	0.0004215	6.273e-13	5.747e-19	8.555e-26	1.141e-25	1.426e-25	2.194e-07	1.304e-07	1.878e-09	0.6844	1.579e-09	5.734e-23	4.189	7.705e-06	2.623e-06	1.185e-06	0	0	0	0	0	0	0	0	0	0	0	0	0	0	0	0	0	0	0	0	0	0	0	5.634e+04	0	0	0	0	0	0	0	0	0	0	0	0	0	0	0	2.697e+05	0	0	0	0	0	0	0	0	0	0	0	0	0	0	0	0	0	0	0	0	0	0	0	
18032	1955.013	3.45e+19	0	0	100000	1.9510224	6.672e-06	0.6538	0.07977	1.101e-06	5.978	2.638e+04	154.5	0.001884	0.3385	7.529e-09	0.009158	0	0.0004244	6.291e-13	5.799e-19	8.58e-26	1.144e-25	1.43e-25	2.202e-07	1.31e-07	1.889e-09	0.6864	1.587e-09	5.768e-23	4.202	7.728e-06	2.63e-06	1.188e-06	0	0	0	0	0	0	0	0	0	0	0	0	0	0	0	0	0	0	0	0	0	0	0	5.642e+04	0	0	0	0	0	0	0	0	0	0	0	0	0	0	0	2.701e+05	0	0	0	0	0	0	0	0	0	0	0	0	0	0	0	0	0	0	0	0	0	0	0	
18060	1955.013	3.45e+19	0	0	100000	1.95104875	6.678e-06	0.6551	0.08	1.108e-06	5.996	2.646e+04	155	0.001898	0.3399	7.566e-09	0.009194	0	0.0004274	6.31e-13	5.851e-19	8.606e-26	1.147e-25	1.434e-25	2.211e-07	1.317e-07	1.9e-09	0.6884	1.595e-09	5.802e-23	4.214	7.751e-06	2.638e-06	1.192e-06	0	0	0	0	0	0	0	0	0	0	0	0	0	0	0	0	0	0	0	0	0	0	0	5.651e+04	0	0	0	0	0	0	0	0	0	0	0	0	0	0	0	2.705e+05	0	0	0	0	0	0	0	0	0	0	0	0	0	0	0	0	0	0	0	0	0	0	0	
18088	1955.013	3.45e+19	0	0	100000	1.9510751	6.684e-06	0.6563	0.08024	1.114e-06	6.013	2.654e+04	155.4	0.001911	0.3412	7.603e-09	0.00923	0	0.0004303	6.328e-13	5.904e-19	8.631e-26	1.151e-25	1.438e-25	2.22e-07	1.323e-07	1.912e-09	0.6904	1.603e-09	5.837e-23	4.226	7.773e-06	2.646e-06	1.195e-06	0	0	0	0	0	0	0	0	0	0	0	0	0	0	0	0	0	0	0	0	0	0	0	5.66e+04	0	0	0	0	0	0	0	0	0	0	0	0	0	0	0	2.709e+05	0	0	0	0	0	0	0	0	0	0	0	0	0	0	0	0	0	0	0	0	0	0	0	
18116	1955.013	3.45e+19	0	0	100000	1.95110145	6.69e-06	0.6576	0.08047	1.121e-06	6.031	2.662e+04	155.9	0.001924	0.3425	7.641e-09	0.009267	0	0.0004333	6.347e-13	5.957e-19	8.656e-26	1.154e-25	1.443e-25	2.228e-07	1.33e-07	1.923e-09	0.6924	1.611e-09	5.872e-23	4.239	7.796e-06	2.654e-06	1.199e-06	0	0	0	0	0	0	0	0	0	0	0	0	0	0	0	0	0	0	0	0	0	0	0	5.669e+04	0	0	0	0	0	0	0	0	0	0	0	0	0	0	0	2.713e+05	0	0	0	0	0	0	0	0	0	0	0	0	0	0	0	0	0	0	0	0	0	0	0	
18144	1955.013	3.45e+19	0	0	100000	1.9511278	6.696e-06	0.6588	0.0807	1.128e-06	6.048	2.669e+04	156.4	0.001938	0.3439	7.679e-09	0.009303	0	0.0004363	6.365e-13	6.011e-19	8.681e-26	1.157e-25	1.447e-25	2.237e-07	1.336e-07	1.934e-09	0.6944	1.619e-09	5.907e-23	4.251	7.819e-06	2.661e-06	1.202e-06	0	0	0	0	0	0	0	0	0	0	0	0	0	0	0	0	0	0	0	0	0	0	0	5.678e+04	0	0	0	0	0	0	0	0	0	0	0	0	0	0	0	2.718e+05	0	0	0	0	0	0	0	0	0	0	0	0	0	0	0	0	0	0	0	0	0	0	0	
18172	1955.013	3.45e+19	0	0	100000	1.95115415	6.702e-06	0.6601	0.08094	1.134e-06	6.066	2.677e+04	156.8	0.001951	0.3452	7.716e-09	0.009339	0	0.0004394	6.384e-13	6.065e-19	8.706e-26	1.161e-25	1.451e-25	2.246e-07	1.343e-07	1.946e-09	0.6964	1.626e-09	5.942e-23	4.263	7.841e-06	2.669e-06	1.206e-06	0	0	0	0	0	0	0	0	0	0	0	0	0	0	0	0	0	0	0	0	0	0	0	5.686e+04	0	0	0	0	0	0	0	0	0	0	0	0	0	0	0	2.722e+05	0	0	0	0	0	0	0	0	0	0	0	0	0	0	0	0	0	0	0	0	0	0	0	
18200	1955.013	3.45e+19	0	0	100000	1.9511805	6.707e-06	0.6613	0.08117	1.141e-06	6.083	2.685e+04	157.3	0.001965	0.3466	7.754e-09	0.009376	0	0.0004424	6.402e-13	6.119e-19	8.732e-26	1.164e-25	1.455e-25	2.255e-07	1.35e-07	1.958e-09	0.6984	1.634e-09	5.977e-23	4.276	7.864e-06	2.677e-06	1.209e-06	0	0	0	0	0	0	0	0	0	0	0	0	0	0	0	0	0	0	0	0	0	0	0	5.695e+04	0	0	0	0	0	0	0	0	0	0	0	0	0	0	0	2.726e+05	0	0	0	0	0	0	0	0	0	0	0	0	0	0	0	0	0	0	0	0	0	0	0	
18228	1955.013	3.45e+19	0	0	100000	1.95120685	6.713e-06	0.6626	0.08141	1.148e-06	6.101	2.692e+04	157.7	0.001978	0.3479	7.792e-09	0.009412	0	0.0004455	6.42e-13	6.174e-19	8.757e-26	1.168e-25	1.459e-25	2.263e-07	1.356e-07	1.969e-09	0.7004	1.643e-09	6.012e-23	4.288	7.887e-06	2.684e-06	1.213e-06	0	0	0	0	0	0	0	0	0	0	0	0	0	0	0	0	0	0	0	0	0	0	0	5.704e+04	0	0	0	0	0	0	0	0	0	0	0	0	0	0	0	2.73e+05	0	0	0	0	0	0	0	0	0	0	0	0	0	0	0	0	0	0	0	0	0	0	0	
18256	1955.013	3.45e+19	0	0	100000	1.9512332	6.719e-06	0.6638	0.08164	1.155e-06	6.118	2.7e+04	158.2	0.001992	0.3493	7.831e-09	0.009449	0	0.0004486	6.439e-13	6.229e-19	8.782e-26	1.171e-25	1.464e-25	2.272e-07	1.363e-07	1.981e-09	0.7024	1.651e-09	6.048e-23	4.3	7.91e-06	2.692e-06	1.216e-06	0	0	0	0	0	0	0	0	0	0	0	0	0	0	0	0	0	0	0	0	0	0	0	5.713e+04	0	0	0	0	0	0	0	0	0	0	0	0	0	0	0	2.734e+05	0	0	0	0	0	0	0	0	0	0	0	0	0	0	0	0	0	0	0	0	0	0	0	
18284	1955.013	3.45e+19	0	0	100000	1.95125955	6.725e-06	0.665	0.08187	1.161e-06	6.136	2.708e+04	158.6	0.002006	0.3506	7.869e-09	0.009486	0	0.0004517	6.457e-13	6.285e-19	8.807e-26	1.174e-25	1.468e-25	2.281e-07	1.37e-07	1.992e-09	0.7044	1.659e-09	6.084e-23	4.313	7.932e-06	2.7e-06	1.22e-06	0	0	0	0	0	0	0	0	0	0	0	0	0	0	0	0	0	0	0	0	0	0	0	5.721e+04	0	0	0	0	0	0	0	0	0	0	0	0	0	0	0	2.739e+05	0	0	0	0	0	0	0	0	0	0	0	0	0	0	0	0	0	0	0	0	0	0	0	
18312	1955.013	3.45e+19	0	0	100000	1.9512859	6.73e-06	0.6663	0.08211	1.168e-06	6.154	2.716e+04	159.1	0.00202	0.352	7.908e-09	0.009522	0	0.0004548	6.476e-13	6.342e-19	8.832e-26	1.178e-25	1.472e-25	2.29e-07	1.376e-07	2.004e-09	0.7064	1.667e-09	6.12e-23	4.325	7.955e-06	2.708e-06	1.223e-06	0	0	0	0	0	0	0	0	0	0	0	0	0	0	0	0	0	0	0	0	0	0	0	5.73e+04	0	0	0	0	0	0	0	0	0	0	0	0	0	0	0	2.743e+05	0	0	0	0	0	0	0	0	0	0	0	0	0	0	0	0	0	0	0	0	0	0	0	
18340	1955.013	3.45e+19	0	0	100000	1.95131225	6.736e-06	0.6675	0.08234	1.175e-06	6.171	2.723e+04	159.5	0.002034	0.3534	7.946e-09	0.009559	0	0.000458	6.494e-13	6.398e-19	8.857e-26	1.181e-25	1.476e-25	2.299e-07	1.383e-07	2.016e-09	0.7084	1.675e-09	6.156e-23	4.337	7.978e-06	2.715e-06	1.227e-06	0	0	0	0	0	0	0	0	0	0	0	0	0	0	0	0	0	0	0	0	0	0	0	5.739e+04	0	0	0	0	0	0	0	0	0	0	0	0	0	0	0	2.747e+05	0	0	0	0	0	0	0	0	0	0	0	0	0	0	0	0	0	0	0	0	0	0	0	
18368	1955.013	3.45e+19	0	0	100000	1.9513386	6.741e-06	0.6687	0.08258	1.182e-06	6.189	2.731e+04	160	0.002048	0.3547	7.985e-09	0.009596	0	0.0004611	6.513e-13	6.456e-19	8.883e-26	1.184e-25	1.48e-25	2.308e-07	1.39e-07	2.028e-09	0.7104	1.683e-09	6.192e-23	4.35	8e-06	2.723e-06	1.23e-06	0	0	0	0	0	0	0	0	0	0	0	0	0	0	0	0	0	0	0	0	0	0	0	5.748e+04	0	0	0	0	0	0	0	0	0	0	0	0	0	0	0	2.751e+05	0	0	0	0	0	0	0	0	0	0	0	0	0	0	0	0	0	0	0	0	0	0	0	
18396	1955.013	3.45e+19	0	0	100000	1.95136495	6.747e-06	0.6699	0.08281	1.189e-06	6.206	2.739e+04	160.4	0.002062	0.3561	8.024e-09	0.009633	0	0.0004643	6.531e-13	6.513e-19	8.908e-26	1.188e-25	1.485e-25	2.317e-07	1.397e-07	2.04e-09	0.7124	1.691e-09	6.228e-23	4.362	8.023e-06	2.731e-06	1.234e-06	0	0	0	0	0	0	0	0	0	0	0	0	0	0	0	0	0	0	0	0	0	0	0	5.756e+04	0	0	0	0	0	0	0	0	0	0	0	0	0	0	0	2.755e+05	0	0	0	0	0	0	0	0	0	0	0	0	0	0	0	0	0	0	0	0	0	0	0	
18424	1955.013	3.45e+19	0	0	100000	1.9513913	6.752e-06	0.6711	0.08304	1.196e-06	6.224	2.747e+04	160.9	0.002076	0.3575	8.063e-09	0.00967	0	0.0004675	6.55e-13	6.572e-19	8.933e-26	1.191e-25	1.489e-25	2.325e-07	1.403e-07	2.052e-09	0.7144	1.699e-09	6.265e-23	4.374	8.046e-06	2.739e-06	1.237e-06	0	0	0	0	0	0	0	0	0	0	0	0	0	0	0	0	0	0	0	0	0	0	0	5.765e+04	0	0	0	0	0	0	0	0	0	0	0	0	0	0	0	2.759e+05	0	0	0	0	0	0	0	0	0	0	0	0	0	0	0	0	0	0	0	0	0	0	0	
18452	1955.013	3.45e+19	0	0	100000	1.95141765	6.757e-06	0.6724	0.08328	1.203e-06	6.241	2.754e+04	161.3	0.00209	0.3588	8.102e-09	0.009707	0	0.0004707	6.568e-13	6.63e-19	8.958e-26	1.194e-25	1.493e-25	2.334e-07	1.41e-07	2.064e-09	0.7164	1.708e-09	6.302e-23	4.387	8.068e-06	2.746e-06	1.241e-06	0	0	0	0	0	0	0	0	0	0	0	0	0	0	0	0	0	0	0	0	0	0	0	5.774e+04	0	0	0	0	0	0	0	0	0	0	0	0	0	0	0	2.764e+05	0	0	0	0	0	0	0	0	0	0	0	0	0	0	0	0	0	0	0	0	0	0	0	
18480	1955.013	3.45e+19	0	0	100000	1.951444	6.763e-06	0.6736	0.08351	1.21e-06	6.259	2.762e+04	161.8	0.002105	0.3602	8.141e-09	0.009744	0	0.000474	6.587e-13	6.689e-19	8.983e-26	1.198e-25	1.497e-25	2.343e-07	1.417e-07	2.076e-09	0.7184	1.716e-09	6.339e-23	4.399	8.091e-06	2.754e-06	1.244e-06	0	0	0	0	0	0	0	0	0	0	0	0	0	0	0	0	0	0	0	0	0	0	0	5.783e+04	0	0	0	0	0	0	0	0	0	0	0	0	0	0	0	2.768e+05	0	0	0	0	0	0	0	0	0	0	0	0	0	0	0	0	0	0	0	0	0	0	0	
18508	1955.013	3.45e+19	0	0	100000	1.95147035	6.768e-06	0.6748	0.08375	1.217e-06	6.276	2.77e+04	162.3	0.002119	0.3616	8.181e-09	0.009782	0	0.0004772	6.605e-13	6.749e-19	9.009e-26	1.201e-25	1.501e-25	2.352e-07	1.424e-07	2.088e-09	0.7204	1.724e-09	6.376e-23	4.411	8.114e-06	2.762e-06	1.247e-06	0	0	0	0	0	0	0	0	0	0	0	0	0	0	0	0	0	0	0	0	0	0	0	5.791e+04	0	0	0	0	0	0	0	0	0	0	0	0	0	0	0	2.772e+05	0	0	0	0	0	0	0	0	0	0	0	0	0	0	0	0	0	0	0	0	0	0	0	
18536	1955.013	3.45e+19	0	0	100000	1.9514967	6.773e-06	0.676	0.08398	1.224e-06	6.294	2.778e+04	162.7	0.002134	0.363	8.22e-09	0.009819	0	0.0004805	6.624e-13	6.809e-19	9.034e-26	1.205e-25	1.506e-25	2.361e-07	1.431e-07	2.1e-09	0.7224	1.733e-09	6.413e-23	4.424	8.136e-06	2.769e-06	1.251e-06	0	0	0	0	0	0	0	0	0	0	0	0	0	0	0	0	0	0	0	0	0	0	0	5.8e+04	0	0	0	0	0	0	0	0	0	0	0	0	0	0	0	2.776e+05	0	0	0	0	0	0	0	0	0	0	0	0	0	0	0	0	0	0	0	0	0	0	0	
18564	1955.013	3.45e+19	0	0	100000	1.95152305	6.778e-06	0.6772	0.08422	1.231e-06	6.311	2.785e+04	163.2	0.002148	0.3643	8.26e-09	0.009856	0	0.0004838	6.642e-13	6.87e-19	9.059e-26	1.208e-25	1.51e-25	2.37e-07	1.438e-07	2.113e-09	0.7244	1.741e-09	6.451e-23	4.436	8.159e-06	2.777e-06	1.254e-06	0	0	0	0	0	0	0	0	0	0	0	0	0	0	0	0	0	0	0	0	0	0	0	5.809e+04	0	0	0	0	0	0	0	0	0	0	0	0	0	0	0	2.78e+05	0	0	0	0	0	0	0	0	0	0	0	0	0	0	0	0	0	0	0	0	0	0	0	
18592	1955.013	3.45e+19	0	0	100000	1.9515494	6.783e-06	0.6784	0.08445	1.239e-06	6.329	2.793e+04	163.6	0.002163	0.3657	8.3e-09	0.009894	0	0.0004871	6.661e-13	6.931e-19	9.084e-26	1.211e-25	1.514e-25	2.379e-07	1.445e-07	2.125e-09	0.7264	1.749e-09	6.488e-23	4.448	8.182e-06	2.785e-06	1.258e-06	0	0	0	0	0	0	0	0	0	0	0	0	0	0	0	0	0	0	0	0	0	0	0	5.818e+04	0	0	0	0	0	0	0	0	0	0	0	0	0	0	0	2.785e+05	0	0	0	0	0	0	0	0	0	0	0	0	0	0	0	0	0	0	0	0	0	0	0	
18620	1955.013	3.45e+19	0	0	100000	1.95157575	6.788e-06	0.6796	0.08468	1.246e-06	6.347	2.801e+04	164.1	0.002178	0.3671	8.339e-09	0.009931	0	0.0004904	6.679e-13	6.993e-19	9.109e-26	1.215e-25	1.518e-25	2.388e-07	1.452e-07	2.137e-09	0.7284	1.758e-09	6.526e-23	4.461	8.204e-06	2.793e-06	1.261e-06	0	0	0	0	0	0	0	0	0	0	0	0	0	0	0	0	0	0	0	0	0	0	0	5.826e+04	0	0	0	0	0	0	0	0	0	0	0	0	0	0	0	2.789e+05	0	0	0	0	0	0	0	0	0	0	0	0	0	0	0	0	0	0	0	0	0	0	0	
18648	1955.013	3.45e+19	0	0	100000	1.9516021	6.793e-06	0.6807	0.08492	1.253e-06	6.364	2.809e+04	164.5	0.002193	0.3685	8.38e-09	0.009969	0	0.0004938	6.698e-13	7.055e-19	9.135e-26	1.218e-25	1.522e-25	2.397e-07	1.458e-07	2.15e-09	0.7304	1.766e-09	6.564e-23	4.473	8.227e-06	2.8e-06	1.265e-06	0	0	0	0	0	0	0	0	0	0	0	0	0	0	0	0	0	0	0	0	0	0	0	5.835e+04	0	0	0	0	0	0	0	0	0	0	0	0	0	0	0	2.793e+05	0	0	0	0	0	0	0	0	0	0	0	0	0	0	0	0	0	0	0	0	0	0	0	
18676	1955.013	3.45e+19	0	0	100000	1.95162845	6.798e-06	0.6819	0.08515	1.26e-06	6.382	2.816e+04	165	0.002208	0.3699	8.42e-09	0.01001	0	0.0004972	6.716e-13	7.118e-19	9.16e-26	1.221e-25	1.527e-25	2.406e-07	1.465e-07	2.162e-09	0.7324	1.775e-09	6.602e-23	4.485	8.25e-06	2.808e-06	1.268e-06	0	0	0	0	0	0	0	0	0	0	0	0	0	0	0	0	0	0	0	0	0	0	0	5.844e+04	0	0	0	0	0	0	0	0	0	0	0	0	0	0	0	2.797e+05	0	0	0	0	0	0	0	0	0	0	0	0	0	0	0	0	0	0	0	0	0	0	0	
18704	1955.013	3.45e+19	0	0	100000	1.9516548	6.803e-06	0.6831	0.08539	1.268e-06	6.399	2.824e+04	165.4	0.002223	0.3713	8.46e-09	0.01004	0	0.0005006	6.734e-13	7.181e-19	9.185e-26	1.225e-25	1.531e-25	2.415e-07	1.472e-07	2.175e-09	0.7344	1.783e-09	6.641e-23	4.498	8.273e-06	2.816e-06	1.272e-06	0	0	0	0	0	0	0	0	0	0	0	0	0	0	0	0	0	0	0	0	0	0	0	5.853e+04	0	0	0	0	0	0	0	0	0	0	0	0	0	0	0	2.801e+05	0	0	0	0	0	0	0	0	0	0	0	0	0	0	0	0	0	0	0	0	0	0	0	
18732	1955.013	3.45e+19	0	0	100000	1.95168115	6.808e-06	0.6843	0.08562	1.275e-06	6.417	2.832e+04	165.9	0.002238	0.3727	8.501e-09	0.01008	0	0.000504	6.753e-13	7.245e-19	9.21e-26	1.228e-25	1.535e-25	2.424e-07	1.48e-07	2.188e-09	0.7364	1.792e-09	6.679e-23	4.51	8.295e-06	2.823e-06	1.275e-06	0	0	0	0	0	0	0	0	0	0	0	0	0	0	0	0	0	0	0	0	0	0	0	5.862e+04	0	0	0	0	0	0	0	0	0	0	0	0	0	0	0	2.806e+05	0	0	0	0	0	0	0	0	0	0	0	0	0	0	0	0	0	0	0	0	0	0	0	
18760	1955.013	3.45e+19	0	0	100000	1.9517075	6.813e-06	0.6855	0.08586	1.282e-06	6.434	2.84e+04	166.3	0.002253	0.3741	8.541e-09	0.01012	0	0.0005074	6.771e-13	7.309e-19	9.235e-26	1.231e-25	1.539e-25	2.434e-07	1.487e-07	2.2e-09	0.7384	1.8e-09	6.718e-23	4.522	8.318e-06	2.831e-06	1.279e-06	0	0	0	0	0	0	0	0	0	0	0	0	0	0	0	0	0	0	0	0	0	0	0	5.87e+04	0	0	0	0	0	0	0	0	0	0	0	0	0	0	0	2.81e+05	0	0	0	0	0	0	0	0	0	0	0	0	0	0	0	0	0	0	0	0	0	0	0	
18788	1955.013	3.45e+19	0	0	100000	1.95173385	6.817e-06	0.6866	0.08609	1.29e-06	6.452	2.847e+04	166.8	0.002269	0.3755	8.582e-09	0.01016	0	0.0005109	6.79e-13	7.374e-19	9.261e-26	1.235e-25	1.543e-25	2.443e-07	1.494e-07	2.213e-09	0.7404	1.809e-09	6.757e-23	4.535	8.341e-06	2.839e-06	1.282e-06	0	0	0	0	0	0	0	0	0	0	0	0	0	0	0	0	0	0	0	0	0	0	0	5.879e+04	0	0	0	0	0	0	0	0	0	0	0	0	0	0	0	2.814e+05	0	0	0	0	0	0	0	0	0	0	0	0	0	0	0	0	0	0	0	0	0	0	0	
18816	1955.013	3.45e+19	0	0	100000	1.9517602	6.822e-06	0.6878	0.08632	1.297e-06	6.469	2.855e+04	167.2	0.002284	0.3769	8.623e-09	0.0102	0	0.0005143	6.808e-13	7.439e-19	9.286e-26	1.238e-25	1.548e-25	2.452e-07	1.501e-07	2.226e-09	0.7424	1.818e-09	6.796e-23	4.547	8.363e-06	2.847e-06	1.286e-06	0	0	0	0	0	0	0	0	0	0	0	0	0	0	0	0	0	0	0	0	0	0	0	5.888e+04	0	0	0	0	0	0	0	0	0	0	0	0	0	0	0	2.818e+05	0	0	0	0	0	0	0	0	0	0	0	0	0	0	0	0	0	0	0	0	0	0	0	
18844	1955.013	3.45e+19	0	0	100000	1.95178655	6.827e-06	0.689	0.08656	1.305e-06	6.487	2.863e+04	167.7	0.0023	0.3783	8.664e-09	0.01023	0	0.0005178	6.827e-13	7.505e-19	9.311e-26	1.241e-25	1.552e-25	2.461e-07	1.508e-07	2.239e-09	0.7444	1.826e-09	6.835e-23	4.559	8.386e-06	2.854e-06	1.289e-06	0	0	0	0	0	0	0	0	0	0	0	0	0	0	0	0	0	0	0	0	0	0	0	5.897e+04	0	0	0	0	0	0	0	0	0	0	0	0	0	0	0	2.822e+05	0	0	0	0	0	0	0	0	0	0	0	0	0	0	0	0	0	0	0	0	0	0	0	
18872	1955.013	3.45e+19	0	0	100000	1.9518129	6.831e-06	0.6901	0.08679	1.312e-06	6.505	2.871e+04	168.2	0.002315	0.3797	8.705e-09	0.01027	0	0.0005214	6.845e-13	7.572e-19	9.336e-26	1.245e-25	1.556e-25	2.47e-07	1.515e-07	2.252e-09	0.7464	1.835e-09	6.875e-23	4.572	8.409e-06	2.862e-06	1.293e-06	0	0	0	0	0	0	0	0	0	0	0	0	0	0	0	0	0	0	0	0	0	0	0	5.905e+04	0	0	0	0	0	0	0	0	0	0	0	0	0	0	0	2.827e+05	0	0	0	0	0	0	0	0	0	0	0	0	0	0	0	0	0	0	0	0	0	0	0	
18900	1955.013	3.45e+19	0	0	100000	1.95183925	6.836e-06	0.6913	0.08703	1.32e-06	6.522	2.878e+04	168.6	0.002331	0.3811	8.746e-09	0.01031	0	0.0005249	6.864e-13	7.639e-19	9.361e-26	1.248e-25	1.56e-25	2.479e-07	1.522e-07	2.265e-09	0.7484	1.844e-09	6.914e-23	4.584	8.431e-06	2.87e-06	1.296e-06	0	0	0	0	0	0	0	0	0	0	0	0	0	0	0	0	0	0	0	0	0	0	0	5.914e+04	0	0	0	0	0	0	0	0	0	0	0	0	0	0	0	2.831e+05	0	0	0	0	0	0	0	0	0	0	0	0	0	0	0	0	0	0	0	0	0	0	0	
18928	1955.013	3.45e+19	0	0	100000	1.9518656	6.84e-06	0.6924	0.08726	1.328e-06	6.54	2.886e+04	169.1	0.002347	0.3825	8.788e-09	0.01035	0	0.0005285	6.882e-13	7.706e-19	9.387e-26	1.252e-25	1.564e-25	2.489e-07	1.53e-07	2.278e-09	0.7504	1.852e-09	6.954e-23	4.596	8.454e-06	2.878e-06	1.3e-06	0	0	0	0	0	0	0	0	0	0	0	0	0	0	0	0	0	0	0	0	0	0	0	5.923e+04	0	0	0	0	0	0	0	0	0	0	0	0	0	0	0	2.835e+05	0	0	0	0	0	0	0	0	0	0	0	0	0	0	0	0	0	0	0	0	0	0	0	
18956	1955.013	3.45e+19	0	0	100000	1.95189195	6.844e-06	0.6936	0.0875	1.335e-06	6.557	2.894e+04	169.5	0.002363	0.384	8.829e-09	0.01039	0	0.000532	6.901e-13	7.774e-19	9.412e-26	1.255e-25	1.569e-25	2.498e-07	1.537e-07	2.291e-09	0.7524	1.861e-09	6.994e-23	4.609	8.477e-06	2.885e-06	1.303e-06	0	0	0	0	0	0	0	0	0	0	0	0	0	0	0	0	0	0	0	0	0	0	0	5.932e+04	0	0	0	0	0	0	0	0	0	0	0	0	0	0	0	2.839e+05	0	0	0	0	0	0	0	0	0	0	0	0	0	0	0	0	0	0	0	0	0	0	0	
18984	1955.013	3.45e+19	0	0	100000	1.9519183	6.849e-06	0.6947	0.08773	1.343e-06	6.575	2.902e+04	170	0.002379	0.3854	8.871e-09	0.01043	0	0.0005357	6.919e-13	7.843e-19	9.437e-26	1.258e-25	1.573e-25	2.507e-07	1.544e-07	2.304e-09	0.7544	1.87e-09	7.035e-23	4.621	8.499e-06	2.893e-06	1.307e-06	0	0	0	0	0	0	0	0	0	0	0	0	0	0	0	0	0	0	0	0	0	0	0	5.94e+04	0	0	0	0	0	0	0	0	0	0	0	0	0	0	0	2.843e+05	0	0	0	0	0	0	0	0	0	0	0	0	0	0	0	0	0	0	0	0	0	0	0	
19012	1955.013	3.45e+19	0	0	100000	1.95194465	6.853e-06	0.6959	0.08796	1.351e-06	6.592	2.909e+04	170.4	0.002395	0.3868	8.913e-09	0.01046	0	0.0005393	6.938e-13	7.912e-19	9.462e-26	1.262e-25	1.577e-25	2.516e-07	1.551e-07	2.317e-09	0.7564	1.879e-09	7.075e-23	4.633	8.522e-06	2.901e-06	1.31e-06	0	0	0	0	0	0	0	0	0	0	0	0	0	0	0	0	0	0	0	0	0	0	0	5.949e+04	0	0	0	0	0	0	0	0	0	0	0	0	0	0	0	2.848e+05	0	0	0	0	0	0	0	0	0	0	0	0	0	0	0	0	0	0	0	0	0	0	0	
19040	1955.013	3.45e+19	0	0	100000	1.951971	6.857e-06	0.697	0.0882	1.358e-06	6.61	2.917e+04	170.9	0.002411	0.3882	8.955e-09	0.0105	0	0.0005429	6.956e-13	7.982e-19	9.487e-26	1.265e-25	1.581e-25	2.526e-07	1.559e-07	2.33e-09	0.7584	1.888e-09	7.116e-23	4.646	8.545e-06	2.908e-06	1.314e-06	0	0	0	0	0	0	0	0	0	0	0	0	0	0	0	0	0	0	0	0	0	0	0	5.958e+04	0	0	0	0	0	0	0	0	0	0	0	0	0	0	0	2.852e+05	0	0	0	0	0	0	0	0	0	0	0	0	0	0	0	0	0	0	0	0	0	0	0	
19068	1955.013	3.45e+19	0	0	100000	1.95199735	6.861e-06	0.6982	0.08843	1.366e-06	6.627	2.925e+04	171.3	0.002428	0.3897	8.997e-09	0.01054	0	0.0005466	6.975e-13	8.053e-19	9.513e-26	1.268e-25	1.585e-25	2.535e-07	1.566e-07	2.344e-09	0.7604	1.896e-09	7.156e-23	4.658	8.568e-06	2.916e-06	1.317e-06	0	0	0	0	0	0	0	0	0	0	0	0	0	0	0	0	0	0	0	0	0	0	0	5.967e+04	0	0	0	0	0	0	0	0	0	0	0	0	0	0	0	2.856e+05	0	0	0	0	0	0	0	0	0	0	0	0	0	0	0	0	0	0	0	0	0	0	0	
19096	1955.013	3.45e+19	0	0	100000	1.9520237	6.866e-06	0.6993	0.08867	1.374e-06	6.645	2.933e+04	171.8	0.002444	0.3911	9.04e-09	0.01058	0	0.0005503	6.993e-13	8.124e-19	9.538e-26	1.272e-25	1.59e-25	2.544e-07	1.573e-07	2.357e-09	0.7624	1.905e-09	7.197e-23	4.67	8.59e-06	2.924e-06	1.321e-06	0	0	0	0	0	0	0	0	0	0	0	0	0	0	0	0	0	0	0	0	0	0	0	5.975e+04	0	0	0	0	0	0	0	0	0	0	0	0	0	0	0	2.86e+05	0	0	0	0	0	0	0	0	0	0	0	0	0	0	0	0	0	0	0	0	0	0	0	
19124	1955.013	3.45e+19	0	0	100000	1.95205005	6.87e-06	0.7004	0.0889	1.382e-06	6.663	2.94e+04	172.2	0.002461	0.3925	9.082e-09	0.01062	0	0.000554	7.012e-13	8.195e-19	9.563e-26	1.275e-25	1.594e-25	2.554e-07	1.581e-07	2.371e-09	0.7644	1.914e-09	7.239e-23	4.683	8.613e-06	2.932e-06	1.324e-06	0	0	0	0	0	0	0	0	0	0	0	0	0	0	0	0	0	0	0	0	0	0	0	5.984e+04	0	0	0	0	0	0	0	0	0	0	0	0	0	0	0	2.864e+05	0	0	0	0	0	0	0	0	0	0	0	0	0	0	0	0	0	0	0	0	0	0	0	
19152	1955.013	3.45e+19	0	0	100000	1.9520764	6.874e-06	0.7015	0.08914	1.39e-06	6.68	2.948e+04	172.7	0.002477	0.394	9.125e-09	0.01066	0	0.0005577	7.03e-13	8.267e-19	9.588e-26	1.278e-25	1.598e-25	2.563e-07	1.588e-07	2.384e-09	0.7664	1.923e-09	7.28e-23	4.695	8.636e-06	2.939e-06	1.328e-06	0	0	0	0	0	0	0	0	0	0	0	0	0	0	0	0	0	0	0	0	0	0	0	5.993e+04	0	0	0	0	0	0	0	0	0	0	0	0	0	0	0	2.869e+05	0	0	0	0	0	0	0	0	0	0	0	0	0	0	0	0	0	0	0	0	0	0	0	
19180	1955.013	3.45e+19	0	0	100000	1.95210275	6.878e-06	0.7027	0.08937	1.398e-06	6.698	2.956e+04	173.1	0.002494	0.3954	9.167e-09	0.0107	0	0.0005615	7.049e-13	8.34e-19	9.613e-26	1.282e-25	1.602e-25	2.572e-07	1.596e-07	2.398e-09	0.7684	1.932e-09	7.322e-23	4.707	8.658e-06	2.947e-06	1.331e-06	0	0	0	0	0	0	0	0	0	0	0	0	0	0	0	0	0	0	0	0	0	0	0	6.002e+04	0	0	0	0	0	0	0	0	0	0	0	0	0	0	0	2.873e+05	0	0	0	0	0	0	0	0	0	0	0	0	0	0	0	0	0	0	0	0	0	0	0	
19208	1955.013	3.45e+19	0	0	100000	1.9521291	6.882e-06	0.7038	0.0896	1.406e-06	6.715	2.964e+04	173.6	0.002511	0.3968	9.21e-09	0.01074	0	0.0005653	7.067e-13	8.414e-19	9.639e-26	1.285e-25	1.606e-25	2.582e-07	1.603e-07	2.412e-09	0.7704	1.941e-09	7.363e-23	4.72	8.681e-06	2.955e-06	1.335e-06	0	0	0	0	0	0	0	0	0	0	0	0	0	0	0	0	0	0	0	0	0	0	0	6.01e+04	0	0	0	0	0	0	0	0	0	0	0	0	0	0	0	2.877e+05	0	0	0	0	0	0	0	0	0	0	0	0	0	0	0	0	0	0	0	0	0	0	0	
19236	1955.013	3.45e+19	0	0	100000	1.95215545	6.885e-06	0.7049	0.08984	1.414e-06	6.733	2.971e+04	174.1	0.002528	0.3983	9.253e-09	0.01077	0	0.0005691	7.086e-13	8.488e-19	9.664e-26	1.288e-25	1.611e-25	2.591e-07	1.611e-07	2.425e-09	0.7724	1.95e-09	7.405e-23	4.732	8.704e-06	2.963e-06	1.338e-06	0	0	0	0	0	0	0	0	0	0	0	0	0	0	0	0	0	0	0	0	0	0	0	6.019e+04	0	0	0	0	0	0	0	0	0	0	0	0	0	0	0	2.881e+05	0	0	0	0	0	0	0	0	0	0	0	0	0	0	0	0	0	0	0	0	0	0	0	
19264	1955.013	3.45e+19	0	0	100000	1.9521818	6.889e-06	0.706	0.09007	1.422e-06	6.75	2.979e+04	174.5	0.002545	0.3997	9.296e-09	0.01081	0	0.0005729	7.104e-13	8.562e-19	9.689e-26	1.292e-25	1.615e-25	2.6e-07	1.618e-07	2.439e-09	0.7744	1.959e-09	7.448e-23	4.744	8.726e-06	2.97e-06	1.342e-06	0	0	0	0	0	0	0	0	0	0	0	0	0	0	0	0	0	0	0	0	0	0	0	6.028e+04	0	0	0	0	0	0	0	0	0	0	0	0	0	0	0	2.885e+05	0	0	0	0	0	0	0	0	0	0	0	0	0	0	0	0	0	0	0	0	0	0	0	
19292	1955.013	3.45e+19	0	0	100000	1.95220815	6.893e-06	0.7071	0.09031	1.43e-06	6.768	2.987e+04	175	0.002562	0.4012	9.34e-09	0.01085	0	0.0005767	7.122e-13	8.638e-19	9.714e-26	1.295e-25	1.619e-25	2.61e-07	1.626e-07	2.453e-09	0.7764	1.969e-09	7.49e-23	4.757	8.749e-06	2.978e-06	1.345e-06	0	0	0	0	0	0	0	0	0	0	0	0	0	0	0	0	0	0	0	0	0	0	0	6.037e+04	0	0	0	0	0	0	0	0	0	0	0	0	0	0	0	2.889e+05	0	0	0	0	0	0	0	0	0	0	0	0	0	0	0	0	0	0	0	0	0	0	0	
19320	1955.013	3.45e+19	0	0	100000	1.9522345	6.897e-06	0.7082	0.09054	1.438e-06	6.786	2.995e+04	175.4	0.002579	0.4026	9.383e-09	0.01089	0	0.0005806	7.141e-13	8.713e-19	9.739e-26	1.299e-25	1.623e-25	2.619e-07	1.633e-07	2.467e-09	0.7784	1.978e-09	7.533e-23	4.769	8.772e-06	2.986e-06	1.349e-06	0	0	0	0	0	0	0	0	0	0	0	0	0	0	0	0	0	0	0	0	0	0	0	6.046e+04	0	0	0	0	0	0	0	0	0	0	0	0	0	0	0	2.894e+05	0	0	0	0	0	0	0	0	0	0	0	0	0	0	0	0	0	0	0	0	0	0	0	
19348	1955.013	3.45e+19	0	0	100000	1.95226085	6.9e-06	0.7094	0.09078	1.446e-06	6.803	3.002e+04	175.9	0.002596	0.4041	9.427e-09	0.01093	0	0.0005845	7.159e-13	8.79e-19	9.765e-26	1.302e-25	1.627e-25	2.629e-07	1.641e-07	2.481e-09	0.7804	1.987e-09	7.575e-23	4.781	8.795e-06	2.993e-06	1.352e-06	0	0	0	0	0	0	0	0	0	0	0	0	0	0	0	0	0	0	0	0	0	0	0	6.054e+04	0	0	0	0	0	0	0	0	0	0	0	0	0	0	0	2.898e+05	0	0	0	0	0	0	0	0	0	0	0	0	0	0	0	0	0	0	0	0	0	0	0	
19376	1955.013	3.45e+19	0	0	100000	1.9522872	6.904e-06	0.7105	0.09101	1.454e-06	6.821	3.01e+04	176.3	0.002614	0.4056	9.471e-09	0.01097	0	0.0005884	7.178e-13	8.867e-19	9.79e-26	1.305e-25	1.632e-25	2.638e-07	1.648e-07	2.495e-09	0.7824	1.996e-09	7.618e-23	4.794	8.817e-06	3.001e-06	1.356e-06	0	0	0	0	0	0	0	0	0	0	0	0	0	0	0	0	0	0	0	0	0	0	0	6.063e+04	0	0	0	0	0	0	0	0	0	0	0	0	0	0	0	2.902e+05	0	0	0	0	0	0	0	0	0	0	0	0	0	0	0	0	0	0	0	0	0	0	0	
19404	1955.013	3.45e+19	0	0	100000	1.95231355	6.908e-06	0.7116	0.09124	1.463e-06	6.838	3.018e+04	176.8	0.002631	0.407	9.515e-09	0.01101	0	0.0005924	7.196e-13	8.945e-19	9.815e-26	1.309e-25	1.636e-25	2.648e-07	1.656e-07	2.509e-09	0.7844	2.005e-09	7.661e-23	4.806	8.84e-06	3.009e-06	1.359e-06	0	0	0	0	0	0	0	0	0	0	0	0	0	0	0	0	0	0	0	0	0	0	0	6.072e+04	0	0	0	0	0	0	0	0	0	0	0	0	0	0	0	2.906e+05	0	0	0	0	0	0	0	0	0	0	0	0	0	0	0	0	0	0	0	0	0	0	0	
19432	1955.013	3.45e+19	0	0	100000	1.9523399	6.911e-06	0.7126	0.09148	1.471e-06	6.856	3.026e+04	177.2	0.002649	0.4085	9.559e-09	0.01105	0	0.0005963	7.215e-13	9.023e-19	9.84e-26	1.312e-25	1.64e-25	2.657e-07	1.664e-07	2.523e-09	0.7864	2.015e-09	7.705e-23	4.819	8.863e-06	3.017e-06	1.363e-06	0	0	0	0	0	0	0	0	0	0	0	0	0	0	0	0	0	0	0	0	0	0	0	6.081e+04	0	0	0	0	0	0	0	0	0	0	0	0	0	0	0	2.91e+05	0	0	0	0	0	0	0	0	0	0	0	0	0	0	0	0	0	0	0	0	0	0	0	
19460	1955.013	3.45e+19	0	0	100000	1.95236625	6.915e-06	0.7137	0.09171	1.479e-06	6.873	3.033e+04	177.7	0.002666	0.41	9.603e-09	0.01109	0	0.0006003	7.233e-13	9.102e-19	9.865e-26	1.315e-25	1.644e-25	2.667e-07	1.671e-07	2.538e-09	0.7884	2.024e-09	7.748e-23	4.831	8.885e-06	3.024e-06	1.366e-06	0	0	0	0	0	0	0	0	0	0	0	0	0	0	0	0	0	0	0	0	0	0	0	6.089e+04	0	0	0	0	0	0	0	0	0	0	0	0	0	0	0	2.915e+05	0	0	0	0	0	0	0	0	0	0	0	0	0	0	0	0	0	0	0	0	0	0	0	
19488	1955.013	3.45e+19	0	0	100000	1.9523926	6.918e-06	0.7148	0.09195	1.488e-06	6.891	3.041e+04	178.1	0.002684	0.4114	9.647e-09	0.01113	0	0.0006043	7.252e-13	9.182e-19	9.891e-26	1.319e-25	1.648e-25	2.677e-07	1.679e-07	2.552e-09	0.7904	2.033e-09	7.792e-23	4.843	8.908e-06	3.032e-06	1.37e-06	0	0	0	0	0	0	0	0	0	0	0	0	0	0	0	0	0	0	0	0	0	0	0	6.098e+04	0	0	0	0	0	0	0	0	0	0	0	0	0	0	0	2.919e+05	0	0	0	0	0	0	0	0	0	0	0	0	0	0	0	0	0	0	0	0	0	0	0	
19516	1955.013	3.45e+19	0	0	100000	1.95241895	6.921e-06	0.7159	0.09218	1.496e-06	6.908	3.049e+04	178.6	0.002702	0.4129	9.692e-09	0.01117	0	0.0006084	7.27e-13	9.263e-19	9.916e-26	1.322e-25	1.653e-25	2.686e-07	1.687e-07	2.567e-09	0.7924	2.043e-09	7.836e-23	4.856	8.931e-06	3.04e-06	1.373e-06	0	0	0	0	0	0	0	0	0	0	0	0	0	0	0	0	0	0	0	0	0	0	0	6.107e+04	0	0	0	0	0	0	0	0	0	0	0	0	0	0	0	2.923e+05	0	0	0	0	0	0	0	0	0	0	0	0	0	0	0	0	0	0	0	0	0	0	0	
19544	1955.013	3.45e+19	0	0	100000	1.9524453	6.925e-06	0.717	0.09242	1.504e-06	6.926	3.057e+04	179.1	0.00272	0.4144	9.736e-09	0.01121	0	0.0006124	7.289e-13	9.344e-19	9.941e-26	1.325e-25	1.657e-25	2.696e-07	1.695e-07	2.581e-09	0.7944	2.052e-09	7.881e-23	4.868	8.954e-06	3.048e-06	1.377e-06	0	0	0	0	0	0	0	0	0	0	0	0	0	0	0	0	0	0	0	0	0	0	0	6.116e+04	0	0	0	0	0	0	0	0	0	0	0	0	0	0	0	2.927e+05	0	0	0	0	0	0	0	0	0	0	0	0	0	0	0	0	0	0	0	0	0	0	0	
19572	1955.013	3.45e+19	0	0	100000	1.95247165	6.928e-06	0.7181	0.09265	1.513e-06	6.944	3.064e+04	179.5	0.002738	0.4159	9.781e-09	0.01125	0	0.0006165	7.307e-13	9.425e-19	9.966e-26	1.329e-25	1.661e-25	2.705e-07	1.702e-07	2.596e-09	0.7964	2.062e-09	7.925e-23	4.88	8.976e-06	3.055e-06	1.38e-06	0	0	0	0	0	0	0	0	0	0	0	0	0	0	0	0	0	0	0	0	0	0	0	6.124e+04	0	0	0	0	0	0	0	0	0	0	0	0	0	0	0	2.931e+05	0	0	0	0	0	0	0	0	0	0	0	0	0	0	0	0	0	0	0	0	0	0	0	
19600	1955.013	3.45e+19	0	0	100000	1.952498	6.931e-06	0.7191	0.09288	1.521e-06	6.961	3.072e+04	180	0.002757	0.4173	9.826e-09	0.01129	0	0.0006206	7.326e-13	9.508e-19	9.991e-26	1.332e-25	1.665e-25	2.715e-07	1.71e-07	2.61e-09	0.7984	2.071e-09	7.97e-23	4.893	8.999e-06	3.063e-06	1.384e-06	0	0	0	0	0	0	0	0	0	0	0	0	0	0	0	0	0	0	0	0	0	0	0	6.133e+04	0	0	0	0	0	0	0	0	0	0	0	0	0	0	0	2.936e+05	0	0	0	0	0	0	0	0	0	0	0	0	0	0	0	0	0	0	0	0	0	0	0	
19628	1955.013	3.45e+19	0	0	100000	1.95252463	6.934e-06	0.7202	0.09312	1.53e-06	6.979	3.08e+04	180.4	0.002775	0.4188	9.872e-09	0.01133	0	0.0006248	7.344e-13	9.592e-19	1.002e-25	1.336e-25	1.669e-25	2.725e-07	1.718e-07	2.625e-09	0.8005	2.081e-09	8.015e-23	4.905	9.022e-06	3.071e-06	1.387e-06	0	0	0	0	0	0	0	0	0	0	0	0	0	0	0	0	0	0	0	0	0	0	0	6.142e+04	0	0	0	0	0	0	0	0	0	0	0	0	0	0	0	2.94e+05	0	0	0	0	0	0	0	0	0	0	0	0	0	0	0	0	0	0	0	0	0	0	0	
19656	1955.013	3.45e+19	0	0	100000	1.95255126	6.937e-06	0.7213	0.09335	1.539e-06	6.996	3.088e+04	180.9	0.002794	0.4203	9.917e-09	0.01137	0	0.000629	7.363e-13	9.676e-19	1.004e-25	1.339e-25	1.674e-25	2.734e-07	1.726e-07	2.64e-09	0.8025	2.09e-09	8.06e-23	4.917	9.044e-06	3.078e-06	1.391e-06	0	0	0	0	0	0	0	0	0	0	0	0	0	0	0	0	0	0	0	0	0	0	0	6.151e+04	0	0	0	0	0	0	0	0	0	0	0	0	0	0	0	2.944e+05	0	0	0	0	0	0	0	0	0	0	0	0	0	0	0	0	0	0	0	0	0	0	0	
19684	1955.013	3.45e+19	0	0	100000	1.95257789	6.94e-06	0.7223	0.09359	1.547e-06	7.014	3.095e+04	181.3	0.002813	0.4218	9.963e-09	0.01141	0	0.0006332	7.381e-13	9.761e-19	1.007e-25	1.342e-25	1.678e-25	2.744e-07	1.734e-07	2.655e-09	0.8045	2.1e-09	8.106e-23	4.93	9.067e-06	3.086e-06	1.394e-06	0	0	0	0	0	0	0	0	0	0	0	0	0	0	0	0	0	0	0	0	0	0	0	6.159e+04	0	0	0	0	0	0	0	0	0	0	0	0	0	0	0	2.948e+05	0	0	0	0	0	0	0	0	0	0	0	0	0	0	0	0	0	0	0	0	0	0	0	
19712	1955.013	3.45e+19	0	0	100000	1.95260452	6.943e-06	0.7234	0.09382	1.556e-06	7.031	3.103e+04	181.8	0.002831	0.4233	1.001e-08	0.01145	0	0.0006374	7.4e-13	9.847e-19	1.009e-25	1.346e-25	1.682e-25	2.754e-07	1.742e-07	2.67e-09	0.8065	2.11e-09	8.151e-23	4.942	9.09e-06	3.094e-06	1.398e-06	0	0	0	0	0	0	0	0	0	0	0	0	0	0	0	0	0	0	0	0	0	0	0	6.168e+04	0	0	0	0	0	0	0	0	0	0	0	0	0	0	0	2.952e+05	0	0	0	0	0	0	0	0	0	0	0	0	0	0	0	0	0	0	0	0	0	0	0	
19740	1955.013	3.45e+19	0	0	100000	1.95263115	6.946e-06	0.7244	0.09406	1.565e-06	7.049	3.111e+04	182.2	0.00285	0.4248	1.005e-08	0.01149	0	0.0006417	7.418e-13	9.934e-19	1.012e-25	1.349e-25	1.686e-25	2.764e-07	1.75e-07	2.685e-09	0.8085	2.119e-09	8.197e-23	4.954	9.113e-06	3.102e-06	1.401e-06	0	0	0	0	0	0	0	0	0	0	0	0	0	0	0	0	0	0	0	0	0	0	0	6.177e+04	0	0	0	0	0	0	0	0	0	0	0	0	0	0	0	2.957e+05	0	0	0	0	0	0	0	0	0	0	0	0	0	0	0	0	0	0	0	0	0	0	0	
19768	1955.013	3.45e+19	0	0	100000	1.95265778	6.949e-06	0.7255	0.09429	1.574e-06	7.067	3.119e+04	182.7	0.002869	0.4263	1.01e-08	0.01153	0	0.000646	7.437e-13	1.002e-18	1.014e-25	1.352e-25	1.69e-25	2.773e-07	1.758e-07	2.7e-09	0.8105	2.129e-09	8.244e-23	4.967	9.135e-06	3.109e-06	1.405e-06	0	0	0	0	0	0	0	0	0	0	0	0	0	0	0	0	0	0	0	0	0	0	0	6.186e+04	0	0	0	0	0	0	0	0	0	0	0	0	0	0	0	2.961e+05	0	0	0	0	0	0	0	0	0	0	0	0	0	0	0	0	0	0	0	0	0	0	0	
19796	1955.013	3.45e+19	0	0	100000	1.95268441	6.951e-06	0.7265	0.09453	1.583e-06	7.084	3.126e+04	183.1	0.002889	0.4278	1.015e-08	0.01157	0	0.0006503	7.455e-13	1.011e-18	1.017e-25	1.356e-25	1.695e-25	2.783e-07	1.766e-07	2.715e-09	0.8125	2.139e-09	8.29e-23	4.979	9.158e-06	3.117e-06	1.408e-06	0	0	0	0	0	0	0	0	0	0	0	0	0	0	0	0	0	0	0	0	0	0	0	6.194e+04	0	0	0	0	0	0	0	0	0	0	0	0	0	0	0	2.965e+05	0	0	0	0	0	0	0	0	0	0	0	0	0	0	0	0	0	0	0	0	0	0	0	
19824	1955.013	3.45e+19	0	0	100000	1.95271104	6.954e-06	0.7276	0.09476	1.591e-06	7.102	3.134e+04	183.6	0.002908	0.4293	1.019e-08	0.01161	0	0.0006546	7.474e-13	1.02e-18	1.019e-25	1.359e-25	1.699e-25	2.793e-07	1.774e-07	2.73e-09	0.8145	2.148e-09	8.337e-23	4.991	9.181e-06	3.125e-06	1.412e-06	0	0	0	0	0	0	0	0	0	0	0	0	0	0	0	0	0	0	0	0	0	0	0	6.203e+04	0	0	0	0	0	0	0	0	0	0	0	0	0	0	0	2.969e+05	0	0	0	0	0	0	0	0	0	0	0	0	0	0	0	0	0	0	0	0	0	0	0	
19852	1955.013	3.45e+19	0	0	100000	1.95273767	6.957e-06	0.7286	0.09499	1.6e-06	7.119	3.142e+04	184	0.002927	0.4309	1.024e-08	0.01166	0	0.000659	7.492e-13	1.029e-18	1.022e-25	1.362e-25	1.703e-25	2.803e-07	1.782e-07	2.746e-09	0.8165	2.158e-09	8.384e-23	5.004	9.203e-06	3.133e-06	1.415e-06	0	0	0	0	0	0	0	0	0	0	0	0	0	0	0	0	0	0	0	0	0	0	0	6.212e+04	0	0	0	0	0	0	0	0	0	0	0	0	0	0	0	2.973e+05	0	0	0	0	0	0	0	0	0	0	0	0	0	0	0	0	0	0	0	0	0	0	0	
19880	1955.013	3.45e+19	0	0	100000	1.9527643	6.959e-06	0.7296	0.09523	1.609e-06	7.137	3.15e+04	184.5	0.002947	0.4324	1.029e-08	0.0117	0	0.0006634	7.511e-13	1.038e-18	1.024e-25	1.366e-25	1.707e-25	2.813e-07	1.79e-07	2.761e-09	0.8185	2.168e-09	8.431e-23	5.016	9.226e-06	3.14e-06	1.419e-06	0	0	0	0	0	0	0	0	0	0	0	0	0	0	0	0	0	0	0	0	0	0	0	6.221e+04	0	0	0	0	0	0	0	0	0	0	0	0	0	0	0	2.978e+05	0	0	0	0	0	0	0	0	0	0	0	0	0	0	0	0	0	0	0	0	0	0	0	
19908	1955.013	3.45e+19	0	0	100000	1.95279093	6.962e-06	0.7307	0.09546	1.618e-06	7.154	3.158e+04	185	0.002966	0.4339	1.033e-08	0.01174	0	0.0006678	7.529e-13	1.047e-18	1.027e-25	1.369e-25	1.711e-25	2.823e-07	1.799e-07	2.777e-09	0.8205	2.178e-09	8.478e-23	5.028	9.249e-06	3.148e-06	1.422e-06	0	0	0	0	0	0	0	0	0	0	0	0	0	0	0	0	0	0	0	0	0	0	0	6.23e+04	0	0	0	0	0	0	0	0	0	0	0	0	0	0	0	2.982e+05	0	0	0	0	0	0	0	0	0	0	0	0	0	0	0	0	0	0	0	0	0	0	0	
19936	1955.013	3.45e+19	0	0	100000	1.95281756	6.964e-06	0.7317	0.0957	1.628e-06	7.172	3.165e+04	185.4	0.002986	0.4354	1.038e-08	0.01178	0	0.0006722	7.548e-13	1.056e-18	1.029e-25	1.373e-25	1.716e-25	2.832e-07	1.807e-07	2.792e-09	0.8225	2.188e-09	8.525e-23	5.041	9.271e-06	3.156e-06	1.426e-06	0	0	0	0	0	0	0	0	0	0	0	0	0	0	0	0	0	0	0	0	0	0	0	6.238e+04	0	0	0	0	0	0	0	0	0	0	0	0	0	0	0	2.986e+05	0	0	0	0	0	0	0	0	0	0	0	0	0	0	0	0	0	0	0	0	0	0	0	
19964	1955.013	3.45e+19	0	0	100000	1.95284419	6.967e-06	0.7327	0.09593	1.637e-06	7.19	3.173e+04	185.9	0.003006	0.4369	1.043e-08	0.01182	0	0.0006767	7.566e-13	1.065e-18	1.032e-25	1.376e-25	1.72e-25	2.842e-07	1.815e-07	2.808e-09	0.8245	2.198e-09	8.573e-23	5.053	9.294e-06	3.164e-06	1.429e-06	0	0	0	0	0	0	0	0	0	0	0	0	0	0	0	0	0	0	0	0	0	0	0	6.247e+04	0	0	0	0	0	0	0	0	0	0	0	0	0	0	0	2.99e+05	0	0	0	0	0	0	0	0	0	0	0	0	0	0	0	0	0	0	0	0	0	0	0	
19992	1955.013	3.45e+19	0	0	100000	1.95287082	6.969e-06	0.7338	0.09617	1.646e-06	7.207	3.181e+04	186.3	0.003026	0.4385	1.048e-08	0.01186	0	0.0006812	7.585e-13	1.075e-18	1.034e-25	1.379e-25	1.724e-25	2.852e-07	1.823e-07	2.824e-09	0.8265	2.208e-09	8.621e-23	5.065	9.317e-06	3.171e-06	1.432e-06	0	0	0	0	0	0	0	0	0	0	0	0	0	0	0	0	0	0	0	0	0	0	0	6.256e+04	0	0	0	0	0	0	0	0	0	0	0	0	0	0	0	2.994e+05	0	0	0	0	0	0	0	0	0	0	0	0	0	0	0	0	0	0	0	0	0	0	0	
20020	1955.013	3.45e+19	0	0	100000	1.95289745	6.972e-06	0.7348	0.0964	1.655e-06	7.225	3.189e+04	186.8	0.003046	0.44	1.052e-08	0.0119	0	0.0006857	7.603e-13	1.084e-18	1.037e-25	1.383e-25	1.728e-25	2.862e-07	1.831e-07	2.839e-09	0.8285	2.218e-09	8.669e-23	5.078	9.34e-06	3.179e-06	1.436e-06	0	0	0	0	0	0	0	0	0	0	0	0	0	0	0	0	0	0	0	0	0	0	0	6.265e+04	0	0	0	0	0	0	0	0	0	0	0	0	0	0	0	2.999e+05	0	0	0	0	0	0	0	0	0	0	0	0	0	0	0	0	0	0	0	0	0	0	0	
20048	1955.013	3.45e+19	0	0	100000	1.95292408	6.974e-06	0.7358	0.09664	1.664e-06	7.242	3.196e+04	187.2	0.003066	0.4415	1.057e-08	0.01194	0	0.0006903	7.622e-13	1.094e-18	1.039e-25	1.386e-25	1.732e-25	2.872e-07	1.84e-07	2.855e-09	0.8305	2.228e-09	8.718e-23	5.09	9.362e-06	3.187e-06	1.439e-06	0	0	0	0	0	0	0	0	0	0	0	0	0	0	0	0	0	0	0	0	0	0	0	6.273e+04	0	0	0	0	0	0	0	0	0	0	0	0	0	0	0	3.003e+05	0	0	0	0	0	0	0	0	0	0	0	0	0	0	0	0	0	0	0	0	0	0	0	
20076	1955.013	3.45e+19	0	0	100000	1.95295071	6.976e-06	0.7368	0.09687	1.674e-06	7.26	3.204e+04	187.7	0.003087	0.4431	1.062e-08	0.01199	0	0.0006949	7.64e-13	1.103e-18	1.042e-25	1.389e-25	1.737e-25	2.882e-07	1.848e-07	2.871e-09	0.8325	2.238e-09	8.767e-23	5.103	9.385e-06	3.194e-06	1.443e-06	0	0	0	0	0	0	0	0	0	0	0	0	0	0	0	0	0	0	0	0	0	0	0	6.282e+04	0	0	0	0	0	0	0	0	0	0	0	0	0	0	0	3.007e+05	0	0	0	0	0	0	0	0	0	0	0	0	0	0	0	0	0	0	0	0	0	0	0	
20104	1955.013	3.45e+19	0	0	100000	1.95297734	6.978e-06	0.7378	0.0971	1.683e-06	7.277	3.212e+04	188.1	0.003107	0.4446	1.067e-08	0.01203	0	0.0006995	7.659e-13	1.113e-18	1.045e-25	1.393e-25	1.741e-25	2.892e-07	1.857e-07	2.887e-09	0.8345	2.248e-09	8.816e-23	5.115	9.408e-06	3.202e-06	1.446e-06	0	0	0	0	0	0	0	0	0	0	0	0	0	0	0	0	0	0	0	0	0	0	0	6.291e+04	0	0	0	0	0	0	0	0	0	0	0	0	0	0	0	3.011e+05	0	0	0	0	0	0	0	0	0	0	0	0	0	0	0	0	0	0	0	0	0	0	0	
20132	1955.013	3.45e+19	0	0	100000	1.95300397	6.981e-06	0.7388	0.09734	1.692e-06	7.295	3.22e+04	188.6	0.003128	0.4461	1.072e-08	0.01207	0	0.0007041	7.677e-13	1.123e-18	1.047e-25	1.396e-25	1.745e-25	2.902e-07	1.865e-07	2.903e-09	0.8365	2.258e-09	8.865e-23	5.127	9.431e-06	3.21e-06	1.45e-06	0	0	0	0	0	0	0	0	0	0	0	0	0	0	0	0	0	0	0	0	0	0	0	6.3e+04	0	0	0	0	0	0	0	0	0	0	0	0	0	0	0	3.015e+05	0	0	0	0	0	0	0	0	0	0	0	0	0	0	0	0	0	0	0	0	0	0	0	
20160	1955.013	3.45e+19	0	0	100000	1.9530306	6.983e-06	0.7398	0.09757	1.702e-06	7.313	3.227e+04	189	0.003149	0.4477	1.076e-08	0.01211	0	0.0007088	7.696e-13	1.132e-18	1.05e-25	1.399e-25	1.749e-25	2.912e-07	1.873e-07	2.92e-09	0.8385	2.269e-09	8.914e-23	5.14	9.453e-06	3.218e-06	1.453e-06	0	0	0	0	0	0	0	0	0	0	0	0	0	0	0	0	0	0	0	0	0	0	0	6.308e+04	0	0	0	0	0	0	0	0	0	0	0	0	0	0	0	3.019e+05	0	0	0	0	0	0	0	0	0	0	0	0	0	0	0	0	0	0	0	0	0	0	0	
20188	1955.013	3.45e+19	0	0	100000	1.95305723	6.985e-06	0.7408	0.09781	1.711e-06	7.33	3.235e+04	189.5	0.00317	0.4492	1.081e-08	0.01215	0	0.0007135	7.714e-13	1.142e-18	1.052e-25	1.403e-25	1.754e-25	2.922e-07	1.882e-07	2.936e-09	0.8405	2.279e-09	8.964e-23	5.152	9.476e-06	3.225e-06	1.457e-06	0	0	0	0	0	0	0	0	0	0	0	0	0	0	0	0	0	0	0	0	0	0	0	6.317e+04	0	0	0	0	0	0	0	0	0	0	0	0	0	0	0	3.024e+05	0	0	0	0	0	0	0	0	0	0	0	0	0	0	0	0	0	0	0	0	0	0	0	
20216	1955.013	3.45e+19	0	0	100000	1.95308386	6.987e-06	0.7418	0.09804	1.721e-06	7.348	3.243e+04	190	0.003191	0.4508	1.086e-08	0.01219	0	0.0007182	7.733e-13	1.152e-18	1.055e-25	1.406e-25	1.758e-25	2.932e-07	1.89e-07	2.952e-09	0.8425	2.289e-09	9.014e-23	5.164	9.499e-06	3.233e-06	1.46e-06	0	0	0	0	0	0	0	0	0	0	0	0	0	0	0	0	0	0	0	0	0	0	0	6.326e+04	0	0	0	0	0	0	0	0	0	0	0	0	0	0	0	3.028e+05	0	0	0	0	0	0	0	0	0	0	0	0	0	0	0	0	0	0	0	0	0	0	0	
20244	1955.013	3.45e+19	0	0	100000	1.95311049	6.989e-06	0.7428	0.09828	1.73e-06	7.365	3.251e+04	190.4	0.003212	0.4523	1.091e-08	0.01224	0	0.0007229	7.751e-13	1.162e-18	1.057e-25	1.41e-25	1.762e-25	2.943e-07	1.899e-07	2.969e-09	0.8445	2.299e-09	9.064e-23	5.177	9.521e-06	3.241e-06	1.464e-06	0	0	0	0	0	0	0	0	0	0	0	0	0	0	0	0	0	0	0	0	0	0	0	6.335e+04	0	0	0	0	0	0	0	0	0	0	0	0	0	0	0	3.032e+05	0	0	0	0	0	0	0	0	0	0	0	0	0	0	0	0	0	0	0	0	0	0	0	
20272	1955.013	3.45e+19	0	0	100000	1.95313712	6.991e-06	0.7438	0.09851	1.74e-06	7.383	3.258e+04	190.9	0.003233	0.4539	1.096e-08	0.01228	0	0.0007277	7.77e-13	1.172e-18	1.06e-25	1.413e-25	1.766e-25	2.953e-07	1.907e-07	2.985e-09	0.8465	2.31e-09	9.114e-23	5.189	9.544e-06	3.249e-06	1.467e-06	0	0	0	0	0	0	0	0	0	0	0	0	0	0	0	0	0	0	0	0	0	0	0	6.343e+04	0	0	0	0	0	0	0	0	0	0	0	0	0	0	0	3.036e+05	0	0	0	0	0	0	0	0	0	0	0	0	0	0	0	0	0	0	0	0	0	0	0	
20300	1955.013	3.45e+19	0	0	100000	1.95316375	6.993e-06	0.7448	0.09875	1.75e-06	7.4	3.266e+04	191.3	0.003254	0.4555	1.101e-08	0.01232	0	0.0007325	7.788e-13	1.183e-18	1.062e-25	1.416e-25	1.77e-25	2.963e-07	1.916e-07	3.002e-09	0.8485	2.32e-09	9.165e-23	5.201	9.567e-06	3.256e-06	1.471e-06	0	0	0	0	0	0	0	0	0	0	0	0	0	0	0	0	0	0	0	0	0	0	0	6.352e+04	0	0	0	0	0	0	0	0	0	0	0	0	0	0	0	3.04e+05	0	0	0	0	0	0	0	0	0	0	0	0	0	0	0	0	0	0	0	0	0	0	0	
20328	1955.013	3.45e+19	0	0	100000	1.95319038	6.995e-06	0.7458	0.09898	1.759e-06	7.418	3.274e+04	191.8	0.003276	0.457	1.106e-08	0.01236	0	0.0007374	7.807e-13	1.193e-18	1.065e-25	1.42e-25	1.775e-25	2.973e-07	1.924e-07	3.018e-09	0.8505	2.331e-09	9.216e-23	5.214	9.59e-06	3.264e-06	1.474e-06	0	0	0	0	0	0	0	0	0	0	0	0	0	0	0	0	0	0	0	0	0	0	0	6.361e+04	0	0	0	0	0	0	0	0	0	0	0	0	0	0	0	3.045e+05	0	0	0	0	0	0	0	0	0	0	0	0	0	0	0	0	0	0	0	0	0	0	0	
20356	1955.013	3.45e+19	0	0	100000	1.95321701	6.996e-06	0.7467	0.09922	1.769e-06	7.436	3.282e+04	192.2	0.003297	0.4586	1.111e-08	0.01241	0	0.0007422	7.825e-13	1.203e-18	1.067e-25	1.423e-25	1.779e-25	2.983e-07	1.933e-07	3.035e-09	0.8525	2.341e-09	9.267e-23	5.226	9.612e-06	3.272e-06	1.478e-06	0	0	0	0	0	0	0	0	0	0	0	0	0	0	0	0	0	0	0	0	0	0	0	6.37e+04	0	0	0	0	0	0	0	0	0	0	0	0	0	0	0	3.049e+05	0	0	0	0	0	0	0	0	0	0	0	0	0	0	0	0	0	0	0	0	0	0	0	
20384	1955.013	3.45e+19	0	0	100000	1.95324364	6.998e-06	0.7477	0.09945	1.779e-06	7.453	3.289e+04	192.7	0.003319	0.4602	1.116e-08	0.01245	0	0.0007471	7.844e-13	1.214e-18	1.07e-25	1.426e-25	1.783e-25	2.993e-07	1.942e-07	3.052e-09	0.8545	2.352e-09	9.318e-23	5.238	9.635e-06	3.28e-06	1.481e-06	0	0	0	0	0	0	0	0	0	0	0	0	0	0	0	0	0	0	0	0	0	0	0	6.378e+04	0	0	0	0	0	0	0	0	0	0	0	0	0	0	0	3.053e+05	0	0	0	0	0	0	0	0	0	0	0	0	0	0	0	0	0	0	0	0	0	0	0	
20412	1955.013	3.45e+19	0	0	100000	1.95327027	3.334e-06	0.3566	0.04748	8.52e-07	3.559	1.571e+04	92	0.001591	0.2199	5.338e-09	0.00595	0	0.0003582	3.745e-13	5.832e-19	5.108e-26	6.81e-26	8.513e-26	1.431e-07	9.291e-08	1.462e-09	0.408	1.125e-09	4.463e-23	2.501	4.6e-06	1.566e-06	7.073e-07	0	0	0	0	0	0	0	0	0	0	0	0	0	0	0	0	0	0	0	0	0	0	0	6.388e+04	0	0	0	0	0	0	0	0	0	0	0	0	0	0	0	3.057e+05	0	0	0	0	0	0	0	0	0	0	0	0	0	0	0	0	0	0	0	0	0	0	0	
20440	1955.013	3.45e+19	0	0	100000	1.9532969	3.332e-06	0.3567	0.04754	8.558e-07	3.563	1.573e+04	92.12	0.0016	0.2204	5.356e-09	0.005964	0	0.0003602	3.75e-13	5.877e-19	5.114e-26	6.819e-26	8.524e-26	1.434e-07	9.322e-08	1.468e-09	0.4085	1.129e-09	4.483e-23	2.504	4.606e-06	1.568e-06	7.082e-07	0	0	0	0	0	0	0	0	0	0	0	0	0	0	0	0	0	0	0	0	0	0	0	6.397e+04	0	0	0	0	0	0	0	0	0	0	0	0	0	0	0	3.061e+05	0	0	0	0	0	0	0	0	0	0	0	0	0	0	0	0	0	0	0	0	0	0	0	
20468	1955.013	3.45e+19	0	0	100000	1.95332353	3.33e-06	0.3569	0.04763	8.599e-07	3.569	1.575e+04	92.27	0.00161	0.2211	5.377e-09	0.00598	0	0.0003623	3.756e-13	5.924e-19	5.123e-26	6.831e-26	8.538e-26	1.438e-07	9.358e-08	1.475e-09	0.4092	1.133e-09	4.505e-23	2.509	4.614e-06	1.571e-06	7.094e-07	0	0	0	0	0	0	0	0	0	0	0	0	0	0	0	0	0	0	0	0	0	0	0	6.406e+04	0	0	0	0	0	0	0	0	0	0	0	0	0	0	0	3.066e+05	0	0	0	0	0	0	0	0	0	0	0	0	0	0	0	0	0	0	0	0	0	0	0	
20496	1955.013	3.45e+19	0	0	100000	1.95335016	3.33e-06	0.3573	0.04773	8.645e-07	3.577	1.579e+04	92.47	0.00162	0.2218	5.399e-09	0.005999	0	0.0003646	3.764e-13	5.974e-19	5.134e-26	6.845e-26	8.556e-26	1.443e-07	9.397e-08	1.483e-09	0.4101	1.138e-09	4.529e-23	2.514	4.624e-06	1.574e-06	7.109e-07	0	0	0	0	0	0	0	0	0	0	0	0	0	0	0	0	0	0	0	0	0	0	0	6.415e+04	0	0	0	0	0	0	0	0	0	0	0	0	0	0	0	3.07e+05	0	0	0	0	0	0	0	0	0	0	0	0	0	0	0	0	0	0	0	0	0	0	0	
20524	1955.013	3.45e+19	0	0	100000	1.95337679	3.331e-06	0.3578	0.04784	8.694e-07	3.586	1.582e+04	92.7	0.001631	0.2225	5.424e-09	0.00602	0	0.0003671	3.773e-13	6.027e-19	5.146e-26	6.862e-26	8.577e-26	1.448e-07	9.44e-08	1.491e-09	0.4111	1.143e-09	4.554e-23	2.52	4.635e-06	1.578e-06	7.127e-07	0	0	0	0	0	0	0	0	0	0	0	0	0	0	0	0	0	0	0	0	0	0	0	6.423e+04	0	0	0	0	0	0	0	0	0	0	0	0	0	0	0	3.074e+05	0	0	0	0	0	0	0	0	0	0	0	0	0	0	0	0	0	0	0	0	0	0	0	
20552	1955.013	3.45e+19	0	0	100000	1.95340342	3.333e-06	0.3584	0.04797	8.745e-07	3.595	1.587e+04	92.95	0.001642	0.2234	5.451e-09	0.006043	0	0.0003696	3.783e-13	6.082e-19	5.161e-26	6.881e-26	8.601e-26	1.453e-07	9.486e-08	1.5e-09	0.4122	1.149e-09	4.581e-23	2.527	4.648e-06	1.582e-06	7.146e-07	0	0	0	0	0	0	0	0	0	0	0	0	0	0	0	0	0	0	0	0	0	0	0	6.432e+04	0	0	0	0	0	0	0	0	0	0	0	0	0	0	0	3.078e+05	0	0	0	0	0	0	0	0	0	0	0	0	0	0	0	0	0	0	0	0	0	0	0	
20580	1955.013	3.45e+19	0	0	100000	1.95343005	3.336e-06	0.3591	0.04812	8.8e-07	3.606	1.592e+04	93.23	0.001654	0.2243	5.479e-09	0.006068	0	0.0003723	3.795e-13	6.139e-19	5.176e-26	6.902e-26	8.627e-26	1.459e-07	9.535e-08	1.51e-09	0.4134	1.155e-09	4.61e-23	2.535	4.662e-06	1.587e-06	7.168e-07	0	0	0	0	0	0	0	0	0	0	0	0	0	0	0	0	0	0	0	0	0	0	0	6.441e+04	0	0	0	0	0	0	0	0	0	0	0	0	0	0	0	3.082e+05	0	0	0	0	0	0	0	0	0	0	0	0	0	0	0	0	0	0	0	0	0	0	0	
20608	1955.013	3.45e+19	0	0	100000	1.95345668	3.34e-06	0.3599	0.04828	8.856e-07	3.618	1.597e+04	93.54	0.001667	0.2253	5.508e-09	0.006094	0	0.0003751	3.807e-13	6.199e-19	5.193e-26	6.924e-26	8.655e-26	1.465e-07	9.586e-08	1.519e-09	0.4148	1.161e-09	4.639e-23	2.543	4.677e-06	1.592e-06	7.191e-07	0	0	0	0	0	0	0	0	0	0	0	0	0	0	0	0	0	0	0	0	0	0	0	6.45e+04	0	0	0	0	0	0	0	0	0	0	0	0	0	0	0	3.087e+05	0	0	0	0	0	0	0	0	0	0	0	0	0	0	0	0	0	0	0	0	0	0	0	
20636	1955.013	3.45e+19	0	0	100000	1.95348331	3.345e-06	0.3608	0.04844	8.915e-07	3.631	1.602e+04	93.86	0.001679	0.2263	5.539e-09	0.006122	0	0.000378	3.82e-13	6.26e-19	5.211e-26	6.948e-26	8.685e-26	1.472e-07	9.64e-08	1.529e-09	0.4162	1.167e-09	4.67e-23	2.552	4.693e-06	1.597e-06	7.216e-07	0	0	0	0	0	0	0	0	0	0	0	0	0	0	0	0	0	0	0	0	0	0	0	6.458e+04	0	0	0	0	0	0	0	0	0	0	0	0	0	0	0	3.091e+05	0	0	0	0	0	0	0	0	0	0	0	0	0	0	0	0	0	0	0	0	0	0	0	
20664	1955.013	3.45e+19	0	0	100000	1.95350994	3.35e-06	0.3617	0.04862	8.976e-07	3.644	1.608e+04	94.2	0.001693	0.2273	5.571e-09	0.00615	0	0.000381	3.834e-13	6.322e-19	5.23e-26	6.973e-26	8.716e-26	1.479e-07	9.695e-08	1.54e-09	0.4177	1.174e-09	4.702e-23	2.561	4.71e-06	1.603e-06	7.242e-07	0	0	0	0	0	0	0	0	0	0	0	0	0	0	0	0	0	0	0	0	0	0	0	6.467e+04	0	0	0	0	0	0	0	0	0	0	0	0	0	0	0	3.095e+05	0	0	0	0	0	0	0	0	0	0	0	0	0	0	0	0	0	0	0	0	0	0	0	
20692	1955.013	3.45e+19	0	0	100000	1.95353657	3.355e-06	0.3627	0.0488	9.038e-07	3.657	1.614e+04	94.55	0.001706	0.2284	5.604e-09	0.00618	0	0.000384	3.849e-13	6.387e-19	5.25e-26	6.999e-26	8.749e-26	1.486e-07	9.752e-08	1.551e-09	0.4193	1.181e-09	4.735e-23	2.571	4.728e-06	1.609e-06	7.269e-07	0	0	0	0	0	0	0	0	0	0	0	0	0	0	0	0	0	0	0	0	0	0	0	6.476e+04	0	0	0	0	0	0	0	0	0	0	0	0	0	0	0	3.099e+05	0	0	0	0	0	0	0	0	0	0	0	0	0	0	0	0	0	0	0	0	0	0	0	
20720	1955.013	3.45e+19	0	0	100000	1.9535632	3.361e-06	0.3637	0.04899	9.103e-07	3.672	1.62e+04	94.92	0.00172	0.2296	5.637e-09	0.006211	0	0.0003872	3.864e-13	6.452e-19	5.27e-26	7.027e-26	8.783e-26	1.493e-07	9.811e-08	1.562e-09	0.4209	1.188e-09	4.768e-23	2.581	4.747e-06	1.616e-06	7.298e-07	0	0	0	0	0	0	0	0	0	0	0	0	0	0	0	0	0	0	0	0	0	0	0	6.485e+04	0	0	0	0	0	0	0	0	0	0	0	0	0	0	0	3.103e+05	0	0	0	0	0	0	0	0	0	0	0	0	0	0	0	0	0	0	0	0	0	0	0	
20748	1955.013	3.45e+19	0	0	100000	1.95358983	3.368e-06	0.3648	0.04919	9.168e-07	3.686	1.627e+04	95.3	0.001734	0.2307	5.672e-09	0.006242	0	0.0003904	3.879e-13	6.52e-19	5.291e-26	7.055e-26	8.819e-26	1.501e-07	9.871e-08	1.573e-09	0.4226	1.195e-09	4.803e-23	2.591	4.766e-06	1.622e-06	7.327e-07	0	0	0	0	0	0	0	0	0	0	0	0	0	0	0	0	0	0	0	0	0	0	0	6.493e+04	0	0	0	0	0	0	0	0	0	0	0	0	0	0	0	3.108e+05	0	0	0	0	0	0	0	0	0	0	0	0	0	0	0	0	0	0	0	0	0	0	0	
20776	1955.013	3.45e+19	0	0	100000	1.95361646	3.374e-06	0.3659	0.04939	9.235e-07	3.702	1.634e+04	95.69	0.001749	0.2319	5.707e-09	0.006274	0	0.0003936	3.895e-13	6.588e-19	5.313e-26	7.084e-26	8.855e-26	1.509e-07	9.933e-08	1.584e-09	0.4243	1.203e-09	4.838e-23	2.602	4.785e-06	1.629e-06	7.357e-07	0	0	0	0	0	0	0	0	0	0	0	0	0	0	0	0	0	0	0	0	0	0	0	6.502e+04	0	0	0	0	0	0	0	0	0	0	0	0	0	0	0	3.112e+05	0	0	0	0	0	0	0	0	0	0	0	0	0	0	0	0	0	0	0	0	0	0	0	
20804	1955.013	3.45e+19	0	0	100000	1.95364309	3.381e-06	0.367	0.0496	9.303e-07	3.717	1.64e+04	96.09	0.001764	0.2332	5.743e-09	0.006307	0	0.000397	3.911e-13	6.658e-19	5.335e-26	7.113e-26	8.892e-26	1.517e-07	9.996e-08	1.596e-09	0.4261	1.211e-09	4.873e-23	2.613	4.805e-06	1.636e-06	7.388e-07	0	0	0	0	0	0	0	0	0	0	0	0	0	0	0	0	0	0	0	0	0	0	0	6.511e+04	0	0	0	0	0	0	0	0	0	0	0	0	0	0	0	3.116e+05	0	0	0	0	0	0	0	0	0	0	0	0	0	0	0	0	0	0	0	0	0	0	0	
20832	1955.013	3.45e+19	0	0	100000	1.95366972	3.388e-06	0.3682	0.04981	9.372e-07	3.733	1.647e+04	96.5	0.001779	0.2344	5.78e-09	0.006341	0	0.0004003	3.928e-13	6.729e-19	5.358e-26	7.144e-26	8.929e-26	1.525e-07	1.006e-07	1.608e-09	0.4279	1.218e-09	4.91e-23	2.624	4.825e-06	1.642e-06	7.419e-07	0	0	0	0	0	0	0	0	0	0	0	0	0	0	0	0	0	0	0	0	0	0	0	6.52e+04	0	0	0	0	0	0	0	0	0	0	0	0	0	0	0	3.12e+05	0	0	0	0	0	0	0	0	0	0	0	0	0	0	0	0	0	0	0	0	0	0	0	
20860	1955.013	3.45e+19	0	0	100000	1.95369635	3.396e-06	0.3694	0.05002	9.443e-07	3.749	1.654e+04	96.92	0.001794	0.2356	5.817e-09	0.006375	0	0.0004038	3.945e-13	6.801e-19	5.381e-26	7.174e-26	8.968e-26	1.533e-07	1.012e-07	1.62e-09	0.4297	1.226e-09	4.947e-23	2.635	4.846e-06	1.65e-06	7.451e-07	0	0	0	0	0	0	0	0	0	0	0	0	0	0	0	0	0	0	0	0	0	0	0	6.528e+04	0	0	0	0	0	0	0	0	0	0	0	0	0	0	0	3.124e+05	0	0	0	0	0	0	0	0	0	0	0	0	0	0	0	0	0	0	0	0	0	0	0	
20888	1955.013	3.45e+19	0	0	100000	1.95372298	3.403e-06	0.3706	0.05024	9.514e-07	3.765	1.662e+04	97.34	0.001809	0.2369	5.855e-09	0.006409	0	0.0004072	3.962e-13	6.874e-19	5.404e-26	7.205e-26	9.007e-26	1.541e-07	1.019e-07	1.632e-09	0.4316	1.234e-09	4.984e-23	2.646	4.867e-06	1.657e-06	7.483e-07	0	0	0	0	0	0	0	0	0	0	0	0	0	0	0	0	0	0	0	0	0	0	0	6.537e+04	0	0	0	0	0	0	0	0	0	0	0	0	0	0	0	3.129e+05	0	0	0	0	0	0	0	0	0	0	0	0	0	0	0	0	0	0	0	0	0	0	0	
20916	1955.013	3.45e+19	0	0	100000	1.95374961	3.411e-06	0.3718	0.05046	9.586e-07	3.782	1.669e+04	97.76	0.001825	0.2382	5.893e-09	0.006444	0	0.0004108	3.979e-13	6.948e-19	5.428e-26	7.237e-26	9.046e-26	1.55e-07	1.026e-07	1.645e-09	0.4334	1.242e-09	5.022e-23	2.658	4.889e-06	1.664e-06	7.516e-07	0	0	0	0	0	0	0	0	0	0	0	0	0	0	0	0	0	0	0	0	0	0	0	6.546e+04	0	0	0	0	0	0	0	0	0	0	0	0	0	0	0	3.133e+05	0	0	0	0	0	0	0	0	0	0	0	0	0	0	0	0	0	0	0	0	0	0	0	
20944	1955.013	3.45e+19	0	0	100000	1.95377624	3.418e-06	0.3731	0.05068	9.659e-07	3.798	1.676e+04	98.2	0.001841	0.2395	5.932e-09	0.00648	0	0.0004143	3.997e-13	7.024e-19	5.452e-26	7.269e-26	9.086e-26	1.558e-07	1.032e-07	1.657e-09	0.4354	1.25e-09	5.06e-23	2.67	4.91e-06	1.671e-06	7.549e-07	0	0	0	0	0	0	0	0	0	0	0	0	0	0	0	0	0	0	0	0	0	0	0	6.555e+04	0	0	0	0	0	0	0	0	0	0	0	0	0	0	0	3.137e+05	0	0	0	0	0	0	0	0	0	0	0	0	0	0	0	0	0	0	0	0	0	0	0	
20972	1955.013	3.45e+19	0	0	100000	1.95380287	3.426e-06	0.3743	0.05091	9.733e-07	3.815	1.684e+04	98.63	0.001857	0.2408	5.971e-09	0.006515	0	0.000418	4.015e-13	7.1e-19	5.476e-26	7.301e-26	9.126e-26	1.567e-07	1.039e-07	1.67e-09	0.4373	1.258e-09	5.099e-23	2.681	4.932e-06	1.679e-06	7.583e-07	0	0	0	0	0	0	0	0	0	0	0	0	0	0	0	0	0	0	0	0	0	0	0	6.564e+04	0	0	0	0	0	0	0	0	0	0	0	0	0	0	0	3.141e+05	0	0	0	0	0	0	0	0	0	0	0	0	0	0	0	0	0	0	0	0	0	0	0	
21000	1955.013	3.45e+19	0	0	100000	1.9538295	3.434e-06	0.3756	0.05113	9.808e-07	3.832	1.691e+04	99.07	0.001873	0.2422	6.01e-09	0.006551	0	0.0004216	4.032e-13	7.177e-19	5.5e-26	7.334e-26	9.167e-26	1.575e-07	1.046e-07	1.683e-09	0.4392	1.267e-09	5.138e-23	2.693	4.954e-06	1.686e-06	7.617e-07	0	0	0	0	0	0	0	0	0	0	0	0	0	0	0	0	0	0	0	0	0	0	0	6.572e+04	0	0	0	0	0	0	0	0	0	0	0	0	0	0	0	3.145e+05	0	0	0	0	0	0	0	0	0	0	0	0	0	0	0	0	0	0	0	0	0	0	0	
21028	1955.013	3.45e+19	0	0	100000	1.95385613	3.442e-06	0.3769	0.05136	9.883e-07	3.849	1.699e+04	99.51	0.00189	0.2435	6.05e-09	0.006587	0	0.0004253	4.05e-13	7.256e-19	5.525e-26	7.366e-26	9.208e-26	1.584e-07	1.053e-07	1.696e-09	0.4412	1.275e-09	5.177e-23	2.705	4.976e-06	1.694e-06	7.651e-07	0	0	0	0	0	0	0	0	0	0	0	0	0	0	0	0	0	0	0	0	0	0	0	6.581e+04	0	0	0	0	0	0	0	0	0	0	0	0	0	0	0	3.15e+05	0	0	0	0	0	0	0	0	0	0	0	0	0	0	0	0	0	0	0	0	0	0	0	
21056	1955.013	3.45e+19	0	0	100000	1.95388276	3.45e-06	0.3781	0.05159	9.959e-07	3.866	1.706e+04	99.96	0.001906	0.2449	6.09e-09	0.006624	0	0.000429	4.069e-13	7.335e-19	5.549e-26	7.399e-26	9.249e-26	1.593e-07	1.06e-07	1.709e-09	0.4431	1.284e-09	5.217e-23	2.718	4.998e-06	1.701e-06	7.685e-07	0	0	0	0	0	0	0	0	0	0	0	0	0	0	0	0	0	0	0	0	0	0	0	6.59e+04	0	0	0	0	0	0	0	0	0	0	0	0	0	0	0	3.154e+05	0	0	0	0	0	0	0	0	0	0	0	0	0	0	0	0	0	0	0	0	0	0	0	
21084	1955.013	3.45e+19	0	0	100000	1.95390939	3.458e-06	0.3794	0.05182	1.004e-06	3.884	1.714e+04	100.4	0.001923	0.2462	6.13e-09	0.006661	0	0.0004328	4.087e-13	7.415e-19	5.574e-26	7.432e-26	9.291e-26	1.602e-07	1.067e-07	1.722e-09	0.4451	1.292e-09	5.257e-23	2.73	5.021e-06	1.709e-06	7.719e-07	0	0	0	0	0	0	0	0	0	0	0	0	0	0	0	0	0	0	0	0	0	0	0	6.599e+04	0	0	0	0	0	0	0	0	0	0	0	0	0	0	0	3.158e+05	0	0	0	0	0	0	0	0	0	0	0	0	0	0	0	0	0	0	0	0	0	0	0	
21112	1955.013	3.45e+19	0	0	100000	1.95393602	3.466e-06	0.3807	0.05205	1.011e-06	3.901	1.722e+04	100.9	0.00194	0.2476	6.171e-09	0.006698	0	0.0004366	4.105e-13	7.496e-19	5.599e-26	7.466e-26	9.332e-26	1.611e-07	1.074e-07	1.735e-09	0.4471	1.301e-09	5.298e-23	2.742	5.043e-06	1.717e-06	7.754e-07	0	0	0	0	0	0	0	0	0	0	0	0	0	0	0	0	0	0	0	0	0	0	0	6.607e+04	0	0	0	0	0	0	0	0	0	0	0	0	0	0	0	3.162e+05	0	0	0	0	0	0	0	0	0	0	0	0	0	0	0	0	0	0	0	0	0	0	0	
21140	1955.013	3.45e+19	0	0	100000	1.95396265	3.475e-06	0.382	0.05229	1.019e-06	3.919	1.729e+04	101.3	0.001957	0.249	6.211e-09	0.006735	0	0.0004404	4.123e-13	7.578e-19	5.624e-26	7.499e-26	9.374e-26	1.619e-07	1.081e-07	1.748e-09	0.4491	1.309e-09	5.338e-23	2.754	5.066e-06	1.724e-06	7.788e-07	0	0	0	0	0	0	0	0	0	0	0	0	0	0	0	0	0	0	0	0	0	0	0	6.616e+04	0	0	0	0	0	0	0	0	0	0	0	0	0	0	0	3.166e+05	0	0	0	0	0	0	0	0	0	0	0	0	0	0	0	0	0	0	0	0	0	0	0	
21168	1955.013	3.45e+19	0	0	100000	1.95398928	3.483e-06	0.3833	0.05252	1.027e-06	3.936	1.737e+04	101.8	0.001974	0.2503	6.253e-09	0.006772	0	0.0004443	4.142e-13	7.661e-19	5.649e-26	7.533e-26	9.416e-26	1.628e-07	1.088e-07	1.762e-09	0.4511	1.318e-09	5.379e-23	2.767	5.088e-06	1.732e-06	7.823e-07	0	0	0	0	0	0	0	0	0	0	0	0	0	0	0	0	0	0	0	0	0	0	0	6.625e+04	0	0	0	0	0	0	0	0	0	0	0	0	0	0	0	3.17e+05	0	0	0	0	0	0	0	0	0	0	0	0	0	0	0	0	0	0	0	0	0	0	0	
21196	1955.013	3.45e+19	0	0	100000	1.95401591	3.491e-06	0.3846	0.05275	1.035e-06	3.954	1.745e+04	102.2	0.001991	0.2517	6.294e-09	0.00681	0	0.0004481	4.16e-13	7.744e-19	5.675e-26	7.566e-26	9.458e-26	1.637e-07	1.095e-07	1.775e-09	0.4531	1.327e-09	5.421e-23	2.779	5.111e-06	1.74e-06	7.858e-07	0	0	0	0	0	0	0	0	0	0	0	0	0	0	0	0	0	0	0	0	0	0	0	6.634e+04	0	0	0	0	0	0	0	0	0	0	0	0	0	0	0	3.175e+05	0	0	0	0	0	0	0	0	0	0	0	0	0	0	0	0	0	0	0	0	0	0	0	
21224	1955.013	3.45e+19	0	0	100000	1.95404254	3.499e-06	0.3859	0.05299	1.043e-06	3.971	1.753e+04	102.7	0.002009	0.2531	6.336e-09	0.006847	0	0.0004521	4.179e-13	7.829e-19	5.7e-26	7.6e-26	9.5e-26	1.646e-07	1.103e-07	1.789e-09	0.4551	1.335e-09	5.462e-23	2.791	5.134e-06	1.747e-06	7.893e-07	0	0	0	0	0	0	0	0	0	0	0	0	0	0	0	0	0	0	0	0	0	0	0	6.642e+04	0	0	0	0	0	0	0	0	0	0	0	0	0	0	0	3.179e+05	0	0	0	0	0	0	0	0	0	0	0	0	0	0	0	0	0	0	0	0	0	0	0	
21252	1955.013	3.45e+19	0	0	100000	1.95406917	3.507e-06	0.3872	0.05323	1.051e-06	3.989	1.76e+04	103.1	0.002026	0.2545	6.377e-09	0.006885	0	0.000456	4.198e-13	7.914e-19	5.725e-26	7.634e-26	9.542e-26	1.656e-07	1.11e-07	1.803e-09	0.4571	1.344e-09	5.504e-23	2.804	5.157e-06	1.755e-06	7.928e-07	0	0	0	0	0	0	0	0	0	0	0	0	0	0	0	0	0	0	0	0	0	0	0	6.651e+04	0	0	0	0	0	0	0	0	0	0	0	0	0	0	0	3.183e+05	0	0	0	0	0	0	0	0	0	0	0	0	0	0	0	0	0	0	0	0	0	0	0	
21280	1955.013	3.45e+19	0	0	100000	1.9540958	3.515e-06	0.3885	0.05346	1.059e-06	4.007	1.768e+04	103.6	0.002044	0.2559	6.419e-09	0.006923	0	0.00046	4.216e-13	8e-19	5.751e-26	7.668e-26	9.585e-26	1.665e-07	1.117e-07	1.816e-09	0.4592	1.353e-09	5.546e-23	2.816	5.18e-06	1.763e-06	7.964e-07	0	0	0	0	0	0	0	0	0	0	0	0	0	0	0	0	0	0	0	0	0	0	0	6.66e+04	0	0	0	0	0	0	0	0	0	0	0	0	0	0	0	3.187e+05	0	0	0	0	0	0	0	0	0	0	0	0	0	0	0	0	0	0	0	0	0	0	0	
21308	1955.013	3.45e+19	0	0	100000	1.95412243	3.523e-06	0.3898	0.0537	1.067e-06	4.024	1.776e+04	104	0.002062	0.2573	6.462e-09	0.006961	0	0.000464	4.235e-13	8.088e-19	5.776e-26	7.702e-26	9.627e-26	1.674e-07	1.125e-07	1.83e-09	0.4612	1.362e-09	5.589e-23	2.829	5.202e-06	1.771e-06	7.999e-07	0	0	0	0	0	0	0	0	0	0	0	0	0	0	0	0	0	0	0	0	0	0	0	6.669e+04	0	0	0	0	0	0	0	0	0	0	0	0	0	0	0	3.191e+05	0	0	0	0	0	0	0	0	0	0	0	0	0	0	0	0	0	0	0	0	0	0	0	
21336	1955.013	3.45e+19	0	0	100000	1.95414906	3.531e-06	0.3911	0.05394	1.075e-06	4.042	1.784e+04	104.5	0.00208	0.2587	6.504e-09	0.006999	0	0.0004681	4.254e-13	8.176e-19	5.802e-26	7.736e-26	9.67e-26	1.683e-07	1.132e-07	1.844e-09	0.4632	1.371e-09	5.632e-23	2.841	5.225e-06	1.779e-06	8.034e-07	0	0	0	0	0	0	0	0	0	0	0	0	0	0	0	0	0	0	0	0	0	0	0	6.677e+04	0	0	0	0	0	0	0	0	0	0	0	0	0	0	0	3.196e+05	0	0	0	0	0	0	0	0	0	0	0	0	0	0	0	0	0	0	0	0	0	0	0	
21364	1955.013	3.45e+19	0	0	100000	1.95417569	3.539e-06	0.3924	0.05417	1.083e-06	4.06	1.792e+04	105	0.002098	0.2602	6.547e-09	0.007038	0	0.0004721	4.272e-13	8.264e-19	5.827e-26	7.77e-26	9.712e-26	1.692e-07	1.139e-07	1.858e-09	0.4653	1.38e-09	5.675e-23	2.854	5.248e-06	1.786e-06	8.07e-07	0	0	0	0	0	0	0	0	0	0	0	0	0	0	0	0	0	0	0	0	0	0	0	6.686e+04	0	0	0	0	0	0	0	0	0	0	0	0	0	0	0	3.2e+05	0	0	0	0	0	0	0	0	0	0	0	0	0	0	0	0	0	0	0	0	0	0	0	
21392	1955.013	3.45e+19	0	0	100000	1.95420232	3.547e-06	0.3937	0.05441	1.092e-06	4.078	1.8e+04	105.4	0.002116	0.2616	6.589e-09	0.007076	0	0.0004762	4.291e-13	8.354e-19	5.853e-26	7.804e-26	9.755e-26	1.702e-07	1.147e-07	1.873e-09	0.4673	1.389e-09	5.718e-23	2.866	5.271e-06	1.794e-06	8.105e-07	0	0	0	0	0	0	0	0	0	0	0	0	0	0	0	0	0	0	0	0	0	0	0	6.695e+04	0	0	0	0	0	0	0	0	0	0	0	0	0	0	0	3.204e+05	0	0	0	0	0	0	0	0	0	0	0	0	0	0	0	0	0	0	0	0	0	0	0	
21420	1955.013	3.45e+19	0	0	100000	1.95422895	3.555e-06	0.395	0.05465	1.1e-06	4.096	1.808e+04	105.9	0.002135	0.263	6.632e-09	0.007115	0	0.0004804	4.31e-13	8.445e-19	5.878e-26	7.838e-26	9.797e-26	1.711e-07	1.154e-07	1.887e-09	0.4693	1.398e-09	5.761e-23	2.879	5.294e-06	1.802e-06	8.14e-07	0	0	0	0	0	0	0	0	0	0	0	0	0	0	0	0	0	0	0	0	0	0	0	6.704e+04	0	0	0	0	0	0	0	0	0	0	0	0	0	0	0	3.208e+05	0	0	0	0	0	0	0	0	0	0	0	0	0	0	0	0	0	0	0	0	0	0	0	
21448	1955.013	3.45e+19	0	0	100000	1.95425558	3.563e-06	0.3963	0.05489	1.108e-06	4.113	1.815e+04	106.3	0.002153	0.2644	6.676e-09	0.007153	0	0.0004845	4.329e-13	8.536e-19	5.904e-26	7.872e-26	9.84e-26	1.72e-07	1.162e-07	1.901e-09	0.4714	1.407e-09	5.805e-23	2.891	5.318e-06	1.81e-06	8.176e-07	0	0	0	0	0	0	0	0	0	0	0	0	0	0	0	0	0	0	0	0	0	0	0	6.712e+04	0	0	0	0	0	0	0	0	0	0	0	0	0	0	0	3.212e+05	0	0	0	0	0	0	0	0	0	0	0	0	0	0	0	0	0	0	0	0	0	0	0	
21476	1955.013	3.45e+19	0	0	100000	1.95428221	3.57e-06	0.3976	0.05512	1.117e-06	4.131	1.823e+04	106.8	0.002172	0.2659	6.719e-09	0.007192	0	0.0004887	4.347e-13	8.629e-19	5.93e-26	7.906e-26	9.883e-26	1.729e-07	1.169e-07	1.916e-09	0.4734	1.416e-09	5.849e-23	2.904	5.341e-06	1.818e-06	8.211e-07	0	0	0	0	0	0	0	0	0	0	0	0	0	0	0	0	0	0	0	0	0	0	0	6.721e+04	0	0	0	0	0	0	0	0	0	0	0	0	0	0	0	3.217e+05	0	0	0	0	0	0	0	0	0	0	0	0	0	0	0	0	0	0	0	0	0	0	0	
21504	1955.013	3.45e+19	0	0	100000	1.95430884	3.578e-06	0.3989	0.05536	1.125e-06	4.149	1.831e+04	107.3	0.00219	0.2673	6.762e-09	0.007231	0	0.000493	4.366e-13	8.722e-19	5.955e-26	7.94e-26	9.925e-26	1.739e-07	1.177e-07	1.93e-09	0.4755	1.425e-09	5.893e-23	2.916	5.364e-06	1.826e-06	8.247e-07	0	0	0	0	0	0	0	0	0	0	0	0	0	0	0	0	0	0	0	0	0	0	0	6.73e+04	0	0	0	0	0	0	0	0	0	0	0	0	0	0	0	3.221e+05	0	0	0	0	0	0	0	0	0	0	0	0	0	0	0	0	0	0	0	0	0	0	0	
21532	1955.013	3.45e+19	0	0	100000	1.95433547	3.586e-06	0.4002	0.0556	1.133e-06	4.167	1.839e+04	107.7	0.002209	0.2687	6.806e-09	0.00727	0	0.0004972	4.385e-13	8.816e-19	5.981e-26	7.974e-26	9.968e-26	1.748e-07	1.185e-07	1.945e-09	0.4775	1.435e-09	5.938e-23	2.929	5.387e-06	1.834e-06	8.282e-07	0	0	0	0	0	0	0	0	0	0	0	0	0	0	0	0	0	0	0	0	0	0	0	6.739e+04	0	0	0	0	0	0	0	0	0	0	0	0	0	0	0	3.225e+05	0	0	0	0	0	0	0	0	0	0	0	0	0	0	0	0	0	0	0	0	0	0	0	
21560	1955.013	3.45e+19	0	0	100000	1.9543621	3.593e-06	0.4015	0.05584	1.142e-06	4.185	1.847e+04	108.2	0.002228	0.2702	6.85e-09	0.007309	0	0.0005015	4.404e-13	8.911e-19	6.007e-26	8.009e-26	1.001e-25	1.757e-07	1.192e-07	1.959e-09	0.4795	1.444e-09	5.982e-23	2.941	5.41e-06	1.841e-06	8.318e-07	0	0	0	0	0	0	0	0	0	0	0	0	0	0	0	0	0	0	0	0	0	0	0	6.748e+04	0	0	0	0	0	0	0	0	0	0	0	0	0	0	0	3.229e+05	0	0	0	0	0	0	0	0	0	0	0	0	0	0	0	0	0	0	0	0	0	0	0	
21588	1955.013	3.45e+19	0	0	100000	1.95438873	3.601e-06	0.4028	0.05608	1.151e-06	4.203	1.855e+04	108.7	0.002248	0.2716	6.894e-09	0.007348	0	0.0005058	4.422e-13	9.007e-19	6.032e-26	8.043e-26	1.005e-25	1.767e-07	1.2e-07	1.974e-09	0.4816	1.453e-09	6.027e-23	2.954	5.433e-06	1.849e-06	8.353e-07	0	0	0	0	0	0	0	0	0	0	0	0	0	0	0	0	0	0	0	0	0	0	0	6.756e+04	0	0	0	0	0	0	0	0	0	0	0	0	0	0	0	3.233e+05	0	0	0	0	0	0	0	0	0	0	0	0	0	0	0	0	0	0	0	0	0	0	0	
21616	1955.013	3.45e+19	0	0	100000	1.95441536	3.609e-06	0.404	0.05632	1.159e-06	4.221	1.863e+04	109.1	0.002267	0.2731	6.938e-09	0.007387	0	0.0005101	4.441e-13	9.104e-19	6.058e-26	8.077e-26	1.01e-25	1.776e-07	1.208e-07	1.989e-09	0.4836	1.462e-09	6.072e-23	2.966	5.456e-06	1.857e-06	8.389e-07	0	0	0	0	0	0	0	0	0	0	0	0	0	0	0	0	0	0	0	0	0	0	0	6.765e+04	0	0	0	0	0	0	0	0	0	0	0	0	0	0	0	3.238e+05	0	0	0	0	0	0	0	0	0	0	0	0	0	0	0	0	0	0	0	0	0	0	0	
21644	1955.013	3.45e+19	0	0	100000	1.95444199	3.616e-06	0.4053	0.05655	1.168e-06	4.238	1.871e+04	109.6	0.002286	0.2745	6.983e-09	0.007426	0	0.0005145	4.46e-13	9.202e-19	6.083e-26	8.111e-26	1.014e-25	1.786e-07	1.215e-07	2.004e-09	0.4857	1.472e-09	6.118e-23	2.979	5.479e-06	1.865e-06	8.424e-07	0	0	0	0	0	0	0	0	0	0	0	0	0	0	0	0	0	0	0	0	0	0	0	6.774e+04	0	0	0	0	0	0	0	0	0	0	0	0	0	0	0	3.242e+05	0	0	0	0	0	0	0	0	0	0	0	0	0	0	0	0	0	0	0	0	0	0	0	
21672	1955.013	3.45e+19	0	0	100000	1.95446862	3.624e-06	0.4066	0.05679	1.177e-06	4.256	1.879e+04	110	0.002306	0.276	7.027e-09	0.007466	0	0.0005189	4.479e-13	9.3e-19	6.109e-26	8.146e-26	1.018e-25	1.795e-07	1.223e-07	2.019e-09	0.4877	1.481e-09	6.164e-23	2.992	5.502e-06	1.873e-06	8.46e-07	0	0	0	0	0	0	0	0	0	0	0	0	0	0	0	0	0	0	0	0	0	0	0	6.783e+04	0	0	0	0	0	0	0	0	0	0	0	0	0	0	0	3.246e+05	0	0	0	0	0	0	0	0	0	0	0	0	0	0	0	0	0	0	0	0	0	0	0	
21700	1955.013	3.45e+19	0	0	100000	1.95449525	3.631e-06	0.4079	0.05703	1.185e-06	4.274	1.886e+04	110.5	0.002325	0.2774	7.072e-09	0.007505	0	0.0005233	4.498e-13	9.4e-19	6.135e-26	8.18e-26	1.022e-25	1.805e-07	1.231e-07	2.034e-09	0.4898	1.491e-09	6.209e-23	3.004	5.525e-06	1.881e-06	8.495e-07	0	0	0	0	0	0	0	0	0	0	0	0	0	0	0	0	0	0	0	0	0	0	0	6.791e+04	0	0	0	0	0	0	0	0	0	0	0	0	0	0	0	3.25e+05	0	0	0	0	0	0	0	0	0	0	0	0	0	0	0	0	0	0	0	0	0	0	0	
21728	1955.013	3.45e+19	0	0	100000	1.95452188	3.638e-06	0.4091	0.05727	1.194e-06	4.292	1.894e+04	111	0.002345	0.2789	7.117e-09	0.007545	0	0.0005278	4.517e-13	9.5e-19	6.16e-26	8.214e-26	1.027e-25	1.814e-07	1.239e-07	2.049e-09	0.4918	1.5e-09	6.256e-23	3.017	5.549e-06	1.889e-06	8.531e-07	0	0	0	0	0	0	0	0	0	0	0	0	0	0	0	0	0	0	0	0	0	0	0	6.8e+04	0	0	0	0	0	0	0	0	0	0	0	0	0	0	0	3.254e+05	0	0	0	0	0	0	0	0	0	0	0	0	0	0	0	0	0	0	0	0	0	0	0	
21756	1955.013	3.45e+19	0	0	100000	1.95454851	3.646e-06	0.4104	0.05751	1.203e-06	4.31	1.902e+04	111.4	0.002365	0.2804	7.162e-09	0.007584	0	0.0005323	4.535e-13	9.602e-19	6.186e-26	8.248e-26	1.031e-25	1.824e-07	1.246e-07	2.064e-09	0.4938	1.509e-09	6.302e-23	3.029	5.572e-06	1.896e-06	8.566e-07	0	0	0	0	0	0	0	0	0	0	0	0	0	0	0	0	0	0	0	0	0	0	0	6.809e+04	0	0	0	0	0	0	0	0	0	0	0	0	0	0	0	3.259e+05	0	0	0	0	0	0	0	0	0	0	0	0	0	0	0	0	0	0	0	0	0	0	0	
21784	1955.013	3.45e+19	0	0	100000	1.95457514	3.653e-06	0.4116	0.05775	1.212e-06	4.328	1.91e+04	111.9	0.002385	0.2818	7.207e-09	0.007624	0	0.0005368	4.554e-13	9.704e-19	6.212e-26	8.282e-26	1.035e-25	1.833e-07	1.254e-07	2.079e-09	0.4959	1.519e-09	6.349e-23	3.042	5.595e-06	1.904e-06	8.602e-07	0	0	0	0	0	0	0	0	0	0	0	0	0	0	0	0	0	0	0	0	0	0	0	6.818e+04	0	0	0	0	0	0	0	0	0	0	0	0	0	0	0	3.263e+05	0	0	0	0	0	0	0	0	0	0	0	0	0	0	0	0	0	0	0	0	0	0	0	
21812	1955.013	3.45e+19	0	0	100000	1.95460177	3.66e-06	0.4129	0.05799	1.221e-06	4.346	1.918e+04	112.4	0.002405	0.2833	7.253e-09	0.007664	0	0.0005413	4.573e-13	9.807e-19	6.237e-26	8.317e-26	1.04e-25	1.843e-07	1.262e-07	2.095e-09	0.4979	1.529e-09	6.396e-23	3.054	5.618e-06	1.912e-06	8.638e-07	0	0	0	0	0	0	0	0	0	0	0	0	0	0	0	0	0	0	0	0	0	0	0	6.826e+04	0	0	0	0	0	0	0	0	0	0	0	0	0	0	0	3.267e+05	0	0	0	0	0	0	0	0	0	0	0	0	0	0	0	0	0	0	0	0	0	0	0	
21840	1955.013	3.45e+19	0	0	100000	1.9546284	3.667e-06	0.4141	0.05822	1.23e-06	4.364	1.926e+04	112.8	0.002426	0.2848	7.298e-09	0.007704	0	0.0005459	4.592e-13	9.912e-19	6.263e-26	8.351e-26	1.044e-25	1.852e-07	1.27e-07	2.11e-09	0.5	1.538e-09	6.443e-23	3.067	5.641e-06	1.92e-06	8.673e-07	0	0	0	0	0	0	0	0	0	0	0	0	0	0	0	0	0	0	0	0	0	0	0	6.835e+04	0	0	0	0	0	0	0	0	0	0	0	0	0	0	0	3.271e+05	0	0	0	0	0	0	0	0	0	0	0	0	0	0	0	0	0	0	0	0	0	0	0	
21868	1955.013	3.45e+19	0	0	100000	1.95465503	3.674e-06	0.4154	0.05846	1.239e-06	4.381	1.934e+04	113.3	0.002446	0.2862	7.344e-09	0.007744	0	0.0005505	4.611e-13	1.002e-18	6.289e-26	8.385e-26	1.048e-25	1.862e-07	1.278e-07	2.126e-09	0.502	1.548e-09	6.49e-23	3.08	5.664e-06	1.928e-06	8.709e-07	0	0	0	0	0	0	0	0	0	0	0	0	0	0	0	0	0	0	0	0	0	0	0	6.844e+04	0	0	0	0	0	0	0	0	0	0	0	0	0	0	0	3.275e+05	0	0	0	0	0	0	0	0	0	0	0	0	0	0	0	0	0	0	0	0	0	0	0	
21896	1955.013	3.45e+19	0	0	100000	1.95468166	3.681e-06	0.4166	0.0587	1.248e-06	4.399	1.942e+04	113.7	0.002467	0.2877	7.39e-09	0.007784	0	0.0005551	4.629e-13	1.012e-18	6.314e-26	8.419e-26	1.052e-25	1.872e-07	1.286e-07	2.141e-09	0.5041	1.557e-09	6.538e-23	3.092	5.687e-06	1.936e-06	8.744e-07	0	0	0	0	0	0	0	0	0	0	0	0	0	0	0	0	0	0	0	0	0	0	0	6.853e+04	0	0	0	0	0	0	0	0	0	0	0	0	0	0	0	3.28e+05	0	0	0	0	0	0	0	0	0	0	0	0	0	0	0	0	0	0	0	0	0	0	0	
21924	1955.013	3.45e+19	0	0	100000	1.95470829	3.688e-06	0.4179	0.05894	1.257e-06	4.417	1.95e+04	114.2	0.002488	0.2892	7.436e-09	0.007824	0	0.0005598	4.648e-13	1.023e-18	6.34e-26	8.453e-26	1.057e-25	1.881e-07	1.294e-07	2.157e-09	0.5061	1.567e-09	6.585e-23	3.105	5.71e-06	1.944e-06	8.78e-07	0	0	0	0	0	0	0	0	0	0	0	0	0	0	0	0	0	0	0	0	0	0	0	6.861e+04	0	0	0	0	0	0	0	0	0	0	0	0	0	0	0	3.284e+05	0	0	0	0	0	0	0	0	0	0	0	0	0	0	0	0	0	0	0	0	0	0	0	
21952	1955.013	3.45e+19	0	0	100000	1.95473492	3.695e-06	0.4191	0.05918	1.266e-06	4.435	1.957e+04	114.7	0.002508	0.2907	7.482e-09	0.007864	0	0.0005645	4.667e-13	1.034e-18	6.366e-26	8.488e-26	1.061e-25	1.891e-07	1.302e-07	2.173e-09	0.5081	1.577e-09	6.634e-23	3.117	5.733e-06	1.951e-06	8.815e-07	0	0	0	0	0	0	0	0	0	0	0	0	0	0	0	0	0	0	0	0	0	0	0	6.87e+04	0	0	0	0	0	0	0	0	0	0	0	0	0	0	0	3.288e+05	0	0	0	0	0	0	0	0	0	0	0	0	0	0	0	0	0	0	0	0	0	0	0	
21980	1955.013	3.45e+19	0	0	100000	1.95476155	3.702e-06	0.4203	0.05942	1.276e-06	4.453	1.965e+04	115.1	0.00253	0.2922	7.528e-09	0.007904	0	0.0005692	4.686e-13	1.045e-18	6.391e-26	8.522e-26	1.065e-25	1.901e-07	1.31e-07	2.188e-09	0.5102	1.587e-09	6.682e-23	3.13	5.756e-06	1.959e-06	8.851e-07	0	0	0	0	0	0	0	0	0	0	0	0	0	0	0	0	0	0	0	0	0	0	0	6.879e+04	0	0	0	0	0	0	0	0	0	0	0	0	0	0	0	3.292e+05	0	0	0	0	0	0	0	0	0	0	0	0	0	0	0	0	0	0	0	0	0	0	0	
22008	1955.013	3.45e+19	0	0	100000	1.95478818	3.709e-06	0.4216	0.05965	1.285e-06	4.471	1.973e+04	115.6	0.002551	0.2937	7.575e-09	0.007944	0	0.000574	4.705e-13	1.056e-18	6.417e-26	8.556e-26	1.069e-25	1.91e-07	1.318e-07	2.204e-09	0.5122	1.597e-09	6.73e-23	3.142	5.78e-06	1.967e-06	8.886e-07	0	0	0	0	0	0	0	0	0	0	0	0	0	0	0	0	0	0	0	0	0	0	0	6.888e+04	0	0	0	0	0	0	0	0	0	0	0	0	0	0	0	3.296e+05	0	0	0	0	0	0	0	0	0	0	0	0	0	0	0	0	0	0	0	0	0	0	0	
22036	1955.013	3.45e+19	0	0	100000	1.95481481	3.716e-06	0.4228	0.05989	1.294e-06	4.489	1.981e+04	116	0.002572	0.2952	7.622e-09	0.007984	0	0.0005787	4.723e-13	1.067e-18	6.442e-26	8.59e-26	1.074e-25	1.92e-07	1.326e-07	2.22e-09	0.5143	1.606e-09	6.779e-23	3.155	5.803e-06	1.975e-06	8.921e-07	0	0	0	0	0	0	0	0	0	0	0	0	0	0	0	0	0	0	0	0	0	0	0	6.896e+04	0	0	0	0	0	0	0	0	0	0	0	0	0	0	0	3.3e+05	0	0	0	0	0	0	0	0	0	0	0	0	0	0	0	0	0	0	0	0	0	0	0	
22064	1955.013	3.45e+19	0	0	100000	1.95484144	3.722e-06	0.424	0.06013	1.303e-06	4.506	1.989e+04	116.5	0.002593	0.2966	7.668e-09	0.008025	0	0.0005836	4.742e-13	1.078e-18	6.468e-26	8.624e-26	1.078e-25	1.93e-07	1.335e-07	2.236e-09	0.5163	1.616e-09	6.828e-23	3.167	5.826e-06	1.983e-06	8.957e-07	0	0	0	0	0	0	0	0	0	0	0	0	0	0	0	0	0	0	0	0	0	0	0	6.905e+04	0	0	0	0	0	0	0	0	0	0	0	0	0	0	0	3.305e+05	0	0	0	0	0	0	0	0	0	0	0	0	0	0	0	0	0	0	0	0	0	0	0	
22092	1955.013	3.45e+19	0	0	100000	1.95486807	3.729e-06	0.4252	0.06037	1.313e-06	4.524	1.997e+04	117	0.002615	0.2981	7.715e-09	0.008065	0	0.0005884	4.761e-13	1.089e-18	6.493e-26	8.658e-26	1.082e-25	1.939e-07	1.343e-07	2.252e-09	0.5183	1.626e-09	6.877e-23	3.18	5.848e-06	1.991e-06	8.992e-07	0	0	0	0	0	0	0	0	0	0	0	0	0	0	0	0	0	0	0	0	0	0	0	6.914e+04	0	0	0	0	0	0	0	0	0	0	0	0	0	0	0	3.309e+05	0	0	0	0	0	0	0	0	0	0	0	0	0	0	0	0	0	0	0	0	0	0	0	
22120	1955.013	3.45e+19	0	0	100000	1.9548947	3.735e-06	0.4264	0.0606	1.322e-06	4.542	2.005e+04	117.4	0.002636	0.2996	7.762e-09	0.008105	0	0.0005933	4.779e-13	1.101e-18	6.519e-26	8.692e-26	1.086e-25	1.949e-07	1.351e-07	2.269e-09	0.5204	1.636e-09	6.927e-23	3.192	5.871e-06	1.998e-06	9.027e-07	0	0	0	0	0	0	0	0	0	0	0	0	0	0	0	0	0	0	0	0	0	0	0	6.923e+04	0	0	0	0	0	0	0	0	0	0	0	0	0	0	0	3.313e+05	0	0	0	0	0	0	0	0	0	0	0	0	0	0	0	0	0	0	0	0	0	0	0	
22148	1955.013	3.45e+19	0	0	100000	1.95492133	3.742e-06	0.4276	0.06084	1.332e-06	4.56	2.012e+04	117.9	0.002658	0.3011	7.81e-09	0.008146	0	0.0005982	4.798e-13	1.112e-18	6.544e-26	8.726e-26	1.091e-25	1.959e-07	1.359e-07	2.285e-09	0.5224	1.646e-09	6.977e-23	3.205	5.894e-06	2.006e-06	9.063e-07	0	0	0	0	0	0	0	0	0	0	0	0	0	0	0	0	0	0	0	0	0	0	0	6.932e+04	0	0	0	0	0	0	0	0	0	0	0	0	0	0	0	3.317e+05	0	0	0	0	0	0	0	0	0	0	0	0	0	0	0	0	0	0	0	0	0	0	0	
22176	1955.013	3.45e+19	0	0	100000	1.95494796	3.748e-06	0.4288	0.06107	1.341e-06	4.577	2.02e+04	118.3	0.00268	0.3026	7.857e-09	0.008186	0	0.0006031	4.817e-13	1.124e-18	6.57e-26	8.76e-26	1.095e-25	1.968e-07	1.367e-07	2.301e-09	0.5244	1.656e-09	7.026e-23	3.217	5.917e-06	2.014e-06	9.098e-07	0	0	0	0	0	0	0	0	0	0	0	0	0	0	0	0	0	0	0	0	0	0	0	6.94e+04	0	0	0	0	0	0	0	0	0	0	0	0	0	0	0	3.321e+05	0	0	0	0	0	0	0	0	0	0	0	0	0	0	0	0	0	0	0	0	0	0	0	
22204	1955.013	3.45e+19	0	0	100000	1.95497459	3.754e-06	0.43	0.06131	1.351e-06	4.595	2.028e+04	118.8	0.002702	0.3041	7.904e-09	0.008227	0	0.0006081	4.835e-13	1.136e-18	6.595e-26	8.793e-26	1.099e-25	1.978e-07	1.376e-07	2.318e-09	0.5264	1.666e-09	7.076e-23	3.23	5.94e-06	2.022e-06	9.133e-07	0	0	0	0	0	0	0	0	0	0	0	0	0	0	0	0	0	0	0	0	0	0	0	6.949e+04	0	0	0	0	0	0	0	0	0	0	0	0	0	0	0	3.326e+05	0	0	0	0	0	0	0	0	0	0	0	0	0	0	0	0	0	0	0	0	0	0	0	
22232	1955.013	3.45e+19	0	0	100000	1.95500122	3.761e-06	0.4312	0.06155	1.36e-06	4.612	2.036e+04	119.2	0.002724	0.3056	7.952e-09	0.008267	0	0.000613	4.854e-13	1.147e-18	6.62e-26	8.827e-26	1.103e-25	1.988e-07	1.384e-07	2.334e-09	0.5284	1.676e-09	7.127e-23	3.242	5.963e-06	2.03e-06	9.168e-07	0	0	0	0	0	0	0	0	0	0	0	0	0	0	0	0	0	0	0	0	0	0	0	6.958e+04	0	0	0	0	0	0	0	0	0	0	0	0	0	0	0	3.33e+05	0	0	0	0	0	0	0	0	0	0	0	0	0	0	0	0	0	0	0	0	0	0	0	
22260	1955.013	3.45e+19	0	0	100000	1.95502785	3.767e-06	0.4324	0.06178	1.37e-06	4.63	2.043e+04	119.7	0.002747	0.3071	8e-09	0.008308	0	0.0006181	4.872e-13	1.159e-18	6.646e-26	8.861e-26	1.108e-25	1.998e-07	1.392e-07	2.351e-09	0.5304	1.686e-09	7.177e-23	3.254	5.986e-06	2.037e-06	9.203e-07	0	0	0	0	0	0	0	0	0	0	0	0	0	0	0	0	0	0	0	0	0	0	0	6.967e+04	0	0	0	0	0	0	0	0	0	0	0	0	0	0	0	3.334e+05	0	0	0	0	0	0	0	0	0	0	0	0	0	0	0	0	0	0	0	0	0	0	0	
22288	1955.013	3.45e+19	0	0	100000	1.95505448	3.773e-06	0.4335	0.06202	1.38e-06	4.648	2.051e+04	120.2	0.002769	0.3086	8.048e-09	0.008349	0	0.0006231	4.891e-13	1.171e-18	6.671e-26	8.895e-26	1.112e-25	2.007e-07	1.401e-07	2.367e-09	0.5325	1.696e-09	7.228e-23	3.267	6.008e-06	2.045e-06	9.238e-07	0	0	0	0	0	0	0	0	0	0	0	0	0	0	0	0	0	0	0	0	0	0	0	6.975e+04	0	0	0	0	0	0	0	0	0	0	0	0	0	0	0	3.338e+05	0	0	0	0	0	0	0	0	0	0	0	0	0	0	0	0	0	0	0	0	0	0	0	
22316	1955.013	3.45e+19	0	0	100000	1.95508111	3.779e-06	0.4347	0.06225	1.39e-06	4.665	2.059e+04	120.6	0.002792	0.3101	8.096e-09	0.008389	0	0.0006282	4.909e-13	1.183e-18	6.696e-26	8.928e-26	1.116e-25	2.017e-07	1.409e-07	2.384e-09	0.5345	1.706e-09	7.279e-23	3.279	6.031e-06	2.053e-06	9.273e-07	0	0	0	0	0	0	0	0	0	0	0	0	0	0	0	0	0	0	0	0	0	0	0	6.984e+04	0	0	0	0	0	0	0	0	0	0	0	0	0	0	0	3.342e+05	0	0	0	0	0	0	0	0	0	0	0	0	0	0	0	0	0	0	0	0	0	0	0	
22344	1955.013	3.45e+19	0	0	100000	1.95510774	3.785e-06	0.4359	0.06248	1.399e-06	4.683	2.067e+04	121.1	0.002815	0.3116	8.144e-09	0.00843	0	0.0006333	4.928e-13	1.196e-18	6.721e-26	8.962e-26	1.12e-25	2.027e-07	1.417e-07	2.401e-09	0.5365	1.716e-09	7.331e-23	3.291	6.054e-06	2.061e-06	9.308e-07	0	0	0	0	0	0	0	0	0	0	0	0	0	0	0	0	0	0	0	0	0	0	0	6.993e+04	0	0	0	0	0	0	0	0	0	0	0	0	0	0	0	3.347e+05	0	0	0	0	0	0	0	0	0	0	0	0	0	0	0	0	0	0	0	0	0	0	0	
22372	1955.013	3.45e+19	0	0	100000	1.95513437	3.791e-06	0.437	0.06272	1.409e-06	4.7	2.075e+04	121.5	0.002837	0.3131	8.192e-09	0.008471	0	0.0006384	4.946e-13	1.208e-18	6.747e-26	8.995e-26	1.124e-25	2.037e-07	1.426e-07	2.418e-09	0.5385	1.727e-09	7.382e-23	3.304	6.076e-06	2.068e-06	9.343e-07	0	0	0	0	0	0	0	0	0	0	0	0	0	0	0	0	0	0	0	0	0	0	0	7.002e+04	0	0	0	0	0	0	0	0	0	0	0	0	0	0	0	3.351e+05	0	0	0	0	0	0	0	0	0	0	0	0	0	0	0	0	0	0	0	0	0	0	0	
22400	1955.013	3.45e+19	0	0	100000	1.955161	3.797e-06	0.4382	0.06295	1.419e-06	4.718	2.082e+04	122	0.00286	0.3147	8.241e-09	0.008512	0	0.0006436	4.965e-13	1.22e-18	6.772e-26	9.029e-26	1.129e-25	2.047e-07	1.434e-07	2.435e-09	0.5405	1.737e-09	7.434e-23	3.316	6.099e-06	2.076e-06	9.378e-07	0	0	0	0	0	0	0	0	0	0	0	0	0	0	0	0	0	0	0	0	0	0	0	7.01e+04	0	0	0	0	0	0	0	0	0	0	0	0	0	0	0	3.355e+05	0	0	0	0	0	0	0	0	0	0	0	0	0	0	0	0	0	0	0	0	0	0	0	
22428	1955.013	3.45e+19	0	0	100000	1.95518865	3.802e-06	0.4393	0.06319	1.429e-06	4.736	2.09e+04	122.4	0.002884	0.3162	8.29e-09	0.008553	0	0.0006489	4.983e-13	1.233e-18	6.797e-26	9.063e-26	1.133e-25	2.057e-07	1.443e-07	2.452e-09	0.5425	1.747e-09	7.487e-23	3.328	6.122e-06	2.084e-06	9.412e-07	0	0	0	0	0	0	0	0	0	0	0	0	0	0	0	0	0	0	0	0	0	0	0	7.019e+04	0	0	0	0	0	0	0	0	0	0	0	0	0	0	0	3.359e+05	0	0	0	0	0	0	0	0	0	0	0	0	0	0	0	0	0	0	0	0	0	0	0	
22456	1955.013	3.45e+19	0	0	100000	1.9552163	3.808e-06	0.4404	0.06342	1.439e-06	4.753	2.098e+04	122.9	0.002908	0.3177	8.34e-09	0.008595	0	0.0006543	5.002e-13	1.246e-18	6.822e-26	9.096e-26	1.137e-25	2.067e-07	1.451e-07	2.469e-09	0.5445	1.758e-09	7.54e-23	3.341	6.144e-06	2.091e-06	9.447e-07	0	0	0	0	0	0	0	0	0	0	0	0	0	0	0	0	0	0	0	0	0	0	0	7.028e+04	0	0	0	0	0	0	0	0	0	0	0	0	0	0	0	3.363e+05	0	0	0	0	0	0	0	0	0	0	0	0	0	0	0	0	0	0	0	0	0	0	0	
22484	1955.013	3.45e+19	0	0	100000	1.95524395	3.813e-06	0.4416	0.06366	1.45e-06	4.771	2.105e+04	123.3	0.002932	0.3192	8.389e-09	0.008636	0	0.0006597	5.02e-13	1.259e-18	6.847e-26	9.13e-26	1.141e-25	2.077e-07	1.46e-07	2.487e-09	0.5465	1.768e-09	7.594e-23	3.353	6.167e-06	2.099e-06	9.482e-07	0	0	0	0	0	0	0	0	0	0	0	0	0	0	0	0	0	0	0	0	0	0	0	7.037e+04	0	0	0	0	0	0	0	0	0	0	0	0	0	0	0	3.368e+05	0	0	0	0	0	0	0	0	0	0	0	0	0	0	0	0	0	0	0	0	0	0	0	
22512	1955.013	3.45e+19	0	0	100000	1.9552716	3.818e-06	0.4427	0.06389	1.46e-06	4.788	2.113e+04	123.8	0.002956	0.3208	8.439e-09	0.008678	0	0.0006651	5.039e-13	1.273e-18	6.872e-26	9.163e-26	1.145e-25	2.087e-07	1.469e-07	2.505e-09	0.5485	1.779e-09	7.647e-23	3.365	6.19e-06	2.107e-06	9.517e-07	0	0	0	0	0	0	0	0	0	0	0	0	0	0	0	0	0	0	0	0	0	0	0	7.045e+04	0	0	0	0	0	0	0	0	0	0	0	0	0	0	0	3.372e+05	0	0	0	0	0	0	0	0	0	0	0	0	0	0	0	0	0	0	0	0	0	0	0	
22540	1955.013	3.45e+19	0	0	100000	1.95529925	3.824e-06	0.4438	0.06412	1.47e-06	4.806	2.121e+04	124.2	0.00298	0.3223	8.489e-09	0.008719	0	0.0006706	5.057e-13	1.286e-18	6.897e-26	9.197e-26	1.15e-25	2.097e-07	1.477e-07	2.522e-09	0.5505	1.789e-09	7.702e-23	3.378	6.212e-06	2.115e-06	9.552e-07	0	0	0	0	0	0	0	0	0	0	0	0	0	0	0	0	0	0	0	0	0	0	0	7.054e+04	0	0	0	0	0	0	0	0	0	0	0	0	0	0	0	3.376e+05	0	0	0	0	0	0	0	0	0	0	0	0	0	0	0	0	0	0	0	0	0	0	0	
22568	1955.013	3.45e+19	0	0	100000	1.9553269	3.829e-06	0.4449	0.06436	1.481e-06	4.823	2.129e+04	124.7	0.003005	0.3239	8.539e-09	0.008761	0	0.0006761	5.075e-13	1.3e-18	6.923e-26	9.23e-26	1.154e-25	2.107e-07	1.486e-07	2.54e-09	0.5525	1.8e-09	7.756e-23	3.39	6.235e-06	2.122e-06	9.586e-07	0	0	0	0	0	0	0	0	0	0	0	0	0	0	0	0	0	0	0	0	0	0	0	7.063e+04	0	0	0	0	0	0	0	0	0	0	0	0	0	0	0	3.38e+05	0	0	0	0	0	0	0	0	0	0	0	0	0	0	0	0	0	0	0	0	0	0	0	
22596	1955.013	3.45e+19	0	0	100000	1.95535455	3.834e-06	0.446	0.06459	1.491e-06	4.841	2.136e+04	125.1	0.003029	0.3254	8.59e-09	0.008802	0	0.0006816	5.094e-13	1.313e-18	6.948e-26	9.264e-26	1.158e-25	2.117e-07	1.495e-07	2.558e-09	0.5545	1.81e-09	7.81e-23	3.402	6.258e-06	2.13e-06	9.621e-07	0	0	0	0	0	0	0	0	0	0	0	0	0	0	0	0	0	0	0	0	0	0	0	7.072e+04	0	0	0	0	0	0	0	0	0	0	0	0	0	0	0	3.384e+05	0	0	0	0	0	0	0	0	0	0	0	0	0	0	0	0	0	0	0	0	0	0	0	
22624	1955.013	3.45e+19	0	0	100000	1.9553822	3.839e-06	0.4471	0.06482	1.501e-06	4.858	2.144e+04	125.6	0.003054	0.3269	8.64e-09	0.008844	0	0.0006872	5.112e-13	1.327e-18	6.973e-26	9.297e-26	1.162e-25	2.127e-07	1.504e-07	2.576e-09	0.5565	1.821e-09	7.865e-23	3.414	6.28e-06	2.138e-06	9.656e-07	0	0	0	0	0	0	0	0	0	0	0	0	0	0	0	0	0	0	0	0	0	0	0	7.08e+04	0	0	0	0	0	0	0	0	0	0	0	0	0	0	0	3.389e+05	0	0	0	0	0	0	0	0	0	0	0	0	0	0	0	0	0	0	0	0	0	0	0	
22652	1955.013	3.45e+19	0	0	100000	1.95540985	3.844e-06	0.4482	0.06505	1.512e-06	4.875	2.152e+04	126	0.003079	0.3285	8.691e-09	0.008886	0	0.0006928	5.13e-13	1.341e-18	6.998e-26	9.33e-26	1.166e-25	2.137e-07	1.513e-07	2.594e-09	0.5585	1.832e-09	7.921e-23	3.427	6.303e-06	2.145e-06	9.69e-07	0	0	0	0	0	0	0	0	0	0	0	0	0	0	0	0	0	0	0	0	0	0	0	7.089e+04	0	0	0	0	0	0	0	0	0	0	0	0	0	0	0	3.393e+05	0	0	0	0	0	0	0	0	0	0	0	0	0	0	0	0	0	0	0	0	0	0	0	
22680	1955.013	3.45e+19	0	0	100000	1.9554375	3.849e-06	0.4493	0.06529	1.523e-06	4.893	2.159e+04	126.5	0.003104	0.33	8.742e-09	0.008928	0	0.0006984	5.149e-13	1.355e-18	7.023e-26	9.364e-26	1.17e-25	2.147e-07	1.521e-07	2.612e-09	0.5605	1.842e-09	7.976e-23	3.439	6.325e-06	2.153e-06	9.725e-07	0	0	0	0	0	0	0	0	0	0	0	0	0	0	0	0	0	0	0	0	0	0	0	7.098e+04	0	0	0	0	0	0	0	0	0	0	0	0	0	0	0	3.397e+05	0	0	0	0	0	0	0	0	0	0	0	0	0	0	0	0	0	0	0	0	0	0	0	
22708	1955.013	3.45e+19	0	0	100000	1.95546515	3.854e-06	0.4504	0.06552	1.533e-06	4.91	2.167e+04	127	0.003129	0.3316	8.793e-09	0.00897	0	0.0007041	5.167e-13	1.369e-18	7.048e-26	9.397e-26	1.175e-25	2.157e-07	1.53e-07	2.63e-09	0.5625	1.853e-09	8.032e-23	3.451	6.348e-06	2.161e-06	9.76e-07	0	0	0	0	0	0	0	0	0	0	0	0	0	0	0	0	0	0	0	0	0	0	0	7.107e+04	0	0	0	0	0	0	0	0	0	0	0	0	0	0	0	3.401e+05	0	0	0	0	0	0	0	0	0	0	0	0	0	0	0	0	0	0	0	0	0	0	0	
22736	1955.013	3.45e+19	0	0	100000	1.9554928	3.859e-06	0.4515	0.06575	1.544e-06	4.928	2.175e+04	127.4	0.003155	0.3331	8.844e-09	0.009012	0	0.0007098	5.185e-13	1.383e-18	7.073e-26	9.43e-26	1.179e-25	2.167e-07	1.539e-07	2.649e-09	0.5645	1.864e-09	8.088e-23	3.464	6.37e-06	2.168e-06	9.794e-07	0	0	0	0	0	0	0	0	0	0	0	0	0	0	0	0	0	0	0	0	0	0	0	7.116e+04	0	0	0	0	0	0	0	0	0	0	0	0	0	0	0	3.405e+05	0	0	0	0	0	0	0	0	0	0	0	0	0	0	0	0	0	0	0	0	0	0	0	
22764	1955.013	3.45e+19	0	0	100000	1.95552045	3.864e-06	0.4526	0.06598	1.555e-06	4.945	2.183e+04	127.9	0.00318	0.3347	8.896e-09	0.009054	0	0.0007156	5.204e-13	1.398e-18	7.098e-26	9.464e-26	1.183e-25	2.177e-07	1.548e-07	2.667e-09	0.5665	1.875e-09	8.144e-23	3.476	6.393e-06	2.176e-06	9.829e-07	0	0	0	0	0	0	0	0	0	0	0	0	0	0	0	0	0	0	0	0	0	0	0	7.124e+04	0	0	0	0	0	0	0	0	0	0	0	0	0	0	0	3.41e+05	0	0	0	0	0	0	0	0	0	0	0	0	0	0	0	0	0	0	0	0	0	0	0	
22792	1955.013	3.45e+19	0	0	100000	1.9555481	3.869e-06	0.4536	0.06622	1.565e-06	4.963	2.19e+04	128.3	0.003206	0.3363	8.948e-09	0.009096	0	0.0007213	5.222e-13	1.412e-18	7.123e-26	9.497e-26	1.187e-25	2.187e-07	1.557e-07	2.686e-09	0.5685	1.886e-09	8.201e-23	3.488	6.415e-06	2.184e-06	9.864e-07	0	0	0	0	0	0	0	0	0	0	0	0	0	0	0	0	0	0	0	0	0	0	0	7.133e+04	0	0	0	0	0	0	0	0	0	0	0	0	0	0	0	3.414e+05	0	0	0	0	0	0	0	0	0	0	0	0	0	0	0	0	0	0	0	0	0	0	0	
22820	1955.013	3.45e+19	0	0	100000	1.95557575	3.873e-06	0.4547	0.06645	1.576e-06	4.98	2.198e+04	128.8	0.003232	0.3378	8.999e-09	0.009139	0	0.0007272	5.24e-13	1.427e-18	7.148e-26	9.53e-26	1.191e-25	2.197e-07	1.566e-07	2.704e-09	0.5704	1.897e-09	8.258e-23	3.5	6.438e-06	2.191e-06	9.898e-07	0	0	0	0	0	0	0	0	0	0	0	0	0	0	0	0	0	0	0	0	0	0	0	7.142e+04	0	0	0	0	0	0	0	0	0	0	0	0	0	0	0	3.418e+05	0	0	0	0	0	0	0	0	0	0	0	0	0	0	0	0	0	0	0	0	0	0	0	
22848	1955.013	3.45e+19	0	0	100000	1.9556034	3.878e-06	0.4558	0.06668	1.587e-06	4.997	2.206e+04	129.2	0.003258	0.3394	9.051e-09	0.009181	0	0.000733	5.259e-13	1.442e-18	7.173e-26	9.564e-26	1.195e-25	2.208e-07	1.575e-07	2.723e-09	0.5724	1.908e-09	8.315e-23	3.512	6.46e-06	2.199e-06	9.933e-07	0	0	0	0	0	0	0	0	0	0	0	0	0	0	0	0	0	0	0	0	0	0	0	7.151e+04	0	0	0	0	0	0	0	0	0	0	0	0	0	0	0	3.422e+05	0	0	0	0	0	0	0	0	0	0	0	0	0	0	0	0	0	0	0	0	0	0	0	
22876	1955.013	3.45e+19	0	0	100000	1.95563105	3.883e-06	0.4568	0.06691	1.598e-06	5.015	2.213e+04	129.7	0.003284	0.341	9.104e-09	0.009224	0	0.0007389	5.277e-13	1.456e-18	7.198e-26	9.597e-26	1.2e-25	2.218e-07	1.584e-07	2.742e-09	0.5744	1.919e-09	8.372e-23	3.525	6.483e-06	2.207e-06	9.967e-07	0	0	0	0	0	0	0	0	0	0	0	0	0	0	0	0	0	0	0	0	0	0	0	7.159e+04	0	0	0	0	0	0	0	0	0	0	0	0	0	0	0	3.426e+05	0	0	0	0	0	0	0	0	0	0	0	0	0	0	0	0	0	0	0	0	0	0	0	
22904	1955.013	3.45e+19	0	0	100000	1.9556587	3.887e-06	0.4579	0.06714	1.609e-06	5.032	2.221e+04	130.1	0.003311	0.3425	9.156e-09	0.009266	0	0.0007449	5.295e-13	1.472e-18	7.223e-26	9.63e-26	1.204e-25	2.228e-07	1.593e-07	2.761e-09	0.5764	1.93e-09	8.43e-23	3.537	6.505e-06	2.214e-06	1e-06	0	0	0	0	0	0	0	0	0	0	0	0	0	0	0	0	0	0	0	0	0	0	0	7.168e+04	0	0	0	0	0	0	0	0	0	0	0	0	0	0	0	3.43e+05	0	0	0	0	0	0	0	0	0	0	0	0	0	0	0	0	0	0	0	0	0	0	0	
22932	1955.013	3.45e+19	0	0	100000	1.95568635	3.892e-06	0.459	0.06738	1.62e-06	5.049	2.229e+04	130.5	0.003337	0.3441	9.209e-09	0.009309	0	0.0007509	5.314e-13	1.487e-18	7.248e-26	9.663e-26	1.208e-25	2.238e-07	1.603e-07	2.78e-09	0.5784	1.941e-09	8.488e-23	3.549	6.528e-06	2.222e-06	1.004e-06	0	0	0	0	0	0	0	0	0	0	0	0	0	0	0	0	0	0	0	0	0	0	0	7.177e+04	0	0	0	0	0	0	0	0	0	0	0	0	0	0	0	3.435e+05	0	0	0	0	0	0	0	0	0	0	0	0	0	0	0	0	0	0	0	0	0	0	0	
22960	1955.013	3.45e+19	0	0	100000	1.955714	3.896e-06	0.46	0.06761	1.631e-06	5.067	2.236e+04	131	0.003364	0.3457	9.261e-09	0.009351	0	0.0007569	5.332e-13	1.502e-18	7.272e-26	9.697e-26	1.212e-25	2.249e-07	1.612e-07	2.799e-09	0.5804	1.952e-09	8.547e-23	3.561	6.55e-06	2.23e-06	1.007e-06	0	0	0	0	0	0	0	0	0	0	0	0	0	0	0	0	0	0	0	0	0	0	0	7.186e+04	0	0	0	0	0	0	0	0	0	0	0	0	0	0	0	3.439e+05	0	0	0	0	0	0	0	0	0	0	0	0	0	0	0	0	0	0	0	0	0	0	0	
22988	1955.013	3.45e+19	0	0	100000	1.95574165	3.901e-06	0.4611	0.06784	1.643e-06	5.084	2.244e+04	131.4	0.003391	0.3473	9.314e-09	0.009394	0	0.000763	5.35e-13	1.518e-18	7.297e-26	9.73e-26	1.216e-25	2.259e-07	1.621e-07	2.818e-09	0.5824	1.963e-09	8.605e-23	3.573	6.573e-06	2.237e-06	1.011e-06	0	0	0	0	0	0	0	0	0	0	0	0	0	0	0	0	0	0	0	0	0	0	0	7.194e+04	0	0	0	0	0	0	0	0	0	0	0	0	0	0	0	3.443e+05	0	0	0	0	0	0	0	0	0	0	0	0	0	0	0	0	0	0	0	0	0	0	0	
23016	1955.013	3.45e+19	0	0	100000	1.9557693	3.905e-06	0.4621	0.06807	1.654e-06	5.102	2.252e+04	131.9	0.003418	0.3488	9.367e-09	0.009437	0	0.0007691	5.368e-13	1.533e-18	7.322e-26	9.763e-26	1.22e-25	2.269e-07	1.63e-07	2.838e-09	0.5844	1.974e-09	8.664e-23	3.586	6.595e-06	2.245e-06	1.014e-06	0	0	0	0	0	0	0	0	0	0	0	0	0	0	0	0	0	0	0	0	0	0	0	7.203e+04	0	0	0	0	0	0	0	0	0	0	0	0	0	0	0	3.447e+05	0	0	0	0	0	0	0	0	0	0	0	0	0	0	0	0	0	0	0	0	0	0	0	
23044	1955.013	3.45e+19	0	0	100000	1.95579695	3.91e-06	0.4631	0.0683	1.665e-06	5.119	2.259e+04	132.3	0.003446	0.3504	9.421e-09	0.00948	0	0.0007752	5.387e-13	1.549e-18	7.347e-26	9.796e-26	1.225e-25	2.279e-07	1.639e-07	2.857e-09	0.5863	1.986e-09	8.723e-23	3.598	6.617e-06	2.252e-06	1.017e-06	0	0	0	0	0	0	0	0	0	0	0	0	0	0	0	0	0	0	0	0	0	0	0	7.212e+04	0	0	0	0	0	0	0	0	0	0	0	0	0	0	0	3.451e+05	0	0	0	0	0	0	0	0	0	0	0	0	0	0	0	0	0	0	0	0	0	0	0	
23072	1955.013	3.45e+19	0	0	100000	1.9558246	3.914e-06	0.4642	0.06853	1.677e-06	5.136	2.267e+04	132.8	0.003473	0.352	9.474e-09	0.009523	0	0.0007814	5.405e-13	1.565e-18	7.372e-26	9.829e-26	1.229e-25	2.29e-07	1.649e-07	2.877e-09	0.5883	1.997e-09	8.783e-23	3.61	6.64e-06	2.26e-06	1.021e-06	0	0	0	0	0	0	0	0	0	0	0	0	0	0	0	0	0	0	0	0	0	0	0	7.221e+04	0	0	0	0	0	0	0	0	0	0	0	0	0	0	0	3.456e+05	0	0	0	0	0	0	0	0	0	0	0	0	0	0	0	0	0	0	0	0	0	0	0	
23100	1955.013	3.45e+19	0	0	100000	1.95585225	3.918e-06	0.4652	0.06876	1.688e-06	5.153	2.275e+04	133.2	0.003501	0.3536	9.528e-09	0.009566	0	0.0007876	5.423e-13	1.581e-18	7.397e-26	9.862e-26	1.233e-25	2.3e-07	1.658e-07	2.896e-09	0.5903	2.008e-09	8.843e-23	3.622	6.662e-06	2.268e-06	1.024e-06	0	0	0	0	0	0	0	0	0	0	0	0	0	0	0	0	0	0	0	0	0	0	0	7.229e+04	0	0	0	0	0	0	0	0	0	0	0	0	0	0	0	3.46e+05	0	0	0	0	0	0	0	0	0	0	0	0	0	0	0	0	0	0	0	0	0	0	0	
23128	1955.013	3.45e+19	0	0	100000	1.9558799	3.922e-06	0.4662	0.069	1.7e-06	5.171	2.282e+04	133.7	0.003529	0.3552	9.582e-09	0.009609	0	0.0007939	5.441e-13	1.597e-18	7.422e-26	9.896e-26	1.237e-25	2.31e-07	1.668e-07	2.916e-09	0.5923	2.019e-09	8.903e-23	3.634	6.684e-06	2.275e-06	1.028e-06	0	0	0	0	0	0	0	0	0	0	0	0	0	0	0	0	0	0	0	0	0	0	0	7.238e+04	0	0	0	0	0	0	0	0	0	0	0	0	0	0	0	3.464e+05	0	0	0	0	0	0	0	0	0	0	0	0	0	0	0	0	0	0	0	0	0	0	0	
23156	1955.013	3.45e+19	0	0	100000	1.95590755	3.926e-06	0.4673	0.06923	1.711e-06	5.188	2.29e+04	134.1	0.003557	0.3568	9.636e-09	0.009652	0	0.0008002	5.459e-13	1.614e-18	7.447e-26	9.929e-26	1.241e-25	2.321e-07	1.677e-07	2.936e-09	0.5943	2.031e-09	8.964e-23	3.647	6.707e-06	2.283e-06	1.031e-06	0	0	0	0	0	0	0	0	0	0	0	0	0	0	0	0	0	0	0	0	0	0	0	7.247e+04	0	0	0	0	0	0	0	0	0	0	0	0	0	0	0	3.468e+05	0	0	0	0	0	0	0	0	0	0	0	0	0	0	0	0	0	0	0	0	0	0	0	
23184	1955.013	3.45e+19	0	0	100000	1.9559352	3.93e-06	0.4683	0.06946	1.723e-06	5.205	2.297e+04	134.6	0.003585	0.3584	9.69e-09	0.009695	0	0.0008066	5.478e-13	1.63e-18	7.471e-26	9.962e-26	1.245e-25	2.331e-07	1.686e-07	2.956e-09	0.5962	2.042e-09	9.025e-23	3.659	6.729e-06	2.29e-06	1.035e-06	0	0	0	0	0	0	0	0	0	0	0	0	0	0	0	0	0	0	0	0	0	0	0	7.256e+04	0	0	0	0	0	0	0	0	0	0	0	0	0	0	0	3.472e+05	0	0	0	0	0	0	0	0	0	0	0	0	0	0	0	0	0	0	0	0	0	0	0	
23212	1955.013	3.45e+19	0	0	100000	1.95596285	3.934e-06	0.4693	0.06969	1.734e-06	5.223	2.305e+04	135	0.003613	0.36	9.745e-09	0.009739	0	0.0008129	5.496e-13	1.647e-18	7.496e-26	9.995e-26	1.249e-25	2.342e-07	1.696e-07	2.976e-09	0.5982	2.054e-09	9.086e-23	3.671	6.752e-06	2.298e-06	1.038e-06	0	0	0	0	0	0	0	0	0	0	0	0	0	0	0	0	0	0	0	0	0	0	0	7.264e+04	0	0	0	0	0	0	0	0	0	0	0	0	0	0	0	3.477e+05	0	0	0	0	0	0	0	0	0	0	0	0	0	0	0	0	0	0	0	0	0	0	0	
23240	1955.013	3.45e+19	0	0	100000	1.9559905	3.938e-06	0.4703	0.06992	1.746e-06	5.24	2.313e+04	135.5	0.003642	0.3616	9.8e-09	0.009782	0	0.0008194	5.514e-13	1.664e-18	7.521e-26	1.003e-25	1.254e-25	2.352e-07	1.705e-07	2.996e-09	0.6002	2.065e-09	9.147e-23	3.683	6.774e-06	2.306e-06	1.042e-06	0	0	0	0	0	0	0	0	0	0	0	0	0	0	0	0	0	0	0	0	0	0	0	7.273e+04	0	0	0	0	0	0	0	0	0	0	0	0	0	0	0	3.481e+05	0	0	0	0	0	0	0	0	0	0	0	0	0	0	0	0	0	0	0	0	0	0	0	
23268	1955.013	3.45e+19	0	0	100000	1.95601815	3.943e-06	0.4714	0.07015	1.758e-06	5.258	2.32e+04	135.9	0.003671	0.3633	9.855e-09	0.009826	0	0.0008259	5.533e-13	1.681e-18	7.546e-26	1.006e-25	1.258e-25	2.363e-07	1.715e-07	3.016e-09	0.6022	2.077e-09	9.21e-23	3.695	6.797e-06	2.313e-06	1.045e-06	0	0	0	0	0	0	0	0	0	0	0	0	0	0	0	0	0	0	0	0	0	0	0	7.282e+04	0	0	0	0	0	0	0	0	0	0	0	0	0	0	0	3.485e+05	0	0	0	0	0	0	0	0	0	0	0	0	0	0	0	0	0	0	0	0	0	0	0	
23296	1955.013	3.45e+19	0	0	100000	1.9560458	3.947e-06	0.4724	0.07039	1.77e-06	5.275	2.328e+04	136.4	0.0037	0.3649	9.911e-09	0.009871	0	0.0008325	5.551e-13	1.698e-18	7.572e-26	1.01e-25	1.262e-25	2.373e-07	1.725e-07	3.037e-09	0.6042	2.089e-09	9.272e-23	3.708	6.82e-06	2.321e-06	1.049e-06	0	0	0	0	0	0	0	0	0	0	0	0	0	0	0	0	0	0	0	0	0	0	0	7.291e+04	0	0	0	0	0	0	0	0	0	0	0	0	0	0	0	3.489e+05	0	0	0	0	0	0	0	0	0	0	0	0	0	0	0	0	0	0	0	0	0	0	0	
23324	1955.013	3.45e+19	0	0	100000	1.95607345	3.951e-06	0.4734	0.07062	1.782e-06	5.293	2.336e+04	136.8	0.00373	0.3665	9.967e-09	0.009915	0	0.0008391	5.57e-13	1.716e-18	7.597e-26	1.013e-25	1.266e-25	2.384e-07	1.735e-07	3.057e-09	0.6062	2.101e-09	9.336e-23	3.72	6.842e-06	2.329e-06	1.052e-06	0	0	0	0	0	0	0	0	0	0	0	0	0	0	0	0	0	0	0	0	0	0	0	7.3e+04	0	0	0	0	0	0	0	0	0	0	0	0	0	0	0	3.493e+05	0	0	0	0	0	0	0	0	0	0	0	0	0	0	0	0	0	0	0	0	0	0	0	
23352	1955.013	3.45e+19	0	0	100000	1.9561011	3.955e-06	0.4745	0.07086	1.794e-06	5.311	2.344e+04	137.3	0.003759	0.3682	1.002e-08	0.00996	0	0.0008458	5.588e-13	1.733e-18	7.622e-26	1.016e-25	1.27e-25	2.395e-07	1.744e-07	3.078e-09	0.6083	2.112e-09	9.399e-23	3.733	6.865e-06	2.337e-06	1.056e-06	0	0	0	0	0	0	0	0	0	0	0	0	0	0	0	0	0	0	0	0	0	0	0	7.308e+04	0	0	0	0	0	0	0	0	0	0	0	0	0	0	0	3.498e+05	0	0	0	0	0	0	0	0	0	0	0	0	0	0	0	0	0	0	0	0	0	0	0	
23380	1955.013	3.45e+19	0	0	100000	1.95612875	3.959e-06	0.4755	0.07109	1.806e-06	5.328	2.352e+04	137.8	0.003789	0.3698	1.008e-08	0.01	0	0.0008525	5.607e-13	1.751e-18	7.648e-26	1.02e-25	1.275e-25	2.405e-07	1.754e-07	3.099e-09	0.6103	2.124e-09	9.463e-23	3.745	6.888e-06	2.344e-06	1.059e-06	0	0	0	0	0	0	0	0	0	0	0	0	0	0	0	0	0	0	0	0	0	0	0	7.317e+04	0	0	0	0	0	0	0	0	0	0	0	0	0	0	0	3.502e+05	0	0	0	0	0	0	0	0	0	0	0	0	0	0	0	0	0	0	0	0	0	0	0	
23408	1955.013	3.45e+19	0	0	100000	1.9561564	3.963e-06	0.4765	0.07133	1.819e-06	5.346	2.359e+04	138.2	0.003819	0.3715	1.014e-08	0.01005	0	0.0008593	5.625e-13	1.769e-18	7.673e-26	1.023e-25	1.279e-25	2.416e-07	1.764e-07	3.12e-09	0.6123	2.136e-09	9.527e-23	3.757	6.911e-06	2.352e-06	1.063e-06	0	0	0	0	0	0	0	0	0	0	0	0	0	0	0	0	0	0	0	0	0	0	0	7.326e+04	0	0	0	0	0	0	0	0	0	0	0	0	0	0	0	3.506e+05	0	0	0	0	0	0	0	0	0	0	0	0	0	0	0	0	0	0	0	0	0	0	0	
23436	1955.013	3.45e+19	0	0	100000	1.95618405	3.967e-06	0.4775	0.07156	1.831e-06	5.363	2.367e+04	138.7	0.00385	0.3731	1.019e-08	0.01009	0	0.0008661	5.644e-13	1.787e-18	7.698e-26	1.026e-25	1.283e-25	2.427e-07	1.774e-07	3.141e-09	0.6143	2.148e-09	9.591e-23	3.77	6.933e-06	2.36e-06	1.066e-06	0	0	0	0	0	0	0	0	0	0	0	0	0	0	0	0	0	0	0	0	0	0	0	7.335e+04	0	0	0	0	0	0	0	0	0	0	0	0	0	0	0	3.51e+05	0	0	0	0	0	0	0	0	0	0	0	0	0	0	0	0	0	0	0	0	0	0	0	
23464	1955.013	3.45e+19	0	0	100000	1.9562117	3.971e-06	0.4786	0.0718	1.843e-06	5.381	2.375e+04	139.1	0.00388	0.3748	1.025e-08	0.01014	0	0.0008729	5.662e-13	1.805e-18	7.723e-26	1.03e-25	1.287e-25	2.438e-07	1.784e-07	3.162e-09	0.6163	2.16e-09	9.656e-23	3.782	6.956e-06	2.368e-06	1.07e-06	0	0	0	0	0	0	0	0	0	0	0	0	0	0	0	0	0	0	0	0	0	0	0	7.343e+04	0	0	0	0	0	0	0	0	0	0	0	0	0	0	0	3.514e+05	0	0	0	0	0	0	0	0	0	0	0	0	0	0	0	0	0	0	0	0	0	0	0	
23492	1955.013	3.45e+19	0	0	100000	1.95623935	3.975e-06	0.4796	0.07203	1.856e-06	5.399	2.383e+04	139.6	0.003911	0.3764	1.031e-08	0.01018	0	0.0008798	5.681e-13	1.824e-18	7.749e-26	1.033e-25	1.291e-25	2.449e-07	1.794e-07	3.184e-09	0.6183	2.172e-09	9.721e-23	3.794	6.979e-06	2.375e-06	1.073e-06	0	0	0	0	0	0	0	0	0	0	0	0	0	0	0	0	0	0	0	0	0	0	0	7.352e+04	0	0	0	0	0	0	0	0	0	0	0	0	0	0	0	3.519e+05	0	0	0	0	0	0	0	0	0	0	0	0	0	0	0	0	0	0	0	0	0	0	0	
23520	1955.013	3.45e+19	0	0	100000	1.956267	3.978e-06	0.4806	0.07227	1.868e-06	5.416	2.39e+04	140	0.003942	0.3781	1.036e-08	0.01023	0	0.0008868	5.699e-13	1.843e-18	7.774e-26	1.037e-25	1.296e-25	2.459e-07	1.804e-07	3.205e-09	0.6204	2.184e-09	9.787e-23	3.807	7.002e-06	2.383e-06	1.077e-06	0	0	0	0	0	0	0	0	0	0	0	0	0	0	0	0	0	0	0	0	0	0	0	7.361e+04	0	0	0	0	0	0	0	0	0	0	0	0	0	0	0	3.523e+05	0	0	0	0	0	0	0	0	0	0	0	0	0	0	0	0	0	0	0	0	0	0	0	
23548	1955.013	3.45e+19	0	0	100000	1.95629465	3.982e-06	0.4816	0.0725	1.881e-06	5.434	2.398e+04	140.5	0.003973	0.3798	1.042e-08	0.01027	0	0.0008938	5.718e-13	1.861e-18	7.799e-26	1.04e-25	1.3e-25	2.47e-07	1.814e-07	3.227e-09	0.6224	2.197e-09	9.852e-23	3.819	7.025e-06	2.391e-06	1.08e-06	0	0	0	0	0	0	0	0	0	0	0	0	0	0	0	0	0	0	0	0	0	0	0	7.37e+04	0	0	0	0	0	0	0	0	0	0	0	0	0	0	0	3.527e+05	0	0	0	0	0	0	0	0	0	0	0	0	0	0	0	0	0	0	0	0	0	0	0	
23576	1955.013	3.45e+19	0	0	100000	1.9563223	3.986e-06	0.4826	0.07274	1.893e-06	5.451	2.406e+04	140.9	0.004004	0.3814	1.048e-08	0.01032	0	0.0009008	5.737e-13	1.88e-18	7.825e-26	1.043e-25	1.304e-25	2.481e-07	1.824e-07	3.248e-09	0.6244	2.209e-09	9.919e-23	3.832	7.047e-06	2.399e-06	1.084e-06	0	0	0	0	0	0	0	0	0	0	0	0	0	0	0	0	0	0	0	0	0	0	0	7.378e+04	0	0	0	0	0	0	0	0	0	0	0	0	0	0	0	3.531e+05	0	0	0	0	0	0	0	0	0	0	0	0	0	0	0	0	0	0	0	0	0	0	0	
23604	1955.013	3.45e+19	0	0	100000	1.95634995	3.989e-06	0.4836	0.07298	1.906e-06	5.469	2.414e+04	141.4	0.004036	0.3831	1.054e-08	0.01036	0	0.0009079	5.755e-13	1.9e-18	7.85e-26	1.047e-25	1.308e-25	2.492e-07	1.834e-07	3.27e-09	0.6264	2.221e-09	9.985e-23	3.844	7.07e-06	2.406e-06	1.087e-06	0	0	0	0	0	0	0	0	0	0	0	0	0	0	0	0	0	0	0	0	0	0	0	7.387e+04	0	0	0	0	0	0	0	0	0	0	0	0	0	0	0	3.535e+05	0	0	0	0	0	0	0	0	0	0	0	0	0	0	0	0	0	0	0	0	0	0	0	
23632	1955.013	3.45e+19	0	0	100000	1.9563776	3.993e-06	0.4846	0.07321	1.919e-06	5.487	2.422e+04	141.9	0.004067	0.3848	1.06e-08	0.01041	0	0.000915	5.774e-13	1.919e-18	7.875e-26	1.05e-25	1.313e-25	2.503e-07	1.844e-07	3.292e-09	0.6284	2.233e-09	1.005e-22	3.856	7.093e-06	2.414e-06	1.091e-06	0	0	0	0	0	0	0	0	0	0	0	0	0	0	0	0	0	0	0	0	0	0	0	7.396e+04	0	0	0	0	0	0	0	0	0	0	0	0	0	0	0	3.54e+05	0	0	0	0	0	0	0	0	0	0	0	0	0	0	0	0	0	0	0	0	0	0	0	
23660	1955.013	3.45e+19	0	0	100000	1.95640525	3.997e-06	0.4856	0.07345	1.932e-06	5.504	2.429e+04	142.3	0.004099	0.3865	1.066e-08	0.01045	0	0.0009222	5.792e-13	1.938e-18	7.9e-26	1.053e-25	1.317e-25	2.514e-07	1.854e-07	3.314e-09	0.6304	2.246e-09	1.012e-22	3.869	7.116e-06	2.422e-06	1.094e-06	0	0	0	0	0	0	0	0	0	0	0	0	0	0	0	0	0	0	0	0	0	0	0	7.405e+04	0	0	0	0	0	0	0	0	0	0	0	0	0	0	0	3.544e+05	0	0	0	0	0	0	0	0	0	0	0	0	0	0	0	0	0	0	0	0	0	0	0	
23688	1955.013	3.45e+19	0	0	100000	1.9564329	4e-06	0.4866	0.07368	1.945e-06	5.522	2.437e+04	142.8	0.004131	0.3882	1.071e-08	0.0105	0	0.0009294	5.811e-13	1.958e-18	7.926e-26	1.057e-25	1.321e-25	2.525e-07	1.865e-07	3.336e-09	0.6325	2.258e-09	1.019e-22	3.881	7.138e-06	2.43e-06	1.098e-06	0	0	0	0	0	0	0	0	0	0	0	0	0	0	0	0	0	0	0	0	0	0	0	7.413e+04	0	0	0	0	0	0	0	0	0	0	0	0	0	0	0	3.548e+05	0	0	0	0	0	0	0	0	0	0	0	0	0	0	0	0	0	0	0	0	0	0	0	
23716	1955.013	3.45e+19	0	0	100000	1.95646055	4.004e-06	0.4876	0.07392	1.958e-06	5.54	2.445e+04	143.2	0.004164	0.3898	1.077e-08	0.01055	0	0.0009367	5.829e-13	1.978e-18	7.951e-26	1.06e-25	1.325e-25	2.536e-07	1.875e-07	3.359e-09	0.6345	2.271e-09	1.025e-22	3.894	7.161e-06	2.438e-06	1.101e-06	0	0	0	0	0	0	0	0	0	0	0	0	0	0	0	0	0	0	0	0	0	0	0	7.422e+04	0	0	0	0	0	0	0	0	0	0	0	0	0	0	0	3.552e+05	0	0	0	0	0	0	0	0	0	0	0	0	0	0	0	0	0	0	0	0	0	0	0	
23744	1955.013	3.45e+19	0	0	100000	1.9564882	4.007e-06	0.4886	0.07415	1.971e-06	5.557	2.453e+04	143.7	0.004196	0.3915	1.083e-08	0.01059	0	0.0009441	5.848e-13	1.998e-18	7.976e-26	1.063e-25	1.329e-25	2.547e-07	1.885e-07	3.381e-09	0.6365	2.283e-09	1.032e-22	3.906	7.184e-06	2.445e-06	1.105e-06	0	0	0	0	0	0	0	0	0	0	0	0	0	0	0	0	0	0	0	0	0	0	0	7.431e+04	0	0	0	0	0	0	0	0	0	0	0	0	0	0	0	3.556e+05	0	0	0	0	0	0	0	0	0	0	0	0	0	0	0	0	0	0	0	0	0	0	0	
23772	1955.013	3.45e+19	0	0	100000	1.95651585	4.011e-06	0.4895	0.07439	1.984e-06	5.575	2.46e+04	144.1	0.004229	0.3932	1.089e-08	0.01064	0	0.0009514	5.866e-13	2.019e-18	8.002e-26	1.067e-25	1.334e-25	2.558e-07	1.896e-07	3.403e-09	0.6385	2.296e-09	1.039e-22	3.918	7.207e-06	2.453e-06	1.108e-06	0	0	0	0	0	0	0	0	0	0	0	0	0	0	0	0	0	0	0	0	0	0	0	7.44e+04	0	0	0	0	0	0	0	0	0	0	0	0	0	0	0	3.56e+05	0	0	0	0	0	0	0	0	0	0	0	0	0	0	0	0	0	0	0	0	0	0	0	
23800	1955.013	3.45e+19	0	0	100000	1.9565435	4.014e-06	0.4905	0.07462	1.997e-06	5.592	2.468e+04	144.6	0.004262	0.3949	1.095e-08	0.01068	0	0.0009589	5.885e-13	2.039e-18	8.027e-26	1.07e-25	1.338e-25	2.569e-07	1.906e-07	3.426e-09	0.6405	2.308e-09	1.046e-22	3.931	7.229e-06	2.461e-06	1.112e-06	0	0	0	0	0	0	0	0	0	0	0	0	0	0	0	0	0	0	0	0	0	0	0	7.448e+04	0	0	0	0	0	0	0	0	0	0	0	0	0	0	0	3.565e+05	0	0	0	0	0	0	0	0	0	0	0	0	0	0	0	0	0	0	0	0	0	0	0	
23828	1955.013	3.45e+19	0	0	100000	1.95657115	4.017e-06	0.4915	0.07486	2.01e-06	5.61	2.476e+04	145	0.004296	0.3966	1.101e-08	0.01073	0	0.0009664	5.903e-13	2.06e-18	8.052e-26	1.074e-25	1.342e-25	2.58e-07	1.916e-07	3.449e-09	0.6425	2.321e-09	1.053e-22	3.943	7.252e-06	2.469e-06	1.115e-06	0	0	0	0	0	0	0	0	0	0	0	0	0	0	0	0	0	0	0	0	0	0	0	7.457e+04	0	0	0	0	0	0	0	0	0	0	0	0	0	0	0	3.569e+05	0	0	0	0	0	0	0	0	0	0	0	0	0	0	0	0	0	0	0	0	0	0	0	
23856	1955.013	3.45e+19	0	0	100000	1.9565988	4.021e-06	0.4925	0.07509	2.024e-06	5.628	2.484e+04	145.5	0.004329	0.3983	1.107e-08	0.01078	0	0.0009739	5.922e-13	2.081e-18	8.077e-26	1.077e-25	1.346e-25	2.591e-07	1.927e-07	3.472e-09	0.6446	2.334e-09	1.06e-22	3.955	7.275e-06	2.476e-06	1.119e-06	0	0	0	0	0	0	0	0	0	0	0	0	0	0	0	0	0	0	0	0	0	0	0	7.466e+04	0	0	0	0	0	0	0	0	0	0	0	0	0	0	0	3.573e+05	0	0	0	0	0	0	0	0	0	0	0	0	0	0	0	0	0	0	0	0	0	0	0	
23884	1955.013	3.45e+19	0	0	100000	1.95662645	4.024e-06	0.4934	0.07533	2.037e-06	5.645	2.492e+04	146	0.004363	0.4001	1.113e-08	0.01082	0	0.0009815	5.94e-13	2.102e-18	8.103e-26	1.08e-25	1.35e-25	2.602e-07	1.937e-07	3.495e-09	0.6466	2.346e-09	1.067e-22	3.968	7.298e-06	2.484e-06	1.122e-06	0	0	0	0	0	0	0	0	0	0	0	0	0	0	0	0	0	0	0	0	0	0	0	7.475e+04	0	0	0	0	0	0	0	0	0	0	0	0	0	0	0	3.577e+05	0	0	0	0	0	0	0	0	0	0	0	0	0	0	0	0	0	0	0	0	0	0	0	
23912	1955.013	3.45e+19	0	0	100000	1.9566541	4.027e-06	0.4944	0.07556	2.05e-06	5.663	2.499e+04	146.4	0.004397	0.4018	1.119e-08	0.01087	0	0.0009891	5.959e-13	2.123e-18	8.128e-26	1.084e-25	1.355e-25	2.613e-07	1.948e-07	3.518e-09	0.6486	2.359e-09	1.074e-22	3.98	7.321e-06	2.492e-06	1.126e-06	0	0	0	0	0	0	0	0	0	0	0	0	0	0	0	0	0	0	0	0	0	0	0	7.484e+04	0	0	0	0	0	0	0	0	0	0	0	0	0	0	0	3.581e+05	0	0	0	0	0	0	0	0	0	0	0	0	0	0	0	0	0	0	0	0	0	0	0	
23940	1955.013	3.45e+19	0	0	100000	1.95668175	4.03e-06	0.4954	0.0758	2.064e-06	5.68	2.507e+04	146.9	0.004431	0.4035	1.125e-08	0.01091	0	0.0009968	5.978e-13	2.144e-18	8.153e-26	1.087e-25	1.359e-25	2.624e-07	1.959e-07	3.541e-09	0.6506	2.372e-09	1.081e-22	3.993	7.343e-06	2.5e-06	1.129e-06	0	0	0	0	0	0	0	0	0	0	0	0	0	0	0	0	0	0	0	0	0	0	0	7.492e+04	0	0	0	0	0	0	0	0	0	0	0	0	0	0	0	3.586e+05	0	0	0	0	0	0	0	0	0	0	0	0	0	0	0	0	0	0	0	0	0	0	0	
23968	1955.013	3.45e+19	0	0	100000	1.9567094	4.033e-06	0.4963	0.07603	2.078e-06	5.698	2.515e+04	147.3	0.004465	0.4052	1.132e-08	0.01096	0	0.001005	5.996e-13	2.166e-18	8.179e-26	1.09e-25	1.363e-25	2.636e-07	1.969e-07	3.564e-09	0.6526	2.385e-09	1.088e-22	4.005	7.366e-06	2.507e-06	1.133e-06	0	0	0	0	0	0	0	0	0	0	0	0	0	0	0	0	0	0	0	0	0	0	0	7.501e+04	0	0	0	0	0	0	0	0	0	0	0	0	0	0	0	3.59e+05	0	0	0	0	0	0	0	0	0	0	0	0	0	0	0	0	0	0	0	0	0	0	0	
23996	1955.013	3.45e+19	0	0	100000	1.95673705	4.036e-06	0.4973	0.07627	2.091e-06	5.716	2.523e+04	147.8	0.0045	0.4069	1.138e-08	0.01101	0	0.001012	6.015e-13	2.188e-18	8.204e-26	1.094e-25	1.367e-25	2.647e-07	1.98e-07	3.588e-09	0.6546	2.398e-09	1.096e-22	4.017	7.389e-06	2.515e-06	1.136e-06	0	0	0	0	0	0	0	0	0	0	0	0	0	0	0	0	0	0	0	0	0	0	0	7.51e+04	0	0	0	0	0	0	0	0	0	0	0	0	0	0	0	3.594e+05	0	0	0	0	0	0	0	0	0	0	0	0	0	0	0	0	0	0	0	0	0	0	0	
24024	1955.013	3.45e+19	0	0	100000	1.9567647	4.039e-06	0.4982	0.0765	2.105e-06	5.733	2.53e+04	148.2	0.004535	0.4087	1.144e-08	0.01105	0	0.00102	6.033e-13	2.21e-18	8.229e-26	1.097e-25	1.372e-25	2.658e-07	1.991e-07	3.612e-09	0.6567	2.411e-09	1.103e-22	4.03	7.412e-06	2.523e-06	1.14e-06	0	0	0	0	0	0	0	0	0	0	0	0	0	0	0	0	0	0	0	0	0	0	0	7.519e+04	0	0	0	0	0	0	0	0	0	0	0	0	0	0	0	3.598e+05	0	0	0	0	0	0	0	0	0	0	0	0	0	0	0	0	0	0	0	0	0	0	0	
24052	1955.013	3.45e+19	0	0	100000	1.95679235	4.042e-06	0.4992	0.07674	2.119e-06	5.751	2.538e+04	148.7	0.00457	0.4104	1.15e-08	0.0111	0	0.001028	6.052e-13	2.232e-18	8.254e-26	1.101e-25	1.376e-25	2.669e-07	2.001e-07	3.635e-09	0.6587	2.424e-09	1.11e-22	4.042	7.434e-06	2.531e-06	1.143e-06	0	0	0	0	0	0	0	0	0	0	0	0	0	0	0	0	0	0	0	0	0	0	0	7.527e+04	0	0	0	0	0	0	0	0	0	0	0	0	0	0	0	3.602e+05	0	0	0	0	0	0	0	0	0	0	0	0	0	0	0	0	0	0	0	0	0	0	0	
24080	1955.013	3.45e+19	0	0	100000	1.95682	4.045e-06	0.5001	0.07697	2.133e-06	5.769	2.546e+04	149.1	0.004606	0.4121	1.156e-08	0.01115	0	0.001036	6.07e-13	2.255e-18	8.28e-26	1.104e-25	1.38e-25	2.681e-07	2.012e-07	3.659e-09	0.6607	2.437e-09	1.117e-22	4.054	7.457e-06	2.538e-06	1.147e-06	0	0	0	0	0	0	0	0	0	0	0	0	0	0	0	0	0	0	0	0	0	0	0	7.536e+04	0	0	0	0	0	0	0	0	0	0	0	0	0	0	0	3.607e+05	0	0	0	0	0	0	0	0	0	0	0	0	0	0	0	0	0	0	0	0	0	0	0	
24108	1955.013	3.45e+19	0	0	100000	1.95684765	4.048e-06	0.5011	0.07721	2.147e-06	5.786	2.554e+04	149.6	0.004641	0.4139	1.162e-08	0.0112	0	0.001044	6.089e-13	2.278e-18	8.305e-26	1.107e-25	1.384e-25	2.692e-07	2.023e-07	3.683e-09	0.6627	2.45e-09	1.125e-22	4.067	7.48e-06	2.546e-06	1.15e-06	0	0	0	0	0	0	0	0	0	0	0	0	0	0	0	0	0	0	0	0	0	0	0	7.545e+04	0	0	0	0	0	0	0	0	0	0	0	0	0	0	0	3.611e+05	0	0	0	0	0	0	0	0	0	0	0	0	0	0	0	0	0	0	0	0	0	0	0	
24136	1955.013	3.45e+19	0	0	100000	1.9568753	4.051e-06	0.502	0.07744	2.161e-06	5.804	2.562e+04	150.1	0.004677	0.4156	1.169e-08	0.01124	0	0.001052	6.107e-13	2.301e-18	8.33e-26	1.111e-25	1.388e-25	2.703e-07	2.034e-07	3.707e-09	0.6647	2.463e-09	1.132e-22	4.079	7.503e-06	2.554e-06	1.154e-06	0	0	0	0	0	0	0	0	0	0	0	0	0	0	0	0	0	0	0	0	0	0	0	7.554e+04	0	0	0	0	0	0	0	0	0	0	0	0	0	0	0	3.615e+05	0	0	0	0	0	0	0	0	0	0	0	0	0	0	0	0	0	0	0	0	0	0	0	
24164	1955.013	3.45e+19	0	0	100000	1.95690295	4.054e-06	0.503	0.07768	2.175e-06	5.821	2.569e+04	150.5	0.004713	0.4174	1.175e-08	0.01129	0	0.00106	6.126e-13	2.324e-18	8.356e-26	1.114e-25	1.393e-25	2.715e-07	2.045e-07	3.732e-09	0.6667	2.476e-09	1.139e-22	4.092	7.526e-06	2.562e-06	1.157e-06	0	0	0	0	0	0	0	0	0	0	0	0	0	0	0	0	0	0	0	0	0	0	0	7.562e+04	0	0	0	0	0	0	0	0	0	0	0	0	0	0	0	3.619e+05	0	0	0	0	0	0	0	0	0	0	0	0	0	0	0	0	0	0	0	0	0	0	0	
24192	1955.013	3.45e+19	0	0	100000	1.9569306	4.057e-06	0.5039	0.07791	2.189e-06	5.839	2.577e+04	151	0.00475	0.4191	1.181e-08	0.01134	0	0.001068	6.144e-13	2.347e-18	8.381e-26	1.117e-25	1.397e-25	2.726e-07	2.056e-07	3.756e-09	0.6688	2.49e-09	1.147e-22	4.104	7.548e-06	2.569e-06	1.161e-06	0	0	0	0	0	0	0	0	0	0	0	0	0	0	0	0	0	0	0	0	0	0	0	7.571e+04	0	0	0	0	0	0	0	0	0	0	0	0	0	0	0	3.623e+05	0	0	0	0	0	0	0	0	0	0	0	0	0	0	0	0	0	0	0	0	0	0	0	
24220	1955.013	3.45e+19	0	0	100000	1.95695825	4.06e-06	0.5048	0.07815	2.204e-06	5.857	2.585e+04	151.4	0.004786	0.4209	1.188e-08	0.01139	0	0.001077	6.163e-13	2.371e-18	8.406e-26	1.121e-25	1.401e-25	2.738e-07	2.067e-07	3.781e-09	0.6708	2.503e-09	1.154e-22	4.116	7.571e-06	2.577e-06	1.164e-06	0	0	0	0	0	0	0	0	0	0	0	0	0	0	0	0	0	0	0	0	0	0	0	7.58e+04	0	0	0	0	0	0	0	0	0	0	0	0	0	0	0	3.628e+05	0	0	0	0	0	0	0	0	0	0	0	0	0	0	0	0	0	0	0	0	0	0	0	
24248	1955.013	3.45e+19	0	0	100000	1.9569859	4.062e-06	0.5058	0.07838	2.218e-06	5.874	2.593e+04	151.9	0.004823	0.4226	1.194e-08	0.01143	0	0.001085	6.182e-13	2.395e-18	8.431e-26	1.124e-25	1.405e-25	2.749e-07	2.078e-07	3.805e-09	0.6728	2.516e-09	1.162e-22	4.129	7.594e-06	2.585e-06	1.168e-06	0	0	0	0	0	0	0	0	0	0	0	0	0	0	0	0	0	0	0	0	0	0	0	7.589e+04	0	0	0	0	0	0	0	0	0	0	0	0	0	0	0	3.632e+05	0	0	0	0	0	0	0	0	0	0	0	0	0	0	0	0	0	0	0	0	0	0	0	
24276	1955.013	3.45e+19	0	0	100000	1.95701355	4.065e-06	0.5067	0.07862	2.232e-06	5.892	2.6e+04	152.3	0.00486	0.4244	1.2e-08	0.01148	0	0.001093	6.2e-13	2.419e-18	8.457e-26	1.128e-25	1.409e-25	2.76e-07	2.089e-07	3.83e-09	0.6748	2.53e-09	1.169e-22	4.141	7.617e-06	2.593e-06	1.171e-06	0	0	0	0	0	0	0	0	0	0	0	0	0	0	0	0	0	0	0	0	0	0	0	7.597e+04	0	0	0	0	0	0	0	0	0	0	0	0	0	0	0	3.636e+05	0	0	0	0	0	0	0	0	0	0	0	0	0	0	0	0	0	0	0	0	0	0	0	
24304	1955.013	3.45e+19	0	0	100000	1.9570412	4.068e-06	0.5076	0.07885	2.247e-06	5.91	2.608e+04	152.8	0.004897	0.4262	1.207e-08	0.01153	0	0.001102	6.219e-13	2.443e-18	8.482e-26	1.131e-25	1.414e-25	2.772e-07	2.1e-07	3.855e-09	0.6768	2.543e-09	1.177e-22	4.154	7.639e-06	2.6e-06	1.175e-06	0	0	0	0	0	0	0	0	0	0	0	0	0	0	0	0	0	0	0	0	0	0	0	7.606e+04	0	0	0	0	0	0	0	0	0	0	0	0	0	0	0	3.64e+05	0	0	0	0	0	0	0	0	0	0	0	0	0	0	0	0	0	0	0	0	0	0	0	
24332	1955.013	3.45e+19	0	0	100000	1.95706885	4.07e-06	0.5085	0.07909	2.262e-06	5.927	2.616e+04	153.2	0.004935	0.4279	1.213e-08	0.01158	0	0.00111	6.237e-13	2.468e-18	8.507e-26	1.134e-25	1.418e-25	2.783e-07	2.111e-07	3.88e-09	0.6789	2.557e-09	1.185e-22	4.166	7.662e-06	2.608e-06	1.178e-06	0	0	0	0	0	0	0	0	0	0	0	0	0	0	0	0	0	0	0	0	0	0	0	7.615e+04	0	0	0	0	0	0	0	0	0	0	0	0	0	0	0	3.644e+05	0	0	0	0	0	0	0	0	0	0	0	0	0	0	0	0	0	0	0	0	0	0	0	
24360	1955.013	3.45e+19	0	0	100000	1.9570965	4.073e-06	0.5094	0.07932	2.276e-06	5.945	2.624e+04	153.7	0.004973	0.4297	1.22e-08	0.01162	0	0.001119	6.256e-13	2.492e-18	8.533e-26	1.138e-25	1.422e-25	2.795e-07	2.123e-07	3.905e-09	0.6809	2.571e-09	1.192e-22	4.178	7.685e-06	2.616e-06	1.182e-06	0	0	0	0	0	0	0	0	0	0	0	0	0	0	0	0	0	0	0	0	0	0	0	7.624e+04	0	0	0	0	0	0	0	0	0	0	0	0	0	0	0	3.649e+05	0	0	0	0	0	0	0	0	0	0	0	0	0	0	0	0	0	0	0	0	0	0	0	
24388	1955.013	3.45e+19	0	0	100000	1.95712415	4.075e-06	0.5103	0.07956	2.291e-06	5.962	2.632e+04	154.2	0.005011	0.4315	1.226e-08	0.01167	0	0.001127	6.274e-13	2.517e-18	8.558e-26	1.141e-25	1.426e-25	2.807e-07	2.134e-07	3.931e-09	0.6829	2.584e-09	1.2e-22	4.191	7.708e-06	2.624e-06	1.185e-06	0	0	0	0	0	0	0	0	0	0	0	0	0	0	0	0	0	0	0	0	0	0	0	7.632e+04	0	0	0	0	0	0	0	0	0	0	0	0	0	0	0	3.653e+05	0	0	0	0	0	0	0	0	0	0	0	0	0	0	0	0	0	0	0	0	0	0	0	
24416	1955.013	3.45e+19	0	0	100000	1.9571518	4.078e-06	0.5113	0.07979	2.306e-06	5.98	2.639e+04	154.6	0.00505	0.4333	1.233e-08	0.01172	0	0.001136	6.293e-13	2.543e-18	8.583e-26	1.144e-25	1.431e-25	2.818e-07	2.145e-07	3.956e-09	0.6849	2.598e-09	1.208e-22	4.203	7.731e-06	2.631e-06	1.189e-06	0	0	0	0	0	0	0	0	0	0	0	0	0	0	0	0	0	0	0	0	0	0	0	7.641e+04	0	0	0	0	0	0	0	0	0	0	0	0	0	0	0	3.657e+05	0	0	0	0	0	0	0	0	0	0	0	0	0	0	0	0	0	0	0	0	0	0	0	
24444	1955.013	3.45e+19	0	0	100000	1.95717945	4.08e-06	0.5122	0.08003	2.321e-06	5.998	2.647e+04	155.1	0.005088	0.4351	1.239e-08	0.01177	0	0.001145	6.311e-13	2.568e-18	8.609e-26	1.148e-25	1.435e-25	2.83e-07	2.157e-07	3.982e-09	0.6869	2.612e-09	1.216e-22	4.216	7.753e-06	2.639e-06	1.192e-06	0	0	0	0	0	0	0	0	0	0	0	0	0	0	0	0	0	0	0	0	0	0	0	7.65e+04	0	0	0	0	0	0	0	0	0	0	0	0	0	0	0	3.661e+05	0	0	0	0	0	0	0	0	0	0	0	0	0	0	0	0	0	0	0	0	0	0	0	
24472	1955.013	3.45e+19	0	0	100000	1.9572071	4.083e-06	0.5131	0.08026	2.336e-06	6.015	2.655e+04	155.5	0.005127	0.4368	1.246e-08	0.01182	0	0.001153	6.33e-13	2.594e-18	8.634e-26	1.151e-25	1.439e-25	2.841e-07	2.168e-07	4.008e-09	0.689	2.625e-09	1.224e-22	4.228	7.776e-06	2.647e-06	1.196e-06	0	0	0	0	0	0	0	0	0	0	0	0	0	0	0	0	0	0	0	0	0	0	0	7.659e+04	0	0	0	0	0	0	0	0	0	0	0	0	0	0	0	3.665e+05	0	0	0	0	0	0	0	0	0	0	0	0	0	0	0	0	0	0	0	0	0	0	0	
24500	1955.013	3.45e+19	0	0	100000	1.95723475	4.085e-06	0.514	0.0805	2.351e-06	6.033	2.663e+04	156	0.005166	0.4386	1.252e-08	0.01187	0	0.001162	6.348e-13	2.62e-18	8.659e-26	1.155e-25	1.443e-25	2.853e-07	2.179e-07	4.033e-09	0.691	2.639e-09	1.232e-22	4.24	7.799e-06	2.655e-06	1.199e-06	0	0	0	0	0	0	0	0	0	0	0	0	0	0	0	0	0	0	0	0	0	0	0	7.668e+04	0	0	0	0	0	0	0	0	0	0	0	0	0	0	0	3.67e+05	0	0	0	0	0	0	0	0	0	0	0	0	0	0	0	0	0	0	0	0	0	0	0	
24528	1955.013	3.45e+19	0	0	100000	1.9572624	4.087e-06	0.5149	0.08073	2.366e-06	6.051	2.67e+04	156.4	0.005206	0.4404	1.259e-08	0.01191	0	0.001171	6.367e-13	2.646e-18	8.684e-26	1.158e-25	1.447e-25	2.865e-07	2.191e-07	4.059e-09	0.693	2.653e-09	1.24e-22	4.253	7.822e-06	2.662e-06	1.203e-06	0	0	0	0	0	0	0	0	0	0	0	0	0	0	0	0	0	0	0	0	0	0	0	7.676e+04	0	0	0	0	0	0	0	0	0	0	0	0	0	0	0	3.674e+05	0	0	0	0	0	0	0	0	0	0	0	0	0	0	0	0	0	0	0	0	0	0	0	
24556	1955.013	3.45e+19	0	0	100000	1.95729005	4.09e-06	0.5158	0.08097	2.381e-06	6.068	2.678e+04	156.9	0.005245	0.4422	1.266e-08	0.01196	0	0.00118	6.386e-13	2.672e-18	8.71e-26	1.161e-25	1.452e-25	2.876e-07	2.202e-07	4.086e-09	0.695	2.667e-09	1.248e-22	4.265	7.845e-06	2.67e-06	1.206e-06	0	0	0	0	0	0	0	0	0	0	0	0	0	0	0	0	0	0	0	0	0	0	0	7.685e+04	0	0	0	0	0	0	0	0	0	0	0	0	0	0	0	3.678e+05	0	0	0	0	0	0	0	0	0	0	0	0	0	0	0	0	0	0	0	0	0	0	0	
24584	1955.013	3.45e+19	0	0	100000	1.9573177	4.092e-06	0.5167	0.0812	2.397e-06	6.086	2.686e+04	157.3	0.005285	0.444	1.272e-08	0.01201	0	0.001189	6.404e-13	2.699e-18	8.735e-26	1.165e-25	1.456e-25	2.888e-07	2.214e-07	4.112e-09	0.697	2.681e-09	1.256e-22	4.277	7.867e-06	2.678e-06	1.21e-06	0	0	0	0	0	0	0	0	0	0	0	0	0	0	0	0	0	0	0	0	0	0	0	7.694e+04	0	0	0	0	0	0	0	0	0	0	0	0	0	0	0	3.682e+05	0	0	0	0	0	0	0	0	0	0	0	0	0	0	0	0	0	0	0	0	0	0	0	
24612	1955.013	3.45e+19	0	0	100000	1.95734535	4.094e-06	0.5175	0.08144	2.412e-06	6.103	2.694e+04	157.8	0.005326	0.4459	1.279e-08	0.01206	0	0.001198	6.423e-13	2.726e-18	8.76e-26	1.168e-25	1.46e-25	2.9e-07	2.226e-07	4.138e-09	0.6991	2.695e-09	1.264e-22	4.29	7.89e-06	2.686e-06	1.213e-06	0	0	0	0	0	0	0	0	0	0	0	0	0	0	0	0	0	0	0	0	0	0	0	7.703e+04	0	0	0	0	0	0	0	0	0	0	0	0	0	0	0	3.686e+05	0	0	0	0	0	0	0	0	0	0	0	0	0	0	0	0	0	0	0	0	0	0	0	
24640	1955.013	3.45e+19	0	0	100000	1.957373	4.096e-06	0.5184	0.08167	2.428e-06	6.121	2.702e+04	158.3	0.005366	0.4477	1.286e-08	0.01211	0	0.001207	6.441e-13	2.753e-18	8.786e-26	1.171e-25	1.464e-25	2.912e-07	2.237e-07	4.165e-09	0.7011	2.71e-09	1.272e-22	4.302	7.913e-06	2.693e-06	1.217e-06	0	0	0	0	0	0	0	0	0	0	0	0	0	0	0	0	0	0	0	0	0	0	0	7.711e+04	0	0	0	0	0	0	0	0	0	0	0	0	0	0	0	3.69e+05	0	0	0	0	0	0	0	0	0	0	0	0	0	0	0	0	0	0	0	0	0	0	0	
24668	1955.013	3.45e+19	0	0	100000	1.95740065	4.099e-06	0.5193	0.08191	2.443e-06	6.139	2.709e+04	158.7	0.005407	0.4495	1.292e-08	0.01216	0	0.001216	6.46e-13	2.781e-18	8.811e-26	1.175e-25	1.468e-25	2.924e-07	2.249e-07	4.192e-09	0.7031	2.724e-09	1.28e-22	4.315	7.936e-06	2.701e-06	1.22e-06	0	0	0	0	0	0	0	0	0	0	0	0	0	0	0	0	0	0	0	0	0	0	0	7.72e+04	0	0	0	0	0	0	0	0	0	0	0	0	0	0	0	3.695e+05	0	0	0	0	0	0	0	0	0	0	0	0	0	0	0	0	0	0	0	0	0	0	0	
24696	1955.013	3.45e+19	0	0	100000	1.9574283	4.101e-06	0.5202	0.08214	2.459e-06	6.156	2.717e+04	159.2	0.005448	0.4513	1.299e-08	0.01221	0	0.001225	6.478e-13	2.808e-18	8.836e-26	1.178e-25	1.473e-25	2.935e-07	2.261e-07	4.219e-09	0.7051	2.738e-09	1.288e-22	4.327	7.958e-06	2.709e-06	1.224e-06	0	0	0	0	0	0	0	0	0	0	0	0	0	0	0	0	0	0	0	0	0	0	0	7.729e+04	0	0	0	0	0	0	0	0	0	0	0	0	0	0	0	3.699e+05	0	0	0	0	0	0	0	0	0	0	0	0	0	0	0	0	0	0	0	0	0	0	0	
24724	1955.013	3.45e+19	0	0	100000	1.95745595	4.103e-06	0.5211	0.08238	2.475e-06	6.174	2.725e+04	159.6	0.00549	0.4531	1.306e-08	0.01226	0	0.001235	6.497e-13	2.836e-18	8.861e-26	1.182e-25	1.477e-25	2.947e-07	2.273e-07	4.246e-09	0.7071	2.752e-09	1.296e-22	4.339	7.981e-06	2.717e-06	1.227e-06	0	0	0	0	0	0	0	0	0	0	0	0	0	0	0	0	0	0	0	0	0	0	0	7.738e+04	0	0	0	0	0	0	0	0	0	0	0	0	0	0	0	3.703e+05	0	0	0	0	0	0	0	0	0	0	0	0	0	0	0	0	0	0	0	0	0	0	0	
24752	1955.013	3.45e+19	0	0	100000	1.9574836	4.105e-06	0.5219	0.08262	2.491e-06	6.192	2.733e+04	160.1	0.005531	0.455	1.313e-08	0.01231	0	0.001244	6.515e-13	2.865e-18	8.887e-26	1.185e-25	1.481e-25	2.959e-07	2.284e-07	4.273e-09	0.7092	2.767e-09	1.305e-22	4.352	8.004e-06	2.724e-06	1.231e-06	0	0	0	0	0	0	0	0	0	0	0	0	0	0	0	0	0	0	0	0	0	0	0	7.746e+04	0	0	0	0	0	0	0	0	0	0	0	0	0	0	0	3.707e+05	0	0	0	0	0	0	0	0	0	0	0	0	0	0	0	0	0	0	0	0	0	0	0	
24780	1955.013	3.45e+19	0	0	100000	1.95751125	4.107e-06	0.5228	0.08285	2.507e-06	6.209	2.74e+04	160.5	0.005573	0.4568	1.32e-08	0.01236	0	0.001254	6.534e-13	2.893e-18	8.912e-26	1.188e-25	1.485e-25	2.971e-07	2.296e-07	4.3e-09	0.7112	2.781e-09	1.313e-22	4.364	8.027e-06	2.732e-06	1.234e-06	0	0	0	0	0	0	0	0	0	0	0	0	0	0	0	0	0	0	0	0	0	0	0	7.755e+04	0	0	0	0	0	0	0	0	0	0	0	0	0	0	0	3.711e+05	0	0	0	0	0	0	0	0	0	0	0	0	0	0	0	0	0	0	0	0	0	0	0	
24808	1955.013	3.45e+19	0	0	100000	1.9575389	4.109e-06	0.5237	0.08309	2.523e-06	6.227	2.748e+04	161	0.005615	0.4586	1.326e-08	0.01241	0	0.001263	6.552e-13	2.922e-18	8.937e-26	1.192e-25	1.49e-25	2.983e-07	2.308e-07	4.328e-09	0.7132	2.796e-09	1.321e-22	4.377	8.05e-06	2.74e-06	1.238e-06	0	0	0	0	0	0	0	0	0	0	0	0	0	0	0	0	0	0	0	0	0	0	0	7.764e+04	0	0	0	0	0	0	0	0	0	0	0	0	0	0	0	3.716e+05	0	0	0	0	0	0	0	0	0	0	0	0	0	0	0	0	0	0	0	0	0	0	0	
24836	1955.013	3.45e+19	0	0	100000	1.95756655	4.111e-06	0.5245	0.08332	2.539e-06	6.244	2.756e+04	161.4	0.005658	0.4605	1.333e-08	0.01246	0	0.001273	6.571e-13	2.951e-18	8.963e-26	1.195e-25	1.494e-25	2.995e-07	2.32e-07	4.355e-09	0.7152	2.81e-09	1.33e-22	4.389	8.072e-06	2.748e-06	1.241e-06	0	0	0	0	0	0	0	0	0	0	0	0	0	0	0	0	0	0	0	0	0	0	0	7.773e+04	0	0	0	0	0	0	0	0	0	0	0	0	0	0	0	3.72e+05	0	0	0	0	0	0	0	0	0	0	0	0	0	0	0	0	0	0	0	0	0	0	0	
24864	1955.013	3.45e+19	0	0	100000	1.9575942	4.113e-06	0.5254	0.08356	2.555e-06	6.262	2.764e+04	161.9	0.005701	0.4623	1.34e-08	0.01251	0	0.001282	6.59e-13	2.98e-18	8.988e-26	1.198e-25	1.498e-25	3.007e-07	2.332e-07	4.383e-09	0.7172	2.825e-09	1.338e-22	4.401	8.095e-06	2.755e-06	1.245e-06	0	0	0	0	0	0	0	0	0	0	0	0	0	0	0	0	0	0	0	0	0	0	0	7.781e+04	0	0	0	0	0	0	0	0	0	0	0	0	0	0	0	3.724e+05	0	0	0	0	0	0	0	0	0	0	0	0	0	0	0	0	0	0	0	0	0	0	0	
24892	1955.013	3.45e+19	0	0	100000	1.95762185	4.114e-06	0.5263	0.08379	2.571e-06	6.28	2.772e+04	162.4	0.005744	0.4642	1.347e-08	0.01256	0	0.001292	6.608e-13	3.01e-18	9.013e-26	1.202e-25	1.502e-25	3.019e-07	2.344e-07	4.411e-09	0.7193	2.839e-09	1.347e-22	4.414	8.118e-06	2.763e-06	1.248e-06	0	0	0	0	0	0	0	0	0	0	0	0	0	0	0	0	0	0	0	0	0	0	0	7.79e+04	0	0	0	0	0	0	0	0	0	0	0	0	0	0	0	3.728e+05	0	0	0	0	0	0	0	0	0	0	0	0	0	0	0	0	0	0	0	0	0	0	0	
24920	1955.013	3.45e+19	0	0	100000	1.9576495	4.116e-06	0.5271	0.08403	2.587e-06	6.297	2.779e+04	162.8	0.005787	0.466	1.354e-08	0.01261	0	0.001302	6.627e-13	3.04e-18	9.039e-26	1.205e-25	1.506e-25	3.031e-07	2.357e-07	4.439e-09	0.7213	2.854e-09	1.355e-22	4.426	8.141e-06	2.771e-06	1.252e-06	0	0	0	0	0	0	0	0	0	0	0	0	0	0	0	0	0	0	0	0	0	0	0	7.799e+04	0	0	0	0	0	0	0	0	0	0	0	0	0	0	0	3.732e+05	0	0	0	0	0	0	0	0	0	0	0	0	0	0	0	0	0	0	0	0	0	0	0	
24948	1955.013	3.45e+19	0	0	100000	1.95767715	4.118e-06	0.528	0.08426	2.604e-06	6.315	2.787e+04	163.3	0.005831	0.4679	1.361e-08	0.01266	0	0.001312	6.645e-13	3.07e-18	9.064e-26	1.209e-25	1.511e-25	3.043e-07	2.369e-07	4.467e-09	0.7233	2.869e-09	1.364e-22	4.438	8.164e-06	2.779e-06	1.255e-06	0	0	0	0	0	0	0	0	0	0	0	0	0	0	0	0	0	0	0	0	0	0	0	7.808e+04	0	0	0	0	0	0	0	0	0	0	0	0	0	0	0	3.737e+05	0	0	0	0	0	0	0	0	0	0	0	0	0	0	0	0	0	0	0	0	0	0	0	
24976	1955.013	3.45e+19	0	0	100000	1.9577048	4.12e-06	0.5288	0.0845	2.62e-06	6.333	2.795e+04	163.7	0.005875	0.4697	1.368e-08	0.01271	0	0.001321	6.664e-13	3.101e-18	9.089e-26	1.212e-25	1.515e-25	3.055e-07	2.381e-07	4.496e-09	0.7253	2.884e-09	1.373e-22	4.451	8.186e-06	2.786e-06	1.259e-06	0	0	0	0	0	0	0	0	0	0	0	0	0	0	0	0	0	0	0	0	0	0	0	7.817e+04	0	0	0	0	0	0	0	0	0	0	0	0	0	0	0	3.741e+05	0	0	0	0	0	0	0	0	0	0	0	0	0	0	0	0	0	0	0	0	0	0	0	
25004	1955.013	3.45e+19	0	0	100000	1.95773245	4.121e-06	0.5297	0.08473	2.637e-06	6.35	2.803e+04	164.2	0.005919	0.4716	1.375e-08	0.01276	0	0.001331	6.682e-13	3.131e-18	9.114e-26	1.215e-25	1.519e-25	3.067e-07	2.393e-07	4.524e-09	0.7273	2.898e-09	1.381e-22	4.463	8.209e-06	2.794e-06	1.262e-06	0	0	0	0	0	0	0	0	0	0	0	0	0	0	0	0	0	0	0	0	0	0	0	7.825e+04	0	0	0	0	0	0	0	0	0	0	0	0	0	0	0	3.745e+05	0	0	0	0	0	0	0	0	0	0	0	0	0	0	0	0	0	0	0	0	0	0	0	
25032	1955.013	3.45e+19	0	0	100000	1.9577601	4.123e-06	0.5305	0.08497	2.654e-06	6.368	2.811e+04	164.6	0.005964	0.4735	1.382e-08	0.01281	0	0.001341	6.701e-13	3.162e-18	9.14e-26	1.219e-25	1.523e-25	3.08e-07	2.406e-07	4.553e-09	0.7294	2.913e-09	1.39e-22	4.476	8.232e-06	2.802e-06	1.266e-06	0	0	0	0	0	0	0	0	0	0	0	0	0	0	0	0	0	0	0	0	0	0	0	7.834e+04	0	0	0	0	0	0	0	0	0	0	0	0	0	0	0	3.749e+05	0	0	0	0	0	0	0	0	0	0	0	0	0	0	0	0	0	0	0	0	0	0	0	
25060	1955.013	3.45e+19	0	0	100000	1.95778775	4.125e-06	0.5313	0.0852	2.671e-06	6.385	2.818e+04	165.1	0.006009	0.4753	1.39e-08	0.01286	0	0.001352	6.719e-13	3.194e-18	9.165e-26	1.222e-25	1.528e-25	3.092e-07	2.418e-07	4.582e-09	0.7314	2.928e-09	1.399e-22	4.488	8.255e-06	2.81e-06	1.269e-06	0	0	0	0	0	0	0	0	0	0	0	0	0	0	0	0	0	0	0	0	0	0	0	7.843e+04	0	0	0	0	0	0	0	0	0	0	0	0	0	0	0	3.753e+05	0	0	0	0	0	0	0	0	0	0	0	0	0	0	0	0	0	0	0	0	0	0	0	
25088	1955.013	3.45e+19	0	0	100000	1.9578154	4.126e-06	0.5322	0.08544	2.688e-06	6.403	2.826e+04	165.6	0.006054	0.4772	1.397e-08	0.01291	0	0.001362	6.738e-13	3.225e-18	9.19e-26	1.225e-25	1.532e-25	3.104e-07	2.43e-07	4.611e-09	0.7334	2.943e-09	1.408e-22	4.5	8.277e-06	2.817e-06	1.273e-06	0	0	0	0	0	0	0	0	0	0	0	0	0	0	0	0	0	0	0	0	0	0	0	7.852e+04	0	0	0	0	0	0	0	0	0	0	0	0	0	0	0	3.758e+05	0	0	0	0	0	0	0	0	0	0	0	0	0	0	0	0	0	0	0	0	0	0	0	
25116	1955.013	3.45e+19	0	0	100000	1.95784305	4.128e-06	0.533	0.08567	2.705e-06	6.421	2.834e+04	166	0.006099	0.4791	1.404e-08	0.01296	0	0.001372	6.756e-13	3.257e-18	9.216e-26	1.229e-25	1.536e-25	3.116e-07	2.443e-07	4.64e-09	0.7354	2.959e-09	1.417e-22	4.513	8.3e-06	2.825e-06	1.276e-06	0	0	0	0	0	0	0	0	0	0	0	0	0	0	0	0	0	0	0	0	0	0	0	7.86e+04	0	0	0	0	0	0	0	0	0	0	0	0	0	0	0	3.762e+05	0	0	0	0	0	0	0	0	0	0	0	0	0	0	0	0	0	0	0	0	0	0	0	
25144	1955.013	3.45e+19	0	0	100000	1.9578707	4.129e-06	0.5338	0.08591	2.722e-06	6.438	2.842e+04	166.5	0.006145	0.481	1.411e-08	0.01301	0	0.001382	6.775e-13	3.29e-18	9.241e-26	1.232e-25	1.54e-25	3.129e-07	2.455e-07	4.669e-09	0.7375	2.974e-09	1.426e-22	4.525	8.323e-06	2.833e-06	1.28e-06	0	0	0	0	0	0	0	0	0	0	0	0	0	0	0	0	0	0	0	0	0	0	0	7.869e+04	0	0	0	0	0	0	0	0	0	0	0	0	0	0	0	3.766e+05	0	0	0	0	0	0	0	0	0	0	0	0	0	0	0	0	0	0	0	0	0	0	0	
25172	1955.013	3.45e+19	0	0	100000	1.95789835	4.131e-06	0.5347	0.08614	2.739e-06	6.456	2.849e+04	166.9	0.006191	0.4829	1.418e-08	0.01306	0	0.001393	6.794e-13	3.322e-18	9.266e-26	1.236e-25	1.544e-25	3.141e-07	2.468e-07	4.699e-09	0.7395	2.989e-09	1.435e-22	4.538	8.346e-06	2.841e-06	1.283e-06	0	0	0	0	0	0	0	0	0	0	0	0	0	0	0	0	0	0	0	0	0	0	0	7.878e+04	0	0	0	0	0	0	0	0	0	0	0	0	0	0	0	3.77e+05	0	0	0	0	0	0	0	0	0	0	0	0	0	0	0	0	0	0	0	0	0	0	0	
25200	1955.013	3.45e+19	0	0	100000	1.957926	4.132e-06	0.5355	0.08638	2.756e-06	6.474	2.857e+04	167.4	0.006238	0.4848	1.425e-08	0.01311	0	0.001403	6.812e-13	3.355e-18	9.292e-26	1.239e-25	1.549e-25	3.153e-07	2.481e-07	4.728e-09	0.7415	3.004e-09	1.444e-22	4.55	8.369e-06	2.849e-06	1.287e-06	0	0	0	0	0	0	0	0	0	0	0	0	0	0	0	0	0	0	0	0	0	0	0	7.887e+04	0	0	0	0	0	0	0	0	0	0	0	0	0	0	0	3.774e+05	0	0	0	0	0	0	0	0	0	0	0	0	0	0	0	0	0	0	0	0	0	0	0	
25201	1938.46287	3.45e+19	0	0	100000	1.957926	3.121e-06	0.4363	0.06467	1.781e-06	5.227	2.85e+04	171.9	0.005197	0.4533	1.122e-08	0.01067	0	0.001169	4.302e-13	1.612e-18	9.268e-26	1.236e-25	1.545e-25	2.108e-07	1.616e-07	2.95e-09	0.6019	1.925e-09	6.859e-23	3.749	6.141e-06	2.025e-06	9.238e-07	0	0	0	0	0	0	0	0	0	0	0	0	0	0	0	0	0	0	0	0	0	0	0	7.887e+04	0	0	0	0	0	0	0	0	0	0	0	0	0	0	0	3.775e+05	0	0	0	0	0	0	0	0	0	0	0	0	0	0	0	0	0	0	0	0	0	0	0	
25202	1921.91274	3.45e+19	0	0	100000	1.957926	2.352e-06	0.3551	0.04826	1.142e-06	4.213	2.849e+04	176.9	0.004313	0.4239	8.806e-09	0.008657	0	0.0009695	2.701e-13	7.627e-19	9.263e-26	1.235e-25	1.544e-25	1.401e-07	1.046e-07	1.826e-09	0.4882	1.225e-09	3.217e-23	3.084	4.491e-06	1.434e-06	6.608e-07	0	0	0	0	0	0	0	0	0	0	0	0	0	0	0	0	0	0	0	0	0	0	0	7.888e+04	0	0	0	0	0	0	0	0	0	0	0	0	0	0	0	3.775e+05	0	0	0	0	0	0	0	0	0	0	0	0	0	0	0	0	0	0	0	0	0	0	0	
25203	1905.36261	3.45e+19	0	0	100000	1.957926	1.766e-06	0.2881	0.03582	7.255e-07	3.382	2.848e+04	182.1	0.00356	0.3957	6.872e-09	0.006996	0	0.0008	1.682e-13	3.551e-19	9.258e-26	1.234e-25	1.543e-25	9.242e-08	6.709e-08	1.119e-09	0.395	7.722e-10	1.487e-23	2.529	3.266e-06	1.01e-06	4.699e-07	0	0	0	0	0	0	0	0	0	0	0	0	0	0	0	0	0	0	0	0	0	0	0	7.888e+04	0	0	0	0	0	0	0	0	0	0	0	0	0	0	0	3.776e+05	0	0	0	0	0	0	0	0	0	0	0	0	0	0	0	0	0	0	0	0	0	0	0	
25204	1888.81248	3.45e+19	0	0	100000	1.957926	1.319e-06	0.2329	0.02645	4.565e-07	2.705	2.846e+04	187.6	0.002923	0.3687	5.335e-09	0.005631	0	0.0006568	1.038e-13	1.627e-19	9.252e-26	1.234e-25	1.542e-25	6.048e-08	4.266e-08	6.785e-10	0.3187	4.825e-10	6.772e-24	2.066	2.362e-06	7.063e-07	3.321e-07	0	0	0	0	0	0	0	0	0	0	0	0	0	0	0	0	0	0	0	0	0	0	0	7.889e+04	0	0	0	0	0	0	0	0	0	0	0	0	0	0	0	3.776e+05	0	0	0	0	0	0	0	0	0	0	0	0	0	0	0	0	0	0	0	0	0	0	0	
25205	1872.26235	3.45e+19	0	0	100000	1.957926	9.808e-07	0.1876	0.01941	2.846e-07	2.154	2.845e+04	193.3	0.002389	0.3431	4.121e-09	0.004513	0	0.0005366	6.352e-14	7.337e-20	9.247e-26	1.233e-25	1.541e-25	3.926e-08	2.689e-08	4.075e-10	0.2565	2.988e-10	3.038e-24	1.681	1.698e-06	4.909e-07	2.333e-07	0	0	0	0	0	0	0	0	0	0	0	0	0	0	0	0	0	0	0	0	0	0	0	7.89e+04	0	0	0	0	0	0	0	0	0	0	0	0	0	0	0	3.776e+05	0	0	0	0	0	0	0	0	0	0	0	0	0	0	0	0	0	0	0	0	0	0	0	
25206	1855.71222	3.45e+19	0	0	100000	1.957926	7.253e-07	0.1505	0.01417	1.758e-07	1.708	2.843e+04	199.2	0.001943	0.3187	3.166e-09	0.003601	0	0.0004365	3.852e-14	3.258e-20	9.241e-26	1.232e-25	1.54e-25	2.528e-08	1.68e-08	2.423e-10	0.206	1.834e-10	1.343e-24	1.363	1.213e-06	3.39e-07	1.628e-07	0	0	0	0	0	0	0	0	0	0	0	0	0	0	0	0	0	0	0	0	0	0	0	7.89e+04	0	0	0	0	0	0	0	0	0	0	0	0	0	0	0	3.777e+05	0	0	0	0	0	0	0	0	0	0	0	0	0	0	0	0	0	0	0	0	0	0	0	
25207	1839.16209	3.45e+19	0	0	100000	1.957926	5.333e-07	0.1203	0.01028	1.076e-07	1.348	2.842e+04	205.5	0.001574	0.2955	2.421e-09	0.002862	0	0.0003535	2.314e-14	1.424e-20	9.235e-26	1.231e-25	1.539e-25	1.615e-08	1.04e-08	1.427e-10	0.1651	1.116e-10	5.849e-25	1.101	8.616e-07	2.325e-07	1.129e-07	0	0	0	0	0	0	0	0	0	0	0	0	0	0	0	0	0	0	0	0	0	0	0	7.89e+04	0	0	0	0	0	0	0	0	0	0	0	0	0	0	0	3.777e+05	0	0	0	0	0	0	0	0	0	0	0	0	0	0	0	0	0	0	0	0	0	0	0	
25208	1822.61196	3.45e+19	0	0	100000	1.957926	3.898e-07	0.09568	0.007413	6.522e-08	1.06	2.84e+04	212	0.00127	0.2737	1.842e-09	0.002265	0	0.0002851	1.377e-14	6.13e-21	9.229e-26	1.231e-25	1.538e-25	1.023e-08	6.381e-09	8.317e-11	0.1321	6.723e-11	2.508e-25	0.8858	6.08e-07	1.583e-07	7.778e-08	0	0	0	0	0	0	0	0	0	0	0	0	0	0	0	0	0	0	0	0	0	0	0	7.891e+04	0	0	0	0	0	0	0	0	0	0	0	0	0	0	0	3.778e+05	0	0	0	0	0	0	0	0	0	0	0	0	0	0	0	0	0	0	0	0	0	0	0	
25209	1806.06183	3.45e+19	0	0	100000	1.957926	2.831e-07	0.07578	0.005311	3.918e-08	0.8292	2.838e+04	218.7	0.001021	0.2531	1.394e-09	0.001785	0	0.0002291	8.118e-15	2.599e-21	9.222e-26	1.23e-25	1.537e-25	6.422e-09	3.881e-09	4.801e-11	0.1056	4.015e-11	1.059e-25	0.7096	4.262e-07	1.07e-07	5.32e-08	0	0	0	0	0	0	0	0	0	0	0	0	0	0	0	0	0	0	0	0	0	0	0	7.891e+04	0	0	0	0	0	0	0	0	0	0	0	0	0	0	0	3.778e+05	0	0	0	0	0	0	0	0	0	0	0	0	0	0	0	0	0	0	0	0	0	0	0	
25210	1789.5117	3.45e+19	0	0	100000	1.957926	2.042e-07	0.05972	0.003781	2.332e-08	0.6457	2.836e+04	225.9	0.0008174	0.2337	1.05e-09	0.0014	0	0.0001835	4.737e-15	1.085e-21	9.215e-26	1.229e-25	1.536e-25	3.998e-09	2.338e-09	2.744e-11	0.08426	2.375e-11	4.406e-26	0.566	2.968e-07	7.184e-08	3.613e-08	0	0	0	0	0	0	0	0	0	0	0	0	0	0	0	0	0	0	0	0	0	0	0	7.892e+04	0	0	0	0	0	0	0	0	0	0	0	0	0	0	0	3.779e+05	0	0	0	0	0	0	0	0	0	0	0	0	0	0	0	0	0	0	0	0	0	0	0	
25211	1772.96157	3.45e+19	0	0	100000	1.957926	1.463e-07	0.04684	0.002674	1.375e-08	0.5003	2.834e+04	233.3	0.0006525	0.2155	7.873e-10	0.001094	0	0.0001464	2.735e-15	4.464e-22	9.208e-26	1.228e-25	1.535e-25	2.467e-09	1.396e-09	1.553e-11	0.06724	1.392e-11	1.804e-26	0.4495	2.052e-07	4.786e-08	2.436e-08	0	0	0	0	0	0	0	0	0	0	0	0	0	0	0	0	0	0	0	0	0	0	0	7.892e+04	0	0	0	0	0	0	0	0	0	0	0	0	0	0	0	3.779e+05	0	0	0	0	0	0	0	0	0	0	0	0	0	0	0	0	0	0	0	0	0	0	0	
25212	1756.41144	3.45e+19	0	0	100000	1.957926	1.04e-07	0.03654	0.001878	8.036e-09	0.3857	2.831e+04	241.1	0.0005192	0.1985	5.873e-10	0.0008506	0	0.0001165	1.563e-15	1.808e-22	9.2e-26	1.227e-25	1.533e-25	1.509e-09	8.258e-10	8.7e-12	0.05367	8.078e-12	1.023e-26	0.3554	1.409e-07	3.163e-08	1.63e-08	0	0	0	0	0	0	0	0	0	0	0	0	0	0	0	0	0	0	0	0	0	0	0	7.892e+04	0	0	0	0	0	0	0	0	0	0	0	0	0	0	0	3.78e+05	0	0	0	0	0	0	0	0	0	0	0	0	0	0	0	0	0	0	0	0	0	0	0	
25213	1739.86131	3.45e+19	0	0	100000	1.957926	7.341e-08	0.02836	0.00131	4.651e-09	0.2959	2.829e+04	249.3	0.0004119	0.1826	4.359e-10	0.0006586	0	9.24e-05	8.832e-16	7.216e-23	9.191e-26	1.226e-25	1.532e-25	9.14e-10	4.838e-10	4.825e-12	0.04288	4.644e-12	1.022e-26	0.2797	9.605e-08	2.074e-08	1.083e-08	0	0	0	0	0	0	0	0	0	0	0	0	0	0	0	0	0	0	0	0	0	0	0	7.893e+04	0	0	0	0	0	0	0	0	0	0	0	0	0	0	0	3.78e+05	0	0	0	0	0	0	0	0	0	0	0	0	0	0	0	0	0	0	0	0	0	0	0	
25214	1723.31118	3.45e+19	0	0	100000	1.957926	5.137e-08	0.02188	0.0009068	2.667e-09	0.2257	2.826e+04	257.8	0.0003258	0.1677	3.22e-10	0.0005076	0	7.309e-05	4.935e-16	2.836e-23	9.182e-26	1.224e-25	1.53e-25	5.486e-10	2.807e-10	2.649e-12	0.03432	2.643e-12	1.021e-26	0.2191	6.498e-08	1.349e-08	7.132e-09	0	0	0	0	0	0	0	0	0	0	0	0	0	0	0	0	0	0	0	0	0	0	0	7.893e+04	0	0	0	0	0	0	0	0	0	0	0	0	0	0	0	3.781e+05	0	0	0	0	0	0	0	0	0	0	0	0	0	0	0	0	0	0	0	0	0	0	0	
25215	1706.76105	3.45e+19	0	0	100000	1.957926	3.565e-08	0.01678	0.0006231	1.515e-09	0.1713	2.823e+04	266.8	0.0002571	0.1538	2.366e-10	0.0003894	0	5.766e-05	2.726e-16	1.097e-23	9.173e-26	1.223e-25	1.529e-25	3.262e-10	1.613e-10	1.439e-12	0.02755	1.489e-12	1.02e-26	0.1707	4.362e-08	8.695e-09	4.66e-09	0	0	0	0	0	0	0	0	0	0	0	0	0	0	0	0	0	0	0	0	0	0	0	7.894e+04	0	0	0	0	0	0	0	0	0	0	0	0	0	0	0	3.782e+05	0	0	0	0	0	0	0	0	0	0	0	0	0	0	0	0	0	0	0	0	0	0	0	
25216	1690.21092	3.45e+19	0	0	100000	1.957926	2.452e-08	0.0128	0.0004249	8.519e-10	0.1292	2.82e+04	276.3	0.0002023	0.141	1.731e-10	0.0002973	0	4.537e-05	1.488e-16	4.182e-24	9.163e-26	1.222e-25	1.527e-25	1.92e-10	9.177e-11	7.737e-13	0.02219	8.308e-13	1.018e-26	0.1324	2.905e-08	5.557e-09	3.019e-09	0	0	0	0	0	0	0	0	0	0	0	0	0	0	0	0	0	0	0	0	0	0	0	7.894e+04	0	0	0	0	0	0	0	0	0	0	0	0	0	0	0	3.782e+05	0	0	0	0	0	0	0	0	0	0	0	0	0	0	0	0	0	0	0	0	0	0	0	
25217	1673.66079	3.45e+19	0	0	100000	1.957926	1.671e-08	0.009695	0.0002874	4.745e-10	0.09694	2.817e+04	286.2	0.0001589	0.129	1.259e-10	0.0002259	0	3.562e-05	8.022e-17	1.569e-24	9.152e-26	1.22e-25	1.525e-25	1.119e-10	5.168e-11	4.116e-13	0.01796	4.586e-13	1.017e-26	0.1021	1.919e-08	3.52e-09	1.939e-09	0	0	0	0	0	0	0	0	0	0	0	0	0	0	0	0	0	0	0	0	0	0	0	7.894e+04	0	0	0	0	0	0	0	0	0	0	0	0	0	0	0	3.783e+05	0	0	0	0	0	0	0	0	0	0	0	0	0	0	0	0	0	0	0	0	0	0	0	
25218	1657.11066	3.45e+19	0	0	100000	1.957926	1.128e-08	0.007296	0.0001928	2.617e-10	0.07228	2.813e+04	296.6	0.0001245	0.1179	9.118e-11	0.0001709	0	2.791e-05	4.27e-17	5.798e-25	9.14e-26	1.219e-25	1.523e-25	6.452e-11	2.881e-11	2.166e-13	0.01462	2.505e-13	1.016e-26	0.07835	1.257e-08	2.209e-09	1.234e-09	0	0	0	0	0	0	0	0	0	0	0	0	0	0	0	0	0	0	0	0	0	0	0	7.895e+04	0	0	0	0	0	0	0	0	0	0	0	0	0	0	0	3.784e+05	0	0	0	0	0	0	0	0	0	0	0	0	0	0	0	0	0	0	0	0	0	0	0	
25219	1640.56053	3.45e+19	0	0	100000	1.957926	7.536e-09	0.005453	0.0001283	1.429e-10	0.05356	2.809e+04	307.6	9.736e-05	0.1077	6.569e-11	0.0001286	0	2.182e-05	2.244e-17	2.109e-25	9.128e-26	1.217e-25	1.521e-25	3.682e-11	1.589e-11	1.128e-13	0.01198	1.354e-13	1.014e-26	0.05978	8.158e-09	1.373e-09	7.785e-10	0	0	0	0	0	0	0	0	0	0	0	0	0	0	0	0	0	0	0	0	0	0	0	7.895e+04	0	0	0	0	0	0	0	0	0	0	0	0	0	0	0	3.784e+05	0	0	0	0	0	0	0	0	0	0	0	0	0	0	0	0	0	0	0	0	0	0	0	
25220	1624.0104	3.45e+19	0	0	100000	1.957926	4.982e-09	0.004046	8.462e-05	7.725e-11	0.03943	2.805e+04	319.1	7.601e-05	0.09817	4.708e-11	9.627e-05	0	1.703e-05	1.163e-17	7.548e-26	9.114e-26	1.215e-25	1.519e-25	2.079e-11	8.67e-12	5.806e-14	0.009885	7.235e-14	1.013e-26	0.04535	5.25e-09	8.451e-10	4.864e-10	0	0	0	0	0	0	0	0	0	0	0	0	0	0	0	0	0	0	0	0	0	0	0	7.895e+04	0	0	0	0	0	0	0	0	0	0	0	0	0	0	0	3.785e+05	0	0	0	0	0	0	0	0	0	0	0	0	0	0	0	0	0	0	0	0	0	0	0	
25221	1607.46027	3.45e+19	0	0	100000	1.957926	3.258e-09	0.00298	5.53e-05	4.133e-11	0.02884	2.801e+04	331.2	5.924e-05	0.08942	3.357e-11	7.171e-05	0	1.327e-05	5.946e-18	6.067e-26	9.1e-26	1.213e-25	1.517e-25	1.16e-11	4.679e-12	2.956e-14	0.008224	3.823e-14	1.011e-26	0.0342	3.347e-09	5.148e-10	3.009e-10	0	0	0	0	0	0	0	0	0	0	0	0	0	0	0	0	0	0	0	0	0	0	0	7.896e+04	0	0	0	0	0	0	0	0	0	0	0	0	0	0	0	3.786e+05	0	0	0	0	0	0	0	0	0	0	0	0	0	0	0	0	0	0	0	0	0	0	0	
25222	1590.91014	3.45e+19	0	0	100000	1.957926	2.106e-09	0.002178	3.581e-05	2.188e-11	0.02095	2.796e+04	344	4.61e-05	0.08136	2.381e-11	5.313e-05	0	1.033e-05	2.996e-18	6.057e-26	9.085e-26	1.211e-25	1.514e-25	6.403e-12	2.497e-12	1.488e-14	0.006899	1.997e-14	1.01e-26	0.02563	2.113e-09	3.104e-10	1.843e-10	0	0	0	0	0	0	0	0	0	0	0	0	0	0	0	0	0	0	0	0	0	0	0	7.896e+04	0	0	0	0	0	0	0	0	0	0	0	0	0	0	0	3.787e+05	0	0	0	0	0	0	0	0	0	0	0	0	0	0	0	0	0	0	0	0	0	0	0	
25223	1574.36001	3.45e+19	0	0	100000	1.957926	1.345e-09	0.001579	2.297e-05	1.146e-11	0.01512	2.791e+04	357.5	3.583e-05	0.07394	1.68e-11	3.915e-05	0	8.023e-06	1.488e-18	6.046e-26	9.068e-26	1.209e-25	1.511e-25	3.492e-12	1.317e-12	7.404e-15	0.005837	1.031e-14	1.008e-26	0.01909	1.321e-09	1.851e-10	1.117e-10	0	0	0	0	0	0	0	0	0	0	0	0	0	0	0	0	0	0	0	0	0	0	0	7.896e+04	0	0	0	0	0	0	0	0	0	0	0	0	0	0	0	3.788e+05	0	0	0	0	0	0	0	0	0	0	0	0	0	0	0	0	0	0	0	0	0	0	0	
25224	1557.80988	3.45e+19	0	0	100000	1.957926	8.489e-10	0.001135	1.459e-05	5.939e-12	0.01083	2.786e+04	371.7	2.782e-05	0.06712	1.179e-11	2.87e-05	0	6.227e-06	7.274e-19	6.034e-26	9.051e-26	1.207e-25	1.508e-25	1.882e-12	6.87e-13	3.64e-15	0.004978	5.262e-15	1.006e-26	0.01413	8.178e-10	1.092e-10	6.694e-11	0	0	0	0	0	0	0	0	0	0	0	0	0	0	0	0	0	0	0	0	0	0	0	7.897e+04	0	0	0	0	0	0	0	0	0	0	0	0	0	0	0	3.789e+05	0	0	0	0	0	0	0	0	0	0	0	0	0	0	0	0	0	0	0	0	0	0	0	
25225	1541.25975	3.45e+19	0	0	100000	1.957926	5.287e-10	0.000809	9.167e-06	3.044e-12	0.007695	2.78e+04	386.6	2.158e-05	0.06087	8.229e-12	2.091e-05	0	4.829e-06	3.501e-19	6.021e-26	9.032e-26	1.204e-25	1.505e-25	1.002e-12	3.54e-13	1.769e-15	0.00428	2.652e-15	1.004e-26	0.01039	5.009e-10	6.363e-11	3.968e-11	0	0	0	0	0	0	0	0	0	0	0	0	0	0	0	0	0	0	0	0	0	0	0	7.897e+04	0	0	0	0	0	0	0	0	0	0	0	0	0	0	0	3.79e+05	0	0	0	0	0	0	0	0	0	0	0	0	0	0	0	0	0	0	0	0	0	0	0	
25226	1524.70962	3.45e+19	0	0	100000	1.957926	3.248e-10	0.0005714	5.701e-06	1.543e-12	0.005427	2.774e+04	402.4	1.673e-05	0.05513	5.712e-12	1.515e-05	0	3.742e-06	1.658e-19	6.008e-26	9.012e-26	1.202e-25	1.502e-25	5.262e-13	1.801e-13	8.487e-16	0.003706	1.319e-15	1.002e-26	0.007581	3.034e-10	3.665e-11	2.326e-11	0	0	0	0	0	0	0	0	0	0	0	0	0	0	0	0	0	0	0	0	0	0	0	7.897e+04	0	0	0	0	0	0	0	0	0	0	0	0	0	0	0	3.791e+05	0	0	0	0	0	0	0	0	0	0	0	0	0	0	0	0	0	0	0	0	0	0	0	
25227	1508.15949	3.45e+19	0	0	100000	1.957926	1.968e-10	0.0003997	3.507e-06	7.732e-13	0.003797	2.767e+04	419.2	1.296e-05	0.04989	3.943e-12	1.092e-05	0	2.898e-06	7.719e-20	5.993e-26	8.99e-26	1.199e-25	1.498e-25	2.729e-13	9.054e-14	4.022e-16	0.003229	6.482e-16	9.992e-27	0.005494	1.818e-10	2.085e-11	1.347e-11	0	0	0	0	0	0	0	0	0	0	0	0	0	0	0	0	0	0	0	0	0	0	0	7.898e+04	0	0	0	0	0	0	0	0	0	0	0	0	0	0	0	3.792e+05	0	0	0	0	0	0	0	0	0	0	0	0	0	0	0	0	0	0	0	0	0	0	0	
25228	1491.60936	3.45e+19	0	0	100000	1.957926	1.175e-10	0.0002769	2.133e-06	3.829e-13	0.002635	2.76e+04	436.8	1.003e-05	0.04509	2.707e-12	7.815e-06	0	2.243e-06	3.532e-20	5.978e-26	8.967e-26	1.196e-25	1.494e-25	1.396e-13	4.492e-14	1.882e-16	0.00283	3.142e-16	9.966e-27	0.003951	1.077e-10	1.171e-11	7.702e-12	0	0	0	0	0	0	0	0	0	0	0	0	0	0	0	0	0	0	0	0	0	0	0	7.898e+04	0	0	0	0	0	0	0	0	0	0	0	0	0	0	0	3.794e+05	0	0	0	0	0	0	0	0	0	0	0	0	0	0	0	0	0	0	0	0	0	0	0	
25229	1475.05923	3.45e+19	0	0	100000	1.957926	6.908e-11	0.0001899	1.282e-06	1.874e-13	0.001812	2.752e+04	455.5	7.768e-06	0.04071	1.847e-12	5.56e-06	0	1.736e-06	1.587e-20	5.961e-26	8.941e-26	1.192e-25	1.49e-25	7.042e-14	2.199e-14	8.69e-17	0.002492	1.503e-16	9.938e-27	0.00282	6.299e-11	6.493e-12	4.349e-12	0	0	0	0	0	0	0	0	0	0	0	0	0	0	0	0	0	0	0	0	0	0	0	7.898e+04	0	0	0	0	0	0	0	0	0	0	0	0	0	0	0	3.795e+05	0	0	0	0	0	0	0	0	0	0	0	0	0	0	0	0	0	0	0	0	0	0	0	
25230	1458.5091	3.45e+19	0	0	100000	1.957926	3.997e-11	0.0001288	7.614e-07	9.063e-14	0.001236	2.743e+04	475.2	6.014e-06	0.03672	1.253e-12	3.931e-06	0	1.344e-06	6.998e-21	5.943e-26	8.914e-26	1.189e-25	1.486e-25	3.501e-14	1.062e-14	3.96e-17	0.002203	7.087e-17	9.907e-27	0.001997	3.64e-11	3.551e-12	2.424e-12	0	0	0	0	0	0	0	0	0	0	0	0	0	0	0	0	0	0	0	0	0	0	0	7.899e+04	0	0	0	0	0	0	0	0	0	0	0	0	0	0	0	3.796e+05	0	0	0	0	0	0	0	0	0	0	0	0	0	0	0	0	0	0	0	0	0	0	0	
25231	1441.95897	3.45e+19	0	0	100000	1.957926	2.275e-11	8.641e-05	4.464e-07	4.328e-14	0.0008347	2.734e+04	496.1	4.658e-06	0.03308	8.454e-13	2.76e-06	0	1.04e-06	3.027e-21	5.923e-26	8.884e-26	1.185e-25	1.481e-25	1.715e-14	5.059e-15	1.78e-17	0.001953	3.295e-17	9.875e-27	0.001402	2.077e-11	1.914e-12	1.332e-12	0	0	0	0	0	0	0	0	0	0	0	0	0	0	0	0	0	0	0	0	0	0	0	7.899e+04	0	0	0	0	0	0	0	0	0	0	0	0	0	0	0	3.798e+05	0	0	0	0	0	0	0	0	0	0	0	0	0	0	0	0	0	0	0	0	0	0	0	
25232	1425.40884	3.45e+19	0	0	100000	1.957926	1.272e-11	5.73e-05	2.584e-07	2.041e-14	0.0005584	2.725e+04	518.2	3.609e-06	0.02977	5.668e-13	1.926e-06	0	8.055e-07	1.283e-21	5.902e-26	8.852e-26	1.18e-25	1.475e-25	8.274e-15	2.375e-15	7.889e-18	0.001736	1.509e-17	9.839e-27	0.0009762	1.169e-11	1.017e-12	7.22e-13	0	0	0	0	0	0	0	0	0	0	0	0	0	0	0	0	0	0	0	0	0	0	0	7.899e+04	0	0	0	0	0	0	0	0	0	0	0	0	0	0	0	3.8e+05	0	0	0	0	0	0	0	0	0	0	0	0	0	0	0	0	0	0	0	0	0	0	0	
25233	1408.85871	3.45e+19	0	0	100000	1.957926	6.986e-12	3.754e-05	1.475e-07	9.502e-15	0.0003699	2.714e+04	541.6	2.798e-06	0.02676	3.776e-13	1.334e-06	0	6.242e-07	5.328e-22	5.878e-26	8.818e-26	1.176e-25	1.47e-25	3.929e-15	1.099e-15	3.447e-18	0.001545	6.809e-18	9.8e-27	0.0006736	6.492e-12	5.32e-13	3.855e-13	0	0	0	0	0	0	0	0	0	0	0	0	0	0	0	0	0	0	0	0	0	0	0	7.899e+04	0	0	0	0	0	0	0	0	0	0	0	0	0	0	0	3.801e+05	0	0	0	0	0	0	0	0	0	0	0	0	0	0	0	0	0	0	0	0	0	0	0	
25234	1392.30858	3.45e+19	0	0	100000	1.957926	3.765e-12	2.429e-05	8.306e-08	4.365e-15	0.0002425	2.702e+04	566.4	2.171e-06	0.02403	2.5e-13	9.173e-07	0	4.842e-07	2.165e-22	5.853e-26	8.78e-26	1.171e-25	1.463e-25	1.835e-15	5.006e-16	1.484e-18	0.001377	3.024e-18	9.758e-27	0.0004604	3.554e-12	2.74e-13	2.027e-13	0	0	0	0	0	0	0	0	0	0	0	0	0	0	0	0	0	0	0	0	0	0	0	7.9e+04	0	0	0	0	0	0	0	0	0	0	0	0	0	0	0	3.803e+05	0	0	0	0	0	0	0	0	0	0	0	0	0	0	0	0	0	0	0	0	0	0	0	
25235	1375.75845	3.45e+19	0	0	100000	1.957926	1.989e-12	1.551e-05	4.608e-08	1.978e-15	0.0001573	2.69e+04	592.6	1.687e-06	0.02156	1.644e-13	6.261e-07	0	3.76e-07	8.603e-23	5.826e-26	8.739e-26	1.165e-25	1.456e-25	8.427e-16	2.245e-16	6.294e-19	0.001228	1.322e-18	9.713e-27	0.0003117	1.917e-12	1.388e-13	1.049e-13	0	0	0	0	0	0	0	0	0	0	0	0	0	0	0	0	0	0	0	0	0	0	0	7.9e+04	0	0	0	0	0	0	0	0	0	0	0	0	0	0	0	3.806e+05	0	0	0	0	0	0	0	0	0	0	0	0	0	0	0	0	0	0	0	0	0	0	0	
25236	1359.20832	3.45e+19	0	0	100000	1.957926	1.029e-12	9.768e-06	2.518e-08	8.838e-16	0.0001009	2.676e+04	620.4	1.312e-06	0.01932	1.075e-13	4.242e-07	0	2.924e-07	3.34e-23	5.796e-26	8.694e-26	1.159e-25	1.449e-25	3.803e-16	9.908e-17	2.628e-19	0.001095	5.683e-19	9.663e-27	0.0002089	1.018e-12	6.912e-14	5.341e-14	0	0	0	0	0	0	0	0	0	0	0	0	0	0	0	0	0	0	0	0	0	0	0	7.9e+04	0	0	0	0	0	0	0	0	0	0	0	0	0	0	0	3.808e+05	0	0	0	0	0	0	0	0	0	0	0	0	0	0	0	0	0	0	0	0	0	0	0	
25237	1342.65819	3.45e+19	0	0	100000	1.957926	5.213e-13	6.064e-06	1.354e-08	3.893e-16	6.395e-05	2.661e+04	649.8	1.023e-06	0.01729	6.975e-14	2.851e-07	0	2.277e-07	1.265e-23	5.763e-26	8.645e-26	1.153e-25	1.441e-25	1.685e-16	4.3e-17	1.08e-19	0.0009768	2.402e-19	9.608e-27	0.0001386	5.321e-13	3.382e-14	2.673e-14	0	0	0	0	0	0	0	0	0	0	0	0	0	0	0	0	0	0	0	0	0	0	0	7.901e+04	0	0	0	0	0	0	0	0	0	0	0	0	0	0	0	3.81e+05	0	0	0	0	0	0	0	0	0	0	0	0	0	0	0	0	0	0	0	0	0	0	0	
25238	1326.10806	3.45e+19	0	0	100000	1.957926	2.581e-13	3.709e-06	7.167e-09	1.69e-16	4.005e-05	2.644e+04	681	7.988e-07	0.01546	4.496e-14	1.9e-07	0	1.777e-07	4.676e-24	5.727e-26	8.591e-26	1.145e-25	1.432e-25	7.326e-17	1.835e-17	4.368e-20	0.0008708	9.973e-20	9.549e-27	9.09e-05	2.735e-13	1.624e-14	1.313e-14	0	0	0	0	0	0	0	0	0	0	0	0	0	0	0	0	0	0	0	0	0	0	0	7.901e+04	0	0	0	0	0	0	0	0	0	0	0	0	0	0	0	3.813e+05	0	0	0	0	0	0	0	0	0	0	0	0	0	0	0	0	0	0	0	0	0	0	0	
25239	1309.55793	3.45e+19	0	0	100000	1.957926	1.248e-13	2.233e-06	3.727e-09	7.226e-17	2.477e-05	2.626e+04	713.9	6.253e-07	0.0138	2.877e-14	1.256e-07	0	1.39e-07	1.683e-24	5.688e-26	8.532e-26	1.138e-25	1.422e-25	3.124e-17	7.689e-18	1.737e-20	0.0007758	4.066e-20	9.483e-27	5.896e-05	1.382e-13	7.654e-15	6.336e-15	0	0	0	0	0	0	0	0	0	0	0	0	0	0	0	0	0	0	0	0	0	0	0	7.901e+04	0	0	0	0	0	0	0	0	0	0	0	0	0	0	0	3.816e+05	0	0	0	0	0	0	0	0	0	0	0	0	0	0	0	0	0	0	0	0	0	0	0	
25240	1293.0078	3.45e+19	0	0	100000	1.957926	5.885e-14	1.322e-06	1.904e-09	3.042e-17	1.512e-05	2.606e+04	748.7	4.907e-07	0.01231	1.828e-14	8.226e-08	0	1.09e-07	5.896e-25	5.645e-26	8.467e-26	1.129e-25	1.411e-25	1.305e-17	3.163e-18	6.788e-21	0.0006905	1.627e-20	9.411e-27	3.779e-05	6.858e-14	3.535e-15	2.997e-15	0	0	0	0	0	0	0	0	0	0	0	0	0	0	0	0	0	0	0	0	0	0	0	7.902e+04	0	0	0	0	0	0	0	0	0	0	0	0	0	0	0	3.819e+05	0	0	0	0	0	0	0	0	0	0	0	0	0	0	0	0	0	0	0	0	0	0	0	
25241	1276.45767	3.45e+19	0	0	100000	1.957926	2.704e-14	7.695e-07	9.549e-10	1.26e-17	9.098e-06	2.584e+04	785.5	3.862e-07	0.01096	1.153e-14	5.339e-08	0	8.572e-08	2.008e-25	5.597e-26	8.395e-26	1.119e-25	1.399e-25	5.339e-18	1.277e-18	2.606e-21	0.000614	6.383e-21	9.331e-27	2.392e-05	3.34e-14	1.599e-15	1.389e-15	0	0	0	0	0	0	0	0	0	0	0	0	0	0	0	0	0	0	0	0	0	0	0	7.902e+04	0	0	0	0	0	0	0	0	0	0	0	0	0	0	0	3.823e+05	0	0	0	0	0	0	0	0	0	0	0	0	0	0	0	0	0	0	0	0	0	0	0	
25242	1259.90754	3.45e+19	0	0	100000	1.957926	1.209e-14	4.398e-07	4.696e-10	5.136e-18	5.398e-06	2.559e+04	824.2	3.049e-07	0.009748	7.213e-15	3.433e-08	0	6.762e-08	6.635e-26	5.544e-26	8.316e-26	1.109e-25	1.386e-25	2.136e-18	5.054e-19	9.823e-22	0.0005453	2.454e-21	9.243e-27	1.494e-05	1.595e-14	7.073e-16	6.303e-16	0	0	0	0	0	0	0	0	0	0	0	0	0	0	0	0	0	0	0	0	0	0	0	7.902e+04	0	0	0	0	0	0	0	0	0	0	0	0	0	0	0	3.827e+05	0	0	0	0	0	0	0	0	0	0	0	0	0	0	0	0	0	0	0	0	0	0	0	
25243	1243.35741	3.45e+19	0	0	100000	1.957926	5.25e-15	2.466e-07	2.263e-10	2.058e-18	3.154e-06	2.532e+04	864.9	2.416e-07	0.008657	4.477e-15	2.185e-08	0	5.353e-08	3.656e-26	5.485e-26	8.228e-26	1.097e-25	1.371e-25	8.356e-19	1.96e-19	3.633e-22	0.0004836	9.24e-22	9.145e-27	9.209e-06	7.466e-15	3.059e-16	2.797e-16	0	0	0	0	0	0	0	0	0	0	0	0	0	0	0	0	0	0	0	0	0	0	0	7.903e+04	0	0	0	0	0	0	0	0	0	0	0	0	0	0	0	3.831e+05	0	0	0	0	0	0	0	0	0	0	0	0	0	0	0	0	0	0	0	0	0	0	0	
25244	1226.80728	3.45e+19	0	0	100000	1.957926	2.213e-15	1.355e-07	1.067e-10	8.099e-19	1.814e-06	2.502e+04	907.5	1.922e-07	0.007676	2.756e-15	1.376e-08	0	4.254e-08	3.612e-26	5.419e-26	8.129e-26	1.084e-25	1.355e-25	3.191e-19	7.439e-20	1.317e-22	0.0004282	3.404e-22	9.035e-27	5.594e-06	3.42e-15	1.292e-16	1.212e-16	0	0	0	0	0	0	0	0	0	0	0	0	0	0	0	0	0	0	0	0	0	0	0	7.903e+04	0	0	0	0	0	0	0	0	0	0	0	0	0	0	0	3.836e+05	0	0	0	0	0	0	0	0	0	0	0	0	0	0	0	0	0	0	0	0	0	0	0	
25245	1210.25715	3.45e+19	0	0	100000	1.957926	9.031e-16	7.289e-08	4.921e-11	3.13e-19	1.026e-06	2.468e+04	952	1.536e-07	0.006793	1.682e-15	8.575e-09	0	3.395e-08	3.564e-26	5.346e-26	8.019e-26	1.069e-25	1.337e-25	1.188e-19	2.762e-20	4.681e-23	0.0003785	1.226e-22	8.913e-27	3.347e-06	1.532e-15	5.319e-17	5.126e-17	0	0	0	0	0	0	0	0	0	0	0	0	0	0	0	0	0	0	0	0	0	0	0	7.903e+04	0	0	0	0	0	0	0	0	0	0	0	0	0	0	0	3.841e+05	0	0	0	0	0	0	0	0	0	0	0	0	0	0	0	0	0	0	0	0	0	0	0	
25246	1193.70702	3.45e+19	0	0	100000	1.957926	3.564e-16	3.834e-08	2.216e-11	1.187e-19	5.699e-07	2.43e+04	998.1	1.232e-07	0.006	1.017e-15	5.281e-09	0	2.721e-08	3.509e-26	5.264e-26	7.896e-26	1.053e-25	1.316e-25	4.312e-20	1.002e-20	1.628e-23	0.0003339	4.311e-23	8.776e-27	1.97e-06	6.706e-16	2.133e-17	2.112e-17	0	0	0	0	0	0	0	0	0	0	0	0	0	0	0	0	0	0	0	0	0	0	0	7.904e+04	0	0	0	0	0	0	0	0	0	0	0	0	0	0	0	3.847e+05	0	0	0	0	0	0	0	0	0	0	0	0	0	0	0	0	0	0	0	0	0	0	0	
25247	1177.15689	3.45e+19	0	0	100000	1.957926	1.357e-16	1.969e-08	9.735e-12	4.414e-20	3.107e-07	2.387e+04	1046	9.94e-08	0.005288	6.091e-16	3.212e-09	0	2.192e-08	3.447e-26	5.171e-26	7.757e-26	1.034e-25	1.293e-25	1.522e-20	3.547e-21	5.541e-24	0.0002938	1.479e-23	8.621e-27	1.14e-06	2.864e-16	8.318e-18	8.465e-18	0	0	0	0	0	0	0	0	0	0	0	0	0	0	0	0	0	0	0	0	0	0	0	7.904e+04	0	0	0	0	0	0	0	0	0	0	0	0	0	0	0	3.854e+05	0	0	0	0	0	0	0	0	0	0	0	0	0	0	0	0	0	0	0	0	0	0	0	
25248	1160.60676	3.45e+19	0	0	100000	1.957926	4.978e-17	9.862e-09	4.165e-12	1.608e-20	1.661e-07	2.339e+04	1094	8.057e-08	0.004647	3.611e-16	1.929e-09	0	1.774e-08	3.377e-26	5.066e-26	7.599e-26	1.013e-25	1.266e-25	5.219e-21	1.224e-21	1.843e-24	0.0002578	4.943e-24	8.446e-27	6.479e-07	1.191e-16	3.149e-18	3.296e-18	0	0	0	0	0	0	0	0	0	0	0	0	0	0	0	0	0	0	0	0	0	0	0	7.904e+04	0	0	0	0	0	0	0	0	0	0	0	0	0	0	0	3.861e+05	0	0	0	0	0	0	0	0	0	0	0	0	0	0	0	0	0	0	0	0	0	0	0	
25249	1144.05663	3.45e+19	0	0	100000	1.957926	1.754e-17	4.806e-09	1.732e-12	5.728e-21	8.688e-08	2.283e+04	1142	6.564e-08	0.004071	2.117e-16	1.142e-09	0	1.443e-08	3.297e-26	4.946e-26	7.419e-26	9.892e-26	1.237e-25	1.736e-21	4.113e-22	5.98e-25	0.0002255	1.608e-24	8.246e-27	3.611e-07	4.823e-17	1.156e-18	1.244e-18	0	0	0	0	0	0	0	0	0	0	0	0	0	0	0	0	0	0	0	0	0	0	0	7.904e+04	0	0	0	0	0	0	0	0	0	0	0	0	0	0	0	3.87e+05	0	0	0	0	0	0	0	0	0	0	0	0	0	0	0	0	0	0	0	0	0	0	0	
25250	1127.5065	3.45e+19	0	0	100000	1.957926	5.918e-18	2.275e-09	6.994e-13	1.995e-21	4.442e-08	2.22e+04	1189	5.377e-08	0.003552	1.227e-16	6.659e-10	0	1.18e-08	3.205e-26	4.809e-26	7.213e-26	9.617e-26	1.202e-25	5.587e-22	1.343e-22	1.892e-25	0.0001964	5.079e-25	8.017e-27	1.97e-07	1.897e-17	4.102e-19	4.541e-19	0	0	0	0	0	0	0	0	0	0	0	0	0	0	0	0	0	0	0	0	0	0	0	7.905e+04	0	0	0	0	0	0	0	0	0	0	0	0	0	0	0	3.879e+05	0	0	0	0	0	0	0	0	0	0	0	0	0	0	0	0	0	0	0	0	0	0	0	
25251	1110.95637	3.45e+19	0	0	100000	1.957926	1.907e-18	1.044e-09	2.734e-13	6.776e-22	2.215e-08	2.147e+04	1234	4.426e-08	0.003084	7.019e-17	3.819e-10	0	9.694e-09	3.1e-26	4.65e-26	6.976e-26	9.301e-26	1.163e-25	1.737e-22	4.253e-23	5.821e-26	0.0001702	1.555e-25	7.753e-27	1.051e-07	7.229e-18	1.404e-19	1.6e-19	0	0	0	0	0	0	0	0	0	0	0	0	0	0	0	0	0	0	0	0	0	0	0	7.905e+04	0	0	0	0	0	0	0	0	0	0	0	0	0	0	0	3.89e+05	0	0	0	0	0	0	0	0	0	0	0	0	0	0	0	0	0	0	0	0	0	0	0	
25252	1094.40624	3.45e+19	0	0	100000	1.957926	5.85e-19	4.626e-10	1.032e-13	2.241e-22	1.075e-08	2.062e+04	1274	3.659e-08	0.002661	3.956e-17	2.149e-10	0	7.998e-09	2.977e-26	4.466e-26	6.7e-26	8.933e-26	1.117e-25	5.198e-23	1.303e-23	2.233e-26	0.0001466	4.607e-26	7.446e-27	5.462e-08	2.664e-18	4.625e-20	5.418e-20	0	0	0	0	0	0	0	0	0	0	0	0	0	0	0	0	0	0	0	0	0	0	0	7.905e+04	0	0	0	0	0	0	0	0	0	0	0	0	0	0	0	3.903e+05	0	0	0	0	0	0	0	0	0	0	0	0	0	0	0	0	0	0	0	0	0	0	0	
25253	1077.85611	3.45e+19	0	0	100000	1.957926	1.699e-19	1.974e-10	3.746e-14	7.195e-23	5.059e-09	1.962e+04	1305	3.034e-08	0.002276	2.192e-17	1.184e-10	0	6.617e-09	2.833e-26	4.251e-26	6.376e-26	8.501e-26	1.063e-25	1.493e-23	3.851e-24	2.125e-26	0.0001251	1.315e-26	7.087e-27	2.76e-08	9.466e-19	1.459e-20	1.758e-20	0	0	0	0	0	0	0	0	0	0	0	0	0	0	0	0	0	0	0	0	0	0	0	7.906e+04	0	0	0	0	0	0	0	0	0	0	0	0	0	0	0	3.918e+05	0	0	0	0	0	0	0	0	0	0	0	0	0	0	0	0	0	0	0	0	0	0	0	
25254	1061.30598	3.45e+19	0	0	100000	1.957926	4.649e-20	8.069e-11	1.302e-14	2.234e-23	2.299e-09	1.844e+04	1323	2.519e-08	0.001925	1.19e-17	6.364e-11	0	5.479e-09	2.663e-26	3.995e-26	5.993e-26	7.99e-26	9.988e-26	4.096e-24	1.093e-24	1.998e-26	0.0001055	4.44e-27	6.661e-27	1.349e-08	3.229e-19	4.39e-21	5.432e-21	0	0	0	0	0	0	0	0	0	0	0	0	0	0	0	0	0	0	0	0	0	0	0	7.906e+04	0	0	0	0	0	0	0	0	0	0	0	0	0	0	0	3.936e+05	0	0	0	0	0	0	0	0	0	0	0	0	0	0	0	0	0	0	0	0	0	0	0	
25255	1044.75585	3.45e+19	0	0	100000	1.957926	1.188e-20	3.138e-11	4.306e-15	6.67e-24	1.002e-09	1.703e+04	1319	2.084e-08	0.0016	6.295e-18	3.316e-11	0	4.521e-09	2.459e-26	3.689e-26	5.533e-26	7.378e-26	9.222e-26	1.066e-24	2.958e-25	1.844e-26	8.748e-05	4.1e-27	6.15e-27	6.345e-09	1.051e-19	1.25e-21	1.587e-21	0	0	0	0	0	0	0	0	0	0	0	0	0	0	0	0	0	0	0	0	0	0	0	7.906e+04	0	0	0	0	0	0	0	0	0	0	0	0	0	0	0	3.957e+05	0	0	0	0	0	0	0	0	0	0	0	0	0	0	0	0	0	0	0	0	0	0	0	
25256	1028.20572	3.45e+19	0	0	100000	1.957926	2.804e-21	1.149e-11	1.34e-15	1.896e-24	4.152e-10	1.531e+04	1283	1.705e-08	0.001297	3.216e-18	1.659e-11	0	3.688e-09	2.211e-26	3.316e-26	4.974e-26	6.633e-26	8.291e-26	2.602e-25	7.563e-26	1.658e-26	7.068e-05	3.686e-27	5.529e-27	2.84e-09	3.234e-20	3.332e-22	4.334e-22	0	0	0	0	0	0	0	0	0	0	0	0	0	0	0	0	0	0	0	0	0	0	0	7.907e+04	0	0	0	0	0	0	0	0	0	0	0	0	0	0	0	3.982e+05	0	0	0	0	0	0	0	0	0	0	0	0	0	0	0	0	0	0	0	0	0	0	0	
25257	1011.65559	3.45e+19	0	0	100000	1.957926	5.992e-22	3.885e-12	3.853e-16	5.043e-25	1.604e-10	1.318e+04	1198	1.359e-08	0.001008	1.56e-18	7.842e-12	0	2.93e-09	1.903e-26	2.855e-26	4.282e-26	5.709e-26	7.136e-26	5.853e-26	1.794e-26	1.427e-26	5.474e-05	3.173e-27	4.759e-27	1.189e-09	9.251e-21	8.162e-23	1.084e-22	0	0	0	0	0	0	0	0	0	0	0	0	0	0	0	0	0	0	0	0	0	0	0	7.907e+04	0	0	0	0	0	0	0	0	0	0	0	0	0	0	0	4.014e+05	0	0	0	0	0	0	0	0	0	0	0	0	0	0	0	0	0	0	0	0	0	0	0	
25258	995.10546	3.45e+19	0	0	100000	1.957926	1.114e-22	1.168e-12	9.855e-17	1.21e-25	5.571e-11	1.047e+04	1034	1.019e-08	0.0007243	6.929e-19	3.372e-12	0	2.188e-09	1.512e-26	2.269e-26	3.403e-26	4.537e-26	5.672e-26	1.167e-26	1.008e-26	1.134e-26	3.919e-05	2.522e-27	3.782e-27	4.481e-10	2.374e-21	1.767e-23	2.387e-23	0	0	0	0	0	0	0	0	0	0	0	0	0	0	0	0	0	0	0	0	0	0	0	7.907e+04	0	0	0	0	0	0	0	0	0	0	0	0	0	0	0	4.053e+05	0	0	0	0	0	0	0	0	0	0	0	0	0	0	0	0	0	0	0	0	0	0	0	
25259	978.55533	3.45e+19	0	0	100000	1.957926	1.621e-23	2.812e-13	2.018e-17	2.357e-26	1.566e-11	6932	744.7	6.487e-09	0.0004342	2.542e-19	1.189e-12	0	1.387e-09	1.001e-26	1.502e-26	2.252e-26	3.003e-26	3.754e-26	5.839e-27	6.673e-27	7.508e-27	2.339e-05	1.669e-27	2.503e-27	1.37e-10	4.937e-22	3.039e-24	4.152e-24	0	0	0	0	0	0	0	0	0	0	0	0	0	0	0	0	0	0	0	0	0	0	0	7.908e+04	0	0	0	0	0	0	0	0	0	0	0	0	0	0	0	4.103e+05	0	0	0	0	0	0	0	0	0	0	0	0	0	0	0	0	0	0	0	0	0	0	0	
25260	962.0052	3.45e+19	0	0	100000	1.957926	1.002e-24	2.946e-14	1.799e-18	4.658e-27	1.938e-12	2083	243.9	1.915e-09	0.0001184	4.196e-20	1.875e-13	0	4.077e-10	3.007e-27	4.511e-27	6.766e-27	9.022e-27	1.128e-26	1.754e-27	2.005e-27	2.255e-27	6.348e-06	5.014e-28	7.52e-28	1.848e-11	4.556e-23	2.257e-25	3.088e-25	0	0	0	0	0	0	0	0	0	0	0	0	0	0	0	0	0	0	0	0	0	0	0	7.908e+04	0	0	0	0	0	0	0	0	0	0	0	0	0	0	0	4.171e+05	0	0	0	0	0	0	0	0	0	0	0	0	0	0	0	0	0	0	0	0	0	0	0	
25261	945.45507	3.45e+19	0	0	100000	1.957926	0	0	0	0	0	0	0	0	0	0	0	0	0	0	0	0	0	0	0	0	0	0	0	0	0	0	0	0	4305	0	0	0	0	0	0	0	0	0	0	0	0	0	0	0	0	0	0	0	0	0	0	7.908e+04	0	0	0	0	0	0	0	0	0	0	0	0	0	0	0	4.175e+05	0	0	0	0	0	0	0	0	0	0	0	0	0	0	0	0	0	0	0	0	0	0	0	
25262	928.90494	3.45e+19	0	0	100000	1.957926	0	0	0	0	0	0	0	0	0	0	0	0	0	0	0	0	0	0	0	0	0	0	0	0	0	0	0	0	7665	0	0	0	0	0	0	0	0	0	0	0	0	0	0	0	0	0	0	0	0	0	0	7.909e+04	0	0	0	0	0	0	0	0	0	0	0	0	0	0	0	4.159e+05	0	0	0	0	0	0	0	0	0	0	0	0	0	0	0	0	0	0	0	0	0	0	0	
25263	912.35481	3.45e+19	0	0	100000	1.957926	0	0	0	0	0	0	0	0	0	0	0	0	0	0	0	0	0	0	0	0	0	0	0	0	0	0	0	0	9788	0	0	0	0	0	0	0	0	0	0	0	0	0	0	0	0	0	0	0	0	0	0	7.909e+04	0	0	0	0	0	0	0	0	0	0	0	0	0	0	0	4.145e+05	0	0	0	0	0	0	0	0	0	0	0	0	0	0	0	0	0	0	0	0	0	0	0	
25264	895.80468	3.45e+19	0	0	100000	1.957926	0	0	0	0	0	0	0	0	0	0	0	0	0	0	0	0	0	0	0	0	0	0	0	0	0	0	0	0	1.145e+04	0	0	0	0	0	0	0	0	0	0	0	0	0	0	0	0	0	0	0	0	0	0	7.909e+04	0	0	0	0	0	0	0	0	0	0	0	0	0	0	0	4.131e+05	0	0	0	0	0	0	0	0	0	0	0	0	0	0	0	0	0	0	0	0	0	0	0	
25265	879.25455	3.45e+19	0	0	100000	1.957926	0	0	0	0	0	0	0	0	0	0	0	0	0	0	0	0	0	0	0	0	0	0	0	0	0	0	0	0	1.295e+04	0	0	0	0	0	0	0	0	0	0	0	0	0	0	0	0	0	0	0	0	0	0	7.91e+04	0	0	0	0	0	0	0	0	0	0	0	0	0	0	0	4.117e+05	0	0	0	0	0	0	0	0	0	0	0	0	0	0	0	0	0	0	0	0	0	0	0	
25266	862.70442	3.45e+19	0	0	100000	1.957926	0	0	0	0	0	0	0	0	0	0	0	0	0	0	0	0	0	0	0	0	0	0	0	0	0	0	0	0	1.414e+04	0	0	0	0	0	0	0	0	0	0	0	0	0	0	0	0	0	0	0	0	0	0	7.91e+04	0	0	0	0	0	0	0	0	0	0	0	0	0	0	3920	4.067e+05	0	0	0	0	0	0	0	0	0	0	0	0	0	0	0	0	0	0	0	0	0	0	0	
25267	846.15429	3.45e+19	0	0	100000	1.957926	0	0	0	0	0	0	0	0	0	0	0	0	0	0	0	0	0	0	0	0	0	0	0	0	0	0	0	0	1.518e+04	0	0	0	0	0	0	0	0	0	0	0	0	0	0	0	0	0	0	0	0	0	0	7.91e+04	0	0	0	0	0	0	0	0	0	0	0	0	0	0	1.033e+04	3.992e+05	0	0	0	0	0	0	0	0	0	0	0	0	0	0	0	0	0	0	0	0	0	0	0	
25268	829.60416	3.45e+19	0	0	100000	1.957926	0	0	0	0	0	0	0	0	0	0	0	0	0	0	0	0	0	0	0	0	0	0	0	0	0	0	0	0	1.623e+04	0	0	0	0	0	0	0	0	0	0	0	0	0	0	0	0	0	0	0	0	0	0	7.91e+04	0	0	0	0	0	0	0	0	0	0	0	0	0	0	1.684e+04	3.917e+05	0	0	0	0	0	0	0	0	0	0	0	0	0	0	0	0	0	0	0	0	0	0	0	
25269	813.05403	3.45e+19	0	0	100000	1.957926	0	0	0	0	0	0	0	0	0	0	0	0	0	0	0	0	0	0	0	0	0	0	0	0	0	0	0	0	1.73e+04	0	0	0	0	0	0	0	0	0	0	0	0	0	0	0	0	0	0	0	0	0	0	7.911e+04	0	0	0	0	0	0	0	0	0	0	0	0	0	0	2.349e+04	3.84e+05	0	0	0	0	0	0	0	0	0	0	0	0	0	0	0	0	0	0	0	0	0	0	0	
25270	796.5039	3.45e+19	0	0	100000	1.957926	0	0	0	0	0	0	0	0	0	0	0	0	0	0	0	0	0	0	0	0	0	0	0	0	0	0	0	0	1.837e+04	0	0	0	0	0	0	0	0	0	0	0	0	0	0	0	0	0	0	0	0	0	0	7.911e+04	0	0	0	0	0	0	0	0	0	0	0	0	0	0	3.034e+04	3.761e+05	0	0	0	0	0	0	0	0	0	0	0	0	0	0	0	0	0	0	0	0	0	0	0	
25271	779.95377	3.45e+19	0	0	100000	1.957926	0	0	0	0	0	0	0	0	0	0	0	0	0	0	0	0	0	0	0	0	0	0	0	0	0	0	0	0	1.946e+04	0	0	0	0	0	0	0	0	0	0	0	0	0	0	0	0	0	0	0	0	0	0	7.911e+04	0	0	0	0	0	0	0	0	0	0	0	0	0	0	3.746e+04	3.679e+05	0	0	0	0	0	0	0	0	0	0	0	0	0	0	0	0	0	0	0	0	0	0	0	
25272	763.40364	3.45e+19	0	0	100000	1.957926	0	0	0	0	0	0	0	0	0	0	0	0	0	0	0	0	0	0	0	0	0	0	0	0	0	0	0	0	0	0	1.039e+05	0	0	0	0	0	0	0	0	0	0	0	0	0	0	0	0	0	0	0	0	0	0	0	0	0	0	0	0	0	0	0	0	0	0	0	2.213e+05	1.87e+05	0	0	0	0	0	0	0	0	0	0	0	0	0	0	0	0	0	0	0	0	0	0	0	
25273	746.85351	3.45e+19	0	0	100000	1.957926	0	0	0	0	0	0	0	0	0	0	0	0	0	0	0	0	0	0	0	0	0	0	0	0	0	0	0	0	777.1	0	1.039e+05	0	0	0	0	0	0	0	0	0	0	0	0	0	0	0	0	0	0	0	0	0	0	0	0	0	0	0	0	0	0	0	0	0	0	0	2.221e+05	1.855e+05	0	0	0	0	0	0	0	0	0	0	0	0	0	0	0	0	0	0	0	0	0	0	0	
25274	730.30338	3.45e+19	0	0	100000	1.957926	0	0	0	0	0	0	0	0	0	0	0	0	0	0	0	0	0	0	0	0	0	0	0	0	0	0	0	0	0	0	1.039e+05	0	0	0	0	0	0	0	0	0	0	2.272e+04	0	0	0	0	0	0	0	0	0	0	0	0	0	0	0	0	0	0	0	0	0	0	0	0	2.133e+05	1.757e+05	0	0	0	0	0	0	0	0	0	0	0	0	0	0	0	0	0	0	0	0	0	0	0	
25275	713.75325	3.45e+19	0	0	100000	1.957926	0	0	0	0	0	0	0	0	0	0	0	0	0	0	0	0	0	0	0	0	0	0	0	0	0	0	0	0	0	0	1.039e+05	0	0	0	0	0	0	0	0	0	0	5.528e+04	0	0	0	0	0	0	0	0	0	0	0	0	0	0	0	0	0	0	0	0	0	0	0	0	1.941e+05	1.673e+05	0	0	0	0	0	0	0	0	0	0	0	0	0	0	0	0	0	0	0	0	0	0	0	
25276	697.20312	3.45e+19	0	0	100000	1.957926	0	0	0	0	0	0	0	0	0	0	0	0	0	0	0	0	0	0	0	0	0	0	0	0	0	0	0	0	0	0	1.039e+05	0	0	0	0	0	0	0	0	0	0	6.786e+04	0	0	0	0	0	0	0	0	0	0	0	0	0	0	0	0	0	0	0	0	0	0	0	0	1.842e+05	1.665e+05	0	0	0	0	0	0	0	0	0	0	0	0	0	0	0	0	0	0	0	0	0	0	0	
25277	680.65299	3.45e+19	0	0	100000	1.957926	0	0	0	0	0	0	0	0	0	0	0	0	0	0	0	0	0	0	0	0	0	0	0	0	0	0	0	0	0	0	1.039e+05	0	0	0	0	0	0	0	0	0	0	7.292e+04	0	0	0	0	0	0	0	0	0	0	0	0	0	0	0	0	0	0	0	0	0	0	0	0	1.797e+05	1.667e+05	0	0	0	0	0	0	0	0	0	0	0	0	0	0	0	0	0	0	0	0	0	0	0	
25278	664.10286	3.45e+19	0	0	100000	1.957926	0	0	0	0	0	0	0	0	0	0	0	0	0	0	0	0	0	0	0	0	0	0	0	0	0	0	0	0	0	0	1.039e+05	0	0	0	0	0	0	0	0	0	0	7.494e+04	0	0	0	0	0	0	0	0	0	0	0	0	0	0	0	0	0	0	0	0	0	0	0	0	1.776e+05	1.671e+05	0	0	0	0	0	0	0	0	0	0	0	0	0	0	0	0	0	0	0	0	0	0	0	
25279	647.55273	3.45e+19	0	0	100000	1.957926	0	0	0	0	0	0	0	0	0	0	0	0	0	0	0	0	0	0	0	0	0	0	0	0	0	0	0	0	0	0	1.039e+05	0	0	0	0	0	0	0	0	0	0	7.57e+04	0	0	0	0	0	0	0	0	0	0	0	0	0	0	0	0	0	0	0	0	0	0	0	0	1.763e+05	1.678e+05	0	0	0	0	0	0	0	0	0	0	0	0	0	0	0	0	0	0	0	0	0	0	0	
25280	631.0026	3.45e+19	0	0	100000	1.957926	0	0	0	0	0	0	0	0	0	0	0	0	0	0	0	0	0	0	0	0	0	0	0	0	0	0	0	0	0	0	1.039e+05	0	0	0	0	0	0	0	0	0	0	7.597e+04	0	0	0	0	0	0	0	0	0	0	0	0	0	0	0	0	0	0	0	0	0	0	0	0	1.753e+05	1.686e+05	0	0	0	0	0	0	0	0	0	0	0	0	0	0	0	0	0	0	0	0	0	0	0	
25281	614.45247	3.45e+19	0	0	100000	1.957926	0	0	0	0	0	0	0	0	0	0	0	0	0	0	0	0	0	0	0	0	0	0	0	0	0	0	0	0	0	0	1.039e+05	0	0	0	0	0	0	0	0	0	0	7.605e+04	0	0	0	0	0	0	0	0	0	0	0	0	0	0	0	0	0	0	0	0	0	0	0	0	1.743e+05	1.696e+05	0	0	0	0	0	0	0	0	0	0	0	0	0	0	0	0	0	0	0	0	0	0	0	
25282	597.90234	3.45e+19	0	0	100000	1.957926	0	0	0	0	0	0	0	0	0	0	0	0	0	0	0	0	0	0	0	0	0	0	0	0	0	0	0	0	0	0	1.039e+05	0	0	0	0	0	0	0	0	0	0	7.607e+04	0	0	0	0	0	0	0	0	0	0	0	0	0	0	0	0	0	0	0	0	0	0	0	0	1.583e+05	1.731e+05	0	0	0	1.254e+04	0	0	0	0	0	0	0	0	0	0	0	0	0	0	0	0	0	0	0	
25283	581.35221	3.45e+19	0	0	100000	1.957926	0	0	0	0	0	0	0	0	0	0	0	0	0	0	0	0	0	0	0	0	0	0	0	0	0	0	0	0	0	0	1.039e+05	0	0	0	0	0	0	0	0	0	0	7.608e+04	0	0	0	0	0	0	0	0	0	0	0	0	0	0	0	0	0	0	0	0	0	0	0	0	1.381e+05	1.771e+05	0	0	0	2.863e+04	0	0	0	0	0	0	0	0	0	0	0	0	0	0	0	0	0	0	0	
25284	564.80208	3.45e+19	0	0	100000	1.957926	0	0	0	0	0	0	0	0	0	0	0	0	0	0	0	0	0	0	0	0	0	0	0	0	0	0	0	0	0	0	1.039e+05	0	0	0	0	0	0	0	0	0	0	7.608e+04	0	0	0	0	0	0	0	0	0	0	0	0	0	0	0	0	0	0	0	0	0	0	0	0	1.205e+05	1.805e+05	0	0	0	4.28e+04	0	0	0	0	0	0	0	0	0	0	0	0	0	0	0	0	0	0	0	
25285	548.25195	3.45e+19	0	0	100000	1.957926	0	0	0	0	0	0	0	0	0	0	0	0	0	0	0	0	0	0	0	0	0	0	0	0	0	0	0	0	0	0	1.039e+05	0	0	0	0	0	0	0	0	0	0	7.608e+04	0	0	0	0	0	0	0	0	0	0	0	0	0	0	0	0	0	0	0	0	0	0	0	0	1.051e+05	1.834e+05	0	0	0	5.536e+04	0	0	0	0	0	0	0	0	0	0	0	0	0	0	0	0	0	0	0	
25286	531.70182	3.45e+19	0	0	100000	1.957926	0	0	0	0	0	0	0	0	0	0	0	0	0	0	0	0	0	0	0	0	0	0	0	0	0	0	0	0	0	0	1.039e+05	0	0	0	0	0	0	0	0	0	0	7.608e+04	0	0	0	0	0	0	0	0	0	0	0	0	0	0	0	0	0	0	0	0	0	0	0	0	9.143e+04	1.859e+05	0	0	0	6.659e+04	0	0	0	0	0	0	0	0	0	0	0	0	0	0	0	0	0	0	0	
25287	515.15169	3.45e+19	0	0	100000	1.957926	0	0	0	0	0	0	0	0	0	0	0	0	0	0	0	0	0	0	0	0	0	0	0	0	0	0	0	0	0	0	1.039e+05	0	0	0	0	0	0	0	0	0	0	7.608e+04	0	0	0	0	0	0	0	0	0	0	0	0	0	0	0	0	0	0	0	0	0	0	0	0	7.928e+04	1.879e+05	0	0	0	7.672e+04	0	0	0	0	0	0	0	0	0	0	0	0	0	0	0	0	0	0	0	
25288	498.60156	3.45e+19	0	0	100000	1.957926	0	0	0	0	0	0	0	0	0	0	0	0	0	0	0	0	0	0	0	0	0	0	0	0	0	0	0	0	0	0	1.039e+05	0	0	0	0	0	0	0	0	0	0	7.608e+04	0	0	0	0	0	0	0	0	0	0	0	0	0	0	0	0	0	0	0	0	0	0	0	0	6.837e+04	1.896e+05	0	0	0	8.591e+04	0	0	0	0	0	0	0	0	0	0	0	0	0	0	0	0	0	0	0	
25289	482.05143	3.45e+19	0	0	100000	1.957926	0	0	0	0	0	0	0	0	0	0	0	0	0	0	0	0	0	0	0	0	0	0	0	0	0	0	0	0	0	0	1.039e+05	0	0	0	0	0	0	0	0	0	0	7.608e+04	0	0	0	0	0	0	0	0	0	0	0	0	0	0	0	0	0	0	0	0	0	0	0	0	5.851e+04	1.911e+05	0	0	0	9.431e+04	0	0	0	0	0	0	0	0	0	0	0	0	0	0	0	0	0	0	0	
25290	465.5013	3.45e+19	0	0	100000	1.957926	0	0	0	0	0	0	0	0	0	0	0	0	0	0	0	0	0	0	0	0	0	0	0	0	0	0	0	0	0	0	1.039e+05	0	0	0	0	0	0	0	0	0	0	7.608e+04	0	0	0	0	0	0	0	0	0	0	0	0	0	0	0	0	0	0	0	0	0	0	0	0	4.957e+04	1.924e+05	0	0	0	1.02e+05	0	0	0	0	0	0	0	0	0	0	0	0	0	0	0	0	0	0	0	
25291	448.95117	3.45e+19	0	0	100000	1.957926	0	0	0	0	0	0	0	0	0	0	0	0	0	0	0	0	0	0	0	0	0	0	0	0	0	0	0	0	0	0	1.04e+05	0	0	0	0	0	0	0	0	0	0	7.608e+04	0	0	0	0	0	0	0	0	0	0	0	0	0	0	0	0	0	0	0	0	0	0	0	0	4.145e+04	1.934e+05	0	0	0	1.091e+05	0	0	0	0	0	0	0	0	0	0	0	0	0	0	0	0	0	0	0	
25292	432.40104	3.45e+19	0	0	100000	1.957926	0	0	0	0	0	0	0	0	0	0	0	0	0	0	0	0	0	0	0	0	0	0	0	0	0	0	0	0	0	0	2.678e+04	0	0	0	0	0	0	0	0	0	0	7.608e+04	0	0	0	0	0	0	0	0	0	0	0	0	0	0	0	0	0	0	0	0	0	0	0	0	1.375e+05	1.82e+05	0	0	0	0	0	0	0	0	0	0	0	0	0	0	0	0	0	0	0	0	0	0	0	
25293	415.85091	3.45e+19	0	0	100000	1.957926	0	0	0	0	0	0	0	0	0	0	0	0	0	0	0	0	0	0	0	0	0	0	0	0	0	0	0	0	0	0	0	0	0	0	0	0	0	0	0	0	0	0	0	0	0	0	0	0	0	0	0	0	0	0	0	0	0	0	0	0	0	0	0	0	0	0	0	0	0	0	0	0	0	0	0	0	0	0	0	0	0	0	0	0	0	0	0	0	0	0	0	
