{
    "N_AVOG": 6.022141e+23,
    "N_BOLT": 1.380649e-23,
    "FISSION_ENERGY": 3.215e-11,
    "FISSION_RATE": 4.658276861724686e+19,
    "FUEL_THERMAL_CONDUCTIVITY": 6.60577666127946,
    "FISSION_YIELD": 0.15214784138091922,
    "LENGTH": 0.00010056505193702385,
    "RADIUS": 1.8785222214563675e-05,
    "T_BC": 1721.8252038146554,
    "Maximum cur_err_bounds": 0.002580804315609868,
    "TIME_ELAPSED": 206462.2104716301,
    "COST_FO": 617.7768225669861,
    "COST_POD": 633.7364258766174,
    "COST_EB": 205210.64264702797
}