{
    "N_AVOG": 6.022141e+23,
    "N_BOLT": 1.380649e-23,
    "FISSION_ENERGY": 3.215e-11,
    "FISSION_RATE": 1.953880687095065e+19,
    "FUEL_THERMAL_CONDUCTIVITY": 1.2281835929767144,
    "FISSION_YIELD": 0.07667894007993693,
    "LENGTH": 0.001268369164235876,
    "RADIUS": 1.81055782813769e-05,
    "T_BC": 830.898823533455,
    "Maximum cur_err_bounds": 0.046985506464931055,
    "TIME_ELAPSED": 3976.149926662445,
    "COST_FO": 43.872700929641724,
    "COST_POD": 41.197954177856445,
    "COST_EB": 3891.0755982398987
}