{
    "N_AVOG": 6.022141e+23,
    "N_BOLT": 1.380649e-23,
    "FISSION_ENERGY": 3.215e-11,
    "FISSION_RATE": 4.080181709929329e+19,
    "FUEL_THERMAL_CONDUCTIVITY": 5.460060330538037,
    "FISSION_YIELD": 0.26786370590062325,
    "LENGTH": 0.00010435455588533849,
    "RADIUS": 1.9850954424602096e-05,
    "T_BC": 305.2071906183731,
    "Maximum cur_err_bounds": 0.0011742595678434864,
    "TIME_ELAPSED": 1415173.2207455635,
    "COST_FO": 4222.111447811127,
    "COST_POD": 4334.196954488754,
    "COST_EB": 1406616.55006814
}