{
    "N_AVOG": 6.022141e+23,
    "N_BOLT": 1.380649e-23,
    "FISSION_ENERGY": 3.215e-11,
    "FISSION_RATE": 2.0297747703950307e+19,
    "FUEL_THERMAL_CONDUCTIVITY": 5.06653966754963,
    "FISSION_YIELD": 0.12363544317956265,
    "LENGTH": 0.0001250686505813901,
    "RADIUS": 1.8239233402523087e-05,
    "T_BC": 922.1535774711061,
    "Maximum cur_err_bounds": 0.005415870033089434,
    "TIME_ELAPSED": 23531.217255830765,
    "COST_FO": 87.94589328765869,
    "COST_POD": 89.38330149650574,
    "COST_EB": 23353.880623340607
}