{
    "N_AVOG": 6.022141e+23,
    "N_BOLT": 1.380649e-23,
    "FISSION_ENERGY": 3.215e-11,
    "FISSION_RATE": 4.658276861724686e+19,
    "FUEL_THERMAL_CONDUCTIVITY": 6.60577666127946,
    "FISSION_YIELD": 0.15214784138091922,
    "LENGTH": 0.00010056505193702385,
    "RADIUS": 1.8785222214563675e-05,
    "T_BC": 1721.8252038146554,
    "Maximum cur_err_bounds": 5.724106683961374,
    "TIME_ELAPSED": 167.15797352790833,
    "COST_FO": 3.7779622077941895,
    "COST_POD": 3.402109146118164,
    "COST_EB": 159.97759628295898
}