{
    "N_AVOG": 6.022141e+23,
    "N_BOLT": 1.380649e-23,
    "FISSION_ENERGY": 3.215e-11,
    "FISSION_RATE": 4.634671387047633e+19,
    "FUEL_THERMAL_CONDUCTIVITY": 1.2775748000206806,
    "FISSION_YIELD": 0.11560256988110751,
    "LENGTH": 0.0012798386761808081,
    "RADIUS": 7.884374190282412e-06,
    "T_BC": 320.1849355262804,
    "Maximum cur_err_bounds": 0.08192626921735502,
    "TIME_ELAPSED": 2842.294365167618,
    "COST_FO": 36.689783811569214,
    "COST_POD": 34.412601709365845,
    "COST_EB": 2771.1889085769653
}