trial,trial_label,case,T,burnup,fission_rate,f_n,K_d,rho_d,Dv_dislocation_scale,Dg_dislocation_scale,NGF_AREAL_0,DT_H,N_MODES,label,xe_diffusivity_mode,vacancy_diffusivity_mode,rho_d_eff,c,mb,md,Nb,Nd,Rb_nm,Rd_nm,swelling_b_percent,swelling_d_percent,swelling_ig_percent,swelling_gf_percent,swelling_total_gas_percent,Ngf_areal,Ngf_vol,Rgf_nm,Fc_gf,p_gf,p_gf_eq,p_gf_over_eq,p_b,p_b_eq,p_d,p_d_eq,p_b_over_eq,p_d_over_eq,matrix_gas_percent,bulk_gas_percent,dislocation_gas_percent,qgb_gas_percent,grainface_gas_percent,release_gas_percent,q_gb,q_gf,q_rel,generated,retained,lambda_d,nu_b,phi_b,phi_d,f_cap_step,cap_raw_step,capture_fraction_sum,capture_raw_sum,capture_bubbles_cumulative,max_f_cap_step,time,burnup_percent_fima,rho_d_next,delta_Nd_rho,Vb,Vd,Rb,Rd,nvb,nvd,retained_ig,swelling_b,swelling_d,swelling_gf,swelling_ig,swelling_total_gas,ng_gf,nv_gf,V_gf,R_gf,A_gf,zeta_gf,gf_saturated,Dg,Dv,Dv_dislocation,Dv_gb,beta,rho_d_old,g_b,g_d,b_b,b_d,b_b_gas,b_d_gas,dVd_growth_dt,dnvb_dt,dnvd_dt,dnv_gf_dt,dA_gf_dt,dNgf_dt,dq_gf_in_step,dq_rel_step,nvb_seed_added,nvd_seed_added,bulk_first_gas_seed_applied,dislocation_first_gas_seed_applied,first_gas_pressure_factor,seed_pressure_factor,seed_gas_atoms_per_bubble,D1_Xe,D2_Xe,D2_Xe_scaled,D3_Xe,Dg_lookup_base,D1_Xe_i_2023,D2_Xe_i0_2023,D2_Xe_i1_2023,D1_XeVU_2023,D2_XeVU_2023,Dg_D1_scaled,Dg_D3_scaled,D2_Xe_over_Dg_unscaled,Dg_dislocation,Dv1,Dv2,Dv_lookup_base,Dv_nonthermal_effective,Dv1_scaled,Dv2_scaled,A20_vU_active,Gamma_d,den,free_dislocation,term_bubbles,term_dislocation,term_bubbles_scaled,term_dislocation_scaled,g_b_unscaled,g_d_unscaled,USE_WS_GAS_TRAPPING_BULK,USE_WS_GAS_TRAPPING_DISLOCATION,ws_bulk_factor,ws_bulk_factor_raw,ws_bulk_delta,ws_bulk_x,ws_bulk_zeta,ws_dislocation_factor,ws_dislocation_factor_raw,ws_dislocation_delta,ws_dislocation_x,ws_dislocation_zeta,psi_b,psi_d,porosity_b,porosity_d,valid_single_size,experiment_case,linear_power_kW_m,fuel_diameter_mm,fission_rate_case,fuel_description,swelling_bulk,matrix_gas,bulk_gas,dislocation_gas,grainface_gas,FGR,Ngf,Rgf,status,error
40,TRIAL_040,ANP6,900.0,3.2,7.76068019011021e+19,1.062311996090433e-06,758842.2102745409,10336485574633.084,10.755588130453074,23.775760767576156,18178028235672.35,1.0,40,TRIAL_040_ANP6,rizk2025_refit_plot,rizk2025_refit_full,10336485574633.084,6.760285878281133e+23,1.6811499962722187e+26,4.0420206112343146e+25,5.775048930352321e+22,7.664743494532524e+18,4.205988924745195,56.35560690065768,1.799901139149836,0.5746423482412634,2.3745434873910995,0.45625519860015223,2.8307986859912515,9421162109714.383,2.3552905274285957e+18,116.06865687168519,0.2929648101040818,1272542591109.9363,19126610.575447835,66532.57178474973,563180670.2926391,527818793.5633928,217360002.7053208,39392708.58910921,1.0669962440907275,5.517772463237364,0.25716032275601053,63.950709101158964,15.375789481195028,20.416341094889997,20.416341094889997,0.0,5.367091661372154e+25,5.367091661372154e+25,0.0,2.6288215094111468e+26,2.6288215094111468e+26,1.0145155773424492,4952631555770540.0,0.00034363809777306753,1.8962690637985207e-07,1.8898391692343554e-07,1.8898391692343554e-07,0.006550487038401176,0.006550487038401176,5.658495364135942e+19,7.761803973154402e-06,14113998.628416095,3.2,10336485574633.084,0.0,3.116685522247218e-25,7.4972156426522535e-22,4.205988924745195e-09,5.635560690065769e-08,1.2696511058278801e+26,7.909418668098601e+25,2.0921123432739313e+26,0.01799901139149836,0.5746423482412634,0.45625519860015223,0.023745434873910995,0.028307986859912516,22787386.943859164,7616.367161108012,1.937150399438289e-21,1.160686568716852e-07,3.1096462059813076e-14,0.1353591047201252,0.0,9.229586270335752e-19,5.911994148657879e-25,6.3586974092612706e-24,5.119872410101689e-28,1.8625632456264503e+19,10336485574633.084,0.0029573580676008305,0.00032996682859769903,1.1807236269088018e-05,5.518528940814092e-06,1.1807236269088018e-05,5.518528940814092e-06,1.0439202169959297e-29,1.096019768783017e+19,2.718151491199182e+18,0.0009733166038720205,2.3419785947262673e-21,-298997.80430657393,8.713869511335178e+21,0.0,0.0,0.0,0.0,0.0,0.3333333333333333,0.3333333333333333,2.0,2.4966082885114063e-31,1.1115015552558786e-24,0.0,9.229586270333256e-19,,0.0,0.0,0.0,0.0,0.0,2.4966082885114063e-31,9.229586270333256e-19,1.2042810183467137e-06,2.194404351472083e-17,5.119872410101689e-34,5.911994143538007e-25,,,5.119872410101689e-34,5.911994143538007e-25,,1.754844392274209e-07,4.019428965094406,9472590842557.074,5.028497786336691e-06,0.00032493833081136234,5.028497786336691e-06,0.00032493833081136234,0.0029573580676008305,0.00032996682859769903,False,False,1.0,1.638215358711408,1.6050017892865794e-08,0.2751385626929398,0.5977063195872441,1.0,1.35589650260146,3.146331616952266e-07,0.17978098845219112,0.7332338863060729,0.26206934139374677,0.1791152414012297,0.01799901139149836,0.005746423482412634,True,ANP6,125.0,8.0,7.76068019011021e+19,$(U_{0.8}Pu_{0.2})N$,1.799901139149836,0.25716032275601053,63.950709101158964,15.375789481195028,20.416341094889997,0.0,2.3552905274285957e+18,1.160686568716852e-07,ok,
40,TRIAL_040,ANP6,950.0,3.2,7.76068019011021e+19,1.062311996090433e-06,758842.2102745409,10336485574633.084,10.755588130453074,23.775760767576156,18178028235672.35,1.0,40,TRIAL_040_ANP6,rizk2025_refit_plot,rizk2025_refit_full,10336485574633.084,6.730601297199427e+23,1.6836408318764832e+26,4.0382205514596e+25,5.7259862354484175e+22,7.625159640643033e+18,4.250683082700121,60.370528472608264,1.8421080003225767,0.7027688165826442,2.544876816905221,0.4547829897747894,2.99965980668001,9433044211440.09,2.3582610528600223e+18,115.89497959199248,0.29245710703130784,200825744274.79028,19155273.229396954,10484.097087510596,537279746.3565971,522268999.31335527,147324095.48479125,36772909.83144654,1.0287414092411706,4.006321396921553,0.256031125472154,64.04546013675979,15.361334107328409,20.33717463043964,20.33717463043964,0.0,5.346280210915042e+25,5.346280210915042e+25,0.0,2.6288215094111468e+26,2.6288215094111468e+26,1.017793301322074,4909233233579042.0,0.00034021343128517475,1.8882517928429122e-07,2.794023740140578e-07,2.794023740140578e-07,0.008003632688746739,0.008003632688746739,7.925684072419706e+19,8.793706519343132e-06,14113998.628416095,3.2,10336485574633.084,0.0,3.2171016914404375e-25,9.216447257534131e-22,4.2506830827001215e-09,6.037052847260827e-08,1.4068757628782211e+26,1.2306173077016284e+26,2.0941934883196425e+26,0.018421080003225766,0.7027688165826442,0.4547829897747894,0.02544876816905221,0.029996598066800103,22670434.235562038,50681.238724025345,1.92846754273978e-21,1.1589497959199249e-07,3.1003470404243984e-14,0.1357929500136847,0.0,9.229586270408242e-19,1.654156910152138e-24,1.7791430428739268e-23,2.2845010932250072e-26,1.8625632456264503e+19,10336485574633.084,0.002961910683185341,0.00032834870583014304,1.175567560140596e-05,5.472683133103499e-06,1.175567560140596e-05,5.472683133103499e-06,1.5556153198524882e-29,1.2109628182468948e+19,4.0612123473794284e+18,0.006471840766909248,2.3336340177088304e-21,-298829.88176285574,8.678287248768761e+21,0.0,0.0,0.0,0.0,0.0,0.3333333333333333,0.3333333333333333,2.0,7.498646671560408e-30,4.1448101342312676e-23,0.0,9.229586270333256e-19,,0.0,0.0,0.0,0.0,0.0,7.498646671560408e-30,9.229586270333256e-19,4.490786491178152e-05,2.1944043514893182e-17,2.284501093225007e-32,1.6541568873071272e-24,,,2.284501093225007e-32,1.6541568873071272e-24,,1.754844392274209e-07,4.019428965094406,9415825725435.52,5.3575891113489074e-06,0.00032299111671879415,5.3575891113489074e-06,0.00032299111671879415,0.002961910683185341,0.00032834870583014304,False,False,1.0,1.6450614059540387,1.6095728608059267e-08,0.2771339624711035,0.5949414484607544,1.0,1.3882099722201267,3.15176632019558e-07,0.19220909578400217,0.7152368750807014,0.26410200375721893,0.1915450033944584,0.018421080003225766,0.007027688165826443,True,ANP6,125.0,8.0,7.76068019011021e+19,$(U_{0.8}Pu_{0.2})N$,1.8421080003225767,0.256031125472154,64.04546013675979,15.361334107328409,20.33717463043964,0.0,2.3582610528600223e+18,1.1589497959199249e-07,ok,
40,TRIAL_040,ANP6,1000.0,3.2,7.76068019011021e+19,1.062311996090433e-06,758842.2102745409,10336485574633.084,10.755588130453074,23.775760767576156,18178028235672.35,1.0,40,TRIAL_040_ANP6,rizk2025_refit_plot,rizk2025_refit_full,10336485574633.084,6.707597616489854e+23,1.6855530347189147e+26,4.035918119876966e+25,5.686698749364369e+22,7.574994398330902e+18,4.2864970730884435,64.85293508489775,1.8761019123442537,0.8654855736346765,2.74158748597893,0.454949292887876,3.196536778866806,9431594191854.066,2.3578985479635164e+18,115.91504420845015,0.29251340936826087,38213957177.004036,19151957.497490764,1995.302943942452,524865237.9285091,517905404.3773039,106658486.20767799,34231295.73231867,1.0134384261920828,3.1158179649909923,0.25515606869757956,64.11820006358958,15.352575690013307,20.274068177699522,20.274068177699522,0.0,5.329690650880456e+25,5.329690650880456e+25,0.0,2.6288215094111468e+26,2.6288215094111468e+26,1.021977947404543,4875734089889215.0,0.0003374949070817636,1.8768998682656385e-07,3.8663160119497634e-07,3.8663160119497634e-07,0.009845294426635957,0.009845294426635957,1.068306106555555e+20,1.0031285456686127e-05,14113998.628416095,3.2,10336485574633.084,0.0,3.2991055004521827e-25,1.142556057632703e-21,4.286497073088444e-09,6.485293508489775e-08,1.5176714831170881e+26,1.7882576577300107e+26,2.095852444323101e+26,0.018761019123442538,0.8654855736346765,0.454949292887876,0.027415874859789302,0.03196536778866806,22603562.207897514,279536.1869304071,1.9294693288683232e-21,1.1591504420845015e-07,3.1014206444643316e-14,0.13574477038668764,0.0,9.229586271935955e-19,4.1078364398687146e-24,4.4182196854494557e-23,6.972208708889678e-25,1.8625632456264503e+19,10336485574633.084,0.0029652057538448687,0.0003265856308829558,1.1714883986638689e-05,5.428049134604738e-06,1.1714883986638689e-05,5.428049134604738e-06,2.170180446378134e-29,1.305444567306036e+19,5.658342693083252e+18,0.035703500673502774,2.335855899050578e-21,-299006.4011582803,8.650660258940212e+21,0.0,0.0,0.0,0.0,0.0,0.3333333333333333,0.3333333333333333,2.0,1.6026995865756309e-28,5.19276648232866e-22,0.0,9.229586270333256e-19,,0.0,0.0,0.0,0.0,0.0,1.6026995865756309e-28,9.229586270333256e-19,0.000562621804415882,2.1944043518525436e-17,6.972208708889678e-31,4.1078357426478436e-24,,,6.972208708889678e-31,4.1078357426478436e-24,,1.754844392274209e-07,4.019428965094406,9353976162444.945,5.716139978118922e-06,0.0003208694909048369,5.716139978118922e-06,0.0003208694909048369,0.0029652057538448687,0.0003265856308829558,False,False,1.0,1.6505292732006682,1.613271017917458e-08,0.2787186370025795,0.59274804474998,1.0,1.425446009742089,3.1587081221048744e-07,0.20597682582299492,0.6954041943023845,0.2657166746194222,0.2053146525193443,0.018761019123442538,0.008654855736346764,True,ANP6,125.0,8.0,7.76068019011021e+19,$(U_{0.8}Pu_{0.2})N$,1.8761019123442537,0.25515606869757956,64.11820006358958,15.352575690013307,20.274068177699522,0.0,2.3578985479635164e+18,1.1591504420845017e-07,ok,
40,TRIAL_040,ANP6,1050.0,3.2,7.76068019011021e+19,1.062311996090433e-06,758842.2102745409,10336485574633.084,10.755588130453074,23.775760767576156,18178028235672.35,1.0,40,TRIAL_040_ANP6,rizk2025_refit_plot,rizk2025_refit_full,10336485574633.084,6.687598061661711e+23,1.6873786779258062e+26,4.032349580678488e+25,5.652004852918218e+22,7.5149164420837e+18,4.318626090181565,69.59068425855953,1.90690012753036,1.0608795691213677,2.967779696651728,0.46083173917296755,3.428611435824695,9383938889349.209,2.345984722337302e+18,116.60922612783357,0.29453171098905384,8524084816.698615,19037944.71259343,447.74186212758616,517565668.5397548,514052375.37169284,81400631.76942295,31900821.54892656,1.0068345042964184,2.55167822698792,0.25439528844846243,64.18764727407367,15.339001017158179,20.2189564203197,20.2189564203197,0.0,5.3152027535583035e+25,5.3152027535583035e+25,0.0,2.6288215094111468e+26,2.6288215094111468e+26,1.0270357900302831,4846703170097028.0,0.00033507215595524623,1.863662436860204e-07,5.074319897454321e-07,5.074319897454321e-07,0.012057236738481853,0.012057236738481853,1.3866036987385466e+20,1.1470111347272655e-05,14113998.628416095,3.2,10336485574633.084,0.0,3.37384729340032e-25,1.4116984231260624e-21,4.318626090181566e-09,6.959068425855954e-08,1.617780355410755e+26,2.458118761397134e+26,2.0973012340553164e+26,0.0190690012753036,1.0608795691213677,0.46083173917296755,0.02967779696651728,0.03428611435824695,22656595.769569945,1318922.7368208559,1.9643424562195844e-21,1.1660922612783356e-07,3.1386789115106876e-14,0.13402878094707033,0.0,9.229586295923071e-19,9.230255568932457e-24,9.927682723825832e-23,1.5366002896313798e-23,1.8625632456264503e+19,10336485574633.084,0.0029681735705332996,0.0003247779488258174,1.1678680023666542e-05,5.386987209218738e-06,1.1678680023666542e-05,5.386987209218738e-06,2.870148167624568e-29,1.3918869583240253e+19,7.450602003680702e+18,0.16900849875226523,2.3750619924424445e-21,-300379.5966356645,8.626628658940351e+21,0.0,0.0,0.0,0.0,0.0,0.3333333333333333,0.3333333333333333,2.0,2.558981501392922e-27,2.8205305937173354e-21,0.0,9.229586270333256e-19,,0.0,0.0,0.0,0.0,0.0,2.558981501392922e-27,9.229586270333256e-19,0.0030559664358555606,2.1944043575556628e-17,1.5366002896313797e-29,9.230240202929561e-24,,,1.5366002896313797e-29,9.230240202929561e-24,,1.754844392274209e-07,4.019428965094406,9290562470322.068,6.0837372895524585e-06,0.0003186942115362649,6.0837372895524585e-06,0.0003186942115362649,0.0029681735705332996,0.0003247779488258174,False,False,1.0,1.6554507118238402,1.6165652113359735e-08,0.28013815314884644,0.590785025104596,1.0,1.4661270228671839,3.167102763148247e-07,0.2203896893551629,0.674767807557101,0.26716279763605255,0.21972966582504266,0.0190690012753036,0.010608795691213677,True,ANP6,125.0,8.0,7.76068019011021e+19,$(U_{0.8}Pu_{0.2})N$,1.90690012753036,0.25439528844846243,64.18764727407367,15.339001017158179,20.2189564203197,0.0,2.345984722337302e+18,1.1660922612783357e-07,ok,
40,TRIAL_040,ANP6,1100.0,3.2,7.76068019011021e+19,1.062311996090433e-06,758842.2102745409,10336485574633.084,10.755588130453074,23.775760767576156,18178028235672.35,1.0,40,TRIAL_040_ANP6,rizk2025_refit_plot,rizk2025_refit_full,10336485574633.084,6.66900287972322e+23,1.6892878175803566e+26,4.02674410611882e+25,5.619688592507889e+22,7.446035291389452e+18,4.3492669075227175,74.4219001284672,1.9366406391727133,1.2856298934468677,3.2222705326195813,0.48774423102315306,3.710014763642734,9173404964760.867,2.2933512411902167e+18,119.73865281934214,0.3035850383467172,2171394771.6579547,18540378.964756396,117.1170651789579,512344565.7529472,510430848.9690925,64826725.73342399,29829929.041959867,1.0037492185037793,2.1732108595443305,0.2536879303462893,64.26027067766785,15.317677870875329,20.168363521110543,20.168363521110543,0.0,5.301902783391853e+25,5.301902783391853e+25,0.0,2.6288215094111468e+26,2.6288215094111468e+26,1.0328982314183204,4819788810100218.0,0.00033277904720314667,1.8491514202160188e-07,6.378470627902646e-07,6.378470627902646e-07,0.014607589437204393,0.014607589437204393,1.739399710651546e+20,1.3110769834819234e-05,14113998.628416095,3.2,10336485574633.084,0.0,3.4461707393442096e-25,1.7265965619764952e-21,4.349266907522718e-09,7.442190012846721e-08,1.7140258338302977e+26,3.229057601451651e+26,2.0986312310719615e+26,0.019366406391727133,1.2856298934468677,0.48774423102315306,0.03222270532619581,0.03710014763642734,23118581.611773696,5534753.008346108,2.126775097782321e-21,1.1973865281934214e-07,3.3094040818313645e-14,0.12659082721118053,0.0,9.229586587946777e-19,1.9057338427981425e-23,2.0497288299402426e-22,2.556484784617257e-22,1.8625632456264503e+19,10336485574633.084,0.0029711706295278374,0.00032300032194657426,1.1644492051999156e-05,5.350389626000447e-06,1.1644492051999156e-05,5.350389626000447e-06,3.6329177200615655e-29,1.4756139232118833e+19,9.36677474462263e+18,0.7193118445951642,2.5530100990464498e-21,-305910.54146702605,8.604294027182296e+21,0.0,0.0,0.0,0.0,0.0,0.3333333333333333,0.3333333333333333,2.0,3.1761352235744896e-26,8.043227546416823e-21,0.0,9.229586270333256e-19,,0.0,0.0,0.0,0.0,0.0,3.1761352235744896e-26,9.229586270333256e-19,0.008714613021693452,2.1944044269865205e-17,2.556484784617257e-28,1.9057082779502963e-23,,,2.556484784617257e-28,1.9057082779502963e-23,,1.754844392274209e-07,4.019428965094406,9228203625559.578,6.445196162658099e-06,0.00031655512578391615,6.445196162658099e-06,0.00031655512578391615,0.0029711706295278374,0.00032300032194657426,False,False,1.0,1.6601757945572684,1.6196579857656478e-08,0.2814950247818989,0.5889102181538886,1.0,1.5089970063560396,3.176838301174695e-07,0.23492154956276545,0.6541001166869671,0.2685445524901873,0.23426387389044365,0.019366406391727133,0.012856298934468678,True,ANP6,125.0,8.0,7.76068019011021e+19,$(U_{0.8}Pu_{0.2})N$,1.9366406391727133,0.2536879303462893,64.26027067766785,15.317677870875329,20.168363521110543,0.0,2.2933512411902167e+18,1.1973865281934214e-07,ok,
40,TRIAL_040,ANP6,1150.0,3.2,7.76068019011021e+19,1.062311996090433e-06,758842.2102745409,10336485574633.084,10.755588130453074,23.775760767576156,18178028235672.35,1.0,40,TRIAL_040_ANP6,rizk2025_refit_plot,rizk2025_refit_full,10336485574633.084,6.65109954275849e+23,1.6913126417851404e+26,4.019207385295343e+25,5.588775381503209e+22,7.36973486294903e+18,4.379320031004933,79.23273000266248,1.9661892415352271,1.5355159539413343,3.5017051954765614,0.5866310027533197,4.088336198229881,8480047941651.486,2.1200119854128717e+18,130.71820544958854,0.3344656521996368,612851266.437741,16983097.284457006,36.085953944256374,508042021.39043516,506928012.6327218,53451469.80362108,28018724.07937226,1.0021975679582744,1.9077053491872862,0.2530068899294851,64.33729470526102,15.289008291002766,20.12069011380674,20.12069011380674,0.0,5.289370295537138e+25,5.289370295537138e+25,0.0,2.6288215094111468e+26,2.6288215094111468e+26,1.0394730576948523,4793947962377168.0,0.0003305515233326439,1.8336355444379362e-07,7.735491810687346e-07,7.735491810687346e-07,0.01745560947750212,0.01745560947750212,2.117760203103109e+20,1.4951667759238114e-05,14113998.628416095,3.2,10336485574633.084,0.0,3.5181038909572037e-25,2.083543007308259e-21,4.379320031004933e-09,7.923273000266248e-08,1.8092778328597798e+26,4.086596572420116e+26,2.099884479857433e+26,0.01966189241535227,1.5355159539413343,0.5866310027533197,0.035017051954765614,0.04088336198229881,24949718.83145762,22125422.38922984,2.767111727621075e-21,1.3071820544958854e-07,3.9441481286543265e-14,0.10410937842094581,0.0,9.22958943709223e-19,3.660792762206921e-23,3.9373979181241285e-22,3.330768464716398e-21,1.8625632456264503e+19,10336485574633.084,0.00297430479806888,0.0003213027818609883,1.161127694333238e-05,5.318296719016285e-06,1.161127694333238e-05,5.318296719016285e-06,4.433054700285233e-29,1.5588828786133178e+19,1.1331325545340705e+19,3.0168038913405266,3.2393786681702933e-21,-322258.91676071216,8.582810054619663e+21,0.0,0.0,0.0,0.0,0.0,0.3333333333333333,0.3333333333333333,2.0,3.1667589742037936e-25,1.392433705843146e-20,0.0,9.229586270333256e-19,,0.0,0.0,0.0,0.0,0.0,3.1667589742037936e-25,9.229586270333256e-19,0.015086626716538222,2.194405104392527e-17,3.330768464716398e-27,3.6604596853604494e-23,,,3.330768464716398e-27,3.6604596853604494e-23,,1.754844392274209e-07,4.019428965094406,9168651975412.621,6.790359609708656e-06,0.00031451242225127965,6.790359609708656e-06,0.00031451242225127965,0.00297430479806888,0.0003213027818609883,False,False,1.0,1.664844713761954,1.6226387492566844e-08,0.2828300303760003,0.5870671411513858,1.0,1.5530544205865882,3.1877636638044157e-07,0.24920764963781014,0.6339269778802644,0.26990345160385043,0.24855248586402792,0.01966189241535227,0.015355159539413342,True,ANP6,125.0,8.0,7.76068019011021e+19,$(U_{0.8}Pu_{0.2})N$,1.9661892415352271,0.2530068899294851,64.33729470526102,15.289008291002766,20.12069011380674,0.0,2.1200119854128717e+18,1.3071820544958854e-07,ok,
40,TRIAL_040,ANP6,1200.0,3.2,7.76068019011021e+19,1.062311996090433e-06,758842.2102745409,10336485574633.084,10.755588130453074,23.775760767576156,18178028235672.35,1.0,40,TRIAL_040_ANP6,rizk2025_refit_plot,rizk2025_refit_full,10336485574633.084,6.633538491529521e+23,1.6934357656609838e+26,4.010143944214801e+25,5.558785045830453e+22,7.287487744231757e+18,4.409164822374528,83.94922704847576,1.9958940858749927,1.8059950350627214,3.801889120937714,0.9252853383211165,4.72717445925883,6745615902620.149,1.6864039756550374e+18,164.22220023320054,0.41991985006231713,183413001.6195722,13518269.739703476,13.567786791595369,504183495.2879145,503496714.10206735,45346889.18717923,26444555.573073715,1.0013640231735612,1.7147911244669276,0.2523388700138651,64.41805803849769,15.254531088773193,20.07507200271525,20.07507200271525,0.0,5.277378108371536e+25,5.277378108371536e+25,0.0,2.6288215094111468e+26,2.6288215094111468e+26,1.0466578397649209,4768678978788976.0,0.00032836480327277,1.817270626747125e-07,9.102411389784435e-07,9.102411389784435e-07,0.020557160706991137,0.020557160706991137,2.5127077316103258e+20,1.6988127296351517e-05,14113998.628416095,3.2,10336485574633.084,0.0,3.590522154426672e-25,2.478213478289847e-21,4.409164822374529e-09,8.394922704847577e-08,1.9047786363479518e+26,5.01506851337178e+26,2.1010836985739932e+26,0.019958940858749927,1.8059950350627214,0.9252853383211165,0.03801889120937714,0.0472717445925883,31293676.86838904,96758891.38147515,5.486735987809295e-21,1.6422220023320054e-07,6.225077978412776e-14,0.05968238949355309,0.0,9.229612338152461e-19,6.611179243465562e-23,7.110712099931594e-22,3.503783313863259e-20,1.8625632456264503e+19,10336485574633.084,0.0029775900645123156,0.00031971544357035155,1.1578598753844211e-05,5.290339579201143e-06,1.1578598753844211e-05,5.290339579201143e-06,5.244878548788902e-29,1.6426919482363634e+19,1.3272179433351746e+19,15.124632147854992,6.023749947914105e-21,-351520.4088827005,8.561772809473866e+21,0.0,0.0,0.0,0.0,0.0,0.3333333333333333,0.3333333333333333,2.0,2.6067819204802983e-24,1.635620778320907e-20,0.0,9.229586270333256e-19,,0.0,0.0,0.0,0.0,0.0,2.6067819204802983e-24,9.229586270333256e-19,0.017721446127913074,2.1944105492938213e-17,3.503783313863259e-26,6.607675460151699e-23,,,3.503783313863259e-26,6.607675460151699e-23,,1.754844392274209e-07,4.019428965094406,9112942701638.775,7.113241823167286e-06,0.00031260220174718427,7.113241823167286e-06,0.00031260220174718427,0.0029775900645123156,0.00031971544357035155,False,False,1.0,1.6695129998581895,1.6255516035260034e-08,0.28415919476162,0.5852336306747332,1.0,1.5975437134964534,3.1997107577160594e-07,0.26301729156886455,0.6145715803254509,0.2712558816396146,0.262364769532845,0.019958940858749927,0.018059950350627213,True,ANP6,125.0,8.0,7.76068019011021e+19,$(U_{0.8}Pu_{0.2})N$,1.9958940858749927,0.2523388700138651,64.41805803849769,15.254531088773193,20.07507200271525,0.0,1.6864039756550374e+18,1.6422220023320054e-07,ok,
40,TRIAL_040,ANP6,1250.0,3.2,7.76068019011021e+19,1.062311996090433e-06,758842.2102745409,10336485574633.084,10.755588130453074,23.775760767576156,18178028235672.35,1.0,40,TRIAL_040_ANP6,rizk2025_refit_plot,rizk2025_refit_full,10336485574633.084,6.616084677030801e+23,1.6956256791620967e+26,4.000006904133953e+25,5.52941842068904e+22,7.20056877783248e+18,4.438976435702816,88.53466681662182,2.025893369465369,2.0931265381670503,4.11901990763242,1.6209236123553163,5.739943519987736,3710724154632.836,9.27681038658209e+17,241.61012777375436,0.5,52142892.161948666,9188356.54968415,5.674887764748428,500559715.59964603,500115292.8284267,39376845.17219869,25074923.52795763,1.0008886406346542,1.570367507932574,0.2516749293683616,64.50136203967362,15.215969931065993,20.03099309989206,14.822854334068948,5.208138765823112,5.265790551586251e+25,3.896663830426869e+25,1.369126721159382e+25,2.6288215094111468e+26,2.4919088372952095e+26,1.0543634572355376,4743698424003364.0,0.0003262075228644317,1.8001469370165243e-07,1.0441465432606475e-06,1.0441465432606475e-06,0.02387448310505879,0.02387448310505879,2.9164861584820863e+20,1.9216993698637888e-05,14113998.628416095,3.2,10336485574633.084,0.0,3.6638453004121097e-25,2.9068905564945177e-21,4.438976435702817e-09,8.853466681662183e-08,2.0010929644874678e+26,6.000853137402646e+26,2.1022424542525227e+26,0.02025893369465369,2.0931265381670503,1.6209236123553163,0.041190199076324194,0.057399435199877356,42004349.21104968,475874375.0960661,1.7472854837044078e-20,2.4161012777375437e-07,1.3474458870130522e-13,0.03407359027997264,1.0,9.229767552555075e-19,1.1334130523459807e-22,1.2190523972713018e-21,3.0533079764031823e-19,1.8625632456264503e+19,10336485574633.084,0.002981025489348336,0.00031825428100613657,1.1546257972751509e-05,5.2659662293148085e-06,1.1546257972751509e-05,5.2659662293148085e-06,6.045557337454639e-29,1.7275015729459659e+19,1.5128598560597311e+19,56.05329141683721,1.0432074419964772e-20,-287332.8105379554,8.540993475396208e+21,6.030475367191488e+21,0.0,0.0,0.0,0.0,0.3333333333333333,0.3333333333333333,2.0,1.8128222181985484e-23,1.4206355952567515e-20,0.0,9.229586270333256e-19,,0.0,0.0,0.0,0.0,0.0,1.8128222181985484e-23,9.229586270333256e-19,0.015391889201624338,2.1944474526988636e-17,3.0533079764031822e-25,1.1303597443695776e-22,,,3.0533079764031822e-25,1.1303597443695776e-22,,1.754844392274209e-07,4.019428965094406,9061500635914.85,7.411474323443981e-06,0.00031084280668269257,7.411474323443981e-06,0.00031084280668269257,0.002981025489348336,0.00031825428100613657,False,False,1.0,1.6742020485377345,1.628424250761039e-08,0.285488615066956,0.5834012736594656,1.0,1.6419918927461448,3.2125334967702546e-07,0.27624086127483066,0.5961785418853075,0.2726081659960567,0.2755910829199712,0.02025893369465369,0.020931265381670505,True,ANP6,125.0,8.0,7.76068019011021e+19,$(U_{0.8}Pu_{0.2})N$,2.025893369465369,0.2516749293683616,64.50136203967362,15.215969931065993,14.822854334068948,5.208138765823112,9.27681038658209e+17,2.4161012777375437e-07,ok,
40,TRIAL_040,ANP6,1300.0,3.2,7.76068019011021e+19,1.062311996090433e-06,758842.2102745409,10336485574633.084,10.755588130453074,23.775760767576156,18178028235672.35,1.0,40,TRIAL_040_ANP6,rizk2025_refit_plot,rizk2025_refit_full,10336485574633.084,6.598313502915913e+23,1.697843388480307e+26,3.989234307416366e+25,5.500297588943291e+22,7.109325193044455e+18,4.468887736872271,93.00861837223412,2.056236818060519,2.395998647288752,4.452235465349271,2.297811295363449,6.750046760712721,1846524391706.3213,4.616310979265803e+17,342.5050239511481,0.5,25907654.66139998,6481656.748826673,3.9970729190634557,497066210.7615699,496767905.2850308,34809685.77353952,23868755.808362134,1.0006004926513277,1.4583787296254613,0.2509989164077529,64.58572338981743,15.174991124863212,19.988286568911597,11.238119451982937,8.750167116928665,5.254563766862874e+25,2.9543010140704555e+25,2.3002627527924194e+25,2.6288215094111468e+26,2.398795234131905e+26,1.0625803114958012,4718712251631601.0,0.0003240649946563284,1.7821361851901637e-07,1.1727248925702968e-06,1.1727248925702968e-06,0.027404211447971324,0.027404211447971324,3.325382321862159e+20,2.1656054795372894e-05,14113998.628416095,3.2,10336485574633.084,0.0,3.7384101220158895e-25,3.3702195106125166e-21,4.4688877368722714e-09,9.300861837223413e-08,2.098504478384477e+26,7.040701900354067e+26,2.1033651327248593e+26,0.02056236818060519,2.395998647288752,2.297811295363449,0.04452235465349271,0.0675004676071272,63997010.325771414,1517602736.875985,4.977592076625874e-20,3.425050239511481e-07,2.7077898469457207e-13,0.03407359027997264,1.0,9.23067223883602e-19,1.8677388802971109e-22,2.008863013170932e-21,2.2525702314749626e-18,1.8625632456264503e+19,10336485574633.084,0.0029846972715950747,0.000316932372697806,1.1514107511795338e-05,5.244464158750891e-06,1.1514107511795338e-05,5.244464158750891e-06,6.81964316226403e-29,1.8135525840445202e+19,1.686032771082483e+19,179.82302243889805,2.189965179682878e-20,-149364.54110257723,8.520480484094684e+21,4.776164336736429e+21,0.0,0.0,0.0,0.0,0.3333333333333333,0.3333333333333333,2.0,1.085968502764781e-22,9.755018938795317e-21,0.0,9.229586270333256e-19,,0.0,0.0,0.0,0.0,0.0,1.085968502764781e-22,9.229586270333256e-19,0.01056804822703294,2.194662548744718e-17,2.2525702314749626e-24,1.8452131779823613e-22,,,2.2525702314749626e-24,1.8452131779823613e-22,,1.754844392274209e-07,4.019428965094406,9014043187776.938,7.687222351339231e-06,0.00030924515034646676,7.687222351339231e-06,0.00030924515034646676,0.0029846972715950747,0.000316932372697806,False,False,1.0,1.6789185660778678,1.631293010731152e-08,0.28682014722577676,0.5815675231440783,1.0,1.6864563882344463,3.226218228285111e-07,0.2889364545094103,0.5786561434118627,0.2739624514790674,0.2882895207456626,0.02056236818060519,0.02395998647288752,True,ANP6,125.0,8.0,7.76068019011021e+19,$(U_{0.8}Pu_{0.2})N$,2.056236818060519,0.2509989164077529,64.58572338981743,15.174991124863212,11.238119451982937,8.750167116928665,4.616310979265803e+17,3.425050239511481e-07,ok,
40,TRIAL_040,ANP6,1350.0,3.2,7.76068019011021e+19,1.062311996090433e-06,758842.2102745409,10336485574633.084,10.755588130453074,23.775760767576156,18178028235672.35,1.0,40,TRIAL_040_ANP6,rizk2025_refit_plot,rizk2025_refit_full,10336485574633.084,6.578584102719832e+23,1.7000140391527233e+26,3.978381029957603e+25,5.470281321487055e+22,7.010969379572784e+18,4.499207145755909,97.52648074208336,2.086922094759094,2.724170830761086,4.81109292552018,3.2617971975697206,8.072890123089902,916367880271.625,2.2909197006790624e+17,486.19394009058436,0.5,15643084.066660378,4566079.123870579,3.425933638530563,493622910.554939,493420268.9676382,31077884.650566597,22763048.38550433,1.0004106876025274,1.3652778012964737,0.2502484128027934,64.66829463570254,15.133705410257221,19.94775154123744,9.720183258335103,10.22756828290234,5.243907831599434e+25,2.555262682492944e+25,2.68864514910649e+25,2.6288215094111468e+26,2.3599569945004978e+26,1.071587998595768,4692880110205103.0,0.0003218842710792403,1.7622759060035088e-07,1.295491111634494e-06,1.295491111634494e-06,0.03126657834438894,0.03126657834438894,3.7467272518433296e+20,2.4414539618864272e-05,14113998.628416095,3.2,10336485574633.084,0.0,3.8150178612601593e-25,3.885583695028325e-21,4.499207145755909e-09,9.752648074208337e-08,2.1972229682372583e+26,8.16717489213414e+26,2.1044307262512034e+26,0.02086922094759094,2.724170830761086,3.2617971975697206,0.0481109292552018,0.08072890123089901,111538727.51347533,4549045042.477402,1.4237937700753438e-19,4.861939400905844e-07,5.456323936755538e-13,0.03407359027997264,1.0,9.235283837640407e-19,3.0343633300233184e-22,3.2636362215880866e-21,1.4331663655150738e-17,1.8625632456264503e+19,10336485574633.084,0.0029891373216255433,0.0003158054667500188,1.1481819498351305e-05,5.224721919005205e-06,1.1481819498351305e-05,5.224721919005205e-06,7.564729907163918e-29,1.901117511350103e+19,1.8453467416729825e+19,628.2133622262963,5.0922191440829414e-20,-85537.74800626417,8.500748428004894e+21,4.767114291313144e+21,0.0,0.0,0.0,0.0,0.3333333333333333,0.3333333333333333,2.0,5.697567307150379e-22,5.580606868254579e-21,0.0,9.229586270333256e-19,,0.0,0.0,0.0,0.0,0.0,5.697567307150379e-22,9.229586270333256e-19,0.006042702061315758,2.1957589914440093e-17,1.433166365515074e-23,2.891046693471811e-22,,,1.433166365515074e-23,2.891046693471811e-22,,1.754844392274209e-07,4.019428965094406,8968989281766.223,7.952257449220197e-06,0.0003078532093007986,7.952257449220197e-06,0.0003078532093007986,0.0029891373216255433,0.0003158054667500188,False,False,1.0,1.683658764360237,1.634271257894221e-08,0.2881526714985014,0.5797339336004942,1.0,1.7324126189019735,3.2412344710115424e-07,0.3015364568216655,0.5614038005667872,0.2753185111605804,0.3008925577891851,0.02086922094759094,0.02724170830761086,True,ANP6,125.0,8.0,7.76068019011021e+19,$(U_{0.8}Pu_{0.2})N$,2.086922094759094,0.2502484128027934,64.66829463570254,15.133705410257221,9.720183258335103,10.22756828290234,2.2909197006790624e+17,4.861939400905844e-07,ok,
40,TRIAL_040,ANP6,1400.0,3.2,7.76068019011021e+19,1.062311996090433e-06,758842.2102745409,10336485574633.084,10.755588130453074,23.775760767576156,18178028235672.35,1.0,40,TRIAL_040_ANP6,rizk2025_refit_plot,rizk2025_refit_full,10336485574633.084,6.550100929071055e+23,1.7018981159606337e+26,3.968766166417085e+25,5.435047238875812e+22,6.894208867226905e+18,4.531074570911889,102.56737418733884,2.11785177640609,3.116023741824402,5.233875518230493,4.577067278096844,9.810942796327335,465381565814.6835,1.1634539145367085e+17,682.2442473295507,0.5,9965646.726319648,3253966.609010707,3.0626149324099767,490081260.73661906,489950003.0857405,27607590.90903602,21644309.5827449,1.000267900091952,1.2755126608910232,0.24916491688849088,64.73996465214016,15.097130604755606,19.91373982621576,8.59989289573441,11.31384693048135,5.2349667587973385e+25,2.260758342293873e+25,2.9742084165034653e+25,2.6288215094111468e+26,2.3314006677608005e+26,1.0824882646668792,4662838765570042.0,0.00031945617945482467,1.737125830364944e-07,1.4110297768411346e-06,1.4110297768411346e-06,0.03593212942486168,0.03593212942486168,4.2091410197494537e+20,2.7899726178585568e-05,14113998.628416095,3.2,10336485574633.084,0.0,3.8966575327211837e-25,4.519769855881633e-21,4.531074570911889e-09,1.0256737418733885e-07,2.297611830217134e+26,9.511263174342233e+26,2.1053248335314133e+26,0.021178517764060902,3.116023741824402,4.577067278096844,0.05233875518230492,0.09810942796327335,194314387.02014384,12900622501.257334,3.9340340179434166e-19,6.822442473295507e-07,1.0743872055282518e-12,0.03407359027997264,1.0,9.256141022594044e-19,5.167759547233053e-22,5.558229324725537e-21,7.989389038480301e-17,1.8625632456264503e+19,10336485574633.084,0.002996734329125952,0.0003151825149856795,1.1448205341852562e-05,5.204716689936596e-06,1.1448205341852562e-05,5.204716689936596e-06,8.275824540607938e-29,1.9909039989723652e+19,1.9861645709848076e+19,2046.1291290630224,1.1448535711296215e-19,-49601.04129970926,8.484122492710249e+21,4.815793069252913e+21,0.0,0.0,0.0,0.0,0.3333333333333333,0.3333333333333333,2.0,2.6554752260788454e-21,2.7719141772846878e-21,0.0,9.229586270333256e-19,,0.0,0.0,0.0,0.0,0.0,2.6554752260788454e-21,9.229586270333256e-19,0.0029946758271276377,2.200717945841437e-17,7.989389038480301e-23,4.368820643385022e-22,,,7.989389038480301e-23,4.368820643385022e-22,,1.754844392274209e-07,4.019428965094406,8922256822205.408,8.241718687075695e-06,0.0003069407962986038,8.241718687075695e-06,0.0003069407962986038,0.002996734329125952,0.0003151825149856795,False,False,1.0,1.6883949891672512,1.637795163716808e-08,0.28947842043054267,0.577911190360235,1.0,1.7848791752032678,3.259429585112963e-07,0.3153187351293544,0.5426973225642332,0.2766719857737127,0.31467838987909,0.021178517764060902,0.031160237418244023,True,ANP6,125.0,8.0,7.76068019011021e+19,$(U_{0.8}Pu_{0.2})N$,2.11785177640609,0.24916491688849088,64.73996465214016,15.097130604755606,8.59989289573441,11.31384693048135,1.1634539145367085e+17,6.822442473295508e-07,ok,
40,TRIAL_040,ANP6,1450.0,3.2,7.76068019011021e+19,1.062311996090433e-06,758842.2102745409,10336485574633.084,10.755588130453074,23.775760767576156,18178028235672.35,1.0,40,TRIAL_040_ANP6,rizk2025_refit_plot,rizk2025_refit_full,10336485574633.084,6.487288565671585e+23,1.7026388347608012e+26,3.964839683022664e+25,5.37922695250816e+22,6.735284038708375e+18,4.56859079446957,108.99663398441209,2.148598450078897,3.653286934898499,5.801885384977396,6.298700175167511,12.100585560144909,245743419337.63736,6.143585483440934e+16,938.8658062173981,0.5,6593533.977930893,2364555.174231098,2.7884881054107638,485999306.4351574,485926645.62722135,23934607.272817604,20367601.446458325,1.0001495304046195,1.1751313641783547,0.24677554343066566,64.7681414909828,15.082194317220052,19.902888648366517,7.6765423497065886,12.226346298659927,5.232114177824084e+25,2.0180259646814265e+25,3.2140882131426577e+25,2.6288215094111468e+26,2.3074126880968817e+26,1.097694684584076,4615716830426832.0,0.000316036568014573,1.698762683653431e-07,1.4850641652658128e-06,1.4850641652658128e-06,0.042428938954977735,0.042428938954977735,4.726404525059351e+20,3.316512152017814e-05,14113998.628416095,3.2,10336485574633.084,0.0,3.9942513469841144e-25,5.4241022559741815e-21,4.56859079446957e-09,1.089966339844121e-07,2.4007008695488474e+26,1.1351427770967653e+27,2.105610091628739e+26,0.021485984500788972,3.653286934898499,6.298700175167511,0.05801885384977396,0.12100585560144908,328476908.1704319,34137975320.951588,1.0252482352763974e-18,9.388658062173982e-07,2.0346424793293394e-12,0.03407359027997264,1.0,9.34088619014059e-19,1.03501318176948e-21,1.1132175492702289e-20,3.956100289530877e-16,1.8625632456264503e+19,10336485574633.084,0.0030167959151468004,0.0003165098324764021,1.1409050076696415e-05,5.1818492455421145e-06,1.1409050076696415e-05,5.1818492455421145e-06,8.757641872635258e-29,2.0844156449028866e+19,2.0544335386064265e+19,6163.73745268876,2.4601727692646443e-19,-29721.06462161664,8.479086090329541e+21,4.877994122360551e+21,0.0,0.0,0.0,0.0,0.3333333333333333,0.3333333333333333,2.0,1.1129991980733449e-20,1.2351760164789186e-21,0.0,9.229586270333256e-19,,0.0,0.0,0.0,0.0,0.0,1.1129991980733449e-20,9.229586270333256e-19,0.0013223327972699858,2.2208667541393856e-17,3.9561002895308766e-22,6.394031528163924e-22,,,3.9561002895308766e-22,6.394031528163924e-22,,1.754844392274209e-07,4.019428965094406,8868250150563.01,8.633752458767744e-06,0.00030787608001763434,8.633752458767744e-06,0.00030787608001763434,0.0030167959151468004,0.0003165098324764021,False,False,1.0,1.6930168941673573,1.643440850030584e-08,0.29076675622704057,0.5761413479259477,1.0,1.8534958526287313,3.284866638375396e-07,0.3324495444440504,0.5196972939004733,0.27800445320398276,0.33181391489534395,0.021485984500788972,0.03653286934898499,True,ANP6,125.0,8.0,7.76068019011021e+19,$(U_{0.8}Pu_{0.2})N$,2.148598450078897,0.24677554343066566,64.7681414909828,15.082194317220052,7.6765423497065886,12.226346298659927,6.143585483440934e+16,9.388658062173982e-07,ok,
40,TRIAL_040,ANP6,1500.0,3.2,7.76068019011021e+19,1.062311996090433e-06,758842.2102745409,10336485574633.084,10.755588130453074,23.775760767576156,18178028235672.35,1.0,40,TRIAL_040_ANP6,rizk2025_refit_plot,rizk2025_refit_full,10336485574633.084,6.30695832230563e+23,1.699408855070829e+26,3.981520569976473e+25,5.254336357189015e+22,6.523310068177732e+18,4.6251963034611645,117.00311655174298,2.1776946776678807,4.3767215893191835,6.554416266987063,8.505248235577625,15.05966450256469,134775136931.06807,3.3693784232767016e+16,1267.767399574997,0.5,4512931.919042613,1751109.8650621774,2.57718376732597,480011508.5553847,479979627.7487102,20418590.072523918,18973853.56413337,1.0000664211662982,1.0761435468818819,0.23991580636900608,64.64527351845561,15.145648176274733,19.969162498900648,6.922125070905405,13.04703742799524,5.249536390203647e+25,1.819703127723029e+25,3.4298332624806173e+25,2.6288215094111468e+26,2.285838183163085e+26,1.1186608257054584,4508720467133556.0,0.00030928366105626695,1.63840482072078e-07,1.3440797342255557e-06,1.3440797342255557e-06,0.05137573267978653,0.05137573267978653,5.049350489257254e+20,4.1718151248858675e-05,14113998.628416095,3.2,10336485574633.084,0.0,4.144566562984391e-25,6.7093569730341026e-21,4.625196303461165e-09,1.1700311655174298e-07,2.5096932823092656e+26,1.3822851259077922e+27,2.103867870390782e+26,0.021776946776678806,4.3767215893191835,8.505248235577625,0.06554416266987063,0.1505966450256469,540070867.4193319,84833305701.61191,2.5242781210981698e-18,1.2677673995749968e-06,3.7098830792190506e-12,0.03407359027997264,1.0,9.653577892834512e-19,2.6703221709632663e-21,2.8720885446498193e-20,1.7607759639859707e-15,1.8625632456264503e+19,10336485574633.084,0.0030814724458203737,0.0003253679592116894,1.1350810107542304e-05,5.1568396389370254e-06,1.1350810107542304e-05,5.1568396389370254e-06,7.977748114032231e-29,2.183200006104097e+19,1.8137185564215419e+19,17318.47526126893,5.062856539210474e-19,-18397.705018898218,8.513041928873514e+21,4.964625217501042e+21,0.0,0.0,0.0,0.0,0.3333333333333333,0.3333333333333333,2.0,4.239916225012569e-20,5.067891913502495e-22,0.0,9.229586270333256e-19,,0.0,0.0,0.0,0.0,0.0,4.239916225012569e-20,9.229586270333256e-19,0.0005249755033586253,2.295211585311953e-17,1.7607759639859707e-21,9.095462069772957e-22,,,1.7607759639859707e-21,9.095462069772957e-22,,1.754844392274209e-07,4.019428965094406,8809998054547.715,9.27556178417842e-06,0.000316092397427511,9.27556178417842e-06,0.000316092397427511,0.0030814724458203737,0.0003253679592116894,False,False,1.0,1.6971569782791454,1.6563602221809306e-08,0.29191627821491384,0.5745634220660002,1.0,1.941349048956951,3.320069047278287e-07,0.3530407965226541,0.49243992001816655,0.2792537389096908,0.35241114979624477,0.021776946776678806,0.04376721589319183,True,ANP6,125.0,8.0,7.76068019011021e+19,$(U_{0.8}Pu_{0.2})N$,2.1776946776678807,0.23991580636900608,64.64527351845561,15.145648176274733,6.922125070905405,13.04703742799524,3.3693784232767016e+16,1.267767399574997e-06,ok,
40,TRIAL_040,ANP6,1550.0,3.2,7.76068019011021e+19,1.062311996090433e-06,758842.2102745409,10336485574633.084,10.755588130453074,23.775760767576156,18178028235672.35,1.0,40,TRIAL_040_ANP6,rizk2025_refit_plot,rizk2025_refit_full,10336485574633.084,5.80117671224286e+23,1.68417802018782e+26,4.061818503794612e+25,4.933370604506382e+22,6.296540238680241e+18,4.740270616366768,125.05959609825358,2.2011100576576403,5.158716451491971,7.359826509149611,11.354487076551264,18.714313585700875,75622099078.70131,1.890552476967533e+16,1692.4665989563193,0.5,3200003.1317979763,1311695.0144652727,2.4395938815872484,468339945.26900643,468327692.5867881,18058345.500688497,17751536.62143486,1.0000261626258968,1.0172835110445124,0.22067594515164773,64.06589470447061,15.451100385679874,20.26232896469786,6.377590563511,13.88473840118686,5.3266046213162235e+25,1.6765547251575274e+25,3.6500498961586956e+25,2.6288215094111468e+26,2.263816519795277e+26,1.1419787460042885,4232507972452801.0,0.0002930120787036459,1.5501820544870927e-07,7.824604682699633e-07,7.824604682699633e-07,0.061342038370487975,0.061342038370487975,4.5541791526397483e+20,5.407211231560171e-05,14113998.628416095,3.2,10336485574633.084,0.0,4.461675868516829e-25,8.192938115127874e-21,4.7402706163667685e-09,1.250595960982536e-07,2.6341569918963e+26,1.6476213699708402e+27,2.0961610472795244e+26,0.022011100576576403,5.158716451491971,11.354487076551264,0.07359826509149611,0.18714313585700876,886806764.4685218,202998792328.19672,6.00590949729361e-18,1.6924665989563193e-06,6.611823872802589e-12,0.03407359027997264,1.0,1.0711233129353537e-18,8.378501496912049e-21,9.011571125117054e-20,7.11715258415843e-15,1.8625632456264503e+19,10336485574633.084,0.0032866220758308033,0.0003594140621375725,1.1235430850574971e-05,5.134866577166218e-06,1.1235430850574971e-05,5.134866577166218e-06,4.6711295431198825e-29,2.294581196512543e+19,1.0259124751110971e+19,46316.97304575339,1.0074741946294358e-18,-11526.399372385089,8.66450822179167e+21,5.107339490693524e+21,0.0,0.0,0.0,0.0,0.3333333333333333,0.3333333333333333,2.0,1.4816468590202815e-19,1.9547622806480766e-22,0.0,9.229586270333256e-19,,0.0,0.0,0.0,0.0,0.0,1.4816468590202815e-19,9.229586270333256e-19,0.00018249647421930904,2.546677164092458e-17,7.11715258415843e-21,1.2613489127536196e-21,,,7.11715258415843e-21,1.2613489127536196e-21,,1.754844392274209e-07,4.019428965094406,8761603354511.628,1.0616859719946055e-05,0.0003487972024176264,1.0616859719946055e-05,0.0003487972024176264,0.0032866220758308033,0.0003594140621375725,False,False,1.0,1.6998070426934029,1.6915297556661422e-08,0.29264986304758184,0.573557049427214,1.0,2.0320605915884626,3.359459530893615e-07,0.3728843704531389,0.4665968791653033,0.2802510527961215,0.3722607253104813,0.022011100576576403,0.05158716451491971,True,ANP6,125.0,8.0,7.76068019011021e+19,$(U_{0.8}Pu_{0.2})N$,2.2011100576576403,0.22067594515164773,64.06589470447061,15.451100385679874,6.377590563511,13.88473840118686,1.890552476967533e+16,1.6924665989563195e-06,ok,
40,TRIAL_040,ANP6,1600.0,3.2,7.76068019011021e+19,1.062311996090433e-06,758842.2102745409,10336485574633.084,10.755588130453074,23.775760767576156,18178028235672.35,1.0,40,TRIAL_040_ANP6,rizk2025_refit_plot,rizk2025_refit_full,10336485574633.084,4.694229949816776e+23,1.6394031007582765e+26,4.301814628029174e+25,4.210872774040321e+22,6.03051927128523e+18,5.003729964692971,134.09309551409675,2.2097458237793295,6.090634924169488,8.300380747948816,15.231034359334233,23.53141510728305,42026669345.6804,1.05066673364201e+16,2270.2933868289624,0.5,2368286.314145931,977847.1861298906,2.4219390797851554,443674151.022863,443669026.03950167,16598962.045216564,16555662.254561191,1.0000115513661323,1.0026154067405817,0.17856784620072125,62.362663075040835,16.364042262392992,21.094726816365455,6.155446217528898,14.939280598836552,5.545427159001362e+25,1.618156941666345e+25,3.927270217335017e+25,2.6288215094111468e+26,2.2360944876776453e+26,1.1706896969302574,3626902795606910.5,0.0002569214719733411,1.4018563419170953e-07,3.225291717523943e-07,3.225291717523943e-07,0.07373323076015907,0.07373323076015907,3.6115317430360284e+20,6.940383028890569e-05,14113998.628416095,3.2,10336485574633.084,0.0,5.2477145294016675e-25,1.0099685698991964e-20,5.003729964692971e-09,1.3409309551409676e-07,2.7939895027266245e+26,1.9596292128405325e+27,2.074278793511011e+26,0.022097458237793296,6.090634924169488,15.231034359334233,0.08300380747948817,0.2353141510728305,1540123894.5266674,491727614836.7554,1.449654193060599e-17,2.2702933868289624e-06,1.1897207363433173e-11,0.03407359027997264,1.0,1.4017765731852965e-18,2.8072866441166047e-20,3.0194018908239993e-19,2.6363059898109156e-14,1.8625632456264503e+19,10336485574633.084,0.0038666616499609843,0.00046852699200817383,1.0985599168735635e-05,5.1133341680865025e-06,1.0985599168735635e-05,5.1133341680865025e-06,1.9350284946943294e-29,2.4552981545200726e+19,4.0773621181978716e+18,122381.50041905556,1.976489576734905e-18,-6984.232598503091,9.106616724352129e+21,5.37460336573786e+21,0.0,0.0,0.0,0.0,0.3333333333333333,0.3333333333333333,2.0,4.788179461519709e-19,7.206892439595517e-23,0.0,9.229586270333256e-19,,0.0,0.0,0.0,0.0,0.0,4.788179461519709e-19,9.229586270333256e-19,5.141256158404111e-05,3.332830445364632e-17,2.6363059898109155e-20,1.7098065430568916e-21,,,2.6363059898109155e-20,1.7098065430568916e-21,,1.754844392274209e-07,4.019428965094406,8719184531235.101,1.4266884328299874e-05,0.000454260107679874,1.4266884328299874e-05,0.000454260107679874,0.0038666616499609843,0.00046852699200817383,False,False,1.0,1.6988219256600872,1.7832154415742782e-08,0.29237736722239216,0.5739308193253935,1.0,2.1360772376450132,3.4081502733620264e-07,0.39406381625644105,0.4395006298929019,0.2806170839160815,0.39344816379215963,0.022097458237793296,0.06090634924169488,True,ANP6,125.0,8.0,7.76068019011021e+19,$(U_{0.8}Pu_{0.2})N$,2.2097458237793295,0.17856784620072125,62.362663075040835,16.364042262392992,6.155446217528898,14.939280598836552,1.05066673364201e+16,2.2702933868289624e-06,ok,
40,TRIAL_040,ANP6,1650.0,3.2,7.76068019011021e+19,1.062311996090433e-06,758842.2102745409,10336485574633.084,10.755588130453074,23.775760767576156,18178028235672.35,1.0,40,TRIAL_040_ANP6,rizk2025_refit_plot,rizk2025_refit_full,10336485574633.084,3.118621583563722e+23,1.54342779020715e+26,4.8290124292111105e+25,3.0809616281121587e+22,5.548517239361969e+18,5.535132431835589,149.92561876562235,2.1885624677754802,7.832368259435082,10.020930727210562,20.86884891889801,30.889779646108572,22386529866.096146,5596632466524036.0,3110.6495181839946,0.5,1846265.2367191527,713677.3162718897,2.586974805874005,401077110.1331197,401074414.6303637,14822119.92081737,14807342.589464383,1.000006720704831,1.0009979732192797,0.11863192584202074,58.71177577791793,18.369495273541048,22.80009702269901,6.389733361014572,16.41036366168444,5.99373854699322e+25,1.6797468498837086e+25,4.313991697109512e+25,2.6288215094111468e+26,2.1974223397001957e+26,1.2271982061794737,2699806896277963.0,0.0001996591309413802,1.148997275348699e-07,2.9785348787398684e-07,2.9785348787398684e-07,0.09841616740717456,0.09841616740717456,3.34563792373804e+20,8.814088905367209e-05,14113998.628416095,3.2,10336485574633.084,0.0,7.103504463690803e-25,1.4116146569521582e-20,5.535132431835589e-09,1.4992561876562237e-07,3.000720498471926e+26,2.5404760614408113e+27,2.0294476547118247e+26,0.021885624677754803,7.832368259435082,20.86884891889801,0.10020930727210563,0.3088977964610857,3001352795.508775,1267622857718.31,3.7288224738222385e-17,3.110649518183995e-06,2.2334859533421382e-11,0.03407359027997264,1.0,2.364150646143271e-18,9.247330480694055e-20,9.946047795652989e-19,9.020265555838444e-14,1.8625632456264503e+19,10336485574633.084,0.005257705142810117,0.0007867961184686042,1.053524737132127e-05,5.0817928633301525e-06,1.053524737132127e-05,5.0817928633301525e-06,1.8043442251730477e-29,2.7071374703000445e+19,3.509025643641857e+18,330748.85366826935,3.88931843987498e-18,-3899.673361402514,1.004749635498042e+22,5.848134416559948e+21,0.0,0.0,0.0,0.0,0.3333333333333333,0.3333333333333333,2.0,1.441192019109945e-18,2.5738368843747513e-23,0.0,9.229586270333256e-19,,0.0,0.0,0.0,0.0,0.0,1.441192019109945e-18,9.229586270333256e-19,1.0886941103239548e-05,5.6209480181213e-17,9.020265555838444e-20,2.2706492485561157e-21,,,9.020265555838444e-20,2.2706492485561157e-21,,1.754844392274209e-07,4.019428965094406,8672756187449.477,2.4748312540401085e-05,0.000762047805928203,2.4748312540401085e-05,0.000762047805928203,0.005257705142810117,0.0007867961184686042,False,False,1.0,1.6913856246024999,1.9789420244288823e-08,0.29031265508983306,0.5767650013427587,1.0,2.322855865799227,3.504112236396337e-07,0.42845499151069427,0.3966440424334871,0.2797175070850804,0.42785607185284075,0.021885624677754803,0.07832368259435082,True,ANP6,125.0,8.0,7.76068019011021e+19,$(U_{0.8}Pu_{0.2})N$,2.1885624677754802,0.11863192584202074,58.71177577791793,18.369495273541048,6.389733361014572,16.41036366168444,5596632466524036.0,3.110649518183995e-06,ok,
40,TRIAL_040,ANP6,1700.0,3.2,7.76068019011021e+19,1.062311996090433e-06,758842.2102745409,10336485574633.084,10.755588130453074,23.775760767576156,18178028235672.35,1.0,40,TRIAL_040_ANP6,rizk2025_refit_plot,rizk2025_refit_full,10336485574633.084,1.737417941233857e+23,1.3883109812803493e+26,5.726013419281552e+25,1.9349301638221665e+22,4.617308341661318e+18,6.393831828753967,180.70355590193446,2.118544212810667,11.412415711761616,13.530959924572283,29.004049086045686,42.53500901061797,11589548196.612024,2897387049153006.0,4323.258636138382,0.5,1512048.4174212452,513501.5475231774,2.9445839544485453,347211417.04448926,347209632.573748,12300849.71157061,12285314.414093578,1.0000051394620824,1.0012645421153576,0.06609113380326216,52.811154211505574,21.781674407267662,25.34108024742352,7.069022712763741,18.27205753465978,6.661717682614089e+25,1.8583198957829256e+25,4.803397786831164e+25,2.6288215094111468e+26,2.1484817307280307e+26,1.3563256723986847,1768149655486641.2,0.00013939325786119442,8.06375648414419e-08,7.324889630792958e-07,7.324889630792958e-07,0.15538336275769168,0.15538336275769168,4.1679015077212665e+20,0.0001141398832899909,14113998.628416095,3.2,10336485574633.084,0.0,1.0948944062279738e-24,2.4716598648587116e-20,6.393831828753968e-09,1.8070355590193447e-07,3.21236470225884e+26,3.739808226827779e+27,1.9626497411497382e+26,0.02118544212810667,11.412415711761616,29.004049086045686,0.13530959924572283,0.4253500901061797,6413778567.575806,3407849035493.55,1.0010415796717407e-16,4.3232586361383815e-06,4.314232026285245e-11,0.03407359027997264,1.0,4.988545012933779e-18,2.9005001213446957e-19,3.119658467751271e-18,2.8708990269161864e-13,1.8625632456264503e+19,10336485574633.084,0.008008775771020963,0.0016594196635041846,9.929588345159319e-06,5.036161069240475e-06,9.929588345159319e-06,5.036161069240475e-06,4.572879437735843e-29,3.0552561817699807e+19,7.402500161328348e+18,900817.3627771008,7.61060145630999e-18,-2045.1969401327929,1.153296816781519e+22,6.554222233049853e+21,0.0,0.0,0.0,0.0,0.3333333333333333,0.3333333333333333,2.0,4.065586385900453e-18,9.000056617340487e-24,0.0,9.229586270333256e-19,,0.0,0.0,0.0,0.0,0.0,4.065586385900453e-18,9.229586270333256e-19,1.804144614112147e-06,1.1860645280579862e-16,2.8708990269161863e-19,2.9601094428509513e-21,,,2.8708990269161863e-19,2.9601094428509513e-21,,1.754844392274209e-07,4.019428965094406,8667757088031.89,5.2365331313158594e-05,0.0016070543321910261,5.2365331313158594e-05,0.0016070543321910261,0.008008775771020963,0.0016594196635041846,False,False,1.0,1.6752055093695704,2.310865312676585e-08,0.28577237997170224,0.5830103526516645,1.0,2.6928028238158177,3.725407972462818e-07,0.4856197989940602,0.3288313319252265,0.2767021353309317,0.4850567221966282,0.02118544212810667,0.11412415711761616,True,ANP6,125.0,8.0,7.76068019011021e+19,$(U_{0.8}Pu_{0.2})N$,2.118544212810667,0.06609113380326216,52.811154211505574,21.781674407267662,7.069022712763741,18.27205753465978,2897387049153006.0,4.323258636138382e-06,ok,
40,TRIAL_040,ANP6,1750.0,3.2,7.76068019011021e+19,1.062311996090433e-06,758842.2102745409,10336485574633.084,10.755588130453074,23.775760767576156,18178028235672.35,1.0,40,TRIAL_040_ANP6,rizk2025_refit_plot,rizk2025_refit_full,10336485574633.084,8.978484113087361e+22,1.1521750046360916e+26,7.2993079374831595e+25,1.0392771354581487e+22,2.45429096188074e+18,7.633774832355267,275.771354124337,1.9365914908073045,21.560663041082904,23.49725453189021,40.06802148809337,63.565276019983585,6072785937.911217,1518196484477804.2,5972.421968307829,0.49999999999999994,1284592.595478938,371708.49812358356,3.4559139808846764,290815601.07418686,290812874.20093554,8422126.074181112,8050147.220871494,1.0000093767281066,1.0462077081454104,0.03415402712182818,43.828574915083436,27.76646459773603,28.370806460058713,8.067196449039706,20.303610011019003,7.458178626154305e+25,2.1207219545880802e+25,5.337456671566225e+25,2.6288215094111468e+26,2.0950758422545243e+26,1.8485997522694215,1110497531856886.6,9.021097687079143e-05,3.3626602272387855e-08,2.9312554546145837e-05,2.9312554546145837e-05,0.3735533646914556,0.3735533646914556,1.190669098618564e+21,0.00015958841804713573,14113998.628416095,3.2,10336485574633.084,0.0,1.8634023829972832e-24,8.78488466769271e-20,7.633774832355267e-09,2.75771354124337e-07,3.2765889276073405e+26,7.167722090393549e+27,1.8830036467957163e+26,0.019365914908073045,21.560663041082904,40.06802148809337,0.2349725453189021,0.6356527601998359,13968692302.152967,8993144000245.355,2.639185500543106e-16,5.972421968307829e-06,8.233453395394651e-11,0.0340735902799727,1.0,1.1732003472118521e-17,8.590290957143048e-19,9.239363145578613e-18,8.552344067970446e-13,1.8625632456264503e+19,10336485574633.084,0.012015893780947917,0.004016681050845838,9.248889400347467e-06,4.9591851877680146e-06,9.248889400347467e-06,4.9591851877680146e-06,2.1811214749034256e-27,3.9355451527422984e+19,1.8712493855322948e+20,2383253.1513212887,1.456097690818471e-17,-1074.360387790467,1.355358026770439e+22,7.498558858942464e+21,0.0,0.0,0.0,0.0,0.3333333333333333,0.3333333333333333,2.0,1.0809044845085196e-17,3.1079945105556526e-24,0.0,9.229586270333256e-19,,0.0,0.0,0.0,0.0,0.0,1.0809044845085196e-17,9.229586270333256e-19,2.649159214742734e-07,2.789373078774628e-16,8.552344067970446e-19,3.7946889172602315e-21,,,8.552344067970446e-19,3.7946889172602315e-21,,1.754844392274209e-07,4.019428965094406,8982791474866.91,9.986267408173374e-05,0.003916818376764104,9.986267408173374e-05,0.003916818376764104,0.012015893780947917,0.004016681050845838,False,False,1.0,1.640860036464272,2.8428445064634048e-08,0.27591089815913955,0.5966357629149961,1.0,3.770228504892028,4.5988614718079434e-07,0.6000817366824929,0.20792153879787661,0.2685422807492526,0.5996355475677797,0.019365914908073045,0.21560663041082906,True,ANP6,125.0,8.0,7.76068019011021e+19,$(U_{0.8}Pu_{0.2})N$,1.9365914908073045,0.03415402712182818,43.828574915083436,27.76646459773603,8.067196449039706,20.303610011019003,1518196484477804.2,5.972421968307829e-06,ok,
40,TRIAL_040,ANP6,1800.0,3.2,7.76068019011021e+19,1.062311996090433e-06,758842.2102745409,10336485574633.084,10.755588130453074,23.775760767576156,18178028235672.35,1.0,40,TRIAL_040_ANP6,rizk2025_refit_plot,rizk2025_refit_full,10336485574633.084,4.7867478333974095e+22,7.544995033204411e+25,1.0415484859444093e+26,3.991538579245696e+21,2.7987150391276653e+17,9.52755699382512,710.7161322813256,1.4460176924105697,42.08582172151852,43.531839413929085,54.315383739298376,97.84722315322746,3304745838.9007096,826186459725177.4,8096.092070781497,0.5,1124351.729933439,274206.3677872316,4.100385191659267,233015312.12023905,233008314.87429553,6282503.440389417,3123609.9747363674,1.000030030026814,2.01129574153049,0.01820872134627975,28.701054849838325,39.62035772362936,31.660378705186034,9.311962810134812,22.348415895051218,8.322948453629568e+25,2.447948813011906e+25,5.874999640617661e+25,2.6288215094111468e+26,2.0413215453493805e+26,4.064246492213396,757116552036757.2,5.2909089719141524e-05,2.688274050507053e-09,0.00020590159356251685,0.00020590159356251685,1.3221037208553226,1.3221037208553226,2.735942164835208e+21,0.00046134496765258553,14113998.628416095,3.2,10336485574633.084,0.0,3.6227075442267975e-24,1.503755156674911e-18,9.527556993825122e-09,7.107161322813257e-07,2.7544200105525688e+26,1.4102705088445443e+28,1.79652666404819e+26,0.014460176924105696,42.08582172151852,54.315383739298376,0.43531839413929085,0.9784722315322746,29629495668.885586,22417012510449.25,6.574228262874925e-16,8.096092070781497e-06,1.5129756549336331e-10,0.03407359027997264,1.0,2.814113302873205e-17,2.402604106958116e-18,2.5841420214976517e-17,2.3978131732901632e-12,1.8625632456264503e+19,10336485574633.084,0.013742166991015332,0.010465157702834151,8.497561407080136e-06,4.869078339995635e-06,8.497561407080136e-06,4.869078339995635e-06,4.571429236040861e-26,6.609975824763645e+19,4.559292902316765e+20,6049917.994544862,2.7249375892978068e-17,-595.4140000040595,1.6425980178131237e+22,8.814858959253192e+21,0.0,0.0,0.0,0.0,0.3333333333333333,0.3333333333333333,2.0,2.721817440169872e-17,1.0673110184064085e-24,0.0,9.229586270333256e-19,,0.0,0.0,0.0,0.0,0.0,2.721817440169872e-17,9.229586270333256e-19,3.792708052361239e-08,6.69076846619669e-16,2.397813173290163e-18,4.790933667952865e-21,,,2.397813173290163e-18,4.790933667952865e-21,,1.754844392274209e-07,4.019428965094406,9938565902715.936,7.037933889292701e-05,0.010394778363941225,7.037933889292701e-05,0.010394778363941225,0.013742166991015332,0.010465157702834151,False,False,1.0,1.5523222273184343,3.910947254817381e-08,0.24897532358586374,0.6342538444051012,1.0,6.714645970871048,9.4825260567574e-07,0.7496014856341685,0.08619920368634446,0.24362650532716035,0.7493969773349413,0.014460176924105696,0.4208582172151852,False,ANP6,125.0,8.0,7.76068019011021e+19,$(U_{0.8}Pu_{0.2})N$,1.4460176924105697,0.01820872134627975,28.701054849838325,39.62035772362936,9.311962810134812,22.348415895051218,826186459725177.4,8.096092070781497e-06,ok,
40,TRIAL_040,AP3.2,900.0,1.1,5.767844763153473e+19,1.062311996090433e-06,758842.2102745409,10336485574633.084,10.755588130453074,23.775760767576156,18178028235672.35,1.0,40,TRIAL_040_AP3p2,rizk2025_refit_plot,rizk2025_refit_full,10336485574633.084,6.526057094663439e+23,3.6424662677646165e+25,3.8720369687348775e+25,1.4050359236859557e+22,7.697464196320616e+18,4.03586491978762,52.56190729429837,0.3868885737760985,0.46821964848095393,0.8551082222570524,0.12384275919937214,0.9789509814564246,13539771639183.2,3.3849429097957996e+18,66.59377009654555,0.1385988438684348,1302491313872.864,33336451.69482842,39071.084283241915,585679696.1241175,550067964.1470318,345898808.3548142,42235910.26805859,1.0647406035221618,8.189685179258568,0.7221826700036149,40.30804475804259,42.84850646986055,16.12126610209325,16.12126610209325,0.0,1.4568101311541613e+25,1.4568101311541613e+25,0.0,9.03657393860029e+25,9.03657393860029e+25,1.0118043349246841,3431294488032394.5,0.0003859062781087514,1.9879991812013034e-07,2.465279751151137e-07,2.465279751151137e-07,0.005308760178076042,0.005308760178076042,1.345119054968477e+19,5.9100138831985875e-06,6527982.800675924,1.0999999999999999,10336485574633.084,0.0,2.7535849244419263e-25,6.082777867349648e-22,4.035864919787621e-09,5.256190729429837e-08,2.6452153954120184e+25,4.761196448187231e+25,7.579763807446128e+25,0.0038688857377609845,0.46821964848095393,0.12384275919937214,0.008551082222570524,0.009789509814564246,4303795.278018573,1405.4080624708938,3.658636570826038e-22,6.659377009654555e-08,1.0236424037414262e-14,0.37188220086737267,0.0,6.859556060984681e-19,5.096721272601947e-25,5.481823482382518e-24,5.119872410101689e-28,1.3842827431568335e+19,10336485574633.084,0.0005140773214113145,0.0002463951714559762,8.926353549538752e-06,4.138293255519656e-06,8.926353549538752e-06,4.138293255519656e-06,2.2919464082636262e-29,7.803031181016397e+18,4.401681410983942e+18,0.0003626153803343626,1.7030069244157706e-21,-527079.5740938501,3.629245312726928e+21,0.0,0.0,0.0,0.0,0.0,0.3333333333333333,0.3333333333333333,2.0,2.4966082885114063e-31,9.582238205875211e-25,0.0,6.859556060982184e-19,,0.0,0.0,0.0,0.0,0.0,2.4966082885114063e-31,6.859556060982184e-19,1.3969181271622544e-06,1.630911638777488e-17,5.119872410101689e-34,5.096721267482075e-25,,,5.119872410101689e-34,5.096721267482075e-25,,1.754844392274209e-07,4.019428965094406,9527310396232.816,3.5014677574429255e-06,0.00024289370369853328,3.5014677574429255e-06,0.00024289370369853328,0.0005140773214113145,0.0002463951714559762,False,False,1.0,1.3193303065428406,2.5710815430683486e-08,0.165136426452693,0.7545469987440058,1.0,1.3262592798180013,3.141866894265625e-07,0.16796099213868268,0.7504276767385761,0.15698637741027643,0.16729509640701093,0.0038688857377609845,0.004682196484809539,True,AP3.2,100.0,8.3,5.767844763153473e+19,$(U_{0.8}Pu_{0.2})N$,0.3868885737760985,0.7221826700036149,40.30804475804259,42.84850646986055,16.12126610209325,0.0,3.3849429097957996e+18,6.659377009654556e-08,ok,
40,TRIAL_040,AP3.2,950.0,1.1,5.767844763153473e+19,1.062311996090433e-06,758842.2102745409,10336485574633.084,10.755588130453074,23.775760767576156,18178028235672.35,1.0,40,TRIAL_040_AP3p2,rizk2025_refit_plot,rizk2025_refit_full,10336485574633.084,6.498921580439918e+23,3.6505715409881196e+25,3.868853817835542e+25,1.3950441031178243e+22,7.672587960415689e+18,4.076448263761466,55.45886595410391,0.3958424368445945,0.5482055643803835,0.944048001224978,0.12352620466875024,1.0675742058937283,13546158123512.436,3.3865395308781087e+18,66.52652338891198,0.13838431244412408,205558206138.84653,33370149.030965425,6159.942706521966,559730444.9218909,544591727.0029418,231337293.38002574,40029668.147870265,1.0277982884577812,5.779145920607233,0.719179815779448,40.397738853156234,42.81328127366381,16.06980005740051,16.06980005740051,0.0,1.452159363972229e+25,1.452159363972229e+25,0.0,9.03657393860029e+25,9.03657393860029e+25,1.0138407922065935,3402822371202342.5,0.0003823098909429725,1.9832052802942503e-07,3.437041575905308e-07,3.437041575905308e-07,0.006203214872346736,0.006203214872346736,1.674580962125199e+19,6.7074369703850565e-06,6527982.800675924,1.0999999999999999,10336485574633.084,0.0,2.83749048478048e-25,7.144988981666658e-22,4.0764482637614665e-09,5.5458865954103914e-08,2.928118857868629e+25,7.50833148319073e+25,7.584414574628061e+25,0.003958424368445945,0.5482055643803835,0.12352620466875024,0.00944048001224978,0.010675742058937282,4288033.11088382,9365.480817120508,3.647564233119129e-22,6.652652338891199e-08,1.0215760895624469e-14,0.3724570537690972,0.0,6.85955606105717e-19,1.426046189772508e-24,1.5337965472195017e-23,2.2845010932250072e-26,1.3842827431568335e+19,10336485574633.084,0.0005153003677226242,0.00024550884445393356,8.889576205511721e-06,4.1097177026872155e-06,8.889576205511721e-06,4.1097177026872155e-06,3.2150115496975153e-29,8.659531132033012e+18,6.827740399925921e+18,0.0024150563682140925,1.6980559618209978e-21,-526170.1038827103,3.61521692804894e+21,0.0,0.0,0.0,0.0,0.0,0.3333333333333333,0.3333333333333333,2.0,7.498646671560408e-30,3.5732345885189943e-23,0.0,6.859556060982184e-19,,0.0,0.0,0.0,0.0,0.0,7.498646671560408e-30,6.859556060982184e-19,5.209133880842283e-05,1.630911638794723e-17,2.284501093225007e-32,1.4260461669274971e-24,,,2.284501093225007e-32,1.4260461669274971e-24,,1.754844392274209e-07,4.019428965094406,9485474017414.5,3.6817369460929134e-06,0.00024182710750784064,3.6817369460929134e-06,0.00024182710750784064,0.0005153003677226242,0.00024550884445393356,False,False,1.0,1.3222234883118018,2.577204957779481e-08,0.16631870856167058,0.7528222839655804,1.0,1.3488032136606003,3.14525841973175e-07,0.1769897673428342,0.7372874846451735,0.15818821197088045,0.17632523843769657,0.003958424368445945,0.005482055643803835,True,AP3.2,100.0,8.3,5.767844763153473e+19,$(U_{0.8}Pu_{0.2})N$,0.3958424368445945,0.719179815779448,40.397738853156234,42.81328127366381,16.06980005740051,0.0,3.3865395308781087e+18,6.652652338891199e-08,ok,
40,TRIAL_040,AP3.2,1000.0,1.1,5.767844763153473e+19,1.062311996090433e-06,758842.2102745409,10336485574633.084,10.755588130453074,23.775760767576156,18178028235672.35,1.0,40,TRIAL_040_AP3p2,rizk2025_refit_plot,rizk2025_refit_full,10336485574633.084,6.47774176234958e+23,3.65527841078983e+25,3.8684599633926266e+25,1.3864214254446923e+22,7.640370135619165e+18,4.109046945620667,58.83949543152353,0.402909195951508,0.6519433011381961,1.054852497089704,0.12359594718907682,1.1784484442787808,13544610984214.451,3.3861527460536125e+18,66.54157464531116,0.13843112453399656,39124101737.09234,33362600.92781607,1172.6933946709357,547297193.2779973,540271267.1282638,165292024.23563087,37729759.30059769,1.0130044416151884,4.380945632828684,0.7168360272779378,40.44982573734145,42.80892282492437,16.024415410456243,16.024415410456243,0.0,1.4480581467943374e+25,1.4480581467943374e+25,0.0,9.03657393860029e+25,9.03657393860029e+25,1.0164907838763597,3380682460093682.5,0.0003794565836819666,1.9750793171350248e-07,4.6601489307013845e-07,4.6601489307013845e-07,0.007361956425775992,0.007361956425775992,2.097799216610384e+19,7.658946255383623e-06,6527982.800675924,1.0999999999999999,10336485574633.084,0.0,2.9061091278380637e-25,8.532875889073187e-22,4.1090469456206675e-09,5.883949543152353e-08,3.1563154606428166e+25,1.106036273884435e+26,7.588515791805952e+25,0.00402909195951508,0.6519433011381961,0.12359594718907682,0.01054852497089704,0.011784484442787808,4276411.182224355,51655.698571435,3.650040516722749e-22,6.654157464531116e-08,1.0220383936853627e-14,0.3723315168894198,0.0,6.859556062584883e-19,3.5413597183153905e-24,3.8089406551977655e-23,6.972208708889678e-25,1.3842827431568335e+19,10336485574633.084,0.0005160099929603482,0.000244490191098811,8.860383726423764e-06,4.079837463745957e-06,8.860383726423764e-06,4.079837463745957e-06,4.3892166356075323e-29,9.361313220364497e+18,9.88563542838961e+18,0.01332250236680141,1.6987720686542735e-21,-526244.1295087767,3.604204013727353e+21,0.0,0.0,0.0,0.0,0.0,0.3333333333333333,0.3333333333333333,2.0,1.6026995865756309e-28,4.476676181501433e-22,0.0,6.859556060982184e-19,,0.0,0.0,0.0,0.0,0.0,1.6026995865756309e-28,6.859556060982184e-19,0.0006526189363651748,1.6309116391579482e-17,6.972208708889678e-31,3.5413590210945195e-24,,,6.972208708889678e-31,3.5413590210945195e-24,,1.754844392274209e-07,4.019428965094406,9437391881832.543,3.8889119724469335e-06,0.00024060127912636407,3.8889119724469335e-06,0.00024060127912636407,0.0005160099929603482,0.000244490191098811,False,False,1.0,1.3244790743852521,2.582536639740937e-08,0.1672375633027495,0.7514823387943038,1.0,1.3757570243709614,3.1496727323239485e-07,0.18747428650617634,0.722083112879159,0.15912401436594364,0.18681135724306935,0.00402909195951508,0.006519433011381961,True,AP3.2,100.0,8.3,5.767844763153473e+19,$(U_{0.8}Pu_{0.2})N$,0.402909195951508,0.7168360272779378,40.44982573734145,42.80892282492437,16.024415410456243,0.0,3.3861527460536125e+18,6.654157464531117e-08,ok,
40,TRIAL_040,AP3.2,1050.0,1.1,5.767844763153473e+19,1.062311996090433e-06,758842.2102745409,10336485574633.084,10.755588130453074,23.775760767576156,18178028235672.35,1.0,40,TRIAL_040_AP3p2,rizk2025_refit_plot,rizk2025_refit_full,10336485574633.084,6.459519028257786e+23,3.6595691253838752e+25,3.868064267319994e+25,1.3786311465456036e+22,7.600987588307704e+18,4.1384597689721865,62.544461523574306,0.409310521314892,0.7789780245260897,1.1882885458409815,0.1251654376292586,1.3134539834702401,13512557954124.451,3.3781394885311124e+18,66.87484575809243,0.13949036779863624,8738600423.790476,33196338.24697623,263.2398898570222,539986117.7208216,536431456.12875,124556944.99422495,35494749.58966968,1.006626497293288,3.509165339497866,0.7148194738567398,40.497307389383465,42.80454399645109,15.98332914030871,15.98332914030871,0.0,1.4443453556138426e+25,1.4443453556138426e+25,0.0,9.03657393860029e+25,9.03657393860029e+25,1.0197495117716404,3361692005056953.0,0.00037688110892172984,1.9651003921268993e-07,6.118442284235889e-07,6.118442284235889e-07,0.00878102811471191,0.00878102811471191,2.610708571450651e+19,8.766576564790518e-06,6527982.800675924,1.0999999999999999,10336485574633.084,0.0,2.9689632527198416e-25,1.0248379114897655e-21,4.138459768972187e-09,6.25444615235743e-08,3.3629454393495684e+25,1.5409842315714911e+26,7.592228582986447e+25,0.00409310521314892,0.7789780245260897,0.1251654376292586,0.011882885458409816,0.013134539834702402,4275564.583752209,242786.22963400345,3.705158950783386e-22,6.687484575809244e-08,1.0323017172041764e-14,0.36950584119303254,0.0,6.859556086571999e-19,7.957391575121721e-24,8.558642637474647e-23,1.5366002896313798e-23,1.3842827431568335e+19,10336485574633.084,0.0005166047944387229,0.00024339518635951718,8.834306996126527e-06,4.050710648253477e-06,8.834306996126527e-06,4.050710648253477e-06,5.802734955596727e-29,1.0013041185379455e+19,1.3533348422209274e+19,0.06274944791227653,1.7188486691494824e-21,-529315.9190123917,3.594703017220688e+21,0.0,0.0,0.0,0.0,0.0,0.3333333333333333,0.3333333333333333,2.0,2.558981501392922e-27,2.43157518657149e-21,0.0,6.859556060982184e-19,,0.0,0.0,0.0,0.0,0.0,2.558981501392922e-27,6.859556060982184e-19,0.003544799628260854,1.6309116448610674e-17,1.5366002896313797e-29,7.957376209118825e-24,,,1.5366002896313797e-29,7.957376209118825e-24,,1.754844392274209e-07,4.019428965094406,9385706202145.744,4.111605269236097e-06,0.00023928358109028108,4.111605269236097e-06,0.00023928358109028108,0.0005166047944387229,0.00024339518635951718,False,False,1.0,1.3265043694332848,2.587391823642555e-08,0.16806046818797452,0.750282674620768,1.0,1.4060959772757267,3.1551025602400113e-07,0.19889373798720061,0.7055933837661931,0.15996229857984257,0.19823259613564606,0.00409310521314892,0.007789780245260896,True,AP3.2,100.0,8.3,5.767844763153473e+19,$(U_{0.8}Pu_{0.2})N$,0.409310521314892,0.7148194738567398,40.497307389383465,42.80454399645109,15.98332914030871,0.0,3.3781394885311124e+18,6.687484575809244e-08,ok,
40,TRIAL_040,AP3.2,1100.0,1.1,5.767844763153473e+19,1.062311996090433e-06,758842.2102745409,10336485574633.084,10.755588130453074,23.775760767576156,18178028235672.35,1.0,40,TRIAL_040_AP3p2,rizk2025_refit_plot,rizk2025_refit_full,10336485574633.084,6.442908506723213e+23,3.6647117795023637e+25,3.8664605769908906e+25,1.371469681303638e+22,7.554906997809487e+18,4.166717180632078,66.43558284893663,0.4155821548312285,0.9279401801216318,1.3435223349528604,0.13226218397564493,1.4757845189285053,13371761718765.58,3.342940429691395e+18,68.35383138328808,0.1442100135097601,2237762767.7553463,32478062.386167437,68.90074725358063,534738691.0116845,532793540.7565226,97983235.4827889,33415827.856103975,1.0036508517959883,2.9322402516773374,0.7129813301479145,40.55421672419808,42.78679733339051,15.946004612263499,15.946004612263499,0.0,1.4409724970398035e+25,1.4409724970398035e+25,0.0,9.03657393860029e+25,9.03657393860029e+25,1.0235899295358903,3344428666239918.5,0.00037439634001144943,1.9539979275599006e-07,7.788342303249296e-07,7.788342303249296e-07,0.010447318604998618,0.010447318604998618,3.2069207590501843e+19,1.003234794237791e-05,6527982.800675924,1.0999999999999999,10336485574633.084,0.0,3.0301957126474762e-25,1.2282615529094986e-21,4.166717180632079e-09,6.643558284893663e-08,3.5626574173066804e+25,2.0513400428299198e+26,7.595601441560486e+25,0.004155821548312285,0.9279401801216318,0.13226218397564493,0.013435223349528604,0.014757845189285053,4310494.091493062,1001356.8148108931,3.956462484372023e-22,6.835383138328809e-08,1.078466820922927e-14,0.35725318887414004,0.0,6.859556378595706e-19,1.6429338076549502e-23,1.7670719360733655e-22,2.556484784617257e-22,1.3842827431568335e+19,10336485574633.084,0.0005172607842619991,0.00024227174953379138,8.809486267052283e-06,4.023538348843623e-06,8.809486267052283e-06,4.023538348843623e-06,7.435053302345105e-29,1.06634319657831e+19,1.769945089405395e+19,0.26109999860993455,1.809838207200859e-21,-542904.3070046443,3.5860417004182574e+21,0.0,0.0,0.0,0.0,0.0,0.3333333333333333,0.3333333333333333,2.0,3.1761352235744896e-26,6.934054381604572e-21,0.0,6.859556060982184e-19,,0.0,0.0,0.0,0.0,0.0,3.1761352235744896e-26,6.859556060982184e-19,0.010108604695255988,1.6309117142919257e-17,2.556484784617257e-28,1.642908242807104e-23,,,2.556484784617257e-28,1.642908242807104e-23,,1.754844392274209e-07,4.019428965094406,9332678529643.342,4.3400705838985655e-06,0.00023793167894989282,4.3400705838985655e-06,0.00023793167894989282,0.0005172607842619991,0.00024227174953379138,False,False,1.0,1.328474759226984,2.591887476915356e-08,0.1688591333533758,0.7491186745604024,1.0,1.4388567186513153,3.161503708689451e-07,0.21079820053249324,0.6884862011148494,0.1607751648421255,0.21013899944367473,0.004155821548312285,0.009279401801216319,True,AP3.2,100.0,8.3,5.767844763153473e+19,$(U_{0.8}Pu_{0.2})N$,0.4155821548312285,0.7129813301479145,40.55421672419808,42.78679733339051,15.946004612263499,0.0,3.342940429691395e+18,6.835383138328809e-08,ok,
40,TRIAL_040,AP3.2,1150.0,1.1,5.767844763153473e+19,1.062311996090433e-06,758842.2102745409,10336485574633.084,10.755588130453074,23.775760767576156,18178028235672.35,1.0,40,TRIAL_040_AP3p2,rizk2025_refit_plot,rizk2025_refit_full,10336485574633.084,6.427261575711174e+23,3.6710952116155623e+25,3.863295935279671e+25,1.3648289718368876e+22,7.502791438969025e+18,4.194637202715501,70.40604431427035,0.4219393749593275,1.0968350431897522,1.5187744181490799,0.15772211365159602,1.676496531800676,12901757803502.73,3.2254394508756823e+18,73.35477855364928,0.160245841727396,643113463.4328059,30263877.061211016,21.25020076350626,530388100.3208027,529247201.29856026,79821653.95107247,31531383.727377456,1.002155701569027,2.5314986059989013,0.7112498187235236,40.62485668306491,42.75177696247647,15.9121165357351,15.9121165357351,0.0,1.4379101759479452e+25,1.4379101759479452e+25,0.0,9.03657393860029e+25,9.036573938600291e+25,1.0279694828918622,3328208770370911.0,0.000371934746628357,1.942109153886522e-07,9.641239829320846e-07,9.641239829320846e-07,0.012341598847543928,0.012341598847543928,3.878423054480706e+19,1.1454601219054768e-05,6527982.800675924,1.0999999999999999,10336485574633.084,0.0,3.0915183049745076e-25,1.4619026159955085e-21,4.194637202715501e-09,7.040604431427035e-08,3.7616889303685128e+25,2.630378568232918e+26,7.598663762652345e+25,0.004219393749593275,1.0968350431897522,0.15772211365159602,0.015187744181490798,0.01676496531800676,4458028.7363868,3767352.559793881,4.889941853001632e-22,7.335477855364928e-08,1.24204658131073e-14,0.3193492253681782,0.0,6.859559227741158e-19,3.156009871203467e-23,3.394474231030874e-22,3.330768464716398e-21,1.3842827431568335e+19,10336485574633.084,0.0005180400804635811,0.00024115633828666,8.785182018417465e-06,3.998841443944696e-06,8.785182018417465e-06,3.998841443944696e-06,9.259460400379638e-29,1.1335514215033719e+19,2.2294448630581617e+19,1.0115618843570424,2.1426508199856322e-21,-587819.8325286043,3.577895692185683e+21,0.0,0.0,0.0,0.0,0.0,0.3333333333333333,0.3333333333333333,2.0,3.1667589742037936e-25,1.2004150054659163e-20,0.0,6.859556060982184e-19,,0.0,0.0,0.0,0.0,0.0,3.1667589742037936e-25,6.859556060982184e-19,0.017499885424288566,1.6309123916979323e-17,3.330768464716398e-27,3.155676794356995e-23,,,3.330768464716398e-27,3.155676794356995e-23,,1.754844392274209e-07,4.019428965094406,9280025976002.287,4.566909939521178e-06,0.0002365894283471388,4.566909939521178e-06,0.0002365894283471388,0.0005180400804635811,0.00024115633828666,False,False,1.0,1.3304591591136745,2.596084240967497e-08,0.16966156116677528,0.7479495161149494,1.0,1.4732272839258997,3.168806228553683e-07,0.22284164122422484,0.6712705175147607,0.16159082009856657,0.22218450716290292,0.004219393749593275,0.010968350431897523,True,AP3.2,100.0,8.3,5.767844763153473e+19,$(U_{0.8}Pu_{0.2})N$,0.4219393749593275,0.7112498187235236,40.62485668306491,42.75177696247647,15.9121165357351,0.0,3.2254394508756823e+18,7.335477855364928e-08,ok,
40,TRIAL_040,AP3.2,1200.0,1.1,5.767844763153473e+19,1.062311996090433e-06,758842.2102745409,10336485574633.084,10.755588130453074,23.775760767576156,18178028235672.35,1.0,40,TRIAL_040_AP3p2,rizk2025_refit_plot,rizk2025_refit_full,10336485574633.084,6.412209883116735e+23,3.6787002942903624e+25,3.8586283788961168e+25,1.3586179112635581e+22,7.445390072723315e+18,4.222545949869517,74.38076517364637,0.42845883038459076,1.2833880478732467,1.7118468782578375,0.23865661673242144,1.9505034949902589,11669376061573.02,2.917344015393255e+18,87.08080940989629,0.20425543108284758,203793455.98682904,25493561.842659082,7.9939185134113275,526460156.22705424,525749163.26691526,66912944.071805194,29846425.95188792,1.0013523425424418,2.2419080991361597,0.7095841772208137,40.709015599115105,42.70012512611383,15.881275097550263,15.881275097550263,0.0,1.435123166582645e+25,1.435123166582645e+25,0.0,9.03657393860029e+25,9.036573938600291e+25,1.032838355385259,3312652823470259.0,0.0003694758350987178,1.9295828492214799e-07,1.1646704566788093e-06,1.1646704566788093e-06,0.014442028719095782,0.014442028719095782,4.616534524129223e+19,1.3029046521131282e-05,6527982.800675924,1.0999999999999999,10336485574633.084,0.0,3.1536374342813596e-25,1.7237351372294445e-21,4.222545949869517e-09,7.438076517364638e-08,3.962719271952983e+25,3.2702972088965976e+26,7.601450772017646e+25,0.004284588303845907,1.2833880478732467,0.23865661673242144,0.017118468782578375,0.019505034949902588,4919279.862128951,13689125.487201322,8.180612758493989e-22,8.70808094098963e-08,1.750354346325815e-14,0.2380173384144595,0.0,6.859582128801389e-19,5.699970868482597e-23,6.130653901697971e-22,3.503783313863259e-20,1.3842827431568335e+19,10336485574633.084,0.0005189517316998187,0.0002400744573916185,8.76110351453111e-06,3.976705252464892e-06,8.76110351453111e-06,3.976705252464892e-06,1.1246513191925825e-28,1.2039196489797069e+19,2.7222779276269933e+19,3.980395813877355,3.271186002790246e-21,-700344.2156748974,3.570085767987289e+21,0.0,0.0,0.0,0.0,0.0,0.3333333333333333,0.3333333333333333,2.0,2.6067819204802983e-24,1.4100662152237733e-20,0.0,6.859556060982184e-19,,0.0,0.0,0.0,0.0,0.0,2.6067819204802983e-24,6.859556060982184e-19,0.0205561532575478,1.6309178365992258e-17,3.503783313863259e-26,5.696467085168733e-23,,,3.503783313863259e-26,5.696467085168733e-23,,1.754844392274209e-07,4.019428965094406,9228923568073.648,4.787072796898871e-06,0.00023528738459471964,4.787072796898871e-06,0.00023528738459471964,0.0005189517316998187,0.0002400744573916185,False,False,1.0,1.3324809515237033,2.6000341422572582e-08,0.17047714061765343,0.7467615312277169,1.0,1.5085779407584703,3.176928099348694e-07,0.23478258975121197,0.6542970598082536,0.16241882562028342,0.23412762706071555,0.004284588303845907,0.012833880478732467,True,AP3.2,100.0,8.3,5.767844763153473e+19,$(U_{0.8}Pu_{0.2})N$,0.42845883038459076,0.7095841772208137,40.709015599115105,42.70012512611383,15.881275097550263,0.0,2.917344015393255e+18,8.70808094098963e-08,ok,
40,TRIAL_040,AP3.2,1250.0,1.1,5.767844763153473e+19,1.062311996090433e-06,758842.2102745409,10336485574633.084,10.755588130453074,23.775760767576156,18178028235672.35,1.0,40,TRIAL_040_AP3p2,rizk2025_refit_plot,rizk2025_refit_full,10336485574633.084,6.397456118634352e+23,3.6873296240587445e+25,3.8526983630421128e+25,1.3527362834871917e+22,7.383330017511193e+18,4.250579625975708,78.31857282298834,0.4351572433447578,1.4857138934840712,1.9208711368288292,0.4698113681219732,2.390682504950802,9319092750281.447,2.329773187570362e+18,117.63335172702737,0.29765668472734463,71035741.07031108,18872198.805927027,3.7640415831143907,522748219.08043617,522281711.04791516,57406595.90525771,28345766.78277235,1.0008932115037783,2.025226424290896,0.7079515048626138,40.804508977767405,42.63450273543462,15.853036781935371,15.853036781935371,0.0,1.4325713903130898e+25,1.4325713903130898e+25,0.0,9.03657393860029e+25,9.036573938600291e+25,1.0381565097556218,3297503835900930.0,0.0003670144907936669,1.9164452091424435e-07,1.377919076376654e-06,1.377919076376654e-06,0.01673135845356557,0.01673135845356557,5.414244518636582e+19,1.4753089079430051e-05,6527982.800675924,1.0999999999999999,10336485574633.084,0.0,3.216866795521849e-25,2.0122544840341333e-21,4.250579625975708e-09,7.831857282298835e-08,4.166895180983142e+25,3.964572724360005e+26,7.604002548287201e+25,0.004351572433447578,1.4857138934840712,0.4698113681219732,0.019208711368288292,0.023906825049508022,6148973.633811401,51135074.206054434,2.0165541033285e-21,1.1763335172702738e-07,3.194052175501258e-14,0.13141406987998266,0.0,6.859737343204004e-19,9.775347450615735e-23,1.051396110108973e-21,3.0533079764031823e-19,1.3842827431568335e+19,10336485574633.084,0.0005199847337689956,0.00023904351068799057,8.737131820265333e-06,3.956947514746558e-06,8.737131820265333e-06,3.956947514746558e-06,1.3371041353255984e-28,1.2776123249737583e+19,3.240173439014922e+19,17.64134286306115,7.127862322563307e-21,-886568.6568541613,3.562509718081151e+21,0.0,0.0,0.0,0.0,0.0,0.3333333333333333,0.3333333333333333,2.0,1.8128222181985484e-23,1.2247278119517971e-20,0.0,6.859556060982184e-19,,0.0,0.0,0.0,0.0,0.0,1.8128222181985484e-23,6.859556060982184e-19,0.017853858692784275,1.6309547400042684e-17,3.0533079764031822e-25,9.744814370851704e-23,,,3.0533079764031822e-25,9.744814370851704e-23,,1.754844392274209e-07,4.019428965094406,9180008551752.99,4.997897397953744e-06,0.00023404561329003684,4.997897397953744e-06,0.00023404561329003684,0.0005199847337689956,0.00023904351068799057,False,False,1.0,1.3345440814814087,2.60379675025843e-08,0.17130735628964502,0.7455525764189619,1.0,1.5445177188378323,3.1858036193998335e-07,0.24648846321704532,0.637755201034809,0.16326085715158514,0.24583576262211984,0.004351572433447578,0.014857138934840712,True,AP3.2,100.0,8.3,5.767844763153473e+19,$(U_{0.8}Pu_{0.2})N$,0.4351572433447578,0.7079515048626138,40.804508977767405,42.63450273543462,15.853036781935371,0.0,2.329773187570362e+18,1.1763335172702738e-07,ok,
40,TRIAL_040,AP3.2,1300.0,1.1,5.767844763153473e+19,1.062311996090433e-06,758842.2102745409,10336485574633.084,10.755588130453074,23.775760767576156,18178028235672.35,1.0,40,TRIAL_040_AP3p2,rizk2025_refit_plot,rizk2025_refit_full,10336485574633.084,6.382426414173463e+23,3.6966684026763243e+25,3.8458604337775993e+25,1.3470169888137064e+22,7.316479544918983e+18,4.278849945404865,82.23573627536682,0.44202094834858474,1.7044039318600692,2.1464248802086536,1.0523103560836937,3.198735236292347,6263624021594.469,1.565906005398617e+18,175.70598852536145,0.44635445253362566,27580403.65313578,12634742.95117474,2.1829018413525727,519149246.5530038,518831000.9291396,50110267.38149037,26995563.006407797,1.000613389761395,1.8562408707533145,0.7062882965977327,40.90785321731032,42.55883324707571,15.827025239016239,15.827025239016239,0.0,1.4302208380046317e+25,1.4302208380046317e+25,0.0,9.03657393860029e+25,9.03657393860029e+25,1.0439492506925583,3282463945754948.5,0.0003645385975059742,1.902470819079666e-07,1.6038278937054042e-06,1.6038278937054042e-06,0.01922059339298737,0.01922059339298737,6.274087151170041e+19,1.664312285623821e-05,6527982.800675924,1.0999999999999999,10336485574633.084,0.0,3.281480129941528e-25,2.3295410332196075e-21,4.278849945404865e-09,8.223573627536683e-08,4.374664801682135e+25,4.715126123965242e+26,7.606353100595658e+25,0.004420209483485847,1.7044039318600692,1.0523103560836937,0.021464248802086538,0.03198735236292347,9133503.754847372,203452629.94665435,6.720137431338463e-21,1.7570598852536145e-07,7.126137376617341e-14,0.04986733119723896,0.0,6.860642029484949e-19,1.6132812103425e-22,1.7351788237042763e-21,2.2525702314749626e-18,1.3842827431568335e+19,10336485574633.084,0.0005211365583863302,0.00023808231492009925,8.713172802569955e-06,3.9391361622250785e-06,8.713172802569955e-06,3.9391361622250785e-06,1.563288414161975e-28,1.3544214944456864e+19,3.781025187475677e+19,94.43942373147563,2.1590678668963816e-20,-1062623.4431088082,3.5551531082590076e+21,0.0,0.0,0.0,0.0,0.0,0.3333333333333333,0.3333333333333333,2.0,1.085968502764781e-22,8.409787168749566e-21,0.0,6.859556060982184e-19,,0.0,0.0,0.0,0.0,0.0,1.085968502764781e-22,6.859556060982184e-19,0.012258017737417087,1.631169836050123e-17,2.2525702314749626e-24,1.5907555080277505e-22,,,2.2525702314749626e-24,1.5907555080277505e-22,,1.754844392274209e-07,4.019428965094406,9133160884364.957,5.200380281787594e-06,0.00023288193463831165,5.200380281787594e-06,0.00023288193463831165,0.0005211365583863302,0.00023808231492009925,False,False,1.0,1.3366426212949052,2.607476448390223e-08,0.17214971779668628,0.7443262969667723,1.0,1.5811584712236701,3.195476231184208e-07,0.25800033604356565,0.6215862854873011,0.1641147506872954,0.25735000190362517,0.004420209483485847,0.01704403931860069,True,AP3.2,100.0,8.3,5.767844763153473e+19,$(U_{0.8}Pu_{0.2})N$,0.44202094834858474,0.7062882965977327,40.90785321731032,42.55883324707571,15.827025239016239,0.0,1.565906005398617e+18,1.7570598852536145e-07,ok,
40,TRIAL_040,AP3.2,1350.0,1.1,5.767844763153473e+19,1.062311996090433e-06,758842.2102745409,10336485574633.084,10.755588130453074,23.775760767576156,18178028235672.35,1.0,40,TRIAL_040_AP3p2,rizk2025_refit_plot,rizk2025_refit_full,10336485574633.084,6.364954571829752e+23,3.7060979486979375e+25,3.8387470954446806e+25,1.3409746753867554e+22,7.241840674048348e+18,4.307698244653052,86.29693517901656,0.44899861901071425,1.949502028269264,2.3985006472799784,1.638032320556993,4.036532967836972,3633614377997.6484,9.084035944994121e+17,244.16030172590297,0.5,12467764.036316788,9092387.191150332,1.3712310941236343,515576388.31212604,515356432.58103895,44079051.12740474,25725131.435951643,1.000426803115633,1.7134626206730648,0.7043548379150034,41.0122019017308,42.48011604317465,15.803327217179563,11.472910482903186,4.330416734276378,1.4280793487393749e+25,1.03675803869697e+25,3.9132131004240486e+24,9.03657393860029e+25,8.645252628557886e+25,1.0504969614164534,3266714721854679.0,0.0003619790924347718,1.8865533327643416e-07,1.8512439363261044e-06,1.8512439363261044e-06,0.022030002203061425,0.022030002203061425,7.234325633315304e+19,1.8796691294409904e-05,6527982.800675924,1.0999999999999999,10336485574633.084,0.0,3.3483005104568203e-25,2.6919979546849787e-21,4.307698244653052e-09,8.629693517901656e-08,4.586071315780002e+25,5.5561529755086163e+26,7.608494589860916e+25,0.004489986190107142,1.949502028269264,1.638032320556993,0.023985006472799785,0.04036532967836971,11412967.154409923,584018929.4265459,1.8031988539847783e-20,2.4416030172590296e-07,1.3760403498720513e-13,0.03407359027997264,1.0,6.865253628289335e-19,2.635683646760266e-22,2.8348327746723987e-21,1.4331663655150738e-17,1.3842827431568335e+19,10336485574633.084,0.0005224839312037233,0.000237255369947763,8.688943739527802e-06,3.9223472177089795e-06,8.688943739527802e-06,3.9223472177089795e-06,1.8122199861831294e-28,1.4346581855020329e+19,4.363274225779668e+19,191.3698581544663,2.9872229886451295e-20,-789017.867919469,3.5482521130859296e+21,2.662790374376891e+21,0.0,0.0,0.0,0.0,0.3333333333333333,0.3333333333333333,2.0,5.697567307150379e-22,4.811032795419547e-21,0.0,6.859556060982184e-19,,0.0,0.0,0.0,0.0,0.0,5.697567307150379e-22,6.859556060982184e-19,0.007007800521156197,1.6322662787494142e-17,1.433166365515074e-23,2.492367010208758e-22,,,1.433166365515074e-23,2.492367010208758e-22,,1.754844392274209e-07,4.019428965094406,9086616182150.361,5.404514318798068e-06,0.00023185085562896495,5.404514318798068e-06,0.00023185085562896495,0.0005224839312037233,0.000237255369947763,False,False,1.0,1.3387576418349996,2.611386671514273e-08,0.1729965585268485,0.7430938662130256,1.0,1.620061670723684,3.206415978322139e-07,0.2697854718244386,0.6051398522414548,0.16497380900607123,0.26913771679305726,0.004489986190107142,0.019495020282692642,True,AP3.2,100.0,8.3,5.767844763153473e+19,$(U_{0.8}Pu_{0.2})N$,0.44899861901071425,0.7043548379150034,41.0122019017308,42.48011604317465,11.472910482903186,4.330416734276378,9.084035944994121e+17,2.4416030172590296e-07,ok,
40,TRIAL_040,AP3.2,1400.0,1.1,5.767844763153473e+19,1.062311996090433e-06,758842.2102745409,10336485574633.084,10.755588130453074,23.775760767576156,18178028235672.35,1.0,40,TRIAL_040_AP3p2,rizk2025_refit_plot,rizk2025_refit_full,10336485574633.084,6.336176711517008e+23,3.713807330157395e+25,3.8330671599565303e+25,1.3328522176957092e+22,7.148012671371125e+18,4.3384999786823775,91.0365597140888,0.45592080123186896,2.2590270690192926,2.714947870251162,1.9115495683300245,4.626497438581186,2668164738771.9155,6.670411846929788e+17,284.9299818508918,0.49999999999999994,9068435.300106628,7791387.854584429,1.163905002466382,511842749.41918695,511697593.8476839,38324569.50776307,24385807.27316779,1.0002836745242665,1.5715932254550538,0.7011702393593698,41.097515002822426,42.41726107704763,15.784053680770587,9.543774186294627,6.240279494475958,1.4263376813711944e+25,8.624302108775621e+24,5.639074704936323e+24,9.03657393860029e+25,8.472666468106657e+25,1.0588506154391057,3247082271605432.5,0.0003590386026677773,1.8648712660739505e-07,2.153097563852717e-06,2.153097563852717e-06,0.025609176551120112,0.025609176551120112,8.435011109472807e+19,2.156913440385593e-05,6527982.800675924,1.0999999999999999,10336485574633.084,0.0,3.4206403018939635e-25,3.160356833259458e-21,4.338499978682378e-09,9.10365597140888e-08,4.800583315150047e+25,6.617292644043214e+26,7.610236257229095e+25,0.00455920801231869,2.2590270690192926,1.9115495683300245,0.027149478702511616,0.04626497438581186,12929189.841171736,943300688.4159184,2.865714459909787e-20,2.849299818508918e-07,1.8739472594564626e-13,0.0340735902799727,1.0,6.886110813242972e-19,4.565292615698932e-22,4.91024070694565e-21,7.989389038480301e-17,1.3842827431568335e+19,10336485574633.084,0.0005244482358040727,0.00023687942371556104,8.66331604038496e-06,3.90461637121079e-06,8.66331604038496e-06,3.90461637121079e-06,2.1176678661480085e-28,1.5206558428575943e+19,5.057814360850879e+19,388.9580340443333,5.120532285351745e-20,-729307.6537087281,3.5429494140398563e+21,2.788262490046638e+21,0.0,0.0,0.0,0.0,0.3333333333333333,0.3333333333333333,2.0,2.6554752260788454e-21,2.389663047018396e-21,0.0,6.859556060982184e-19,,0.0,0.0,0.0,0.0,0.0,2.6554752260788454e-21,6.859556060982184e-19,0.003470265163933658,1.6372252331468418e-17,7.989389038480301e-23,3.7663537118509016e-22,,,7.989389038480301e-23,3.7663537118509016e-22,,1.754844392274209e-07,4.019428965094406,9035052603178.332,5.643861813399825e-06,0.0002312355619021612,5.643861813399825e-06,0.0002312355619021612,0.0005244482358040727,0.00023687942371556104,False,False,1.0,1.34082835055394,2.616680350299887e-08,0.17382358916829274,0.7418906248458287,1.0,1.6666069409416258,3.2203835128438024e-07,0.28333243820639975,0.5863739200877245,0.16581728592648948,0.28268785141870556,0.00455920801231869,0.022590270690192926,True,AP3.2,100.0,8.3,5.767844763153473e+19,$(U_{0.8}Pu_{0.2})N$,0.45592080123186896,0.7011702393593698,41.097515002822426,42.41726107704763,9.543774186294627,6.240279494475958,6.670411846929788e+17,2.849299818508918e-07,ok,
40,TRIAL_040,AP3.2,1450.0,1.1,5.767844763153473e+19,1.062311996090433e-06,758842.2102745409,10336485574633.084,10.755588130453074,23.775760767576156,18178028235672.35,1.0,40,TRIAL_040_AP3p2,rizk2025_refit_plot,rizk2025_refit_full,10336485574633.084,6.262967842349602e+23,3.7136578121283037e+25,3.8344219622201496e+25,1.316497137221089e+22,7.009061227534589e+18,4.376279523858792,97.48992616743497,0.4621933465938955,2.7203681877772357,3.182561534371131,2.110684697393281,5.293246231764412,2188452102170.3118,5.471130255425779e+17,314.61248114356664,0.5,7510369.537355518,7056299.838870508,1.0643495470506668,507363720.7624306,507280210.94103044,32058766.51069626,22771583.560205396,1.0001646226673129,1.4078408919580248,0.6930688427830978,41.09586041525298,42.432253509719835,15.778817232244085,8.491745369389802,7.287071862854282,1.4258644858283405e+25,7.673628489825758e+24,6.585016368457648e+24,9.03657393860029e+25,8.378072301754525e+25,1.0714801313992999,3211537363964626.0,0.0003546457048516825,1.8279759529387158e-07,2.573729076158981e-06,2.573729076158981e-06,0.031013571653584805,0.031013571653584805,1.016511540970998e+20,2.5834889930821083e-05,6527982.800675924,1.0999999999999999,10336485574633.084,0.0,3.510781250687034e-25,3.88121618497277e-21,4.376279523858793e-09,9.748992616743498e-08,5.015724095675826e+25,8.196043589138823e+26,7.610709452771949e+25,0.004621933465938955,2.7203681877772357,2.110684697393281,0.03182561534371131,0.05293246231764412,14025673.181909235,1279715921.0133553,3.857858612121493e-20,3.1461248114356667e-07,2.2847198689162287e-13,0.03407359027997264,1.0,6.970855980789518e-19,9.468385261965149e-22,1.0183805213814916e-20,3.956100289530877e-16,1.3842827431568335e+19,10336485574633.084,0.0005287430002209302,0.00023839147223654532,8.63221901933732e-06,3.883203175659841e-06,8.63221901933732e-06,3.883203175659841e-06,2.5466432445867494e-28,1.6165971031028218e+19,5.991803028394824e+19,659.7755843632996,7.794596276240277e-20,-746918.1239929514,3.543435810753892e+21,3.097763693626944e+21,0.0,0.0,0.0,0.0,0.3333333333333333,0.3333333333333333,2.0,1.1129991980733449e-20,1.0648433877683903e-21,0.0,6.859556060982184e-19,,0.0,0.0,0.0,0.0,0.0,1.1129991980733449e-20,6.859556060982184e-19,0.0015275647505886161,1.6573740414447902e-17,3.9561002895308766e-22,5.512284972434272e-22,,,3.9561002895308766e-22,5.512284972434272e-22,,1.754844392274209e-07,4.019428965094406,8969887162135.082,5.9984827131338495e-06,0.00023239298952341147,5.9984827131338495e-06,0.00023239298952341147,0.0005287430002209302,0.00023839147223654532,False,False,1.0,1.3426447725683175,2.6274716364250287e-08,0.17454738191165697,0.7408378762192915,1.0,1.7318769576347721,3.2415237084772717e-07,0.30139250729111244,0.5616001014821708,0.16657426147953522,0.3007524882849163,0.004621933465938955,0.027203681877772355,True,AP3.2,100.0,8.3,5.767844763153473e+19,$(U_{0.8}Pu_{0.2})N$,0.4621933465938955,0.6930688427830978,41.09586041525298,42.432253509719835,8.491745369389802,7.287071862854282,5.471130255425779e+17,3.1461248114356667e-07,ok,
40,TRIAL_040,AP3.2,1500.0,1.1,5.767844763153473e+19,1.062311996090433e-06,758842.2102745409,10336485574633.084,10.755588130453074,23.775760767576156,18178028235672.35,1.0,40,TRIAL_040_AP3p2,rizk2025_refit_plot,rizk2025_refit_full,10336485574633.084,6.039531569078707e+23,3.6855507980616803e+25,3.8611208936868963e+25,1.2728867930524659e+22,6.800326027171635e+18,4.437235446281202,106.28742562251752,0.46581751117964043,3.420298487639729,3.886115998819369,2.249425342582002,6.135541341401371,1926817585712.3323,4.817043964280831e+17,335.29275549823006,0.5,6771252.20936656,6621079.530039889,1.0226809961495458,500353557.5702903,500311517.5825429,25860323.87575706,20886760.47046606,1.0000840276233307,1.2381203831165506,0.6683430700744306,40.78482423873743,42.727707645857656,15.81912504533049,7.918759745171785,7.900365300158706,1.4295069311609264e+25,7.155845793925642e+24,7.139223517683622e+24,9.03657393860029e+25,8.322651586831928e+25,1.0910590524402142,3120478655811312.5,0.0003455098341841061,1.7612772250431436e-07,3.124018353162711e-06,3.124018353162711e-06,0.039389077706963364,0.039389077706963364,1.2499755499965855e+20,3.2704545796089514e-05,6527982.800675924,1.0999999999999999,10336485574633.084,0.0,3.6595360539689435e-25,5.029609571619738e-21,4.437235446281202e-09,1.0628742562251752e-07,5.221554685309456e+25,1.0584098218976027e+27,7.607067007439363e+25,0.004658175111796404,3.420298487639729,2.249425342582002,0.03886115998819369,0.06135541341401371,14855263.61600062,1555198375.7594638,4.6697214292870465e-20,3.3529275549823004e-07,2.5949524423462907e-13,0.03407359027997264,1.0,7.283547683483441e-19,2.5448943822908676e-21,2.737183581142436e-20,1.7607759639859707e-15,1.3842827431568335e+19,10336485574633.084,0.0005412583407424465,0.0002473085936455944,8.582810244331366e-06,3.858140643177494e-06,8.582810244331366e-06,3.858140643177494e-06,3.114134284019414e-28,1.7223241929134723e+19,7.133742108824389e+19,932.0282535824905,1.0285359533093324e-19,-764072.0747744323,3.562874465661913e+21,3.356342429739326e+21,0.0,0.0,0.0,0.0,0.3333333333333333,0.3333333333333333,2.0,4.239916225012569e-20,4.369022003359254e-22,0.0,6.859556060982184e-19,,0.0,0.0,0.0,0.0,0.0,4.239916225012569e-20,6.859556060982184e-19,0.0005998480676204922,1.731718872617358e-17,1.7607759639859707e-21,7.84118418304897e-22,,,1.7607759639859707e-21,7.84118418304897e-22,,1.754844392274209e-07,4.019428965094406,8890932241005.05,6.628483832481147e-06,0.00024068010981311325,6.628483832481147e-06,0.00024068010981311325,0.0005412583407424465,0.0002473085936455944,False,False,1.0,1.3435112251530066,2.6571427846806562e-08,0.17489208853760743,0.7403366005669388,1.0,1.8241349645229994,3.2743540431893504e-07,0.32523797711109625,0.5293448289472725,0.16700851082871687,0.3246045996222248,0.004658175111796404,0.03420298487639729,True,AP3.2,100.0,8.3,5.767844763153473e+19,$(U_{0.8}Pu_{0.2})N$,0.46581751117964043,0.6683430700744306,40.78482423873743,42.727707645857656,7.918759745171785,7.900365300158706,4.817043964280831e+17,3.352927554982301e-07,ok,
40,TRIAL_040,AP3.2,1550.0,1.1,5.767844763153473e+19,1.062311996090433e-06,758842.2102745409,10336485574633.084,10.755588130453074,23.775760767576156,18178028235672.35,1.0,40,TRIAL_040_AP3p2,rizk2025_refit_plot,rizk2025_refit_full,10336485574633.084,5.4184905431358206e+23,3.574286912613119e+25,3.9638581214360696e+25,1.1566449396202638e+22,6.530662259790276e+18,4.565704140601739,116.60841013990083,0.4611178861719579,4.337459733389378,4.798577619561335,2.3714899358500343,7.170067555411369,1733569258202.6755,4.3339231455066886e+17,353.4873463792196,0.5,6332774.776521933,6280281.3813267145,1.00835844638288,486257160.7168851,486233871.4105584,21203880.8928578,19038077.93397198,1.0000478973343818,1.113761639509896,0.5996177954114225,39.553562410919135,43.86461227860043,15.982207515069014,7.575436346578507,8.406771168490508,1.4442439991197435e+25,6.845599066301673e+24,7.596840924895762e+24,9.03657393860029e+25,8.276889846110715e+25,1.1175029823641018,2876550639076530.5,0.00032372441102538236,1.647599732245267e-07,3.6801618372113397e-06,3.6801618372113397e-06,0.05072890064101969,0.05072890064101969,1.4505852064386379e+20,4.235132137909463e-05,6527982.800675924,1.0999999999999999,10336485574633.084,0.0,3.986684853550189e-25,6.641684351211066e-21,4.5657041406017395e-09,1.1660841013990083e-07,5.384411726886316e+25,1.3693598993096204e+27,7.592329939480547e+25,0.004611178861719579,4.337459733389378,2.3714899358500343,0.04798577619561335,0.07170067555411369,15795386.38888655,1827052688.869077,5.471924296370461e-20,3.534873463792196e-07,2.884222811601934e-13,0.03407359027997264,1.0,8.341202920002465e-19,8.20455958647652e-21,8.824486370390183e-20,7.11715258415843e-15,1.3842827431568335e+19,10336485574633.084,0.0005788163938577206,0.00028122399551565417,8.481671061157488e-06,3.833495961497123e-06,8.481671061157488e-06,3.833495961497123e-06,3.6956177994339026e-28,1.8404686311810083e+19,8.137054296371465e+19,1246.5921800819062,1.3010875930458626e-19,-782439.4016297492,3.6357742920062185e+21,3.654538480312526e+21,0.0,0.0,0.0,0.0,0.3333333333333333,0.3333333333333333,2.0,1.4816468590202815e-19,1.6851976248218294e-22,0.0,6.859556060982184e-19,,0.0,0.0,0.0,0.0,0.0,1.4816468590202815e-19,6.859556060982184e-19,0.00020203292510492376,1.9831844513978628e-17,7.11715258415843e-21,1.0874070023180895e-21,,,7.11715258415843e-21,1.0874070023180895e-21,,1.754844392274209e-07,4.019428965094406,8813445944506.562,7.996523110134766e-06,0.0002732274724055194,7.996523110134766e-06,0.0002732274724055194,0.0005788163938577206,0.00028122399551565417,False,False,1.0,1.3414707810661761,2.7433340667780894e-08,0.17407975831860278,0.7415179983269532,1.0,1.9366683607943846,3.318813705106415e-07,0.3519792042388949,0.4938344328530181,0.1664449626665321,0.3513542021600195,0.004611178861719579,0.043374597333893775,True,AP3.2,100.0,8.3,5.767844763153473e+19,$(U_{0.8}Pu_{0.2})N$,0.4611178861719579,0.5996177954114225,39.553562410919135,43.86461227860043,7.575436346578507,8.406771168490508,4.3339231455066886e+17,3.5348734637921965e-07,ok,
40,TRIAL_040,AP3.2,1600.0,1.1,5.767844763153473e+19,1.062311996090433e-06,758842.2102745409,10336485574633.084,10.755588130453074,23.775760767576156,18178028235672.35,1.0,40,TRIAL_040_AP3p2,rizk2025_refit_plot,rizk2025_refit_full,10336485574633.084,4.153452793631093e+23,3.2755431298211856e+25,4.239202556827908e+25,9.147460754394391e+21,6.19584485053739e+18,4.847309661482972,128.43274886946617,0.43640674904251303,5.498148647511612,5.934555396554124,2.525785051645212,8.460340448199338,1528237990155.8547,3.820594975389637e+17,376.4861245807226,0.5,5918870.506173269,5896631.655342742,1.003771449893835,458003851.7994365,457986007.7106813,18226733.789865457,17285310.94710367,1.0000389620828034,1.0544637493443259,0.4596269362539447,36.24762163267982,46.91161258272773,16.38113884833852,7.322310450016792,9.058828398321728,1.4802937240148862e+25,6.61685997829623e+24,8.186077261852632e+24,9.03657393860029e+25,8.217966212415028e+25,1.1523087774865075,2360381224618769.0,0.0002793614788257504,1.4616103364939877e-07,4.556878129670977e-06,4.556878129670977e-06,0.06576978115987865,0.06576978115987865,1.4982150104786967e+20,5.41853893414031e-05,6527982.800675924,1.0999999999999999,10336485574633.084,0.0,4.770796626078615e-25,8.87392886707732e-21,4.8473096614829715e-09,1.2843274886946617e-07,5.407759098795708e+25,1.7586461384200074e+27,7.556280214585404e+25,0.00436406749042513,5.498148647511612,2.525785051645212,0.059345553965541246,0.08460340448199337,17318925.510080848,2212510042.586733,6.61097307596083e-20,3.7648612458072264e-07,3.2717417262281797e-13,0.03407359027997264,1.0,1.1647735522501893e-18,2.783708154963653e-20,2.994041839017249e-19,2.6363059898109156e-14,1.3842827431568335e+19,10336485574633.084,0.0006769079715367906,0.000390240827235576,8.273252632949083e-06,3.810072987188051e-06,8.273252632949083e-06,3.810072987188051e-06,4.606703969525234e-28,1.995447036572423e+19,9.604647886645314e+19,1793.1210367457115,1.7523360296887223e-19,-819039.0040456495,3.822531518725234e+21,4.1944700825961014e+21,0.0,0.0,0.0,0.0,0.3333333333333333,0.3333333333333333,2.0,4.788179461519709e-19,6.213051142733445e-23,0.0,6.859556060982184e-19,,0.0,0.0,0.0,0.0,0.0,4.788179461519709e-19,6.859556060982184e-19,5.3341279347652143e-05,2.7693377326700367e-17,2.6363059898109155e-20,1.4740216515273757e-21,,,2.6363059898109155e-20,1.4740216515273757e-21,,1.754844392274209e-07,4.019428965094406,8745003060394.229,1.1666290660910384e-05,0.0003785745365746656,1.1666290660910384e-05,0.0003785745365746656,0.0006769079715367906,0.000390240827235576,False,False,1.0,1.3324753131187892,2.9665163481857714e-08,0.17047486887224295,0.7467648398134026,1.0,2.0703513617125178,3.377546728314414e-07,0.38086649506224063,0.45632436852621355,0.16341696963368313,0.38025257095112375,0.00436406749042513,0.054981486475116116,True,AP3.2,100.0,8.3,5.767844763153473e+19,$(U_{0.8}Pu_{0.2})N$,0.43640674904251303,0.4596269362539447,36.24762163267982,46.91161258272773,7.322310450016792,9.058828398321728,3.820594975389637e+17,3.7648612458072264e-07,ok,
40,TRIAL_040,AP3.2,1650.0,1.1,5.767844763153473e+19,1.062311996090433e-06,758842.2102745409,10336485574633.084,10.755588130453074,23.775760767576156,18178028235672.35,1.0,40,TRIAL_040_AP3p2,rizk2025_refit_plot,rizk2025_refit_full,10336485574633.084,2.560318108024876e+23,2.7036900927246585e+25,4.769444292648714e+25,5.888148400897825e+21,5.712551117317644e+18,5.3530076533914155,144.51267074210165,0.3783214359102914,7.221650900634765,7.599972336545056,2.7362660769899136,10.336238413534971,1302168292626.136,3.25542073156534e+17,407.8598099535881,0.5,5454965.453317458,5443046.7180686975,1.0021897176096606,414739057.4034265,414720124.41333085,15940047.6587419,15361974.756952822,1.0000456524508485,1.0376301166311606,0.2833284080251164,29.91941537904844,52.77934231551777,17.017913897408665,7.106054715788783,9.911859181619883,1.5378363721466684e+25,6.421438885096461e+24,8.956924836370223e+24,9.03657393860029e+25,8.140881454963266e+25,1.2069301962209853,1638181560494830.2,0.0002178481395671431,1.1978037422147184e-07,7.569000214741616e-06,7.569000214741616e-06,0.08962494677082716,0.08962494677082716,1.4212776788394818e+20,6.908510847827415e-05,6527982.800675924,1.0999999999999999,10336485574633.084,0.0,6.425134187389111e-25,1.2641726528699714e-20,5.353007653391416e-09,1.4451267074210164e-07,5.083339078081616e+25,2.333164025099935e+27,7.498737566453621e+25,0.0037832143591029137,7.221650900634765,2.7362660769899136,0.07599972336545056,0.1033623841353497,19725373.199330732,2819683290.0395026,8.405260955852562e-20,4.078598099535881e-07,3.83974946119775e-13,0.03407359027997264,1.0,2.1271476252081635e-18,9.216017886357202e-20,9.912369258854674e-19,9.020265555838444e-14,1.3842827431568335e+19,10336485574633.084,0.0008752656095859747,0.0007087540599867489,7.93927406496501e-06,3.7843078195053784e-06,7.93927406496501e-06,3.7843078195053784e-06,7.723646014944107e-28,2.1897498320586093e+19,1.4819643684950075e+20,2852.303397257779,2.566196419484927e-19,-870958.7080804419,4.1526128639121293e+21,5.080124632619817e+21,0.0,0.0,0.0,0.0,0.3333333333333333,0.3333333333333333,2.0,1.441192019109945e-18,2.2189009104417195e-23,0.0,6.859556060982184e-19,,0.0,0.0,0.0,0.0,0.0,1.441192019109945e-18,6.859556060982184e-19,1.043134422898635e-05,5.057455305426704e-17,9.020265555838444e-20,1.957523305187582e-21,,,9.020265555838444e-20,1.957523305187582e-21,,1.754844392274209e-07,4.019428965094406,8685425797039.69,2.209891537046351e-05,0.0006866551446162854,2.209891537046351e-05,0.0006866551446162854,0.0008752656095859747,0.0007087540599867489,False,False,1.0,1.311481850474605,3.435767773720873e-08,0.16190810229527924,0.7592599949638298,1.0,2.2581612427558104,3.470218199830173e-07,0.417028406994267,0.41072065600910185,0.15581896541513623,0.4164333444401256,0.0037832143591029137,0.07221650900634766,True,AP3.2,100.0,8.3,5.767844763153473e+19,$(U_{0.8}Pu_{0.2})N$,0.3783214359102914,0.2833284080251164,29.91941537904844,52.77934231551777,7.106054715788783,9.911859181619883,3.25542073156534e+17,4.0785980995358815e-07,ok,
40,TRIAL_040,AP3.2,1700.0,1.1,5.767844763153473e+19,1.062311996090433e-06,758842.2102745409,10336485574633.084,10.755588130453074,23.775760767576156,18178028235672.35,1.0,40,TRIAL_040_AP3p2,rizk2025_refit_plot,rizk2025_refit_full,10336485574633.084,1.321053291962932e+23,1.9232514619511152e+25,5.50173170821516e+25,3.123222125409845e+21,5.016805769187405e+18,6.023763114180487,167.1847328783181,0.28595331547122577,9.81987011202896,10.105823427500185,2.9747174269592183,13.080540854459406,1101773527666.8667,2.7544338191671667e+17,443.40267002099944,0.5,5014310.320807478,5006735.750812826,1.0015128759278784,368564875.0408998,368540388.77689564,13807554.378144046,13278724.44917432,1.000066441195456,1.0398253560418305,0.14618961798342295,21.282971566644594,60.88293799837314,17.68790081699884,6.90725044923381,10.780650367765034,1.598380235514385e+25,6.241787939693139e+24,9.742014415450713e+24,9.03657393860029e+25,8.06237249705522e+25,1.2965510987628674,974270692974242.5,0.00016244016303453362,9.119536907848257e-08,1.714826100196799e-05,1.714826100196799e-05,0.12915141523371343,0.12915141523371343,1.2659616057971968e+20,9.088825278624943e-05,6527982.800675924,1.0999999999999999,10336485574633.084,0.0,9.155714963235334e-25,1.9573949169691552e-20,6.0237631141804876e-09,1.6718473287831811e-07,4.192317935515251e+25,3.201214162053503e+27,7.4381937030859046e+25,0.002859533154712258,9.81987011202896,2.9747174269592183,0.10105823427500185,0.13080540854459405,22660874.609724373,3630760012.15401,1.0799741878926889e-19,4.4340267002099944e-07,4.538137715641145e-13,0.03407359027997264,1.0,4.751541991998671e-18,2.8964180859428994e-19,3.1152679985997058e-18,2.8708990269161864e-13,1.3842827431568335e+19,10336485574633.084,0.001162033035629136,0.001579304177583344,7.561973710266807e-06,3.75632639413653e-06,7.561973710266807e-06,3.75632639413653e-06,1.783982594511324e-27,2.284983313839577e+19,3.006270618988277e+20,4597.273311939941,3.7966079943934287e-19,-922657.2127464267,4.546243806994723e+21,6.182564011388137e+21,0.0,0.0,0.0,0.0,0.3333333333333333,0.3333333333333333,2.0,4.065586385900453e-18,7.758935285868006e-24,0.0,6.859556060982184e-19,,0.0,0.0,0.0,0.0,0.0,4.065586385900453e-18,6.859556060982184e-19,1.6329299623014206e-06,1.1297152567885266e-16,2.8708990269161863e-19,2.5519059026713273e-21,,,2.8708990269161863e-19,2.5519059026713273e-21,,1.754844392274209e-07,4.019428965094406,8659018075333.918,5.01433975870109e-05,0.001529160779996333,5.01433975870109e-05,0.001529160779996333,0.001162033035629136,0.001579304177583344,False,False,1.0,1.2758739273008572,4.244438406034128e-08,0.14685986331184986,0.7812939285405511,1.0,2.529279535785537,3.623709878472785e-07,0.4619178771712843,0.35640245997892017,0.14193790108077517,0.4613550170981999,0.002859533154712258,0.0981987011202896,True,AP3.2,100.0,8.3,5.767844763153473e+19,$(U_{0.8}Pu_{0.2})N$,0.28595331547122577,0.14618961798342295,21.282971566644594,60.88293799837314,6.90725044923381,10.780650367765034,2.7544338191671667e+17,4.4340267002099944e-07,ok,
40,TRIAL_040,AP3.2,1750.0,1.1,5.767844763153473e+19,1.062311996090433e-06,758842.2102745409,10336485574633.084,10.755588130453074,23.775760767576156,18178028235672.35,1.0,40,TRIAL_040_AP3p2,rizk2025_refit_plot,rizk2025_refit_full,10336485574633.084,6.172699762359886e+22,1.1435480280677702e+25,6.243899588993365e+25,1.4480411737188032e+21,4.1623884231186017e+18,6.673172643598393,196.6068962284596,0.18024640120671057,13.250353226812683,13.430599628019394,3.1975541106999827,16.628153738719377,953559865361.8743,2.3838996634046858e+17,476.61805365838944,0.5,4663202.162871969,4657817.686426037,1.0011560084160493,332707965.61236125,332675343.28362644,11860501.278226426,11291567.297925977,1.0000980605548124,1.0503857405521508,0.06830796499094435,12.654663546579675,69.09587230091881,18.181156187510577,6.7190848471185065,11.46207134039207,1.6429536217767948e+25,6.071750702071521e+24,1.0357785515696427e+25,9.03657393860029e+25,8.000795387030647e+25,1.4302036966126477,514523020871801.6,0.00012666708745870956,6.66772910559674e-08,4.241756526051444e-05,4.241756526051444e-05,0.18863216627501714,0.18863216627501714,1.0274250463303377e+20,0.00013441654108008067,6527982.800675924,1.0999999999999999,10336485574633.084,0.0,1.2447601938265937e-24,3.183353373082148e-20,6.673172643598394e-09,1.966068962284596e-07,2.8425782026256855e+25,4.353856156101038e+27,7.393620316823495e+25,0.0018024640120671057,13.250353226812683,3.1975541106999827,0.13430599628019393,0.16628153738719376,25469824.90613655,4517133506.189076,1.341312371399573e-19,4.7661805365838947e-07,5.243509276790408e-13,0.03407359027997264,1.0,1.1495000451183415e-17,8.585058024105227e-19,9.23373481833171e-18,8.552344067970446e-13,1.3842827431568335e+19,10336485574633.084,0.0014390766278124863,0.0038351026461374373,7.253202090095652e-06,3.7295642383128397e-06,7.253202090095652e-06,3.7295642383128397e-06,4.5847643567151746e-27,1.992218800259311e+19,6.420710055446605e+20,6846.925535145887,5.2528765854909805e-19,-956396.6073822512,4.869864783733571e+21,7.203035562742288e+21,0.0,0.0,0.0,0.0,0.3333333333333333,0.3333333333333333,2.0,1.0809044845085196e-17,2.6793973973199525e-24,0.0,6.859556060982184e-19,,0.0,0.0,0.0,0.0,0.0,1.0809044845085196e-17,6.859556060982184e-19,2.3309241341039768e-07,2.7330238075051683e-16,8.552344067970446e-19,3.2713956134781503e-21,,,8.552344067970446e-19,3.2713956134781503e-21,,1.754844392274209e-07,4.019428965094406,8699729400798.522,0.00011834135203063198,0.003716761294106805,0.00011834135203063198,0.003716761294106805,0.0014390766278124863,0.0038351026461374373,False,False,1.0,1.227980016388903,5.484007584148889e-08,0.12550174544420734,0.8127357512585365,1.0,2.8810628982041298,3.8563007820893096e-07,0.5103264524234601,0.3009632683221744,0.12169952060011693,0.5098109414172349,0.0018024640120671057,0.13250353226812683,True,AP3.2,100.0,8.3,5.767844763153473e+19,$(U_{0.8}Pu_{0.2})N$,0.18024640120671057,0.06830796499094435,12.654663546579675,69.09587230091881,6.7190848471185065,11.46207134039207,2.3838996634046858e+17,4.7661805365838947e-07,ok,
40,TRIAL_040,AP3.2,1800.0,1.1,5.767844763153473e+19,1.062311996090433e-06,758842.2102745409,10336485574633.084,10.755588130453074,23.775760767576156,18178028235672.35,1.0,40,TRIAL_040_AP3p2,rizk2025_refit_plot,rizk2025_refit_full,10336485574633.084,2.743075310962012e+22,5.693090219277293e+24,6.79822035881636e+25,6.185737757353078e+20,3.2697418240003133e+18,7.1272176781611565,232.56486049630436,0.0938080661281664,17.227979964459134,17.3217880305873,3.386919491345826,20.70870752193313,849912119152.9663,2.1247802978824157e+17,504.84430285670044,0.5,4401613.603616684,4397395.370093232,1.0009592572803756,311521001.0802616,311481997.638771,10146899.63395868,9545724.127292557,1.0001252189268923,1.0629785125412623,0.03035525775144488,6.3000538234506145,75.23006401549304,18.439526903304884,6.5398487497718145,11.89967815353307,1.6663014825452381e+25,5.909782677457567e+24,1.0753232147994816e+25,9.03657393860029e+25,7.961250723800808e+25,1.611279428682706,246587281867636.06,0.00010869121108866423,4.811605331667388e-08,9.736074925449124e-05,9.736074925449124e-05,0.26978511712232384,0.26978511712232384,7.493858615529357e+19,0.00029450425582052455,6527982.800675924,1.0999999999999999,10336485574633.084,0.0,1.516521873509031e-24,5.268911397836859e-20,7.127217678161157e-09,2.3256486049630438e-07,1.554591911388256e+25,5.69924780238922e+27,7.3702724560550515e+25,0.0009380806612816641,17.227979964459134,3.386919491345826,0.173217880305873,0.20708707521933128,27813617.640126534,5375281737.0807,1.5940092699095877e-19,5.048443028567005e-07,5.882961176013194e-13,0.03407359027997264,1.0,2.790413000779694e-17,2.4019434300062056e-18,2.583431424579449e-17,2.3978131732901632e-12,1.3842827431568335e+19,10336485574633.084,0.0015906933501186214,0.009409397894514828,7.063943373643901e-06,3.705994966331977e-06,7.063943373643901e-06,3.705994966331977e-06,1.1232029632229644e-26,1.3002741013288176e+19,1.2395135890647087e+21,9155.707166974436,6.625352491487742e-19,-958442.1879179515,5.045825263930951e+21,7.882699566583648e+21,0.0,0.0,0.0,0.0,0.3333333333333333,0.3333333333333333,2.0,2.721817440169872e-17,9.201272251725335e-25,0.0,6.859556060982184e-19,,0.0,0.0,0.0,0.0,0.0,2.721817440169872e-17,6.859556060982184e-19,3.297458924236063e-08,6.634419194927229e-16,2.397813173290163e-18,4.130256716042414e-21,,,2.397813173290163e-18,4.130256716042414e-21,,1.754844392274209e-07,4.019428965094406,8815475706132.11,0.00026691466520977093,0.009142483229305057,0.00026691466520977093,0.009142483229305057,0.0015906933501186214,0.009409397894514828,False,False,1.0,1.1761195283737274,7.281608687966182e-08,0.10075147125743496,0.849384150101248,1.0,3.2957203826100665,4.179189912709725e-07,0.5568867805759714,0.2510214970256611,0.09789189318835195,0.5564311731902443,0.0009380806612816641,0.17227979964459134,True,AP3.2,100.0,8.3,5.767844763153473e+19,$(U_{0.8}Pu_{0.2})N$,0.0938080661281664,0.03035525775144488,6.3000538234506145,75.23006401549304,6.5398487497718145,11.89967815353307,2.1247802978824157e+17,5.048443028567005e-07,ok,
40,TRIAL_040,AP3.4,900.0,1.3,7.498198192099515e+19,1.062311996090433e-06,758842.2102745409,10336485574633.084,10.755588130453074,23.775760767576156,18178028235672.35,1.0,40,TRIAL_040_AP3p4,rizk2025_refit_plot,rizk2025_refit_full,10336485574633.084,6.608354742566805e+23,4.8824356456226186e+25,3.92950036116851e+25,1.8151631254129545e+22,7.694190016248694e+18,4.087033074356392,52.96317014736482,0.5190733432288338,0.4788212690993688,0.9978946123282026,0.15314862815985134,1.151043240488054,12968782508797.885,3.242195627199471e+18,72.51343479409547,0.1574045290792676,1457155964830.6975,30615016.462863337,47596.11893719732,582977978.8649316,543181315.0544655,337173442.49782306,41915919.94631492,1.073265892451539,8.044042524407626,0.6187837138461034,45.717455843471924,36.79449608510291,16.869264357579077,16.869264357579077,0.0,1.8015678277652015e+25,1.8015678277652015e+25,0.0,1.0679587381981997e+26,1.0679587381981999e+26,1.0120737087369256,4573929077971075.0,0.00037193378436451823,1.9580946121111154e-07,3.5500713619313864e-07,3.5500713619313864e-07,0.005431873190786909,0.005431873190786909,1.658927375512792e+19,7.520651852129313e-06,5934529.818796294,1.2999999999999998,10336485574633.084,0.0,2.859651212398573e-25,6.22315367944108e-22,4.087033074356392e-09,5.2963170147364824e-08,3.562132329973707e+25,4.95689414536792e+25,8.878019554216797e+25,0.005190733432288338,0.4788212690993688,0.15314862815985134,0.009978946123282026,0.01151043240488054,5556629.009833535,1621.9259979000294,4.72360849774316e-22,7.251343479409547e-08,1.2137186275773076e-14,0.32567856717787635,0.0,8.917422879279335e-19,5.811156342883063e-25,6.250240418572017e-24,5.119872410101689e-28,1.7995675661038836e+19,10336485574633.084,0.0008736535634209534,0.00032015327541832925,1.1544092081055227e-05,5.3744042821550035e-06,1.1544092081055227e-05,5.3744042821550035e-06,2.255165628876719e-29,1.0337016197445278e+19,4.829416153283277e+18,0.0004631668458133829,2.1730937293622937e-21,-604300.6950292442,6.917410380715718e+21,0.0,0.0,0.0,0.0,0.0,0.3333333333333333,0.3333333333333333,2.0,2.4966082885114063e-31,1.092543251978497e-24,0.0,8.91742287927684e-19,,0.0,0.0,0.0,0.0,0.0,2.4966082885114063e-31,8.91742287927684e-19,1.2251782457431146e-06,2.120185130410556e-17,5.119872410101689e-34,5.811156337763191e-25,,,5.119872410101689e-34,5.811156337763191e-25,,1.754844392274209e-07,4.019428965094406,9521484659386.068,4.584541885335889e-06,0.00031556873353299336,4.584541885335889e-06,0.00031556873353299336,0.0008736535634209534,0.00032015327541832925,False,False,1.0,1.3616086102418854,2.3608074370896152e-08,0.18201189237821905,0.7299970363559866,1.0,1.329349515933062,3.142312105510981e-07,0.16921309345947508,0.7486029050702062,0.1731448488090495,0.16854833930250765,0.005190733432288338,0.004788212690993688,True,AP3.4,130.0,8.3,7.498198192099515e+19,$(U_{0.8}Pu_{0.2})N$,0.5190733432288338,0.6187837138461034,45.717455843471924,36.79449608510291,16.869264357579077,0.0,3.242195627199471e+18,7.251343479409547e-08,ok,
40,TRIAL_040,AP3.4,950.0,1.3,7.498198192099515e+19,1.062311996090433e-06,758842.2102745409,10336485574633.084,10.755588130453074,23.775760767576156,18178028235672.35,1.0,40,TRIAL_040_AP3p4,rizk2025_refit_plot,rizk2025_refit_full,10336485574633.084,6.579057709210933e+23,4.89325254347368e+25,3.925106235223249e+25,1.8013239049101152e+22,7.668293935987131e+18,4.130386718391539,55.93518835681888,0.5316827477221644,0.5621376522507768,1.093820399972941,0.15271464610070856,1.2465350460736495,12976486511116.756,3.2441216277791887e+18,72.43053604139753,0.15713813027197976,229942109464.0541,30650056.196341876,7502.17578692394,554446889.161529,537479938.6495498,225302087.02080154,39688790.99571973,1.0315675977685967,5.676718321933753,0.6160404399434712,45.81874157169501,36.75335099411676,16.81186699424476,16.81186699424476,0.0,1.7954380261929595e+25,1.7954380261929595e+25,0.0,1.0679587381981997e+26,1.0679587381981997e+26,1.0141957838878388,4533466649060724.0,0.00036828085461367547,1.9536900226769117e-07,5.100994166462153e-07,5.100994166462153e-07,0.006366696828324407,0.006366696828324407,2.108388599526442e+19,8.522524911281934e-06,5934529.818796294,1.2999999999999998,10336485574633.084,0.0,2.9516221167824617e-25,7.330674292656902e-22,4.130386718391539e-09,5.593518835681888e-08,3.962273473012415e+25,7.821552567278679e+25,8.884149355789037e+25,0.005316827477221644,0.5621376522507768,0.15271464610070856,0.010938203999729411,0.012465350460736496,5534434.994109802,10805.91499935193,4.707426651116396e-22,7.243053604139754e-08,1.2109451209105172e-14,0.3262800571710387,0.0,8.917422879351825e-19,1.625942817432566e-24,1.7487971267973136e-23,2.2845010932250072e-26,1.7995675661038836e+19,10336485574633.084,0.0008757402886542517,0.0003189736044498901,1.1493880472908183e-05,5.336888629600056e-06,1.1493880472908183e-05,5.336888629600056e-06,3.260563898087403e-29,1.1491730862001852e+19,7.46395211411908e+18,0.0030835514987114752,2.166064790895823e-21,-603238.8432458299,6.889033759905349e+21,0.0,0.0,0.0,0.0,0.0,0.3333333333333333,0.3333333333333333,2.0,7.498646671560408e-30,4.074114265943587e-23,0.0,8.91742287927684e-19,,0.0,0.0,0.0,0.0,0.0,7.498646671560408e-30,8.91742287927684e-19,4.568712643848196e-05,2.120185130427791e-17,2.284501093225007e-32,1.6259427945875551e-24,,,2.284501093225007e-32,1.6259427945875551e-24,,1.754844392274209e-07,4.019428965094406,9478651779386.129,4.824472812438468e-06,0.00031414913163745165,4.824472812438468e-06,0.00031414913163745165,0.0008757402886542517,0.0003189736044498901,False,False,1.0,1.3651300641764041,2.366837430961567e-08,0.18337983220380416,0.7280136151255052,1.0,1.3525560786789756,3.145844795844732e-07,0.1784694277994839,0.735138103214871,0.1745356667703575,0.17780646939854233,0.005316827477221644,0.005621376522507768,True,AP3.4,130.0,8.3,7.498198192099515e+19,$(U_{0.8}Pu_{0.2})N$,0.5316827477221644,0.6160404399434712,45.81874157169501,36.75335099411676,16.81186699424476,0.0,3.2441216277791887e+18,7.243053604139754e-08,ok,
40,TRIAL_040,AP3.4,1000.0,1.3,7.498198192099515e+19,1.062311996090433e-06,758842.2102745409,10336485574633.084,10.755588130453074,23.775760767576156,18178028235672.35,1.0,40,TRIAL_040_AP3p4,rizk2025_refit_plot,rizk2025_refit_full,10336485574633.084,6.556594833471279e+23,4.8998576127396174e+25,3.923967786809337e+25,1.789744996956616e+22,7.634714176693948e+18,4.164724169972688,59.40226734182622,0.5415499204516308,0.6703327812447827,1.2118827016964133,0.15273145888226758,1.364614160578681,12976033195098.217,3.244008298774554e+18,72.43403744202988,0.15714783328554552,43761507423.84809,30648574.598326124,1427.848048314721,540930278.5085938,533048506.7909212,160857906.04011276,37372310.84505857,1.0147862185472063,4.304200152541053,0.6139370931627189,45.88058917900128,36.742690952926104,16.7627827749099,16.7627827749099,0.0,1.7901960340983295e+25,1.7901960340983295e+25,0.0,1.0679587381981997e+26,1.0679587381981997e+26,1.016961112261707,4502566037578445.5,0.00036541929984424125,1.945700200835231e-07,7.03641808651443e-07,7.03641808651443e-07,0.007578819339960953,0.007578819339960953,2.68283090093266e+19,9.7228850961341e-06,5934529.818796294,1.2999999999999998,10336485574633.084,0.0,3.025849611941997e-25,8.78006387313187e-22,4.164724169972688e-09,5.940226734182622e-08,4.280803867737832e+25,1.1528324291439577e+26,8.889391347883667e+25,0.005415499204516307,0.6703327812447827,0.15273145888226758,0.012118827016964134,0.01364614160578681,5518469.341692462,59594.95866849748,4.708109376291143e-22,7.243403744202987e-08,1.2110622015432972e-14,0.3262581246038575,0.0,8.917422880879538e-19,4.0377712245259814e-24,4.3428604255996615e-23,6.972208708889678e-25,1.7995675661038836e+19,10336485574633.084,0.0008769947270242654,0.0003176191392164905,1.145460653820241e-05,5.29774663047831e-06,1.145460653820241e-05,5.29774663047831e-06,4.5292872707994935e-29,1.2425860911720626e+19,1.0764902384171209e+19,0.017006319859187297,2.1662308084219175e-21,-603236.633892308,6.867100265757595e+21,0.0,0.0,0.0,0.0,0.0,0.3333333333333333,0.3333333333333333,2.0,1.6026995865756309e-28,5.104196168274582e-22,0.0,8.91742287927684e-19,,0.0,0.0,0.0,0.0,0.0,1.6026995865756309e-28,8.91742287927684e-19,0.0005723846717215622,2.1201851307910166e-17,6.972208708889678e-31,4.0377705273051104e-24,,,6.972208708889678e-31,4.0377705273051104e-24,,1.754844392274209e-07,4.019428965094406,9429472590563.197,5.099943915498611e-06,0.0003125191953009919,5.099943915498611e-06,0.0003125191953009919,0.0008769947270242654,0.0003176191392164905,False,False,1.0,1.3678528332540076,2.371930392371465e-08,0.1844336856215971,0.7264862998099643,1.0,1.3803080968581023,3.1504494602742633e-07,0.18921249710734167,0.7195682875589905,0.17560875562050277,0.18855156989673047,0.005415499204516307,0.006703327812447827,True,AP3.4,130.0,8.3,7.498198192099515e+19,$(U_{0.8}Pu_{0.2})N$,0.5415499204516308,0.6139370931627189,45.88058917900128,36.742690952926104,16.7627827749099,0.0,3.244008298774554e+18,7.243403744202987e-08,ok,
40,TRIAL_040,AP3.4,1050.0,1.3,7.498198192099515e+19,1.062311996090433e-06,758842.2102745409,10336485574633.084,10.755588130453074,23.775760767576156,18178028235672.35,1.0,40,TRIAL_040_AP3p4,rizk2025_refit_plot,rizk2025_refit_full,10336485574633.084,6.537446407163476e+23,4.9057660116262935e+25,3.922944684171109e+25,1.7794114550308402e+22,7.593639470508622e+18,4.195336279839179,63.19925300919441,0.5503833970863992,0.8029239613583206,1.3533073584447197,0.1544162734411569,1.5077236318858767,12945637612458.684,3.2364094031146706e+18,72.75626281520402,0.15817770673528053,9772802756.242933,30512837.16480394,320.28495755601847,533145122.45103174,529159011.7980007,121136084.59332256,35126997.461141326,1.0075329165036553,3.4485180444849406,0.6121441000794741,45.93591340338699,36.73311097008937,16.71883152644418,16.71883152644418,0.0,1.785502222112961e+25,1.785502222112961e+25,0.0,1.0679587381981997e+26,1.0679587381981997e+26,1.0203648162351204,4476309232668193.5,0.00036287102586633264,1.9357382202362968e-07,9.327807373400294e-07,9.327807373400294e-07,0.009063988108991396,0.009063988108991396,3.375698889655889e+19,1.1118795587899252e-05,5934529.818796294,1.2999999999999998,10336485574633.084,0.0,3.0930642574561827e-25,1.0573638167529972e-21,4.195336279839179e-09,6.319925300919441e-08,4.565978381586829e+25,1.6069823749115367e+26,8.894085159869036e+25,0.005503833970863991,0.8029239613583206,0.1544162734411569,0.013533073584447197,0.015077236318858767,5516923.231018366,280123.9672931049,4.771221876087403e-22,7.275626281520402e-08,1.221861073749297e-14,0.32394073591483596,0.0,8.917422904866655e-19,9.072820167908718e-24,9.758351690769427e-23,1.5366002896313798e-23,1.7995675661038836e+19,10336485574633.084,0.0008780325226567518,0.00031616543856074293,1.1419956672194665e-05,5.259688895004989e-06,1.1419956672194665e-05,5.259688895004989e-06,6.04662223874761e-29,1.3279387252487918e+19,1.4678060407662225e+19,0.08009019484454251,2.190097042994512e-21,-606341.7846604524,6.848330698902397e+21,0.0,0.0,0.0,0.0,0.0,0.3333333333333333,0.3333333333333333,2.0,2.558981501392922e-27,2.7724222720096643e-21,0.0,8.91742287927684e-19,,0.0,0.0,0.0,0.0,0.0,2.558981501392922e-27,8.91742287927684e-19,0.003108994943479269,2.120185136494136e-17,1.5366002896313797e-29,9.072804801905822e-24,,,1.5366002896313797e-29,9.072804801905822e-24,,1.754844392274209e-07,4.019428965094406,9376690670749.34,5.395583433946823e-06,0.0003107698551267961,5.395583433946823e-06,0.0003107698551267961,0.0008780325226567518,0.00031616543856074293,False,False,1.0,1.3702690482707527,2.376512877117435e-08,0.1853661066425453,0.7251354847549345,1.0,1.4115405265392453,3.156118757116068e-07,0.2009020957045858,0.7027012266854468,0.1765584231566007,0.20024336718846752,0.005503833970863991,0.008029239613583206,True,AP3.4,130.0,8.3,7.498198192099515e+19,$(U_{0.8}Pu_{0.2})N$,0.5503833970863992,0.6121441000794741,45.93591340338699,36.73311097008937,16.71883152644418,0.0,3.2364094031146706e+18,7.275626281520403e-08,ok,
40,TRIAL_040,AP3.4,1100.0,1.3,7.498198192099515e+19,1.062311996090433e-06,758842.2102745409,10336485574633.084,10.755588130453074,23.775760767576156,18178028235672.35,1.0,40,TRIAL_040_AP3p4,rizk2025_refit_plot,rizk2025_refit_full,10336485574633.084,6.520016848222817e+23,4.912470300299476e+25,3.920687314521828e+25,1.7699058608236116e+22,7.545562493239821e+18,4.224514224131993,67.18402657465329,0.558945040328342,0.9584695427512618,1.5174145830796038,0.16221968009534898,1.6796342631749526,12809024705508.291,3.2022561763770726e+18,74.22376866742928,0.16288576414238978,2501282549.8141785,29909556.464951854,83.62820601319153,527682109.761969,525504207.6361197,95238266.27448873,33043568.734797236,1.0041444047339718,2.8822027983374583,0.6105120558518042,45.99869006725411,36.71197373352263,16.678824143371436,16.678824143371436,0.0,1.7812295986784629e+25,1.7812295986784629e+25,0.0,1.0679587381981997e+26,1.0679587381981995e+26,1.024378738075119,4452476735311356.5,0.0003604391538910108,1.9245913154775698e-07,1.1934605395057348e-06,1.1934605395057348e-06,0.010808414884163352,0.010808414884163352,4.1773087836887376e+19,1.2710782564875076e-05,5934529.818796294,1.2999999999999998,10336485574633.084,0.0,3.1580495477213765e-25,1.2702426672762549e-21,4.224514224131993e-09,6.718402657465329e-08,4.839532545094995e+25,2.1400630766304742e+26,8.898357783303532e+25,0.00558945040328342,0.9584695427512618,0.16221968009534898,0.015174145830796038,0.016796342631749527,5562420.682700306,1156050.817954333,5.065793339459775e-22,7.422376866742928e-08,1.2716484501145796e-14,0.31360589978044406,0.0,8.91742319689036e-19,1.8732291689893137e-23,2.0147681415599939e-22,2.556484784617257e-22,1.7995675661038836e+19,10336485574633.084,0.0008791265220357483,0.00031467668773511225,1.1387244301969248e-05,5.22427069940481e-06,1.1387244301969248e-05,5.22427069940481e-06,7.788124602036736e-29,1.4115168160052122e+19,1.9118145598928208e+19,0.3332823623015847,2.300358170600013e-21,-620287.6150123611,6.831243079465522e+21,0.0,0.0,0.0,0.0,0.0,0.3333333333333333,0.3333333333333333,2.0,3.1761352235744896e-26,7.906038402206534e-21,0.0,8.91742287927684e-19,,0.0,0.0,0.0,0.0,0.0,3.1761352235744896e-26,8.91742287927684e-19,0.00886583290671176,2.1201852059249937e-17,2.556484784617257e-28,1.8732036041414675e-23,,,2.556484784617257e-28,1.8732036041414675e-23,,1.754844392274209e-07,4.019428965094406,9322636297556.424,5.698336182443213e-06,0.00030897835155266904,5.698336182443213e-06,0.00030897835155266904,0.0008791265220357483,0.00031467668773511225,False,False,1.0,1.372594289769354,2.3807596318495685e-08,0.18626096561081337,0.7238395411428247,1.0,1.4452585433864609,3.1628067267613185e-07,0.2130751205660383,0.6852242316715657,0.17746921799909565,0.21241871254937467,0.00558945040328342,0.009584695427512618,True,AP3.4,130.0,8.3,7.498198192099515e+19,$(U_{0.8}Pu_{0.2})N$,0.558945040328342,0.6105120558518042,45.99869006725411,36.71197373352263,16.678824143371436,0.0,3.2022561763770726e+18,7.42237686674293e-08,ok,
40,TRIAL_040,AP3.4,1150.0,1.3,7.498198192099515e+19,1.062311996090433e-06,758842.2102745409,10336485574633.084,10.755588130453074,23.775760767576156,18178028235672.35,1.0,40,TRIAL_040_AP3p4,rizk2025_refit_plot,rizk2025_refit_full,10336485574633.084,6.503555237638199e+23,4.920429836152102e+25,3.916806491365685e+25,1.7610275269517074e+22,7.491183758524731e+18,4.2531969051891005,71.24731876854393,0.5675462016153835,1.1348661323906737,1.7024123340060573,0.19040074031003754,1.8928130743160947,12348890183009.465,3.0872225457523656e+18,79.25513508895635,0.17904566591542362,717519324.7987059,28010803.306413665,25.615806763900082,523234345.505932,521960315.8488843,77548369.85540165,31159067.29363326,1.0024408554029163,2.4887898320129476,0.608970646994343,46.07322043596531,36.67563503412035,16.64217388292001,16.64217388292001,0.0,1.7773155020878286e+25,1.7773155020878286e+25,0.0,1.0679587381981997e+26,1.0679587381981997e+26,1.0289583138109306,4430027629153685.0,0.0003580501190347873,1.912615784101203e-07,1.4808304122576076e-06,1.4808304122576076e-06,0.01279187775347763,0.01279187775347763,5.075851597879459e+19,1.4497331944321346e-05,5934529.818796294,1.2999999999999998,10336485574633.084,0.0,3.222812777934205e-25,1.5149356483202428e-21,4.253196905189101e-09,7.124731876854394e-08,5.110787244023009e+25,2.744987970248617e+26,8.902271879894168e+25,0.005675462016153835,1.1348661323906737,0.19040074031003754,0.017024123340060572,0.018928130743160947,5757004.802045106,4360577.323239121,6.167379820803825e-22,7.925513508895634e-08,1.449892769811559e-14,0.2810885227107537,0.0,8.917426046035813e-19,3.5983582073279434e-23,3.870245882385483e-22,3.330768464716398e-21,1.7995675661038836e+19,10336485574633.084,0.0008803745805467225,0.00031320140200938497,1.1355382109540483e-05,5.192147499204055e-06,1.1355382109540483e-05,5.192147499204055e-06,9.722577236903633e-29,1.496068083196752e+19,2.3981388770185585e+19,1.2928113913915018,2.7059059990289577e-21,-666386.8778046778,6.815138354463884e+21,0.0,0.0,0.0,0.0,0.0,0.3333333333333333,0.3333333333333333,2.0,3.1667589742037936e-25,1.3686836891524853e-20,0.0,8.91742287927684e-19,,0.0,0.0,0.0,0.0,0.0,3.1667589742037936e-25,8.91742287927684e-19,0.015348416483486569,2.1201858833310003e-17,3.330768464716398e-27,3.5980251304814716e-23,,,3.330768464716398e-27,3.5980251304814716e-23,,1.754844392274209e-07,4.019428965094406,9269068137046.746,5.998351601502805e-06,0.00030720305040788217,5.998351601502805e-06,0.00030720305040788217,0.0008803745805467225,0.00031320140200938497,False,False,1.0,1.3749150161609192,2.3847536603986803e-08,0.18715169791333972,0.7225500181731713,1.0,1.480626290749554,3.170440175829521e-07,0.22537735271602907,0.6676579867330333,0.1783748991090498,0.22472335595738985,0.005675462016153835,0.011348661323906738,True,AP3.4,130.0,8.3,7.498198192099515e+19,$(U_{0.8}Pu_{0.2})N$,0.5675462016153835,0.608970646994343,46.07322043596531,36.67563503412035,16.64217388292001,0.0,3.0872225457523656e+18,7.925513508895636e-08,ok,
40,TRIAL_040,AP3.4,1200.0,1.3,7.498198192099515e+19,1.062311996090433e-06,758842.2102745409,10336485574633.084,10.755588130453074,23.775760767576156,18178028235672.35,1.0,40,TRIAL_040_AP3p4,rizk2025_refit_plot,rizk2025_refit_full,10336485574633.084,6.487660890832451e+23,4.929634851349653e+25,3.911366655935037e+25,1.7526425541558456e+22,7.431300062100747e+18,4.281768930822445,75.31238797225537,0.5763040094461985,1.3296969166049046,1.9060009260511033,0.2808574825466278,2.186858408597731,11125675806068.535,2.781418951517134e+18,93.41150626802187,0.22408264089454172,225889332.5575071,23765808.824774154,9.50480306489858,519268338.91758,518477301.2899557,64982646.68486974,29477222.27076155,1.0015256938455286,2.2045037381058123,0.6074823547750609,46.159413046862255,36.6246982775203,16.6084063208424,16.6084063208424,0.0,1.7737092657889854e+25,1.7737092657889854e+25,0.0,1.0679587381981997e+26,1.0679587381981999e+26,1.034050828815449,4408415891285403.5,0.00035567906034333864,1.8999666789245905e-07,1.7897567917461228e-06,1.7897567917461228e-06,0.01499122365035315,0.01499122365035315,6.058657394955844e+19,1.6473877127040138e-05,5934529.818796294,1.2999999999999998,10336485574633.084,0.0,3.2882004837761882e-25,1.7893193727787838e-21,4.281768930822446e-09,7.531238797225537e-08,5.383780141621238e+25,3.413465687085519e+26,8.905878116193013e+25,0.005763040094461986,1.3296969166049046,0.2808574825466278,0.019060009260511032,0.021868584085977312,6376994.2490019705,16009755.940160291,1.0097633166461069e-21,9.341150626802187e-08,2.0141036355950183e-14,0.20939956470750543,0.0,8.917448947096045e-19,6.498475563709372e-23,6.989492663907187e-22,3.503783313863259e-20,1.7995675661038836e+19,10336485574633.084,0.0008817941086282955,0.00031177323327881917,1.132392979307941e-05,5.163409022178057e-06,1.132392979307941e-05,5.163409022178057e-06,1.1815813118810883e-28,1.5826770059075797e+19,2.915841289765023e+19,5.1279279832269165,4.0955097250757515e-21,-780900.6972548552,6.799648178963783e+21,0.0,0.0,0.0,0.0,0.0,0.3333333333333333,0.3333333333333333,2.0,2.6067819204802983e-24,1.6077228463606983e-20,0.0,8.91742287927684e-19,,0.0,0.0,0.0,0.0,0.0,2.6067819204802983e-24,8.91742287927684e-19,0.018028954871496642,2.1201913282322945e-17,3.503783313863259e-26,6.494971780395508e-23,,,3.503783313863259e-26,6.494971780395508e-23,,1.754844392274209e-07,4.019428965094406,9217185891433.088,6.288922242811318e-06,0.00030548431103600784,6.288922242811318e-06,0.00030548431103600784,0.0008817941086282955,0.00031177323327881917,False,False,1.0,1.377262655542198,2.388550414539582e-08,0.18805034350672548,0.7212494904660482,1.0,1.5169939979023959,3.178932366714758e-07,0.23756196838635793,0.6503605340825503,0.17928772110669375,0.23691045158548926,0.005763040094461986,0.013296969166049047,True,AP3.4,130.0,8.3,7.498198192099515e+19,$(U_{0.8}Pu_{0.2})N$,0.5763040094461985,0.6074823547750609,46.159413046862255,36.6246982775203,16.6084063208424,0.0,2.781418951517134e+18,9.341150626802187e-08,ok,
40,TRIAL_040,AP3.4,1250.0,1.3,7.498198192099515e+19,1.062311996090433e-06,758842.2102745409,10336485574633.084,10.755588130453074,23.775760767576156,18178028235672.35,1.0,40,TRIAL_040_AP3p4,rizk2025_refit_plot,rizk2025_refit_full,10336485574633.084,6.472048410506799e+23,4.939879560633321e+25,3.904624673341255e+25,1.744629463284117e+22,7.366604048633567e+18,4.310396511554452,79.33603572687473,0.5852527722497803,1.5408750534827285,2.1261278257325085,0.5463020907828146,2.6724299165153234,8745074562619.4375,2.1862686406548593e+18,126.34855840915344,0.3222442391335919,77189177.9728242,17570441.86298504,4.393126739483747,515550590.1964997,515033824.39389664,55738178.33633229,27982240.096324664,1.0010033628436175,1.9919126611901683,0.6060204555679817,46.255340997233745,36.561568660685516,16.577069886512746,16.577069886512746,0.0,1.7703626639023525e+25,1.7703626639023525e+25,0.0,1.0679587381981997e+26,1.0679587381981997e+26,1.0396117326444418,4387303979405038.5,0.0003533177864510235,1.886679317879707e-07,2.115782433405243e-06,2.115782433405243e-06,0.017387246756681154,0.017387246756681154,7.1150442810683654e+19,1.863733927949633e-05,5934529.818796294,1.2999999999999998,10336485574633.084,0.0,3.3545964032276034e-25,2.091703372829636e-21,4.3103965115544526e-09,7.933603572687473e-08,5.660284329254751e+25,4.1382783477557574e+26,8.909224718079644e+25,0.0058525277224978035,1.5408750534827285,0.5463020907828146,0.021261278257325086,0.02672429916515323,8097644.6854768535,61971994.81152785,2.49878757177425e-21,1.2634855840915344e-07,3.6848655414673694e-14,0.11250665888611311,0.0,8.917604161498658e-19,1.114133094756206e-22,1.19831566897048e-21,3.0533079764031823e-19,1.7995675661038836e+19,10336485574633.084,0.0008833722660804493,0.0003104142977070146,1.1292699853085169e-05,5.137808203836903e-06,1.1292699853085169e-05,5.137808203836903e-06,1.403761723981464e-28,1.6715479132564247e+19,3.4552895433387872e+19,23.54406889295751,9.00784117310665e-21,-964198.6766029584,6.784570338843996e+21,0.0,0.0,0.0,0.0,0.0,0.3333333333333333,0.3333333333333333,2.0,1.8128222181985484e-23,1.3964045536228772e-20,0.0,8.91742287927684e-19,,0.0,0.0,0.0,0.0,0.0,1.8128222181985484e-23,8.91742287927684e-19,0.015658965438853957,2.1202282316373365e-17,3.0533079764031822e-25,1.111079786779803e-22,,,3.0533079764031822e-25,1.111079786779803e-22,,1.754844392274209e-07,4.019428965094406,9167651000969.693,6.566428219672522e-06,0.0003038478694873421,6.566428219672522e-06,0.0003038478694873421,0.0008833722660804493,0.0003104142977070146,False,False,1.0,1.379645431572261,2.392201420695364e-08,0.1889599662359689,0.7199335405312532,1.0,1.5539458900817926,3.1882101807305165e-07,0.24949028790176989,0.6335293799993315,0.18021094325823073,0.2488413075428978,0.0058525277224978035,0.015408750534827284,True,AP3.4,130.0,8.3,7.498198192099515e+19,$(U_{0.8}Pu_{0.2})N$,0.5852527722497803,0.6060204555679817,46.255340997233745,36.561568660685516,16.577069886512746,0.0,2.1862686406548593e+18,1.2634855840915344e-07,ok,
40,TRIAL_040,AP3.4,1300.0,1.3,7.498198192099515e+19,1.062311996090433e-06,758842.2102745409,10336485574633.084,10.755588130453074,23.775760767576156,18178028235672.35,1.0,40,TRIAL_040_AP3p4,rizk2025_refit_plot,rizk2025_refit_full,10336485574633.084,6.456248830296561e+23,4.950849266674602e+25,3.896937609744485e+25,1.7368123567318904e+22,7.297092338864918e+18,4.339199228949987,83.32893609519684,0.594388340362889,1.7685851015171603,2.362973441880049,1.2622170668298522,3.6251905087099017,5586929815171.597,1.396732453792899e+18,193.9400277122358,0.4850529892409111,28524377.57573269,11446837.592979982,2.491900260140484,511966214.49156904,511615135.158752,48661886.66500047,26641405.783266243,1.0006862176442612,1.8265510108916825,0.6045410369682618,46.358057569034905,36.489589628895025,16.5478117651018,16.5478117651018,0.0,1.7672380172599443e+25,1.7672380172599443e+25,0.0,1.0679587381981997e+26,1.0679587381981997e+26,1.0456563541248145,4366356112546900.5,0.0003509544885471774,1.8725646140707273e-07,2.45779715395797e-06,2.45779715395797e-06,0.019986698510562936,0.019986698510562936,8.245482543750583e+19,2.1005309779650763e-05,5934529.818796294,1.2999999999999998,10336485574633.084,0.0,3.422294515921872e-25,2.4236846943782383e-21,4.339199228949987e-09,8.332893609519684e-08,5.941073379059498e+25,4.919953797264554e+26,8.912349364722053e+25,0.00594388340362889,1.7685851015171603,1.2622170668298522,0.023629734418800494,0.036251905087099016,12652659.515864462,272516096.34879726,9.036928034443796e-21,1.939400277122358e-07,8.681923798715435e-14,0.03798245757094881,0.0,8.918508847779603e-19,1.836266039909085e-22,1.9750121223200224e-21,2.2525702314749626e-18,1.7995675661038836e+19,10336485574633.084,0.0008851074385990125,0.0003091444143494547,1.1261561575206414e-05,5.114802682467468e-06,1.1261561575206414e-05,5.114802682467468e-06,1.6380515869381383e-28,1.762530627016649e+19,4.012557033544047e+19,141.5902318451952,2.9397345937088035e-20,-1115449.753555432,6.769859445783494e+21,0.0,0.0,0.0,0.0,0.0,0.3333333333333333,0.3333333333333333,2.0,1.085968502764781e-22,9.588632660122313e-21,0.0,8.91742287927684e-19,,0.0,0.0,0.0,0.0,0.0,1.085968502764781e-22,8.91742287927684e-19,0.010751385488067937,2.1204433276831912e-17,2.2525702314749626e-24,1.8137403375943355e-22,,,2.2525702314749626e-24,1.8137403375943355e-22,,1.754844392274209e-07,4.019428965094406,9120408410265.781,6.831662423948338e-06,0.0003023127519255064,6.831662423948338e-06,0.0003023127519255064,0.0008851074385990125,0.0003091444143494547,False,False,1.0,1.3820607742684539,2.39578469405543e-08,0.18987949169656146,0.7186037410684932,1.0,1.5915358869230884,3.198300487663523e-07,0.26118692029842183,0.6171285235308018,0.1811437804637052,0.26054054708152663,0.00594388340362889,0.017685851015171603,True,AP3.4,130.0,8.3,7.498198192099515e+19,$(U_{0.8}Pu_{0.2})N$,0.594388340362889,0.6045410369682618,46.358057569034905,36.489589628895025,16.5478117651018,0.0,1.396732453792899e+18,1.9394002771223583e-07,ok,
40,TRIAL_040,AP3.4,1350.0,1.3,7.498198192099515e+19,1.062311996090433e-06,758842.2102745409,10336485574633.084,10.755588130453074,23.775760767576156,18178028235672.35,1.0,40,TRIAL_040_AP3p4,rizk2025_refit_plot,rizk2025_refit_full,10336485574633.084,6.438582125197786e+23,4.961978633460822e+25,3.888875711568952e+25,1.7287145885379693e+22,7.220117818660788e+18,4.368473389621911,87.43745584487408,0.6036719409041691,2.0217405944350912,2.6254125353392603,1.7798555666724885,4.405268102011749,3077614690614.249,7.694036726535621e+17,265.30005954919886,0.5,12930951.65542414,8367883.534486391,1.5453073172125387,508428950.6272643,508186682.6232723,42859756.454017505,25389576.795767955,1.0004767303281963,1.6880847128244199,0.6028867871862356,46.4622691493905,36.41410077443672,16.520743288986548,10.918425089472915,5.602318199513634,1.764347215700245e+25,1.166042748166506e+25,5.98304467533739e+24,1.0679587381981997e+26,1.0081282914448257e+26,1.0524360208829637,4344742110767325.0,0.0003485338190452598,1.8566543397378656e-07,2.8261311027230916e-06,2.8261311027230916e-06,0.02289747028184531,0.02289747028184531,9.49166086575144e+19,2.3685635729738645e-05,5934529.818796294,1.2999999999999998,10336485574633.084,0.0,3.4920278043972213e-25,2.8001490352550655e-21,4.368473389621911e-09,8.743745584487409e-08,6.226464963567681e+25,5.7888366550396754e+26,8.915240166281752e+25,0.0060367194090416906,2.0217405944350912,1.7798555666724885,0.026254125353392603,0.04405268102011749,15155149.235836022,747733192.8860861,2.3132922676779324e-20,2.653000595491989e-07,1.6246348236016737e-13,0.03407359027997264,1.0,8.92312044658399e-19,2.985052251919346e-22,3.2105992569525935e-21,1.4331663655150738e-17,1.7995675661038836e+19,10336485574633.084,0.0008871083908648222,0.0003080226898773176,1.1230200480081855e-05,5.0932862987685935e-06,1.1230200480081855e-05,5.0932862987685935e-06,1.891667115467978e-28,1.8557770130470674e+19,4.60178223096656e+19,258.70199781830587,3.7409246320143964e-20,-708941.6085450727,6.755863651583636e+21,4.6463433983962204e+21,0.0,0.0,0.0,0.0,0.3333333333333333,0.3333333333333333,2.0,5.697567307150379e-22,5.485421362683377e-21,0.0,8.91742287927684e-19,,0.0,0.0,0.0,0.0,0.0,5.697567307150379e-22,8.91742287927684e-19,0.006147424990529343,2.1215397703824826e-17,1.433166365515074e-23,2.8417356153678383e-22,,,1.433166365515074e-23,2.8417356153678383e-22,,1.754844392274209e-07,4.019428965094406,9073909277584.975,7.0957139836761365e-06,0.0003009269758936415,7.0957139836761365e-06,0.0003009269758936415,0.0008871083908648222,0.0003080226898773176,False,False,1.0,1.384495617716355,2.399519360914381e-08,0.19080387658314965,0.7172673994739976,1.0,1.6311481104042977,3.2096247645148674e-07,0.27306536331487763,0.6005824724710975,0.18208199229035144,0.2724217700723004,0.0060367194090416906,0.020217405944350914,True,AP3.4,130.0,8.3,7.498198192099515e+19,$(U_{0.8}Pu_{0.2})N$,0.6036719409041691,0.6028867871862356,46.4622691493905,36.41410077443672,10.918425089472915,5.602318199513634,7.694036726535621e+17,2.653000595491989e-07,ok,
40,TRIAL_040,AP3.4,1400.0,1.3,7.498198192099515e+19,1.062311996090433e-06,758842.2102745409,10336485574633.084,10.755588130453074,23.775760767576156,18178028235672.35,1.0,40,TRIAL_040_AP3p4,rizk2025_refit_plot,rizk2025_refit_full,10336485574633.084,6.412206821154568e+23,4.971704322791801e+25,3.881851674009946e+25,1.718639015365029e+22,7.12515565455052e+18,4.399355722658021,92.15106256449027,0.6129718274351154,2.3355222414018013,2.9484940688369163,2.163124787442354,5.11161885627927,2083630091681.8682,5.20907522920467e+17,322.42904742753433,0.5,8905090.6257595,6885235.7370157335,1.2933603097835589,504780097.45989656,504619344.27496374,37412225.72755169,24090877.93693505,1.0003185632630944,1.5529623214848867,0.6004170940136586,46.55333717461578,36.34833009147141,16.49791563989915,8.979901671274181,7.518013968624972,1.7619093169687042e+25,9.590164457997878e+24,8.028928711689164e+24,1.0679587381981997e+26,9.87669451081308e+25,1.0609274905703587,4319296695477624.0,0.00034582364647167967,1.8355523495444208e-07,3.2613399409957834e-06,3.2613399409957834e-06,0.02653748093860326,0.02653748093860326,1.1013368024302987e+20,2.7079280105669358e-05,5934529.818796294,1.2999999999999998,10336485574633.084,0.0,3.56661184783428e-25,3.2778543440103055e-21,4.399355722658022e-09,9.215106256449027e-08,6.516498012220383e+25,6.864937518048825e+26,8.917678065013293e+25,0.006129718274351153,2.3355222414018013,2.163124787442354,0.029484940688369165,0.0511161885627927,18410493.29491469,1367849385.2066352,4.152608077753991e-20,3.224290474275343e-07,2.399658183072261e-13,0.03407359027997264,1.0,8.943977631537627e-19,5.093242848331348e-22,5.478082232502765e-21,7.989389038480301e-17,1.7995675661038836e+19,10336485574633.084,0.0008899621760460144,0.00030734577635114515,1.1197426009927384e-05,5.0709254596716685e-06,1.1197426009927384e-05,5.0709254596716685e-06,2.1931527085039776e-28,1.952681086838242e+19,5.281593637783404e+19,615.2639306517332,7.170559046318379e-20,-622943.6991297015,6.744320968087063e+21,4.959693551470186e+21,0.0,0.0,0.0,0.0,0.3333333333333333,0.3333333333333333,2.0,2.6554752260788454e-21,2.7246350804779008e-21,0.0,8.91742287927684e-19,,0.0,0.0,0.0,0.0,0.0,2.6554752260788454e-21,8.91742287927684e-19,0.0030463348553897134,2.1264987247799102e-17,7.989389038480301e-23,4.2943039444833175e-22,,,7.989389038480301e-23,4.2943039444833175e-22,,1.754844392274209e-07,4.019428965094406,9023345242745.453,7.396228650897692e-06,0.00029994954770024744,7.396228650897692e-06,0.00029994954770024744,0.0008899621760460144,0.00030734577635114515,False,False,1.0,1.3869072101882014,2.4041990113681822e-08,0.1917169091017755,0.7159479496221366,1.0,1.677724495107433,3.2238192496748696e-07,0.2864835818378821,0.5820308882119851,0.1830122546896186,0.2858432904102569,0.006129718274351153,0.023355222414018013,True,AP3.4,130.0,8.3,7.498198192099515e+19,$(U_{0.8}Pu_{0.2})N$,0.6129718274351154,0.6004170940136586,46.55333717461578,36.34833009147141,8.979901671274181,7.518013968624972,5.20907522920467e+17,3.2242904742753437e-07,ok,
40,TRIAL_040,AP3.4,1450.0,1.3,7.498198192099515e+19,1.062311996090433e-06,758842.2102745409,10336485574633.084,10.755588130453074,23.775760767576156,18178028235672.35,1.0,40,TRIAL_040_AP3p4,rizk2025_refit_plot,rizk2025_refit_full,10336485574633.084,6.351416764213495e+23,4.97478127633297e+25,3.8803852688105385e+25,1.7006484853898298e+22,6.987158746115338e+18,4.435961002372662,98.46970607995641,0.6218223453036363,2.7944551550554375,3.4162775003590737,2.5010990589620774,5.917376559321151,1558554463200.078,3.8963861580001946e+17,372.80650278921377,0.49999999999999994,6806575.799935217,5954831.751567372,1.1430341080826771,500548938.7414997,500455256.2145134,31519240.175422527,22545004.83831426,1.0001871946109526,1.3980587008727068,0.5947249212014736,46.58214871415485,36.33459917522008,16.48852718942362,7.738926019512156,8.749601169911465,1.7609066691963558e+25,8.264853666807418e+24,9.34421302515614e+24,1.0679587381981997e+26,9.745166079466385e+25,1.0735257495295036,4277951503416053.5,0.00034199064951477874,1.8006855184066411e-07,3.840410755927193e-06,3.840410755927193e-06,0.0319298644449572,0.0319298644449572,1.3153986743044735e+20,3.2217847108231685e-05,5934529.818796294,1.2999999999999998,10336485574633.084,0.0,3.6563837303574204e-25,3.9994155802014306e-21,4.4359610023726625e-09,9.846970607995642e-08,6.810493936722119e+25,8.436266141459456e+26,8.918680712785643e+25,0.006218223453036363,2.7944551550554375,2.5010990589620774,0.03416277500359074,0.05917376559321151,21211587.690911323,2135480725.4140558,6.419022544330558e-20,3.7280650278921377e-07,3.208100915340377e-13,0.0340735902799727,1.0,9.028722799084174e-19,1.0241072151243713e-21,1.1014875407303041e-20,3.956100289530877e-16,1.7995675661038836e+19,10336485574633.084,0.0008960499630693591,0.00030850462589402343,1.1158983666832623e-05,5.044257049659283e-06,1.1158983666832623e-05,5.044257049659283e-06,2.5977892910563527e-28,2.056159117876598e+19,6.152463946206838e+19,1238.6115199322549,1.2341692703438815e-19,-599981.4124529306,6.741652233721823e+21,5.503659958532923e+21,0.0,0.0,0.0,0.0,0.3333333333333333,0.3333333333333333,2.0,1.1129991980733449e-20,1.2141082623128306e-21,0.0,8.91742287927684e-19,,0.0,0.0,0.0,0.0,0.0,1.1129991980733449e-20,8.91742287927684e-19,0.0013447176187931956,2.1466475330778585e-17,3.9561002895308766e-22,6.284971861712836e-22,,,3.9561002895308766e-22,6.284971861712836e-22,,1.754844392274209e-07,4.019428965094406,8960478201993.691,7.822619268121905e-06,0.0003006820066259015,7.822619268121905e-06,0.0003006820066259015,0.0008960499630693591,0.00030850462589402343,False,False,1.0,1.389147146734034,2.4126469304449927e-08,0.1925627124825987,0.7147260823084873,1.0,1.7419716428057412,3.244902422019519e-07,0.30409403577643007,0.5579192179835262,0.18388886890696574,0.3034583193108897,0.006218223453036363,0.027944551550554374,True,AP3.4,130.0,8.3,7.498198192099515e+19,$(U_{0.8}Pu_{0.2})N$,0.6218223453036363,0.5947249212014736,46.58214871415485,36.33459917522008,7.738926019512156,8.749601169911465,3.8963861580001946e+17,3.7280650278921377e-07,ok,
40,TRIAL_040,AP3.4,1500.0,1.3,7.498198192099515e+19,1.062311996090433e-06,758842.2102745409,10336485574633.084,10.755588130453074,23.775760767576156,18178028235672.35,1.0,40,TRIAL_040_AP3p4,rizk2025_refit_plot,rizk2025_refit_full,10336485574633.084,6.172388511622471e+23,4.953884711647229e+25,3.899355145195512e+25,1.6561569392317583e+22,6.779791224112551e+18,4.491613074871626,107.12184288609126,0.6286329052402251,3.4909130867729896,4.119545992013215,2.769367587814241,6.888913579827456,1271225391227.7693,3.178063478069423e+17,412.7938242395228,0.5,5708757.262000714,5377987.434986066,1.0615043882146045,494301626.7710737,494254505.67410004,25559560.754650958,20724064.674285453,1.0000953377185897,1.23332759071947,0.5779613285468482,46.38648043654894,36.51222660319524,16.523331631708974,6.984490168720776,9.538841462988197,1.7646236400230317e+25,7.459147307544771e+24,1.0187089092685544e+25,1.0679587381981997e+26,9.660878472713442e+25,1.0930597173353493,4180132242727603.5,0.00033444614441566363,1.7387480219020473e-07,4.544083145961347e-06,4.544083145961347e-06,0.040284391473730516,0.040284391473730516,1.6038998657424687e+20,4.055851262410675e-05,5934529.818796294,1.2999999999999998,10336485574633.084,0.0,3.7957327011039736e-25,5.1489979136192906e-21,4.491613074871627e-09,1.0712184288609126e-07,7.104414252393016e+25,1.0814683818123392e+27,8.914963741958965e+25,0.006286329052402251,3.4909130867729896,2.769367587814241,0.04119545992013215,0.06888913579827456,23470731.02541041,2914469136.7961283,8.714009669487621e-20,4.127938242395228e-07,3.9332128153693677e-13,0.03407359027997264,1.0,9.341414501778096e-19,2.65480851490482e-21,2.855402695153603e-20,1.7607759639859707e-15,1.7995675661038836e+19,10336485574633.084,0.0009136421091549215,0.00031698202780182047,1.1101366041241005e-05,5.012770889069354e-06,1.1101366041241005e-05,5.012770889069354e-06,3.096555093167376e-28,2.168525051568755e+19,7.131250182143157e+19,2060.648486573454,1.8433541303322445e-19,-596260.605025143,6.768279536153785e+21,6.05206179016776e+21,0.0,0.0,0.0,0.0,0.3333333333333333,0.3333333333333333,2.0,4.239916225012569e-20,4.981451519947624e-22,0.0,8.91742287927684e-19,,0.0,0.0,0.0,0.0,0.0,4.239916225012569e-20,8.91742287927684e-19,0.0005332652264814314,2.2209923642504263e-17,1.7607759639859707e-21,8.940325509188496e-22,,,1.7607759639859707e-21,8.940325509188496e-22,,1.754844392274209e-07,4.019428965094406,8883993506085.184,8.541946875120608e-06,0.00030844008092669985,8.541946875120608e-06,0.00030844008092669985,0.0009136421091549215,0.00031698202780182047,False,False,1.0,1.3907184467201672,2.4340617853450492e-08,0.1931547558380078,0.7138710484284987,1.0,1.8330766015531994,3.2776511223156285e-07,0.32745258086201867,0.5263767117506537,0.18455778530802314,0.3268233009564708,0.006286329052402251,0.0349091308677299,True,AP3.4,130.0,8.3,7.498198192099515e+19,$(U_{0.8}Pu_{0.2})N$,0.6286329052402251,0.5779613285468482,46.38648043654894,36.51222660319524,6.984490168720776,9.538841462988197,3.178063478069423e+17,4.127938242395228e-07,ok,
40,TRIAL_040,AP3.4,1550.0,1.3,7.498198192099515e+19,1.062311996090433e-06,758842.2102745409,10336485574633.084,10.755588130453074,23.775760767576156,18178028235672.35,1.0,40,TRIAL_040_AP3p4,rizk2025_refit_plot,rizk2025_refit_full,10336485574633.084,5.66505457913546e+23,4.859821604329663e+25,3.98142587403239e+25,1.5381060291720202e+22,6.511833199763597e+18,4.604009403214665,117.31133402444897,0.6287579506028899,4.403639892115209,5.032397842718099,2.995966862932176,8.028364705650274,1086199898219.5532,2.715499745548883e+17,446.5700487311451,0.5,5096978.248709568,4971224.573407381,1.0252963175260443,482213426.83809686,482188415.69913524,20958958.67781148,18924002.684491917,1.0000518700535876,1.1075330640798944,0.5304563160083529,45.50570570290836,37.28070881043241,16.68312917065088,6.549013372864804,10.134115797786075,1.781689357828589e+25,6.994076058127831e+24,1.082281752015806e+25,1.0679587381981997e+26,9.597305629966192e+25,1.1194435449971163,3919946590831996.5,0.000316613686610246,1.6356061146025516e-07,5.066453858360257e-06,5.066453858360257e-06,0.05158621883087848,0.05158621883087848,1.8563705613703968e+20,5.2566915125051236e-05,5934529.818796294,1.2999999999999998,10336485574633.084,0.0,4.087871308464719e-25,6.762519488790156e-21,4.604009403214665e-09,1.1731133402444898e-07,7.38237137633173e+25,1.3915018672072034e+27,8.897898024153408e+25,0.006287579506028899,4.403639892115209,2.995966862932176,0.05032397842718099,0.08028364705650275,25756128.571148593,3701541854.955806,1.1032837943892358e-19,4.465700487311451e-07,4.603204261200687e-13,0.03407359027997264,1.0,1.039906973829712e-18,8.356987325282236e-21,8.98843136821524e-20,7.11715258415843e-15,1.7995675661038836e+19,10336485574633.084,0.0009671647493719068,0.0003504522579900627,1.0987954519812459e-05,4.9815682986923654e-06,1.0987954519812459e-05,4.9815682986923654e-06,3.4787023136921956e-28,2.2975616365548122e+19,7.696753485927386e+19,3027.629797015459,2.4954627178431085e-19,-589397.1777017138,6.880114281389079e+21,6.564917258945808e+21,0.0,0.0,0.0,0.0,0.3333333333333333,0.3333333333333333,2.0,1.4816468590202815e-19,1.921420918257287e-22,0.0,8.91742287927684e-19,,0.0,0.0,0.0,0.0,0.0,1.4816468590202815e-19,8.91742287927684e-19,0.0001847685385915996,2.472457943030931e-17,7.11715258415843e-21,1.239834741123807e-21,,,7.11715258415843e-21,1.239834741123807e-21,,1.754844392274209e-07,4.019428965094406,8808689711599.871,1.0000378912891283e-05,0.00034045187907717143,1.0000378912891283e-05,0.00034045187907717143,0.0009671647493719068,0.0003504522579900627,False,False,1.0,1.3901917648547677,2.4948088016370736e-08,0.1929564271428895,0.7141574537672356,1.0,1.9445020554467631,3.322004126655213e-07,0.35375374440795865,0.49150405793274154,0.1845700216836936,0.35313215584543545,0.006287579506028899,0.04403639892115209,True,AP3.4,130.0,8.3,7.498198192099515e+19,$(U_{0.8}Pu_{0.2})N$,0.6287579506028899,0.5304563160083529,45.50570570290836,37.28070881043241,6.549013372864804,10.134115797786075,2.715499745548883e+17,4.4657004873114515e-07,ok,
40,TRIAL_040,AP3.4,1600.0,1.3,7.498198192099515e+19,1.062311996090433e-06,758842.2102745409,10336485574633.084,10.755588130453074,23.775760767576156,18178028235672.35,1.0,40,TRIAL_040_AP3p4,rizk2025_refit_plot,rizk2025_refit_full,10336485574633.084,4.5541527833229764e+23,4.5896951990022984e+25,4.2165678715905455e+25,1.2769367934324233e+22,6.189723485279878e+18,4.854218710121733,128.65618790968978,0.6118092371905381,5.521434120225061,6.1332433574156,3.2604511623686654,9.393694519784265,917124657767.9005,2.2928116444197514e+17,485.9933040245564,0.5,4621355.557382864,4567964.170732335,1.01168822360574,457351931.5558495,457334152.5323089,18040894.260665704,17255291.300550032,1.0000388753462697,1.0455282351617343,0.42643527511245316,42.97633452342715,39.482497972763476,17.114732228696933,6.275300113329551,10.839432115367382,1.8277827835559237e+25,6.701761590846447e+24,1.157606624471279e+25,1.0679587381981997e+26,9.521980757510718e+25,1.153020655253628,3338914710464797.0,0.00027831436462319816,1.4680061534688305e-07,5.545815826065958e-06,5.545815826065958e-06,0.06606857081784373,0.06606857081784373,1.922887047009641e+20,6.744358521424344e-05,5934529.818796294,1.2999999999999998,10336485574633.084,0.0,4.791225692118924e-25,8.920324362398235e-21,4.854218710121734e-09,1.2865618790968978e-07,7.588159872613578e+25,1.767275183739777e+27,8.851804598426073e+25,0.006118092371905382,5.521434120225061,3.2604511623686654,0.06133243357415599,0.09393694519784265,29229446.767497037,4782493151.63338,1.4220318403842535e-19,4.859933040245564e-07,5.451821579161341e-13,0.03407359027997264,1.0,1.3705602340796549e-18,2.804370316124471e-20,3.0162652085503295e-19,2.6363059898109156e-14,1.7995675661038836e+19,10336485574633.084,0.0011132333109245896,0.0004591363288354614,1.0748854534029947e-05,4.952574395883102e-06,1.0748854534029947e-05,4.952574395883102e-06,3.8336680483612042e-28,2.4740206227237335e+19,8.043933812965022e+19,4483.561092617998,3.3880907908253924e-19,-570569.9551286506,7.190309363699069e+21,7.212239082798203e+21,0.0,0.0,0.0,0.0,0.3333333333333333,0.3333333333333333,2.0,4.788179461519709e-19,7.08396822782879e-23,0.0,8.91742287927684e-19,,0.0,0.0,0.0,0.0,0.0,4.788179461519709e-19,8.91742287927684e-19,5.1686661057882994e-05,3.258611224303105e-17,2.6363059898109155e-20,1.680643263135559e-21,,,2.6363059898109155e-20,1.680643263135559e-21,,1.754844392274209e-07,4.019428965094406,8743812813844.98,1.3737663437540488e-05,0.0004453986653979209,1.3737663437540488e-05,0.0004453986653979209,0.0011132333109245896,0.0004591363288354614,False,False,1.0,1.3844208721012545,2.6544707086672252e-08,0.1907755376957144,0.7173083604716128,1.0,2.0729523317436307,3.378655980544889e-07,0.3814006578437991,0.4556395153473686,0.18289647834142503,0.3807886235339682,0.006118092371905382,0.05521434120225061,True,AP3.4,130.0,8.3,7.498198192099515e+19,$(U_{0.8}Pu_{0.2})N$,0.6118092371905381,0.42643527511245316,42.97633452342715,39.482497972763476,6.275300113329551,10.839432115367382,2.2928116444197514e+17,4.859933040245564e-07,ok,
40,TRIAL_040,AP3.4,1650.0,1.3,7.498198192099515e+19,1.062311996090433e-06,758842.2102745409,10336485574633.084,10.755588130453074,23.775760767576156,18178028235672.35,1.0,40,TRIAL_040_AP3p4,rizk2025_refit_plot,rizk2025_refit_full,10336485574633.084,2.9879429131842884e+23,4.025723374461958e+25,4.7111416250476995e+25,8.833819423821377e+21,5.723945340857858e+18,5.337517035121504,144.15715943679606,0.5626715400370144,7.182782825715122,7.745454365752136,3.640649272570283,11.38610363832242,735573515071.3696,1.838933787678424e+17,542.6645211534588,0.49999999999999994,4118736.7561635175,4090925.264989291,1.0067983376309124,415941259.3326372,415923731.0892187,15823920.758813659,15399859.491358334,1.000042142926956,1.027536697181769,0.27978074492141697,37.69549543884002,44.11351727873002,17.911206537508544,6.07012633320396,11.841080204304584,1.9128429533404969e+25,6.482644459512165e+24,1.2645785073892805e+25,1.0679587381981997e+26,9.415008874592716e+25,1.2056563121582886,2446581129095367.0,0.00021950140300077052,1.2150432333962957e-07,8.117139479377831e-06,8.117139479377831e-06,0.08902552067497697,0.08902552067497697,1.8812270668659176e+20,8.56788261006686e-05,5934529.818796294,1.2999999999999998,10336485574633.084,0.0,6.36951598217763e-25,1.2548657259956688e-20,5.337517035121504e-09,1.4415715943679608e-07,7.5470813851061945e+25,2.321556015944559e+27,8.7667444286415e+25,0.005626715400370144,7.182782825715122,3.640649272570283,0.07745454365752136,0.11386103638322419,35252190.71479582,6674045789.672984,1.979760933734568e-19,5.426645211534588e-07,6.797417114066254e-13,0.0340735902799727,1.0,2.332934307037629e-18,9.243457552501816e-20,9.941882233603535e-19,9.020265555838444e-14,1.7995675661038836e+19,10336485574633.084,0.0014359558522790972,0.000777377184963673,1.0333443184671856e-05,4.92026151612624e-06,1.0333443184671856e-05,4.92026151612624e-06,5.661996022255192e-28,2.7340238503531856e+19,1.0954927385836074e+20,7365.640031936254,4.974770783932634e-19,-539020.6437253186,7.807625759856836e+21,8.217356522273446e+21,0.0,0.0,0.0,0.0,0.3333333333333333,0.3333333333333333,2.0,1.441192019109945e-18,2.5299362888157518e-23,0.0,8.91742287927684e-19,,0.0,0.0,0.0,0.0,0.0,1.441192019109945e-18,8.91742287927684e-19,1.0844438616140361e-05,5.546728797059772e-17,9.020265555838444e-20,2.2319199666337208e-21,,,9.020265555838444e-20,2.2319199666337208e-21,,1.754844392274209e-07,4.019428965094406,8686203714412.684,2.422549844747173e-05,0.0007531516865162012,2.422549844747173e-05,0.0007531516865162012,0.0014359558522790972,0.000777377184963673,False,False,1.0,1.3688665282758439,3.001386455364031e-08,0.18482518951821952,0.7259190623669318,1.0,2.254016407113587,3.467911907687484e-07,0.41627954484714114,0.41164894487249176,0.17786274189401008,0.41568489655427804,0.005626715400370144,0.07182782825715121,True,AP3.4,130.0,8.3,7.498198192099515e+19,$(U_{0.8}Pu_{0.2})N$,0.5626715400370144,0.27978074492141697,37.69549543884002,44.11351727873002,6.07012633320396,11.841080204304584,1.838933787678424e+17,5.426645211534589e-07,ok,
40,TRIAL_040,AP3.4,1700.0,1.3,7.498198192099515e+19,1.062311996090433e-06,758842.2102745409,10336485574633.084,10.755588130453074,23.775760767576156,18178028235672.35,1.0,40,TRIAL_040_AP3p4,rizk2025_refit_plot,rizk2025_refit_full,10336485574633.084,1.6308727729253462e+23,3.1606788429746633e+25,5.483067918901065e+25,5.059332528340427e+21,4.991791138000881e+18,6.057603521323712,168.0345122716738,0.47106882967395497,9.92065813820931,10.391726967883265,4.146139561614672,14.537866529497936,567147387040.1034,1.4178684676002584e+17,618.0114236191099,0.49999999999999994,3609397.0324352905,3592166.609153524,1.0047966659558218,366503552.2064959,366481561.92217815,13611713.23284268,13211571.658629045,1.0000600037944676,1.0302872046227964,0.15270934302919453,29.595514601127608,51.34157081903548,18.91020523680772,5.893209093883446,13.016996142924274,2.019531892377016e+25,6.293704147841921e+24,1.390161477592824e+25,1.0679587381981997e+26,9.289425904389175e+25,1.3002149939176095,1548840260256468.5,0.00016011731604748607,9.10495267397194e-08,1.8747408513349015e-05,1.8747408513349015e-05,0.13071177107267706,0.13071177107267706,1.852787117047687e+20,0.00011113003085541547,5934529.818796294,1.2999999999999998,10336485574633.084,0.0,9.310888877835354e-25,1.9873944770418316e-20,6.057603521323712e-09,1.680345122716738e-07,6.928420925599391e+25,3.2362563692972067e+27,8.660055489604983e+25,0.00471068829673955,9.92065813820931,4.146139561614672,0.10391726967883265,0.14537866529497936,44388490.83437204,9880247103.128656,2.924206057443404e-19,6.180114236191099e-07,8.816050491027734e-13,0.0340735902799727,1.0,4.9573286738281364e-18,2.899995230890099e-19,3.1191154283732066e-18,2.8708990269161864e-13,1.7995675661038836e+19,10336485574633.084,0.0019742745505744947,0.00164768420934385,9.807985114857355e-06,4.882050903866734e-06,9.807985114857355e-06,4.882050903866734e-06,1.334322959789678e-27,3.027599643831133e+19,2.249987376581751e+20,13080.455410528319,7.743941440081748e-19,-498935.4024687046,8.677468273220665e+21,9.577569696655084e+21,0.0,0.0,0.0,0.0,0.3333333333333333,0.3333333333333333,2.0,4.065586385900453e-18,8.846547337881255e-24,0.0,8.91742287927684e-19,,0.0,0.0,0.0,0.0,0.0,4.065586385900453e-18,8.91742287927684e-19,1.7845391984166736e-06,1.1786426059518333e-16,2.8708990269161863e-19,2.90962039739128e-21,,,2.8708990269161863e-19,2.90962039739128e-21,,1.754844392274209e-07,4.019428965094406,8658897626713.987,5.2318505456899944e-05,0.00159536570388695,5.2318505456899944e-05,0.00159536570388695,0.0019742745505744947,0.00164768420934385,False,False,1.0,1.339782538672165,3.614206490961291e-08,0.1734061522956947,0.742497906495083,1.0,2.5396430024351186,3.6297467077553656e-07,0.4634885403519224,0.3545508706479473,0.1676337483367241,0.46292804804098747,0.00471068829673955,0.0992065813820931,True,AP3.4,130.0,8.3,7.498198192099515e+19,$(U_{0.8}Pu_{0.2})N$,0.47106882967395497,0.15270934302919453,29.595514601127608,51.34157081903548,5.893209093883446,13.016996142924274,1.4178684676002584e+17,6.180114236191099e-07,ok,
40,TRIAL_040,AP3.4,1750.0,1.3,7.498198192099515e+19,1.062311996090433e-06,758842.2102745409,10336485574633.084,10.755588130453074,23.775760767576156,18178028235672.35,1.0,40,TRIAL_040_AP3p4,rizk2025_refit_plot,rizk2025_refit_full,10336485574633.084,8.010310105201366e+22,2.136009939298202e+25,6.4210705103596755e+25,2.505219385077008e+21,3.956385069170495e+18,6.877960848637602,204.31906385041293,0.341439271358006,14.135586539870982,14.47702581122899,4.695672290088834,19.172698101317824,442168915943.1836,1.1054222898579589e+17,699.9231631548021,0.5000000000000001,3183324.473716561,3171776.7275963156,1.0036407815278336,322800898.726864,322770083.8744585,11416049.60889741,10865359.101416584,1.0000954699767575,1.0506831391710771,0.07500580142933155,20.000865790957043,60.124705952525346,19.799422455088287,5.728834287291762,14.070588167796524,2.1144966222189185e+25,6.118158636802693e+24,1.5026807585386494e+25,1.0679587381981997e+26,9.176906623443347e+25,1.467875026826711,881845484757781.9,0.00011732286137902281,6.163139964979034e-08,5.679113933912924e-05,5.679113933912924e-05,0.2054206509331883,0.2054206509331883,1.810972175230209e+20,0.0001561825256000529,5934529.818796294,1.2999999999999998,10336485574633.084,0.0,1.3629116611178965e-24,3.572854080867988e-20,6.8779608486376025e-09,2.0431906385041293e-07,5.472550084901132e+25,4.6517118282697565e+27,8.565090759763078e+25,0.00341439271358006,14.135586539870982,4.695672290088834,0.14477025811228988,0.19172698101317823,55346799.97803233,14379136908.385101,4.247853814031743e-19,6.999231631548021e-07,1.130789573784168e-12,0.03407359027997259,1.0,1.170078713301288e-17,8.589643716813095e-19,9.238667000537576e-18,8.552344067970446e-13,1.7995675661038836e+19,10336485574633.084,0.0026092362052918174,0.003910963902763214,9.31494996879823e-06,4.840961900203134e-06,9.31494996879823e-06,4.840961900203134e-06,4.244565345781044e-27,3.0861321848384823e+19,5.678051121833797e+20,22650.161094990548,1.1824092079610969e-18,-463191.38416829373,9.573044446320912e+21,1.108647824356345e+22,0.0,0.0,0.0,0.0,0.3333333333333333,0.3333333333333333,2.0,1.0809044845085196e-17,3.0549830664988003e-24,0.0,8.91742287927684e-19,,0.0,0.0,0.0,0.0,0.0,1.0809044845085196e-17,8.91742287927684e-19,2.610920984862119e-07,2.7819511566684755e-16,8.552344067970446e-19,3.7299648842649055e-21,,,8.552344067970446e-19,3.7299648842649055e-21,,1.754844392274209e-07,4.019428965094406,8719683452878.527,0.00011898658876656774,0.003791977313996646,0.00011898658876656774,0.003791977313996646,0.0026092362052918174,0.003910963902763214,False,False,1.0,1.2952613529931754,4.568443060346081e-08,0.1551363236811872,0.7691623690649607,1.0,2.9722317692409868,3.922048128592423e-07,0.5214197992686381,0.28875174545881077,0.1505813398063129,0.5209202951036377,0.00341439271358006,0.1413558653987098,True,AP3.4,130.0,8.3,7.498198192099515e+19,$(U_{0.8}Pu_{0.2})N$,0.341439271358006,0.07500580142933155,20.000865790957043,60.124705952525346,5.728834287291762,14.070588167796524,1.1054222898579589e+17,6.999231631548021e-07,ok,
40,TRIAL_040,AP3.4,1800.0,1.3,7.498198192099515e+19,1.062311996090433e-06,758842.2102745409,10336485574633.084,10.755588130453074,23.775760767576156,18178028235672.35,1.0,40,TRIAL_040_AP3p4,rizk2025_refit_plot,rizk2025_refit_full,10336485574633.084,3.724032453204311e+22,1.181533691812861e+25,7.319049317201547e+25,1.1035580831259031e+21,2.717247197184079e+18,7.570235537533527,259.9543988676948,0.20054506622717547,19.994441207600204,20.19498627382738,5.183577939335721,25.378564213163102,362847807327.04944,9.071195183176235e+16,772.648950698106,0.5,2881171.5469362717,2873232.4013307462,1.0027631407754725,293294579.822367,293253755.3148977,9389204.14530488,8539959.353139784,1.000139212223985,1.0994436574048638,0.03487056493856018,11.063476982324978,68.53307206933704,20.36858038339945,5.5722386277693445,14.7963417556301,2.1752803405143878e+25,5.950920933851817e+24,1.5801882471292058e+25,1.0679587381981997e+26,9.099399134852794e+25,1.7571138914583602,457795851298114.94,9.343690618020235e-05,3.714914891939569e-08,0.00017439554478262403,0.00017439554478262403,0.33549477065661176,0.33549477065661176,1.6694932961360606e+20,0.0003616666497123335,5934529.818796294,1.2999999999999998,10336485574633.084,0.0,1.8172588221103682e-24,7.358344587978864e-20,7.570235537533527e-09,2.5995439886769485e-07,3.426870874193747e+25,6.631038646086658e+27,8.504307041467613e+25,0.0020054506622717546,19.994441207600204,5.183577939335721,0.20194986273827378,0.253785642131631,65602391.01555889,19368956264.260002,5.714327422861952e-19,7.72648950698106e-07,1.3779882085640653e-12,0.03407359027997264,1.0,2.8109916689626407e-17,2.4025223904971453e-18,2.584054130637884e-17,2.3978131732901632e-12,1.7995675661038836e+19,10336485574633.084,0.0030308433941984457,0.00957250464067228,8.966006086466226e-06,4.80011469299457e-06,8.966006086466226e-06,4.80011469299457e-06,1.4568655634201566e-26,2.4777827016545546e+19,1.340638186575562e+21,35152.62006820981,1.6607550379199415e-18,-438218.7288264087,1.0229361045037923e+22,1.2432292622552915e+22,0.0,0.0,0.0,0.0,0.3333333333333333,0.3333333333333333,2.0,2.721817440169872e-17,1.0491064501063835e-24,0.0,8.91742287927684e-19,,0.0,0.0,0.0,0.0,0.0,2.721817440169872e-17,8.91742287927684e-19,3.732157806406955e-08,6.6833465440905375e-16,2.397813173290163e-18,4.7092172069822286e-21,,,2.397813173290163e-18,4.7092172069822286e-21,,1.754844392274209e-07,4.019428965094406,8923473631496.7,0.0002497675720713844,0.009322737068600895,0.0002497675720713844,0.009322737068600895,0.0030308433941984457,0.00957250464067228,False,False,1.0,1.2368580357231453,6.004135815102463e-08,0.12956380641347948,0.8067417699325111,1.0,3.594722155997039,4.4448562768051214e-07,0.5851546822416588,0.2224482143301778,0.12610645790466388,0.5847493625969393,0.0020054506622717546,0.19994441207600203,True,AP3.4,130.0,8.3,7.498198192099515e+19,$(U_{0.8}Pu_{0.2})N$,0.20054506622717547,0.03487056493856018,11.063476982324978,68.53307206933704,5.5722386277693445,14.7963417556301,9.071195183176235e+16,7.726489506981061e-07,ok,
40,TRIAL_040,AP3.8,900.0,1.1,6.863735268152632e+19,1.062311996090433e-06,758842.2102745409,10336485574633.084,10.755588130453074,23.775760767576156,18178028235672.35,1.0,40,TRIAL_040_AP3p8,rizk2025_refit_plot,rizk2025_refit_full,10336485574633.084,6.531517975652844e+23,3.64893537155424e+25,3.873789642087993e+25,1.4074467329091677e+22,7.699065920117074e+18,4.034478450476555,52.365029676185856,0.38715313187976774,0.463074332510432,0.8502274643901997,0.12313804479204972,0.9733655091822493,13543635898639.152,3.385908974659788e+18,66.46089269701493,0.13808568977465285,1419896745216.744,33403102.334490776,42507.930281392226,588894087.9315689,550256997.8376691,359748117.05208844,42394705.278083585,1.0702164447625944,8.485685056479547,0.7227869787855297,40.37963277174825,42.86790180004976,16.029678449416476,16.029678449416476,0.0,1.448533745201371e+25,1.448533745201371e+25,0.0,9.036573938600132e+25,9.036573938600132e+25,1.0116725259440282,4088575406852705.0,0.00038591800989617433,1.9875865420175343e-07,7.075779314743053e-07,7.075779314743053e-07,0.00524742954028476,0.00524742954028476,1.324207493255562e+19,6.934649863657125e-06,5485699.832500776,1.0999999999999999,10336485574633.084,0.0,2.750748023547072e-25,6.014682005780129e-22,4.034478450476555e-09,5.236502967618586e-08,2.6354491962241178e+25,4.5799757208976036e+25,7.5880401933987606e+25,0.003871531318797677,0.463074332510432,0.12313804479204972,0.008502274643901997,0.009733655091822493,4278123.706343636,1281.5107288781571,3.6367795387772492e-22,6.646089269701492e-08,1.0195614442686512e-14,0.3732591984108261,0.0,8.162871712571295e-19,5.5598665086701915e-25,5.979963422755668e-24,5.119872410101689e-28,1.6472964643566316e+19,10336485574633.084,0.0006122486793857094,0.00029328299102902015,1.0624007487427474e-05,4.927031558678262e-06,1.0624007487427474e-05,4.927031558678262e-06,2.6819572546102173e-29,9.23935675413142e+18,5.044051375442782e+18,0.0003937003384745772,1.9778582359002397e-21,-612984.2563181501,1.0321576064655007e+22,0.0,0.0,0.0,0.0,0.0,0.3333333333333333,0.3333333333333333,2.0,2.4966082885114063e-31,1.045298780017561e-24,0.0,8.162871712568798e-19,,0.0,0.0,0.0,0.0,0.0,2.4966082885114063e-31,8.162871712568798e-19,1.2805527476411767e-06,1.9407848501450978e-17,5.119872410101689e-34,5.559866503550319e-25,,,5.119872410101689e-34,5.559866503550319e-25,,1.754844392274209e-07,4.019428965094406,9530195555635.14,4.151952461233066e-06,0.0002891310385677871,4.151952461233066e-06,0.0002891310385677871,0.0006122486793857094,0.00029328299102902015,False,False,1.0,1.319343354646143,2.5700800421277017e-08,0.16514176783317253,0.7545392051698374,1.0,1.3247339943121879,3.1416473467355115e-07,0.1673412517334233,0.7513311588455379,0.15702215218545726,0.16668002994087172,0.003871531318797677,0.00463074332510432,True,AP3.8,119.0,8.3,6.863735268152632e+19,$(U_{0.8}Pu_{0.2})N$,0.38715313187976774,0.7227869787855297,40.37963277174825,42.86790180004976,16.029678449416476,0.0,3.385908974659788e+18,6.646089269701494e-08,ok,
40,TRIAL_040,AP3.8,950.0,1.1,6.863735268152632e+19,1.062311996090433e-06,758842.2102745409,10336485574633.084,10.755588130453074,23.775760767576156,18178028235672.35,1.0,40,TRIAL_040_AP3p8,rizk2025_refit_plot,rizk2025_refit_full,10336485574633.084,6.503626512746006e+23,3.657652230139996e+25,3.8700265233859505e+25,1.397305443640499e+22,7.675048104986124e+18,4.07615548717949,55.18485543139042,0.39639866796911427,0.540293127005305,0.9366917949744192,0.12281252201067104,1.0595043169850902,13550216941579.129,3.3875542353947827e+18,66.39152478392454,0.13786454678585439,224080435938.10025,33438002.926203787,6701.370187467116,561115392.5139345,544630843.2007673,240180272.58743712,40228428.30058794,1.0302673811425889,5.970411540634982,0.7197004702153182,40.476094756621976,42.82625859846018,15.977946174702526,15.977946174702526,0.0,1.443858919946725e+25,1.443858919946725e+25,0.0,9.036573938600132e+25,9.036573938600132e+25,1.0136376691471136,4053736356854846.0,0.0003822229798675541,1.983313924096816e-07,9.819201301509574e-07,9.819201301509574e-07,0.0061107493179096296,0.0061107493179096296,1.642789162565841e+19,7.86268188956993e-06,5485699.832500776,1.0999999999999999,10336485574633.084,0.0,2.8368791503191223e-25,7.039605740767951e-22,4.07615548717949e-09,5.5184855431390423e-08,2.9265570553830735e+25,7.2340811392147e+25,7.592715018653407e+25,0.003963986679691143,0.540293127005305,0.12281252201067104,0.009366917949744192,0.010595043169850903,4262245.9143549595,8539.674747322719,3.6254038600317368e-22,6.639152478392454e-08,1.0174342402062515e-14,0.3738546989136097,0.0,8.162871712643784e-19,1.555632732564192e-24,1.6731744953711702e-23,2.2845010932250072e-26,1.6472964643566316e+19,10336485574633.084,0.0006138059705784898,0.00029225537418025704,1.0579051947268395e-05,4.893653367837926e-06,1.0579051947268395e-05,4.893653367837926e-06,3.743996357298317e-29,1.0280819776546103e+19,7.838691626269957e+18,0.0026219088301801595,1.971908356271185e-21,-611886.3949407556,1.0280920035382193e+22,0.0,0.0,0.0,0.0,0.0,0.3333333333333333,0.3333333333333333,2.0,7.498646671560408e-30,3.8979387444212507e-23,0.0,8.162871712568798e-19,,0.0,0.0,0.0,0.0,0.0,7.498646671560408e-30,8.162871712568798e-19,4.775205199395189e-05,1.9407848501623326e-17,2.284501093225007e-32,1.555632709719181e-24,,,2.284501093225007e-32,1.555632709719181e-24,,1.754844392274209e-07,4.019428965094406,9489434580528.277,4.360959034572753e-06,0.0002878944151456843,4.360959034572753e-06,0.0002878944151456843,0.0006138059705784898,0.00029225537418025704,False,False,1.0,1.3223290918304405,2.5762816693407605e-08,0.1663617842379972,0.7527594582474451,1.0,1.3466339400938205,3.144920024138258e-07,0.17613148333388506,0.7385347768059315,0.15826227176280547,0.17547280331211887,0.003963986679691143,0.00540293127005305,True,AP3.8,119.0,8.3,6.863735268152632e+19,$(U_{0.8}Pu_{0.2})N$,0.39639866796911427,0.7197004702153182,40.476094756621976,42.82625859846018,15.977946174702526,0.0,3.3875542353947827e+18,6.639152478392454e-08,ok,
40,TRIAL_040,AP3.8,1000.0,1.1,6.863735268152632e+19,1.062311996090433e-06,758842.2102745409,10336485574633.084,10.755588130453074,23.775760767576156,18178028235672.35,1.0,40,TRIAL_040_AP3p8,rizk2025_refit_plot,rizk2025_refit_full,10336485574633.084,6.482024768789928e+23,3.6626317425789407e+25,3.869375947541494e+25,1.3886019239146294e+22,7.643853778286636e+18,4.109301226070602,58.49105016929599,0.4036177946568904,0.640721410531607,1.0443392051884974,0.12284448900527958,1.167183694193777,13549415261111.373,3.387353815277843e+18,66.3985941435839,0.137885749633037,42649081824.54932,33434442.83171647,1275.6031867859238,547901658.1190926,540237835.5511333,171322356.12369156,37954524.55673905,1.0141860159796858,4.513884922140917,0.7173099908032256,40.53119874263236,42.81905923453225,15.932432032032153,15.932432032032153,0.0,1.439746000791797e+25,1.439746000791797e+25,0.0,9.036573938600132e+25,9.036573938600132e+25,1.0162017238409287,4026855984850400.0,0.0003793248693608544,1.975586795724328e-07,1.3282331396486278e-06,1.3282331396486278e-06,0.007232199795766539,0.007232199795766539,2.0533396225191862e+19,8.972837150942255e-06,5485699.832500776,1.0999999999999999,10336485574633.084,0.0,2.9066486781110397e-25,8.38217774850246e-22,4.109301226070602e-09,5.849105016929599e-08,3.1591758615873597e+25,1.0673578573432257e+26,7.5968279378083345e+25,0.004036177946568904,0.640721410531607,0.12284448900527958,0.010443392051884975,0.01167183694193777,4250356.11661873,47097.60200076155,3.626562080737451e-22,6.639859414358391e-08,1.0176509242342546e-14,0.37379754861221426,0.0,8.162871714171498e-19,3.863167302789697e-24,4.1550636387839277e-23,6.972208708889678e-25,1.6472964643566316e+19,10336485574633.084,0.0006146998755101503,0.00029106811495032927,1.0543730633002432e-05,4.858509919285927e-06,1.0543730633002432e-05,4.858509919285927e-06,5.098870552723694e-29,1.1118020218959682e+19,1.1370402971606176e+19,0.014461602778500006,1.9722845538301705e-21,-611916.3746020189,1.0249025582188825e+22,0.0,0.0,0.0,0.0,0.0,0.3333333333333333,0.3333333333333333,2.0,1.6026995865756309e-28,4.883477169444583e-22,0.0,8.162871712568798e-19,,0.0,0.0,0.0,0.0,0.0,1.6026995865756309e-28,8.162871712568798e-19,0.0005982547981204234,1.940784850525558e-17,6.972208708889678e-31,3.863166605568826e-24,,,6.972208708889678e-31,3.863166605568826e-24,,1.754844392274209e-07,4.019428965094406,9442341596782.857,4.6024262887196365e-06,0.00028646568866160963,4.6024262887196365e-06,0.00028646568866160963,0.0006146998755101503,0.00029106811495032927,False,False,1.0,1.3246311858663073,2.5816525456905318e-08,0.16729943835057937,0.7513921230024573,1.0,1.372927886139046,3.149191048261248e-07,0.18638915189492367,0.7236539370870522,0.1592172438373486,0.1857332873801595,0.004036177946568904,0.00640721410531607,True,AP3.8,119.0,8.3,6.863735268152632e+19,$(U_{0.8}Pu_{0.2})N$,0.4036177946568904,0.7173099908032256,40.53119874263236,42.81905923453225,15.932432032032153,0.0,3.387353815277843e+18,6.639859414358391e-08,ok,
40,TRIAL_040,AP3.8,1050.0,1.1,6.863735268152632e+19,1.062311996090433e-06,758842.2102745409,10336485574633.084,10.755588130453074,23.775760767576156,18178028235672.35,1.0,40,TRIAL_040_AP3p8,rizk2025_refit_plot,rizk2025_refit_full,10336485574633.084,6.46355175721079e+23,3.6669892298939677e+25,3.868927953488454e+25,1.380756437967114e+22,7.605632385315758e+18,4.138969375549985,62.127987732419655,0.41009297077260215,0.7639867064381454,1.1740796772107476,0.12424709817545833,1.2983267753862058,13520574767135.602,3.3801436917839e+18,66.69770276084712,0.1388346817488185,9526289487.414602,33284504.68466786,286.20793902944223,540246588.9109914,536365408.52757746,128898054.63628198,35732687.972470075,1.0072360751116827,3.6072868275566146,0.7152657413227638,40.57941931100966,42.814101669241644,15.89121327842595,15.89121327842595,0.0,1.4360212376456029e+25,1.4360212376456029e+25,0.0,9.036573938600132e+25,9.036573938600133e+25,1.0193616424295637,4003940033762450.5,0.000376732701481151,1.9659378570811037e-07,1.742117830231377e-06,1.742117830231377e-06,0.008608625087870506,0.008608625087870506,2.5520379160427168e+19,1.0263889842607893e-05,5485699.832500776,1.0999999999999999,10336485574633.084,0.0,2.9700601749601944e-25,1.0045012271605176e-21,4.138969375549985e-09,6.212798773241965e-08,3.368139435257225e+25,1.489418489422979e+26,7.6005527009545295e+25,0.004100929707726022,0.7639867064381454,0.12424709817545833,0.011740796772107475,0.012983267753862058,4248402.93368632,221296.4191271346,3.6757933835021627e-22,6.669770276084712e-08,1.026840087348086e-14,0.3712516113417603,0.0,8.162871738158613e-19,8.68048799131575e-24,9.336375360593612e-23,1.5366002896313798e-23,1.6472964643566316e+19,10336485574633.084,0.0006154251635718324,0.0002897862907864228,1.0512434550258568e-05,4.8240652072993616e-06,1.0512434550258568e-05,4.8240652072993616e-06,6.733729574471686e-29,1.1876864659969354e+19,1.5593990762877336e+19,0.06807984503812814,1.9939170748362987e-21,-615341.8560499765,1.0221576027664116e+22,0.0,0.0,0.0,0.0,0.0,0.3333333333333333,0.3333333333333333,2.0,2.558981501392922e-27,2.652535369540001e-21,0.0,8.162871712568798e-19,,0.0,0.0,0.0,0.0,0.0,2.558981501392922e-27,8.162871712568798e-19,0.0032495124934283997,1.9407848562286773e-17,1.5366002896313797e-29,8.680472625312854e-24,,,1.5366002896313797e-29,8.680472625312854e-24,,1.754844392274209e-07,4.019428965094406,9391498023965.021,4.863114757537708e-06,0.0002849231760288851,4.863114757537708e-06,0.0002849231760288851,0.0006154251635718324,0.0002897862907864228,False,False,1.0,1.3266773984525824,2.5865326919697335e-08,0.16813067881003046,0.7501803345075633,1.0,1.4026212325333174,3.154456020797682e-07,0.1976055983795132,0.7074496514174944,0.16006416316854186,0.1969526977601731,0.004100929707726022,0.007639867064381453,True,AP3.8,119.0,8.3,6.863735268152632e+19,$(U_{0.8}Pu_{0.2})N$,0.41009297077260215,0.7152657413227638,40.57941931100966,42.814101669241644,15.89121327842595,0.0,3.3801436917839e+18,6.669770276084713e-08,ok,
40,TRIAL_040,AP3.8,1100.0,1.1,6.863735268152632e+19,1.062311996090433e-06,758842.2102745409,10336485574633.084,10.755588130453074,23.775760767576156,18178028235672.35,1.0,40,TRIAL_040_AP3p8,rizk2025_refit_plot,rizk2025_refit_full,10336485574633.084,6.44677379660631e+23,3.6720896176054774e+25,3.8673845319725463e+25,1.3735469480156936e+22,7.560816497724942e+18,4.167343163913177,65.95899848833825,0.41639922309445654,0.9088233264023674,1.325222549496824,0.13069104350645439,1.4559135930032783,13391976673908.166,3.3479941684770417e+18,68.04782100367116,0.1431377523109196,2439924117.1624804,32624115.912252825,74.7889727870328,534839135.9584638,532713508.98671806,101249694.50479993,33657272.71302494,1.0039901878512316,3.0082560571111747,0.7134090685706256,40.635860919811456,42.797021949356704,15.853708062261227,15.853708062261227,0.0,1.432632051056046e+25,1.432632051056046e+25,0.0,9.036573938600132e+25,9.036573938600133e+25,1.0230926788011543,3983183978235861.0,0.0003742442915296209,1.955135675973931e-07,2.2170845477785625e-06,2.2170845477785625e-06,0.010227908079113316,0.010227908079113316,3.1328126320751604e+19,1.1737351559053885e-05,5485699.832500776,1.0999999999999999,10336485574633.084,0.0,3.0315616346133e-25,1.2020174364446396e-21,4.1673431639131775e-09,6.595899848833826e-08,3.56915937001066e+25,1.985635285236855e+26,7.6039418875440865e+25,0.004163992230944566,0.9088233264023674,0.13069104350645439,0.01325222549496824,0.014559135930032783,4279075.706119678,911694.842028349,3.9035624594861226e-22,6.804782100367116e-08,1.0688321507443894e-14,0.359989553040328,0.0,8.162872030182321e-19,1.792226870002319e-23,1.9276454050076005e-22,2.556484784617257e-22,1.6472964643566316e+19,10336485574633.084,0.0006162059706702185,0.0002884663384556148,1.0482782177714581e-05,4.791795646038688e-06,1.0482782177714581e-05,4.791795646038688e-06,8.62575818698819e-29,1.261259596253514e+19,2.0429916195925336e+19,0.2827447697313605,2.0930577017067424e-21,-630664.9048481815,1.0196627559984598e+22,0.0,0.0,0.0,0.0,0.0,0.3333333333333333,0.3333333333333333,2.0,3.1761352235744896e-26,7.564160303615265e-21,0.0,8.162871712568798e-19,,0.0,0.0,0.0,0.0,0.0,3.1761352235744896e-26,8.162871712568798e-19,0.009266542799699283,1.9407849256595355e-17,2.556484784617257e-28,1.7922013051544728e-23,,,2.556484784617257e-28,1.7922013051544728e-23,,1.754844392274209e-07,4.019428965094406,9339142188712.23,5.131545412248357e-06,0.00028333479304336643,5.131545412248357e-06,0.00028333479304336643,0.0006162059706702185,0.0002884663384556148,False,False,1.0,1.328656006480771,2.5910499156248907e-08,0.16893250360771972,0.7490117585964627,1.0,1.4347682700427773,3.160674533569877e-07,0.2093357912084223,0.6905830145988835,0.16088046154150054,0.2086859232855096,0.004163992230944566,0.009088233264023674,True,AP3.8,119.0,8.3,6.863735268152632e+19,$(U_{0.8}Pu_{0.2})N$,0.41639922309445654,0.7134090685706256,40.635860919811456,42.797021949356704,15.853708062261227,0.0,3.3479941684770417e+18,6.804782100367116e-08,ok,
40,TRIAL_040,AP3.8,1150.0,1.1,6.863735268152632e+19,1.062311996090433e-06,758842.2102745409,10336485574633.084,10.755588130453074,23.775760767576156,18178028235672.35,1.0,40,TRIAL_040_AP3p8,rizk2025_refit_plot,rizk2025_refit_full,10336485574633.084,6.43100356086194e+23,3.678380856405398e+25,3.864333209170508e+25,1.3668608879046884e+22,7.510032487293769e+18,4.195314252498331,69.87742693450804,0.4227721964454187,1.0733494530480252,1.496121649493444,0.15386425208339238,1.6499859015768363,12959605836578.533,3.2399014591446333e+18,72.64334295002894,0.15785723775075977,701572187.8633349,30560267.601218868,22.957004075296556,530410056.52510935,529161790.1276355,82369933.92264298,31769916.228894267,1.0023589503640706,2.5927022699458284,0.7116639120708812,40.70548065448819,42.76325558145256,15.819599851988377,15.819599851988377,0.0,1.4295498374156068e+25,1.4295498374156068e+25,0.0,9.036573938600132e+25,9.036573938600132e+25,1.0273548505743204,3963725399584197.0,0.00037178477501297177,1.9435392010875074e-07,2.74521993778833e-06,2.74521993778833e-06,0.012071902638710419,0.012071902638710419,3.788022099419428e+19,1.3391663090941279e-05,5485699.832500776,1.0999999999999999,10336485574633.084,0.0,3.0930155379125803e-25,1.4292207854813229e-21,4.195314252498332e-09,6.987742693450805e-08,3.768998343894464e+25,2.54968689740142e+26,7.607024101184525e+25,0.004227721964454187,1.0733494530480252,0.15386425208339238,0.01496121649493444,0.016499859015768364,4412325.051987915,3418032.1033845954,4.749041105837031e-22,7.264334295002893e-08,1.218071288134452e-14,0.3246596173480564,0.0,8.162874879327773e-19,3.4427700444941665e-23,3.7029016626440856e-22,3.330768464716398e-21,1.6472964643566316e+19,10336485574633.084,0.00061712504751933,0.00028715164765280875,1.045381350925791e-05,4.762370464898062e-06,1.045381350925791e-05,4.762370464898062e-06,1.0744979845098207e-28,1.3347616161886745e+19,2.5777305274904293e+19,1.0889931561197892,2.4551411420956295e-21,-681570.4760305306,1.017324513736804e+22,0.0,0.0,0.0,0.0,0.0,0.3333333333333333,0.3333333333333333,2.0,3.1667589742037936e-25,1.3094981712716537e-20,0.0,8.162871712568798e-19,,0.0,0.0,0.0,0.0,0.0,3.1667589742037936e-25,8.162871712568798e-19,0.01604211984907324,1.940785603065542e-17,3.330768464716398e-27,3.4424369676476946e-23,,,3.330768464716398e-27,3.4424369676476946e-23,,1.754844392274209e-07,4.019428965094406,9286992010651.99,5.39891013211801e-06,0.00028175273752069075,5.39891013211801e-06,0.00028175273752069075,0.00061712504751933,0.00028715164765280875,False,False,1.0,1.330642560262856,2.5952674123609486e-08,0.1697356259542141,0.7478416182674321,1.0,1.4685660865117667,3.1677808780739996e-07,0.22123405005318075,0.6735630204439906,0.1616970659006102,0.22058723642702308,0.004227721964454187,0.010733494530480253,True,AP3.8,119.0,8.3,6.863735268152632e+19,$(U_{0.8}Pu_{0.2})N$,0.4227721964454187,0.7116639120708812,40.70548065448819,42.76325558145256,15.819599851988377,0.0,3.2399014591446333e+18,7.264334295002894e-08,ok,
40,TRIAL_040,AP3.8,1200.0,1.1,6.863735268152632e+19,1.062311996090433e-06,758842.2102745409,10336485574633.084,10.755588130453074,23.775760767576156,18178028235672.35,1.0,40,TRIAL_040_AP3p8,rizk2025_refit_plot,rizk2025_refit_full,10336485574633.084,6.415857701609028e+23,3.6858786373577764e+25,3.859795257316252e+25,1.3606077832138005e+22,7.453996436088664e+18,4.223242977627895,73.80752125907048,0.42929889047677644,1.2553928503379903,1.6846917408147668,0.2275367064450072,1.912228447259774,11810779501057.008,2.952694875264252e+18,85.36335542182147,0.19865640878891147,222446180.7043594,26006475.36674151,8.553492065627458,526442014.6015574,525662390.66996014,68961029.28614742,30078235.41733121,1.001483126709148,2.2927219076958143,0.7099878499531115,40.78845215456469,42.71303796706585,15.78852202841635,15.78852202841635,0.0,1.4267414669100127e+25,1.4267414669100127e+25,0.0,9.036573938600132e+25,9.036573938600132e+25,1.0321007063820904,3945092158227820.0,0.00036933024675087805,1.9313078645038298e-07,3.318057994817201e-06,3.318057994817201e-06,0.01411974806778129,0.01411974806778129,4.509343718830617e+19,1.5222276518366687e-05,5485699.832500776,1.0999999999999999,10336485574633.084,0.0,3.1551994319976495e-25,1.6841876181480073e-21,4.223242977627895e-09,7.380752125907048e-08,3.970588653641056e+25,3.174131692980558e+26,7.609832471690119e+25,0.004292988904767764,1.2553928503379903,0.2275367064450072,0.016846917408147668,0.01912228447259774,4831997.640062034,12318736.572767893,7.706069067656161e-22,8.536335542182147e-08,1.6819923593623324e-14,0.24687958436609447,0.0,8.162897780388003e-19,6.217615733574239e-23,6.687411398374937e-22,3.503783313863259e-20,1.6472964643566316e+19,10336485574633.084,0.0006181982202888959,0.0002858728414261366,1.0425145757247505e-05,4.735931398040202e-06,1.0425145757247505e-05,4.735931398040202e-06,1.3058095447263115e-28,1.4089869547540101e+19,3.1527486807339323e+19,4.2256666743059865,3.673087953518752e-21,-810602.1621506261,1.0150910389654458e+22,0.0,0.0,0.0,0.0,0.0,0.3333333333333333,0.3333333333333333,2.0,2.6067819204802983e-24,1.5382006404450104e-20,0.0,8.162871712568798e-19,,0.0,0.0,0.0,0.0,0.0,2.6067819204802983e-24,8.162871712568798e-19,0.018843806229457596,1.9407910479668357e-17,3.503783313863259e-26,6.214111950260375e-23,,,3.503783313863259e-26,6.214111950260375e-23,,1.754844392274209e-07,4.019428965094406,9236237913276.082,5.6591172879647505e-06,0.00028021372413817187,5.6591172879647505e-06,0.00028021372413817187,0.0006181982202888959,0.0002858728414261366,False,False,1.0,1.3326638067029566,2.599236630758662e-08,0.17055080567092765,0.746654246366653,1.0,1.5033873709839731,3.1756969339586747e-07,0.23305647941910745,0.6567445498030835,0.1625249054341996,0.23241271478009756,0.004292988904767764,0.012553928503379903,True,AP3.8,119.0,8.3,6.863735268152632e+19,$(U_{0.8}Pu_{0.2})N$,0.42929889047677644,0.7099878499531115,40.78845215456469,42.71303796706585,15.78852202841635,0.0,2.952694875264252e+18,8.536335542182147e-08,ok,
40,TRIAL_040,AP3.8,1250.0,1.1,6.863735268152632e+19,1.062311996090433e-06,758842.2102745409,10336485574633.084,10.755588130453074,23.775760767576156,18178028235672.35,1.0,40,TRIAL_040_AP3p8,rizk2025_refit_plot,rizk2025_refit_full,10336485574633.084,6.401043445196866e+23,3.694407098171133e+25,3.853987908658209e+25,1.3546910526101346e+22,7.393322268118904e+18,4.251280136425192,77.70633752865967,0.4360015592657213,1.453106906560464,1.8891084658261854,0.4382927770368788,2.327401242863064,9567439190202.027,2.391859797550507e+18,113.93838085533766,0.2866928491620181,77476295.12288536,19484215.795717094,3.976361991428762,522709333.41080034,522195651.3707302,59095066.256035134,28569098.35933548,1.0009836965105354,2.0684960201666542,0.7083484834727596,40.88282930315335,42.648773028854734,15.760049184519152,15.760049184519152,0.0,1.4241684973188202e+25,1.4241684973188202e+25,0.0,9.036573938600132e+25,9.03657393860013e+25,1.0372909659879364,3926973427932834.5,0.00036687439167928595,1.9184764502517302e-07,3.928377781047201e-06,3.928377781047201e-06,0.01635447997626271,0.01635447997626271,5.289911557609494e+19,1.722635512281063e-05,5485699.832500776,1.0999999999999999,10336485574633.084,0.0,3.2184575104830034e-25,1.9654315798277526e-21,4.251280136425193e-09,7.770633752865968e-08,4.175203715860178e+25,3.8525856184636985e+26,7.6124054412813105e+25,0.004360015592657213,1.453106906560464,0.4382927770368788,0.018891084658261854,0.02327401242863064,5954230.673458807,45399386.709281825,1.8324350678318708e-21,1.1393838085533765e-07,2.996547388099618e-14,0.14081657586551194,0.0,8.1630529947906185e-19,1.066087053798265e-22,1.1466393261862304e-21,3.0533079764031823e-19,1.6472964643566316e+19,10336485574633.084,0.0006194146007546221,0.0002846506504165378,1.0396621760152692e-05,4.712293646175187e-06,1.0396621760152692e-05,4.712293646175187e-06,1.5536152748041853e-28,1.4841270463647609e+19,3.758495522781621e+19,18.287344014827674,7.772753831805845e-21,-1030337.0264048179,1.0129317570543096e+22,0.0,0.0,0.0,0.0,0.0,0.3333333333333333,0.3333333333333333,2.0,1.8128222181985484e-23,1.3360203119369858e-20,0.0,8.162871712568798e-19,,0.0,0.0,0.0,0.0,0.0,1.8128222181985484e-23,8.162871712568798e-19,0.016366674487959202,1.9408279513718783e-17,3.0533079764031822e-25,1.0630337458218618e-22,,,3.0533079764031822e-25,1.0630337458218618e-22,,1.754844392274209e-07,4.019428965094406,9187547250727.133,5.908828508645291e-06,0.0002787418219078925,5.908828508645291e-06,0.0002787418219078925,0.0006194146007546221,0.0002846506504165378,False,False,1.0,1.3347254892221105,2.603014647136155e-08,0.17138025763283757,0.7454464348372383,1.0,1.5388324381625458,3.1843582198955155e-07,0.24466471974904222,0.6403258363737173,0.16336637815453606,0.2440239890953479,0.004360015592657213,0.01453106906560464,True,AP3.8,119.0,8.3,6.863735268152632e+19,$(U_{0.8}Pu_{0.2})N$,0.4360015592657213,0.7083484834727596,40.88282930315335,42.648773028854734,15.760049184519152,0.0,2.391859797550507e+18,1.1393838085533767e-07,ok,
40,TRIAL_040,AP3.8,1300.0,1.1,6.863735268152632e+19,1.062311996090433e-06,758842.2102745409,10336485574633.084,10.755588130453074,23.775760767576156,18178028235672.35,1.0,40,TRIAL_040_AP3p8,rizk2025_refit_plot,rizk2025_refit_full,10336485574633.084,6.386052181200815e+23,3.703674058573473e+25,3.8472429999332513e+25,1.3489578555111083e+22,7.327941931342778e+18,4.27953508321582,81.58499705203825,0.4428705116624558,1.6668692505264058,2.1097397621888616,0.9712862229911449,3.081025985180007,6558911578450.49,1.6397278946126223e+18,168.46861028151707,0.42968562612101785,30007074.494473927,13177529.014397997,2.2771397021162065,519101095.0357558,518747937.9960591,51536973.02321393,27210885.33696941,1.000680787360931,1.893983690166614,0.7066895290838606,40.985378792210874,42.57413291888843,15.733798759816857,15.733798759816857,0.0,1.4217963582814009e+25,1.4217963582814009e+25,0.0,9.036573938600132e+25,9.036573938600133e+25,1.042944930947356,3909038356672662.0,0.0003644067342091022,1.9048475660675537e-07,4.575613644797547e-06,4.575613644797547e-06,0.018784497828844636,0.018784497828844636,6.13149545118814e+19,1.942109198233909e-05,5485699.832500776,1.0999999999999999,10336485574633.084,0.0,3.283056693380951e-25,2.2746758450649558e-21,4.2795350832158204e-09,8.158499705203825e-08,4.383361907225944e+25,4.586244728380716e+26,7.614777580318732e+25,0.004428705116624558,1.6668692505264058,0.9712862229911449,0.021097397621888617,0.030810259851800068,8670928.651959619,177528658.26755252,5.923459777578562e-21,1.6846861028151708e-07,6.55117272098565e-14,0.055878911659317465,0.0,8.163957681071563e-19,1.7578350904993307e-22,1.8906550234668507e-21,2.2525702314749626e-18,1.6472964643566316e+19,10336485574633.084,0.0006207686640363602,0.00028350507087729387,1.0368131475251643e-05,4.690978124392278e-06,1.0368131475251643e-05,4.690978124392278e-06,1.8177149778482816e-28,1.5602207028951763e+19,4.392093999962278e+19,94.74129798549072,2.2778179415434832e-20,-1247795.9787302634,1.0108381330813215e+22,0.0,0.0,0.0,0.0,0.0,0.3333333333333333,0.3333333333333333,2.0,1.085968502764781e-22,9.173994716924637e-21,0.0,8.162871712568798e-19,,0.0,0.0,0.0,0.0,0.0,1.085968502764781e-22,8.162871712568798e-19,0.011237190435461078,1.941043047417733e-17,2.2525702314749626e-24,1.7353093881845811e-22,,,2.2525702314749626e-24,1.7353093881845811e-22,,1.754844392274209e-07,4.019428965094406,9140865341208.342,6.148800474791987e-06,0.00027735627040250185,6.148800474791987e-06,0.00027735627040250185,0.0006207686640363602,0.00028350507087729387,False,False,1.0,1.3368230031325108,2.606696402428965e-08,0.1722220250422365,0.7442210517435327,1.0,1.5749690513712253,3.1937980967090466e-07,0.2560845140527744,0.6242701477333522,0.1642198261306038,0.25544682650672385,0.004428705116624558,0.01666869250526406,True,AP3.8,119.0,8.3,6.863735268152632e+19,$(U_{0.8}Pu_{0.2})N$,0.4428705116624558,0.7066895290838606,40.985378792210874,42.57413291888843,15.733798759816857,0.0,1.6397278946126223e+18,1.6846861028151708e-07,ok,
40,TRIAL_040,AP3.8,1350.0,1.1,6.863735268152632e+19,1.062311996090433e-06,758842.2102745409,10336485574633.084,10.755588130453074,23.775760767576156,18178028235672.35,1.0,40,TRIAL_040_AP3p8,rizk2025_refit_plot,rizk2025_refit_full,10336485574633.084,6.369050079375424e+23,3.713125463974792e+25,3.840133850759943e+25,1.342986058564145e+22,7.255180624983238e+18,4.308303383792503,85.59239516402691,0.44986162499548715,1.9056466560406902,2.3555082810361774,1.6033445528269754,3.958852833863153,3792538929942.556,9.481347324856389e+17,238.98984462998968,0.5000000000000002,13068038.824723698,9289097.632734405,1.4068146704231483,515531786.99103564,515284046.2330171,45322783.71474078,25936883.711989284,1.0004807848405741,1.7474259520927102,0.7048080525485151,41.08996937560605,42.49546207281765,15.709760499027784,11.740223917599442,3.9695365814283408,1.4196241230716427e+25,1.0609140148710906e+25,3.5871010820055204e+24,9.036573938600132e+25,8.67786383039958e+25,1.049313186700303,3890452064619165.5,0.000361869091116266,1.889428379656495e-07,5.283046176323245e-06,5.283046176323245e-06,0.02151729672587964,0.02151729672587964,7.0685675045734834e+19,2.1910684102969577e-05,5485699.832500776,1.0999999999999999,10336485574633.084,0.0,3.349711801747646e-25,2.6266012585249636e-21,4.308303383792503e-09,8.559239516402692e-08,4.595164956581215e+25,5.405634985853941e+26,7.616949815528489e+25,0.0044986162499548715,1.9056466560406902,1.6033445528269754,0.023555082810361776,0.03958852833863153,11189485.824338367,546281690.9624338,1.691051385306424e-20,2.3898984462998966e-07,1.3183780291678469e-13,0.03407359027997253,1.0,8.168569279875949e-19,2.862168056389775e-22,3.078430077466781e-21,1.4331663655150738e-17,1.6472964643566316e+19,10336485574633.084,0.0006223324358926407,0.00028249767587945434,1.0339383590863357e-05,4.67094821947683e-06,1.0339383590863357e-05,4.67094821947683e-06,2.1077787147220215e-28,1.6374640853849395e+19,5.073258721299031e+19,214.12650124489284,3.4139656088360933e-20,-982823.3686642782,1.0088607779927687e+22,7.972573400527337e+21,0.0,0.0,0.0,0.0,0.3333333333333333,0.3333333333333333,2.0,5.697567307150379e-22,5.248217173930294e-21,0.0,8.162871712568798e-19,,0.0,0.0,0.0,0.0,0.0,5.697567307150379e-22,8.162871712568798e-19,0.006424891549686404,1.942139490117024e-17,1.433166365515074e-23,2.7188514198382675e-22,,,1.433166365515074e-23,2.7188514198382675e-22,,1.754844392274209e-07,4.019428965094406,9094590453710.525,6.389621124218193e-06,0.00027610805475523616,6.389621124218193e-06,0.00027610805475523616,0.0006223324358926407,0.00028249767587945434,False,False,1.0,1.3389399488261409,2.610553619410654e-08,0.17306945301856855,0.7429877982131596,1.0,1.6132014763337243,3.20443666816203e-07,0.2677387559581211,0.6079881641016844,0.16507943833218874,0.26710424635200947,0.0044986162499548715,0.019056466560406903,True,AP3.8,119.0,8.3,6.863735268152632e+19,$(U_{0.8}Pu_{0.2})N$,0.44986162499548715,0.7048080525485151,41.08996937560605,42.49546207281765,11.740223917599442,3.9695365814283408,9.481347324856389e+17,2.389898446299897e-07,ok,
40,TRIAL_040,AP3.8,1400.0,1.1,6.863735268152632e+19,1.062311996090433e-06,758842.2102745409,10336485574633.084,10.755588130453074,23.775760767576156,18178028235672.35,1.0,40,TRIAL_040_AP3p8,rizk2025_refit_plot,rizk2025_refit_full,10336485574633.084,6.34258860691518e+23,3.721204713320195e+25,3.8341409524401162e+25,1.3352769890018962e+22,7.164581721172425e+18,4.3387547897358125,90.22547663491503,0.456830711284952,2.2042812424337375,2.6611119537186894,1.884307630254424,4.545419583973113,2745871157516.7837,6.864677893791959e+17,280.8693783227054,0.5,9318850.460774105,7904030.027258175,1.1789998809008466,511836266.9648397,511667542.32155544,39454460.4094432,24605023.800349925,1.000329754438827,1.6035123855024311,0.7018797887352559,41.1793754868192,42.42914381591469,15.689600908530865,9.657322128467944,6.03227878006292,1.4178023867706695e+25,8.726910546277977e+24,5.451113321428718e+24,9.036573938600132e+25,8.491462606457261e+25,1.0573569925610002,3868047908424125.5,0.0003590096650314616,1.8687547884216526e-07,6.140276959500004e-06,6.140276959500004e-06,0.024964094174449274,0.024964094174449274,8.231015953709538e+19,2.508035790432009e-05,5485699.832500776,1.0999999999999999,10336485574633.084,0.0,3.421243045807504e-25,3.0766363316364333e-21,4.338754789735813e-09,9.022547663491503e-08,4.810206324545587e+25,6.429588288281914e+26,7.618771551829463e+25,0.00456830711284952,2.2042812424337375,1.884307630254424,0.026611119537186895,0.045454195839731135,12712774.992939029,902587294.0743605,2.744932332452902e-20,2.8086937832270544e-07,1.8209157360907377e-13,0.03407359027997264,1.0,8.189426464829586e-19,4.907545740295142e-22,5.278354071397397e-21,7.989389038480301e-17,1.6472964643566316e+19,10336485574633.084,0.000624521102205811,0.00028193199649860994,1.0309236140874037e-05,4.649971336254027e-06,1.0309236140874037e-05,4.649971336254027e-06,2.4612367190388734e-28,1.716568829847187e+19,5.881135813483901e+19,430.24167956144646,5.750134124144223e-20,-867892.9368615762,1.0072625717766093e+22,7.998700509151378e+21,0.0,0.0,0.0,0.0,0.3333333333333333,0.3333333333333333,2.0,2.6554752260788454e-21,2.6068146230906868e-21,0.0,8.162871712568798e-19,,0.0,0.0,0.0,0.0,0.0,2.6554752260788454e-21,8.162871712568798e-19,0.00318314674939197,1.9470984445144517e-17,7.989389038480301e-23,4.108606836447112e-22,,,7.989389038480301e-23,4.108606836447112e-22,,1.754844392274209e-07,4.019428965094406,9043711864394.232,6.667539546587307e-06,0.00027526445695202266,6.667539546587307e-06,0.00027526445695202266,0.000624521102205811,0.00028193199649860994,False,False,1.0,1.3410245130231562,2.615567233808185e-08,0.17390182972392487,0.7417768116240843,1.0,1.6585066486869104,3.217884010460558e-07,0.2810163764447642,0.5895713955965797,0.16592752331374833,0.28038557604231007,0.00456830711284952,0.022042812424337373,True,AP3.8,119.0,8.3,6.863735268152632e+19,$(U_{0.8}Pu_{0.2})N$,0.456830711284952,0.7018797887352559,41.1793754868192,42.42914381591469,9.657322128467944,6.03227878006292,6.864677893791959e+17,2.8086937832270544e-07,ok,
40,TRIAL_040,AP3.8,1450.0,1.1,6.863735268152632e+19,1.062311996090433e-06,758842.2102745409,10336485574633.084,10.755588130453074,23.775760767576156,18178028235672.35,1.0,40,TRIAL_040_AP3p8,rizk2025_refit_plot,rizk2025_refit_full,10336485574633.084,6.278756607658706e+23,3.7227245216154654e+25,3.8340060553041177e+25,1.3206051196023008e+22,7.031407669793017e+18,4.375154304460188,96.49053254594227,0.4632780344064889,2.645970498722691,3.1092485331291795,2.0885109220097937,5.197759455138973,2235168494264.2817,5.5879212356607046e+17,311.3073231072504,0.5,7644289.63970455,7131216.759829239,1.0719474526094193,507514824.78145814,507410675.2616366,33082713.358685784,23007438.56857652,1.0002052568558355,1.4379137973172746,0.6948160497905865,41.19619389947865,42.42765102520756,15.681339025523208,8.54765398921057,7.133685036312638,1.417055795603962e+25,7.724150727507169e+24,6.446407228532451e+24,9.036573938600132e+25,8.391933215746887e+25,1.0694178445307543,3829814462115256.5,0.0003549186263216088,1.83408980307714e-07,7.333884754349467e-06,7.333884754349467e-06,0.030125291764836696,0.030125291764836696,9.903133880551283e+19,2.9906721307136766e-05,5485699.832500776,1.0999999999999999,10336485574633.084,0.0,3.5080738937768523e-25,3.7630736589058845e-21,4.375154304460188e-09,9.649053254594228e-08,5.026472741178296e+25,7.941505423893922e+26,7.6195181429961695e+25,0.004632780344064889,2.645970498722691,2.0885109220097937,0.031092485331291796,0.051977594551389734,13822941.308144407,1239123217.6405847,3.7375453839281834e-20,3.113073231072504e-07,2.2369678227080495e-13,0.03407359027997264,1.0,8.274171632376133e-19,9.969293275342691e-22,1.072256124212815e-20,3.956100289530877e-16,1.6472964643566316e+19,10336485574633.084,0.0006290440050450923,0.0002832118594122507,1.0273575987145032e-05,4.6247587495900825e-06,1.0273575987145032e-05,4.6247587495900825e-06,2.9571226406650822e-28,1.7991739151902358e+19,6.969163423526436e+19,741.8792574246936,8.861070908162472e-20,-886412.5464518293,1.0070249043582163e+22,8.882787653375226e+21,0.0,0.0,0.0,0.0,0.3333333333333333,0.3333333333333333,2.0,1.1129991980733449e-20,1.1616069964338774e-21,0.0,8.162871712568798e-19,,0.0,0.0,0.0,0.0,0.0,1.1129991980733449e-20,8.162871712568798e-19,0.001403895215188198,1.9672472528124e-17,3.9561002895308766e-22,6.013192985811814e-22,,,3.9561002895308766e-22,6.013192985811814e-22,,1.754844392274209e-07,4.019428965094406,8979637364484.277,7.069356812024884e-06,0.0002761425026002258,7.069356812024884e-06,0.0002761425026002258,0.0006290440050450923,0.0002832118594122507,False,False,1.0,1.342899922614339,2.6252177788990414e-08,0.17464892682092747,0.7406902021765588,1.0,1.7215760348091227,3.238068040667562e-07,0.29861117942036935,0.5653966067219727,0.16670446666620187,0.2979854090540263,0.004632780344064889,0.02645970498722691,True,AP3.8,119.0,8.3,6.863735268152632e+19,$(U_{0.8}Pu_{0.2})N$,0.4632780344064889,0.6948160497905865,41.19619389947865,42.42765102520756,8.54765398921057,7.133685036312638,5.5879212356607046e+17,3.1130732310725044e-07,ok,
40,TRIAL_040,AP3.8,1500.0,1.1,6.863735268152632e+19,1.062311996090433e-06,758842.2102745409,10336485574633.084,10.755588130453074,23.775760767576156,18178028235672.35,1.0,40,TRIAL_040_AP3p8,rizk2025_refit_plot,rizk2025_refit_full,10336485574633.084,6.087111647666132e+23,3.700659588622875e+25,3.85521867533029e+25,1.2826827719355746e+22,6.829487164281869e+18,4.431283813351145,105.10992552524571,0.4675160988696556,3.3220631785311503,3.789579277400806,2.230678793342128,6.020258070742934,1959339490207.5828,4.898348725518957e+17,332.4984497563442,0.5,6848898.632863643,6676722.858788733,1.0257874675520298,501043818.33102614,500983483.2314953,26663561.295071412,21120745.628031027,1.0001204333107783,1.2624346585417927,0.6736083485871521,40.95202024315146,42.662392866200655,15.711978542060733,7.940351510265192,7.771627031795541,1.4198245581703051e+25,7.175357352098663e+24,7.022888229604389e+24,9.036573938600132e+25,8.334285115639692e+25,1.0882667999399072,3735630240870283.5,0.0003467800755755505,1.7716284147525006e-07,8.935005120262438e-06,8.935005120262438e-06,0.03818686678155657,0.03818686678155657,1.2226818342581964e+20,3.772311374389588e-05,5485699.832500776,1.0999999999999999,10336485574633.084,0.0,3.6448302658978693e-25,4.86429375825684e-21,4.4312838133511455e-09,1.0510992552524572e-07,5.2357373311221375e+25,1.0249561443077724e+27,7.6167493804298265e+25,0.004675160988696556,3.3220631785311503,2.230678793342128,0.037895792774008064,0.06020258070742934,14648522.908785895,1516168667.2662296,4.55394035488112e-20,3.324984497563442e-07,2.551880378560774e-13,0.03407359027997264,1.0,8.586863335070055e-19,2.616148172893133e-21,2.8138212235875877e-20,1.7607759639859707e-15,1.6472964643566316e+19,10336485574633.084,0.0006418300659201347,0.0002918254125129946,1.0219375137053789e-05,4.594912265455627e-06,1.0219375137053789e-05,4.594912265455627e-06,3.629468309018567e-28,1.8884790867657826e+19,8.340840259912906e+19,1051.8655463197435,1.1709670599089992e-19,-900269.0653752907,1.0112672465452198e+22,9.560466491766513e+21,0.0,0.0,0.0,0.0,0.3333333333333333,0.3333333333333333,2.0,4.239916225012569e-20,4.766040325715508e-22,0.0,8.162871712568798e-19,,0.0,0.0,0.0,0.0,0.0,4.239916225012569e-20,8.162871712568798e-19,0.0005550385676048057,2.0415920839849677e-17,1.7607759639859707e-21,8.553722089071623e-22,,,1.7607759639859707e-21,8.553722089071623e-22,,1.754844392274209e-07,4.019428965094406,8900866012817.023,7.761053433737662e-06,0.00028406435907925694,7.761053433737662e-06,0.00028406435907925694,0.0006418300659201347,0.0002918254125129946,False,False,1.0,1.3439787138782755,2.6508403344948196e-08,0.17507792544938905,0.7400663806204829,1.0,1.811519768876477,3.269664832261351e-07,0.3220856234688785,0.5335780090136727,0.16721126153582602,0.3214666781615817,0.004675160988696556,0.033220631785311504,True,AP3.8,119.0,8.3,6.863735268152632e+19,$(U_{0.8}Pu_{0.2})N$,0.4675160988696556,0.6736083485871521,40.95202024315146,42.662392866200655,7.940351510265192,7.771627031795541,4.898348725518957e+17,3.3249844975634423e-07,ok,
40,TRIAL_040,AP3.8,1550.0,1.1,6.863735268152632e+19,1.062311996090433e-06,758842.2102745409,10336485574633.084,10.755588130453074,23.775760767576156,18178028235672.35,1.0,40,TRIAL_040_AP3p8,rizk2025_refit_plot,rizk2025_refit_full,10336485574633.084,5.5456524790064945e+23,3.6071085303205407e+25,3.941705903982606e+25,1.1810637677166376e+22,6.565173469408463e+18,4.545553287969392,115.33726154116009,0.4646460142383827,4.219332222282803,4.6839782365211855,2.350457692691097,7.0344359292122824,1764732532339.3882,4.41183133084847e+17,350.35234179401544,0.5000000000000001,6396840.849074131,6336478.268226381,1.0095262034039367,488429911.99696654,488389390.54473776,21716401.51447937,19247899.337437928,1.000082969558744,1.1282478744181765,0.6136897143416257,39.91677105537326,43.61947272013603,15.85006651014908,7.582327174475008,8.26773933567407,1.432302979506919e+25,6.851826013880043e+24,7.471203781189147e+24,9.036573938600132e+25,8.289453560481216e+25,1.114029734704901,3482521340896395.0,0.00032758416061448104,1.665708321284988e-07,1.0584423362436366e-05,1.0584423362436366e-05,0.04922590894964978,0.04922590894964978,1.4406014147874868e+20,4.8883057095932114e-05,5485699.832500776,1.0999999999999999,10336485574633.084,0.0,3.9341314748541266e-25,6.426840420810655e-21,4.545553287969392e-09,1.153372615411601e-07,5.4096830043306455e+25,1.329570025238825e+27,7.604270959093212e+25,0.004646460142383827,4.219332222282803,2.350457692691097,0.04683978236521186,0.07034435929212282,15530571.094072903,1778429856.002445,5.3276236474776206e-20,3.5035234179401544e-07,2.833290545945699e-13,0.03407359027997259,1.0,9.64451857158908e-19,8.303373578131135e-21,8.93076662996649e-20,7.11715258415843e-15,1.6472964643566316e+19,10336485574633.084,0.0006801075585731888,0.0003254240659208616,1.0111898505391608e-05,4.565208138171815e-06,1.0111898505391608e-05,4.565208138171815e-06,4.331949485212891e-28,1.9931329873717866e+19,9.582887648187023e+19,1366.1003881127292,1.4396949576917196e-19,-898046.1823754337,1.028387650152083e+22,1.0111114273787405e+22,0.0,0.0,0.0,0.0,0.3333333333333333,0.3333333333333333,2.0,1.4816468590202815e-19,1.8383335745449222e-22,0.0,8.162871712568798e-19,,0.0,0.0,0.0,0.0,0.0,1.4816468590202815e-19,8.162871712568798e-19,0.00019060915906785685,2.2930576627654726e-17,7.11715258415843e-21,1.1862209939727049e-21,,,7.11715258415843e-21,1.1862209939727049e-21,,1.754844392274209e-07,4.019428965094406,8822129481642.797,9.193449910932259e-06,0.00031623061600992935,9.193449910932259e-06,0.00031623061600992935,0.0006801075585731888,0.0003254240659208616,False,False,1.0,1.342573732829301,2.7247934754409007e-08,0.17451910395449755,0.7408790010565713,1.0,1.9225176293664106,3.312961645748557e-07,0.3487462303417927,0.4980885985948279,0.1668683885708563,0.3481351762225085,0.004646460142383827,0.04219332222282803,True,AP3.8,119.0,8.3,6.863735268152632e+19,$(U_{0.8}Pu_{0.2})N$,0.4646460142383827,0.6136897143416257,39.91677105537326,43.61947272013603,7.582327174475008,8.26773933567407,4.41183133084847e+17,3.5035234179401544e-07,ok,
40,TRIAL_040,AP3.8,1600.0,1.1,6.863735268152632e+19,1.062311996090433e-06,758842.2102745409,10336485574633.084,10.755588130453074,23.775760767576156,18178028235672.35,1.0,40,TRIAL_040_AP3p8,rizk2025_refit_plot,rizk2025_refit_full,10336485574633.084,4.3857399237353e+23,3.3457100465625936e+25,4.182345734620488e+25,9.605238303431256e+21,6.242994552049913e+18,4.796789479367312,126.81514871556736,0.44406723385126723,5.333287199664808,5.7773544335160745,2.49846067613725,8.275815109653324,1561847878656.1384,3.9046196966403456e+17,372.41323317023614,0.5,5986779.742656402,5961120.073800391,1.0043045046129482,462845375.6339994,462809554.0880011,18560377.979889482,17505795.0291035,1.0000774001869277,1.0602419341156875,0.4853321572461677,37.024098616304606,46.28242697993551,16.208142246513745,7.324327724852623,8.883814521661122,1.464660758179699e+25,6.618682903616961e+24,8.027924678180029e+24,9.036573938600132e+25,8.23378147078213e+25,1.1472517434969998,2924816733895435.5,0.000287223915604668,1.492852019181535e-07,1.280662051681774e-05,1.280662051681774e-05,0.06355904456195244,0.06355904456195244,1.5149264825682995e+20,6.265272221924826e-05,5485699.832500776,1.0999999999999999,10336485574633.084,0.0,4.623177685166168e-25,8.542834941147916e-21,4.796789479367312e-09,1.2681514871556737e-07,5.465822402696304e+25,1.703869227871519e+27,7.571913180420434e+25,0.004440672338512672,5.333287199664808,2.49846067613725,0.05777354433516074,0.08275815109653324,16950902.822397474,2140931137.3460734,6.398729889845616e-20,3.7241323317023616e-07,3.201336102144693e-13,0.03407359027997264,1.0,1.2951051174088508e-18,2.797102768283436e-20,3.0084485334206754e-19,2.6363059898109156e-14,1.6472964643566316e+19,10336485574633.084,0.0007819509784365627,0.0004342314545536659,9.888309120070225e-06,4.537510360800356e-06,9.888309120070225e-06,4.537510360800356e-06,5.27681869322913e-28,2.131138712552504e+19,1.1081758785798532e+20,1828.2599140844377,1.8090946786368563e-19,-884058.5399867102,1.074480703356687e+22,1.0863925521763942e+22,0.0,0.0,0.0,0.0,0.3333333333333333,0.3333333333333333,2.0,4.788179461519709e-19,6.777638626958759e-23,0.0,8.162871712568798e-19,,0.0,0.0,0.0,0.0,0.0,4.788179461519709e-19,8.162871712568798e-19,5.23327298753861e-05,3.0792109440376465e-17,2.6363059898109155e-20,1.6079677847252025e-21,,,2.6363059898109155e-20,1.6079677847252025e-21,,1.754844392274209e-07,4.019428965094406,8753121846963.137,1.2905778581285636e-05,0.0004213256759723803,1.2905778581285636e-05,0.0004213256759723803,0.0007819509784365627,0.0004342314545536659,False,False,1.0,1.335031044344023,2.9191690861890608e-08,0.17150301359218525,0.7452677130063485,1.0,2.051737008353737,3.368990594223953e-07,0.37701404784808934,0.46127323974936596,0.164367611057318,0.3764133262131763,0.004440672338512672,0.053332871996648074,True,AP3.8,119.0,8.3,6.863735268152632e+19,$(U_{0.8}Pu_{0.2})N$,0.44406723385126723,0.4853321572461677,37.024098616304606,46.28242697993551,7.324327724852623,8.883814521661122,3.9046196966403456e+17,3.7241323317023616e-07,ok,
40,TRIAL_040,AP3.8,1650.0,1.1,6.863735268152632e+19,1.062311996090433e-06,758842.2102745409,10336485574633.084,10.755588130453074,23.775760767576156,18178028235672.35,1.0,40,TRIAL_040_AP3p8,rizk2025_refit_plot,rizk2025_refit_full,10336485574633.084,2.8096677194608828e+23,2.821110399319887e+25,4.667160809111146e+25,6.419119720449194e+21,5.789771874267238e+18,5.263814616056201,141.98843746807157,0.39216230076954084,6.942389906799754,7.334552207569295,2.6991300436279184,10.033682251197213,1338246604709.5437,3.345616511773859e+17,402.3244215508216,0.5,5532097.658638295,5517934.982526458,1.0025666623758136,421787571.76319736,421747375.60634065,16242958.68508562,15635075.922989883,1.000095308611699,1.0388794250242115,0.3109217872339052,31.21880503040414,51.6474588801311,16.82281430223087,7.106722953280364,9.716091348950505,1.5202060529744903e+25,6.42204274284647e+24,8.780017786898433e+24,9.036573938600132e+25,8.158572159910287e+25,1.1978011497168888,2092341612821224.8,0.00022764312933865394,1.2407166873740747e-07,2.003333597137529e-05,2.003333597137529e-05,0.08560018158478468,0.08560018158478468,1.4545119657908363e+20,7.967091677636031e-05,5485699.832500776,1.0999999999999999,10336485574633.084,0.0,6.109284728250844e-25,1.1990783156164321e-20,5.263814616056201e-09,1.4198843746807158e-07,5.215469493488077e+25,2.240550472951682e+27,7.516367885625641e+25,0.0039216230076954085,6.942389906799754,2.6991300436279184,0.07334552207569295,0.10033682251197214,19195394.09327424,2705666728.427599,8.067661174343108e-20,4.023244215508216e-07,3.7362321581120037e-13,0.03407359027997264,1.0,2.257479190366825e-18,9.233806137778259e-20,9.931501569439258e-19,9.020265555838444e-14,1.6472964643566316e+19,10336485574633.084,0.0009957765705189653,0.0007526638595287766,9.513982592208779e-06,4.507699335592628e-06,9.513982592208779e-06,4.507699335592628e-06,8.325921737531824e-28,2.2985953775525323e+19,1.6183027369379463e+20,2630.2303137839863,2.404900256423675e-19,-862999.905239171,1.1619768466155833e+22,1.2009383198295033e+22,0.0,0.0,0.0,0.0,0.3333333333333333,0.3333333333333333,2.0,1.441192019109945e-18,2.42053512429118e-23,0.0,8.162871712568798e-19,,0.0,0.0,0.0,0.0,0.0,1.441192019109945e-18,8.162871712568798e-19,1.0722292079679634e-05,5.367328516794314e-17,9.020265555838444e-20,2.135405819398152e-21,,,9.020265555838444e-20,2.135405819398152e-21,,1.754844392274209e-07,4.019428965094406,8692361827726.793,2.3355008409425296e-05,0.0007293088511193513,2.3355008409425296e-05,0.0007293088511193513,0.0009957765705189653,0.0007526638595287766,False,False,1.0,1.3163718858805622,3.338963901805682e-08,0.16392316883674934,0.7563176205203438,1.0,2.2282370265067275,3.454673035570307e-07,0.41157493486367563,0.4174967449418045,0.15769646108071939,0.41099480631920315,0.0039216230076954085,0.06942389906799754,True,AP3.8,119.0,8.3,6.863735268152632e+19,$(U_{0.8}Pu_{0.2})N$,0.39216230076954084,0.3109217872339052,31.21880503040414,51.6474588801311,7.106722953280364,9.716091348950505,3.345616511773859e+17,4.023244215508217e-07,ok,
40,TRIAL_040,AP3.8,1700.0,1.1,6.863735268152632e+19,1.062311996090433e-06,758842.2102745409,10336485574633.084,10.755588130453074,23.775760767576156,18178028235672.35,1.0,40,TRIAL_040_AP3p8,rizk2025_refit_plot,rizk2025_refit_full,10336485574633.084,1.4941048243243964e+23,2.0682760661697867e+25,5.3701297993671e+25,3.5225829397672346e+21,5.129211636423235e+18,5.913246624804756,163.49663174363658,0.30508988868244497,9.390001426262335,9.69509131494478,2.93889435636877,12.63398567131355,1128796928494.7876,2.821992321236969e+17,438.0629880047509,0.5,5077521.174823196,5067764.364461496,1.0019252691443432,375480848.28983516,375428278.3822331,14108907.352065109,13578261.37654609,1.0001400264994118,1.0390805538944485,0.1653397442964817,22.88783426354819,59.426612739019916,17.52021325313542,6.90854137211501,10.611671881020408,1.5832270248200016e+25,6.24295449169953e+24,9.589315756500486e+24,9.036573938600132e+25,8.077642362950082e+25,1.2810145492989486,1279415259111371.2,0.00017040255705649972,9.553978031375501e-08,4.347291867008955e-05,4.347291867008955e-05,0.12225265728508901,0.12225265728508901,1.3150298501994675e+20,0.00010379178381320965,5485699.832500776,1.0999999999999999,10336485574633.084,0.0,8.66097105161716e-25,1.830690970047453e-20,5.913246624804757e-09,1.634966317436366e-07,4.425402731897323e+25,3.0579014506694543e+27,7.45334691378013e+25,0.0030508988868244496,9.390001426262335,2.93889435636877,0.0969509131494478,0.1263398567131355,22122507.012928527,3500375873.7685175,1.0414253555022287e-19,4.380629880047509e-07,4.429494689241696e-13,0.03407359027997264,1.0,4.881873557157333e-18,2.8987370337520676e-19,3.117762163352849e-18,2.8708990269161864e-13,1.6472964643566316e+19,10336485574633.084,0.0013217361053483674,0.001622663589537937,9.06769656248983e-06,4.474842205497473e-06,9.06769656248983e-06,4.474842205497473e-06,1.8382267866924637e-27,2.37494551565551e+19,3.165502804800942e+20,3900.3902100808928,3.2703124143734246e-19,-835183.0645003807,1.2765303136963617e+22,1.3394575127793398e+22,0.0,0.0,0.0,0.0,0.3333333333333333,0.3333333333333333,2.0,4.065586385900453e-18,8.463999134962283e-24,0.0,8.162871712568798e-19,,0.0,0.0,0.0,0.0,0.0,4.065586385900453e-18,8.162871712568798e-19,1.7337604171564793e-06,1.1607025779252876e-16,2.8708990269161863e-19,2.7838006835881095e-21,,,2.8708990269161863e-19,2.7838006835881095e-21,,1.754844392274209e-07,4.019428965094406,8659274885422.975,5.1512373389705945e-05,0.001571151216148231,5.1512373389705945e-05,0.001571151216148231,0.0013217361053483674,0.001622663589537937,False,False,1.0,1.2834457492591849,4.0784548228153604e-08,0.1501164494872409,0.7765167589912313,1.0,2.4847844800588725,3.596940946058342e-07,0.4550618143101557,0.36452466430406316,0.14503604156504263,0.4545223248637279,0.0030508988868244496,0.09390001426262336,True,AP3.8,119.0,8.3,6.863735268152632e+19,$(U_{0.8}Pu_{0.2})N$,0.30508988868244497,0.1653397442964817,22.88783426354819,59.426612739019916,6.90854137211501,10.611671881020408,2.821992321236969e+17,4.380629880047509e-07,ok,
40,TRIAL_040,AP3.8,1750.0,1.1,6.863735268152632e+19,1.062311996090433e-06,758842.2102745409,10336485574633.084,10.755588130453074,23.775760767576156,18178028235672.35,1.0,40,TRIAL_040_AP3p8,rizk2025_refit_plot,rizk2025_refit_full,10336485574633.084,7.126098089445691e+22,1.2759999418504764e+25,6.120510599236185e+25,1.6767510147583e+21,4.2940592246686336e+18,6.576444854010484,191.85393946096318,0.1997702142440447,12.701903330504269,12.901673544748313,3.17330719871817,16.074980743466483,968187641877.3403,2.4204691046933507e+17,473.0038799506401,0.5,4701176.051817464,4693407.58945078,1.0016551859642755,337638996.3753463,337568405.0093095,12139547.937283004,11571302.659915967,1.0002091172188785,1.0491081509202493,0.07885840516399963,14.120395080263608,67.73043236100962,18.07031415356277,6.72155153382099,11.348762619741782,1.6329372994240242e+25,6.073979741748449e+24,1.0255393252491794e+25,9.036573938600132e+25,8.011034613350952e+25,1.4073923462260867,692939681765218.5,0.00013149131177314714,7.019711184872689e-08,0.00010704264879107616,0.00010704264879107616,0.17844669719259074,0.17844669719259074,1.0925824278891851e+20,0.00014801324356518363,5485699.832500776,1.0999999999999999,10336485574633.084,0.0,1.191412514354978e-24,2.9580177323903715e-20,6.576444854010484e-09,1.918539394609632e-07,3.1254982842079687e+25,4.1697147972892606e+27,7.403636639176107e+25,0.001997702142440447,12.701903330504269,3.17330719871817,0.12901673544748313,0.16074980743466483,25094225.453945473,4414570849.940311,1.3110298299470325e-19,4.730038799506401e-07,5.164288185196078e-13,0.03407359027997264,1.0,1.1625332016342075e-17,8.588030780930961e-19,9.236932193134668e-18,8.552344067970446e-13,1.6472964643566316e+19,10336485574633.084,0.0016602205272979705,0.0038746345818377026,8.682851124248041e-06,4.4427014989561824e-06,8.682851124248041e-06,4.4427014989561824e-06,4.686772815901899e-27,2.1043535259331695e+19,6.768827755978533e+20,5521.75062337162,4.2826923432869765e-19,-804843.7808639272,1.3820899269736302e+22,1.4641929444270302e+22,0.0,0.0,0.0,0.0,0.3333333333333333,0.3333333333333333,2.0,1.0809044845085196e-17,2.9228774848067563e-24,0.0,8.162871712568798e-19,,0.0,0.0,0.0,0.0,0.0,1.0809044845085196e-17,8.162871712568798e-19,2.514231404916419e-07,2.7640111286419293e-16,8.552344067970446e-19,3.568671296051523e-21,,,8.552344067970446e-19,3.568671296051523e-21,,1.754844392274209e-07,4.019428965094406,8688713681295.257,0.00012049181890447443,0.003754142762933228,0.00012049181890447443,0.003754142762933228,0.0016602205272979705,0.0038746345818377026,False,False,1.0,1.2375803034576753,5.223623476414702e-08,0.1298921452690564,0.8062575502467241,1.0,2.8243581377092233,3.8162212998408546e-07,0.5031506556567124,0.3089629729971971,0.1259438345131692,0.502677678879874,0.001997702142440447,0.1270190333050427,True,AP3.8,119.0,8.3,6.863735268152632e+19,$(U_{0.8}Pu_{0.2})N$,0.1997702142440447,0.07885840516399963,14.120395080263608,67.73043236100962,6.72155153382099,11.348762619741782,2.4204691046933507e+17,4.7300387995064017e-07,ok,
40,TRIAL_040,AP3.8,1800.0,1.1,6.863735268152632e+19,1.062311996090433e-06,758842.2102745409,10336485574633.084,10.755588130453074,23.775760767576156,18178028235672.35,1.0,40,TRIAL_040_AP3p8,rizk2025_refit_plot,rizk2025_refit_full,10336485574633.084,3.214330123542185e+22,6.584209960501578e+24,6.71393089922604e+25,7.302052793819841e+20,3.399593430632868e+18,7.069234780453794,226.8272051877066,0.10805647461228675,16.618851832365877,16.726908306978164,3.3743508358566654,20.10125914283483,856255352307.6317,2.140638380769079e+17,502.97085586911066,0.5,4420545.49648892,4413774.62350963,1.0015340323321509,314122720.0539833,314036818.54480606,10396979.813207472,9787185.792651638,1.000273539610977,1.0623053483886733,0.035570229883385665,7.286179480452021,74.29730498355336,18.380945306111226,6.543186684963186,11.837758621148037,1.6610077132003911e+25,5.912799027273372e+24,1.069727810473054e+25,9.036573938600132e+25,7.966846128127077e+25,1.5811359476701448,339915077637941.5,0.00011098840051008762,5.0687888568509536e-08,0.0002489646981284225,0.0002489646981284225,0.25630846907633076,0.25630846907633076,8.167659004692813e+19,0.0003083413807667721,5485699.832500776,1.0999999999999999,10336485574633.084,0.0,1.4798095503190737e-24,4.888482158665695e-20,7.069234780453794e-09,2.268272051877066e-07,1.783035497075819e+25,5.493199017185947e+27,7.37556622539974e+25,0.0010805647461228675,16.618851832365877,3.3743508358566654,0.16726908306978164,0.2010125914283483,27621662.212508064,5315322410.1673975,1.5763292231751649e-19,5.029708558691107e-07,5.839379557190343e-13,0.03407359027997264,1.0,2.80344615729556e-17,2.4023187514376478e-18,2.583835104852761e-17,2.3978131732901632e-12,1.6472964643566316e+19,10336485574633.084,0.001869994808738994,0.009434638284511602,8.434082210023381e-06,4.414065237830247e-06,8.434082210023381e-06,4.414065237830247e-06,1.1585121254847661e-26,1.4342919977449167e+19,1.3289853024415218e+21,7197.336005574876,5.245087014747128e-19,-771120.017759876,1.4493372606556878e+22,1.5441330158189844e+22,0.0,0.0,0.0,0.0,0.3333333333333333,0.3333333333333333,2.0,2.721817440169872e-17,1.0037403008245757e-24,0.0,8.162871712568798e-19,,0.0,0.0,0.0,0.0,0.0,2.721817440169872e-17,8.162871712568798e-19,3.580380162509945e-08,6.66540651606399e-16,2.397813173290163e-18,4.50557814748474e-21,,,2.397813173290163e-18,4.50557814748474e-21,,1.754844392274209e-07,4.019428965094406,8793856542338.615,0.00027197918484008957,0.009162659099671512,0.00027197918484008957,0.009162659099671512,0.001869994808738994,0.009434638284511602,False,False,1.0,1.185980034296349,6.891512284072457e-08,0.10559807369068529,0.8421916490511069,1.0,3.2304545139924428,4.1246794105918694e-07,0.550177203080078,0.2580021271860191,0.10261643706002495,0.5497944337272539,0.0010805647461228675,0.16618851832365877,True,AP3.8,119.0,8.3,6.863735268152632e+19,$(U_{0.8}Pu_{0.2})N$,0.10805647461228675,0.035570229883385665,7.286179480452021,74.29730498355336,6.543186684963186,11.837758621148037,2.140638380769079e+17,5.029708558691107e-07,ok,
