Time (h)	Temperature (K)	Fission rate (fiss / m3 s)	Hydrostatic stress (MPa)	Steam pressure (atm)	System pressure (Pa)	O/M ratio (/)	Grain radius (m)	Xe produced (at/m3)	Xe in grain (at/m3)	Xe in intragranular solution (at/m3)	Xe in intragranular bubbles (at/m3)	Xe at grain boundary (at/m3)	Xe released (at/m3)	Kr produced (at/m3)	Kr in grain (at/m3)	Kr in intragranular solution (at/m3)	Kr in intragranular bubbles (at/m3)	Kr at grain boundary (at/m3)	Kr released (at/m3)	Fission gas release (/)	Cs produced (at/m3)	Cs in grain (at/m3)	Cs in intragranular solution (at/m3)	Cs in intragranular bubbles (at/m3)	Cs at grain boundary (at/m3)	Cs released (at/m3)	Cs reacted (at/m3)	I produced (at/m3)	I in grain (at/m3)	I in intragranular solution (at/m3)	I in intragranular bubbles (at/m3)	I at grain boundary (at/m3)	I released (at/m3)	I reacted (at/m3)	Te produced (at/m3)	Te in grain (at/m3)	Te in intragranular solution (at/m3)	Te in intragranular bubbles (at/m3)	Te at grain boundary (at/m3)	Te released (at/m3)	Te reacted (at/m3)	Mo produced (at/m3)	Mo in solution (at/m3)	Mo reacted (at/m3)	Ba produced (at/m3)	Ba in solution (at/m3)	Ba reacted (at/m3)	Tc produced (at/m3)	Tc in solution (at/m3)	Tc reacted (at/m3)	Ru produced (at/m3)	Ru in solution (at/m3)	Ru reacted (at/m3)	Rh produced (at/m3)	Rh in solution (at/m3)	Rh reacted (at/m3)	Pd produced (at/m3)	Pd in solution (at/m3)	Pd reacted (at/m3)	Intragranular bubble concentration (bub/m3)	Intragranular bubble radius (m)	Intragranular gas bubble swelling (/)	Intergranular bubble concentration (bub/m2)	Intergranular atoms per bubble (at/bub)	Intergranular vacancies per bubble (vac/bub)	Intergranular bubble radius (m)	Intergranular bubble area (m2)	Intergranular bubble volume (m3)	Intergranular fractional coverage (/)	Intergranular saturation fractional coverage (/)	Intergranular gas swelling (/)	Intergranular fractional intactness (/)	Burnup (MWd/kgUO2)	FIMA (%)	Fuel density (kg/m3)	U235 (at/m3)	U238 (at/m3)	Pu (at/m3)	Pu238 (at/m3)	Pu239 (at/m3)	Pu240 (at/m3)	Pu241 (at/m3)	Pu242 (at/m3)	q (-)	Intergranular vented fraction (/)	Intergranular venting probability (/)	Porosity (/)	Fabrication porosity (/)	Open porosity (/)	Residual porosity (/)	Densification factor (/)	Gap oxygen partial pressure (MPa)	Stoichiometry deviation (/)	Equilibrium stoichiometry deviation (/)	Fuel oxygen partial pressure (MPa)	Fuel oxygen partial pressure - Blackburn (MPa)	Fuel oxygen partial pressure - Kato (MPa)	Fuel oxygen partial pressure - CALPHAD (MPa)	Fuel oxygen potential (KJ/mol)	Fuel oxygen potential - Blackburn (KJ/mol)	Fuel oxygen potential - Kato (KJ/mol)	Fuel oxygen potential - CALPHAD (KJ/mol)	U content (mol/m3)	O content (mol/m3)	O available content (mol/m3)	Pu content (mol/m3)	Mo/Ru in HCP_A3 (/)	Mo in oxide fraction (/)	Mo oxide valence (/)	Ba/Mo in oxide compounds (/)	Ba in oxide fraction (/)	Ba oxide valence (/)	JOG (Cs2MoO4) (/)	JOG (BaMoO4) (/)	
0	909.0505	3.45e+19	0	0	100000	1.975	1e-05	0	0	0	0	0	0	0	0	0	0	0	0	0	0	0	0	0	0	0	0	0	0	0	0	0	0	0	0	0	0	0	0	0	0	0	0	0	0	0	0	0	0	0	0	0	0	0	0	0	0	0	0	0	0	0	2e+13	0	0	0	0	0	0	0.5	0	1	0	0	10569.8	1.117189e+26	1.827432e+28	5.151575e+27	6.741065e+25	3.118866e+27	1.203261e+27	5.325573e+26	2.294797e+26	0.2188657	0	0.03419206	0.03560219	0.03560219	0.001424136	0.02670164	0	0	-0.025	0	1.694786e-36	0	1.694786e-36	0	-605.2008	0	-605.2008	0	30531.45	77194.93	1	8554.591	0	0	0	0	0	0	0	0	
28	909.0505	3.45e+19	0	0	100000	1.97525	1e-05	8.137584e+23	7.935982e+23	7.935982e+23	0	1.947128e+22	6.889499e+20	5.91192e+22	5.765457e+22	5.765457e+22	0	1.41458e+21	5.005192e+19	0.0008466271	5.91192e+23	5.765457e+23	5.765457e+23	0	1.41458e+22	5.005192e+20	0	0	0	0	0	0	0	0	0	0	0	0	0	0	0	7.615944e+23	7.615944e+23	0	3.442824e+23	3.442824e+23	0	1.843128e+23	1.843128e+23	0	6.885648e+23	6.885648e+23	0	2.051784e+23	2.051784e+23	0	6.572664e+23	6.572664e+23	0	1.316251e+24	0	0	1.983217e+13	6339.268	42.43306	9.976394e-09	2.127574e-16	7.012852e-25	0.00421944	0.5	4.172402e-06	1	0.1188102	0.01477465	10569.8	1.117189e+26	1.827432e+28	5.151575e+27	6.741065e+25	3.118866e+27	1.203261e+27	5.325573e+26	2.294797e+26	0.2188657	0	0.03417367	0.03560219	0.03560219	0.001424136	0.02670164	0	0	-0.02475	0	1.764349e-36	0	1.764349e-36	0	-604.8968	0	-604.8968	0	30527.58	77194.93	1	8553.509	0	0	0	0	0	0	0	0	
56	909.0505	3.45e+19	0	0	100000	1.9755	1e-05	1.627517e+24	1.582021e+24	1.396557e+24	1.854636e+23	4.394201e+22	1.554272e+21	1.182384e+23	1.149331e+23	1.014593e+23	1.347385e+22	3.192368e+21	1.129172e+20	0.0009549959	1.182384e+24	1.149331e+24	1.014593e+24	1.347385e+23	4.831326e+20	1.738655e+19	3.255234e+22	0	0	0	0	0	0	0	0	0	0	0	0	0	0	1.523189e+24	0	1.523189e+24	6.885648e+23	0	6.885648e+23	3.686256e+23	0	3.686256e+23	1.37713e+24	0	1.37713e+24	4.103568e+23	0	4.103568e+23	1.314533e+24	0	1.314533e+24	1.326215e+24	0	0	1.983217e+13	9002.084	75.79201	9.915633e-09	2.101737e-16	6.885497e-25	0.0041682	0.5	4.09663e-06	1	0.2376204	0.0295493	10569.8	1.117189e+26	1.827432e+28	5.151575e+27	6.741065e+25	3.118866e+27	1.203261e+27	5.325573e+26	2.294797e+26	0.2188657	0	0.03415374	0.03560219	0.03560219	0.001424136	0.02670164	0	0	-0.0245	0	1.837516e-36	0	1.837516e-36	0	-604.5897	0	-604.5897	0	30523.72	77194.93	1.143389	8552.427	1.106061	1	0	0.4524034	1	2	0	0	
84	909.0505	3.45e+19	0	0	100000	1.97575	1e-05	2.441275e+24	2.365163e+24	2.086038e+24	2.791243e+23	7.351315e+22	2.599272e+21	1.773576e+23	1.718281e+23	1.515498e+23	2.027826e+22	5.340699e+21	1.88836e+20	0.001064719	1.773576e+24	1.718281e+24	1.515498e+24	2.027826e+23	1.649044e+19	8.961103e+17	5.527796e+22	0	0	0	0	0	0	0	0	0	0	0	0	0	0	2.284783e+24	0	2.284783e+24	1.032847e+24	0	1.032847e+24	5.529384e+23	0	5.529384e+23	2.065694e+24	0	2.065694e+24	6.155352e+23	0	6.155352e+23	1.971799e+24	0	1.971799e+24	1.326291e+24	1.35424e-10	1.379795e-05	1.976889e+13	14993.24	115.1374	1.170534e-08	2.928908e-16	1.13273e-24	0.005790126	0.5	6.717844e-06	1	0.3564306	0.04432395	10569.8	1.117189e+26	1.827432e+28	5.151575e+27	6.741065e+25	3.118866e+27	1.203261e+27	5.325573e+26	2.294797e+26	0.2188657	0	0.03413229	0.03560219	0.03560219	0.001424136	0.02670164	0	0	-0.02425	0	1.914513e-36	0	1.914513e-36	0	-604.2795	0	-604.2795	0	30519.86	77194.93	1.715083	8551.345	1.106061	1	0	0.452403	1	2	0	0	
112	909.0505	3.45e+19	0	0	100000	1.976	1e-05	3.255034e+24	3.144265e+24	2.685724e+24	4.585414e+23	1.06987e+23	3.781365e+21	2.364768e+23	2.284295e+23	1.951167e+23	3.331283e+22	7.772561e+21	2.747146e+20	0.001161698	2.364768e+24	2.284295e+24	1.951167e+24	3.331283e+23	5.624789e+17	3.336314e+17	8.047186e+22	0	0	0	0	0	0	0	0	0	0	0	0	0	0	3.046378e+24	0	3.046378e+24	1.37713e+24	0	1.37713e+24	7.372512e+23	0	7.372512e+23	2.754259e+24	0	2.754259e+24	8.207136e+23	0	8.207136e+23	2.629066e+24	0	2.629066e+24	1.03053e+24	1.688053e-10	2.076384e-05	1.970388e+13	21713.75	159.0168	1.327209e-08	3.765442e-16	1.651169e-24	0.007419379	0.5	9.760331e-06	1	0.4752408	0.0590986	10569.8	1.117189e+26	1.827432e+28	5.151575e+27	6.741065e+25	3.118866e+27	1.203261e+27	5.325573e+26	2.294797e+26	0.2188657	0	0.03410934	0.03560219	0.03560219	0.001424136	0.02670164	0	0	-0.024	0	1.995582e-36	0	1.995582e-36	0	-603.966	0	-603.966	0	30516	77194.93	2.286778	8550.263	1.106061	1	0	0.4524027	1	2	0	0	
140	909.0505	3.45e+19	0	0	100000	1.97625	1e-05	4.068792e+24	3.918531e+24	3.445502e+24	4.730283e+23	1.45134e+23	5.127487e+21	2.95596e+23	2.846796e+23	2.503143e+23	3.43653e+22	1.054392e+22	3.725097e+20	0.001260199	2.95596e+24	2.846796e+24	2.503143e+24	3.43653e+23	1.917207e+16	3.144594e+17	1.09164e+23	0	0	0	0	0	0	0	0	0	0	0	0	0	0	3.807972e+24	0	3.807972e+24	1.721412e+24	0	1.721412e+24	9.21564e+23	0	9.21564e+23	3.442824e+24	0	3.442824e+24	1.025892e+24	0	1.025892e+24	3.286332e+24	0	3.286332e+24	9.711867e+23	2.035397e-10	3.430354e-05	1.963768e+13	29468.73	207.4162	1.470591e-08	4.62297e-16	2.246205e-24	0.009078439	0.5	1.323307e-05	1	0.594051	0.07387325	10569.8	1.117189e+26	1.827432e+28	5.151575e+27	6.741065e+25	3.118866e+27	1.203261e+27	5.325573e+26	2.294797e+26	0.2188657	0	0.03408491	0.03560219	0.03560219	0.001424136	0.02670164	0	0	-0.02375	0	2.080986e-36	0	2.080986e-36	0	-603.6493	0	-603.6493	0	30512.14	77194.93	2.858473	8549.181	1.106061	1	0	0.4524024	1	2	0	0	
168	909.0505	3.45e+19	0	0	100000	1.9765	1e-05	4.88255e+24	4.688888e+24	4.1377e+24	5.511885e+23	1.870567e+23	6.605683e+21	3.547152e+23	3.406457e+23	3.006021e+23	4.004361e+22	1.358959e+22	4.799e+20	0.001352916	3.547152e+24	3.406457e+24	3.006021e+24	4.004361e+23	6.529835e+14	3.138064e+17	1.406946e+23	0	0	0	0	0	0	0	0	0	0	0	0	0	0	4.569566e+24	0	4.569566e+24	2.065694e+24	0	2.065694e+24	1.105877e+24	0	1.105877e+24	4.131389e+24	0	4.131389e+24	1.23107e+24	0	1.23107e+24	3.943598e+24	0	3.943598e+24	9.159168e+23	2.098647e-10	3.546197e-05	1.957148e+13	38037.33	260.0348	1.602001e-08	5.486091e-16	2.90377e-24	0.01073709	0.5	1.704932e-05	1	0.7128612	0.0886479	10569.8	1.117189e+26	1.827432e+28	5.151575e+27	6.741065e+25	3.118866e+27	1.203261e+27	5.325573e+26	2.294797e+26	0.2188657	0	0.03405903	0.03560219	0.03560219	0.001424136	0.02670164	0	0	-0.0235	0	2.171005e-36	0	2.171005e-36	0	-603.3293	0	-603.3293	0	30508.28	77194.93	3.430167	8548.1	1.106061	1	0	0.4524021	1	2	0	0	
196	909.0505	3.45e+19	0	0	100000	1.97675	1e-05	5.696309e+24	5.45554e+24	4.844109e+24	6.114314e+23	2.325596e+23	8.208784e+21	4.138344e+23	3.963427e+23	3.519224e+23	4.442023e+22	1.689536e+22	5.963647e+20	0.001441071	4.138344e+24	3.963427e+24	3.519224e+24	4.442023e+23	2.22222e+13	3.137841e+17	1.749169e+23	0	0	0	0	0	0	0	0	0	0	0	0	0	0	5.331161e+24	0	5.331161e+24	2.409977e+24	0	2.409977e+24	1.29019e+24	0	1.29019e+24	4.819954e+24	0	4.819954e+24	1.436249e+24	0	1.436249e+24	4.600865e+24	0	4.600865e+24	9.061284e+23	2.216851e-10	4.135117e-05	1.950517e+13	47407.7	316.712	1.724426e-08	6.356626e-16	3.62166e-24	0.01239871	0.5	2.119233e-05	1	0.8316714	0.1034226	10569.8	1.117189e+26	1.827432e+28	5.151575e+27	6.741065e+25	3.118866e+27	1.203261e+27	5.325573e+26	2.294797e+26	0.2188657	0	0.03403173	0.03560219	0.03560219	0.001424136	0.02670164	0	0	-0.02325	0	2.265941e-36	0	2.265941e-36	0	-603.0058	0	-603.0058	0	30504.42	77194.93	4.001862	8547.019	1.106061	1	0	0.4524018	1	2	0	0	
224	909.0505	3.45e+19	0	0	100000	1.977	1e-05	6.510067e+24	6.218912e+24	5.523426e+24	6.954866e+23	2.812328e+23	9.922082e+21	4.729536e+23	4.518013e+23	4.012745e+23	5.052681e+22	2.043145e+22	7.20835e+20	0.001524114	4.729536e+24	4.518013e+24	4.012745e+24	5.052681e+23	7.556237e+11	3.137834e+17	2.115225e+23	0	0	0	0	0	0	0	0	0	0	0	0	0	0	6.092755e+24	0	6.092755e+24	2.754259e+24	0	2.754259e+24	1.474502e+24	0	1.474502e+24	5.508518e+24	0	5.508518e+24	1.641427e+24	0	1.641427e+24	5.258131e+24	0	5.258131e+24	8.887177e+23	2.310072e-10	4.589118e-05	1.943903e+13	57484.17	377.2536	1.839179e-08	7.230786e-16	4.393858e-24	0.01405595	0.5	2.56237e-05	1	0.9504816	0.1181972	10569.8	1.117189e+26	1.827432e+28	5.151575e+27	6.741065e+25	3.118866e+27	1.203261e+27	5.325573e+26	2.294797e+26	0.2188657	0	0.03400302	0.03560219	0.03560219	0.001424136	0.02670164	0	0	-0.023	0	2.366121e-36	0	2.366121e-36	0	-602.6788	0	-602.6788	0	30500.56	77194.93	4.573556	8545.938	1.106061	1	0	0.4524015	1	2	0	0	
252	909.0505	3.45e+19	0	0	100000	1.97725	1e-05	7.323826e+24	6.97916e+24	6.207782e+24	7.713773e+23	3.32926e+23	1.174002e+22	5.320728e+23	5.07033e+23	4.509927e+23	5.604023e+22	2.418693e+22	8.529072e+20	0.00160299	5.320728e+24	5.07033e+24	4.509927e+24	5.604023e+23	2.567082e+10	3.137834e+17	2.503981e+23	0	0	0	0	0	0	0	0	0	0	0	0	0	0	6.85435e+24	0	6.85435e+24	3.098542e+24	0	3.098542e+24	1.658815e+24	0	1.658815e+24	6.197083e+24	0	6.197083e+24	1.846606e+24	0	1.846606e+24	5.915398e+24	0	5.915398e+24	8.752885e+23	2.423777e-10	5.220567e-05	1.937301e+13	68247.52	441.5275	1.947721e-08	8.109441e-16	5.218601e-24	0.01571043	0.5	3.033e-05	1	1.069292	0.1329719	10569.8	1.117189e+26	1.827432e+28	5.151575e+27	6.741065e+25	3.118866e+27	1.203261e+27	5.325573e+26	2.294797e+26	0.2188657	0	0.03397294	0.03560219	0.03560219	0.001424136	0.02670164	0	0	-0.02275	0	2.471896e-36	0	2.471896e-36	0	-602.3483	0	-602.3483	0	30496.71	77194.93	5.145251	8544.858	1.106061	1	0	0.4524013	1	2	0	0	
280	909.0505	3.45e+19	0	0	100000	1.9775	1e-05	8.137584e+24	7.736472e+24	6.887578e+24	8.488944e+23	3.874556e+23	1.365587e+22	5.91192e+23	5.620514e+23	5.003796e+23	6.167182e+22	2.814849e+22	9.920928e+20	0.001678123	5.91192e+24	5.620514e+24	5.003796e+24	6.167182e+23	8.713085e+08	3.137834e+17	2.914055e+23	0	0	0	0	0	0	0	0	0	0	0	0	0	0	7.615944e+24	0	7.615944e+24	3.442824e+24	0	3.442824e+24	1.843128e+24	0	1.843128e+24	6.885648e+24	0	6.885648e+24	2.051784e+24	0	2.051784e+24	6.572664e+24	0	6.572664e+24	8.593526e+23	2.524456e-10	5.791133e-05	1.930712e+13	79663.45	509.4178	2.050993e-08	8.992193e-16	6.093491e-24	0.01736134	0.5	3.529433e-05	1	1.188102	0.1477465	10569.8	1.117189e+26	1.827432e+28	5.151575e+27	6.741065e+25	3.118866e+27	1.203261e+27	5.325573e+26	2.294797e+26	0.2188657	0	0.0339415	0.03560219	0.03560219	0.001424136	0.02670164	0	0	-0.0225	0	2.583646e-36	0	2.583646e-36	0	-602.0141	0	-602.0141	0	30492.85	77194.93	5.716945	8543.778	1.106061	1	0	0.452401	1	2	0	0	
308	909.0505	3.45e+19	0	0	100000	1.97775	1e-05	8.951342e+24	8.490976e+24	7.569614e+24	9.213617e+23	4.447014e+23	1.566513e+22	6.503112e+23	6.168658e+23	5.499292e+23	6.693653e+22	3.230736e+22	1.138065e+21	0.001750032	6.503112e+24	6.168658e+24	5.499292e+24	6.693653e+23	2.954506e+07	3.137834e+17	3.34454e+23	0	0	0	0	0	0	0	0	0	0	0	0	0	0	8.377538e+24	0	8.377538e+24	3.787106e+24	0	3.787106e+24	2.027441e+24	0	2.027441e+24	7.574213e+24	0	7.574213e+24	2.256962e+24	0	2.256962e+24	7.22993e+24	0	7.22993e+24	8.455816e+23	2.620526e-10	6.373961e-05	1.924136e+13	91715.91	580.8342	2.149788e-08	9.879362e-16	7.017155e-24	0.01900923	0.5	4.050588e-05	1	1.306912	0.1625212	10569.8	1.117189e+26	1.827432e+28	5.151575e+27	6.741065e+25	3.118866e+27	1.203261e+27	5.325573e+26	2.294797e+26	0.2188657	0	0.03390873	0.03560219	0.03560219	0.001424136	0.02670164	0	0	-0.02225	0	2.70178e-36	0	2.70178e-36	0	-601.6762	0	-601.6762	0	30489	77194.93	6.288639	8542.698	1.106061	1	0	0.4524008	1	2	0	0	
336	909.0505	3.45e+19	0	0	100000	1.978	1e-05	9.765101e+24	9.242803e+24	8.249543e+24	9.9326e+23	5.045344e+23	1.776303e+22	7.094304e+23	6.714857e+23	5.993258e+23	7.215992e+22	3.665421e+22	1.290477e+21	0.001819032	7.094304e+24	6.714857e+24	5.993258e+24	7.215992e+23	1000832	3.137834e+17	3.794465e+23	0	0	0	0	0	0	0	0	0	0	0	0	0	0	9.139133e+24	0	9.139133e+24	4.131389e+24	0	4.131389e+24	2.211754e+24	0	2.211754e+24	8.262778e+24	0	8.262778e+24	2.462141e+24	0	2.462141e+24	7.887197e+24	0	7.887197e+24	8.327527e+23	2.706963e-10	6.919133e-05	1.917573e+13	104384	655.6973	2.244684e-08	1.07708e-15	7.98803e-24	0.02065379	0.5	4.595289e-05	1	1.425722	0.1772958	10569.8	1.117189e+26	1.827432e+28	5.151575e+27	6.741065e+25	3.118866e+27	1.203261e+27	5.325573e+26	2.294797e+26	0.2188657	0	0.03387466	0.03560219	0.03560219	0.001424136	0.02670164	0	0	-0.022	0	2.82674e-36	0	2.82674e-36	0	-601.3345	0	-601.3345	0	30485.15	77194.93	6.860334	8541.619	1.106061	1	0	0.4524006	1	2	0	0	
364	909.0505	3.45e+19	0	0	100000	1.97825	1e-05	1.057886e+25	9.992066e+24	8.928589e+24	1.063477e+24	5.66848e+23	1.994554e+22	7.685496e+23	7.259193e+23	6.486581e+23	7.726116e+22	4.118126e+22	1.449035e+21	0.001885415	7.685496e+24	7.259193e+24	6.486581e+24	7.726116e+23	33867.62	3.137834e+17	4.263027e+23	0	0	0	0	0	0	0	0	0	0	0	0	0	0	9.900727e+24	0	9.900727e+24	4.475671e+24	0	4.475671e+24	2.396066e+24	0	2.396066e+24	8.951342e+24	0	8.951342e+24	2.667319e+24	0	2.667319e+24	8.544463e+24	0	8.544463e+24	8.214546e+23	2.788408e-10	7.460036e-05	1.911023e+13	117651.9	733.9384	2.336154e-08	1.16665e-15	9.00489e-24	0.02229495	0.5	5.162567e-05	1	1.544533	0.1920705	10569.8	1.117189e+26	1.827432e+28	5.151575e+27	6.741065e+25	3.118866e+27	1.203261e+27	5.325573e+26	2.294797e+26	0.2188657	0	0.03383932	0.03560219	0.03560219	0.001424136	0.02670164	0	0	-0.02175	0	2.959006e-36	0	2.959006e-36	0	-600.9889	0	-600.9889	0	30481.29	77194.93	7.432029	8540.539	1.106061	1	0	0.4524004	1	2	0	0	
392	909.0505	3.45e+19	0	0	100000	1.9785	1e-05	1.139262e+25	1.073887e+25	9.605711e+24	1.133156e+24	6.315419e+23	2.220889e+22	8.276688e+23	7.801741e+23	6.978508e+23	8.232328e+22	4.588125e+22	1.613467e+21	0.001949411	8.276688e+24	7.801741e+24	6.978508e+24	8.232328e+23	1144.823	3.137834e+17	4.749469e+23	0	0	0	0	0	0	0	0	0	0	0	0	0	0	1.066232e+25	0	1.066232e+25	4.819954e+24	0	4.819954e+24	2.580379e+24	0	2.580379e+24	9.639907e+24	0	9.639907e+24	2.872498e+24	0	2.872498e+24	9.20173e+24	0	9.20173e+24	8.110208e+23	2.864917e-10	7.988343e-05	1.904488e+13	131504.6	815.4959	2.424578e-08	1.256636e-15	1.006659e-23	0.0239325	0.5	5.751509e-05	1	1.663343	0.2068451	10569.8	1.117189e+26	1.827432e+28	5.151575e+27	6.741065e+25	3.118866e+27	1.203261e+27	5.325573e+26	2.294797e+26	0.2188657	0	0.03380272	0.03560219	0.03560219	0.001424136	0.02670164	0	0	-0.0215	0	3.099096e-36	0	3.099096e-36	0	-600.6393	0	-600.6393	0	30477.44	77194.93	8.003723	8539.46	1.106061	1	0	0.4524002	1	2	0	0	
420	909.0505	3.45e+19	0	0	100000	1.97875	1e-05	1.220638e+25	1.14833e+25	1.028151e+25	1.201791e+24	6.985296e+23	2.454978e+22	8.86788e+23	8.342566e+23	7.46947e+23	8.730958e+22	5.074788e+22	1.783531e+21	0.002011226	8.86788e+24	8.342566e+24	7.46947e+24	8.730958e+23	38.65501	3.137834e+17	5.253138e+23	0	0	0	0	0	0	0	0	0	0	0	0	0	0	1.142392e+25	0	1.142392e+25	5.164236e+24	0	5.164236e+24	2.764692e+24	0	2.764692e+24	1.032847e+25	0	1.032847e+25	3.077676e+24	0	3.077676e+24	9.858996e+24	0	9.858996e+24	8.013993e+23	2.937929e-10	8.512588e-05	1.897968e+13	145929.6	900.3155	2.510275e-08	1.347038e-15	1.117217e-23	0.02556636	0.5	6.361328e-05	1	1.782153	0.2216198	10569.8	1.117189e+26	1.827432e+28	5.151575e+27	6.741065e+25	3.118866e+27	1.203261e+27	5.325573e+26	2.294797e+26	0.2188657	0	0.0337649	0.03560219	0.03560219	0.001424136	0.02670164	0	0	-0.02125	0	3.247573e-36	0	3.247573e-36	0	-600.2856	0	-600.2856	0	30473.59	77194.93	8.575418	8538.381	1.106061	1	0	0.4524	1	2	0	0	
448	909.0505	3.45e+19	0	0	100000	1.979	1e-05	1.302013e+25	1.222544e+25	1.095586e+25	1.26958e+24	7.677322e+23	2.696517e+22	9.459072e+23	8.881728e+23	7.959384e+23	9.223441e+22	5.577542e+22	1.959008e+21	0.002071036	9.459072e+24	8.881728e+24	7.959384e+24	9.223441e+23	1.303682	3.137834e+17	5.77344e+23	0	0	0	0	0	0	0	0	0	0	0	0	0	0	1.218551e+25	0	1.218551e+25	5.508518e+24	0	5.508518e+24	2.949005e+24	0	2.949005e+24	1.101704e+25	0	1.101704e+25	3.282854e+24	0	3.282854e+24	1.051626e+25	0	1.051626e+25	7.92377e+23	3.007506e-10	9.029008e-05	1.891463e+13	160916	988.3484	2.593513e-08	1.437852e-15	1.232081e-23	0.02719645	0.5	6.991306e-05	1	1.900963	0.2363944	10569.8	1.117189e+26	1.827432e+28	5.151575e+27	6.741065e+25	3.118866e+27	1.203261e+27	5.325573e+26	2.294797e+26	0.2188657	0	0.03372588	0.03560219	0.03560219	0.001424136	0.02670164	0	0	-0.021	0	3.405045e-36	0	3.405045e-36	0	-599.9277	0	-599.9277	0	30469.74	77194.93	9.147113	8537.303	1.106061	1	0	0.4523998	1	2	0	0	
476	909.0505	3.45e+19	0	0	100000	1.97925	1e-05	1.383389e+25	1.296536e+25	1.162896e+25	1.336398e+24	8.390793e+23	2.945234e+22	1.005026e+24	9.419279e+23	8.448392e+23	9.708873e+22	6.095875e+22	2.1397e+21	0.002128999	1.005026e+25	9.419279e+24	8.448392e+24	9.708873e+23	0.04391569	3.137834e+17	6.309842e+23	0	0	0	0	0	0	0	0	0	0	0	0	0	0	1.29471e+25	0	1.29471e+25	5.852801e+24	0	5.852801e+24	3.133318e+24	0	3.133318e+24	1.17056e+25	0	1.17056e+25	3.488033e+24	0	3.488033e+24	1.117353e+25	0	1.117353e+25	7.839203e+23	3.074081e-10	9.539082e-05	1.884973e+13	176454.3	1079.551	2.674522e-08	1.529079e-15	1.351178e-23	0.02882272	0.5	7.640802e-05	1	2.019773	0.2511691	10569.8	1.117189e+26	1.827432e+28	5.151575e+27	6.741065e+25	3.118866e+27	1.203261e+27	5.325573e+26	2.294797e+26	0.2188657	0	0.03368569	0.03560219	0.03560219	0.001424136	0.02670164	0	0	-0.02075	0	3.572176e-36	0	3.572176e-36	0	-599.5656	0	-599.5656	0	30465.9	77194.93	9.718807	8536.225	1.106061	1	0	0.4523996	1	2	0	0	
504	909.0505	3.45e+19	0	0	100000	1.9795	1e-05	1.464765e+25	1.370314e+25	1.230078e+25	1.402354e+24	9.12506e+23	3.200876e+22	1.064146e+24	9.95527e+23	8.936466e+23	1.018804e+23	6.629317e+22	2.325423e+21	0.002185249	1.064146e+25	9.95527e+24	8.936466e+24	1.018804e+24	0.001477525	3.137834e+17	6.861856e+23	0	0	0	0	0	0	0	0	0	0	0	0	0	0	1.37087e+25	0	1.37087e+25	6.197083e+24	0	6.197083e+24	3.31763e+24	0	3.31763e+24	1.239417e+25	0	1.239417e+25	3.693211e+24	0	3.693211e+24	1.18308e+25	0	1.18308e+25	7.759548e+23	3.137834e-10	0.0001004188	1.878498e+13	192536.4	1173.884	2.753499e-08	1.620717e-15	1.474445e-23	0.03044514	0.5	8.309226e-05	1	2.138584	0.2659437	10569.8	1.117189e+26	1.827432e+28	5.151575e+27	6.741065e+25	3.118866e+27	1.203261e+27	5.325573e+26	2.294797e+26	0.2188657	0	0.03364436	0.03560219	0.03560219	0.001424136	0.02670164	0	0	-0.0205	0	3.749685e-36	0	3.749685e-36	0	-599.199	0	-599.199	0	30462.05	77194.93	10.2905	8535.147	1.106061	1	0	0.4523994	1	2	0	0	
532	909.0505	3.45e+19	0	0	100000	1.97975	1e-05	1.546141e+25	1.443882e+25	1.297136e+25	1.467466e+24	9.879531e+23	3.46321e+22	1.123265e+24	1.048974e+24	9.423636e+23	1.066108e+23	7.177437e+22	2.516007e+21	0.002239906	1.123265e+25	1.048974e+25	9.423636e+24	1.066108e+24	4.964806e-05	3.137834e+17	7.429035e+23	0	0	0	0	0	0	0	0	0	0	0	0	0	0	1.447029e+25	0	1.447029e+25	6.541366e+24	0	6.541366e+24	3.501943e+24	0	3.501943e+24	1.308273e+25	0	1.308273e+25	3.89839e+24	0	3.89839e+24	1.248806e+25	0	1.248806e+25	7.684402e+23	3.199063e-10	0.0001053821	1.872039e+13	209155	1271.311	2.830612e-08	1.712767e-15	1.601825e-23	0.03206367	0.5	8.99604e-05	1	2.257394	0.2807184	10569.8	1.117189e+26	1.827432e+28	5.151575e+27	6.741065e+25	3.118866e+27	1.203261e+27	5.325573e+26	2.294797e+26	0.2188657	0	0.03360191	0.03560219	0.03560219	0.001424136	0.02670164	0	0	-0.02025	0	3.938355e-36	0	3.938355e-36	0	-598.828	0	-598.828	0	30458.2	77194.93	10.8622	8534.069	1.106061	1	0	0.4523993	1	2	0	0	
560	909.0505	3.45e+19	0	0	100000	1.98	1e-05	1.627517e+25	1.517248e+25	1.364068e+25	1.531797e+24	1.065366e+24	3.732018e+22	1.182384e+24	1.102274e+24	9.909899e+23	1.112844e+23	7.739838e+22	2.711295e+21	0.002293075	1.182384e+25	1.102274e+25	9.909899e+24	1.112844e+24	1.666122e-06	3.137834e+17	8.010965e+23	0	0	0	0	0	0	0	0	0	0	0	0	0	0	1.523189e+25	0	1.523189e+25	6.885648e+24	0	6.885648e+24	3.686256e+24	0	3.686256e+24	1.37713e+25	0	1.37713e+25	4.103568e+24	0	4.103568e+24	1.314533e+25	0	1.314533e+25	7.613257e+23	3.257982e-10	0.0001102821	1.865596e+13	226303.5	1371.801	2.906012e-08	1.805229e-15	1.73327e-23	0.03367828	0.5	9.700746e-05	1	2.376204	0.295493	10569.8	1.117189e+26	1.827432e+28	5.151575e+27	6.741065e+25	3.118866e+27	1.203261e+27	5.325573e+26	2.294797e+26	0.2188657	0	0.03355836	0.03560219	0.03560219	0.001424136	0.02670164	0	0	-0.02	0	4.139039e-36	0	4.139039e-36	0	-598.4524	0	-598.4524	0	30454.36	77194.93	11.43389	8532.992	1.106061	1	0	0.4523991	1	2	0	0	
588	909.0505	3.45e+19	0	0	100000	1.98025	1e-05	1.708893e+25	1.590416e+25	1.430879e+25	1.595372e+24	1.144694e+24	4.007098e+22	1.241503e+24	1.155431e+24	1.039527e+24	1.159031e+23	8.316153e+22	2.911139e+21	0.00234485	1.241503e+25	1.155431e+25	1.039527e+25	1.159031e+24	5.583855e-08	3.137834e+17	8.607264e+23	0	0	0	0	0	0	0	0	0	0	0	0	0	0	1.599348e+25	0	1.599348e+25	7.22993e+24	0	7.22993e+24	3.870569e+24	0	3.870569e+24	1.445986e+25	0	1.445986e+25	4.308746e+24	0	4.308746e+24	1.380259e+25	0	1.380259e+25	7.545724e+23	3.314806e-10	0.0001151235	1.859169e+13	243976.5	1475.326	2.979829e-08	1.898104e-15	1.868736e-23	0.03528896	0.5	0.0001042288	1	2.495014	0.3102677	10569.8	1.117189e+26	1.827432e+28	5.151575e+27	6.741065e+25	3.118866e+27	1.203261e+27	5.325573e+26	2.294797e+26	0.2188657	0	0.03351376	0.03560219	0.03560219	0.001424136	0.02670164	0	0	-0.01975	0	4.352666e-36	0	4.352666e-36	0	-598.072	0	-598.072	0	30450.51	77194.93	12.00558	8531.915	1.106061	1	0	0.4523989	1	2	0	0	
616	909.0505	3.45e+19	0	0	100000	1.9805	1e-05	1.790268e+25	1.663391e+25	1.497569e+25	1.658223e+24	1.22589e+24	4.288259e+22	1.300622e+24	1.208447e+24	1.087977e+24	1.204692e+23	8.906041e+22	3.115402e+21	0.002395316	1.300622e+25	1.208447e+25	1.087977e+25	1.204692e+24	1.868831e-09	3.137834e+17	9.217578e+23	0	0	0	0	0	0	0	0	0	0	0	0	0	0	1.675508e+25	0	1.675508e+25	7.574213e+24	0	7.574213e+24	4.054882e+24	0	4.054882e+24	1.514843e+25	0	1.514843e+25	4.513925e+24	0	4.513925e+24	1.445986e+25	0	1.445986e+25	7.481441e+23	3.369702e-10	0.000119908	1.852757e+13	262168.7	1581.858	3.052178e-08	1.991394e-15	2.008184e-23	0.03689568	0.5	0.0001116203	1	2.613824	0.3250423	10569.8	1.117189e+26	1.827432e+28	5.151575e+27	6.741065e+25	3.118866e+27	1.203261e+27	5.325573e+26	2.294797e+26	0.2188657	0	0.03346812	0.03560219	0.03560219	0.001424136	0.02670164	0	0	-0.0195	0	4.580252e-36	0	4.580252e-36	0	-597.6868	0	-597.6868	0	30446.67	77194.93	12.57728	8530.838	1.106061	1	0	0.4523987	1	2	0	0	
644	909.0505	3.45e+19	0	0	100000	1.98075	1e-05	1.871644e+25	1.736178e+25	1.56414e+25	1.720375e+24	1.308911e+24	4.575324e+22	1.359742e+24	1.261326e+24	1.136341e+24	1.249845e+23	9.509183e+22	3.323954e+21	0.002444548	1.359742e+25	1.261326e+25	1.136341e+25	1.249845e+24	6.245984e-11	3.137834e+17	9.841575e+23	0	0	0	0	0	0	0	0	0	0	0	0	0	0	1.751667e+25	0	1.751667e+25	7.918495e+24	0	7.918495e+24	4.239194e+24	0	4.239194e+24	1.583699e+25	0	1.583699e+25	4.719103e+24	0	4.719103e+24	1.511713e+25	0	1.511713e+25	7.420117e+23	3.42282e-10	0.0001246383	1.846361e+13	280875.8	1691.375	3.123162e-08	2.085098e-15	2.151579e-23	0.03849843	0.5	0.0001191778	1	2.732634	0.339817	10569.8	1.117189e+26	1.827432e+28	5.151575e+27	6.741065e+25	3.118866e+27	1.203261e+27	5.325573e+26	2.294797e+26	0.2188657	0	0.03342147	0.03560219	0.03560219	0.001424136	0.02670164	0	0	-0.01925	0	4.822905e-36	0	4.822905e-36	0	-597.2967	0	-597.2967	0	30442.83	77194.93	13.14897	8529.761	1.106061	1	0	0.4523986	1	2	0	0	
672	909.0505	3.45e+19	0	0	100000	1.981	1e-05	1.95302e+25	1.808781e+25	1.630595e+25	1.781855e+24	1.393715e+24	4.868125e+22	1.418861e+24	1.314071e+24	1.18462e+24	1.29451e+23	1.012528e+23	3.536672e+21	0.002492614	1.418861e+25	1.314071e+25	1.18462e+25	1.29451e+24	2.084553e-12	3.137834e+17	1.047895e+24	0	0	0	0	0	0	0	0	0	0	0	0	0	0	1.827827e+25	0	1.827827e+25	8.262778e+24	0	8.262778e+24	4.423507e+24	0	4.423507e+24	1.652556e+25	0	1.652556e+25	4.924282e+24	0	4.924282e+24	1.577439e+25	0	1.577439e+25	7.361494e+23	3.474289e-10	0.0001293161	1.839981e+13	300094	1803.855	3.192873e-08	2.179218e-15	2.298894e-23	0.0400972	0.5	0.0001268976	1	2.851445	0.3545916	10569.8	1.117189e+26	1.827432e+28	5.151575e+27	6.741065e+25	3.118866e+27	1.203261e+27	5.325573e+26	2.294797e+26	0.2188657	0	0.03337384	0.03560219	0.03560219	0.001424136	0.02670164	0	0	-0.019	0	5.081839e-36	0	5.081839e-36	0	-596.9014	0	-596.9014	0	30438.99	77194.93	13.72067	8528.685	1.106061	1	0	0.4523984	1	2	0	0	
700	909.0505	3.45e+19	0	0	100000	1.98125	1e-05	2.034396e+25	1.881203e+25	1.696935e+25	1.842684e+24	1.480265e+24	5.166501e+22	1.47798e+24	1.366686e+24	1.232816e+24	1.338702e+23	1.075406e+23	3.753441e+21	0.002539575	1.47798e+25	1.366686e+25	1.232816e+25	1.338702e+24	6.946927e-14	3.137834e+17	1.11294e+24	0	0	0	0	0	0	0	0	0	0	0	0	0	0	1.903986e+25	0	1.903986e+25	8.60706e+24	0	8.60706e+24	4.60782e+24	0	4.60782e+24	1.721412e+25	0	1.721412e+25	5.12946e+24	0	5.12946e+24	1.643166e+25	0	1.643166e+25	7.305352e+23	3.524226e-10	0.0001339433	1.833617e+13	319819.7	1919.28	3.261394e-08	2.273757e-15	2.450099e-23	0.04169198	0.5	0.0001347763	1	2.970255	0.3693663	10569.8	1.117189e+26	1.827432e+28	5.151575e+27	6.741065e+25	3.118866e+27	1.203261e+27	5.325573e+26	2.294797e+26	0.2188657	0	0.03332526	0.03560219	0.03560219	0.001424136	0.02670164	0	0	-0.01875	0	5.358381e-36	0	5.358381e-36	0	-596.501	0	-596.501	0	30435.15	77194.93	14.29236	8527.609	1.106061	1	0	0.4523983	1	2	0	0	
728	909.0505	3.45e+19	0	0	100000	1.9815	1e-05	2.115772e+25	1.953449e+25	1.76316e+25	1.902887e+24	1.568523e+24	5.470302e+22	1.537099e+24	1.419172e+24	1.280929e+24	1.382439e+23	1.139526e+23	3.974151e+21	0.002585488	1.537099e+25	1.419172e+25	1.280929e+25	1.382439e+24	2.31168e-15	3.137834e+17	1.179267e+24	0	0	0	0	0	0	0	0	0	0	0	0	0	0	1.980145e+25	0	1.980145e+25	8.951342e+24	0	8.951342e+24	4.792133e+24	0	4.792133e+24	1.790268e+25	0	1.790268e+25	5.334638e+24	0	5.334638e+24	1.708893e+25	0	1.708893e+25	7.251495e+23	3.572732e-10	0.0001385216	1.827269e+13	340050	2037.632	3.328799e-08	2.368714e-15	2.605174e-23	0.04328277	0.5	0.0001428106	1	3.089065	0.3841409	10569.8	1.117189e+26	1.827432e+28	5.151575e+27	6.741065e+25	3.118866e+27	1.203261e+27	5.325573e+26	2.294797e+26	0.2188657	0	0.03327575	0.03560219	0.03560219	0.001424136	0.02670164	0	0	-0.0185	0	5.65399e-36	0	5.65399e-36	0	-596.0951	0	-596.0951	0	30431.31	77194.93	14.86406	8526.533	1.106061	1	0	0.4523981	1	2	0	0	
756	909.0505	3.45e+19	0	0	100000	1.98175	1e-05	2.197148e+25	2.025523e+25	1.829274e+25	1.962484e+24	1.658457e+24	5.779385e+22	1.596218e+24	1.471533e+24	1.32896e+24	1.425736e+23	1.204862e+23	4.198699e+21	0.002630404	1.596218e+25	1.471533e+25	1.32896e+25	1.425736e+24	7.680775e-17	3.137834e+17	1.246849e+24	0	0	0	0	0	0	0	0	0	0	0	0	0	0	2.056305e+25	0	2.056305e+25	9.295625e+24	0	9.295625e+24	4.976446e+24	0	4.976446e+24	1.859125e+25	0	1.859125e+25	5.539817e+24	0	5.539817e+24	1.774619e+25	0	1.774619e+25	7.199747e+23	3.619903e-10	0.0001430529	1.820937e+13	360782.3	2158.897	3.395156e-08	2.464092e-15	2.764096e-23	0.04486956	0.5	0.0001509973	1	3.207875	0.3989156	10569.8	1.117189e+26	1.827432e+28	5.151575e+27	6.741065e+25	3.118866e+27	1.203261e+27	5.325573e+26	2.294797e+26	0.2188657	0	0.03322534	0.03560219	0.03560219	0.001424136	0.02670164	0	0	-0.01825	0	5.970265e-36	0	5.970265e-36	0	-595.6837	0	-595.6837	0	30427.47	77194.93	15.43575	8525.458	1.106061	1	0	0.4523979	1	2	0	0	
784	909.0505	3.45e+19	0	0	100000	1.982	1e-05	2.278524e+25	2.097427e+25	1.895277e+25	2.021495e+24	1.750034e+24	6.093613e+22	1.655338e+24	1.523771e+24	1.376911e+24	1.468607e+23	1.271392e+23	4.426984e+21	0.002674369	1.655338e+25	1.523771e+25	1.376911e+25	1.468607e+24	2.548077e-18	3.137834e+17	1.315662e+24	0	0	0	0	0	0	0	0	0	0	0	0	0	0	2.132464e+25	0	2.132464e+25	9.639907e+24	0	9.639907e+24	5.160758e+24	0	5.160758e+24	1.927981e+25	0	1.927981e+25	5.744995e+24	0	5.744995e+24	1.840346e+25	0	1.840346e+25	7.149955e+23	3.665821e-10	0.0001475386	1.814621e+13	382014.2	2283.062	3.460526e-08	2.559893e-15	2.92685e-23	0.04645234	0.5	0.0001593336	1	3.326685	0.4136902	10569.8	1.117189e+26	1.827432e+28	5.151575e+27	6.741065e+25	3.118866e+27	1.203261e+27	5.325573e+26	2.294797e+26	0.2188657	0	0.03317406	0.03560219	0.03560219	0.001424136	0.02670164	0	0	-0.018	0	6.308963e-36	0	6.308963e-36	0	-595.2667	0	-595.2667	0	30423.63	77194.93	16.00745	8524.382	1.106061	1	0	0.4523978	1	2	0	0	
812	909.0505	3.45e+19	0	0	100000	1.98225	1e-05	2.359899e+25	2.169164e+25	1.96117e+25	2.079938e+24	1.843224e+24	6.412856e+22	1.714457e+24	1.575888e+24	1.424782e+24	1.511066e+23	1.339094e+23	4.658913e+21	0.002717428	1.714457e+25	1.575888e+25	1.424782e+25	1.511066e+24	8.439913e-20	3.137834e+17	1.385683e+24	0	0	0	0	0	0	0	0	0	0	0	0	0	0	2.208624e+25	0	2.208624e+25	9.98419e+24	0	9.98419e+24	5.345071e+24	0	5.345071e+24	1.996838e+25	0	1.996838e+25	5.950174e+24	0	5.950174e+24	1.906073e+25	0	1.906073e+25	7.101979e+23	3.710563e-10	0.0001519803	1.80832e+13	403743.9	2410.116	3.524966e-08	2.656117e-15	3.093418e-23	0.04803112	0.5	0.0001678168	1	3.445496	0.4284649	10569.8	1.117189e+26	1.827432e+28	5.151575e+27	6.741065e+25	3.118866e+27	1.203261e+27	5.325573e+26	2.294797e+26	0.2188657	0	0.03312194	0.03560219	0.03560219	0.001424136	0.02670164	0	0	-0.01775	0	6.67202e-36	0	6.67202e-36	0	-594.8438	0	-594.8438	0	30419.79	77194.93	18.21798	8523.307	1.089586	1	0.08943613	0.452393	1	2	0	0	
840	909.0505	3.45e+19	0	0	100000	1.9825	1e-05	2.441275e+25	2.240739e+25	2.026955e+25	2.137831e+24	1.937997e+24	6.736989e+22	1.773576e+24	1.627887e+24	1.472574e+24	1.553125e+23	1.407946e+23	4.894394e+21	0.002759619	1.773576e+25	1.627887e+25	1.472574e+25	1.553125e+24	2.791065e-21	3.137834e+17	1.45689e+24	0	0	0	0	0	0	0	0	0	0	0	0	0	0	2.284783e+25	0	2.284783e+25	1.032847e+25	0	1.032847e+25	5.529384e+24	0	5.529384e+24	2.065694e+25	0	2.065694e+25	6.155352e+24	0	6.155352e+24	1.971799e+25	0	1.971799e+25	7.055697e+23	3.754195e-10	0.0001563793	1.802036e+13	425969.7	2540.048	3.588526e-08	2.752768e-15	3.26379e-23	0.04960588	0.5	0.000176444	1	3.564306	0.4432395	10569.8	1.117189e+26	1.827432e+28	5.151575e+27	6.741065e+25	3.118866e+27	1.203261e+27	5.325573e+26	2.294797e+26	0.2188657	0	0.03306901	0.03560219	0.03560219	0.001424136	0.02670164	0	0	-0.0175	0	7.061568e-36	0	7.061568e-36	0	-594.415	0	-594.415	0	30415.96	77194.93	20.83322	8522.233	1.070276	1	0.1942573	0.4523872	1	2	0	0	
868	909.0505	3.45e+19	0	0	100000	1.98275	1e-05	2.522651e+25	2.312152e+25	2.092634e+25	2.195189e+24	2.034327e+24	7.065893e+22	1.832695e+24	1.679769e+24	1.520289e+24	1.594796e+23	1.47793e+23	5.133341e+21	0.002800979	1.832695e+25	1.679769e+25	1.520289e+25	1.594796e+24	9.215031e-23	3.137834e+17	1.529263e+24	0	0	0	0	0	0	0	0	0	0	0	0	0	0	2.360943e+25	0	2.360943e+25	1.067275e+25	0	1.067275e+25	5.713697e+24	0	5.713697e+24	2.134551e+25	0	2.134551e+25	6.36053e+24	0	6.36053e+24	2.037526e+25	0	2.037526e+25	7.010995e+23	3.796782e-10	0.0001607368	1.795768e+13	448690.1	2672.85	3.651254e-08	2.849846e-15	3.437953e-23	0.05117664	0.5	0.000185213	1	3.683116	0.4580142	10569.8	1.117189e+26	1.827432e+28	5.151575e+27	6.741065e+25	3.118866e+27	1.203261e+27	5.325573e+26	2.294797e+26	0.2188657	0	0.03301528	0.03560219	0.03560219	0.001424136	0.02670164	0	0	-0.01725	0	7.479962e-36	0	7.479962e-36	0	-593.9799	0	-593.9799	0	30412.12	77194.93	23.55631	8521.158	1.051198	1	0.2978196	0.4523815	1	2	0	0	
896	909.0505	3.45e+19	0	0	100000	1.983	1e-05	2.604027e+25	2.383409e+25	2.158206e+25	2.252029e+24	2.132187e+24	7.399453e+22	1.891814e+24	1.731536e+24	1.567927e+24	1.63609e+23	1.549025e+23	5.375671e+21	0.002841543	1.891814e+25	1.731536e+25	1.567927e+25	1.63609e+24	3.037439e-24	3.137834e+17	1.602781e+24	0	0	0	0	0	0	0	0	0	0	0	0	0	0	2.437102e+25	0	2.437102e+25	1.101704e+25	0	1.101704e+25	5.89801e+24	0	5.89801e+24	2.203407e+25	0	2.203407e+25	6.565709e+24	0	6.565709e+24	2.103252e+25	0	2.103252e+25	6.967774e+23	3.83838e-10	0.0001650542	1.789516e+13	471904	2808.515	3.713193e-08	2.947354e-15	3.615899e-23	0.05274339	0.5	0.0001941213	1	3.801926	0.4727888	10569.8	1.117189e+26	1.827432e+28	5.151575e+27	6.741065e+25	3.118866e+27	1.203261e+27	5.325573e+26	2.294797e+26	0.2188657	0	0.0329608	0.03560219	0.03560219	0.001424136	0.02670164	0	0	-0.017	0	7.929803e-36	0	7.929803e-36	0	-593.5385	0	-593.5385	0	30408.29	77194.93	27.77299	8520.084	0.9961211	1	0.4687705	0.4523729	1	2	0	0	
924	909.0505	3.45e+19	0	0	100000	1.98325	1e-05	2.685403e+25	2.45451e+25	2.223673e+25	2.308365e+24	2.231553e+24	7.73756e+22	1.950934e+24	1.783191e+24	1.615489e+24	1.677018e+23	1.621214e+23	5.621304e+21	0.002881341	1.950934e+25	1.783191e+25	1.615489e+25	1.677018e+24	9.995205e-26	3.137834e+17	1.677427e+24	0	0	0	0	0	0	0	0	0	0	0	0	0	0	2.513262e+25	0	2.513262e+25	1.136132e+25	0	1.136132e+25	6.082322e+24	0	6.082322e+24	2.272264e+25	0	2.272264e+25	6.770887e+24	0	6.770887e+24	2.168979e+25	0	2.168979e+25	6.925941e+23	3.879041e-10	0.0001693326	1.78328e+13	495610.4	2947.038	3.774382e-08	3.045294e-15	3.797621e-23	0.05430613	0.5	0.0002031667	1	3.920736	0.4875635	10569.8	1.117189e+26	1.827432e+28	5.151575e+27	6.741065e+25	3.118866e+27	1.203261e+27	5.325573e+26	2.294797e+26	0.2188657	0	0.03290558	0.03560219	0.03560219	0.001424136	0.02670164	0	0	-0.01675	0	8.413971e-36	0	8.413971e-36	0	-593.0906	0	-593.0906	0	30404.46	77194.93	32.3218	8519.01	0.9389939	1	0.645282	0.452364	1	2	0	0	
952	909.0505	3.45e+19	0	0	100000	1.9835	1e-05	2.766779e+25	2.525458e+25	2.289037e+25	2.364212e+24	2.332401e+24	8.080108e+22	2.010053e+24	1.834735e+24	1.662976e+24	1.71759e+23	1.69448e+23	5.870164e+21	0.002920403	2.010053e+25	1.834735e+25	1.662976e+25	1.71759e+24	3.283512e-27	3.137834e+17	1.753181e+24	0	0	0	0	0	0	0	0	0	0	0	0	0	0	2.589421e+25	0	2.589421e+25	1.17056e+25	0	1.17056e+25	6.266635e+24	0	6.266635e+24	2.34112e+25	0	2.34112e+25	6.976066e+24	0	6.976066e+24	2.234706e+25	0	2.234706e+25	6.885414e+23	3.918813e-10	0.0001735731	1.77706e+13	519808.8	3088.414	3.83486e-08	3.143667e-15	3.983112e-23	0.05586486	0.5	0.0002123469	1	4.039547	0.5023381	10569.8	1.117189e+26	1.827432e+28	5.151575e+27	6.741065e+25	3.118866e+27	1.203261e+27	5.325573e+26	2.294797e+26	0.2188657	0	0.03284965	0.03560219	0.03560219	0.001424136	0.02670164	0	0	-0.0165	0	8.935658e-36	0	8.935658e-36	0	-592.636	0	-592.636	0	30400.63	77194.93	37.18477	8517.937	0.8805538	1	0.8260269	0.4523547	1	2	0	0	
980	909.0505	3.45e+19	0	0	100000	1.98375	1e-05	2.848154e+25	2.596257e+25	2.354298e+25	2.419581e+24	2.434709e+24	8.426994e+22	2.069172e+24	1.886169e+24	1.710388e+24	1.757815e+23	1.768806e+23	6.122175e+21	0.002958756	2.069172e+25	1.886169e+25	1.710388e+25	1.757815e+24	1.076808e-28	3.137834e+17	1.830027e+24	0	0	0	0	0	0	0	0	0	0	0	0	0	0	2.66558e+25	0	2.66558e+25	1.204988e+25	0	1.204988e+25	6.450948e+24	0	6.450948e+24	2.409977e+25	0	2.409977e+25	7.181244e+24	0	7.181244e+24	2.300432e+25	0	2.300432e+25	6.846117e+23	3.95774e-10	0.0001777766	1.770857e+13	544498.5	3232.64	3.894661e-08	3.242475e-15	4.17237e-23	0.05741959	0.5	0.00022166	1	4.158357	0.5171128	10569.8	1.117189e+26	1.827432e+28	5.151575e+27	6.741065e+25	3.118866e+27	1.203261e+27	5.325573e+26	2.294797e+26	0.2188657	0	0.03279305	0.03560219	0.03560219	0.001424136	0.02670164	0	0	-0.01625	0	9.498406e-36	0	9.498406e-36	0	-592.1744	0	-592.1744	0	30396.8	77194.93	40.01861	8516.863	0.8550195	1	0.904701	0.4523505	1	2	0	0	
1008	909.0505	3.45e+19	0	0	100000	1.984	1e-05	2.92953e+25	2.666907e+25	2.419458e+25	2.474485e+24	2.538454e+24	8.778122e+22	2.128291e+24	1.937496e+24	1.757726e+24	1.797703e+23	1.844176e+23	6.377268e+21	0.002996426	2.128291e+25	1.937496e+25	1.757726e+25	1.797703e+24	3.525175e-30	3.137834e+17	1.907948e+24	0	0	0	0	0	0	0	0	0	0	0	0	0	0	2.74174e+25	0	2.74174e+25	1.239417e+25	0	1.239417e+25	6.635261e+24	0	6.635261e+24	2.478833e+25	0	2.478833e+25	7.386422e+24	0	7.386422e+24	2.366159e+25	0	2.366159e+25	6.807979e+23	3.995863e-10	0.0001819443	1.764669e+13	569679.2	3379.715	3.953815e-08	3.341721e-15	4.36539e-23	0.05897031	0.5	0.000231104	1	4.277167	0.5318874	10569.8	1.117189e+26	1.827432e+28	5.151575e+27	6.741065e+25	3.118866e+27	1.203261e+27	5.325573e+26	2.294797e+26	0.2188657	0	0.0327358	0.03560219	0.03560219	0.001424136	0.02670164	0	0	-0.016	0	1.010616e-35	0	1.010616e-35	0	-591.7056	0	-591.7056	0	30392.97	77194.93	41.16199	8515.79	0.8549326	1	0.9047008	0.4523504	1	2	0	0	
1036	909.0505	3.45e+19	0	0	100000	1.98425	1e-05	3.010906e+25	2.737411e+25	2.484517e+25	2.528938e+24	2.643616e+24	9.133396e+22	2.18741e+24	1.988717e+24	1.804991e+24	1.837262e+23	1.920575e+23	6.635373e+21	0.003033438	2.18741e+25	1.988717e+25	1.804991e+25	1.837262e+24	1.152011e-31	3.137834e+17	1.986929e+24	0	0	0	0	0	0	0	0	0	0	0	0	0	0	2.817899e+25	0	2.817899e+25	1.273845e+25	0	1.273845e+25	6.819574e+24	0	6.819574e+24	2.54769e+25	0	2.54769e+25	7.591601e+24	0	7.591601e+24	2.431886e+25	0	2.431886e+25	6.770937e+23	4.033219e-10	0.000186077	1.758497e+13	595350.7	3529.636	4.012354e-08	3.441407e-15	4.562173e-23	0.06051702	0.5	0.000240677	1	4.395977	0.5466621	10569.8	1.117189e+26	1.827432e+28	5.151575e+27	6.741065e+25	3.118866e+27	1.203261e+27	5.325573e+26	2.294797e+26	0.2188657	0	0.03267792	0.03560219	0.03560219	0.001424136	0.02670164	0	0	-0.01575	0	1.07633e-35	0	1.07633e-35	0	-591.2295	0	-591.2295	0	30389.14	77194.93	42.30538	8514.717	0.8548472	1	0.9047006	0.4523503	1	2	0	0	
1064	909.0505	3.45e+19	0	0	100000	1.9845	1e-05	3.092282e+25	2.807772e+25	2.549477e+25	2.582949e+24	2.750174e+24	9.492725e+22	2.24653e+24	2.039834e+24	1.852184e+24	1.876501e+23	1.99799e+23	6.896425e+21	0.003069812	2.24653e+25	2.039834e+25	1.852184e+25	1.876501e+24	3.758001e-33	3.137834e+17	2.066954e+24	0	0	0	0	0	0	0	0	0	0	0	0	0	0	2.894059e+25	0	2.894059e+25	1.308273e+25	0	1.308273e+25	7.003886e+24	0	7.003886e+24	2.616546e+25	0	2.616546e+25	7.796779e+24	0	7.796779e+24	2.497612e+25	0	2.497612e+25	6.734933e+23	4.069843e-10	0.0001901757	1.752341e+13	621513.1	3682.406	4.070305e-08	3.541533e-15	4.762717e-23	0.06205973	0.5	0.0002503771	1	4.514787	0.5614367	10569.8	1.117189e+26	1.827432e+28	5.151575e+27	6.741065e+25	3.118866e+27	1.203261e+27	5.325573e+26	2.294797e+26	0.2188657	0	0.03261944	0.03560219	0.03560219	0.001424136	0.02670164	0	0	-0.0155	0	1.147473e-35	0	1.147473e-35	0	-590.7458	0	-590.7458	0	30385.31	77194.93	43.44877	8513.645	0.8547633	1	0.9047004	0.4523502	1	2	0	0	
1092	909.0505	3.45e+19	0	0	100000	1.98475	1e-05	3.173658e+25	2.877991e+25	2.614338e+25	2.63653e+24	2.858111e+24	9.856022e+22	2.305649e+24	2.090848e+24	1.899305e+24	1.915427e+23	2.076405e+23	7.160358e+21	0.003105572	2.305649e+25	2.090848e+25	1.899305e+25	1.915427e+24	1.223694e-34	3.137834e+17	2.148008e+24	0	0	0	0	0	0	0	0	0	0	0	0	0	0	2.970218e+25	0	2.970218e+25	1.342701e+25	0	1.342701e+25	7.188199e+24	0	7.188199e+24	2.685403e+25	0	2.685403e+25	8.001958e+24	0	8.001958e+24	2.563339e+25	0	2.563339e+25	6.699912e+23	4.105769e-10	0.0001942411	1.746201e+13	648166.5	3838.024	4.127693e-08	3.642104e-15	4.967024e-23	0.06359845	0.5	0.0002602026	1	4.633598	0.5762114	10569.8	1.117189e+26	1.827432e+28	5.151575e+27	6.741065e+25	3.118866e+27	1.203261e+27	5.325573e+26	2.294797e+26	0.2188657	0	0.03256039	0.03560219	0.03560219	0.001424136	0.02670164	0	0	-0.01525	0	1.224592e-35	0	1.224592e-35	0	-590.2542	0	-590.2542	0	30381.48	77194.93	44.59216	8512.573	0.8546808	1	0.9047001	0.4523501	1	2	0	0	
1120	909.0505	3.45e+19	0	0	100000	1.985	1e-05	3.255034e+25	2.94807e+25	2.679101e+25	2.68969e+24	2.967406e+24	1.02232e+23	2.364768e+24	2.14176e+24	1.946355e+24	1.954048e+23	2.155808e+23	7.427111e+21	0.003140736	2.364768e+25	2.14176e+25	1.946355e+25	1.954048e+24	3.977367e-36	3.137834e+17	2.230079e+24	0	0	0	0	0	0	0	0	0	0	0	0	0	0	3.046378e+25	0	3.046378e+25	1.37713e+25	0	1.37713e+25	7.372512e+24	0	7.372512e+24	2.754259e+25	0	2.754259e+25	8.207136e+24	0	8.207136e+24	2.629066e+25	0	2.629066e+25	6.665825e+23	4.141025e-10	0.0001982741	1.740077e+13	675311.2	3996.493	4.184544e-08	3.74312e-15	5.175095e-23	0.06513316	0.5	0.0002701519	1	4.752408	0.590986	10569.8	1.117189e+26	1.827432e+28	5.151575e+27	6.741065e+25	3.118866e+27	1.203261e+27	5.325573e+26	2.294797e+26	0.2188657	0	0.0325008	0.03560219	0.03560219	0.001424136	0.02670164	0	0	-0.015	0	1.308299e-35	0	1.308299e-35	0	-589.7544	0	-589.7544	0	30377.66	77194.93	45.73555	8511.501	0.8545997	1	0.9046999	0.45235	1	2	0	0	
1148	909.0505	3.45e+19	0	0	100000	1.98525	1e-05	3.336409e+25	3.018011e+25	2.743767e+25	2.742441e+24	3.078044e+24	1.059418e+23	2.423887e+24	2.192572e+24	1.993335e+24	1.992372e+23	2.236186e+23	7.696624e+21	0.003175323	2.423887e+25	2.192572e+25	1.993335e+25	1.992372e+24	1.29038e-37	3.137834e+17	2.313152e+24	0	0	0	0	0	0	0	0	0	0	0	0	0	0	3.122537e+25	0	3.122537e+25	1.411558e+25	0	1.411558e+25	7.556825e+24	0	7.556825e+24	2.823116e+25	0	2.823116e+25	8.412314e+24	0	8.412314e+24	2.694792e+25	0	2.694792e+25	6.632624e+23	4.17564e-10	0.0002022755	1.733969e+13	702947.6	4157.817	4.24088e-08	3.844584e-15	5.386935e-23	0.06666388	0.5	0.0002802233	1	4.871218	0.6057607	10569.8	1.117189e+26	1.827432e+28	5.151575e+27	6.741065e+25	3.118866e+27	1.203261e+27	5.325573e+26	2.294797e+26	0.2188657	0	0.03244069	0.03560219	0.03560219	0.001424136	0.02670164	0	0	-0.01475	0	1.399282e-35	0	1.399282e-35	0	-589.2463	0	-589.2463	0	30373.83	77194.93	46.87894	8510.429	0.8545198	1	0.9046997	0.4523499	1	2	0	0	
1176	909.0505	3.45e+19	0	0	100000	1.9855	1e-05	3.417785e+25	3.087816e+25	2.808337e+25	2.794791e+24	3.190006e+24	1.096887e+23	2.483006e+24	2.243285e+24	2.040245e+24	2.030404e+23	2.317525e+23	7.968839e+21	0.003209351	2.483006e+25	2.243285e+25	2.040245e+25	2.030404e+24	4.178597e-39	3.137834e+17	2.397214e+24	0	0	0	0	0	0	0	0	0	0	0	0	0	0	3.198696e+25	0	3.198696e+25	1.445986e+25	0	1.445986e+25	7.741138e+24	0	7.741138e+24	2.891972e+25	0	2.891972e+25	8.617493e+24	0	8.617493e+24	2.760519e+25	0	2.760519e+25	6.600268e+23	4.209641e-10	0.000206246	1.727877e+13	731076.3	4321.998	4.296721e-08	3.946497e-15	5.602547e-23	0.06819061	0.5	0.0002904153	1	4.990028	0.6205353	10569.8	1.117189e+26	1.827432e+28	5.151575e+27	6.741065e+25	3.118866e+27	1.203261e+27	5.325573e+26	2.294797e+26	0.2188657	0	0.03238009	0.03560219	0.03560219	0.001424136	0.02670164	0	0	-0.0145	0	1.498312e-35	0	1.498312e-35	0	-588.7295	0	-588.7295	0	30370.01	77194.93	48.02233	8509.358	0.8544411	1	0.9046995	0.4523498	1	2	0	0	
1204	909.0505	3.45e+19	0	0	100000	1.98575	1e-05	3.499161e+25	3.157486e+25	2.872811e+25	2.846749e+24	3.303275e+24	1.134721e+23	2.542126e+24	2.2939e+24	2.087085e+24	2.068151e+23	2.399816e+23	8.2437e+21	0.003242838	2.542126e+25	2.2939e+25	2.087085e+25	2.068151e+24	1.350601e-40	3.137834e+17	2.482252e+24	0	0	0	0	0	0	0	0	0	0	0	0	0	0	3.274856e+25	0	3.274856e+25	1.480414e+25	0	1.480414e+25	7.92545e+24	0	7.92545e+24	2.960829e+25	0	2.960829e+25	8.822671e+24	0	8.822671e+24	2.826246e+25	0	2.826246e+25	6.568717e+23	4.243053e-10	0.0002101863	1.721801e+13	759697.9	4489.042	4.35209e-08	4.048863e-15	5.821935e-23	0.06971335	0.5	0.0003007264	1	5.108838	0.63531	10569.8	1.117189e+26	1.827432e+28	5.151575e+27	6.741065e+25	3.118866e+27	1.203261e+27	5.325573e+26	2.294797e+26	0.2188657	0	0.03231902	0.03560219	0.03560219	0.001424136	0.02670164	0	0	-0.01425	0	1.60626e-35	0	1.60626e-35	0	-588.2037	0	-588.2037	0	30366.18	77194.93	49.16572	8508.286	0.8543637	1	0.9046993	0.4523497	1	2	0	0	
1232	909.0505	3.45e+19	0	0	100000	1.986	1e-05	3.580537e+25	3.227024e+25	2.937192e+25	2.898325e+24	3.417837e+24	1.172912e+23	2.601245e+24	2.344419e+24	2.133857e+24	2.10562e+23	2.483044e+23	8.521152e+21	0.003275798	2.601245e+25	2.344419e+25	2.133857e+25	2.10562e+24	4.357124e-42	3.137834e+17	2.568256e+24	0	0	0	0	0	0	0	0	0	0	0	0	0	0	3.351015e+25	0	3.351015e+25	1.514843e+25	0	1.514843e+25	8.109763e+24	0	8.109763e+24	3.029685e+25	0	3.029685e+25	9.02785e+24	0	9.02785e+24	2.891972e+25	0	2.891972e+25	6.537932e+23	4.275897e-10	0.0002140971	1.715741e+13	788813.3	4658.955	4.407003e-08	4.151683e-15	6.045107e-23	0.07123211	0.5	0.0003111551	1	5.227649	0.6500846	10569.8	1.117189e+26	1.827432e+28	5.151575e+27	6.741065e+25	3.118866e+27	1.203261e+27	5.325573e+26	2.294797e+26	0.2188657	0	0.03225751	0.03560219	0.03560219	0.001424136	0.02670164	0	0	-0.014	0	1.724107e-35	0	1.724107e-35	0	-587.6686	0	-587.6686	0	30362.36	77194.93	50.30911	8507.216	0.8542875	1	0.9046991	0.4523496	1	2	0	0	
1260	909.0505	3.45e+19	0	0	100000	1.98625	1e-05	3.661913e+25	3.296431e+25	3.001478e+25	2.949525e+24	3.533676e+24	1.211451e+23	2.660364e+24	2.394843e+24	2.180561e+24	2.142818e+23	2.567201e+23	8.801143e+21	0.003308248	2.660364e+25	2.394843e+25	2.180561e+25	2.142818e+24	1.402951e-43	3.137834e+17	2.655212e+24	0	0	0	0	0	0	0	0	0	0	0	0	0	0	3.427175e+25	0	3.427175e+25	1.549271e+25	0	1.549271e+25	8.294076e+24	0	8.294076e+24	3.098542e+25	0	3.098542e+25	9.233028e+24	0	9.233028e+24	2.957699e+25	0	2.957699e+25	6.507881e+23	4.308196e-10	0.000217979	1.709696e+13	818423.3	4831.743	4.46148e-08	4.254959e-15	6.272069e-23	0.07274688	0.5	0.0003217	1	5.346459	0.6648593	10569.8	1.117189e+26	1.827432e+28	5.151575e+27	6.741065e+25	3.118866e+27	1.203261e+27	5.325573e+26	2.294797e+26	0.2188657	0	0.03219559	0.03560219	0.03560219	0.001424136	0.02670164	0	0	-0.01375	0	1.852962e-35	0	1.852962e-35	0	-587.1239	0	-587.1239	0	30358.54	77194.93	51.45249	8506.145	0.8542123	1	0.9046989	0.4523495	1	2	0	0	
1288	909.0505	3.45e+19	0	0	100000	1.9865	1e-05	3.743289e+25	3.365708e+25	3.065672e+25	3.00036e+24	3.650777e+24	1.250334e+23	2.719483e+24	2.445172e+24	2.227197e+24	2.179748e+23	2.652274e+23	9.083621e+21	0.003340201	2.719483e+25	2.445172e+25	2.227197e+25	2.179748e+24	4.508666e-45	3.137834e+17	2.74311e+24	0	0	0	0	0	0	0	0	0	0	0	0	0	0	3.503334e+25	0	3.503334e+25	1.583699e+25	0	1.583699e+25	8.478389e+24	0	8.478389e+24	3.167398e+25	0	3.167398e+25	9.438206e+24	0	9.438206e+24	3.023425e+25	0	3.023425e+25	6.47853e+23	4.339971e-10	0.0002218327	1.703668e+13	848528.9	5007.412	4.515538e-08	4.358694e-15	6.502829e-23	0.07425767	0.5	0.0003323598	1	5.465269	0.6796339	10569.8	1.117189e+26	1.827432e+28	5.151575e+27	6.741065e+25	3.118866e+27	1.203261e+27	5.325573e+26	2.294797e+26	0.2188657	0	0.03213327	0.03560219	0.03560219	0.001424136	0.02670164	0	0	-0.0135	0	1.994082e-35	0	1.994082e-35	0	-586.5691	0	-586.5691	0	30354.72	77194.93	52.59588	8505.075	0.8541383	1	0.9046987	0.4523494	1	2	0	0	
1316	909.0505	3.45e+19	0	0	100000	1.98675	1e-05	3.824664e+25	3.434856e+25	3.129773e+25	3.050835e+24	3.769125e+24	1.289551e+23	2.778602e+24	2.495409e+24	2.273767e+24	2.216419e+23	2.738253e+23	9.368536e+21	0.003371672	2.778602e+25	2.495409e+25	2.273767e+25	2.216419e+24	1.446141e-46	3.137834e+17	2.831938e+24	0	0	0	0	0	0	0	0	0	0	0	0	0	0	3.579494e+25	0	3.579494e+25	1.618127e+25	0	1.618127e+25	8.662702e+24	0	8.662702e+24	3.236255e+25	0	3.236255e+25	9.643385e+24	0	9.643385e+24	3.089152e+25	0	3.089152e+25	6.449848e+23	4.37124e-10	0.0002256587	1.697655e+13	879131.2	5185.972	4.569191e-08	4.46289e-15	6.737394e-23	0.07576449	0.5	0.0003431332	1	5.584079	0.6944086	10569.8	1.117189e+26	1.827432e+28	5.151575e+27	6.741065e+25	3.118866e+27	1.203261e+27	5.325573e+26	2.294797e+26	0.2188657	0	0.03207059	0.03560219	0.03560219	0.001424136	0.02670164	0	0	-0.01325	0	2.148896e-35	0	2.148896e-35	0	-586.004	0	-586.004	0	30350.9	77194.93	53.73927	8504.004	0.8540653	1	0.9046985	0.4523493	1	2	0	0	
1344	909.0505	3.45e+19	0	0	100000	1.987	1e-05	3.90604e+25	3.503879e+25	3.193783e+25	3.100959e+24	3.888707e+24	1.329098e+23	2.837722e+24	2.545553e+24	2.32027e+24	2.252833e+23	2.825129e+23	9.65584e+21	0.003402673	2.837722e+25	2.545553e+25	2.32027e+25	2.252833e+24	4.629394e-48	3.137834e+17	2.921687e+24	0	0	0	0	0	0	0	0	0	0	0	0	0	0	3.655653e+25	0	3.655653e+25	1.652556e+25	0	1.652556e+25	8.847014e+24	0	8.847014e+24	3.305111e+25	0	3.305111e+25	9.848563e+24	0	9.848563e+24	3.154879e+25	0	3.154879e+25	6.421809e+23	4.402022e-10	0.0002294577	1.691659e+13	910231.5	5367.431	4.622457e-08	4.567548e-15	6.975775e-23	0.07726733	0.5	0.0003540189	1	5.702889	0.7091832	10569.8	1.117189e+26	1.827432e+28	5.151575e+27	6.741065e+25	3.118866e+27	1.203261e+27	5.325573e+26	2.294797e+26	0.2188657	0	0.03200758	0.03560219	0.03560219	0.001424136	0.02670164	0	0	-0.013	0	2.319028e-35	0	2.319028e-35	0	-585.4282	0	-585.4282	0	30347.08	77194.93	54.88266	8502.935	0.8539933	1	0.9046983	0.4523492	1	2	0	0	
1372	909.0505	3.45e+19	0	0	100000	1.98725	1e-05	3.987416e+25	3.572776e+25	3.257702e+25	3.150738e+24	4.009509e+24	1.368967e+23	2.896841e+24	2.595606e+24	2.366706e+24	2.288998e+23	2.912891e+23	9.945486e+21	0.003433218	2.896841e+25	2.595606e+25	2.366706e+25	2.288998e+24	1.479051e-49	3.137834e+17	3.012345e+24	0	0	0	0	0	0	0	0	0	0	0	0	0	0	3.731813e+25	0	3.731813e+25	1.686984e+25	0	1.686984e+25	9.031327e+24	0	9.031327e+24	3.373968e+25	0	3.373968e+25	1.005374e+25	0	1.005374e+25	3.220605e+25	0	3.220605e+25	6.394385e+23	4.432334e-10	0.0002332302	1.685678e+13	941831	5551.797	4.675348e-08	4.672672e-15	7.21798e-23	0.07876621	0.5	0.0003650157	1	5.8217	0.7239579	10569.8	1.117189e+26	1.827432e+28	5.151575e+27	6.741065e+25	3.118866e+27	1.203261e+27	5.325573e+26	2.294797e+26	0.2188657	0	0.03194424	0.03560219	0.03560219	0.001424136	0.02670164	0	0	-0.01275	0	2.506336e-35	0	2.506336e-35	0	-584.8411	0	-584.8411	0	30343.27	77194.93	56.02605	8501.865	0.8539223	1	0.9046981	0.4523491	1	2	0	0	
1400	909.0505	3.45e+19	0	0	100000	1.9875	1e-05	4.068792e+25	3.641549e+25	3.321531e+25	3.20018e+24	4.131518e+24	1.409152e+23	2.95596e+24	2.64557e+24	2.413078e+24	2.324917e+23	3.00153e+23	1.023743e+22	0.003463318	2.95596e+25	2.64557e+25	2.413078e+25	2.324917e+24	4.716098e-51	3.137834e+17	3.103904e+24	0	0	0	0	0	0	0	0	0	0	0	0	0	0	3.807972e+25	0	3.807972e+25	1.721412e+25	0	1.721412e+25	9.21564e+24	0	9.21564e+24	3.442824e+25	0	3.442824e+25	1.025892e+25	0	1.025892e+25	3.286332e+25	0	3.286332e+25	6.367551e+23	4.462191e-10	0.0002369767	1.679713e+13	973931.1	5739.082	4.727878e-08	4.778263e-15	7.46402e-23	0.08026111	0.5	0.0003761224	1	5.94051	0.7387325	10569.8	1.117189e+26	1.827432e+28	5.151575e+27	6.741065e+25	3.118866e+27	1.203261e+27	5.325573e+26	2.294797e+26	0.2188657	0	0.03188061	0.03560219	0.03560219	0.001424136	0.02670164	0	0	-0.0125	0	2.712942e-35	0	2.712942e-35	0	-584.2425	0	-584.2425	0	30339.45	77194.93	57.16944	8500.796	0.8538523	1	0.904698	0.452349	1	2	0	0	
1428	909.0505	3.45e+19	0	0	100000	1.98775	1e-05	4.150168e+25	3.710199e+25	3.38527e+25	3.249291e+24	4.254721e+24	1.449647e+23	3.015079e+24	2.695444e+24	2.459384e+24	2.360596e+23	3.091037e+23	1.053162e+22	0.003492984	3.015079e+25	2.695444e+25	2.459384e+25	2.360596e+24	1.500783e-52	3.137834e+17	3.196353e+24	0	0	0	0	0	0	0	0	0	0	0	0	0	0	3.884131e+25	0	3.884131e+25	1.75584e+25	0	1.75584e+25	9.399953e+24	0	9.399953e+24	3.51168e+25	0	3.51168e+25	1.04641e+25	0	1.04641e+25	3.352059e+25	0	3.352059e+25	6.341284e+23	4.49161e-10	0.0002406978	1.673764e+13	1006533	5929.295	4.780061e-08	4.884323e-15	7.713906e-23	0.08175206	0.5	0.0003873378	1	6.05932	0.7535072	10569.8	1.117189e+26	1.827432e+28	5.151575e+27	6.741065e+25	3.118866e+27	1.203261e+27	5.325573e+26	2.294797e+26	0.2188657	0	0.03181672	0.03560219	0.03560219	0.001424136	0.02670164	0	0	-0.01225	0	2.941282e-35	0	2.941282e-35	0	-583.6317	0	-583.6317	0	30335.63	77194.93	58.31283	8499.727	0.8537832	1	0.9046978	0.4523489	1	2	0	0	
1456	909.0505	3.45e+19	0	0	100000	1.988	1e-05	4.231544e+25	3.778729e+25	3.448921e+25	3.298077e+24	4.379106e+24	1.490446e+23	3.074198e+24	2.74523e+24	2.505626e+24	2.396039e+23	3.181402e+23	1.082803e+22	0.003522228	3.074198e+25	2.74523e+25	2.505626e+25	2.396039e+24	4.766327e-54	3.137834e+17	3.289682e+24	0	0	0	0	0	0	0	0	0	0	0	0	0	0	3.960291e+25	0	3.960291e+25	1.790268e+25	0	1.790268e+25	9.584266e+24	0	9.584266e+24	3.580537e+25	0	3.580537e+25	1.066928e+25	0	1.066928e+25	3.417785e+25	0	3.417785e+25	6.315562e+23	4.520605e-10	0.0002443939	1.667831e+13	1039639	6122.448	4.83191e-08	4.990856e-15	7.967651e-23	0.08323904	0.5	0.0003986609	1	6.17813	0.7682818	10569.8	1.117189e+26	1.827432e+28	5.151575e+27	6.741065e+25	3.118866e+27	1.203261e+27	5.325573e+26	2.294797e+26	0.2188657	0	0.03175258	0.03560219	0.03560219	0.001424136	0.02670164	0	0	-0.012	0	3.194159e-35	0	3.194159e-35	0	-583.0083	0	-583.0083	0	30331.82	77194.93	59.45622	8498.658	0.8537151	1	0.9046976	0.4523488	1	2	0	0	
1484	909.0505	3.45e+19	0	0	100000	1.98825	1e-05	4.31292e+25	3.847138e+25	3.512483e+25	3.346545e+24	4.504662e+24	1.531544e+23	3.133318e+24	2.794929e+24	2.551804e+24	2.43125e+23	3.272618e+23	1.11266e+22	0.003551061	3.133318e+25	2.794929e+25	2.551804e+25	2.43125e+24	1.510695e-55	3.137834e+17	3.383883e+24	0	0	0	0	0	0	0	0	0	0	0	0	0	0	4.03645e+25	0	4.03645e+25	1.824697e+25	0	1.824697e+25	9.768578e+24	0	9.768578e+24	3.649393e+25	0	3.649393e+25	1.087446e+25	0	1.087446e+25	3.483512e+25	0	3.483512e+25	6.290364e+23	4.549189e-10	0.0002480655	1.661914e+13	1073250	6318.552	4.883434e-08	5.097862e-15	8.225265e-23	0.08472207	0.5	0.0004100904	1	6.29694	0.7830565	10569.8	1.117189e+26	1.827432e+28	5.151575e+27	6.741065e+25	3.118866e+27	1.203261e+27	5.325573e+26	2.294797e+26	0.2188657	0	0.03168822	0.03560219	0.03560219	0.001424136	0.02670164	0	0	-0.01175	0	3.474804e-35	0	3.474804e-35	0	-582.3719	0	-582.3719	0	30328.01	77194.93	60.5996	8497.59	0.8536479	1	0.9046974	0.4523487	1	2	0	0	
1512	909.0505	3.45e+19	0	0	100000	1.9885	1e-05	4.394295e+25	3.915428e+25	3.575958e+25	3.3947e+24	4.631376e+24	1.572934e+23	3.192437e+24	2.844542e+24	2.597919e+24	2.466235e+23	3.364675e+23	1.14273e+22	0.003579491	3.192437e+25	2.844542e+25	2.597919e+25	2.466235e+24	4.778511e-57	3.137834e+17	3.478947e+24	0	0	0	0	0	0	0	0	0	0	0	0	0	0	4.11261e+25	0	4.11261e+25	1.859125e+25	0	1.859125e+25	9.952891e+24	0	9.952891e+24	3.71825e+25	0	3.71825e+25	1.107963e+25	0	1.107963e+25	3.549239e+25	0	3.549239e+25	6.265669e+23	4.577376e-10	0.0002517131	1.656012e+13	1107368	6517.62	4.934647e-08	5.205346e-15	8.486763e-23	0.08620115	0.5	0.0004216255	1	6.415751	0.7978311	10569.8	1.117189e+26	1.827432e+28	5.151575e+27	6.741065e+25	3.118866e+27	1.203261e+27	5.325573e+26	2.294797e+26	0.2188657	0	0.03162367	0.03560219	0.03560219	0.001424136	0.02670164	0	0	-0.0115	0	3.78696e-35	0	3.78696e-35	0	-581.7217	0	-581.7217	0	30324.19	77194.93	61.74299	8496.521	0.8535814	1	0.9046972	0.4523486	1	2	0	0	
1540	909.0505	3.45e+19	0	0	100000	1.98875	1e-05	4.475671e+25	3.983601e+25	3.639347e+25	3.442548e+24	4.759237e+24	1.614612e+23	3.251556e+24	2.894069e+24	2.64397e+24	2.500997e+23	3.457565e+23	1.173009e+22	0.00360753	3.251556e+25	2.894069e+25	2.64397e+25	2.500997e+24	1.50844e-58	3.137834e+17	3.574866e+24	0	0	0	0	0	0	0	0	0	0	0	0	0	0	4.188769e+25	0	4.188769e+25	1.893553e+25	0	1.893553e+25	1.01372e+25	0	1.01372e+25	3.787106e+25	0	3.787106e+25	1.128481e+25	0	1.128481e+25	3.614965e+25	0	3.614965e+25	6.241461e+23	4.605177e-10	0.0002553371	1.650126e+13	1141994	6719.665	4.985558e-08	5.313307e-15	8.752158e-23	0.08767628	0.5	0.000433265	1	6.534561	0.8126058	10569.8	1.117189e+26	1.827432e+28	5.151575e+27	6.741065e+25	3.118866e+27	1.203261e+27	5.325573e+26	2.294797e+26	0.2188657	0	0.03155893	0.03560219	0.03560219	0.001424136	0.02670164	0	0	-0.01125	0	4.134969e-35	0	4.134969e-35	0	-581.0572	0	-581.0572	0	30320.38	77194.93	62.88638	8495.453	0.8535158	1	0.904697	0.4523485	1	2	0	0	
1568	909.0505	3.45e+19	0	0	100000	1.989	1e-05	4.557047e+25	4.051658e+25	3.702648e+25	3.490096e+24	4.888234e+24	1.656572e+23	3.310675e+24	2.943512e+24	2.689958e+24	2.53554e+23	3.551281e+23	1.203492e+22	0.003635187	3.310675e+25	2.943512e+25	2.689958e+25	2.53554e+24	4.752037e-60	3.137834e+17	3.67163e+24	0	0	0	0	0	0	0	0	0	0	0	0	0	0	4.264929e+25	0	4.264929e+25	1.927981e+25	0	1.927981e+25	1.032152e+25	0	1.032152e+25	3.855963e+25	0	3.855963e+25	1.148999e+25	0	1.148999e+25	3.680692e+25	0	3.680692e+25	6.21772e+23	4.632606e-10	0.000258938	1.644256e+13	1177131	6924.699	5.036177e-08	5.42175e-15	9.021463e-23	0.08914746	0.5	0.0004450079	1	6.653371	0.8273804	10569.8	1.117189e+26	1.827432e+28	5.151575e+27	6.741065e+25	3.118866e+27	1.203261e+27	5.325573e+26	2.294797e+26	0.2188657	0	0.03149405	0.03560219	0.03560219	0.001424136	0.02670164	0	0	-0.011	0	4.523887e-35	0	4.523887e-35	0	-580.3778	0	-580.3778	0	30316.57	77194.93	64.02977	8494.386	0.853451	1	0.9046969	0.4523484	1	2	0	0	
1596	909.0505	3.45e+19	0	0	100000	1.98925	1e-05	4.638423e+25	4.119599e+25	3.765864e+25	3.537347e+24	5.018357e+24	1.698809e+23	3.369794e+24	2.992871e+24	2.735884e+24	2.569868e+23	3.645815e+23	1.234177e+22	0.00366247	3.369794e+25	2.992871e+25	2.735884e+25	2.569868e+24	1.493981e-61	3.137834e+17	3.769232e+24	0	0	0	0	0	0	0	0	0	0	0	0	0	0	4.341088e+25	0	4.341088e+25	1.96241e+25	0	1.96241e+25	1.050583e+25	0	1.050583e+25	3.924819e+25	0	3.924819e+25	1.169517e+25	0	1.169517e+25	3.746418e+25	0	3.746418e+25	6.19443e+23	4.659672e-10	0.0002625161	1.638402e+13	1212781	7132.738	5.086516e-08	5.530676e-15	9.294694e-23	0.09061471	0.5	0.0004568533	1	6.772181	0.8421551	10569.8	1.117189e+26	1.827432e+28	5.151575e+27	6.741065e+25	3.118866e+27	1.203261e+27	5.325573e+26	2.294797e+26	0.2188657	0	0.03142903	0.03560219	0.03560219	0.001424136	0.02670164	0	0	-0.01075	0	4.959624e-35	0	4.959624e-35	0	-579.6828	0	-579.6828	0	30312.76	77194.93	65.17316	8493.318	0.853387	1	0.9046967	0.4523483	1	2	0	0	
1624	909.0505	3.45e+19	0	0	100000	1.9895	1e-05	4.719799e+25	4.187426e+25	3.828995e+25	3.584308e+24	5.149594e+24	1.741317e+23	3.428914e+24	3.042147e+24	2.781749e+24	2.603985e+23	3.741158e+23	1.26506e+22	0.003689389	3.428914e+25	3.042147e+25	2.781749e+25	2.603985e+24	4.687286e-63	3.137834e+17	3.867664e+24	0	0	0	0	0	0	0	0	0	0	0	0	0	0	4.417248e+25	0	4.417248e+25	1.996838e+25	0	1.996838e+25	1.069014e+25	0	1.069014e+25	3.993676e+25	0	3.993676e+25	1.190035e+25	0	1.190035e+25	3.812145e+25	0	3.812145e+25	6.171576e+23	4.686387e-10	0.0002660719	1.632563e+13	1248945	7343.796	5.136582e-08	5.640088e-15	9.571864e-23	0.09207801	0.5	0.0004688003	1	6.890991	0.8569297	10569.8	1.117189e+26	1.827432e+28	5.151575e+27	6.741065e+25	3.118866e+27	1.203261e+27	5.325573e+26	2.294797e+26	0.2188657	0	0.0313639	0.03560219	0.03560219	0.001424136	0.02670164	0	0	-0.0105	0	5.449109e-35	0	5.449109e-35	0	-578.9715	0	-578.9715	0	30308.95	77194.93	66.31655	8492.251	0.8533238	1	0.9046965	0.4523483	1	2	0	0	
1652	909.0505	3.45e+19	0	0	100000	1.98975	1e-05	4.801175e+25	4.25514e+25	3.892042e+25	3.630984e+24	5.281937e+24	1.784093e+23	3.488033e+24	3.091341e+24	2.827552e+24	2.637894e+23	3.837305e+23	1.296136e+22	0.003715952	3.488033e+25	3.091341e+25	2.827552e+25	2.637894e+24	1.467597e-64	3.137834e+17	3.966918e+24	0	0	0	0	0	0	0	0	0	0	0	0	0	0	4.493407e+25	0	4.493407e+25	2.031266e+25	0	2.031266e+25	1.087446e+25	0	1.087446e+25	4.062532e+25	0	4.062532e+25	1.210553e+25	0	1.210553e+25	3.877872e+25	0	3.877872e+25	6.149143e+23	4.71276e-10	0.0002696058	1.626741e+13	1285625	7557.886	5.186385e-08	5.749987e-15	9.852991e-23	0.09353738	0.5	0.0004808478	1	7.009802	0.8717044	10569.8	1.117189e+26	1.827432e+28	5.151575e+27	6.741065e+25	3.118866e+27	1.203261e+27	5.325573e+26	2.294797e+26	0.2188657	0	0.03129869	0.03560219	0.03560219	0.001424136	0.02670164	0	0	-0.01025	0	6.000498e-35	0	6.000498e-35	0	-578.243	0	-578.243	0	30305.15	77194.93	68.0927	8491.184	0.8495254	1	0.9174251	0.4523482	1	2	4.177569e-05	0	
1680	909.0505	3.45e+19	0	0	100000	1.99	1e-05	4.88255e+25	4.322742e+25	3.955004e+25	3.677378e+24	5.415374e+24	1.827132e+23	3.547152e+24	3.140453e+24	2.873293e+24	2.6716e+23	3.934246e+23	1.327403e+22	0.003742167	3.547152e+25	3.140453e+25	2.873293e+25	2.6716e+24	4.585631e-66	3.137834e+17	4.066986e+24	0	0	0	0	0	0	0	0	0	0	0	0	0	0	4.569566e+25	0	4.569566e+25	2.065694e+25	0	2.065694e+25	1.105877e+25	0	1.105877e+25	4.131389e+25	0	4.131389e+25	1.23107e+25	0	1.23107e+25	3.943598e+25	0	3.943598e+25	6.127115e+23	4.738803e-10	0.0002731181	1.620933e+13	1322824	7775.025	5.235933e-08	5.860377e-15	1.013809e-22	0.09499282	0.5	0.000492995	1	7.128612	0.886479	10569.8	1.117189e+26	1.827432e+28	5.151575e+27	6.741065e+25	3.118866e+27	1.203261e+27	5.325573e+26	2.294797e+26	0.2188657	0	0.0312334	0.03560219	0.03560219	0.001424136	0.02670164	0	0	-0.01	0	6.623426e-35	0	6.623426e-35	0	-577.4965	0	-577.4965	0	30301.34	77194.93	70.65586	8490.118	0.8412627	1	0.9452972	0.452348	1	2	0.000135511	0	
1708	909.0505	3.45e+19	0	0	100000	1.99025	1e-05	4.963926e+25	4.390232e+25	4.017883e+25	3.723497e+24	5.549897e+24	1.870428e+23	3.606271e+24	3.189485e+24	2.918975e+24	2.705105e+23	4.031976e+23	1.358858e+22	0.003768042	3.606271e+25	3.189485e+25	2.918975e+25	2.705105e+24	1.429872e-67	3.137834e+17	4.167862e+24	0	0	0	0	0	0	0	0	0	0	0	0	0	0	4.645726e+25	0	4.645726e+25	2.100123e+25	0	2.100123e+25	1.124308e+25	0	1.124308e+25	4.200245e+25	0	4.200245e+25	1.251588e+25	0	1.251588e+25	4.009325e+25	0	4.009325e+25	6.105481e+23	4.764523e-10	0.0002766093	1.615142e+13	1360543	7995.229	5.285234e-08	5.97126e-15	1.042718e-22	0.09644432	0.5	0.0005052411	1	7.247422	0.9012537	10569.8	1.117189e+26	1.827432e+28	5.151575e+27	6.741065e+25	3.118866e+27	1.203261e+27	5.325573e+26	2.294797e+26	0.2188657	0	0.03116807	0.03560219	0.03560219	0.001424136	0.02670164	0	0	-0.00975	0	7.329328e-35	0	7.329328e-35	0	-576.7311	0	-576.7311	0	30297.53	77194.93	73.14877	8489.051	0.8336464	1	0.9708887	0.4523479	1	2	0.0002246084	0	
1736	909.0505	3.45e+19	0	0	100000	1.9905	1e-05	5.045302e+25	4.457613e+25	4.080678e+25	3.769344e+24	5.685495e+24	1.913978e+23	3.66539e+24	3.238437e+24	2.964595e+24	2.738413e+23	4.130488e+23	1.390497e+22	0.003793584	3.66539e+25	3.238437e+25	2.964595e+25	2.738413e+24	4.449383e-69	3.137834e+17	4.269537e+24	0	0	0	0	0	0	0	0	0	0	0	0	0	0	4.721885e+25	0	4.721885e+25	2.134551e+25	0	2.134551e+25	1.142739e+25	0	1.142739e+25	4.269102e+25	0	4.269102e+25	1.272106e+25	0	1.272106e+25	4.075052e+25	0	4.075052e+25	6.084226e+23	4.78993e-10	0.0002800796	1.609366e+13	1398785	8218.513	5.334297e-08	6.082637e-15	1.072027e-22	0.09789191	0.5	0.0005175851	1	7.366232	0.9160283	10569.8	1.117189e+26	1.827432e+28	5.151575e+27	6.741065e+25	3.118866e+27	1.203261e+27	5.325573e+26	2.294797e+26	0.2188657	0	0.03110271	0.03560219	0.03560219	0.001424136	0.02670164	0	0	-0.0095	0	8.131826e-35	0	8.131826e-35	0	-575.9458	0	-575.9458	0	30293.73	77194.93	75.57556	8487.985	0.8266256	1	0.9943889	0.4523478	1	2	0.0003093404	0	
1764	909.0505	3.45e+19	0	0	100000	1.99075	1e-05	5.126678e+25	4.524884e+25	4.143392e+25	3.814925e+24	5.82216e+24	1.957777e+23	3.72451e+24	3.287309e+24	3.010156e+24	2.771527e+23	4.229775e+23	1.422317e+22	0.003818802	3.72451e+25	3.287309e+25	3.010156e+25	2.771527e+24	1.381676e-70	3.137834e+17	4.372006e+24	0	0	0	0	0	0	0	0	0	0	0	0	0	0	4.798045e+25	0	4.798045e+25	2.168979e+25	0	2.168979e+25	1.161171e+25	0	1.161171e+25	4.337958e+25	0	4.337958e+25	1.292624e+25	0	1.292624e+25	4.140778e+25	0	4.140778e+25	6.063339e+23	4.815032e-10	0.0002835294	1.603606e+13	1437553	8444.895	5.383129e-08	6.194512e-15	1.101738e-22	0.09933557	0.5	0.0005300262	1	7.485042	0.930803	10569.8	1.117189e+26	1.827432e+28	5.151575e+27	6.741065e+25	3.118866e+27	1.203261e+27	5.325573e+26	2.294797e+26	0.2188657	0	0.03103735	0.03560219	0.03560219	0.001424136	0.02670164	0	0	-0.00925	0	9.047225e-35	0	9.047225e-35	0	-575.1396	0	-575.1396	0	30289.93	77194.93	77.93993	8486.92	0.8201553	1	1.015967	0.4523477	1	2	0.0003899514	0	
1792	909.0505	3.45e+19	0	0	100000	1.991	1e-05	5.208054e+25	4.592047e+25	4.206023e+25	3.860242e+24	5.959883e+24	2.001821e+23	3.783629e+24	3.336103e+24	3.055658e+24	2.80445e+23	4.32983e+23	1.454314e+22	0.003843702	3.783629e+25	3.336103e+25	3.055658e+25	2.80445e+24	4.281699e-72	3.137834e+17	4.475261e+24	0	0	0	0	0	0	0	0	0	0	0	0	0	0	4.874204e+25	0	4.874204e+25	2.203407e+25	0	2.203407e+25	1.179602e+25	0	1.179602e+25	4.406815e+25	0	4.406815e+25	1.313142e+25	0	1.313142e+25	4.206505e+25	0	4.206505e+25	6.042808e+23	4.839838e-10	0.000286959	1.597862e+13	1476848	8674.391	5.431737e-08	6.306886e-15	1.131853e-22	0.1007753	0.5	0.0005425636	1	7.603852	0.9455776	10569.8	1.117189e+26	1.827432e+28	5.151575e+27	6.741065e+25	3.118866e+27	1.203261e+27	5.325573e+26	2.294797e+26	0.2188657	0	0.03097199	0.03560219	0.03560219	0.001424136	0.02670164	0	0	-0.009	0	1.009513e-34	0	1.009513e-34	0	-574.3113	0	-574.3113	0	30286.12	77194.93	80.24532	8485.854	0.8141936	1	1.035777	0.4523475	1	2	0.0004666681	0	
1820	909.0505	3.45e+19	0	0	100000	1.99125	1e-05	5.28943e+25	4.659103e+25	4.268573e+25	3.905302e+24	6.098654e+24	2.046106e+23	3.842748e+24	3.384818e+24	3.1011e+24	2.837185e+23	4.430646e+23	1.486487e+22	0.003868292	3.842748e+25	3.384818e+25	3.1011e+25	2.837185e+24	1.324126e-73	3.137834e+17	4.579295e+24	0	0	0	0	0	0	0	0	0	0	0	0	0	0	4.950364e+25	0	4.950364e+25	2.237836e+25	0	2.237836e+25	1.198033e+25	0	1.198033e+25	4.475671e+25	0	4.475671e+25	1.33366e+25	0	1.33366e+25	4.272232e+25	0	4.272232e+25	6.022622e+23	4.864355e-10	0.0002903689	1.592133e+13	1516673	8907.019	5.480129e-08	6.419762e-15	1.162375e-22	0.1022112	0.5	0.0005551966	1	7.722663	0.9603523	10569.8	1.117189e+26	1.827432e+28	5.151575e+27	6.741065e+25	3.118866e+27	1.203261e+27	5.325573e+26	2.294797e+26	0.2188657	0	0.03090666	0.03560219	0.03560219	0.001424136	0.02670164	0	0	-0.00875	0	1.129925e-34	0	1.129925e-34	0	-573.4597	0	-573.4597	0	30282.32	77194.93	82.49494	8484.789	0.8087027	1	1.053959	0.4523474	1	2	0.0005397031	0	
1848	909.0505	3.45e+19	0	0	100000	1.9915	1e-05	5.370805e+25	4.726053e+25	4.331042e+25	3.950107e+24	6.238466e+24	2.090628e+23	3.901867e+24	3.433457e+24	3.146483e+24	2.869736e+23	4.532219e+23	1.518832e+22	0.003892578	3.901867e+25	3.433457e+25	3.146483e+25	2.869736e+24	4.086452e-75	3.137834e+17	4.684102e+24	0	0	0	0	0	0	0	0	0	0	0	0	0	0	5.026523e+25	0	5.026523e+25	2.272264e+25	0	2.272264e+25	1.216464e+25	0	1.216464e+25	4.544528e+25	0	4.544528e+25	1.354177e+25	0	1.354177e+25	4.337958e+25	0	4.337958e+25	6.00277e+23	4.888591e-10	0.0002937592	1.58642e+13	1557030	9142.796	5.52831e-08	6.533143e-15	1.193304e-22	0.1036431	0.5	0.0005679242	1	7.841473	0.9751269	10569.8	1.117189e+26	1.827432e+28	5.151575e+27	6.741065e+25	3.118866e+27	1.203261e+27	5.325573e+26	2.294797e+26	0.2188657	0	0.03084139	0.03560219	0.03560219	0.001424136	0.02670164	0	0	-0.0085	0	1.268837e-34	0	1.268837e-34	0	-572.5833	0	-572.5833	0	30278.52	77194.93	84.69177	8483.724	0.8036475	1	1.070641	0.4523473	1	2	0.0006092524	0	
1876	909.0505	3.45e+19	0	0	100000	1.99175	1e-05	5.452181e+25	4.792897e+25	4.39343e+25	3.994661e+24	6.379309e+24	2.135383e+23	3.960986e+24	3.482019e+24	3.191808e+24	2.902104e+23	4.634541e+23	1.551347e+22	0.003916566	3.960986e+25	3.482019e+25	3.191808e+25	2.902104e+24	1.258542e-76	3.137834e+17	4.789675e+24	0	0	0	0	0	0	0	0	0	0	0	0	0	0	5.102682e+25	0	5.102682e+25	2.306692e+25	0	2.306692e+25	1.234896e+25	0	1.234896e+25	4.613384e+25	0	4.613384e+25	1.374695e+25	0	1.374695e+25	4.403685e+25	0	4.403685e+25	5.983242e+23	4.912553e-10	0.0002971302	1.580722e+13	1597922	9381.741	5.576287e-08	6.64703e-15	1.224642e-22	0.1050711	0.5	0.0005807458	1	7.960283	0.9899016	10569.8	1.117189e+26	1.827432e+28	5.151575e+27	6.741065e+25	3.118866e+27	1.203261e+27	5.325573e+26	2.294797e+26	0.2188657	0	0.03077618	0.03560219	0.03560219	0.001424136	0.02670164	0	0	-0.00825	0	1.429767e-34	0	1.429767e-34	0	-571.6808	0	-571.6808	0	30274.72	77194.93	86.83862	8482.659	0.7989958	1	1.08594	0.4523472	1	2	0.0006755027	0	
1904	909.0505	3.45e+19	0	0	100000	1.992	1e-05	5.533557e+25	4.859636e+25	4.455739e+25	4.038969e+24	6.521176e+24	2.180368e+23	4.020106e+24	3.530505e+24	3.237075e+24	2.934294e+23	4.737607e+23	1.584028e+22	0.003940264	4.020106e+25	3.530505e+25	3.237075e+25	2.934294e+24	3.868071e-78	3.137834e+17	4.896009e+24	0	0	0	0	0	0	0	0	0	0	0	0	0	0	5.178842e+25	0	5.178842e+25	2.34112e+25	0	2.34112e+25	1.253327e+25	0	1.253327e+25	4.682241e+25	0	4.682241e+25	1.395213e+25	0	1.395213e+25	4.469412e+25	0	4.469412e+25	5.964028e+23	4.936247e-10	0.0003004824	1.57504e+13	1639351	9623.873	5.624067e-08	6.761427e-15	1.256392e-22	0.1064952	0.5	0.0005936607	1	8.079093	1.004676	10569.8	1.117189e+26	1.827432e+28	5.151575e+27	6.741065e+25	3.118866e+27	1.203261e+27	5.325573e+26	2.294797e+26	0.2188657	0	0.03071105	0.03560219	0.03560219	0.001424136	0.02670164	0	0	-0.008	0	1.61704e-34	0	1.61704e-34	0	-570.7506	0	-570.7506	0	30270.92	77194.93	88.93814	8481.595	0.7947181	1	1.099962	0.4523471	1	2	0.0007386274	0	
1932	909.0505	3.45e+19	0	0	100000	1.99225	1e-05	5.614933e+25	4.926271e+25	4.517968e+25	4.083034e+24	6.664059e+24	2.225579e+23	4.079225e+24	3.578915e+24	3.282284e+24	2.966307e+23	4.84141e+23	1.616873e+22	0.003963678	4.079225e+25	3.578915e+25	3.282284e+25	2.966307e+24	1.186391e-79	3.137834e+17	5.003097e+24	0	0	0	0	0	0	0	0	0	0	0	0	0	0	5.255001e+25	0	5.255001e+25	2.375549e+25	0	2.375549e+25	1.271758e+25	0	1.271758e+25	4.751097e+25	0	4.751097e+25	1.415731e+25	0	1.415731e+25	4.535138e+25	0	4.535138e+25	5.94512e+23	4.959681e-10	0.000303816	1.569374e+13	1681320	9869.209	5.671655e-08	6.876335e-15	1.288556e-22	0.1079154	0.5	0.0006066679	1	8.197903	1.019451	10569.8	1.117189e+26	1.827432e+28	5.151575e+27	6.741065e+25	3.118866e+27	1.203261e+27	5.325573e+26	2.294797e+26	0.2188657	0	0.03064602	0.03560219	0.03560219	0.001424136	0.02670164	0	0	-0.00775	0	1.836003e-34	0	1.836003e-34	0	-569.7908	0	-569.7908	0	30267.12	77194.93	90.99283	8480.53	0.7907865	1	1.112807	0.452347	1	2	0.0007987933	0	
1960	909.0505	3.45e+19	0	0	100000	1.9925	1e-05	5.696309e+25	4.992804e+25	4.580118e+25	4.12686e+24	6.807949e+24	2.271012e+23	4.138344e+24	3.627251e+24	3.327436e+24	2.998146e+23	4.945946e+23	1.64988e+22	0.003986813	4.138344e+25	3.627251e+25	3.327436e+25	2.998146e+24	3.631365e-81	3.137834e+17	5.110934e+24	0	0	0	0	0	0	0	0	0	0	0	0	0	0	5.331161e+25	0	5.331161e+25	2.409977e+25	0	2.409977e+25	1.29019e+25	0	1.29019e+25	4.819954e+25	0	4.819954e+25	1.436249e+25	0	1.436249e+25	4.600865e+25	0	4.600865e+25	5.926508e+23	4.982861e-10	0.0003071312	1.563723e+13	1723832	10117.77	5.719058e-08	6.991758e-15	1.321135e-22	0.1093317	0.5	0.000619767	1	8.316714	1.034226	10569.8	1.117189e+26	1.827432e+28	5.151575e+27	6.741065e+25	3.118866e+27	1.203261e+27	5.325573e+26	2.294797e+26	0.2188657	0	0.03058112	0.03560219	0.03560219	0.001424136	0.02670164	0	0	-0.0075	0	2.093315e-34	0	2.093315e-34	0	-568.7995	0	-568.7995	0	30263.33	77194.93	93.00511	8479.467	0.7871757	1	1.124566	0.4523468	1	2	0.0008561586	0	
1988	909.0505	3.45e+19	0	0	100000	1.99275	1e-05	5.777685e+25	5.059234e+25	4.642189e+25	4.17045e+24	6.952839e+24	2.316664e+23	4.197463e+24	3.675512e+24	3.372531e+24	3.029814e+23	5.051208e+23	1.683047e+22	0.004009676	4.197463e+25	3.675512e+25	3.372531e+25	3.029814e+24	1.109232e-82	3.137834e+17	5.219512e+24	0	0	0	0	0	0	0	0	0	0	0	0	0	0	5.40732e+25	0	5.40732e+25	2.444405e+25	0	2.444405e+25	1.308621e+25	0	1.308621e+25	4.88881e+25	0	4.88881e+25	1.456767e+25	0	1.456767e+25	4.666591e+25	0	4.666591e+25	5.908183e+23	5.005793e-10	0.0003104283	1.558088e+13	1766889	10369.58	5.76628e-08	7.107696e-15	1.354132e-22	0.1107442	0.5	0.0006329571	1	8.435524	1.049	10569.8	1.117189e+26	1.827432e+28	5.151575e+27	6.741065e+25	3.118866e+27	1.203261e+27	5.325573e+26	2.294797e+26	0.2188657	0	0.03051634	0.03560219	0.03560219	0.001424136	0.02670164	0	0	-0.00725	0	2.397325e-34	0	2.397325e-34	0	-567.7746	0	-567.7746	0	30259.53	77194.93	94.97729	8478.403	0.7838617	1	1.135323	0.4523467	1	2	0.0009108764	0	
2016	909.0505	3.45e+19	0	0	100000	1.993	1e-05	5.85906e+25	5.125563e+25	4.704182e+25	4.213808e+24	7.098722e+24	2.362533e+23	4.256582e+24	3.7237e+24	3.417568e+24	3.061314e+23	5.157191e+23	1.71637e+22	0.004032272	4.256582e+25	3.7237e+25	3.417568e+25	3.061314e+24	3.381335e-84	3.137834e+17	5.328828e+24	0	0	0	0	0	0	0	0	0	0	0	0	0	0	5.48348e+25	0	5.48348e+25	2.478833e+25	0	2.478833e+25	1.327052e+25	0	1.327052e+25	4.957667e+25	0	4.957667e+25	1.477284e+25	0	1.477284e+25	4.732318e+25	0	4.732318e+25	5.890138e+23	5.028483e-10	0.0003137076	1.552468e+13	1810495	10624.64	5.813327e-08	7.224154e-15	1.387549e-22	0.1121527	0.5	0.0006462376	1	8.554334	1.063775	10569.8	1.117189e+26	1.827432e+28	5.151575e+27	6.741065e+25	3.118866e+27	1.203261e+27	5.325573e+26	2.294797e+26	0.2188657	0	0.03045172	0.03560219	0.03560219	0.001424136	0.02670164	0	0	-0.007	0	2.758583e-34	0	2.758583e-34	0	-566.7138	0	-566.7138	0	30255.73	77194.93	96.91159	8477.339	0.7808222	1	1.145157	0.4523466	1	2	0.0009630934	0	
2044	909.0505	3.45e+19	0	0	100000	1.99325	1e-05	5.940436e+25	5.191791e+25	4.766098e+25	4.256938e+24	7.245589e+24	2.408614e+23	4.315702e+24	3.771814e+24	3.462549e+24	3.092647e+23	5.263889e+23	1.749848e+22	0.004054608	4.315702e+25	3.771814e+25	3.462549e+25	3.092647e+24	1.028655e-85	3.137834e+17	5.438874e+24	0	0	0	0	0	0	0	0	0	0	0	0	0	0	5.559639e+25	0	5.559639e+25	2.513262e+25	0	2.513262e+25	1.345483e+25	0	1.345483e+25	5.026523e+25	0	5.026523e+25	1.497802e+25	0	1.497802e+25	4.798045e+25	0	4.798045e+25	5.872365e+23	5.050936e-10	0.0003169694	1.546864e+13	1854651	10883	5.860205e-08	7.341133e-15	1.421387e-22	0.1135574	0.5	0.0006596078	1	8.673144	1.078549	10569.8	1.117189e+26	1.827432e+28	5.151575e+27	6.741065e+25	3.118866e+27	1.203261e+27	5.325573e+26	2.294797e+26	0.2188657	0	0.03038727	0.03560219	0.03560219	0.001424136	0.02670164	0	0	-0.00675	0	3.190526e-34	0	3.190526e-34	0	-565.6144	0	-565.6144	0	30251.94	77194.93	98.81015	8476.276	0.7780365	1	1.154141	0.4523465	1	2	0.001012951	0	
2072	909.0505	3.45e+19	0	0	100000	1.9935	1e-05	6.021812e+25	5.25792e+25	4.827936e+25	4.299841e+24	7.393434e+24	2.454905e+23	4.374821e+24	3.819856e+24	3.507475e+24	3.123816e+23	5.371298e+23	1.783478e+22	0.004076688	4.374821e+25	3.819856e+25	3.507475e+25	3.123816e+24	3.122992e-87	3.137834e+17	5.549646e+24	0	0	0	0	0	0	0	0	0	0	0	0	0	0	5.635799e+25	0	5.635799e+25	2.54769e+25	0	2.54769e+25	1.363915e+25	0	1.363915e+25	5.09538e+25	0	5.09538e+25	1.51832e+25	0	1.51832e+25	4.863771e+25	0	4.863771e+25	5.854856e+23	5.073159e-10	0.0003202139	1.541276e+13	1899360	11144.65	5.906918e-08	7.458635e-15	1.455649e-22	0.1149581	0.5	0.000673067	1	8.791954	1.093324	10569.8	1.117189e+26	1.827432e+28	5.151575e+27	6.741065e+25	3.118866e+27	1.203261e+27	5.325573e+26	2.294797e+26	0.2188657	0	0.03032299	0.03560219	0.03560219	0.001424136	0.02670164	0	0	-0.0065	0	3.710419e-34	0	3.710419e-34	0	-564.4734	0	-564.4734	0	30248.15	77194.93	100.6751	8475.214	0.7754848	1	1.162342	0.4523464	1	2	0.001060587	0	
2100	909.0505	3.45e+19	0	0	100000	1.99375	1e-05	6.103188e+25	5.323949e+25	4.889697e+25	4.342523e+24	7.54225e+24	2.501403e+23	4.43394e+24	3.867826e+24	3.552344e+24	3.154824e+23	5.479412e+23	1.817259e+22	0.004098519	4.43394e+25	3.867826e+25	3.552344e+25	3.154824e+24	9.462255e-89	3.137834e+17	5.661138e+24	0	0	0	0	0	0	0	0	0	0	0	0	0	0	5.711958e+25	0	5.711958e+25	2.582118e+25	0	2.582118e+25	1.382346e+25	0	1.382346e+25	5.164236e+25	0	5.164236e+25	1.538838e+25	0	1.538838e+25	4.929498e+25	0	4.929498e+25	5.837604e+23	5.095155e-10	0.0003234414	1.535702e+13	1944626	11409.64	5.953472e-08	7.576664e-15	1.490338e-22	0.116355	0.5	0.0006866147	1	8.910765	1.108099	10569.8	1.117189e+26	1.827432e+28	5.151575e+27	6.741065e+25	3.118866e+27	1.203261e+27	5.325573e+26	2.294797e+26	0.2188657	0	0.03025891	0.03560219	0.03560219	0.001424136	0.02670164	0	0	-0.00625	0	4.340655e-34	0	4.340655e-34	0	-563.2878	0	-563.2878	0	30244.35	77194.93	102.5084	8474.151	0.7731488	1	1.169824	0.4523463	1	2	0.001106136	0	
2128	909.0505	3.45e+19	0	0	100000	1.994	1e-05	6.184564e+25	5.38988e+25	4.951381e+25	4.384985e+24	7.692029e+24	2.548105e+23	4.493059e+24	3.915725e+24	3.597157e+24	3.185673e+23	5.588226e+23	1.851188e+22	0.004120105	4.493059e+25	3.915725e+25	3.597157e+25	3.185673e+24	2.861181e-90	3.137834e+17	5.773345e+24	0	0	0	0	0	0	0	0	0	0	0	0	0	0	5.788117e+25	0	5.788117e+25	2.616546e+25	0	2.616546e+25	1.400777e+25	0	1.400777e+25	5.233092e+25	0	5.233092e+25	1.559356e+25	0	1.559356e+25	4.995225e+25	0	4.995225e+25	5.820603e+23	5.116931e-10	0.000326652	1.530145e+13	1990452	11677.97	5.99987e-08	7.695221e-15	1.525455e-22	0.117748	0.5	0.0007002501	1	9.029575	1.122873	10569.8	1.117189e+26	1.827432e+28	5.151575e+27	6.741065e+25	3.118866e+27	1.203261e+27	5.325573e+26	2.294797e+26	0.2188657	0	0.03019505	0.03560219	0.03560219	0.001424136	0.02670164	0	0	-0.006	0	5.110568e-34	0	5.110568e-34	0	-562.0537	0	-562.0537	0	30240.56	77194.93	104.3121	8473.089	0.7710112	1	1.176647	0.4523462	1	2	0.00114973	0	
2156	909.0505	3.45e+19	0	0	100000	1.99425	1e-05	6.26594e+25	5.455713e+25	5.01299e+25	4.427231e+24	7.842765e+24	2.595009e+23	4.552178e+24	3.963552e+24	3.641916e+24	3.216364e+23	5.697736e+23	1.885263e+22	0.004141452	4.552178e+25	3.963552e+25	3.641916e+25	3.216364e+24	8.634304e-92	3.137834e+17	5.886262e+24	0	0	0	0	0	0	0	0	0	0	0	0	0	0	5.864277e+25	0	5.864277e+25	2.650974e+25	0	2.650974e+25	1.419209e+25	0	1.419209e+25	5.301949e+25	0	5.301949e+25	1.579874e+25	0	1.579874e+25	5.060951e+25	0	5.060951e+25	5.803845e+23	5.138491e-10	0.0003298461	1.524602e+13	2036840	11949.66	6.046118e-08	7.814309e-15	1.561003e-22	0.1191372	0.5	0.0007139726	1	9.148385	1.137648	10569.8	1.117189e+26	1.827432e+28	5.151575e+27	6.741065e+25	3.118866e+27	1.203261e+27	5.325573e+26	2.294797e+26	0.2188657	0	0.0301314	0.03560219	0.03560219	0.001424136	0.02670164	0	0	-0.00575	0	6.059008e-34	0	6.059008e-34	0	-560.7671	0	-560.7671	0	30236.77	77194.93	106.0881	8472.027	0.7690558	1	1.182866	0.4523461	1	2	0.001191496	0	
2184	909.0505	3.45e+19	0	0	100000	1.9945	1e-05	6.347316e+25	5.521449e+25	5.074523e+25	4.469263e+24	7.994452e+24	2.642111e+23	4.611298e+24	4.011309e+24	3.686619e+24	3.246901e+23	5.807935e+23	1.919483e+22	0.004162565	4.611298e+25	4.011309e+25	3.686619e+25	3.246901e+24	2.600431e-93	3.137834e+17	5.999883e+24	0	0	0	0	0	0	0	0	0	0	0	0	0	0	5.940436e+25	0	5.940436e+25	2.685403e+25	0	2.685403e+25	1.43764e+25	0	1.43764e+25	5.370805e+25	0	5.370805e+25	1.600392e+25	0	1.600392e+25	5.126678e+25	0	5.126678e+25	5.787324e+23	5.159841e-10	0.0003330238	1.519076e+13	2083793	12224.75	6.092219e-08	7.933931e-15	1.596983e-22	0.1205224	0.5	0.0007277816	1	9.267195	1.152423	10569.8	1.117189e+26	1.827432e+28	5.151575e+27	6.741065e+25	3.118866e+27	1.203261e+27	5.325573e+26	2.294797e+26	0.2188657	0	0.03006799	0.03560219	0.03560219	0.001424136	0.02670164	0	0	-0.0055	0	7.238034e-34	0	7.238034e-34	0	-559.4232	0	-559.4232	0	30232.98	77194.93	107.8383	8470.965	0.7672671	1	1.188533	0.452346	1	2	0.001231561	0	
2212	909.0505	3.45e+19	0	0	100000	1.99475	1e-05	6.428691e+25	5.587089e+25	5.135981e+25	4.511086e+24	8.147081e+24	2.689411e+23	4.670417e+24	4.058996e+24	3.731268e+24	3.277284e+23	5.91882e+23	1.953845e+22	0.004183449	4.670417e+25	4.058996e+25	3.731268e+25	3.277284e+24	7.816364e-95	3.137834e+17	6.114204e+24	0	0	0	0	0	0	0	0	0	0	0	0	0	0	6.016596e+25	0	6.016596e+25	2.719831e+25	0	2.719831e+25	1.456071e+25	0	1.456071e+25	5.439662e+25	0	5.439662e+25	1.620909e+25	0	1.620909e+25	5.192405e+25	0	5.192405e+25	5.771035e+23	5.180983e-10	0.0003361854	1.513564e+13	2131315	12503.24	6.138178e-08	8.054089e-15	1.633399e-22	0.1219038	0.5	0.0007416766	1	9.386005	1.167197	10569.8	1.117189e+26	1.827432e+28	5.151575e+27	6.741065e+25	3.118866e+27	1.203261e+27	5.325573e+26	2.294797e+26	0.2188657	0	0.03000484	0.03560219	0.03560219	0.001424136	0.02670164	0	0	-0.00525	0	8.718314e-34	0	8.718314e-34	0	-558.0169	0	-558.0169	0	30229.19	77194.93	109.5646	8469.903	0.7656307	1	1.193698	0.4523459	1	2	0.001270048	0	
2240	909.0505	3.45e+19	0	0	100000	1.995	1e-05	6.510067e+25	5.652633e+25	5.197363e+25	4.5527e+24	8.300648e+24	2.736904e+23	4.729536e+24	4.106614e+24	3.775862e+24	3.307517e+23	6.030385e+23	1.988349e+22	0.00420411	4.729536e+25	4.106614e+25	3.775862e+25	3.307517e+24	2.344828e-96	3.137834e+17	6.22922e+24	0	0	0	0	0	0	0	0	0	0	0	0	0	0	6.092755e+25	0	6.092755e+25	2.754259e+25	0	2.754259e+25	1.474502e+25	0	1.474502e+25	5.508518e+25	0	5.508518e+25	1.641427e+25	0	1.641427e+25	5.258131e+25	0	5.258131e+25	5.75497e+23	5.201924e-10	0.0003393311	1.508069e+13	2179409	12785.17	6.184e-08	8.174786e-15	1.670253e-22	0.1232814	0.5	0.0007556569	1	9.504816	1.181972	10569.8	1.117189e+26	1.827432e+28	5.151575e+27	6.741065e+25	3.118866e+27	1.203261e+27	5.325573e+26	2.294797e+26	0.2188657	0	0.02994194	0.03560219	0.03560219	0.001424136	0.02670164	0	0	-0.005	0	1.059712e-33	0	1.059712e-33	0	-556.5419	0	-556.5419	0	30225.41	77194.93	111.2689	8468.842	0.7641328	1	1.198406	0.4523459	1	2	0.001307078	0	
2268	909.0505	3.45e+19	0	0	100000	1.99525	1e-05	6.591443e+25	5.718083e+25	5.258672e+25	4.59411e+24	8.455145e+24	2.784589e+23	4.788655e+24	4.154163e+24	3.820402e+24	3.337601e+23	6.142626e+23	2.022992e+22	0.004224551	4.788655e+25	4.154163e+25	3.820402e+25	3.337601e+24	7.020537e-98	3.137834e+17	6.344925e+24	0	0	0	0	0	0	0	0	0	0	0	0	0	0	6.168915e+25	0	6.168915e+25	2.788687e+25	0	2.788687e+25	1.492934e+25	0	1.492934e+25	5.577375e+25	0	5.577375e+25	1.661945e+25	0	1.661945e+25	5.323858e+25	0	5.323858e+25	5.739126e+23	5.222667e-10	0.0003424611	1.502588e+13	2228077	13070.55	6.229687e-08	8.296023e-15	1.707547e-22	0.1246551	0.5	0.000769722	1	9.623626	1.196747	10569.8	1.117189e+26	1.827432e+28	5.151575e+27	6.741065e+25	3.118866e+27	1.203261e+27	5.325573e+26	2.294797e+26	0.2188657	0	0.02987932	0.03560219	0.03560219	0.001424136	0.02670164	0	0	-0.00475	0	1.301041e-33	0	1.301041e-33	0	-554.9913	0	-554.9913	0	30221.62	77194.93	112.9529	8467.781	0.7627608	1	1.202701	0.4523458	1	2	0.00134277	0	
2296	909.0505	3.45e+19	0	0	100000	1.9955	1e-05	6.672819e+25	5.783438e+25	5.319906e+25	4.635318e+24	8.610566e+24	2.832463e+23	4.847774e+24	4.201643e+24	3.864889e+24	3.367539e+23	6.255539e+23	2.057772e+22	0.004244777	4.847774e+25	4.201643e+25	3.864889e+25	3.367539e+24	2.09792e-99	3.137834e+17	6.461316e+24	0	0	0	0	0	0	0	0	0	0	0	0	0	0	6.245074e+25	0	6.245074e+25	2.823116e+25	0	2.823116e+25	1.511365e+25	0	1.511365e+25	5.646231e+25	0	5.646231e+25	1.682463e+25	0	1.682463e+25	5.389584e+25	0	5.389584e+25	5.723495e+23	5.243216e-10	0.0003455756	1.497123e+13	2277323	13359.42	6.275245e-08	8.417804e-15	1.745283e-22	0.1260249	0.5	0.0007838712	1	9.742436	1.211521	10569.8	1.117189e+26	1.827432e+28	5.151575e+27	6.741065e+25	3.118866e+27	1.203261e+27	5.325573e+26	2.294797e+26	0.2188657	0	0.02981699	0.03560219	0.03560219	0.001424136	0.02670164	0	0	-0.0045	0	1.61515e-33	0	1.61515e-33	0	-553.3568	0	-553.3568	0	30217.83	77194.93	114.6184	8466.72	0.7615022	1	1.206623	0.4523457	1	2	0.001377239	0	
2324	909.0505	3.45e+19	0	0	100000	1.99575	1e-05	6.754195e+25	5.848699e+25	5.381066e+25	4.676326e+24	8.766905e+24	2.880525e+23	4.906894e+24	4.249055e+24	3.909322e+24	3.397331e+23	6.369119e+23	2.092689e+22	0.004264795	4.906894e+25	4.249055e+25	3.909322e+25	3.397331e+24	6.257112e-101	3.137834e+17	6.578388e+24	0	0	0	0	0	0	0	0	0	0	0	0	0	0	6.321234e+25	0	6.321234e+25	2.857544e+25	0	2.857544e+25	1.529796e+25	0	1.529796e+25	5.715088e+25	0	5.715088e+25	1.702981e+25	0	1.702981e+25	5.455311e+25	0	5.455311e+25	5.708073e+23	5.263575e-10	0.0003486749	1.491673e+13	2327150	13651.78	6.320676e-08	8.540131e-15	1.783465e-22	0.1273909	0.5	0.0007981041	1	9.861246	1.226296	10569.8	1.117189e+26	1.827432e+28	5.151575e+27	6.741065e+25	3.118866e+27	1.203261e+27	5.325573e+26	2.294797e+26	0.2188657	0	0.02975496	0.03560219	0.03560219	0.001424136	0.02670164	0	0	-0.00425	0	2.030039e-33	0	2.030039e-33	0	-551.6289	0	-551.6289	0	30214.05	77194.93	116.2671	8465.66	0.7603457	1	1.210211	0.4523456	1	2	0.0014106	0	
2352	909.0505	3.45e+19	0	0	100000	1.996	1e-05	6.835571e+25	5.913867e+25	5.442153e+25	4.717138e+24	8.924157e+24	2.928773e+23	4.966013e+24	4.296399e+24	3.953701e+24	3.42698e+23	6.483362e+23	2.127741e+22	0.004284607	4.966013e+25	4.296399e+25	3.953701e+25	3.42698e+24	1.862655e-102	3.137834e+17	6.696136e+24	0	0	0	0	0	0	0	0	0	0	0	0	0	0	6.397393e+25	0	6.397393e+25	2.891972e+25	0	2.891972e+25	1.548228e+25	0	1.548228e+25	5.783944e+25	0	5.783944e+25	1.723499e+25	0	1.723499e+25	5.521038e+25	0	5.521038e+25	5.692855e+23	5.283749e-10	0.0003517591	1.486239e+13	2377561	13947.66	6.365985e-08	8.663006e-15	1.822094e-22	0.128753	0.5	0.00081242	1	9.980056	1.241071	10569.8	1.117189e+26	1.827432e+28	5.151575e+27	6.741065e+25	3.118866e+27	1.203261e+27	5.325573e+26	2.294797e+26	0.2188657	0	0.02969324	0.03560219	0.03560219	0.001424136	0.02670164	0	0	-0.004	0	2.58712e-33	0	2.58712e-33	0	-549.7962	0	-549.7962	0	30210.27	77194.93	117.9007	8464.6	0.7592805	1	1.213499	0.4523455	1	2	0.001442965	0	
2380	909.0505	3.45e+19	0	0	100000	1.99625	1e-05	6.916946e+25	5.978943e+25	5.503167e+25	4.757755e+24	9.082315e+24	2.977205e+23	5.025132e+24	4.343676e+24	3.998028e+24	3.456488e+23	6.598263e+23	2.162927e+22	0.004304219	5.025132e+25	4.343676e+25	3.998028e+25	3.456488e+24	5.534422e-104	3.137834e+17	6.814555e+24	0	0	0	0	0	0	0	0	0	0	0	0	0	0	6.473552e+25	0	6.473552e+25	2.9264e+25	0	2.9264e+25	1.566659e+25	0	1.566659e+25	5.852801e+25	0	5.852801e+25	1.744016e+25	0	1.744016e+25	5.586764e+25	0	5.586764e+25	5.677836e+23	5.303741e-10	0.0003548283	1.48082e+13	2428560	14247.1	6.411174e-08	8.786432e-15	1.861172e-22	0.1301113	0.5	0.0008268185	1	10.09887	1.255845	10569.8	1.117189e+26	1.827432e+28	5.151575e+27	6.741065e+25	3.118866e+27	1.203261e+27	5.325573e+26	2.294797e+26	0.2188657	0	0.02963183	0.03560219	0.03560219	0.001424136	0.02670164	0	0	-0.00375	0	3.349095e-33	0	3.349095e-33	0	-547.8452	0	-547.8452	0	30206.48	77194.93	119.5208	8463.54	0.7582966	1	1.216523	0.4523454	1	2	0.00147444	0	
2408	909.0505	3.45e+19	0	0	100000	1.9965	1e-05	6.998322e+25	6.043927e+25	5.564109e+25	4.79818e+24	9.241373e+24	3.025819e+23	5.084251e+24	4.390887e+24	4.042301e+24	3.485857e+23	6.713818e+23	2.198244e+22	0.004323635	5.084251e+25	4.390887e+25	4.042301e+25	3.485857e+24	1.641352e-105	3.137834e+17	6.933642e+24	0	0	0	0	0	0	0	0	0	0	0	0	0	0	6.549712e+25	0	6.549712e+25	2.960829e+25	0	2.960829e+25	1.58509e+25	0	1.58509e+25	5.921657e+25	0	5.921657e+25	1.764534e+25	0	1.764534e+25	5.652491e+25	0	5.652491e+25	5.663011e+23	5.323554e-10	0.0003578829	1.475417e+13	2480151	14550.1	6.456248e-08	8.910412e-15	1.900704e-22	0.1314657	0.5	0.000841299	1	10.21768	1.27062	10569.8	1.117189e+26	1.827432e+28	5.151575e+27	6.741065e+25	3.118866e+27	1.203261e+27	5.325573e+26	2.294797e+26	0.2188657	0	0.02957075	0.03560219	0.03560219	0.001424136	0.02670164	0	0	-0.0035	0	4.413421e-33	0	4.413421e-33	0	-545.7595	0	-545.7595	0	30202.7	77194.93	121.1291	8462.48	0.7573845	1	1.219313	0.4523453	1	2	0.001505132	0	
2436	909.0505	3.45e+19	0	0	100000	1.99675	1e-05	7.079698e+25	6.108819e+25	5.624978e+25	4.838415e+24	9.401326e+24	3.074613e+23	5.14337e+24	4.438031e+24	4.086522e+24	3.515088e+23	6.830023e+23	2.233693e+22	0.004342859	5.14337e+25	4.438031e+25	4.086522e+25	3.515088e+24	4.858802e-107	3.137834e+17	7.053392e+24	0	0	0	0	0	0	0	0	0	0	0	0	0	0	6.625871e+25	0	6.625871e+25	2.995257e+25	0	2.995257e+25	1.603521e+25	0	1.603521e+25	5.990514e+25	0	5.990514e+25	1.785052e+25	0	1.785052e+25	5.718218e+25	0	5.718218e+25	5.648375e+23	5.343192e-10	0.0003609229	1.470028e+13	2532335	14856.69	6.501209e-08	9.034948e-15	1.94069e-22	0.1328163	0.5	0.000855861	1	10.33649	1.285395	10569.8	1.117189e+26	1.827432e+28	5.151575e+27	6.741065e+25	3.118866e+27	1.203261e+27	5.325573e+26	2.294797e+26	0.2188657	0	0.02951002	0.03560219	0.03560219	0.001424136	0.02670164	0	0	-0.00325	0	5.936195e-33	0	5.936195e-33	0	-543.5192	0	-543.5192	0	30198.92	77194.93	122.727	8461.421	0.7565353	1	1.221897	0.4523452	1	2	0.001535143	0	
2464	909.0505	3.45e+19	0	0	100000	1.997	1e-05	7.161074e+25	6.173621e+25	5.685775e+25	4.878463e+24	9.562167e+24	3.123586e+23	5.20249e+24	4.48511e+24	4.130691e+24	3.544183e+23	6.946873e+23	2.269272e+22	0.004361897	5.20249e+25	4.48511e+25	4.130691e+25	3.544183e+24	1.435701e-108	3.137834e+17	7.1738e+24	0	0	0	0	0	0	0	0	0	0	0	0	0	0	6.702031e+25	0	6.702031e+25	3.029685e+25	0	3.029685e+25	1.621953e+25	0	1.621953e+25	6.05937e+25	0	6.05937e+25	1.80557e+25	0	1.80557e+25	5.783944e+25	0	5.783944e+25	5.633925e+23	5.362659e-10	0.0003639487	1.464656e+13	2585117	15166.91	6.546061e-08	9.160042e-15	1.981134e-22	0.1341631	0.5	0.0008705039	1	10.4553	1.300169	10569.8	1.117189e+26	1.827432e+28	5.151575e+27	6.741065e+25	3.118866e+27	1.203261e+27	5.325573e+26	2.294797e+26	0.2188657	0	0.02944963	0.03560219	0.03560219	0.001424136	0.02670164	0	0	-0.003	0	8.176159e-33	0	8.176159e-33	0	-541.0996	0	-541.0996	0	30195.14	77194.93	124.3161	8460.361	0.7557408	1	1.224303	0.4523452	1	2	0.001564569	0	
2492	909.0505	3.45e+19	0	0	100000	1.99725	1e-05	7.24245e+25	6.238333e+25	5.746501e+25	4.918327e+24	9.723892e+24	3.172737e+23	5.261609e+24	4.532122e+24	4.174808e+24	3.573143e+23	7.064366e+23	2.30498e+22	0.004380751	5.261609e+25	4.532122e+25	4.174808e+25	3.573143e+24	4.234632e-110	3.137834e+17	7.294864e+24	0	0	0	0	0	0	0	0	0	0	0	0	0	0	6.77819e+25	0	6.77819e+25	3.064113e+25	0	3.064113e+25	1.640384e+25	0	1.640384e+25	6.128227e+25	0	6.128227e+25	1.826088e+25	0	1.826088e+25	5.849671e+25	0	5.849671e+25	5.619655e+23	5.381957e-10	0.0003669602	1.459298e+13	2638501	15480.76	6.590806e-08	9.285698e-15	2.022039e-22	0.135506	0.5	0.0008852273	1	10.57411	1.314944	10569.8	1.117189e+26	1.827432e+28	5.151575e+27	6.741065e+25	3.118866e+27	1.203261e+27	5.325573e+26	2.294797e+26	0.2188657	0	0.0293896	0.03560219	0.03560219	0.001424136	0.02670164	0	0	-0.00275	0	1.157962e-32	0	1.157962e-32	0	-538.4693	0	-538.4693	0	30191.36	77194.93	125.8978	8459.303	0.7549934	1	1.226557	0.4523451	1	2	0.001593506	0	
2520	909.0505	3.45e+19	0	0	100000	1.9975	1e-05	7.323826e+25	6.302956e+25	5.807155e+25	4.958007e+24	9.886494e+24	3.222064e+23	5.320728e+24	4.57907e+24	4.218873e+24	3.601971e+23	7.182496e+23	2.340816e+22	0.004399428	5.320728e+25	4.57907e+25	4.218873e+25	3.601971e+24	1.246793e-111	3.137834e+17	7.416577e+24	0	0	0	0	0	0	0	0	0	0	0	0	0	0	6.85435e+25	0	6.85435e+25	3.098542e+25	0	3.098542e+25	1.658815e+25	0	1.658815e+25	6.197083e+25	0	6.197083e+25	1.846606e+25	0	1.846606e+25	5.915398e+25	0	5.915398e+25	5.605563e+23	5.40109e-10	0.0003699578	1.453956e+13	2692489	15798.28	6.635449e-08	9.411917e-15	2.063407e-22	0.1368451	0.5	0.0009000306	1	10.69292	1.329719	10569.8	1.117189e+26	1.827432e+28	5.151575e+27	6.741065e+25	3.118866e+27	1.203261e+27	5.325573e+26	2.294797e+26	0.2188657	0	0.02932994	0.03560219	0.03560219	0.001424136	0.02670164	0	0	-0.0025	0	1.695327e-32	0	1.695327e-32	0	-535.5881	0	-535.5881	0	30187.58	77194.93	127.4734	8458.244	0.7542862	1	1.22868	0.452345	1	2	0.001622042	0	
2548	909.0505	3.45e+19	0	0	100000	1.99775	1e-05	7.405201e+25	6.367489e+25	5.867738e+25	4.997508e+24	1.004997e+25	3.271566e+23	5.379847e+24	4.625953e+24	4.262887e+24	3.630668e+23	7.30126e+23	2.376779e+22	0.00441793	5.379847e+25	4.625953e+25	4.262887e+25	3.630668e+24	3.664464e-113	3.137834e+17	7.538937e+24	0	0	0	0	0	0	0	0	0	0	0	0	0	0	6.930509e+25	0	6.930509e+25	3.13297e+25	0	3.13297e+25	1.677246e+25	0	1.677246e+25	6.26594e+25	0	6.26594e+25	1.867123e+25	0	1.867123e+25	5.981124e+25	0	5.981124e+25	5.591643e+23	5.420062e-10	0.0003729415	1.448629e+13	2747086	16119.49	6.679992e-08	9.538702e-15	2.10524e-22	0.1381804	0.5	0.0009149134	1	10.81173	1.344493	10569.8	1.117189e+26	1.827432e+28	5.151575e+27	6.741065e+25	3.118866e+27	1.203261e+27	5.325573e+26	2.294797e+26	0.2188657	0	0.02927064	0.03560219	0.03560219	0.001424136	0.02670164	0	0	-0.00225	0	2.583856e-32	0	2.583856e-32	0	-532.4032	0	-532.4032	0	30183.8	77194.93	129.0442	8457.186	0.7536127	1	1.230694	0.4523449	1	2	0.001650261	0	
2576	909.0505	3.45e+19	0	0	100000	1.998	1e-05	7.486577e+25	6.431934e+25	5.928251e+25	5.036829e+24	1.021431e+25	3.321242e+23	5.438966e+24	4.672772e+24	4.306849e+24	3.659235e+23	7.420653e+23	2.412868e+22	0.004436262	5.438966e+25	4.672772e+25	4.306849e+25	3.659235e+24	1.075165e-114	3.137834e+17	7.66194e+24	0	0	0	0	0	0	0	0	0	0	0	0	0	0	7.006668e+25	0	7.006668e+25	3.167398e+25	0	3.167398e+25	1.695678e+25	0	1.695678e+25	6.334796e+25	0	6.334796e+25	1.887641e+25	0	1.887641e+25	6.046851e+25	0	6.046851e+25	5.577892e+23	5.438874e-10	0.0003759116	1.443317e+13	2802294	16444.42	6.724437e-08	9.666056e-15	2.147542e-22	0.1395118	0.5	0.0009298752	1	10.93054	1.359268	10569.8	1.117189e+26	1.827432e+28	5.151575e+27	6.741065e+25	3.118866e+27	1.203261e+27	5.325573e+26	2.294797e+26	0.2188657	0	0.02921174	0.03560219	0.03560219	0.001424136	0.02670164	0	0	-0.002	0	4.138643e-32	0	4.138643e-32	0	-528.8428	0	-528.8428	0	30180.03	77194.93	130.6114	8456.128	0.7529671	1	1.232618	0.4523449	1	2	0.001678241	0	
2604	909.0505	3.45e+19	0	0	100000	1.99825	1e-05	7.567953e+25	6.496291e+25	5.988693e+25	5.075975e+24	1.037952e+25	3.371091e+23	5.498086e+24	4.719527e+24	4.35076e+24	3.687674e+23	7.540673e+23	2.449083e+22	0.004454429	5.498086e+25	4.719527e+25	4.35076e+25	3.687674e+24	3.149197e-116	3.137834e+17	7.785581e+24	0	0	0	0	0	0	0	0	0	0	0	0	0	0	7.082828e+25	0	7.082828e+25	3.201826e+25	0	3.201826e+25	1.714109e+25	0	1.714109e+25	6.403653e+25	0	6.403653e+25	1.908159e+25	0	1.908159e+25	6.112578e+25	0	6.112578e+25	5.564306e+23	5.45753e-10	0.0003788682	1.43802e+13	2858118	16773.08	6.768788e-08	9.793981e-15	2.190315e-22	0.1408395	0.5	0.0009449155	1	11.04935	1.374042	10569.8	1.117189e+26	1.827432e+28	5.151575e+27	6.741065e+25	3.118866e+27	1.203261e+27	5.325573e+26	2.294797e+26	0.2188657	0	0.02915321	0.03560219	0.03560219	0.001424136	0.02670164	0	0	-0.00175	0	7.059877e-32	0	7.059877e-32	0	-524.8064	0	-524.8064	0	30176.25	77194.93	132.1761	8455.07	0.7523444	1	1.234468	0.4523448	1	2	0.001706056	0	
2632	909.0505	3.45e+19	0	0	100000	1.9985	1e-05	7.649329e+25	6.56056e+25	6.049066e+25	5.114946e+24	1.054558e+25	3.421112e+23	5.557205e+24	4.766219e+24	4.39462e+24	3.715987e+23	7.661315e+23	2.485423e+22	0.004472434	5.557205e+25	4.766219e+25	4.39462e+25	3.715987e+24	9.208666e-118	3.137834e+17	7.909857e+24	0	0	0	0	0	0	0	0	0	0	0	0	0	0	7.158987e+25	0	7.158987e+25	3.236255e+25	0	3.236255e+25	1.73254e+25	0	1.73254e+25	6.472509e+25	0	6.472509e+25	1.928677e+25	0	1.928677e+25	6.178304e+25	0	6.178304e+25	5.550882e+23	5.476034e-10	0.0003818114	1.432739e+13	2914561	17105.51	6.813047e-08	9.922481e-15	2.233563e-22	0.1421633	0.5	0.0009600338	1	11.16816	1.388817	10569.8	1.117189e+26	1.827432e+28	5.151575e+27	6.741065e+25	3.118866e+27	1.203261e+27	5.325573e+26	2.294797e+26	0.2188657	0	0.02909509	0.03560219	0.03560219	0.001424136	0.02670164	0	0	-0.0015	0	1.307803e-31	0	1.307803e-31	0	-520.147	0	-520.147	0	30172.48	77194.93	133.7393	8454.012	0.7517397	1	1.23626	0.4523447	1	2	0.001733772	0	
2660	909.0505	3.45e+19	0	0	100000	1.99875	1e-05	7.730705e+25	6.624743e+25	6.109368e+25	5.153745e+24	1.071249e+25	3.471304e+23	5.616324e+24	4.812848e+24	4.43843e+24	3.744174e+23	7.782576e+23	2.521888e+22	0.004490282	5.616324e+25	4.812848e+25	4.43843e+25	3.744174e+24	2.688304e-119	3.137834e+17	8.034765e+24	0	0	0	0	0	0	0	0	0	0	0	0	0	0	7.235147e+25	0	7.235147e+25	3.270683e+25	0	3.270683e+25	1.750972e+25	0	1.750972e+25	6.541366e+25	0	6.541366e+25	1.949195e+25	0	1.949195e+25	6.244031e+25	0	6.244031e+25	5.537616e+23	5.494386e-10	0.0003847415	1.427473e+13	2971627	17441.72	6.857218e-08	1.005156e-14	2.277287e-22	0.1434833	0.5	0.0009752297	1	11.28697	1.403592	10569.8	1.117189e+26	1.827432e+28	5.151575e+27	6.741065e+25	3.118866e+27	1.203261e+27	5.325573e+26	2.294797e+26	0.2188657	0	0.02903737	0.03560219	0.03560219	0.001424136	0.02670164	0	0	-0.00125	0	2.711449e-31	0	2.711449e-31	0	-514.6363	0	-514.6363	0	30168.71	77194.93	135.3019	8452.955	0.7511493	1	1.238006	0.4523446	1	2	0.001761446	0	
2688	909.0505	3.45e+19	0	0	100000	1.999	1e-05	7.812081e+25	6.688839e+25	6.169602e+25	5.192374e+24	1.088025e+25	3.521667e+23	5.675443e+24	4.859413e+24	4.482189e+24	3.772238e+23	7.904452e+23	2.558476e+22	0.004507976	5.675443e+25	4.859413e+25	4.482189e+25	3.772238e+24	7.835342e-121	3.137834e+17	8.160299e+24	0	0	0	0	0	0	0	0	0	0	0	0	0	0	7.311306e+25	0	7.311306e+25	3.305111e+25	0	3.305111e+25	1.769403e+25	0	1.769403e+25	6.610222e+25	0	6.610222e+25	1.969713e+25	0	1.969713e+25	6.309757e+25	0	6.309757e+25	5.524505e+23	5.512591e-10	0.0003876586	1.422222e+13	3029319	17781.76	6.901301e-08	1.018121e-14	2.32149e-22	0.1447995	0.5	0.0009905027	1	11.40578	1.418366	10569.8	1.117189e+26	1.827432e+28	5.151575e+27	6.741065e+25	3.118866e+27	1.203261e+27	5.325573e+26	2.294797e+26	0.2188657	0	0.02898005	0.03560219	0.03560219	0.001424136	0.02670164	0	0	-0.001	0	6.618025e-31	0	6.618025e-31	0	-507.8923	0	-507.8923	0	30164.93	77194.93	136.8646	8451.898	0.7505694	1	1.239719	0.4523445	1	2	0.001789132	0	
2716	909.0505	3.45e+19	0	0	100000	1.99925	1e-05	7.893456e+25	6.75285e+25	6.229766e+25	5.230835e+24	1.104885e+25	3.5722e+23	5.734562e+24	4.905917e+24	4.525899e+24	3.800179e+23	8.026939e+23	2.595188e+22	0.00452552	5.734562e+25	4.905917e+25	4.525899e+25	3.800179e+24	2.280075e-122	3.137834e+17	8.286457e+24	0	0	0	0	0	0	0	0	0	0	0	0	0	0	7.387466e+25	0	7.387466e+25	3.339539e+25	0	3.339539e+25	1.787834e+25	0	1.787834e+25	6.679079e+25	0	6.679079e+25	1.99023e+25	0	1.99023e+25	6.375484e+25	0	6.375484e+25	5.511546e+23	5.530651e-10	0.0003905627	1.416987e+13	3087641	18125.63	6.945301e-08	1.031145e-14	2.366177e-22	0.1461118	0.5	0.001005852	1	11.52459	1.433141	10569.8	1.117189e+26	1.827432e+28	5.151575e+27	6.741065e+25	3.118866e+27	1.203261e+27	5.325573e+26	2.294797e+26	0.2188657	0	0.02892315	0.03560219	0.03560219	0.001424136	0.02670164	0	0	-0.00075	0	2.090545e-30	0	2.090545e-30	0	-499.1992	0	-499.1992	0	30161.16	77194.93	138.4281	8450.841	0.7499978	1	1.241405	0.4523445	1	2	0.00181687	0	
2744	909.0505	3.45e+19	0	0	100000	1.9995	1e-05	7.974832e+25	6.816775e+25	6.289862e+25	5.26913e+24	1.121828e+25	3.622902e+23	5.793682e+24	4.952358e+24	4.569558e+24	3.828e+23	8.150034e+23	2.632023e+22	0.004542919	5.793682e+25	4.952358e+25	4.569558e+25	3.828e+24	6.624699e-124	3.137834e+17	8.413236e+24	0	0	0	0	0	0	0	0	0	0	0	0	0	0	7.463625e+25	0	7.463625e+25	3.373968e+25	0	3.373968e+25	1.806265e+25	0	1.806265e+25	6.747935e+25	0	6.747935e+25	2.010748e+25	0	2.010748e+25	6.441211e+25	0	6.441211e+25	5.498735e+23	5.548568e-10	0.0003934542	1.411766e+13	3146598	18473.36	6.98922e-08	1.044227e-14	2.411348e-22	0.1474204	0.5	0.001021278	1	11.6434	1.447916	10569.8	1.117189e+26	1.827432e+28	5.151575e+27	6.741065e+25	3.118866e+27	1.203261e+27	5.325573e+26	2.294797e+26	0.2188657	0	0.02886667	0.03560219	0.03560219	0.001424136	0.02670164	0	0	-0.0005	0	1.056959e-29	0	1.056959e-29	0	-486.9513	0	-486.9513	0	30157.39	77194.93	139.993	8449.785	0.7494318	1	1.243073	0.4523444	1	2	0.001844697	0	
2772	909.0505	3.45e+19	0	0	100000	1.99975	1e-05	8.056208e+25	6.880615e+25	6.34989e+25	5.30726e+24	1.138855e+25	3.673774e+23	5.852801e+24	4.998738e+24	4.613168e+24	3.855701e+23	8.273733e+23	2.668981e+22	0.004560177	5.852801e+25	4.998738e+25	4.613168e+25	3.855701e+24	1.921869e-125	3.137834e+17	8.54063e+24	0	0	0	0	0	0	0	0	0	0	0	0	0	0	7.539785e+25	0	7.539785e+25	3.408396e+25	0	3.408396e+25	1.824697e+25	0	1.824697e+25	6.816792e+25	0	6.816792e+25	2.031266e+25	0	2.031266e+25	6.506937e+25	0	6.506937e+25	5.486069e+23	5.566345e-10	0.000396333	1.406561e+13	3206192	18824.99	7.033059e-08	1.057367e-14	2.457008e-22	0.1487252	0.5	0.00103678	1	11.76221	1.46269	10569.8	1.117189e+26	1.827432e+28	5.151575e+27	6.741065e+25	3.118866e+27	1.203261e+27	5.325573e+26	2.294797e+26	0.2188657	0	0.02881061	0.03560219	0.03560219	0.001424136	0.02670164	0	0	-0.00025	0	1.681467e-28	0	1.681467e-28	0	-466.0398	0	-466.0398	0	30153.62	77194.93	196.9714	8448.729	0.1921968	1	0.7000899	0.03343533	1	2	0.001872636	0	
2800	909.0505	3.45e+19	0	0	100000	2	1e-05	8.137584e+25	6.944371e+25	6.409849e+25	5.345227e+24	1.155964e+25	3.724815e+23	5.91192e+24	5.045056e+24	4.656728e+24	3.883284e+23	8.398032e+23	2.706062e+22	0.004577298	5.91192e+25	5.045056e+25	4.656728e+25	3.883284e+24	5.56721e-127	3.137834e+17	8.668638e+24	0	0	0	0	0	0	0	0	0	0	0	0	0	0	7.615944e+25	0	7.615944e+25	3.442824e+25	0	3.442824e+25	1.843128e+25	0	1.843128e+25	6.885648e+25	0	6.885648e+25	2.051784e+25	0	2.051784e+25	6.572664e+25	0	6.572664e+25	5.473545e+23	5.583985e-10	0.0003991994	1.401371e+13	3266428	19180.54	7.076821e-08	1.070567e-14	2.50316e-22	0.1500262	0.5	0.001052357	1	11.88102	1.477465	10569.8	1.117189e+26	1.827432e+28	5.151575e+27	6.741065e+25	3.118866e+27	1.203261e+27	5.325573e+26	2.294797e+26	0.2188657	0	0.02875498	0.03560219	0.03560219	0.001424136	0.02670164	0	0	0	0	1.280678e-20	0	1.280678e-20	0	-328.877	0	-328.877	0	30149.85	77194.93	378.2163	8447.673	0.006389748	1	4.963468	0.4520705	1	2	0.001900704	0.01054127	
2828	909.0505	3.45e+19	0	0	100000	2	1e-05	8.21896e+25	7.008043e+25	6.46974e+25	5.383033e+24	1.173156e+25	3.776024e+23	5.971039e+24	5.091314e+24	4.700239e+24	3.910751e+23	8.522929e+23	2.743266e+22	0.004594285	5.971039e+25	5.091314e+25	4.700239e+25	3.910751e+24	1.610362e-128	3.137834e+17	8.797256e+24	0	0	0	0	0	0	0	0	0	0	0	0	0	0	7.692103e+25	0	7.692103e+25	3.477252e+25	0	3.477252e+25	1.861559e+25	0	1.861559e+25	6.954504e+25	0	6.954504e+25	2.072302e+25	0	2.072302e+25	6.638391e+25	0	6.638391e+25	5.461161e+23	5.601488e-10	0.0004020535	1.396196e+13	3327309	19540.03	7.120509e-08	1.083826e-14	2.549805e-22	0.1513234	0.5	0.001068009	1	11.99983	1.49224	10569.8	1.117189e+26	1.827432e+28	5.151575e+27	6.741065e+25	3.118866e+27	1.203261e+27	5.325573e+26	2.294797e+26	0.2188657	0	0.02869978	0.03560219	0.03560219	0.001424136	0.02670164	0	0	0	0	1.280678e-20	0	1.280678e-20	0	-328.877	0	-328.877	0	30149.85	77194.93	382.0681	8447.673	0.006389748	1	4.964013	0.4520705	1	2	0.001928905	0.01064668	
2856	909.0505	3.45e+19	0	0	100000	2	1e-05	8.300336e+25	7.071632e+25	6.529564e+25	5.42068e+24	1.19043e+25	3.827403e+23	6.030158e+24	5.13751e+24	4.7437e+24	3.938101e+23	8.64842e+23	2.780592e+22	0.004611143	6.030158e+25	5.13751e+25	4.7437e+25	3.938101e+24	4.651553e-130	3.137834e+17	8.926479e+24	0	0	0	0	0	0	0	0	0	0	0	0	0	0	7.768263e+25	0	7.768263e+25	3.51168e+25	0	3.51168e+25	1.879991e+25	0	1.879991e+25	7.023361e+25	0	7.023361e+25	2.09282e+25	0	2.09282e+25	6.704117e+25	0	6.704117e+25	5.448913e+23	5.618859e-10	0.0004048954	1.391036e+13	3388840	19903.48	7.164125e-08	1.097144e-14	2.596948e-22	0.1526168	0.5	0.001083735	1	12.11864	1.507014	10569.8	1.117189e+26	1.827432e+28	5.151575e+27	6.741065e+25	3.118866e+27	1.203261e+27	5.325573e+26	2.294797e+26	0.2188657	0	0.02864502	0.03560219	0.03560219	0.001424136	0.02670164	0	0	0	0	1.280678e-20	0	1.280678e-20	0	-328.877	0	-328.877	0	30149.85	77194.93	385.9209	8447.673	0.006389749	1	4.964556	0.4520705	1	2	0.001957239	0.0107521	
2884	909.0505	3.45e+19	0	0	100000	2	1e-05	8.381712e+25	7.135138e+25	6.589321e+25	5.45817e+24	1.207784e+25	3.878951e+23	6.089278e+24	5.183647e+24	4.787113e+24	3.965337e+23	8.774502e+23	2.818041e+22	0.004627875	6.089278e+25	5.183647e+25	4.787113e+25	3.965337e+24	1.341771e-131	3.137834e+17	9.056306e+24	0	0	0	0	0	0	0	0	0	0	0	0	0	0	7.844422e+25	0	7.844422e+25	3.546109e+25	0	3.546109e+25	1.898422e+25	0	1.898422e+25	7.092217e+25	0	7.092217e+25	2.113338e+25	0	2.113338e+25	6.769844e+25	0	6.769844e+25	5.436799e+23	5.636099e-10	0.0004077253	1.385892e+13	3451024	20270.94	7.20767e-08	1.110522e-14	2.644592e-22	0.1539064	0.5	0.001099535	1	12.23745	1.521789	10569.8	1.117189e+26	1.827432e+28	5.151575e+27	6.741065e+25	3.118866e+27	1.203261e+27	5.325573e+26	2.294797e+26	0.2188657	0	0.02859071	0.03560219	0.03560219	0.001424136	0.02670164	0	0	0	0	1.280678e-20	0	1.280678e-20	0	-328.877	0	-328.877	0	30149.85	77194.93	389.7747	8447.673	0.006389749	1	4.965095	0.4520705	1	2	0.001985705	0.01085751	
2912	909.0505	3.45e+19	0	0	100000	2	1e-05	8.463087e+25	7.198561e+25	6.64901e+25	5.495504e+24	1.22522e+25	3.930668e+23	6.148397e+24	5.229724e+24	4.830478e+24	3.99246e+23	8.901171e+23	2.855614e+22	0.004644485	6.148397e+25	5.229724e+25	4.830478e+25	3.99246e+24	3.865295e-133	3.137834e+17	9.186732e+24	0	0	0	0	0	0	0	0	0	0	0	0	0	0	7.920582e+25	0	7.920582e+25	3.580537e+25	0	3.580537e+25	1.916853e+25	0	1.916853e+25	7.161074e+25	0	7.161074e+25	2.133855e+25	0	2.133855e+25	6.835571e+25	0	6.835571e+25	5.424817e+23	5.65321e-10	0.0004105433	1.380762e+13	3513866	20642.41	7.251147e-08	1.12396e-14	2.692738e-22	0.1551922	0.5	0.001115409	1	12.35626	1.536564	10569.8	1.117189e+26	1.827432e+28	5.151575e+27	6.741065e+25	3.118866e+27	1.203261e+27	5.325573e+26	2.294797e+26	0.2188657	0	0.02853683	0.03560219	0.03560219	0.001424136	0.02670164	0	0	0	0	1.280678e-20	0	1.280678e-20	0	-328.877	0	-328.877	0	30149.85	77194.93	393.6295	8447.673	0.006389748	1	4.965632	0.4520705	1	2	0.002014303	0.01096292	
2940	909.0505	3.45e+19	0	0	100000	2	1e-05	8.544463e+25	7.261902e+25	6.708633e+25	5.532684e+24	1.242736e+25	3.982555e+23	6.207516e+24	5.275741e+24	4.873793e+24	4.019472e+23	9.028424e+23	2.893309e+22	0.004660978	6.207516e+25	5.275741e+25	4.873793e+25	4.019472e+24	1.112062e-134	3.137834e+17	9.317755e+24	0	0	0	0	0	0	0	0	0	0	0	0	0	0	7.996741e+25	0	7.996741e+25	3.614965e+25	0	3.614965e+25	1.935284e+25	0	1.935284e+25	7.22993e+25	0	7.22993e+25	2.154373e+25	0	2.154373e+25	6.901297e+25	0	6.901297e+25	5.412963e+23	5.670194e-10	0.0004133494	1.375648e+13	3577369	21017.93	7.294559e-08	1.137458e-14	2.741391e-22	0.1564742	0.5	0.001131357	1	12.47507	1.551338	10569.8	1.117189e+26	1.827432e+28	5.151575e+27	6.741065e+25	3.118866e+27	1.203261e+27	5.325573e+26	2.294797e+26	0.2188657	0	0.0284834	0.03560219	0.03560219	0.001424136	0.02670164	0	0	0	0	1.280678e-20	0	1.280678e-20	0	-328.877	0	-328.877	0	30149.85	77194.93	397.4853	8447.673	0.006389748	1	4.966166	0.4520705	1	2	0.002043031	0.01106833	
2968	909.0505	3.45e+19	0	0	100000	2	1e-05	8.625839e+25	7.325161e+25	6.76819e+25	5.569712e+24	1.260332e+25	4.034613e+23	6.266635e+24	5.321698e+24	4.917061e+24	4.046372e+23	9.156258e+23	2.931129e+22	0.004677357	6.266635e+25	5.321698e+25	4.917061e+25	4.046372e+24	3.195487e-136	3.137834e+17	9.44937e+24	0	0	0	0	0	0	0	0	0	0	0	0	0	0	8.072901e+25	0	8.072901e+25	3.649393e+25	0	3.649393e+25	1.953716e+25	0	1.953716e+25	7.298787e+25	0	7.298787e+25	2.174891e+25	0	2.174891e+25	6.967024e+25	0	6.967024e+25	5.401235e+23	5.687053e-10	0.0004161439	1.370549e+13	3641538	21397.53	7.337906e-08	1.151017e-14	2.790554e-22	0.1577525	0.5	0.001147377	1	12.59388	1.566113	10569.8	1.117189e+26	1.827432e+28	5.151575e+27	6.741065e+25	3.118866e+27	1.203261e+27	5.325573e+26	2.294797e+26	0.2188657	0	0.02843043	0.03560219	0.03560219	0.001424136	0.02670164	0	0	0	0	1.280678e-20	0	1.280678e-20	0	-328.877	0	-328.877	0	30149.85	77194.93	401.342	8447.673	0.006389749	1	4.966697	0.4520705	1	2	0.002071889	0.01117375	
2996	909.0505	3.45e+19	0	0	100000	2	1e-05	8.707215e+25	7.388339e+25	6.82768e+25	5.606589e+24	1.278007e+25	4.086841e+23	6.325754e+24	5.367597e+24	4.96028e+24	4.073163e+23	9.284669e+23	2.969073e+22	0.004693626	6.325754e+25	5.367597e+25	4.96028e+25	4.073163e+24	9.171205e-138	3.137834e+17	9.581576e+24	0	0	0	0	0	0	0	0	0	0	0	0	0	0	8.14906e+25	0	8.14906e+25	3.683822e+25	0	3.683822e+25	1.972147e+25	0	1.972147e+25	7.367643e+25	0	7.367643e+25	2.195409e+25	0	2.195409e+25	7.03275e+25	0	7.03275e+25	5.389631e+23	5.70379e-10	0.0004189269	1.365464e+13	3706377	21781.23	7.381191e-08	1.164636e-14	2.840229e-22	0.159027	0.5	0.001163469	1	12.71269	1.580888	10569.8	1.117189e+26	1.827432e+28	5.151575e+27	6.741065e+25	3.118866e+27	1.203261e+27	5.325573e+26	2.294797e+26	0.2188657	0	0.0283779	0.03560219	0.03560219	0.001424136	0.02670164	0	0	0	0	1.280678e-20	0	1.280678e-20	0	-328.877	0	-328.877	0	30149.85	77194.93	405.1998	8447.673	0.006389748	1	4.967225	0.4520705	1	2	0.002100877	0.01127916	
3024	909.0505	3.45e+19	0	0	100000	2	1e-05	8.788591e+25	7.451436e+25	6.887105e+25	5.643316e+24	1.295762e+25	4.139241e+23	6.384874e+24	5.413437e+24	5.003452e+24	4.099845e+23	9.413655e+23	3.007141e+22	0.004709789	6.384874e+25	5.413437e+25	5.003452e+25	4.099845e+24	2.629163e-139	3.137834e+17	9.714368e+24	0	0	0	0	0	0	0	0	0	0	0	0	0	0	8.22522e+25	0	8.22522e+25	3.71825e+25	0	3.71825e+25	1.990578e+25	0	1.990578e+25	7.4365e+25	0	7.4365e+25	2.215927e+25	0	2.215927e+25	7.098477e+25	0	7.098477e+25	5.378148e+23	5.720406e-10	0.0004216985	1.360395e+13	3771889	22169.06	7.424417e-08	1.178317e-14	2.89042e-22	0.1602977	0.5	0.001179634	1	12.8315	1.595662	10569.8	1.117189e+26	1.827432e+28	5.151575e+27	6.741065e+25	3.118866e+27	1.203261e+27	5.325573e+26	2.294797e+26	0.2188657	0	0.02832583	0.03560219	0.03560219	0.001424136	0.02670164	0	0	0	0	1.280678e-20	0	1.280678e-20	0	-328.877	0	-328.877	0	30149.85	77194.93	409.0585	8447.673	0.006389748	1	4.967751	0.4520704	1	2	0.002129993	0.01138457	
3052	909.0505	3.45e+19	0	0	100000	2	1e-05	8.869967e+25	7.514453e+25	6.946464e+25	5.679896e+24	1.313595e+25	4.191814e+23	6.443993e+24	5.459218e+24	5.046576e+24	4.12642e+23	9.543212e+23	3.045335e+22	0.004725851	6.443993e+25	5.459218e+25	5.046576e+25	4.12642e+24	7.528902e-141	3.137834e+17	9.847745e+24	0	0	0	0	0	0	0	0	0	0	0	0	0	0	8.301379e+25	0	8.301379e+25	3.752678e+25	0	3.752678e+25	2.00901e+25	0	2.00901e+25	7.505356e+25	0	7.505356e+25	2.236445e+25	0	2.236445e+25	7.164204e+25	0	7.164204e+25	5.366785e+23	5.736904e-10	0.0004244587	1.355341e+13	3838079	22561.04	7.467583e-08	1.192059e-14	2.94113e-22	0.1615646	0.5	0.00119587	1	12.95031	1.610437	10569.8	1.117189e+26	1.827432e+28	5.151575e+27	6.741065e+25	3.118866e+27	1.203261e+27	5.325573e+26	2.294797e+26	0.2188657	0	0.02827421	0.03560219	0.03560219	0.001424136	0.02670164	0	0	0	0	1.280678e-20	0	1.280678e-20	0	-328.877	0	-328.877	0	30149.85	77194.93	412.9182	8447.673	0.006389748	1	4.968274	0.4520704	1	2	0.002159238	0.01148998	
3080	909.0505	3.45e+19	0	0	100000	2	1e-05	8.951342e+25	7.57739e+25	7.005757e+25	5.71633e+24	1.331506e+25	4.24456e+23	6.503112e+24	5.504942e+24	5.089653e+24	4.152889e+23	9.673337e+23	3.083655e+22	0.004741814	6.503112e+25	5.504942e+25	5.089653e+25	4.152889e+24	2.153728e-142	3.137834e+17	9.981702e+24	0	0	0	0	0	0	0	0	0	0	0	0	0	0	8.377538e+25	0	8.377538e+25	3.787106e+25	0	3.787106e+25	2.027441e+25	0	2.027441e+25	7.574213e+25	0	7.574213e+25	2.256962e+25	0	2.256962e+25	7.22993e+25	0	7.22993e+25	5.355538e+23	5.753284e-10	0.0004272078	1.350302e+13	3904951	22957.21	7.510694e-08	1.205862e-14	2.992362e-22	0.1628278	0.5	0.001212178	1	13.06912	1.625212	10569.8	1.117189e+26	1.827432e+28	5.151575e+27	6.741065e+25	3.118866e+27	1.203261e+27	5.325573e+26	2.294797e+26	0.2188657	0	0.02822305	0.03560219	0.03560219	0.001424136	0.02670164	0	0	0	0	1.280678e-20	0	1.280678e-20	0	-328.877	0	-328.877	0	30149.85	77194.93	416.7788	8447.673	0.006389748	1	4.968795	0.4520704	1	2	0.002188609	0.0115954	
3108	909.0505	3.45e+19	0	0	100000	2	1e-05	9.032718e+25	7.640248e+25	7.064986e+25	5.752619e+24	1.349496e+25	4.297481e+23	6.562231e+24	5.550607e+24	5.132682e+24	4.179253e+23	9.804027e+23	3.122102e+22	0.004757683	6.562231e+25	5.550607e+25	5.132682e+25	4.179253e+24	6.154852e-144	3.137834e+17	1.011624e+25	0	0	0	0	0	0	0	0	0	0	0	0	0	0	8.453698e+25	0	8.453698e+25	3.821535e+25	0	3.821535e+25	2.045872e+25	0	2.045872e+25	7.643069e+25	0	7.643069e+25	2.27748e+25	0	2.27748e+25	7.295657e+25	0	7.295657e+25	5.344406e+23	5.769549e-10	0.0004299458	1.345278e+13	3972509	23357.59	7.55375e-08	1.219727e-14	3.044119e-22	0.1640872	0.5	0.001228556	1	13.18793	1.639986	10569.8	1.117189e+26	1.827432e+28	5.151575e+27	6.741065e+25	3.118866e+27	1.203261e+27	5.325573e+26	2.294797e+26	0.2188657	0	0.02817235	0.03560219	0.03560219	0.001424136	0.02670164	0	0	0	0	1.280678e-20	0	1.280678e-20	0	-328.877	0	-328.877	0	30149.85	77194.93	420.6405	8447.673	0.006389748	1	4.969313	0.4520704	1	2	0.002218108	0.01170081	
3136	909.0505	3.45e+19	0	0	100000	2	1e-05	9.114094e+25	7.703026e+25	7.12415e+25	5.788764e+24	1.367562e+25	4.350579e+23	6.62135e+24	5.596216e+24	5.175664e+24	4.205513e+23	9.93528e+23	3.160677e+22	0.004773462	6.62135e+25	5.596216e+25	5.175664e+25	4.205513e+24	1.757258e-145	3.137834e+17	1.025135e+25	0	0	0	0	0	0	0	0	0	0	0	0	0	0	8.529857e+25	0	8.529857e+25	3.855963e+25	0	3.855963e+25	2.064303e+25	0	2.064303e+25	7.711926e+25	0	7.711926e+25	2.297998e+25	0	2.297998e+25	7.361384e+25	0	7.361384e+25	5.333387e+23	5.785701e-10	0.0004326728	1.340269e+13	4040758	23762.2	7.596752e-08	1.233654e-14	3.096405e-22	0.1653428	0.5	0.001245005	1	13.30674	1.654761	10569.8	1.117189e+26	1.827432e+28	5.151575e+27	6.741065e+25	3.118866e+27	1.203261e+27	5.325573e+26	2.294797e+26	0.2188657	0	0.02812211	0.03560219	0.03560219	0.001424136	0.02670164	0	0	0	0	1.280678e-20	0	1.280678e-20	0	-328.877	0	-328.877	0	30149.85	77194.93	424.503	8447.673	0.006389749	1	4.969828	0.4520704	1	2	0.002247732	0.01180622	
3164	909.0505	3.45e+19	0	0	100000	2	1e-05	9.19547e+25	7.765726e+25	7.183249e+25	5.824768e+24	1.385705e+25	4.403853e+23	6.68047e+24	5.641767e+24	5.2186e+24	4.231669e+23	1.006709e+24	3.199381e+22	0.004789155	6.68047e+25	5.641767e+25	5.2186e+25	4.231669e+24	5.012663e-147	3.137834e+17	1.038703e+25	0	0	0	0	0	0	0	0	0	0	0	0	0	0	8.606017e+25	0	8.606017e+25	3.890391e+25	0	3.890391e+25	2.082735e+25	0	2.082735e+25	7.780782e+25	0	7.780782e+25	2.318516e+25	0	2.318516e+25	7.42711e+25	0	7.42711e+25	5.322478e+23	5.801741e-10	0.000435389	1.335275e+13	4109702	24171.08	7.639704e-08	1.247643e-14	3.149223e-22	0.1665947	0.5	0.001261524	1	13.42555	1.669535	10569.8	1.117189e+26	1.827432e+28	5.151575e+27	6.741065e+25	3.118866e+27	1.203261e+27	5.325573e+26	2.294797e+26	0.2188657	0	0.02807233	0.03560219	0.03560219	0.001424136	0.02670164	0	0	0	0	1.280678e-20	0	1.280678e-20	0	-328.877	0	-328.877	0	30149.85	77194.93	428.3666	8447.673	0.006389748	1	4.970341	0.4520704	1	2	0.002277482	0.01191164	
3192	909.0505	3.45e+19	0	0	100000	2	1e-05	9.276846e+25	7.828347e+25	7.242284e+25	5.860631e+24	1.403925e+25	4.457307e+23	6.739589e+24	5.687261e+24	5.261488e+24	4.257724e+23	1.019946e+24	3.238215e+22	0.004804766	6.739589e+25	5.687261e+25	5.261488e+25	4.257724e+24	1.428702e-148	3.137834e+17	1.052328e+25	0	0	0	0	0	0	0	0	0	0	0	0	0	0	8.682176e+25	0	8.682176e+25	3.924819e+25	0	3.924819e+25	2.101166e+25	0	2.101166e+25	7.849639e+25	0	7.849639e+25	2.339034e+25	0	2.339034e+25	7.492837e+25	0	7.492837e+25	5.311678e+23	5.817671e-10	0.0004380944	1.330296e+13	4179344	24584.25	7.682606e-08	1.261695e-14	3.202577e-22	0.1678428	0.5	0.001278112	1	13.54436	1.68431	10569.8	1.117189e+26	1.827432e+28	5.151575e+27	6.741065e+25	3.118866e+27	1.203261e+27	5.325573e+26	2.294797e+26	0.2188657	0	0.028023	0.03560219	0.03560219	0.001424136	0.02670164	0	0	0	0	1.280678e-20	0	1.280678e-20	0	-328.877	0	-328.877	0	30149.85	77194.93	432.231	8447.673	0.006389749	1	4.970852	0.4520704	1	2	0.002307357	0.01201705	
3220	909.0505	3.45e+19	0	0	100000	2	1e-05	9.358222e+25	7.890891e+25	7.301255e+25	5.896356e+24	1.422222e+25	4.510942e+23	6.798708e+24	5.732698e+24	5.304331e+24	4.283677e+23	1.033238e+24	3.27718e+22	0.004820298	6.798708e+25	5.732698e+25	5.304331e+25	4.283677e+24	4.068934e-150	3.137834e+17	1.06601e+25	0	0	0	0	0	0	0	0	0	0	0	0	0	0	8.758336e+25	0	8.758336e+25	3.959248e+25	0	3.959248e+25	2.119597e+25	0	2.119597e+25	7.918495e+25	0	7.918495e+25	2.359552e+25	0	2.359552e+25	7.558564e+25	0	7.558564e+25	5.300984e+23	5.833492e-10	0.0004407892	1.325332e+13	4249691	25001.75	7.72546e-08	1.27581e-14	3.256469e-22	0.1690872	0.5	0.00129477	1	13.66317	1.699085	10569.8	1.117189e+26	1.827432e+28	5.151575e+27	6.741065e+25	3.118866e+27	1.203261e+27	5.325573e+26	2.294797e+26	0.2188657	0	0.02797414	0.03560219	0.03560219	0.001424136	0.02670164	0	0	0	0	1.280678e-20	0	1.280678e-20	0	-328.877	0	-328.877	0	30149.85	77194.93	436.0964	8447.673	0.006389749	1	4.97136	0.4520704	1	2	0.002337356	0.01212246	
3248	909.0505	3.45e+19	0	0	100000	2	1e-05	9.439597e+25	7.953356e+25	7.360162e+25	5.931942e+24	1.440593e+25	4.56476e+23	6.857827e+24	5.778079e+24	5.347126e+24	4.309531e+23	1.046585e+24	3.316278e+22	0.004835757	6.857827e+25	5.778079e+25	5.347126e+25	4.309531e+24	1.158009e-151	3.137834e+17	1.079748e+25	0	0	0	0	0	0	0	0	0	0	0	0	0	0	8.834495e+25	0	8.834495e+25	3.993676e+25	0	3.993676e+25	2.138028e+25	0	2.138028e+25	7.987352e+25	0	7.987352e+25	2.380069e+25	0	2.380069e+25	7.62429e+25	0	7.62429e+25	5.290395e+23	5.849207e-10	0.0004434735	1.320383e+13	4320745	25423.59	7.768267e-08	1.289988e-14	3.310902e-22	0.1703278	0.5	0.001311497	1	13.78198	1.713859	10569.8	1.117189e+26	1.827432e+28	5.151575e+27	6.741065e+25	3.118866e+27	1.203261e+27	5.325573e+26	2.294797e+26	0.2188657	0	0.02792574	0.03560219	0.03560219	0.001424136	0.02670164	0	0	0	0	1.280678e-20	0	1.280678e-20	0	-328.877	0	-328.877	0	30149.85	77194.93	439.9628	8447.673	0.006389748	1	4.971866	0.4520704	1	2	0.002367478	0.01222787	
3276	909.0505	3.45e+19	0	0	100000	2	1e-05	9.520973e+25	8.015745e+25	7.419006e+25	5.967393e+24	1.459041e+25	4.618762e+23	6.916946e+24	5.823404e+24	5.389876e+24	4.335285e+23	1.059987e+24	3.355511e+22	0.004851145	6.916946e+25	5.823404e+25	5.389876e+25	4.335285e+24	3.293539e-153	3.137834e+17	1.093542e+25	0	0	0	0	0	0	0	0	0	0	0	0	0	0	8.910654e+25	0	8.910654e+25	4.028104e+25	0	4.028104e+25	2.15646e+25	0	2.15646e+25	8.056208e+25	0	8.056208e+25	2.400587e+25	0	2.400587e+25	7.690017e+25	0	7.690017e+25	5.279909e+23	5.864816e-10	0.0004461473	1.315449e+13	4392511	25849.8	7.81103e-08	1.30423e-14	3.365881e-22	0.1715647	0.5	0.001328293	1	13.90079	1.728634	10569.8	1.117189e+26	1.827432e+28	5.151575e+27	6.741065e+25	3.118866e+27	1.203261e+27	5.325573e+26	2.294797e+26	0.2188657	0	0.02787779	0.03560219	0.03560219	0.001424136	0.02670164	0	0	0	0	1.280678e-20	0	1.280678e-20	0	-328.877	0	-328.877	0	30149.85	77194.93	443.83	8447.673	0.006389749	1	4.972369	0.4520704	1	2	0.002397724	0.01233329	
3304	909.0505	3.45e+19	0	0	100000	2	1e-05	9.602349e+25	8.078057e+25	7.477786e+25	6.002708e+24	1.477563e+25	4.672951e+23	6.976066e+24	5.868674e+24	5.43258e+24	4.360942e+23	1.073443e+24	3.394879e+22	0.004866467	6.976066e+25	5.868674e+25	5.43258e+25	4.360942e+24	9.361845e-155	3.137834e+17	1.107392e+25	0	0	0	0	0	0	0	0	0	0	0	0	0	0	8.986814e+25	0	8.986814e+25	4.062532e+25	0	4.062532e+25	2.174891e+25	0	2.174891e+25	8.125065e+25	0	8.125065e+25	2.421105e+25	0	2.421105e+25	7.755744e+25	0	7.755744e+25	5.269524e+23	5.880322e-10	0.0004488108	1.310529e+13	4464994	26280.43	7.853749e-08	1.318534e-14	3.421409e-22	0.1727978	0.5	0.001345157	1	14.0196	1.743409	10569.8	1.117189e+26	1.827432e+28	5.151575e+27	6.741065e+25	3.118866e+27	1.203261e+27	5.325573e+26	2.294797e+26	0.2188657	0	0.02783031	0.03560219	0.03560219	0.001424136	0.02670164	0	0	0	0	1.280678e-20	0	1.280678e-20	0	-328.877	0	-328.877	0	30149.85	77194.93	447.6982	8447.673	0.006389748	1	4.97287	0.4520703	1	2	0.002428091	0.0124387	
3332	909.0505	3.45e+19	0	0	100000	2	1e-05	9.683725e+25	8.140292e+25	7.536503e+25	6.037889e+24	1.49616e+25	4.72733e+23	7.035185e+24	5.913887e+24	5.475237e+24	4.386501e+23	1.086954e+24	3.434385e+22	0.004881727	7.035185e+25	5.913887e+25	5.475237e+25	4.386501e+24	2.659724e-156	3.137834e+17	1.121297e+25	0	0	0	0	0	0	0	0	0	0	0	0	0	0	9.062973e+25	0	9.062973e+25	4.096961e+25	0	4.096961e+25	2.193322e+25	0	2.193322e+25	8.193921e+25	0	8.193921e+25	2.441623e+25	0	2.441623e+25	7.82147e+25	0	7.82147e+25	5.259238e+23	5.895726e-10	0.0004514641	1.305625e+13	4538198	26715.48	7.896427e-08	1.332903e-14	3.477489e-22	0.1740272	0.5	0.001362089	1	14.13841	1.758183	10569.8	1.117189e+26	1.827432e+28	5.151575e+27	6.741065e+25	3.118866e+27	1.203261e+27	5.325573e+26	2.294797e+26	0.2188657	0	0.02778328	0.03560219	0.03560219	0.001424136	0.02670164	0	0	0	0	1.280678e-20	0	1.280678e-20	0	-328.877	0	-328.877	0	30149.85	77194.93	451.5674	8447.673	0.006389748	1	4.973369	0.4520703	1	2	0.002458581	0.01254411	
3360	909.0505	3.45e+19	0	0	100000	2	1e-05	9.765101e+25	8.202451e+25	7.595158e+25	6.072938e+24	1.51483e+25	4.7819e+23	7.094304e+24	5.959046e+24	5.51785e+24	4.411964e+23	1.100518e+24	3.47403e+22	0.004896929	7.094304e+25	5.959046e+25	5.51785e+25	4.411964e+24	7.552979e-158	3.137834e+17	1.135258e+25	0	0	0	0	0	0	0	0	0	0	0	0	0	0	9.139133e+25	0	9.139133e+25	4.131389e+25	0	4.131389e+25	2.211754e+25	0	2.211754e+25	8.262778e+25	0	8.262778e+25	2.462141e+25	0	2.462141e+25	7.887197e+25	0	7.887197e+25	5.24905e+23	5.911028e-10	0.0004541073	1.300736e+13	4612128	27155	7.939064e-08	1.347336e-14	3.534124e-22	0.1752529	0.5	0.001379088	1	14.25722	1.772958	10569.8	1.117189e+26	1.827432e+28	5.151575e+27	6.741065e+25	3.118866e+27	1.203261e+27	5.325573e+26	2.294797e+26	0.2188657	0	0.02773671	0.03560219	0.03560219	0.001424136	0.02670164	0	0	0	0	1.280678e-20	0	1.280678e-20	0	-328.877	0	-328.877	0	30149.85	77194.93	455.4374	8447.673	0.006389748	1	4.973866	0.4520703	1	2	0.002489191	0.01264952	
3388	909.0505	3.45e+19	0	0	100000	2	1e-05	9.846477e+25	8.264535e+25	7.653749e+25	6.107856e+24	1.533575e+25	4.836665e+23	7.153423e+24	6.004149e+24	5.560416e+24	4.437331e+23	1.114136e+24	3.513816e+22	0.004912077	7.153423e+25	6.004149e+25	5.560416e+25	4.437331e+24	2.14406e-159	3.137834e+17	1.149274e+25	0	0	0	0	0	0	0	0	0	0	0	0	0	0	9.215292e+25	0	9.215292e+25	4.165817e+25	0	4.165817e+25	2.230185e+25	0	2.230185e+25	8.331634e+25	0	8.331634e+25	2.482659e+25	0	2.482659e+25	7.952923e+25	0	7.952923e+25	5.238958e+23	5.926232e-10	0.0004567404	1.295861e+13	4686788	27599	7.981662e-08	1.361834e-14	3.591318e-22	0.1764748	0.5	0.001396155	1	14.37603	1.787733	10569.8	1.117189e+26	1.827432e+28	5.151575e+27	6.741065e+25	3.118866e+27	1.203261e+27	5.325573e+26	2.294797e+26	0.2188657	0	0.02769059	0.03560219	0.03560219	0.001424136	0.02670164	0	0	0	0	1.280678e-20	0	1.280678e-20	0	-328.877	0	-328.877	0	30149.85	77194.93	459.3084	8447.673	0.006389748	1	4.97436	0.4520703	1	2	0.002519923	0.01275494	
3416	909.0505	3.45e+19	0	0	100000	2	1e-05	9.927852e+25	8.326543e+25	7.712279e+25	6.142644e+24	1.552393e+25	4.891627e+23	7.212542e+24	6.049198e+24	5.602938e+24	4.462604e+23	1.127807e+24	3.553746e+22	0.004927175	7.212542e+25	6.049198e+25	5.602938e+25	4.462604e+24	6.084488e-161	3.137834e+17	1.163344e+25	0	0	0	0	0	0	0	0	0	0	0	0	0	0	9.291452e+25	0	9.291452e+25	4.200245e+25	0	4.200245e+25	2.248616e+25	0	2.248616e+25	8.400491e+25	0	8.400491e+25	2.503176e+25	0	2.503176e+25	8.01865e+25	0	8.01865e+25	5.22896e+23	5.941337e-10	0.0004593636	1.291002e+13	4762182	28047.53	8.024222e-08	1.376396e-14	3.649074e-22	0.177693	0.5	0.001413289	1	14.49484	1.802507	10569.8	1.117189e+26	1.827432e+28	5.151575e+27	6.741065e+25	3.118866e+27	1.203261e+27	5.325573e+26	2.294797e+26	0.2188657	0	0.02764493	0.03560219	0.03560219	0.001424136	0.02670164	0	0	0	0	1.280678e-20	0	1.280678e-20	0	-328.877	0	-328.877	0	30149.85	77194.93	463.1802	8447.673	0.006389748	1	4.974852	0.4520703	1	2	0.002550774	0.01286035	
3444	909.0505	3.45e+19	0	0	100000	2	1e-05	1.000923e+26	8.388476e+25	7.770746e+25	6.177303e+24	1.571284e+25	4.946789e+23	7.271662e+24	6.094192e+24	5.645414e+24	4.487784e+23	1.141531e+24	3.593821e+22	0.004942229	7.271662e+25	6.094192e+25	5.645414e+25	4.487784e+24	1.726283e-162	3.137834e+17	1.177469e+25	0	0	0	0	0	0	0	0	0	0	0	0	0	0	9.367611e+25	0	9.367611e+25	4.234674e+25	0	4.234674e+25	2.267047e+25	0	2.267047e+25	8.469347e+25	0	8.469347e+25	2.523694e+25	0	2.523694e+25	8.084377e+25	0	8.084377e+25	5.219055e+23	5.956346e-10	0.0004619769	1.286157e+13	4838316	28500.6	8.066746e-08	1.391023e-14	3.707397e-22	0.1789074	0.5	0.001430489	1	14.61365	1.817282	10569.8	1.117189e+26	1.827432e+28	5.151575e+27	6.741065e+25	3.118866e+27	1.203261e+27	5.325573e+26	2.294797e+26	0.2188657	0	0.02759972	0.03560219	0.03560219	0.001424136	0.02670164	0	0	0	0	1.280678e-20	0	1.280678e-20	0	-328.877	0	-328.877	0	30149.85	77194.93	467.053	8447.673	0.006389748	1	4.975342	0.4520703	1	2	0.002581745	0.01296576	
3472	909.0505	3.45e+19	0	0	100000	2	1e-05	1.00906e+26	8.450335e+25	7.829152e+25	6.211834e+24	1.590248e+25	5.002155e+23	7.330781e+24	6.139132e+24	5.687845e+24	4.512871e+23	1.155308e+24	3.634044e+22	0.004957241	7.330781e+25	6.139132e+25	5.687845e+25	4.512871e+24	4.897047e-164	3.137834e+17	1.191648e+25	0	0	0	0	0	0	0	0	0	0	0	0	0	0	9.443771e+25	0	9.443771e+25	4.269102e+25	0	4.269102e+25	2.285479e+25	0	2.285479e+25	8.538204e+25	0	8.538204e+25	2.544212e+25	0	2.544212e+25	8.150103e+25	0	8.150103e+25	5.209241e+23	5.97126e-10	0.0004645805	1.281328e+13	4915194	28958.24	8.109235e-08	1.405715e-14	3.766289e-22	0.1801181	0.5	0.001447755	1	14.73246	1.832057	10569.8	1.117189e+26	1.827432e+28	5.151575e+27	6.741065e+25	3.118866e+27	1.203261e+27	5.325573e+26	2.294797e+26	0.2188657	0	0.02755496	0.03560219	0.03560219	0.001424136	0.02670164	0	0	0	0	1.280678e-20	0	1.280678e-20	0	-328.877	0	-328.877	0	30149.85	77194.93	470.9267	8447.673	0.006389749	1	4.97583	0.4520703	1	2	0.002612834	0.01307118	
3500	909.0505	3.45e+19	0	0	100000	2	1e-05	1.017198e+26	8.512119e+25	7.887495e+25	6.246239e+24	1.609283e+25	5.057728e+23	7.3899e+24	6.184018e+24	5.730232e+24	4.537866e+23	1.169138e+24	3.674418e+22	0.004972216	7.3899e+25	6.184018e+25	5.730232e+25	4.537866e+24	1.389072e-165	3.137834e+17	1.205882e+25	0	0	0	0	0	0	0	0	0	0	0	0	0	0	9.51993e+25	0	9.51993e+25	4.30353e+25	0	4.30353e+25	2.30391e+25	0	2.30391e+25	8.60706e+25	0	8.60706e+25	2.56473e+25	0	2.56473e+25	8.21583e+25	0	8.21583e+25	5.199516e+23	5.98608e-10	0.0004671744	1.276513e+13	4992820	29420.49	8.151691e-08	1.420473e-14	3.825754e-22	0.1813251	0.5	0.001465087	1	14.85127	1.846831	10569.8	1.117189e+26	1.827432e+28	5.151575e+27	6.741065e+25	3.118866e+27	1.203261e+27	5.325573e+26	2.294797e+26	0.2188657	0	0.02751064	0.03560219	0.03560219	0.001424136	0.02670164	0	0	0	0	1.280678e-20	0	1.280678e-20	0	-328.877	0	-328.877	0	30149.85	77194.93	474.8012	8447.673	0.006389748	1	4.976316	0.4520703	1	2	0.002644042	0.01317659	
3528	909.0505	3.45e+19	0	0	100000	2	1e-05	1.025336e+26	8.57383e+25	7.945778e+25	6.280518e+24	1.628391e+25	5.113511e+23	7.449019e+24	6.228851e+24	5.772574e+24	4.56277e+23	1.183019e+24	3.714944e+22	0.004987158	7.449019e+25	6.228851e+25	5.772574e+25	4.56277e+24	3.9402e-167	3.137834e+17	1.220169e+25	0	0	0	0	0	0	0	0	0	0	0	0	0	0	9.596089e+25	0	9.596089e+25	4.337958e+25	0	4.337958e+25	2.322341e+25	0	2.322341e+25	8.675916e+25	0	8.675916e+25	2.585248e+25	0	2.585248e+25	8.281557e+25	0	8.281557e+25	5.18988e+23	6.000807e-10	0.0004697588	1.271713e+13	5071200	29887.37	8.194114e-08	1.435296e-14	3.885795e-22	0.1825284	0.5	0.001482484	1	14.97008	1.861606	10569.8	1.117189e+26	1.827432e+28	5.151575e+27	6.741065e+25	3.118866e+27	1.203261e+27	5.325573e+26	2.294797e+26	0.2188657	0	0.02746677	0.03560219	0.03560219	0.001424136	0.02670164	0	0	0	0	1.280678e-20	0	1.280678e-20	0	-328.877	0	-328.877	0	30149.85	77194.93	478.6767	8447.673	0.006389748	1	4.976799	0.4520703	1	2	0.002675368	0.013282	
3556	909.0505	3.45e+19	0	0	100000	2	1e-05	1.033473e+26	8.635466e+25	8.003999e+25	6.314674e+24	1.64757e+25	5.169507e+23	7.508138e+24	6.273629e+24	5.814871e+24	4.587584e+23	1.196953e+24	3.755625e+22	0.005002072	7.508138e+25	6.273629e+25	5.814871e+25	4.587584e+24	1.117767e-168	3.137834e+17	1.234509e+25	0	0	0	0	0	0	0	0	0	0	0	0	0	0	9.672249e+25	0	9.672249e+25	4.372386e+25	0	4.372386e+25	2.340773e+25	0	2.340773e+25	8.744773e+25	0	8.744773e+25	2.605766e+25	0	2.605766e+25	8.347283e+25	0	8.347283e+25	5.180331e+23	6.015442e-10	0.0004723336	1.266927e+13	5150337	30358.91	8.236506e-08	1.450185e-14	3.946417e-22	0.1837279	0.5	0.001499947	1	15.08889	1.876381	10569.8	1.117189e+26	1.827432e+28	5.151575e+27	6.741065e+25	3.118866e+27	1.203261e+27	5.325573e+26	2.294797e+26	0.2188657	0	0.02742335	0.03560219	0.03560219	0.001424136	0.02670164	0	0	0	0	1.280678e-20	0	1.280678e-20	0	-328.877	0	-328.877	0	30149.85	77194.93	482.553	8447.673	0.006389748	1	4.977281	0.4520703	1	2	0.002706811	0.01338741	
3584	909.0505	3.45e+19	0	0	100000	2	1e-05	1.041611e+26	8.69703e+25	8.062159e+25	6.348706e+24	1.666821e+25	5.225722e+23	7.567258e+24	6.318355e+24	5.857124e+24	4.612308e+23	1.210938e+24	3.796464e+22	0.005016962	7.567258e+25	6.318355e+25	5.857124e+25	4.612308e+24	3.171467e-170	3.137834e+17	1.248903e+25	0	0	0	0	0	0	0	0	0	0	0	0	0	0	9.748408e+25	0	9.748408e+25	4.406815e+25	0	4.406815e+25	2.359204e+25	0	2.359204e+25	8.813629e+25	0	8.813629e+25	2.626284e+25	0	2.626284e+25	8.41301e+25	0	8.41301e+25	5.170867e+23	6.029988e-10	0.000474899	1.262157e+13	5230237	30835.14	8.278868e-08	1.465141e-14	4.007622e-22	0.1849238	0.5	0.001517475	1	15.2077	1.891155	10569.8	1.117189e+26	1.827432e+28	5.151575e+27	6.741065e+25	3.118866e+27	1.203261e+27	5.325573e+26	2.294797e+26	0.2188657	0	0.02738036	0.03560219	0.03560219	0.001424136	0.02670164	0	0	0	0	1.280678e-20	0	1.280678e-20	0	-328.877	0	-328.877	0	30149.85	77194.93	486.4303	8447.673	0.006389748	1	4.97776	0.4520703	1	2	0.002738371	0.01349283	
3612	909.0505	3.45e+19	0	0	100000	2	1e-05	1.049748e+26	8.75852e+25	8.120258e+25	6.382617e+24	1.686142e+25	5.282158e+23	7.626377e+24	6.363027e+24	5.899333e+24	4.636944e+23	1.224975e+24	3.837465e+22	0.005031833	7.626377e+25	6.363027e+25	5.899333e+25	4.636944e+24	9.000839e-172	3.137834e+17	1.263349e+25	0	0	0	0	0	0	0	0	0	0	0	0	0	0	9.824568e+25	0	9.824568e+25	4.441243e+25	0	4.441243e+25	2.377635e+25	0	2.377635e+25	8.882486e+25	0	8.882486e+25	2.646801e+25	0	2.646801e+25	8.478737e+25	0	8.478737e+25	5.161487e+23	6.044444e-10	0.0004774552	1.257402e+13	5310904	31316.1	8.321201e-08	1.480163e-14	4.069415e-22	0.1861159	0.5	0.001535067	1	15.32652	1.90593	10569.8	1.117189e+26	1.827432e+28	5.151575e+27	6.741065e+25	3.118866e+27	1.203261e+27	5.325573e+26	2.294797e+26	0.2188657	0	0.02733781	0.03560219	0.03560219	0.001424136	0.02670164	0	0	0	0	1.280678e-20	0	1.280678e-20	0	-328.877	0	-328.877	0	30149.85	77194.93	490.3084	8447.673	0.006389748	1	4.978237	0.4520702	1	2	0.002770047	0.01359824	
3640	909.0505	3.45e+19	0	0	100000	2	1e-05	1.057886e+26	8.819938e+25	8.178297e+25	6.416407e+24	1.705533e+25	5.33882e+23	7.685496e+24	6.407647e+24	5.941498e+24	4.661492e+23	1.239063e+24	3.87863e+22	0.005046688	7.685496e+25	6.407647e+25	5.941498e+25	4.661492e+24	2.555397e-173	3.137834e+17	1.277849e+25	0	0	0	0	0	0	0	0	0	0	0	0	0	0	9.900727e+25	0	9.900727e+25	4.475671e+25	0	4.475671e+25	2.396066e+25	0	2.396066e+25	8.951342e+25	0	8.951342e+25	2.667319e+25	0	2.667319e+25	8.544463e+25	0	8.544463e+25	5.15219e+23	6.058813e-10	0.000480002	1.252661e+13	5392344	31801.8	8.363507e-08	1.495252e-14	4.131798e-22	0.1873043	0.5	0.001552723	1	15.44533	1.920705	10569.8	1.117189e+26	1.827432e+28	5.151575e+27	6.741065e+25	3.118866e+27	1.203261e+27	5.325573e+26	2.294797e+26	0.2188657	0	0.0272957	0.03560219	0.03560219	0.001424136	0.02670164	0	0	0	0	1.280678e-20	0	1.280678e-20	0	-328.877	0	-328.877	0	30149.85	77194.93	494.1874	8447.673	0.006389748	1	4.978713	0.4520702	1	2	0.002801839	0.01370365	
3668	909.0505	3.45e+19	0	0	100000	2	1e-05	1.066024e+26	8.881283e+25	8.236275e+25	6.450076e+24	1.724995e+25	5.395713e+23	7.744615e+24	6.452214e+24	5.983619e+24	4.685953e+23	1.253201e+24	3.919963e+22	0.005061533	7.744615e+25	6.452214e+25	5.983619e+25	4.685953e+24	7.258149e-175	3.137834e+17	1.292401e+25	0	0	0	0	0	0	0	0	0	0	0	0	0	0	9.976887e+25	0	9.976887e+25	4.510099e+25	0	4.510099e+25	2.414498e+25	0	2.414498e+25	9.020199e+25	0	9.020199e+25	2.687837e+25	0	2.687837e+25	8.61019e+25	0	8.61019e+25	5.142974e+23	6.073095e-10	0.0004825398	1.247935e+13	5474560	32292.28	8.405786e-08	1.510407e-14	4.194777e-22	0.188489	0.5	0.001570442	1	15.56414	1.935479	10569.8	1.117189e+26	1.827432e+28	5.151575e+27	6.741065e+25	3.118866e+27	1.203261e+27	5.325573e+26	2.294797e+26	0.2188657	0	0.02725401	0.03560219	0.03560219	0.001424136	0.02670164	0	0	0	0	1.280678e-20	0	1.280678e-20	0	-328.877	0	-328.877	0	30149.85	77194.93	498.0672	8447.673	0.006389748	1	4.979186	0.4520702	1	2	0.002833746	0.01380906	
3696	909.0505	3.45e+19	0	0	100000	2	1e-05	1.074161e+26	8.942556e+25	8.294194e+25	6.483628e+24	1.744526e+25	5.452841e+23	7.803734e+24	6.496729e+24	6.025696e+24	4.710328e+23	1.267391e+24	3.961466e+22	0.005076372	7.803734e+25	6.496729e+25	6.025696e+25	4.710328e+24	2.062653e-176	3.137834e+17	1.307005e+25	0	0	0	0	0	0	0	0	0	0	0	0	0	0	1.005305e+26	0	1.005305e+26	4.544528e+25	0	4.544528e+25	2.432929e+25	0	2.432929e+25	9.089055e+25	0	9.089055e+25	2.708355e+25	0	2.708355e+25	8.675916e+25	0	8.675916e+25	5.133838e+23	6.087291e-10	0.0004850684	1.243224e+13	5557558	32787.56	8.44804e-08	1.52563e-14	4.258354e-22	0.18967	0.5	0.001588226	1	15.68295	1.950254	10569.8	1.117189e+26	1.827432e+28	5.151575e+27	6.741065e+25	3.118866e+27	1.203261e+27	5.325573e+26	2.294797e+26	0.2188657	0	0.02721275	0.03560219	0.03560219	0.001424136	0.02670164	0	0	0	0	1.280678e-20	0	1.280678e-20	0	-328.877	0	-328.877	0	30149.85	77194.93	501.9479	8447.673	0.006389748	1	4.979657	0.4520702	1	2	0.002865768	0.01391448	
3724	909.0505	3.45e+19	0	0	100000	2	1e-05	1.082299e+26	9.003758e+25	8.352052e+25	6.517061e+24	1.764127e+25	5.51021e+23	7.862854e+24	6.541192e+24	6.06773e+24	4.734617e+23	1.28163e+24	4.003144e+22	0.00509121	7.862854e+25	6.541192e+25	6.06773e+25	4.734617e+24	5.86544e-178	3.137834e+17	1.321662e+25	0	0	0	0	0	0	0	0	0	0	0	0	0	0	1.012921e+26	0	1.012921e+26	4.578956e+25	0	4.578956e+25	2.45136e+25	0	2.45136e+25	9.157912e+25	0	9.157912e+25	2.728873e+25	0	2.728873e+25	8.741643e+25	0	8.741643e+25	5.124781e+23	6.101403e-10	0.0004875881	1.238527e+13	5641342	33287.69	8.490269e-08	1.540921e-14	4.322532e-22	0.1908473	0.5	0.001606072	1	15.80176	1.965029	10569.8	1.117189e+26	1.827432e+28	5.151575e+27	6.741065e+25	3.118866e+27	1.203261e+27	5.325573e+26	2.294797e+26	0.2188657	0	0.02717192	0.03560219	0.03560219	0.001424136	0.02670164	0	0	0	0	1.280678e-20	0	1.280678e-20	0	-328.877	0	-328.877	0	30149.85	77194.93	505.8295	8447.673	0.006389749	1	4.980127	0.4520702	1	2	0.002897904	0.01401989	
3752	909.0505	3.45e+19	0	0	100000	2	1e-05	1.090436e+26	9.064888e+25	8.409851e+25	6.550378e+24	1.783796e+25	5.567823e+23	7.921973e+24	6.585603e+24	6.10972e+24	4.758822e+23	1.29592e+24	4.044999e+22	0.005106051	7.921973e+25	6.585603e+25	6.10972e+25	4.758822e+24	1.669136e-179	3.137834e+17	1.33637e+25	0	0	0	0	0	0	0	0	0	0	0	0	0	0	1.020536e+26	0	1.020536e+26	4.613384e+25	0	4.613384e+25	2.469792e+25	0	2.469792e+25	9.226768e+25	0	9.226768e+25	2.749391e+25	0	2.749391e+25	8.80737e+25	0	8.80737e+25	5.115801e+23	6.115432e-10	0.0004900988	1.233846e+13	5725918	33792.68	8.532475e-08	1.556279e-14	4.387317e-22	0.1920208	0.5	0.001623982	1	15.92057	1.979803	10569.8	1.117189e+26	1.827432e+28	5.151575e+27	6.741065e+25	3.118866e+27	1.203261e+27	5.325573e+26	2.294797e+26	0.2188657	0	0.0271315	0.03560219	0.03560219	0.001424136	0.02670164	0	0	0	0	1.280678e-20	0	1.280678e-20	0	-328.877	0	-328.877	0	30149.85	77194.93	509.712	8447.673	0.006389749	1	4.980594	0.4520702	1	2	0.002930154	0.0141253	
3780	909.0505	3.45e+19	0	0	100000	2	1e-05	1.098574e+26	9.125947e+25	8.46759e+25	6.583579e+24	1.803534e+25	5.625686e+23	7.981092e+24	6.629962e+24	6.151668e+24	4.782942e+23	1.31026e+24	4.087037e+22	0.005120899	7.981092e+25	6.629962e+25	6.151668e+25	4.782942e+24	4.753823e-181	3.137834e+17	1.35113e+25	0	0	0	0	0	0	0	0	0	0	0	0	0	0	1.028152e+26	0	1.028152e+26	4.647812e+25	0	4.647812e+25	2.488223e+25	0	2.488223e+25	9.295625e+25	0	9.295625e+25	2.769908e+25	0	2.769908e+25	8.873096e+25	0	8.873096e+25	5.106899e+23	6.129378e-10	0.0004926007	1.229179e+13	5811290	34302.56	8.574659e-08	1.571705e-14	4.452711e-22	0.1931907	0.5	0.001641954	1	16.03938	1.994578	10569.8	1.117189e+26	1.827432e+28	5.151575e+27	6.741065e+25	3.118866e+27	1.203261e+27	5.325573e+26	2.294797e+26	0.2188657	0	0.02709151	0.03560219	0.03560219	0.001424136	0.02670164	0	0	0	0	1.280678e-20	0	1.280678e-20	0	-328.877	0	-328.877	0	30149.85	77194.93	513.5953	8447.673	0.006389748	1	4.98106	0.4520702	1	2	0.002962517	0.01423072	
3808	909.0505	3.45e+19	0	0	100000	2	1e-05	1.106711e+26	9.186936e+25	8.525269e+25	6.616665e+24	1.82334e+25	5.683805e+23	8.040211e+24	6.67427e+24	6.193572e+24	4.806979e+23	1.324649e+24	4.12926e+22	0.005135761	8.040211e+25	6.67427e+25	6.193572e+25	4.806979e+24	1.355185e-182	3.137834e+17	1.365942e+25	0	0	0	0	0	0	0	0	0	0	0	0	0	0	1.035768e+26	0	1.035768e+26	4.682241e+25	0	4.682241e+25	2.506654e+25	0	2.506654e+25	9.364481e+25	0	9.364481e+25	2.790426e+25	0	2.790426e+25	8.938823e+25	0	8.938823e+25	5.098071e+23	6.143243e-10	0.0004950938	1.224527e+13	5897464	34817.38	8.616822e-08	1.5872e-14	4.518718e-22	0.1943569	0.5	0.001659988	1	16.15819	2.009352	10569.8	1.117189e+26	1.827432e+28	5.151575e+27	6.741065e+25	3.118866e+27	1.203261e+27	5.325573e+26	2.294797e+26	0.2188657	0	0.02705192	0.03560219	0.03560219	0.001424136	0.02670164	0	0	0	0	1.280678e-20	0	1.280678e-20	0	-328.877	0	-328.877	0	30149.85	77194.93	517.4795	8447.673	0.006389748	1	4.981524	0.4520702	1	2	0.002994993	0.01433613	
3836	909.0505	3.45e+19	0	0	100000	2	1e-05	1.114849e+26	9.247854e+25	8.58289e+25	6.649638e+24	1.843214e+25	5.742185e+23	8.09933e+24	6.718526e+24	6.235433e+24	4.830934e+23	1.339087e+24	4.171673e+22	0.00515064	8.09933e+25	6.718526e+25	6.235433e+25	4.830934e+24	3.867263e-184	3.137834e+17	1.380804e+25	0	0	0	0	0	0	0	0	0	0	0	0	0	0	1.043384e+26	0	1.043384e+26	4.716669e+25	0	4.716669e+25	2.525085e+25	0	2.525085e+25	9.433338e+25	0	9.433338e+25	2.810944e+25	0	2.810944e+25	9.00455e+25	0	9.00455e+25	5.089317e+23	6.157027e-10	0.0004975782	1.219889e+13	5984443	35337.14	8.658965e-08	1.602763e-14	4.585343e-22	0.1955194	0.5	0.001678083	1	16.277	2.024127	10569.8	1.117189e+26	1.827432e+28	5.151575e+27	6.741065e+25	3.118866e+27	1.203261e+27	5.325573e+26	2.294797e+26	0.2188657	0	0.02701274	0.03560219	0.03560219	0.001424136	0.02670164	0	0	0	0	1.280678e-20	0	1.280678e-20	0	-328.877	0	-328.877	0	30149.85	77194.93	521.3645	8447.673	0.006389748	1	4.981985	0.4520702	1	2	0.003027581	0.01444154	
3864	909.0505	3.45e+19	0	0	100000	2	1e-05	1.122987e+26	9.308702e+25	8.640452e+25	6.682498e+24	1.863156e+25	5.800833e+23	8.15845e+24	6.762732e+24	6.277251e+24	4.854806e+23	1.353575e+24	4.21428e+22	0.005165541	8.15845e+25	6.762732e+25	6.277251e+25	4.854806e+24	1.104853e-185	3.137834e+17	1.395718e+25	0	0	0	0	0	0	0	0	0	0	0	0	0	0	1.051e+26	0	1.051e+26	4.751097e+25	0	4.751097e+25	2.543517e+25	0	2.543517e+25	9.502194e+25	0	9.502194e+25	2.831462e+25	0	2.831462e+25	9.070276e+25	0	9.070276e+25	5.080637e+23	6.170733e-10	0.000500054	1.215267e+13	6072234	35861.9	8.701088e-08	1.618395e-14	4.652588e-22	0.1966782	0.5	0.001696241	1	16.39581	2.038902	10569.8	1.117189e+26	1.827432e+28	5.151575e+27	6.741065e+25	3.118866e+27	1.203261e+27	5.325573e+26	2.294797e+26	0.2188657	0	0.02697397	0.03560219	0.03560219	0.001424136	0.02670164	0	0	0	0	1.280678e-20	0	1.280678e-20	0	-328.877	0	-328.877	0	30149.85	77194.93	525.2503	8447.673	0.006389749	1	4.982445	0.4520702	1	2	0.003060281	0.01454695	
3892	909.0505	3.45e+19	0	0	100000	2	1e-05	1.131124e+26	9.369479e+25	8.697955e+25	6.715246e+24	1.883165e+25	5.859754e+23	8.217569e+24	6.806887e+24	6.319027e+24	4.878598e+23	1.368111e+24	4.257086e+22	0.005180469	8.217569e+25	6.806887e+25	6.319027e+25	4.878598e+24	3.160445e-187	3.137834e+17	1.410682e+25	0	0	0	0	0	0	0	0	0	0	0	0	0	0	1.058616e+26	0	1.058616e+26	4.785525e+25	0	4.785525e+25	2.561948e+25	0	2.561948e+25	9.571051e+25	0	9.571051e+25	2.85198e+25	0	2.85198e+25	9.136003e+25	0	9.136003e+25	5.072028e+23	6.18436e-10	0.0005025213	1.210659e+13	6160840	36391.67	8.743193e-08	1.634096e-14	4.720458e-22	0.1978333	0.5	0.001714459	1	16.51462	2.053676	10569.8	1.117189e+26	1.827432e+28	5.151575e+27	6.741065e+25	3.118866e+27	1.203261e+27	5.325573e+26	2.294797e+26	0.2188657	0	0.0269356	0.03560219	0.03560219	0.001424136	0.02670164	0	0	0	0	1.280678e-20	0	1.280678e-20	0	-328.877	0	-328.877	0	30149.85	77194.93	529.1371	8447.673	0.006389748	1	4.982904	0.4520702	1	2	0.003093092	0.01465237	
3920	909.0505	3.45e+19	0	0	100000	2	1e-05	1.139262e+26	9.430188e+25	8.755399e+25	6.747883e+24	1.90324e+25	5.918954e+23	8.276688e+24	6.850991e+24	6.36076e+24	4.902308e+23	1.382696e+24	4.300095e+22	0.00519543	8.276688e+25	6.850991e+25	6.36076e+25	4.902308e+24	9.052798e-189	3.137834e+17	1.425697e+25	0	0	0	0	0	0	0	0	0	0	0	0	0	0	1.066232e+26	0	1.066232e+26	4.819954e+25	0	4.819954e+25	2.580379e+25	0	2.580379e+25	9.639907e+25	0	9.639907e+25	2.872498e+25	0	2.872498e+25	9.20173e+25	0	9.20173e+25	5.06349e+23	6.197909e-10	0.0005049801	1.206066e+13	6250268	36926.48	8.785281e-08	1.649866e-14	4.788956e-22	0.1989847	0.5	0.001732739	1	16.63343	2.068451	10569.8	1.117189e+26	1.827432e+28	5.151575e+27	6.741065e+25	3.118866e+27	1.203261e+27	5.325573e+26	2.294797e+26	0.2188657	0	0.02689762	0.03560219	0.03560219	0.001424136	0.02670164	0	0	0	0	1.280678e-20	0	1.280678e-20	0	-328.877	0	-328.877	0	30149.85	77194.93	533.0246	8447.673	0.006389748	1	4.98336	0.4520702	1	2	0.003126014	0.01475778	
3948	909.0505	3.45e+19	0	0	100000	2	1e-05	1.147399e+26	9.490826e+25	8.812785e+25	6.78041e+24	1.923383e+25	5.978441e+23	8.335807e+24	6.895045e+24	6.402451e+24	4.925939e+23	1.397329e+24	4.343312e+22	0.005210427	8.335807e+25	6.895045e+25	6.402451e+25	4.925939e+24	2.596911e-190	3.137834e+17	1.440762e+25	0	0	0	0	0	0	0	0	0	0	0	0	0	0	1.073848e+26	0	1.073848e+26	4.854382e+25	0	4.854382e+25	2.59881e+25	0	2.59881e+25	9.708764e+25	0	9.708764e+25	2.893015e+25	0	2.893015e+25	9.267456e+25	0	9.267456e+25	5.055022e+23	6.211383e-10	0.0005074305	1.201487e+13	6340522	37466.37	8.827352e-08	1.665706e-14	4.858087e-22	0.2001324	0.5	0.001751079	1	16.75224	2.083226	10569.8	1.117189e+26	1.827432e+28	5.151575e+27	6.741065e+25	3.118866e+27	1.203261e+27	5.325573e+26	2.294797e+26	0.2188657	0	0.02686004	0.03560219	0.03560219	0.001424136	0.02670164	0	0	0	0	1.280678e-20	0	1.280678e-20	0	-328.877	0	-328.877	0	30149.85	77194.93	536.913	8447.673	0.006389748	1	4.983815	0.4520702	1	2	0.003159046	0.01486319	
3976	909.0505	3.45e+19	0	0	100000	2	1e-05	1.155537e+26	9.551396e+25	8.870114e+25	6.812829e+24	1.943591e+25	6.03822e+23	8.394926e+24	6.939049e+24	6.4441e+24	4.949491e+23	1.41201e+24	4.386741e+22	0.005225467	8.394926e+25	6.939049e+25	6.4441e+25	4.949491e+24	7.461412e-192	3.137834e+17	1.455878e+25	0	0	0	0	0	0	0	0	0	0	0	0	0	0	1.081464e+26	0	1.081464e+26	4.88881e+25	0	4.88881e+25	2.617242e+25	0	2.617242e+25	9.77762e+25	0	9.77762e+25	2.913533e+25	0	2.913533e+25	9.333183e+25	0	9.333183e+25	5.046623e+23	6.224781e-10	0.0005098725	1.196923e+13	6431608	38011.36	8.869408e-08	1.681616e-14	4.927854e-22	0.2012765	0.5	0.001769479	1	16.87105	2.098	10569.8	1.117189e+26	1.827432e+28	5.151575e+27	6.741065e+25	3.118866e+27	1.203261e+27	5.325573e+26	2.294797e+26	0.2188657	0	0.02682284	0.03560219	0.03560219	0.001424136	0.02670164	0	0	0	0	1.280678e-20	0	1.280678e-20	0	-328.877	0	-328.877	0	30149.85	77194.93	540.8022	8447.673	0.006389748	1	4.984267	0.4520701	1	2	0.003192189	0.0149686	
4004	909.0505	3.45e+19	0	0	100000	2	1e-05	1.163675e+26	9.611897e+25	8.927384e+25	6.845139e+24	1.963865e+25	6.098299e+23	8.454046e+24	6.983002e+24	6.485706e+24	4.972964e+23	1.426739e+24	4.430388e+22	0.005240554	8.454046e+25	6.983002e+25	6.485706e+25	4.972964e+24	2.147461e-193	3.137834e+17	1.471043e+25	0	0	0	0	0	0	0	0	0	0	0	0	0	0	1.08908e+26	0	1.08908e+26	4.923238e+25	0	4.923238e+25	2.635673e+25	0	2.635673e+25	9.846477e+25	0	9.846477e+25	2.934051e+25	0	2.934051e+25	9.39891e+25	0	9.39891e+25	5.038292e+23	6.238104e-10	0.0005123063	1.192374e+13	6523529	38561.49	8.911449e-08	1.697595e-14	4.998261e-22	0.2024168	0.5	0.001787939	1	16.98986	2.112775	10569.8	1.117189e+26	1.827432e+28	5.151575e+27	6.741065e+25	3.118866e+27	1.203261e+27	5.325573e+26	2.294797e+26	0.2188657	0	0.02678603	0.03560219	0.03560219	0.001424136	0.02670164	0	0	0	0	1.280678e-20	0	1.280678e-20	0	-328.877	0	-328.877	0	30149.85	77194.93	544.6922	8447.673	0.006389748	1	4.984719	0.4520701	1	2	0.003225441	0.01507402	
4032	909.0505	3.45e+19	0	0	100000	2	1e-05	1.171812e+26	9.67233e+25	8.984596e+25	6.877341e+24	1.984204e+25	6.158686e+23	8.513165e+24	7.026907e+24	6.527271e+24	4.996359e+23	1.441516e+24	4.474259e+22	0.005255694	8.513165e+25	7.026907e+25	6.527271e+25	4.996359e+24	6.191861e-195	3.137834e+17	1.486258e+25	0	0	0	0	0	0	0	0	0	0	0	0	0	0	1.096696e+26	0	1.096696e+26	4.957667e+25	0	4.957667e+25	2.654104e+25	0	2.654104e+25	9.915333e+25	0	9.915333e+25	2.954569e+25	0	2.954569e+25	9.464636e+25	0	9.464636e+25	5.030027e+23	6.251354e-10	0.0005147319	1.18784e+13	6616292	39116.79	8.953477e-08	1.713645e-14	5.069312e-22	0.2035535	0.5	0.001806459	1	17.10867	2.12755	10569.8	1.117189e+26	1.827432e+28	5.151575e+27	6.741065e+25	3.118866e+27	1.203261e+27	5.325573e+26	2.294797e+26	0.2188657	0	0.02674959	0.03560219	0.03560219	0.001424136	0.02670164	0	0	0	0	1.280678e-20	0	1.280678e-20	0	-328.877	0	-328.877	0	30149.85	77194.93	548.5831	8447.673	0.006389748	1	4.985168	0.4520701	1	2	0.003258802	0.01517943	
4060	909.0505	3.45e+19	0	0	100000	2	1e-05	1.17995e+26	9.732695e+25	9.041751e+25	6.909438e+24	2.004608e+25	6.219387e+23	8.572284e+24	7.070761e+24	6.568793e+24	5.019677e+23	1.456339e+24	4.518358e+22	0.005270891	8.572284e+25	7.070761e+25	6.568793e+25	5.019677e+24	1.788799e-196	3.137834e+17	1.501523e+25	0	0	0	0	0	0	0	0	0	0	0	0	0	0	1.104312e+26	0	1.104312e+26	4.992095e+25	0	4.992095e+25	2.672536e+25	0	2.672536e+25	9.98419e+25	0	9.98419e+25	2.975087e+25	0	2.975087e+25	9.530363e+25	0	9.530363e+25	5.021828e+23	6.26453e-10	0.0005171494	1.18332e+13	6709901	39677.28	8.995491e-08	1.729765e-14	5.141011e-22	0.2046865	0.5	0.001825038	1	17.22748	2.142324	10569.8	1.117189e+26	1.827432e+28	5.151575e+27	6.741065e+25	3.118866e+27	1.203261e+27	5.325573e+26	2.294797e+26	0.2188657	0	0.02671353	0.03560219	0.03560219	0.001424136	0.02670164	0	0	0	0	1.280678e-20	0	1.280678e-20	0	-328.877	0	-328.877	0	30149.85	77194.93	552.4748	8447.673	0.006389748	1	4.985616	0.4520701	1	2	0.003292272	0.01528484	
4088	909.0505	3.45e+19	0	0	100000	2	1e-05	1.188087e+26	9.792991e+25	9.098848e+25	6.941428e+24	2.025077e+25	6.28041e+23	8.631403e+24	7.114566e+24	6.610274e+24	5.042918e+23	1.47121e+24	4.562691e+22	0.005286152	8.631403e+25	7.114566e+25	6.610274e+25	5.042918e+24	5.178445e-198	3.137834e+17	1.516837e+25	0	0	0	0	0	0	0	0	0	0	0	0	0	0	1.111928e+26	0	1.111928e+26	5.026523e+25	0	5.026523e+25	2.690967e+25	0	2.690967e+25	1.005305e+26	0	1.005305e+26	2.995605e+25	0	2.995605e+25	9.596089e+25	0	9.596089e+25	5.013694e+23	6.277635e-10	0.0005195588	1.178815e+13	6804362	40243	9.037493e-08	1.745956e-14	5.213361e-22	0.2058159	0.5	0.001843676	1	17.34629	2.157099	10569.8	1.117189e+26	1.827432e+28	5.151575e+27	6.741065e+25	3.118866e+27	1.203261e+27	5.325573e+26	2.294797e+26	0.2188657	0	0.02667783	0.03560219	0.03560219	0.001424136	0.02670164	0	0	0	0	1.280678e-20	0	1.280678e-20	0	-328.877	0	-328.877	0	30149.85	77194.93	556.3673	8447.673	0.006389749	1	4.986062	0.4520701	1	2	0.003325849	0.01539025	
4116	909.0505	3.45e+19	0	0	100000	2	1e-05	1.196225e+26	9.85322e+25	9.155889e+25	6.973314e+24	2.045611e+25	6.341763e+23	8.690522e+24	7.158322e+24	6.651714e+24	5.066083e+23	1.486128e+24	4.607264e+22	0.005301481	8.690522e+25	7.158322e+25	6.651714e+25	5.066083e+24	1.502411e-199	3.137834e+17	1.5322e+25	0	0	0	0	0	0	0	0	0	0	0	0	0	0	1.119544e+26	0	1.119544e+26	5.060951e+25	0	5.060951e+25	2.709398e+25	0	2.709398e+25	1.01219e+26	0	1.01219e+26	3.016122e+25	0	3.016122e+25	9.661816e+25	0	9.661816e+25	5.005625e+23	6.290669e-10	0.0005219602	1.174324e+13	6899679	40813.97	9.079484e-08	1.762218e-14	5.286367e-22	0.2069415	0.5	0.001862372	1	17.4651	2.171874	10569.8	1.117189e+26	1.827432e+28	5.151575e+27	6.741065e+25	3.118866e+27	1.203261e+27	5.325573e+26	2.294797e+26	0.2188657	0	0.0266425	0.03560219	0.03560219	0.001424136	0.02670164	0	0	0	0	1.280678e-20	0	1.280678e-20	0	-328.877	0	-328.877	0	30149.85	77194.93	560.2606	8447.673	0.006389748	1	4.986506	0.4520701	1	2	0.003359535	0.01549567	
4144	909.0505	3.45e+19	0	0	100000	2	1e-05	1.204362e+26	9.913381e+25	9.212872e+25	7.005096e+24	2.066208e+25	6.403455e+23	8.749642e+24	7.202029e+24	6.693112e+24	5.089173e+23	1.501092e+24	4.652083e+22	0.005316884	8.749642e+25	7.202029e+25	6.693112e+25	5.089173e+24	4.36903e-201	3.137834e+17	1.547612e+25	0	0	0	0	0	0	0	0	0	0	0	0	0	0	1.12716e+26	0	1.12716e+26	5.09538e+25	0	5.09538e+25	2.727829e+25	0	2.727829e+25	1.019076e+26	0	1.019076e+26	3.03664e+25	0	3.03664e+25	9.727543e+25	0	9.727543e+25	4.997618e+23	6.303632e-10	0.0005243536	1.169848e+13	6995859	41390.23	9.121464e-08	1.778552e-14	5.360033e-22	0.2080635	0.5	0.001881127	1	17.58391	2.186648	10569.8	1.117189e+26	1.827432e+28	5.151575e+27	6.741065e+25	3.118866e+27	1.203261e+27	5.325573e+26	2.294797e+26	0.2188657	0	0.02660753	0.03560219	0.03560219	0.001424136	0.02670164	0	0	0	0	1.280678e-20	0	1.280678e-20	0	-328.877	0	-328.877	0	30149.85	77194.93	564.1548	8447.673	0.006389748	1	4.986948	0.4520701	1	2	0.003393328	0.01560108	
4172	909.0505	3.45e+19	0	0	100000	2	1e-05	1.2125e+26	9.973476e+25	9.269798e+25	7.036776e+24	2.086869e+25	6.465493e+23	8.808761e+24	7.245688e+24	6.734469e+24	5.112187e+23	1.516102e+24	4.697153e+22	0.005332365	8.808761e+25	7.245688e+25	6.734469e+25	5.112187e+24	1.27363e-202	3.137834e+17	1.563073e+25	0	0	0	0	0	0	0	0	0	0	0	0	0	0	1.134776e+26	0	1.134776e+26	5.129808e+25	0	5.129808e+25	2.746261e+25	0	2.746261e+25	1.025962e+26	0	1.025962e+26	3.057158e+25	0	3.057158e+25	9.793269e+25	0	9.793269e+25	4.989674e+23	6.316526e-10	0.0005267392	1.165387e+13	7092905	41971.81	9.163434e-08	1.794956e-14	5.434363e-22	0.2091818	0.5	0.00189994	1	17.70272	2.201423	10569.8	1.117189e+26	1.827432e+28	5.151575e+27	6.741065e+25	3.118866e+27	1.203261e+27	5.325573e+26	2.294797e+26	0.2188657	0	0.02657291	0.03560219	0.03560219	0.001424136	0.02670164	0	0	0	0	1.280678e-20	0	1.280678e-20	0	-328.877	0	-328.877	0	30149.85	77194.93	568.0497	8447.673	0.006389748	1	4.987389	0.4520701	1	2	0.003427228	0.01570649	
4200	909.0505	3.45e+19	0	0	100000	2	1e-05	1.220638e+26	1.00335e+26	9.326668e+25	7.068352e+24	2.107594e+25	6.527887e+23	8.86788e+24	7.289297e+24	6.775784e+24	5.135128e+23	1.531158e+24	4.742482e+22	0.005347932	8.86788e+25	7.289297e+25	6.775784e+25	5.135128e+24	3.722379e-204	3.137834e+17	1.578583e+25	0	0	0	0	0	0	0	0	0	0	0	0	0	0	1.142392e+26	0	1.142392e+26	5.164236e+25	0	5.164236e+25	2.764692e+25	0	2.764692e+25	1.032847e+26	0	1.032847e+26	3.077676e+25	0	3.077676e+25	9.858996e+25	0	9.858996e+25	4.98179e+23	6.329351e-10	0.0005291169	1.16094e+13	7190824	42558.74	9.205395e-08	1.811433e-14	5.50936e-22	0.2102965	0.5	0.001918811	1	17.82153	2.216198	10569.8	1.117189e+26	1.827432e+28	5.151575e+27	6.741065e+25	3.118866e+27	1.203261e+27	5.325573e+26	2.294797e+26	0.2188657	0	0.02653864	0.03560219	0.03560219	0.001424136	0.02670164	0	0	0	0	1.280678e-20	0	1.280678e-20	0	-328.877	0	-328.877	0	30149.85	77194.93	571.9455	8447.673	0.006389748	1	4.987829	0.4520701	1	2	0.003461234	0.01581191	
4228	909.0505	3.45e+19	0	0	100000	2	1e-05	1.228775e+26	1.009346e+26	9.383481e+25	7.099828e+24	2.128381e+25	6.590645e+23	8.926999e+24	7.332859e+24	6.817059e+24	5.157994e+23	1.54626e+24	4.788076e+22	0.005363589	8.926999e+25	7.332859e+25	6.817059e+25	5.157994e+24	1.090872e-205	3.137834e+17	1.594141e+25	0	0	0	0	0	0	0	0	0	0	0	0	0	0	1.150008e+26	0	1.150008e+26	5.198664e+25	0	5.198664e+25	2.783123e+25	0	2.783123e+25	1.039733e+26	0	1.039733e+26	3.098194e+25	0	3.098194e+25	9.924723e+25	0	9.924723e+25	4.973968e+23	6.342109e-10	0.000531487	1.156508e+13	7289621	43151.05	9.247347e-08	1.827981e-14	5.585029e-22	0.2114075	0.5	0.001937739	1	17.94034	2.230972	10569.8	1.117189e+26	1.827432e+28	5.151575e+27	6.741065e+25	3.118866e+27	1.203261e+27	5.325573e+26	2.294797e+26	0.2188657	0	0.02650472	0.03560219	0.03560219	0.001424136	0.02670164	0	0	0	0	1.280678e-20	0	1.280678e-20	0	-328.877	0	-328.877	0	30149.85	77194.93	575.8421	8447.673	0.006389748	1	4.988267	0.4520701	1	2	0.003495347	0.01591732	
4256	909.0505	3.45e+19	0	0	100000	2	1e-05	1.236913e+26	1.015336e+26	9.440238e+25	7.131202e+24	2.149231e+25	6.653777e+23	8.986118e+24	7.376372e+24	6.858293e+24	5.180788e+23	1.561407e+24	4.833941e+22	0.005379342	8.986118e+25	7.376372e+25	6.858293e+25	5.180788e+24	3.205979e-207	3.137834e+17	1.609747e+25	0	0	0	0	0	0	0	0	0	0	0	0	0	0	1.157623e+26	0	1.157623e+26	5.233092e+25	0	5.233092e+25	2.801555e+25	0	2.801555e+25	1.046618e+26	0	1.046618e+26	3.118712e+25	0	3.118712e+25	9.990449e+25	0	9.990449e+25	4.966205e+23	6.354799e-10	0.0005338493	1.15209e+13	7389300	43748.76	9.289292e-08	1.844602e-14	5.661373e-22	0.2125148	0.5	0.001956724	1	18.05915	2.245747	10569.8	1.117189e+26	1.827432e+28	5.151575e+27	6.741065e+25	3.118866e+27	1.203261e+27	5.325573e+26	2.294797e+26	0.2188657	0	0.02647113	0.03560219	0.03560219	0.001424136	0.02670164	0	0	0	0	1.280678e-20	0	1.280678e-20	0	-328.877	0	-328.877	0	30149.85	77194.93	579.7394	8447.673	0.006389748	1	4.988703	0.4520701	1	2	0.003529565	0.01602273	
4284	909.0505	3.45e+19	0	0	100000	2	1e-05	1.24505e+26	1.021319e+26	9.496939e+25	7.162477e+24	2.170144e+25	6.717292e+23	9.045238e+24	7.419837e+24	6.899486e+24	5.203509e+23	1.5766e+24	4.880084e+22	0.005395197	9.045238e+25	7.419837e+25	6.899486e+25	5.203509e+24	9.45018e-209	3.137834e+17	1.625401e+25	0	0	0	0	0	0	0	0	0	0	0	0	0	0	1.165239e+26	0	1.165239e+26	5.267521e+25	0	5.267521e+25	2.819986e+25	0	2.819986e+25	1.053504e+26	0	1.053504e+26	3.13923e+25	0	3.13923e+25	1.005618e+26	0	1.005618e+26	4.958501e+23	6.367422e-10	0.000536204	1.147687e+13	7489867	44351.92	9.33123e-08	1.861295e-14	5.738397e-22	0.2136185	0.5	0.001975766	1	18.17796	2.260522	10569.8	1.117189e+26	1.827432e+28	5.151575e+27	6.741065e+25	3.118866e+27	1.203261e+27	5.325573e+26	2.294797e+26	0.2188657	0	0.02643788	0.03560219	0.03560219	0.001424136	0.02670164	0	0	0	0	1.280678e-20	0	1.280678e-20	0	-328.877	0	-328.877	0	30149.85	77194.93	583.6376	8447.673	0.006389749	1	4.989137	0.4520701	1	2	0.003563889	0.01612814	
4312	909.0505	3.45e+19	0	0	100000	2	1e-05	1.253188e+26	1.027295e+26	9.553584e+25	7.193652e+24	2.191118e+25	6.781199e+23	9.104357e+24	7.463254e+24	6.940638e+24	5.226158e+23	1.591838e+24	4.926512e+22	0.005411159	9.104357e+25	7.463254e+25	6.940638e+25	5.226158e+24	2.794289e-210	3.137834e+17	1.641103e+25	0	0	0	0	0	0	0	0	0	0	0	0	0	0	1.172855e+26	0	1.172855e+26	5.301949e+25	0	5.301949e+25	2.838417e+25	0	2.838417e+25	1.06039e+26	0	1.06039e+26	3.159747e+25	0	3.159747e+25	1.01219e+26	0	1.01219e+26	4.950855e+23	6.379981e-10	0.0005385511	1.143299e+13	7591327	44960.55	9.373162e-08	1.878061e-14	5.816105e-22	0.2147185	0.5	0.001994864	1	18.29677	2.275296	10569.8	1.117189e+26	1.827432e+28	5.151575e+27	6.741065e+25	3.118866e+27	1.203261e+27	5.325573e+26	2.294797e+26	0.2188657	0	0.02640496	0.03560219	0.03560219	0.001424136	0.02670164	0	0	0	0	1.280678e-20	0	1.280678e-20	0	-328.877	0	-328.877	0	30149.85	77194.93	587.5365	8447.673	0.006389748	1	4.98957	0.4520701	1	2	0.003598317	0.01623356	
4340	909.0505	3.45e+19	0	0	100000	2	1e-05	1.261326e+26	1.033265e+26	9.610174e+25	7.22473e+24	2.212154e+25	6.845509e+23	9.163476e+24	7.506624e+24	6.98175e+24	5.248735e+23	1.60712e+24	4.973233e+22	0.005427235	9.163476e+25	7.506624e+25	6.98175e+25	5.248735e+24	8.289229e-212	3.137834e+17	1.656852e+25	0	0	0	0	0	0	0	0	0	0	0	0	0	0	1.180471e+26	0	1.180471e+26	5.336377e+25	0	5.336377e+25	2.856848e+25	0	2.856848e+25	1.067275e+26	0	1.067275e+26	3.180265e+25	0	3.180265e+25	1.018763e+26	0	1.018763e+26	4.943266e+23	6.392474e-10	0.0005408907	1.138925e+13	7693686	45574.68	9.415087e-08	1.894899e-14	5.8945e-22	0.2158149	0.5	0.002014018	1	18.41558	2.290071	10569.8	1.117189e+26	1.827432e+28	5.151575e+27	6.741065e+25	3.118866e+27	1.203261e+27	5.325573e+26	2.294797e+26	0.2188657	0	0.02637236	0.03560219	0.03560219	0.001424136	0.02670164	0	0	0	0	1.280678e-20	0	1.280678e-20	0	-328.877	0	-328.877	0	30149.85	77194.93	591.4363	8447.673	0.006389749	1	4.990002	0.45207	1	2	0.00363285	0.01633897	
4368	909.0505	3.45e+19	0	0	100000	2	1e-05	1.269463e+26	1.039228e+26	9.666707e+25	7.255709e+24	2.23325e+25	6.910232e+23	9.222595e+24	7.549946e+24	7.022822e+24	5.271242e+23	1.622447e+24	5.020254e+22	0.005443429	9.222595e+25	7.549946e+25	7.022822e+25	5.271242e+24	2.467341e-213	3.137834e+17	1.672649e+25	0	0	0	0	0	0	0	0	0	0	0	0	0	0	1.188087e+26	0	1.188087e+26	5.370805e+25	0	5.370805e+25	2.87528e+25	0	2.87528e+25	1.074161e+26	0	1.074161e+26	3.200783e+25	0	3.200783e+25	1.025336e+26	0	1.025336e+26	4.935734e+23	6.404903e-10	0.0005432228	1.134566e+13	7796949	46194.34	9.457008e-08	1.911811e-14	5.973587e-22	0.2169076	0.5	0.002033228	1	18.53439	2.304845	10569.8	1.117189e+26	1.827432e+28	5.151575e+27	6.741065e+25	3.118866e+27	1.203261e+27	5.325573e+26	2.294797e+26	0.2188657	0	0.02634008	0.03560219	0.03560219	0.001424136	0.02670164	0	0	0	0	1.280678e-20	0	1.280678e-20	0	-328.877	0	-328.877	0	30149.85	77194.93	595.3368	8447.673	0.006389749	1	4.990432	0.45207	1	2	0.003667487	0.01644438	
4396	909.0505	3.45e+19	0	0	100000	2	1e-05	1.277601e+26	1.045184e+26	9.723186e+25	7.286592e+24	2.254408e+25	6.975379e+23	9.281714e+24	7.593221e+24	7.063853e+24	5.293678e+23	1.637818e+24	5.067583e+22	0.005459749	9.281714e+25	7.593221e+25	7.063853e+25	5.293678e+24	7.370166e-215	3.137834e+17	1.688494e+25	0	0	0	0	0	0	0	0	0	0	0	0	0	0	1.195703e+26	0	1.195703e+26	5.405234e+25	0	5.405234e+25	2.893711e+25	0	2.893711e+25	1.081047e+26	0	1.081047e+26	3.221301e+25	0	3.221301e+25	1.031908e+26	0	1.031908e+26	4.928258e+23	6.417268e-10	0.0005455475	1.130221e+13	7901121	46819.56	9.498924e-08	1.928796e-14	6.05337e-22	0.2179966	0.5	0.002052494	1	18.6532	2.31962	10569.8	1.117189e+26	1.827432e+28	5.151575e+27	6.741065e+25	3.118866e+27	1.203261e+27	5.325573e+26	2.294797e+26	0.2188657	0	0.02630812	0.03560219	0.03560219	0.001424136	0.02670164	0	0	0	0	1.280678e-20	0	1.280678e-20	0	-328.877	0	-328.877	0	30149.85	77194.93	599.2381	8447.673	0.006389748	1	4.99086	0.45207	1	2	0.003702228	0.01654979	
4424	909.0505	3.45e+19	0	0	100000	2	1e-05	1.285738e+26	1.051135e+26	9.779609e+25	7.317378e+24	2.275627e+25	7.040959e+23	9.340834e+24	7.636448e+24	7.104844e+24	5.316044e+23	1.653233e+24	5.115227e+22	0.005476199	9.340834e+25	7.636448e+25	7.104844e+25	5.316044e+24	2.209633e-216	3.137834e+17	1.704385e+25	0	0	0	0	0	0	0	0	0	0	0	0	0	0	1.203319e+26	0	1.203319e+26	5.439662e+25	0	5.439662e+25	2.912142e+25	0	2.912142e+25	1.087932e+26	0	1.087932e+26	3.241819e+25	0	3.241819e+25	1.038481e+26	0	1.038481e+26	4.920837e+23	6.429571e-10	0.0005478649	1.125891e+13	8006207	47450.39	9.540837e-08	1.945855e-14	6.133853e-22	0.219082	0.5	0.002071815	1	18.77201	2.334395	10569.8	1.117189e+26	1.827432e+28	5.151575e+27	6.741065e+25	3.118866e+27	1.203261e+27	5.325573e+26	2.294797e+26	0.2188657	0	0.02627646	0.03560219	0.03560219	0.001424136	0.02670164	0	0	0	0	1.280678e-20	0	1.280678e-20	0	-328.877	0	-328.877	0	30149.85	77194.93	603.1402	8447.673	0.006389748	1	4.991287	0.45207	1	2	0.003737072	0.01665521	
4452	909.0505	3.45e+19	0	0	100000	2	1e-05	1.293876e+26	1.057078e+26	9.835977e+25	7.348069e+24	2.296905e+25	7.106985e+23	9.399953e+24	7.679629e+24	7.145795e+24	5.338341e+23	1.668692e+24	5.163194e+22	0.005492787	9.399953e+25	7.679629e+25	7.145795e+25	5.338341e+24	6.649974e-218	3.137834e+17	1.720324e+25	0	0	0	0	0	0	0	0	0	0	0	0	0	0	1.210935e+26	0	1.210935e+26	5.47409e+25	0	5.47409e+25	2.930574e+25	0	2.930574e+25	1.094818e+26	0	1.094818e+26	3.262337e+25	0	3.262337e+25	1.045054e+26	0	1.045054e+26	4.91347e+23	6.441811e-10	0.000550175	1.121575e+13	8112213	48086.83	9.582746e-08	1.962987e-14	6.215039e-22	0.2201638	0.5	0.00209119	1	18.89082	2.349169	10569.8	1.117189e+26	1.827432e+28	5.151575e+27	6.741065e+25	3.118866e+27	1.203261e+27	5.325573e+26	2.294797e+26	0.2188657	0	0.02624511	0.03560219	0.03560219	0.001424136	0.02670164	0	0	0	0	1.280678e-20	0	1.280678e-20	0	-328.877	0	-328.877	0	30149.85	77194.93	607.0431	8447.673	0.006389748	1	4.991712	0.45207	1	2	0.003772019	0.01676062	
4480	909.0505	3.45e+19	0	0	100000	2	1e-05	1.302013e+26	1.063016e+26	9.89229e+25	7.378666e+24	2.318244e+25	7.173467e+23	9.459072e+24	7.722763e+24	7.186706e+24	5.360569e+23	1.684194e+24	5.211493e+22	0.005509518	9.459072e+25	7.722763e+25	7.186706e+25	5.360569e+24	2.009273e-219	3.137834e+17	1.736309e+25	0	0	0	0	0	0	0	0	0	0	0	0	0	0	1.218551e+26	0	1.218551e+26	5.508518e+25	0	5.508518e+25	2.949005e+25	0	2.949005e+25	1.101704e+26	0	1.101704e+26	3.282854e+25	0	3.282854e+25	1.051626e+26	0	1.051626e+26	4.906157e+23	6.45399e-10	0.0005524779	1.117274e+13	8219145	48728.93	9.624653e-08	1.980193e-14	6.296934e-22	0.2212419	0.5	0.00211062	1	19.00963	2.363944	10569.8	1.117189e+26	1.827432e+28	5.151575e+27	6.741065e+25	3.118866e+27	1.203261e+27	5.325573e+26	2.294797e+26	0.2188657	0	0.02621406	0.03560219	0.03560219	0.001424136	0.02670164	0	0	0	0	1.280678e-20	0	1.280678e-20	0	-328.877	0	-328.877	0	30149.85	77194.93	610.9468	8447.673	0.006389749	1	4.992136	0.45207	1	2	0.003807068	0.01686603	
4508	909.0505	3.45e+19	0	0	100000	2	1e-05	1.310151e+26	1.068946e+26	9.948548e+25	7.409168e+24	2.339641e+25	7.240417e+23	9.518191e+24	7.76585e+24	7.227577e+24	5.382729e+23	1.69974e+24	5.260132e+22	0.005526399	9.518191e+25	7.76585e+25	7.227577e+25	5.382729e+24	6.095936e-221	3.137834e+17	1.752341e+25	0	0	0	0	0	0	0	0	0	0	0	0	0	0	1.226167e+26	0	1.226167e+26	5.542947e+25	0	5.542947e+25	2.967436e+25	0	2.967436e+25	1.108589e+26	0	1.108589e+26	3.303372e+25	0	3.303372e+25	1.058199e+26	0	1.058199e+26	4.898896e+23	6.466108e-10	0.0005547736	1.112988e+13	8327007	49376.72	9.666557e-08	1.997474e-14	6.37954e-22	0.2223163	0.5	0.002130105	1	19.12844	2.378719	10569.8	1.117189e+26	1.827432e+28	5.151575e+27	6.741065e+25	3.118866e+27	1.203261e+27	5.325573e+26	2.294797e+26	0.2188657	0	0.0261833	0.03560219	0.03560219	0.001424136	0.02670164	0	0	0	0	1.280678e-20	0	1.280678e-20	0	-328.877	0	-328.877	0	30149.85	77194.93	614.8512	8447.673	0.006389749	1	4.992559	0.45207	1	2	0.00384222	0.01697145	
4536	909.0505	3.45e+19	0	0	100000	2	1e-05	1.318289e+26	1.074871e+26	1.000475e+26	7.439577e+24	2.361098e+25	7.307847e+23	9.57731e+24	7.808891e+24	7.268409e+24	5.404821e+23	1.715328e+24	5.30912e+22	0.005543435	9.57731e+25	7.808891e+25	7.268409e+25	5.404821e+24	1.857322e-222	3.137834e+17	1.768419e+25	0	0	0	0	0	0	0	0	0	0	0	0	0	0	1.233783e+26	0	1.233783e+26	5.577375e+25	0	5.577375e+25	2.985867e+25	0	2.985867e+25	1.115475e+26	0	1.115475e+26	3.32389e+25	0	3.32389e+25	1.064772e+26	0	1.064772e+26	4.891688e+23	6.478166e-10	0.0005570621	1.108715e+13	8435804	50030.23	9.70846e-08	2.014829e-14	6.462863e-22	0.2233872	0.5	0.002149643	1	19.24725	2.393493	10569.8	1.117189e+26	1.827432e+28	5.151575e+27	6.741065e+25	3.118866e+27	1.203261e+27	5.325573e+26	2.294797e+26	0.2188657	0	0.02615282	0.03560219	0.03560219	0.001424136	0.02670164	0	0	0	0	1.280678e-20	0	1.280678e-20	0	-328.877	0	-328.877	0	30149.85	77194.93	618.7564	8447.673	0.006389748	1	4.99298	0.45207	1	2	0.003877474	0.01707686	
4564	909.0505	3.45e+19	0	0	100000	2	1e-05	1.326426e+26	1.080789e+26	1.00609e+26	7.469893e+24	2.382614e+25	7.375769e+23	9.63643e+24	7.851886e+24	7.309201e+24	5.426845e+23	1.730959e+24	5.358465e+22	0.005560633	9.63643e+25	7.851886e+25	7.309201e+25	5.426845e+24	5.683861e-224	3.137834e+17	1.784544e+25	0	0	0	0	0	0	0	0	0	0	0	0	0	0	1.241399e+26	0	1.241399e+26	5.611803e+25	0	5.611803e+25	3.004299e+25	0	3.004299e+25	1.122361e+26	0	1.122361e+26	3.344408e+25	0	3.344408e+25	1.071344e+26	0	1.071344e+26	4.884532e+23	6.490165e-10	0.0005593436	1.104458e+13	8545543	50689.49	9.750362e-08	2.032258e-14	6.546907e-22	0.2244544	0.5	0.002169234	1	19.36606	2.408268	10569.8	1.117189e+26	1.827432e+28	5.151575e+27	6.741065e+25	3.118866e+27	1.203261e+27	5.325573e+26	2.294797e+26	0.2188657	0	0.02612264	0.03560219	0.03560219	0.001424136	0.02670164	0	0	0	0	1.280678e-20	0	1.280678e-20	0	-328.877	0	-328.877	0	30149.85	77194.93	622.6624	8447.673	0.006389748	1	4.993399	0.45207	1	2	0.003912829	0.01718227	
4592	909.0505	3.45e+19	0	0	100000	2	1e-05	1.334564e+26	1.086701e+26	1.0117e+26	7.500117e+24	2.404188e+25	7.444195e+23	9.695549e+24	7.894835e+24	7.349954e+24	5.448803e+23	1.746633e+24	5.408176e+22	0.005577999	9.695549e+25	7.894835e+25	7.349954e+25	5.448803e+24	1.747321e-225	3.137834e+17	1.800714e+25	0	0	0	0	0	0	0	0	0	0	0	0	0	0	1.249015e+26	0	1.249015e+26	5.646231e+25	0	5.646231e+25	3.02273e+25	0	3.02273e+25	1.129246e+26	0	1.129246e+26	3.364926e+25	0	3.364926e+25	1.077917e+26	0	1.077917e+26	4.877426e+23	6.502104e-10	0.000561618	1.100215e+13	8656229	51354.53	9.792264e-08	2.049763e-14	6.631674e-22	0.2255179	0.5	0.002188879	1	19.48487	2.423043	10569.8	1.117189e+26	1.827432e+28	5.151575e+27	6.741065e+25	3.118866e+27	1.203261e+27	5.325573e+26	2.294797e+26	0.2188657	0	0.02609273	0.03560219	0.03560219	0.001424136	0.02670164	0	0	0	0	1.280678e-20	0	1.280678e-20	0	-328.877	0	-328.877	0	30149.85	77194.93	626.5691	8447.673	0.006389748	1	4.993817	0.45207	1	2	0.003948285	0.01728768	
4620	909.0505	3.45e+19	0	0	100000	2	1e-05	1.342701e+26	1.092606e+26	1.017304e+26	7.53025e+24	2.425821e+25	7.513139e+23	9.754668e+24	7.937737e+24	7.390668e+24	5.470695e+23	1.762348e+24	5.458263e+22	0.00559554	9.754668e+25	7.937737e+25	7.390668e+25	5.470695e+24	5.396837e-227	3.137834e+17	1.816931e+25	0	0	0	0	0	0	0	0	0	0	0	0	0	0	1.256631e+26	0	1.256631e+26	5.68066e+25	0	5.68066e+25	3.041161e+25	0	3.041161e+25	1.136132e+26	0	1.136132e+26	3.385444e+25	0	3.385444e+25	1.08449e+26	0	1.08449e+26	4.870371e+23	6.513985e-10	0.0005638855	1.095986e+13	8767867	52025.38	9.834165e-08	2.067342e-14	6.717171e-22	0.2265778	0.5	0.002208577	1	19.60368	2.437817	10569.8	1.117189e+26	1.827432e+28	5.151575e+27	6.741065e+25	3.118866e+27	1.203261e+27	5.325573e+26	2.294797e+26	0.2188657	0	0.02606309	0.03560219	0.03560219	0.001424136	0.02670164	0	0	0	0	1.280678e-20	0	1.280678e-20	0	-328.877	0	-328.877	0	30149.85	77194.93	630.4766	8447.673	0.006389748	1	4.994234	0.45207	1	2	0.003983842	0.0173931	
4648	909.0505	3.45e+19	0	0	100000	2	1e-05	1.350839e+26	1.098505e+26	1.022902e+26	7.560292e+24	2.44751e+25	7.582612e+23	9.813787e+24	7.980594e+24	7.431342e+24	5.49252e+23	1.778106e+24	5.508735e+22	0.005613261	9.813787e+25	7.980594e+25	7.431342e+25	5.49252e+24	1.674972e-228	3.137834e+17	1.833193e+25	0	0	0	0	0	0	0	0	0	0	0	0	0	0	1.264247e+26	0	1.264247e+26	5.715088e+25	0	5.715088e+25	3.059592e+25	0	3.059592e+25	1.143018e+26	0	1.143018e+26	3.405961e+25	0	3.405961e+25	1.091062e+26	0	1.091062e+26	4.863365e+23	6.525809e-10	0.000566146	1.091772e+13	8880462	52702.08	9.876067e-08	2.084997e-14	6.8034e-22	0.2276341	0.5	0.002228328	1	19.72249	2.452592	10569.8	1.117189e+26	1.827432e+28	5.151575e+27	6.741065e+25	3.118866e+27	1.203261e+27	5.325573e+26	2.294797e+26	0.2188657	0	0.02603372	0.03560219	0.03560219	0.001424136	0.02670164	0	0	0	0	1.280678e-20	0	1.280678e-20	0	-328.877	0	-328.877	0	30149.85	77194.93	634.3848	8447.673	0.006389748	1	4.99465	0.45207	1	2	0.004019499	0.01749851	
4676	909.0505	3.45e+19	0	0	100000	2	1e-05	1.358977e+26	1.104398e+26	1.028496e+26	7.590245e+24	2.469258e+25	7.652629e+23	9.872906e+24	8.023405e+24	7.471977e+24	5.51428e+23	1.793905e+24	5.559602e+22	0.005631171	9.872906e+25	8.023405e+25	7.471977e+25	5.51428e+24	5.224467e-230	3.137834e+17	1.849501e+25	0	0	0	0	0	0	0	0	0	0	0	0	0	0	1.271863e+26	0	1.271863e+26	5.749516e+25	0	5.749516e+25	3.078024e+25	0	3.078024e+25	1.149903e+26	0	1.149903e+26	3.426479e+25	0	3.426479e+25	1.097635e+26	0	1.097635e+26	4.856408e+23	6.537575e-10	0.0005683997	1.087572e+13	8994020	53384.65	9.91797e-08	2.102728e-14	6.890365e-22	0.2286867	0.5	0.00224813	1	19.8413	2.467367	10569.8	1.117189e+26	1.827432e+28	5.151575e+27	6.741065e+25	3.118866e+27	1.203261e+27	5.325573e+26	2.294797e+26	0.2188657	0	0.02600462	0.03560219	0.03560219	0.001424136	0.02670164	0	0	0	0	1.280678e-20	0	1.280678e-20	0	-328.877	0	-328.877	0	30149.85	77194.93	638.2939	8447.673	0.006389748	1	4.995063	0.45207	1	2	0.004055256	0.01760392	
4704	909.0505	3.45e+19	0	0	100000	2	1e-05	1.367114e+26	1.110285e+26	1.034084e+26	7.620107e+24	2.491062e+25	7.723202e+23	9.932026e+24	8.066171e+24	7.512573e+24	5.535975e+23	1.809746e+24	5.610873e+22	0.005649274	9.932026e+25	8.066171e+25	7.512573e+25	5.535975e+24	1.637975e-231	3.137834e+17	1.865855e+25	0	0	0	0	0	0	0	0	0	0	0	0	0	0	1.279479e+26	0	1.279479e+26	5.783944e+25	0	5.783944e+25	3.096455e+25	0	3.096455e+25	1.156789e+26	0	1.156789e+26	3.446997e+25	0	3.446997e+25	1.104208e+26	0	1.104208e+26	4.8495e+23	6.549285e-10	0.0005706465	1.083387e+13	9108547	54073.12	9.959874e-08	2.120534e-14	6.978072e-22	0.2297357	0.5	0.002267985	1	19.96011	2.482141	10569.8	1.117189e+26	1.827432e+28	5.151575e+27	6.741065e+25	3.118866e+27	1.203261e+27	5.325573e+26	2.294797e+26	0.2188657	0	0.02597578	0.03560219	0.03560219	0.001424136	0.02670164	0	0	0	0	1.280678e-20	0	1.280678e-20	0	-328.877	0	-328.877	0	30149.85	77194.93	642.2037	8447.673	0.006389748	1	4.995476	0.45207	1	2	0.004091113	0.01770933	
4732	909.0505	3.45e+19	0	0	100000	2	1e-05	1.375252e+26	1.116165e+26	1.039666e+26	7.649881e+24	2.512923e+25	7.794346e+23	9.991145e+24	8.108892e+24	7.553131e+24	5.557606e+23	1.825628e+24	5.662559e+22	0.005667578	9.991145e+25	8.108892e+25	7.553131e+25	5.557606e+24	5.162595e-233	3.137834e+17	1.882253e+25	0	0	0	0	0	0	0	0	0	0	0	0	0	0	1.287095e+26	0	1.287095e+26	5.818373e+25	0	5.818373e+25	3.114886e+25	0	3.114886e+25	1.163675e+26	0	1.163675e+26	3.467515e+25	0	3.467515e+25	1.11078e+26	0	1.11078e+26	4.84264e+23	6.560939e-10	0.0005728866	1.079216e+13	9224047	54767.53	1.000178e-07	2.138415e-14	7.066524e-22	0.2307811	0.5	0.002287891	1	20.07892	2.496916	10569.8	1.117189e+26	1.827432e+28	5.151575e+27	6.741065e+25	3.118866e+27	1.203261e+27	5.325573e+26	2.294797e+26	0.2188657	0	0.02594718	0.03560219	0.03560219	0.001424136	0.02670164	0	0	0	0	1.280678e-20	0	1.280678e-20	0	-328.877	0	-328.877	0	30149.85	77194.93	646.1142	8447.673	0.006389749	1	4.995887	0.4520699	1	2	0.004127069	0.01781475	
4760	909.0505	3.45e+19	0	0	100000	2	1e-05	1.383389e+26	1.122039e+26	1.045244e+26	7.679567e+24	2.53484e+25	7.866074e+23	1.005026e+25	8.151567e+24	7.59365e+24	5.579173e+23	1.84155e+24	5.714669e+22	0.005686089	1.005026e+26	8.151567e+25	7.59365e+25	5.579173e+24	1.636021e-234	3.137834e+17	1.898697e+25	0	0	0	0	0	0	0	0	0	0	0	0	0	0	1.29471e+26	0	1.29471e+26	5.852801e+25	0	5.852801e+25	3.133318e+25	0	3.133318e+25	1.17056e+26	0	1.17056e+26	3.488033e+25	0	3.488033e+25	1.117353e+26	0	1.117353e+26	4.835826e+23	6.572537e-10	0.0005751199	1.075059e+13	9340527	55467.91	1.004369e-07	2.156373e-14	7.155726e-22	0.2318229	0.5	0.002307849	1	20.19773	2.511691	10569.8	1.117189e+26	1.827432e+28	5.151575e+27	6.741065e+25	3.118866e+27	1.203261e+27	5.325573e+26	2.294797e+26	0.2188657	0	0.02591884	0.03560219	0.03560219	0.001424136	0.02670164	0	0	0	0	1.280678e-20	0	1.280678e-20	0	-328.877	0	-328.877	0	30149.85	77194.93	650.0254	8447.673	0.006389748	1	4.996297	0.4520699	1	2	0.004163124	0.01792016	
4788	909.0505	3.45e+19	0	0	100000	2	1e-05	1.391527e+26	1.127907e+26	1.050815e+26	7.709166e+24	2.556813e+25	7.938402e+23	1.010938e+25	8.194197e+24	7.63413e+24	5.600676e+23	1.857514e+24	5.767215e+22	0.005704814	1.010938e+26	8.194197e+25	7.63413e+25	5.600676e+24	5.213565e-236	3.137834e+17	1.915186e+25	0	0	0	0	0	0	0	0	0	0	0	0	0	0	1.302326e+26	0	1.302326e+26	5.887229e+25	0	5.887229e+25	3.151749e+25	0	3.151749e+25	1.177446e+26	0	1.177446e+26	3.508551e+25	0	3.508551e+25	1.123926e+26	0	1.123926e+26	4.82906e+23	6.584081e-10	0.0005773466	1.070917e+13	9457991	56174.29	1.00856e-07	2.174408e-14	7.245681e-22	0.232861	0.5	0.002327857	1	20.31654	2.526465	10569.8	1.117189e+26	1.827432e+28	5.151575e+27	6.741065e+25	3.118866e+27	1.203261e+27	5.325573e+26	2.294797e+26	0.2188657	0	0.02589074	0.03560219	0.03560219	0.001424136	0.02670164	0	0	0	0	1.280678e-20	0	1.280678e-20	0	-328.877	0	-328.877	0	30149.85	77194.93	653.9375	8447.673	0.006389749	1	4.996706	0.4520699	1	2	0.004199278	0.01802557	
4816	909.0505	3.45e+19	0	0	100000	2	1e-05	1.399664e+26	1.133769e+26	1.056382e+26	7.738677e+24	2.578842e+25	8.011343e+23	1.01685e+25	8.236783e+24	7.674571e+24	5.622116e+23	1.873518e+24	5.820206e+22	0.005723759	1.01685e+26	8.236783e+25	7.674571e+25	5.622116e+24	1.670975e-237	3.137834e+17	1.93172e+25	0	0	0	0	0	0	0	0	0	0	0	0	0	0	1.309942e+26	0	1.309942e+26	5.921657e+25	0	5.921657e+25	3.17018e+25	0	3.17018e+25	1.184331e+26	0	1.184331e+26	3.529068e+25	0	3.529068e+25	1.130498e+26	0	1.130498e+26	4.822339e+23	6.59557e-10	0.0005795666	1.066789e+13	9576445	56886.7	1.012751e-07	2.192518e-14	7.336393e-22	0.2338955	0.5	0.002347916	1	20.43535	2.54124	10569.8	1.117189e+26	1.827432e+28	5.151575e+27	6.741065e+25	3.118866e+27	1.203261e+27	5.325573e+26	2.294797e+26	0.2188657	0	0.02586289	0.03560219	0.03560219	0.001424136	0.02670164	0	0	0	0	1.280678e-20	0	1.280678e-20	0	-328.877	0	-328.877	0	30149.85	77194.93	657.8502	8447.673	0.006389749	1	4.997113	0.4520699	1	2	0.00423553	0.01813099	
4844	909.0505	3.45e+19	0	0	100000	2	1e-05	1.407802e+26	1.139625e+26	1.061944e+26	7.768103e+24	2.600926e+25	8.084912e+23	1.022762e+25	8.279324e+24	7.714974e+24	5.643493e+23	1.889561e+24	5.873654e+22	0.005742932	1.022762e+26	8.279324e+25	7.714974e+25	5.643493e+24	5.387151e-239	3.137834e+17	1.948298e+25	0	0	0	0	0	0	0	0	0	0	0	0	0	0	1.317558e+26	0	1.317558e+26	5.956086e+25	0	5.956086e+25	3.188611e+25	0	3.188611e+25	1.191217e+26	0	1.191217e+26	3.549586e+25	0	3.549586e+25	1.137071e+26	0	1.137071e+26	4.815664e+23	6.607005e-10	0.00058178	1.062676e+13	9695895	57605.16	1.016943e-07	2.210706e-14	7.427867e-22	0.2349264	0.5	0.002368025	1	20.55416	2.556015	10569.8	1.117189e+26	1.827432e+28	5.151575e+27	6.741065e+25	3.118866e+27	1.203261e+27	5.325573e+26	2.294797e+26	0.2188657	0	0.02583526	0.03560219	0.03560219	0.001424136	0.02670164	0	0	0	0	1.280678e-20	0	1.280678e-20	0	-328.877	0	-328.877	0	30149.85	77194.93	661.7637	8447.673	0.006389749	1	4.997519	0.4520699	1	2	0.00427188	0.0182364	
4872	909.0505	3.45e+19	0	0	100000	2	1e-05	1.41594e+26	1.145474e+26	1.0675e+26	7.797442e+24	2.623064e+25	8.159125e+23	1.028674e+25	8.32182e+24	7.755339e+24	5.664808e+23	1.905645e+24	5.927569e+22	0.005762339	1.028674e+26	8.32182e+25	7.755339e+25	5.664808e+24	1.747296e-240	3.137834e+17	1.964921e+25	0	0	0	0	0	0	0	0	0	0	0	0	0	0	1.325174e+26	0	1.325174e+26	5.990514e+25	0	5.990514e+25	3.207043e+25	0	3.207043e+25	1.198103e+26	0	1.198103e+26	3.570104e+25	0	3.570104e+25	1.143644e+26	0	1.143644e+26	4.809034e+23	6.618388e-10	0.0005839869	1.058577e+13	9816345	58329.73	1.021136e-07	2.22897e-14	7.520108e-22	0.2359537	0.5	0.002388185	1	20.67297	2.570789	10569.8	1.117189e+26	1.827432e+28	5.151575e+27	6.741065e+25	3.118866e+27	1.203261e+27	5.325573e+26	2.294797e+26	0.2188657	0	0.02580787	0.03560219	0.03560219	0.001424136	0.02670164	0	0	0	0	1.280678e-20	0	1.280678e-20	0	-328.877	0	-328.877	0	30149.85	77194.93	665.678	8447.673	0.006389749	1	4.997923	0.4520699	1	2	0.004308327	0.01834181	
4900	909.0505	3.45e+19	0	0	100000	2	1e-05	1.424077e+26	1.151317e+26	1.07305e+26	7.826697e+24	2.645258e+25	8.233997e+23	1.034586e+25	8.364272e+24	7.795666e+24	5.686062e+23	1.921768e+24	5.981963e+22	0.005781988	1.034586e+26	8.364272e+25	7.795666e+25	5.686062e+24	5.702377e-242	3.137834e+17	1.981588e+25	0	0	0	0	0	0	0	0	0	0	0	0	0	0	1.33279e+26	0	1.33279e+26	6.024942e+25	0	6.024942e+25	3.225474e+25	0	3.225474e+25	1.204988e+26	0	1.204988e+26	3.590622e+25	0	3.590622e+25	1.150216e+26	0	1.150216e+26	4.802449e+23	6.629717e-10	0.0005861873	1.054493e+13	9937803	59060.41	1.025328e-07	2.247311e-14	7.613118e-22	0.2369774	0.5	0.002408394	1	20.79178	2.585564	10569.8	1.117189e+26	1.827432e+28	5.151575e+27	6.741065e+25	3.118866e+27	1.203261e+27	5.325573e+26	2.294797e+26	0.2188657	0	0.0257807	0.03560219	0.03560219	0.001424136	0.02670164	0	0	0	0	1.280678e-20	0	1.280678e-20	0	-328.877	0	-328.877	0	30149.85	77194.93	669.593	8447.673	0.006389749	1	4.998326	0.4520699	1	2	0.004344872	0.01844722	
4928	909.0505	3.45e+19	0	0	100000	2	1e-05	1.432215e+26	1.157155e+26	1.078596e+26	7.855867e+24	2.667505e+25	8.309543e+23	1.040498e+25	8.40668e+24	7.835954e+24	5.707253e+23	1.937931e+24	6.036848e+22	0.005801884	1.040498e+26	8.40668e+25	7.835954e+25	5.707253e+24	1.8728e-243	3.137834e+17	1.998299e+25	0	0	0	0	0	0	0	0	0	0	0	0	0	0	1.340406e+26	0	1.340406e+26	6.05937e+25	0	6.05937e+25	3.243905e+25	0	3.243905e+25	1.211874e+26	0	1.211874e+26	3.61114e+25	0	3.61114e+25	1.156789e+26	0	1.156789e+26	4.795907e+23	6.640995e-10	0.0005883812	1.050423e+13	1.006027e+07	59797.25	1.029521e-07	2.26573e-14	7.706903e-22	0.2379974	0.5	0.002428652	1	20.91059	2.600338	10569.8	1.117189e+26	1.827432e+28	5.151575e+27	6.741065e+25	3.118866e+27	1.203261e+27	5.325573e+26	2.294797e+26	0.2188657	0	0.02575375	0.03560219	0.03560219	0.001424136	0.02670164	0	0	0	0	1.280678e-20	0	1.280678e-20	0	-328.877	0	-328.877	0	30149.85	77194.93	673.5087	8447.673	0.006389748	1	4.998728	0.4520699	1	2	0.004381514	0.01855264	
4956	909.0505	3.45e+19	0	0	100000	2	1e-05	1.440352e+26	1.162986e+26	1.084136e+26	7.884953e+24	2.689806e+25	8.385781e+23	1.04641e+25	8.449044e+24	7.876205e+24	5.728384e+23	1.954133e+24	6.092234e+22	0.005822034	1.04641e+26	8.449044e+25	7.876205e+25	5.728384e+24	6.190648e-245	3.137834e+17	2.015055e+25	0	0	0	0	0	0	0	0	0	0	0	0	0	0	1.348022e+26	0	1.348022e+26	6.093798e+25	0	6.093798e+25	3.262337e+25	0	3.262337e+25	1.21876e+26	0	1.21876e+26	3.631658e+25	0	3.631658e+25	1.163362e+26	0	1.163362e+26	4.789409e+23	6.652221e-10	0.0005905688	1.046367e+13	1.018376e+07	60540.28	1.033715e-07	2.284226e-14	7.801466e-22	0.2390139	0.5	0.002448959	1	21.0294	2.615113	10569.8	1.117189e+26	1.827432e+28	5.151575e+27	6.741065e+25	3.118866e+27	1.203261e+27	5.325573e+26	2.294797e+26	0.2188657	0	0.02572702	0.03560219	0.03560219	0.001424136	0.02670164	0	0	0	0	1.280678e-20	0	1.280678e-20	0	-328.877	0	-328.877	0	30149.85	77194.93	677.4251	8447.673	0.006389749	1	4.999129	0.4520699	1	2	0.004418253	0.01865805	
4984	909.0505	3.45e+19	0	0	100000	2	1e-05	1.44849e+26	1.168811e+26	1.089672e+26	7.913955e+24	2.71216e+25	8.462726e+23	1.052322e+25	8.491363e+24	7.916418e+24	5.749455e+23	1.970373e+24	6.148134e+22	0.005842447	1.052322e+26	8.491363e+25	7.916418e+25	5.749455e+24	2.059934e-246	3.137834e+17	2.031854e+25	0	0	0	0	0	0	0	0	0	0	0	0	0	0	1.355638e+26	0	1.355638e+26	6.128227e+25	0	6.128227e+25	3.280768e+25	0	3.280768e+25	1.225645e+26	0	1.225645e+26	3.652176e+25	0	3.652176e+25	1.169934e+26	0	1.169934e+26	4.782954e+23	6.663395e-10	0.0005927499	1.042326e+13	1.030827e+07	61289.53	1.037909e-07	2.302799e-14	7.896812e-22	0.2400267	0.5	0.002469315	1	21.14821	2.629888	10569.8	1.117189e+26	1.827432e+28	5.151575e+27	6.741065e+25	3.118866e+27	1.203261e+27	5.325573e+26	2.294797e+26	0.2188657	0	0.0257005	0.03560219	0.03560219	0.001424136	0.02670164	0	0	0	0	1.280678e-20	0	1.280678e-20	0	-328.877	0	-328.877	0	30149.85	77194.93	681.3423	8447.673	0.006389748	1	4.999529	0.4520699	1	2	0.004455087	0.01876346	
5012	909.0505	3.45e+19	0	0	100000	2	1e-05	1.456628e+26	1.17463e+26	1.095202e+26	7.942875e+24	2.734568e+25	8.540394e+23	1.058234e+25	8.533639e+24	7.956593e+24	5.770465e+23	1.986652e+24	6.20456e+22	0.005863128	1.058234e+26	8.533639e+25	7.956593e+25	5.770465e+24	6.900898e-248	3.137834e+17	2.048697e+25	0	0	0	0	0	0	0	0	0	0	0	0	0	0	1.363254e+26	0	1.363254e+26	6.162655e+25	0	6.162655e+25	3.299199e+25	0	3.299199e+25	1.232531e+26	0	1.232531e+26	3.672693e+25	0	3.672693e+25	1.176507e+26	0	1.176507e+26	4.776541e+23	6.674519e-10	0.0005949248	1.038299e+13	1.043381e+07	62045.02	1.042104e-07	2.32145e-14	7.992945e-22	0.2410359	0.5	0.00248972	1	21.26702	2.644662	10569.8	1.117189e+26	1.827432e+28	5.151575e+27	6.741065e+25	3.118866e+27	1.203261e+27	5.325573e+26	2.294797e+26	0.2188657	0	0.02567419	0.03560219	0.03560219	0.001424136	0.02670164	0	0	0	0	1.280678e-20	0	1.280678e-20	0	-328.877	0	-328.877	0	30149.85	77194.93	685.2602	8447.673	0.006389748	1	4.999927	0.4520699	1	2	0.004492018	0.01886887	
5040	909.0505	3.45e+19	0	0	100000	2	1e-05	1.464765e+26	1.180444e+26	1.100726e+26	7.971712e+24	2.757028e+25	8.618803e+23	1.064146e+25	8.575872e+24	7.99673e+24	5.791415e+23	2.002969e+24	6.261523e+22	0.005884085	1.064146e+26	8.575872e+25	7.99673e+25	5.791415e+24	2.327851e-249	3.137834e+17	2.065584e+25	0	0	0	0	0	0	0	0	0	0	0	0	0	0	1.37087e+26	0	1.37087e+26	6.197083e+25	0	6.197083e+25	3.31763e+25	0	3.31763e+25	1.239417e+26	0	1.239417e+26	3.693211e+25	0	3.693211e+25	1.18308e+26	0	1.18308e+26	4.77017e+23	6.685593e-10	0.0005970933	1.034286e+13	1.056038e+07	62806.8	1.046299e-07	2.340179e-14	8.089869e-22	0.2420415	0.5	0.002510172	1	21.38584	2.659437	10569.8	1.117189e+26	1.827432e+28	5.151575e+27	6.741065e+25	3.118866e+27	1.203261e+27	5.325573e+26	2.294797e+26	0.2188657	0	0.02564808	0.03560219	0.03560219	0.001424136	0.02670164	0	0	0	0	1.280678e-20	0	1.280678e-20	0	-328.877	0	-328.877	0	30149.85	77194.93	689.1788	8447.673	0.006389748	1	5.000324	0.4520699	1	2	0.004529045	0.01897429	
5068	909.0505	3.45e+19	0	0	100000	2	1e-05	1.472903e+26	1.186251e+26	1.106246e+26	8.000468e+24	2.77954e+25	8.697969e+23	1.070058e+25	8.618061e+24	8.03683e+24	5.812306e+23	2.019324e+24	6.319037e+22	0.005905325	1.070058e+26	8.618061e+25	8.03683e+25	5.812306e+24	7.907942e-251	3.137834e+17	2.082515e+25	0	0	0	0	0	0	0	0	0	0	0	0	0	0	1.378486e+26	0	1.378486e+26	6.231511e+25	0	6.231511e+25	3.336062e+25	0	3.336062e+25	1.246302e+26	0	1.246302e+26	3.713729e+25	0	3.713729e+25	1.189652e+26	0	1.189652e+26	4.76384e+23	6.696617e-10	0.0005992556	1.030288e+13	1.068799e+07	63574.88	1.050495e-07	2.358987e-14	8.187588e-22	0.2430435	0.5	0.002530672	1	21.50465	2.674212	10569.8	1.117189e+26	1.827432e+28	5.151575e+27	6.741065e+25	3.118866e+27	1.203261e+27	5.325573e+26	2.294797e+26	0.2188657	0	0.02562217	0.03560219	0.03560219	0.001424136	0.02670164	0	0	0	0	1.280678e-20	0	1.280678e-20	0	-328.877	0	-328.877	0	30149.85	77194.93	693.0982	8447.673	0.006389748	1	5.000719	0.4520699	1	2	0.004566166	0.0190797	
5096	909.0505	3.45e+19	0	0	100000	2	1e-05	1.48104e+26	1.192052e+26	1.11176e+26	8.029143e+24	2.802105e+25	8.77791e+23	1.075969e+25	8.660206e+24	8.076892e+24	5.833138e+23	2.035717e+24	6.377114e+22	0.005926854	1.075969e+26	8.660206e+25	8.076892e+25	5.833138e+24	2.705776e-252	3.137834e+17	2.099488e+25	0	0	0	0	0	0	0	0	0	0	0	0	0	0	1.386102e+26	0	1.386102e+26	6.26594e+25	0	6.26594e+25	3.354493e+25	0	3.354493e+25	1.253188e+26	0	1.253188e+26	3.734247e+25	0	3.734247e+25	1.196225e+26	0	1.196225e+26	4.757552e+23	6.707591e-10	0.0006014118	1.026304e+13	1.081664e+07	64349.31	1.054692e-07	2.377872e-14	8.286106e-22	0.2440419	0.5	0.002551219	1	21.62346	2.688986	10569.8	1.117189e+26	1.827432e+28	5.151575e+27	6.741065e+25	3.118866e+27	1.203261e+27	5.325573e+26	2.294797e+26	0.2188657	0	0.02559646	0.03560219	0.03560219	0.001424136	0.02670164	0	0	0	0	1.280678e-20	0	1.280678e-20	0	-328.877	0	-328.877	0	30149.85	77194.93	697.0183	8447.673	0.006389748	1	5.001114	0.4520699	1	2	0.004603383	0.01918511	
5124	909.0505	3.45e+19	0	0	100000	2	1e-05	1.489178e+26	1.197847e+26	1.11727e+26	8.057737e+24	2.824721e+25	8.858644e+23	1.081881e+25	8.702308e+24	8.116917e+24	5.853911e+23	2.052147e+24	6.435767e+22	0.005948681	1.081881e+26	8.702308e+25	8.116917e+25	5.853911e+24	9.326109e-254	3.137834e+17	2.116505e+25	0	0	0	0	0	0	0	0	0	0	0	0	0	0	1.393718e+26	0	1.393718e+26	6.300368e+25	0	6.300368e+25	3.372924e+25	0	3.372924e+25	1.260074e+26	0	1.260074e+26	3.754765e+25	0	3.754765e+25	1.202798e+26	0	1.202798e+26	4.751303e+23	6.718517e-10	0.0006035617	1.022334e+13	1.094635e+07	65130.11	1.058889e-07	2.396836e-14	8.385429e-22	0.2450367	0.5	0.002571813	1	21.74227	2.703761	10569.8	1.117189e+26	1.827432e+28	5.151575e+27	6.741065e+25	3.118866e+27	1.203261e+27	5.325573e+26	2.294797e+26	0.2188657	0	0.02557093	0.03560219	0.03560219	0.001424136	0.02670164	0	0	0	0	1.280678e-20	0	1.280678e-20	0	-328.877	0	-328.877	0	30149.85	77194.93	700.9391	8447.673	0.006389748	1	5.001507	0.4520698	1	2	0.004640695	0.01929052	
5152	909.0505	3.45e+19	0	0	100000	2	1e-05	1.497315e+26	1.203636e+26	1.122774e+26	8.086251e+24	2.847388e+25	8.940188e+23	1.087793e+25	8.744368e+24	8.156905e+24	5.874627e+23	2.068615e+24	6.495008e+22	0.005970811	1.087793e+26	8.744368e+25	8.156905e+25	5.874627e+24	3.238541e-255	3.137834e+17	2.133565e+25	0	0	0	0	0	0	0	0	0	0	0	0	0	0	1.401334e+26	0	1.401334e+26	6.334796e+25	0	6.334796e+25	3.391356e+25	0	3.391356e+25	1.266959e+26	0	1.266959e+26	3.775283e+25	0	3.775283e+25	1.20937e+26	0	1.20937e+26	4.745095e+23	6.729395e-10	0.0006057056	1.018379e+13	1.107711e+07	65917.32	1.063087e-07	2.415879e-14	8.485559e-22	0.246028	0.5	0.002592454	1	21.86108	2.718536	10569.8	1.117189e+26	1.827432e+28	5.151575e+27	6.741065e+25	3.118866e+27	1.203261e+27	5.325573e+26	2.294797e+26	0.2188657	0	0.02554559	0.03560219	0.03560219	0.001424136	0.02670164	0	0	0	0	1.280678e-20	0	1.280678e-20	0	-328.877	0	-328.877	0	30149.85	77194.93	704.8606	8447.673	0.006389748	1	5.001899	0.4520698	1	2	0.004678101	0.01939594	
5180	909.0505	3.45e+19	0	0	100000	2	1e-05	1.505453e+26	1.20942e+26	1.128273e+26	8.114685e+24	2.870106e+25	9.022561e+23	1.093705e+25	8.786384e+24	8.196856e+24	5.895284e+23	2.085119e+24	6.554852e+22	0.005993253	1.093705e+26	8.786384e+25	8.196856e+25	5.895284e+24	1.133177e-256	3.137834e+17	2.150668e+25	0	0	0	0	0	0	0	0	0	0	0	0	0	0	1.40895e+26	0	1.40895e+26	6.369224e+25	0	6.369224e+25	3.409787e+25	0	3.409787e+25	1.273845e+26	0	1.273845e+26	3.7958e+25	0	3.7958e+25	1.215943e+26	0	1.215943e+26	4.738926e+23	6.740225e-10	0.0006078433	1.014438e+13	1.120893e+07	66710.96	1.067286e-07	2.435e-14	8.586501e-22	0.2470156	0.5	0.002613141	1	21.97989	2.73331	10569.8	1.117189e+26	1.827432e+28	5.151575e+27	6.741065e+25	3.118866e+27	1.203261e+27	5.325573e+26	2.294797e+26	0.2188657	0	0.02552044	0.03560219	0.03560219	0.001424136	0.02670164	0	0	0	0	1.280678e-20	0	1.280678e-20	0	-328.877	0	-328.877	0	30149.85	77194.93	708.7828	8447.673	0.006389749	1	5.00229	0.4520698	1	2	0.004715601	0.01950135	
5208	909.0505	3.45e+19	0	0	100000	2	1e-05	1.513591e+26	1.215197e+26	1.133767e+26	8.14304e+24	2.892874e+25	9.105781e+23	1.099617e+25	8.828358e+24	8.236769e+24	5.915884e+23	2.10166e+24	6.615311e+22	0.006016013	1.099617e+26	8.828358e+25	8.236769e+25	5.915884e+24	3.995798e-258	3.137834e+17	2.167814e+25	0	0	0	0	0	0	0	0	0	0	0	0	0	0	1.416566e+26	0	1.416566e+26	6.403653e+25	0	6.403653e+25	3.428218e+25	0	3.428218e+25	1.280731e+26	0	1.280731e+26	3.816318e+25	0	3.816318e+25	1.222516e+26	0	1.222516e+26	4.732797e+23	6.751007e-10	0.0006099751	1.010511e+13	1.134182e+07	67511.07	1.071485e-07	2.4542e-14	8.688259e-22	0.2479996	0.5	0.002633874	1	22.0987	2.748085	10569.8	1.117189e+26	1.827432e+28	5.151575e+27	6.741065e+25	3.118866e+27	1.203261e+27	5.325573e+26	2.294797e+26	0.2188657	0	0.02549546	0.03560219	0.03560219	0.001424136	0.02670164	0	0	0	0	1.280678e-20	0	1.280678e-20	0	-328.877	0	-328.877	0	30149.85	77194.93	712.7057	8447.673	0.006389749	1	5.00268	0.4520698	1	2	0.004753195	0.01960676	
5236	909.0505	3.45e+19	0	0	100000	2	1e-05	1.521728e+26	1.220969e+26	1.139256e+26	8.171317e+24	2.915692e+25	9.189866e+23	1.105529e+25	8.870288e+24	8.276646e+24	5.936427e+23	2.118238e+24	6.676399e+22	0.006039098	1.105529e+26	8.870288e+25	8.276646e+25	5.936427e+24	1.420119e-259	3.137834e+17	2.185002e+25	0	0	0	0	0	0	0	0	0	0	0	0	0	0	1.424182e+26	0	1.424182e+26	6.438081e+25	0	6.438081e+25	3.446649e+25	0	3.446649e+25	1.287616e+26	0	1.287616e+26	3.836836e+25	0	3.836836e+25	1.229088e+26	0	1.229088e+26	4.726706e+23	6.761742e-10	0.0006121008	1.006598e+13	1.147579e+07	68317.68	1.075686e-07	2.47348e-14	8.790837e-22	0.24898	0.5	0.002654653	1	22.21751	2.76286	10569.8	1.117189e+26	1.827432e+28	5.151575e+27	6.741065e+25	3.118866e+27	1.203261e+27	5.325573e+26	2.294797e+26	0.2188657	0	0.02547066	0.03560219	0.03560219	0.001424136	0.02670164	0	0	0	0	1.280678e-20	0	1.280678e-20	0	-328.877	0	-328.877	0	30149.85	77194.93	716.6293	8447.673	0.006389749	1	5.003068	0.4520698	1	2	0.004790882	0.01971218	
5264	909.0505	3.45e+19	0	0	100000	2	1e-05	1.529866e+26	1.226735e+26	1.14474e+26	8.199516e+24	2.93856e+25	9.274836e+23	1.111441e+25	8.912177e+24	8.316486e+24	5.956913e+23	2.134851e+24	6.738129e+22	0.006062516	1.111441e+26	8.912177e+25	8.316486e+25	5.956913e+24	5.087659e-261	3.137834e+17	2.202233e+25	0	0	0	0	0	0	0	0	0	0	0	0	0	0	1.431797e+26	0	1.431797e+26	6.472509e+25	0	6.472509e+25	3.465081e+25	0	3.465081e+25	1.294502e+26	0	1.294502e+26	3.857354e+25	0	3.857354e+25	1.235661e+26	0	1.235661e+26	4.720653e+23	6.772431e-10	0.0006142206	1.0027e+13	1.161083e+07	69130.81	1.079887e-07	2.492838e-14	8.89424e-22	0.2499569	0.5	0.002675476	1	22.33632	2.777634	10569.8	1.117189e+26	1.827432e+28	5.151575e+27	6.741065e+25	3.118866e+27	1.203261e+27	5.325573e+26	2.294797e+26	0.2188657	0	0.02544603	0.03560219	0.03560219	0.001424136	0.02670164	0	0	0	0	1.280678e-20	0	1.280678e-20	0	-328.877	0	-328.877	0	30149.85	77194.93	720.5537	8447.673	0.006389748	1	5.003456	0.4520698	1	2	0.004828663	0.01981759	
5292	909.0505	3.45e+19	0	0	100000	2	1e-05	1.538003e+26	1.232495e+26	1.150219e+26	8.227637e+24	2.961478e+25	9.36071e+23	1.117353e+25	8.954023e+24	8.356289e+24	5.977343e+23	2.151501e+24	6.800516e+22	0.006086274	1.117353e+26	8.954023e+25	8.356289e+25	5.977343e+24	1.837551e-262	3.137834e+17	2.219506e+25	0	0	0	0	0	0	0	0	0	0	0	0	0	0	1.439413e+26	0	1.439413e+26	6.506937e+25	0	6.506937e+25	3.483512e+25	0	3.483512e+25	1.301387e+26	0	1.301387e+26	3.877872e+25	0	3.877872e+25	1.242233e+26	0	1.242233e+26	4.714638e+23	6.783073e-10	0.0006163345	9.98816e+12	1.174695e+07	69950.51	1.084089e-07	2.512276e-14	8.998472e-22	0.2509301	0.5	0.002696345	1	22.45513	2.792409	10569.8	1.117189e+26	1.827432e+28	5.151575e+27	6.741065e+25	3.118866e+27	1.203261e+27	5.325573e+26	2.294797e+26	0.2188657	0	0.02542156	0.03560219	0.03560219	0.001424136	0.02670164	0	0	0	0	1.280678e-20	0	1.280678e-20	0	-328.877	0	-328.877	0	30149.85	77194.93	724.4787	8447.673	0.006389748	1	5.003842	0.4520698	1	2	0.004866536	0.019923	
5320	909.0505	3.45e+19	0	0	100000	2	1e-05	1.546141e+26	1.238249e+26	1.155692e+26	8.255681e+24	2.984444e+25	9.447507e+23	1.123265e+25	8.995827e+24	8.396055e+24	5.997717e+23	2.168186e+24	6.863574e+22	0.006110379	1.123265e+26	8.995827e+25	8.396055e+25	5.997717e+24	6.691809e-264	3.137834e+17	2.236821e+25	0	0	0	0	0	0	0	0	0	0	0	0	0	0	1.447029e+26	0	1.447029e+26	6.541366e+25	0	6.541366e+25	3.501943e+25	0	3.501943e+25	1.308273e+26	0	1.308273e+26	3.89839e+25	0	3.89839e+25	1.248806e+26	0	1.248806e+26	4.708661e+23	6.79367e-10	0.0006184425	9.949462e+12	1.188416e+07	70776.79	1.088292e-07	2.531793e-14	9.103536e-22	0.2518998	0.5	0.002717259	1	22.57394	2.807184	10569.8	1.117189e+26	1.827432e+28	5.151575e+27	6.741065e+25	3.118866e+27	1.203261e+27	5.325573e+26	2.294797e+26	0.2188657	0	0.02539726	0.03560219	0.03560219	0.001424136	0.02670164	0	0	0	0	1.280678e-20	0	1.280678e-20	0	-328.877	0	-328.877	0	30149.85	77194.93	728.4045	8447.673	0.006389748	1	5.004227	0.4520698	1	2	0.004904503	0.02002841	
5348	909.0505	3.45e+19	0	0	100000	2	1e-05	1.554279e+26	1.243997e+26	1.161161e+26	8.283649e+24	3.007459e+25	9.535247e+23	1.129177e+25	9.037588e+24	8.435785e+24	6.018035e+23	2.184906e+24	6.927316e+22	0.006134838	1.129177e+26	9.037588e+25	8.435785e+25	6.018035e+24	2.457451e-265	3.137834e+17	2.254179e+25	0	0	0	0	0	0	0	0	0	0	0	0	0	0	1.454645e+26	0	1.454645e+26	6.575794e+25	0	6.575794e+25	3.520374e+25	0	3.520374e+25	1.315159e+26	0	1.315159e+26	3.918907e+25	0	3.918907e+25	1.255379e+26	0	1.255379e+26	4.70272e+23	6.804221e-10	0.0006205446	9.910906e+12	1.202246e+07	71609.7	1.092496e-07	2.55139e-14	9.209438e-22	0.2528659	0.5	0.002738216	1	22.69275	2.821958	10569.8	1.117189e+26	1.827432e+28	5.151575e+27	6.741065e+25	3.118866e+27	1.203261e+27	5.325573e+26	2.294797e+26	0.2188657	0	0.02537312	0.03560219	0.03560219	0.001424136	0.02670164	0	0	0	0	1.280678e-20	0	1.280678e-20	0	-328.877	0	-328.877	0	30149.85	77194.93	732.3309	8447.673	0.006389749	1	5.004611	0.4520698	1	2	0.004942561	0.02013383	
5376	909.0505	3.45e+19	0	0	100000	2	1e-05	1.562416e+26	1.24974e+26	1.166625e+26	8.31154e+24	3.030522e+25	9.62395e+23	1.135089e+25	9.079308e+24	8.475478e+24	6.038298e+23	2.201661e+24	6.991759e+22	0.006159659	1.135089e+26	9.079308e+25	8.475478e+25	6.038298e+24	9.101573e-267	3.137834e+17	2.271578e+25	0	0	0	0	0	0	0	0	0	0	0	0	0	0	1.462261e+26	0	1.462261e+26	6.610222e+25	0	6.610222e+25	3.538806e+25	0	3.538806e+25	1.322044e+26	0	1.322044e+26	3.939425e+25	0	3.939425e+25	1.261951e+26	0	1.261951e+26	4.696816e+23	6.814728e-10	0.000622641	9.872493e+12	1.216187e+07	72449.26	1.0967e-07	2.571067e-14	9.316181e-22	0.2538284	0.5	0.002759218	1	22.81156	2.836733	10569.8	1.117189e+26	1.827432e+28	5.151575e+27	6.741065e+25	3.118866e+27	1.203261e+27	5.325573e+26	2.294797e+26	0.2188657	0	0.02534913	0.03560219	0.03560219	0.001424136	0.02670164	0	0	0	0	1.280678e-20	0	1.280678e-20	0	-328.877	0	-328.877	0	30149.85	77194.93	736.258	8447.673	0.006389748	1	5.004994	0.4520698	1	2	0.004980712	0.02023924	
5404	909.0505	3.45e+19	0	0	100000	2	1e-05	1.570554e+26	1.255477e+26	1.172083e+26	8.339356e+24	3.053632e+25	9.713635e+23	1.141001e+25	9.120986e+24	8.515135e+24	6.058507e+23	2.218451e+24	7.056915e+22	0.006184848	1.141001e+26	9.120986e+25	8.515135e+25	6.058507e+24	3.400089e-268	3.137834e+17	2.28902e+25	0	0	0	0	0	0	0	0	0	0	0	0	0	0	1.469877e+26	0	1.469877e+26	6.64465e+25	0	6.64465e+25	3.557237e+25	0	3.557237e+25	1.32893e+26	0	1.32893e+26	3.959943e+25	0	3.959943e+25	1.268524e+26	0	1.268524e+26	4.690949e+23	6.82519e-10	0.0006247316	9.834221e+12	1.230238e+07	73295.5	1.100906e-07	2.590824e-14	9.423769e-22	0.2547874	0.5	0.002780263	1	22.93037	2.851508	10569.8	1.117189e+26	1.827432e+28	5.151575e+27	6.741065e+25	3.118866e+27	1.203261e+27	5.325573e+26	2.294797e+26	0.2188657	0	0.0253253	0.03560219	0.03560219	0.001424136	0.02670164	0	0	0	0	1.280678e-20	0	1.280678e-20	0	-328.877	0	-328.877	0	30149.85	77194.93	740.1859	8447.673	0.006389749	1	5.005376	0.4520698	1	2	0.005018954	0.02034465	
5432	909.0505	3.45e+19	0	0	100000	2	1e-05	1.578691e+26	1.261208e+26	1.177537e+26	8.367097e+24	3.07679e+25	9.804324e+23	1.146912e+25	9.162622e+24	8.554756e+24	6.07866e+23	2.235275e+24	7.1228e+22	0.006210413	1.146912e+26	9.162622e+25	8.554756e+25	6.07866e+24	1.28132e-269	3.137834e+17	2.306503e+25	0	0	0	0	0	0	0	0	0	0	0	0	0	0	1.477493e+26	0	1.477493e+26	6.679079e+25	0	6.679079e+25	3.575668e+25	0	3.575668e+25	1.335816e+26	0	1.335816e+26	3.980461e+25	0	3.980461e+25	1.275097e+26	0	1.275097e+26	4.685117e+23	6.835607e-10	0.0006268164	9.796092e+12	1.2444e+07	74148.46	1.105113e-07	2.610661e-14	9.532206e-22	0.2557427	0.5	0.002801351	1	23.04918	2.866282	10569.8	1.117189e+26	1.827432e+28	5.151575e+27	6.741065e+25	3.118866e+27	1.203261e+27	5.325573e+26	2.294797e+26	0.2188657	0	0.02530162	0.03560219	0.03560219	0.001424136	0.02670164	0	0	0	0	1.280678e-20	0	1.280678e-20	0	-328.877	0	-328.877	0	30149.85	77194.93	744.1144	8447.673	0.006389749	1	5.005756	0.4520698	1	2	0.005057288	0.02045006	
5460	909.0505	3.45e+19	0	0	100000	2	1e-05	1.586829e+26	1.266933e+26	1.182986e+26	8.394763e+24	3.099996e+25	9.896037e+23	1.152824e+25	9.204216e+24	8.59434e+24	6.09876e+23	2.252134e+24	7.189429e+22	0.00623636	1.152824e+26	9.204216e+25	8.59434e+25	6.09876e+24	4.871562e-271	3.137834e+17	2.324028e+25	0	0	0	0	0	0	0	0	0	0	0	0	0	0	1.485109e+26	0	1.485109e+26	6.713507e+25	0	6.713507e+25	3.5941e+25	0	3.5941e+25	1.342701e+26	0	1.342701e+26	4.000979e+25	0	4.000979e+25	1.281669e+26	0	1.281669e+26	4.67932e+23	6.845981e-10	0.0006288955	9.758105e+12	1.258673e+07	75008.16	1.10932e-07	2.630578e-14	9.641497e-22	0.2566945	0.5	0.002822482	1	23.16799	2.881057	10569.8	1.117189e+26	1.827432e+28	5.151575e+27	6.741065e+25	3.118866e+27	1.203261e+27	5.325573e+26	2.294797e+26	0.2188657	0	0.02527808	0.03560219	0.03560219	0.001424136	0.02670164	0	0	0	0	1.280678e-20	0	1.280678e-20	0	-328.877	0	-328.877	0	30149.85	77194.93	748.0436	8447.673	0.006389748	1	5.006136	0.4520698	1	2	0.005095713	0.02055548	
5488	909.0505	3.45e+19	0	0	100000	2	1e-05	1.594966e+26	1.272653e+26	1.188429e+26	8.422355e+24	3.123247e+25	9.988794e+23	1.158736e+25	9.245769e+24	8.633889e+24	6.118805e+23	2.269026e+24	7.256816e+22	0.006262699	1.158736e+26	9.245769e+25	8.633889e+25	6.118805e+24	1.868836e-272	3.137834e+17	2.341594e+25	0	0	0	0	0	0	0	0	0	0	0	0	0	0	1.492725e+26	0	1.492725e+26	6.747935e+25	0	6.747935e+25	3.612531e+25	0	3.612531e+25	1.349587e+26	0	1.349587e+26	4.021497e+25	0	4.021497e+25	1.288242e+26	0	1.288242e+26	4.673559e+23	6.856312e-10	0.000630969	9.720259e+12	1.273059e+07	75874.64	1.113529e-07	2.650575e-14	9.751646e-22	0.2576428	0.5	0.002843656	1	23.2868	2.895831	10569.8	1.117189e+26	1.827432e+28	5.151575e+27	6.741065e+25	3.118866e+27	1.203261e+27	5.325573e+26	2.294797e+26	0.2188657	0	0.02525468	0.03560219	0.03560219	0.001424136	0.02670164	0	0	0	0	1.280678e-20	0	1.280678e-20	0	-328.877	0	-328.877	0	30149.85	77194.93	751.9736	8447.673	0.006389748	1	5.006514	0.4520698	1	2	0.005134229	0.02066089	
5516	909.0505	3.45e+19	0	0	100000	2	1e-05	1.603104e+26	1.278367e+26	1.193868e+26	8.449874e+24	3.146545e+25	1.008262e+24	1.164648e+25	9.287281e+24	8.673401e+24	6.138797e+23	2.285952e+24	7.324978e+22	0.006289434	1.164648e+26	9.287281e+25	8.673401e+25	6.138797e+24	7.234599e-274	3.137834e+17	2.359202e+25	0	0	0	0	0	0	0	0	0	0	0	0	0	0	1.500341e+26	0	1.500341e+26	6.782363e+25	0	6.782363e+25	3.630962e+25	0	3.630962e+25	1.356473e+26	0	1.356473e+26	4.042014e+25	0	4.042014e+25	1.294815e+26	0	1.294815e+26	4.667832e+23	6.8666e-10	0.0006330369	9.682555e+12	1.287557e+07	76747.92	1.117738e-07	2.670653e-14	9.862657e-22	0.2585874	0.5	0.002864872	1	23.40561	2.910606	10569.8	1.117189e+26	1.827432e+28	5.151575e+27	6.741065e+25	3.118866e+27	1.203261e+27	5.325573e+26	2.294797e+26	0.2188657	0	0.02523143	0.03560219	0.03560219	0.001424136	0.02670164	0	0	0	0	1.280678e-20	0	1.280678e-20	0	-328.877	0	-328.877	0	30149.85	77194.93	755.9042	8447.673	0.006389749	1	5.006891	0.4520697	1	2	0.005172836	0.0207663	
5544	909.0505	3.45e+19	0	0	100000	2	1e-05	1.611242e+26	1.284075e+26	1.199302e+26	8.477319e+24	3.169889e+25	1.017753e+24	1.17056e+25	9.328751e+24	8.712878e+24	6.158736e+23	2.302911e+24	7.39393e+22	0.006316574	1.17056e+26	9.328751e+25	8.712878e+25	6.158736e+24	2.826471e-275	3.137834e+17	2.37685e+25	0	0	0	0	0	0	0	0	0	0	0	0	0	0	1.507957e+26	0	1.507957e+26	6.816792e+25	0	6.816792e+25	3.649393e+25	0	3.649393e+25	1.363358e+26	0	1.363358e+26	4.062532e+25	0	4.062532e+25	1.301387e+26	0	1.301387e+26	4.662139e+23	6.876845e-10	0.0006350992	9.644993e+12	1.302169e+07	77628.04	1.121948e-07	2.690811e-14	9.974533e-22	0.2595285	0.5	0.002886129	1	23.52442	2.925381	10569.8	1.117189e+26	1.827432e+28	5.151575e+27	6.741065e+25	3.118866e+27	1.203261e+27	5.325573e+26	2.294797e+26	0.2188657	0	0.02520831	0.03560219	0.03560219	0.001424136	0.02670164	0	0	0	0	1.280678e-20	0	1.280678e-20	0	-328.877	0	-328.877	0	30149.85	77194.93	759.8354	8447.673	0.006389749	1	5.007267	0.4520698	1	2	0.005211533	0.02087172	
5572	909.0505	3.45e+19	0	0	100000	2	1e-05	1.619379e+26	1.289778e+26	1.204731e+26	8.504691e+24	3.193279e+25	1.027355e+24	1.176472e+25	9.370181e+24	8.752318e+24	6.178622e+23	2.319903e+24	7.463687e+22	0.006344126	1.176472e+26	9.370181e+25	8.752318e+25	6.178622e+24	1.114569e-276	3.137834e+17	2.39454e+25	0	0	0	0	0	0	0	0	0	0	0	0	0	0	1.515573e+26	0	1.515573e+26	6.85122e+25	0	6.85122e+25	3.667825e+25	0	3.667825e+25	1.370244e+26	0	1.370244e+26	4.08305e+25	0	4.08305e+25	1.30796e+26	0	1.30796e+26	4.65648e+23	6.887048e-10	0.0006371559	9.607572e+12	1.316894e+07	78515.03	1.12616e-07	2.71105e-14	1.008728e-21	0.2604661	0.5	0.002907428	1	23.64323	2.940155	10569.8	1.117189e+26	1.827432e+28	5.151575e+27	6.741065e+25	3.118866e+27	1.203261e+27	5.325573e+26	2.294797e+26	0.2188657	0	0.02518532	0.03560219	0.03560219	0.001424136	0.02670164	0	0	0	0	1.280678e-20	0	1.280678e-20	0	-328.877	0	-328.877	0	30149.85	77194.93	763.7674	8447.673	0.006389748	1	5.007643	0.4520697	1	2	0.00525032	0.02097713	
5600	909.0505	3.45e+19	0	0	100000	2	1e-05	1.627517e+26	1.295475e+26	1.210155e+26	8.531991e+24	3.216713e+25	1.037069e+24	1.182384e+25	9.411569e+24	8.791723e+24	6.198455e+23	2.336928e+24	7.534265e+22	0.006372096	1.182384e+26	9.411569e+25	8.791723e+25	6.198455e+24	4.436559e-278	3.137834e+17	2.412271e+25	0	0	0	0	0	0	0	0	0	0	0	0	0	0	1.523189e+26	0	1.523189e+26	6.885648e+25	0	6.885648e+25	3.686256e+25	0	3.686256e+25	1.37713e+26	0	1.37713e+26	4.103568e+25	0	4.103568e+25	1.314533e+26	0	1.314533e+26	4.650855e+23	6.897209e-10	0.0006392071	9.570292e+12	1.331733e+07	79408.91	1.130372e-07	2.73137e-14	1.02009e-21	0.2614001	0.5	0.002928768	1	23.76204	2.95493	10569.8	1.117189e+26	1.827432e+28	5.151575e+27	6.741065e+25	3.118866e+27	1.203261e+27	5.325573e+26	2.294797e+26	0.2188657	0	0.02516247	0.03560219	0.03560219	0.001424136	0.02670164	0	0	0	0	1.280678e-20	0	1.280678e-20	0	-328.877	0	-328.877	0	30149.85	77194.93	767.7	8447.673	0.006389748	1	5.008017	0.4520697	1	2	0.005289197	0.02108254	
5628	909.0505	3.45e+19	0	0	100000	2	1e-05	1.635654e+26	1.301166e+26	1.215574e+26	8.559219e+24	3.240192e+25	1.046899e+24	1.188296e+25	9.452916e+24	8.831093e+24	6.218236e+23	2.353986e+24	7.605679e+22	0.006400493	1.188296e+26	9.452916e+25	8.831093e+25	6.218236e+24	1.782811e-279	3.137834e+17	2.430043e+25	0	0	0	0	0	0	0	0	0	0	0	0	0	0	1.530805e+26	0	1.530805e+26	6.920076e+25	0	6.920076e+25	3.704687e+25	0	3.704687e+25	1.384015e+26	0	1.384015e+26	4.124086e+25	0	4.124086e+25	1.321105e+26	0	1.321105e+26	4.645263e+23	6.907328e-10	0.0006412528	9.533153e+12	1.346687e+07	80309.72	1.134586e-07	2.751771e-14	1.03154e-21	0.2623305	0.5	0.002950149	1	23.88085	2.969705	10569.8	1.117189e+26	1.827432e+28	5.151575e+27	6.741065e+25	3.118866e+27	1.203261e+27	5.325573e+26	2.294797e+26	0.2188657	0	0.02513974	0.03560219	0.03560219	0.001424136	0.02670164	0	0	0	0	1.280678e-20	0	1.280678e-20	0	-328.877	0	-328.877	0	30149.85	77194.93	771.6334	8447.673	0.006389748	1	5.00839	0.4520697	1	2	0.005328164	0.02118795	
5656	909.0505	3.45e+19	0	0	100000	2	1e-05	1.643792e+26	1.306852e+26	1.220988e+26	8.586375e+24	3.263716e+25	1.056847e+24	1.194208e+25	9.494223e+24	8.870427e+24	6.237965e+23	2.371076e+24	7.677947e+22	0.006429322	1.194208e+26	9.494223e+25	8.870427e+25	6.237965e+24	7.233129e-281	3.137834e+17	2.447855e+25	0	0	0	0	0	0	0	0	0	0	0	0	0	0	1.538421e+26	0	1.538421e+26	6.954504e+25	0	6.954504e+25	3.723119e+25	0	3.723119e+25	1.390901e+26	0	1.390901e+26	4.144604e+25	0	4.144604e+25	1.327678e+26	0	1.327678e+26	4.639704e+23	6.917407e-10	0.000643293	9.496156e+12	1.361757e+07	81217.49	1.138801e-07	2.772252e-14	1.043078e-21	0.2632574	0.5	0.00297157	1	23.99966	2.984479	10569.8	1.117189e+26	1.827432e+28	5.151575e+27	6.741065e+25	3.118866e+27	1.203261e+27	5.325573e+26	2.294797e+26	0.2188657	0	0.02511714	0.03560219	0.03560219	0.001424136	0.02670164	0	0	0	0	1.280678e-20	0	1.280678e-20	0	-328.877	0	-328.877	0	30149.85	77194.93	775.5674	8447.673	0.006389748	1	5.008762	0.4520697	1	2	0.00536722	0.02129337	
5684	909.0505	3.45e+19	0	0	100000	2	1e-05	1.65193e+26	1.312532e+26	1.226397e+26	8.613461e+24	3.287283e+25	1.066914e+24	1.20012e+25	9.535489e+24	8.909725e+24	6.257642e+23	2.388197e+24	7.751083e+22	0.006458592	1.20012e+26	9.535489e+25	8.909725e+25	6.257642e+24	2.963122e-282	3.137834e+17	2.465708e+25	0	0	0	0	0	0	0	0	0	0	0	0	0	0	1.546037e+26	0	1.546037e+26	6.988933e+25	0	6.988933e+25	3.74155e+25	0	3.74155e+25	1.397787e+26	0	1.397787e+26	4.165122e+25	0	4.165122e+25	1.334251e+26	0	1.334251e+26	4.634178e+23	6.927444e-10	0.0006453279	9.459299e+12	1.376943e+07	82132.25	1.143016e-07	2.792815e-14	1.054705e-21	0.2641807	0.5	0.002993031	1	24.11847	2.999254	10569.8	1.117189e+26	1.827432e+28	5.151575e+27	6.741065e+25	3.118866e+27	1.203261e+27	5.325573e+26	2.294797e+26	0.2188657	0	0.02509466	0.03560219	0.03560219	0.001424136	0.02670164	0	0	0	0	1.280678e-20	0	1.280678e-20	0	-328.877	0	-328.877	0	30149.85	77194.93	779.502	8447.673	0.006389748	1	5.009133	0.4520697	1	2	0.005406365	0.02139878	
5712	909.0505	3.45e+19	0	0	100000	2	1e-05	1.660067e+26	1.318207e+26	1.231802e+26	8.640476e+24	3.310894e+25	1.077103e+24	1.206032e+25	9.576715e+24	8.948988e+24	6.277269e+23	2.405351e+24	7.825105e+22	0.006488308	1.206032e+26	9.576715e+25	8.948988e+25	6.277269e+24	1.225786e-283	3.137834e+17	2.483602e+25	0	0	0	0	0	0	0	0	0	0	0	0	0	0	1.553653e+26	0	1.553653e+26	7.023361e+25	0	7.023361e+25	3.759981e+25	0	3.759981e+25	1.404672e+26	0	1.404672e+26	4.185639e+25	0	4.185639e+25	1.340823e+26	0	1.340823e+26	4.628683e+23	6.937441e-10	0.0006473573	9.422583e+12	1.392244e+07	83054.02	1.147233e-07	2.813459e-14	1.066421e-21	0.2651005	0.5	0.003014532	1	24.23728	3.014029	10569.8	1.117189e+26	1.827432e+28	5.151575e+27	6.741065e+25	3.118866e+27	1.203261e+27	5.325573e+26	2.294797e+26	0.2188657	0	0.0250723	0.03560219	0.03560219	0.001424136	0.02670164	0	0	0	0	1.280678e-20	0	1.280678e-20	0	-328.877	0	-328.877	0	30149.85	77194.93	783.4374	8447.673	0.006389749	1	5.009503	0.4520697	1	2	0.005445598	0.02150419	
5740	909.0505	3.45e+19	0	0	100000	2	1e-05	1.668205e+26	1.323876e+26	1.237202e+26	8.66742e+24	3.334548e+25	1.087416e+24	1.211944e+25	9.617901e+24	8.988216e+24	6.296844e+23	2.422535e+24	7.900029e+22	0.006518479	1.211944e+26	9.617901e+25	8.988216e+25	6.296844e+24	5.121061e-285	3.137834e+17	2.501535e+25	0	0	0	0	0	0	0	0	0	0	0	0	0	0	1.561269e+26	0	1.561269e+26	7.057789e+25	0	7.057789e+25	3.778412e+25	0	3.778412e+25	1.411558e+26	0	1.411558e+26	4.206157e+25	0	4.206157e+25	1.347396e+26	0	1.347396e+26	4.623221e+23	6.947398e-10	0.0006493814	9.386008e+12	1.407663e+07	83982.84	1.151451e-07	2.834185e-14	1.078226e-21	0.2660168	0.5	0.003036072	1	24.35609	3.028803	10569.8	1.117189e+26	1.827432e+28	5.151575e+27	6.741065e+25	3.118866e+27	1.203261e+27	5.325573e+26	2.294797e+26	0.2188657	0	0.02505006	0.03560219	0.03560219	0.001424136	0.02670164	0	0	0	0	1.280678e-20	0	1.280678e-20	0	-328.877	0	-328.877	0	30149.85	77194.93	787.3734	8447.673	0.006389748	1	5.009871	0.4520697	1	2	0.00548492	0.0216096	
5768	909.0505	3.45e+19	0	0	100000	2	1e-05	1.676342e+26	1.329539e+26	1.242596e+26	8.694295e+24	3.358245e+25	1.097855e+24	1.217856e+25	9.659046e+24	9.027409e+24	6.316368e+23	2.439751e+24	7.975871e+22	0.006549111	1.217856e+26	9.659046e+25	9.027409e+25	6.316368e+24	2.160838e-286	3.137834e+17	2.51951e+25	0	0	0	0	0	0	0	0	0	0	0	0	0	0	1.568884e+26	0	1.568884e+26	7.092217e+25	0	7.092217e+25	3.796844e+25	0	3.796844e+25	1.418443e+26	0	1.418443e+26	4.226675e+25	0	4.226675e+25	1.353969e+26	0	1.353969e+26	4.61779e+23	6.957315e-10	0.0006514002	9.349573e+12	1.4232e+07	84918.75	1.15567e-07	2.854991e-14	1.090122e-21	0.2669295	0.5	0.003057651	1	24.4749	3.043578	10569.8	1.117189e+26	1.827432e+28	5.151575e+27	6.741065e+25	3.118866e+27	1.203261e+27	5.325573e+26	2.294797e+26	0.2188657	0	0.02502793	0.03560219	0.03560219	0.001424136	0.02670164	0	0	0	0	1.280678e-20	0	1.280678e-20	0	-328.877	0	-328.877	0	30149.85	77194.93	791.3101	8447.673	0.006389748	1	5.010239	0.4520697	1	2	0.005524331	0.02171502	
5796	909.0505	3.45e+19	0	0	100000	2	1e-05	1.68448e+26	1.335197e+26	1.247986e+26	8.721101e+24	3.381985e+25	1.108423e+24	1.223767e+25	9.700151e+24	9.066566e+24	6.335842e+23	2.456997e+24	8.052648e+22	0.006580211	1.223767e+26	9.700151e+25	9.066566e+25	6.335842e+24	9.20952e-288	3.137834e+17	2.537524e+25	0	0	0	0	0	0	0	0	0	0	0	0	0	0	1.5765e+26	0	1.5765e+26	7.126646e+25	0	7.126646e+25	3.815275e+25	0	3.815275e+25	1.425329e+26	0	1.425329e+26	4.247193e+25	0	4.247193e+25	1.360541e+26	0	1.360541e+26	4.61239e+23	6.967193e-10	0.0006534136	9.313279e+12	1.438854e+07	85861.76	1.15989e-07	2.87588e-14	1.102107e-21	0.2678387	0.5	0.003079269	1	24.59371	3.058353	10569.8	1.117189e+26	1.827432e+28	5.151575e+27	6.741065e+25	3.118866e+27	1.203261e+27	5.325573e+26	2.294797e+26	0.2188657	0	0.02500591	0.03560219	0.03560219	0.001424136	0.02670164	0	0	0	0	1.280678e-20	0	1.280678e-20	0	-328.877	0	-328.877	0	30149.85	77194.93	795.2474	8447.673	0.006389748	1	5.010606	0.4520697	1	2	0.005563829	0.02182043	
5824	909.0505	3.45e+19	0	0	100000	2	1e-05	1.692617e+26	1.34085e+26	1.253371e+26	8.747837e+24	3.405766e+25	1.119122e+24	1.229679e+25	9.741215e+24	9.105689e+24	6.355266e+23	2.474274e+24	8.130377e+22	0.006611786	1.229679e+26	9.741215e+25	9.105689e+25	6.355266e+24	3.964959e-289	3.137834e+17	2.555578e+25	0	0	0	0	0	0	0	0	0	0	0	0	0	0	1.584116e+26	0	1.584116e+26	7.161074e+25	0	7.161074e+25	3.833706e+25	0	3.833706e+25	1.432215e+26	0	1.432215e+26	4.267711e+25	0	4.267711e+25	1.367114e+26	0	1.367114e+26	4.607021e+23	6.977032e-10	0.0006554219	9.277125e+12	1.454627e+07	86811.9	1.164111e-07	2.89685e-14	1.114183e-21	0.2687443	0.5	0.003100925	1	24.71252	3.073127	10569.8	1.117189e+26	1.827432e+28	5.151575e+27	6.741065e+25	3.118866e+27	1.203261e+27	5.325573e+26	2.294797e+26	0.2188657	0	0.024984	0.03560219	0.03560219	0.001424136	0.02670164	0	0	0	0	1.280678e-20	0	1.280678e-20	0	-328.877	0	-328.877	0	30149.85	77194.93	799.1854	8447.673	0.006389748	1	5.010972	0.4520697	1	2	0.005603415	0.02192584	
5852	909.0505	3.45e+19	0	0	100000	2	1e-05	1.700755e+26	1.346497e+26	1.258752e+26	8.774505e+24	3.429589e+25	1.129955e+24	1.235591e+25	9.782241e+24	9.144776e+24	6.374641e+23	2.491582e+24	8.209074e+22	0.006643843	1.235591e+26	9.782241e+25	9.144776e+25	6.374641e+24	1.724489e-290	3.137834e+17	2.573672e+25	0	0	0	0	0	0	0	0	0	0	0	0	0	0	1.591732e+26	0	1.591732e+26	7.195502e+25	0	7.195502e+25	3.852138e+25	0	3.852138e+25	1.4391e+26	0	1.4391e+26	4.288229e+25	0	4.288229e+25	1.373687e+26	0	1.373687e+26	4.601683e+23	6.986831e-10	0.0006574248	9.241111e+12	1.470519e+07	87769.22	1.168333e-07	2.917901e-14	1.126351e-21	0.2696465	0.5	0.003122619	1	24.83133	3.087902	10569.8	1.117189e+26	1.827432e+28	5.151575e+27	6.741065e+25	3.118866e+27	1.203261e+27	5.325573e+26	2.294797e+26	0.2188657	0	0.0249622	0.03560219	0.03560219	0.001424136	0.02670164	0	0	0	0	1.280678e-20	0	1.280678e-20	0	-328.877	0	-328.877	0	30149.85	77194.93	803.1241	8447.673	0.006389748	1	5.011337	0.4520697	1	2	0.005643089	0.02203126	
5880	909.0505	3.45e+19	0	0	100000	2	1e-05	1.708893e+26	1.352138e+26	1.264127e+26	8.801105e+24	3.453453e+25	1.140923e+24	1.241503e+25	9.823226e+24	9.183829e+24	6.393965e+23	2.508919e+24	8.288757e+22	0.006676388	1.241503e+26	9.823226e+25	9.183829e+25	6.393965e+24	7.577637e-292	3.137834e+17	2.591806e+25	0	0	0	0	0	0	0	0	0	0	0	0	0	0	1.599348e+26	0	1.599348e+26	7.22993e+25	0	7.22993e+25	3.870569e+25	0	3.870569e+25	1.445986e+26	0	1.445986e+26	4.308746e+25	0	4.308746e+25	1.380259e+26	0	1.380259e+26	4.596375e+23	6.996593e-10	0.0006594226	9.205236e+12	1.48653e+07	88733.73	1.172556e-07	2.939034e-14	1.138609e-21	0.2705451	0.5	0.003144351	1	24.95014	3.102677	10569.8	1.117189e+26	1.827432e+28	5.151575e+27	6.741065e+25	3.118866e+27	1.203261e+27	5.325573e+26	2.294797e+26	0.2188657	0	0.02494051	0.03560219	0.03560219	0.001424136	0.02670164	0	0	0	0	1.280678e-20	0	1.280678e-20	0	-328.877	0	-328.877	0	30149.85	77194.93	807.0635	8447.673	0.006389748	1	5.011701	0.4520697	1	2	0.00568285	0.02213667	
5908	909.0505	3.45e+19	0	0	100000	2	1e-05	1.71703e+26	1.357774e+26	1.269498e+26	8.827637e+24	3.477358e+25	1.152029e+24	1.247415e+25	9.864171e+24	9.222847e+24	6.413241e+23	2.526285e+24	8.369443e+22	0.006709429	1.247415e+26	9.864171e+25	9.222847e+25	6.413241e+24	3.364258e-293	3.137834e+17	2.60998e+25	0	0	0	0	0	0	0	0	0	0	0	0	0	0	1.606964e+26	0	1.606964e+26	7.264359e+25	0	7.264359e+25	3.889e+25	0	3.889e+25	1.452872e+26	0	1.452872e+26	4.329264e+25	0	4.329264e+25	1.386832e+26	0	1.386832e+26	4.591097e+23	7.006316e-10	0.0006614152	9.169502e+12	1.502662e+07	89705.47	1.17678e-07	2.96025e-14	1.15096e-21	0.2714402	0.5	0.003166119	1	25.06895	3.117451	10569.8	1.117189e+26	1.827432e+28	5.151575e+27	6.741065e+25	3.118866e+27	1.203261e+27	5.325573e+26	2.294797e+26	0.2188657	0	0.02491892	0.03560219	0.03560219	0.001424136	0.02670164	0	0	0	0	1.280678e-20	0	1.280678e-20	0	-328.877	0	-328.877	0	30149.85	77194.93	811.0035	8447.673	0.006389748	1	5.012064	0.4520697	1	2	0.005722698	0.02224208	
5936	909.0505	3.45e+19	0	0	100000	2	1e-05	1.725168e+26	1.363405e+26	1.274864e+26	8.854102e+24	3.501303e+25	1.163276e+24	1.253327e+25	9.905077e+24	9.261831e+24	6.432467e+23	2.543681e+24	8.451148e+22	0.006742971	1.253327e+26	9.905077e+25	9.261831e+25	6.432467e+24	1.509232e-294	3.137834e+17	2.628193e+25	0	0	0	0	0	0	0	0	0	0	0	0	0	0	1.61458e+26	0	1.61458e+26	7.298787e+25	0	7.298787e+25	3.907431e+25	0	3.907431e+25	1.459757e+26	0	1.459757e+26	4.349782e+25	0	4.349782e+25	1.393405e+26	0	1.393405e+26	4.585849e+23	7.016001e-10	0.0006634027	9.133907e+12	1.518914e+07	90684.47	1.181006e-07	2.981547e-14	1.163403e-21	0.2723317	0.5	0.003187925	1	25.18776	3.132226	10569.8	1.117189e+26	1.827432e+28	5.151575e+27	6.741065e+25	3.118866e+27	1.203261e+27	5.325573e+26	2.294797e+26	0.2188657	0	0.02489742	0.03560219	0.03560219	0.001424136	0.02670164	0	0	0	0	1.280678e-20	0	1.280678e-20	0	-328.877	0	-328.877	0	30149.85	77194.93	814.9441	8447.673	0.006389748	1	5.012426	0.4520697	1	2	0.005762633	0.02234749	
5964	909.0505	3.45e+19	0	0	100000	2	1e-05	1.733305e+26	1.36903e+26	1.280225e+26	8.8805e+24	3.525288e+25	1.174665e+24	1.259239e+25	9.945944e+24	9.300779e+24	6.451645e+23	2.561107e+24	8.533891e+22	0.006777023	1.259239e+26	9.945944e+25	9.300779e+25	6.451645e+24	6.841667e-296	3.137834e+17	2.646446e+25	0	0	0	0	0	0	0	0	0	0	0	0	0	0	1.622196e+26	0	1.622196e+26	7.333215e+25	0	7.333215e+25	3.925863e+25	0	3.925863e+25	1.466643e+26	0	1.466643e+26	4.3703e+25	0	4.3703e+25	1.399977e+26	0	1.399977e+26	4.58063e+23	7.025649e-10	0.0006653851	9.098452e+12	1.535288e+07	91670.75	1.185233e-07	3.002926e-14	1.175939e-21	0.2732198	0.5	0.003209767	1	25.30657	3.147001	10569.8	1.117189e+26	1.827432e+28	5.151575e+27	6.741065e+25	3.118866e+27	1.203261e+27	5.325573e+26	2.294797e+26	0.2188657	0	0.02487603	0.03560219	0.03560219	0.001424136	0.02670164	0	0	0	0	1.280678e-20	0	1.280678e-20	0	-328.877	0	-328.877	0	30149.85	77194.93	818.8854	8447.673	0.006389748	1	5.012787	0.4520697	1	2	0.005802653	0.02245291	
5992	909.0505	3.45e+19	0	0	100000	2	1e-05	1.741443e+26	1.37465e+26	1.285581e+26	8.906831e+24	3.549313e+25	1.1862e+24	1.265151e+25	9.986771e+24	9.339694e+24	6.470775e+23	2.578561e+24	8.617689e+22	0.00681159	1.265151e+26	9.986771e+25	9.339694e+25	6.470775e+24	3.134249e-297	3.137834e+17	2.664738e+25	0	0	0	0	0	0	0	0	0	0	0	0	0	0	1.629812e+26	0	1.629812e+26	7.367643e+25	0	7.367643e+25	3.944294e+25	0	3.944294e+25	1.473529e+26	0	1.473529e+26	4.390818e+25	0	4.390818e+25	1.40655e+26	0	1.40655e+26	4.57544e+23	7.035259e-10	0.0006673624	9.063136e+12	1.551783e+07	92664.35	1.18946e-07	3.024387e-14	1.188568e-21	0.2741043	0.5	0.003231645	1	25.42538	3.161775	10569.8	1.117189e+26	1.827432e+28	5.151575e+27	6.741065e+25	3.118866e+27	1.203261e+27	5.325573e+26	2.294797e+26	0.2188657	0	0.02485474	0.03560219	0.03560219	0.001424136	0.02670164	0	0	0	0	1.280678e-20	0	1.280678e-20	0	-328.877	0	-328.877	0	30149.85	77194.93	822.8274	8447.673	0.006389748	1	5.013147	0.4520696	1	2	0.005842761	0.02255832	
6020	909.0505	3.45e+19	0	0	100000	2	1e-05	1.749581e+26	1.380264e+26	1.290933e+26	8.933096e+24	3.573377e+25	1.197882e+24	1.271063e+25	1.002756e+25	9.378574e+24	6.489856e+23	2.596043e+24	8.702559e+22	0.006846679	1.271063e+26	1.002756e+26	9.378574e+25	6.489856e+24	1.451095e-298	3.137834e+17	2.683069e+25	0	0	0	0	0	0	0	0	0	0	0	0	0	0	1.637428e+26	0	1.637428e+26	7.402072e+25	0	7.402072e+25	3.962725e+25	0	3.962725e+25	1.480414e+26	0	1.480414e+26	4.411336e+25	0	4.411336e+25	1.413123e+26	0	1.413123e+26	4.570279e+23	7.044832e-10	0.0006693346	9.027959e+12	1.5684e+07	93665.29	1.193689e-07	3.045931e-14	1.20129e-21	0.2749854	0.5	0.003253558	1	25.54419	3.17655	10569.8	1.117189e+26	1.827432e+28	5.151575e+27	6.741065e+25	3.118866e+27	1.203261e+27	5.325573e+26	2.294797e+26	0.2188657	0	0.02483354	0.03560219	0.03560219	0.001424136	0.02670164	0	0	0	0	1.280678e-20	0	1.280678e-20	0	-328.877	0	-328.877	0	30149.85	77194.93	826.77	8447.673	0.006389748	1	5.013506	0.4520696	1	2	0.005882954	0.02266373	
6048	909.0505	3.45e+19	0	0	100000	2	1e-05	1.757718e+26	1.385873e+26	1.29628e+26	8.959296e+24	3.59748e+25	1.209714e+24	1.276975e+25	1.006831e+25	9.417419e+24	6.50889e+23	2.613554e+24	8.788518e+22	0.006882296	1.276975e+26	1.006831e+26	9.417419e+25	6.50889e+24	6.790055e-300	3.137834e+17	2.701439e+25	0	0	0	0	0	0	0	0	0	0	0	0	0	0	1.645044e+26	0	1.645044e+26	7.4365e+25	0	7.4365e+25	3.981156e+25	0	3.981156e+25	1.4873e+26	0	1.4873e+26	4.431853e+25	0	4.431853e+25	1.419695e+26	0	1.419695e+26	4.565146e+23	7.054369e-10	0.0006713019	8.992921e+12	1.58514e+07	94673.6	1.197919e-07	3.067556e-14	1.214106e-21	0.2758629	0.5	0.003275508	1	25.663	3.191324	10569.8	1.117189e+26	1.827432e+28	5.151575e+27	6.741065e+25	3.118866e+27	1.203261e+27	5.325573e+26	2.294797e+26	0.2188657	0	0.02481243	0.03560219	0.03560219	0.001424136	0.02670164	0	0	0	0	1.280678e-20	0	1.280678e-20	0	-328.877	0	-328.877	0	30149.85	77194.93	830.7133	8447.673	0.006389749	1	5.013864	0.4520696	1	2	0.005923233	0.02276914	
6076	909.0505	3.45e+19	0	0	100000	2	1e-05	1.765856e+26	1.391477e+26	1.301622e+26	8.98543e+24	3.621621e+25	1.221698e+24	1.282887e+25	1.010902e+25	9.456231e+24	6.527876e+23	2.631092e+24	8.875585e+22	0.006918448	1.282887e+26	1.010902e+26	9.456231e+25	6.527876e+24	3.211354e-301	3.137834e+17	2.719848e+25	0	0	0	0	0	0	0	0	0	0	0	0	0	0	1.65266e+26	0	1.65266e+26	7.470928e+25	0	7.470928e+25	3.999588e+25	0	3.999588e+25	1.494186e+26	0	1.494186e+26	4.452371e+25	0	4.452371e+25	1.426268e+26	0	1.426268e+26	4.560042e+23	7.06387e-10	0.0006732641	8.958022e+12	1.602004e+07	95689.32	1.20215e-07	3.089264e-14	1.227016e-21	0.276737	0.5	0.003297492	1	25.78181	3.206099	10569.8	1.117189e+26	1.827432e+28	5.151575e+27	6.741065e+25	3.118866e+27	1.203261e+27	5.325573e+26	2.294797e+26	0.2188657	0	0.02479141	0.03560219	0.03560219	0.001424136	0.02670164	0	0	0	0	1.280678e-20	0	1.280678e-20	0	-328.877	0	-328.877	0	30149.85	77194.93	834.6572	8447.673	0.006389749	1	5.014221	0.4520696	1	2	0.005963598	0.02287456	
6104	909.0505	3.45e+19	0	0	100000	2	1e-05	1.773993e+26	1.397075e+26	1.30696e+26	9.011498e+24	3.645801e+25	1.233837e+24	1.288799e+25	1.014969e+25	9.495008e+24	6.546815e+23	2.648659e+24	8.963776e+22	0.006955141	1.288799e+26	1.014969e+26	9.495008e+25	6.546815e+24	1.53519e-302	3.137834e+17	2.738296e+25	0	0	0	0	0	0	0	0	0	0	0	0	0	0	1.660276e+26	0	1.660276e+26	7.505356e+25	0	7.505356e+25	4.018019e+25	0	4.018019e+25	1.501071e+26	0	1.501071e+26	4.472889e+25	0	4.472889e+25	1.432841e+26	0	1.432841e+26	4.554966e+23	7.073334e-10	0.0006752214	8.923261e+12	1.618991e+07	96712.47	1.206383e-07	3.111055e-14	1.240021e-21	0.2776075	0.5	0.003319511	1	25.90062	3.220874	10569.8	1.117189e+26	1.827432e+28	5.151575e+27	6.741065e+25	3.118866e+27	1.203261e+27	5.325573e+26	2.294797e+26	0.2188657	0	0.02477049	0.03560219	0.03560219	0.001424136	0.02670164	0	0	0	0	1.280678e-20	0	1.280678e-20	0	-328.877	0	-328.877	0	30149.85	77194.93	838.6017	8447.673	0.006389749	1	5.014577	0.4520696	1	2	0.006004048	0.02297997	
6132	909.0505	3.45e+19	0	0	100000	2	1e-05	1.782131e+26	1.402668e+26	1.312293e+26	9.037502e+24	3.670018e+25	1.246134e+24	1.29471e+25	1.019032e+25	9.533751e+24	6.565707e+23	2.666252e+24	9.05311e+22	0.006992382	1.29471e+26	1.019032e+26	9.533751e+25	6.565707e+24	7.41848e-304	3.137834e+17	2.756783e+25	0	0	0	0	0	0	0	0	0	0	0	0	0	0	1.667892e+26	0	1.667892e+26	7.539785e+25	0	7.539785e+25	4.03645e+25	0	4.03645e+25	1.507957e+26	0	1.507957e+26	4.493407e+25	0	4.493407e+25	1.439413e+26	0	1.439413e+26	4.549917e+23	7.082762e-10	0.0006771737	8.888639e+12	1.636102e+07	97743.08	1.210616e-07	3.132927e-14	1.253122e-21	0.2784746	0.5	0.003341564	1	26.01943	3.235648	10569.8	1.117189e+26	1.827432e+28	5.151575e+27	6.741065e+25	3.118866e+27	1.203261e+27	5.325573e+26	2.294797e+26	0.2188657	0	0.02474965	0.03560219	0.03560219	0.001424136	0.02670164	0	0	0	0	1.280678e-20	0	1.280678e-20	0	-328.877	0	-328.877	0	30149.85	77194.93	842.5469	8447.673	0.006389748	1	5.014933	0.4520696	1	2	0.006044583	0.02308538	
6160	909.0505	3.45e+19	0	0	100000	2	1e-05	1.790268e+26	1.408255e+26	1.317621e+26	9.063442e+24	3.694272e+25	1.25859e+24	1.300622e+25	1.023091e+25	9.57246e+24	6.584552e+23	2.683873e+24	9.143605e+22	0.007030177	1.300622e+26	1.023091e+26	9.57246e+25	6.584552e+24	3.623813e-305	3.137834e+17	2.775309e+25	0	0	0	0	0	0	0	0	0	0	0	0	0	0	1.675508e+26	0	1.675508e+26	7.574213e+25	0	7.574213e+25	4.054882e+25	0	4.054882e+25	1.514843e+26	0	1.514843e+26	4.513925e+25	0	4.513925e+25	1.445986e+26	0	1.445986e+26	4.544896e+23	7.092155e-10	0.0006791212	8.854156e+12	1.653339e+07	98781.18	1.214851e-07	3.154882e-14	1.266317e-21	0.2793382	0.5	0.003363651	1	26.13824	3.250423	10569.8	1.117189e+26	1.827432e+28	5.151575e+27	6.741065e+25	3.118866e+27	1.203261e+27	5.325573e+26	2.294797e+26	0.2188657	0	0.0247289	0.03560219	0.03560219	0.001424136	0.02670164	0	0	0	0	1.280678e-20	0	1.280678e-20	0	-328.877	0	-328.877	0	30149.85	77194.93	846.4928	8447.673	0.006389748	1	5.015287	0.4520696	1	2	0.006085202	0.0231908	
6188	909.0505	3.45e+19	0	0	100000	2	1e-05	1.798406e+26	1.413838e+26	1.322944e+26	9.089318e+24	3.718563e+25	1.271209e+24	1.306534e+25	1.027147e+25	9.611135e+24	6.603351e+23	2.70152e+24	9.235279e+22	0.007068531	1.306534e+26	1.027147e+26	9.611135e+25	6.603351e+24	1.789502e-306	3.137834e+17	2.793873e+25	0	0	0	0	0	0	0	0	0	0	0	0	0	0	1.683124e+26	0	1.683124e+26	7.608641e+25	0	7.608641e+25	4.073313e+25	0	4.073313e+25	1.521728e+26	0	1.521728e+26	4.534443e+25	0	4.534443e+25	1.452559e+26	0	1.452559e+26	4.539902e+23	7.101513e-10	0.0006810637	8.81981e+12	1.6707e+07	99826.79	1.219086e-07	3.17692e-14	1.279609e-21	0.2801983	0.5	0.003385772	1	26.25705	3.265198	10569.8	1.117189e+26	1.827432e+28	5.151575e+27	6.741065e+25	3.118866e+27	1.203261e+27	5.325573e+26	2.294797e+26	0.2188657	0	0.02470823	0.03560219	0.03560219	0.001424136	0.02670164	0	0	0	0	1.280678e-20	0	1.280678e-20	0	-328.877	0	-328.877	0	30149.85	77194.93	850.4392	8447.673	0.006389748	1	5.01564	0.4520696	1	2	0.006125906	0.02329621	
6216	909.0505	3.45e+19	0	0	100000	2	1e-05	1.806544e+26	1.419415e+26	1.328263e+26	9.11513e+24	3.742891e+25	1.283992e+24	1.312446e+25	1.031199e+25	9.649776e+24	6.622103e+23	2.719194e+24	9.328148e+22	0.007107452	1.312446e+26	1.031199e+26	9.649776e+25	6.622103e+24	8.933686e-308	3.137834e+17	2.812476e+25	0	0	0	0	0	0	0	0	0	0	0	0	0	0	1.69074e+26	0	1.69074e+26	7.643069e+25	0	7.643069e+25	4.091744e+25	0	4.091744e+25	1.528614e+26	0	1.528614e+26	4.55496e+25	0	4.55496e+25	1.459131e+26	0	1.459131e+26	4.534935e+23	7.110836e-10	0.0006830014	8.785602e+12	1.688187e+07	100880	1.223323e-07	3.19904e-14	1.292996e-21	0.2810549	0.5	0.003407926	1	26.37586	3.279972	10569.8	1.117189e+26	1.827432e+28	5.151575e+27	6.741065e+25	3.118866e+27	1.203261e+27	5.325573e+26	2.294797e+26	0.2188657	0	0.02468765	0.03560219	0.03560219	0.001424136	0.02670164	0	0	0	0	1.280678e-20	0	1.280678e-20	0	-328.877	0	-328.877	0	30149.85	77194.93	854.3864	8447.673	0.006389748	1	5.015993	0.4520696	1	2	0.006166695	0.02340162	
6244	909.0505	3.45e+19	0	0	100000	2	1e-05	1.814681e+26	1.424986e+26	1.333578e+26	9.140879e+24	3.767255e+25	1.296943e+24	1.318358e+25	1.035246e+25	9.688384e+24	6.64081e+23	2.736895e+24	9.422232e+22	0.007146944	1.318358e+26	1.035246e+26	9.688384e+25	6.64081e+24	4.508959e-309	3.137834e+17	2.831117e+25	0	0	0	0	0	0	0	0	0	0	0	0	0	0	1.698356e+26	0	1.698356e+26	7.677498e+25	0	7.677498e+25	4.110175e+25	0	4.110175e+25	1.5355e+26	0	1.5355e+26	4.575478e+25	0	4.575478e+25	1.465704e+26	0	1.465704e+26	4.529994e+23	7.120124e-10	0.0006849343	8.751532e+12	1.705801e+07	101940.7	1.227561e-07	3.221243e-14	1.306481e-21	0.2819081	0.5	0.003430112	1	26.49467	3.294747	10569.8	1.117189e+26	1.827432e+28	5.151575e+27	6.741065e+25	3.118866e+27	1.203261e+27	5.325573e+26	2.294797e+26	0.2188657	0	0.02466715	0.03560219	0.03560219	0.001424136	0.02670164	0	0	0	0	1.280678e-20	0	1.280678e-20	0	-328.877	0	-328.877	0	30149.85	77194.93	858.3341	8447.673	0.006389748	1	5.016345	0.4520696	1	2	0.006207568	0.02350703	
6272	909.0505	3.45e+19	0	0	100000	2	1e-05	1.822819e+26	1.430553e+26	1.338887e+26	9.166565e+24	3.791654e+25	1.310063e+24	1.32427e+25	1.03929e+25	9.726958e+24	6.659471e+23	2.754621e+24	9.517549e+22	0.007187015	1.32427e+26	1.03929e+26	9.726958e+25	6.659471e+24	2.300822e-310	3.137834e+17	2.849796e+25	0	0	0	0	0	0	0	0	0	0	0	0	0	0	1.705971e+26	0	1.705971e+26	7.711926e+25	0	7.711926e+25	4.128607e+25	0	4.128607e+25	1.542385e+26	0	1.542385e+26	4.595996e+25	0	4.595996e+25	1.472277e+26	0	1.472277e+26	4.52508e+23	7.129377e-10	0.0006868624	8.717599e+12	1.723541e+07	103009	1.2318e-07	3.243529e-14	1.320062e-21	0.2827578	0.5	0.003452332	1	26.61348	3.309522	10569.8	1.117189e+26	1.827432e+28	5.151575e+27	6.741065e+25	3.118866e+27	1.203261e+27	5.325573e+26	2.294797e+26	0.2188657	0	0.02464673	0.03560219	0.03560219	0.001424136	0.02670164	0	0	0	0	1.280678e-20	0	1.280678e-20	0	-328.877	0	-328.877	0	30149.85	77194.93	862.2825	8447.673	0.006389748	1	5.016695	0.4520696	1	2	0.006248524	0.02361245	
6300	909.0505	3.45e+19	0	0	100000	2	1e-05	1.830956e+26	1.436114e+26	1.344192e+26	9.192189e+24	3.816089e+25	1.323355e+24	1.330182e+25	1.043331e+25	9.765498e+24	6.678086e+23	2.772373e+24	9.614115e+22	0.007227669	1.330182e+26	1.043331e+26	9.765498e+25	6.678086e+24	1.187035e-311	3.137834e+17	2.868514e+25	0	0	0	0	0	0	0	0	0	0	0	0	0	0	1.713587e+26	0	1.713587e+26	7.746354e+25	0	7.746354e+25	4.147038e+25	0	4.147038e+25	1.549271e+26	0	1.549271e+26	4.616514e+25	0	4.616514e+25	1.478849e+26	0	1.478849e+26	4.520193e+23	7.138597e-10	0.0006887857	8.683804e+12	1.741409e+07	104085	1.23604e-07	3.265897e-14	1.333741e-21	0.2836041	0.5	0.003474583	1	26.73229	3.324296	10569.8	1.117189e+26	1.827432e+28	5.151575e+27	6.741065e+25	3.118866e+27	1.203261e+27	5.325573e+26	2.294797e+26	0.2188657	0	0.0246264	0.03560219	0.03560219	0.001424136	0.02670164	0	0	0	0	1.280678e-20	0	1.280678e-20	0	-328.877	0	-328.877	0	30149.85	77194.93	866.2315	8447.673	0.006389748	1	5.017045	0.4520696	1	2	0.006289565	0.02371786	
6328	909.0505	3.45e+19	0	0	100000	2	1e-05	1.839094e+26	1.44167e+26	1.349492e+26	9.21775e+24	3.840559e+25	1.336821e+24	1.336094e+25	1.047367e+25	9.804004e+24	6.696656e+23	2.79015e+24	9.71195e+22	0.007268913	1.336094e+26	1.047367e+26	9.804004e+25	6.696656e+24	6.191984e-313	3.137834e+17	2.887269e+25	0	0	0	0	0	0	0	0	0	0	0	0	0	0	1.721203e+26	0	1.721203e+26	7.780782e+25	0	7.780782e+25	4.165469e+25	0	4.165469e+25	1.556156e+26	0	1.556156e+26	4.637032e+25	0	4.637032e+25	1.485422e+26	0	1.485422e+26	4.515331e+23	7.147782e-10	0.0006907043	8.650146e+12	1.759405e+07	105168.6	1.240281e-07	3.288348e-14	1.347517e-21	0.2844469	0.5	0.003496867	1	26.8511	3.339071	10569.8	1.117189e+26	1.827432e+28	5.151575e+27	6.741065e+25	3.118866e+27	1.203261e+27	5.325573e+26	2.294797e+26	0.2188657	0	0.02460613	0.03560219	0.03560219	0.001424136	0.02670164	0	0	0	0	1.280678e-20	0	1.280678e-20	0	-328.877	0	-328.877	0	30149.85	77194.93	870.1812	8447.673	0.006389748	1	5.017394	0.4520696	1	2	0.006330688	0.02382327	
6356	909.0505	3.45e+19	0	0	100000	2	1e-05	1.847232e+26	1.447221e+26	1.354788e+26	9.24325e+24	3.865063e+25	1.350465e+24	1.342006e+25	1.0514e+25	9.842478e+24	6.715181e+23	2.807952e+24	9.811072e+22	0.007310752	1.342006e+26	1.0514e+26	9.842478e+25	6.715181e+24	3.265817e-314	3.137834e+17	2.906063e+25	0	0	0	0	0	0	0	0	0	0	0	0	0	0	1.728819e+26	0	1.728819e+26	7.81521e+25	0	7.81521e+25	4.183901e+25	0	4.183901e+25	1.563042e+26	0	1.563042e+26	4.65755e+25	0	4.65755e+25	1.491995e+26	0	1.491995e+26	4.510495e+23	7.156934e-10	0.0006926181	8.616624e+12	1.777529e+07	106259.9	1.244524e-07	3.310882e-14	1.361392e-21	0.2852862	0.5	0.003519181	1	26.96991	3.353846	10569.8	1.117189e+26	1.827432e+28	5.151575e+27	6.741065e+25	3.118866e+27	1.203261e+27	5.325573e+26	2.294797e+26	0.2188657	0	0.02458595	0.03560219	0.03560219	0.001424136	0.02670164	0	0	0	0	1.280678e-20	0	1.280678e-20	0	-328.877	0	-328.877	0	30149.85	77194.93	874.1315	8447.673	0.006389749	1	5.017742	0.4520696	1	2	0.006371895	0.02392868	
6384	909.0505	3.45e+19	0	0	100000	2	1e-05	1.855369e+26	1.452766e+26	1.360079e+26	9.268687e+24	3.889602e+25	1.364289e+24	1.347918e+25	1.055428e+25	9.880918e+24	6.733662e+23	2.825779e+24	9.911498e+22	0.007353192	1.347918e+26	1.055428e+26	9.880918e+25	6.733662e+24	1.741643e-315	3.137834e+17	2.924894e+25	0	0	0	0	0	0	0	0	0	0	0	0	0	0	1.736435e+26	0	1.736435e+26	7.849639e+25	0	7.849639e+25	4.202332e+25	0	4.202332e+25	1.569928e+26	0	1.569928e+26	4.678068e+25	0	4.678068e+25	1.498567e+26	0	1.498567e+26	4.505684e+23	7.166053e-10	0.0006945273	8.58324e+12	1.795782e+07	107359	1.248767e-07	3.333498e-14	1.375365e-21	0.2861221	0.5	0.003541527	1	27.08872	3.36862	10569.8	1.117189e+26	1.827432e+28	5.151575e+27	6.741065e+25	3.118866e+27	1.203261e+27	5.325573e+26	2.294797e+26	0.2188657	0	0.02456585	0.03560219	0.03560219	0.001424136	0.02670164	0	0	0	0	1.280678e-20	0	1.280678e-20	0	-328.877	0	-328.877	0	30149.85	77194.93	878.0824	8447.673	0.006389748	1	5.01809	0.4520696	1	2	0.006413185	0.0240341	
6412	909.0505	3.45e+19	0	0	100000	2	1e-05	1.863507e+26	1.458306e+26	1.365366e+26	9.294064e+24	3.914174e+25	1.378294e+24	1.35383e+25	1.059453e+25	9.919324e+24	6.752098e+23	2.84363e+24	1.001325e+23	0.007396239	1.35383e+26	1.059453e+26	9.919324e+25	6.752098e+24	9.391602e-317	3.137834e+17	2.943763e+25	0	0	0	0	0	0	0	0	0	0	0	0	0	0	1.744051e+26	0	1.744051e+26	7.884067e+25	0	7.884067e+25	4.220763e+25	0	4.220763e+25	1.576813e+26	0	1.576813e+26	4.698585e+25	0	4.698585e+25	1.50514e+26	0	1.50514e+26	4.500898e+23	7.175138e-10	0.0006964318	8.549991e+12	1.814164e+07	108465.7	1.253011e-07	3.356198e-14	1.389438e-21	0.2869546	0.5	0.003563904	1	27.20753	3.383395	10569.8	1.117189e+26	1.827432e+28	5.151575e+27	6.741065e+25	3.118866e+27	1.203261e+27	5.325573e+26	2.294797e+26	0.2188657	0	0.02454581	0.03560219	0.03560219	0.001424136	0.02670164	0	0	0	0	1.280678e-20	0	1.280678e-20	0	-328.877	0	-328.877	0	30149.85	77194.93	882.034	8447.673	0.006389748	1	5.018436	0.4520696	1	2	0.006454558	0.02413951	
6440	909.0505	3.45e+19	0	0	100000	2	1e-05	1.871644e+26	1.463842e+26	1.370648e+26	9.31938e+24	3.938779e+25	1.392484e+24	1.359742e+25	1.063475e+25	9.957697e+24	6.77049e+23	2.861506e+24	1.011634e+23	0.007439897	1.359742e+26	1.063475e+26	9.957697e+25	6.77049e+24	5.120832e-318	3.137834e+17	2.96267e+25	0	0	0	0	0	0	0	0	0	0	0	0	0	0	1.751667e+26	0	1.751667e+26	7.918495e+25	0	7.918495e+25	4.239194e+25	0	4.239194e+25	1.583699e+26	0	1.583699e+26	4.719103e+25	0	4.719103e+25	1.511713e+26	0	1.511713e+26	4.496138e+23	7.184191e-10	0.0006983317	8.516879e+12	1.832676e+07	109580.3	1.257257e-07	3.37898e-14	1.403609e-21	0.2877837	0.5	0.003586311	1	27.32634	3.39817	10569.8	1.117189e+26	1.827432e+28	5.151575e+27	6.741065e+25	3.118866e+27	1.203261e+27	5.325573e+26	2.294797e+26	0.2188657	0	0.02452586	0.03560219	0.03560219	0.001424136	0.02670164	0	0	0	0	1.280678e-20	0	1.280678e-20	0	-328.877	0	-328.877	0	30149.85	77194.93	885.9861	8447.673	0.006389749	1	5.018781	0.4520696	1	2	0.006496013	0.02424492	
6468	909.0505	3.45e+19	0	0	100000	2	1e-05	1.879782e+26	1.469372e+26	1.375925e+26	9.344635e+24	3.963418e+25	1.406861e+24	1.365654e+25	1.067492e+25	9.996038e+24	6.788838e+23	2.879406e+24	1.022079e+23	0.007484172	1.365654e+26	1.067492e+26	9.996038e+25	6.788838e+24	2.823388e-319	3.137834e+17	2.981614e+25	0	0	0	0	0	0	0	0	0	0	0	0	0	0	1.759283e+26	0	1.759283e+26	7.952923e+25	0	7.952923e+25	4.257626e+25	0	4.257626e+25	1.590585e+26	0	1.590585e+26	4.739621e+25	0	4.739621e+25	1.518285e+26	0	1.518285e+26	4.491402e+23	7.19321e-10	0.0007002269	8.483903e+12	1.851318e+07	110702.6	1.261504e-07	3.401845e-14	1.41788e-21	0.2886093	0.5	0.003608748	1	27.44516	3.412944	10569.8	1.117189e+26	1.827432e+28	5.151575e+27	6.741065e+25	3.118866e+27	1.203261e+27	5.325573e+26	2.294797e+26	0.2188657	0	0.02450597	0.03560219	0.03560219	0.001424136	0.02670164	0	0	0	0	1.280678e-20	0	1.280678e-20	0	-328.877	0	-328.877	0	30149.85	77194.93	889.9389	8447.673	0.006389748	1	5.019126	0.4520695	1	2	0.006537551	0.02435033	
6496	909.0505	3.45e+19	0	0	100000	2	1e-05	1.887919e+26	1.474896e+26	1.381198e+26	9.369831e+24	3.988089e+25	1.421428e+24	1.371565e+25	1.071506e+25	1.003434e+25	6.807142e+23	2.897329e+24	1.032661e+23	0.00752907	1.371565e+26	1.071506e+26	1.003434e+26	6.807142e+24	1.574093e-320	3.137834e+17	3.000595e+25	0	0	0	0	0	0	0	0	0	0	0	0	0	0	1.766899e+26	0	1.766899e+26	7.987352e+25	0	7.987352e+25	4.276057e+25	0	4.276057e+25	1.59747e+26	0	1.59747e+26	4.760139e+25	0	4.760139e+25	1.524858e+26	0	1.524858e+26	4.48669e+23	7.202198e-10	0.0007021176	8.451063e+12	1.870091e+07	111832.8	1.265752e-07	3.424794e-14	1.432252e-21	0.2894315	0.5	0.003631215	1	27.56397	3.427719	10569.8	1.117189e+26	1.827432e+28	5.151575e+27	6.741065e+25	3.118866e+27	1.203261e+27	5.325573e+26	2.294797e+26	0.2188657	0	0.02448616	0.03560219	0.03560219	0.001424136	0.02670164	0	0	0	0	1.280678e-20	0	1.280678e-20	0	-328.877	0	-328.877	0	30149.85	77194.93	893.8924	8447.673	0.006389749	1	5.01947	0.4520695	1	2	0.00657917	0.02445575	
6524	909.0505	3.45e+19	0	0	100000	2	1e-05	1.896057e+26	1.480416e+26	1.386466e+26	9.394966e+24	4.012792e+25	1.436187e+24	1.377477e+25	1.075516e+25	1.007262e+25	6.825402e+23	2.915276e+24	1.043383e+23	0.007574595	1.377477e+26	1.075516e+26	1.007262e+26	6.825402e+24	8.893182e-322	3.137834e+17	3.019614e+25	0	0	0	0	0	0	0	0	0	0	0	0	0	0	1.774515e+26	0	1.774515e+26	8.02178e+25	0	8.02178e+25	4.294488e+25	0	4.294488e+25	1.604356e+26	0	1.604356e+26	4.780657e+25	0	4.780657e+25	1.531431e+26	0	1.531431e+26	4.482003e+23	7.211153e-10	0.0007040037	8.418358e+12	1.888996e+07	112970.8	1.27e-07	3.447825e-14	1.446724e-21	0.2902503	0.5	0.003653711	1	27.68278	3.442494	10569.8	1.117189e+26	1.827432e+28	5.151575e+27	6.741065e+25	3.118866e+27	1.203261e+27	5.325573e+26	2.294797e+26	0.2188657	0	0.02446642	0.03560219	0.03560219	0.001424136	0.02670164	0	0	0	0	1.280678e-20	0	1.280678e-20	0	-328.877	0	-328.877	0	30149.85	77194.93	897.8464	8447.673	0.006389749	1	5.019813	0.4520695	1	2	0.006620872	0.02456116	
6552	909.0505	3.45e+19	0	0	100000	2	1e-05	1.904195e+26	1.485931e+26	1.39173e+26	9.420041e+24	4.037527e+25	1.45114e+24	1.383389e+25	1.079522e+25	1.011086e+25	6.84362e+23	2.933246e+24	1.054247e+23	0.007620754	1.383389e+26	1.079522e+26	1.011086e+26	6.84362e+24	4.940656e-323	3.137834e+17	3.038671e+25	0	0	0	0	0	0	0	0	0	0	0	0	0	0	1.782131e+26	0	1.782131e+26	8.056208e+25	0	8.056208e+25	4.31292e+25	0	4.31292e+25	1.611242e+26	0	1.611242e+26	4.801175e+25	0	4.801175e+25	1.538003e+26	0	1.538003e+26	4.477341e+23	7.220076e-10	0.0007058852	8.385789e+12	1.908032e+07	114116.7	1.27425e-07	3.470939e-14	1.461296e-21	0.2910656	0.5	0.003676236	1	27.80159	3.457268	10569.8	1.117189e+26	1.827432e+28	5.151575e+27	6.741065e+25	3.118866e+27	1.203261e+27	5.325573e+26	2.294797e+26	0.2188657	0	0.02444675	0.03560219	0.03560219	0.001424136	0.02670164	0	0	0	0	1.280678e-20	0	1.280678e-20	0	-328.877	0	-328.877	0	30149.85	77194.93	901.801	8447.673	0.006389748	1	5.020155	0.4520695	1	2	0.006662655	0.02466657	
6580	909.0505	3.45e+19	0	0	100000	2	1e-05	1.912332e+26	1.49144e+26	1.396989e+26	9.445058e+24	4.062294e+25	1.46629e+24	1.389301e+25	1.083525e+25	1.014907e+25	6.861794e+23	2.951239e+24	1.065254e+23	0.007667549	1.389301e+26	1.083525e+26	1.014907e+26	6.861794e+24	0	3.137834e+17	3.057764e+25	0	0	0	0	0	0	0	0	0	0	0	0	0	0	1.789747e+26	0	1.789747e+26	8.090636e+25	0	8.090636e+25	4.331351e+25	0	4.331351e+25	1.618127e+26	0	1.618127e+26	4.821692e+25	0	4.821692e+25	1.544576e+26	0	1.544576e+26	4.472701e+23	7.228968e-10	0.0007077622	8.353355e+12	1.927201e+07	115270.5	1.278501e-07	3.494136e-14	1.47597e-21	0.2918776	0.5	0.00369879	1	27.9204	3.472043	10569.8	1.117189e+26	1.827432e+28	5.151575e+27	6.741065e+25	3.118866e+27	1.203261e+27	5.325573e+26	2.294797e+26	0.2188657	0	0.02442715	0.03560219	0.03560219	0.001424136	0.02670164	0	0	0	0	1.280678e-20	0	1.280678e-20	0	-328.877	0	-328.877	0	30149.85	77194.93	905.7563	8447.673	0.006389748	1	5.020496	0.4520695	1	2	0.00670452	0.02477199	
6608	909.0505	3.45e+19	0	0	100000	2	1e-05	1.92047e+26	1.496944e+26	1.402244e+26	9.470015e+24	4.087091e+25	1.48164e+24	1.395213e+25	1.087524e+25	1.018724e+25	6.879926e+23	2.969254e+24	1.076405e+23	0.007714987	1.395213e+26	1.087524e+26	1.018724e+26	6.879926e+24	0	3.137834e+17	3.076895e+25	0	0	0	0	0	0	0	0	0	0	0	0	0	0	1.797363e+26	0	1.797363e+26	8.125065e+25	0	8.125065e+25	4.349782e+25	0	4.349782e+25	1.625013e+26	0	1.625013e+26	4.84221e+25	0	4.84221e+25	1.551149e+26	0	1.551149e+26	4.468086e+23	7.237828e-10	0.0007096348	8.321056e+12	1.946502e+07	116432.2	1.282753e-07	3.517416e-14	1.490745e-21	0.2926862	0.5	0.003721372	1	28.03921	3.486818	10569.8	1.117189e+26	1.827432e+28	5.151575e+27	6.741065e+25	3.118866e+27	1.203261e+27	5.325573e+26	2.294797e+26	0.2188657	0	0.02440762	0.03560219	0.03560219	0.001424136	0.02670164	0	0	0	0	1.280678e-20	0	1.280678e-20	0	-328.877	0	-328.877	0	30149.85	77194.93	909.7122	8447.673	0.006389748	1	5.020837	0.4520695	1	2	0.006746466	0.0248774	
6636	909.0505	3.45e+19	0	0	100000	2	1e-05	1.928607e+26	1.502444e+26	1.407494e+26	9.494914e+24	4.111919e+25	1.497192e+24	1.401125e+25	1.091519e+25	1.022539e+25	6.898015e+23	2.987292e+24	1.087703e+23	0.007763072	1.401125e+26	1.091519e+26	1.022539e+26	6.898015e+24	0	3.137834e+17	3.096062e+25	0	0	0	0	0	0	0	0	0	0	0	0	0	0	1.804979e+26	0	1.804979e+26	8.159493e+25	0	8.159493e+25	4.368213e+25	0	4.368213e+25	1.631899e+26	0	1.631899e+26	4.862728e+25	0	4.862728e+25	1.557721e+26	0	1.557721e+26	4.463494e+23	7.246657e-10	0.0007115028	8.288891e+12	1.965937e+07	117601.9	1.287006e-07	3.54078e-14	1.505623e-21	0.2934914	0.5	0.003743982	1	28.15802	3.501592	10569.8	1.117189e+26	1.827432e+28	5.151575e+27	6.741065e+25	3.118866e+27	1.203261e+27	5.325573e+26	2.294797e+26	0.2188657	0	0.02438816	0.03560219	0.03560219	0.001424136	0.02670164	0	0	0	0	1.280678e-20	0	1.280678e-20	0	-328.877	0	-328.877	0	30149.85	77194.93	913.6687	8447.673	0.006389748	1	5.021176	0.4520695	1	2	0.006788492	0.02498281	
6664	909.0505	3.45e+19	0	0	100000	2	1e-05	1.936745e+26	1.507938e+26	1.41274e+26	9.519755e+24	4.136778e+25	1.512948e+24	1.407037e+25	1.09551e+25	1.02635e+25	6.916061e+23	3.005351e+24	1.09915e+23	0.007811809	1.407037e+26	1.09551e+26	1.02635e+26	6.916061e+24	0	3.137834e+17	3.115266e+25	0	0	0	0	0	0	0	0	0	0	0	0	0	0	1.812595e+26	0	1.812595e+26	8.193921e+25	0	8.193921e+25	4.386645e+25	0	4.386645e+25	1.638784e+26	0	1.638784e+26	4.883246e+25	0	4.883246e+25	1.564294e+26	0	1.564294e+26	4.458925e+23	7.255455e-10	0.0007133665	8.25686e+12	1.985505e+07	118779.6	1.291261e-07	3.564226e-14	1.520602e-21	0.2942932	0.5	0.00376662	1	28.27683	3.516367	10569.8	1.117189e+26	1.827432e+28	5.151575e+27	6.741065e+25	3.118866e+27	1.203261e+27	5.325573e+26	2.294797e+26	0.2188657	0	0.02436877	0.03560219	0.03560219	0.001424136	0.02670164	0	0	0	0	1.280678e-20	0	1.280678e-20	0	-328.877	0	-328.877	0	30149.85	77194.93	917.6258	8447.673	0.006389748	1	5.021515	0.4520695	1	2	0.0068306	0.02508822	
6692	909.0505	3.45e+19	0	0	100000	2	1e-05	1.944883e+26	1.513427e+26	1.417981e+26	9.544537e+24	4.161666e+25	1.528912e+24	1.412949e+25	1.099498e+25	1.030157e+25	6.934066e+23	3.023433e+24	1.110748e+23	0.007861203	1.412949e+26	1.099498e+26	1.030157e+26	6.934066e+24	0	3.137834e+17	3.134508e+25	0	0	0	0	0	0	0	0	0	0	0	0	0	0	1.820211e+26	0	1.820211e+26	8.228349e+25	0	8.228349e+25	4.405076e+25	0	4.405076e+25	1.64567e+26	0	1.64567e+26	4.903764e+25	0	4.903764e+25	1.570867e+26	0	1.570867e+26	4.454379e+23	7.264222e-10	0.0007152257	8.224964e+12	2.005208e+07	119965.3	1.295516e-07	3.587755e-14	1.535684e-21	0.2950916	0.5	0.003789285	1	28.39564	3.531141	10569.8	1.117189e+26	1.827432e+28	5.151575e+27	6.741065e+25	3.118866e+27	1.203261e+27	5.325573e+26	2.294797e+26	0.2188657	0	0.02434945	0.03560219	0.03560219	0.001424136	0.02670164	0	0	0	0	1.280678e-20	0	1.280678e-20	0	-328.877	0	-328.877	0	30149.85	77194.93	921.5835	8447.673	0.006389748	1	5.021853	0.4520695	1	2	0.006872789	0.02519364	
6720	909.0505	3.45e+19	0	0	100000	2	1e-05	1.95302e+26	1.518911e+26	1.423218e+26	9.569262e+24	4.186584e+25	1.545084e+24	1.418861e+25	1.103482e+25	1.033962e+25	6.952028e+23	3.041536e+24	1.122497e+23	0.007911257	1.418861e+26	1.103482e+26	1.033962e+26	6.952028e+24	0	3.137834e+17	3.153785e+25	0	0	0	0	0	0	0	0	0	0	0	0	0	0	1.827827e+26	0	1.827827e+26	8.262778e+25	0	8.262778e+25	4.423507e+25	0	4.423507e+25	1.652556e+26	0	1.652556e+26	4.924282e+25	0	4.924282e+25	1.577439e+26	0	1.577439e+26	4.449857e+23	7.272958e-10	0.0007170805	8.193201e+12	2.025045e+07	121159	1.299772e-07	3.611368e-14	1.55087e-21	0.2958866	0.5	0.003811976	1	28.51445	3.545916	10569.8	1.117189e+26	1.827432e+28	5.151575e+27	6.741065e+25	3.118866e+27	1.203261e+27	5.325573e+26	2.294797e+26	0.2188657	0	0.02433019	0.03560219	0.03560219	0.001424136	0.02670164	0	0	0	0	1.280678e-20	0	1.280678e-20	0	-328.877	0	-328.877	0	30149.85	77194.93	925.5419	8447.673	0.006389748	1	5.02219	0.4520695	1	2	0.006915058	0.02529905	
6748	909.0505	3.45e+19	0	0	100000	2	1e-05	1.961158e+26	1.52439e+26	1.428451e+26	9.59393e+24	4.211531e+25	1.561469e+24	1.424773e+25	1.107463e+25	1.037763e+25	6.969949e+23	3.05966e+24	1.134401e+23	0.007961976	1.424773e+26	1.107463e+26	1.037763e+26	6.969949e+24	0	3.137834e+17	3.1731e+25	0	0	0	0	0	0	0	0	0	0	0	0	0	0	1.835443e+26	0	1.835443e+26	8.297206e+25	0	8.297206e+25	4.441938e+25	0	4.441938e+25	1.659441e+26	0	1.659441e+26	4.944799e+25	0	4.944799e+25	1.584012e+26	0	1.584012e+26	4.445356e+23	7.281664e-10	0.0007189309	8.161573e+12	2.045018e+07	122360.8	1.304029e-07	3.635063e-14	1.566159e-21	0.2966783	0.5	0.003834695	1	28.63326	3.560691	10569.8	1.117189e+26	1.827432e+28	5.151575e+27	6.741065e+25	3.118866e+27	1.203261e+27	5.325573e+26	2.294797e+26	0.2188657	0	0.02431099	0.03560219	0.03560219	0.001424136	0.02670164	0	0	0	0	1.280678e-20	0	1.280678e-20	0	-328.877	0	-328.877	0	30149.85	77194.93	929.5008	8447.673	0.006389748	1	5.022526	0.4520695	1	2	0.006957406	0.02540446	
6776	909.0505	3.45e+19	0	0	100000	2	1e-05	1.969295e+26	1.529864e+26	1.433679e+26	9.61854e+24	4.236507e+25	1.578068e+24	1.430685e+25	1.11144e+25	1.041561e+25	6.987828e+23	3.077804e+24	1.14646e+23	0.008013365	1.430685e+26	1.11144e+26	1.041561e+26	6.987828e+24	0	3.137834e+17	3.19245e+25	0	0	0	0	0	0	0	0	0	0	0	0	0	0	1.843058e+26	0	1.843058e+26	8.331634e+25	0	8.331634e+25	4.46037e+25	0	4.46037e+25	1.666327e+26	0	1.666327e+26	4.965317e+25	0	4.965317e+25	1.590585e+26	0	1.590585e+26	4.440878e+23	7.29034e-10	0.000720777	8.130077e+12	2.065126e+07	123570.7	1.308287e-07	3.658842e-14	1.581551e-21	0.2974667	0.5	0.00385744	1	28.75207	3.575465	10569.8	1.117189e+26	1.827432e+28	5.151575e+27	6.741065e+25	3.118866e+27	1.203261e+27	5.325573e+26	2.294797e+26	0.2188657	0	0.02429187	0.03560219	0.03560219	0.001424136	0.02670164	0	0	0	0	1.280678e-20	0	1.280678e-20	0	-328.877	0	-328.877	0	30149.85	77194.93	933.4603	8447.673	0.006389749	1	5.022862	0.4520695	1	2	0.006999835	0.02550987	
6804	909.0505	3.45e+19	0	0	100000	2	1e-05	1.977433e+26	1.535333e+26	1.438902e+26	9.643094e+24	4.261512e+25	1.594884e+24	1.436597e+25	1.115413e+25	1.045356e+25	7.005666e+23	3.09597e+24	1.158677e+23	0.008065427	1.436597e+26	1.115413e+26	1.045356e+26	7.005666e+24	0	3.137834e+17	3.211838e+25	0	0	0	0	0	0	0	0	0	0	0	0	0	0	1.850674e+26	0	1.850674e+26	8.366062e+25	0	8.366062e+25	4.478801e+25	0	4.478801e+25	1.673212e+26	0	1.673212e+26	4.985835e+25	0	4.985835e+25	1.597157e+26	0	1.597157e+26	4.436423e+23	7.298987e-10	0.0007226187	8.098714e+12	2.085371e+07	124788.7	1.312546e-07	3.682704e-14	1.597048e-21	0.2982516	0.5	0.00388021	1	28.87088	3.59024	10569.8	1.117189e+26	1.827432e+28	5.151575e+27	6.741065e+25	3.118866e+27	1.203261e+27	5.325573e+26	2.294797e+26	0.2188657	0	0.02427281	0.03560219	0.03560219	0.001424136	0.02670164	0	0	0	0	1.280678e-20	0	1.280678e-20	0	-328.877	0	-328.877	0	30149.85	77194.93	937.4205	8447.673	0.006389748	1	5.023197	0.4520695	1	2	0.007042344	0.02561529	
6832	909.0505	3.45e+19	0	0	100000	2	1e-05	1.98557e+26	1.540797e+26	1.444121e+26	9.667591e+24	4.286544e+25	1.611919e+24	1.442508e+25	1.119382e+25	1.049148e+25	7.023463e+23	3.114156e+24	1.171053e+23	0.008118167	1.442508e+26	1.119382e+26	1.049148e+26	7.023463e+24	0	3.137834e+17	3.231261e+25	0	0	0	0	0	0	0	0	0	0	0	0	0	0	1.85829e+26	0	1.85829e+26	8.400491e+25	0	8.400491e+25	4.497232e+25	0	4.497232e+25	1.680098e+26	0	1.680098e+26	5.006353e+25	0	5.006353e+25	1.60373e+26	0	1.60373e+26	4.431989e+23	7.307603e-10	0.0007244562	8.067484e+12	2.105752e+07	126014.8	1.316807e-07	3.706648e-14	1.612649e-21	0.2990333	0.5	0.003903006	1	28.98969	3.605015	10569.8	1.117189e+26	1.827432e+28	5.151575e+27	6.741065e+25	3.118866e+27	1.203261e+27	5.325573e+26	2.294797e+26	0.2188657	0	0.02425381	0.03560219	0.03560219	0.001424136	0.02670164	0	0	0	0	1.280678e-20	0	1.280678e-20	0	-328.877	0	-328.877	0	30149.85	77194.93	941.3812	8447.673	0.006389749	1	5.023531	0.4520695	1	2	0.007084933	0.0257207	
6860	909.0505	3.45e+19	0	0	100000	2	1e-05	1.993708e+26	1.546256e+26	1.449336e+26	9.692032e+24	4.311604e+25	1.629176e+24	1.44842e+25	1.123348e+25	1.052936e+25	7.04122e+23	3.132362e+24	1.18359e+23	0.008171588	1.44842e+26	1.123348e+26	1.052936e+26	7.04122e+24	0	3.137834e+17	3.250721e+25	0	0	0	0	0	0	0	0	0	0	0	0	0	0	1.865906e+26	0	1.865906e+26	8.434919e+25	0	8.434919e+25	4.515664e+25	0	4.515664e+25	1.686984e+26	0	1.686984e+26	5.026871e+25	0	5.026871e+25	1.610303e+26	0	1.610303e+26	4.427577e+23	7.31619e-10	0.0007262893	8.036387e+12	2.12627e+07	127249.1	1.321068e-07	3.730676e-14	1.628355e-21	0.2998116	0.5	0.003925827	1	29.1085	3.619789	10569.8	1.117189e+26	1.827432e+28	5.151575e+27	6.741065e+25	3.118866e+27	1.203261e+27	5.325573e+26	2.294797e+26	0.2188657	0	0.02423488	0.03560219	0.03560219	0.001424136	0.02670164	0	0	0	0	1.280678e-20	0	1.280678e-20	0	-328.877	0	-328.877	0	30149.85	77194.93	945.3426	8447.673	0.006389748	1	5.023864	0.4520694	1	2	0.007127601	0.02582611	
6888	909.0505	3.45e+19	0	0	100000	2	1e-05	2.001846e+26	1.55171e+26	1.454546e+26	9.716416e+24	4.336692e+25	1.646657e+24	1.454332e+25	1.127311e+25	1.056721e+25	7.058935e+23	3.150588e+24	1.196289e+23	0.008225695	1.454332e+26	1.127311e+26	1.056721e+26	7.058935e+24	0	3.137834e+17	3.270217e+25	0	0	0	0	0	0	0	0	0	0	0	0	0	0	1.873522e+26	0	1.873522e+26	8.469347e+25	0	8.469347e+25	4.534095e+25	0	4.534095e+25	1.693869e+26	0	1.693869e+26	5.047389e+25	0	5.047389e+25	1.616875e+26	0	1.616875e+26	4.423187e+23	7.324748e-10	0.0007281182	8.005422e+12	2.146926e+07	128491.6	1.32533e-07	3.754787e-14	1.644166e-21	0.3005866	0.5	0.003948674	1	29.22731	3.634564	10569.8	1.117189e+26	1.827432e+28	5.151575e+27	6.741065e+25	3.118866e+27	1.203261e+27	5.325573e+26	2.294797e+26	0.2188657	0	0.02421602	0.03560219	0.03560219	0.001424136	0.02670164	0	0	0	0	1.280678e-20	0	1.280678e-20	0	-328.877	0	-328.877	0	30149.85	77194.93	949.3046	8447.673	0.006389748	1	5.024196	0.4520694	1	2	0.007170348	0.02593153	
6916	909.0505	3.45e+19	0	0	100000	2	1e-05	2.009983e+26	1.557159e+26	1.459752e+26	9.740746e+24	4.361806e+25	1.664365e+24	1.460244e+25	1.131269e+25	1.060503e+25	7.07661e+23	3.168833e+24	1.209154e+23	0.00828049	1.460244e+26	1.131269e+26	1.060503e+26	7.07661e+24	0	3.137834e+17	3.289749e+25	0	0	0	0	0	0	0	0	0	0	0	0	0	0	1.881138e+26	0	1.881138e+26	8.503775e+25	0	8.503775e+25	4.552526e+25	0	4.552526e+25	1.700755e+26	0	1.700755e+26	5.067906e+25	0	5.067906e+25	1.623448e+26	0	1.623448e+26	4.418818e+23	7.333276e-10	0.0007299429	7.974589e+12	2.16772e+07	129742.4	1.329593e-07	3.778981e-14	1.660083e-21	0.3013582	0.5	0.003971544	1	29.34612	3.649339	10569.8	1.117189e+26	1.827432e+28	5.151575e+27	6.741065e+25	3.118866e+27	1.203261e+27	5.325573e+26	2.294797e+26	0.2188657	0	0.02419721	0.03560219	0.03560219	0.001424136	0.02670164	0	0	0	0	1.280678e-20	0	1.280678e-20	0	-328.877	0	-328.877	0	30149.85	77194.93	953.2671	8447.673	0.006389748	1	5.024528	0.4520695	1	2	0.007213174	0.02603694	
6944	909.0505	3.45e+19	0	0	100000	2	1e-05	2.018121e+26	1.562603e+26	1.464953e+26	9.76502e+24	4.386947e+25	1.682301e+24	1.466156e+25	1.135224e+25	1.064282e+25	7.094245e+23	3.187098e+24	1.222185e+23	0.008335978	1.466156e+26	1.135224e+26	1.064282e+26	7.094245e+24	0	3.137834e+17	3.309317e+25	0	0	0	0	0	0	0	0	0	0	0	0	0	0	1.888754e+26	0	1.888754e+26	8.538204e+25	0	8.538204e+25	4.570957e+25	0	4.570957e+25	1.707641e+26	0	1.707641e+26	5.088424e+25	0	5.088424e+25	1.630021e+26	0	1.630021e+26	4.414471e+23	7.341776e-10	0.0007317633	7.943887e+12	2.188653e+07	131001.3	1.333857e-07	3.803258e-14	1.676106e-21	0.3021266	0.5	0.003994439	1	29.46493	3.664113	10569.8	1.117189e+26	1.827432e+28	5.151575e+27	6.741065e+25	3.118866e+27	1.203261e+27	5.325573e+26	2.294797e+26	0.2188657	0	0.02417847	0.03560219	0.03560219	0.001424136	0.02670164	0	0	0	0	1.280678e-20	0	1.280678e-20	0	-328.877	0	-328.877	0	30149.85	77194.93	957.2303	8447.673	0.006389749	1	5.024859	0.4520694	1	2	0.007256079	0.02614235	
6972	909.0505	3.45e+19	0	0	100000	2	1e-05	2.026258e+26	1.568042e+26	1.47015e+26	9.789238e+24	4.412114e+25	1.700469e+24	1.472068e+25	1.139176e+25	1.068058e+25	7.11184e+23	3.205382e+24	1.235383e+23	0.008392162	1.472068e+26	1.139176e+26	1.068058e+26	7.11184e+24	0	3.137834e+17	3.32892e+25	0	0	0	0	0	0	0	0	0	0	0	0	0	0	1.89637e+26	0	1.89637e+26	8.572632e+25	0	8.572632e+25	4.589389e+25	0	4.589389e+25	1.714526e+26	0	1.714526e+26	5.108942e+25	0	5.108942e+25	1.636593e+26	0	1.636593e+26	4.410145e+23	7.350247e-10	0.0007335795	7.913317e+12	2.209724e+07	132268.6	1.338122e-07	3.827619e-14	1.692235e-21	0.3028916	0.5	0.004017358	1	29.58374	3.678888	10569.8	1.117189e+26	1.827432e+28	5.151575e+27	6.741065e+25	3.118866e+27	1.203261e+27	5.325573e+26	2.294797e+26	0.2188657	0	0.0241598	0.03560219	0.03560219	0.001424136	0.02670164	0	0	0	0	1.280678e-20	0	1.280678e-20	0	-328.877	0	-328.877	0	30149.85	77194.93	961.194	8447.673	0.006389748	1	5.025189	0.4520695	1	2	0.007299062	0.02624776	
7000	909.0505	3.45e+19	0	0	100000	2	1e-05	2.034396e+26	1.573477e+26	1.475343e+26	9.813402e+24	4.437307e+25	1.71887e+24	1.47798e+25	1.143124e+25	1.07183e+25	7.129395e+23	3.223685e+24	1.248752e+23	0.008449045	1.47798e+26	1.143124e+26	1.07183e+26	7.129395e+24	0	3.137834e+17	3.34856e+25	0	0	0	0	0	0	0	0	0	0	0	0	0	0	1.903986e+26	0	1.903986e+26	8.60706e+25	0	8.60706e+25	4.60782e+25	0	4.60782e+25	1.721412e+26	0	1.721412e+26	5.12946e+25	0	5.12946e+25	1.643166e+26	0	1.643166e+26	4.405839e+23	7.358689e-10	0.0007353916	7.882877e+12	2.230935e+07	133544.1	1.342388e-07	3.852062e-14	1.708471e-21	0.3036533	0.5	0.004040301	1	29.70255	3.693663	10569.8	1.117189e+26	1.827432e+28	5.151575e+27	6.741065e+25	3.118866e+27	1.203261e+27	5.325573e+26	2.294797e+26	0.2188657	0	0.02414119	0.03560219	0.03560219	0.001424136	0.02670164	0	0	0	0	1.280678e-20	0	1.280678e-20	0	-328.877	0	-328.877	0	30149.85	77194.93	965.1583	8447.673	0.006389749	1	5.025518	0.4520694	1	2	0.007342124	0.02635318	
7028	909.0505	3.45e+19	0	0	100000	2	1e-05	2.042534e+26	1.578906e+26	1.480531e+26	9.837512e+24	4.462526e+25	1.737508e+24	1.483892e+25	1.147068e+25	1.075599e+25	7.14691e+23	3.242006e+24	1.262292e+23	0.00850663	1.483892e+26	1.147068e+26	1.075599e+26	7.14691e+24	0	3.137834e+17	3.368235e+25	0	0	0	0	0	0	0	0	0	0	0	0	0	0	1.911602e+26	0	1.911602e+26	8.641488e+25	0	8.641488e+25	4.626251e+25	0	4.626251e+25	1.728298e+26	0	1.728298e+26	5.149978e+25	0	5.149978e+25	1.649739e+26	0	1.649739e+26	4.401555e+23	7.367104e-10	0.0007371995	7.852569e+12	2.252286e+07	134828	1.346654e-07	3.876588e-14	1.724814e-21	0.3044118	0.5	0.004063266	1	29.82136	3.708437	10569.8	1.117189e+26	1.827432e+28	5.151575e+27	6.741065e+25	3.118866e+27	1.203261e+27	5.325573e+26	2.294797e+26	0.2188657	0	0.02412264	0.03560219	0.03560219	0.001424136	0.02670164	0	0	0	0	1.280678e-20	0	1.280678e-20	0	-328.877	0	-328.877	0	30149.85	77194.93	969.1233	8447.673	0.006389748	1	5.025847	0.4520694	1	2	0.007385264	0.02645859	
7056	909.0505	3.45e+19	0	0	100000	2	1e-05	2.050671e+26	1.58433e+26	1.485715e+26	9.861567e+24	4.487769e+25	1.756384e+24	1.489804e+25	1.151009e+25	1.079365e+25	7.164386e+23	3.260345e+24	1.276005e+23	0.008564921	1.489804e+26	1.151009e+26	1.079365e+26	7.164386e+24	0	3.137834e+17	3.387946e+25	0	0	0	0	0	0	0	0	0	0	0	0	0	0	1.919218e+26	0	1.919218e+26	8.675916e+25	0	8.675916e+25	4.644683e+25	0	4.644683e+25	1.735183e+26	0	1.735183e+26	5.170496e+25	0	5.170496e+25	1.656311e+26	0	1.656311e+26	4.397291e+23	7.37549e-10	0.0007390033	7.82239e+12	2.273777e+07	136120.2	1.350922e-07	3.901198e-14	1.741264e-21	0.3051669	0.5	0.004086255	1	29.94017	3.723212	10569.8	1.117189e+26	1.827432e+28	5.151575e+27	6.741065e+25	3.118866e+27	1.203261e+27	5.325573e+26	2.294797e+26	0.2188657	0	0.02410415	0.03560219	0.03560219	0.001424136	0.02670164	0	0	0	0	1.280678e-20	0	1.280678e-20	0	-328.877	0	-328.877	0	30149.85	77194.93	973.0888	8447.673	0.006389749	1	5.026175	0.4520694	1	2	0.007428483	0.026564	
7084	909.0505	3.45e+19	0	0	100000	2	1e-05	2.058809e+26	1.58975e+26	1.490894e+26	9.885568e+24	4.513038e+25	1.7755e+24	1.495716e+25	1.154947e+25	1.083128e+25	7.181823e+23	3.278703e+24	1.289893e+23	0.008623921	1.495716e+26	1.154947e+26	1.083128e+26	7.181823e+24	0	3.137834e+17	3.407692e+25	0	0	0	0	0	0	0	0	0	0	0	0	0	0	1.926834e+26	0	1.926834e+26	8.710345e+25	0	8.710345e+25	4.663114e+25	0	4.663114e+25	1.742069e+26	0	1.742069e+26	5.191014e+25	0	5.191014e+25	1.662884e+26	0	1.662884e+26	4.393047e+23	7.383848e-10	0.0007408029	7.792342e+12	2.295409e+07	137420.8	1.355191e-07	3.92589e-14	1.757822e-21	0.3059188	0.5	0.004109266	1	30.05898	3.737987	10569.8	1.117189e+26	1.827432e+28	5.151575e+27	6.741065e+25	3.118866e+27	1.203261e+27	5.325573e+26	2.294797e+26	0.2188657	0	0.02408573	0.03560219	0.03560219	0.001424136	0.02670164	0	0	0	0	1.280678e-20	0	1.280678e-20	0	-328.877	0	-328.877	0	30149.85	77194.93	977.0549	8447.673	0.006389748	1	5.026502	0.4520694	1	2	0.007471779	0.02666941	
7112	909.0505	3.45e+19	0	0	100000	2	1e-05	2.066946e+26	1.595165e+26	1.49607e+26	9.909516e+24	4.538331e+25	1.79486e+24	1.501628e+25	1.15888e+25	1.086888e+25	7.199221e+23	3.297078e+24	1.303958e+23	0.008683632	1.501628e+26	1.15888e+26	1.086888e+26	7.199221e+24	0	3.137834e+17	3.427474e+25	0	0	0	0	0	0	0	0	0	0	0	0	0	0	1.93445e+26	0	1.93445e+26	8.744773e+25	0	8.744773e+25	4.681545e+25	0	4.681545e+25	1.748955e+26	0	1.748955e+26	5.211531e+25	0	5.211531e+25	1.669457e+26	0	1.669457e+26	4.388823e+23	7.392178e-10	0.0007425985	7.762424e+12	2.317183e+07	138729.7	1.35946e-07	3.950666e-14	1.774488e-21	0.3066674	0.5	0.004132299	1	30.17779	3.752761	10569.8	1.117189e+26	1.827432e+28	5.151575e+27	6.741065e+25	3.118866e+27	1.203261e+27	5.325573e+26	2.294797e+26	0.2188657	0	0.02406737	0.03560219	0.03560219	0.001424136	0.02670164	0	0	0	0	1.280678e-20	0	1.280678e-20	0	-328.877	0	-328.877	0	30149.85	77194.93	981.0216	8447.673	0.006389749	1	5.026828	0.4520694	1	2	0.007515152	0.02677483	
7140	909.0505	3.45e+19	0	0	100000	2	1e-05	2.075084e+26	1.600575e+26	1.50124e+26	9.93341e+24	4.563648e+25	1.814465e+24	1.50754e+25	1.162811e+25	1.090645e+25	7.21658e+23	3.315471e+24	1.318201e+23	0.008744057	1.50754e+26	1.162811e+26	1.090645e+26	7.21658e+24	0	3.137834e+17	3.447291e+25	0	0	0	0	0	0	0	0	0	0	0	0	0	0	1.942066e+26	0	1.942066e+26	8.779201e+25	0	8.779201e+25	4.699976e+25	0	4.699976e+25	1.75584e+26	0	1.75584e+26	5.232049e+25	0	5.232049e+25	1.676029e+26	0	1.676029e+26	4.38462e+23	7.400481e-10	0.00074439	7.732635e+12	2.339098e+07	140047.1	1.36373e-07	3.975524e-14	1.791263e-21	0.3074128	0.5	0.004155355	1	30.2966	3.767536	10569.8	1.117189e+26	1.827432e+28	5.151575e+27	6.741065e+25	3.118866e+27	1.203261e+27	5.325573e+26	2.294797e+26	0.2188657	0	0.02404907	0.03560219	0.03560219	0.001424136	0.02670164	0	0	0	0	1.280678e-20	0	1.280678e-20	0	-328.877	0	-328.877	0	30149.85	77194.93	984.9889	8447.673	0.006389748	1	5.027154	0.4520694	1	2	0.007558604	0.02688024	
7168	909.0505	3.45e+19	0	0	100000	2	1e-05	2.083222e+26	1.605979e+26	1.506407e+26	9.957251e+24	4.588988e+25	1.834318e+24	1.513452e+25	1.166737e+25	1.094398e+25	7.2339e+23	3.33388e+24	1.332624e+23	0.008805199	1.513452e+26	1.166737e+26	1.094398e+26	7.2339e+24	0	3.137834e+17	3.467143e+25	0	0	0	0	0	0	0	0	0	0	0	0	0	0	1.949682e+26	0	1.949682e+26	8.813629e+25	0	8.813629e+25	4.718408e+25	0	4.718408e+25	1.762726e+26	0	1.762726e+26	5.252567e+25	0	5.252567e+25	1.682602e+26	0	1.682602e+26	4.380437e+23	7.408757e-10	0.0007461774	7.702975e+12	2.361156e+07	141373	1.368001e-07	4.000466e-14	1.808146e-21	0.3081549	0.5	0.004178432	1	30.41541	3.782311	10569.8	1.117189e+26	1.827432e+28	5.151575e+27	6.741065e+25	3.118866e+27	1.203261e+27	5.325573e+26	2.294797e+26	0.2188657	0	0.02403084	0.03560219	0.03560219	0.001424136	0.02670164	0	0	0	0	1.280678e-20	0	1.280678e-20	0	-328.877	0	-328.877	0	30149.85	77194.93	988.9567	8447.673	0.006389748	1	5.027478	0.4520694	1	2	0.007602132	0.02698565	
7196	909.0505	3.45e+19	0	0	100000	2	1e-05	2.091359e+26	1.61138e+26	1.511569e+26	9.981038e+24	4.614353e+25	1.854421e+24	1.519363e+25	1.17066e+25	1.098149e+25	7.251182e+23	3.352307e+24	1.347229e+23	0.008867061	1.519363e+26	1.17066e+26	1.098149e+26	7.251182e+24	0	3.137834e+17	3.48703e+25	0	0	0	0	0	0	0	0	0	0	0	0	0	0	1.957298e+26	0	1.957298e+26	8.848058e+25	0	8.848058e+25	4.736839e+25	0	4.736839e+25	1.769612e+26	0	1.769612e+26	5.273085e+25	0	5.273085e+25	1.689175e+26	0	1.689175e+26	4.376273e+23	7.417006e-10	0.0007479608	7.673445e+12	2.383356e+07	142707.3	1.372273e-07	4.02549e-14	1.825139e-21	0.3088937	0.5	0.00420153	1	30.53422	3.797085	10569.8	1.117189e+26	1.827432e+28	5.151575e+27	6.741065e+25	3.118866e+27	1.203261e+27	5.325573e+26	2.294797e+26	0.2188657	0	0.02401267	0.03560219	0.03560219	0.001424136	0.02670164	0	0	0	0	1.280678e-20	0	1.280678e-20	0	-328.877	0	-328.877	0	30149.85	77194.93	992.9252	8447.673	0.006389748	1	5.027803	0.4520694	1	2	0.007645738	0.02709107	
7224	909.0505	3.45e+19	0	0	100000	2	1e-05	2.099497e+26	1.616775e+26	1.516727e+26	1.000477e+25	4.63974e+25	1.874776e+24	1.525275e+25	1.17458e+25	1.101896e+25	7.268425e+23	3.370751e+24	1.362017e+23	0.008929644	1.525275e+26	1.17458e+26	1.101896e+26	7.268425e+24	0	3.137834e+17	3.506953e+25	0	0	0	0	0	0	0	0	0	0	0	0	0	0	1.964914e+26	0	1.964914e+26	8.882486e+25	0	8.882486e+25	4.75527e+25	0	4.75527e+25	1.776497e+26	0	1.776497e+26	5.293603e+25	0	5.293603e+25	1.695747e+26	0	1.695747e+26	4.372129e+23	7.425227e-10	0.0007497402	7.644042e+12	2.405699e+07	144050.1	1.376546e-07	4.050597e-14	1.842241e-21	0.3096294	0.5	0.00422465	1	30.65303	3.81186	10569.8	1.117189e+26	1.827432e+28	5.151575e+27	6.741065e+25	3.118866e+27	1.203261e+27	5.325573e+26	2.294797e+26	0.2188657	0	0.02399456	0.03560219	0.03560219	0.001424136	0.02670164	0	0	0	0	1.280678e-20	0	1.280678e-20	0	-328.877	0	-328.877	0	30149.85	77194.93	996.8942	8447.673	0.006389748	1	5.028126	0.4520694	1	2	0.00768942	0.02719648	
7252	909.0505	3.45e+19	0	0	100000	2	1e-05	2.107634e+26	1.622165e+26	1.521881e+26	1.002846e+25	4.66515e+25	1.895385e+24	1.531187e+25	1.178496e+25	1.10564e+25	7.285631e+23	3.389211e+24	1.376989e+23	0.008992951	1.531187e+26	1.178496e+26	1.10564e+26	7.285631e+24	0	3.137834e+17	3.52691e+25	0	0	0	0	0	0	0	0	0	0	0	0	0	0	1.972529e+26	0	1.972529e+26	8.916914e+25	0	8.916914e+25	4.773702e+25	0	4.773702e+25	1.783383e+26	0	1.783383e+26	5.314121e+25	0	5.314121e+25	1.70232e+26	0	1.70232e+26	4.368004e+23	7.433422e-10	0.0007515156	7.614768e+12	2.428186e+07	145401.4	1.38082e-07	4.075788e-14	1.859452e-21	0.3103618	0.5	0.00424779	1	30.77184	3.826634	10569.8	1.117189e+26	1.827432e+28	5.151575e+27	6.741065e+25	3.118866e+27	1.203261e+27	5.325573e+26	2.294797e+26	0.2188657	0	0.02397651	0.03560219	0.03560219	0.001424136	0.02670164	0	0	0	0	1.280678e-20	0	1.280678e-20	0	-328.877	0	-328.877	0	30149.85	77194.93	1000.864	8447.673	0.006389748	1	5.028449	0.4520694	1	2	0.007733179	0.02730189	
7280	909.0505	3.45e+19	0	0	100000	2	1e-05	2.115772e+26	1.627551e+26	1.52703e+26	1.005209e+25	4.690582e+25	1.916251e+24	1.537099e+25	1.182409e+25	1.109381e+25	7.302798e+23	3.407688e+24	1.392148e+23	0.009056985	1.537099e+26	1.182409e+26	1.109381e+26	7.302798e+24	0	3.137834e+17	3.546903e+25	0	0	0	0	0	0	0	0	0	0	0	0	0	0	1.980145e+26	0	1.980145e+26	8.951342e+25	0	8.951342e+25	4.792133e+25	0	4.792133e+25	1.790268e+26	0	1.790268e+26	5.334638e+25	0	5.334638e+25	1.708893e+26	0	1.708893e+26	4.363898e+23	7.44159e-10	0.000753287	7.585621e+12	2.450817e+07	146761.2	1.385094e-07	4.101061e-14	1.876774e-21	0.311091	0.5	0.00427095	1	30.89065	3.841409	10569.8	1.117189e+26	1.827432e+28	5.151575e+27	6.741065e+25	3.118866e+27	1.203261e+27	5.325573e+26	2.294797e+26	0.2188657	0	0.02395852	0.03560219	0.03560219	0.001424136	0.02670164	0	0	0	0	1.280678e-20	0	1.280678e-20	0	-328.877	0	-328.877	0	30149.85	77194.93	1004.834	8447.673	0.006389749	1	5.028771	0.4520694	1	2	0.007777015	0.0274073	
7308	909.0505	3.45e+19	0	0	100000	2	1e-05	2.123909e+26	1.632932e+26	1.532175e+26	1.007567e+25	4.716036e+25	1.937376e+24	1.543011e+25	1.186318e+25	1.113119e+25	7.319928e+23	3.42618e+24	1.407496e+23	0.009121747	1.543011e+26	1.186318e+26	1.113119e+26	7.319928e+24	0	3.137834e+17	3.56693e+25	0	0	0	0	0	0	0	0	0	0	0	0	0	0	1.987761e+26	0	1.987761e+26	8.985771e+25	0	8.985771e+25	4.810564e+25	0	4.810564e+25	1.797154e+26	0	1.797154e+26	5.355156e+25	0	5.355156e+25	1.715465e+26	0	1.715465e+26	4.359812e+23	7.449732e-10	0.0007550545	7.556603e+12	2.473593e+07	148129.6	1.38937e-07	4.126417e-14	1.894207e-21	0.3118169	0.5	0.004294131	1	31.00946	3.856184	10569.8	1.117189e+26	1.827432e+28	5.151575e+27	6.741065e+25	3.118866e+27	1.203261e+27	5.325573e+26	2.294797e+26	0.2188657	0	0.0239406	0.03560219	0.03560219	0.001424136	0.02670164	0	0	0	0	1.280678e-20	0	1.280678e-20	0	-328.877	0	-328.877	0	30149.85	77194.93	1008.805	8447.673	0.006389748	1	5.029092	0.4520694	1	2	0.007820927	0.02751272	
7336	909.0505	3.45e+19	0	0	100000	2	1e-05	2.132047e+26	1.638308e+26	1.537316e+26	1.009919e+25	4.741513e+25	1.958763e+24	1.548923e+25	1.190224e+25	1.116854e+25	7.337021e+23	3.444689e+24	1.423033e+23	0.009187239	1.548923e+26	1.190224e+26	1.116854e+26	7.337021e+24	0	3.137834e+17	3.586992e+25	0	0	0	0	0	0	0	0	0	0	0	0	0	0	1.995377e+26	0	1.995377e+26	9.020199e+25	0	9.020199e+25	4.828995e+25	0	4.828995e+25	1.80404e+26	0	1.80404e+26	5.375674e+25	0	5.375674e+25	1.722038e+26	0	1.722038e+26	4.355744e+23	7.457847e-10	0.000756818	7.527711e+12	2.496514e+07	149506.6	1.393646e-07	4.151856e-14	1.91175e-21	0.3125397	0.5	0.004317331	1	31.12827	3.870958	10569.8	1.117189e+26	1.827432e+28	5.151575e+27	6.741065e+25	3.118866e+27	1.203261e+27	5.325573e+26	2.294797e+26	0.2188657	0	0.02392274	0.03560219	0.03560219	0.001424136	0.02670164	0	0	0	0	1.280678e-20	0	1.280678e-20	0	-328.877	0	-328.877	0	30149.85	77194.93	1012.776	8447.673	0.006389748	1	5.029412	0.4520694	1	2	0.007864916	0.02761813	
7364	909.0505	3.45e+19	0	0	100000	2	1e-05	2.140185e+26	1.643679e+26	1.542453e+26	1.012267e+25	4.76701e+25	1.980412e+24	1.554835e+25	1.194126e+25	1.120585e+25	7.354076e+23	3.463212e+24	1.438761e+23	0.009253463	1.554835e+26	1.194126e+26	1.120585e+26	7.354076e+24	0	3.137834e+17	3.607088e+25	0	0	0	0	0	0	0	0	0	0	0	0	0	0	2.002993e+26	0	2.002993e+26	9.054627e+25	0	9.054627e+25	4.847427e+25	0	4.847427e+25	1.810925e+26	0	1.810925e+26	5.396192e+25	0	5.396192e+25	1.728611e+26	0	1.728611e+26	4.351696e+23	7.465937e-10	0.0007585777	7.498946e+12	2.51958e+07	150892.2	1.397923e-07	4.177378e-14	1.929405e-21	0.3132593	0.5	0.004340551	1	31.24708	3.885733	10569.8	1.117189e+26	1.827432e+28	5.151575e+27	6.741065e+25	3.118866e+27	1.203261e+27	5.325573e+26	2.294797e+26	0.2188657	0	0.02390494	0.03560219	0.03560219	0.001424136	0.02670164	0	0	0	0	1.280678e-20	0	1.280678e-20	0	-328.877	0	-328.877	0	30149.85	77194.93	1016.748	8447.673	0.006389748	1	5.029732	0.4520694	1	2	0.00790898	0.02772354	
7392	909.0505	3.45e+19	0	0	100000	2	1e-05	2.148322e+26	1.649046e+26	1.547585e+26	1.014609e+25	4.792529e+25	2.002327e+24	1.560747e+25	1.198025e+25	1.124314e+25	7.371093e+23	3.481752e+24	1.454682e+23	0.009320422	1.560747e+26	1.198025e+26	1.124314e+26	7.371093e+24	0	3.137834e+17	3.62722e+25	0	0	0	0	0	0	0	0	0	0	0	0	0	0	2.010609e+26	0	2.010609e+26	9.089055e+25	0	9.089055e+25	4.865858e+25	0	4.865858e+25	1.817811e+26	0	1.817811e+26	5.41671e+25	0	5.41671e+25	1.735183e+26	0	1.735183e+26	4.347666e+23	7.474e-10	0.0007603334	7.470307e+12	2.542792e+07	152286.5	1.4022e-07	4.202983e-14	1.947171e-21	0.3139757	0.5	0.00436379	1	31.36589	3.900508	10569.8	1.117189e+26	1.827432e+28	5.151575e+27	6.741065e+25	3.118866e+27	1.203261e+27	5.325573e+26	2.294797e+26	0.2188657	0	0.0238872	0.03560219	0.03560219	0.001424136	0.02670164	0	0	0	0	1.280678e-20	0	1.280678e-20	0	-328.877	0	-328.877	0	30149.85	77194.93	1020.721	8447.673	0.006389749	1	5.030051	0.4520694	1	2	0.00795312	0.02782895	
7420	909.0505	3.45e+19	0	0	100000	2	1e-05	2.15646e+26	1.654408e+26	1.552713e+26	1.016947e+25	4.818068e+25	2.024509e+24	1.566659e+25	1.20192e+25	1.12804e+25	7.388074e+23	3.500306e+24	1.470797e+23	0.009388115	1.566659e+26	1.20192e+26	1.12804e+26	7.388074e+24	0	3.137834e+17	3.647385e+25	0	0	0	0	0	0	0	0	0	0	0	0	0	0	2.018225e+26	0	2.018225e+26	9.123484e+25	0	9.123484e+25	4.884289e+25	0	4.884289e+25	1.824697e+26	0	1.824697e+26	5.437228e+25	0	5.437228e+25	1.741756e+26	0	1.741756e+26	4.343654e+23	7.482038e-10	0.0007620852	7.441794e+12	2.56615e+07	153689.4	1.406479e-07	4.22867e-14	1.965049e-21	0.3146889	0.5	0.004387048	1	31.4847	3.915282	10569.8	1.117189e+26	1.827432e+28	5.151575e+27	6.741065e+25	3.118866e+27	1.203261e+27	5.325573e+26	2.294797e+26	0.2188657	0	0.02386953	0.03560219	0.03560219	0.001424136	0.02670164	0	0	0	0	1.280678e-20	0	1.280678e-20	0	-328.877	0	-328.877	0	30149.85	77194.93	1024.694	8447.673	0.006389748	1	5.03037	0.4520693	1	2	0.007997336	0.02793437	
7448	909.0505	3.45e+19	0	0	100000	2	1e-05	2.164597e+26	1.659765e+26	1.557837e+26	1.019279e+25	4.843627e+25	2.046961e+24	1.572571e+25	1.205812e+25	1.131762e+25	7.405018e+23	3.518875e+24	1.487109e+23	0.009456545	1.572571e+26	1.205812e+26	1.131762e+26	7.405018e+24	0	3.137834e+17	3.667585e+25	0	0	0	0	0	0	0	0	0	0	0	0	0	0	2.025841e+26	0	2.025841e+26	9.157912e+25	0	9.157912e+25	4.90272e+25	0	4.90272e+25	1.831582e+26	0	1.831582e+26	5.457745e+25	0	5.457745e+25	1.748329e+26	0	1.748329e+26	4.339661e+23	7.49005e-10	0.0007638332	7.413408e+12	2.589655e+07	155100.9	1.410758e-07	4.25444e-14	1.98304e-21	0.315399	0.5	0.004410324	1	31.60351	3.930057	10569.8	1.117189e+26	1.827432e+28	5.151575e+27	6.741065e+25	3.118866e+27	1.203261e+27	5.325573e+26	2.294797e+26	0.2188657	0	0.02385192	0.03560219	0.03560219	0.001424136	0.02670164	0	0	0	0	1.280678e-20	0	1.280678e-20	0	-328.877	0	-328.877	0	30149.85	77194.93	1028.667	8447.673	0.006389748	1	5.030687	0.4520693	1	2	0.008041627	0.02803978	
7476	909.0505	3.45e+19	0	0	100000	2	1e-05	2.172735e+26	1.665117e+26	1.562957e+26	1.021606e+25	4.869207e+25	2.069685e+24	1.578483e+25	1.209701e+25	1.135481e+25	7.421926e+23	3.537458e+24	1.503617e+23	0.009525714	1.578483e+26	1.209701e+26	1.135481e+26	7.421926e+24	0	3.137834e+17	3.68782e+25	0	0	0	0	0	0	0	0	0	0	0	0	0	0	2.033457e+26	0	2.033457e+26	9.19234e+25	0	9.19234e+25	4.921152e+25	0	4.921152e+25	1.838468e+26	0	1.838468e+26	5.478263e+25	0	5.478263e+25	1.754901e+26	0	1.754901e+26	4.335685e+23	7.498037e-10	0.0007655774	7.385146e+12	2.613308e+07	156521.2	1.415038e-07	4.280293e-14	2.001143e-21	0.3161059	0.5	0.004433619	1	31.72232	3.944832	10569.8	1.117189e+26	1.827432e+28	5.151575e+27	6.741065e+25	3.118866e+27	1.203261e+27	5.325573e+26	2.294797e+26	0.2188657	0	0.02383437	0.03560219	0.03560219	0.001424136	0.02670164	0	0	0	0	1.280678e-20	0	1.280678e-20	0	-328.877	0	-328.877	0	30149.85	77194.93	1032.642	8447.673	0.006389748	1	5.031004	0.4520693	1	2	0.008085993	0.02814519	
7504	909.0505	3.45e+19	0	0	100000	2	1e-05	2.180873e+26	1.670465e+26	1.568072e+26	1.023929e+25	4.894807e+25	2.092683e+24	1.584395e+25	1.213586e+25	1.139198e+25	7.438797e+23	3.556056e+24	1.520325e+23	0.009595622	1.584395e+26	1.213586e+26	1.139198e+26	7.438797e+24	0	3.137834e+17	3.708089e+25	0	0	0	0	0	0	0	0	0	0	0	0	0	0	2.041073e+26	0	2.041073e+26	9.226768e+25	0	9.226768e+25	4.939583e+25	0	4.939583e+25	1.845354e+26	0	1.845354e+26	5.498781e+25	0	5.498781e+25	1.761474e+26	0	1.761474e+26	4.331728e+23	7.505998e-10	0.0007673177	7.357009e+12	2.637108e+07	157950.2	1.419318e-07	4.306229e-14	2.019359e-21	0.3168097	0.5	0.004456932	1	31.84113	3.959606	10569.8	1.117189e+26	1.827432e+28	5.151575e+27	6.741065e+25	3.118866e+27	1.203261e+27	5.325573e+26	2.294797e+26	0.2188657	0	0.02381689	0.03560219	0.03560219	0.001424136	0.02670164	0	0	0	0	1.280678e-20	0	1.280678e-20	0	-328.877	0	-328.877	0	30149.85	77194.93	1036.616	8447.673	0.006389748	1	5.031321	0.4520693	1	2	0.008130435	0.0282506	
7532	909.0505	3.45e+19	0	0	100000	2	1e-05	2.18901e+26	1.675808e+26	1.573183e+26	1.026246e+25	4.920426e+25	2.115956e+24	1.590306e+25	1.217467e+25	1.142911e+25	7.455632e+23	3.574668e+24	1.537233e+23	0.009666271	1.590306e+26	1.217467e+26	1.142911e+26	7.455632e+24	0	3.137834e+17	3.728392e+25	0	0	0	0	0	0	0	0	0	0	0	0	0	0	2.048689e+26	0	2.048689e+26	9.261197e+25	0	9.261197e+25	4.958014e+25	0	4.958014e+25	1.852239e+26	0	1.852239e+26	5.519299e+25	0	5.519299e+25	1.768047e+26	0	1.768047e+26	4.327789e+23	7.513935e-10	0.0007690542	7.328998e+12	2.661056e+07	159388	1.4236e-07	4.332248e-14	2.037688e-21	0.3175103	0.5	0.004480263	1	31.95994	3.974381	10569.8	1.117189e+26	1.827432e+28	5.151575e+27	6.741065e+25	3.118866e+27	1.203261e+27	5.325573e+26	2.294797e+26	0.2188657	0	0.02379946	0.03560219	0.03560219	0.001424136	0.02670164	0	0	0	0	1.280678e-20	0	1.280678e-20	0	-328.877	0	-328.877	0	30149.85	77194.93	1040.592	8447.673	0.006389748	1	5.031636	0.4520693	1	2	0.008174952	0.02835602	
7560	909.0505	3.45e+19	0	0	100000	2	1e-05	2.197148e+26	1.681146e+26	1.57829e+26	1.028558e+25	4.946064e+25	2.139508e+24	1.596218e+25	1.221346e+25	1.146621e+25	7.47243e+23	3.593294e+24	1.554343e+23	0.009737661	1.596218e+26	1.221346e+26	1.146621e+26	7.47243e+24	0	3.137834e+17	3.748729e+25	0	0	0	0	0	0	0	0	0	0	0	0	0	0	2.056305e+26	0	2.056305e+26	9.295625e+25	0	9.295625e+25	4.976446e+25	0	4.976446e+25	1.859125e+26	0	1.859125e+26	5.539817e+25	0	5.539817e+25	1.774619e+26	0	1.774619e+26	4.323868e+23	7.521846e-10	0.000770787	7.30111e+12	2.685153e+07	160834.5	1.427882e-07	4.358349e-14	2.056131e-21	0.3182078	0.5	0.004503611	1	32.07875	3.989156	10569.8	1.117189e+26	1.827432e+28	5.151575e+27	6.741065e+25	3.118866e+27	1.203261e+27	5.325573e+26	2.294797e+26	0.2188657	0	0.0237821	0.03560219	0.03560219	0.001424136	0.02670164	0	0	0	0	1.280678e-20	0	1.280678e-20	0	-328.877	0	-328.877	0	30149.85	77194.93	1044.568	8447.673	0.006389749	1	5.031951	0.4520693	1	2	0.008219543	0.02846143	
7588	909.0505	3.45e+19	0	0	100000	2	1e-05	2.205285e+26	1.68648e+26	1.583393e+26	1.030865e+25	4.971721e+25	2.163339e+24	1.60213e+25	1.22522e+25	1.150328e+25	7.489193e+23	3.611934e+24	1.571657e+23	0.009809794	1.60213e+26	1.22522e+26	1.150328e+26	7.489193e+24	0	3.137834e+17	3.7691e+25	0	0	0	0	0	0	0	0	0	0	0	0	0	0	2.063921e+26	0	2.063921e+26	9.330053e+25	0	9.330053e+25	4.994877e+25	0	4.994877e+25	1.866011e+26	0	1.866011e+26	5.560335e+25	0	5.560335e+25	1.781192e+26	0	1.781192e+26	4.319964e+23	7.529733e-10	0.0007725159	7.273346e+12	2.709398e+07	162289.8	1.432165e-07	4.384532e-14	2.074687e-21	0.3189022	0.5	0.004526976	1	32.19756	4.00393	10569.8	1.117189e+26	1.827432e+28	5.151575e+27	6.741065e+25	3.118866e+27	1.203261e+27	5.325573e+26	2.294797e+26	0.2188657	0	0.02376481	0.03560219	0.03560219	0.001424136	0.02670164	0	0	0	0	1.280678e-20	0	1.280678e-20	0	-328.877	0	-328.877	0	30149.85	77194.93	1048.544	8447.673	0.006389749	1	5.032266	0.4520693	1	2	0.008264209	0.02856684	
7616	909.0505	3.45e+19	0	0	100000	2	1e-05	2.213423e+26	1.691809e+26	1.588492e+26	1.033168e+25	4.997396e+25	2.187453e+24	1.608042e+25	1.229092e+25	1.154033e+25	7.50592e+23	3.630587e+24	1.589175e+23	0.00988267	1.608042e+26	1.229092e+26	1.154033e+26	7.50592e+24	0	3.137834e+17	3.789505e+25	0	0	0	0	0	0	0	0	0	0	0	0	0	0	2.071537e+26	0	2.071537e+26	9.364481e+25	0	9.364481e+25	5.013308e+25	0	5.013308e+25	1.872896e+26	0	1.872896e+26	5.580852e+25	0	5.580852e+25	1.787765e+26	0	1.787765e+26	4.316078e+23	7.537595e-10	0.0007742412	7.245706e+12	2.733794e+07	163754	1.436448e-07	4.410799e-14	2.093358e-21	0.3195935	0.5	0.004550358	1	32.31637	4.018705	10569.8	1.117189e+26	1.827432e+28	5.151575e+27	6.741065e+25	3.118866e+27	1.203261e+27	5.325573e+26	2.294797e+26	0.2188657	0	0.02374757	0.03560219	0.03560219	0.001424136	0.02670164	0	0	0	0	1.280678e-20	0	1.280678e-20	0	-328.877	0	-328.877	0	30149.85	77194.93	1052.521	8447.673	0.006389748	1	5.032579	0.4520693	1	2	0.008308949	0.02867226	
7644	909.0505	3.45e+19	0	0	100000	2	1e-05	2.22156e+26	1.697133e+26	1.593586e+26	1.035465e+25	5.02309e+25	2.21185e+24	1.613954e+25	1.23296e+25	1.157734e+25	7.522611e+23	3.649254e+24	1.6069e+23	0.00995629	1.613954e+26	1.23296e+26	1.157734e+26	7.522611e+24	0	3.137834e+17	3.809943e+25	0	0	0	0	0	0	0	0	0	0	0	0	0	0	2.079153e+26	0	2.079153e+26	9.39891e+25	0	9.39891e+25	5.031739e+25	0	5.031739e+25	1.879782e+26	0	1.879782e+26	5.60137e+25	0	5.60137e+25	1.794337e+26	0	1.794337e+26	4.312209e+23	7.545433e-10	0.0007759627	7.218188e+12	2.758339e+07	165226.9	1.440732e-07	4.437148e-14	2.112144e-21	0.3202817	0.5	0.004573757	1	32.43518	4.03348	10569.8	1.117189e+26	1.827432e+28	5.151575e+27	6.741065e+25	3.118866e+27	1.203261e+27	5.325573e+26	2.294797e+26	0.2188657	0	0.0237304	0.03560219	0.03560219	0.001424136	0.02670164	0	0	0	0	1.280678e-20	0	1.280678e-20	0	-328.877	0	-328.877	0	30149.85	77194.93	1056.499	8447.673	0.006389748	1	5.032892	0.4520693	1	2	0.008353764	0.02877767	
7672	909.0505	3.45e+19	0	0	100000	2	1e-05	2.229698e+26	1.702453e+26	1.598677e+26	1.037758e+25	5.048802e+25	2.236533e+24	1.619866e+25	1.236824e+25	1.161432e+25	7.539267e+23	3.667933e+24	1.624832e+23	0.01003066	1.619866e+26	1.236824e+26	1.161432e+26	7.539267e+24	0	3.137834e+17	3.830416e+25	0	0	0	0	0	0	0	0	0	0	0	0	0	0	2.086769e+26	0	2.086769e+26	9.433338e+25	0	9.433338e+25	5.050171e+25	0	5.050171e+25	1.886668e+26	0	1.886668e+26	5.621888e+25	0	5.621888e+25	1.80091e+26	0	1.80091e+26	4.308357e+23	7.553246e-10	0.0007776804	7.190794e+12	2.783034e+07	166708.8	1.445017e-07	4.463579e-14	2.131045e-21	0.3209668	0.5	0.004597172	1	32.55399	4.048254	10569.8	1.117189e+26	1.827432e+28	5.151575e+27	6.741065e+25	3.118866e+27	1.203261e+27	5.325573e+26	2.294797e+26	0.2188657	0	0.02371329	0.03560219	0.03560219	0.001424136	0.02670164	0	0	0	0	1.280678e-20	0	1.280678e-20	0	-328.877	0	-328.877	0	30149.85	77194.93	1060.477	8447.673	0.006389749	1	5.033205	0.4520693	1	2	0.008398653	0.02888308	
7700	909.0505	3.45e+19	0	0	100000	2	1e-05	2.237836e+26	1.707767e+26	1.603763e+26	1.040046e+25	5.074531e+25	2.261504e+24	1.625778e+25	1.240686e+25	1.165127e+25	7.555887e+23	3.686625e+24	1.642973e+23	0.01010576	1.625778e+26	1.240686e+26	1.165127e+26	7.555887e+24	0	3.137834e+17	3.850922e+25	0	0	0	0	0	0	0	0	0	0	0	0	0	0	2.094385e+26	0	2.094385e+26	9.467766e+25	0	9.467766e+25	5.068602e+25	0	5.068602e+25	1.893553e+26	0	1.893553e+26	5.642406e+25	0	5.642406e+25	1.807483e+26	0	1.807483e+26	4.304522e+23	7.561035e-10	0.0007793945	7.163522e+12	2.807881e+07	168199.5	1.449302e-07	4.490093e-14	2.150061e-21	0.3216488	0.5	0.004620603	1	32.6728	4.063029	10569.8	1.117189e+26	1.827432e+28	5.151575e+27	6.741065e+25	3.118866e+27	1.203261e+27	5.325573e+26	2.294797e+26	0.2188657	0	0.02369625	0.03560219	0.03560219	0.001424136	0.02670164	0	0	0	0	1.280678e-20	0	1.280678e-20	0	-328.877	0	-328.877	0	30149.85	77194.93	1064.456	8447.673	0.006389748	1	5.033516	0.4520693	1	2	0.008443616	0.02898849	
7728	909.0505	3.45e+19	0	0	100000	2	1e-05	2.245973e+26	1.713078e+26	1.608845e+26	1.042329e+25	5.100278e+25	2.286765e+24	1.63169e+25	1.244544e+25	1.168819e+25	7.572473e+23	3.70533e+24	1.661325e+23	0.01018162	1.63169e+26	1.244544e+26	1.168819e+26	7.572473e+24	0	3.137834e+17	3.871462e+25	0	0	0	0	0	0	0	0	0	0	0	0	0	0	2.102001e+26	0	2.102001e+26	9.502194e+25	0	9.502194e+25	5.087033e+25	0	5.087033e+25	1.900439e+26	0	1.900439e+26	5.662924e+25	0	5.662924e+25	1.814055e+26	0	1.814055e+26	4.300705e+23	7.5688e-10	0.0007811049	7.136372e+12	2.832878e+07	169699.1	1.453588e-07	4.51669e-14	2.169193e-21	0.3223278	0.5	0.004644049	1	32.79161	4.077804	10569.8	1.117189e+26	1.827432e+28	5.151575e+27	6.741065e+25	3.118866e+27	1.203261e+27	5.325573e+26	2.294797e+26	0.2188657	0	0.02367927	0.03560219	0.03560219	0.001424136	0.02670164	0	0	0	0	1.280678e-20	0	1.280678e-20	0	-328.877	0	-328.877	0	30149.85	77194.93	1068.435	8447.673	0.006389749	1	5.033827	0.4520693	1	2	0.008488652	0.02909391	
7756	909.0505	3.45e+19	0	0	100000	2	1e-05	2.254111e+26	1.718383e+26	1.613923e+26	1.044607e+25	5.126041e+25	2.312317e+24	1.637602e+25	1.248398e+25	1.172508e+25	7.589023e+23	3.724047e+24	1.679888e+23	0.01025822	1.637602e+26	1.248398e+26	1.172508e+26	7.589023e+24	0	3.137834e+17	3.892036e+25	0	0	0	0	0	0	0	0	0	0	0	0	0	0	2.109616e+26	0	2.109616e+26	9.536622e+25	0	9.536622e+25	5.105465e+25	0	5.105465e+25	1.907324e+26	0	1.907324e+26	5.683442e+25	0	5.683442e+25	1.820628e+26	0	1.820628e+26	4.296904e+23	7.576542e-10	0.0007828116	7.109343e+12	2.858028e+07	171207.7	1.457875e-07	4.543369e-14	2.18844e-21	0.3230037	0.5	0.004667512	1	32.91042	4.092578	10569.8	1.117189e+26	1.827432e+28	5.151575e+27	6.741065e+25	3.118866e+27	1.203261e+27	5.325573e+26	2.294797e+26	0.2188657	0	0.02366235	0.03560219	0.03560219	0.001424136	0.02670164	0	0	0	0	1.280678e-20	0	1.280678e-20	0	-328.877	0	-328.877	0	30149.85	77194.93	1072.415	8447.673	0.006389748	1	5.034138	0.4520693	1	2	0.008533762	0.02919932	
7784	909.0505	3.45e+19	0	0	100000	2	1e-05	2.262248e+26	1.723685e+26	1.618997e+26	1.04688e+25	5.151822e+25	2.338162e+24	1.643514e+25	1.252249e+25	1.176194e+25	7.605539e+23	3.742776e+24	1.698665e+23	0.01033557	1.643514e+26	1.252249e+26	1.176194e+26	7.605539e+24	0	3.137834e+17	3.912643e+25	0	0	0	0	0	0	0	0	0	0	0	0	0	0	2.117232e+26	0	2.117232e+26	9.571051e+25	0	9.571051e+25	5.123896e+25	0	5.123896e+25	1.91421e+26	0	1.91421e+26	5.70396e+25	0	5.70396e+25	1.827201e+26	0	1.827201e+26	4.293119e+23	7.584259e-10	0.0007845147	7.082435e+12	2.883329e+07	172725.2	1.462162e-07	4.57013e-14	2.207804e-21	0.3236765	0.5	0.004690989	1	33.02923	4.107353	10569.8	1.117189e+26	1.827432e+28	5.151575e+27	6.741065e+25	3.118866e+27	1.203261e+27	5.325573e+26	2.294797e+26	0.2188657	0	0.0236455	0.03560219	0.03560219	0.001424136	0.02670164	0	0	0	0	1.280678e-20	0	1.280678e-20	0	-328.877	0	-328.877	0	30149.85	77194.93	1076.395	8447.673	0.006389748	1	5.034447	0.4520693	1	2	0.008578945	0.02930473	
7812	909.0505	3.45e+19	0	0	100000	2	1e-05	2.270386e+26	1.728981e+26	1.624066e+26	1.049149e+25	5.177619e+25	2.364303e+24	1.649426e+25	1.256097e+25	1.179877e+25	7.62202e+23	3.761518e+24	1.717656e+23	0.01041366	1.649426e+26	1.256097e+26	1.179877e+26	7.62202e+24	0	3.137834e+17	3.933283e+25	0	0	0	0	0	0	0	0	0	0	0	0	0	0	2.124848e+26	0	2.124848e+26	9.605479e+25	0	9.605479e+25	5.142327e+25	0	5.142327e+25	1.921096e+26	0	1.921096e+26	5.724477e+25	0	5.724477e+25	1.833773e+26	0	1.833773e+26	4.289352e+23	7.591953e-10	0.0007862142	7.055648e+12	2.908783e+07	174251.6	1.46645e-07	4.596974e-14	2.227285e-21	0.3243463	0.5	0.004714482	1	33.14804	4.122127	10569.8	1.117189e+26	1.827432e+28	5.151575e+27	6.741065e+25	3.118866e+27	1.203261e+27	5.325573e+26	2.294797e+26	0.2188657	0	0.02362871	0.03560219	0.03560219	0.001424136	0.02670164	0	0	0	0	1.280678e-20	0	1.280678e-20	0	-328.877	0	-328.877	0	30149.85	77194.93	1080.376	8447.673	0.006389748	1	5.034756	0.4520693	1	2	0.008624202	0.02941014	
7840	909.0505	3.45e+19	0	0	100000	2	1e-05	2.278524e+26	1.734273e+26	1.629132e+26	1.051412e+25	5.203432e+25	2.39074e+24	1.655338e+25	1.259942e+25	1.183557e+25	7.638466e+23	3.780271e+24	1.736862e+23	0.0104925	1.655338e+26	1.259942e+26	1.183557e+26	7.638466e+24	0	3.137834e+17	3.953957e+25	0	0	0	0	0	0	0	0	0	0	0	0	0	0	2.132464e+26	0	2.132464e+26	9.639907e+25	0	9.639907e+25	5.160758e+25	0	5.160758e+25	1.927981e+26	0	1.927981e+26	5.744995e+25	0	5.744995e+25	1.840346e+26	0	1.840346e+26	4.285601e+23	7.599624e-10	0.00078791	7.028982e+12	2.93439e+07	175787.1	1.470739e-07	4.6239e-14	2.246883e-21	0.3250131	0.5	0.004737989	1	33.26685	4.136902	10569.8	1.117189e+26	1.827432e+28	5.151575e+27	6.741065e+25	3.118866e+27	1.203261e+27	5.325573e+26	2.294797e+26	0.2188657	0	0.02361198	0.03560219	0.03560219	0.001424136	0.02670164	0	0	0	0	1.280678e-20	0	1.280678e-20	0	-328.877	0	-328.877	0	30149.85	77194.93	1084.358	8447.673	0.006389748	1	5.035065	0.4520693	1	2	0.008669532	0.02951556	
7868	909.0505	3.45e+19	0	0	100000	2	1e-05	2.286661e+26	1.73956e+26	1.634193e+26	1.053672e+25	5.229261e+25	2.417477e+24	1.66125e+25	1.263783e+25	1.187234e+25	7.654879e+23	3.799036e+24	1.756286e+23	0.01057208	1.66125e+26	1.263783e+26	1.187234e+26	7.654879e+24	0	3.137834e+17	3.974664e+25	0	0	0	0	0	0	0	0	0	0	0	0	0	0	2.14008e+26	0	2.14008e+26	9.674335e+25	0	9.674335e+25	5.17919e+25	0	5.17919e+25	1.934867e+26	0	1.934867e+26	5.765513e+25	0	5.765513e+25	1.846919e+26	0	1.846919e+26	4.281866e+23	7.607272e-10	0.0007896023	7.002435e+12	2.960151e+07	177331.5	1.475028e-07	4.650909e-14	2.266598e-21	0.3256769	0.5	0.004761511	1	33.38566	4.151677	10569.8	1.117189e+26	1.827432e+28	5.151575e+27	6.741065e+25	3.118866e+27	1.203261e+27	5.325573e+26	2.294797e+26	0.2188657	0	0.02359532	0.03560219	0.03560219	0.001424136	0.02670164	0	0	0	0	1.280678e-20	0	1.280678e-20	0	-328.877	0	-328.877	0	30149.85	77194.93	1088.34	8447.673	0.006389749	1	5.035372	0.4520693	1	2	0.008714934	0.02962097	
7896	909.0505	3.45e+19	0	0	100000	2	1e-05	2.294799e+26	1.744843e+26	1.63925e+26	1.055926e+25	5.255105e+25	2.444513e+24	1.667161e+25	1.267621e+25	1.190908e+25	7.671257e+23	3.817812e+24	1.775929e+23	0.01065241	1.667161e+26	1.267621e+26	1.190908e+26	7.671257e+24	0	3.137834e+17	3.995404e+25	0	0	0	0	0	0	0	0	0	0	0	0	0	0	2.147696e+26	0	2.147696e+26	9.708764e+25	0	9.708764e+25	5.197621e+25	0	5.197621e+25	1.941753e+26	0	1.941753e+26	5.786031e+25	0	5.786031e+25	1.853491e+26	0	1.853491e+26	4.278147e+23	7.614896e-10	0.000791291	6.976008e+12	2.986065e+07	178885	1.479317e-07	4.677999e-14	2.28643e-21	0.3263376	0.5	0.004785047	1	33.50448	4.166451	10569.8	1.117189e+26	1.827432e+28	5.151575e+27	6.741065e+25	3.118866e+27	1.203261e+27	5.325573e+26	2.294797e+26	0.2188657	0	0.02357872	0.03560219	0.03560219	0.001424136	0.02670164	0	0	0	0	1.280678e-20	0	1.280678e-20	0	-328.877	0	-328.877	0	30149.85	77194.93	1092.322	8447.673	0.006389748	1	5.035679	0.4520693	1	2	0.00876041	0.02972638	
7924	909.0505	3.45e+19	0	0	100000	2	1e-05	2.302936e+26	1.750121e+26	1.644304e+26	1.058176e+25	5.280965e+25	2.471853e+24	1.673073e+25	1.271456e+25	1.19458e+25	7.687601e+23	3.836599e+24	1.79579e+23	0.01073348	1.673073e+26	1.271456e+26	1.19458e+26	7.687601e+24	0	3.137834e+17	4.016178e+25	0	0	0	0	0	0	0	0	0	0	0	0	0	0	2.155312e+26	0	2.155312e+26	9.743192e+25	0	9.743192e+25	5.216052e+25	0	5.216052e+25	1.948638e+26	0	1.948638e+26	5.806549e+25	0	5.806549e+25	1.860064e+26	0	1.860064e+26	4.274444e+23	7.622497e-10	0.0007929761	6.949701e+12	3.012134e+07	180447.6	1.483608e-07	4.705173e-14	2.306381e-21	0.3269954	0.5	0.004808598	1	33.62329	4.181226	10569.8	1.117189e+26	1.827432e+28	5.151575e+27	6.741065e+25	3.118866e+27	1.203261e+27	5.325573e+26	2.294797e+26	0.2188657	0	0.02356219	0.03560219	0.03560219	0.001424136	0.02670164	0	0	0	0	1.280678e-20	0	1.280678e-20	0	-328.877	0	-328.877	0	30149.85	77194.93	1096.306	8447.673	0.006389748	1	5.035986	0.4520693	1	2	0.008805958	0.0298318	
7952	909.0505	3.45e+19	0	0	100000	2	1e-05	2.311074e+26	1.755395e+26	1.649353e+26	1.060421e+25	5.30684e+25	2.499496e+24	1.678985e+25	1.275287e+25	1.198248e+25	7.703911e+23	3.855397e+24	1.815873e+23	0.0108153	1.678985e+26	1.275287e+26	1.198248e+26	7.703911e+24	0	3.137834e+17	4.036984e+25	0	0	0	0	0	0	0	0	0	0	0	0	0	0	2.162928e+26	0	2.162928e+26	9.77762e+25	0	9.77762e+25	5.234484e+25	0	5.234484e+25	1.955524e+26	0	1.955524e+26	5.827067e+25	0	5.827067e+25	1.866637e+26	0	1.866637e+26	4.270757e+23	7.630076e-10	0.0007946576	6.923511e+12	3.038357e+07	182019.2	1.487898e-07	4.732428e-14	2.32645e-21	0.3276502	0.5	0.004832161	1	33.7421	4.196001	10569.8	1.117189e+26	1.827432e+28	5.151575e+27	6.741065e+25	3.118866e+27	1.203261e+27	5.325573e+26	2.294797e+26	0.2188657	0	0.02354572	0.03560219	0.03560219	0.001424136	0.02670164	0	0	0	0	1.280678e-20	0	1.280678e-20	0	-328.877	0	-328.877	0	30149.85	77194.93	1100.289	8447.673	0.006389749	1	5.036292	0.4520693	1	2	0.008851578	0.02993721	
7980	909.0505	3.45e+19	0	0	100000	2	1e-05	2.319211e+26	1.760664e+26	1.654398e+26	1.062661e+25	5.33273e+25	2.527444e+24	1.684897e+25	1.279115e+25	1.201913e+25	7.720188e+23	3.874206e+24	1.836178e+23	0.01089786	1.684897e+26	1.279115e+26	1.201913e+26	7.720188e+24	0	3.137834e+17	4.057823e+25	0	0	0	0	0	0	0	0	0	0	0	0	0	0	2.170544e+26	0	2.170544e+26	9.812048e+25	0	9.812048e+25	5.252915e+25	0	5.252915e+25	1.96241e+26	0	1.96241e+26	5.847584e+25	0	5.847584e+25	1.873209e+26	0	1.873209e+26	4.267086e+23	7.637632e-10	0.0007963357	6.897441e+12	3.064736e+07	183600	1.49219e-07	4.759766e-14	2.346638e-21	0.328302	0.5	0.004855739	1	33.86091	4.210775	10569.8	1.117189e+26	1.827432e+28	5.151575e+27	6.741065e+25	3.118866e+27	1.203261e+27	5.325573e+26	2.294797e+26	0.2188657	0	0.02352932	0.03560219	0.03560219	0.001424136	0.02670164	0	0	0	0	1.280678e-20	0	1.280678e-20	0	-328.877	0	-328.877	0	30149.85	77194.93	1104.274	8447.673	0.006389748	1	5.036597	0.4520692	1	2	0.008897271	0.03004262	
8008	909.0505	3.45e+19	0	0	100000	2	1e-05	2.327349e+26	1.765929e+26	1.659439e+26	1.064897e+25	5.358635e+25	2.5557e+24	1.690809e+25	1.28294e+25	1.205575e+25	7.736431e+23	3.893025e+24	1.856705e+23	0.01098116	1.690809e+26	1.28294e+26	1.205575e+26	7.736431e+24	0	3.137834e+17	4.078696e+25	0	0	0	0	0	0	0	0	0	0	0	0	0	0	2.17816e+26	0	2.17816e+26	9.846477e+25	0	9.846477e+25	5.271346e+25	0	5.271346e+25	1.969295e+26	0	1.969295e+26	5.868102e+25	0	5.868102e+25	1.879782e+26	0	1.879782e+26	4.263431e+23	7.645165e-10	0.0007980102	6.871488e+12	3.09127e+07	185189.8	1.496482e-07	4.787185e-14	2.366945e-21	0.3289508	0.5	0.004879329	1	33.97972	4.22555	10569.8	1.117189e+26	1.827432e+28	5.151575e+27	6.741065e+25	3.118866e+27	1.203261e+27	5.325573e+26	2.294797e+26	0.2188657	0	0.02351298	0.03560219	0.03560219	0.001424136	0.02670164	0	0	0	0	1.280678e-20	0	1.280678e-20	0	-328.877	0	-328.877	0	30149.85	77194.93	1108.258	8447.673	0.006389748	1	5.036901	0.4520692	1	2	0.008943036	0.03014803	
8036	909.0505	3.45e+19	0	0	100000	2	1e-05	2.335487e+26	1.771189e+26	1.664476e+26	1.067128e+25	5.384553e+25	2.584265e+24	1.696721e+25	1.286761e+25	1.209235e+25	7.75264e+23	3.911855e+24	1.877458e+23	0.01106521	1.696721e+26	1.286761e+26	1.209235e+26	7.75264e+24	0	3.137834e+17	4.099601e+25	0	0	0	0	0	0	0	0	0	0	0	0	0	0	2.185776e+26	0	2.185776e+26	9.880905e+25	0	9.880905e+25	5.289777e+25	0	5.289777e+25	1.976181e+26	0	1.976181e+26	5.88862e+25	0	5.88862e+25	1.886355e+26	0	1.886355e+26	4.259792e+23	7.652676e-10	0.0007996812	6.845652e+12	3.117961e+07	186788.8	1.500774e-07	4.814687e-14	2.387371e-21	0.3295967	0.5	0.004902933	1	34.09853	4.240325	10569.8	1.117189e+26	1.827432e+28	5.151575e+27	6.741065e+25	3.118866e+27	1.203261e+27	5.325573e+26	2.294797e+26	0.2188657	0	0.0234967	0.03560219	0.03560219	0.001424136	0.02670164	0	0	0	0	1.280678e-20	0	1.280678e-20	0	-328.877	0	-328.877	0	30149.85	77194.93	1112.244	8447.673	0.006389749	1	5.037205	0.4520692	1	2	0.008988873	0.03025345	
8064	909.0505	3.45e+19	0	0	100000	2	1e-05	2.343624e+26	1.776444e+26	1.669509e+26	1.069355e+25	5.410486e+25	2.613141e+24	1.702633e+25	1.290579e+25	1.212891e+25	7.768817e+23	3.930695e+24	1.898436e+23	0.01115	1.702633e+26	1.290579e+26	1.212891e+26	7.768817e+24	0	3.137834e+17	4.120538e+25	0	0	0	0	0	0	0	0	0	0	0	0	0	0	2.193392e+26	0	2.193392e+26	9.915333e+25	0	9.915333e+25	5.308209e+25	0	5.308209e+25	1.983067e+26	0	1.983067e+26	5.909138e+25	0	5.909138e+25	1.892927e+26	0	1.892927e+26	4.256167e+23	7.660164e-10	0.0008013487	6.819934e+12	3.144808e+07	188396.9	1.505067e-07	4.842271e-14	2.407917e-21	0.3302397	0.5	0.004926549	1	34.21734	4.255099	10569.8	1.117189e+26	1.827432e+28	5.151575e+27	6.741065e+25	3.118866e+27	1.203261e+27	5.325573e+26	2.294797e+26	0.2188657	0	0.02348049	0.03560219	0.03560219	0.001424136	0.02670164	0	0	0	0	1.280678e-20	0	1.280678e-20	0	-328.877	0	-328.877	0	30149.85	77194.93	1116.23	8447.673	0.006389748	1	5.037509	0.4520692	1	2	0.009034781	0.03035886	
8092	909.0505	3.45e+19	0	0	100000	2	1e-05	2.351762e+26	1.781695e+26	1.674538e+26	1.071577e+25	5.436432e+25	2.642328e+24	1.708545e+25	1.294394e+25	1.216544e+25	7.78496e+23	3.949545e+24	1.91964e+23	0.01123553	1.708545e+26	1.294394e+26	1.216544e+26	7.78496e+24	0	3.137834e+17	4.141509e+25	0	0	0	0	0	0	0	0	0	0	0	0	0	0	2.201008e+26	0	2.201008e+26	9.949761e+25	0	9.949761e+25	5.32664e+25	0	5.32664e+25	1.989952e+26	0	1.989952e+26	5.929656e+25	0	5.929656e+25	1.8995e+26	0	1.8995e+26	4.252559e+23	7.667631e-10	0.0008030128	6.794332e+12	3.171812e+07	190014.3	1.509361e-07	4.869938e-14	2.428582e-21	0.3308797	0.5	0.004950178	1	34.33615	4.269874	10569.8	1.117189e+26	1.827432e+28	5.151575e+27	6.741065e+25	3.118866e+27	1.203261e+27	5.325573e+26	2.294797e+26	0.2188657	0	0.02346435	0.03560219	0.03560219	0.001424136	0.02670164	0	0	0	0	1.280678e-20	0	1.280678e-20	0	-328.877	0	-328.877	0	30149.85	77194.93	1120.216	8447.673	0.006389749	1	5.037812	0.4520692	1	2	0.009080762	0.03046427	
8120	909.0505	3.45e+19	0	0	100000	2	1e-05	2.359899e+26	1.786942e+26	1.679562e+26	1.073794e+25	5.462393e+25	2.671829e+24	1.714457e+25	1.298206e+25	1.220195e+25	7.80107e+23	3.968405e+24	1.941073e+23	0.01132179	1.714457e+26	1.298206e+26	1.220195e+26	7.80107e+24	0	3.137834e+17	4.162512e+25	0	0	0	0	0	0	0	0	0	0	0	0	0	0	2.208624e+26	0	2.208624e+26	9.98419e+25	0	9.98419e+25	5.345071e+25	0	5.345071e+25	1.996838e+26	0	1.996838e+26	5.950174e+25	0	5.950174e+25	1.906073e+26	0	1.906073e+26	4.248965e+23	7.675075e-10	0.0008046734	6.768846e+12	3.198973e+07	191640.8	1.513654e-07	4.897686e-14	2.449369e-21	0.3315168	0.5	0.00497382	1	34.45496	4.284649	10569.8	1.117189e+26	1.827432e+28	5.151575e+27	6.741065e+25	3.118866e+27	1.203261e+27	5.325573e+26	2.294797e+26	0.2188657	0	0.02344827	0.03560219	0.03560219	0.001424136	0.02670164	0	0	0	0	1.280678e-20	0	1.280678e-20	0	-328.877	0	-328.877	0	30149.85	77194.93	1124.203	8447.673	0.006389748	1	5.038114	0.4520692	1	2	0.009126814	0.03056968	
8148	909.0505	3.45e+19	0	0	100000	2	1e-05	2.368037e+26	1.792184e+26	1.684583e+26	1.076007e+25	5.488366e+25	2.701646e+24	1.720369e+25	1.302014e+25	1.223842e+25	7.817148e+23	3.987274e+24	1.962734e+23	0.0114088	1.720369e+26	1.302014e+26	1.223842e+26	7.817148e+24	0	3.137834e+17	4.183548e+25	0	0	0	0	0	0	0	0	0	0	0	0	0	0	2.21624e+26	0	2.21624e+26	1.001862e+26	0	1.001862e+26	5.363502e+25	0	5.363502e+25	2.003724e+26	0	2.003724e+26	5.970691e+25	0	5.970691e+25	1.912645e+26	0	1.912645e+26	4.245387e+23	7.682498e-10	0.0008063306	6.743476e+12	3.226292e+07	193276.5	1.517949e-07	4.925516e-14	2.470275e-21	0.332151	0.5	0.004997473	1	34.57377	4.299423	10569.8	1.117189e+26	1.827432e+28	5.151575e+27	6.741065e+25	3.118866e+27	1.203261e+27	5.325573e+26	2.294797e+26	0.2188657	0	0.02343225	0.03560219	0.03560219	0.001424136	0.02670164	0	0	0	0	1.280678e-20	0	1.280678e-20	0	-328.877	0	-328.877	0	30149.85	77194.93	1128.191	8447.673	0.006389749	1	5.038415	0.4520692	1	2	0.009172937	0.0306751	
8176	909.0505	3.45e+19	0	0	100000	2	1e-05	2.376175e+26	1.797422e+26	1.6896e+26	1.078216e+25	5.514352e+25	2.731779e+24	1.726281e+25	1.305819e+25	1.227487e+25	7.833192e+23	4.006153e+24	1.984625e+23	0.01149654	1.726281e+26	1.305819e+26	1.227487e+26	7.833192e+24	0	3.137834e+17	4.204616e+25	0	0	0	0	0	0	0	0	0	0	0	0	0	0	2.223856e+26	0	2.223856e+26	1.005305e+26	0	1.005305e+26	5.381934e+25	0	5.381934e+25	2.010609e+26	0	2.010609e+26	5.991209e+25	0	5.991209e+25	1.919218e+26	0	1.919218e+26	4.241823e+23	7.689898e-10	0.0008079844	6.718221e+12	3.25377e+07	194921.5	1.522244e-07	4.953429e-14	2.491303e-21	0.3327823	0.5	0.005021138	1	34.69258	4.314198	10569.8	1.117189e+26	1.827432e+28	5.151575e+27	6.741065e+25	3.118866e+27	1.203261e+27	5.325573e+26	2.294797e+26	0.2188657	0	0.0234163	0.03560219	0.03560219	0.001424136	0.02670164	0	0	0	0	1.280678e-20	0	1.280678e-20	0	-328.877	0	-328.877	0	30149.85	77194.93	1132.179	8447.673	0.006389748	1	5.038716	0.4520692	1	2	0.009219131	0.03078051	
8204	909.0505	3.45e+19	0	0	100000	2	1e-05	2.384312e+26	1.802655e+26	1.694613e+26	1.08042e+25	5.540351e+25	2.76223e+24	1.732193e+25	1.309621e+25	1.231129e+25	7.849205e+23	4.025041e+24	2.006748e+23	0.01158502	1.732193e+26	1.309621e+26	1.231129e+26	7.849205e+24	0	3.137834e+17	4.225716e+25	0	0	0	0	0	0	0	0	0	0	0	0	0	0	2.231472e+26	0	2.231472e+26	1.008747e+26	0	1.008747e+26	5.400365e+25	0	5.400365e+25	2.017495e+26	0	2.017495e+26	6.011727e+25	0	6.011727e+25	1.925791e+26	0	1.925791e+26	4.238275e+23	7.697277e-10	0.0008096347	6.693082e+12	3.281406e+07	196575.8	1.526539e-07	4.981423e-14	2.512453e-21	0.3334107	0.5	0.005044815	1	34.81139	4.328973	10569.8	1.117189e+26	1.827432e+28	5.151575e+27	6.741065e+25	3.118866e+27	1.203261e+27	5.325573e+26	2.294797e+26	0.2188657	0	0.02340042	0.03560219	0.03560219	0.001424136	0.02670164	0	0	0	0	1.280678e-20	0	1.280678e-20	0	-328.877	0	-328.877	0	30149.85	77194.93	1136.167	8447.673	0.006389748	1	5.039016	0.4520692	1	2	0.009265397	0.03088592	
8232	909.0505	3.45e+19	0	0	100000	2	1e-05	2.39245e+26	1.807883e+26	1.699621e+26	1.08262e+25	5.566363e+25	2.793e+24	1.738104e+25	1.31342e+25	1.234768e+25	7.865185e+23	4.043939e+24	2.029103e+23	0.01167423	1.738104e+26	1.31342e+26	1.234768e+26	7.865185e+24	0	3.137834e+17	4.246849e+25	0	0	0	0	0	0	0	0	0	0	0	0	0	0	2.239088e+26	0	2.239088e+26	1.01219e+26	0	1.01219e+26	5.418796e+25	0	5.418796e+25	2.024381e+26	0	2.024381e+26	6.032245e+25	0	6.032245e+25	1.932363e+26	0	1.932363e+26	4.234741e+23	7.704635e-10	0.0008112817	6.668056e+12	3.309201e+07	198239.3	1.530835e-07	5.009499e-14	2.533724e-21	0.3340362	0.5	0.005068503	1	34.9302	4.343747	10569.8	1.117189e+26	1.827432e+28	5.151575e+27	6.741065e+25	3.118866e+27	1.203261e+27	5.325573e+26	2.294797e+26	0.2188657	0	0.0233846	0.03560219	0.03560219	0.001424136	0.02670164	0	0	0	0	1.280678e-20	0	1.280678e-20	0	-328.877	0	-328.877	0	30149.85	77194.93	1140.156	8447.673	0.006389748	1	5.039316	0.4520692	1	2	0.009311733	0.03099134	
8260	909.0505	3.45e+19	0	0	100000	2	1e-05	2.400587e+26	1.813108e+26	1.704626e+26	1.084815e+25	5.592387e+25	2.824092e+24	1.744016e+25	1.317215e+25	1.238404e+25	7.881132e+23	4.062845e+24	2.051691e+23	0.01176417	1.744016e+26	1.317215e+26	1.238404e+26	7.881132e+24	0	3.137834e+17	4.268014e+25	0	0	0	0	0	0	0	0	0	0	0	0	0	0	2.246703e+26	0	2.246703e+26	1.015633e+26	0	1.015633e+26	5.437228e+25	0	5.437228e+25	2.031266e+26	0	2.031266e+26	6.052763e+25	0	6.052763e+25	1.938936e+26	0	1.938936e+26	4.231222e+23	7.711971e-10	0.0008129253	6.643145e+12	3.337156e+07	199912.1	1.535132e-07	5.037658e-14	2.555117e-21	0.3346589	0.5	0.005092203	1	35.04901	4.358522	10569.8	1.117189e+26	1.827432e+28	5.151575e+27	6.741065e+25	3.118866e+27	1.203261e+27	5.325573e+26	2.294797e+26	0.2188657	0	0.02336884	0.03560219	0.03560219	0.001424136	0.02670164	0	0	0	0	1.280678e-20	0	1.280678e-20	0	-328.877	0	-328.877	0	30149.85	77194.93	1144.146	8447.673	0.006389748	1	5.039615	0.4520692	1	2	0.00935814	0.03109675	
8288	909.0505	3.45e+19	0	0	100000	2	1e-05	2.408725e+26	1.818328e+26	1.709627e+26	1.087005e+25	5.618423e+25	2.855506e+24	1.749928e+25	1.321007e+25	1.242037e+25	7.897048e+23	4.08176e+24	2.074513e+23	0.01185484	1.749928e+26	1.321007e+26	1.242037e+26	7.897048e+24	0	3.137834e+17	4.289211e+25	0	0	0	0	0	0	0	0	0	0	0	0	0	0	2.254319e+26	0	2.254319e+26	1.019076e+26	0	1.019076e+26	5.455659e+25	0	5.455659e+25	2.038152e+26	0	2.038152e+26	6.073281e+25	0	6.073281e+25	1.945509e+26	0	1.945509e+26	4.227718e+23	7.719286e-10	0.0008145655	6.618347e+12	3.365271e+07	201594.3	1.539428e-07	5.065898e-14	2.576632e-21	0.3352787	0.5	0.005115913	1	35.16782	4.373297	10569.8	1.117189e+26	1.827432e+28	5.151575e+27	6.741065e+25	3.118866e+27	1.203261e+27	5.325573e+26	2.294797e+26	0.2188657	0	0.02335316	0.03560219	0.03560219	0.001424136	0.02670164	0	0	0	0	1.280678e-20	0	1.280678e-20	0	-328.877	0	-328.877	0	30149.85	77194.93	1148.136	8447.673	0.006389748	1	5.039914	0.4520692	1	2	0.009404617	0.03120216	
8316	909.0505	3.45e+19	0	0	100000	2	1e-05	2.416862e+26	1.823543e+26	1.714624e+26	1.089192e+25	5.644471e+25	2.887243e+24	1.75584e+25	1.324796e+25	1.245667e+25	7.912931e+23	4.100684e+24	2.09757e+23	0.01194625	1.75584e+26	1.324796e+26	1.245667e+26	7.912931e+24	0	3.137834e+17	4.310441e+25	0	0	0	0	0	0	0	0	0	0	0	0	0	0	2.261935e+26	0	2.261935e+26	1.022519e+26	0	1.022519e+26	5.47409e+25	0	5.47409e+25	2.045037e+26	0	2.045037e+26	6.093798e+25	0	6.093798e+25	1.952081e+26	0	1.952081e+26	4.224228e+23	7.72658e-10	0.0008162024	6.593663e+12	3.393546e+07	203285.8	1.543726e-07	5.09422e-14	2.59827e-21	0.3358957	0.5	0.005139635	1	35.28663	4.388071	10569.8	1.117189e+26	1.827432e+28	5.151575e+27	6.741065e+25	3.118866e+27	1.203261e+27	5.325573e+26	2.294797e+26	0.2188657	0	0.02333753	0.03560219	0.03560219	0.001424136	0.02670164	0	0	0	0	1.280678e-20	0	1.280678e-20	0	-328.877	0	-328.877	0	30149.85	77194.93	1152.127	8447.673	0.006389748	1	5.040212	0.4520692	1	2	0.009451166	0.03130757	
8344	909.0505	3.45e+19	0	0	100000	2	1e-05	2.425e+26	1.828754e+26	1.719617e+26	1.091374e+25	5.67053e+25	2.919306e+24	1.761752e+25	1.328582e+25	1.249294e+25	7.928783e+23	4.119616e+24	2.120863e+23	0.01203838	1.761752e+26	1.328582e+26	1.249294e+26	7.928783e+24	0	3.137834e+17	4.331702e+25	0	0	0	0	0	0	0	0	0	0	0	0	0	0	2.269551e+26	0	2.269551e+26	1.025962e+26	0	1.025962e+26	5.492521e+25	0	5.492521e+25	2.051923e+26	0	2.051923e+26	6.114316e+25	0	6.114316e+25	1.958654e+26	0	1.958654e+26	4.220752e+23	7.733853e-10	0.0008178359	6.569091e+12	3.421983e+07	204986.6	1.548023e-07	5.122624e-14	2.620031e-21	0.3365098	0.5	0.005163366	1	35.40544	4.402846	10569.8	1.117189e+26	1.827432e+28	5.151575e+27	6.741065e+25	3.118866e+27	1.203261e+27	5.325573e+26	2.294797e+26	0.2188657	0	0.02332197	0.03560219	0.03560219	0.001424136	0.02670164	0	0	0	0	1.280678e-20	0	1.280678e-20	0	-328.877	0	-328.877	0	30149.85	77194.93	1156.118	8447.673	0.006389748	1	5.040509	0.4520692	1	2	0.009497784	0.03141299	
8372	909.0505	3.45e+19	0	0	100000	2	1e-05	2.433138e+26	1.833961e+26	1.724605e+26	1.093551e+25	5.696601e+25	2.951695e+24	1.767664e+25	1.332365e+25	1.252918e+25	7.944603e+23	4.138556e+24	2.144394e+23	0.01213123	1.767664e+26	1.332365e+26	1.252918e+26	7.944603e+24	0	3.137834e+17	4.352996e+25	0	0	0	0	0	0	0	0	0	0	0	0	0	0	2.277167e+26	0	2.277167e+26	1.029404e+26	0	1.029404e+26	5.510953e+25	0	5.510953e+25	2.058809e+26	0	2.058809e+26	6.134834e+25	0	6.134834e+25	1.965227e+26	0	1.965227e+26	4.217291e+23	7.741105e-10	0.0008194661	6.544631e+12	3.450581e+07	206696.9	1.552321e-07	5.151109e-14	2.641915e-21	0.3371211	0.5	0.005187109	1	35.52425	4.41762	10569.8	1.117189e+26	1.827432e+28	5.151575e+27	6.741065e+25	3.118866e+27	1.203261e+27	5.325573e+26	2.294797e+26	0.2188657	0	0.02330648	0.03560219	0.03560219	0.001424136	0.02670164	0	0	0	0	1.280678e-20	0	1.280678e-20	0	-328.877	0	-328.877	0	30149.85	77194.93	1160.11	8447.673	0.006389748	1	5.040806	0.4520692	1	2	0.009544472	0.0315184	
8400	909.0505	3.45e+19	0	0	100000	2	1e-05	2.441275e+26	1.839163e+26	1.72959e+26	1.095725e+25	5.722683e+25	2.984412e+24	1.773576e+25	1.336144e+25	1.25654e+25	7.960392e+23	4.157505e+24	2.168163e+23	0.01222481	1.773576e+26	1.336144e+26	1.25654e+26	7.960392e+24	0	3.137834e+17	4.374321e+25	0	0	0	0	0	0	0	0	0	0	0	0	0	0	2.284783e+26	0	2.284783e+26	1.032847e+26	0	1.032847e+26	5.529384e+25	0	5.529384e+25	2.065694e+26	0	2.065694e+26	6.155352e+25	0	6.155352e+25	1.971799e+26	0	1.971799e+26	4.213844e+23	7.748336e-10	0.000821093	6.520284e+12	3.47934e+07	208416.5	1.55662e-07	5.179677e-14	2.663924e-21	0.3377296	0.5	0.005210861	1	35.64306	4.432395	10569.8	1.117189e+26	1.827432e+28	5.151575e+27	6.741065e+25	3.118866e+27	1.203261e+27	5.325573e+26	2.294797e+26	0.2188657	0	0.02329105	0.03560219	0.03560219	0.001424136	0.02670164	0	0	0	0	1.280678e-20	0	1.280678e-20	0	-328.877	0	-328.877	0	30149.85	77194.93	1164.102	8447.673	0.006389748	1	5.041102	0.4520692	1	2	0.00959123	0.03162381	
8428	909.0505	3.45e+19	0	0	100000	2	1e-05	2.449413e+26	1.844361e+26	1.734571e+26	1.097893e+25	5.748776e+25	3.017458e+24	1.779488e+25	1.33992e+25	1.260159e+25	7.976149e+23	4.176461e+24	2.19217e+23	0.01231911	1.779488e+26	1.33992e+26	1.260159e+26	7.976149e+24	0	3.137834e+17	4.395678e+25	0	0	0	0	0	0	0	0	0	0	0	0	0	0	2.292399e+26	0	2.292399e+26	1.03629e+26	0	1.03629e+26	5.547815e+25	0	5.547815e+25	2.07258e+26	0	2.07258e+26	6.17587e+25	0	6.17587e+25	1.978372e+26	0	1.978372e+26	4.210411e+23	7.755547e-10	0.0008227167	6.496047e+12	3.508262e+07	210145.6	1.560919e-07	5.208326e-14	2.686056e-21	0.3383353	0.5	0.005234623	1	35.76187	4.44717	10569.8	1.117189e+26	1.827432e+28	5.151575e+27	6.741065e+25	3.118866e+27	1.203261e+27	5.325573e+26	2.294797e+26	0.2188657	0	0.02327569	0.03560219	0.03560219	0.001424136	0.02670164	0	0	0	0	1.280678e-20	0	1.280678e-20	0	-328.877	0	-328.877	0	30149.85	77194.93	1168.095	8447.673	0.006389749	1	5.041398	0.4520692	1	2	0.009638059	0.03172922	
8456	909.0505	3.45e+19	0	0	100000	2	1e-05	2.45755e+26	1.849554e+26	1.739548e+26	1.100058e+25	5.77488e+25	3.050834e+24	1.7854e+25	1.343693e+25	1.263774e+25	7.991875e+23	4.195425e+24	2.216418e+23	0.01241413	1.7854e+26	1.343693e+26	1.263774e+26	7.991875e+24	0	3.137834e+17	4.417067e+25	0	0	0	0	0	0	0	0	0	0	0	0	0	0	2.300015e+26	0	2.300015e+26	1.039733e+26	0	1.039733e+26	5.566247e+25	0	5.566247e+25	2.079466e+26	0	2.079466e+26	6.196388e+25	0	6.196388e+25	1.984945e+26	0	1.984945e+26	4.206992e+23	7.762737e-10	0.000824337	6.471922e+12	3.537346e+07	211884.1	1.565218e-07	5.237057e-14	2.708312e-21	0.3389383	0.5	0.005258396	1	35.88068	4.461944	10569.8	1.117189e+26	1.827432e+28	5.151575e+27	6.741065e+25	3.118866e+27	1.203261e+27	5.325573e+26	2.294797e+26	0.2188657	0	0.0232604	0.03560219	0.03560219	0.001424136	0.02670164	0	0	0	0	1.280678e-20	0	1.280678e-20	0	-328.877	0	-328.877	0	30149.85	77194.93	1172.089	8447.673	0.006389748	1	5.041693	0.4520691	1	2	0.009684957	0.03183464	
8484	909.0505	3.45e+19	0	0	100000	2	1e-05	2.465688e+26	1.854743e+26	1.744521e+26	1.102218e+25	5.800994e+25	3.084541e+24	1.791312e+25	1.347463e+25	1.267387e+25	8.00757e+23	4.214397e+24	2.240906e+23	0.01250986	1.791312e+26	1.347463e+26	1.267387e+26	8.00757e+24	0	3.137834e+17	4.438488e+25	0	0	0	0	0	0	0	0	0	0	0	0	0	0	2.307631e+26	0	2.307631e+26	1.043176e+26	0	1.043176e+26	5.584678e+25	0	5.584678e+25	2.086351e+26	0	2.086351e+26	6.216906e+25	0	6.216906e+25	1.991517e+26	0	1.991517e+26	4.203586e+23	7.769906e-10	0.0008259541	6.447907e+12	3.566594e+07	213632	1.569518e-07	5.26587e-14	2.730694e-21	0.3395384	0.5	0.005282177	1	35.99949	4.476719	10569.8	1.117189e+26	1.827432e+28	5.151575e+27	6.741065e+25	3.118866e+27	1.203261e+27	5.325573e+26	2.294797e+26	0.2188657	0	0.02324517	0.03560219	0.03560219	0.001424136	0.02670164	0	0	0	0	1.280678e-20	0	1.280678e-20	0	-328.877	0	-328.877	0	30149.85	77194.93	1176.082	8447.673	0.006389748	1	5.041987	0.4520692	1	2	0.009731924	0.03194005	
8512	909.0505	3.45e+19	0	0	100000	2	1e-05	2.473826e+26	1.859928e+26	1.74949e+26	1.104374e+25	5.827119e+25	3.118581e+24	1.797224e+25	1.35123e+25	1.270997e+25	8.023233e+23	4.233377e+24	2.265636e+23	0.01260631	1.797224e+26	1.35123e+26	1.270997e+26	8.023233e+24	0	3.137834e+17	4.45994e+25	0	0	0	0	0	0	0	0	0	0	0	0	0	0	2.315247e+26	0	2.315247e+26	1.046618e+26	0	1.046618e+26	5.603109e+25	0	5.603109e+25	2.093237e+26	0	2.093237e+26	6.237423e+25	0	6.237423e+25	1.99809e+26	0	1.99809e+26	4.200195e+23	7.777056e-10	0.000827568	6.424002e+12	3.596005e+07	215389.5	1.573818e-07	5.294765e-14	2.7532e-21	0.3401358	0.5	0.005305968	1	36.1183	4.491494	10569.8	1.117189e+26	1.827432e+28	5.151575e+27	6.741065e+25	3.118866e+27	1.203261e+27	5.325573e+26	2.294797e+26	0.2188657	0	0.02323	0.03560219	0.03560219	0.001424136	0.02670164	0	0	0	0	1.280678e-20	0	1.280678e-20	0	-328.877	0	-328.877	0	30149.85	77194.93	1180.077	8447.673	0.006389748	1	5.042281	0.4520692	1	2	0.009778961	0.03204546	
8540	909.0505	3.45e+19	0	0	100000	2	1e-05	2.481963e+26	1.865108e+26	1.754456e+26	1.106526e+25	5.853253e+25	3.152955e+24	1.803136e+25	1.354993e+25	1.274605e+25	8.038866e+23	4.252363e+24	2.290608e+23	0.01270347	1.803136e+26	1.354993e+26	1.274605e+26	8.038866e+24	0	3.137834e+17	4.481424e+25	0	0	0	0	0	0	0	0	0	0	0	0	0	0	2.322863e+26	0	2.322863e+26	1.050061e+26	0	1.050061e+26	5.62154e+25	0	5.62154e+25	2.100123e+26	0	2.100123e+26	6.257941e+25	0	6.257941e+25	2.004663e+26	0	2.004663e+26	4.196817e+23	7.784185e-10	0.0008291786	6.400206e+12	3.62558e+07	217156.4	1.578119e-07	5.323741e-14	2.775832e-21	0.3407304	0.5	0.005329769	1	36.23711	4.506268	10569.8	1.117189e+26	1.827432e+28	5.151575e+27	6.741065e+25	3.118866e+27	1.203261e+27	5.325573e+26	2.294797e+26	0.2188657	0	0.0232149	0.03560219	0.03560219	0.001424136	0.02670164	0	0	0	0	1.280678e-20	0	1.280678e-20	0	-328.877	0	-328.877	0	30149.85	77194.93	1184.072	8447.673	0.006389749	1	5.042574	0.4520691	1	2	0.009826067	0.03215087	
8568	909.0505	3.45e+19	0	0	100000	2	1e-05	2.490101e+26	1.870284e+26	1.759417e+26	1.108674e+25	5.879398e+25	3.187663e+24	1.809048e+25	1.358754e+25	1.278209e+25	8.054468e+23	4.271357e+24	2.315824e+23	0.01280134	1.809048e+26	1.358754e+26	1.278209e+26	8.054468e+24	0	3.137834e+17	4.50294e+25	0	0	0	0	0	0	0	0	0	0	0	0	0	0	2.330479e+26	0	2.330479e+26	1.053504e+26	0	1.053504e+26	5.639972e+25	0	5.639972e+25	2.107008e+26	0	2.107008e+26	6.278459e+25	0	6.278459e+25	2.011235e+26	0	2.011235e+26	4.193453e+23	7.791294e-10	0.000830786	6.37652e+12	3.65532e+07	218932.9	1.58242e-07	5.352799e-14	2.798589e-21	0.3413223	0.5	0.005353578	1	36.35592	4.521043	10569.8	1.117189e+26	1.827432e+28	5.151575e+27	6.741065e+25	3.118866e+27	1.203261e+27	5.325573e+26	2.294797e+26	0.2188657	0	0.02319987	0.03560219	0.03560219	0.001424136	0.02670164	0	0	0	0	1.280678e-20	0	1.280678e-20	0	-328.877	0	-328.877	0	30149.85	77194.93	1188.067	8447.673	0.006389748	1	5.042867	0.4520691	1	2	0.009873243	0.03225629	
8596	909.0505	3.45e+19	0	0	100000	2	1e-05	2.498238e+26	1.875456e+26	1.764374e+26	1.110817e+25	5.905552e+25	3.222708e+24	1.814959e+25	1.362511e+25	1.28181e+25	8.07004e+23	4.290358e+24	2.341283e+23	0.01289992	1.814959e+26	1.362511e+26	1.28181e+26	8.07004e+24	0	3.137834e+17	4.524487e+25	0	0	0	0	0	0	0	0	0	0	0	0	0	0	2.338095e+26	0	2.338095e+26	1.056947e+26	0	1.056947e+26	5.658403e+25	0	5.658403e+25	2.113894e+26	0	2.113894e+26	6.298977e+25	0	6.298977e+25	2.017808e+26	0	2.017808e+26	4.190103e+23	7.798383e-10	0.0008323902	6.352942e+12	3.685225e+07	220718.8	1.586721e-07	5.381939e-14	2.821473e-21	0.3419115	0.5	0.005377396	1	36.47473	4.535818	10569.8	1.117189e+26	1.827432e+28	5.151575e+27	6.741065e+25	3.118866e+27	1.203261e+27	5.325573e+26	2.294797e+26	0.2188657	0	0.0231849	0.03560219	0.03560219	0.001424136	0.02670164	0	0	0	0	1.280678e-20	0	1.280678e-20	0	-328.877	0	-328.877	0	30149.85	77194.93	1192.063	8447.673	0.006389749	1	5.043159	0.4520691	1	2	0.009920487	0.0323617	
8624	909.0505	3.45e+19	0	0	100000	2	1e-05	2.506376e+26	1.880623e+26	1.769328e+26	1.112956e+25	5.931716e+25	3.258089e+24	1.820871e+25	1.366265e+25	1.285409e+25	8.085581e+23	4.309366e+24	2.366988e+23	0.0129992	1.820871e+26	1.366265e+26	1.285409e+26	8.085581e+24	0	3.137834e+17	4.546065e+25	0	0	0	0	0	0	0	0	0	0	0	0	0	0	2.345711e+26	0	2.345711e+26	1.06039e+26	0	1.06039e+26	5.676834e+25	0	5.676834e+25	2.12078e+26	0	2.12078e+26	6.319495e+25	0	6.319495e+25	2.024381e+26	0	2.024381e+26	4.186765e+23	7.805452e-10	0.0008339912	6.329473e+12	3.715295e+07	222514.4	1.591023e-07	5.41116e-14	2.844483e-21	0.3424979	0.5	0.005401223	1	36.59354	4.550592	10569.8	1.117189e+26	1.827432e+28	5.151575e+27	6.741065e+25	3.118866e+27	1.203261e+27	5.325573e+26	2.294797e+26	0.2188657	0	0.02317	0.03560219	0.03560219	0.001424136	0.02670164	0	0	0	0	1.280678e-20	0	1.280678e-20	0	-328.877	0	-328.877	0	30149.85	77194.93	1196.06	8447.673	0.006389749	1	5.043451	0.4520691	1	2	0.0099678	0.03246711	
8652	909.0505	3.45e+19	0	0	100000	2	1e-05	2.514513e+26	1.885786e+26	1.774277e+26	1.115091e+25	5.957889e+25	3.293809e+24	1.826783e+25	1.370016e+25	1.289005e+25	8.101091e+23	4.328381e+24	2.392938e+23	0.01309919	1.826783e+26	1.370016e+26	1.289005e+26	8.101091e+24	0	3.137834e+17	4.567675e+25	0	0	0	0	0	0	0	0	0	0	0	0	0	0	2.353327e+26	0	2.353327e+26	1.063833e+26	0	1.063833e+26	5.695266e+25	0	5.695266e+25	2.127665e+26	0	2.127665e+26	6.340013e+25	0	6.340013e+25	2.030953e+26	0	2.030953e+26	4.183441e+23	7.812502e-10	0.000835589	6.306111e+12	3.74553e+07	224319.5	1.595325e-07	5.440463e-14	2.867619e-21	0.3430816	0.5	0.005425058	1	36.71235	4.565367	10569.8	1.117189e+26	1.827432e+28	5.151575e+27	6.741065e+25	3.118866e+27	1.203261e+27	5.325573e+26	2.294797e+26	0.2188657	0	0.02315516	0.03560219	0.03560219	0.001424136	0.02670164	0	0	0	0	1.280678e-20	0	1.280678e-20	0	-328.877	0	-328.877	0	30149.85	77194.93	1200.057	8447.673	0.006389749	1	5.043742	0.4520691	1	2	0.01001518	0.03257253	
8680	909.0505	3.45e+19	0	0	100000	2	1e-05	2.522651e+26	1.890945e+26	1.779223e+26	1.117222e+25	5.984071e+25	3.329867e+24	1.832695e+25	1.373764e+25	1.292598e+25	8.116572e+23	4.347402e+24	2.419134e+23	0.01319987	1.832695e+26	1.373764e+26	1.292598e+26	8.116572e+24	0	3.137834e+17	4.589316e+25	0	0	0	0	0	0	0	0	0	0	0	0	0	0	2.360943e+26	0	2.360943e+26	1.067275e+26	0	1.067275e+26	5.713697e+25	0	5.713697e+25	2.134551e+26	0	2.134551e+26	6.36053e+25	0	6.36053e+25	2.037526e+26	0	2.037526e+26	4.180131e+23	7.819532e-10	0.0008371837	6.282857e+12	3.775932e+07	226134.2	1.599628e-07	5.469847e-14	2.890883e-21	0.3436627	0.5	0.005448902	1	36.83116	4.580142	10569.8	1.117189e+26	1.827432e+28	5.151575e+27	6.741065e+25	3.118866e+27	1.203261e+27	5.325573e+26	2.294797e+26	0.2188657	0	0.02314038	0.03560219	0.03560219	0.001424136	0.02670164	0	0	0	0	1.280678e-20	0	1.280678e-20	0	-328.877	0	-328.877	0	30149.85	77194.93	1204.055	8447.673	0.006389749	1	5.044032	0.4520691	1	2	0.01006263	0.03267794	
8708	909.0505	3.45e+19	0	0	100000	2	1e-05	2.530789e+26	1.8961e+26	1.784165e+26	1.119349e+25	6.010262e+25	3.366266e+24	1.838607e+25	1.377508e+25	1.296188e+25	8.132022e+23	4.36643e+24	2.445578e+23	0.01330125	1.838607e+26	1.377508e+26	1.296188e+26	8.132022e+24	0	3.137834e+17	4.610988e+25	0	0	0	0	0	0	0	0	0	0	0	0	0	0	2.368559e+26	0	2.368559e+26	1.070718e+26	0	1.070718e+26	5.732128e+25	0	5.732128e+25	2.141437e+26	0	2.141437e+26	6.381048e+25	0	6.381048e+25	2.044099e+26	0	2.044099e+26	4.176833e+23	7.826543e-10	0.0008387752	6.25971e+12	3.806501e+07	227958.5	1.60393e-07	5.499313e-14	2.914275e-21	0.3442411	0.5	0.005472754	1	36.94997	4.594916	10569.8	1.117189e+26	1.827432e+28	5.151575e+27	6.741065e+25	3.118866e+27	1.203261e+27	5.325573e+26	2.294797e+26	0.2188657	0	0.02312567	0.03560219	0.03560219	0.001424136	0.02670164	0	0	0	0	1.280678e-20	0	1.280678e-20	0	-328.877	0	-328.877	0	30149.85	77194.93	1208.053	8447.673	0.006389748	1	5.044322	0.4520691	1	2	0.01011015	0.03278335	
8736	909.0505	3.45e+19	0	0	100000	2	1e-05	2.538926e+26	1.90125e+26	1.789103e+26	1.121471e+25	6.036462e+25	3.403006e+24	1.844519e+25	1.38125e+25	1.299776e+25	8.147442e+23	4.385464e+24	2.472269e+23	0.01340333	1.844519e+26	1.38125e+26	1.299776e+26	8.147442e+24	0	3.137834e+17	4.632691e+25	0	0	0	0	0	0	0	0	0	0	0	0	0	0	2.376175e+26	0	2.376175e+26	1.074161e+26	0	1.074161e+26	5.750559e+25	0	5.750559e+25	2.148322e+26	0	2.148322e+26	6.401566e+25	0	6.401566e+25	2.050671e+26	0	2.050671e+26	4.173549e+23	7.833534e-10	0.0008403636	6.236669e+12	3.837237e+07	229792.5	1.608234e-07	5.528861e-14	2.937794e-21	0.3448167	0.5	0.005496613	1	37.06878	4.609691	10569.8	1.117189e+26	1.827432e+28	5.151575e+27	6.741065e+25	3.118866e+27	1.203261e+27	5.325573e+26	2.294797e+26	0.2188657	0	0.02311103	0.03560219	0.03560219	0.001424136	0.02670164	0	0	0	0	1.280678e-20	0	1.280678e-20	0	-328.877	0	-328.877	0	30149.85	77194.93	1212.051	8447.673	0.006389748	1	5.044612	0.4520691	1	2	0.01015774	0.03288876	
8764	909.0505	3.45e+19	0	0	100000	2	1e-05	2.547064e+26	1.906396e+26	1.794037e+26	1.12359e+25	6.062671e+25	3.440087e+24	1.850431e+25	1.384988e+25	1.30336e+25	8.162833e+23	4.404504e+24	2.499209e+23	0.01350609	1.850431e+26	1.384988e+26	1.30336e+26	8.162833e+24	0	3.137834e+17	4.654425e+25	0	0	0	0	0	0	0	0	0	0	0	0	0	0	2.38379e+26	0	2.38379e+26	1.077604e+26	0	1.077604e+26	5.768991e+25	0	5.768991e+25	2.155208e+26	0	2.155208e+26	6.422084e+25	0	6.422084e+25	2.057244e+26	0	2.057244e+26	4.170277e+23	7.840505e-10	0.0008419488	6.213733e+12	3.86814e+07	231636.1	1.612537e-07	5.55849e-14	2.961441e-21	0.3453898	0.5	0.005520481	1	37.18759	4.624466	10569.8	1.117189e+26	1.827432e+28	5.151575e+27	6.741065e+25	3.118866e+27	1.203261e+27	5.325573e+26	2.294797e+26	0.2188657	0	0.02309645	0.03560219	0.03560219	0.001424136	0.02670164	0	0	0	0	1.280678e-20	0	1.280678e-20	0	-328.877	0	-328.877	0	30149.85	77194.93	1216.05	8447.673	0.006389749	1	5.044901	0.4520691	1	2	0.01020539	0.03299418	
8792	909.0505	3.45e+19	0	0	100000	2	1e-05	2.555201e+26	1.911538e+26	1.798967e+26	1.125704e+25	6.088887e+25	3.477512e+24	1.856343e+25	1.388724e+25	1.306942e+25	8.178194e+23	4.423551e+24	2.526398e+23	0.01360954	1.856343e+26	1.388724e+26	1.306942e+26	8.178194e+24	0	3.137834e+17	4.67619e+25	0	0	0	0	0	0	0	0	0	0	0	0	0	0	2.391406e+26	0	2.391406e+26	1.081047e+26	0	1.081047e+26	5.787422e+25	0	5.787422e+25	2.162093e+26	0	2.162093e+26	6.442602e+25	0	6.442602e+25	2.063816e+26	0	2.063816e+26	4.167018e+23	7.847458e-10	0.0008435309	6.190904e+12	3.899211e+07	233489.4	1.616841e-07	5.588201e-14	2.985216e-21	0.3459602	0.5	0.005544356	1	37.3064	4.63924	10569.8	1.117189e+26	1.827432e+28	5.151575e+27	6.741065e+25	3.118866e+27	1.203261e+27	5.325573e+26	2.294797e+26	0.2188657	0	0.02308194	0.03560219	0.03560219	0.001424136	0.02670164	0	0	0	0	1.280678e-20	0	1.280678e-20	0	-328.877	0	-328.877	0	30149.85	77194.93	1220.05	8447.673	0.006389748	1	5.045189	0.4520691	1	2	0.01025312	0.03309959	
8820	909.0505	3.45e+19	0	0	100000	2	1e-05	2.563339e+26	1.916675e+26	1.803893e+26	1.127815e+25	6.115113e+25	3.515281e+24	1.862255e+25	1.392456e+25	1.310521e+25	8.193525e+23	4.442603e+24	2.553837e+23	0.01371368	1.862255e+26	1.392456e+26	1.310521e+26	8.193525e+24	0	3.137834e+17	4.697987e+25	0	0	0	0	0	0	0	0	0	0	0	0	0	0	2.399022e+26	0	2.399022e+26	1.08449e+26	0	1.08449e+26	5.805853e+25	0	5.805853e+25	2.168979e+26	0	2.168979e+26	6.46312e+25	0	6.46312e+25	2.070389e+26	0	2.070389e+26	4.163772e+23	7.854392e-10	0.00084511	6.168179e+12	3.930451e+07	235352.3	1.621145e-07	5.617994e-14	3.009121e-21	0.3465279	0.5	0.005568239	1	37.42521	4.654015	10569.8	1.117189e+26	1.827432e+28	5.151575e+27	6.741065e+25	3.118866e+27	1.203261e+27	5.325573e+26	2.294797e+26	0.2188657	0	0.02306749	0.03560219	0.03560219	0.001424136	0.02670164	0	0	0	0	1.280678e-20	0	1.280678e-20	0	-328.877	0	-328.877	0	30149.85	77194.93	1224.05	8447.673	0.006389748	1	5.045477	0.4520691	1	2	0.01030091	0.033205	
8848	909.0505	3.45e+19	0	0	100000	2	1e-05	2.571477e+26	1.921808e+26	1.808816e+26	1.129921e+25	6.141346e+25	3.553394e+24	1.868167e+25	1.396185e+25	1.314097e+25	8.208826e+23	4.461661e+24	2.581526e+23	0.0138185	1.868167e+26	1.396185e+26	1.314097e+26	8.208826e+24	0	3.137834e+17	4.719814e+25	0	0	0	0	0	0	0	0	0	0	0	0	0	0	2.406638e+26	0	2.406638e+26	1.087932e+26	0	1.087932e+26	5.824284e+25	0	5.824284e+25	2.175865e+26	0	2.175865e+26	6.483637e+25	0	6.483637e+25	2.076962e+26	0	2.076962e+26	4.160539e+23	7.861306e-10	0.0008466859	6.145559e+12	3.96186e+07	237225	1.62545e-07	5.647867e-14	3.033154e-21	0.347093	0.5	0.005592129	1	37.54402	4.66879	10569.8	1.117189e+26	1.827432e+28	5.151575e+27	6.741065e+25	3.118866e+27	1.203261e+27	5.325573e+26	2.294797e+26	0.2188657	0	0.0230531	0.03560219	0.03560219	0.001424136	0.02670164	0	0	0	0	1.280678e-20	0	1.280678e-20	0	-328.877	0	-328.877	0	30149.85	77194.93	1228.051	8447.673	0.006389748	1	5.045764	0.4520691	1	2	0.01034877	0.03331041	
8876	909.0505	3.45e+19	0	0	100000	2	1e-05	2.579614e+26	1.926937e+26	1.813735e+26	1.132023e+25	6.167587e+25	3.591853e+24	1.874079e+25	1.399911e+25	1.31767e+25	8.224099e+23	4.480725e+24	2.609466e+23	0.01392399	1.874079e+26	1.399911e+26	1.31767e+26	8.224099e+24	0	3.137834e+17	4.741672e+25	0	0	0	0	0	0	0	0	0	0	0	0	0	0	2.414254e+26	0	2.414254e+26	1.091375e+26	0	1.091375e+26	5.842716e+25	0	5.842716e+25	2.18275e+26	0	2.18275e+26	6.504155e+25	0	6.504155e+25	2.083534e+26	0	2.083534e+26	4.157318e+23	7.868202e-10	0.0008482588	6.123043e+12	3.993438e+07	239107.4	1.629755e-07	5.677823e-14	3.057317e-21	0.3476555	0.5	0.005616026	1	37.66283	4.683564	10569.8	1.117189e+26	1.827432e+28	5.151575e+27	6.741065e+25	3.118866e+27	1.203261e+27	5.325573e+26	2.294797e+26	0.2188657	0	0.02303878	0.03560219	0.03560219	0.001424136	0.02670164	0	0	0	0	1.280678e-20	0	1.280678e-20	0	-328.877	0	-328.877	0	30149.85	77194.93	1232.052	8447.673	0.006389748	1	5.046051	0.4520691	1	2	0.01039669	0.03341583	
8904	909.0505	3.45e+19	0	0	100000	2	1e-05	2.587752e+26	1.932062e+26	1.818649e+26	1.134121e+25	6.193835e+25	3.630658e+24	1.879991e+25	1.403634e+25	1.321241e+25	8.239342e+23	4.499795e+24	2.637658e+23	0.01403017	1.879991e+26	1.403634e+26	1.321241e+26	8.239342e+24	0	3.137834e+17	4.763561e+25	0	0	0	0	0	0	0	0	0	0	0	0	0	0	2.42187e+26	0	2.42187e+26	1.094818e+26	0	1.094818e+26	5.861147e+25	0	5.861147e+25	2.189636e+26	0	2.189636e+26	6.524673e+25	0	6.524673e+25	2.090107e+26	0	2.090107e+26	4.15411e+23	7.875079e-10	0.0008498286	6.100631e+12	4.025186e+07	240999.5	1.63406e-07	5.70786e-14	3.08161e-21	0.3482155	0.5	0.00563993	1	37.78164	4.698339	10569.8	1.117189e+26	1.827432e+28	5.151575e+27	6.741065e+25	3.118866e+27	1.203261e+27	5.325573e+26	2.294797e+26	0.2188657	0	0.02302453	0.03560219	0.03560219	0.001424136	0.02670164	0	0	0	0	1.280678e-20	0	1.280678e-20	0	-328.877	0	-328.877	0	30149.85	77194.93	1236.054	8447.673	0.006389749	1	5.046337	0.4520691	1	2	0.01044469	0.03352124	
8932	909.0505	3.45e+19	0	0	100000	2	1e-05	2.595889e+26	1.937182e+26	1.823561e+26	1.136215e+25	6.220091e+25	3.669811e+24	1.885902e+25	1.407354e+25	1.324809e+25	8.254555e+23	4.51887e+24	2.666102e+23	0.01413701	1.885902e+26	1.407354e+26	1.324809e+26	8.254555e+24	0	3.137834e+17	4.78548e+25	0	0	0	0	0	0	0	0	0	0	0	0	0	0	2.429486e+26	0	2.429486e+26	1.098261e+26	0	1.098261e+26	5.879578e+25	0	5.879578e+25	2.196522e+26	0	2.196522e+26	6.545191e+25	0	6.545191e+25	2.09668e+26	0	2.09668e+26	4.150914e+23	7.881937e-10	0.0008513954	6.078322e+12	4.057104e+07	242901.4	1.638365e-07	5.737978e-14	3.106033e-21	0.3487728	0.5	0.005663841	1	37.90045	4.713113	10569.8	1.117189e+26	1.827432e+28	5.151575e+27	6.741065e+25	3.118866e+27	1.203261e+27	5.325573e+26	2.294797e+26	0.2188657	0	0.02301034	0.03560219	0.03560219	0.001424136	0.02670164	0	0	0	0	1.280678e-20	0	1.280678e-20	0	-328.877	0	-328.877	0	30149.85	77194.93	1240.056	8447.673	0.006389748	1	5.046622	0.4520691	1	2	0.01049275	0.03362665	
8960	909.0505	3.45e+19	0	0	100000	2	1e-05	2.604027e+26	1.942298e+26	1.828468e+26	1.138305e+25	6.246355e+25	3.709311e+24	1.891814e+25	1.411071e+25	1.328374e+25	8.26974e+23	4.53795e+24	2.694799e+23	0.01424452	1.891814e+26	1.411071e+26	1.328374e+26	8.26974e+24	0	3.137834e+17	4.80743e+25	0	0	0	0	0	0	0	0	0	0	0	0	0	0	2.437102e+26	0	2.437102e+26	1.101704e+26	0	1.101704e+26	5.89801e+25	0	5.89801e+25	2.203407e+26	0	2.203407e+26	6.565709e+25	0	6.565709e+25	2.103252e+26	0	2.103252e+26	4.147731e+23	7.888777e-10	0.0008529591	6.056115e+12	4.089194e+07	244813	1.642671e-07	5.768178e-14	3.130587e-21	0.3493275	0.5	0.005687758	1	38.01926	4.727888	10569.8	1.117189e+26	1.827432e+28	5.151575e+27	6.741065e+25	3.118866e+27	1.203261e+27	5.325573e+26	2.294797e+26	0.2188657	0	0.02299621	0.03560219	0.03560219	0.001424136	0.02670164	0	0	0	0	1.280678e-20	0	1.280678e-20	0	-328.877	0	-328.877	0	30149.85	77194.93	1244.059	8447.673	0.006389748	1	5.046908	0.4520691	1	2	0.01054087	0.03373207	
8988	909.0505	3.45e+19	0	0	100000	2	1e-05	2.612164e+26	1.94741e+26	1.833371e+26	1.140392e+25	6.272626e+25	3.74916e+24	1.897726e+25	1.414785e+25	1.331936e+25	8.284896e+23	4.557036e+24	2.723749e+23	0.0143527	1.897726e+26	1.414785e+26	1.331936e+26	8.284896e+24	0	3.137834e+17	4.829411e+25	0	0	0	0	0	0	0	0	0	0	0	0	0	0	2.444718e+26	0	2.444718e+26	1.105147e+26	0	1.105147e+26	5.916441e+25	0	5.916441e+25	2.210293e+26	0	2.210293e+26	6.586227e+25	0	6.586227e+25	2.109825e+26	0	2.109825e+26	4.144559e+23	7.895598e-10	0.0008545198	6.034011e+12	4.121454e+07	246734.5	1.646977e-07	5.79846e-14	3.155271e-21	0.3498797	0.5	0.005711683	1	38.13807	4.742663	10569.8	1.117189e+26	1.827432e+28	5.151575e+27	6.741065e+25	3.118866e+27	1.203261e+27	5.325573e+26	2.294797e+26	0.2188657	0	0.02298214	0.03560219	0.03560219	0.001424136	0.02670164	0	0	0	0	1.280678e-20	0	1.280678e-20	0	-328.877	0	-328.877	0	30149.85	77194.93	1248.062	8447.673	0.006389749	1	5.047192	0.4520691	1	2	0.01058907	0.03383748	
9016	909.0505	3.45e+19	0	0	100000	2	1e-05	2.620302e+26	1.952518e+26	1.838271e+26	1.142474e+25	6.298904e+25	3.789359e+24	1.903638e+25	1.418496e+25	1.335496e+25	8.300023e+23	4.576127e+24	2.752953e+23	0.01446153	1.903638e+26	1.418496e+26	1.335496e+26	8.300023e+24	0	3.137834e+17	4.851422e+25	0	0	0	0	0	0	0	0	0	0	0	0	0	0	2.452334e+26	0	2.452334e+26	1.108589e+26	0	1.108589e+26	5.934872e+25	0	5.934872e+25	2.217179e+26	0	2.217179e+26	6.606744e+25	0	6.606744e+25	2.116398e+26	0	2.116398e+26	4.1414e+23	7.902401e-10	0.0008560775	6.012009e+12	4.153886e+07	248665.8	1.651284e-07	5.828823e-14	3.180087e-21	0.3504293	0.5	0.005735613	1	38.25688	4.757437	10569.8	1.117189e+26	1.827432e+28	5.151575e+27	6.741065e+25	3.118866e+27	1.203261e+27	5.325573e+26	2.294797e+26	0.2188657	0	0.02296814	0.03560219	0.03560219	0.001424136	0.02670164	0	0	0	0	1.280678e-20	0	1.280678e-20	0	-328.877	0	-328.877	0	30149.85	77194.93	1252.066	8447.673	0.006389749	1	5.047476	0.4520691	1	2	0.01063733	0.03394289	
9044	909.0505	3.45e+19	0	0	100000	2	1e-05	2.62844e+26	1.957622e+26	1.843167e+26	1.144552e+25	6.325188e+25	3.829908e+24	1.90955e+25	1.422204e+25	1.339053e+25	8.315122e+23	4.595222e+24	2.782412e+23	0.01457103	1.90955e+26	1.422204e+26	1.339053e+26	8.315122e+24	0	3.137834e+17	4.873464e+25	0	0	0	0	0	0	0	0	0	0	0	0	0	0	2.45995e+26	0	2.45995e+26	1.112032e+26	0	1.112032e+26	5.953303e+25	0	5.953303e+25	2.224064e+26	0	2.224064e+26	6.627262e+25	0	6.627262e+25	2.12297e+26	0	2.12297e+26	4.138254e+23	7.909186e-10	0.0008576322	5.990108e+12	4.18649e+07	250606.9	1.65559e-07	5.859267e-14	3.205034e-21	0.3509764	0.5	0.00575955	1	38.37569	4.772212	10569.8	1.117189e+26	1.827432e+28	5.151575e+27	6.741065e+25	3.118866e+27	1.203261e+27	5.325573e+26	2.294797e+26	0.2188657	0	0.0229542	0.03560219	0.03560219	0.001424136	0.02670164	0	0	0	0	1.280678e-20	0	1.280678e-20	0	-328.877	0	-328.877	0	30149.85	77194.93	1256.07	8447.673	0.006389749	1	5.04776	0.452069	1	2	0.01068566	0.0340483	
9072	909.0505	3.45e+19	0	0	100000	2	1e-05	2.636577e+26	1.962721e+26	1.848059e+26	1.146626e+25	6.35148e+25	3.870807e+24	1.915462e+25	1.425909e+25	1.342607e+25	8.330192e+23	4.614323e+24	2.812125e+23	0.01468118	1.915462e+26	1.425909e+26	1.342607e+26	8.330192e+24	0	3.137834e+17	4.895536e+25	0	0	0	0	0	0	0	0	0	0	0	0	0	0	2.467566e+26	0	2.467566e+26	1.115475e+26	0	1.115475e+26	5.971735e+25	0	5.971735e+25	2.23095e+26	0	2.23095e+26	6.64778e+25	0	6.64778e+25	2.129543e+26	0	2.129543e+26	4.135119e+23	7.915953e-10	0.0008591839	5.968308e+12	4.219266e+07	252557.9	1.659898e-07	5.889793e-14	3.230114e-21	0.351521	0.5	0.005783493	1	38.4945	4.786987	10569.8	1.117189e+26	1.827432e+28	5.151575e+27	6.741065e+25	3.118866e+27	1.203261e+27	5.325573e+26	2.294797e+26	0.2188657	0	0.02294033	0.03560219	0.03560219	0.001424136	0.02670164	0	0	0	0	1.280678e-20	0	1.280678e-20	0	-328.877	0	-328.877	0	30149.85	77194.93	1260.074	8447.673	0.006389749	1	5.048043	0.4520691	1	2	0.01073406	0.03415372	
9100	909.0505	3.45e+19	0	0	100000	2	1e-05	2.644715e+26	1.967816e+26	1.852947e+26	1.148697e+25	6.377778e+25	3.912058e+24	1.921374e+25	1.42961e+25	1.346158e+25	8.345233e+23	4.633429e+24	2.842094e+23	0.01479198	1.921374e+26	1.42961e+26	1.346158e+26	8.345233e+24	0	3.137834e+17	4.917638e+25	0	0	0	0	0	0	0	0	0	0	0	0	0	0	2.475182e+26	0	2.475182e+26	1.118918e+26	0	1.118918e+26	5.990166e+25	0	5.990166e+25	2.237836e+26	0	2.237836e+26	6.668298e+25	0	6.668298e+25	2.136116e+26	0	2.136116e+26	4.131996e+23	7.922701e-10	0.0008607326	5.946608e+12	4.252216e+07	254518.7	1.664205e-07	5.9204e-14	3.255325e-21	0.352063	0.5	0.005807442	1	38.61331	4.801761	10569.8	1.117189e+26	1.827432e+28	5.151575e+27	6.741065e+25	3.118866e+27	1.203261e+27	5.325573e+26	2.294797e+26	0.2188657	0	0.02292651	0.03560219	0.03560219	0.001424136	0.02670164	0	0	0	0	1.280678e-20	0	1.280678e-20	0	-328.877	0	-328.877	0	30149.85	77194.93	1264.08	8447.673	0.006389748	1	5.048325	0.4520691	1	2	0.01078252	0.03425913	
9128	909.0505	3.45e+19	0	0	100000	2	1e-05	2.652852e+26	1.972908e+26	1.857831e+26	1.150763e+25	6.404083e+25	3.953661e+24	1.927286e+25	1.433309e+25	1.349706e+25	8.360247e+23	4.652539e+24	2.872318e+23	0.01490343	1.927286e+26	1.433309e+26	1.349706e+26	8.360247e+24	0	3.137834e+17	4.93977e+25	0	0	0	0	0	0	0	0	0	0	0	0	0	0	2.482798e+26	0	2.482798e+26	1.122361e+26	0	1.122361e+26	6.008597e+25	0	6.008597e+25	2.244721e+26	0	2.244721e+26	6.688816e+25	0	6.688816e+25	2.142688e+26	0	2.142688e+26	4.128885e+23	7.929431e-10	0.0008622784	5.925008e+12	4.285339e+07	256489.5	1.668513e-07	5.951089e-14	3.280669e-21	0.3526025	0.5	0.005831397	1	38.73212	4.816536	10569.8	1.117189e+26	1.827432e+28	5.151575e+27	6.741065e+25	3.118866e+27	1.203261e+27	5.325573e+26	2.294797e+26	0.2188657	0	0.02291276	0.03560219	0.03560219	0.001424136	0.02670164	0	0	0	0	1.280678e-20	0	1.280678e-20	0	-328.877	0	-328.877	0	30149.85	77194.93	1268.085	8447.673	0.006389748	1	5.048607	0.4520691	1	2	0.01083105	0.03436454	
9156	909.0505	3.45e+19	0	0	100000	2	1e-05	2.66099e+26	1.977994e+26	1.862712e+26	1.152826e+25	6.430394e+25	3.995617e+24	1.933198e+25	1.437005e+25	1.353252e+25	8.375232e+23	4.671653e+24	2.902799e+23	0.01501553	1.933198e+26	1.437005e+26	1.353252e+26	8.375232e+24	0	3.137834e+17	4.961933e+25	0	0	0	0	0	0	0	0	0	0	0	0	0	0	2.490414e+26	0	2.490414e+26	1.125803e+26	0	1.125803e+26	6.027029e+25	0	6.027029e+25	2.251607e+26	0	2.251607e+26	6.709334e+25	0	6.709334e+25	2.149261e+26	0	2.149261e+26	4.125785e+23	7.936144e-10	0.0008638212	5.903508e+12	4.318636e+07	258470.1	1.672821e-07	5.981859e-14	3.306146e-21	0.3531395	0.5	0.005855358	1	38.85093	4.831311	10569.8	1.117189e+26	1.827432e+28	5.151575e+27	6.741065e+25	3.118866e+27	1.203261e+27	5.325573e+26	2.294797e+26	0.2188657	0	0.02289908	0.03560219	0.03560219	0.001424136	0.02670164	0	0	0	0	1.280678e-20	0	1.280678e-20	0	-328.877	0	-328.877	0	30149.85	77194.93	1272.092	8447.673	0.006389748	1	5.048889	0.452069	1	2	0.01087964	0.03446995	
9184	909.0505	3.45e+19	0	0	100000	2	1e-05	2.669128e+26	1.983077e+26	1.867589e+26	1.154885e+25	6.456711e+25	4.037926e+24	1.93911e+25	1.440697e+25	1.356795e+25	8.390188e+23	4.690773e+24	2.933536e+23	0.01512826	1.93911e+26	1.440697e+26	1.356795e+26	8.390188e+24	0	3.137834e+17	4.984126e+25	0	0	0	0	0	0	0	0	0	0	0	0	0	0	2.49803e+26	0	2.49803e+26	1.129246e+26	0	1.129246e+26	6.04546e+25	0	6.04546e+25	2.258493e+26	0	2.258493e+26	6.729852e+25	0	6.729852e+25	2.155834e+26	0	2.155834e+26	4.122698e+23	7.942839e-10	0.0008653611	5.882107e+12	4.352108e+07	260460.7	1.677129e-07	6.012711e-14	3.331757e-21	0.3536741	0.5	0.005879324	1	38.96974	4.846085	10569.8	1.117189e+26	1.827432e+28	5.151575e+27	6.741065e+25	3.118866e+27	1.203261e+27	5.325573e+26	2.294797e+26	0.2188657	0	0.02288545	0.03560219	0.03560219	0.001424136	0.02670164	0	0	0	0	1.280678e-20	0	1.280678e-20	0	-328.877	0	-328.877	0	30149.85	77194.93	1276.098	8447.673	0.006389749	1	5.04917	0.452069	1	2	0.0109283	0.03457537	
9212	909.0505	3.45e+19	0	0	100000	2	1e-05	2.677265e+26	1.988156e+26	1.872462e+26	1.15694e+25	6.483034e+25	4.080589e+24	1.945022e+25	1.444387e+25	1.360336e+25	8.405117e+23	4.709896e+24	2.96453e+23	0.01524163	1.945022e+26	1.444387e+26	1.360336e+26	8.405117e+24	0	3.137834e+17	5.006349e+25	0	0	0	0	0	0	0	0	0	0	0	0	0	0	2.505646e+26	0	2.505646e+26	1.132689e+26	0	1.132689e+26	6.063891e+25	0	6.063891e+25	2.265378e+26	0	2.265378e+26	6.750369e+25	0	6.750369e+25	2.162406e+26	0	2.162406e+26	4.119622e+23	7.949516e-10	0.000866898	5.860804e+12	4.385755e+07	262461.2	1.681438e-07	6.043645e-14	3.357501e-21	0.3542062	0.5	0.005903296	1	39.08855	4.86086	10569.8	1.117189e+26	1.827432e+28	5.151575e+27	6.741065e+25	3.118866e+27	1.203261e+27	5.325573e+26	2.294797e+26	0.2188657	0	0.02287189	0.03560219	0.03560219	0.001424136	0.02670164	0	0	0	0	1.280678e-20	0	1.280678e-20	0	-328.877	0	-328.877	0	30149.85	77194.93	1280.106	8447.673	0.006389748	1	5.04945	0.452069	1	2	0.01097703	0.03468078	
9240	909.0505	3.45e+19	0	0	100000	2	1e-05	2.685403e+26	1.99323e+26	1.877331e+26	1.158991e+25	6.509363e+25	4.123606e+24	1.950934e+25	1.448073e+25	1.363873e+25	8.420018e+23	4.729024e+24	2.995782e+23	0.01535563	1.950934e+26	1.448073e+26	1.363873e+26	8.420018e+24	0	3.137834e+17	5.028603e+25	0	0	0	0	0	0	0	0	0	0	0	0	0	0	2.513262e+26	0	2.513262e+26	1.136132e+26	0	1.136132e+26	6.082322e+25	0	6.082322e+25	2.272264e+26	0	2.272264e+26	6.770887e+25	0	6.770887e+25	2.168979e+26	0	2.168979e+26	4.116557e+23	7.956176e-10	0.0008684321	5.839599e+12	4.419576e+07	264471.6	1.685746e-07	6.074659e-14	3.383379e-21	0.3547358	0.5	0.005927273	1	39.20736	4.875635	10569.8	1.117189e+26	1.827432e+28	5.151575e+27	6.741065e+25	3.118866e+27	1.203261e+27	5.325573e+26	2.294797e+26	0.2188657	0	0.02285839	0.03560219	0.03560219	0.001424136	0.02670164	0	0	0	0	1.280678e-20	0	1.280678e-20	0	-328.877	0	-328.877	0	30149.85	77194.93	1284.113	8447.673	0.006389748	1	5.04973	0.452069	1	2	0.01102582	0.03478619	
9268	909.0505	3.45e+19	0	0	100000	2	1e-05	2.69354e+26	1.998301e+26	1.882197e+26	1.161038e+25	6.535698e+25	4.166978e+24	1.956846e+25	1.451757e+25	1.367408e+25	8.434892e+23	4.748156e+24	3.027292e+23	0.01547026	1.956846e+26	1.451757e+26	1.367408e+26	8.434892e+24	0	3.137834e+17	5.050886e+25	0	0	0	0	0	0	0	0	0	0	0	0	0	0	2.520877e+26	0	2.520877e+26	1.139575e+26	0	1.139575e+26	6.100754e+25	0	6.100754e+25	2.279149e+26	0	2.279149e+26	6.791405e+25	0	6.791405e+25	2.175552e+26	0	2.175552e+26	4.113504e+23	7.962818e-10	0.0008699632	5.818492e+12	4.453574e+07	266492.1	1.690056e-07	6.105756e-14	3.409392e-21	0.3552629	0.5	0.005951256	1	39.32617	4.890409	10569.8	1.117189e+26	1.827432e+28	5.151575e+27	6.741065e+25	3.118866e+27	1.203261e+27	5.325573e+26	2.294797e+26	0.2188657	0	0.02284495	0.03560219	0.03560219	0.001424136	0.02670164	0	0	0	0	1.280678e-20	0	1.280678e-20	0	-328.877	0	-328.877	0	30149.85	77194.93	1288.122	8447.673	0.006389748	1	5.05001	0.452069	1	2	0.01107468	0.03489161	
9296	909.0505	3.45e+19	0	0	100000	2	1e-05	2.701678e+26	2.003367e+26	1.887059e+26	1.163081e+25	6.562038e+25	4.210706e+24	1.962757e+25	1.455438e+25	1.37094e+25	8.449737e+23	4.767293e+24	3.05906e+23	0.01558552	1.962757e+26	1.455438e+26	1.37094e+26	8.449737e+24	0	3.137834e+17	5.073199e+25	0	0	0	0	0	0	0	0	0	0	0	0	0	0	2.528493e+26	0	2.528493e+26	1.143018e+26	0	1.143018e+26	6.119185e+25	0	6.119185e+25	2.286035e+26	0	2.286035e+26	6.811923e+25	0	6.811923e+25	2.182124e+26	0	2.182124e+26	4.110463e+23	7.969442e-10	0.0008714915	5.797483e+12	4.487748e+07	268522.5	1.694365e-07	6.136934e-14	3.435539e-21	0.3557877	0.5	0.005975243	1	39.44498	4.905184	10569.8	1.117189e+26	1.827432e+28	5.151575e+27	6.741065e+25	3.118866e+27	1.203261e+27	5.325573e+26	2.294797e+26	0.2188657	0	0.02283157	0.03560219	0.03560219	0.001424136	0.02670164	0	0	0	0	1.280678e-20	0	1.280678e-20	0	-328.877	0	-328.877	0	30149.85	77194.93	1292.13	8447.673	0.006389748	1	5.050289	0.452069	1	2	0.0111236	0.03499702	
9324	909.0505	3.45e+19	0	0	100000	2	1e-05	2.709815e+26	2.008429e+26	1.891917e+26	1.165121e+25	6.588384e+25	4.254789e+24	1.968669e+25	1.459115e+25	1.37447e+25	8.464555e+23	4.786433e+24	3.091086e+23	0.0157014	1.968669e+26	1.459115e+26	1.37447e+26	8.464555e+24	0	3.137834e+17	5.095542e+25	0	0	0	0	0	0	0	0	0	0	0	0	0	0	2.536109e+26	0	2.536109e+26	1.14646e+26	0	1.14646e+26	6.137616e+25	0	6.137616e+25	2.292921e+26	0	2.292921e+26	6.832441e+25	0	6.832441e+25	2.188697e+26	0	2.188697e+26	4.107433e+23	7.97605e-10	0.0008730168	5.77657e+12	4.522099e+07	270563	1.698675e-07	6.168193e-14	3.461822e-21	0.35631	0.5	0.005999236	1	39.56379	4.919959	10569.8	1.117189e+26	1.827432e+28	5.151575e+27	6.741065e+25	3.118866e+27	1.203261e+27	5.325573e+26	2.294797e+26	0.2188657	0	0.02281825	0.03560219	0.03560219	0.001424136	0.02670164	0	0	0	0	1.280678e-20	0	1.280678e-20	0	-328.877	0	-328.877	0	30149.85	77194.93	1296.14	8447.673	0.006389748	1	5.050567	0.452069	1	2	0.01117259	0.03510243	
9352	909.0505	3.45e+19	0	0	100000	2	1e-05	2.717953e+26	2.013487e+26	1.896771e+26	1.167157e+25	6.614736e+25	4.299229e+24	1.974581e+25	1.46279e+25	1.377996e+25	8.479346e+23	4.805577e+24	3.123371e+23	0.01581789	1.974581e+26	1.46279e+26	1.377996e+26	8.479346e+24	0	3.137834e+17	5.117914e+25	0	0	0	0	0	0	0	0	0	0	0	0	0	0	2.543725e+26	0	2.543725e+26	1.149903e+26	0	1.149903e+26	6.156048e+25	0	6.156048e+25	2.299806e+26	0	2.299806e+26	6.852959e+25	0	6.852959e+25	2.19527e+26	0	2.19527e+26	4.104414e+23	7.98264e-10	0.0008745393	5.755753e+12	4.556627e+07	272613.5	1.702985e-07	6.199534e-14	3.48824e-21	0.3568299	0.5	0.006023234	1	39.68261	4.934733	10569.8	1.117189e+26	1.827432e+28	5.151575e+27	6.741065e+25	3.118866e+27	1.203261e+27	5.325573e+26	2.294797e+26	0.2188657	0	0.02280499	0.03560219	0.03560219	0.001424136	0.02670164	0	0	0	0	1.280678e-20	0	1.280678e-20	0	-328.877	0	-328.877	0	30149.85	77194.93	1300.149	8447.673	0.006389748	1	5.050845	0.452069	1	2	0.01122165	0.03520784	
9380	909.0505	3.45e+19	0	0	100000	2	1e-05	2.726091e+26	2.018541e+26	1.901622e+26	1.169189e+25	6.641092e+25	4.344025e+24	1.980493e+25	1.466462e+25	1.38152e+25	8.494109e+23	4.824725e+24	3.155916e+23	0.015935	1.980493e+26	1.466462e+26	1.38152e+26	8.494109e+24	0	3.137834e+17	5.140317e+25	0	0	0	0	0	0	0	0	0	0	0	0	0	0	2.551341e+26	0	2.551341e+26	1.153346e+26	0	1.153346e+26	6.174479e+25	0	6.174479e+25	2.306692e+26	0	2.306692e+26	6.873476e+25	0	6.873476e+25	2.201842e+26	0	2.201842e+26	4.101406e+23	7.989213e-10	0.000876059	5.735032e+12	4.591333e+07	274674	1.707295e-07	6.230956e-14	3.514793e-21	0.3573473	0.5	0.006047236	1	39.80142	4.949508	10569.8	1.117189e+26	1.827432e+28	5.151575e+27	6.741065e+25	3.118866e+27	1.203261e+27	5.325573e+26	2.294797e+26	0.2188657	0	0.02279179	0.03560219	0.03560219	0.001424136	0.02670164	0	0	0	0	1.280678e-20	0	1.280678e-20	0	-328.877	0	-328.877	0	30149.85	77194.93	1304.16	8447.673	0.006389749	1	5.051123	0.452069	1	2	0.01127077	0.03531326	
9408	909.0505	3.45e+19	0	0	100000	2	1e-05	2.734228e+26	2.023591e+26	1.906469e+26	1.171218e+25	6.667454e+25	4.389179e+24	1.986405e+25	1.47013e+25	1.385042e+25	8.508845e+23	4.843877e+24	3.188719e+23	0.01605271	1.986405e+26	1.47013e+26	1.385042e+26	8.508845e+24	0	3.137834e+17	5.162749e+25	0	0	0	0	0	0	0	0	0	0	0	0	0	0	2.558957e+26	0	2.558957e+26	1.156789e+26	0	1.156789e+26	6.19291e+25	0	6.19291e+25	2.313578e+26	0	2.313578e+26	6.893994e+25	0	6.893994e+25	2.208415e+26	0	2.208415e+26	4.098409e+23	7.995769e-10	0.0008775757	5.714406e+12	4.626217e+07	276744.6	1.711606e-07	6.26246e-14	3.541484e-21	0.3578624	0.5	0.006071243	1	39.92023	4.964283	10569.8	1.117189e+26	1.827432e+28	5.151575e+27	6.741065e+25	3.118866e+27	1.203261e+27	5.325573e+26	2.294797e+26	0.2188657	0	0.02277865	0.03560219	0.03560219	0.001424136	0.02670164	0	0	0	0	1.280678e-20	0	1.280678e-20	0	-328.877	0	-328.877	0	30149.85	77194.93	1308.17	8447.673	0.006389748	1	5.0514	0.452069	1	2	0.01131995	0.03541867	
9436	909.0505	3.45e+19	0	0	100000	2	1e-05	2.742366e+26	2.028637e+26	1.911313e+26	1.173242e+25	6.693821e+25	4.43469e+24	1.992317e+25	1.473796e+25	1.38856e+25	8.523554e+23	4.863032e+24	3.221783e+23	0.01617104	1.992317e+26	1.473796e+26	1.38856e+26	8.523554e+24	0	3.137834e+17	5.185211e+25	0	0	0	0	0	0	0	0	0	0	0	0	0	0	2.566573e+26	0	2.566573e+26	1.160232e+26	0	1.160232e+26	6.211341e+25	0	6.211341e+25	2.320463e+26	0	2.320463e+26	6.914512e+25	0	6.914512e+25	2.214988e+26	0	2.214988e+26	4.095424e+23	8.002308e-10	0.0008790897	5.693876e+12	4.661279e+07	278825.3	1.715917e-07	6.294046e-14	3.56831e-21	0.3583752	0.5	0.006095255	1	40.03904	4.979057	10569.8	1.117189e+26	1.827432e+28	5.151575e+27	6.741065e+25	3.118866e+27	1.203261e+27	5.325573e+26	2.294797e+26	0.2188657	0	0.02276557	0.03560219	0.03560219	0.001424136	0.02670164	0	0	0	0	1.280678e-20	0	1.280678e-20	0	-328.877	0	-328.877	0	30149.85	77194.93	1312.182	8447.673	0.006389748	1	5.051676	0.452069	1	2	0.0113692	0.03552408	
9464	909.0505	3.45e+19	0	0	100000	2	1e-05	2.750503e+26	2.033679e+26	1.916152e+26	1.175263e+25	6.720193e+25	4.480558e+24	1.998229e+25	1.477459e+25	1.392076e+25	8.538236e+23	4.882191e+24	3.255107e+23	0.01628996	1.998229e+26	1.477459e+26	1.392076e+26	8.538236e+24	0	3.137834e+17	5.207702e+25	0	0	0	0	0	0	0	0	0	0	0	0	0	0	2.574189e+26	0	2.574189e+26	1.163675e+26	0	1.163675e+26	6.229773e+25	0	6.229773e+25	2.327349e+26	0	2.327349e+26	6.93503e+25	0	6.93503e+25	2.22156e+26	0	2.22156e+26	4.092449e+23	8.00883e-10	0.0008806008	5.67344e+12	4.696521e+07	280916.1	1.720228e-07	6.325713e-14	3.595274e-21	0.3588855	0.5	0.006119271	1	40.15785	4.993832	10569.8	1.117189e+26	1.827432e+28	5.151575e+27	6.741065e+25	3.118866e+27	1.203261e+27	5.325573e+26	2.294797e+26	0.2188657	0	0.02275255	0.03560219	0.03560219	0.001424136	0.02670164	0	0	0	0	1.280678e-20	0	1.280678e-20	0	-328.877	0	-328.877	0	30149.85	77194.93	1316.193	8447.673	0.006389748	1	5.051952	0.452069	1	2	0.01141852	0.03562949	
9492	909.0505	3.45e+19	0	0	100000	2	1e-05	2.758641e+26	2.038716e+26	1.920988e+26	1.17728e+25	6.74657e+25	4.526785e+24	2.004141e+25	1.481119e+25	1.39559e+25	8.552891e+23	4.901354e+24	3.28869e+23	0.01640948	2.004141e+26	1.481119e+26	1.39559e+26	8.552891e+24	0	3.137834e+17	5.230223e+25	0	0	0	0	0	0	0	0	0	0	0	0	0	0	2.581805e+26	0	2.581805e+26	1.167117e+26	0	1.167117e+26	6.248204e+25	0	6.248204e+25	2.334235e+26	0	2.334235e+26	6.955548e+25	0	6.955548e+25	2.228133e+26	0	2.228133e+26	4.089485e+23	8.015335e-10	0.0008821091	5.653097e+12	4.731942e+07	283017.1	1.72454e-07	6.357462e-14	3.622375e-21	0.3593935	0.5	0.006143291	1	40.27666	5.008606	10569.8	1.117189e+26	1.827432e+28	5.151575e+27	6.741065e+25	3.118866e+27	1.203261e+27	5.325573e+26	2.294797e+26	0.2188657	0	0.02273959	0.03560219	0.03560219	0.001424136	0.02670164	0	0	0	0	1.280678e-20	0	1.280678e-20	0	-328.877	0	-328.877	0	30149.85	77194.93	1320.205	8447.673	0.006389749	1	5.052228	0.452069	1	2	0.0114679	0.03573491	
9520	909.0505	3.45e+19	0	0	100000	2	1e-05	2.766779e+26	2.04375e+26	1.92582e+26	1.179294e+25	6.772951e+25	4.573371e+24	2.010053e+25	1.484775e+25	1.3991e+25	8.56752e+23	4.92052e+24	3.322535e+23	0.01652959	2.010053e+26	1.484775e+26	1.3991e+26	8.56752e+24	0	3.137834e+17	5.252773e+25	0	0	0	0	0	0	0	0	0	0	0	0	0	0	2.589421e+26	0	2.589421e+26	1.17056e+26	0	1.17056e+26	6.266635e+25	0	6.266635e+25	2.34112e+26	0	2.34112e+26	6.976066e+25	0	6.976066e+25	2.234706e+26	0	2.234706e+26	4.086532e+23	8.021824e-10	0.0008836147	5.632849e+12	4.767544e+07	285128.1	1.728851e-07	6.389292e-14	3.649613e-21	0.3598991	0.5	0.006167316	1	40.39547	5.023381	10569.8	1.117189e+26	1.827432e+28	5.151575e+27	6.741065e+25	3.118866e+27	1.203261e+27	5.325573e+26	2.294797e+26	0.2188657	0	0.02272669	0.03560219	0.03560219	0.001424136	0.02670164	0	0	0	0	1.280678e-20	0	1.280678e-20	0	-328.877	0	-328.877	0	30149.85	77194.93	1324.218	8447.673	0.006389748	1	5.052503	0.452069	1	2	0.01151734	0.03584032	
9548	909.0505	3.45e+19	0	0	100000	2	1e-05	2.774916e+26	2.048779e+26	1.930649e+26	1.181304e+25	6.799337e+25	4.620315e+24	2.015965e+25	1.488429e+25	1.402608e+25	8.582121e+23	4.939689e+24	3.356639e+23	0.01665029	2.015965e+26	1.488429e+26	1.402608e+26	8.582121e+24	0	3.137834e+17	5.275353e+25	0	0	0	0	0	0	0	0	0	0	0	0	0	0	2.597037e+26	0	2.597037e+26	1.174003e+26	0	1.174003e+26	6.285066e+25	0	6.285066e+25	2.348006e+26	0	2.348006e+26	6.996583e+25	0	6.996583e+25	2.241278e+26	0	2.241278e+26	4.08359e+23	8.028296e-10	0.0008851174	5.612693e+12	4.803326e+07	287249.4	1.733163e-07	6.421204e-14	3.67699e-21	0.3604025	0.5	0.006191345	1	40.51428	5.038156	10569.8	1.117189e+26	1.827432e+28	5.151575e+27	6.741065e+25	3.118866e+27	1.203261e+27	5.325573e+26	2.294797e+26	0.2188657	0	0.02271385	0.03560219	0.03560219	0.001424136	0.02670164	0	0	0	0	1.280678e-20	0	1.280678e-20	0	-328.877	0	-328.877	0	30149.85	77194.93	1328.231	8447.673	0.006389749	1	5.052777	0.4520689	1	2	0.01156685	0.03594573	
9576	909.0505	3.45e+19	0	0	100000	2	1e-05	2.783054e+26	2.053805e+26	1.935474e+26	1.18331e+25	6.825727e+25	4.667619e+24	2.021877e+25	1.49208e+25	1.406113e+25	8.596696e+23	4.958862e+24	3.391005e+23	0.01677157	2.021877e+26	1.49208e+26	1.406113e+26	8.596696e+24	0	3.137834e+17	5.297962e+25	0	0	0	0	0	0	0	0	0	0	0	0	0	0	2.604653e+26	0	2.604653e+26	1.177446e+26	0	1.177446e+26	6.303498e+25	0	6.303498e+25	2.354892e+26	0	2.354892e+26	7.017101e+25	0	7.017101e+25	2.247851e+26	0	2.247851e+26	4.080659e+23	8.034751e-10	0.0008866173	5.59263e+12	4.839289e+07	289380.7	1.737476e-07	6.453197e-14	3.704505e-21	0.3609035	0.5	0.006215378	1	40.63309	5.05293	10569.8	1.117189e+26	1.827432e+28	5.151575e+27	6.741065e+25	3.118866e+27	1.203261e+27	5.325573e+26	2.294797e+26	0.2188657	0	0.02270106	0.03560219	0.03560219	0.001424136	0.02670164	0	0	0	0	1.280678e-20	0	1.280678e-20	0	-328.877	0	-328.877	0	30149.85	77194.93	1332.245	8447.673	0.006389748	1	5.053051	0.452069	1	2	0.01161643	0.03605114	
9604	909.0505	3.45e+19	0	0	100000	2	1e-05	2.791191e+26	2.058826e+26	1.940295e+26	1.185313e+25	6.852122e+25	4.715282e+24	2.027789e+25	1.495728e+25	1.409616e+25	8.611245e+23	4.978038e+24	3.425632e+23	0.01689344	2.027789e+26	1.495728e+26	1.409616e+26	8.611245e+24	0	3.137834e+17	5.320601e+25	0	0	0	0	0	0	0	0	0	0	0	0	0	0	2.612269e+26	0	2.612269e+26	1.180889e+26	0	1.180889e+26	6.321929e+25	0	6.321929e+25	2.361777e+26	0	2.361777e+26	7.037619e+25	0	7.037619e+25	2.254424e+26	0	2.254424e+26	4.077738e+23	8.041191e-10	0.0008881145	5.572659e+12	4.875434e+07	291522.3	1.741788e-07	6.485273e-14	3.732159e-21	0.3614021	0.5	0.006239415	1	40.7519	5.067705	10569.8	1.117189e+26	1.827432e+28	5.151575e+27	6.741065e+25	3.118866e+27	1.203261e+27	5.325573e+26	2.294797e+26	0.2188657	0	0.02268833	0.03560219	0.03560219	0.001424136	0.02670164	0	0	0	0	1.280678e-20	0	1.280678e-20	0	-328.877	0	-328.877	0	30149.85	77194.93	1336.259	8447.673	0.006389748	1	5.053325	0.452069	1	2	0.01166606	0.03615656	
9632	909.0505	3.45e+19	0	0	100000	2	1e-05	2.799329e+26	2.063844e+26	1.945113e+26	1.187311e+25	6.878521e+25	4.763304e+24	2.0337e+25	1.499374e+25	1.413116e+25	8.625767e+23	4.997216e+24	3.46052e+23	0.01701588	2.0337e+26	1.499374e+26	1.413116e+26	8.625767e+24	0	3.137834e+17	5.343268e+25	0	0	0	0	0	0	0	0	0	0	0	0	0	0	2.619885e+26	0	2.619885e+26	1.184331e+26	0	1.184331e+26	6.34036e+25	0	6.34036e+25	2.368663e+26	0	2.368663e+26	7.058137e+25	0	7.058137e+25	2.260996e+26	0	2.260996e+26	4.074827e+23	8.047613e-10	0.0008896089	5.55278e+12	4.911761e+07	293674.1	1.746101e-07	6.517429e-14	3.759952e-21	0.3618985	0.5	0.006263455	1	40.87071	5.08248	10569.8	1.117189e+26	1.827432e+28	5.151575e+27	6.741065e+25	3.118866e+27	1.203261e+27	5.325573e+26	2.294797e+26	0.2188657	0	0.02267566	0.03560219	0.03560219	0.001424136	0.02670164	0	0	0	0	1.280678e-20	0	1.280678e-20	0	-328.877	0	-328.877	0	30149.85	77194.93	1340.274	8447.673	0.006389748	1	5.053598	0.4520689	1	2	0.01171577	0.03626197	
9660	909.0505	3.45e+19	0	0	100000	2	1e-05	2.807466e+26	2.068857e+26	1.949926e+26	1.189307e+25	6.904925e+25	4.811686e+24	2.039612e+25	1.503016e+25	1.416613e+25	8.640263e+23	5.016398e+24	3.49567e+23	0.01713889	2.039612e+26	1.503016e+26	1.416613e+26	8.640263e+24	0	3.137834e+17	5.365965e+25	0	0	0	0	0	0	0	0	0	0	0	0	0	0	2.627501e+26	0	2.627501e+26	1.187774e+26	0	1.187774e+26	6.358792e+25	0	6.358792e+25	2.375549e+26	0	2.375549e+26	7.078655e+25	0	7.078655e+25	2.267569e+26	0	2.267569e+26	4.071928e+23	8.05402e-10	0.0008911006	5.532992e+12	4.94827e+07	295836.2	1.750415e-07	6.549668e-14	3.787884e-21	0.3623926	0.5	0.0062875	1	40.98952	5.097254	10569.8	1.117189e+26	1.827432e+28	5.151575e+27	6.741065e+25	3.118866e+27	1.203261e+27	5.325573e+26	2.294797e+26	0.2188657	0	0.02266304	0.03560219	0.03560219	0.001424136	0.02670164	0	0	0	0	1.280678e-20	0	1.280678e-20	0	-328.877	0	-328.877	0	30149.85	77194.93	1344.289	8447.673	0.006389748	1	5.053871	0.452069	1	2	0.01176553	0.03636738	
9688	909.0505	3.45e+19	0	0	100000	2	1e-05	2.815604e+26	2.073867e+26	1.954737e+26	1.191298e+25	6.931332e+25	4.860429e+24	2.045524e+25	1.506655e+25	1.420108e+25	8.654732e+23	5.035583e+24	3.531081e+23	0.01726247	2.045524e+26	1.506655e+26	1.420108e+26	8.654732e+24	0	3.137834e+17	5.388691e+25	0	0	0	0	0	0	0	0	0	0	0	0	0	0	2.635117e+26	0	2.635117e+26	1.191217e+26	0	1.191217e+26	6.377223e+25	0	6.377223e+25	2.382434e+26	0	2.382434e+26	7.099173e+25	0	7.099173e+25	2.274142e+26	0	2.274142e+26	4.069038e+23	8.06041e-10	0.0008925895	5.513295e+12	4.984963e+07	298008.4	1.754728e-07	6.581988e-14	3.815957e-21	0.3628845	0.5	0.006311549	1	41.10833	5.112029	10569.8	1.117189e+26	1.827432e+28	5.151575e+27	6.741065e+25	3.118866e+27	1.203261e+27	5.325573e+26	2.294797e+26	0.2188657	0	0.02265048	0.03560219	0.03560219	0.001424136	0.02670164	0	0	0	0	1.280678e-20	0	1.280678e-20	0	-328.877	0	-328.877	0	30149.85	77194.93	1348.304	8447.673	0.006389748	1	5.054143	0.4520689	1	2	0.01181536	0.0364728	
9716	909.0505	3.45e+19	0	0	100000	2	1e-05	2.823742e+26	2.078872e+26	1.959543e+26	1.193287e+25	6.957744e+25	4.909531e+24	2.051436e+25	1.510292e+25	1.4236e+25	8.669176e+23	5.054771e+24	3.566753e+23	0.01738662	2.051436e+26	1.510292e+26	1.4236e+26	8.669176e+24	0	3.137834e+17	5.411446e+25	0	0	0	0	0	0	0	0	0	0	0	0	0	0	2.642733e+26	0	2.642733e+26	1.19466e+26	0	1.19466e+26	6.395654e+25	0	6.395654e+25	2.38932e+26	0	2.38932e+26	7.11969e+25	0	7.11969e+25	2.280714e+26	0	2.280714e+26	4.066159e+23	8.066784e-10	0.0008940757	5.493689e+12	5.021839e+07	300191	1.759042e-07	6.61439e-14	3.844169e-21	0.363374	0.5	0.006335601	1	41.22714	5.126804	10569.8	1.117189e+26	1.827432e+28	5.151575e+27	6.741065e+25	3.118866e+27	1.203261e+27	5.325573e+26	2.294797e+26	0.2188657	0	0.02263798	0.03560219	0.03560219	0.001424136	0.02670164	0	0	0	0	1.280678e-20	0	1.280678e-20	0	-328.877	0	-328.877	0	30149.85	77194.93	1352.32	8447.673	0.006389749	1	5.054415	0.4520689	1	2	0.01186525	0.03657821	
9744	909.0505	3.45e+19	0	0	100000	2	1e-05	2.831879e+26	2.083873e+26	1.964346e+26	1.195271e+25	6.984159e+25	4.958994e+24	2.057348e+25	1.513925e+25	1.427089e+25	8.683593e+23	5.073962e+24	3.602688e+23	0.01751132	2.057348e+26	1.513925e+26	1.427089e+26	8.683593e+24	0	3.137834e+17	5.434231e+25	0	0	0	0	0	0	0	0	0	0	0	0	0	0	2.650349e+26	0	2.650349e+26	1.198103e+26	0	1.198103e+26	6.414085e+25	0	6.414085e+25	2.396206e+26	0	2.396206e+26	7.140208e+25	0	7.140208e+25	2.287287e+26	0	2.287287e+26	4.063291e+23	8.073142e-10	0.0008955592	5.474172e+12	5.058899e+07	302383.8	1.763356e-07	6.646874e-14	3.872523e-21	0.3638613	0.5	0.006359656	1	41.34595	5.141578	10569.8	1.117189e+26	1.827432e+28	5.151575e+27	6.741065e+25	3.118866e+27	1.203261e+27	5.325573e+26	2.294797e+26	0.2188657	0	0.02262553	0.03560219	0.03560219	0.001424136	0.02670164	0	0	0	0	1.280678e-20	0	1.280678e-20	0	-328.877	0	-328.877	0	30149.85	77194.93	1356.337	8447.673	0.006389749	1	5.054686	0.4520689	1	2	0.01191521	0.03668362	
9772	909.0505	3.45e+19	0	0	100000	2	1e-05	2.840017e+26	2.088871e+26	1.969146e+26	1.197252e+25	7.010579e+25	5.008817e+24	2.06326e+25	1.517556e+25	1.430576e+25	8.697985e+23	5.093155e+24	3.638884e+23	0.01763658	2.06326e+26	1.517556e+26	1.430576e+26	8.697985e+24	0	3.137834e+17	5.457044e+25	0	0	0	0	0	0	0	0	0	0	0	0	0	0	2.657964e+26	0	2.657964e+26	1.201546e+26	0	1.201546e+26	6.432517e+25	0	6.432517e+25	2.403091e+26	0	2.403091e+26	7.160726e+25	0	7.160726e+25	2.29386e+26	0	2.29386e+26	4.060432e+23	8.079484e-10	0.0008970399	5.454745e+12	5.096143e+07	304586.9	1.76767e-07	6.67944e-14	3.901017e-21	0.3643464	0.5	0.006383715	1	41.46476	5.156353	10569.8	1.117189e+26	1.827432e+28	5.151575e+27	6.741065e+25	3.118866e+27	1.203261e+27	5.325573e+26	2.294797e+26	0.2188657	0	0.02261314	0.03560219	0.03560219	0.001424136	0.02670164	0	0	0	0	1.280678e-20	0	1.280678e-20	0	-328.877	0	-328.877	0	30149.85	77194.93	1360.354	8447.673	0.006389748	1	5.054957	0.4520689	1	2	0.01196523	0.03678903	
9800	909.0505	3.45e+19	0	0	100000	2	1e-05	2.848154e+26	2.093864e+26	1.973941e+26	1.199229e+25	7.037002e+25	5.059001e+24	2.069172e+25	1.521183e+25	1.43406e+25	8.71235e+23	5.112352e+24	3.675343e+23	0.01776238	2.069172e+26	1.521183e+26	1.43406e+26	8.71235e+24	0	3.137834e+17	5.479886e+25	0	0	0	0	0	0	0	0	0	0	0	0	0	0	2.66558e+26	0	2.66558e+26	1.204988e+26	0	1.204988e+26	6.450948e+25	0	6.450948e+25	2.409977e+26	0	2.409977e+26	7.181244e+25	0	7.181244e+25	2.300432e+26	0	2.300432e+26	4.057584e+23	8.08581e-10	0.000898518	5.435406e+12	5.133573e+07	306800.3	1.771985e-07	6.712088e-14	3.929653e-21	0.3648292	0.5	0.006407778	1	41.58357	5.171128	10569.8	1.117189e+26	1.827432e+28	5.151575e+27	6.741065e+25	3.118866e+27	1.203261e+27	5.325573e+26	2.294797e+26	0.2188657	0	0.0226008	0.03560219	0.03560219	0.001424136	0.02670164	0	0	0	0	1.280678e-20	0	1.280678e-20	0	-328.877	0	-328.877	0	30149.85	77194.93	1364.371	8447.673	0.006389748	1	5.055227	0.4520689	1	2	0.01201532	0.03689445	
9828	909.0505	3.45e+19	0	0	100000	2	1e-05	2.856292e+26	2.098854e+26	1.978733e+26	1.201203e+25	7.063428e+25	5.109546e+24	2.075084e+25	1.524808e+25	1.437541e+25	8.72669e+23	5.13155e+24	3.712063e+23	0.01788874	2.075084e+26	1.524808e+26	1.437541e+26	8.72669e+24	0	3.137834e+17	5.502757e+25	0	0	0	0	0	0	0	0	0	0	0	0	0	0	2.673196e+26	0	2.673196e+26	1.208431e+26	0	1.208431e+26	6.469379e+25	0	6.469379e+25	2.416862e+26	0	2.416862e+26	7.201762e+25	0	7.201762e+25	2.307005e+26	0	2.307005e+26	4.054746e+23	8.092121e-10	0.0008999934	5.416157e+12	5.171188e+07	309024.1	1.7763e-07	6.744817e-14	3.95843e-21	0.3653098	0.5	0.006431844	1	41.70238	5.185902	10569.8	1.117189e+26	1.827432e+28	5.151575e+27	6.741065e+25	3.118866e+27	1.203261e+27	5.325573e+26	2.294797e+26	0.2188657	0	0.02258852	0.03560219	0.03560219	0.001424136	0.02670164	0	0	0	0	1.280678e-20	0	1.280678e-20	0	-328.877	0	-328.877	0	30149.85	77194.93	1368.389	8447.673	0.006389748	1	5.055497	0.4520689	1	2	0.01206546	0.03699986	
9856	909.0505	3.45e+19	0	0	100000	2	1e-05	2.86443e+26	2.103839e+26	1.983522e+26	1.203174e+25	7.089858e+25	5.160451e+24	2.080996e+25	1.52843e+25	1.44102e+25	8.741005e+23	5.150752e+24	3.749046e+23	0.01801563	2.080996e+26	1.52843e+26	1.44102e+26	8.741005e+24	0	3.137834e+17	5.525656e+25	0	0	0	0	0	0	0	0	0	0	0	0	0	0	2.680812e+26	0	2.680812e+26	1.211874e+26	0	1.211874e+26	6.487811e+25	0	6.487811e+25	2.423748e+26	0	2.423748e+26	7.22228e+25	0	7.22228e+25	2.313578e+26	0	2.313578e+26	4.051918e+23	8.098416e-10	0.0009014661	5.396995e+12	5.208989e+07	311258.2	1.780616e-07	6.777628e-14	3.98735e-21	0.3657883	0.5	0.006455913	1	41.82119	5.200677	10569.8	1.117189e+26	1.827432e+28	5.151575e+27	6.741065e+25	3.118866e+27	1.203261e+27	5.325573e+26	2.294797e+26	0.2188657	0	0.02257629	0.03560219	0.03560219	0.001424136	0.02670164	0	0	0	0	1.280678e-20	0	1.280678e-20	0	-328.877	0	-328.877	0	30149.85	77194.93	1372.408	8447.673	0.006389749	1	5.055766	0.4520689	1	2	0.01211567	0.03710527	
9884	909.0505	3.45e+19	0	0	100000	2	1e-05	2.872567e+26	2.108821e+26	1.988307e+26	1.20514e+25	7.116292e+25	5.211717e+24	2.086908e+25	1.532049e+25	1.444496e+25	8.755294e+23	5.169956e+24	3.78629e+23	0.01814306	2.086908e+26	1.532049e+26	1.444496e+26	8.755294e+24	0	3.137834e+17	5.548585e+25	0	0	0	0	0	0	0	0	0	0	0	0	0	0	2.688428e+26	0	2.688428e+26	1.215317e+26	0	1.215317e+26	6.506242e+25	0	6.506242e+25	2.430634e+26	0	2.430634e+26	7.242798e+25	0	7.242798e+25	2.32015e+26	0	2.32015e+26	4.0491e+23	8.104695e-10	0.0009029362	5.377921e+12	5.246977e+07	313502.7	1.784931e-07	6.810521e-14	4.016412e-21	0.3662645	0.5	0.006479985	1	41.94	5.215452	10569.8	1.117189e+26	1.827432e+28	5.151575e+27	6.741065e+25	3.118866e+27	1.203261e+27	5.325573e+26	2.294797e+26	0.2188657	0	0.02256411	0.03560219	0.03560219	0.001424136	0.02670164	0	0	0	0	1.280678e-20	0	1.280678e-20	0	-328.877	0	-328.877	0	30149.85	77194.93	1376.427	8447.673	0.006389748	1	5.056035	0.4520689	1	2	0.01216595	0.03721068	
9912	909.0505	3.45e+19	0	0	100000	2	1e-05	2.880705e+26	2.113798e+26	1.993088e+26	1.207104e+25	7.142729e+25	5.263344e+24	2.09282e+25	1.535665e+25	1.44797e+25	8.769557e+23	5.189162e+24	3.823797e+23	0.01827103	2.09282e+26	1.535665e+26	1.44797e+26	8.769557e+24	0	3.137834e+17	5.571542e+25	0	0	0	0	0	0	0	0	0	0	0	0	0	0	2.696044e+26	0	2.696044e+26	1.21876e+26	0	1.21876e+26	6.524673e+25	0	6.524673e+25	2.437519e+26	0	2.437519e+26	7.263315e+25	0	7.263315e+25	2.326723e+26	0	2.326723e+26	4.046292e+23	8.110958e-10	0.0009044036	5.358935e+12	5.285152e+07	315757.6	1.789247e-07	6.843497e-14	4.045618e-21	0.3667385	0.5	0.00650406	1	42.05881	5.230226	10569.8	1.117189e+26	1.827432e+28	5.151575e+27	6.741065e+25	3.118866e+27	1.203261e+27	5.325573e+26	2.294797e+26	0.2188657	0	0.02255199	0.03560219	0.03560219	0.001424136	0.02670164	0	0	0	0	1.280678e-20	0	1.280678e-20	0	-328.877	0	-328.877	0	30149.85	77194.93	1380.446	8447.673	0.006389748	1	5.056304	0.4520689	1	2	0.01221628	0.0373161	
9940	909.0505	3.45e+19	0	0	100000	2	1e-05	2.888842e+26	2.118772e+26	1.997866e+26	1.209064e+25	7.16917e+25	5.315332e+24	2.098732e+25	1.539279e+25	1.451441e+25	8.783796e+23	5.208371e+24	3.861566e+23	0.01839952	2.098732e+26	1.539279e+26	1.451441e+26	8.783796e+24	0	3.137834e+17	5.594528e+25	0	0	0	0	0	0	0	0	0	0	0	0	0	0	2.70366e+26	0	2.70366e+26	1.222203e+26	0	1.222203e+26	6.543104e+25	0	6.543104e+25	2.444405e+26	0	2.444405e+26	7.283833e+25	0	7.283833e+25	2.333296e+26	0	2.333296e+26	4.043493e+23	8.117206e-10	0.0009058683	5.340035e+12	5.323514e+07	318022.8	1.793563e-07	6.876554e-14	4.074966e-21	0.3672104	0.5	0.006528138	1	42.17762	5.245001	10569.8	1.117189e+26	1.827432e+28	5.151575e+27	6.741065e+25	3.118866e+27	1.203261e+27	5.325573e+26	2.294797e+26	0.2188657	0	0.02253992	0.03560219	0.03560219	0.001424136	0.02670164	0	0	0	0	1.280678e-20	0	1.280678e-20	0	-328.877	0	-328.877	0	30149.85	77194.93	1384.466	8447.673	0.006389749	1	5.056572	0.4520689	1	2	0.01226668	0.03742151	
9968	909.0505	3.45e+19	0	0	100000	2	1e-05	2.89698e+26	2.123742e+26	2.00264e+26	1.21102e+25	7.195614e+25	5.367682e+24	2.104644e+25	1.542889e+25	1.454909e+25	8.798009e+23	5.227583e+24	3.899598e+23	0.01852854	2.104644e+26	1.542889e+26	1.454909e+26	8.798009e+24	0	3.137834e+17	5.617542e+25	0	0	0	0	0	0	0	0	0	0	0	0	0	0	2.711276e+26	0	2.711276e+26	1.225645e+26	0	1.225645e+26	6.561536e+25	0	6.561536e+25	2.451291e+26	0	2.451291e+26	7.304351e+25	0	7.304351e+25	2.339868e+26	0	2.339868e+26	4.040705e+23	8.123439e-10	0.0009073304	5.321221e+12	5.362064e+07	320298.5	1.79788e-07	6.909693e-14	4.104459e-21	0.3676801	0.5	0.00655222	1	42.29643	5.259776	10569.8	1.117189e+26	1.827432e+28	5.151575e+27	6.741065e+25	3.118866e+27	1.203261e+27	5.325573e+26	2.294797e+26	0.2188657	0	0.0225279	0.03560219	0.03560219	0.001424136	0.02670164	0	0	0	0	1.280678e-20	0	1.280678e-20	0	-328.877	0	-328.877	0	30149.85	77194.93	1388.487	8447.673	0.006389748	1	5.056839	0.4520689	1	2	0.01231714	0.03752692	
9996	909.0505	3.45e+19	0	0	100000	2	1e-05	2.905117e+26	2.128707e+26	2.00741e+26	1.212973e+25	7.222061e+25	5.420392e+24	2.110555e+25	1.546497e+25	1.458375e+25	8.812196e+23	5.246796e+24	3.937891e+23	0.01865808	2.110555e+26	1.546497e+26	1.458375e+26	8.812196e+24	0	3.137834e+17	5.640585e+25	0	0	0	0	0	0	0	0	0	0	0	0	0	0	2.718892e+26	0	2.718892e+26	1.229088e+26	0	1.229088e+26	6.579967e+25	0	6.579967e+25	2.458176e+26	0	2.458176e+26	7.324869e+25	0	7.324869e+25	2.346441e+26	0	2.346441e+26	4.037926e+23	8.129656e-10	0.0009087899	5.302494e+12	5.400803e+07	322584.7	1.802197e-07	6.942914e-14	4.134095e-21	0.3681476	0.5	0.006576304	1	42.41524	5.27455	10569.8	1.117189e+26	1.827432e+28	5.151575e+27	6.741065e+25	3.118866e+27	1.203261e+27	5.325573e+26	2.294797e+26	0.2188657	0	0.02251594	0.03560219	0.03560219	0.001424136	0.02670164	0	0	0	0	1.280678e-20	0	1.280678e-20	0	-328.877	0	-328.877	0	30149.85	77194.93	1392.508	8447.673	0.006389748	1	5.057107	0.4520689	1	2	0.01236767	0.03763234	
10024	909.0505	3.45e+19	0	0	100000	2	1e-05	2.913255e+26	2.133669e+26	2.012177e+26	1.214922e+25	7.248511e+25	5.473463e+24	2.116467e+25	1.550102e+25	1.461838e+25	8.826359e+23	5.266012e+24	3.976447e+23	0.01878813	2.116467e+26	1.550102e+26	1.461838e+26	8.826359e+24	0	3.137834e+17	5.663657e+25	0	0	0	0	0	0	0	0	0	0	0	0	0	0	2.726508e+26	0	2.726508e+26	1.232531e+26	0	1.232531e+26	6.598398e+25	0	6.598398e+25	2.465062e+26	0	2.465062e+26	7.345387e+25	0	7.345387e+25	2.353014e+26	0	2.353014e+26	4.035157e+23	8.135858e-10	0.0009102468	5.283852e+12	5.439731e+07	324881.2	1.806514e-07	6.976218e-14	4.163876e-21	0.368613	0.5	0.006600391	1	42.53405	5.289325	10569.8	1.117189e+26	1.827432e+28	5.151575e+27	6.741065e+25	3.118866e+27	1.203261e+27	5.325573e+26	2.294797e+26	0.2188657	0	0.02250402	0.03560219	0.03560219	0.001424136	0.02670164	0	0	0	0	1.280678e-20	0	1.280678e-20	0	-328.877	0	-328.877	0	30149.85	77194.93	1396.529	8447.673	0.006389748	1	5.057373	0.4520689	1	2	0.01241826	0.03773775	
10052	909.0505	3.45e+19	0	0	100000	2	1e-05	2.921393e+26	2.138627e+26	2.01694e+26	1.216868e+25	7.274964e+25	5.526895e+24	2.122379e+25	1.553704e+25	1.465299e+25	8.840497e+23	5.28523e+24	4.015265e+23	0.0189187	2.122379e+26	1.553704e+26	1.465299e+26	8.840497e+24	0	3.137834e+17	5.686757e+25	0	0	0	0	0	0	0	0	0	0	0	0	0	0	2.734124e+26	0	2.734124e+26	1.235974e+26	0	1.235974e+26	6.61683e+25	0	6.61683e+25	2.471948e+26	0	2.471948e+26	7.365905e+25	0	7.365905e+25	2.359586e+26	0	2.359586e+26	4.032398e+23	8.142045e-10	0.000911701	5.265295e+12	5.478848e+07	327188.3	1.810831e-07	7.009603e-14	4.193802e-21	0.3690763	0.5	0.006624481	1	42.65286	5.3041	10569.8	1.117189e+26	1.827432e+28	5.151575e+27	6.741065e+25	3.118866e+27	1.203261e+27	5.325573e+26	2.294797e+26	0.2188657	0	0.02249216	0.03560219	0.03560219	0.001424136	0.02670164	0	0	0	0	1.280678e-20	0	1.280678e-20	0	-328.877	0	-328.877	0	30149.85	77194.93	1400.551	8447.673	0.006389749	1	5.05764	0.4520689	1	2	0.01246891	0.03784316	
10080	909.0505	3.45e+19	0	0	100000	2	1e-05	2.92953e+26	2.143581e+26	2.0217e+26	1.218811e+25	7.301421e+25	5.580687e+24	2.128291e+25	1.557303e+25	1.468757e+25	8.85461e+23	5.304451e+24	4.054346e+23	0.01904977	2.128291e+26	1.557303e+26	1.468757e+26	8.85461e+24	0	3.137834e+17	5.709885e+25	0	0	0	0	0	0	0	0	0	0	0	0	0	0	2.74174e+26	0	2.74174e+26	1.239417e+26	0	1.239417e+26	6.635261e+25	0	6.635261e+25	2.478833e+26	0	2.478833e+26	7.386422e+25	0	7.386422e+25	2.366159e+26	0	2.366159e+26	4.029648e+23	8.148217e-10	0.0009131527	5.246822e+12	5.518156e+07	329505.9	1.815149e-07	7.043071e-14	4.223873e-21	0.3695374	0.5	0.006648573	1	42.77167	5.318874	10569.8	1.117189e+26	1.827432e+28	5.151575e+27	6.741065e+25	3.118866e+27	1.203261e+27	5.325573e+26	2.294797e+26	0.2188657	0	0.02248035	0.03560219	0.03560219	0.001424136	0.02670164	0	0	0	0	1.280678e-20	0	1.280678e-20	0	-328.877	0	-328.877	0	30149.85	77194.93	1404.573	8447.673	0.006389748	1	5.057905	0.4520689	1	2	0.01251962	0.03794857	
10108	909.0505	3.45e+19	0	0	100000	2	1e-05	2.937668e+26	2.148531e+26	2.026456e+26	1.22075e+25	7.32788e+25	5.634841e+24	2.134203e+25	1.560899e+25	1.472212e+25	8.868698e+23	5.323673e+24	4.093688e+23	0.01918134	2.134203e+26	1.560899e+26	1.472212e+26	8.868698e+24	0	3.137834e+17	5.733042e+25	0	0	0	0	0	0	0	0	0	0	0	0	0	0	2.749356e+26	0	2.749356e+26	1.242859e+26	0	1.242859e+26	6.653692e+25	0	6.653692e+25	2.485719e+26	0	2.485719e+26	7.40694e+25	0	7.40694e+25	2.372732e+26	0	2.372732e+26	4.026908e+23	8.154373e-10	0.0009146018	5.228434e+12	5.557654e+07	331833.9	1.819467e-07	7.076621e-14	4.25409e-21	0.3699965	0.5	0.006672669	1	42.89048	5.333649	10569.8	1.117189e+26	1.827432e+28	5.151575e+27	6.741065e+25	3.118866e+27	1.203261e+27	5.325573e+26	2.294797e+26	0.2188657	0	0.02246858	0.03560219	0.03560219	0.001424136	0.02670164	0	0	0	0	1.280678e-20	0	1.280678e-20	0	-328.877	0	-328.877	0	30149.85	77194.93	1408.596	8447.673	0.006389749	1	5.058171	0.4520689	1	2	0.01257039	0.03805399	
10136	909.0505	3.45e+19	0	0	100000	2	1e-05	2.945805e+26	2.153478e+26	2.031209e+26	1.222686e+25	7.354342e+25	5.689355e+24	2.140115e+25	1.564492e+25	1.475665e+25	8.882762e+23	5.342898e+24	4.133292e+23	0.01931341	2.140115e+26	1.564492e+26	1.475665e+26	8.882762e+24	0	3.137834e+17	5.756227e+25	0	0	0	0	0	0	0	0	0	0	0	0	0	0	2.756972e+26	0	2.756972e+26	1.246302e+26	0	1.246302e+26	6.672123e+25	0	6.672123e+25	2.492605e+26	0	2.492605e+26	7.427458e+25	0	7.427458e+25	2.379304e+26	0	2.379304e+26	4.024177e+23	8.160515e-10	0.0009160483	5.21013e+12	5.597344e+07	334172.5	1.823786e-07	7.110253e-14	4.284453e-21	0.3704534	0.5	0.006696766	1	43.00929	5.348423	10569.8	1.117189e+26	1.827432e+28	5.151575e+27	6.741065e+25	3.118866e+27	1.203261e+27	5.325573e+26	2.294797e+26	0.2188657	0	0.02245687	0.03560219	0.03560219	0.001424136	0.02670164	0	0	0	0	1.280678e-20	0	1.280678e-20	0	-328.877	0	-328.877	0	30149.85	77194.93	1412.619	8447.673	0.006389748	1	5.058436	0.4520689	1	2	0.01262123	0.0381594	
10164	909.0505	3.45e+19	0	0	100000	2	1e-05	2.953943e+26	2.15842e+26	2.035958e+26	1.224618e+25	7.380807e+25	5.74423e+24	2.146027e+25	1.568083e+25	1.479115e+25	8.896801e+23	5.362124e+24	4.173159e+23	0.01944598	2.146027e+26	1.568083e+26	1.479115e+26	8.896801e+24	0	3.137834e+17	5.77944e+25	0	0	0	0	0	0	0	0	0	0	0	0	0	0	2.764588e+26	0	2.764588e+26	1.249745e+26	0	1.249745e+26	6.690555e+25	0	6.690555e+25	2.49949e+26	0	2.49949e+26	7.447976e+25	0	7.447976e+25	2.385877e+26	0	2.385877e+26	4.021455e+23	8.166642e-10	0.0009174922	5.191908e+12	5.637225e+07	336521.6	1.828105e-07	7.143968e-14	4.314962e-21	0.3709083	0.5	0.006720867	1	43.1281	5.363198	10569.8	1.117189e+26	1.827432e+28	5.151575e+27	6.741065e+25	3.118866e+27	1.203261e+27	5.325573e+26	2.294797e+26	0.2188657	0	0.02244521	0.03560219	0.03560219	0.001424136	0.02670164	0	0	0	0	1.280678e-20	0	1.280678e-20	0	-328.877	0	-328.877	0	30149.85	77194.93	1416.643	8447.673	0.006389749	1	5.0587	0.4520689	1	2	0.01267213	0.03826481	
10192	909.0505	3.45e+19	0	0	100000	2	1e-05	2.962081e+26	2.163358e+26	2.040704e+26	1.226547e+25	7.407274e+25	5.799466e+24	2.151939e+25	1.571671e+25	1.482563e+25	8.910815e+23	5.381353e+24	4.213287e+23	0.01957903	2.151939e+26	1.571671e+26	1.482563e+26	8.910815e+24	0	3.137834e+17	5.802682e+25	0	0	0	0	0	0	0	0	0	0	0	0	0	0	2.772204e+26	0	2.772204e+26	1.253188e+26	0	1.253188e+26	6.708986e+25	0	6.708986e+25	2.506376e+26	0	2.506376e+26	7.468494e+25	0	7.468494e+25	2.39245e+26	0	2.39245e+26	4.018743e+23	8.172754e-10	0.0009189336	5.17377e+12	5.677298e+07	338881.3	1.832424e-07	7.177765e-14	4.345619e-21	0.3713611	0.5	0.00674497	1	43.24691	5.377973	10569.8	1.117189e+26	1.827432e+28	5.151575e+27	6.741065e+25	3.118866e+27	1.203261e+27	5.325573e+26	2.294797e+26	0.2188657	0	0.02243359	0.03560219	0.03560219	0.001424136	0.02670164	0	0	0	0	1.280678e-20	0	1.280678e-20	0	-328.877	0	-328.877	0	30149.85	77194.93	1420.667	8447.673	0.006389749	1	5.058964	0.4520689	1	2	0.01272308	0.03837022	
10220	909.0505	3.45e+19	0	0	100000	2	1e-05	2.970218e+26	2.168293e+26	2.045446e+26	1.228473e+25	7.433745e+25	5.855062e+24	2.157851e+25	1.575256e+25	1.486008e+25	8.924805e+23	5.400584e+24	4.253677e+23	0.01971256	2.157851e+26	1.575256e+26	1.486008e+26	8.924805e+24	0	3.137834e+17	5.825951e+25	0	0	0	0	0	0	0	0	0	0	0	0	0	0	2.77982e+26	0	2.77982e+26	1.256631e+26	0	1.256631e+26	6.727417e+25	0	6.727417e+25	2.513262e+26	0	2.513262e+26	7.489012e+25	0	7.489012e+25	2.399022e+26	0	2.399022e+26	4.01604e+23	8.178851e-10	0.0009203724	5.155714e+12	5.717564e+07	341251.6	1.836743e-07	7.211644e-14	4.376422e-21	0.3718118	0.5	0.006769075	1	43.36572	5.392747	10569.8	1.117189e+26	1.827432e+28	5.151575e+27	6.741065e+25	3.118866e+27	1.203261e+27	5.325573e+26	2.294797e+26	0.2188657	0	0.02242202	0.03560219	0.03560219	0.001424136	0.02670164	0	0	0	0	1.280678e-20	0	1.280678e-20	0	-328.877	0	-328.877	0	30149.85	77194.93	1424.691	8447.673	0.006389748	1	5.059228	0.4520689	1	2	0.01277411	0.03847564	
10248	909.0505	3.45e+19	0	0	100000	2	1e-05	2.978356e+26	2.173224e+26	2.050184e+26	1.230396e+25	7.460218e+25	5.911018e+24	2.163763e+25	1.578838e+25	1.48945e+25	8.938771e+23	5.419816e+24	4.294329e+23	0.01984658	2.163763e+26	1.578838e+26	1.48945e+26	8.938771e+24	0	3.137834e+17	5.849249e+25	0	0	0	0	0	0	0	0	0	0	0	0	0	0	2.787436e+26	0	2.787436e+26	1.260074e+26	0	1.260074e+26	6.745848e+25	0	6.745848e+25	2.520147e+26	0	2.520147e+26	7.509529e+25	0	7.509529e+25	2.405595e+26	0	2.405595e+26	4.013347e+23	8.184934e-10	0.0009218087	5.137741e+12	5.758023e+07	343632.5	1.841063e-07	7.245606e-14	4.407373e-21	0.3722605	0.5	0.006793182	1	43.48453	5.407522	10569.8	1.117189e+26	1.827432e+28	5.151575e+27	6.741065e+25	3.118866e+27	1.203261e+27	5.325573e+26	2.294797e+26	0.2188657	0	0.0224105	0.03560219	0.03560219	0.001424136	0.02670164	0	0	0	0	1.280678e-20	0	1.280678e-20	0	-328.877	0	-328.877	0	30149.85	77194.93	1428.716	8447.673	0.006389749	1	5.059491	0.4520689	1	2	0.01282519	0.03858105	
10276	909.0505	3.45e+19	0	0	100000	2	1e-05	2.986493e+26	2.178151e+26	2.054919e+26	1.232315e+25	7.486693e+25	5.967334e+24	2.169675e+25	1.582417e+25	1.49289e+25	8.952712e+23	5.439051e+24	4.335243e+23	0.01998107	2.169675e+26	1.582417e+26	1.49289e+26	8.952712e+24	0	3.137834e+17	5.872575e+25	0	0	0	0	0	0	0	0	0	0	0	0	0	0	2.795051e+26	0	2.795051e+26	1.263516e+26	0	1.263516e+26	6.76428e+25	0	6.76428e+25	2.527033e+26	0	2.527033e+26	7.530047e+25	0	7.530047e+25	2.412168e+26	0	2.412168e+26	4.010662e+23	8.191002e-10	0.0009232424	5.119849e+12	5.798676e+07	346024	1.845383e-07	7.279651e-14	4.438473e-21	0.3727071	0.5	0.006817292	1	43.60334	5.422297	10569.8	1.117189e+26	1.827432e+28	5.151575e+27	6.741065e+25	3.118866e+27	1.203261e+27	5.325573e+26	2.294797e+26	0.2188657	0	0.02239903	0.03560219	0.03560219	0.001424136	0.02670164	0	0	0	0	1.280678e-20	0	1.280678e-20	0	-328.877	0	-328.877	0	30149.85	77194.93	1432.742	8447.673	0.006389748	1	5.059754	0.4520689	1	2	0.01287633	0.03868646	
10304	909.0505	3.45e+19	0	0	100000	2	1e-05	2.994631e+26	2.183074e+26	2.059651e+26	1.23423e+25	7.513171e+25	6.02401e+24	2.175587e+25	1.585994e+25	1.496327e+25	8.96663e+23	5.458287e+24	4.376418e+23	0.02011604	2.175587e+26	1.585994e+26	1.496327e+26	8.96663e+24	0	3.137834e+17	5.895929e+25	0	0	0	0	0	0	0	0	0	0	0	0	0	0	2.802667e+26	0	2.802667e+26	1.266959e+26	0	1.266959e+26	6.782711e+25	0	6.782711e+25	2.533918e+26	0	2.533918e+26	7.550565e+25	0	7.550565e+25	2.41874e+26	0	2.41874e+26	4.007987e+23	8.197055e-10	0.0009246736	5.102038e+12	5.839524e+07	348426.1	1.849704e-07	7.313778e-14	4.469721e-21	0.3731517	0.5	0.006841405	1	43.72215	5.437071	10569.8	1.117189e+26	1.827432e+28	5.151575e+27	6.741065e+25	3.118866e+27	1.203261e+27	5.325573e+26	2.294797e+26	0.2188657	0	0.02238761	0.03560219	0.03560219	0.001424136	0.02670164	0	0	0	0	1.280678e-20	0	1.280678e-20	0	-328.877	0	-328.877	0	30149.85	77194.93	1436.768	8447.673	0.006389748	1	5.060016	0.4520688	1	2	0.01292754	0.03879188	
10332	909.0505	3.45e+19	0	0	100000	2	1e-05	3.002768e+26	2.187993e+26	2.064379e+26	1.236143e+25	7.539652e+25	6.081046e+24	2.181498e+25	1.589567e+25	1.499762e+25	8.980523e+23	5.477525e+24	4.417854e+23	0.02025146	2.181498e+26	1.589567e+26	1.499762e+26	8.980523e+24	0	3.137834e+17	5.91931e+25	0	0	0	0	0	0	0	0	0	0	0	0	0	0	2.810283e+26	0	2.810283e+26	1.270402e+26	0	1.270402e+26	6.801142e+25	0	6.801142e+25	2.540804e+26	0	2.540804e+26	7.571083e+25	0	7.571083e+25	2.425313e+26	0	2.425313e+26	4.005321e+23	8.203094e-10	0.0009261024	5.084307e+12	5.880566e+07	350838.8	1.854025e-07	7.347987e-14	4.501117e-21	0.3735943	0.5	0.006865519	1	43.84096	5.451846	10569.8	1.117189e+26	1.827432e+28	5.151575e+27	6.741065e+25	3.118866e+27	1.203261e+27	5.325573e+26	2.294797e+26	0.2188657	0	0.02237623	0.03560219	0.03560219	0.001424136	0.02670164	0	0	0	0	1.280678e-20	0	1.280678e-20	0	-328.877	0	-328.877	0	30149.85	77194.93	1440.794	8447.673	0.006389748	1	5.060278	0.4520688	1	2	0.01297881	0.03889729	
10360	909.0505	3.45e+19	0	0	100000	2	1e-05	3.010906e+26	2.192908e+26	2.069103e+26	1.238052e+25	7.566135e+25	6.138441e+24	2.18741e+25	1.593138e+25	1.503194e+25	8.994392e+23	5.496765e+24	4.459552e+23	0.02038736	2.18741e+26	1.593138e+26	1.503194e+26	8.994392e+24	0	3.137834e+17	5.94272e+25	0	0	0	0	0	0	0	0	0	0	0	0	0	0	2.817899e+26	0	2.817899e+26	1.273845e+26	0	1.273845e+26	6.819574e+25	0	6.819574e+25	2.54769e+26	0	2.54769e+26	7.591601e+25	0	7.591601e+25	2.431886e+26	0	2.431886e+26	4.002664e+23	8.209118e-10	0.0009275286	5.066658e+12	5.921803e+07	353262.3	1.858346e-07	7.382279e-14	4.532663e-21	0.3740348	0.5	0.006889636	1	43.95977	5.466621	10569.8	1.117189e+26	1.827432e+28	5.151575e+27	6.741065e+25	3.118866e+27	1.203261e+27	5.325573e+26	2.294797e+26	0.2188657	0	0.0223649	0.03560219	0.03560219	0.001424136	0.02670164	0	0	0	0	1.280678e-20	0	1.280678e-20	0	-328.877	0	-328.877	0	30149.85	77194.93	1444.821	8447.673	0.006389749	1	5.060539	0.4520688	1	2	0.01303014	0.0390027	
10388	909.0505	3.45e+19	0	0	100000	2	1e-05	3.019044e+26	2.19782e+26	2.073824e+26	1.239957e+25	7.592621e+25	6.196196e+24	2.193322e+25	1.596707e+25	1.506624e+25	9.008237e+23	5.516006e+24	4.50151e+23	0.02052371	2.193322e+26	1.596707e+26	1.506624e+26	9.008237e+24	0	3.137834e+17	5.966157e+25	0	0	0	0	0	0	0	0	0	0	0	0	0	0	2.825515e+26	0	2.825515e+26	1.277288e+26	0	1.277288e+26	6.838005e+25	0	6.838005e+25	2.554575e+26	0	2.554575e+26	7.612119e+25	0	7.612119e+25	2.438458e+26	0	2.438458e+26	4.000016e+23	8.215129e-10	0.0009289523	5.049088e+12	5.963237e+07	355696.4	1.862667e-07	7.416654e-14	4.564359e-21	0.3744734	0.5	0.006913755	1	44.07858	5.481395	10569.8	1.117189e+26	1.827432e+28	5.151575e+27	6.741065e+25	3.118866e+27	1.203261e+27	5.325573e+26	2.294797e+26	0.2188657	0	0.02235361	0.03560219	0.03560219	0.001424136	0.02670164	0	0	0	0	1.280678e-20	0	1.280678e-20	0	-328.877	0	-328.877	0	30149.85	77194.93	1448.849	8447.673	0.006389749	1	5.060801	0.4520688	1	2	0.01308153	0.03910811	
10416	909.0505	3.45e+19	0	0	100000	2	1e-05	3.027181e+26	2.202727e+26	2.078541e+26	1.24186e+25	7.619108e+25	6.25431e+24	2.199234e+25	1.600272e+25	1.510051e+25	9.022059e+23	5.53525e+24	4.543729e+23	0.02066051	2.199234e+26	1.600272e+26	1.510051e+26	9.022059e+24	0	3.137834e+17	5.989623e+25	0	0	0	0	0	0	0	0	0	0	0	0	0	0	2.833131e+26	0	2.833131e+26	1.280731e+26	0	1.280731e+26	6.856436e+25	0	6.856436e+25	2.561461e+26	0	2.561461e+26	7.632636e+25	0	7.632636e+25	2.445031e+26	0	2.445031e+26	3.997377e+23	8.221124e-10	0.0009303735	5.031597e+12	6.004867e+07	358141.2	1.866989e-07	7.451112e-14	4.596205e-21	0.37491	0.5	0.006937876	1	44.19739	5.49617	10569.8	1.117189e+26	1.827432e+28	5.151575e+27	6.741065e+25	3.118866e+27	1.203261e+27	5.325573e+26	2.294797e+26	0.2188657	0	0.02234237	0.03560219	0.03560219	0.001424136	0.02670164	0	0	0	0	1.280678e-20	0	1.280678e-20	0	-328.877	0	-328.877	0	30149.85	77194.93	1452.877	8447.673	0.006389748	1	5.061061	0.4520688	1	2	0.01313298	0.03921353	
10444	909.0505	3.45e+19	0	0	100000	2	1e-05	3.035319e+26	2.207631e+26	2.083255e+26	1.243759e+25	7.645599e+25	6.312783e+24	2.205146e+25	1.603835e+25	1.513476e+25	9.035857e+23	5.554495e+24	4.58621e+23	0.02079776	2.205146e+26	1.603835e+26	1.513476e+26	9.035857e+24	0	3.137834e+17	6.013116e+25	0	0	0	0	0	0	0	0	0	0	0	0	0	0	2.840747e+26	0	2.840747e+26	1.284173e+26	0	1.284173e+26	6.874867e+25	0	6.874867e+25	2.568347e+26	0	2.568347e+26	7.653154e+25	0	7.653154e+25	2.451604e+26	0	2.451604e+26	3.994746e+23	8.227106e-10	0.0009317923	5.014186e+12	6.046693e+07	360596.8	1.871312e-07	7.485653e-14	4.628202e-21	0.3753445	0.5	0.006961999	1	44.3162	5.510945	10569.8	1.117189e+26	1.827432e+28	5.151575e+27	6.741065e+25	3.118866e+27	1.203261e+27	5.325573e+26	2.294797e+26	0.2188657	0	0.02233117	0.03560219	0.03560219	0.001424136	0.02670164	0	0	0	0	1.280678e-20	0	1.280678e-20	0	-328.877	0	-328.877	0	30149.85	77194.93	1456.905	8447.673	0.006389748	1	5.061321	0.4520688	1	2	0.01318449	0.03931894	
10472	909.0505	3.45e+19	0	0	100000	2	1e-05	3.043456e+26	2.212531e+26	2.087966e+26	1.245655e+25	7.672091e+25	6.371614e+24	2.211058e+25	1.607394e+25	1.516898e+25	9.049631e+23	5.573741e+24	4.62895e+23	0.02093545	2.211058e+26	1.607394e+26	1.516898e+26	9.049631e+24	0	3.137834e+17	6.036636e+25	0	0	0	0	0	0	0	0	0	0	0	0	0	0	2.848363e+26	0	2.848363e+26	1.287616e+26	0	1.287616e+26	6.893299e+25	0	6.893299e+25	2.575232e+26	0	2.575232e+26	7.673672e+25	0	7.673672e+25	2.458176e+26	0	2.458176e+26	3.992125e+23	8.233074e-10	0.0009332086	4.996853e+12	6.088718e+07	363063	1.875634e-07	7.520276e-14	4.660349e-21	0.3757772	0.5	0.006986124	1	44.43501	5.525719	10569.8	1.117189e+26	1.827432e+28	5.151575e+27	6.741065e+25	3.118866e+27	1.203261e+27	5.325573e+26	2.294797e+26	0.2188657	0	0.02232002	0.03560219	0.03560219	0.001424136	0.02670164	0	0	0	0	1.280678e-20	0	1.280678e-20	0	-328.877	0	-328.877	0	30149.85	77194.93	1460.934	8447.673	0.006389749	1	5.061581	0.4520688	1	2	0.01323606	0.03942435	
10500	909.0505	3.45e+19	0	0	100000	2	1e-05	3.051594e+26	2.217427e+26	2.092673e+26	1.247548e+25	7.698586e+25	6.430804e+24	2.21697e+25	1.610952e+25	1.520318e+25	9.063382e+23	5.59299e+24	4.671951e+23	0.02107359	2.21697e+26	1.610952e+26	1.520318e+26	9.063382e+24	0	3.137834e+17	6.060185e+25	0	0	0	0	0	0	0	0	0	0	0	0	0	0	2.855979e+26	0	2.855979e+26	1.291059e+26	0	1.291059e+26	6.91173e+25	0	6.91173e+25	2.582118e+26	0	2.582118e+26	7.69419e+25	0	7.69419e+25	2.464749e+26	0	2.464749e+26	3.989512e+23	8.239027e-10	0.0009346224	4.979599e+12	6.130941e+07	365540.1	1.879957e-07	7.554983e-14	4.692648e-21	0.3762078	0.5	0.007010251	1	44.55382	5.540494	10569.8	1.117189e+26	1.827432e+28	5.151575e+27	6.741065e+25	3.118866e+27	1.203261e+27	5.325573e+26	2.294797e+26	0.2188657	0	0.02230891	0.03560219	0.03560219	0.001424136	0.02670164	0	0	0	0	1.280678e-20	0	1.280678e-20	0	-328.877	0	-328.877	0	30149.85	77194.93	1464.963	8447.673	0.006389748	1	5.061841	0.4520688	1	2	0.01328769	0.03952976	
10528	909.0505	3.45e+19	0	0	100000	2	1e-05	3.059732e+26	2.22232e+26	2.097376e+26	1.249437e+25	7.725083e+25	6.490351e+24	2.222882e+25	1.614506e+25	1.523735e+25	9.077109e+23	5.612239e+24	4.715212e+23	0.02121216	2.222882e+26	1.614506e+26	1.523735e+26	9.077109e+24	0	3.137834e+17	6.083761e+25	0	0	0	0	0	0	0	0	0	0	0	0	0	0	2.863595e+26	0	2.863595e+26	1.294502e+26	0	1.294502e+26	6.930161e+25	0	6.930161e+25	2.589004e+26	0	2.589004e+26	7.714708e+25	0	7.714708e+25	2.471322e+26	0	2.471322e+26	3.986908e+23	8.244967e-10	0.0009360338	4.962423e+12	6.173362e+07	368027.9	1.884281e-07	7.589772e-14	4.725098e-21	0.3766366	0.5	0.00703438	1	44.67263	5.555269	10569.8	1.117189e+26	1.827432e+28	5.151575e+27	6.741065e+25	3.118866e+27	1.203261e+27	5.325573e+26	2.294797e+26	0.2188657	0	0.02229784	0.03560219	0.03560219	0.001424136	0.02670164	0	0	0	0	1.280678e-20	0	1.280678e-20	0	-328.877	0	-328.877	0	30149.85	77194.93	1468.993	8447.673	0.006389748	1	5.0621	0.4520688	1	2	0.01333938	0.03963518	
10556	909.0505	3.45e+19	0	0	100000	2	1e-05	3.067869e+26	2.227208e+26	2.102076e+26	1.251324e+25	7.751582e+25	6.550257e+24	2.228794e+25	1.618057e+25	1.527149e+25	9.090813e+23	5.631491e+24	4.758733e+23	0.02135116	2.228794e+26	1.618057e+26	1.527149e+26	9.090813e+24	0	3.137834e+17	6.107364e+25	0	0	0	0	0	0	0	0	0	0	0	0	0	0	2.871211e+26	0	2.871211e+26	1.297945e+26	0	1.297945e+26	6.948593e+25	0	6.948593e+25	2.595889e+26	0	2.595889e+26	7.735226e+25	0	7.735226e+25	2.477894e+26	0	2.477894e+26	3.984312e+23	8.250892e-10	0.0009374427	4.945324e+12	6.215982e+07	370526.4	1.888605e-07	7.624645e-14	4.757701e-21	0.3770633	0.5	0.007058511	1	44.79144	5.570043	10569.8	1.117189e+26	1.827432e+28	5.151575e+27	6.741065e+25	3.118866e+27	1.203261e+27	5.325573e+26	2.294797e+26	0.2188657	0	0.02228681	0.03560219	0.03560219	0.001424136	0.02670164	0	0	0	0	1.280678e-20	0	1.280678e-20	0	-328.877	0	-328.877	0	30149.85	77194.93	1473.023	8447.673	0.006389748	1	5.062358	0.4520688	1	2	0.01339114	0.03974059	
10584	909.0505	3.45e+19	0	0	100000	2	1e-05	3.076007e+26	2.232093e+26	2.106773e+26	1.253207e+25	7.778083e+25	6.61052e+24	2.234706e+25	1.621606e+25	1.530561e+25	9.104493e+23	5.650744e+24	4.802514e+23	0.02149059	2.234706e+26	1.621606e+26	1.530561e+26	9.104493e+24	0	3.137834e+17	6.130995e+25	0	0	0	0	0	0	0	0	0	0	0	0	0	0	2.878827e+26	0	2.878827e+26	1.301387e+26	0	1.301387e+26	6.967024e+25	0	6.967024e+25	2.602775e+26	0	2.602775e+26	7.755744e+25	0	7.755744e+25	2.484467e+26	0	2.484467e+26	3.981726e+23	8.256804e-10	0.0009388492	4.928302e+12	6.258802e+07	373035.8	1.892929e-07	7.6596e-14	4.790457e-21	0.3774882	0.5	0.007082644	1	44.91025	5.584818	10569.8	1.117189e+26	1.827432e+28	5.151575e+27	6.741065e+25	3.118866e+27	1.203261e+27	5.325573e+26	2.294797e+26	0.2188657	0	0.02227583	0.03560219	0.03560219	0.001424136	0.02670164	0	0	0	0	1.280678e-20	0	1.280678e-20	0	-328.877	0	-328.877	0	30149.85	77194.93	1477.054	8447.673	0.006389748	1	5.062616	0.4520688	1	2	0.01344295	0.039846	
10612	909.0505	3.45e+19	0	0	100000	2	1e-05	3.084144e+26	2.236974e+26	2.111466e+26	1.255087e+25	7.804586e+25	6.67114e+24	2.240618e+25	1.625152e+25	1.533971e+25	9.11815e+23	5.669998e+24	4.846554e+23	0.02163044	2.240618e+26	1.625152e+26	1.533971e+26	9.11815e+24	0	3.137834e+17	6.154654e+25	0	0	0	0	0	0	0	0	0	0	0	0	0	0	2.886443e+26	0	2.886443e+26	1.30483e+26	0	1.30483e+26	6.985455e+25	0	6.985455e+25	2.609661e+26	0	2.609661e+26	7.776261e+25	0	7.776261e+25	2.49104e+26	0	2.49104e+26	3.979147e+23	8.262702e-10	0.0009402533	4.911356e+12	6.301823e+07	375556.1	1.897254e-07	7.694639e-14	4.823365e-21	0.3779111	0.5	0.007106779	1	45.02906	5.599593	10569.8	1.117189e+26	1.827432e+28	5.151575e+27	6.741065e+25	3.118866e+27	1.203261e+27	5.325573e+26	2.294797e+26	0.2188657	0	0.02226489	0.03560219	0.03560219	0.001424136	0.02670164	0	0	0	0	1.280678e-20	0	1.280678e-20	0	-328.877	0	-328.877	0	30149.85	77194.93	1481.085	8447.673	0.006389749	1	5.062874	0.4520688	1	2	0.01349483	0.03995142	
10640	909.0505	3.45e+19	0	0	100000	2	1e-05	3.092282e+26	2.241852e+26	2.116155e+26	1.256963e+25	7.831091e+25	6.732116e+24	2.24653e+25	1.628696e+25	1.537378e+25	9.131784e+23	5.689254e+24	4.890854e+23	0.02177071	2.24653e+26	1.628696e+26	1.537378e+26	9.131784e+24	0	3.137834e+17	6.17834e+25	0	0	0	0	0	0	0	0	0	0	0	0	0	0	2.894059e+26	0	2.894059e+26	1.308273e+26	0	1.308273e+26	7.003886e+25	0	7.003886e+25	2.616546e+26	0	2.616546e+26	7.796779e+25	0	7.796779e+25	2.497612e+26	0	2.497612e+26	3.976578e+23	8.268586e-10	0.0009416549	4.894487e+12	6.345044e+07	378087.1	1.901579e-07	7.729761e-14	4.856427e-21	0.3783322	0.5	0.007130916	1	45.14787	5.614367	10569.8	1.117189e+26	1.827432e+28	5.151575e+27	6.741065e+25	3.118866e+27	1.203261e+27	5.325573e+26	2.294797e+26	0.2188657	0	0.02225399	0.03560219	0.03560219	0.001424136	0.02670164	0	0	0	0	1.280678e-20	0	1.280678e-20	0	-328.877	0	-328.877	0	30149.85	77194.93	1485.116	8447.673	0.006389748	1	5.063131	0.4520688	1	2	0.01354676	0.04005683	
10668	909.0505	3.45e+19	0	0	100000	2	1e-05	3.10042e+26	2.246725e+26	2.120841e+26	1.258837e+25	7.857598e+25	6.79345e+24	2.252442e+25	1.632236e+25	1.540782e+25	9.145395e+23	5.708512e+24	4.935412e+23	0.02191139	2.252442e+26	1.632236e+26	1.540782e+26	9.145395e+24	0	3.137834e+17	6.202053e+25	0	0	0	0	0	0	0	0	0	0	0	0	0	0	2.901675e+26	0	2.901675e+26	1.311716e+26	0	1.311716e+26	7.022318e+25	0	7.022318e+25	2.623432e+26	0	2.623432e+26	7.817297e+25	0	7.817297e+25	2.504185e+26	0	2.504185e+26	3.974017e+23	8.274456e-10	0.0009430542	4.877694e+12	6.388467e+07	380629.1	1.905904e-07	7.764967e-14	4.889643e-21	0.3787513	0.5	0.007155054	1	45.26668	5.629142	10569.8	1.117189e+26	1.827432e+28	5.151575e+27	6.741065e+25	3.118866e+27	1.203261e+27	5.325573e+26	2.294797e+26	0.2188657	0	0.02224314	0.03560219	0.03560219	0.001424136	0.02670164	0	0	0	0	1.280678e-20	0	1.280678e-20	0	-328.877	0	-328.877	0	30149.85	77194.93	1489.148	8447.673	0.006389749	1	5.063388	0.4520688	1	2	0.01359875	0.04016224	
10696	909.0505	3.45e+19	0	0	100000	2	1e-05	3.108557e+26	2.251595e+26	2.125524e+26	1.260707e+25	7.884108e+25	6.855139e+24	2.258353e+25	1.635774e+25	1.544184e+25	9.158983e+23	5.727771e+24	4.980229e+23	0.02205248	2.258353e+26	1.635774e+26	1.544184e+26	9.158983e+24	0	3.137834e+17	6.225793e+25	0	0	0	0	0	0	0	0	0	0	0	0	0	0	2.909291e+26	0	2.909291e+26	1.315159e+26	0	1.315159e+26	7.040749e+25	0	7.040749e+25	2.630318e+26	0	2.630318e+26	7.837815e+25	0	7.837815e+25	2.510758e+26	0	2.510758e+26	3.971464e+23	8.280313e-10	0.000944451	4.860976e+12	6.432091e+07	383181.9	1.91023e-07	7.800255e-14	4.923013e-21	0.3791685	0.5	0.007179194	1	45.38549	5.643916	10569.8	1.117189e+26	1.827432e+28	5.151575e+27	6.741065e+25	3.118866e+27	1.203261e+27	5.325573e+26	2.294797e+26	0.2188657	0	0.02223232	0.03560219	0.03560219	0.001424136	0.02670164	0	0	0	0	1.280678e-20	0	1.280678e-20	0	-328.877	0	-328.877	0	30149.85	77194.93	1493.181	8447.673	0.006389748	1	5.063645	0.4520688	1	2	0.01365081	0.04026765	
10724	909.0505	3.45e+19	0	0	100000	2	1e-05	3.116695e+26	2.256461e+26	2.130203e+26	1.262574e+25	7.910619e+25	6.917185e+24	2.264265e+25	1.639309e+25	1.547584e+25	9.172549e+23	5.747031e+24	5.025305e+23	0.02219398	2.264265e+26	1.639309e+26	1.547584e+26	9.172549e+24	0	3.137834e+17	6.249561e+25	0	0	0	0	0	0	0	0	0	0	0	0	0	0	2.916907e+26	0	2.916907e+26	1.318602e+26	0	1.318602e+26	7.05918e+25	0	7.05918e+25	2.637203e+26	0	2.637203e+26	7.858333e+25	0	7.858333e+25	2.51733e+26	0	2.51733e+26	3.968919e+23	8.286156e-10	0.0009458455	4.844333e+12	6.475918e+07	385745.6	1.914556e-07	7.835628e-14	4.956538e-21	0.3795839	0.5	0.007203336	1	45.5043	5.658691	10569.8	1.117189e+26	1.827432e+28	5.151575e+27	6.741065e+25	3.118866e+27	1.203261e+27	5.325573e+26	2.294797e+26	0.2188657	0	0.02222154	0.03560219	0.03560219	0.001424136	0.02670164	0	0	0	0	1.280678e-20	0	1.280678e-20	0	-328.877	0	-328.877	0	30149.85	77194.93	1497.213	8447.673	0.006389749	1	5.063901	0.4520688	1	2	0.01370292	0.04037307	
10752	909.0505	3.45e+19	0	0	100000	2	1e-05	3.124832e+26	2.261323e+26	2.134879e+26	1.264438e+25	7.937132e+25	6.979585e+24	2.270177e+25	1.642842e+25	1.550981e+25	9.186091e+23	5.766293e+24	5.070639e+23	0.02233587	2.270177e+26	1.642842e+26	1.550981e+26	9.186091e+24	0	3.137834e+17	6.273356e+25	0	0	0	0	0	0	0	0	0	0	0	0	0	0	2.924522e+26	0	2.924522e+26	1.322044e+26	0	1.322044e+26	7.077612e+25	0	7.077612e+25	2.644089e+26	0	2.644089e+26	7.878851e+25	0	7.878851e+25	2.523903e+26	0	2.523903e+26	3.966383e+23	8.291986e-10	0.0009472376	4.827765e+12	6.519949e+07	388320.2	1.918883e-07	7.871084e-14	4.990218e-21	0.3799974	0.5	0.00722748	1	45.62311	5.673466	10569.8	1.117189e+26	1.827432e+28	5.151575e+27	6.741065e+25	3.118866e+27	1.203261e+27	5.325573e+26	2.294797e+26	0.2188657	0	0.0222108	0.03560219	0.03560219	0.001424136	0.02670164	0	0	0	0	1.280678e-20	0	1.280678e-20	0	-328.877	0	-328.877	0	30149.85	77194.93	1501.247	8447.673	0.006389748	1	5.064156	0.4520688	1	2	0.0137551	0.04047848	
10780	909.0505	3.45e+19	0	0	100000	2	1e-05	3.13297e+26	2.266182e+26	2.139552e+26	1.266299e+25	7.963647e+25	7.042341e+24	2.276089e+25	1.646371e+25	1.554375e+25	9.19961e+23	5.785556e+24	5.116231e+23	0.02247816	2.276089e+26	1.646371e+26	1.554375e+26	9.19961e+24	0	3.137834e+17	6.297179e+25	0	0	0	0	0	0	0	0	0	0	0	0	0	0	2.932138e+26	0	2.932138e+26	1.325487e+26	0	1.325487e+26	7.096043e+25	0	7.096043e+25	2.650974e+26	0	2.650974e+26	7.899368e+25	0	7.899368e+25	2.530476e+26	0	2.530476e+26	3.963855e+23	8.297802e-10	0.0009486273	4.811271e+12	6.564183e+07	390905.7	1.92321e-07	7.906623e-14	5.024054e-21	0.3804091	0.5	0.007251626	1	45.74193	5.68824	10569.8	1.117189e+26	1.827432e+28	5.151575e+27	6.741065e+25	3.118866e+27	1.203261e+27	5.325573e+26	2.294797e+26	0.2188657	0	0.0222001	0.03560219	0.03560219	0.001424136	0.02670164	0	0	0	0	1.280678e-20	0	1.280678e-20	0	-328.877	0	-328.877	0	30149.85	77194.93	1505.281	8447.673	0.006389748	1	5.064412	0.4520688	1	2	0.01380733	0.04058389	
10808	909.0505	3.45e+19	0	0	100000	2	1e-05	3.141107e+26	2.271036e+26	2.144221e+26	1.268157e+25	7.990164e+25	7.105451e+24	2.282001e+25	1.649898e+25	1.557767e+25	9.213107e+23	5.80482e+24	5.16208e+23	0.02262085	2.282001e+26	1.649898e+26	1.557767e+26	9.213107e+24	0	3.137834e+17	6.321028e+25	0	0	0	0	0	0	0	0	0	0	0	0	0	0	2.939754e+26	0	2.939754e+26	1.32893e+26	0	1.32893e+26	7.114474e+25	0	7.114474e+25	2.65786e+26	0	2.65786e+26	7.919886e+25	0	7.919886e+25	2.537048e+26	0	2.537048e+26	3.961336e+23	8.303605e-10	0.0009500146	4.794851e+12	6.608621e+07	393502.2	1.927538e-07	7.942246e-14	5.058046e-21	0.3808189	0.5	0.007275773	1	45.86074	5.703015	10569.8	1.117189e+26	1.827432e+28	5.151575e+27	6.741065e+25	3.118866e+27	1.203261e+27	5.325573e+26	2.294797e+26	0.2188657	0	0.02218944	0.03560219	0.03560219	0.001424136	0.02670164	0	0	0	0	1.280678e-20	0	1.280678e-20	0	-328.877	0	-328.877	0	30149.85	77194.93	1509.315	8447.673	0.006389749	1	5.064667	0.4520688	1	2	0.01385962	0.0406893	
10836	909.0505	3.45e+19	0	0	100000	2	1e-05	3.149245e+26	2.275888e+26	2.148886e+26	1.270012e+25	8.016683e+25	7.168916e+24	2.287913e+25	1.653423e+25	1.561157e+25	9.226582e+23	5.824086e+24	5.208187e+23	0.02276392	2.287913e+26	1.653423e+26	1.561157e+26	9.226582e+24	0	3.137834e+17	6.344905e+25	0	0	0	0	0	0	0	0	0	0	0	0	0	0	2.94737e+26	0	2.94737e+26	1.332373e+26	0	1.332373e+26	7.132905e+25	0	7.132905e+25	2.664746e+26	0	2.664746e+26	7.940404e+25	0	7.940404e+25	2.543621e+26	0	2.543621e+26	3.958825e+23	8.309394e-10	0.0009513996	4.778504e+12	6.653264e+07	396109.7	1.931866e-07	7.977953e-14	5.092194e-21	0.3812268	0.5	0.007299922	1	45.97955	5.71779	10569.8	1.117189e+26	1.827432e+28	5.151575e+27	6.741065e+25	3.118866e+27	1.203261e+27	5.325573e+26	2.294797e+26	0.2188657	0	0.02217882	0.03560219	0.03560219	0.001424136	0.02670164	0	0	0	0	1.280678e-20	0	1.280678e-20	0	-328.877	0	-328.877	0	30149.85	77194.93	1513.35	8447.673	0.006389749	1	5.064921	0.4520687	1	2	0.01391197	0.04079472	
10864	909.0505	3.45e+19	0	0	100000	2	1e-05	3.157383e+26	2.280735e+26	2.153549e+26	1.271863e+25	8.043204e+25	7.232734e+24	2.293825e+25	1.656944e+25	1.564544e+25	9.240033e+23	5.843353e+24	5.254551e+23	0.02290737	2.293825e+26	1.656944e+26	1.564544e+26	9.240033e+24	0	3.137834e+17	6.368808e+25	0	0	0	0	0	0	0	0	0	0	0	0	0	0	2.954986e+26	0	2.954986e+26	1.335816e+26	0	1.335816e+26	7.151337e+25	0	7.151337e+25	2.671631e+26	0	2.671631e+26	7.960922e+25	0	7.960922e+25	2.550194e+26	0	2.550194e+26	3.956321e+23	8.315171e-10	0.0009527823	4.762231e+12	6.698112e+07	398728.2	1.936195e-07	8.013744e-14	5.1265e-21	0.381633	0.5	0.007324072	1	46.09836	5.732564	10569.8	1.117189e+26	1.827432e+28	5.151575e+27	6.741065e+25	3.118866e+27	1.203261e+27	5.325573e+26	2.294797e+26	0.2188657	0	0.02216823	0.03560219	0.03560219	0.001424136	0.02670164	0	0	0	0	1.280678e-20	0	1.280678e-20	0	-328.877	0	-328.877	0	30149.85	77194.93	1517.385	8447.673	0.006389748	1	5.065175	0.4520688	1	2	0.01396439	0.04090013	
10892	909.0505	3.45e+19	0	0	100000	2	1e-05	3.16552e+26	2.285578e+26	2.158207e+26	1.273712e+25	8.069726e+25	7.296906e+24	2.299737e+25	1.660463e+25	1.567928e+25	9.253463e+23	5.862622e+24	5.301171e+23	0.02305121	2.299737e+26	1.660463e+26	1.567928e+26	9.253463e+24	0	3.137834e+17	6.392739e+25	0	0	0	0	0	0	0	0	0	0	0	0	0	0	2.962602e+26	0	2.962602e+26	1.339259e+26	0	1.339259e+26	7.169768e+25	0	7.169768e+25	2.678517e+26	0	2.678517e+26	7.98144e+25	0	7.98144e+25	2.556766e+26	0	2.556766e+26	3.953826e+23	8.320934e-10	0.0009541626	4.74603e+12	6.743167e+07	401357.6	1.940524e-07	8.049618e-14	5.160962e-21	0.3820373	0.5	0.007348224	1	46.21717	5.747339	10569.8	1.117189e+26	1.827432e+28	5.151575e+27	6.741065e+25	3.118866e+27	1.203261e+27	5.325573e+26	2.294797e+26	0.2188657	0	0.02215769	0.03560219	0.03560219	0.001424136	0.02670164	0	0	0	0	1.280678e-20	0	1.280678e-20	0	-328.877	0	-328.877	0	30149.85	77194.93	1521.42	8447.673	0.006389748	1	5.065429	0.4520687	1	2	0.01401686	0.04100554	
10920	909.0505	3.45e+19	0	0	100000	2	1e-05	3.173658e+26	2.290418e+26	2.162863e+26	1.275557e+25	8.096251e+25	7.361431e+24	2.305649e+25	1.663979e+25	1.57131e+25	9.26687e+23	5.881891e+24	5.348048e+23	0.02319541	2.305649e+26	1.663979e+26	1.57131e+26	9.26687e+24	0	3.137834e+17	6.416696e+25	0	0	0	0	0	0	0	0	0	0	0	0	0	0	2.970218e+26	0	2.970218e+26	1.342701e+26	0	1.342701e+26	7.188199e+25	0	7.188199e+25	2.685403e+26	0	2.685403e+26	8.001958e+25	0	8.001958e+25	2.563339e+26	0	2.563339e+26	3.951339e+23	8.326684e-10	0.0009555405	4.729901e+12	6.788427e+07	403998.1	1.944853e-07	8.085577e-14	5.195583e-21	0.3824398	0.5	0.007372378	1	46.33598	5.762114	10569.8	1.117189e+26	1.827432e+28	5.151575e+27	6.741065e+25	3.118866e+27	1.203261e+27	5.325573e+26	2.294797e+26	0.2188657	0	0.02214717	0.03560219	0.03560219	0.001424136	0.02670164	0	0	0	0	1.280678e-20	0	1.280678e-20	0	-328.877	0	-328.877	0	30149.85	77194.93	1525.456	8447.673	0.006389748	1	5.065682	0.4520688	1	2	0.01406939	0.04111096	
10948	909.0505	3.45e+19	0	0	100000	2	1e-05	3.181795e+26	2.295255e+26	2.167515e+26	1.2774e+25	8.122777e+25	7.426308e+24	2.311561e+25	1.667493e+25	1.57469e+25	9.280255e+23	5.901163e+24	5.395181e+23	0.02333999	2.311561e+26	1.667493e+26	1.57469e+26	9.280255e+24	0	3.137834e+17	6.440681e+25	0	0	0	0	0	0	0	0	0	0	0	0	0	0	2.977834e+26	0	2.977834e+26	1.346144e+26	0	1.346144e+26	7.20663e+25	0	7.20663e+25	2.692288e+26	0	2.692288e+26	8.022475e+25	0	8.022475e+25	2.569912e+26	0	2.569912e+26	3.94886e+23	8.332421e-10	0.0009569162	4.713844e+12	6.833895e+07	406649.6	1.949183e-07	8.121619e-14	5.230361e-21	0.3828405	0.5	0.007396533	1	46.45479	5.776888	10569.8	1.117189e+26	1.827432e+28	5.151575e+27	6.741065e+25	3.118866e+27	1.203261e+27	5.325573e+26	2.294797e+26	0.2188657	0	0.0221367	0.03560219	0.03560219	0.001424136	0.02670164	0	0	0	0	1.280678e-20	0	1.280678e-20	0	-328.877	0	-328.877	0	30149.85	77194.93	1529.493	8447.673	0.006389748	1	5.065935	0.4520687	1	2	0.01412198	0.04121637	
10976	909.0505	3.45e+19	0	0	100000	2	1e-05	3.189933e+26	2.300087e+26	2.172163e+26	1.279239e+25	8.149305e+25	7.491537e+24	2.317473e+25	1.671003e+25	1.578067e+25	9.293617e+23	5.920435e+24	5.44257e+23	0.02348494	2.317473e+26	1.671003e+26	1.578067e+26	9.293617e+24	0	3.137834e+17	6.464692e+25	0	0	0	0	0	0	0	0	0	0	0	0	0	0	2.98545e+26	0	2.98545e+26	1.349587e+26	0	1.349587e+26	7.225062e+25	0	7.225062e+25	2.699174e+26	0	2.699174e+26	8.042993e+25	0	8.042993e+25	2.576484e+26	0	2.576484e+26	3.946389e+23	8.338144e-10	0.0009582895	4.697859e+12	6.879571e+07	409312.2	1.953513e-07	8.157746e-14	5.265299e-21	0.3832394	0.5	0.00742069	1	46.5736	5.791663	10569.8	1.117189e+26	1.827432e+28	5.151575e+27	6.741065e+25	3.118866e+27	1.203261e+27	5.325573e+26	2.294797e+26	0.2188657	0	0.02212626	0.03560219	0.03560219	0.001424136	0.02670164	0	0	0	0	1.280678e-20	0	1.280678e-20	0	-328.877	0	-328.877	0	30149.85	77194.93	1533.53	8447.673	0.006389748	1	5.066188	0.4520687	1	2	0.01417462	0.04132178	
11004	909.0505	3.45e+19	0	0	100000	2	1e-05	3.198071e+26	2.304916e+26	2.176808e+26	1.281075e+25	8.175834e+25	7.557118e+24	2.323385e+25	1.674512e+25	1.581442e+25	9.306957e+23	5.939709e+24	5.490214e+23	0.02363024	2.323385e+26	1.674512e+26	1.581442e+26	9.306957e+24	0	3.137834e+17	6.48873e+25	0	0	0	0	0	0	0	0	0	0	0	0	0	0	2.993066e+26	0	2.993066e+26	1.35303e+26	0	1.35303e+26	7.243493e+25	0	7.243493e+25	2.70606e+26	0	2.70606e+26	8.063511e+25	0	8.063511e+25	2.583057e+26	0	2.583057e+26	3.943926e+23	8.343855e-10	0.0009596605	4.681945e+12	6.925455e+07	411985.8	1.957844e-07	8.193957e-14	5.300395e-21	0.3836366	0.5	0.007444848	1	46.69241	5.806438	10569.8	1.117189e+26	1.827432e+28	5.151575e+27	6.741065e+25	3.118866e+27	1.203261e+27	5.325573e+26	2.294797e+26	0.2188657	0	0.02211585	0.03560219	0.03560219	0.001424136	0.02670164	0	0	0	0	1.280678e-20	0	1.280678e-20	0	-328.877	0	-328.877	0	30149.85	77194.93	1537.567	8447.673	0.006389748	1	5.06644	0.4520687	1	2	0.01422733	0.04142719	
11032	909.0505	3.45e+19	0	0	100000	2	1e-05	3.206208e+26	2.309741e+26	2.18145e+26	1.282909e+25	8.202365e+25	7.623051e+24	2.329296e+25	1.678017e+25	1.584814e+25	9.320276e+23	5.958983e+24	5.538114e+23	0.02377591	2.329296e+26	1.678017e+26	1.584814e+26	9.320276e+24	0	3.137834e+17	6.512795e+25	0	0	0	0	0	0	0	0	0	0	0	0	0	0	3.000682e+26	0	3.000682e+26	1.356473e+26	0	1.356473e+26	7.261924e+25	0	7.261924e+25	2.712945e+26	0	2.712945e+26	8.084029e+25	0	8.084029e+25	2.58963e+26	0	2.58963e+26	3.94147e+23	8.349553e-10	0.0009610292	4.666102e+12	6.971548e+07	414670.6	1.962176e-07	8.230252e-14	5.335652e-21	0.3840319	0.5	0.007469008	1	46.81122	5.821212	10569.8	1.117189e+26	1.827432e+28	5.151575e+27	6.741065e+25	3.118866e+27	1.203261e+27	5.325573e+26	2.294797e+26	0.2188657	0	0.02210549	0.03560219	0.03560219	0.001424136	0.02670164	0	0	0	0	1.280678e-20	0	1.280678e-20	0	-328.877	0	-328.877	0	30149.85	77194.93	1541.605	8447.673	0.006389748	1	5.066692	0.4520687	1	2	0.01428009	0.04153261	
11060	909.0505	3.45e+19	0	0	100000	2	1e-05	3.214346e+26	2.314562e+26	2.186089e+26	1.284739e+25	8.228899e+25	7.689333e+24	2.335208e+25	1.68152e+25	1.588184e+25	9.333572e+23	5.97826e+24	5.586268e+23	0.02392192	2.335208e+26	1.68152e+26	1.588184e+26	9.333572e+24	0	3.137834e+17	6.536886e+25	0	0	0	0	0	0	0	0	0	0	0	0	0	0	3.008298e+26	0	3.008298e+26	1.359915e+26	0	1.359915e+26	7.280356e+25	0	7.280356e+25	2.719831e+26	0	2.719831e+26	8.104547e+25	0	8.104547e+25	2.596202e+26	0	2.596202e+26	3.939023e+23	8.355238e-10	0.0009623957	4.650329e+12	7.01785e+07	417366.4	1.966507e-07	8.266632e-14	5.371068e-21	0.3844256	0.5	0.00749317	1	46.93003	5.835987	10569.8	1.117189e+26	1.827432e+28	5.151575e+27	6.741065e+25	3.118866e+27	1.203261e+27	5.325573e+26	2.294797e+26	0.2188657	0	0.02209515	0.03560219	0.03560219	0.001424136	0.02670164	0	0	0	0	1.280678e-20	0	1.280678e-20	0	-328.877	0	-328.877	0	30149.85	77194.93	1545.643	8447.673	0.006389748	1	5.066943	0.4520687	1	2	0.01433292	0.04163802	
11088	909.0505	3.45e+19	0	0	100000	2	1e-05	3.222483e+26	2.31938e+26	2.190724e+26	1.286566e+25	8.255433e+25	7.755966e+24	2.34112e+25	1.68502e+25	1.591551e+25	9.346847e+23	5.997537e+24	5.634676e+23	0.02406829	2.34112e+26	1.68502e+26	1.591551e+26	9.346847e+24	0	3.137834e+17	6.561005e+25	0	0	0	0	0	0	0	0	0	0	0	0	0	0	3.015914e+26	0	3.015914e+26	1.363358e+26	0	1.363358e+26	7.298787e+25	0	7.298787e+25	2.726717e+26	0	2.726717e+26	8.125065e+25	0	8.125065e+25	2.602775e+26	0	2.602775e+26	3.936583e+23	8.360911e-10	0.0009637598	4.634626e+12	7.064363e+07	420073.4	1.97084e-07	8.303096e-14	5.406645e-21	0.3848174	0.5	0.007517333	1	47.04884	5.850762	10569.8	1.117189e+26	1.827432e+28	5.151575e+27	6.741065e+25	3.118866e+27	1.203261e+27	5.325573e+26	2.294797e+26	0.2188657	0	0.02208485	0.03560219	0.03560219	0.001424136	0.02670164	0	0	0	0	1.280678e-20	0	1.280678e-20	0	-328.877	0	-328.877	0	30149.85	77194.93	1549.682	8447.673	0.006389749	1	5.067194	0.4520687	1	2	0.0143858	0.04174343	
11116	909.0505	3.45e+19	0	0	100000	2	1e-05	3.230621e+26	2.324194e+26	2.195355e+26	1.28839e+25	8.28197e+25	7.822949e+24	2.347032e+25	1.688517e+25	1.594916e+25	9.360099e+23	6.016816e+24	5.683339e+23	0.024215	2.347032e+26	1.688517e+26	1.594916e+26	9.360099e+24	0	3.137834e+17	6.58515e+25	0	0	0	0	0	0	0	0	0	0	0	0	0	0	3.02353e+26	0	3.02353e+26	1.366801e+26	0	1.366801e+26	7.317218e+25	0	7.317218e+25	2.733602e+26	0	2.733602e+26	8.145582e+25	0	8.145582e+25	2.609348e+26	0	2.609348e+26	3.934151e+23	8.36657e-10	0.0009651217	4.618993e+12	7.111086e+07	422791.5	1.975173e-07	8.339644e-14	5.442382e-21	0.3852076	0.5	0.007541497	1	47.16765	5.865536	10569.8	1.117189e+26	1.827432e+28	5.151575e+27	6.741065e+25	3.118866e+27	1.203261e+27	5.325573e+26	2.294797e+26	0.2188657	0	0.02207458	0.03560219	0.03560219	0.001424136	0.02670164	0	0	0	0	1.280678e-20	0	1.280678e-20	0	-328.877	0	-328.877	0	30149.85	77194.93	1553.721	8447.673	0.006389748	1	5.067444	0.4520687	1	2	0.01443874	0.04184884	
11144	909.0505	3.45e+19	0	0	100000	2	1e-05	3.238758e+26	2.329005e+26	2.199984e+26	1.290211e+25	8.308508e+25	7.890281e+24	2.352944e+25	1.692012e+25	1.598279e+25	9.37333e+23	6.036096e+24	5.732255e+23	0.02436205	2.352944e+26	1.692012e+26	1.598279e+26	9.37333e+24	0	3.137834e+17	6.609321e+25	0	0	0	0	0	0	0	0	0	0	0	0	0	0	3.031146e+26	0	3.031146e+26	1.370244e+26	0	1.370244e+26	7.335649e+25	0	7.335649e+25	2.740488e+26	0	2.740488e+26	8.1661e+25	0	8.1661e+25	2.61592e+26	0	2.61592e+26	3.931727e+23	8.372217e-10	0.0009664812	4.603429e+12	7.15802e+07	425520.8	1.979506e-07	8.376277e-14	5.478281e-21	0.3855959	0.5	0.007565663	1	47.28646	5.880311	10569.8	1.117189e+26	1.827432e+28	5.151575e+27	6.741065e+25	3.118866e+27	1.203261e+27	5.325573e+26	2.294797e+26	0.2188657	0	0.02206435	0.03560219	0.03560219	0.001424136	0.02670164	0	0	0	0	1.280678e-20	0	1.280678e-20	0	-328.877	0	-328.877	0	30149.85	77194.93	1557.761	8447.673	0.006389749	1	5.067695	0.4520687	1	2	0.01449174	0.04195426	
11172	909.0505	3.45e+19	0	0	100000	2	1e-05	3.246896e+26	2.333812e+26	2.204609e+26	1.29203e+25	8.335048e+25	7.957961e+24	2.358856e+25	1.695504e+25	1.601639e+25	9.386539e+23	6.055377e+24	5.781425e+23	0.02450944	2.358856e+26	1.695504e+26	1.601639e+26	9.386539e+24	0	3.137834e+17	6.633519e+25	0	0	0	0	0	0	0	0	0	0	0	0	0	0	3.038762e+26	0	3.038762e+26	1.373687e+26	0	1.373687e+26	7.354081e+25	0	7.354081e+25	2.747374e+26	0	2.747374e+26	8.186618e+25	0	8.186618e+25	2.622493e+26	0	2.622493e+26	3.92931e+23	8.377851e-10	0.0009678386	4.587933e+12	7.205166e+07	428261.3	1.98384e-07	8.412995e-14	5.514342e-21	0.3859826	0.5	0.00758983	1	47.40527	5.895086	10569.8	1.117189e+26	1.827432e+28	5.151575e+27	6.741065e+25	3.118866e+27	1.203261e+27	5.325573e+26	2.294797e+26	0.2188657	0	0.02205414	0.03560219	0.03560219	0.001424136	0.02670164	0	0	0	0	1.280678e-20	0	1.280678e-20	0	-328.877	0	-328.877	0	30149.85	77194.93	1561.801	8447.673	0.006389749	1	5.067944	0.4520687	1	2	0.0145448	0.04205967	
11200	909.0505	3.45e+19	0	0	100000	2	1e-05	3.255034e+26	2.338615e+26	2.20923e+26	1.293845e+25	8.361589e+25	8.02599e+24	2.364768e+25	1.698994e+25	1.604996e+25	9.399727e+23	6.074659e+24	5.830847e+23	0.02465716	2.364768e+26	1.698994e+26	1.604996e+26	9.399727e+24	0	3.137834e+17	6.657744e+25	0	0	0	0	0	0	0	0	0	0	0	0	0	0	3.046378e+26	0	3.046378e+26	1.37713e+26	0	1.37713e+26	7.372512e+25	0	7.372512e+25	2.754259e+26	0	2.754259e+26	8.207136e+25	0	8.207136e+25	2.629066e+26	0	2.629066e+26	3.926902e+23	8.383473e-10	0.0009691937	4.572507e+12	7.252524e+07	431012.9	1.988174e-07	8.449798e-14	5.550565e-21	0.3863676	0.5	0.007613999	1	47.52408	5.90986	10569.8	1.117189e+26	1.827432e+28	5.151575e+27	6.741065e+25	3.118866e+27	1.203261e+27	5.325573e+26	2.294797e+26	0.2188657	0	0.02204397	0.03560219	0.03560219	0.001424136	0.02670164	0	0	0	0	1.280678e-20	0	1.280678e-20	0	-328.877	0	-328.877	0	30149.85	77194.93	1565.841	8447.673	0.006389748	1	5.068194	0.4520687	1	2	0.01459791	0.04216508	
11228	909.0505	3.45e+19	0	0	100000	2	1e-05	3.263171e+26	2.343414e+26	2.213849e+26	1.295657e+25	8.388133e+25	8.094366e+24	2.37068e+25	1.70248e+25	1.608352e+25	9.412893e+23	6.093942e+24	5.880522e+23	0.02480521	2.37068e+26	1.70248e+26	1.608352e+26	9.412893e+24	0	3.137834e+17	6.681995e+25	0	0	0	0	0	0	0	0	0	0	0	0	0	0	3.053994e+26	0	3.053994e+26	1.380572e+26	0	1.380572e+26	7.390943e+25	0	7.390943e+25	2.761145e+26	0	2.761145e+26	8.227654e+25	0	8.227654e+25	2.635638e+26	0	2.635638e+26	3.9245e+23	8.389082e-10	0.0009705465	4.557148e+12	7.300096e+07	433775.8	1.992509e-07	8.486685e-14	5.586951e-21	0.3867508	0.5	0.00763817	1	47.64289	5.924635	10569.8	1.117189e+26	1.827432e+28	5.151575e+27	6.741065e+25	3.118866e+27	1.203261e+27	5.325573e+26	2.294797e+26	0.2188657	0	0.02203384	0.03560219	0.03560219	0.001424136	0.02670164	0	0	0	0	1.280678e-20	0	1.280678e-20	0	-328.877	0	-328.877	0	30149.85	77194.93	1569.882	8447.673	0.006389749	1	5.068443	0.4520687	1	2	0.01465109	0.04227049	
11256	909.0505	3.45e+19	0	0	100000	2	1e-05	3.271309e+26	2.34821e+26	2.218464e+26	1.297466e+25	8.414677e+25	8.163089e+24	2.376592e+25	1.705965e+25	1.611704e+25	9.426037e+23	6.113227e+24	5.930449e+23	0.02495359	2.376592e+26	1.705965e+26	1.611704e+26	9.426037e+24	0	3.137834e+17	6.706272e+25	0	0	0	0	0	0	0	0	0	0	0	0	0	0	3.061609e+26	0	3.061609e+26	1.384015e+26	0	1.384015e+26	7.409375e+25	0	7.409375e+25	2.76803e+26	0	2.76803e+26	8.248172e+25	0	8.248172e+25	2.642211e+26	0	2.642211e+26	3.922106e+23	8.394679e-10	0.0009718971	4.541858e+12	7.347881e+07	436550	1.996845e-07	8.523658e-14	5.623501e-21	0.3871324	0.5	0.007662342	1	47.7617	5.939409	10569.8	1.117189e+26	1.827432e+28	5.151575e+27	6.741065e+25	3.118866e+27	1.203261e+27	5.325573e+26	2.294797e+26	0.2188657	0	0.02202373	0.03560219	0.03560219	0.001424136	0.02670164	0	0	0	0	1.280678e-20	0	1.280678e-20	0	-328.877	0	-328.877	0	30149.85	77194.93	1573.923	8447.673	0.006389748	1	5.068692	0.4520687	1	2	0.01470432	0.04237591	
11284	909.0505	3.45e+19	0	0	100000	2	1e-05	3.279446e+26	2.353002e+26	2.223075e+26	1.299273e+25	8.441224e+25	8.232159e+24	2.382504e+25	1.709446e+25	1.615055e+25	9.43916e+23	6.132513e+24	5.980628e+23	0.02510228	2.382504e+26	1.709446e+26	1.615055e+26	9.43916e+24	0	3.137834e+17	6.730576e+25	0	0	0	0	0	0	0	0	0	0	0	0	0	0	3.069225e+26	0	3.069225e+26	1.387458e+26	0	1.387458e+26	7.427806e+25	0	7.427806e+25	2.774916e+26	0	2.774916e+26	8.26869e+25	0	8.26869e+25	2.648784e+26	0	2.648784e+26	3.91972e+23	8.400263e-10	0.0009732454	4.526634e+12	7.39588e+07	439335.4	2.001181e-07	8.560715e-14	5.660214e-21	0.3875123	0.5	0.007686515	1	47.88051	5.954184	10569.8	1.117189e+26	1.827432e+28	5.151575e+27	6.741065e+25	3.118866e+27	1.203261e+27	5.325573e+26	2.294797e+26	0.2188657	0	0.02201365	0.03560219	0.03560219	0.001424136	0.02670164	0	0	0	0	1.280678e-20	0	1.280678e-20	0	-328.877	0	-328.877	0	30149.85	77194.93	1577.965	8447.673	0.006389748	1	5.06894	0.4520687	1	2	0.01475761	0.04248132	
11312	909.0505	3.45e+19	0	0	100000	2	1e-05	3.287584e+26	2.357791e+26	2.227683e+26	1.301076e+25	8.467772e+25	8.301575e+24	2.388416e+25	1.712925e+25	1.618402e+25	9.452262e+23	6.1518e+24	6.031058e+23	0.02525129	2.388416e+26	1.712925e+26	1.618402e+26	9.452262e+24	0	3.137834e+17	6.754906e+25	0	0	0	0	0	0	0	0	0	0	0	0	0	0	3.076841e+26	0	3.076841e+26	1.390901e+26	0	1.390901e+26	7.446237e+25	0	7.446237e+25	2.781802e+26	0	2.781802e+26	8.289207e+25	0	8.289207e+25	2.655356e+26	0	2.655356e+26	3.917341e+23	8.405835e-10	0.0009745916	4.511478e+12	7.444095e+07	442132	2.005517e-07	8.597858e-14	5.697091e-21	0.3878905	0.5	0.00771069	1	47.99932	5.968959	10569.8	1.117189e+26	1.827432e+28	5.151575e+27	6.741065e+25	3.118866e+27	1.203261e+27	5.325573e+26	2.294797e+26	0.2188657	0	0.02200361	0.03560219	0.03560219	0.001424136	0.02670164	0	0	0	0	1.280678e-20	0	1.280678e-20	0	-328.877	0	-328.877	0	30149.85	77194.93	1582.007	8447.673	0.006389749	1	5.069188	0.4520687	1	2	0.01481095	0.04258673	
11340	909.0505	3.45e+19	0	0	100000	2	1e-05	3.295722e+26	2.362576e+26	2.232288e+26	1.302877e+25	8.494322e+25	8.371336e+24	2.394328e+25	1.716401e+25	1.621748e+25	9.465343e+23	6.171088e+24	6.08174e+23	0.02540062	2.394328e+26	1.716401e+26	1.621748e+26	9.465343e+24	0	3.137834e+17	6.779262e+25	0	0	0	0	0	0	0	0	0	0	0	0	0	0	3.084457e+26	0	3.084457e+26	1.394344e+26	0	1.394344e+26	7.464668e+25	0	7.464668e+25	2.788687e+26	0	2.788687e+26	8.309725e+25	0	8.309725e+25	2.661929e+26	0	2.661929e+26	3.91497e+23	8.411395e-10	0.0009759355	4.496389e+12	7.492524e+07	444940	2.009854e-07	8.635085e-14	5.734132e-21	0.388267	0.5	0.007734866	1	48.11813	5.983733	10569.8	1.117189e+26	1.827432e+28	5.151575e+27	6.741065e+25	3.118866e+27	1.203261e+27	5.325573e+26	2.294797e+26	0.2188657	0	0.02199359	0.03560219	0.03560219	0.001424136	0.02670164	0	0	0	0	1.280678e-20	0	1.280678e-20	0	-328.877	0	-328.877	0	30149.85	77194.93	1586.05	8447.673	0.006389748	1	5.069436	0.4520687	1	2	0.01486436	0.04269215	
11368	909.0505	3.45e+19	0	0	100000	2	1e-05	3.303859e+26	2.367357e+26	2.23689e+26	1.304674e+25	8.520873e+25	8.441442e+24	2.40024e+25	1.719875e+25	1.625091e+25	9.478402e+23	6.190378e+24	6.132671e+23	0.02555025	2.40024e+26	1.719875e+26	1.625091e+26	9.478402e+24	0	3.137834e+17	6.803645e+25	0	0	0	0	0	0	0	0	0	0	0	0	0	0	3.092073e+26	0	3.092073e+26	1.397787e+26	0	1.397787e+26	7.4831e+25	0	7.4831e+25	2.795573e+26	0	2.795573e+26	8.330243e+25	0	8.330243e+25	2.668502e+26	0	2.668502e+26	3.912606e+23	8.416942e-10	0.0009772772	4.481366e+12	7.54117e+07	447759.2	2.014192e-07	8.672398e-14	5.771339e-21	0.3886419	0.5	0.007759044	1	48.23694	5.998508	10569.8	1.117189e+26	1.827432e+28	5.151575e+27	6.741065e+25	3.118866e+27	1.203261e+27	5.325573e+26	2.294797e+26	0.2188657	0	0.0219836	0.03560219	0.03560219	0.001424136	0.02670164	0	0	0	0	1.280678e-20	0	1.280678e-20	0	-328.877	0	-328.877	0	30149.85	77194.93	1590.093	8447.673	0.006389748	1	5.069683	0.4520687	1	2	0.01491782	0.04279756	
11396	909.0505	3.45e+19	0	0	100000	2	1e-05	3.311997e+26	2.372135e+26	2.241488e+26	1.306469e+25	8.547426e+25	8.511892e+24	2.406151e+25	1.723346e+25	1.628432e+25	9.49144e+23	6.209669e+24	6.183853e+23	0.02570018	2.406151e+26	1.723346e+26	1.628432e+26	9.49144e+24	0	3.137834e+17	6.828054e+25	0	0	0	0	0	0	0	0	0	0	0	0	0	0	3.099689e+26	0	3.099689e+26	1.401229e+26	0	1.401229e+26	7.501531e+25	0	7.501531e+25	2.802459e+26	0	2.802459e+26	8.350761e+25	0	8.350761e+25	2.675074e+26	0	2.675074e+26	3.910249e+23	8.422478e-10	0.0009786167	4.466408e+12	7.590033e+07	450589.8	2.01853e-07	8.709797e-14	5.808711e-21	0.3890151	0.5	0.007783223	1	48.35575	6.013283	10569.8	1.117189e+26	1.827432e+28	5.151575e+27	6.741065e+25	3.118866e+27	1.203261e+27	5.325573e+26	2.294797e+26	0.2188657	0	0.02197365	0.03560219	0.03560219	0.001424136	0.02670164	0	0	0	0	1.280678e-20	0	1.280678e-20	0	-328.877	0	-328.877	0	30149.85	77194.93	1594.137	8447.673	0.006389749	1	5.06993	0.4520687	1	2	0.01497134	0.04290297	
11424	909.0505	3.45e+19	0	0	100000	2	1e-05	3.320134e+26	2.376909e+26	2.246083e+26	1.308261e+25	4.255615e+25	5.176635e+25	2.412063e+25	1.726814e+25	1.63177e+25	9.504457e+23	3.091686e+24	3.760803e+24	0.1559164	2.412063e+26	1.726814e+26	1.63177e+26	9.504457e+24	0	3.137834e+17	6.852489e+25	0	0	0	0	0	0	0	0	0	0	0	0	0	0	3.107305e+26	0	3.107305e+26	1.404672e+26	0	1.404672e+26	7.519962e+25	0	7.519962e+25	2.809344e+26	0	2.809344e+26	8.371279e+25	0	8.371279e+25	2.681647e+26	0	2.681647e+26	3.9079e+23	8.428001e-10	0.000979954	4.451517e+12	3.791579e+07	453431.7	1.538815e-07	5.061859e-14	2.573551e-21	0.2253295	0.5	0.003436862	0.3059557	48.47456	6.028057	10569.8	1.117189e+26	1.827432e+28	5.151575e+27	6.741065e+25	3.118866e+27	1.203261e+27	5.325573e+26	2.294797e+26	0.2188657	0	0.02196372	0.03560219	0.03560219	0.001424136	0.02670164	0	0	0	0	1.280678e-20	0	1.280678e-20	0	-328.877	0	-328.877	0	30149.85	77194.93	1598.181	8447.673	0.006389748	1	5.070176	0.4520687	1	2	0.01502491	0.04300838	
11452	909.0505	3.45e+19	0	0	100000	2	1e-05	3.328272e+26	2.38168e+26	2.250675e+26	1.310049e+25	4.268288e+25	5.197632e+25	2.417975e+25	1.73028e+25	1.635106e+25	9.517453e+23	3.100893e+24	3.776057e+24	0.1561661	2.417975e+26	1.73028e+26	1.635106e+26	9.517453e+24	0	3.137834e+17	6.87695e+25	0	0	0	0	0	0	0	0	0	0	0	0	0	0	3.114921e+26	0	3.114921e+26	1.408115e+26	0	1.408115e+26	7.538394e+25	0	7.538394e+25	2.81623e+26	0	2.81623e+26	8.391797e+25	0	8.391797e+25	2.68822e+26	0	2.68822e+26	3.905557e+23	8.433512e-10	0.0009812891	4.451517e+12	3.802885e+07	453697.6	1.604925e-07	5.506135e-14	2.919698e-21	0.2451065	0.5	0.003899126	0.388398	48.59337	6.042832	10569.8	1.117189e+26	1.827432e+28	5.151575e+27	6.741065e+25	3.118866e+27	1.203261e+27	5.325573e+26	2.294797e+26	0.2188657	0	0.02195382	0.03560219	0.03560219	0.001424136	0.02670164	0	0	0	0	1.280678e-20	0	1.280678e-20	0	-328.877	0	-328.877	0	30149.85	77194.93	1602.225	8447.673	0.006389748	1	5.070422	0.4520687	1	2	0.01507855	0.0431138	
11480	909.0505	3.45e+19	0	0	100000	2	1e-05	3.336409e+26	2.386447e+26	2.255263e+26	1.311835e+25	4.283345e+25	5.21628e+25	2.423887e+25	1.733743e+25	1.638439e+25	9.530429e+23	3.111832e+24	3.789605e+24	0.1563441	2.423887e+26	1.733743e+26	1.638439e+26	9.530429e+24	0	3.137834e+17	6.901437e+25	0	0	0	0	0	0	0	0	0	0	0	0	0	0	3.122537e+26	0	3.122537e+26	1.411558e+26	0	1.411558e+26	7.556825e+25	0	7.556825e+25	2.823116e+26	0	2.823116e+26	8.412314e+25	0	8.412314e+25	2.694792e+26	0	2.694792e+26	3.903223e+23	8.439011e-10	0.0009826221	4.451517e+12	3.816318e+07	453964.9	1.6068e-07	5.51901e-14	2.929945e-21	0.2456797	0.5	0.003912811	0.4610472	48.71218	6.057607	10569.8	1.117189e+26	1.827432e+28	5.151575e+27	6.741065e+25	3.118866e+27	1.203261e+27	5.325573e+26	2.294797e+26	0.2188657	0	0.02194395	0.03560219	0.03560219	0.001424136	0.02670164	0	0	0	0	1.280678e-20	0	1.280678e-20	0	-328.877	0	-328.877	0	30149.85	77194.93	1606.27	8447.673	0.006389749	1	5.070668	0.4520687	1	2	0.01513224	0.04321921	
11508	909.0505	3.45e+19	0	0	100000	2	1e-05	3.344547e+26	2.39121e+26	2.259848e+26	1.313619e+25	4.300509e+25	5.232859e+25	2.429799e+25	1.737204e+25	1.64177e+25	9.543383e+23	3.124301e+24	3.801649e+24	0.1564594	2.429799e+26	1.737204e+26	1.64177e+26	9.543383e+24	0	3.137834e+17	6.925951e+25	0	0	0	0	0	0	0	0	0	0	0	0	0	0	3.130153e+26	0	3.130153e+26	1.415001e+26	0	1.415001e+26	7.575256e+25	0	7.575256e+25	2.830001e+26	0	2.830001e+26	8.432832e+25	0	8.432832e+25	2.701365e+26	0	2.701365e+26	3.900895e+23	8.444498e-10	0.0009839529	4.451517e+12	3.831629e+07	454234	1.608932e-07	5.533666e-14	2.941624e-21	0.2463321	0.5	0.003928407	0.5250669	48.83099	6.072381	10569.8	1.117189e+26	1.827432e+28	5.151575e+27	6.741065e+25	3.118866e+27	1.203261e+27	5.325573e+26	2.294797e+26	0.2188657	0	0.0219341	0.03560219	0.03560219	0.001424136	0.02670164	0	0	0	0	1.280678e-20	0	1.280678e-20	0	-328.877	0	-328.877	0	30149.85	77194.93	1610.315	8447.673	0.006389748	1	5.070913	0.4520687	1	2	0.01518599	0.04332462	
11536	909.0505	3.45e+19	0	0	100000	2	1e-05	3.352685e+26	2.39597e+26	2.26443e+26	1.315399e+25	4.319532e+25	5.247613e+25	2.435711e+25	1.740662e+25	1.645099e+25	9.556317e+23	3.138122e+24	3.812368e+24	0.1565197	2.435711e+26	1.740662e+26	1.645099e+26	9.556317e+24	0	3.137834e+17	6.95049e+25	0	0	0	0	0	0	0	0	0	0	0	0	0	0	3.137769e+26	0	3.137769e+26	1.418443e+26	0	1.418443e+26	7.593687e+25	0	7.593687e+25	2.836887e+26	0	2.836887e+26	8.45335e+25	0	8.45335e+25	2.707938e+26	0	2.707938e+26	3.898574e+23	8.449973e-10	0.0009852815	4.451517e+12	3.8486e+07	454505.1	1.611289e-07	5.549887e-14	2.954568e-21	0.2470542	0.5	0.003945692	0.5814819	48.9498	6.087156	10569.8	1.117189e+26	1.827432e+28	5.151575e+27	6.741065e+25	3.118866e+27	1.203261e+27	5.325573e+26	2.294797e+26	0.2188657	0	0.02192429	0.03560219	0.03560219	0.001424136	0.02670164	0	0	0	0	1.280678e-20	0	1.280678e-20	0	-328.877	0	-328.877	0	30149.85	77194.93	1614.361	8447.673	0.006389749	1	5.071158	0.4520686	1	2	0.01523979	0.04343003	
11564	909.0505	3.45e+19	0	0	100000	2	1e-05	3.360822e+26	2.400726e+26	2.269009e+26	1.317176e+25	4.340199e+25	5.260759e+25	2.441623e+25	1.744117e+25	1.648425e+25	9.56923e+23	3.153136e+24	3.821919e+24	0.1565319	2.441623e+26	1.744117e+26	1.648425e+26	9.56923e+24	0	3.137834e+17	6.975055e+25	0	0	0	0	0	0	0	0	0	0	0	0	0	0	3.145385e+26	0	3.145385e+26	1.421886e+26	0	1.421886e+26	7.612119e+25	0	7.612119e+25	2.843773e+26	0	2.843773e+26	8.473868e+25	0	8.473868e+25	2.71451e+26	0	2.71451e+26	3.896261e+23	8.455436e-10	0.0009866079	4.451517e+12	3.867038e+07	454778.5	1.613841e-07	5.567481e-14	2.968628e-21	0.2478374	0.5	0.00396447	0.6311957	49.06861	6.101931	10569.8	1.117189e+26	1.827432e+28	5.151575e+27	6.741065e+25	3.118866e+27	1.203261e+27	5.325573e+26	2.294797e+26	0.2188657	0	0.02191449	0.03560219	0.03560219	0.001424136	0.02670164	0	0	0	0	1.280678e-20	0	1.280678e-20	0	-328.877	0	-328.877	0	30149.85	77194.93	1618.407	8447.673	0.006389749	1	5.071403	0.4520686	1	2	0.01529366	0.04353545	
11592	909.0505	3.45e+19	0	0	100000	2	1e-05	3.36896e+26	2.405479e+26	2.273584e+26	1.318951e+25	4.362318e+25	5.272489e+25	2.447535e+25	1.74757e+25	1.651749e+25	9.582122e+23	3.169205e+24	3.830441e+24	0.156502	2.447535e+26	1.74757e+26	1.651749e+26	9.582122e+24	0	3.137834e+17	6.999646e+25	0	0	0	0	0	0	0	0	0	0	0	0	0	0	3.153001e+26	0	3.153001e+26	1.425329e+26	0	1.425329e+26	7.63055e+25	0	7.63055e+25	2.850658e+26	0	2.850658e+26	8.494386e+25	0	8.494386e+25	2.721083e+26	0	2.721083e+26	3.893954e+23	8.460887e-10	0.0009879322	4.451517e+12	3.88677e+07	455054.4	1.616563e-07	5.58628e-14	2.983677e-21	0.2486742	0.5	0.003984566	0.6750042	49.18742	6.116705	10569.8	1.117189e+26	1.827432e+28	5.151575e+27	6.741065e+25	3.118866e+27	1.203261e+27	5.325573e+26	2.294797e+26	0.2188657	0	0.02190473	0.03560219	0.03560219	0.001424136	0.02670164	0	0	0	0	1.280678e-20	0	1.280678e-20	0	-328.877	0	-328.877	0	30149.85	77194.93	1622.454	8447.673	0.006389748	1	5.071647	0.4520686	1	2	0.01534757	0.04364086	
11620	909.0505	3.45e+19	0	0	100000	2	1e-05	3.377097e+26	2.410228e+26	2.278156e+26	1.320723e+25	4.38572e+25	5.282971e+25	2.453447e+25	1.75102e+25	1.655071e+25	9.594994e+23	3.186207e+24	3.838056e+24	0.1564353	2.453447e+26	1.75102e+26	1.655071e+26	9.594994e+24	0	3.137834e+17	7.024263e+25	0	0	0	0	0	0	0	0	0	0	0	0	0	0	3.160617e+26	0	3.160617e+26	1.428772e+26	0	1.428772e+26	7.648981e+25	0	7.648981e+25	2.857544e+26	0	2.857544e+26	8.514904e+25	0	8.514904e+25	2.727656e+26	0	2.727656e+26	3.891655e+23	8.466327e-10	0.0009892544	4.451517e+12	3.907648e+07	455333.1	1.619433e-07	5.606134e-14	2.999597e-21	0.249558	0.5	0.004005827	0.7136089	49.30623	6.13148	10569.8	1.117189e+26	1.827432e+28	5.151575e+27	6.741065e+25	3.118866e+27	1.203261e+27	5.325573e+26	2.294797e+26	0.2188657	0	0.02189499	0.03560219	0.03560219	0.001424136	0.02670164	0	0	0	0	1.280678e-20	0	1.280678e-20	0	-328.877	0	-328.877	0	30149.85	77194.93	1626.501	8447.673	0.006389749	1	5.071891	0.4520686	1	2	0.01540155	0.04374627	
11648	909.0505	3.45e+19	0	0	100000	2	1e-05	3.385235e+26	2.414974e+26	2.282725e+26	1.322492e+25	4.410256e+25	5.292355e+25	2.459359e+25	1.754468e+25	1.65839e+25	9.607845e+23	3.204032e+24	3.844874e+24	0.1563364	2.459359e+26	1.754468e+26	1.65839e+26	9.607845e+24	0	3.137834e+17	7.048906e+25	0	0	0	0	0	0	0	0	0	0	0	0	0	0	3.168233e+26	0	3.168233e+26	1.432215e+26	0	1.432215e+26	7.667412e+25	0	7.667412e+25	2.86443e+26	0	2.86443e+26	8.535421e+25	0	8.535421e+25	2.734228e+26	0	2.734228e+26	3.889363e+23	8.471754e-10	0.0009905744	4.451517e+12	3.929537e+07	455614.6	1.622431e-07	5.626912e-14	3.016289e-21	0.2504829	0.5	0.004028118	0.7476279	49.42504	6.146255	10569.8	1.117189e+26	1.827432e+28	5.151575e+27	6.741065e+25	3.118866e+27	1.203261e+27	5.325573e+26	2.294797e+26	0.2188657	0	0.02188528	0.03560219	0.03560219	0.001424136	0.02670164	0	0	0	0	1.280678e-20	0	1.280678e-20	0	-328.877	0	-328.877	0	30149.85	77194.93	1630.548	8447.673	0.006389749	1	5.072135	0.4520686	1	2	0.01545558	0.04385169	
11676	909.0505	3.45e+19	0	0	100000	2	1e-05	3.393373e+26	2.419716e+26	2.28729e+26	1.324258e+25	4.435795e+25	5.300772e+25	2.465271e+25	1.757913e+25	1.661706e+25	9.620676e+23	3.222586e+24	3.850989e+24	0.1562096	2.465271e+26	1.757913e+26	1.661706e+26	9.620676e+24	0	3.137834e+17	7.073574e+25	0	0	0	0	0	0	0	0	0	0	0	0	0	0	3.175849e+26	0	3.175849e+26	1.435658e+26	0	1.435658e+26	7.685844e+25	0	7.685844e+25	2.871315e+26	0	2.871315e+26	8.555939e+25	0	8.555939e+25	2.740801e+26	0	2.740801e+26	3.887077e+23	8.47717e-10	0.0009918923	4.451517e+12	3.952321e+07	455899.2	1.62554e-07	5.648498e-14	3.033662e-21	0.2514438	0.5	0.004051319	0.777606	49.54385	6.161029	10569.8	1.117189e+26	1.827432e+28	5.151575e+27	6.741065e+25	3.118866e+27	1.203261e+27	5.325573e+26	2.294797e+26	0.2188657	0	0.02187559	0.03560219	0.03560219	0.001424136	0.02670164	0	0	0	0	1.280678e-20	0	1.280678e-20	0	-328.877	0	-328.877	0	30149.85	77194.93	1634.596	8447.673	0.006389749	1	5.072378	0.4520686	1	2	0.01550967	0.0439571	
11704	909.0505	3.45e+19	0	0	100000	2	1e-05	3.40151e+26	2.424454e+26	2.291852e+26	1.326021e+25	4.462219e+25	5.308339e+25	2.471183e+25	1.761356e+25	1.665021e+25	9.633486e+23	3.241783e+24	3.856485e+24	0.1560583	2.471183e+26	1.761356e+26	1.665021e+26	9.633486e+24	0	3.137834e+17	7.098269e+25	0	0	0	0	0	0	0	0	0	0	0	0	0	0	3.183465e+26	0	3.183465e+26	1.4391e+26	0	1.4391e+26	7.704275e+25	0	7.704275e+25	2.878201e+26	0	2.878201e+26	8.576457e+25	0	8.576457e+25	2.747374e+26	0	2.747374e+26	3.884799e+23	8.482575e-10	0.0009932081	4.451517e+12	3.975895e+07	456187	1.628745e-07	5.670789e-14	3.051638e-21	0.2524361	0.5	0.004075325	0.8040231	49.66266	6.175804	10569.8	1.117189e+26	1.827432e+28	5.151575e+27	6.741065e+25	3.118866e+27	1.203261e+27	5.325573e+26	2.294797e+26	0.2188657	0	0.02186593	0.03560219	0.03560219	0.001424136	0.02670164	0	0	0	0	1.280678e-20	0	1.280678e-20	0	-328.877	0	-328.877	0	30149.85	77194.93	1638.644	8447.673	0.006389748	1	5.072621	0.4520686	1	2	0.01556382	0.04406251	
11732	909.0505	3.45e+19	0	0	100000	2	1e-05	3.409648e+26	2.429189e+26	2.296411e+26	1.327782e+25	4.489428e+25	5.315157e+25	2.477094e+25	1.764796e+25	1.668333e+25	9.646276e+23	3.26155e+24	3.861439e+24	0.1558858	2.477094e+26	1.764796e+26	1.668333e+26	9.646276e+24	0	3.137834e+17	7.122989e+25	0	0	0	0	0	0	0	0	0	0	0	0	0	0	3.191081e+26	0	3.191081e+26	1.442543e+26	0	1.442543e+26	7.722706e+25	0	7.722706e+25	2.885087e+26	0	2.885087e+26	8.596975e+25	0	8.596975e+25	2.753946e+26	0	2.753946e+26	3.882527e+23	8.487968e-10	0.0009945217	4.451517e+12	4.000169e+07	456478.1	1.632031e-07	5.693695e-14	3.070146e-21	0.2534558	0.5	0.004100042	0.8273023	49.78147	6.190579	10569.8	1.117189e+26	1.827432e+28	5.151575e+27	6.741065e+25	3.118866e+27	1.203261e+27	5.325573e+26	2.294797e+26	0.2188657	0	0.02185629	0.03560219	0.03560219	0.001424136	0.02670164	0	0	0	0	1.280678e-20	0	1.280678e-20	0	-328.877	0	-328.877	0	30149.85	77194.93	1642.693	8447.673	0.006389749	1	5.072863	0.4520686	1	2	0.01561802	0.04416792	
11760	909.0505	3.45e+19	0	0	100000	2	1e-05	3.417785e+26	2.433921e+26	2.300967e+26	1.329539e+25	4.517329e+25	5.321317e+25	2.483006e+25	1.768233e+25	1.671642e+25	9.659046e+23	3.28182e+24	3.865914e+24	0.1556949	2.483006e+26	1.768233e+26	1.671642e+26	9.659046e+24	0	3.137834e+17	7.147734e+25	0	0	0	0	0	0	0	0	0	0	0	0	0	0	3.198696e+26	0	3.198696e+26	1.445986e+26	0	1.445986e+26	7.741138e+25	0	7.741138e+25	2.891972e+26	0	2.891972e+26	8.617493e+25	0	8.617493e+25	2.760519e+26	0	2.760519e+26	3.880262e+23	8.493349e-10	0.0009958333	4.451517e+12	4.025061e+07	456772.7	1.635387e-07	5.717137e-14	3.089126e-21	0.2544993	0.5	0.004125389	0.8478162	49.90028	6.205353	10569.8	1.117189e+26	1.827432e+28	5.151575e+27	6.741065e+25	3.118866e+27	1.203261e+27	5.325573e+26	2.294797e+26	0.2188657	0	0.02184667	0.03560219	0.03560219	0.001424136	0.02670164	0	0	0	0	1.280678e-20	0	1.280678e-20	0	-328.877	0	-328.877	0	30149.85	77194.93	1646.742	8447.673	0.006389748	1	5.073105	0.4520686	1	2	0.01567228	0.04427334	
11788	909.0505	3.45e+19	0	0	100000	2	1e-05	3.425923e+26	2.438649e+26	2.305519e+26	1.331294e+25	4.545844e+25	5.326899e+25	2.488918e+25	1.771668e+25	1.67495e+25	9.671795e+23	3.302536e+24	3.86997e+24	0.155488	2.488918e+26	1.771668e+26	1.67495e+26	9.671795e+24	0	3.137834e+17	7.172506e+25	0	0	0	0	0	0	0	0	0	0	0	0	0	0	3.206312e+26	0	3.206312e+26	1.449429e+26	0	1.449429e+26	7.759569e+25	0	7.759569e+25	2.898858e+26	0	2.898858e+26	8.638011e+25	0	8.638011e+25	2.767092e+26	0	2.767092e+26	3.878005e+23	8.498719e-10	0.0009971427	4.451517e+12	4.050501e+07	457071	1.638803e-07	5.741045e-14	3.108523e-21	0.2555636	0.5	0.004151293	0.8658934	50.01909	6.220128	10569.8	1.117189e+26	1.827432e+28	5.151575e+27	6.741065e+25	3.118866e+27	1.203261e+27	5.325573e+26	2.294797e+26	0.2188657	0	0.02183708	0.03560219	0.03560219	0.001424136	0.02670164	0	0	0	0	1.280678e-20	0	1.280678e-20	0	-328.877	0	-328.877	0	30149.85	77194.93	1650.792	8447.673	0.006389749	1	5.073347	0.4520686	1	2	0.01572659	0.04437875	
11816	909.0505	3.45e+19	0	0	100000	2	1e-05	3.43406e+26	2.443373e+26	2.310068e+26	1.333046e+25	4.574901e+25	5.331974e+25	2.49483e+25	1.7751e+25	1.678255e+25	9.684525e+23	3.323646e+24	3.873656e+24	0.1552673	2.49483e+26	1.7751e+26	1.678255e+26	9.684525e+24	0	3.137834e+17	7.197303e+25	0	0	0	0	0	0	0	0	0	0	0	0	0	0	3.213928e+26	0	3.213928e+26	1.452872e+26	0	1.452872e+26	7.778e+25	0	7.778e+25	2.905743e+26	0	2.905743e+26	8.658528e+25	0	8.658528e+25	2.773664e+26	0	2.773664e+26	3.875753e+23	8.504077e-10	0.00099845	4.451517e+12	4.076424e+07	457372.9	1.642269e-07	5.765356e-14	3.128289e-21	0.2566458	0.5	0.00417769	0.8818233	50.1379	6.234902	10569.8	1.117189e+26	1.827432e+28	5.151575e+27	6.741065e+25	3.118866e+27	1.203261e+27	5.325573e+26	2.294797e+26	0.2188657	0	0.02182751	0.03560219	0.03560219	0.001424136	0.02670164	0	0	0	0	1.280678e-20	0	1.280678e-20	0	-328.877	0	-328.877	0	30149.85	77194.93	1654.841	8447.673	0.006389748	1	5.073589	0.4520686	1	2	0.01578096	0.04448416	
11844	909.0505	3.45e+19	0	0	100000	2	1e-05	3.442198e+26	2.448094e+26	2.314614e+26	1.334796e+25	4.604439e+25	5.336604e+25	2.500742e+25	1.77853e+25	1.681557e+25	9.697234e+23	3.345105e+24	3.87702e+24	0.1550348	2.500742e+26	1.77853e+26	1.681557e+26	9.697234e+24	0	3.137834e+17	7.222125e+25	0	0	0	0	0	0	0	0	0	0	0	0	0	0	3.221544e+26	0	3.221544e+26	1.456315e+26	0	1.456315e+26	7.796431e+25	0	7.796431e+25	2.912629e+26	0	2.912629e+26	8.679046e+25	0	8.679046e+25	2.780237e+26	0	2.780237e+26	3.873509e+23	8.509424e-10	0.0009997553	4.451517e+12	4.102777e+07	457678.6	1.645778e-07	5.790016e-14	3.148382e-21	0.2577436	0.5	0.004204523	0.8958609	50.25671	6.249677	10569.8	1.117189e+26	1.827432e+28	5.151575e+27	6.741065e+25	3.118866e+27	1.203261e+27	5.325573e+26	2.294797e+26	0.2188657	0	0.02181797	0.03560219	0.03560219	0.001424136	0.02670164	0	0	0	0	1.280678e-20	0	1.280678e-20	0	-328.877	0	-328.877	0	30149.85	77194.93	1658.892	8447.673	0.006389748	1	5.07383	0.4520686	1	2	0.01583539	0.04458957	
11872	909.0505	3.45e+19	0	0	100000	2	1e-05	3.450336e+26	2.452811e+26	2.319157e+26	1.336542e+25	4.634401e+25	5.340844e+25	2.506654e+25	1.781957e+25	1.684858e+25	9.709924e+23	3.366873e+24	3.8801e+24	0.154792	2.506654e+26	1.781957e+26	1.684858e+26	9.709924e+24	0	3.137834e+17	7.246973e+25	0	0	0	0	0	0	0	0	0	0	0	0	0	0	3.22916e+26	0	3.22916e+26	1.459757e+26	0	1.459757e+26	7.814863e+25	0	7.814863e+25	2.919515e+26	0	2.919515e+26	8.699564e+25	0	8.699564e+25	2.78681e+26	0	2.78681e+26	3.871271e+23	8.51476e-10	0.001001058	4.451517e+12	4.129508e+07	457988.3	1.649322e-07	5.814978e-14	3.168764e-21	0.2588547	0.5	0.004231742	0.9082311	50.37552	6.264452	10569.8	1.117189e+26	1.827432e+28	5.151575e+27	6.741065e+25	3.118866e+27	1.203261e+27	5.325573e+26	2.294797e+26	0.2188657	0	0.02180844	0.03560219	0.03560219	0.001424136	0.02670164	0	0	0	0	1.280678e-20	0	1.280678e-20	0	-328.877	0	-328.877	0	30149.85	77194.93	1662.943	8447.673	0.006389748	1	5.074071	0.4520686	1	2	0.01588987	0.04469499	
11900	909.0505	3.45e+19	0	0	100000	2	1e-05	3.458473e+26	2.457525e+26	2.323696e+26	1.338286e+25	4.664741e+25	5.344742e+25	2.512566e+25	1.785381e+25	1.688155e+25	9.722593e+23	3.388914e+24	3.882932e+24	0.1545405	2.512566e+26	1.785381e+26	1.688155e+26	9.722593e+24	0	3.137834e+17	7.271846e+25	0	0	0	0	0	0	0	0	0	0	0	0	0	0	3.236776e+26	0	3.236776e+26	1.4632e+26	0	1.4632e+26	7.833294e+25	0	7.833294e+25	2.9264e+26	0	2.9264e+26	8.720082e+25	0	8.720082e+25	2.793382e+26	0	2.793382e+26	3.869041e+23	8.520084e-10	0.00100236	4.451517e+12	4.156576e+07	458301.9	1.652894e-07	5.840199e-14	3.189402e-21	0.2599775	0.5	0.004259303	0.9191319	50.49433	6.279226	10569.8	1.117189e+26	1.827432e+28	5.151575e+27	6.741065e+25	3.118866e+27	1.203261e+27	5.325573e+26	2.294797e+26	0.2188657	0	0.02179894	0.03560219	0.03560219	0.001424136	0.02670164	0	0	0	0	1.280678e-20	0	1.280678e-20	0	-328.877	0	-328.877	0	30149.85	77194.93	1666.994	8447.673	0.006389748	1	5.074311	0.4520686	1	2	0.01594441	0.0448004	
11928	909.0505	3.45e+19	0	0	100000	2	1e-05	3.466611e+26	2.462235e+26	2.328233e+26	1.340028e+25	4.695414e+25	5.348342e+25	2.518478e+25	1.788803e+25	1.691451e+25	9.735243e+23	3.411198e+24	3.885547e+24	0.1542816	2.518478e+26	1.788803e+26	1.691451e+26	9.735243e+24	0	3.137834e+17	7.296745e+25	0	0	0	0	0	0	0	0	0	0	0	0	0	0	3.244392e+26	0	3.244392e+26	1.466643e+26	0	1.466643e+26	7.851725e+25	0	7.851725e+25	2.933286e+26	0	2.933286e+26	8.7406e+25	0	8.7406e+25	2.799955e+26	0	2.799955e+26	3.866816e+23	8.525397e-10	0.001003659	4.451517e+12	4.183942e+07	458619.6	1.656491e-07	5.865643e-14	3.210267e-21	0.2611101	0.5	0.004287167	0.9287378	50.61314	6.294001	10569.8	1.117189e+26	1.827432e+28	5.151575e+27	6.741065e+25	3.118866e+27	1.203261e+27	5.325573e+26	2.294797e+26	0.2188657	0	0.02178946	0.03560219	0.03560219	0.001424136	0.02670164	0	0	0	0	1.280678e-20	0	1.280678e-20	0	-328.877	0	-328.877	0	30149.85	77194.93	1671.046	8447.673	0.006389749	1	5.074551	0.4520686	1	2	0.015999	0.04490581	
11956	909.0505	3.45e+19	0	0	100000	2	1e-05	3.474748e+26	2.466942e+26	2.332766e+26	1.341766e+25	4.726382e+25	5.351681e+25	2.52439e+25	1.792223e+25	1.694744e+25	9.747873e+23	3.433696e+24	3.887973e+24	0.1540163	2.52439e+26	1.792223e+26	1.694744e+26	9.747873e+24	0	3.137834e+17	7.321669e+25	0	0	0	0	0	0	0	0	0	0	0	0	0	0	3.252008e+26	0	3.252008e+26	1.470086e+26	0	1.470086e+26	7.870157e+25	0	7.870157e+25	2.940172e+26	0	2.940172e+26	8.761118e+25	0	8.761118e+25	2.806528e+26	0	2.806528e+26	3.864599e+23	8.530699e-10	0.001004956	4.451517e+12	4.211571e+07	458941.4	1.660106e-07	5.891275e-14	3.231333e-21	0.2622511	0.5	0.0043153	0.9372027	50.73195	6.308776	10569.8	1.117189e+26	1.827432e+28	5.151575e+27	6.741065e+25	3.118866e+27	1.203261e+27	5.325573e+26	2.294797e+26	0.2188657	0	0.02178001	0.03560219	0.03560219	0.001424136	0.02670164	0	0	0	0	1.280678e-20	0	1.280678e-20	0	-328.877	0	-328.877	0	30149.85	77194.93	1675.098	8447.673	0.006389748	1	5.074791	0.4520686	1	2	0.01605365	0.04501122	
11984	909.0505	3.45e+19	0	0	100000	2	1e-05	3.482886e+26	2.471645e+26	2.337295e+26	1.343502e+25	4.757612e+25	5.354792e+25	2.530302e+25	1.79564e+25	1.698035e+25	9.760483e+23	3.456385e+24	3.890234e+24	0.1537458	2.530302e+26	1.79564e+26	1.698035e+26	9.760483e+24	0	3.137834e+17	7.346619e+25	0	0	0	0	0	0	0	0	0	0	0	0	0	0	3.259624e+26	0	3.259624e+26	1.473529e+26	0	1.473529e+26	7.888588e+25	0	7.888588e+25	2.947057e+26	0	2.947057e+26	8.781636e+25	0	8.781636e+25	2.8131e+26	0	2.8131e+26	3.862387e+23	8.53599e-10	0.00100625	4.451517e+12	4.239434e+07	459267.5	1.663737e-07	5.917069e-14	3.252578e-21	0.2633993	0.5	0.004343671	0.9446621	50.85076	6.32355	10569.8	1.117189e+26	1.827432e+28	5.151575e+27	6.741065e+25	3.118866e+27	1.203261e+27	5.325573e+26	2.294797e+26	0.2188657	0	0.02177057	0.03560219	0.03560219	0.001424136	0.02670164	0	0	0	0	1.280678e-20	0	1.280678e-20	0	-328.877	0	-328.877	0	30149.85	77194.93	1679.15	8447.673	0.006389748	1	5.07503	0.4520686	1	2	0.01610835	0.04511664	
12012	909.0505	3.45e+19	0	0	100000	2	1e-05	3.491024e+26	2.476345e+26	2.341822e+26	1.345235e+25	4.789075e+25	5.357707e+25	2.536214e+25	1.799054e+25	1.701324e+25	9.773073e+23	3.479243e+24	3.892351e+24	0.1534709	2.536214e+26	1.799054e+26	1.701324e+26	9.773073e+24	0	3.137834e+17	7.371594e+25	0	0	0	0	0	0	0	0	0	0	0	0	0	0	3.26724e+26	0	3.26724e+26	1.476971e+26	0	1.476971e+26	7.907019e+25	0	7.907019e+25	2.953943e+26	0	2.953943e+26	8.802153e+25	0	8.802153e+25	2.819673e+26	0	2.819673e+26	3.860183e+23	8.541269e-10	0.001007543	4.451517e+12	4.267505e+07	459597.9	1.667378e-07	5.942997e-14	3.27398e-21	0.2645535	0.5	0.004372253	0.9512354	50.96957	6.338325	10569.8	1.117189e+26	1.827432e+28	5.151575e+27	6.741065e+25	3.118866e+27	1.203261e+27	5.325573e+26	2.294797e+26	0.2188657	0	0.02176115	0.03560219	0.03560219	0.001424136	0.02670164	0	0	0	0	1.280678e-20	0	1.280678e-20	0	-328.877	0	-328.877	0	30149.85	77194.93	1683.203	8447.673	0.006389748	1	5.075269	0.4520686	1	2	0.01616311	0.04522205	
12040	909.0505	3.45e+19	0	0	100000	2	1e-05	3.499161e+26	2.481042e+26	2.346345e+26	1.346965e+25	4.820744e+25	5.36045e+25	2.542126e+25	1.802466e+25	1.70461e+25	9.785644e+23	3.50225e+24	3.894344e+24	0.1531924	2.542126e+26	1.802466e+26	1.70461e+26	9.785644e+24	0	3.137834e+17	7.396594e+25	0	0	0	0	0	0	0	0	0	0	0	0	0	0	3.274856e+26	0	3.274856e+26	1.480414e+26	0	1.480414e+26	7.92545e+25	0	7.92545e+25	2.960829e+26	0	2.960829e+26	8.822671e+25	0	8.822671e+25	2.826246e+26	0	2.826246e+26	3.857985e+23	8.546538e-10	0.001008834	4.451517e+12	4.29576e+07	459932.7	1.671027e-07	5.969039e-14	3.295523e-21	0.2657128	0.5	0.004401023	0.9570279	51.08838	6.3531	10569.8	1.117189e+26	1.827432e+28	5.151575e+27	6.741065e+25	3.118866e+27	1.203261e+27	5.325573e+26	2.294797e+26	0.2188657	0	0.02175176	0.03560219	0.03560219	0.001424136	0.02670164	0	0	0	0	1.280678e-20	0	1.280678e-20	0	-328.877	0	-328.877	0	30149.85	77194.93	1687.257	8447.673	0.006389749	1	5.075508	0.4520686	1	2	0.01621793	0.04532746	
12068	909.0505	3.45e+19	0	0	100000	2	1e-05	3.507299e+26	2.485735e+26	2.350865e+26	1.348693e+25	4.852595e+25	5.363045e+25	2.548038e+25	1.805876e+25	1.707894e+25	9.798196e+23	3.52539e+24	3.896229e+24	0.152911	2.548038e+26	1.805876e+26	1.707894e+26	9.798196e+24	0	3.137834e+17	7.421619e+25	0	0	0	0	0	0	0	0	0	0	0	0	0	0	3.282472e+26	0	3.282472e+26	1.483857e+26	0	1.483857e+26	7.943882e+25	0	7.943882e+25	2.967714e+26	0	2.967714e+26	8.843189e+25	0	8.843189e+25	2.832818e+26	0	2.832818e+26	3.855793e+23	8.551795e-10	0.001010123	4.451517e+12	4.324178e+07	460271.8	1.674681e-07	5.995173e-14	3.31719e-21	0.2668762	0.5	0.004429958	0.9621324	51.20719	6.367874	10569.8	1.117189e+26	1.827432e+28	5.151575e+27	6.741065e+25	3.118866e+27	1.203261e+27	5.325573e+26	2.294797e+26	0.2188657	0	0.02174238	0.03560219	0.03560219	0.001424136	0.02670164	0	0	0	0	1.280678e-20	0	1.280678e-20	0	-328.877	0	-328.877	0	30149.85	77194.93	1691.31	8447.673	0.006389748	1	5.075746	0.4520686	1	2	0.0162728	0.04543288	
12096	909.0505	3.45e+19	0	0	100000	2	1e-05	3.515436e+26	2.490424e+26	2.355382e+26	1.350418e+25	4.884609e+25	5.365512e+25	2.553949e+25	1.809282e+25	1.711175e+25	9.810727e+23	3.548648e+24	3.898022e+24	0.1526272	2.553949e+26	1.809282e+26	1.711175e+26	9.810727e+24	0	3.137834e+17	7.446669e+25	0	0	0	0	0	0	0	0	0	0	0	0	0	0	3.290088e+26	0	3.290088e+26	1.4873e+26	0	1.4873e+26	7.962313e+25	0	7.962313e+25	2.9746e+26	0	2.9746e+26	8.863707e+25	0	8.863707e+25	2.839391e+26	0	2.839391e+26	3.853608e+23	8.557042e-10	0.00101141	4.451517e+12	4.35274e+07	460615.5	1.678338e-07	6.021384e-14	3.338968e-21	0.2680429	0.5	0.004459042	0.9666305	51.326	6.382649	10569.8	1.117189e+26	1.827432e+28	5.151575e+27	6.741065e+25	3.118866e+27	1.203261e+27	5.325573e+26	2.294797e+26	0.2188657	0	0.02173303	0.03560219	0.03560219	0.001424136	0.02670164	0	0	0	0	1.280678e-20	0	1.280678e-20	0	-328.877	0	-328.877	0	30149.85	77194.93	1695.364	8447.673	0.006389748	1	5.075984	0.4520686	1	2	0.01632773	0.04553829	
12124	909.0505	3.45e+19	0	0	100000	2	1e-05	3.523574e+26	2.49511e+26	2.359896e+26	1.35214e+25	4.916767e+25	5.36787e+25	2.559861e+25	1.812687e+25	1.714454e+25	9.82324e+23	3.57201e+24	3.899735e+24	0.1523416	2.559861e+26	1.812687e+26	1.714454e+26	9.82324e+24	0	3.137834e+17	7.471745e+25	0	0	0	0	0	0	0	0	0	0	0	0	0	0	3.297704e+26	0	3.297704e+26	1.490743e+26	0	1.490743e+26	7.980744e+25	0	7.980744e+25	2.981486e+26	0	2.981486e+26	8.884225e+25	0	8.884225e+25	2.845964e+26	0	2.845964e+26	3.851429e+23	8.562277e-10	0.001012694	4.451517e+12	4.381432e+07	460963.7	1.681995e-07	6.047655e-14	3.360844e-21	0.2692124	0.5	0.004488256	0.9705943	51.44481	6.397424	10569.8	1.117189e+26	1.827432e+28	5.151575e+27	6.741065e+25	3.118866e+27	1.203261e+27	5.325573e+26	2.294797e+26	0.2188657	0	0.02172369	0.03560219	0.03560219	0.001424136	0.02670164	0	0	0	0	1.280678e-20	0	1.280678e-20	0	-328.877	0	-328.877	0	30149.85	77194.93	1699.419	8447.673	0.006389748	1	5.076222	0.4520686	1	2	0.01638271	0.0456437	
12152	909.0505	3.45e+19	0	0	100000	2	1e-05	3.531711e+26	2.499793e+26	2.364407e+26	1.35386e+25	4.949053e+25	5.370135e+25	2.565773e+25	1.816089e+25	1.717731e+25	9.835733e+23	3.595466e+24	3.90138e+24	0.1520548	2.565773e+26	1.816089e+26	1.717731e+26	9.835733e+24	0	3.137834e+17	7.496846e+25	0	0	0	0	0	0	0	0	0	0	0	0	0	0	3.30532e+26	0	3.30532e+26	1.494186e+26	0	1.494186e+26	7.999176e+25	0	7.999176e+25	2.988371e+26	0	2.988371e+26	8.904743e+25	0	8.904743e+25	2.852536e+26	0	2.852536e+26	3.849257e+23	8.567502e-10	0.001013977	4.451517e+12	4.410238e+07	461316.5	1.685651e-07	6.073974e-14	3.382807e-21	0.270384	0.5	0.004517586	0.9740873	51.56362	6.412198	10569.8	1.117189e+26	1.827432e+28	5.151575e+27	6.741065e+25	3.118866e+27	1.203261e+27	5.325573e+26	2.294797e+26	0.2188657	0	0.02171438	0.03560219	0.03560219	0.001424136	0.02670164	0	0	0	0	1.280678e-20	0	1.280678e-20	0	-328.877	0	-328.877	0	30149.85	77194.93	1703.474	8447.673	0.006389749	1	5.076459	0.4520685	1	2	0.01643775	0.04574911	
12180	909.0505	3.45e+19	0	0	100000	2	1e-05	3.539849e+26	2.504472e+26	2.368914e+26	1.355577e+25	4.981452e+25	5.372321e+25	2.571685e+25	1.819488e+25	1.721006e+25	9.848206e+23	3.619003e+24	3.902968e+24	0.151767	2.571685e+26	1.819488e+26	1.721006e+26	9.848206e+24	0	3.137834e+17	7.521972e+25	0	0	0	0	0	0	0	0	0	0	0	0	0	0	3.312936e+26	0	3.312936e+26	1.497628e+26	0	1.497628e+26	8.017607e+25	0	8.017607e+25	2.995257e+26	0	2.995257e+26	8.92526e+25	0	8.92526e+25	2.859109e+26	0	2.859109e+26	3.847091e+23	8.572716e-10	0.001015258	4.451517e+12	4.439145e+07	461674	1.689304e-07	6.100329e-14	3.404847e-21	0.2715572	0.5	0.00454702	0.9771653	51.68243	6.426973	10569.8	1.117189e+26	1.827432e+28	5.151575e+27	6.741065e+25	3.118866e+27	1.203261e+27	5.325573e+26	2.294797e+26	0.2188657	0	0.02170508	0.03560219	0.03560219	0.001424136	0.02670164	0	0	0	0	1.280678e-20	0	1.280678e-20	0	-328.877	0	-328.877	0	30149.85	77194.93	1707.53	8447.673	0.006389748	1	5.076696	0.4520686	1	2	0.01649284	0.04585453	
12208	909.0505	3.45e+19	0	0	100000	2	1e-05	3.547987e+26	2.509147e+26	2.373418e+26	1.357291e+25	5.013951e+25	5.374441e+25	2.577597e+25	1.822885e+25	1.724278e+25	9.860661e+23	3.642614e+24	3.904508e+24	0.1514786	2.577597e+26	1.822885e+26	1.724278e+26	9.860661e+24	0	3.137834e+17	7.547122e+25	0	0	0	0	0	0	0	0	0	0	0	0	0	0	3.320552e+26	0	3.320552e+26	1.501071e+26	0	1.501071e+26	8.036038e+25	0	8.036038e+25	3.002143e+26	0	3.002143e+26	8.945778e+25	0	8.945778e+25	2.865682e+26	0	2.865682e+26	3.844932e+23	8.577919e-10	0.001016536	4.451517e+12	4.468142e+07	462036.2	1.692953e-07	6.126708e-14	3.426956e-21	0.2727314	0.5	0.004576546	0.9798777	51.80125	6.441748	10569.8	1.117189e+26	1.827432e+28	5.151575e+27	6.741065e+25	3.118866e+27	1.203261e+27	5.325573e+26	2.294797e+26	0.2188657	0	0.0216958	0.03560219	0.03560219	0.001424136	0.02670164	0	0	0	0	1.280678e-20	0	1.280678e-20	0	-328.877	0	-328.877	0	30149.85	77194.93	1711.585	8447.673	0.006389748	1	5.076933	0.4520685	1	2	0.01654798	0.04595994	
12236	909.0505	3.45e+19	0	0	100000	2	1e-05	3.556124e+26	2.51382e+26	2.377919e+26	1.359003e+25	5.046541e+25	5.376505e+25	2.583509e+25	1.826279e+25	1.727548e+25	9.873096e+23	3.66629e+24	3.906008e+24	0.15119	2.583509e+26	1.826279e+26	1.727548e+26	9.873096e+24	0	3.137834e+17	7.572298e+25	0	0	0	0	0	0	0	0	0	0	0	0	0	0	3.328168e+26	0	3.328168e+26	1.504514e+26	0	1.504514e+26	8.054469e+25	0	8.054469e+25	3.009028e+26	0	3.009028e+26	8.966296e+25	0	8.966296e+25	2.872254e+26	0	2.872254e+26	3.842778e+23	8.583111e-10	0.001017813	4.451517e+12	4.497219e+07	462403.2	1.696596e-07	6.153103e-14	3.449126e-21	0.2739064	0.5	0.004606153	0.982268	51.92006	6.456522	10569.8	1.117189e+26	1.827432e+28	5.151575e+27	6.741065e+25	3.118866e+27	1.203261e+27	5.325573e+26	2.294797e+26	0.2188657	0	0.02168654	0.03560219	0.03560219	0.001424136	0.02670164	0	0	0	0	1.280678e-20	0	1.280678e-20	0	-328.877	0	-328.877	0	30149.85	77194.93	1715.642	8447.673	0.006389748	1	5.077169	0.4520685	1	2	0.01660318	0.04606535	
12264	909.0505	3.45e+19	0	0	100000	2	1e-05	3.564262e+26	2.518488e+26	2.382417e+26	1.360712e+25	5.079209e+25	5.378525e+25	2.589421e+25	1.829671e+25	1.730816e+25	9.885512e+23	3.690024e+24	3.907475e+24	0.1509015	2.589421e+26	1.829671e+26	1.730816e+26	9.885512e+24	0	3.137834e+17	7.597499e+25	0	0	0	0	0	0	0	0	0	0	0	0	0	0	3.335783e+26	0	3.335783e+26	1.507957e+26	0	1.507957e+26	8.072901e+25	0	8.072901e+25	3.015914e+26	0	3.015914e+26	8.986814e+25	0	8.986814e+25	2.878827e+26	0	2.878827e+26	3.840631e+23	8.588292e-10	0.001019088	4.451517e+12	4.526367e+07	462775	1.700232e-07	6.179506e-14	3.47135e-21	0.2750818	0.5	0.004635832	0.9843743	52.03887	6.471297	10569.8	1.117189e+26	1.827432e+28	5.151575e+27	6.741065e+25	3.118866e+27	1.203261e+27	5.325573e+26	2.294797e+26	0.2188657	0	0.02167729	0.03560219	0.03560219	0.001424136	0.02670164	0	0	0	0	1.280678e-20	0	1.280678e-20	0	-328.877	0	-328.877	0	30149.85	77194.93	1719.698	8447.673	0.006389748	1	5.077405	0.4520686	1	2	0.01665844	0.04617076	
12292	909.0505	3.45e+19	0	0	100000	2	1e-05	3.572399e+26	2.523154e+26	2.386912e+26	1.362418e+25	5.111948e+25	5.380508e+25	2.595333e+25	1.83306e+25	1.734081e+25	9.897909e+23	3.713809e+24	3.908916e+24	0.1506133	2.595333e+26	1.83306e+26	1.734081e+26	9.897909e+24	0	3.137834e+17	7.622725e+25	0	0	0	0	0	0	0	0	0	0	0	0	0	0	3.343399e+26	0	3.343399e+26	1.5114e+26	0	1.5114e+26	8.091332e+25	0	8.091332e+25	3.022799e+26	0	3.022799e+26	9.007332e+25	0	9.007332e+25	2.885399e+26	0	2.885399e+26	3.83849e+23	8.593463e-10	0.001020361	4.451517e+12	4.555578e+07	463151.6	1.70386e-07	6.20591e-14	3.493622e-21	0.2762571	0.5	0.004665576	0.9862304	52.15768	6.486072	10569.8	1.117189e+26	1.827432e+28	5.151575e+27	6.741065e+25	3.118866e+27	1.203261e+27	5.325573e+26	2.294797e+26	0.2188657	0	0.02166807	0.03560219	0.03560219	0.001424136	0.02670164	0	0	0	0	1.280678e-20	0	1.280678e-20	0	-328.877	0	-328.877	0	30149.85	77194.93	1723.755	8447.673	0.006389748	1	5.077641	0.4520685	1	2	0.01671375	0.04627618	
12320	909.0505	3.45e+19	0	0	100000	2	1e-05	3.580537e+26	2.527816e+26	2.391403e+26	1.364122e+25	5.14475e+25	5.382463e+25	2.601245e+25	1.836447e+25	1.737344e+25	9.910287e+23	3.737639e+24	3.910336e+24	0.1503256	2.601245e+26	1.836447e+26	1.737344e+26	9.910287e+24	0	3.137834e+17	7.647975e+25	0	0	0	0	0	0	0	0	0	0	0	0	0	0	3.351015e+26	0	3.351015e+26	1.514843e+26	0	1.514843e+26	8.109763e+25	0	8.109763e+25	3.029685e+26	0	3.029685e+26	9.02785e+25	0	9.02785e+25	2.891972e+26	0	2.891972e+26	3.836356e+23	8.598623e-10	0.001021631	4.451517e+12	4.584845e+07	463533.2	1.70748e-07	6.232308e-14	3.515937e-21	0.2774322	0.5	0.004695376	0.987866	52.27649	6.500846	10569.8	1.117189e+26	1.827432e+28	5.151575e+27	6.741065e+25	3.118866e+27	1.203261e+27	5.325573e+26	2.294797e+26	0.2188657	0	0.02165886	0.03560219	0.03560219	0.001424136	0.02670164	0	0	0	0	1.280678e-20	0	1.280678e-20	0	-328.877	0	-328.877	0	30149.85	77194.93	1727.813	8447.673	0.006389748	1	5.077876	0.4520685	1	2	0.01676912	0.04638159	
12348	909.0505	3.45e+19	0	0	100000	2	1e-05	3.588675e+26	2.532474e+26	2.395892e+26	1.365823e+25	5.177607e+25	5.384397e+25	2.607157e+25	1.839832e+25	1.740605e+25	9.922646e+23	3.761509e+24	3.911741e+24	0.1500386	2.607157e+26	1.839832e+26	1.740605e+26	9.922646e+24	0	3.137834e+17	7.673251e+25	0	0	0	0	0	0	0	0	0	0	0	0	0	0	3.358631e+26	0	3.358631e+26	1.518285e+26	0	1.518285e+26	8.128194e+25	0	8.128194e+25	3.036571e+26	0	3.036571e+26	9.048367e+25	0	9.048367e+25	2.898545e+26	0	2.898545e+26	3.834227e+23	8.603773e-10	0.0010229	4.451517e+12	4.614161e+07	463919.7	1.711091e-07	6.258695e-14	3.53829e-21	0.2786069	0.5	0.004725227	0.9893073	52.3953	6.515621	10569.8	1.117189e+26	1.827432e+28	5.151575e+27	6.741065e+25	3.118866e+27	1.203261e+27	5.325573e+26	2.294797e+26	0.2188657	0	0.02164966	0.03560219	0.03560219	0.001424136	0.02670164	0	0	0	0	1.280678e-20	0	1.280678e-20	0	-328.877	0	-328.877	0	30149.85	77194.93	1731.871	8447.673	0.006389748	1	5.078111	0.4520685	1	2	0.01682453	0.046487	
12376	909.0505	3.45e+19	0	0	100000	2	1e-05	3.596812e+26	2.537129e+26	2.400377e+26	1.367522e+25	5.210513e+25	5.386316e+25	2.613069e+25	1.843214e+25	1.743864e+25	9.934986e+23	3.785415e+24	3.913136e+24	0.1497525	2.613069e+26	1.843214e+26	1.743864e+26	9.934986e+24	0	3.137834e+17	7.698551e+25	0	0	0	0	0	0	0	0	0	0	0	0	0	0	3.366247e+26	0	3.366247e+26	1.521728e+26	0	1.521728e+26	8.146626e+25	0	8.146626e+25	3.043456e+26	0	3.043456e+26	9.068885e+25	0	9.068885e+25	2.905117e+26	0	2.905117e+26	3.832105e+23	8.608912e-10	0.001024167	4.451517e+12	4.643521e+07	464311.3	1.714692e-07	6.285065e-14	3.560676e-21	0.2797808	0.5	0.004755123	0.9905775	52.51411	6.530395	10569.8	1.117189e+26	1.827432e+28	5.151575e+27	6.741065e+25	3.118866e+27	1.203261e+27	5.325573e+26	2.294797e+26	0.2188657	0	0.02164049	0.03560219	0.03560219	0.001424136	0.02670164	0	0	0	0	1.280678e-20	0	1.280678e-20	0	-328.877	0	-328.877	0	30149.85	77194.93	1735.929	8447.673	0.006389748	1	5.078346	0.4520685	1	2	0.01688001	0.04659242	
12404	909.0505	3.45e+19	0	0	100000	2	1e-05	3.60495e+26	2.541781e+26	2.404859e+26	1.369218e+25	5.243462e+25	5.388226e+25	2.618981e+25	1.846593e+25	1.74712e+25	9.947307e+23	3.809353e+24	3.914523e+24	0.1494674	2.618981e+26	1.846593e+26	1.74712e+26	9.947307e+24	0	3.137834e+17	7.723876e+25	0	0	0	0	0	0	0	0	0	0	0	0	0	0	3.373863e+26	0	3.373863e+26	1.525171e+26	0	1.525171e+26	8.165057e+25	0	8.165057e+25	3.050342e+26	0	3.050342e+26	9.089403e+25	0	9.089403e+25	2.91169e+26	0	2.91169e+26	3.829988e+23	8.61404e-10	0.001025432	4.451517e+12	4.67292e+07	464707.9	1.718283e-07	6.311416e-14	3.583092e-21	0.2809537	0.5	0.004785058	0.9916967	52.63292	6.54517	10569.8	1.117189e+26	1.827432e+28	5.151575e+27	6.741065e+25	3.118866e+27	1.203261e+27	5.325573e+26	2.294797e+26	0.2188657	0	0.02163133	0.03560219	0.03560219	0.001424136	0.02670164	0	0	0	0	1.280678e-20	0	1.280678e-20	0	-328.877	0	-328.877	0	30149.85	77194.93	1739.988	8447.673	0.006389748	1	5.078581	0.4520685	1	2	0.01693554	0.04669783	
12432	909.0505	3.45e+19	0	0	100000	2	1e-05	3.613087e+26	2.546429e+26	2.409338e+26	1.370911e+25	5.276449e+25	5.390132e+25	2.624892e+25	1.84997e+25	1.750374e+25	9.95961e+23	3.833318e+24	3.915908e+24	0.1491836	2.624892e+26	1.84997e+26	1.750374e+26	9.95961e+24	0	3.137834e+17	7.749225e+25	0	0	0	0	0	0	0	0	0	0	0	0	0	0	3.381479e+26	0	3.381479e+26	1.528614e+26	0	1.528614e+26	8.183488e+25	0	8.183488e+25	3.057228e+26	0	3.057228e+26	9.109921e+25	0	9.109921e+25	2.918263e+26	0	2.918263e+26	3.827878e+23	8.619158e-10	0.001026695	4.451517e+12	4.702353e+07	465109.6	1.721863e-07	6.337742e-14	3.605534e-21	0.2821257	0.5	0.004815028	0.992683	52.75173	6.559945	10569.8	1.117189e+26	1.827432e+28	5.151575e+27	6.741065e+25	3.118866e+27	1.203261e+27	5.325573e+26	2.294797e+26	0.2188657	0	0.02162219	0.03560219	0.03560219	0.001424136	0.02670164	0	0	0	0	1.280678e-20	0	1.280678e-20	0	-328.877	0	-328.877	0	30149.85	77194.93	1744.047	8447.673	0.006389749	1	5.078815	0.4520685	1	2	0.01699112	0.04680324	
12460	909.0505	3.45e+19	0	0	100000	2	1e-05	3.621225e+26	2.551074e+26	2.413814e+26	1.372602e+25	5.309469e+25	5.392038e+25	2.630804e+25	1.853344e+25	1.753625e+25	9.971893e+23	3.857307e+24	3.917293e+24	0.148901	2.630804e+26	1.853344e+26	1.753625e+26	9.971893e+24	0	3.137834e+17	7.7746e+25	0	0	0	0	0	0	0	0	0	0	0	0	0	0	3.389095e+26	0	3.389095e+26	1.532057e+26	0	1.532057e+26	8.20192e+25	0	8.20192e+25	3.064113e+26	0	3.064113e+26	9.130439e+25	0	9.130439e+25	2.924835e+26	0	2.924835e+26	3.825774e+23	8.624266e-10	0.001027956	4.451517e+12	4.731816e+07	465516.4	1.725432e-07	6.36404e-14	3.627999e-21	0.2832963	0.5	0.004845029	0.9935522	52.87054	6.574719	10569.8	1.117189e+26	1.827432e+28	5.151575e+27	6.741065e+25	3.118866e+27	1.203261e+27	5.325573e+26	2.294797e+26	0.2188657	0	0.02161306	0.03560219	0.03560219	0.001424136	0.02670164	0	0	0	0	1.280678e-20	0	1.280678e-20	0	-328.877	0	-328.877	0	30149.85	77194.93	1748.107	8447.673	0.006389748	1	5.079048	0.4520685	1	2	0.01704675	0.04690865	
12488	909.0505	3.45e+19	0	0	100000	2	1e-05	3.629362e+26	2.555716e+26	2.418287e+26	1.37429e+25	5.342519e+25	5.39395e+25	2.636716e+25	1.856716e+25	1.756875e+25	9.984158e+23	3.881317e+24	3.918681e+24	0.1486198	2.636716e+26	1.856716e+26	1.756875e+26	9.984158e+24	0	3.137834e+17	7.799999e+25	0	0	0	0	0	0	0	0	0	0	0	0	0	0	3.396711e+26	0	3.396711e+26	1.5355e+26	0	1.5355e+26	8.220351e+25	0	8.220351e+25	3.070999e+26	0	3.070999e+26	9.150957e+25	0	9.150957e+25	2.931408e+26	0	2.931408e+26	3.823676e+23	8.629363e-10	0.001029215	4.451517e+12	4.761306e+07	465928.5	1.728989e-07	6.390308e-14	3.650484e-21	0.2844656	0.5	0.004875057	0.9943181	52.98935	6.589494	10569.8	1.117189e+26	1.827432e+28	5.151575e+27	6.741065e+25	3.118866e+27	1.203261e+27	5.325573e+26	2.294797e+26	0.2188657	0	0.02160395	0.03560219	0.03560219	0.001424136	0.02670164	0	0	0	0	1.280678e-20	0	1.280678e-20	0	-328.877	0	-328.877	0	30149.85	77194.93	1752.167	8447.673	0.006389748	1	5.079282	0.4520685	1	2	0.01710245	0.04701407	
12516	909.0505	3.45e+19	0	0	100000	2	1e-05	3.6375e+26	2.560354e+26	2.422756e+26	1.375976e+25	5.375595e+25	5.395869e+25	2.642628e+25	1.860086e+25	1.760122e+25	9.996405e+23	3.905347e+24	3.920076e+24	0.14834	2.642628e+26	1.860086e+26	1.760122e+26	9.996405e+24	0	3.137834e+17	7.825422e+25	0	0	0	0	0	0	0	0	0	0	0	0	0	0	3.404327e+26	0	3.404327e+26	1.538942e+26	0	1.538942e+26	8.238782e+25	0	8.238782e+25	3.077885e+26	0	3.077885e+26	9.171474e+25	0	9.171474e+25	2.937981e+26	0	2.937981e+26	3.821584e+23	8.63445e-10	0.001030472	4.451517e+12	4.790818e+07	466345.8	1.732534e-07	6.416542e-14	3.672987e-21	0.2856335	0.5	0.004905109	0.994993	53.10816	6.604269	10569.8	1.117189e+26	1.827432e+28	5.151575e+27	6.741065e+25	3.118866e+27	1.203261e+27	5.325573e+26	2.294797e+26	0.2188657	0	0.02159485	0.03560219	0.03560219	0.001424136	0.02670164	0	0	0	0	1.280678e-20	0	1.280678e-20	0	-328.877	0	-328.877	0	30149.85	77194.93	1756.227	8447.673	0.006389749	1	5.079515	0.4520685	1	2	0.01715819	0.04711948	
12544	909.0505	3.45e+19	0	0	100000	2	1e-05	3.645638e+26	2.564988e+26	2.427223e+26	1.377659e+25	5.408693e+25	5.3978e+25	2.64854e+25	1.863453e+25	1.763367e+25	1.000863e+24	3.929392e+24	3.921478e+24	0.1480619	2.64854e+26	1.863453e+26	1.763367e+26	1.000863e+25	0	3.137834e+17	7.850871e+25	0	0	0	0	0	0	0	0	0	0	0	0	0	0	3.411943e+26	0	3.411943e+26	1.542385e+26	0	1.542385e+26	8.257213e+25	0	8.257213e+25	3.08477e+26	0	3.08477e+26	9.191992e+25	0	9.191992e+25	2.944553e+26	0	2.944553e+26	3.819498e+23	8.639527e-10	0.001031727	4.451517e+12	4.820351e+07	466768.3	1.736068e-07	6.442741e-14	3.695505e-21	0.2867997	0.5	0.00493518	0.9955878	53.22697	6.619043	10569.8	1.117189e+26	1.827432e+28	5.151575e+27	6.741065e+25	3.118866e+27	1.203261e+27	5.325573e+26	2.294797e+26	0.2188657	0	0.02158577	0.03560219	0.03560219	0.001424136	0.02670164	0	0	0	0	1.280678e-20	0	1.280678e-20	0	-328.877	0	-328.877	0	30149.85	77194.93	1760.288	8447.673	0.006389749	1	5.079748	0.4520685	1	2	0.01721399	0.04722489	
12572	909.0505	3.45e+19	0	0	100000	2	1e-05	3.653775e+26	2.56962e+26	2.431686e+26	1.379339e+25	5.441809e+25	5.399745e+25	2.654452e+25	1.866818e+25	1.766609e+25	1.002084e+24	3.953451e+24	3.922892e+24	0.1477854	2.654452e+26	1.866818e+26	1.766609e+26	1.002084e+25	0	3.137834e+17	7.876343e+25	0	0	0	0	0	0	0	0	0	0	0	0	0	0	3.419559e+26	0	3.419559e+26	1.545828e+26	0	1.545828e+26	8.275645e+25	0	8.275645e+25	3.091656e+26	0	3.091656e+26	9.21251e+25	0	9.21251e+25	2.951126e+26	0	2.951126e+26	3.817417e+23	8.644593e-10	0.00103298	4.451517e+12	4.8499e+07	467196.2	1.739589e-07	6.468902e-14	3.718036e-21	0.2879643	0.5	0.00496527	0.9961119	53.34578	6.633818	10569.8	1.117189e+26	1.827432e+28	5.151575e+27	6.741065e+25	3.118866e+27	1.203261e+27	5.325573e+26	2.294797e+26	0.2188657	0	0.0215767	0.03560219	0.03560219	0.001424136	0.02670164	0	0	0	0	1.280678e-20	0	1.280678e-20	0	-328.877	0	-328.877	0	30149.85	77194.93	1764.349	8447.673	0.006389749	1	5.07998	0.4520685	1	2	0.01726984	0.0473303	
12600	909.0505	3.45e+19	0	0	100000	2	1e-05	3.661913e+26	2.574248e+26	2.436146e+26	1.381017e+25	5.474942e+25	5.401709e+25	2.660364e+25	1.87018e+25	1.76985e+25	1.003303e+24	3.977522e+24	3.924318e+24	0.1475106	2.660364e+26	1.87018e+26	1.76985e+26	1.003303e+25	0	3.137834e+17	7.90184e+25	0	0	0	0	0	0	0	0	0	0	0	0	0	0	3.427175e+26	0	3.427175e+26	1.549271e+26	0	1.549271e+26	8.294076e+25	0	8.294076e+25	3.098542e+26	0	3.098542e+26	9.233028e+25	0	9.233028e+25	2.957699e+26	0	2.957699e+26	3.815343e+23	8.649649e-10	0.001034231	4.451517e+12	4.879464e+07	467629.5	1.743097e-07	6.495023e-14	3.740578e-21	0.289127	0.5	0.004995374	0.9965737	53.46459	6.648593	10569.8	1.117189e+26	1.827432e+28	5.151575e+27	6.741065e+25	3.118866e+27	1.203261e+27	5.325573e+26	2.294797e+26	0.2188657	0	0.02156765	0.03560219	0.03560219	0.001424136	0.02670164	0	0	0	0	1.280678e-20	0	1.280678e-20	0	-328.877	0	-328.877	0	30149.85	77194.93	1768.411	8447.673	0.006389749	1	5.080212	0.4520685	1	2	0.01732575	0.04743572	
12628	909.0505	3.45e+19	0	0	100000	2	1e-05	3.67005e+26	2.578872e+26	2.440603e+26	1.382693e+25	5.508089e+25	5.403692e+25	2.666276e+25	1.87354e+25	1.773088e+25	1.004521e+24	4.001603e+24	3.925759e+24	0.1472375	2.666276e+26	1.87354e+26	1.773088e+26	1.004521e+25	0	3.137834e+17	7.927362e+25	0	0	0	0	0	0	0	0	0	0	0	0	0	0	3.434791e+26	0	3.434791e+26	1.552714e+26	0	1.552714e+26	8.312507e+25	0	8.312507e+25	3.105427e+26	0	3.105427e+26	9.253546e+25	0	9.253546e+25	2.964271e+26	0	2.964271e+26	3.813275e+23	8.654695e-10	0.001035481	4.451517e+12	4.909041e+07	468068.1	1.746593e-07	6.521102e-14	3.76313e-21	0.290288	0.5	0.005025492	0.9969807	53.5834	6.663367	10569.8	1.117189e+26	1.827432e+28	5.151575e+27	6.741065e+25	3.118866e+27	1.203261e+27	5.325573e+26	2.294797e+26	0.2188657	0	0.02155861	0.03560219	0.03560219	0.001424136	0.02670164	0	0	0	0	1.280678e-20	0	1.280678e-20	0	-328.877	0	-328.877	0	30149.85	77194.93	1772.473	8447.673	0.006389748	1	5.080444	0.4520685	1	2	0.01738171	0.04754113	
12656	909.0505	3.45e+19	0	0	100000	2	1e-05	3.678188e+26	2.583494e+26	2.445057e+26	1.384366e+25	5.541247e+25	5.405697e+25	2.672188e+25	1.876897e+25	1.776323e+25	1.005736e+24	4.025692e+24	3.927216e+24	0.1469663	2.672188e+26	1.876897e+26	1.776323e+26	1.005736e+25	0	3.137834e+17	7.952908e+25	0	0	0	0	0	0	0	0	0	0	0	0	0	0	3.442407e+26	0	3.442407e+26	1.556156e+26	0	1.556156e+26	8.330939e+25	0	8.330939e+25	3.112313e+26	0	3.112313e+26	9.274064e+25	0	9.274064e+25	2.970844e+26	0	2.970844e+26	3.811212e+23	8.659731e-10	0.001036728	4.451517e+12	4.938628e+07	468512.3	1.750077e-07	6.547139e-14	3.78569e-21	0.291447	0.5	0.00505562	0.9973394	53.70221	6.678142	10569.8	1.117189e+26	1.827432e+28	5.151575e+27	6.741065e+25	3.118866e+27	1.203261e+27	5.325573e+26	2.294797e+26	0.2188657	0	0.02154959	0.03560219	0.03560219	0.001424136	0.02670164	0	0	0	0	1.280678e-20	0	1.280678e-20	0	-328.877	0	-328.877	0	30149.85	77194.93	1776.535	8447.673	0.006389748	1	5.080675	0.4520685	1	2	0.01743772	0.04764654	
12684	909.0505	3.45e+19	0	0	100000	2	1e-05	3.686326e+26	2.588111e+26	2.449508e+26	1.386036e+25	5.574414e+25	5.407727e+25	2.6781e+25	1.880252e+25	1.779557e+25	1.00695e+24	4.049788e+24	3.92869e+24	0.1466969	2.6781e+26	1.880252e+26	1.779557e+26	1.00695e+25	0	3.137834e+17	7.978479e+25	0	0	0	0	0	0	0	0	0	0	0	0	0	0	3.450023e+26	0	3.450023e+26	1.559599e+26	0	1.559599e+26	8.34937e+25	0	8.34937e+25	3.119199e+26	0	3.119199e+26	9.294582e+25	0	9.294582e+25	2.977417e+26	0	2.977417e+26	3.809155e+23	8.664756e-10	0.001037974	4.451517e+12	4.968223e+07	468961.9	1.753547e-07	6.573131e-14	3.808257e-21	0.2926041	0.5	0.005085756	0.9976554	53.82102	6.692917	10569.8	1.117189e+26	1.827432e+28	5.151575e+27	6.741065e+25	3.118866e+27	1.203261e+27	5.325573e+26	2.294797e+26	0.2188657	0	0.02154058	0.03560219	0.03560219	0.001424136	0.02670164	0	0	0	0	1.280678e-20	0	1.280678e-20	0	-328.877	0	-328.877	0	30149.85	77194.93	1780.598	8447.673	0.006389749	1	5.080907	0.4520685	1	2	0.01749378	0.04775196	
12712	909.0505	3.45e+19	0	0	100000	2	1e-05	3.694463e+26	2.592726e+26	2.453956e+26	1.387704e+25	5.607589e+25	5.409783e+25	2.684012e+25	1.883604e+25	1.782788e+25	1.008161e+24	4.073889e+24	3.930184e+24	0.1464295	2.684012e+26	1.883604e+26	1.782788e+26	1.008161e+25	0	3.137834e+17	8.004074e+25	0	0	0	0	0	0	0	0	0	0	0	0	0	0	3.457639e+26	0	3.457639e+26	1.563042e+26	0	1.563042e+26	8.367801e+25	0	8.367801e+25	3.126084e+26	0	3.126084e+26	9.315099e+25	0	9.315099e+25	2.983989e+26	0	2.983989e+26	3.807104e+23	8.669772e-10	0.001039217	4.451517e+12	4.997825e+07	469417	1.757005e-07	6.599078e-14	3.830828e-21	0.2937591	0.5	0.005115899	0.9979339	53.93983	6.707691	10569.8	1.117189e+26	1.827432e+28	5.151575e+27	6.741065e+25	3.118866e+27	1.203261e+27	5.325573e+26	2.294797e+26	0.2188657	0	0.02153158	0.03560219	0.03560219	0.001424136	0.02670164	0	0	0	0	1.280678e-20	0	1.280678e-20	0	-328.877	0	-328.877	0	30149.85	77194.93	1784.661	8447.673	0.006389748	1	5.081137	0.4520685	1	2	0.0175499	0.04785737	
12740	909.0505	3.45e+19	0	0	100000	2	1e-05	3.702601e+26	2.597337e+26	2.4584e+26	1.38937e+25	5.640768e+25	5.411868e+25	2.689924e+25	1.886954e+25	1.786017e+25	1.009371e+24	4.097994e+24	3.931699e+24	0.146164	2.689924e+26	1.886954e+26	1.786017e+26	1.009371e+25	0	3.137834e+17	8.029693e+25	0	0	0	0	0	0	0	0	0	0	0	0	0	0	3.465255e+26	0	3.465255e+26	1.566485e+26	0	1.566485e+26	8.386232e+25	0	8.386232e+25	3.13297e+26	0	3.13297e+26	9.335617e+25	0	9.335617e+25	2.990562e+26	0	2.990562e+26	3.805059e+23	8.674777e-10	0.001040459	4.451517e+12	5.027431e+07	469877.7	1.760449e-07	6.624979e-14	3.853404e-21	0.2949121	0.5	0.005146047	0.9981793	54.05864	6.722466	10569.8	1.117189e+26	1.827432e+28	5.151575e+27	6.741065e+25	3.118866e+27	1.203261e+27	5.325573e+26	2.294797e+26	0.2188657	0	0.0215226	0.03560219	0.03560219	0.001424136	0.02670164	0	0	0	0	1.280678e-20	0	1.280678e-20	0	-328.877	0	-328.877	0	30149.85	77194.93	1788.725	8447.673	0.006389748	1	5.081368	0.4520685	1	2	0.01760608	0.04796278	
12768	909.0505	3.45e+19	0	0	100000	2	1e-05	3.710738e+26	2.601945e+26	2.462842e+26	1.391033e+25	5.673951e+25	5.413982e+25	2.695836e+25	1.890302e+25	1.789244e+25	1.010579e+24	4.122101e+24	3.933235e+24	0.1459004	2.695836e+26	1.890302e+26	1.789244e+26	1.010579e+25	0	3.137834e+17	8.055336e+25	0	0	0	0	0	0	0	0	0	0	0	0	0	0	3.47287e+26	0	3.47287e+26	1.569928e+26	0	1.569928e+26	8.404664e+25	0	8.404664e+25	3.139855e+26	0	3.139855e+26	9.356135e+25	0	9.356135e+25	2.997135e+26	0	2.997135e+26	3.803019e+23	8.679773e-10	0.001041699	4.451517e+12	5.057041e+07	470344	1.763881e-07	6.650832e-14	3.875982e-21	0.2960629	0.5	0.005176199	0.9983956	54.17745	6.737241	10569.8	1.117189e+26	1.827432e+28	5.151575e+27	6.741065e+25	3.118866e+27	1.203261e+27	5.325573e+26	2.294797e+26	0.2188657	0	0.02151363	0.03560219	0.03560219	0.001424136	0.02670164	0	0	0	0	1.280678e-20	0	1.280678e-20	0	-328.877	0	-328.877	0	30149.85	77194.93	1792.789	8447.673	0.006389748	1	5.081598	0.4520685	1	2	0.0176623	0.04806819	
12796	909.0505	3.45e+19	0	0	100000	2	1e-05	3.718876e+26	2.606549e+26	2.46728e+26	1.392693e+25	5.707136e+25	5.416128e+25	2.701747e+25	1.893647e+25	1.792468e+25	1.011786e+24	4.14621e+24	3.934794e+24	0.1456389	2.701747e+26	1.893647e+26	1.792468e+26	1.011786e+25	0	3.137834e+17	8.081004e+25	0	0	0	0	0	0	0	0	0	0	0	0	0	0	3.480486e+26	0	3.480486e+26	1.573371e+26	0	1.573371e+26	8.423095e+25	0	8.423095e+25	3.146741e+26	0	3.146741e+26	9.376653e+25	0	9.376653e+25	3.003707e+26	0	3.003707e+26	3.800986e+23	8.684758e-10	0.001042937	4.451517e+12	5.086652e+07	470816	1.767299e-07	6.676636e-14	3.898561e-21	0.2972116	0.5	0.005206353	0.9985862	54.29626	6.752015	10569.8	1.117189e+26	1.827432e+28	5.151575e+27	6.741065e+25	3.118866e+27	1.203261e+27	5.325573e+26	2.294797e+26	0.2188657	0	0.02150467	0.03560219	0.03560219	0.001424136	0.02670164	0	0	0	0	1.280678e-20	0	1.280678e-20	0	-328.877	0	-328.877	0	30149.85	77194.93	1796.853	8447.673	0.006389748	1	5.081828	0.4520685	1	2	0.01771858	0.04817361	
12824	909.0505	3.45e+19	0	0	100000	2	1e-05	3.727013e+26	2.611151e+26	2.471715e+26	1.394351e+25	5.740321e+25	5.418307e+25	2.707659e+25	1.89699e+25	1.795691e+25	1.01299e+24	4.170319e+24	3.936377e+24	0.1453793	2.707659e+26	1.89699e+26	1.795691e+26	1.01299e+25	0	3.137834e+17	8.106696e+25	0	0	0	0	0	0	0	0	0	0	0	0	0	0	3.488102e+26	0	3.488102e+26	1.576813e+26	0	1.576813e+26	8.441526e+25	0	8.441526e+25	3.153627e+26	0	3.153627e+26	9.397171e+25	0	9.397171e+25	3.01028e+26	0	3.01028e+26	3.798957e+23	8.689734e-10	0.001044173	4.451517e+12	5.116264e+07	471293.7	1.770705e-07	6.702392e-14	3.921141e-21	0.2983581	0.5	0.005236507	0.9987541	54.41507	6.76679	10569.8	1.117189e+26	1.827432e+28	5.151575e+27	6.741065e+25	3.118866e+27	1.203261e+27	5.325573e+26	2.294797e+26	0.2188657	0	0.02149572	0.03560219	0.03560219	0.001424136	0.02670164	0	0	0	0	1.280678e-20	0	1.280678e-20	0	-328.877	0	-328.877	0	30149.85	77194.93	1800.918	8447.673	0.006389748	1	5.082058	0.4520685	1	2	0.01777492	0.04827902	
12852	909.0505	3.45e+19	0	0	100000	2	1e-05	3.735151e+26	2.615748e+26	2.476148e+26	1.396007e+25	5.773505e+25	5.42052e+25	2.713571e+25	1.90033e+25	1.798911e+25	1.014193e+24	4.194427e+24	3.937985e+24	0.1451219	2.713571e+26	1.90033e+26	1.798911e+26	1.014193e+25	0	3.137834e+17	8.132412e+25	0	0	0	0	0	0	0	0	0	0	0	0	0	0	3.495718e+26	0	3.495718e+26	1.580256e+26	0	1.580256e+26	8.459958e+25	0	8.459958e+25	3.160512e+26	0	3.160512e+26	9.417689e+25	0	9.417689e+25	3.016853e+26	0	3.016853e+26	3.796935e+23	8.6947e-10	0.001045407	4.451517e+12	5.145875e+07	471777.1	1.774097e-07	6.728097e-14	3.94372e-21	0.2995024	0.5	0.005266661	0.9989021	54.53388	6.781565	10569.8	1.117189e+26	1.827432e+28	5.151575e+27	6.741065e+25	3.118866e+27	1.203261e+27	5.325573e+26	2.294797e+26	0.2188657	0	0.02148679	0.03560219	0.03560219	0.001424136	0.02670164	0	0	0	0	1.280678e-20	0	1.280678e-20	0	-328.877	0	-328.877	0	30149.85	77194.93	1804.983	8447.673	0.006389748	1	5.082287	0.4520685	1	2	0.0178313	0.04838443	
12880	909.0505	3.45e+19	0	0	100000	2	1e-05	3.743289e+26	2.620343e+26	2.480577e+26	1.39766e+25	5.806687e+25	5.42277e+25	2.719483e+25	1.903668e+25	1.802129e+25	1.015394e+24	4.218533e+24	3.939619e+24	0.1448665	2.719483e+26	1.903668e+26	1.802129e+26	1.015394e+25	0	3.137834e+17	8.158152e+25	0	0	0	0	0	0	0	0	0	0	0	0	0	0	3.503334e+26	0	3.503334e+26	1.583699e+26	0	1.583699e+26	8.478389e+25	0	8.478389e+25	3.167398e+26	0	3.167398e+26	9.438206e+25	0	9.438206e+25	3.023425e+26	0	3.023425e+26	3.794918e+23	8.699656e-10	0.00104664	4.451517e+12	5.175484e+07	472266.3	1.777476e-07	6.753751e-14	3.966298e-21	0.3006444	0.5	0.005296813	0.9990325	54.65269	6.796339	10569.8	1.117189e+26	1.827432e+28	5.151575e+27	6.741065e+25	3.118866e+27	1.203261e+27	5.325573e+26	2.294797e+26	0.2188657	0	0.02147787	0.03560219	0.03560219	0.001424136	0.02670164	0	0	0	0	1.280678e-20	0	1.280678e-20	0	-328.877	0	-328.877	0	30149.85	77194.93	1809.049	8447.673	0.006389748	1	5.082516	0.4520685	1	2	0.01788774	0.04848984	
12908	909.0505	3.45e+19	0	0	100000	2	1e-05	3.751426e+26	2.624934e+26	2.485003e+26	1.39931e+25	5.839865e+25	5.425056e+25	2.725395e+25	1.907003e+25	1.805344e+25	1.016593e+24	4.242637e+24	3.94128e+24	0.1446132	2.725395e+26	1.907003e+26	1.805344e+26	1.016593e+25	0	3.137834e+17	8.183916e+25	0	0	0	0	0	0	0	0	0	0	0	0	0	0	3.51095e+26	0	3.51095e+26	1.587142e+26	0	1.587142e+26	8.49682e+25	0	8.49682e+25	3.174284e+26	0	3.174284e+26	9.458724e+25	0	9.458724e+25	3.029998e+26	0	3.029998e+26	3.792907e+23	8.704602e-10	0.00104787	4.451517e+12	5.20509e+07	472761.4	1.780842e-07	6.779355e-14	3.988874e-21	0.3017841	0.5	0.005326962	0.9991474	54.7715	6.811114	10569.8	1.117189e+26	1.827432e+28	5.151575e+27	6.741065e+25	3.118866e+27	1.203261e+27	5.325573e+26	2.294797e+26	0.2188657	0	0.02146896	0.03560219	0.03560219	0.001424136	0.02670164	0	0	0	0	1.280678e-20	0	1.280678e-20	0	-328.877	0	-328.877	0	30149.85	77194.93	1813.115	8447.673	0.006389748	1	5.082745	0.4520685	1	2	0.01794423	0.04859526	
12936	909.0505	3.45e+19	0	0	100000	2	1e-05	3.759564e+26	2.629522e+26	2.489426e+26	1.400959e+25	5.873037e+25	5.42738e+25	2.731307e+25	1.910337e+25	1.808558e+25	1.01779e+24	4.266736e+24	3.942968e+24	0.144362	2.731307e+26	1.910337e+26	1.808558e+26	1.01779e+25	0	3.137834e+17	8.209705e+25	0	0	0	0	0	0	0	0	0	0	0	0	0	0	3.518566e+26	0	3.518566e+26	1.590585e+26	0	1.590585e+26	8.515251e+25	0	8.515251e+25	3.181169e+26	0	3.181169e+26	9.479242e+25	0	9.479242e+25	3.036571e+26	0	3.036571e+26	3.790901e+23	8.709538e-10	0.001049099	4.451517e+12	5.234691e+07	473262.3	1.784195e-07	6.804906e-14	4.011446e-21	0.3029215	0.5	0.005357106	0.9992487	54.89031	6.825889	10569.8	1.117189e+26	1.827432e+28	5.151575e+27	6.741065e+25	3.118866e+27	1.203261e+27	5.325573e+26	2.294797e+26	0.2188657	0	0.02146006	0.03560219	0.03560219	0.001424136	0.02670164	0	0	0	0	1.280678e-20	0	1.280678e-20	0	-328.877	0	-328.877	0	30149.85	77194.93	1817.181	8447.673	0.006389748	1	5.082973	0.4520684	1	2	0.01800078	0.04870067	
12964	909.0505	3.45e+19	0	0	100000	2	1e-05	3.767701e+26	2.634107e+26	2.493846e+26	1.402604e+25	5.906204e+25	5.429744e+25	2.737219e+25	1.913667e+25	1.811769e+25	1.018986e+24	4.290832e+24	3.944686e+24	0.1441129	2.737219e+26	1.913667e+26	1.811769e+26	1.018986e+25	0	3.137834e+17	8.235517e+25	0	0	0	0	0	0	0	0	0	0	0	0	0	0	3.526182e+26	0	3.526182e+26	1.594028e+26	0	1.594028e+26	8.533683e+25	0	8.533683e+25	3.188055e+26	0	3.188055e+26	9.49976e+25	0	9.49976e+25	3.043143e+26	0	3.043143e+26	3.788901e+23	8.714465e-10	0.001050326	4.451517e+12	5.264287e+07	473769	1.787535e-07	6.830405e-14	4.034014e-21	0.3040566	0.5	0.005387245	0.999338	55.00912	6.840663	10569.8	1.117189e+26	1.827432e+28	5.151575e+27	6.741065e+25	3.118866e+27	1.203261e+27	5.325573e+26	2.294797e+26	0.2188657	0	0.02145117	0.03560219	0.03560219	0.001424136	0.02670164	0	0	0	0	1.280678e-20	0	1.280678e-20	0	-328.877	0	-328.877	0	30149.85	77194.93	1821.248	8447.673	0.006389749	1	5.083201	0.4520684	1	2	0.01805737	0.04880608	
12992	909.0505	3.45e+19	0	0	100000	2	1e-05	3.775839e+26	2.638688e+26	2.498263e+26	1.404248e+25	5.939363e+25	5.432148e+25	2.743131e+25	1.916996e+25	1.814978e+25	1.02018e+24	4.314921e+24	3.946432e+24	0.143866	2.743131e+26	1.916996e+26	1.814978e+26	1.02018e+25	0	3.137834e+17	8.261354e+25	0	0	0	0	0	0	0	0	0	0	0	0	0	0	3.533798e+26	0	3.533798e+26	1.59747e+26	0	1.59747e+26	8.552114e+25	0	8.552114e+25	3.194941e+26	0	3.194941e+26	9.520278e+25	0	9.520278e+25	3.049716e+26	0	3.049716e+26	3.786906e+23	8.719382e-10	0.001051551	4.451517e+12	5.293877e+07	474281.8	1.790861e-07	6.855851e-14	4.056578e-21	0.3051894	0.5	0.005417378	0.9994166	55.12793	6.855438	10569.8	1.117189e+26	1.827432e+28	5.151575e+27	6.741065e+25	3.118866e+27	1.203261e+27	5.325573e+26	2.294797e+26	0.2188657	0	0.0214423	0.03560219	0.03560219	0.001424136	0.02670164	0	0	0	0	1.280678e-20	0	1.280678e-20	0	-328.877	0	-328.877	0	30149.85	77194.93	1825.316	8447.673	0.006389748	1	5.083429	0.4520684	1	2	0.01811402	0.0489115	
13020	909.0505	3.45e+19	0	0	100000	2	1e-05	3.783977e+26	2.643266e+26	2.502677e+26	1.405888e+25	5.972513e+25	5.434594e+25	2.749043e+25	1.920321e+25	1.818184e+25	1.021372e+24	4.339005e+24	3.948209e+24	0.1436212	2.749043e+26	1.920321e+26	1.818184e+26	1.021372e+25	0	3.137834e+17	8.287214e+25	0	0	0	0	0	0	0	0	0	0	0	0	0	0	3.541414e+26	0	3.541414e+26	1.600913e+26	0	1.600913e+26	8.570545e+25	0	8.570545e+25	3.201826e+26	0	3.201826e+26	9.540796e+25	0	9.540796e+25	3.056289e+26	0	3.056289e+26	3.784917e+23	8.724289e-10	0.001052774	4.451517e+12	5.323459e+07	474800.5	1.794175e-07	6.881244e-14	4.079136e-21	0.3063197	0.5	0.005447503	0.9994859	55.24674	6.870212	10569.8	1.117189e+26	1.827432e+28	5.151575e+27	6.741065e+25	3.118866e+27	1.203261e+27	5.325573e+26	2.294797e+26	0.2188657	0	0.02143343	0.03560219	0.03560219	0.001424136	0.02670164	0	0	0	0	1.280678e-20	0	1.280678e-20	0	-328.877	0	-328.877	0	30149.85	77194.93	1829.383	8447.673	0.006389748	1	5.083657	0.4520684	1	2	0.01817072	0.04901691	
13048	909.0505	3.45e+19	0	0	100000	2	1e-05	3.792114e+26	2.647841e+26	2.507088e+26	1.407527e+25	6.005654e+25	5.437082e+25	2.754955e+25	1.923645e+25	1.821389e+25	1.022562e+24	4.363082e+24	3.950017e+24	0.1433786	2.754955e+26	1.923645e+26	1.821389e+26	1.022562e+25	0	3.137834e+17	8.313098e+25	0	0	0	0	0	0	0	0	0	0	0	0	0	0	3.54903e+26	0	3.54903e+26	1.604356e+26	0	1.604356e+26	8.588976e+25	0	8.588976e+25	3.208712e+26	0	3.208712e+26	9.561313e+25	0	9.561313e+25	3.062861e+26	0	3.062861e+26	3.782933e+23	8.729187e-10	0.001053995	4.451517e+12	5.353032e+07	475325.2	1.797475e-07	6.906583e-14	4.101688e-21	0.3074477	0.5	0.00547762	0.999547	55.36555	6.884987	10569.8	1.117189e+26	1.827432e+28	5.151575e+27	6.741065e+25	3.118866e+27	1.203261e+27	5.325573e+26	2.294797e+26	0.2188657	0	0.02142458	0.03560219	0.03560219	0.001424136	0.02670164	0	0	0	0	1.280678e-20	0	1.280678e-20	0	-328.877	0	-328.877	0	30149.85	77194.93	1833.451	8447.673	0.006389748	1	5.083884	0.4520684	1	2	0.01822748	0.04912232	
13076	909.0505	3.45e+19	0	0	100000	2	1e-05	3.800252e+26	2.652412e+26	2.511496e+26	1.409163e+25	6.038784e+25	5.439614e+25	2.760867e+25	1.926966e+25	1.824591e+25	1.023751e+24	4.387151e+24	3.951856e+24	0.1431382	2.760867e+26	1.926966e+26	1.824591e+26	1.023751e+25	0	3.137834e+17	8.339007e+25	0	0	0	0	0	0	0	0	0	0	0	0	0	0	3.556646e+26	0	3.556646e+26	1.607799e+26	0	1.607799e+26	8.607408e+25	0	8.607408e+25	3.215598e+26	0	3.215598e+26	9.581831e+25	0	9.581831e+25	3.069434e+26	0	3.069434e+26	3.780955e+23	8.734075e-10	0.001055215	4.451517e+12	5.382597e+07	475855.9	1.800762e-07	6.931867e-14	4.124232e-21	0.3085733	0.5	0.005507727	0.9996008	55.48436	6.899762	10569.8	1.117189e+26	1.827432e+28	5.151575e+27	6.741065e+25	3.118866e+27	1.203261e+27	5.325573e+26	2.294797e+26	0.2188657	0	0.02141573	0.03560219	0.03560219	0.001424136	0.02670164	0	0	0	0	1.280678e-20	0	1.280678e-20	0	-328.877	0	-328.877	0	30149.85	77194.93	1837.52	8447.673	0.006389748	1	5.084111	0.4520684	1	2	0.01828429	0.04922773	
13104	909.0505	3.45e+19	0	0	100000	2	1e-05	3.808389e+26	2.65698e+26	2.5159e+26	1.410796e+25	6.071902e+25	5.44219e+25	2.766779e+25	1.930285e+25	1.827791e+25	1.024938e+24	4.411211e+24	3.953728e+24	0.1429	2.766779e+26	1.930285e+26	1.827791e+26	1.024938e+25	0	3.137834e+17	8.364939e+25	0	0	0	0	0	0	0	0	0	0	0	0	0	0	3.564262e+26	0	3.564262e+26	1.611242e+26	0	1.611242e+26	8.625839e+25	0	8.625839e+25	3.222483e+26	0	3.222483e+26	9.602349e+25	0	9.602349e+25	3.076007e+26	0	3.076007e+26	3.778982e+23	8.738954e-10	0.001056433	4.451517e+12	5.412151e+07	476392.8	1.804037e-07	6.957098e-14	4.146769e-21	0.3096964	0.5	0.005537824	0.9996482	55.60317	6.914536	10569.8	1.117189e+26	1.827432e+28	5.151575e+27	6.741065e+25	3.118866e+27	1.203261e+27	5.325573e+26	2.294797e+26	0.2188657	0	0.0214069	0.03560219	0.03560219	0.001424136	0.02670164	0	0	0	0	1.280678e-20	0	1.280678e-20	0	-328.877	0	-328.877	0	30149.85	77194.93	1841.589	8447.673	0.006389748	1	5.084337	0.4520684	1	2	0.01834114	0.04933315	
13132	909.0505	3.45e+19	0	0	100000	2	1e-05	3.816527e+26	2.661545e+26	2.520302e+26	1.412428e+25	6.105008e+25	5.444811e+25	2.77269e+25	1.933601e+25	1.830989e+25	1.026123e+24	4.435262e+24	3.955632e+24	0.142664	2.77269e+26	1.933601e+26	1.830989e+26	1.026123e+25	0	3.137834e+17	8.390895e+25	0	0	0	0	0	0	0	0	0	0	0	0	0	0	3.571878e+26	0	3.571878e+26	1.614684e+26	0	1.614684e+26	8.64427e+25	0	8.64427e+25	3.229369e+26	0	3.229369e+26	9.622867e+25	0	9.622867e+25	3.082579e+26	0	3.082579e+26	3.777015e+23	8.743823e-10	0.001057649	4.451517e+12	5.441693e+07	476935.8	1.807298e-07	6.982273e-14	4.169298e-21	0.3108171	0.5	0.005567911	0.99969	55.72198	6.929311	10569.8	1.117189e+26	1.827432e+28	5.151575e+27	6.741065e+25	3.118866e+27	1.203261e+27	5.325573e+26	2.294797e+26	0.2188657	0	0.02139808	0.03560219	0.03560219	0.001424136	0.02670164	0	0	0	0	1.280678e-20	0	1.280678e-20	0	-328.877	0	-328.877	0	30149.85	77194.93	1845.658	8447.673	0.006389748	1	5.084563	0.4520684	1	2	0.01839806	0.04943856	
13160	909.0505	3.45e+19	0	0	100000	2	1e-05	3.824664e+26	2.666106e+26	2.524701e+26	1.414056e+25	6.138101e+25	5.447479e+25	2.778602e+25	1.936915e+25	1.834184e+25	1.027306e+24	4.459304e+24	3.95757e+24	0.1424303	2.778602e+26	1.936915e+26	1.834184e+26	1.027306e+25	0	3.137834e+17	8.416874e+25	0	0	0	0	0	0	0	0	0	0	0	0	0	0	3.579494e+26	0	3.579494e+26	1.618127e+26	0	1.618127e+26	8.662702e+25	0	8.662702e+25	3.236255e+26	0	3.236255e+26	9.643385e+25	0	9.643385e+25	3.089152e+26	0	3.089152e+26	3.775053e+23	8.748682e-10	0.001058863	4.451517e+12	5.471224e+07	477485	1.810546e-07	7.007393e-14	4.191818e-21	0.3119353	0.5	0.005597985	0.9997268	55.84079	6.944086	10569.8	1.117189e+26	1.827432e+28	5.151575e+27	6.741065e+25	3.118866e+27	1.203261e+27	5.325573e+26	2.294797e+26	0.2188657	0	0.02138927	0.03560219	0.03560219	0.001424136	0.02670164	0	0	0	0	1.280678e-20	0	1.280678e-20	0	-328.877	0	-328.877	0	30149.85	77194.93	1849.727	8447.673	0.006389749	1	5.084789	0.4520684	1	2	0.01845502	0.04954397	
13188	909.0505	3.45e+19	0	0	100000	2	1e-05	3.832802e+26	2.670665e+26	2.529096e+26	1.415683e+25	6.171178e+25	5.450194e+25	2.784514e+25	1.940227e+25	1.837378e+25	1.028488e+24	4.483335e+24	3.959543e+24	0.1421987	2.784514e+26	1.940227e+26	1.837378e+26	1.028488e+25	0	3.137834e+17	8.442878e+25	0	0	0	0	0	0	0	0	0	0	0	0	0	0	3.58711e+26	0	3.58711e+26	1.62157e+26	0	1.62157e+26	8.681133e+25	0	8.681133e+25	3.24314e+26	0	3.24314e+26	9.663903e+25	0	9.663903e+25	3.095725e+26	0	3.095725e+26	3.773096e+23	8.753533e-10	0.001060075	4.451517e+12	5.500742e+07	478040.4	1.813781e-07	7.032457e-14	4.214328e-21	0.313051	0.5	0.005628046	0.9997593	55.9596	6.95886	10569.8	1.117189e+26	1.827432e+28	5.151575e+27	6.741065e+25	3.118866e+27	1.203261e+27	5.325573e+26	2.294797e+26	0.2188657	0	0.02138046	0.03560219	0.03560219	0.001424136	0.02670164	0	0	0	0	1.280678e-20	0	1.280678e-20	0	-328.877	0	-328.877	0	30149.85	77194.93	1853.797	8447.673	0.006389748	1	5.085015	0.4520684	1	2	0.01851204	0.04964938	
13216	909.0505	3.45e+19	0	0	100000	2	1e-05	3.84094e+26	2.67522e+26	2.533489e+26	1.417307e+25	6.204241e+25	5.452958e+25	2.790426e+25	1.943536e+25	1.840569e+25	1.029667e+24	4.507354e+24	3.961551e+24	0.1419694	2.790426e+26	1.943536e+26	1.840569e+26	1.029667e+25	0	3.137834e+17	8.468905e+25	0	0	0	0	0	0	0	0	0	0	0	0	0	0	3.594726e+26	0	3.594726e+26	1.625013e+26	0	1.625013e+26	8.699564e+25	0	8.699564e+25	3.250026e+26	0	3.250026e+26	9.68442e+25	0	9.68442e+25	3.102297e+26	0	3.102297e+26	3.771145e+23	8.758373e-10	0.001061285	4.451517e+12	5.530247e+07	478602	1.817003e-07	7.057465e-14	4.236828e-21	0.3141643	0.5	0.005658094	0.9997879	56.07841	6.973635	10569.8	1.117189e+26	1.827432e+28	5.151575e+27	6.741065e+25	3.118866e+27	1.203261e+27	5.325573e+26	2.294797e+26	0.2188657	0	0.02137167	0.03560219	0.03560219	0.001424136	0.02670164	0	0	0	0	1.280678e-20	0	1.280678e-20	0	-328.877	0	-328.877	0	30149.85	77194.93	1857.868	8447.673	0.006389748	1	5.08524	0.4520684	1	2	0.0185691	0.0497548	
13244	909.0505	3.45e+19	0	0	100000	2	1e-05	3.849077e+26	2.679772e+26	2.537879e+26	1.418929e+25	6.237287e+25	5.45577e+25	2.796338e+25	1.946843e+25	1.843758e+25	1.030846e+24	4.531362e+24	3.963594e+24	0.1417423	2.796338e+26	1.946843e+26	1.843758e+26	1.030846e+25	0	3.137834e+17	8.494956e+25	0	0	0	0	0	0	0	0	0	0	0	0	0	0	3.602342e+26	0	3.602342e+26	1.628456e+26	0	1.628456e+26	8.717995e+25	0	8.717995e+25	3.256912e+26	0	3.256912e+26	9.704938e+25	0	9.704938e+25	3.10887e+26	0	3.10887e+26	3.769199e+23	8.763205e-10	0.001062494	4.451517e+12	5.559737e+07	479169.9	1.820212e-07	7.082417e-14	4.259317e-21	0.315275	0.5	0.005688127	0.9998131	56.19722	6.98841	10569.8	1.117189e+26	1.827432e+28	5.151575e+27	6.741065e+25	3.118866e+27	1.203261e+27	5.325573e+26	2.294797e+26	0.2188657	0	0.02136288	0.03560219	0.03560219	0.001424136	0.02670164	0	0	0	0	1.280678e-20	0	1.280678e-20	0	-328.877	0	-328.877	0	30149.85	77194.93	1861.939	8447.673	0.006389748	1	5.085466	0.4520684	1	2	0.01862622	0.04986021	
13272	909.0505	3.45e+19	0	0	100000	2	1e-05	3.857215e+26	2.68432e+26	2.542265e+26	1.420548e+25	6.270315e+25	5.458632e+25	2.80225e+25	1.950147e+25	1.846945e+25	1.032022e+24	4.555357e+24	3.965673e+24	0.1415175	2.80225e+26	1.950147e+26	1.846945e+26	1.032022e+25	0	3.137834e+17	8.52103e+25	0	0	0	0	0	0	0	0	0	0	0	0	0	0	3.609957e+26	0	3.609957e+26	1.631899e+26	0	1.631899e+26	8.736427e+25	0	8.736427e+25	3.263797e+26	0	3.263797e+26	9.725456e+25	0	9.725456e+25	3.115443e+26	0	3.115443e+26	3.767258e+23	8.768027e-10	0.001063701	4.451517e+12	5.589212e+07	479744.2	1.823409e-07	7.107313e-14	4.281795e-21	0.3163832	0.5	0.005718145	0.9998353	56.31603	7.003184	10569.8	1.117189e+26	1.827432e+28	5.151575e+27	6.741065e+25	3.118866e+27	1.203261e+27	5.325573e+26	2.294797e+26	0.2188657	0	0.02135411	0.03560219	0.03560219	0.001424136	0.02670164	0	0	0	0	1.280678e-20	0	1.280678e-20	0	-328.877	0	-328.877	0	30149.85	77194.93	1866.01	8447.673	0.006389748	1	5.08569	0.4520684	1	2	0.01868339	0.04996562	
13300	909.0505	3.45e+19	0	0	100000	2	1e-05	3.865352e+26	2.688865e+26	2.546649e+26	1.422165e+25	6.303326e+25	5.461545e+25	2.808162e+25	1.953449e+25	1.850129e+25	1.033197e+24	4.579339e+24	3.967789e+24	0.1412949	2.808162e+26	1.953449e+26	1.850129e+26	1.033197e+25	0	3.137834e+17	8.547128e+25	0	0	0	0	0	0	0	0	0	0	0	0	0	0	3.617573e+26	0	3.617573e+26	1.635341e+26	0	1.635341e+26	8.754858e+25	0	8.754858e+25	3.270683e+26	0	3.270683e+26	9.745974e+25	0	9.745974e+25	3.122015e+26	0	3.122015e+26	3.765322e+23	8.77284e-10	0.001064906	4.451517e+12	5.61867e+07	480324.8	1.826592e-07	7.132151e-14	4.304261e-21	0.3174889	0.5	0.005748147	0.9998548	56.43484	7.017959	10569.8	1.117189e+26	1.827432e+28	5.151575e+27	6.741065e+25	3.118866e+27	1.203261e+27	5.325573e+26	2.294797e+26	0.2188657	0	0.02134534	0.03560219	0.03560219	0.001424136	0.02670164	0	0	0	0	1.280678e-20	0	1.280678e-20	0	-328.877	0	-328.877	0	30149.85	77194.93	1870.081	8447.673	0.006389749	1	5.085915	0.4520684	1	2	0.01874062	0.05007103	
13328	909.0505	3.45e+19	0	0	100000	2	1e-05	3.87349e+26	2.693407e+26	2.551029e+26	1.423779e+25	6.336318e+25	5.464509e+25	2.814074e+25	1.956749e+25	1.853312e+25	1.03437e+24	4.603308e+24	3.969942e+24	0.1410746	2.814074e+26	1.956749e+26	1.853312e+26	1.03437e+25	0	3.137834e+17	8.57325e+25	0	0	0	0	0	0	0	0	0	0	0	0	0	0	3.625189e+26	0	3.625189e+26	1.638784e+26	0	1.638784e+26	8.773289e+25	0	8.773289e+25	3.277568e+26	0	3.277568e+26	9.766492e+25	0	9.766492e+25	3.128588e+26	0	3.128588e+26	3.763392e+23	8.777643e-10	0.001066109	4.451517e+12	5.648112e+07	480911.8	1.829763e-07	7.156933e-14	4.326714e-21	0.3185921	0.5	0.005778132	0.9998721	56.55365	7.032734	10569.8	1.117189e+26	1.827432e+28	5.151575e+27	6.741065e+25	3.118866e+27	1.203261e+27	5.325573e+26	2.294797e+26	0.2188657	0	0.02133659	0.03560219	0.03560219	0.001424136	0.02670164	0	0	0	0	1.280678e-20	0	1.280678e-20	0	-328.877	0	-328.877	0	30149.85	77194.93	1874.153	8447.673	0.006389748	1	5.086139	0.4520684	1	2	0.01879789	0.05017645	
13356	909.0505	3.45e+19	0	0	100000	2	1e-05	3.881628e+26	2.697946e+26	2.555407e+26	1.425392e+25	6.369289e+25	5.467525e+25	2.819986e+25	1.960046e+25	1.856492e+25	1.035541e+24	4.627261e+24	3.972134e+24	0.1408565	2.819986e+26	1.960046e+26	1.856492e+26	1.035541e+25	0	3.137834e+17	8.599395e+25	0	0	0	0	0	0	0	0	0	0	0	0	0	0	3.632805e+26	0	3.632805e+26	1.642227e+26	0	1.642227e+26	8.791721e+25	0	8.791721e+25	3.284454e+26	0	3.284454e+26	9.78701e+25	0	9.78701e+25	3.135161e+26	0	3.135161e+26	3.761467e+23	8.782437e-10	0.001067311	4.451517e+12	5.677536e+07	481505.2	1.83292e-07	7.181657e-14	4.349153e-21	0.3196927	0.5	0.005808099	0.9998873	56.67246	7.047508	10569.8	1.117189e+26	1.827432e+28	5.151575e+27	6.741065e+25	3.118866e+27	1.203261e+27	5.325573e+26	2.294797e+26	0.2188657	0	0.02132784	0.03560219	0.03560219	0.001424136	0.02670164	0	0	0	0	1.280678e-20	0	1.280678e-20	0	-328.877	0	-328.877	0	30149.85	77194.93	1878.226	8447.673	0.006389748	1	5.086363	0.4520684	1	2	0.01885522	0.05028186	
13384	909.0505	3.45e+19	0	0	100000	2	1e-05	3.889765e+26	2.702482e+26	2.559781e+26	1.427002e+25	6.40224e+25	5.470595e+25	2.825898e+25	1.963341e+25	1.85967e+25	1.03671e+24	4.6512e+24	3.974364e+24	0.1406408	2.825898e+26	1.963341e+26	1.85967e+26	1.03671e+25	0	3.137834e+17	8.625564e+25	0	0	0	0	0	0	0	0	0	0	0	0	0	0	3.640421e+26	0	3.640421e+26	1.64567e+26	0	1.64567e+26	8.810152e+25	0	8.810152e+25	3.29134e+26	0	3.29134e+26	9.807528e+25	0	9.807528e+25	3.141733e+26	0	3.141733e+26	3.759547e+23	8.787222e-10	0.001068511	4.451517e+12	5.706942e+07	482105.2	1.836065e-07	7.206323e-14	4.371579e-21	0.3207907	0.5	0.005838048	0.9999007	56.79127	7.062283	10569.8	1.117189e+26	1.827432e+28	5.151575e+27	6.741065e+25	3.118866e+27	1.203261e+27	5.325573e+26	2.294797e+26	0.2188657	0	0.0213191	0.03560219	0.03560219	0.001424136	0.02670164	0	0	0	0	1.280678e-20	0	1.280678e-20	0	-328.877	0	-328.877	0	30149.85	77194.93	1882.298	8447.673	0.006389749	1	5.086587	0.4520684	1	2	0.0189126	0.05038727	
13412	909.0505	3.45e+19	0	0	100000	2	1e-05	3.897903e+26	2.707014e+26	2.564153e+26	1.428609e+25	6.43517e+25	5.473718e+25	2.83181e+25	1.966634e+25	1.862846e+25	1.037878e+24	4.675123e+24	3.976633e+24	0.1404273	2.83181e+26	1.966634e+26	1.862846e+26	1.037878e+25	0	3.137834e+17	8.651756e+25	0	0	0	0	0	0	0	0	0	0	0	0	0	0	3.648037e+26	0	3.648037e+26	1.649113e+26	0	1.649113e+26	8.828583e+25	0	8.828583e+25	3.298225e+26	0	3.298225e+26	9.828045e+25	0	9.828045e+25	3.148306e+26	0	3.148306e+26	3.757632e+23	8.791998e-10	0.001069709	4.451517e+12	5.736329e+07	482711.6	1.839198e-07	7.230932e-14	4.393991e-21	0.3218862	0.5	0.005867977	0.9999125	56.91008	7.077058	10569.8	1.117189e+26	1.827432e+28	5.151575e+27	6.741065e+25	3.118866e+27	1.203261e+27	5.325573e+26	2.294797e+26	0.2188657	0	0.02131037	0.03560219	0.03560219	0.001424136	0.02670164	0	0	0	0	1.280678e-20	0	1.280678e-20	0	-328.877	0	-328.877	0	30149.85	77194.93	1886.372	8447.673	0.006389749	1	5.08681	0.4520684	1	2	0.01897003	0.05049269	
13440	909.0505	3.45e+19	0	0	100000	2	1e-05	3.90604e+26	2.711543e+26	2.568522e+26	1.430214e+25	6.468077e+25	5.476896e+25	2.837722e+25	1.969924e+25	1.86602e+25	1.039045e+24	4.69903e+24	3.978942e+24	0.1402161	2.837722e+26	1.969924e+26	1.86602e+26	1.039045e+25	0	3.137834e+17	8.677972e+25	0	0	0	0	0	0	0	0	0	0	0	0	0	0	3.655653e+26	0	3.655653e+26	1.652556e+26	0	1.652556e+26	8.847014e+25	0	8.847014e+25	3.305111e+26	0	3.305111e+26	9.848563e+25	0	9.848563e+25	3.154879e+26	0	3.154879e+26	3.755722e+23	8.796765e-10	0.001070905	4.451517e+12	5.765697e+07	483324.6	1.842317e-07	7.255482e-14	4.416388e-21	0.322979	0.5	0.005897887	0.9999229	57.02889	7.091832	10569.8	1.117189e+26	1.827432e+28	5.151575e+27	6.741065e+25	3.118866e+27	1.203261e+27	5.325573e+26	2.294797e+26	0.2188657	0	0.02130165	0.03560219	0.03560219	0.001424136	0.02670164	0	0	0	0	1.280678e-20	0	1.280678e-20	0	-328.877	0	-328.877	0	30149.85	77194.93	1890.445	8447.673	0.006389748	1	5.087033	0.4520684	1	2	0.01902751	0.0505981	
13468	909.0505	3.45e+19	0	0	100000	2	1e-05	3.914178e+26	2.716069e+26	2.572887e+26	1.431817e+25	6.500961e+25	5.480129e+25	2.843634e+25	1.973212e+25	1.869191e+25	1.040209e+24	4.72292e+24	3.981291e+24	0.1400072	2.843634e+26	1.973212e+26	1.869191e+26	1.040209e+25	0	3.137834e+17	8.704211e+25	0	0	0	0	0	0	0	0	0	0	0	0	0	0	3.663269e+26	0	3.663269e+26	1.655998e+26	0	1.655998e+26	8.865446e+25	0	8.865446e+25	3.311997e+26	0	3.311997e+26	9.869081e+25	0	9.869081e+25	3.161451e+26	0	3.161451e+26	3.753817e+23	8.801523e-10	0.0010721	4.451517e+12	5.795043e+07	483944.1	1.845424e-07	7.279974e-14	4.438769e-21	0.3240693	0.5	0.005927776	0.999932	57.1477	7.106607	10569.8	1.117189e+26	1.827432e+28	5.151575e+27	6.741065e+25	3.118866e+27	1.203261e+27	5.325573e+26	2.294797e+26	0.2188657	0	0.02129293	0.03560219	0.03560219	0.001424136	0.02670164	0	0	0	0	1.280678e-20	0	1.280678e-20	0	-328.877	0	-328.877	0	30149.85	77194.93	1894.519	8447.673	0.006389749	1	5.087256	0.4520684	1	2	0.01908504	0.05070351	
13496	909.0505	3.45e+19	0	0	100000	2	1e-05	3.922315e+26	2.720591e+26	2.57725e+26	1.433418e+25	6.533821e+25	5.483419e+25	2.849545e+25	1.976498e+25	1.872361e+25	1.041372e+24	4.746793e+24	3.98368e+24	0.1398006	2.849545e+26	1.976498e+26	1.872361e+26	1.041372e+25	0	3.137834e+17	8.730474e+25	0	0	0	0	0	0	0	0	0	0	0	0	0	0	3.670885e+26	0	3.670885e+26	1.659441e+26	0	1.659441e+26	8.883877e+25	0	8.883877e+25	3.318882e+26	0	3.318882e+26	9.889599e+25	0	9.889599e+25	3.168024e+26	0	3.168024e+26	3.751918e+23	8.806272e-10	0.001073293	4.451517e+12	5.824369e+07	484570.3	1.848518e-07	7.304408e-14	4.461134e-21	0.325157	0.5	0.005957644	0.9999401	57.26651	7.121382	10569.8	1.117189e+26	1.827432e+28	5.151575e+27	6.741065e+25	3.118866e+27	1.203261e+27	5.325573e+26	2.294797e+26	0.2188657	0	0.02128423	0.03560219	0.03560219	0.001424136	0.02670164	0	0	0	0	1.280678e-20	0	1.280678e-20	0	-328.877	0	-328.877	0	30149.85	77194.93	1898.593	8447.673	0.006389748	1	5.087478	0.4520684	1	2	0.01914262	0.05080892	
13524	909.0505	3.45e+19	0	0	100000	2	1e-05	3.930453e+26	2.725111e+26	2.581609e+26	1.435016e+25	6.566657e+25	5.486765e+25	2.855457e+25	1.979781e+25	1.875528e+25	1.042533e+24	4.770648e+24	3.986111e+24	0.1395963	2.855457e+26	1.979781e+26	1.875528e+26	1.042533e+25	0	3.137834e+17	8.756759e+25	0	0	0	0	0	0	0	0	0	0	0	0	0	0	3.678501e+26	0	3.678501e+26	1.662884e+26	0	1.662884e+26	8.902308e+25	0	8.902308e+25	3.325768e+26	0	3.325768e+26	9.910117e+25	0	9.910117e+25	3.174597e+26	0	3.174597e+26	3.750023e+23	8.811011e-10	0.001074484	4.451517e+12	5.853672e+07	485203.1	1.8516e-07	7.328783e-14	4.483483e-21	0.326242	0.5	0.00598749	0.9999472	57.38532	7.136156	10569.8	1.117189e+26	1.827432e+28	5.151575e+27	6.741065e+25	3.118866e+27	1.203261e+27	5.325573e+26	2.294797e+26	0.2188657	0	0.02127553	0.03560219	0.03560219	0.001424136	0.02670164	0	0	0	0	1.280678e-20	0	1.280678e-20	0	-328.877	0	-328.877	0	30149.85	77194.93	1902.668	8447.673	0.006389748	1	5.0877	0.4520684	1	2	0.01920026	0.05091434	
13552	909.0505	3.45e+19	0	0	100000	2	1e-05	3.938591e+26	2.729627e+26	2.585966e+26	1.436612e+25	6.599467e+25	5.490169e+25	2.861369e+25	1.983062e+25	1.878693e+25	1.043693e+24	4.794484e+24	3.988584e+24	0.1393943	2.861369e+26	1.983062e+26	1.878693e+26	1.043693e+25	0	3.137834e+17	8.783069e+25	0	0	0	0	0	0	0	0	0	0	0	0	0	0	3.686117e+26	0	3.686117e+26	1.666327e+26	0	1.666327e+26	8.92074e+25	0	8.92074e+25	3.332654e+26	0	3.332654e+26	9.930635e+25	0	9.930635e+25	3.181169e+26	0	3.181169e+26	3.748134e+23	8.815742e-10	0.001075673	4.451517e+12	5.882953e+07	485842.6	1.854669e-07	7.353098e-14	4.505815e-21	0.3273244	0.5	0.006017313	0.9999535	57.50413	7.150931	10569.8	1.117189e+26	1.827432e+28	5.151575e+27	6.741065e+25	3.118866e+27	1.203261e+27	5.325573e+26	2.294797e+26	0.2188657	0	0.02126684	0.03560219	0.03560219	0.001424136	0.02670164	0	0	0	0	1.280678e-20	0	1.280678e-20	0	-328.877	0	-328.877	0	30149.85	77194.93	1906.743	8447.673	0.006389748	1	5.087922	0.4520684	1	2	0.01925795	0.05101975	
13580	909.0505	3.45e+19	0	0	100000	2	1e-05	3.946728e+26	2.73414e+26	2.59032e+26	1.438206e+25	6.63225e+25	5.493631e+25	2.867281e+25	1.986341e+25	1.881856e+25	1.04485e+24	4.818302e+24	3.9911e+24	0.1391946	2.867281e+26	1.986341e+26	1.881856e+26	1.04485e+25	0	3.137834e+17	8.809401e+25	0	0	0	0	0	0	0	0	0	0	0	0	0	0	3.693733e+26	0	3.693733e+26	1.66977e+26	0	1.66977e+26	8.939171e+25	0	8.939171e+25	3.339539e+26	0	3.339539e+26	9.951152e+25	0	9.951152e+25	3.187742e+26	0	3.187742e+26	3.746249e+23	8.820463e-10	0.001076861	4.451517e+12	5.912211e+07	486488.9	1.857726e-07	7.377355e-14	4.528129e-21	0.3284042	0.5	0.006047113	0.999959	57.62294	7.165705	10569.8	1.117189e+26	1.827432e+28	5.151575e+27	6.741065e+25	3.118866e+27	1.203261e+27	5.325573e+26	2.294797e+26	0.2188657	0	0.02125815	0.03560219	0.03560219	0.001424136	0.02670164	0	0	0	0	1.280678e-20	0	1.280678e-20	0	-328.877	0	-328.877	0	30149.85	77194.93	1910.819	8447.673	0.006389748	1	5.088144	0.4520684	1	2	0.01931568	0.05112516	
13608	909.0505	3.45e+19	0	0	100000	2	1e-05	3.954866e+26	2.73865e+26	2.59467e+26	1.439797e+25	6.665007e+25	5.497152e+25	2.873193e+25	1.989617e+25	1.885017e+25	1.046007e+24	4.842099e+24	3.993658e+24	0.1389972	2.873193e+26	1.989617e+26	1.885017e+26	1.046007e+25	0	3.137834e+17	8.835757e+25	0	0	0	0	0	0	0	0	0	0	0	0	0	0	3.701349e+26	0	3.701349e+26	1.673212e+26	0	1.673212e+26	8.957602e+25	0	8.957602e+25	3.346425e+26	0	3.346425e+26	9.97167e+25	0	9.97167e+25	3.194315e+26	0	3.194315e+26	3.74437e+23	8.825176e-10	0.001078046	4.451517e+12	5.941445e+07	487141.9	1.86077e-07	7.401552e-14	4.550425e-21	0.3294814	0.5	0.006076888	0.9999639	57.74175	7.18048	10569.8	1.117189e+26	1.827432e+28	5.151575e+27	6.741065e+25	3.118866e+27	1.203261e+27	5.325573e+26	2.294797e+26	0.2188657	0	0.02124948	0.03560219	0.03560219	0.001424136	0.02670164	0	0	0	0	1.280678e-20	0	1.280678e-20	0	-328.877	0	-328.877	0	30149.85	77194.93	1914.894	8447.673	0.006389748	1	5.088365	0.4520684	1	2	0.01937347	0.05123057	
13636	909.0505	3.45e+19	0	0	100000	2	1e-05	3.963003e+26	2.743156e+26	2.599018e+26	1.441386e+25	6.697736e+25	5.500733e+25	2.879105e+25	1.992891e+25	1.888175e+25	1.047161e+24	4.865877e+24	3.996259e+24	0.1388021	2.879105e+26	1.992891e+26	1.888175e+26	1.047161e+25	0	3.137834e+17	8.862136e+25	0	0	0	0	0	0	0	0	0	0	0	0	0	0	3.708965e+26	0	3.708965e+26	1.676655e+26	0	1.676655e+26	8.976033e+25	0	8.976033e+25	3.353311e+26	0	3.353311e+26	9.992188e+25	0	9.992188e+25	3.200887e+26	0	3.200887e+26	3.742495e+23	8.82988e-10	0.001079231	4.451517e+12	5.970654e+07	487801.7	1.863802e-07	7.42569e-14	4.572702e-21	0.3305558	0.5	0.006106639	0.9999682	57.86057	7.195255	10569.8	1.117189e+26	1.827432e+28	5.151575e+27	6.741065e+25	3.118866e+27	1.203261e+27	5.325573e+26	2.294797e+26	0.2188657	0	0.02124081	0.03560219	0.03560219	0.001424136	0.02670164	0	0	0	0	1.280678e-20	0	1.280678e-20	0	-328.877	0	-328.877	0	30149.85	77194.93	1918.971	8447.673	0.006389748	1	5.088586	0.4520684	1	2	0.01943131	0.05133599	
13664	909.0505	3.45e+19	0	0	100000	2	1e-05	3.971141e+26	2.74766e+26	2.603363e+26	1.442973e+25	6.730436e+25	5.504375e+25	2.885017e+25	1.996163e+25	1.891332e+25	1.048314e+24	4.889633e+24	3.998905e+24	0.1386094	2.885017e+26	1.996163e+26	1.891332e+26	1.048314e+25	0	3.137834e+17	8.888538e+25	0	0	0	0	0	0	0	0	0	0	0	0	0	0	3.716581e+26	0	3.716581e+26	1.680098e+26	0	1.680098e+26	8.994465e+25	0	8.994465e+25	3.360196e+26	0	3.360196e+26	1.001271e+26	0	1.001271e+26	3.20746e+26	0	3.20746e+26	3.740626e+23	8.834575e-10	0.001080413	4.451517e+12	5.999838e+07	488468.3	1.866821e-07	7.449767e-14	4.594961e-21	0.3316277	0.5	0.006136364	0.999972	57.97938	7.210029	10569.8	1.117189e+26	1.827432e+28	5.151575e+27	6.741065e+25	3.118866e+27	1.203261e+27	5.325573e+26	2.294797e+26	0.2188657	0	0.02123215	0.03560219	0.03560219	0.001424136	0.02670164	0	0	0	0	1.280678e-20	0	1.280678e-20	0	-328.877	0	-328.877	0	30149.85	77194.93	1923.047	8447.673	0.006389748	1	5.088807	0.4520684	1	2	0.0194892	0.0514414	
13692	909.0505	3.45e+19	0	0	100000	2	1e-05	3.979279e+26	2.75216e+26	2.607704e+26	1.444558e+25	6.763108e+25	5.508077e+25	2.890929e+25	1.999433e+25	1.894486e+25	1.049465e+24	4.913369e+24	4.001594e+24	0.138419	2.890929e+26	1.999433e+26	1.894486e+26	1.049465e+25	0	3.137834e+17	8.914963e+25	0	0	0	0	0	0	0	0	0	0	0	0	0	0	3.724197e+26	0	3.724197e+26	1.683541e+26	0	1.683541e+26	9.012896e+25	0	9.012896e+25	3.367082e+26	0	3.367082e+26	1.003322e+26	0	1.003322e+26	3.214033e+26	0	3.214033e+26	3.738761e+23	8.839261e-10	0.001081594	4.451517e+12	6.028996e+07	489141.8	1.869828e-07	7.473785e-14	4.6172e-21	0.3326968	0.5	0.006166063	0.9999753	58.09819	7.224804	10569.8	1.117189e+26	1.827432e+28	5.151575e+27	6.741065e+25	3.118866e+27	1.203261e+27	5.325573e+26	2.294797e+26	0.2188657	0	0.02122349	0.03560219	0.03560219	0.001424136	0.02670164	0	0	0	0	1.280678e-20	0	1.280678e-20	0	-328.877	0	-328.877	0	30149.85	77194.93	1927.124	8447.673	0.006389748	1	5.089027	0.4520683	1	2	0.01954714	0.05154681	
13720	909.0505	3.45e+19	0	0	100000	2	1e-05	3.987416e+26	2.756657e+26	2.612043e+26	1.44614e+25	6.795749e+25	5.511841e+25	2.896841e+25	2.0027e+25	1.897638e+25	1.050615e+24	4.937082e+24	4.004329e+24	0.1382309	2.896841e+26	2.0027e+26	1.897638e+26	1.050615e+25	0	3.137834e+17	8.941411e+25	0	0	0	0	0	0	0	0	0	0	0	0	0	0	3.731813e+26	0	3.731813e+26	1.686984e+26	0	1.686984e+26	9.031327e+25	0	9.031327e+25	3.373968e+26	0	3.373968e+26	1.005374e+26	0	1.005374e+26	3.220605e+26	0	3.220605e+26	3.736901e+23	8.843938e-10	0.001082773	4.451517e+12	6.058127e+07	489822.2	1.872822e-07	7.497743e-14	4.639418e-21	0.3337633	0.5	0.006195735	0.9999782	58.217	7.239579	10569.8	1.117189e+26	1.827432e+28	5.151575e+27	6.741065e+25	3.118866e+27	1.203261e+27	5.325573e+26	2.294797e+26	0.2188657	0	0.02121485	0.03560219	0.03560219	0.001424136	0.02670164	0	0	0	0	1.280678e-20	0	1.280678e-20	0	-328.877	0	-328.877	0	30149.85	77194.93	1931.202	8447.673	0.006389748	1	5.089248	0.4520684	1	2	0.01960513	0.05165223	
13748	909.0505	3.45e+19	0	0	100000	2	1e-05	3.995554e+26	2.761151e+26	2.616379e+26	1.44772e+25	6.828359e+25	5.515668e+25	2.902753e+25	2.005964e+25	1.900788e+25	1.051763e+24	4.960774e+24	4.007109e+24	0.1380451	2.902753e+26	2.005964e+26	1.900788e+26	1.051763e+25	0	3.137834e+17	8.967883e+25	0	0	0	0	0	0	0	0	0	0	0	0	0	0	3.739429e+26	0	3.739429e+26	1.690427e+26	0	1.690427e+26	9.049758e+25	0	9.049758e+25	3.380853e+26	0	3.380853e+26	1.007426e+26	0	1.007426e+26	3.227178e+26	0	3.227178e+26	3.735046e+23	8.848607e-10	0.00108395	4.451517e+12	6.087231e+07	490509.6	1.875804e-07	7.52164e-14	4.661617e-21	0.3348271	0.5	0.00622538	0.9999808	58.33581	7.254353	10569.8	1.117189e+26	1.827432e+28	5.151575e+27	6.741065e+25	3.118866e+27	1.203261e+27	5.325573e+26	2.294797e+26	0.2188657	0	0.02120621	0.03560219	0.03560219	0.001424136	0.02670164	0	0	0	0	1.280678e-20	0	1.280678e-20	0	-328.877	0	-328.877	0	30149.85	77194.93	1935.28	8447.673	0.006389748	1	5.089468	0.4520683	1	2	0.01966317	0.05175764	
13776	909.0505	3.45e+19	0	0	100000	2	1e-05	4.003691e+26	2.765642e+26	2.620712e+26	1.449298e+25	6.860938e+25	5.519558e+25	2.908665e+25	2.009227e+25	1.903936e+25	1.052909e+24	4.984442e+24	4.009935e+24	0.1378617	2.908665e+26	2.009227e+26	1.903936e+26	1.052909e+25	0	3.137834e+17	8.994377e+25	0	0	0	0	0	0	0	0	0	0	0	0	0	0	3.747044e+26	0	3.747044e+26	1.693869e+26	0	1.693869e+26	9.06819e+25	0	9.06819e+25	3.387739e+26	0	3.387739e+26	1.009478e+26	0	1.009478e+26	3.233751e+26	0	3.233751e+26	3.733196e+23	8.853267e-10	0.001085126	4.451517e+12	6.116307e+07	491203.9	1.878774e-07	7.545476e-14	4.683793e-21	0.3358882	0.5	0.006254996	0.9999831	58.45462	7.269128	10569.8	1.117189e+26	1.827432e+28	5.151575e+27	6.741065e+25	3.118866e+27	1.203261e+27	5.325573e+26	2.294797e+26	0.2188657	0	0.02119757	0.03560219	0.03560219	0.001424136	0.02670164	0	0	0	0	1.280678e-20	0	1.280678e-20	0	-328.877	0	-328.877	0	30149.85	77194.93	1939.358	8447.673	0.006389748	1	5.089687	0.4520683	1	2	0.01972127	0.05186305	
13804	909.0505	3.45e+19	0	0	100000	2	1e-05	4.011829e+26	2.770129e+26	2.625042e+26	1.450874e+25	6.893485e+25	5.523511e+25	2.914577e+25	2.012487e+25	1.907082e+25	1.054053e+24	5.008088e+24	4.012807e+24	0.1376806	2.914577e+26	2.012487e+26	1.907082e+26	1.054053e+25	0	3.137834e+17	9.020895e+25	0	0	0	0	0	0	0	0	0	0	0	0	0	0	3.75466e+26	0	3.75466e+26	1.697312e+26	0	1.697312e+26	9.086621e+25	0	9.086621e+25	3.394624e+26	0	3.394624e+26	1.01153e+26	0	1.01153e+26	3.240323e+26	0	3.240323e+26	3.731351e+23	8.857918e-10	0.0010863	4.451517e+12	6.145355e+07	491905.2	1.881732e-07	7.569251e-14	4.705948e-21	0.3369465	0.5	0.006284582	0.9999851	58.57343	7.283903	10569.8	1.117189e+26	1.827432e+28	5.151575e+27	6.741065e+25	3.118866e+27	1.203261e+27	5.325573e+26	2.294797e+26	0.2188657	0	0.02118894	0.03560219	0.03560219	0.001424136	0.02670164	0	0	0	0	1.280678e-20	0	1.280678e-20	0	-328.877	0	-328.877	0	30149.85	77194.93	1943.436	8447.673	0.006389749	1	5.089907	0.4520683	1	2	0.01977941	0.05196846	
13832	909.0505	3.45e+19	0	0	100000	2	1e-05	4.019966e+26	2.774614e+26	2.629369e+26	1.452447e+25	6.926e+25	5.527529e+25	2.920488e+25	2.015745e+25	1.910225e+25	1.055196e+24	5.031709e+24	4.015726e+24	0.1375019	2.920488e+26	2.015745e+26	1.910225e+26	1.055196e+25	0	3.137834e+17	9.047436e+25	0	0	0	0	0	0	0	0	0	0	0	0	0	0	3.762276e+26	0	3.762276e+26	1.700755e+26	0	1.700755e+26	9.105052e+25	0	9.105052e+25	3.40151e+26	0	3.40151e+26	1.013581e+26	0	1.013581e+26	3.246896e+26	0	3.246896e+26	3.729511e+23	8.86256e-10	0.001087472	4.451517e+12	6.174373e+07	492613.5	1.884677e-07	7.592965e-14	4.72808e-21	0.3380021	0.5	0.006314139	0.9999869	58.69224	7.298677	10569.8	1.117189e+26	1.827432e+28	5.151575e+27	6.741065e+25	3.118866e+27	1.203261e+27	5.325573e+26	2.294797e+26	0.2188657	0	0.02118032	0.03560219	0.03560219	0.001424136	0.02670164	0	0	0	0	1.280678e-20	0	1.280678e-20	0	-328.877	0	-328.877	0	30149.85	77194.93	1947.515	8447.673	0.006389749	1	5.090126	0.4520683	1	2	0.0198376	0.05207388	
13860	909.0505	3.45e+19	0	0	100000	2	1e-05	4.028104e+26	2.779095e+26	2.633693e+26	1.454018e+25	6.958481e+25	5.531612e+25	2.9264e+25	2.019e+25	1.913367e+25	1.056338e+24	5.055306e+24	4.018693e+24	0.1373255	2.9264e+26	2.019e+26	1.913367e+26	1.056338e+25	0	3.137834e+17	9.073999e+25	0	0	0	0	0	0	0	0	0	0	0	0	0	0	3.769892e+26	0	3.769892e+26	1.704198e+26	0	1.704198e+26	9.123484e+25	0	9.123484e+25	3.408396e+26	0	3.408396e+26	1.015633e+26	0	1.015633e+26	3.253469e+26	0	3.253469e+26	3.727675e+23	8.867194e-10	0.001088642	4.451517e+12	6.203362e+07	493328.9	1.88761e-07	7.616618e-14	4.75019e-21	0.339055	0.5	0.006343666	0.9999884	58.81105	7.313452	10569.8	1.117189e+26	1.827432e+28	5.151575e+27	6.741065e+25	3.118866e+27	1.203261e+27	5.325573e+26	2.294797e+26	0.2188657	0	0.02117171	0.03560219	0.03560219	0.001424136	0.02670164	0	0	0	0	1.280678e-20	0	1.280678e-20	0	-328.877	0	-328.877	0	30149.85	77194.93	1951.595	8447.673	0.006389749	1	5.090345	0.4520683	1	2	0.01989585	0.05217929	
13888	909.0505	3.45e+19	0	0	100000	2	1e-05	4.036242e+26	2.783573e+26	2.638014e+26	1.455587e+25	6.990928e+25	5.535761e+25	2.932312e+25	2.022254e+25	1.916506e+25	1.057478e+24	5.078879e+24	4.021707e+24	0.1371514	2.932312e+26	2.022254e+26	1.916506e+26	1.057478e+25	0	3.137834e+17	9.100585e+25	0	0	0	0	0	0	0	0	0	0	0	0	0	0	3.777508e+26	0	3.777508e+26	1.707641e+26	0	1.707641e+26	9.141915e+25	0	9.141915e+25	3.415281e+26	0	3.415281e+26	1.017685e+26	0	1.017685e+26	3.260041e+26	0	3.260041e+26	3.725844e+23	8.871819e-10	0.001089811	4.451517e+12	6.232321e+07	494051.4	1.890532e-07	7.64021e-14	4.772278e-21	0.3401052	0.5	0.006373162	0.9999898	58.92986	7.328227	10569.8	1.117189e+26	1.827432e+28	5.151575e+27	6.741065e+25	3.118866e+27	1.203261e+27	5.325573e+26	2.294797e+26	0.2188657	0	0.0211631	0.03560219	0.03560219	0.001424136	0.02670164	0	0	0	0	1.280678e-20	0	1.280678e-20	0	-328.877	0	-328.877	0	30149.85	77194.93	1955.674	8447.673	0.006389748	1	5.090563	0.4520683	1	2	0.01995414	0.0522847	
13916	909.0505	3.45e+19	0	0	100000	2	1e-05	4.044379e+26	2.788048e+26	2.642332e+26	1.457154e+25	7.02334e+25	5.539976e+25	2.938224e+25	2.025505e+25	1.919643e+25	1.058616e+24	5.102426e+24	4.024769e+24	0.1369796	2.938224e+26	2.025505e+26	1.919643e+26	1.058616e+25	0	3.137834e+17	9.127195e+25	0	0	0	0	0	0	0	0	0	0	0	0	0	0	3.785124e+26	0	3.785124e+26	1.711084e+26	0	1.711084e+26	9.160346e+25	0	9.160346e+25	3.422167e+26	0	3.422167e+26	1.019737e+26	0	1.019737e+26	3.266614e+26	0	3.266614e+26	3.724018e+23	8.876435e-10	0.001090979	4.451517e+12	6.261249e+07	494781	1.893441e-07	7.663741e-14	4.794342e-21	0.3411527	0.5	0.006402628	0.999991	59.04867	7.343001	10569.8	1.117189e+26	1.827432e+28	5.151575e+27	6.741065e+25	3.118866e+27	1.203261e+27	5.325573e+26	2.294797e+26	0.2188657	0	0.0211545	0.03560219	0.03560219	0.001424136	0.02670164	0	0	0	0	1.280678e-20	0	1.280678e-20	0	-328.877	0	-328.877	0	30149.85	77194.93	1959.754	8447.673	0.006389749	1	5.090781	0.4520683	1	2	0.02001248	0.05239011	
13944	909.0505	3.45e+19	0	0	100000	2	1e-05	4.052517e+26	2.792519e+26	2.646648e+26	1.458718e+25	7.055716e+25	5.544257e+25	2.944136e+25	2.028753e+25	1.922778e+25	1.059752e+24	5.125948e+24	4.027879e+24	0.1368102	2.944136e+26	2.028753e+26	1.922778e+26	1.059752e+25	0	3.137834e+17	9.153827e+25	0	0	0	0	0	0	0	0	0	0	0	0	0	0	3.79274e+26	0	3.79274e+26	1.714526e+26	0	1.714526e+26	9.178777e+25	0	9.178777e+25	3.429053e+26	0	3.429053e+26	1.021788e+26	0	1.021788e+26	3.273187e+26	0	3.273187e+26	3.722197e+23	8.881043e-10	0.001092144	4.451517e+12	6.290145e+07	495517.8	1.896338e-07	7.687211e-14	4.816382e-21	0.3421975	0.5	0.006432062	0.9999921	59.16748	7.357776	10569.8	1.117189e+26	1.827432e+28	5.151575e+27	6.741065e+25	3.118866e+27	1.203261e+27	5.325573e+26	2.294797e+26	0.2188657	0	0.0211459	0.03560219	0.03560219	0.001424136	0.02670164	0	0	0	0	1.280678e-20	0	1.280678e-20	0	-328.877	0	-328.877	0	30149.85	77194.93	1963.835	8447.673	0.006389748	1	5.090999	0.4520683	1	2	0.02007088	0.05249553	
13972	909.0505	3.45e+19	0	0	100000	2	1e-05	4.060654e+26	2.796988e+26	2.65096e+26	1.46028e+25	7.088057e+25	5.548607e+25	2.950048e+25	2.032e+25	1.925911e+25	1.060887e+24	5.149443e+24	4.031039e+24	0.1366432	2.950048e+26	2.032e+26	1.925911e+26	1.060887e+25	0	3.137834e+17	9.180482e+25	0	0	0	0	0	0	0	0	0	0	0	0	0	0	3.800356e+26	0	3.800356e+26	1.717969e+26	0	1.717969e+26	9.197209e+25	0	9.197209e+25	3.435938e+26	0	3.435938e+26	1.02384e+26	0	1.02384e+26	3.279759e+26	0	3.279759e+26	3.72038e+23	8.885643e-10	0.001093308	4.451517e+12	6.31901e+07	496261.7	1.899223e-07	7.710619e-14	4.838398e-21	0.3432395	0.5	0.006461464	0.999993	59.28629	7.372551	10569.8	1.117189e+26	1.827432e+28	5.151575e+27	6.741065e+25	3.118866e+27	1.203261e+27	5.325573e+26	2.294797e+26	0.2188657	0	0.02113731	0.03560219	0.03560219	0.001424136	0.02670164	0	0	0	0	1.280678e-20	0	1.280678e-20	0	-328.877	0	-328.877	0	30149.85	77194.93	1967.916	8447.673	0.006389748	1	5.091217	0.4520683	1	2	0.02012932	0.05260094	
14000	909.0505	3.45e+19	0	0	100000	2	1e-05	4.068792e+26	2.801454e+26	2.655269e+26	1.46184e+25	7.120361e+25	5.553024e+25	2.95596e+25	2.035244e+25	1.929042e+25	1.062021e+24	5.172912e+24	4.034248e+24	0.1364784	2.95596e+26	2.035244e+26	1.929042e+26	1.062021e+25	0	3.137834e+17	9.20716e+25	0	0	0	0	0	0	0	0	0	0	0	0	0	0	3.807972e+26	0	3.807972e+26	1.721412e+26	0	1.721412e+26	9.21564e+25	0	9.21564e+25	3.442824e+26	0	3.442824e+26	1.025892e+26	0	1.025892e+26	3.286332e+26	0	3.286332e+26	3.718569e+23	8.890234e-10	0.00109447	4.451517e+12	6.347841e+07	497012.9	1.902096e-07	7.733966e-14	4.86039e-21	0.3442788	0.5	0.006490833	0.9999938	59.4051	7.387325	10569.8	1.117189e+26	1.827432e+28	5.151575e+27	6.741065e+25	3.118866e+27	1.203261e+27	5.325573e+26	2.294797e+26	0.2188657	0	0.02112872	0.03560219	0.03560219	0.001424136	0.02670164	0	0	0	0	1.280678e-20	0	1.280678e-20	0	-328.877	0	-328.877	0	30149.85	77194.93	1971.997	8447.673	0.006389748	1	5.091434	0.4520683	1	2	0.02018782	0.05270635	
14028	909.0505	3.45e+19	0	0	100000	2	1e-05	4.07693e+26	2.805916e+26	2.659576e+26	1.463398e+25	7.152628e+25	5.55751e+25	2.961872e+25	2.038486e+25	1.932171e+25	1.063153e+24	5.196353e+24	4.037507e+24	0.1363161	2.961872e+26	2.038486e+26	1.932171e+26	1.063153e+25	0	3.137834e+17	9.233861e+25	0	0	0	0	0	0	0	0	0	0	0	0	0	0	3.815588e+26	0	3.815588e+26	1.724855e+26	0	1.724855e+26	9.234071e+25	0	9.234071e+25	3.44971e+26	0	3.44971e+26	1.027944e+26	0	1.027944e+26	3.292905e+26	0	3.292905e+26	3.716761e+23	8.894816e-10	0.001095631	4.451517e+12	6.37664e+07	497771.4	1.904957e-07	7.757251e-14	4.882357e-21	0.3453154	0.5	0.006520169	0.9999946	59.52391	7.4021	10569.8	1.117189e+26	1.827432e+28	5.151575e+27	6.741065e+25	3.118866e+27	1.203261e+27	5.325573e+26	2.294797e+26	0.2188657	0	0.02112014	0.03560219	0.03560219	0.001424136	0.02670164	0	0	0	0	1.280678e-20	0	1.280678e-20	0	-328.877	0	-328.877	0	30149.85	77194.93	1976.078	8447.673	0.006389748	1	5.091652	0.4520683	1	2	0.02024636	0.05281177	
14056	909.0505	3.45e+19	0	0	100000	2	1e-05	4.085067e+26	2.810375e+26	2.66388e+26	1.464954e+25	7.184857e+25	5.562065e+25	2.967784e+25	2.041725e+25	1.935297e+25	1.064283e+24	5.219768e+24	4.040816e+24	0.136156	2.967784e+26	2.041725e+26	1.935297e+26	1.064283e+25	0	3.137834e+17	9.260584e+25	0	0	0	0	0	0	0	0	0	0	0	0	0	0	3.823204e+26	0	3.823204e+26	1.728298e+26	0	1.728298e+26	9.252503e+25	0	9.252503e+25	3.456595e+26	0	3.456595e+26	1.029996e+26	0	1.029996e+26	3.299477e+26	0	3.299477e+26	3.714959e+23	8.89939e-10	0.00109679	4.451517e+12	6.405405e+07	498537.1	1.907807e-07	7.780475e-14	4.904298e-21	0.3463492	0.5	0.00654947	0.9999952	59.64272	7.416875	10569.8	1.117189e+26	1.827432e+28	5.151575e+27	6.741065e+25	3.118866e+27	1.203261e+27	5.325573e+26	2.294797e+26	0.2188657	0	0.02111157	0.03560219	0.03560219	0.001424136	0.02670164	0	0	0	0	1.280678e-20	0	1.280678e-20	0	-328.877	0	-328.877	0	30149.85	77194.93	1980.16	8447.673	0.006389749	1	5.091868	0.4520683	1	2	0.02030496	0.05291718	
14084	909.0505	3.45e+19	0	0	100000	2	1e-05	4.093205e+26	2.814831e+26	2.66818e+26	1.466507e+25	7.217047e+25	5.566689e+25	2.973696e+25	2.044963e+25	1.938422e+25	1.065411e+24	5.243154e+24	4.044176e+24	0.1359983	2.973696e+26	2.044963e+26	1.938422e+26	1.065411e+25	0	3.137834e+17	9.28733e+25	0	0	0	0	0	0	0	0	0	0	0	0	0	0	3.83082e+26	0	3.83082e+26	1.73174e+26	0	1.73174e+26	9.270934e+25	0	9.270934e+25	3.463481e+26	0	3.463481e+26	1.032047e+26	0	1.032047e+26	3.30605e+26	0	3.30605e+26	3.713161e+23	8.903956e-10	0.001097947	4.451517e+12	6.434136e+07	499310.1	1.910644e-07	7.803636e-14	4.926214e-21	0.3473802	0.5	0.006578738	0.9999958	59.76153	7.431649	10569.8	1.117189e+26	1.827432e+28	5.151575e+27	6.741065e+25	3.118866e+27	1.203261e+27	5.325573e+26	2.294797e+26	0.2188657	0	0.021103	0.03560219	0.03560219	0.001424136	0.02670164	0	0	0	0	1.280678e-20	0	1.280678e-20	0	-328.877	0	-328.877	0	30149.85	77194.93	1984.243	8447.673	0.006389748	1	5.092085	0.4520683	1	2	0.0203636	0.05302259	
14112	909.0505	3.45e+19	0	0	100000	2	1e-05	4.101342e+26	2.819284e+26	2.672478e+26	1.468059e+25	7.249199e+25	5.571384e+25	2.979608e+25	2.048198e+25	1.941544e+25	1.066538e+24	5.266512e+24	4.047587e+24	0.1358429	2.979608e+26	2.048198e+26	1.941544e+26	1.066538e+25	0	3.137834e+17	9.314099e+25	0	0	0	0	0	0	0	0	0	0	0	0	0	0	3.838436e+26	0	3.838436e+26	1.735183e+26	0	1.735183e+26	9.289365e+25	0	9.289365e+25	3.470367e+26	0	3.470367e+26	1.034099e+26	0	1.034099e+26	3.312623e+26	0	3.312623e+26	3.711367e+23	8.908513e-10	0.001099103	4.451517e+12	6.462832e+07	500090.5	1.91347e-07	7.826736e-14	4.948104e-21	0.3484085	0.5	0.00660797	0.9999963	59.88034	7.446424	10569.8	1.117189e+26	1.827432e+28	5.151575e+27	6.741065e+25	3.118866e+27	1.203261e+27	5.325573e+26	2.294797e+26	0.2188657	0	0.02109444	0.03560219	0.03560219	0.001424136	0.02670164	0	0	0	0	1.280678e-20	0	1.280678e-20	0	-328.877	0	-328.877	0	30149.85	77194.93	1988.325	8447.673	0.006389748	1	5.092302	0.4520683	1	2	0.02042229	0.053128	
14140	909.0505	3.45e+19	0	0	100000	2	1e-05	4.10948e+26	2.823734e+26	2.676773e+26	1.469608e+25	7.28131e+25	5.57615e+25	2.98552e+25	2.051431e+25	1.944664e+25	1.067664e+24	5.289841e+24	4.051049e+24	0.1356899	2.98552e+26	2.051431e+26	1.944664e+26	1.067664e+25	0	3.137834e+17	9.34089e+25	0	0	0	0	0	0	0	0	0	0	0	0	0	0	3.846052e+26	0	3.846052e+26	1.738626e+26	0	1.738626e+26	9.307796e+25	0	9.307796e+25	3.477252e+26	0	3.477252e+26	1.036151e+26	0	1.036151e+26	3.319195e+26	0	3.319195e+26	3.709578e+23	8.913062e-10	0.001100257	4.451517e+12	6.491493e+07	500878.3	1.916284e-07	7.849774e-14	4.969967e-21	0.349434	0.5	0.006637167	0.9999967	59.99915	7.461198	10569.8	1.117189e+26	1.827432e+28	5.151575e+27	6.741065e+25	3.118866e+27	1.203261e+27	5.325573e+26	2.294797e+26	0.2188657	0	0.02108588	0.03560219	0.03560219	0.001424136	0.02670164	0	0	0	0	1.280678e-20	0	1.280678e-20	0	-328.877	0	-328.877	0	30149.85	77194.93	1992.409	8447.673	0.006389748	1	5.092518	0.4520683	1	2	0.02048104	0.05323342	
14168	909.0505	3.45e+19	0	0	100000	2	1e-05	4.117618e+26	2.828181e+26	2.681065e+26	1.471155e+25	7.313382e+25	5.580987e+25	2.991432e+25	2.054661e+25	1.947782e+25	1.068788e+24	5.313141e+24	4.054563e+24	0.1355392	2.991432e+26	2.054661e+26	1.947782e+26	1.068788e+25	0	3.137834e+17	9.367704e+25	0	0	0	0	0	0	0	0	0	0	0	0	0	0	3.853668e+26	0	3.853668e+26	1.742069e+26	0	1.742069e+26	9.326228e+25	0	9.326228e+25	3.484138e+26	0	3.484138e+26	1.038203e+26	0	1.038203e+26	3.325768e+26	0	3.325768e+26	3.707794e+23	8.917603e-10	0.001101409	4.451517e+12	6.520118e+07	501673.4	1.919086e-07	7.872749e-14	4.991803e-21	0.3504568	0.5	0.006666328	0.9999971	60.11796	7.475973	10569.8	1.117189e+26	1.827432e+28	5.151575e+27	6.741065e+25	3.118866e+27	1.203261e+27	5.325573e+26	2.294797e+26	0.2188657	0	0.02107733	0.03560219	0.03560219	0.001424136	0.02670164	0	0	0	0	1.280678e-20	0	1.280678e-20	0	-328.877	0	-328.877	0	30149.85	77194.93	1996.492	8447.673	0.006389749	1	5.092733	0.4520683	1	2	0.02053983	0.05333883	
14196	909.0505	3.45e+19	0	0	100000	2	1e-05	4.125755e+26	2.832624e+26	2.685354e+26	1.4727e+25	7.345413e+25	5.585896e+25	2.997343e+25	2.057889e+25	1.950898e+25	1.06991e+24	5.336411e+24	4.058129e+24	0.1353909	2.997343e+26	2.057889e+26	1.950898e+26	1.06991e+25	0	3.137834e+17	9.394541e+25	0	0	0	0	0	0	0	0	0	0	0	0	0	0	3.861284e+26	0	3.861284e+26	1.745512e+26	0	1.745512e+26	9.344659e+25	0	9.344659e+25	3.491024e+26	0	3.491024e+26	1.040254e+26	0	1.040254e+26	3.332341e+26	0	3.332341e+26	3.706015e+23	8.922135e-10	0.00110256	4.451517e+12	6.548708e+07	502476	1.921877e-07	7.895663e-14	5.013611e-21	0.3514768	0.5	0.006695453	0.9999975	60.23677	7.490748	10569.8	1.117189e+26	1.827432e+28	5.151575e+27	6.741065e+25	3.118866e+27	1.203261e+27	5.325573e+26	2.294797e+26	0.2188657	0	0.02106878	0.03560219	0.03560219	0.001424136	0.02670164	0	0	0	0	1.280678e-20	0	1.280678e-20	0	-328.877	0	-328.877	0	30149.85	77194.93	2000.576	8447.673	0.006389748	1	5.092949	0.4520683	1	2	0.02059867	0.05344424	
14224	909.0505	3.45e+19	0	0	100000	2	1e-05	4.133893e+26	2.837065e+26	2.68964e+26	1.474242e+25	7.377403e+25	5.590877e+25	3.003255e+25	2.061115e+25	1.954012e+25	1.071031e+24	5.359652e+24	4.061748e+24	0.1352448	3.003255e+26	2.061115e+26	1.954012e+26	1.071031e+25	0	3.137834e+17	9.4214e+25	0	0	0	0	0	0	0	0	0	0	0	0	0	0	3.8689e+26	0	3.8689e+26	1.748955e+26	0	1.748955e+26	9.36309e+25	0	9.36309e+25	3.497909e+26	0	3.497909e+26	1.042306e+26	0	1.042306e+26	3.338913e+26	0	3.338913e+26	3.704239e+23	8.926659e-10	0.001103709	4.451517e+12	6.57726e+07	503286.1	1.924656e-07	7.918514e-14	5.035392e-21	0.352494	0.5	0.00672454	0.9999978	60.35558	7.505522	10569.8	1.117189e+26	1.827432e+28	5.151575e+27	6.741065e+25	3.118866e+27	1.203261e+27	5.325573e+26	2.294797e+26	0.2188657	0	0.02106024	0.03560219	0.03560219	0.001424136	0.02670164	0	0	0	0	1.280678e-20	0	1.280678e-20	0	-328.877	0	-328.877	0	30149.85	77194.93	2004.66	8447.673	0.006389749	1	5.093164	0.4520683	1	2	0.02065756	0.05354965	
14252	909.0505	3.45e+19	0	0	100000	2	1e-05	4.14203e+26	2.841502e+26	2.693924e+26	1.475783e+25	7.409351e+25	5.59593e+25	3.009167e+25	2.064339e+25	1.957124e+25	1.07215e+24	5.382862e+24	4.06542e+24	0.1351011	3.009167e+26	2.064339e+26	1.957124e+26	1.07215e+25	0	3.137834e+17	9.448281e+25	0	0	0	0	0	0	0	0	0	0	0	0	0	0	3.876515e+26	0	3.876515e+26	1.752397e+26	0	1.752397e+26	9.381522e+25	0	9.381522e+25	3.504795e+26	0	3.504795e+26	1.044358e+26	0	1.044358e+26	3.345486e+26	0	3.345486e+26	3.702469e+23	8.931175e-10	0.001104856	4.451517e+12	6.605776e+07	504103.6	1.927424e-07	7.941303e-14	5.057145e-21	0.3535085	0.5	0.00675359	0.999998	60.47439	7.520297	10569.8	1.117189e+26	1.827432e+28	5.151575e+27	6.741065e+25	3.118866e+27	1.203261e+27	5.325573e+26	2.294797e+26	0.2188657	0	0.0210517	0.03560219	0.03560219	0.001424136	0.02670164	0	0	0	0	1.280678e-20	0	1.280678e-20	0	-328.877	0	-328.877	0	30149.85	77194.93	2008.745	8447.673	0.006389749	1	5.093379	0.4520683	1	2	0.02071651	0.05365507	
14280	909.0505	3.45e+19	0	0	100000	2	1e-05	4.150168e+26	2.845936e+26	2.698204e+26	1.477321e+25	7.441257e+25	5.601057e+25	3.015079e+25	2.067561e+25	1.960234e+25	1.073268e+24	5.406041e+24	4.069144e+24	0.1349598	3.015079e+26	2.067561e+26	1.960234e+26	1.073268e+25	0	3.137834e+17	9.475186e+25	0	0	0	0	0	0	0	0	0	0	0	0	0	0	3.884131e+26	0	3.884131e+26	1.75584e+26	0	1.75584e+26	9.399953e+25	0	9.399953e+25	3.51168e+26	0	3.51168e+26	1.04641e+26	0	1.04641e+26	3.352059e+26	0	3.352059e+26	3.700703e+23	8.935683e-10	0.001106002	4.451517e+12	6.634253e+07	504928.7	1.93018e-07	7.96403e-14	5.07887e-21	0.3545201	0.5	0.006782602	0.9999983	60.5932	7.535072	10569.8	1.117189e+26	1.827432e+28	5.151575e+27	6.741065e+25	3.118866e+27	1.203261e+27	5.325573e+26	2.294797e+26	0.2188657	0	0.02104317	0.03560219	0.03560219	0.001424136	0.02670164	0	0	0	0	1.280678e-20	0	1.280678e-20	0	-328.877	0	-328.877	0	30149.85	77194.93	2012.83	8447.673	0.006389748	1	5.093594	0.4520683	1	2	0.0207755	0.05376048	
14308	909.0505	3.45e+19	0	0	100000	2	1e-05	4.158305e+26	2.850368e+26	2.702482e+26	1.478857e+25	7.47312e+25	5.606258e+25	3.020991e+25	2.07078e+25	1.963342e+25	1.074384e+24	5.42919e+24	4.072922e+24	0.1348207	3.020991e+26	2.07078e+26	1.963342e+26	1.074384e+25	0	3.137834e+17	9.502112e+25	0	0	0	0	0	0	0	0	0	0	0	0	0	0	3.891747e+26	0	3.891747e+26	1.759283e+26	0	1.759283e+26	9.418384e+25	0	9.418384e+25	3.518566e+26	0	3.518566e+26	1.048462e+26	0	1.048462e+26	3.358631e+26	0	3.358631e+26	3.698941e+23	8.940182e-10	0.001107147	4.451517e+12	6.662693e+07	505761.3	1.932924e-07	7.986694e-14	5.100566e-21	0.355529	0.5	0.006811576	0.9999985	60.71201	7.549846	10569.8	1.117189e+26	1.827432e+28	5.151575e+27	6.741065e+25	3.118866e+27	1.203261e+27	5.325573e+26	2.294797e+26	0.2188657	0	0.02103464	0.03560219	0.03560219	0.001424136	0.02670164	0	0	0	0	1.280678e-20	0	1.280678e-20	0	-328.877	0	-328.877	0	30149.85	77194.93	2016.915	8447.673	0.006389748	1	5.093809	0.4520683	1	2	0.02083454	0.05386589	
14336	909.0505	3.45e+19	0	0	100000	2	1e-05	4.166443e+26	2.854796e+26	2.706757e+26	1.480391e+25	7.50494e+25	5.611532e+25	3.026903e+25	2.073997e+25	1.966447e+25	1.075498e+24	5.452307e+24	4.076754e+24	0.134684	3.026903e+26	2.073997e+26	1.966447e+26	1.075498e+25	0	3.137834e+17	9.529061e+25	0	0	0	0	0	0	0	0	0	0	0	0	0	0	3.899363e+26	0	3.899363e+26	1.762726e+26	0	1.762726e+26	9.436815e+25	0	9.436815e+25	3.525452e+26	0	3.525452e+26	1.050513e+26	0	1.050513e+26	3.365204e+26	0	3.365204e+26	3.697184e+23	8.944674e-10	0.001108289	4.451517e+12	6.691095e+07	506601.4	1.935657e-07	8.009296e-14	5.122232e-21	0.3565352	0.5	0.006840511	0.9999987	60.83082	7.564621	10569.8	1.117189e+26	1.827432e+28	5.151575e+27	6.741065e+25	3.118866e+27	1.203261e+27	5.325573e+26	2.294797e+26	0.2188657	0	0.02102612	0.03560219	0.03560219	0.001424136	0.02670164	0	0	0	0	1.280678e-20	0	1.280678e-20	0	-328.877	0	-328.877	0	30149.85	77194.93	2021.001	8447.673	0.006389749	1	5.094023	0.4520683	1	2	0.02089362	0.05397131	
14364	909.0505	3.45e+19	0	0	100000	2	1e-05	4.174581e+26	2.859221e+26	2.711028e+26	1.481923e+25	7.536716e+25	5.616882e+25	3.032815e+25	2.077212e+25	1.969551e+25	1.076611e+24	5.475392e+24	4.080641e+24	0.1345496	3.032815e+26	2.077212e+26	1.969551e+26	1.076611e+25	0	3.137834e+17	9.556033e+25	0	0	0	0	0	0	0	0	0	0	0	0	0	0	3.906979e+26	0	3.906979e+26	1.766169e+26	0	1.766169e+26	9.455247e+25	0	9.455247e+25	3.532337e+26	0	3.532337e+26	1.052565e+26	0	1.052565e+26	3.371777e+26	0	3.371777e+26	3.695431e+23	8.949157e-10	0.00110943	4.451517e+12	6.719457e+07	507449.2	1.938379e-07	8.031836e-14	5.14387e-21	0.3575385	0.5	0.006869407	0.9999988	60.94963	7.579396	10569.8	1.117189e+26	1.827432e+28	5.151575e+27	6.741065e+25	3.118866e+27	1.203261e+27	5.325573e+26	2.294797e+26	0.2188657	0	0.0210176	0.03560219	0.03560219	0.001424136	0.02670164	0	0	0	0	1.280678e-20	0	1.280678e-20	0	-328.877	0	-328.877	0	30149.85	77194.93	2025.087	8447.673	0.006389748	1	5.094237	0.4520682	1	2	0.02095276	0.05407672	
14392	909.0505	3.45e+19	0	0	100000	2	1e-05	4.182718e+26	2.863643e+26	2.715297e+26	1.483453e+25	7.568448e+25	5.622306e+25	3.038727e+25	2.080424e+25	1.972652e+25	1.077723e+24	5.498445e+24	4.084581e+24	0.1344175	3.038727e+26	2.080424e+26	1.972652e+26	1.077723e+25	0	3.137834e+17	9.583027e+25	0	0	0	0	0	0	0	0	0	0	0	0	0	0	3.914595e+26	0	3.914595e+26	1.769612e+26	0	1.769612e+26	9.473678e+25	0	9.473678e+25	3.539223e+26	0	3.539223e+26	1.054617e+26	0	1.054617e+26	3.378349e+26	0	3.378349e+26	3.693682e+23	8.953632e-10	0.00111057	4.451517e+12	6.747781e+07	508304.6	1.941089e-07	8.054313e-14	5.165478e-21	0.3585391	0.5	0.006898263	0.999999	61.06844	7.59417	10569.8	1.117189e+26	1.827432e+28	5.151575e+27	6.741065e+25	3.118866e+27	1.203261e+27	5.325573e+26	2.294797e+26	0.2188657	0	0.02100908	0.03560219	0.03560219	0.001424136	0.02670164	0	0	0	0	1.280678e-20	0	1.280678e-20	0	-328.877	0	-328.877	0	30149.85	77194.93	2029.173	8447.673	0.006389748	1	5.094451	0.4520683	1	2	0.02101195	0.05418213	
14420	909.0505	3.45e+19	0	0	100000	2	1e-05	4.190856e+26	2.868062e+26	2.719564e+26	1.484981e+25	7.600136e+25	5.627805e+25	3.044639e+25	2.083635e+25	1.975751e+25	1.078832e+24	5.521466e+24	4.088576e+24	0.1342877	3.044639e+26	2.083635e+26	1.975751e+26	1.078832e+25	0	3.137834e+17	9.610043e+25	0	0	0	0	0	0	0	0	0	0	0	0	0	0	3.922211e+26	0	3.922211e+26	1.773054e+26	0	1.773054e+26	9.492109e+25	0	9.492109e+25	3.546109e+26	0	3.546109e+26	1.056669e+26	0	1.056669e+26	3.384922e+26	0	3.384922e+26	3.691938e+23	8.958099e-10	0.001111708	4.451517e+12	6.776065e+07	509167.6	1.943788e-07	8.076727e-14	5.187055e-21	0.3595369	0.5	0.00692708	0.9999991	61.18725	7.608945	10569.8	1.117189e+26	1.827432e+28	5.151575e+27	6.741065e+25	3.118866e+27	1.203261e+27	5.325573e+26	2.294797e+26	0.2188657	0	0.02100057	0.03560219	0.03560219	0.001424136	0.02670164	0	0	0	0	1.280678e-20	0	1.280678e-20	0	-328.877	0	-328.877	0	30149.85	77194.93	2033.26	8447.673	0.006389748	1	5.094664	0.4520683	1	2	0.02107119	0.05428754	
14448	909.0505	3.45e+19	0	0	100000	2	1e-05	4.198993e+26	2.872477e+26	2.723827e+26	1.486507e+25	7.631779e+25	5.63338e+25	3.050551e+25	2.086843e+25	1.978849e+25	1.079941e+24	5.544455e+24	4.092627e+24	0.1341603	3.050551e+26	2.086843e+26	1.978849e+26	1.079941e+25	0	3.137834e+17	9.637081e+25	0	0	0	0	0	0	0	0	0	0	0	0	0	0	3.929827e+26	0	3.929827e+26	1.776497e+26	0	1.776497e+26	9.51054e+25	0	9.51054e+25	3.552994e+26	0	3.552994e+26	1.058721e+26	0	1.058721e+26	3.391495e+26	0	3.391495e+26	3.690199e+23	8.962558e-10	0.001112844	4.451517e+12	6.804308e+07	510038.4	1.946476e-07	8.09908e-14	5.208603e-21	0.3605319	0.5	0.006955855	0.9999992	61.30606	7.62372	10569.8	1.117189e+26	1.827432e+28	5.151575e+27	6.741065e+25	3.118866e+27	1.203261e+27	5.325573e+26	2.294797e+26	0.2188657	0	0.02099207	0.03560219	0.03560219	0.001424136	0.02670164	0	0	0	0	1.280678e-20	0	1.280678e-20	0	-328.877	0	-328.877	0	30149.85	77194.93	2037.347	8447.673	0.006389748	1	5.094877	0.4520682	1	2	0.02113047	0.05439296	
14476	909.0505	3.45e+19	0	0	100000	2	1e-05	4.207131e+26	2.87689e+26	2.728087e+26	1.48803e+25	7.663376e+25	5.639031e+25	3.056463e+25	2.090048e+25	1.981944e+25	1.081048e+24	5.56741e+24	4.096732e+24	0.1340351	3.056463e+26	2.090048e+26	1.981944e+26	1.081048e+25	0	3.137834e+17	9.664142e+25	0	0	0	0	0	0	0	0	0	0	0	0	0	0	3.937443e+26	0	3.937443e+26	1.77994e+26	0	1.77994e+26	9.528972e+25	0	9.528972e+25	3.55988e+26	0	3.55988e+26	1.060772e+26	0	1.060772e+26	3.398067e+26	0	3.398067e+26	3.688463e+23	8.967009e-10	0.001113979	4.451517e+12	6.832512e+07	510916.8	1.949153e-07	8.12137e-14	5.23012e-21	0.3615241	0.5	0.006984591	0.9999993	61.42487	7.638494	10569.8	1.117189e+26	1.827432e+28	5.151575e+27	6.741065e+25	3.118866e+27	1.203261e+27	5.325573e+26	2.294797e+26	0.2188657	0	0.02098357	0.03560219	0.03560219	0.001424136	0.02670164	0	0	0	0	1.280678e-20	0	1.280678e-20	0	-328.877	0	-328.877	0	30149.85	77194.93	2041.435	8447.673	0.006389749	1	5.09509	0.4520683	1	2	0.02118981	0.05449837	
14504	909.0505	3.45e+19	0	0	100000	2	1e-05	4.215269e+26	2.8813e+26	2.732345e+26	1.489552e+25	7.694927e+25	5.644759e+25	3.062375e+25	2.093252e+25	1.985037e+25	1.082153e+24	5.590332e+24	4.100893e+24	0.1339122	3.062375e+26	2.093252e+26	1.985037e+26	1.082153e+25	0	3.137834e+17	9.691225e+25	0	0	0	0	0	0	0	0	0	0	0	0	0	0	3.945059e+26	0	3.945059e+26	1.783383e+26	0	1.783383e+26	9.547403e+25	0	9.547403e+25	3.566766e+26	0	3.566766e+26	1.062824e+26	0	1.062824e+26	3.40464e+26	0	3.40464e+26	3.686732e+23	8.971452e-10	0.001115112	4.451517e+12	6.860674e+07	511802.9	1.951818e-07	8.143597e-14	5.251606e-21	0.3625136	0.5	0.007013284	0.9999994	61.54368	7.653269	10569.8	1.117189e+26	1.827432e+28	5.151575e+27	6.741065e+25	3.118866e+27	1.203261e+27	5.325573e+26	2.294797e+26	0.2188657	0	0.02097507	0.03560219	0.03560219	0.001424136	0.02670164	0	0	0	0	1.280678e-20	0	1.280678e-20	0	-328.877	0	-328.877	0	30149.85	77194.93	2045.523	8447.673	0.006389748	1	5.095303	0.4520682	1	2	0.02124919	0.05460378	
14532	909.0505	3.45e+19	0	0	100000	2	1e-05	4.223406e+26	2.885707e+26	2.736599e+26	1.491071e+25	7.726432e+25	5.650563e+25	3.068286e+25	2.096453e+25	1.988128e+25	1.083257e+24	5.61322e+24	4.10511e+24	0.1337916	3.068286e+26	2.096453e+26	1.988128e+26	1.083257e+25	0	3.137834e+17	9.71833e+25	0	0	0	0	0	0	0	0	0	0	0	0	0	0	3.952675e+26	0	3.952675e+26	1.786826e+26	0	1.786826e+26	9.565834e+25	0	9.565834e+25	3.573651e+26	0	3.573651e+26	1.064876e+26	0	1.064876e+26	3.411213e+26	0	3.411213e+26	3.685006e+23	8.975887e-10	0.001116243	4.451517e+12	6.888796e+07	512696.8	1.954473e-07	8.165762e-14	5.273061e-21	0.3635003	0.5	0.007041937	0.9999994	61.66249	7.668044	10569.8	1.117189e+26	1.827432e+28	5.151575e+27	6.741065e+25	3.118866e+27	1.203261e+27	5.325573e+26	2.294797e+26	0.2188657	0	0.02096658	0.03560219	0.03560219	0.001424136	0.02670164	0	0	0	0	1.280678e-20	0	1.280678e-20	0	-328.877	0	-328.877	0	30149.85	77194.93	2049.611	8447.673	0.006389749	1	5.095515	0.4520682	1	2	0.02130862	0.05470919	
14560	909.0505	3.45e+19	0	0	100000	2	1e-05	4.231544e+26	2.89011e+26	2.740851e+26	1.492588e+25	7.757891e+25	5.656445e+25	3.074198e+25	2.099653e+25	1.991217e+25	1.084359e+24	5.636074e+24	4.109383e+24	0.1336733	3.074198e+26	2.099653e+26	1.991217e+26	1.084359e+25	0	3.137834e+17	9.745458e+25	0	0	0	0	0	0	0	0	0	0	0	0	0	0	3.960291e+26	0	3.960291e+26	1.790268e+26	0	1.790268e+26	9.584266e+25	0	9.584266e+25	3.580537e+26	0	3.580537e+26	1.066928e+26	0	1.066928e+26	3.417785e+26	0	3.417785e+26	3.683283e+23	8.980314e-10	0.001117373	4.451517e+12	6.916876e+07	513598.5	1.957116e-07	8.187865e-14	5.294485e-21	0.3644842	0.5	0.007070547	0.9999995	61.7813	7.682818	10569.8	1.117189e+26	1.827432e+28	5.151575e+27	6.741065e+25	3.118866e+27	1.203261e+27	5.325573e+26	2.294797e+26	0.2188657	0	0.02095809	0.03560219	0.03560219	0.001424136	0.02670164	0	0	0	0	1.280678e-20	0	1.280678e-20	0	-328.877	0	-328.877	0	30149.85	77194.93	2053.7	8447.673	0.006389748	1	5.095727	0.4520682	1	2	0.0213681	0.05481461	
14588	909.0505	3.45e+19	0	0	100000	2	1e-05	4.239681e+26	2.894511e+26	2.7451e+26	1.494104e+25	7.789302e+25	5.662404e+25	3.08011e+25	2.10285e+25	1.994304e+25	1.08546e+24	5.658895e+24	4.113712e+24	0.1335573	3.08011e+26	2.10285e+26	1.994304e+26	1.08546e+25	0	3.137834e+17	9.772607e+25	0	0	0	0	0	0	0	0	0	0	0	0	0	0	3.967907e+26	0	3.967907e+26	1.793711e+26	0	1.793711e+26	9.602697e+25	0	9.602697e+25	3.587423e+26	0	3.587423e+26	1.068979e+26	0	1.068979e+26	3.424358e+26	0	3.424358e+26	3.681565e+23	8.984733e-10	0.001118502	4.451517e+12	6.944914e+07	514507.9	1.959749e-07	8.209905e-14	5.315877e-21	0.3654653	0.5	0.007099116	0.9999996	61.90011	7.697593	10569.8	1.117189e+26	1.827432e+28	5.151575e+27	6.741065e+25	3.118866e+27	1.203261e+27	5.325573e+26	2.294797e+26	0.2188657	0	0.02094961	0.03560219	0.03560219	0.001424136	0.02670164	0	0	0	0	1.280678e-20	0	1.280678e-20	0	-328.877	0	-328.877	0	30149.85	77194.93	2057.789	8447.673	0.006389748	1	5.095939	0.4520682	1	2	0.02142763	0.05492002	
14616	909.0505	3.45e+19	0	0	100000	2	1e-05	4.247819e+26	2.898908e+26	2.749346e+26	1.495617e+25	7.820667e+25	5.668441e+25	3.086022e+25	2.106044e+25	1.997388e+25	1.086559e+24	5.681681e+24	4.118098e+24	0.1334436	3.086022e+26	2.106044e+26	1.997388e+26	1.086559e+25	0	3.137834e+17	9.799779e+25	0	0	0	0	0	0	0	0	0	0	0	0	0	0	3.975523e+26	0	3.975523e+26	1.797154e+26	0	1.797154e+26	9.621128e+25	0	9.621128e+25	3.594308e+26	0	3.594308e+26	1.071031e+26	0	1.071031e+26	3.430931e+26	0	3.430931e+26	3.679852e+23	8.989145e-10	0.001119629	4.451517e+12	6.97291e+07	515425.2	1.96237e-07	8.231883e-14	5.337238e-21	0.3664437	0.5	0.007127641	0.9999996	62.01892	7.712368	10569.8	1.117189e+26	1.827432e+28	5.151575e+27	6.741065e+25	3.118866e+27	1.203261e+27	5.325573e+26	2.294797e+26	0.2188657	0	0.02094113	0.03560219	0.03560219	0.001424136	0.02670164	0	0	0	0	1.280678e-20	0	1.280678e-20	0	-328.877	0	-328.877	0	30149.85	77194.93	2061.878	8447.673	0.006389748	1	5.096151	0.4520682	1	2	0.02148721	0.05502543	
14644	909.0505	3.45e+19	0	0	100000	2	1e-05	4.255956e+26	2.903303e+26	2.75359e+26	1.497128e+25	7.851983e+25	5.674556e+25	3.091934e+25	2.109237e+25	2.000471e+25	1.087657e+24	5.704432e+24	4.122541e+24	0.1333321	3.091934e+26	2.109237e+26	2.000471e+26	1.087657e+25	0	3.137834e+17	9.826973e+25	0	0	0	0	0	0	0	0	0	0	0	0	0	0	3.983139e+26	0	3.983139e+26	1.800597e+26	0	1.800597e+26	9.639559e+25	0	9.639559e+25	3.601194e+26	0	3.601194e+26	1.073083e+26	0	1.073083e+26	3.437503e+26	0	3.437503e+26	3.678142e+23	8.993548e-10	0.001120754	4.451517e+12	7.000864e+07	516350.4	1.96498e-07	8.253799e-14	5.358566e-21	0.3674193	0.5	0.007156124	0.9999997	62.13773	7.727142	10569.8	1.117189e+26	1.827432e+28	5.151575e+27	6.741065e+25	3.118866e+27	1.203261e+27	5.325573e+26	2.294797e+26	0.2188657	0	0.02093265	0.03560219	0.03560219	0.001424136	0.02670164	0	0	0	0	1.280678e-20	0	1.280678e-20	0	-328.877	0	-328.877	0	30149.85	77194.93	2065.968	8447.673	0.006389749	1	5.096362	0.4520682	1	2	0.02154683	0.05513084	
14672	909.0505	3.45e+19	0	0	100000	2	1e-05	4.264094e+26	2.907694e+26	2.75783e+26	1.498637e+25	7.883252e+25	5.680749e+25	3.097846e+25	2.112427e+25	2.003552e+25	1.088753e+24	5.727149e+24	4.12704e+24	0.1332229	3.097846e+26	2.112427e+26	2.003552e+26	1.088753e+25	0	3.137834e+17	9.854189e+25	0	0	0	0	0	0	0	0	0	0	0	0	0	0	3.990755e+26	0	3.990755e+26	1.80404e+26	0	1.80404e+26	9.657991e+25	0	9.657991e+25	3.60808e+26	0	3.60808e+26	1.075135e+26	0	1.075135e+26	3.444076e+26	0	3.444076e+26	3.676437e+23	8.997944e-10	0.001121878	4.451517e+12	7.028775e+07	517283.4	1.96758e-07	8.275653e-14	5.379862e-21	0.3683921	0.5	0.007184564	0.9999997	62.25654	7.741917	10569.8	1.117189e+26	1.827432e+28	5.151575e+27	6.741065e+25	3.118866e+27	1.203261e+27	5.325573e+26	2.294797e+26	0.2188657	0	0.02092418	0.03560219	0.03560219	0.001424136	0.02670164	0	0	0	0	1.280678e-20	0	1.280678e-20	0	-328.877	0	-328.877	0	30149.85	77194.93	2070.058	8447.673	0.006389748	1	5.096574	0.4520682	1	2	0.02160651	0.05523626	
14700	909.0505	3.45e+19	0	0	100000	2	1e-05	4.272232e+26	2.912082e+26	2.762068e+26	1.500144e+25	7.914472e+25	5.687021e+25	3.103758e+25	2.115615e+25	2.006631e+25	1.089848e+24	5.74983e+24	4.131596e+24	0.1331159	3.103758e+26	2.115615e+26	2.006631e+26	1.089848e+25	0	3.137834e+17	9.881427e+25	0	0	0	0	0	0	0	0	0	0	0	0	0	0	3.998371e+26	0	3.998371e+26	1.807483e+26	0	1.807483e+26	9.676422e+25	0	9.676422e+25	3.614965e+26	0	3.614965e+26	1.077187e+26	0	1.077187e+26	3.450649e+26	0	3.450649e+26	3.674736e+23	9.002332e-10	0.001123	4.451517e+12	7.056643e+07	518224.2	1.970169e-07	8.297445e-14	5.401126e-21	0.3693622	0.5	0.007212961	0.9999997	62.37535	7.756691	10569.8	1.117189e+26	1.827432e+28	5.151575e+27	6.741065e+25	3.118866e+27	1.203261e+27	5.325573e+26	2.294797e+26	0.2188657	0	0.02091571	0.03560219	0.03560219	0.001424136	0.02670164	0	0	0	0	1.280678e-20	0	1.280678e-20	0	-328.877	0	-328.877	0	30149.85	77194.93	2074.149	8447.673	0.006389749	1	5.096784	0.4520682	1	2	0.02166623	0.05534167	
14728	909.0505	3.45e+19	0	0	100000	2	1e-05	4.280369e+26	2.916468e+26	2.766303e+26	1.501649e+25	7.945644e+25	5.693372e+25	3.10967e+25	2.118801e+25	2.009707e+25	1.090941e+24	5.772476e+24	4.13621e+24	0.1330112	3.10967e+26	2.118801e+26	2.009707e+26	1.090941e+25	0	3.137834e+17	9.908687e+25	0	0	0	0	0	0	0	0	0	0	0	0	0	0	4.005987e+26	0	4.005987e+26	1.810925e+26	0	1.810925e+26	9.694853e+25	0	9.694853e+25	3.621851e+26	0	3.621851e+26	1.079238e+26	0	1.079238e+26	3.457221e+26	0	3.457221e+26	3.673039e+23	9.006712e-10	0.001124121	4.451517e+12	7.084468e+07	519173.1	1.972747e-07	8.319174e-14	5.422357e-21	0.3703295	0.5	0.007241314	0.9999998	62.49416	7.771466	10569.8	1.117189e+26	1.827432e+28	5.151575e+27	6.741065e+25	3.118866e+27	1.203261e+27	5.325573e+26	2.294797e+26	0.2188657	0	0.02090725	0.03560219	0.03560219	0.001424136	0.02670164	0	0	0	0	1.280678e-20	0	1.280678e-20	0	-328.877	0	-328.877	0	30149.85	77194.93	2078.24	8447.673	0.006389748	1	5.096995	0.4520682	1	2	0.021726	0.05544708	
14756	909.0505	3.45e+19	0	0	100000	2	1e-05	4.288507e+26	2.92085e+26	2.770535e+26	1.503151e+25	7.976767e+25	5.699801e+25	3.115582e+25	2.121985e+25	2.012782e+25	1.092033e+24	5.795087e+24	4.140881e+24	0.1329088	3.115582e+26	2.121985e+26	2.012782e+26	1.092033e+25	0	3.137834e+17	9.935969e+25	0	0	0	0	0	0	0	0	0	0	0	0	0	0	4.013602e+26	0	4.013602e+26	1.814368e+26	0	1.814368e+26	9.713285e+25	0	9.713285e+25	3.628736e+26	0	3.628736e+26	1.08129e+26	0	1.08129e+26	3.463794e+26	0	3.463794e+26	3.671346e+23	9.011084e-10	0.00112524	4.451517e+12	7.112249e+07	520129.8	1.975314e-07	8.340842e-14	5.443555e-21	0.371294	0.5	0.007269623	0.9999998	62.61297	7.786241	10569.8	1.117189e+26	1.827432e+28	5.151575e+27	6.741065e+25	3.118866e+27	1.203261e+27	5.325573e+26	2.294797e+26	0.2188657	0	0.02089879	0.03560219	0.03560219	0.001424136	0.02670164	0	0	0	0	1.280678e-20	0	1.280678e-20	0	-328.877	0	-328.877	0	30149.85	77194.93	2082.331	8447.673	0.006389748	1	5.097205	0.4520682	1	2	0.02178582	0.0555525	
14784	909.0505	3.45e+19	0	0	100000	2	1e-05	4.296644e+26	2.925229e+26	2.774764e+26	1.504652e+25	8.007841e+25	5.706311e+25	3.121494e+25	2.125167e+25	2.015854e+25	1.093123e+24	5.817662e+24	4.14561e+24	0.1328085	3.121494e+26	2.125167e+26	2.015854e+26	1.093123e+25	0	3.137834e+17	9.963272e+25	0	0	0	0	0	0	0	0	0	0	0	0	0	0	4.021218e+26	0	4.021218e+26	1.817811e+26	0	1.817811e+26	9.731716e+25	0	9.731716e+25	3.635622e+26	0	3.635622e+26	1.083342e+26	0	1.083342e+26	3.470367e+26	0	3.470367e+26	3.669658e+23	9.015449e-10	0.001126357	4.451517e+12	7.139987e+07	521094.5	1.977871e-07	8.362448e-14	5.46472e-21	0.3722558	0.5	0.007297888	0.9999998	62.73178	7.801015	10569.8	1.117189e+26	1.827432e+28	5.151575e+27	6.741065e+25	3.118866e+27	1.203261e+27	5.325573e+26	2.294797e+26	0.2188657	0	0.02089033	0.03560219	0.03560219	0.001424136	0.02670164	0	0	0	0	1.280678e-20	0	1.280678e-20	0	-328.877	0	-328.877	0	30149.85	77194.93	2086.422	8447.673	0.006389748	1	5.097416	0.4520682	1	2	0.02184569	0.05565791	
14812	909.0505	3.45e+19	0	0	100000	2	1e-05	4.304782e+26	2.929605e+26	2.77899e+26	1.506151e+25	8.038865e+25	5.712899e+25	3.127406e+25	2.128346e+25	2.018925e+25	1.094212e+24	5.840201e+24	4.150397e+24	0.1327105	3.127406e+26	2.128346e+26	2.018925e+26	1.094212e+25	0	3.137834e+17	9.990598e+25	0	0	0	0	0	0	0	0	0	0	0	0	0	0	4.028834e+26	0	4.028834e+26	1.821254e+26	0	1.821254e+26	9.750147e+25	0	9.750147e+25	3.642508e+26	0	3.642508e+26	1.085394e+26	0	1.085394e+26	3.476939e+26	0	3.476939e+26	3.667973e+23	9.019806e-10	0.001127473	4.451517e+12	7.167681e+07	522067.2	1.980417e-07	8.383992e-14	5.485851e-21	0.3732148	0.5	0.007326108	0.9999998	62.85059	7.81579	10569.8	1.117189e+26	1.827432e+28	5.151575e+27	6.741065e+25	3.118866e+27	1.203261e+27	5.325573e+26	2.294797e+26	0.2188657	0	0.02088188	0.03560219	0.03560219	0.001424136	0.02670164	0	0	0	0	1.280678e-20	0	1.280678e-20	0	-328.877	0	-328.877	0	30149.85	77194.93	2090.514	8447.673	0.006389748	1	5.097625	0.4520682	1	2	0.0219056	0.05576332	
14840	909.0505	3.45e+19	0	0	100000	2	1e-05	4.31292e+26	2.933979e+26	2.783214e+26	1.507648e+25	8.06984e+25	5.719568e+25	3.133318e+25	2.131523e+25	2.021993e+25	1.0953e+24	5.862704e+24	4.155242e+24	0.1326148	3.133318e+26	2.131523e+26	2.021993e+26	1.0953e+25	0	3.137834e+17	1.001795e+26	0	0	0	0	0	0	0	0	0	0	0	0	0	0	4.03645e+26	0	4.03645e+26	1.824697e+26	0	1.824697e+26	9.768578e+25	0	9.768578e+25	3.649393e+26	0	3.649393e+26	1.087446e+26	0	1.087446e+26	3.483512e+26	0	3.483512e+26	3.666293e+23	9.024155e-10	0.001128588	4.451517e+12	7.19533e+07	523047.8	1.982953e-07	8.405475e-14	5.50695e-21	0.3741711	0.5	0.007354284	0.9999999	62.9694	7.830565	10569.8	1.117189e+26	1.827432e+28	5.151575e+27	6.741065e+25	3.118866e+27	1.203261e+27	5.325573e+26	2.294797e+26	0.2188657	0	0.02087343	0.03560219	0.03560219	0.001424136	0.02670164	0	0	0	0	1.280678e-20	0	1.280678e-20	0	-328.877	0	-328.877	0	30149.85	77194.93	2094.607	8447.673	0.006389748	1	5.097835	0.4520682	1	2	0.02196556	0.05586873	
14868	909.0505	3.45e+19	0	0	100000	2	1e-05	4.321057e+26	2.938349e+26	2.787435e+26	1.509142e+25	8.100765e+25	5.726317e+25	3.13923e+25	2.134698e+25	2.025059e+25	1.096385e+24	5.885171e+24	4.160145e+24	0.1325212	3.13923e+26	2.134698e+26	2.025059e+26	1.096385e+25	0	3.137834e+17	1.004532e+26	0	0	0	0	0	0	0	0	0	0	0	0	0	0	4.044066e+26	0	4.044066e+26	1.82814e+26	0	1.82814e+26	9.78701e+25	0	9.78701e+25	3.656279e+26	0	3.656279e+26	1.089497e+26	0	1.089497e+26	3.490085e+26	0	3.490085e+26	3.664617e+23	9.028497e-10	0.001129701	4.451517e+12	7.222936e+07	524036.5	1.985478e-07	8.426896e-14	5.528014e-21	0.3751247	0.5	0.007382415	0.9999999	63.08821	7.845339	10569.8	1.117189e+26	1.827432e+28	5.151575e+27	6.741065e+25	3.118866e+27	1.203261e+27	5.325573e+26	2.294797e+26	0.2188657	0	0.02086499	0.03560219	0.03560219	0.001424136	0.02670164	0	0	0	0	1.280678e-20	0	1.280678e-20	0	-328.877	0	-328.877	0	30149.85	77194.93	2098.7	8447.673	0.006389749	1	5.098044	0.4520682	1	2	0.02202558	0.05597415	
14896	909.0505	3.45e+19	0	0	100000	2	1e-05	4.329195e+26	2.942716e+26	2.791653e+26	1.510635e+25	8.13164e+25	5.733145e+25	3.145141e+25	2.137871e+25	2.028124e+25	1.09747e+24	5.907602e+24	4.165106e+24	0.1324298	3.145141e+26	2.137871e+26	2.028124e+26	1.09747e+25	0	3.137834e+17	1.007271e+26	0	0	0	0	0	0	0	0	0	0	0	0	0	0	4.051682e+26	0	4.051682e+26	1.831582e+26	0	1.831582e+26	9.805441e+25	0	9.805441e+25	3.663165e+26	0	3.663165e+26	1.091549e+26	0	1.091549e+26	3.496657e+26	0	3.496657e+26	3.662944e+23	9.032831e-10	0.001130812	4.451517e+12	7.250496e+07	525033.3	1.987993e-07	8.448255e-14	5.549045e-21	0.3760755	0.5	0.007410501	0.9999999	63.20702	7.860114	10569.8	1.117189e+26	1.827432e+28	5.151575e+27	6.741065e+25	3.118866e+27	1.203261e+27	5.325573e+26	2.294797e+26	0.2188657	0	0.02085655	0.03560219	0.03560219	0.001424136	0.02670164	0	0	0	0	1.280678e-20	0	1.280678e-20	0	-328.877	0	-328.877	0	30149.85	77194.93	2102.793	8447.673	0.006389748	1	5.098254	0.4520682	1	2	0.02208563	0.05607956	
14924	909.0505	3.45e+19	0	0	100000	2	1e-05	4.337332e+26	2.94708e+26	2.795868e+26	1.512126e+25	8.162464e+25	5.740054e+25	3.151053e+25	2.141041e+25	2.031186e+25	1.098553e+24	5.929995e+24	4.170125e+24	0.1323407	3.151053e+26	2.141041e+26	2.031186e+26	1.098553e+25	0	3.137834e+17	1.010012e+26	0	0	0	0	0	0	0	0	0	0	0	0	0	0	4.059298e+26	0	4.059298e+26	1.835025e+26	0	1.835025e+26	9.823872e+25	0	9.823872e+25	3.67005e+26	0	3.67005e+26	1.093601e+26	0	1.093601e+26	3.50323e+26	0	3.50323e+26	3.661276e+23	9.037157e-10	0.001131922	4.451517e+12	7.278012e+07	526038	1.990497e-07	8.469553e-14	5.570043e-21	0.3770236	0.5	0.007438542	0.9999999	63.32583	7.874889	10569.8	1.117189e+26	1.827432e+28	5.151575e+27	6.741065e+25	3.118866e+27	1.203261e+27	5.325573e+26	2.294797e+26	0.2188657	0	0.02084811	0.03560219	0.03560219	0.001424136	0.02670164	0	0	0	0	1.280678e-20	0	1.280678e-20	0	-328.877	0	-328.877	0	30149.85	77194.93	2106.886	8447.673	0.006389748	1	5.098463	0.4520682	1	2	0.02214574	0.05618497	
14952	909.0505	3.45e+19	0	0	100000	2	1e-05	4.34547e+26	2.951442e+26	2.80008e+26	1.513614e+25	8.193238e+25	5.747044e+25	3.156965e+25	2.14421e+25	2.034246e+25	1.099634e+24	5.952353e+24	4.175203e+24	0.1322537	3.156965e+26	2.14421e+26	2.034246e+26	1.099634e+25	0	3.137834e+17	1.012756e+26	0	0	0	0	0	0	0	0	0	0	0	0	0	0	4.066914e+26	0	4.066914e+26	1.838468e+26	0	1.838468e+26	9.842304e+25	0	9.842304e+25	3.676936e+26	0	3.676936e+26	1.095653e+26	0	1.095653e+26	3.509803e+26	0	3.509803e+26	3.659612e+23	9.041476e-10	0.001133031	4.451517e+12	7.305483e+07	527050.9	1.992991e-07	8.490791e-14	5.591006e-21	0.377969	0.5	0.007466537	0.9999999	63.44464	7.889663	10569.8	1.117189e+26	1.827432e+28	5.151575e+27	6.741065e+25	3.118866e+27	1.203261e+27	5.325573e+26	2.294797e+26	0.2188657	0	0.02083967	0.03560219	0.03560219	0.001424136	0.02670164	0	0	0	0	1.280678e-20	0	1.280678e-20	0	-328.877	0	-328.877	0	30149.85	77194.93	2110.98	8447.673	0.006389748	1	5.098671	0.4520682	1	2	0.0222059	0.05629038	
14980	909.0505	3.45e+19	0	0	100000	2	1e-05	4.353607e+26	2.9558e+26	2.80429e+26	1.515101e+25	8.223962e+25	5.754114e+25	3.162877e+25	2.147376e+25	2.037305e+25	1.100714e+24	5.974673e+24	4.180339e+24	0.1321689	3.162877e+26	2.147376e+26	2.037305e+26	1.100714e+25	0	3.137834e+17	1.015501e+26	0	0	0	0	0	0	0	0	0	0	0	0	0	0	4.07453e+26	0	4.07453e+26	1.841911e+26	0	1.841911e+26	9.860735e+25	0	9.860735e+25	3.683822e+26	0	3.683822e+26	1.097704e+26	0	1.097704e+26	3.516375e+26	0	3.516375e+26	3.657953e+23	9.045788e-10	0.001134138	4.451517e+12	7.332909e+07	528071.9	1.995475e-07	8.511967e-14	5.611935e-21	0.3789116	0.5	0.007494487	0.9999999	63.56345	7.904438	10569.8	1.117189e+26	1.827432e+28	5.151575e+27	6.741065e+25	3.118866e+27	1.203261e+27	5.325573e+26	2.294797e+26	0.2188657	0	0.02083124	0.03560219	0.03560219	0.001424136	0.02670164	0	0	0	0	1.280678e-20	0	1.280678e-20	0	-328.877	0	-328.877	0	30149.85	77194.93	2115.074	8447.673	0.006389748	1	5.09888	0.4520682	1	2	0.0222661	0.0563958	
15008	909.0505	3.45e+19	0	0	100000	2	1e-05	4.361745e+26	2.960155e+26	2.808497e+26	1.516586e+25	8.254634e+25	5.761265e+25	3.168789e+25	2.15054e+25	2.040361e+25	1.101793e+24	5.996957e+24	4.185534e+24	0.1320862	3.168789e+26	2.15054e+26	2.040361e+26	1.101793e+25	0	3.137834e+17	1.018249e+26	0	0	0	0	0	0	0	0	0	0	0	0	0	0	4.082146e+26	0	4.082146e+26	1.845354e+26	0	1.845354e+26	9.879166e+25	0	9.879166e+25	3.690707e+26	0	3.690707e+26	1.099756e+26	0	1.099756e+26	3.522948e+26	0	3.522948e+26	3.656297e+23	9.050091e-10	0.001135243	4.451517e+12	7.36029e+07	529100.9	1.997948e-07	8.533082e-14	5.63283e-21	0.3798516	0.5	0.007522391	0.9999999	63.68226	7.919213	10569.8	1.117189e+26	1.827432e+28	5.151575e+27	6.741065e+25	3.118866e+27	1.203261e+27	5.325573e+26	2.294797e+26	0.2188657	0	0.02082281	0.03560219	0.03560219	0.001424136	0.02670164	0	0	0	0	1.280678e-20	0	1.280678e-20	0	-328.877	0	-328.877	0	30149.85	77194.93	2119.168	8447.673	0.006389748	1	5.099088	0.4520682	1	2	0.02232635	0.05650121	
15036	909.0505	3.45e+19	0	0	100000	2	1e-05	4.369883e+26	2.964507e+26	2.812701e+26	1.518068e+25	8.285256e+25	5.768496e+25	3.174701e+25	2.153702e+25	2.043415e+25	1.10287e+24	6.019203e+24	4.190788e+24	0.1320058	3.174701e+26	2.153702e+26	2.043415e+26	1.10287e+25	0	3.137834e+17	1.020999e+26	0	0	0	0	0	0	0	0	0	0	0	0	0	0	4.089762e+26	0	4.089762e+26	1.848796e+26	0	1.848796e+26	9.897597e+25	0	9.897597e+25	3.697593e+26	0	3.697593e+26	1.101808e+26	0	1.101808e+26	3.529521e+26	0	3.529521e+26	3.654645e+23	9.054388e-10	0.001136347	4.451517e+12	7.387625e+07	530138.2	2.000412e-07	8.554137e-14	5.653691e-21	0.3807888	0.5	0.00755025	0.9999999	63.80107	7.933987	10569.8	1.117189e+26	1.827432e+28	5.151575e+27	6.741065e+25	3.118866e+27	1.203261e+27	5.325573e+26	2.294797e+26	0.2188657	0	0.02081439	0.03560219	0.03560219	0.001424136	0.02670164	0	0	0	0	1.280678e-20	0	1.280678e-20	0	-328.877	0	-328.877	0	30149.85	77194.93	2123.263	8447.673	0.006389748	1	5.099296	0.4520682	1	2	0.02238665	0.05660662	
15064	909.0505	3.45e+19	0	0	100000	2	1e-05	4.37802e+26	2.968857e+26	2.816902e+26	1.519549e+25	8.315826e+25	5.775809e+25	3.180613e+25	2.156862e+25	2.046467e+25	1.103946e+24	6.041412e+24	4.196101e+24	0.1319274	3.180613e+26	2.156862e+26	2.046467e+26	1.103946e+25	0	3.137834e+17	1.023751e+26	0	0	0	0	0	0	0	0	0	0	0	0	0	0	4.097378e+26	0	4.097378e+26	1.852239e+26	0	1.852239e+26	9.916029e+25	0	9.916029e+25	3.704479e+26	0	3.704479e+26	1.10386e+26	0	1.10386e+26	3.536093e+26	0	3.536093e+26	3.652997e+23	9.058677e-10	0.00113745	4.451517e+12	7.414915e+07	531183.5	2.002865e-07	8.575131e-14	5.674517e-21	0.3817234	0.5	0.007578062	0.9999999	63.91988	7.948762	10569.8	1.117189e+26	1.827432e+28	5.151575e+27	6.741065e+25	3.118866e+27	1.203261e+27	5.325573e+26	2.294797e+26	0.2188657	0	0.02080597	0.03560219	0.03560219	0.001424136	0.02670164	0	0	0	0	1.280678e-20	0	1.280678e-20	0	-328.877	0	-328.877	0	30149.85	77194.93	2127.358	8447.673	0.006389749	1	5.099503	0.4520682	1	2	0.02244699	0.05671204	
15092	909.0505	3.45e+19	0	0	100000	2	1e-05	4.386158e+26	2.973203e+26	2.8211e+26	1.521028e+25	8.346346e+25	5.783203e+25	3.186525e+25	2.160019e+25	2.049517e+25	1.10502e+24	6.063584e+24	4.201472e+24	0.1318512	3.186525e+26	2.160019e+26	2.049517e+26	1.10502e+25	0	3.137834e+17	1.026506e+26	0	0	0	0	0	0	0	0	0	0	0	0	0	0	4.104994e+26	0	4.104994e+26	1.855682e+26	0	1.855682e+26	9.93446e+25	0	9.93446e+25	3.711364e+26	0	3.711364e+26	1.105912e+26	0	1.105912e+26	3.542666e+26	0	3.542666e+26	3.651353e+23	9.062958e-10	0.001138551	4.451517e+12	7.442159e+07	532237.1	2.005308e-07	8.596064e-14	5.695308e-21	0.3826553	0.5	0.007605829	1	64.0387	7.963537	10569.8	1.117189e+26	1.827432e+28	5.151575e+27	6.741065e+25	3.118866e+27	1.203261e+27	5.325573e+26	2.294797e+26	0.2188657	0	0.02079755	0.03560219	0.03560219	0.001424136	0.02670164	0	0	0	0	1.280678e-20	0	1.280678e-20	0	-328.877	0	-328.877	0	30149.85	77194.93	2131.454	8447.673	0.006389748	1	5.099711	0.4520681	1	2	0.02250738	0.05681745	
15120	909.0505	3.45e+19	0	0	100000	2	1e-05	4.394295e+26	2.977546e+26	2.825296e+26	1.522504e+25	8.376813e+25	5.790678e+25	3.192437e+25	2.163175e+25	2.052565e+25	1.106093e+24	6.085719e+24	4.206903e+24	0.1317772	3.192437e+26	2.163175e+26	2.052565e+26	1.106093e+25	0	3.137834e+17	1.029262e+26	0	0	0	0	0	0	0	0	0	0	0	0	0	0	4.11261e+26	0	4.11261e+26	1.859125e+26	0	1.859125e+26	9.952891e+25	0	9.952891e+25	3.71825e+26	0	3.71825e+26	1.107963e+26	0	1.107963e+26	3.549239e+26	0	3.549239e+26	3.649713e+23	9.067232e-10	0.00113965	4.451517e+12	7.469357e+07	533298.8	2.007741e-07	8.616938e-14	5.716066e-21	0.3835845	0.5	0.007633549	1	64.15751	7.978311	10569.8	1.117189e+26	1.827432e+28	5.151575e+27	6.741065e+25	3.118866e+27	1.203261e+27	5.325573e+26	2.294797e+26	0.2188657	0	0.02078914	0.03560219	0.03560219	0.001424136	0.02670164	0	0	0	0	1.280678e-20	0	1.280678e-20	0	-328.877	0	-328.877	0	30149.85	77194.93	2135.55	8447.673	0.006389749	1	5.099918	0.4520682	1	2	0.02256782	0.05692286	
15148	909.0505	3.45e+19	0	0	100000	2	1e-05	4.402433e+26	2.981887e+26	2.829489e+26	1.523979e+25	8.40723e+25	5.798234e+25	3.198349e+25	2.166328e+25	2.055611e+25	1.107164e+24	6.107817e+24	4.212392e+24	0.1317052	3.198349e+26	2.166328e+26	2.055611e+26	1.107164e+25	0	3.137834e+17	1.032021e+26	0	0	0	0	0	0	0	0	0	0	0	0	0	0	4.120226e+26	0	4.120226e+26	1.862568e+26	0	1.862568e+26	9.971322e+25	0	9.971322e+25	3.725136e+26	0	3.725136e+26	1.110015e+26	0	1.110015e+26	3.555811e+26	0	3.555811e+26	3.648077e+23	9.071499e-10	0.001140748	4.451517e+12	7.49651e+07	534368.7	2.010165e-07	8.637751e-14	5.736788e-21	0.384511	0.5	0.007661223	1	64.27632	7.993086	10569.8	1.117189e+26	1.827432e+28	5.151575e+27	6.741065e+25	3.118866e+27	1.203261e+27	5.325573e+26	2.294797e+26	0.2188657	0	0.02078073	0.03560219	0.03560219	0.001424136	0.02670164	0	0	0	0	1.280678e-20	0	1.280678e-20	0	-328.877	0	-328.877	0	30149.85	77194.93	2139.646	8447.673	0.006389748	1	5.100125	0.4520682	1	2	0.02262831	0.05702827	
15176	909.0505	3.45e+19	0	0	100000	2	1e-05	4.410571e+26	2.986224e+26	2.833679e+26	1.525452e+25	8.437595e+25	5.805871e+25	3.204261e+25	2.169479e+25	2.058656e+25	1.108234e+24	6.129876e+24	4.21794e+24	0.1316354	3.204261e+26	2.169479e+26	2.058656e+26	1.108234e+25	0	3.137834e+17	1.034782e+26	0	0	0	0	0	0	0	0	0	0	0	0	0	0	4.127842e+26	0	4.127842e+26	1.866011e+26	0	1.866011e+26	9.989754e+25	0	9.989754e+25	3.732021e+26	0	3.732021e+26	1.112067e+26	0	1.112067e+26	3.562384e+26	0	3.562384e+26	3.646445e+23	9.075758e-10	0.001141845	4.451517e+12	7.523617e+07	535446.8	2.012578e-07	8.658505e-14	5.757476e-21	0.3854348	0.5	0.00768885	1	64.39513	8.007861	10569.8	1.117189e+26	1.827432e+28	5.151575e+27	6.741065e+25	3.118866e+27	1.203261e+27	5.325573e+26	2.294797e+26	0.2188657	0	0.02077232	0.03560219	0.03560219	0.001424136	0.02670164	0	0	0	0	1.280678e-20	0	1.280678e-20	0	-328.877	0	-328.877	0	30149.85	77194.93	2143.743	8447.673	0.006389748	1	5.100332	0.4520682	1	2	0.02268885	0.05713369	
15204	909.0505	3.45e+19	0	0	100000	2	1e-05	4.418708e+26	2.990558e+26	2.837866e+26	1.526922e+25	8.467908e+25	5.81359e+25	3.210173e+25	2.172628e+25	2.061698e+25	1.109303e+24	6.151899e+24	4.223548e+24	0.1315676	3.210173e+26	2.172628e+26	2.061698e+26	1.109303e+25	0	3.137834e+17	1.037545e+26	0	0	0	0	0	0	0	0	0	0	0	0	0	0	4.135458e+26	0	4.135458e+26	1.869453e+26	0	1.869453e+26	1.000819e+26	0	1.000819e+26	3.738907e+26	0	3.738907e+26	1.114119e+26	0	1.114119e+26	3.568957e+26	0	3.568957e+26	3.644817e+23	9.08001e-10	0.00114294	4.451517e+12	7.550677e+07	536533.2	2.014982e-07	8.679199e-14	5.778129e-21	0.386356	0.5	0.007716432	1	64.51394	8.022635	10569.8	1.117189e+26	1.827432e+28	5.151575e+27	6.741065e+25	3.118866e+27	1.203261e+27	5.325573e+26	2.294797e+26	0.2188657	0	0.02076392	0.03560219	0.03560219	0.001424136	0.02670164	0	0	0	0	1.280678e-20	0	1.280678e-20	0	-328.877	0	-328.877	0	30149.85	77194.93	2147.84	8447.673	0.006389748	1	5.100538	0.4520681	1	2	0.02274943	0.0572391	
15232	909.0505	3.45e+19	0	0	100000	2	1e-05	4.426846e+26	2.99489e+26	2.842051e+26	1.528391e+25	8.498169e+25	5.821389e+25	3.216084e+25	2.175775e+25	2.064738e+25	1.11037e+24	6.173884e+24	4.229215e+24	0.131502	3.216084e+26	2.175775e+26	2.064738e+26	1.11037e+25	0	3.137834e+17	1.04031e+26	0	0	0	0	0	0	0	0	0	0	0	0	0	0	4.143074e+26	0	4.143074e+26	1.872896e+26	0	1.872896e+26	1.002662e+26	0	1.002662e+26	3.745793e+26	0	3.745793e+26	1.11617e+26	0	1.11617e+26	3.575529e+26	0	3.575529e+26	3.643192e+23	9.084255e-10	0.001144033	4.451517e+12	7.577692e+07	537627.9	2.017376e-07	8.699833e-14	5.798747e-21	0.3872746	0.5	0.007743966	1	64.63275	8.03741	10569.8	1.117189e+26	1.827432e+28	5.151575e+27	6.741065e+25	3.118866e+27	1.203261e+27	5.325573e+26	2.294797e+26	0.2188657	0	0.02075551	0.03560219	0.03560219	0.001424136	0.02670164	0	0	0	0	1.280678e-20	0	1.280678e-20	0	-328.877	0	-328.877	0	30149.85	77194.93	2151.937	8447.673	0.006389748	1	5.100744	0.4520681	1	2	0.02281006	0.05734451	
15260	909.0505	3.45e+19	0	0	100000	2	1e-05	4.434983e+26	2.999218e+26	2.846233e+26	1.529858e+25	8.528379e+25	5.829271e+25	3.221996e+25	2.178919e+25	2.067776e+25	1.111435e+24	6.195831e+24	4.23494e+24	0.1314384	3.221996e+26	2.178919e+26	2.067776e+26	1.111435e+25	0	3.137834e+17	1.043077e+26	0	0	0	0	0	0	0	0	0	0	0	0	0	0	4.150689e+26	0	4.150689e+26	1.876339e+26	0	1.876339e+26	1.004505e+26	0	1.004505e+26	3.752678e+26	0	3.752678e+26	1.118222e+26	0	1.118222e+26	3.582102e+26	0	3.582102e+26	3.641572e+23	9.088492e-10	0.001145125	4.451517e+12	7.604661e+07	538730.8	2.01976e-07	8.720409e-14	5.81933e-21	0.3881905	0.5	0.007771454	1	64.75156	8.052184	10569.8	1.117189e+26	1.827432e+28	5.151575e+27	6.741065e+25	3.118866e+27	1.203261e+27	5.325573e+26	2.294797e+26	0.2188657	0	0.02074712	0.03560219	0.03560219	0.001424136	0.02670164	0	0	0	0	1.280678e-20	0	1.280678e-20	0	-328.877	0	-328.877	0	30149.85	77194.93	2156.035	8447.673	0.006389748	1	5.10095	0.4520681	1	2	0.02287073	0.05744992	
15288	909.0505	3.45e+19	0	0	100000	2	1e-05	4.443121e+26	3.003544e+26	2.850412e+26	1.531323e+25	4.234307e+25	1.016146e+26	3.227908e+25	2.182062e+25	2.070812e+25	1.1125e+24	3.076206e+24	7.382259e+24	0.228701	3.227908e+26	2.182062e+26	2.070812e+26	1.1125e+25	0	3.137834e+17	1.045847e+26	0	0	0	0	0	0	0	0	0	0	0	0	0	0	4.158305e+26	0	4.158305e+26	1.879782e+26	0	1.879782e+26	1.006348e+26	0	1.006348e+26	3.759564e+26	0	3.759564e+26	1.120274e+26	0	1.120274e+26	3.588675e+26	0	3.588675e+26	3.639955e+23	9.092722e-10	0.001146216	4.446093e+12	3.780283e+07	540500.5	1.537632e-07	5.054079e-14	2.56762e-21	0.2247091	0.5	0.003424764	0.3061781	64.87037	8.066959	10569.8	1.117189e+26	1.827432e+28	5.151575e+27	6.741065e+25	3.118866e+27	1.203261e+27	5.325573e+26	2.294797e+26	0.2188657	0	0.02073872	0.03560219	0.03560219	0.001424136	0.02670164	0	0	0	0	1.280678e-20	0	1.280678e-20	0	-328.877	0	-328.877	0	30149.85	77194.93	2160.133	8447.673	0.006389748	1	5.101156	0.4520681	1	2	0.02293146	0.05755534	
15316	909.0505	3.45e+19	0	0	100000	2	1e-05	4.451258e+26	3.007866e+26	2.854588e+26	1.532786e+25	4.248695e+25	1.018523e+26	3.23382e+25	2.185202e+25	2.073846e+25	1.113563e+24	3.086658e+24	7.399523e+24	0.2288168	3.23382e+26	2.185202e+26	2.073846e+26	1.113563e+25	0	3.137834e+17	1.048618e+26	0	0	0	0	0	0	0	0	0	0	0	0	0	0	4.165921e+26	0	4.165921e+26	1.883225e+26	0	1.883225e+26	1.008191e+26	0	1.008191e+26	3.766449e+26	0	3.766449e+26	1.122326e+26	0	1.122326e+26	3.595247e+26	0	3.595247e+26	3.638343e+23	9.096945e-10	0.001147305	4.446093e+12	3.793143e+07	540722.4	1.603838e-07	5.49868e-14	2.913771e-21	0.2444764	0.5	0.003886469	0.3885939	64.98918	8.081734	10569.8	1.117189e+26	1.827432e+28	5.151575e+27	6.741065e+25	3.118866e+27	1.203261e+27	5.325573e+26	2.294797e+26	0.2188657	0	0.02073033	0.03560219	0.03560219	0.001424136	0.02670164	0	0	0	0	1.280678e-20	0	1.280678e-20	0	-328.877	0	-328.877	0	30149.85	77194.93	2164.232	8447.673	0.006389748	1	5.101361	0.4520681	1	2	0.02299223	0.05766075	
15344	909.0505	3.45e+19	0	0	100000	2	1e-05	4.459396e+26	3.012186e+26	2.858761e+26	1.534247e+25	4.265781e+25	1.020632e+26	3.239732e+25	2.18834e+25	2.076878e+25	1.114624e+24	3.099072e+24	7.414847e+24	0.2288722	3.239732e+26	2.18834e+26	2.076878e+26	1.114624e+25	0	3.137834e+17	1.051392e+26	0	0	0	0	0	0	0	0	0	0	0	0	0	0	4.173537e+26	0	4.173537e+26	1.886668e+26	0	1.886668e+26	1.010034e+26	0	1.010034e+26	3.773335e+26	0	3.773335e+26	1.124378e+26	0	1.124378e+26	3.60182e+26	0	3.60182e+26	3.636734e+23	9.10116e-10	0.001148393	4.446093e+12	3.808415e+07	540945.7	1.605971e-07	5.513314e-14	2.925411e-21	0.2451271	0.5	0.003901995	0.4612199	65.10799	8.096508	10569.8	1.117189e+26	1.827432e+28	5.151575e+27	6.741065e+25	3.118866e+27	1.203261e+27	5.325573e+26	2.294797e+26	0.2188657	0	0.02072194	0.03560219	0.03560219	0.001424136	0.02670164	0	0	0	0	1.280678e-20	0	1.280678e-20	0	-328.877	0	-328.877	0	30149.85	77194.93	2168.33	8447.673	0.006389748	1	5.101567	0.4520681	1	2	0.02305304	0.05776616	
15372	909.0505	3.45e+19	0	0	100000	2	1e-05	4.467534e+26	3.016503e+26	2.862932e+26	1.535706e+25	4.285249e+25	1.022506e+26	3.245644e+25	2.191476e+25	2.079908e+25	1.115684e+24	3.113215e+24	7.428462e+24	0.2288748	3.245644e+26	2.191476e+26	2.079908e+26	1.115684e+25	0	3.137834e+17	1.054168e+26	0	0	0	0	0	0	0	0	0	0	0	0	0	0	4.181153e+26	0	4.181153e+26	1.89011e+26	0	1.89011e+26	1.011877e+26	0	1.011877e+26	3.780221e+26	0	3.780221e+26	1.126429e+26	0	1.126429e+26	3.608393e+26	0	3.608393e+26	3.635129e+23	9.105369e-10	0.001149479	4.446093e+12	3.825816e+07	541170.8	1.608394e-07	5.529963e-14	2.938672e-21	0.2458673	0.5	0.003919683	0.525219	65.2268	8.111283	10569.8	1.117189e+26	1.827432e+28	5.151575e+27	6.741065e+25	3.118866e+27	1.203261e+27	5.325573e+26	2.294797e+26	0.2188657	0	0.02071356	0.03560219	0.03560219	0.001424136	0.02670164	0	0	0	0	1.280678e-20	0	1.280678e-20	0	-328.877	0	-328.877	0	30149.85	77194.93	2172.43	8447.673	0.006389748	1	5.101772	0.4520681	1	2	0.02311391	0.05787157	
15400	909.0505	3.45e+19	0	0	100000	2	1e-05	4.475671e+26	3.020817e+26	2.8671e+26	1.537163e+25	4.306819e+25	1.024173e+26	3.251556e+25	2.19461e+25	2.082936e+25	1.116743e+24	3.128886e+24	7.440571e+24	0.2288311	3.251556e+26	2.19461e+26	2.082936e+26	1.116743e+25	0	3.137834e+17	1.056946e+26	0	0	0	0	0	0	0	0	0	0	0	0	0	0	4.188769e+26	0	4.188769e+26	1.893553e+26	0	1.893553e+26	1.01372e+26	0	1.01372e+26	3.787106e+26	0	3.787106e+26	1.128481e+26	0	1.128481e+26	3.614965e+26	0	3.614965e+26	3.633527e+23	9.10957e-10	0.001150564	4.446093e+12	3.845096e+07	541397.9	1.61107e-07	5.548379e-14	2.953364e-21	0.2466861	0.5	0.003939279	0.581616	65.34561	8.126058	10569.8	1.117189e+26	1.827432e+28	5.151575e+27	6.741065e+25	3.118866e+27	1.203261e+27	5.325573e+26	2.294797e+26	0.2188657	0	0.02070517	0.03560219	0.03560219	0.001424136	0.02670164	0	0	0	0	1.280678e-20	0	1.280678e-20	0	-328.877	0	-328.877	0	30149.85	77194.93	2176.529	8447.673	0.006389748	1	5.101977	0.4520681	1	2	0.02317482	0.05797699	
15428	909.0505	3.45e+19	0	0	100000	2	1e-05	4.483809e+26	3.025127e+26	2.871266e+26	1.538619e+25	4.330244e+25	1.025657e+26	3.257468e+25	2.197742e+25	2.085962e+25	1.1178e+24	3.145904e+24	7.451354e+24	0.2287468	3.257468e+26	2.197742e+26	2.085962e+26	1.1178e+25	0	3.137834e+17	1.059726e+26	0	0	0	0	0	0	0	0	0	0	0	0	0	0	4.196385e+26	0	4.196385e+26	1.896996e+26	0	1.896996e+26	1.015564e+26	0	1.015564e+26	3.793992e+26	0	3.793992e+26	1.130533e+26	0	1.130533e+26	3.621538e+26	0	3.621538e+26	3.63193e+23	9.113764e-10	0.001151647	4.446093e+12	3.866033e+07	541627.2	1.613966e-07	5.568344e-14	2.969319e-21	0.2475738	0.5	0.00396056	0.6313138	65.46442	8.140832	10569.8	1.117189e+26	1.827432e+28	5.151575e+27	6.741065e+25	3.118866e+27	1.203261e+27	5.325573e+26	2.294797e+26	0.2188657	0	0.02069679	0.03560219	0.03560219	0.001424136	0.02670164	0	0	0	0	1.280678e-20	0	1.280678e-20	0	-328.877	0	-328.877	0	30149.85	77194.93	2180.629	8447.673	0.006389748	1	5.102181	0.4520681	1	2	0.02323578	0.0580824	
15456	909.0505	3.45e+19	0	0	100000	2	1e-05	4.491946e+26	3.029435e+26	2.875428e+26	1.540072e+25	4.355305e+25	1.02698e+26	3.26338e+25	2.200872e+25	2.088986e+25	1.118856e+24	3.164111e+24	7.460969e+24	0.2286271	3.26338e+26	2.200872e+26	2.088986e+26	1.118856e+25	0	3.137834e+17	1.062508e+26	0	0	0	0	0	0	0	0	0	0	0	0	0	0	4.204001e+26	0	4.204001e+26	1.900439e+26	0	1.900439e+26	1.017407e+26	0	1.017407e+26	3.800878e+26	0	3.800878e+26	1.132585e+26	0	1.132585e+26	3.628111e+26	0	3.628111e+26	3.630336e+23	9.117951e-10	0.001152729	4.446093e+12	3.888435e+07	541858.9	1.617052e-07	5.589663e-14	2.986388e-21	0.2485216	0.5	0.003983328	0.6751083	65.58323	8.155607	10569.8	1.117189e+26	1.827432e+28	5.151575e+27	6.741065e+25	3.118866e+27	1.203261e+27	5.325573e+26	2.294797e+26	0.2188657	0	0.02068842	0.03560219	0.03560219	0.001424136	0.02670164	0	0	0	0	1.280678e-20	0	1.280678e-20	0	-328.877	0	-328.877	0	30149.85	77194.93	2184.729	8447.673	0.006389749	1	5.102385	0.4520681	1	2	0.02329678	0.05818781	
15484	909.0505	3.45e+19	0	0	100000	2	1e-05	4.500084e+26	3.03374e+26	2.879588e+26	1.541523e+25	4.381812e+25	1.028162e+26	3.269292e+25	2.203999e+25	2.092008e+25	1.11991e+24	3.183367e+24	7.469556e+24	0.2284763	3.269292e+26	2.203999e+26	2.092008e+26	1.11991e+25	0	3.137834e+17	1.065292e+26	0	0	0	0	0	0	0	0	0	0	0	0	0	0	4.211617e+26	0	4.211617e+26	1.903882e+26	0	1.903882e+26	1.01925e+26	0	1.01925e+26	3.807763e+26	0	3.807763e+26	1.134637e+26	0	1.134637e+26	3.634683e+26	0	3.634683e+26	3.628746e+23	9.12213e-10	0.001153809	4.446093e+12	3.912127e+07	542093.3	1.620304e-07	5.612167e-14	3.00444e-21	0.2495222	0.5	0.004007407	0.7137006	65.70204	8.170382	10569.8	1.117189e+26	1.827432e+28	5.151575e+27	6.741065e+25	3.118866e+27	1.203261e+27	5.325573e+26	2.294797e+26	0.2188657	0	0.02068004	0.03560219	0.03560219	0.001424136	0.02670164	0	0	0	0	1.280678e-20	0	1.280678e-20	0	-328.877	0	-328.877	0	30149.85	77194.93	2188.83	8447.673	0.006389748	1	5.102589	0.4520681	1	2	0.02335783	0.05829323	
15512	909.0505	3.45e+19	0	0	100000	2	1e-05	4.508222e+26	3.038042e+26	2.883745e+26	1.542973e+25	4.409592e+25	1.02922e+26	3.275204e+25	2.207125e+25	2.095028e+25	1.120963e+24	3.20355e+24	7.477239e+24	0.2282984	3.275204e+26	2.207125e+26	2.095028e+26	1.120963e+25	0	3.137834e+17	1.068079e+26	0	0	0	0	0	0	0	0	0	0	0	0	0	0	4.219233e+26	0	4.219233e+26	1.907324e+26	0	1.907324e+26	1.021093e+26	0	1.021093e+26	3.814649e+26	0	3.814649e+26	1.136688e+26	0	1.136688e+26	3.641256e+26	0	3.641256e+26	3.62716e+23	9.126303e-10	0.001154888	4.446093e+12	3.936959e+07	542330.5	1.623698e-07	5.635704e-14	3.023361e-21	0.2505686	0.5	0.004032643	0.7477088	65.82085	8.185156	10569.8	1.117189e+26	1.827432e+28	5.151575e+27	6.741065e+25	3.118866e+27	1.203261e+27	5.325573e+26	2.294797e+26	0.2188657	0	0.02067167	0.03560219	0.03560219	0.001424136	0.02670164	0	0	0	0	1.280678e-20	0	1.280678e-20	0	-328.877	0	-328.877	0	30149.85	77194.93	2192.931	8447.673	0.006389748	1	5.102793	0.4520681	1	2	0.02341893	0.05839864	
15540	909.0505	3.45e+19	0	0	100000	2	1e-05	4.516359e+26	3.042342e+26	2.887899e+26	1.544421e+25	4.438498e+25	1.030168e+26	3.281116e+25	2.210248e+25	2.098047e+25	1.122015e+24	3.22455e+24	7.484125e+24	0.228097	3.281116e+26	2.210248e+26	2.098047e+26	1.122015e+25	0	3.137834e+17	1.070867e+26	0	0	0	0	0	0	0	0	0	0	0	0	0	0	4.226849e+26	0	4.226849e+26	1.910767e+26	0	1.910767e+26	1.022936e+26	0	1.022936e+26	3.821535e+26	0	3.821535e+26	1.13874e+26	0	1.13874e+26	3.647829e+26	0	3.647829e+26	3.625578e+23	9.130469e-10	0.001155966	4.446093e+12	3.962796e+07	542570.7	1.627215e-07	5.660142e-14	3.043047e-21	0.2516552	0.5	0.004058901	0.7776772	65.93966	8.199931	10569.8	1.117189e+26	1.827432e+28	5.151575e+27	6.741065e+25	3.118866e+27	1.203261e+27	5.325573e+26	2.294797e+26	0.2188657	0	0.02066331	0.03560219	0.03560219	0.001424136	0.02670164	0	0	0	0	1.280678e-20	0	1.280678e-20	0	-328.877	0	-328.877	0	30149.85	77194.93	2197.032	8447.673	0.006389748	1	5.102997	0.4520681	1	2	0.02348007	0.05850405	
15568	909.0505	3.45e+19	0	0	100000	2	1e-05	4.524497e+26	3.046638e+26	2.892051e+26	1.545866e+25	4.468397e+25	1.031019e+26	3.287028e+25	2.213369e+25	2.101063e+25	1.123065e+24	3.246271e+24	7.490311e+24	0.2278749	3.287028e+26	2.213369e+26	2.101063e+26	1.123065e+25	0	3.137834e+17	1.073658e+26	0	0	0	0	0	0	0	0	0	0	0	0	0	0	4.234465e+26	0	4.234465e+26	1.91421e+26	0	1.91421e+26	1.024779e+26	0	1.024779e+26	3.82842e+26	0	3.82842e+26	1.140792e+26	0	1.140792e+26	3.654401e+26	0	3.654401e+26	3.623999e+23	9.134627e-10	0.001157042	4.446093e+12	3.989521e+07	542814	1.630836e-07	5.685363e-14	3.063409e-21	0.2527765	0.5	0.004086061	0.8040859	66.05847	8.214706	10569.8	1.117189e+26	1.827432e+28	5.151575e+27	6.741065e+25	3.118866e+27	1.203261e+27	5.325573e+26	2.294797e+26	0.2188657	0	0.02065494	0.03560219	0.03560219	0.001424136	0.02670164	0	0	0	0	1.280678e-20	0	1.280678e-20	0	-328.877	0	-328.877	0	30149.85	77194.93	2201.134	8447.673	0.006389749	1	5.1032	0.4520681	1	2	0.02354126	0.05860946	
15596	909.0505	3.45e+19	0	0	100000	2	1e-05	4.532634e+26	3.050931e+26	2.8962e+26	1.54731e+25	4.499171e+25	1.031786e+26	3.292939e+25	2.216488e+25	2.104077e+25	1.124114e+24	3.268629e+24	7.495882e+24	0.227635	3.292939e+26	2.216488e+26	2.104077e+26	1.124114e+25	0	3.137834e+17	1.076451e+26	0	0	0	0	0	0	0	0	0	0	0	0	0	0	4.242081e+26	0	4.242081e+26	1.917653e+26	0	1.917653e+26	1.026622e+26	0	1.026622e+26	3.835306e+26	0	3.835306e+26	1.142844e+26	0	1.142844e+26	3.660974e+26	0	3.660974e+26	3.622424e+23	9.138779e-10	0.001158117	4.446093e+12	4.017029e+07	543060.6	1.634547e-07	5.711265e-14	3.084368e-21	0.2539282	0.5	0.004114016	0.8273576	66.17728	8.22948	10569.8	1.117189e+26	1.827432e+28	5.151575e+27	6.741065e+25	3.118866e+27	1.203261e+27	5.325573e+26	2.294797e+26	0.2188657	0	0.02064658	0.03560219	0.03560219	0.001424136	0.02670164	0	0	0	0	1.280678e-20	0	1.280678e-20	0	-328.877	0	-328.877	0	30149.85	77194.93	2205.236	8447.673	0.006389748	1	5.103404	0.4520681	1	2	0.0236025	0.05871488	
15624	909.0505	3.45e+19	0	0	100000	2	1e-05	4.540772e+26	3.055221e+26	2.900346e+26	1.548752e+25	4.530719e+25	1.032479e+26	3.298851e+25	2.219605e+25	2.107089e+25	1.125162e+24	3.291548e+24	7.500912e+24	0.2273795	3.298851e+26	2.219605e+26	2.107089e+26	1.125162e+25	0	3.137834e+17	1.079246e+26	0	0	0	0	0	0	0	0	0	0	0	0	0	0	4.249697e+26	0	4.249697e+26	1.921096e+26	0	1.921096e+26	1.028465e+26	0	1.028465e+26	3.842192e+26	0	3.842192e+26	1.144895e+26	0	1.144895e+26	3.667547e+26	0	3.667547e+26	3.620853e+23	9.142923e-10	0.00115919	4.446093e+12	4.045228e+07	543310.5	1.638334e-07	5.737756e-14	3.105853e-21	0.255106	0.5	0.004142674	0.847865	66.29609	8.244255	10569.8	1.117189e+26	1.827432e+28	5.151575e+27	6.741065e+25	3.118866e+27	1.203261e+27	5.325573e+26	2.294797e+26	0.2188657	0	0.02063822	0.03560219	0.03560219	0.001424136	0.02670164	0	0	0	0	1.280678e-20	0	1.280678e-20	0	-328.877	0	-328.877	0	30149.85	77194.93	2209.338	8447.673	0.006389748	1	5.103606	0.4520681	1	2	0.02366378	0.05882029	
15652	909.0505	3.45e+19	0	0	100000	2	1e-05	4.548909e+26	3.059509e+26	2.90449e+26	1.550192e+25	4.562948e+25	1.033106e+26	3.304763e+25	2.22272e+25	2.110099e+25	1.126208e+24	3.314962e+24	7.505468e+24	0.2271106	3.304763e+26	2.22272e+26	2.110099e+26	1.126208e+25	0	3.137834e+17	1.082043e+26	0	0	0	0	0	0	0	0	0	0	0	0	0	0	4.257313e+26	0	4.257313e+26	1.924539e+26	0	1.924539e+26	1.030309e+26	0	1.030309e+26	3.849077e+26	0	3.849077e+26	1.146947e+26	0	1.146947e+26	3.674119e+26	0	3.674119e+26	3.619285e+23	9.147061e-10	0.001160262	4.446093e+12	4.074037e+07	543564	1.642184e-07	5.764757e-14	3.127802e-21	0.2563065	0.5	0.00417195	0.8659364	66.4149	8.25903	10569.8	1.117189e+26	1.827432e+28	5.151575e+27	6.741065e+25	3.118866e+27	1.203261e+27	5.325573e+26	2.294797e+26	0.2188657	0	0.02062987	0.03560219	0.03560219	0.001424136	0.02670164	0	0	0	0	1.280678e-20	0	1.280678e-20	0	-328.877	0	-328.877	0	30149.85	77194.93	2213.441	8447.673	0.006389748	1	5.103809	0.4520681	1	2	0.02372511	0.0589257	
15680	909.0505	3.45e+19	0	0	100000	2	1e-05	4.557047e+26	3.063794e+26	2.908631e+26	1.55163e+25	4.59578e+25	1.033675e+26	3.310675e+25	2.225833e+25	2.113108e+25	1.127253e+24	3.338814e+24	7.509608e+24	0.2268301	3.310675e+26	2.225833e+26	2.113108e+26	1.127253e+25	0	3.137834e+17	1.084842e+26	0	0	0	0	0	0	0	0	0	0	0	0	0	0	4.264929e+26	0	4.264929e+26	1.927981e+26	0	1.927981e+26	1.032152e+26	0	1.032152e+26	3.855963e+26	0	3.855963e+26	1.148999e+26	0	1.148999e+26	3.680692e+26	0	3.680692e+26	3.617721e+23	9.151191e-10	0.001161332	4.446093e+12	4.103385e+07	543821.1	1.646088e-07	5.792198e-14	3.150162e-21	0.2575265	0.5	0.004201774	0.8818611	66.53371	8.273804	10569.8	1.117189e+26	1.827432e+28	5.151575e+27	6.741065e+25	3.118866e+27	1.203261e+27	5.325573e+26	2.294797e+26	0.2188657	0	0.02062151	0.03560219	0.03560219	0.001424136	0.02670164	0	0	0	0	1.280678e-20	0	1.280678e-20	0	-328.877	0	-328.877	0	30149.85	77194.93	2217.544	8447.673	0.006389748	1	5.104012	0.4520681	1	2	0.02378649	0.05903111	
15708	909.0505	3.45e+19	0	0	100000	2	1e-05	4.565185e+26	3.068075e+26	2.912769e+26	1.553066e+25	4.629142e+25	1.034195e+26	3.316587e+25	2.228944e+25	2.116114e+25	1.128296e+24	3.363052e+24	7.513384e+24	0.2265396	3.316587e+26	2.228944e+26	2.116114e+26	1.128296e+25	0	3.137834e+17	1.087644e+26	0	0	0	0	0	0	0	0	0	0	0	0	0	0	4.272545e+26	0	4.272545e+26	1.931424e+26	0	1.931424e+26	1.033995e+26	0	1.033995e+26	3.862849e+26	0	3.862849e+26	1.151051e+26	0	1.151051e+26	3.687265e+26	0	3.687265e+26	3.61616e+23	9.155315e-10	0.001162402	4.446093e+12	4.133206e+07	544081.9	1.650036e-07	5.820016e-14	3.172882e-21	0.2587633	0.5	0.004232079	0.8958943	66.65252	8.288579	10569.8	1.117189e+26	1.827432e+28	5.151575e+27	6.741065e+25	3.118866e+27	1.203261e+27	5.325573e+26	2.294797e+26	0.2188657	0	0.02061317	0.03560219	0.03560219	0.001424136	0.02670164	0	0	0	0	1.280678e-20	0	1.280678e-20	0	-328.877	0	-328.877	0	30149.85	77194.93	2221.647	8447.673	0.006389748	1	5.104214	0.4520681	1	2	0.02384791	0.05913653	
15736	909.0505	3.45e+19	0	0	100000	2	1e-05	4.573322e+26	3.072354e+26	2.916904e+26	1.554501e+25	4.662972e+25	1.034671e+26	3.322499e+25	2.232052e+25	2.119118e+25	1.129338e+24	3.387629e+24	7.51684e+24	0.2262405	3.322499e+26	2.232052e+26	2.119118e+26	1.129338e+25	0	3.137834e+17	1.090447e+26	0	0	0	0	0	0	0	0	0	0	0	0	0	0	4.280161e+26	0	4.280161e+26	1.934867e+26	0	1.934867e+26	1.035838e+26	0	1.035838e+26	3.869734e+26	0	3.869734e+26	1.153103e+26	0	1.153103e+26	3.693837e+26	0	3.693837e+26	3.614604e+23	9.159432e-10	0.001163469	4.446093e+12	4.163447e+07	544346.6	1.65402e-07	5.848156e-14	3.195922e-21	0.2600145	0.5	0.00426281	0.9082605	66.77133	8.303354	10569.8	1.117189e+26	1.827432e+28	5.151575e+27	6.741065e+25	3.118866e+27	1.203261e+27	5.325573e+26	2.294797e+26	0.2188657	0	0.02060482	0.03560219	0.03560219	0.001424136	0.02670164	0	0	0	0	1.280678e-20	0	1.280678e-20	0	-328.877	0	-328.877	0	30149.85	77194.93	2225.751	8447.673	0.006389749	1	5.104416	0.4520681	1	2	0.02390937	0.05924194	
15764	909.0505	3.45e+19	0	0	100000	2	1e-05	4.58146e+26	3.07663e+26	2.921037e+26	1.555933e+25	4.697216e+25	1.035108e+26	3.328411e+25	2.235159e+25	2.122121e+25	1.130379e+24	3.412507e+24	7.520017e+24	0.2259341	3.328411e+26	2.235159e+26	2.122121e+26	1.130379e+25	0	3.137834e+17	1.093252e+26	0	0	0	0	0	0	0	0	0	0	0	0	0	0	4.287776e+26	0	4.287776e+26	1.93831e+26	0	1.93831e+26	1.037681e+26	0	1.037681e+26	3.87662e+26	0	3.87662e+26	1.155154e+26	0	1.155154e+26	3.70041e+26	0	3.70041e+26	3.61305e+23	9.163542e-10	0.001164535	4.446093e+12	4.194057e+07	544615.1	1.658033e-07	5.876571e-14	3.219243e-21	0.2612778	0.5	0.004293916	0.9191578	66.89014	8.318128	10569.8	1.117189e+26	1.827432e+28	5.151575e+27	6.741065e+25	3.118866e+27	1.203261e+27	5.325573e+26	2.294797e+26	0.2188657	0	0.02059647	0.03560219	0.03560219	0.001424136	0.02670164	0	0	0	0	1.280678e-20	0	1.280678e-20	0	-328.877	0	-328.877	0	30149.85	77194.93	2229.855	8447.673	0.006389748	1	5.104618	0.4520681	1	2	0.02397089	0.05934735	
15792	909.0505	3.45e+19	0	0	100000	2	1e-05	4.589597e+26	3.080903e+26	2.925167e+26	1.557364e+25	4.731823e+25	1.035512e+26	3.334323e+25	2.238263e+25	2.125121e+25	1.131418e+24	3.437649e+24	7.52295e+24	0.2256215	3.334323e+26	2.238263e+26	2.125121e+26	1.131418e+25	0	3.137834e+17	1.09606e+26	0	0	0	0	0	0	0	0	0	0	0	0	0	0	4.295392e+26	0	4.295392e+26	1.941753e+26	0	1.941753e+26	1.039524e+26	0	1.039524e+26	3.883505e+26	0	3.883505e+26	1.157206e+26	0	1.157206e+26	3.706982e+26	0	3.706982e+26	3.611501e+23	9.167645e-10	0.0011656	4.446093e+12	4.224992e+07	544887.7	1.66207e-07	5.905219e-14	3.242812e-21	0.2625515	0.5	0.004325353	0.9287607	67.00895	8.332903	10569.8	1.117189e+26	1.827432e+28	5.151575e+27	6.741065e+25	3.118866e+27	1.203261e+27	5.325573e+26	2.294797e+26	0.2188657	0	0.02058813	0.03560219	0.03560219	0.001424136	0.02670164	0	0	0	0	1.280678e-20	0	1.280678e-20	0	-328.877	0	-328.877	0	30149.85	77194.93	2233.959	8447.673	0.006389748	1	5.104819	0.4520681	1	2	0.02403245	0.05945277	
15820	909.0505	3.45e+19	0	0	100000	2	1e-05	4.597735e+26	3.085173e+26	2.929294e+26	1.558793e+25	4.766751e+25	1.035887e+26	3.340235e+25	2.241365e+25	2.12812e+25	1.132456e+24	3.463025e+24	7.525672e+24	0.2253037	3.340235e+26	2.241365e+26	2.12812e+26	1.132456e+25	0	3.137834e+17	1.09887e+26	0	0	0	0	0	0	0	0	0	0	0	0	0	0	4.303008e+26	0	4.303008e+26	1.945196e+26	0	1.945196e+26	1.041367e+26	0	1.041367e+26	3.890391e+26	0	3.890391e+26	1.159258e+26	0	1.159258e+26	3.713555e+26	0	3.713555e+26	3.609955e+23	9.171741e-10	0.001166664	4.446093e+12	4.256214e+07	545164.3	1.666124e-07	5.934062e-14	3.266599e-21	0.2638339	0.5	0.004357081	0.9372228	67.12776	8.347677	10569.8	1.117189e+26	1.827432e+28	5.151575e+27	6.741065e+25	3.118866e+27	1.203261e+27	5.325573e+26	2.294797e+26	0.2188657	0	0.0205798	0.03560219	0.03560219	0.001424136	0.02670164	0	0	0	0	1.280678e-20	0	1.280678e-20	0	-328.877	0	-328.877	0	30149.85	77194.93	2238.064	8447.673	0.006389748	1	5.105021	0.4520681	1	2	0.02409405	0.05955818	
15848	909.0505	3.45e+19	0	0	100000	2	1e-05	4.605873e+26	3.08944e+26	2.933419e+26	1.56022e+25	4.801962e+25	1.036236e+26	3.346147e+25	2.244465e+25	2.131116e+25	1.133493e+24	3.488605e+24	7.528209e+24	0.2249814	3.346147e+26	2.244465e+26	2.131116e+26	1.133493e+25	0	3.137834e+17	1.101681e+26	0	0	0	0	0	0	0	0	0	0	0	0	0	0	4.310624e+26	0	4.310624e+26	1.948638e+26	0	1.948638e+26	1.04321e+26	0	1.04321e+26	3.897277e+26	0	3.897277e+26	1.16131e+26	0	1.16131e+26	3.720128e+26	0	3.720128e+26	3.608412e+23	9.17583e-10	0.001167726	4.446093e+12	4.287689e+07	545445.1	1.670191e-07	5.963068e-14	3.290579e-21	0.2651235	0.5	0.004389067	0.9446798	67.24657	8.362452	10569.8	1.117189e+26	1.827432e+28	5.151575e+27	6.741065e+25	3.118866e+27	1.203261e+27	5.325573e+26	2.294797e+26	0.2188657	0	0.02057146	0.03560219	0.03560219	0.001424136	0.02670164	0	0	0	0	1.280678e-20	0	1.280678e-20	0	-328.877	0	-328.877	0	30149.85	77194.93	2242.169	8447.673	0.006389749	1	5.105222	0.452068	1	2	0.0241557	0.05966359	
15876	909.0505	3.45e+19	0	0	100000	2	1e-05	4.61401e+26	3.093705e+26	2.93754e+26	1.561645e+25	4.837422e+25	1.036563e+26	3.352059e+25	2.247563e+25	2.134111e+25	1.134528e+24	3.514367e+24	7.530586e+24	0.2246556	3.352059e+26	2.247563e+26	2.134111e+26	1.134528e+25	0	3.137834e+17	1.104495e+26	0	0	0	0	0	0	0	0	0	0	0	0	0	0	4.31824e+26	0	4.31824e+26	1.952081e+26	0	1.952081e+26	1.045054e+26	0	1.045054e+26	3.904162e+26	0	3.904162e+26	1.163362e+26	0	1.163362e+26	3.7267e+26	0	3.7267e+26	3.606874e+23	9.179913e-10	0.001168787	4.446093e+12	4.319387e+07	545730.1	1.674267e-07	5.992207e-14	3.314729e-21	0.2664191	0.5	0.004421278	0.9512511	67.36538	8.377227	10569.8	1.117189e+26	1.827432e+28	5.151575e+27	6.741065e+25	3.118866e+27	1.203261e+27	5.325573e+26	2.294797e+26	0.2188657	0	0.02056313	0.03560219	0.03560219	0.001424136	0.02670164	0	0	0	0	1.280678e-20	0	1.280678e-20	0	-328.877	0	-328.877	0	30149.85	77194.93	2246.275	8447.673	0.006389748	1	5.105423	0.4520681	1	2	0.0242174	0.059769	
15904	909.0505	3.45e+19	0	0	100000	2	1e-05	4.622148e+26	3.097966e+26	2.94166e+26	1.563068e+25	4.873101e+25	1.036871e+26	3.357971e+25	2.250659e+25	2.137103e+25	1.135562e+24	3.540287e+24	7.532825e+24	0.2243267	3.357971e+26	2.250659e+26	2.137103e+26	1.135562e+25	0	3.137834e+17	1.107311e+26	0	0	0	0	0	0	0	0	0	0	0	0	0	0	4.325856e+26	0	4.325856e+26	1.955524e+26	0	1.955524e+26	1.046897e+26	0	1.046897e+26	3.911048e+26	0	3.911048e+26	1.165413e+26	0	1.165413e+26	3.733273e+26	0	3.733273e+26	3.605338e+23	9.183989e-10	0.001169846	4.446093e+12	4.351281e+07	546019.4	1.678348e-07	6.021456e-14	3.339028e-21	0.2677195	0.5	0.004453689	0.9570417	67.48419	8.392001	10569.8	1.117189e+26	1.827432e+28	5.151575e+27	6.741065e+25	3.118866e+27	1.203261e+27	5.325573e+26	2.294797e+26	0.2188657	0	0.0205548	0.03560219	0.03560219	0.001424136	0.02670164	0	0	0	0	1.280678e-20	0	1.280678e-20	0	-328.877	0	-328.877	0	30149.85	77194.93	2250.38	8447.673	0.006389749	1	5.105623	0.452068	1	2	0.02427914	0.05987442	
15932	909.0505	3.45e+19	0	0	100000	2	1e-05	4.630285e+26	3.102225e+26	2.945776e+26	1.564489e+25	4.908972e+25	1.037163e+26	3.363882e+25	2.253753e+25	2.140094e+25	1.136595e+24	3.566347e+24	7.534945e+24	0.2239955	3.363882e+26	2.253753e+26	2.140094e+26	1.136595e+25	0	3.137834e+17	1.110129e+26	0	0	0	0	0	0	0	0	0	0	0	0	0	0	4.333472e+26	0	4.333472e+26	1.958967e+26	0	1.958967e+26	1.04874e+26	0	1.04874e+26	3.917934e+26	0	3.917934e+26	1.167465e+26	0	1.167465e+26	3.739846e+26	0	3.739846e+26	3.603806e+23	9.188057e-10	0.001170904	4.446093e+12	4.383347e+07	546313	1.682431e-07	6.050791e-14	3.363458e-21	0.2690238	0.5	0.004486274	0.9621445	67.603	8.406776	10569.8	1.117189e+26	1.827432e+28	5.151575e+27	6.741065e+25	3.118866e+27	1.203261e+27	5.325573e+26	2.294797e+26	0.2188657	0	0.02054647	0.03560219	0.03560219	0.001424136	0.02670164	0	0	0	0	1.280678e-20	0	1.280678e-20	0	-328.877	0	-328.877	0	30149.85	77194.93	2254.487	8447.673	0.006389748	1	5.105824	0.4520681	1	2	0.02434093	0.05997983	
15960	909.0505	3.45e+19	0	0	100000	2	1e-05	4.638423e+26	3.106481e+26	2.94989e+26	1.565909e+25	4.945013e+25	1.037441e+26	3.369794e+25	2.256845e+25	2.143082e+25	1.137626e+24	3.592531e+24	7.536963e+24	0.2236624	3.369794e+26	2.256845e+26	2.143082e+26	1.137626e+25	0	3.137834e+17	1.112949e+26	0	0	0	0	0	0	0	0	0	0	0	0	0	0	4.341088e+26	0	4.341088e+26	1.96241e+26	0	1.96241e+26	1.050583e+26	0	1.050583e+26	3.924819e+26	0	3.924819e+26	1.169517e+26	0	1.169517e+26	3.746418e+26	0	3.746418e+26	3.602278e+23	9.19212e-10	0.00117196	4.446093e+12	4.415564e+07	546611.1	1.686514e-07	6.080193e-14	3.388003e-21	0.2703311	0.5	0.004519013	0.9666412	67.72181	8.421551	10569.8	1.117189e+26	1.827432e+28	5.151575e+27	6.741065e+25	3.118866e+27	1.203261e+27	5.325573e+26	2.294797e+26	0.2188657	0	0.02053815	0.03560219	0.03560219	0.001424136	0.02670164	0	0	0	0	1.280678e-20	0	1.280678e-20	0	-328.877	0	-328.877	0	30149.85	77194.93	2258.593	8447.673	0.006389748	1	5.106024	0.452068	1	2	0.02440277	0.06008524	
15988	909.0505	3.45e+19	0	0	100000	2	1e-05	4.64656e+26	3.110734e+26	2.954001e+26	1.567327e+25	4.981201e+25	1.037707e+26	3.375706e+25	2.259935e+25	2.146069e+25	1.138656e+24	3.618822e+24	7.538894e+24	0.2233279	3.375706e+26	2.259935e+26	2.146069e+26	1.138656e+25	0	3.137834e+17	1.115772e+26	0	0	0	0	0	0	0	0	0	0	0	0	0	0	4.348704e+26	0	4.348704e+26	1.965853e+26	0	1.965853e+26	1.052426e+26	0	1.052426e+26	3.931705e+26	0	3.931705e+26	1.171569e+26	0	1.171569e+26	3.752991e+26	0	3.752991e+26	3.600753e+23	9.196175e-10	0.001173015	4.446093e+12	4.447914e+07	546913.7	1.690594e-07	6.109645e-14	3.41265e-21	0.2716405	0.5	0.004551888	0.9706037	67.84062	8.436325	10569.8	1.117189e+26	1.827432e+28	5.151575e+27	6.741065e+25	3.118866e+27	1.203261e+27	5.325573e+26	2.294797e+26	0.2188657	0	0.02052983	0.03560219	0.03560219	0.001424136	0.02670164	0	0	0	0	1.280678e-20	0	1.280678e-20	0	-328.877	0	-328.877	0	30149.85	77194.93	2262.7	8447.673	0.006389749	1	5.106224	0.452068	1	2	0.02446465	0.06019065	
16016	909.0505	3.45e+19	0	0	100000	2	1e-05	4.654698e+26	3.114984e+26	2.95811e+26	1.568743e+25	5.01752e+25	1.037962e+26	3.381618e+25	2.263022e+25	2.149054e+25	1.139685e+24	3.645207e+24	7.540751e+24	0.2229924	3.381618e+26	2.263022e+26	2.149054e+26	1.139685e+25	0	3.137834e+17	1.118596e+26	0	0	0	0	0	0	0	0	0	0	0	0	0	0	4.35632e+26	0	4.35632e+26	1.969295e+26	0	1.969295e+26	1.054269e+26	0	1.054269e+26	3.938591e+26	0	3.938591e+26	1.17362e+26	0	1.17362e+26	3.759564e+26	0	3.759564e+26	3.599232e+23	9.200224e-10	0.001174069	4.446093e+12	4.48038e+07	547220.8	1.694668e-07	6.139132e-14	3.437385e-21	0.2729515	0.5	0.00458488	0.9740956	67.95943	8.4511	10569.8	1.117189e+26	1.827432e+28	5.151575e+27	6.741065e+25	3.118866e+27	1.203261e+27	5.325573e+26	2.294797e+26	0.2188657	0	0.02052151	0.03560219	0.03560219	0.001424136	0.02670164	0	0	0	0	1.280678e-20	0	1.280678e-20	0	-328.877	0	-328.877	0	30149.85	77194.93	2266.807	8447.673	0.006389748	1	5.106423	0.452068	1	2	0.02452657	0.06029607	
16044	909.0505	3.45e+19	0	0	100000	2	1e-05	4.662836e+26	3.119231e+26	2.962215e+26	1.570157e+25	5.053952e+25	1.038209e+26	3.38753e+25	2.266108e+25	2.152037e+25	1.140712e+24	3.671675e+24	7.542546e+24	0.2226562	3.38753e+26	2.266108e+26	2.152037e+26	1.140712e+25	0	3.137834e+17	1.121422e+26	0	0	0	0	0	0	0	0	0	0	0	0	0	0	4.363936e+26	0	4.363936e+26	1.972738e+26	0	1.972738e+26	1.056112e+26	0	1.056112e+26	3.945476e+26	0	3.945476e+26	1.175672e+26	0	1.175672e+26	3.766136e+26	0	3.766136e+26	3.597714e+23	9.204266e-10	0.001175122	4.446093e+12	4.512948e+07	547532.5	1.698736e-07	6.168639e-14	3.462197e-21	0.2742635	0.5	0.004617976	0.9771726	68.07824	8.465875	10569.8	1.117189e+26	1.827432e+28	5.151575e+27	6.741065e+25	3.118866e+27	1.203261e+27	5.325573e+26	2.294797e+26	0.2188657	0	0.02051319	0.03560219	0.03560219	0.001424136	0.02670164	0	0	0	0	1.280678e-20	0	1.280678e-20	0	-328.877	0	-328.877	0	30149.85	77194.93	2270.915	8447.673	0.006389748	1	5.106623	0.452068	1	2	0.02458854	0.06040148	
16072	909.0505	3.45e+19	0	0	100000	2	1e-05	4.670973e+26	3.123475e+26	2.966319e+26	1.571569e+25	5.090483e+25	1.038449e+26	3.393442e+25	2.269192e+25	2.155018e+25	1.141738e+24	3.698214e+24	7.544291e+24	0.2223197	3.393442e+26	2.269192e+26	2.155018e+26	1.141738e+25	0	3.137834e+17	1.12425e+26	0	0	0	0	0	0	0	0	0	0	0	0	0	0	4.371552e+26	0	4.371552e+26	1.976181e+26	0	1.976181e+26	1.057955e+26	0	1.057955e+26	3.952362e+26	0	3.952362e+26	1.177724e+26	0	1.177724e+26	3.772709e+26	0	3.772709e+26	3.5962e+23	9.208302e-10	0.001176173	4.446093e+12	4.545604e+07	547848.9	1.702796e-07	6.198157e-14	3.487078e-21	0.2755758	0.5	0.004651162	0.9798842	68.19705	8.480649	10569.8	1.117189e+26	1.827432e+28	5.151575e+27	6.741065e+25	3.118866e+27	1.203261e+27	5.325573e+26	2.294797e+26	0.2188657	0	0.02050488	0.03560219	0.03560219	0.001424136	0.02670164	0	0	0	0	1.280678e-20	0	1.280678e-20	0	-328.877	0	-328.877	0	30149.85	77194.93	2275.023	8447.673	0.006389748	1	5.106822	0.452068	1	2	0.02465056	0.06050689	
16100	909.0505	3.45e+19	0	0	100000	2	1e-05	4.679111e+26	3.127717e+26	2.970419e+26	1.572979e+25	5.1271e+25	1.038684e+26	3.399354e+25	2.272273e+25	2.157997e+25	1.142763e+24	3.724816e+24	7.545993e+24	0.2219832	3.399354e+26	2.272273e+26	2.157997e+26	1.142763e+25	0	3.137834e+17	1.127081e+26	0	0	0	0	0	0	0	0	0	0	0	0	0	0	4.379168e+26	0	4.379168e+26	1.979624e+26	0	1.979624e+26	1.059799e+26	0	1.059799e+26	3.959248e+26	0	3.959248e+26	1.179776e+26	0	1.179776e+26	3.779282e+26	0	3.779282e+26	3.594689e+23	9.212331e-10	0.001177222	4.446093e+12	4.578338e+07	548170.1	1.706846e-07	6.227674e-14	3.512016e-21	0.2768882	0.5	0.004684426	0.9822737	68.31586	8.495424	10569.8	1.117189e+26	1.827432e+28	5.151575e+27	6.741065e+25	3.118866e+27	1.203261e+27	5.325573e+26	2.294797e+26	0.2188657	0	0.02049657	0.03560219	0.03560219	0.001424136	0.02670164	0	0	0	0	1.280678e-20	0	1.280678e-20	0	-328.877	0	-328.877	0	30149.85	77194.93	2279.131	8447.673	0.006389748	1	5.107021	0.452068	1	2	0.02471262	0.06061231	
16128	909.0505	3.45e+19	0	0	100000	2	1e-05	4.687248e+26	3.131956e+26	2.974517e+26	1.574388e+25	5.163792e+25	1.038914e+26	3.405266e+25	2.275352e+25	2.160974e+25	1.143786e+24	3.751473e+24	7.547662e+24	0.2216468	3.405266e+26	2.275352e+26	2.160974e+26	1.143786e+25	0	3.137834e+17	1.129913e+26	0	0	0	0	0	0	0	0	0	0	0	0	0	0	4.386784e+26	0	4.386784e+26	1.983067e+26	0	1.983067e+26	1.061642e+26	0	1.061642e+26	3.966133e+26	0	3.966133e+26	1.181828e+26	0	1.181828e+26	3.785854e+26	0	3.785854e+26	3.593182e+23	9.216353e-10	0.001178271	4.446093e+12	4.611138e+07	548496	1.710884e-07	6.257181e-14	3.537006e-21	0.2782001	0.5	0.004717758	0.9843793	68.43467	8.510199	10569.8	1.117189e+26	1.827432e+28	5.151575e+27	6.741065e+25	3.118866e+27	1.203261e+27	5.325573e+26	2.294797e+26	0.2188657	0	0.02048826	0.03560219	0.03560219	0.001424136	0.02670164	0	0	0	0	1.280678e-20	0	1.280678e-20	0	-328.877	0	-328.877	0	30149.85	77194.93	2283.239	8447.673	0.006389748	1	5.10722	0.452068	1	2	0.02477473	0.06071772	
16156	909.0505	3.45e+19	0	0	100000	2	1e-05	4.695386e+26	3.136192e+26	2.978612e+26	1.575795e+25	5.200547e+25	1.03914e+26	3.411178e+25	2.27843e+25	2.163949e+25	1.144808e+24	3.778175e+24	7.549306e+24	0.2213108	3.411178e+26	2.27843e+26	2.163949e+26	1.144808e+25	0	3.137834e+17	1.132748e+26	0	0	0	0	0	0	0	0	0	0	0	0	0	0	4.3944e+26	0	4.3944e+26	1.986509e+26	0	1.986509e+26	1.063485e+26	0	1.063485e+26	3.973019e+26	0	3.973019e+26	1.183879e+26	0	1.183879e+26	3.792427e+26	0	3.792427e+26	3.591677e+23	9.220368e-10	0.001179318	4.446093e+12	4.643996e+07	548826.7	1.714911e-07	6.286671e-14	3.56204e-21	0.2795112	0.5	0.004751149	0.9862348	68.55348	8.524973	10569.8	1.117189e+26	1.827432e+28	5.151575e+27	6.741065e+25	3.118866e+27	1.203261e+27	5.325573e+26	2.294797e+26	0.2188657	0	0.02047996	0.03560219	0.03560219	0.001424136	0.02670164	0	0	0	0	1.280678e-20	0	1.280678e-20	0	-328.877	0	-328.877	0	30149.85	77194.93	2287.348	8447.673	0.006389749	1	5.107419	0.452068	1	2	0.02483688	0.06082313	
16184	909.0505	3.45e+19	0	0	100000	2	1e-05	4.703524e+26	3.140425e+26	2.982705e+26	1.5772e+25	5.237358e+25	1.039363e+26	3.41709e+25	2.281505e+25	2.166922e+25	1.145829e+24	3.804918e+24	7.550929e+24	0.2209754	3.41709e+26	2.281505e+26	2.166922e+26	1.145829e+25	0	3.137834e+17	1.135585e+26	0	0	0	0	0	0	0	0	0	0	0	0	0	0	4.402016e+26	0	4.402016e+26	1.989952e+26	0	1.989952e+26	1.065328e+26	0	1.065328e+26	3.979905e+26	0	3.979905e+26	1.185931e+26	0	1.185931e+26	3.799e+26	0	3.799e+26	3.590177e+23	9.224378e-10	0.001180363	4.446093e+12	4.676904e+07	549162.4	1.718925e-07	6.316135e-14	3.587112e-21	0.2808213	0.5	0.00478459	0.9878699	68.67229	8.539748	10569.8	1.117189e+26	1.827432e+28	5.151575e+27	6.741065e+25	3.118866e+27	1.203261e+27	5.325573e+26	2.294797e+26	0.2188657	0	0.02047166	0.03560219	0.03560219	0.001424136	0.02670164	0	0	0	0	1.280678e-20	0	1.280678e-20	0	-328.877	0	-328.877	0	30149.85	77194.93	2291.458	8447.673	0.006389749	1	5.107617	0.452068	1	2	0.02489908	0.06092854	
16212	909.0505	3.45e+19	0	0	100000	2	1e-05	4.711661e+26	3.144655e+26	2.986794e+26	1.578603e+25	5.274216e+25	1.039585e+26	3.423002e+25	2.284578e+25	2.169893e+25	1.146849e+24	3.831695e+24	7.552539e+24	0.2206408	3.423002e+26	2.284578e+26	2.169893e+26	1.146849e+25	0	3.137834e+17	1.138423e+26	0	0	0	0	0	0	0	0	0	0	0	0	0	0	4.409632e+26	0	4.409632e+26	1.993395e+26	0	1.993395e+26	1.067171e+26	0	1.067171e+26	3.98679e+26	0	3.98679e+26	1.187983e+26	0	1.187983e+26	3.805572e+26	0	3.805572e+26	3.58868e+23	9.22838e-10	0.001181407	4.446093e+12	4.709853e+07	549503	1.722926e-07	6.345569e-14	3.612215e-21	0.2821299	0.5	0.004818074	0.9893108	68.7911	8.554523	10569.8	1.117189e+26	1.827432e+28	5.151575e+27	6.741065e+25	3.118866e+27	1.203261e+27	5.325573e+26	2.294797e+26	0.2188657	0	0.02046336	0.03560219	0.03560219	0.001424136	0.02670164	0	0	0	0	1.280678e-20	0	1.280678e-20	0	-328.877	0	-328.877	0	30149.85	77194.93	2295.567	8447.673	0.006389748	1	5.107816	0.452068	1	2	0.02496132	0.06103396	
16240	909.0505	3.45e+19	0	0	100000	2	1e-05	4.719799e+26	3.148882e+26	2.990882e+26	1.580005e+25	5.311113e+25	1.039805e+26	3.428914e+25	2.287649e+25	2.172863e+25	1.147867e+24	3.858501e+24	7.554141e+24	0.2203071	3.428914e+26	2.287649e+26	2.172863e+26	1.147867e+25	0	3.137834e+17	1.141264e+26	0	0	0	0	0	0	0	0	0	0	0	0	0	0	4.417248e+26	0	4.417248e+26	1.996838e+26	0	1.996838e+26	1.069014e+26	0	1.069014e+26	3.993676e+26	0	3.993676e+26	1.190035e+26	0	1.190035e+26	3.812145e+26	0	3.812145e+26	3.587186e+23	9.232376e-10	0.00118245	4.446093e+12	4.742838e+07	549848.6	1.726912e-07	6.374967e-14	3.637346e-21	0.283437	0.5	0.004851594	0.9905805	68.90991	8.569297	10569.8	1.117189e+26	1.827432e+28	5.151575e+27	6.741065e+25	3.118866e+27	1.203261e+27	5.325573e+26	2.294797e+26	0.2188657	0	0.02045506	0.03560219	0.03560219	0.001424136	0.02670164	0	0	0	0	1.280678e-20	0	1.280678e-20	0	-328.877	0	-328.877	0	30149.85	77194.93	2299.677	8447.673	0.006389749	1	5.108014	0.452068	1	2	0.02502361	0.06113937	
16268	909.0505	3.45e+19	0	0	100000	2	1e-05	4.727936e+26	3.153107e+26	2.994966e+26	1.581404e+25	5.348044e+25	1.040025e+26	3.434826e+25	2.290718e+25	2.17583e+25	1.148884e+24	3.885331e+24	7.55574e+24	0.2199745	3.434826e+26	2.290718e+26	2.17583e+26	1.148884e+25	0	3.137834e+17	1.144107e+26	0	0	0	0	0	0	0	0	0	0	0	0	0	0	4.424863e+26	0	4.424863e+26	2.000281e+26	0	2.000281e+26	1.070857e+26	0	1.070857e+26	4.000561e+26	0	4.000561e+26	1.192087e+26	0	1.192087e+26	3.818718e+26	0	3.818718e+26	3.585695e+23	9.236365e-10	0.001183492	4.446093e+12	4.775853e+07	550199.2	1.730884e-07	6.404323e-14	3.6625e-21	0.2847422	0.5	0.004885144	0.9916994	69.02872	8.584072	10569.8	1.117189e+26	1.827432e+28	5.151575e+27	6.741065e+25	3.118866e+27	1.203261e+27	5.325573e+26	2.294797e+26	0.2188657	0	0.02044677	0.03560219	0.03560219	0.001424136	0.02670164	0	0	0	0	1.280678e-20	0	1.280678e-20	0	-328.877	0	-328.877	0	30149.85	77194.93	2303.787	8447.673	0.006389748	1	5.108211	0.452068	1	2	0.02508594	0.06124478	
16296	909.0505	3.45e+19	0	0	100000	2	1e-05	4.736074e+26	3.157328e+26	2.999048e+26	1.582802e+25	5.385001e+25	1.040246e+26	3.440737e+25	2.293785e+25	2.178796e+25	1.149899e+24	3.91218e+24	7.557339e+24	0.219643	3.440737e+26	2.293785e+26	2.178796e+26	1.149899e+25	0	3.137834e+17	1.146952e+26	0	0	0	0	0	0	0	0	0	0	0	0	0	0	4.432479e+26	0	4.432479e+26	2.003724e+26	0	2.003724e+26	1.0727e+26	0	1.0727e+26	4.007447e+26	0	4.007447e+26	1.194138e+26	0	1.194138e+26	3.82529e+26	0	3.82529e+26	3.584208e+23	9.240348e-10	0.001184532	4.446093e+12	4.808892e+07	550555	1.73484e-07	6.433634e-14	3.687672e-21	0.2860454	0.5	0.00491872	0.9926854	69.14753	8.598847	10569.8	1.117189e+26	1.827432e+28	5.151575e+27	6.741065e+25	3.118866e+27	1.203261e+27	5.325573e+26	2.294797e+26	0.2188657	0	0.02043848	0.03560219	0.03560219	0.001424136	0.02670164	0	0	0	0	1.280678e-20	0	1.280678e-20	0	-328.877	0	-328.877	0	30149.85	77194.93	2307.898	8447.673	0.006389748	1	5.108409	0.452068	1	2	0.02514832	0.06135019	
16324	909.0505	3.45e+19	0	0	100000	2	1e-05	4.744211e+26	3.161547e+26	3.003127e+26	1.584198e+25	5.42198e+25	1.040466e+26	3.446649e+25	2.29685e+25	2.181759e+25	1.150913e+24	3.939045e+24	7.558943e+24	0.2193128	3.446649e+26	2.29685e+26	2.181759e+26	1.150913e+25	0	3.137834e+17	1.149799e+26	0	0	0	0	0	0	0	0	0	0	0	0	0	0	4.440095e+26	0	4.440095e+26	2.007166e+26	0	2.007166e+26	1.074544e+26	0	1.074544e+26	4.014333e+26	0	4.014333e+26	1.19619e+26	0	1.19619e+26	3.831863e+26	0	3.831863e+26	3.582724e+23	9.244325e-10	0.001185571	4.446093e+12	4.84195e+07	550915.9	1.738781e-07	6.462895e-14	3.712859e-21	0.2873463	0.5	0.004952315	0.9935543	69.26634	8.613621	10569.8	1.117189e+26	1.827432e+28	5.151575e+27	6.741065e+25	3.118866e+27	1.203261e+27	5.325573e+26	2.294797e+26	0.2188657	0	0.02043019	0.03560219	0.03560219	0.001424136	0.02670164	0	0	0	0	1.280678e-20	0	1.280678e-20	0	-328.877	0	-328.877	0	30149.85	77194.93	2312.009	8447.673	0.006389748	1	5.108606	0.452068	1	2	0.02521074	0.06145561	
16352	909.0505	3.45e+19	0	0	100000	2	1e-05	4.752349e+26	3.165763e+26	3.007204e+26	1.585593e+25	5.458976e+25	1.040688e+26	3.452561e+25	2.299913e+25	2.184721e+25	1.151926e+24	3.965923e+24	7.560556e+24	0.218984	3.452561e+26	2.299913e+26	2.184721e+26	1.151926e+25	0	3.137834e+17	1.152648e+26	0	0	0	0	0	0	0	0	0	0	0	0	0	0	4.447711e+26	0	4.447711e+26	2.010609e+26	0	2.010609e+26	1.076387e+26	0	1.076387e+26	4.021218e+26	0	4.021218e+26	1.198242e+26	0	1.198242e+26	3.838436e+26	0	3.838436e+26	3.581244e+23	9.248295e-10	0.001186609	4.446093e+12	4.875024e+07	551281.9	1.742706e-07	6.492104e-14	3.738057e-21	0.288645	0.5	0.004985925	0.9943199	69.38515	8.628396	10569.8	1.117189e+26	1.827432e+28	5.151575e+27	6.741065e+25	3.118866e+27	1.203261e+27	5.325573e+26	2.294797e+26	0.2188657	0	0.02042191	0.03560219	0.03560219	0.001424136	0.02670164	0	0	0	0	1.280678e-20	0	1.280678e-20	0	-328.877	0	-328.877	0	30149.85	77194.93	2316.12	8447.673	0.006389748	1	5.108803	0.452068	1	2	0.02527321	0.06156102	
16380	909.0505	3.45e+19	0	0	100000	2	1e-05	4.760487e+26	3.169976e+26	3.011278e+26	1.586985e+25	5.495984e+25	1.040912e+26	3.458473e+25	2.302974e+25	2.187681e+25	1.152938e+24	3.992809e+24	7.56218e+24	0.2186566	3.458473e+26	2.302974e+26	2.187681e+26	1.152938e+25	0	3.137834e+17	1.155499e+26	0	0	0	0	0	0	0	0	0	0	0	0	0	0	4.455327e+26	0	4.455327e+26	2.014052e+26	0	2.014052e+26	1.07823e+26	0	1.07823e+26	4.028104e+26	0	4.028104e+26	1.200294e+26	0	1.200294e+26	3.845008e+26	0	3.845008e+26	3.579767e+23	9.252258e-10	0.001187645	4.446093e+12	4.908109e+07	551653.3	1.746614e-07	6.521257e-14	3.763265e-21	0.2899412	0.5	0.005019548	0.9949946	69.50396	8.643171	10569.8	1.117189e+26	1.827432e+28	5.151575e+27	6.741065e+25	3.118866e+27	1.203261e+27	5.325573e+26	2.294797e+26	0.2188657	0	0.02041363	0.03560219	0.03560219	0.001424136	0.02670164	0	0	0	0	1.280678e-20	0	1.280678e-20	0	-328.877	0	-328.877	0	30149.85	77194.93	2320.232	8447.673	0.006389748	1	5.109	0.452068	1	2	0.02533572	0.06166643	
16408	909.0505	3.45e+19	0	0	100000	2	1e-05	4.768624e+26	3.174187e+26	3.015349e+26	1.588376e+25	5.533001e+25	1.041137e+26	3.464385e+25	2.306033e+25	2.190638e+25	1.153948e+24	4.019701e+24	7.563818e+24	0.2183307	3.464385e+26	2.306033e+26	2.190638e+26	1.153948e+25	0	3.137834e+17	1.158352e+26	0	0	0	0	0	0	0	0	0	0	0	0	0	0	4.462943e+26	0	4.462943e+26	2.017495e+26	0	2.017495e+26	1.080073e+26	0	1.080073e+26	4.03499e+26	0	4.03499e+26	1.202345e+26	0	1.202345e+26	3.851581e+26	0	3.851581e+26	3.578293e+23	9.256216e-10	0.00118868	4.446093e+12	4.941202e+07	552029.9	1.750506e-07	6.550353e-14	3.788478e-21	0.2912348	0.5	0.005053178	0.9955892	69.62277	8.657945	10569.8	1.117189e+26	1.827432e+28	5.151575e+27	6.741065e+25	3.118866e+27	1.203261e+27	5.325573e+26	2.294797e+26	0.2188657	0	0.02040535	0.03560219	0.03560219	0.001424136	0.02670164	0	0	0	0	1.280678e-20	0	1.280678e-20	0	-328.877	0	-328.877	0	30149.85	77194.93	2324.344	8447.673	0.006389748	1	5.109197	0.452068	1	2	0.02539827	0.06177184	
16436	909.0505	3.45e+19	0	0	100000	2	1e-05	4.776762e+26	3.178395e+26	3.019418e+26	1.589765e+25	5.570022e+25	1.041365e+26	3.470297e+25	2.30909e+25	2.193594e+25	1.154957e+24	4.046597e+24	7.565473e+24	0.2180065	3.470297e+26	2.30909e+26	2.193594e+26	1.154957e+25	0	3.137834e+17	1.161207e+26	0	0	0	0	0	0	0	0	0	0	0	0	0	0	4.470559e+26	0	4.470559e+26	2.020938e+26	0	2.020938e+26	1.081916e+26	0	1.081916e+26	4.041875e+26	0	4.041875e+26	1.204397e+26	0	1.204397e+26	3.858154e+26	0	3.858154e+26	3.576822e+23	9.260166e-10	0.001189713	4.446093e+12	4.974299e+07	552411.9	1.754381e-07	6.579388e-14	3.813695e-21	0.2925257	0.5	0.005086813	0.9961131	69.74158	8.67272	10569.8	1.117189e+26	1.827432e+28	5.151575e+27	6.741065e+25	3.118866e+27	1.203261e+27	5.325573e+26	2.294797e+26	0.2188657	0	0.02039707	0.03560219	0.03560219	0.001424136	0.02670164	0	0	0	0	1.280678e-20	0	1.280678e-20	0	-328.877	0	-328.877	0	30149.85	77194.93	2328.456	8447.673	0.006389748	1	5.109393	0.452068	1	2	0.02546087	0.06187726	
16464	909.0505	3.45e+19	0	0	100000	2	1e-05	4.784899e+26	3.182599e+26	3.023484e+26	1.591152e+25	5.607045e+25	1.041595e+26	3.476209e+25	2.312145e+25	2.196548e+25	1.155965e+24	4.073495e+24	7.567147e+24	0.2176839	3.476209e+26	2.312145e+26	2.196548e+26	1.155965e+25	0	3.137834e+17	1.164064e+26	0	0	0	0	0	0	0	0	0	0	0	0	0	0	4.478175e+26	0	4.478175e+26	2.024381e+26	0	2.024381e+26	1.083759e+26	0	1.083759e+26	4.048761e+26	0	4.048761e+26	1.206449e+26	0	1.206449e+26	3.864726e+26	0	3.864726e+26	3.575355e+23	9.264111e-10	0.001190746	4.446093e+12	5.007398e+07	552799.3	1.75824e-07	6.60836e-14	3.838913e-21	0.2938139	0.5	0.00512045	0.9965748	69.86039	8.687494	10569.8	1.117189e+26	1.827432e+28	5.151575e+27	6.741065e+25	3.118866e+27	1.203261e+27	5.325573e+26	2.294797e+26	0.2188657	0	0.0203888	0.03560219	0.03560219	0.001424136	0.02670164	0	0	0	0	1.280678e-20	0	1.280678e-20	0	-328.877	0	-328.877	0	30149.85	77194.93	2332.569	8447.673	0.006389748	1	5.10959	0.452068	1	2	0.02552352	0.06198267	
16492	909.0505	3.45e+19	0	0	100000	2	1e-05	4.793037e+26	3.186801e+26	3.027548e+26	1.592538e+25	5.644067e+25	1.041829e+26	3.482121e+25	2.315198e+25	2.1995e+25	1.156972e+24	4.100391e+24	7.568842e+24	0.217363	3.482121e+26	2.315198e+26	2.1995e+26	1.156972e+25	0	3.137834e+17	1.166923e+26	0	0	0	0	0	0	0	0	0	0	0	0	0	0	4.485791e+26	0	4.485791e+26	2.027823e+26	0	2.027823e+26	1.085602e+26	0	1.085602e+26	4.055647e+26	0	4.055647e+26	1.208501e+26	0	1.208501e+26	3.871299e+26	0	3.871299e+26	3.573891e+23	9.268049e-10	0.001191777	4.446093e+12	5.040495e+07	553192.1	1.762081e-07	6.637268e-14	3.864131e-21	0.2950991	0.5	0.005154086	0.9969817	69.9792	8.702269	10569.8	1.117189e+26	1.827432e+28	5.151575e+27	6.741065e+25	3.118866e+27	1.203261e+27	5.325573e+26	2.294797e+26	0.2188657	0	0.02038053	0.03560219	0.03560219	0.001424136	0.02670164	0	0	0	0	1.280678e-20	0	1.280678e-20	0	-328.877	0	-328.877	0	30149.85	77194.93	2336.682	8447.673	0.006389749	1	5.109786	0.452068	1	2	0.02558621	0.06208808	
16520	909.0505	3.45e+19	0	0	100000	2	1e-05	4.801175e+26	3.191001e+26	3.031608e+26	1.593922e+25	5.681084e+25	1.042066e+26	3.488033e+25	2.318248e+25	2.202451e+25	1.157977e+24	4.127283e+24	7.570562e+24	0.2170439	3.488033e+26	2.318248e+26	2.202451e+26	1.157977e+25	0	3.137834e+17	1.169784e+26	0	0	0	0	0	0	0	0	0	0	0	0	0	0	4.493407e+26	0	4.493407e+26	2.031266e+26	0	2.031266e+26	1.087446e+26	0	1.087446e+26	4.062532e+26	0	4.062532e+26	1.210553e+26	0	1.210553e+26	3.877872e+26	0	3.877872e+26	3.57243e+23	9.27198e-10	0.001192806	4.446093e+12	5.073589e+07	553590.5	1.765906e-07	6.66611e-14	3.889345e-21	0.2963815	0.5	0.005187718	0.9973402	70.09802	8.717044	10569.8	1.117189e+26	1.827432e+28	5.151575e+27	6.741065e+25	3.118866e+27	1.203261e+27	5.325573e+26	2.294797e+26	0.2188657	0	0.02037226	0.03560219	0.03560219	0.001424136	0.02670164	0	0	0	0	1.280678e-20	0	1.280678e-20	0	-328.877	0	-328.877	0	30149.85	77194.93	2340.795	8447.673	0.006389749	1	5.109982	0.452068	1	2	0.02564895	0.0621935	
16548	909.0505	3.45e+19	0	0	100000	2	1e-05	4.809312e+26	3.195197e+26	3.035667e+26	1.595304e+25	5.718094e+25	1.042306e+26	3.493945e+25	2.321297e+25	2.205399e+25	1.158981e+24	4.154171e+24	7.572306e+24	0.2167266	3.493945e+26	2.321297e+26	2.205399e+26	1.158981e+25	0	3.137834e+17	1.172648e+26	0	0	0	0	0	0	0	0	0	0	0	0	0	0	4.501023e+26	0	4.501023e+26	2.034709e+26	0	2.034709e+26	1.089289e+26	0	1.089289e+26	4.069418e+26	0	4.069418e+26	1.212604e+26	0	1.212604e+26	3.884444e+26	0	3.884444e+26	3.570973e+23	9.275906e-10	0.001193835	4.446093e+12	5.106677e+07	553994.3	1.769713e-07	6.694885e-14	3.914555e-21	0.2976608	0.5	0.005221344	0.9976562	70.21683	8.731818	10569.8	1.117189e+26	1.827432e+28	5.151575e+27	6.741065e+25	3.118866e+27	1.203261e+27	5.325573e+26	2.294797e+26	0.2188657	0	0.020364	0.03560219	0.03560219	0.001424136	0.02670164	0	0	0	0	1.280678e-20	0	1.280678e-20	0	-328.877	0	-328.877	0	30149.85	77194.93	2344.909	8447.673	0.006389749	1	5.110177	0.452068	1	2	0.02571173	0.06229891	
16576	909.0505	3.45e+19	0	0	100000	2	1e-05	4.81745e+26	3.199391e+26	3.039722e+26	1.596684e+25	5.755095e+25	1.042549e+26	3.499857e+25	2.324344e+25	2.208345e+25	1.159984e+24	4.181052e+24	7.574078e+24	0.2164111	3.499857e+26	2.324344e+26	2.208345e+26	1.159984e+25	0	3.137834e+17	1.175513e+26	0	0	0	0	0	0	0	0	0	0	0	0	0	0	4.508639e+26	0	4.508639e+26	2.038152e+26	0	2.038152e+26	1.091132e+26	0	1.091132e+26	4.076304e+26	0	4.076304e+26	1.214656e+26	0	1.214656e+26	3.891017e+26	0	3.891017e+26	3.569519e+23	9.279825e-10	0.001194862	4.446093e+12	5.139756e+07	554403.8	1.773503e-07	6.723591e-14	3.939759e-21	0.2989371	0.5	0.005254961	0.9979346	70.33564	8.746593	10569.8	1.117189e+26	1.827432e+28	5.151575e+27	6.741065e+25	3.118866e+27	1.203261e+27	5.325573e+26	2.294797e+26	0.2188657	0	0.02035573	0.03560219	0.03560219	0.001424136	0.02670164	0	0	0	0	1.280678e-20	0	1.280678e-20	0	-328.877	0	-328.877	0	30149.85	77194.93	2349.023	8447.673	0.006389749	1	5.110373	0.452068	1	2	0.02577455	0.06240432	
16604	909.0505	3.45e+19	0	0	100000	2	1e-05	4.825587e+26	3.203582e+26	3.043775e+26	1.598062e+25	5.792084e+25	1.042797e+26	3.505769e+25	2.327388e+25	2.21129e+25	1.160985e+24	4.207924e+24	7.575878e+24	0.2160975	3.505769e+26	2.327388e+26	2.21129e+26	1.160985e+25	0	3.137834e+17	1.17838e+26	0	0	0	0	0	0	0	0	0	0	0	0	0	0	4.516255e+26	0	4.516255e+26	2.041595e+26	0	2.041595e+26	1.092975e+26	0	1.092975e+26	4.083189e+26	0	4.083189e+26	1.216708e+26	0	1.216708e+26	3.89759e+26	0	3.89759e+26	3.568068e+23	9.283738e-10	0.001195887	4.446093e+12	5.172826e+07	554818.9	1.777276e-07	6.752227e-14	3.964956e-21	0.3002103	0.5	0.005288569	0.9981799	70.45445	8.761368	10569.8	1.117189e+26	1.827432e+28	5.151575e+27	6.741065e+25	3.118866e+27	1.203261e+27	5.325573e+26	2.294797e+26	0.2188657	0	0.02034748	0.03560219	0.03560219	0.001424136	0.02670164	0	0	0	0	1.280678e-20	0	1.280678e-20	0	-328.877	0	-328.877	0	30149.85	77194.93	2353.137	8447.673	0.006389749	1	5.110568	0.452068	1	2	0.02583742	0.06250973	
16632	909.0505	3.45e+19	0	0	100000	2	1e-05	4.833725e+26	3.20777e+26	3.047826e+26	1.599439e+25	5.82906e+25	1.043049e+26	3.51168e+25	2.330431e+25	2.214232e+25	1.161986e+24	4.234787e+24	7.577708e+24	0.2157858	3.51168e+26	2.330431e+26	2.214232e+26	1.161986e+25	0	3.137834e+17	1.18125e+26	0	0	0	0	0	0	0	0	0	0	0	0	0	0	4.523871e+26	0	4.523871e+26	2.045037e+26	0	2.045037e+26	1.094818e+26	0	1.094818e+26	4.090075e+26	0	4.090075e+26	1.21876e+26	0	1.21876e+26	3.904162e+26	0	3.904162e+26	3.56662e+23	9.287644e-10	0.001196912	4.446093e+12	5.205883e+07	555239.7	1.781031e-07	6.780793e-14	3.990143e-21	0.3014804	0.5	0.005322164	0.9983961	70.57326	8.776142	10569.8	1.117189e+26	1.827432e+28	5.151575e+27	6.741065e+25	3.118866e+27	1.203261e+27	5.325573e+26	2.294797e+26	0.2188657	0	0.02033922	0.03560219	0.03560219	0.001424136	0.02670164	0	0	0	0	1.280678e-20	0	1.280678e-20	0	-328.877	0	-328.877	0	30149.85	77194.93	2357.252	8447.673	0.006389748	1	5.110763	0.452068	1	2	0.02590033	0.06261515	
16660	909.0505	3.45e+19	0	0	100000	2	1e-05	4.841862e+26	3.211955e+26	3.051874e+26	1.600814e+25	5.866019e+25	1.043306e+26	3.517592e+25	2.333472e+25	2.217173e+25	1.162985e+24	4.261638e+24	7.57957e+24	0.2154761	3.517592e+26	2.333472e+26	2.217173e+26	1.162985e+25	0	3.137834e+17	1.184121e+26	0	0	0	0	0	0	0	0	0	0	0	0	0	0	4.531487e+26	0	4.531487e+26	2.04848e+26	0	2.04848e+26	1.096661e+26	0	1.096661e+26	4.096961e+26	0	4.096961e+26	1.220811e+26	0	1.220811e+26	3.910735e+26	0	3.910735e+26	3.565175e+23	9.291544e-10	0.001197935	4.446093e+12	5.238926e+07	555666.2	1.784769e-07	6.809286e-14	4.01532e-21	0.3027472	0.5	0.005355746	0.9985866	70.69207	8.790917	10569.8	1.117189e+26	1.827432e+28	5.151575e+27	6.741065e+25	3.118866e+27	1.203261e+27	5.325573e+26	2.294797e+26	0.2188657	0	0.02033097	0.03560219	0.03560219	0.001424136	0.02670164	0	0	0	0	1.280678e-20	0	1.280678e-20	0	-328.877	0	-328.877	0	30149.85	77194.93	2361.367	8447.673	0.006389748	1	5.110958	0.452068	1	2	0.02596329	0.06272056	
16688	909.0505	3.45e+19	0	0	100000	2	1e-05	4.85e+26	3.216138e+26	3.055919e+26	1.602188e+25	5.902962e+25	1.043566e+26	3.523504e+25	2.33651e+25	2.220112e+25	1.163982e+24	4.288476e+24	7.581465e+24	0.2151683	3.523504e+26	2.33651e+26	2.220112e+26	1.163982e+25	0	3.137834e+17	1.186994e+26	0	0	0	0	0	0	0	0	0	0	0	0	0	0	4.539103e+26	0	4.539103e+26	2.051923e+26	0	2.051923e+26	1.098504e+26	0	1.098504e+26	4.103846e+26	0	4.103846e+26	1.222863e+26	0	1.222863e+26	3.917308e+26	0	3.917308e+26	3.563734e+23	9.295438e-10	0.001198957	4.446093e+12	5.271954e+07	556098.4	1.78849e-07	6.837707e-14	4.040485e-21	0.3040108	0.5	0.005389312	0.9987545	70.81088	8.805692	10569.8	1.117189e+26	1.827432e+28	5.151575e+27	6.741065e+25	3.118866e+27	1.203261e+27	5.325573e+26	2.294797e+26	0.2188657	0	0.02032271	0.03560219	0.03560219	0.001424136	0.02670164	0	0	0	0	1.280678e-20	0	1.280678e-20	0	-328.877	0	-328.877	0	30149.85	77194.93	2365.482	8447.673	0.006389748	1	5.111152	0.452068	1	2	0.02602629	0.06282597	
16716	909.0505	3.45e+19	0	0	100000	2	1e-05	4.858138e+26	3.220317e+26	3.059961e+26	1.603559e+25	5.939884e+25	1.043832e+26	3.529416e+25	2.339547e+25	2.223049e+25	1.164979e+24	4.315301e+24	7.583394e+24	0.2148626	3.529416e+26	2.339547e+26	2.223049e+26	1.164979e+25	0	3.137834e+17	1.189869e+26	0	0	0	0	0	0	0	0	0	0	0	0	0	0	4.546719e+26	0	4.546719e+26	2.055366e+26	0	2.055366e+26	1.100347e+26	0	1.100347e+26	4.110732e+26	0	4.110732e+26	1.224915e+26	0	1.224915e+26	3.92388e+26	0	3.92388e+26	3.562295e+23	9.299326e-10	0.001199977	4.446093e+12	5.304965e+07	556536.6	1.792193e-07	6.866054e-14	4.065637e-21	0.3052712	0.5	0.00542286	0.9989025	70.92969	8.820466	10569.8	1.117189e+26	1.827432e+28	5.151575e+27	6.741065e+25	3.118866e+27	1.203261e+27	5.325573e+26	2.294797e+26	0.2188657	0	0.02031447	0.03560219	0.03560219	0.001424136	0.02670164	0	0	0	0	1.280678e-20	0	1.280678e-20	0	-328.877	0	-328.877	0	30149.85	77194.93	2369.598	8447.673	0.006389748	1	5.111347	0.452068	1	2	0.02608933	0.06293139	
16744	909.0505	3.45e+19	0	0	100000	2	1e-05	4.866275e+26	3.224494e+26	3.064001e+26	1.604929e+25	5.976786e+25	1.044102e+26	3.535328e+25	2.342581e+25	2.225984e+25	1.165974e+24	4.34211e+24	7.585359e+24	0.2145588	3.535328e+26	2.342581e+26	2.225984e+26	1.165974e+25	0	3.137834e+17	1.192747e+26	0	0	0	0	0	0	0	0	0	0	0	0	0	0	4.554335e+26	0	4.554335e+26	2.058809e+26	0	2.058809e+26	1.102191e+26	0	1.102191e+26	4.117618e+26	0	4.117618e+26	1.226967e+26	0	1.226967e+26	3.930453e+26	0	3.930453e+26	3.56086e+23	9.303208e-10	0.001200996	4.446093e+12	5.337957e+07	556980.5	1.79588e-07	6.894327e-14	4.090775e-21	0.3065282	0.5	0.00545639	0.9990328	71.0485	8.835241	10569.8	1.117189e+26	1.827432e+28	5.151575e+27	6.741065e+25	3.118866e+27	1.203261e+27	5.325573e+26	2.294797e+26	0.2188657	0	0.02030622	0.03560219	0.03560219	0.001424136	0.02670164	0	0	0	0	1.280678e-20	0	1.280678e-20	0	-328.877	0	-328.877	0	30149.85	77194.93	2373.714	8447.673	0.006389748	1	5.111541	0.452068	1	2	0.02615242	0.0630368	
16772	909.0505	3.45e+19	0	0	100000	2	1e-05	4.874413e+26	3.228669e+26	3.068039e+26	1.606297e+25	6.013665e+25	1.044378e+26	3.54124e+25	2.345614e+25	2.228917e+25	1.166968e+24	4.368902e+24	7.58736e+24	0.2142571	3.54124e+26	2.345614e+26	2.228917e+26	1.166968e+25	0	3.137834e+17	1.195626e+26	0	0	0	0	0	0	0	0	0	0	0	0	0	0	4.56195e+26	0	4.56195e+26	2.062252e+26	0	2.062252e+26	1.104034e+26	0	1.104034e+26	4.124503e+26	0	4.124503e+26	1.229019e+26	0	1.229019e+26	3.937026e+26	0	3.937026e+26	3.559428e+23	9.307083e-10	0.001202014	4.446093e+12	5.370929e+07	557430.4	1.799549e-07	6.922526e-14	4.115898e-21	0.3077819	0.5	0.0054899	0.9991477	71.16731	8.850016	10569.8	1.117189e+26	1.827432e+28	5.151575e+27	6.741065e+25	3.118866e+27	1.203261e+27	5.325573e+26	2.294797e+26	0.2188657	0	0.02029798	0.03560219	0.03560219	0.001424136	0.02670164	0	0	0	0	1.280678e-20	0	1.280678e-20	0	-328.877	0	-328.877	0	30149.85	77194.93	2377.83	8447.673	0.006389748	1	5.111735	0.452068	1	2	0.02621556	0.06314221	
16800	909.0505	3.45e+19	0	0	100000	2	1e-05	4.88255e+26	3.23284e+26	3.072074e+26	1.607664e+25	6.05052e+25	1.044658e+26	3.547152e+25	2.348644e+25	2.231848e+25	1.167961e+24	4.395677e+24	7.589398e+24	0.2139575	3.547152e+26	2.348644e+26	2.231848e+26	1.167961e+25	0	3.137834e+17	1.198508e+26	0	0	0	0	0	0	0	0	0	0	0	0	0	0	4.569566e+26	0	4.569566e+26	2.065694e+26	0	2.065694e+26	1.105877e+26	0	1.105877e+26	4.131389e+26	0	4.131389e+26	1.23107e+26	0	1.23107e+26	3.943598e+26	0	3.943598e+26	3.558e+23	9.310953e-10	0.001203031	4.446093e+12	5.40388e+07	557886.3	1.8032e-07	6.950648e-14	4.141005e-21	0.3090323	0.5	0.005523388	0.999249	71.28612	8.86479	10569.8	1.117189e+26	1.827432e+28	5.151575e+27	6.741065e+25	3.118866e+27	1.203261e+27	5.325573e+26	2.294797e+26	0.2188657	0	0.02028974	0.03560219	0.03560219	0.001424136	0.02670164	0	0	0	0	1.280678e-20	0	1.280678e-20	0	-328.877	0	-328.877	0	30149.85	77194.93	2381.947	8447.673	0.006389748	1	5.111929	0.4520679	1	2	0.02627874	0.06324762	
16828	909.0505	3.45e+19	0	0	100000	2	1e-05	4.890688e+26	3.237009e+26	3.076106e+26	1.609029e+25	6.08735e+25	1.044944e+26	3.553064e+25	2.351673e+25	2.234778e+25	1.168952e+24	4.422434e+24	7.591476e+24	0.21366	3.553064e+26	2.351673e+26	2.234778e+26	1.168952e+25	0	3.137834e+17	1.201391e+26	0	0	0	0	0	0	0	0	0	0	0	0	0	0	4.577182e+26	0	4.577182e+26	2.069137e+26	0	2.069137e+26	1.10772e+26	0	1.10772e+26	4.138274e+26	0	4.138274e+26	1.233122e+26	0	1.233122e+26	3.950171e+26	0	3.950171e+26	3.556574e+23	9.314816e-10	0.001204047	4.446093e+12	5.436808e+07	558348.2	1.806835e-07	6.978695e-14	4.166094e-21	0.3102793	0.5	0.005556853	0.9993382	71.40493	8.879565	10569.8	1.117189e+26	1.827432e+28	5.151575e+27	6.741065e+25	3.118866e+27	1.203261e+27	5.325573e+26	2.294797e+26	0.2188657	0	0.0202815	0.03560219	0.03560219	0.001424136	0.02670164	0	0	0	0	1.280678e-20	0	1.280678e-20	0	-328.877	0	-328.877	0	30149.85	77194.93	2386.064	8447.673	0.006389748	1	5.112122	0.452068	1	2	0.02634196	0.06335304	
16856	909.0505	3.45e+19	0	0	100000	2	1e-05	4.898826e+26	3.241175e+26	3.080136e+26	1.610392e+25	6.124152e+25	1.045236e+26	3.558976e+25	2.3547e+25	2.237705e+25	1.169943e+24	4.44917e+24	7.593593e+24	0.2133645	3.558976e+26	2.3547e+26	2.237705e+26	1.169943e+25	0	3.137834e+17	1.204276e+26	0	0	0	0	0	0	0	0	0	0	0	0	0	0	4.584798e+26	0	4.584798e+26	2.07258e+26	0	2.07258e+26	1.109563e+26	0	1.109563e+26	4.14516e+26	0	4.14516e+26	1.235174e+26	0	1.235174e+26	3.956744e+26	0	3.956744e+26	3.555151e+23	9.318673e-10	0.001205061	4.446093e+12	5.469712e+07	558816.1	1.810452e-07	7.006666e-14	4.191166e-21	0.3115229	0.5	0.005590294	0.9994168	71.52374	8.89434	10569.8	1.117189e+26	1.827432e+28	5.151575e+27	6.741065e+25	3.118866e+27	1.203261e+27	5.325573e+26	2.294797e+26	0.2188657	0	0.02027327	0.03560219	0.03560219	0.001424136	0.02670164	0	0	0	0	1.280678e-20	0	1.280678e-20	0	-328.877	0	-328.877	0	30149.85	77194.93	2390.181	8447.673	0.006389748	1	5.112315	0.452068	1	2	0.02640522	0.06345845	
16884	909.0505	3.45e+19	0	0	100000	2	1e-05	4.906963e+26	3.245338e+26	3.084163e+26	1.611753e+25	6.160926e+25	1.045533e+26	3.564888e+25	2.357724e+25	2.240631e+25	1.170932e+24	4.475887e+24	7.59575e+24	0.2130712	3.564888e+26	2.357724e+26	2.240631e+26	1.170932e+25	0	3.137834e+17	1.207164e+26	0	0	0	0	0	0	0	0	0	0	0	0	0	0	4.592414e+26	0	4.592414e+26	2.076023e+26	0	2.076023e+26	1.111406e+26	0	1.111406e+26	4.152046e+26	0	4.152046e+26	1.237226e+26	0	1.237226e+26	3.963316e+26	0	3.963316e+26	3.553732e+23	9.322524e-10	0.001206073	4.446093e+12	5.50259e+07	559290.2	1.814052e-07	7.034559e-14	4.216218e-21	0.3127631	0.5	0.00562371	0.9994861	71.64255	8.909114	10569.8	1.117189e+26	1.827432e+28	5.151575e+27	6.741065e+25	3.118866e+27	1.203261e+27	5.325573e+26	2.294797e+26	0.2188657	0	0.02026504	0.03560219	0.03560219	0.001424136	0.02670164	0	0	0	0	1.280678e-20	0	1.280678e-20	0	-328.877	0	-328.877	0	30149.85	77194.93	2394.299	8447.673	0.006389748	1	5.112509	0.452068	1	2	0.02646853	0.06356386	
16912	909.0505	3.45e+19	0	0	100000	2	1e-05	4.915101e+26	3.249498e+26	3.088187e+26	1.613113e+25	6.197671e+25	1.045835e+26	3.5708e+25	2.360747e+25	2.243555e+25	1.171919e+24	4.502581e+24	7.597949e+24	0.21278	3.5708e+26	2.360747e+26	2.243555e+26	1.171919e+25	0	3.137834e+17	1.210053e+26	0	0	0	0	0	0	0	0	0	0	0	0	0	0	4.60003e+26	0	4.60003e+26	2.079466e+26	0	2.079466e+26	1.113249e+26	0	1.113249e+26	4.158931e+26	0	4.158931e+26	1.239278e+26	0	1.239278e+26	3.969889e+26	0	3.969889e+26	3.552316e+23	9.326369e-10	0.001207085	4.446093e+12	5.535443e+07	559770.3	1.817635e-07	7.062375e-14	4.241251e-21	0.3139998	0.5	0.005657099	0.9995471	71.76136	8.923889	10569.8	1.117189e+26	1.827432e+28	5.151575e+27	6.741065e+25	3.118866e+27	1.203261e+27	5.325573e+26	2.294797e+26	0.2188657	0	0.02025681	0.03560219	0.03560219	0.001424136	0.02670164	0	0	0	0	1.280678e-20	0	1.280678e-20	0	-328.877	0	-328.877	0	30149.85	77194.93	2398.417	8447.673	0.006389749	1	5.112701	0.4520679	1	2	0.02653188	0.06366927	
16940	909.0505	3.45e+19	0	0	100000	2	1e-05	4.923238e+26	3.253656e+26	3.092209e+26	1.614471e+25	6.234384e+25	1.046144e+26	3.576712e+25	2.363767e+25	2.246477e+25	1.172906e+24	4.529253e+24	7.600191e+24	0.212491	3.576712e+26	2.363767e+26	2.246477e+26	1.172906e+25	0	3.137834e+17	1.212944e+26	0	0	0	0	0	0	0	0	0	0	0	0	0	0	4.607646e+26	0	4.607646e+26	2.082909e+26	0	2.082909e+26	1.115092e+26	0	1.115092e+26	4.165817e+26	0	4.165817e+26	1.241329e+26	0	1.241329e+26	3.976462e+26	0	3.976462e+26	3.550902e+23	9.330207e-10	0.001208095	4.446093e+12	5.568268e+07	560256.7	1.821201e-07	7.090114e-14	4.266262e-21	0.3152331	0.5	0.00569046	0.9996009	71.88017	8.938664	10569.8	1.117189e+26	1.827432e+28	5.151575e+27	6.741065e+25	3.118866e+27	1.203261e+27	5.325573e+26	2.294797e+26	0.2188657	0	0.02024858	0.03560219	0.03560219	0.001424136	0.02670164	0	0	0	0	1.280678e-20	0	1.280678e-20	0	-328.877	0	-328.877	0	30149.85	77194.93	2402.535	8447.673	0.006389748	1	5.112894	0.4520679	1	2	0.02659528	0.06377469	
16968	909.0505	3.45e+19	0	0	100000	2	1e-05	4.931376e+26	3.257811e+26	3.096228e+26	1.615827e+25	6.271065e+25	1.046458e+26	3.582624e+25	2.366786e+25	2.249397e+25	1.173891e+24	4.555902e+24	7.602475e+24	0.2122041	3.582624e+26	2.366786e+26	2.249397e+26	1.173891e+25	0	3.137834e+17	1.215838e+26	0	0	0	0	0	0	0	0	0	0	0	0	0	0	4.615262e+26	0	4.615262e+26	2.086351e+26	0	2.086351e+26	1.116936e+26	0	1.116936e+26	4.172703e+26	0	4.172703e+26	1.243381e+26	0	1.243381e+26	3.983034e+26	0	3.983034e+26	3.549492e+23	9.33404e-10	0.001209104	4.446093e+12	5.601064e+07	560749.3	1.82475e-07	7.117774e-14	4.291252e-21	0.3164629	0.5	0.005723793	0.9996483	71.99898	8.953438	10569.8	1.117189e+26	1.827432e+28	5.151575e+27	6.741065e+25	3.118866e+27	1.203261e+27	5.325573e+26	2.294797e+26	0.2188657	0	0.02024036	0.03560219	0.03560219	0.001424136	0.02670164	0	0	0	0	1.280678e-20	0	1.280678e-20	0	-328.877	0	-328.877	0	30149.85	77194.93	2406.654	8447.673	0.006389749	1	5.113087	0.4520679	1	2	0.02665872	0.0638801	
16996	909.0505	3.45e+19	0	0	100000	2	1e-05	4.939513e+26	3.261963e+26	3.100245e+26	1.617182e+25	6.307713e+25	1.046779e+26	3.588535e+25	2.369802e+25	2.252315e+25	1.174875e+24	4.582527e+24	7.604804e+24	0.2119194	3.588535e+26	2.369802e+26	2.252315e+26	1.174875e+25	0	3.137834e+17	1.218733e+26	0	0	0	0	0	0	0	0	0	0	0	0	0	0	4.622878e+26	0	4.622878e+26	2.089794e+26	0	2.089794e+26	1.118779e+26	0	1.118779e+26	4.179588e+26	0	4.179588e+26	1.245433e+26	0	1.245433e+26	3.989607e+26	0	3.989607e+26	3.548085e+23	9.337867e-10	0.001210112	4.446093e+12	5.633831e+07	561248.2	1.828282e-07	7.145356e-14	4.31622e-21	0.3176892	0.5	0.005757095	0.9996901	72.11779	8.968213	10569.8	1.117189e+26	1.827432e+28	5.151575e+27	6.741065e+25	3.118866e+27	1.203261e+27	5.325573e+26	2.294797e+26	0.2188657	0	0.02023214	0.03560219	0.03560219	0.001424136	0.02670164	0	0	0	0	1.280678e-20	0	1.280678e-20	0	-328.877	0	-328.877	0	30149.85	77194.93	2410.773	8447.673	0.006389749	1	5.113279	0.4520679	1	2	0.0267222	0.06398551	
17024	909.0505	3.45e+19	0	0	100000	2	1e-05	4.947651e+26	3.266113e+26	3.104259e+26	1.618534e+25	6.344326e+25	1.047106e+26	3.594447e+25	2.372817e+25	2.255231e+25	1.175858e+24	4.609126e+24	7.607178e+24	0.2116369	3.594447e+26	2.372817e+26	2.255231e+26	1.175858e+25	0	3.137834e+17	1.22163e+26	0	0	0	0	0	0	0	0	0	0	0	0	0	0	4.630494e+26	0	4.630494e+26	2.093237e+26	0	2.093237e+26	1.120622e+26	0	1.120622e+26	4.186474e+26	0	4.186474e+26	1.247485e+26	0	1.247485e+26	3.99618e+26	0	3.99618e+26	3.546681e+23	9.341688e-10	0.001211119	4.446093e+12	5.666567e+07	561753.5	1.831797e-07	7.172859e-14	4.341164e-21	0.318912	0.5	0.005790367	0.9997269	72.2366	8.982987	10569.8	1.117189e+26	1.827432e+28	5.151575e+27	6.741065e+25	3.118866e+27	1.203261e+27	5.325573e+26	2.294797e+26	0.2188657	0	0.02022392	0.03560219	0.03560219	0.001424136	0.02670164	0	0	0	0	1.280678e-20	0	1.280678e-20	0	-328.877	0	-328.877	0	30149.85	77194.93	2414.892	8447.673	0.006389748	1	5.113471	0.4520679	1	2	0.02678573	0.06409092	
17052	909.0505	3.45e+19	0	0	100000	2	1e-05	4.955789e+26	3.270259e+26	3.108271e+26	1.619886e+25	6.380904e+25	1.047439e+26	3.600359e+25	2.37583e+25	2.258146e+25	1.17684e+24	4.635699e+24	7.609598e+24	0.2113566	3.600359e+26	2.37583e+26	2.258146e+26	1.17684e+25	0	3.137834e+17	1.22453e+26	0	0	0	0	0	0	0	0	0	0	0	0	0	0	4.63811e+26	0	4.63811e+26	2.09668e+26	0	2.09668e+26	1.122465e+26	0	1.122465e+26	4.19336e+26	0	4.19336e+26	1.249536e+26	0	1.249536e+26	4.002752e+26	0	4.002752e+26	3.54528e+23	9.345502e-10	0.001212124	4.446093e+12	5.699271e+07	562265.1	1.835296e-07	7.200284e-14	4.366085e-21	0.3201313	0.5	0.005823606	0.9997593	72.35541	8.997762	10569.8	1.117189e+26	1.827432e+28	5.151575e+27	6.741065e+25	3.118866e+27	1.203261e+27	5.325573e+26	2.294797e+26	0.2188657	0	0.02021571	0.03560219	0.03560219	0.001424136	0.02670164	0	0	0	0	1.280678e-20	0	1.280678e-20	0	-328.877	0	-328.877	0	30149.85	77194.93	2419.012	8447.673	0.006389749	1	5.113663	0.4520679	1	2	0.0268493	0.06419634	
17080	909.0505	3.45e+19	0	0	100000	2	1e-05	4.963926e+26	3.274404e+26	3.11228e+26	1.621235e+25	6.417445e+25	1.047778e+26	3.606271e+25	2.37884e+25	2.261058e+25	1.177821e+24	4.662246e+24	7.612064e+24	0.2110785	3.606271e+26	2.37884e+26	2.261058e+26	1.177821e+25	0	3.137834e+17	1.227431e+26	0	0	0	0	0	0	0	0	0	0	0	0	0	0	4.645726e+26	0	4.645726e+26	2.100123e+26	0	2.100123e+26	1.124308e+26	0	1.124308e+26	4.200245e+26	0	4.200245e+26	1.251588e+26	0	1.251588e+26	4.009325e+26	0	4.009325e+26	3.543882e+23	9.349311e-10	0.001213128	4.446093e+12	5.731942e+07	562783.1	1.838778e-07	7.227629e-14	4.39098e-21	0.3213471	0.5	0.005856812	0.9997879	72.47422	9.012537	10569.8	1.117189e+26	1.827432e+28	5.151575e+27	6.741065e+25	3.118866e+27	1.203261e+27	5.325573e+26	2.294797e+26	0.2188657	0	0.0202075	0.03560219	0.03560219	0.001424136	0.02670164	0	0	0	0	1.280678e-20	0	1.280678e-20	0	-328.877	0	-328.877	0	30149.85	77194.93	2423.132	8447.673	0.006389748	1	5.113855	0.4520679	1	2	0.02691292	0.06430175	
17108	909.0505	3.45e+19	0	0	100000	2	1e-05	4.972064e+26	3.278545e+26	3.116286e+26	1.622583e+25	6.453948e+25	1.048124e+26	3.612183e+25	2.381849e+25	2.263969e+25	1.1788e+24	4.688765e+24	7.614578e+24	0.2108027	3.612183e+26	2.381849e+26	2.263969e+26	1.1788e+25	0	3.137834e+17	1.230334e+26	0	0	0	0	0	0	0	0	0	0	0	0	0	0	4.653342e+26	0	4.653342e+26	2.103565e+26	0	2.103565e+26	1.126151e+26	0	1.126151e+26	4.207131e+26	0	4.207131e+26	1.25364e+26	0	1.25364e+26	4.015898e+26	0	4.015898e+26	3.542487e+23	9.353114e-10	0.001214131	4.446093e+12	5.76458e+07	563307.6	1.842243e-07	7.254894e-14	4.41585e-21	0.3225593	0.5	0.005889985	0.9998131	72.59303	9.027311	10569.8	1.117189e+26	1.827432e+28	5.151575e+27	6.741065e+25	3.118866e+27	1.203261e+27	5.325573e+26	2.294797e+26	0.2188657	0	0.02019929	0.03560219	0.03560219	0.001424136	0.02670164	0	0	0	0	1.280678e-20	0	1.280678e-20	0	-328.877	0	-328.877	0	30149.85	77194.93	2427.252	8447.673	0.006389749	1	5.114046	0.4520679	1	2	0.02697658	0.06440716	
17136	909.0505	3.45e+19	0	0	100000	2	1e-05	4.980201e+26	3.282683e+26	3.12029e+26	1.62393e+25	6.490411e+25	1.048477e+26	3.618095e+25	2.384855e+25	2.266878e+25	1.179778e+24	4.715256e+24	7.61714e+24	0.210529	3.618095e+26	2.384855e+26	2.266878e+26	1.179778e+25	0	3.137834e+17	1.23324e+26	0	0	0	0	0	0	0	0	0	0	0	0	0	0	4.660958e+26	0	4.660958e+26	2.107008e+26	0	2.107008e+26	1.127994e+26	0	1.127994e+26	4.214017e+26	0	4.214017e+26	1.255692e+26	0	1.255692e+26	4.02247e+26	0	4.02247e+26	3.541095e+23	9.356911e-10	0.001215132	4.446093e+12	5.797183e+07	563838.6	1.845691e-07	7.282079e-14	4.440694e-21	0.323768	0.5	0.005923122	0.9998353	72.71184	9.042086	10569.8	1.117189e+26	1.827432e+28	5.151575e+27	6.741065e+25	3.118866e+27	1.203261e+27	5.325573e+26	2.294797e+26	0.2188657	0	0.02019109	0.03560219	0.03560219	0.001424136	0.02670164	0	0	0	0	1.280678e-20	0	1.280678e-20	0	-328.877	0	-328.877	0	30149.85	77194.93	2431.373	8447.673	0.006389749	1	5.114237	0.4520679	1	2	0.02704028	0.06451258	
17164	909.0505	3.45e+19	0	0	100000	2	1e-05	4.988339e+26	3.286819e+26	3.124292e+26	1.625274e+25	6.526835e+25	1.048836e+26	3.624007e+25	2.38786e+25	2.269785e+25	1.180755e+24	4.741718e+24	7.61975e+24	0.2102576	3.624007e+26	2.38786e+26	2.269785e+26	1.180755e+25	0	3.137834e+17	1.236147e+26	0	0	0	0	0	0	0	0	0	0	0	0	0	0	4.668574e+26	0	4.668574e+26	2.110451e+26	0	2.110451e+26	1.129837e+26	0	1.129837e+26	4.220902e+26	0	4.220902e+26	1.257744e+26	0	1.257744e+26	4.029043e+26	0	4.029043e+26	3.539706e+23	9.360701e-10	0.001216133	4.446093e+12	5.829751e+07	564376.1	1.849123e-07	7.309185e-14	4.465511e-21	0.3249732	0.5	0.005956223	0.9998549	72.83065	9.056861	10569.8	1.117189e+26	1.827432e+28	5.151575e+27	6.741065e+25	3.118866e+27	1.203261e+27	5.325573e+26	2.294797e+26	0.2188657	0	0.02018288	0.03560219	0.03560219	0.001424136	0.02670164	0	0	0	0	1.280678e-20	0	1.280678e-20	0	-328.877	0	-328.877	0	30149.85	77194.93	2435.494	8447.673	0.006389748	1	5.114429	0.4520679	1	2	0.02710402	0.06461799	
17192	909.0505	3.45e+19	0	0	100000	2	1e-05	4.996477e+26	3.290952e+26	3.128291e+26	1.626617e+25	6.563218e+25	1.049202e+26	3.629919e+25	2.390863e+25	2.27269e+25	1.18173e+24	4.76815e+24	7.62241e+24	0.2099884	3.629919e+26	2.390863e+26	2.27269e+26	1.18173e+25	0	3.137834e+17	1.239056e+26	0	0	0	0	0	0	0	0	0	0	0	0	0	0	4.67619e+26	0	4.67619e+26	2.113894e+26	0	2.113894e+26	1.131681e+26	0	1.131681e+26	4.227788e+26	0	4.227788e+26	1.259795e+26	0	1.259795e+26	4.035616e+26	0	4.035616e+26	3.53832e+23	9.364486e-10	0.001217132	4.446093e+12	5.862282e+07	564920.3	1.852538e-07	7.33621e-14	4.4903e-21	0.3261747	0.5	0.005989288	0.9998721	72.94946	9.071635	10569.8	1.117189e+26	1.827432e+28	5.151575e+27	6.741065e+25	3.118866e+27	1.203261e+27	5.325573e+26	2.294797e+26	0.2188657	0	0.02017468	0.03560219	0.03560219	0.001424136	0.02670164	0	0	0	0	1.280678e-20	0	1.280678e-20	0	-328.877	0	-328.877	0	30149.85	77194.93	2439.615	8447.673	0.006389748	1	5.11462	0.4520679	1	2	0.02716781	0.0647234	
17220	909.0505	3.45e+19	0	0	100000	2	1e-05	5.004614e+26	3.295083e+26	3.132287e+26	1.627958e+25	6.599559e+25	1.049575e+26	3.635831e+25	2.393864e+25	2.275593e+25	1.182705e+24	4.794551e+24	7.625121e+24	0.2097216	3.635831e+26	2.393864e+26	2.275593e+26	1.182705e+25	0	3.137834e+17	1.241967e+26	0	0	0	0	0	0	0	0	0	0	0	0	0	0	4.683806e+26	0	4.683806e+26	2.117337e+26	0	2.117337e+26	1.133524e+26	0	1.133524e+26	4.234674e+26	0	4.234674e+26	1.261847e+26	0	1.261847e+26	4.042188e+26	0	4.042188e+26	3.536936e+23	9.368266e-10	0.001218129	4.446093e+12	5.894775e+07	565471.1	1.855937e-07	7.363154e-14	4.515061e-21	0.3273727	0.5	0.006022314	0.9998873	73.06827	9.08641	10569.8	1.117189e+26	1.827432e+28	5.151575e+27	6.741065e+25	3.118866e+27	1.203261e+27	5.325573e+26	2.294797e+26	0.2188657	0	0.02016649	0.03560219	0.03560219	0.001424136	0.02670164	0	0	0	0	1.280678e-20	0	1.280678e-20	0	-328.877	0	-328.877	0	30149.85	77194.93	2443.737	8447.673	0.006389748	1	5.11481	0.4520679	1	2	0.02723164	0.06482881	
17248	909.0505	3.45e+19	0	0	100000	2	1e-05	5.012752e+26	3.299211e+26	3.136281e+26	1.629298e+25	6.635857e+25	1.049956e+26	3.641743e+25	2.396862e+25	2.278495e+25	1.183678e+24	4.820921e+24	7.627882e+24	0.2094569	3.641743e+26	2.396862e+26	2.278495e+26	1.183678e+25	0	3.137834e+17	1.24488e+26	0	0	0	0	0	0	0	0	0	0	0	0	0	0	4.691422e+26	0	4.691422e+26	2.12078e+26	0	2.12078e+26	1.135367e+26	0	1.135367e+26	4.241559e+26	0	4.241559e+26	1.263899e+26	0	1.263899e+26	4.048761e+26	0	4.048761e+26	3.535556e+23	9.372039e-10	0.001219126	4.446093e+12	5.92723e+07	566028.6	1.85932e-07	7.390018e-14	4.539793e-21	0.3285671	0.5	0.006055302	0.9999007	73.18708	9.101185	10569.8	1.117189e+26	1.827432e+28	5.151575e+27	6.741065e+25	3.118866e+27	1.203261e+27	5.325573e+26	2.294797e+26	0.2188657	0	0.02015829	0.03560219	0.03560219	0.001424136	0.02670164	0	0	0	0	1.280678e-20	0	1.280678e-20	0	-328.877	0	-328.877	0	30149.85	77194.93	2447.859	8447.673	0.006389748	1	5.115001	0.4520679	1	2	0.02729551	0.06493423	
17276	909.0505	3.45e+19	0	0	100000	2	1e-05	5.020889e+26	3.303336e+26	3.140272e+26	1.630636e+25	6.67211e+25	1.050343e+26	3.647655e+25	2.399859e+25	2.281394e+25	1.18465e+24	4.84726e+24	7.630695e+24	0.2091946	3.647655e+26	2.399859e+26	2.281394e+26	1.18465e+25	0	3.137834e+17	1.247795e+26	0	0	0	0	0	0	0	0	0	0	0	0	0	0	4.699037e+26	0	4.699037e+26	2.124222e+26	0	2.124222e+26	1.13721e+26	0	1.13721e+26	4.248445e+26	0	4.248445e+26	1.265951e+26	0	1.265951e+26	4.055334e+26	0	4.055334e+26	3.534179e+23	9.375806e-10	0.001220121	4.446093e+12	5.959646e+07	566592.8	1.862686e-07	7.416801e-14	4.564495e-21	0.3297579	0.5	0.006088251	0.9999125	73.30589	9.115959	10569.8	1.117189e+26	1.827432e+28	5.151575e+27	6.741065e+25	3.118866e+27	1.203261e+27	5.325573e+26	2.294797e+26	0.2188657	0	0.0201501	0.03560219	0.03560219	0.001424136	0.02670164	0	0	0	0	1.280678e-20	0	1.280678e-20	0	-328.877	0	-328.877	0	30149.85	77194.93	2451.981	8447.673	0.006389748	1	5.115191	0.4520679	1	2	0.02735943	0.06503964	
17304	909.0505	3.45e+19	0	0	100000	2	1e-05	5.029027e+26	3.307458e+26	3.144261e+26	1.631972e+25	6.708319e+25	1.050737e+26	3.653567e+25	2.402854e+25	2.284292e+25	1.185621e+24	4.873565e+24	7.63356e+24	0.2089345	3.653567e+26	2.402854e+26	2.284292e+26	1.185621e+25	0	3.137834e+17	1.250713e+26	0	0	0	0	0	0	0	0	0	0	0	0	0	0	4.706653e+26	0	4.706653e+26	2.127665e+26	0	2.127665e+26	1.139053e+26	0	1.139053e+26	4.25533e+26	0	4.25533e+26	1.268003e+26	0	1.268003e+26	4.061906e+26	0	4.061906e+26	3.532805e+23	9.379568e-10	0.001221115	4.446093e+12	5.992022e+07	567163.7	1.866036e-07	7.443503e-14	4.589166e-21	0.3309451	0.5	0.006121159	0.9999229	73.4247	9.130734	10569.8	1.117189e+26	1.827432e+28	5.151575e+27	6.741065e+25	3.118866e+27	1.203261e+27	5.325573e+26	2.294797e+26	0.2188657	0	0.02014191	0.03560219	0.03560219	0.001424136	0.02670164	0	0	0	0	1.280678e-20	0	1.280678e-20	0	-328.877	0	-328.877	0	30149.85	77194.93	2456.104	8447.673	0.006389749	1	5.115381	0.4520679	1	2	0.02742339	0.06514505	
17332	909.0505	3.45e+19	0	0	100000	2	1e-05	5.037164e+26	3.311577e+26	3.148247e+26	1.633307e+25	6.744482e+25	1.051139e+26	3.659478e+25	2.405847e+25	2.287188e+25	1.186591e+24	4.899837e+24	7.636479e+24	0.2086767	3.659478e+26	2.405847e+26	2.287188e+26	1.186591e+25	0	3.137834e+17	1.253632e+26	0	0	0	0	0	0	0	0	0	0	0	0	0	0	4.714269e+26	0	4.714269e+26	2.131108e+26	0	2.131108e+26	1.140896e+26	0	1.140896e+26	4.262216e+26	0	4.262216e+26	1.270054e+26	0	1.270054e+26	4.068479e+26	0	4.068479e+26	3.531434e+23	9.383323e-10	0.001222108	4.446093e+12	6.024358e+07	567741.5	1.86937e-07	7.470124e-14	4.613807e-21	0.3321287	0.5	0.006154025	0.999932	73.54351	9.145509	10569.8	1.117189e+26	1.827432e+28	5.151575e+27	6.741065e+25	3.118866e+27	1.203261e+27	5.325573e+26	2.294797e+26	0.2188657	0	0.02013373	0.03560219	0.03560219	0.001424136	0.02670164	0	0	0	0	1.280678e-20	0	1.280678e-20	0	-328.877	0	-328.877	0	30149.85	77194.93	2460.227	8447.673	0.006389748	1	5.115571	0.4520679	1	2	0.0274874	0.06525046	
17360	909.0505	3.45e+19	0	0	100000	2	1e-05	5.045302e+26	3.315694e+26	3.15223e+26	1.63464e+25	6.780598e+25	1.051548e+26	3.66539e+25	2.408838e+25	2.290082e+25	1.187559e+24	4.926075e+24	7.63945e+24	0.2084212	3.66539e+26	2.408838e+26	2.290082e+26	1.187559e+25	0	3.137834e+17	1.256553e+26	0	0	0	0	0	0	0	0	0	0	0	0	0	0	4.721885e+26	0	4.721885e+26	2.134551e+26	0	2.134551e+26	1.142739e+26	0	1.142739e+26	4.269102e+26	0	4.269102e+26	1.272106e+26	0	1.272106e+26	4.075052e+26	0	4.075052e+26	3.530065e+23	9.387073e-10	0.0012231	4.446093e+12	6.056651e+07	568326.1	1.872687e-07	7.496663e-14	4.638417e-21	0.3333086	0.5	0.00618685	0.9999401	73.66232	9.160283	10569.8	1.117189e+26	1.827432e+28	5.151575e+27	6.741065e+25	3.118866e+27	1.203261e+27	5.325573e+26	2.294797e+26	0.2188657	0	0.02012554	0.03560219	0.03560219	0.001424136	0.02670164	0	0	0	0	1.280678e-20	0	1.280678e-20	0	-328.877	0	-328.877	0	30149.85	77194.93	2464.35	8447.673	0.006389748	1	5.115761	0.4520679	1	2	0.02755144	0.06535588	
17388	909.0505	3.45e+19	0	0	100000	2	1e-05	5.05344e+26	3.319809e+26	3.156211e+26	1.635972e+25	6.816666e+25	1.051964e+26	3.671302e+25	2.411827e+25	2.292974e+25	1.188526e+24	4.952279e+24	7.642477e+24	0.208168	3.671302e+26	2.411827e+26	2.292974e+26	1.188526e+25	0	3.137834e+17	1.259476e+26	0	0	0	0	0	0	0	0	0	0	0	0	0	0	4.729501e+26	0	4.729501e+26	2.137994e+26	0	2.137994e+26	1.144582e+26	0	1.144582e+26	4.275987e+26	0	4.275987e+26	1.274158e+26	0	1.274158e+26	4.081624e+26	0	4.081624e+26	3.5287e+23	9.390817e-10	0.00122409	4.446093e+12	6.088902e+07	568917.7	1.875989e-07	7.523121e-14	4.662994e-21	0.334485	0.5	0.006219631	0.9999472	73.78113	9.175058	10569.8	1.117189e+26	1.827432e+28	5.151575e+27	6.741065e+25	3.118866e+27	1.203261e+27	5.325573e+26	2.294797e+26	0.2188657	0	0.02011736	0.03560219	0.03560219	0.001424136	0.02670164	0	0	0	0	1.280678e-20	0	1.280678e-20	0	-328.877	0	-328.877	0	30149.85	77194.93	2468.473	8447.673	0.006389748	1	5.11595	0.4520679	1	2	0.02761553	0.06546129	
17416	909.0505	3.45e+19	0	0	100000	2	1e-05	5.061577e+26	3.32392e+26	3.16019e+26	1.637302e+25	6.852686e+25	1.052388e+26	3.677214e+25	2.414814e+25	2.295865e+25	1.189493e+24	4.978447e+24	7.645557e+24	0.2079171	3.677214e+26	2.414814e+26	2.295865e+26	1.189493e+25	0	3.137834e+17	1.2624e+26	0	0	0	0	0	0	0	0	0	0	0	0	0	0	4.737117e+26	0	4.737117e+26	2.141437e+26	0	2.141437e+26	1.146426e+26	0	1.146426e+26	4.282873e+26	0	4.282873e+26	1.27621e+26	0	1.27621e+26	4.088197e+26	0	4.088197e+26	3.527337e+23	9.394556e-10	0.00122508	4.446093e+12	6.12111e+07	569516.2	1.879275e-07	7.549497e-14	4.687538e-21	0.3356577	0.5	0.006252369	0.9999535	73.89994	9.189833	10569.8	1.117189e+26	1.827432e+28	5.151575e+27	6.741065e+25	3.118866e+27	1.203261e+27	5.325573e+26	2.294797e+26	0.2188657	0	0.02010919	0.03560219	0.03560219	0.001424136	0.02670164	0	0	0	0	1.280678e-20	0	1.280678e-20	0	-328.877	0	-328.877	0	30149.85	77194.93	2472.597	8447.673	0.006389749	1	5.116139	0.4520679	1	2	0.02767966	0.0655667	
17444	909.0505	3.45e+19	0	0	100000	2	1e-05	5.069715e+26	3.328029e+26	3.164166e+26	1.63863e+25	6.888656e+25	1.05282e+26	3.683126e+25	2.417799e+25	2.298753e+25	1.190458e+24	5.00458e+24	7.648694e+24	0.2076685	3.683126e+26	2.417799e+26	2.298753e+26	1.190458e+25	0	3.137834e+17	1.265327e+26	0	0	0	0	0	0	0	0	0	0	0	0	0	0	4.744733e+26	0	4.744733e+26	2.144879e+26	0	2.144879e+26	1.148269e+26	0	1.148269e+26	4.289759e+26	0	4.289759e+26	1.278261e+26	0	1.278261e+26	4.09477e+26	0	4.09477e+26	3.525978e+23	9.398288e-10	0.001226068	4.446093e+12	6.153274e+07	570121.6	1.882545e-07	7.575792e-14	4.712049e-21	0.3368268	0.5	0.006285063	0.999959	74.01875	9.204607	10569.8	1.117189e+26	1.827432e+28	5.151575e+27	6.741065e+25	3.118866e+27	1.203261e+27	5.325573e+26	2.294797e+26	0.2188657	0	0.02010101	0.03560219	0.03560219	0.001424136	0.02670164	0	0	0	0	1.280678e-20	0	1.280678e-20	0	-328.877	0	-328.877	0	30149.85	77194.93	2476.722	8447.673	0.006389749	1	5.116329	0.4520679	1	2	0.02774384	0.06567211	
17472	909.0505	3.45e+19	0	0	100000	2	1e-05	5.077852e+26	3.332135e+26	3.168139e+26	1.639956e+25	6.924577e+25	1.05326e+26	3.689038e+25	2.420782e+25	2.30164e+25	1.191421e+24	5.030675e+24	7.651886e+24	0.2074223	3.689038e+26	2.420782e+26	2.30164e+26	1.191421e+25	0	3.137834e+17	1.268256e+26	0	0	0	0	0	0	0	0	0	0	0	0	0	0	4.752349e+26	0	4.752349e+26	2.148322e+26	0	2.148322e+26	1.150112e+26	0	1.150112e+26	4.296644e+26	0	4.296644e+26	1.280313e+26	0	1.280313e+26	4.101342e+26	0	4.101342e+26	3.524621e+23	9.402015e-10	0.001227054	4.446093e+12	6.185393e+07	570734.1	1.885799e-07	7.602005e-14	4.736526e-21	0.3379922	0.5	0.006317711	0.9999639	74.13756	9.219382	10569.8	1.117189e+26	1.827432e+28	5.151575e+27	6.741065e+25	3.118866e+27	1.203261e+27	5.325573e+26	2.294797e+26	0.2188657	0	0.02009284	0.03560219	0.03560219	0.001424136	0.02670164	0	0	0	0	1.280678e-20	0	1.280678e-20	0	-328.877	0	-328.877	0	30149.85	77194.93	2480.846	8447.673	0.006389748	1	5.116517	0.4520679	1	2	0.02780806	0.06577753	
17500	909.0505	3.45e+19	0	0	100000	2	1e-05	5.08599e+26	3.336239e+26	3.17211e+26	1.641281e+25	6.960446e+25	1.053707e+26	3.69495e+25	2.423763e+25	2.304525e+25	1.192384e+24	5.056734e+24	7.655135e+24	0.2071783	3.69495e+26	2.423763e+26	2.304525e+26	1.192384e+25	0	3.137834e+17	1.271187e+26	0	0	0	0	0	0	0	0	0	0	0	0	0	0	4.759965e+26	0	4.759965e+26	2.151765e+26	0	2.151765e+26	1.151955e+26	0	1.151955e+26	4.30353e+26	0	4.30353e+26	1.282365e+26	0	1.282365e+26	4.107915e+26	0	4.107915e+26	3.523267e+23	9.405736e-10	0.00122804	4.446093e+12	6.217466e+07	571353.7	1.889037e-07	7.628135e-14	4.760969e-21	0.339154	0.5	0.006350313	0.9999682	74.25637	9.234157	10569.8	1.117189e+26	1.827432e+28	5.151575e+27	6.741065e+25	3.118866e+27	1.203261e+27	5.325573e+26	2.294797e+26	0.2188657	0	0.02008467	0.03560219	0.03560219	0.001424136	0.02670164	0	0	0	0	1.280678e-20	0	1.280678e-20	0	-328.877	0	-328.877	0	30149.85	77194.93	2484.971	8447.673	0.006389748	1	5.116706	0.4520679	1	2	0.02787232	0.06588294	
17528	909.0505	3.45e+19	0	0	100000	2	1e-05	5.094128e+26	3.340339e+26	3.176079e+26	1.642605e+25	6.996263e+25	1.054162e+26	3.700862e+25	2.426742e+25	2.307408e+25	1.193345e+24	5.082755e+24	7.658441e+24	0.2069367	3.700862e+26	2.426742e+26	2.307408e+26	1.193345e+25	0	3.137834e+17	1.27412e+26	0	0	0	0	0	0	0	0	0	0	0	0	0	0	4.767581e+26	0	4.767581e+26	2.155208e+26	0	2.155208e+26	1.153798e+26	0	1.153798e+26	4.310416e+26	0	4.310416e+26	1.284417e+26	0	1.284417e+26	4.114488e+26	0	4.114488e+26	3.521916e+23	9.409452e-10	0.001229024	4.446093e+12	6.249493e+07	571980.4	1.89226e-07	7.654184e-14	4.785376e-21	0.3403122	0.5	0.006382869	0.999972	74.37518	9.248931	10569.8	1.117189e+26	1.827432e+28	5.151575e+27	6.741065e+25	3.118866e+27	1.203261e+27	5.325573e+26	2.294797e+26	0.2188657	0	0.02007651	0.03560219	0.03560219	0.001424136	0.02670164	0	0	0	0	1.280678e-20	0	1.280678e-20	0	-328.877	0	-328.877	0	30149.85	77194.93	2489.096	8447.673	0.006389748	1	5.116895	0.4520679	1	2	0.02793662	0.06598835	
17556	909.0505	3.45e+19	0	0	100000	2	1e-05	5.102265e+26	3.344438e+26	3.180045e+26	1.643926e+25	7.032027e+25	1.054625e+26	3.706774e+25	2.42972e+25	2.310289e+25	1.194306e+24	5.108737e+24	7.661805e+24	0.2066974	3.706774e+26	2.42972e+26	2.310289e+26	1.194306e+25	0	3.137834e+17	1.277054e+26	0	0	0	0	0	0	0	0	0	0	0	0	0	0	4.775197e+26	0	4.775197e+26	2.158651e+26	0	2.158651e+26	1.155641e+26	0	1.155641e+26	4.317301e+26	0	4.317301e+26	1.286469e+26	0	1.286469e+26	4.12106e+26	0	4.12106e+26	3.520568e+23	9.413161e-10	0.001230008	4.446093e+12	6.281473e+07	572614.2	1.895467e-07	7.68015e-14	4.809748e-21	0.3414667	0.5	0.006415377	0.9999753	74.49399	9.263706	10569.8	1.117189e+26	1.827432e+28	5.151575e+27	6.741065e+25	3.118866e+27	1.203261e+27	5.325573e+26	2.294797e+26	0.2188657	0	0.02006835	0.03560219	0.03560219	0.001424136	0.02670164	0	0	0	0	1.280678e-20	0	1.280678e-20	0	-328.877	0	-328.877	0	30149.85	77194.93	2493.222	8447.673	0.006389748	1	5.117083	0.4520679	1	2	0.02800097	0.06609377	
17584	909.0505	3.45e+19	0	0	100000	2	1e-05	5.110403e+26	3.348533e+26	3.184008e+26	1.645247e+25	7.067738e+25	1.055096e+26	3.712686e+25	2.432695e+25	2.313168e+25	1.195265e+24	5.134681e+24	7.665228e+24	0.2064604	3.712686e+26	2.432695e+26	2.313168e+26	1.195265e+25	0	3.137834e+17	1.279991e+26	0	0	0	0	0	0	0	0	0	0	0	0	0	0	4.782813e+26	0	4.782813e+26	2.162093e+26	0	2.162093e+26	1.157484e+26	0	1.157484e+26	4.324187e+26	0	4.324187e+26	1.28852e+26	0	1.28852e+26	4.127633e+26	0	4.127633e+26	3.519222e+23	9.416865e-10	0.00123099	4.446093e+12	6.313406e+07	573255.2	1.898658e-07	7.706035e-14	4.834084e-21	0.3426175	0.5	0.006447837	0.9999782	74.6128	9.27848	10569.8	1.117189e+26	1.827432e+28	5.151575e+27	6.741065e+25	3.118866e+27	1.203261e+27	5.325573e+26	2.294797e+26	0.2188657	0	0.02006019	0.03560219	0.03560219	0.001424136	0.02670164	0	0	0	0	1.280678e-20	0	1.280678e-20	0	-328.877	0	-328.877	0	30149.85	77194.93	2497.348	8447.673	0.006389749	1	5.117271	0.4520678	1	2	0.02806536	0.06619918	
17612	909.0505	3.45e+19	0	0	100000	2	1e-05	5.11854e+26	3.352626e+26	3.187969e+26	1.646565e+25	7.103394e+25	1.055575e+26	3.718598e+25	2.435668e+25	2.316046e+25	1.196223e+24	5.160586e+24	7.668709e+24	0.2062258	3.718598e+26	2.435668e+26	2.316046e+26	1.196223e+25	0	3.137834e+17	1.282929e+26	0	0	0	0	0	0	0	0	0	0	0	0	0	0	4.790429e+26	0	4.790429e+26	2.165536e+26	0	2.165536e+26	1.159328e+26	0	1.159328e+26	4.331073e+26	0	4.331073e+26	1.290572e+26	0	1.290572e+26	4.134206e+26	0	4.134206e+26	3.51788e+23	9.420564e-10	0.00123197	4.446093e+12	6.34529e+07	573903.4	1.901834e-07	7.731837e-14	4.858383e-21	0.3437647	0.5	0.006480248	0.9999808	74.73161	9.293255	10569.8	1.117189e+26	1.827432e+28	5.151575e+27	6.741065e+25	3.118866e+27	1.203261e+27	5.325573e+26	2.294797e+26	0.2188657	0	0.02005203	0.03560219	0.03560219	0.001424136	0.02670164	0	0	0	0	1.280678e-20	0	1.280678e-20	0	-328.877	0	-328.877	0	30149.85	77194.93	2501.474	8447.673	0.006389748	1	5.117459	0.4520679	1	2	0.02812979	0.06630459	
17640	909.0505	3.45e+19	0	0	100000	2	1e-05	5.126678e+26	3.356716e+26	3.191928e+26	1.647882e+25	7.138996e+25	1.056063e+26	3.72451e+25	2.43864e+25	2.318922e+25	1.197179e+24	5.18645e+24	7.672249e+24	0.2059935	3.72451e+26	2.43864e+26	2.318922e+26	1.197179e+25	0	3.137834e+17	1.28587e+26	0	0	0	0	0	0	0	0	0	0	0	0	0	0	4.798045e+26	0	4.798045e+26	2.168979e+26	0	2.168979e+26	1.161171e+26	0	1.161171e+26	4.337958e+26	0	4.337958e+26	1.292624e+26	0	1.292624e+26	4.140778e+26	0	4.140778e+26	3.51654e+23	9.424256e-10	0.00123295	4.446093e+12	6.377125e+07	574558.9	1.904995e-07	7.757556e-14	4.882645e-21	0.3449082	0.5	0.006512608	0.9999831	74.85042	9.30803	10569.8	1.117189e+26	1.827432e+28	5.151575e+27	6.741065e+25	3.118866e+27	1.203261e+27	5.325573e+26	2.294797e+26	0.2188657	0	0.02004387	0.03560219	0.03560219	0.001424136	0.02670164	0	0	0	0	1.280678e-20	0	1.280678e-20	0	-328.877	0	-328.877	0	30149.85	77194.93	2505.6	8447.673	0.006389748	1	5.117647	0.4520679	1	2	0.02819426	0.06641	
17668	909.0505	3.45e+19	0	0	100000	2	1e-05	5.134816e+26	3.360803e+26	3.195884e+26	1.649198e+25	7.174542e+25	1.056558e+26	3.730422e+25	2.441609e+25	2.321796e+25	1.198135e+24	5.212274e+24	7.675849e+24	0.2057636	3.730422e+26	2.441609e+26	2.321796e+26	1.198135e+25	0	3.137834e+17	1.288812e+26	0	0	0	0	0	0	0	0	0	0	0	0	0	0	4.805661e+26	0	4.805661e+26	2.172422e+26	0	2.172422e+26	1.163014e+26	0	1.163014e+26	4.344844e+26	0	4.344844e+26	1.294676e+26	0	1.294676e+26	4.147351e+26	0	4.147351e+26	3.515203e+23	9.427943e-10	0.001233928	4.446093e+12	6.408911e+07	575221.7	1.90814e-07	7.783192e-14	4.906868e-21	0.346048	0.5	0.006544917	0.9999851	74.96923	9.322804	10569.8	1.117189e+26	1.827432e+28	5.151575e+27	6.741065e+25	3.118866e+27	1.203261e+27	5.325573e+26	2.294797e+26	0.2188657	0	0.02003572	0.03560219	0.03560219	0.001424136	0.02670164	0	0	0	0	1.280678e-20	0	1.280678e-20	0	-328.877	0	-328.877	0	30149.85	77194.93	2509.727	8447.673	0.006389748	1	5.117834	0.4520678	1	2	0.02825878	0.06651542	
17696	909.0505	3.45e+19	0	0	100000	2	1e-05	5.142953e+26	3.364888e+26	3.199837e+26	1.650511e+25	7.210031e+25	1.057062e+26	3.736333e+25	2.444577e+25	2.324668e+25	1.199089e+24	5.238057e+24	7.67951e+24	0.205536	3.736333e+26	2.444577e+26	2.324668e+26	1.199089e+25	0	3.137834e+17	1.291757e+26	0	0	0	0	0	0	0	0	0	0	0	0	0	0	4.813277e+26	0	4.813277e+26	2.175865e+26	0	2.175865e+26	1.164857e+26	0	1.164857e+26	4.35173e+26	0	4.35173e+26	1.296727e+26	0	1.296727e+26	4.153924e+26	0	4.153924e+26	3.513869e+23	9.431625e-10	0.001234905	4.446093e+12	6.440646e+07	575891.9	1.911269e-07	7.808745e-14	4.931053e-21	0.3471841	0.5	0.006577176	0.9999869	75.08804	9.337579	10569.8	1.117189e+26	1.827432e+28	5.151575e+27	6.741065e+25	3.118866e+27	1.203261e+27	5.325573e+26	2.294797e+26	0.2188657	0	0.02002758	0.03560219	0.03560219	0.001424136	0.02670164	0	0	0	0	1.280678e-20	0	1.280678e-20	0	-328.877	0	-328.877	0	30149.85	77194.93	2513.854	8447.673	0.006389748	1	5.118022	0.4520678	1	2	0.02832333	0.06662083	
17724	909.0505	3.45e+19	0	0	100000	2	1e-05	5.151091e+26	3.36897e+26	3.203788e+26	1.651824e+25	7.245463e+25	1.057574e+26	3.742245e+25	2.447542e+25	2.327538e+25	1.200043e+24	5.263798e+24	7.683231e+24	0.2053107	3.742245e+26	2.447542e+26	2.327538e+26	1.200043e+25	0	3.137834e+17	1.294703e+26	0	0	0	0	0	0	0	0	0	0	0	0	0	0	4.820893e+26	0	4.820893e+26	2.179308e+26	0	2.179308e+26	1.1667e+26	0	1.1667e+26	4.358615e+26	0	4.358615e+26	1.298779e+26	0	1.298779e+26	4.160496e+26	0	4.160496e+26	3.512538e+23	9.435301e-10	0.001235881	4.446093e+12	6.472331e+07	576569.4	1.914384e-07	7.834217e-14	4.955199e-21	0.3483166	0.5	0.006609384	0.9999884	75.20685	9.352354	10569.8	1.117189e+26	1.827432e+28	5.151575e+27	6.741065e+25	3.118866e+27	1.203261e+27	5.325573e+26	2.294797e+26	0.2188657	0	0.02001943	0.03560219	0.03560219	0.001424136	0.02670164	0	0	0	0	1.280678e-20	0	1.280678e-20	0	-328.877	0	-328.877	0	30149.85	77194.93	2517.982	8447.673	0.006389749	1	5.118209	0.4520679	1	2	0.02838794	0.06672624	
17752	909.0505	3.45e+19	0	0	100000	2	1e-05	5.159228e+26	3.37305e+26	3.207736e+26	1.653134e+25	7.280838e+25	1.058095e+26	3.748157e+25	2.450506e+25	2.330407e+25	1.200995e+24	5.289498e+24	7.687014e+24	0.2050878	3.748157e+26	2.450506e+26	2.330407e+26	1.200995e+25	0	3.137834e+17	1.297651e+26	0	0	0	0	0	0	0	0	0	0	0	0	0	0	4.828508e+26	0	4.828508e+26	2.18275e+26	0	2.18275e+26	1.168543e+26	0	1.168543e+26	4.365501e+26	0	4.365501e+26	1.300831e+26	0	1.300831e+26	4.167069e+26	0	4.167069e+26	3.511209e+23	9.438971e-10	0.001236856	4.446093e+12	6.503964e+07	577254.4	1.917484e-07	7.859606e-14	4.979307e-21	0.3494454	0.5	0.006641539	0.9999898	75.32566	9.367128	10569.8	1.117189e+26	1.827432e+28	5.151575e+27	6.741065e+25	3.118866e+27	1.203261e+27	5.325573e+26	2.294797e+26	0.2188657	0	0.02001129	0.03560219	0.03560219	0.001424136	0.02670164	0	0	0	0	1.280678e-20	0	1.280678e-20	0	-328.877	0	-328.877	0	30149.85	77194.93	2522.109	8447.673	0.006389748	1	5.118396	0.4520678	1	2	0.02845258	0.06683165	
17780	909.0505	3.45e+19	0	0	100000	2	1e-05	5.167366e+26	3.377126e+26	3.211682e+26	1.654443e+25	7.316154e+25	1.058624e+26	3.754069e+25	2.453468e+25	2.333273e+25	1.201946e+24	5.315155e+24	7.690858e+24	0.2048672	3.754069e+26	2.453468e+26	2.333273e+26	1.201946e+25	0	3.137834e+17	1.300601e+26	0	0	0	0	0	0	0	0	0	0	0	0	0	0	4.836124e+26	0	4.836124e+26	2.186193e+26	0	2.186193e+26	1.170386e+26	0	1.170386e+26	4.372386e+26	0	4.372386e+26	1.302883e+26	0	1.302883e+26	4.173642e+26	0	4.173642e+26	3.509883e+23	9.442636e-10	0.00123783	4.446093e+12	6.535545e+07	577946.9	1.920568e-07	7.884913e-14	5.003376e-21	0.3505706	0.5	0.006673642	0.999991	75.44447	9.381903	10569.8	1.117189e+26	1.827432e+28	5.151575e+27	6.741065e+25	3.118866e+27	1.203261e+27	5.325573e+26	2.294797e+26	0.2188657	0	0.02000315	0.03560219	0.03560219	0.001424136	0.02670164	0	0	0	0	1.280678e-20	0	1.280678e-20	0	-328.877	0	-328.877	0	30149.85	77194.93	2526.237	8447.673	0.006389748	1	5.118583	0.4520678	1	2	0.02851726	0.06693707	
17808	909.0505	3.45e+19	0	0	100000	2	1e-05	5.175503e+26	3.381201e+26	3.215626e+26	1.655751e+25	7.351411e+25	1.059162e+26	3.759981e+25	2.456428e+25	2.336138e+25	1.202896e+24	5.340769e+24	7.694764e+24	0.204649	3.759981e+26	2.456428e+26	2.336138e+26	1.202896e+25	0	3.137834e+17	1.303553e+26	0	0	0	0	0	0	0	0	0	0	0	0	0	0	4.84374e+26	0	4.84374e+26	2.189636e+26	0	2.189636e+26	1.172229e+26	0	1.172229e+26	4.379272e+26	0	4.379272e+26	1.304935e+26	0	1.304935e+26	4.180214e+26	0	4.180214e+26	3.50856e+23	9.446295e-10	0.001238802	4.446093e+12	6.567073e+07	578646.8	1.923638e-07	7.910138e-14	5.027404e-21	0.3516921	0.5	0.006705692	0.9999921	75.56328	9.396678	10569.8	1.117189e+26	1.827432e+28	5.151575e+27	6.741065e+25	3.118866e+27	1.203261e+27	5.325573e+26	2.294797e+26	0.2188657	0	0.01999501	0.03560219	0.03560219	0.001424136	0.02670164	0	0	0	0	1.280678e-20	0	1.280678e-20	0	-328.877	0	-328.877	0	30149.85	77194.93	2530.366	8447.673	0.006389748	1	5.118769	0.4520678	1	2	0.02858199	0.06704248	
17836	909.0505	3.45e+19	0	0	100000	2	1e-05	5.183641e+26	3.385272e+26	3.219567e+26	1.657056e+25	7.386609e+25	1.059708e+26	3.765893e+25	2.459386e+25	2.339001e+25	1.203844e+24	5.36634e+24	7.698733e+24	0.2044331	3.765893e+26	2.459386e+26	2.339001e+26	1.203844e+25	0	3.137834e+17	1.306507e+26	0	0	0	0	0	0	0	0	0	0	0	0	0	0	4.851356e+26	0	4.851356e+26	2.193079e+26	0	2.193079e+26	1.174073e+26	0	1.174073e+26	4.386158e+26	0	4.386158e+26	1.306986e+26	0	1.306986e+26	4.186787e+26	0	4.186787e+26	3.50724e+23	9.449948e-10	0.001239774	4.446093e+12	6.598548e+07	579354.3	1.926692e-07	7.93528e-14	5.051393e-21	0.3528099	0.5	0.006737689	0.999993	75.68209	9.411452	10569.8	1.117189e+26	1.827432e+28	5.151575e+27	6.741065e+25	3.118866e+27	1.203261e+27	5.325573e+26	2.294797e+26	0.2188657	0	0.01998688	0.03560219	0.03560219	0.001424136	0.02670164	0	0	0	0	1.280678e-20	0	1.280678e-20	0	-328.877	0	-328.877	0	30149.85	77194.93	2534.495	8447.673	0.006389748	1	5.118956	0.4520678	1	2	0.02864676	0.06714789	
17864	909.0505	3.45e+19	0	0	100000	2	1e-05	5.191779e+26	3.389341e+26	3.223505e+26	1.658361e+25	7.421746e+25	1.060263e+26	3.771805e+25	2.462342e+25	2.341863e+25	1.204792e+24	5.391867e+24	7.702765e+24	0.2042196	3.771805e+26	2.462342e+26	2.341863e+26	1.204792e+25	0	3.137834e+17	1.309463e+26	0	0	0	0	0	0	0	0	0	0	0	0	0	0	4.858972e+26	0	4.858972e+26	2.196522e+26	0	2.196522e+26	1.175916e+26	0	1.175916e+26	4.393043e+26	0	4.393043e+26	1.309038e+26	0	1.309038e+26	4.19336e+26	0	4.19336e+26	3.505922e+23	9.453597e-10	0.001240744	4.446093e+12	6.629969e+07	580069.4	1.929732e-07	7.96034e-14	5.07534e-21	0.3539241	0.5	0.006769631	0.9999939	75.8009	9.426227	10569.8	1.117189e+26	1.827432e+28	5.151575e+27	6.741065e+25	3.118866e+27	1.203261e+27	5.325573e+26	2.294797e+26	0.2188657	0	0.01997875	0.03560219	0.03560219	0.001424136	0.02670164	0	0	0	0	1.280678e-20	0	1.280678e-20	0	-328.877	0	-328.877	0	30149.85	77194.93	2538.624	8447.673	0.006389748	1	5.119142	0.4520678	1	2	0.02871157	0.06725331	
17892	909.0505	3.45e+19	0	0	100000	2	1e-05	5.199916e+26	3.393407e+26	3.227441e+26	1.659664e+25	7.456822e+25	1.060827e+26	3.777717e+25	2.465296e+25	2.344722e+25	1.205738e+24	5.417349e+24	7.706861e+24	0.2040084	3.777717e+26	2.465296e+26	2.344722e+26	1.205738e+25	0	3.137834e+17	1.312421e+26	0	0	0	0	0	0	0	0	0	0	0	0	0	0	4.866588e+26	0	4.866588e+26	2.199965e+26	0	2.199965e+26	1.177759e+26	0	1.177759e+26	4.399929e+26	0	4.399929e+26	1.31109e+26	0	1.31109e+26	4.199932e+26	0	4.199932e+26	3.504608e+23	9.457239e-10	0.001241713	4.446093e+12	6.661336e+07	580792.1	1.932758e-07	7.985318e-14	5.099247e-21	0.3550347	0.5	0.006801518	0.9999946	75.91971	9.441002	10569.8	1.117189e+26	1.827432e+28	5.151575e+27	6.741065e+25	3.118866e+27	1.203261e+27	5.325573e+26	2.294797e+26	0.2188657	0	0.01997062	0.03560219	0.03560219	0.001424136	0.02670164	0	0	0	0	1.280678e-20	0	1.280678e-20	0	-328.877	0	-328.877	0	30149.85	77194.93	2542.753	8447.673	0.006389749	1	5.119328	0.4520678	1	2	0.02877643	0.06735872	
17920	909.0505	3.45e+19	0	0	100000	2	1e-05	5.208054e+26	3.397471e+26	3.231374e+26	1.660965e+25	7.491837e+25	1.061399e+26	3.783629e+25	2.468248e+25	2.34758e+25	1.206684e+24	5.442787e+24	7.71102e+24	0.2037996	3.783629e+26	2.468248e+26	2.34758e+26	1.206684e+25	0	3.137834e+17	1.315381e+26	0	0	0	0	0	0	0	0	0	0	0	0	0	0	4.874204e+26	0	4.874204e+26	2.203407e+26	0	2.203407e+26	1.179602e+26	0	1.179602e+26	4.406815e+26	0	4.406815e+26	1.313142e+26	0	1.313142e+26	4.206505e+26	0	4.206505e+26	3.503296e+23	9.460876e-10	0.00124268	4.446093e+12	6.692649e+07	581522.4	1.935768e-07	8.010213e-14	5.123112e-21	0.3561416	0.5	0.00683335	0.9999952	76.03852	9.455776	10569.8	1.117189e+26	1.827432e+28	5.151575e+27	6.741065e+25	3.118866e+27	1.203261e+27	5.325573e+26	2.294797e+26	0.2188657	0	0.01996249	0.03560219	0.03560219	0.001424136	0.02670164	0	0	0	0	1.280678e-20	0	1.280678e-20	0	-328.877	0	-328.877	0	30149.85	77194.93	2546.883	8447.673	0.006389748	1	5.119514	0.4520678	1	2	0.02884132	0.06746413	
17948	909.0505	3.45e+19	0	0	100000	2	1e-05	5.216191e+26	3.401532e+26	3.235305e+26	1.662264e+25	7.52679e+25	1.06198e+26	3.789541e+25	2.471198e+25	2.350436e+25	1.207628e+24	5.468181e+24	7.715243e+24	0.2035931	3.789541e+26	2.471198e+26	2.350436e+26	1.207628e+25	0	3.137834e+17	1.318342e+26	0	0	0	0	0	0	0	0	0	0	0	0	0	0	4.88182e+26	0	4.88182e+26	2.20685e+26	0	2.20685e+26	1.181445e+26	0	1.181445e+26	4.4137e+26	0	4.4137e+26	1.315194e+26	0	1.315194e+26	4.213078e+26	0	4.213078e+26	3.501986e+23	9.464508e-10	0.001243647	4.446093e+12	6.723906e+07	582260.5	1.938764e-07	8.035027e-14	5.146936e-21	0.3572448	0.5	0.006865127	0.9999958	76.15734	9.470551	10569.8	1.117189e+26	1.827432e+28	5.151575e+27	6.741065e+25	3.118866e+27	1.203261e+27	5.325573e+26	2.294797e+26	0.2188657	0	0.01995437	0.03560219	0.03560219	0.001424136	0.02670164	0	0	0	0	1.280678e-20	0	1.280678e-20	0	-328.877	0	-328.877	0	30149.85	77194.93	2551.013	8447.673	0.006389748	1	5.1197	0.4520678	1	2	0.02890626	0.06756954	
17976	909.0505	3.45e+19	0	0	100000	2	1e-05	5.224329e+26	3.40559e+26	3.239234e+26	1.663562e+25	7.56168e+25	1.062571e+26	3.795453e+25	2.474147e+25	2.35329e+25	1.208571e+24	5.493528e+24	7.719531e+24	0.2033889	3.795453e+26	2.474147e+26	2.35329e+26	1.208571e+25	0	3.137834e+17	1.321306e+26	0	0	0	0	0	0	0	0	0	0	0	0	0	0	4.889436e+26	0	4.889436e+26	2.210293e+26	0	2.210293e+26	1.183288e+26	0	1.183288e+26	4.420586e+26	0	4.420586e+26	1.317245e+26	0	1.317245e+26	4.21965e+26	0	4.21965e+26	3.50068e+23	9.468134e-10	0.001244613	4.446093e+12	6.755107e+07	583006.3	1.941745e-07	8.059758e-14	5.170717e-21	0.3583444	0.5	0.006896847	0.9999963	76.27615	9.485326	10569.8	1.117189e+26	1.827432e+28	5.151575e+27	6.741065e+25	3.118866e+27	1.203261e+27	5.325573e+26	2.294797e+26	0.2188657	0	0.01994625	0.03560219	0.03560219	0.001424136	0.02670164	0	0	0	0	1.280678e-20	0	1.280678e-20	0	-328.877	0	-328.877	0	30149.85	77194.93	2555.143	8447.673	0.006389748	1	5.119885	0.4520678	1	2	0.02897124	0.06767496	
18004	909.0505	3.45e+19	0	0	100000	2	1e-05	5.232467e+26	3.409646e+26	3.24316e+26	1.664859e+25	7.596508e+25	1.06317e+26	3.801365e+25	2.477093e+25	2.356142e+25	1.209513e+24	5.51883e+24	7.723883e+24	0.2031871	3.801365e+26	2.477093e+26	2.356142e+26	1.209513e+25	0	3.137834e+17	1.324271e+26	0	0	0	0	0	0	0	0	0	0	0	0	0	0	4.897052e+26	0	4.897052e+26	2.213736e+26	0	2.213736e+26	1.185131e+26	0	1.185131e+26	4.427472e+26	0	4.427472e+26	1.319297e+26	0	1.319297e+26	4.226223e+26	0	4.226223e+26	3.499376e+23	9.471755e-10	0.001245577	4.446093e+12	6.786253e+07	583759.8	1.944712e-07	8.084408e-14	5.194456e-21	0.3594403	0.5	0.00692851	0.9999967	76.39496	9.5001	10569.8	1.117189e+26	1.827432e+28	5.151575e+27	6.741065e+25	3.118866e+27	1.203261e+27	5.325573e+26	2.294797e+26	0.2188657	0	0.01993813	0.03560219	0.03560219	0.001424136	0.02670164	0	0	0	0	1.280678e-20	0	1.280678e-20	0	-328.877	0	-328.877	0	30149.85	77194.93	2559.274	8447.673	0.006389748	1	5.12007	0.4520678	1	2	0.02903626	0.06778037	
18032	909.0505	3.45e+19	0	0	100000	2	1e-05	5.240604e+26	3.413699e+26	3.247084e+26	1.666154e+25	7.631272e+25	1.063778e+26	3.807276e+25	2.480038e+25	2.358992e+25	1.210454e+24	5.544086e+24	7.728301e+24	0.2029876	3.807276e+26	2.480038e+26	2.358992e+26	1.210454e+25	0	3.137834e+17	1.327239e+26	0	0	0	0	0	0	0	0	0	0	0	0	0	0	4.904668e+26	0	4.904668e+26	2.217179e+26	0	2.217179e+26	1.186974e+26	0	1.186974e+26	4.434357e+26	0	4.434357e+26	1.321349e+26	0	1.321349e+26	4.232796e+26	0	4.232796e+26	3.498074e+23	9.47537e-10	0.00124654	4.446093e+12	6.817341e+07	584521.1	1.947665e-07	8.108975e-14	5.218152e-21	0.3605326	0.5	0.006960117	0.9999971	76.51377	9.514875	10569.8	1.117189e+26	1.827432e+28	5.151575e+27	6.741065e+25	3.118866e+27	1.203261e+27	5.325573e+26	2.294797e+26	0.2188657	0	0.01993002	0.03560219	0.03560219	0.001424136	0.02670164	0	0	0	0	1.280678e-20	0	1.280678e-20	0	-328.877	0	-328.877	0	30149.85	77194.93	2563.405	8447.673	0.006389748	1	5.120255	0.4520678	1	2	0.02910132	0.06788578	
18060	909.0505	3.45e+19	0	0	100000	2	1e-05	5.248742e+26	3.417749e+26	3.251005e+26	1.667447e+25	7.665972e+25	1.064395e+26	3.813188e+25	2.48298e+25	2.361841e+25	1.211393e+24	5.569296e+24	7.732784e+24	0.2027905	3.813188e+26	2.48298e+26	2.361841e+26	1.211393e+25	0	3.137834e+17	1.330208e+26	0	0	0	0	0	0	0	0	0	0	0	0	0	0	4.912284e+26	0	4.912284e+26	2.220621e+26	0	2.220621e+26	1.188818e+26	0	1.188818e+26	4.441243e+26	0	4.441243e+26	1.323401e+26	0	1.323401e+26	4.239368e+26	0	4.239368e+26	3.496776e+23	9.47898e-10	0.001247502	4.446093e+12	6.848373e+07	585290.3	1.950603e-07	8.133461e-14	5.241805e-21	0.3616213	0.5	0.006991666	0.9999975	76.63258	9.52965	10569.8	1.117189e+26	1.827432e+28	5.151575e+27	6.741065e+25	3.118866e+27	1.203261e+27	5.325573e+26	2.294797e+26	0.2188657	0	0.01992191	0.03560219	0.03560219	0.001424136	0.02670164	0	0	0	0	1.280678e-20	0	1.280678e-20	0	-328.877	0	-328.877	0	30149.85	77194.93	2567.536	8447.673	0.006389748	1	5.12044	0.4520678	1	2	0.02916643	0.06799119	
18088	909.0505	3.45e+19	0	0	100000	2	1e-05	5.256879e+26	3.421797e+26	3.254923e+26	1.668739e+25	7.700608e+25	1.065021e+26	3.8191e+25	2.485921e+25	2.364688e+25	1.212332e+24	5.594458e+24	7.737333e+24	0.2025957	3.8191e+26	2.485921e+26	2.364688e+26	1.212332e+25	0	3.137834e+17	1.333179e+26	0	0	0	0	0	0	0	0	0	0	0	0	0	0	4.9199e+26	0	4.9199e+26	2.224064e+26	0	2.224064e+26	1.190661e+26	0	1.190661e+26	4.448129e+26	0	4.448129e+26	1.325452e+26	0	1.325452e+26	4.245941e+26	0	4.245941e+26	3.49548e+23	9.482585e-10	0.001248463	4.446093e+12	6.879348e+07	586067.3	1.953528e-07	8.157865e-14	5.265414e-21	0.3627063	0.5	0.007023156	0.9999978	76.75139	9.544424	10569.8	1.117189e+26	1.827432e+28	5.151575e+27	6.741065e+25	3.118866e+27	1.203261e+27	5.325573e+26	2.294797e+26	0.2188657	0	0.0199138	0.03560219	0.03560219	0.001424136	0.02670164	0	0	0	0	1.280678e-20	0	1.280678e-20	0	-328.877	0	-328.877	0	30149.85	77194.93	2571.668	8447.673	0.006389749	1	5.120625	0.4520678	1	2	0.02923157	0.06809661	
18116	909.0505	3.45e+19	0	0	100000	2	1e-05	5.265017e+26	3.425843e+26	3.25884e+26	1.67003e+25	7.735179e+25	1.065656e+26	3.825012e+25	2.48886e+25	2.367533e+25	1.213269e+24	5.619574e+24	7.741948e+24	0.2024032	3.825012e+26	2.48886e+26	2.367533e+26	1.213269e+25	0	3.137834e+17	1.336152e+26	0	0	0	0	0	0	0	0	0	0	0	0	0	0	4.927516e+26	0	4.927516e+26	2.227507e+26	0	2.227507e+26	1.192504e+26	0	1.192504e+26	4.455014e+26	0	4.455014e+26	1.327504e+26	0	1.327504e+26	4.252514e+26	0	4.252514e+26	3.494186e+23	9.486184e-10	0.001249422	4.446093e+12	6.910264e+07	586852.3	1.956438e-07	8.182187e-14	5.28898e-21	0.3637877	0.5	0.007054589	0.999998	76.8702	9.559199	10569.8	1.117189e+26	1.827432e+28	5.151575e+27	6.741065e+25	3.118866e+27	1.203261e+27	5.325573e+26	2.294797e+26	0.2188657	0	0.0199057	0.03560219	0.03560219	0.001424136	0.02670164	0	0	0	0	1.280678e-20	0	1.280678e-20	0	-328.877	0	-328.877	0	30149.85	77194.93	2575.8	8447.673	0.006389749	1	5.12081	0.4520678	1	2	0.02929676	0.06820202	
18144	909.0505	3.45e+19	0	0	100000	2	1e-05	5.273154e+26	3.429885e+26	3.262753e+26	1.671318e+25	7.769684e+25	1.066301e+26	3.830924e+25	2.491797e+25	2.370376e+25	1.214206e+24	5.644642e+24	7.74663e+24	0.2022131	3.830924e+26	2.491797e+26	2.370376e+26	1.214206e+25	0	3.137834e+17	1.339127e+26	0	0	0	0	0	0	0	0	0	0	0	0	0	0	4.935132e+26	0	4.935132e+26	2.23095e+26	0	2.23095e+26	1.194347e+26	0	1.194347e+26	4.4619e+26	0	4.4619e+26	1.329556e+26	0	1.329556e+26	4.259086e+26	0	4.259086e+26	3.492896e+23	9.489777e-10	0.001250381	4.446093e+12	6.941123e+07	587645.2	1.959334e-07	8.206429e-14	5.312501e-21	0.3648655	0.5	0.007085963	0.9999983	76.98901	9.573973	10569.8	1.117189e+26	1.827432e+28	5.151575e+27	6.741065e+25	3.118866e+27	1.203261e+27	5.325573e+26	2.294797e+26	0.2188657	0	0.01989759	0.03560219	0.03560219	0.001424136	0.02670164	0	0	0	0	1.280678e-20	0	1.280678e-20	0	-328.877	0	-328.877	0	30149.85	77194.93	2579.932	8447.673	0.006389749	1	5.120994	0.4520678	1	2	0.02936199	0.06830743	
18172	909.0505	3.45e+19	0	0	100000	2	1e-05	5.281292e+26	3.433925e+26	3.266665e+26	1.672606e+25	7.804125e+25	1.066954e+26	3.836836e+25	2.494732e+25	2.373218e+25	1.215141e+24	5.669663e+24	7.751378e+24	0.2020253	3.836836e+26	2.494732e+26	2.373218e+26	1.215141e+25	0	3.137834e+17	1.342104e+26	0	0	0	0	0	0	0	0	0	0	0	0	0	0	4.942748e+26	0	4.942748e+26	2.234393e+26	0	2.234393e+26	1.19619e+26	0	1.19619e+26	4.468786e+26	0	4.468786e+26	1.331608e+26	0	1.331608e+26	4.265659e+26	0	4.265659e+26	3.491608e+23	9.493366e-10	0.001251338	4.446093e+12	6.971923e+07	588446	1.962216e-07	8.230588e-14	5.335978e-21	0.3659396	0.5	0.007117277	0.9999985	77.10782	9.588748	10569.8	1.117189e+26	1.827432e+28	5.151575e+27	6.741065e+25	3.118866e+27	1.203261e+27	5.325573e+26	2.294797e+26	0.2188657	0	0.01988949	0.03560219	0.03560219	0.001424136	0.02670164	0	0	0	0	1.280678e-20	0	1.280678e-20	0	-328.877	0	-328.877	0	30149.85	77194.93	2584.064	8447.673	0.006389748	1	5.121178	0.4520678	1	2	0.02942726	0.06841285	
18200	909.0505	3.45e+19	0	0	100000	2	1e-05	5.28943e+26	3.437963e+26	3.270573e+26	1.673891e+25	7.838499e+25	1.067617e+26	3.842748e+25	2.497665e+25	2.376058e+25	1.216075e+24	5.694636e+24	7.756193e+24	0.2018397	3.842748e+26	2.497665e+26	2.376058e+26	1.216075e+25	0	3.137834e+17	1.345083e+26	0	0	0	0	0	0	0	0	0	0	0	0	0	0	4.950364e+26	0	4.950364e+26	2.237836e+26	0	2.237836e+26	1.198033e+26	0	1.198033e+26	4.475671e+26	0	4.475671e+26	1.33366e+26	0	1.33366e+26	4.272232e+26	0	4.272232e+26	3.490322e+23	9.496949e-10	0.001252294	4.446093e+12	7.002664e+07	589254.9	1.965084e-07	8.254667e-14	5.359411e-21	0.3670102	0.5	0.007148533	0.9999987	77.22663	9.603523	10569.8	1.117189e+26	1.827432e+28	5.151575e+27	6.741065e+25	3.118866e+27	1.203261e+27	5.325573e+26	2.294797e+26	0.2188657	0	0.0198814	0.03560219	0.03560219	0.001424136	0.02670164	0	0	0	0	1.280678e-20	0	1.280678e-20	0	-328.877	0	-328.877	0	30149.85	77194.93	2588.197	8447.673	0.006389749	1	5.121362	0.4520678	1	2	0.02949258	0.06851826	
18228	909.0505	3.45e+19	0	0	100000	2	1e-05	5.297567e+26	3.441997e+26	3.27448e+26	1.675176e+25	7.872807e+25	1.068289e+26	3.84866e+25	2.500596e+25	2.378896e+25	1.217008e+24	5.71956e+24	7.761075e+24	0.2016565	3.84866e+26	2.500596e+26	2.378896e+26	1.217008e+25	0	3.137834e+17	1.348064e+26	0	0	0	0	0	0	0	0	0	0	0	0	0	0	4.95798e+26	0	4.95798e+26	2.241278e+26	0	2.241278e+26	1.199876e+26	0	1.199876e+26	4.482557e+26	0	4.482557e+26	1.335711e+26	0	1.335711e+26	4.278804e+26	0	4.278804e+26	3.48904e+23	9.500526e-10	0.001253249	4.446093e+12	7.033346e+07	590071.8	1.967938e-07	8.278665e-14	5.382799e-21	0.3680772	0.5	0.007179728	0.9999988	77.34544	9.618297	10569.8	1.117189e+26	1.827432e+28	5.151575e+27	6.741065e+25	3.118866e+27	1.203261e+27	5.325573e+26	2.294797e+26	0.2188657	0	0.0198733	0.03560219	0.03560219	0.001424136	0.02670164	0	0	0	0	1.280678e-20	0	1.280678e-20	0	-328.877	0	-328.877	0	30149.85	77194.93	2592.33	8447.673	0.006389749	1	5.121546	0.4520678	1	2	0.02955793	0.06862367	
18256	909.0505	3.45e+19	0	0	100000	2	1e-05	5.305705e+26	3.44603e+26	3.278384e+26	1.676458e+25	7.907048e+25	1.06897e+26	3.854572e+25	2.503526e+25	2.381732e+25	1.21794e+24	5.744437e+24	7.766024e+24	0.2014757	3.854572e+26	2.503526e+26	2.381732e+26	1.21794e+25	0	3.137834e+17	1.351046e+26	0	0	0	0	0	0	0	0	0	0	0	0	0	0	4.965595e+26	0	4.965595e+26	2.244721e+26	0	2.244721e+26	1.201719e+26	0	1.201719e+26	4.489442e+26	0	4.489442e+26	1.337763e+26	0	1.337763e+26	4.285377e+26	0	4.285377e+26	3.48776e+23	9.504099e-10	0.001254203	4.446093e+12	7.063969e+07	590896.8	1.970779e-07	8.302582e-14	5.406142e-21	0.3691405	0.5	0.007210864	0.999999	77.46425	9.633072	10569.8	1.117189e+26	1.827432e+28	5.151575e+27	6.741065e+25	3.118866e+27	1.203261e+27	5.325573e+26	2.294797e+26	0.2188657	0	0.01986521	0.03560219	0.03560219	0.001424136	0.02670164	0	0	0	0	1.280678e-20	0	1.280678e-20	0	-328.877	0	-328.877	0	30149.85	77194.93	2596.464	8447.673	0.006389748	1	5.12173	0.4520678	1	2	0.02962333	0.06872908	
18284	909.0505	3.45e+19	0	0	100000	2	1e-05	5.313842e+26	3.450059e+26	3.282285e+26	1.67774e+25	7.941223e+25	1.069661e+26	3.860484e+25	2.506453e+25	2.384566e+25	1.218871e+24	5.769264e+24	7.771041e+24	0.2012971	3.860484e+26	2.506453e+26	2.384566e+26	1.218871e+25	0	3.137834e+17	1.35403e+26	0	0	0	0	0	0	0	0	0	0	0	0	0	0	4.973211e+26	0	4.973211e+26	2.248164e+26	0	2.248164e+26	1.203563e+26	0	1.203563e+26	4.496328e+26	0	4.496328e+26	1.339815e+26	0	1.339815e+26	4.29195e+26	0	4.29195e+26	3.486482e+23	9.507666e-10	0.001255156	4.446093e+12	7.094532e+07	591729.9	1.973606e-07	8.326418e-14	5.42944e-21	0.3702003	0.5	0.007241939	0.9999991	77.58306	9.647847	10569.8	1.117189e+26	1.827432e+28	5.151575e+27	6.741065e+25	3.118866e+27	1.203261e+27	5.325573e+26	2.294797e+26	0.2188657	0	0.01985712	0.03560219	0.03560219	0.001424136	0.02670164	0	0	0	0	1.280678e-20	0	1.280678e-20	0	-328.877	0	-328.877	0	30149.85	77194.93	2600.598	8447.673	0.006389748	1	5.121913	0.4520678	1	2	0.02968876	0.0688345	
18312	909.0505	3.45e+19	0	0	100000	2	1e-05	5.32198e+26	3.454086e+26	3.286184e+26	1.679019e+25	7.97533e+25	1.070361e+26	3.866396e+25	2.509379e+25	2.387399e+25	1.2198e+24	5.794043e+24	7.776125e+24	0.2011208	3.866396e+26	2.509379e+26	2.387399e+26	1.2198e+25	0	3.137834e+17	1.357017e+26	0	0	0	0	0	0	0	0	0	0	0	0	0	0	4.980827e+26	0	4.980827e+26	2.251607e+26	0	2.251607e+26	1.205406e+26	0	1.205406e+26	4.503214e+26	0	4.503214e+26	1.341867e+26	0	1.341867e+26	4.298522e+26	0	4.298522e+26	3.485207e+23	9.511228e-10	0.001256108	4.446093e+12	7.125036e+07	592571.1	1.976419e-07	8.350174e-14	5.452693e-21	0.3712565	0.5	0.007272954	0.9999992	77.70187	9.662621	10569.8	1.117189e+26	1.827432e+28	5.151575e+27	6.741065e+25	3.118866e+27	1.203261e+27	5.325573e+26	2.294797e+26	0.2188657	0	0.01984904	0.03560219	0.03560219	0.001424136	0.02670164	0	0	0	0	1.280678e-20	0	1.280678e-20	0	-328.877	0	-328.877	0	30149.85	77194.93	2604.732	8447.673	0.006389749	1	5.122096	0.4520678	1	2	0.02975424	0.06893991	
18340	909.0505	3.45e+19	0	0	100000	2	1e-05	5.330118e+26	3.458111e+26	3.290081e+26	1.680297e+25	8.00937e+25	1.07107e+26	3.872308e+25	2.512303e+25	2.39023e+25	1.220729e+24	5.818773e+24	7.781277e+24	0.2009468	3.872308e+26	2.512303e+26	2.39023e+26	1.220729e+25	0	3.137834e+17	1.360005e+26	0	0	0	0	0	0	0	0	0	0	0	0	0	0	4.988443e+26	0	4.988443e+26	2.25505e+26	0	2.25505e+26	1.207249e+26	0	1.207249e+26	4.510099e+26	0	4.510099e+26	1.343919e+26	0	1.343919e+26	4.305095e+26	0	4.305095e+26	3.483935e+23	9.514784e-10	0.001257058	4.446093e+12	7.155479e+07	593420.5	1.979219e-07	8.373849e-14	5.4759e-21	0.3723092	0.5	0.007303908	0.9999993	77.82068	9.677396	10569.8	1.117189e+26	1.827432e+28	5.151575e+27	6.741065e+25	3.118866e+27	1.203261e+27	5.325573e+26	2.294797e+26	0.2188657	0	0.01984095	0.03560219	0.03560219	0.001424136	0.02670164	0	0	0	0	1.280678e-20	0	1.280678e-20	0	-328.877	0	-328.877	0	30149.85	77194.93	2608.866	8447.673	0.006389749	1	5.122279	0.4520678	1	2	0.02981976	0.06904532	
18368	909.0505	3.45e+19	0	0	100000	2	1e-05	5.338255e+26	3.462132e+26	3.293975e+26	1.681574e+25	8.043342e+25	1.071788e+26	3.87822e+25	2.515224e+25	2.393059e+25	1.221656e+24	5.843453e+24	7.786497e+24	0.2007751	3.87822e+26	2.515224e+26	2.393059e+26	1.221656e+25	0	3.137834e+17	1.362995e+26	0	0	0	0	0	0	0	0	0	0	0	0	0	0	4.996059e+26	0	4.996059e+26	2.258493e+26	0	2.258493e+26	1.209092e+26	0	1.209092e+26	4.516985e+26	0	4.516985e+26	1.34597e+26	0	1.34597e+26	4.311668e+26	0	4.311668e+26	3.482665e+23	9.518336e-10	0.001258008	4.446093e+12	7.185861e+07	594278.1	1.982006e-07	8.397445e-14	5.499061e-21	0.3733582	0.5	0.007334801	0.9999994	77.93949	9.692171	10569.8	1.117189e+26	1.827432e+28	5.151575e+27	6.741065e+25	3.118866e+27	1.203261e+27	5.325573e+26	2.294797e+26	0.2188657	0	0.01983287	0.03560219	0.03560219	0.001424136	0.02670164	0	0	0	0	1.280678e-20	0	1.280678e-20	0	-328.877	0	-328.877	0	30149.85	77194.93	2613.001	8447.673	0.006389748	1	5.122462	0.4520678	1	2	0.02988532	0.06915073	
18396	909.0505	3.45e+19	0	0	100000	2	1e-05	5.346393e+26	3.466152e+26	3.297867e+26	1.682849e+25	8.077246e+25	1.072516e+26	3.884131e+25	2.518144e+25	2.395886e+25	1.222583e+24	5.868084e+24	7.791786e+24	0.2006056	3.884131e+26	2.518144e+26	2.395886e+26	1.222583e+25	0	3.137834e+17	1.365987e+26	0	0	0	0	0	0	0	0	0	0	0	0	0	0	5.003675e+26	0	5.003675e+26	2.261935e+26	0	2.261935e+26	1.210935e+26	0	1.210935e+26	4.523871e+26	0	4.523871e+26	1.348022e+26	0	1.348022e+26	4.31824e+26	0	4.31824e+26	3.481398e+23	9.521882e-10	0.001258956	4.446093e+12	7.216183e+07	595143.9	1.984779e-07	8.420961e-14	5.522176e-21	0.3744038	0.5	0.007365633	0.9999994	78.0583	9.706945	10569.8	1.117189e+26	1.827432e+28	5.151575e+27	6.741065e+25	3.118866e+27	1.203261e+27	5.325573e+26	2.294797e+26	0.2188657	0	0.0198248	0.03560219	0.03560219	0.001424136	0.02670164	0	0	0	0	1.280678e-20	0	1.280678e-20	0	-328.877	0	-328.877	0	30149.85	77194.93	2617.136	8447.673	0.006389748	1	5.122645	0.4520677	1	2	0.02995093	0.06925615	
18424	909.0505	3.45e+19	0	0	100000	2	1e-05	5.35453e+26	3.470168e+26	3.301756e+26	1.684123e+25	8.111082e+25	1.073254e+26	3.890043e+25	2.521062e+25	2.398712e+25	1.223508e+24	5.892666e+24	7.797143e+24	0.2004385	3.890043e+26	2.521062e+26	2.398712e+26	1.223508e+25	0	3.137834e+17	1.368981e+26	0	0	0	0	0	0	0	0	0	0	0	0	0	0	5.011291e+26	0	5.011291e+26	2.265378e+26	0	2.265378e+26	1.212778e+26	0	1.212778e+26	4.530756e+26	0	4.530756e+26	1.350074e+26	0	1.350074e+26	4.324813e+26	0	4.324813e+26	3.480133e+23	9.525423e-10	0.001259903	4.446093e+12	7.246444e+07	596018	1.987539e-07	8.444397e-14	5.545245e-21	0.3754458	0.5	0.007396403	0.9999995	78.17711	9.72172	10569.8	1.117189e+26	1.827432e+28	5.151575e+27	6.741065e+25	3.118866e+27	1.203261e+27	5.325573e+26	2.294797e+26	0.2188657	0	0.01981672	0.03560219	0.03560219	0.001424136	0.02670164	0	0	0	0	1.280678e-20	0	1.280678e-20	0	-328.877	0	-328.877	0	30149.85	77194.93	2621.271	8447.673	0.006389748	1	5.122828	0.4520678	1	2	0.03001657	0.06936156	
18452	909.0505	3.45e+19	0	0	100000	2	1e-05	5.362668e+26	3.474182e+26	3.305643e+26	1.685395e+25	8.144849e+25	1.074001e+26	3.895955e+25	2.523979e+25	2.401535e+25	1.224432e+24	5.917198e+24	7.802568e+24	0.2002735	3.895955e+26	2.523979e+26	2.401535e+26	1.224432e+25	0	3.137834e+17	1.371977e+26	0	0	0	0	0	0	0	0	0	0	0	0	0	0	5.018907e+26	0	5.018907e+26	2.268821e+26	0	2.268821e+26	1.214621e+26	0	1.214621e+26	4.537642e+26	0	4.537642e+26	1.352126e+26	0	1.352126e+26	4.331386e+26	0	4.331386e+26	3.478871e+23	9.528958e-10	0.001260849	4.446093e+12	7.276645e+07	596900.4	1.990286e-07	8.467754e-14	5.568268e-21	0.3764843	0.5	0.007427112	0.9999996	78.29592	9.736495	10569.8	1.117189e+26	1.827432e+28	5.151575e+27	6.741065e+25	3.118866e+27	1.203261e+27	5.325573e+26	2.294797e+26	0.2188657	0	0.01980865	0.03560219	0.03560219	0.001424136	0.02670164	0	0	0	0	1.280678e-20	0	1.280678e-20	0	-328.877	0	-328.877	0	30149.85	77194.93	2625.407	8447.673	0.006389749	1	5.12301	0.4520677	1	2	0.03008225	0.06946697	
18480	909.0505	3.45e+19	0	0	100000	2	1e-05	5.370805e+26	3.478194e+26	3.309527e+26	1.686666e+25	8.178548e+25	1.074757e+26	3.901867e+25	2.526893e+25	2.404357e+25	1.225355e+24	5.94168e+24	7.808062e+24	0.2001109	3.901867e+26	2.526893e+26	2.404357e+26	1.225355e+25	0	3.137834e+17	1.374974e+26	0	0	0	0	0	0	0	0	0	0	0	0	0	0	5.026523e+26	0	5.026523e+26	2.272264e+26	0	2.272264e+26	1.216464e+26	0	1.216464e+26	4.544528e+26	0	4.544528e+26	1.354177e+26	0	1.354177e+26	4.337958e+26	0	4.337958e+26	3.477611e+23	9.532489e-10	0.001261794	4.446093e+12	7.306784e+07	597791.1	1.993019e-07	8.491032e-14	5.591245e-21	0.3775192	0.5	0.007457759	0.9999996	78.41473	9.751269	10569.8	1.117189e+26	1.827432e+28	5.151575e+27	6.741065e+25	3.118866e+27	1.203261e+27	5.325573e+26	2.294797e+26	0.2188657	0	0.01980058	0.03560219	0.03560219	0.001424136	0.02670164	0	0	0	0	1.280678e-20	0	1.280678e-20	0	-328.877	0	-328.877	0	30149.85	77194.93	2629.543	8447.673	0.006389748	1	5.123192	0.4520677	1	2	0.03014798	0.06957238	
18508	909.0505	3.45e+19	0	0	100000	2	1e-05	5.378943e+26	3.482203e+26	3.313409e+26	1.687935e+25	8.212178e+25	1.075522e+26	3.907779e+25	2.529805e+25	2.407178e+25	1.226277e+24	5.966112e+24	7.813624e+24	0.1999505	3.907779e+26	2.529805e+26	2.407178e+26	1.226277e+25	0	3.137834e+17	1.377974e+26	0	0	0	0	0	0	0	0	0	0	0	0	0	0	5.034139e+26	0	5.034139e+26	2.275707e+26	0	2.275707e+26	1.218308e+26	0	1.218308e+26	4.551413e+26	0	4.551413e+26	1.356229e+26	0	1.356229e+26	4.344531e+26	0	4.344531e+26	3.476354e+23	9.536014e-10	0.001262738	4.446093e+12	7.336862e+07	598690.2	1.99574e-07	8.514232e-14	5.614175e-21	0.3785507	0.5	0.007488344	0.9999997	78.53354	9.766044	10569.8	1.117189e+26	1.827432e+28	5.151575e+27	6.741065e+25	3.118866e+27	1.203261e+27	5.325573e+26	2.294797e+26	0.2188657	0	0.01979251	0.03560219	0.03560219	0.001424136	0.02670164	0	0	0	0	1.280678e-20	0	1.280678e-20	0	-328.877	0	-328.877	0	30149.85	77194.93	2633.679	8447.673	0.006389749	1	5.123374	0.4520677	1	2	0.03021375	0.0696778	
18536	909.0505	3.45e+19	0	0	100000	2	1e-05	5.387081e+26	3.486209e+26	3.317289e+26	1.689203e+25	8.24574e+25	1.076297e+26	3.913691e+25	2.532716e+25	2.409996e+25	1.227198e+24	5.990495e+24	7.819255e+24	0.1997923	3.913691e+26	2.532716e+26	2.409996e+26	1.227198e+25	0	3.137834e+17	1.380975e+26	0	0	0	0	0	0	0	0	0	0	0	0	0	0	5.041755e+26	0	5.041755e+26	2.279149e+26	0	2.279149e+26	1.220151e+26	0	1.220151e+26	4.558299e+26	0	4.558299e+26	1.358281e+26	0	1.358281e+26	4.351104e+26	0	4.351104e+26	3.4751e+23	9.539534e-10	0.001263681	4.446093e+12	7.366878e+07	599597.6	1.998448e-07	8.537352e-14	5.637059e-21	0.3795786	0.5	0.007518867	0.9999997	78.65235	9.780819	10569.8	1.117189e+26	1.827432e+28	5.151575e+27	6.741065e+25	3.118866e+27	1.203261e+27	5.325573e+26	2.294797e+26	0.2188657	0	0.01978445	0.03560219	0.03560219	0.001424136	0.02670164	0	0	0	0	1.280678e-20	0	1.280678e-20	0	-328.877	0	-328.877	0	30149.85	77194.93	2637.816	8447.673	0.006389748	1	5.123556	0.4520677	1	2	0.03027955	0.06978321	
18564	909.0505	3.45e+19	0	0	100000	2	1e-05	5.395218e+26	3.490213e+26	3.321166e+26	1.690469e+25	8.279232e+25	1.077082e+26	3.919603e+25	2.535625e+25	2.412813e+25	1.228118e+24	6.014827e+24	7.824955e+24	0.1996364	3.919603e+26	2.535625e+26	2.412813e+26	1.228118e+25	0	3.137834e+17	1.383978e+26	0	0	0	0	0	0	0	0	0	0	0	0	0	0	5.049371e+26	0	5.049371e+26	2.282592e+26	0	2.282592e+26	1.221994e+26	0	1.221994e+26	4.565185e+26	0	4.565185e+26	1.360333e+26	0	1.360333e+26	4.357676e+26	0	4.357676e+26	3.473848e+23	9.543049e-10	0.001264622	4.446093e+12	7.396833e+07	600513.5	2.001143e-07	8.560395e-14	5.659896e-21	0.3806031	0.5	0.007549328	0.9999997	78.77116	9.795593	10569.8	1.117189e+26	1.827432e+28	5.151575e+27	6.741065e+25	3.118866e+27	1.203261e+27	5.325573e+26	2.294797e+26	0.2188657	0	0.01977639	0.03560219	0.03560219	0.001424136	0.02670164	0	0	0	0	1.280678e-20	0	1.280678e-20	0	-328.877	0	-328.877	0	30149.85	77194.93	2641.953	8447.673	0.006389748	1	5.123738	0.4520678	1	2	0.0303454	0.06988862	
18592	909.0505	3.45e+19	0	0	100000	2	1e-05	5.403356e+26	3.494214e+26	3.325041e+26	1.691733e+25	8.312655e+25	1.077876e+26	3.925515e+25	2.538532e+25	2.415628e+25	1.229037e+24	6.039109e+24	7.830723e+24	0.1994827	3.925515e+26	2.538532e+26	2.415628e+26	1.229037e+25	0	3.137834e+17	1.386983e+26	0	0	0	0	0	0	0	0	0	0	0	0	0	0	5.056987e+26	0	5.056987e+26	2.286035e+26	0	2.286035e+26	1.223837e+26	0	1.223837e+26	4.57207e+26	0	4.57207e+26	1.362385e+26	0	1.362385e+26	4.364249e+26	0	4.364249e+26	3.472598e+23	9.546559e-10	0.001265563	4.446093e+12	7.426726e+07	601437.8	2.003826e-07	8.583359e-14	5.682686e-21	0.3816242	0.5	0.007579726	0.9999998	78.88997	9.810368	10569.8	1.117189e+26	1.827432e+28	5.151575e+27	6.741065e+25	3.118866e+27	1.203261e+27	5.325573e+26	2.294797e+26	0.2188657	0	0.01976833	0.03560219	0.03560219	0.001424136	0.02670164	0	0	0	0	1.280678e-20	0	1.280678e-20	0	-328.877	0	-328.877	0	30149.85	77194.93	2646.09	8447.673	0.006389748	1	5.123919	0.4520677	1	2	0.03041129	0.06999404	
18620	909.0505	3.45e+19	0	0	100000	2	1e-05	5.411493e+26	3.498213e+26	3.328913e+26	1.692997e+25	8.346009e+25	1.07868e+26	3.931427e+25	2.541437e+25	2.418441e+25	1.229955e+24	6.06334e+24	7.836561e+24	0.1993312	3.931427e+26	2.541437e+26	2.418441e+26	1.229955e+25	0	3.137834e+17	1.38999e+26	0	0	0	0	0	0	0	0	0	0	0	0	0	0	5.064603e+26	0	5.064603e+26	2.289478e+26	0	2.289478e+26	1.22568e+26	0	1.22568e+26	4.578956e+26	0	4.578956e+26	1.364436e+26	0	1.364436e+26	4.370822e+26	0	4.370822e+26	3.471351e+23	9.550063e-10	0.001266502	4.446093e+12	7.456558e+07	602370.5	2.006495e-07	8.606246e-14	5.70543e-21	0.3826417	0.5	0.007610062	0.9999998	79.00878	9.825143	10569.8	1.117189e+26	1.827432e+28	5.151575e+27	6.741065e+25	3.118866e+27	1.203261e+27	5.325573e+26	2.294797e+26	0.2188657	0	0.01976028	0.03560219	0.03560219	0.001424136	0.02670164	0	0	0	0	1.280678e-20	0	1.280678e-20	0	-328.877	0	-328.877	0	30149.85	77194.93	2650.227	8447.673	0.006389748	1	5.1241	0.4520677	1	2	0.03047722	0.07009945	
18648	909.0505	3.45e+19	0	0	100000	2	1e-05	5.419631e+26	3.502209e+26	3.332783e+26	1.694258e+25	8.379294e+25	1.079493e+26	3.937339e+25	2.54434e+25	2.421253e+25	1.230871e+24	6.087522e+24	7.842467e+24	0.1991819	3.937339e+26	2.54434e+26	2.421253e+26	1.230871e+25	0	3.137834e+17	1.392999e+26	0	0	0	0	0	0	0	0	0	0	0	0	0	0	5.072219e+26	0	5.072219e+26	2.292921e+26	0	2.292921e+26	1.227523e+26	0	1.227523e+26	4.585842e+26	0	4.585842e+26	1.366488e+26	0	1.366488e+26	4.377394e+26	0	4.377394e+26	3.470107e+23	9.553563e-10	0.00126744	4.446093e+12	7.486328e+07	603311.8	2.009153e-07	8.629056e-14	5.728127e-21	0.3836559	0.5	0.007640336	0.9999998	79.12759	9.839917	10569.8	1.117189e+26	1.827432e+28	5.151575e+27	6.741065e+25	3.118866e+27	1.203261e+27	5.325573e+26	2.294797e+26	0.2188657	0	0.01975222	0.03560219	0.03560219	0.001424136	0.02670164	0	0	0	0	1.280678e-20	0	1.280678e-20	0	-328.877	0	-328.877	0	30149.85	77194.93	2654.365	8447.673	0.006389748	1	5.124281	0.4520677	1	2	0.03054319	0.07020486	
18676	909.0505	3.45e+19	0	0	100000	2	1e-05	5.427769e+26	3.506202e+26	3.336651e+26	1.695519e+25	8.41251e+25	1.080315e+26	3.943251e+25	2.547241e+25	2.424062e+25	1.231787e+24	6.111653e+24	7.848443e+24	0.1990348	3.943251e+26	2.547241e+26	2.424062e+26	1.231787e+25	0	3.137834e+17	1.39601e+26	0	0	0	0	0	0	0	0	0	0	0	0	0	0	5.079835e+26	0	5.079835e+26	2.296364e+26	0	2.296364e+26	1.229366e+26	0	1.229366e+26	4.592727e+26	0	4.592727e+26	1.36854e+26	0	1.36854e+26	4.383967e+26	0	4.383967e+26	3.468865e+23	9.557057e-10	0.001268378	4.446093e+12	7.516036e+07	604261.6	2.011797e-07	8.651788e-14	5.750777e-21	0.3846666	0.5	0.007670548	0.9999998	79.2464	9.854692	10569.8	1.117189e+26	1.827432e+28	5.151575e+27	6.741065e+25	3.118866e+27	1.203261e+27	5.325573e+26	2.294797e+26	0.2188657	0	0.01974417	0.03560219	0.03560219	0.001424136	0.02670164	0	0	0	0	1.280678e-20	0	1.280678e-20	0	-328.877	0	-328.877	0	30149.85	77194.93	2658.503	8447.673	0.006389748	1	5.124462	0.4520677	1	2	0.03060921	0.07031027	
18704	909.0505	3.45e+19	0	0	100000	2	1e-05	5.435906e+26	3.510193e+26	3.340516e+26	1.696777e+25	8.445656e+25	1.081147e+26	3.949163e+25	2.550141e+25	2.42687e+25	1.232702e+24	6.135733e+24	7.854487e+24	0.1988899	3.949163e+26	2.550141e+26	2.42687e+26	1.232702e+25	0	3.137834e+17	1.399022e+26	0	0	0	0	0	0	0	0	0	0	0	0	0	0	5.087451e+26	0	5.087451e+26	2.299806e+26	0	2.299806e+26	1.23121e+26	0	1.23121e+26	4.599613e+26	0	4.599613e+26	1.370592e+26	0	1.370592e+26	4.39054e+26	0	4.39054e+26	3.467625e+23	9.560547e-10	0.001269314	4.446093e+12	7.545682e+07	605219.9	2.01443e-07	8.674444e-14	5.773381e-21	0.3856739	0.5	0.007700697	0.9999999	79.36521	9.869466	10569.8	1.117189e+26	1.827432e+28	5.151575e+27	6.741065e+25	3.118866e+27	1.203261e+27	5.325573e+26	2.294797e+26	0.2188657	0	0.01973612	0.03560219	0.03560219	0.001424136	0.02670164	0	0	0	0	1.280678e-20	0	1.280678e-20	0	-328.877	0	-328.877	0	30149.85	77194.93	2662.642	8447.673	0.006389748	1	5.124643	0.4520677	1	2	0.03067526	0.07041569	
18732	909.0505	3.45e+19	0	0	100000	2	1e-05	5.444044e+26	3.514182e+26	3.344378e+26	1.698035e+25	8.478733e+25	1.081989e+26	3.955074e+25	2.553038e+25	2.429677e+25	1.233615e+24	6.159763e+24	7.8606e+24	0.1987472	3.955074e+26	2.553038e+26	2.429677e+26	1.233615e+25	0	3.137834e+17	1.402036e+26	0	0	0	0	0	0	0	0	0	0	0	0	0	0	5.095067e+26	0	5.095067e+26	2.303249e+26	0	2.303249e+26	1.233053e+26	0	1.233053e+26	4.606499e+26	0	4.606499e+26	1.372643e+26	0	1.372643e+26	4.397112e+26	0	4.397112e+26	3.466388e+23	9.564031e-10	0.001270249	4.446093e+12	7.575266e+07	606186.8	2.01705e-07	8.697023e-14	5.795937e-21	0.3866778	0.5	0.007730784	0.9999999	79.48402	9.884241	10569.8	1.117189e+26	1.827432e+28	5.151575e+27	6.741065e+25	3.118866e+27	1.203261e+27	5.325573e+26	2.294797e+26	0.2188657	0	0.01972808	0.03560219	0.03560219	0.001424136	0.02670164	0	0	0	0	1.280678e-20	0	1.280678e-20	0	-328.877	0	-328.877	0	30149.85	77194.93	2666.781	8447.673	0.006389748	1	5.124824	0.4520677	1	2	0.03074135	0.0705211	
18760	909.0505	3.45e+19	0	0	100000	2	1e-05	5.452181e+26	3.518168e+26	3.348239e+26	1.699291e+25	8.511741e+25	1.082839e+26	3.960986e+25	2.555934e+25	2.432481e+25	1.234527e+24	6.183743e+24	7.866782e+24	0.1986066	3.960986e+26	2.555934e+26	2.432481e+26	1.234527e+25	0	3.137834e+17	1.405053e+26	0	0	0	0	0	0	0	0	0	0	0	0	0	0	5.102682e+26	0	5.102682e+26	2.306692e+26	0	2.306692e+26	1.234896e+26	0	1.234896e+26	4.613384e+26	0	4.613384e+26	1.374695e+26	0	1.374695e+26	4.403685e+26	0	4.403685e+26	3.465154e+23	9.56751e-10	0.001271182	4.446093e+12	7.604789e+07	607162.3	2.019658e-07	8.719526e-14	5.818447e-21	0.3876783	0.5	0.007760808	0.9999999	79.60283	9.899016	10569.8	1.117189e+26	1.827432e+28	5.151575e+27	6.741065e+25	3.118866e+27	1.203261e+27	5.325573e+26	2.294797e+26	0.2188657	0	0.01972004	0.03560219	0.03560219	0.001424136	0.02670164	0	0	0	0	1.280678e-20	0	1.280678e-20	0	-328.877	0	-328.877	0	30149.85	77194.93	2670.92	8447.673	0.006389748	1	5.125004	0.4520677	1	2	0.03080749	0.07062651	
18788	909.0505	3.45e+19	0	0	100000	2	1e-05	5.460319e+26	3.522151e+26	3.352097e+26	1.700545e+25	4.219481e+25	1.51622e+26	3.966898e+25	2.558828e+25	2.435284e+25	1.235439e+24	3.065435e+24	1.101527e+25	0.2776797	3.966898e+26	2.558828e+26	2.435284e+26	1.235439e+25	0	3.137834e+17	1.408071e+26	0	0	0	0	0	0	0	0	0	0	0	0	0	0	5.110298e+26	0	5.110298e+26	2.310135e+26	0	2.310135e+26	1.236739e+26	0	1.236739e+26	4.62027e+26	0	4.62027e+26	1.376747e+26	0	1.376747e+26	4.410258e+26	0	4.410258e+26	3.463922e+23	9.570984e-10	0.001272115	4.44552e+12	3.77036e+07	608224.9	1.536509e-07	5.046703e-14	2.562001e-21	0.2243522	0.5	0.003416828	0.3063805	79.72164	9.91379	10569.8	1.117189e+26	1.827432e+28	5.151575e+27	6.741065e+25	3.118866e+27	1.203261e+27	5.325573e+26	2.294797e+26	0.2188657	0	0.019712	0.03560219	0.03560219	0.001424136	0.02670164	0	0	0	0	1.280678e-20	0	1.280678e-20	0	-328.877	0	-328.877	0	30149.85	77194.93	2675.059	8447.673	0.006389749	1	5.125184	0.4520677	1	2	0.03087366	0.07073192	
18816	909.0505	3.45e+19	0	0	100000	2	1e-05	5.468456e+26	3.526132e+26	3.355952e+26	1.701798e+25	4.235182e+25	1.518806e+26	3.97281e+25	2.56172e+25	2.438085e+25	1.236349e+24	3.076842e+24	1.103406e+25	0.2777395	3.97281e+26	2.56172e+26	2.438085e+26	1.236349e+25	0	3.137834e+17	1.411091e+26	0	0	0	0	0	0	0	0	0	0	0	0	0	0	5.117914e+26	0	5.117914e+26	2.313578e+26	0	2.313578e+26	1.238582e+26	0	1.238582e+26	4.627155e+26	0	4.627155e+26	1.378799e+26	0	1.378799e+26	4.41683e+26	0	4.41683e+26	3.462692e+23	9.574453e-10	0.001273047	4.44552e+12	3.784406e+07	608421.4	1.602778e-07	5.491415e-14	2.907998e-21	0.2441219	0.5	0.003878269	0.3887723	79.84045	9.928565	10569.8	1.117189e+26	1.827432e+28	5.151575e+27	6.741065e+25	3.118866e+27	1.203261e+27	5.325573e+26	2.294797e+26	0.2188657	0	0.01970396	0.03560219	0.03560219	0.001424136	0.02670164	0	0	0	0	1.280678e-20	0	1.280678e-20	0	-328.877	0	-328.877	0	30149.85	77194.93	2679.199	8447.673	0.006389748	1	5.125364	0.4520677	1	2	0.03093987	0.07083734	
18844	909.0505	3.45e+19	0	0	100000	2	1e-05	5.476594e+26	3.53011e+26	3.359805e+26	1.70305e+25	4.253824e+25	1.521102e+26	3.978722e+25	2.56461e+25	2.440884e+25	1.237258e+24	3.090385e+24	1.105074e+25	0.2777459	3.978722e+26	2.56461e+26	2.440884e+26	1.237258e+25	0	3.137834e+17	1.414112e+26	0	0	0	0	0	0	0	0	0	0	0	0	0	0	5.12553e+26	0	5.12553e+26	2.317021e+26	0	2.317021e+26	1.240425e+26	0	1.240425e+26	4.634041e+26	0	4.634041e+26	1.380851e+26	0	1.380851e+26	4.423403e+26	0	4.423403e+26	3.461465e+23	9.577917e-10	0.001273978	4.44552e+12	3.801082e+07	608619.4	1.605108e-07	5.507391e-14	2.920698e-21	0.2448322	0.5	0.003895206	0.4613771	79.95926	9.94334	10569.8	1.117189e+26	1.827432e+28	5.151575e+27	6.741065e+25	3.118866e+27	1.203261e+27	5.325573e+26	2.294797e+26	0.2188657	0	0.01969593	0.03560219	0.03560219	0.001424136	0.02670164	0	0	0	0	1.280678e-20	0	1.280678e-20	0	-328.877	0	-328.877	0	30149.85	77194.93	2683.339	8447.673	0.006389749	1	5.125544	0.4520677	1	2	0.03100613	0.07094275	
18872	909.0505	3.45e+19	0	0	100000	2	1e-05	5.484732e+26	3.534086e+26	3.363656e+26	1.7043e+25	4.275059e+25	1.52314e+26	3.984634e+25	2.567498e+25	2.443682e+25	1.238166e+24	3.105812e+24	1.106555e+25	0.2777055	3.984634e+26	2.567498e+26	2.443682e+26	1.238166e+25	0	3.137834e+17	1.417136e+26	0	0	0	0	0	0	0	0	0	0	0	0	0	0	5.133146e+26	0	5.133146e+26	2.320463e+26	0	2.320463e+26	1.242268e+26	0	1.242268e+26	4.640927e+26	0	4.640927e+26	1.382902e+26	0	1.382902e+26	4.429976e+26	0	4.429976e+26	3.46024e+23	9.581376e-10	0.001274907	4.44552e+12	3.820078e+07	608819	1.607754e-07	5.525561e-14	2.935164e-21	0.2456399	0.5	0.003914499	0.5253575	80.07807	9.958114	10569.8	1.117189e+26	1.827432e+28	5.151575e+27	6.741065e+25	3.118866e+27	1.203261e+27	5.325573e+26	2.294797e+26	0.2188657	0	0.01968789	0.03560219	0.03560219	0.001424136	0.02670164	0	0	0	0	1.280678e-20	0	1.280678e-20	0	-328.877	0	-328.877	0	30149.85	77194.93	2687.479	8447.673	0.006389748	1	5.125724	0.4520677	1	2	0.03107243	0.07104816	
18900	909.0505	3.45e+19	0	0	100000	2	1e-05	5.492869e+26	3.538059e+26	3.367504e+26	1.705548e+25	4.29858e+25	1.524952e+26	3.990546e+25	2.570385e+25	2.446477e+25	1.239073e+24	3.1229e+24	1.107871e+25	0.277624	3.990546e+26	2.570385e+26	2.446477e+26	1.239073e+25	0	3.137834e+17	1.420161e+26	0	0	0	0	0	0	0	0	0	0	0	0	0	0	5.140762e+26	0	5.140762e+26	2.323906e+26	0	2.323906e+26	1.244111e+26	0	1.244111e+26	4.647812e+26	0	4.647812e+26	1.384954e+26	0	1.384954e+26	4.436548e+26	0	4.436548e+26	3.459017e+23	9.584831e-10	0.001275836	4.44552e+12	3.841119e+07	609020.6	1.610674e-07	5.545653e-14	2.951187e-21	0.2465331	0.5	0.003935868	0.581738	80.19688	9.972889	10569.8	1.117189e+26	1.827432e+28	5.151575e+27	6.741065e+25	3.118866e+27	1.203261e+27	5.325573e+26	2.294797e+26	0.2188657	0	0.01967987	0.03560219	0.03560219	0.001424136	0.02670164	0	0	0	0	1.280678e-20	0	1.280678e-20	0	-328.877	0	-328.877	0	30149.85	77194.93	2691.62	8447.673	0.006389749	1	5.125903	0.4520677	1	2	0.03113876	0.07115358	
18928	909.0505	3.45e+19	0	0	100000	2	1e-05	5.501007e+26	3.54203e+26	3.37135e+26	1.706795e+25	4.324119e+25	1.526565e+26	3.996458e+25	2.573269e+25	2.449271e+25	1.23998e+24	3.141454e+24	1.109043e+25	0.2775065	3.996458e+26	2.573269e+26	2.449271e+26	1.23998e+25	0	3.137834e+17	1.423189e+26	0	0	0	0	0	0	0	0	0	0	0	0	0	0	5.148378e+26	0	5.148378e+26	2.327349e+26	0	2.327349e+26	1.245955e+26	0	1.245955e+26	4.654698e+26	0	4.654698e+26	1.387006e+26	0	1.387006e+26	4.443121e+26	0	4.443121e+26	3.457797e+23	9.58828e-10	0.001276763	4.44552e+12	3.863966e+07	609224.3	1.613833e-07	5.567425e-14	2.968584e-21	0.247501	0.5	0.003959069	0.6314214	80.31569	9.987664	10569.8	1.117189e+26	1.827432e+28	5.151575e+27	6.741065e+25	3.118866e+27	1.203261e+27	5.325573e+26	2.294797e+26	0.2188657	0	0.01967184	0.03560219	0.03560219	0.001424136	0.02670164	0	0	0	0	1.280678e-20	0	1.280678e-20	0	-328.877	0	-328.877	0	30149.85	77194.93	2695.76	8447.673	0.006389748	1	5.126083	0.4520677	1	2	0.03120514	0.07125899	
18956	909.0505	3.45e+19	0	0	100000	2	1e-05	5.509144e+26	3.545998e+26	3.375194e+26	1.708041e+25	4.351437e+25	1.528003e+26	4.00237e+25	2.576152e+25	2.452064e+25	1.240885e+24	3.1613e+24	1.110088e+25	0.2773576	4.00237e+26	2.576152e+26	2.452064e+26	1.240885e+25	0	3.137834e+17	1.426218e+26	0	0	0	0	0	0	0	0	0	0	0	0	0	0	5.155994e+26	0	5.155994e+26	2.330792e+26	0	2.330792e+26	1.247798e+26	0	1.247798e+26	4.661584e+26	0	4.661584e+26	1.389058e+26	0	1.389058e+26	4.449694e+26	0	4.449694e+26	3.45658e+23	9.591724e-10	0.001277689	4.44552e+12	3.888403e+07	609430.5	1.617197e-07	5.590666e-14	2.987192e-21	0.2485342	0.5	0.003983886	0.6752031	80.4345	10.00244	10569.8	1.117189e+26	1.827432e+28	5.151575e+27	6.741065e+25	3.118866e+27	1.203261e+27	5.325573e+26	2.294797e+26	0.2188657	0	0.01966381	0.03560219	0.03560219	0.001424136	0.02670164	0	0	0	0	1.280678e-20	0	1.280678e-20	0	-328.877	0	-328.877	0	30149.85	77194.93	2699.902	8447.673	0.006389748	1	5.126262	0.4520677	1	2	0.03127156	0.0713644	
18984	909.0505	3.45e+19	0	0	100000	2	1e-05	5.517282e+26	3.549963e+26	3.379035e+26	1.709285e+25	4.380323e+25	1.529286e+26	4.008282e+25	2.579033e+25	2.454854e+25	1.241788e+24	3.182286e+24	1.11102e+25	0.2771811	4.008282e+26	2.579033e+26	2.454854e+26	1.241788e+25	0	3.137834e+17	1.429249e+26	0	0	0	0	0	0	0	0	0	0	0	0	0	0	5.16361e+26	0	5.16361e+26	2.334235e+26	0	2.334235e+26	1.249641e+26	0	1.249641e+26	4.668469e+26	0	4.668469e+26	1.39111e+26	0	1.39111e+26	4.456266e+26	0	4.456266e+26	3.455365e+23	9.595163e-10	0.001278614	4.44552e+12	3.914244e+07	609639.2	1.62074e-07	5.615189e-14	3.006868e-21	0.2496243	0.5	0.004010127	0.7137842	80.55331	10.01721	10569.8	1.117189e+26	1.827432e+28	5.151575e+27	6.741065e+25	3.118866e+27	1.203261e+27	5.325573e+26	2.294797e+26	0.2188657	0	0.01965579	0.03560219	0.03560219	0.001424136	0.02670164	0	0	0	0	1.280678e-20	0	1.280678e-20	0	-328.877	0	-328.877	0	30149.85	77194.93	2704.043	8447.673	0.006389748	1	5.126441	0.4520677	1	2	0.03133801	0.07146981	
19012	909.0505	3.45e+19	0	0	100000	2	1e-05	5.52542e+26	3.553926e+26	3.382874e+26	1.710528e+25	4.410592e+25	1.530434e+26	4.014194e+25	2.581912e+25	2.457643e+25	1.242691e+24	3.204276e+24	1.111854e+25	0.2769806	4.014194e+26	2.581912e+26	2.457643e+26	1.242691e+25	0	3.137834e+17	1.432281e+26	0	0	0	0	0	0	0	0	0	0	0	0	0	0	5.171226e+26	0	5.171226e+26	2.337677e+26	0	2.337677e+26	1.251484e+26	0	1.251484e+26	4.675355e+26	0	4.675355e+26	1.393161e+26	0	1.393161e+26	4.462839e+26	0	4.462839e+26	3.454152e+23	9.598597e-10	0.001279538	4.44552e+12	3.941322e+07	609850.8	1.624436e-07	5.640828e-14	3.027485e-21	0.2507641	0.5	0.004037623	0.7477824	80.67212	10.03199	10569.8	1.117189e+26	1.827432e+28	5.151575e+27	6.741065e+25	3.118866e+27	1.203261e+27	5.325573e+26	2.294797e+26	0.2188657	0	0.01964777	0.03560219	0.03560219	0.001424136	0.02670164	0	0	0	0	1.280678e-20	0	1.280678e-20	0	-328.877	0	-328.877	0	30149.85	77194.93	2708.185	8447.673	0.006389748	1	5.12662	0.4520677	1	2	0.03140451	0.07157523	
19040	909.0505	3.45e+19	0	0	100000	2	1e-05	5.533557e+26	3.557887e+26	3.38671e+26	1.71177e+25	4.44208e+25	1.531462e+26	4.020106e+25	2.58479e+25	2.46043e+25	1.243593e+24	3.227152e+24	1.112601e+25	0.2767591	4.020106e+26	2.58479e+26	2.46043e+26	1.243593e+25	0	3.137834e+17	1.435316e+26	0	0	0	0	0	0	0	0	0	0	0	0	0	0	5.178842e+26	0	5.178842e+26	2.34112e+26	0	2.34112e+26	1.253327e+26	0	1.253327e+26	4.682241e+26	0	4.682241e+26	1.395213e+26	0	1.395213e+26	4.469412e+26	0	4.469412e+26	3.452941e+23	9.602027e-10	0.001280462	4.44552e+12	3.969491e+07	610065.2	1.628263e-07	5.667437e-14	3.048933e-21	0.251947	0.5	0.004066227	0.7777421	80.79093	10.04676	10569.8	1.117189e+26	1.827432e+28	5.151575e+27	6.741065e+25	3.118866e+27	1.203261e+27	5.325573e+26	2.294797e+26	0.2188657	0	0.01963976	0.03560219	0.03560219	0.001424136	0.02670164	0	0	0	0	1.280678e-20	0	1.280678e-20	0	-328.877	0	-328.877	0	30149.85	77194.93	2712.327	8447.673	0.006389748	1	5.126798	0.4520677	1	2	0.03147105	0.07168064	
19068	909.0505	3.45e+19	0	0	100000	2	1e-05	5.541695e+26	3.561845e+26	3.390544e+26	1.71301e+25	4.474643e+25	1.532386e+26	4.026018e+25	2.587665e+25	2.463216e+25	1.244494e+24	3.250809e+24	1.113272e+25	0.2765193	4.026018e+26	2.587665e+26	2.463216e+26	1.244494e+25	0	3.137834e+17	1.438352e+26	0	0	0	0	0	0	0	0	0	0	0	0	0	0	5.186458e+26	0	5.186458e+26	2.344563e+26	0	2.344563e+26	1.25517e+26	0	1.25517e+26	4.689126e+26	0	4.689126e+26	1.397265e+26	0	1.397265e+26	4.475984e+26	0	4.475984e+26	3.451733e+23	9.605451e-10	0.001281384	4.44552e+12	3.998621e+07	610282.7	1.632202e-07	5.69489e-14	3.071112e-21	0.2531674	0.5	0.004095807	0.8041431	80.90974	10.06154	10569.8	1.117189e+26	1.827432e+28	5.151575e+27	6.741065e+25	3.118866e+27	1.203261e+27	5.325573e+26	2.294797e+26	0.2188657	0	0.01963174	0.03560219	0.03560219	0.001424136	0.02670164	0	0	0	0	1.280678e-20	0	1.280678e-20	0	-328.877	0	-328.877	0	30149.85	77194.93	2716.47	8447.673	0.006389748	1	5.126977	0.4520677	1	2	0.03153763	0.07178605	
19096	909.0505	3.45e+19	0	0	100000	2	1e-05	5.549832e+26	3.5658e+26	3.394376e+26	1.714248e+25	4.508153e+25	1.533217e+26	4.031929e+25	2.590539e+25	2.465999e+25	1.245394e+24	3.275154e+24	1.113875e+25	0.2762636	4.031929e+26	2.590539e+26	2.465999e+26	1.245394e+25	0	3.137834e+17	1.441391e+26	0	0	0	0	0	0	0	0	0	0	0	0	0	0	5.194074e+26	0	5.194074e+26	2.348006e+26	0	2.348006e+26	1.257013e+26	0	1.257013e+26	4.696012e+26	0	4.696012e+26	1.399317e+26	0	1.399317e+26	4.482557e+26	0	4.482557e+26	3.450528e+23	9.60887e-10	0.001282304	4.44552e+12	4.028599e+07	610503.4	1.636236e-07	5.723071e-14	3.093937e-21	0.2544202	0.5	0.004126247	0.827408	81.02855	10.07631	10569.8	1.117189e+26	1.827432e+28	5.151575e+27	6.741065e+25	3.118866e+27	1.203261e+27	5.325573e+26	2.294797e+26	0.2188657	0	0.01962373	0.03560219	0.03560219	0.001424136	0.02670164	0	0	0	0	1.280678e-20	0	1.280678e-20	0	-328.877	0	-328.877	0	30149.85	77194.93	2720.612	8447.673	0.006389748	1	5.127155	0.4520677	1	2	0.03160424	0.07189146	
19124	909.0505	3.45e+19	0	0	100000	2	1e-05	5.55797e+26	3.569753e+26	3.398205e+26	1.715485e+25	4.542497e+25	1.533967e+26	4.037841e+25	2.593411e+25	2.468781e+25	1.246293e+24	3.300105e+24	1.11442e+25	0.2759941	4.037841e+26	2.593411e+26	2.468781e+26	1.246293e+25	0	3.137834e+17	1.444431e+26	0	0	0	0	0	0	0	0	0	0	0	0	0	0	5.20169e+26	0	5.20169e+26	2.351449e+26	0	2.351449e+26	1.258856e+26	0	1.258856e+26	4.702898e+26	0	4.702898e+26	1.401368e+26	0	1.401368e+26	4.48913e+26	0	4.48913e+26	3.449324e+23	9.612285e-10	0.001283224	4.44552e+12	4.059323e+07	610727.5	1.640349e-07	5.751882e-14	3.11733e-21	0.2557011	0.5	0.004157445	0.8479094	81.14736	10.09109	10569.8	1.117189e+26	1.827432e+28	5.151575e+27	6.741065e+25	3.118866e+27	1.203261e+27	5.325573e+26	2.294797e+26	0.2188657	0	0.01961572	0.03560219	0.03560219	0.001424136	0.02670164	0	0	0	0	1.280678e-20	0	1.280678e-20	0	-328.877	0	-328.877	0	30149.85	77194.93	2724.755	8447.673	0.006389748	1	5.127333	0.4520677	1	2	0.0316709	0.07199688	
19152	909.0505	3.45e+19	0	0	100000	2	1e-05	5.566107e+26	3.573704e+26	3.402032e+26	1.716721e+25	4.577576e+25	1.534646e+26	4.043753e+25	2.596281e+25	2.471561e+25	1.24719e+24	3.32559e+24	1.114914e+25	0.2757126	4.043753e+26	2.596281e+26	2.471561e+26	1.24719e+25	0	3.137834e+17	1.447473e+26	0	0	0	0	0	0	0	0	0	0	0	0	0	0	5.209306e+26	0	5.209306e+26	2.354892e+26	0	2.354892e+26	1.2607e+26	0	1.2607e+26	4.709783e+26	0	4.709783e+26	1.40342e+26	0	1.40342e+26	4.495702e+26	0	4.495702e+26	3.448123e+23	9.615695e-10	0.001284143	4.44552e+12	4.090706e+07	610955	1.644529e-07	5.781236e-14	3.141223e-21	0.257006	0.5	0.004189311	0.8659755	81.26617	10.10586	10569.8	1.117189e+26	1.827432e+28	5.151575e+27	6.741065e+25	3.118866e+27	1.203261e+27	5.325573e+26	2.294797e+26	0.2188657	0	0.01960772	0.03560219	0.03560219	0.001424136	0.02670164	0	0	0	0	1.280678e-20	0	1.280678e-20	0	-328.877	0	-328.877	0	30149.85	77194.93	2728.899	8447.673	0.006389748	1	5.127511	0.4520677	1	2	0.0317376	0.07210229	
19180	909.0505	3.45e+19	0	0	100000	2	1e-05	5.574245e+26	3.577652e+26	3.405856e+26	1.717955e+25	4.613303e+25	1.535263e+26	4.049665e+25	2.599149e+25	2.47434e+25	1.248087e+24	3.351545e+24	1.115362e+25	0.2754208	4.049665e+26	2.599149e+26	2.47434e+26	1.248087e+25	0	3.137834e+17	1.450516e+26	0	0	0	0	0	0	0	0	0	0	0	0	0	0	5.216922e+26	0	5.216922e+26	2.358334e+26	0	2.358334e+26	1.262543e+26	0	1.262543e+26	4.716669e+26	0	4.716669e+26	1.405472e+26	0	1.405472e+26	4.502275e+26	0	4.502275e+26	3.446925e+23	9.6191e-10	0.001285061	4.44552e+12	4.122667e+07	611186	1.648765e-07	5.811055e-14	3.165558e-21	0.2583316	0.5	0.004221765	0.8818956	81.38498	10.12064	10569.8	1.117189e+26	1.827432e+28	5.151575e+27	6.741065e+25	3.118866e+27	1.203261e+27	5.325573e+26	2.294797e+26	0.2188657	0	0.01959971	0.03560219	0.03560219	0.001424136	0.02670164	0	0	0	0	1.280678e-20	0	1.280678e-20	0	-328.877	0	-328.877	0	30149.85	77194.93	2733.042	8447.673	0.006389748	1	5.127689	0.4520677	1	2	0.03180434	0.0722077	
19208	909.0505	3.45e+19	0	0	100000	2	1e-05	5.582383e+26	3.581597e+26	3.409678e+26	1.719188e+25	4.6496e+25	1.535825e+26	4.055577e+25	2.602015e+25	2.477117e+25	1.248983e+24	3.377914e+24	1.115771e+25	0.2751201	4.055577e+26	2.602015e+26	2.477117e+26	1.248983e+25	0	3.137834e+17	1.453562e+26	0	0	0	0	0	0	0	0	0	0	0	0	0	0	5.224538e+26	0	5.224538e+26	2.361777e+26	0	2.361777e+26	1.264386e+26	0	1.264386e+26	4.723555e+26	0	4.723555e+26	1.407524e+26	0	1.407524e+26	4.508848e+26	0	4.508848e+26	3.445728e+23	9.6225e-10	0.001285977	4.44552e+12	4.155139e+07	611420.8	1.653046e-07	5.841272e-14	3.19028e-21	0.2596749	0.5	0.004254736	0.8959247	81.50379	10.13541	10569.8	1.117189e+26	1.827432e+28	5.151575e+27	6.741065e+25	3.118866e+27	1.203261e+27	5.325573e+26	2.294797e+26	0.2188657	0	0.01959171	0.03560219	0.03560219	0.001424136	0.02670164	0	0	0	0	1.280678e-20	0	1.280678e-20	0	-328.877	0	-328.877	0	30149.85	77194.93	2737.186	8447.673	0.006389749	1	5.127867	0.4520677	1	2	0.03187111	0.07231312	
19236	909.0505	3.45e+19	0	0	100000	2	1e-05	5.59052e+26	3.58554e+26	3.413498e+26	1.720419e+25	4.686398e+25	1.53634e+26	4.061489e+25	2.60488e+25	2.479892e+25	1.249877e+24	3.404648e+24	1.116145e+25	0.2748117	4.061489e+26	2.60488e+26	2.479892e+26	1.249877e+25	0	3.137834e+17	1.456609e+26	0	0	0	0	0	0	0	0	0	0	0	0	0	0	5.232154e+26	0	5.232154e+26	2.36522e+26	0	2.36522e+26	1.266229e+26	0	1.266229e+26	4.73044e+26	0	4.73044e+26	1.409576e+26	0	1.409576e+26	4.51542e+26	0	4.51542e+26	3.444534e+23	9.625895e-10	0.001286893	4.44552e+12	4.18806e+07	611659.3	1.657364e-07	5.871826e-14	3.215345e-21	0.2610332	0.5	0.004288163	0.9082873	81.6226	10.15018	10569.8	1.117189e+26	1.827432e+28	5.151575e+27	6.741065e+25	3.118866e+27	1.203261e+27	5.325573e+26	2.294797e+26	0.2188657	0	0.01958371	0.03560219	0.03560219	0.001424136	0.02670164	0	0	0	0	1.280678e-20	0	1.280678e-20	0	-328.877	0	-328.877	0	30149.85	77194.93	2741.331	8447.673	0.006389748	1	5.128044	0.4520677	1	2	0.03193793	0.07241853	
19264	909.0505	3.45e+19	0	0	100000	2	1e-05	5.598658e+26	3.589481e+26	3.417316e+26	1.721649e+25	4.723637e+25	1.536814e+26	4.067401e+25	2.607742e+25	2.482665e+25	1.250771e+24	3.431702e+24	1.116488e+25	0.2744968	4.067401e+26	2.607742e+26	2.482665e+26	1.250771e+25	0	3.137834e+17	1.459659e+26	0	0	0	0	0	0	0	0	0	0	0	0	0	0	5.239769e+26	0	5.239769e+26	2.368663e+26	0	2.368663e+26	1.268072e+26	0	1.268072e+26	4.737326e+26	0	4.737326e+26	1.411627e+26	0	1.411627e+26	4.521993e+26	0	4.521993e+26	3.443343e+23	9.629285e-10	0.001287808	4.44552e+12	4.221375e+07	611901.6	1.661711e-07	5.902666e-14	3.240709e-21	0.2624042	0.5	0.004321991	0.9191814	81.74141	10.16496	10569.8	1.117189e+26	1.827432e+28	5.151575e+27	6.741065e+25	3.118866e+27	1.203261e+27	5.325573e+26	2.294797e+26	0.2188657	0	0.01957571	0.03560219	0.03560219	0.001424136	0.02670164	0	0	0	0	1.280678e-20	0	1.280678e-20	0	-328.877	0	-328.877	0	30149.85	77194.93	2745.475	8447.673	0.006389748	1	5.128221	0.4520677	1	2	0.03200479	0.07252394	
19292	909.0505	3.45e+19	0	0	100000	2	1e-05	5.606795e+26	3.593419e+26	3.421131e+26	1.722878e+25	4.761264e+25	1.53725e+26	4.073313e+25	2.610603e+25	2.485437e+25	1.251664e+24	3.459038e+24	1.116806e+25	0.2741763	4.073313e+26	2.610603e+26	2.485437e+26	1.251664e+25	0	3.137834e+17	1.46271e+26	0	0	0	0	0	0	0	0	0	0	0	0	0	0	5.247385e+26	0	5.247385e+26	2.372106e+26	0	2.372106e+26	1.269915e+26	0	1.269915e+26	4.744211e+26	0	4.744211e+26	1.413679e+26	0	1.413679e+26	4.528565e+26	0	4.528565e+26	3.442153e+23	9.632671e-10	0.001288721	4.44552e+12	4.255037e+07	612147.8	1.66608e-07	5.933745e-14	3.266338e-21	0.2637858	0.5	0.004356171	0.9287814	81.86022	10.17973	10569.8	1.117189e+26	1.827432e+28	5.151575e+27	6.741065e+25	3.118866e+27	1.203261e+27	5.325573e+26	2.294797e+26	0.2188657	0	0.01956772	0.03560219	0.03560219	0.001424136	0.02670164	0	0	0	0	1.280678e-20	0	1.280678e-20	0	-328.877	0	-328.877	0	30149.85	77194.93	2749.62	8447.673	0.006389748	1	5.128398	0.4520677	1	2	0.03207169	0.07262935	
19320	909.0505	3.45e+19	0	0	100000	2	1e-05	5.614933e+26	3.597354e+26	3.424943e+26	1.724105e+25	4.79923e+25	1.537656e+26	4.079225e+25	2.613462e+25	2.488207e+25	1.252555e+24	3.48662e+24	1.1171e+25	0.2738512	4.079225e+26	2.613462e+26	2.488207e+26	1.252555e+25	0	3.137834e+17	1.465762e+26	0	0	0	0	0	0	0	0	0	0	0	0	0	0	5.255001e+26	0	5.255001e+26	2.375549e+26	0	2.375549e+26	1.271758e+26	0	1.271758e+26	4.751097e+26	0	4.751097e+26	1.415731e+26	0	1.415731e+26	4.535138e+26	0	4.535138e+26	3.440966e+23	9.636051e-10	0.001289634	4.44552e+12	4.289004e+07	612398.1	1.670465e-07	5.965024e-14	3.292198e-21	0.2651763	0.5	0.00439066	0.9372412	81.97903	10.19451	10569.8	1.117189e+26	1.827432e+28	5.151575e+27	6.741065e+25	3.118866e+27	1.203261e+27	5.325573e+26	2.294797e+26	0.2188657	0	0.01955972	0.03560219	0.03560219	0.001424136	0.02670164	0	0	0	0	1.280678e-20	0	1.280678e-20	0	-328.877	0	-328.877	0	30149.85	77194.93	2753.765	8447.673	0.006389748	1	5.128575	0.4520676	1	2	0.03213862	0.07273477	
19348	909.0505	3.45e+19	0	0	100000	2	1e-05	5.623071e+26	3.601287e+26	3.428754e+26	1.725331e+25	4.837496e+25	1.538034e+26	4.085137e+25	2.61632e+25	2.490975e+25	1.253446e+24	3.51442e+24	1.117375e+25	0.2735221	4.085137e+26	2.61632e+26	2.490975e+26	1.253446e+25	0	3.137834e+17	1.468817e+26	0	0	0	0	0	0	0	0	0	0	0	0	0	0	5.262617e+26	0	5.262617e+26	2.378991e+26	0	2.378991e+26	1.273601e+26	0	1.273601e+26	4.757983e+26	0	4.757983e+26	1.417783e+26	0	1.417783e+26	4.541711e+26	0	4.541711e+26	3.439782e+23	9.639427e-10	0.001290545	4.44552e+12	4.323238e+07	612652.5	1.674862e-07	5.996465e-14	3.318262e-21	0.266574	0.5	0.00442542	0.944696	82.09784	10.20928	10569.8	1.117189e+26	1.827432e+28	5.151575e+27	6.741065e+25	3.118866e+27	1.203261e+27	5.325573e+26	2.294797e+26	0.2188657	0	0.01955173	0.03560219	0.03560219	0.001424136	0.02670164	0	0	0	0	1.280678e-20	0	1.280678e-20	0	-328.877	0	-328.877	0	30149.85	77194.93	2757.911	8447.673	0.006389748	1	5.128752	0.4520677	1	2	0.0322056	0.07284018	
19376	909.0505	3.45e+19	0	0	100000	2	1e-05	5.631208e+26	3.605217e+26	3.432562e+26	1.726556e+25	4.876023e+25	1.538388e+26	4.091049e+25	2.619175e+25	2.493742e+25	1.254335e+24	3.54241e+24	1.117633e+25	0.2731898	4.091049e+26	2.619175e+26	2.493742e+26	1.254335e+25	0	3.137834e+17	1.471874e+26	0	0	0	0	0	0	0	0	0	0	0	0	0	0	5.270233e+26	0	5.270233e+26	2.382434e+26	0	2.382434e+26	1.275445e+26	0	1.275445e+26	4.764868e+26	0	4.764868e+26	1.419835e+26	0	1.419835e+26	4.548283e+26	0	4.548283e+26	3.438599e+23	9.642799e-10	0.001291455	4.44552e+12	4.357706e+07	612911.1	1.679265e-07	6.028039e-14	3.344505e-21	0.2679776	0.5	0.004460418	0.9512653	82.21665	10.22406	10569.8	1.117189e+26	1.827432e+28	5.151575e+27	6.741065e+25	3.118866e+27	1.203261e+27	5.325573e+26	2.294797e+26	0.2188657	0	0.01954375	0.03560219	0.03560219	0.001424136	0.02670164	0	0	0	0	1.280678e-20	0	1.280678e-20	0	-328.877	0	-328.877	0	30149.85	77194.93	2762.056	8447.673	0.006389748	1	5.128929	0.4520677	1	2	0.03227262	0.07294559	
19404	909.0505	3.45e+19	0	0	100000	2	1e-05	5.639346e+26	3.609145e+26	3.436368e+26	1.727779e+25	4.914779e+25	1.538722e+26	4.096961e+25	2.622029e+25	2.496506e+25	1.255224e+24	3.570566e+24	1.117875e+25	0.2728548	4.096961e+26	2.622029e+26	2.496506e+26	1.255224e+25	0	3.137834e+17	1.474932e+26	0	0	0	0	0	0	0	0	0	0	0	0	0	0	5.277849e+26	0	5.277849e+26	2.385877e+26	0	2.385877e+26	1.277288e+26	0	1.277288e+26	4.771754e+26	0	4.771754e+26	1.421886e+26	0	1.421886e+26	4.554856e+26	0	4.554856e+26	3.437419e+23	9.646165e-10	0.001292365	4.44552e+12	4.392379e+07	613173.9	1.683672e-07	6.059717e-14	3.370903e-21	0.2693859	0.5	0.004495624	0.9570542	82.33547	10.23883	10569.8	1.117189e+26	1.827432e+28	5.151575e+27	6.741065e+25	3.118866e+27	1.203261e+27	5.325573e+26	2.294797e+26	0.2188657	0	0.01953576	0.03560219	0.03560219	0.001424136	0.02670164	0	0	0	0	1.280678e-20	0	1.280678e-20	0	-328.877	0	-328.877	0	30149.85	77194.93	2766.202	8447.673	0.006389748	1	5.129105	0.4520677	1	2	0.03233967	0.073051	
19432	909.0505	3.45e+19	0	0	100000	2	1e-05	5.647483e+26	3.613071e+26	3.440171e+26	1.729e+25	4.953734e+25	1.539039e+26	4.102872e+25	2.624881e+25	2.499269e+25	1.256111e+24	3.598867e+24	1.118105e+25	0.2725177	4.102872e+26	2.624881e+26	2.499269e+26	1.256111e+25	0	3.137834e+17	1.477992e+26	0	0	0	0	0	0	0	0	0	0	0	0	0	0	5.285465e+26	0	5.285465e+26	2.38932e+26	0	2.38932e+26	1.279131e+26	0	1.279131e+26	4.77864e+26	0	4.77864e+26	1.423938e+26	0	1.423938e+26	4.561429e+26	0	4.561429e+26	3.436241e+23	9.649527e-10	0.001293273	4.44552e+12	4.427231e+07	613441	1.688078e-07	6.091475e-14	3.397437e-21	0.2707977	0.5	0.004531012	0.9621556	82.45428	10.25361	10569.8	1.117189e+26	1.827432e+28	5.151575e+27	6.741065e+25	3.118866e+27	1.203261e+27	5.325573e+26	2.294797e+26	0.2188657	0	0.01952778	0.03560219	0.03560219	0.001424136	0.02670164	0	0	0	0	1.280678e-20	0	1.280678e-20	0	-328.877	0	-328.877	0	30149.85	77194.93	2770.349	8447.673	0.006389748	1	5.129282	0.4520677	1	2	0.03240677	0.07315642	
19460	909.0505	3.45e+19	0	0	100000	2	1e-05	5.655621e+26	3.616994e+26	3.443972e+26	1.73022e+25	4.992864e+25	1.539341e+26	4.108784e+25	2.627731e+25	2.502031e+25	1.256998e+24	3.627294e+24	1.118324e+25	0.2721789	4.108784e+26	2.627731e+26	2.502031e+26	1.256998e+25	0	3.137834e+17	1.481054e+26	0	0	0	0	0	0	0	0	0	0	0	0	0	0	5.293081e+26	0	5.293081e+26	2.392763e+26	0	2.392763e+26	1.280974e+26	0	1.280974e+26	4.785525e+26	0	4.785525e+26	1.42599e+26	0	1.42599e+26	4.568001e+26	0	4.568001e+26	3.435065e+23	9.652884e-10	0.00129418	4.44552e+12	4.46224e+07	613712.6	1.692481e-07	6.123292e-14	3.42409e-21	0.2722122	0.5	0.004566558	0.9666509	82.57309	10.26838	10569.8	1.117189e+26	1.827432e+28	5.151575e+27	6.741065e+25	3.118866e+27	1.203261e+27	5.325573e+26	2.294797e+26	0.2188657	0	0.01951979	0.03560219	0.03560219	0.001424136	0.02670164	0	0	0	0	1.280678e-20	0	1.280678e-20	0	-328.877	0	-328.877	0	30149.85	77194.93	2774.495	8447.673	0.006389748	1	5.129458	0.4520676	1	2	0.0324739	0.07326183	
19488	909.0505	3.45e+19	0	0	100000	2	1e-05	5.663758e+26	3.620914e+26	3.447771e+26	1.731439e+25	5.032145e+25	1.539629e+26	4.114696e+25	2.630579e+25	2.504791e+25	1.257883e+24	3.655832e+24	1.118534e+25	0.2718388	4.114696e+26	2.630579e+26	2.504791e+26	1.257883e+25	0	3.137834e+17	1.484117e+26	0	0	0	0	0	0	0	0	0	0	0	0	0	0	5.300697e+26	0	5.300697e+26	2.396206e+26	0	2.396206e+26	1.282817e+26	0	1.282817e+26	4.792411e+26	0	4.792411e+26	1.428042e+26	0	1.428042e+26	4.574574e+26	0	4.574574e+26	3.433892e+23	9.656236e-10	0.001295087	4.44552e+12	4.497384e+07	613988.5	1.696878e-07	6.15515e-14	3.450847e-21	0.2736284	0.5	0.004602242	0.9706123	82.6919	10.28316	10569.8	1.117189e+26	1.827432e+28	5.151575e+27	6.741065e+25	3.118866e+27	1.203261e+27	5.325573e+26	2.294797e+26	0.2188657	0	0.01951182	0.03560219	0.03560219	0.001424136	0.02670164	0	0	0	0	1.280678e-20	0	1.280678e-20	0	-328.877	0	-328.877	0	30149.85	77194.93	2778.642	8447.673	0.006389748	1	5.129634	0.4520677	1	2	0.03254108	0.07336724	
19516	909.0505	3.45e+19	0	0	100000	2	1e-05	5.671896e+26	3.624833e+26	3.451567e+26	1.732657e+25	5.071557e+25	1.539908e+26	4.120608e+25	2.633425e+25	2.507549e+25	1.258768e+24	3.684465e+24	1.118736e+25	0.2714979	4.120608e+26	2.633425e+26	2.507549e+26	1.258768e+25	0	3.137834e+17	1.487183e+26	0	0	0	0	0	0	0	0	0	0	0	0	0	0	5.308313e+26	0	5.308313e+26	2.399648e+26	0	2.399648e+26	1.28466e+26	0	1.28466e+26	4.799297e+26	0	4.799297e+26	1.430093e+26	0	1.430093e+26	4.581147e+26	0	4.581147e+26	3.432721e+23	9.659583e-10	0.001295992	4.44552e+12	4.532645e+07	614269	1.701267e-07	6.187031e-14	3.477693e-21	0.2750457	0.5	0.004638046	0.9741031	82.81071	10.29793	10569.8	1.117189e+26	1.827432e+28	5.151575e+27	6.741065e+25	3.118866e+27	1.203261e+27	5.325573e+26	2.294797e+26	0.2188657	0	0.01950384	0.03560219	0.03560219	0.001424136	0.02670164	0	0	0	0	1.280678e-20	0	1.280678e-20	0	-328.877	0	-328.877	0	30149.85	77194.93	2782.79	8447.673	0.006389748	1	5.129809	0.4520676	1	2	0.03260829	0.07347266	
19544	909.0505	3.45e+19	0	0	100000	2	1e-05	5.680034e+26	3.628748e+26	3.455361e+26	1.733873e+25	5.111083e+25	1.540177e+26	4.12652e+25	2.63627e+25	2.510305e+25	1.259651e+24	3.71318e+24	1.118932e+25	0.2711564	4.12652e+26	2.63627e+26	2.510305e+26	1.259651e+25	0	3.137834e+17	1.49025e+26	0	0	0	0	0	0	0	0	0	0	0	0	0	0	5.315929e+26	0	5.315929e+26	2.403091e+26	0	2.403091e+26	1.286503e+26	0	1.286503e+26	4.806182e+26	0	4.806182e+26	1.432145e+26	0	1.432145e+26	4.587719e+26	0	4.587719e+26	3.431552e+23	9.662926e-10	0.001296896	4.44552e+12	4.568008e+07	614554.1	1.705646e-07	6.218922e-14	3.504616e-21	0.2764634	0.5	0.004673952	0.9771793	82.92952	10.31271	10569.8	1.117189e+26	1.827432e+28	5.151575e+27	6.741065e+25	3.118866e+27	1.203261e+27	5.325573e+26	2.294797e+26	0.2188657	0	0.01949586	0.03560219	0.03560219	0.001424136	0.02670164	0	0	0	0	1.280678e-20	0	1.280678e-20	0	-328.877	0	-328.877	0	30149.85	77194.93	2786.937	8447.673	0.006389749	1	5.129985	0.4520676	1	2	0.03267555	0.07357807	
19572	909.0505	3.45e+19	0	0	100000	2	1e-05	5.688171e+26	3.632661e+26	3.459153e+26	1.735088e+25	5.150706e+25	1.540439e+26	4.132432e+25	2.639113e+25	2.51306e+25	1.260534e+24	3.741966e+24	1.119123e+25	0.2708145	4.132432e+26	2.639113e+26	2.51306e+26	1.260534e+25	0	3.137834e+17	1.493319e+26	0	0	0	0	0	0	0	0	0	0	0	0	0	0	5.323545e+26	0	5.323545e+26	2.406534e+26	0	2.406534e+26	1.288346e+26	0	1.288346e+26	4.813068e+26	0	4.813068e+26	1.434197e+26	0	1.434197e+26	4.594292e+26	0	4.594292e+26	3.430385e+23	9.666264e-10	0.001297799	4.44552e+12	4.603458e+07	614843.8	1.710013e-07	6.25081e-14	3.531606e-21	0.277881	0.5	0.004709947	0.9798901	83.04833	10.32748	10569.8	1.117189e+26	1.827432e+28	5.151575e+27	6.741065e+25	3.118866e+27	1.203261e+27	5.325573e+26	2.294797e+26	0.2188657	0	0.01948789	0.03560219	0.03560219	0.001424136	0.02670164	0	0	0	0	1.280678e-20	0	1.280678e-20	0	-328.877	0	-328.877	0	30149.85	77194.93	2791.085	8447.673	0.006389748	1	5.130161	0.4520676	1	2	0.03274284	0.07368348	
19600	909.0505	3.45e+19	0	0	100000	2	1e-05	5.696309e+26	3.636572e+26	3.462942e+26	1.736301e+25	5.190411e+25	1.540696e+26	4.138344e+25	2.641954e+25	2.515812e+25	1.261415e+24	3.770812e+24	1.119309e+25	0.2704727	4.138344e+26	2.641954e+26	2.515812e+26	1.261415e+25	0	3.137834e+17	1.49639e+26	0	0	0	0	0	0	0	0	0	0	0	0	0	0	5.331161e+26	0	5.331161e+26	2.409977e+26	0	2.409977e+26	1.29019e+26	0	1.29019e+26	4.819954e+26	0	4.819954e+26	1.436249e+26	0	1.436249e+26	4.600865e+26	0	4.600865e+26	3.429221e+23	9.669597e-10	0.001298701	4.44552e+12	4.638983e+07	615138.2	1.714367e-07	6.282683e-14	3.558652e-21	0.2792979	0.5	0.004746017	0.9822788	83.16714	10.34226	10569.8	1.117189e+26	1.827432e+28	5.151575e+27	6.741065e+25	3.118866e+27	1.203261e+27	5.325573e+26	2.294797e+26	0.2188657	0	0.01947992	0.03560219	0.03560219	0.001424136	0.02670164	0	0	0	0	1.280678e-20	0	1.280678e-20	0	-328.877	0	-328.877	0	30149.85	77194.93	2795.233	8447.673	0.006389748	1	5.130336	0.4520676	1	2	0.03281017	0.07378889	
19628	909.0505	3.45e+19	0	0	100000	2	1e-05	5.704446e+26	3.64048e+26	3.466729e+26	1.737513e+25	5.230187e+25	1.540948e+26	4.144256e+25	2.644793e+25	2.518564e+25	1.262296e+24	3.799709e+24	1.119492e+25	0.270131	4.144256e+26	2.644793e+26	2.518564e+26	1.262296e+25	0	3.137834e+17	1.499463e+26	0	0	0	0	0	0	0	0	0	0	0	0	0	0	5.338777e+26	0	5.338777e+26	2.41342e+26	0	2.41342e+26	1.292033e+26	0	1.292033e+26	4.826839e+26	0	4.826839e+26	1.438301e+26	0	1.438301e+26	4.607437e+26	0	4.607437e+26	3.428059e+23	9.672926e-10	0.001299602	4.44552e+12	4.67457e+07	615437.4	1.718707e-07	6.314533e-14	3.585746e-21	0.2807138	0.5	0.004782152	0.9843838	83.28595	10.35703	10569.8	1.117189e+26	1.827432e+28	5.151575e+27	6.741065e+25	3.118866e+27	1.203261e+27	5.325573e+26	2.294797e+26	0.2188657	0	0.01947195	0.03560219	0.03560219	0.001424136	0.02670164	0	0	0	0	1.280678e-20	0	1.280678e-20	0	-328.877	0	-328.877	0	30149.85	77194.93	2799.382	8447.673	0.006389748	1	5.130511	0.4520676	1	2	0.03287754	0.07389431	
19656	909.0505	3.45e+19	0	0	100000	2	1e-05	5.712584e+26	3.644386e+26	3.470513e+26	1.738724e+25	5.270022e+25	1.541196e+26	4.150168e+25	2.647631e+25	2.521313e+25	1.263175e+24	3.828649e+24	1.119672e+25	0.2697896	4.150168e+26	2.647631e+26	2.521313e+26	1.263175e+25	0	3.137834e+17	1.502537e+26	0	0	0	0	0	0	0	0	0	0	0	0	0	0	5.346393e+26	0	5.346393e+26	2.416862e+26	0	2.416862e+26	1.293876e+26	0	1.293876e+26	4.833725e+26	0	4.833725e+26	1.440352e+26	0	1.440352e+26	4.61401e+26	0	4.61401e+26	3.426899e+23	9.67625e-10	0.001300502	4.44552e+12	4.710211e+07	615741.4	1.723032e-07	6.346349e-14	3.612881e-21	0.2821282	0.5	0.00481834	0.9862388	83.40476	10.3718	10569.8	1.117189e+26	1.827432e+28	5.151575e+27	6.741065e+25	3.118866e+27	1.203261e+27	5.325573e+26	2.294797e+26	0.2188657	0	0.01946398	0.03560219	0.03560219	0.001424136	0.02670164	0	0	0	0	1.280678e-20	0	1.280678e-20	0	-328.877	0	-328.877	0	30149.85	77194.93	2803.53	8447.673	0.006389748	1	5.130686	0.4520676	1	2	0.03294495	0.07399972	
19684	909.0505	3.45e+19	0	0	100000	2	1e-05	5.720722e+26	3.648289e+26	3.474296e+26	1.739933e+25	5.309906e+25	1.541442e+26	4.15608e+25	2.650466e+25	2.524061e+25	1.264054e+24	3.857624e+24	1.119851e+25	0.2694489	4.15608e+26	2.650466e+26	2.524061e+26	1.264054e+25	0	3.137834e+17	1.505613e+26	0	0	0	0	0	0	0	0	0	0	0	0	0	0	5.354009e+26	0	5.354009e+26	2.420305e+26	0	2.420305e+26	1.295719e+26	0	1.295719e+26	4.840611e+26	0	4.840611e+26	1.442404e+26	0	1.442404e+26	4.620583e+26	0	4.620583e+26	3.425741e+23	9.679569e-10	0.001301401	4.44552e+12	4.745896e+07	616050.3	1.72734e-07	6.378125e-14	3.640049e-21	0.2835408	0.5	0.004854573	0.9878734	83.52357	10.38658	10569.8	1.117189e+26	1.827432e+28	5.151575e+27	6.741065e+25	3.118866e+27	1.203261e+27	5.325573e+26	2.294797e+26	0.2188657	0	0.01945602	0.03560219	0.03560219	0.001424136	0.02670164	0	0	0	0	1.280678e-20	0	1.280678e-20	0	-328.877	0	-328.877	0	30149.85	77194.93	2807.679	8447.673	0.006389748	1	5.130861	0.4520676	1	2	0.0330124	0.07410513	
19712	909.0505	3.45e+19	0	0	100000	2	1e-05	5.728859e+26	3.65219e+26	3.478076e+26	1.741141e+25	5.34983e+25	1.541686e+26	4.161992e+25	2.6533e+25	2.526807e+25	1.264931e+24	3.886628e+24	1.120028e+25	0.2691088	4.161992e+26	2.6533e+26	2.526807e+26	1.264931e+25	0	3.137834e+17	1.508691e+26	0	0	0	0	0	0	0	0	0	0	0	0	0	0	5.361625e+26	0	5.361625e+26	2.423748e+26	0	2.423748e+26	1.297562e+26	0	1.297562e+26	4.847496e+26	0	4.847496e+26	1.444456e+26	0	1.444456e+26	4.627155e+26	0	4.627155e+26	3.424585e+23	9.682884e-10	0.001302299	4.44552e+12	4.781616e+07	616364.1	1.731631e-07	6.409854e-14	3.667245e-21	0.2849513	0.5	0.004890843	0.9893139	83.64238	10.40135	10569.8	1.117189e+26	1.827432e+28	5.151575e+27	6.741065e+25	3.118866e+27	1.203261e+27	5.325573e+26	2.294797e+26	0.2188657	0	0.01944806	0.03560219	0.03560219	0.001424136	0.02670164	0	0	0	0	1.280678e-20	0	1.280678e-20	0	-328.877	0	-328.877	0	30149.85	77194.93	2811.829	8447.673	0.006389748	1	5.131035	0.4520676	1	2	0.03307989	0.07421054	
19740	909.0505	3.45e+19	0	0	100000	2	1e-05	5.736997e+26	3.656088e+26	3.481854e+26	1.742347e+25	5.389785e+25	1.54193e+26	4.167904e+25	2.656132e+25	2.529552e+25	1.265808e+24	3.915656e+24	1.120206e+25	0.2687695	4.167904e+26	2.656132e+26	2.529552e+26	1.265808e+25	0	3.137834e+17	1.511771e+26	0	0	0	0	0	0	0	0	0	0	0	0	0	0	5.369241e+26	0	5.369241e+26	2.427191e+26	0	2.427191e+26	1.299405e+26	0	1.299405e+26	4.854382e+26	0	4.854382e+26	1.446508e+26	0	1.446508e+26	4.633728e+26	0	4.633728e+26	3.423432e+23	9.686194e-10	0.001303196	4.44552e+12	4.817365e+07	616682.9	1.735904e-07	6.441529e-14	3.694462e-21	0.2863595	0.5	0.004927142	0.9905832	83.76119	10.41613	10569.8	1.117189e+26	1.827432e+28	5.151575e+27	6.741065e+25	3.118866e+27	1.203261e+27	5.325573e+26	2.294797e+26	0.2188657	0	0.0194401	0.03560219	0.03560219	0.001424136	0.02670164	0	0	0	0	1.280678e-20	0	1.280678e-20	0	-328.877	0	-328.877	0	30149.85	77194.93	2815.978	8447.673	0.006389748	1	5.13121	0.4520676	1	2	0.03314742	0.07431596	
19768	909.0505	3.45e+19	0	0	100000	2	1e-05	5.745134e+26	3.659984e+26	3.485629e+26	1.743552e+25	5.429765e+25	1.542174e+26	4.173816e+25	2.658963e+25	2.532295e+25	1.266683e+24	3.944701e+24	1.120383e+25	0.2684313	4.173816e+26	2.658963e+26	2.532295e+26	1.266683e+25	0	3.137834e+17	1.514853e+26	0	0	0	0	0	0	0	0	0	0	0	0	0	0	5.376856e+26	0	5.376856e+26	2.430634e+26	0	2.430634e+26	1.301248e+26	0	1.301248e+26	4.861267e+26	0	4.861267e+26	1.44856e+26	0	1.44856e+26	4.640301e+26	0	4.640301e+26	3.422281e+23	9.6895e-10	0.001304092	4.44552e+12	4.853136e+07	617006.8	1.740159e-07	6.473147e-14	3.721696e-21	0.287765	0.5	0.004963462	0.9917018	83.88	10.4309	10569.8	1.117189e+26	1.827432e+28	5.151575e+27	6.741065e+25	3.118866e+27	1.203261e+27	5.325573e+26	2.294797e+26	0.2188657	0	0.01943214	0.03560219	0.03560219	0.001424136	0.02670164	0	0	0	0	1.280678e-20	0	1.280678e-20	0	-328.877	0	-328.877	0	30149.85	77194.93	2820.128	8447.673	0.006389748	1	5.131384	0.4520676	1	2	0.03321499	0.07442137	
19796	909.0505	3.45e+19	0	0	100000	2	1e-05	5.753272e+26	3.663878e+26	3.489402e+26	1.744756e+25	5.469762e+25	1.542418e+26	4.179727e+25	2.661791e+25	2.535036e+25	1.267558e+24	3.973759e+24	1.12056e+25	0.2680941	4.179727e+26	2.661791e+26	2.535036e+26	1.267558e+25	0	3.137834e+17	1.517936e+26	0	0	0	0	0	0	0	0	0	0	0	0	0	0	5.384472e+26	0	5.384472e+26	2.434077e+26	0	2.434077e+26	1.303091e+26	0	1.303091e+26	4.868153e+26	0	4.868153e+26	1.450611e+26	0	1.450611e+26	4.646873e+26	0	4.646873e+26	3.421132e+23	9.692801e-10	0.001304987	4.44552e+12	4.888923e+07	617335.7	1.744396e-07	6.504702e-14	3.748943e-21	0.2891678	0.5	0.0049998	0.9926875	83.99881	10.44568	10569.8	1.117189e+26	1.827432e+28	5.151575e+27	6.741065e+25	3.118866e+27	1.203261e+27	5.325573e+26	2.294797e+26	0.2188657	0	0.01942418	0.03560219	0.03560219	0.001424136	0.02670164	0	0	0	0	1.280678e-20	0	1.280678e-20	0	-328.877	0	-328.877	0	30149.85	77194.93	2824.278	8447.673	0.006389749	1	5.131558	0.4520676	1	2	0.03328259	0.07452678	
19824	909.0505	3.45e+19	0	0	100000	2	1e-05	5.761409e+26	3.667769e+26	3.493173e+26	1.745958e+25	5.509771e+25	1.542664e+26	4.185639e+25	2.664618e+25	2.537775e+25	1.268431e+24	4.002825e+24	1.120739e+25	0.2677581	4.185639e+26	2.664618e+26	2.537775e+26	1.268431e+25	0	3.137834e+17	1.521021e+26	0	0	0	0	0	0	0	0	0	0	0	0	0	0	5.392088e+26	0	5.392088e+26	2.437519e+26	0	2.437519e+26	1.304935e+26	0	1.304935e+26	4.875039e+26	0	4.875039e+26	1.452663e+26	0	1.452663e+26	4.653446e+26	0	4.653446e+26	3.419985e+23	9.696097e-10	0.001305881	4.44552e+12	4.924721e+07	617669.8	1.748613e-07	6.536189e-14	3.776197e-21	0.2905676	0.5	0.005036148	0.9935561	84.11762	10.46045	10569.8	1.117189e+26	1.827432e+28	5.151575e+27	6.741065e+25	3.118866e+27	1.203261e+27	5.325573e+26	2.294797e+26	0.2188657	0	0.01941623	0.03560219	0.03560219	0.001424136	0.02670164	0	0	0	0	1.280678e-20	0	1.280678e-20	0	-328.877	0	-328.877	0	30149.85	77194.93	2828.429	8447.673	0.006389748	1	5.131732	0.4520676	1	2	0.03335024	0.07463219	
19852	909.0505	3.45e+19	0	0	100000	2	1e-05	5.769547e+26	3.671657e+26	3.496941e+26	1.74716e+25	5.549786e+25	1.542911e+26	4.191551e+25	2.667443e+25	2.540513e+25	1.269304e+24	4.031896e+24	1.120918e+25	0.2674233	4.191551e+26	2.667443e+26	2.540513e+26	1.269304e+25	0	3.137834e+17	1.524108e+26	0	0	0	0	0	0	0	0	0	0	0	0	0	0	5.399704e+26	0	5.399704e+26	2.440962e+26	0	2.440962e+26	1.306778e+26	0	1.306778e+26	4.881924e+26	0	4.881924e+26	1.454715e+26	0	1.454715e+26	4.660019e+26	0	4.660019e+26	3.41884e+23	9.699389e-10	0.001306774	4.44552e+12	4.960525e+07	618009.1	1.75281e-07	6.567607e-14	3.803457e-21	0.2919643	0.5	0.005072502	0.9943216	84.23643	10.47523	10569.8	1.117189e+26	1.827432e+28	5.151575e+27	6.741065e+25	3.118866e+27	1.203261e+27	5.325573e+26	2.294797e+26	0.2188657	0	0.01940827	0.03560219	0.03560219	0.001424136	0.02670164	0	0	0	0	1.280678e-20	0	1.280678e-20	0	-328.877	0	-328.877	0	30149.85	77194.93	2832.58	8447.673	0.006389748	1	5.131906	0.4520676	1	2	0.03341792	0.07473761	
19880	909.0505	3.45e+19	0	0	100000	2	1e-05	5.777685e+26	3.675543e+26	3.500707e+26	1.748359e+25	5.589803e+25	1.543161e+26	4.197463e+25	2.670266e+25	2.543249e+25	1.270176e+24	4.060968e+24	1.1211e+25	0.2670899	4.197463e+26	2.670266e+26	2.543249e+26	1.270176e+25	0	3.137834e+17	1.527197e+26	0	0	0	0	0	0	0	0	0	0	0	0	0	0	5.40732e+26	0	5.40732e+26	2.444405e+26	0	2.444405e+26	1.308621e+26	0	1.308621e+26	4.88881e+26	0	4.88881e+26	1.456767e+26	0	1.456767e+26	4.666591e+26	0	4.666591e+26	3.417698e+23	9.702676e-10	0.001307666	4.44552e+12	4.99633e+07	618353.7	1.756988e-07	6.598951e-14	3.830717e-21	0.2933577	0.5	0.005108858	0.9949961	84.35524	10.49	10569.8	1.117189e+26	1.827432e+28	5.151575e+27	6.741065e+25	3.118866e+27	1.203261e+27	5.325573e+26	2.294797e+26	0.2188657	0	0.01940032	0.03560219	0.03560219	0.001424136	0.02670164	0	0	0	0	1.280678e-20	0	1.280678e-20	0	-328.877	0	-328.877	0	30149.85	77194.93	2836.731	8447.673	0.006389748	1	5.13208	0.4520676	1	2	0.03348565	0.07484302	
19908	909.0505	3.45e+19	0	0	100000	2	1e-05	5.785822e+26	3.679427e+26	3.504471e+26	1.749558e+25	5.629817e+25	1.543414e+26	4.203375e+25	2.673088e+25	2.545983e+25	1.271046e+24	4.090038e+24	1.121283e+25	0.2667579	4.203375e+26	2.673088e+26	2.545983e+26	1.271046e+25	0	3.137834e+17	1.530287e+26	0	0	0	0	0	0	0	0	0	0	0	0	0	0	5.414936e+26	0	5.414936e+26	2.447848e+26	0	2.447848e+26	1.310464e+26	0	1.310464e+26	4.895696e+26	0	4.895696e+26	1.458818e+26	0	1.458818e+26	4.673164e+26	0	4.673164e+26	3.416557e+23	9.705959e-10	0.001308557	4.44552e+12	5.032133e+07	618703.6	1.761145e-07	6.630218e-14	3.857976e-21	0.2947477	0.5	0.005145212	0.9955905	84.47405	10.50478	10569.8	1.117189e+26	1.827432e+28	5.151575e+27	6.741065e+25	3.118866e+27	1.203261e+27	5.325573e+26	2.294797e+26	0.2188657	0	0.01939237	0.03560219	0.03560219	0.001424136	0.02670164	0	0	0	0	1.280678e-20	0	1.280678e-20	0	-328.877	0	-328.877	0	30149.85	77194.93	2840.882	8447.673	0.006389748	1	5.132253	0.4520676	1	2	0.03355341	0.07494843	
19936	909.0505	3.45e+19	0	0	100000	2	1e-05	5.79396e+26	3.683308e+26	3.508233e+26	1.750755e+25	5.669823e+25	1.543669e+26	4.209287e+25	2.675908e+25	2.548716e+25	1.271916e+24	4.119102e+24	1.121469e+25	0.2664273	4.209287e+26	2.675908e+26	2.548716e+26	1.271916e+25	0	3.137834e+17	1.533379e+26	0	0	0	0	0	0	0	0	0	0	0	0	0	0	5.422552e+26	0	5.422552e+26	2.451291e+26	0	2.451291e+26	1.312307e+26	0	1.312307e+26	4.902581e+26	0	4.902581e+26	1.46087e+26	0	1.46087e+26	4.679737e+26	0	4.679737e+26	3.415419e+23	9.709237e-10	0.001309447	4.44552e+12	5.06793e+07	619058.9	1.765283e-07	6.661407e-14	3.885229e-21	0.2961342	0.5	0.005181559	0.9961143	84.59286	10.51955	10569.8	1.117189e+26	1.827432e+28	5.151575e+27	6.741065e+25	3.118866e+27	1.203261e+27	5.325573e+26	2.294797e+26	0.2188657	0	0.01938442	0.03560219	0.03560219	0.001424136	0.02670164	0	0	0	0	1.280678e-20	0	1.280678e-20	0	-328.877	0	-328.877	0	30149.85	77194.93	2845.034	8447.673	0.006389748	1	5.132426	0.4520676	1	2	0.03362121	0.07505385	
19964	909.0505	3.45e+19	0	0	100000	2	1e-05	5.802097e+26	3.687187e+26	3.511992e+26	1.75195e+25	5.709819e+25	1.543929e+26	4.215199e+25	2.678726e+25	2.551447e+25	1.272784e+24	4.148159e+24	1.121658e+25	0.2660984	4.215199e+26	2.678726e+26	2.551447e+26	1.272784e+25	0	3.137834e+17	1.536473e+26	0	0	0	0	0	0	0	0	0	0	0	0	0	0	5.430168e+26	0	5.430168e+26	2.454734e+26	0	2.454734e+26	1.31415e+26	0	1.31415e+26	4.909467e+26	0	4.909467e+26	1.462922e+26	0	1.462922e+26	4.686309e+26	0	4.686309e+26	3.414283e+23	9.71251e-10	0.001310336	4.44552e+12	5.103717e+07	619419.6	1.7694e-07	6.692514e-14	3.912476e-21	0.297517	0.5	0.005217897	0.9965758	84.71167	10.53433	10569.8	1.117189e+26	1.827432e+28	5.151575e+27	6.741065e+25	3.118866e+27	1.203261e+27	5.325573e+26	2.294797e+26	0.2188657	0	0.01937648	0.03560219	0.03560219	0.001424136	0.02670164	0	0	0	0	1.280678e-20	0	1.280678e-20	0	-328.877	0	-328.877	0	30149.85	77194.93	2849.186	8447.673	0.006389748	1	5.1326	0.4520676	1	2	0.03368905	0.07515926	
19992	909.0505	3.45e+19	0	0	100000	2	1e-05	5.810235e+26	3.691063e+26	3.515749e+26	1.753145e+25	5.7498e+25	1.544192e+26	4.221111e+25	2.681542e+25	2.554176e+25	1.273652e+24	4.177205e+24	1.121849e+25	0.2657709	4.221111e+26	2.681542e+26	2.554176e+26	1.273652e+25	0	3.137834e+17	1.539569e+26	0	0	0	0	0	0	0	0	0	0	0	0	0	0	5.437784e+26	0	5.437784e+26	2.458176e+26	0	2.458176e+26	1.315993e+26	0	1.315993e+26	4.916353e+26	0	4.916353e+26	1.464974e+26	0	1.464974e+26	4.692882e+26	0	4.692882e+26	3.413149e+23	9.71578e-10	0.001311224	4.44552e+12	5.139491e+07	619785.8	1.773496e-07	6.723539e-14	3.939713e-21	0.2988962	0.5	0.005254222	0.9969826	84.83048	10.5491	10569.8	1.117189e+26	1.827432e+28	5.151575e+27	6.741065e+25	3.118866e+27	1.203261e+27	5.325573e+26	2.294797e+26	0.2188657	0	0.01936853	0.03560219	0.03560219	0.001424136	0.02670164	0	0	0	0	1.280678e-20	0	1.280678e-20	0	-328.877	0	-328.877	0	30149.85	77194.93	2853.338	8447.673	0.006389748	1	5.132773	0.4520676	1	2	0.03375693	0.07526467	
20020	909.0505	3.45e+19	0	0	100000	2	1e-05	5.818373e+26	3.694937e+26	3.519503e+26	1.754338e+25	5.789764e+25	1.544459e+26	4.227023e+25	2.684356e+25	2.556904e+25	1.274519e+24	4.206239e+24	1.122043e+25	0.2654452	4.227023e+26	2.684356e+26	2.556904e+26	1.274519e+25	0	3.137834e+17	1.542667e+26	0	0	0	0	0	0	0	0	0	0	0	0	0	0	5.4454e+26	0	5.4454e+26	2.461619e+26	0	2.461619e+26	1.317837e+26	0	1.317837e+26	4.923238e+26	0	4.923238e+26	1.467026e+26	0	1.467026e+26	4.699455e+26	0	4.699455e+26	3.412018e+23	9.719044e-10	0.001312111	4.44552e+12	5.17525e+07	620157.5	1.777572e-07	6.754479e-14	3.966939e-21	0.3002717	0.5	0.005290531	0.997341	84.94929	10.56388	10569.8	1.117189e+26	1.827432e+28	5.151575e+27	6.741065e+25	3.118866e+27	1.203261e+27	5.325573e+26	2.294797e+26	0.2188657	0	0.01936059	0.03560219	0.03560219	0.001424136	0.02670164	0	0	0	0	1.280678e-20	0	1.280678e-20	0	-328.877	0	-328.877	0	30149.85	77194.93	2857.491	8447.673	0.006389748	1	5.132946	0.4520676	1	2	0.03382484	0.07537008	
20048	909.0505	3.45e+19	0	0	100000	2	1e-05	5.82651e+26	3.698809e+26	3.523256e+26	1.755529e+25	5.829707e+25	1.544731e+26	4.232935e+25	2.687169e+25	2.55963e+25	1.275385e+24	4.235257e+24	1.12224e+25	0.2651211	4.232935e+26	2.687169e+26	2.55963e+26	1.275385e+25	0	3.137834e+17	1.545766e+26	0	0	0	0	0	0	0	0	0	0	0	0	0	0	5.453016e+26	0	5.453016e+26	2.465062e+26	0	2.465062e+26	1.31968e+26	0	1.31968e+26	4.930124e+26	0	4.930124e+26	1.469077e+26	0	1.469077e+26	4.706027e+26	0	4.706027e+26	3.410888e+23	9.722304e-10	0.001312997	4.44552e+12	5.210991e+07	620534.7	1.781627e-07	6.785332e-14	3.994151e-21	0.3016433	0.5	0.005326823	0.9976568	85.0681	10.57865	10569.8	1.117189e+26	1.827432e+28	5.151575e+27	6.741065e+25	3.118866e+27	1.203261e+27	5.325573e+26	2.294797e+26	0.2188657	0	0.01935265	0.03560219	0.03560219	0.001424136	0.02670164	0	0	0	0	1.280678e-20	0	1.280678e-20	0	-328.877	0	-328.877	0	30149.85	77194.93	2861.644	8447.673	0.006389748	1	5.133118	0.4520676	1	2	0.0338928	0.0754755	
20076	909.0505	3.45e+19	0	0	100000	2	1e-05	5.834648e+26	3.702678e+26	3.527006e+26	1.75672e+25	5.869627e+25	1.545007e+26	4.238847e+25	2.68998e+25	2.562355e+25	1.276249e+24	4.264259e+24	1.122441e+25	0.2647987	4.238847e+26	2.68998e+26	2.562355e+26	1.276249e+25	0	3.137834e+17	1.548867e+26	0	0	0	0	0	0	0	0	0	0	0	0	0	0	5.460632e+26	0	5.460632e+26	2.468505e+26	0	2.468505e+26	1.321523e+26	0	1.321523e+26	4.93701e+26	0	4.93701e+26	1.471129e+26	0	1.471129e+26	4.7126e+26	0	4.7126e+26	3.40976e+23	9.72556e-10	0.001313882	4.44552e+12	5.246711e+07	620917.6	1.785662e-07	6.816098e-14	4.021347e-21	0.303011	0.5	0.005363093	0.9979352	85.18691	10.59342	10569.8	1.117189e+26	1.827432e+28	5.151575e+27	6.741065e+25	3.118866e+27	1.203261e+27	5.325573e+26	2.294797e+26	0.2188657	0	0.01934471	0.03560219	0.03560219	0.001424136	0.02670164	0	0	0	0	1.280678e-20	0	1.280678e-20	0	-328.877	0	-328.877	0	30149.85	77194.93	2865.797	8447.673	0.006389748	1	5.133291	0.4520676	1	2	0.03396079	0.07558091	
20104	909.0505	3.45e+19	0	0	100000	2	1e-05	5.842785e+26	3.706544e+26	3.530754e+26	1.757909e+25	5.909521e+25	1.545289e+26	4.244759e+25	2.692789e+25	2.565077e+25	1.277113e+24	4.293242e+24	1.122646e+25	0.2644781	4.244759e+26	2.692789e+26	2.565077e+26	1.277113e+25	0	3.137834e+17	1.55197e+26	0	0	0	0	0	0	0	0	0	0	0	0	0	0	5.468248e+26	0	5.468248e+26	2.471948e+26	0	2.471948e+26	1.323366e+26	0	1.323366e+26	4.943895e+26	0	4.943895e+26	1.473181e+26	0	1.473181e+26	4.719173e+26	0	4.719173e+26	3.408635e+23	9.728811e-10	0.001314766	4.44552e+12	5.282408e+07	621306.2	1.789676e-07	6.846775e-14	4.048525e-21	0.3043748	0.5	0.00539934	0.9981804	85.30572	10.6082	10569.8	1.117189e+26	1.827432e+28	5.151575e+27	6.741065e+25	3.118866e+27	1.203261e+27	5.325573e+26	2.294797e+26	0.2188657	0	0.01933677	0.03560219	0.03560219	0.001424136	0.02670164	0	0	0	0	1.280678e-20	0	1.280678e-20	0	-328.877	0	-328.877	0	30149.85	77194.93	2869.95	8447.673	0.006389749	1	5.133463	0.4520676	1	2	0.03402883	0.07568632	
20132	909.0505	3.45e+19	0	0	100000	2	1e-05	5.850923e+26	3.710409e+26	3.534499e+26	1.759097e+25	5.949387e+25	1.545576e+26	4.25067e+25	2.695596e+25	2.567798e+25	1.277976e+24	4.322204e+24	1.122854e+25	0.2641593	4.25067e+26	2.695596e+26	2.567798e+26	1.277976e+25	0	3.137834e+17	1.555074e+26	0	0	0	0	0	0	0	0	0	0	0	0	0	0	5.475864e+26	0	5.475864e+26	2.47539e+26	0	2.47539e+26	1.325209e+26	0	1.325209e+26	4.950781e+26	0	4.950781e+26	1.475233e+26	0	1.475233e+26	4.725745e+26	0	4.725745e+26	3.407512e+23	9.732057e-10	0.001315649	4.44552e+12	5.318081e+07	621700.6	1.793669e-07	6.877363e-14	4.075685e-21	0.3057345	0.5	0.005435562	0.9983966	85.42453	10.62297	10569.8	1.117189e+26	1.827432e+28	5.151575e+27	6.741065e+25	3.118866e+27	1.203261e+27	5.325573e+26	2.294797e+26	0.2188657	0	0.01932884	0.03560219	0.03560219	0.001424136	0.02670164	0	0	0	0	1.280678e-20	0	1.280678e-20	0	-328.877	0	-328.877	0	30149.85	77194.93	2874.104	8447.673	0.006389748	1	5.133635	0.4520676	1	2	0.0340969	0.07579173	
20160	909.0505	3.45e+19	0	0	100000	2	1e-05	5.85906e+26	3.714271e+26	3.538242e+26	1.760283e+25	5.989222e+25	1.545868e+26	4.256582e+25	2.698402e+25	2.570518e+25	1.278838e+24	4.351144e+24	1.123066e+25	0.2638423	4.256582e+26	2.698402e+26	2.570518e+26	1.278838e+25	0	3.137834e+17	1.558181e+26	0	0	0	0	0	0	0	0	0	0	0	0	0	0	5.48348e+26	0	5.48348e+26	2.478833e+26	0	2.478833e+26	1.327052e+26	0	1.327052e+26	4.957667e+26	0	4.957667e+26	1.477284e+26	0	1.477284e+26	4.732318e+26	0	4.732318e+26	3.40639e+23	9.7353e-10	0.001316531	4.44552e+12	5.353726e+07	622100.7	1.797641e-07	6.907859e-14	4.102824e-21	0.3070902	0.5	0.005471756	0.998587	85.54334	10.63775	10569.8	1.117189e+26	1.827432e+28	5.151575e+27	6.741065e+25	3.118866e+27	1.203261e+27	5.325573e+26	2.294797e+26	0.2188657	0	0.0193209	0.03560219	0.03560219	0.001424136	0.02670164	0	0	0	0	1.280678e-20	0	1.280678e-20	0	-328.877	0	-328.877	0	30149.85	77194.93	2878.258	8447.673	0.006389748	1	5.133807	0.4520676	1	2	0.03416501	0.07589715	
20188	909.0505	3.45e+19	0	0	100000	2	1e-05	5.867198e+26	3.71813e+26	3.541983e+26	1.761468e+25	6.029025e+25	1.546166e+26	4.262494e+25	2.701205e+25	2.573236e+25	1.279699e+24	4.380061e+24	1.123283e+25	0.2635271	4.262494e+26	2.701205e+26	2.573236e+26	1.279699e+25	0	3.137834e+17	1.561289e+26	0	0	0	0	0	0	0	0	0	0	0	0	0	0	5.491096e+26	0	5.491096e+26	2.482276e+26	0	2.482276e+26	1.328895e+26	0	1.328895e+26	4.964552e+26	0	4.964552e+26	1.479336e+26	0	1.479336e+26	4.738891e+26	0	4.738891e+26	3.405271e+23	9.738537e-10	0.001317412	4.44552e+12	5.389342e+07	622506.6	1.801593e-07	6.938263e-14	4.129942e-21	0.3084419	0.5	0.005507921	0.9987549	85.66215	10.65252	10569.8	1.117189e+26	1.827432e+28	5.151575e+27	6.741065e+25	3.118866e+27	1.203261e+27	5.325573e+26	2.294797e+26	0.2188657	0	0.01931297	0.03560219	0.03560219	0.001424136	0.02670164	0	0	0	0	1.280678e-20	0	1.280678e-20	0	-328.877	0	-328.877	0	30149.85	77194.93	2882.412	8447.673	0.006389748	1	5.133979	0.4520676	1	2	0.03423316	0.07600256	
20216	909.0505	3.45e+19	0	0	100000	2	1e-05	5.875336e+26	3.721987e+26	3.545722e+26	1.762652e+25	6.068792e+25	1.54647e+26	4.268406e+25	2.704008e+25	2.575952e+25	1.280559e+24	4.408952e+24	1.123503e+25	0.2632138	4.268406e+26	2.704008e+26	2.575952e+26	1.280559e+25	0	3.137834e+17	1.564399e+26	0	0	0	0	0	0	0	0	0	0	0	0	0	0	5.498712e+26	0	5.498712e+26	2.485719e+26	0	2.485719e+26	1.330738e+26	0	1.330738e+26	4.971438e+26	0	4.971438e+26	1.481388e+26	0	1.481388e+26	4.745463e+26	0	4.745463e+26	3.404154e+23	9.741771e-10	0.001318292	4.44552e+12	5.424927e+07	622918.5	1.805524e-07	6.968575e-14	4.157035e-21	0.3097894	0.5	0.005544055	0.9989028	85.78096	10.6673	10569.8	1.117189e+26	1.827432e+28	5.151575e+27	6.741065e+25	3.118866e+27	1.203261e+27	5.325573e+26	2.294797e+26	0.2188657	0	0.01930504	0.03560219	0.03560219	0.001424136	0.02670164	0	0	0	0	1.280678e-20	0	1.280678e-20	0	-328.877	0	-328.877	0	30149.85	77194.93	2886.567	8447.673	0.006389749	1	5.134151	0.4520676	1	2	0.03430134	0.07610797	
20244	909.0505	3.45e+19	0	0	100000	2	1e-05	5.883473e+26	3.725841e+26	3.549458e+26	1.763834e+25	6.108523e+25	1.546779e+26	4.274318e+25	2.706808e+25	2.578666e+25	1.281418e+24	4.437816e+24	1.123729e+25	0.2629024	4.274318e+26	2.706808e+26	2.578666e+26	1.281418e+25	0	3.137834e+17	1.56751e+26	0	0	0	0	0	0	0	0	0	0	0	0	0	0	5.506328e+26	0	5.506328e+26	2.489162e+26	0	2.489162e+26	1.332582e+26	0	1.332582e+26	4.978324e+26	0	4.978324e+26	1.48344e+26	0	1.48344e+26	4.752036e+26	0	4.752036e+26	3.403039e+23	9.745e-10	0.001319171	4.44552e+12	5.46048e+07	623336.3	1.809434e-07	6.998793e-14	4.184104e-21	0.3111327	0.5	0.005580155	0.9990331	85.89977	10.68207	10569.8	1.117189e+26	1.827432e+28	5.151575e+27	6.741065e+25	3.118866e+27	1.203261e+27	5.325573e+26	2.294797e+26	0.2188657	0	0.01929711	0.03560219	0.03560219	0.001424136	0.02670164	0	0	0	0	1.280678e-20	0	1.280678e-20	0	-328.877	0	-328.877	0	30149.85	77194.93	2890.722	8447.673	0.006389749	1	5.134323	0.4520676	1	2	0.03436957	0.07621339	
20272	909.0505	3.45e+19	0	0	100000	2	1e-05	5.891611e+26	3.729694e+26	3.553192e+26	1.765015e+25	6.148216e+25	1.547096e+26	4.28023e+25	2.709606e+25	2.581379e+25	1.282276e+24	4.466653e+24	1.123958e+25	0.262593	4.28023e+26	2.709606e+26	2.581379e+26	1.282276e+25	0	3.137834e+17	1.570624e+26	0	0	0	0	0	0	0	0	0	0	0	0	0	0	5.513943e+26	0	5.513943e+26	2.492605e+26	0	2.492605e+26	1.334425e+26	0	1.334425e+26	4.985209e+26	0	4.985209e+26	1.485492e+26	0	1.485492e+26	4.758609e+26	0	4.758609e+26	3.401926e+23	9.748224e-10	0.001320049	4.44552e+12	5.495998e+07	623760	1.813324e-07	7.028918e-14	4.211147e-21	0.3124719	0.5	0.005616222	0.999148	86.01858	10.69685	10569.8	1.117189e+26	1.827432e+28	5.151575e+27	6.741065e+25	3.118866e+27	1.203261e+27	5.325573e+26	2.294797e+26	0.2188657	0	0.01928918	0.03560219	0.03560219	0.001424136	0.02670164	0	0	0	0	1.280678e-20	0	1.280678e-20	0	-328.877	0	-328.877	0	30149.85	77194.93	2894.877	8447.673	0.006389748	1	5.134494	0.4520676	1	2	0.03443783	0.0763188	
20300	909.0505	3.45e+19	0	0	100000	2	1e-05	5.899748e+26	3.733543e+26	3.556924e+26	1.766195e+25	6.187868e+25	1.547418e+26	4.286142e+25	2.712403e+25	2.58409e+25	1.283133e+24	4.49546e+24	1.124193e+25	0.2622855	4.286142e+26	2.712403e+26	2.58409e+26	1.283133e+25	0	3.137834e+17	1.573739e+26	0	0	0	0	0	0	0	0	0	0	0	0	0	0	5.521559e+26	0	5.521559e+26	2.496047e+26	0	2.496047e+26	1.336268e+26	0	1.336268e+26	4.992095e+26	0	4.992095e+26	1.487543e+26	0	1.487543e+26	4.765181e+26	0	4.765181e+26	3.400816e+23	9.751444e-10	0.001320926	4.44552e+12	5.53148e+07	624189.9	1.817194e-07	7.058948e-14	4.238163e-21	0.3138069	0.5	0.005652251	0.9992492	86.13739	10.71162	10569.8	1.117189e+26	1.827432e+28	5.151575e+27	6.741065e+25	3.118866e+27	1.203261e+27	5.325573e+26	2.294797e+26	0.2188657	0	0.01928125	0.03560219	0.03560219	0.001424136	0.02670164	0	0	0	0	1.280678e-20	0	1.280678e-20	0	-328.877	0	-328.877	0	30149.85	77194.93	2899.033	8447.673	0.006389748	1	5.134665	0.4520676	1	2	0.03450613	0.07642421	
20328	909.0505	3.45e+19	0	0	100000	2	1e-05	5.907886e+26	3.737391e+26	3.560653e+26	1.767374e+25	6.227478e+25	1.547747e+26	4.292054e+25	2.715198e+25	2.586799e+25	1.283989e+24	4.524236e+24	1.124432e+25	0.2619799	4.292054e+26	2.715198e+26	2.586799e+26	1.283989e+25	0	3.137834e+17	1.576855e+26	0	0	0	0	0	0	0	0	0	0	0	0	0	0	5.529175e+26	0	5.529175e+26	2.49949e+26	0	2.49949e+26	1.338111e+26	0	1.338111e+26	4.99898e+26	0	4.99898e+26	1.489595e+26	0	1.489595e+26	4.771754e+26	0	4.771754e+26	3.399707e+23	9.75466e-10	0.001321802	4.44552e+12	5.566926e+07	624625.8	1.821043e-07	7.088882e-14	4.265151e-21	0.3151377	0.5	0.005688244	0.9993384	86.2562	10.7264	10569.8	1.117189e+26	1.827432e+28	5.151575e+27	6.741065e+25	3.118866e+27	1.203261e+27	5.325573e+26	2.294797e+26	0.2188657	0	0.01927332	0.03560219	0.03560219	0.001424136	0.02670164	0	0	0	0	1.280678e-20	0	1.280678e-20	0	-328.877	0	-328.877	0	30149.85	77194.93	2903.188	8447.673	0.006389749	1	5.134837	0.4520676	1	2	0.03457447	0.07652962	
20356	909.0505	3.45e+19	0	0	100000	2	1e-05	5.916024e+26	3.741236e+26	3.564381e+26	1.768551e+25	6.267045e+25	1.548083e+26	4.297966e+25	2.717992e+25	2.589507e+25	1.284845e+24	4.552981e+24	1.124676e+25	0.2616763	4.297966e+26	2.717992e+26	2.589507e+26	1.284845e+25	0	3.137834e+17	1.579974e+26	0	0	0	0	0	0	0	0	0	0	0	0	0	0	5.536791e+26	0	5.536791e+26	2.502933e+26	0	2.502933e+26	1.339954e+26	0	1.339954e+26	5.005866e+26	0	5.005866e+26	1.491647e+26	0	1.491647e+26	4.778327e+26	0	4.778327e+26	3.3986e+23	9.757871e-10	0.001322677	4.44552e+12	5.602332e+07	625067.8	1.824871e-07	7.118721e-14	4.292109e-21	0.3164642	0.5	0.005724196	0.999417	86.37501	10.74117	10569.8	1.117189e+26	1.827432e+28	5.151575e+27	6.741065e+25	3.118866e+27	1.203261e+27	5.325573e+26	2.294797e+26	0.2188657	0	0.0192654	0.03560219	0.03560219	0.001424136	0.02670164	0	0	0	0	1.280678e-20	0	1.280678e-20	0	-328.877	0	-328.877	0	30149.85	77194.93	2907.344	8447.673	0.006389748	1	5.135007	0.4520675	1	2	0.03464285	0.07663504	
20384	909.0505	3.45e+19	0	0	100000	2	1e-05	5.924161e+26	3.745078e+26	3.568106e+26	1.769727e+25	6.306566e+25	1.548426e+26	4.303878e+25	2.720783e+25	2.592213e+25	1.285699e+24	4.581693e+24	1.124925e+25	0.2613748	4.303878e+26	2.720783e+26	2.592213e+26	1.285699e+25	0	3.137834e+17	1.583094e+26	0	0	0	0	0	0	0	0	0	0	0	0	0	0	5.544407e+26	0	5.544407e+26	2.506376e+26	0	2.506376e+26	1.341797e+26	0	1.341797e+26	5.012752e+26	0	5.012752e+26	1.493699e+26	0	1.493699e+26	4.784899e+26	0	4.784899e+26	3.397495e+23	9.761078e-10	0.001323551	4.44552e+12	5.637698e+07	625516.1	1.82868e-07	7.148464e-14	4.319037e-21	0.3177864	0.5	0.005760109	0.9994862	86.49382	10.75595	10569.8	1.117189e+26	1.827432e+28	5.151575e+27	6.741065e+25	3.118866e+27	1.203261e+27	5.325573e+26	2.294797e+26	0.2188657	0	0.01925747	0.03560219	0.03560219	0.001424136	0.02670164	0	0	0	0	1.280678e-20	0	1.280678e-20	0	-328.877	0	-328.877	0	30149.85	77194.93	2911.501	8447.673	0.006389748	1	5.135178	0.4520676	1	2	0.03471127	0.07674045	
20412	909.0505	3.45e+19	0	0	100000	2	1e-05	5.932299e+26	3.748918e+26	3.571828e+26	1.770901e+25	6.346041e+25	1.548776e+26	4.30979e+25	2.723573e+25	2.594918e+25	1.286552e+24	4.610371e+24	1.125179e+25	0.2610752	4.30979e+26	2.723573e+26	2.594918e+26	1.286552e+25	0	3.137834e+17	1.586216e+26	0	0	0	0	0	0	0	0	0	0	0	0	0	0	5.552023e+26	0	5.552023e+26	2.509819e+26	0	2.509819e+26	1.34364e+26	0	1.34364e+26	5.019637e+26	0	5.019637e+26	1.495751e+26	0	1.495751e+26	4.791472e+26	0	4.791472e+26	3.396393e+23	9.764281e-10	0.001324425	4.44552e+12	5.673023e+07	625970.6	1.832468e-07	7.178111e-14	4.345933e-21	0.3191043	0.5	0.005795979	0.9995472	86.61263	10.77072	10569.8	1.117189e+26	1.827432e+28	5.151575e+27	6.741065e+25	3.118866e+27	1.203261e+27	5.325573e+26	2.294797e+26	0.2188657	0	0.01924955	0.03560219	0.03560219	0.001424136	0.02670164	0	0	0	0	1.280678e-20	0	1.280678e-20	0	-328.877	0	-328.877	0	30149.85	77194.93	2915.657	8447.673	0.006389748	1	5.135349	0.4520675	1	2	0.03477972	0.07684586	
20440	909.0505	3.45e+19	0	0	100000	2	1e-05	5.940436e+26	3.752756e+26	3.575549e+26	1.772075e+25	6.385467e+25	1.549133e+26	4.315702e+25	2.726361e+25	2.597621e+25	1.287405e+24	4.639015e+24	1.125439e+25	0.2607777	4.315702e+26	2.726361e+26	2.597621e+26	1.287405e+25	0	3.137834e+17	1.58934e+26	0	0	0	0	0	0	0	0	0	0	0	0	0	0	5.559639e+26	0	5.559639e+26	2.513262e+26	0	2.513262e+26	1.345483e+26	0	1.345483e+26	5.026523e+26	0	5.026523e+26	1.497802e+26	0	1.497802e+26	4.798045e+26	0	4.798045e+26	3.395292e+23	9.767479e-10	0.001325297	4.44552e+12	5.708304e+07	626431.4	1.836236e-07	7.207661e-14	4.372796e-21	0.320418	0.5	0.005831806	0.999601	86.73144	10.78549	10569.8	1.117189e+26	1.827432e+28	5.151575e+27	6.741065e+25	3.118866e+27	1.203261e+27	5.325573e+26	2.294797e+26	0.2188657	0	0.01924163	0.03560219	0.03560219	0.001424136	0.02670164	0	0	0	0	1.280678e-20	0	1.280678e-20	0	-328.877	0	-328.877	0	30149.85	77194.93	2919.814	8447.673	0.006389748	1	5.135519	0.4520676	1	2	0.03484822	0.07695128	
20468	909.0505	3.45e+19	0	0	100000	2	1e-05	5.948574e+26	3.756592e+26	3.579267e+26	1.773247e+25	6.424844e+25	1.549498e+26	4.321614e+25	2.729148e+25	2.600322e+25	1.288256e+24	4.667622e+24	1.125704e+25	0.2604822	4.321614e+26	2.729148e+26	2.600322e+26	1.288256e+25	0	3.137834e+17	1.592466e+26	0	0	0	0	0	0	0	0	0	0	0	0	0	0	5.567255e+26	0	5.567255e+26	2.516704e+26	0	2.516704e+26	1.347327e+26	0	1.347327e+26	5.033409e+26	0	5.033409e+26	1.499854e+26	0	1.499854e+26	4.804617e+26	0	4.804617e+26	3.394193e+23	9.770673e-10	0.001326168	4.44552e+12	5.743542e+07	626898.5	1.839984e-07	7.237113e-14	4.399626e-21	0.3217273	0.5	0.005867588	0.9996484	86.85025	10.80027	10569.8	1.117189e+26	1.827432e+28	5.151575e+27	6.741065e+25	3.118866e+27	1.203261e+27	5.325573e+26	2.294797e+26	0.2188657	0	0.01923371	0.03560219	0.03560219	0.001424136	0.02670164	0	0	0	0	1.280678e-20	0	1.280678e-20	0	-328.877	0	-328.877	0	30149.85	77194.93	2923.972	8447.673	0.006389748	1	5.13569	0.4520675	1	2	0.03491675	0.07705669	
20496	909.0505	3.45e+19	0	0	100000	2	1e-05	5.956711e+26	3.760425e+26	3.582983e+26	1.774418e+25	6.46417e+25	1.54987e+26	4.327525e+25	2.731932e+25	2.603022e+25	1.289107e+24	4.696192e+24	1.125974e+25	0.2601888	4.327525e+26	2.731932e+26	2.603022e+26	1.289107e+25	0	3.137834e+17	1.595593e+26	0	0	0	0	0	0	0	0	0	0	0	0	0	0	5.574871e+26	0	5.574871e+26	2.520147e+26	0	2.520147e+26	1.34917e+26	0	1.34917e+26	5.040294e+26	0	5.040294e+26	1.501906e+26	0	1.501906e+26	4.81119e+26	0	4.81119e+26	3.393097e+23	9.773862e-10	0.001327039	4.44552e+12	5.778734e+07	627372.1	1.843712e-07	7.266468e-14	4.426422e-21	0.3230323	0.5	0.005903324	0.9996902	86.96906	10.81504	10569.8	1.117189e+26	1.827432e+28	5.151575e+27	6.741065e+25	3.118866e+27	1.203261e+27	5.325573e+26	2.294797e+26	0.2188657	0	0.01922579	0.03560219	0.03560219	0.001424136	0.02670164	0	0	0	0	1.280678e-20	0	1.280678e-20	0	-328.877	0	-328.877	0	30149.85	77194.93	2928.129	8447.673	0.006389748	1	5.13586	0.4520675	1	2	0.03498532	0.0771621	
20524	909.0505	3.45e+19	0	0	100000	2	1e-05	5.964849e+26	3.764255e+26	3.586697e+26	1.775587e+25	6.503444e+25	1.550249e+26	4.333437e+25	2.734715e+25	2.60572e+25	1.289956e+24	4.724724e+24	1.12625e+25	0.2598975	4.333437e+26	2.734715e+26	2.60572e+26	1.289956e+25	0	3.137834e+17	1.598722e+26	0	0	0	0	0	0	0	0	0	0	0	0	0	0	5.582487e+26	0	5.582487e+26	2.52359e+26	0	2.52359e+26	1.351013e+26	0	1.351013e+26	5.04718e+26	0	5.04718e+26	1.503958e+26	0	1.503958e+26	4.817763e+26	0	4.817763e+26	3.392002e+23	9.777048e-10	0.001327908	4.44552e+12	5.81388e+07	627852	1.847419e-07	7.295725e-14	4.453182e-21	0.3243329	0.5	0.005939013	0.999727	87.08787	10.82982	10569.8	1.117189e+26	1.827432e+28	5.151575e+27	6.741065e+25	3.118866e+27	1.203261e+27	5.325573e+26	2.294797e+26	0.2188657	0	0.01921787	0.03560219	0.03560219	0.001424136	0.02670164	0	0	0	0	1.280678e-20	0	1.280678e-20	0	-328.877	0	-328.877	0	30149.85	77194.93	2932.287	8447.673	0.006389748	1	5.13603	0.4520675	1	2	0.03505392	0.07726751	
20552	909.0505	3.45e+19	0	0	100000	2	1e-05	5.972987e+26	3.768084e+26	3.590408e+26	1.776755e+25	6.542664e+25	1.550637e+26	4.339349e+25	2.737497e+25	2.608416e+25	1.290805e+24	4.753217e+24	1.126531e+25	0.2596083	4.339349e+26	2.737497e+26	2.608416e+26	1.290805e+25	0	3.137834e+17	1.601853e+26	0	0	0	0	0	0	0	0	0	0	0	0	0	0	5.590103e+26	0	5.590103e+26	2.527033e+26	0	2.527033e+26	1.352856e+26	0	1.352856e+26	5.054066e+26	0	5.054066e+26	1.506009e+26	0	1.506009e+26	4.824335e+26	0	4.824335e+26	3.39091e+23	9.780229e-10	0.001328776	4.44552e+12	5.848978e+07	628338.5	1.851108e-07	7.324885e-14	4.479906e-21	0.3256292	0.5	0.005974654	0.9997594	87.20668	10.84459	10569.8	1.117189e+26	1.827432e+28	5.151575e+27	6.741065e+25	3.118866e+27	1.203261e+27	5.325573e+26	2.294797e+26	0.2188657	0	0.01920995	0.03560219	0.03560219	0.001424136	0.02670164	0	0	0	0	1.280678e-20	0	1.280678e-20	0	-328.877	0	-328.877	0	30149.85	77194.93	2936.445	8447.673	0.006389748	1	5.1362	0.4520675	1	2	0.03512257	0.07737293	
20580	909.0505	3.45e+19	0	0	100000	2	1e-05	5.981124e+26	3.771909e+26	3.594117e+26	1.777922e+25	6.581829e+25	1.551032e+26	4.345261e+25	2.740276e+25	2.611111e+25	1.291653e+24	4.78167e+24	1.126818e+25	0.2593211	4.345261e+26	2.740276e+26	2.611111e+26	1.291653e+25	0	3.137834e+17	1.604985e+26	0	0	0	0	0	0	0	0	0	0	0	0	0	0	5.597719e+26	0	5.597719e+26	2.530476e+26	0	2.530476e+26	1.354699e+26	0	1.354699e+26	5.060951e+26	0	5.060951e+26	1.508061e+26	0	1.508061e+26	4.830908e+26	0	4.830908e+26	3.389819e+23	9.783405e-10	0.001329644	4.44552e+12	5.884027e+07	628831.5	1.854776e-07	7.353946e-14	4.506593e-21	0.3269211	0.5	0.006010245	0.999788	87.32549	10.85937	10569.8	1.117189e+26	1.827432e+28	5.151575e+27	6.741065e+25	3.118866e+27	1.203261e+27	5.325573e+26	2.294797e+26	0.2188657	0	0.01920204	0.03560219	0.03560219	0.001424136	0.02670164	0	0	0	0	1.280678e-20	0	1.280678e-20	0	-328.877	0	-328.877	0	30149.85	77194.93	2940.603	8447.673	0.006389748	1	5.13637	0.4520675	1	2	0.03519125	0.07747834	
20608	909.0505	3.45e+19	0	0	100000	2	1e-05	5.989262e+26	3.775733e+26	3.597824e+26	1.779088e+25	6.620938e+25	1.551435e+26	4.351173e+25	2.743054e+25	2.613804e+25	1.2925e+24	4.810083e+24	1.127111e+25	0.2590361	4.351173e+26	2.743054e+26	2.613804e+26	1.2925e+25	0	3.137834e+17	1.608119e+26	0	0	0	0	0	0	0	0	0	0	0	0	0	0	5.605335e+26	0	5.605335e+26	2.533918e+26	0	2.533918e+26	1.356542e+26	0	1.356542e+26	5.067837e+26	0	5.067837e+26	1.510113e+26	0	1.510113e+26	4.837481e+26	0	4.837481e+26	3.388731e+23	9.786578e-10	0.00133051	4.44552e+12	5.919026e+07	629331.1	1.858425e-07	7.382908e-14	4.533242e-21	0.3282086	0.5	0.006045786	0.9998132	87.4443	10.87414	10569.8	1.117189e+26	1.827432e+28	5.151575e+27	6.741065e+25	3.118866e+27	1.203261e+27	5.325573e+26	2.294797e+26	0.2188657	0	0.01919412	0.03560219	0.03560219	0.001424136	0.02670164	0	0	0	0	1.280678e-20	0	1.280678e-20	0	-328.877	0	-328.877	0	30149.85	77194.93	2944.762	8447.673	0.006389748	1	5.136539	0.4520675	1	2	0.03525997	0.07758375	
20636	909.0505	3.45e+19	0	0	100000	2	1e-05	5.997399e+26	3.779554e+26	3.601529e+26	1.780252e+25	6.659989e+25	1.551847e+26	4.357085e+25	2.74583e+25	2.616495e+25	1.293345e+24	4.838454e+24	1.12741e+25	0.2587532	4.357085e+26	2.74583e+26	2.616495e+26	1.293345e+25	0	3.137834e+17	1.611255e+26	0	0	0	0	0	0	0	0	0	0	0	0	0	0	5.612951e+26	0	5.612951e+26	2.537361e+26	0	2.537361e+26	1.358385e+26	0	1.358385e+26	5.074723e+26	0	5.074723e+26	1.512165e+26	0	1.512165e+26	4.844053e+26	0	4.844053e+26	3.387644e+23	9.789746e-10	0.001331376	4.44552e+12	5.953974e+07	629837.4	1.862054e-07	7.411772e-14	4.559853e-21	0.3294918	0.5	0.006081275	0.9998354	87.56311	10.88892	10569.8	1.117189e+26	1.827432e+28	5.151575e+27	6.741065e+25	3.118866e+27	1.203261e+27	5.325573e+26	2.294797e+26	0.2188657	0	0.01918621	0.03560219	0.03560219	0.001424136	0.02670164	0	0	0	0	1.280678e-20	0	1.280678e-20	0	-328.877	0	-328.877	0	30149.85	77194.93	2948.921	8447.673	0.006389748	1	5.136709	0.4520675	1	2	0.03532873	0.07768916	
20664	909.0505	3.45e+19	0	0	100000	2	1e-05	6.005537e+26	3.783373e+26	3.605231e+26	1.781415e+25	6.698983e+25	1.552266e+26	4.362997e+25	2.748604e+25	2.619185e+25	1.29419e+24	4.866782e+24	1.127715e+25	0.2584725	4.362997e+26	2.748604e+26	2.619185e+26	1.29419e+25	0	3.137834e+17	1.614393e+26	0	0	0	0	0	0	0	0	0	0	0	0	0	0	5.620567e+26	0	5.620567e+26	2.540804e+26	0	2.540804e+26	1.360228e+26	0	1.360228e+26	5.081608e+26	0	5.081608e+26	1.514217e+26	0	1.514217e+26	4.850626e+26	0	4.850626e+26	3.38656e+23	9.79291e-10	0.00133224	4.44552e+12	5.98887e+07	630350.3	1.865664e-07	7.440537e-14	4.586424e-21	0.3307705	0.5	0.006116711	0.9998549	87.68192	10.90369	10569.8	1.117189e+26	1.827432e+28	5.151575e+27	6.741065e+25	3.118866e+27	1.203261e+27	5.325573e+26	2.294797e+26	0.2188657	0	0.01917829	0.03560219	0.03560219	0.001424136	0.02670164	0	0	0	0	1.280678e-20	0	1.280678e-20	0	-328.877	0	-328.877	0	30149.85	77194.93	2953.08	8447.673	0.006389748	1	5.136878	0.4520675	1	2	0.03539753	0.07779458	
20692	909.0505	3.45e+19	0	0	100000	2	1e-05	6.013675e+26	3.787189e+26	3.608931e+26	1.782577e+25	6.737916e+25	1.552694e+26	4.368909e+25	2.751377e+25	2.621873e+25	1.295034e+24	4.895067e+24	1.128025e+25	0.2581939	4.368909e+26	2.751377e+26	2.621873e+26	1.295034e+25	0	3.137834e+17	1.617532e+26	0	0	0	0	0	0	0	0	0	0	0	0	0	0	5.628183e+26	0	5.628183e+26	2.544247e+26	0	2.544247e+26	1.362072e+26	0	1.362072e+26	5.088494e+26	0	5.088494e+26	1.516268e+26	0	1.516268e+26	4.857199e+26	0	4.857199e+26	3.385477e+23	9.796069e-10	0.001333104	4.44552e+12	6.023712e+07	630870	1.869254e-07	7.469203e-14	4.612954e-21	0.3320449	0.5	0.006152094	0.9998722	87.80073	10.91847	10569.8	1.117189e+26	1.827432e+28	5.151575e+27	6.741065e+25	3.118866e+27	1.203261e+27	5.325573e+26	2.294797e+26	0.2188657	0	0.01917038	0.03560219	0.03560219	0.001424136	0.02670164	0	0	0	0	1.280678e-20	0	1.280678e-20	0	-328.877	0	-328.877	0	30149.85	77194.93	2957.24	8447.673	0.006389749	1	5.137047	0.4520675	1	2	0.03546636	0.07789999	
20720	909.0505	3.45e+19	0	0	100000	2	1e-05	6.021812e+26	3.791003e+26	3.612629e+26	1.783737e+25	6.776789e+25	1.55313e+26	4.374821e+25	2.754148e+25	2.62456e+25	1.295877e+24	4.923308e+24	1.128342e+25	0.2579174	4.374821e+26	2.754148e+26	2.62456e+26	1.295877e+25	0	3.137834e+17	1.620673e+26	0	0	0	0	0	0	0	0	0	0	0	0	0	0	5.635799e+26	0	5.635799e+26	2.54769e+26	0	2.54769e+26	1.363915e+26	0	1.363915e+26	5.09538e+26	0	5.09538e+26	1.51832e+26	0	1.51832e+26	4.863771e+26	0	4.863771e+26	3.384396e+23	9.799225e-10	0.001333967	4.44552e+12	6.058501e+07	631396.5	1.872826e-07	7.49777e-14	4.639444e-21	0.3333148	0.5	0.006187422	0.9998873	87.91954	10.93324	10569.8	1.117189e+26	1.827432e+28	5.151575e+27	6.741065e+25	3.118866e+27	1.203261e+27	5.325573e+26	2.294797e+26	0.2188657	0	0.01916247	0.03560219	0.03560219	0.001424136	0.02670164	0	0	0	0	1.280678e-20	0	1.280678e-20	0	-328.877	0	-328.877	0	30149.85	77194.93	2961.4	8447.673	0.006389748	1	5.137216	0.4520675	1	2	0.03553523	0.0780054	
20748	909.0505	3.45e+19	0	0	100000	2	1e-05	6.02995e+26	3.794815e+26	3.616325e+26	1.784896e+25	6.8156e+25	1.553575e+26	4.380733e+25	2.756917e+25	2.627245e+25	1.29672e+24	4.951504e+24	1.128666e+25	0.2576431	4.380733e+26	2.756917e+26	2.627245e+26	1.29672e+25	0	3.137834e+17	1.623816e+26	0	0	0	0	0	0	0	0	0	0	0	0	0	0	5.643415e+26	0	5.643415e+26	2.551133e+26	0	2.551133e+26	1.365758e+26	0	1.365758e+26	5.102265e+26	0	5.102265e+26	1.520372e+26	0	1.520372e+26	4.870344e+26	0	4.870344e+26	3.383318e+23	9.802376e-10	0.001334828	4.44552e+12	6.093235e+07	631929.8	1.876378e-07	7.526237e-14	4.665891e-21	0.3345804	0.5	0.006222694	0.9999007	88.03835	10.94802	10569.8	1.117189e+26	1.827432e+28	5.151575e+27	6.741065e+25	3.118866e+27	1.203261e+27	5.325573e+26	2.294797e+26	0.2188657	0	0.01915456	0.03560219	0.03560219	0.001424136	0.02670164	0	0	0	0	1.280678e-20	0	1.280678e-20	0	-328.877	0	-328.877	0	30149.85	77194.93	2965.56	8447.673	0.006389749	1	5.137385	0.4520675	1	2	0.03560414	0.07811081	
20776	909.0505	3.45e+19	0	0	100000	2	1e-05	6.038087e+26	3.798624e+26	3.620018e+26	1.786054e+25	6.854348e+25	1.554029e+26	4.386645e+25	2.759684e+25	2.629928e+25	1.297561e+24	4.979654e+24	1.128995e+25	0.257371	4.386645e+26	2.759684e+26	2.629928e+26	1.297561e+25	0	3.137834e+17	1.626961e+26	0	0	0	0	0	0	0	0	0	0	0	0	0	0	5.65103e+26	0	5.65103e+26	2.554575e+26	0	2.554575e+26	1.367601e+26	0	1.367601e+26	5.109151e+26	0	5.109151e+26	1.522424e+26	0	1.522424e+26	4.876917e+26	0	4.876917e+26	3.382241e+23	9.805523e-10	0.001335689	4.44552e+12	6.127912e+07	632469.9	1.879911e-07	7.554606e-14	4.692297e-21	0.3358415	0.5	0.006257909	0.9999125	88.15716	10.96279	10569.8	1.117189e+26	1.827432e+28	5.151575e+27	6.741065e+25	3.118866e+27	1.203261e+27	5.325573e+26	2.294797e+26	0.2188657	0	0.01914665	0.03560219	0.03560219	0.001424136	0.02670164	0	0	0	0	1.280678e-20	0	1.280678e-20	0	-328.877	0	-328.877	0	30149.85	77194.93	2969.72	8447.673	0.006389749	1	5.137553	0.4520675	1	2	0.03567309	0.07821623	
20804	909.0505	3.45e+19	0	0	100000	2	1e-05	6.046225e+26	3.802431e+26	3.62371e+26	1.787211e+25	6.893032e+25	1.554491e+26	4.392557e+25	2.76245e+25	2.63261e+25	1.298401e+24	5.007758e+24	1.129331e+25	0.2571011	4.392557e+26	2.76245e+26	2.63261e+26	1.298401e+25	0	3.137834e+17	1.630107e+26	0	0	0	0	0	0	0	0	0	0	0	0	0	0	5.658646e+26	0	5.658646e+26	2.558018e+26	0	2.558018e+26	1.369444e+26	0	1.369444e+26	5.116036e+26	0	5.116036e+26	1.524476e+26	0	1.524476e+26	4.883489e+26	0	4.883489e+26	3.381166e+23	9.808666e-10	0.001336549	4.44552e+12	6.162533e+07	633017.1	1.883424e-07	7.582874e-14	4.718658e-21	0.3370982	0.5	0.006293067	0.9999229	88.27597	10.97757	10569.8	1.117189e+26	1.827432e+28	5.151575e+27	6.741065e+25	3.118866e+27	1.203261e+27	5.325573e+26	2.294797e+26	0.2188657	0	0.01913874	0.03560219	0.03560219	0.001424136	0.02670164	0	0	0	0	1.280678e-20	0	1.280678e-20	0	-328.877	0	-328.877	0	30149.85	77194.93	2973.881	8447.673	0.006389749	1	5.137722	0.4520675	1	2	0.03574207	0.07832164	
20832	909.0505	3.45e+19	0	0	100000	2	1e-05	6.054362e+26	3.806235e+26	3.627399e+26	1.788367e+25	6.931651e+25	1.554962e+26	4.398468e+25	2.765214e+25	2.63529e+25	1.299241e+24	5.035815e+24	1.129673e+25	0.2568333	4.398468e+26	2.765214e+26	2.63529e+26	1.299241e+25	0	3.137834e+17	1.633255e+26	0	0	0	0	0	0	0	0	0	0	0	0	0	0	5.666262e+26	0	5.666262e+26	2.561461e+26	0	2.561461e+26	1.371287e+26	0	1.371287e+26	5.122922e+26	0	5.122922e+26	1.526527e+26	0	1.526527e+26	4.890062e+26	0	4.890062e+26	3.380094e+23	9.811804e-10	0.001337408	4.44552e+12	6.197095e+07	633571.2	1.88692e-07	7.611044e-14	4.744976e-21	0.3383504	0.5	0.006328166	0.9999321	88.39479	10.99234	10569.8	1.117189e+26	1.827432e+28	5.151575e+27	6.741065e+25	3.118866e+27	1.203261e+27	5.325573e+26	2.294797e+26	0.2188657	0	0.01913083	0.03560219	0.03560219	0.001424136	0.02670164	0	0	0	0	1.280678e-20	0	1.280678e-20	0	-328.877	0	-328.877	0	30149.85	77194.93	2978.042	8447.673	0.006389748	1	5.13789	0.4520675	1	2	0.0358111	0.07842705	
20860	909.0505	3.45e+19	0	0	100000	2	1e-05	6.0625e+26	3.810038e+26	3.631085e+26	1.789521e+25	6.970205e+25	1.555442e+26	4.40438e+25	2.767976e+25	2.637968e+25	1.300079e+24	5.063824e+24	1.130022e+25	0.2565678	4.40438e+26	2.767976e+26	2.637968e+26	1.300079e+25	0	3.137834e+17	1.636404e+26	0	0	0	0	0	0	0	0	0	0	0	0	0	0	5.673878e+26	0	5.673878e+26	2.564904e+26	0	2.564904e+26	1.37313e+26	0	1.37313e+26	5.129808e+26	0	5.129808e+26	1.528579e+26	0	1.528579e+26	4.896635e+26	0	4.896635e+26	3.379023e+23	9.814938e-10	0.001338266	4.44552e+12	6.231599e+07	634132.3	1.890396e-07	7.639113e-14	4.77125e-21	0.3395983	0.5	0.006363206	0.9999401	88.5136	11.00711	10569.8	1.117189e+26	1.827432e+28	5.151575e+27	6.741065e+25	3.118866e+27	1.203261e+27	5.325573e+26	2.294797e+26	0.2188657	0	0.01912292	0.03560219	0.03560219	0.001424136	0.02670164	0	0	0	0	1.280678e-20	0	1.280678e-20	0	-328.877	0	-328.877	0	30149.85	77194.93	2982.203	8447.673	0.006389748	1	5.138059	0.4520675	1	2	0.03588016	0.07853246	
20888	909.0505	3.45e+19	0	0	100000	2	1e-05	6.070638e+26	3.813837e+26	3.63477e+26	1.790674e+25	7.008691e+25	1.555931e+26	4.410292e+25	2.770737e+25	2.640645e+25	1.300917e+24	5.091784e+24	1.130377e+25	0.2563044	4.410292e+26	2.770737e+26	2.640645e+26	1.300917e+25	0	3.137834e+17	1.639556e+26	0	0	0	0	0	0	0	0	0	0	0	0	0	0	5.681494e+26	0	5.681494e+26	2.568347e+26	0	2.568347e+26	1.374973e+26	0	1.374973e+26	5.136693e+26	0	5.136693e+26	1.530631e+26	0	1.530631e+26	4.903207e+26	0	4.903207e+26	3.377954e+23	9.818069e-10	0.001339123	4.44552e+12	6.266043e+07	634700.5	1.893853e-07	7.667083e-14	4.797478e-21	0.3408417	0.5	0.006398185	0.9999472	88.63241	11.02189	10569.8	1.117189e+26	1.827432e+28	5.151575e+27	6.741065e+25	3.118866e+27	1.203261e+27	5.325573e+26	2.294797e+26	0.2188657	0	0.01911501	0.03560219	0.03560219	0.001424136	0.02670164	0	0	0	0	1.280678e-20	0	1.280678e-20	0	-328.877	0	-328.877	0	30149.85	77194.93	2986.364	8447.673	0.006389748	1	5.138227	0.4520675	1	2	0.03594925	0.07863788	
20916	909.0505	3.45e+19	0	0	100000	2	1e-05	6.078775e+26	3.817635e+26	3.638452e+26	1.791825e+25	7.047109e+25	1.556429e+26	4.416204e+25	2.773495e+25	2.64332e+25	1.301753e+24	5.119695e+24	1.130739e+25	0.2560433	4.416204e+26	2.773495e+26	2.64332e+26	1.301753e+25	0	3.137834e+17	1.642709e+26	0	0	0	0	0	0	0	0	0	0	0	0	0	0	5.68911e+26	0	5.68911e+26	2.57179e+26	0	2.57179e+26	1.376817e+26	0	1.376817e+26	5.143579e+26	0	5.143579e+26	1.532683e+26	0	1.532683e+26	4.90978e+26	0	4.90978e+26	3.376887e+23	9.821194e-10	0.001339979	4.44552e+12	6.300427e+07	635275.8	1.897292e-07	7.694953e-14	4.82366e-21	0.3420807	0.5	0.006433103	0.9999535	88.75122	11.03666	10569.8	1.117189e+26	1.827432e+28	5.151575e+27	6.741065e+25	3.118866e+27	1.203261e+27	5.325573e+26	2.294797e+26	0.2188657	0	0.01910711	0.03560219	0.03560219	0.001424136	0.02670164	0	0	0	0	1.280678e-20	0	1.280678e-20	0	-328.877	0	-328.877	0	30149.85	77194.93	2990.526	8447.673	0.006389748	1	5.138395	0.4520675	1	2	0.03601839	0.07874329	
20944	909.0505	3.45e+19	0	0	100000	2	1e-05	6.086913e+26	3.82143e+26	3.642132e+26	1.792976e+25	7.085459e+25	1.556937e+26	4.422116e+25	2.776253e+25	2.645994e+25	1.302589e+24	5.147556e+24	1.131108e+25	0.2557843	4.422116e+26	2.776253e+26	2.645994e+26	1.302589e+25	0	3.137834e+17	1.645864e+26	0	0	0	0	0	0	0	0	0	0	0	0	0	0	5.696726e+26	0	5.696726e+26	2.575232e+26	0	2.575232e+26	1.37866e+26	0	1.37866e+26	5.150465e+26	0	5.150465e+26	1.534734e+26	0	1.534734e+26	4.916353e+26	0	4.916353e+26	3.375822e+23	9.824316e-10	0.001340834	4.44552e+12	6.33475e+07	635858.3	1.900713e-07	7.722724e-14	4.849796e-21	0.3433152	0.5	0.006467959	0.999959	88.87003	11.05144	10569.8	1.117189e+26	1.827432e+28	5.151575e+27	6.741065e+25	3.118866e+27	1.203261e+27	5.325573e+26	2.294797e+26	0.2188657	0	0.0190992	0.03560219	0.03560219	0.001424136	0.02670164	0	0	0	0	1.280678e-20	0	1.280678e-20	0	-328.877	0	-328.877	0	30149.85	77194.93	2994.688	8447.673	0.006389749	1	5.138562	0.4520675	1	2	0.03608756	0.0788487	
20972	909.0505	3.45e+19	0	0	100000	2	1e-05	6.09505e+26	3.825223e+26	3.64581e+26	1.794125e+25	7.12374e+25	1.557454e+26	4.428028e+25	2.779008e+25	2.648666e+25	1.303424e+24	5.175366e+24	1.131483e+25	0.2555276	4.428028e+26	2.779008e+26	2.648666e+26	1.303424e+25	0	3.137834e+17	1.64902e+26	0	0	0	0	0	0	0	0	0	0	0	0	0	0	5.704342e+26	0	5.704342e+26	2.578675e+26	0	2.578675e+26	1.380503e+26	0	1.380503e+26	5.15735e+26	0	5.15735e+26	1.536786e+26	0	1.536786e+26	4.922925e+26	0	4.922925e+26	3.374759e+23	9.827434e-10	0.001341689	4.44552e+12	6.36901e+07	636448	1.904115e-07	7.750394e-14	4.875885e-21	0.3445453	0.5	0.006502753	0.9999639	88.98884	11.06621	10569.8	1.117189e+26	1.827432e+28	5.151575e+27	6.741065e+25	3.118866e+27	1.203261e+27	5.325573e+26	2.294797e+26	0.2188657	0	0.01909129	0.03560219	0.03560219	0.001424136	0.02670164	0	0	0	0	1.280678e-20	0	1.280678e-20	0	-328.877	0	-328.877	0	30149.85	77194.93	2998.851	8447.673	0.006389748	1	5.13873	0.4520675	1	2	0.03615677	0.07895412	
21000	909.0505	3.45e+19	0	0	100000	2	1e-05	6.103188e+26	3.829013e+26	3.649486e+26	1.795273e+25	7.161949e+25	1.55798e+26	4.43394e+25	2.781762e+25	2.651336e+25	1.304258e+24	5.203126e+24	1.131866e+25	0.2552731	4.43394e+26	2.781762e+26	2.651336e+26	1.304258e+25	0	3.137834e+17	1.652178e+26	0	0	0	0	0	0	0	0	0	0	0	0	0	0	5.711958e+26	0	5.711958e+26	2.582118e+26	0	2.582118e+26	1.382346e+26	0	1.382346e+26	5.164236e+26	0	5.164236e+26	1.538838e+26	0	1.538838e+26	4.929498e+26	0	4.929498e+26	3.373697e+23	9.830548e-10	0.001342542	4.44552e+12	6.403208e+07	637044.9	1.907499e-07	7.777965e-14	4.901926e-21	0.345771	0.5	0.006537483	0.9999682	89.10765	11.08099	10569.8	1.117189e+26	1.827432e+28	5.151575e+27	6.741065e+25	3.118866e+27	1.203261e+27	5.325573e+26	2.294797e+26	0.2188657	0	0.01908339	0.03560219	0.03560219	0.001424136	0.02670164	0	0	0	0	1.280678e-20	0	1.280678e-20	0	-328.877	0	-328.877	0	30149.85	77194.93	3003.013	8447.673	0.006389749	1	5.138897	0.4520675	1	2	0.03622602	0.07905953	
21028	909.0505	3.45e+19	0	0	100000	2	1e-05	6.111326e+26	3.832801e+26	3.653159e+26	1.79642e+25	7.200088e+25	1.558515e+26	4.439852e+25	2.784514e+25	2.654005e+25	1.305091e+24	5.230833e+24	1.132255e+25	0.2550209	4.439852e+26	2.784514e+26	2.654005e+26	1.305091e+25	0	3.137834e+17	1.655338e+26	0	0	0	0	0	0	0	0	0	0	0	0	0	0	5.719574e+26	0	5.719574e+26	2.585561e+26	0	2.585561e+26	1.384189e+26	0	1.384189e+26	5.171122e+26	0	5.171122e+26	1.54089e+26	0	1.54089e+26	4.936071e+26	0	4.936071e+26	3.372638e+23	9.833657e-10	0.001343394	4.44552e+12	6.437342e+07	637649.2	1.910864e-07	7.805437e-14	4.927919e-21	0.3469922	0.5	0.006572148	0.999972	89.22646	11.09576	10569.8	1.117189e+26	1.827432e+28	5.151575e+27	6.741065e+25	3.118866e+27	1.203261e+27	5.325573e+26	2.294797e+26	0.2188657	0	0.01907548	0.03560219	0.03560219	0.001424136	0.02670164	0	0	0	0	1.280678e-20	0	1.280678e-20	0	-328.877	0	-328.877	0	30149.85	77194.93	3007.176	8447.673	0.006389748	1	5.139065	0.4520675	1	2	0.0362953	0.07916494	
21056	909.0505	3.45e+19	0	0	100000	2	1e-05	6.119463e+26	3.836587e+26	3.656831e+26	1.797565e+25	7.238154e+25	1.559061e+26	4.445764e+25	2.787264e+25	2.656672e+25	1.305923e+24	5.258488e+24	1.132651e+25	0.2547708	4.445764e+26	2.787264e+26	2.656672e+26	1.305923e+25	0	3.137834e+17	1.6585e+26	0	0	0	0	0	0	0	0	0	0	0	0	0	0	5.72719e+26	0	5.72719e+26	2.589004e+26	0	2.589004e+26	1.386032e+26	0	1.386032e+26	5.178007e+26	0	5.178007e+26	1.542942e+26	0	1.542942e+26	4.942643e+26	0	4.942643e+26	3.371581e+23	9.836762e-10	0.001344246	4.44552e+12	6.471412e+07	638260.8	1.914212e-07	7.832808e-14	4.953863e-21	0.348209	0.5	0.006606749	0.9999753	89.34527	11.11054	10569.8	1.117189e+26	1.827432e+28	5.151575e+27	6.741065e+25	3.118866e+27	1.203261e+27	5.325573e+26	2.294797e+26	0.2188657	0	0.01906757	0.03560219	0.03560219	0.001424136	0.02670164	0	0	0	0	1.280678e-20	0	1.280678e-20	0	-328.877	0	-328.877	0	30149.85	77194.93	3011.339	8447.673	0.006389748	1	5.139232	0.4520675	1	2	0.03636462	0.07927035	
21084	909.0505	3.45e+19	0	0	100000	2	1e-05	6.127601e+26	3.84037e+26	3.6605e+26	1.798709e+25	7.276148e+25	1.559615e+26	4.451676e+25	2.790013e+25	2.659337e+25	1.306755e+24	5.28609e+24	1.133054e+25	0.254523	4.451676e+26	2.790013e+26	2.659337e+26	1.306755e+25	0	3.137834e+17	1.661663e+26	0	0	0	0	0	0	0	0	0	0	0	0	0	0	5.734806e+26	0	5.734806e+26	2.592446e+26	0	2.592446e+26	1.387875e+26	0	1.387875e+26	5.184893e+26	0	5.184893e+26	1.544993e+26	0	1.544993e+26	4.949216e+26	0	4.949216e+26	3.370525e+23	9.839863e-10	0.001345096	4.44552e+12	6.505416e+07	638879.8	1.917542e-07	7.86008e-14	4.979758e-21	0.3494214	0.5	0.006641284	0.9999782	89.46408	11.12531	10569.8	1.117189e+26	1.827432e+28	5.151575e+27	6.741065e+25	3.118866e+27	1.203261e+27	5.325573e+26	2.294797e+26	0.2188657	0	0.01905967	0.03560219	0.03560219	0.001424136	0.02670164	0	0	0	0	1.280678e-20	0	1.280678e-20	0	-328.877	0	-328.877	0	30149.85	77194.93	3015.503	8447.673	0.006389748	1	5.139399	0.4520675	1	2	0.03643398	0.07937577	
21112	909.0505	3.45e+19	0	0	100000	2	1e-05	6.135738e+26	3.844152e+26	3.664166e+26	1.799852e+25	7.314068e+25	1.56018e+26	4.457588e+25	2.79276e+25	2.662001e+25	1.307585e+24	5.313639e+24	1.133464e+25	0.2542775	4.457588e+26	2.79276e+26	2.662001e+26	1.307585e+25	0	3.137834e+17	1.664828e+26	0	0	0	0	0	0	0	0	0	0	0	0	0	0	5.742422e+26	0	5.742422e+26	2.595889e+26	0	2.595889e+26	1.389719e+26	0	1.389719e+26	5.191779e+26	0	5.191779e+26	1.547045e+26	0	1.547045e+26	4.955789e+26	0	4.955789e+26	3.369472e+23	9.84296e-10	0.001345946	4.44552e+12	6.539356e+07	639506.3	1.920853e-07	7.887253e-14	5.005603e-21	0.3506294	0.5	0.006675752	0.9999808	89.58289	11.14009	10569.8	1.117189e+26	1.827432e+28	5.151575e+27	6.741065e+25	3.118866e+27	1.203261e+27	5.325573e+26	2.294797e+26	0.2188657	0	0.01905176	0.03560219	0.03560219	0.001424136	0.02670164	0	0	0	0	1.280678e-20	0	1.280678e-20	0	-328.877	0	-328.877	0	30149.85	77194.93	3019.667	8447.673	0.006389749	1	5.139566	0.4520675	1	2	0.03650338	0.07948118	
21140	909.0505	3.45e+19	0	0	100000	2	1e-05	6.143876e+26	3.84793e+26	3.667831e+26	1.800994e+25	7.351913e+25	1.560754e+26	4.4635e+25	2.795505e+25	2.664663e+25	1.308414e+24	5.341134e+24	1.133881e+25	0.2540341	4.4635e+26	2.795505e+26	2.664663e+26	1.308414e+25	0	3.137834e+17	1.667995e+26	0	0	0	0	0	0	0	0	0	0	0	0	0	0	5.750038e+26	0	5.750038e+26	2.599332e+26	0	2.599332e+26	1.391562e+26	0	1.391562e+26	5.198664e+26	0	5.198664e+26	1.549097e+26	0	1.549097e+26	4.962361e+26	0	4.962361e+26	3.36842e+23	9.846053e-10	0.001346795	4.44552e+12	6.573228e+07	640140.2	1.924147e-07	7.914325e-14	5.031396e-21	0.3518329	0.5	0.006710152	0.9999831	89.7017	11.15486	10569.8	1.117189e+26	1.827432e+28	5.151575e+27	6.741065e+25	3.118866e+27	1.203261e+27	5.325573e+26	2.294797e+26	0.2188657	0	0.01904386	0.03560219	0.03560219	0.001424136	0.02670164	0	0	0	0	1.280678e-20	0	1.280678e-20	0	-328.877	0	-328.877	0	30149.85	77194.93	3023.831	8447.673	0.006389749	1	5.139732	0.4520675	1	2	0.03657281	0.07958659	
21168	909.0505	3.45e+19	0	0	100000	2	1e-05	6.152014e+26	3.851707e+26	3.671493e+26	1.802134e+25	7.389684e+25	1.561338e+26	4.469412e+25	2.798248e+25	2.667324e+25	1.309243e+24	5.368574e+24	1.134306e+25	0.2537931	4.469412e+26	2.798248e+26	2.667324e+26	1.309243e+25	0	3.137834e+17	1.671163e+26	0	0	0	0	0	0	0	0	0	0	0	0	0	0	5.757654e+26	0	5.757654e+26	2.602775e+26	0	2.602775e+26	1.393405e+26	0	1.393405e+26	5.20555e+26	0	5.20555e+26	1.551149e+26	0	1.551149e+26	4.968934e+26	0	4.968934e+26	3.36737e+23	9.849142e-10	0.001347642	4.44552e+12	6.607034e+07	640781.7	1.927423e-07	7.941297e-14	5.057139e-21	0.3530319	0.5	0.006744483	0.9999851	89.82051	11.16964	10569.8	1.117189e+26	1.827432e+28	5.151575e+27	6.741065e+25	3.118866e+27	1.203261e+27	5.325573e+26	2.294797e+26	0.2188657	0	0.01903595	0.03560219	0.03560219	0.001424136	0.02670164	0	0	0	0	1.280678e-20	0	1.280678e-20	0	-328.877	0	-328.877	0	30149.85	77194.93	3027.995	8447.673	0.006389748	1	5.139899	0.4520675	1	2	0.03664228	0.079692	
21196	909.0505	3.45e+19	0	0	100000	2	1e-05	6.160151e+26	3.855481e+26	3.675153e+26	1.803274e+25	7.427378e+25	1.561932e+26	4.475323e+25	2.80099e+25	2.669983e+25	1.310071e+24	5.395959e+24	1.134737e+25	0.2535542	4.475323e+26	2.80099e+26	2.669983e+26	1.310071e+25	0	3.137834e+17	1.674333e+26	0	0	0	0	0	0	0	0	0	0	0	0	0	0	5.76527e+26	0	5.76527e+26	2.606218e+26	0	2.606218e+26	1.395248e+26	0	1.395248e+26	5.212436e+26	0	5.212436e+26	1.5532e+26	0	1.5532e+26	4.975507e+26	0	4.975507e+26	3.366322e+23	9.852227e-10	0.001348489	4.44552e+12	6.640773e+07	641430.8	1.930681e-07	7.96817e-14	5.08283e-21	0.3542266	0.5	0.006778747	0.9999869	89.93932	11.18441	10569.8	1.117189e+26	1.827432e+28	5.151575e+27	6.741065e+25	3.118866e+27	1.203261e+27	5.325573e+26	2.294797e+26	0.2188657	0	0.01902805	0.03560219	0.03560219	0.001424136	0.02670164	0	0	0	0	1.280678e-20	0	1.280678e-20	0	-328.877	0	-328.877	0	30149.85	77194.93	3032.16	8447.673	0.006389749	1	5.140065	0.4520675	1	2	0.03671179	0.07979742	
21224	909.0505	3.45e+19	0	0	100000	2	1e-05	6.168289e+26	3.859253e+26	3.678811e+26	1.804412e+25	7.464997e+25	1.562536e+26	4.481235e+25	2.803731e+25	2.672641e+25	1.310897e+24	5.423288e+24	1.135176e+25	0.2533177	4.481235e+26	2.803731e+26	2.672641e+26	1.310897e+25	0	3.137834e+17	1.677505e+26	0	0	0	0	0	0	0	0	0	0	0	0	0	0	5.772886e+26	0	5.772886e+26	2.609661e+26	0	2.609661e+26	1.397091e+26	0	1.397091e+26	5.219321e+26	0	5.219321e+26	1.555252e+26	0	1.555252e+26	4.982079e+26	0	4.982079e+26	3.365276e+23	9.855308e-10	0.001349335	4.44552e+12	6.674443e+07	642087.4	1.933922e-07	7.994944e-14	5.10847e-21	0.3554168	0.5	0.006812941	0.9999884	90.05813	11.19919	10569.8	1.117189e+26	1.827432e+28	5.151575e+27	6.741065e+25	3.118866e+27	1.203261e+27	5.325573e+26	2.294797e+26	0.2188657	0	0.01902014	0.03560219	0.03560219	0.001424136	0.02670164	0	0	0	0	1.280678e-20	0	1.280678e-20	0	-328.877	0	-328.877	0	30149.85	77194.93	3036.324	8447.673	0.006389748	1	5.140232	0.4520675	1	2	0.03678133	0.07990283	
21252	909.0505	3.45e+19	0	0	100000	2	1e-05	6.176426e+26	3.863022e+26	3.682467e+26	1.805548e+25	7.502538e+25	1.56315e+26	4.487147e+25	2.806469e+25	2.675297e+25	1.311723e+24	5.450562e+24	1.135622e+25	0.2530833	4.487147e+26	2.806469e+26	2.675297e+26	1.311723e+25	0	3.137834e+17	1.680678e+26	0	0	0	0	0	0	0	0	0	0	0	0	0	0	5.780501e+26	0	5.780501e+26	2.613103e+26	0	2.613103e+26	1.398934e+26	0	1.398934e+26	5.226207e+26	0	5.226207e+26	1.557304e+26	0	1.557304e+26	4.988652e+26	0	4.988652e+26	3.364232e+23	9.858385e-10	0.00135018	4.44552e+12	6.708045e+07	642751.8	1.937146e-07	8.021619e-14	5.134058e-21	0.3566026	0.5	0.006847067	0.9999898	90.17694	11.21396	10569.8	1.117189e+26	1.827432e+28	5.151575e+27	6.741065e+25	3.118866e+27	1.203261e+27	5.325573e+26	2.294797e+26	0.2188657	0	0.01901224	0.03560219	0.03560219	0.001424136	0.02670164	0	0	0	0	1.280678e-20	0	1.280678e-20	0	-328.877	0	-328.877	0	30149.85	77194.93	3040.49	8447.673	0.006389748	1	5.140398	0.4520675	1	2	0.03685091	0.08000824	
21280	909.0505	3.45e+19	0	0	100000	2	1e-05	6.184564e+26	3.866789e+26	3.686121e+26	1.806684e+25	7.540002e+25	1.563774e+26	4.493059e+25	2.809206e+25	2.677951e+25	1.312548e+24	5.477779e+24	1.136075e+25	0.2528512	4.493059e+26	2.809206e+26	2.677951e+26	1.312548e+25	0	3.137834e+17	1.683853e+26	0	0	0	0	0	0	0	0	0	0	0	0	0	0	5.788117e+26	0	5.788117e+26	2.616546e+26	0	2.616546e+26	1.400777e+26	0	1.400777e+26	5.233092e+26	0	5.233092e+26	1.559356e+26	0	1.559356e+26	4.995225e+26	0	4.995225e+26	3.363189e+23	9.861457e-10	0.001351024	4.44552e+12	6.741577e+07	643423.8	1.940352e-07	8.048195e-14	5.159593e-21	0.3577841	0.5	0.006881122	0.999991	90.29575	11.22873	10569.8	1.117189e+26	1.827432e+28	5.151575e+27	6.741065e+25	3.118866e+27	1.203261e+27	5.325573e+26	2.294797e+26	0.2188657	0	0.01900433	0.03560219	0.03560219	0.001424136	0.02670164	0	0	0	0	1.280678e-20	0	1.280678e-20	0	-328.877	0	-328.877	0	30149.85	77194.93	3044.655	8447.673	0.006389748	1	5.140564	0.4520675	1	2	0.03692053	0.08011366	
21308	909.0505	3.45e+19	0	0	100000	2	1e-05	6.192701e+26	3.870554e+26	3.689772e+26	1.807818e+25	7.577387e+25	1.564409e+26	4.498971e+25	2.811941e+25	2.680604e+25	1.313372e+24	5.50494e+24	1.136536e+25	0.2526214	4.498971e+26	2.811941e+26	2.680604e+26	1.313372e+25	0	3.137834e+17	1.68703e+26	0	0	0	0	0	0	0	0	0	0	0	0	0	0	5.795733e+26	0	5.795733e+26	2.619989e+26	0	2.619989e+26	1.40262e+26	0	1.40262e+26	5.239978e+26	0	5.239978e+26	1.561408e+26	0	1.561408e+26	5.001797e+26	0	5.001797e+26	3.362149e+23	9.864526e-10	0.001351868	4.44552e+12	6.775039e+07	644103.6	1.943541e-07	8.074672e-14	5.185076e-21	0.3589612	0.5	0.006915107	0.9999921	90.41456	11.24351	10569.8	1.117189e+26	1.827432e+28	5.151575e+27	6.741065e+25	3.118866e+27	1.203261e+27	5.325573e+26	2.294797e+26	0.2188657	0	0.01899643	0.03560219	0.03560219	0.001424136	0.02670164	0	0	0	0	1.280678e-20	0	1.280678e-20	0	-328.877	0	-328.877	0	30149.85	77194.93	3048.821	8447.673	0.006389749	1	5.14073	0.4520675	1	2	0.03699019	0.08021907	
21336	909.0505	3.45e+19	0	0	100000	2	1e-05	6.200839e+26	3.874316e+26	3.693421e+26	1.808951e+25	7.614694e+25	1.565053e+26	4.504883e+25	2.814674e+25	2.683255e+25	1.314196e+24	5.532043e+24	1.137004e+25	0.2523938	4.504883e+26	2.814674e+26	2.683255e+26	1.314196e+25	0	3.137834e+17	1.690209e+26	0	0	0	0	0	0	0	0	0	0	0	0	0	0	5.803349e+26	0	5.803349e+26	2.623432e+26	0	2.623432e+26	1.404464e+26	0	1.404464e+26	5.246864e+26	0	5.246864e+26	1.563459e+26	0	1.563459e+26	5.00837e+26	0	5.00837e+26	3.36111e+23	9.867591e-10	0.00135271	4.44552e+12	6.808432e+07	644791.2	1.946713e-07	8.101052e-14	5.210505e-21	0.3601338	0.5	0.006949021	0.999993	90.53337	11.25828	10569.8	1.117189e+26	1.827432e+28	5.151575e+27	6.741065e+25	3.118866e+27	1.203261e+27	5.325573e+26	2.294797e+26	0.2188657	0	0.01898852	0.03560219	0.03560219	0.001424136	0.02670164	0	0	0	0	1.280678e-20	0	1.280678e-20	0	-328.877	0	-328.877	0	30149.85	77194.93	3052.987	8447.673	0.006389749	1	5.140895	0.4520675	1	2	0.03705988	0.08032448	
21364	909.0505	3.45e+19	0	0	100000	2	1e-05	6.208977e+26	3.878077e+26	3.697068e+26	1.810083e+25	7.651922e+25	1.565708e+26	4.510795e+25	2.817406e+25	2.685904e+25	1.315018e+24	5.559089e+24	1.13748e+25	0.2521684	4.510795e+26	2.817406e+26	2.685904e+26	1.315018e+25	0	3.137834e+17	1.693389e+26	0	0	0	0	0	0	0	0	0	0	0	0	0	0	5.810965e+26	0	5.810965e+26	2.626875e+26	0	2.626875e+26	1.406307e+26	0	1.406307e+26	5.253749e+26	0	5.253749e+26	1.565511e+26	0	1.565511e+26	5.014943e+26	0	5.014943e+26	3.360073e+23	9.870651e-10	0.001353551	4.44552e+12	6.841753e+07	645486.6	1.949868e-07	8.127332e-14	5.235881e-21	0.3613022	0.5	0.006982864	0.9999939	90.65218	11.27306	10569.8	1.117189e+26	1.827432e+28	5.151575e+27	6.741065e+25	3.118866e+27	1.203261e+27	5.325573e+26	2.294797e+26	0.2188657	0	0.01898061	0.03560219	0.03560219	0.001424136	0.02670164	0	0	0	0	1.280678e-20	0	1.280678e-20	0	-328.877	0	-328.877	0	30149.85	77194.93	3057.153	8447.673	0.006389749	1	5.141061	0.4520675	1	2	0.03712961	0.08042989	
21392	909.0505	3.45e+19	0	0	100000	2	1e-05	6.217114e+26	3.881834e+26	3.700713e+26	1.811214e+25	7.68907e+25	1.566373e+26	4.516707e+25	2.820136e+25	2.688552e+25	1.315839e+24	5.586076e+24	1.137963e+25	0.2519453	4.516707e+26	2.820136e+26	2.688552e+26	1.315839e+25	0	3.137834e+17	1.696571e+26	0	0	0	0	0	0	0	0	0	0	0	0	0	0	5.818581e+26	0	5.818581e+26	2.630318e+26	0	2.630318e+26	1.40815e+26	0	1.40815e+26	5.260635e+26	0	5.260635e+26	1.567563e+26	0	1.567563e+26	5.021515e+26	0	5.021515e+26	3.359038e+23	9.873708e-10	0.001354392	4.44552e+12	6.875004e+07	646189.9	1.953007e-07	8.153515e-14	5.261203e-21	0.3624661	0.5	0.007016635	0.9999946	90.77099	11.28783	10569.8	1.117189e+26	1.827432e+28	5.151575e+27	6.741065e+25	3.118866e+27	1.203261e+27	5.325573e+26	2.294797e+26	0.2188657	0	0.01897271	0.03560219	0.03560219	0.001424136	0.02670164	0	0	0	0	1.280678e-20	0	1.280678e-20	0	-328.877	0	-328.877	0	30149.85	77194.93	3061.32	8447.673	0.006389748	1	5.141226	0.4520675	1	2	0.03719938	0.08053531	
21420	909.0505	3.45e+19	0	0	100000	2	1e-05	6.225252e+26	3.88559e+26	3.704356e+26	1.812344e+25	7.726137e+25	1.567048e+26	4.522619e+25	2.822865e+25	2.691199e+25	1.31666e+24	5.613006e+24	1.138454e+25	0.2517244	4.522619e+26	2.822865e+26	2.691199e+26	1.31666e+25	0	3.137834e+17	1.699754e+26	0	0	0	0	0	0	0	0	0	0	0	0	0	0	5.826197e+26	0	5.826197e+26	2.63376e+26	0	2.63376e+26	1.409993e+26	0	1.409993e+26	5.267521e+26	0	5.267521e+26	1.569615e+26	0	1.569615e+26	5.028088e+26	0	5.028088e+26	3.358005e+23	9.87676e-10	0.001355232	4.44552e+12	6.908183e+07	646901.1	1.956128e-07	8.1796e-14	5.286471e-21	0.3636257	0.5	0.007050333	0.9999952	90.8898	11.30261	10569.8	1.117189e+26	1.827432e+28	5.151575e+27	6.741065e+25	3.118866e+27	1.203261e+27	5.325573e+26	2.294797e+26	0.2188657	0	0.0189648	0.03560219	0.03560219	0.001424136	0.02670164	0	0	0	0	1.280678e-20	0	1.280678e-20	0	-328.877	0	-328.877	0	30149.85	77194.93	3065.487	8447.673	0.006389748	1	5.141392	0.4520674	1	2	0.03726918	0.08064072	
21448	909.0505	3.45e+19	0	0	100000	2	1e-05	6.233389e+26	3.889343e+26	3.707996e+26	1.813472e+25	7.763124e+25	1.567734e+26	4.528531e+25	2.825591e+25	2.693843e+25	1.31748e+24	5.639877e+24	1.138952e+25	0.2515058	4.528531e+26	2.825591e+26	2.693843e+26	1.31748e+25	0	3.137834e+17	1.702939e+26	0	0	0	0	0	0	0	0	0	0	0	0	0	0	5.833813e+26	0	5.833813e+26	2.637203e+26	0	2.637203e+26	1.411836e+26	0	1.411836e+26	5.274406e+26	0	5.274406e+26	1.571667e+26	0	1.571667e+26	5.034661e+26	0	5.034661e+26	3.356974e+23	9.879809e-10	0.00135607	4.44552e+12	6.94129e+07	647620.3	1.959233e-07	8.205587e-14	5.311684e-21	0.364781	0.5	0.007083959	0.9999958	91.00861	11.31738	10569.8	1.117189e+26	1.827432e+28	5.151575e+27	6.741065e+25	3.118866e+27	1.203261e+27	5.325573e+26	2.294797e+26	0.2188657	0	0.0189569	0.03560219	0.03560219	0.001424136	0.02670164	0	0	0	0	1.280678e-20	0	1.280678e-20	0	-328.877	0	-328.877	0	30149.85	77194.93	3069.654	8447.673	0.006389749	1	5.141557	0.4520674	1	2	0.03733902	0.08074613	
21476	909.0505	3.45e+19	0	0	100000	2	1e-05	6.241527e+26	3.893094e+26	3.711634e+26	1.814599e+25	7.80003e+25	1.56843e+26	4.534443e+25	2.828316e+25	2.696486e+25	1.318298e+24	5.666689e+24	1.139457e+25	0.2512894	4.534443e+26	2.828316e+26	2.696486e+26	1.318298e+25	0	3.137834e+17	1.706126e+26	0	0	0	0	0	0	0	0	0	0	0	0	0	0	5.841429e+26	0	5.841429e+26	2.640646e+26	0	2.640646e+26	1.413679e+26	0	1.413679e+26	5.281292e+26	0	5.281292e+26	1.573718e+26	0	1.573718e+26	5.041233e+26	0	5.041233e+26	3.355944e+23	9.882853e-10	0.001356908	4.44552e+12	6.974325e+07	648347.5	1.962321e-07	8.231477e-14	5.336842e-21	0.3659319	0.5	0.007117511	0.9999963	91.12742	11.33216	10569.8	1.117189e+26	1.827432e+28	5.151575e+27	6.741065e+25	3.118866e+27	1.203261e+27	5.325573e+26	2.294797e+26	0.2188657	0	0.01894899	0.03560219	0.03560219	0.001424136	0.02670164	0	0	0	0	1.280678e-20	0	1.280678e-20	0	-328.877	0	-328.877	0	30149.85	77194.93	3073.821	8447.673	0.006389748	1	5.141722	0.4520674	1	2	0.03740889	0.08085154	
21504	909.0505	3.45e+19	0	0	100000	2	1e-05	6.249665e+26	3.896843e+26	3.71527e+26	1.815725e+25	7.836854e+25	1.569136e+26	4.540355e+25	2.83104e+25	2.699128e+25	1.319116e+24	5.693441e+24	1.139971e+25	0.2510753	4.540355e+26	2.83104e+26	2.699128e+26	1.319116e+25	0	3.137834e+17	1.709315e+26	0	0	0	0	0	0	0	0	0	0	0	0	0	0	5.849045e+26	0	5.849045e+26	2.644089e+26	0	2.644089e+26	1.415522e+26	0	1.415522e+26	5.288178e+26	0	5.288178e+26	1.57577e+26	0	1.57577e+26	5.047806e+26	0	5.047806e+26	3.354917e+23	9.885894e-10	0.001357745	4.44552e+12	7.007286e+07	649082.7	1.965393e-07	8.257269e-14	5.361946e-21	0.3670785	0.5	0.007150991	0.9999967	91.24623	11.34693	10569.8	1.117189e+26	1.827432e+28	5.151575e+27	6.741065e+25	3.118866e+27	1.203261e+27	5.325573e+26	2.294797e+26	0.2188657	0	0.01894108	0.03560219	0.03560219	0.001424136	0.02670164	0	0	0	0	1.280678e-20	0	1.280678e-20	0	-328.877	0	-328.877	0	30149.85	77194.93	3077.989	8447.673	0.006389749	1	5.141887	0.4520674	1	2	0.03747881	0.08095696	
21532	909.0505	3.45e+19	0	0	100000	2	1e-05	6.257802e+26	3.900589e+26	3.718904e+26	1.81685e+25	7.873597e+25	1.569853e+26	4.546266e+25	2.833761e+25	2.701768e+25	1.319933e+24	5.720135e+24	1.140492e+25	0.2508634	4.546266e+26	2.833761e+26	2.701768e+26	1.319933e+25	0	3.137834e+17	1.712505e+26	0	0	0	0	0	0	0	0	0	0	0	0	0	0	5.856661e+26	0	5.856661e+26	2.647532e+26	0	2.647532e+26	1.417365e+26	0	1.417365e+26	5.295063e+26	0	5.295063e+26	1.577822e+26	0	1.577822e+26	5.054379e+26	0	5.054379e+26	3.353891e+23	9.888931e-10	0.001358581	4.44552e+12	7.040175e+07	649826	1.968449e-07	8.282965e-14	5.386994e-21	0.3682208	0.5	0.007184396	0.9999971	91.36504	11.36171	10569.8	1.117189e+26	1.827432e+28	5.151575e+27	6.741065e+25	3.118866e+27	1.203261e+27	5.325573e+26	2.294797e+26	0.2188657	0	0.01893317	0.03560219	0.03560219	0.001424136	0.02670164	0	0	0	0	1.280678e-20	0	1.280678e-20	0	-328.877	0	-328.877	0	30149.85	77194.93	3082.157	8447.673	0.006389748	1	5.142051	0.4520674	1	2	0.03754876	0.08106237	
21560	909.0505	3.45e+19	0	0	100000	2	1e-05	6.26594e+26	3.904333e+26	3.722536e+26	1.817973e+25	7.910257e+25	1.570581e+26	4.552178e+25	2.836481e+25	2.704406e+25	1.32075e+24	5.746768e+24	1.14102e+25	0.2506537	4.552178e+26	2.836481e+26	2.704406e+26	1.32075e+25	0	3.137834e+17	1.715697e+26	0	0	0	0	0	0	0	0	0	0	0	0	0	0	5.864277e+26	0	5.864277e+26	2.650974e+26	0	2.650974e+26	1.419209e+26	0	1.419209e+26	5.301949e+26	0	5.301949e+26	1.579874e+26	0	1.579874e+26	5.060951e+26	0	5.060951e+26	3.352867e+23	9.891964e-10	0.001359416	4.44552e+12	7.072991e+07	650577.4	1.971489e-07	8.308563e-14	5.411986e-21	0.3693588	0.5	0.007217727	0.9999975	91.48385	11.37648	10569.8	1.117189e+26	1.827432e+28	5.151575e+27	6.741065e+25	3.118866e+27	1.203261e+27	5.325573e+26	2.294797e+26	0.2188657	0	0.01892526	0.03560219	0.03560219	0.001424136	0.02670164	0	0	0	0	1.280678e-20	0	1.280678e-20	0	-328.877	0	-328.877	0	30149.85	77194.93	3086.325	8447.673	0.006389749	1	5.142216	0.4520674	1	2	0.03761874	0.08116778	
21588	909.0505	3.45e+19	0	0	100000	2	1e-05	6.274077e+26	3.908075e+26	3.726165e+26	1.819095e+25	7.946835e+25	1.571319e+26	4.55809e+25	2.8392e+25	2.707043e+25	1.321565e+24	5.773342e+24	1.141556e+25	0.2504462	4.55809e+26	2.8392e+26	2.707043e+26	1.321565e+25	0	3.137834e+17	1.718891e+26	0	0	0	0	0	0	0	0	0	0	0	0	0	0	5.871893e+26	0	5.871893e+26	2.654417e+26	0	2.654417e+26	1.421052e+26	0	1.421052e+26	5.308835e+26	0	5.308835e+26	1.581925e+26	0	1.581925e+26	5.067524e+26	0	5.067524e+26	3.351844e+23	9.894992e-10	0.00136025	4.44552e+12	7.105733e+07	651337	1.974512e-07	8.334066e-14	5.436922e-21	0.3704925	0.5	0.007250984	0.9999978	91.60266	11.39126	10569.8	1.117189e+26	1.827432e+28	5.151575e+27	6.741065e+25	3.118866e+27	1.203261e+27	5.325573e+26	2.294797e+26	0.2188657	0	0.01891735	0.03560219	0.03560219	0.001424136	0.02670164	0	0	0	0	1.280678e-20	0	1.280678e-20	0	-328.877	0	-328.877	0	30149.85	77194.93	3090.494	8447.673	0.006389749	1	5.14238	0.4520674	1	2	0.03768876	0.08127319	
21616	909.0505	3.45e+19	0	0	100000	2	1e-05	6.282215e+26	3.911814e+26	3.729793e+26	1.820216e+25	7.98333e+25	1.572067e+26	4.564002e+25	2.841916e+25	2.709679e+25	1.322379e+24	5.799855e+24	1.1421e+25	0.2502409	4.564002e+26	2.841916e+26	2.709679e+26	1.322379e+25	0	3.137834e+17	1.722086e+26	0	0	0	0	0	0	0	0	0	0	0	0	0	0	5.879509e+26	0	5.879509e+26	2.65786e+26	0	2.65786e+26	1.422895e+26	0	1.422895e+26	5.31572e+26	0	5.31572e+26	1.583977e+26	0	1.583977e+26	5.074097e+26	0	5.074097e+26	3.350824e+23	9.898017e-10	0.001361084	4.44552e+12	7.138401e+07	652104.8	1.977519e-07	8.359472e-14	5.461803e-21	0.371622	0.5	0.007284166	0.999998	91.72147	11.40603	10569.8	1.117189e+26	1.827432e+28	5.151575e+27	6.741065e+25	3.118866e+27	1.203261e+27	5.325573e+26	2.294797e+26	0.2188657	0	0.01890944	0.03560219	0.03560219	0.001424136	0.02670164	0	0	0	0	1.280678e-20	0	1.280678e-20	0	-328.877	0	-328.877	0	30149.85	77194.93	3094.662	8447.673	0.006389748	1	5.142545	0.4520674	1	2	0.03775882	0.08137861	
21644	909.0505	3.45e+19	0	0	100000	2	1e-05	6.290352e+26	3.915552e+26	3.733418e+26	1.821336e+25	8.019742e+25	1.572827e+26	4.569914e+25	2.844631e+25	2.712312e+25	1.323193e+24	5.826309e+24	1.142652e+25	0.2500379	4.569914e+26	2.844631e+26	2.712312e+26	1.323193e+25	0	3.137834e+17	1.725283e+26	0	0	0	0	0	0	0	0	0	0	0	0	0	0	5.887125e+26	0	5.887125e+26	2.661303e+26	0	2.661303e+26	1.424738e+26	0	1.424738e+26	5.322606e+26	0	5.322606e+26	1.586029e+26	0	1.586029e+26	5.080669e+26	0	5.080669e+26	3.349805e+23	9.901038e-10	0.001361916	4.44552e+12	7.170995e+07	652880.8	1.980511e-07	8.384783e-14	5.486627e-21	0.3727472	0.5	0.007317273	0.9999983	91.84028	11.4208	10569.8	1.117189e+26	1.827432e+28	5.151575e+27	6.741065e+25	3.118866e+27	1.203261e+27	5.325573e+26	2.294797e+26	0.2188657	0	0.01890153	0.03560219	0.03560219	0.001424136	0.02670164	0	0	0	0	1.280678e-20	0	1.280678e-20	0	-328.877	0	-328.877	0	30149.85	77194.93	3098.831	8447.673	0.006389748	1	5.142709	0.4520674	1	2	0.03782892	0.08148402	
21672	909.0505	3.45e+19	0	0	100000	2	1e-05	6.29849e+26	3.919286e+26	3.737041e+26	1.822455e+25	8.056071e+25	1.573596e+26	4.575826e+25	2.847345e+25	2.714944e+25	1.324006e+24	5.852701e+24	1.143211e+25	0.2498371	4.575826e+26	2.847345e+26	2.714944e+26	1.324006e+25	0	3.137834e+17	1.728481e+26	0	0	0	0	0	0	0	0	0	0	0	0	0	0	5.894741e+26	0	5.894741e+26	2.664746e+26	0	2.664746e+26	1.426581e+26	0	1.426581e+26	5.329492e+26	0	5.329492e+26	1.588081e+26	0	1.588081e+26	5.087242e+26	0	5.087242e+26	3.348788e+23	9.904055e-10	0.001362748	4.44552e+12	7.203515e+07	653665.1	1.983486e-07	8.409998e-14	5.511395e-21	0.3738681	0.5	0.007350305	0.9999985	91.95909	11.43558	10569.8	1.117189e+26	1.827432e+28	5.151575e+27	6.741065e+25	3.118866e+27	1.203261e+27	5.325573e+26	2.294797e+26	0.2188657	0	0.01889362	0.03560219	0.03560219	0.001424136	0.02670164	0	0	0	0	1.280678e-20	0	1.280678e-20	0	-328.877	0	-328.877	0	30149.85	77194.93	3103.001	8447.673	0.006389748	1	5.142873	0.4520674	1	2	0.03789905	0.08158943	
21700	909.0505	3.45e+19	0	0	100000	2	1e-05	6.306628e+26	3.923019e+26	3.740662e+26	1.823572e+25	8.092316e+25	1.574377e+26	4.581738e+25	2.850057e+25	2.717575e+25	1.324818e+24	5.879033e+24	1.143778e+25	0.2496385	4.581738e+26	2.850057e+26	2.717575e+26	1.324818e+25	0	3.137834e+17	1.731681e+26	0	0	0	0	0	0	0	0	0	0	0	0	0	0	5.902357e+26	0	5.902357e+26	2.668189e+26	0	2.668189e+26	1.428424e+26	0	1.428424e+26	5.336377e+26	0	5.336377e+26	1.590133e+26	0	1.590133e+26	5.093815e+26	0	5.093815e+26	3.347773e+23	9.907068e-10	0.001363578	4.44552e+12	7.23596e+07	654457.7	1.986446e-07	8.435118e-14	5.536107e-21	0.3749848	0.5	0.007383262	0.9999987	92.0779	11.45035	10569.8	1.117189e+26	1.827432e+28	5.151575e+27	6.741065e+25	3.118866e+27	1.203261e+27	5.325573e+26	2.294797e+26	0.2188657	0	0.01888571	0.03560219	0.03560219	0.001424136	0.02670164	0	0	0	0	1.280678e-20	0	1.280678e-20	0	-328.877	0	-328.877	0	30149.85	77194.93	3107.17	8447.673	0.006389748	1	5.143036	0.4520674	1	2	0.03796922	0.08169485	
21728	909.0505	3.45e+19	0	0	100000	2	1e-05	6.314765e+26	3.926749e+26	3.74428e+26	1.824689e+25	8.128478e+25	1.575168e+26	4.58765e+25	2.852767e+25	2.720204e+25	1.325629e+24	5.905304e+24	1.144353e+25	0.2494421	4.58765e+26	2.852767e+26	2.720204e+26	1.325629e+25	0	3.137834e+17	1.734883e+26	0	0	0	0	0	0	0	0	0	0	0	0	0	0	5.909973e+26	0	5.909973e+26	2.671631e+26	0	2.671631e+26	1.430267e+26	0	1.430267e+26	5.343263e+26	0	5.343263e+26	1.592184e+26	0	1.592184e+26	5.100387e+26	0	5.100387e+26	3.34676e+23	9.910078e-10	0.001364408	4.44552e+12	7.26833e+07	655258.7	1.989391e-07	8.460143e-14	5.560762e-21	0.3760973	0.5	0.007416143	0.9999988	92.19671	11.46513	10569.8	1.117189e+26	1.827432e+28	5.151575e+27	6.741065e+25	3.118866e+27	1.203261e+27	5.325573e+26	2.294797e+26	0.2188657	0	0.01887779	0.03560219	0.03560219	0.001424136	0.02670164	0	0	0	0	1.280678e-20	0	1.280678e-20	0	-328.877	0	-328.877	0	30149.85	77194.93	3111.34	8447.673	0.006389748	1	5.1432	0.4520674	1	2	0.03803943	0.08180026	
21756	909.0505	3.45e+19	0	0	100000	2	1e-05	6.322903e+26	3.930477e+26	3.747897e+26	1.825804e+25	8.164555e+25	1.57597e+26	4.593562e+25	2.855475e+25	2.722831e+25	1.326439e+24	5.931515e+24	1.144935e+25	0.2492478	4.593562e+26	2.855475e+26	2.722831e+26	1.326439e+25	0	3.137834e+17	1.738087e+26	0	0	0	0	0	0	0	0	0	0	0	0	0	0	5.917588e+26	0	5.917588e+26	2.675074e+26	0	2.675074e+26	1.43211e+26	0	1.43211e+26	5.350148e+26	0	5.350148e+26	1.594236e+26	0	1.594236e+26	5.10696e+26	0	5.10696e+26	3.345748e+23	9.913083e-10	0.001365237	4.44552e+12	7.300626e+07	656068.1	1.99232e-07	8.485074e-14	5.58536e-21	0.3772056	0.5	0.007448949	0.999999	92.31552	11.4799	10569.8	1.117189e+26	1.827432e+28	5.151575e+27	6.741065e+25	3.118866e+27	1.203261e+27	5.325573e+26	2.294797e+26	0.2188657	0	0.01886988	0.03560219	0.03560219	0.001424136	0.02670164	0	0	0	0	1.280678e-20	0	1.280678e-20	0	-328.877	0	-328.877	0	30149.85	77194.93	3115.51	8447.673	0.006389748	1	5.143364	0.4520674	1	2	0.03810967	0.08190567	
21784	909.0505	3.45e+19	0	0	100000	2	1e-05	6.33104e+26	3.934203e+26	3.751511e+26	1.826918e+25	8.200549e+25	1.576782e+26	4.599474e+25	2.858182e+25	2.725457e+25	1.327248e+24	5.957664e+24	1.145526e+25	0.2490558	4.599474e+26	2.858182e+26	2.725457e+26	1.327248e+25	0	3.137834e+17	1.741292e+26	0	0	0	0	0	0	0	0	0	0	0	0	0	0	5.925204e+26	0	5.925204e+26	2.678517e+26	0	2.678517e+26	1.433954e+26	0	1.433954e+26	5.357034e+26	0	5.357034e+26	1.596288e+26	0	1.596288e+26	5.113533e+26	0	5.113533e+26	3.344738e+23	9.916084e-10	0.001366065	4.44552e+12	7.332847e+07	656885.8	1.995234e-07	8.50991e-14	5.609901e-21	0.3783097	0.5	0.007481678	0.9999991	92.43433	11.49468	10569.8	1.117189e+26	1.827432e+28	5.151575e+27	6.741065e+25	3.118866e+27	1.203261e+27	5.325573e+26	2.294797e+26	0.2188657	0	0.01886196	0.03560219	0.03560219	0.001424136	0.02670164	0	0	0	0	1.280678e-20	0	1.280678e-20	0	-328.877	0	-328.877	0	30149.85	77194.93	3119.681	8447.673	0.006389749	1	5.143527	0.4520674	1	2	0.03817994	0.08201108	
21812	909.0505	3.45e+19	0	0	100000	2	1e-05	6.339178e+26	3.937927e+26	3.755123e+26	1.828031e+25	8.236458e+25	1.577606e+26	4.605386e+25	2.860887e+25	2.728081e+25	1.328056e+24	5.983752e+24	1.146124e+25	0.248866	4.605386e+26	2.860887e+26	2.728081e+26	1.328056e+25	0	3.137834e+17	1.744499e+26	0	0	0	0	0	0	0	0	0	0	0	0	0	0	5.93282e+26	0	5.93282e+26	2.68196e+26	0	2.68196e+26	1.435797e+26	0	1.435797e+26	5.36392e+26	0	5.36392e+26	1.59834e+26	0	1.59834e+26	5.120105e+26	0	5.120105e+26	3.34373e+23	9.919082e-10	0.001366892	4.44552e+12	7.364992e+07	657712.1	1.998132e-07	8.534653e-14	5.634386e-21	0.3794097	0.5	0.007514332	0.9999992	92.55314	11.50945	10569.8	1.117189e+26	1.827432e+28	5.151575e+27	6.741065e+25	3.118866e+27	1.203261e+27	5.325573e+26	2.294797e+26	0.2188657	0	0.01885405	0.03560219	0.03560219	0.001424136	0.02670164	0	0	0	0	1.280678e-20	0	1.280678e-20	0	-328.877	0	-328.877	0	30149.85	77194.93	3123.852	8447.673	0.006389748	1	5.14369	0.4520674	1	2	0.03825026	0.0821165	
21840	909.0505	3.45e+19	0	0	100000	2	1e-05	6.347316e+26	3.941648e+26	3.758733e+26	1.829142e+25	8.272283e+25	1.578439e+26	4.611298e+25	2.86359e+25	2.730704e+25	1.328864e+24	6.009779e+24	1.14673e+25	0.2486783	4.611298e+26	2.86359e+26	2.730704e+26	1.328864e+25	0	3.137834e+17	1.747707e+26	0	0	0	0	0	0	0	0	0	0	0	0	0	0	5.940436e+26	0	5.940436e+26	2.685403e+26	0	2.685403e+26	1.43764e+26	0	1.43764e+26	5.370805e+26	0	5.370805e+26	1.600392e+26	0	1.600392e+26	5.126678e+26	0	5.126678e+26	3.342724e+23	9.922076e-10	0.001367719	4.44552e+12	7.397063e+07	658546.9	2.001016e-07	8.559303e-14	5.658813e-21	0.3805055	0.5	0.00754691	0.9999993	92.67195	11.52423	10569.8	1.117189e+26	1.827432e+28	5.151575e+27	6.741065e+25	3.118866e+27	1.203261e+27	5.325573e+26	2.294797e+26	0.2188657	0	0.01884613	0.03560219	0.03560219	0.001424136	0.02670164	0	0	0	0	1.280678e-20	0	1.280678e-20	0	-328.877	0	-328.877	0	30149.85	77194.93	3128.023	8447.673	0.006389748	1	5.143854	0.4520674	1	2	0.03832061	0.08222191	
21868	909.0505	3.45e+19	0	0	100000	2	1e-05	6.355453e+26	3.945367e+26	3.762341e+26	1.830253e+25	8.308024e+25	1.579284e+26	4.61721e+25	2.866292e+25	2.733325e+25	1.329671e+24	6.035744e+24	1.147343e+25	0.2484928	4.61721e+26	2.866292e+26	2.733325e+26	1.329671e+25	0	3.137834e+17	1.750918e+26	0	0	0	0	0	0	0	0	0	0	0	0	0	0	5.948052e+26	0	5.948052e+26	2.688846e+26	0	2.688846e+26	1.439483e+26	0	1.439483e+26	5.377691e+26	0	5.377691e+26	1.602443e+26	0	1.602443e+26	5.133251e+26	0	5.133251e+26	3.341719e+23	9.925066e-10	0.001368544	4.44552e+12	7.429058e+07	659390.2	2.003884e-07	8.58386e-14	5.683184e-21	0.3815972	0.5	0.007579412	0.9999994	92.79076	11.539	10569.8	1.117189e+26	1.827432e+28	5.151575e+27	6.741065e+25	3.118866e+27	1.203261e+27	5.325573e+26	2.294797e+26	0.2188657	0	0.01883821	0.03560219	0.03560219	0.001424136	0.02670164	0	0	0	0	1.280678e-20	0	1.280678e-20	0	-328.877	0	-328.877	0	30149.85	77194.93	3132.194	8447.673	0.006389748	1	5.144017	0.4520674	1	2	0.03839099	0.08232732	
21896	909.0505	3.45e+19	0	0	100000	2	1e-05	6.363591e+26	3.949083e+26	3.765947e+26	1.831362e+25	8.343681e+25	1.580139e+26	4.623121e+25	2.868992e+25	2.735944e+25	1.330477e+24	6.061648e+24	1.147964e+25	0.2483094	4.623121e+26	2.868992e+26	2.735944e+26	1.330477e+25	0	3.137834e+17	1.754129e+26	0	0	0	0	0	0	0	0	0	0	0	0	0	0	5.955668e+26	0	5.955668e+26	2.692288e+26	0	2.692288e+26	1.441326e+26	0	1.441326e+26	5.384577e+26	0	5.384577e+26	1.604495e+26	0	1.604495e+26	5.139823e+26	0	5.139823e+26	3.340716e+23	9.928052e-10	0.001369368	4.44552e+12	7.460978e+07	660242.1	2.006738e-07	8.608325e-14	5.707497e-21	0.3826848	0.5	0.007611837	0.9999994	92.90957	11.55378	10569.8	1.117189e+26	1.827432e+28	5.151575e+27	6.741065e+25	3.118866e+27	1.203261e+27	5.325573e+26	2.294797e+26	0.2188657	0	0.01883029	0.03560219	0.03560219	0.001424136	0.02670164	0	0	0	0	1.280678e-20	0	1.280678e-20	0	-328.877	0	-328.877	0	30149.85	77194.93	3136.365	8447.673	0.006389748	1	5.144179	0.4520674	1	2	0.03846142	0.08243274	
21924	909.0505	3.45e+19	0	0	100000	2	1e-05	6.371728e+26	3.952798e+26	3.769551e+26	1.83247e+25	8.379253e+25	1.581005e+26	4.629033e+25	2.871691e+25	2.738562e+25	1.331282e+24	6.087491e+24	1.148594e+25	0.2481282	4.629033e+26	2.871691e+26	2.738562e+26	1.331282e+25	0	3.137834e+17	1.757343e+26	0	0	0	0	0	0	0	0	0	0	0	0	0	0	5.963284e+26	0	5.963284e+26	2.695731e+26	0	2.695731e+26	1.443169e+26	0	1.443169e+26	5.391462e+26	0	5.391462e+26	1.606547e+26	0	1.606547e+26	5.146396e+26	0	5.146396e+26	3.339715e+23	9.931034e-10	0.001370192	4.44552e+12	7.492822e+07	661102.6	2.009576e-07	8.632697e-14	5.731754e-21	0.3837683	0.5	0.007644187	0.9999995	93.02838	11.56855	10569.8	1.117189e+26	1.827432e+28	5.151575e+27	6.741065e+25	3.118866e+27	1.203261e+27	5.325573e+26	2.294797e+26	0.2188657	0	0.01882237	0.03560219	0.03560219	0.001424136	0.02670164	0	0	0	0	1.280678e-20	0	1.280678e-20	0	-328.877	0	-328.877	0	30149.85	77194.93	3140.537	8447.673	0.006389749	1	5.144342	0.4520674	1	2	0.03853188	0.08253815	
21952	909.0505	3.45e+19	0	0	100000	2	1e-05	6.379866e+26	3.95651e+26	3.773152e+26	1.833577e+25	8.414741e+25	1.581882e+26	4.634945e+25	2.874387e+25	2.741179e+25	1.332086e+24	6.113273e+24	1.149231e+25	0.2479491	4.634945e+26	2.874387e+26	2.741179e+26	1.332086e+25	0	3.137834e+17	1.760558e+26	0	0	0	0	0	0	0	0	0	0	0	0	0	0	5.9709e+26	0	5.9709e+26	2.699174e+26	0	2.699174e+26	1.445012e+26	0	1.445012e+26	5.398348e+26	0	5.398348e+26	1.608599e+26	0	1.608599e+26	5.152969e+26	0	5.152969e+26	3.338716e+23	9.934012e-10	0.001371015	4.44552e+12	7.524591e+07	661971.7	2.012401e-07	8.656978e-14	5.755953e-21	0.3848477	0.5	0.00767646	0.9999996	93.14719	11.58333	10569.8	1.117189e+26	1.827432e+28	5.151575e+27	6.741065e+25	3.118866e+27	1.203261e+27	5.325573e+26	2.294797e+26	0.2188657	0	0.01881445	0.03560219	0.03560219	0.001424136	0.02670164	0	0	0	0	1.280678e-20	0	1.280678e-20	0	-328.877	0	-328.877	0	30149.85	77194.93	3144.709	8447.673	0.006389748	1	5.144505	0.4520674	1	2	0.03860237	0.08264356	
21980	909.0505	3.45e+19	0	0	100000	2	1e-05	6.388003e+26	3.96022e+26	3.776751e+26	1.834683e+25	8.450144e+25	1.58277e+26	4.640857e+25	2.877083e+25	2.743794e+25	1.332889e+24	6.138993e+24	1.149875e+25	0.2477722	4.640857e+26	2.877083e+26	2.743794e+26	1.332889e+25	0	3.137834e+17	1.763775e+26	0	0	0	0	0	0	0	0	0	0	0	0	0	0	5.978516e+26	0	5.978516e+26	2.702617e+26	0	2.702617e+26	1.446855e+26	0	1.446855e+26	5.405234e+26	0	5.405234e+26	1.61065e+26	0	1.61065e+26	5.159541e+26	0	5.159541e+26	3.337718e+23	9.936987e-10	0.001371837	4.44552e+12	7.556285e+07	662849.5	2.01521e-07	8.681168e-14	5.780095e-21	0.385923	0.5	0.007708658	0.9999996	93.266	11.5981	10569.8	1.117189e+26	1.827432e+28	5.151575e+27	6.741065e+25	3.118866e+27	1.203261e+27	5.325573e+26	2.294797e+26	0.2188657	0	0.01880652	0.03560219	0.03560219	0.001424136	0.02670164	0	0	0	0	1.280678e-20	0	1.280678e-20	0	-328.877	0	-328.877	0	30149.85	77194.93	3148.882	8447.673	0.006389748	1	5.144667	0.4520674	1	2	0.0386729	0.08274897	
22008	909.0505	3.45e+19	0	0	100000	2	1e-05	6.396141e+26	3.963927e+26	3.780348e+26	1.835787e+25	8.485463e+25	1.583668e+26	4.646769e+25	2.879776e+25	2.746407e+25	1.333691e+24	6.164653e+24	1.150528e+25	0.2475974	4.646769e+26	2.879776e+26	2.746407e+26	1.333691e+25	0	3.137834e+17	1.766993e+26	0	0	0	0	0	0	0	0	0	0	0	0	0	0	5.986132e+26	0	5.986132e+26	2.70606e+26	0	2.70606e+26	1.448699e+26	0	1.448699e+26	5.412119e+26	0	5.412119e+26	1.612702e+26	0	1.612702e+26	5.166114e+26	0	5.166114e+26	3.336722e+23	9.939958e-10	0.001372658	4.44552e+12	7.587904e+07	663736	2.018005e-07	8.705267e-14	5.80418e-21	0.3869943	0.5	0.007740779	0.9999997	93.38481	11.61288	10569.8	1.117189e+26	1.827432e+28	5.151575e+27	6.741065e+25	3.118866e+27	1.203261e+27	5.325573e+26	2.294797e+26	0.2188657	0	0.0187986	0.03560219	0.03560219	0.001424136	0.02670164	0	0	0	0	1.280678e-20	0	1.280678e-20	0	-328.877	0	-328.877	0	30149.85	77194.93	3153.054	8447.673	0.006389748	1	5.14483	0.4520674	1	2	0.03874347	0.08285439	
22036	909.0505	3.45e+19	0	0	100000	2	1e-05	6.404279e+26	3.967632e+26	3.783943e+26	1.836891e+25	8.520698e+25	1.584576e+26	4.652681e+25	2.882468e+25	2.749019e+25	1.334493e+24	6.19025e+24	1.151188e+25	0.2474247	4.652681e+26	2.882468e+26	2.749019e+26	1.334493e+25	0	3.137834e+17	1.770213e+26	0	0	0	0	0	0	0	0	0	0	0	0	0	0	5.993748e+26	0	5.993748e+26	2.709502e+26	0	2.709502e+26	1.450542e+26	0	1.450542e+26	5.419005e+26	0	5.419005e+26	1.614754e+26	0	1.614754e+26	5.172687e+26	0	5.172687e+26	3.335728e+23	9.942925e-10	0.001373478	4.44552e+12	7.619447e+07	664631.3	2.020786e-07	8.729275e-14	5.828208e-21	0.3880617	0.5	0.007772824	0.9999997	93.50362	11.62765	10569.8	1.117189e+26	1.827432e+28	5.151575e+27	6.741065e+25	3.118866e+27	1.203261e+27	5.325573e+26	2.294797e+26	0.2188657	0	0.01879067	0.03560219	0.03560219	0.001424136	0.02670164	0	0	0	0	1.280678e-20	0	1.280678e-20	0	-328.877	0	-328.877	0	30149.85	77194.93	3157.227	8447.673	0.006389748	1	5.144992	0.4520674	1	2	0.03881407	0.0829598	
22064	909.0505	3.45e+19	0	0	100000	2	1e-05	6.412416e+26	3.971335e+26	3.787536e+26	1.837993e+25	4.230106e+25	2.01807e+26	4.658593e+25	2.885158e+25	2.751629e+25	1.335294e+24	3.073154e+24	1.466119e+25	0.3147129	4.658593e+26	2.885158e+26	2.751629e+26	1.335294e+25	0	3.137834e+17	1.773435e+26	0	0	0	0	0	0	0	0	0	0	0	0	0	0	6.001364e+26	0	6.001364e+26	2.712945e+26	0	2.712945e+26	1.452385e+26	0	1.452385e+26	5.425891e+26	0	5.425891e+26	1.616806e+26	0	1.616806e+26	5.179259e+26	0	5.179259e+26	3.334736e+23	9.945888e-10	0.001374297	4.440928e+12	3.786582e+07	666223.6	1.538684e-07	5.060999e-14	2.572896e-21	0.2247553	0.5	0.003427813	0.3061514	93.62243	11.64242	10569.8	1.117189e+26	1.827432e+28	5.151575e+27	6.741065e+25	3.118866e+27	1.203261e+27	5.325573e+26	2.294797e+26	0.2188657	0	0.01878274	0.03560219	0.03560219	0.001424136	0.02670164	0	0	0	0	1.280678e-20	0	1.280678e-20	0	-328.877	0	-328.877	0	30149.85	77194.93	3161.401	8447.673	0.006389749	1	5.145154	0.4520674	1	2	0.03888471	0.08306521	
22092	909.0505	3.45e+19	0	0	100000	2	1e-05	6.420554e+26	3.975036e+26	3.791127e+26	1.839094e+25	4.24687e+25	2.020831e+26	4.664505e+25	2.887847e+25	2.754237e+25	1.336094e+24	3.085333e+24	1.468125e+25	0.314744	4.664505e+26	2.887847e+26	2.754237e+26	1.336094e+25	0	3.137834e+17	1.776658e+26	0	0	0	0	0	0	0	0	0	0	0	0	0	0	6.00898e+26	0	6.00898e+26	2.716388e+26	0	2.716388e+26	1.454228e+26	0	1.454228e+26	5.432776e+26	0	5.432776e+26	1.618858e+26	0	1.618858e+26	5.185832e+26	0	5.185832e+26	3.333745e+23	9.948847e-10	0.001375116	4.440928e+12	3.801606e+07	666404.5	1.605273e-07	5.508522e-14	2.921597e-21	0.2446295	0.5	0.003892381	0.3885704	93.74124	11.6572	10569.8	1.117189e+26	1.827432e+28	5.151575e+27	6.741065e+25	3.118866e+27	1.203261e+27	5.325573e+26	2.294797e+26	0.2188657	0	0.01877481	0.03560219	0.03560219	0.001424136	0.02670164	0	0	0	0	1.280678e-20	0	1.280678e-20	0	-328.877	0	-328.877	0	30149.85	77194.93	3165.574	8447.673	0.006389748	1	5.145316	0.4520674	1	2	0.03895539	0.08317062	
22120	909.0505	3.45e+19	0	0	100000	2	1e-05	6.428691e+26	3.978735e+26	3.794715e+26	1.840194e+25	4.266773e+25	2.023279e+26	4.670417e+25	2.890534e+25	2.756845e+25	1.336893e+24	3.099793e+24	1.469904e+25	0.3147265	4.670417e+26	2.890534e+26	2.756845e+26	1.336893e+25	0	3.137834e+17	1.779883e+26	0	0	0	0	0	0	0	0	0	0	0	0	0	0	6.016596e+26	0	6.016596e+26	2.719831e+26	0	2.719831e+26	1.456071e+26	0	1.456071e+26	5.439662e+26	0	5.439662e+26	1.620909e+26	0	1.620909e+26	5.192405e+26	0	5.192405e+26	3.332756e+23	9.951803e-10	0.001375933	4.440928e+12	3.819443e+07	666586.9	1.607755e-07	5.52557e-14	2.935171e-21	0.2453866	0.5	0.003910465	0.4611992	93.86005	11.67197	10569.8	1.117189e+26	1.827432e+28	5.151575e+27	6.741065e+25	3.118866e+27	1.203261e+27	5.325573e+26	2.294797e+26	0.2188657	0	0.01876688	0.03560219	0.03560219	0.001424136	0.02670164	0	0	0	0	1.280678e-20	0	1.280678e-20	0	-328.877	0	-328.877	0	30149.85	77194.93	3169.748	8447.673	0.006389748	1	5.145477	0.4520674	1	2	0.0390261	0.08327604	
22148	909.0505	3.45e+19	0	0	100000	2	1e-05	6.436829e+26	3.982431e+26	3.798302e+26	1.841293e+25	4.289444e+25	2.025453e+26	4.676329e+25	2.893219e+25	2.75945e+25	1.337691e+24	3.116263e+24	1.471483e+25	0.3146663	4.676329e+26	2.893219e+26	2.75945e+26	1.337691e+25	0	3.137834e+17	1.78311e+26	0	0	0	0	0	0	0	0	0	0	0	0	0	0	6.024212e+26	0	6.024212e+26	2.723274e+26	0	2.723274e+26	1.457914e+26	0	1.457914e+26	5.446548e+26	0	5.446548e+26	1.622961e+26	0	1.622961e+26	5.198977e+26	0	5.198977e+26	3.331769e+23	9.954755e-10	0.00137675	4.440928e+12	3.83976e+07	666770.9	1.610573e-07	5.544957e-14	2.950632e-21	0.2462475	0.5	0.003931063	0.5252008	93.97886	11.68675	10569.8	1.117189e+26	1.827432e+28	5.151575e+27	6.741065e+25	3.118866e+27	1.203261e+27	5.325573e+26	2.294797e+26	0.2188657	0	0.01875895	0.03560219	0.03560219	0.001424136	0.02670164	0	0	0	0	1.280678e-20	0	1.280678e-20	0	-328.877	0	-328.877	0	30149.85	77194.93	3173.922	8447.673	0.006389748	1	5.145639	0.4520674	1	2	0.03909684	0.08338145	
22176	909.0505	3.45e+19	0	0	100000	2	1e-05	6.444967e+26	3.986125e+26	3.801886e+26	1.84239e+25	4.314555e+25	2.027386e+26	4.682241e+25	2.895903e+25	2.762054e+25	1.338489e+24	3.134506e+24	1.472887e+25	0.3145689	4.682241e+26	2.895903e+26	2.762054e+26	1.338489e+25	0	3.137834e+17	1.786338e+26	0	0	0	0	0	0	0	0	0	0	0	0	0	0	6.031828e+26	0	6.031828e+26	2.726717e+26	0	2.726717e+26	1.459757e+26	0	1.459757e+26	5.453433e+26	0	5.453433e+26	1.625013e+26	0	1.625013e+26	5.20555e+26	0	5.20555e+26	3.330783e+23	9.957703e-10	0.001377566	4.440928e+12	3.862265e+07	666956.9	1.613682e-07	5.56639e-14	2.967756e-21	0.2471993	0.5	0.003953877	0.5815999	94.09767	11.70152	10569.8	1.117189e+26	1.827432e+28	5.151575e+27	6.741065e+25	3.118866e+27	1.203261e+27	5.325573e+26	2.294797e+26	0.2188657	0	0.01875101	0.03560219	0.03560219	0.001424136	0.02670164	0	0	0	0	1.280678e-20	0	1.280678e-20	0	-328.877	0	-328.877	0	30149.85	77194.93	3178.096	8447.673	0.006389749	1	5.1458	0.4520674	1	2	0.03916763	0.08348686	
22204	909.0505	3.45e+19	0	0	100000	2	1e-05	6.453104e+26	3.989817e+26	3.805468e+26	1.843487e+25	4.341818e+25	2.029105e+26	4.688153e+25	2.898585e+25	2.764656e+25	1.339285e+24	3.154312e+24	1.474136e+25	0.3144387	4.688153e+26	2.898585e+26	2.764656e+26	1.339285e+25	0	3.137834e+17	1.789568e+26	0	0	0	0	0	0	0	0	0	0	0	0	0	0	6.039444e+26	0	6.039444e+26	2.730159e+26	0	2.730159e+26	1.461601e+26	0	1.461601e+26	5.460319e+26	0	5.460319e+26	1.627065e+26	0	1.627065e+26	5.212123e+26	0	5.212123e+26	3.329799e+23	9.960647e-10	0.001378381	4.440928e+12	3.886697e+07	667145	1.617045e-07	5.589611e-14	2.986346e-21	0.2482306	0.5	0.003978644	0.6312996	94.21648	11.7163	10569.8	1.117189e+26	1.827432e+28	5.151575e+27	6.741065e+25	3.118866e+27	1.203261e+27	5.325573e+26	2.294797e+26	0.2188657	0	0.01874307	0.03560219	0.03560219	0.001424136	0.02670164	0	0	0	0	1.280678e-20	0	1.280678e-20	0	-328.877	0	-328.877	0	30149.85	77194.93	3182.271	8447.673	0.006389749	1	5.145962	0.4520674	1	2	0.03923844	0.08359227	
22232	909.0505	3.45e+19	0	0	100000	2	1e-05	6.461242e+26	3.993506e+26	3.809048e+26	1.844582e+25	4.370976e+25	2.030638e+26	4.694064e+25	2.901265e+25	2.767257e+25	1.340081e+24	3.175495e+24	1.47525e+25	0.3142798	4.694064e+26	2.901265e+26	2.767257e+26	1.340081e+25	0	3.137834e+17	1.792799e+26	0	0	0	0	0	0	0	0	0	0	0	0	0	0	6.04706e+26	0	6.04706e+26	2.733602e+26	0	2.733602e+26	1.463444e+26	0	1.463444e+26	5.467205e+26	0	5.467205e+26	1.629116e+26	0	1.629116e+26	5.218695e+26	0	5.218695e+26	3.328817e+23	9.963588e-10	0.001379195	4.440928e+12	3.912829e+07	667335.5	1.620626e-07	5.614394e-14	3.006229e-21	0.2493312	0.5	0.004005134	0.6750958	94.33529	11.73107	10569.8	1.117189e+26	1.827432e+28	5.151575e+27	6.741065e+25	3.118866e+27	1.203261e+27	5.325573e+26	2.294797e+26	0.2188657	0	0.01873513	0.03560219	0.03560219	0.001424136	0.02670164	0	0	0	0	1.280678e-20	0	1.280678e-20	0	-328.877	0	-328.877	0	30149.85	77194.93	3186.445	8447.673	0.006389748	1	5.146123	0.4520674	1	2	0.0393093	0.08369769	
22260	909.0505	3.45e+19	0	0	100000	2	1e-05	6.469379e+26	3.997194e+26	3.812626e+26	1.845676e+25	4.401805e+25	2.032005e+26	4.699976e+25	2.903944e+25	2.769857e+25	1.340876e+24	3.197892e+24	1.476243e+25	0.3140958	4.699976e+26	2.903944e+26	2.769857e+26	1.340876e+25	0	3.137834e+17	1.796032e+26	0	0	0	0	0	0	0	0	0	0	0	0	0	0	6.054675e+26	0	6.054675e+26	2.737045e+26	0	2.737045e+26	1.465287e+26	0	1.465287e+26	5.47409e+26	0	5.47409e+26	1.631168e+26	0	1.631168e+26	5.225268e+26	0	5.225268e+26	3.327836e+23	9.966525e-10	0.001380009	4.440928e+12	3.940459e+07	667528.6	1.624395e-07	5.640537e-14	3.027251e-21	0.2504922	0.5	0.004033141	0.7136896	94.45411	11.74585	10569.8	1.117189e+26	1.827432e+28	5.151575e+27	6.741065e+25	3.118866e+27	1.203261e+27	5.325573e+26	2.294797e+26	0.2188657	0	0.01872719	0.03560219	0.03560219	0.001424136	0.02670164	0	0	0	0	1.280678e-20	0	1.280678e-20	0	-328.877	0	-328.877	0	30149.85	77194.93	3190.62	8447.673	0.006389748	1	5.146284	0.4520674	1	2	0.03938019	0.0838031	
22288	909.0505	3.45e+19	0	0	100000	2	1e-05	6.477517e+26	4.000879e+26	3.816202e+26	1.846769e+25	4.434106e+25	2.033227e+26	4.705888e+25	2.906621e+25	2.772454e+25	1.34167e+24	3.221359e+24	1.477131e+25	0.3138899	4.705888e+26	2.906621e+26	2.772454e+26	1.34167e+25	0	3.137834e+17	1.799267e+26	0	0	0	0	0	0	0	0	0	0	0	0	0	0	6.062291e+26	0	6.062291e+26	2.740488e+26	0	2.740488e+26	1.46713e+26	0	1.46713e+26	5.480976e+26	0	5.480976e+26	1.63322e+26	0	1.63322e+26	5.231841e+26	0	5.231841e+26	3.326857e+23	9.969458e-10	0.001380821	4.440928e+12	3.969408e+07	667724.4	1.628325e-07	5.667864e-14	3.049277e-21	0.2517057	0.5	0.004062485	0.7476991	94.57292	11.76062	10569.8	1.117189e+26	1.827432e+28	5.151575e+27	6.741065e+25	3.118866e+27	1.203261e+27	5.325573e+26	2.294797e+26	0.2188657	0	0.01871925	0.03560219	0.03560219	0.001424136	0.02670164	0	0	0	0	1.280678e-20	0	1.280678e-20	0	-328.877	0	-328.877	0	30149.85	77194.93	3194.796	8447.673	0.006389748	1	5.146445	0.4520673	1	2	0.03945111	0.08390851	
22316	909.0505	3.45e+19	0	0	100000	2	1e-05	6.485654e+26	4.004562e+26	3.819776e+26	1.847861e+25	4.467704e+25	2.034322e+26	4.7118e+25	2.909297e+25	2.775051e+25	1.342463e+24	3.245768e+24	1.477927e+25	0.3136649	4.7118e+26	2.909297e+26	2.775051e+26	1.342463e+25	0	3.137834e+17	1.802503e+26	0	0	0	0	0	0	0	0	0	0	0	0	0	0	6.069907e+26	0	6.069907e+26	2.743931e+26	0	2.743931e+26	1.468973e+26	0	1.468973e+26	5.487861e+26	0	5.487861e+26	1.635272e+26	0	1.635272e+26	5.238413e+26	0	5.238413e+26	3.32588e+23	9.972387e-10	0.001381633	4.440928e+12	3.999519e+07	667923	1.632392e-07	5.696217e-14	3.072186e-21	0.2529649	0.5	0.004093007	0.7776687	94.69173	11.7754	10569.8	1.117189e+26	1.827432e+28	5.151575e+27	6.741065e+25	3.118866e+27	1.203261e+27	5.325573e+26	2.294797e+26	0.2188657	0	0.0187113	0.03560219	0.03560219	0.001424136	0.02670164	0	0	0	0	1.280678e-20	0	1.280678e-20	0	-328.877	0	-328.877	0	30149.85	77194.93	3198.972	8447.673	0.006389749	1	5.146606	0.4520673	1	2	0.03952208	0.08401393	
22344	909.0505	3.45e+19	0	0	100000	2	1e-05	6.493792e+26	4.008242e+26	3.823347e+26	1.848952e+25	4.502444e+25	2.035305e+26	4.717712e+25	2.911971e+25	2.777645e+25	1.343256e+24	3.271006e+24	1.478641e+25	0.3134232	4.717712e+26	2.911971e+26	2.777645e+26	1.343256e+25	0	3.137834e+17	1.805741e+26	0	0	0	0	0	0	0	0	0	0	0	0	0	0	6.077523e+26	0	6.077523e+26	2.747374e+26	0	2.747374e+26	1.470816e+26	0	1.470816e+26	5.494747e+26	0	5.494747e+26	1.637324e+26	0	1.637324e+26	5.244986e+26	0	5.244986e+26	3.324904e+23	9.975313e-10	0.001382443	4.440928e+12	4.030655e+07	668124.8	1.636577e-07	5.72546e-14	3.095875e-21	0.2542636	0.5	0.004124567	0.8040784	94.81054	11.79017	10569.8	1.117189e+26	1.827432e+28	5.151575e+27	6.741065e+25	3.118866e+27	1.203261e+27	5.325573e+26	2.294797e+26	0.2188657	0	0.01870336	0.03560219	0.03560219	0.001424136	0.02670164	0	0	0	0	1.280678e-20	0	1.280678e-20	0	-328.877	0	-328.877	0	30149.85	77194.93	3203.147	8447.673	0.006389748	1	5.146766	0.4520673	1	2	0.03959307	0.08411934	
22372	909.0505	3.45e+19	0	0	100000	2	1e-05	6.50193e+26	4.011921e+26	3.826917e+26	1.850041e+25	4.538189e+25	2.03619e+26	4.723624e+25	2.914643e+25	2.780238e+25	1.344047e+24	3.296975e+24	1.479283e+25	0.313167	4.723624e+26	2.914643e+26	2.780238e+26	1.344047e+25	0	3.137834e+17	1.808981e+26	0	0	0	0	0	0	0	0	0	0	0	0	0	0	6.085139e+26	0	6.085139e+26	2.750816e+26	0	2.750816e+26	1.472659e+26	0	1.472659e+26	5.501633e+26	0	5.501633e+26	1.639375e+26	0	1.639375e+26	5.251559e+26	0	5.251559e+26	3.323931e+23	9.978235e-10	0.001383253	4.440928e+12	4.062692e+07	668329.7	1.640861e-07	5.755472e-14	3.120249e-21	0.2555964	0.5	0.00415704	0.827351	94.92935	11.80495	10569.8	1.117189e+26	1.827432e+28	5.151575e+27	6.741065e+25	3.118866e+27	1.203261e+27	5.325573e+26	2.294797e+26	0.2188657	0	0.01869541	0.03560219	0.03560219	0.001424136	0.02670164	0	0	0	0	1.280678e-20	0	1.280678e-20	0	-328.877	0	-328.877	0	30149.85	77194.93	3207.324	8447.673	0.006389748	1	5.146927	0.4520673	1	2	0.0396641	0.08422475	
22400	909.0505	3.45e+19	0	0	100000	2	1e-05	6.510067e+26	4.015597e+26	3.830484e+26	1.85113e+25	4.57482e+25	2.036988e+26	4.729536e+25	2.917314e+25	2.78283e+25	1.344838e+24	3.323587e+24	1.479863e+25	0.3128982	4.729536e+26	2.917314e+26	2.78283e+26	1.344838e+25	0	3.137834e+17	1.812222e+26	0	0	0	0	0	0	0	0	0	0	0	0	0	0	6.092755e+26	0	6.092755e+26	2.754259e+26	0	2.754259e+26	1.474502e+26	0	1.474502e+26	5.508518e+26	0	5.508518e+26	1.641427e+26	0	1.641427e+26	5.258131e+26	0	5.258131e+26	3.322958e+23	9.981153e-10	0.001384062	4.440928e+12	4.095522e+07	668537.8	1.645228e-07	5.786147e-14	3.145226e-21	0.2569586	0.5	0.004190317	0.8478591	95.04816	11.81972	10569.8	1.117189e+26	1.827432e+28	5.151575e+27	6.741065e+25	3.118866e+27	1.203261e+27	5.325573e+26	2.294797e+26	0.2188657	0	0.01868746	0.03560219	0.03560219	0.001424136	0.02670164	0	0	0	0	1.280678e-20	0	1.280678e-20	0	-328.877	0	-328.877	0	30149.85	77194.93	3211.5	8447.673	0.006389748	1	5.147087	0.4520673	1	2	0.03973517	0.08433016	
22428	909.0505	3.45e+19	0	0	100000	2	1e-05	6.518205e+26	4.019271e+26	3.834049e+26	1.852217e+25	4.61223e+25	2.037711e+26	4.735448e+25	2.919983e+25	2.78542e+25	1.345628e+24	3.350765e+24	1.480388e+25	0.3126185	4.735448e+26	2.919983e+26	2.78542e+26	1.345628e+25	0	3.137834e+17	1.815465e+26	0	0	0	0	0	0	0	0	0	0	0	0	0	0	6.100371e+26	0	6.100371e+26	2.757702e+26	0	2.757702e+26	1.476346e+26	0	1.476346e+26	5.515404e+26	0	5.515404e+26	1.643479e+26	0	1.643479e+26	5.264704e+26	0	5.264704e+26	3.321988e+23	9.984068e-10	0.001384871	4.440928e+12	4.129051e+07	668749.5	1.649663e-07	5.817389e-14	3.170735e-21	0.258346	0.5	0.004224301	0.8659312	95.16697	11.83449	10569.8	1.117189e+26	1.827432e+28	5.151575e+27	6.741065e+25	3.118866e+27	1.203261e+27	5.325573e+26	2.294797e+26	0.2188657	0	0.0186795	0.03560219	0.03560219	0.001424136	0.02670164	0	0	0	0	1.280678e-20	0	1.280678e-20	0	-328.877	0	-328.877	0	30149.85	77194.93	3215.677	8447.673	0.006389748	1	5.147248	0.4520673	1	2	0.03980628	0.08443558	
22456	909.0505	3.45e+19	0	0	100000	2	1e-05	6.526342e+26	4.022942e+26	3.837612e+26	1.853303e+25	4.650324e+25	2.038368e+26	4.74136e+25	2.92265e+25	2.788009e+25	1.346417e+24	3.378441e+24	1.480865e+25	0.3123292	4.74136e+26	2.92265e+26	2.788009e+26	1.346417e+25	0	3.137834e+17	1.818709e+26	0	0	0	0	0	0	0	0	0	0	0	0	0	0	6.107987e+26	0	6.107987e+26	2.761145e+26	0	2.761145e+26	1.478189e+26	0	1.478189e+26	5.52229e+26	0	5.52229e+26	1.645531e+26	0	1.645531e+26	5.271277e+26	0	5.271277e+26	3.321019e+23	9.986979e-10	0.001385678	4.440928e+12	4.163194e+07	668964.6	1.654156e-07	5.849118e-14	3.19671e-21	0.2597551	0.5	0.004258908	0.8818566	95.28578	11.84927	10569.8	1.117189e+26	1.827432e+28	5.151575e+27	6.741065e+25	3.118866e+27	1.203261e+27	5.325573e+26	2.294797e+26	0.2188657	0	0.01867155	0.03560219	0.03560219	0.001424136	0.02670164	0	0	0	0	1.280678e-20	0	1.280678e-20	0	-328.877	0	-328.877	0	30149.85	77194.93	3219.854	8447.673	0.006389748	1	5.147408	0.4520673	1	2	0.03987741	0.08454099	
22484	909.0505	3.45e+19	0	0	100000	2	1e-05	6.53448e+26	4.026612e+26	3.841173e+26	1.854388e+25	4.689021e+25	2.038966e+26	4.747272e+25	2.925316e+25	2.790596e+25	1.347205e+24	3.406553e+24	1.4813e+25	0.3120319	4.747272e+26	2.925316e+26	2.790596e+26	1.347205e+25	0	3.137834e+17	1.821956e+26	0	0	0	0	0	0	0	0	0	0	0	0	0	0	6.115603e+26	0	6.115603e+26	2.764588e+26	0	2.764588e+26	1.480032e+26	0	1.480032e+26	5.529175e+26	0	5.529175e+26	1.647583e+26	0	1.647583e+26	5.277849e+26	0	5.277849e+26	3.320051e+23	9.989886e-10	0.001386485	4.440928e+12	4.197876e+07	669183.4	1.658695e-07	5.881259e-14	3.223096e-21	0.2611825	0.5	0.004294061	0.8958903	95.40459	11.86404	10569.8	1.117189e+26	1.827432e+28	5.151575e+27	6.741065e+25	3.118866e+27	1.203261e+27	5.325573e+26	2.294797e+26	0.2188657	0	0.01866359	0.03560219	0.03560219	0.001424136	0.02670164	0	0	0	0	1.280678e-20	0	1.280678e-20	0	-328.877	0	-328.877	0	30149.85	77194.93	3224.031	8447.673	0.006389748	1	5.147568	0.4520673	1	2	0.03994859	0.0846464	
22512	909.0505	3.45e+19	0	0	100000	2	1e-05	6.542618e+26	4.030279e+26	3.844732e+26	1.855472e+25	4.728245e+25	2.039514e+26	4.753184e+25	2.92798e+25	2.793181e+25	1.347993e+24	3.43505e+24	1.481698e+25	0.3117275	4.753184e+26	2.92798e+26	2.793181e+26	1.347993e+25	0	3.137834e+17	1.825203e+26	0	0	0	0	0	0	0	0	0	0	0	0	0	0	6.123219e+26	0	6.123219e+26	2.76803e+26	0	2.76803e+26	1.481875e+26	0	1.481875e+26	5.536061e+26	0	5.536061e+26	1.649634e+26	0	1.649634e+26	5.284422e+26	0	5.284422e+26	3.319086e+23	9.99279e-10	0.00138729	4.440928e+12	4.233032e+07	669405.9	1.66327e-07	5.913751e-14	3.249842e-21	0.2626254	0.5	0.004329695	0.908257	95.5234	11.87882	10569.8	1.117189e+26	1.827432e+28	5.151575e+27	6.741065e+25	3.118866e+27	1.203261e+27	5.325573e+26	2.294797e+26	0.2188657	0	0.01865563	0.03560219	0.03560219	0.001424136	0.02670164	0	0	0	0	1.280678e-20	0	1.280678e-20	0	-328.877	0	-328.877	0	30149.85	77194.93	3228.208	8447.673	0.006389748	1	5.147727	0.4520673	1	2	0.0400198	0.08475182	
22540	909.0505	3.45e+19	0	0	100000	2	1e-05	6.550755e+26	4.033944e+26	3.848288e+26	1.856555e+25	4.767934e+25	2.040018e+26	4.759096e+25	2.930643e+25	2.795765e+25	1.348779e+24	3.463884e+24	1.482064e+25	0.3114172	4.759096e+26	2.930643e+26	2.795765e+26	1.348779e+25	0	3.137834e+17	1.828453e+26	0	0	0	0	0	0	0	0	0	0	0	0	0	0	6.130835e+26	0	6.130835e+26	2.771473e+26	0	2.771473e+26	1.483718e+26	0	1.483718e+26	5.542947e+26	0	5.542947e+26	1.651686e+26	0	1.651686e+26	5.290995e+26	0	5.290995e+26	3.318122e+23	9.99569e-10	0.001388095	4.440928e+12	4.268605e+07	669632.2	1.667874e-07	5.946536e-14	3.276905e-21	0.2640814	0.5	0.004365749	0.9191547	95.64221	11.89359	10569.8	1.117189e+26	1.827432e+28	5.151575e+27	6.741065e+25	3.118866e+27	1.203261e+27	5.325573e+26	2.294797e+26	0.2188657	0	0.01864766	0.03560219	0.03560219	0.001424136	0.02670164	0	0	0	0	1.280678e-20	0	1.280678e-20	0	-328.877	0	-328.877	0	30149.85	77194.93	3232.386	8447.673	0.006389749	1	5.147887	0.4520673	1	2	0.04009104	0.08485723	
22568	909.0505	3.45e+19	0	0	100000	2	1e-05	6.558893e+26	4.037607e+26	3.851843e+26	1.857637e+25	4.808029e+25	2.040483e+26	4.765008e+25	2.933304e+25	2.798348e+25	1.349565e+24	3.493012e+24	1.482402e+25	0.3111018	4.765008e+26	2.933304e+26	2.798348e+26	1.349565e+25	0	3.137834e+17	1.831703e+26	0	0	0	0	0	0	0	0	0	0	0	0	0	0	6.138451e+26	0	6.138451e+26	2.774916e+26	0	2.774916e+26	1.485561e+26	0	1.485561e+26	5.549832e+26	0	5.549832e+26	1.653738e+26	0	1.653738e+26	5.297567e+26	0	5.297567e+26	3.317159e+23	9.998586e-10	0.001388899	4.440928e+12	4.304541e+07	669862.5	1.6725e-07	5.979565e-14	3.304245e-21	0.2655482	0.5	0.004402173	0.9287579	95.76102	11.90837	10569.8	1.117189e+26	1.827432e+28	5.151575e+27	6.741065e+25	3.118866e+27	1.203261e+27	5.325573e+26	2.294797e+26	0.2188657	0	0.01863969	0.03560219	0.03560219	0.001424136	0.02670164	0	0	0	0	1.280678e-20	0	1.280678e-20	0	-328.877	0	-328.877	0	30149.85	77194.93	3236.564	8447.673	0.006389748	1	5.148047	0.4520673	1	2	0.04016232	0.08496264	
22596	909.0505	3.45e+19	0	0	100000	2	1e-05	6.56703e+26	4.041267e+26	3.855396e+26	1.858717e+25	4.84848e+25	2.040915e+26	4.770919e+25	2.935963e+25	2.800928e+25	1.35035e+24	3.5224e+24	1.482716e+25	0.310782	4.770919e+26	2.935963e+26	2.800928e+26	1.35035e+25	0	3.137834e+17	1.834956e+26	0	0	0	0	0	0	0	0	0	0	0	0	0	0	6.146067e+26	0	6.146067e+26	2.778359e+26	0	2.778359e+26	1.487404e+26	0	1.487404e+26	5.556718e+26	0	5.556718e+26	1.65579e+26	0	1.65579e+26	5.30414e+26	0	5.30414e+26	3.316199e+23	1.000148e-09	0.001389702	4.440928e+12	4.340798e+07	670096.7	1.677141e-07	6.012796e-14	3.331827e-21	0.2670239	0.5	0.004438921	0.9372204	95.87983	11.92314	10569.8	1.117189e+26	1.827432e+28	5.151575e+27	6.741065e+25	3.118866e+27	1.203261e+27	5.325573e+26	2.294797e+26	0.2188657	0	0.01863173	0.03560219	0.03560219	0.001424136	0.02670164	0	0	0	0	1.280678e-20	0	1.280678e-20	0	-328.877	0	-328.877	0	30149.85	77194.93	3240.742	8447.673	0.006389748	1	5.148206	0.4520673	1	2	0.04023364	0.08506805	
22624	909.0505	3.45e+19	0	0	100000	2	1e-05	6.575168e+26	4.044926e+26	3.858946e+26	1.859797e+25	4.889241e+25	2.041318e+26	4.776831e+25	2.938621e+25	2.803508e+25	1.351134e+24	3.552013e+24	1.483009e+25	0.3104587	4.776831e+26	2.938621e+26	2.803508e+26	1.351134e+25	0	3.137834e+17	1.83821e+26	0	0	0	0	0	0	0	0	0	0	0	0	0	0	6.153683e+26	0	6.153683e+26	2.781802e+26	0	2.781802e+26	1.489247e+26	0	1.489247e+26	5.563604e+26	0	5.563604e+26	1.657841e+26	0	1.657841e+26	5.310713e+26	0	5.310713e+26	3.315239e+23	1.000437e-09	0.001390505	4.440928e+12	4.377333e+07	670335	1.681792e-07	6.04619e-14	3.359622e-21	0.2685069	0.5	0.004475951	0.9446777	95.99864	11.93792	10569.8	1.117189e+26	1.827432e+28	5.151575e+27	6.741065e+25	3.118866e+27	1.203261e+27	5.325573e+26	2.294797e+26	0.2188657	0	0.01862375	0.03560219	0.03560219	0.001424136	0.02670164	0	0	0	0	1.280678e-20	0	1.280678e-20	0	-328.877	0	-328.877	0	30149.85	77194.93	3244.921	8447.673	0.006389749	1	5.148366	0.4520673	1	2	0.04030499	0.08517347	
22652	909.0505	3.45e+19	0	0	100000	2	1e-05	6.583305e+26	4.048582e+26	3.862494e+26	1.860875e+25	4.930275e+25	2.041696e+26	4.782743e+25	2.941277e+25	2.806086e+25	1.351918e+24	3.581824e+24	1.483284e+25	0.3101324	4.782743e+26	2.941277e+26	2.806086e+26	1.351918e+25	0	3.137834e+17	1.841466e+26	0	0	0	0	0	0	0	0	0	0	0	0	0	0	6.161299e+26	0	6.161299e+26	2.785245e+26	0	2.785245e+26	1.491091e+26	0	1.491091e+26	5.570489e+26	0	5.570489e+26	1.659893e+26	0	1.659893e+26	5.317285e+26	0	5.317285e+26	3.314282e+23	1.000725e-09	0.001391306	4.440928e+12	4.414111e+07	670577.5	1.686447e-07	6.079713e-14	3.387602e-21	0.2699957	0.5	0.004513228	0.9512492	96.11745	11.95269	10569.8	1.117189e+26	1.827432e+28	5.151575e+27	6.741065e+25	3.118866e+27	1.203261e+27	5.325573e+26	2.294797e+26	0.2188657	0	0.01861578	0.03560219	0.03560219	0.001424136	0.02670164	0	0	0	0	1.280678e-20	0	1.280678e-20	0	-328.877	0	-328.877	0	30149.85	77194.93	3249.1	8447.673	0.006389749	1	5.148525	0.4520673	1	2	0.04037638	0.08527888	
22680	909.0505	3.45e+19	0	0	100000	2	1e-05	6.591443e+26	4.052236e+26	3.86604e+26	1.861952e+25	4.971544e+25	2.042053e+26	4.788655e+25	2.943932e+25	2.808662e+25	1.3527e+24	3.611806e+24	1.483543e+25	0.3098036	4.788655e+26	2.943932e+26	2.808662e+26	1.3527e+25	0	3.137834e+17	1.844723e+26	0	0	0	0	0	0	0	0	0	0	0	0	0	0	6.168915e+26	0	6.168915e+26	2.788687e+26	0	2.788687e+26	1.492934e+26	0	1.492934e+26	5.577375e+26	0	5.577375e+26	1.661945e+26	0	1.661945e+26	5.323858e+26	0	5.323858e+26	3.313326e+23	1.001014e-09	0.001392107	4.440928e+12	4.451102e+07	670824.2	1.691104e-07	6.113336e-14	3.415743e-21	0.2714888	0.5	0.00455072	0.9570401	96.23626	11.96747	10569.8	1.117189e+26	1.827432e+28	5.151575e+27	6.741065e+25	3.118866e+27	1.203261e+27	5.325573e+26	2.294797e+26	0.2188657	0	0.0186078	0.03560219	0.03560219	0.001424136	0.02670164	0	0	0	0	1.280678e-20	0	1.280678e-20	0	-328.877	0	-328.877	0	30149.85	77194.93	3253.279	8447.673	0.006389748	1	5.148684	0.4520673	1	2	0.0404478	0.08538429	
22708	909.0505	3.45e+19	0	0	100000	2	1e-05	6.599581e+26	4.055887e+26	3.869585e+26	1.863029e+25	5.013019e+25	2.042391e+26	4.794567e+25	2.946585e+25	2.811237e+25	1.353482e+24	3.641937e+24	1.483789e+25	0.3094729	4.794567e+26	2.946585e+26	2.811237e+26	1.353482e+25	0	3.137834e+17	1.847982e+26	0	0	0	0	0	0	0	0	0	0	0	0	0	0	6.176531e+26	0	6.176531e+26	2.79213e+26	0	2.79213e+26	1.494777e+26	0	1.494777e+26	5.584261e+26	0	5.584261e+26	1.663997e+26	0	1.663997e+26	5.330431e+26	0	5.330431e+26	3.312372e+23	1.001301e-09	0.001392907	4.440928e+12	4.488277e+07	671075.2	1.695759e-07	6.147034e-14	3.444024e-21	0.2729853	0.5	0.004588399	0.9621431	96.35507	11.98224	10569.8	1.117189e+26	1.827432e+28	5.151575e+27	6.741065e+25	3.118866e+27	1.203261e+27	5.325573e+26	2.294797e+26	0.2188657	0	0.01859982	0.03560219	0.03560219	0.001424136	0.02670164	0	0	0	0	1.280678e-20	0	1.280678e-20	0	-328.877	0	-328.877	0	30149.85	77194.93	3257.458	8447.673	0.006389749	1	5.148843	0.4520673	1	2	0.04051926	0.0854897	
22736	909.0505	3.45e+19	0	0	100000	2	1e-05	6.607718e+26	4.059537e+26	3.873127e+26	1.864104e+25	5.054672e+25	2.042714e+26	4.800479e+25	2.949236e+25	2.81381e+25	1.354263e+24	3.672197e+24	1.484023e+25	0.3091406	4.800479e+26	2.949236e+26	2.81381e+26	1.354263e+25	0	3.137834e+17	1.851243e+26	0	0	0	0	0	0	0	0	0	0	0	0	0	0	6.184147e+26	0	6.184147e+26	2.795573e+26	0	2.795573e+26	1.49662e+26	0	1.49662e+26	5.591146e+26	0	5.591146e+26	1.666049e+26	0	1.666049e+26	5.337003e+26	0	5.337003e+26	3.311419e+23	1.001589e-09	0.001393706	4.440928e+12	4.525612e+07	671330.6	1.700408e-07	6.180784e-14	3.472427e-21	0.2744841	0.5	0.004626239	0.9666399	96.47388	11.99702	10569.8	1.117189e+26	1.827432e+28	5.151575e+27	6.741065e+25	3.118866e+27	1.203261e+27	5.325573e+26	2.294797e+26	0.2188657	0	0.01859184	0.03560219	0.03560219	0.001424136	0.02670164	0	0	0	0	1.280678e-20	0	1.280678e-20	0	-328.877	0	-328.877	0	30149.85	77194.93	3261.638	8447.673	0.006389749	1	5.149001	0.4520673	1	2	0.04059075	0.08559512	
22764	909.0505	3.45e+19	0	0	100000	2	1e-05	6.615856e+26	4.063184e+26	3.876667e+26	1.865177e+25	5.096477e+25	2.043024e+26	4.806391e+25	2.951886e+25	2.816382e+25	1.355043e+24	3.702569e+24	1.484248e+25	0.3088072	4.806391e+26	2.951886e+26	2.816382e+26	1.355043e+25	0	3.137834e+17	1.854505e+26	0	0	0	0	0	0	0	0	0	0	0	0	0	0	6.191762e+26	0	6.191762e+26	2.799016e+26	0	2.799016e+26	1.498463e+26	0	1.498463e+26	5.598032e+26	0	5.598032e+26	1.6681e+26	0	1.6681e+26	5.343576e+26	0	5.343576e+26	3.310468e+23	1.001876e-09	0.001394504	4.440928e+12	4.563084e+07	671590.4	1.705048e-07	6.214566e-14	3.500934e-21	0.2759844	0.5	0.004664218	0.9706026	96.59269	12.01179	10569.8	1.117189e+26	1.827432e+28	5.151575e+27	6.741065e+25	3.118866e+27	1.203261e+27	5.325573e+26	2.294797e+26	0.2188657	0	0.01858385	0.03560219	0.03560219	0.001424136	0.02670164	0	0	0	0	1.280678e-20	0	1.280678e-20	0	-328.877	0	-328.877	0	30149.85	77194.93	3265.818	8447.673	0.006389749	1	5.14916	0.4520673	1	2	0.04066227	0.08570053	
22792	909.0505	3.45e+19	0	0	100000	2	1e-05	6.623993e+26	4.066829e+26	3.880204e+26	1.86625e+25	5.138414e+25	2.043323e+26	4.812303e+25	2.954534e+25	2.818952e+25	1.355823e+24	3.733036e+24	1.484465e+25	0.3084729	4.812303e+26	2.954534e+26	2.818952e+26	1.355823e+25	0	3.137834e+17	1.857769e+26	0	0	0	0	0	0	0	0	0	0	0	0	0	0	6.199378e+26	0	6.199378e+26	2.802459e+26	0	2.802459e+26	1.500306e+26	0	1.500306e+26	5.604917e+26	0	5.604917e+26	1.670152e+26	0	1.670152e+26	5.350148e+26	0	5.350148e+26	3.309518e+23	1.002163e-09	0.001395302	4.440928e+12	4.600674e+07	671854.8	1.709678e-07	6.248362e-14	3.529531e-21	0.2774852	0.5	0.004702317	0.9740946	96.7115	12.02657	10569.8	1.117189e+26	1.827432e+28	5.151575e+27	6.741065e+25	3.118866e+27	1.203261e+27	5.325573e+26	2.294797e+26	0.2188657	0	0.01857586	0.03560219	0.03560219	0.001424136	0.02670164	0	0	0	0	1.280678e-20	0	1.280678e-20	0	-328.877	0	-328.877	0	30149.85	77194.93	3269.998	8447.673	0.006389749	1	5.149319	0.4520673	1	2	0.04073384	0.08580594	
22820	909.0505	3.45e+19	0	0	100000	2	1e-05	6.632131e+26	4.070472e+26	3.88374e+26	1.867322e+25	5.180463e+25	2.043612e+26	4.818215e+25	2.957181e+25	2.821521e+25	1.356601e+24	3.763585e+24	1.484676e+25	0.3081381	4.818215e+26	2.957181e+26	2.821521e+26	1.356601e+25	0	3.137834e+17	1.861034e+26	0	0	0	0	0	0	0	0	0	0	0	0	0	0	6.206994e+26	0	6.206994e+26	2.805902e+26	0	2.805902e+26	1.502149e+26	0	1.502149e+26	5.611803e+26	0	5.611803e+26	1.672204e+26	0	1.672204e+26	5.356721e+26	0	5.356721e+26	3.30857e+23	1.002449e-09	0.001396098	4.440928e+12	4.638366e+07	672123.7	1.714295e-07	6.282157e-14	3.558204e-21	0.278986	0.5	0.004740519	0.9771718	96.83031	12.04134	10569.8	1.117189e+26	1.827432e+28	5.151575e+27	6.741065e+25	3.118866e+27	1.203261e+27	5.325573e+26	2.294797e+26	0.2188657	0	0.01856787	0.03560219	0.03560219	0.001424136	0.02670164	0	0	0	0	1.280678e-20	0	1.280678e-20	0	-328.877	0	-328.877	0	30149.85	77194.93	3274.179	8447.673	0.006389748	1	5.149477	0.4520673	1	2	0.04080543	0.08591135	
22848	909.0505	3.45e+19	0	0	100000	2	1e-05	6.640269e+26	4.074113e+26	3.887274e+26	1.868392e+25	5.222607e+25	2.043895e+26	4.824127e+25	2.959826e+25	2.824088e+25	1.357379e+24	3.794202e+24	1.484881e+25	0.307803	4.824127e+26	2.959826e+26	2.824088e+26	1.357379e+25	0	3.137834e+17	1.864301e+26	0	0	0	0	0	0	0	0	0	0	0	0	0	0	6.21461e+26	0	6.21461e+26	2.809344e+26	0	2.809344e+26	1.503992e+26	0	1.503992e+26	5.618689e+26	0	5.618689e+26	1.674256e+26	0	1.674256e+26	5.363294e+26	0	5.363294e+26	3.307624e+23	1.002735e-09	0.001396894	4.440928e+12	4.676142e+07	672397.3	1.718898e-07	6.315937e-14	3.586943e-21	0.2804862	0.5	0.004778806	0.9798834	96.94912	12.05611	10569.8	1.117189e+26	1.827432e+28	5.151575e+27	6.741065e+25	3.118866e+27	1.203261e+27	5.325573e+26	2.294797e+26	0.2188657	0	0.01855987	0.03560219	0.03560219	0.001424136	0.02670164	0	0	0	0	1.280678e-20	0	1.280678e-20	0	-328.877	0	-328.877	0	30149.85	77194.93	3278.359	8447.673	0.006389749	1	5.149635	0.4520673	1	2	0.04087707	0.08601677	
22876	909.0505	3.45e+19	0	0	100000	2	1e-05	6.648406e+26	4.077751e+26	3.890805e+26	1.869462e+25	5.264831e+25	2.044172e+26	4.830039e+25	2.962469e+25	2.826653e+25	1.358156e+24	3.824877e+24	1.485082e+25	0.3074679	4.830039e+26	2.962469e+26	2.826653e+26	1.358156e+25	0	3.137834e+17	1.86757e+26	0	0	0	0	0	0	0	0	0	0	0	0	0	0	6.222226e+26	0	6.222226e+26	2.812787e+26	0	2.812787e+26	1.505836e+26	0	1.505836e+26	5.625574e+26	0	5.625574e+26	1.676308e+26	0	1.676308e+26	5.369866e+26	0	5.369866e+26	3.306679e+23	1.003021e-09	0.001397689	4.440928e+12	4.71399e+07	672675.6	1.723485e-07	6.349691e-14	3.615736e-21	0.2819852	0.5	0.004817166	0.982273	97.06793	12.07089	10569.8	1.117189e+26	1.827432e+28	5.151575e+27	6.741065e+25	3.118866e+27	1.203261e+27	5.325573e+26	2.294797e+26	0.2188657	0	0.01855187	0.03560219	0.03560219	0.001424136	0.02670164	0	0	0	0	1.280678e-20	0	1.280678e-20	0	-328.877	0	-328.877	0	30149.85	77194.93	3282.54	8447.673	0.006389748	1	5.149793	0.4520673	1	2	0.04094873	0.08612218	
22904	909.0505	3.45e+19	0	0	100000	2	1e-05	6.656544e+26	4.081388e+26	3.894335e+26	1.87053e+25	5.30712e+25	2.044444e+26	4.835951e+25	2.965111e+25	2.829218e+25	1.358932e+24	3.8556e+24	1.48528e+25	0.3071329	4.835951e+26	2.965111e+26	2.829218e+26	1.358932e+25	0	3.137834e+17	1.87084e+26	0	0	0	0	0	0	0	0	0	0	0	0	0	0	6.229842e+26	0	6.229842e+26	2.81623e+26	0	2.81623e+26	1.507679e+26	0	1.507679e+26	5.63246e+26	0	5.63246e+26	1.678359e+26	0	1.678359e+26	5.376439e+26	0	5.376439e+26	3.305736e+23	1.003306e-09	0.001398483	4.440928e+12	4.751897e+07	672958.6	1.728055e-07	6.383409e-14	3.644574e-21	0.2834826	0.5	0.004855586	0.9843787	97.18674	12.08566	10569.8	1.117189e+26	1.827432e+28	5.151575e+27	6.741065e+25	3.118866e+27	1.203261e+27	5.325573e+26	2.294797e+26	0.2188657	0	0.01854387	0.03560219	0.03560219	0.001424136	0.02670164	0	0	0	0	1.280678e-20	0	1.280678e-20	0	-328.877	0	-328.877	0	30149.85	77194.93	3286.722	8447.673	0.006389749	1	5.149951	0.4520673	1	2	0.04102044	0.08622759	
22932	909.0505	3.45e+19	0	0	100000	2	1e-05	6.664681e+26	4.085022e+26	3.897862e+26	1.871598e+25	5.349463e+25	2.044713e+26	4.841862e+25	2.967751e+25	2.83178e+25	1.359708e+24	3.886362e+24	1.485475e+25	0.3067983	4.841862e+26	2.967751e+26	2.83178e+26	1.359708e+25	0	3.137834e+17	1.874112e+26	0	0	0	0	0	0	0	0	0	0	0	0	0	0	6.237458e+26	0	6.237458e+26	2.819673e+26	0	2.819673e+26	1.509522e+26	0	1.509522e+26	5.639346e+26	0	5.639346e+26	1.680411e+26	0	1.680411e+26	5.383012e+26	0	5.383012e+26	3.304794e+23	1.003591e-09	0.001399277	4.440928e+12	4.789853e+07	673246.5	1.732607e-07	6.41708e-14	3.673448e-21	0.2849779	0.5	0.004894056	0.9862343	97.30555	12.10044	10569.8	1.117189e+26	1.827432e+28	5.151575e+27	6.741065e+25	3.118866e+27	1.203261e+27	5.325573e+26	2.294797e+26	0.2188657	0	0.01853586	0.03560219	0.03560219	0.001424136	0.02670164	0	0	0	0	1.280678e-20	0	1.280678e-20	0	-328.877	0	-328.877	0	30149.85	77194.93	3290.903	8447.673	0.006389748	1	5.150109	0.4520673	1	2	0.04109217	0.08633301	
22960	909.0505	3.45e+19	0	0	100000	2	1e-05	6.672819e+26	4.088654e+26	3.901387e+26	1.872664e+25	5.391849e+25	2.04498e+26	4.847774e+25	2.97039e+25	2.834341e+25	1.360482e+24	3.917155e+24	1.485669e+25	0.3064642	4.847774e+26	2.97039e+26	2.834341e+26	1.360482e+25	0	3.137834e+17	1.877385e+26	0	0	0	0	0	0	0	0	0	0	0	0	0	0	6.245074e+26	0	6.245074e+26	2.823116e+26	0	2.823116e+26	1.511365e+26	0	1.511365e+26	5.646231e+26	0	5.646231e+26	1.682463e+26	0	1.682463e+26	5.389584e+26	0	5.389584e+26	3.303854e+23	1.003876e-09	0.001400069	4.440928e+12	4.827847e+07	673539.2	1.737139e-07	6.450697e-14	3.702352e-21	0.2864708	0.5	0.004932564	0.9878694	97.42436	12.11521	10569.8	1.117189e+26	1.827432e+28	5.151575e+27	6.741065e+25	3.118866e+27	1.203261e+27	5.325573e+26	2.294797e+26	0.2188657	0	0.01852785	0.03560219	0.03560219	0.001424136	0.02670164	0	0	0	0	1.280678e-20	0	1.280678e-20	0	-328.877	0	-328.877	0	30149.85	77194.93	3295.085	8447.673	0.006389748	1	5.150267	0.4520673	1	2	0.04116394	0.08643842	
22988	909.0505	3.45e+19	0	0	100000	2	1e-05	6.680956e+26	4.092284e+26	3.904911e+26	1.873729e+25	5.434267e+25	2.045246e+26	4.853686e+25	2.973027e+25	2.836901e+25	1.361256e+24	3.947972e+24	1.485863e+25	0.3061307	4.853686e+26	2.973027e+26	2.836901e+26	1.361256e+25	0	3.137834e+17	1.88066e+26	0	0	0	0	0	0	0	0	0	0	0	0	0	0	6.25269e+26	0	6.25269e+26	2.826559e+26	0	2.826559e+26	1.513208e+26	0	1.513208e+26	5.653117e+26	0	5.653117e+26	1.684515e+26	0	1.684515e+26	5.396157e+26	0	5.396157e+26	3.302916e+23	1.00416e-09	0.001400861	4.440928e+12	4.865871e+07	673836.9	1.741652e-07	6.484254e-14	3.731279e-21	0.287961	0.5	0.004971102	0.9893104	97.54317	12.12999	10569.8	1.117189e+26	1.827432e+28	5.151575e+27	6.741065e+25	3.118866e+27	1.203261e+27	5.325573e+26	2.294797e+26	0.2188657	0	0.01851984	0.03560219	0.03560219	0.001424136	0.02670164	0	0	0	0	1.280678e-20	0	1.280678e-20	0	-328.877	0	-328.877	0	30149.85	77194.93	3299.267	8447.673	0.006389748	1	5.150425	0.4520673	1	2	0.04123575	0.08654383	
23016	909.0505	3.45e+19	0	0	100000	2	1e-05	6.689094e+26	4.095911e+26	3.908432e+26	1.874793e+25	5.47671e+25	2.045512e+26	4.859598e+25	2.975662e+25	2.839459e+25	1.362029e+24	3.978806e+24	1.486056e+25	0.3057981	4.859598e+26	2.975662e+26	2.839459e+26	1.362029e+25	0	3.137834e+17	1.883936e+26	0	0	0	0	0	0	0	0	0	0	0	0	0	0	6.260306e+26	0	6.260306e+26	2.830001e+26	0	2.830001e+26	1.515051e+26	0	1.515051e+26	5.660003e+26	0	5.660003e+26	1.686566e+26	0	1.686566e+26	5.40273e+26	0	5.40273e+26	3.301979e+23	1.004444e-09	0.001401652	4.440928e+12	4.903917e+07	674139.6	1.746143e-07	6.517742e-14	3.760222e-21	0.2894482	0.5	0.005009663	0.9905801	97.66198	12.14476	10569.8	1.117189e+26	1.827432e+28	5.151575e+27	6.741065e+25	3.118866e+27	1.203261e+27	5.325573e+26	2.294797e+26	0.2188657	0	0.01851182	0.03560219	0.03560219	0.001424136	0.02670164	0	0	0	0	1.280678e-20	0	1.280678e-20	0	-328.877	0	-328.877	0	30149.85	77194.93	3303.449	8447.673	0.006389748	1	5.150582	0.4520673	1	2	0.04130759	0.08664924	
23044	909.0505	3.45e+19	0	0	100000	2	1e-05	6.697232e+26	4.099536e+26	3.911951e+26	1.875856e+25	5.519168e+25	2.045778e+26	4.86551e+25	2.978296e+25	2.842016e+25	1.362801e+24	4.009652e+24	1.486249e+25	0.3054663	4.86551e+26	2.978296e+26	2.842016e+26	1.362801e+25	0	3.137834e+17	1.887214e+26	0	0	0	0	0	0	0	0	0	0	0	0	0	0	6.267922e+26	0	6.267922e+26	2.833444e+26	0	2.833444e+26	1.516894e+26	0	1.516894e+26	5.666888e+26	0	5.666888e+26	1.688618e+26	0	1.688618e+26	5.409302e+26	0	5.409302e+26	3.301044e+23	1.004728e-09	0.001402442	4.440928e+12	4.941977e+07	674447.4	1.750614e-07	6.551158e-14	3.789177e-21	0.2909322	0.5	0.005048238	0.9916991	97.78079	12.15954	10569.8	1.117189e+26	1.827432e+28	5.151575e+27	6.741065e+25	3.118866e+27	1.203261e+27	5.325573e+26	2.294797e+26	0.2188657	0	0.0185038	0.03560219	0.03560219	0.001424136	0.02670164	0	0	0	0	1.280678e-20	0	1.280678e-20	0	-328.877	0	-328.877	0	30149.85	77194.93	3307.632	8447.673	0.006389748	1	5.150739	0.4520673	1	2	0.04137947	0.08675466	
23072	909.0505	3.45e+19	0	0	100000	2	1e-05	6.705369e+26	4.10316e+26	3.915468e+26	1.876917e+25	5.561636e+25	2.046046e+26	4.871422e+25	2.980928e+25	2.844571e+25	1.363572e+24	4.040505e+24	1.486444e+25	0.3051355	4.871422e+26	2.980928e+26	2.844571e+26	1.363572e+25	0	3.137834e+17	1.890494e+26	0	0	0	0	0	0	0	0	0	0	0	0	0	0	6.275538e+26	0	6.275538e+26	2.836887e+26	0	2.836887e+26	1.518737e+26	0	1.518737e+26	5.673774e+26	0	5.673774e+26	1.69067e+26	0	1.69067e+26	5.415875e+26	0	5.415875e+26	3.30011e+23	1.005011e-09	0.001403231	4.440928e+12	4.980046e+07	674760.3	1.755062e-07	6.584496e-14	3.818137e-21	0.2924127	0.5	0.005086822	0.9926851	97.8996	12.17431	10569.8	1.117189e+26	1.827432e+28	5.151575e+27	6.741065e+25	3.118866e+27	1.203261e+27	5.325573e+26	2.294797e+26	0.2188657	0	0.01849578	0.03560219	0.03560219	0.001424136	0.02670164	0	0	0	0	1.280678e-20	0	1.280678e-20	0	-328.877	0	-328.877	0	30149.85	77194.93	3311.814	8447.673	0.006389749	1	5.150897	0.4520673	1	2	0.04145138	0.08686007	
23100	909.0505	3.45e+19	0	0	100000	2	1e-05	6.713507e+26	4.106781e+26	3.918983e+26	1.877978e+25	5.604105e+25	2.046316e+26	4.877334e+25	2.983559e+25	2.847124e+25	1.364343e+24	4.071359e+24	1.48664e+25	0.3048058	4.877334e+26	2.983559e+26	2.847124e+26	1.364343e+25	0	3.137834e+17	1.893775e+26	0	0	0	0	0	0	0	0	0	0	0	0	0	0	6.283154e+26	0	6.283154e+26	2.84033e+26	0	2.84033e+26	1.520581e+26	0	1.520581e+26	5.68066e+26	0	5.68066e+26	1.692722e+26	0	1.692722e+26	5.422448e+26	0	5.422448e+26	3.299178e+23	1.005294e-09	0.001404019	4.440928e+12	5.018117e+07	675078.4	1.759489e-07	6.617752e-14	3.8471e-21	0.2938896	0.5	0.005125408	0.993554	98.01841	12.18909	10569.8	1.117189e+26	1.827432e+28	5.151575e+27	6.741065e+25	3.118866e+27	1.203261e+27	5.325573e+26	2.294797e+26	0.2188657	0	0.01848775	0.03560219	0.03560219	0.001424136	0.02670164	0	0	0	0	1.280678e-20	0	1.280678e-20	0	-328.877	0	-328.877	0	30149.85	77194.93	3315.998	8447.673	0.006389749	1	5.151054	0.4520673	1	2	0.04152333	0.08696548	
23128	909.0505	3.45e+19	0	0	100000	2	1e-05	6.721644e+26	4.1104e+26	3.922496e+26	1.879038e+25	5.646572e+25	2.046588e+26	4.883246e+25	2.986188e+25	2.849676e+25	1.365113e+24	4.10221e+24	1.486837e+25	0.3044772	4.883246e+26	2.986188e+26	2.849676e+26	1.365113e+25	0	3.137834e+17	1.897058e+26	0	0	0	0	0	0	0	0	0	0	0	0	0	0	6.29077e+26	0	6.29077e+26	2.843773e+26	0	2.843773e+26	1.522424e+26	0	1.522424e+26	5.687545e+26	0	5.687545e+26	1.694774e+26	0	1.694774e+26	5.42902e+26	0	5.42902e+26	3.298247e+23	1.005576e-09	0.001404807	4.440928e+12	5.056185e+07	675401.7	1.763893e-07	6.650922e-14	3.87606e-21	0.2953626	0.5	0.005163991	0.9943197	98.13722	12.20386	10569.8	1.117189e+26	1.827432e+28	5.151575e+27	6.741065e+25	3.118866e+27	1.203261e+27	5.325573e+26	2.294797e+26	0.2188657	0	0.01847972	0.03560219	0.03560219	0.001424136	0.02670164	0	0	0	0	1.280678e-20	0	1.280678e-20	0	-328.877	0	-328.877	0	30149.85	77194.93	3320.181	8447.673	0.006389748	1	5.151211	0.4520673	1	2	0.04159531	0.08707089	
23156	909.0505	3.45e+19	0	0	100000	2	1e-05	6.729782e+26	4.114016e+26	3.926007e+26	1.880096e+25	5.689029e+25	2.046863e+26	4.889158e+25	2.988815e+25	2.852227e+25	1.365882e+24	4.133055e+24	1.487037e+25	0.30415	4.889158e+26	2.988815e+26	2.852227e+26	1.365882e+25	0	3.137834e+17	1.900343e+26	0	0	0	0	0	0	0	0	0	0	0	0	0	0	6.298386e+26	0	6.298386e+26	2.847215e+26	0	2.847215e+26	1.524267e+26	0	1.524267e+26	5.694431e+26	0	5.694431e+26	1.696825e+26	0	1.696825e+26	5.435593e+26	0	5.435593e+26	3.297318e+23	1.005858e-09	0.001405594	4.440928e+12	5.094246e+07	675730.4	1.768274e-07	6.684002e-14	3.905014e-21	0.2968317	0.5	0.005202566	0.9949944	98.25603	12.21864	10569.8	1.117189e+26	1.827432e+28	5.151575e+27	6.741065e+25	3.118866e+27	1.203261e+27	5.325573e+26	2.294797e+26	0.2188657	0	0.01847168	0.03560219	0.03560219	0.001424136	0.02670164	0	0	0	0	1.280678e-20	0	1.280678e-20	0	-328.877	0	-328.877	0	30149.85	77194.93	3324.365	8447.673	0.006389748	1	5.151367	0.4520673	1	2	0.04166732	0.08717631	
23184	909.0505	3.45e+19	0	0	100000	2	1e-05	6.73792e+26	4.117631e+26	3.929515e+26	1.881154e+25	5.731472e+25	2.047142e+26	4.89507e+25	2.991441e+25	2.854776e+25	1.36665e+24	4.16389e+24	1.48724e+25	0.303824	4.89507e+26	2.991441e+26	2.854776e+26	1.36665e+25	0	3.137834e+17	1.903629e+26	0	0	0	0	0	0	0	0	0	0	0	0	0	0	6.306002e+26	0	6.306002e+26	2.850658e+26	0	2.850658e+26	1.52611e+26	0	1.52611e+26	5.701317e+26	0	5.701317e+26	1.698877e+26	0	1.698877e+26	5.442166e+26	0	5.442166e+26	3.29639e+23	1.00614e-09	0.00140638	4.440928e+12	5.132294e+07	676064.3	1.772632e-07	6.716991e-14	3.933959e-21	0.2982967	0.5	0.005241129	0.995589	98.37484	12.23341	10569.8	1.117189e+26	1.827432e+28	5.151575e+27	6.741065e+25	3.118866e+27	1.203261e+27	5.325573e+26	2.294797e+26	0.2188657	0	0.01846364	0.03560219	0.03560219	0.001424136	0.02670164	0	0	0	0	1.280678e-20	0	1.280678e-20	0	-328.877	0	-328.877	0	30149.85	77194.93	3328.548	8447.673	0.006389749	1	5.151524	0.4520673	1	2	0.04173937	0.08728172	
23212	909.0505	3.45e+19	0	0	100000	2	1e-05	6.746057e+26	4.121243e+26	3.933022e+26	1.88221e+25	5.773897e+25	2.047424e+26	4.900982e+25	2.994065e+25	2.857324e+25	1.367418e+24	4.194711e+24	1.487445e+25	0.3034994	4.900982e+26	2.994065e+26	2.857324e+26	1.367418e+25	0	3.137834e+17	1.906916e+26	0	0	0	0	0	0	0	0	0	0	0	0	0	0	6.313618e+26	0	6.313618e+26	2.854101e+26	0	2.854101e+26	1.527953e+26	0	1.527953e+26	5.708202e+26	0	5.708202e+26	1.700929e+26	0	1.700929e+26	5.448738e+26	0	5.448738e+26	3.295464e+23	1.006422e-09	0.001407165	4.440928e+12	5.170326e+07	676403.7	1.776967e-07	6.749885e-14	3.962892e-21	0.2997575	0.5	0.005279676	0.996113	98.49365	12.24819	10569.8	1.117189e+26	1.827432e+28	5.151575e+27	6.741065e+25	3.118866e+27	1.203261e+27	5.325573e+26	2.294797e+26	0.2188657	0	0.0184556	0.03560219	0.03560219	0.001424136	0.02670164	0	0	0	0	1.280678e-20	0	1.280678e-20	0	-328.877	0	-328.877	0	30149.85	77194.93	3332.732	8447.673	0.006389749	1	5.151681	0.4520673	1	2	0.04181146	0.08738713	
23240	909.0505	3.45e+19	0	0	100000	2	1e-05	6.754195e+26	4.124853e+26	3.936527e+26	1.883265e+25	5.816299e+25	2.047712e+26	4.906894e+25	2.996688e+25	2.85987e+25	1.368184e+24	4.225516e+24	1.487654e+25	0.3031763	4.906894e+26	2.996688e+26	2.85987e+26	1.368184e+25	0	3.137834e+17	1.910205e+26	0	0	0	0	0	0	0	0	0	0	0	0	0	0	6.321234e+26	0	6.321234e+26	2.857544e+26	0	2.857544e+26	1.529796e+26	0	1.529796e+26	5.715088e+26	0	5.715088e+26	1.702981e+26	0	1.702981e+26	5.455311e+26	0	5.455311e+26	3.294539e+23	1.006703e-09	0.00140795	4.440928e+12	5.208338e+07	676748.6	1.781279e-07	6.782681e-14	3.99181e-21	0.301214	0.5	0.005318202	0.9965747	98.61246	12.26296	10569.8	1.117189e+26	1.827432e+28	5.151575e+27	6.741065e+25	3.118866e+27	1.203261e+27	5.325573e+26	2.294797e+26	0.2188657	0	0.01844755	0.03560219	0.03560219	0.001424136	0.02670164	0	0	0	0	1.280678e-20	0	1.280678e-20	0	-328.877	0	-328.877	0	30149.85	77194.93	3336.917	8447.673	0.006389748	1	5.151837	0.4520673	1	2	0.04188358	0.08749254	
23268	909.0505	3.45e+19	0	0	100000	2	1e-05	6.762332e+26	4.128461e+26	3.940029e+26	1.88432e+25	5.858675e+25	2.048004e+26	4.912806e+25	2.999309e+25	2.862414e+25	1.36895e+24	4.256302e+24	1.487866e+25	0.3028546	4.912806e+26	2.999309e+26	2.862414e+26	1.36895e+25	0	3.137834e+17	1.913496e+26	0	0	0	0	0	0	0	0	0	0	0	0	0	0	6.328849e+26	0	6.328849e+26	2.860987e+26	0	2.860987e+26	1.531639e+26	0	1.531639e+26	5.721973e+26	0	5.721973e+26	1.705033e+26	0	1.705033e+26	5.461884e+26	0	5.461884e+26	3.293616e+23	1.006984e-09	0.001408733	4.440928e+12	5.246327e+07	677098.9	1.785568e-07	6.815379e-14	4.02071e-21	0.3026661	0.5	0.005356705	0.9969816	98.73127	12.27773	10569.8	1.117189e+26	1.827432e+28	5.151575e+27	6.741065e+25	3.118866e+27	1.203261e+27	5.325573e+26	2.294797e+26	0.2188657	0	0.0184395	0.03560219	0.03560219	0.001424136	0.02670164	0	0	0	0	1.280678e-20	0	1.280678e-20	0	-328.877	0	-328.877	0	30149.85	77194.93	3341.102	8447.673	0.006389748	1	5.151993	0.4520673	1	2	0.04195573	0.08759796	
23296	909.0505	3.45e+19	0	0	100000	2	1e-05	6.77047e+26	4.132067e+26	3.94353e+26	1.885373e+25	5.901021e+25	2.048301e+26	4.918717e+25	3.001929e+25	2.864957e+25	1.369715e+24	4.287066e+24	1.488082e+25	0.3025345	4.918717e+26	3.001929e+26	2.864957e+26	1.369715e+25	0	3.137834e+17	1.916788e+26	0	0	0	0	0	0	0	0	0	0	0	0	0	0	6.336465e+26	0	6.336465e+26	2.86443e+26	0	2.86443e+26	1.533482e+26	0	1.533482e+26	5.728859e+26	0	5.728859e+26	1.707084e+26	0	1.707084e+26	5.468456e+26	0	5.468456e+26	3.292695e+23	1.007264e-09	0.001409516	4.440928e+12	5.284289e+07	677454.9	1.789832e-07	6.847976e-14	4.04959e-21	0.3041136	0.5	0.005395181	0.9973401	98.85008	12.29251	10569.8	1.117189e+26	1.827432e+28	5.151575e+27	6.741065e+25	3.118866e+27	1.203261e+27	5.325573e+26	2.294797e+26	0.2188657	0	0.01843144	0.03560219	0.03560219	0.001424136	0.02670164	0	0	0	0	1.280678e-20	0	1.280678e-20	0	-328.877	0	-328.877	0	30149.85	77194.93	3345.287	8447.673	0.006389749	1	5.15215	0.4520673	1	2	0.04202792	0.08770337	
23324	909.0505	3.45e+19	0	0	100000	2	1e-05	6.778607e+26	4.135671e+26	3.947028e+26	1.886425e+25	5.943334e+25	2.048604e+26	4.924629e+25	3.004547e+25	2.867499e+25	1.37048e+24	4.317807e+24	1.488302e+25	0.302216	4.924629e+26	3.004547e+26	2.867499e+26	1.37048e+25	0	3.137834e+17	1.920082e+26	0	0	0	0	0	0	0	0	0	0	0	0	0	0	6.344081e+26	0	6.344081e+26	2.867872e+26	0	2.867872e+26	1.535326e+26	0	1.535326e+26	5.735745e+26	0	5.735745e+26	1.709136e+26	0	1.709136e+26	5.475029e+26	0	5.475029e+26	3.291775e+23	1.007544e-09	0.001410298	4.440928e+12	5.322222e+07	677816.5	1.794074e-07	6.88047e-14	4.078447e-21	0.3055567	0.5	0.005433627	0.9976561	98.96889	12.30728	10569.8	1.117189e+26	1.827432e+28	5.151575e+27	6.741065e+25	3.118866e+27	1.203261e+27	5.325573e+26	2.294797e+26	0.2188657	0	0.01842338	0.03560219	0.03560219	0.001424136	0.02670164	0	0	0	0	1.280678e-20	0	1.280678e-20	0	-328.877	0	-328.877	0	30149.85	77194.93	3349.472	8447.673	0.006389749	1	5.152306	0.4520673	1	2	0.04210014	0.08780878	
23352	909.0505	3.45e+19	0	0	100000	2	1e-05	6.786745e+26	4.139272e+26	3.950524e+26	1.887476e+25	5.98561e+25	2.048912e+26	4.930541e+25	3.007163e+25	2.870039e+25	1.371243e+24	4.34852e+24	1.488526e+25	0.3018991	4.930541e+26	3.007163e+26	2.870039e+26	1.371243e+25	0	3.137834e+17	1.923378e+26	0	0	0	0	0	0	0	0	0	0	0	0	0	0	6.351697e+26	0	6.351697e+26	2.871315e+26	0	2.871315e+26	1.537169e+26	0	1.537169e+26	5.74263e+26	0	5.74263e+26	1.711188e+26	0	1.711188e+26	5.481602e+26	0	5.481602e+26	3.290856e+23	1.007824e-09	0.001411079	4.440928e+12	5.360123e+07	678183.7	1.798292e-07	6.91286e-14	4.107281e-21	0.3069951	0.5	0.005472041	0.9979345	99.0877	12.32206	10569.8	1.117189e+26	1.827432e+28	5.151575e+27	6.741065e+25	3.118866e+27	1.203261e+27	5.325573e+26	2.294797e+26	0.2188657	0	0.01841531	0.03560219	0.03560219	0.001424136	0.02670164	0	0	0	0	1.280678e-20	0	1.280678e-20	0	-328.877	0	-328.877	0	30149.85	77194.93	3353.657	8447.673	0.006389748	1	5.152462	0.4520672	1	2	0.0421724	0.0879142	
23380	909.0505	3.45e+19	0	0	100000	2	1e-05	6.794883e+26	4.142871e+26	3.954019e+26	1.888526e+25	6.027848e+25	2.049227e+26	4.936453e+25	3.009778e+25	2.872578e+25	1.372006e+24	4.379206e+24	1.488754e+25	0.3015838	4.936453e+26	3.009778e+26	2.872578e+26	1.372006e+25	0	3.137834e+17	1.926675e+26	0	0	0	0	0	0	0	0	0	0	0	0	0	0	6.359313e+26	0	6.359313e+26	2.874758e+26	0	2.874758e+26	1.539012e+26	0	1.539012e+26	5.749516e+26	0	5.749516e+26	1.71324e+26	0	1.71324e+26	5.488174e+26	0	5.488174e+26	3.289939e+23	1.008103e-09	0.00141186	4.440928e+12	5.397989e+07	678556.7	1.802486e-07	6.945145e-14	4.136087e-21	0.3084289	0.5	0.005510419	0.9981798	99.20651	12.33683	10569.8	1.117189e+26	1.827432e+28	5.151575e+27	6.741065e+25	3.118866e+27	1.203261e+27	5.325573e+26	2.294797e+26	0.2188657	0	0.01840724	0.03560219	0.03560219	0.001424136	0.02670164	0	0	0	0	1.280678e-20	0	1.280678e-20	0	-328.877	0	-328.877	0	30149.85	77194.93	3357.843	8447.673	0.006389748	1	5.152617	0.4520673	1	2	0.04224469	0.08801961	
23408	909.0505	3.45e+19	0	0	100000	2	1e-05	6.80302e+26	4.146469e+26	3.957511e+26	1.889575e+25	6.070043e+25	2.049547e+26	4.942365e+25	3.012392e+25	2.875115e+25	1.372768e+24	4.409861e+24	1.488987e+25	0.3012702	4.942365e+26	3.012392e+26	2.875115e+26	1.372768e+25	0	3.137834e+17	1.929973e+26	0	0	0	0	0	0	0	0	0	0	0	0	0	0	6.366929e+26	0	6.366929e+26	2.878201e+26	0	2.878201e+26	1.540855e+26	0	1.540855e+26	5.756402e+26	0	5.756402e+26	1.715291e+26	0	1.715291e+26	5.494747e+26	0	5.494747e+26	3.289024e+23	1.008382e-09	0.00141264	4.440928e+12	5.435818e+07	678935.5	1.806657e-07	6.977323e-14	4.164866e-21	0.3098579	0.5	0.00554876	0.9983961	99.32532	12.35161	10569.8	1.117189e+26	1.827432e+28	5.151575e+27	6.741065e+25	3.118866e+27	1.203261e+27	5.325573e+26	2.294797e+26	0.2188657	0	0.01839917	0.03560219	0.03560219	0.001424136	0.02670164	0	0	0	0	1.280678e-20	0	1.280678e-20	0	-328.877	0	-328.877	0	30149.85	77194.93	3362.029	8447.673	0.006389748	1	5.152773	0.4520672	1	2	0.04231701	0.08812502	
23436	909.0505	3.45e+19	0	0	100000	2	1e-05	6.811158e+26	4.150064e+26	3.961001e+26	1.890623e+25	6.112195e+25	2.049875e+26	4.948277e+25	3.015003e+25	2.87765e+25	1.373529e+24	4.440483e+24	1.489225e+25	0.3009583	4.948277e+26	3.015003e+26	2.87765e+26	1.373529e+25	0	3.137834e+17	1.933274e+26	0	0	0	0	0	0	0	0	0	0	0	0	0	0	6.374545e+26	0	6.374545e+26	2.881644e+26	0	2.881644e+26	1.542698e+26	0	1.542698e+26	5.763287e+26	0	5.763287e+26	1.717343e+26	0	1.717343e+26	5.50132e+26	0	5.50132e+26	3.28811e+23	1.008661e-09	0.001413418	4.440928e+12	5.473607e+07	679320.2	1.810804e-07	7.009394e-14	4.193614e-21	0.3112821	0.5	0.005587061	0.9985866	99.44413	12.36638	10569.8	1.117189e+26	1.827432e+28	5.151575e+27	6.741065e+25	3.118866e+27	1.203261e+27	5.325573e+26	2.294797e+26	0.2188657	0	0.01839109	0.03560219	0.03560219	0.001424136	0.02670164	0	0	0	0	1.280678e-20	0	1.280678e-20	0	-328.877	0	-328.877	0	30149.85	77194.93	3366.215	8447.673	0.006389748	1	5.152929	0.4520672	1	2	0.04238937	0.08823043	
23464	909.0505	3.45e+19	0	0	100000	2	1e-05	6.819295e+26	4.153656e+26	3.964489e+26	1.891669e+25	6.154299e+25	2.050209e+26	4.954189e+25	3.017614e+25	2.880185e+25	1.37429e+24	4.471072e+24	1.489468e+25	0.3006482	4.954189e+26	3.017614e+26	2.880185e+26	1.37429e+25	0	3.137834e+17	1.936575e+26	0	0	0	0	0	0	0	0	0	0	0	0	0	0	6.382161e+26	0	6.382161e+26	2.885087e+26	0	2.885087e+26	1.544541e+26	0	1.544541e+26	5.770173e+26	0	5.770173e+26	1.719395e+26	0	1.719395e+26	5.507892e+26	0	5.507892e+26	3.287197e+23	1.00894e-09	0.001414197	4.440928e+12	5.511355e+07	679710.8	1.814928e-07	7.041357e-14	4.222331e-21	0.3127016	0.5	0.00562532	0.9987545	99.56294	12.38116	10569.8	1.117189e+26	1.827432e+28	5.151575e+27	6.741065e+25	3.118866e+27	1.203261e+27	5.325573e+26	2.294797e+26	0.2188657	0	0.01838301	0.03560219	0.03560219	0.001424136	0.02670164	0	0	0	0	1.280678e-20	0	1.280678e-20	0	-328.877	0	-328.877	0	30149.85	77194.93	3370.401	8447.673	0.006389748	1	5.153084	0.4520672	1	2	0.04246177	0.08833585	
23492	909.0505	3.45e+19	0	0	100000	2	1e-05	6.827433e+26	4.157247e+26	3.967976e+26	1.892715e+25	6.196355e+25	2.05055e+26	4.960101e+25	3.020222e+25	2.882717e+25	1.375049e+24	4.501625e+24	1.489716e+25	0.3003399	4.960101e+26	3.020222e+26	2.882717e+26	1.375049e+25	0	3.137834e+17	1.939879e+26	0	0	0	0	0	0	0	0	0	0	0	0	0	0	6.389777e+26	0	6.389777e+26	2.888529e+26	0	2.888529e+26	1.546384e+26	0	1.546384e+26	5.777059e+26	0	5.777059e+26	1.721447e+26	0	1.721447e+26	5.514465e+26	0	5.514465e+26	3.286286e+23	1.009218e-09	0.001414974	4.440928e+12	5.549059e+07	680107.3	1.819029e-07	7.07321e-14	4.251014e-21	0.3141161	0.5	0.005663534	0.9989024	99.68175	12.39593	10569.8	1.117189e+26	1.827432e+28	5.151575e+27	6.741065e+25	3.118866e+27	1.203261e+27	5.325573e+26	2.294797e+26	0.2188657	0	0.01837492	0.03560219	0.03560219	0.001424136	0.02670164	0	0	0	0	1.280678e-20	0	1.280678e-20	0	-328.877	0	-328.877	0	30149.85	77194.93	3374.588	8447.673	0.006389748	1	5.153239	0.4520672	1	2	0.0425342	0.08844126	
23520	909.0505	3.45e+19	0	0	100000	2	1e-05	6.835571e+26	4.160836e+26	3.97146e+26	1.89376e+25	6.238359e+25	2.050899e+26	4.966013e+25	3.022829e+25	2.885248e+25	1.375808e+24	4.532141e+24	1.489969e+25	0.3000333	4.966013e+26	3.022829e+26	2.885248e+26	1.375808e+25	0	3.137834e+17	1.943183e+26	0	0	0	0	0	0	0	0	0	0	0	0	0	0	6.397393e+26	0	6.397393e+26	2.891972e+26	0	2.891972e+26	1.548228e+26	0	1.548228e+26	5.783944e+26	0	5.783944e+26	1.723499e+26	0	1.723499e+26	5.521038e+26	0	5.521038e+26	3.285377e+23	1.009495e-09	0.00141575	4.440928e+12	5.586717e+07	680509.8	1.823106e-07	7.104954e-14	4.279664e-21	0.3155259	0.5	0.005701703	0.9990328	99.80056	12.41071	10569.8	1.117189e+26	1.827432e+28	5.151575e+27	6.741065e+25	3.118866e+27	1.203261e+27	5.325573e+26	2.294797e+26	0.2188657	0	0.01836683	0.03560219	0.03560219	0.001424136	0.02670164	0	0	0	0	1.280678e-20	0	1.280678e-20	0	-328.877	0	-328.877	0	30149.85	77194.93	3378.775	8447.673	0.006389749	1	5.153395	0.4520672	1	2	0.04260666	0.08854667	
23548	909.0505	3.45e+19	0	0	100000	2	1e-05	6.843708e+26	4.164422e+26	3.974942e+26	1.894803e+25	6.28031e+25	2.051255e+26	4.971925e+25	3.025435e+25	2.887778e+25	1.376567e+24	4.562618e+24	1.490228e+25	0.2997286	4.971925e+26	3.025435e+26	2.887778e+26	1.376567e+25	0	3.137834e+17	1.94649e+26	0	0	0	0	0	0	0	0	0	0	0	0	0	0	6.405009e+26	0	6.405009e+26	2.895415e+26	0	2.895415e+26	1.550071e+26	0	1.550071e+26	5.79083e+26	0	5.79083e+26	1.72555e+26	0	1.72555e+26	5.52761e+26	0	5.52761e+26	3.284469e+23	1.009773e-09	0.001416526	4.440928e+12	5.624328e+07	680918.4	1.82716e-07	7.136587e-14	4.308277e-21	0.3169307	0.5	0.005739824	0.9991477	99.91937	12.42548	10569.8	1.117189e+26	1.827432e+28	5.151575e+27	6.741065e+25	3.118866e+27	1.203261e+27	5.325573e+26	2.294797e+26	0.2188657	0	0.01835873	0.03560219	0.03560219	0.001424136	0.02670164	0	0	0	0	1.280678e-20	0	1.280678e-20	0	-328.877	0	-328.877	0	30149.85	77194.93	3382.963	8447.673	0.006389749	1	5.15355	0.4520672	1	2	0.04267916	0.08865208	
23576	909.0505	3.45e+19	0	0	100000	2	1e-05	6.851846e+26	4.168006e+26	3.978422e+26	1.895846e+25	6.322206e+25	2.051619e+26	4.977837e+25	3.028039e+25	2.890306e+25	1.377324e+24	4.593055e+24	1.490492e+25	0.2994257	4.977837e+26	3.028039e+26	2.890306e+26	1.377324e+25	0	3.137834e+17	1.949798e+26	0	0	0	0	0	0	0	0	0	0	0	0	0	0	6.412625e+26	0	6.412625e+26	2.898858e+26	0	2.898858e+26	1.551914e+26	0	1.551914e+26	5.797716e+26	0	5.797716e+26	1.727602e+26	0	1.727602e+26	5.534183e+26	0	5.534183e+26	3.283562e+23	1.01005e-09	0.001417301	4.440928e+12	5.66189e+07	681333.2	1.831191e-07	7.168109e-14	4.336852e-21	0.3183305	0.5	0.005777894	0.9992489	100.0382	12.44026	10569.8	1.117189e+26	1.827432e+28	5.151575e+27	6.741065e+25	3.118866e+27	1.203261e+27	5.325573e+26	2.294797e+26	0.2188657	0	0.01835062	0.03560219	0.03560219	0.001424136	0.02670164	0	0	0	0	1.280678e-20	0	1.280678e-20	0	-328.877	0	-328.877	0	30149.85	77194.93	3387.15	8447.673	0.006389748	1	5.153705	0.4520672	1	2	0.04275169	0.0887575	
23604	909.0505	3.45e+19	0	0	100000	2	1e-05	6.859983e+26	4.171588e+26	3.9819e+26	1.896887e+25	6.364045e+25	2.05199e+26	4.983749e+25	3.030641e+25	2.892833e+25	1.378081e+24	4.623451e+24	1.490762e+25	0.2991247	4.983749e+26	3.030641e+26	2.892833e+26	1.378081e+25	0	3.137834e+17	1.953107e+26	0	0	0	0	0	0	0	0	0	0	0	0	0	0	6.420241e+26	0	6.420241e+26	2.902301e+26	0	2.902301e+26	1.553757e+26	0	1.553757e+26	5.804601e+26	0	5.804601e+26	1.729654e+26	0	1.729654e+26	5.540756e+26	0	5.540756e+26	3.282657e+23	1.010326e-09	0.001418075	4.440928e+12	5.699401e+07	681754.1	1.835198e-07	7.199519e-14	4.365389e-21	0.3197254	0.5	0.005815914	0.9993381	100.157	12.45503	10569.8	1.117189e+26	1.827432e+28	5.151575e+27	6.741065e+25	3.118866e+27	1.203261e+27	5.325573e+26	2.294797e+26	0.2188657	0	0.01834252	0.03560219	0.03560219	0.001424136	0.02670164	0	0	0	0	1.280678e-20	0	1.280678e-20	0	-328.877	0	-328.877	0	30149.85	77194.93	3391.338	8447.673	0.006389749	1	5.153859	0.4520672	1	2	0.04282425	0.08886291	
23632	909.0505	3.45e+19	0	0	100000	2	1e-05	6.868121e+26	4.175168e+26	3.985376e+26	1.897928e+25	6.405824e+25	2.05237e+26	4.98966e+25	3.033242e+25	2.895358e+25	1.378836e+24	4.653804e+24	1.491038e+25	0.2988256	4.98966e+26	3.033242e+26	2.895358e+26	1.378836e+25	0	3.137834e+17	1.956418e+26	0	0	0	0	0	0	0	0	0	0	0	0	0	0	6.427857e+26	0	6.427857e+26	2.905743e+26	0	2.905743e+26	1.5556e+26	0	1.5556e+26	5.811487e+26	0	5.811487e+26	1.731706e+26	0	1.731706e+26	5.547328e+26	0	5.547328e+26	3.281753e+23	1.010603e-09	0.001418849	4.440928e+12	5.73686e+07	682181.3	1.839183e-07	7.230817e-14	4.393886e-21	0.3211154	0.5	0.00585388	0.9994168	100.2758	12.4698	10569.8	1.117189e+26	1.827432e+28	5.151575e+27	6.741065e+25	3.118866e+27	1.203261e+27	5.325573e+26	2.294797e+26	0.2188657	0	0.0183344	0.03560219	0.03560219	0.001424136	0.02670164	0	0	0	0	1.280678e-20	0	1.280678e-20	0	-328.877	0	-328.877	0	30149.85	77194.93	3395.526	8447.673	0.006389748	1	5.154014	0.4520672	1	2	0.04289685	0.08896832	
23660	909.0505	3.45e+19	0	0	100000	2	1e-05	6.876258e+26	4.178746e+26	3.98885e+26	1.898967e+25	6.447544e+25	2.052758e+26	4.995572e+25	3.035841e+25	2.897882e+25	1.379592e+24	4.684113e+24	1.49132e+25	0.2985283	4.995572e+26	3.035841e+26	2.897882e+26	1.379592e+25	0	3.137834e+17	1.959731e+26	0	0	0	0	0	0	0	0	0	0	0	0	0	0	6.435473e+26	0	6.435473e+26	2.909186e+26	0	2.909186e+26	1.557443e+26	0	1.557443e+26	5.818373e+26	0	5.818373e+26	1.733757e+26	0	1.733757e+26	5.553901e+26	0	5.553901e+26	3.280851e+23	1.010879e-09	0.001419621	4.440928e+12	5.774264e+07	682614.7	1.843145e-07	7.262003e-14	4.422343e-21	0.3225003	0.5	0.005891791	0.999486	100.3946	12.48458	10569.8	1.117189e+26	1.827432e+28	5.151575e+27	6.741065e+25	3.118866e+27	1.203261e+27	5.325573e+26	2.294797e+26	0.2188657	0	0.01832629	0.03560219	0.03560219	0.001424136	0.02670164	0	0	0	0	1.280678e-20	0	1.280678e-20	0	-328.877	0	-328.877	0	30149.85	77194.93	3399.714	8447.673	0.006389748	1	5.154169	0.4520672	1	2	0.04296949	0.08907374	
23688	909.0505	3.45e+19	0	0	100000	2	1e-05	6.884396e+26	4.182322e+26	3.992321e+26	1.900005e+25	6.4892e+25	2.053154e+26	5.001484e+25	3.038439e+25	2.900404e+25	1.380346e+24	4.714376e+24	1.491608e+25	0.298233	5.001484e+26	3.038439e+26	2.900404e+26	1.380346e+25	0	3.137834e+17	1.963045e+26	0	0	0	0	0	0	0	0	0	0	0	0	0	0	6.443089e+26	0	6.443089e+26	2.912629e+26	0	2.912629e+26	1.559286e+26	0	1.559286e+26	5.825258e+26	0	5.825258e+26	1.735809e+26	0	1.735809e+26	5.560474e+26	0	5.560474e+26	3.279951e+23	1.011155e-09	0.001420393	4.440928e+12	5.811613e+07	683054.5	1.847084e-07	7.293076e-14	4.450757e-21	0.3238802	0.5	0.005929646	0.9995471	100.5134	12.49935	10569.8	1.117189e+26	1.827432e+28	5.151575e+27	6.741065e+25	3.118866e+27	1.203261e+27	5.325573e+26	2.294797e+26	0.2188657	0	0.01831816	0.03560219	0.03560219	0.001424136	0.02670164	0	0	0	0	1.280678e-20	0	1.280678e-20	0	-328.877	0	-328.877	0	30149.85	77194.93	3403.903	8447.673	0.006389749	1	5.154323	0.4520672	1	2	0.04304215	0.08917915	
23716	909.0505	3.45e+19	0	0	100000	2	1e-05	6.892534e+26	4.185896e+26	3.995791e+26	1.901043e+25	6.530793e+25	2.053559e+26	5.007396e+25	3.041035e+25	2.902925e+25	1.381099e+24	4.744594e+24	1.491902e+25	0.2979396	5.007396e+26	3.041035e+26	2.902925e+26	1.381099e+25	0	3.137834e+17	1.966361e+26	0	0	0	0	0	0	0	0	0	0	0	0	0	0	6.450705e+26	0	6.450705e+26	2.916072e+26	0	2.916072e+26	1.561129e+26	0	1.561129e+26	5.832144e+26	0	5.832144e+26	1.737861e+26	0	1.737861e+26	5.567046e+26	0	5.567046e+26	3.279051e+23	1.01143e-09	0.001421164	4.440928e+12	5.848905e+07	683500.7	1.851e-07	7.324035e-14	4.479127e-21	0.3252551	0.5	0.005967444	0.9996009	100.6322	12.51413	10569.8	1.117189e+26	1.827432e+28	5.151575e+27	6.741065e+25	3.118866e+27	1.203261e+27	5.325573e+26	2.294797e+26	0.2188657	0	0.01831003	0.03560219	0.03560219	0.001424136	0.02670164	0	0	0	0	1.280678e-20	0	1.280678e-20	0	-328.877	0	-328.877	0	30149.85	77194.93	3408.091	8447.673	0.006389749	1	5.154477	0.4520672	1	2	0.04311486	0.08928456	
23744	909.0505	3.45e+19	0	0	100000	2	1e-05	6.900671e+26	4.189467e+26	3.999259e+26	1.902079e+25	6.572321e+25	2.053972e+26	5.013308e+25	3.04363e+25	2.905445e+25	1.381852e+24	4.774763e+24	1.492202e+25	0.2976482	5.013308e+26	3.04363e+26	2.905445e+26	1.381852e+25	0	3.137834e+17	1.969678e+26	0	0	0	0	0	0	0	0	0	0	0	0	0	0	6.458321e+26	0	6.458321e+26	2.919515e+26	0	2.919515e+26	1.562973e+26	0	1.562973e+26	5.83903e+26	0	5.83903e+26	1.739913e+26	0	1.739913e+26	5.573619e+26	0	5.573619e+26	3.278153e+23	1.011705e-09	0.001421934	4.440928e+12	5.886139e+07	683953.3	1.854894e-07	7.354881e-14	4.507453e-21	0.326625	0.5	0.006005182	0.9996483	100.751	12.5289	10569.8	1.117189e+26	1.827432e+28	5.151575e+27	6.741065e+25	3.118866e+27	1.203261e+27	5.325573e+26	2.294797e+26	0.2188657	0	0.0183019	0.03560219	0.03560219	0.001424136	0.02670164	0	0	0	0	1.280678e-20	0	1.280678e-20	0	-328.877	0	-328.877	0	30149.85	77194.93	3412.281	8447.673	0.006389748	1	5.154632	0.4520672	1	2	0.04318759	0.08938997	
23772	909.0505	3.45e+19	0	0	100000	2	1e-05	6.908809e+26	4.193036e+26	4.002725e+26	1.903114e+25	6.613781e+25	2.054394e+26	5.01922e+25	3.046223e+25	2.907963e+25	1.382604e+24	4.804884e+24	1.492509e+25	0.2973587	5.01922e+26	3.046223e+26	2.907963e+26	1.382604e+25	0	3.137834e+17	1.972997e+26	0	0	0	0	0	0	0	0	0	0	0	0	0	0	6.465936e+26	0	6.465936e+26	2.922958e+26	0	2.922958e+26	1.564816e+26	0	1.564816e+26	5.845915e+26	0	5.845915e+26	1.741965e+26	0	1.741965e+26	5.580192e+26	0	5.580192e+26	3.277257e+23	1.01198e-09	0.001422704	4.440928e+12	5.923312e+07	684412.4	1.858765e-07	7.385613e-14	4.535734e-21	0.3279898	0.5	0.00604286	0.9996901	100.8699	12.54368	10569.8	1.117189e+26	1.827432e+28	5.151575e+27	6.741065e+25	3.118866e+27	1.203261e+27	5.325573e+26	2.294797e+26	0.2188657	0	0.01829376	0.03560219	0.03560219	0.001424136	0.02670164	0	0	0	0	1.280678e-20	0	1.280678e-20	0	-328.877	0	-328.877	0	30149.85	77194.93	3416.47	8447.673	0.006389748	1	5.154786	0.4520672	1	2	0.04326036	0.08949539	
23800	909.0505	3.45e+19	0	0	100000	2	1e-05	6.916946e+26	4.196603e+26	4.006189e+26	1.904148e+25	6.655173e+25	2.054826e+26	5.025132e+25	3.048814e+25	2.910479e+25	1.383356e+24	4.834955e+24	1.492822e+25	0.2970712	5.025132e+26	3.048814e+26	2.910479e+26	1.383356e+25	0	3.137834e+17	1.976318e+26	0	0	0	0	0	0	0	0	0	0	0	0	0	0	6.473552e+26	0	6.473552e+26	2.9264e+26	0	2.9264e+26	1.566659e+26	0	1.566659e+26	5.852801e+26	0	5.852801e+26	1.744016e+26	0	1.744016e+26	5.586764e+26	0	5.586764e+26	3.276362e+23	1.012254e-09	0.001423473	4.440928e+12	5.960425e+07	684878.1	1.862614e-07	7.416231e-14	4.563969e-21	0.3293495	0.5	0.006080477	0.9997269	100.9887	12.55845	10569.8	1.117189e+26	1.827432e+28	5.151575e+27	6.741065e+25	3.118866e+27	1.203261e+27	5.325573e+26	2.294797e+26	0.2188657	0	0.01828562	0.03560219	0.03560219	0.001424136	0.02670164	0	0	0	0	1.280678e-20	0	1.280678e-20	0	-328.877	0	-328.877	0	30149.85	77194.93	3420.66	8447.673	0.006389748	1	5.154939	0.4520672	1	2	0.04333316	0.0896008	
23828	909.0505	3.45e+19	0	0	100000	2	1e-05	6.925084e+26	4.200168e+26	4.00965e+26	1.905181e+25	6.696495e+25	2.055266e+26	5.031044e+25	3.051404e+25	2.912994e+25	1.384106e+24	4.864975e+24	1.493142e+25	0.2967857	5.031044e+26	3.051404e+26	2.912994e+26	1.384106e+25	0	3.137834e+17	1.979639e+26	0	0	0	0	0	0	0	0	0	0	0	0	0	0	6.481168e+26	0	6.481168e+26	2.929843e+26	0	2.929843e+26	1.568502e+26	0	1.568502e+26	5.859686e+26	0	5.859686e+26	1.746068e+26	0	1.746068e+26	5.593337e+26	0	5.593337e+26	3.275469e+23	1.012528e-09	0.001424241	4.440928e+12	5.997475e+07	685350.4	1.866441e-07	7.446735e-14	4.592156e-21	0.3307041	0.5	0.00611803	0.9997593	101.1075	12.57323	10569.8	1.117189e+26	1.827432e+28	5.151575e+27	6.741065e+25	3.118866e+27	1.203261e+27	5.325573e+26	2.294797e+26	0.2188657	0	0.01827747	0.03560219	0.03560219	0.001424136	0.02670164	0	0	0	0	1.280678e-20	0	1.280678e-20	0	-328.877	0	-328.877	0	30149.85	77194.93	3424.849	8447.673	0.006389748	1	5.155093	0.4520672	1	2	0.043406	0.08970621	
23856	909.0505	3.45e+19	0	0	100000	2	1e-05	6.933222e+26	4.203731e+26	4.01311e+26	1.906214e+25	6.737746e+25	2.055716e+26	5.036956e+25	3.053993e+25	2.915507e+25	1.384856e+24	4.894944e+24	1.493469e+25	0.2965022	5.036956e+26	3.053993e+26	2.915507e+26	1.384856e+25	0	3.137834e+17	1.982963e+26	0	0	0	0	0	0	0	0	0	0	0	0	0	0	6.488784e+26	0	6.488784e+26	2.933286e+26	0	2.933286e+26	1.570345e+26	0	1.570345e+26	5.866572e+26	0	5.866572e+26	1.74812e+26	0	1.74812e+26	5.59991e+26	0	5.59991e+26	3.274577e+23	1.012802e-09	0.001425008	4.440928e+12	6.034462e+07	685829.3	1.870245e-07	7.477125e-14	4.620295e-21	0.3320537	0.5	0.006155519	0.9997879	101.2263	12.588	10569.8	1.117189e+26	1.827432e+28	5.151575e+27	6.741065e+25	3.118866e+27	1.203261e+27	5.325573e+26	2.294797e+26	0.2188657	0	0.01826931	0.03560219	0.03560219	0.001424136	0.02670164	0	0	0	0	1.280678e-20	0	1.280678e-20	0	-328.877	0	-328.877	0	30149.85	77194.93	3429.039	8447.673	0.006389748	1	5.155247	0.4520672	1	2	0.04347887	0.08981162	
23884	909.0505	3.45e+19	0	0	100000	2	1e-05	6.941359e+26	4.207292e+26	4.016568e+26	1.907245e+25	6.778924e+25	2.056175e+26	5.042868e+25	3.05658e+25	2.918019e+25	1.385605e+24	4.92486e+24	1.493802e+25	0.2962207	5.042868e+26	3.05658e+26	2.918019e+26	1.385605e+25	0	3.137834e+17	1.986288e+26	0	0	0	0	0	0	0	0	0	0	0	0	0	0	6.4964e+26	0	6.4964e+26	2.936729e+26	0	2.936729e+26	1.572188e+26	0	1.572188e+26	5.873458e+26	0	5.873458e+26	1.750172e+26	0	1.750172e+26	5.606482e+26	0	5.606482e+26	3.273686e+23	1.013075e-09	0.001425774	4.440928e+12	6.071384e+07	686315	1.874028e-07	7.507399e-14	4.648384e-21	0.3333982	0.5	0.006192942	0.9998131	101.3451	12.60278	10569.8	1.117189e+26	1.827432e+28	5.151575e+27	6.741065e+25	3.118866e+27	1.203261e+27	5.325573e+26	2.294797e+26	0.2188657	0	0.01826115	0.03560219	0.03560219	0.001424136	0.02670164	0	0	0	0	1.280678e-20	0	1.280678e-20	0	-328.877	0	-328.877	0	30149.85	77194.93	3433.23	8447.673	0.006389749	1	5.155401	0.4520672	1	2	0.04355178	0.08991704	
23912	909.0505	3.45e+19	0	0	100000	2	1e-05	6.949497e+26	4.210851e+26	4.020023e+26	1.908275e+25	6.820029e+25	2.056643e+26	5.04878e+25	3.059165e+25	2.92053e+25	1.386353e+24	4.954722e+24	1.494142e+25	0.2959413	5.04878e+26	3.059165e+26	2.92053e+26	1.386353e+25	0	3.137834e+17	1.989615e+26	0	0	0	0	0	0	0	0	0	0	0	0	0	0	6.504016e+26	0	6.504016e+26	2.940172e+26	0	2.940172e+26	1.574031e+26	0	1.574031e+26	5.880343e+26	0	5.880343e+26	1.752224e+26	0	1.752224e+26	5.613055e+26	0	5.613055e+26	3.272797e+23	1.013348e-09	0.00142654	4.440928e+12	6.10824e+07	686807.4	1.877788e-07	7.537559e-14	4.676424e-21	0.3347376	0.5	0.006230298	0.9998353	101.4639	12.61755	10569.8	1.117189e+26	1.827432e+28	5.151575e+27	6.741065e+25	3.118866e+27	1.203261e+27	5.325573e+26	2.294797e+26	0.2188657	0	0.01825298	0.03560219	0.03560219	0.001424136	0.02670164	0	0	0	0	1.280678e-20	0	1.280678e-20	0	-328.877	0	-328.877	0	30149.85	77194.93	3437.42	8447.673	0.006389748	1	5.155554	0.4520672	1	2	0.04362472	0.09002245	
23940	909.0505	3.45e+19	0	0	100000	2	1e-05	6.957634e+26	4.214407e+26	4.023477e+26	1.909304e+25	6.861058e+25	2.057121e+26	5.054692e+25	3.061749e+25	2.923039e+25	1.387101e+24	4.984529e+24	1.49449e+25	0.2956639	5.054692e+26	3.061749e+26	2.923039e+26	1.387101e+25	0	3.137834e+17	1.992943e+26	0	0	0	0	0	0	0	0	0	0	0	0	0	0	6.511632e+26	0	6.511632e+26	2.943615e+26	0	2.943615e+26	1.575874e+26	0	1.575874e+26	5.887229e+26	0	5.887229e+26	1.754275e+26	0	1.754275e+26	5.619628e+26	0	5.619628e+26	3.271909e+23	1.013621e-09	0.001427305	4.440928e+12	6.145029e+07	687306.6	1.881527e-07	7.567605e-14	4.704413e-21	0.3360719	0.5	0.006267587	0.9998549	101.5827	12.63233	10569.8	1.117189e+26	1.827432e+28	5.151575e+27	6.741065e+25	3.118866e+27	1.203261e+27	5.325573e+26	2.294797e+26	0.2188657	0	0.01824481	0.03560219	0.03560219	0.001424136	0.02670164	0	0	0	0	1.280678e-20	0	1.280678e-20	0	-328.877	0	-328.877	0	30149.85	77194.93	3441.611	8447.673	0.006389749	1	5.155707	0.4520672	1	2	0.04369769	0.09012786	
23968	909.0505	3.45e+19	0	0	100000	2	1e-05	6.965772e+26	4.217962e+26	4.026929e+26	1.910332e+25	6.902011e+25	2.057609e+26	5.060604e+25	3.064331e+25	2.925547e+25	1.387848e+24	5.014281e+24	1.494844e+25	0.2953885	5.060604e+26	3.064331e+26	2.925547e+26	1.387848e+25	0	3.137834e+17	1.996272e+26	0	0	0	0	0	0	0	0	0	0	0	0	0	0	6.519248e+26	0	6.519248e+26	2.947057e+26	0	2.947057e+26	1.577718e+26	0	1.577718e+26	5.894115e+26	0	5.894115e+26	1.756327e+26	0	1.756327e+26	5.6262e+26	0	5.6262e+26	3.271023e+23	1.013893e-09	0.001428069	4.440928e+12	6.181749e+07	687812.7	1.885244e-07	7.597535e-14	4.73235e-21	0.337401	0.5	0.006304807	0.9998721	101.7015	12.6471	10569.8	1.117189e+26	1.827432e+28	5.151575e+27	6.741065e+25	3.118866e+27	1.203261e+27	5.325573e+26	2.294797e+26	0.2188657	0	0.01823663	0.03560219	0.03560219	0.001424136	0.02670164	0	0	0	0	1.280678e-20	0	1.280678e-20	0	-328.877	0	-328.877	0	30149.85	77194.93	3445.802	8447.673	0.006389748	1	5.15586	0.4520672	1	2	0.0437707	0.09023328	
23996	909.0505	3.45e+19	0	0	100000	2	1e-05	6.973909e+26	4.221514e+26	4.030378e+26	1.911358e+25	6.942886e+25	2.058107e+26	5.066515e+25	3.066912e+25	2.928053e+25	1.388594e+24	5.043977e+24	1.495206e+25	0.2951152	5.066515e+26	3.066912e+26	2.928053e+26	1.388594e+25	0	3.137834e+17	1.999603e+26	0	0	0	0	0	0	0	0	0	0	0	0	0	0	6.526864e+26	0	6.526864e+26	2.9505e+26	0	2.9505e+26	1.579561e+26	0	1.579561e+26	5.901e+26	0	5.901e+26	1.758379e+26	0	1.758379e+26	5.632773e+26	0	5.632773e+26	3.270138e+23	1.014166e-09	0.001428832	4.440928e+12	6.218401e+07	688325.8	1.88894e-07	7.62735e-14	4.760234e-21	0.3387251	0.5	0.006341957	0.9998873	101.8203	12.66188	10569.8	1.117189e+26	1.827432e+28	5.151575e+27	6.741065e+25	3.118866e+27	1.203261e+27	5.325573e+26	2.294797e+26	0.2188657	0	0.01822844	0.03560219	0.03560219	0.001424136	0.02670164	0	0	0	0	1.280678e-20	0	1.280678e-20	0	-328.877	0	-328.877	0	30149.85	77194.93	3449.994	8447.673	0.006389748	1	5.156014	0.4520672	1	2	0.04384374	0.09033869	
24024	909.0505	3.45e+19	0	0	100000	2	1e-05	6.982047e+26	4.225064e+26	4.033826e+26	1.912384e+25	6.983682e+25	2.058614e+26	5.072427e+25	3.069491e+25	2.930557e+25	1.389339e+24	5.073615e+24	1.495575e+25	0.294844	5.072427e+26	3.069491e+26	2.930557e+26	1.389339e+25	0	3.137834e+17	2.002936e+26	0	0	0	0	0	0	0	0	0	0	0	0	0	0	6.53448e+26	0	6.53448e+26	2.953943e+26	0	2.953943e+26	1.581404e+26	0	1.581404e+26	5.907886e+26	0	5.907886e+26	1.760431e+26	0	1.760431e+26	5.639346e+26	0	5.639346e+26	3.269255e+23	1.014437e-09	0.001429595	4.440928e+12	6.254982e+07	688845.8	1.892614e-07	7.657051e-14	4.788065e-21	0.3400441	0.5	0.006379035	0.9999007	101.9391	12.67665	10569.8	1.117189e+26	1.827432e+28	5.151575e+27	6.741065e+25	3.118866e+27	1.203261e+27	5.325573e+26	2.294797e+26	0.2188657	0	0.01822025	0.03560219	0.03560219	0.001424136	0.02670164	0	0	0	0	1.280678e-20	0	1.280678e-20	0	-328.877	0	-328.877	0	30149.85	77194.93	3454.185	8447.673	0.006389748	1	5.156167	0.4520672	1	2	0.04391681	0.0904441	
24052	909.0505	3.45e+19	0	0	100000	2	1e-05	6.990185e+26	4.228612e+26	4.037272e+26	1.913409e+25	7.024399e+25	2.059132e+26	5.078339e+25	3.072069e+25	2.933061e+25	1.390084e+24	5.103196e+24	1.495951e+25	0.2945748	5.078339e+26	3.072069e+26	2.933061e+26	1.390084e+25	0	3.137834e+17	2.00627e+26	0	0	0	0	0	0	0	0	0	0	0	0	0	0	6.542096e+26	0	6.542096e+26	2.957386e+26	0	2.957386e+26	1.583247e+26	0	1.583247e+26	5.914772e+26	0	5.914772e+26	1.762482e+26	0	1.762482e+26	5.645918e+26	0	5.645918e+26	3.268373e+23	1.014709e-09	0.001430357	4.440928e+12	6.291492e+07	689372.8	1.896267e-07	7.686636e-14	4.815842e-21	0.341358	0.5	0.006416042	0.9999125	102.058	12.69142	10569.8	1.117189e+26	1.827432e+28	5.151575e+27	6.741065e+25	3.118866e+27	1.203261e+27	5.325573e+26	2.294797e+26	0.2188657	0	0.01821206	0.03560219	0.03560219	0.001424136	0.02670164	0	0	0	0	1.280678e-20	0	1.280678e-20	0	-328.877	0	-328.877	0	30149.85	77194.93	3458.377	8447.673	0.006389749	1	5.156319	0.4520672	1	2	0.04398992	0.09054951	
24080	909.0505	3.45e+19	0	0	100000	2	1e-05	6.998322e+26	4.232158e+26	4.040715e+26	1.914433e+25	7.065035e+25	2.05966e+26	5.084251e+25	3.074645e+25	2.935562e+25	1.390827e+24	5.132718e+24	1.496334e+25	0.2943077	5.084251e+26	3.074645e+26	2.935562e+26	1.390827e+25	0	3.137834e+17	2.009606e+26	0	0	0	0	0	0	0	0	0	0	0	0	0	0	6.549712e+26	0	6.549712e+26	2.960829e+26	0	2.960829e+26	1.58509e+26	0	1.58509e+26	5.921657e+26	0	5.921657e+26	1.764534e+26	0	1.764534e+26	5.652491e+26	0	5.652491e+26	3.267492e+23	1.01498e-09	0.001431118	4.440928e+12	6.32793e+07	689906.9	1.899898e-07	7.716106e-14	4.843564e-21	0.3426667	0.5	0.006452976	0.9999229	102.1768	12.7062	10569.8	1.117189e+26	1.827432e+28	5.151575e+27	6.741065e+25	3.118866e+27	1.203261e+27	5.325573e+26	2.294797e+26	0.2188657	0	0.01820385	0.03560219	0.03560219	0.001424136	0.02670164	0	0	0	0	1.280678e-20	0	1.280678e-20	0	-328.877	0	-328.877	0	30149.85	77194.93	3462.569	8447.673	0.006389748	1	5.156472	0.4520672	1	2	0.04406306	0.09065493	
24108	909.0505	3.45e+19	0	0	100000	2	1e-05	7.00646e+26	4.235702e+26	4.044157e+26	1.915456e+25	7.105589e+25	2.060199e+26	5.090163e+25	3.07722e+25	2.938063e+25	1.39157e+24	5.16218e+24	1.496725e+25	0.2940427	5.090163e+26	3.07722e+26	2.938063e+26	1.39157e+25	0	3.137834e+17	2.012943e+26	0	0	0	0	0	0	0	0	0	0	0	0	0	0	6.557328e+26	0	6.557328e+26	2.964271e+26	0	2.964271e+26	1.586933e+26	0	1.586933e+26	5.928543e+26	0	5.928543e+26	1.766586e+26	0	1.766586e+26	5.659064e+26	0	5.659064e+26	3.266613e+23	1.015251e-09	0.001431878	4.440928e+12	6.364295e+07	690448.1	1.903509e-07	7.745462e-14	4.871231e-21	0.3439704	0.5	0.006489835	0.999932	102.2956	12.72097	10569.8	1.117189e+26	1.827432e+28	5.151575e+27	6.741065e+25	3.118866e+27	1.203261e+27	5.325573e+26	2.294797e+26	0.2188657	0	0.01819564	0.03560219	0.03560219	0.001424136	0.02670164	0	0	0	0	1.280678e-20	0	1.280678e-20	0	-328.877	0	-328.877	0	30149.85	77194.93	3466.762	8447.673	0.006389748	1	5.156625	0.4520672	1	2	0.04413623	0.09076034	
24136	909.0505	3.45e+19	0	0	100000	2	1e-05	7.014597e+26	4.239244e+26	4.047596e+26	1.916478e+25	7.14606e+25	2.060747e+26	5.096075e+25	3.079793e+25	2.940561e+25	1.392313e+24	5.191582e+24	1.497124e+25	0.2937798	5.096075e+26	3.079793e+26	2.940561e+26	1.392313e+25	0	3.137834e+17	2.016282e+26	0	0	0	0	0	0	0	0	0	0	0	0	0	0	6.564944e+26	0	6.564944e+26	2.967714e+26	0	2.967714e+26	1.588776e+26	0	1.588776e+26	5.935429e+26	0	5.935429e+26	1.768638e+26	0	1.768638e+26	5.665636e+26	0	5.665636e+26	3.265735e+23	1.015521e-09	0.001432638	4.440928e+12	6.400585e+07	690996.6	1.907099e-07	7.774702e-14	4.898841e-21	0.3452689	0.5	0.00652662	0.9999401	102.4144	12.73575	10569.8	1.117189e+26	1.827432e+28	5.151575e+27	6.741065e+25	3.118866e+27	1.203261e+27	5.325573e+26	2.294797e+26	0.2188657	0	0.01818743	0.03560219	0.03560219	0.001424136	0.02670164	0	0	0	0	1.280678e-20	0	1.280678e-20	0	-328.877	0	-328.877	0	30149.85	77194.93	3470.954	8447.673	0.006389748	1	5.156777	0.4520672	1	2	0.04420944	0.09086575	
24164	909.0505	3.45e+19	0	0	100000	2	1e-05	7.022735e+26	4.242784e+26	4.051034e+26	1.917498e+25	7.186447e+25	2.061306e+26	5.101987e+25	3.082364e+25	2.943059e+25	1.393054e+24	5.220923e+24	1.49753e+25	0.293519	5.101987e+26	3.082364e+26	2.943059e+26	1.393054e+25	0	3.137834e+17	2.019623e+26	0	0	0	0	0	0	0	0	0	0	0	0	0	0	6.57256e+26	0	6.57256e+26	2.971157e+26	0	2.971157e+26	1.590619e+26	0	1.590619e+26	5.942314e+26	0	5.942314e+26	1.77069e+26	0	1.77069e+26	5.672209e+26	0	5.672209e+26	3.264859e+23	1.015791e-09	0.001433397	4.440928e+12	6.436801e+07	691552.2	1.910667e-07	7.803827e-14	4.926395e-21	0.3465623	0.5	0.006563329	0.9999472	102.5332	12.75052	10569.8	1.117189e+26	1.827432e+28	5.151575e+27	6.741065e+25	3.118866e+27	1.203261e+27	5.325573e+26	2.294797e+26	0.2188657	0	0.01817921	0.03560219	0.03560219	0.001424136	0.02670164	0	0	0	0	1.280678e-20	0	1.280678e-20	0	-328.877	0	-328.877	0	30149.85	77194.93	3475.147	8447.673	0.006389748	1	5.156929	0.4520672	1	2	0.04428268	0.09097116	
24192	909.0505	3.45e+19	0	0	100000	2	1e-05	7.030873e+26	4.246321e+26	4.05447e+26	1.918518e+25	7.22675e+25	2.061876e+26	5.107899e+25	3.084934e+25	2.945555e+25	1.393795e+24	5.250203e+24	1.497944e+25	0.2932604	5.107899e+26	3.084934e+26	2.945555e+26	1.393795e+25	0	3.137834e+17	2.022965e+26	0	0	0	0	0	0	0	0	0	0	0	0	0	0	6.580176e+26	0	6.580176e+26	2.9746e+26	0	2.9746e+26	1.592463e+26	0	1.592463e+26	5.9492e+26	0	5.9492e+26	1.772741e+26	0	1.772741e+26	5.678782e+26	0	5.678782e+26	3.263984e+23	1.016061e-09	0.001434155	4.440928e+12	6.472941e+07	692115.1	1.914216e-07	7.832838e-14	4.953891e-21	0.3478507	0.5	0.006599962	0.9999535	102.652	12.7653	10569.8	1.117189e+26	1.827432e+28	5.151575e+27	6.741065e+25	3.118866e+27	1.203261e+27	5.325573e+26	2.294797e+26	0.2188657	0	0.01817098	0.03560219	0.03560219	0.001424136	0.02670164	0	0	0	0	1.280678e-20	0	1.280678e-20	0	-328.877	0	-328.877	0	30149.85	77194.93	3479.34	8447.673	0.006389749	1	5.157082	0.4520672	1	2	0.04435596	0.09107658	
24220	909.0505	3.45e+19	0	0	100000	2	1e-05	7.03901e+26	4.249857e+26	4.057903e+26	1.919537e+25	7.266967e+25	2.062457e+26	5.113811e+25	3.087503e+25	2.948049e+25	1.394535e+24	5.27942e+24	1.498366e+25	0.2930038	5.113811e+26	3.087503e+26	2.948049e+26	1.394535e+25	0	3.137834e+17	2.026308e+26	0	0	0	0	0	0	0	0	0	0	0	0	0	0	6.587792e+26	0	6.587792e+26	2.978043e+26	0	2.978043e+26	1.594306e+26	0	1.594306e+26	5.956086e+26	0	5.956086e+26	1.774793e+26	0	1.774793e+26	5.685354e+26	0	5.685354e+26	3.26311e+23	1.016331e-09	0.001434912	4.440928e+12	6.509005e+07	692685.4	1.917743e-07	7.861733e-14	4.981329e-21	0.3491339	0.5	0.006636517	0.999959	102.7708	12.78007	10569.8	1.117189e+26	1.827432e+28	5.151575e+27	6.741065e+25	3.118866e+27	1.203261e+27	5.325573e+26	2.294797e+26	0.2188657	0	0.01816274	0.03560219	0.03560219	0.001424136	0.02670164	0	0	0	0	1.280678e-20	0	1.280678e-20	0	-328.877	0	-328.877	0	30149.85	77194.93	3483.534	8447.673	0.006389749	1	5.157234	0.4520672	1	2	0.04442927	0.09118199	
24248	909.0505	3.45e+19	0	0	100000	2	1e-05	7.047148e+26	4.25339e+26	4.061335e+26	1.920555e+25	7.307097e+25	2.063048e+26	5.119723e+25	3.09007e+25	2.950542e+25	1.395275e+24	5.308574e+24	1.498796e+25	0.2927494	5.119723e+26	3.09007e+26	2.950542e+26	1.395275e+25	0	3.137834e+17	2.029653e+26	0	0	0	0	0	0	0	0	0	0	0	0	0	0	6.595408e+26	0	6.595408e+26	2.981486e+26	0	2.981486e+26	1.596149e+26	0	1.596149e+26	5.962971e+26	0	5.962971e+26	1.776845e+26	0	1.776845e+26	5.691927e+26	0	5.691927e+26	3.262238e+23	1.0166e-09	0.001435669	4.440928e+12	6.544991e+07	693263	1.92125e-07	7.890515e-14	5.008708e-21	0.3504121	0.5	0.006672994	0.9999639	102.8896	12.79485	10569.8	1.117189e+26	1.827432e+28	5.151575e+27	6.741065e+25	3.118866e+27	1.203261e+27	5.325573e+26	2.294797e+26	0.2188657	0	0.0181545	0.03560219	0.03560219	0.001424136	0.02670164	0	0	0	0	1.280678e-20	0	1.280678e-20	0	-328.877	0	-328.877	0	30149.85	77194.93	3487.727	8447.673	0.006389748	1	5.157386	0.4520672	1	2	0.04450261	0.0912874	
24276	909.0505	3.45e+19	0	0	100000	2	1e-05	7.055285e+26	4.256921e+26	4.064764e+26	1.921571e+25	7.347139e+25	2.06365e+26	5.125635e+25	3.092635e+25	2.953034e+25	1.396013e+24	5.337665e+24	1.499233e+25	0.292497	5.125635e+26	3.092635e+26	2.953034e+26	1.396013e+25	0	3.137834e+17	2.032999e+26	0	0	0	0	0	0	0	0	0	0	0	0	0	0	6.603023e+26	0	6.603023e+26	2.984928e+26	0	2.984928e+26	1.597992e+26	0	1.597992e+26	5.969857e+26	0	5.969857e+26	1.778897e+26	0	1.778897e+26	5.6985e+26	0	5.6985e+26	3.261367e+23	1.016869e-09	0.001436424	4.440928e+12	6.580899e+07	693848	1.924737e-07	7.919181e-14	5.036028e-21	0.3516851	0.5	0.006709392	0.9999682	103.0084	12.80962	10569.8	1.117189e+26	1.827432e+28	5.151575e+27	6.741065e+25	3.118866e+27	1.203261e+27	5.325573e+26	2.294797e+26	0.2188657	0	0.01814625	0.03560219	0.03560219	0.001424136	0.02670164	0	0	0	0	1.280678e-20	0	1.280678e-20	0	-328.877	0	-328.877	0	30149.85	77194.93	3491.921	8447.673	0.006389748	1	5.157538	0.4520672	1	2	0.04457598	0.09139281	
24304	909.0505	3.45e+19	0	0	100000	2	1e-05	7.063423e+26	4.260451e+26	4.068192e+26	1.922587e+25	7.387094e+25	2.064263e+26	5.131547e+25	3.095199e+25	2.955524e+25	1.396751e+24	5.366692e+24	1.499678e+25	0.2922468	5.131547e+26	3.095199e+26	2.955524e+26	1.396751e+25	0	3.137834e+17	2.036347e+26	0	0	0	0	0	0	0	0	0	0	0	0	0	0	6.610639e+26	0	6.610639e+26	2.988371e+26	0	2.988371e+26	1.599835e+26	0	1.599835e+26	5.976742e+26	0	5.976742e+26	1.780949e+26	0	1.780949e+26	5.705072e+26	0	5.705072e+26	3.260498e+23	1.017137e-09	0.001437179	4.440928e+12	6.616728e+07	694440.6	1.928204e-07	7.947733e-14	5.063289e-21	0.3529531	0.5	0.00674571	0.999972	103.1272	12.8244	10569.8	1.117189e+26	1.827432e+28	5.151575e+27	6.741065e+25	3.118866e+27	1.203261e+27	5.325573e+26	2.294797e+26	0.2188657	0	0.018138	0.03560219	0.03560219	0.001424136	0.02670164	0	0	0	0	1.280678e-20	0	1.280678e-20	0	-328.877	0	-328.877	0	30149.85	77194.93	3496.116	8447.673	0.006389748	1	5.157689	0.4520672	1	2	0.04464939	0.09149823	
24332	909.0505	3.45e+19	0	0	100000	2	1e-05	7.07156e+26	4.263978e+26	4.071617e+26	1.923602e+25	7.426959e+25	2.064887e+26	5.137458e+25	3.097762e+25	2.958013e+25	1.397489e+24	5.395654e+24	1.500132e+25	0.2919988	5.137458e+26	3.097762e+26	2.958013e+26	1.397489e+25	0	3.137834e+17	2.039697e+26	0	0	0	0	0	0	0	0	0	0	0	0	0	0	6.618255e+26	0	6.618255e+26	2.991814e+26	0	2.991814e+26	1.601678e+26	0	1.601678e+26	5.983628e+26	0	5.983628e+26	1.783e+26	0	1.783e+26	5.711645e+26	0	5.711645e+26	3.25963e+23	1.017405e-09	0.001437934	4.440928e+12	6.652478e+07	695040.6	1.93165e-07	7.976172e-14	5.090489e-21	0.354216	0.5	0.006781948	0.9999753	103.2461	12.83917	10569.8	1.117189e+26	1.827432e+28	5.151575e+27	6.741065e+25	3.118866e+27	1.203261e+27	5.325573e+26	2.294797e+26	0.2188657	0	0.01812974	0.03560219	0.03560219	0.001424136	0.02670164	0	0	0	0	1.280678e-20	0	1.280678e-20	0	-328.877	0	-328.877	0	30149.85	77194.93	3500.31	8447.673	0.006389749	1	5.157841	0.4520672	1	2	0.04472283	0.09160364	
24360	909.0505	3.45e+19	0	0	100000	2	1e-05	7.079698e+26	4.267503e+26	4.075041e+26	1.924616e+25	7.466735e+25	2.065522e+26	5.14337e+25	3.100322e+25	2.9605e+25	1.398225e+24	5.424551e+24	1.500593e+25	0.2917528	5.14337e+26	3.100322e+26	2.9605e+26	1.398225e+25	0	3.137834e+17	2.043048e+26	0	0	0	0	0	0	0	0	0	0	0	0	0	0	6.625871e+26	0	6.625871e+26	2.995257e+26	0	2.995257e+26	1.603521e+26	0	1.603521e+26	5.990514e+26	0	5.990514e+26	1.785052e+26	0	1.785052e+26	5.718218e+26	0	5.718218e+26	3.258763e+23	1.017673e-09	0.001438687	4.440928e+12	6.688148e+07	695648.3	1.935077e-07	8.004496e-14	5.117628e-21	0.3554739	0.5	0.006818105	0.9999782	103.3649	12.85395	10569.8	1.117189e+26	1.827432e+28	5.151575e+27	6.741065e+25	3.118866e+27	1.203261e+27	5.325573e+26	2.294797e+26	0.2188657	0	0.01812147	0.03560219	0.03560219	0.001424136	0.02670164	0	0	0	0	1.280678e-20	0	1.280678e-20	0	-328.877	0	-328.877	0	30149.85	77194.93	3504.505	8447.673	0.006389748	1	5.157993	0.4520672	1	2	0.04479631	0.09170905	
24388	909.0505	3.45e+19	0	0	100000	2	1e-05	7.087836e+26	4.271026e+26	4.078463e+26	1.925628e+25	7.506421e+25	2.066168e+26	5.149282e+25	3.102882e+25	2.962986e+25	1.398961e+24	5.453383e+24	1.501062e+25	0.291509	5.149282e+26	3.102882e+26	2.962986e+26	1.398961e+25	0	3.137834e+17	2.046401e+26	0	0	0	0	0	0	0	0	0	0	0	0	0	0	6.633487e+26	0	6.633487e+26	2.9987e+26	0	2.9987e+26	1.605364e+26	0	1.605364e+26	5.997399e+26	0	5.997399e+26	1.787104e+26	0	1.787104e+26	5.72479e+26	0	5.72479e+26	3.257898e+23	1.017941e-09	0.00143944	4.440928e+12	6.723737e+07	696263.5	1.938484e-07	8.032706e-14	5.144706e-21	0.3567267	0.5	0.00685418	0.9999808	103.4837	12.86872	10569.8	1.117189e+26	1.827432e+28	5.151575e+27	6.741065e+25	3.118866e+27	1.203261e+27	5.325573e+26	2.294797e+26	0.2188657	0	0.01811319	0.03560219	0.03560219	0.001424136	0.02670164	0	0	0	0	1.280678e-20	0	1.280678e-20	0	-328.877	0	-328.877	0	30149.85	77194.93	3508.699	8447.673	0.006389748	1	5.158144	0.4520672	1	2	0.04486982	0.09181447	
24416	909.0505	3.45e+19	0	0	100000	2	1e-05	7.095973e+26	4.274546e+26	4.081882e+26	1.92664e+25	7.546015e+25	2.066825e+26	5.155194e+25	3.10544e+25	2.96547e+25	1.399696e+24	5.482148e+24	1.50154e+25	0.2912674	5.155194e+26	3.10544e+26	2.96547e+26	1.399696e+25	0	3.137834e+17	2.049755e+26	0	0	0	0	0	0	0	0	0	0	0	0	0	0	6.641103e+26	0	6.641103e+26	3.002143e+26	0	3.002143e+26	1.607208e+26	0	1.607208e+26	6.004285e+26	0	6.004285e+26	1.789156e+26	0	1.789156e+26	5.731363e+26	0	5.731363e+26	3.257034e+23	1.018208e-09	0.001440192	4.440928e+12	6.759245e+07	696886.5	1.941871e-07	8.060801e-14	5.17172e-21	0.3579743	0.5	0.006890171	0.9999831	103.6025	12.8835	10569.8	1.117189e+26	1.827432e+28	5.151575e+27	6.741065e+25	3.118866e+27	1.203261e+27	5.325573e+26	2.294797e+26	0.2188657	0	0.01810491	0.03560219	0.03560219	0.001424136	0.02670164	0	0	0	0	1.280678e-20	0	1.280678e-20	0	-328.877	0	-328.877	0	30149.85	77194.93	3512.895	8447.673	0.006389749	1	5.158295	0.4520672	1	2	0.04494336	0.09191988	
24444	909.0505	3.45e+19	0	0	100000	2	1e-05	7.104111e+26	4.278065e+26	4.0853e+26	1.927651e+25	7.585518e+25	2.067494e+26	5.161106e+25	3.107996e+25	2.967953e+25	1.40043e+24	5.510846e+24	1.502026e+25	0.2910278	5.161106e+26	3.107996e+26	2.967953e+26	1.40043e+25	0	3.137834e+17	2.05311e+26	0	0	0	0	0	0	0	0	0	0	0	0	0	0	6.648719e+26	0	6.648719e+26	3.005585e+26	0	3.005585e+26	1.609051e+26	0	1.609051e+26	6.011171e+26	0	6.011171e+26	1.791207e+26	0	1.791207e+26	5.737936e+26	0	5.737936e+26	3.256171e+23	1.018475e-09	0.001440944	4.440928e+12	6.79467e+07	697517.1	1.945239e-07	8.088783e-14	5.198673e-21	0.359217	0.5	0.006926079	0.9999851	103.7213	12.89827	10569.8	1.117189e+26	1.827432e+28	5.151575e+27	6.741065e+25	3.118866e+27	1.203261e+27	5.325573e+26	2.294797e+26	0.2188657	0	0.01809662	0.03560219	0.03560219	0.001424136	0.02670164	0	0	0	0	1.280678e-20	0	1.280678e-20	0	-328.877	0	-328.877	0	30149.85	77194.93	3517.09	8447.673	0.006389749	1	5.158446	0.4520671	1	2	0.04501694	0.09202529	
24472	909.0505	3.45e+19	0	0	100000	2	1e-05	7.112248e+26	4.281582e+26	4.088716e+26	1.92866e+25	7.624928e+25	2.068174e+26	5.167018e+25	3.110551e+25	2.970434e+25	1.401164e+24	5.539478e+24	1.502519e+25	0.2907904	5.167018e+26	3.110551e+26	2.970434e+26	1.401164e+25	0	3.137834e+17	2.056467e+26	0	0	0	0	0	0	0	0	0	0	0	0	0	0	6.656335e+26	0	6.656335e+26	3.009028e+26	0	3.009028e+26	1.610894e+26	0	1.610894e+26	6.018056e+26	0	6.018056e+26	1.793259e+26	0	1.793259e+26	5.744508e+26	0	5.744508e+26	3.25531e+23	1.018742e-09	0.001441694	4.440928e+12	6.830014e+07	698155.5	1.948587e-07	8.116651e-14	5.225563e-21	0.3604546	0.5	0.006961904	0.9999869	103.8401	12.91304	10569.8	1.117189e+26	1.827432e+28	5.151575e+27	6.741065e+25	3.118866e+27	1.203261e+27	5.325573e+26	2.294797e+26	0.2188657	0	0.01808832	0.03560219	0.03560219	0.001424136	0.02670164	0	0	0	0	1.280678e-20	0	1.280678e-20	0	-328.877	0	-328.877	0	30149.85	77194.93	3521.286	8447.673	0.006389748	1	5.158597	0.4520672	1	2	0.04509054	0.0921307	
24500	909.0505	3.45e+19	0	0	100000	2	1e-05	7.120386e+26	4.285096e+26	4.092129e+26	1.929669e+25	7.664246e+25	2.068865e+26	5.17293e+25	3.113104e+25	2.972914e+25	1.401896e+24	5.568042e+24	1.503022e+25	0.2905552	5.17293e+26	3.113104e+26	2.972914e+26	1.401896e+25	0	3.137834e+17	2.059826e+26	0	0	0	0	0	0	0	0	0	0	0	0	0	0	6.663951e+26	0	6.663951e+26	3.012471e+26	0	3.012471e+26	1.612737e+26	0	1.612737e+26	6.024942e+26	0	6.024942e+26	1.795311e+26	0	1.795311e+26	5.751081e+26	0	5.751081e+26	3.25445e+23	1.019008e-09	0.001442444	4.440928e+12	6.865274e+07	698801.8	1.951916e-07	8.144407e-14	5.25239e-21	0.3616872	0.5	0.006997646	0.9999884	103.9589	12.92782	10569.8	1.117189e+26	1.827432e+28	5.151575e+27	6.741065e+25	3.118866e+27	1.203261e+27	5.325573e+26	2.294797e+26	0.2188657	0	0.01808002	0.03560219	0.03560219	0.001424136	0.02670164	0	0	0	0	1.280678e-20	0	1.280678e-20	0	-328.877	0	-328.877	0	30149.85	77194.93	3525.482	8447.673	0.006389748	1	5.158748	0.4520671	1	2	0.04516419	0.09223612	
24528	909.0505	3.45e+19	0	0	100000	2	1e-05	7.128524e+26	4.288609e+26	4.095541e+26	1.930677e+25	7.70347e+25	2.069568e+26	5.178842e+25	3.115656e+25	2.975393e+25	1.402628e+24	5.596538e+24	1.503532e+25	0.2903221	5.178842e+26	3.115656e+26	2.975393e+26	1.402628e+25	0	3.137834e+17	2.063186e+26	0	0	0	0	0	0	0	0	0	0	0	0	0	0	6.671567e+26	0	6.671567e+26	3.015914e+26	0	3.015914e+26	1.61458e+26	0	1.61458e+26	6.031828e+26	0	6.031828e+26	1.797363e+26	0	1.797363e+26	5.757654e+26	0	5.757654e+26	3.253592e+23	1.019274e-09	0.001443193	4.440928e+12	6.900451e+07	699455.9	1.955225e-07	8.172051e-14	5.279154e-21	0.3629149	0.5	0.007033303	0.9999898	104.0777	12.94259	10569.8	1.117189e+26	1.827432e+28	5.151575e+27	6.741065e+25	3.118866e+27	1.203261e+27	5.325573e+26	2.294797e+26	0.2188657	0	0.01807171	0.03560219	0.03560219	0.001424136	0.02670164	0	0	0	0	1.280678e-20	0	1.280678e-20	0	-328.877	0	-328.877	0	30149.85	77194.93	3529.678	8447.673	0.006389748	1	5.158899	0.4520671	1	2	0.04523786	0.09234153	
24556	909.0505	3.45e+19	0	0	100000	2	1e-05	7.136661e+26	4.292119e+26	4.098951e+26	1.931684e+25	7.7426e+25	2.070282e+26	5.184754e+25	3.118206e+25	2.97787e+25	1.40336e+24	5.624966e+24	1.504051e+25	0.2900911	5.184754e+26	3.118206e+26	2.97787e+26	1.40336e+25	0	3.137834e+17	2.066548e+26	0	0	0	0	0	0	0	0	0	0	0	0	0	0	6.679183e+26	0	6.679183e+26	3.019357e+26	0	3.019357e+26	1.616423e+26	0	1.616423e+26	6.038713e+26	0	6.038713e+26	1.799415e+26	0	1.799415e+26	5.764226e+26	0	5.764226e+26	3.252734e+23	1.01954e-09	0.001443942	4.440928e+12	6.935544e+07	700117.9	1.958516e-07	8.199582e-14	5.305855e-21	0.3641375	0.5	0.007068875	0.999991	104.1965	12.95737	10569.8	1.117189e+26	1.827432e+28	5.151575e+27	6.741065e+25	3.118866e+27	1.203261e+27	5.325573e+26	2.294797e+26	0.2188657	0	0.01806339	0.03560219	0.03560219	0.001424136	0.02670164	0	0	0	0	1.280678e-20	0	1.280678e-20	0	-328.877	0	-328.877	0	30149.85	77194.93	3533.874	8447.673	0.006389748	1	5.15905	0.4520671	1	2	0.04531157	0.09244694	
24584	909.0505	3.45e+19	0	0	100000	2	1e-05	7.144799e+26	4.295627e+26	4.102359e+26	1.932689e+25	7.781636e+25	2.071008e+26	5.190666e+25	3.120755e+25	2.980346e+25	1.404091e+24	5.653325e+24	1.504578e+25	0.2898623	5.190666e+26	3.120755e+26	2.980346e+26	1.404091e+25	0	3.137834e+17	2.069911e+26	0	0	0	0	0	0	0	0	0	0	0	0	0	0	6.686799e+26	0	6.686799e+26	3.022799e+26	0	3.022799e+26	1.618266e+26	0	1.618266e+26	6.045599e+26	0	6.045599e+26	1.801466e+26	0	1.801466e+26	5.770799e+26	0	5.770799e+26	3.251879e+23	1.019805e-09	0.001444689	4.440928e+12	6.970552e+07	700787.8	1.961788e-07	8.227002e-14	5.332491e-21	0.3653552	0.5	0.007104362	0.9999921	104.3154	12.97214	10569.8	1.117189e+26	1.827432e+28	5.151575e+27	6.741065e+25	3.118866e+27	1.203261e+27	5.325573e+26	2.294797e+26	0.2188657	0	0.01805507	0.03560219	0.03560219	0.001424136	0.02670164	0	0	0	0	1.280678e-20	0	1.280678e-20	0	-328.877	0	-328.877	0	30149.85	77194.93	3538.071	8447.673	0.006389748	1	5.1592	0.4520671	1	2	0.04538531	0.09255235	
24612	909.0505	3.45e+19	0	0	100000	2	1e-05	7.152936e+26	4.299134e+26	4.105764e+26	1.933694e+25	7.820577e+25	2.071745e+26	5.196578e+25	3.123302e+25	2.98282e+25	1.40482e+24	5.681616e+24	1.505114e+25	0.2896356	5.196578e+26	3.123302e+26	2.98282e+26	1.40482e+25	0	3.137834e+17	2.073275e+26	0	0	0	0	0	0	0	0	0	0	0	0	0	0	6.694415e+26	0	6.694415e+26	3.026242e+26	0	3.026242e+26	1.62011e+26	0	1.62011e+26	6.052485e+26	0	6.052485e+26	1.803518e+26	0	1.803518e+26	5.777372e+26	0	5.777372e+26	3.251024e+23	1.02007e-09	0.001445436	4.440928e+12	7.005476e+07	701465.8	1.965041e-07	8.25431e-14	5.359064e-21	0.3665679	0.5	0.007139764	0.999993	104.4342	12.98692	10569.8	1.117189e+26	1.827432e+28	5.151575e+27	6.741065e+25	3.118866e+27	1.203261e+27	5.325573e+26	2.294797e+26	0.2188657	0	0.01804673	0.03560219	0.03560219	0.001424136	0.02670164	0	0	0	0	1.280678e-20	0	1.280678e-20	0	-328.877	0	-328.877	0	30149.85	77194.93	3542.268	8447.673	0.006389748	1	5.159351	0.4520671	1	2	0.04545908	0.09265777	
24640	909.0505	3.45e+19	0	0	100000	2	1e-05	7.161074e+26	4.302638e+26	4.109168e+26	1.934698e+25	7.859423e+25	2.072494e+26	5.20249e+25	3.125848e+25	2.985293e+25	1.40555e+24	5.709837e+24	1.505658e+25	0.289411	5.20249e+26	3.125848e+26	2.985293e+26	1.40555e+25	0	3.137834e+17	2.076642e+26	0	0	0	0	0	0	0	0	0	0	0	0	0	0	6.702031e+26	0	6.702031e+26	3.029685e+26	0	3.029685e+26	1.621953e+26	0	1.621953e+26	6.05937e+26	0	6.05937e+26	1.80557e+26	0	1.80557e+26	5.783944e+26	0	5.783944e+26	3.250171e+23	1.020335e-09	0.001446182	4.440928e+12	7.040315e+07	702151.8	1.968276e-07	8.281507e-14	5.385571e-21	0.3677757	0.5	0.00717508	0.9999939	104.553	13.00169	10569.8	1.117189e+26	1.827432e+28	5.151575e+27	6.741065e+25	3.118866e+27	1.203261e+27	5.325573e+26	2.294797e+26	0.2188657	0	0.01803839	0.03560219	0.03560219	0.001424136	0.02670164	0	0	0	0	1.280678e-20	0	1.280678e-20	0	-328.877	0	-328.877	0	30149.85	77194.93	3546.465	8447.673	0.006389748	1	5.159501	0.4520671	1	2	0.04553289	0.09276318	
24668	909.0505	3.45e+19	0	0	100000	2	1e-05	7.169212e+26	4.30614e+26	4.11257e+26	1.935701e+25	7.898173e+25	2.073254e+26	5.208402e+25	3.128392e+25	2.987764e+25	1.406278e+24	5.737989e+24	1.50621e+25	0.2891886	5.208402e+26	3.128392e+26	2.987764e+26	1.406278e+25	0	3.137834e+17	2.080009e+26	0	0	0	0	0	0	0	0	0	0	0	0	0	0	6.709647e+26	0	6.709647e+26	3.033128e+26	0	3.033128e+26	1.623796e+26	0	1.623796e+26	6.066256e+26	0	6.066256e+26	1.807622e+26	0	1.807622e+26	5.790517e+26	0	5.790517e+26	3.249319e+23	1.020599e-09	0.001446928	4.440928e+12	7.075068e+07	702845.9	1.971492e-07	8.308593e-14	5.412015e-21	0.3689786	0.5	0.00721031	0.9999946	104.6718	13.01647	10569.8	1.117189e+26	1.827432e+28	5.151575e+27	6.741065e+25	3.118866e+27	1.203261e+27	5.325573e+26	2.294797e+26	0.2188657	0	0.01803005	0.03560219	0.03560219	0.001424136	0.02670164	0	0	0	0	1.280678e-20	0	1.280678e-20	0	-328.877	0	-328.877	0	30149.85	77194.93	3550.663	8447.673	0.006389749	1	5.159651	0.4520671	1	2	0.04560673	0.09286859	
24696	909.0505	3.45e+19	0	0	100000	2	1e-05	7.177349e+26	4.30964e+26	4.11597e+26	1.936702e+25	7.936827e+25	2.074026e+26	5.214313e+25	3.130935e+25	2.990234e+25	1.407006e+24	5.766071e+24	1.506771e+25	0.2889683	5.214313e+26	3.130935e+26	2.990234e+26	1.407006e+25	0	3.137834e+17	2.083378e+26	0	0	0	0	0	0	0	0	0	0	0	0	0	0	6.717263e+26	0	6.717263e+26	3.036571e+26	0	3.036571e+26	1.625639e+26	0	1.625639e+26	6.073142e+26	0	6.073142e+26	1.809673e+26	0	1.809673e+26	5.79709e+26	0	5.79709e+26	3.248469e+23	1.020863e-09	0.001447672	4.440928e+12	7.109736e+07	703548.2	1.97469e-07	8.335568e-14	5.438393e-21	0.3701766	0.5	0.007245453	0.9999952	104.7906	13.03124	10569.8	1.117189e+26	1.827432e+28	5.151575e+27	6.741065e+25	3.118866e+27	1.203261e+27	5.325573e+26	2.294797e+26	0.2188657	0	0.01802169	0.03560219	0.03560219	0.001424136	0.02670164	0	0	0	0	1.280678e-20	0	1.280678e-20	0	-328.877	0	-328.877	0	30149.85	77194.93	3554.86	8447.673	0.006389749	1	5.159801	0.4520671	1	2	0.0456806	0.09297401	
24724	909.0505	3.45e+19	0	0	100000	2	1e-05	7.185487e+26	4.313138e+26	4.119368e+26	1.937703e+25	7.975385e+25	2.07481e+26	5.220225e+25	3.133476e+25	2.992703e+25	1.407733e+24	5.794083e+24	1.507341e+25	0.2887501	5.220225e+26	3.133476e+26	2.992703e+26	1.407733e+25	0	3.137834e+17	2.086749e+26	0	0	0	0	0	0	0	0	0	0	0	0	0	0	6.724879e+26	0	6.724879e+26	3.040014e+26	0	3.040014e+26	1.627482e+26	0	1.627482e+26	6.080027e+26	0	6.080027e+26	1.811725e+26	0	1.811725e+26	5.803662e+26	0	5.803662e+26	3.24762e+23	1.021127e-09	0.001448416	4.440928e+12	7.144317e+07	704258.6	1.977869e-07	8.362434e-14	5.464706e-21	0.3713696	0.5	0.007280509	0.9999958	104.9094	13.04602	10569.8	1.117189e+26	1.827432e+28	5.151575e+27	6.741065e+25	3.118866e+27	1.203261e+27	5.325573e+26	2.294797e+26	0.2188657	0	0.01801333	0.03560219	0.03560219	0.001424136	0.02670164	0	0	0	0	1.280678e-20	0	1.280678e-20	0	-328.877	0	-328.877	0	30149.85	77194.93	3559.058	8447.673	0.006389748	1	5.159951	0.4520671	1	2	0.04575451	0.09307942	
24752	909.0505	3.45e+19	0	0	100000	2	1e-05	7.193624e+26	4.316634e+26	4.122764e+26	1.938703e+25	8.013847e+25	2.075606e+26	5.226137e+25	3.136016e+25	2.99517e+25	1.408459e+24	5.822025e+24	1.507919e+25	0.2885341	5.226137e+26	3.136016e+26	2.99517e+26	1.408459e+25	0	3.137834e+17	2.090121e+26	0	0	0	0	0	0	0	0	0	0	0	0	0	0	6.732494e+26	0	6.732494e+26	3.043456e+26	0	3.043456e+26	1.629325e+26	0	1.629325e+26	6.086913e+26	0	6.086913e+26	1.813777e+26	0	1.813777e+26	5.810235e+26	0	5.810235e+26	3.246772e+23	1.021391e-09	0.00144916	4.440928e+12	7.178813e+07	704977.3	1.981031e-07	8.389189e-14	5.490953e-21	0.3725578	0.5	0.007315478	0.9999963	105.0282	13.06079	10569.8	1.117189e+26	1.827432e+28	5.151575e+27	6.741065e+25	3.118866e+27	1.203261e+27	5.325573e+26	2.294797e+26	0.2188657	0	0.01800495	0.03560219	0.03560219	0.001424136	0.02670164	0	0	0	0	1.280678e-20	0	1.280678e-20	0	-328.877	0	-328.877	0	30149.85	77194.93	3563.256	8447.673	0.006389748	1	5.160101	0.4520671	1	2	0.04582845	0.09318483	
24780	909.0505	3.45e+19	0	0	100000	2	1e-05	7.201762e+26	4.320128e+26	4.126158e+26	1.939702e+25	8.052212e+25	2.076413e+26	5.232049e+25	3.138554e+25	2.997636e+25	1.409185e+24	5.849897e+24	1.508505e+25	0.2883201	5.232049e+26	3.138554e+26	2.997636e+26	1.409185e+25	0	3.137834e+17	2.093495e+26	0	0	0	0	0	0	0	0	0	0	0	0	0	0	6.74011e+26	0	6.74011e+26	3.046899e+26	0	3.046899e+26	1.631168e+26	0	1.631168e+26	6.093798e+26	0	6.093798e+26	1.815829e+26	0	1.815829e+26	5.816808e+26	0	5.816808e+26	3.245925e+23	1.021654e-09	0.001449902	4.440928e+12	7.213222e+07	705704.2	1.984175e-07	8.415836e-14	5.517135e-21	0.3737412	0.5	0.00735036	0.9999967	105.147	13.07557	10569.8	1.117189e+26	1.827432e+28	5.151575e+27	6.741065e+25	3.118866e+27	1.203261e+27	5.325573e+26	2.294797e+26	0.2188657	0	0.01799658	0.03560219	0.03560219	0.001424136	0.02670164	0	0	0	0	1.280678e-20	0	1.280678e-20	0	-328.877	0	-328.877	0	30149.85	77194.93	3567.455	8447.673	0.006389748	1	5.160251	0.4520671	1	2	0.04590242	0.09329024	
24808	909.0505	3.45e+19	0	0	100000	2	1e-05	7.209899e+26	4.32362e+26	4.12955e+26	1.9407e+25	8.090479e+25	2.077232e+26	5.237961e+25	3.141091e+25	3.0001e+25	1.40991e+24	5.877699e+24	1.5091e+25	0.2881083	5.237961e+26	3.141091e+26	3.0001e+26	1.40991e+25	0	3.137834e+17	2.09687e+26	0	0	0	0	0	0	0	0	0	0	0	0	0	0	6.747726e+26	0	6.747726e+26	3.050342e+26	0	3.050342e+26	1.633011e+26	0	1.633011e+26	6.100684e+26	0	6.100684e+26	1.817881e+26	0	1.817881e+26	5.82338e+26	0	5.82338e+26	3.24508e+23	1.021917e-09	0.001450644	4.440928e+12	7.247544e+07	706439.4	1.987301e-07	8.442373e-14	5.543252e-21	0.3749197	0.5	0.007385154	0.9999971	105.2658	13.09034	10569.8	1.117189e+26	1.827432e+28	5.151575e+27	6.741065e+25	3.118866e+27	1.203261e+27	5.325573e+26	2.294797e+26	0.2188657	0	0.01798819	0.03560219	0.03560219	0.001424136	0.02670164	0	0	0	0	1.280678e-20	0	1.280678e-20	0	-328.877	0	-328.877	0	30149.85	77194.93	3571.653	8447.673	0.006389748	1	5.160401	0.4520671	1	2	0.04597642	0.09339566	
24836	909.0505	3.45e+19	0	0	100000	2	1e-05	7.218037e+26	4.327109e+26	4.13294e+26	1.941696e+25	8.12865e+25	2.078063e+26	5.243873e+25	3.143626e+25	3.002563e+25	1.410634e+24	5.905429e+24	1.509704e+25	0.2878986	5.243873e+26	3.143626e+26	3.002563e+26	1.410634e+25	0	3.137834e+17	2.100247e+26	0	0	0	0	0	0	0	0	0	0	0	0	0	0	6.755342e+26	0	6.755342e+26	3.053785e+26	0	3.053785e+26	1.634855e+26	0	1.634855e+26	6.10757e+26	0	6.10757e+26	1.819932e+26	0	1.819932e+26	5.829953e+26	0	5.829953e+26	3.244236e+23	1.02218e-09	0.001451385	4.440928e+12	7.281779e+07	707183.1	1.990409e-07	8.468803e-14	5.569302e-21	0.3760934	0.5	0.00741986	0.9999975	105.3846	13.10511	10569.8	1.117189e+26	1.827432e+28	5.151575e+27	6.741065e+25	3.118866e+27	1.203261e+27	5.325573e+26	2.294797e+26	0.2188657	0	0.01797979	0.03560219	0.03560219	0.001424136	0.02670164	0	0	0	0	1.280678e-20	0	1.280678e-20	0	-328.877	0	-328.877	0	30149.85	77194.93	3575.852	8447.673	0.006389748	1	5.16055	0.4520671	1	2	0.04605046	0.09350107	
24864	909.0505	3.45e+19	0	0	100000	2	1e-05	7.226175e+26	4.330597e+26	4.136328e+26	1.942692e+25	8.166723e+25	2.078905e+26	5.249785e+25	3.14616e+25	3.005024e+25	1.411358e+24	5.93309e+24	1.510316e+25	0.287691	5.249785e+26	3.14616e+26	3.005024e+26	1.411358e+25	0	3.137834e+17	2.103625e+26	0	0	0	0	0	0	0	0	0	0	0	0	0	0	6.762958e+26	0	6.762958e+26	3.057228e+26	0	3.057228e+26	1.636698e+26	0	1.636698e+26	6.114455e+26	0	6.114455e+26	1.821984e+26	0	1.821984e+26	5.836526e+26	0	5.836526e+26	3.243394e+23	1.022442e-09	0.001452125	4.440928e+12	7.315928e+07	707935.1	1.9935e-07	8.495124e-14	5.595286e-21	0.3772623	0.5	0.007454479	0.9999978	105.5035	13.11989	10569.8	1.117189e+26	1.827432e+28	5.151575e+27	6.741065e+25	3.118866e+27	1.203261e+27	5.325573e+26	2.294797e+26	0.2188657	0	0.01797139	0.03560219	0.03560219	0.001424136	0.02670164	0	0	0	0	1.280678e-20	0	1.280678e-20	0	-328.877	0	-328.877	0	30149.85	77194.93	3580.052	8447.673	0.006389749	1	5.160699	0.4520671	1	2	0.04612453	0.09360648	
24892	909.0505	3.45e+19	0	0	100000	2	1e-05	7.234312e+26	4.334083e+26	4.139714e+26	1.943687e+25	8.204699e+25	2.07976e+26	5.255697e+25	3.148692e+25	3.007484e+25	1.41208e+24	5.960679e+24	1.510937e+25	0.2874855	5.255697e+26	3.148692e+26	3.007484e+26	1.41208e+25	0	3.137834e+17	2.107004e+26	0	0	0	0	0	0	0	0	0	0	0	0	0	0	6.770574e+26	0	6.770574e+26	3.060671e+26	0	3.060671e+26	1.638541e+26	0	1.638541e+26	6.121341e+26	0	6.121341e+26	1.824036e+26	0	1.824036e+26	5.843098e+26	0	5.843098e+26	3.242552e+23	1.022704e-09	0.001452865	4.440928e+12	7.349989e+07	708695.5	1.996573e-07	8.521338e-14	5.621205e-21	0.3784265	0.5	0.00748901	0.999998	105.6223	13.13466	10569.8	1.117189e+26	1.827432e+28	5.151575e+27	6.741065e+25	3.118866e+27	1.203261e+27	5.325573e+26	2.294797e+26	0.2188657	0	0.01796298	0.03560219	0.03560219	0.001424136	0.02670164	0	0	0	0	1.280678e-20	0	1.280678e-20	0	-328.877	0	-328.877	0	30149.85	77194.93	3584.251	8447.673	0.006389749	1	5.160849	0.4520671	1	2	0.04619863	0.09371189	
24920	909.0505	3.45e+19	0	0	100000	2	1e-05	7.24245e+26	4.337566e+26	4.143098e+26	1.944681e+25	8.242577e+25	2.080626e+26	5.261609e+25	3.151223e+25	3.009943e+25	1.412803e+24	5.988197e+24	1.511566e+25	0.2872821	5.261609e+26	3.151223e+26	3.009943e+26	1.412803e+25	0	3.137834e+17	2.110386e+26	0	0	0	0	0	0	0	0	0	0	0	0	0	0	6.77819e+26	0	6.77819e+26	3.064113e+26	0	3.064113e+26	1.640384e+26	0	1.640384e+26	6.128227e+26	0	6.128227e+26	1.826088e+26	0	1.826088e+26	5.849671e+26	0	5.849671e+26	3.241713e+23	1.022966e-09	0.001453604	4.440928e+12	7.383963e+07	709464.5	1.999629e-07	8.547445e-14	5.647057e-21	0.3795858	0.5	0.007523452	0.9999983	105.7411	13.14944	10569.8	1.117189e+26	1.827432e+28	5.151575e+27	6.741065e+25	3.118866e+27	1.203261e+27	5.325573e+26	2.294797e+26	0.2188657	0	0.01795456	0.03560219	0.03560219	0.001424136	0.02670164	0	0	0	0	1.280678e-20	0	1.280678e-20	0	-328.877	0	-328.877	0	30149.85	77194.93	3588.451	8447.673	0.006389748	1	5.160998	0.4520671	1	2	0.04627277	0.09381731	
24948	909.0505	3.45e+19	0	0	100000	2	1e-05	7.250587e+26	4.341048e+26	4.14648e+26	1.945674e+25	8.280358e+25	2.081504e+26	5.267521e+25	3.153752e+25	3.0124e+25	1.413524e+24	6.015645e+24	1.512204e+25	0.2870807	5.267521e+26	3.153752e+26	3.0124e+26	1.413524e+25	0	3.137834e+17	2.113768e+26	0	0	0	0	0	0	0	0	0	0	0	0	0	0	6.785806e+26	0	6.785806e+26	3.067556e+26	0	3.067556e+26	1.642227e+26	0	1.642227e+26	6.135112e+26	0	6.135112e+26	1.82814e+26	0	1.82814e+26	5.856244e+26	0	5.856244e+26	3.240874e+23	1.023227e-09	0.001454342	4.440928e+12	7.41785e+07	710241.9	2.002668e-07	8.573445e-14	5.672844e-21	0.3807405	0.5	0.007557807	0.9999985	105.8599	13.16421	10569.8	1.117189e+26	1.827432e+28	5.151575e+27	6.741065e+25	3.118866e+27	1.203261e+27	5.325573e+26	2.294797e+26	0.2188657	0	0.01794613	0.03560219	0.03560219	0.001424136	0.02670164	0	0	0	0	1.280678e-20	0	1.280678e-20	0	-328.877	0	-328.877	0	30149.85	77194.93	3592.651	8447.673	0.006389748	1	5.161147	0.4520671	1	2	0.04634694	0.09392272	
24976	909.0505	3.45e+19	0	0	100000	2	1e-05	7.258725e+26	4.344527e+26	4.14986e+26	1.946666e+25	8.318041e+25	2.082394e+26	5.273433e+25	3.15628e+25	3.014856e+25	1.414245e+24	6.043021e+24	1.51285e+25	0.2868815	5.273433e+26	3.15628e+26	3.014856e+26	1.414245e+25	0	3.137834e+17	2.117152e+26	0	0	0	0	0	0	0	0	0	0	0	0	0	0	6.793422e+26	0	6.793422e+26	3.070999e+26	0	3.070999e+26	1.64407e+26	0	1.64407e+26	6.141998e+26	0	6.141998e+26	1.830191e+26	0	1.830191e+26	5.862816e+26	0	5.862816e+26	3.240037e+23	1.023488e-09	0.00145508	4.440928e+12	7.45165e+07	711028	2.00569e-07	8.59934e-14	5.698564e-21	0.3818905	0.5	0.007592073	0.9999987	105.9787	13.17899	10569.8	1.117189e+26	1.827432e+28	5.151575e+27	6.741065e+25	3.118866e+27	1.203261e+27	5.325573e+26	2.294797e+26	0.2188657	0	0.0179377	0.03560219	0.03560219	0.001424136	0.02670164	0	0	0	0	1.280678e-20	0	1.280678e-20	0	-328.877	0	-328.877	0	30149.85	77194.93	3596.851	8447.673	0.006389749	1	5.161296	0.4520671	1	2	0.04642114	0.09402813	
25004	909.0505	3.45e+19	0	0	100000	2	1e-05	7.266863e+26	4.348004e+26	4.153239e+26	1.947657e+25	8.355627e+25	2.083295e+26	5.279345e+25	3.158807e+25	3.01731e+25	1.414965e+24	6.070327e+24	1.513505e+25	0.2866843	5.279345e+26	3.158807e+26	3.01731e+26	1.414965e+25	0	3.137834e+17	2.120538e+26	0	0	0	0	0	0	0	0	0	0	0	0	0	0	6.801038e+26	0	6.801038e+26	3.074442e+26	0	3.074442e+26	1.645913e+26	0	1.645913e+26	6.148884e+26	0	6.148884e+26	1.832243e+26	0	1.832243e+26	5.869389e+26	0	5.869389e+26	3.239201e+23	1.023749e-09	0.001455816	4.440928e+12	7.485362e+07	711822.6	2.008695e-07	8.625129e-14	5.724218e-21	0.3830357	0.5	0.007626251	0.9999988	106.0975	13.19376	10569.8	1.117189e+26	1.827432e+28	5.151575e+27	6.741065e+25	3.118866e+27	1.203261e+27	5.325573e+26	2.294797e+26	0.2188657	0	0.01792925	0.03560219	0.03560219	0.001424136	0.02670164	0	0	0	0	1.280678e-20	0	1.280678e-20	0	-328.877	0	-328.877	0	30149.85	77194.93	3601.051	8447.673	0.006389749	1	5.161445	0.4520671	1	2	0.04649537	0.09413354	
25032	909.0505	3.45e+19	0	0	100000	2	1e-05	7.275e+26	4.35148e+26	4.156615e+26	1.948647e+25	8.393114e+25	2.084209e+26	5.285256e+25	3.161331e+25	3.019763e+25	1.415684e+24	6.097562e+24	1.514169e+25	0.2864892	5.285256e+26	3.161331e+26	3.019763e+26	1.415684e+25	0	3.137834e+17	2.123925e+26	0	0	0	0	0	0	0	0	0	0	0	0	0	0	6.808654e+26	0	6.808654e+26	3.077885e+26	0	3.077885e+26	1.647756e+26	0	1.647756e+26	6.155769e+26	0	6.155769e+26	1.834295e+26	0	1.834295e+26	5.875962e+26	0	5.875962e+26	3.238366e+23	1.024009e-09	0.001456552	4.440928e+12	7.518987e+07	712626	2.011684e-07	8.650813e-14	5.749805e-21	0.3841764	0.5	0.007660341	0.999999	106.2163	13.20854	10569.8	1.117189e+26	1.827432e+28	5.151575e+27	6.741065e+25	3.118866e+27	1.203261e+27	5.325573e+26	2.294797e+26	0.2188657	0	0.0179208	0.03560219	0.03560219	0.001424136	0.02670164	0	0	0	0	1.280678e-20	0	1.280678e-20	0	-328.877	0	-328.877	0	30149.85	77194.93	3605.252	8447.673	0.006389748	1	5.161593	0.4520671	1	2	0.04656964	0.09423896	
25060	909.0505	3.45e+19	0	0	100000	2	1e-05	7.283138e+26	4.354953e+26	4.159989e+26	1.949636e+25	8.430504e+25	2.085134e+26	5.291168e+25	3.163855e+25	3.022215e+25	1.416403e+24	6.124725e+24	1.514841e+25	0.2862961	5.291168e+26	3.163855e+26	3.022215e+26	1.416403e+25	0	3.137834e+17	2.127314e+26	0	0	0	0	0	0	0	0	0	0	0	0	0	0	6.81627e+26	0	6.81627e+26	3.081327e+26	0	3.081327e+26	1.6496e+26	0	1.6496e+26	6.162655e+26	0	6.162655e+26	1.836347e+26	0	1.836347e+26	5.882534e+26	0	5.882534e+26	3.237532e+23	1.024269e-09	0.001457288	4.440928e+12	7.552525e+07	713438	2.014656e-07	8.676393e-14	5.775327e-21	0.3853123	0.5	0.007694343	0.9999991	106.3351	13.22331	10569.8	1.117189e+26	1.827432e+28	5.151575e+27	6.741065e+25	3.118866e+27	1.203261e+27	5.325573e+26	2.294797e+26	0.2188657	0	0.01791234	0.03560219	0.03560219	0.001424136	0.02670164	0	0	0	0	1.280678e-20	0	1.280678e-20	0	-328.877	0	-328.877	0	30149.85	77194.93	3609.453	8447.673	0.006389748	1	5.161742	0.4520671	1	2	0.04664394	0.09434437	
25088	909.0505	3.45e+19	0	0	100000	2	1e-05	7.291275e+26	4.358424e+26	4.163362e+26	1.950625e+25	8.467797e+25	2.086071e+26	5.29708e+25	3.166377e+25	3.024665e+25	1.41712e+24	6.151818e+24	1.515522e+25	0.2861051	5.29708e+26	3.166377e+26	3.024665e+26	1.41712e+25	0	3.137834e+17	2.130704e+26	0	0	0	0	0	0	0	0	0	0	0	0	0	0	6.823886e+26	0	6.823886e+26	3.08477e+26	0	3.08477e+26	1.651443e+26	0	1.651443e+26	6.169541e+26	0	6.169541e+26	1.838398e+26	0	1.838398e+26	5.889107e+26	0	5.889107e+26	3.2367e+23	1.024529e-09	0.001458022	4.440928e+12	7.585975e+07	714258.7	2.017612e-07	8.701869e-14	5.800782e-21	0.3864437	0.5	0.007728257	0.9999992	106.4539	13.23809	10569.8	1.117189e+26	1.827432e+28	5.151575e+27	6.741065e+25	3.118866e+27	1.203261e+27	5.325573e+26	2.294797e+26	0.2188657	0	0.01790387	0.03560219	0.03560219	0.001424136	0.02670164	0	0	0	0	1.280678e-20	0	1.280678e-20	0	-328.877	0	-328.877	0	30149.85	77194.93	3613.654	8447.673	0.006389748	1	5.16189	0.4520671	1	2	0.04671827	0.09444978	
25116	909.0505	3.45e+19	0	0	100000	2	1e-05	7.299413e+26	4.361894e+26	4.166732e+26	1.951612e+25	8.504992e+25	2.08702e+26	5.302992e+25	3.168897e+25	3.027113e+25	1.417838e+24	6.17884e+24	1.516211e+25	0.2859162	5.302992e+26	3.168897e+26	3.027113e+26	1.417838e+25	0	3.137834e+17	2.134095e+26	0	0	0	0	0	0	0	0	0	0	0	0	0	0	6.831502e+26	0	6.831502e+26	3.088213e+26	0	3.088213e+26	1.653286e+26	0	1.653286e+26	6.176426e+26	0	6.176426e+26	1.84045e+26	0	1.84045e+26	5.89568e+26	0	5.89568e+26	3.235869e+23	1.024789e-09	0.001458756	4.440928e+12	7.619339e+07	715088.3	2.020551e-07	8.727242e-14	5.826172e-21	0.3875705	0.5	0.007762082	0.9999993	106.5727	13.25286	10569.8	1.117189e+26	1.827432e+28	5.151575e+27	6.741065e+25	3.118866e+27	1.203261e+27	5.325573e+26	2.294797e+26	0.2188657	0	0.01789539	0.03560219	0.03560219	0.001424136	0.02670164	0	0	0	0	1.280678e-20	0	1.280678e-20	0	-328.877	0	-328.877	0	30149.85	77194.93	3617.855	8447.673	0.006389748	1	5.162039	0.4520671	1	2	0.04679263	0.0945552	
25144	909.0505	3.45e+19	0	0	100000	2	1e-05	7.30755e+26	4.365361e+26	4.170101e+26	1.952598e+25	4.215777e+25	2.520612e+26	5.308904e+25	3.171416e+25	3.029561e+25	1.418554e+24	3.062744e+24	1.831214e+25	0.3449325	5.308904e+26	3.171416e+26	3.029561e+26	1.418554e+25	0	3.137834e+17	2.137488e+26	0	0	0	0	0	0	0	0	0	0	0	0	0	0	6.839118e+26	0	6.839118e+26	3.091656e+26	0	3.091656e+26	1.655129e+26	0	1.655129e+26	6.183312e+26	0	6.183312e+26	1.842502e+26	0	1.842502e+26	5.902252e+26	0	5.902252e+26	3.23504e+23	1.025048e-09	0.001459489	4.440928e+12	3.776764e+07	715926.6	1.537441e-07	5.052825e-14	2.566665e-21	0.2243923	0.5	0.003419512	0.3063556	106.6916	13.26764	10569.8	1.117189e+26	1.827432e+28	5.151575e+27	6.741065e+25	3.118866e+27	1.203261e+27	5.325573e+26	2.294797e+26	0.2188657	0	0.0178869	0.03560219	0.03560219	0.001424136	0.02670164	0	0	0	0	1.280678e-20	0	1.280678e-20	0	-328.877	0	-328.877	0	30149.85	77194.93	3622.057	8447.673	0.006389748	1	5.162187	0.4520671	1	2	0.04686703	0.09466061	
25172	909.0505	3.45e+19	0	0	100000	2	1e-05	7.315688e+26	4.368826e+26	4.173468e+26	1.953583e+25	4.233458e+25	2.523516e+26	5.314816e+25	3.173933e+25	3.032006e+25	1.41927e+24	3.075589e+24	1.833324e+25	0.3449459	5.314816e+26	3.173933e+26	3.032006e+26	1.41927e+25	0	3.137834e+17	2.140883e+26	0	0	0	0	0	0	0	0	0	0	0	0	0	0	6.846734e+26	0	6.846734e+26	3.095099e+26	0	3.095099e+26	1.656972e+26	0	1.656972e+26	6.190198e+26	0	6.190198e+26	1.844554e+26	0	1.844554e+26	5.908825e+26	0	5.908825e+26	3.234211e+23	1.025307e-09	0.001460222	4.440928e+12	3.792623e+07	716094.3	1.604025e-07	5.499962e-14	2.91479e-21	0.2442493	0.5	0.003883311	0.3887503	106.8104	13.28241	10569.8	1.117189e+26	1.827432e+28	5.151575e+27	6.741065e+25	3.118866e+27	1.203261e+27	5.325573e+26	2.294797e+26	0.2188657	0	0.01787841	0.03560219	0.03560219	0.001424136	0.02670164	0	0	0	0	1.280678e-20	0	1.280678e-20	0	-328.877	0	-328.877	0	30149.85	77194.93	3626.259	8447.673	0.006389748	1	5.162335	0.4520671	1	2	0.04694146	0.09476602	
25200	909.0505	3.45e+19	0	0	100000	2	1e-05	7.323826e+26	4.372289e+26	4.176832e+26	1.954567e+25	4.254445e+25	2.526092e+26	5.320728e+25	3.176449e+25	3.034451e+25	1.419985e+24	3.090836e+24	1.835195e+25	0.3449143	5.320728e+26	3.176449e+26	3.034451e+26	1.419985e+25	0	3.137834e+17	2.144279e+26	0	0	0	0	0	0	0	0	0	0	0	0	0	0	6.85435e+26	0	6.85435e+26	3.098542e+26	0	3.098542e+26	1.658815e+26	0	1.658815e+26	6.197083e+26	0	6.197083e+26	1.846606e+26	0	1.846606e+26	5.915398e+26	0	5.915398e+26	3.233384e+23	1.025566e-09	0.001460954	4.440928e+12	3.811449e+07	716263.4	1.606646e-07	5.517953e-14	2.929104e-21	0.2450483	0.5	0.003902381	0.4613577	106.9292	13.29719	10569.8	1.117189e+26	1.827432e+28	5.151575e+27	6.741065e+25	3.118866e+27	1.203261e+27	5.325573e+26	2.294797e+26	0.2188657	0	0.0178699	0.03560219	0.03560219	0.001424136	0.02670164	0	0	0	0	1.280678e-20	0	1.280678e-20	0	-328.877	0	-328.877	0	30149.85	77194.93	3630.461	8447.673	0.006389748	1	5.162483	0.4520671	1	2	0.04701592	0.09487143	
