Time (h)	Temperature (K)	Fission rate (fiss / m3 s)	Hydrostatic stress (MPa)	Steam pressure (atm)	System pressure (Pa)	O/M ratio (/)	BA2 (gas, at grain boundary) (g/m3)	BA2O (gas, at grain boundary) (g/m3)	BA2O2 (gas, at grain boundary) (g/m3)	BAMOO4 (gas, at grain boundary) (g/m3)	BAO (gas, at grain boundary) (g/m3)	CS (gas, at grain boundary) (g/m3)	CS2 (gas, at grain boundary) (g/m3)	CS2MOO4 (gas, at grain boundary) (g/m3)	CS2O (gas, at grain boundary) (g/m3)	CS2O2 (gas, at grain boundary) (g/m3)	CSO (gas, at grain boundary) (g/m3)	HE (gas, at grain boundary) (g/m3)	MO (gas, at grain boundary) (g/m3)	MO2 (gas, at grain boundary) (g/m3)	MO2O6 (gas, at grain boundary) (g/m3)	MO3O9 (gas, at grain boundary) (g/m3)	MO4O12 (gas, at grain boundary) (g/m3)	MO5O15 (gas, at grain boundary) (g/m3)	MOO (gas, at grain boundary) (g/m3)	MOO2 (gas, at grain boundary) (g/m3)	MOO3 (gas, at grain boundary) (g/m3)	O (gas, at grain boundary) (g/m3)	O2 (gas, at grain boundary) (g/m3)	O3 (gas, at grain boundary) (g/m3)	PD (gas, at grain boundary) (g/m3)	RH (gas, at grain boundary) (g/m3)	RU (gas, at grain boundary) (g/m3)	TC (gas, at grain boundary) (g/m3)	LIQUID (liquid, at grain boundary) (g/m3)	BA2MOO5 (condensed, at grain boundary) (g/m3)	BA3MOO6 (condensed, at grain boundary) (g/m3)	BAMO207 (condensed, at grain boundary) (g/m3)	BAMO3O10 (condensed, at grain boundary) (g/m3)	BAMOO4 (condensed, at grain boundary) (g/m3)	C1_MO2 (condensed, at grain boundary) (g/m3)	CS2MO2O7_S1 (condensed, at grain boundary) (g/m3)	CS2MO2O7_S2 (condensed, at grain boundary) (g/m3)	CS2MO3O10 (condensed, at grain boundary) (g/m3)	CS2MO4O13 (condensed, at grain boundary) (g/m3)	CS2MO5O16 (condensed, at grain boundary) (g/m3)	CS2MO7O22 (condensed, at grain boundary) (g/m3)	CS2MOO4_S1 (condensed, at grain boundary) (g/m3)	CS2MOO4_S2 (condensed, at grain boundary) (g/m3)	CS2O1 (condensed, at grain boundary) (g/m3)	CS2O2 (condensed, at grain boundary) (g/m3)	CS3O (condensed, at grain boundary) (g/m3)	CS4O (condensed, at grain boundary) (g/m3)	CS7O1 (condensed, at grain boundary) (g/m3)	CS7O2 (condensed, at grain boundary) (g/m3)	CSO2 (condensed, at grain boundary) (g/m3)	CSO3 (condensed, at grain boundary) (g/m3)	HALITE (condensed, at grain boundary) (g/m3)	MO2_C11A (condensed, at grain boundary) (g/m3)	MO4O11 (condensed, at grain boundary) (g/m3)	MO8O23 (condensed, at grain boundary) (g/m3)	MO9O26 (condensed, at grain boundary) (g/m3)	MOO2 (condensed, at grain boundary) (g/m3)	MOO3 (condensed, at grain boundary) (g/m3)	PERVSKITE (condensed, at grain boundary) (g/m3)	ZRO2_TETR (condensed, at grain boundary) (g/m3)	A15_CR3SI (condensed, at grain boundary) (g/m3)	BCC_A2 (condensed, at grain boundary) (g/m3)	C14_LAVES (condensed, at grain boundary) (g/m3)	C15_LAVES (condensed, at grain boundary) (g/m3)	DIAMOND_A4 (condensed, at grain boundary) (g/m3)	DIS_SIG (condensed, at grain boundary) (g/m3)	FCC_A1 (condensed, at grain boundary) (g/m3)	HCP_A3 (condensed, at grain boundary) (g/m3)	HCP_DIS (condensed, at grain boundary) (g/m3)	MC_ETA (condensed, at grain boundary) (g/m3)	MO3TE4 (condensed, at grain boundary) (g/m3)	MOPD2 (condensed, at grain boundary) (g/m3)	MOTE2_A (condensed, at grain boundary) (g/m3)	MOTE2_B (condensed, at grain boundary) (g/m3)	ORTHORHOMBIC_A20 (condensed, at grain boundary) (g/m3)	SIGMA (condensed, at grain boundary) (g/m3)	TETRAGONAL_U (condensed, at grain boundary) (g/m3)	O (gas, matrix) (g/m3)	O2 (gas, matrix) (g/m3)	C1_MO2 (condensed, matrix) (g/m3)	PU2O3 (condensed, matrix) (g/m3)	PUO152 (condensed, matrix) (g/m3)	PUO161 (condensed, matrix) (g/m3)	U3O8_S1 (condensed, matrix) (g/m3)	U3O8_S2 (condensed, matrix) (g/m3)	U3O8_S3 (condensed, matrix) (g/m3)	U3O8_S4 (condensed, matrix) (g/m3)	U4O9_S1 (condensed, matrix) (g/m3)	U4O9_S2 (condensed, matrix) (g/m3)	U4O9_S3 (condensed, matrix) (g/m3)	UO3 (condensed, matrix) (g/m3)	
0	909.0505	3.45e+19	0	0	100000	1.975	0	0	0	0	0	0	0	0	0	0	0	0	0	0	0	0	0	0	0	0	0	0	0	0	0	0	0	0	0	0	0	0	0	0	0	0	0	0	0	0	0	0	0	0	0	0	0	0	0	0	0	0	0	0	0	0	0	0	0	0	0	0	0	0	0	0	0	0	0	0	0	0	0	0	0	0	0	0	0	0	0	0	0	0	0	0	0	0	0	0	0	
28	909.0505	3.45e+19	0	0	100000	1.97525	0	0	0	0	0	0	0	0	0	0	0	0	0	0	0	0	0	0	0	0	0	0	0	0	0	0	0	0	0	0	0	0	0	0	0	0	0	0	0	0	0	0	0	0	0	0	0	0	0	0	0	0	0	0	0	0	0	0	0	0	0	0	0	0	0	0	0	0	0	0	0	0	0	0	0	0	0	0	0	0	0	0	0	0	0	0	0	0	0	0	0	
56	909.0505	3.45e+19	0	0	100000	1.9755	0	0	0	0	0	0	0	0	0	0	0	0	0	0	0	0	0	0	0	0	0	0	0	0	0	0	0	0	0	0	0	0	0	0	0	0	0	0	0	0	0	0	0	0	0	0	0	0	0	0	0	175.3	0	0	0	0	0	0	0	0	0	0	0	0	0	0	0	843.3	0	0	0	0	0	0	0	0	0	0	0	0	0	0	0	0	0	0	0	0	0	0	0	
84	909.0505	3.45e+19	0	0	100000	1.97575	0	0	0	0	0	0	0	0	0	0	0	0	0	0	0	0	0	0	0	0	0	0	0	0	0	0	0	0	0	0	0	0	0	0	0	0	0	0	0	0	0	0	0	0	0	0	0	0	0	0	0	263	0	0	0	0	0	0	0	0	0	0	0	0	0	0	0	1266	0	0	0	0	0	0	0	0	0	0	0	0	0	0	0	0	0	0	0	0	0	0	0	
112	909.0505	3.45e+19	0	0	100000	1.976	0	0	0	0	0	0	0	0	0	0	0	0	0	0	0	0	0	0	0	0	0	0	0	0	0	0	0	0	0	0	0	0	0	0	0	0	0	0	0	0	0	0	0	0	0	0	0	0	0	0	0	350.6	0	0	0	0	0	0	0	0	0	0	0	0	0	0	0	1690	0	0	0	0	0	0	0	0	0	0	0	0	0	0	0	0	0	0	0	0	0	0	0	
140	909.0505	3.45e+19	0	0	100000	1.97625	0	0	0	0	0	0	0	0	0	0	0	0	0	0	0	0	0	0	0	0	0	0	0	0	0	0	0	0	0	0	0	0	0	0	0	0	0	0	0	0	0	0	0	0	0	0	0	0	0	0	0	438.3	0	0	0	0	0	0	0	0	0	0	0	0	0	0	0	2114	0	0	0	0	0	0	0	0	0	0	0	0	0	0	0	0	0	0	0	0	0	0	0	
168	909.0505	3.45e+19	0	0	100000	1.9765	0	0	0	0	0	0	0	0	0	0	0	0	0	0	0	0	0	0	0	0	0	0	0	0	0	0	0	0	0	0	0	0	0	0	0	0	0	0	0	0	0	0	0	0	0	0	0	0	0	0	0	525.9	0	0	0	0	0	0	0	0	0	0	0	0	0	0	0	2539	0	0	0	0	0	0	0	0	0	0	0	0	0	0	0	0	0	0	0	0	0	0	0	
196	909.0505	3.45e+19	0	0	100000	1.97675	0	0	0	0	0	0	0	0	0	0	0	0	0	0	0	0	0	0	0	0	0	0	0	0	0	0	0	0	0	0	0	0	0	0	0	0	0	0	0	0	0	0	0	0	0	0	0	0	0	0	0	613.6	0	0	0	0	0	0	0	0	0	0	0	0	0	0	0	2965	0	0	0	0	0	0	0	0	0	0	0	0	0	0	0	0	0	0	0	0	0	0	0	
224	909.0505	3.45e+19	0	0	100000	1.977	0	0	0	0	0	0	0	0	0	0	0	0	0	0	0	0	0	0	0	0	0	0	0	0	0	0	0	0	0	0	0	0	0	0	0	0	0	0	0	0	0	0	0	0	0	0	0	0	0	0	0	701.3	0	0	0	0	0	0	0	0	0	0	0	0	0	0	0	3391	0	0	0	0	0	0	0	0	0	0	0	0	0	0	0	0	0	0	0	0	0	0	0	
252	909.0505	3.45e+19	0	0	100000	1.97725	0	0	0	0	0	0	0	0	0	0	0	0	0	0	0	0	0	0	0	0	0	0	0	0	0	0	0	0	0	0	0	0	0	0	0	0	0	0	0	0	0	0	0	0	0	0	0	0	0	0	0	788.9	0	0	0	0	0	0	0	0	0	0	0	0	0	0	0	3818	0	0	0	0	0	0	0	0	0	0	0	0	0	0	0	0	0	0	0	0	0	0	0	
280	909.0505	3.45e+19	0	0	100000	1.9775	0	0	0	0	0	0	0	0	0	0	0	0	0	0	0	0	0	0	0	0	0	0	0	0	0	0	0	0	0	0	0	0	0	0	0	0	0	0	0	0	0	0	0	0	0	0	0	0	0	0	0	876.6	0	0	0	0	0	0	0	0	0	0	0	0	0	0	0	4245	0	0	0	0	0	0	0	0	0	0	0	0	0	0	0	0	0	0	0	0	0	0	0	
308	909.0505	3.45e+19	0	0	100000	1.97775	0	0	0	0	0	0	0	0	0	0	0	0	0	0	0	0	0	0	0	0	0	0	0	0	0	0	0	0	0	0	0	0	0	0	0	0	0	0	0	0	0	0	0	0	0	0	0	0	0	0	0	964.2	0	0	0	0	0	0	0	0	0	0	0	0	0	0	0	4673	0	0	0	0	0	0	0	0	0	0	0	0	0	0	0	0	0	0	0	0	0	0	0	
336	909.0505	3.45e+19	0	0	100000	1.978	0	0	0	0	0	0	0	0	0	0	0	0	0	0	0	0	0	0	0	0	0	0	0	0	0	0	0	0	0	0	0	0	0	0	0	0	0	0	0	0	0	0	0	0	0	0	0	0	0	0	0	1052	0	0	0	0	0	0	0	0	0	0	0	0	0	0	0	5101	0	0	0	0	0	0	0	0	0	0	0	0	0	0	0	0	0	0	0	0	0	0	0	
364	909.0505	3.45e+19	0	0	100000	1.97825	0	0	0	0	0	0	0	0	0	0	0	0	0	0	0	0	0	0	0	0	0	0	0	0	0	0	0	0	0	0	0	0	0	0	0	0	0	0	0	0	0	0	0	0	0	0	0	0	0	0	0	1140	0	0	0	0	0	0	0	0	0	0	0	0	0	0	0	5529	0	0	0	0	0	0	0	0	0	0	0	0	0	0	0	0	0	0	0	0	0	0	0	
392	909.0505	3.45e+19	0	0	100000	1.9785	0	0	0	0	0	0	0	0	0	0	0	0	0	0	0	0	0	0	0	0	0	0	0	0	0	0	0	0	0	0	0	0	0	0	0	0	0	0	0	0	0	0	0	0	0	0	0	0	0	0	0	1227	0	0	0	0	0	0	0	0	0	0	0	0	0	0	0	5958	0	0	0	0	0	0	0	0	0	0	0	0	0	0	0	0	0	0	0	0	0	0	0	
420	909.0505	3.45e+19	0	0	100000	1.97875	0	0	0	0	0	0	0	0	0	0	0	0	0	0	0	0	0	0	0	0	0	0	0	0	0	0	0	0	0	0	0	0	0	0	0	0	0	0	0	0	0	0	0	0	0	0	0	0	0	0	0	1315	0	0	0	0	0	0	0	0	0	0	0	0	0	0	0	6387	0	0	0	0	0	0	0	0	0	0	0	0	0	0	0	0	0	0	0	0	0	0	0	
448	909.0505	3.45e+19	0	0	100000	1.979	0	0	0	0	0	0	0	0	0	0	0	0	0	0	0	0	0	0	0	0	0	0	0	0	0	0	0	0	0	0	0	0	0	0	0	0	0	0	0	0	0	0	0	0	0	0	0	0	0	0	0	1403	0	0	0	0	0	0	0	0	0	0	0	0	0	0	0	6817	0	0	0	0	0	0	0	0	0	0	0	0	0	0	0	0	0	0	0	0	0	0	0	
476	909.0505	3.45e+19	0	0	100000	1.97925	0	0	0	0	0	0	0	0	0	0	0	0	0	0	0	0	0	0	0	0	0	0	0	0	0	0	0	0	0	0	0	0	0	0	0	0	0	0	0	0	0	0	0	0	0	0	0	0	0	0	0	1490	0	0	0	0	0	0	0	0	0	0	0	0	0	0	0	7246	0	0	0	0	0	0	0	0	0	0	0	0	0	0	0	0	0	0	0	0	0	0	0	
504	909.0505	3.45e+19	0	0	100000	1.9795	0	0	0	0	0	0	0	0	0	0	0	0	0	0	0	0	0	0	0	0	0	0	0	0	0	0	0	0	0	0	0	0	0	0	0	0	0	0	0	0	0	0	0	0	0	0	0	0	0	0	0	1578	0	0	0	0	0	0	0	0	0	0	0	0	0	0	0	7677	0	0	0	0	0	0	0	0	0	0	0	0	0	0	0	0	0	0	0	0	0	0	0	
532	909.0505	3.45e+19	0	0	100000	1.97975	0	0	0	0	0	0	0	0	0	0	0	0	0	0	0	0	0	0	0	0	0	0	0	0	0	0	0	0	0	0	0	0	0	0	0	0	0	0	0	0	0	0	0	0	0	0	0	0	0	0	0	1665	0	0	0	0	0	0	0	0	0	0	0	0	0	0	0	8107	0	0	0	0	0	0	0	0	0	0	0	0	0	0	0	0	0	0	0	0	0	0	0	
560	909.0505	3.45e+19	0	0	100000	1.98	0	0	0	0	0	0	0	0	0	0	0	0	0	0	0	0	0	0	0	0	0	0	0	0	0	0	0	0	0	0	0	0	0	0	0	0	0	0	0	0	0	0	0	0	0	0	0	0	0	0	0	1753	0	0	0	0	0	0	0	0	0	0	0	0	0	0	0	8538	0	0	0	0	0	0	0	0	0	0	0	0	0	0	0	0	0	0	0	0	0	0	0	
588	909.0505	3.45e+19	0	0	100000	1.98025	0	0	0	0	0	0	0	0	0	0	0	0	0	0	0	0	0	0	0	0	0	0	0	0	0	0	0	0	0	0	0	0	0	0	0	0	0	0	0	0	0	0	0	0	0	0	0	0	0	0	0	1841	0	0	0	0	0	0	0	0	0	0	0	0	0	0	0	8969	0	0	0	0	0	0	0	0	0	0	0	0	0	0	0	0	0	0	0	0	0	0	0	
616	909.0505	3.45e+19	0	0	100000	1.9805	0	0	0	0	0	0	0	0	0	0	0	0	0	0	0	0	0	0	0	0	0	0	0	0	0	0	0	0	0	0	0	0	0	0	0	0	0	0	0	0	0	0	0	0	0	0	0	0	0	0	0	1928	0	0	0	0	0	0	0	0	0	0	0	0	0	0	0	9401	0	0	0	0	0	0	0	0	0	0	0	0	0	0	0	0	0	0	0	0	0	0	0	
644	909.0505	3.45e+19	0	0	100000	1.98075	0	0	0	0	0	0	0	0	0	0	0	0	0	0	0	0	0	0	0	0	0	0	0	0	0	0	0	0	0	0	0	0	0	0	0	0	0	0	0	0	0	0	0	0	0	0	0	0	0	0	0	2016	0	0	0	0	0	0	0	0	0	0	0	0	0	0	0	9833	0	0	0	0	0	0	0	0	0	0	0	0	0	0	0	0	0	0	0	0	0	0	0	
672	909.0505	3.45e+19	0	0	100000	1.981	0	0	0	0	0	0	0	0	0	0	0	0	0	0	0	0	0	0	0	0	0	0	0	0	0	0	0	0	0	0	0	0	0	0	0	0	0	0	0	0	0	0	0	0	0	0	0	0	0	0	0	2104	0	0	0	0	0	0	0	0	0	0	0	0	0	0	0	1.026e+04	0	0	0	0	0	0	0	0	0	0	0	0	0	0	0	0	0	0	0	0	0	0	0	
700	909.0505	3.45e+19	0	0	100000	1.98125	0	0	0	0	0	0	0	0	0	0	0	0	0	0	0	0	0	0	0	0	0	0	0	0	0	0	0	0	0	0	0	0	0	0	0	0	0	0	0	0	0	0	0	0	0	0	0	0	0	0	0	2191	0	0	0	0	0	0	0	0	0	0	0	0	0	0	0	1.07e+04	0	0	0	0	0	0	0	0	0	0	0	0	0	0	0	0	0	0	0	0	0	0	0	
728	909.0505	3.45e+19	0	0	100000	1.9815	0	0	0	0	0	0	0	0	0	0	0	0	0	0	0	0	0	0	0	0	0	0	0	0	0	0	0	0	0	0	0	0	0	0	0	0	0	0	0	0	0	0	0	0	0	0	0	0	0	0	0	2279	0	0	0	0	0	0	0	0	0	0	0	0	0	0	0	1.113e+04	0	0	0	0	0	0	0	0	0	0	0	0	0	0	0	0	0	0	0	0	0	0	0	
756	909.0505	3.45e+19	0	0	100000	1.98175	0	0	0	0	0	0	0	0	0	0	0	0	0	0	0	0	0	0	0	0	0	0	0	0	0	0	0	0	0	0	0	0	0	0	0	0	0	0	0	0	0	0	0	0	0	0	0	0	0	0	0	2367	0	0	0	0	0	0	0	0	0	0	0	0	0	0	0	1.156e+04	0	0	0	0	0	0	0	0	0	0	0	0	0	0	0	0	0	0	0	0	0	0	0	
784	909.0505	3.45e+19	0	0	100000	1.982	0	0	0	0	0	0	0	0	0	0	0	0	0	0	0	0	0	0	0	0	0	0	0	0	0	0	0	0	0	0	0	0	0	0	0	0	0	0	0	0	0	0	0	0	0	0	0	0	0	0	0	2454	0	0	0	0	0	0	0	0	0	0	0	0	0	0	0	1.2e+04	0	0	0	0	0	0	0	0	0	0	0	0	0	0	0	0	0	0	0	0	0	0	0	
812	909.0505	3.45e+19	0	0	100000	1.98225	0	0	0	0	0	0	0	0	0	0	0	0	0	0	0	0	0	0	0	0	0	0	0	0	0	0	0	0	0	0	329.9	0	0	0	0	0	0	0	0	0	0	0	0	0	0	0	0	0	0	0	0	2291	0	0	0	0	0	0	0	0	0	0	0	0	0	0	0	1.238e+04	0	0	0	0	0	0	0	0	0	0	0	0	0	0	0	0	0	0	0	0	0	0	0	
840	909.0505	3.45e+19	0	0	100000	1.9825	0	0	0	0	0	0	0	0	0	0	0	0	0	0	0	0	0	0	0	0	0	0	0	0	0	0	0	0	0	0	741.3	0	0	0	0	0	0	0	0	0	0	0	0	0	0	0	0	0	0	0	0	2065	0	0	0	0	0	0	0	0	0	0	0	0	0	0	0	1.275e+04	0	0	0	0	0	0	0	0	0	0	0	0	0	0	0	0	0	0	0	0	0	0	0	
868	909.0505	3.45e+19	0	0	100000	1.98275	0	0	0	0	0	0	0	0	0	0	0	0	0	0	0	0	0	0	0	0	0	0	0	0	0	0	0	0	0	0	1174	0	0	0	0	0	0	0	0	0	0	0	0	0	0	0	0	0	0	0	0	1823	0	0	0	0	0	0	0	0	0	0	0	0	0	0	0	1.311e+04	0	0	0	0	0	0	0	0	0	0	0	0	0	0	0	0	0	0	0	0	0	0	0	
896	909.0505	3.45e+19	0	0	100000	1.983	0	0	0	0	0	0	0	0	0	0	0	0	0	0	0	0	0	0	0	0	0	0	0	0	0	0	0	0	0	0	1908	0	0	0	0	0	0	0	0	0	0	0	0	0	0	0	0	0	0	0	0	1352	0	0	0	0	0	0	0	0	0	0	0	0	0	0	462.2	1.297e+04	0	0	0	0	0	0	0	0	0	0	0	0	0	0	0	0	0	0	0	0	0	0	0	
924	909.0505	3.45e+19	0	0	100000	1.98325	0	0	0	0	0	0	0	0	0	0	0	0	0	0	0	0	0	0	0	0	0	0	0	0	0	0	0	0	0	0	2709	0	0	0	0	0	0	0	0	0	0	0	0	0	0	0	0	0	0	0	0	829.5	0	0	0	0	0	0	0	0	0	0	0	0	0	0	968.2	1.277e+04	0	0	0	0	0	0	0	0	0	0	0	0	0	0	0	0	0	0	0	0	0	0	0	
952	909.0505	3.45e+19	0	0	100000	1.9835	0	0	0	0	0	0	0	0	0	0	0	0	0	0	0	0	0	0	0	0	0	0	0	0	0	0	0	0	0	0	3573	0	0	0	0	0	0	0	0	0	0	0	0	0	0	0	0	0	0	0	0	259.2	0	0	0	0	0	0	0	0	0	0	0	0	0	0	1509	1.253e+04	0	0	0	0	0	0	0	0	0	0	0	0	0	0	0	0	0	0	0	0	0	0	0	
980	909.0505	3.45e+19	0	0	100000	1.98375	0	0	0	0	0	0	0	0	0	0	0	0	0	0	0	0	0	0	0	0	0	0	0	0	0	0	0	0	0	0	4028	0	0	0	0	0	0	0	0	0	0	0	0	0	0	0	0	0	0	0	0	0	0	0	0	0	0	0	0	0	0	0	0	0	0	0	1782	1.261e+04	0	0	0	0	0	0	0	0	0	0	0	0	0	0	0	0	0	0	0	0	0	0	0	
1008	909.0505	3.45e+19	0	0	100000	1.984	0	0	0	0	0	0	0	0	0	0	0	0	0	0	0	0	0	0	0	0	0	0	0	0	0	0	0	0	0	0	4143	0	0	0	0	0	0	0	0	0	0	0	0	0	0	0	0	0	0	0	0	0	0	0	0	0	0	0	0	0	0	0	0	0	0	0	1836	1.298e+04	0	0	0	0	0	0	0	0	0	0	0	0	0	0	0	0	0	0	0	0	0	0	0	
1036	909.0505	3.45e+19	0	0	100000	1.98425	0	0	0	0	0	0	0	0	0	0	0	0	0	0	0	0	0	0	0	0	0	0	0	0	0	0	0	0	0	0	4258	0	0	0	0	0	0	0	0	0	0	0	0	0	0	0	0	0	0	0	0	0	0	0	0	0	0	0	0	0	0	0	0	0	0	0	1890	1.334e+04	0	0	0	0	0	0	0	0	0	0	0	0	0	0	0	0	0	0	0	0	0	0	0	
1064	909.0505	3.45e+19	0	0	100000	1.9845	0	0	0	0	0	0	0	0	0	0	0	0	0	0	0	0	0	0	0	0	0	0	0	0	0	0	0	0	0	0	4373	0	0	0	0	0	0	0	0	0	0	0	0	0	0	0	0	0	0	0	0	0	0	0	0	0	0	0	0	0	0	0	0	0	0	0	1943	1.37e+04	0	0	0	0	0	0	0	0	0	0	0	0	0	0	0	0	0	0	0	0	0	0	0	
1092	909.0505	3.45e+19	0	0	100000	1.98475	0	0	0	0	0	0	0	0	0	0	0	0	0	0	0	0	0	0	0	0	0	0	0	0	0	0	0	0	0	0	4488	0	0	0	0	0	0	0	0	0	0	0	0	0	0	0	0	0	0	0	0	0	0	0	0	0	0	0	0	0	0	0	0	0	0	0	1998	1.407e+04	0	0	0	0	0	0	0	0	0	0	0	0	0	0	0	0	0	0	0	0	0	0	0	
1120	909.0505	3.45e+19	0	0	100000	1.985	0	0	0	0	0	0	0	0	0	0	0	0	0	0	0	0	0	0	0	0	0	0	0	0	0	0	0	0	0	0	4603	0	0	0	0	0	0	0	0	0	0	0	0	0	0	0	0	0	0	0	0	0	0	0	0	0	0	0	0	0	0	0	0	0	0	0	2052	1.443e+04	0	0	0	0	0	0	0	0	0	0	0	0	0	0	0	0	0	0	0	0	0	0	0	
1148	909.0505	3.45e+19	0	0	100000	1.98525	0	0	0	0	0	0	0	0	0	0	0	0	0	0	0	0	0	0	0	0	0	0	0	0	0	0	0	0	0	0	4719	0	0	0	0	0	0	0	0	0	0	0	0	0	0	0	0	0	0	0	0	0	0	0	0	0	0	0	0	0	0	0	0	0	0	0	2106	1.48e+04	0	0	0	0	0	0	0	0	0	0	0	0	0	0	0	0	0	0	0	0	0	0	0	
1176	909.0505	3.45e+19	0	0	100000	1.9855	0	0	0	0	0	0	0	0	0	0	0	0	0	0	0	0	0	0	0	0	0	0	0	0	0	0	0	0	0	0	4834	0	0	0	0	0	0	0	0	0	0	0	0	0	0	0	0	0	0	0	0	0	0	0	0	0	0	0	0	0	0	0	0	0	0	0	2160	1.516e+04	0	0	0	0	0	0	0	0	0	0	0	0	0	0	0	0	0	0	0	0	0	0	0	
1204	909.0505	3.45e+19	0	0	100000	1.98575	0	0	0	0	0	0	0	0	0	0	0	0	0	0	0	0	0	0	0	0	0	0	0	0	0	0	0	0	0	0	4949	0	0	0	0	0	0	0	0	0	0	0	0	0	0	0	0	0	0	0	0	0	0	0	0	0	0	0	0	0	0	0	0	0	0	0	2215	1.552e+04	0	0	0	0	0	0	0	0	0	0	0	0	0	0	0	0	0	0	0	0	0	0	0	
1232	909.0505	3.45e+19	0	0	100000	1.986	0	0	0	0	0	0	0	0	0	0	0	0	0	0	0	0	0	0	0	0	0	0	0	0	0	0	0	0	0	0	5064	0	0	0	0	0	0	0	0	0	0	0	0	0	0	0	0	0	0	0	0	0	0	0	0	0	0	0	0	0	0	0	0	0	0	0	2269	1.589e+04	0	0	0	0	0	0	0	0	0	0	0	0	0	0	0	0	0	0	0	0	0	0	0	
1260	909.0505	3.45e+19	0	0	100000	1.98625	0	0	0	0	0	0	0	0	0	0	0	0	0	0	0	0	0	0	0	0	0	0	0	0	0	0	0	0	0	0	5179	0	0	0	0	0	0	0	0	0	0	0	0	0	0	0	0	0	0	0	0	0	0	0	0	0	0	0	0	0	0	0	0	0	0	0	2324	1.625e+04	0	0	0	0	0	0	0	0	0	0	0	0	0	0	0	0	0	0	0	0	0	0	0	
1288	909.0505	3.45e+19	0	0	100000	1.9865	0	0	0	0	0	0	0	0	0	0	0	0	0	0	0	0	0	0	0	0	0	0	0	0	0	0	0	0	0	0	5294	0	0	0	0	0	0	0	0	0	0	0	0	0	0	0	0	0	0	0	0	0	0	0	0	0	0	0	0	0	0	0	0	0	0	0	2379	1.662e+04	0	0	0	0	0	0	0	0	0	0	0	0	0	0	0	0	0	0	0	0	0	0	0	
1316	909.0505	3.45e+19	0	0	100000	1.98675	0	0	0	0	0	0	0	0	0	0	0	0	0	0	0	0	0	0	0	0	0	0	0	0	0	0	0	0	0	0	5409	0	0	0	0	0	0	0	0	0	0	0	0	0	0	0	0	0	0	0	0	0	0	0	0	0	0	0	0	0	0	0	0	0	0	0	2434	1.698e+04	0	0	0	0	0	0	0	0	0	0	0	0	0	0	0	0	0	0	0	0	0	0	0	
1344	909.0505	3.45e+19	0	0	100000	1.987	0	0	0	0	0	0	0	0	0	0	0	0	0	0	0	0	0	0	0	0	0	0	0	0	0	0	0	0	0	0	5524	0	0	0	0	0	0	0	0	0	0	0	0	0	0	0	0	0	0	0	0	0	0	0	0	0	0	0	0	0	0	0	0	0	0	0	2489	1.735e+04	0	0	0	0	0	0	0	0	0	0	0	0	0	0	0	0	0	0	0	0	0	0	0	
1372	909.0505	3.45e+19	0	0	100000	1.98725	0	0	0	0	0	0	0	0	0	0	0	0	0	0	0	0	0	0	0	0	0	0	0	0	0	0	0	0	0	0	5639	0	0	0	0	0	0	0	0	0	0	0	0	0	0	0	0	0	0	0	0	0	0	0	0	0	0	0	0	0	0	0	0	0	0	0	2544	1.771e+04	0	0	0	0	0	0	0	0	0	0	0	0	0	0	0	0	0	0	0	0	0	0	0	
1400	909.0505	3.45e+19	0	0	100000	1.9875	0	0	0	0	0	0	0	0	0	0	0	0	0	0	0	0	0	0	0	0	0	0	0	0	0	0	0	0	0	0	5754	0	0	0	0	0	0	0	0	0	0	0	0	0	0	0	0	0	0	0	0	0	0	0	0	0	0	0	0	0	0	0	0	0	0	0	2599	1.808e+04	0	0	0	0	0	0	0	0	0	0	0	0	0	0	0	0	0	0	0	0	0	0	0	
1428	909.0505	3.45e+19	0	0	100000	1.98775	0	0	0	0	0	0	0	0	0	0	0	0	0	0	0	0	0	0	0	0	0	0	0	0	0	0	0	0	0	0	5869	0	0	0	0	0	0	0	0	0	0	0	0	0	0	0	0	0	0	0	0	0	0	0	0	0	0	0	0	0	0	0	0	0	0	0	2654	1.844e+04	0	0	0	0	0	0	0	0	0	0	0	0	0	0	0	0	0	0	0	0	0	0	0	
1456	909.0505	3.45e+19	0	0	100000	1.988	0	0	0	0	0	0	0	0	0	0	0	0	0	0	0	0	0	0	0	0	0	0	0	0	0	0	0	0	0	0	5985	0	0	0	0	0	0	0	0	0	0	0	0	0	0	0	0	0	0	0	0	0	0	0	0	0	0	0	0	0	0	0	0	0	0	0	2709	1.881e+04	0	0	0	0	0	0	0	0	0	0	0	0	0	0	0	0	0	0	0	0	0	0	0	
1484	909.0505	3.45e+19	0	0	100000	1.98825	0	0	0	0	0	0	0	0	0	0	0	0	0	0	0	0	0	0	0	0	0	0	0	0	0	0	0	0	0	0	6100	0	0	0	0	0	0	0	0	0	0	0	0	0	0	0	0	0	0	0	0	0	0	0	0	0	0	0	0	0	0	0	0	0	0	0	2765	1.917e+04	0	0	0	0	0	0	0	0	0	0	0	0	0	0	0	0	0	0	0	0	0	0	0	
1512	909.0505	3.45e+19	0	0	100000	1.9885	0	0	0	0	0	0	0	0	0	0	0	0	0	0	0	0	0	0	0	0	0	0	0	0	0	0	0	0	0	0	6215	0	0	0	0	0	0	0	0	0	0	0	0	0	0	0	0	0	0	0	0	0	0	0	0	0	0	0	0	0	0	0	0	0	0	0	2820	1.954e+04	0	0	0	0	0	0	0	0	0	0	0	0	0	0	0	0	0	0	0	0	0	0	0	
1540	909.0505	3.45e+19	0	0	100000	1.98875	0	0	0	0	0	0	0	0	0	0	0	0	0	0	0	0	0	0	0	0	0	0	0	0	0	0	0	0	0	0	6330	0	0	0	0	0	0	0	0	0	0	0	0	0	0	0	0	0	0	0	0	0	0	0	0	0	0	0	0	0	0	0	0	0	0	0	2876	1.99e+04	0	0	0	0	0	0	0	0	0	0	0	0	0	0	0	0	0	0	0	0	0	0	0	
1568	909.0505	3.45e+19	0	0	100000	1.989	0	0	0	0	0	0	0	0	0	0	0	0	0	0	0	0	0	0	0	0	0	0	0	0	0	0	0	0	0	0	6445	0	0	0	0	0	0	0	0	0	0	0	0	0	0	0	0	0	0	0	0	0	0	0	0	0	0	0	0	0	0	0	0	0	0	0	2931	2.027e+04	0	0	0	0	0	0	0	0	0	0	0	0	0	0	0	0	0	0	0	0	0	0	0	
1596	909.0505	3.45e+19	0	0	100000	1.98925	0	0	0	0	0	0	0	0	0	0	0	0	0	0	0	0	0	0	0	0	0	0	0	0	0	0	0	0	0	0	6560	0	0	0	0	0	0	0	0	0	0	0	0	0	0	0	0	0	0	0	0	0	0	0	0	0	0	0	0	0	0	0	0	0	0	0	2987	2.063e+04	0	0	0	0	0	0	0	0	0	0	0	0	0	0	0	0	0	0	0	0	0	0	0	
1624	909.0505	3.45e+19	0	0	100000	1.9895	0	0	0	0	0	0	0	0	0	0	0	0	0	0	0	0	0	0	0	0	0	0	0	0	0	0	0	0	0	0	6675	0	0	0	0	0	0	0	0	0	0	0	0	0	0	0	0	0	0	0	0	0	0	0	0	0	0	0	0	0	0	0	0	0	0	0	3043	2.1e+04	0	0	0	0	0	0	0	0	0	0	0	0	0	0	0	0	0	0	0	0	0	0	0	
1652	909.0505	3.45e+19	0	0	100000	1.98975	0	0	0	0	0	0	0	0	0	0	0	0	0	0	0	0	0	0	0	0	0	0	0	0	0	0	0	0	0	0	6790	0	0	0	0	0	0	0	0	0	0	0	67.35	0	0	0	0	0	0	0	0	0	0	0	0	0	0	0	0	0	0	0	0	0	0	0	3140	2.127e+04	0	0	0	0	0	0	0	0	0	0	0	0	0	0	0	0	0	0	0	0	0	0	0	
1680	909.0505	3.45e+19	0	0	100000	1.99	0	0	0	0	0	0	0	0	0	0	0	0	0	0	0	0	0	0	0	0	0	0	0	0	0	0	0	0	0	0	6905	0	0	0	0	0	0	0	0	0	0	0	218.5	0	0	0	0	0	0	0	0	0	0	0	0	0	0	0	0	0	0	0	0	0	0	0	3288	2.141e+04	0	0	0	0	0	0	0	0	0	0	0	0	0	0	0	0	0	0	0	0	0	0	0	
1708	909.0505	3.45e+19	0	0	100000	1.99025	0	0	0	0	0	0	0	0	0	0	0	0	0	0	0	0	0	0	0	0	0	0	0	0	0	0	0	0	0	0	7020	0	0	0	0	0	0	0	0	0	0	0	362.1	0	0	0	0	0	0	0	0	0	0	0	0	0	0	0	0	0	0	0	0	0	0	0	3432	2.157e+04	0	0	0	0	0	0	0	0	0	0	0	0	0	0	0	0	0	0	0	0	0	0	0	
1736	909.0505	3.45e+19	0	0	100000	1.9905	0	0	0	0	0	0	0	0	0	0	0	0	0	0	0	0	0	0	0	0	0	0	0	0	0	0	0	0	0	0	7135	0	0	0	0	0	0	0	0	0	0	0	498.7	0	0	0	0	0	0	0	0	0	0	0	0	0	0	0	0	0	0	0	0	0	0	0	3572	2.173e+04	0	0	0	0	0	0	0	0	0	0	0	0	0	0	0	0	0	0	0	0	0	0	0	
1764	909.0505	3.45e+19	0	0	100000	1.99075	0	0	0	0	0	0	0	0	0	0	0	0	0	0	0	0	0	0	0	0	0	0	0	0	0	0	0	0	0	0	7250	0	0	0	0	0	0	0	0	0	0	0	628.7	0	0	0	0	0	0	0	0	0	0	0	0	0	0	0	0	0	0	0	0	0	0	0	3707	2.191e+04	0	0	0	0	0	0	0	0	0	0	0	0	0	0	0	0	0	0	0	0	0	0	0	
1792	909.0505	3.45e+19	0	0	100000	1.991	0	0	0	0	0	0	0	0	0	0	0	0	0	0	0	0	0	0	0	0	0	0	0	0	0	0	0	0	0	0	7366	0	0	0	0	0	0	0	0	0	0	0	752.4	0	0	0	0	0	0	0	0	0	0	0	0	0	0	0	0	0	0	0	0	0	0	0	3839	2.21e+04	0	0	0	0	0	0	0	0	0	0	0	0	0	0	0	0	0	0	0	0	0	0	0	
1820	909.0505	3.45e+19	0	0	100000	1.99125	0	0	0	0	0	0	0	0	0	0	0	0	0	0	0	0	0	0	0	0	0	0	0	0	0	0	0	0	0	0	7481	0	0	0	0	0	0	0	0	0	0	0	870.1	0	0	0	0	0	0	0	0	0	0	0	0	0	0	0	0	0	0	0	0	0	0	0	3968	2.229e+04	0	0	0	0	0	0	0	0	0	0	0	0	0	0	0	0	0	0	0	0	0	0	0	
1848	909.0505	3.45e+19	0	0	100000	1.9915	0	0	0	0	0	0	0	0	0	0	0	0	0	0	0	0	0	0	0	0	0	0	0	0	0	0	0	0	0	0	7596	0	0	0	0	0	0	0	0	0	0	0	982.2	0	0	0	0	0	0	0	0	0	0	0	0	0	0	0	0	0	0	0	0	0	0	0	4093	2.249e+04	0	0	0	0	0	0	0	0	0	0	0	0	0	0	0	0	0	0	0	0	0	0	0	
1876	909.0505	3.45e+19	0	0	100000	1.99175	0	0	0	0	0	0	0	0	0	0	0	0	0	0	0	0	0	0	0	0	0	0	0	0	0	0	0	0	0	0	7711	0	0	0	0	0	0	0	0	0	0	0	1089	0	0	0	0	0	0	0	0	0	0	0	0	0	0	0	0	0	0	0	0	0	0	0	4215	2.27e+04	0	0	0	0	0	0	0	0	0	0	0	0	0	0	0	0	0	0	0	0	0	0	0	
1904	909.0505	3.45e+19	0	0	100000	1.992	0	0	0	0	0	0	0	0	0	0	0	0	0	0	0	0	0	0	0	0	0	0	0	0	0	0	0	0	0	0	7826	0	0	0	0	0	0	0	0	0	0	0	1191	0	0	0	0	0	0	0	0	0	0	0	0	0	0	0	0	0	0	0	0	0	0	0	4334	2.292e+04	0	0	0	0	0	0	0	0	0	0	0	0	0	0	0	0	0	0	0	0	0	0	0	
1932	909.0505	3.45e+19	0	0	100000	1.99225	0	0	0	0	0	0	0	0	0	0	0	0	0	0	0	0	0	0	0	0	0	0	0	0	0	0	0	0	0	0	7941	0	0	0	0	0	0	0	0	0	0	0	1288	0	0	0	0	0	0	0	0	0	0	0	0	0	0	0	0	0	0	0	0	0	0	0	4451	2.314e+04	0	0	0	0	0	0	0	0	0	0	0	0	0	0	0	0	0	0	0	0	0	0	0	
1960	909.0505	3.45e+19	0	0	100000	1.9925	0	0	0	0	0	0	0	0	0	0	0	0	0	0	0	0	0	0	0	0	0	0	0	0	0	0	0	0	0	0	8056	0	0	0	0	0	0	0	0	0	0	0	1380	0	0	0	0	0	0	0	0	0	0	0	0	0	0	0	0	0	0	0	0	0	0	0	4564	2.338e+04	0	0	0	0	0	0	0	0	0	0	0	0	0	0	0	0	0	0	0	0	0	0	0	
1988	909.0505	3.45e+19	0	0	100000	1.99275	0	0	0	0	0	0	0	0	0	0	0	0	0	0	0	0	0	0	0	0	0	0	0	0	0	0	0	0	0	0	8171	0	0	0	0	0	0	0	0	0	0	0	1469	0	0	0	0	0	0	0	0	0	0	0	0	0	0	0	0	0	0	0	0	0	0	0	4676	2.361e+04	0	0	0	0	0	0	0	0	0	0	0	0	0	0	0	0	0	0	0	0	0	0	0	
2016	909.0505	3.45e+19	0	0	100000	1.993	0	0	0	0	0	0	0	0	0	0	0	0	0	0	0	0	0	0	0	0	0	0	0	0	0	0	0	0	0	0	8286	0	0	0	0	0	0	0	0	0	0	0	1553	0	0	0	0	0	0	0	0	0	0	0	0	0	0	0	0	0	0	0	0	0	0	0	4784	2.386e+04	0	0	0	0	0	0	0	0	0	0	0	0	0	0	0	0	0	0	0	0	0	0	0	
2044	909.0505	3.45e+19	0	0	100000	1.99325	0	0	0	0	0	0	0	0	0	0	0	0	0	0	0	0	0	0	0	0	0	0	0	0	0	0	0	0	0	0	8401	0	0	0	0	0	0	0	0	0	0	0	1633	0	0	0	0	0	0	0	0	0	0	0	0	0	0	0	0	0	0	0	0	0	0	0	4891	2.411e+04	0	0	0	0	0	0	0	0	0	0	0	0	0	0	0	0	0	0	0	0	0	0	0	
2072	909.0505	3.45e+19	0	0	100000	1.9935	0	0	0	0	0	0	0	0	0	0	0	0	0	0	0	0	0	0	0	0	0	0	0	0	0	0	0	0	0	0	8516	0	0	0	0	0	0	0	0	0	0	0	1710	0	0	0	0	0	0	0	0	0	0	0	0	0	0	0	0	0	0	0	0	0	0	0	4996	2.436e+04	0	0	0	0	0	0	0	0	0	0	0	0	0	0	0	0	0	0	0	0	0	0	0	
2100	909.0505	3.45e+19	0	0	100000	1.99375	0	0	0	0	0	0	0	0	0	0	0	0	0	0	0	0	0	0	0	0	0	0	0	0	0	0	0	0	0	0	8631	0	0	0	0	0	0	0	0	0	0	0	1783	0	0	0	0	0	0	0	0	0	0	0	0	0	0	0	0	0	0	0	0	0	0	0	5098	2.462e+04	0	0	0	0	0	0	0	0	0	0	0	0	0	0	0	0	0	0	0	0	0	0	0	
2128	909.0505	3.45e+19	0	0	100000	1.994	0	0	0	0	0	0	0	0	0	0	0	0	0	0	0	0	0	0	0	0	0	0	0	0	0	0	0	0	0	0	8747	0	0	0	0	0	0	0	0	0	0	0	1854	0	0	0	0	0	0	0	0	0	0	0	0	0	0	0	0	0	0	0	0	0	0	0	5199	2.488e+04	0	0	0	0	0	0	0	0	0	0	0	0	0	0	0	0	0	0	0	0	0	0	0	
2156	909.0505	3.45e+19	0	0	100000	1.99425	0	0	0	0	0	0	0	0	0	0	0	0	0	0	0	0	0	0	0	0	0	0	0	0	0	0	0	0	0	0	8862	0	0	0	0	0	0	0	0	0	0	0	1921	0	0	0	0	0	0	0	0	0	0	0	0	0	0	0	0	0	0	0	0	0	0	0	5298	2.515e+04	0	0	0	0	0	0	0	0	0	0	0	0	0	0	0	0	0	0	0	0	0	0	0	
2184	909.0505	3.45e+19	0	0	100000	1.9945	0	0	0	0	0	0	0	0	0	0	0	0	0	0	0	0	0	0	0	0	0	0	0	0	0	0	0	0	0	0	8977	0	0	0	0	0	0	0	0	0	0	0	1986	0	0	0	0	0	0	0	0	0	0	0	0	0	0	0	0	0	0	0	0	0	0	0	5396	2.542e+04	0	0	0	0	0	0	0	0	0	0	0	0	0	0	0	0	0	0	0	0	0	0	0	
2212	909.0505	3.45e+19	0	0	100000	1.99475	0	0	0	0	0	0	0	0	0	0	0	0	0	0	0	0	0	0	0	0	0	0	0	0	0	0	0	0	0	0	9092	0	0	0	0	0	0	0	0	0	0	0	2048	0	0	0	0	0	0	0	0	0	0	0	0	0	0	0	0	0	0	0	0	0	0	0	5492	2.57e+04	0	0	0	0	0	0	0	0	0	0	0	0	0	0	0	0	0	0	0	0	0	0	0	
2240	909.0505	3.45e+19	0	0	100000	1.995	0	0	0	0	0	0	0	0	0	0	0	0	0	0	0	0	0	0	0	0	0	0	0	0	0	0	0	0	0	0	9207	0	0	0	0	0	0	0	0	0	0	0	2107	0	0	0	0	0	0	0	0	0	0	0	0	0	0	0	0	0	0	0	0	0	0	0	5587	2.598e+04	0	0	0	0	0	0	0	0	0	0	0	0	0	0	0	0	0	0	0	0	0	0	0	
2268	909.0505	3.45e+19	0	0	100000	1.99525	0	0	0	0	0	0	0	0	0	0	0	0	0	0	0	0	0	0	0	0	0	0	0	0	0	0	0	0	0	0	9322	0	0	0	0	0	0	0	0	0	0	0	2165	0	0	0	0	0	0	0	0	0	0	0	0	0	0	0	0	0	0	0	0	0	0	0	5680	2.626e+04	0	0	0	0	0	0	0	0	0	0	0	0	0	0	0	0	0	0	0	0	0	0	0	
2296	909.0505	3.45e+19	0	0	100000	1.9955	0	0	0	0	0	0	0	0	0	0	0	0	0	0	0	0	0	0	0	0	0	0	0	0	0	0	0	0	0	0	9437	0	0	0	0	0	0	0	0	0	0	0	2220	0	0	0	0	0	0	0	0	0	0	0	0	0	0	0	0	0	0	0	0	0	0	0	5773	2.655e+04	0	0	0	0	0	0	0	0	0	0	0	0	0	0	0	0	0	0	0	0	0	0	0	
2324	909.0505	3.45e+19	0	0	100000	1.99575	0	0	0	0	0	0	0	0	0	0	0	0	0	0	0	0	0	0	0	0	0	0	0	0	0	0	0	0	0	0	9552	0	0	0	0	0	0	0	0	0	0	0	2274	0	0	0	0	0	0	0	0	0	0	0	0	0	0	0	0	0	0	0	0	0	0	0	5864	2.684e+04	0	0	0	0	0	0	0	0	0	0	0	0	0	0	0	0	0	0	0	0	0	0	0	
2352	909.0505	3.45e+19	0	0	100000	1.996	0	0	0	0	0	0	0	0	0	0	0	0	0	0	0	0	0	0	0	0	0	0	0	0	0	0	0	0	0	0	9667	0	0	0	0	0	0	0	0	0	0	0	2326	0	0	0	0	0	0	0	0	0	0	0	0	0	0	0	0	0	0	0	0	0	0	0	5954	2.713e+04	0	0	0	0	0	0	0	0	0	0	0	0	0	0	0	0	0	0	0	0	0	0	0	
2380	909.0505	3.45e+19	0	0	100000	1.99625	0	0	0	0	0	0	0	0	0	0	0	0	0	0	0	0	0	0	0	0	0	0	0	0	0	0	0	0	0	0	9782	0	0	0	0	0	0	0	0	0	0	0	2377	0	0	0	0	0	0	0	0	0	0	0	0	0	0	0	0	0	0	0	0	0	0	0	6044	2.742e+04	0	0	0	0	0	0	0	0	0	0	0	0	0	0	0	0	0	0	0	0	0	0	0	
2408	909.0505	3.45e+19	0	0	100000	1.9965	0	0	0	0	0	0	0	0	0	0	0	0	0	0	0	0	0	0	0	0	0	0	0	0	0	0	0	0	0	0	9897	0	0	0	0	0	0	0	0	0	0	0	2427	0	0	0	0	0	0	0	0	0	0	0	0	0	0	0	0	0	0	0	0	0	0	0	6133	2.772e+04	0	0	0	0	0	0	0	0	0	0	0	0	0	0	0	0	0	0	0	0	0	0	0	
2436	909.0505	3.45e+19	0	0	100000	1.99675	0	0	0	0	0	0	0	0	0	0	0	0	0	0	0	0	0	0	0	0	0	0	0	0	0	0	0	0	0	0	1.001e+04	0	0	0	0	0	0	0	0	0	0	0	2475	0	0	0	0	0	0	0	0	0	0	0	0	0	0	0	0	0	0	0	0	0	0	0	6221	2.801e+04	0	0	0	0	0	0	0	0	0	0	0	0	0	0	0	0	0	0	0	0	0	0	0	
2464	909.0505	3.45e+19	0	0	100000	1.997	0	0	0	0	0	0	0	0	0	0	0	0	0	0	0	0	0	0	0	0	0	0	0	0	0	0	0	0	0	0	1.013e+04	0	0	0	0	0	0	0	0	0	0	0	2522	0	0	0	0	0	0	0	0	0	0	0	0	0	0	0	0	0	0	0	0	0	0	0	6309	2.831e+04	0	0	0	0	0	0	0	0	0	0	0	0	0	0	0	0	0	0	0	0	0	0	0	
2492	909.0505	3.45e+19	0	0	100000	1.99725	0	0	0	0	0	0	0	0	0	0	0	0	0	0	0	0	0	0	0	0	0	0	0	0	0	0	0	0	0	0	1.024e+04	0	0	0	0	0	0	0	0	0	0	0	2569	0	0	0	0	0	0	0	0	0	0	0	0	0	0	0	0	0	0	0	0	0	0	0	6397	2.861e+04	0	0	0	0	0	0	0	0	0	0	0	0	0	0	0	0	0	0	0	0	0	0	0	
2520	909.0505	3.45e+19	0	0	100000	1.9975	0	0	0	0	0	0	0	0	0	0	0	0	0	0	0	0	0	0	0	0	0	0	0	0	0	0	0	0	0	0	1.036e+04	0	0	0	0	0	0	0	0	0	0	0	2615	0	0	0	0	0	0	0	0	0	0	0	0	0	0	0	0	0	0	0	0	0	0	0	6484	2.891e+04	0	0	0	0	0	0	0	0	0	0	0	0	0	0	0	0	0	0	0	0	0	0	0	
2548	909.0505	3.45e+19	0	0	100000	1.99775	0	0	0	0	0	0	0	0	0	0	0	0	0	0	0	0	0	0	0	0	0	0	0	0	0	0	0	0	0	0	1.047e+04	0	0	0	0	0	0	0	0	0	0	0	2661	0	0	0	0	0	0	0	0	0	0	0	0	0	0	0	0	0	0	0	0	0	0	0	6571	2.921e+04	0	0	0	0	0	0	0	0	0	0	0	0	0	0	0	0	0	0	0	0	0	0	0	
2576	909.0505	3.45e+19	0	0	100000	1.998	0	0	0	0	0	0	0	0	0	0	0	0	0	0	0	0	0	0	0	0	0	0	0	0	0	0	0	0	0	0	1.059e+04	0	0	0	0	0	0	0	0	0	0	0	2706	0	0	0	0	0	0	0	0	0	0	0	0	0	0	0	0	0	0	0	0	0	0	0	6657	2.952e+04	0	0	0	0	0	0	0	0	0	0	0	0	0	0	0	0	0	0	0	0	0	0	0	
2604	909.0505	3.45e+19	0	0	100000	1.99825	0	0	0	0	0	0	0	0	0	0	0	0	0	0	0	0	0	0	0	0	0	0	0	0	0	0	0	0	0	0	1.07e+04	0	0	0	0	0	0	0	0	0	0	0	2750	0	0	0	0	0	0	0	0	0	0	0	0	0	0	0	0	0	0	0	0	0	0	0	6744	2.982e+04	0	0	0	0	0	0	0	0	0	0	0	0	0	0	0	0	0	0	0	0	0	0	0	
2632	909.0505	3.45e+19	0	0	100000	1.9985	0	0	0	0	0	0	0	0	0	0	0	0	0	0	0	0	0	0	0	0	0	0	0	0	0	0	0	0	0	0	1.082e+04	0	0	0	0	0	0	0	0	0	0	0	2795	0	0	0	0	0	0	0	0	0	0	0	0	0	0	0	0	0	0	0	0	0	0	0	6830	3.012e+04	0	0	0	0	0	0	0	0	0	0	0	0	0	0	0	0	0	0	0	0	0	0	0	
2660	909.0505	3.45e+19	0	0	100000	1.99875	0	0	0	0	0	0	0	0	0	0	0	0	0	0	0	0	0	0	0	0	0	0	0	0	0	0	0	0	0	0	1.093e+04	0	0	0	0	0	0	0	0	0	0	0	2840	0	0	0	0	0	0	0	0	0	0	0	0	0	0	0	0	0	0	0	0	0	0	0	6917	3.042e+04	0	0	0	0	0	0	0	0	0	0	0	0	0	0	0	0	0	0	0	0	0	0	0	
2688	909.0505	3.45e+19	0	0	100000	1.999	0	0	0	0	0	0	0	0	0	0	0	0	0	0	0	0	0	0	0	0	0	0	0	0	0	0	0	0	0	0	1.105e+04	0	0	0	0	0	0	0	0	0	0	0	2884	0	0	0	0	0	0	0	0	0	0	0	0	0	0	0	0	0	0	0	0	0	0	0	7004	3.073e+04	0	0	0	0	0	0	0	0	0	0	0	0	0	0	0	0	0	0	0	0	0	0	0	
2716	909.0505	3.45e+19	0	0	100000	1.99925	0	0	0	0	0	0	0	0	0	0	0	0	0	0	0	0	0	0	0	0	0	0	0	0	0	0	0	0	0	0	1.116e+04	0	0	0	0	0	0	0	0	0	0	0	2929	0	0	0	0	0	0	0	0	0	0	0	0	0	0	0	0	0	0	0	0	0	0	0	7091	3.103e+04	0	0	0	0	0	0	0	0	0	0	0	0	0	0	0	0	0	0	0	0	0	0	0	
2744	909.0505	3.45e+19	0	0	100000	1.9995	0	0	0	0	0	0	0	0	0	0	0	0	0	0	0	0	0	0	0	0	0	0	0	0	0	0	0	0	0	0	1.128e+04	0	0	0	0	0	0	0	0	0	0	0	2974	0	0	0	0	0	0	0	0	0	0	0	0	0	0	0	0	0	0	0	0	0	0	0	7178	3.133e+04	0	0	0	0	0	0	0	0	0	0	0	0	0	0	0	0	0	0	0	0	0	0	0	
2772	909.0505	3.45e+19	0	0	100000	1.99975	0	0	0	0	0	0	0	0	0	0	0	0	0	0	0	0	0	0	0	0	0	0	0	0	0	0	0	0	0	534.4	0	0	0	0	0	0	0	0	0	0	0	0	3019	0	0	0	0	0	0	0	0	0	0	0	0	0	0	0	0	0	0	0	0	0	0	0	1.857e+04	1.683e+04	0	0	0	0	0	0	0	0	0	0	0	0	0	0	0	0	0	0	0	0	0	0	0	
2800	909.0505	3.45e+19	0	0	100000	2	0	0	0	0	0	0	0	0	0	0	0	0	0	0	0	0	0	0	0	0	0	0	0	0	0	0	0	0	0	0	0	0	0	1.699e+04	0	0	0	0	0	0	0	0	3064	0	0	0	0	0	0	0	0	0	0	0	0	0	7724	0	0	0	0	0	0	0	0	0	1.195e+04	1.789e+04	0	0	0	0	0	0	0	0	0	0	0	0	0	0	0	0	0	0	0	0	0	0	0	
2828	909.0505	3.45e+19	0	0	100000	2	0	0	0	0	0	0	0	0	0	0	0	0	0	0	0	0	0	0	0	0	0	0	0	0	0	0	0	0	0	0	0	0	0	1.716e+04	0	0	0	0	0	0	0	0	3110	0	0	0	0	0	0	0	0	0	0	0	0	0	7797	0	0	0	0	0	0	0	0	0	1.207e+04	1.807e+04	0	0	0	0	0	0	0	0	0	0	0	0	0	0	0	0	0	0	0	0	0	0	0	
2856	909.0505	3.45e+19	0	0	100000	2	0	0	0	0	0	0	0	0	0	0	0	0	0	0	0	0	0	0	0	0	0	0	0	0	0	0	0	0	0	0	0	0	0	1.733e+04	0	0	0	0	0	0	0	0	3155	0	0	0	0	0	0	0	0	0	0	0	0	0	7870	0	0	0	0	0	0	0	0	0	1.219e+04	1.825e+04	0	0	0	0	0	0	0	0	0	0	0	0	0	0	0	0	0	0	0	0	0	0	0	
2884	909.0505	3.45e+19	0	0	100000	2	0	0	0	0	0	0	0	0	0	0	0	0	0	0	0	0	0	0	0	0	0	0	0	0	0	0	0	0	0	0	0	0	0	1.75e+04	0	0	0	0	0	0	0	0	3201	0	0	0	0	0	0	0	0	0	0	0	0	0	7942	0	0	0	0	0	0	0	0	0	1.231e+04	1.843e+04	0	0	0	0	0	0	0	0	0	0	0	0	0	0	0	0	0	0	0	0	0	0	0	
2912	909.0505	3.45e+19	0	0	100000	2	0	0	0	0	0	0	0	0	0	0	0	0	0	0	0	0	0	0	0	0	0	0	0	0	0	0	0	0	0	0	0	0	0	1.767e+04	0	0	0	0	0	0	0	0	3247	0	0	0	0	0	0	0	0	0	0	0	0	0	8015	0	0	0	0	0	0	0	0	0	1.242e+04	1.861e+04	0	0	0	0	0	0	0	0	0	0	0	0	0	0	0	0	0	0	0	0	0	0	0	
2940	909.0505	3.45e+19	0	0	100000	2	0	0	0	0	0	0	0	0	0	0	0	0	0	0	0	0	0	0	0	0	0	0	0	0	0	0	0	0	0	0	0	0	0	1.784e+04	0	0	0	0	0	0	0	0	3294	0	0	0	0	0	0	0	0	0	0	0	0	0	8088	0	0	0	0	0	0	0	0	0	1.254e+04	1.879e+04	0	0	0	0	0	0	0	0	0	0	0	0	0	0	0	0	0	0	0	0	0	0	0	
2968	909.0505	3.45e+19	0	0	100000	2	0	0	0	0	0	0	0	0	0	0	0	0	0	0	0	0	0	0	0	0	0	0	0	0	0	0	0	0	0	0	0	0	0	1.801e+04	0	0	0	0	0	0	0	0	3340	0	0	0	0	0	0	0	0	0	0	0	0	0	8160	0	0	0	0	0	0	0	0	0	1.266e+04	1.897e+04	0	0	0	0	0	0	0	0	0	0	0	0	0	0	0	0	0	0	0	0	0	0	0	
2996	909.0505	3.45e+19	0	0	100000	2	0	0	0	0	0	0	0	0	0	0	0	0	0	0	0	0	0	0	0	0	0	0	0	0	0	0	0	0	0	0	0	0	0	1.818e+04	0	0	0	0	0	0	0	0	3387	0	0	0	0	0	0	0	0	0	0	0	0	0	8232	0	0	0	0	0	0	0	0	0	1.278e+04	1.914e+04	0	0	0	0	0	0	0	0	0	0	0	0	0	0	0	0	0	0	0	0	0	0	0	
3024	909.0505	3.45e+19	0	0	100000	2	0	0	0	0	0	0	0	0	0	0	0	0	0	0	0	0	0	0	0	0	0	0	0	0	0	0	0	0	0	0	0	0	0	1.835e+04	0	0	0	0	0	0	0	0	3434	0	0	0	0	0	0	0	0	0	0	0	0	0	8305	0	0	0	0	0	0	0	0	0	1.29e+04	1.932e+04	0	0	0	0	0	0	0	0	0	0	0	0	0	0	0	0	0	0	0	0	0	0	0	
3052	909.0505	3.45e+19	0	0	100000	2	0	0	0	0	0	0	0	0	0	0	0	0	0	0	0	0	0	0	0	0	0	0	0	0	0	0	0	0	0	0	0	0	0	1.852e+04	0	0	0	0	0	0	0	0	3481	0	0	0	0	0	0	0	0	0	0	0	0	0	8377	0	0	0	0	0	0	0	0	0	1.302e+04	1.95e+04	0	0	0	0	0	0	0	0	0	0	0	0	0	0	0	0	0	0	0	0	0	0	0	
3080	909.0505	3.45e+19	0	0	100000	2	0	0	0	0	0	0	0	0	0	0	0	0	0	0	0	0	0	0	0	0	0	0	0	0	0	0	0	0	0	0	0	0	0	1.869e+04	0	0	0	0	0	0	0	0	3528	0	0	0	0	0	0	0	0	0	0	0	0	0	8449	0	0	0	0	0	0	0	0	0	1.314e+04	1.968e+04	0	0	0	0	0	0	0	0	0	0	0	0	0	0	0	0	0	0	0	0	0	0	0	
3108	909.0505	3.45e+19	0	0	100000	2	0	0	0	0	0	0	0	0	0	0	0	0	0	0	0	0	0	0	0	0	0	0	0	0	0	0	0	0	0	0	0	0	0	1.886e+04	0	0	0	0	0	0	0	0	3576	0	0	0	0	0	0	0	0	0	0	0	0	0	8521	0	0	0	0	0	0	0	0	0	1.326e+04	1.986e+04	0	0	0	0	0	0	0	0	0	0	0	0	0	0	0	0	0	0	0	0	0	0	0	
3136	909.0505	3.45e+19	0	0	100000	2	0	0	0	0	0	0	0	0	0	0	0	0	0	0	0	0	0	0	0	0	0	0	0	0	0	0	0	0	0	0	0	0	0	1.903e+04	0	0	0	0	0	0	0	0	3624	0	0	0	0	0	0	0	0	0	0	0	0	0	8593	0	0	0	0	0	0	0	0	0	1.338e+04	2.004e+04	0	0	0	0	0	0	0	0	0	0	0	0	0	0	0	0	0	0	0	0	0	0	0	
3164	909.0505	3.45e+19	0	0	100000	2	0	0	0	0	0	0	0	0	0	0	0	0	0	0	0	0	0	0	0	0	0	0	0	0	0	0	0	0	0	0	0	0	0	1.92e+04	0	0	0	0	0	0	0	0	3672	0	0	0	0	0	0	0	0	0	0	0	0	0	8666	0	0	0	0	0	0	0	0	0	1.35e+04	2.022e+04	0	0	0	0	0	0	0	0	0	0	0	0	0	0	0	0	0	0	0	0	0	0	0	
3192	909.0505	3.45e+19	0	0	100000	2	0	0	0	0	0	0	0	0	0	0	0	0	0	0	0	0	0	0	0	0	0	0	0	0	0	0	0	0	0	0	0	0	0	1.937e+04	0	0	0	0	0	0	0	0	3720	0	0	0	0	0	0	0	0	0	0	0	0	0	8738	0	0	0	0	0	0	0	0	0	1.362e+04	2.04e+04	0	0	0	0	0	0	0	0	0	0	0	0	0	0	0	0	0	0	0	0	0	0	0	
3220	909.0505	3.45e+19	0	0	100000	2	0	0	0	0	0	0	0	0	0	0	0	0	0	0	0	0	0	0	0	0	0	0	0	0	0	0	0	0	0	0	0	0	0	1.954e+04	0	0	0	0	0	0	0	0	3768	0	0	0	0	0	0	0	0	0	0	0	0	0	8809	0	0	0	0	0	0	0	0	0	1.374e+04	2.058e+04	0	0	0	0	0	0	0	0	0	0	0	0	0	0	0	0	0	0	0	0	0	0	0	
3248	909.0505	3.45e+19	0	0	100000	2	0	0	0	0	0	0	0	0	0	0	0	0	0	0	0	0	0	0	0	0	0	0	0	0	0	0	0	0	0	0	0	0	0	1.971e+04	0	0	0	0	0	0	0	0	3817	0	0	0	0	0	0	0	0	0	0	0	0	0	8881	0	0	0	0	0	0	0	0	0	1.386e+04	2.076e+04	0	0	0	0	0	0	0	0	0	0	0	0	0	0	0	0	0	0	0	0	0	0	0	
3276	909.0505	3.45e+19	0	0	100000	2	0	0	0	0	0	0	0	0	0	0	0	0	0	0	0	0	0	0	0	0	0	0	0	0	0	0	0	0	0	0	0	0	0	1.988e+04	0	0	0	0	0	0	0	0	3866	0	0	0	0	0	0	0	0	0	0	0	0	0	8953	0	0	0	0	0	0	0	0	0	1.398e+04	2.093e+04	0	0	0	0	0	0	0	0	0	0	0	0	0	0	0	0	0	0	0	0	0	0	0	
3304	909.0505	3.45e+19	0	0	100000	2	0	0	0	0	0	0	0	0	0	0	0	0	0	0	0	0	0	0	0	0	0	0	0	0	0	0	0	0	0	0	0	0	0	2.005e+04	0	0	0	0	0	0	0	0	3915	0	0	0	0	0	0	0	0	0	0	0	0	0	9025	0	0	0	0	0	0	0	0	0	1.41e+04	2.111e+04	0	0	0	0	0	0	0	0	0	0	0	0	0	0	0	0	0	0	0	0	0	0	0	
3332	909.0505	3.45e+19	0	0	100000	2	0	0	0	0	0	0	0	0	0	0	0	0	0	0	0	0	0	0	0	0	0	0	0	0	0	0	0	0	0	0	0	0	0	2.022e+04	0	0	0	0	0	0	0	0	3964	0	0	0	0	0	0	0	0	0	0	0	0	0	9096	0	0	0	0	0	0	0	0	0	1.422e+04	2.129e+04	0	0	0	0	0	0	0	0	0	0	0	0	0	0	0	0	0	0	0	0	0	0	0	
3360	909.0505	3.45e+19	0	0	100000	2	0	0	0	0	0	0	0	0	0	0	0	0	0	0	0	0	0	0	0	0	0	0	0	0	0	0	0	0	0	0	0	0	0	2.039e+04	0	0	0	0	0	0	0	0	4013	0	0	0	0	0	0	0	0	0	0	0	0	0	9168	0	0	0	0	0	0	0	0	0	1.434e+04	2.147e+04	0	0	0	0	0	0	0	0	0	0	0	0	0	0	0	0	0	0	0	0	0	0	0	
3388	909.0505	3.45e+19	0	0	100000	2	0	0	0	0	0	0	0	0	0	0	0	0	0	0	0	0	0	0	0	0	0	0	0	0	0	0	0	0	0	0	0	0	0	2.056e+04	0	0	0	0	0	0	0	0	4063	0	0	0	0	0	0	0	0	0	0	0	0	0	9240	0	0	0	0	0	0	0	0	0	1.446e+04	2.165e+04	0	0	0	0	0	0	0	0	0	0	0	0	0	0	0	0	0	0	0	0	0	0	0	
3416	909.0505	3.45e+19	0	0	100000	2	0	0	0	0	0	0	0	0	0	0	0	0	0	0	0	0	0	0	0	0	0	0	0	0	0	0	0	0	0	0	0	0	0	2.073e+04	0	0	0	0	0	0	0	0	4112	0	0	0	0	0	0	0	0	0	0	0	0	0	9311	0	0	0	0	0	0	0	0	0	1.458e+04	2.183e+04	0	0	0	0	0	0	0	0	0	0	0	0	0	0	0	0	0	0	0	0	0	0	0	
3444	909.0505	3.45e+19	0	0	100000	2	0	0	0	0	0	0	0	0	0	0	0	0	0	0	0	0	0	0	0	0	0	0	0	0	0	0	0	0	0	0	0	0	0	2.09e+04	0	0	0	0	0	0	0	0	4162	0	0	0	0	0	0	0	0	0	0	0	0	0	9383	0	0	0	0	0	0	0	0	0	1.469e+04	2.201e+04	0	0	0	0	0	0	0	0	0	0	0	0	0	0	0	0	0	0	0	0	0	0	0	
3472	909.0505	3.45e+19	0	0	100000	2	0	0	0	0	0	0	0	0	0	0	0	0	0	0	0	0	0	0	0	0	0	0	0	0	0	0	0	0	0	0	0	0	0	2.107e+04	0	0	0	0	0	0	0	0	4212	0	0	0	0	0	0	0	0	0	0	0	0	0	9454	0	0	0	0	0	0	0	0	0	1.481e+04	2.219e+04	0	0	0	0	0	0	0	0	0	0	0	0	0	0	0	0	0	0	0	0	0	0	0	
3500	909.0505	3.45e+19	0	0	100000	2	0	0	0	0	0	0	0	0	0	0	0	0	0	0	0	0	0	0	0	0	0	0	0	0	0	0	0	0	0	0	0	0	0	2.124e+04	0	0	0	0	0	0	0	0	4263	0	0	0	0	0	0	0	0	0	0	0	0	0	9525	0	0	0	0	0	0	0	0	0	1.493e+04	2.237e+04	0	0	0	0	0	0	0	0	0	0	0	0	0	0	0	0	0	0	0	0	0	0	0	
3528	909.0505	3.45e+19	0	0	100000	2	0	0	0	0	0	0	0	0	0	0	0	0	0	0	0	0	0	0	0	0	0	0	0	0	0	0	0	0	0	0	0	0	0	2.141e+04	0	0	0	0	0	0	0	0	4313	0	0	0	0	0	0	0	0	0	0	0	0	0	9597	0	0	0	0	0	0	0	0	0	1.505e+04	2.254e+04	0	0	0	0	0	0	0	0	0	0	0	0	0	0	0	0	0	0	0	0	0	0	0	
3556	909.0505	3.45e+19	0	0	100000	2	0	0	0	0	0	0	0	0	0	0	0	0	0	0	0	0	0	0	0	0	0	0	0	0	0	0	0	0	0	0	0	0	0	2.158e+04	0	0	0	0	0	0	0	0	4364	0	0	0	0	0	0	0	0	0	0	0	0	0	9668	0	0	0	0	0	0	0	0	0	1.517e+04	2.272e+04	0	0	0	0	0	0	0	0	0	0	0	0	0	0	0	0	0	0	0	0	0	0	0	
3584	909.0505	3.45e+19	0	0	100000	2	0	0	0	0	0	0	0	0	0	0	0	0	0	0	0	0	0	0	0	0	0	0	0	0	0	0	0	0	0	0	0	0	0	2.175e+04	0	0	0	0	0	0	0	0	4415	0	0	0	0	0	0	0	0	0	0	0	0	0	9739	0	0	0	0	0	0	0	0	0	1.529e+04	2.29e+04	0	0	0	0	0	0	0	0	0	0	0	0	0	0	0	0	0	0	0	0	0	0	0	
3612	909.0505	3.45e+19	0	0	100000	2	0	0	0	0	0	0	0	0	0	0	0	0	0	0	0	0	0	0	0	0	0	0	0	0	0	0	0	0	0	0	0	0	0	2.192e+04	0	0	0	0	0	0	0	0	4466	0	0	0	0	0	0	0	0	0	0	0	0	0	9810	0	0	0	0	0	0	0	0	0	1.541e+04	2.308e+04	0	0	0	0	0	0	0	0	0	0	0	0	0	0	0	0	0	0	0	0	0	0	0	
3640	909.0505	3.45e+19	0	0	100000	2	0	0	0	0	0	0	0	0	0	0	0	0	0	0	0	0	0	0	0	0	0	0	0	0	0	0	0	0	0	0	0	0	0	2.209e+04	0	0	0	0	0	0	0	0	4517	0	0	0	0	0	0	0	0	0	0	0	0	0	9881	0	0	0	0	0	0	0	0	0	1.553e+04	2.326e+04	0	0	0	0	0	0	0	0	0	0	0	0	0	0	0	0	0	0	0	0	0	0	0	
3668	909.0505	3.45e+19	0	0	100000	2	0	0	0	0	0	0	0	0	0	0	0	0	0	0	0	0	0	0	0	0	0	0	0	0	0	0	0	0	0	0	0	0	0	2.226e+04	0	0	0	0	0	0	0	0	4569	0	0	0	0	0	0	0	0	0	0	0	0	0	9952	0	0	0	0	0	0	0	0	0	1.565e+04	2.344e+04	0	0	0	0	0	0	0	0	0	0	0	0	0	0	0	0	0	0	0	0	0	0	0	
3696	909.0505	3.45e+19	0	0	100000	2	0	0	0	0	0	0	0	0	0	0	0	0	0	0	0	0	0	0	0	0	0	0	0	0	0	0	0	0	0	0	0	0	0	2.243e+04	0	0	0	0	0	0	0	0	4620	0	0	0	0	0	0	0	0	0	0	0	0	0	1.002e+04	0	0	0	0	0	0	0	0	0	1.577e+04	2.362e+04	0	0	0	0	0	0	0	0	0	0	0	0	0	0	0	0	0	0	0	0	0	0	0	
3724	909.0505	3.45e+19	0	0	100000	2	0	0	0	0	0	0	0	0	0	0	0	0	0	0	0	0	0	0	0	0	0	0	0	0	0	0	0	0	0	0	0	0	0	2.26e+04	0	0	0	0	0	0	0	0	4672	0	0	0	0	0	0	0	0	0	0	0	0	0	1.009e+04	0	0	0	0	0	0	0	0	0	1.589e+04	2.38e+04	0	0	0	0	0	0	0	0	0	0	0	0	0	0	0	0	0	0	0	0	0	0	0	
3752	909.0505	3.45e+19	0	0	100000	2	0	0	0	0	0	0	0	0	0	0	0	0	0	0	0	0	0	0	0	0	0	0	0	0	0	0	0	0	0	0	0	0	0	2.277e+04	0	0	0	0	0	0	0	0	4724	0	0	0	0	0	0	0	0	0	0	0	0	0	1.016e+04	0	0	0	0	0	0	0	0	0	1.601e+04	2.398e+04	0	0	0	0	0	0	0	0	0	0	0	0	0	0	0	0	0	0	0	0	0	0	0	
3780	909.0505	3.45e+19	0	0	100000	2	0	0	0	0	0	0	0	0	0	0	0	0	0	0	0	0	0	0	0	0	0	0	0	0	0	0	0	0	0	0	0	0	0	2.294e+04	0	0	0	0	0	0	0	0	4776	0	0	0	0	0	0	0	0	0	0	0	0	0	1.024e+04	0	0	0	0	0	0	0	0	0	1.613e+04	2.415e+04	0	0	0	0	0	0	0	0	0	0	0	0	0	0	0	0	0	0	0	0	0	0	0	
3808	909.0505	3.45e+19	0	0	100000	2	0	0	0	0	0	0	0	0	0	0	0	0	0	0	0	0	0	0	0	0	0	0	0	0	0	0	0	0	0	0	0	0	0	2.311e+04	0	0	0	0	0	0	0	0	4828	0	0	0	0	0	0	0	0	0	0	0	0	0	1.031e+04	0	0	0	0	0	0	0	0	0	1.625e+04	2.433e+04	0	0	0	0	0	0	0	0	0	0	0	0	0	0	0	0	0	0	0	0	0	0	0	
3836	909.0505	3.45e+19	0	0	100000	2	0	0	0	0	0	0	0	0	0	0	0	0	0	0	0	0	0	0	0	0	0	0	0	0	0	0	0	0	0	0	0	0	0	2.328e+04	0	0	0	0	0	0	0	0	4881	0	0	0	0	0	0	0	0	0	0	0	0	0	1.038e+04	0	0	0	0	0	0	0	0	0	1.637e+04	2.451e+04	0	0	0	0	0	0	0	0	0	0	0	0	0	0	0	0	0	0	0	0	0	0	0	
3864	909.0505	3.45e+19	0	0	100000	2	0	0	0	0	0	0	0	0	0	0	0	0	0	0	0	0	0	0	0	0	0	0	0	0	0	0	0	0	0	0	0	0	0	2.345e+04	0	0	0	0	0	0	0	0	4934	0	0	0	0	0	0	0	0	0	0	0	0	0	1.045e+04	0	0	0	0	0	0	0	0	0	1.649e+04	2.469e+04	0	0	0	0	0	0	0	0	0	0	0	0	0	0	0	0	0	0	0	0	0	0	0	
3892	909.0505	3.45e+19	0	0	100000	2	0	0	0	0	0	0	0	0	0	0	0	0	0	0	0	0	0	0	0	0	0	0	0	0	0	0	0	0	0	0	0	0	0	2.362e+04	0	0	0	0	0	0	0	0	4987	0	0	0	0	0	0	0	0	0	0	0	0	0	1.052e+04	0	0	0	0	0	0	0	0	0	1.661e+04	2.487e+04	0	0	0	0	0	0	0	0	0	0	0	0	0	0	0	0	0	0	0	0	0	0	0	
3920	909.0505	3.45e+19	0	0	100000	2	0	0	0	0	0	0	0	0	0	0	0	0	0	0	0	0	0	0	0	0	0	0	0	0	0	0	0	0	0	0	0	0	0	2.379e+04	0	0	0	0	0	0	0	0	5040	0	0	0	0	0	0	0	0	0	0	0	0	0	1.059e+04	0	0	0	0	0	0	0	0	0	1.673e+04	2.505e+04	0	0	0	0	0	0	0	0	0	0	0	0	0	0	0	0	0	0	0	0	0	0	0	
3948	909.0505	3.45e+19	0	0	100000	2	0	0	0	0	0	0	0	0	0	0	0	0	0	0	0	0	0	0	0	0	0	0	0	0	0	0	0	0	0	0	0	0	0	2.396e+04	0	0	0	0	0	0	0	0	5093	0	0	0	0	0	0	0	0	0	0	0	0	0	1.066e+04	0	0	0	0	0	0	0	0	0	1.685e+04	2.523e+04	0	0	0	0	0	0	0	0	0	0	0	0	0	0	0	0	0	0	0	0	0	0	0	
3976	909.0505	3.45e+19	0	0	100000	2	0	0	0	0	0	0	0	0	0	0	0	0	0	0	0	0	0	0	0	0	0	0	0	0	0	0	0	0	0	0	0	0	0	2.413e+04	0	0	0	0	0	0	0	0	5146	0	0	0	0	0	0	0	0	0	0	0	0	0	1.073e+04	0	0	0	0	0	0	0	0	0	1.696e+04	2.541e+04	0	0	0	0	0	0	0	0	0	0	0	0	0	0	0	0	0	0	0	0	0	0	0	
4004	909.0505	3.45e+19	0	0	100000	2	0	0	0	0	0	0	0	0	0	0	0	0	0	0	0	0	0	0	0	0	0	0	0	0	0	0	0	0	0	0	0	0	0	2.43e+04	0	0	0	0	0	0	0	0	5200	0	0	0	0	0	0	0	0	0	0	0	0	0	1.08e+04	0	0	0	0	0	0	0	0	0	1.708e+04	2.559e+04	0	0	0	0	0	0	0	0	0	0	0	0	0	0	0	0	0	0	0	0	0	0	0	
4032	909.0505	3.45e+19	0	0	100000	2	0	0	0	0	0	0	0	0	0	0	0	0	0	0	0	0	0	0	0	0	0	0	0	0	0	0	0	0	0	0	0	0	0	2.447e+04	0	0	0	0	0	0	0	0	5254	0	0	0	0	0	0	0	0	0	0	0	0	0	1.087e+04	0	0	0	0	0	0	0	0	0	1.72e+04	2.576e+04	0	0	0	0	0	0	0	0	0	0	0	0	0	0	0	0	0	0	0	0	0	0	0	
4060	909.0505	3.45e+19	0	0	100000	2	0	0	0	0	0	0	0	0	0	0	0	0	0	0	0	0	0	0	0	0	0	0	0	0	0	0	0	0	0	0	0	0	0	2.464e+04	0	0	0	0	0	0	0	0	5308	0	0	0	0	0	0	0	0	0	0	0	0	0	1.094e+04	0	0	0	0	0	0	0	0	0	1.732e+04	2.594e+04	0	0	0	0	0	0	0	0	0	0	0	0	0	0	0	0	0	0	0	0	0	0	0	
4088	909.0505	3.45e+19	0	0	100000	2	0	0	0	0	0	0	0	0	0	0	0	0	0	0	0	0	0	0	0	0	0	0	0	0	0	0	0	0	0	0	0	0	0	2.481e+04	0	0	0	0	0	0	0	0	5362	0	0	0	0	0	0	0	0	0	0	0	0	0	1.101e+04	0	0	0	0	0	0	0	0	0	1.744e+04	2.612e+04	0	0	0	0	0	0	0	0	0	0	0	0	0	0	0	0	0	0	0	0	0	0	0	
4116	909.0505	3.45e+19	0	0	100000	2	0	0	0	0	0	0	0	0	0	0	0	0	0	0	0	0	0	0	0	0	0	0	0	0	0	0	0	0	0	0	0	0	0	2.498e+04	0	0	0	0	0	0	0	0	5416	0	0	0	0	0	0	0	0	0	0	0	0	0	1.108e+04	0	0	0	0	0	0	0	0	0	1.756e+04	2.63e+04	0	0	0	0	0	0	0	0	0	0	0	0	0	0	0	0	0	0	0	0	0	0	0	
4144	909.0505	3.45e+19	0	0	100000	2	0	0	0	0	0	0	0	0	0	0	0	0	0	0	0	0	0	0	0	0	0	0	0	0	0	0	0	0	0	0	0	0	0	2.515e+04	0	0	0	0	0	0	0	0	5471	0	0	0	0	0	0	0	0	0	0	0	0	0	1.115e+04	0	0	0	0	0	0	0	0	0	1.768e+04	2.648e+04	0	0	0	0	0	0	0	0	0	0	0	0	0	0	0	0	0	0	0	0	0	0	0	
4172	909.0505	3.45e+19	0	0	100000	2	0	0	0	0	0	0	0	0	0	0	0	0	0	0	0	0	0	0	0	0	0	0	0	0	0	0	0	0	0	0	0	0	0	2.532e+04	0	0	0	0	0	0	0	0	5525	0	0	0	0	0	0	0	0	0	0	0	0	0	1.122e+04	0	0	0	0	0	0	0	0	0	1.78e+04	2.666e+04	0	0	0	0	0	0	0	0	0	0	0	0	0	0	0	0	0	0	0	0	0	0	0	
4200	909.0505	3.45e+19	0	0	100000	2	0	0	0	0	0	0	0	0	0	0	0	0	0	0	0	0	0	0	0	0	0	0	0	0	0	0	0	0	0	0	0	0	0	2.549e+04	0	0	0	0	0	0	0	0	5580	0	0	0	0	0	0	0	0	0	0	0	0	0	1.129e+04	0	0	0	0	0	0	0	0	0	1.792e+04	2.684e+04	0	0	0	0	0	0	0	0	0	0	0	0	0	0	0	0	0	0	0	0	0	0	0	
4228	909.0505	3.45e+19	0	0	100000	2	0	0	0	0	0	0	0	0	0	0	0	0	0	0	0	0	0	0	0	0	0	0	0	0	0	0	0	0	0	0	0	0	0	2.566e+04	0	0	0	0	0	0	0	0	5635	0	0	0	0	0	0	0	0	0	0	0	0	0	1.136e+04	0	0	0	0	0	0	0	0	0	1.804e+04	2.702e+04	0	0	0	0	0	0	0	0	0	0	0	0	0	0	0	0	0	0	0	0	0	0	0	
4256	909.0505	3.45e+19	0	0	100000	2	0	0	0	0	0	0	0	0	0	0	0	0	0	0	0	0	0	0	0	0	0	0	0	0	0	0	0	0	0	0	0	0	0	2.583e+04	0	0	0	0	0	0	0	0	5690	0	0	0	0	0	0	0	0	0	0	0	0	0	1.143e+04	0	0	0	0	0	0	0	0	0	1.816e+04	2.72e+04	0	0	0	0	0	0	0	0	0	0	0	0	0	0	0	0	0	0	0	0	0	0	0	
4284	909.0505	3.45e+19	0	0	100000	2	0	0	0	0	0	0	0	0	0	0	0	0	0	0	0	0	0	0	0	0	0	0	0	0	0	0	0	0	0	0	0	0	0	2.6e+04	0	0	0	0	0	0	0	0	5746	0	0	0	0	0	0	0	0	0	0	0	0	0	1.15e+04	0	0	0	0	0	0	0	0	0	1.828e+04	2.738e+04	0	0	0	0	0	0	0	0	0	0	0	0	0	0	0	0	0	0	0	0	0	0	0	
4312	909.0505	3.45e+19	0	0	100000	2	0	0	0	0	0	0	0	0	0	0	0	0	0	0	0	0	0	0	0	0	0	0	0	0	0	0	0	0	0	0	0	0	0	2.617e+04	0	0	0	0	0	0	0	0	5801	0	0	0	0	0	0	0	0	0	0	0	0	0	1.157e+04	0	0	0	0	0	0	0	0	0	1.84e+04	2.755e+04	0	0	0	0	0	0	0	0	0	0	0	0	0	0	0	0	0	0	0	0	0	0	0	
4340	909.0505	3.45e+19	0	0	100000	2	0	0	0	0	0	0	0	0	0	0	0	0	0	0	0	0	0	0	0	0	0	0	0	0	0	0	0	0	0	0	0	0	0	2.634e+04	0	0	0	0	0	0	0	0	5857	0	0	0	0	0	0	0	0	0	0	0	0	0	1.164e+04	0	0	0	0	0	0	0	0	0	1.852e+04	2.773e+04	0	0	0	0	0	0	0	0	0	0	0	0	0	0	0	0	0	0	0	0	0	0	0	
4368	909.0505	3.45e+19	0	0	100000	2	0	0	0	0	0	0	0	0	0	0	0	0	0	0	0	0	0	0	0	0	0	0	0	0	0	0	0	0	0	0	0	0	0	2.651e+04	0	0	0	0	0	0	0	0	5913	0	0	0	0	0	0	0	0	0	0	0	0	0	1.171e+04	0	0	0	0	0	0	0	0	0	1.864e+04	2.791e+04	0	0	0	0	0	0	0	0	0	0	0	0	0	0	0	0	0	0	0	0	0	0	0	
4396	909.0505	3.45e+19	0	0	100000	2	0	0	0	0	0	0	0	0	0	0	0	0	0	0	0	0	0	0	0	0	0	0	0	0	0	0	0	0	0	0	0	0	0	2.668e+04	0	0	0	0	0	0	0	0	5969	0	0	0	0	0	0	0	0	0	0	0	0	0	1.178e+04	0	0	0	0	0	0	0	0	0	1.876e+04	2.809e+04	0	0	0	0	0	0	0	0	0	0	0	0	0	0	0	0	0	0	0	0	0	0	0	
4424	909.0505	3.45e+19	0	0	100000	2	0	0	0	0	0	0	0	0	0	0	0	0	0	0	0	0	0	0	0	0	0	0	0	0	0	0	0	0	0	0	0	0	0	2.685e+04	0	0	0	0	0	0	0	0	6025	0	0	0	0	0	0	0	0	0	0	0	0	0	1.185e+04	0	0	0	0	0	0	0	0	0	1.888e+04	2.827e+04	0	0	0	0	0	0	0	0	0	0	0	0	0	0	0	0	0	0	0	0	0	0	0	
4452	909.0505	3.45e+19	0	0	100000	2	0	0	0	0	0	0	0	0	0	0	0	0	0	0	0	0	0	0	0	0	0	0	0	0	0	0	0	0	0	0	0	0	0	2.702e+04	0	0	0	0	0	0	0	0	6081	0	0	0	0	0	0	0	0	0	0	0	0	0	1.192e+04	0	0	0	0	0	0	0	0	0	1.9e+04	2.845e+04	0	0	0	0	0	0	0	0	0	0	0	0	0	0	0	0	0	0	0	0	0	0	0	
4480	909.0505	3.45e+19	0	0	100000	2	0	0	0	0	0	0	0	0	0	0	0	0	0	0	0	0	0	0	0	0	0	0	0	0	0	0	0	0	0	0	0	0	0	2.719e+04	0	0	0	0	0	0	0	0	6138	0	0	0	0	0	0	0	0	0	0	0	0	0	1.199e+04	0	0	0	0	0	0	0	0	0	1.912e+04	2.863e+04	0	0	0	0	0	0	0	0	0	0	0	0	0	0	0	0	0	0	0	0	0	0	0	
4508	909.0505	3.45e+19	0	0	100000	2	0	0	0	0	0	0	0	0	0	0	0	0	0	0	0	0	0	0	0	0	0	0	0	0	0	0	0	0	0	0	0	0	0	2.736e+04	0	0	0	0	0	0	0	0	6194	0	0	0	0	0	0	0	0	0	0	0	0	0	1.206e+04	0	0	0	0	0	0	0	0	0	1.923e+04	2.881e+04	0	0	0	0	0	0	0	0	0	0	0	0	0	0	0	0	0	0	0	0	0	0	0	
4536	909.0505	3.45e+19	0	0	100000	2	0	0	0	0	0	0	0	0	0	0	0	0	0	0	0	0	0	0	0	0	0	0	0	0	0	0	0	0	0	0	0	0	0	2.753e+04	0	0	0	0	0	0	0	0	6251	0	0	0	0	0	0	0	0	0	0	0	0	0	1.213e+04	0	0	0	0	0	0	0	0	0	1.935e+04	2.899e+04	0	0	0	0	0	0	0	0	0	0	0	0	0	0	0	0	0	0	0	0	0	0	0	
4564	909.0505	3.45e+19	0	0	100000	2	0	0	0	0	0	0	0	0	0	0	0	0	0	0	0	0	0	0	0	0	0	0	0	0	0	0	0	0	0	0	0	0	0	2.77e+04	0	0	0	0	0	0	0	0	6308	0	0	0	0	0	0	0	0	0	0	0	0	0	1.22e+04	0	0	0	0	0	0	0	0	0	1.947e+04	2.916e+04	0	0	0	0	0	0	0	0	0	0	0	0	0	0	0	0	0	0	0	0	0	0	0	
4592	909.0505	3.45e+19	0	0	100000	2	0	0	0	0	0	0	0	0	0	0	0	0	0	0	0	0	0	0	0	0	0	0	0	0	0	0	0	0	0	0	0	0	0	2.787e+04	0	0	0	0	0	0	0	0	6365	0	0	0	0	0	0	0	0	0	0	0	0	0	1.227e+04	0	0	0	0	0	0	0	0	0	1.959e+04	2.934e+04	0	0	0	0	0	0	0	0	0	0	0	0	0	0	0	0	0	0	0	0	0	0	0	
4620	909.0505	3.45e+19	0	0	100000	2	0	0	0	0	0	0	0	0	0	0	0	0	0	0	0	0	0	0	0	0	0	0	0	0	0	0	0	0	0	0	0	0	0	2.804e+04	0	0	0	0	0	0	0	0	6423	0	0	0	0	0	0	0	0	0	0	0	0	0	1.233e+04	0	0	0	0	0	0	0	0	0	1.971e+04	2.952e+04	0	0	0	0	0	0	0	0	0	0	0	0	0	0	0	0	0	0	0	0	0	0	0	
4648	909.0505	3.45e+19	0	0	100000	2	0	0	0	0	0	0	0	0	0	0	0	0	0	0	0	0	0	0	0	0	0	0	0	0	0	0	0	0	0	0	0	0	0	2.821e+04	0	0	0	0	0	0	0	0	6480	0	0	0	0	0	0	0	0	0	0	0	0	0	1.24e+04	0	0	0	0	0	0	0	0	0	1.983e+04	2.97e+04	0	0	0	0	0	0	0	0	0	0	0	0	0	0	0	0	0	0	0	0	0	0	0	
4676	909.0505	3.45e+19	0	0	100000	2	0	0	0	0	0	0	0	0	0	0	0	0	0	0	0	0	0	0	0	0	0	0	0	0	0	0	0	0	0	0	0	0	0	2.838e+04	0	0	0	0	0	0	0	0	6538	0	0	0	0	0	0	0	0	0	0	0	0	0	1.247e+04	0	0	0	0	0	0	0	0	0	1.995e+04	2.988e+04	0	0	0	0	0	0	0	0	0	0	0	0	0	0	0	0	0	0	0	0	0	0	0	
4704	909.0505	3.45e+19	0	0	100000	2	0	0	0	0	0	0	0	0	0	0	0	0	0	0	0	0	0	0	0	0	0	0	0	0	0	0	0	0	0	0	0	0	0	2.855e+04	0	0	0	0	0	0	0	0	6596	0	0	0	0	0	0	0	0	0	0	0	0	0	1.254e+04	0	0	0	0	0	0	0	0	0	2.007e+04	3.006e+04	0	0	0	0	0	0	0	0	0	0	0	0	0	0	0	0	0	0	0	0	0	0	0	
4732	909.0505	3.45e+19	0	0	100000	2	0	0	0	0	0	0	0	0	0	0	0	0	0	0	0	0	0	0	0	0	0	0	0	0	0	0	0	0	0	0	0	0	0	2.872e+04	0	0	0	0	0	0	0	0	6654	0	0	0	0	0	0	0	0	0	0	0	0	0	1.261e+04	0	0	0	0	0	0	0	0	0	2.019e+04	3.024e+04	0	0	0	0	0	0	0	0	0	0	0	0	0	0	0	0	0	0	0	0	0	0	0	
4760	909.0505	3.45e+19	0	0	100000	2	0	0	0	0	0	0	0	0	0	0	0	0	0	0	0	0	0	0	0	0	0	0	0	0	0	0	0	0	0	0	0	0	0	2.889e+04	0	0	0	0	0	0	0	0	6712	0	0	0	0	0	0	0	0	0	0	0	0	0	1.268e+04	0	0	0	0	0	0	0	0	0	2.031e+04	3.042e+04	0	0	0	0	0	0	0	0	0	0	0	0	0	0	0	0	0	0	0	0	0	0	0	
4788	909.0505	3.45e+19	0	0	100000	2	0	0	0	0	0	0	0	0	0	0	0	0	0	0	0	0	0	0	0	0	0	0	0	0	0	0	0	0	0	0	0	0	0	2.906e+04	0	0	0	0	0	0	0	0	6770	0	0	0	0	0	0	0	0	0	0	0	0	0	1.275e+04	0	0	0	0	0	0	0	0	0	2.043e+04	3.06e+04	0	0	0	0	0	0	0	0	0	0	0	0	0	0	0	0	0	0	0	0	0	0	0	
4816	909.0505	3.45e+19	0	0	100000	2	0	0	0	0	0	0	0	0	0	0	0	0	0	0	0	0	0	0	0	0	0	0	0	0	0	0	0	0	0	0	0	0	0	2.923e+04	0	0	0	0	0	0	0	0	6828	0	0	0	0	0	0	0	0	0	0	0	0	0	1.282e+04	0	0	0	0	0	0	0	0	0	2.055e+04	3.077e+04	0	0	0	0	0	0	0	0	0	0	0	0	0	0	0	0	0	0	0	0	0	0	0	
4844	909.0505	3.45e+19	0	0	100000	2	0	0	0	0	0	0	0	0	0	0	0	0	0	0	0	0	0	0	0	0	0	0	0	0	0	0	0	0	0	0	0	0	0	2.94e+04	0	0	0	0	0	0	0	0	6887	0	0	0	0	0	0	0	0	0	0	0	0	0	1.289e+04	0	0	0	0	0	0	0	0	0	2.067e+04	3.095e+04	0	0	0	0	0	0	0	0	0	0	0	0	0	0	0	0	0	0	0	0	0	0	0	
4872	909.0505	3.45e+19	0	0	100000	2	0	0	0	0	0	0	0	0	0	0	0	0	0	0	0	0	0	0	0	0	0	0	0	0	0	0	0	0	0	0	0	0	0	2.957e+04	0	0	0	0	0	0	0	0	6946	0	0	0	0	0	0	0	0	0	0	0	0	0	1.296e+04	0	0	0	0	0	0	0	0	0	2.079e+04	3.113e+04	0	0	0	0	0	0	0	0	0	0	0	0	0	0	0	0	0	0	0	0	0	0	0	
4900	909.0505	3.45e+19	0	0	100000	2	0	0	0	0	0	0	0	0	0	0	0	0	0	0	0	0	0	0	0	0	0	0	0	0	0	0	0	0	0	0	0	0	0	2.974e+04	0	0	0	0	0	0	0	0	7005	0	0	0	0	0	0	0	0	0	0	0	0	0	1.302e+04	0	0	0	0	0	0	0	0	0	2.091e+04	3.131e+04	0	0	0	0	0	0	0	0	0	0	0	0	0	0	0	0	0	0	0	0	0	0	0	
4928	909.0505	3.45e+19	0	0	100000	2	0	0	0	0	0	0	0	0	0	0	0	0	0	0	0	0	0	0	0	0	0	0	0	0	0	0	0	0	0	0	0	0	0	2.991e+04	0	0	0	0	0	0	0	0	7064	0	0	0	0	0	0	0	0	0	0	0	0	0	1.309e+04	0	0	0	0	0	0	0	0	0	2.103e+04	3.149e+04	0	0	0	0	0	0	0	0	0	0	0	0	0	0	0	0	0	0	0	0	0	0	0	
4956	909.0505	3.45e+19	0	0	100000	2	0	0	0	0	0	0	0	0	0	0	0	0	0	0	0	0	0	0	0	0	0	0	0	0	0	0	0	0	0	0	0	0	0	3.008e+04	0	0	0	0	0	0	0	0	7123	0	0	0	0	0	0	0	0	0	0	0	0	0	1.316e+04	0	0	0	0	0	0	0	0	0	2.115e+04	3.167e+04	0	0	0	0	0	0	0	0	0	0	0	0	0	0	0	0	0	0	0	0	0	0	0	
4984	909.0505	3.45e+19	0	0	100000	2	0	0	0	0	0	0	0	0	0	0	0	0	0	0	0	0	0	0	0	0	0	0	0	0	0	0	0	0	0	0	0	0	0	3.025e+04	0	0	0	0	0	0	0	0	7182	0	0	0	0	0	0	0	0	0	0	0	0	0	1.323e+04	0	0	0	0	0	0	0	0	0	2.127e+04	3.185e+04	0	0	0	0	0	0	0	0	0	0	0	0	0	0	0	0	0	0	0	0	0	0	0	
5012	909.0505	3.45e+19	0	0	100000	2	0	0	0	0	0	0	0	0	0	0	0	0	0	0	0	0	0	0	0	0	0	0	0	0	0	0	0	0	0	0	0	0	0	3.042e+04	0	0	0	0	0	0	0	0	7242	0	0	0	0	0	0	0	0	0	0	0	0	0	1.33e+04	0	0	0	0	0	0	0	0	0	2.138e+04	3.203e+04	0	0	0	0	0	0	0	0	0	0	0	0	0	0	0	0	0	0	0	0	0	0	0	
5040	909.0505	3.45e+19	0	0	100000	2	0	0	0	0	0	0	0	0	0	0	0	0	0	0	0	0	0	0	0	0	0	0	0	0	0	0	0	0	0	0	0	0	0	3.059e+04	0	0	0	0	0	0	0	0	7302	0	0	0	0	0	0	0	0	0	0	0	0	0	1.337e+04	0	0	0	0	0	0	0	0	0	2.15e+04	3.221e+04	0	0	0	0	0	0	0	0	0	0	0	0	0	0	0	0	0	0	0	0	0	0	0	
5068	909.0505	3.45e+19	0	0	100000	2	0	0	0	0	0	0	0	0	0	0	0	0	0	0	0	0	0	0	0	0	0	0	0	0	0	0	0	0	0	0	0	0	0	3.076e+04	0	0	0	0	0	0	0	0	7362	0	0	0	0	0	0	0	0	0	0	0	0	0	1.344e+04	0	0	0	0	0	0	0	0	0	2.162e+04	3.239e+04	0	0	0	0	0	0	0	0	0	0	0	0	0	0	0	0	0	0	0	0	0	0	0	
5096	909.0505	3.45e+19	0	0	100000	2	0	0	0	0	0	0	0	0	0	0	0	0	0	0	0	0	0	0	0	0	0	0	0	0	0	0	0	0	0	0	0	0	0	3.093e+04	0	0	0	0	0	0	0	0	7422	0	0	0	0	0	0	0	0	0	0	0	0	0	1.35e+04	0	0	0	0	0	0	0	0	0	2.174e+04	3.256e+04	0	0	0	0	0	0	0	0	0	0	0	0	0	0	0	0	0	0	0	0	0	0	0	
5124	909.0505	3.45e+19	0	0	100000	2	0	0	0	0	0	0	0	0	0	0	0	0	0	0	0	0	0	0	0	0	0	0	0	0	0	0	0	0	0	0	0	0	0	3.11e+04	0	0	0	0	0	0	0	0	7482	0	0	0	0	0	0	0	0	0	0	0	0	0	1.357e+04	0	0	0	0	0	0	0	0	0	2.186e+04	3.274e+04	0	0	0	0	0	0	0	0	0	0	0	0	0	0	0	0	0	0	0	0	0	0	0	
5152	909.0505	3.45e+19	0	0	100000	2	0	0	0	0	0	0	0	0	0	0	0	0	0	0	0	0	0	0	0	0	0	0	0	0	0	0	0	0	0	0	0	0	0	3.127e+04	0	0	0	0	0	0	0	0	7542	0	0	0	0	0	0	0	0	0	0	0	0	0	1.364e+04	0	0	0	0	0	0	0	0	0	2.198e+04	3.292e+04	0	0	0	0	0	0	0	0	0	0	0	0	0	0	0	0	0	0	0	0	0	0	0	
5180	909.0505	3.45e+19	0	0	100000	2	0	0	0	0	0	0	0	0	0	0	0	0	0	0	0	0	0	0	0	0	0	0	0	0	0	0	0	0	0	0	0	0	0	3.144e+04	0	0	0	0	0	0	0	0	7602	0	0	0	0	0	0	0	0	0	0	0	0	0	1.371e+04	0	0	0	0	0	0	0	0	0	2.21e+04	3.31e+04	0	0	0	0	0	0	0	0	0	0	0	0	0	0	0	0	0	0	0	0	0	0	0	
5208	909.0505	3.45e+19	0	0	100000	2	0	0	0	0	0	0	0	0	0	0	0	0	0	0	0	0	0	0	0	0	0	0	0	0	0	0	0	0	0	0	0	0	0	3.161e+04	0	0	0	0	0	0	0	0	7663	0	0	0	0	0	0	0	0	0	0	0	0	0	1.378e+04	0	0	0	0	0	0	0	0	0	2.222e+04	3.328e+04	0	0	0	0	0	0	0	0	0	0	0	0	0	0	0	0	0	0	0	0	0	0	0	
5236	909.0505	3.45e+19	0	0	100000	2	0	0	0	0	0	0	0	0	0	0	0	0	0	0	0	0	0	0	0	0	0	0	0	0	0	0	0	0	0	0	0	0	0	3.178e+04	0	0	0	0	0	0	0	0	7724	0	0	0	0	0	0	0	0	0	0	0	0	0	1.385e+04	0	0	0	0	0	0	0	0	0	2.234e+04	3.346e+04	0	0	0	0	0	0	0	0	0	0	0	0	0	0	0	0	0	0	0	0	0	0	0	
5264	909.0505	3.45e+19	0	0	100000	2	0	0	0	0	0	0	0	0	0	0	0	0	0	0	0	0	0	0	0	0	0	0	0	0	0	0	0	0	0	0	0	0	0	3.195e+04	0	0	0	0	0	0	0	0	7785	0	0	0	0	0	0	0	0	0	0	0	0	0	1.391e+04	0	0	0	0	0	0	0	0	0	2.246e+04	3.364e+04	0	0	0	0	0	0	0	0	0	0	0	0	0	0	0	0	0	0	0	0	0	0	0	
5292	909.0505	3.45e+19	0	0	100000	2	0	0	0	0	0	0	0	0	0	0	0	0	0	0	0	0	0	0	0	0	0	0	0	0	0	0	0	0	0	0	0	0	0	3.212e+04	0	0	0	0	0	0	0	0	7846	0	0	0	0	0	0	0	0	0	0	0	0	0	1.398e+04	0	0	0	0	0	0	0	0	0	2.258e+04	3.382e+04	0	0	0	0	0	0	0	0	0	0	0	0	0	0	0	0	0	0	0	0	0	0	0	
5320	909.0505	3.45e+19	0	0	100000	2	0	0	0	0	0	0	0	0	0	0	0	0	0	0	0	0	0	0	0	0	0	0	0	0	0	0	0	0	0	0	0	0	0	3.229e+04	0	0	0	0	0	0	0	0	7907	0	0	0	0	0	0	0	0	0	0	0	0	0	1.405e+04	0	0	0	0	0	0	0	0	0	2.27e+04	3.4e+04	0	0	0	0	0	0	0	0	0	0	0	0	0	0	0	0	0	0	0	0	0	0	0	
5348	909.0505	3.45e+19	0	0	100000	2	0	0	0	0	0	0	0	0	0	0	0	0	0	0	0	0	0	0	0	0	0	0	0	0	0	0	0	0	0	0	0	0	0	3.246e+04	0	0	0	0	0	0	0	0	7968	0	0	0	0	0	0	0	0	0	0	0	0	0	1.412e+04	0	0	0	0	0	0	0	0	0	2.282e+04	3.417e+04	0	0	0	0	0	0	0	0	0	0	0	0	0	0	0	0	0	0	0	0	0	0	0	
5376	909.0505	3.45e+19	0	0	100000	2	0	0	0	0	0	0	0	0	0	0	0	0	0	0	0	0	0	0	0	0	0	0	0	0	0	0	0	0	0	0	0	0	0	3.263e+04	0	0	0	0	0	0	0	0	8030	0	0	0	0	0	0	0	0	0	0	0	0	0	1.419e+04	0	0	0	0	0	0	0	0	0	2.294e+04	3.435e+04	0	0	0	0	0	0	0	0	0	0	0	0	0	0	0	0	0	0	0	0	0	0	0	
5404	909.0505	3.45e+19	0	0	100000	2	0	0	0	0	0	0	0	0	0	0	0	0	0	0	0	0	0	0	0	0	0	0	0	0	0	0	0	0	0	0	0	0	0	3.28e+04	0	0	0	0	0	0	0	0	8092	0	0	0	0	0	0	0	0	0	0	0	0	0	1.425e+04	0	0	0	0	0	0	0	0	0	2.306e+04	3.453e+04	0	0	0	0	0	0	0	0	0	0	0	0	0	0	0	0	0	0	0	0	0	0	0	
5432	909.0505	3.45e+19	0	0	100000	2	0	0	0	0	0	0	0	0	0	0	0	0	0	0	0	0	0	0	0	0	0	0	0	0	0	0	0	0	0	0	0	0	0	3.297e+04	0	0	0	0	0	0	0	0	8153	0	0	0	0	0	0	0	0	0	0	0	0	0	1.432e+04	0	0	0	0	0	0	0	0	0	2.318e+04	3.471e+04	0	0	0	0	0	0	0	0	0	0	0	0	0	0	0	0	0	0	0	0	0	0	0	
5460	909.0505	3.45e+19	0	0	100000	2	0	0	0	0	0	0	0	0	0	0	0	0	0	0	0	0	0	0	0	0	0	0	0	0	0	0	0	0	0	0	0	0	0	3.314e+04	0	0	0	0	0	0	0	0	8215	0	0	0	0	0	0	0	0	0	0	0	0	0	1.439e+04	0	0	0	0	0	0	0	0	0	2.33e+04	3.489e+04	0	0	0	0	0	0	0	0	0	0	0	0	0	0	0	0	0	0	0	0	0	0	0	
5488	909.0505	3.45e+19	0	0	100000	2	0	0	0	0	0	0	0	0	0	0	0	0	0	0	0	0	0	0	0	0	0	0	0	0	0	0	0	0	0	0	0	0	0	3.331e+04	0	0	0	0	0	0	0	0	8277	0	0	0	0	0	0	0	0	0	0	0	0	0	1.446e+04	0	0	0	0	0	0	0	0	0	2.342e+04	3.507e+04	0	0	0	0	0	0	0	0	0	0	0	0	0	0	0	0	0	0	0	0	0	0	0	
5516	909.0505	3.45e+19	0	0	100000	2	0	0	0	0	0	0	0	0	0	0	0	0	0	0	0	0	0	0	0	0	0	0	0	0	0	0	0	0	0	0	0	0	0	3.348e+04	0	0	0	0	0	0	0	0	8340	0	0	0	0	0	0	0	0	0	0	0	0	0	1.452e+04	0	0	0	0	0	0	0	0	0	2.354e+04	3.525e+04	0	0	0	0	0	0	0	0	0	0	0	0	0	0	0	0	0	0	0	0	0	0	0	
5544	909.0505	3.45e+19	0	0	100000	2	0	0	0	0	0	0	0	0	0	0	0	0	0	0	0	0	0	0	0	0	0	0	0	0	0	0	0	0	0	0	0	0	0	3.365e+04	0	0	0	0	0	0	0	0	8402	0	0	0	0	0	0	0	0	0	0	0	0	0	1.459e+04	0	0	0	0	0	0	0	0	0	2.365e+04	3.543e+04	0	0	0	0	0	0	0	0	0	0	0	0	0	0	0	0	0	0	0	0	0	0	0	
5572	909.0505	3.45e+19	0	0	100000	2	0	0	0	0	0	0	0	0	0	0	0	0	0	0	0	0	0	0	0	0	0	0	0	0	0	0	0	0	0	0	0	0	0	3.382e+04	0	0	0	0	0	0	0	0	8465	0	0	0	0	0	0	0	0	0	0	0	0	0	1.466e+04	0	0	0	0	0	0	0	0	0	2.377e+04	3.561e+04	0	0	0	0	0	0	0	0	0	0	0	0	0	0	0	0	0	0	0	0	0	0	0	
5600	909.0505	3.45e+19	0	0	100000	2	0	0	0	0	0	0	0	0	0	0	0	0	0	0	0	0	0	0	0	0	0	0	0	0	0	0	0	0	0	0	0	0	0	3.399e+04	0	0	0	0	0	0	0	0	8527	0	0	0	0	0	0	0	0	0	0	0	0	0	1.473e+04	0	0	0	0	0	0	0	0	0	2.389e+04	3.578e+04	0	0	0	0	0	0	0	0	0	0	0	0	0	0	0	0	0	0	0	0	0	0	0	
5628	909.0505	3.45e+19	0	0	100000	2	0	0	0	0	0	0	0	0	0	0	0	0	0	0	0	0	0	0	0	0	0	0	0	0	0	0	0	0	0	0	0	0	0	3.416e+04	0	0	0	0	0	0	0	0	8590	0	0	0	0	0	0	0	0	0	0	0	0	0	1.48e+04	0	0	0	0	0	0	0	0	0	2.401e+04	3.596e+04	0	0	0	0	0	0	0	0	0	0	0	0	0	0	0	0	0	0	0	0	0	0	0	
5656	909.0505	3.45e+19	0	0	100000	2	0	0	0	0	0	0	0	0	0	0	0	0	0	0	0	0	0	0	0	0	0	0	0	0	0	0	0	0	0	0	0	0	0	3.433e+04	0	0	0	0	0	0	0	0	8653	0	0	0	0	0	0	0	0	0	0	0	0	0	1.486e+04	0	0	0	0	0	0	0	0	0	2.413e+04	3.614e+04	0	0	0	0	0	0	0	0	0	0	0	0	0	0	0	0	0	0	0	0	0	0	0	
5684	909.0505	3.45e+19	0	0	100000	2	0	0	0	0	0	0	0	0	0	0	0	0	0	0	0	0	0	0	0	0	0	0	0	0	0	0	0	0	0	0	0	0	0	3.45e+04	0	0	0	0	0	0	0	0	8716	0	0	0	0	0	0	0	0	0	0	0	0	0	1.493e+04	0	0	0	0	0	0	0	0	0	2.425e+04	3.632e+04	0	0	0	0	0	0	0	0	0	0	0	0	0	0	0	0	0	0	0	0	0	0	0	
5712	909.0505	3.45e+19	0	0	100000	2	0	0	0	0	0	0	0	0	0	0	0	0	0	0	0	0	0	0	0	0	0	0	0	0	0	0	0	0	0	0	0	0	0	3.467e+04	0	0	0	0	0	0	0	0	8779	0	0	0	0	0	0	0	0	0	0	0	0	0	1.5e+04	0	0	0	0	0	0	0	0	0	2.437e+04	3.65e+04	0	0	0	0	0	0	0	0	0	0	0	0	0	0	0	0	0	0	0	0	0	0	0	
5740	909.0505	3.45e+19	0	0	100000	2	0	0	0	0	0	0	0	0	0	0	0	0	0	0	0	0	0	0	0	0	0	0	0	0	0	0	0	0	0	0	0	0	0	3.484e+04	0	0	0	0	0	0	0	0	8843	0	0	0	0	0	0	0	0	0	0	0	0	0	1.507e+04	0	0	0	0	0	0	0	0	0	2.449e+04	3.668e+04	0	0	0	0	0	0	0	0	0	0	0	0	0	0	0	0	0	0	0	0	0	0	0	
5768	909.0505	3.45e+19	0	0	100000	2	0	0	0	0	0	0	0	0	0	0	0	0	0	0	0	0	0	0	0	0	0	0	0	0	0	0	0	0	0	0	0	0	0	3.501e+04	0	0	0	0	0	0	0	0	8906	0	0	0	0	0	0	0	0	0	0	0	0	0	1.513e+04	0	0	0	0	0	0	0	0	0	2.461e+04	3.686e+04	0	0	0	0	0	0	0	0	0	0	0	0	0	0	0	0	0	0	0	0	0	0	0	
5796	909.0505	3.45e+19	0	0	100000	2	0	0	0	0	0	0	0	0	0	0	0	0	0	0	0	0	0	0	0	0	0	0	0	0	0	0	0	0	0	0	0	0	0	3.518e+04	0	0	0	0	0	0	0	0	8970	0	0	0	0	0	0	0	0	0	0	0	0	0	1.52e+04	0	0	0	0	0	0	0	0	0	2.473e+04	3.704e+04	0	0	0	0	0	0	0	0	0	0	0	0	0	0	0	0	0	0	0	0	0	0	0	
5824	909.0505	3.45e+19	0	0	100000	2	0	0	0	0	0	0	0	0	0	0	0	0	0	0	0	0	0	0	0	0	0	0	0	0	0	0	0	0	0	0	0	0	0	3.535e+04	0	0	0	0	0	0	0	0	9034	0	0	0	0	0	0	0	0	0	0	0	0	0	1.527e+04	0	0	0	0	0	0	0	0	0	2.485e+04	3.722e+04	0	0	0	0	0	0	0	0	0	0	0	0	0	0	0	0	0	0	0	0	0	0	0	
5852	909.0505	3.45e+19	0	0	100000	2	0	0	0	0	0	0	0	0	0	0	0	0	0	0	0	0	0	0	0	0	0	0	0	0	0	0	0	0	0	0	0	0	0	3.552e+04	0	0	0	0	0	0	0	0	9098	0	0	0	0	0	0	0	0	0	0	0	0	0	1.533e+04	0	0	0	0	0	0	0	0	0	2.497e+04	3.739e+04	0	0	0	0	0	0	0	0	0	0	0	0	0	0	0	0	0	0	0	0	0	0	0	
5880	909.0505	3.45e+19	0	0	100000	2	0	0	0	0	0	0	0	0	0	0	0	0	0	0	0	0	0	0	0	0	0	0	0	0	0	0	0	0	0	0	0	0	0	3.569e+04	0	0	0	0	0	0	0	0	9162	0	0	0	0	0	0	0	0	0	0	0	0	0	1.54e+04	0	0	0	0	0	0	0	0	0	2.509e+04	3.757e+04	0	0	0	0	0	0	0	0	0	0	0	0	0	0	0	0	0	0	0	0	0	0	0	
5908	909.0505	3.45e+19	0	0	100000	2	0	0	0	0	0	0	0	0	0	0	0	0	0	0	0	0	0	0	0	0	0	0	0	0	0	0	0	0	0	0	0	0	0	3.586e+04	0	0	0	0	0	0	0	0	9226	0	0	0	0	0	0	0	0	0	0	0	0	0	1.547e+04	0	0	0	0	0	0	0	0	0	2.521e+04	3.775e+04	0	0	0	0	0	0	0	0	0	0	0	0	0	0	0	0	0	0	0	0	0	0	0	
5936	909.0505	3.45e+19	0	0	100000	2	0	0	0	0	0	0	0	0	0	0	0	0	0	0	0	0	0	0	0	0	0	0	0	0	0	0	0	0	0	0	0	0	0	3.603e+04	0	0	0	0	0	0	0	0	9290	0	0	0	0	0	0	0	0	0	0	0	0	0	1.554e+04	0	0	0	0	0	0	0	0	0	2.533e+04	3.793e+04	0	0	0	0	0	0	0	0	0	0	0	0	0	0	0	0	0	0	0	0	0	0	0	
5964	909.0505	3.45e+19	0	0	100000	2	0	0	0	0	0	0	0	0	0	0	0	0	0	0	0	0	0	0	0	0	0	0	0	0	0	0	0	0	0	0	0	0	0	3.62e+04	0	0	0	0	0	0	0	0	9355	0	0	0	0	0	0	0	0	0	0	0	0	0	1.56e+04	0	0	0	0	0	0	0	0	0	2.545e+04	3.811e+04	0	0	0	0	0	0	0	0	0	0	0	0	0	0	0	0	0	0	0	0	0	0	0	
5992	909.0505	3.45e+19	0	0	100000	2	0	0	0	0	0	0	0	0	0	0	0	0	0	0	0	0	0	0	0	0	0	0	0	0	0	0	0	0	0	0	0	0	0	3.637e+04	0	0	0	0	0	0	0	0	9420	0	0	0	0	0	0	0	0	0	0	0	0	0	1.567e+04	0	0	0	0	0	0	0	0	0	2.557e+04	3.829e+04	0	0	0	0	0	0	0	0	0	0	0	0	0	0	0	0	0	0	0	0	0	0	0	
6020	909.0505	3.45e+19	0	0	100000	2	0	0	0	0	0	0	0	0	0	0	0	0	0	0	0	0	0	0	0	0	0	0	0	0	0	0	0	0	0	0	0	0	0	3.654e+04	0	0	0	0	0	0	0	0	9484	0	0	0	0	0	0	0	0	0	0	0	0	0	1.574e+04	0	0	0	0	0	0	0	0	0	2.569e+04	3.847e+04	0	0	0	0	0	0	0	0	0	0	0	0	0	0	0	0	0	0	0	0	0	0	0	
6048	909.0505	3.45e+19	0	0	100000	2	0	0	0	0	0	0	0	0	0	0	0	0	0	0	0	0	0	0	0	0	0	0	0	0	0	0	0	0	0	0	0	0	0	3.671e+04	0	0	0	0	0	0	0	0	9549	0	0	0	0	0	0	0	0	0	0	0	0	0	1.58e+04	0	0	0	0	0	0	0	0	0	2.581e+04	3.865e+04	0	0	0	0	0	0	0	0	0	0	0	0	0	0	0	0	0	0	0	0	0	0	0	
6076	909.0505	3.45e+19	0	0	100000	2	0	0	0	0	0	0	0	0	0	0	0	0	0	0	0	0	0	0	0	0	0	0	0	0	0	0	0	0	0	0	0	0	0	3.688e+04	0	0	0	0	0	0	0	0	9614	0	0	0	0	0	0	0	0	0	0	0	0	0	1.587e+04	0	0	0	0	0	0	0	0	0	2.592e+04	3.883e+04	0	0	0	0	0	0	0	0	0	0	0	0	0	0	0	0	0	0	0	0	0	0	0	
6104	909.0505	3.45e+19	0	0	100000	2	0	0	0	0	0	0	0	0	0	0	0	0	0	0	0	0	0	0	0	0	0	0	0	0	0	0	0	0	0	0	0	0	0	3.705e+04	0	0	0	0	0	0	0	0	9680	0	0	0	0	0	0	0	0	0	0	0	0	0	1.594e+04	0	0	0	0	0	0	0	0	0	2.604e+04	3.901e+04	0	0	0	0	0	0	0	0	0	0	0	0	0	0	0	0	0	0	0	0	0	0	0	
6132	909.0505	3.45e+19	0	0	100000	2	0	0	0	0	0	0	0	0	0	0	0	0	0	0	0	0	0	0	0	0	0	0	0	0	0	0	0	0	0	0	0	0	0	3.722e+04	0	0	0	0	0	0	0	0	9745	0	0	0	0	0	0	0	0	0	0	0	0	0	1.6e+04	0	0	0	0	0	0	0	0	0	2.616e+04	3.918e+04	0	0	0	0	0	0	0	0	0	0	0	0	0	0	0	0	0	0	0	0	0	0	0	
6160	909.0505	3.45e+19	0	0	100000	2	0	0	0	0	0	0	0	0	0	0	0	0	0	0	0	0	0	0	0	0	0	0	0	0	0	0	0	0	0	0	0	0	0	3.739e+04	0	0	0	0	0	0	0	0	9811	0	0	0	0	0	0	0	0	0	0	0	0	0	1.607e+04	0	0	0	0	0	0	0	0	0	2.628e+04	3.936e+04	0	0	0	0	0	0	0	0	0	0	0	0	0	0	0	0	0	0	0	0	0	0	0	
6188	909.0505	3.45e+19	0	0	100000	2	0	0	0	0	0	0	0	0	0	0	0	0	0	0	0	0	0	0	0	0	0	0	0	0	0	0	0	0	0	0	0	0	0	3.756e+04	0	0	0	0	0	0	0	0	9876	0	0	0	0	0	0	0	0	0	0	0	0	0	1.614e+04	0	0	0	0	0	0	0	0	0	2.64e+04	3.954e+04	0	0	0	0	0	0	0	0	0	0	0	0	0	0	0	0	0	0	0	0	0	0	0	
6216	909.0505	3.45e+19	0	0	100000	2	0	0	0	0	0	0	0	0	0	0	0	0	0	0	0	0	0	0	0	0	0	0	0	0	0	0	0	0	0	0	0	0	0	3.773e+04	0	0	0	0	0	0	0	0	9942	0	0	0	0	0	0	0	0	0	0	0	0	0	1.62e+04	0	0	0	0	0	0	0	0	0	2.652e+04	3.972e+04	0	0	0	0	0	0	0	0	0	0	0	0	0	0	0	0	0	0	0	0	0	0	0	
6244	909.0505	3.45e+19	0	0	100000	2	0	0	0	0	0	0	0	0	0	0	0	0	0	0	0	0	0	0	0	0	0	0	0	0	0	0	0	0	0	0	0	0	0	3.79e+04	0	0	0	0	0	0	0	0	1.001e+04	0	0	0	0	0	0	0	0	0	0	0	0	0	1.627e+04	0	0	0	0	0	0	0	0	0	2.664e+04	3.99e+04	0	0	0	0	0	0	0	0	0	0	0	0	0	0	0	0	0	0	0	0	0	0	0	
6272	909.0505	3.45e+19	0	0	100000	2	0	0	0	0	0	0	0	0	0	0	0	0	0	0	0	0	0	0	0	0	0	0	0	0	0	0	0	0	0	0	0	0	0	3.807e+04	0	0	0	0	0	0	0	0	1.007e+04	0	0	0	0	0	0	0	0	0	0	0	0	0	1.634e+04	0	0	0	0	0	0	0	0	0	2.676e+04	4.008e+04	0	0	0	0	0	0	0	0	0	0	0	0	0	0	0	0	0	0	0	0	0	0	0	
6300	909.0505	3.45e+19	0	0	100000	2	0	0	0	0	0	0	0	0	0	0	0	0	0	0	0	0	0	0	0	0	0	0	0	0	0	0	0	0	0	0	0	0	0	3.824e+04	0	0	0	0	0	0	0	0	1.014e+04	0	0	0	0	0	0	0	0	0	0	0	0	0	1.64e+04	0	0	0	0	0	0	0	0	0	2.688e+04	4.026e+04	0	0	0	0	0	0	0	0	0	0	0	0	0	0	0	0	0	0	0	0	0	0	0	
6328	909.0505	3.45e+19	0	0	100000	2	0	0	0	0	0	0	0	0	0	0	0	0	0	0	0	0	0	0	0	0	0	0	0	0	0	0	0	0	0	0	0	0	0	3.841e+04	0	0	0	0	0	0	0	0	1.021e+04	0	0	0	0	0	0	0	0	0	0	0	0	0	1.647e+04	0	0	0	0	0	0	0	0	0	2.7e+04	4.044e+04	0	0	0	0	0	0	0	0	0	0	0	0	0	0	0	0	0	0	0	0	0	0	0	
6356	909.0505	3.45e+19	0	0	100000	2	0	0	0	0	0	0	0	0	0	0	0	0	0	0	0	0	0	0	0	0	0	0	0	0	0	0	0	0	0	0	0	0	0	3.858e+04	0	0	0	0	0	0	0	0	1.027e+04	0	0	0	0	0	0	0	0	0	0	0	0	0	1.654e+04	0	0	0	0	0	0	0	0	0	2.712e+04	4.062e+04	0	0	0	0	0	0	0	0	0	0	0	0	0	0	0	0	0	0	0	0	0	0	0	
6384	909.0505	3.45e+19	0	0	100000	2	0	0	0	0	0	0	0	0	0	0	0	0	0	0	0	0	0	0	0	0	0	0	0	0	0	0	0	0	0	0	0	0	0	3.875e+04	0	0	0	0	0	0	0	0	1.034e+04	0	0	0	0	0	0	0	0	0	0	0	0	0	1.66e+04	0	0	0	0	0	0	0	0	0	2.724e+04	4.079e+04	0	0	0	0	0	0	0	0	0	0	0	0	0	0	0	0	0	0	0	0	0	0	0	
6412	909.0505	3.45e+19	0	0	100000	2	0	0	0	0	0	0	0	0	0	0	0	0	0	0	0	0	0	0	0	0	0	0	0	0	0	0	0	0	0	0	0	0	0	3.892e+04	0	0	0	0	0	0	0	0	1.041e+04	0	0	0	0	0	0	0	0	0	0	0	0	0	1.667e+04	0	0	0	0	0	0	0	0	0	2.736e+04	4.097e+04	0	0	0	0	0	0	0	0	0	0	0	0	0	0	0	0	0	0	0	0	0	0	0	
6440	909.0505	3.45e+19	0	0	100000	2	0	0	0	0	0	0	0	0	0	0	0	0	0	0	0	0	0	0	0	0	0	0	0	0	0	0	0	0	0	0	0	0	0	3.909e+04	0	0	0	0	0	0	0	0	1.047e+04	0	0	0	0	0	0	0	0	0	0	0	0	0	1.674e+04	0	0	0	0	0	0	0	0	0	2.748e+04	4.115e+04	0	0	0	0	0	0	0	0	0	0	0	0	0	0	0	0	0	0	0	0	0	0	0	
6468	909.0505	3.45e+19	0	0	100000	2	0	0	0	0	0	0	0	0	0	0	0	0	0	0	0	0	0	0	0	0	0	0	0	0	0	0	0	0	0	0	0	0	0	3.926e+04	0	0	0	0	0	0	0	0	1.054e+04	0	0	0	0	0	0	0	0	0	0	0	0	0	1.68e+04	0	0	0	0	0	0	0	0	0	2.76e+04	4.133e+04	0	0	0	0	0	0	0	0	0	0	0	0	0	0	0	0	0	0	0	0	0	0	0	
6496	909.0505	3.45e+19	0	0	100000	2	0	0	0	0	0	0	0	0	0	0	0	0	0	0	0	0	0	0	0	0	0	0	0	0	0	0	0	0	0	0	0	0	0	3.943e+04	0	0	0	0	0	0	0	0	1.061e+04	0	0	0	0	0	0	0	0	0	0	0	0	0	1.687e+04	0	0	0	0	0	0	0	0	0	2.772e+04	4.151e+04	0	0	0	0	0	0	0	0	0	0	0	0	0	0	0	0	0	0	0	0	0	0	0	
6524	909.0505	3.45e+19	0	0	100000	2	0	0	0	0	0	0	0	0	0	0	0	0	0	0	0	0	0	0	0	0	0	0	0	0	0	0	0	0	0	0	0	0	0	3.96e+04	0	0	0	0	0	0	0	0	1.067e+04	0	0	0	0	0	0	0	0	0	0	0	0	0	1.694e+04	0	0	0	0	0	0	0	0	0	2.784e+04	4.169e+04	0	0	0	0	0	0	0	0	0	0	0	0	0	0	0	0	0	0	0	0	0	0	0	
6552	909.0505	3.45e+19	0	0	100000	2	0	0	0	0	0	0	0	0	0	0	0	0	0	0	0	0	0	0	0	0	0	0	0	0	0	0	0	0	0	0	0	0	0	3.977e+04	0	0	0	0	0	0	0	0	1.074e+04	0	0	0	0	0	0	0	0	0	0	0	0	0	1.7e+04	0	0	0	0	0	0	0	0	0	2.796e+04	4.187e+04	0	0	0	0	0	0	0	0	0	0	0	0	0	0	0	0	0	0	0	0	0	0	0	
6580	909.0505	3.45e+19	0	0	100000	2	0	0	0	0	0	0	0	0	0	0	0	0	0	0	0	0	0	0	0	0	0	0	0	0	0	0	0	0	0	0	0	0	0	3.994e+04	0	0	0	0	0	0	0	0	1.081e+04	0	0	0	0	0	0	0	0	0	0	0	0	0	1.707e+04	0	0	0	0	0	0	0	0	0	2.808e+04	4.205e+04	0	0	0	0	0	0	0	0	0	0	0	0	0	0	0	0	0	0	0	0	0	0	0	
6608	909.0505	3.45e+19	0	0	100000	2	0	0	0	0	0	0	0	0	0	0	0	0	0	0	0	0	0	0	0	0	0	0	0	0	0	0	0	0	0	0	0	0	0	4.011e+04	0	0	0	0	0	0	0	0	1.088e+04	0	0	0	0	0	0	0	0	0	0	0	0	0	1.713e+04	0	0	0	0	0	0	0	0	0	2.819e+04	4.223e+04	0	0	0	0	0	0	0	0	0	0	0	0	0	0	0	0	0	0	0	0	0	0	0	
6636	909.0505	3.45e+19	0	0	100000	2	0	0	0	0	0	0	0	0	0	0	0	0	0	0	0	0	0	0	0	0	0	0	0	0	0	0	0	0	0	0	0	0	0	4.028e+04	0	0	0	0	0	0	0	0	1.094e+04	0	0	0	0	0	0	0	0	0	0	0	0	0	1.72e+04	0	0	0	0	0	0	0	0	0	2.831e+04	4.24e+04	0	0	0	0	0	0	0	0	0	0	0	0	0	0	0	0	0	0	0	0	0	0	0	
6664	909.0505	3.45e+19	0	0	100000	2	0	0	0	0	0	0	0	0	0	0	0	0	0	0	0	0	0	0	0	0	0	0	0	0	0	0	0	0	0	0	0	0	0	4.045e+04	0	0	0	0	0	0	0	0	1.101e+04	0	0	0	0	0	0	0	0	0	0	0	0	0	1.727e+04	0	0	0	0	0	0	0	0	0	2.843e+04	4.258e+04	0	0	0	0	0	0	0	0	0	0	0	0	0	0	0	0	0	0	0	0	0	0	0	
6692	909.0505	3.45e+19	0	0	100000	2	0	0	0	0	0	0	0	0	0	0	0	0	0	0	0	0	0	0	0	0	0	0	0	0	0	0	0	0	0	0	0	0	0	4.062e+04	0	0	0	0	0	0	0	0	1.108e+04	0	0	0	0	0	0	0	0	0	0	0	0	0	1.733e+04	0	0	0	0	0	0	0	0	0	2.855e+04	4.276e+04	0	0	0	0	0	0	0	0	0	0	0	0	0	0	0	0	0	0	0	0	0	0	0	
6720	909.0505	3.45e+19	0	0	100000	2	0	0	0	0	0	0	0	0	0	0	0	0	0	0	0	0	0	0	0	0	0	0	0	0	0	0	0	0	0	0	0	0	0	4.079e+04	0	0	0	0	0	0	0	0	1.115e+04	0	0	0	0	0	0	0	0	0	0	0	0	0	1.74e+04	0	0	0	0	0	0	0	0	0	2.867e+04	4.294e+04	0	0	0	0	0	0	0	0	0	0	0	0	0	0	0	0	0	0	0	0	0	0	0	
6748	909.0505	3.45e+19	0	0	100000	2	0	0	0	0	0	0	0	0	0	0	0	0	0	0	0	0	0	0	0	0	0	0	0	0	0	0	0	0	0	0	0	0	0	4.096e+04	0	0	0	0	0	0	0	0	1.122e+04	0	0	0	0	0	0	0	0	0	0	0	0	0	1.746e+04	0	0	0	0	0	0	0	0	0	2.879e+04	4.312e+04	0	0	0	0	0	0	0	0	0	0	0	0	0	0	0	0	0	0	0	0	0	0	0	
6776	909.0505	3.45e+19	0	0	100000	2	0	0	0	0	0	0	0	0	0	0	0	0	0	0	0	0	0	0	0	0	0	0	0	0	0	0	0	0	0	0	0	0	0	4.113e+04	0	0	0	0	0	0	0	0	1.129e+04	0	0	0	0	0	0	0	0	0	0	0	0	0	1.753e+04	0	0	0	0	0	0	0	0	0	2.891e+04	4.33e+04	0	0	0	0	0	0	0	0	0	0	0	0	0	0	0	0	0	0	0	0	0	0	0	
6804	909.0505	3.45e+19	0	0	100000	2	0	0	0	0	0	0	0	0	0	0	0	0	0	0	0	0	0	0	0	0	0	0	0	0	0	0	0	0	0	0	0	0	0	4.13e+04	0	0	0	0	0	0	0	0	1.135e+04	0	0	0	0	0	0	0	0	0	0	0	0	0	1.76e+04	0	0	0	0	0	0	0	0	0	2.903e+04	4.348e+04	0	0	0	0	0	0	0	0	0	0	0	0	0	0	0	0	0	0	0	0	0	0	0	
6832	909.0505	3.45e+19	0	0	100000	2	0	0	0	0	0	0	0	0	0	0	0	0	0	0	0	0	0	0	0	0	0	0	0	0	0	0	0	0	0	0	0	0	0	4.147e+04	0	0	0	0	0	0	0	0	1.142e+04	0	0	0	0	0	0	0	0	0	0	0	0	0	1.766e+04	0	0	0	0	0	0	0	0	0	2.915e+04	4.366e+04	0	0	0	0	0	0	0	0	0	0	0	0	0	0	0	0	0	0	0	0	0	0	0	
6860	909.0505	3.45e+19	0	0	100000	2	0	0	0	0	0	0	0	0	0	0	0	0	0	0	0	0	0	0	0	0	0	0	0	0	0	0	0	0	0	0	0	0	0	4.164e+04	0	0	0	0	0	0	0	0	1.149e+04	0	0	0	0	0	0	0	0	0	0	0	0	0	1.773e+04	0	0	0	0	0	0	0	0	0	2.927e+04	4.384e+04	0	0	0	0	0	0	0	0	0	0	0	0	0	0	0	0	0	0	0	0	0	0	0	
6888	909.0505	3.45e+19	0	0	100000	2	0	0	0	0	0	0	0	0	0	0	0	0	0	0	0	0	0	0	0	0	0	0	0	0	0	0	0	0	0	0	0	0	0	4.181e+04	0	0	0	0	0	0	0	0	1.156e+04	0	0	0	0	0	0	0	0	0	0	0	0	0	1.779e+04	0	0	0	0	0	0	0	0	0	2.939e+04	4.402e+04	0	0	0	0	0	0	0	0	0	0	0	0	0	0	0	0	0	0	0	0	0	0	0	
6916	909.0505	3.45e+19	0	0	100000	2	0	0	0	0	0	0	0	0	0	0	0	0	0	0	0	0	0	0	0	0	0	0	0	0	0	0	0	0	0	0	0	0	0	4.198e+04	0	0	0	0	0	0	0	0	1.163e+04	0	0	0	0	0	0	0	0	0	0	0	0	0	1.786e+04	0	0	0	0	0	0	0	0	0	2.951e+04	4.419e+04	0	0	0	0	0	0	0	0	0	0	0	0	0	0	0	0	0	0	0	0	0	0	0	
6944	909.0505	3.45e+19	0	0	100000	2	0	0	0	0	0	0	0	0	0	0	0	0	0	0	0	0	0	0	0	0	0	0	0	0	0	0	0	0	0	0	0	0	0	4.215e+04	0	0	0	0	0	0	0	0	1.17e+04	0	0	0	0	0	0	0	0	0	0	0	0	0	1.792e+04	0	0	0	0	0	0	0	0	0	2.963e+04	4.437e+04	0	0	0	0	0	0	0	0	0	0	0	0	0	0	0	0	0	0	0	0	0	0	0	
6972	909.0505	3.45e+19	0	0	100000	2	0	0	0	0	0	0	0	0	0	0	0	0	0	0	0	0	0	0	0	0	0	0	0	0	0	0	0	0	0	0	0	0	0	4.232e+04	0	0	0	0	0	0	0	0	1.177e+04	0	0	0	0	0	0	0	0	0	0	0	0	0	1.799e+04	0	0	0	0	0	0	0	0	0	2.975e+04	4.455e+04	0	0	0	0	0	0	0	0	0	0	0	0	0	0	0	0	0	0	0	0	0	0	0	
7000	909.0505	3.45e+19	0	0	100000	2	0	0	0	0	0	0	0	0	0	0	0	0	0	0	0	0	0	0	0	0	0	0	0	0	0	0	0	0	0	0	0	0	0	4.249e+04	0	0	0	0	0	0	0	0	1.184e+04	0	0	0	0	0	0	0	0	0	0	0	0	0	1.806e+04	0	0	0	0	0	0	0	0	0	2.987e+04	4.473e+04	0	0	0	0	0	0	0	0	0	0	0	0	0	0	0	0	0	0	0	0	0	0	0	
7028	909.0505	3.45e+19	0	0	100000	2	0	0	0	0	0	0	0	0	0	0	0	0	0	0	0	0	0	0	0	0	0	0	0	0	0	0	0	0	0	0	0	0	0	4.266e+04	0	0	0	0	0	0	0	0	1.191e+04	0	0	0	0	0	0	0	0	0	0	0	0	0	1.812e+04	0	0	0	0	0	0	0	0	0	2.999e+04	4.491e+04	0	0	0	0	0	0	0	0	0	0	0	0	0	0	0	0	0	0	0	0	0	0	0	
7056	909.0505	3.45e+19	0	0	100000	2	0	0	0	0	0	0	0	0	0	0	0	0	0	0	0	0	0	0	0	0	0	0	0	0	0	0	0	0	0	0	0	0	0	4.283e+04	0	0	0	0	0	0	0	0	1.198e+04	0	0	0	0	0	0	0	0	0	0	0	0	0	1.819e+04	0	0	0	0	0	0	0	0	0	3.011e+04	4.509e+04	0	0	0	0	0	0	0	0	0	0	0	0	0	0	0	0	0	0	0	0	0	0	0	
7084	909.0505	3.45e+19	0	0	100000	2	0	0	0	0	0	0	0	0	0	0	0	0	0	0	0	0	0	0	0	0	0	0	0	0	0	0	0	0	0	0	0	0	0	4.3e+04	0	0	0	0	0	0	0	0	1.205e+04	0	0	0	0	0	0	0	0	0	0	0	0	0	1.825e+04	0	0	0	0	0	0	0	0	0	3.023e+04	4.527e+04	0	0	0	0	0	0	0	0	0	0	0	0	0	0	0	0	0	0	0	0	0	0	0	
7112	909.0505	3.45e+19	0	0	100000	2	0	0	0	0	0	0	0	0	0	0	0	0	0	0	0	0	0	0	0	0	0	0	0	0	0	0	0	0	0	0	0	0	0	4.317e+04	0	0	0	0	0	0	0	0	1.212e+04	0	0	0	0	0	0	0	0	0	0	0	0	0	1.832e+04	0	0	0	0	0	0	0	0	0	3.035e+04	4.545e+04	0	0	0	0	0	0	0	0	0	0	0	0	0	0	0	0	0	0	0	0	0	0	0	
7140	909.0505	3.45e+19	0	0	100000	2	0	0	0	0	0	0	0	0	0	0	0	0	0	0	0	0	0	0	0	0	0	0	0	0	0	0	0	0	0	0	0	0	0	4.334e+04	0	0	0	0	0	0	0	0	1.219e+04	0	0	0	0	0	0	0	0	0	0	0	0	0	1.838e+04	0	0	0	0	0	0	0	0	0	3.046e+04	4.563e+04	0	0	0	0	0	0	0	0	0	0	0	0	0	0	0	0	0	0	0	0	0	0	0	
7168	909.0505	3.45e+19	0	0	100000	2	0	0	0	0	0	0	0	0	0	0	0	0	0	0	0	0	0	0	0	0	0	0	0	0	0	0	0	0	0	0	0	0	0	4.351e+04	0	0	0	0	0	0	0	0	1.226e+04	0	0	0	0	0	0	0	0	0	0	0	0	0	1.845e+04	0	0	0	0	0	0	0	0	0	3.058e+04	4.58e+04	0	0	0	0	0	0	0	0	0	0	0	0	0	0	0	0	0	0	0	0	0	0	0	
7196	909.0505	3.45e+19	0	0	100000	2	0	0	0	0	0	0	0	0	0	0	0	0	0	0	0	0	0	0	0	0	0	0	0	0	0	0	0	0	0	0	0	0	0	4.368e+04	0	0	0	0	0	0	0	0	1.233e+04	0	0	0	0	0	0	0	0	0	0	0	0	0	1.851e+04	0	0	0	0	0	0	0	0	0	3.07e+04	4.598e+04	0	0	0	0	0	0	0	0	0	0	0	0	0	0	0	0	0	0	0	0	0	0	0	
7224	909.0505	3.45e+19	0	0	100000	2	0	0	0	0	0	0	0	0	0	0	0	0	0	0	0	0	0	0	0	0	0	0	0	0	0	0	0	0	0	0	0	0	0	4.385e+04	0	0	0	0	0	0	0	0	1.24e+04	0	0	0	0	0	0	0	0	0	0	0	0	0	1.858e+04	0	0	0	0	0	0	0	0	0	3.082e+04	4.616e+04	0	0	0	0	0	0	0	0	0	0	0	0	0	0	0	0	0	0	0	0	0	0	0	
7252	909.0505	3.45e+19	0	0	100000	2	0	0	0	0	0	0	0	0	0	0	0	0	0	0	0	0	0	0	0	0	0	0	0	0	0	0	0	0	0	0	0	0	0	4.402e+04	0	0	0	0	0	0	0	0	1.247e+04	0	0	0	0	0	0	0	0	0	0	0	0	0	1.864e+04	0	0	0	0	0	0	0	0	0	3.094e+04	4.634e+04	0	0	0	0	0	0	0	0	0	0	0	0	0	0	0	0	0	0	0	0	0	0	0	
7280	909.0505	3.45e+19	0	0	100000	2	0	0	0	0	0	0	0	0	0	0	0	0	0	0	0	0	0	0	0	0	0	0	0	0	0	0	0	0	0	0	0	0	0	4.419e+04	0	0	0	0	0	0	0	0	1.254e+04	0	0	0	0	0	0	0	0	0	0	0	0	0	1.871e+04	0	0	0	0	0	0	0	0	0	3.106e+04	4.652e+04	0	0	0	0	0	0	0	0	0	0	0	0	0	0	0	0	0	0	0	0	0	0	0	
7308	909.0505	3.45e+19	0	0	100000	2	0	0	0	0	0	0	0	0	0	0	0	0	0	0	0	0	0	0	0	0	0	0	0	0	0	0	0	0	0	0	0	0	0	4.436e+04	0	0	0	0	0	0	0	0	1.261e+04	0	0	0	0	0	0	0	0	0	0	0	0	0	1.877e+04	0	0	0	0	0	0	0	0	0	3.118e+04	4.67e+04	0	0	0	0	0	0	0	0	0	0	0	0	0	0	0	0	0	0	0	0	0	0	0	
7336	909.0505	3.45e+19	0	0	100000	2	0	0	0	0	0	0	0	0	0	0	0	0	0	0	0	0	0	0	0	0	0	0	0	0	0	0	0	0	0	0	0	0	0	4.453e+04	0	0	0	0	0	0	0	0	1.268e+04	0	0	0	0	0	0	0	0	0	0	0	0	0	1.884e+04	0	0	0	0	0	0	0	0	0	3.13e+04	4.688e+04	0	0	0	0	0	0	0	0	0	0	0	0	0	0	0	0	0	0	0	0	0	0	0	
7364	909.0505	3.45e+19	0	0	100000	2	0	0	0	0	0	0	0	0	0	0	0	0	0	0	0	0	0	0	0	0	0	0	0	0	0	0	0	0	0	0	0	0	0	4.47e+04	0	0	0	0	0	0	0	0	1.275e+04	0	0	0	0	0	0	0	0	0	0	0	0	0	1.89e+04	0	0	0	0	0	0	0	0	0	3.142e+04	4.706e+04	0	0	0	0	0	0	0	0	0	0	0	0	0	0	0	0	0	0	0	0	0	0	0	
7392	909.0505	3.45e+19	0	0	100000	2	0	0	0	0	0	0	0	0	0	0	0	0	0	0	0	0	0	0	0	0	0	0	0	0	0	0	0	0	0	0	0	0	0	4.487e+04	0	0	0	0	0	0	0	0	1.282e+04	0	0	0	0	0	0	0	0	0	0	0	0	0	1.897e+04	0	0	0	0	0	0	0	0	0	3.154e+04	4.724e+04	0	0	0	0	0	0	0	0	0	0	0	0	0	0	0	0	0	0	0	0	0	0	0	
7420	909.0505	3.45e+19	0	0	100000	2	0	0	0	0	0	0	0	0	0	0	0	0	0	0	0	0	0	0	0	0	0	0	0	0	0	0	0	0	0	0	0	0	0	4.504e+04	0	0	0	0	0	0	0	0	1.289e+04	0	0	0	0	0	0	0	0	0	0	0	0	0	1.903e+04	0	0	0	0	0	0	0	0	0	3.166e+04	4.741e+04	0	0	0	0	0	0	0	0	0	0	0	0	0	0	0	0	0	0	0	0	0	0	0	
7448	909.0505	3.45e+19	0	0	100000	2	0	0	0	0	0	0	0	0	0	0	0	0	0	0	0	0	0	0	0	0	0	0	0	0	0	0	0	0	0	0	0	0	0	4.521e+04	0	0	0	0	0	0	0	0	1.296e+04	0	0	0	0	0	0	0	0	0	0	0	0	0	1.91e+04	0	0	0	0	0	0	0	0	0	3.178e+04	4.759e+04	0	0	0	0	0	0	0	0	0	0	0	0	0	0	0	0	0	0	0	0	0	0	0	
7476	909.0505	3.45e+19	0	0	100000	2	0	0	0	0	0	0	0	0	0	0	0	0	0	0	0	0	0	0	0	0	0	0	0	0	0	0	0	0	0	0	0	0	0	4.538e+04	0	0	0	0	0	0	0	0	1.304e+04	0	0	0	0	0	0	0	0	0	0	0	0	0	1.916e+04	0	0	0	0	0	0	0	0	0	3.19e+04	4.777e+04	0	0	0	0	0	0	0	0	0	0	0	0	0	0	0	0	0	0	0	0	0	0	0	
7504	909.0505	3.45e+19	0	0	100000	2	0	0	0	0	0	0	0	0	0	0	0	0	0	0	0	0	0	0	0	0	0	0	0	0	0	0	0	0	0	0	0	0	0	4.555e+04	0	0	0	0	0	0	0	0	1.311e+04	0	0	0	0	0	0	0	0	0	0	0	0	0	1.923e+04	0	0	0	0	0	0	0	0	0	3.202e+04	4.795e+04	0	0	0	0	0	0	0	0	0	0	0	0	0	0	0	0	0	0	0	0	0	0	0	
7532	909.0505	3.45e+19	0	0	100000	2	0	0	0	0	0	0	0	0	0	0	0	0	0	0	0	0	0	0	0	0	0	0	0	0	0	0	0	0	0	0	0	0	0	4.572e+04	0	0	0	0	0	0	0	0	1.318e+04	0	0	0	0	0	0	0	0	0	0	0	0	0	1.929e+04	0	0	0	0	0	0	0	0	0	3.214e+04	4.813e+04	0	0	0	0	0	0	0	0	0	0	0	0	0	0	0	0	0	0	0	0	0	0	0	
7560	909.0505	3.45e+19	0	0	100000	2	0	0	0	0	0	0	0	0	0	0	0	0	0	0	0	0	0	0	0	0	0	0	0	0	0	0	0	0	0	0	0	0	0	4.589e+04	0	0	0	0	0	0	0	0	1.325e+04	0	0	0	0	0	0	0	0	0	0	0	0	0	1.936e+04	0	0	0	0	0	0	0	0	0	3.226e+04	4.831e+04	0	0	0	0	0	0	0	0	0	0	0	0	0	0	0	0	0	0	0	0	0	0	0	
7588	909.0505	3.45e+19	0	0	100000	2	0	0	0	0	0	0	0	0	0	0	0	0	0	0	0	0	0	0	0	0	0	0	0	0	0	0	0	0	0	0	0	0	0	4.606e+04	0	0	0	0	0	0	0	0	1.332e+04	0	0	0	0	0	0	0	0	0	0	0	0	0	1.942e+04	0	0	0	0	0	0	0	0	0	3.238e+04	4.849e+04	0	0	0	0	0	0	0	0	0	0	0	0	0	0	0	0	0	0	0	0	0	0	0	
7616	909.0505	3.45e+19	0	0	100000	2	0	0	0	0	0	0	0	0	0	0	0	0	0	0	0	0	0	0	0	0	0	0	0	0	0	0	0	0	0	0	0	0	0	4.623e+04	0	0	0	0	0	0	0	0	1.34e+04	0	0	0	0	0	0	0	0	0	0	0	0	0	1.949e+04	0	0	0	0	0	0	0	0	0	3.25e+04	4.867e+04	0	0	0	0	0	0	0	0	0	0	0	0	0	0	0	0	0	0	0	0	0	0	0	
7644	909.0505	3.45e+19	0	0	100000	2	0	0	0	0	0	0	0	0	0	0	0	0	0	0	0	0	0	0	0	0	0	0	0	0	0	0	0	0	0	0	0	0	0	4.64e+04	0	0	0	0	0	0	0	0	1.347e+04	0	0	0	0	0	0	0	0	0	0	0	0	0	1.955e+04	0	0	0	0	0	0	0	0	0	3.262e+04	4.885e+04	0	0	0	0	0	0	0	0	0	0	0	0	0	0	0	0	0	0	0	0	0	0	0	
7672	909.0505	3.45e+19	0	0	100000	2	0	0	0	0	0	0	0	0	0	0	0	0	0	0	0	0	0	0	0	0	0	0	0	0	0	0	0	0	0	0	0	0	0	4.657e+04	0	0	0	0	0	0	0	0	1.354e+04	0	0	0	0	0	0	0	0	0	0	0	0	0	1.962e+04	0	0	0	0	0	0	0	0	0	3.273e+04	4.902e+04	0	0	0	0	0	0	0	0	0	0	0	0	0	0	0	0	0	0	0	0	0	0	0	
7700	909.0505	3.45e+19	0	0	100000	2	0	0	0	0	0	0	0	0	0	0	0	0	0	0	0	0	0	0	0	0	0	0	0	0	0	0	0	0	0	0	0	0	0	4.673e+04	0	0	0	0	0	0	0	0	1.361e+04	0	0	0	0	0	0	0	0	0	0	0	0	0	1.968e+04	0	0	0	0	0	0	0	0	0	3.285e+04	4.92e+04	0	0	0	0	0	0	0	0	0	0	0	0	0	0	0	0	0	0	0	0	0	0	0	
7728	909.0505	3.45e+19	0	0	100000	2	0	0	0	0	0	0	0	0	0	0	0	0	0	0	0	0	0	0	0	0	0	0	0	0	0	0	0	0	0	0	0	0	0	4.69e+04	0	0	0	0	0	0	0	0	1.369e+04	0	0	0	0	0	0	0	0	0	0	0	0	0	1.975e+04	0	0	0	0	0	0	0	0	0	3.297e+04	4.938e+04	0	0	0	0	0	0	0	0	0	0	0	0	0	0	0	0	0	0	0	0	0	0	0	
7756	909.0505	3.45e+19	0	0	100000	2	0	0	0	0	0	0	0	0	0	0	0	0	0	0	0	0	0	0	0	0	0	0	0	0	0	0	0	0	0	0	0	0	0	4.707e+04	0	0	0	0	0	0	0	0	1.376e+04	0	0	0	0	0	0	0	0	0	0	0	0	0	1.981e+04	0	0	0	0	0	0	0	0	0	3.309e+04	4.956e+04	0	0	0	0	0	0	0	0	0	0	0	0	0	0	0	0	0	0	0	0	0	0	0	
7784	909.0505	3.45e+19	0	0	100000	2	0	0	0	0	0	0	0	0	0	0	0	0	0	0	0	0	0	0	0	0	0	0	0	0	0	0	0	0	0	0	0	0	0	4.724e+04	0	0	0	0	0	0	0	0	1.383e+04	0	0	0	0	0	0	0	0	0	0	0	0	0	1.988e+04	0	0	0	0	0	0	0	0	0	3.321e+04	4.974e+04	0	0	0	0	0	0	0	0	0	0	0	0	0	0	0	0	0	0	0	0	0	0	0	
7812	909.0505	3.45e+19	0	0	100000	2	0	0	0	0	0	0	0	0	0	0	0	0	0	0	0	0	0	0	0	0	0	0	0	0	0	0	0	0	0	0	0	0	0	4.741e+04	0	0	0	0	0	0	0	0	1.39e+04	0	0	0	0	0	0	0	0	0	0	0	0	0	1.994e+04	0	0	0	0	0	0	0	0	0	3.333e+04	4.992e+04	0	0	0	0	0	0	0	0	0	0	0	0	0	0	0	0	0	0	0	0	0	0	0	
7840	909.0505	3.45e+19	0	0	100000	2	0	0	0	0	0	0	0	0	0	0	0	0	0	0	0	0	0	0	0	0	0	0	0	0	0	0	0	0	0	0	0	0	0	4.758e+04	0	0	0	0	0	0	0	0	1.398e+04	0	0	0	0	0	0	0	0	0	0	0	0	0	2.001e+04	0	0	0	0	0	0	0	0	0	3.345e+04	5.01e+04	0	0	0	0	0	0	0	0	0	0	0	0	0	0	0	0	0	0	0	0	0	0	0	
7868	909.0505	3.45e+19	0	0	100000	2	0	0	0	0	0	0	0	0	0	0	0	0	0	0	0	0	0	0	0	0	0	0	0	0	0	0	0	0	0	0	0	0	0	4.775e+04	0	0	0	0	0	0	0	0	1.405e+04	0	0	0	0	0	0	0	0	0	0	0	0	0	2.007e+04	0	0	0	0	0	0	0	0	0	3.357e+04	5.028e+04	0	0	0	0	0	0	0	0	0	0	0	0	0	0	0	0	0	0	0	0	0	0	0	
7896	909.0505	3.45e+19	0	0	100000	2	0	0	0	0	0	0	0	0	0	0	0	0	0	0	0	0	0	0	0	0	0	0	0	0	0	0	0	0	0	0	0	0	0	4.792e+04	0	0	0	0	0	0	0	0	1.412e+04	0	0	0	0	0	0	0	0	0	0	0	0	0	2.013e+04	0	0	0	0	0	0	0	0	0	3.369e+04	5.046e+04	0	0	0	0	0	0	0	0	0	0	0	0	0	0	0	0	0	0	0	0	0	0	0	
7924	909.0505	3.45e+19	0	0	100000	2	0	0	0	0	0	0	0	0	0	0	0	0	0	0	0	0	0	0	0	0	0	0	0	0	0	0	0	0	0	0	0	0	0	4.809e+04	0	0	0	0	0	0	0	0	1.42e+04	0	0	0	0	0	0	0	0	0	0	0	0	0	2.02e+04	0	0	0	0	0	0	0	0	0	3.381e+04	5.064e+04	0	0	0	0	0	0	0	0	0	0	0	0	0	0	0	0	0	0	0	0	0	0	0	
7952	909.0505	3.45e+19	0	0	100000	2	0	0	0	0	0	0	0	0	0	0	0	0	0	0	0	0	0	0	0	0	0	0	0	0	0	0	0	0	0	0	0	0	0	4.826e+04	0	0	0	0	0	0	0	0	1.427e+04	0	0	0	0	0	0	0	0	0	0	0	0	0	2.026e+04	0	0	0	0	0	0	0	0	0	3.393e+04	5.081e+04	0	0	0	0	0	0	0	0	0	0	0	0	0	0	0	0	0	0	0	0	0	0	0	
7980	909.0505	3.45e+19	0	0	100000	2	0	0	0	0	0	0	0	0	0	0	0	0	0	0	0	0	0	0	0	0	0	0	0	0	0	0	0	0	0	0	0	0	0	4.843e+04	0	0	0	0	0	0	0	0	1.434e+04	0	0	0	0	0	0	0	0	0	0	0	0	0	2.033e+04	0	0	0	0	0	0	0	0	0	3.405e+04	5.099e+04	0	0	0	0	0	0	0	0	0	0	0	0	0	0	0	0	0	0	0	0	0	0	0	
8008	909.0505	3.45e+19	0	0	100000	2	0	0	0	0	0	0	0	0	0	0	0	0	0	0	0	0	0	0	0	0	0	0	0	0	0	0	0	0	0	0	0	0	0	4.86e+04	0	0	0	0	0	0	0	0	1.442e+04	0	0	0	0	0	0	0	0	0	0	0	0	0	2.039e+04	0	0	0	0	0	0	0	0	0	3.417e+04	5.117e+04	0	0	0	0	0	0	0	0	0	0	0	0	0	0	0	0	0	0	0	0	0	0	0	
8036	909.0505	3.45e+19	0	0	100000	2	0	0	0	0	0	0	0	0	0	0	0	0	0	0	0	0	0	0	0	0	0	0	0	0	0	0	0	0	0	0	0	0	0	4.877e+04	0	0	0	0	0	0	0	0	1.449e+04	0	0	0	0	0	0	0	0	0	0	0	0	0	2.046e+04	0	0	0	0	0	0	0	0	0	3.429e+04	5.135e+04	0	0	0	0	0	0	0	0	0	0	0	0	0	0	0	0	0	0	0	0	0	0	0	
8064	909.0505	3.45e+19	0	0	100000	2	0	0	0	0	0	0	0	0	0	0	0	0	0	0	0	0	0	0	0	0	0	0	0	0	0	0	0	0	0	0	0	0	0	4.894e+04	0	0	0	0	0	0	0	0	1.457e+04	0	0	0	0	0	0	0	0	0	0	0	0	0	2.052e+04	0	0	0	0	0	0	0	0	0	3.441e+04	5.153e+04	0	0	0	0	0	0	0	0	0	0	0	0	0	0	0	0	0	0	0	0	0	0	0	
8092	909.0505	3.45e+19	0	0	100000	2	0	0	0	0	0	0	0	0	0	0	0	0	0	0	0	0	0	0	0	0	0	0	0	0	0	0	0	0	0	0	0	0	0	4.911e+04	0	0	0	0	0	0	0	0	1.464e+04	0	0	0	0	0	0	0	0	0	0	0	0	0	2.058e+04	0	0	0	0	0	0	0	0	0	3.453e+04	5.171e+04	0	0	0	0	0	0	0	0	0	0	0	0	0	0	0	0	0	0	0	0	0	0	0	
8120	909.0505	3.45e+19	0	0	100000	2	0	0	0	0	0	0	0	0	0	0	0	0	0	0	0	0	0	0	0	0	0	0	0	0	0	0	0	0	0	0	0	0	0	4.928e+04	0	0	0	0	0	0	0	0	1.471e+04	0	0	0	0	0	0	0	0	0	0	0	0	0	2.065e+04	0	0	0	0	0	0	0	0	0	3.465e+04	5.189e+04	0	0	0	0	0	0	0	0	0	0	0	0	0	0	0	0	0	0	0	0	0	0	0	
8148	909.0505	3.45e+19	0	0	100000	2	0	0	0	0	0	0	0	0	0	0	0	0	0	0	0	0	0	0	0	0	0	0	0	0	0	0	0	0	0	0	0	0	0	4.945e+04	0	0	0	0	0	0	0	0	1.479e+04	0	0	0	0	0	0	0	0	0	0	0	0	0	2.071e+04	0	0	0	0	0	0	0	0	0	3.477e+04	5.207e+04	0	0	0	0	0	0	0	0	0	0	0	0	0	0	0	0	0	0	0	0	0	0	0	
8176	909.0505	3.45e+19	0	0	100000	2	0	0	0	0	0	0	0	0	0	0	0	0	0	0	0	0	0	0	0	0	0	0	0	0	0	0	0	0	0	0	0	0	0	4.962e+04	0	0	0	0	0	0	0	0	1.486e+04	0	0	0	0	0	0	0	0	0	0	0	0	0	2.078e+04	0	0	0	0	0	0	0	0	0	3.489e+04	5.225e+04	0	0	0	0	0	0	0	0	0	0	0	0	0	0	0	0	0	0	0	0	0	0	0	
8204	909.0505	3.45e+19	0	0	100000	2	0	0	0	0	0	0	0	0	0	0	0	0	0	0	0	0	0	0	0	0	0	0	0	0	0	0	0	0	0	0	0	0	0	4.979e+04	0	0	0	0	0	0	0	0	1.494e+04	0	0	0	0	0	0	0	0	0	0	0	0	0	2.084e+04	0	0	0	0	0	0	0	0	0	3.5e+04	5.242e+04	0	0	0	0	0	0	0	0	0	0	0	0	0	0	0	0	0	0	0	0	0	0	0	
8232	909.0505	3.45e+19	0	0	100000	2	0	0	0	0	0	0	0	0	0	0	0	0	0	0	0	0	0	0	0	0	0	0	0	0	0	0	0	0	0	0	0	0	0	4.996e+04	0	0	0	0	0	0	0	0	1.501e+04	0	0	0	0	0	0	0	0	0	0	0	0	0	2.091e+04	0	0	0	0	0	0	0	0	0	3.512e+04	5.26e+04	0	0	0	0	0	0	0	0	0	0	0	0	0	0	0	0	0	0	0	0	0	0	0	
8260	909.0505	3.45e+19	0	0	100000	2	0	0	0	0	0	0	0	0	0	0	0	0	0	0	0	0	0	0	0	0	0	0	0	0	0	0	0	0	0	0	0	0	0	5.013e+04	0	0	0	0	0	0	0	0	1.509e+04	0	0	0	0	0	0	0	0	0	0	0	0	0	2.097e+04	0	0	0	0	0	0	0	0	0	3.524e+04	5.278e+04	0	0	0	0	0	0	0	0	0	0	0	0	0	0	0	0	0	0	0	0	0	0	0	
8288	909.0505	3.45e+19	0	0	100000	2	0	0	0	0	0	0	0	0	0	0	0	0	0	0	0	0	0	0	0	0	0	0	0	0	0	0	0	0	0	0	0	0	0	5.03e+04	0	0	0	0	0	0	0	0	1.516e+04	0	0	0	0	0	0	0	0	0	0	0	0	0	2.103e+04	0	0	0	0	0	0	0	0	0	3.536e+04	5.296e+04	0	0	0	0	0	0	0	0	0	0	0	0	0	0	0	0	0	0	0	0	0	0	0	
8316	909.0505	3.45e+19	0	0	100000	2	0	0	0	0	0	0	0	0	0	0	0	0	0	0	0	0	0	0	0	0	0	0	0	0	0	0	0	0	0	0	0	0	0	5.047e+04	0	0	0	0	0	0	0	0	1.524e+04	0	0	0	0	0	0	0	0	0	0	0	0	0	2.11e+04	0	0	0	0	0	0	0	0	0	3.548e+04	5.314e+04	0	0	0	0	0	0	0	0	0	0	0	0	0	0	0	0	0	0	0	0	0	0	0	
8344	909.0505	3.45e+19	0	0	100000	2	0	0	0	0	0	0	0	0	0	0	0	0	0	0	0	0	0	0	0	0	0	0	0	0	0	0	0	0	0	0	0	0	0	5.064e+04	0	0	0	0	0	0	0	0	1.531e+04	0	0	0	0	0	0	0	0	0	0	0	0	0	2.116e+04	0	0	0	0	0	0	0	0	0	3.56e+04	5.332e+04	0	0	0	0	0	0	0	0	0	0	0	0	0	0	0	0	0	0	0	0	0	0	0	
8372	909.0505	3.45e+19	0	0	100000	2	0	0	0	0	0	0	0	0	0	0	0	0	0	0	0	0	0	0	0	0	0	0	0	0	0	0	0	0	0	0	0	0	0	5.081e+04	0	0	0	0	0	0	0	0	1.539e+04	0	0	0	0	0	0	0	0	0	0	0	0	0	2.122e+04	0	0	0	0	0	0	0	0	0	3.572e+04	5.35e+04	0	0	0	0	0	0	0	0	0	0	0	0	0	0	0	0	0	0	0	0	0	0	0	
8400	909.0505	3.45e+19	0	0	100000	2	0	0	0	0	0	0	0	0	0	0	0	0	0	0	0	0	0	0	0	0	0	0	0	0	0	0	0	0	0	0	0	0	0	5.098e+04	0	0	0	0	0	0	0	0	1.546e+04	0	0	0	0	0	0	0	0	0	0	0	0	0	2.129e+04	0	0	0	0	0	0	0	0	0	3.584e+04	5.368e+04	0	0	0	0	0	0	0	0	0	0	0	0	0	0	0	0	0	0	0	0	0	0	0	
8428	909.0505	3.45e+19	0	0	100000	2	0	0	0	0	0	0	0	0	0	0	0	0	0	0	0	0	0	0	0	0	0	0	0	0	0	0	0	0	0	0	0	0	0	5.115e+04	0	0	0	0	0	0	0	0	1.554e+04	0	0	0	0	0	0	0	0	0	0	0	0	0	2.135e+04	0	0	0	0	0	0	0	0	0	3.596e+04	5.386e+04	0	0	0	0	0	0	0	0	0	0	0	0	0	0	0	0	0	0	0	0	0	0	0	
8456	909.0505	3.45e+19	0	0	100000	2	0	0	0	0	0	0	0	0	0	0	0	0	0	0	0	0	0	0	0	0	0	0	0	0	0	0	0	0	0	0	0	0	0	5.132e+04	0	0	0	0	0	0	0	0	1.561e+04	0	0	0	0	0	0	0	0	0	0	0	0	0	2.142e+04	0	0	0	0	0	0	0	0	0	3.608e+04	5.403e+04	0	0	0	0	0	0	0	0	0	0	0	0	0	0	0	0	0	0	0	0	0	0	0	
8484	909.0505	3.45e+19	0	0	100000	2	0	0	0	0	0	0	0	0	0	0	0	0	0	0	0	0	0	0	0	0	0	0	0	0	0	0	0	0	0	0	0	0	0	5.149e+04	0	0	0	0	0	0	0	0	1.569e+04	0	0	0	0	0	0	0	0	0	0	0	0	0	2.148e+04	0	0	0	0	0	0	0	0	0	3.62e+04	5.421e+04	0	0	0	0	0	0	0	0	0	0	0	0	0	0	0	0	0	0	0	0	0	0	0	
8512	909.0505	3.45e+19	0	0	100000	2	0	0	0	0	0	0	0	0	0	0	0	0	0	0	0	0	0	0	0	0	0	0	0	0	0	0	0	0	0	0	0	0	0	5.166e+04	0	0	0	0	0	0	0	0	1.577e+04	0	0	0	0	0	0	0	0	0	0	0	0	0	2.154e+04	0	0	0	0	0	0	0	0	0	3.632e+04	5.439e+04	0	0	0	0	0	0	0	0	0	0	0	0	0	0	0	0	0	0	0	0	0	0	0	
8540	909.0505	3.45e+19	0	0	100000	2	0	0	0	0	0	0	0	0	0	0	0	0	0	0	0	0	0	0	0	0	0	0	0	0	0	0	0	0	0	0	0	0	0	5.183e+04	0	0	0	0	0	0	0	0	1.584e+04	0	0	0	0	0	0	0	0	0	0	0	0	0	2.161e+04	0	0	0	0	0	0	0	0	0	3.644e+04	5.457e+04	0	0	0	0	0	0	0	0	0	0	0	0	0	0	0	0	0	0	0	0	0	0	0	
8568	909.0505	3.45e+19	0	0	100000	2	0	0	0	0	0	0	0	0	0	0	0	0	0	0	0	0	0	0	0	0	0	0	0	0	0	0	0	0	0	0	0	0	0	5.2e+04	0	0	0	0	0	0	0	0	1.592e+04	0	0	0	0	0	0	0	0	0	0	0	0	0	2.167e+04	0	0	0	0	0	0	0	0	0	3.656e+04	5.475e+04	0	0	0	0	0	0	0	0	0	0	0	0	0	0	0	0	0	0	0	0	0	0	0	
8596	909.0505	3.45e+19	0	0	100000	2	0	0	0	0	0	0	0	0	0	0	0	0	0	0	0	0	0	0	0	0	0	0	0	0	0	0	0	0	0	0	0	0	0	5.217e+04	0	0	0	0	0	0	0	0	1.599e+04	0	0	0	0	0	0	0	0	0	0	0	0	0	2.173e+04	0	0	0	0	0	0	0	0	0	3.668e+04	5.493e+04	0	0	0	0	0	0	0	0	0	0	0	0	0	0	0	0	0	0	0	0	0	0	0	
8624	909.0505	3.45e+19	0	0	100000	2	0	0	0	0	0	0	0	0	0	0	0	0	0	0	0	0	0	0	0	0	0	0	0	0	0	0	0	0	0	0	0	0	0	5.234e+04	0	0	0	0	0	0	0	0	1.607e+04	0	0	0	0	0	0	0	0	0	0	0	0	0	2.18e+04	0	0	0	0	0	0	0	0	0	3.68e+04	5.511e+04	0	0	0	0	0	0	0	0	0	0	0	0	0	0	0	0	0	0	0	0	0	0	0	
8652	909.0505	3.45e+19	0	0	100000	2	0	0	0	0	0	0	0	0	0	0	0	0	0	0	0	0	0	0	0	0	0	0	0	0	0	0	0	0	0	0	0	0	0	5.251e+04	0	0	0	0	0	0	0	0	1.615e+04	0	0	0	0	0	0	0	0	0	0	0	0	0	2.186e+04	0	0	0	0	0	0	0	0	0	3.692e+04	5.529e+04	0	0	0	0	0	0	0	0	0	0	0	0	0	0	0	0	0	0	0	0	0	0	0	
8680	909.0505	3.45e+19	0	0	100000	2	0	0	0	0	0	0	0	0	0	0	0	0	0	0	0	0	0	0	0	0	0	0	0	0	0	0	0	0	0	0	0	0	0	5.268e+04	0	0	0	0	0	0	0	0	1.622e+04	0	0	0	0	0	0	0	0	0	0	0	0	0	2.192e+04	0	0	0	0	0	0	0	0	0	3.704e+04	5.547e+04	0	0	0	0	0	0	0	0	0	0	0	0	0	0	0	0	0	0	0	0	0	0	0	
8708	909.0505	3.45e+19	0	0	100000	2	0	0	0	0	0	0	0	0	0	0	0	0	0	0	0	0	0	0	0	0	0	0	0	0	0	0	0	0	0	0	0	0	0	5.285e+04	0	0	0	0	0	0	0	0	1.63e+04	0	0	0	0	0	0	0	0	0	0	0	0	0	2.199e+04	0	0	0	0	0	0	0	0	0	3.715e+04	5.565e+04	0	0	0	0	0	0	0	0	0	0	0	0	0	0	0	0	0	0	0	0	0	0	0	
8736	909.0505	3.45e+19	0	0	100000	2	0	0	0	0	0	0	0	0	0	0	0	0	0	0	0	0	0	0	0	0	0	0	0	0	0	0	0	0	0	0	0	0	0	5.302e+04	0	0	0	0	0	0	0	0	1.638e+04	0	0	0	0	0	0	0	0	0	0	0	0	0	2.205e+04	0	0	0	0	0	0	0	0	0	3.727e+04	5.582e+04	0	0	0	0	0	0	0	0	0	0	0	0	0	0	0	0	0	0	0	0	0	0	0	
8764	909.0505	3.45e+19	0	0	100000	2	0	0	0	0	0	0	0	0	0	0	0	0	0	0	0	0	0	0	0	0	0	0	0	0	0	0	0	0	0	0	0	0	0	5.319e+04	0	0	0	0	0	0	0	0	1.645e+04	0	0	0	0	0	0	0	0	0	0	0	0	0	2.211e+04	0	0	0	0	0	0	0	0	0	3.739e+04	5.6e+04	0	0	0	0	0	0	0	0	0	0	0	0	0	0	0	0	0	0	0	0	0	0	0	
8792	909.0505	3.45e+19	0	0	100000	2	0	0	0	0	0	0	0	0	0	0	0	0	0	0	0	0	0	0	0	0	0	0	0	0	0	0	0	0	0	0	0	0	0	5.336e+04	0	0	0	0	0	0	0	0	1.653e+04	0	0	0	0	0	0	0	0	0	0	0	0	0	2.218e+04	0	0	0	0	0	0	0	0	0	3.751e+04	5.618e+04	0	0	0	0	0	0	0	0	0	0	0	0	0	0	0	0	0	0	0	0	0	0	0	
8820	909.0505	3.45e+19	0	0	100000	2	0	0	0	0	0	0	0	0	0	0	0	0	0	0	0	0	0	0	0	0	0	0	0	0	0	0	0	0	0	0	0	0	0	5.353e+04	0	0	0	0	0	0	0	0	1.661e+04	0	0	0	0	0	0	0	0	0	0	0	0	0	2.224e+04	0	0	0	0	0	0	0	0	0	3.763e+04	5.636e+04	0	0	0	0	0	0	0	0	0	0	0	0	0	0	0	0	0	0	0	0	0	0	0	
8848	909.0505	3.45e+19	0	0	100000	2	0	0	0	0	0	0	0	0	0	0	0	0	0	0	0	0	0	0	0	0	0	0	0	0	0	0	0	0	0	0	0	0	0	5.37e+04	0	0	0	0	0	0	0	0	1.668e+04	0	0	0	0	0	0	0	0	0	0	0	0	0	2.23e+04	0	0	0	0	0	0	0	0	0	3.775e+04	5.654e+04	0	0	0	0	0	0	0	0	0	0	0	0	0	0	0	0	0	0	0	0	0	0	0	
8876	909.0505	3.45e+19	0	0	100000	2	0	0	0	0	0	0	0	0	0	0	0	0	0	0	0	0	0	0	0	0	0	0	0	0	0	0	0	0	0	0	0	0	0	5.387e+04	0	0	0	0	0	0	0	0	1.676e+04	0	0	0	0	0	0	0	0	0	0	0	0	0	2.237e+04	0	0	0	0	0	0	0	0	0	3.787e+04	5.672e+04	0	0	0	0	0	0	0	0	0	0	0	0	0	0	0	0	0	0	0	0	0	0	0	
8904	909.0505	3.45e+19	0	0	100000	2	0	0	0	0	0	0	0	0	0	0	0	0	0	0	0	0	0	0	0	0	0	0	0	0	0	0	0	0	0	0	0	0	0	5.404e+04	0	0	0	0	0	0	0	0	1.684e+04	0	0	0	0	0	0	0	0	0	0	0	0	0	2.243e+04	0	0	0	0	0	0	0	0	0	3.799e+04	5.69e+04	0	0	0	0	0	0	0	0	0	0	0	0	0	0	0	0	0	0	0	0	0	0	0	
8932	909.0505	3.45e+19	0	0	100000	2	0	0	0	0	0	0	0	0	0	0	0	0	0	0	0	0	0	0	0	0	0	0	0	0	0	0	0	0	0	0	0	0	0	5.421e+04	0	0	0	0	0	0	0	0	1.692e+04	0	0	0	0	0	0	0	0	0	0	0	0	0	2.249e+04	0	0	0	0	0	0	0	0	0	3.811e+04	5.708e+04	0	0	0	0	0	0	0	0	0	0	0	0	0	0	0	0	0	0	0	0	0	0	0	
8960	909.0505	3.45e+19	0	0	100000	2	0	0	0	0	0	0	0	0	0	0	0	0	0	0	0	0	0	0	0	0	0	0	0	0	0	0	0	0	0	0	0	0	0	5.438e+04	0	0	0	0	0	0	0	0	1.699e+04	0	0	0	0	0	0	0	0	0	0	0	0	0	2.256e+04	0	0	0	0	0	0	0	0	0	3.823e+04	5.726e+04	0	0	0	0	0	0	0	0	0	0	0	0	0	0	0	0	0	0	0	0	0	0	0	
8988	909.0505	3.45e+19	0	0	100000	2	0	0	0	0	0	0	0	0	0	0	0	0	0	0	0	0	0	0	0	0	0	0	0	0	0	0	0	0	0	0	0	0	0	5.455e+04	0	0	0	0	0	0	0	0	1.707e+04	0	0	0	0	0	0	0	0	0	0	0	0	0	2.262e+04	0	0	0	0	0	0	0	0	0	3.835e+04	5.743e+04	0	0	0	0	0	0	0	0	0	0	0	0	0	0	0	0	0	0	0	0	0	0	0	
9016	909.0505	3.45e+19	0	0	100000	2	0	0	0	0	0	0	0	0	0	0	0	0	0	0	0	0	0	0	0	0	0	0	0	0	0	0	0	0	0	0	0	0	0	5.472e+04	0	0	0	0	0	0	0	0	1.715e+04	0	0	0	0	0	0	0	0	0	0	0	0	0	2.268e+04	0	0	0	0	0	0	0	0	0	3.847e+04	5.761e+04	0	0	0	0	0	0	0	0	0	0	0	0	0	0	0	0	0	0	0	0	0	0	0	
9044	909.0505	3.45e+19	0	0	100000	2	0	0	0	0	0	0	0	0	0	0	0	0	0	0	0	0	0	0	0	0	0	0	0	0	0	0	0	0	0	0	0	0	0	5.489e+04	0	0	0	0	0	0	0	0	1.723e+04	0	0	0	0	0	0	0	0	0	0	0	0	0	2.275e+04	0	0	0	0	0	0	0	0	0	3.859e+04	5.779e+04	0	0	0	0	0	0	0	0	0	0	0	0	0	0	0	0	0	0	0	0	0	0	0	
9072	909.0505	3.45e+19	0	0	100000	2	0	0	0	0	0	0	0	0	0	0	0	0	0	0	0	0	0	0	0	0	0	0	0	0	0	0	0	0	0	0	0	0	0	5.506e+04	0	0	0	0	0	0	0	0	1.731e+04	0	0	0	0	0	0	0	0	0	0	0	0	0	2.281e+04	0	0	0	0	0	0	0	0	0	3.871e+04	5.797e+04	0	0	0	0	0	0	0	0	0	0	0	0	0	0	0	0	0	0	0	0	0	0	0	
9100	909.0505	3.45e+19	0	0	100000	2	0	0	0	0	0	0	0	0	0	0	0	0	0	0	0	0	0	0	0	0	0	0	0	0	0	0	0	0	0	0	0	0	0	5.523e+04	0	0	0	0	0	0	0	0	1.738e+04	0	0	0	0	0	0	0	0	0	0	0	0	0	2.287e+04	0	0	0	0	0	0	0	0	0	3.883e+04	5.815e+04	0	0	0	0	0	0	0	0	0	0	0	0	0	0	0	0	0	0	0	0	0	0	0	
9128	909.0505	3.45e+19	0	0	100000	2	0	0	0	0	0	0	0	0	0	0	0	0	0	0	0	0	0	0	0	0	0	0	0	0	0	0	0	0	0	0	0	0	0	5.54e+04	0	0	0	0	0	0	0	0	1.746e+04	0	0	0	0	0	0	0	0	0	0	0	0	0	2.294e+04	0	0	0	0	0	0	0	0	0	3.895e+04	5.833e+04	0	0	0	0	0	0	0	0	0	0	0	0	0	0	0	0	0	0	0	0	0	0	0	
9156	909.0505	3.45e+19	0	0	100000	2	0	0	0	0	0	0	0	0	0	0	0	0	0	0	0	0	0	0	0	0	0	0	0	0	0	0	0	0	0	0	0	0	0	5.557e+04	0	0	0	0	0	0	0	0	1.754e+04	0	0	0	0	0	0	0	0	0	0	0	0	0	2.3e+04	0	0	0	0	0	0	0	0	0	3.907e+04	5.851e+04	0	0	0	0	0	0	0	0	0	0	0	0	0	0	0	0	0	0	0	0	0	0	0	
9184	909.0505	3.45e+19	0	0	100000	2	0	0	0	0	0	0	0	0	0	0	0	0	0	0	0	0	0	0	0	0	0	0	0	0	0	0	0	0	0	0	0	0	0	5.574e+04	0	0	0	0	0	0	0	0	1.762e+04	0	0	0	0	0	0	0	0	0	0	0	0	0	2.306e+04	0	0	0	0	0	0	0	0	0	3.919e+04	5.869e+04	0	0	0	0	0	0	0	0	0	0	0	0	0	0	0	0	0	0	0	0	0	0	0	
9212	909.0505	3.45e+19	0	0	100000	2	0	0	0	0	0	0	0	0	0	0	0	0	0	0	0	0	0	0	0	0	0	0	0	0	0	0	0	0	0	0	0	0	0	5.591e+04	0	0	0	0	0	0	0	0	1.77e+04	0	0	0	0	0	0	0	0	0	0	0	0	0	2.312e+04	0	0	0	0	0	0	0	0	0	3.931e+04	5.887e+04	0	0	0	0	0	0	0	0	0	0	0	0	0	0	0	0	0	0	0	0	0	0	0	
9240	909.0505	3.45e+19	0	0	100000	2	0	0	0	0	0	0	0	0	0	0	0	0	0	0	0	0	0	0	0	0	0	0	0	0	0	0	0	0	0	0	0	0	0	5.608e+04	0	0	0	0	0	0	0	0	1.778e+04	0	0	0	0	0	0	0	0	0	0	0	0	0	2.319e+04	0	0	0	0	0	0	0	0	0	3.942e+04	5.904e+04	0	0	0	0	0	0	0	0	0	0	0	0	0	0	0	0	0	0	0	0	0	0	0	
9268	909.0505	3.45e+19	0	0	100000	2	0	0	0	0	0	0	0	0	0	0	0	0	0	0	0	0	0	0	0	0	0	0	0	0	0	0	0	0	0	0	0	0	0	5.625e+04	0	0	0	0	0	0	0	0	1.785e+04	0	0	0	0	0	0	0	0	0	0	0	0	0	2.325e+04	0	0	0	0	0	0	0	0	0	3.954e+04	5.922e+04	0	0	0	0	0	0	0	0	0	0	0	0	0	0	0	0	0	0	0	0	0	0	0	
9296	909.0505	3.45e+19	0	0	100000	2	0	0	0	0	0	0	0	0	0	0	0	0	0	0	0	0	0	0	0	0	0	0	0	0	0	0	0	0	0	0	0	0	0	5.642e+04	0	0	0	0	0	0	0	0	1.793e+04	0	0	0	0	0	0	0	0	0	0	0	0	0	2.331e+04	0	0	0	0	0	0	0	0	0	3.966e+04	5.94e+04	0	0	0	0	0	0	0	0	0	0	0	0	0	0	0	0	0	0	0	0	0	0	0	
9324	909.0505	3.45e+19	0	0	100000	2	0	0	0	0	0	0	0	0	0	0	0	0	0	0	0	0	0	0	0	0	0	0	0	0	0	0	0	0	0	0	0	0	0	5.659e+04	0	0	0	0	0	0	0	0	1.801e+04	0	0	0	0	0	0	0	0	0	0	0	0	0	2.338e+04	0	0	0	0	0	0	0	0	0	3.978e+04	5.958e+04	0	0	0	0	0	0	0	0	0	0	0	0	0	0	0	0	0	0	0	0	0	0	0	
9352	909.0505	3.45e+19	0	0	100000	2	0	0	0	0	0	0	0	0	0	0	0	0	0	0	0	0	0	0	0	0	0	0	0	0	0	0	0	0	0	0	0	0	0	5.676e+04	0	0	0	0	0	0	0	0	1.809e+04	0	0	0	0	0	0	0	0	0	0	0	0	0	2.344e+04	0	0	0	0	0	0	0	0	0	3.99e+04	5.976e+04	0	0	0	0	0	0	0	0	0	0	0	0	0	0	0	0	0	0	0	0	0	0	0	
9380	909.0505	3.45e+19	0	0	100000	2	0	0	0	0	0	0	0	0	0	0	0	0	0	0	0	0	0	0	0	0	0	0	0	0	0	0	0	0	0	0	0	0	0	5.693e+04	0	0	0	0	0	0	0	0	1.817e+04	0	0	0	0	0	0	0	0	0	0	0	0	0	2.35e+04	0	0	0	0	0	0	0	0	0	4.002e+04	5.994e+04	0	0	0	0	0	0	0	0	0	0	0	0	0	0	0	0	0	0	0	0	0	0	0	
9408	909.0505	3.45e+19	0	0	100000	2	0	0	0	0	0	0	0	0	0	0	0	0	0	0	0	0	0	0	0	0	0	0	0	0	0	0	0	0	0	0	0	0	0	5.71e+04	0	0	0	0	0	0	0	0	1.825e+04	0	0	0	0	0	0	0	0	0	0	0	0	0	2.356e+04	0	0	0	0	0	0	0	0	0	4.014e+04	6.012e+04	0	0	0	0	0	0	0	0	0	0	0	0	0	0	0	0	0	0	0	0	0	0	0	
9436	909.0505	3.45e+19	0	0	100000	2	0	0	0	0	0	0	0	0	0	0	0	0	0	0	0	0	0	0	0	0	0	0	0	0	0	0	0	0	0	0	0	0	0	5.727e+04	0	0	0	0	0	0	0	0	1.833e+04	0	0	0	0	0	0	0	0	0	0	0	0	0	2.363e+04	0	0	0	0	0	0	0	0	0	4.026e+04	6.03e+04	0	0	0	0	0	0	0	0	0	0	0	0	0	0	0	0	0	0	0	0	0	0	0	
9464	909.0505	3.45e+19	0	0	100000	2	0	0	0	0	0	0	0	0	0	0	0	0	0	0	0	0	0	0	0	0	0	0	0	0	0	0	0	0	0	0	0	0	0	5.744e+04	0	0	0	0	0	0	0	0	1.841e+04	0	0	0	0	0	0	0	0	0	0	0	0	0	2.369e+04	0	0	0	0	0	0	0	0	0	4.038e+04	6.048e+04	0	0	0	0	0	0	0	0	0	0	0	0	0	0	0	0	0	0	0	0	0	0	0	
9492	909.0505	3.45e+19	0	0	100000	2	0	0	0	0	0	0	0	0	0	0	0	0	0	0	0	0	0	0	0	0	0	0	0	0	0	0	0	0	0	0	0	0	0	5.761e+04	0	0	0	0	0	0	0	0	1.849e+04	0	0	0	0	0	0	0	0	0	0	0	0	0	2.375e+04	0	0	0	0	0	0	0	0	0	4.05e+04	6.066e+04	0	0	0	0	0	0	0	0	0	0	0	0	0	0	0	0	0	0	0	0	0	0	0	
9520	909.0505	3.45e+19	0	0	100000	2	0	0	0	0	0	0	0	0	0	0	0	0	0	0	0	0	0	0	0	0	0	0	0	0	0	0	0	0	0	0	0	0	0	5.778e+04	0	0	0	0	0	0	0	0	1.857e+04	0	0	0	0	0	0	0	0	0	0	0	0	0	2.381e+04	0	0	0	0	0	0	0	0	0	4.062e+04	6.083e+04	0	0	0	0	0	0	0	0	0	0	0	0	0	0	0	0	0	0	0	0	0	0	0	
9548	909.0505	3.45e+19	0	0	100000	2	0	0	0	0	0	0	0	0	0	0	0	0	0	0	0	0	0	0	0	0	0	0	0	0	0	0	0	0	0	0	0	0	0	5.795e+04	0	0	0	0	0	0	0	0	1.865e+04	0	0	0	0	0	0	0	0	0	0	0	0	0	2.388e+04	0	0	0	0	0	0	0	0	0	4.074e+04	6.101e+04	0	0	0	0	0	0	0	0	0	0	0	0	0	0	0	0	0	0	0	0	0	0	0	
9576	909.0505	3.45e+19	0	0	100000	2	0	0	0	0	0	0	0	0	0	0	0	0	0	0	0	0	0	0	0	0	0	0	0	0	0	0	0	0	0	0	0	0	0	5.812e+04	0	0	0	0	0	0	0	0	1.873e+04	0	0	0	0	0	0	0	0	0	0	0	0	0	2.394e+04	0	0	0	0	0	0	0	0	0	4.086e+04	6.119e+04	0	0	0	0	0	0	0	0	0	0	0	0	0	0	0	0	0	0	0	0	0	0	0	
9604	909.0505	3.45e+19	0	0	100000	2	0	0	0	0	0	0	0	0	0	0	0	0	0	0	0	0	0	0	0	0	0	0	0	0	0	0	0	0	0	0	0	0	0	5.829e+04	0	0	0	0	0	0	0	0	1.881e+04	0	0	0	0	0	0	0	0	0	0	0	0	0	2.4e+04	0	0	0	0	0	0	0	0	0	4.098e+04	6.137e+04	0	0	0	0	0	0	0	0	0	0	0	0	0	0	0	0	0	0	0	0	0	0	0	
9632	909.0505	3.45e+19	0	0	100000	2	0	0	0	0	0	0	0	0	0	0	0	0	0	0	0	0	0	0	0	0	0	0	0	0	0	0	0	0	0	0	0	0	0	5.846e+04	0	0	0	0	0	0	0	0	1.889e+04	0	0	0	0	0	0	0	0	0	0	0	0	0	2.406e+04	0	0	0	0	0	0	0	0	0	4.11e+04	6.155e+04	0	0	0	0	0	0	0	0	0	0	0	0	0	0	0	0	0	0	0	0	0	0	0	
9660	909.0505	3.45e+19	0	0	100000	2	0	0	0	0	0	0	0	0	0	0	0	0	0	0	0	0	0	0	0	0	0	0	0	0	0	0	0	0	0	0	0	0	0	5.863e+04	0	0	0	0	0	0	0	0	1.897e+04	0	0	0	0	0	0	0	0	0	0	0	0	0	2.413e+04	0	0	0	0	0	0	0	0	0	4.122e+04	6.173e+04	0	0	0	0	0	0	0	0	0	0	0	0	0	0	0	0	0	0	0	0	0	0	0	
9688	909.0505	3.45e+19	0	0	100000	2	0	0	0	0	0	0	0	0	0	0	0	0	0	0	0	0	0	0	0	0	0	0	0	0	0	0	0	0	0	0	0	0	0	5.88e+04	0	0	0	0	0	0	0	0	1.905e+04	0	0	0	0	0	0	0	0	0	0	0	0	0	2.419e+04	0	0	0	0	0	0	0	0	0	4.134e+04	6.191e+04	0	0	0	0	0	0	0	0	0	0	0	0	0	0	0	0	0	0	0	0	0	0	0	
9716	909.0505	3.45e+19	0	0	100000	2	0	0	0	0	0	0	0	0	0	0	0	0	0	0	0	0	0	0	0	0	0	0	0	0	0	0	0	0	0	0	0	0	0	5.897e+04	0	0	0	0	0	0	0	0	1.913e+04	0	0	0	0	0	0	0	0	0	0	0	0	0	2.425e+04	0	0	0	0	0	0	0	0	0	4.146e+04	6.209e+04	0	0	0	0	0	0	0	0	0	0	0	0	0	0	0	0	0	0	0	0	0	0	0	
9744	909.0505	3.45e+19	0	0	100000	2	0	0	0	0	0	0	0	0	0	0	0	0	0	0	0	0	0	0	0	0	0	0	0	0	0	0	0	0	0	0	0	0	0	5.914e+04	0	0	0	0	0	0	0	0	1.921e+04	0	0	0	0	0	0	0	0	0	0	0	0	0	2.431e+04	0	0	0	0	0	0	0	0	0	4.158e+04	6.227e+04	0	0	0	0	0	0	0	0	0	0	0	0	0	0	0	0	0	0	0	0	0	0	0	
9772	909.0505	3.45e+19	0	0	100000	2	0	0	0	0	0	0	0	0	0	0	0	0	0	0	0	0	0	0	0	0	0	0	0	0	0	0	0	0	0	0	0	0	0	5.931e+04	0	0	0	0	0	0	0	0	1.929e+04	0	0	0	0	0	0	0	0	0	0	0	0	0	2.437e+04	0	0	0	0	0	0	0	0	0	4.169e+04	6.244e+04	0	0	0	0	0	0	0	0	0	0	0	0	0	0	0	0	0	0	0	0	0	0	0	
9800	909.0505	3.45e+19	0	0	100000	2	0	0	0	0	0	0	0	0	0	0	0	0	0	0	0	0	0	0	0	0	0	0	0	0	0	0	0	0	0	0	0	0	0	5.948e+04	0	0	0	0	0	0	0	0	1.937e+04	0	0	0	0	0	0	0	0	0	0	0	0	0	2.444e+04	0	0	0	0	0	0	0	0	0	4.181e+04	6.262e+04	0	0	0	0	0	0	0	0	0	0	0	0	0	0	0	0	0	0	0	0	0	0	0	
9828	909.0505	3.45e+19	0	0	100000	2	0	0	0	0	0	0	0	0	0	0	0	0	0	0	0	0	0	0	0	0	0	0	0	0	0	0	0	0	0	0	0	0	0	5.965e+04	0	0	0	0	0	0	0	0	1.945e+04	0	0	0	0	0	0	0	0	0	0	0	0	0	2.45e+04	0	0	0	0	0	0	0	0	0	4.193e+04	6.28e+04	0	0	0	0	0	0	0	0	0	0	0	0	0	0	0	0	0	0	0	0	0	0	0	
9856	909.0505	3.45e+19	0	0	100000	2	0	0	0	0	0	0	0	0	0	0	0	0	0	0	0	0	0	0	0	0	0	0	0	0	0	0	0	0	0	0	0	0	0	5.982e+04	0	0	0	0	0	0	0	0	1.953e+04	0	0	0	0	0	0	0	0	0	0	0	0	0	2.456e+04	0	0	0	0	0	0	0	0	0	4.205e+04	6.298e+04	0	0	0	0	0	0	0	0	0	0	0	0	0	0	0	0	0	0	0	0	0	0	0	
9884	909.0505	3.45e+19	0	0	100000	2	0	0	0	0	0	0	0	0	0	0	0	0	0	0	0	0	0	0	0	0	0	0	0	0	0	0	0	0	0	0	0	0	0	5.999e+04	0	0	0	0	0	0	0	0	1.961e+04	0	0	0	0	0	0	0	0	0	0	0	0	0	2.462e+04	0	0	0	0	0	0	0	0	0	4.217e+04	6.316e+04	0	0	0	0	0	0	0	0	0	0	0	0	0	0	0	0	0	0	0	0	0	0	0	
9912	909.0505	3.45e+19	0	0	100000	2	0	0	0	0	0	0	0	0	0	0	0	0	0	0	0	0	0	0	0	0	0	0	0	0	0	0	0	0	0	0	0	0	0	6.016e+04	0	0	0	0	0	0	0	0	1.969e+04	0	0	0	0	0	0	0	0	0	0	0	0	0	2.469e+04	0	0	0	0	0	0	0	0	0	4.229e+04	6.334e+04	0	0	0	0	0	0	0	0	0	0	0	0	0	0	0	0	0	0	0	0	0	0	0	
9940	909.0505	3.45e+19	0	0	100000	2	0	0	0	0	0	0	0	0	0	0	0	0	0	0	0	0	0	0	0	0	0	0	0	0	0	0	0	0	0	0	0	0	0	6.033e+04	0	0	0	0	0	0	0	0	1.978e+04	0	0	0	0	0	0	0	0	0	0	0	0	0	2.475e+04	0	0	0	0	0	0	0	0	0	4.241e+04	6.352e+04	0	0	0	0	0	0	0	0	0	0	0	0	0	0	0	0	0	0	0	0	0	0	0	
9968	909.0505	3.45e+19	0	0	100000	2	0	0	0	0	0	0	0	0	0	0	0	0	0	0	0	0	0	0	0	0	0	0	0	0	0	0	0	0	0	0	0	0	0	6.05e+04	0	0	0	0	0	0	0	0	1.986e+04	0	0	0	0	0	0	0	0	0	0	0	0	0	2.481e+04	0	0	0	0	0	0	0	0	0	4.253e+04	6.37e+04	0	0	0	0	0	0	0	0	0	0	0	0	0	0	0	0	0	0	0	0	0	0	0	
9996	909.0505	3.45e+19	0	0	100000	2	0	0	0	0	0	0	0	0	0	0	0	0	0	0	0	0	0	0	0	0	0	0	0	0	0	0	0	0	0	0	0	0	0	6.067e+04	0	0	0	0	0	0	0	0	1.994e+04	0	0	0	0	0	0	0	0	0	0	0	0	0	2.487e+04	0	0	0	0	0	0	0	0	0	4.265e+04	6.388e+04	0	0	0	0	0	0	0	0	0	0	0	0	0	0	0	0	0	0	0	0	0	0	0	
10024	909.0505	3.45e+19	0	0	100000	2	0	0	0	0	0	0	0	0	0	0	0	0	0	0	0	0	0	0	0	0	0	0	0	0	0	0	0	0	0	0	0	0	0	6.084e+04	0	0	0	0	0	0	0	0	2.002e+04	0	0	0	0	0	0	0	0	0	0	0	0	0	2.493e+04	0	0	0	0	0	0	0	0	0	4.277e+04	6.405e+04	0	0	0	0	0	0	0	0	0	0	0	0	0	0	0	0	0	0	0	0	0	0	0	
10052	909.0505	3.45e+19	0	0	100000	2	0	0	0	0	0	0	0	0	0	0	0	0	0	0	0	0	0	0	0	0	0	0	0	0	0	0	0	0	0	0	0	0	0	6.101e+04	0	0	0	0	0	0	0	0	2.01e+04	0	0	0	0	0	0	0	0	0	0	0	0	0	2.499e+04	0	0	0	0	0	0	0	0	0	4.289e+04	6.423e+04	0	0	0	0	0	0	0	0	0	0	0	0	0	0	0	0	0	0	0	0	0	0	0	
10080	909.0505	3.45e+19	0	0	100000	2	0	0	0	0	0	0	0	0	0	0	0	0	0	0	0	0	0	0	0	0	0	0	0	0	0	0	0	0	0	0	0	0	0	6.118e+04	0	0	0	0	0	0	0	0	2.018e+04	0	0	0	0	0	0	0	0	0	0	0	0	0	2.506e+04	0	0	0	0	0	0	0	0	0	4.301e+04	6.441e+04	0	0	0	0	0	0	0	0	0	0	0	0	0	0	0	0	0	0	0	0	0	0	0	
10108	909.0505	3.45e+19	0	0	100000	2	0	0	0	0	0	0	0	0	0	0	0	0	0	0	0	0	0	0	0	0	0	0	0	0	0	0	0	0	0	0	0	0	0	6.135e+04	0	0	0	0	0	0	0	0	2.027e+04	0	0	0	0	0	0	0	0	0	0	0	0	0	2.512e+04	0	0	0	0	0	0	0	0	0	4.313e+04	6.459e+04	0	0	0	0	0	0	0	0	0	0	0	0	0	0	0	0	0	0	0	0	0	0	0	
10136	909.0505	3.45e+19	0	0	100000	2	0	0	0	0	0	0	0	0	0	0	0	0	0	0	0	0	0	0	0	0	0	0	0	0	0	0	0	0	0	0	0	0	0	6.152e+04	0	0	0	0	0	0	0	0	2.035e+04	0	0	0	0	0	0	0	0	0	0	0	0	0	2.518e+04	0	0	0	0	0	0	0	0	0	4.325e+04	6.477e+04	0	0	0	0	0	0	0	0	0	0	0	0	0	0	0	0	0	0	0	0	0	0	0	
10164	909.0505	3.45e+19	0	0	100000	2	0	0	0	0	0	0	0	0	0	0	0	0	0	0	0	0	0	0	0	0	0	0	0	0	0	0	0	0	0	0	0	0	0	6.169e+04	0	0	0	0	0	0	0	0	2.043e+04	0	0	0	0	0	0	0	0	0	0	0	0	0	2.524e+04	0	0	0	0	0	0	0	0	0	4.337e+04	6.495e+04	0	0	0	0	0	0	0	0	0	0	0	0	0	0	0	0	0	0	0	0	0	0	0	
10192	909.0505	3.45e+19	0	0	100000	2	0	0	0	0	0	0	0	0	0	0	0	0	0	0	0	0	0	0	0	0	0	0	0	0	0	0	0	0	0	0	0	0	0	6.186e+04	0	0	0	0	0	0	0	0	2.051e+04	0	0	0	0	0	0	0	0	0	0	0	0	0	2.53e+04	0	0	0	0	0	0	0	0	0	4.349e+04	6.513e+04	0	0	0	0	0	0	0	0	0	0	0	0	0	0	0	0	0	0	0	0	0	0	0	
10220	909.0505	3.45e+19	0	0	100000	2	0	0	0	0	0	0	0	0	0	0	0	0	0	0	0	0	0	0	0	0	0	0	0	0	0	0	0	0	0	0	0	0	0	6.203e+04	0	0	0	0	0	0	0	0	2.059e+04	0	0	0	0	0	0	0	0	0	0	0	0	0	2.537e+04	0	0	0	0	0	0	0	0	0	4.361e+04	6.531e+04	0	0	0	0	0	0	0	0	0	0	0	0	0	0	0	0	0	0	0	0	0	0	0	
10248	909.0505	3.45e+19	0	0	100000	2	0	0	0	0	0	0	0	0	0	0	0	0	0	0	0	0	0	0	0	0	0	0	0	0	0	0	0	0	0	0	0	0	0	6.22e+04	0	0	0	0	0	0	0	0	2.068e+04	0	0	0	0	0	0	0	0	0	0	0	0	0	2.543e+04	0	0	0	0	0	0	0	0	0	4.373e+04	6.549e+04	0	0	0	0	0	0	0	0	0	0	0	0	0	0	0	0	0	0	0	0	0	0	0	
10276	909.0505	3.45e+19	0	0	100000	2	0	0	0	0	0	0	0	0	0	0	0	0	0	0	0	0	0	0	0	0	0	0	0	0	0	0	0	0	0	0	0	0	0	6.237e+04	0	0	0	0	0	0	0	0	2.076e+04	0	0	0	0	0	0	0	0	0	0	0	0	0	2.549e+04	0	0	0	0	0	0	0	0	0	4.385e+04	6.566e+04	0	0	0	0	0	0	0	0	0	0	0	0	0	0	0	0	0	0	0	0	0	0	0	
10304	909.0505	3.45e+19	0	0	100000	2	0	0	0	0	0	0	0	0	0	0	0	0	0	0	0	0	0	0	0	0	0	0	0	0	0	0	0	0	0	0	0	0	0	6.254e+04	0	0	0	0	0	0	0	0	2.084e+04	0	0	0	0	0	0	0	0	0	0	0	0	0	2.555e+04	0	0	0	0	0	0	0	0	0	4.396e+04	6.584e+04	0	0	0	0	0	0	0	0	0	0	0	0	0	0	0	0	0	0	0	0	0	0	0	
10332	909.0505	3.45e+19	0	0	100000	2	0	0	0	0	0	0	0	0	0	0	0	0	0	0	0	0	0	0	0	0	0	0	0	0	0	0	0	0	0	0	0	0	0	6.271e+04	0	0	0	0	0	0	0	0	2.092e+04	0	0	0	0	0	0	0	0	0	0	0	0	0	2.561e+04	0	0	0	0	0	0	0	0	0	4.408e+04	6.602e+04	0	0	0	0	0	0	0	0	0	0	0	0	0	0	0	0	0	0	0	0	0	0	0	
10360	909.0505	3.45e+19	0	0	100000	2	0	0	0	0	0	0	0	0	0	0	0	0	0	0	0	0	0	0	0	0	0	0	0	0	0	0	0	0	0	0	0	0	0	6.288e+04	0	0	0	0	0	0	0	0	2.101e+04	0	0	0	0	0	0	0	0	0	0	0	0	0	2.567e+04	0	0	0	0	0	0	0	0	0	4.42e+04	6.62e+04	0	0	0	0	0	0	0	0	0	0	0	0	0	0	0	0	0	0	0	0	0	0	0	
10388	909.0505	3.45e+19	0	0	100000	2	0	0	0	0	0	0	0	0	0	0	0	0	0	0	0	0	0	0	0	0	0	0	0	0	0	0	0	0	0	0	0	0	0	6.305e+04	0	0	0	0	0	0	0	0	2.109e+04	0	0	0	0	0	0	0	0	0	0	0	0	0	2.574e+04	0	0	0	0	0	0	0	0	0	4.432e+04	6.638e+04	0	0	0	0	0	0	0	0	0	0	0	0	0	0	0	0	0	0	0	0	0	0	0	
10416	909.0505	3.45e+19	0	0	100000	2	0	0	0	0	0	0	0	0	0	0	0	0	0	0	0	0	0	0	0	0	0	0	0	0	0	0	0	0	0	0	0	0	0	6.322e+04	0	0	0	0	0	0	0	0	2.117e+04	0	0	0	0	0	0	0	0	0	0	0	0	0	2.58e+04	0	0	0	0	0	0	0	0	0	4.444e+04	6.656e+04	0	0	0	0	0	0	0	0	0	0	0	0	0	0	0	0	0	0	0	0	0	0	0	
10444	909.0505	3.45e+19	0	0	100000	2	0	0	0	0	0	0	0	0	0	0	0	0	0	0	0	0	0	0	0	0	0	0	0	0	0	0	0	0	0	0	0	0	0	6.339e+04	0	0	0	0	0	0	0	0	2.126e+04	0	0	0	0	0	0	0	0	0	0	0	0	0	2.586e+04	0	0	0	0	0	0	0	0	0	4.456e+04	6.674e+04	0	0	0	0	0	0	0	0	0	0	0	0	0	0	0	0	0	0	0	0	0	0	0	
10472	909.0505	3.45e+19	0	0	100000	2	0	0	0	0	0	0	0	0	0	0	0	0	0	0	0	0	0	0	0	0	0	0	0	0	0	0	0	0	0	0	0	0	0	6.356e+04	0	0	0	0	0	0	0	0	2.134e+04	0	0	0	0	0	0	0	0	0	0	0	0	0	2.592e+04	0	0	0	0	0	0	0	0	0	4.468e+04	6.692e+04	0	0	0	0	0	0	0	0	0	0	0	0	0	0	0	0	0	0	0	0	0	0	0	
10500	909.0505	3.45e+19	0	0	100000	2	0	0	0	0	0	0	0	0	0	0	0	0	0	0	0	0	0	0	0	0	0	0	0	0	0	0	0	0	0	0	0	0	0	6.373e+04	0	0	0	0	0	0	0	0	2.142e+04	0	0	0	0	0	0	0	0	0	0	0	0	0	2.598e+04	0	0	0	0	0	0	0	0	0	4.48e+04	6.71e+04	0	0	0	0	0	0	0	0	0	0	0	0	0	0	0	0	0	0	0	0	0	0	0	
10528	909.0505	3.45e+19	0	0	100000	2	0	0	0	0	0	0	0	0	0	0	0	0	0	0	0	0	0	0	0	0	0	0	0	0	0	0	0	0	0	0	0	0	0	6.39e+04	0	0	0	0	0	0	0	0	2.151e+04	0	0	0	0	0	0	0	0	0	0	0	0	0	2.604e+04	0	0	0	0	0	0	0	0	0	4.492e+04	6.728e+04	0	0	0	0	0	0	0	0	0	0	0	0	0	0	0	0	0	0	0	0	0	0	0	
10556	909.0505	3.45e+19	0	0	100000	2	0	0	0	0	0	0	0	0	0	0	0	0	0	0	0	0	0	0	0	0	0	0	0	0	0	0	0	0	0	0	0	0	0	6.407e+04	0	0	0	0	0	0	0	0	2.159e+04	0	0	0	0	0	0	0	0	0	0	0	0	0	2.61e+04	0	0	0	0	0	0	0	0	0	4.504e+04	6.745e+04	0	0	0	0	0	0	0	0	0	0	0	0	0	0	0	0	0	0	0	0	0	0	0	
10584	909.0505	3.45e+19	0	0	100000	2	0	0	0	0	0	0	0	0	0	0	0	0	0	0	0	0	0	0	0	0	0	0	0	0	0	0	0	0	0	0	0	0	0	6.424e+04	0	0	0	0	0	0	0	0	2.167e+04	0	0	0	0	0	0	0	0	0	0	0	0	0	2.617e+04	0	0	0	0	0	0	0	0	0	4.516e+04	6.763e+04	0	0	0	0	0	0	0	0	0	0	0	0	0	0	0	0	0	0	0	0	0	0	0	
10612	909.0505	3.45e+19	0	0	100000	2	0	0	0	0	0	0	0	0	0	0	0	0	0	0	0	0	0	0	0	0	0	0	0	0	0	0	0	0	0	0	0	0	0	6.441e+04	0	0	0	0	0	0	0	0	2.176e+04	0	0	0	0	0	0	0	0	0	0	0	0	0	2.623e+04	0	0	0	0	0	0	0	0	0	4.528e+04	6.781e+04	0	0	0	0	0	0	0	0	0	0	0	0	0	0	0	0	0	0	0	0	0	0	0	
10640	909.0505	3.45e+19	0	0	100000	2	0	0	0	0	0	0	0	0	0	0	0	0	0	0	0	0	0	0	0	0	0	0	0	0	0	0	0	0	0	0	0	0	0	6.458e+04	0	0	0	0	0	0	0	0	2.184e+04	0	0	0	0	0	0	0	0	0	0	0	0	0	2.629e+04	0	0	0	0	0	0	0	0	0	4.54e+04	6.799e+04	0	0	0	0	0	0	0	0	0	0	0	0	0	0	0	0	0	0	0	0	0	0	0	
10668	909.0505	3.45e+19	0	0	100000	2	0	0	0	0	0	0	0	0	0	0	0	0	0	0	0	0	0	0	0	0	0	0	0	0	0	0	0	0	0	0	0	0	0	6.475e+04	0	0	0	0	0	0	0	0	2.192e+04	0	0	0	0	0	0	0	0	0	0	0	0	0	2.635e+04	0	0	0	0	0	0	0	0	0	4.552e+04	6.817e+04	0	0	0	0	0	0	0	0	0	0	0	0	0	0	0	0	0	0	0	0	0	0	0	
10696	909.0505	3.45e+19	0	0	100000	2	0	0	0	0	0	0	0	0	0	0	0	0	0	0	0	0	0	0	0	0	0	0	0	0	0	0	0	0	0	0	0	0	0	6.492e+04	0	0	0	0	0	0	0	0	2.201e+04	0	0	0	0	0	0	0	0	0	0	0	0	0	2.641e+04	0	0	0	0	0	0	0	0	0	4.564e+04	6.835e+04	0	0	0	0	0	0	0	0	0	0	0	0	0	0	0	0	0	0	0	0	0	0	0	
10724	909.0505	3.45e+19	0	0	100000	2	0	0	0	0	0	0	0	0	0	0	0	0	0	0	0	0	0	0	0	0	0	0	0	0	0	0	0	0	0	0	0	0	0	6.509e+04	0	0	0	0	0	0	0	0	2.209e+04	0	0	0	0	0	0	0	0	0	0	0	0	0	2.647e+04	0	0	0	0	0	0	0	0	0	4.576e+04	6.853e+04	0	0	0	0	0	0	0	0	0	0	0	0	0	0	0	0	0	0	0	0	0	0	0	
10752	909.0505	3.45e+19	0	0	100000	2	0	0	0	0	0	0	0	0	0	0	0	0	0	0	0	0	0	0	0	0	0	0	0	0	0	0	0	0	0	0	0	0	0	6.526e+04	0	0	0	0	0	0	0	0	2.218e+04	0	0	0	0	0	0	0	0	0	0	0	0	0	2.653e+04	0	0	0	0	0	0	0	0	0	4.588e+04	6.871e+04	0	0	0	0	0	0	0	0	0	0	0	0	0	0	0	0	0	0	0	0	0	0	0	
10780	909.0505	3.45e+19	0	0	100000	2	0	0	0	0	0	0	0	0	0	0	0	0	0	0	0	0	0	0	0	0	0	0	0	0	0	0	0	0	0	0	0	0	0	6.543e+04	0	0	0	0	0	0	0	0	2.226e+04	0	0	0	0	0	0	0	0	0	0	0	0	0	2.659e+04	0	0	0	0	0	0	0	0	0	4.6e+04	6.889e+04	0	0	0	0	0	0	0	0	0	0	0	0	0	0	0	0	0	0	0	0	0	0	0	
10808	909.0505	3.45e+19	0	0	100000	2	0	0	0	0	0	0	0	0	0	0	0	0	0	0	0	0	0	0	0	0	0	0	0	0	0	0	0	0	0	0	0	0	0	6.56e+04	0	0	0	0	0	0	0	0	2.234e+04	0	0	0	0	0	0	0	0	0	0	0	0	0	2.666e+04	0	0	0	0	0	0	0	0	0	4.612e+04	6.906e+04	0	0	0	0	0	0	0	0	0	0	0	0	0	0	0	0	0	0	0	0	0	0	0	
10836	909.0505	3.45e+19	0	0	100000	2	0	0	0	0	0	0	0	0	0	0	0	0	0	0	0	0	0	0	0	0	0	0	0	0	0	0	0	0	0	0	0	0	0	6.577e+04	0	0	0	0	0	0	0	0	2.243e+04	0	0	0	0	0	0	0	0	0	0	0	0	0	2.672e+04	0	0	0	0	0	0	0	0	0	4.623e+04	6.924e+04	0	0	0	0	0	0	0	0	0	0	0	0	0	0	0	0	0	0	0	0	0	0	0	
10864	909.0505	3.45e+19	0	0	100000	2	0	0	0	0	0	0	0	0	0	0	0	0	0	0	0	0	0	0	0	0	0	0	0	0	0	0	0	0	0	0	0	0	0	6.594e+04	0	0	0	0	0	0	0	0	2.251e+04	0	0	0	0	0	0	0	0	0	0	0	0	0	2.678e+04	0	0	0	0	0	0	0	0	0	4.635e+04	6.942e+04	0	0	0	0	0	0	0	0	0	0	0	0	0	0	0	0	0	0	0	0	0	0	0	
10892	909.0505	3.45e+19	0	0	100000	2	0	0	0	0	0	0	0	0	0	0	0	0	0	0	0	0	0	0	0	0	0	0	0	0	0	0	0	0	0	0	0	0	0	6.611e+04	0	0	0	0	0	0	0	0	2.26e+04	0	0	0	0	0	0	0	0	0	0	0	0	0	2.684e+04	0	0	0	0	0	0	0	0	0	4.647e+04	6.96e+04	0	0	0	0	0	0	0	0	0	0	0	0	0	0	0	0	0	0	0	0	0	0	0	
10920	909.0505	3.45e+19	0	0	100000	2	0	0	0	0	0	0	0	0	0	0	0	0	0	0	0	0	0	0	0	0	0	0	0	0	0	0	0	0	0	0	0	0	0	6.628e+04	0	0	0	0	0	0	0	0	2.268e+04	0	0	0	0	0	0	0	0	0	0	0	0	0	2.69e+04	0	0	0	0	0	0	0	0	0	4.659e+04	6.978e+04	0	0	0	0	0	0	0	0	0	0	0	0	0	0	0	0	0	0	0	0	0	0	0	
10948	909.0505	3.45e+19	0	0	100000	2	0	0	0	0	0	0	0	0	0	0	0	0	0	0	0	0	0	0	0	0	0	0	0	0	0	0	0	0	0	0	0	0	0	6.645e+04	0	0	0	0	0	0	0	0	2.277e+04	0	0	0	0	0	0	0	0	0	0	0	0	0	2.696e+04	0	0	0	0	0	0	0	0	0	4.671e+04	6.996e+04	0	0	0	0	0	0	0	0	0	0	0	0	0	0	0	0	0	0	0	0	0	0	0	
10976	909.0505	3.45e+19	0	0	100000	2	0	0	0	0	0	0	0	0	0	0	0	0	0	0	0	0	0	0	0	0	0	0	0	0	0	0	0	0	0	0	0	0	0	6.662e+04	0	0	0	0	0	0	0	0	2.285e+04	0	0	0	0	0	0	0	0	0	0	0	0	0	2.702e+04	0	0	0	0	0	0	0	0	0	4.683e+04	7.014e+04	0	0	0	0	0	0	0	0	0	0	0	0	0	0	0	0	0	0	0	0	0	0	0	
11004	909.0505	3.45e+19	0	0	100000	2	0	0	0	0	0	0	0	0	0	0	0	0	0	0	0	0	0	0	0	0	0	0	0	0	0	0	0	0	0	0	0	0	0	6.679e+04	0	0	0	0	0	0	0	0	2.294e+04	0	0	0	0	0	0	0	0	0	0	0	0	0	2.708e+04	0	0	0	0	0	0	0	0	0	4.695e+04	7.032e+04	0	0	0	0	0	0	0	0	0	0	0	0	0	0	0	0	0	0	0	0	0	0	0	
11032	909.0505	3.45e+19	0	0	100000	2	0	0	0	0	0	0	0	0	0	0	0	0	0	0	0	0	0	0	0	0	0	0	0	0	0	0	0	0	0	0	0	0	0	6.696e+04	0	0	0	0	0	0	0	0	2.302e+04	0	0	0	0	0	0	0	0	0	0	0	0	0	2.714e+04	0	0	0	0	0	0	0	0	0	4.707e+04	7.05e+04	0	0	0	0	0	0	0	0	0	0	0	0	0	0	0	0	0	0	0	0	0	0	0	
11060	909.0505	3.45e+19	0	0	100000	2	0	0	0	0	0	0	0	0	0	0	0	0	0	0	0	0	0	0	0	0	0	0	0	0	0	0	0	0	0	0	0	0	0	6.713e+04	0	0	0	0	0	0	0	0	2.311e+04	0	0	0	0	0	0	0	0	0	0	0	0	0	2.72e+04	0	0	0	0	0	0	0	0	0	4.719e+04	7.067e+04	0	0	0	0	0	0	0	0	0	0	0	0	0	0	0	0	0	0	0	0	0	0	0	
11088	909.0505	3.45e+19	0	0	100000	2	0	0	0	0	0	0	0	0	0	0	0	0	0	0	0	0	0	0	0	0	0	0	0	0	0	0	0	0	0	0	0	0	0	6.73e+04	0	0	0	0	0	0	0	0	2.319e+04	0	0	0	0	0	0	0	0	0	0	0	0	0	2.726e+04	0	0	0	0	0	0	0	0	0	4.731e+04	7.085e+04	0	0	0	0	0	0	0	0	0	0	0	0	0	0	0	0	0	0	0	0	0	0	0	
11116	909.0505	3.45e+19	0	0	100000	2	0	0	0	0	0	0	0	0	0	0	0	0	0	0	0	0	0	0	0	0	0	0	0	0	0	0	0	0	0	0	0	0	0	6.747e+04	0	0	0	0	0	0	0	0	2.328e+04	0	0	0	0	0	0	0	0	0	0	0	0	0	2.733e+04	0	0	0	0	0	0	0	0	0	4.743e+04	7.103e+04	0	0	0	0	0	0	0	0	0	0	0	0	0	0	0	0	0	0	0	0	0	0	0	
11144	909.0505	3.45e+19	0	0	100000	2	0	0	0	0	0	0	0	0	0	0	0	0	0	0	0	0	0	0	0	0	0	0	0	0	0	0	0	0	0	0	0	0	0	6.764e+04	0	0	0	0	0	0	0	0	2.336e+04	0	0	0	0	0	0	0	0	0	0	0	0	0	2.739e+04	0	0	0	0	0	0	0	0	0	4.755e+04	7.121e+04	0	0	0	0	0	0	0	0	0	0	0	0	0	0	0	0	0	0	0	0	0	0	0	
11172	909.0505	3.45e+19	0	0	100000	2	0	0	0	0	0	0	0	0	0	0	0	0	0	0	0	0	0	0	0	0	0	0	0	0	0	0	0	0	0	0	0	0	0	6.781e+04	0	0	0	0	0	0	0	0	2.345e+04	0	0	0	0	0	0	0	0	0	0	0	0	0	2.745e+04	0	0	0	0	0	0	0	0	0	4.767e+04	7.139e+04	0	0	0	0	0	0	0	0	0	0	0	0	0	0	0	0	0	0	0	0	0	0	0	
11200	909.0505	3.45e+19	0	0	100000	2	0	0	0	0	0	0	0	0	0	0	0	0	0	0	0	0	0	0	0	0	0	0	0	0	0	0	0	0	0	0	0	0	0	6.798e+04	0	0	0	0	0	0	0	0	2.353e+04	0	0	0	0	0	0	0	0	0	0	0	0	0	2.751e+04	0	0	0	0	0	0	0	0	0	4.779e+04	7.157e+04	0	0	0	0	0	0	0	0	0	0	0	0	0	0	0	0	0	0	0	0	0	0	0	
11228	909.0505	3.45e+19	0	0	100000	2	0	0	0	0	0	0	0	0	0	0	0	0	0	0	0	0	0	0	0	0	0	0	0	0	0	0	0	0	0	0	0	0	0	6.815e+04	0	0	0	0	0	0	0	0	2.362e+04	0	0	0	0	0	0	0	0	0	0	0	0	0	2.757e+04	0	0	0	0	0	0	0	0	0	4.791e+04	7.175e+04	0	0	0	0	0	0	0	0	0	0	0	0	0	0	0	0	0	0	0	0	0	0	0	
11256	909.0505	3.45e+19	0	0	100000	2	0	0	0	0	0	0	0	0	0	0	0	0	0	0	0	0	0	0	0	0	0	0	0	0	0	0	0	0	0	0	0	0	0	6.832e+04	0	0	0	0	0	0	0	0	2.371e+04	0	0	0	0	0	0	0	0	0	0	0	0	0	2.763e+04	0	0	0	0	0	0	0	0	0	4.803e+04	7.193e+04	0	0	0	0	0	0	0	0	0	0	0	0	0	0	0	0	0	0	0	0	0	0	0	
11284	909.0505	3.45e+19	0	0	100000	2	0	0	0	0	0	0	0	0	0	0	0	0	0	0	0	0	0	0	0	0	0	0	0	0	0	0	0	0	0	0	0	0	0	6.849e+04	0	0	0	0	0	0	0	0	2.379e+04	0	0	0	0	0	0	0	0	0	0	0	0	0	2.769e+04	0	0	0	0	0	0	0	0	0	4.815e+04	7.211e+04	0	0	0	0	0	0	0	0	0	0	0	0	0	0	0	0	0	0	0	0	0	0	0	
11312	909.0505	3.45e+19	0	0	100000	2	0	0	0	0	0	0	0	0	0	0	0	0	0	0	0	0	0	0	0	0	0	0	0	0	0	0	0	0	0	0	0	0	0	6.866e+04	0	0	0	0	0	0	0	0	2.388e+04	0	0	0	0	0	0	0	0	0	0	0	0	0	2.775e+04	0	0	0	0	0	0	0	0	0	4.827e+04	7.229e+04	0	0	0	0	0	0	0	0	0	0	0	0	0	0	0	0	0	0	0	0	0	0	0	
11340	909.0505	3.45e+19	0	0	100000	2	0	0	0	0	0	0	0	0	0	0	0	0	0	0	0	0	0	0	0	0	0	0	0	0	0	0	0	0	0	0	0	0	0	6.883e+04	0	0	0	0	0	0	0	0	2.396e+04	0	0	0	0	0	0	0	0	0	0	0	0	0	2.781e+04	0	0	0	0	0	0	0	0	0	4.839e+04	7.246e+04	0	0	0	0	0	0	0	0	0	0	0	0	0	0	0	0	0	0	0	0	0	0	0	
11368	909.0505	3.45e+19	0	0	100000	2	0	0	0	0	0	0	0	0	0	0	0	0	0	0	0	0	0	0	0	0	0	0	0	0	0	0	0	0	0	0	0	0	0	6.9e+04	0	0	0	0	0	0	0	0	2.405e+04	0	0	0	0	0	0	0	0	0	0	0	0	0	2.787e+04	0	0	0	0	0	0	0	0	0	4.85e+04	7.264e+04	0	0	0	0	0	0	0	0	0	0	0	0	0	0	0	0	0	0	0	0	0	0	0	
11396	909.0505	3.45e+19	0	0	100000	2	0	0	0	0	0	0	0	0	0	0	0	0	0	0	0	0	0	0	0	0	0	0	0	0	0	0	0	0	0	0	0	0	0	6.917e+04	0	0	0	0	0	0	0	0	2.414e+04	0	0	0	0	0	0	0	0	0	0	0	0	0	2.793e+04	0	0	0	0	0	0	0	0	0	4.862e+04	7.282e+04	0	0	0	0	0	0	0	0	0	0	0	0	0	0	0	0	0	0	0	0	0	0	0	
11424	909.0505	3.45e+19	0	0	100000	2	0	0	0	0	0	0	0	0	0	0	0	0	0	0	0	0	0	0	0	0	0	0	0	0	0	0	0	0	0	0	0	0	0	6.934e+04	0	0	0	0	0	0	0	0	2.422e+04	0	0	0	0	0	0	0	0	0	0	0	0	0	2.799e+04	0	0	0	0	0	0	0	0	0	4.874e+04	7.3e+04	0	0	0	0	0	0	0	0	0	0	0	0	0	0	0	0	0	0	0	0	0	0	0	
11452	909.0505	3.45e+19	0	0	100000	2	0	0	0	0	0	0	0	0	0	0	0	0	0	0	0	0	0	0	0	0	0	0	0	0	0	0	0	0	0	0	0	0	0	6.951e+04	0	0	0	0	0	0	0	0	2.431e+04	0	0	0	0	0	0	0	0	0	0	0	0	0	2.805e+04	0	0	0	0	0	0	0	0	0	4.886e+04	7.318e+04	0	0	0	0	0	0	0	0	0	0	0	0	0	0	0	0	0	0	0	0	0	0	0	
11480	909.0505	3.45e+19	0	0	100000	2	0	0	0	0	0	0	0	0	0	0	0	0	0	0	0	0	0	0	0	0	0	0	0	0	0	0	0	0	0	0	0	0	0	6.968e+04	0	0	0	0	0	0	0	0	2.44e+04	0	0	0	0	0	0	0	0	0	0	0	0	0	2.811e+04	0	0	0	0	0	0	0	0	0	4.898e+04	7.336e+04	0	0	0	0	0	0	0	0	0	0	0	0	0	0	0	0	0	0	0	0	0	0	0	
11508	909.0505	3.45e+19	0	0	100000	2	0	0	0	0	0	0	0	0	0	0	0	0	0	0	0	0	0	0	0	0	0	0	0	0	0	0	0	0	0	0	0	0	0	6.985e+04	0	0	0	0	0	0	0	0	2.448e+04	0	0	0	0	0	0	0	0	0	0	0	0	0	2.817e+04	0	0	0	0	0	0	0	0	0	4.91e+04	7.354e+04	0	0	0	0	0	0	0	0	0	0	0	0	0	0	0	0	0	0	0	0	0	0	0	
11536	909.0505	3.45e+19	0	0	100000	2	0	0	0	0	0	0	0	0	0	0	0	0	0	0	0	0	0	0	0	0	0	0	0	0	0	0	0	0	0	0	0	0	0	7.002e+04	0	0	0	0	0	0	0	0	2.457e+04	0	0	0	0	0	0	0	0	0	0	0	0	0	2.823e+04	0	0	0	0	0	0	0	0	0	4.922e+04	7.372e+04	0	0	0	0	0	0	0	0	0	0	0	0	0	0	0	0	0	0	0	0	0	0	0	
11564	909.0505	3.45e+19	0	0	100000	2	0	0	0	0	0	0	0	0	0	0	0	0	0	0	0	0	0	0	0	0	0	0	0	0	0	0	0	0	0	0	0	0	0	7.019e+04	0	0	0	0	0	0	0	0	2.466e+04	0	0	0	0	0	0	0	0	0	0	0	0	0	2.829e+04	0	0	0	0	0	0	0	0	0	4.934e+04	7.39e+04	0	0	0	0	0	0	0	0	0	0	0	0	0	0	0	0	0	0	0	0	0	0	0	
11592	909.0505	3.45e+19	0	0	100000	2	0	0	0	0	0	0	0	0	0	0	0	0	0	0	0	0	0	0	0	0	0	0	0	0	0	0	0	0	0	0	0	0	0	7.036e+04	0	0	0	0	0	0	0	0	2.474e+04	0	0	0	0	0	0	0	0	0	0	0	0	0	2.836e+04	0	0	0	0	0	0	0	0	0	4.946e+04	7.407e+04	0	0	0	0	0	0	0	0	0	0	0	0	0	0	0	0	0	0	0	0	0	0	0	
11620	909.0505	3.45e+19	0	0	100000	2	0	0	0	0	0	0	0	0	0	0	0	0	0	0	0	0	0	0	0	0	0	0	0	0	0	0	0	0	0	0	0	0	0	7.053e+04	0	0	0	0	0	0	0	0	2.483e+04	0	0	0	0	0	0	0	0	0	0	0	0	0	2.842e+04	0	0	0	0	0	0	0	0	0	4.958e+04	7.425e+04	0	0	0	0	0	0	0	0	0	0	0	0	0	0	0	0	0	0	0	0	0	0	0	
11648	909.0505	3.45e+19	0	0	100000	2	0	0	0	0	0	0	0	0	0	0	0	0	0	0	0	0	0	0	0	0	0	0	0	0	0	0	0	0	0	0	0	0	0	7.07e+04	0	0	0	0	0	0	0	0	2.492e+04	0	0	0	0	0	0	0	0	0	0	0	0	0	2.848e+04	0	0	0	0	0	0	0	0	0	4.97e+04	7.443e+04	0	0	0	0	0	0	0	0	0	0	0	0	0	0	0	0	0	0	0	0	0	0	0	
11676	909.0505	3.45e+19	0	0	100000	2	0	0	0	0	0	0	0	0	0	0	0	0	0	0	0	0	0	0	0	0	0	0	0	0	0	0	0	0	0	0	0	0	0	7.087e+04	0	0	0	0	0	0	0	0	2.5e+04	0	0	0	0	0	0	0	0	0	0	0	0	0	2.854e+04	0	0	0	0	0	0	0	0	0	4.982e+04	7.461e+04	0	0	0	0	0	0	0	0	0	0	0	0	0	0	0	0	0	0	0	0	0	0	0	
11704	909.0505	3.45e+19	0	0	100000	2	0	0	0	0	0	0	0	0	0	0	0	0	0	0	0	0	0	0	0	0	0	0	0	0	0	0	0	0	0	0	0	0	0	7.104e+04	0	0	0	0	0	0	0	0	2.509e+04	0	0	0	0	0	0	0	0	0	0	0	0	0	2.86e+04	0	0	0	0	0	0	0	0	0	4.994e+04	7.479e+04	0	0	0	0	0	0	0	0	0	0	0	0	0	0	0	0	0	0	0	0	0	0	0	
11732	909.0505	3.45e+19	0	0	100000	2	0	0	0	0	0	0	0	0	0	0	0	0	0	0	0	0	0	0	0	0	0	0	0	0	0	0	0	0	0	0	0	0	0	7.121e+04	0	0	0	0	0	0	0	0	2.518e+04	0	0	0	0	0	0	0	0	0	0	0	0	0	2.866e+04	0	0	0	0	0	0	0	0	0	5.006e+04	7.497e+04	0	0	0	0	0	0	0	0	0	0	0	0	0	0	0	0	0	0	0	0	0	0	0	
11760	909.0505	3.45e+19	0	0	100000	2	0	0	0	0	0	0	0	0	0	0	0	0	0	0	0	0	0	0	0	0	0	0	0	0	0	0	0	0	0	0	0	0	0	7.138e+04	0	0	0	0	0	0	0	0	2.527e+04	0	0	0	0	0	0	0	0	0	0	0	0	0	2.872e+04	0	0	0	0	0	0	0	0	0	5.018e+04	7.515e+04	0	0	0	0	0	0	0	0	0	0	0	0	0	0	0	0	0	0	0	0	0	0	0	
11788	909.0505	3.45e+19	0	0	100000	2	0	0	0	0	0	0	0	0	0	0	0	0	0	0	0	0	0	0	0	0	0	0	0	0	0	0	0	0	0	0	0	0	0	7.155e+04	0	0	0	0	0	0	0	0	2.535e+04	0	0	0	0	0	0	0	0	0	0	0	0	0	2.878e+04	0	0	0	0	0	0	0	0	0	5.03e+04	7.533e+04	0	0	0	0	0	0	0	0	0	0	0	0	0	0	0	0	0	0	0	0	0	0	0	
11816	909.0505	3.45e+19	0	0	100000	2	0	0	0	0	0	0	0	0	0	0	0	0	0	0	0	0	0	0	0	0	0	0	0	0	0	0	0	0	0	0	0	0	0	7.172e+04	0	0	0	0	0	0	0	0	2.544e+04	0	0	0	0	0	0	0	0	0	0	0	0	0	2.884e+04	0	0	0	0	0	0	0	0	0	5.042e+04	7.551e+04	0	0	0	0	0	0	0	0	0	0	0	0	0	0	0	0	0	0	0	0	0	0	0	
11844	909.0505	3.45e+19	0	0	100000	2	0	0	0	0	0	0	0	0	0	0	0	0	0	0	0	0	0	0	0	0	0	0	0	0	0	0	0	0	0	0	0	0	0	7.189e+04	0	0	0	0	0	0	0	0	2.553e+04	0	0	0	0	0	0	0	0	0	0	0	0	0	2.89e+04	0	0	0	0	0	0	0	0	0	5.054e+04	7.568e+04	0	0	0	0	0	0	0	0	0	0	0	0	0	0	0	0	0	0	0	0	0	0	0	
11872	909.0505	3.45e+19	0	0	100000	2	0	0	0	0	0	0	0	0	0	0	0	0	0	0	0	0	0	0	0	0	0	0	0	0	0	0	0	0	0	0	0	0	0	7.206e+04	0	0	0	0	0	0	0	0	2.562e+04	0	0	0	0	0	0	0	0	0	0	0	0	0	2.896e+04	0	0	0	0	0	0	0	0	0	5.065e+04	7.586e+04	0	0	0	0	0	0	0	0	0	0	0	0	0	0	0	0	0	0	0	0	0	0	0	
11900	909.0505	3.45e+19	0	0	100000	2	0	0	0	0	0	0	0	0	0	0	0	0	0	0	0	0	0	0	0	0	0	0	0	0	0	0	0	0	0	0	0	0	0	7.223e+04	0	0	0	0	0	0	0	0	2.571e+04	0	0	0	0	0	0	0	0	0	0	0	0	0	2.902e+04	0	0	0	0	0	0	0	0	0	5.077e+04	7.604e+04	0	0	0	0	0	0	0	0	0	0	0	0	0	0	0	0	0	0	0	0	0	0	0	
11928	909.0505	3.45e+19	0	0	100000	2	0	0	0	0	0	0	0	0	0	0	0	0	0	0	0	0	0	0	0	0	0	0	0	0	0	0	0	0	0	0	0	0	0	7.24e+04	0	0	0	0	0	0	0	0	2.579e+04	0	0	0	0	0	0	0	0	0	0	0	0	0	2.908e+04	0	0	0	0	0	0	0	0	0	5.089e+04	7.622e+04	0	0	0	0	0	0	0	0	0	0	0	0	0	0	0	0	0	0	0	0	0	0	0	
11956	909.0505	3.45e+19	0	0	100000	2	0	0	0	0	0	0	0	0	0	0	0	0	0	0	0	0	0	0	0	0	0	0	0	0	0	0	0	0	0	0	0	0	0	7.257e+04	0	0	0	0	0	0	0	0	2.588e+04	0	0	0	0	0	0	0	0	0	0	0	0	0	2.914e+04	0	0	0	0	0	0	0	0	0	5.101e+04	7.64e+04	0	0	0	0	0	0	0	0	0	0	0	0	0	0	0	0	0	0	0	0	0	0	0	
11984	909.0505	3.45e+19	0	0	100000	2	0	0	0	0	0	0	0	0	0	0	0	0	0	0	0	0	0	0	0	0	0	0	0	0	0	0	0	0	0	0	0	0	0	7.274e+04	0	0	0	0	0	0	0	0	2.597e+04	0	0	0	0	0	0	0	0	0	0	0	0	0	2.92e+04	0	0	0	0	0	0	0	0	0	5.113e+04	7.658e+04	0	0	0	0	0	0	0	0	0	0	0	0	0	0	0	0	0	0	0	0	0	0	0	
12012	909.0505	3.45e+19	0	0	100000	2	0	0	0	0	0	0	0	0	0	0	0	0	0	0	0	0	0	0	0	0	0	0	0	0	0	0	0	0	0	0	0	0	0	7.291e+04	0	0	0	0	0	0	0	0	2.606e+04	0	0	0	0	0	0	0	0	0	0	0	0	0	2.926e+04	0	0	0	0	0	0	0	0	0	5.125e+04	7.676e+04	0	0	0	0	0	0	0	0	0	0	0	0	0	0	0	0	0	0	0	0	0	0	0	
12040	909.0505	3.45e+19	0	0	100000	2	0	0	0	0	0	0	0	0	0	0	0	0	0	0	0	0	0	0	0	0	0	0	0	0	0	0	0	0	0	0	0	0	0	7.308e+04	0	0	0	0	0	0	0	0	2.615e+04	0	0	0	0	0	0	0	0	0	0	0	0	0	2.932e+04	0	0	0	0	0	0	0	0	0	5.137e+04	7.694e+04	0	0	0	0	0	0	0	0	0	0	0	0	0	0	0	0	0	0	0	0	0	0	0	
12068	909.0505	3.45e+19	0	0	100000	2	0	0	0	0	0	0	0	0	0	0	0	0	0	0	0	0	0	0	0	0	0	0	0	0	0	0	0	0	0	0	0	0	0	7.325e+04	0	0	0	0	0	0	0	0	2.623e+04	0	0	0	0	0	0	0	0	0	0	0	0	0	2.938e+04	0	0	0	0	0	0	0	0	0	5.149e+04	7.712e+04	0	0	0	0	0	0	0	0	0	0	0	0	0	0	0	0	0	0	0	0	0	0	0	
12096	909.0505	3.45e+19	0	0	100000	2	0	0	0	0	0	0	0	0	0	0	0	0	0	0	0	0	0	0	0	0	0	0	0	0	0	0	0	0	0	0	0	0	0	7.342e+04	0	0	0	0	0	0	0	0	2.632e+04	0	0	0	0	0	0	0	0	0	0	0	0	0	2.944e+04	0	0	0	0	0	0	0	0	0	5.161e+04	7.729e+04	0	0	0	0	0	0	0	0	0	0	0	0	0	0	0	0	0	0	0	0	0	0	0	
12124	909.0505	3.45e+19	0	0	100000	2	0	0	0	0	0	0	0	0	0	0	0	0	0	0	0	0	0	0	0	0	0	0	0	0	0	0	0	0	0	0	0	0	0	7.359e+04	0	0	0	0	0	0	0	0	2.641e+04	0	0	0	0	0	0	0	0	0	0	0	0	0	2.95e+04	0	0	0	0	0	0	0	0	0	5.173e+04	7.747e+04	0	0	0	0	0	0	0	0	0	0	0	0	0	0	0	0	0	0	0	0	0	0	0	
12152	909.0505	3.45e+19	0	0	100000	2	0	0	0	0	0	0	0	0	0	0	0	0	0	0	0	0	0	0	0	0	0	0	0	0	0	0	0	0	0	0	0	0	0	7.376e+04	0	0	0	0	0	0	0	0	2.65e+04	0	0	0	0	0	0	0	0	0	0	0	0	0	2.956e+04	0	0	0	0	0	0	0	0	0	5.185e+04	7.765e+04	0	0	0	0	0	0	0	0	0	0	0	0	0	0	0	0	0	0	0	0	0	0	0	
12180	909.0505	3.45e+19	0	0	100000	2	0	0	0	0	0	0	0	0	0	0	0	0	0	0	0	0	0	0	0	0	0	0	0	0	0	0	0	0	0	0	0	0	0	7.393e+04	0	0	0	0	0	0	0	0	2.659e+04	0	0	0	0	0	0	0	0	0	0	0	0	0	2.962e+04	0	0	0	0	0	0	0	0	0	5.197e+04	7.783e+04	0	0	0	0	0	0	0	0	0	0	0	0	0	0	0	0	0	0	0	0	0	0	0	
12208	909.0505	3.45e+19	0	0	100000	2	0	0	0	0	0	0	0	0	0	0	0	0	0	0	0	0	0	0	0	0	0	0	0	0	0	0	0	0	0	0	0	0	0	7.41e+04	0	0	0	0	0	0	0	0	2.668e+04	0	0	0	0	0	0	0	0	0	0	0	0	0	2.968e+04	0	0	0	0	0	0	0	0	0	5.209e+04	7.801e+04	0	0	0	0	0	0	0	0	0	0	0	0	0	0	0	0	0	0	0	0	0	0	0	
12236	909.0505	3.45e+19	0	0	100000	2	0	0	0	0	0	0	0	0	0	0	0	0	0	0	0	0	0	0	0	0	0	0	0	0	0	0	0	0	0	0	0	0	0	7.427e+04	0	0	0	0	0	0	0	0	2.677e+04	0	0	0	0	0	0	0	0	0	0	0	0	0	2.974e+04	0	0	0	0	0	0	0	0	0	5.221e+04	7.819e+04	0	0	0	0	0	0	0	0	0	0	0	0	0	0	0	0	0	0	0	0	0	0	0	
12264	909.0505	3.45e+19	0	0	100000	2	0	0	0	0	0	0	0	0	0	0	0	0	0	0	0	0	0	0	0	0	0	0	0	0	0	0	0	0	0	0	0	0	0	7.444e+04	0	0	0	0	0	0	0	0	2.686e+04	0	0	0	0	0	0	0	0	0	0	0	0	0	2.979e+04	0	0	0	0	0	0	0	0	0	5.233e+04	7.837e+04	0	0	0	0	0	0	0	0	0	0	0	0	0	0	0	0	0	0	0	0	0	0	0	
12292	909.0505	3.45e+19	0	0	100000	2	0	0	0	0	0	0	0	0	0	0	0	0	0	0	0	0	0	0	0	0	0	0	0	0	0	0	0	0	0	0	0	0	0	7.461e+04	0	0	0	0	0	0	0	0	2.695e+04	0	0	0	0	0	0	0	0	0	0	0	0	0	2.985e+04	0	0	0	0	0	0	0	0	0	5.245e+04	7.855e+04	0	0	0	0	0	0	0	0	0	0	0	0	0	0	0	0	0	0	0	0	0	0	0	
12320	909.0505	3.45e+19	0	0	100000	2	0	0	0	0	0	0	0	0	0	0	0	0	0	0	0	0	0	0	0	0	0	0	0	0	0	0	0	0	0	0	0	0	0	7.478e+04	0	0	0	0	0	0	0	0	2.703e+04	0	0	0	0	0	0	0	0	0	0	0	0	0	2.991e+04	0	0	0	0	0	0	0	0	0	5.257e+04	7.873e+04	0	0	0	0	0	0	0	0	0	0	0	0	0	0	0	0	0	0	0	0	0	0	0	
12348	909.0505	3.45e+19	0	0	100000	2	0	0	0	0	0	0	0	0	0	0	0	0	0	0	0	0	0	0	0	0	0	0	0	0	0	0	0	0	0	0	0	0	0	7.495e+04	0	0	0	0	0	0	0	0	2.712e+04	0	0	0	0	0	0	0	0	0	0	0	0	0	2.997e+04	0	0	0	0	0	0	0	0	0	5.269e+04	7.891e+04	0	0	0	0	0	0	0	0	0	0	0	0	0	0	0	0	0	0	0	0	0	0	0	
12376	909.0505	3.45e+19	0	0	100000	2	0	0	0	0	0	0	0	0	0	0	0	0	0	0	0	0	0	0	0	0	0	0	0	0	0	0	0	0	0	0	0	0	0	7.512e+04	0	0	0	0	0	0	0	0	2.721e+04	0	0	0	0	0	0	0	0	0	0	0	0	0	3.003e+04	0	0	0	0	0	0	0	0	0	5.281e+04	7.908e+04	0	0	0	0	0	0	0	0	0	0	0	0	0	0	0	0	0	0	0	0	0	0	0	
12404	909.0505	3.45e+19	0	0	100000	2	0	0	0	0	0	0	0	0	0	0	0	0	0	0	0	0	0	0	0	0	0	0	0	0	0	0	0	0	0	0	0	0	0	7.529e+04	0	0	0	0	0	0	0	0	2.73e+04	0	0	0	0	0	0	0	0	0	0	0	0	0	3.009e+04	0	0	0	0	0	0	0	0	0	5.292e+04	7.926e+04	0	0	0	0	0	0	0	0	0	0	0	0	0	0	0	0	0	0	0	0	0	0	0	
12432	909.0505	3.45e+19	0	0	100000	2	0	0	0	0	0	0	0	0	0	0	0	0	0	0	0	0	0	0	0	0	0	0	0	0	0	0	0	0	0	0	0	0	0	7.546e+04	0	0	0	0	0	0	0	0	2.739e+04	0	0	0	0	0	0	0	0	0	0	0	0	0	3.015e+04	0	0	0	0	0	0	0	0	0	5.304e+04	7.944e+04	0	0	0	0	0	0	0	0	0	0	0	0	0	0	0	0	0	0	0	0	0	0	0	
12460	909.0505	3.45e+19	0	0	100000	2	0	0	0	0	0	0	0	0	0	0	0	0	0	0	0	0	0	0	0	0	0	0	0	0	0	0	0	0	0	0	0	0	0	7.563e+04	0	0	0	0	0	0	0	0	2.748e+04	0	0	0	0	0	0	0	0	0	0	0	0	0	3.021e+04	0	0	0	0	0	0	0	0	0	5.316e+04	7.962e+04	0	0	0	0	0	0	0	0	0	0	0	0	0	0	0	0	0	0	0	0	0	0	0	
12488	909.0505	3.45e+19	0	0	100000	2	0	0	0	0	0	0	0	0	0	0	0	0	0	0	0	0	0	0	0	0	0	0	0	0	0	0	0	0	0	0	0	0	0	7.58e+04	0	0	0	0	0	0	0	0	2.757e+04	0	0	0	0	0	0	0	0	0	0	0	0	0	3.027e+04	0	0	0	0	0	0	0	0	0	5.328e+04	7.98e+04	0	0	0	0	0	0	0	0	0	0	0	0	0	0	0	0	0	0	0	0	0	0	0	
12516	909.0505	3.45e+19	0	0	100000	2	0	0	0	0	0	0	0	0	0	0	0	0	0	0	0	0	0	0	0	0	0	0	0	0	0	0	0	0	0	0	0	0	0	7.597e+04	0	0	0	0	0	0	0	0	2.766e+04	0	0	0	0	0	0	0	0	0	0	0	0	0	3.033e+04	0	0	0	0	0	0	0	0	0	5.34e+04	7.998e+04	0	0	0	0	0	0	0	0	0	0	0	0	0	0	0	0	0	0	0	0	0	0	0	
12544	909.0505	3.45e+19	0	0	100000	2	0	0	0	0	0	0	0	0	0	0	0	0	0	0	0	0	0	0	0	0	0	0	0	0	0	0	0	0	0	0	0	0	0	7.614e+04	0	0	0	0	0	0	0	0	2.775e+04	0	0	0	0	0	0	0	0	0	0	0	0	0	3.039e+04	0	0	0	0	0	0	0	0	0	5.352e+04	8.016e+04	0	0	0	0	0	0	0	0	0	0	0	0	0	0	0	0	0	0	0	0	0	0	0	
12572	909.0505	3.45e+19	0	0	100000	2	0	0	0	0	0	0	0	0	0	0	0	0	0	0	0	0	0	0	0	0	0	0	0	0	0	0	0	0	0	0	0	0	0	7.631e+04	0	0	0	0	0	0	0	0	2.784e+04	0	0	0	0	0	0	0	0	0	0	0	0	0	3.045e+04	0	0	0	0	0	0	0	0	0	5.364e+04	8.034e+04	0	0	0	0	0	0	0	0	0	0	0	0	0	0	0	0	0	0	0	0	0	0	0	
12600	909.0505	3.45e+19	0	0	100000	2	0	0	0	0	0	0	0	0	0	0	0	0	0	0	0	0	0	0	0	0	0	0	0	0	0	0	0	0	0	0	0	0	0	7.648e+04	0	0	0	0	0	0	0	0	2.793e+04	0	0	0	0	0	0	0	0	0	0	0	0	0	3.051e+04	0	0	0	0	0	0	0	0	0	5.376e+04	8.052e+04	0	0	0	0	0	0	0	0	0	0	0	0	0	0	0	0	0	0	0	0	0	0	0	
12628	909.0505	3.45e+19	0	0	100000	2	0	0	0	0	0	0	0	0	0	0	0	0	0	0	0	0	0	0	0	0	0	0	0	0	0	0	0	0	0	0	0	0	0	7.665e+04	0	0	0	0	0	0	0	0	2.802e+04	0	0	0	0	0	0	0	0	0	0	0	0	0	3.057e+04	0	0	0	0	0	0	0	0	0	5.388e+04	8.069e+04	0	0	0	0	0	0	0	0	0	0	0	0	0	0	0	0	0	0	0	0	0	0	0	
12656	909.0505	3.45e+19	0	0	100000	2	0	0	0	0	0	0	0	0	0	0	0	0	0	0	0	0	0	0	0	0	0	0	0	0	0	0	0	0	0	0	0	0	0	7.682e+04	0	0	0	0	0	0	0	0	2.811e+04	0	0	0	0	0	0	0	0	0	0	0	0	0	3.063e+04	0	0	0	0	0	0	0	0	0	5.4e+04	8.087e+04	0	0	0	0	0	0	0	0	0	0	0	0	0	0	0	0	0	0	0	0	0	0	0	
12684	909.0505	3.45e+19	0	0	100000	2	0	0	0	0	0	0	0	0	0	0	0	0	0	0	0	0	0	0	0	0	0	0	0	0	0	0	0	0	0	0	0	0	0	7.699e+04	0	0	0	0	0	0	0	0	2.82e+04	0	0	0	0	0	0	0	0	0	0	0	0	0	3.069e+04	0	0	0	0	0	0	0	0	0	5.412e+04	8.105e+04	0	0	0	0	0	0	0	0	0	0	0	0	0	0	0	0	0	0	0	0	0	0	0	
12712	909.0505	3.45e+19	0	0	100000	2	0	0	0	0	0	0	0	0	0	0	0	0	0	0	0	0	0	0	0	0	0	0	0	0	0	0	0	0	0	0	0	0	0	7.716e+04	0	0	0	0	0	0	0	0	2.829e+04	0	0	0	0	0	0	0	0	0	0	0	0	0	3.075e+04	0	0	0	0	0	0	0	0	0	5.424e+04	8.123e+04	0	0	0	0	0	0	0	0	0	0	0	0	0	0	0	0	0	0	0	0	0	0	0	
12740	909.0505	3.45e+19	0	0	100000	2	0	0	0	0	0	0	0	0	0	0	0	0	0	0	0	0	0	0	0	0	0	0	0	0	0	0	0	0	0	0	0	0	0	7.733e+04	0	0	0	0	0	0	0	0	2.838e+04	0	0	0	0	0	0	0	0	0	0	0	0	0	3.081e+04	0	0	0	0	0	0	0	0	0	5.436e+04	8.141e+04	0	0	0	0	0	0	0	0	0	0	0	0	0	0	0	0	0	0	0	0	0	0	0	
12768	909.0505	3.45e+19	0	0	100000	2	0	0	0	0	0	0	0	0	0	0	0	0	0	0	0	0	0	0	0	0	0	0	0	0	0	0	0	0	0	0	0	0	0	7.75e+04	0	0	0	0	0	0	0	0	2.847e+04	0	0	0	0	0	0	0	0	0	0	0	0	0	3.086e+04	0	0	0	0	0	0	0	0	0	5.448e+04	8.159e+04	0	0	0	0	0	0	0	0	0	0	0	0	0	0	0	0	0	0	0	0	0	0	0	
12796	909.0505	3.45e+19	0	0	100000	2	0	0	0	0	0	0	0	0	0	0	0	0	0	0	0	0	0	0	0	0	0	0	0	0	0	0	0	0	0	0	0	0	0	7.767e+04	0	0	0	0	0	0	0	0	2.857e+04	0	0	0	0	0	0	0	0	0	0	0	0	0	3.092e+04	0	0	0	0	0	0	0	0	0	5.46e+04	8.177e+04	0	0	0	0	0	0	0	0	0	0	0	0	0	0	0	0	0	0	0	0	0	0	0	
12824	909.0505	3.45e+19	0	0	100000	2	0	0	0	0	0	0	0	0	0	0	0	0	0	0	0	0	0	0	0	0	0	0	0	0	0	0	0	0	0	0	0	0	0	7.783e+04	0	0	0	0	0	0	0	0	2.866e+04	0	0	0	0	0	0	0	0	0	0	0	0	0	3.098e+04	0	0	0	0	0	0	0	0	0	5.472e+04	8.195e+04	0	0	0	0	0	0	0	0	0	0	0	0	0	0	0	0	0	0	0	0	0	0	0	
12852	909.0505	3.45e+19	0	0	100000	2	0	0	0	0	0	0	0	0	0	0	0	0	0	0	0	0	0	0	0	0	0	0	0	0	0	0	0	0	0	0	0	0	0	7.8e+04	0	0	0	0	0	0	0	0	2.875e+04	0	0	0	0	0	0	0	0	0	0	0	0	0	3.104e+04	0	0	0	0	0	0	0	0	0	5.484e+04	8.213e+04	0	0	0	0	0	0	0	0	0	0	0	0	0	0	0	0	0	0	0	0	0	0	0	
12880	909.0505	3.45e+19	0	0	100000	2	0	0	0	0	0	0	0	0	0	0	0	0	0	0	0	0	0	0	0	0	0	0	0	0	0	0	0	0	0	0	0	0	0	7.817e+04	0	0	0	0	0	0	0	0	2.884e+04	0	0	0	0	0	0	0	0	0	0	0	0	0	3.11e+04	0	0	0	0	0	0	0	0	0	5.496e+04	8.23e+04	0	0	0	0	0	0	0	0	0	0	0	0	0	0	0	0	0	0	0	0	0	0	0	
12908	909.0505	3.45e+19	0	0	100000	2	0	0	0	0	0	0	0	0	0	0	0	0	0	0	0	0	0	0	0	0	0	0	0	0	0	0	0	0	0	0	0	0	0	7.834e+04	0	0	0	0	0	0	0	0	2.893e+04	0	0	0	0	0	0	0	0	0	0	0	0	0	3.116e+04	0	0	0	0	0	0	0	0	0	5.508e+04	8.248e+04	0	0	0	0	0	0	0	0	0	0	0	0	0	0	0	0	0	0	0	0	0	0	0	
12936	909.0505	3.45e+19	0	0	100000	2	0	0	0	0	0	0	0	0	0	0	0	0	0	0	0	0	0	0	0	0	0	0	0	0	0	0	0	0	0	0	0	0	0	7.851e+04	0	0	0	0	0	0	0	0	2.902e+04	0	0	0	0	0	0	0	0	0	0	0	0	0	3.122e+04	0	0	0	0	0	0	0	0	0	5.519e+04	8.266e+04	0	0	0	0	0	0	0	0	0	0	0	0	0	0	0	0	0	0	0	0	0	0	0	
12964	909.0505	3.45e+19	0	0	100000	2	0	0	0	0	0	0	0	0	0	0	0	0	0	0	0	0	0	0	0	0	0	0	0	0	0	0	0	0	0	0	0	0	0	7.868e+04	0	0	0	0	0	0	0	0	2.911e+04	0	0	0	0	0	0	0	0	0	0	0	0	0	3.128e+04	0	0	0	0	0	0	0	0	0	5.531e+04	8.284e+04	0	0	0	0	0	0	0	0	0	0	0	0	0	0	0	0	0	0	0	0	0	0	0	
12992	909.0505	3.45e+19	0	0	100000	2	0	0	0	0	0	0	0	0	0	0	0	0	0	0	0	0	0	0	0	0	0	0	0	0	0	0	0	0	0	0	0	0	0	7.885e+04	0	0	0	0	0	0	0	0	2.92e+04	0	0	0	0	0	0	0	0	0	0	0	0	0	3.134e+04	0	0	0	0	0	0	0	0	0	5.543e+04	8.302e+04	0	0	0	0	0	0	0	0	0	0	0	0	0	0	0	0	0	0	0	0	0	0	0	
13020	909.0505	3.45e+19	0	0	100000	2	0	0	0	0	0	0	0	0	0	0	0	0	0	0	0	0	0	0	0	0	0	0	0	0	0	0	0	0	0	0	0	0	0	7.902e+04	0	0	0	0	0	0	0	0	2.929e+04	0	0	0	0	0	0	0	0	0	0	0	0	0	3.14e+04	0	0	0	0	0	0	0	0	0	5.555e+04	8.32e+04	0	0	0	0	0	0	0	0	0	0	0	0	0	0	0	0	0	0	0	0	0	0	0	
13048	909.0505	3.45e+19	0	0	100000	2	0	0	0	0	0	0	0	0	0	0	0	0	0	0	0	0	0	0	0	0	0	0	0	0	0	0	0	0	0	0	0	0	0	7.919e+04	0	0	0	0	0	0	0	0	2.939e+04	0	0	0	0	0	0	0	0	0	0	0	0	0	3.146e+04	0	0	0	0	0	0	0	0	0	5.567e+04	8.338e+04	0	0	0	0	0	0	0	0	0	0	0	0	0	0	0	0	0	0	0	0	0	0	0	
13076	909.0505	3.45e+19	0	0	100000	2	0	0	0	0	0	0	0	0	0	0	0	0	0	0	0	0	0	0	0	0	0	0	0	0	0	0	0	0	0	0	0	0	0	7.936e+04	0	0	0	0	0	0	0	0	2.948e+04	0	0	0	0	0	0	0	0	0	0	0	0	0	3.151e+04	0	0	0	0	0	0	0	0	0	5.579e+04	8.356e+04	0	0	0	0	0	0	0	0	0	0	0	0	0	0	0	0	0	0	0	0	0	0	0	
13104	909.0505	3.45e+19	0	0	100000	2	0	0	0	0	0	0	0	0	0	0	0	0	0	0	0	0	0	0	0	0	0	0	0	0	0	0	0	0	0	0	0	0	0	7.953e+04	0	0	0	0	0	0	0	0	2.957e+04	0	0	0	0	0	0	0	0	0	0	0	0	0	3.157e+04	0	0	0	0	0	0	0	0	0	5.591e+04	8.374e+04	0	0	0	0	0	0	0	0	0	0	0	0	0	0	0	0	0	0	0	0	0	0	0	
13132	909.0505	3.45e+19	0	0	100000	2	0	0	0	0	0	0	0	0	0	0	0	0	0	0	0	0	0	0	0	0	0	0	0	0	0	0	0	0	0	0	0	0	0	7.97e+04	0	0	0	0	0	0	0	0	2.966e+04	0	0	0	0	0	0	0	0	0	0	0	0	0	3.163e+04	0	0	0	0	0	0	0	0	0	5.603e+04	8.392e+04	0	0	0	0	0	0	0	0	0	0	0	0	0	0	0	0	0	0	0	0	0	0	0	
13160	909.0505	3.45e+19	0	0	100000	2	0	0	0	0	0	0	0	0	0	0	0	0	0	0	0	0	0	0	0	0	0	0	0	0	0	0	0	0	0	0	0	0	0	7.987e+04	0	0	0	0	0	0	0	0	2.975e+04	0	0	0	0	0	0	0	0	0	0	0	0	0	3.169e+04	0	0	0	0	0	0	0	0	0	5.615e+04	8.409e+04	0	0	0	0	0	0	0	0	0	0	0	0	0	0	0	0	0	0	0	0	0	0	0	
13188	909.0505	3.45e+19	0	0	100000	2	0	0	0	0	0	0	0	0	0	0	0	0	0	0	0	0	0	0	0	0	0	0	0	0	0	0	0	0	0	0	0	0	0	8.004e+04	0	0	0	0	0	0	0	0	2.984e+04	0	0	0	0	0	0	0	0	0	0	0	0	0	3.175e+04	0	0	0	0	0	0	0	0	0	5.627e+04	8.427e+04	0	0	0	0	0	0	0	0	0	0	0	0	0	0	0	0	0	0	0	0	0	0	0	
13216	909.0505	3.45e+19	0	0	100000	2	0	0	0	0	0	0	0	0	0	0	0	0	0	0	0	0	0	0	0	0	0	0	0	0	0	0	0	0	0	0	0	0	0	8.021e+04	0	0	0	0	0	0	0	0	2.994e+04	0	0	0	0	0	0	0	0	0	0	0	0	0	3.181e+04	0	0	0	0	0	0	0	0	0	5.639e+04	8.445e+04	0	0	0	0	0	0	0	0	0	0	0	0	0	0	0	0	0	0	0	0	0	0	0	
13244	909.0505	3.45e+19	0	0	100000	2	0	0	0	0	0	0	0	0	0	0	0	0	0	0	0	0	0	0	0	0	0	0	0	0	0	0	0	0	0	0	0	0	0	8.038e+04	0	0	0	0	0	0	0	0	3.003e+04	0	0	0	0	0	0	0	0	0	0	0	0	0	3.187e+04	0	0	0	0	0	0	0	0	0	5.651e+04	8.463e+04	0	0	0	0	0	0	0	0	0	0	0	0	0	0	0	0	0	0	0	0	0	0	0	
13272	909.0505	3.45e+19	0	0	100000	2	0	0	0	0	0	0	0	0	0	0	0	0	0	0	0	0	0	0	0	0	0	0	0	0	0	0	0	0	0	0	0	0	0	8.055e+04	0	0	0	0	0	0	0	0	3.012e+04	0	0	0	0	0	0	0	0	0	0	0	0	0	3.193e+04	0	0	0	0	0	0	0	0	0	5.663e+04	8.481e+04	0	0	0	0	0	0	0	0	0	0	0	0	0	0	0	0	0	0	0	0	0	0	0	
13300	909.0505	3.45e+19	0	0	100000	2	0	0	0	0	0	0	0	0	0	0	0	0	0	0	0	0	0	0	0	0	0	0	0	0	0	0	0	0	0	0	0	0	0	8.072e+04	0	0	0	0	0	0	0	0	3.021e+04	0	0	0	0	0	0	0	0	0	0	0	0	0	3.198e+04	0	0	0	0	0	0	0	0	0	5.675e+04	8.499e+04	0	0	0	0	0	0	0	0	0	0	0	0	0	0	0	0	0	0	0	0	0	0	0	
13328	909.0505	3.45e+19	0	0	100000	2	0	0	0	0	0	0	0	0	0	0	0	0	0	0	0	0	0	0	0	0	0	0	0	0	0	0	0	0	0	0	0	0	0	8.089e+04	0	0	0	0	0	0	0	0	3.031e+04	0	0	0	0	0	0	0	0	0	0	0	0	0	3.204e+04	0	0	0	0	0	0	0	0	0	5.687e+04	8.517e+04	0	0	0	0	0	0	0	0	0	0	0	0	0	0	0	0	0	0	0	0	0	0	0	
13356	909.0505	3.45e+19	0	0	100000	2	0	0	0	0	0	0	0	0	0	0	0	0	0	0	0	0	0	0	0	0	0	0	0	0	0	0	0	0	0	0	0	0	0	8.106e+04	0	0	0	0	0	0	0	0	3.04e+04	0	0	0	0	0	0	0	0	0	0	0	0	0	3.21e+04	0	0	0	0	0	0	0	0	0	5.699e+04	8.535e+04	0	0	0	0	0	0	0	0	0	0	0	0	0	0	0	0	0	0	0	0	0	0	0	
13384	909.0505	3.45e+19	0	0	100000	2	0	0	0	0	0	0	0	0	0	0	0	0	0	0	0	0	0	0	0	0	0	0	0	0	0	0	0	0	0	0	0	0	0	8.123e+04	0	0	0	0	0	0	0	0	3.049e+04	0	0	0	0	0	0	0	0	0	0	0	0	0	3.216e+04	0	0	0	0	0	0	0	0	0	5.711e+04	8.553e+04	0	0	0	0	0	0	0	0	0	0	0	0	0	0	0	0	0	0	0	0	0	0	0	
13412	909.0505	3.45e+19	0	0	100000	2	0	0	0	0	0	0	0	0	0	0	0	0	0	0	0	0	0	0	0	0	0	0	0	0	0	0	0	0	0	0	0	0	0	8.14e+04	0	0	0	0	0	0	0	0	3.058e+04	0	0	0	0	0	0	0	0	0	0	0	0	0	3.222e+04	0	0	0	0	0	0	0	0	0	5.723e+04	8.57e+04	0	0	0	0	0	0	0	0	0	0	0	0	0	0	0	0	0	0	0	0	0	0	0	
13440	909.0505	3.45e+19	0	0	100000	2	0	0	0	0	0	0	0	0	0	0	0	0	0	0	0	0	0	0	0	0	0	0	0	0	0	0	0	0	0	0	0	0	0	8.157e+04	0	0	0	0	0	0	0	0	3.068e+04	0	0	0	0	0	0	0	0	0	0	0	0	0	3.228e+04	0	0	0	0	0	0	0	0	0	5.735e+04	8.588e+04	0	0	0	0	0	0	0	0	0	0	0	0	0	0	0	0	0	0	0	0	0	0	0	
13468	909.0505	3.45e+19	0	0	100000	2	0	0	0	0	0	0	0	0	0	0	0	0	0	0	0	0	0	0	0	0	0	0	0	0	0	0	0	0	0	0	0	0	0	8.174e+04	0	0	0	0	0	0	0	0	3.077e+04	0	0	0	0	0	0	0	0	0	0	0	0	0	3.234e+04	0	0	0	0	0	0	0	0	0	5.746e+04	8.606e+04	0	0	0	0	0	0	0	0	0	0	0	0	0	0	0	0	0	0	0	0	0	0	0	
13496	909.0505	3.45e+19	0	0	100000	2	0	0	0	0	0	0	0	0	0	0	0	0	0	0	0	0	0	0	0	0	0	0	0	0	0	0	0	0	0	0	0	0	0	8.191e+04	0	0	0	0	0	0	0	0	3.086e+04	0	0	0	0	0	0	0	0	0	0	0	0	0	3.24e+04	0	0	0	0	0	0	0	0	0	5.758e+04	8.624e+04	0	0	0	0	0	0	0	0	0	0	0	0	0	0	0	0	0	0	0	0	0	0	0	
13524	909.0505	3.45e+19	0	0	100000	2	0	0	0	0	0	0	0	0	0	0	0	0	0	0	0	0	0	0	0	0	0	0	0	0	0	0	0	0	0	0	0	0	0	8.208e+04	0	0	0	0	0	0	0	0	3.095e+04	0	0	0	0	0	0	0	0	0	0	0	0	0	3.245e+04	0	0	0	0	0	0	0	0	0	5.77e+04	8.642e+04	0	0	0	0	0	0	0	0	0	0	0	0	0	0	0	0	0	0	0	0	0	0	0	
13552	909.0505	3.45e+19	0	0	100000	2	0	0	0	0	0	0	0	0	0	0	0	0	0	0	0	0	0	0	0	0	0	0	0	0	0	0	0	0	0	0	0	0	0	8.225e+04	0	0	0	0	0	0	0	0	3.105e+04	0	0	0	0	0	0	0	0	0	0	0	0	0	3.251e+04	0	0	0	0	0	0	0	0	0	5.782e+04	8.66e+04	0	0	0	0	0	0	0	0	0	0	0	0	0	0	0	0	0	0	0	0	0	0	0	
13580	909.0505	3.45e+19	0	0	100000	2	0	0	0	0	0	0	0	0	0	0	0	0	0	0	0	0	0	0	0	0	0	0	0	0	0	0	0	0	0	0	0	0	0	8.242e+04	0	0	0	0	0	0	0	0	3.114e+04	0	0	0	0	0	0	0	0	0	0	0	0	0	3.257e+04	0	0	0	0	0	0	0	0	0	5.794e+04	8.678e+04	0	0	0	0	0	0	0	0	0	0	0	0	0	0	0	0	0	0	0	0	0	0	0	
13608	909.0505	3.45e+19	0	0	100000	2	0	0	0	0	0	0	0	0	0	0	0	0	0	0	0	0	0	0	0	0	0	0	0	0	0	0	0	0	0	0	0	0	0	8.259e+04	0	0	0	0	0	0	0	0	3.123e+04	0	0	0	0	0	0	0	0	0	0	0	0	0	3.263e+04	0	0	0	0	0	0	0	0	0	5.806e+04	8.696e+04	0	0	0	0	0	0	0	0	0	0	0	0	0	0	0	0	0	0	0	0	0	0	0	
13636	909.0505	3.45e+19	0	0	100000	2	0	0	0	0	0	0	0	0	0	0	0	0	0	0	0	0	0	0	0	0	0	0	0	0	0	0	0	0	0	0	0	0	0	8.276e+04	0	0	0	0	0	0	0	0	3.133e+04	0	0	0	0	0	0	0	0	0	0	0	0	0	3.269e+04	0	0	0	0	0	0	0	0	0	5.818e+04	8.714e+04	0	0	0	0	0	0	0	0	0	0	0	0	0	0	0	0	0	0	0	0	0	0	0	
13664	909.0505	3.45e+19	0	0	100000	2	0	0	0	0	0	0	0	0	0	0	0	0	0	0	0	0	0	0	0	0	0	0	0	0	0	0	0	0	0	0	0	0	0	8.293e+04	0	0	0	0	0	0	0	0	3.142e+04	0	0	0	0	0	0	0	0	0	0	0	0	0	3.275e+04	0	0	0	0	0	0	0	0	0	5.83e+04	8.731e+04	0	0	0	0	0	0	0	0	0	0	0	0	0	0	0	0	0	0	0	0	0	0	0	
13692	909.0505	3.45e+19	0	0	100000	2	0	0	0	0	0	0	0	0	0	0	0	0	0	0	0	0	0	0	0	0	0	0	0	0	0	0	0	0	0	0	0	0	0	8.31e+04	0	0	0	0	0	0	0	0	3.151e+04	0	0	0	0	0	0	0	0	0	0	0	0	0	3.28e+04	0	0	0	0	0	0	0	0	0	5.842e+04	8.749e+04	0	0	0	0	0	0	0	0	0	0	0	0	0	0	0	0	0	0	0	0	0	0	0	
13720	909.0505	3.45e+19	0	0	100000	2	0	0	0	0	0	0	0	0	0	0	0	0	0	0	0	0	0	0	0	0	0	0	0	0	0	0	0	0	0	0	0	0	0	8.327e+04	0	0	0	0	0	0	0	0	3.161e+04	0	0	0	0	0	0	0	0	0	0	0	0	0	3.286e+04	0	0	0	0	0	0	0	0	0	5.854e+04	8.767e+04	0	0	0	0	0	0	0	0	0	0	0	0	0	0	0	0	0	0	0	0	0	0	0	
13748	909.0505	3.45e+19	0	0	100000	2	0	0	0	0	0	0	0	0	0	0	0	0	0	0	0	0	0	0	0	0	0	0	0	0	0	0	0	0	0	0	0	0	0	8.344e+04	0	0	0	0	0	0	0	0	3.17e+04	0	0	0	0	0	0	0	0	0	0	0	0	0	3.292e+04	0	0	0	0	0	0	0	0	0	5.866e+04	8.785e+04	0	0	0	0	0	0	0	0	0	0	0	0	0	0	0	0	0	0	0	0	0	0	0	
13776	909.0505	3.45e+19	0	0	100000	2	0	0	0	0	0	0	0	0	0	0	0	0	0	0	0	0	0	0	0	0	0	0	0	0	0	0	0	0	0	0	0	0	0	8.361e+04	0	0	0	0	0	0	0	0	3.179e+04	0	0	0	0	0	0	0	0	0	0	0	0	0	3.298e+04	0	0	0	0	0	0	0	0	0	5.878e+04	8.803e+04	0	0	0	0	0	0	0	0	0	0	0	0	0	0	0	0	0	0	0	0	0	0	0	
13804	909.0505	3.45e+19	0	0	100000	2	0	0	0	0	0	0	0	0	0	0	0	0	0	0	0	0	0	0	0	0	0	0	0	0	0	0	0	0	0	0	0	0	0	8.378e+04	0	0	0	0	0	0	0	0	3.189e+04	0	0	0	0	0	0	0	0	0	0	0	0	0	3.304e+04	0	0	0	0	0	0	0	0	0	5.89e+04	8.821e+04	0	0	0	0	0	0	0	0	0	0	0	0	0	0	0	0	0	0	0	0	0	0	0	
13832	909.0505	3.45e+19	0	0	100000	2	0	0	0	0	0	0	0	0	0	0	0	0	0	0	0	0	0	0	0	0	0	0	0	0	0	0	0	0	0	0	0	0	0	8.395e+04	0	0	0	0	0	0	0	0	3.198e+04	0	0	0	0	0	0	0	0	0	0	0	0	0	3.31e+04	0	0	0	0	0	0	0	0	0	5.902e+04	8.839e+04	0	0	0	0	0	0	0	0	0	0	0	0	0	0	0	0	0	0	0	0	0	0	0	
13860	909.0505	3.45e+19	0	0	100000	2	0	0	0	0	0	0	0	0	0	0	0	0	0	0	0	0	0	0	0	0	0	0	0	0	0	0	0	0	0	0	0	0	0	8.412e+04	0	0	0	0	0	0	0	0	3.208e+04	0	0	0	0	0	0	0	0	0	0	0	0	0	3.315e+04	0	0	0	0	0	0	0	0	0	5.914e+04	8.857e+04	0	0	0	0	0	0	0	0	0	0	0	0	0	0	0	0	0	0	0	0	0	0	0	
13888	909.0505	3.45e+19	0	0	100000	2	0	0	0	0	0	0	0	0	0	0	0	0	0	0	0	0	0	0	0	0	0	0	0	0	0	0	0	0	0	0	0	0	0	8.429e+04	0	0	0	0	0	0	0	0	3.217e+04	0	0	0	0	0	0	0	0	0	0	0	0	0	3.321e+04	0	0	0	0	0	0	0	0	0	5.926e+04	8.875e+04	0	0	0	0	0	0	0	0	0	0	0	0	0	0	0	0	0	0	0	0	0	0	0	
13916	909.0505	3.45e+19	0	0	100000	2	0	0	0	0	0	0	0	0	0	0	0	0	0	0	0	0	0	0	0	0	0	0	0	0	0	0	0	0	0	0	0	0	0	8.446e+04	0	0	0	0	0	0	0	0	3.226e+04	0	0	0	0	0	0	0	0	0	0	0	0	0	3.327e+04	0	0	0	0	0	0	0	0	0	5.938e+04	8.892e+04	0	0	0	0	0	0	0	0	0	0	0	0	0	0	0	0	0	0	0	0	0	0	0	
13944	909.0505	3.45e+19	0	0	100000	2	0	0	0	0	0	0	0	0	0	0	0	0	0	0	0	0	0	0	0	0	0	0	0	0	0	0	0	0	0	0	0	0	0	8.463e+04	0	0	0	0	0	0	0	0	3.236e+04	0	0	0	0	0	0	0	0	0	0	0	0	0	3.333e+04	0	0	0	0	0	0	0	0	0	5.95e+04	8.91e+04	0	0	0	0	0	0	0	0	0	0	0	0	0	0	0	0	0	0	0	0	0	0	0	
13972	909.0505	3.45e+19	0	0	100000	2	0	0	0	0	0	0	0	0	0	0	0	0	0	0	0	0	0	0	0	0	0	0	0	0	0	0	0	0	0	0	0	0	0	8.48e+04	0	0	0	0	0	0	0	0	3.245e+04	0	0	0	0	0	0	0	0	0	0	0	0	0	3.339e+04	0	0	0	0	0	0	0	0	0	5.962e+04	8.928e+04	0	0	0	0	0	0	0	0	0	0	0	0	0	0	0	0	0	0	0	0	0	0	0	
14000	909.0505	3.45e+19	0	0	100000	2	0	0	0	0	0	0	0	0	0	0	0	0	0	0	0	0	0	0	0	0	0	0	0	0	0	0	0	0	0	0	0	0	0	8.497e+04	0	0	0	0	0	0	0	0	3.255e+04	0	0	0	0	0	0	0	0	0	0	0	0	0	3.344e+04	0	0	0	0	0	0	0	0	0	5.973e+04	8.946e+04	0	0	0	0	0	0	0	0	0	0	0	0	0	0	0	0	0	0	0	0	0	0	0	
14028	909.0505	3.45e+19	0	0	100000	2	0	0	0	0	0	0	0	0	0	0	0	0	0	0	0	0	0	0	0	0	0	0	0	0	0	0	0	0	0	0	0	0	0	8.514e+04	0	0	0	0	0	0	0	0	3.264e+04	0	0	0	0	0	0	0	0	0	0	0	0	0	3.35e+04	0	0	0	0	0	0	0	0	0	5.985e+04	8.964e+04	0	0	0	0	0	0	0	0	0	0	0	0	0	0	0	0	0	0	0	0	0	0	0	
14056	909.0505	3.45e+19	0	0	100000	2	0	0	0	0	0	0	0	0	0	0	0	0	0	0	0	0	0	0	0	0	0	0	0	0	0	0	0	0	0	0	0	0	0	8.531e+04	0	0	0	0	0	0	0	0	3.274e+04	0	0	0	0	0	0	0	0	0	0	0	0	0	3.356e+04	0	0	0	0	0	0	0	0	0	5.997e+04	8.982e+04	0	0	0	0	0	0	0	0	0	0	0	0	0	0	0	0	0	0	0	0	0	0	0	
14084	909.0505	3.45e+19	0	0	100000	2	0	0	0	0	0	0	0	0	0	0	0	0	0	0	0	0	0	0	0	0	0	0	0	0	0	0	0	0	0	0	0	0	0	8.548e+04	0	0	0	0	0	0	0	0	3.283e+04	0	0	0	0	0	0	0	0	0	0	0	0	0	3.362e+04	0	0	0	0	0	0	0	0	0	6.009e+04	9e+04	0	0	0	0	0	0	0	0	0	0	0	0	0	0	0	0	0	0	0	0	0	0	0	
14112	909.0505	3.45e+19	0	0	100000	2	0	0	0	0	0	0	0	0	0	0	0	0	0	0	0	0	0	0	0	0	0	0	0	0	0	0	0	0	0	0	0	0	0	8.565e+04	0	0	0	0	0	0	0	0	3.292e+04	0	0	0	0	0	0	0	0	0	0	0	0	0	3.368e+04	0	0	0	0	0	0	0	0	0	6.021e+04	9.018e+04	0	0	0	0	0	0	0	0	0	0	0	0	0	0	0	0	0	0	0	0	0	0	0	
14140	909.0505	3.45e+19	0	0	100000	2	0	0	0	0	0	0	0	0	0	0	0	0	0	0	0	0	0	0	0	0	0	0	0	0	0	0	0	0	0	0	0	0	0	8.582e+04	0	0	0	0	0	0	0	0	3.302e+04	0	0	0	0	0	0	0	0	0	0	0	0	0	3.374e+04	0	0	0	0	0	0	0	0	0	6.033e+04	9.036e+04	0	0	0	0	0	0	0	0	0	0	0	0	0	0	0	0	0	0	0	0	0	0	0	
14168	909.0505	3.45e+19	0	0	100000	2	0	0	0	0	0	0	0	0	0	0	0	0	0	0	0	0	0	0	0	0	0	0	0	0	0	0	0	0	0	0	0	0	0	8.599e+04	0	0	0	0	0	0	0	0	3.311e+04	0	0	0	0	0	0	0	0	0	0	0	0	0	3.379e+04	0	0	0	0	0	0	0	0	0	6.045e+04	9.054e+04	0	0	0	0	0	0	0	0	0	0	0	0	0	0	0	0	0	0	0	0	0	0	0	
14196	909.0505	3.45e+19	0	0	100000	2	0	0	0	0	0	0	0	0	0	0	0	0	0	0	0	0	0	0	0	0	0	0	0	0	0	0	0	0	0	0	0	0	0	8.616e+04	0	0	0	0	0	0	0	0	3.321e+04	0	0	0	0	0	0	0	0	0	0	0	0	0	3.385e+04	0	0	0	0	0	0	0	0	0	6.057e+04	9.071e+04	0	0	0	0	0	0	0	0	0	0	0	0	0	0	0	0	0	0	0	0	0	0	0	
14224	909.0505	3.45e+19	0	0	100000	2	0	0	0	0	0	0	0	0	0	0	0	0	0	0	0	0	0	0	0	0	0	0	0	0	0	0	0	0	0	0	0	0	0	8.633e+04	0	0	0	0	0	0	0	0	3.33e+04	0	0	0	0	0	0	0	0	0	0	0	0	0	3.391e+04	0	0	0	0	0	0	0	0	0	6.069e+04	9.089e+04	0	0	0	0	0	0	0	0	0	0	0	0	0	0	0	0	0	0	0	0	0	0	0	
14252	909.0505	3.45e+19	0	0	100000	2	0	0	0	0	0	0	0	0	0	0	0	0	0	0	0	0	0	0	0	0	0	0	0	0	0	0	0	0	0	0	0	0	0	8.65e+04	0	0	0	0	0	0	0	0	3.34e+04	0	0	0	0	0	0	0	0	0	0	0	0	0	3.397e+04	0	0	0	0	0	0	0	0	0	6.081e+04	9.107e+04	0	0	0	0	0	0	0	0	0	0	0	0	0	0	0	0	0	0	0	0	0	0	0	
14280	909.0505	3.45e+19	0	0	100000	2	0	0	0	0	0	0	0	0	0	0	0	0	0	0	0	0	0	0	0	0	0	0	0	0	0	0	0	0	0	0	0	0	0	8.667e+04	0	0	0	0	0	0	0	0	3.349e+04	0	0	0	0	0	0	0	0	0	0	0	0	0	3.402e+04	0	0	0	0	0	0	0	0	0	6.093e+04	9.125e+04	0	0	0	0	0	0	0	0	0	0	0	0	0	0	0	0	0	0	0	0	0	0	0	
14308	909.0505	3.45e+19	0	0	100000	2	0	0	0	0	0	0	0	0	0	0	0	0	0	0	0	0	0	0	0	0	0	0	0	0	0	0	0	0	0	0	0	0	0	8.684e+04	0	0	0	0	0	0	0	0	3.359e+04	0	0	0	0	0	0	0	0	0	0	0	0	0	3.408e+04	0	0	0	0	0	0	0	0	0	6.105e+04	9.143e+04	0	0	0	0	0	0	0	0	0	0	0	0	0	0	0	0	0	0	0	0	0	0	0	
14336	909.0505	3.45e+19	0	0	100000	2	0	0	0	0	0	0	0	0	0	0	0	0	0	0	0	0	0	0	0	0	0	0	0	0	0	0	0	0	0	0	0	0	0	8.701e+04	0	0	0	0	0	0	0	0	3.368e+04	0	0	0	0	0	0	0	0	0	0	0	0	0	3.414e+04	0	0	0	0	0	0	0	0	0	6.117e+04	9.161e+04	0	0	0	0	0	0	0	0	0	0	0	0	0	0	0	0	0	0	0	0	0	0	0	
14364	909.0505	3.45e+19	0	0	100000	2	0	0	0	0	0	0	0	0	0	0	0	0	0	0	0	0	0	0	0	0	0	0	0	0	0	0	0	0	0	0	0	0	0	8.718e+04	0	0	0	0	0	0	0	0	3.378e+04	0	0	0	0	0	0	0	0	0	0	0	0	0	3.42e+04	0	0	0	0	0	0	0	0	0	6.129e+04	9.179e+04	0	0	0	0	0	0	0	0	0	0	0	0	0	0	0	0	0	0	0	0	0	0	0	
14392	909.0505	3.45e+19	0	0	100000	2	0	0	0	0	0	0	0	0	0	0	0	0	0	0	0	0	0	0	0	0	0	0	0	0	0	0	0	0	0	0	0	0	0	8.735e+04	0	0	0	0	0	0	0	0	3.388e+04	0	0	0	0	0	0	0	0	0	0	0	0	0	3.426e+04	0	0	0	0	0	0	0	0	0	6.141e+04	9.197e+04	0	0	0	0	0	0	0	0	0	0	0	0	0	0	0	0	0	0	0	0	0	0	0	
14420	909.0505	3.45e+19	0	0	100000	2	0	0	0	0	0	0	0	0	0	0	0	0	0	0	0	0	0	0	0	0	0	0	0	0	0	0	0	0	0	0	0	0	0	8.752e+04	0	0	0	0	0	0	0	0	3.397e+04	0	0	0	0	0	0	0	0	0	0	0	0	0	3.431e+04	0	0	0	0	0	0	0	0	0	6.153e+04	9.215e+04	0	0	0	0	0	0	0	0	0	0	0	0	0	0	0	0	0	0	0	0	0	0	0	
14448	909.0505	3.45e+19	0	0	100000	2	0	0	0	0	0	0	0	0	0	0	0	0	0	0	0	0	0	0	0	0	0	0	0	0	0	0	0	0	0	0	0	0	0	8.769e+04	0	0	0	0	0	0	0	0	3.407e+04	0	0	0	0	0	0	0	0	0	0	0	0	0	3.437e+04	0	0	0	0	0	0	0	0	0	6.165e+04	9.232e+04	0	0	0	0	0	0	0	0	0	0	0	0	0	0	0	0	0	0	0	0	0	0	0	
14476	909.0505	3.45e+19	0	0	100000	2	0	0	0	0	0	0	0	0	0	0	0	0	0	0	0	0	0	0	0	0	0	0	0	0	0	0	0	0	0	0	0	0	0	8.786e+04	0	0	0	0	0	0	0	0	3.416e+04	0	0	0	0	0	0	0	0	0	0	0	0	0	3.443e+04	0	0	0	0	0	0	0	0	0	6.177e+04	9.25e+04	0	0	0	0	0	0	0	0	0	0	0	0	0	0	0	0	0	0	0	0	0	0	0	
14504	909.0505	3.45e+19	0	0	100000	2	0	0	0	0	0	0	0	0	0	0	0	0	0	0	0	0	0	0	0	0	0	0	0	0	0	0	0	0	0	0	0	0	0	8.803e+04	0	0	0	0	0	0	0	0	3.426e+04	0	0	0	0	0	0	0	0	0	0	0	0	0	3.449e+04	0	0	0	0	0	0	0	0	0	6.189e+04	9.268e+04	0	0	0	0	0	0	0	0	0	0	0	0	0	0	0	0	0	0	0	0	0	0	0	
14532	909.0505	3.45e+19	0	0	100000	2	0	0	0	0	0	0	0	0	0	0	0	0	0	0	0	0	0	0	0	0	0	0	0	0	0	0	0	0	0	0	0	0	0	8.82e+04	0	0	0	0	0	0	0	0	3.435e+04	0	0	0	0	0	0	0	0	0	0	0	0	0	3.454e+04	0	0	0	0	0	0	0	0	0	6.2e+04	9.286e+04	0	0	0	0	0	0	0	0	0	0	0	0	0	0	0	0	0	0	0	0	0	0	0	
14560	909.0505	3.45e+19	0	0	100000	2	0	0	0	0	0	0	0	0	0	0	0	0	0	0	0	0	0	0	0	0	0	0	0	0	0	0	0	0	0	0	0	0	0	8.837e+04	0	0	0	0	0	0	0	0	3.445e+04	0	0	0	0	0	0	0	0	0	0	0	0	0	3.46e+04	0	0	0	0	0	0	0	0	0	6.212e+04	9.304e+04	0	0	0	0	0	0	0	0	0	0	0	0	0	0	0	0	0	0	0	0	0	0	0	
14588	909.0505	3.45e+19	0	0	100000	2	0	0	0	0	0	0	0	0	0	0	0	0	0	0	0	0	0	0	0	0	0	0	0	0	0	0	0	0	0	0	0	0	0	8.854e+04	0	0	0	0	0	0	0	0	3.455e+04	0	0	0	0	0	0	0	0	0	0	0	0	0	3.466e+04	0	0	0	0	0	0	0	0	0	6.224e+04	9.322e+04	0	0	0	0	0	0	0	0	0	0	0	0	0	0	0	0	0	0	0	0	0	0	0	
14616	909.0505	3.45e+19	0	0	100000	2	0	0	0	0	0	0	0	0	0	0	0	0	0	0	0	0	0	0	0	0	0	0	0	0	0	0	0	0	0	0	0	0	0	8.871e+04	0	0	0	0	0	0	0	0	3.464e+04	0	0	0	0	0	0	0	0	0	0	0	0	0	3.472e+04	0	0	0	0	0	0	0	0	0	6.236e+04	9.34e+04	0	0	0	0	0	0	0	0	0	0	0	0	0	0	0	0	0	0	0	0	0	0	0	
14644	909.0505	3.45e+19	0	0	100000	2	0	0	0	0	0	0	0	0	0	0	0	0	0	0	0	0	0	0	0	0	0	0	0	0	0	0	0	0	0	0	0	0	0	8.888e+04	0	0	0	0	0	0	0	0	3.474e+04	0	0	0	0	0	0	0	0	0	0	0	0	0	3.477e+04	0	0	0	0	0	0	0	0	0	6.248e+04	9.358e+04	0	0	0	0	0	0	0	0	0	0	0	0	0	0	0	0	0	0	0	0	0	0	0	
14672	909.0505	3.45e+19	0	0	100000	2	0	0	0	0	0	0	0	0	0	0	0	0	0	0	0	0	0	0	0	0	0	0	0	0	0	0	0	0	0	0	0	0	0	8.905e+04	0	0	0	0	0	0	0	0	3.483e+04	0	0	0	0	0	0	0	0	0	0	0	0	0	3.483e+04	0	0	0	0	0	0	0	0	0	6.26e+04	9.376e+04	0	0	0	0	0	0	0	0	0	0	0	0	0	0	0	0	0	0	0	0	0	0	0	
14700	909.0505	3.45e+19	0	0	100000	2	0	0	0	0	0	0	0	0	0	0	0	0	0	0	0	0	0	0	0	0	0	0	0	0	0	0	0	0	0	0	0	0	0	8.922e+04	0	0	0	0	0	0	0	0	3.493e+04	0	0	0	0	0	0	0	0	0	0	0	0	0	3.489e+04	0	0	0	0	0	0	0	0	0	6.272e+04	9.393e+04	0	0	0	0	0	0	0	0	0	0	0	0	0	0	0	0	0	0	0	0	0	0	0	
14728	909.0505	3.45e+19	0	0	100000	2	0	0	0	0	0	0	0	0	0	0	0	0	0	0	0	0	0	0	0	0	0	0	0	0	0	0	0	0	0	0	0	0	0	8.939e+04	0	0	0	0	0	0	0	0	3.503e+04	0	0	0	0	0	0	0	0	0	0	0	0	0	3.495e+04	0	0	0	0	0	0	0	0	0	6.284e+04	9.411e+04	0	0	0	0	0	0	0	0	0	0	0	0	0	0	0	0	0	0	0	0	0	0	0	
14756	909.0505	3.45e+19	0	0	100000	2	0	0	0	0	0	0	0	0	0	0	0	0	0	0	0	0	0	0	0	0	0	0	0	0	0	0	0	0	0	0	0	0	0	8.956e+04	0	0	0	0	0	0	0	0	3.512e+04	0	0	0	0	0	0	0	0	0	0	0	0	0	3.5e+04	0	0	0	0	0	0	0	0	0	6.296e+04	9.429e+04	0	0	0	0	0	0	0	0	0	0	0	0	0	0	0	0	0	0	0	0	0	0	0	
14784	909.0505	3.45e+19	0	0	100000	2	0	0	0	0	0	0	0	0	0	0	0	0	0	0	0	0	0	0	0	0	0	0	0	0	0	0	0	0	0	0	0	0	0	8.973e+04	0	0	0	0	0	0	0	0	3.522e+04	0	0	0	0	0	0	0	0	0	0	0	0	0	3.506e+04	0	0	0	0	0	0	0	0	0	6.308e+04	9.447e+04	0	0	0	0	0	0	0	0	0	0	0	0	0	0	0	0	0	0	0	0	0	0	0	
14812	909.0505	3.45e+19	0	0	100000	2	0	0	0	0	0	0	0	0	0	0	0	0	0	0	0	0	0	0	0	0	0	0	0	0	0	0	0	0	0	0	0	0	0	8.99e+04	0	0	0	0	0	0	0	0	3.532e+04	0	0	0	0	0	0	0	0	0	0	0	0	0	3.512e+04	0	0	0	0	0	0	0	0	0	6.32e+04	9.465e+04	0	0	0	0	0	0	0	0	0	0	0	0	0	0	0	0	0	0	0	0	0	0	0	
14840	909.0505	3.45e+19	0	0	100000	2	0	0	0	0	0	0	0	0	0	0	0	0	0	0	0	0	0	0	0	0	0	0	0	0	0	0	0	0	0	0	0	0	0	9.007e+04	0	0	0	0	0	0	0	0	3.541e+04	0	0	0	0	0	0	0	0	0	0	0	0	0	3.518e+04	0	0	0	0	0	0	0	0	0	6.332e+04	9.483e+04	0	0	0	0	0	0	0	0	0	0	0	0	0	0	0	0	0	0	0	0	0	0	0	
14868	909.0505	3.45e+19	0	0	100000	2	0	0	0	0	0	0	0	0	0	0	0	0	0	0	0	0	0	0	0	0	0	0	0	0	0	0	0	0	0	0	0	0	0	9.024e+04	0	0	0	0	0	0	0	0	3.551e+04	0	0	0	0	0	0	0	0	0	0	0	0	0	3.523e+04	0	0	0	0	0	0	0	0	0	6.344e+04	9.501e+04	0	0	0	0	0	0	0	0	0	0	0	0	0	0	0	0	0	0	0	0	0	0	0	
14896	909.0505	3.45e+19	0	0	100000	2	0	0	0	0	0	0	0	0	0	0	0	0	0	0	0	0	0	0	0	0	0	0	0	0	0	0	0	0	0	0	0	0	0	9.041e+04	0	0	0	0	0	0	0	0	3.561e+04	0	0	0	0	0	0	0	0	0	0	0	0	0	3.529e+04	0	0	0	0	0	0	0	0	0	6.356e+04	9.519e+04	0	0	0	0	0	0	0	0	0	0	0	0	0	0	0	0	0	0	0	0	0	0	0	
14924	909.0505	3.45e+19	0	0	100000	2	0	0	0	0	0	0	0	0	0	0	0	0	0	0	0	0	0	0	0	0	0	0	0	0	0	0	0	0	0	0	0	0	0	9.058e+04	0	0	0	0	0	0	0	0	3.57e+04	0	0	0	0	0	0	0	0	0	0	0	0	0	3.535e+04	0	0	0	0	0	0	0	0	0	6.368e+04	9.537e+04	0	0	0	0	0	0	0	0	0	0	0	0	0	0	0	0	0	0	0	0	0	0	0	
14952	909.0505	3.45e+19	0	0	100000	2	0	0	0	0	0	0	0	0	0	0	0	0	0	0	0	0	0	0	0	0	0	0	0	0	0	0	0	0	0	0	0	0	0	9.075e+04	0	0	0	0	0	0	0	0	3.58e+04	0	0	0	0	0	0	0	0	0	0	0	0	0	3.541e+04	0	0	0	0	0	0	0	0	0	6.38e+04	9.555e+04	0	0	0	0	0	0	0	0	0	0	0	0	0	0	0	0	0	0	0	0	0	0	0	
14980	909.0505	3.45e+19	0	0	100000	2	0	0	0	0	0	0	0	0	0	0	0	0	0	0	0	0	0	0	0	0	0	0	0	0	0	0	0	0	0	0	0	0	0	9.092e+04	0	0	0	0	0	0	0	0	3.59e+04	0	0	0	0	0	0	0	0	0	0	0	0	0	3.546e+04	0	0	0	0	0	0	0	0	0	6.392e+04	9.572e+04	0	0	0	0	0	0	0	0	0	0	0	0	0	0	0	0	0	0	0	0	0	0	0	
15008	909.0505	3.45e+19	0	0	100000	2	0	0	0	0	0	0	0	0	0	0	0	0	0	0	0	0	0	0	0	0	0	0	0	0	0	0	0	0	0	0	0	0	0	9.109e+04	0	0	0	0	0	0	0	0	3.599e+04	0	0	0	0	0	0	0	0	0	0	0	0	0	3.552e+04	0	0	0	0	0	0	0	0	0	6.404e+04	9.59e+04	0	0	0	0	0	0	0	0	0	0	0	0	0	0	0	0	0	0	0	0	0	0	0	
15036	909.0505	3.45e+19	0	0	100000	2	0	0	0	0	0	0	0	0	0	0	0	0	0	0	0	0	0	0	0	0	0	0	0	0	0	0	0	0	0	0	0	0	0	9.126e+04	0	0	0	0	0	0	0	0	3.609e+04	0	0	0	0	0	0	0	0	0	0	0	0	0	3.558e+04	0	0	0	0	0	0	0	0	0	6.415e+04	9.608e+04	0	0	0	0	0	0	0	0	0	0	0	0	0	0	0	0	0	0	0	0	0	0	0	
15064	909.0505	3.45e+19	0	0	100000	2	0	0	0	0	0	0	0	0	0	0	0	0	0	0	0	0	0	0	0	0	0	0	0	0	0	0	0	0	0	0	0	0	0	9.143e+04	0	0	0	0	0	0	0	0	3.619e+04	0	0	0	0	0	0	0	0	0	0	0	0	0	3.564e+04	0	0	0	0	0	0	0	0	0	6.427e+04	9.626e+04	0	0	0	0	0	0	0	0	0	0	0	0	0	0	0	0	0	0	0	0	0	0	0	
15092	909.0505	3.45e+19	0	0	100000	2	0	0	0	0	0	0	0	0	0	0	0	0	0	0	0	0	0	0	0	0	0	0	0	0	0	0	0	0	0	0	0	0	0	9.16e+04	0	0	0	0	0	0	0	0	3.629e+04	0	0	0	0	0	0	0	0	0	0	0	0	0	3.569e+04	0	0	0	0	0	0	0	0	0	6.439e+04	9.644e+04	0	0	0	0	0	0	0	0	0	0	0	0	0	0	0	0	0	0	0	0	0	0	0	
15120	909.0505	3.45e+19	0	0	100000	2	0	0	0	0	0	0	0	0	0	0	0	0	0	0	0	0	0	0	0	0	0	0	0	0	0	0	0	0	0	0	0	0	0	9.177e+04	0	0	0	0	0	0	0	0	3.638e+04	0	0	0	0	0	0	0	0	0	0	0	0	0	3.575e+04	0	0	0	0	0	0	0	0	0	6.451e+04	9.662e+04	0	0	0	0	0	0	0	0	0	0	0	0	0	0	0	0	0	0	0	0	0	0	0	
15148	909.0505	3.45e+19	0	0	100000	2	0	0	0	0	0	0	0	0	0	0	0	0	0	0	0	0	0	0	0	0	0	0	0	0	0	0	0	0	0	0	0	0	0	9.194e+04	0	0	0	0	0	0	0	0	3.648e+04	0	0	0	0	0	0	0	0	0	0	0	0	0	3.581e+04	0	0	0	0	0	0	0	0	0	6.463e+04	9.68e+04	0	0	0	0	0	0	0	0	0	0	0	0	0	0	0	0	0	0	0	0	0	0	0	
15176	909.0505	3.45e+19	0	0	100000	2	0	0	0	0	0	0	0	0	0	0	0	0	0	0	0	0	0	0	0	0	0	0	0	0	0	0	0	0	0	0	0	0	0	9.211e+04	0	0	0	0	0	0	0	0	3.658e+04	0	0	0	0	0	0	0	0	0	0	0	0	0	3.586e+04	0	0	0	0	0	0	0	0	0	6.475e+04	9.698e+04	0	0	0	0	0	0	0	0	0	0	0	0	0	0	0	0	0	0	0	0	0	0	0	
15204	909.0505	3.45e+19	0	0	100000	2	0	0	0	0	0	0	0	0	0	0	0	0	0	0	0	0	0	0	0	0	0	0	0	0	0	0	0	0	0	0	0	0	0	9.228e+04	0	0	0	0	0	0	0	0	3.668e+04	0	0	0	0	0	0	0	0	0	0	0	0	0	3.592e+04	0	0	0	0	0	0	0	0	0	6.487e+04	9.716e+04	0	0	0	0	0	0	0	0	0	0	0	0	0	0	0	0	0	0	0	0	0	0	0	
15232	909.0505	3.45e+19	0	0	100000	2	0	0	0	0	0	0	0	0	0	0	0	0	0	0	0	0	0	0	0	0	0	0	0	0	0	0	0	0	0	0	0	0	0	9.245e+04	0	0	0	0	0	0	0	0	3.677e+04	0	0	0	0	0	0	0	0	0	0	0	0	0	3.598e+04	0	0	0	0	0	0	0	0	0	6.499e+04	9.733e+04	0	0	0	0	0	0	0	0	0	0	0	0	0	0	0	0	0	0	0	0	0	0	0	
15260	909.0505	3.45e+19	0	0	100000	2	0	0	0	0	0	0	0	0	0	0	0	0	0	0	0	0	0	0	0	0	0	0	0	0	0	0	0	0	0	0	0	0	0	9.262e+04	0	0	0	0	0	0	0	0	3.687e+04	0	0	0	0	0	0	0	0	0	0	0	0	0	3.604e+04	0	0	0	0	0	0	0	0	0	6.511e+04	9.751e+04	0	0	0	0	0	0	0	0	0	0	0	0	0	0	0	0	0	0	0	0	0	0	0	
15288	909.0505	3.45e+19	0	0	100000	2	0	0	0	0	0	0	0	0	0	0	0	0	0	0	0	0	0	0	0	0	0	0	0	0	0	0	0	0	0	0	0	0	0	9.279e+04	0	0	0	0	0	0	0	0	3.697e+04	0	0	0	0	0	0	0	0	0	0	0	0	0	3.609e+04	0	0	0	0	0	0	0	0	0	6.523e+04	9.769e+04	0	0	0	0	0	0	0	0	0	0	0	0	0	0	0	0	0	0	0	0	0	0	0	
15316	909.0505	3.45e+19	0	0	100000	2	0	0	0	0	0	0	0	0	0	0	0	0	0	0	0	0	0	0	0	0	0	0	0	0	0	0	0	0	0	0	0	0	0	9.296e+04	0	0	0	0	0	0	0	0	3.707e+04	0	0	0	0	0	0	0	0	0	0	0	0	0	3.615e+04	0	0	0	0	0	0	0	0	0	6.535e+04	9.787e+04	0	0	0	0	0	0	0	0	0	0	0	0	0	0	0	0	0	0	0	0	0	0	0	
15344	909.0505	3.45e+19	0	0	100000	2	0	0	0	0	0	0	0	0	0	0	0	0	0	0	0	0	0	0	0	0	0	0	0	0	0	0	0	0	0	0	0	0	0	9.313e+04	0	0	0	0	0	0	0	0	3.717e+04	0	0	0	0	0	0	0	0	0	0	0	0	0	3.621e+04	0	0	0	0	0	0	0	0	0	6.547e+04	9.805e+04	0	0	0	0	0	0	0	0	0	0	0	0	0	0	0	0	0	0	0	0	0	0	0	
15372	909.0505	3.45e+19	0	0	100000	2	0	0	0	0	0	0	0	0	0	0	0	0	0	0	0	0	0	0	0	0	0	0	0	0	0	0	0	0	0	0	0	0	0	9.33e+04	0	0	0	0	0	0	0	0	3.726e+04	0	0	0	0	0	0	0	0	0	0	0	0	0	3.626e+04	0	0	0	0	0	0	0	0	0	6.559e+04	9.823e+04	0	0	0	0	0	0	0	0	0	0	0	0	0	0	0	0	0	0	0	0	0	0	0	
15400	909.0505	3.45e+19	0	0	100000	2	0	0	0	0	0	0	0	0	0	0	0	0	0	0	0	0	0	0	0	0	0	0	0	0	0	0	0	0	0	0	0	0	0	9.347e+04	0	0	0	0	0	0	0	0	3.736e+04	0	0	0	0	0	0	0	0	0	0	0	0	0	3.632e+04	0	0	0	0	0	0	0	0	0	6.571e+04	9.841e+04	0	0	0	0	0	0	0	0	0	0	0	0	0	0	0	0	0	0	0	0	0	0	0	
15428	909.0505	3.45e+19	0	0	100000	2	0	0	0	0	0	0	0	0	0	0	0	0	0	0	0	0	0	0	0	0	0	0	0	0	0	0	0	0	0	0	0	0	0	9.364e+04	0	0	0	0	0	0	0	0	3.746e+04	0	0	0	0	0	0	0	0	0	0	0	0	0	3.638e+04	0	0	0	0	0	0	0	0	0	6.583e+04	9.859e+04	0	0	0	0	0	0	0	0	0	0	0	0	0	0	0	0	0	0	0	0	0	0	0	
15456	909.0505	3.45e+19	0	0	100000	2	0	0	0	0	0	0	0	0	0	0	0	0	0	0	0	0	0	0	0	0	0	0	0	0	0	0	0	0	0	0	0	0	0	9.381e+04	0	0	0	0	0	0	0	0	3.756e+04	0	0	0	0	0	0	0	0	0	0	0	0	0	3.643e+04	0	0	0	0	0	0	0	0	0	6.595e+04	9.877e+04	0	0	0	0	0	0	0	0	0	0	0	0	0	0	0	0	0	0	0	0	0	0	0	
15484	909.0505	3.45e+19	0	0	100000	2	0	0	0	0	0	0	0	0	0	0	0	0	0	0	0	0	0	0	0	0	0	0	0	0	0	0	0	0	0	0	0	0	0	9.398e+04	0	0	0	0	0	0	0	0	3.766e+04	0	0	0	0	0	0	0	0	0	0	0	0	0	3.649e+04	0	0	0	0	0	0	0	0	0	6.607e+04	9.894e+04	0	0	0	0	0	0	0	0	0	0	0	0	0	0	0	0	0	0	0	0	0	0	0	
15512	909.0505	3.45e+19	0	0	100000	2	0	0	0	0	0	0	0	0	0	0	0	0	0	0	0	0	0	0	0	0	0	0	0	0	0	0	0	0	0	0	0	0	0	9.415e+04	0	0	0	0	0	0	0	0	3.776e+04	0	0	0	0	0	0	0	0	0	0	0	0	0	3.655e+04	0	0	0	0	0	0	0	0	0	6.619e+04	9.912e+04	0	0	0	0	0	0	0	0	0	0	0	0	0	0	0	0	0	0	0	0	0	0	0	
15540	909.0505	3.45e+19	0	0	100000	2	0	0	0	0	0	0	0	0	0	0	0	0	0	0	0	0	0	0	0	0	0	0	0	0	0	0	0	0	0	0	0	0	0	9.432e+04	0	0	0	0	0	0	0	0	3.785e+04	0	0	0	0	0	0	0	0	0	0	0	0	0	3.66e+04	0	0	0	0	0	0	0	0	0	6.631e+04	9.93e+04	0	0	0	0	0	0	0	0	0	0	0	0	0	0	0	0	0	0	0	0	0	0	0	
15568	909.0505	3.45e+19	0	0	100000	2	0	0	0	0	0	0	0	0	0	0	0	0	0	0	0	0	0	0	0	0	0	0	0	0	0	0	0	0	0	0	0	0	0	9.449e+04	0	0	0	0	0	0	0	0	3.795e+04	0	0	0	0	0	0	0	0	0	0	0	0	0	3.666e+04	0	0	0	0	0	0	0	0	0	6.642e+04	9.948e+04	0	0	0	0	0	0	0	0	0	0	0	0	0	0	0	0	0	0	0	0	0	0	0	
15596	909.0505	3.45e+19	0	0	100000	2	0	0	0	0	0	0	0	0	0	0	0	0	0	0	0	0	0	0	0	0	0	0	0	0	0	0	0	0	0	0	0	0	0	9.466e+04	0	0	0	0	0	0	0	0	3.805e+04	0	0	0	0	0	0	0	0	0	0	0	0	0	3.672e+04	0	0	0	0	0	0	0	0	0	6.654e+04	9.966e+04	0	0	0	0	0	0	0	0	0	0	0	0	0	0	0	0	0	0	0	0	0	0	0	
15624	909.0505	3.45e+19	0	0	100000	2	0	0	0	0	0	0	0	0	0	0	0	0	0	0	0	0	0	0	0	0	0	0	0	0	0	0	0	0	0	0	0	0	0	9.483e+04	0	0	0	0	0	0	0	0	3.815e+04	0	0	0	0	0	0	0	0	0	0	0	0	0	3.678e+04	0	0	0	0	0	0	0	0	0	6.666e+04	9.984e+04	0	0	0	0	0	0	0	0	0	0	0	0	0	0	0	0	0	0	0	0	0	0	0	
15652	909.0505	3.45e+19	0	0	100000	2	0	0	0	0	0	0	0	0	0	0	0	0	0	0	0	0	0	0	0	0	0	0	0	0	0	0	0	0	0	0	0	0	0	9.5e+04	0	0	0	0	0	0	0	0	3.825e+04	0	0	0	0	0	0	0	0	0	0	0	0	0	3.683e+04	0	0	0	0	0	0	0	0	0	6.678e+04	1e+05	0	0	0	0	0	0	0	0	0	0	0	0	0	0	0	0	0	0	0	0	0	0	0	
15680	909.0505	3.45e+19	0	0	100000	2	0	0	0	0	0	0	0	0	0	0	0	0	0	0	0	0	0	0	0	0	0	0	0	0	0	0	0	0	0	0	0	0	0	9.517e+04	0	0	0	0	0	0	0	0	3.835e+04	0	0	0	0	0	0	0	0	0	0	0	0	0	3.689e+04	0	0	0	0	0	0	0	0	0	6.69e+04	1.002e+05	0	0	0	0	0	0	0	0	0	0	0	0	0	0	0	0	0	0	0	0	0	0	0	
15708	909.0505	3.45e+19	0	0	100000	2	0	0	0	0	0	0	0	0	0	0	0	0	0	0	0	0	0	0	0	0	0	0	0	0	0	0	0	0	0	0	0	0	0	9.534e+04	0	0	0	0	0	0	0	0	3.845e+04	0	0	0	0	0	0	0	0	0	0	0	0	0	3.695e+04	0	0	0	0	0	0	0	0	0	6.702e+04	1.004e+05	0	0	0	0	0	0	0	0	0	0	0	0	0	0	0	0	0	0	0	0	0	0	0	
15736	909.0505	3.45e+19	0	0	100000	2	0	0	0	0	0	0	0	0	0	0	0	0	0	0	0	0	0	0	0	0	0	0	0	0	0	0	0	0	0	0	0	0	0	9.551e+04	0	0	0	0	0	0	0	0	3.855e+04	0	0	0	0	0	0	0	0	0	0	0	0	0	3.7e+04	0	0	0	0	0	0	0	0	0	6.714e+04	1.006e+05	0	0	0	0	0	0	0	0	0	0	0	0	0	0	0	0	0	0	0	0	0	0	0	
15764	909.0505	3.45e+19	0	0	100000	2	0	0	0	0	0	0	0	0	0	0	0	0	0	0	0	0	0	0	0	0	0	0	0	0	0	0	0	0	0	0	0	0	0	9.568e+04	0	0	0	0	0	0	0	0	3.865e+04	0	0	0	0	0	0	0	0	0	0	0	0	0	3.706e+04	0	0	0	0	0	0	0	0	0	6.726e+04	1.007e+05	0	0	0	0	0	0	0	0	0	0	0	0	0	0	0	0	0	0	0	0	0	0	0	
15792	909.0505	3.45e+19	0	0	100000	2	0	0	0	0	0	0	0	0	0	0	0	0	0	0	0	0	0	0	0	0	0	0	0	0	0	0	0	0	0	0	0	0	0	9.585e+04	0	0	0	0	0	0	0	0	3.874e+04	0	0	0	0	0	0	0	0	0	0	0	0	0	3.712e+04	0	0	0	0	0	0	0	0	0	6.738e+04	1.009e+05	0	0	0	0	0	0	0	0	0	0	0	0	0	0	0	0	0	0	0	0	0	0	0	
15820	909.0505	3.45e+19	0	0	100000	2	0	0	0	0	0	0	0	0	0	0	0	0	0	0	0	0	0	0	0	0	0	0	0	0	0	0	0	0	0	0	0	0	0	9.602e+04	0	0	0	0	0	0	0	0	3.884e+04	0	0	0	0	0	0	0	0	0	0	0	0	0	3.717e+04	0	0	0	0	0	0	0	0	0	6.75e+04	1.011e+05	0	0	0	0	0	0	0	0	0	0	0	0	0	0	0	0	0	0	0	0	0	0	0	
15848	909.0505	3.45e+19	0	0	100000	2	0	0	0	0	0	0	0	0	0	0	0	0	0	0	0	0	0	0	0	0	0	0	0	0	0	0	0	0	0	0	0	0	0	9.619e+04	0	0	0	0	0	0	0	0	3.894e+04	0	0	0	0	0	0	0	0	0	0	0	0	0	3.723e+04	0	0	0	0	0	0	0	0	0	6.762e+04	1.013e+05	0	0	0	0	0	0	0	0	0	0	0	0	0	0	0	0	0	0	0	0	0	0	0	
15876	909.0505	3.45e+19	0	0	100000	2	0	0	0	0	0	0	0	0	0	0	0	0	0	0	0	0	0	0	0	0	0	0	0	0	0	0	0	0	0	0	0	0	0	9.636e+04	0	0	0	0	0	0	0	0	3.904e+04	0	0	0	0	0	0	0	0	0	0	0	0	0	3.728e+04	0	0	0	0	0	0	0	0	0	6.774e+04	1.014e+05	0	0	0	0	0	0	0	0	0	0	0	0	0	0	0	0	0	0	0	0	0	0	0	
15904	909.0505	3.45e+19	0	0	100000	2	0	0	0	0	0	0	0	0	0	0	0	0	0	0	0	0	0	0	0	0	0	0	0	0	0	0	0	0	0	0	0	0	0	9.653e+04	0	0	0	0	0	0	0	0	3.914e+04	0	0	0	0	0	0	0	0	0	0	0	0	0	3.734e+04	0	0	0	0	0	0	0	0	0	6.786e+04	1.016e+05	0	0	0	0	0	0	0	0	0	0	0	0	0	0	0	0	0	0	0	0	0	0	0	
15932	909.0505	3.45e+19	0	0	100000	2	0	0	0	0	0	0	0	0	0	0	0	0	0	0	0	0	0	0	0	0	0	0	0	0	0	0	0	0	0	0	0	0	0	9.67e+04	0	0	0	0	0	0	0	0	3.924e+04	0	0	0	0	0	0	0	0	0	0	0	0	0	3.74e+04	0	0	0	0	0	0	0	0	0	6.798e+04	1.018e+05	0	0	0	0	0	0	0	0	0	0	0	0	0	0	0	0	0	0	0	0	0	0	0	
15960	909.0505	3.45e+19	0	0	100000	2	0	0	0	0	0	0	0	0	0	0	0	0	0	0	0	0	0	0	0	0	0	0	0	0	0	0	0	0	0	0	0	0	0	9.687e+04	0	0	0	0	0	0	0	0	3.934e+04	0	0	0	0	0	0	0	0	0	0	0	0	0	3.745e+04	0	0	0	0	0	0	0	0	0	6.81e+04	1.02e+05	0	0	0	0	0	0	0	0	0	0	0	0	0	0	0	0	0	0	0	0	0	0	0	
15988	909.0505	3.45e+19	0	0	100000	2	0	0	0	0	0	0	0	0	0	0	0	0	0	0	0	0	0	0	0	0	0	0	0	0	0	0	0	0	0	0	0	0	0	9.704e+04	0	0	0	0	0	0	0	0	3.944e+04	0	0	0	0	0	0	0	0	0	0	0	0	0	3.751e+04	0	0	0	0	0	0	0	0	0	6.822e+04	1.022e+05	0	0	0	0	0	0	0	0	0	0	0	0	0	0	0	0	0	0	0	0	0	0	0	
16016	909.0505	3.45e+19	0	0	100000	2	0	0	0	0	0	0	0	0	0	0	0	0	0	0	0	0	0	0	0	0	0	0	0	0	0	0	0	0	0	0	0	0	0	9.721e+04	0	0	0	0	0	0	0	0	3.954e+04	0	0	0	0	0	0	0	0	0	0	0	0	0	3.757e+04	0	0	0	0	0	0	0	0	0	6.834e+04	1.023e+05	0	0	0	0	0	0	0	0	0	0	0	0	0	0	0	0	0	0	0	0	0	0	0	
16044	909.0505	3.45e+19	0	0	100000	2	0	0	0	0	0	0	0	0	0	0	0	0	0	0	0	0	0	0	0	0	0	0	0	0	0	0	0	0	0	0	0	0	0	9.738e+04	0	0	0	0	0	0	0	0	3.964e+04	0	0	0	0	0	0	0	0	0	0	0	0	0	3.762e+04	0	0	0	0	0	0	0	0	0	6.846e+04	1.025e+05	0	0	0	0	0	0	0	0	0	0	0	0	0	0	0	0	0	0	0	0	0	0	0	
16072	909.0505	3.45e+19	0	0	100000	2	0	0	0	0	0	0	0	0	0	0	0	0	0	0	0	0	0	0	0	0	0	0	0	0	0	0	0	0	0	0	0	0	0	9.755e+04	0	0	0	0	0	0	0	0	3.974e+04	0	0	0	0	0	0	0	0	0	0	0	0	0	3.768e+04	0	0	0	0	0	0	0	0	0	6.858e+04	1.027e+05	0	0	0	0	0	0	0	0	0	0	0	0	0	0	0	0	0	0	0	0	0	0	0	
16100	909.0505	3.45e+19	0	0	100000	2	0	0	0	0	0	0	0	0	0	0	0	0	0	0	0	0	0	0	0	0	0	0	0	0	0	0	0	0	0	0	0	0	0	9.772e+04	0	0	0	0	0	0	0	0	3.984e+04	0	0	0	0	0	0	0	0	0	0	0	0	0	3.774e+04	0	0	0	0	0	0	0	0	0	6.869e+04	1.029e+05	0	0	0	0	0	0	0	0	0	0	0	0	0	0	0	0	0	0	0	0	0	0	0	
16128	909.0505	3.45e+19	0	0	100000	2	0	0	0	0	0	0	0	0	0	0	0	0	0	0	0	0	0	0	0	0	0	0	0	0	0	0	0	0	0	0	0	0	0	9.789e+04	0	0	0	0	0	0	0	0	3.994e+04	0	0	0	0	0	0	0	0	0	0	0	0	0	3.779e+04	0	0	0	0	0	0	0	0	0	6.881e+04	1.031e+05	0	0	0	0	0	0	0	0	0	0	0	0	0	0	0	0	0	0	0	0	0	0	0	
16156	909.0505	3.45e+19	0	0	100000	2	0	0	0	0	0	0	0	0	0	0	0	0	0	0	0	0	0	0	0	0	0	0	0	0	0	0	0	0	0	0	0	0	0	9.806e+04	0	0	0	0	0	0	0	0	4.004e+04	0	0	0	0	0	0	0	0	0	0	0	0	0	3.785e+04	0	0	0	0	0	0	0	0	0	6.893e+04	1.032e+05	0	0	0	0	0	0	0	0	0	0	0	0	0	0	0	0	0	0	0	0	0	0	0	
16184	909.0505	3.45e+19	0	0	100000	2	0	0	0	0	0	0	0	0	0	0	0	0	0	0	0	0	0	0	0	0	0	0	0	0	0	0	0	0	0	0	0	0	0	9.823e+04	0	0	0	0	0	0	0	0	4.014e+04	0	0	0	0	0	0	0	0	0	0	0	0	0	3.791e+04	0	0	0	0	0	0	0	0	0	6.905e+04	1.034e+05	0	0	0	0	0	0	0	0	0	0	0	0	0	0	0	0	0	0	0	0	0	0	0	
16212	909.0505	3.45e+19	0	0	100000	2	0	0	0	0	0	0	0	0	0	0	0	0	0	0	0	0	0	0	0	0	0	0	0	0	0	0	0	0	0	0	0	0	0	9.84e+04	0	0	0	0	0	0	0	0	4.024e+04	0	0	0	0	0	0	0	0	0	0	0	0	0	3.796e+04	0	0	0	0	0	0	0	0	0	6.917e+04	1.036e+05	0	0	0	0	0	0	0	0	0	0	0	0	0	0	0	0	0	0	0	0	0	0	0	
16240	909.0505	3.45e+19	0	0	100000	2	0	0	0	0	0	0	0	0	0	0	0	0	0	0	0	0	0	0	0	0	0	0	0	0	0	0	0	0	0	0	0	0	0	9.857e+04	0	0	0	0	0	0	0	0	4.034e+04	0	0	0	0	0	0	0	0	0	0	0	0	0	3.802e+04	0	0	0	0	0	0	0	0	0	6.929e+04	1.038e+05	0	0	0	0	0	0	0	0	0	0	0	0	0	0	0	0	0	0	0	0	0	0	0	
16268	909.0505	3.45e+19	0	0	100000	2	0	0	0	0	0	0	0	0	0	0	0	0	0	0	0	0	0	0	0	0	0	0	0	0	0	0	0	0	0	0	0	0	0	9.874e+04	0	0	0	0	0	0	0	0	4.044e+04	0	0	0	0	0	0	0	0	0	0	0	0	0	3.807e+04	0	0	0	0	0	0	0	0	0	6.941e+04	1.04e+05	0	0	0	0	0	0	0	0	0	0	0	0	0	0	0	0	0	0	0	0	0	0	0	
16296	909.0505	3.45e+19	0	0	100000	2	0	0	0	0	0	0	0	0	0	0	0	0	0	0	0	0	0	0	0	0	0	0	0	0	0	0	0	0	0	0	0	0	0	9.891e+04	0	0	0	0	0	0	0	0	4.054e+04	0	0	0	0	0	0	0	0	0	0	0	0	0	3.813e+04	0	0	0	0	0	0	0	0	0	6.953e+04	1.041e+05	0	0	0	0	0	0	0	0	0	0	0	0	0	0	0	0	0	0	0	0	0	0	0	
16324	909.0505	3.45e+19	0	0	100000	2	0	0	0	0	0	0	0	0	0	0	0	0	0	0	0	0	0	0	0	0	0	0	0	0	0	0	0	0	0	0	0	0	0	9.908e+04	0	0	0	0	0	0	0	0	4.064e+04	0	0	0	0	0	0	0	0	0	0	0	0	0	3.819e+04	0	0	0	0	0	0	0	0	0	6.965e+04	1.043e+05	0	0	0	0	0	0	0	0	0	0	0	0	0	0	0	0	0	0	0	0	0	0	0	
16352	909.0505	3.45e+19	0	0	100000	2	0	0	0	0	0	0	0	0	0	0	0	0	0	0	0	0	0	0	0	0	0	0	0	0	0	0	0	0	0	0	0	0	0	9.925e+04	0	0	0	0	0	0	0	0	4.075e+04	0	0	0	0	0	0	0	0	0	0	0	0	0	3.824e+04	0	0	0	0	0	0	0	0	0	6.977e+04	1.045e+05	0	0	0	0	0	0	0	0	0	0	0	0	0	0	0	0	0	0	0	0	0	0	0	
16380	909.0505	3.45e+19	0	0	100000	2	0	0	0	0	0	0	0	0	0	0	0	0	0	0	0	0	0	0	0	0	0	0	0	0	0	0	0	0	0	0	0	0	0	9.942e+04	0	0	0	0	0	0	0	0	4.085e+04	0	0	0	0	0	0	0	0	0	0	0	0	0	3.83e+04	0	0	0	0	0	0	0	0	0	6.989e+04	1.047e+05	0	0	0	0	0	0	0	0	0	0	0	0	0	0	0	0	0	0	0	0	0	0	0	
16408	909.0505	3.45e+19	0	0	100000	2	0	0	0	0	0	0	0	0	0	0	0	0	0	0	0	0	0	0	0	0	0	0	0	0	0	0	0	0	0	0	0	0	0	9.959e+04	0	0	0	0	0	0	0	0	4.095e+04	0	0	0	0	0	0	0	0	0	0	0	0	0	3.836e+04	0	0	0	0	0	0	0	0	0	7.001e+04	1.048e+05	0	0	0	0	0	0	0	0	0	0	0	0	0	0	0	0	0	0	0	0	0	0	0	
16436	909.0505	3.45e+19	0	0	100000	2	0	0	0	0	0	0	0	0	0	0	0	0	0	0	0	0	0	0	0	0	0	0	0	0	0	0	0	0	0	0	0	0	0	9.976e+04	0	0	0	0	0	0	0	0	4.105e+04	0	0	0	0	0	0	0	0	0	0	0	0	0	3.841e+04	0	0	0	0	0	0	0	0	0	7.013e+04	1.05e+05	0	0	0	0	0	0	0	0	0	0	0	0	0	0	0	0	0	0	0	0	0	0	0	
16464	909.0505	3.45e+19	0	0	100000	2	0	0	0	0	0	0	0	0	0	0	0	0	0	0	0	0	0	0	0	0	0	0	0	0	0	0	0	0	0	0	0	0	0	9.993e+04	0	0	0	0	0	0	0	0	4.115e+04	0	0	0	0	0	0	0	0	0	0	0	0	0	3.847e+04	0	0	0	0	0	0	0	0	0	7.025e+04	1.052e+05	0	0	0	0	0	0	0	0	0	0	0	0	0	0	0	0	0	0	0	0	0	0	0	
16492	909.0505	3.45e+19	0	0	100000	2	0	0	0	0	0	0	0	0	0	0	0	0	0	0	0	0	0	0	0	0	0	0	0	0	0	0	0	0	0	0	0	0	0	1.001e+05	0	0	0	0	0	0	0	0	4.125e+04	0	0	0	0	0	0	0	0	0	0	0	0	0	3.852e+04	0	0	0	0	0	0	0	0	0	7.037e+04	1.054e+05	0	0	0	0	0	0	0	0	0	0	0	0	0	0	0	0	0	0	0	0	0	0	0	
16520	909.0505	3.45e+19	0	0	100000	2	0	0	0	0	0	0	0	0	0	0	0	0	0	0	0	0	0	0	0	0	0	0	0	0	0	0	0	0	0	0	0	0	0	1.003e+05	0	0	0	0	0	0	0	0	4.135e+04	0	0	0	0	0	0	0	0	0	0	0	0	0	3.858e+04	0	0	0	0	0	0	0	0	0	7.049e+04	1.056e+05	0	0	0	0	0	0	0	0	0	0	0	0	0	0	0	0	0	0	0	0	0	0	0	
16548	909.0505	3.45e+19	0	0	100000	2	0	0	0	0	0	0	0	0	0	0	0	0	0	0	0	0	0	0	0	0	0	0	0	0	0	0	0	0	0	0	0	0	0	1.004e+05	0	0	0	0	0	0	0	0	4.145e+04	0	0	0	0	0	0	0	0	0	0	0	0	0	3.864e+04	0	0	0	0	0	0	0	0	0	7.061e+04	1.057e+05	0	0	0	0	0	0	0	0	0	0	0	0	0	0	0	0	0	0	0	0	0	0	0	
16576	909.0505	3.45e+19	0	0	100000	2	0	0	0	0	0	0	0	0	0	0	0	0	0	0	0	0	0	0	0	0	0	0	0	0	0	0	0	0	0	0	0	0	0	1.006e+05	0	0	0	0	0	0	0	0	4.155e+04	0	0	0	0	0	0	0	0	0	0	0	0	0	3.869e+04	0	0	0	0	0	0	0	0	0	7.073e+04	1.059e+05	0	0	0	0	0	0	0	0	0	0	0	0	0	0	0	0	0	0	0	0	0	0	0	
16604	909.0505	3.45e+19	0	0	100000	2	0	0	0	0	0	0	0	0	0	0	0	0	0	0	0	0	0	0	0	0	0	0	0	0	0	0	0	0	0	0	0	0	0	1.008e+05	0	0	0	0	0	0	0	0	4.165e+04	0	0	0	0	0	0	0	0	0	0	0	0	0	3.875e+04	0	0	0	0	0	0	0	0	0	7.085e+04	1.061e+05	0	0	0	0	0	0	0	0	0	0	0	0	0	0	0	0	0	0	0	0	0	0	0	
16632	909.0505	3.45e+19	0	0	100000	2	0	0	0	0	0	0	0	0	0	0	0	0	0	0	0	0	0	0	0	0	0	0	0	0	0	0	0	0	0	0	0	0	0	1.009e+05	0	0	0	0	0	0	0	0	4.176e+04	0	0	0	0	0	0	0	0	0	0	0	0	0	3.88e+04	0	0	0	0	0	0	0	0	0	7.096e+04	1.063e+05	0	0	0	0	0	0	0	0	0	0	0	0	0	0	0	0	0	0	0	0	0	0	0	
16660	909.0505	3.45e+19	0	0	100000	2	0	0	0	0	0	0	0	0	0	0	0	0	0	0	0	0	0	0	0	0	0	0	0	0	0	0	0	0	0	0	0	0	0	1.011e+05	0	0	0	0	0	0	0	0	4.186e+04	0	0	0	0	0	0	0	0	0	0	0	0	0	3.886e+04	0	0	0	0	0	0	0	0	0	7.108e+04	1.065e+05	0	0	0	0	0	0	0	0	0	0	0	0	0	0	0	0	0	0	0	0	0	0	0	
16688	909.0505	3.45e+19	0	0	100000	2	0	0	0	0	0	0	0	0	0	0	0	0	0	0	0	0	0	0	0	0	0	0	0	0	0	0	0	0	0	0	0	0	0	1.013e+05	0	0	0	0	0	0	0	0	4.196e+04	0	0	0	0	0	0	0	0	0	0	0	0	0	3.892e+04	0	0	0	0	0	0	0	0	0	7.12e+04	1.066e+05	0	0	0	0	0	0	0	0	0	0	0	0	0	0	0	0	0	0	0	0	0	0	0	
16716	909.0505	3.45e+19	0	0	100000	2	0	0	0	0	0	0	0	0	0	0	0	0	0	0	0	0	0	0	0	0	0	0	0	0	0	0	0	0	0	0	0	0	0	1.015e+05	0	0	0	0	0	0	0	0	4.206e+04	0	0	0	0	0	0	0	0	0	0	0	0	0	3.897e+04	0	0	0	0	0	0	0	0	0	7.132e+04	1.068e+05	0	0	0	0	0	0	0	0	0	0	0	0	0	0	0	0	0	0	0	0	0	0	0	
16744	909.0505	3.45e+19	0	0	100000	2	0	0	0	0	0	0	0	0	0	0	0	0	0	0	0	0	0	0	0	0	0	0	0	0	0	0	0	0	0	0	0	0	0	1.016e+05	0	0	0	0	0	0	0	0	4.216e+04	0	0	0	0	0	0	0	0	0	0	0	0	0	3.903e+04	0	0	0	0	0	0	0	0	0	7.144e+04	1.07e+05	0	0	0	0	0	0	0	0	0	0	0	0	0	0	0	0	0	0	0	0	0	0	0	
16772	909.0505	3.45e+19	0	0	100000	2	0	0	0	0	0	0	0	0	0	0	0	0	0	0	0	0	0	0	0	0	0	0	0	0	0	0	0	0	0	0	0	0	0	1.018e+05	0	0	0	0	0	0	0	0	4.226e+04	0	0	0	0	0	0	0	0	0	0	0	0	0	3.908e+04	0	0	0	0	0	0	0	0	0	7.156e+04	1.072e+05	0	0	0	0	0	0	0	0	0	0	0	0	0	0	0	0	0	0	0	0	0	0	0	
16800	909.0505	3.45e+19	0	0	100000	2	0	0	0	0	0	0	0	0	0	0	0	0	0	0	0	0	0	0	0	0	0	0	0	0	0	0	0	0	0	0	0	0	0	1.02e+05	0	0	0	0	0	0	0	0	4.237e+04	0	0	0	0	0	0	0	0	0	0	0	0	0	3.914e+04	0	0	0	0	0	0	0	0	0	7.168e+04	1.074e+05	0	0	0	0	0	0	0	0	0	0	0	0	0	0	0	0	0	0	0	0	0	0	0	
16828	909.0505	3.45e+19	0	0	100000	2	0	0	0	0	0	0	0	0	0	0	0	0	0	0	0	0	0	0	0	0	0	0	0	0	0	0	0	0	0	0	0	0	0	1.021e+05	0	0	0	0	0	0	0	0	4.247e+04	0	0	0	0	0	0	0	0	0	0	0	0	0	3.92e+04	0	0	0	0	0	0	0	0	0	7.18e+04	1.075e+05	0	0	0	0	0	0	0	0	0	0	0	0	0	0	0	0	0	0	0	0	0	0	0	
16856	909.0505	3.45e+19	0	0	100000	2	0	0	0	0	0	0	0	0	0	0	0	0	0	0	0	0	0	0	0	0	0	0	0	0	0	0	0	0	0	0	0	0	0	1.023e+05	0	0	0	0	0	0	0	0	4.257e+04	0	0	0	0	0	0	0	0	0	0	0	0	0	3.925e+04	0	0	0	0	0	0	0	0	0	7.192e+04	1.077e+05	0	0	0	0	0	0	0	0	0	0	0	0	0	0	0	0	0	0	0	0	0	0	0	
16884	909.0505	3.45e+19	0	0	100000	2	0	0	0	0	0	0	0	0	0	0	0	0	0	0	0	0	0	0	0	0	0	0	0	0	0	0	0	0	0	0	0	0	0	1.025e+05	0	0	0	0	0	0	0	0	4.267e+04	0	0	0	0	0	0	0	0	0	0	0	0	0	3.931e+04	0	0	0	0	0	0	0	0	0	7.204e+04	1.079e+05	0	0	0	0	0	0	0	0	0	0	0	0	0	0	0	0	0	0	0	0	0	0	0	
16912	909.0505	3.45e+19	0	0	100000	2	0	0	0	0	0	0	0	0	0	0	0	0	0	0	0	0	0	0	0	0	0	0	0	0	0	0	0	0	0	0	0	0	0	1.026e+05	0	0	0	0	0	0	0	0	4.277e+04	0	0	0	0	0	0	0	0	0	0	0	0	0	3.936e+04	0	0	0	0	0	0	0	0	0	7.216e+04	1.081e+05	0	0	0	0	0	0	0	0	0	0	0	0	0	0	0	0	0	0	0	0	0	0	0	
16940	909.0505	3.45e+19	0	0	100000	2	0	0	0	0	0	0	0	0	0	0	0	0	0	0	0	0	0	0	0	0	0	0	0	0	0	0	0	0	0	0	0	0	0	1.028e+05	0	0	0	0	0	0	0	0	4.288e+04	0	0	0	0	0	0	0	0	0	0	0	0	0	3.942e+04	0	0	0	0	0	0	0	0	0	7.228e+04	1.082e+05	0	0	0	0	0	0	0	0	0	0	0	0	0	0	0	0	0	0	0	0	0	0	0	
16968	909.0505	3.45e+19	0	0	100000	2	0	0	0	0	0	0	0	0	0	0	0	0	0	0	0	0	0	0	0	0	0	0	0	0	0	0	0	0	0	0	0	0	0	1.03e+05	0	0	0	0	0	0	0	0	4.298e+04	0	0	0	0	0	0	0	0	0	0	0	0	0	3.947e+04	0	0	0	0	0	0	0	0	0	7.24e+04	1.084e+05	0	0	0	0	0	0	0	0	0	0	0	0	0	0	0	0	0	0	0	0	0	0	0	
16996	909.0505	3.45e+19	0	0	100000	2	0	0	0	0	0	0	0	0	0	0	0	0	0	0	0	0	0	0	0	0	0	0	0	0	0	0	0	0	0	0	0	0	0	1.032e+05	0	0	0	0	0	0	0	0	4.308e+04	0	0	0	0	0	0	0	0	0	0	0	0	0	3.953e+04	0	0	0	0	0	0	0	0	0	7.252e+04	1.086e+05	0	0	0	0	0	0	0	0	0	0	0	0	0	0	0	0	0	0	0	0	0	0	0	
17024	909.0505	3.45e+19	0	0	100000	2	0	0	0	0	0	0	0	0	0	0	0	0	0	0	0	0	0	0	0	0	0	0	0	0	0	0	0	0	0	0	0	0	0	1.033e+05	0	0	0	0	0	0	0	0	4.318e+04	0	0	0	0	0	0	0	0	0	0	0	0	0	3.959e+04	0	0	0	0	0	0	0	0	0	7.264e+04	1.088e+05	0	0	0	0	0	0	0	0	0	0	0	0	0	0	0	0	0	0	0	0	0	0	0	
17052	909.0505	3.45e+19	0	0	100000	2	0	0	0	0	0	0	0	0	0	0	0	0	0	0	0	0	0	0	0	0	0	0	0	0	0	0	0	0	0	0	0	0	0	1.035e+05	0	0	0	0	0	0	0	0	4.329e+04	0	0	0	0	0	0	0	0	0	0	0	0	0	3.964e+04	0	0	0	0	0	0	0	0	0	7.276e+04	1.09e+05	0	0	0	0	0	0	0	0	0	0	0	0	0	0	0	0	0	0	0	0	0	0	0	
17080	909.0505	3.45e+19	0	0	100000	2	0	0	0	0	0	0	0	0	0	0	0	0	0	0	0	0	0	0	0	0	0	0	0	0	0	0	0	0	0	0	0	0	0	1.037e+05	0	0	0	0	0	0	0	0	4.339e+04	0	0	0	0	0	0	0	0	0	0	0	0	0	3.97e+04	0	0	0	0	0	0	0	0	0	7.288e+04	1.091e+05	0	0	0	0	0	0	0	0	0	0	0	0	0	0	0	0	0	0	0	0	0	0	0	
17108	909.0505	3.45e+19	0	0	100000	2	0	0	0	0	0	0	0	0	0	0	0	0	0	0	0	0	0	0	0	0	0	0	0	0	0	0	0	0	0	0	0	0	0	1.038e+05	0	0	0	0	0	0	0	0	4.349e+04	0	0	0	0	0	0	0	0	0	0	0	0	0	3.975e+04	0	0	0	0	0	0	0	0	0	7.3e+04	1.093e+05	0	0	0	0	0	0	0	0	0	0	0	0	0	0	0	0	0	0	0	0	0	0	0	
17136	909.0505	3.45e+19	0	0	100000	2	0	0	0	0	0	0	0	0	0	0	0	0	0	0	0	0	0	0	0	0	0	0	0	0	0	0	0	0	0	0	0	0	0	1.04e+05	0	0	0	0	0	0	0	0	4.359e+04	0	0	0	0	0	0	0	0	0	0	0	0	0	3.981e+04	0	0	0	0	0	0	0	0	0	7.312e+04	1.095e+05	0	0	0	0	0	0	0	0	0	0	0	0	0	0	0	0	0	0	0	0	0	0	0	
17164	909.0505	3.45e+19	0	0	100000	2	0	0	0	0	0	0	0	0	0	0	0	0	0	0	0	0	0	0	0	0	0	0	0	0	0	0	0	0	0	0	0	0	0	1.042e+05	0	0	0	0	0	0	0	0	4.37e+04	0	0	0	0	0	0	0	0	0	0	0	0	0	3.986e+04	0	0	0	0	0	0	0	0	0	7.323e+04	1.097e+05	0	0	0	0	0	0	0	0	0	0	0	0	0	0	0	0	0	0	0	0	0	0	0	
17192	909.0505	3.45e+19	0	0	100000	2	0	0	0	0	0	0	0	0	0	0	0	0	0	0	0	0	0	0	0	0	0	0	0	0	0	0	0	0	0	0	0	0	0	1.043e+05	0	0	0	0	0	0	0	0	4.38e+04	0	0	0	0	0	0	0	0	0	0	0	0	0	3.992e+04	0	0	0	0	0	0	0	0	0	7.335e+04	1.099e+05	0	0	0	0	0	0	0	0	0	0	0	0	0	0	0	0	0	0	0	0	0	0	0	
17220	909.0505	3.45e+19	0	0	100000	2	0	0	0	0	0	0	0	0	0	0	0	0	0	0	0	0	0	0	0	0	0	0	0	0	0	0	0	0	0	0	0	0	0	1.045e+05	0	0	0	0	0	0	0	0	4.39e+04	0	0	0	0	0	0	0	0	0	0	0	0	0	3.997e+04	0	0	0	0	0	0	0	0	0	7.347e+04	1.1e+05	0	0	0	0	0	0	0	0	0	0	0	0	0	0	0	0	0	0	0	0	0	0	0	
17248	909.0505	3.45e+19	0	0	100000	2	0	0	0	0	0	0	0	0	0	0	0	0	0	0	0	0	0	0	0	0	0	0	0	0	0	0	0	0	0	0	0	0	0	1.047e+05	0	0	0	0	0	0	0	0	4.401e+04	0	0	0	0	0	0	0	0	0	0	0	0	0	4.003e+04	0	0	0	0	0	0	0	0	0	7.359e+04	1.102e+05	0	0	0	0	0	0	0	0	0	0	0	0	0	0	0	0	0	0	0	0	0	0	0	
17276	909.0505	3.45e+19	0	0	100000	2	0	0	0	0	0	0	0	0	0	0	0	0	0	0	0	0	0	0	0	0	0	0	0	0	0	0	0	0	0	0	0	0	0	1.049e+05	0	0	0	0	0	0	0	0	4.411e+04	0	0	0	0	0	0	0	0	0	0	0	0	0	4.009e+04	0	0	0	0	0	0	0	0	0	7.371e+04	1.104e+05	0	0	0	0	0	0	0	0	0	0	0	0	0	0	0	0	0	0	0	0	0	0	0	
17304	909.0505	3.45e+19	0	0	100000	2	0	0	0	0	0	0	0	0	0	0	0	0	0	0	0	0	0	0	0	0	0	0	0	0	0	0	0	0	0	0	0	0	0	1.05e+05	0	0	0	0	0	0	0	0	4.421e+04	0	0	0	0	0	0	0	0	0	0	0	0	0	4.014e+04	0	0	0	0	0	0	0	0	0	7.383e+04	1.106e+05	0	0	0	0	0	0	0	0	0	0	0	0	0	0	0	0	0	0	0	0	0	0	0	
17332	909.0505	3.45e+19	0	0	100000	2	0	0	0	0	0	0	0	0	0	0	0	0	0	0	0	0	0	0	0	0	0	0	0	0	0	0	0	0	0	0	0	0	0	1.052e+05	0	0	0	0	0	0	0	0	4.431e+04	0	0	0	0	0	0	0	0	0	0	0	0	0	4.02e+04	0	0	0	0	0	0	0	0	0	7.395e+04	1.108e+05	0	0	0	0	0	0	0	0	0	0	0	0	0	0	0	0	0	0	0	0	0	0	0	
17360	909.0505	3.45e+19	0	0	100000	2	0	0	0	0	0	0	0	0	0	0	0	0	0	0	0	0	0	0	0	0	0	0	0	0	0	0	0	0	0	0	0	0	0	1.054e+05	0	0	0	0	0	0	0	0	4.442e+04	0	0	0	0	0	0	0	0	0	0	0	0	0	4.025e+04	0	0	0	0	0	0	0	0	0	7.407e+04	1.109e+05	0	0	0	0	0	0	0	0	0	0	0	0	0	0	0	0	0	0	0	0	0	0	0	
17388	909.0505	3.45e+19	0	0	100000	2	0	0	0	0	0	0	0	0	0	0	0	0	0	0	0	0	0	0	0	0	0	0	0	0	0	0	0	0	0	0	0	0	0	1.055e+05	0	0	0	0	0	0	0	0	4.452e+04	0	0	0	0	0	0	0	0	0	0	0	0	0	4.031e+04	0	0	0	0	0	0	0	0	0	7.419e+04	1.111e+05	0	0	0	0	0	0	0	0	0	0	0	0	0	0	0	0	0	0	0	0	0	0	0	
17416	909.0505	3.45e+19	0	0	100000	2	0	0	0	0	0	0	0	0	0	0	0	0	0	0	0	0	0	0	0	0	0	0	0	0	0	0	0	0	0	0	0	0	0	1.057e+05	0	0	0	0	0	0	0	0	4.462e+04	0	0	0	0	0	0	0	0	0	0	0	0	0	4.036e+04	0	0	0	0	0	0	0	0	0	7.431e+04	1.113e+05	0	0	0	0	0	0	0	0	0	0	0	0	0	0	0	0	0	0	0	0	0	0	0	
17444	909.0505	3.45e+19	0	0	100000	2	0	0	0	0	0	0	0	0	0	0	0	0	0	0	0	0	0	0	0	0	0	0	0	0	0	0	0	0	0	0	0	0	0	1.059e+05	0	0	0	0	0	0	0	0	4.473e+04	0	0	0	0	0	0	0	0	0	0	0	0	0	4.042e+04	0	0	0	0	0	0	0	0	0	7.443e+04	1.115e+05	0	0	0	0	0	0	0	0	0	0	0	0	0	0	0	0	0	0	0	0	0	0	0	
17472	909.0505	3.45e+19	0	0	100000	2	0	0	0	0	0	0	0	0	0	0	0	0	0	0	0	0	0	0	0	0	0	0	0	0	0	0	0	0	0	0	0	0	0	1.06e+05	0	0	0	0	0	0	0	0	4.483e+04	0	0	0	0	0	0	0	0	0	0	0	0	0	4.047e+04	0	0	0	0	0	0	0	0	0	7.455e+04	1.116e+05	0	0	0	0	0	0	0	0	0	0	0	0	0	0	0	0	0	0	0	0	0	0	0	
17500	909.0505	3.45e+19	0	0	100000	2	0	0	0	0	0	0	0	0	0	0	0	0	0	0	0	0	0	0	0	0	0	0	0	0	0	0	0	0	0	0	0	0	0	1.062e+05	0	0	0	0	0	0	0	0	4.494e+04	0	0	0	0	0	0	0	0	0	0	0	0	0	4.053e+04	0	0	0	0	0	0	0	0	0	7.467e+04	1.118e+05	0	0	0	0	0	0	0	0	0	0	0	0	0	0	0	0	0	0	0	0	0	0	0	
17528	909.0505	3.45e+19	0	0	100000	2	0	0	0	0	0	0	0	0	0	0	0	0	0	0	0	0	0	0	0	0	0	0	0	0	0	0	0	0	0	0	0	0	0	1.064e+05	0	0	0	0	0	0	0	0	4.504e+04	0	0	0	0	0	0	0	0	0	0	0	0	0	4.058e+04	0	0	0	0	0	0	0	0	0	7.479e+04	1.12e+05	0	0	0	0	0	0	0	0	0	0	0	0	0	0	0	0	0	0	0	0	0	0	0	
17556	909.0505	3.45e+19	0	0	100000	2	0	0	0	0	0	0	0	0	0	0	0	0	0	0	0	0	0	0	0	0	0	0	0	0	0	0	0	0	0	0	0	0	0	1.066e+05	0	0	0	0	0	0	0	0	4.514e+04	0	0	0	0	0	0	0	0	0	0	0	0	0	4.064e+04	0	0	0	0	0	0	0	0	0	7.491e+04	1.122e+05	0	0	0	0	0	0	0	0	0	0	0	0	0	0	0	0	0	0	0	0	0	0	0	
17584	909.0505	3.45e+19	0	0	100000	2	0	0	0	0	0	0	0	0	0	0	0	0	0	0	0	0	0	0	0	0	0	0	0	0	0	0	0	0	0	0	0	0	0	1.067e+05	0	0	0	0	0	0	0	0	4.525e+04	0	0	0	0	0	0	0	0	0	0	0	0	0	4.069e+04	0	0	0	0	0	0	0	0	0	7.503e+04	1.124e+05	0	0	0	0	0	0	0	0	0	0	0	0	0	0	0	0	0	0	0	0	0	0	0	
17612	909.0505	3.45e+19	0	0	100000	2	0	0	0	0	0	0	0	0	0	0	0	0	0	0	0	0	0	0	0	0	0	0	0	0	0	0	0	0	0	0	0	0	0	1.069e+05	0	0	0	0	0	0	0	0	4.535e+04	0	0	0	0	0	0	0	0	0	0	0	0	0	4.075e+04	0	0	0	0	0	0	0	0	0	7.515e+04	1.125e+05	0	0	0	0	0	0	0	0	0	0	0	0	0	0	0	0	0	0	0	0	0	0	0	
17640	909.0505	3.45e+19	0	0	100000	2	0	0	0	0	0	0	0	0	0	0	0	0	0	0	0	0	0	0	0	0	0	0	0	0	0	0	0	0	0	0	0	0	0	1.071e+05	0	0	0	0	0	0	0	0	4.545e+04	0	0	0	0	0	0	0	0	0	0	0	0	0	4.08e+04	0	0	0	0	0	0	0	0	0	7.527e+04	1.127e+05	0	0	0	0	0	0	0	0	0	0	0	0	0	0	0	0	0	0	0	0	0	0	0	
17668	909.0505	3.45e+19	0	0	100000	2	0	0	0	0	0	0	0	0	0	0	0	0	0	0	0	0	0	0	0	0	0	0	0	0	0	0	0	0	0	0	0	0	0	1.072e+05	0	0	0	0	0	0	0	0	4.556e+04	0	0	0	0	0	0	0	0	0	0	0	0	0	4.086e+04	0	0	0	0	0	0	0	0	0	7.539e+04	1.129e+05	0	0	0	0	0	0	0	0	0	0	0	0	0	0	0	0	0	0	0	0	0	0	0	
17696	909.0505	3.45e+19	0	0	100000	2	0	0	0	0	0	0	0	0	0	0	0	0	0	0	0	0	0	0	0	0	0	0	0	0	0	0	0	0	0	0	0	0	0	1.074e+05	0	0	0	0	0	0	0	0	4.566e+04	0	0	0	0	0	0	0	0	0	0	0	0	0	4.092e+04	0	0	0	0	0	0	0	0	0	7.55e+04	1.131e+05	0	0	0	0	0	0	0	0	0	0	0	0	0	0	0	0	0	0	0	0	0	0	0	
17724	909.0505	3.45e+19	0	0	100000	2	0	0	0	0	0	0	0	0	0	0	0	0	0	0	0	0	0	0	0	0	0	0	0	0	0	0	0	0	0	0	0	0	0	1.076e+05	0	0	0	0	0	0	0	0	4.577e+04	0	0	0	0	0	0	0	0	0	0	0	0	0	4.097e+04	0	0	0	0	0	0	0	0	0	7.562e+04	1.133e+05	0	0	0	0	0	0	0	0	0	0	0	0	0	0	0	0	0	0	0	0	0	0	0	
17752	909.0505	3.45e+19	0	0	100000	2	0	0	0	0	0	0	0	0	0	0	0	0	0	0	0	0	0	0	0	0	0	0	0	0	0	0	0	0	0	0	0	0	0	1.077e+05	0	0	0	0	0	0	0	0	4.587e+04	0	0	0	0	0	0	0	0	0	0	0	0	0	4.103e+04	0	0	0	0	0	0	0	0	0	7.574e+04	1.134e+05	0	0	0	0	0	0	0	0	0	0	0	0	0	0	0	0	0	0	0	0	0	0	0	
17780	909.0505	3.45e+19	0	0	100000	2	0	0	0	0	0	0	0	0	0	0	0	0	0	0	0	0	0	0	0	0	0	0	0	0	0	0	0	0	0	0	0	0	0	1.079e+05	0	0	0	0	0	0	0	0	4.598e+04	0	0	0	0	0	0	0	0	0	0	0	0	0	4.108e+04	0	0	0	0	0	0	0	0	0	7.586e+04	1.136e+05	0	0	0	0	0	0	0	0	0	0	0	0	0	0	0	0	0	0	0	0	0	0	0	
17808	909.0505	3.45e+19	0	0	100000	2	0	0	0	0	0	0	0	0	0	0	0	0	0	0	0	0	0	0	0	0	0	0	0	0	0	0	0	0	0	0	0	0	0	1.081e+05	0	0	0	0	0	0	0	0	4.608e+04	0	0	0	0	0	0	0	0	0	0	0	0	0	4.114e+04	0	0	0	0	0	0	0	0	0	7.598e+04	1.138e+05	0	0	0	0	0	0	0	0	0	0	0	0	0	0	0	0	0	0	0	0	0	0	0	
17836	909.0505	3.45e+19	0	0	100000	2	0	0	0	0	0	0	0	0	0	0	0	0	0	0	0	0	0	0	0	0	0	0	0	0	0	0	0	0	0	0	0	0	0	1.083e+05	0	0	0	0	0	0	0	0	4.618e+04	0	0	0	0	0	0	0	0	0	0	0	0	0	4.119e+04	0	0	0	0	0	0	0	0	0	7.61e+04	1.14e+05	0	0	0	0	0	0	0	0	0	0	0	0	0	0	0	0	0	0	0	0	0	0	0	
17864	909.0505	3.45e+19	0	0	100000	2	0	0	0	0	0	0	0	0	0	0	0	0	0	0	0	0	0	0	0	0	0	0	0	0	0	0	0	0	0	0	0	0	0	1.084e+05	0	0	0	0	0	0	0	0	4.629e+04	0	0	0	0	0	0	0	0	0	0	0	0	0	4.125e+04	0	0	0	0	0	0	0	0	0	7.622e+04	1.142e+05	0	0	0	0	0	0	0	0	0	0	0	0	0	0	0	0	0	0	0	0	0	0	0	
17892	909.0505	3.45e+19	0	0	100000	2	0	0	0	0	0	0	0	0	0	0	0	0	0	0	0	0	0	0	0	0	0	0	0	0	0	0	0	0	0	0	0	0	0	1.086e+05	0	0	0	0	0	0	0	0	4.639e+04	0	0	0	0	0	0	0	0	0	0	0	0	0	4.13e+04	0	0	0	0	0	0	0	0	0	7.634e+04	1.143e+05	0	0	0	0	0	0	0	0	0	0	0	0	0	0	0	0	0	0	0	0	0	0	0	
17920	909.0505	3.45e+19	0	0	100000	2	0	0	0	0	0	0	0	0	0	0	0	0	0	0	0	0	0	0	0	0	0	0	0	0	0	0	0	0	0	0	0	0	0	1.088e+05	0	0	0	0	0	0	0	0	4.65e+04	0	0	0	0	0	0	0	0	0	0	0	0	0	4.136e+04	0	0	0	0	0	0	0	0	0	7.646e+04	1.145e+05	0	0	0	0	0	0	0	0	0	0	0	0	0	0	0	0	0	0	0	0	0	0	0	
17948	909.0505	3.45e+19	0	0	100000	2	0	0	0	0	0	0	0	0	0	0	0	0	0	0	0	0	0	0	0	0	0	0	0	0	0	0	0	0	0	0	0	0	0	1.089e+05	0	0	0	0	0	0	0	0	4.66e+04	0	0	0	0	0	0	0	0	0	0	0	0	0	4.141e+04	0	0	0	0	0	0	0	0	0	7.658e+04	1.147e+05	0	0	0	0	0	0	0	0	0	0	0	0	0	0	0	0	0	0	0	0	0	0	0	
17976	909.0505	3.45e+19	0	0	100000	2	0	0	0	0	0	0	0	0	0	0	0	0	0	0	0	0	0	0	0	0	0	0	0	0	0	0	0	0	0	0	0	0	0	1.091e+05	0	0	0	0	0	0	0	0	4.671e+04	0	0	0	0	0	0	0	0	0	0	0	0	0	4.147e+04	0	0	0	0	0	0	0	0	0	7.67e+04	1.149e+05	0	0	0	0	0	0	0	0	0	0	0	0	0	0	0	0	0	0	0	0	0	0	0	
18004	909.0505	3.45e+19	0	0	100000	2	0	0	0	0	0	0	0	0	0	0	0	0	0	0	0	0	0	0	0	0	0	0	0	0	0	0	0	0	0	0	0	0	0	1.093e+05	0	0	0	0	0	0	0	0	4.681e+04	0	0	0	0	0	0	0	0	0	0	0	0	0	4.152e+04	0	0	0	0	0	0	0	0	0	7.682e+04	1.15e+05	0	0	0	0	0	0	0	0	0	0	0	0	0	0	0	0	0	0	0	0	0	0	0	
18032	909.0505	3.45e+19	0	0	100000	2	0	0	0	0	0	0	0	0	0	0	0	0	0	0	0	0	0	0	0	0	0	0	0	0	0	0	0	0	0	0	0	0	0	1.094e+05	0	0	0	0	0	0	0	0	4.692e+04	0	0	0	0	0	0	0	0	0	0	0	0	0	4.158e+04	0	0	0	0	0	0	0	0	0	7.694e+04	1.152e+05	0	0	0	0	0	0	0	0	0	0	0	0	0	0	0	0	0	0	0	0	0	0	0	
18060	909.0505	3.45e+19	0	0	100000	2	0	0	0	0	0	0	0	0	0	0	0	0	0	0	0	0	0	0	0	0	0	0	0	0	0	0	0	0	0	0	0	0	0	1.096e+05	0	0	0	0	0	0	0	0	4.702e+04	0	0	0	0	0	0	0	0	0	0	0	0	0	4.163e+04	0	0	0	0	0	0	0	0	0	7.706e+04	1.154e+05	0	0	0	0	0	0	0	0	0	0	0	0	0	0	0	0	0	0	0	0	0	0	0	
18088	909.0505	3.45e+19	0	0	100000	2	0	0	0	0	0	0	0	0	0	0	0	0	0	0	0	0	0	0	0	0	0	0	0	0	0	0	0	0	0	0	0	0	0	1.098e+05	0	0	0	0	0	0	0	0	4.713e+04	0	0	0	0	0	0	0	0	0	0	0	0	0	4.169e+04	0	0	0	0	0	0	0	0	0	7.718e+04	1.156e+05	0	0	0	0	0	0	0	0	0	0	0	0	0	0	0	0	0	0	0	0	0	0	0	
18116	909.0505	3.45e+19	0	0	100000	2	0	0	0	0	0	0	0	0	0	0	0	0	0	0	0	0	0	0	0	0	0	0	0	0	0	0	0	0	0	0	0	0	0	1.1e+05	0	0	0	0	0	0	0	0	4.723e+04	0	0	0	0	0	0	0	0	0	0	0	0	0	4.174e+04	0	0	0	0	0	0	0	0	0	7.73e+04	1.158e+05	0	0	0	0	0	0	0	0	0	0	0	0	0	0	0	0	0	0	0	0	0	0	0	
18144	909.0505	3.45e+19	0	0	100000	2	0	0	0	0	0	0	0	0	0	0	0	0	0	0	0	0	0	0	0	0	0	0	0	0	0	0	0	0	0	0	0	0	0	1.101e+05	0	0	0	0	0	0	0	0	4.734e+04	0	0	0	0	0	0	0	0	0	0	0	0	0	4.18e+04	0	0	0	0	0	0	0	0	0	7.742e+04	1.159e+05	0	0	0	0	0	0	0	0	0	0	0	0	0	0	0	0	0	0	0	0	0	0	0	
18172	909.0505	3.45e+19	0	0	100000	2	0	0	0	0	0	0	0	0	0	0	0	0	0	0	0	0	0	0	0	0	0	0	0	0	0	0	0	0	0	0	0	0	0	1.103e+05	0	0	0	0	0	0	0	0	4.744e+04	0	0	0	0	0	0	0	0	0	0	0	0	0	4.185e+04	0	0	0	0	0	0	0	0	0	7.754e+04	1.161e+05	0	0	0	0	0	0	0	0	0	0	0	0	0	0	0	0	0	0	0	0	0	0	0	
18200	909.0505	3.45e+19	0	0	100000	2	0	0	0	0	0	0	0	0	0	0	0	0	0	0	0	0	0	0	0	0	0	0	0	0	0	0	0	0	0	0	0	0	0	1.105e+05	0	0	0	0	0	0	0	0	4.755e+04	0	0	0	0	0	0	0	0	0	0	0	0	0	4.19e+04	0	0	0	0	0	0	0	0	0	7.766e+04	1.163e+05	0	0	0	0	0	0	0	0	0	0	0	0	0	0	0	0	0	0	0	0	0	0	0	
18228	909.0505	3.45e+19	0	0	100000	2	0	0	0	0	0	0	0	0	0	0	0	0	0	0	0	0	0	0	0	0	0	0	0	0	0	0	0	0	0	0	0	0	0	1.106e+05	0	0	0	0	0	0	0	0	4.765e+04	0	0	0	0	0	0	0	0	0	0	0	0	0	4.196e+04	0	0	0	0	0	0	0	0	0	7.777e+04	1.165e+05	0	0	0	0	0	0	0	0	0	0	0	0	0	0	0	0	0	0	0	0	0	0	0	
18256	909.0505	3.45e+19	0	0	100000	2	0	0	0	0	0	0	0	0	0	0	0	0	0	0	0	0	0	0	0	0	0	0	0	0	0	0	0	0	0	0	0	0	0	1.108e+05	0	0	0	0	0	0	0	0	4.776e+04	0	0	0	0	0	0	0	0	0	0	0	0	0	4.201e+04	0	0	0	0	0	0	0	0	0	7.789e+04	1.167e+05	0	0	0	0	0	0	0	0	0	0	0	0	0	0	0	0	0	0	0	0	0	0	0	
18284	909.0505	3.45e+19	0	0	100000	2	0	0	0	0	0	0	0	0	0	0	0	0	0	0	0	0	0	0	0	0	0	0	0	0	0	0	0	0	0	0	0	0	0	1.11e+05	0	0	0	0	0	0	0	0	4.786e+04	0	0	0	0	0	0	0	0	0	0	0	0	0	4.207e+04	0	0	0	0	0	0	0	0	0	7.801e+04	1.168e+05	0	0	0	0	0	0	0	0	0	0	0	0	0	0	0	0	0	0	0	0	0	0	0	
18312	909.0505	3.45e+19	0	0	100000	2	0	0	0	0	0	0	0	0	0	0	0	0	0	0	0	0	0	0	0	0	0	0	0	0	0	0	0	0	0	0	0	0	0	1.111e+05	0	0	0	0	0	0	0	0	4.797e+04	0	0	0	0	0	0	0	0	0	0	0	0	0	4.212e+04	0	0	0	0	0	0	0	0	0	7.813e+04	1.17e+05	0	0	0	0	0	0	0	0	0	0	0	0	0	0	0	0	0	0	0	0	0	0	0	
18340	909.0505	3.45e+19	0	0	100000	2	0	0	0	0	0	0	0	0	0	0	0	0	0	0	0	0	0	0	0	0	0	0	0	0	0	0	0	0	0	0	0	0	0	1.113e+05	0	0	0	0	0	0	0	0	4.808e+04	0	0	0	0	0	0	0	0	0	0	0	0	0	4.218e+04	0	0	0	0	0	0	0	0	0	7.825e+04	1.172e+05	0	0	0	0	0	0	0	0	0	0	0	0	0	0	0	0	0	0	0	0	0	0	0	
18368	909.0505	3.45e+19	0	0	100000	2	0	0	0	0	0	0	0	0	0	0	0	0	0	0	0	0	0	0	0	0	0	0	0	0	0	0	0	0	0	0	0	0	0	1.115e+05	0	0	0	0	0	0	0	0	4.818e+04	0	0	0	0	0	0	0	0	0	0	0	0	0	4.223e+04	0	0	0	0	0	0	0	0	0	7.837e+04	1.174e+05	0	0	0	0	0	0	0	0	0	0	0	0	0	0	0	0	0	0	0	0	0	0	0	
18396	909.0505	3.45e+19	0	0	100000	2	0	0	0	0	0	0	0	0	0	0	0	0	0	0	0	0	0	0	0	0	0	0	0	0	0	0	0	0	0	0	0	0	0	1.117e+05	0	0	0	0	0	0	0	0	4.829e+04	0	0	0	0	0	0	0	0	0	0	0	0	0	4.229e+04	0	0	0	0	0	0	0	0	0	7.849e+04	1.176e+05	0	0	0	0	0	0	0	0	0	0	0	0	0	0	0	0	0	0	0	0	0	0	0	
18424	909.0505	3.45e+19	0	0	100000	2	0	0	0	0	0	0	0	0	0	0	0	0	0	0	0	0	0	0	0	0	0	0	0	0	0	0	0	0	0	0	0	0	0	1.118e+05	0	0	0	0	0	0	0	0	4.839e+04	0	0	0	0	0	0	0	0	0	0	0	0	0	4.234e+04	0	0	0	0	0	0	0	0	0	7.861e+04	1.177e+05	0	0	0	0	0	0	0	0	0	0	0	0	0	0	0	0	0	0	0	0	0	0	0	
18452	909.0505	3.45e+19	0	0	100000	2	0	0	0	0	0	0	0	0	0	0	0	0	0	0	0	0	0	0	0	0	0	0	0	0	0	0	0	0	0	0	0	0	0	1.12e+05	0	0	0	0	0	0	0	0	4.85e+04	0	0	0	0	0	0	0	0	0	0	0	0	0	4.24e+04	0	0	0	0	0	0	0	0	0	7.873e+04	1.179e+05	0	0	0	0	0	0	0	0	0	0	0	0	0	0	0	0	0	0	0	0	0	0	0	
18480	909.0505	3.45e+19	0	0	100000	2	0	0	0	0	0	0	0	0	0	0	0	0	0	0	0	0	0	0	0	0	0	0	0	0	0	0	0	0	0	0	0	0	0	1.122e+05	0	0	0	0	0	0	0	0	4.86e+04	0	0	0	0	0	0	0	0	0	0	0	0	0	4.245e+04	0	0	0	0	0	0	0	0	0	7.885e+04	1.181e+05	0	0	0	0	0	0	0	0	0	0	0	0	0	0	0	0	0	0	0	0	0	0	0	
18508	909.0505	3.45e+19	0	0	100000	2	0	0	0	0	0	0	0	0	0	0	0	0	0	0	0	0	0	0	0	0	0	0	0	0	0	0	0	0	0	0	0	0	0	1.123e+05	0	0	0	0	0	0	0	0	4.871e+04	0	0	0	0	0	0	0	0	0	0	0	0	0	4.251e+04	0	0	0	0	0	0	0	0	0	7.897e+04	1.183e+05	0	0	0	0	0	0	0	0	0	0	0	0	0	0	0	0	0	0	0	0	0	0	0	
18536	909.0505	3.45e+19	0	0	100000	2	0	0	0	0	0	0	0	0	0	0	0	0	0	0	0	0	0	0	0	0	0	0	0	0	0	0	0	0	0	0	0	0	0	1.125e+05	0	0	0	0	0	0	0	0	4.882e+04	0	0	0	0	0	0	0	0	0	0	0	0	0	4.256e+04	0	0	0	0	0	0	0	0	0	7.909e+04	1.184e+05	0	0	0	0	0	0	0	0	0	0	0	0	0	0	0	0	0	0	0	0	0	0	0	
18564	909.0505	3.45e+19	0	0	100000	2	0	0	0	0	0	0	0	0	0	0	0	0	0	0	0	0	0	0	0	0	0	0	0	0	0	0	0	0	0	0	0	0	0	1.127e+05	0	0	0	0	0	0	0	0	4.892e+04	0	0	0	0	0	0	0	0	0	0	0	0	0	4.262e+04	0	0	0	0	0	0	0	0	0	7.921e+04	1.186e+05	0	0	0	0	0	0	0	0	0	0	0	0	0	0	0	0	0	0	0	0	0	0	0	
18592	909.0505	3.45e+19	0	0	100000	2	0	0	0	0	0	0	0	0	0	0	0	0	0	0	0	0	0	0	0	0	0	0	0	0	0	0	0	0	0	0	0	0	0	1.128e+05	0	0	0	0	0	0	0	0	4.903e+04	0	0	0	0	0	0	0	0	0	0	0	0	0	4.267e+04	0	0	0	0	0	0	0	0	0	7.933e+04	1.188e+05	0	0	0	0	0	0	0	0	0	0	0	0	0	0	0	0	0	0	0	0	0	0	0	
18620	909.0505	3.45e+19	0	0	100000	2	0	0	0	0	0	0	0	0	0	0	0	0	0	0	0	0	0	0	0	0	0	0	0	0	0	0	0	0	0	0	0	0	0	1.13e+05	0	0	0	0	0	0	0	0	4.914e+04	0	0	0	0	0	0	0	0	0	0	0	0	0	4.272e+04	0	0	0	0	0	0	0	0	0	7.945e+04	1.19e+05	0	0	0	0	0	0	0	0	0	0	0	0	0	0	0	0	0	0	0	0	0	0	0	
18648	909.0505	3.45e+19	0	0	100000	2	0	0	0	0	0	0	0	0	0	0	0	0	0	0	0	0	0	0	0	0	0	0	0	0	0	0	0	0	0	0	0	0	0	1.132e+05	0	0	0	0	0	0	0	0	4.924e+04	0	0	0	0	0	0	0	0	0	0	0	0	0	4.278e+04	0	0	0	0	0	0	0	0	0	7.957e+04	1.192e+05	0	0	0	0	0	0	0	0	0	0	0	0	0	0	0	0	0	0	0	0	0	0	0	
18676	909.0505	3.45e+19	0	0	100000	2	0	0	0	0	0	0	0	0	0	0	0	0	0	0	0	0	0	0	0	0	0	0	0	0	0	0	0	0	0	0	0	0	0	1.134e+05	0	0	0	0	0	0	0	0	4.935e+04	0	0	0	0	0	0	0	0	0	0	0	0	0	4.283e+04	0	0	0	0	0	0	0	0	0	7.969e+04	1.193e+05	0	0	0	0	0	0	0	0	0	0	0	0	0	0	0	0	0	0	0	0	0	0	0	
18704	909.0505	3.45e+19	0	0	100000	2	0	0	0	0	0	0	0	0	0	0	0	0	0	0	0	0	0	0	0	0	0	0	0	0	0	0	0	0	0	0	0	0	0	1.135e+05	0	0	0	0	0	0	0	0	4.945e+04	0	0	0	0	0	0	0	0	0	0	0	0	0	4.289e+04	0	0	0	0	0	0	0	0	0	7.981e+04	1.195e+05	0	0	0	0	0	0	0	0	0	0	0	0	0	0	0	0	0	0	0	0	0	0	0	
18732	909.0505	3.45e+19	0	0	100000	2	0	0	0	0	0	0	0	0	0	0	0	0	0	0	0	0	0	0	0	0	0	0	0	0	0	0	0	0	0	0	0	0	0	1.137e+05	0	0	0	0	0	0	0	0	4.956e+04	0	0	0	0	0	0	0	0	0	0	0	0	0	4.294e+04	0	0	0	0	0	0	0	0	0	7.992e+04	1.197e+05	0	0	0	0	0	0	0	0	0	0	0	0	0	0	0	0	0	0	0	0	0	0	0	
18760	909.0505	3.45e+19	0	0	100000	2	0	0	0	0	0	0	0	0	0	0	0	0	0	0	0	0	0	0	0	0	0	0	0	0	0	0	0	0	0	0	0	0	0	1.139e+05	0	0	0	0	0	0	0	0	4.967e+04	0	0	0	0	0	0	0	0	0	0	0	0	0	4.3e+04	0	0	0	0	0	0	0	0	0	8.004e+04	1.199e+05	0	0	0	0	0	0	0	0	0	0	0	0	0	0	0	0	0	0	0	0	0	0	0	
18788	909.0505	3.45e+19	0	0	100000	2	0	0	0	0	0	0	0	0	0	0	0	0	0	0	0	0	0	0	0	0	0	0	0	0	0	0	0	0	0	0	0	0	0	1.14e+05	0	0	0	0	0	0	0	0	4.977e+04	0	0	0	0	0	0	0	0	0	0	0	0	0	4.305e+04	0	0	0	0	0	0	0	0	0	8.016e+04	1.201e+05	0	0	0	0	0	0	0	0	0	0	0	0	0	0	0	0	0	0	0	0	0	0	0	
18816	909.0505	3.45e+19	0	0	100000	2	0	0	0	0	0	0	0	0	0	0	0	0	0	0	0	0	0	0	0	0	0	0	0	0	0	0	0	0	0	0	0	0	0	1.142e+05	0	0	0	0	0	0	0	0	4.988e+04	0	0	0	0	0	0	0	0	0	0	0	0	0	4.311e+04	0	0	0	0	0	0	0	0	0	8.028e+04	1.202e+05	0	0	0	0	0	0	0	0	0	0	0	0	0	0	0	0	0	0	0	0	0	0	0	
18844	909.0505	3.45e+19	0	0	100000	2	0	0	0	0	0	0	0	0	0	0	0	0	0	0	0	0	0	0	0	0	0	0	0	0	0	0	0	0	0	0	0	0	0	1.144e+05	0	0	0	0	0	0	0	0	4.999e+04	0	0	0	0	0	0	0	0	0	0	0	0	0	4.316e+04	0	0	0	0	0	0	0	0	0	8.04e+04	1.204e+05	0	0	0	0	0	0	0	0	0	0	0	0	0	0	0	0	0	0	0	0	0	0	0	
18872	909.0505	3.45e+19	0	0	100000	2	0	0	0	0	0	0	0	0	0	0	0	0	0	0	0	0	0	0	0	0	0	0	0	0	0	0	0	0	0	0	0	0	0	1.145e+05	0	0	0	0	0	0	0	0	5.009e+04	0	0	0	0	0	0	0	0	0	0	0	0	0	4.321e+04	0	0	0	0	0	0	0	0	0	8.052e+04	1.206e+05	0	0	0	0	0	0	0	0	0	0	0	0	0	0	0	0	0	0	0	0	0	0	0	
18900	909.0505	3.45e+19	0	0	100000	2	0	0	0	0	0	0	0	0	0	0	0	0	0	0	0	0	0	0	0	0	0	0	0	0	0	0	0	0	0	0	0	0	0	1.147e+05	0	0	0	0	0	0	0	0	5.02e+04	0	0	0	0	0	0	0	0	0	0	0	0	0	4.327e+04	0	0	0	0	0	0	0	0	0	8.064e+04	1.208e+05	0	0	0	0	0	0	0	0	0	0	0	0	0	0	0	0	0	0	0	0	0	0	0	
18928	909.0505	3.45e+19	0	0	100000	2	0	0	0	0	0	0	0	0	0	0	0	0	0	0	0	0	0	0	0	0	0	0	0	0	0	0	0	0	0	0	0	0	0	1.149e+05	0	0	0	0	0	0	0	0	5.031e+04	0	0	0	0	0	0	0	0	0	0	0	0	0	4.332e+04	0	0	0	0	0	0	0	0	0	8.076e+04	1.21e+05	0	0	0	0	0	0	0	0	0	0	0	0	0	0	0	0	0	0	0	0	0	0	0	
18956	909.0505	3.45e+19	0	0	100000	2	0	0	0	0	0	0	0	0	0	0	0	0	0	0	0	0	0	0	0	0	0	0	0	0	0	0	0	0	0	0	0	0	0	1.151e+05	0	0	0	0	0	0	0	0	5.042e+04	0	0	0	0	0	0	0	0	0	0	0	0	0	4.338e+04	0	0	0	0	0	0	0	0	0	8.088e+04	1.211e+05	0	0	0	0	0	0	0	0	0	0	0	0	0	0	0	0	0	0	0	0	0	0	0	
18984	909.0505	3.45e+19	0	0	100000	2	0	0	0	0	0	0	0	0	0	0	0	0	0	0	0	0	0	0	0	0	0	0	0	0	0	0	0	0	0	0	0	0	0	1.152e+05	0	0	0	0	0	0	0	0	5.052e+04	0	0	0	0	0	0	0	0	0	0	0	0	0	4.343e+04	0	0	0	0	0	0	0	0	0	8.1e+04	1.213e+05	0	0	0	0	0	0	0	0	0	0	0	0	0	0	0	0	0	0	0	0	0	0	0	
19012	909.0505	3.45e+19	0	0	100000	2	0	0	0	0	0	0	0	0	0	0	0	0	0	0	0	0	0	0	0	0	0	0	0	0	0	0	0	0	0	0	0	0	0	1.154e+05	0	0	0	0	0	0	0	0	5.063e+04	0	0	0	0	0	0	0	0	0	0	0	0	0	4.349e+04	0	0	0	0	0	0	0	0	0	8.112e+04	1.215e+05	0	0	0	0	0	0	0	0	0	0	0	0	0	0	0	0	0	0	0	0	0	0	0	
19040	909.0505	3.45e+19	0	0	100000	2	0	0	0	0	0	0	0	0	0	0	0	0	0	0	0	0	0	0	0	0	0	0	0	0	0	0	0	0	0	0	0	0	0	1.156e+05	0	0	0	0	0	0	0	0	5.074e+04	0	0	0	0	0	0	0	0	0	0	0	0	0	4.354e+04	0	0	0	0	0	0	0	0	0	8.124e+04	1.217e+05	0	0	0	0	0	0	0	0	0	0	0	0	0	0	0	0	0	0	0	0	0	0	0	
19068	909.0505	3.45e+19	0	0	100000	2	0	0	0	0	0	0	0	0	0	0	0	0	0	0	0	0	0	0	0	0	0	0	0	0	0	0	0	0	0	0	0	0	0	1.157e+05	0	0	0	0	0	0	0	0	5.084e+04	0	0	0	0	0	0	0	0	0	0	0	0	0	4.359e+04	0	0	0	0	0	0	0	0	0	8.136e+04	1.218e+05	0	0	0	0	0	0	0	0	0	0	0	0	0	0	0	0	0	0	0	0	0	0	0	
19096	909.0505	3.45e+19	0	0	100000	2	0	0	0	0	0	0	0	0	0	0	0	0	0	0	0	0	0	0	0	0	0	0	0	0	0	0	0	0	0	0	0	0	0	1.159e+05	0	0	0	0	0	0	0	0	5.095e+04	0	0	0	0	0	0	0	0	0	0	0	0	0	4.365e+04	0	0	0	0	0	0	0	0	0	8.148e+04	1.22e+05	0	0	0	0	0	0	0	0	0	0	0	0	0	0	0	0	0	0	0	0	0	0	0	
19124	909.0505	3.45e+19	0	0	100000	2	0	0	0	0	0	0	0	0	0	0	0	0	0	0	0	0	0	0	0	0	0	0	0	0	0	0	0	0	0	0	0	0	0	1.161e+05	0	0	0	0	0	0	0	0	5.106e+04	0	0	0	0	0	0	0	0	0	0	0	0	0	4.37e+04	0	0	0	0	0	0	0	0	0	8.16e+04	1.222e+05	0	0	0	0	0	0	0	0	0	0	0	0	0	0	0	0	0	0	0	0	0	0	0	
19152	909.0505	3.45e+19	0	0	100000	2	0	0	0	0	0	0	0	0	0	0	0	0	0	0	0	0	0	0	0	0	0	0	0	0	0	0	0	0	0	0	0	0	0	1.162e+05	0	0	0	0	0	0	0	0	5.117e+04	0	0	0	0	0	0	0	0	0	0	0	0	0	4.376e+04	0	0	0	0	0	0	0	0	0	8.172e+04	1.224e+05	0	0	0	0	0	0	0	0	0	0	0	0	0	0	0	0	0	0	0	0	0	0	0	
19180	909.0505	3.45e+19	0	0	100000	2	0	0	0	0	0	0	0	0	0	0	0	0	0	0	0	0	0	0	0	0	0	0	0	0	0	0	0	0	0	0	0	0	0	1.164e+05	0	0	0	0	0	0	0	0	5.127e+04	0	0	0	0	0	0	0	0	0	0	0	0	0	4.381e+04	0	0	0	0	0	0	0	0	0	8.184e+04	1.226e+05	0	0	0	0	0	0	0	0	0	0	0	0	0	0	0	0	0	0	0	0	0	0	0	
19208	909.0505	3.45e+19	0	0	100000	2	0	0	0	0	0	0	0	0	0	0	0	0	0	0	0	0	0	0	0	0	0	0	0	0	0	0	0	0	0	0	0	0	0	1.166e+05	0	0	0	0	0	0	0	0	5.138e+04	0	0	0	0	0	0	0	0	0	0	0	0	0	4.386e+04	0	0	0	0	0	0	0	0	0	8.196e+04	1.227e+05	0	0	0	0	0	0	0	0	0	0	0	0	0	0	0	0	0	0	0	0	0	0	0	
19236	909.0505	3.45e+19	0	0	100000	2	0	0	0	0	0	0	0	0	0	0	0	0	0	0	0	0	0	0	0	0	0	0	0	0	0	0	0	0	0	0	0	0	0	1.168e+05	0	0	0	0	0	0	0	0	5.149e+04	0	0	0	0	0	0	0	0	0	0	0	0	0	4.392e+04	0	0	0	0	0	0	0	0	0	8.208e+04	1.229e+05	0	0	0	0	0	0	0	0	0	0	0	0	0	0	0	0	0	0	0	0	0	0	0	
19264	909.0505	3.45e+19	0	0	100000	2	0	0	0	0	0	0	0	0	0	0	0	0	0	0	0	0	0	0	0	0	0	0	0	0	0	0	0	0	0	0	0	0	0	1.169e+05	0	0	0	0	0	0	0	0	5.16e+04	0	0	0	0	0	0	0	0	0	0	0	0	0	4.397e+04	0	0	0	0	0	0	0	0	0	8.219e+04	1.231e+05	0	0	0	0	0	0	0	0	0	0	0	0	0	0	0	0	0	0	0	0	0	0	0	
19292	909.0505	3.45e+19	0	0	100000	2	0	0	0	0	0	0	0	0	0	0	0	0	0	0	0	0	0	0	0	0	0	0	0	0	0	0	0	0	0	0	0	0	0	1.171e+05	0	0	0	0	0	0	0	0	5.171e+04	0	0	0	0	0	0	0	0	0	0	0	0	0	4.403e+04	0	0	0	0	0	0	0	0	0	8.231e+04	1.233e+05	0	0	0	0	0	0	0	0	0	0	0	0	0	0	0	0	0	0	0	0	0	0	0	
19320	909.0505	3.45e+19	0	0	100000	2	0	0	0	0	0	0	0	0	0	0	0	0	0	0	0	0	0	0	0	0	0	0	0	0	0	0	0	0	0	0	0	0	0	1.173e+05	0	0	0	0	0	0	0	0	5.181e+04	0	0	0	0	0	0	0	0	0	0	0	0	0	4.408e+04	0	0	0	0	0	0	0	0	0	8.243e+04	1.235e+05	0	0	0	0	0	0	0	0	0	0	0	0	0	0	0	0	0	0	0	0	0	0	0	
19348	909.0505	3.45e+19	0	0	100000	2	0	0	0	0	0	0	0	0	0	0	0	0	0	0	0	0	0	0	0	0	0	0	0	0	0	0	0	0	0	0	0	0	0	1.174e+05	0	0	0	0	0	0	0	0	5.192e+04	0	0	0	0	0	0	0	0	0	0	0	0	0	4.413e+04	0	0	0	0	0	0	0	0	0	8.255e+04	1.236e+05	0	0	0	0	0	0	0	0	0	0	0	0	0	0	0	0	0	0	0	0	0	0	0	
19376	909.0505	3.45e+19	0	0	100000	2	0	0	0	0	0	0	0	0	0	0	0	0	0	0	0	0	0	0	0	0	0	0	0	0	0	0	0	0	0	0	0	0	0	1.176e+05	0	0	0	0	0	0	0	0	5.203e+04	0	0	0	0	0	0	0	0	0	0	0	0	0	4.419e+04	0	0	0	0	0	0	0	0	0	8.267e+04	1.238e+05	0	0	0	0	0	0	0	0	0	0	0	0	0	0	0	0	0	0	0	0	0	0	0	
19404	909.0505	3.45e+19	0	0	100000	2	0	0	0	0	0	0	0	0	0	0	0	0	0	0	0	0	0	0	0	0	0	0	0	0	0	0	0	0	0	0	0	0	0	1.178e+05	0	0	0	0	0	0	0	0	5.214e+04	0	0	0	0	0	0	0	0	0	0	0	0	0	4.424e+04	0	0	0	0	0	0	0	0	0	8.279e+04	1.24e+05	0	0	0	0	0	0	0	0	0	0	0	0	0	0	0	0	0	0	0	0	0	0	0	
19432	909.0505	3.45e+19	0	0	100000	2	0	0	0	0	0	0	0	0	0	0	0	0	0	0	0	0	0	0	0	0	0	0	0	0	0	0	0	0	0	0	0	0	0	1.179e+05	0	0	0	0	0	0	0	0	5.225e+04	0	0	0	0	0	0	0	0	0	0	0	0	0	4.43e+04	0	0	0	0	0	0	0	0	0	8.291e+04	1.242e+05	0	0	0	0	0	0	0	0	0	0	0	0	0	0	0	0	0	0	0	0	0	0	0	
19460	909.0505	3.45e+19	0	0	100000	2	0	0	0	0	0	0	0	0	0	0	0	0	0	0	0	0	0	0	0	0	0	0	0	0	0	0	0	0	0	0	0	0	0	1.181e+05	0	0	0	0	0	0	0	0	5.235e+04	0	0	0	0	0	0	0	0	0	0	0	0	0	4.435e+04	0	0	0	0	0	0	0	0	0	8.303e+04	1.244e+05	0	0	0	0	0	0	0	0	0	0	0	0	0	0	0	0	0	0	0	0	0	0	0	
19488	909.0505	3.45e+19	0	0	100000	2	0	0	0	0	0	0	0	0	0	0	0	0	0	0	0	0	0	0	0	0	0	0	0	0	0	0	0	0	0	0	0	0	0	1.183e+05	0	0	0	0	0	0	0	0	5.246e+04	0	0	0	0	0	0	0	0	0	0	0	0	0	4.44e+04	0	0	0	0	0	0	0	0	0	8.315e+04	1.245e+05	0	0	0	0	0	0	0	0	0	0	0	0	0	0	0	0	0	0	0	0	0	0	0	
19516	909.0505	3.45e+19	0	0	100000	2	0	0	0	0	0	0	0	0	0	0	0	0	0	0	0	0	0	0	0	0	0	0	0	0	0	0	0	0	0	0	0	0	0	1.185e+05	0	0	0	0	0	0	0	0	5.257e+04	0	0	0	0	0	0	0	0	0	0	0	0	0	4.446e+04	0	0	0	0	0	0	0	0	0	8.327e+04	1.247e+05	0	0	0	0	0	0	0	0	0	0	0	0	0	0	0	0	0	0	0	0	0	0	0	
19544	909.0505	3.45e+19	0	0	100000	2	0	0	0	0	0	0	0	0	0	0	0	0	0	0	0	0	0	0	0	0	0	0	0	0	0	0	0	0	0	0	0	0	0	1.186e+05	0	0	0	0	0	0	0	0	5.268e+04	0	0	0	0	0	0	0	0	0	0	0	0	0	4.451e+04	0	0	0	0	0	0	0	0	0	8.339e+04	1.249e+05	0	0	0	0	0	0	0	0	0	0	0	0	0	0	0	0	0	0	0	0	0	0	0	
19572	909.0505	3.45e+19	0	0	100000	2	0	0	0	0	0	0	0	0	0	0	0	0	0	0	0	0	0	0	0	0	0	0	0	0	0	0	0	0	0	0	0	0	0	1.188e+05	0	0	0	0	0	0	0	0	5.279e+04	0	0	0	0	0	0	0	0	0	0	0	0	0	4.457e+04	0	0	0	0	0	0	0	0	0	8.351e+04	1.251e+05	0	0	0	0	0	0	0	0	0	0	0	0	0	0	0	0	0	0	0	0	0	0	0	
19600	909.0505	3.45e+19	0	0	100000	2	0	0	0	0	0	0	0	0	0	0	0	0	0	0	0	0	0	0	0	0	0	0	0	0	0	0	0	0	0	0	0	0	0	1.19e+05	0	0	0	0	0	0	0	0	5.29e+04	0	0	0	0	0	0	0	0	0	0	0	0	0	4.462e+04	0	0	0	0	0	0	0	0	0	8.363e+04	1.252e+05	0	0	0	0	0	0	0	0	0	0	0	0	0	0	0	0	0	0	0	0	0	0	0	
19628	909.0505	3.45e+19	0	0	100000	2	0	0	0	0	0	0	0	0	0	0	0	0	0	0	0	0	0	0	0	0	0	0	0	0	0	0	0	0	0	0	0	0	0	1.191e+05	0	0	0	0	0	0	0	0	5.3e+04	0	0	0	0	0	0	0	0	0	0	0	0	0	4.467e+04	0	0	0	0	0	0	0	0	0	8.375e+04	1.254e+05	0	0	0	0	0	0	0	0	0	0	0	0	0	0	0	0	0	0	0	0	0	0	0	
19656	909.0505	3.45e+19	0	0	100000	2	0	0	0	0	0	0	0	0	0	0	0	0	0	0	0	0	0	0	0	0	0	0	0	0	0	0	0	0	0	0	0	0	0	1.193e+05	0	0	0	0	0	0	0	0	5.311e+04	0	0	0	0	0	0	0	0	0	0	0	0	0	4.473e+04	0	0	0	0	0	0	0	0	0	8.387e+04	1.256e+05	0	0	0	0	0	0	0	0	0	0	0	0	0	0	0	0	0	0	0	0	0	0	0	
19684	909.0505	3.45e+19	0	0	100000	2	0	0	0	0	0	0	0	0	0	0	0	0	0	0	0	0	0	0	0	0	0	0	0	0	0	0	0	0	0	0	0	0	0	1.195e+05	0	0	0	0	0	0	0	0	5.322e+04	0	0	0	0	0	0	0	0	0	0	0	0	0	4.478e+04	0	0	0	0	0	0	0	0	0	8.399e+04	1.258e+05	0	0	0	0	0	0	0	0	0	0	0	0	0	0	0	0	0	0	0	0	0	0	0	
19712	909.0505	3.45e+19	0	0	100000	2	0	0	0	0	0	0	0	0	0	0	0	0	0	0	0	0	0	0	0	0	0	0	0	0	0	0	0	0	0	0	0	0	0	1.196e+05	0	0	0	0	0	0	0	0	5.333e+04	0	0	0	0	0	0	0	0	0	0	0	0	0	4.484e+04	0	0	0	0	0	0	0	0	0	8.411e+04	1.26e+05	0	0	0	0	0	0	0	0	0	0	0	0	0	0	0	0	0	0	0	0	0	0	0	
19740	909.0505	3.45e+19	0	0	100000	2	0	0	0	0	0	0	0	0	0	0	0	0	0	0	0	0	0	0	0	0	0	0	0	0	0	0	0	0	0	0	0	0	0	1.198e+05	0	0	0	0	0	0	0	0	5.344e+04	0	0	0	0	0	0	0	0	0	0	0	0	0	4.489e+04	0	0	0	0	0	0	0	0	0	8.423e+04	1.261e+05	0	0	0	0	0	0	0	0	0	0	0	0	0	0	0	0	0	0	0	0	0	0	0	
19768	909.0505	3.45e+19	0	0	100000	2	0	0	0	0	0	0	0	0	0	0	0	0	0	0	0	0	0	0	0	0	0	0	0	0	0	0	0	0	0	0	0	0	0	1.2e+05	0	0	0	0	0	0	0	0	5.355e+04	0	0	0	0	0	0	0	0	0	0	0	0	0	4.494e+04	0	0	0	0	0	0	0	0	0	8.435e+04	1.263e+05	0	0	0	0	0	0	0	0	0	0	0	0	0	0	0	0	0	0	0	0	0	0	0	
19796	909.0505	3.45e+19	0	0	100000	2	0	0	0	0	0	0	0	0	0	0	0	0	0	0	0	0	0	0	0	0	0	0	0	0	0	0	0	0	0	0	0	0	0	1.202e+05	0	0	0	0	0	0	0	0	5.366e+04	0	0	0	0	0	0	0	0	0	0	0	0	0	4.5e+04	0	0	0	0	0	0	0	0	0	8.446e+04	1.265e+05	0	0	0	0	0	0	0	0	0	0	0	0	0	0	0	0	0	0	0	0	0	0	0	
19824	909.0505	3.45e+19	0	0	100000	2	0	0	0	0	0	0	0	0	0	0	0	0	0	0	0	0	0	0	0	0	0	0	0	0	0	0	0	0	0	0	0	0	0	1.203e+05	0	0	0	0	0	0	0	0	5.377e+04	0	0	0	0	0	0	0	0	0	0	0	0	0	4.505e+04	0	0	0	0	0	0	0	0	0	8.458e+04	1.267e+05	0	0	0	0	0	0	0	0	0	0	0	0	0	0	0	0	0	0	0	0	0	0	0	
19852	909.0505	3.45e+19	0	0	100000	2	0	0	0	0	0	0	0	0	0	0	0	0	0	0	0	0	0	0	0	0	0	0	0	0	0	0	0	0	0	0	0	0	0	1.205e+05	0	0	0	0	0	0	0	0	5.388e+04	0	0	0	0	0	0	0	0	0	0	0	0	0	4.51e+04	0	0	0	0	0	0	0	0	0	8.47e+04	1.269e+05	0	0	0	0	0	0	0	0	0	0	0	0	0	0	0	0	0	0	0	0	0	0	0	
19880	909.0505	3.45e+19	0	0	100000	2	0	0	0	0	0	0	0	0	0	0	0	0	0	0	0	0	0	0	0	0	0	0	0	0	0	0	0	0	0	0	0	0	0	1.207e+05	0	0	0	0	0	0	0	0	5.399e+04	0	0	0	0	0	0	0	0	0	0	0	0	0	4.516e+04	0	0	0	0	0	0	0	0	0	8.482e+04	1.27e+05	0	0	0	0	0	0	0	0	0	0	0	0	0	0	0	0	0	0	0	0	0	0	0	
19908	909.0505	3.45e+19	0	0	100000	2	0	0	0	0	0	0	0	0	0	0	0	0	0	0	0	0	0	0	0	0	0	0	0	0	0	0	0	0	0	0	0	0	0	1.208e+05	0	0	0	0	0	0	0	0	5.409e+04	0	0	0	0	0	0	0	0	0	0	0	0	0	4.521e+04	0	0	0	0	0	0	0	0	0	8.494e+04	1.272e+05	0	0	0	0	0	0	0	0	0	0	0	0	0	0	0	0	0	0	0	0	0	0	0	
19936	909.0505	3.45e+19	0	0	100000	2	0	0	0	0	0	0	0	0	0	0	0	0	0	0	0	0	0	0	0	0	0	0	0	0	0	0	0	0	0	0	0	0	0	1.21e+05	0	0	0	0	0	0	0	0	5.42e+04	0	0	0	0	0	0	0	0	0	0	0	0	0	4.526e+04	0	0	0	0	0	0	0	0	0	8.506e+04	1.274e+05	0	0	0	0	0	0	0	0	0	0	0	0	0	0	0	0	0	0	0	0	0	0	0	
19964	909.0505	3.45e+19	0	0	100000	2	0	0	0	0	0	0	0	0	0	0	0	0	0	0	0	0	0	0	0	0	0	0	0	0	0	0	0	0	0	0	0	0	0	1.212e+05	0	0	0	0	0	0	0	0	5.431e+04	0	0	0	0	0	0	0	0	0	0	0	0	0	4.532e+04	0	0	0	0	0	0	0	0	0	8.518e+04	1.276e+05	0	0	0	0	0	0	0	0	0	0	0	0	0	0	0	0	0	0	0	0	0	0	0	
19992	909.0505	3.45e+19	0	0	100000	2	0	0	0	0	0	0	0	0	0	0	0	0	0	0	0	0	0	0	0	0	0	0	0	0	0	0	0	0	0	0	0	0	0	1.213e+05	0	0	0	0	0	0	0	0	5.442e+04	0	0	0	0	0	0	0	0	0	0	0	0	0	4.537e+04	0	0	0	0	0	0	0	0	0	8.53e+04	1.278e+05	0	0	0	0	0	0	0	0	0	0	0	0	0	0	0	0	0	0	0	0	0	0	0	
20020	909.0505	3.45e+19	0	0	100000	2	0	0	0	0	0	0	0	0	0	0	0	0	0	0	0	0	0	0	0	0	0	0	0	0	0	0	0	0	0	0	0	0	0	1.215e+05	0	0	0	0	0	0	0	0	5.453e+04	0	0	0	0	0	0	0	0	0	0	0	0	0	4.543e+04	0	0	0	0	0	0	0	0	0	8.542e+04	1.279e+05	0	0	0	0	0	0	0	0	0	0	0	0	0	0	0	0	0	0	0	0	0	0	0	
20048	909.0505	3.45e+19	0	0	100000	2	0	0	0	0	0	0	0	0	0	0	0	0	0	0	0	0	0	0	0	0	0	0	0	0	0	0	0	0	0	0	0	0	0	1.217e+05	0	0	0	0	0	0	0	0	5.464e+04	0	0	0	0	0	0	0	0	0	0	0	0	0	4.548e+04	0	0	0	0	0	0	0	0	0	8.554e+04	1.281e+05	0	0	0	0	0	0	0	0	0	0	0	0	0	0	0	0	0	0	0	0	0	0	0	
20076	909.0505	3.45e+19	0	0	100000	2	0	0	0	0	0	0	0	0	0	0	0	0	0	0	0	0	0	0	0	0	0	0	0	0	0	0	0	0	0	0	0	0	0	1.219e+05	0	0	0	0	0	0	0	0	5.475e+04	0	0	0	0	0	0	0	0	0	0	0	0	0	4.553e+04	0	0	0	0	0	0	0	0	0	8.566e+04	1.283e+05	0	0	0	0	0	0	0	0	0	0	0	0	0	0	0	0	0	0	0	0	0	0	0	
20104	909.0505	3.45e+19	0	0	100000	2	0	0	0	0	0	0	0	0	0	0	0	0	0	0	0	0	0	0	0	0	0	0	0	0	0	0	0	0	0	0	0	0	0	1.22e+05	0	0	0	0	0	0	0	0	5.486e+04	0	0	0	0	0	0	0	0	0	0	0	0	0	4.559e+04	0	0	0	0	0	0	0	0	0	8.578e+04	1.285e+05	0	0	0	0	0	0	0	0	0	0	0	0	0	0	0	0	0	0	0	0	0	0	0	
20132	909.0505	3.45e+19	0	0	100000	2	0	0	0	0	0	0	0	0	0	0	0	0	0	0	0	0	0	0	0	0	0	0	0	0	0	0	0	0	0	0	0	0	0	1.222e+05	0	0	0	0	0	0	0	0	5.497e+04	0	0	0	0	0	0	0	0	0	0	0	0	0	4.564e+04	0	0	0	0	0	0	0	0	0	8.59e+04	1.286e+05	0	0	0	0	0	0	0	0	0	0	0	0	0	0	0	0	0	0	0	0	0	0	0	
20160	909.0505	3.45e+19	0	0	100000	2	0	0	0	0	0	0	0	0	0	0	0	0	0	0	0	0	0	0	0	0	0	0	0	0	0	0	0	0	0	0	0	0	0	1.224e+05	0	0	0	0	0	0	0	0	5.508e+04	0	0	0	0	0	0	0	0	0	0	0	0	0	4.569e+04	0	0	0	0	0	0	0	0	0	8.602e+04	1.288e+05	0	0	0	0	0	0	0	0	0	0	0	0	0	0	0	0	0	0	0	0	0	0	0	
20188	909.0505	3.45e+19	0	0	100000	2	0	0	0	0	0	0	0	0	0	0	0	0	0	0	0	0	0	0	0	0	0	0	0	0	0	0	0	0	0	0	0	0	0	1.225e+05	0	0	0	0	0	0	0	0	5.519e+04	0	0	0	0	0	0	0	0	0	0	0	0	0	4.575e+04	0	0	0	0	0	0	0	0	0	8.614e+04	1.29e+05	0	0	0	0	0	0	0	0	0	0	0	0	0	0	0	0	0	0	0	0	0	0	0	
20216	909.0505	3.45e+19	0	0	100000	2	0	0	0	0	0	0	0	0	0	0	0	0	0	0	0	0	0	0	0	0	0	0	0	0	0	0	0	0	0	0	0	0	0	1.227e+05	0	0	0	0	0	0	0	0	5.53e+04	0	0	0	0	0	0	0	0	0	0	0	0	0	4.58e+04	0	0	0	0	0	0	0	0	0	8.626e+04	1.292e+05	0	0	0	0	0	0	0	0	0	0	0	0	0	0	0	0	0	0	0	0	0	0	0	
20244	909.0505	3.45e+19	0	0	100000	2	0	0	0	0	0	0	0	0	0	0	0	0	0	0	0	0	0	0	0	0	0	0	0	0	0	0	0	0	0	0	0	0	0	1.229e+05	0	0	0	0	0	0	0	0	5.541e+04	0	0	0	0	0	0	0	0	0	0	0	0	0	4.585e+04	0	0	0	0	0	0	0	0	0	8.638e+04	1.294e+05	0	0	0	0	0	0	0	0	0	0	0	0	0	0	0	0	0	0	0	0	0	0	0	
20272	909.0505	3.45e+19	0	0	100000	2	0	0	0	0	0	0	0	0	0	0	0	0	0	0	0	0	0	0	0	0	0	0	0	0	0	0	0	0	0	0	0	0	0	1.23e+05	0	0	0	0	0	0	0	0	5.552e+04	0	0	0	0	0	0	0	0	0	0	0	0	0	4.591e+04	0	0	0	0	0	0	0	0	0	8.65e+04	1.295e+05	0	0	0	0	0	0	0	0	0	0	0	0	0	0	0	0	0	0	0	0	0	0	0	
20300	909.0505	3.45e+19	0	0	100000	2	0	0	0	0	0	0	0	0	0	0	0	0	0	0	0	0	0	0	0	0	0	0	0	0	0	0	0	0	0	0	0	0	0	1.232e+05	0	0	0	0	0	0	0	0	5.563e+04	0	0	0	0	0	0	0	0	0	0	0	0	0	4.596e+04	0	0	0	0	0	0	0	0	0	8.662e+04	1.297e+05	0	0	0	0	0	0	0	0	0	0	0	0	0	0	0	0	0	0	0	0	0	0	0	
20328	909.0505	3.45e+19	0	0	100000	2	0	0	0	0	0	0	0	0	0	0	0	0	0	0	0	0	0	0	0	0	0	0	0	0	0	0	0	0	0	0	0	0	0	1.234e+05	0	0	0	0	0	0	0	0	5.574e+04	0	0	0	0	0	0	0	0	0	0	0	0	0	4.601e+04	0	0	0	0	0	0	0	0	0	8.673e+04	1.299e+05	0	0	0	0	0	0	0	0	0	0	0	0	0	0	0	0	0	0	0	0	0	0	0	
20356	909.0505	3.45e+19	0	0	100000	2	0	0	0	0	0	0	0	0	0	0	0	0	0	0	0	0	0	0	0	0	0	0	0	0	0	0	0	0	0	0	0	0	0	1.236e+05	0	0	0	0	0	0	0	0	5.585e+04	0	0	0	0	0	0	0	0	0	0	0	0	0	4.607e+04	0	0	0	0	0	0	0	0	0	8.685e+04	1.301e+05	0	0	0	0	0	0	0	0	0	0	0	0	0	0	0	0	0	0	0	0	0	0	0	
20384	909.0505	3.45e+19	0	0	100000	2	0	0	0	0	0	0	0	0	0	0	0	0	0	0	0	0	0	0	0	0	0	0	0	0	0	0	0	0	0	0	0	0	0	1.237e+05	0	0	0	0	0	0	0	0	5.596e+04	0	0	0	0	0	0	0	0	0	0	0	0	0	4.612e+04	0	0	0	0	0	0	0	0	0	8.697e+04	1.303e+05	0	0	0	0	0	0	0	0	0	0	0	0	0	0	0	0	0	0	0	0	0	0	0	
20412	909.0505	3.45e+19	0	0	100000	2	0	0	0	0	0	0	0	0	0	0	0	0	0	0	0	0	0	0	0	0	0	0	0	0	0	0	0	0	0	0	0	0	0	1.239e+05	0	0	0	0	0	0	0	0	5.607e+04	0	0	0	0	0	0	0	0	0	0	0	0	0	4.617e+04	0	0	0	0	0	0	0	0	0	8.709e+04	1.304e+05	0	0	0	0	0	0	0	0	0	0	0	0	0	0	0	0	0	0	0	0	0	0	0	
20440	909.0505	3.45e+19	0	0	100000	2	0	0	0	0	0	0	0	0	0	0	0	0	0	0	0	0	0	0	0	0	0	0	0	0	0	0	0	0	0	0	0	0	0	1.241e+05	0	0	0	0	0	0	0	0	5.618e+04	0	0	0	0	0	0	0	0	0	0	0	0	0	4.623e+04	0	0	0	0	0	0	0	0	0	8.721e+04	1.306e+05	0	0	0	0	0	0	0	0	0	0	0	0	0	0	0	0	0	0	0	0	0	0	0	
20468	909.0505	3.45e+19	0	0	100000	2	0	0	0	0	0	0	0	0	0	0	0	0	0	0	0	0	0	0	0	0	0	0	0	0	0	0	0	0	0	0	0	0	0	1.242e+05	0	0	0	0	0	0	0	0	5.629e+04	0	0	0	0	0	0	0	0	0	0	0	0	0	4.628e+04	0	0	0	0	0	0	0	0	0	8.733e+04	1.308e+05	0	0	0	0	0	0	0	0	0	0	0	0	0	0	0	0	0	0	0	0	0	0	0	
20496	909.0505	3.45e+19	0	0	100000	2	0	0	0	0	0	0	0	0	0	0	0	0	0	0	0	0	0	0	0	0	0	0	0	0	0	0	0	0	0	0	0	0	0	1.244e+05	0	0	0	0	0	0	0	0	5.64e+04	0	0	0	0	0	0	0	0	0	0	0	0	0	4.633e+04	0	0	0	0	0	0	0	0	0	8.745e+04	1.31e+05	0	0	0	0	0	0	0	0	0	0	0	0	0	0	0	0	0	0	0	0	0	0	0	
20524	909.0505	3.45e+19	0	0	100000	2	0	0	0	0	0	0	0	0	0	0	0	0	0	0	0	0	0	0	0	0	0	0	0	0	0	0	0	0	0	0	0	0	0	1.246e+05	0	0	0	0	0	0	0	0	5.651e+04	0	0	0	0	0	0	0	0	0	0	0	0	0	4.639e+04	0	0	0	0	0	0	0	0	0	8.757e+04	1.312e+05	0	0	0	0	0	0	0	0	0	0	0	0	0	0	0	0	0	0	0	0	0	0	0	
20552	909.0505	3.45e+19	0	0	100000	2	0	0	0	0	0	0	0	0	0	0	0	0	0	0	0	0	0	0	0	0	0	0	0	0	0	0	0	0	0	0	0	0	0	1.247e+05	0	0	0	0	0	0	0	0	5.662e+04	0	0	0	0	0	0	0	0	0	0	0	0	0	4.644e+04	0	0	0	0	0	0	0	0	0	8.769e+04	1.313e+05	0	0	0	0	0	0	0	0	0	0	0	0	0	0	0	0	0	0	0	0	0	0	0	
20580	909.0505	3.45e+19	0	0	100000	2	0	0	0	0	0	0	0	0	0	0	0	0	0	0	0	0	0	0	0	0	0	0	0	0	0	0	0	0	0	0	0	0	0	1.249e+05	0	0	0	0	0	0	0	0	5.673e+04	0	0	0	0	0	0	0	0	0	0	0	0	0	4.649e+04	0	0	0	0	0	0	0	0	0	8.781e+04	1.315e+05	0	0	0	0	0	0	0	0	0	0	0	0	0	0	0	0	0	0	0	0	0	0	0	
20608	909.0505	3.45e+19	0	0	100000	2	0	0	0	0	0	0	0	0	0	0	0	0	0	0	0	0	0	0	0	0	0	0	0	0	0	0	0	0	0	0	0	0	0	1.251e+05	0	0	0	0	0	0	0	0	5.685e+04	0	0	0	0	0	0	0	0	0	0	0	0	0	4.655e+04	0	0	0	0	0	0	0	0	0	8.793e+04	1.317e+05	0	0	0	0	0	0	0	0	0	0	0	0	0	0	0	0	0	0	0	0	0	0	0	
20636	909.0505	3.45e+19	0	0	100000	2	0	0	0	0	0	0	0	0	0	0	0	0	0	0	0	0	0	0	0	0	0	0	0	0	0	0	0	0	0	0	0	0	0	1.252e+05	0	0	0	0	0	0	0	0	5.696e+04	0	0	0	0	0	0	0	0	0	0	0	0	0	4.66e+04	0	0	0	0	0	0	0	0	0	8.805e+04	1.319e+05	0	0	0	0	0	0	0	0	0	0	0	0	0	0	0	0	0	0	0	0	0	0	0	
20664	909.0505	3.45e+19	0	0	100000	2	0	0	0	0	0	0	0	0	0	0	0	0	0	0	0	0	0	0	0	0	0	0	0	0	0	0	0	0	0	0	0	0	0	1.254e+05	0	0	0	0	0	0	0	0	5.707e+04	0	0	0	0	0	0	0	0	0	0	0	0	0	4.665e+04	0	0	0	0	0	0	0	0	0	8.817e+04	1.32e+05	0	0	0	0	0	0	0	0	0	0	0	0	0	0	0	0	0	0	0	0	0	0	0	
20692	909.0505	3.45e+19	0	0	100000	2	0	0	0	0	0	0	0	0	0	0	0	0	0	0	0	0	0	0	0	0	0	0	0	0	0	0	0	0	0	0	0	0	0	1.256e+05	0	0	0	0	0	0	0	0	5.718e+04	0	0	0	0	0	0	0	0	0	0	0	0	0	4.67e+04	0	0	0	0	0	0	0	0	0	8.829e+04	1.322e+05	0	0	0	0	0	0	0	0	0	0	0	0	0	0	0	0	0	0	0	0	0	0	0	
20720	909.0505	3.45e+19	0	0	100000	2	0	0	0	0	0	0	0	0	0	0	0	0	0	0	0	0	0	0	0	0	0	0	0	0	0	0	0	0	0	0	0	0	0	1.258e+05	0	0	0	0	0	0	0	0	5.729e+04	0	0	0	0	0	0	0	0	0	0	0	0	0	4.676e+04	0	0	0	0	0	0	0	0	0	8.841e+04	1.324e+05	0	0	0	0	0	0	0	0	0	0	0	0	0	0	0	0	0	0	0	0	0	0	0	
20748	909.0505	3.45e+19	0	0	100000	2	0	0	0	0	0	0	0	0	0	0	0	0	0	0	0	0	0	0	0	0	0	0	0	0	0	0	0	0	0	0	0	0	0	1.259e+05	0	0	0	0	0	0	0	0	5.74e+04	0	0	0	0	0	0	0	0	0	0	0	0	0	4.681e+04	0	0	0	0	0	0	0	0	0	8.853e+04	1.326e+05	0	0	0	0	0	0	0	0	0	0	0	0	0	0	0	0	0	0	0	0	0	0	0	
20776	909.0505	3.45e+19	0	0	100000	2	0	0	0	0	0	0	0	0	0	0	0	0	0	0	0	0	0	0	0	0	0	0	0	0	0	0	0	0	0	0	0	0	0	1.261e+05	0	0	0	0	0	0	0	0	5.751e+04	0	0	0	0	0	0	0	0	0	0	0	0	0	4.686e+04	0	0	0	0	0	0	0	0	0	8.865e+04	1.328e+05	0	0	0	0	0	0	0	0	0	0	0	0	0	0	0	0	0	0	0	0	0	0	0	
20804	909.0505	3.45e+19	0	0	100000	2	0	0	0	0	0	0	0	0	0	0	0	0	0	0	0	0	0	0	0	0	0	0	0	0	0	0	0	0	0	0	0	0	0	1.263e+05	0	0	0	0	0	0	0	0	5.762e+04	0	0	0	0	0	0	0	0	0	0	0	0	0	4.692e+04	0	0	0	0	0	0	0	0	0	8.877e+04	1.329e+05	0	0	0	0	0	0	0	0	0	0	0	0	0	0	0	0	0	0	0	0	0	0	0	
20832	909.0505	3.45e+19	0	0	100000	2	0	0	0	0	0	0	0	0	0	0	0	0	0	0	0	0	0	0	0	0	0	0	0	0	0	0	0	0	0	0	0	0	0	1.264e+05	0	0	0	0	0	0	0	0	5.773e+04	0	0	0	0	0	0	0	0	0	0	0	0	0	4.697e+04	0	0	0	0	0	0	0	0	0	8.889e+04	1.331e+05	0	0	0	0	0	0	0	0	0	0	0	0	0	0	0	0	0	0	0	0	0	0	0	
20860	909.0505	3.45e+19	0	0	100000	2	0	0	0	0	0	0	0	0	0	0	0	0	0	0	0	0	0	0	0	0	0	0	0	0	0	0	0	0	0	0	0	0	0	1.266e+05	0	0	0	0	0	0	0	0	5.785e+04	0	0	0	0	0	0	0	0	0	0	0	0	0	4.702e+04	0	0	0	0	0	0	0	0	0	8.9e+04	1.333e+05	0	0	0	0	0	0	0	0	0	0	0	0	0	0	0	0	0	0	0	0	0	0	0	
20888	909.0505	3.45e+19	0	0	100000	2	0	0	0	0	0	0	0	0	0	0	0	0	0	0	0	0	0	0	0	0	0	0	0	0	0	0	0	0	0	0	0	0	0	1.268e+05	0	0	0	0	0	0	0	0	5.796e+04	0	0	0	0	0	0	0	0	0	0	0	0	0	4.708e+04	0	0	0	0	0	0	0	0	0	8.912e+04	1.335e+05	0	0	0	0	0	0	0	0	0	0	0	0	0	0	0	0	0	0	0	0	0	0	0	
20916	909.0505	3.45e+19	0	0	100000	2	0	0	0	0	0	0	0	0	0	0	0	0	0	0	0	0	0	0	0	0	0	0	0	0	0	0	0	0	0	0	0	0	0	1.269e+05	0	0	0	0	0	0	0	0	5.807e+04	0	0	0	0	0	0	0	0	0	0	0	0	0	4.713e+04	0	0	0	0	0	0	0	0	0	8.924e+04	1.337e+05	0	0	0	0	0	0	0	0	0	0	0	0	0	0	0	0	0	0	0	0	0	0	0	
20944	909.0505	3.45e+19	0	0	100000	2	0	0	0	0	0	0	0	0	0	0	0	0	0	0	0	0	0	0	0	0	0	0	0	0	0	0	0	0	0	0	0	0	0	1.271e+05	0	0	0	0	0	0	0	0	5.818e+04	0	0	0	0	0	0	0	0	0	0	0	0	0	4.718e+04	0	0	0	0	0	0	0	0	0	8.936e+04	1.338e+05	0	0	0	0	0	0	0	0	0	0	0	0	0	0	0	0	0	0	0	0	0	0	0	
20972	909.0505	3.45e+19	0	0	100000	2	0	0	0	0	0	0	0	0	0	0	0	0	0	0	0	0	0	0	0	0	0	0	0	0	0	0	0	0	0	0	0	0	0	1.273e+05	0	0	0	0	0	0	0	0	5.829e+04	0	0	0	0	0	0	0	0	0	0	0	0	0	4.723e+04	0	0	0	0	0	0	0	0	0	8.948e+04	1.34e+05	0	0	0	0	0	0	0	0	0	0	0	0	0	0	0	0	0	0	0	0	0	0	0	
21000	909.0505	3.45e+19	0	0	100000	2	0	0	0	0	0	0	0	0	0	0	0	0	0	0	0	0	0	0	0	0	0	0	0	0	0	0	0	0	0	0	0	0	0	1.275e+05	0	0	0	0	0	0	0	0	5.84e+04	0	0	0	0	0	0	0	0	0	0	0	0	0	4.729e+04	0	0	0	0	0	0	0	0	0	8.96e+04	1.342e+05	0	0	0	0	0	0	0	0	0	0	0	0	0	0	0	0	0	0	0	0	0	0	0	
21028	909.0505	3.45e+19	0	0	100000	2	0	0	0	0	0	0	0	0	0	0	0	0	0	0	0	0	0	0	0	0	0	0	0	0	0	0	0	0	0	0	0	0	0	1.276e+05	0	0	0	0	0	0	0	0	5.851e+04	0	0	0	0	0	0	0	0	0	0	0	0	0	4.734e+04	0	0	0	0	0	0	0	0	0	8.972e+04	1.344e+05	0	0	0	0	0	0	0	0	0	0	0	0	0	0	0	0	0	0	0	0	0	0	0	
21056	909.0505	3.45e+19	0	0	100000	2	0	0	0	0	0	0	0	0	0	0	0	0	0	0	0	0	0	0	0	0	0	0	0	0	0	0	0	0	0	0	0	0	0	1.278e+05	0	0	0	0	0	0	0	0	5.863e+04	0	0	0	0	0	0	0	0	0	0	0	0	0	4.739e+04	0	0	0	0	0	0	0	0	0	8.984e+04	1.346e+05	0	0	0	0	0	0	0	0	0	0	0	0	0	0	0	0	0	0	0	0	0	0	0	
21084	909.0505	3.45e+19	0	0	100000	2	0	0	0	0	0	0	0	0	0	0	0	0	0	0	0	0	0	0	0	0	0	0	0	0	0	0	0	0	0	0	0	0	0	1.28e+05	0	0	0	0	0	0	0	0	5.874e+04	0	0	0	0	0	0	0	0	0	0	0	0	0	4.745e+04	0	0	0	0	0	0	0	0	0	8.996e+04	1.347e+05	0	0	0	0	0	0	0	0	0	0	0	0	0	0	0	0	0	0	0	0	0	0	0	
21112	909.0505	3.45e+19	0	0	100000	2	0	0	0	0	0	0	0	0	0	0	0	0	0	0	0	0	0	0	0	0	0	0	0	0	0	0	0	0	0	0	0	0	0	1.281e+05	0	0	0	0	0	0	0	0	5.885e+04	0	0	0	0	0	0	0	0	0	0	0	0	0	4.75e+04	0	0	0	0	0	0	0	0	0	9.008e+04	1.349e+05	0	0	0	0	0	0	0	0	0	0	0	0	0	0	0	0	0	0	0	0	0	0	0	
21140	909.0505	3.45e+19	0	0	100000	2	0	0	0	0	0	0	0	0	0	0	0	0	0	0	0	0	0	0	0	0	0	0	0	0	0	0	0	0	0	0	0	0	0	1.283e+05	0	0	0	0	0	0	0	0	5.896e+04	0	0	0	0	0	0	0	0	0	0	0	0	0	4.755e+04	0	0	0	0	0	0	0	0	0	9.02e+04	1.351e+05	0	0	0	0	0	0	0	0	0	0	0	0	0	0	0	0	0	0	0	0	0	0	0	
21168	909.0505	3.45e+19	0	0	100000	2	0	0	0	0	0	0	0	0	0	0	0	0	0	0	0	0	0	0	0	0	0	0	0	0	0	0	0	0	0	0	0	0	0	1.285e+05	0	0	0	0	0	0	0	0	5.907e+04	0	0	0	0	0	0	0	0	0	0	0	0	0	4.76e+04	0	0	0	0	0	0	0	0	0	9.032e+04	1.353e+05	0	0	0	0	0	0	0	0	0	0	0	0	0	0	0	0	0	0	0	0	0	0	0	
21196	909.0505	3.45e+19	0	0	100000	2	0	0	0	0	0	0	0	0	0	0	0	0	0	0	0	0	0	0	0	0	0	0	0	0	0	0	0	0	0	0	0	0	0	1.286e+05	0	0	0	0	0	0	0	0	5.919e+04	0	0	0	0	0	0	0	0	0	0	0	0	0	4.766e+04	0	0	0	0	0	0	0	0	0	9.044e+04	1.354e+05	0	0	0	0	0	0	0	0	0	0	0	0	0	0	0	0	0	0	0	0	0	0	0	
21224	909.0505	3.45e+19	0	0	100000	2	0	0	0	0	0	0	0	0	0	0	0	0	0	0	0	0	0	0	0	0	0	0	0	0	0	0	0	0	0	0	0	0	0	1.288e+05	0	0	0	0	0	0	0	0	5.93e+04	0	0	0	0	0	0	0	0	0	0	0	0	0	4.771e+04	0	0	0	0	0	0	0	0	0	9.056e+04	1.356e+05	0	0	0	0	0	0	0	0	0	0	0	0	0	0	0	0	0	0	0	0	0	0	0	
21252	909.0505	3.45e+19	0	0	100000	2	0	0	0	0	0	0	0	0	0	0	0	0	0	0	0	0	0	0	0	0	0	0	0	0	0	0	0	0	0	0	0	0	0	1.29e+05	0	0	0	0	0	0	0	0	5.941e+04	0	0	0	0	0	0	0	0	0	0	0	0	0	4.776e+04	0	0	0	0	0	0	0	0	0	9.068e+04	1.358e+05	0	0	0	0	0	0	0	0	0	0	0	0	0	0	0	0	0	0	0	0	0	0	0	
21280	909.0505	3.45e+19	0	0	100000	2	0	0	0	0	0	0	0	0	0	0	0	0	0	0	0	0	0	0	0	0	0	0	0	0	0	0	0	0	0	0	0	0	0	1.292e+05	0	0	0	0	0	0	0	0	5.952e+04	0	0	0	0	0	0	0	0	0	0	0	0	0	4.782e+04	0	0	0	0	0	0	0	0	0	9.08e+04	1.36e+05	0	0	0	0	0	0	0	0	0	0	0	0	0	0	0	0	0	0	0	0	0	0	0	
21308	909.0505	3.45e+19	0	0	100000	2	0	0	0	0	0	0	0	0	0	0	0	0	0	0	0	0	0	0	0	0	0	0	0	0	0	0	0	0	0	0	0	0	0	1.293e+05	0	0	0	0	0	0	0	0	5.964e+04	0	0	0	0	0	0	0	0	0	0	0	0	0	4.787e+04	0	0	0	0	0	0	0	0	0	9.092e+04	1.362e+05	0	0	0	0	0	0	0	0	0	0	0	0	0	0	0	0	0	0	0	0	0	0	0	
21336	909.0505	3.45e+19	0	0	100000	2	0	0	0	0	0	0	0	0	0	0	0	0	0	0	0	0	0	0	0	0	0	0	0	0	0	0	0	0	0	0	0	0	0	1.295e+05	0	0	0	0	0	0	0	0	5.975e+04	0	0	0	0	0	0	0	0	0	0	0	0	0	4.792e+04	0	0	0	0	0	0	0	0	0	9.104e+04	1.363e+05	0	0	0	0	0	0	0	0	0	0	0	0	0	0	0	0	0	0	0	0	0	0	0	
21364	909.0505	3.45e+19	0	0	100000	2	0	0	0	0	0	0	0	0	0	0	0	0	0	0	0	0	0	0	0	0	0	0	0	0	0	0	0	0	0	0	0	0	0	1.297e+05	0	0	0	0	0	0	0	0	5.986e+04	0	0	0	0	0	0	0	0	0	0	0	0	0	4.797e+04	0	0	0	0	0	0	0	0	0	9.116e+04	1.365e+05	0	0	0	0	0	0	0	0	0	0	0	0	0	0	0	0	0	0	0	0	0	0	0	
21392	909.0505	3.45e+19	0	0	100000	2	0	0	0	0	0	0	0	0	0	0	0	0	0	0	0	0	0	0	0	0	0	0	0	0	0	0	0	0	0	0	0	0	0	1.298e+05	0	0	0	0	0	0	0	0	5.997e+04	0	0	0	0	0	0	0	0	0	0	0	0	0	4.803e+04	0	0	0	0	0	0	0	0	0	9.127e+04	1.367e+05	0	0	0	0	0	0	0	0	0	0	0	0	0	0	0	0	0	0	0	0	0	0	0	
21420	909.0505	3.45e+19	0	0	100000	2	0	0	0	0	0	0	0	0	0	0	0	0	0	0	0	0	0	0	0	0	0	0	0	0	0	0	0	0	0	0	0	0	0	1.3e+05	0	0	0	0	0	0	0	0	6.008e+04	0	0	0	0	0	0	0	0	0	0	0	0	0	4.808e+04	0	0	0	0	0	0	0	0	0	9.139e+04	1.369e+05	0	0	0	0	0	0	0	0	0	0	0	0	0	0	0	0	0	0	0	0	0	0	0	
21448	909.0505	3.45e+19	0	0	100000	2	0	0	0	0	0	0	0	0	0	0	0	0	0	0	0	0	0	0	0	0	0	0	0	0	0	0	0	0	0	0	0	0	0	1.302e+05	0	0	0	0	0	0	0	0	6.02e+04	0	0	0	0	0	0	0	0	0	0	0	0	0	4.813e+04	0	0	0	0	0	0	0	0	0	9.151e+04	1.371e+05	0	0	0	0	0	0	0	0	0	0	0	0	0	0	0	0	0	0	0	0	0	0	0	
21476	909.0505	3.45e+19	0	0	100000	2	0	0	0	0	0	0	0	0	0	0	0	0	0	0	0	0	0	0	0	0	0	0	0	0	0	0	0	0	0	0	0	0	0	1.303e+05	0	0	0	0	0	0	0	0	6.031e+04	0	0	0	0	0	0	0	0	0	0	0	0	0	4.818e+04	0	0	0	0	0	0	0	0	0	9.163e+04	1.372e+05	0	0	0	0	0	0	0	0	0	0	0	0	0	0	0	0	0	0	0	0	0	0	0	
21504	909.0505	3.45e+19	0	0	100000	2	0	0	0	0	0	0	0	0	0	0	0	0	0	0	0	0	0	0	0	0	0	0	0	0	0	0	0	0	0	0	0	0	0	1.305e+05	0	0	0	0	0	0	0	0	6.042e+04	0	0	0	0	0	0	0	0	0	0	0	0	0	4.824e+04	0	0	0	0	0	0	0	0	0	9.175e+04	1.374e+05	0	0	0	0	0	0	0	0	0	0	0	0	0	0	0	0	0	0	0	0	0	0	0	
21532	909.0505	3.45e+19	0	0	100000	2	0	0	0	0	0	0	0	0	0	0	0	0	0	0	0	0	0	0	0	0	0	0	0	0	0	0	0	0	0	0	0	0	0	1.307e+05	0	0	0	0	0	0	0	0	6.054e+04	0	0	0	0	0	0	0	0	0	0	0	0	0	4.829e+04	0	0	0	0	0	0	0	0	0	9.187e+04	1.376e+05	0	0	0	0	0	0	0	0	0	0	0	0	0	0	0	0	0	0	0	0	0	0	0	
21560	909.0505	3.45e+19	0	0	100000	2	0	0	0	0	0	0	0	0	0	0	0	0	0	0	0	0	0	0	0	0	0	0	0	0	0	0	0	0	0	0	0	0	0	1.309e+05	0	0	0	0	0	0	0	0	6.065e+04	0	0	0	0	0	0	0	0	0	0	0	0	0	4.834e+04	0	0	0	0	0	0	0	0	0	9.199e+04	1.378e+05	0	0	0	0	0	0	0	0	0	0	0	0	0	0	0	0	0	0	0	0	0	0	0	
21588	909.0505	3.45e+19	0	0	100000	2	0	0	0	0	0	0	0	0	0	0	0	0	0	0	0	0	0	0	0	0	0	0	0	0	0	0	0	0	0	0	0	0	0	1.31e+05	0	0	0	0	0	0	0	0	6.076e+04	0	0	0	0	0	0	0	0	0	0	0	0	0	4.839e+04	0	0	0	0	0	0	0	0	0	9.211e+04	1.379e+05	0	0	0	0	0	0	0	0	0	0	0	0	0	0	0	0	0	0	0	0	0	0	0	
21616	909.0505	3.45e+19	0	0	100000	2	0	0	0	0	0	0	0	0	0	0	0	0	0	0	0	0	0	0	0	0	0	0	0	0	0	0	0	0	0	0	0	0	0	1.312e+05	0	0	0	0	0	0	0	0	6.087e+04	0	0	0	0	0	0	0	0	0	0	0	0	0	4.845e+04	0	0	0	0	0	0	0	0	0	9.223e+04	1.381e+05	0	0	0	0	0	0	0	0	0	0	0	0	0	0	0	0	0	0	0	0	0	0	0	
21644	909.0505	3.45e+19	0	0	100000	2	0	0	0	0	0	0	0	0	0	0	0	0	0	0	0	0	0	0	0	0	0	0	0	0	0	0	0	0	0	0	0	0	0	1.314e+05	0	0	0	0	0	0	0	0	6.099e+04	0	0	0	0	0	0	0	0	0	0	0	0	0	4.85e+04	0	0	0	0	0	0	0	0	0	9.235e+04	1.383e+05	0	0	0	0	0	0	0	0	0	0	0	0	0	0	0	0	0	0	0	0	0	0	0	
21672	909.0505	3.45e+19	0	0	100000	2	0	0	0	0	0	0	0	0	0	0	0	0	0	0	0	0	0	0	0	0	0	0	0	0	0	0	0	0	0	0	0	0	0	1.315e+05	0	0	0	0	0	0	0	0	6.11e+04	0	0	0	0	0	0	0	0	0	0	0	0	0	4.855e+04	0	0	0	0	0	0	0	0	0	9.247e+04	1.385e+05	0	0	0	0	0	0	0	0	0	0	0	0	0	0	0	0	0	0	0	0	0	0	0	
21700	909.0505	3.45e+19	0	0	100000	2	0	0	0	0	0	0	0	0	0	0	0	0	0	0	0	0	0	0	0	0	0	0	0	0	0	0	0	0	0	0	0	0	0	1.317e+05	0	0	0	0	0	0	0	0	6.121e+04	0	0	0	0	0	0	0	0	0	0	0	0	0	4.86e+04	0	0	0	0	0	0	0	0	0	9.259e+04	1.387e+05	0	0	0	0	0	0	0	0	0	0	0	0	0	0	0	0	0	0	0	0	0	0	0	
21728	909.0505	3.45e+19	0	0	100000	2	0	0	0	0	0	0	0	0	0	0	0	0	0	0	0	0	0	0	0	0	0	0	0	0	0	0	0	0	0	0	0	0	0	1.319e+05	0	0	0	0	0	0	0	0	6.133e+04	0	0	0	0	0	0	0	0	0	0	0	0	0	4.866e+04	0	0	0	0	0	0	0	0	0	9.271e+04	1.388e+05	0	0	0	0	0	0	0	0	0	0	0	0	0	0	0	0	0	0	0	0	0	0	0	
21756	909.0505	3.45e+19	0	0	100000	2	0	0	0	0	0	0	0	0	0	0	0	0	0	0	0	0	0	0	0	0	0	0	0	0	0	0	0	0	0	0	0	0	0	1.32e+05	0	0	0	0	0	0	0	0	6.144e+04	0	0	0	0	0	0	0	0	0	0	0	0	0	4.871e+04	0	0	0	0	0	0	0	0	0	9.283e+04	1.39e+05	0	0	0	0	0	0	0	0	0	0	0	0	0	0	0	0	0	0	0	0	0	0	0	
21784	909.0505	3.45e+19	0	0	100000	2	0	0	0	0	0	0	0	0	0	0	0	0	0	0	0	0	0	0	0	0	0	0	0	0	0	0	0	0	0	0	0	0	0	1.322e+05	0	0	0	0	0	0	0	0	6.155e+04	0	0	0	0	0	0	0	0	0	0	0	0	0	4.876e+04	0	0	0	0	0	0	0	0	0	9.295e+04	1.392e+05	0	0	0	0	0	0	0	0	0	0	0	0	0	0	0	0	0	0	0	0	0	0	0	
21812	909.0505	3.45e+19	0	0	100000	2	0	0	0	0	0	0	0	0	0	0	0	0	0	0	0	0	0	0	0	0	0	0	0	0	0	0	0	0	0	0	0	0	0	1.324e+05	0	0	0	0	0	0	0	0	6.167e+04	0	0	0	0	0	0	0	0	0	0	0	0	0	4.881e+04	0	0	0	0	0	0	0	0	0	9.307e+04	1.394e+05	0	0	0	0	0	0	0	0	0	0	0	0	0	0	0	0	0	0	0	0	0	0	0	
21840	909.0505	3.45e+19	0	0	100000	2	0	0	0	0	0	0	0	0	0	0	0	0	0	0	0	0	0	0	0	0	0	0	0	0	0	0	0	0	0	0	0	0	0	1.326e+05	0	0	0	0	0	0	0	0	6.178e+04	0	0	0	0	0	0	0	0	0	0	0	0	0	4.887e+04	0	0	0	0	0	0	0	0	0	9.319e+04	1.396e+05	0	0	0	0	0	0	0	0	0	0	0	0	0	0	0	0	0	0	0	0	0	0	0	
21868	909.0505	3.45e+19	0	0	100000	2	0	0	0	0	0	0	0	0	0	0	0	0	0	0	0	0	0	0	0	0	0	0	0	0	0	0	0	0	0	0	0	0	0	1.327e+05	0	0	0	0	0	0	0	0	6.189e+04	0	0	0	0	0	0	0	0	0	0	0	0	0	4.892e+04	0	0	0	0	0	0	0	0	0	9.331e+04	1.397e+05	0	0	0	0	0	0	0	0	0	0	0	0	0	0	0	0	0	0	0	0	0	0	0	
21896	909.0505	3.45e+19	0	0	100000	2	0	0	0	0	0	0	0	0	0	0	0	0	0	0	0	0	0	0	0	0	0	0	0	0	0	0	0	0	0	0	0	0	0	1.329e+05	0	0	0	0	0	0	0	0	6.201e+04	0	0	0	0	0	0	0	0	0	0	0	0	0	4.897e+04	0	0	0	0	0	0	0	0	0	9.342e+04	1.399e+05	0	0	0	0	0	0	0	0	0	0	0	0	0	0	0	0	0	0	0	0	0	0	0	
21924	909.0505	3.45e+19	0	0	100000	2	0	0	0	0	0	0	0	0	0	0	0	0	0	0	0	0	0	0	0	0	0	0	0	0	0	0	0	0	0	0	0	0	0	1.331e+05	0	0	0	0	0	0	0	0	6.212e+04	0	0	0	0	0	0	0	0	0	0	0	0	0	4.902e+04	0	0	0	0	0	0	0	0	0	9.354e+04	1.401e+05	0	0	0	0	0	0	0	0	0	0	0	0	0	0	0	0	0	0	0	0	0	0	0	
21952	909.0505	3.45e+19	0	0	100000	2	0	0	0	0	0	0	0	0	0	0	0	0	0	0	0	0	0	0	0	0	0	0	0	0	0	0	0	0	0	0	0	0	0	1.332e+05	0	0	0	0	0	0	0	0	6.223e+04	0	0	0	0	0	0	0	0	0	0	0	0	0	4.908e+04	0	0	0	0	0	0	0	0	0	9.366e+04	1.403e+05	0	0	0	0	0	0	0	0	0	0	0	0	0	0	0	0	0	0	0	0	0	0	0	
21980	909.0505	3.45e+19	0	0	100000	2	0	0	0	0	0	0	0	0	0	0	0	0	0	0	0	0	0	0	0	0	0	0	0	0	0	0	0	0	0	0	0	0	0	1.334e+05	0	0	0	0	0	0	0	0	6.235e+04	0	0	0	0	0	0	0	0	0	0	0	0	0	4.913e+04	0	0	0	0	0	0	0	0	0	9.378e+04	1.405e+05	0	0	0	0	0	0	0	0	0	0	0	0	0	0	0	0	0	0	0	0	0	0	0	
22008	909.0505	3.45e+19	0	0	100000	2	0	0	0	0	0	0	0	0	0	0	0	0	0	0	0	0	0	0	0	0	0	0	0	0	0	0	0	0	0	0	0	0	0	1.336e+05	0	0	0	0	0	0	0	0	6.246e+04	0	0	0	0	0	0	0	0	0	0	0	0	0	4.918e+04	0	0	0	0	0	0	0	0	0	9.39e+04	1.406e+05	0	0	0	0	0	0	0	0	0	0	0	0	0	0	0	0	0	0	0	0	0	0	0	
22036	909.0505	3.45e+19	0	0	100000	2	0	0	0	0	0	0	0	0	0	0	0	0	0	0	0	0	0	0	0	0	0	0	0	0	0	0	0	0	0	0	0	0	0	1.337e+05	0	0	0	0	0	0	0	0	6.258e+04	0	0	0	0	0	0	0	0	0	0	0	0	0	4.923e+04	0	0	0	0	0	0	0	0	0	9.402e+04	1.408e+05	0	0	0	0	0	0	0	0	0	0	0	0	0	0	0	0	0	0	0	0	0	0	0	
22064	909.0505	3.45e+19	0	0	100000	2	0	0	0	0	0	0	0	0	0	0	0	0	0	0	0	0	0	0	0	0	0	0	0	0	0	0	0	0	0	0	0	0	0	1.339e+05	0	0	0	0	0	0	0	0	6.269e+04	0	0	0	0	0	0	0	0	0	0	0	0	0	4.928e+04	0	0	0	0	0	0	0	0	0	9.414e+04	1.41e+05	0	0	0	0	0	0	0	0	0	0	0	0	0	0	0	0	0	0	0	0	0	0	0	
22092	909.0505	3.45e+19	0	0	100000	2	0	0	0	0	0	0	0	0	0	0	0	0	0	0	0	0	0	0	0	0	0	0	0	0	0	0	0	0	0	0	0	0	0	1.341e+05	0	0	0	0	0	0	0	0	6.28e+04	0	0	0	0	0	0	0	0	0	0	0	0	0	4.934e+04	0	0	0	0	0	0	0	0	0	9.426e+04	1.412e+05	0	0	0	0	0	0	0	0	0	0	0	0	0	0	0	0	0	0	0	0	0	0	0	
22120	909.0505	3.45e+19	0	0	100000	2	0	0	0	0	0	0	0	0	0	0	0	0	0	0	0	0	0	0	0	0	0	0	0	0	0	0	0	0	0	0	0	0	0	1.343e+05	0	0	0	0	0	0	0	0	6.292e+04	0	0	0	0	0	0	0	0	0	0	0	0	0	4.939e+04	0	0	0	0	0	0	0	0	0	9.438e+04	1.413e+05	0	0	0	0	0	0	0	0	0	0	0	0	0	0	0	0	0	0	0	0	0	0	0	
22148	909.0505	3.45e+19	0	0	100000	2	0	0	0	0	0	0	0	0	0	0	0	0	0	0	0	0	0	0	0	0	0	0	0	0	0	0	0	0	0	0	0	0	0	1.344e+05	0	0	0	0	0	0	0	0	6.303e+04	0	0	0	0	0	0	0	0	0	0	0	0	0	4.944e+04	0	0	0	0	0	0	0	0	0	9.45e+04	1.415e+05	0	0	0	0	0	0	0	0	0	0	0	0	0	0	0	0	0	0	0	0	0	0	0	
22176	909.0505	3.45e+19	0	0	100000	2	0	0	0	0	0	0	0	0	0	0	0	0	0	0	0	0	0	0	0	0	0	0	0	0	0	0	0	0	0	0	0	0	0	1.346e+05	0	0	0	0	0	0	0	0	6.315e+04	0	0	0	0	0	0	0	0	0	0	0	0	0	4.949e+04	0	0	0	0	0	0	0	0	0	9.462e+04	1.417e+05	0	0	0	0	0	0	0	0	0	0	0	0	0	0	0	0	0	0	0	0	0	0	0	
22204	909.0505	3.45e+19	0	0	100000	2	0	0	0	0	0	0	0	0	0	0	0	0	0	0	0	0	0	0	0	0	0	0	0	0	0	0	0	0	0	0	0	0	0	1.348e+05	0	0	0	0	0	0	0	0	6.326e+04	0	0	0	0	0	0	0	0	0	0	0	0	0	4.955e+04	0	0	0	0	0	0	0	0	0	9.474e+04	1.419e+05	0	0	0	0	0	0	0	0	0	0	0	0	0	0	0	0	0	0	0	0	0	0	0	
22232	909.0505	3.45e+19	0	0	100000	2	0	0	0	0	0	0	0	0	0	0	0	0	0	0	0	0	0	0	0	0	0	0	0	0	0	0	0	0	0	0	0	0	0	1.349e+05	0	0	0	0	0	0	0	0	6.337e+04	0	0	0	0	0	0	0	0	0	0	0	0	0	4.96e+04	0	0	0	0	0	0	0	0	0	9.486e+04	1.421e+05	0	0	0	0	0	0	0	0	0	0	0	0	0	0	0	0	0	0	0	0	0	0	0	
22260	909.0505	3.45e+19	0	0	100000	2	0	0	0	0	0	0	0	0	0	0	0	0	0	0	0	0	0	0	0	0	0	0	0	0	0	0	0	0	0	0	0	0	0	1.351e+05	0	0	0	0	0	0	0	0	6.349e+04	0	0	0	0	0	0	0	0	0	0	0	0	0	4.965e+04	0	0	0	0	0	0	0	0	0	9.498e+04	1.422e+05	0	0	0	0	0	0	0	0	0	0	0	0	0	0	0	0	0	0	0	0	0	0	0	
22288	909.0505	3.45e+19	0	0	100000	2	0	0	0	0	0	0	0	0	0	0	0	0	0	0	0	0	0	0	0	0	0	0	0	0	0	0	0	0	0	0	0	0	0	1.353e+05	0	0	0	0	0	0	0	0	6.36e+04	0	0	0	0	0	0	0	0	0	0	0	0	0	4.97e+04	0	0	0	0	0	0	0	0	0	9.51e+04	1.424e+05	0	0	0	0	0	0	0	0	0	0	0	0	0	0	0	0	0	0	0	0	0	0	0	
22316	909.0505	3.45e+19	0	0	100000	2	0	0	0	0	0	0	0	0	0	0	0	0	0	0	0	0	0	0	0	0	0	0	0	0	0	0	0	0	0	0	0	0	0	1.354e+05	0	0	0	0	0	0	0	0	6.372e+04	0	0	0	0	0	0	0	0	0	0	0	0	0	4.975e+04	0	0	0	0	0	0	0	0	0	9.522e+04	1.426e+05	0	0	0	0	0	0	0	0	0	0	0	0	0	0	0	0	0	0	0	0	0	0	0	
22344	909.0505	3.45e+19	0	0	100000	2	0	0	0	0	0	0	0	0	0	0	0	0	0	0	0	0	0	0	0	0	0	0	0	0	0	0	0	0	0	0	0	0	0	1.356e+05	0	0	0	0	0	0	0	0	6.383e+04	0	0	0	0	0	0	0	0	0	0	0	0	0	4.981e+04	0	0	0	0	0	0	0	0	0	9.534e+04	1.428e+05	0	0	0	0	0	0	0	0	0	0	0	0	0	0	0	0	0	0	0	0	0	0	0	
22372	909.0505	3.45e+19	0	0	100000	2	0	0	0	0	0	0	0	0	0	0	0	0	0	0	0	0	0	0	0	0	0	0	0	0	0	0	0	0	0	0	0	0	0	1.358e+05	0	0	0	0	0	0	0	0	6.395e+04	0	0	0	0	0	0	0	0	0	0	0	0	0	4.986e+04	0	0	0	0	0	0	0	0	0	9.546e+04	1.43e+05	0	0	0	0	0	0	0	0	0	0	0	0	0	0	0	0	0	0	0	0	0	0	0	
22400	909.0505	3.45e+19	0	0	100000	2	0	0	0	0	0	0	0	0	0	0	0	0	0	0	0	0	0	0	0	0	0	0	0	0	0	0	0	0	0	0	0	0	0	1.36e+05	0	0	0	0	0	0	0	0	6.406e+04	0	0	0	0	0	0	0	0	0	0	0	0	0	4.991e+04	0	0	0	0	0	0	0	0	0	9.558e+04	1.431e+05	0	0	0	0	0	0	0	0	0	0	0	0	0	0	0	0	0	0	0	0	0	0	0	
22428	909.0505	3.45e+19	0	0	100000	2	0	0	0	0	0	0	0	0	0	0	0	0	0	0	0	0	0	0	0	0	0	0	0	0	0	0	0	0	0	0	0	0	0	1.361e+05	0	0	0	0	0	0	0	0	6.418e+04	0	0	0	0	0	0	0	0	0	0	0	0	0	4.996e+04	0	0	0	0	0	0	0	0	0	9.569e+04	1.433e+05	0	0	0	0	0	0	0	0	0	0	0	0	0	0	0	0	0	0	0	0	0	0	0	
22456	909.0505	3.45e+19	0	0	100000	2	0	0	0	0	0	0	0	0	0	0	0	0	0	0	0	0	0	0	0	0	0	0	0	0	0	0	0	0	0	0	0	0	0	1.363e+05	0	0	0	0	0	0	0	0	6.429e+04	0	0	0	0	0	0	0	0	0	0	0	0	0	5.001e+04	0	0	0	0	0	0	0	0	0	9.581e+04	1.435e+05	0	0	0	0	0	0	0	0	0	0	0	0	0	0	0	0	0	0	0	0	0	0	0	
22484	909.0505	3.45e+19	0	0	100000	2	0	0	0	0	0	0	0	0	0	0	0	0	0	0	0	0	0	0	0	0	0	0	0	0	0	0	0	0	0	0	0	0	0	1.365e+05	0	0	0	0	0	0	0	0	6.44e+04	0	0	0	0	0	0	0	0	0	0	0	0	0	5.007e+04	0	0	0	0	0	0	0	0	0	9.593e+04	1.437e+05	0	0	0	0	0	0	0	0	0	0	0	0	0	0	0	0	0	0	0	0	0	0	0	
22512	909.0505	3.45e+19	0	0	100000	2	0	0	0	0	0	0	0	0	0	0	0	0	0	0	0	0	0	0	0	0	0	0	0	0	0	0	0	0	0	0	0	0	0	1.366e+05	0	0	0	0	0	0	0	0	6.452e+04	0	0	0	0	0	0	0	0	0	0	0	0	0	5.012e+04	0	0	0	0	0	0	0	0	0	9.605e+04	1.439e+05	0	0	0	0	0	0	0	0	0	0	0	0	0	0	0	0	0	0	0	0	0	0	0	
22540	909.0505	3.45e+19	0	0	100000	2	0	0	0	0	0	0	0	0	0	0	0	0	0	0	0	0	0	0	0	0	0	0	0	0	0	0	0	0	0	0	0	0	0	1.368e+05	0	0	0	0	0	0	0	0	6.463e+04	0	0	0	0	0	0	0	0	0	0	0	0	0	5.017e+04	0	0	0	0	0	0	0	0	0	9.617e+04	1.44e+05	0	0	0	0	0	0	0	0	0	0	0	0	0	0	0	0	0	0	0	0	0	0	0	
22568	909.0505	3.45e+19	0	0	100000	2	0	0	0	0	0	0	0	0	0	0	0	0	0	0	0	0	0	0	0	0	0	0	0	0	0	0	0	0	0	0	0	0	0	1.37e+05	0	0	0	0	0	0	0	0	6.475e+04	0	0	0	0	0	0	0	0	0	0	0	0	0	5.022e+04	0	0	0	0	0	0	0	0	0	9.629e+04	1.442e+05	0	0	0	0	0	0	0	0	0	0	0	0	0	0	0	0	0	0	0	0	0	0	0	
22596	909.0505	3.45e+19	0	0	100000	2	0	0	0	0	0	0	0	0	0	0	0	0	0	0	0	0	0	0	0	0	0	0	0	0	0	0	0	0	0	0	0	0	0	1.371e+05	0	0	0	0	0	0	0	0	6.486e+04	0	0	0	0	0	0	0	0	0	0	0	0	0	5.027e+04	0	0	0	0	0	0	0	0	0	9.641e+04	1.444e+05	0	0	0	0	0	0	0	0	0	0	0	0	0	0	0	0	0	0	0	0	0	0	0	
22624	909.0505	3.45e+19	0	0	100000	2	0	0	0	0	0	0	0	0	0	0	0	0	0	0	0	0	0	0	0	0	0	0	0	0	0	0	0	0	0	0	0	0	0	1.373e+05	0	0	0	0	0	0	0	0	6.498e+04	0	0	0	0	0	0	0	0	0	0	0	0	0	5.033e+04	0	0	0	0	0	0	0	0	0	9.653e+04	1.446e+05	0	0	0	0	0	0	0	0	0	0	0	0	0	0	0	0	0	0	0	0	0	0	0	
22652	909.0505	3.45e+19	0	0	100000	2	0	0	0	0	0	0	0	0	0	0	0	0	0	0	0	0	0	0	0	0	0	0	0	0	0	0	0	0	0	0	0	0	0	1.375e+05	0	0	0	0	0	0	0	0	6.509e+04	0	0	0	0	0	0	0	0	0	0	0	0	0	5.038e+04	0	0	0	0	0	0	0	0	0	9.665e+04	1.447e+05	0	0	0	0	0	0	0	0	0	0	0	0	0	0	0	0	0	0	0	0	0	0	0	
22680	909.0505	3.45e+19	0	0	100000	2	0	0	0	0	0	0	0	0	0	0	0	0	0	0	0	0	0	0	0	0	0	0	0	0	0	0	0	0	0	0	0	0	0	1.377e+05	0	0	0	0	0	0	0	0	6.521e+04	0	0	0	0	0	0	0	0	0	0	0	0	0	5.043e+04	0	0	0	0	0	0	0	0	0	9.677e+04	1.449e+05	0	0	0	0	0	0	0	0	0	0	0	0	0	0	0	0	0	0	0	0	0	0	0	
22708	909.0505	3.45e+19	0	0	100000	2	0	0	0	0	0	0	0	0	0	0	0	0	0	0	0	0	0	0	0	0	0	0	0	0	0	0	0	0	0	0	0	0	0	1.378e+05	0	0	0	0	0	0	0	0	6.532e+04	0	0	0	0	0	0	0	0	0	0	0	0	0	5.048e+04	0	0	0	0	0	0	0	0	0	9.689e+04	1.451e+05	0	0	0	0	0	0	0	0	0	0	0	0	0	0	0	0	0	0	0	0	0	0	0	
22736	909.0505	3.45e+19	0	0	100000	2	0	0	0	0	0	0	0	0	0	0	0	0	0	0	0	0	0	0	0	0	0	0	0	0	0	0	0	0	0	0	0	0	0	1.38e+05	0	0	0	0	0	0	0	0	6.544e+04	0	0	0	0	0	0	0	0	0	0	0	0	0	5.053e+04	0	0	0	0	0	0	0	0	0	9.701e+04	1.453e+05	0	0	0	0	0	0	0	0	0	0	0	0	0	0	0	0	0	0	0	0	0	0	0	
22764	909.0505	3.45e+19	0	0	100000	2	0	0	0	0	0	0	0	0	0	0	0	0	0	0	0	0	0	0	0	0	0	0	0	0	0	0	0	0	0	0	0	0	0	1.382e+05	0	0	0	0	0	0	0	0	6.556e+04	0	0	0	0	0	0	0	0	0	0	0	0	0	5.058e+04	0	0	0	0	0	0	0	0	0	9.713e+04	1.455e+05	0	0	0	0	0	0	0	0	0	0	0	0	0	0	0	0	0	0	0	0	0	0	0	
22792	909.0505	3.45e+19	0	0	100000	2	0	0	0	0	0	0	0	0	0	0	0	0	0	0	0	0	0	0	0	0	0	0	0	0	0	0	0	0	0	0	0	0	0	1.383e+05	0	0	0	0	0	0	0	0	6.567e+04	0	0	0	0	0	0	0	0	0	0	0	0	0	5.064e+04	0	0	0	0	0	0	0	0	0	9.725e+04	1.456e+05	0	0	0	0	0	0	0	0	0	0	0	0	0	0	0	0	0	0	0	0	0	0	0	
22820	909.0505	3.45e+19	0	0	100000	2	0	0	0	0	0	0	0	0	0	0	0	0	0	0	0	0	0	0	0	0	0	0	0	0	0	0	0	0	0	0	0	0	0	1.385e+05	0	0	0	0	0	0	0	0	6.579e+04	0	0	0	0	0	0	0	0	0	0	0	0	0	5.069e+04	0	0	0	0	0	0	0	0	0	9.737e+04	1.458e+05	0	0	0	0	0	0	0	0	0	0	0	0	0	0	0	0	0	0	0	0	0	0	0	
22848	909.0505	3.45e+19	0	0	100000	2	0	0	0	0	0	0	0	0	0	0	0	0	0	0	0	0	0	0	0	0	0	0	0	0	0	0	0	0	0	0	0	0	0	1.387e+05	0	0	0	0	0	0	0	0	6.59e+04	0	0	0	0	0	0	0	0	0	0	0	0	0	5.074e+04	0	0	0	0	0	0	0	0	0	9.749e+04	1.46e+05	0	0	0	0	0	0	0	0	0	0	0	0	0	0	0	0	0	0	0	0	0	0	0	
22876	909.0505	3.45e+19	0	0	100000	2	0	0	0	0	0	0	0	0	0	0	0	0	0	0	0	0	0	0	0	0	0	0	0	0	0	0	0	0	0	0	0	0	0	1.388e+05	0	0	0	0	0	0	0	0	6.602e+04	0	0	0	0	0	0	0	0	0	0	0	0	0	5.079e+04	0	0	0	0	0	0	0	0	0	9.761e+04	1.462e+05	0	0	0	0	0	0	0	0	0	0	0	0	0	0	0	0	0	0	0	0	0	0	0	
22904	909.0505	3.45e+19	0	0	100000	2	0	0	0	0	0	0	0	0	0	0	0	0	0	0	0	0	0	0	0	0	0	0	0	0	0	0	0	0	0	0	0	0	0	1.39e+05	0	0	0	0	0	0	0	0	6.613e+04	0	0	0	0	0	0	0	0	0	0	0	0	0	5.084e+04	0	0	0	0	0	0	0	0	0	9.773e+04	1.464e+05	0	0	0	0	0	0	0	0	0	0	0	0	0	0	0	0	0	0	0	0	0	0	0	
22932	909.0505	3.45e+19	0	0	100000	2	0	0	0	0	0	0	0	0	0	0	0	0	0	0	0	0	0	0	0	0	0	0	0	0	0	0	0	0	0	0	0	0	0	1.392e+05	0	0	0	0	0	0	0	0	6.625e+04	0	0	0	0	0	0	0	0	0	0	0	0	0	5.09e+04	0	0	0	0	0	0	0	0	0	9.785e+04	1.465e+05	0	0	0	0	0	0	0	0	0	0	0	0	0	0	0	0	0	0	0	0	0	0	0	
22960	909.0505	3.45e+19	0	0	100000	2	0	0	0	0	0	0	0	0	0	0	0	0	0	0	0	0	0	0	0	0	0	0	0	0	0	0	0	0	0	0	0	0	0	1.394e+05	0	0	0	0	0	0	0	0	6.636e+04	0	0	0	0	0	0	0	0	0	0	0	0	0	5.095e+04	0	0	0	0	0	0	0	0	0	9.796e+04	1.467e+05	0	0	0	0	0	0	0	0	0	0	0	0	0	0	0	0	0	0	0	0	0	0	0	
22988	909.0505	3.45e+19	0	0	100000	2	0	0	0	0	0	0	0	0	0	0	0	0	0	0	0	0	0	0	0	0	0	0	0	0	0	0	0	0	0	0	0	0	0	1.395e+05	0	0	0	0	0	0	0	0	6.648e+04	0	0	0	0	0	0	0	0	0	0	0	0	0	5.1e+04	0	0	0	0	0	0	0	0	0	9.808e+04	1.469e+05	0	0	0	0	0	0	0	0	0	0	0	0	0	0	0	0	0	0	0	0	0	0	0	
23016	909.0505	3.45e+19	0	0	100000	2	0	0	0	0	0	0	0	0	0	0	0	0	0	0	0	0	0	0	0	0	0	0	0	0	0	0	0	0	0	0	0	0	0	1.397e+05	0	0	0	0	0	0	0	0	6.66e+04	0	0	0	0	0	0	0	0	0	0	0	0	0	5.105e+04	0	0	0	0	0	0	0	0	0	9.82e+04	1.471e+05	0	0	0	0	0	0	0	0	0	0	0	0	0	0	0	0	0	0	0	0	0	0	0	
23044	909.0505	3.45e+19	0	0	100000	2	0	0	0	0	0	0	0	0	0	0	0	0	0	0	0	0	0	0	0	0	0	0	0	0	0	0	0	0	0	0	0	0	0	1.399e+05	0	0	0	0	0	0	0	0	6.671e+04	0	0	0	0	0	0	0	0	0	0	0	0	0	5.11e+04	0	0	0	0	0	0	0	0	0	9.832e+04	1.473e+05	0	0	0	0	0	0	0	0	0	0	0	0	0	0	0	0	0	0	0	0	0	0	0	
23072	909.0505	3.45e+19	0	0	100000	2	0	0	0	0	0	0	0	0	0	0	0	0	0	0	0	0	0	0	0	0	0	0	0	0	0	0	0	0	0	0	0	0	0	1.4e+05	0	0	0	0	0	0	0	0	6.683e+04	0	0	0	0	0	0	0	0	0	0	0	0	0	5.115e+04	0	0	0	0	0	0	0	0	0	9.844e+04	1.474e+05	0	0	0	0	0	0	0	0	0	0	0	0	0	0	0	0	0	0	0	0	0	0	0	
23100	909.0505	3.45e+19	0	0	100000	2	0	0	0	0	0	0	0	0	0	0	0	0	0	0	0	0	0	0	0	0	0	0	0	0	0	0	0	0	0	0	0	0	0	1.402e+05	0	0	0	0	0	0	0	0	6.694e+04	0	0	0	0	0	0	0	0	0	0	0	0	0	5.121e+04	0	0	0	0	0	0	0	0	0	9.856e+04	1.476e+05	0	0	0	0	0	0	0	0	0	0	0	0	0	0	0	0	0	0	0	0	0	0	0	
23128	909.0505	3.45e+19	0	0	100000	2	0	0	0	0	0	0	0	0	0	0	0	0	0	0	0	0	0	0	0	0	0	0	0	0	0	0	0	0	0	0	0	0	0	1.404e+05	0	0	0	0	0	0	0	0	6.706e+04	0	0	0	0	0	0	0	0	0	0	0	0	0	5.126e+04	0	0	0	0	0	0	0	0	0	9.868e+04	1.478e+05	0	0	0	0	0	0	0	0	0	0	0	0	0	0	0	0	0	0	0	0	0	0	0	
23156	909.0505	3.45e+19	0	0	100000	2	0	0	0	0	0	0	0	0	0	0	0	0	0	0	0	0	0	0	0	0	0	0	0	0	0	0	0	0	0	0	0	0	0	1.405e+05	0	0	0	0	0	0	0	0	6.718e+04	0	0	0	0	0	0	0	0	0	0	0	0	0	5.131e+04	0	0	0	0	0	0	0	0	0	9.88e+04	1.48e+05	0	0	0	0	0	0	0	0	0	0	0	0	0	0	0	0	0	0	0	0	0	0	0	
23184	909.0505	3.45e+19	0	0	100000	2	0	0	0	0	0	0	0	0	0	0	0	0	0	0	0	0	0	0	0	0	0	0	0	0	0	0	0	0	0	0	0	0	0	1.407e+05	0	0	0	0	0	0	0	0	6.729e+04	0	0	0	0	0	0	0	0	0	0	0	0	0	5.136e+04	0	0	0	0	0	0	0	0	0	9.892e+04	1.481e+05	0	0	0	0	0	0	0	0	0	0	0	0	0	0	0	0	0	0	0	0	0	0	0	
23212	909.0505	3.45e+19	0	0	100000	2	0	0	0	0	0	0	0	0	0	0	0	0	0	0	0	0	0	0	0	0	0	0	0	0	0	0	0	0	0	0	0	0	0	1.409e+05	0	0	0	0	0	0	0	0	6.741e+04	0	0	0	0	0	0	0	0	0	0	0	0	0	5.141e+04	0	0	0	0	0	0	0	0	0	9.904e+04	1.483e+05	0	0	0	0	0	0	0	0	0	0	0	0	0	0	0	0	0	0	0	0	0	0	0	
23240	909.0505	3.45e+19	0	0	100000	2	0	0	0	0	0	0	0	0	0	0	0	0	0	0	0	0	0	0	0	0	0	0	0	0	0	0	0	0	0	0	0	0	0	1.411e+05	0	0	0	0	0	0	0	0	6.752e+04	0	0	0	0	0	0	0	0	0	0	0	0	0	5.146e+04	0	0	0	0	0	0	0	0	0	9.916e+04	1.485e+05	0	0	0	0	0	0	0	0	0	0	0	0	0	0	0	0	0	0	0	0	0	0	0	
23268	909.0505	3.45e+19	0	0	100000	2	0	0	0	0	0	0	0	0	0	0	0	0	0	0	0	0	0	0	0	0	0	0	0	0	0	0	0	0	0	0	0	0	0	1.412e+05	0	0	0	0	0	0	0	0	6.764e+04	0	0	0	0	0	0	0	0	0	0	0	0	0	5.151e+04	0	0	0	0	0	0	0	0	0	9.928e+04	1.487e+05	0	0	0	0	0	0	0	0	0	0	0	0	0	0	0	0	0	0	0	0	0	0	0	
23296	909.0505	3.45e+19	0	0	100000	2	0	0	0	0	0	0	0	0	0	0	0	0	0	0	0	0	0	0	0	0	0	0	0	0	0	0	0	0	0	0	0	0	0	1.414e+05	0	0	0	0	0	0	0	0	6.776e+04	0	0	0	0	0	0	0	0	0	0	0	0	0	5.157e+04	0	0	0	0	0	0	0	0	0	9.94e+04	1.489e+05	0	0	0	0	0	0	0	0	0	0	0	0	0	0	0	0	0	0	0	0	0	0	0	
23324	909.0505	3.45e+19	0	0	100000	2	0	0	0	0	0	0	0	0	0	0	0	0	0	0	0	0	0	0	0	0	0	0	0	0	0	0	0	0	0	0	0	0	0	1.416e+05	0	0	0	0	0	0	0	0	6.787e+04	0	0	0	0	0	0	0	0	0	0	0	0	0	5.162e+04	0	0	0	0	0	0	0	0	0	9.952e+04	1.49e+05	0	0	0	0	0	0	0	0	0	0	0	0	0	0	0	0	0	0	0	0	0	0	0	
23352	909.0505	3.45e+19	0	0	100000	2	0	0	0	0	0	0	0	0	0	0	0	0	0	0	0	0	0	0	0	0	0	0	0	0	0	0	0	0	0	0	0	0	0	1.417e+05	0	0	0	0	0	0	0	0	6.799e+04	0	0	0	0	0	0	0	0	0	0	0	0	0	5.167e+04	0	0	0	0	0	0	0	0	0	9.964e+04	1.492e+05	0	0	0	0	0	0	0	0	0	0	0	0	0	0	0	0	0	0	0	0	0	0	0	
23380	909.0505	3.45e+19	0	0	100000	2	0	0	0	0	0	0	0	0	0	0	0	0	0	0	0	0	0	0	0	0	0	0	0	0	0	0	0	0	0	0	0	0	0	1.419e+05	0	0	0	0	0	0	0	0	6.811e+04	0	0	0	0	0	0	0	0	0	0	0	0	0	5.172e+04	0	0	0	0	0	0	0	0	0	9.976e+04	1.494e+05	0	0	0	0	0	0	0	0	0	0	0	0	0	0	0	0	0	0	0	0	0	0	0	
23408	909.0505	3.45e+19	0	0	100000	2	0	0	0	0	0	0	0	0	0	0	0	0	0	0	0	0	0	0	0	0	0	0	0	0	0	0	0	0	0	0	0	0	0	1.421e+05	0	0	0	0	0	0	0	0	6.822e+04	0	0	0	0	0	0	0	0	0	0	0	0	0	5.177e+04	0	0	0	0	0	0	0	0	0	9.988e+04	1.496e+05	0	0	0	0	0	0	0	0	0	0	0	0	0	0	0	0	0	0	0	0	0	0	0	
23436	909.0505	3.45e+19	0	0	100000	2	0	0	0	0	0	0	0	0	0	0	0	0	0	0	0	0	0	0	0	0	0	0	0	0	0	0	0	0	0	0	0	0	0	1.422e+05	0	0	0	0	0	0	0	0	6.834e+04	0	0	0	0	0	0	0	0	0	0	0	0	0	5.182e+04	0	0	0	0	0	0	0	0	0	1e+05	1.498e+05	0	0	0	0	0	0	0	0	0	0	0	0	0	0	0	0	0	0	0	0	0	0	0	
23464	909.0505	3.45e+19	0	0	100000	2	0	0	0	0	0	0	0	0	0	0	0	0	0	0	0	0	0	0	0	0	0	0	0	0	0	0	0	0	0	0	0	0	0	1.424e+05	0	0	0	0	0	0	0	0	6.846e+04	0	0	0	0	0	0	0	0	0	0	0	0	0	5.187e+04	0	0	0	0	0	0	0	0	0	1.001e+05	1.499e+05	0	0	0	0	0	0	0	0	0	0	0	0	0	0	0	0	0	0	0	0	0	0	0	
23492	909.0505	3.45e+19	0	0	100000	2	0	0	0	0	0	0	0	0	0	0	0	0	0	0	0	0	0	0	0	0	0	0	0	0	0	0	0	0	0	0	0	0	0	1.426e+05	0	0	0	0	0	0	0	0	6.857e+04	0	0	0	0	0	0	0	0	0	0	0	0	0	5.193e+04	0	0	0	0	0	0	0	0	0	1.002e+05	1.501e+05	0	0	0	0	0	0	0	0	0	0	0	0	0	0	0	0	0	0	0	0	0	0	0	
23520	909.0505	3.45e+19	0	0	100000	2	0	0	0	0	0	0	0	0	0	0	0	0	0	0	0	0	0	0	0	0	0	0	0	0	0	0	0	0	0	0	0	0	0	1.428e+05	0	0	0	0	0	0	0	0	6.869e+04	0	0	0	0	0	0	0	0	0	0	0	0	0	5.198e+04	0	0	0	0	0	0	0	0	0	1.004e+05	1.503e+05	0	0	0	0	0	0	0	0	0	0	0	0	0	0	0	0	0	0	0	0	0	0	0	
23548	909.0505	3.45e+19	0	0	100000	2	0	0	0	0	0	0	0	0	0	0	0	0	0	0	0	0	0	0	0	0	0	0	0	0	0	0	0	0	0	0	0	0	0	1.429e+05	0	0	0	0	0	0	0	0	6.881e+04	0	0	0	0	0	0	0	0	0	0	0	0	0	5.203e+04	0	0	0	0	0	0	0	0	0	1.005e+05	1.505e+05	0	0	0	0	0	0	0	0	0	0	0	0	0	0	0	0	0	0	0	0	0	0	0	
23576	909.0505	3.45e+19	0	0	100000	2	0	0	0	0	0	0	0	0	0	0	0	0	0	0	0	0	0	0	0	0	0	0	0	0	0	0	0	0	0	0	0	0	0	1.431e+05	0	0	0	0	0	0	0	0	6.892e+04	0	0	0	0	0	0	0	0	0	0	0	0	0	5.208e+04	0	0	0	0	0	0	0	0	0	1.006e+05	1.507e+05	0	0	0	0	0	0	0	0	0	0	0	0	0	0	0	0	0	0	0	0	0	0	0	
23604	909.0505	3.45e+19	0	0	100000	2	0	0	0	0	0	0	0	0	0	0	0	0	0	0	0	0	0	0	0	0	0	0	0	0	0	0	0	0	0	0	0	0	0	1.433e+05	0	0	0	0	0	0	0	0	6.904e+04	0	0	0	0	0	0	0	0	0	0	0	0	0	5.213e+04	0	0	0	0	0	0	0	0	0	1.007e+05	1.508e+05	0	0	0	0	0	0	0	0	0	0	0	0	0	0	0	0	0	0	0	0	0	0	0	
23632	909.0505	3.45e+19	0	0	100000	2	0	0	0	0	0	0	0	0	0	0	0	0	0	0	0	0	0	0	0	0	0	0	0	0	0	0	0	0	0	0	0	0	0	1.434e+05	0	0	0	0	0	0	0	0	6.916e+04	0	0	0	0	0	0	0	0	0	0	0	0	0	5.218e+04	0	0	0	0	0	0	0	0	0	1.008e+05	1.51e+05	0	0	0	0	0	0	0	0	0	0	0	0	0	0	0	0	0	0	0	0	0	0	0	
23660	909.0505	3.45e+19	0	0	100000	2	0	0	0	0	0	0	0	0	0	0	0	0	0	0	0	0	0	0	0	0	0	0	0	0	0	0	0	0	0	0	0	0	0	1.436e+05	0	0	0	0	0	0	0	0	6.927e+04	0	0	0	0	0	0	0	0	0	0	0	0	0	5.223e+04	0	0	0	0	0	0	0	0	0	1.01e+05	1.512e+05	0	0	0	0	0	0	0	0	0	0	0	0	0	0	0	0	0	0	0	0	0	0	0	
23688	909.0505	3.45e+19	0	0	100000	2	0	0	0	0	0	0	0	0	0	0	0	0	0	0	0	0	0	0	0	0	0	0	0	0	0	0	0	0	0	0	0	0	0	1.438e+05	0	0	0	0	0	0	0	0	6.939e+04	0	0	0	0	0	0	0	0	0	0	0	0	0	5.228e+04	0	0	0	0	0	0	0	0	0	1.011e+05	1.514e+05	0	0	0	0	0	0	0	0	0	0	0	0	0	0	0	0	0	0	0	0	0	0	0	
23716	909.0505	3.45e+19	0	0	100000	2	0	0	0	0	0	0	0	0	0	0	0	0	0	0	0	0	0	0	0	0	0	0	0	0	0	0	0	0	0	0	0	0	0	1.439e+05	0	0	0	0	0	0	0	0	6.951e+04	0	0	0	0	0	0	0	0	0	0	0	0	0	5.234e+04	0	0	0	0	0	0	0	0	0	1.012e+05	1.515e+05	0	0	0	0	0	0	0	0	0	0	0	0	0	0	0	0	0	0	0	0	0	0	0	
23744	909.0505	3.45e+19	0	0	100000	2	0	0	0	0	0	0	0	0	0	0	0	0	0	0	0	0	0	0	0	0	0	0	0	0	0	0	0	0	0	0	0	0	0	1.441e+05	0	0	0	0	0	0	0	0	6.963e+04	0	0	0	0	0	0	0	0	0	0	0	0	0	5.239e+04	0	0	0	0	0	0	0	0	0	1.013e+05	1.517e+05	0	0	0	0	0	0	0	0	0	0	0	0	0	0	0	0	0	0	0	0	0	0	0	
23772	909.0505	3.45e+19	0	0	100000	2	0	0	0	0	0	0	0	0	0	0	0	0	0	0	0	0	0	0	0	0	0	0	0	0	0	0	0	0	0	0	0	0	0	1.443e+05	0	0	0	0	0	0	0	0	6.974e+04	0	0	0	0	0	0	0	0	0	0	0	0	0	5.244e+04	0	0	0	0	0	0	0	0	0	1.014e+05	1.519e+05	0	0	0	0	0	0	0	0	0	0	0	0	0	0	0	0	0	0	0	0	0	0	0	
23800	909.0505	3.45e+19	0	0	100000	2	0	0	0	0	0	0	0	0	0	0	0	0	0	0	0	0	0	0	0	0	0	0	0	0	0	0	0	0	0	0	0	0	0	1.445e+05	0	0	0	0	0	0	0	0	6.986e+04	0	0	0	0	0	0	0	0	0	0	0	0	0	5.249e+04	0	0	0	0	0	0	0	0	0	1.015e+05	1.521e+05	0	0	0	0	0	0	0	0	0	0	0	0	0	0	0	0	0	0	0	0	0	0	0	
23828	909.0505	3.45e+19	0	0	100000	2	0	0	0	0	0	0	0	0	0	0	0	0	0	0	0	0	0	0	0	0	0	0	0	0	0	0	0	0	0	0	0	0	0	1.446e+05	0	0	0	0	0	0	0	0	6.998e+04	0	0	0	0	0	0	0	0	0	0	0	0	0	5.254e+04	0	0	0	0	0	0	0	0	0	1.017e+05	1.523e+05	0	0	0	0	0	0	0	0	0	0	0	0	0	0	0	0	0	0	0	0	0	0	0	
23856	909.0505	3.45e+19	0	0	100000	2	0	0	0	0	0	0	0	0	0	0	0	0	0	0	0	0	0	0	0	0	0	0	0	0	0	0	0	0	0	0	0	0	0	1.448e+05	0	0	0	0	0	0	0	0	7.01e+04	0	0	0	0	0	0	0	0	0	0	0	0	0	5.259e+04	0	0	0	0	0	0	0	0	0	1.018e+05	1.524e+05	0	0	0	0	0	0	0	0	0	0	0	0	0	0	0	0	0	0	0	0	0	0	0	
23884	909.0505	3.45e+19	0	0	100000	2	0	0	0	0	0	0	0	0	0	0	0	0	0	0	0	0	0	0	0	0	0	0	0	0	0	0	0	0	0	0	0	0	0	1.45e+05	0	0	0	0	0	0	0	0	7.021e+04	0	0	0	0	0	0	0	0	0	0	0	0	0	5.264e+04	0	0	0	0	0	0	0	0	0	1.019e+05	1.526e+05	0	0	0	0	0	0	0	0	0	0	0	0	0	0	0	0	0	0	0	0	0	0	0	
23912	909.0505	3.45e+19	0	0	100000	2	0	0	0	0	0	0	0	0	0	0	0	0	0	0	0	0	0	0	0	0	0	0	0	0	0	0	0	0	0	0	0	0	0	1.451e+05	0	0	0	0	0	0	0	0	7.033e+04	0	0	0	0	0	0	0	0	0	0	0	0	0	5.269e+04	0	0	0	0	0	0	0	0	0	1.02e+05	1.528e+05	0	0	0	0	0	0	0	0	0	0	0	0	0	0	0	0	0	0	0	0	0	0	0	
23940	909.0505	3.45e+19	0	0	100000	2	0	0	0	0	0	0	0	0	0	0	0	0	0	0	0	0	0	0	0	0	0	0	0	0	0	0	0	0	0	0	0	0	0	1.453e+05	0	0	0	0	0	0	0	0	7.045e+04	0	0	0	0	0	0	0	0	0	0	0	0	0	5.275e+04	0	0	0	0	0	0	0	0	0	1.021e+05	1.53e+05	0	0	0	0	0	0	0	0	0	0	0	0	0	0	0	0	0	0	0	0	0	0	0	
23968	909.0505	3.45e+19	0	0	100000	2	0	0	0	0	0	0	0	0	0	0	0	0	0	0	0	0	0	0	0	0	0	0	0	0	0	0	0	0	0	0	0	0	0	1.455e+05	0	0	0	0	0	0	0	0	7.057e+04	0	0	0	0	0	0	0	0	0	0	0	0	0	5.28e+04	0	0	0	0	0	0	0	0	0	1.023e+05	1.532e+05	0	0	0	0	0	0	0	0	0	0	0	0	0	0	0	0	0	0	0	0	0	0	0	
23996	909.0505	3.45e+19	0	0	100000	2	0	0	0	0	0	0	0	0	0	0	0	0	0	0	0	0	0	0	0	0	0	0	0	0	0	0	0	0	0	0	0	0	0	1.456e+05	0	0	0	0	0	0	0	0	7.068e+04	0	0	0	0	0	0	0	0	0	0	0	0	0	5.285e+04	0	0	0	0	0	0	0	0	0	1.024e+05	1.533e+05	0	0	0	0	0	0	0	0	0	0	0	0	0	0	0	0	0	0	0	0	0	0	0	
24024	909.0505	3.45e+19	0	0	100000	2	0	0	0	0	0	0	0	0	0	0	0	0	0	0	0	0	0	0	0	0	0	0	0	0	0	0	0	0	0	0	0	0	0	1.458e+05	0	0	0	0	0	0	0	0	7.08e+04	0	0	0	0	0	0	0	0	0	0	0	0	0	5.29e+04	0	0	0	0	0	0	0	0	0	1.025e+05	1.535e+05	0	0	0	0	0	0	0	0	0	0	0	0	0	0	0	0	0	0	0	0	0	0	0	
24052	909.0505	3.45e+19	0	0	100000	2	0	0	0	0	0	0	0	0	0	0	0	0	0	0	0	0	0	0	0	0	0	0	0	0	0	0	0	0	0	0	0	0	0	1.46e+05	0	0	0	0	0	0	0	0	7.092e+04	0	0	0	0	0	0	0	0	0	0	0	0	0	5.295e+04	0	0	0	0	0	0	0	0	0	1.026e+05	1.537e+05	0	0	0	0	0	0	0	0	0	0	0	0	0	0	0	0	0	0	0	0	0	0	0	
24080	909.0505	3.45e+19	0	0	100000	2	0	0	0	0	0	0	0	0	0	0	0	0	0	0	0	0	0	0	0	0	0	0	0	0	0	0	0	0	0	0	0	0	0	1.462e+05	0	0	0	0	0	0	0	0	7.104e+04	0	0	0	0	0	0	0	0	0	0	0	0	0	5.3e+04	0	0	0	0	0	0	0	0	0	1.027e+05	1.539e+05	0	0	0	0	0	0	0	0	0	0	0	0	0	0	0	0	0	0	0	0	0	0	0	
24108	909.0505	3.45e+19	0	0	100000	2	0	0	0	0	0	0	0	0	0	0	0	0	0	0	0	0	0	0	0	0	0	0	0	0	0	0	0	0	0	0	0	0	0	1.463e+05	0	0	0	0	0	0	0	0	7.116e+04	0	0	0	0	0	0	0	0	0	0	0	0	0	5.305e+04	0	0	0	0	0	0	0	0	0	1.029e+05	1.541e+05	0	0	0	0	0	0	0	0	0	0	0	0	0	0	0	0	0	0	0	0	0	0	0	
24136	909.0505	3.45e+19	0	0	100000	2	0	0	0	0	0	0	0	0	0	0	0	0	0	0	0	0	0	0	0	0	0	0	0	0	0	0	0	0	0	0	0	0	0	1.465e+05	0	0	0	0	0	0	0	0	7.127e+04	0	0	0	0	0	0	0	0	0	0	0	0	0	5.31e+04	0	0	0	0	0	0	0	0	0	1.03e+05	1.542e+05	0	0	0	0	0	0	0	0	0	0	0	0	0	0	0	0	0	0	0	0	0	0	0	
24164	909.0505	3.45e+19	0	0	100000	2	0	0	0	0	0	0	0	0	0	0	0	0	0	0	0	0	0	0	0	0	0	0	0	0	0	0	0	0	0	0	0	0	0	1.467e+05	0	0	0	0	0	0	0	0	7.139e+04	0	0	0	0	0	0	0	0	0	0	0	0	0	5.315e+04	0	0	0	0	0	0	0	0	0	1.031e+05	1.544e+05	0	0	0	0	0	0	0	0	0	0	0	0	0	0	0	0	0	0	0	0	0	0	0	
24192	909.0505	3.45e+19	0	0	100000	2	0	0	0	0	0	0	0	0	0	0	0	0	0	0	0	0	0	0	0	0	0	0	0	0	0	0	0	0	0	0	0	0	0	1.468e+05	0	0	0	0	0	0	0	0	7.151e+04	0	0	0	0	0	0	0	0	0	0	0	0	0	5.32e+04	0	0	0	0	0	0	0	0	0	1.032e+05	1.546e+05	0	0	0	0	0	0	0	0	0	0	0	0	0	0	0	0	0	0	0	0	0	0	0	
24220	909.0505	3.45e+19	0	0	100000	2	0	0	0	0	0	0	0	0	0	0	0	0	0	0	0	0	0	0	0	0	0	0	0	0	0	0	0	0	0	0	0	0	0	1.47e+05	0	0	0	0	0	0	0	0	7.163e+04	0	0	0	0	0	0	0	0	0	0	0	0	0	5.326e+04	0	0	0	0	0	0	0	0	0	1.033e+05	1.548e+05	0	0	0	0	0	0	0	0	0	0	0	0	0	0	0	0	0	0	0	0	0	0	0	
24248	909.0505	3.45e+19	0	0	100000	2	0	0	0	0	0	0	0	0	0	0	0	0	0	0	0	0	0	0	0	0	0	0	0	0	0	0	0	0	0	0	0	0	0	1.472e+05	0	0	0	0	0	0	0	0	7.175e+04	0	0	0	0	0	0	0	0	0	0	0	0	0	5.331e+04	0	0	0	0	0	0	0	0	0	1.035e+05	1.549e+05	0	0	0	0	0	0	0	0	0	0	0	0	0	0	0	0	0	0	0	0	0	0	0	
24276	909.0505	3.45e+19	0	0	100000	2	0	0	0	0	0	0	0	0	0	0	0	0	0	0	0	0	0	0	0	0	0	0	0	0	0	0	0	0	0	0	0	0	0	1.473e+05	0	0	0	0	0	0	0	0	7.186e+04	0	0	0	0	0	0	0	0	0	0	0	0	0	5.336e+04	0	0	0	0	0	0	0	0	0	1.036e+05	1.551e+05	0	0	0	0	0	0	0	0	0	0	0	0	0	0	0	0	0	0	0	0	0	0	0	
24304	909.0505	3.45e+19	0	0	100000	2	0	0	0	0	0	0	0	0	0	0	0	0	0	0	0	0	0	0	0	0	0	0	0	0	0	0	0	0	0	0	0	0	0	1.475e+05	0	0	0	0	0	0	0	0	7.198e+04	0	0	0	0	0	0	0	0	0	0	0	0	0	5.341e+04	0	0	0	0	0	0	0	0	0	1.037e+05	1.553e+05	0	0	0	0	0	0	0	0	0	0	0	0	0	0	0	0	0	0	0	0	0	0	0	
24332	909.0505	3.45e+19	0	0	100000	2	0	0	0	0	0	0	0	0	0	0	0	0	0	0	0	0	0	0	0	0	0	0	0	0	0	0	0	0	0	0	0	0	0	1.477e+05	0	0	0	0	0	0	0	0	7.21e+04	0	0	0	0	0	0	0	0	0	0	0	0	0	5.346e+04	0	0	0	0	0	0	0	0	0	1.038e+05	1.555e+05	0	0	0	0	0	0	0	0	0	0	0	0	0	0	0	0	0	0	0	0	0	0	0	
24360	909.0505	3.45e+19	0	0	100000	2	0	0	0	0	0	0	0	0	0	0	0	0	0	0	0	0	0	0	0	0	0	0	0	0	0	0	0	0	0	0	0	0	0	1.479e+05	0	0	0	0	0	0	0	0	7.222e+04	0	0	0	0	0	0	0	0	0	0	0	0	0	5.351e+04	0	0	0	0	0	0	0	0	0	1.039e+05	1.557e+05	0	0	0	0	0	0	0	0	0	0	0	0	0	0	0	0	0	0	0	0	0	0	0	
24388	909.0505	3.45e+19	0	0	100000	2	0	0	0	0	0	0	0	0	0	0	0	0	0	0	0	0	0	0	0	0	0	0	0	0	0	0	0	0	0	0	0	0	0	1.48e+05	0	0	0	0	0	0	0	0	7.234e+04	0	0	0	0	0	0	0	0	0	0	0	0	0	5.356e+04	0	0	0	0	0	0	0	0	0	1.041e+05	1.558e+05	0	0	0	0	0	0	0	0	0	0	0	0	0	0	0	0	0	0	0	0	0	0	0	
24416	909.0505	3.45e+19	0	0	100000	2	0	0	0	0	0	0	0	0	0	0	0	0	0	0	0	0	0	0	0	0	0	0	0	0	0	0	0	0	0	0	0	0	0	1.482e+05	0	0	0	0	0	0	0	0	7.246e+04	0	0	0	0	0	0	0	0	0	0	0	0	0	5.361e+04	0	0	0	0	0	0	0	0	0	1.042e+05	1.56e+05	0	0	0	0	0	0	0	0	0	0	0	0	0	0	0	0	0	0	0	0	0	0	0	
24444	909.0505	3.45e+19	0	0	100000	2	0	0	0	0	0	0	0	0	0	0	0	0	0	0	0	0	0	0	0	0	0	0	0	0	0	0	0	0	0	0	0	0	0	1.484e+05	0	0	0	0	0	0	0	0	7.258e+04	0	0	0	0	0	0	0	0	0	0	0	0	0	5.366e+04	0	0	0	0	0	0	0	0	0	1.043e+05	1.562e+05	0	0	0	0	0	0	0	0	0	0	0	0	0	0	0	0	0	0	0	0	0	0	0	
24472	909.0505	3.45e+19	0	0	100000	2	0	0	0	0	0	0	0	0	0	0	0	0	0	0	0	0	0	0	0	0	0	0	0	0	0	0	0	0	0	0	0	0	0	1.485e+05	0	0	0	0	0	0	0	0	7.269e+04	0	0	0	0	0	0	0	0	0	0	0	0	0	5.371e+04	0	0	0	0	0	0	0	0	0	1.044e+05	1.564e+05	0	0	0	0	0	0	0	0	0	0	0	0	0	0	0	0	0	0	0	0	0	0	0	
24500	909.0505	3.45e+19	0	0	100000	2	0	0	0	0	0	0	0	0	0	0	0	0	0	0	0	0	0	0	0	0	0	0	0	0	0	0	0	0	0	0	0	0	0	1.487e+05	0	0	0	0	0	0	0	0	7.281e+04	0	0	0	0	0	0	0	0	0	0	0	0	0	5.376e+04	0	0	0	0	0	0	0	0	0	1.045e+05	1.566e+05	0	0	0	0	0	0	0	0	0	0	0	0	0	0	0	0	0	0	0	0	0	0	0	
24528	909.0505	3.45e+19	0	0	100000	2	0	0	0	0	0	0	0	0	0	0	0	0	0	0	0	0	0	0	0	0	0	0	0	0	0	0	0	0	0	0	0	0	0	1.489e+05	0	0	0	0	0	0	0	0	7.293e+04	0	0	0	0	0	0	0	0	0	0	0	0	0	5.381e+04	0	0	0	0	0	0	0	0	0	1.047e+05	1.567e+05	0	0	0	0	0	0	0	0	0	0	0	0	0	0	0	0	0	0	0	0	0	0	0	
24556	909.0505	3.45e+19	0	0	100000	2	0	0	0	0	0	0	0	0	0	0	0	0	0	0	0	0	0	0	0	0	0	0	0	0	0	0	0	0	0	0	0	0	0	1.49e+05	0	0	0	0	0	0	0	0	7.305e+04	0	0	0	0	0	0	0	0	0	0	0	0	0	5.387e+04	0	0	0	0	0	0	0	0	0	1.048e+05	1.569e+05	0	0	0	0	0	0	0	0	0	0	0	0	0	0	0	0	0	0	0	0	0	0	0	
24584	909.0505	3.45e+19	0	0	100000	2	0	0	0	0	0	0	0	0	0	0	0	0	0	0	0	0	0	0	0	0	0	0	0	0	0	0	0	0	0	0	0	0	0	1.492e+05	0	0	0	0	0	0	0	0	7.317e+04	0	0	0	0	0	0	0	0	0	0	0	0	0	5.392e+04	0	0	0	0	0	0	0	0	0	1.049e+05	1.571e+05	0	0	0	0	0	0	0	0	0	0	0	0	0	0	0	0	0	0	0	0	0	0	0	
24612	909.0505	3.45e+19	0	0	100000	2	0	0	0	0	0	0	0	0	0	0	0	0	0	0	0	0	0	0	0	0	0	0	0	0	0	0	0	0	0	0	0	0	0	1.494e+05	0	0	0	0	0	0	0	0	7.329e+04	0	0	0	0	0	0	0	0	0	0	0	0	0	5.397e+04	0	0	0	0	0	0	0	0	0	1.05e+05	1.573e+05	0	0	0	0	0	0	0	0	0	0	0	0	0	0	0	0	0	0	0	0	0	0	0	
24640	909.0505	3.45e+19	0	0	100000	2	0	0	0	0	0	0	0	0	0	0	0	0	0	0	0	0	0	0	0	0	0	0	0	0	0	0	0	0	0	0	0	0	0	1.496e+05	0	0	0	0	0	0	0	0	7.341e+04	0	0	0	0	0	0	0	0	0	0	0	0	0	5.402e+04	0	0	0	0	0	0	0	0	0	1.051e+05	1.575e+05	0	0	0	0	0	0	0	0	0	0	0	0	0	0	0	0	0	0	0	0	0	0	0	
24668	909.0505	3.45e+19	0	0	100000	2	0	0	0	0	0	0	0	0	0	0	0	0	0	0	0	0	0	0	0	0	0	0	0	0	0	0	0	0	0	0	0	0	0	1.497e+05	0	0	0	0	0	0	0	0	7.353e+04	0	0	0	0	0	0	0	0	0	0	0	0	0	5.407e+04	0	0	0	0	0	0	0	0	0	1.053e+05	1.576e+05	0	0	0	0	0	0	0	0	0	0	0	0	0	0	0	0	0	0	0	0	0	0	0	
24696	909.0505	3.45e+19	0	0	100000	2	0	0	0	0	0	0	0	0	0	0	0	0	0	0	0	0	0	0	0	0	0	0	0	0	0	0	0	0	0	0	0	0	0	1.499e+05	0	0	0	0	0	0	0	0	7.365e+04	0	0	0	0	0	0	0	0	0	0	0	0	0	5.412e+04	0	0	0	0	0	0	0	0	0	1.054e+05	1.578e+05	0	0	0	0	0	0	0	0	0	0	0	0	0	0	0	0	0	0	0	0	0	0	0	
24724	909.0505	3.45e+19	0	0	100000	2	0	0	0	0	0	0	0	0	0	0	0	0	0	0	0	0	0	0	0	0	0	0	0	0	0	0	0	0	0	0	0	0	0	1.501e+05	0	0	0	0	0	0	0	0	7.376e+04	0	0	0	0	0	0	0	0	0	0	0	0	0	5.417e+04	0	0	0	0	0	0	0	0	0	1.055e+05	1.58e+05	0	0	0	0	0	0	0	0	0	0	0	0	0	0	0	0	0	0	0	0	0	0	0	
24752	909.0505	3.45e+19	0	0	100000	2	0	0	0	0	0	0	0	0	0	0	0	0	0	0	0	0	0	0	0	0	0	0	0	0	0	0	0	0	0	0	0	0	0	1.502e+05	0	0	0	0	0	0	0	0	7.388e+04	0	0	0	0	0	0	0	0	0	0	0	0	0	5.422e+04	0	0	0	0	0	0	0	0	0	1.056e+05	1.582e+05	0	0	0	0	0	0	0	0	0	0	0	0	0	0	0	0	0	0	0	0	0	0	0	
24780	909.0505	3.45e+19	0	0	100000	2	0	0	0	0	0	0	0	0	0	0	0	0	0	0	0	0	0	0	0	0	0	0	0	0	0	0	0	0	0	0	0	0	0	1.504e+05	0	0	0	0	0	0	0	0	7.4e+04	0	0	0	0	0	0	0	0	0	0	0	0	0	5.427e+04	0	0	0	0	0	0	0	0	0	1.057e+05	1.583e+05	0	0	0	0	0	0	0	0	0	0	0	0	0	0	0	0	0	0	0	0	0	0	0	
24808	909.0505	3.45e+19	0	0	100000	2	0	0	0	0	0	0	0	0	0	0	0	0	0	0	0	0	0	0	0	0	0	0	0	0	0	0	0	0	0	0	0	0	0	1.506e+05	0	0	0	0	0	0	0	0	7.412e+04	0	0	0	0	0	0	0	0	0	0	0	0	0	5.432e+04	0	0	0	0	0	0	0	0	0	1.058e+05	1.585e+05	0	0	0	0	0	0	0	0	0	0	0	0	0	0	0	0	0	0	0	0	0	0	0	
24836	909.0505	3.45e+19	0	0	100000	2	0	0	0	0	0	0	0	0	0	0	0	0	0	0	0	0	0	0	0	0	0	0	0	0	0	0	0	0	0	0	0	0	0	1.507e+05	0	0	0	0	0	0	0	0	7.424e+04	0	0	0	0	0	0	0	0	0	0	0	0	0	5.437e+04	0	0	0	0	0	0	0	0	0	1.06e+05	1.587e+05	0	0	0	0	0	0	0	0	0	0	0	0	0	0	0	0	0	0	0	0	0	0	0	
24864	909.0505	3.45e+19	0	0	100000	2	0	0	0	0	0	0	0	0	0	0	0	0	0	0	0	0	0	0	0	0	0	0	0	0	0	0	0	0	0	0	0	0	0	1.509e+05	0	0	0	0	0	0	0	0	7.436e+04	0	0	0	0	0	0	0	0	0	0	0	0	0	5.442e+04	0	0	0	0	0	0	0	0	0	1.061e+05	1.589e+05	0	0	0	0	0	0	0	0	0	0	0	0	0	0	0	0	0	0	0	0	0	0	0	
24892	909.0505	3.45e+19	0	0	100000	2	0	0	0	0	0	0	0	0	0	0	0	0	0	0	0	0	0	0	0	0	0	0	0	0	0	0	0	0	0	0	0	0	0	1.511e+05	0	0	0	0	0	0	0	0	7.448e+04	0	0	0	0	0	0	0	0	0	0	0	0	0	5.447e+04	0	0	0	0	0	0	0	0	0	1.062e+05	1.591e+05	0	0	0	0	0	0	0	0	0	0	0	0	0	0	0	0	0	0	0	0	0	0	0	
24920	909.0505	3.45e+19	0	0	100000	2	0	0	0	0	0	0	0	0	0	0	0	0	0	0	0	0	0	0	0	0	0	0	0	0	0	0	0	0	0	0	0	0	0	1.513e+05	0	0	0	0	0	0	0	0	7.46e+04	0	0	0	0	0	0	0	0	0	0	0	0	0	5.452e+04	0	0	0	0	0	0	0	0	0	1.063e+05	1.592e+05	0	0	0	0	0	0	0	0	0	0	0	0	0	0	0	0	0	0	0	0	0	0	0	
24948	909.0505	3.45e+19	0	0	100000	2	0	0	0	0	0	0	0	0	0	0	0	0	0	0	0	0	0	0	0	0	0	0	0	0	0	0	0	0	0	0	0	0	0	1.514e+05	0	0	0	0	0	0	0	0	7.472e+04	0	0	0	0	0	0	0	0	0	0	0	0	0	5.457e+04	0	0	0	0	0	0	0	0	0	1.064e+05	1.594e+05	0	0	0	0	0	0	0	0	0	0	0	0	0	0	0	0	0	0	0	0	0	0	0	
24976	909.0505	3.45e+19	0	0	100000	2	0	0	0	0	0	0	0	0	0	0	0	0	0	0	0	0	0	0	0	0	0	0	0	0	0	0	0	0	0	0	0	0	0	1.516e+05	0	0	0	0	0	0	0	0	7.484e+04	0	0	0	0	0	0	0	0	0	0	0	0	0	5.462e+04	0	0	0	0	0	0	0	0	0	1.066e+05	1.596e+05	0	0	0	0	0	0	0	0	0	0	0	0	0	0	0	0	0	0	0	0	0	0	0	
25004	909.0505	3.45e+19	0	0	100000	2	0	0	0	0	0	0	0	0	0	0	0	0	0	0	0	0	0	0	0	0	0	0	0	0	0	0	0	0	0	0	0	0	0	1.518e+05	0	0	0	0	0	0	0	0	7.496e+04	0	0	0	0	0	0	0	0	0	0	0	0	0	5.468e+04	0	0	0	0	0	0	0	0	0	1.067e+05	1.598e+05	0	0	0	0	0	0	0	0	0	0	0	0	0	0	0	0	0	0	0	0	0	0	0	
25032	909.0505	3.45e+19	0	0	100000	2	0	0	0	0	0	0	0	0	0	0	0	0	0	0	0	0	0	0	0	0	0	0	0	0	0	0	0	0	0	0	0	0	0	1.519e+05	0	0	0	0	0	0	0	0	7.508e+04	0	0	0	0	0	0	0	0	0	0	0	0	0	5.473e+04	0	0	0	0	0	0	0	0	0	1.068e+05	1.6e+05	0	0	0	0	0	0	0	0	0	0	0	0	0	0	0	0	0	0	0	0	0	0	0	
25060	909.0505	3.45e+19	0	0	100000	2	0	0	0	0	0	0	0	0	0	0	0	0	0	0	0	0	0	0	0	0	0	0	0	0	0	0	0	0	0	0	0	0	0	1.521e+05	0	0	0	0	0	0	0	0	7.52e+04	0	0	0	0	0	0	0	0	0	0	0	0	0	5.478e+04	0	0	0	0	0	0	0	0	0	1.069e+05	1.601e+05	0	0	0	0	0	0	0	0	0	0	0	0	0	0	0	0	0	0	0	0	0	0	0	
25088	909.0505	3.45e+19	0	0	100000	2	0	0	0	0	0	0	0	0	0	0	0	0	0	0	0	0	0	0	0	0	0	0	0	0	0	0	0	0	0	0	0	0	0	1.523e+05	0	0	0	0	0	0	0	0	7.532e+04	0	0	0	0	0	0	0	0	0	0	0	0	0	5.483e+04	0	0	0	0	0	0	0	0	0	1.07e+05	1.603e+05	0	0	0	0	0	0	0	0	0	0	0	0	0	0	0	0	0	0	0	0	0	0	0	
25116	909.0505	3.45e+19	0	0	100000	2	0	0	0	0	0	0	0	0	0	0	0	0	0	0	0	0	0	0	0	0	0	0	0	0	0	0	0	0	0	0	0	0	0	1.524e+05	0	0	0	0	0	0	0	0	7.544e+04	0	0	0	0	0	0	0	0	0	0	0	0	0	5.488e+04	0	0	0	0	0	0	0	0	0	1.072e+05	1.605e+05	0	0	0	0	0	0	0	0	0	0	0	0	0	0	0	0	0	0	0	0	0	0	0	
25144	909.0505	3.45e+19	0	0	100000	2	0	0	0	0	0	0	0	0	0	0	0	0	0	0	0	0	0	0	0	0	0	0	0	0	0	0	0	0	0	0	0	0	0	1.526e+05	0	0	0	0	0	0	0	0	7.556e+04	0	0	0	0	0	0	0	0	0	0	0	0	0	5.493e+04	0	0	0	0	0	0	0	0	0	1.073e+05	1.607e+05	0	0	0	0	0	0	0	0	0	0	0	0	0	0	0	0	0	0	0	0	0	0	0	
25172	909.0505	3.45e+19	0	0	100000	2	0	0	0	0	0	0	0	0	0	0	0	0	0	0	0	0	0	0	0	0	0	0	0	0	0	0	0	0	0	0	0	0	0	1.528e+05	0	0	0	0	0	0	0	0	7.568e+04	0	0	0	0	0	0	0	0	0	0	0	0	0	5.498e+04	0	0	0	0	0	0	0	0	0	1.074e+05	1.609e+05	0	0	0	0	0	0	0	0	0	0	0	0	0	0	0	0	0	0	0	0	0	0	0	
25200	909.0505	3.45e+19	0	0	100000	2	0	0	0	0	0	0	0	0	0	0	0	0	0	0	0	0	0	0	0	0	0	0	0	0	0	0	0	0	0	0	0	0	0	1.53e+05	0	0	0	0	0	0	0	0	7.58e+04	0	0	0	0	0	0	0	0	0	0	0	0	0	5.503e+04	0	0	0	0	0	0	0	0	0	1.075e+05	1.61e+05	0	0	0	0	0	0	0	0	0	0	0	0	0	0	0	0	0	0	0	0	0	0	0	
