{
    "N_AVOG": 6.022141e+23,
    "N_BOLT": 1.380649e-23,
    "FISSION_ENERGY": 3.215e-11,
    "FISSION_RATE": 2.458564590895316e+19,
    "FUEL_THERMAL_CONDUCTIVITY": 3.762364540848524,
    "FISSION_YIELD": 0.0036314236925148124,
    "LENGTH": 0.0012511105734539446,
    "RADIUS": 1.938831521503275e-05,
    "T_BC": 1394.2655483678611,
    "Maximum cur_err_bounds": 0.001018689846488879,
    "TIME_ELAPSED": 1693464.1054723263,
    "COST_FO": 5046.188165903091,
    "COST_POD": 5182.469036817551,
    "COST_EB": 1683235.0132286549
}