{
    "N_AVOG": 6.022141e+23,
    "N_BOLT": 1.380649e-23,
    "FISSION_ENERGY": 3.215e-11,
    "FISSION_RATE": 7.224511799162886e+18,
    "FUEL_THERMAL_CONDUCTIVITY": 6.471068943387491,
    "FISSION_YIELD": 0.18643950520237054,
    "LENGTH": 0.000572878946394251,
    "RADIUS": 1.1022848842382948e-05,
    "T_BC": 1697.2081262005022,
    "Maximum cur_err_bounds": 0.0033725711646908465,
    "TIME_ELAPSED": 31697.78810095787,
    "COST_FO": 99.21970057487488,
    "COST_POD": 101.87340569496155,
    "COST_EB": 31496.68653035164
}