{
    "N_AVOG": 6.022141e+23,
    "N_BOLT": 1.380649e-23,
    "FISSION_ENERGY": 3.215e-11,
    "T_BC": 1768.988037372649,
    "FISSION_RATE": 1.0743730542301432e+18,
    "LENGTH": 0.000992459724393494,
    "RADIUS": 1.1226251780247547e-05,
    "FISSION_YIELD": 0.18176220874826624,
    "FUEL_THERMAL_CONDUCTIVITY": 7.515329373358824
}