label,xe_diffusivity_mode,vacancy_diffusivity_mode,T,burnup,rho_d_eff,c,mb,md,Nb,Nd,Rb_nm,Rd_nm,swelling_b_percent,swelling_d_percent,swelling_ig_percent,swelling_gf_percent,swelling_total_gas_percent,Ngf_areal,Ngf_vol,Rgf_nm,Fc_gf,p_gf,p_gf_eq,p_gf_over_eq,p_b,p_b_eq,p_d,p_d_eq,p_b_over_eq,p_d_over_eq,matrix_gas_percent,bulk_gas_percent,dislocation_gas_percent,qgb_gas_percent,grainface_gas_percent,release_gas_percent,q_gb,q_gf,q_rel,generated,retained,lambda_d,nu_b,phi_b,phi_d,f_cap_step,cap_raw_step,capture_fraction_sum,capture_raw_sum,capture_bubbles_cumulative,max_f_cap_step,Dg,Dv,Dv_dislocation,Dv_gb,beta,rho_d_old,rho_d_next,delta_Nd_rho,g_b,g_d,b_b,b_d,b_b_gas,b_d_gas,dVd_growth_dt,dnvb_dt,dnvd_dt,dnv_gf_dt,dA_gf_dt,dNgf_dt,dq_gf_in_step,dq_rel_step,nvb_seed_added,nvd_seed_added,bulk_first_gas_seed_applied,dislocation_first_gas_seed_applied,first_gas_pressure_factor,seed_pressure_factor,seed_gas_atoms_per_bubble,D1_Xe,D2_Xe,D2_Xe_scaled,D3_Xe,Dg_lookup_base,D1_Xe_i_2023,D2_Xe_i0_2023,D2_Xe_i1_2023,D1_XeVU_2023,D2_XeVU_2023,Dg_D1_scaled,Dg_D3_scaled,D2_Xe_over_Dg_unscaled,Dg_dislocation_scale,Dg_dislocation,Dv1,Dv2,Dv_lookup_base,Dv_nonthermal_effective,Dv1_scaled,Dv2_scaled,Dv_dislocation_scale,A20_vU_active,Gamma_d,den,free_dislocation,term_bubbles,term_dislocation,term_bubbles_scaled,term_dislocation_scaled,g_b_unscaled,g_d_unscaled,USE_WS_GAS_TRAPPING_BULK,USE_WS_GAS_TRAPPING_DISLOCATION,ws_bulk_factor,ws_bulk_factor_raw,ws_bulk_delta,ws_bulk_x,ws_bulk_zeta,ws_dislocation_factor,ws_dislocation_factor_raw,ws_dislocation_delta,ws_dislocation_x,ws_dislocation_zeta,psi_b,psi_d,porosity_b,porosity_d,valid_single_size,experiment_case,linear_power_kW_m,fuel_diameter_mm,fission_rate_case,fuel_description
B3_Nd0_2p10e19_rho5p0e13_AP3p2,rizk2025_refit_plot,rizk2025_refit_full,900.0,1.1,50000000000000.0,1.5074738776024576e+23,4.723460773249344e+25,3.8262202974705166e+25,2.5375496202906826e+23,2.0581712539190743e+19,1.610479228249824,38.71373678474673,0.4439852433918892,0.5002250040133059,0.9442102474051951,0.04010951312786724,0.9843197605330624,8880480193221.387,2.2201200483053466e+18,52.636154856150604,0.05679182500116661,1179114134737.4128,42176333.093992904,27956.77215725878,1381301105.1381054,1378471675.4233263,271685806.08022565,57343986.51164781,1.0020525845871373,4.737825578712431,0.166819182562452,52.27048221309612,42.341492732401356,5.221205871940059,5.221205871940059,0.0,4.718181291044034e+24,4.718181291044034e+24,0.0,9.03657393860029e+25,9.03657393860029e+25,1.0126184346358809,7.239949738748134e+16,0.005401504230095319,5.379261591459827e-07,2.9174200328940384e-07,2.9174200328940384e-07,0.005421597967790836,0.005421597967790836,2.6708737419594075e+20,6.297400328683386e-06,6.859556060984681e-19,5.096721272601947e-25,5.0967212726019465e-24,5.119872410101689e-28,1.3842827431568335e+19,50000000000000.0,50000000000000.0,0.0,0.003980960256420923,0.0011045364765580941,1.2449234606752215e-05,4.3317110933633025e-06,1.2449234606752215e-05,4.3317110933633025e-06,1.082680851627082e-29,3.98261771864684e+18,5.401036052371564e+18,0.00016494487594536373,8.711282634363515e-22,-127736.22136187635,1.0599705223805849e+21,0.0,0.0,0.0,0.0,0.0,0.3333333333333333,0.3333333333333333,2.0,2.4966082885114063e-31,9.582238205875211e-25,0.0,6.859556060982184e-19,,0.0,0.0,0.0,0.0,0.0,2.4966082885114063e-31,6.859556060982184e-19,1.3969181271622544e-06,17.0,1.1661245303673958e-17,5.119872410101689e-34,5.096721267482075e-25,,,5.119872410101689e-34,5.096721267482075e-25,10.0,,7.978845608028655e-08,3.2312574248336765,48406436989012.33,6.905491499661634e-06,0.0010976309850584324,6.905491499661634e-06,0.0010976309850584324,0.003980960256420923,0.0011045364765580941,False,False,1.0,1.3713186942581652,9.799477445700826e-09,0.18577035572185502,0.7245499919644741,1.0,1.3361394267652638,2.2636527527110935e-07,0.17194792648851165,0.744620024152622,0.16435749441700465,0.17102324091775878,0.004439852433918892,0.00500225004013306,True,AP3.2,100.0,8.3,5.767844763153473e+19,$(U_{0.8}Pu_{0.2})N$
B3_Nd0_2p10e19_rho5p0e13_AP3p2,rizk2025_refit_plot,rizk2025_refit_full,925.0,1.1,50000000000000.0,1.5061511089435447e+23,4.711590021105286e+25,3.8386412659634564e+25,2.5304336753455457e+23,2.0543799595475562e+19,1.6121566738520645,39.879259071664755,0.4441250856790304,0.5457712090153,0.9898962946943304,0.04007207049820362,1.029968365192534,8881106732079.633,2.220276683019908e+18,52.618533540606784,0.05675781041379946,456879741780.46686,42190457.441897,10828.982890495161,1378822700.1135223,1377037378.5666647,223354306.9745447,55668035.256386384,1.001296494615648,4.0122541768513535,0.16667280311954583,52.13911879788241,42.478944919229406,5.215263479768652,5.215263479768652,0.0,4.712811404421126e+24,4.712811404421126e+24,0.0,9.03657393860029e+25,9.036573938600291e+25,1.0137786737720296,7.22725605426869e+16,0.005399920367794269,5.351980777268664e-07,3.4249314402724504e-07,3.4249314402724504e-07,0.005912087430596042,0.005912087430596042,3.009364500432626e+20,6.676768986119989e-06,6.85955606099651e-19,8.665450134436394e-25,8.665450134436394e-24,3.600113810511962e-27,1.3842827431568335e+19,50000000000000.0,50000000000000.0,0.0,0.003973452544381775,0.0011037108821712134,1.2445566380054361e-05,4.31045064486254e-06,1.2445566380054361e-05,4.31045064486254e-06,1.2739097869731393e-29,4.1284072000893245e+18,6.709516301287469e+18,0.00043708089833325377,8.709078703400727e-22,-127727.31193661709,1.0592376767150733e+21,0.0,0.0,0.0,0.0,0.0,0.3333333333333333,0.3333333333333333,2.0,1.4326320272288242e-30,6.835119693240278e-24,0.0,6.859556060982184e-19,,0.0,0.0,0.0,0.0,0.0,1.4326320272288242e-30,6.859556060982184e-19,9.96437616729284e-06,17.0,1.1661245303694066e-17,3.600113810511962e-33,8.665450098435256e-25,,,3.600113810511962e-33,8.665450098435256e-25,10.0,,7.978845608028655e-08,3.2312574248336765,48361486747167.55,7.099157798180594e-06,0.0010966117243730329,7.099157798180594e-06,0.0010966117243730329,0.003973452544381775,0.0011037108821712134,False,False,1.0,1.3713113005992856,9.808655847176006e-09,0.18576750992304894,0.7245541133494965,1.0,1.3487978409742332,2.265044255547835e-07,0.17698764432930525,0.7372905694103623,0.16437474853042716,0.1760638552102599,0.004441250856790304,0.005457712090153,True,AP3.2,100.0,8.3,5.767844763153473e+19,$(U_{0.8}Pu_{0.2})N$
B3_Nd0_2p10e19_rho5p0e13_AP3p2,rizk2025_refit_plot,rizk2025_refit_full,950.0,1.1,50000000000000.0,1.5048514207509572e+23,4.699496999214273e+25,3.851292857917995e+25,2.5231999008870016e+23,2.050085121882469e+19,1.6138202163142081,41.12785796286687,0.4442277892622616,0.5974048941125472,1.0416326833748089,0.04004567889049564,1.0816783622653043,8881542298082.395,2.2203855745205985e+18,52.60611942669232,0.056733814536962794,186219882833.4211,42200413.643770374,4412.75017836018,1376784252.5080574,1375617914.2867856,187058432.07950947,53978011.740956046,1.000847864955202,3.465456137532722,0.16652897779355189,52.00529571434233,42.61894921776667,5.209226090097418,5.209226090097418,0.0,4.707355672605101e+24,4.707355672605101e+24,0.0,9.03657393860029e+25,9.036573938600286e+25,1.0150963030950104,7.214795102713325e+16,0.005398331807246427,5.323249565756198e-07,3.991297943096359e-07,3.991297943096359e-07,0.006468390051255369,0.006468390051255369,3.3900651857330386e+20,7.094824454366579e-06,6.85955606105717e-19,1.426046189772508e-24,1.426046189772508e-23,2.2845010932250072e-26,1.3842827431568335e+19,50000000000000.0,50000000000000.0,0.0,0.003965708661454901,0.0011028335577097836,1.244193054563754e-05,4.288962715304924e-06,1.244193054563754e-05,4.288962715304924e-06,1.4879887709788014e-29,4.2820480891128033e+18,8.17338371783043e+18,0.001100298639425305,8.70911317254757e-22,-127744.14987409339,1.0585166375710611e+21,0.0,0.0,0.0,0.0,0.0,0.3333333333333333,0.3333333333333333,2.0,7.498646671560408e-30,3.5732345885189943e-23,0.0,6.859556060982184e-19,,0.0,0.0,0.0,0.0,0.0,7.498646671560408e-30,6.859556060982184e-19,5.209133880842283e-05,17.0,1.166124530379719e-17,2.284501093225007e-32,1.4260461669274971e-24,,,2.284501093225007e-32,1.4260461669274971e-24,10.0,,7.978845608028655e-08,3.2312574248336765,48313720275812.93,7.304952892704849e-06,0.0010955286048170787,7.304952892704849e-06,0.0010955286048170787,0.003965708661454901,0.0011028335577097836,False,False,1.0,1.3712910198684212,9.818021624059477e-09,0.1857597038012578,0.7245654184703295,1.0,1.3625355610292254,2.2666247163009175e-07,0.18237251847058256,0.7294740531569156,0.1643874180651081,0.1814497017630884,0.004442277892622616,0.005974048941125472,True,AP3.2,100.0,8.3,5.767844763153473e+19,$(U_{0.8}Pu_{0.2})N$
B3_Nd0_2p10e19_rho5p0e13_AP3p2,rizk2025_refit_plot,rizk2025_refit_full,975.0,1.1,50000000000000.0,1.5035823796569937e+23,4.687475317190624e+25,3.8638726721862625e+25,2.5159613111378346e+23,2.0453006604860137e+19,1.6154860681671883,42.44168016903763,0.4443265033396449,0.654973113679817,1.099299617019462,0.04004574462850613,1.139345361647968,8881521221160.271,2.2203803052900677e+18,52.606189825865115,0.05673383174680209,79530885476.90628,42200357.16991773,1884.6021884762479,1374986428.074274,1374199408.9238102,159282873.15652415,52307071.51927391,1.0005727110238536,3.045149891402967,0.1663885439186579,51.87226208782269,42.75815921431782,5.203190153940844,5.203190153940844,0.0,4.7019012542683463e+24,4.7019012542683463e+24,0.0,9.03657393860029e+25,9.036573938600291e+25,1.0165682859124796,7.202638698523991e+16,0.005396642117031625,5.293537605331965e-07,4.613178912332368e-07,4.613178912332368e-07,0.007089073797949846,0.007089073797949846,3.811403641952752e+20,7.554449333675297e-06,6.859556061342735e-19,2.2780288136394288e-24,2.2780288136394286e-23,1.3186026336093777e-25,1.3842827431568335e+19,50000000000000.0,50000000000000.0,0.0,0.003957941356501563,0.0011019187835965367,1.2438291624725152e-05,4.267668967059295e-06,1.2438291624725152e-05,4.267668967059295e-06,1.7237635416278803e-29,4.4425550035116995e+18,9.782985635251237e+18,0.0026419820851691497,8.714005211502822e-22,-127815.30377891594,1.0578119924718366e+21,0.0,0.0,0.0,0.0,0.0,0.3333333333333333,0.3333333333333333,2.0,3.605513394506346e-29,1.4241136187131344e-22,0.0,6.859556060982184e-19,,0.0,0.0,0.0,0.0,0.0,3.605513394506346e-29,6.859556060982184e-19,0.00020761017272513826,17.0,1.166124530428265e-17,1.3186026336093777e-31,2.2780286817791655e-24,,,1.3186026336093777e-31,2.2780286817791655e-24,10.0,,7.978845608028655e-08,3.2312574248336765,48263915135005.19,7.519525762243678e-06,0.001094399257834293,7.519525762243678e-06,0.001094399257834293,0.003957941356501563,0.0011019187835965367,False,False,1.0,1.371269308806503,9.827429580785182e-09,0.185751346937643,0.724577521233939,1.0,1.3771887206911615,2.2683905631771976e-07,0.1880220791573179,0.7212903879501049,0.164399593613225,0.1871003030468479,0.004443265033396449,0.0065497311367981705,True,AP3.2,100.0,8.3,5.767844763153473e+19,$(U_{0.8}Pu_{0.2})N$
B3_Nd0_2p10e19_rho5p0e13_AP3p2,rizk2025_refit_plot,rizk2025_refit_full,1000.0,1.1,50000000000000.0,1.502349453361011e+23,4.67575543768415e+25,3.876142857824337e+25,2.5088119443381834e+23,2.040048641004976e+19,1.6171644518335848,43.803685871910744,0.4444462810626325,0.7182259614129476,1.1626722424755802,0.04010326272766147,1.2027755052032418,8880512887028.047,2.2201282217570117e+18,52.63335596737077,0.056785994493693266,35465974612.05036,42178575.90871186,840.8528227413427,1373320486.878498,1372773187.9605095,137660197.9419917,50680666.61083382,1.000398681240855,2.7162270575297556,0.16625210655817596,51.742568250466796,42.893942816836265,5.197236826138767,5.197236826138767,0.0,4.696521485581927e+24,4.696521485581927e+24,0.0,9.03657393860029e+25,9.03657393860029e+25,1.0181891695458622,7.190838344129133e+16,0.0053947865345843875,5.263232652440657e-07,5.286297953059014e-07,5.286297953059014e-07,0.0077717173008809435,0.0077717173008809435,4.2712348388442925e+20,8.05755432649617e-06,6.859556062584883e-19,3.5413597183153905e-24,3.5413597183153905e-23,6.972208708889678e-25,1.3842827431568335e+19,50000000000000.0,50000000000000.0,0.0,0.003950320802643977,0.0011009800254288213,1.2434627278212593e-05,4.246896378505957e-06,1.2434627278212593e-05,4.246896378505957e-06,1.9796961439214975e-29,4.607397353312985e+18,1.1525661499512682e+19,0.006073239756913165,8.72917525864268e-22,-128000.4824398441,1.0571271019716107e+21,0.0,0.0,0.0,0.0,0.0,0.3333333333333333,0.3333333333333333,2.0,1.6026995865756309e-28,4.476676181501433e-22,0.0,6.859556060982184e-19,,0.0,0.0,0.0,0.0,0.0,1.6026995865756309e-28,6.859556060982184e-19,0.0006526189363651748,17.0,1.1661245306394302e-17,6.972208708889678e-31,3.5413590210945195e-24,,,6.972208708889678e-31,3.5413590210945195e-24,10.0,,7.978845608028655e-08,3.2312574248336765,48212804504320.82,7.739716813158304e-06,0.0010932403086156629,7.739716813158304e-06,0.0010932403086156629,0.003950320802643977,0.0011009800254288213,False,False,1.0,1.3712548906291944,9.836757095354996e-09,0.1857457970822352,0.7245855587909549,1.0,1.3925933828232653,2.2703353313598804e-07,0.19385982732983553,0.712853043413626,0.16441436476288365,0.1929391524663053,0.004444462810626325,0.007182259614129476,True,AP3.2,100.0,8.3,5.767844763153473e+19,$(U_{0.8}Pu_{0.2})N$
B3_Nd0_2p10e19_rho5p0e13_AP3p2,rizk2025_refit_plot,rizk2025_refit_full,1025.0,1.1,50000000000000.0,1.5011557876837086e+23,4.664505911856542e+25,3.887929123077702e+25,2.501824243492979e+23,2.0343577488748327e+19,1.618861575556661,45.198336851209376,0.44460521348230997,0.7868343303036396,1.2314395437859496,0.04027910634156883,1.2717186501275184,8877486167545.215,2.2193715418863037e+18,52.71616191559416,0.056945398150826845,16462246988.827972,42112322.2808695,390.91282781871973,1371725534.7564275,1371334049.5073717,120563980.5006462,49116851.518411554,1.000285477669862,2.4546357670229035,0.16612001383305547,51.61807941317023,43.024371288217644,5.1914292847790815,5.1914292847790815,0.0,4.6912734578920987e+24,4.6912734578920987e+24,0.0,9.03657393860029e+25,9.03657393860029e+25,1.0199515038063347,7.179423199705173e+16,0.005392725227875453,5.2326414183583e-07,6.005589313042046e-07,6.005589313042046e-07,0.008513090890832548,0.008513090890832548,4.7669481891543233e+20,8.604937988593465e-06,6.859556067606377e-19,5.3696749456684256e-24,5.369674945668426e-23,3.398959714178951e-24,1.3842827431568335e+19,50000000000000.0,50000000000000.0,0.0,0.003942974777656496,0.001100029398478676,1.243092396968002e-05,4.226879947048791e-06,1.243092396968002e-05,4.226879947048791e-06,2.25392048504097e-29,4.77345658625603e+18,1.3386297142825038e+19,0.013411758790330613,8.765399952448175e-22,-128418.72217398015,1.056463978365641e+21,0.0,0.0,0.0,0.0,0.0,0.3333333333333333,0.3333333333333333,2.0,6.624193185834588e-28,1.1430128592985717e-21,0.0,6.859556060982184e-19,,0.0,0.0,0.0,0.0,0.0,6.624193185834588e-28,6.859556060982184e-19,0.0016663073353920743,17.0,1.166124531493084e-17,3.398959714178951e-30,5.369671546708712e-24,,,3.398959714178951e-30,5.369671546708712e-24,10.0,,7.978845608028655e-08,3.2312574248336765,48161048012766.8,7.962683576091078e-06,0.0010920667149025849,7.962683576091078e-06,0.0010920667149025849,0.003942974777656496,0.001100029398478676,False,False,1.0,1.3712540983372783,9.845908019342498e-09,0.18574549210997063,0.7245860004663762,1.0,1.4085929124385956,2.2724501625316303e-07,0.19981630687347662,0.7042645282220439,0.16443396042591876,0.19889678664930566,0.0044460521348230995,0.007868343303036396,True,AP3.2,100.0,8.3,5.767844763153473e+19,$(U_{0.8}Pu_{0.2})N$
B3_Nd0_2p10e19_rho5p0e13_AP3p2,rizk2025_refit_plot,rizk2025_refit_full,1050.0,1.1,50000000000000.0,1.5000024999161935e+23,4.653840377382202e+25,3.899113705055309e+25,2.4950499333900773e+23,2.028261813590281e+19,1.6205809030146747,46.61193313447826,0.44481559139200727,0.8604070650454071,1.3052226564374145,0.04068923494255577,1.3459118913799701,8870514486267.633,2.2176286215669082e+18,52.90833329718767,0.0573162850634394,7931236198.288317,41959363.707985185,189.02184154853956,1370166786.0040965,1369879156.215071,106855593.08633085,47627288.780217834,1.0002099672717266,2.243579171164446,0.16599238938430405,51.500053106443715,43.14814144772281,5.185813056449198,5.185813056449198,0.0,4.686198311636193e+24,4.686198311636193e+24,0.0,9.03657393860029e+25,9.036573938600293e+25,1.0218462439779377,7.168402992548613e+16,0.005390437334517405,5.201998978036061e-07,6.765344142953503e-07,6.765344142953503e-07,0.009309327133969368,0.009309327133969368,5.295562234620992e+20,9.196196677297266e-06,6.859556086571999e-19,7.957391575121721e-24,7.957391575121721e-23,1.5366002896313798e-23,1.3842827431568335e+19,50000000000000.0,50000000000000.0,0.0,0.003935992753532546,0.0010990774108384901,1.2427174182834141e-05,4.207774412533496e-06,1.2427174182834141e-05,4.207774412533496e-06,2.544299805470394e-29,4.938009777603823e+18,1.5347886452168342e+19,0.02854924252717929,8.843305188552408e-22,-129297.3039059313,1.0558234520944441e+21,0.0,0.0,0.0,0.0,0.0,0.3333333333333333,0.3333333333333333,2.0,2.558981501392922e-27,2.43157518657149e-21,0.0,6.859556060982184e-19,,0.0,0.0,0.0,0.0,0.0,2.558981501392922e-27,6.859556060982184e-19,0.003544799628260854,17.0,1.1661245347172398e-17,1.5366002896313797e-29,7.957376209118825e-24,,,1.5366002896313797e-29,7.957376209118825e-24,10.0,,7.978845608028655e-08,3.2312574248336765,48109217708670.72,8.185961155440296e-06,0.0010908914496830498,8.185961155440296e-06,0.0010908914496830498,0.003935992753532546,0.0010990774108384901,False,False,1.0,1.3712712510521647,9.854812092795086e-09,0.18575209454120983,0.7245764385212246,1.0,1.425042337768865,2.2747242857961732e-07,0.20583060092914712,0.6956142325424707,0.16445989190924454,0.20491228172924514,0.004448155913920073,0.008604070650454071,True,AP3.2,100.0,8.3,5.767844763153473e+19,$(U_{0.8}Pu_{0.2})N$
B3_Nd0_2p10e19_rho5p0e13_AP3p2,rizk2025_refit_plot,rizk2025_refit_full,1075.0,1.1,50000000000000.0,1.4988891403557371e+23,4.6438271408112586e+25,3.909625602497187e+25,2.488522719593398e+23,2.021798402684843e+19,1.6223240242429897,48.0327075320924,0.4450850611907314,0.9385073149851584,1.3835923761758897,0.041547518847670856,1.4251398950235605,8856137468699.775,2.214034367174944e+18,53.30657226277456,0.05808806728741361,3956109729.1375175,41645896.6646086,94.99398610618672,1368624122.973551,1368407276.7373943,95723543.33324179,46218506.38997889,1.00015846615247,2.0711085409284578,0.1658691834471844,51.389245220191924,43.26446758540841,5.1804180109524784,5.1804180109524784,0.0,4.681323038882872e+24,4.681323038882872e+24,0.0,9.03657393860029e+25,9.03657393860029e+25,1.0238631355935783,7.157772522102005e+16,0.005387915839349504,5.171481630027241e-07,7.55936447794168e-07,7.55936447794168e-07,0.010156080908319426,0.010156080908319426,5.8538129600235726e+20,9.829995391068571e-06,6.85955615381511e-19,1.1545833192879147e-23,1.1545833192879148e-22,6.475908336901747e-23,1.3842827431568335e+19,50000000000000.0,50000000000000.0,0.0,0.003929431976138484,0.0010981329022590313,1.24233745126455e-05,4.189669437967426e-06,1.24233745126455e-05,4.189669437967426e-06,2.848488104065962e-29,5.099291821110987e+18,1.7392099801353052e+19,0.05878512932712199,9.000987553088716e-22,-131051.35337734372,1.0552054354719676e+21,0.0,0.0,0.0,0.0,0.0,0.3333333333333333,0.3333333333333333,2.0,9.283292620781236e-27,4.406311478811802e-21,0.0,6.859556060982184e-19,,0.0,0.0,0.0,0.0,0.0,9.283292620781236e-27,6.859556060982184e-19,0.006423610187025182,17.0,1.1661245461485687e-17,6.475908336901747e-29,1.1545768433795778e-23,,,6.475908336901747e-29,1.1545768433795778e-23,10.0,,7.978845608028655e-08,3.2312574248336765,48057794584368.37,8.407477204258959e-06,0.0010897254250547724,8.407477204258959e-06,0.0010897254250547724,0.003929431976138484,0.0010981329022590313,False,False,1.0,1.3713090422519703,9.863421931978479e-09,0.1857666406865848,0.7245553722089413,1.0,1.4418105461832167,2.2771454768594768e-07,0.2118507380816304,0.6869779013191631,0.16449309520273497,0.21093365950354248,0.004450850611907314,0.009385073149851583,True,AP3.2,100.0,8.3,5.767844763153473e+19,$(U_{0.8}Pu_{0.2})N$
B3_Nd0_2p10e19_rho5p0e13_AP3p2,rizk2025_refit_plot,rizk2025_refit_full,1100.0,1.1,50000000000000.0,1.4978141465367719e+23,4.634499093518921e+25,3.919430411899466e+25,2.4822616382516254e+23,2.015007484947056e+19,1.624091270701397,49.45077397266423,0.4454176898467164,1.0206681267081579,1.4660858165548742,0.04323590391121319,1.5093217204660874,8828371328300.146,2.2070928320750364e+18,54.07565969227449,0.059588891598964924,2038451320.1661768,41053590.702975005,49.653423373231455,1367085890.1950428,1366918251.4854894,86579639.69775112,44893129.50343686,1.000122639894062,1.9285721591568457,0.16575022311705603,51.286019735005645,43.37296898725494,5.175261054622345,5.175261054622345,0.0,4.6766629171653327e+24,4.6766629171653327e+24,0.0,9.03657393860029e+25,9.036573938600288e+25,1.0259910839446948,7.147516102724521e+16,0.005385163385076246,5.141219760468788e-07,8.381127352725552e-07,8.381127352725552e-07,0.011048681311457904,0.011048681311457904,6.438240664079029e+20,1.050425898541832e-05,6.859556378595706e-19,1.6429338076549502e-23,1.6429338076549503e-22,2.556484784617257e-22,1.3842827431568335e+19,50000000000000.0,50000000000000.0,0.0,0.0039233240356802215,0.001097203108095615,1.2419524314935262e-05,4.172604733067676e-06,1.2419524314935262e-05,4.172604733067676e-06,3.1639958521020046e-29,5.25654691331891e+18,1.9499854144129667e+19,0.11754100323513901,9.30650288429091e-22,-134401.85024270575,1.0546091884581665e+21,0.0,0.0,0.0,0.0,0.0,0.3333333333333333,0.3333333333333333,2.0,3.1761352235744896e-26,6.934054381604572e-21,0.0,6.859556060982184e-19,,0.0,0.0,0.0,0.0,0.0,3.1761352235744896e-26,6.859556060982184e-19,0.010108604695255988,17.0,1.1661245843612701e-17,2.556484784617257e-28,1.642908242807104e-23,,,2.556484784617257e-28,1.642908242807104e-23,10.0,,7.978845608028655e-08,3.2312574248336765,48007171618219.75,8.625538856619149e-06,0.0010885775692389959,8.625538856619149e-06,0.0010885775692389959,0.0039233240356802215,0.001097203108095615,False,False,1.0,1.3713689048163205,9.871709061259159e-09,0.1857896809838917,0.7245220045657996,1.0,1.458781095515093,2.2797004991221858e-07,0.21783343502304642,0.6784180987844252,0.16453406227276765,0.21691763009574003,0.004454176898467164,0.010206681267081578,True,AP3.2,100.0,8.3,5.767844763153473e+19,$(U_{0.8}Pu_{0.2})N$
B3_Nd0_2p10e19_rho5p0e13_AP3p2,rizk2025_refit_plot,rizk2025_refit_full,1125.0,1.1,50000000000000.0,1.4967752094192757e+23,4.625862660864541e+25,3.9285211238522695e+25,2.476274334872063e+23,2.0079301452748276e+19,1.6258821539666348,50.85800297665899,0.44581487838885,1.1064075172737997,1.5522223956626497,0.04641490825710434,1.598637303919754,8777458066007.973,2.1943645165019932e+18,55.476631972525496,0.06235481572263517,1082977861.468369,40016848.915764086,27.063046961744778,1365545429.4227676,1365412612.8292305,78990678.17255123,43650947.14825624,1.0000972721302623,1.8095982637963615,0.16563525287229786,51.19044775481646,43.47356808614542,5.170348906165845,5.170348906165845,0.0,4.6722240178928794e+24,4.6722240178928794e+24,0.0,9.03657393860029e+25,9.036573938600291e+25,1.028218516223915,7.137611239844665e+16,0.005382188988096696,5.111308818904831e-07,9.223958769440946e-07,9.223958769440946e-07,0.011982279523241707,0.011982279523241707,7.04527925449939e+20,1.1216488676291722e-05,6.8595570898364e-19,2.2961278689320564e-23,2.2961278689320565e-22,9.494708146321283e-22,1.3842827431568335e+19,50000000000000.0,50000000000000.0,0.0,0.003917681005859581,0.00109629380121078,1.2415624741238933e-05,4.156583306464234e-06,1.2415624741238933e-05,4.156583306464234e-06,3.4882595872022056e-29,5.40977266282944e+18,2.1651878645139247e+19,0.22925897409538093,9.8774955916172e-22,-140527.7370362512,1.0540335462579102e+21,0.0,0.0,0.0,0.0,0.0,0.3333333333333333,0.3333333333333333,2.0,1.028854216590493e-25,9.636917296725955e-21,0.0,6.859556060982184e-19,,0.0,0.0,0.0,0.0,0.0,1.028854216590493e-25,6.859556060982184e-19,0.014048891452488508,17.0,1.166124705272188e-17,9.494708146321284e-28,2.2960329218505932e-23,,,9.494708146321284e-28,2.2960329218505932e-23,10.0,,7.978845608028655e-08,3.2312574248336765,47957660245650.88,8.838805012130069e-06,0.00108745499619865,8.838805012130069e-06,0.00108745499619865,0.003917681005859581,0.00109629380121078,False,False,1.0,1.3714513280415181,9.879659921425897e-09,0.18582140197132146,0.7244760657734035,1.0,1.47585226803092,2.2823755362903576e-07,0.22374350182472053,0.6699851762816987,0.16458295393143205,0.22282899726439667,0.0044581487838885,0.011064075172737997,True,AP3.2,100.0,8.3,5.767844763153473e+19,$(U_{0.8}Pu_{0.2})N$
B3_Nd0_2p10e19_rho5p0e13_AP3p2,rizk2025_refit_plot,rizk2025_refit_full,1150.0,1.1,50000000000000.0,1.4957695075076973e+23,4.617905167835316e+25,3.936910527283674e+25,2.470559864289857e+23,2.0006072999322984e+19,1.6276956822612263,52.24787900897105,0.44627609617277164,1.195243673463317,1.6415197696360886,0.052188300701663415,1.693708070337752,8688875224387.88,2.17221880609697e+18,57.882912351702146,0.06719630185319514,592442696.8051791,38353287.86691082,15.44698589755866,1363999083.3812616,1363891312.235917,72632694.82322085,42489763.06997692,1.0000790173999774,1.709416329378,0.16552396048223814,51.10238901614743,43.566406406159246,5.165680617211107,5.165680617211107,0.0,4.6680054840622546e+24,4.6680054840622546e+24,0.0,9.03657393860029e+25,9.036573938600291e+25,1.0305337545542734,7.128031284931867e+16,0.005379005516247984,5.081817521335168e-07,1.0081218173245546e-06,1.0081218173245546e-06,0.012952000833694724,0.012952000833694724,7.671352797746957e+20,1.1963970531823189e-05,6.859559227741158e-19,3.156009871203467e-23,3.1560098712034666e-22,3.330768464716398e-21,1.3842827431568335e+19,50000000000000.0,50000000000000.0,0.0,0.003912500714449634,0.0010954094945482113,1.2411678041859142e-05,4.141582137879994e-06,1.2411678041859142e-05,4.141582137879994e-06,3.818715528060836e-29,5.559397239994611e+18,2.382927508910466e+19,0.4384969364910162,1.0910628692151228e-21,-151208.53295394967,1.0534771031627625e+21,0.0,0.0,0.0,0.0,0.0,0.3333333333333333,0.3333333333333333,2.0,3.1667589742037936e-25,1.2004150054659163e-20,0.0,6.859556060982184e-19,,0.0,0.0,0.0,0.0,0.0,3.1667589742037936e-25,6.859556060982184e-19,0.017499885424288566,17.0,1.1661250687159969e-17,3.330768464716398e-27,3.155676794356995e-23,,,3.330768464716398e-27,3.155676794356995e-23,10.0,,7.978845608028655e-08,3.2312574248336765,47909497992921.48,9.046253959930877e-06,0.0010863632405882803,9.046253959930877e-06,0.0010863632405882803,0.003912500714449634,0.0010954094945482113,False,False,1.0,1.3715561143317312,9.887272403145419e-09,0.18586172513813534,0.724417669990256,1.0,1.4929368765962208,2.2851566385556397e-07,0.22955315173895482,0.661718383824754,0.16463969080206392,0.2286399682844405,0.004462760961727716,0.011952436734633169,True,AP3.2,100.0,8.3,5.767844763153473e+19,$(U_{0.8}Pu_{0.2})N$
B3_Nd0_2p10e19_rho5p0e13_AP3p2,rizk2025_refit_plot,rizk2025_refit_full,1175.0,1.1,50000000000000.0,1.4947937514444295e+23,4.610600375781928e+25,3.944625480753183e+25,2.465110761277178e+23,1.993078290728416e+19,1.6295306003609529,53.6153858789729,0.4467994274207314,1.2867117772721304,1.733511204692862,0.06232429175063134,1.7958354964434935,8543571813099.695,2.1358929532749238e+18,61.75703945945122,0.07521309741425607,333604134.23752564,35947319.03328397,9.280362018893213,1362444999.0959463,1362355514.8386009,67259755.20224856,41406024.84912169,1.0000656834845023,1.6243953735557708,0.16541598194193097,51.02155315840952,43.651781167898925,5.161249691749619,5.161249691749619,0.0,4.6640014455073386e+24,4.6640014455073386e+24,0.0,9.03657393860029e+25,9.03657393860029e+25,1.0329254406351573,7.118746912447484e+16,0.005375627687278391,5.052792792658749e-07,1.0946498894520243e-06,1.0946498894520243e-06,0.013953118232163435,0.013953118232163435,8.312988495996906e+20,1.2743937450389759e-05,6.859565352766219e-19,4.2715948930300983e-23,4.271594893030099e-22,1.1076769180051558e-20,1.3842827431568335e+19,50000000000000.0,50000000000000.0,0.0,0.003907771055695947,0.001094553730343322,1.2407687038389907e-05,4.1275601355928485e-06,1.2407687038389907e-05,4.1275601355928485e-06,4.152879337336359e-29,5.706023968104788e+18,2.601408533312508e+19,0.8270670899389829,1.2723467883013084e-21,-168829.38002763013,1.0529383630981751e+21,0.0,0.0,0.0,0.0,0.0,0.3333333333333333,0.3333333333333333,2.0,9.291784035179553e-25,1.35764246380118e-20,0.0,6.859556060982184e-19,,0.0,0.0,0.0,0.0,0.0,9.291784035179553e-25,6.859556060982184e-19,0.019791960481194207,17.0,1.1661261099702572e-17,1.1076769180051557e-26,4.2704872161120934e-23,,,1.1076769180051557e-26,4.2704872161120934e-23,10.0,,7.978845608028655e-08,3.2312574248336765,47862855479790.6,9.247154618227968e-06,0.001085306575725094,9.247154618227968e-06,0.001085306575725094,0.003907771055695947,0.001094553730343322,False,False,1.0,1.3716825706556943,9.894553261919856e-09,0.18591038073030938,0.7243472084426149,1.0,1.5099623173717072,2.2880302314316537e-07,0.23524141519698377,0.6536468334870967,0.16470402126043462,0.23432956807845814,0.004467994274207314,0.012867117772721304,True,AP3.2,100.0,8.3,5.767844763153473e+19,$(U_{0.8}Pu_{0.2})N$
B3_Nd0_2p10e19_rho5p0e13_AP3p2,rizk2025_refit_plot,rizk2025_refit_full,1200.0,1.1,50000000000000.0,1.4938439071585548e+23,4.603912037061046e+25,3.951703206889034e+25,2.4599141232647508e+23,1.9853791021294105e+19,1.6313856030120653,54.956971099606065,0.44738192231085233,1.3803856075210417,1.8277675298318938,0.07948696679753704,1.907254496629431,8320934090689.09,2.0802335226722724e+18,67.56500139701195,0.08767922960757116,193627018.06419542,32857247.896070927,5.892977363066046,1360882359.8988357,1360806418.7284493,62682197.66112386,40395239.32234892,1.0000558060054252,1.551722398793774,0.1653108708354067,50.94753906007617,43.730104282211286,5.157045786877167,5.157045786877167,0.0,4.6602025557862634e+24,4.6602025557862634e+24,0.0,9.03657393860029e+25,9.036573938600293e+25,1.0353830968438356,7.10972605541288e+16,0.00537207021209791,5.024260774376651e-07,1.1813858942387546e-06,1.1813858942387546e-06,0.014981283210951168,0.014981283210951168,8.96696463481167e+20,1.3553813255060136e-05,6.859582128801389e-19,5.699970868482597e-23,5.699970868482596e-22,3.503783313863259e-20,1.3842827431568335e+19,50000000000000.0,50000000000000.0,0.0,0.0039034735227019743,0.0010937295598236398,1.24036546564877e-05,4.114463429746323e-06,1.24036546564877e-05,4.114463429746323e-06,4.488437741570838e-29,5.850274894886611e+18,2.8189899314303074e+19,1.5455515609410713,1.5810244227264314e-21,-196038.23463449613,1.0524158861677722e+21,0.0,0.0,0.0,0.0,0.0,0.3333333333333333,0.3333333333333333,2.0,2.6067819204802983e-24,1.4100662152237733e-20,0.0,6.859556060982184e-19,,0.0,0.0,0.0,0.0,0.0,2.6067819204802983e-24,6.859556060982184e-19,0.0205561532575478,17.0,1.1661289618962361e-17,3.503783313863259e-26,5.696467085168733e-23,,,3.503783313863259e-26,5.696467085168733e-23,10.0,,7.978845608028655e-08,3.2312574248336765,47817841033367.44,9.441050253126577e-06,0.0010842885095705133,9.441050253126577e-06,0.0010842885095705133,0.0039034735227019743,0.0010937295598236398,False,False,1.0,1.3718296302034796,9.901516789785864e-09,0.1859669547310263,0.7242652813569195,1.0,1.5268715000908537,2.2909837894354317e-07,0.24079387006675623,0.6457900124064795,0.16477556536044471,0.23988336969273338,0.004473819223108523,0.013803856075210418,True,AP3.2,100.0,8.3,5.767844763153473e+19,$(U_{0.8}Pu_{0.2})N$
B3_Nd0_2p10e19_rho5p0e13_AP3p2,rizk2025_refit_plot,rizk2025_refit_full,1225.0,1.1,50000000000000.0,1.4929142902078235e+23,4.597795150483209e+25,3.9581899222807215e+25,2.4549512399630217e+23,1.977539705313728e+19,1.6332595961831713,56.27066151372383,0.44801972547711355,1.475910027963189,1.9239297534403024,0.10731487248152524,2.0312446259218278,8005480656346.389,2.0013701640865969e+18,75.64345256616416,0.10573314770437094,116274004.83626458,29348210.911687307,3.9618771033828475,1359310809.5458643,1359245036.8502386,58751023.303285874,39452175.25936789,1.000048389137972,1.489170696344189,0.16520799811427944,50.879848731646405,43.801887188385265,5.153056081854056,5.153056081854056,0.0,4.656597229342808e+24,4.656597229342808e+24,0.0,9.03657393860029e+25,9.03657393860029e+25,1.0378979887934547,7.100931341457682e+16,0.0053683454348397,4.996222425804731e-07,1.2678109497550845e-06,1.2678109497550845e-06,0.01603288277084355,0.01603288277084355,9.630528706812993e+20,1.4391470680020682e-05,6.859626178147597e-19,7.507910714821752e-23,7.507910714821752e-22,1.057421518979397e-19,1.3842827431568335e+19,50000000000000.0,50000000000000.0,0.0,0.003899586443934149,0.0010929404739479112,1.2399583357131716e-05,4.102227969391605e-06,1.2399583357131716e-05,4.102227969391605e-06,4.823362920945793e-29,5.992714868222073e+18,3.0342565248717877e+19,2.8667876388250257,2.090903590345193e-21,-234917.43214328308,1.0519084835246063e+21,0.0,0.0,0.0,0.0,0.0,0.3333333333333333,0.3333333333333333,2.0,7.011716541319382e-24,1.3584525954125257e-20,0.0,6.859556060982184e-19,,0.0,0.0,0.0,0.0,0.0,7.011716541319382e-24,6.859556060982184e-19,0.01980359512505342,17.0,1.1661364502850915e-17,1.057421518979397e-25,7.497336499631958e-23,,,1.057421518979397e-25,7.497336499631958e-23,10.0,,7.978845608028655e-08,3.2312574248336765,47774500698024.73,9.627767136605946e-06,0.0010833127068113054,9.627767136605946e-06,0.0010833127068113054,0.003899586443934149,0.0010929404739479112,False,False,1.0,1.3719958920875368,9.908185402419334e-09,0.18603090433431185,0.7241726755145385,1.0,1.5436256345019888,2.2940068733872417e-07,0.24620297897941046,0.6381574399519148,0.16485383143060886,0.2452938319943977,0.004480197254771136,0.01475910027963189,True,AP3.2,100.0,8.3,5.767844763153473e+19,$(U_{0.8}Pu_{0.2})N$
B3_Nd0_2p10e19_rho5p0e13_AP3p2,rizk2025_refit_plot,rizk2025_refit_full,1250.0,1.1,50000000000000.0,1.4919953609869804e+23,4.592194153851034e+25,3.964142552755439e+25,2.4501948088444168e+23,1.9695796316943196e+19,1.6351521403850533,57.556444682540715,0.4487079107643078,1.5730554495146816,2.0217633602789893,0.15001633077012788,2.1717796910491174,7595945705485.64,1.8989864263714097e+18,86.07282784241812,0.1298957847325172,72697635.55715398,25792111.815640233,2.8185995810188147,1357729862.4356256,1357671830.7552862,55346196.66580682,38570832.72333219,1.000042743525368,1.4349235616146527,0.16510630811239524,50.81786731401809,43.867759835642545,5.149266542226973,5.149266542226973,0.0,4.6531727838394693e+24,4.6531727838394693e+24,0.0,9.03657393860029e+25,9.03657393860029e+25,1.0404645906046408,7.092312824412743e+16,0.005364459242505944,4.968640702231371e-07,1.353520318387203e-06,1.353520318387203e-06,0.01710564837332611,0.01710564837332611,1.0301747286975903e+21,1.5255788284240133e-05,6.859737343204004e-19,9.775347450615735e-23,9.775347450615735e-22,3.0533079764031823e-19,1.3842827431568335e+19,50000000000000.0,50000000000000.0,0.0,0.0038960889445214157,0.0010921923660804646,1.2395474175232052e-05,4.090779119662625e-06,1.2395474175232052e-05,4.090779119662625e-06,5.156066614752782e-29,6.133827350830383e+18,3.2461090793105072e+19,5.262836503052299,2.9062897437108263e-21,-285909.50529187225,1.0514155690774401e+21,0.0,0.0,0.0,0.0,0.0,0.3333333333333333,0.3333333333333333,2.0,1.8128222181985484e-23,1.2247278119517971e-20,0.0,6.859556060982184e-19,,0.0,0.0,0.0,0.0,0.0,1.8128222181985484e-23,6.859556060982184e-19,0.017853858692784275,17.0,1.1661553483446806e-17,3.0533079764031822e-25,9.744814370851704e-23,,,3.0533079764031822e-25,9.744814370851704e-23,10.0,,7.978845608028655e-08,3.2312574248336765,47732810423213.63,9.807468332452646e-06,0.001082384897748012,9.807468332452646e-06,0.001082384897748012,0.0038960889445214157,0.0010921923660804646,False,False,1.0,1.3721795493322055,9.914593478338652e-09,0.18610153048835154,0.7240704039672133,1.0,1.5602104847392049,2.297092894404021e-07,0.2514694833688154,0.630746850367205,0.1649381967205963,0.2505616943600871,0.004487079107643078,0.015730554495146817,True,AP3.2,100.0,8.3,5.767844763153473e+19,$(U_{0.8}Pu_{0.2})N$
B3_Nd0_2p10e19_rho5p0e13_AP3p2,rizk2025_refit_plot,rizk2025_refit_full,1275.0,1.1,50000000000000.0,1.4910688370572325e+23,4.587036475081478e+25,3.969635081357391e+25,2.4456018126034495e+23,1.9615002639615304e+19,1.6370643370948714,58.817095419154406,0.44943987372593586,1.6718130141790224,2.121252887904958,0.21107971082079402,2.332332598725752,7112433389730.0,1.7781083474325e+18,98.58782117155421,0.1595680039540494,47712725.67565306,22517994.348784152,2.1188710209543724,1356138032.5810137,1356085982.5091567,52367273.31269001,37744128.37253153,1.0000383825749461,1.3874283384114532,0.16500377766932653,50.76079171429855,43.92854093077075,5.145663577261395,5.145663577261395,0.0,4.649916937908506e+24,4.649916937908506e+24,0.0,9.03657393860029e+25,9.036573938600291e+25,1.043083166398511,7.083791374990493e+16,0.005360402833840081,4.941413804779027e-07,1.4382771191546714e-06,1.4382771191546714e-06,0.01819973104958741,0.01819973104958741,1.0980085213577946e+21,1.614756765573208e-05,6.860007613635873e-19,1.260338808442629e-22,1.260338808442629e-21,8.457331924393166e-19,1.3842827431568335e+19,50000000000000.0,50000000000000.0,0.0,0.0038929677536166784,0.0010914977489829044,1.2391324800841302e-05,4.0800275678143125e-06,1.2391324800841302e-05,4.0800275678143125e-06,5.485614164976383e-29,6.274019619806221e+18,3.4538822905802682e+19,9.478220221841452,4.160836224343738e-21,-347180.5330656932,1.0509378761661696e+21,0.0,0.0,0.0,0.0,0.0,0.3333333333333333,0.3333333333333333,2.0,4.5155265368944576e-23,1.0414017716058635e-20,0.0,6.859556060982184e-19,,0.0,0.0,0.0,0.0,0.0,4.5155265368944576e-23,6.859556060982184e-19,0.015180766994133262,17.0,1.1662012943180985e-17,8.457331924393166e-25,1.2518814765182357e-22,,,8.457331924393166e-25,1.2518814765182357e-22,10.0,,7.978845608028655e-08,3.2312574248336765,47692655718734.31,9.980786104783743e-06,0.0010815169628781206,9.980786104783743e-06,0.0010815169628781206,0.0038929677536166784,0.0010914977489829044,False,False,1.0,1.3723781437199392,9.920797110222182e-09,0.1861778839474094,0.7239598420195801,1.0,1.5766486734905125,2.3002422238460487e-07,0.25660554595283014,0.6235399575785103,0.16502783414437341,0.25569912029554387,0.004494398737259359,0.016718130141790223,True,AP3.2,100.0,8.3,5.767844763153473e+19,$(U_{0.8}Pu_{0.2})N$
B3_Nd0_2p10e19_rho5p0e13_AP3p2,rizk2025_refit_plot,rizk2025_refit_full,1300.0,1.1,50000000000000.0,1.4900973888636083e+23,4.582218569424568e+25,3.974772331154776e+25,2.4410984149382742e+23,1.953271550310872e+19,1.6390006695499968,60.059700612571916,0.45020601277940536,1.772559094381988,2.222765107161393,0.2910111162714517,2.5137762234328447,6596338083375.137,1.6490845208437842e+18,112.51646173671779,0.1927596383396943,33160560.620849818,19730446.24523188,1.6806797073261077,1354531233.9962294,1354483888.4108098,49725224.37465958,36963221.21751139,1.000034954705497,1.345262202177936,0.16489627584394173,50.707476091700364,43.985390460606844,5.142237171848868,5.142237171848868,0.0,4.6468206413231145e+24,4.6468206413231145e+24,0.0,9.03657393860029e+25,9.036573938600291e+25,1.0457642599792865,7.0752235301937416e+16,0.005356135630829461,4.91432559638713e-07,1.5220826601121118e-06,1.5220826601121118e-06,0.01931957294545855,0.01931957294545855,1.1667344892437882e+21,1.7071280440085298e-05,6.860642029484949e-19,1.6132812103425e-22,1.6132812103425001e-21,2.2525702314749626e-18,1.3842827431568335e+19,50000000000000.0,50000000000000.0,0.0,0.00389023126375128,0.0010908846966764332,1.2387125598659952e-05,4.069860525126227e-06,1.2387125598659952e-05,4.069860525126227e-06,5.812007333868527e-29,6.413644544101345e+18,3.6574883986782327e+19,16.49758370490591,5.992812344020667e-21,-414981.8019575833,1.0504789494444841e+21,0.0,0.0,0.0,0.0,0.0,0.3333333333333333,0.3333333333333333,2.0,1.085968502764781e-22,8.409787168749566e-21,0.0,6.859556060982184e-19,,0.0,0.0,0.0,0.0,0.0,1.085968502764781e-22,6.859556060982184e-19,0.012258017737417087,17.0,1.1663091450124414e-17,2.2525702314749626e-24,1.5907555080277505e-22,,,2.2525702314749626e-24,1.5907555080277505e-22,10.0,,7.978845608028655e-08,3.2312574248336765,47653792673424.586,1.0149085868070449e-05,0.0010807356108083629,1.0149085868070449e-05,0.0010807356108083629,0.00389023126375128,0.0010908846966764332,False,False,1.0,1.372588035041094,9.926894807218909e-09,0.18625856172536048,0.7238430218750903,1.0,1.5930217728906289,2.303467605136659e-07,0.26164059645676874,0.6164945137105687,0.16512155264585832,0.2607355450943466,0.0045020601277940536,0.01772559094381988,True,AP3.2,100.0,8.3,5.767844763153473e+19,$(U_{0.8}Pu_{0.2})N$
B3_Nd0_2p10e19_rho5p0e13_AP3p2,rizk2025_refit_plot,rizk2025_refit_full,1325.0,1.1,50000000000000.0,1.489003723508032e+23,4.577579805243342e+25,3.979715661077797e+25,2.4365503663611635e+23,1.9448103558546977e+19,1.640972781360431,61.29814555394067,0.4509912698708141,1.8763241823883965,2.3273154522592105,0.3849829863856074,2.712298438644818,6100433793753.82,1.525108448438455e+18,126.77709094522716,0.22632021422583093,24587817.079822082,17511050.170406025,1.4041314964293754,1352899637.4210632,1352856077.332089,47334873.039626114,36216430.03941223,1.000032198612775,1.3069999717839205,0.16477524929527326,50.65614287390406,44.04009404579974,5.138987831000905,5.138987831000905,0.0,4.643884350440681e+24,4.643884350440681e+24,0.0,9.03657393860029e+25,9.036573938600286e+25,1.0485360856425476,7.066330334392762e+16,0.005351550298267231,4.886961230451115e-07,1.605249003048924e-06,1.605249003048924e-06,0.020476989277993057,0.020476989277993057,1.2369072155262643e+21,1.8038042815478792e-05,6.862082708120544e-19,2.058576297173614e-22,2.0585762971736138e-21,5.78187606487805e-18,1.3842827431568335e+19,50000000000000.0,50000000000000.0,0.0,0.003887939915408893,0.00109041534590568,1.2382851444347683e-05,4.0601275561000175e-06,1.2382851444347683e-05,4.0601275561000175e-06,6.136483433703962e-29,6.553033823247694e+18,3.857539735158671e+19,27.208236143370222,8.474869403643763e-21,-484706.4898970929,1.0500481977597999e+21,0.0,0.0,0.0,0.0,0.0,0.3333333333333333,0.3333333333333333,2.0,2.5266471383605937e-22,6.489382211733226e-21,0.0,6.859556060982184e-19,,0.0,0.0,0.0,0.0,0.0,2.5266471383605937e-22,6.859556060982184e-19,0.00945686971107727,17.0,1.1665540603804926e-17,5.78187606487805e-24,2.0007575365248335e-22,,,5.78187606487805e-24,2.0007575365248335e-22,10.0,,7.978845608028655e-08,3.2312574248336765,47615785323522.45,1.031493537352949e-05,0.0010801004105321504,1.031493537352949e-05,0.0010801004105321504,0.003887939915408893,0.00109041534590568,False,False,1.0,1.3728034001785026,9.933068186120706e-09,0.18634132322905986,0.7237231883078729,1.0,1.609506316811595,2.3068030681093187e-07,0.2666308204573661,0.6095314277137309,0.1652174995033034,0.2657271677460415,0.004509912698708141,0.018763241823883964,True,AP3.2,100.0,8.3,5.767844763153473e+19,$(U_{0.8}Pu_{0.2})N$
B3_Nd0_2p10e19_rho5p0e13_AP3p2,rizk2025_refit_plot,rizk2025_refit_full,1350.0,1.1,50000000000000.0,1.4876295510177186e+23,4.572857828558527e+25,3.984726587907956e+25,2.4317080409968952e+23,1.935949213908859e+19,1.643007034603661,62.55653038342426,0.4517709578946456,1.9851829151626101,2.4369538730572557,0.48255580183255126,2.919509674889807,5672118413804.997,1.4180296034512494e+18,140.04940243138964,0.2567963650780957,19522399.320816696,15851549.249469886,1.2315767382465517,1351221488.5912106,1351181068.153811,45108544.534865916,35487901.68497322,1.0000299148932383,1.271096412949273,0.16462318143198232,50.60388881482261,44.095545667888004,5.135942335857431,5.135942335857431,0.0,4.6411322662363157e+24,4.6411322662363157e+24,0.0,9.03657393860029e+25,9.036573938600291e+25,1.0514553647303373,7.056558301716401e+16,0.005346403058364832,4.858578550867814e-07,1.6884064451824932e-06,1.6884064451824932e-06,0.021695687476721553,0.021695687476721553,1.3096275160511144e+21,1.9070213331546654e-05,6.865253628289335e-19,2.635683646760266e-22,2.6356836467602656e-21,1.4331663655150738e-17,1.3842827431568335e+19,50000000000000.0,50000000000000.0,0.0,0.0038862713459129608,0.0010902231662494593,1.2378445410018068e-05,4.050623076228066e-06,1.2378445410018068e-05,4.050623076228066e-06,6.461573821152068e-29,6.692542146585992e+18,4.05526877625942e+19,41.65242455544089,1.150528674202138e-20,-551680.5486835181,1.0496669661718653e+21,0.0,0.0,0.0,0.0,0.0,0.3333333333333333,0.3333333333333333,2.0,5.697567307150379e-22,4.811032795419547e-21,0.0,6.859556060982184e-19,,0.0,0.0,0.0,0.0,0.0,5.697567307150379e-22,6.859556060982184e-19,0.007007800521156197,17.0,1.1670931168091869e-17,1.433166365515074e-23,2.492367010208758e-22,,,1.433166365515074e-23,2.492367010208758e-22,10.0,,7.978845608028655e-08,3.2312574248336765,47577925122774.555,1.048285378263996e-05,0.0010797403124668194,1.048285378263996e-05,0.0010797403124668194,0.0038862713459129608,0.0010902231662494593,False,False,1.0,1.3730144989696074,9.939657897839203e-09,0.18642242530291064,0.7236057612076278,1.0,1.6264242363470904,2.3103170115888565e-07,0.27167197442110086,0.6025175032851753,0.16531265577391982,0.2707697701562238,0.004517709578946456,0.019851829151626102,True,AP3.2,100.0,8.3,5.767844763153473e+19,$(U_{0.8}Pu_{0.2})N$
B3_Nd0_2p10e19_rho5p0e13_AP3p2,rizk2025_refit_plot,rizk2025_refit_full,1375.0,1.1,50000000000000.0,1.4856577498617292e+23,4.567618805571491e+25,3.990234167160762e+25,2.4261092537900693e+23,1.9264025729183113e+19,1.645159182734861,63.872295570556446,0.4525043321056528,2.1026802421893818,2.5551845742950343,0.5714123741490545,3.1265969484440888,5337796822548.01,1.3344492056370025e+18,151.19695442715155,0.28166260286632233,16553068.918652944,14682835.434159633,1.1273754986139946,1349451212.7013924,1349413493.4162066,42954271.11630177,34756853.189152725,1.0000279523551305,1.2358504057469557,0.16440497913879168,50.54591304853515,44.156493315638436,5.133188656687612,5.133188656687612,0.0,4.638643883694191e+24,4.638643883694191e+24,0.0,9.03657393860029e+25,9.03657393860029e+25,1.0546194649634852,7.044816638963786e+16,0.005340179146511127,4.827947933343498e-07,1.772238997183199e-06,1.772238997183199e-06,0.02301632917325758,0.02301632917325758,1.3866358127125012e+21,2.0207412830874444e-05,6.872029686534334e-19,3.420580950408818e-22,3.420580950408818e-21,3.437073971002977e-17,1.3842827431568335e+19,50000000000000.0,50000000000000.0,0.0,0.0038856568829326284,0.001090586096818269,1.2373787125646165e-05,4.041076237117803e-06,1.2373787125646165e-05,4.041076237117803e-06,6.790120466931526e-29,6.832602790703243e+18,4.251726356907326e+19,58.38232230934784,1.4755788435893305e-20,-611524.5222370913,1.0493802448238831e+21,0.0,0.0,0.0,0.0,0.0,0.3333333333333333,0.3333333333333333,2.0,1.2473625552150166e-21,3.443438470919897e-21,0.0,6.859556060982184e-19,,0.0,0.0,0.0,0.0,0.0,1.2473625552150166e-21,6.859556060982184e-19,0.0050108026711049814,17.0,1.1682450467108369e-17,3.437073971002977e-23,3.0768735533085202e-22,,,3.437073971002977e-23,3.0768735533085202e-22,10.0,,7.978845608028655e-08,3.2312574248336765,47539174874381.41,1.0660344059515758e-05,0.0010799257527587534,1.0660344059515758e-05,0.0010799257527587534,0.0038856568829326284,0.001090586096818269,False,False,1.0,1.3732049067202603,9.947298865148817e-09,0.18649556115857888,0.7234998714908056,1.0,1.644292247488986,2.314126890077598e-07,0.27691040683975715,0.5952510479848075,0.16540205985015932,0.2760097421029747,0.004525043321056528,0.021026802421893816,True,AP3.2,100.0,8.3,5.767844763153473e+19,$(U_{0.8}Pu_{0.2})N$
B3_Nd0_2p10e19_rho5p0e13_AP3p2,rizk2025_refit_plot,rizk2025_refit_full,1400.0,1.1,50000000000000.0,1.4824699634560513e+23,4.561158300922436e+25,3.996928875941837e+25,2.418915285158596e+23,1.9157609027235475e+19,1.6475419183317916,65.29491199182812,0.4531256924257225,2.2339216529647885,2.6870473453905106,0.6434816531979595,3.3305289985884703,5097002926512.736,1.274250731628184e+18,159.74266952589556,0.30021875641522877,14836290.937101932,13897351.325032918,1.0675624865565374,1347497239.7792947,1347461922.0904846,40786446.86161786,33999586.37325127,1.0000262105282762,1.1996159722021227,0.16405221420516333,50.474420194130914,44.23057790595511,5.130949685708809,5.130949685708809,0.0,4.636620621014557e+24,4.636620621014557e+24,0.0,9.03657393860029e+25,9.03657393860029e+25,1.0581699298726552,7.0289971957851464e+16,0.0053318422528369986,4.793237074754086e-07,1.8564690177909074e-06,1.8564690177909074e-06,0.02449800118964969,0.02449800118964969,1.469982701075363e+21,2.1511024558150325e-05,6.886110813242972e-19,4.565292615698932e-22,4.565292615698932e-21,7.989389038480301e-17,1.3842827431568335e+19,50000000000000.0,50000000000000.0,0.0,0.0038870577925535703,0.0010920662510345686,1.236863346296303e-05,4.0311769708299955e-06,1.236863346296303e-05,4.0311769708299955e-06,7.121378766185823e-29,6.973794915765479e+18,4.445116969243592e+19,75.02015149830396,1.7815995374322183e-20,-661372.265665257,1.049278499402283e+21,0.0,0.0,0.0,0.0,0.0,0.3333333333333333,0.3333333333333333,2.0,2.6554752260788454e-21,2.389663047018396e-21,0.0,6.859556060982184e-19,,0.0,0.0,0.0,0.0,0.0,2.6554752260788454e-21,6.859556060982184e-19,0.003470265163933658,17.0,1.1706388382513052e-17,7.989389038480301e-23,3.7663537118509016e-22,,,7.989389038480301e-23,3.7663537118509016e-22,10.0,,7.978845608028655e-08,3.2312574248336765,47498260372608.1,1.0859017846784862e-05,0.0010812072331877838,1.0859017846784862e-05,0.0010812072331877838,0.0038870577925535703,0.0010920662510345686,False,False,1.0,1.3733474523542732,9.957151407715608e-09,0.1865503026124083,0.7234206160588781,1.0,1.663813717326154,2.3184035840759645e-07,0.2825357213206744,0.5874733275491938,0.1654777329900697,0.2816367425465895,0.004531256924257225,0.022339216529647883,True,AP3.2,100.0,8.3,5.767844763153473e+19,$(U_{0.8}Pu_{0.2})N$
B3_Nd0_2p10e19_rho5p0e13_AP3p2,rizk2025_refit_plot,rizk2025_refit_full,1425.0,1.1,50000000000000.0,1.4768971520111167e+23,4.552364933306315e+25,4.005888501013581e+25,2.408642638546643e+23,1.9035802316146545e+19,1.6503745093010145,66.87214220488113,0.45353259082772407,2.3844899846656373,2.8380225754933615,0.698134594313073,3.5361571698064345,4929469747993.281,1.2323674369983204e+18,165.98168161213079,0.3134740459224001,13844807.974422188,13374969.927029291,1.0351281572935285,1345182395.205544,1345149229.758911,38558342.05259559,33197680.331496216,1.00002465558906,1.1614769968133425,0.1634355190413989,50.377111549550925,44.32972637895627,5.12972655245142,5.12972655245142,0.0,4.635515327602842e+24,4.635515327602842e+24,0.0,9.03657393860029e+25,9.036573938600291e+25,1.0622645071808214,7.005130497389073e+16,0.005319389211995268,4.7521096971020054e-07,1.9374202240458926e-06,1.9374202240458926e-06,0.026206555162292488,0.026206555162292488,1.560593857768946e+21,2.305916774088693e-05,6.914608654846705e-19,6.376594772569942e-22,6.376594772569942e-21,1.8029544796246132e-16,1.3842827431568335e+19,50000000000000.0,50000000000000.0,0.0,0.0038924929204164275,0.001095768299549128,1.2362511891583085e-05,4.020682994067388e-06,1.2362511891583085e-05,4.020682994067388e-06,7.441545596547336e-29,7.11693617132158e+18,4.624806510148255e+19,90.00711135119693,2.047900954847096e-20,-702240.3526755164,1.0495367518859611e+21,0.0,0.0,0.0,0.0,0.0,0.3333333333333333,0.3333333333333333,2.0,5.505259386452124e-21,1.614130821723305e-21,0.0,6.859556060982184e-19,,0.0,0.0,0.0,0.0,0.0,5.505259386452124e-21,6.859556060982184e-19,0.0023343776955358146,17.0,1.1754834713239397e-17,1.8029544796246133e-22,4.573640292945329e-22,,,1.8029544796246133e-22,4.573640292945329e-22,10.0,,7.978845608028655e-08,3.2312574248336765,47454118103784.016,1.109551459486946e-05,0.0010846727849542583,1.109551459486946e-05,0.0010846727849542583,0.0038924929204164275,0.001095768299549128,False,False,1.0,1.3733984138000361,9.971288227928575e-09,0.18656987103105274,0.7233922850393247,1.0,1.6856984178358807,2.3233378673645445e-07,0.28872429574480046,0.5789478331812375,0.16552725014157588,0.2878272008953095,0.0045353259082772405,0.023844899846656373,True,AP3.2,100.0,8.3,5.767844763153473e+19,$(U_{0.8}Pu_{0.2})N$
B3_Nd0_2p10e19_rho5p0e13_AP3p2,rizk2025_refit_plot,rizk2025_refit_full,1450.0,1.1,50000000000000.0,1.4668089565575938e+23,4.539493932903277e+25,4.018786608575691e+25,2.392723406097313e+23,1.8896311939424936e+19,1.6540675659820503,68.61876321351858,0.4535663686197145,2.5573744214923404,3.010940790112055,0.7399447694908661,3.750885559602921,4808993105498.643,1.2022482763746606e+18,170.63268547134828,0.32319130581490757,13249136.600491334,13010402.982685111,1.0183494406840388,1342177209.463504,1342145898.7873604,36309483.537494704,32352667.055395693,1.0000233288170621,1.1223026366056303,0.16231914512335563,50.234679246219024,44.47245865392849,5.1305429547291315,5.1305429547291315,0.0,4.6362530755574597e+24,4.6362530755574597e+24,0.0,9.03657393860029e+25,9.03657393860029e+25,1.0669941893383283,6.965978212848288e+16,0.00529910903318186,4.702148169259238e-07,2.0045514101941026e-06,2.0045514101941026e-06,0.028180047077554157,0.028180047077554157,1.6552174267487392e+21,2.492112745080568e-05,6.970855980789518e-19,9.468385261965149e-22,9.468385261965149e-21,3.956100289530877e-16,1.3842827431568335e+19,50000000000000.0,50000000000000.0,0.0,0.003905956531794173,0.0011037978321792302,1.2354539057980117e-05,4.009612427855854e-06,1.2354539057980117e-05,4.009612427855854e-06,7.710111032553489e-29,7.263276151116957e+18,4.7633763454932976e+19,103.74011826594896,2.288912265716059e-20,-740251.8237317727,1.050481044014135e+21,0.0,0.0,0.0,0.0,0.0,0.3333333333333333,0.3333333333333333,2.0,1.1129991980733449e-20,1.0648433877683903e-21,0.0,6.859556060982184e-19,,0.0,0.0,0.0,0.0,0.0,1.1129991980733449e-20,6.859556060982184e-19,0.0015275647505886161,17.0,1.1850455167342181e-17,3.9561002895308766e-22,5.512284972434272e-22,,,3.9561002895308766e-22,5.512284972434272e-22,10.0,,7.978845608028655e-08,3.2312574248336765,47406762733070.08,1.1392927812009903e-05,0.0010924049043672202,1.1392927812009903e-05,0.0010924049043672202,0.003905956531794173,0.0011037978321792302,False,False,1.0,1.3732878589286914,9.993355084137152e-09,0.18652741818756688,0.7234537482408459,1.0,1.7102237906136384,2.329040544824006e-07,0.295516734148356,0.5696286576841194,0.16553135936940114,0.29462172798871167,0.004535663686197145,0.025573744214923404,True,AP3.2,100.0,8.3,5.767844763153473e+19,$(U_{0.8}Pu_{0.2})N$
B3_Nd0_2p10e19_rho5p0e13_AP3p2,rizk2025_refit_plot,rizk2025_refit_full,1475.0,1.1,50000000000000.0,1.4485070626754694e+23,4.519678410525916e+25,4.038355614032523e+25,2.3667844556785525e+23,1.874198238539124e+19,1.6593581581124488,70.48583968111691,0.4529682084601516,2.749221730046026,3.2021899385061783,0.77465733438433,3.976847272890508,4713565479208.516,1.178391369802129e+18,174.42171004392907,0.3310028153140765,12853802.674657155,12727773.391516922,1.0099019112977161,1337896541.3682034,1337866686.0717351,34181505.64537606,31495687.7869859,1.0000223155989898,1.0852757328734997,0.16029383176826353,50.015397884587955,44.689012024595236,5.135296259048536,5.135296259048536,0.0,4.6405484341509563e+24,4.6405484341509563e+24,0.0,9.03657393860029e+25,9.03657393860029e+25,1.0722782871228298,6.898893820193298e+16,0.005264463672084339,4.6411457035752827e-07,2.0407691807660507e-06,2.0407691807660507e-06,0.03038511643485001,0.03038511643485001,1.7433741933921957e+21,2.7111842517942628e-05,7.079265455089175e-19,1.504893209395902e-21,1.504893209395902e-20,8.452417180343286e-16,1.3842827431568335e+19,50000000000000.0,50000000000000.0,0.0,0.003934831012776789,0.0011200385103952038,1.2343133775875201e-05,3.998371974095207e-06,1.2343133775875201e-05,3.998371974095207e-06,7.860609919421014e-29,7.414979289146478e+18,4.818729515037661e+19,118.31047148098678,2.54717868264795e-20,-785721.691949673,1.0526944212565486e+21,0.0,0.0,0.0,0.0,0.0,0.3333333333333333,0.3333333333333333,2.0,2.1970939410699096e-20,6.8818538610947975e-22,0.0,6.859556060982184e-19,,0.0,0.0,0.0,0.0,0.0,2.1970939410699096e-20,6.859556060982184e-19,0.0009721141133572748,17.0,1.2034751273651598e-17,8.452417180343286e-22,6.596514913615734e-22,,,8.452417180343286e-22,6.596514913615734e-22,10.0,,7.978845608028655e-08,3.2312574248336765,47357954223179.02,1.1786922119677618e-05,0.0011082515882755261,1.1786922119677618e-05,0.0011082515882755261,0.003934831012776789,0.0011200385103952038,False,False,1.0,1.3728997111243684,1.0029733379147176e-08,0.1863783273926764,0.7236696097934971,1.0,1.7367696654763451,2.3354157592226298e-07,0.30270484668692277,0.559811186454964,0.1654585601573895,0.3018120597992864,0.004529682084601516,0.027492217300460264,True,AP3.2,100.0,8.3,5.767844763153473e+19,$(U_{0.8}Pu_{0.2})N$
B3_Nd0_2p10e19_rho5p0e13_AP3p2,rizk2025_refit_plot,rizk2025_refit_full,1500.0,1.1,50000000000000.0,1.416016397956639e+23,4.487933499896803e+25,4.069351505103206e+25,2.3235982822545387e+23,1.8580011077198283e+19,1.6675055780015957,72.3806139599704,0.4512856688030395,2.9512185078483184,3.402504176651358,0.8071552836736593,4.2096594603250175,4627727107645.257,1.1569317769113142e+18,177.91406945429657,0.33811885617755316,12548789.58834913,12477933.908258362,1.0056784785535586,1331358750.04217,1331329879.3642032,32347302.394560006,30671196.03638283,1.0000216855930406,1.0546475708410243,0.15669836904759188,49.66410423231657,45.032016920934126,5.147180477701718,5.147180477701718,0.0,4.6512876962071536e+24,4.6512876962071536e+24,0.0,9.03657393860029e+25,9.03657393860029e+25,1.0778828199892967,6.783147858312098e+16,0.005204655041747711,4.5659903083236496e-07,2.03648099496983e-06,2.03648099496983e-06,0.032725022102623985,0.032725022102623985,1.8096949112043156e+21,2.956050471972231e-05,7.283547683483441e-19,2.5448943822908676e-21,2.5448943822908677e-20,1.7607759639859707e-15,1.3842827431568335e+19,50000000000000.0,50000000000000.0,0.0,0.003991821995636314,0.0011514306615058299,1.2325607845170546e-05,3.987545156827701e-06,1.2325607845170546e-05,3.987545156827701e-06,7.854732074584471e-29,7.576103812839081e+18,4.7692726584008114e+19,136.921940106656,2.882832560204346e-20,-851608.9737392875,1.0571714296590578e+21,0.0,0.0,0.0,0.0,0.0,0.3333333333333333,0.3333333333333333,2.0,4.239916225012569e-20,4.369022003359254e-22,0.0,6.859556060982184e-19,,0.0,0.0,0.0,0.0,0.0,4.239916225012569e-20,6.859556060982184e-19,0.0005998480676204922,17.0,1.2382031061921849e-17,1.7607759639859707e-21,7.84118418304897e-22,,,1.7607759639859707e-21,7.84118418304897e-22,10.0,,7.978845608028655e-08,3.2312574248336765,47310374157446.22,1.2344483961918623e-05,0.0011390861775439113,1.2344483961918623e-05,0.0011390861775439113,0.003991821995636314,0.0011514306615058299,False,False,1.0,1.3720324626694496,1.009149461715873e-08,0.18604496889624378,0.7241523088357757,1.0,1.764047117278631,2.3421824903038092e-07,0.309920409477314,0.5500034157555447,0.16525344201393513,0.3090298672040382,0.004512856688030395,0.029512185078483185,True,AP3.2,100.0,8.3,5.767844763153473e+19,$(U_{0.8}Pu_{0.2})N$
B3_Nd0_2p10e19_rho5p0e13_AP3p2,rizk2025_refit_plot,rizk2025_refit_full,1525.0,1.1,50000000000000.0,1.3607484549591311e+23,4.4356987583094486e+25,4.119977938970517e+25,2.2521179555772535e+23,1.8413840840862124e+19,1.6805282370446821,74.26419979616755,0.4477310201991841,3.1591591996277786,3.6068902198269623,0.8414695381964205,4.448359758023383,4540522662940.121,1.1351306657350303e+18,181.5479542783747,0.3454376176612918,12271579.586009584,12228174.141780667,1.0035496259478847,1321041571.7409627,1321013209.4561017,30881777.948096108,29893273.018402126,1.0000214700993586,1.033067805224455,0.15058234063095627,49.08606722468218,45.592256168809435,5.171094265877423,5.171094265877423,0.0,4.672897567707332e+24,4.672897567707332e+24,0.0,9.03657393860029e+25,9.03657393860029e+25,1.0836964326106473,6.5880529721914e+16,0.005103439827535193,4.4695493366739543e-07,2.0163962508010963e-06,2.0163962508010963e-06,0.03515540571745419,0.03515540571745419,1.8450395572318443e+21,3.214252171379111e-05,7.660320881786454e-19,4.506949593239524e-21,4.506949593239524e-20,3.580777516173852e-15,1.3842827431568335e+19,50000000000000.0,50000000000000.0,0.0,0.004097377746148036,0.0012100636765889075,1.2297690967214046e-05,3.977318738789969e-06,1.2297690967214046e-05,3.977318738789969e-06,7.786708676525739e-29,7.7539289591167e+18,4.676679356289754e+19,163.54214905042633,3.365664024970974e-20,-950807.7015461752,1.0655075676756902e+21,0.0,0.0,0.0,0.0,0.0,0.3333333333333333,0.3333333333333333,2.0,8.007648208042697e-20,2.7313851877918533e-22,0.0,6.859556060982184e-19,,0.0,0.0,0.0,0.0,0.0,8.007648208042697e-20,6.859556060982184e-19,0.0003565627641377433,17.0,1.3022545499036972e-17,3.5807775161738524e-21,9.261720770656716e-22,,,3.5807775161738524e-21,9.261720770656716e-22,10.0,,7.978845608028655e-08,3.2312574248336765,47265057488106.914,1.3200834829324433e-05,0.001196862841759583,1.3200834829324433e-05,0.001196862841759583,0.004097377746148036,0.0012100636765889075,False,False,1.0,1.3703418722015954,1.019715783805026e-08,0.18539416907606945,0.7250948376864291,1.0,1.791489876169719,2.3492069173684932e-07,0.3170120147444823,0.5404112954764052,0.16481841305097678,0.3161237831439683,0.004477310201991841,0.031591591996277785,True,AP3.2,100.0,8.3,5.767844763153473e+19,$(U_{0.8}Pu_{0.2})N$
B3_Nd0_2p10e19_rho5p0e13_AP3p2,rizk2025_refit_plot,rizk2025_refit_full,1550.0,1.1,50000000000000.0,1.2727035780809602e+23,4.349704213556741e+25,4.202997478642e+25,2.1380203650182434e+23,1.8233148796041388e+19,1.7013729466135448,76.25195129345316,0.44106136323825273,3.3861264394843147,3.8271878027225674,0.8814459549836343,4.708633757706202,4443077208554.876,1.1107693021387191e+18,185.71676873673132,0.3537261448384848,11983066.5224045,11953686.331615169,1.0024578351793978,1304856873.285127,1304828552.974669,29695677.59942974,29114009.049504876,1.0000217042387625,1.0199789918638758,0.14083917054499245,48.134439480174095,46.510962088061206,5.213759261219733,5.213759261219733,0.0,4.7114521062074143e+24,4.7114521062074143e+24,0.0,9.03657393860029e+25,9.036573938600293e+25,1.0900934901468036,6.275404498915862e+16,0.004939874399857956,4.3382743630686376e-07,2.0457177464374544e-06,2.0457177464374544e-06,0.03783646817470507,0.03783646817470507,1.8555075427065893e+21,3.477571754940634e-05,8.341202920002465e-19,8.20455958647652e-21,8.20455958647652e-20,7.11715258415843e-15,1.3842827431568335e+19,50000000000000.0,50000000000000.0,0.0,0.0042822184955520716,0.0013165994270378227,1.2253253508449846e-05,3.967064106369066e-06,1.2253253508449846e-05,3.967064106369066e-06,7.908696603115105e-29,7.959632639128667e+18,4.694790069437261e+19,202.30413896151845,4.0594585828200714e-20,-1089992.656749363,1.0800409852829982e+21,0.0,0.0,0.0,0.0,0.0,0.3333333333333333,0.3333333333333333,2.0,1.4816468590202815e-19,1.6851976248218294e-22,0.0,6.859556060982184e-19,,0.0,0.0,0.0,0.0,0.0,1.4816468590202815e-19,6.859556060982184e-19,0.00020203292510492376,17.0,1.4180044964004192e-17,7.11715258415843e-21,1.0874070023180895e-21,,,7.11715258415843e-21,1.0874070023180895e-21,10.0,,7.978845608028655e-08,3.2312574248336765,47219406800990.375,1.4613035837671896e-05,0.0013019863912001508,1.4613035837671896e-05,0.0013019863912001508,0.0042822184955520716,0.0013165994270378227,False,False,1.0,1.3672938493669586,1.037543037805658e-08,0.18421760112587246,0.7267994140405883,1.0,1.820790590864567,2.3569416350289588e-07,0.3244054670091396,0.5304618378768468,0.16399590551425627,0.3235199426636243,0.004410613632382527,0.033861264394843146,True,AP3.2,100.0,8.3,5.767844763153473e+19,$(U_{0.8}Pu_{0.2})N$
B3_Nd0_2p10e19_rho5p0e13_AP3p2,rizk2025_refit_plot,rizk2025_refit_full,1575.0,1.1,50000000000000.0,1.1447346583753245e+23,4.212581255713648e+25,4.335153838329873e+25,1.9679639790551864e+23,1.8012904547682337e+19,1.7337590575200115,78.60118691613606,0.4296076271202666,3.664035471300622,4.0936430984208885,0.9311445048428683,5.024787603263757,4327698806407.6807,1.0819247016019203e+18,190.80973490033708,0.3636965212411666,11656610.888953999,11634626.509803291,1.0018895646656283,1280483538.0710392,1280454738.143092,28604923.624115765,28243848.30687914,1.0000224919531238,1.01278421103645,0.12667794964699167,46.617017515004704,47.97342297850287,5.2828815568454415,5.2828815568454415,0.0,4.7739149797301637e+24,4.7739149797301637e+24,0.0,9.03657393860029e+25,9.036573938600291e+25,1.0980002830546516,5.811474861409359e+16,0.004693829391896088,4.155223188829232e-07,2.1997320840829866e-06,2.1997320840829866e-06,0.041160885135480774,0.041160885135480774,1.8542604688362226e+21,3.75074334896028e-05,9.547997762466594e-19,1.5110367502995262e-20,1.5110367502995263e-19,1.384090397445483e-14,1.3842827431568335e+19,50000000000000.0,50000000000000.0,0.0,0.0045882997310795195,0.0015057779324753834,1.2184820496099784e-05,3.95560093066221e-06,1.2184820496099784e-05,3.95560093066221e-06,8.51389120169527e-29,8.206578182114246e+18,4.990346433623379e+19,256.67077846510625,5.001242331743531e-20,-1262815.4865492077,1.1037478846042305e+21,0.0,0.0,0.0,0.0,0.0,0.3333333333333333,0.3333333333333333,2.0,2.6884417014844093e-19,1.0281056616639125e-22,0.0,6.859556060982184e-19,,0.0,0.0,0.0,0.0,0.0,2.6884417014844093e-19,6.859556060982184e-19,0.00010767761862130092,17.0,1.623159619619321e-17,1.384090397445483e-20,1.2694635285404309e-21,,,1.384090397445483e-20,1.2694635285404309e-21,10.0,,7.978845608028655e-08,3.2312574248336765,47168360579474.125,1.703291240128165e-05,0.0014887450200741018,1.703291240128165e-05,0.0014887450200741018,0.0045882997310795195,0.0015057779324753834,False,False,1.0,1.3621785576395353,1.0666089091248373e-08,0.18223367399891674,0.7296753982410805,1.0,1.8558522939297948,2.3665084581805443e-07,0.33302088580509115,0.5189351640193193,0.1625638568276606,0.3321390122635364,0.0042960762712026665,0.03664035471300622,True,AP3.2,100.0,8.3,5.767844763153473e+19,$(U_{0.8}Pu_{0.2})N$
B3_Nd0_2p10e19_rho5p0e13_AP3p2,rizk2025_refit_plot,rizk2025_refit_full,1600.0,1.1,50000000000000.0,9.793634380699511e+22,4.006409933427605e+25,4.533786414823147e+25,1.738094078170879e+23,1.7721403149993806e+19,1.781382442302263,81.60513578463534,0.4115602209380097,4.034030618054681,4.445590838992691,0.9945002269756216,5.440091065968312,4189076103776.019,1.0472690259440047e+18,197.17085570925383,0.37591075900588017,11277272.776192022,11259270.504326409,1.0015988843911954,1246253109.287725,1246223128.331088,27449287.289946742,27204170.162265487,1.0000240574548451,1.009010277697103,0.10837773748373142,44.33549662349328,50.17151904724416,5.384606591778823,5.384606591778823,0.0,4.865839559688384e+24,4.865839559688384e+24,0.0,9.03657393860029e+25,9.03657393860029e+25,1.1086552791348303,5.189209228027141e+16,0.004357452233293066,3.908890678772218e-07,2.5564027256424608e-06,2.5564027256424608e-06,0.04565410269026954,0.04565410269026954,1.8476746089673466e+21,4.052139692771754e-05,1.1647735522501893e-18,2.783708154963653e-20,2.7837081549636527e-19,2.6363059898109156e-14,1.3842827431568335e+19,50000000000000.0,50000000000000.0,0.0,0.005064596235593759,0.0018350274275904896,1.2085546282235302e-05,3.941887258684088e-06,1.2085546282235302e-05,3.941887258684088e-06,9.908251618306194e-29,8.504448088005017e+18,5.719525546111074e+19,329.5886394560246,6.202683057048983e-20,-1451788.8318424325,1.1396408062267967e+21,0.0,0.0,0.0,0.0,0.0,0.3333333333333333,0.3333333333333333,2.0,4.788179461519709e-19,6.213051142733445e-23,0.0,6.859556060982184e-19,,0.0,0.0,0.0,0.0,0.0,4.788179461519709e-19,6.859556060982184e-19,5.3341279347652143e-05,17.0,1.9801150388253218e-17,2.6363059898109155e-20,1.4740216515273757e-21,,,2.6363059898109155e-20,1.4740216515273757e-21,10.0,,7.978845608028655e-08,3.2312574248336765,47107717108712.57,2.122160976430867e-05,0.001813805817826181,2.122160976430867e-05,0.001813805817826181,0.005064596235593759,0.0018350274275904896,False,False,1.0,1.3542256171720892,1.1117004385561914e-08,0.17912558685981886,0.7341853293389232,1.0,1.9013332038941506,2.3794126257665534e-07,0.3438389659834441,0.5045667722215598,0.16025483101803054,0.3429623108255141,0.004115602209380097,0.040340306180546806,True,AP3.2,100.0,8.3,5.767844763153473e+19,$(U_{0.8}Pu_{0.2})N$
B3_Nd0_2p10e19_rho5p0e13_AP3p2,rizk2025_refit_plot,rizk2025_refit_full,1625.0,1.1,50000000000000.0,7.925982155035311e+22,3.719000622762907e+25,4.8108541068996456e+25,1.4618569859796751e+23,1.7328929245846591e+19,1.8464966418173252,85.49550488556294,0.3855130316352594,4.536178980230572,4.921692011865832,1.074173455237576,5.995865467103408,4026820074328.129,1.0067050185820323e+18,204.98302892310227,0.3905522106355845,10846053.962163227,10830164.875906948,1.001467113976411,1202308943.8378713,1202276760.0676882,26151547.141694505,25966277.443141654,1.0000267690196234,1.0071350118998974,0.0877100348969534,41.15498471026684,53.23758915256347,5.519716102272763,5.519716102272763,0.0,4.987932267827043e+24,4.987932267827043e+24,0.0,9.03657393860029e+25,9.036573938600293e+25,1.123354914373397,4.446252219927453e+16,0.003946558407232212,3.602205467370901e-07,3.2378120377470637e-06,3.2378120377470637e-06,0.05186925506777594,0.05186925506777594,1.8333075607314914e+21,4.40773179177665e-05,1.523730417696869e-18,5.0931337662888926e-20,5.093133766288892e-19,4.922854290289942e-14,1.3842827431568335e+19,50000000000000.0,50000000000000.0,0.0,0.005754530349486819,0.0023976525211281195,1.1952440644847255e-05,3.925534203365774e-06,1.1952440644847255e-05,3.925534203365774e-06,1.2573425461212047e-28,8.847783022934794e+18,7.1129923833964265e+19,424.8651579362221,7.678606818360035e-20,-1639707.6602025025,1.189652667334352e+21,0.0,0.0,0.0,0.0,0.0,0.3333333333333333,0.3333333333333333,2.0,8.377748115986507e-19,3.725070577182821e-23,0.0,6.859556060982184e-19,,0.0,0.0,0.0,0.0,0.0,8.377748115986507e-19,6.859556060982184e-19,2.4447044791645597e-05,17.0,2.5903417100846773e-17,4.922854290289942e-20,1.7027947599895046e-21,,,4.922854290289942e-20,1.7027947599895046e-21,10.0,,7.978845608028655e-08,3.2312574248336765,47036942402281.44,2.843764051873667e-05,0.002369214880609383,2.843764051873667e-05,0.002369214880609383,0.005754530349486819,0.0023976525211281195,False,False,1.0,1.3428049273589542,1.1777299181449328e-08,0.174611124097032,0.7407451770346785,1.0,1.9612381664389253,2.3972401582368304e-07,0.3575092282936192,0.4865832939431415,0.15680010689376414,0.3566400077765886,0.0038551303163525943,0.04536178980230572,True,AP3.2,100.0,8.3,5.767844763153473e+19,$(U_{0.8}Pu_{0.2})N$
B3_Nd0_2p10e19_rho5p0e13_AP3p2,rizk2025_refit_plot,rizk2025_refit_full,1650.0,1.1,50000000000000.0,6.083564489125307e+22,3.3502423670139405e+25,5.1668727495122024e+25,1.1684229003376225e+23,1.6814723198034266e+19,1.9285689809530342,90.38790894243927,0.3510703898116582,5.201269415901546,5.5523398057132045,1.1701946658507572,6.722534471563961,3846986026840.783,9.617465067101958e+17,214.15407576122618,0.40724368675208544,10381227.147361,10366368.195930192,1.0014333806353357,1151148387.6659384,1151112572.0288992,24717117.864147544,24560807.14748848,1.000031113930913,1.0063642337045526,0.06732158150268634,37.07425391279289,57.17734159670384,5.681082909000575,5.681082909000575,0.0,5.133752575850212e+24,5.133752575850212e+24,0.0,9.03657393860029e+25,9.03657393860029e+25,1.143258823069376,3.656782360890283e+16,0.003500056682091567,3.2545060669277117e-07,4.464608919901793e-06,4.464608919901793e-06,0.06030695293576809,0.06030695293576809,1.8036397968085906e+21,4.8458094975697075e-05,2.1271476252081635e-18,9.216017886357202e-20,9.216017886357202e-19,9.020265555838444e-14,1.3842827431568335e+19,50000000000000.0,50000000000000.0,0.0,0.006676994427608056,0.0033427888887652573,1.1789008191265307e-05,3.906934469416719e-06,1.1789008191265307e-05,3.906934469416719e-06,1.7385463644448487e-28,9.199912930607249e+18,9.57155070818966e+19,547.5608778100116,9.459549978447064e-20,-1817397.1388395939,1.2535088598469774e+21,0.0,0.0,0.0,0.0,0.0,0.3333333333333333,0.3333333333333333,2.0,1.441192019109945e-18,2.2189009104417195e-23,0.0,6.859556060982184e-19,,0.0,0.0,0.0,0.0,0.0,1.441192019109945e-18,6.859556060982184e-19,1.043134422898635e-05,17.0,3.616150962853878e-17,9.020265555838444e-20,1.957523305187582e-21,,,9.020265555838444e-20,1.957523305187582e-21,10.0,,7.978845608028655e-08,3.2312574248336765,46960340284396.88,4.072024006606914e-05,0.003302068648699188,4.072024006606914e-05,0.003302068648699188,0.006676994427608056,0.0033427888887652573,False,False,1.0,1.3276151688240123,1.269062451501663e-08,0.16851094612054343,0.7496260940894558,1.0,2.03801521197715,2.421428224843084e-07,0.3741404329797617,0.46497563840067563,0.1519840688825542,0.3732814857042516,0.003510703898116582,0.05201269415901546,True,AP3.2,100.0,8.3,5.767844763153473e+19,$(U_{0.8}Pu_{0.2})N$
B3_Nd0_2p10e19_rho5p0e13_AP3p2,rizk2025_refit_plot,rizk2025_refit_full,1675.0,1.1,50000000000000.0,4.468647058182546e+22,2.9147518013707355e+25,5.588271351170948e+25,8.904118031896398e+22,1.6172399398618104e+19,2.0238963538335946,96.27004331398513,0.3092034433098493,6.044168584396207,6.3533720277060555,1.2794117958896103,7.632783823595665,3660518224913.492,9.15129556228373e+17,224.30369861327415,0.42510528693680455,9911771.333971389,9897295.55832042,1.0014625991075712,1096935358.9099507,1096894115.054337,23205207.410252493,23060132.971577268,1.0000376005806282,1.0062911362590161,0.04945067775182408,32.25505397482769,61.84059787637324,5.8548974710472566,5.8548974710472566,0.0,5.290821390004238e+24,5.290821390004238e+24,0.0,9.03657393860029e+25,9.03657393860029e+25,1.1692189697097055,2.8989207221105664e+16,0.0030644938474746765,2.894188751974824e-07,6.611188389509183e-06,6.611188389509183e-06,0.07134402857391295,0.07134402857391295,1.7484474632208355e+21,5.398381583579521e-05,3.1253595690049714e-18,1.6455952557117455e-19,1.6455952557117454e-18,1.6231955709997532e-13,1.3842827431568335e+19,50000000000000.0,50000000000000.0,0.0,0.0078091341890721595,0.00490525897253439,1.1605227066233058e-05,3.887036176538722e-06,1.1605227066233058e-05,3.887036176538722e-06,2.584758026728017e-28,9.478582045261646e+18,1.373236614729812e+20,702.0755305480061,1.1566827165026945e-19,-1981881.21560864,1.3282950499581286e+21,0.0,0.0,0.0,0.0,0.0,0.3333333333333333,0.3333333333333333,2.0,2.439403962906753e-18,1.3148108872562704e-23,0.0,6.859556060982184e-19,,0.0,0.0,0.0,0.0,0.0,2.439403962906753e-18,6.859556060982184e-19,4.206910783308271e-06,17.0,5.3131112673084517e-17,1.623195570999753e-19,2.2399684711992322e-21,,,1.623195570999753e-19,2.2399684711992322e-21,10.0,,7.978845608028655e-08,3.2312574248336765,46886202078833.63,6.127970106895505e-05,0.004843979271465435,6.127970106895505e-05,0.004843979271465435,0.0078091341890721595,0.00490525897253439,False,False,1.0,1.3087516679264661,1.3893837094069915e-08,0.16077778684529545,0.7609113321707486,1.0,2.13213947783987,2.453064475706399e-07,0.393290376956269,0.4404809854295357,0.14568497838629063,0.39244505072824165,0.003092034433098493,0.06044168584396207,True,AP3.2,100.0,8.3,5.767844763153473e+19,$(U_{0.8}Pu_{0.2})N$
B3_Nd0_2p10e19_rho5p0e13_AP3p2,rizk2025_refit_plot,rizk2025_refit_full,1700.0,1.1,50000000000000.0,3.176265376281628e+22,2.439707586063803e+25,6.049229402113638e+25,6.511682463343234e+22,1.5413013305005738e+19,2.126312847149607,103.02162469368271,0.26221849068436565,7.0592952513492095,7.321513742033575,1.3962058986508628,8.717719640684438,3479395453981.5566,8.698488634953892e+17,234.87082219968173,0.4430400536097442,9466480.160202395,9452004.20898858,1.0015315218755456,1044109478.6538438,1044060850.6767874,21692782.337489992,21548873.90487961,1.0000465758073631,1.0066782344750644,0.0351490000288053,26.99814777857834,66.94162459374097,6.025078627651923,6.025078627651923,0.0,5.444606850465696e+24,5.444606850465696e+24,0.0,9.03657393860029e+25,9.036573938600293e+25,1.2016204281400895,2.226589423987103e+16,0.002676492747363733,2.5481657882372565e-07,1.0250335605372823e-05,1.0250335605372823e-05,0.08516497347959891,0.08516497347959891,1.6573547593050523e+21,6.11174081269104e-05,4.751541991998671e-18,2.8964180859428994e-19,2.8964180859428996e-18,2.8708990269161864e-13,1.3842827431568335e+19,50000000000000.0,50000000000000.0,0.0,0.009080185590358157,0.007449670157203175,1.1414920362424974e-05,3.866957283716423e-06,1.1414920362424974e-05,3.866957283716423e-06,4.0302815076613835e-28,9.555506125049096e+18,2.047776787169222e+20,889.2661175817063,1.3977924494941246e-19,-2131789.264630894,1.4089225743655586e+21,0.0,0.0,0.0,0.0,0.0,0.3333333333333333,0.3333333333333333,2.0,4.065586385900453e-18,7.758935285868006e-24,0.0,6.859556060982184e-19,,0.0,0.0,0.0,0.0,0.0,4.065586385900453e-18,6.859556060982184e-19,1.6329299623014206e-06,17.0,8.07762138639774e-17,2.8708990269161863e-19,2.5519059026713273e-21,,,2.8708990269161863e-19,2.5519059026713273e-21,10.0,,7.978845608028655e-08,3.2312574248336765,46824288477618.11,9.50035631266177e-05,0.007354666594076557,9.50035631266177e-05,0.007354666594076557,0.009080185590358157,0.007449670157203175,False,False,1.0,1.2866646493834173,1.5421427223278772e-08,0.15149141988341566,0.7745012077296347,1.0,2.2421111524051223,2.4926970514531263e-07,0.41411700783975763,0.4143335507567274,0.13789687925349103,0.41328893888614465,0.0026221849068436562,0.0705929525134921,True,AP3.2,100.0,8.3,5.767844763153473e+19,$(U_{0.8}Pu_{0.2})N$
B3_Nd0_2p10e19_rho5p0e13_AP3p2,rizk2025_refit_plot,rizk2025_refit_full,1725.0,1.1,50000000000000.0,2.2056975039112654e+22,1.9596171113265344e+25,6.516476081823242e+25,4.60380935517421e+22,1.456531025230499e+19,2.2284615488184403,110.44036465073188,0.2134132478174918,8.218486477729035,8.431899725546527,1.5140664851803642,9.94596621072689,3313066241330.1797,8.282665603325449e+17,245.27434135372266,0.46006099948580315,9065777.122646531,9051089.436209818,1.0016227534309796,996260718.3356638,996202963.9582847,20248669.202550136,20101346.161077604,1.000057974508678,1.00732901370346,0.024408559249313403,21.685398964710593,72.11224216279255,6.177950313247544,6.177950313247544,0.0,5.582750479466026e+24,5.582750479466026e+24,0.0,9.03657393860029e+25,9.03657393860029e+25,1.2402176686553048,1.6635823334271202e+16,0.0023552075439038822,2.2354344107434923e-07,1.6140322165208547e-05,1.6140322165208547e-05,0.10168823101096898,0.10168823101096898,1.5241494369165435e+21,7.072266348740078e-05,7.362204704302811e-18,5.023391322800811e-19,5.023391322800811e-18,4.994440127391286e-13,1.3842827431568335e+19,50000000000000.0,50000000000000.0,0.0,0.010381567853180148,0.011534590233618506,1.1232314954950253e-05,3.8476874395928785e-06,1.1232314954950253e-05,3.8476874395928785e-06,6.395044600949246e-28,9.286309630028145e+18,3.0812666392144485e+20,1104.5424318861976,1.6611341772245124e-19,-2265163.6659492264,1.4891650223818702e+21,0.0,0.0,0.0,0.0,0.0,0.3333333333333333,0.3333333333333333,2.0,6.676249098204593e-18,4.564519522249422e-24,0.0,6.859556060982184e-19,,0.0,0.0,0.0,0.0,0.0,6.676249098204593e-18,6.859556060982184e-19,6.199935624693656e-07,17.0,1.251574799731478e-16,4.994440127391286e-19,2.8951195409524855e-21,,,4.994440127391286e-19,2.8951195409524855e-21,10.0,,7.978845608028655e-08,3.2312574248336765,46782830648417.04,0.00014910312623421518,0.01138548710738429,0.00014910312623421518,0.01138548710738429,0.010381567853180148,0.011534590233618506,False,False,1.0,1.2621026451689952,1.7310902234401334e-08,0.14085530574838084,0.7901143413043435,1.0,2.3646298248449242,2.5401301608304583e-07,0.4355816225815644,0.3879493107563752,0.128747990229474,0.43477438386546774,0.002134132478174918,0.08218486477729035,True,AP3.2,100.0,8.3,5.767844763153473e+19,$(U_{0.8}Pu_{0.2})N$
B3_Nd0_2p10e19_rho5p0e13_AP3p2,rizk2025_refit_plot,rizk2025_refit_full,1750.0,1.1,50000000000000.0,1.5069079706528272e+22,1.5095627674015155e+25,6.955744180807875e+25,3.169522918164528e+22,1.3672035698333008e+19,2.323231675796988,118.26431205730813,0.1664792332126638,9.472899340906459,9.639378574119123,1.6272918670820893,11.266670441201212,3166744394559.9414,7.916860986399853e+17,255.0535211970295,0.4755067878290699,8719048.766115421,8704055.484437106,1.0017225627416007,955633426.7543898,955565483.6870396,18922161.09266993,18771512.397791144,1.0000711024712696,1.0080253893072844,0.016675655850232972,16.70503420498032,76.97324481677707,6.30504532239239,6.30504532239239,0.0,5.697600824202473e+24,5.697600824202473e+24,0.0,9.03657393860029e+25,9.036573938600291e+25,1.284018290341694,1.2122240682336006e+16,0.0021044101253743326,1.9659139819613268e-07,2.509162381420231e-05,2.509162381420231e-05,0.12050950465644666,0.12050950465644666,1.3513251349211487e+21,8.48495453288925e-05,1.1495000451183415e-17,8.585058024105227e-19,8.585058024105227e-18,8.552344067970446e-13,1.3842827431568335e+19,50000000000000.0,50000000000000.0,0.0,0.01159272986572336,0.018004414945981432,1.1069151170664269e-05,3.829952081412455e-06,1.1069151170664269e-05,3.829952081412455e-06,1.0040332831885115e-27,8.577711632471449e+18,4.556280062521949e+20,1338.2270430997612,1.9340197527855863e-19,-2379584.0542024816,1.5629453222015863e+21,0.0,0.0,0.0,0.0,0.0,0.3333333333333333,0.3333333333333333,2.0,1.0809044845085196e-17,2.6793973973199525e-24,0.0,6.859556060982184e-19,,0.0,0.0,0.0,0.0,0.0,1.0809044845085196e-17,6.859556060982184e-19,2.3309241341039768e-07,17.0,1.9541500767011807e-16,8.552344067970446e-19,3.2713956134781503e-21,,,8.552344067970446e-19,3.2713956134781503e-21,10.0,,7.978845608028655e-08,3.2312574248336765,46766177682147.95,0.00023397829189585943,0.01777043665408557,0.00023397829189585943,0.01777043665408557,0.01159272986572336,0.018004414945981432,False,False,1.0,1.2360718771039738,1.960485841125005e-08,0.12920606165389606,0.8072694038477863,1.0,2.4949167054007786,2.5942629677311863e-07,0.45663932701321414,0.36265010584106366,0.11851864809164149,0.45585596374352133,0.001664792332126638,0.09472899340906459,True,AP3.2,100.0,8.3,5.767844763153473e+19,$(U_{0.8}Pu_{0.2})N$
B3_Nd0_2p10e19_rho5p0e13_AP3p2,rizk2025_refit_plot,rizk2025_refit_full,1775.0,1.1,50000000000000.0,1.0178157691784128e+22,1.1178235082763962e+25,7.339062073728985e+25,2.139469142650988e+22,1.2781029315421643e+19,2.405178927986192,126.20531390377354,0.12469148790169708,10.761860652000923,10.88655213990262,1.7321998813548505,12.618752021257471,3041496653826.295,7.603741634565737e+17,263.9474048535283,0.4891062345727076,8426079.895548617,8410766.53597689,1.0018206853687146,923086394.6906836,923008252.8033627,17740595.123965908,17590384.51972522,1.0000846600093591,1.0085393587657079,0.011263292660404727,12.369992387286771,81.21509460991321,6.403649710139642,6.403649710139642,0.0,5.786705408257319e+24,5.786705408257319e+24,0.0,9.03657393860029e+25,9.036573938600291e+25,1.3313697162564855,8634772316358149.0,0.0019180204222359735,1.7419078507375356e-07,3.772548634410476e-05,3.772548634410476e-05,0.14093111672388994,0.14093111672388994,1.1516739307639193e+21,0.00011183845915682132,1.795020114129512e-17,1.4461408687105212e-18,1.4461408687105212e-17,1.4424583518951984e-12,1.3842827431568335e+19,50000000000000.0,50000000000000.0,0.0,0.012614574604211616,0.028118749718914635,1.0932766915041197e-05,3.8141742566152416e-06,1.0932766915041197e-05,3.8141742566152416e-06,1.5277292848743866e-27,7.460333094789353e+18,6.501903759548729e+20,1578.4031389714676,2.20290840243417e-19,-2473273.2406658907,1.6256418048076352e+21,0.0,0.0,0.0,0.0,0.0,0.3333333333333333,0.3333333333333333,2.0,1.7264245535196902e-17,1.5706605874380213e-24,0.0,6.859556060982184e-19,,0.0,0.0,0.0,0.0,0.0,1.7264245535196902e-17,6.859556060982184e-19,8.750100208206897e-08,17.0,3.05153419402017e-16,1.4424583518951983e-18,3.682516815322887e-21,,,1.4424583518951983e-18,3.682516815322887e-21,10.0,,7.978845608028655e-08,3.2312574248336765,46773899124536.95,0.00036445948584645907,0.027754290233068177,0.00036445948584645907,0.027754290233068177,0.012614574604211616,0.028118749718914635,False,False,1.0,1.2097501256051857,2.2349193452250878e-08,0.11700535669144836,0.8252928814594873,1.0,2.6274485400110072,2.6531637015571987e-07,0.4764164822011952,0.3394420358897558,0.10763303893619287,0.4756590762549469,0.0012469148790169708,0.10761860652000922,True,AP3.2,100.0,8.3,5.767844763153473e+19,$(U_{0.8}Pu_{0.2})N$
B3_Nd0_2p10e19_rho5p0e13_AP3p2,rizk2025_refit_plot,rizk2025_refit_full,1800.0,1.1,50000000000000.0,6.823178578803864e+21,8.000162661251382e+24,7.650698736884782e+25,1.4252593880096697e+22,1.1933081695758447e+19,2.471543715051347,134.00420113691794,0.09013374348010875,12.028084358284955,12.118218101765065,1.8233518143408622,13.941569916105928,2932532417746.006,7.331331044365015e+17,271.78348287447477,0.49999999999999994,8171934.915623836,8168266.80017683,1.0004490690053032,898311299.3144832,898224047.7805504,16710888.786329973,16566644.78549989,1.0000971378289731,1.0087068928378506,0.007550625519322352,8.853092682701558,84.6637098182127,6.475646873566444,6.454515057713658,0.0211318158527858,5.851766177324897e+24,5.832670255683839e+24,1.909592164105846e+22,9.03657393860029e+25,9.034664346436184e+25,1.380357035083713,6031461673255234.0,0.0017851317385557729,1.560201640862113e-07,5.4294237979933407e-05,5.4294237979933407e-05,0.16212884545606346,0.16212884545606346,9.447932421050334e+20,0.00015982424832561155,2.790413000779694e-17,2.4019434300062056e-18,2.4019434300062057e-17,2.3978131732901632e-12,1.3842827431568335e+19,50000000000000.0,50000000000000.0,0.0,0.013394741954182067,0.043732185236942576,1.0825418622966582e-05,3.8004795510759042e-06,1.0825418622966582e-05,3.8004795510759042e-06,2.2289104217915246e-27,6.099672355841648e+18,8.883829459497166e+20,928.7187921476653,1.2477987470575965e-19,-2148009.919264577,1.6750000749204147e+21,5.053269372034808e+21,0.0,0.0,0.0,0.0,0.3333333333333333,0.3333333333333333,2.0,2.721817440169872e-17,9.201272251725335e-25,0.0,6.859556060982184e-19,,0.0,0.0,0.0,0.0,0.0,2.721817440169872e-17,6.859556060982184e-19,3.297458924236063e-08,17.0,4.74370210132548e-16,2.397813173290163e-18,4.130256716042414e-21,,,2.397813173290163e-18,4.130256716042414e-21,10.0,,7.978845608028655e-08,3.2312574248336765,46801742801429.39,0.0005616191352801924,0.04317056610166239,0.0005616191352801924,0.04317056610166239,0.013394741954182067,0.043732185236942576,False,False,1.0,1.1843060211947638,2.558981411339873e-08,0.1047801153862635,0.8434050106884953,1.0,2.757172685000212,2.714528739083843e-07,0.49435740402976863,0.3188717098064786,0.09659673994205809,0.49362690387117175,0.0009013374348010875,0.12028084358284956,True,AP3.2,100.0,8.3,5.767844763153473e+19,$(U_{0.8}Pu_{0.2})N$
B3_Nd0_2p10e19_rho5p0e13_AP3p8,rizk2025_refit_plot,rizk2025_refit_full,900.0,1.1,50000000000000.0,1.5080395847845543e+23,4.725479847322529e+25,3.8243475558424987e+25,2.5387331298564946e+23,2.0587165256197513e+19,1.6104475284867248,38.54070000294599,0.44416608830808835,0.4936782057994593,0.9378442941075477,0.04009617696950752,0.9779404710770552,8875578757791.744,2.2188946894479363e+18,52.64000685892891,0.05676878764423587,1286655078762.0396,42173246.78451175,30508.798275274537,1381591646.5356314,1378498809.0149379,281840408.76845634,57601444.70210211,1.0022436272708162,4.892939929303038,0.16688178451602054,52.292825571176145,42.32076870977203,5.2195239345358155,5.2195239345358155,0.0,4.716661395872597e+24,4.716661395872597e+24,0.0,9.036573938600132e+25,9.036573938600133e+25,1.0124505311844063,8.617226620335128e+16,0.005402187353455491,5.38359830644562e-07,8.420123579798272e-07,8.420123579798272e-07,0.0053470921583348464,0.0053470921583348464,2.6214204117143205e+20,7.400347965425799e-06,8.162871712571295e-19,5.5598665086701915e-25,5.559866508670192e-24,5.119872410101689e-28,1.6472964643566316e+19,50000000000000.0,50000000000000.0,0.0,0.00473700373319241,0.001314546028868776,1.4814797084305475e-05,5.158647938613883e-06,1.4814797084305475e-05,5.158647938613883e-06,1.2741414225597725e-29,4.689261495813185e+18,6.202132627265031e+18,0.0001799096184097789,1.035790991402883e-21,-151737.53958720798,3.08836917666636e+21,0.0,0.0,0.0,0.0,0.0,0.3333333333333333,0.3333333333333333,2.0,2.4966082885114063e-31,1.045298780017561e-24,0.0,8.162871712568798e-19,,0.0,0.0,0.0,0.0,0.0,2.4966082885114063e-31,8.162871712568798e-19,1.2805527476411767e-06,17.0,1.3876881911371202e-17,5.119872410101689e-34,5.559866503550319e-25,,,5.119872410101689e-34,5.559866503550319e-25,10.0,,7.978845608028655e-08,3.2312574248336765,48413191128282.625,8.182905525873618e-06,0.0013063631233429024,8.182905525873618e-06,0.0013063631233429024,0.00473700373319241,0.001314546028868776,False,False,1.0,1.3712930680372926,9.799567889702757e-09,0.18576049215666976,0.7245642767426619,1.0,1.334259247037971,2.2634513659735519e-07,0.1711928594330022,0.7457192849985602,0.16437980685720444,0.17027386144646037,0.004441660883080884,0.004936782057994593,True,AP3.8,119.0,8.3,6.863735268152632e+19,$(U_{0.8}Pu_{0.2})N$
B3_Nd0_2p10e19_rho5p0e13_AP3p8,rizk2025_refit_plot,rizk2025_refit_full,925.0,1.1,50000000000000.0,1.5067197219968458e+23,4.713811582718726e+25,3.8365596279396307e+25,2.5317038681298423e+23,2.0550433631427195e+19,1.6121330196281294,39.6798992232271,0.44432846288503186,0.5378005983160201,0.982129061201052,0.0400585888592227,1.022187650060275,8876207140337.516,2.219051785084379e+18,52.6223107730474,0.05673464240308837,498549929067.45355,42187429.00847792,11817.499686156882,1379013226.4254813,1377057583.3203192,231451718.04124308,55947722.737675115,1.0014201607317297,4.136928309423108,0.16673572664091474,52.16370291160312,42.45590921966116,5.213652142094819,5.213652142094819,0.0,4.711355307218079e+24,4.711355307218079e+24,0.0,9.036573938600132e+25,9.036573938600132e+25,1.0135739831841868,8.602149387562307e+16,0.0054005591043834325,5.356893238098893e-07,9.858361471606797e-07,9.858361471606797e-07,0.0058220396648645,0.0058220396648645,2.9497694377653554e+20,7.846151634543208e-06,8.162871712583124e-19,9.45289008275833e-25,9.45289008275833e-24,3.600113810511962e-27,1.6472964643566316e+19,50000000000000.0,50000000000000.0,0.0,0.004728255661288381,0.0013135847169681858,1.4810411472367901e-05,5.133694097547154e-06,1.4810411472367901e-05,5.133694097547154e-06,1.4951198645368127e-29,4.83401231685991e+18,7.714134334805755e+18,0.0004767374319922358,1.0355100046228495e-21,-151724.2858192676,3.086229521609869e+21,0.0,0.0,0.0,0.0,0.0,0.3333333333333333,0.3333333333333333,2.0,1.4326320272288242e-30,7.456235300263535e-24,0.0,8.162871712568798e-19,,0.0,0.0,0.0,0.0,0.0,1.4326320272288242e-30,8.162871712568798e-19,9.13432865638412e-06,17.0,1.3876881911391311e-17,3.600113810511962e-33,9.452890046757192e-25,,,3.600113810511962e-33,9.452890046757192e-25,10.0,,7.978845608028655e-08,3.2312574248336765,48369208313384.49,8.408409160742019e-06,0.0013051763078074437,8.408409160742019e-06,0.0013051763078074437,0.004728255661288381,0.0013135847169681858,False,False,1.0,1.371293376676264,9.808632265051949e-09,0.18576061095394086,0.7245641046957584,1.0,1.3466051129075804,2.2647987180550732e-07,0.17612006288074442,0.7385513760870249,0.1643998352883515,0.17520255167977158,0.004443284628850319,0.005378005983160202,True,AP3.8,119.0,8.3,6.863735268152632e+19,$(U_{0.8}Pu_{0.2})N$
B3_Nd0_2p10e19_rho5p0e13_AP3p8,rizk2025_refit_plot,rizk2025_refit_full,950.0,1.1,50000000000000.0,1.5054214024923571e+23,4.701874317020563e+25,3.8490503356888306e+25,2.524540713412691e+23,2.0508758858491744e+19,1.6138012727195028,40.903236931751785,0.44444819747018177,0.587896698779765,1.0323448962499469,0.040030956477395845,1.0723758527273426,8876662354289.107,2.2191655885722767e+18,52.609309044747604,0.056709518473814724,203204210832.87534,42197855.100353956,4815.510417522877,1376916792.32694,1375634061.9678404,193630501.82083127,54274433.187381566,1.0009324648135454,3.567619050987142,0.1665920527758736,52.0316034480313,42.594133150921714,5.207671348271132,5.207671348271132,0.0,4.7059507186581525e+24,4.7059507186581525e+24,0.0,9.036573938600132e+25,9.036573938600133e+25,1.0148517219751194,8.587331045039888e+16,0.005398945596203095,5.328687402603633e-07,1.1466181891295134e-06,1.1466181891295134e-06,0.006361523199488444,0.006361523199488444,3.3196319906860315e+20,8.335891184761223e-06,8.162871712643784e-19,1.555632732564192e-24,1.555632732564192e-23,2.2845010932250072e-26,1.6472964643566316e+19,50000000000000.0,50000000000000.0,0.0,0.004719188041295197,0.001312560445036631,1.4806073053453264e-05,5.108387675028534e-06,1.4806073053453264e-05,5.108387675028534e-06,1.742925569957878e-29,4.97832601171937e+18,9.40880605017183e+18,0.001200127908422915,1.0354742593459955e-21,-151739.3487144642,3.08412108840582e+21,0.0,0.0,0.0,0.0,0.0,0.3333333333333333,0.3333333333333333,2.0,7.498646671560408e-30,3.8979387444212507e-23,0.0,8.162871712568798e-19,,0.0,0.0,0.0,0.0,0.0,7.498646671560408e-30,8.162871712568798e-19,4.775205199395189e-05,17.0,1.3876881911494433e-17,2.284501093225007e-32,1.555632709719181e-24,,,2.284501093225007e-32,1.555632709719181e-24,10.0,,7.978845608028655e-08,3.2312574248336765,48322345143684.91,8.648675154548445e-06,0.0013039117698820826,8.648675154548445e-06,0.0013039117698820826,0.004719188041295197,0.001312560445036631,False,False,1.0,1.3712789220426274,9.817904042915745e-09,0.1857550472202243,0.7245721623232813,1.0,1.3600325962460107,2.2663312898364182e-07,0.18139785573688258,0.7308876811293726,0.16441460107526482,0.18048190811469925,0.004444481974701818,0.00587896698779765,True,AP3.8,119.0,8.3,6.863735268152632e+19,$(U_{0.8}Pu_{0.2})N$
B3_Nd0_2p10e19_rho5p0e13_AP3p8,rizk2025_refit_plot,rizk2025_refit_full,975.0,1.1,50000000000000.0,1.5041521446901075e+23,4.689962765814759e+25,3.8615162604497763e+25,2.517355694370251e+23,2.0462262286488564e+19,1.6154693839391039,42.19334583995465,0.44455898162849516,0.6438343633120884,1.0883933449405838,0.04002744931806273,1.1284207942586464,8876699027213.0,2.21917475680325e+18,52.60770016451317,0.05670628425854013,86784363472.68254,42199145.62046402,2056.5431407833385,1375085477.1916416,1374213601.3663287,164702893.6269772,52614931.473336466,1.0006344543704457,3.1303451133532936,0.16645159491973546,51.89978854465377,42.73208283014358,5.20167703028293,5.20167703028293,0.0,4.7005339088869657e+24,4.7005339088869657e+24,0.0,9.036573938600132e+25,9.036573938600133e+25,1.0162812033142357,8.572856724874546e+16,0.005397247073596585,5.299449188861002e-07,1.3234659452763599e-06,1.3234659452763599e-06,0.006964320551825015,0.006964320551825015,3.729581798245072e+20,8.872494618926014e-06,8.16287171292935e-19,2.485036039701464e-24,2.485036039701464e-23,1.3186026336093777e-25,1.6472964643566316e+19,50000000000000.0,50000000000000.0,0.0,0.0047100544553390225,0.0013114897717288918,1.4801737283219485e-05,5.083232724603569e-06,1.4801737283219485e-05,5.083232724603569e-06,2.016312174335409e-29,5.122237542661997e+18,1.1275690535959235e+19,0.002881654195731094,1.0359697532332652e-21,-151813.84581834488,3.0820574928564545e+21,0.0,0.0,0.0,0.0,0.0,0.3333333333333333,0.3333333333333333,2.0,3.605513394506346e-29,1.5535245485073675e-22,0.0,8.162871712568798e-19,,0.0,0.0,0.0,0.0,0.0,3.605513394506346e-29,8.162871712568798e-19,0.00019031593330649877,17.0,1.3876881911979894e-17,1.3186026336093777e-31,2.4850359078412007e-24,,,1.3186026336093777e-31,2.4850359078412007e-24,10.0,,7.978845608028655e-08,3.2312574248336765,48273359274888.875,8.899817840820124e-06,0.0013025899538880717,8.899817840820124e-06,0.0013025899538880717,0.0047100544553390225,0.0013114897717288918,False,False,1.0,1.37126132577515,9.8272395463188e-09,0.185748274114762,0.7245819714358852,1.0,1.3743835524436474,2.2680460967145001e-07,0.18694792363473012,0.7228449852209098,0.16442826072492273,0.1860335973640702,0.004445589816284952,0.006438343633120885,True,AP3.8,119.0,8.3,6.863735268152632e+19,$(U_{0.8}Pu_{0.2})N$
B3_Nd0_2p10e19_rho5p0e13_AP3p8,rizk2025_refit_plot,rizk2025_refit_full,1000.0,1.1,50000000000000.0,1.5029175897521504e+23,4.67831124634041e+25,3.87371565881634e+25,2.51024343851795e+23,2.041114518180795e+19,1.6171482032108122,43.53351145154275,0.44468647173655246,0.7053863941895872,1.1500728659261397,0.04007651999473029,1.19014938592087,8875827975025.346,2.2189569937563366e+18,52.63091067248911,0.05675076351991546,38700371374.86902,42180535.575654104,917.4935985688675,1373400717.478781,1372786981.1760228,142194875.10244417,50995197.1706001,1.0004470732248878,2.788397398028353,0.16631497733143868,51.77085118904182,42.86708309074515,5.195750742881582,5.195750742881582,0.0,4.6951785754585977e+24,4.6951785754585977e+24,0.0,9.036573938600132e+25,9.036573938600132e+25,1.0178575190380577,8.558789893306174e+16,0.005395395636246213,5.269568751201553e-07,1.515222303204919e-06,1.515222303204919e-06,0.007628239290512451,0.007628239290512451,4.1776321751333785e+20,9.45844503214065e-06,8.162871714171498e-19,3.863167302789697e-24,3.863167302789697e-23,6.972208708889678e-25,1.6472964643566316e+19,50000000000000.0,50000000000000.0,0.0,0.004701060073682787,0.0013103884464989602,1.4797375943800197e-05,5.058625676220911e-06,1.4797375943800197e-05,5.058625676220911e-06,2.3135916256124515e-29,5.265647365780068e+18,1.33008400840203e+19,0.0066239723656559115,1.0375882315604102e-21,-152012.84859474507,3.080049082448522e+21,0.0,0.0,0.0,0.0,0.0,0.3333333333333333,0.3333333333333333,2.0,1.6026995865756309e-28,4.883477169444583e-22,0.0,8.162871712568798e-19,,0.0,0.0,0.0,0.0,0.0,1.6026995865756309e-28,8.162871712568798e-19,0.0005982547981204234,17.0,1.3876881914091545e-17,6.972208708889678e-31,3.863166605568826e-24,,,6.972208708889678e-31,3.863166605568826e-24,10.0,,7.978845608028655e-08,3.2312574248336765,48222971324413.98,9.15814169089765e-06,0.0013012303048080625,9.15814169089765e-06,0.0013012303048080625,0.004701060073682787,0.0013103884464989602,False,False,1.0,1.371249505962248,9.836515649496048e-09,0.18574372438858175,0.7245885605660685,1.0,1.3894984911270998,2.2699373236724078e-07,0.19269518560497187,0.7145347459292517,0.16444397740444874,0.19178252232870557,0.004446864717365525,0.007053863941895872,True,AP3.8,119.0,8.3,6.863735268152632e+19,$(U_{0.8}Pu_{0.2})N$
B3_Nd0_2p10e19_rho5p0e13_AP3p8,rizk2025_refit_plot,rizk2025_refit_full,1025.0,1.1,50000000000000.0,1.5017211475924814e+23,4.667093693892727e+25,3.885468736953102e+25,2.5032779301588413e+23,2.0355674049743475e+19,1.6188444149874972,44.90839113600009,0.44484940460611455,0.7722476349593816,1.217097039565496,0.04023399198371439,1.2573310315492106,8873099895015.91,2.2182749737539776e+18,52.705154879482954,0.05689349607410544,17963358422.57597,42121117.09141758,426.46918370159057,1371795840.283233,1371348586.3415391,124407111.20264561,49433968.660266094,1.0003261416872036,2.5166320765712915,0.16618257735686887,51.64671617367093,42.99714430881982,5.1899569401523715,5.1899569401523715,0.0,4.6899429627837807e+24,4.6899429627837807e+24,0.0,9.036573938600132e+25,9.036573938600132e+25,1.0195738007467718,8.545168426559176e+16,0.005393348564659026,5.239356995647122e-07,1.72050715360226e-06,1.72050715360226e-06,0.008350292157934825,0.008350292157934825,4.661341976657565e+20,1.009506985249217e-05,8.162871719192991e-19,5.857623504279315e-24,5.857623504279315e-23,3.398959714178951e-24,1.6472964643566316e+19,50000000000000.0,50000000000000.0,0.0,0.0046923609933887,0.001309270743486844,1.479297170265386e-05,5.034856018292389e-06,1.479297170265386e-05,5.034856018292389e-06,2.6326980914742616e-29,5.408551201475018e+18,1.5467448056630514e+19,0.01462689330619627,1.0415059840676516e-21,-152466.15968497872,3.0781023686788613e+21,0.0,0.0,0.0,0.0,0.0,0.3333333333333333,0.3333333333333333,2.0,6.624193185834588e-28,1.2468798225414734e-21,0.0,8.162871712568798e-19,,0.0,0.0,0.0,0.0,0.0,6.624193185834588e-28,8.162871712568798e-19,0.0015275014301765165,17.0,1.3876881922628085e-17,3.398959714178951e-30,5.857620105319601e-24,,,3.398959714178951e-30,5.857620105319601e-24,10.0,,7.978845608028655e-08,3.2312574248336765,48171834382461.664,9.420297658351971e-06,0.0012998504458284921,9.420297658351971e-06,0.0012998504458284921,0.0046923609933887,0.001309270743486844,False,False,1.0,1.371250010334148,9.845634442282009e-09,0.18574391853455055,0.7245882793943925,1.0,1.4052241385412547,2.271996807222959e-07,0.19857100454787127,0.7060583646004417,0.16446405901185518,0.1976600324421827,0.004448494046061145,0.007722476349593816,True,AP3.8,119.0,8.3,6.863735268152632e+19,$(U_{0.8}Pu_{0.2})N$
B3_Nd0_2p10e19_rho5p0e13_AP3p8,rizk2025_refit_plot,rizk2025_refit_full,1050.0,1.1,50000000000000.0,1.5005642156521228e+23,4.6564296655041015e+25,3.896651652606245e+25,2.496512894156007e+23,2.0296166442533073e+19,1.6205618536145159,46.30438313240734,0.4450607119173322,0.8440514761522528,1.289112188069585,0.04060615816782949,1.3297183462374147,8866743878783.74,2.2166859696959347e+18,52.8797940724655,0.057230130642061255,8654270690.373644,41982009.17646829,206.14236574519464,1370232548.5151825,1369895258.8872137,110150275.60700889,47943625.41558781,1.0002462156327505,2.2974957494807215,0.16605454963881777,51.52870653350108,43.12089602854376,5.184342888316365,5.184342888316365,0.0,4.68486978333266e+24,4.68486978333266e+24,0.0,9.036573938600132e+25,9.036573938600133e+25,1.0214216081855088,8.532007218495174e+16,0.005391082449822525,5.20905357825331e-07,1.937758037067006e-06,1.937758037067006e-06,0.009126862059849842,0.009126862059849842,5.177907997074943e+20,1.078227727997343e-05,8.162871738158613e-19,8.68048799131575e-24,8.68048799131575e-23,1.5366002896313798e-23,1.6472964643566316e+19,50000000000000.0,50000000000000.0,0.0,0.00468406831630205,0.0013081491248887658,1.4788514670400766e-05,5.0121183941935465e-06,1.4788514670400766e-05,5.0121183941935465e-06,2.9712528468824935e-29,5.551064112800932e+18,1.7756484218739796e+19,0.031131105906018964,1.0499741393170123e-21,-153421.87077697992,3.0762203939648653e+21,0.0,0.0,0.0,0.0,0.0,0.3333333333333333,0.3333333333333333,2.0,2.558981501392922e-27,2.652535369540001e-21,0.0,8.162871712568798e-19,,0.0,0.0,0.0,0.0,0.0,2.558981501392922e-27,8.162871712568798e-19,0.0032495124934283997,17.0,1.3876881954869642e-17,1.5366002896313797e-29,8.680472625312854e-24,,,1.5366002896313797e-29,8.680472625312854e-24,10.0,,7.978845608028655e-08,3.2312574248336765,48120518571917.61,9.683362345461231e-06,0.0012984657625433045,9.683362345461231e-06,0.0012984657625433045,0.00468406831630205,0.0013081491248887658,False,False,1.0,1.371267375016306,9.854523262251713e-09,0.18575060258706347,0.7245785992358422,1.0,1.4214180150246072,2.2742144989706975e-07,0.2045148292416094,0.6975048070114309,0.16449009550616914,0.2036055652367145,0.004450607119173322,0.008440514761522529,True,AP3.8,119.0,8.3,6.863735268152632e+19,$(U_{0.8}Pu_{0.2})N$
B3_Nd0_2p10e19_rho5p0e13_AP3p8,rizk2025_refit_plot,rizk2025_refit_full,1075.0,1.1,50000000000000.0,1.4994466032882733e+23,4.646393249188773e+25,3.907187448624642e+25,2.4899841517237182e+23,2.023297747032627e+19,1.6223023977978428,47.70974855420706,0.4453286359482502,0.9203855471690675,1.3657141831173176,0.04138903860933053,1.4071032217266481,8853584074508.27,2.2133960186270674e+18,53.24382534400682,0.0579346888840958,4316600818.195584,41694975.62687587,103.52808110081199,1368688567.4276493,1368425518.5799444,98577065.68795204,46531370.78426795,1.000192227376743,2.1185076653980826,0.16593087308048463,51.41764213693306,43.23748663124323,5.178940358743243,5.178940358743243,0.0,4.6799877475383605e+24,4.6799877475383605e+24,0.0,9.036573938600132e+25,9.036573938600133e+25,1.0233912986308453,8.519303117586435e+16,0.005388588117188341,5.178838913527877e-07,2.1652723081646257e-06,2.1652723081646257e-06,0.00995385621145488,0.00995385621145488,5.724249798271469e+20,1.1518912936679645e-05,8.162871805401724e-19,1.2595011157736031e-23,1.2595011157736032e-22,6.475908336901747e-23,1.6472964643566316e+19,50000000000000.0,50000000000000.0,0.0,0.0046762548110385336,0.0013070341406927351,1.478400005903301e-05,4.990529520294735e-06,1.478400005903301e-05,4.990529520294735e-06,3.326632798674674e-29,5.693363630954395e+18,2.014733429435778e+19,0.06408203537761244,1.0671503775311063e-21,-155333.9420811792,3.0744034453477885e+21,0.0,0.0,0.0,0.0,0.0,0.3333333333333333,0.3333333333333333,2.0,9.283292620781236e-27,4.8067183409772704e-21,0.0,8.162871712568798e-19,,0.0,0.0,0.0,0.0,0.0,9.283292620781236e-27,8.162871712568798e-19,0.005888513816664936,17.0,1.3876882069182932e-17,6.475908336901747e-29,1.2594946398652662e-23,,,6.475908336901747e-29,1.2594946398652662e-23,10.0,,7.978845608028655e-08,3.2312574248336765,48069506338862.04,9.944862150254715e-06,0.0012970892785424805,9.944862150254715e-06,0.0012970892785424805,0.0046762548110385336,0.0013070341406927351,False,False,1.0,1.3713044981742193,9.863132121146592e-09,0.1857648916670428,0.7245579052030914,1.0,1.4379508178246179,2.2765789064689382e-07,0.21047472556158375,0.6889498857967893,0.16452309625396475,0.20956717710740994,0.004453286359482502,0.009203855471690675,True,AP3.8,119.0,8.3,6.863735268152632e+19,$(U_{0.8}Pu_{0.2})N$
B3_Nd0_2p10e19_rho5p0e13_AP3p8,rizk2025_refit_plot,rizk2025_refit_full,1100.0,1.1,50000000000000.0,1.4983669721718945e+23,4.637022597487788e+25,3.917036289439837e+25,2.4837127610791862e+23,2.0166487012773683e+19,1.6240666017666443,49.114580342334,0.44565777130481604,1.0008066284682375,1.4464643997730535,0.04293275597254729,1.4893971557456007,8828119702854.781,2.2070299257136952e+18,53.94949213828249,0.05930946380861091,2224046121.0643153,41149599.59789299,54.047819244836454,1367150921.1267169,1366939014.43765,89073614.67807494,45200426.930788316,1.0001550227821643,1.970636578598384,0.16581139958049285,51.313945185359884,43.34647529090688,5.173768124152712,5.173768124152712,0.0,4.6753138195078484e+24,4.6753138195078484e+24,0.0,9.036573938600132e+25,9.036573938600128e+25,1.0254723799686847,8.507040051572344e+16,0.005385866437266643,5.148846661338149e-07,2.4012517631621465e-06,2.4012517631621465e-06,0.010826851601136325,0.010826851601136325,6.29709201097906e+20,1.2302895396083457e-05,8.162872030182321e-19,1.792226870002319e-23,1.7922268700023191e-22,2.556484784617257e-22,1.6472964643566316e+19,50000000000000.0,50000000000000.0,0.0,0.004668962379407713,0.001305934482008944,1.4779426529905659e-05,4.970145597095802e-06,1.4779426529905659e-05,4.970145597095802e-06,3.696043402272038e-29,5.835633132577987e+18,2.2618439674965996e+19,0.12805998870692753,1.1004633025158926e-21,-158993.04748084568,3.072649808311046e+21,0.0,0.0,0.0,0.0,0.0,0.3333333333333333,0.3333333333333333,2.0,3.1761352235744896e-26,7.564160303615265e-21,0.0,8.162871712568798e-19,,0.0,0.0,0.0,0.0,0.0,3.1761352235744896e-26,8.162871712568798e-19,0.009266542799699283,17.0,1.3876882451309945e-17,2.556484784617257e-28,1.7922013051544728e-23,,,2.556484784617257e-28,1.7922013051544728e-23,10.0,,7.978845608028655e-08,3.2312574248336765,48019194523217.81,1.0202762686067852e-05,0.001295731719322876,1.0202762686067852e-05,0.001295731719322876,0.004668962379407713,0.001305934482008944,False,False,1.0,1.37136299620333,9.871430011446478e-09,0.1857874069089058,0.7245252979356024,1.0,1.4547073698867359,2.2790775147055674e-07,0.21640721458614987,0.6804565783870203,0.16456361841257852,0.21550138104660874,0.00445657771304816,0.010008066284682374,True,AP3.8,119.0,8.3,6.863735268152632e+19,$(U_{0.8}Pu_{0.2})N$
B3_Nd0_2p10e19_rho5p0e13_AP3p8,rizk2025_refit_plot,rizk2025_refit_full,1125.0,1.1,50000000000000.0,1.4973232034335497e+23,4.628328712278381e+25,3.926186432032901e+25,2.4777081918609432e+23,2.0097087458640065e+19,1.6258541468100938,50.51069260638109,0.44604997062718577,1.0848550192995965,1.5309049899267821,0.04584313306687271,1.5767481229936549,8781312622406.434,2.1953281556016084e+18,55.23980370358075,0.06185071934744947,1181416501.4820688,40188412.18032959,29.39694397929756,1365612149.2478852,1365436133.5889897,81188046.81329618,43951090.065225996,1.0001289080130265,1.8472362504049014,0.16569589466176626,51.21773742710461,43.44773205763325,5.168834620600403,5.168834620600403,0.0,4.6708556225451706e+24,4.6708556225451706e+24,0.0,9.036573938600132e+25,9.036573938600133e+25,1.0276538551077523,8.495193390411869e+16,0.005382925014153656,5.119174663995365e-07,2.643849856658118e-06,2.643849856658118e-06,0.011741235787769158,0.011741235787769158,6.893048147213218e+20,1.313157399000826e-05,8.162872741423015e-19,2.5047711621008633e-23,2.504771162100863e-22,9.494708146321283e-22,1.6472964643566316e+19,50000000000000.0,50000000000000.0,0.0,0.004662209182236943,0.0013048571300450556,1.4774795012899855e-05,4.950977874788057e-06,1.4774795012899855e-05,4.950977874788057e-06,4.0765957818555293e-29,5.978030309341764e+18,2.514793178233018e+19,0.24953054948493678,1.162761798025655e-21,-165698.22207244587,3.070956432465785e+21,0.0,0.0,0.0,0.0,0.0,0.3333333333333333,0.3333333333333333,2.0,1.028854216590493e-25,1.0512635646253687e-20,0.0,8.162871712568798e-19,,0.0,0.0,0.0,0.0,0.0,1.028854216590493e-25,8.162871712568798e-19,0.012878597987821924,17.0,1.3876883660419125e-17,9.494708146321284e-28,2.5046762150194002e-23,,,9.494708146321284e-28,2.5046762150194002e-23,10.0,,7.978845608028655e-08,3.2312574248336765,47969900120140.61,1.0455439402377536e-05,0.0012944016906426782,1.0455439402377536e-05,0.0012944016906426782,0.004662209182236943,0.0013048571300450556,False,False,1.0,1.3714435171699906,9.879401057992275e-09,0.18581839604809075,0.7244804189708076,1.0,1.4715867591834897,2.281697197506591e-07,0.22227674407685258,0.6720758919815096,0.1646118787742293,0.22137261786640242,0.0044604997062718576,0.010848550192995965,True,AP3.8,119.0,8.3,6.863735268152632e+19,$(U_{0.8}Pu_{0.2})N$
B3_Nd0_2p10e19_rho5p0e13_AP3p8,rizk2025_refit_plot,rizk2025_refit_full,1150.0,1.1,50000000000000.0,1.4963126453422279e+23,4.620302795082986e+25,3.934646650399793e+25,2.471971099680629e+23,2.002517149206349e+19,1.62766416741637,51.89148564905895,0.44650508219350693,1.1720689673508957,1.6185740495444028,0.051134033481226006,1.6697080830256288,8699557174952.225,2.174889293738056e+18,57.46694948236882,0.06631541594435204,646103666.6942384,38630900.36963087,16.7250480965275,1364068110.4963706,1363917719.9089286,74582639.01579243,42781584.92153828,1.0001102636803134,1.7433351090797011,0.1655840648800162,51.12892149697526,43.54135402569743,5.164140412447314,5.164140412447314,0.0,4.6666136666393137e+24,4.6666136666393137e+24,0.0,9.036573938600132e+25,9.036573938600133e+25,1.029924574873471,8.483733188174589e+16,0.005379775632286326,5.089893336204556e-07,2.8912218165142357e-06,2.8912218165142357e-06,0.012692350784261272,0.012692350784261272,7.508710734127084e+20,1.4001952977682558e-05,8.162874879327773e-19,3.4427700444941665e-23,3.4427700444941663e-22,3.330768464716398e-21,1.6472964643566316e+19,50000000000000.0,50000000000000.0,0.0,0.004655995842899221,0.0013038075749882783,1.477010785462116e-05,4.933005381546291e-06,1.477010785462116e-05,4.933005381546291e-06,4.465388385304999e-29,6.120677053549343e+18,2.771426124133564e+19,0.4765216293705066,1.2755449982217588e-21,-177428.270338729,3.0693194728198436e+21,0.0,0.0,0.0,0.0,0.0,0.3333333333333333,0.3333333333333333,2.0,3.1667589742037936e-25,1.3094981712716537e-20,0.0,8.162871712568798e-19,,0.0,0.0,0.0,0.0,0.0,3.1667589742037936e-25,8.162871712568798e-19,0.01604211984907324,17.0,1.3876887294857214e-17,3.330768464716398e-27,3.4424369676476946e-23,,,3.330768464716398e-27,3.4424369676476946e-23,10.0,,7.978845608028655e-08,3.2312574248336765,47921867440696.17,1.0701641377828768e-05,0.0012931059336104495,1.0701641377828768e-05,0.0012931059336104495,0.004655995842899221,0.0013038075749882783,False,False,1.0,1.371545997946953,9.887041093021708e-09,0.18585783243058243,0.7244233073478836,1.0,1.4885021778410013,2.2844246395645554e-07,0.22805503782042275,0.6638479119345078,0.16466784507828763,0.22715260539728224,0.004465050821935069,0.011720689673508958,True,AP3.8,119.0,8.3,6.863735268152632e+19,$(U_{0.8}Pu_{0.2})N$
B3_Nd0_2p10e19_rho5p0e13_AP3p8,rizk2025_refit_plot,rizk2025_refit_full,1175.0,1.1,50000000000000.0,1.495332190480079e+23,4.612921872094243e+25,3.942440420132155e+25,2.4664954387320287e+23,1.9951118801705857e+19,1.6294954957849566,53.2518328133252,0.44702150767606097,1.2620005481544385,1.7090220558304996,0.060435557943650256,1.7694576137741498,8564680422992.161,2.1411701057480402e+18,61.076522289589356,0.0737464002598327,363587752.5241643,36347845.567795284,10.003006969037756,1362516664.1621974,1362384864.3598657,69001198.32468341,41688705.96026678,1.000096741974885,1.6551532779752864,0.16547556636400665,51.04724316358371,43.62760097930305,5.159680290749253,5.159680290749253,0.0,4.6625832446893445e+24,4.6625832446893445e+24,0.0,9.036573938600132e+25,9.036573938600133e+25,1.0322736370555883,8.472626116394005e+16,0.0053764322484414016,5.061050964313436e-07,3.1415792725116815e-06,3.1415792725116815e-06,0.013675656154583488,0.013675656154583488,8.140756515195666e+20,1.4910975514112e-05,8.162881004352833e-19,4.659659239897898e-23,4.659659239897898e-22,1.1076769180051558e-20,1.6472964643566316e+19,50000000000000.0,50000000000000.0,0.0,0.0046503105584838585,0.001302790124259046,1.4765368180980482e-05,4.916184555621758e-06,1.4765368180980482e-05,4.916184555621758e-06,4.8595957203871304e-29,6.263661133841386e+18,3.029683672546404e+19,0.896783430030128,1.4735806998833107e-21,-196881.0891405938,3.0677347318329634e+21,0.0,0.0,0.0,0.0,0.0,0.3333333333333333,0.3333333333333333,2.0,9.291784035179553e-25,1.481013079221181e-20,0.0,8.162871712568798e-19,,0.0,0.0,0.0,0.0,0.0,9.291784035179553e-25,8.162871712568798e-19,0.018143264350312528,17.0,1.3876897707399816e-17,1.1076769180051557e-26,4.658551562979893e-23,,,1.1076769180051557e-26,4.658551562979893e-23,10.0,,7.978845608028655e-08,3.2312574248336765,47875274866423.88,1.0940458086812164e-05,0.0012918496661722338,1.0940458086812164e-05,0.0012918496661722338,0.0046503105584838585,0.001302790124259046,False,False,1.0,1.371669859199637,9.894355023048385e-09,0.1859054901656713,0.7243542907497866,1.0,1.505380946653689,2.2872468144903796e-07,0.23372052287524966,0.6558027405177662,0.1647313052796746,0.2328197657033187,0.00447021507676061,0.012620005481544386,True,AP3.8,119.0,8.3,6.863735268152632e+19,$(U_{0.8}Pu_{0.2})N$
B3_Nd0_2p10e19_rho5p0e13_AP3p8,rizk2025_refit_plot,rizk2025_refit_full,1200.0,1.1,50000000000000.0,1.4943780717572371e+23,4.606152528326831e+25,3.9496020335301285e+25,2.4612696675158257e+23,1.9875279349459636e+19,1.631346870826956,54.58803869903287,0.4475965717925745,1.354235901602426,1.8018324733950004,0.07622371575904593,1.8780561891540464,8356355176002.01,2.0890887940005025e+18,66.53317533370118,0.08538359877987255,210748879.7437598,33366812.704571147,6.316122597915619,1360956835.5710273,1360838727.6181467,64246344.30601757,40668249.91166667,1.0000867905582664,1.5797666347965211,0.16536998224226707,50.97233265199595,43.70685240187352,5.155444963888276,5.155444963888276,0.0,4.658755960256009e+24,4.658755960256009e+24,0.0,9.036573938600132e+25,9.036573938600132e+25,1.0346909098592438,8.461835728767958e+16,0.005372909198323435,5.03267526104218e-07,3.393253568882416e-06,3.393253568882416e-06,0.014686944233641556,0.014686944233641556,8.786084210536537e+20,1.5855669656262503e-05,8.162897780388003e-19,6.217615733574239e-23,6.217615733574239e-22,3.503783313863259e-20,1.6472964643566316e+19,50000000000000.0,50000000000000.0,0.0,0.004645133255502254,0.0013018083984135391,1.4760579353977869e-05,4.900455790164433e-06,1.4760579353977869e-05,4.900455790164433e-06,5.256570895675233e-29,6.407042577185837e+18,3.2876713395940758e+19,1.6712747156204204,1.8111068476370147e-21,-227148.45041677455,3.066198069861046e+21,0.0,0.0,0.0,0.0,0.0,0.3333333333333333,0.3333333333333333,2.0,2.6067819204802983e-24,1.5382006404450104e-20,0.0,8.162871712568798e-19,,0.0,0.0,0.0,0.0,0.0,2.6067819204802983e-24,8.162871712568798e-19,0.018843806229457596,17.0,1.3876926226659605e-17,3.503783313863259e-26,6.214111950260375e-23,,,3.503783313863259e-26,6.214111950260375e-23,10.0,,7.978845608028655e-08,3.2312574248336765,47830239464374.83,1.1171299311345281e-05,0.0012906370991021938,1.1171299311345281e-05,0.0012906370991021938,0.004645133255502254,0.0013018083984135391,False,False,1.0,1.3718141336429255,9.901355342198559e-09,0.18596099363641094,0.7242739137736194,1.0,1.522165329349009,2.290151613130858e-07,0.23925804197429212,0.6479610298415323,0.16480191371657582,0.23835893757940455,0.004475965717925745,0.013542359016024259,True,AP3.8,119.0,8.3,6.863735268152632e+19,$(U_{0.8}Pu_{0.2})N$
B3_Nd0_2p10e19_rho5p0e13_AP3p8,rizk2025_refit_plot,rizk2025_refit_full,1225.0,1.1,50000000000000.0,1.4934451201656587e+23,4.599952464668488e+25,3.9561749289005845e+25,2.4562766389536168e+23,1.9797948605590065e+19,1.6332171769936956,55.89793765084978,0.4482266800157757,1.4484254816291477,1.8966521616449235,0.10193624843004674,1.9985884100749702,8058057746072.864,2.0145144365182162e+18,74.19590436953865,0.1023932443583159,126238105.64710088,29920789.009365153,4.219076763236043,1359388218.1080837,1359280340.2217522,60163244.969133005,39715239.83347266,1.0000793639716101,1.5148654577285576,0.16526674050508686,50.90372187427786,43.77958898783095,5.151422397386104,5.151422397386104,0.0,4.6551209382940277e+24,4.6551209382940277e+24,0.0,9.036573938600132e+25,9.036573938600132e+25,1.0371678323178406,8.45132011380107e+16,0.005369219059320157,5.004769824025851e-07,3.644775825062755e-06,3.644775825062755e-06,0.01572267126809548,0.01572267126809548,9.442018175917919e+20,1.6833614477681933e-05,8.162941829734212e-19,8.189202765293359e-23,8.189202765293359e-22,1.057421518979397e-19,1.6472964643566316e+19,50000000000000.0,50000000000000.0,0.0,0.0046404392477973335,0.001300866269222872,1.4755744353434093e-05,4.885746840772352e-06,1.4755744353434093e-05,4.885746840772352e-06,5.65397504488187e-29,6.55086119429447e+18,3.5437406053509448e+19,3.0917263295157635,2.3694460085739032e-21,-270838.2695644883,3.06470591881706e+21,0.0,0.0,0.0,0.0,0.0,0.3333333333333333,0.3333333333333333,2.0,7.011716541319382e-24,1.4818968284734945e-20,0.0,8.162871712568798e-19,,0.0,0.0,0.0,0.0,0.0,7.011716541319382e-24,8.162871712568798e-19,0.018153955514855675,17.0,1.387700111054816e-17,1.057421518979397e-25,8.178628550103565e-23,,,1.057421518979397e-25,8.178628550103565e-23,10.0,,7.978845608028655e-08,3.2312574248336765,47786817323083.125,1.1393902070026799e-05,0.0012894723671528453,1.1393902070026799e-05,0.0012894723671528453,0.0046404392477973335,0.001300866269222872,False,False,1.0,1.371977516868013,9.908062372398472e-09,0.1860238372440135,0.7241829093024591,1.0,1.5388150600424408,2.2931288059129435e-07,0.24465912929560735,0.6403337200916065,0.1648792112630568,0.24376165258715046,0.004482266800157757,0.014484254816291477,True,AP3.8,119.0,8.3,6.863735268152632e+19,$(U_{0.8}Pu_{0.2})N$
B3_Nd0_2p10e19_rho5p0e13_AP3p8,rizk2025_refit_plot,rizk2025_refit_full,1250.0,1.1,50000000000000.0,1.4925249221015431e+23,4.5942692083107295e+25,3.962212893303977e+25,2.451491347409971e+23,1.9719326392125493e+19,1.6351058275893537,57.18124091968022,0.4489072021772735,1.5443346390578032,1.9932418412350765,0.1416821857507066,2.134924026985783,7665706350463.008,1.916426587615752e+18,84.1914906499796,0.1254208211262662,78594669.00194144,26368460.551785447,2.980631684871709,1357810409.8272295,1357710285.500578,56627478.46101102,38823921.34718323,1.0000737449864827,1.4585718416905737,0.16516491009121895,50.840830158940015,43.84640595236217,5.147598978606602,5.147598978606602,0.0,4.651665877644108e+24,4.651665877644108e+24,0.0,9.036573938600132e+25,9.036573938600132e+25,1.0396987716651231,8.441024745290661e+16,0.005365369128286452,4.977302739874253e-07,3.894986676624711e-06,3.894986676624711e-06,0.01678052134788849,0.01678052134788849,1.0106636928381038e+21,1.7843406657775598e-05,8.1630529947906185e-19,1.066087053798265e-22,1.066087053798265e-21,3.0533079764031823e-19,1.6472964643566316e+19,50000000000000.0,50000000000000.0,0.0,0.0046362033838502825,0.001299969812654527,1.4750864787888719e-05,4.871972753409353e-06,1.4750864787888719e-05,4.871972753409353e-06,6.049954759064599e-29,6.695144180614503e+18,3.796594125420027e+19,5.666207492925048,3.2644863988864975e-21,-328835.8517001919,3.063256160010819e+21,0.0,0.0,0.0,0.0,0.0,0.3333333333333333,0.3333333333333333,2.0,1.8128222181985484e-23,1.3360203119369858e-20,0.0,8.162871712568798e-19,,0.0,0.0,0.0,0.0,0.0,1.8128222181985484e-23,8.162871712568798e-19,0.016366674487959202,17.0,1.3877190091144051e-17,3.0533079764031822e-25,1.0630337458218618e-22,,,3.0533079764031822e-25,1.0630337458218618e-22,10.0,,7.978845608028655e-08,3.2312574248336765,47744996525907.46,1.160838666831197e-05,0.001288361425986215,1.160838666831197e-05,0.001288361425986215,0.0046362033838502825,0.001299969812654527,False,False,1.0,1.3721583148031034,9.914507383599922e-09,0.18609336542724095,0.7240822273970985,1.0,1.5553131011213805,2.2961716766174447e-07,0.24992327674586678,0.6329203942833207,0.16496261193609643,0.24902740186805197,0.004489072021772735,0.015443346390578032,True,AP3.8,119.0,8.3,6.863735268152632e+19,$(U_{0.8}Pu_{0.2})N$
B3_Nd0_2p10e19_rho5p0e13_AP3p8,rizk2025_refit_plot,rizk2025_refit_full,1275.0,1.1,50000000000000.0,1.4916017139211623e+23,4.589034592399378e+25,3.967785498611847e+25,2.4468748828060856e+23,1.9639445123940635e+19,1.6370135127976706,58.44030325828519,0.4496319514711241,1.6419321453834956,2.09156409685462,0.1991556837642764,2.290719780618896,7195235500673.25,1.7988088751683126e+18,96.32294225732161,0.1540939386845322,51255568.93444147,23047468.733558703,2.2239131562335013,1356222243.1317215,1356128084.8598497,53535375.2632302,37987482.54587927,1.0000694316952234,1.40928989433751,0.16506274657364542,50.78290316197282,43.90807318759683,5.143960903856708,5.143960903856708,0.0,4.64837830449695e+24,4.64837830449695e+24,0.0,9.036573938600132e+25,9.036573938600132e+25,1.0422834191076822,8.430865903973424e+16,0.005361354484595671,4.950182272153023e-07,4.143192399858515e-06,4.143192399858515e-06,0.017860403940569876,0.017860403940569876,1.0779321869908536e+21,1.8885725920299437e-05,8.163323265222488e-19,1.3740987948226453e-22,1.3740987948226452e-21,8.457331924393166e-19,1.6472964643566316e+19,50000000000000.0,50000000000000.0,0.0,0.004632406743839704,0.0012991314866549297,1.4745938967838448e-05,4.859031524528876e-06,1.4745938967838448e-05,4.859031524528876e-06,6.443395234592157e-29,6.839914337270126e+18,4.045428068414277e+19,10.209884716578017,4.647725195312268e-21,-399428.4311392109,3.0618498804126455e+21,0.0,0.0,0.0,0.0,0.0,0.3333333333333333,0.3333333333333333,2.0,4.5155265368944576e-23,1.1360352122119976e-20,0.0,8.162871712568798e-19,,0.0,0.0,0.0,0.0,0.0,4.5155265368944576e-23,8.162871712568798e-19,0.013916332543778486,17.0,1.3877649550878229e-17,8.457331924393166e-25,1.365641462898252e-22,,,8.457331924393166e-25,1.365641462898252e-22,10.0,,7.978845608028655e-08,3.2312574248336765,47704678221396.34,1.1815398290380394e-05,0.0012873160883645493,1.1815398290380394e-05,0.0012873160883645493,0.004632406743839704,0.0012991314866549297,False,False,1.0,1.3723542341147967,9.92074087701053e-09,0.1861686923626094,0.7239731515194859,1.0,1.5716770781554126,2.2992799080654928e-07,0.2550608514755081,0.6257053470040029,0.16505134018790996,0.2541665546066179,0.004496319514711241,0.016419321453834956,True,AP3.8,119.0,8.3,6.863735268152632e+19,$(U_{0.8}Pu_{0.2})N$
B3_Nd0_2p10e19_rho5p0e13_AP3p8,rizk2025_refit_plot,rizk2025_refit_full,1300.0,1.1,50000000000000.0,1.4906437155829326e+23,4.5841524827456415e+25,3.972990236960017e+25,2.4423614721486422e+23,1.9558045494051983e+19,1.6389437420787316,59.68155485777583,0.45039202172750026,1.741543988973543,2.1919360107010433,0.27558114714954063,2.4675171578505837,6683975768955.311,1.6709939422388275e+18,110.0065947833804,0.1867038926351242,35313917.583006814,20180608.30236147,1.7498936134087937,1354620422.0922031,1354530935.3842092,50795656.3228305,37197422.307283595,1.0000660647207504,1.365569256471953,0.16495673312820258,50.72887704890267,43.965669555241625,5.140496662727524,5.140496662727524,0.0,4.645247817386449e+24,4.645247817386449e+24,0.0,9.036573938600132e+25,9.036573938600132e+25,1.0449309791683052,8.420695472411445e+16,0.005357143675807446,4.923211357173832e-07,4.389379472207245e-06,4.389379472207245e-06,0.018966199908444323,0.018966199908444323,1.1461659838975678e+21,1.996527475702452e-05,8.163957681071563e-19,1.7578350904993307e-22,1.7578350904993307e-21,2.2525702314749626e-18,1.6472964643566316e+19,50000000000000.0,50000000000000.0,0.0,0.004629050184087138,0.001298378984836938,1.4740957937085429e-05,4.846794291372385e-06,1.4740957937085429e-05,4.846794291372385e-06,6.834270511486507e-29,6.985200780892489e+18,4.290116571008224e+19,17.843098581251905,6.684246508210371e-21,-478517.87788861746,3.060495012122761e+21,0.0,0.0,0.0,0.0,0.0,0.3333333333333333,0.3333333333333333,2.0,1.085968502764781e-22,9.173994716924637e-21,0.0,8.162871712568798e-19,,0.0,0.0,0.0,0.0,0.0,1.085968502764781e-22,8.162871712568798e-19,0.011237190435461078,17.0,1.3878728057821657e-17,2.2525702314749626e-24,1.7353093881845811e-22,,,2.2525702314749626e-24,1.7353093881845811e-22,10.0,,7.978845608028655e-08,3.2312574248336765,47665639749542.414,1.2016391608997037e-05,0.0012863625932279408,1.2016391608997037e-05,0.0012863625932279408,0.004629050184087138,0.001298378984836938,False,False,1.0,1.3725619171382613,9.926850346249473e-09,0.18624852362044464,0.7238575566939205,1.0,1.5879800013077612,2.3024646309924708e-07,0.260098596620393,0.6186501065585022,0.1651442902788743,0.2592058603426301,0.0045039202172750025,0.01741543988973543,True,AP3.8,119.0,8.3,6.863735268152632e+19,$(U_{0.8}Pu_{0.2})N$
B3_Nd0_2p10e19_rho5p0e13_AP3p8,rizk2025_refit_plot,rizk2025_refit_full,1325.0,1.1,50000000000000.0,1.4895855329326833e+23,4.579475680906753e+25,3.977975296787748e+25,2.437833045587012e+23,1.9474371632454492e+19,1.640906007100108,60.91787279212942,0.4511736045353245,1.844107575074156,2.2952811796094803,0.3673258620282048,2.6626070416376852,6182695412624.582,1.5456738531561454e+18,124.2524785756279,0.22032766723183536,25901954.382904846,17866846.806188803,1.449721636048998,1352996876.9752264,1352911129.8235152,48321691.933338046,36442506.90721466,1.0000633797370877,1.3259705776106094,0.16483963314568276,50.67712290102909,44.02083492943767,5.1372025363875995,5.1372025363875995,0.0,4.642271055763068e+24,4.642271055763068e+24,0.0,9.036573938600132e+25,9.036573938600135e+25,1.0476671420441552,8.410229627636048e+16,0.005352649433605289,4.896009518284973e-07,4.634464151610207e-06,4.634464151610207e-06,0.020108668430204264,0.020108668430204264,1.2158829059491643e+21,2.1093983531347012e-05,8.165398359707159e-19,2.240387558362496e-22,2.240387558362496e-21,5.78187606487805e-18,1.6472964643566316e+19,50000000000000.0,50000000000000.0,0.0,0.004626183632918472,0.001297773571997993,1.4735897341446314e-05,4.8350890813080805e-06,1.4735897341446314e-05,4.8350890813080805e-06,7.224057515326681e-29,7.131055591185803e+18,4.531402144269413e+19,29.68221829904824,9.481931201104451e-21,-560761.2387459311,3.0592137771301565e+21,0.0,0.0,0.0,0.0,0.0,0.3333333333333333,0.3333333333333333,2.0,2.5266471383605937e-22,7.079080234963573e-21,0.0,8.162871712568798e-19,,0.0,0.0,0.0,0.0,0.0,2.5266471383605937e-22,8.162871712568798e-19,0.008669607927392601,17.0,1.388117721150217e-17,5.78187606487805e-24,2.1825687977137156e-22,,,5.78187606487805e-24,2.1825687977137156e-22,10.0,,7.978845608028655e-08,3.2312574248336765,47627474248034.54,1.221413885648331e-05,0.0012855594331415096,1.221413885648331e-05,0.0012855594331415096,0.004626183632918472,0.001297773571997993,False,False,1.0,1.372776059944588,9.932995238301568e-09,0.18633081793718656,0.7237383991122565,1.0,1.6043845143376783,2.3057568319391814e-07,0.2650887084983768,0.6116810972122377,0.16523976217996136,0.2641975285103147,0.004511736045353245,0.01844107575074156,True,AP3.8,119.0,8.3,6.863735268152632e+19,$(U_{0.8}Pu_{0.2})N$
B3_Nd0_2p10e19_rho5p0e13_AP3p8,rizk2025_refit_plot,rizk2025_refit_full,1350.0,1.1,50000000000000.0,1.488293622379461e+23,4.574766435563993e+25,3.982978252124726e+25,2.4330720528469694e+23,1.938686811294972e+19,1.6429221146186614,62.17194156749158,0.4519542826584699,1.951549429157171,2.403503711815641,0.4650576642310427,2.8685613760466833,5740162720026.439,1.43504068000661e+18,137.78693616288908,0.2515482807138193,20317042.085449044,16111832.237677151,1.261001342723648,1351333574.5706925,1351250908.516308,46024769.38488275,35707425.95500334,1.000061177427422,1.2889411138982907,0.16469666850421574,50.62500972877202,44.07619833785961,5.134095264864157,5.134095264864157,0.0,4.639463146876178e+24,4.639463146876178e+24,0.0,9.036573938600132e+25,9.036573938600132e+25,1.0505445478119966,8.398909522471928e+16,0.005347670262058034,4.867892208393905e-07,4.880426313449004e-06,4.880426313449004e-06,0.021309809916607282,0.021309809916607282,1.2881401712874176e+21,2.229624428752771e-05,8.168569279875949e-19,2.862168056389775e-22,2.8621680563897752e-21,1.4331663655150738e-17,1.6472964643566316e+19,50000000000000.0,50000000000000.0,0.0,0.0046239693764146775,0.0012974470747477514,1.473070116232697e-05,4.823679799386776e-06,1.473070116232697e-05,4.823679799386776e-06,7.615980389794083e-29,7.277582018325086e+18,4.770921901485285e+19,46.041465050697454,1.2967932052360127e-20,-640563.2262295848,3.0580575177659457e+21,0.0,0.0,0.0,0.0,0.0,0.3333333333333333,0.3333333333333333,2.0,5.697567307150379e-22,5.248217173930294e-21,0.0,8.162871712568798e-19,,0.0,0.0,0.0,0.0,0.0,5.697567307150379e-22,8.162871712568798e-19,0.006424891549686404,17.0,1.3886567775789114e-17,1.433166365515074e-23,2.7188514198382675e-22,,,1.433166365515074e-23,2.7188514198382675e-22,10.0,,7.978845608028655e-08,3.2312574248336765,47589509842263.21,1.241354438288996e-05,0.0012850335303648615,1.241354438288996e-05,0.0012850335303648615,0.0046239693764146775,0.0012974470747477514,False,False,1.0,1.372987884587726,9.939472094815586e-09,0.18641220140697154,0.7236205641092647,1.0,1.6211922353339798,2.3092199826509712e-07,0.27012150689121095,0.6046725324220239,0.1653350135673103,0.26923190153073356,0.004519542826584699,0.01951549429157171,True,AP3.8,119.0,8.3,6.863735268152632e+19,$(U_{0.8}Pu_{0.2})N$
B3_Nd0_2p10e19_rho5p0e13_AP3p8,rizk2025_refit_plot,rizk2025_refit_full,1375.0,1.1,50000000000000.0,1.4865007242793238e+23,4.569634957004881e+25,3.988385621228419e+25,2.4276782481476827e+23,1.9292829320589038e+19,1.6450385048515406,63.479648602280044,0.4526973369891901,2.0672265472522775,2.5199238842414675,0.5565676085451827,3.0764914927866505,5387189733775.066,1.3467974334437665e+18,149.41667274104597,0.2776140595283882,17021279.27535954,14857779.652525675,1.1456139257298847,1349592521.8427875,1349512484.633512,43811251.74299853,34971838.20138952,1.0000593082392248,1.2527580475097189,0.16449826387516947,50.56822406427153,44.13603704598543,5.13124062586786,5.13124062586786,0.0,4.636883531240373e+24,4.636883531240373e+24,0.0,9.036573938600132e+25,9.036573938600132e+25,1.0536552747894827,8.385637923877112e+16,0.005341777393455499,4.83771591572696e-07,5.129821252411153e-06,5.129821252411153e-06,0.02260807190893271,0.02260807190893271,1.3646711907746264e+21,2.3615872296653166e-05,8.175345338120949e-19,3.700180177718187e-22,3.7001801777181866e-21,3.437073971002977e-17,1.6472964643566316e+19,50000000000000.0,50000000000000.0,0.0,0.004622815909398886,0.0012976746094862843,1.4725250107608293e-05,4.81225114389825e-06,1.4725250107608293e-05,4.81225114389825e-06,8.014287114358107e-29,7.424982537862864e+18,5.010544910491472e+19,65.54529135546134,1.679741701262881e-20,-712395.6608585205,3.0571353676716515e+21,0.0,0.0,0.0,0.0,0.0,0.3333333333333333,0.3333333333333333,2.0,1.2473625552150166e-21,3.756347896372655e-21,0.0,8.162871712568798e-19,,0.0,0.0,0.0,0.0,0.0,1.2473625552150166e-21,8.162871712568798e-19,0.00459472687821164,17.0,1.3898087074805612e-17,3.437073971002977e-23,3.3564727806178893e-22,,,3.437073971002977e-23,3.3564727806178893e-22,10.0,,7.978845608028655e-08,3.2312574248336765,47550743112308.28,1.2622772794837385e-05,0.001285051836691447,1.2622772794837385e-05,0.001285051836691447,0.004622815909398886,0.0012976746094862843,False,False,1.0,1.3731827106788355,9.946830215393108e-09,0.18648703645757692,0.7235122138213864,1.0,1.6388964149462033,2.3129651392664662e-07,0.2753376350799336,0.5974303324026713,0.16542557260306756,0.2744496562630132,0.004526973369891901,0.020672265472522773,True,AP3.8,119.0,8.3,6.863735268152632e+19,$(U_{0.8}Pu_{0.2})N$
B3_Nd0_2p10e19_rho5p0e13_AP3p8,rizk2025_refit_plot,rizk2025_refit_full,1400.0,1.1,50000000000000.0,1.4836856337363109e+23,4.5634532749820585e+25,3.99481465411188e+25,2.4209289169874075e+23,1.918825558817552e+19,1.6473494488795997,64.88993678914261,0.45334397895871587,2.1961204560644507,2.649464435023167,0.6325925284897715,3.282056963512938,5128618128201.654,1.2821545320504136e+18,158.5094190291504,0.29743465944704683,15101939.65340772,14005476.858077027,1.078288144448174,1347697074.9686549,1347619353.932387,41590934.66358239,34211776.276093565,1.0000576728406585,1.2156905951897394,0.1641867419906433,50.499816700321155,44.20718162939884,5.128814928289397,5.128814928289397,0.0,4.6346915316883266e+24,4.6346915316883266e+24,0.0,9.036573938600132e+25,9.036573938600135e+25,1.0571371207231206,8.368297491642688e+16,0.005334103459004396,4.803754343739212e-07,5.3834093887435515e-06,5.3834093887435515e-06,0.024060964648381367,0.024060964648381367,1.4476861186046204e+21,2.5122180911010945e-05,8.189426464829586e-19,4.907545740295142e-22,4.907545740295141e-21,7.989389038480301e-17,1.6472964643566316e+19,50000000000000.0,50000000000000.0,0.0,0.0046236518864968285,0.0012990138721593967,1.4719302163296277e-05,4.800430090821763e-06,1.4719302163296277e-05,4.800430090821763e-06,8.420553196652819e-29,7.573637446486391e+18,5.2497817823151596e+19,85.37387449495579,2.045997796276992e-20,-771656.9092108946,3.0566678841897014e+21,0.0,0.0,0.0,0.0,0.0,0.3333333333333333,0.3333333333333333,2.0,2.6554752260788454e-21,2.6068146230906868e-21,0.0,8.162871712568798e-19,,0.0,0.0,0.0,0.0,0.0,2.6554752260788454e-21,8.162871712568798e-19,0.00318314674939197,17.0,1.3922024990210297e-17,7.989389038480301e-23,4.108606836447112e-22,,,7.989389038480301e-23,4.108606836447112e-22,10.0,,7.978845608028655e-08,3.2312574248336765,47509895762299.27,1.285447099161015e-05,0.0012861594011677865,1.285447099161015e-05,0.0012861594011677865,0.0046236518864968285,0.0012990138721593967,False,False,1.0,1.373336437727998,9.956068187608952e-09,0.18654607301274517,0.723426739671834,1.0,1.6581896510812344,2.317158617845904e-07,0.28092539091491336,0.5896970996617573,0.16550430086622178,0.28003912956820237,0.004533439789587159,0.021961204560644508,True,AP3.8,119.0,8.3,6.863735268152632e+19,$(U_{0.8}Pu_{0.2})N$
B3_Nd0_2p10e19_rho5p0e13_AP3p8,rizk2025_refit_plot,rizk2025_refit_full,1425.0,1.1,50000000000000.0,1.4788614723076883e+23,4.555241759735883e+25,4.003217902653807e+25,2.411551938065179e+23,1.9068534524510654e+19,1.650039041594818,66.45358575957212,0.4538035507806928,2.344019318244359,2.797822869025052,0.6909264005515846,3.488749269576637,4947728421787.314,1.2369321054468285e+18,165.20473369478867,0.31169647505647374,13990748.148319881,13437871.60543106,1.0411431630783978,1345498372.5826318,1345422710.6373773,39306534.26821396,33406775.18940694,1.000056236560195,1.1766036693262687,0.16365289349215248,50.4089469160205,44.30017316135578,5.127227029131581,5.127227029131581,0.0,4.6332566148736626e+24,4.6332566148736626e+24,0.0,9.036573938600132e+25,9.036573938600133e+25,1.061152889832934,8.342900557026658e+16,0.005322964490529162,4.763765237322615e-07,5.633840593903395e-06,5.633840593903395e-06,0.025736421735908597,0.025736421735908597,1.538700755610449e+21,2.6906807333003492e-05,8.217924306433319e-19,6.792207006788487e-22,6.792207006788486e-21,1.8029544796246132e-16,1.6472964643566316e+19,50000000000000.0,50000000000000.0,0.0,0.004628456695299187,0.0013025636936605733,1.4712385185525437e-05,4.7878965675727724e-06,1.4712385185525437e-05,4.7878965675727724e-06,8.82369086955413e-29,7.724227290406361e+18,5.4793727633938645e+19,103.07189202270521,2.3586570004192567e-20,-816902.6232902026,3.057083514789185e+21,0.0,0.0,0.0,0.0,0.0,0.3333333333333333,0.3333333333333333,2.0,5.505259386452124e-21,1.7608088449539913e-21,0.0,8.162871712568798e-19,,0.0,0.0,0.0,0.0,0.0,5.505259386452124e-21,8.162871712568798e-19,0.0021426442728068934,17.0,1.3970471320936644e-17,1.8029544796246133e-22,4.989252527163874e-22,,,1.8029544796246133e-22,4.989252527163874e-22,10.0,,7.978845608028655e-08,3.2312574248336765,47465796802320.34,1.3126646648645869e-05,0.0012894370470119274,1.3126646648645869e-05,0.0012894370470119274,0.004628456695299187,0.0013025636936605733,False,False,1.0,1.3734106977930702,9.968959661720217e-09,0.186574587725347,0.7233854562743931,1.0,1.67981987187334,2.321997206810245e-07,0.28707395280905046,0.5812181617694318,0.16556020795450055,0.2861895217271264,0.004538035507806928,0.023440193182443593,True,AP3.8,119.0,8.3,6.863735268152632e+19,$(U_{0.8}Pu_{0.2})N$
B3_Nd0_2p10e19_rho5p0e13_AP3p8,rizk2025_refit_plot,rizk2025_refit_full,1450.0,1.1,50000000000000.0,1.4702228496261799e+23,4.543492110045929e+25,4.015044523787821e+25,2.3973561286787552e+23,1.8930679543581753e+19,1.6534534173044095,68.1942179307939,0.4539385384315642,2.514765378094166,2.96870391652573,0.7352634410833021,3.703967357609032,4819066066738.727,1.2047665166846817e+18,170.1533640788378,0.32205127518835397,13329447.073353805,13047053.239402303,1.0216442616405264,1342718317.7537627,1342644417.2943316,36981513.81986673,32554079.61790751,1.0000550409762103,1.1360024382174134,0.16269693133877397,50.2789236376211,44.43104821659654,5.1273312144436,5.1273312144436,0.0,4.6333507627011993e+24,4.6333507627011993e+24,0.0,9.036573938600132e+25,9.036573938600132e+25,1.0658165316156754,8.302156532075877e+16,0.005305224122497917,4.715398261376216e-07,5.855154119441987e-06,5.855154119441987e-06,0.027682020483922595,0.027682020483922595,1.6357378179086025e+21,2.9058206178117326e-05,8.274171632376133e-19,9.969293275342691e-22,9.96929327534269e-21,3.956100289530877e-16,1.6472964643566316e+19,50000000000000.0,50000000000000.0,0.0,0.004641198829985308,0.0013104245871238174,1.470361280707486e-05,4.774605159646554e-06,1.470361280707486e-05,4.774605159646554e-06,9.183150875556748e-29,7.877926045855995e+18,5.671269136462881e+19,118.08340124748239,2.615547956914308e-20,-851148.5420094767,3.0591837026180986e+21,0.0,0.0,0.0,0.0,0.0,0.3333333333333333,0.3333333333333333,2.0,1.1129991980733449e-20,1.1616069964338774e-21,0.0,8.162871712568798e-19,,0.0,0.0,0.0,0.0,0.0,1.1129991980733449e-20,8.162871712568798e-19,0.001403895215188198,17.0,1.4066091775039427e-17,3.9561002895308766e-22,6.013192985811814e-22,,,3.9561002895308766e-22,6.013192985811814e-22,10.0,,7.978845608028655e-08,3.2312574248336765,47418210687052.75,1.3463582017680776e-05,0.0012969610051061366,1.3463582017680776e-05,0.0012969610051061366,0.004641198829985308,0.0013104245871238174,False,False,1.0,1.3733451912132408,9.988603434766062e-09,0.18654943434208474,0.723421873139541,1.0,1.7041880810203234,2.3276193074765636e-07,0.29385882808821645,0.5718995551521315,0.16557662208197418,0.2929763005868984,0.004539385384315642,0.025147653780941658,True,AP3.8,119.0,8.3,6.863735268152632e+19,$(U_{0.8}Pu_{0.2})N$
B3_Nd0_2p10e19_rho5p0e13_AP3p8,rizk2025_refit_plot,rizk2025_refit_full,1475.0,1.1,50000000000000.0,1.4546094743832128e+23,4.525783744339346e+25,4.032600959613956e+25,2.374617800196592e+23,1.8776531226867982e+19,1.6582171393939815,70.073718976693,0.4535305299289401,2.7062597262839687,3.159790256212909,0.7712504546281451,3.9310407108410543,4719689893934.3125,1.179922473483578e+18,174.09026995895172,0.33017449699654705,12901569.044541962,12752005.040393401,1.0117286657019662,1338859811.8379645,1338787271.738929,34746177.349889055,31680921.64108469,1.0000541834394208,1.0967539942029103,0.16096913324305168,50.082960368500466,44.6253302082609,5.13074028999558,5.13074028999558,0.0,4.6364313990299736e+24,4.6364313990299736e+24,0.0,9.036573938600132e+25,9.036573938600132e+25,1.07108229799675,8.23324006146183e+16,0.00527531377303424,4.656641526579957e-07,5.998319116127705e-06,5.998319116127705e-06,0.029878863766193066,0.029878863766193066,1.729869492076697e+21,3.1610504840609276e-05,8.382581106675789e-19,1.5648365395596799e-21,1.5648365395596798e-20,8.452417180343286e-16,1.6472964643566316e+19,50000000000000.0,50000000000000.0,0.0,0.004669304111534569,0.0013264812495571367,1.469138962579655e-05,4.760978351626727e-06,1.469138962579655e-05,4.760978351626727e-06,9.42136842436907e-29,8.036747307201912e+18,5.7756665041421345e+19,131.52408954290527,2.841133773135473e-20,-880217.5544346868,3.0644087111861655e+21,0.0,0.0,0.0,0.0,0.0,0.3333333333333333,0.3333333333333333,2.0,2.1970939410699096e-20,7.507216258567738e-22,0.0,8.162871712568798e-19,,0.0,0.0,0.0,0.0,0.0,2.1970939410699096e-20,8.162871712568798e-19,0.0008955733518151203,17.0,1.4250387881348842e-17,8.452417180343286e-22,7.195948215253512e-22,,,8.452417180343286e-22,7.195948215253512e-22,10.0,,7.978845608028655e-08,3.2312574248336765,47368645865760.24,1.3900697463769349e-05,0.0013125805520933674,1.3900697463769349e-05,0.0013125805520933674,0.004669304111534569,0.0013264812495571367,False,False,1.0,1.3730418584619832,1.0020392834048811e-08,0.18643293510561207,0.7235905444102785,1.0,1.7308351396232566,2.3339712063870794e-07,0.30111234454617214,0.561982207172308,0.16552699941690752,0.30023166277603436,0.004535305299289401,0.027062597262839688,True,AP3.8,119.0,8.3,6.863735268152632e+19,$(U_{0.8}Pu_{0.2})N$
B3_Nd0_2p10e19_rho5p0e13_AP3p8,rizk2025_refit_plot,rizk2025_refit_full,1500.0,1.1,50000000000000.0,1.4268297097826416e+23,4.497950143778126e+25,4.0598564140035605e+25,2.3371374188921473e+23,1.861324682945953e+19,1.6654057050486595,71.99718715172041,0.45220254500107004,2.909761102494606,3.3619636474956764,0.8039371039950927,4.165900751490769,4633051684187.35,1.1582629210468372e+18,177.6092110796514,0.33734880684033103,12583679.791134398,12499351.7312816,1.0067465946767267,1333080199.3879545,1333008523.5508046,32783337.4459837,30834537.956625607,1.0000537699766232,1.0632018385389603,0.15789498536473812,49.77494982434582,44.926942905448946,5.1402122848405005,5.1402122848405005,0.0,4.64499083720619e+24,4.64499083720619e+24,0.0,9.036573938600132e+25,9.036573938600132e+25,1.076719673207361,8.114825376777805e+16,0.005223917158814201,4.5851563530208514e-07,6.020086893831758e-06,6.020086893831758e-06,0.03223143296012265,0.03223143296012265,1.8057532388312954e+21,3.4498302463002704e-05,8.586863335070055e-19,2.616148172893133e-21,2.616148172893133e-20,1.7607759639859707e-15,1.6472964643566316e+19,50000000000000.0,50000000000000.0,0.0,0.00472569274651501,0.0013576867222584758,1.4672979996663434e-05,4.747753447962159e-06,1.4672979996663434e-05,4.747753447962159e-06,9.468848394319583e-29,8.204214235178907e+18,5.751270820490149e+19,145.13629995265467,3.067513935366426e-20,-909809.0805267642,3.075233291440931e+21,0.0,0.0,0.0,0.0,0.0,0.3333333333333333,0.3333333333333333,2.0,4.239916225012569e-20,4.766040325715508e-22,0.0,8.162871712568798e-19,,0.0,0.0,0.0,0.0,0.0,4.239916225012569e-20,8.162871712568798e-19,0.0005550385676048057,17.0,1.4597667669619094e-17,1.7607759639859707e-21,8.553722089071623e-22,,,1.7607759639859707e-21,8.553722089071623e-22,10.0,,7.978845608028655e-08,3.2312574248336765,47319915609636.7,1.4501998974456597e-05,0.0013431847232840191,1.4501998974456597e-05,0.0013431847232840191,0.00472569274651501,0.0013576867222584758,False,False,1.0,1.3723318892004193,1.0073687314420128e-08,0.18616010206375377,0.7239855903944329,1.0,1.758455444627154,2.3407762273168018e-07,0.3084550328770279,0.5519913517492088,0.1653652813369545,0.3075759999864243,0.0045220254500107,0.02909761102494606,True,AP3.8,119.0,8.3,6.863735268152632e+19,$(U_{0.8}Pu_{0.2})N$
B3_Nd0_2p10e19_rho5p0e13_AP3p8,rizk2025_refit_plot,rizk2025_refit_full,1525.0,1.1,50000000000000.0,1.3791714672771329e+23,4.4527368069525575e+25,4.103753530894326e+25,2.2752005763344686e+23,1.8446783316431192e+19,1.6767669817788493,73.89569358061095,0.4492896753749854,3.1179320406731645,3.5672217160481496,0.8374246010608483,4.404646317108997,4547629019075.441,1.1369072547688603e+18,181.16212426687798,0.3445092611196676,12306158.669663241,12254217.094129562,1.0042386694420944,1324047820.2353168,1323976452.3779242,31202810.87382867,30042346.074988227,1.0000539041742504,1.0386276356694588,0.15262105712275978,49.27461267076554,45.41271458384198,5.1600516882697365,5.1600516882697365,0.0,4.662918860804791e+24,4.662918860804791e+24,0.0,9.036573938600132e+25,9.036573938600133e+25,1.082530878309624,7.91445907895658e+16,0.005136679201564499,4.495542020340823e-07,5.9576966232148e-06,5.9576966232148e-06,0.03465892841400767,0.03465892841400767,1.851041071268083e+21,3.757571697930491e-05,8.963636533373067e-19,4.591111971906214e-21,4.5911119719062144e-20,3.580777516173852e-15,1.6472964643566316e+19,50000000000000.0,50000000000000.0,0.0,0.004831374537319709,0.0014161527708614905,1.4643971642235796e-05,4.735361325695295e-06,1.4643971642235796e-05,4.735361325695295e-06,9.382584659945052e-29,8.38640355343923e+18,5.6377938497548665e+19,160.59486393974132,3.3221813498803945e-20,-943211.7528630408,3.0956798961888747e+21,0.0,0.0,0.0,0.0,0.0,0.3333333333333333,0.3333333333333333,2.0,8.007648208042697e-20,2.979589468780153e-22,0.0,8.162871712568798e-19,,0.0,0.0,0.0,0.0,0.0,8.007648208042697e-20,8.162871712568798e-19,0.00033240855513124167,17.0,1.5238182106734214e-17,3.5807775161738524e-21,1.0103344557323614e-21,,,3.5807775161738524e-21,1.0103344557323614e-21,10.0,,7.978845608028655e-08,3.2312574248336765,47273831882274.85,1.539746631738873e-05,0.0014007553045441018,1.539746631738873e-05,0.0014007553045441018,0.004831374537319709,0.0014161527708614905,False,False,1.0,1.3709231606518115,1.016430137317761e-08,0.18561808181370765,0.7247705266845843,1.0,1.7860530034809612,2.3477964156412718e-07,0.31562009084754394,0.5422902758016532,0.16500944854065414,0.3147426146642084,0.004492896753749854,0.031179320406731645,True,AP3.8,119.0,8.3,6.863735268152632e+19,$(U_{0.8}Pu_{0.2})N$
B3_Nd0_2p10e19_rho5p0e13_AP3p8,rizk2025_refit_plot,rizk2025_refit_full,1550.0,1.1,50000000000000.0,1.3020143817297398e+23,4.37851343122667e+25,4.175469152939377e+25,2.1755166627838313e+23,1.8271324960114768e+19,1.6949179812606674,75.83727790678746,0.4437078218004588,3.3381577746747215,3.7818655964751806,0.8754618346937058,4.657327431168887,4454430294778.461,1.1136075736946152e+18,185.13798219912195,0.352423031391473,12026656.107942885,11991056.473826736,1.002968848841122,1309869600.214995,1309797892.6088097,29952401.265385654,29273202.58947888,1.0000547470770795,1.0232020624948936,0.14408274536084156,48.45324634066959,46.20632975849036,5.196341155479203,5.196341155479203,0.0,4.695712106167866e+24,4.695712106167866e+24,0.0,9.036573938600132e+25,9.036573938600132e+25,1.088727639635328,7.58949012283406e+16,0.0049941928919337505,4.376308066624432e-07,5.974846072214954e-06,5.974846072214954e-06,0.0372531763115431,0.0372531763115431,1.8678559048130447e+21,4.0717322231145904e-05,9.64451857158908e-19,8.303373578131135e-21,8.303373578131135e-20,7.11715258415843e-15,1.6472964643566316e+19,50000000000000.0,50000000000000.0,0.0,0.005018374800694383,0.0015225612514268227,1.459785083261789e-05,4.723317573115819e-06,1.459785083261789e-05,4.723317573115819e-06,9.420253922318195e-29,8.592655209406782e+18,5.594881437722772e+19,179.37418375195446,3.625270458693087e-20,-980514.6835793069,3.1317877728328873e+21,0.0,0.0,0.0,0.0,0.0,0.3333333333333333,0.3333333333333333,2.0,1.4816468590202815e-19,1.8383335745449222e-22,0.0,8.162871712568798e-19,,0.0,0.0,0.0,0.0,0.0,1.4816468590202815e-19,8.162871712568798e-19,0.00019060915906785685,17.0,1.6395681571701434e-17,7.11715258415843e-21,1.1862209939727049e-21,,,7.11715258415843e-21,1.1862209939727049e-21,10.0,,7.978845608028655e-08,3.2312574248336765,47228803610200.875,1.683948217433277e-05,0.0015057217692524898,1.683948217433277e-05,0.0015057217692524898,0.005018374800694383,0.0015225612514268227,False,False,1.0,1.368348200763764,1.0317267326521189e-08,0.1846250612364424,0.7262090112109016,1.0,1.8146083538031887,2.355287730234414e-07,0.32286046162292936,0.5325366136489149,0.16432325467705383,0.32198498491880245,0.004437078218004588,0.033381577746747215,True,AP3.8,119.0,8.3,6.863735268152632e+19,$(U_{0.8}Pu_{0.2})N$
B3_Nd0_2p10e19_rho5p0e13_AP3p8,rizk2025_refit_plot,rizk2025_refit_full,1575.0,1.1,50000000000000.0,1.1870061249937399e+23,4.259278211059879e+25,4.290420181331129e+25,2.024139264403284e+23,1.806549367614255e+19,1.7233127328793065,78.04746516725825,0.43393161158627624,3.597616372910787,4.031547984497063,0.9219653394807699,4.953513323977833,4345629712845.867,1.0864074282114668e+18,189.91873172589604,0.36180068401427057,11716445.38601279,11689210.326046506,1.002329931552827,1288289486.1624372,1288216559.6785383,28858069.698263764,28444229.357641123,1.0000566104226427,1.0145491844907892,0.13135576968206833,47.133772600102134,47.47839402944966,5.256477600766146,5.256477600766146,0.0,4.75005484959187e+24,4.75005484959187e+24,0.0,9.036573938600132e+25,9.036573938600132e+25,1.0960933194149631,7.0972211385505304e+16,0.004775754152329341,4.211090971981953e-07,6.290714307127515e-06,6.290714307127515e-06,0.0403466051426936,0.0403466051426936,1.8693392969543954e+21,4.393178875814379e-05,1.0851313414053207e-18,1.5225725191742552e-20,1.5225725191742552e-19,1.384090397445483e-14,1.6472964643566316e+19,50000000000000.0,50000000000000.0,0.0,0.005331645509276026,0.0017116618282518523,1.4526256075130074e-05,4.710324241747061e-06,1.4526256075130074e-05,4.710324241747061e-06,9.929401308557345e-29,8.834175767639018e+18,5.824850720892611e+19,203.16629778597635,3.996698805351876e-20,-1020248.3387075879,3.1915810747347464e+21,0.0,0.0,0.0,0.0,0.0,0.3333333333333333,0.3333333333333333,2.0,2.6884417014844093e-19,1.1215308686518689e-22,0.0,8.162871712568798e-19,,0.0,0.0,0.0,0.0,0.0,2.6884417014844093e-19,8.162871712568798e-19,0.00010335438908246888,17.0,1.844723280389045e-17,1.384090397445483e-20,1.3848212172877198e-21,,,1.384090397445483e-20,1.3848212172877198e-21,10.0,,7.978845608028655e-08,3.2312574248336765,47180161781746.945,1.9277619648592872e-05,0.0016923842086032594,1.9277619648592872e-05,0.0016923842086032594,0.005331645509276026,0.0017116618282518523,False,False,1.0,1.3639572949600953,1.0568358561531333e-08,0.1829248819486672,0.7286731486830827,1.0,1.8475050387904037,2.3641982088845612e-07,0.33099208857107176,0.5216429124983711,0.16310743686567156,0.33011983321392074,0.004339316115862762,0.03597616372910787,True,AP3.8,119.0,8.3,6.863735268152632e+19,$(U_{0.8}Pu_{0.2})N$
B3_Nd0_2p10e19_rho5p0e13_AP3p8,rizk2025_refit_plot,rizk2025_refit_full,1600.0,1.1,50000000000000.0,1.033203988579439e+23,4.077213728246839e+25,4.465821104932654e+25,1.81366244351124e+23,1.779885110079309e+19,1.7656752303140628,80.81810070645803,0.4181937548744938,3.935559648097675,4.353753402972169,0.9809259752994417,5.33467937827161,4215149604288.4287,1.053787401072107e+18,195.86413688622642,0.3732535117467382,11357335.001596356,11334387.373271678,1.0020246024393689,1257384861.0645118,1257309363.5147874,27742597.89641817,27469093.93556936,1.00006004691599,1.0099567885817542,0.11433580863717185,45.11902138963128,49.419405355127985,5.34723744660357,5.34723744660357,0.0,4.832070655348453e+24,4.832070655348453e+24,0.0,9.036573938600132e+25,9.036573938600132e+25,1.1057940393758081,6.417648368904926e+16,0.0044689147810290635,3.986011268925935e-07,7.117894777239476e-06,7.117894777239476e-06,0.044433613915209565,0.044433613915209565,1.8648238895994763e+21,4.739656809281476e-05,1.2951051174088508e-18,2.797102768283436e-20,2.7971027682834356e-19,2.6363059898109156e-14,1.6472964643566316e+19,50000000000000.0,50000000000000.0,0.0,0.005826424740668852,0.0020408921449785364,1.442071063045263e-05,4.695022765771208e-06,1.442071063045263e-05,4.695022765771208e-06,1.1249757673704197e-28,9.118613254311953e+18,6.506104004366487e+19,234.50719857259264,4.4665776996637507e-20,-1061952.1839944592,3.283837331501071e+21,0.0,0.0,0.0,0.0,0.0,0.3333333333333333,0.3333333333333333,2.0,4.788179461519709e-19,6.777638626958759e-23,0.0,8.162871712568798e-19,,0.0,0.0,0.0,0.0,0.0,4.788179461519709e-19,8.162871712568798e-19,5.23327298753861e-05,17.0,2.2016786995950463e-17,2.6363059898109155e-20,1.6079677847252025e-21,,,2.6363059898109155e-20,1.6079677847252025e-21,10.0,,7.978845608028655e-08,3.2312574248336765,47123154282540.85,2.3470835197983206e-05,0.0020174213097805534,2.3470835197983206e-05,0.0020174213097805534,0.005826424740668852,0.0020408921449785364,False,False,1.0,1.357000436985492,1.0962396018365535e-08,0.18021330063049076,0.7326064277539909,1.0,1.8893039409482388,2.3759433906838435e-07,0.3410157579511046,0.5083050222258257,0.16111124275384603,0.3401487137243385,0.004181937548744938,0.03935559648097675,True,AP3.8,119.0,8.3,6.863735268152632e+19,$(U_{0.8}Pu_{0.2})N$
B3_Nd0_2p10e19_rho5p0e13_AP3p8,rizk2025_refit_plot,rizk2025_refit_full,1625.0,1.1,50000000000000.0,8.52355450282704e+22,3.8180804174323105e+25,4.7155500906319535e+25,1.5517317933699306e+23,1.7440746686231372e+19,1.824776435679889,84.40346704610158,0.3949428536661134,4.39273033519248,4.787673188858594,1.0554957839623145,5.843168972820909,4060911919727.7983,1.0152279799319496e+18,203.21611925124915,0.38709801112953857,10945147.82020926,10924330.255786803,1.0019056147090966,1216667580.42201,1216587389.3329053,26502596.464551095,26302237.072648037,1.0000659147791666,1.0076175798792193,0.0943228546652874,42.2514156734026,52.18294148503859,5.471319986893524,5.471319986893524,0.0,4.944198760330403e+24,4.944198760330403e+24,0.0,9.036573938600132e+25,9.036573938600132e+25,1.119113712670069,5.578128230575445e+16,0.00408150290829493,3.6990195206176293e-07,8.74851709603968e-06,8.74851709603968e-06,0.05006087588712017,0.05006087588712017,1.8542587637930512e+21,5.1400862427966995e-05,1.6540619828555305e-18,5.108607268560299e-20,5.1086072685603e-19,4.922854290289942e-14,1.6472964643566316e+19,50000000000000.0,50000000000000.0,0.0,0.0065568263307144254,0.0026035780245535598,1.4276015308802491e-05,4.676687603148088e-06,1.4276015308802491e-05,4.676687603148088e-06,1.3851049061958396e-28,9.439523871034255e+18,7.86549040569999e+19,276.89829793209896,5.075709171240513e-20,-1106608.70611669,3.4153208760705325e+21,0.0,0.0,0.0,0.0,0.0,0.3333333333333333,0.3333333333333333,2.0,8.377748115986507e-19,4.063572253318729e-23,0.0,8.162871712568798e-19,,0.0,0.0,0.0,0.0,0.0,8.377748115986507e-19,8.162871712568798e-19,2.456723082591791e-05,17.0,2.811905370854402e-17,4.922854290289942e-20,1.857529782703572e-21,,,4.922854290289942e-20,1.857529782703572e-21,10.0,,7.978845608028655e-08,3.2312574248336765,47055976763933.63,3.067271043223974e-05,0.00257290531412132,3.067271043223974e-05,0.00257290531412132,0.0065568263307144254,0.0026035780245535598,False,False,1.0,1.3468018183722021,1.1547557787652675e-08,0.17619798385343804,0.7384381216936573,1.0,1.944261189548037,2.3920902768299686e-07,0.35369934177294865,0.49157545139735737,0.15806828934832073,0.3528402987123216,0.003949428536661134,0.0439273033519248,True,AP3.8,119.0,8.3,6.863735268152632e+19,$(U_{0.8}Pu_{0.2})N$
B3_Nd0_2p10e19_rho5p0e13_AP3p8,rizk2025_refit_plot,rizk2025_refit_full,1650.0,1.1,50000000000000.0,6.664842535845497e+22,3.4776516494561423e+25,5.04402009435785e+25,1.262913062455308e+23,1.6967370990790035e+19,1.9010280576036966,88.95652035272026,0.3634357496122638,5.0030693724909945,5.366505122103258,1.1466308625281068,6.513135984631366,3886888939555.064,9.71722234888766e+17,211.97647908883846,0.4031424615965634,10492736.064597316,10472860.052881656,1.0018978590008172,1167877183.5457728,1167789181.8169045,25119833.966027815,24956012.119151123,1.000075357547611,1.0065644240792373,0.07375408624032083,38.48418297781194,55.81783681105171,5.624226124896021,5.624226124896021,0.0,5.082373522502939e+24,5.082373522502939e+24,0.0,9.036573938600132e+25,9.036573938600132e+25,1.13725671429919,4.654694718183931e+16,0.003645511109655382,3.3643565865514037e-07,1.1705017672512556e-05,1.1705017672512556e-05,0.05774625164493291,0.05774625164493291,1.8315164920219718e+21,5.627268290983555e-05,2.257479190366825e-18,9.233806137778259e-20,9.233806137778258e-19,9.020265555838444e-14,1.6472964643566316e+19,50000000000000.0,50000000000000.0,0.0,0.007555741423155792,0.0035488763254233236,1.4093746776843775e-05,4.6554992942499085e-06,1.4093746776843775e-05,4.6554992942499085e-06,1.857791666085418e-28,9.762183118816057e+18,1.0294248100561266e+20,334.1684882014946,5.863816230675272e-20,-1155124.1358775827,3.5874344261562065e+21,0.0,0.0,0.0,0.0,0.0,0.3333333333333333,0.3333333333333333,2.0,1.441192019109945e-18,2.42053512429118e-23,0.0,8.162871712568798e-19,,0.0,0.0,0.0,0.0,0.0,1.441192019109945e-18,8.162871712568798e-19,1.0722292079679634e-05,17.0,3.8377146236236026e-17,9.020265555838444e-20,2.135405819398152e-21,,,9.020265555838444e-20,2.135405819398152e-21,10.0,,7.978845608028655e-08,3.2312574248336765,46981384472451.25,4.2917610587174485e-05,0.003505958714836149,4.2917610587174485e-05,0.003505958714836149,0.007555741423155792,0.0035488763254233236,False,False,1.0,1.3329563947778647,1.2368323355257568e-08,0.17066864408592297,0.7464826337483635,1.0,2.015331706195058,2.414124101913224e-07,0.36932585201286744,0.4711995377722566,0.15374790790813336,0.36847851887668953,0.003634357496122638,0.050030693724909946,True,AP3.8,119.0,8.3,6.863735268152632e+19,$(U_{0.8}Pu_{0.2})N$
B3_Nd0_2p10e19_rho5p0e13_AP3p8,rizk2025_refit_plot,rizk2025_refit_full,1675.0,1.1,50000000000000.0,4.975332375561249e+22,3.065608453213601e+25,5.442391882777452e+25,9.79429610028712e+22,1.6367422580532517e+19,1.9917755525091847,94.50604989279407,0.3241776211687978,5.786923458405963,6.11110107957476,1.2522238536643657,7.363324933239126,3702588281383.5654,9.256470703458912e+17,221.85677343834266,0.4206606324485568,10026070.585501416,10006455.811983455,1.0019602118758641,1114683312.8158953,1114583416.3911211,23638708.369273115,23490559.625741713,1.000089626692184,1.006306735381862,0.05505772884022886,33.92445493218084,60.226275132105435,5.79421220687348,5.79421220687348,0.0,5.235982702335164e+24,5.235982702335164e+24,0.0,9.036573938600132e+25,9.036573938600132e+25,1.1611813283084884,3.7407697574236776e+16,0.0032059306401799495,3.0079568524406795e-07,1.689345121737911e-05,1.689345121737911e-05,0.06790988381396261,0.06790988381396261,1.7872131597930715e+21,6.236802372419634e-05,3.2556911341636327e-18,1.6476307421979262e-19,1.6476307421979263e-18,1.6231955709997532e-13,1.6472964643566316e+19,50000000000000.0,50000000000000.0,0.0,0.008813458006595127,0.005111582604340877,1.388329984902809e-05,4.6323922100163285e-06,1.388329984902809e-05,4.6323922100163285e-06,2.6909230789799594e-28,1.0011747217720435e+19,1.4434405442262527e+20,409.37194499448077,6.853905531051037e-20,-1207081.5301823611,3.79427296153213e+21,0.0,0.0,0.0,0.0,0.0,0.3333333333333333,0.3333333333333333,2.0,2.439403962906753e-18,1.4342893454267406e-23,0.0,8.162871712568798e-19,,0.0,0.0,0.0,0.0,0.0,2.439403962906753e-18,8.162871712568798e-19,4.405483463636979e-06,17.0,5.534674928078175e-17,1.623195570999753e-19,2.4435171198173103e-21,,,1.623195570999753e-19,2.4435171198173103e-21,10.0,,7.978845608028655e-08,3.2312574248336765,46906465343480.664,6.342231752648322e-05,0.005048160286814394,6.342231752648322e-05,0.005048160286814394,0.008813458006595127,0.005111582604340877,False,False,1.0,1.3154353919966646,1.3462281169256819e-08,0.16353819562359284,0.7568795999423734,1.0,2.103637419969222,2.4432530175244464e-07,0.3876274673582489,0.44768029187603814,0.14799975973433083,0.3867965389617091,0.003241776211687978,0.057869234584059626,True,AP3.8,119.0,8.3,6.863735268152632e+19,$(U_{0.8}Pu_{0.2})N$
B3_Nd0_2p10e19_rho5p0e13_AP3p8,rizk2025_refit_plot,rizk2025_refit_full,1700.0,1.1,50000000000000.0,3.5835943235801175e+22,2.6048140947655574e+25,5.889071780575073e+25,7.278424854154458e+22,1.564580231679375e+19,2.091684950841534,100.9690055450284,0.2790068250761813,6.74606753456237,7.025074359638552,1.367413393963719,8.392487753602271,3519799956502.942,8.799499891257356e+17,232.34916985887926,0.43861279339582226,9574333.517181003,9554585.460100202,1.0020668669680406,1061461743.1148903,1061345303.9889407,22131563.05176637,21986945.281044323,1.0001097089943414,1.0065774380603352,0.039656559531623295,28.82523965901476,65.16929779570152,5.965805985752098,5.965805985752098,0.0,5.391044689359208e+24,5.391044689359208e+24,0.0,9.036573938600132e+25,9.036573938600132e+25,1.1914473844201203,2.909877055207933e+16,0.0028028979031413746,2.657407257408428e-07,2.5745490842500784e-05,2.5745490842500784e-05,0.0808094948934094,0.0808094948934094,1.710786120871377e+21,7.015783780154408e-05,4.881873557157333e-18,2.8987370337520676e-19,2.8987370337520674e-18,2.8708990269161864e-13,1.6472964643566316e+19,50000000000000.0,50000000000000.0,0.0,0.01026578277525092,0.007656147567965376,1.3659656119352477e-05,4.608638000756548e-06,1.3659656119352477e-05,4.608638000756548e-06,4.121972978087924e-28,1.0073248254706706e+19,2.1215177126354528e+20,503.6010416762125,8.040268536150052e-20,-1260626.8875556213,4.0231925855797106e+21,0.0,0.0,0.0,0.0,0.0,0.3333333333333333,0.3333333333333333,2.0,4.065586385900453e-18,8.463999134962283e-24,0.0,8.162871712568798e-19,,0.0,0.0,0.0,0.0,0.0,4.065586385900453e-18,8.162871712568798e-19,1.7337604171564793e-06,17.0,8.299185047167466e-17,2.8708990269161863e-19,2.7838006835881095e-21,,,2.8708990269161863e-19,2.7838006835881095e-21,10.0,,7.978845608028655e-08,3.2312574248336765,46840623203268.016,9.711140947478329e-05,0.007559036158490593,9.711140947478329e-05,0.007559036158490593,0.01026578277525092,0.007656147567965376,False,False,1.0,1.2945702457153507,1.4862987178907506e-08,0.1548447535329209,0.7695892181077812,1.0,2.2083668043372775,2.4802280468471944e-07,0.4078924855423927,0.42209308883011026,0.1407791295879674,0.4070835578444464,0.002790068250761813,0.06746067534562371,True,AP3.8,119.0,8.3,6.863735268152632e+19,$(U_{0.8}Pu_{0.2})N$
B3_Nd0_2p10e19_rho5p0e13_AP3p8,rizk2025_refit_plot,rizk2025_refit_full,1725.0,1.1,50000000000000.0,2.5156124989992034e+22,2.1270576271873377e+25,6.35355538847927e+25,5.219572185098525e+22,1.4824801232006046e+19,2.193840207274519,108.17590041587991,0.23085457861850683,7.860841594758108,8.091696173376615,1.4859084485150151,9.57760462189163,3348835040817.278,8.372087602043195e+17,242.87339375749863,0.4559683531705365,9160662.121475544,9140564.825378112,1.0021986930218614,1012061598.352088,1011924201.5160166,20669562.75751419,20522131.005753204,1.0001357777942907,1.0071840371606464,0.027838122236278635,23.53831929711232,70.30933882297774,6.124503757673668,6.124503757673668,0.0,5.534453104345244e+24,5.534453104345244e+24,0.0,9.036573938600132e+25,9.036573938600132e+25,1.2280608982265295,2.2005576283321856e+16,0.002460846572127159,2.334087712730309e-07,4.025351115426905e-05,4.025351115426905e-05,0.0964715137708967,0.0964715137708967,1.5940936016593137e+21,8.045353686956818e-05,7.492536269461473e-18,5.026022153000994e-19,5.026022153000994e-18,4.994440127391286e-13,1.6472964643566316e+19,50000000000000.0,50000000000000.0,0.0,0.011799221321903683,0.011740772689198804,1.3439540354652504e-05,4.585453217796987e-06,1.3439540354652504e-05,4.585453217796987e-06,6.490312555892071e-28,9.81468327633002e+18,3.1770528411161736e+20,615.1110183023578,9.384006617938891e-20,-1313008.1153181305,4.257297026286539e+21,0.0,0.0,0.0,0.0,0.0,0.3333333333333333,0.3333333333333333,2.0,6.676249098204593e-18,4.979302940985348e-24,0.0,8.162871712568798e-19,,0.0,0.0,0.0,0.0,0.0,6.676249098204593e-18,8.162871712568798e-19,6.645684134063239e-07,17.0,1.2737311658084505e-16,4.994440127391286e-19,3.1582025609706965e-21,,,4.994440127391286e-19,3.1582025609706965e-21,10.0,,7.978845608028655e-08,3.2312574248336765,46792715330872.85,0.0001512824816412256,0.011589490207557578,0.0001512824816412256,0.011589490207557578,0.011799221321903683,0.011740772689198804,False,False,1.0,1.270994642089618,1.6605406764136624e-08,0.14474456844003156,0.7843994183496461,1.0,2.3269077483969154,2.5251527898606346e-07,0.42915468083667435,0.3957874900671173,0.1321638954801443,0.42837391252969625,0.0023085457861850684,0.07860841594758108,True,AP3.8,119.0,8.3,6.863735268152632e+19,$(U_{0.8}Pu_{0.2})N$
B3_Nd0_2p10e19_rho5p0e13_AP3p8,rizk2025_refit_plot,rizk2025_refit_full,1750.0,1.1,50000000000000.0,1.7342611755462109e+22,1.6670250192647306e+25,6.802110879327901e+25,3.6379056891130318e+22,1.3942047296340267e+19,2.2910813442918223,115.89225397119067,0.18325742178431212,9.090303626847446,9.273561048631757,1.6016628872246177,10.875223935856376,3196248418334.8613,7.990621045837153e+17,252.9243861493255,0.4719576157003725,8797865.738695024,8777326.827984557,1.002339996118748,969136222.6764908,968974761.8656493,19307546.366563432,19155723.73414934,1.0001666305637626,1.0079257058893283,0.019191578438131695,18.44753366255278,75.27311706345232,6.260157695556766,6.260157695556766,0.0,5.657037788319533e+24,5.657037788319533e+24,0.0,9.036573938600132e+25,9.036573938600132e+25,1.2703326797732413,1.6225796470310268e+16,0.002188043039210772,2.0505958139280332e-07,6.271916119747568e-05,6.271916119747568e-05,0.11462468566405176,0.11462468566405176,1.4360306007309993e+21,9.501213370726458e-05,1.1625332016342075e-17,8.588030780930961e-19,8.588030780930961e-18,8.552344067970446e-13,1.6472964643566316e+19,50000000000000.0,50000000000000.0,0.0,0.01327485940594579,0.01820927844762044,1.3237839087242512e-05,4.56378810557453e-06,1.3237839087242512e-05,4.56378810557453e-06,1.0206393416594764e-27,9.140071646475621e+18,4.715642492990605e+20,739.2663561258057,1.0818781569201175e-19,-1361247.439659478,4.478831906156905e+21,0.0,0.0,0.0,0.0,0.0,0.3333333333333333,0.3333333333333333,2.0,1.0809044845085196e-17,2.9228774848067563e-24,0.0,8.162871712568798e-19,,0.0,0.0,0.0,0.0,0.0,1.0809044845085196e-17,8.162871712568798e-19,2.514231404916419e-07,17.0,1.976306442778153e-16,8.552344067970446e-19,3.568671296051523e-21,,,8.552344067970446e-19,3.568671296051523e-21,10.0,,7.978845608028655e-08,3.2312574248336765,46768488207794.71,0.00023647073119162753,0.017972807716428812,0.00023647073119162753,0.017972807716428812,0.01327485940594579,0.01820927844762044,False,False,1.0,1.2456045640939062,1.8729207871602807e-08,0.13351871070434937,0.8009120694013608,1.0,2.4550832925872292,2.577297719123046e-07,0.4503808884349672,0.3701069601635993,0.1223734462650765,0.4496343305403492,0.0018325742178431212,0.09090303626847446,True,AP3.8,119.0,8.3,6.863735268152632e+19,$(U_{0.8}Pu_{0.2})N$
B3_Nd0_2p10e19_rho5p0e13_AP3p8,rizk2025_refit_plot,rizk2025_refit_full,1775.0,1.1,50000000000000.0,1.1804725810924903e+22,1.2553420551051257e+25,7.204584233430712e+25,2.4810072936618073e+22,1.3043735750743017e+19,2.3773901396283335,123.84427605642982,0.13964263064850163,10.378113537954988,10.51775616860349,1.710260260137303,12.228016428740792,3064408383292.8936,7.661020958232233e+17,262.1716315345922,0.48618224907132934,8488720.332765164,8467735.380084716,1.002478224901761,933983411.4019501,933797092.4482179,18079487.8096858,17925737.633513674,1.0001995283078509,1.008577062730444,0.013063275851150274,13.8917919958899,79.72694388805924,6.368200840199697,6.368200840199697,0.0,5.754671774832005e+24,5.754671774832005e+24,0.0,9.036573938600132e+25,9.036573938600132e+25,1.3168717987467793,1.1690749522859358e+16,0.0019813489670359426,1.8115778150998518e-07,9.513655147708156e-05,9.513655147708156e-05,0.13468918024037632,0.13468918024037632,1.2454542096929328e+21,0.00011925932890315684,1.8080532706453782e-17,1.4464755034747645e-18,1.4464755034747646e-17,1.4424583518951984e-12,1.6472964643566316e+19,50000000000000.0,50000000000000.0,0.0,0.014565037917002692,0.02832063104888604,1.3065018213888533e-05,4.544255598829208e-06,1.3065018213888533e-05,4.544255598829208e-06,1.5659813116663158e-27,8.054999002504901e+18,6.792403247281574e+20,869.674112711899,1.2267439415972525e-19,-1402808.4190798218,4.672864031512193e+21,0.0,0.0,0.0,0.0,0.0,0.3333333333333333,0.3333333333333333,2.0,1.7264245535196902e-17,1.713388417816599e-24,0.0,8.162871712568798e-19,,0.0,0.0,0.0,0.0,0.0,1.7264245535196902e-17,8.162871712568798e-19,9.47642663871851e-08,17.0,3.0736905600971428e-16,1.4424583518951983e-18,4.0171515795662504e-21,,,1.4424583518951983e-18,4.0171515795662504e-21,10.0,,7.978845608028655e-08,3.2312574248336765,46769160252824.51,0.0003676567332818916,0.02795297431560415,0.0003676567332818916,0.02795297431560415,0.014565037917002692,0.02832063104888604,False,False,1.0,1.2195002962551929,2.1278175640295296e-08,0.12157601996766891,0.8185344611280971,1.0,2.5876820503682816,2.6350647507742943e-07,0.4706441126220911,0.34615905040896255,0.1117736261619654,0.46993681869813747,0.0013964263064850163,0.10378113537954989,True,AP3.8,119.0,8.3,6.863735268152632e+19,$(U_{0.8}Pu_{0.2})N$
B3_Nd0_2p10e19_rho5p0e13_AP3p8,rizk2025_refit_plot,rizk2025_refit_full,1800.0,1.1,50000000000000.0,7.965624797211848e+21,9.121328987786943e+24,7.5408730954103765e+25,1.6663829676416775e+22,1.2173561772441514e+19,2.449059277332723,131.76431363950138,0.10253244605047415,11.665401354326779,11.767933800377252,1.8095748405851455,13.577508640962396,2952328482043.8447,7.380821205109613e+17,270.48994995130886,0.4985951003955003,8228707.895123605,8207328.961388859,1.0026048588810468,906679774.9559107,906470505.0413513,16998922.281308524,16848264.440353524,1.000230862353927,1.0089420391927229,0.008814872595892038,10.093791131199376,83.44836380078958,6.449030195415176,6.449030195415176,0.0,5.827713819313409e+24,5.827713819313409e+24,0.0,9.036573938600132e+25,9.036573938600133e+25,1.3658590101753467,8252721576284330.0,0.0018313980619792112,1.615621672435387e-07,0.0001385225516183154,0.0001385225516183154,0.15588775368719246,0.15588775368719246,1.0396944404019022e+21,0.00017022223953026757,2.80344615729556e-17,2.4023187514376478e-18,2.4023187514376478e-17,2.3978131732901632e-12,1.6472964643566316e+19,50000000000000.0,50000000000000.0,0.0,0.015587574480855973,0.0439289356150325,1.2925812549429445e-05,4.527122116835064e-06,1.2925812549429445e-05,4.527122116835064e-06,2.310792355003615e-27,6.692855470967785e+18,9.384685571679234e+20,1000.1774228575467,1.3663997440202858e-19,-1436178.8612815393,4.830358074446307e+21,0.0,0.0,0.0,0.0,0.0,0.3333333333333333,0.3333333333333333,2.0,2.721817440169872e-17,1.0037403008245757e-24,0.0,8.162871712568798e-19,,0.0,0.0,0.0,0.0,0.0,2.721817440169872e-17,8.162871712568798e-19,3.580380162509945e-08,17.0,4.765858467402452e-16,2.397813173290163e-18,4.50557814748474e-21,,,2.397813173290163e-18,4.50557814748474e-21,10.0,,7.978845608028655e-08,3.2312574248336765,46791714267496.36,0.0005660268071346924,0.04336290880789781,0.0005660268071346924,0.04336290880789781,0.015587574480855973,0.0439289356150325,False,False,1.0,1.1938460824353943,2.42972361101389e-08,0.10941549146157603,0.8365317102501031,1.0,2.7194809863469307,2.6962906765568923e-07,0.48927941635735617,0.3246462387199671,0.10083712140661555,0.4886147373890658,0.0010253244605047415,0.11665401354326778,True,AP3.8,119.0,8.3,6.863735268152632e+19,$(U_{0.8}Pu_{0.2})N$
B3_Nd0_2p10e19_rho5p0e13_AP3p4,rizk2025_refit_plot,rizk2025_refit_full,900.0,1.3,50000000000000.0,1.5361646252803465e+23,6.176196239120125e+25,3.909287549826014e+25,3.191567847730309e+23,2.056991647424806e+19,1.632153575239854,39.086074119149785,0.5812671137260813,0.5145022652931404,1.0957693790192216,0.04919848405492231,1.144967863074144,8726992766944.55,2.1817481917361372e+18,56.67300106196621,0.06469907935105523,1327166450226.3398,39172091.79680911,33880.4079473348,1363365456.8898323,1360166122.6479616,266590378.04753792,56797722.71915987,1.0023521643338993,4.693680754873076,0.14384119632487652,57.83178711136591,36.60523023971456,5.419141452594664,5.419141452594664,0.0,5.787419467830556e+24,5.787419467830556e+24,0.0,1.0679587381981997e+26,1.0679587381981999e+26,1.012981589873171,9.77263135419639e+16,0.005194717952586079,5.261993513586098e-07,4.528818253245299e-07,4.528818253245299e-07,0.0055748958121458565,0.0055748958121458565,3.354523666595425e+20,8.03131769141159e-06,8.917422879279335e-19,5.811156342883063e-25,5.8111563428830635e-24,5.119872410101689e-28,1.7995675661038836e+19,50000000000000.0,50000000000000.0,0.0,0.0065857220804168976,0.0014355538206458074,1.6122600108863545e-05,5.622230901252385e-06,1.6122600108863545e-05,5.622230901252385e-06,1.1488648764671903e-29,5.284884159762942e+18,5.948659237117027e+18,0.00020128311700251726,1.097867284217691e-21,-153964.98522487408,2.0470750632831426e+21,0.0,0.0,0.0,0.0,0.0,0.3333333333333333,0.3333333333333333,2.0,2.4966082885114063e-31,1.092543251978497e-24,0.0,8.91742287927684e-19,,0.0,0.0,0.0,0.0,0.0,2.4966082885114063e-31,8.91742287927684e-19,1.2251782457431146e-06,17.0,1.515961889477487e-17,5.119872410101689e-34,5.811156337763191e-25,,,5.119872410101689e-34,5.811156337763191e-25,10.0,,7.978845608028655e-08,3.2312574248336765,48392046527084.41,9.05774071866152e-06,0.0014264960799271458,9.05774071866152e-06,0.0014264960799271458,0.0065857220804168976,0.0014355538206458074,False,False,1.0,1.4170027011506858,9.078722743425036e-09,0.20290478513623197,0.6998196529917965,1.0,1.3401628743841976,2.2640849319063277e-07,0.17355802386358446,0.7422769552416939,0.17980092329343186,0.17263509856753637,0.005812671137260813,0.005145022652931403,True,AP3.4,130.0,8.3,7.498198192099515e+19,$(U_{0.8}Pu_{0.2})N$
B3_Nd0_2p10e19_rho5p0e13_AP3p4,rizk2025_refit_plot,rizk2025_refit_full,925.0,1.3,50000000000000.0,1.5349025568193184e+23,6.163739337605331e+25,3.922355988963763e+25,3.183709296247588e+23,2.0530355710749237e+19,1.633965810386073,40.280858768907734,0.5817694473692714,0.5620581455708021,1.1438275929400734,0.04915651488553474,1.1929841078256083,8727633492437.248,2.1819083731093117e+18,56.65549486243186,0.06466386183568511,514263925028.38983,39184195.7323027,13124.268992063055,1360673345.5117025,1358657559.3497021,219071477.68886292,55113025.587070875,1.0014836602116026,3.974949213099553,0.14372302055498137,57.71514495030443,36.72759862971244,5.413533399428161,5.413533399428161,0.0,5.781430298447109e+24,5.781430298447109e+24,0.0,1.0679587381981997e+26,1.0679587381981997e+26,1.0141936285333724,9.756587983905795e+16,0.0051923888089883755,5.234378421442376e-07,5.336352966746682e-07,5.336352966746682e-07,0.006087578307523762,0.006087578307523762,3.805654314396286e+20,8.515398941414462e-06,8.917422879291166e-19,9.880133285659924e-25,9.880133285659924e-24,3.600113810511962e-27,1.7995675661038836e+19,50000000000000.0,50000000000000.0,0.0,0.006575964930664102,0.0014344563925284956,1.611748327515353e-05,5.594427871582234e-06,1.611748327515353e-05,5.594427871582234e-06,1.3568466098406013e-29,5.464942047390621e+18,7.37664044660642e+18,0.000533401352658622,1.0975806191432692e-21,-153954.04468452136,2.045748093400006e+21,0.0,0.0,0.0,0.0,0.0,0.3333333333333333,0.3333333333333333,2.0,1.4326320272288242e-30,7.793235501843722e-24,0.0,8.91742287927684e-19,,0.0,0.0,0.0,0.0,0.0,1.4326320272288242e-30,8.91742287927684e-19,8.739336024920236e-06,17.0,1.5159618894794982e-17,3.600113810511962e-33,9.880133249658786e-25,,,3.600113810511962e-33,9.880133249658786e-25,10.0,,7.978845608028655e-08,3.2312574248336765,48346084699030.164,9.315170933647341e-06,0.0014251412215948482,9.315170933647341e-06,0.0014251412215948482,0.006575964930664102,0.0014344563925284956,False,False,1.0,1.4170921916590014,9.08618787960711e-09,0.20293749581879553,0.699772607359092,1.0,1.3531930076848167,2.265538025382037e-07,0.1787199044443338,0.7347743720747336,0.17985270330120445,0.17779808623916168,0.0058176944736927135,0.005620581455708021,True,AP3.4,130.0,8.3,7.498198192099515e+19,$(U_{0.8}Pu_{0.2})N$
B3_Nd0_2p10e19_rho5p0e13_AP3p4,rizk2025_refit_plot,rizk2025_refit_full,950.0,1.3,50000000000000.0,1.5336675164649074e+23,6.151061953455996e+25,3.9356538752354614e+25,3.17573249110111e+23,2.0485513210713596e+19,1.6357632090967218,41.560698841823296,0.5822289951819448,0.6160046388043993,1.1982336339863442,0.04912660242127775,1.247360236407622,8728083126153.7705,2.1820207815384428e+18,56.64302792656454,0.06463873655540704,209615613426.5858,39192820.039178394,5348.316687011737,1358479087.7501414,1357164648.0702407,183394120.5332384,53415848.67110014,1.0009685189499813,3.4333278436229566,0.14360737560445694,57.596438265337135,36.852115484119516,5.407838874938893,5.407838874938893,0.0,5.775348781258912e+24,5.775348781258912e+24,0.0,1.0679587381981997e+26,1.0679587381981997e+26,1.0155710758483103,9.740901489556165e+16,0.005190043031149303,5.205301045214753e-07,6.234836366590363e-07,6.234836366590363e-07,0.0066694094347697535,0.0066694094347697535,4.312188954885627e+20,9.04623288702541e-06,8.917422879351825e-19,1.625942817432566e-24,1.625942817432566e-23,2.2845010932250072e-26,1.7995675661038836e+19,50000000000000.0,50000000000000.0,0.0,0.006565878289017175,0.0014332907237133558,1.6112411334253775e-05,5.566354487042554e-06,1.6112411334253775e-05,5.566354487042554e-06,1.5890086161954659e-29,5.649627545141418e+18,8.969141132395979e+18,0.001342853714872266,1.0975557001198345e-21,-153971.16794322862,2.0444478154844836e+21,0.0,0.0,0.0,0.0,0.0,0.3333333333333333,0.3333333333333333,2.0,7.498646671560408e-30,4.074114265943587e-23,0.0,8.91742287927684e-19,,0.0,0.0,0.0,0.0,0.0,7.498646671560408e-30,8.91742287927684e-19,4.568712643848196e-05,17.0,1.5159618894898104e-17,2.284501093225007e-32,1.6259427945875551e-24,,,2.284501093225007e-32,1.6259427945875551e-24,10.0,,7.978845608028655e-08,3.2312574248336765,48297265132659.914,9.588600577452786e-06,0.001423702123135903,9.588600577452786e-06,0.001423702123135903,0.006565878289017175,0.0014332907237133558,False,False,1.0,1.417168668137221,9.093790592060493e-09,0.2029654470330304,0.6997324074741548,1.0,1.3673368388739098,2.2671896462653773e-07,0.18423422440214188,0.7267753253969059,0.17990004689178157,0.18331358923358235,0.005822289951819448,0.0061600463880439925,True,AP3.4,130.0,8.3,7.498198192099515e+19,$(U_{0.8}Pu_{0.2})N$
B3_Nd0_2p10e19_rho5p0e13_AP3p4,rizk2025_refit_plot,rizk2025_refit_full,975.0,1.3,50000000000000.0,1.5324637553809866e+23,6.138476226951464e+25,3.9488600853504155e+25,3.167751833120264e+23,2.0435530093194367e+19,1.637561565320904,42.907274189567865,0.5826834325677692,0.6761877422625452,1.2588711748303143,0.04912549598549662,1.307996670815811,8728077243555.955,2.182019310888989e+18,56.642615408233546,0.06463775149539733,89524639859.43333,39193105.47368019,2284.193578882206,1356559416.8608522,1355674221.3627608,156098365.2854683,51739478.72316144,1.0006529559123738,3.017006918849959,0.143494659537734,57.47858983117604,36.975773914380916,5.402141594905321,5.402141594905321,0.0,5.769264321263096e+24,5.769264321263096e+24,0.0,1.0679587381981997e+26,1.0679587381981999e+26,1.017110951662944,9.725624878936922e+16,0.005187603388541805,5.175237749437061e-07,7.218322285489982e-07,7.218322285489982e-07,0.007318964362172435,0.007318964362172435,4.8718115691084736e+20,9.627012486430556e-06,8.91742287963739e-19,2.5973524524958523e-24,2.5973524524958523e-23,1.3186026336093777e-25,1.7995675661038836e+19,50000000000000.0,50000000000000.0,0.0,0.0065557547623830426,0.0014320759145197248,1.610733964681806e-05,5.53856168334797e-06,1.610733964681806e-05,5.53856168334797e-06,1.8439312193519624e-29,5.837987674826444e+18,1.0714294580688085e+19,0.003224600828469657,1.0980947535804343e-21,-154046.7817919833,2.0431794383526528e+21,0.0,0.0,0.0,0.0,0.0,0.3333333333333333,0.3333333333333333,2.0,3.605513394506346e-29,1.6237393506057197e-22,0.0,8.91742287927684e-19,,0.0,0.0,0.0,0.0,0.0,3.605513394506346e-29,8.91742287927684e-19,0.00018208616688050863,17.0,1.5159618895383565e-17,1.3186026336093777e-31,2.597352320635589e-24,,,1.3186026336093777e-31,2.597352320635589e-24,10.0,,7.978845608028655e-08,3.2312574248336765,48246387828891.664,9.873547591460462e-06,0.0014222023669282643,9.873547591460462e-06,0.0014222023669282643,0.0065557547623830426,0.0014320759145197248,False,False,1.0,1.4172435194227693,9.101422555808354e-09,0.2029928019717103,0.6996930656228894,1.0,1.3824260420959058,2.2690362999300715e-07,0.19001832895407683,0.7184029991774971,0.17994683950377793,0.18909894152881368,0.005826834325677693,0.0067618774226254515,True,AP3.4,130.0,8.3,7.498198192099515e+19,$(U_{0.8}Pu_{0.2})N$
B3_Nd0_2p10e19_rho5p0e13_AP3p4,rizk2025_refit_plot,rizk2025_refit_full,1000.0,1.3,50000000000000.0,1.5312942604792094e+23,6.126225384954558e+25,3.961723707392609e+25,3.159863440887269e+23,2.0380633671622115e+19,1.6393703706795586,44.3031198096281,0.5831605920371706,0.7423508714389901,1.3255114634761607,0.04918696619236135,1.374698429668522,8727086193704.251,2.1817715484260628e+18,56.66837592236423,0.06468921199290459,39922545178.21349,39175288.930838674,1019.0746837552124,1354792989.1689107,1354178433.199178,134854317.75538117,50109337.8872506,1.0004538220035604,2.691201349712752,0.14338515203899388,57.36387714089388,37.09622446721685,5.396513239850296,5.396513239850296,0.0,5.7632534703004e+24,5.7632534703004e+24,0.0,1.0679587381981997e+26,1.0679587381982e+26,1.018807722801359,9.71079498679195e+16,0.0051850209970724665,5.144579476603857e-07,8.279380551791455e-07,8.279380551791455e-07,0.00803377382377551,0.00803377382377551,5.4814392119707664e+20,1.0260473956993054e-05,8.917422880879538e-19,4.0377712245259814e-24,4.0377712245259814e-23,6.972208708889678e-25,1.7995675661038836e+19,50000000000000.0,50000000000000.0,0.0,0.006545827139969493,0.0014308299488391808,1.6102241429136305e-05,5.5114745745881525e-06,1.6102241429136305e-05,5.5114745745881525e-06,2.119776642027942e-29,6.028034794729689e+18,1.2596973013418314e+19,0.0074130635217847145,1.099824625707163e-21,-154244.70611085693,2.0419467109612074e+21,0.0,0.0,0.0,0.0,0.0,0.3333333333333333,0.3333333333333333,2.0,1.6026995865756309e-28,5.104196168274582e-22,0.0,8.91742287927684e-19,,0.0,0.0,0.0,0.0,0.0,1.6026995865756309e-28,8.91742287927684e-19,0.0005723846717215622,17.0,1.5159618897495216e-17,6.972208708889678e-31,4.0377705273051104e-24,,,6.972208708889678e-31,4.0377705273051104e-24,10.0,,7.978845608028655e-08,3.2312574248336765,48194206014893.13,1.0165792193000331e-05,0.0014206641566461805,1.0165792193000331e-05,0.0014206641566461805,0.006545827139969493,0.0014308299488391808,False,False,1.0,1.417325228642029,9.108991560340731e-09,0.20302266060829646,0.6996501234754338,1.0,1.3982922301888376,2.271071435930524e-07,0.19599374026619182,0.7097737969013314,0.1799959455915137,0.19507565518814807,0.005831605920371706,0.007423508714389901,True,AP3.4,130.0,8.3,7.498198192099515e+19,$(U_{0.8}Pu_{0.2})N$
B3_Nd0_2p10e19_rho5p0e13_AP3p4,rizk2025_refit_plot,rizk2025_refit_full,1025.0,1.3,50000000000000.0,1.5301603885626392e+23,6.114485945025198e+25,3.9740621710952215e+25,3.1521417893976974e+23,2.032112172806125e+19,1.6411951056539145,45.732323824389645,0.583680243393233,0.8141531297305074,1.3978333731237402,0.04937740100125175,1.447210774124992,8724079478515.674,2.1810198696289185e+18,56.74793296013207,0.06484862476738051,18530007099.252136,39120367.636291675,473.6664867653745,1353112051.5571423,1352672812.8496752,118061550.64601327,48543345.58910049,1.0003247191067157,2.432085164573449,0.14327898015463036,57.2539530444895,37.21175761715323,5.391010358202639,5.391010358202639,0.0,5.757376619759515e+24,5.757376619759515e+24,0.0,1.0679587381981997e+26,1.0679587381981999e+26,1.0206537314104842,9.696427916827237e+16,0.005182268096782899,5.113633916834782e-07,9.409332479134179e-07,9.409332479134179e-07,0.008810509960741661,0.008810509960741661,6.137365559900146e+20,1.0948090168680413e-05,8.917422885901033e-19,6.1223709373710644e-24,6.122370937371064e-23,3.398959714178951e-24,1.7995675661038836e+19,50000000000000.0,50000000000000.0,0.0,0.0065362696009013945,0.0014295689859286228,1.6097101260104836e-05,5.485396853530944e-06,1.6097101260104836e-05,5.485396853530944e-06,2.4143505390484467e-29,6.217686087761099e+18,1.4599416934371381e+19,0.016371949295114322,1.10399284669345e-21,-154692.39889815738,2.040751546546279e+21,0.0,0.0,0.0,0.0,0.0,0.3333333333333333,0.3333333333333333,2.0,6.624193185834588e-28,1.30323517274453e-21,0.0,8.91742287927684e-19,,0.0,0.0,0.0,0.0,0.0,6.624193185834588e-28,8.91742287927684e-19,0.0014614482114614314,17.0,1.5159618906031757e-17,3.398959714178951e-30,6.1223675384113506e-24,,,3.398959714178951e-30,6.1223675384113506e-24,10.0,,7.978845608028655e-08,3.2312574248336765,48141396472123.32,1.0461543091693043e-05,0.0014191074428369299,1.0461543091693043e-05,0.0014191074428369299,0.0065362696009013945,0.0014295689859286228,False,False,1.0,1.4174198552593569,9.116425040875635e-09,0.2030572362234468,0.6996003981337592,1.0,1.414774476958881,2.2732859590024964e-07,0.20208927700094334,0.7009927552020866,0.18004939420089294,0.2011725397957967,0.00583680243393233,0.008141531297305073,True,AP3.4,130.0,8.3,7.498198192099515e+19,$(U_{0.8}Pu_{0.2})N$
B3_Nd0_2p10e19_rho5p0e13_AP3p4,rizk2025_refit_plot,rizk2025_refit_full,1050.0,1.3,50000000000000.0,1.529062032536695e+23,6.103375782436629e+25,3.985753195570029e+25,3.144640298037392e+23,2.0257347239876792e+19,1.643038640088367,47.18086422219363,0.5842556434186448,0.8911870292634313,1.4754426726820762,0.049823368781214704,1.5252660414632908,8717130639713.055,2.1792826599282637e+18,56.93338694234851,0.06522118103363134,8926278402.638327,38992937.52272285,228.92038840204341,1351477942.25918,1351155076.840191,104599806.51599139,47052974.47594705,1.000238955116643,2.2230221931976186,0.1431761338566734,57.14992128566599,37.32122836781662,5.385674212660755,5.385674212660755,0.0,5.751677836499762e+24,5.751677836499762e+24,0.0,1.0679587381981997e+26,1.0679587381982e+26,1.0226396090195418,9.68252123784096e+16,0.005179332274437929,5.082635997644522e-07,1.0598488584820818e-06,1.0598488584820818e-06,0.00964516172280427,0.00964516172280427,6.835388417264456e+20,1.1690053547440033e-05,8.917422904866655e-19,9.072820167908718e-24,9.072820167908718e-23,1.5366002896313798e-23,1.7995675661038836e+19,50000000000000.0,50000000000000.0,0.0,0.006527203835216903,0.0014283070247586476,1.609191111476451e-05,5.460526855465555e-06,1.609191111476451e-05,5.460526855465555e-06,2.725166226742747e-29,6.405429447303709e+18,1.6701870610016889e+19,0.03485450793783922,1.1129890987352228e-21,-155633.58288881622,2.039594209265536e+21,0.0,0.0,0.0,0.0,0.0,0.3333333333333333,0.3333333333333333,2.0,2.558981501392922e-27,2.7724222720096643e-21,0.0,8.91742287927684e-19,,0.0,0.0,0.0,0.0,0.0,2.558981501392922e-27,8.91742287927684e-19,0.003108994943479269,17.0,1.5159618938273313e-17,1.5366002896313797e-29,9.072804801905822e-24,,,1.5366002896313797e-29,9.072804801905822e-24,10.0,,7.978845608028655e-08,3.2312574248336765,48088545443919.484,1.0757516419731682e-05,0.0014175495083389158,1.0757516419731682e-05,0.0014175495083389158,0.006527203835216903,0.0014283070247586476,False,False,1.0,1.4175314765753253,9.123669878048326e-09,0.20309801688375823,0.6995417498669034,1.0,1.4317237407562062,2.2756687229016067e-07,0.20824255357147145,0.6921513847621593,0.18010853982741687,0.20732720151250944,0.005842556434186448,0.008911870292634313,True,AP3.4,130.0,8.3,7.498198192099515e+19,$(U_{0.8}Pu_{0.2})N$
B3_Nd0_2p10e19_rho5p0e13_AP3p4,rizk2025_refit_plot,rizk2025_refit_full,1075.0,1.3,50000000000000.0,1.527997966266944e+23,6.0929647197900854e+25,3.996724035535919e+25,3.137393965866888e+23,2.0189703770849214e+19,1.6449021406527808,48.63669821856098,0.5848949391408284,0.9729954505404983,1.5578903896813265,0.05075860141391009,1.6086489910952368,8702779437756.756,2.1756948594391887e+18,57.318884857994284,0.06599856687692247,4451150059.098475,38730690.687719755,114.92565663203602,1349868261.7186172,1349624360.7045166,93670818.43605253,45644545.81237985,1.0001807177027935,2.0521798775495066,0.14307649833409264,57.05243565935698,37.42395555729961,5.380532285009325,5.380532285009325,0.0,5.746186469933235e+24,5.746186469933235e+24,0.0,1.0679587381981997e+26,1.0679587381981997e+26,1.024754673303737,9.669058434997277e+16,0.005176211849016049,5.051761538271667e-07,1.1836401373896434e-06,1.1836401373896434e-06,0.010533199875993887,0.010533199875993887,7.570929763838889e+20,1.2485269092697572e-05,8.917422972109765e-19,1.3164266191182678e-23,1.3164266191182677e-22,6.475908336901747e-23,1.7995675661038836e+19,50000000000000.0,50000000000000.0,0.0,0.006518707632062337,0.001427055828236041,1.6086667792380107e-05,5.436977929879752e-06,1.6086667792380107e-05,5.436977929879752e-06,3.0495138674454525e-29,6.590528009572151e+18,1.8883224153329947e+19,0.07178052113746469,1.1312326332771483e-21,-157514.25742708912,2.0384736931345586e+21,0.0,0.0,0.0,0.0,0.0,0.3333333333333333,0.3333333333333333,2.0,9.283292620781236e-27,5.0239680634734576e-21,0.0,8.91742287927684e-19,,0.0,0.0,0.0,0.0,0.0,9.283292620781236e-27,8.91742287927684e-19,0.005633878845027849,17.0,1.51596190525866e-17,6.475908336901747e-29,1.3164201432099309e-23,,,6.475908336901747e-29,1.3164201432099309e-23,10.0,,7.978845608028655e-08,3.2312574248336765,48036145350427.12,1.105095412574734e-05,0.0014160048741102937,1.105095412574734e-05,0.0014160048741102937,0.006518707632062337,0.001427055828236041,False,False,1.0,1.4176626014368874,9.13069020312131e-09,0.20314591670821264,0.6994728645449958,1.0,1.449005071397224,2.27820700358106e-07,0.21440036480319344,0.6833271789408122,0.180174207798442,0.2134864275561956,0.005848949391408283,0.009729954505404982,True,AP3.4,130.0,8.3,7.498198192099515e+19,$(U_{0.8}Pu_{0.2})N$
B3_Nd0_2p10e19_rho5p0e13_AP3p4,rizk2025_refit_plot,rizk2025_refit_full,1100.0,1.3,50000000000000.0,1.5269661967553304e+23,6.083285296566328e+25,4.0069404689036104e+25,3.1304227582031706e+23,2.0118611539776508e+19,1.6467856782295918,50.089703257970704,0.5856023968913511,1.0590878626702063,1.6446902595615573,0.05260149000535656,1.6972917495669138,8675025797550.18,2.1687564493875448e+18,58.06613680222724,0.06751460076976823,2292208694.1624484,38232266.20984449,59.95482144796909,1348269947.4197133,1348080706.1588326,84696086.0063177,44320486.15993218,1.0001403782874543,1.9109918086342423,0.14297988696937322,56.96180085412014,37.51961874167439,5.375600517236097,5.375600517236097,0.0,5.740919545445052e+24,5.740919545445052e+24,0.0,1.0679587381981997e+26,1.0679587381981997e+26,1.02698731027287,9.656013464782824e+16,0.0051729122946976855,5.021140638996932e-07,1.3112135926079062e-06,1.3112135926079062e-06,0.011469733939483112,0.011469733939483112,8.339154537777225e+20,1.3331716492704974e-05,8.91742319689036e-19,1.8732291689893137e-23,1.8732291689893138e-22,2.556484784617257e-22,1.7995675661038836e+19,50000000000000.0,50000000000000.0,0.0,0.006510823986358979,0.001425825011339877,1.608137119239925e-05,5.414798532229126e-06,1.608137119239925e-05,5.414798532229126e-06,3.384534685289886e-29,6.772883384132189e+18,2.112165582873887e+19,0.14356740285822378,1.166637959347688e-21,-161110.82678943264,2.0373881169061316e+21,0.0,0.0,0.0,0.0,0.0,0.3333333333333333,0.3333333333333333,2.0,3.1761352235744896e-26,7.906038402206534e-21,0.0,8.91742287927684e-19,,0.0,0.0,0.0,0.0,0.0,3.1761352235744896e-26,8.91742287927684e-19,0.00886583290671176,17.0,1.5159619434713612e-17,2.556484784617257e-28,1.8732036041414675e-23,,,2.556484784617257e-28,1.8732036041414675e-23,10.0,,7.978845608028655e-08,3.2312574248336765,47984598142306.336,1.133960521966744e-05,0.0014144854061202096,1.133960521966744e-05,0.0014144854061202096,0.006510823986358979,0.001425825011339877,False,False,1.0,1.4178145401671207,9.137464413153193e-09,0.2032014111480007,0.6993930590625654,1.0,1.4664984065462572,2.2808869551007898e-07,0.22051839639649315,0.6745841297357931,0.18024682156993554,0.21960589654505047,0.00585602396891351,0.010590878626702063,True,AP3.4,130.0,8.3,7.498198192099515e+19,$(U_{0.8}Pu_{0.2})N$
B3_Nd0_2p10e19_rho5p0e13_AP3p4,rizk2025_refit_plot,rizk2025_refit_full,1125.0,1.3,50000000000000.0,1.525964248374176e+23,6.074342393100136e+25,4.016396914683329e+25,3.123734958854808e+23,2.004450402288658e+19,1.6486886412713915,51.53154447237325,0.5863794270747845,1.148956009814127,1.7353354368889116,0.05607876617835251,1.791414203067264,8623978984118.85,2.1559947460297121e+18,59.435250297350585,0.07031968951371614,1216473656.844949,37351571.48146072,32.568205529149964,1346675422.1894915,1346524713.2945855,77249630.12305032,43080408.76186375,1.0001119243437704,1.7931498874596177,0.1428860679532149,56.878062567739526,37.60816566246341,5.370885701843832,5.370885701843832,0.0,5.735884317147891e+24,5.735884317147891e+24,0.0,1.0679587381981997e+26,1.0679587381981997e+26,1.0293253490821284,9.643354529748091e+16,0.005169443552173451,4.990868975923892e-07,1.4414555832877964e-06,1.4414555832877964e-06,0.012449664972285288,0.012449664972285288,9.135092416154116e+20,1.4226658203925908e-05,8.917423908131057e-19,2.617975259794079e-23,2.617975259794079e-22,9.494708146321283e-22,1.7995675661038836e+19,50000000000000.0,50000000000000.0,0.0,0.00650356952872677,0.0014246222274120713,1.6076023139943422e-05,5.393989715436085e-06,1.6076023139943422e-05,5.393989715436085e-06,3.727299255152616e-29,6.952781765001135e+18,2.3395265415742337e+19,0.2801795302927551,1.2329559707684063e-21,-167696.7305757511,2.036335064266014e+21,0.0,0.0,0.0,0.0,0.0,0.3333333333333333,0.3333333333333333,2.0,1.028854216590493e-25,1.098777627543975e-20,0.0,8.91742287927684e-19,,0.0,0.0,0.0,0.0,0.0,1.028854216590493e-25,8.91742287927684e-19,0.012321693337266282,17.0,1.5159620643822797e-17,9.494708146321284e-28,2.617880312712616e-23,,,9.494708146321284e-28,2.617880312712616e-23,10.0,,7.978845608028655e-08,3.2312574248336765,47934222138401.06,1.1621687630055692e-05,0.0014130005397820157,1.1621687630055692e-05,0.0014130005397820157,0.00650356952872677,0.0014246222274120713,False,False,1.0,1.4179877168968944,9.143982143071543e-09,0.2032646512463573,0.6993021169868148,1.0,1.4840985965113693,2.2836940570425314e-07,0.22656059402355974,0.6659737529393276,0.1803265089256887,0.22564954754554706,0.0058637942707478454,0.011489560098141269,True,AP3.4,130.0,8.3,7.498198192099515e+19,$(U_{0.8}Pu_{0.2})N$
B3_Nd0_2p10e19_rho5p0e13_AP3p4,rizk2025_refit_plot,rizk2025_refit_full,1150.0,1.3,50000000000000.0,1.5249893419855185e+23,6.066121111351602e+25,4.025108314084509e+25,3.1173300532794723e+23,1.996781464245519e+19,1.6506100220825741,52.955523275389496,0.5872253952556399,1.2420896340494605,1.8293150293051004,0.06241489401307014,1.8917299233181706,8534652922259.023,2.1336632305647557e+18,61.80846624051329,0.07525976555965139,664162897.5588931,35917409.620898634,18.491391906292936,1345080384.894892,1344957300.8159897,71012972.86294055,41921972.679887034,1.0000915152316192,1.6939320438279506,0.1427947810566535,56.80108130006991,37.68973622403658,5.366387694836838,5.366387694836838,0.0,5.731080631260295e+24,5.731080631260295e+24,0.0,1.0679587381981997e+26,1.0679587381981995e+26,1.031756445957047,9.631046774533317e+16,0.005165818034279793,4.961016207267073e-07,1.5732622445792808e-06,1.5732622445792808e-06,0.01346784174082439,0.01346784174082439,9.953767471978271e+20,1.5166998913964171e-05,8.917426046035813e-19,3.5983582073279434e-23,3.5983582073279434e-22,3.330768464716398e-21,1.7995675661038836e+19,50000000000000.0,50000000000000.0,0.0,0.006496941728112531,0.0014234534226402996,1.607062657267933e-05,5.374519160826531e-06,1.607062657267933e-05,5.374519160826531e-06,4.0748892218036927e-29,7.130673071790913e+18,2.56826932181361e+19,0.5365170784931571,1.3533830258774033e-21,-179205.1118122058,2.0353118557215486e+21,0.0,0.0,0.0,0.0,0.0,0.3333333333333333,0.3333333333333333,2.0,3.1667589742037936e-25,1.3686836891524853e-20,0.0,8.91742287927684e-19,,0.0,0.0,0.0,0.0,0.0,3.1667589742037936e-25,8.91742287927684e-19,0.015348416483486569,17.0,1.515962427826088e-17,3.330768464716398e-27,3.5980251304814716e-23,,,3.330768464716398e-27,3.5980251304814716e-23,10.0,,7.978845608028655e-08,3.2312574248336765,47885260073566.73,1.1895843636103674e-05,0.0014115575790041959,1.1895843636103674e-05,0.0014115575790041959,0.006496941728112531,0.0014234534226402996,False,False,1.0,1.4181819185646163,9.150241622415921e-09,0.20333555477654205,0.6992001574550468,1.0,1.501715163670357,2.286613573376505e-07,0.2324984330375293,0.6575362624508897,0.1804131861287709,0.23158884980080022,0.005872253952556398,0.012420896340494605,True,AP3.4,130.0,8.3,7.498198192099515e+19,$(U_{0.8}Pu_{0.2})N$
B3_Nd0_2p10e19_rho5p0e13_AP3p4,rizk2025_refit_plot,rizk2025_refit_full,1175.0,1.3,50000000000000.0,1.5240384248429514e+23,6.058592713273522e+25,4.033103990006578e+25,3.1112008892530655e+23,1.9888962452110823e+19,1.6525486260259465,54.35645159347335,0.5881382240060079,1.3379935858124241,1.9261318098184321,0.07360160406376492,1.999733413882197,8386826924439.973,2.0967067311099932e+18,65.6815977460753,0.08351532225855046,372693925.34374195,33799421.39322658,11.026636255330395,1343482497.8587952,1343379532.0980432,65744441.50433355,40841518.07044297,1.0000766468137199,1.6097452937703813,0.14270574043096684,56.73058795787598,37.7646049959852,5.36210130570785,5.36210130570785,0.0,5.726502944534675e+24,5.726502944534675e+24,0.0,1.0679587381981997e+26,1.0679587381981999e+26,1.0342685142421217,9.619053751824728e+16,0.0051620490858659725,4.931631122610216e-07,1.7055710912902929e-06,1.7055710912902929e-06,0.01451923614042737,0.01451923614042737,1.0790345137827709e+21,1.6149468052768073e-05,8.917432171060875e-19,4.870212253929045e-23,4.870212253929045e-22,1.1076769180051558e-20,1.7995675661038836e+19,50000000000000.0,50000000000000.0,0.0,0.006490924783496522,0.0014223231759920474,1.6065184947983323e-05,5.356331642414859e-06,1.6065184947983323e-05,5.356331642414859e-06,4.4244834008897776e-29,7.307030716743308e+18,2.7963729737972253e+19,1.0144742557491027,1.565964317634721e-21,-198252.47083321426,2.0343157696034998e+21,0.0,0.0,0.0,0.0,0.0,0.3333333333333333,0.3333333333333333,2.0,9.291784035179553e-25,1.5479505732971513e-20,0.0,8.91742287927684e-19,,0.0,0.0,0.0,0.0,0.0,9.291784035179553e-25,8.91742287927684e-19,0.017358703084062788,17.0,1.5159634690803488e-17,1.1076769180051557e-26,4.86910457701104e-23,,,1.1076769180051557e-26,4.86910457701104e-23,10.0,,7.978845608028655e-08,3.2312574248336765,47837886613281.125,1.2161099193168444e-05,0.0014101620767988788,1.2161099193168444e-05,0.0014101620767988788,0.006490924783496522,0.0014223231759920474,False,False,1.0,1.4183964800489361,9.156247678830214e-09,0.20341387405228692,0.6990875376190794,1.0,1.5192722694980216,2.2896310674020978e-07,0.23831028172117452,0.6493016111999802,0.18050662048659735,0.2374021660683728,0.005881382240060079,0.01337993585812424,True,AP3.4,130.0,8.3,7.498198192099515e+19,$(U_{0.8}Pu_{0.2})N$
B3_Nd0_2p10e19_rho5p0e13_AP3p4,rizk2025_refit_plot,rizk2025_refit_full,1200.0,1.3,50000000000000.0,1.5231079501705853e+23,6.051718532799563e+25,4.040423572373974e+25,3.105334874444538e+23,1.9808334495322812e+19,1.6545032520123124,55.7305988864395,0.5891147890703886,1.4362091875416716,2.0253239766120603,0.09272386746640682,2.1180478440784674,8157506520963.239,2.0393766302408097e+18,71.59651420582931,0.0965210971000979,215043244.49360505,31007096.150209647,6.935291310474782,1341880562.5997906,1341792466.8929448,61257800.03038592,39834490.28645152,1.0000656552402993,1.5378080550266482,0.1426186139682033,56.666220485350244,37.83314305935406,5.358017841327503,5.358017841327503,0.0,5.722141973067562e+24,5.722141973067562e+24,0.0,1.0679587381981997e+26,1.0679587381981999e+26,1.0368502781251423,9.607337309880525e+16,0.005158149573536223,4.902743033742441e-07,1.8373956386604193e-06,1.8373956386604193e-06,0.015599170490145897,0.015599170490145897,1.1640315956664346e+21,1.7170939246989277e-05,8.917448947096045e-19,6.498475563709372e-23,6.498475563709372e-22,3.503783313863259e-20,1.7995675661038836e+19,50000000000000.0,50000000000000.0,0.0,0.0064854944872886015,0.0014212352216025133,1.605970173379522e-05,5.3393560677402425e-06,1.605970173379522e-05,5.3393560677402425e-06,4.7734519604791435e-29,7.482282294473821e+18,3.021993692191865e+19,1.905560727122257,1.9314470175924722e-21,-227784.85988805405,2.033344259357038e+21,0.0,0.0,0.0,0.0,0.0,0.3333333333333333,0.3333333333333333,2.0,2.6067819204802983e-24,1.6077228463606983e-20,0.0,8.91742287927684e-19,,0.0,0.0,0.0,0.0,0.0,2.6067819204802983e-24,8.91742287927684e-19,0.018028954871496642,17.0,1.5159663210063277e-17,3.503783313863259e-26,6.494971780395508e-23,,,3.503783313863259e-26,6.494971780395508e-23,10.0,,7.978845608028655e-08,3.2312574248336765,47792213698770.13,1.2416837622214925e-05,0.0014088183839802983,1.2416837622214925e-05,0.0014088183839802983,0.0064854944872886015,0.0014212352216025133,False,False,1.0,1.4186304048391407,9.1620106431947e-09,0.20349924019097815,0.6989647889531072,1.0,1.5367094729617115,2.292733066189523e-07,0.24398105471022502,0.6412901181758672,0.1806064717216688,0.24307440622224682,0.005891147890703886,0.014362091875416717,True,AP3.4,130.0,8.3,7.498198192099515e+19,$(U_{0.8}Pu_{0.2})N$
B3_Nd0_2p10e19_rho5p0e13_AP3p4,rizk2025_refit_plot,rizk2025_refit_full,1225.0,1.3,50000000000000.0,1.5221931686510757e+23,6.045451648235388e+25,4.047115196628341e+25,3.0997137907026584e+23,1.972626031178127e+19,1.656472909248294,57.07577734770765,0.590151095500174,1.5363454356028081,2.126496531102982,0.12420864284574229,2.2507051739487243,7827347959291.516,1.956836989822879e+18,80.01895974109215,0.11568618670755391,127910905.0640126,27743424.898086537,4.610494397641389,1340273933.1200688,1340196985.7795227,57406965.30591753,38895659.475221545,1.0000574149482222,1.4759221486523093,0.14253295695854645,56.60753952381097,37.895801137939166,5.3541263812913265,5.3541263812913265,0.0,5.717986054317578e+24,5.717986054317578e+24,0.0,1.0679587381981997e+26,1.0679587381981999e+26,1.0394921014085463,9.595854946863904e+16,0.0051541300848885205,4.87435821621181e-07,1.9678656226457824e-06,1.9678656226457824e-06,0.016703659982424884,0.016703659982424884,1.249975322165486e+21,1.8228791810755637e-05,8.917492996442252e-19,8.558853045768944e-23,8.558853045768945e-22,1.057421518979397e-19,1.7995675661038836e+19,50000000000000.0,50000000000000.0,0.0,0.006480622771182988,0.0014201934071583265,1.605417980042572e-05,5.323509150098905e-06,1.605417980042572e-05,5.323509150098905e-06,5.119465864110631e-29,7.656786268314207e+18,3.2435319124455555e+19,3.5697131596642833,2.5443046708903542e-21,-270157.94988862623,2.0323952498257649e+21,0.0,0.0,0.0,0.0,0.0,0.3333333333333333,0.3333333333333333,2.0,7.011716541319382e-24,1.5488742654515037e-20,0.0,8.91742287927684e-19,,0.0,0.0,0.0,0.0,0.0,7.011716541319382e-24,8.91742287927684e-19,0.017368942886408174,17.0,1.5159738093951828e-17,1.057421518979397e-25,8.54827883057915e-23,,,1.057421518979397e-25,8.54827883057915e-23,10.0,,7.978845608028655e-08,3.2312574248336765,47748291731348.04,1.2662801765310266e-05,0.0014075306053930163,1.2662801765310266e-05,0.0014075306053930163,0.006480622771182988,0.0014201934071583265,False,False,1.0,1.418882414499832,9.167546591636742e-09,0.20359118138045026,0.6988325909442495,1.0,1.5539841704104707,2.295908056891068e-07,0.24950241902706052,0.633512316026658,0.1807123107491665,0.2485972336061863,0.00590151095500174,0.01536345435602808,True,AP3.4,130.0,8.3,7.498198192099515e+19,$(U_{0.8}Pu_{0.2})N$
B3_Nd0_2p10e19_rho5p0e13_AP3p4,rizk2025_refit_plot,rizk2025_refit_full,1250.0,1.3,50000000000000.0,1.5212864106917186e+23,6.039735720657309e+25,4.053236552686248e+25,3.094311354696582e+23,1.964297038276977e+19,1.6584571818450666,58.39166807284904,0.5912421809876983,1.6381301998006426,2.2293723807883405,0.17367384884771078,2.4030462296360513,7390223172878.601,1.84755579321965e+18,91.20937244547127,0.1419114873694404,78824596.71444511,24339603.92970808,3.238532432248601,1338661967.7822332,1338593497.8014965,54074626.64108412,38019122.81783667,1.0000511506897718,1.422300743238479,0.14244805124759297,56.55401753486482,37.953119420368644,5.350414993518973,5.350414993518973,0.0,5.714022445315251e+24,5.714022445315251e+24,0.0,1.0679587381981997e+26,1.0679587381982e+26,1.0421873683436478,9.584552397964576e+16,0.005149995782871135,4.84644886654494e-07,2.0962763197499125e-06,2.0962763197499125e-06,0.017829985862338554,0.017829985862338554,1.336570877088038e+21,1.9321489777583013e-05,8.917604161498658e-19,1.114133094756206e-22,1.114133094756206e-21,3.0533079764031823e-19,1.7995675661038836e+19,50000000000000.0,50000000000000.0,0.0,0.006476283399457189,0.0014192036600388217,1.6048620400945047e-05,5.30869544866852e-06,1.6048620400945047e-05,5.30869544866852e-06,5.460631512122453e-29,7.830833821806128e+18,3.45970885418663e+19,6.668356737541659,3.5469688982294755e-21,-325875.2697638165,2.0314676787955483e+21,0.0,0.0,0.0,0.0,0.0,0.3333333333333333,0.3333333333333333,2.0,1.8128222181985484e-23,1.3964045536228772e-20,0.0,8.91742287927684e-19,,0.0,0.0,0.0,0.0,0.0,1.8128222181985484e-23,8.91742287927684e-19,0.015658965438853957,17.0,1.515992707454772e-17,3.0533079764031822e-25,1.111079786779803e-22,,,3.0533079764031822e-25,1.111079786779803e-22,10.0,,7.978845608028655e-08,3.2312574248336765,47706103750839.055,1.2899146935850343e-05,0.0014063045131029713,1.2899146935850343e-05,0.0014063045131029713,0.006476283399457189,0.0014192036600388217,False,False,1.0,1.41915090647635,9.172879809994043e-09,0.2036891077206852,0.6986917928404306,1.0,1.57107717599402,2.299148148809021e-07,0.2548739545926547,0.6259674675330452,0.18082361060292104,0.2539702261068648,0.005912421809876983,0.016381301998006425,True,AP3.4,130.0,8.3,7.498198192099515e+19,$(U_{0.8}Pu_{0.2})N$
B3_Nd0_2p10e19_rho5p0e13_AP3p4,rizk2025_refit_plot,rizk2025_refit_full,1275.0,1.3,50000000000000.0,1.5203732807088698e+23,6.034499709478553e+25,4.058860035437884e+25,3.089086772813358e+23,1.955852464068016e+19,1.6604569536409914,59.68054964664027,0.5923816279747349,1.7414986558453032,2.333880283820038,0.24689353827129348,2.5807738220913317,6861758731877.018,1.7154396829692544e+18,105.12482096805824,0.17503586497949894,50675880.80391329,21117752.967917427,2.399681485094614,1337043288.6456335,1336981362.3485165,51163233.732222155,37198048.83072111,1.0000463179957932,1.37542788776511,0.14236254888217484,56.50498931877859,38.005775787609224,5.3468723447299995,5.3468723447299995,0.0,5.7102390425847e+24,5.7102390425847e+24,0.0,1.0679587381981997e+26,1.0679587381981995e+26,1.0449348903603422,9.573346719284824e+16,0.005145740068561552,4.818929881132457e-07,2.222149350040857e-06,2.222149350040857e-06,0.01897769687891259,0.01897769687891259,1.4236846785927824e+21,2.044962600978472e-05,8.917874431930528e-19,1.435821826587309e-22,1.4358218265873088e-21,8.457331924393166e-19,1.7995675661038836e+19,50000000000000.0,50000000000000.0,0.0,0.006472461807650651,0.0014182781702974186,1.6043021147495168e-05,5.294803051158158e-06,1.6043021147495168e-05,5.294803051158158e-06,5.79565812657288e-29,8.004663481056127e+18,3.6696533829697274e+19,12.352815593498107,5.143155974654726e-21,-392798.9637955541,2.0305626053194243e+21,0.0,0.0,0.0,0.0,0.0,0.3333333333333333,0.3333333333333333,2.0,4.5155265368944576e-23,1.1873807076397107e-20,0.0,8.91742287927684e-19,,0.0,0.0,0.0,0.0,0.0,4.5155265368944576e-23,8.91742287927684e-19,0.01331461568227832,17.0,1.5160386534281898e-17,8.457331924393166e-25,1.4273644946629156e-22,,,8.457331924393166e-25,1.4273644946629156e-22,10.0,,7.978845608028655e-08,3.2312574248336765,47665548453648.05,1.3126581272560192e-05,0.0014051515890248583,1.3126581272560192e-05,0.0014051515890248583,0.006472461807650651,0.0014182781702974186,False,False,1.0,1.419433775593278,9.178049252339925e-09,0.20379224642437896,0.6985435067571772,1.0,1.588003785256911,2.3024519727009396e-07,0.260105888345746,0.6186399089330467,0.18093969766304166,0.25920361124364266,0.00592381627974735,0.01741498655845303,True,AP3.4,130.0,8.3,7.498198192099515e+19,$(U_{0.8}Pu_{0.2})N$
B3_Nd0_2p10e19_rho5p0e13_AP3p4,rizk2025_refit_plot,rizk2025_refit_full,1300.0,1.3,50000000000000.0,1.5194246273889288e+23,6.029646082623423e+25,4.064084297457886e+25,3.083970955880379e+23,1.947268978366534e+19,1.6624759044336033,60.94866035857724,0.5935604657922483,1.8467454919524415,2.44030595774469,0.3475081862091026,2.7878141439537925,6281100255915.275,1.570275063978819e+18,121.33616953785467,0.21345058513190038,34255655.77523863,18296275.61555255,1.872274800348984,1335414486.8194375,1335357699.9699988,48587252.56656986,36424098.36310015,1.0000425255715677,1.3339315110073318,0.1422737202330885,56.45954161858636,38.05469398859531,5.343490672585242,5.343490672585242,0.0,5.706627556267985e+24,5.706627556267985e+24,0.0,1.0679587381981997e+26,1.0679587381981997e+26,1.04774307651705,9.562090415446149e+16,0.005141331471940904,4.79161580099001e-07,2.3452995327454396e-06,2.3452995327454396e-06,0.020150346492590815,0.020150346492590815,1.5114444992015153e+21,2.161802241632859e-05,8.918508847779603e-19,1.836266039909085e-22,1.836266039909085e-21,2.2525702314749626e-18,1.7995675661038836e+19,50000000000000.0,50000000000000.0,0.0,0.006469175221699452,0.001417444241582537,1.6037371837890566e-05,5.2816937556575585e-06,1.6037371837890566e-05,5.2816937556575585e-06,6.124045615105527e-29,8.178483339082735e+18,3.872983966430888e+19,22.43019030409496,7.59408966996579e-21,-466638.8730620536,2.0296855127134201e+21,0.0,0.0,0.0,0.0,0.0,0.3333333333333333,0.3333333333333333,2.0,1.085968502764781e-22,9.588632660122313e-21,0.0,8.91742287927684e-19,,0.0,0.0,0.0,0.0,0.0,1.085968502764781e-22,8.91742287927684e-19,0.010751385488067937,17.0,1.5161465041225326e-17,2.2525702314749626e-24,1.8137403375943355e-22,,,2.2525702314749626e-24,1.8137403375943355e-22,10.0,,7.978845608028655e-08,3.2312574248336765,47626406589010.69,1.3346650970710412e-05,0.0014040975906118266,1.3346650970710412e-05,0.0014040975906118266,0.006469175221699452,0.001417444241582537,False,False,1.0,1.4197280160625385,9.183122364115055e-09,0.20389949717194786,0.6983893155438827,1.0,1.6048337556559449,2.3058297080376046e-07,0.2652242693616329,0.6114920524300285,0.1810596413033093,0.26432344290614007,0.005935604657922483,0.018467454919524416,True,AP3.4,130.0,8.3,7.498198192099515e+19,$(U_{0.8}Pu_{0.2})N$
B3_Nd0_2p10e19_rho5p0e13_AP3p4,rizk2025_refit_plot,rizk2025_refit_full,1325.0,1.3,50000000000000.0,1.51838021931621e+23,6.025028657192399e+25,4.06905589061714e+25,3.078839403208898e+23,1.938473868381474e+19,1.6645235616817773,62.208448802342,0.5947651133698925,1.954774551990745,2.5495396653606375,0.47381371527989447,3.0233533806405317,5702674999416.195,1.4256687498540488e+18,138.94945403065847,0.254140203783078,24529250.18794062,15977032.910904195,1.5352819465746739,1333767635.387076,1333714974.7264547,46266054.85246721,35686470.93345337,1.0000394841938638,1.2964592362955194,0.14217592543677635,56.41630562766395,38.10124628487261,5.340272162026683,5.340272162026683,0.0,5.703190319792988e+24,5.703190319792988e+24,0.0,1.0679587381981997e+26,1.0679587381982e+26,1.0506368227993026,9.550498553981106e+16,0.005136686967225664,4.764147496035729e-07,2.4658755531431504e-06,2.4658755531431504e-06,0.021358363703662394,0.021358363703662394,1.6003857081689092e+21,2.2839033367126566e-05,8.9199495264152e-19,2.3390333353762864e-22,2.3390333353762863e-21,5.78187606487805e-18,1.7995675661038836e+19,50000000000000.0,50000000000000.0,0.0,0.006466515492195203,0.0014167626182613404,1.603164595091523e-05,5.269186842902832e-06,1.603164595091523e-05,5.269186842902832e-06,6.44621076461512e-29,8.352500854530945e+18,4.069821216750864e+19,39.23324719085518,1.1161691581382948e-20,-542497.609812679,2.0288509981969854e+21,0.0,0.0,0.0,0.0,0.0,0.3333333333333333,0.3333333333333333,2.0,2.5266471383605937e-22,7.399034121893715e-21,0.0,8.91742287927684e-19,,0.0,0.0,0.0,0.0,0.0,2.5266471383605937e-22,8.91742287927684e-19,0.008294928239204153,17.0,1.516391419490584e-17,5.78187606487805e-24,2.281214574727506e-22,,,5.78187606487805e-24,2.281214574727506e-22,10.0,,7.978845608028655e-08,3.2312574248336765,47588285850865.22,1.356225028068443e-05,0.001403200367980656,1.356225028068443e-05,0.001403200367980656,0.006466515492195203,0.0014167626182613404,False,False,1.0,1.420028966597773,9.188222344346609e-09,0.20400915775255632,0.698231667060374,1.0,1.6217241905358843,2.3093113933464408e-07,0.27027949542317237,0.6044528513383473,0.18118204706845847,0.269380130430157,0.005947651133698924,0.01954774551990745,True,AP3.4,130.0,8.3,7.498198192099515e+19,$(U_{0.8}Pu_{0.2})N$
B3_Nd0_2p10e19_rho5p0e13_AP3p4,rizk2025_refit_plot,rizk2025_refit_full,1350.0,1.3,50000000000000.0,1.5171166467205487e+23,6.02041477308446e+25,4.074005912922671e+25,3.07346165434745e+23,1.929315612992965e+19,1.666621363437342,63.481748791323604,0.5959739015389159,2.0674667542740877,2.6634406558130035,0.6163522664443322,3.279792922257336,5180421189578.987,1.2951052973947466e+18,156.61564782611975,0.2933029537615388,18707450.647095054,14174828.829777744,1.3197655415630427,1332085457.7529545,1332036207.3250618,44117750.57123234,34970681.21575472,1.0000369737906687,1.261563945496056,0.1420576088248637,56.37310279647851,38.14759659906062,5.337242995636018,5.337242995636018,0.0,5.699955295076621e+24,5.699955295076621e+24,0.0,1.0679587381981997e+26,1.0679587381981999e+26,1.0536677718004526,9.53800565700669e+16,0.0051316191537016465,4.735879803234035e-07,2.584266007949649e-06,2.584266007949649e-06,0.022623328384347108,0.022623328384347108,1.691624278926289e+21,2.4138130466570393e-05,8.92312044658399e-19,2.985052251919346e-22,2.985052251919346e-21,1.4331663655150738e-17,1.7995675661038836e+19,50000000000000.0,50000000000000.0,0.0,0.0064647394981194985,0.0014163644698393675,1.6025783765133472e-05,5.257038176333243e-06,1.6025783765133472e-05,5.257038176333243e-06,6.763268349653604e-29,8.526963545148835e+18,4.260534984335949e+19,64.71130973399562,1.5958886692547507e-20,-616132.6577405806,2.0280920490774584e+21,0.0,0.0,0.0,0.0,0.0,0.3333333333333333,0.3333333333333333,2.0,5.697567307150379e-22,5.485421362683377e-21,0.0,8.91742287927684e-19,,0.0,0.0,0.0,0.0,0.0,5.697567307150379e-22,8.91742287927684e-19,0.006147424990529343,17.0,1.5169304759192783e-17,1.433166365515074e-23,2.8417356153678383e-22,,,1.433166365515074e-23,2.8417356153678383e-22,10.0,,7.978845608028655e-08,3.2312574248336765,47550547638143.125,1.3778437464998272e-05,0.0014025860323743692,1.3778437464998272e-05,0.0014025860323743692,0.0064647394981194985,0.0014163644698393675,False,False,1.0,1.4203290023774495,9.19357916207242e-09,0.20411844880749497,0.6980745571311643,1.0,1.6389666483093943,2.3129593142130005e-07,0.27535815711092526,0.5974018832179172,0.18130470754197067,0.2744602859932002,0.005959739015389159,0.020674667542740877,True,AP3.4,130.0,8.3,7.498198192099515e+19,$(U_{0.8}Pu_{0.2})N$
B3_Nd0_2p10e19_rho5p0e13_AP3p4,rizk2025_refit_plot,rizk2025_refit_full,1375.0,1.3,50000000000000.0,1.5153862273849277e+23,6.015426462841141e+25,4.079306199444911e+25,3.067411466753478e+23,1.9195303348065067e+19,1.668814348975823,64.80295045209773,0.5971517672645,2.18810383744887,2.7852556047133703,0.7591737623636491,3.544429367077019,4751714549262.079,1.1879286373155197e+18,172.78689144729873,0.327456027751271,15216559.930910561,12848196.88232609,1.1843342743169183,1330332109.5608952,1330285781.2568836,42056479.799492784,34257699.449055515,1.0000348258281524,1.2276504399262071,0.14189557828250954,56.32639396714926,38.19722666745804,5.334483787110196,5.334483787110196,0.0,5.697008574220959e+24,5.697008574220959e+24,0.0,1.0679587381981997e+26,1.0679587381981997e+26,1.0569263959981212,9.523493521655893e+16,0.0051257349275115995,4.7057392392572665e-07,2.7005749148869476e-06,2.7005749148869476e-06,0.023983004884142296,0.023983004884142296,1.7869358012931116e+21,2.55613776708799e-05,8.92989650482899e-19,3.8518830087201347e-22,3.8518830087201345e-21,3.437073971002977e-17,1.7995675661038836e+19,50000000000000.0,50000000000000.0,0.0,0.006464455781880091,0.0014165241355734964,1.6019659842748207e-05,5.244925361911983e-06,1.6019659842748207e-05,5.244925361911983e-06,7.075683854608439e-29,8.70221532058772e+18,4.444721727390448e+19,98.64046602220441,2.1743900650075658e-20,-683973.8154423671,2.0274778314566344e+21,0.0,0.0,0.0,0.0,0.0,0.3333333333333333,0.3333333333333333,2.0,1.2473625552150166e-21,3.926123922383819e-21,0.0,8.91742287927684e-19,,0.0,0.0,0.0,0.0,0.0,1.2473625552150166e-21,8.91742287927684e-19,0.004396606299144343,17.0,1.518082405820928e-17,3.437073971002977e-23,3.508175611619837e-22,,,3.437073971002977e-23,3.508175611619837e-22,10.0,,7.978845608028655e-08,3.2312574248336765,47512248600205.52,1.4003558973654286e-05,0.001402520576599842,1.4003558973654286e-05,0.001402520576599842,0.006464455781880091,0.0014165241355734964,False,False,1.0,1.4206154526632655,9.199620737136121e-09,0.2042227574966398,0.6979246163585334,1.0,1.6570368113161549,2.316882623541915e-07,0.2805942771837435,0.5901546196555879,0.18142407074909886,0.2796979667253327,0.0059715176726450004,0.021881038374488702,True,AP3.4,130.0,8.3,7.498198192099515e+19,$(U_{0.8}Pu_{0.2})N$
B3_Nd0_2p10e19_rho5p0e13_AP3p4,rizk2025_refit_plot,rizk2025_refit_full,1400.0,1.3,50000000000000.0,1.5127046202031288e+23,6.009458159139e+25,4.08554596002256e+25,3.05991437795952e+23,1.908729678134809e+19,1.6711929899867277,66.21870972691468,0.5982431016063832,2.321534693969422,2.9197777955758055,0.8861498163922966,3.8059276119681016,4428359815240.972,1.1070899538102428e+18,186.25242076109657,0.35459108811484236,13138908.076242227,11919308.16753015,1.1023213672782148,1328436093.4227896,1328392360.0096188,39999664.54500989,33525268.14785819,1.0000329220601438,1.1931198989549416,0.1416444817667094,56.27050881458044,38.25565364927361,5.332193054379255,5.332193054379255,0.0,5.694562166184074e+24,5.694562166184074e+24,0.0,1.0679587381981997e+26,1.0679587381981999e+26,1.0605475604814107,9.50478999700915e+16,0.005118247638278962,4.672116144467421e-07,2.8130131169508298e-06,2.8130131169508298e-06,0.02549365380715944,0.02549365380715944,1.8883648672699046e+21,2.7182360913114517e-05,8.943977631537627e-19,5.093242848331348e-22,5.093242848331348e-21,7.989389038480301e-17,1.7995675661038836e+19,50000000000000.0,50000000000000.0,0.0,0.006466998447452731,0.001417798508540855,1.6013022390974055e-05,5.232469809328841e-06,1.6013022390974055e-05,5.232469809328841e-06,7.379050942831235e-29,8.878773007432229e+18,4.618354085782668e+19,137.4477659991735,2.787287038193332e-20,-742870.7080669336,2.0271467085821274e+21,0.0,0.0,0.0,0.0,0.0,0.3333333333333333,0.3333333333333333,2.0,2.6554752260788454e-21,2.7246350804779008e-21,0.0,8.91742287927684e-19,,0.0,0.0,0.0,0.0,0.0,2.6554752260788454e-21,8.91742287927684e-19,0.0030463348553897134,17.0,1.5204761973613966e-17,7.989389038480301e-23,4.2943039444833175e-22,,,7.989389038480301e-23,4.2943039444833175e-22,10.0,,7.978845608028655e-08,3.2312574248336765,47472199298148.06,1.4250449344589461e-05,0.0014035480591962656,1.4250449344589461e-05,0.0014035480591962656,0.006466998447452731,0.001417798508540855,False,False,1.0,1.4208675761865892,9.207129198054321e-09,0.20431453912336153,0.697792688394821,1.0,1.6765994594687417,2.3212441660661895e-07,0.2861661430326455,0.5824680100484768,0.18153452498430375,0.2852715046416399,0.0059824310160638315,0.023215346939694223,True,AP3.4,130.0,8.3,7.498198192099515e+19,$(U_{0.8}Pu_{0.2})N$
B3_Nd0_2p10e19_rho5p0e13_AP3p4,rizk2025_refit_plot,rizk2025_refit_full,1425.0,1.3,50000000000000.0,1.5081521330313736e+23,6.0015687781909465e+25,4.093628447236376e+25,3.049597291951726e+23,1.896472244833642e+19,1.6739325130644407,67.77684685095907,0.5991629316406243,2.473313579336516,3.0724765109771406,0.9886650862357155,4.061141597212855,4198229574086.342,1.0495573935215854e+18,196.6413500408713,0.3747114302824183,11912188.553972771,11289588.886257036,1.0551481257633424,1326259730.1322148,1326218340.7477298,37894401.735715516,32754548.243912384,1.0000312085749483,1.156920298626265,0.14121820245376182,56.19663535237754,38.331335292437586,5.330811152731127,5.330811152731127,0.0,5.693086352243625e+24,5.693086352243625e+24,0.0,1.0679587381981997e+26,1.0679587381982e+26,1.0646884780172818,9.477778944938682e+16,0.005107642693505324,4.632948407164915e-07,2.9142764036154713e-06,2.9142764036154713e-06,0.02722083370584579,0.02722083370584579,1.9965915368053093e+21,2.9100060927998855e-05,8.972475473141361e-19,7.0177067448840995e-22,7.0177067448841e-21,1.8029544796246132e-16,1.7995675661038836e+19,50000000000000.0,50000000000000.0,0.0,0.006475141571613659,0.0014212859002447717,1.6005384255720843e-05,5.219349599989572e-06,1.6005384255720843e-05,5.219349599989572e-06,7.654472339784962e-29,9.057434126039817e+18,4.767727506184935e+19,176.0265559743302,3.3638112936687933e-20,-791426.3378442513,2.0273653776164135e+21,0.0,0.0,0.0,0.0,0.0,0.3333333333333333,0.3333333333333333,2.0,5.505259386452124e-21,1.84039229582399e-21,0.0,8.91742287927684e-19,,0.0,0.0,0.0,0.0,0.0,5.505259386452124e-21,8.91742287927684e-19,0.0020511533314670053,17.0,1.5253208304340313e-17,1.8029544796246133e-22,5.214752265259486e-22,,,1.8029544796246133e-22,5.214752265259486e-22,10.0,,7.978845608028655e-08,3.2312574248336765,47429331103699.44,1.453723732947688e-05,0.001406748662915295,1.453723732947688e-05,0.001406748662915295,0.006475141571613659,0.0014212859002447717,False,False,1.0,1.4210523868378593,9.217502061314224e-09,0.2043818003641242,0.6976960095936562,1.0,1.6983633798525677,2.3262341036187665e-07,0.29225044615976736,0.5741049333030492,0.18162751694709584,0.29135762879654287,0.005991629316406243,0.02473313579336516,True,AP3.4,130.0,8.3,7.498198192099515e+19,$(U_{0.8}Pu_{0.2})N$
B3_Nd0_2p10e19_rho5p0e13_AP3p4,rizk2025_refit_plot,rizk2025_refit_full,1450.0,1.3,50000000000000.0,1.500040939137429e+23,5.990313740069782e+25,4.1049190441772345e+25,3.034076594980936e+23,1.8824931636600943e+19,1.677360766423834,69.49763664296898,0.5997836067689836,2.6468670361165616,3.246650642885545,1.0680562057479905,4.314706848633536,4035786972788.07,1.0089467431970173e+18,204.44153529484635,0.38935662131840876,11178356.43554995,10858850.168574149,1.0294235818724584,1323547084.7051163,1323507765.5554588,35761482.24783365,31943532.28736154,1.00002970828784,1.1195218464296974,0.14045869802687452,56.09124702866615,38.437056576762735,5.331237696544241,5.331237696544241,0.0,5.693541883436064e+24,5.693541883436064e+24,0.0,1.0679587381981997e+26,1.0679587381981997e+26,1.069452136432125,9.434895428824989e+16,0.005091112454790602,4.586149742283509e-07,2.986307836071945e-06,2.986307836071945e-06,0.029207491374650854,0.029207491374650854,2.1073536209637236e+21,3.141382473463587e-05,9.028722799084174e-19,1.0241072151243713e-21,1.0241072151243713e-20,3.956100289530877e-16,1.7995675661038836e+19,50000000000000.0,50000000000000.0,0.0,0.006494363011686913,0.0014290873002327897,1.5995835406969135e-05,5.205528359957699e-06,1.5995835406969135e-05,5.205528359957699e-06,7.854472320306853e-29,9.239473281735447e+18,4.861291077220891e+19,211.65970319337896,3.8777579970110664e-20,-832337.7253451666,2.028630507409371e+21,0.0,0.0,0.0,0.0,0.0,0.3333333333333333,0.3333333333333333,2.0,1.1129991980733449e-20,1.2141082623128306e-21,0.0,8.91742287927684e-19,,0.0,0.0,0.0,0.0,0.0,1.1129991980733449e-20,8.91742287927684e-19,0.0013447176187931956,17.0,1.5348828758443096e-17,3.9561002895308766e-22,6.284971861712836e-22,,,3.9561002895308766e-22,6.284971861712836e-22,10.0,,7.978845608028655e-08,3.2312574248336765,47383489272207.36,1.488809315022283e-05,0.001414199207082567,1.488809315022283e-05,0.001414199207082567,0.006494363011686913,0.0014290873002327897,False,False,1.0,1.421118060326447,9.233194976646847e-09,0.20440569872206682,0.697661659652298,1.0,1.7226779992655041,2.331977792945408e-07,0.29890991700546066,0.5649884973663045,0.18169021151226306,0.29801906083943125,0.005997836067689836,0.026468670361165614,True,AP3.4,130.0,8.3,7.498198192099515e+19,$(U_{0.8}Pu_{0.2})N$
B3_Nd0_2p10e19_rho5p0e13_AP3p4,rizk2025_refit_plot,rizk2025_refit_full,1475.0,1.3,50000000000000.0,1.4854046439867623e+23,5.9733733714294865e+25,4.121586668391316e+25,3.009268010611305e+23,1.8670313168456282e+19,1.682069484743756,71.33925223148348,0.5999033321133558,2.8393953739179314,3.439298706031287,1.1316346666867179,4.570933372718005,3914369276222.5176,9.785923190556293e+17,210.5532707911943,0.40055932040886366,10711916.140810942,10543650.03050261,1.015958999949879,1319840402.8079138,1319802790.630966,33721298.18230871,31118913.228813864,1.0000284983311256,1.0836271155859398,0.13908820545753048,55.93262321639344,38.59312650360469,5.335162074544348,5.335162074544348,0.0,5.697732957213271e+24,5.697732957213271e+24,0.0,1.0679587381981997e+26,1.0679587381981997e+26,1.0747727317029279,9.362778839294101e+16,0.005063667040631185,4.530086517677326e-07,2.9999885909375198e-06,2.9999885909375198e-06,0.031426301848567005,0.031426301848567005,2.207512199432736e+21,3.416924223288143e-05,9.13713227338383e-19,1.597360137614791e-21,1.597360137614791e-20,8.452417180343286e-16,1.7995675661038836e+19,50000000000000.0,50000000000000.0,0.0,0.006534857088849957,0.0014450895955575498,1.59827373716304e-05,5.191459376891594e-06,1.59827373716304e-05,5.191459376891594e-06,7.901696312348836e-29,9.427119343034337e+18,4.850610678465154e+19,245.97298132048502,4.3653839625198126e-20,-872955.1706491339,2.0318352486422702e+21,0.0,0.0,0.0,0.0,0.0,0.3333333333333333,0.3333333333333333,2.0,2.1970939410699096e-20,7.846520651543905e-22,0.0,8.91742287927684e-19,,0.0,0.0,0.0,0.0,0.0,2.1970939410699096e-20,8.91742287927684e-19,0.0008587509096700466,17.0,1.553312486475251e-17,8.452417180343286e-22,7.521184195804623e-22,,,8.452417180343286e-22,7.521184195804623e-22,10.0,,7.978845608028655e-08,3.2312574248336765,47336208528250.58,1.5337924445670658e-05,0.0014297516711118791,1.5337924445670658e-05,0.0014297516711118791,0.006534857088849957,0.0014450895955575498,False,False,1.0,1.420980192627977,9.258502120614574e-09,0.20435552714357486,0.6977337734117797,1.0,1.7490158604220059,2.3383975164661765e-07,0.3059652537302853,0.5553735477061367,0.18170230002533103,0.3050764074061787,0.005999033321133558,0.028393953739179315,True,AP3.4,130.0,8.3,7.498198192099515e+19,$(U_{0.8}Pu_{0.2})N$
B3_Nd0_2p10e19_rho5p0e13_AP3p4,rizk2025_refit_plot,rizk2025_refit_full,1500.0,1.3,50000000000000.0,1.4593385048349462e+23,5.946715659573716e+25,4.14740119954297e+25,2.9682995915478134e+23,1.8508657766913995e+19,1.6890844449008842,73.20368844009455,0.5991705084146708,3.0413221603254064,3.640492668740077,1.1877708578592723,4.82826352659935,3812943584511.0557,9.53235896127764e+17,215.8595518978234,0.41009453798790824,10377663.047812479,10284464.970310103,1.0090620248862168,1314357838.9166405,1314321499.2606664,31944287.98230749,30326340.75285309,1.000027648985423,1.0533512184222946,0.13664746142693307,55.68300952906366,38.834844935490985,5.345498074018417,5.345498074018417,0.0,5.708771378169616e+24,5.708771378169616e+24,0.0,1.0679587381981997e+26,1.0679587381981997e+26,1.0803942560902164,9.239130079125902e+16,0.005016887763936915,4.462908485146237e-07,2.9352467851291434e-06,2.9352467851291434e-06,0.0337710802037996,0.0337710802037996,2.2773366292911848e+21,3.730597064402538e-05,9.341414501778096e-19,2.65480851490482e-21,2.6548085149048203e-20,1.7607759639859707e-15,1.7995675661038836e+19,50000000000000.0,50000000000000.0,0.0,0.006614424532170619,0.0014762481889250623,1.5963261544153386e-05,5.177921976843124e-06,1.5963261544153386e-05,5.177921976843124e-06,7.741758149150834e-29,9.624660884968157e+18,4.705098899326263e+19,283.9969398529196,4.906670609718832e-20,-923436.6336049333,2.038524834255045e+21,0.0,0.0,0.0,0.0,0.0,0.3333333333333333,0.3333333333333333,2.0,4.239916225012569e-20,4.981451519947624e-22,0.0,8.91742287927684e-19,,0.0,0.0,0.0,0.0,0.0,4.239916225012569e-20,8.91742287927684e-19,0.0005332652264814314,17.0,1.5880404653022763e-17,1.7607759639859707e-21,8.940325509188496e-22,,,1.7607759639859707e-21,8.940325509188496e-22,10.0,,7.978845608028655e-08,3.2312574248336765,47290250756768.97,1.595018534775191e-05,0.0014602980035773104,1.595018534775191e-05,0.0014602980035773104,0.006614424532170619,0.0014762481889250623,False,False,1.0,1.4204924614223622,9.300908297684366e-09,0.20417797520639272,0.6979889888101167,1.0,1.776003138585259,2.3451858824165606e-07,0.31303030072884747,0.5457911506359634,0.18162828254010524,0.3121433896134733,0.005991705084146708,0.030413221603254062,True,AP3.4,130.0,8.3,7.498198192099515e+19,$(U_{0.8}Pu_{0.2})N$
B3_Nd0_2p10e19_rho5p0e13_AP3p4,rizk2025_refit_plot,rizk2025_refit_full,1525.0,1.3,50000000000000.0,1.4144630848434182e+23,5.903193140470342e+25,4.189088845959711e+25,2.9002245443741068e+23,1.8345967526072027e+19,1.7000944971810101,75.02475844333256,0.5969520086663299,3.2452118051650642,3.8421638138313945,1.2439357352438258,5.08609954907522,3716436278050.8364,9.291090695127091e+17,221.09093023906786,0.41932389173442697,10096777.655710645,10041117.46058281,1.0055432271703157,1305845264.9343822,1305809767.4459066,30528412.614008237,29590231.89227331,1.000027184272442,1.031705757668628,0.13244548073363033,55.275479560473286,39.225193784427546,5.366881174365547,5.366881174365547,0.0,5.731607647035102e+24,5.731607647035102e+24,0.0,1.0679587381981997e+26,1.0679587381981997e+26,1.0861135485432396,9.029764618503208e+16,0.004937582463069868,4.3796547661685873e-07,2.8239727290474724e-06,2.8239727290474724e-06,0.03615883916837526,0.03615883916837526,2.3051518090644155e+21,4.066855097397879e-05,9.718187700081108e-19,4.636776157857156e-21,4.636776157857156e-20,3.580777516173852e-15,1.7995675661038836e+19,50000000000000.0,50000000000000.0,0.0,0.0067623541118901785,0.0015346712658655056,1.593278465325549e-05,5.165335842505549e-06,1.593278465325549e-05,5.165335842505549e-06,7.457406057537449e-29,9.840284693260132e+18,4.481191035794501e+19,332.60572413074317,5.600053633847986e-20,-993467.318365363,2.051243394396133e+21,0.0,0.0,0.0,0.0,0.0,0.3333333333333333,0.3333333333333333,2.0,8.007648208042697e-20,3.1142582676000646e-22,0.0,8.91742287927684e-19,,0.0,0.0,0.0,0.0,0.0,8.007648208042697e-20,8.91742287927684e-19,0.00032045669045619205,17.0,1.6520919090137883e-17,3.5807775161738524e-21,1.0559986416833037e-21,,,3.5807775161738524e-21,1.0559986416833037e-21,10.0,,7.978845608028655e-08,3.2312574248336765,47247244963762.2,1.6855695460512465e-05,0.0015178155704049933,1.6855695460512465e-05,0.0015178155704049933,0.0067623541118901785,0.0015346712658655056,False,False,1.0,1.4193985488775611,9.373126064525634e-09,0.20377940394214544,0.6985619704838609,1.0,1.8026660742732696,2.352098121082476e-07,0.3198534271418662,0.5365813560067463,0.18140383856141054,0.31896841650880814,0.005969520086663299,0.032452118051650644,True,AP3.4,130.0,8.3,7.498198192099515e+19,$(U_{0.8}Pu_{0.2})N$
B3_Nd0_2p10e19_rho5p0e13_AP3p4,rizk2025_refit_plot,rizk2025_refit_full,1550.0,1.3,50000000000000.0,1.3413149870902812e+23,5.831109799341392e+25,4.25771934674333e+25,2.7896403620684867e+23,1.8175221016912867e+19,1.7176789493322175,76.8837982055554,0.5921923695409596,3.459973722957683,4.052166092498642,1.3071079629329225,5.359274055431565,3613352723347.178,9.033381808367946e+17,226.88940173998412,0.42935827851365743,9821056.363096798,9784502.858992621,1.0037358570620256,1292476792.4373536,1292441757.4442942,29410413.119257998,28874744.11793029,1.0000271075991298,1.018551471803176,0.12559614328857618,54.600515832468524,39.867826297547,5.4060617266958975,5.4060617266958975,0.0,5.773450860263732e+24,5.773450860263732e+24,0.0,1.0679587381981997e+26,1.0679587381981997e+26,1.0921848981493139,8.688930143746266e+16,0.00480740590770967,4.2689530541797667e-07,2.7614523529185654e-06,2.7614523529185654e-06,0.03869934450826501,0.03869934450826501,2.3021255820244133e+21,4.4107630744322945e-05,1.039906973829712e-18,8.356987325282236e-21,8.356987325282236e-20,7.11715258415843e-15,1.7995675661038836e+19,50000000000000.0,50000000000000.0,0.0,0.007024275957827388,0.00164102565984275,1.5884339801459186e-05,5.1530906166216295e-06,1.5884339801459186e-05,5.1530906166216295e-06,7.300320636007676e-29,1.0087648188901136e+19,4.335224830571031e+19,399.25541590014825,6.538428323485027e-20,-1087321.7131684253,2.0738847981274944e+21,0.0,0.0,0.0,0.0,0.0,0.3333333333333333,0.3333333333333333,2.0,1.4816468590202815e-19,1.921420918257287e-22,0.0,8.91742287927684e-19,,0.0,0.0,0.0,0.0,0.0,1.4816468590202815e-19,8.91742287927684e-19,0.0001847685385915996,17.0,1.7678418555105106e-17,7.11715258415843e-21,1.239834741123807e-21,,,7.11715258415843e-21,1.239834741123807e-21,10.0,,7.978845608028655e-08,3.2312574248336765,47205283507958.36,1.831035479861535e-05,0.0016227153050441348,1.831035479861535e-05,0.0016227153050441348,0.007024275957827388,0.00164102565984275,False,False,1.0,1.4172830915457693,9.49539155452845e-09,0.2030072629732927,0.6996722680059234,1.0,1.8301829954593538,2.3594409448694549e-07,0.3267376925846919,0.5273343139584618,0.18092042629601635,0.32585490811381757,0.005921923695409595,0.03459973722957683,True,AP3.4,130.0,8.3,7.498198192099515e+19,$(U_{0.8}Pu_{0.2})N$
B3_Nd0_2p10e19_rho5p0e13_AP3p4,rizk2025_refit_plot,rizk2025_refit_full,1575.0,1.3,50000000000000.0,1.231068426480534e+23,5.713945436665546e+25,4.368978631046431e+25,2.619414458932018e+23,1.7973225948584178e+19,1.7453531384848595,79.02304499502925,0.5833682161333718,3.7151463315265367,4.2985145476599085,1.3847308981436073,5.683245445803515,3493930595138.745,8.734826487846862e+17,233.90035389732336,0.4412219346832253,9517825.955044923,9491221.21027028,1.0028030897378997,1271983828.05567,1271948897.3602107,28412251.916854843,28093070.826866314,1.0000274623418692,1.0113615592953722,0.11527303279127842,53.503428852558436,40.90962014522704,5.4716779694232525,5.4716779694232525,0.0,5.843526300052144e+24,5.843526300052144e+24,0.0,1.0679587381981997e+26,1.0679587381981997e+26,1.09946194352023,8.168750241972384e+16,0.004605696803819522,4.114007507586049e-07,2.843724329162148e-06,2.843724329162148e-06,0.04175458743269966,0.04175458743269966,2.292309028945656e+21,4.7607629938872014e-05,1.160586458076125e-18,1.528831509275627e-20,1.528831509275627e-19,1.384090397445483e-14,1.7995675661038836e+19,50000000000000.0,50000000000000.0,0.0,0.0074666862233381546,0.0018300389468142433,1.580867514294167e-05,5.139699822701833e-06,1.580867514294167e-05,5.139699822701833e-06,7.526136639357477e-29,1.0385399510198116e+19,4.415285260390149e+19,491.2890606569897,7.79089944961202e-20,-1199546.5375810252,2.1117853478898295e+21,0.0,0.0,0.0,0.0,0.0,0.3333333333333333,0.3333333333333333,2.0,2.6884417014844093e-19,1.172220809834482e-22,0.0,8.91742287927684e-19,,0.0,0.0,0.0,0.0,0.0,2.6884417014844093e-19,8.91742287927684e-19,0.00010100245455023169,17.0,1.9729969787294123e-17,1.384090397445483e-20,1.4474111183014373e-21,,,1.384090397445483e-20,1.4474111183014373e-21,10.0,,7.978845608028655e-08,3.2312574248336765,47159442488086.99,2.0768903499722515e-05,0.0018092700433145208,2.0768903499722515e-05,0.0018092700433145208,0.0074666862233381546,0.0018300389468142433,False,False,1.0,1.413561269671315,9.696801779460029e-09,0.20164440834283148,0.701632865433267,1.0,1.8622057929928764,2.3682468182597294e-07,0.33455593596263733,0.5168891299717882,0.18001730452291584,0.3336762592524779,0.005833682161333717,0.037151463315265365,True,AP3.4,130.0,8.3,7.498198192099515e+19,$(U_{0.8}Pu_{0.2})N$
B3_Nd0_2p10e19_rho5p0e13_AP3p4,rizk2025_refit_plot,rizk2025_refit_full,1600.0,1.3,50000000000000.0,1.0813148867362671e+23,5.532328910785769e+25,4.541319055444451e+25,2.378253645470762e+23,1.77076618466141e+19,1.7871477230478716,81.75053002166786,0.5686278634839104,4.052486346859233,4.621114210343143,1.4850009719050563,6.1061151822482,3350309199563.0425,8.375772998907606e+17,242.78832104948097,0.45584955651447917,9165106.033810036,9143767.667257592,1.0023336514365795,1242238125.031145,1242202852.8307247,27361294.689738456,27155787.239686303,1.0000283948795803,1.0075677220563806,0.10125062402322782,51.80283388213673,42.52335687712346,5.57255861671658,5.57255861671658,0.0,5.951262668844144e+24,5.951262668844144e+24,0.0,1.0679587381981997e+26,1.0679587381981997e+26,1.109189303693569,7.442536434550768e+16,0.004317715383599364,3.899410984327016e-07,3.13660696689821e-06,3.13660696689821e-06,0.04585205190366905,0.04585205190366905,2.290352951593743e+21,5.133757450228374e-05,1.3705602340796549e-18,2.804370316124471e-20,2.804370316124471e-19,2.6363059898109156e-14,1.7995675661038836e+19,50000000000000.0,50000000000000.0,0.0,0.008176784363812268,0.0021591249546887435,1.5695749206868895e-05,5.123625272175229e-06,1.5695749206868895e-05,5.123625272175229e-06,8.312227748156455e-29,1.0753834509091418e+19,4.808409362362398e+19,617.4653101403211,9.418401917854999e-20,-1317483.2225535114,2.1711401578200228e+21,0.0,0.0,0.0,0.0,0.0,0.3333333333333333,0.3333333333333333,2.0,4.788179461519709e-19,7.08396822782879e-23,0.0,8.91742287927684e-19,,0.0,0.0,0.0,0.0,0.0,4.788179461519709e-19,8.91742287927684e-19,5.1686661057882994e-05,17.0,2.3299523979354132e-17,2.6363059898109155e-20,1.680643263135559e-21,,,2.6363059898109155e-20,1.680643263135559e-21,10.0,,7.978845608028655e-08,3.2312574248336765,47104817774480.516,2.499586140263518e-05,0.0021341290932861082,2.499586140263518e-05,0.0021341290932861082,0.008176784363812268,0.0021591249546887435,False,False,1.0,1.4075424579609395,1.0014102376515408e-08,0.1994284974377805,0.704823061580819,1.0,1.903564240122131,2.3800262931419983e-07,0.3443596328751792,0.5038782457216391,0.17848814620851106,0.3434845338630263,0.0056862786348391035,0.04052486346859233,True,AP3.4,130.0,8.3,7.498198192099515e+19,$(U_{0.8}Pu_{0.2})N$
B3_Nd0_2p10e19_rho5p0e13_AP3p4,rizk2025_refit_plot,rizk2025_refit_full,1625.0,1.3,50000000000000.0,9.018476701560204e+22,5.26864176927336e+25,4.791672736253008e+25,2.070802152124473e+23,1.7344353670530728e+19,1.846554584470801,85.35231017100436,0.5461521742713865,4.517441851749459,5.063594026020846,1.6158700652659606,6.679464091286806,3178746220929.084,7.94686555232271e+17,254.13473918214802,0.47387630202773523,8754094.92012223,8735523.553939793,1.0021259591446081,1202275354.3118465,1202239034.0744917,26155688.707762115,26009840.8063262,1.0000302104958543,1.0056074123068235,0.084445928283481,49.33375776448365,44.867583033565985,5.7142132736668945,5.7142132736668945,0.0,6.102543997540701e+24,6.102543997540701e+24,0.0,1.0679587381981997e+26,1.0679587381981999e+26,1.1228001358972732,6.533040740438987e+16,0.003946255069123323,3.619866345365073e-07,3.7367673769149753e-06,3.7367673769149753e-06,0.05160157942882916,0.05160157942882916,2.2984719332411887e+21,5.5599978922283506e-05,1.7295170995263346e-18,5.117002764222704e-20,5.117002764222704e-19,4.922854290289942e-14,1.7995675661038836e+19,50000000000000.0,50000000000000.0,0.0,0.009251507162220078,0.002721574544184618,1.553803719980669e-05,5.10394489494079e-06,1.553803719980669e-05,5.10394489494079e-06,9.920483390037462e-29,1.120768373542728e+19,5.633351411434476e+19,791.8670231766523,1.1522755219168422e-19,-1429982.4217916625,2.2574660009503626e+21,0.0,0.0,0.0,0.0,0.0,0.3333333333333333,0.3333333333333333,2.0,8.377748115986507e-19,4.247233928863714e-23,0.0,8.91742287927684e-19,,0.0,0.0,0.0,0.0,0.0,8.377748115986507e-19,8.91742287927684e-19,2.455733990734703e-05,17.0,2.940179069194769e-17,4.922854290289942e-20,1.941484739327618e-21,,,4.922854290289942e-20,1.941484739327618e-21,10.0,,7.978845608028655e-08,3.2312574248336765,47039277779629.914,3.2252964723562336e-05,0.0026893215794610557,3.2252964723562336e-05,0.0026893215794610557,0.009251507162220078,0.002721574544184618,False,False,1.0,1.3985731876633265,1.0487067129918539e-08,0.19609858978719566,0.7096225673152472,1.0,1.9590308509974412,2.396527893466418e-07,0.3570166766646831,0.48722781978826196,0.17610481169532283,0.356148284703827,0.005461521742713866,0.04517441851749459,True,AP3.4,130.0,8.3,7.498198192099515e+19,$(U_{0.8}Pu_{0.2})N$
B3_Nd0_2p10e19_rho5p0e13_AP3p4,rizk2025_refit_plot,rizk2025_refit_full,1650.0,1.3,50000000000000.0,7.136728040534847e+22,4.913047790161291e+25,5.129840317682031e+25,1.721959328964132e+23,1.6852122615640095e+19,1.9251785896757905,90.04617923362991,0.5146649211774827,5.153936808399589,5.668601729577071,1.7829429637832608,7.451544693360332,2982111780112.379,7.455279450280947e+17,268.2573848727607,0.4953456510601382,8292836.150122551,8275634.2422893075,1.0020786210856614,1153178290.2292447,1153139772.0218046,24769788.991192702,24654016.62673643,1.00003340289562,1.0046958824685273,0.06682587805382384,46.00409748461173,48.034068491604934,5.895008145729525,5.895008145729525,0.0,6.295625460981413e+24,6.295625460981413e+24,0.0,1.0679587381981997e+26,1.0679587381981999e+26,1.1418244859259867,5.518617731830097e+16,0.0035175083455894498,3.2853044435184633e-07,4.8506182147212155e-06,4.8506182147212155e-06,0.059659525196533385,0.059659525196533385,2.3140744531179455e+21,6.074812242297954e-05,2.332934307037629e-18,9.243457552501816e-20,9.243457552501817e-19,9.020265555838444e-14,1.7995675661038836e+19,50000000000000.0,50000000000000.0,0.0,0.010773535514481932,0.0036664779677681677,1.5334375198362284e-05,5.080621098000705e-06,1.5334375198362284e-05,5.080621098000705e-06,1.2911429958612818e-28,1.1744056832335057e+19,7.145347363617477e+19,1036.6717363538803,1.4271962008903245e-19,-1532367.7382047793,2.373535899327551e+21,0.0,0.0,0.0,0.0,0.0,0.3333333333333333,0.3333333333333333,2.0,1.441192019109945e-18,2.5299362888157518e-23,0.0,8.91742287927684e-19,,0.0,0.0,0.0,0.0,0.0,1.441192019109945e-18,8.91742287927684e-19,1.0844438616140361e-05,17.0,3.9659883219639695e-17,9.020265555838444e-20,2.2319199666337208e-21,,,9.020265555838444e-20,2.2319199666337208e-21,10.0,,7.978845608028655e-08,3.2312574248336765,46965101083675.33,4.459008436794267e-05,0.003621887883400225,4.459008436794267e-05,0.003621887883400225,0.010773535514481932,0.0036664779677681677,False,False,1.0,1.3862056944881584,1.1152243092700314e-08,0.19145157264401994,0.7163313457349165,1.0,2.0326289664547454,2.419634518377747e-07,0.37300450120729023,0.4664417460731043,0.17265328906473235,0.37214572104449095,0.005146649211774827,0.05153936808399589,True,AP3.4,130.0,8.3,7.498198192099515e+19,$(U_{0.8}Pu_{0.2})N$
B3_Nd0_2p10e19_rho5p0e13_AP3p4,rizk2025_refit_plot,rizk2025_refit_full,1675.0,1.3,50000000000000.0,5.3944796908234075e+22,4.467749445420011e+25,5.5544645270658345e+25,1.3686128974549522e+23,1.6206901218946077e+19,2.0218967841224633,95.9681358645412,0.4738557797275987,6.000255879592116,6.474111659319714,1.8604771932864774,8.334588852606192,2816664159348.5845,7.041660398371461e+17,277.3172831611306,0.5,8008127.784856809,8005270.98309306,1.0003568650917356,1098021316.4784763,1097978896.565443,23236051.342713308,23132678.154064856,1.0000386345431282,1.0044687082040384,0.05051206098022731,41.83447623601777,52.010104214672346,6.104907488329657,5.860088797222141,0.24481869110751542,6.51978929805328e+24,6.258333037610763e+24,2.6145626044251698e+23,1.0679587381981997e+26,1.0653441755937746e+26,1.1678447429961738,4.502205658136545e+16,0.00307304142605086,2.9180215100843134e-07,6.889880962083263e-06,6.889880962083263e-06,0.07071314394565865,0.07071314394565865,2.3323468706567073e+21,6.716095675741261e-05,3.331146250834437e-18,1.6487351410383357e-19,1.6487351410383356e-18,1.6231955709997532e-13,1.7995675661038836e+19,50000000000000.0,50000000000000.0,0.0,0.012780086053934764,0.0052285224759754615,1.5091726390431922e-05,5.054399612728398e-06,1.5091726390431922e-05,5.054399612728398e-06,1.8412277730370393e-28,1.2327782607116765e+19,9.833865585358814e+19,401.54093137970233,5.3337681915711616e-20,-846759.4536455033,2.5179327601375917e+21,3.254499946122776e+21,0.0,0.0,0.0,0.0,0.3333333333333333,0.3333333333333333,2.0,2.439403962906753e-18,1.4991150623023926e-23,0.0,8.91742287927684e-19,,0.0,0.0,0.0,0.0,0.0,2.439403962906753e-18,8.91742287927684e-19,4.5002979437689685e-06,17.0,5.662948626418543e-17,1.623195570999753e-19,2.553957003858251e-21,,,1.623195570999753e-19,2.553957003858251e-21,10.0,,7.978845608028655e-08,3.2312574248336765,46889347569389.875,6.524907930198734e-05,0.005163273396673474,6.524907930198734e-05,0.005163273396673474,0.012780086053934764,0.0052285224759754615,False,False,1.0,1.3702859235940235,1.2039636377505136e-08,0.1853726096964435,0.7251260653590332,1.0,2.1273042000402733,2.451321707465496e-07,0.39233771193414413,0.4416894844290322,0.16796368495674566,0.3914923292307495,0.0047385577972759866,0.06000255879592115,True,AP3.4,130.0,8.3,7.498198192099515e+19,$(U_{0.8}Pu_{0.2})N$
B3_Nd0_2p10e19_rho5p0e13_AP3p4,rizk2025_refit_plot,rizk2025_refit_full,1700.0,1.3,50000000000000.0,3.936766049169652e+22,3.947259566246469e+25,6.052587033742297e+25,1.0443906753523543e+23,1.5394524456236038e+19,2.132969419983434,103.19563415591296,0.4245271618237248,7.086615337330586,7.51114249915431,1.9095127415529545,9.420655240707266,2673859896215.672,6.68464974053918e+17,284.6263784151039,0.5000000000000002,7802440.211481932,7799698.722099169,1.0003514865740897,1040851104.5326666,1040802544.6596615,21615539.600102965,21512537.98824393,1.0000466561820531,1.0047879804751687,0.03686252950007735,36.96078720144249,56.67435283083955,6.327997438217911,5.780493295147024,0.5475041430708874,6.75804015944064e+24,6.173328325648369e+24,5.8471183379227145e+23,1.0679587381981997e+26,1.0621116198602774e+26,1.2025094645086658,3.5682652103985412e+16,0.002653205418310044,2.543700120398091e-07,1.0638860785760139e-05,1.0638860785760139e-05,0.08548987878412587,0.08548987878412587,2.3451516057410556e+21,7.531872008008868e-05,4.9573286738281364e-18,2.899995230890099e-19,2.8999952308900988e-18,2.8708990269161864e-13,1.7995675661038836e+19,50000000000000.0,50000000000000.0,0.0,0.015235131123030262,0.007772105727231744,1.4823641865570545e-05,5.026416718840413e-06,1.4823641865570545e-05,5.026416718840413e-06,2.8601764472377155e-28,1.2877771202371654e+19,1.45648719991907e+20,474.6345345654665,6.138354020098652e-20,-878225.2105863554,2.6849789380703373e+21,3.507415683325057e+21,0.0,0.0,0.0,0.0,0.3333333333333333,0.3333333333333333,2.0,4.065586385900453e-18,8.846547337881255e-24,0.0,8.91742287927684e-19,,0.0,0.0,0.0,0.0,0.0,4.065586385900453e-18,8.91742287927684e-19,1.7845391984166736e-06,17.0,8.427458745507831e-17,2.8708990269161863e-19,2.90962039739128e-21,,,2.8708990269161863e-19,2.90962039739128e-21,10.0,,7.978845608028655e-08,3.2312574248336765,46822741483972.92,9.916605927990685e-05,0.007672939667951837,9.916605927990685e-05,0.007672939667951837,0.015235131123030262,0.007772105727231744,False,False,1.0,1.3509179005627643,1.3175193095303117e-08,0.17782434009285977,0.736075025683913,1.0,2.24502899582301,2.493693465352557e-07,0.4146486170274715,0.41367306339850535,0.16192049670837663,0.41382140727703515,0.004245271618237248,0.07086615337330586,True,AP3.4,130.0,8.3,7.498198192099515e+19,$(U_{0.8}Pu_{0.2})N$
B3_Nd0_2p10e19_rho5p0e13_AP3p4,rizk2025_refit_plot,rizk2025_refit_full,1725.0,1.3,50000000000000.0,2.8032624503860874e+22,3.375850657460993e+25,6.601746939741701e+25,7.695723388826497e+22,1.44123601459093e+19,2.2527389797467143,111.7902760791398,0.3685281610419403,8.434042816207215,8.802570977249156,1.9615180390639069,10.764089016313063,2533956504133.91,6.334891260334775e+17,292.3781357963636,0.5,7595619.451831439,7592907.020743138,1.0003572322275105,985524339.4722891,985467033.6683236,19970863.013131283,19858614.522325657,1.0000581509091706,1.0056523827822648,0.02624878986537996,31.61030980613108,61.8164981811919,6.546943222811635,5.703116106775,0.8438271160366346,6.991865223289169e+24,6.090692681189258e+24,9.011725420999101e+23,1.0679587381981997e+26,1.0589470127772006e+26,1.2475901668959073,2.7620225932693624e+16,0.0022851930837616335,2.1834006600823785e-07,1.7550634669388153e-05,1.7550634669388153e-05,0.10478485540572091,0.10478485540572091,2.3409033331299304e+21,8.601473706490232e-05,7.567991386132277e-18,5.027449568924469e-19,5.0274495689244694e-18,4.994440127391286e-13,1.7995675661038836e+19,50000000000000.0,50000000000000.0,0.0,0.01801350175289939,0.011855960131985525,1.4546921789997959e-05,4.997788449346108e-06,1.4546921789997959e-05,4.997788449346108e-06,4.76098139063915e-28,1.3258672044020871e+19,2.2785872984222263e+20,560.8963173022539,7.05706939885066e-20,-906820.7742043438,2.8656710397961867e+21,3.7704188983261864e+21,0.0,0.0,0.0,0.0,0.3333333333333333,0.3333333333333333,2.0,6.676249098204593e-18,5.204352986654048e-24,0.0,8.91742287927684e-19,,0.0,0.0,0.0,0.0,0.0,6.676249098204593e-18,8.91742287927684e-19,6.876795600204564e-07,17.0,1.286558535642487e-16,4.994440127391286e-19,3.3009441533183215e-21,,,4.994440127391286e-19,3.3009441533183215e-21,10.0,,7.978845608028655e-08,3.2312574248336765,46777701317443.95,0.00015351167492173414,0.011702448457063792,0.00015351167492173414,0.011702448457063792,0.01801350175289939,0.011855960131985525,False,False,1.0,1.328382959347556,1.4587012177606905e-08,0.16882196595072105,0.7491728363603418,1.0,2.3871537318047302,2.549080318392362e-07,0.4393458878853207,0.3833834962633357,0.15446267794773474,0.4385427481528557,0.003685281610419403,0.08434042816207216,True,AP3.4,130.0,8.3,7.498198192099515e+19,$(U_{0.8}Pu_{0.2})N$
B3_Nd0_2p10e19_rho5p0e13_AP3p4,rizk2025_refit_plot,rizk2025_refit_full,1750.0,1.3,50000000000000.0,1.9633844952934753e+22,2.7844431297913974e+25,7.172644111468365e+25,5.5042027749757875e+22,1.327087106486674e+19,2.374379604244329,121.83364916578385,0.3086266987581595,10.052863745812637,10.361490444570796,2.01310468650093,12.374595131071727,2405753071980.1406,6.014382679950351e+17,300.067490423364,0.5,7401068.2867389405,7398335.6106581595,1.0003693636277928,935049761.5946362,934981077.1755421,18351937.959164534,18221566.990734708,1.0000734607584802,1.007154761634722,0.018384460233042223,26.072572190281008,67.162183845882,6.746859503603968,5.627583104552884,1.1192763990510837,7.205367562269426e+24,6.010026551443806e+24,1.19534101082562e+24,1.0679587381981997e+26,1.0560053280899437e+26,1.305020532354429,2.094697661544748e+16,0.0019810595751500156,1.8505639943380422e-07,3.0230551487360312e-05,3.0230551487360312e-05,0.1294801943631369,0.1294801943631369,2.3067449367641986e+21,0.00010089659384722314,1.170078713301288e-17,8.589643716813095e-19,8.589643716813095e-18,8.552344067970446e-13,1.7995675661038836e+19,50000000000000.0,50000000000000.0,0.0,0.020902333962466827,0.018326765165890317,1.4278550320356281e-05,4.969391361391769e-06,1.4278550320356281e-05,4.969391361391769e-06,8.310346757242006e-28,1.3288398529302053e+19,3.676690165405758e+20,657.3364694107393,8.053903745179444e-20,-932888.5151702858,3.0488983073693526e+21,4.031398222445278e+21,0.0,0.0,0.0,0.0,0.3333333333333333,0.3333333333333333,2.0,1.0809044845085196e-17,3.0549830664988003e-24,0.0,8.91742287927684e-19,,0.0,0.0,0.0,0.0,0.0,1.0809044845085196e-17,8.91742287927684e-19,2.610920984862119e-07,17.0,1.9891338126121898e-16,8.552344067970446e-19,3.7299648842649055e-21,,,8.552344067970446e-19,3.7299648842649055e-21,10.0,,7.978845608028655e-08,3.2312574248336765,46766313598194.6,0.00023814466235982392,0.018088620503530495,0.00023814466235982392,0.018088620503530495,0.020902333962466827,0.018326765165890317,False,False,1.0,1.3031100524748904,1.6311335436138883e-08,0.15843002359850772,0.7643432671317781,1.0,2.5546598027014413,2.620130382264897e-07,0.4657472774922375,0.35189415608442726,0.14559434192979043,0.4649753522344188,0.0030862669875815953,0.10052863745812637,True,AP3.4,130.0,8.3,7.498198192099515e+19,$(U_{0.8}Pu_{0.2})N$
B3_Nd0_2p10e19_rho5p0e13_AP3p4,rizk2025_refit_plot,rizk2025_refit_full,1775.0,1.3,50000000000000.0,1.3594746723628652e+22,2.2073840292494877e+25,7.732078301301657e+25,3.836969409676772e+22,1.1994494440568285e+19,2.490615160848615,133.4521198083897,0.24831149707834638,11.941172905087841,12.189484402166187,2.0601492875673695,14.249633689733557,2297134286053.127,5.742835715132817e+17,307.07982091697164,0.5,7232170.847540793,7229390.695132145,1.0003845624791754,891428217.1463088,891346055.7445537,16792558.685590573,16635179.742273645,1.0000921767715532,1.009460609729211,0.01272965540463197,20.669188333752132,72.40053407256902,6.9175479382742315,5.553561384105822,1.3639865541684102,7.387655767584906e+24,5.930974408275901e+24,1.4566813593090056e+24,1.0679587381981997e+26,1.0533919246051099e+26,1.3769122845628334,1.5581860054866964e+16,0.0017416796220865855,1.5517154734441557e-07,5.3158275722003146e-05,5.3158275722003146e-05,0.1605522328061587,0.1605522328061587,2.2324864297908704e+21,0.000124606426225461,1.8155987823124585e-17,1.4466570670705438e-18,1.4466570670705438e-17,1.4424583518951984e-12,1.7995675661038836e+19,50000000000000.0,50000000000000.0,0.0,0.02362545409004614,0.02845304843602138,1.4033548534354426e-05,4.941816169724696e-06,1.4033548534354426e-05,4.941816169724696e-06,1.4896650504090084e-27,1.2780608014653477e+19,5.979967401783587e+20,757.5686089273657,9.06555057292155e-20,-957436.4430538119,3.2227709403213217e+21,4.2761234248351183e+21,0.0,0.0,0.0,0.0,0.3333333333333333,0.3333333333333333,2.0,1.7264245535196902e-17,1.7908286029686076e-24,0.0,8.91742287927684e-19,,0.0,0.0,0.0,0.0,0.0,1.7264245535196902e-17,8.91742287927684e-19,9.86357019191045e-08,17.0,3.0865179299311796e-16,1.4424583518951983e-18,4.198715175345496e-21,,,1.4424583518951983e-18,4.198715175345496e-21,10.0,,7.978845608028655e-08,3.2312574248336765,46798532707817.15,0.000365789964235932,0.028087258471785448,0.000365789964235932,0.028087258471785448,0.02362545409004614,0.02845304843602138,False,False,1.0,1.2757126003977073,1.8396233850390615e-08,0.14679013513911915,0.7813962660435704,1.0,2.7482681587380573,2.7098910810512257e-07,0.49316735359319536,0.3202215815091023,0.13541463686123892,0.4924350936833492,0.002483114970783464,0.1194117290508784,True,AP3.4,130.0,8.3,7.498198192099515e+19,$(U_{0.8}Pu_{0.2})N$
B3_Nd0_2p10e19_rho5p0e13_AP3p4,rizk2025_refit_plot,rizk2025_refit_full,1800.0,1.3,50000000000000.0,9.333120814190277e+21,1.6779721495986627e+25,8.24732065996437e+25,2.6153611718820972e+22,1.0618441355802186e+19,2.5946380346292206,146.8591728840879,0.1913597616711485,14.08810617061301,14.279465932284158,2.103380840225628,16.382846772509787,2203677013634.276,5.50919253408569e+17,313.52378957903716,0.5,7083638.659732654,7080802.394551159,1.0004005570306096,855707131.2227068,855610674.9268566,15310264.109962014,15116522.559691848,1.0001127338621136,1.0128165422639448,0.008739214803314029,15.71195674122807,77.22508712161286,7.054216922355755,5.481095395903707,1.5731215264520477,7.533612603375439e+24,5.853583722953285e+24,1.6800288804221547e+24,1.0679587381981997e+26,1.0511584493939782e+26,1.465728103945091,1.1368887297485754e+16,0.0015615237367389441,1.2880726513852367e-07,9.378574081201434e-05,9.378574081201434e-05,0.19914318424395816,0.19914318424395816,2.115508575849302e+21,0.00019157888554139786,2.8109916689626407e-17,2.4025223904971453e-18,2.4025223904971453e-17,2.3978131732901632e-12,1.7995675661038836e+19,50000000000000.0,50000000000000.0,0.0,0.025891840917430037,0.0441142001204282,1.3823362855307116e-05,4.9153671095372e-06,1.3823362855307116e-05,4.9153671095372e-06,2.700604515010596e-27,1.1630690691539102e+19,9.633961382841489e+20,858.282606842958,1.005530716266478e-19,-977359.3729743601,3.3762925024793445e+21,4.4908524566129295e+21,0.0,0.0,0.0,0.0,0.3333333333333333,0.3333333333333333,2.0,2.721817440169872e-17,1.0491064501063835e-24,0.0,8.91742287927684e-19,,0.0,0.0,0.0,0.0,0.0,2.721817440169872e-17,8.91742287927684e-19,3.732157806406955e-08,17.0,4.77868583723649e-16,2.397813173290163e-18,4.7092172069822286e-21,,,2.397813173290163e-18,4.7092172069822286e-21,10.0,,7.978845608028655e-08,3.2312574248336765,46880931724262.56,0.0005516771720372657,0.043562522948390935,0.0005516771720372657,0.043562522948390935,0.025891840917430037,0.0441142001204282,False,False,1.0,1.2470269524597943,2.0903377911398484e-08,0.13415753230310695,0.7999710015104479,1.0,2.968862674462565,2.822115375435736e-07,0.5210192028839251,0.28918939513731784,0.12415099574607012,0.5203363968614633,0.001913597616711485,0.1408810617061301,True,AP3.4,130.0,8.3,7.498198192099515e+19,$(U_{0.8}Pu_{0.2})N$
B3_Nd0_2p10e19_rho5p0e13_ANP6,rizk2025_refit_plot,rizk2025_refit_full,900.0,3.2,50000000000000.0,1.6897753088728708e+23,2.0259056031052597e+26,4.3585161592540654e+25,8.748342022602079e+23,2.045016384417697e+19,1.7363709634871403,42.55705741382712,1.91841210988083,0.6602374806799873,2.5786495905608176,0.14058514938961214,2.7192347399504295,7674405524495.574,1.9186013811238935e+18,83.9418900020524,0.12481974583746487,1222322698430.6897,26446866.992698405,46218.05292733371,1281800500.8238742,1278528636.266522,186904868.1604142,52165260.82648527,1.0025590858620943,3.582937479831772,0.0642788147777815,77.06516383301582,16.579734088642514,6.290823263563881,6.290823263563881,0.0,1.653745150716076e+25,1.653745150716076e+25,0.0,2.6288215094111468e+26,2.6288215094111468e+26,1.0167034508487223,1.2233452220272286e+17,0.004337095879750467,4.692089530328264e-07,2.897094654226173e-07,2.897094654226173e-07,0.0071710030121953676,0.0071710030121953676,1.2666341753637398e+21,8.290747835052114e-06,9.229586270335752e-19,5.911994148657879e-25,5.911994148657879e-24,5.119872410101689e-28,1.8625632456264503e+19,50000000000000.0,50000000000000.0,0.0,0.019746035333294762,0.0014825293596866334,1.6387330219359965e-05,5.7397400310233225e-06,1.6387330219359965e-05,5.7397400310233225e-06,6.372310162026903e-30,5.974237068595719e+18,3.451037029797085e+18,0.0003076584772780902,1.0160538969055329e-21,-102614.83749568324,2.6552142523603993e+21,0.0,0.0,0.0,0.0,0.0,0.3333333333333333,0.3333333333333333,2.0,2.4966082885114063e-31,1.1115015552558786e-24,0.0,9.229586270333256e-19,,0.0,0.0,0.0,0.0,0.0,2.4966082885114063e-31,9.229586270333256e-19,1.2042810183467137e-06,17.0,1.5690296659570778e-17,5.119872410101689e-34,5.911994143538007e-25,,,5.119872410101689e-34,5.911994143538007e-25,10.0,,7.978845608028655e-08,3.2312574248336765,48259424553712.03,1.0143615123404764e-05,0.0014723857445632287,1.0143615123404764e-05,0.0014723857445632287,0.019746035333294762,0.0014825293596866334,False,False,1.0,1.7269263457198896,6.486569374692495e-09,0.3000589298717322,0.5634195622879162,1.0,1.378501142024349,2.2684961486292561e-07,0.18852344478063535,0.7205649971156792,0.26769934120365646,0.187600240864358,0.0191841210988083,0.006602374806799874,True,ANP6,125.0,8.0,7.76068019011021e+19,$(U_{0.8}Pu_{0.2})N$
B3_Nd0_2p10e19_rho5p0e13_ANP6,rizk2025_refit_plot,rizk2025_refit_full,925.0,3.2,50000000000000.0,1.6884775481675173e+23,2.0243867895727512e+26,4.374967296205382e+25,8.735328882733828e+23,2.0390273517853372e+19,1.7385784560356403,44.103209294269966,1.922873662681025,0.7326933344547394,2.6555669971357645,0.1405066406419458,2.79607363777771,7675117486389.576,1.918779371597394e+18,83.92366636862023,0.12477713005466311,473663582688.5053,26452609.80673834,17906.119137169135,1278956399.609999,1276905274.1295967,154848813.85169128,50336472.9126057,1.0016063254823662,3.0762746154372027,0.06422944814331401,77.00738838013432,16.64231398192329,6.28606818979908,6.28606818979908,0.0,1.6524951266969014e+25,1.6524951266969014e+25,0.0,2.6288215094111468e+26,2.628821509411147e+26,1.018560896147121,1.2214671674348024e+17,0.004333879759134443,4.660757270346978e-07,3.3840428822894676e-07,3.3840428822894676e-07,0.007956334208869724,0.007956334208869724,1.468331372000757e+21,8.790695468387456e-06,9.229586270347583e-19,1.005157781403788e-24,1.005157781403788e-23,3.600113810511962e-27,1.8625632456264503e+19,50000000000000.0,50000000000000.0,0.0,0.019739022538860247,0.0014810971400188201,1.6381095801611914e-05,5.708301959109857e-06,1.6381095801611914e-05,5.708301959109857e-06,7.463274396879411e-30,6.166664308575985e+18,4.2081890847953623e+18,0.0008153760832015788,1.0157355192312486e-21,-102606.71642680785,2.65359926236553e+21,0.0,0.0,0.0,0.0,0.0,0.3333333333333333,0.3333333333333333,2.0,1.4326320272288242e-30,7.928467239249499e-24,0.0,9.229586270333256e-19,,0.0,0.0,0.0,0.0,0.0,1.4326320272288242e-30,9.229586270333256e-19,8.590273720851104e-06,17.0,1.569029665959089e-17,3.600113810511962e-33,1.0051577778036742e-24,,,3.600113810511962e-33,1.0051577778036742e-24,10.0,,7.978845608028655e-08,3.2312574248336765,48201470932508.41,1.0479549270192e-05,0.0014706175907486282,1.0479549270192e-05,0.0014706175907486282,0.019739022538860247,0.0014810971400188201,False,False,1.0,1.7276350998077359,6.489789030968701e-09,0.3002502051050583,0.5631584982105948,1.0,1.3960294595860265,2.2707148509527585e-07,0.19514809505162498,0.7109937483108458,0.26790670541742523,0.1942260211959544,0.01922873662681025,0.007326933344547394,True,ANP6,125.0,8.0,7.76068019011021e+19,$(U_{0.8}Pu_{0.2})N$
B3_Nd0_2p10e19_rho5p0e13_ANP6,rizk2025_refit_plot,rizk2025_refit_full,950.0,3.2,50000000000000.0,1.68721256952409e+23,2.022903403319099e+26,4.391056885589682e+25,8.722431490777959e+23,2.032320039528541e+19,1.7407694211884603,45.726547633901724,1.9273026732507186,0.8139279244580296,2.741230597708748,0.14046859901265643,2.8816991967214047,7675455994980.092,1.9188639987450227e+18,83.91485802117961,0.12475644114846836,193074526491.5675,26455386.475654706,7298.11778290377,1276626355.4934096,1275298137.1216638,130690686.32668361,48549477.59830636,1.0010414963631513,2.691907159290273,0.06418132853386549,76.95096057595129,16.70351855335083,6.281339542164021,6.281339542164021,0.0,1.6512520496355544e+25,1.6512520496355544e+25,0.0,2.6288215094111468e+26,2.6288215094111468e+26,1.020649208104949,1.2196379568810291e+17,0.004330640369713522,4.628405108211079e-07,3.91282872630299e-07,3.91282872630299e-07,0.008837612867034097,0.008837612867034097,1.690156627875967e+21,9.338442702641958e-06,9.229586270408242e-19,1.654156910152138e-24,1.654156910152138e-23,2.2845010932250072e-26,1.8625632456264503e+19,50000000000000.0,50000000000000.0,0.0,0.019732037665873767,0.0014796127300525197,1.6374912690140013e-05,5.677506964080998e-06,1.6374912690140013e-05,5.677506964080998e-06,8.65214325657608e-30,6.36174051889956e+18,5.029632745155937e+18,0.002053070806576944,1.0157138645376086e-21,-102616.00902860328,2.652024930317791e+21,0.0,0.0,0.0,0.0,0.0,0.3333333333333333,0.3333333333333333,2.0,7.498646671560408e-30,4.1448101342312676e-23,0.0,9.229586270333256e-19,,0.0,0.0,0.0,0.0,0.0,7.498646671560408e-30,9.229586270333256e-19,4.490786491178152e-05,17.0,1.5690296659694012e-17,2.284501093225007e-32,1.6541568873071272e-24,,,2.284501093225007e-32,1.6541568873071272e-24,10.0,,7.978845608028655e-08,3.2312574248336765,48141405965235.29,1.0827709872493978e-05,0.0014687850201800256,1.0827709872493978e-05,0.0014687850201800256,0.019732037665873767,0.0014796127300525197,False,False,1.0,1.7283379746340035,6.492986374912819e-09,0.3004397767357554,0.5628997918298309,1.0,1.4147350679665855,2.273209990360222e-07,0.20207483558855815,0.7010135327013163,0.26811224011670565,0.2011539891108563,0.019273026732507186,0.008139279244580296,True,ANP6,125.0,8.0,7.76068019011021e+19,$(U_{0.8}Pu_{0.2})N$
B3_Nd0_2p10e19_rho5p0e13_ANP6,rizk2025_refit_plot,rizk2025_refit_full,975.0,3.2,50000000000000.0,1.6859756338082667e+23,2.0214876785419732e+26,4.406454375250179e+25,8.709734731882142e+23,2.0249340888175366e+19,1.7429567480736705,47.4032741564475,1.9317608836166775,0.9034924328771728,2.8352533164938505,0.1405214154918089,2.9757747319856596,7674956192647.447,1.918739048161862e+18,83.92719582313383,0.1247850029821378,82460202423.0942,26451497.374919746,3117.4115118821087,1274584193.5745144,1273697699.299516,112141829.30066499,46832208.101769894,1.0006960005309626,2.3945449904256577,0.06413427567343374,76.89710660480651,16.76209038717589,6.276668732344145,6.276668732344145,0.0,1.6500241771034687e+25,1.6500241771034687e+25,0.0,2.6288215094111468e+26,2.6288215094111464e+26,1.0229588153757143,1.2178506339990805e+17,0.004327350883654423,4.5954709170739977e-07,4.477147206512443e-07,4.477147206512443e-07,0.009810569837809462,0.009810569837809462,1.9300989954234135e+21,9.93747767677811e-06,9.229586270693807e-19,2.6424228814455974e-24,2.6424228814455972e-23,1.3186026336093777e-25,1.8625632456264503e+19,50000000000000.0,50000000000000.0,0.0,0.019725404806910377,0.0014781015134109113,1.6368744449921125e-05,5.6478431710926395e-06,1.6368744449921125e-05,5.6478431710926395e-06,9.925108111318084e-30,6.560918168216079e+18,5.904096528867401e+18,0.0049314834670351965,1.0163372520439197e-21,-102662.27147816343,2.6504855860357177e+21,0.0,0.0,0.0,0.0,0.0,0.3333333333333333,0.3333333333333333,2.0,3.605513394506346e-29,1.6519152081715012e-22,0.0,9.229586270333256e-19,,0.0,0.0,0.0,0.0,0.0,3.605513394506346e-29,9.229586270333256e-19,0.00017898041794318947,17.0,1.5690296660179473e-17,1.3186026336093777e-31,2.642422749585334e-24,,,1.3186026336093777e-31,2.642422749585334e-24,10.0,,7.978845608028655e-08,3.2312574248336765,48080256844272.5,1.1182141083945932e-05,0.0014669193723269654,1.1182141083945932e-05,0.0014669193723269654,0.019725404806910377,0.0014781015134109113,False,False,1.0,1.729045989077213,6.496140149387066e-09,0.300630616963879,0.5626393869246862,1.0,1.4343801426811373,2.2759703241849762e-07,0.20919662287076482,0.6907826253431638,0.268318812116031,0.20827709255270005,0.019317608836166775,0.009034924328771728,True,ANP6,125.0,8.0,7.76068019011021e+19,$(U_{0.8}Pu_{0.2})N$
B3_Nd0_2p10e19_rho5p0e13_ANP6,rizk2025_refit_plot,rizk2025_refit_full,1000.0,3.2,50000000000000.0,1.6847633618295726e+23,2.020160720315231e+26,4.42094164428007e+25,8.697305051908398e+23,2.01692173691877e+19,1.745147245631824,49.11202810413035,1.93628615733866,1.0007860947530482,2.937072252091708,0.14076869976113013,3.0778409518528385,7672666683619.241,1.9181666709048102e+18,83.98474957566606,0.12491893074232718,36769098179.7003,26433370.47757571,1391.010586822166,1272707583.0536296,1272098962.1688097,97659352.44161259,45202775.89215048,1.0004784383156655,2.1604724602448866,0.06408816101808897,76.8466293007373,16.817199754540795,6.2720827837038104,6.2720827837038104,0.0,1.648818613060792e+25,1.648818613060792e+25,0.0,2.6288215094111468e+26,2.6288215094111468e+26,1.025476275645182,1.216100228262698e+17,0.004323999333888015,4.562288553623374e-07,5.069803676176871e-07,5.069803676176871e-07,0.010869385196678648,0.010869385196678648,2.185800502363123e+21,1.0590525892468658e-05,9.229586271935955e-19,4.1078364398687146e-24,4.107836439868715e-23,6.972208708889678e-25,1.8625632456264503e+19,50000000000000.0,50000000000000.0,0.0,0.019719345019414015,0.0014765857865685307,1.6362571878665544e-05,5.619632733887651e-06,1.6362571878665544e-05,5.619632733887651e-06,1.1266158669956599e-29,6.764608708843326e+18,6.818825460315351e+18,0.011343261143075689,1.0183316877910035e-21,-102786.65114978816,2.6489771843129526e+21,0.0,0.0,0.0,0.0,0.0,0.3333333333333333,0.3333333333333333,2.0,1.6026995865756309e-28,5.19276648232866e-22,0.0,9.229586270333256e-19,,0.0,0.0,0.0,0.0,0.0,1.6026995865756309e-28,9.229586270333256e-19,0.000562621804415882,17.0,1.5690296662291124e-17,6.972208708889678e-31,4.1078357426478436e-24,,,6.972208708889678e-31,4.1078357426478436e-24,10.0,,7.978845608028655e-08,3.2312574248336765,48018925814273.15,1.153761195255494e-05,0.0014650481746159758,1.153761195255494e-05,0.0014650481746159758,0.019719345019414015,0.0014765857865685307,False,False,1.0,1.7297659420401934,6.499233529465049e-09,0.300824554230046,0.5623747897066455,1.0,1.4547382292146278,2.2789799885923121e-07,0.21641804183386126,0.6804410981473452,0.2685281667322489,0.21549990721069848,0.0193628615733866,0.010007860947530483,True,ANP6,125.0,8.0,7.76068019011021e+19,$(U_{0.8}Pu_{0.2})N$
B3_Nd0_2p10e19_rho5p0e13_ANP6,rizk2025_refit_plot,rizk2025_refit_full,1025.0,3.2,50000000000000.0,1.6835728583893515e+23,2.0189346731467374e+26,4.434391970910294e+25,8.685188317659926e+23,2.0083452382806634e+19,1.7473442994542194,50.83424010390938,1.9409006758869782,1.105085773232879,3.045986449119857,0.14141606084432432,3.1874025099641816,7666714547270.411,1.9166786368176028e+18,84.13505634356626,0.12526920938218558,17061877154.231003,26386147.421529144,646.6225205847888,1270928512.5605686,1270499466.3578403,86181280.86776097,43671352.13317121,1.0003376988452881,1.9734053712136093,0.06404287443488203,76.79999063911254,16.86836460762067,6.267601878831949,6.267601878831949,0.0,1.6476406631499146e+25,1.6476406631499146e+25,0.0,2.6288215094111468e+26,2.6288215094111475e+26,1.028184938377207,1.2143824837671523e+17,0.004320582854412179,4.529109833149224e-07,5.682915503156771e-07,5.682915503156771e-07,0.012006966917789984,0.012006966917789984,2.45462570366739e+21,1.1299107642996994e-05,9.22958627695745e-19,6.228609020264905e-24,6.228609020264905e-23,3.398959714178951e-24,1.8625632456264503e+19,50000000000000.0,50000000000000.0,0.0,0.019713998460799097,0.0014750843852578048,1.635638546419409e-05,5.593062238086389e-06,1.635638546419409e-05,5.593062238086389e-06,1.2657558284576168e-29,6.972317447039038e+18,7.760051664494786e+18,0.025078830568617975,1.0231464739119744e-21,-103071.23934493765,2.647496228084044e+21,0.0,0.0,0.0,0.0,0.0,0.3333333333333333,0.3333333333333333,2.0,6.624193185834588e-28,1.3258494972592796e-21,0.0,9.229586270333256e-19,,0.0,0.0,0.0,0.0,0.0,6.624193185834588e-28,9.229586270333256e-19,0.0014365210503198725,17.0,1.5690296670827666e-17,3.398959714178951e-30,6.228605621305191e-24,,,3.398959714178951e-30,6.228605621305191e-24,10.0,,7.978845608028655e-08,3.2312574248336765,47958175046092.58,1.1889704077877995e-05,0.0014631946811799268,1.1889704077877995e-05,0.0014631946811799268,0.019713998460799097,0.0014750843852578048,False,False,1.0,1.7305018263130798,6.502254705610693e-09,0.3010226571360931,0.5621045441664226,1.0,1.4755998838966584,2.2822192843819457e-07,0.22365689870670397,0.6701085802974259,0.2687413144889203,0.2227402294116164,0.019409006758869782,0.011050857732328789,True,ANP6,125.0,8.0,7.76068019011021e+19,$(U_{0.8}Pu_{0.2})N$
B3_Nd0_2p10e19_rho5p0e13_ANP6,rizk2025_refit_plot,rizk2025_refit_full,1050.0,3.2,50000000000000.0,1.6824013983903313e+23,2.017814920370452e+26,4.446748105518883e+25,8.673412134303913e+23,1.9992742646423732e+19,1.749549333764149,52.55415170253354,1.945616193200502,1.2155758855658587,3.1611920787663608,0.14285782014125661,3.3040498989076177,7653564935674.855,1.9133912339187139e+18,84.46833333071592,0.1260470495794371,8214091553.085747,26282038.634621944,312.53631680858774,1269208269.6852822,1268898199.7573502,76962160.53353108,42242143.16245881,1.0002443615476728,1.8219284054206901,0.06399831226149649,76.75739540119787,16.9153671696598,6.26323911688084,6.26323911688084,0.0,1.6464937709041629e+25,1.6464937709041629e+25,0.0,2.6288215094111468e+26,2.6288215094111468e+26,1.0310656214327567,1.2126934043842918e+17,0.004317104072701707,4.496126077589715e-07,6.308145571177237e-07,6.308145571177237e-07,0.013215229156585446,0.013215229156585446,2.733735260415846e+21,1.2063546478282764e-05,9.229586295923071e-19,9.230255568932457e-24,9.230255568932457e-23,1.5366002896313798e-23,1.8625632456264503e+19,50000000000000.0,50000000000000.0,0.0,0.019709444366970474,0.0014736126847799073,1.6350181237221385e-05,5.568215350876874e-06,1.6350181237221385e-05,5.568215350876874e-06,1.4080394865751948e-29,7.182888147572473e+18,8.713487992269257e+18,0.053503611119915875,1.0335702919224847e-21,-103672.40488260912,2.6460393958618033e+21,0.0,0.0,0.0,0.0,0.0,0.3333333333333333,0.3333333333333333,2.0,2.558981501392922e-27,2.8205305937173354e-21,0.0,9.229586270333256e-19,,0.0,0.0,0.0,0.0,0.0,2.558981501392922e-27,9.229586270333256e-19,0.0030559664358555606,17.0,1.569029670306922e-17,1.5366002896313797e-29,9.230240202929561e-24,,,1.5366002896313797e-29,9.230240202929561e-24,10.0,,7.978845608028655e-08,3.2312574248336765,47898626618069.42,1.223481166360262e-05,0.0014613778731163045,1.223481166360262e-05,0.0014613778731163045,0.019709444366970474,0.0014736126847799073,False,False,1.0,1.7312557508358006,6.505196357279877e-09,0.3012254847439997,0.5618278900604508,1.0,1.4967752844461617,2.2856654791402267e-07,0.2308442902778974,0.6598843052426164,0.2689587787197779,0.22992914550703514,0.01945616193200502,0.012155758855658588,True,ANP6,125.0,8.0,7.76068019011021e+19,$(U_{0.8}Pu_{0.2})N$
B3_Nd0_2p10e19_rho5p0e13_ANP6,rizk2025_refit_plot,rizk2025_refit_full,1075.0,3.2,50000000000000.0,1.681246346052975e+23,2.0168020241250894e+26,4.458002659279313e+25,8.661989619941027e+23,1.989783327457131e+19,1.7517626452926978,54.25865485499785,1.9504375606412803,1.3313782728835997,3.28181583352488,0.14582675171394777,3.4276425852388277,7626825409647.203,1.9067063524118008e+18,85.14875616148039,0.12763843904402006,4090927446.0691776,26072019.13542789,156.90873134218563,1267524391.2795734,1267294976.2717803,69468956.3799791,40915131.52938978,1.0001810273157306,1.697879336647832,0.06395437423324996,76.71886497067088,16.958179333666138,6.2590013214297855,6.2590013214297855,0.0,1.6453797301207409e+25,1.6453797301207409e+25,0.0,2.6288215094111468e+26,2.6288215094111478e+26,1.0340972978013863,1.2110291382264954e+17,0.004313568789753296,4.463485917946759e-07,6.9369628317415e-07,6.9369628317415e-07,0.014485371086859922,0.014485371086859922,3.0201648834330776e+21,1.2882829322788041e-05,9.229586363166182e-19,1.339269735187341e-23,1.339269735187341e-22,6.475908336901747e-23,1.8625632456264503e+19,50000000000000.0,50000000000000.0,0.0,0.01970571795994825,0.0014721828142032537,1.6343958408634887e-05,5.545101998960294e-06,1.6343958408634887e-05,5.545101998960294e-06,1.551519377437945e-29,7.394868536996688e+18,9.664832100926618e+18,0.1106384657227439,1.0548045863676144e-21,-104873.94614482019,2.644603453604576e+21,0.0,0.0,0.0,0.0,0.0,0.3333333333333333,0.3333333333333333,2.0,9.283292620781236e-27,5.111146223267797e-21,0.0,9.229586270333256e-19,,0.0,0.0,0.0,0.0,0.0,9.283292620781236e-27,9.229586270333256e-19,0.005537784709036987,17.0,1.569029681738251e-17,6.475908336901747e-29,1.3392632592790043e-23,,,6.475908336901747e-29,1.3392632592790043e-23,10.0,,7.978845608028655e-08,3.2312574248336765,47840771078428.54,1.2570091824587225e-05,0.0014596127223786665,1.2570091824587225e-05,0.0014596127223786665,0.01970571795994825,0.0014721828142032537,False,False,1.0,1.7320285687353199,6.508054752865509e-09,0.30143325692019163,0.5615445301774845,1.0,1.5180950635115404,2.2892936215574796e-07,0.2379238364155262,0.6498484121322897,0.2691807614231881,0.23701026458202204,0.019504375606412803,0.013313782728835996,True,ANP6,125.0,8.0,7.76068019011021e+19,$(U_{0.8}Pu_{0.2})N$
B3_Nd0_2p10e19_rho5p0e13_ANP6,rizk2025_refit_plot,rizk2025_refit_full,1100.0,3.2,50000000000000.0,1.6801051575321214e+23,2.015893290898887e+26,4.4681821331549954e+25,8.650923165541257e+23,1.979949264646242e+19,1.7539838943895287,55.93705457939363,1.9553651372537753,1.4515815995956791,3.406946736849455,0.1516474382370251,3.55859417508648,7575429631865.644,1.8938574079664108e+18,86.46156902652925,0.13071774773052294,2101678901.685828,25676147.506863207,81.8533583016709,1265863649.161832,1265690071.101062,63313847.7689926,39687466.862400986,1.0001371410464008,1.5953108821106121,0.06391096358263072,76.68429688672339,16.99690190893129,6.254890240762677,6.254890240762677,0.0,1.6442990003922792e+25,1.6442990003922792e+25,0.0,2.6288215094111468e+26,2.6288215094111464e+26,1.037257787512316,1.2093859871461794e+17,0.004309984463978323,4.4313083007232324e-07,7.560920030661116e-07,7.560920030661116e-07,0.01580815611353124,0.01580815611353124,3.3109086904431285e+21,1.3754907587065778e-05,9.229586587946777e-19,1.9057338427981425e-23,1.9057338427981425e-22,2.556484784617257e-22,1.8625632456264503e+19,50000000000000.0,50000000000000.0,0.0,0.019702823936291563,0.0014708039782131634,1.6337717979989738e-05,5.5236819381646315e-06,1.6337717979989738e-05,5.5236819381646315e-06,1.694256928266459e-29,7.606882345278404e+18,1.060026332513746e+19,0.22299835546498228,1.0963182401855347e-21,-107161.5940793483,2.643185277737267e+21,0.0,0.0,0.0,0.0,0.0,0.3333333333333333,0.3333333333333333,2.0,3.1761352235744896e-26,8.043227546416823e-21,0.0,9.229586270333256e-19,,0.0,0.0,0.0,0.0,0.0,3.1761352235744896e-26,9.229586270333256e-19,0.008714613021693452,17.0,1.569029719950952e-17,2.556484784617257e-28,1.9057082779502963e-23,,,2.556484784617257e-28,1.9057082779502963e-23,10.0,,7.978845608028655e-08,3.2312574248336765,47784980145844.34,1.2893390948561156e-05,0.0014579105872646022,1.2893390948561156e-05,0.0014579105872646022,0.019702823936291563,0.0014708039782131634,False,False,1.0,1.7328203116035619,6.510828840703348e-09,0.3016459720490783,0.5612544695334555,1.0,1.5394102310442823,2.2930773624489334e-07,0.24485053766286438,0.640063806998433,0.26940725647662883,0.24393857629247484,0.019553651372537752,0.01451581599595679,True,ANP6,125.0,8.0,7.76068019011021e+19,$(U_{0.8}Pu_{0.2})N$
B3_Nd0_2p10e19_rho5p0e13_ANP6,rizk2025_refit_plot,rizk2025_refit_full,1125.0,3.2,50000000000000.0,1.6789753961123244e+23,2.015083955369299e+26,4.477334751912458e+25,8.640207549993911e+23,1.969848821602448e+19,1.7562124037780595,57.58081810843904,1.9603964381236114,1.5752699898331928,3.5356664279568046,0.16265983378174256,3.698326261738547,7481296028311.847,1.8703240070779615e+18,88.87542093306146,0.1364021588819158,1110512964.15401,24978784.64814297,44.45824645982407,1264218173.209374,1264083999.8762197,58210022.439052425,38554506.047815904,1.0001061427351088,1.509811132500555,0.06386798761732641,76.65350987715692,17.031718341787975,6.2509037934377885,6.2509037934377885,0.0,1.643251034544899e+25,1.643251034544899e+25,0.0,2.6288215094111468e+26,2.6288215094111468e+26,1.040524451661944,1.2077604466302907e+17,0.004306359200544512,4.399690910844929e-07,8.171937073336464e-07,8.171937073336464e-07,0.01717419147173667,0.01717419147173667,3.603004998422227e+21,1.4677053809713675e-05,9.229587299187473e-19,2.6634018997210715e-23,2.6634018997210716e-22,9.494708146321283e-22,1.8625632456264503e+19,50000000000000.0,50000000000000.0,0.0,0.01970074677298837,0.0014694828271767872,1.6331461899443888e-05,5.503882559932642e-06,1.6331461899443888e-05,5.503882559932642e-06,1.8343888292494805e-29,7.817881785391525e+18,1.1506913870709418e+19,0.4413494533049328,1.1750711752192715e-21,-111304.77826936041,2.6417819130818577e+21,0.0,0.0,0.0,0.0,0.0,0.3333333333333333,0.3333333333333333,2.0,1.028854216590493e-25,1.117844112518055e-20,0.0,9.229586270333256e-19,,0.0,0.0,0.0,0.0,0.0,1.028854216590493e-25,9.229586270333256e-19,0.012111528677089001,17.0,1.5690298408618703e-17,9.494708146321284e-28,2.663306952639608e-23,,,9.494708146321284e-28,2.663306952639608e-23,10.0,,7.978845608028655e-08,3.2312574248336765,47731520757256.94,1.3203163391337302e-05,0.0014562796637854498,1.3203163391337302e-05,0.0014562796637854498,0.01970074677298837,0.0014694828271767872,False,False,1.0,1.7336304886820204,6.513519490203097e-09,0.3018634880734906,0.5609579046797583,1.0,1.560591743959876,2.2969897792918672e-07,0.2515895431962407,0.630578154381234,0.26963812691999123,0.25067921909889984,0.019603964381236114,0.015752699898331928,True,ANP6,125.0,8.0,7.76068019011021e+19,$(U_{0.8}Pu_{0.2})N$
B3_Nd0_2p10e19_rho5p0e13_ANP6,rizk2025_refit_plot,rizk2025_refit_full,1150.0,3.2,50000000000000.0,1.6778547136318537e+23,2.0143680249563268e+26,4.485521720441892e+25,8.629832180859852e+23,1.9595563200067756e+19,1.7584473496217028,59.1833493349659,1.9655272444886678,1.7015510269411191,3.667078271429787,0.18292143910799902,3.849999710537786,7317365219620.8955,1.829341304905224e+18,93.10731477583612,0.14642101002197466,601745139.5597762,23843454.24787345,25.237330686406086,1262583250.4211745,1262477378.3972502,53942055.27173714,37510550.263643324,1.0000838605314724,1.4380502256726388,0.06382535701359547,76.62627598507223,17.06286145477653,6.247037203137637,6.247037203137637,0.0,1.642234576969987e+25,1.642234576969987e+25,0.0,2.6288215094111468e+26,2.6288215094111464e+26,1.0438748951504375,1.2061492292434662e+17,0.004302701039488345,4.3687146843556816e-07,8.762578329779023e-07,8.762578329779023e-07,0.01857421179275437,0.01857421179275437,3.893622582587849e+21,1.56460888109441e-05,9.22958943709223e-19,3.660792762206921e-23,3.660792762206921e-22,3.330768464716398e-21,1.8625632456264503e+19,50000000000000.0,50000000000000.0,0.0,0.019699458510922346,0.0014682238570244185,1.6325192522660466e-05,5.4856116367201e-06,1.6325192522660466e-05,5.4856116367201e-06,1.9701920013443634e-29,8.027233914103694e+18,1.2373297074132756e+19,0.8662221933526987,1.321260722559293e-21,-118390.33521874083,2.640390642813836e+21,0.0,0.0,0.0,0.0,0.0,0.3333333333333333,0.3333333333333333,2.0,3.1667589742037936e-25,1.392433705843146e-20,0.0,9.229586270333256e-19,,0.0,0.0,0.0,0.0,0.0,3.1667589742037936e-25,9.229586270333256e-19,0.015086626716538222,17.0,1.569030204305679e-17,3.330768464716398e-27,3.6604596853604494e-23,,,3.330768464716398e-27,3.6604596853604494e-23,10.0,,7.978845608028655e-08,3.2312574248336765,47680568737362.85,1.3498392755128815e-05,0.0014547254642692897,1.3498392755128815e-05,0.0014547254642692897,0.019699458510922346,0.0014682238570244185,False,False,1.0,1.7344582888722977,6.516128943549494e-09,0.3020855771775596,0.5606551490228515,1.0,1.581530105434302,2.3010042126646973e-07,0.25811500412566507,0.6214257376326363,0.26987315690305796,0.25720633386491853,0.019655272444886678,0.017015510269411192,True,ANP6,125.0,8.0,7.76068019011021e+19,$(U_{0.8}Pu_{0.2})N$
B3_Nd0_2p10e19_rho5p0e13_ANP6,rizk2025_refit_plot,rizk2025_refit_full,1175.0,3.2,50000000000000.0,1.676740736717801e+23,2.0137388388492584e+26,4.492811374391549e+25,8.61978234019866e+23,1.9491413355418108e+19,1.760687899335926,60.73981707264705,1.9707523233250681,1.8295841106558994,3.8003364339809678,0.2193478159023021,4.01968424988327,7048072457433.649,1.7620181143584123e+18,100.16165546495537,0.1632128735324516,333476575.53569907,22164170.40727462,15.045750389387322,1260956036.2298787,1260870822.612748,50345680.7205566,36549336.283723064,1.0000675831461896,1.377471818632658,0.06378298148866672,76.60234183416789,17.090591195740533,6.243283988602933,6.243283988602933,0.0,1.6412479238601606e+25,1.6412479238601606e+25,0.0,2.6288215094111468e+26,2.628821509411147e+26,1.0472877067596948,1.2045492316575462e+17,0.004299017365025521,4.338445013501679e-07,9.326311646466659e-07,9.326311646466659e-07,0.019999379067227714,0.019999379067227714,4.180146088530295e+21,1.665871838299377e-05,9.229595562117292e-19,4.954703152658314e-23,4.954703152658314e-22,1.1076769180051558e-20,1.8625632456264503e+19,50000000000000.0,50000000000000.0,0.0,0.019698925070667242,0.0014670298685712604,1.631891222475574e-05,5.468765912100924e-06,1.631891222475574e-05,5.468765912100924e-06,2.1001444320708128e-29,8.2346781338426e+18,1.3189675882893574e+19,1.7070654566435117,1.5890645295665826e-21,-129672.04395388038,2.639009075220533e+21,0.0,0.0,0.0,0.0,0.0,0.3333333333333333,0.3333333333333333,2.0,9.291784035179553e-25,1.5748113098161132e-20,0.0,9.229586270333256e-19,,0.0,0.0,0.0,0.0,0.0,9.291784035179553e-25,9.229586270333256e-19,0.01706262532542485,17.0,1.5690312455599397e-17,1.1076769180051557e-26,4.953595475740309e-23,,,1.1076769180051557e-26,4.953595475740309e-23,10.0,,7.978845608028655e-08,3.2312574248336765,47632220913875.305,1.3778523167697985e-05,0.0014532513454035623,1.3778523167697985e-05,0.0014532513454035623,0.019698925070667242,0.0014670298685712604,False,False,1.0,1.7353027106860377,6.518660511590314e-09,0.30231196094923235,0.5603465848067463,1.0,1.6021353364888358,2.3050951494427564e-07,0.26440913718535203,0.6126290053818425,0.2701120853027861,0.2635021278679564,0.01970752323325068,0.018295841106558994,True,ANP6,125.0,8.0,7.76068019011021e+19,$(U_{0.8}Pu_{0.2})N$
B3_Nd0_2p10e19_rho5p0e13_ANP6,rizk2025_refit_plot,rizk2025_refit_full,1200.0,3.2,50000000000000.0,1.6756307329818673e+23,2.0131893831254164e+26,4.499275793944788e+25,8.610039186583871e+23,1.938666180985155e+19,1.7629333429540273,62.24706798182865,1.976065849682809,1.9586116922854717,3.9346775419682802,0.28346740087432887,4.218144942842609,6635576273245.607,1.6588940683114017e+18,111.31542135084293,0.18978871166536504,188665861.19386476,19943328.36420773,9.46009902401563,1259334759.3132284,1259264854.7222424,47293689.013602965,35664330.417106055,1.0000555122226462,1.3260781419554986,0.06374075710287408,76.58144061581301,17.11518175668237,6.239636870401764,6.239636870401764,0.0,1.6402891615827008e+25,1.6402891615827008e+25,0.0,2.6288215094111468e+26,2.628821509411147e+26,1.0507433059007572,1.2029573775699856e+17,0.004295314219830457,4.3089298167499243e-07,9.857733539498163e-07,9.857733539498163e-07,0.021441628141113042,0.021441628141113042,4.4602600440947896e+21,1.771171474885057e-05,9.229612338152461e-19,6.611179243465562e-23,6.611179243465562e-22,3.503783313863259e-20,1.8625632456264503e+19,50000000000000.0,50000000000000.0,0.0,0.019699112814960344,0.001465902596338325,1.6312623031798464e-05,5.453236312672103e-06,1.6312623031798464e-05,5.453236312672103e-06,2.2229784306288776e-29,8.440224265730308e+18,1.3948350444973785e+19,3.4260385256863772,2.0779094206486227e-21,-146049.1235426043,2.637635290863885e+21,0.0,0.0,0.0,0.0,0.0,0.3333333333333333,0.3333333333333333,2.0,2.6067819204802983e-24,1.635620778320907e-20,0.0,9.229586270333256e-19,,0.0,0.0,0.0,0.0,0.0,2.6067819204802983e-24,9.229586270333256e-19,0.017721446127913074,17.0,1.5690340974859185e-17,3.503783313863259e-26,6.607675460151699e-23,,,3.503783313863259e-26,6.607675460151699e-23,10.0,,7.978845608028655e-08,3.2312574248336765,47586504644325.64,1.4043407969198487e-05,0.0014518591883691265,1.4043407969198487e-05,0.0014518591883691265,0.019699112814960344,0.001465902596338325,False,False,1.0,1.736162635167482,6.521118580008039e-09,0.30254233013109627,0.5600326361362788,1.0,1.6223377606895877,2.309239236622912e-07,0.27046162542229935,0.6041996269603676,0.2703546254561829,0.26955627585007713,0.01976065849682809,0.019586116922854717,True,ANP6,125.0,8.0,7.76068019011021e+19,$(U_{0.8}Pu_{0.2})N$
B3_Nd0_2p10e19_rho5p0e13_ANP6,rizk2025_refit_plot,rizk2025_refit_full,1225.0,3.2,50000000000000.0,1.674520785034952e+23,2.0127123746928897e+26,4.504989708998352e+25,8.60057785479932e+23,1.92818279258147e+19,1.765183278885843,63.70366926674922,1.9814615776084006,2.087998373677752,4.069459951286153,0.3938784097680119,4.4633383610541655,6053923663568.131,1.5134809158920325e+18,128.0724116841549,0.22920768710385023,108930242.51660901,17333943.9056933,6.284215704703596,1257718167.1634965,1257659771.965,44685835.17461033,34848856.04790039,1.0000464316342133,1.2822755247170474,0.06369853483928785,76.56329528221698,17.136917409076833,6.236088773866887,6.236088773866887,0.0,1.6393564303338655e+25,1.6393564303338655e+25,0.0,2.6288215094111468e+26,2.628821509411146e+26,1.054225033299307,1.2013701926858595e+17,0.004291595164373839,4.2801939108217046e-07,1.0352735017902038e-06,1.0352735017902038e-06,0.022894114984128456,0.022894114984128456,4.732030765513261e+21,1.8802378254637692e-05,9.229656387498668e-19,8.707186635561624e-23,8.707186635561624e-22,1.057421518979397e-19,1.8625632456264503e+19,50000000000000.0,50000000000000.0,0.0,0.019699998486896558,0.0014648437768982826,1.6306326101837905e-05,5.438910276865159e-06,1.6306326101837905e-05,5.438910276865159e-06,2.3377206168426728e-29,8.644047196689551e+18,1.464382843916759e+19,7.101136593802266,2.977198880950347e-21,-167172.86012686437,2.636268129518606e+21,0.0,0.0,0.0,0.0,0.0,0.3333333333333333,0.3333333333333333,2.0,7.011716541319382e-24,1.5757510302933402e-20,0.0,9.229586270333256e-19,,0.0,0.0,0.0,0.0,0.0,7.011716541319382e-24,9.229586270333256e-19,0.017072694411762224,17.0,1.5690415858747737e-17,1.057421518979397e-25,8.696612420371831e-23,,,1.057421518979397e-25,8.696612420371831e-23,10.0,,7.978845608028655e-08,3.2312574248336765,47543383537003.625,1.4293286041129581e-05,0.001450550490857153,1.4293286041129581e-05,0.001450550490857153,0.019699998486896558,0.0014648437768982826,False,False,1.0,1.7370368467364379,6.523509095862356e-09,0.3027763503534393,0.5597137611223563,1.0,1.6420902908056099,2.313416591721856e-07,0.2762695303435363,0.5961388201853546,0.27060047324825687,0.27536583261785486,0.019814615776084007,0.020879983736777522,True,ANP6,125.0,8.0,7.76068019011021e+19,$(U_{0.8}Pu_{0.2})N$
B3_Nd0_2p10e19_rho5p0e13_ANP6,rizk2025_refit_plot,rizk2025_refit_full,1250.0,3.2,50000000000000.0,1.6734038937355376e+23,2.0123000802086152e+26,4.5100319390720065e+25,8.591362135573829e+23,1.9177283229264134e+19,1.7674379597860062,65.11015216192803,1.9869327556801173,2.2172865498910177,4.204219305571135,0.5793732885911211,4.783592594162256,5306976899774.555,1.3267442249436385e+18,152.18935144952945,0.28372446966346054,64249471.47103334,14587091.533379842,4.404542970338563,1256105021.7713568,1256055403.6469762,42441355.895552956,34096065.302979045,1.0000395031335692,1.2447581713144116,0.06365604845155039,76.54761165809877,17.156097981267084,6.232634312182627,6.232634312182627,0.0,1.638448314015964e+25,1.638448314015964e+25,0.0,2.6288215094111468e+26,2.6288215094111478e+26,1.0577207271896545,1.1997828057122586e+17,0.004287858989908534,4.2522280515347094e-07,1.0808558659712666e-06,1.0808558659712666e-06,0.02435186824774111,0.02435186824774111,4.993982188184042e+21,1.9929102351679004e-05,9.229767552555075e-19,1.1334130523459807e-22,1.1334130523459808e-21,3.0533079764031823e-19,1.8625632456264503e+19,50000000000000.0,50000000000000.0,0.0,0.019701588677288315,0.0014638572536293996,1.630002076089093e-05,5.425671352642295e-06,1.630002076089093e-05,5.425671352642295e-06,2.4437075988141176e-29,8.846406135980208e+18,1.52728048671458e+19,15.386364859281882,4.666213795227378e-21,-190735.87586603343,2.6349078070669324e+21,0.0,0.0,0.0,0.0,0.0,0.3333333333333333,0.3333333333333333,2.0,1.8128222181985484e-23,1.4206355952567515e-20,0.0,9.229586270333256e-19,,0.0,0.0,0.0,0.0,0.0,1.8128222181985484e-23,9.229586270333256e-19,0.015391889201624338,17.0,1.5690604839343627e-17,3.0533079764031822e-25,1.1303597443695776e-22,,,3.0533079764031822e-25,1.1303597443695776e-22,10.0,,7.978845608028655e-08,3.2312574248336765,47502757714771.21,1.4528802212726098e-05,0.0014493284514166735,1.4528802212726098e-05,0.0014493284514166735,0.019701588677288315,0.0014638572536293996,False,False,1.0,1.737923994368022,6.525840923687756e-09,0.3030136518908437,0.5593904657981125,1.0,1.661373318123784,2.3176127020901248e-07,0.28183798035562074,0.5884365978930474,0.27084930351100595,0.2809359221127553,0.019869327556801174,0.022172865498910177,True,ANP6,125.0,8.0,7.76068019011021e+19,$(U_{0.8}Pu_{0.2})N$
B3_Nd0_2p10e19_rho5p0e13_ANP6,rizk2025_refit_plot,rizk2025_refit_full,1275.0,3.2,50000000000000.0,1.672265826040601e+23,2.011943764339739e+26,4.514490230618365e+25,8.582332564493586e+23,1.9073183578211656e+19,1.769699001885777,66.46956140120615,1.992471722492467,2.34628215453528,4.338753877027747,0.8829428930474216,5.221696770075168,4438235020352.026,1.1095587550880065e+18,185.8893957020371,0.3539978221514189,38758322.7880284,11942585.490774566,3.2453879285995906,1254493437.559707,1254450614.276431,40493129.98360415,33398746.03053596,1.0000341370818338,1.2124146800775666,0.06361275651670953,76.53405745262684,17.17305725952313,6.229272531333354,6.229272531333354,0.0,1.6375645618353142e+25,1.6375645618353142e+25,0.0,2.6288215094111468e+26,2.6288215094111475e+26,1.0612251677348261,1.1981867474601813e+17,0.004284094917093242,4.22496957956552e-07,1.1223648033983555e-06,1.1223648033983555e-06,0.02581280326753273,0.02581280326753273,5.245150494210633e+21,2.109249797784883e-05,9.230037822986944e-19,1.4605900990819512e-22,1.4605900990819512e-21,8.457331924393166e-19,1.8625632456264503e+19,50000000000000.0,50000000000000.0,0.0,0.01970396113566627,0.0014629533685507248,1.6293702528317497e-05,5.41339588536129e-06,1.6293702528317497e-05,5.41339588536129e-06,2.5405550899064315e-29,9.047594945745547e+18,1.5833802277726611e+19,35.21807767106553,7.952047277263621e-21,-212880.68238568585,2.6335572355310504e+21,0.0,0.0,0.0,0.0,0.0,0.3333333333333333,0.3333333333333333,2.0,4.5155265368944576e-23,1.2079846732221998e-20,0.0,9.229586270333256e-19,,0.0,0.0,0.0,0.0,0.0,4.5155265368944576e-23,9.229586270333256e-19,0.013087537628651693,17.0,1.5691064299077806e-17,8.457331924393166e-25,1.452132767157558e-22,,,8.457331924393166e-25,1.452132767157558e-22,10.0,,7.978845608028655e-08,3.2312574248336765,47464456449705.75,1.4751098599500704e-05,0.0014482022699512241,1.4751098599500704e-05,0.0014482022699512241,0.01970396113566627,0.0014629533685507248,False,False,1.0,1.738822467448635,6.528128883460048e-09,0.30325379667120184,0.5590633490048457,1.0,1.680203848283177,2.3218213772912366e-07,0.28718201705058594,0.5810694290333498,0.27110075194680405,0.2862815846426165,0.01992471722492467,0.0234628215453528,True,ANP6,125.0,8.0,7.76068019011021e+19,$(U_{0.8}Pu_{0.2})N$
B3_Nd0_2p10e19_rho5p0e13_ANP6,rizk2025_refit_plot,rizk2025_refit_full,1300.0,3.2,50000000000000.0,1.6710763704672194e+23,2.011632553177849e+26,4.518471247636904e+25,8.573381696572577e+23,1.896936325246712e+19,1.7719708527217155,67.78844041115552,1.9980690393481881,2.475188561785,4.473257601133188,1.3681408789885063,5.841398480121695,3522138031649.084,8.80534507912271e+17,232.3389336195879,0.4388654765707628,23902234.908105426,9555006.409880662,2.5015404367901364,1252879749.1222396,1252842278.1842716,38782831.43784981,32748946.376920465,1.0000299087431999,1.1842466927480046,0.06356750979420961,76.52221902385654,17.188200992196833,6.226012474152431,6.226012474152431,0.0,1.6367075509914021e+25,1.6367075509914021e+25,0.0,2.6288215094111468e+26,2.6288215094111468e+26,1.0647439093747195,1.1965653083623154e+17,0.004280272610782133,4.1982700461025686e-07,1.1597096882890723e-06,1.1597096882890723e-06,0.027279314583032323,0.027279314583032323,5.485072974862433e+21,2.2297375514462455e-05,9.23067223883602e-19,1.8677388802971109e-22,1.8677388802971108e-21,2.2525702314749626e-18,1.8625632456264503e+19,50000000000000.0,50000000000000.0,0.0,0.01970735224300799,0.0014621581602234882,1.6287359034824835e-05,5.401946465279188e-06,1.6287359034824835e-05,5.401946465279188e-06,2.6280368866917405e-29,9.247919553922847e+18,1.632618266354784e+19,86.15263925368654,1.468799477593997e-20,-229977.22432389724,2.6322247804764606e+21,0.0,0.0,0.0,0.0,0.0,0.3333333333333333,0.3333333333333333,2.0,1.085968502764781e-22,9.755018938795317e-21,0.0,9.229586270333256e-19,,0.0,0.0,0.0,0.0,0.0,1.085968502764781e-22,9.229586270333256e-19,0.01056804822703294,17.0,1.5692142806021235e-17,2.2525702314749626e-24,1.8452131779823613e-22,,,2.2525702314749626e-24,1.8452131779823613e-22,10.0,,7.978845608028655e-08,3.2312574248336765,47428220935122.55,1.496201843150404e-05,0.0014471961417919842,1.496201843150404e-05,0.0014471961417919842,0.01970735224300799,0.0014621581602234882,False,False,1.0,1.7397301330462505,6.5304000666030416e-09,0.30349620844420716,0.5587331974046312,1.0,1.6986509603494935,2.3260493873605522e-07,0.2923300517275568,0.5739957264355439,0.2713543763036695,0.2914312348363642,0.01998069039348188,0.02475188561785,True,ANP6,125.0,8.0,7.76068019011021e+19,$(U_{0.8}Pu_{0.2})N$
B3_Nd0_2p10e19_rho5p0e13_ANP6,rizk2025_refit_plot,rizk2025_refit_full,1325.0,3.2,50000000000000.0,1.6697715520977764e+23,2.0113513459123226e+26,4.522118631086518e+25,8.564304916596436e+23,1.88651789377827e+19,1.7742637692164798,69.07833171364072,2.0037119268199346,2.604804057843995,4.60851598466393,1.9564897638178627,6.565005748481792,2546998027839.432,6.36749506959858e+17,291.62863581041836,0.5,14210239.654851846,7612421.166497434,1.8667174797673667,1251256366.4327462,1251223205.093321,37256770.3101835,32137429.276706498,1.0000265031365227,1.1592952874170166,0.06351787468719408,76.51152193907843,17.202075587472912,6.222884598761459,5.423136578462965,0.7997480202984941,1.6358852883807476e+25,1.4256458085937812e+25,2.102394797869664e+24,2.6288215094111468e+26,2.60779756143245e+26,1.068298969048999,1.1948840950669666e+17,0.004276321940334352,4.171844730674379e-07,1.1927344541006399e-06,1.1927344541006399e-06,0.028760641407515032,0.028760641407515032,5.713596390897598e+21,2.3556291084670324e-05,9.232112917471617e-19,2.378617999571639e-22,2.378617999571639e-21,5.78187606487805e-18,1.8625632456264503e+19,50000000000000.0,50000000000000.0,0.0,0.019712337507038078,0.001461532276715731,1.6280961747767793e-05,5.3911623358382556e-06,1.6280961747767793e-05,5.3911623358382556e-06,2.7057931741190505e-29,9.447695678480333e+18,1.6748011551462822e+19,153.79464256398683,1.988669618769982e-20,-258070.15998456127,2.6309298596564666e+21,2.887040536460881e+21,0.0,0.0,0.0,0.0,0.3333333333333333,0.3333333333333333,2.0,2.5266471383605937e-22,7.527425499158216e-21,0.0,9.229586270333256e-19,,0.0,0.0,0.0,0.0,0.0,2.5266471383605937e-22,9.229586270333256e-19,0.008153524081050495,17.0,1.569459195970175e-17,5.78187606487805e-24,2.3207992389228585e-22,,,5.78187606487805e-24,2.3207992389228585e-22,10.0,,7.978845608028655e-08,3.2312574248336765,47393677072832.805,1.5164478656547008e-05,0.0014463677980591841,1.5164478656547008e-05,0.0014463677980591841,0.019712337507038078,0.001461532276715731,False,False,1.0,1.7406438403872062,6.532706425107178e-09,0.3037400411861497,0.5584011644972151,1.0,1.716859058228167,2.330323364192621e-07,0.29732915785919106,0.567148900025098,0.2716095865358549,0.2964319561471821,0.020037119268199347,0.02604804057843995,True,ANP6,125.0,8.0,7.76068019011021e+19,$(U_{0.8}Pu_{0.2})N$
B3_Nd0_2p10e19_rho5p0e13_ANP6,rizk2025_refit_plot,rizk2025_refit_full,1350.0,3.2,50000000000000.0,1.668218641010035e+23,2.0110772275195216e+26,4.525643160735634e+25,8.554705874865623e+23,1.8759316610165686e+19,1.7765996992881377,70.35755649476556,2.0093817081088665,2.736767266714455,4.746148974823321,2.2478310450021755,6.993980019825496,1929551785879.5076,4.8238794646987686e+17,335.0551141689069,0.49999999999999994,10050633.348051142,6625775.5996551085,1.5168991459013956,1249607646.023137,1249578056.829306,35862772.958337516,31553113.988049924,1.0000236793481363,1.1365842677816136,0.0634588021681135,76.50109451402051,17.215482848622052,6.219963835189336,4.408753901765653,1.8112099334236829,1.6351174717705175e+25,1.1589827086661866e+25,4.761347631043309e+24,2.6288215094111468e+26,2.5812080331007137e+26,1.0719360058389078,1.1930724580972907e+17,0.004272093140926862,4.1452036729251583e-07,1.2209537604927464e-06,1.2209537604927464e-06,0.030275853900234045,0.030275853900234045,5.930234606532118e+21,2.4895122440630227e-05,9.235283837640407e-19,3.0343633300233184e-22,3.0343633300233186e-21,1.4331663655150738e-17,1.8625632456264503e+19,50000000000000.0,50000000000000.0,0.0,0.019720192919880978,0.0014612088997232203,1.6274449645930553e-05,5.380849523426029e-06,1.6274449645930553e-05,5.380849523426029e-06,2.772734750612354e-29,9.647260414423493e+18,1.7091956009073482e+19,194.21067593534434,2.189460722374601e-20,-163062.23020615583,2.629713969911211e+21,1.9575188532423452e+21,0.0,0.0,0.0,0.0,0.3333333333333333,0.3333333333333333,2.0,5.697567307150379e-22,5.580606868254579e-21,0.0,9.229586270333256e-19,,0.0,0.0,0.0,0.0,0.0,5.697567307150379e-22,9.229586270333256e-19,0.006042702061315758,17.0,1.569998252398869e-17,1.433166365515074e-23,2.891046693471811e-22,,,1.433166365515074e-23,2.891046693471811e-22,10.0,,7.978845608028655e-08,3.2312574248336765,47360307012590.266,1.5363065595047814e-05,0.0014458458341281724,1.5363065595047814e-05,0.0014458458341281724,0.019720192919880978,0.0014612088997232203,False,False,1.0,1.7415585436342744,6.535149031426248e-09,0.3039839463949485,0.558069087110148,1.0,1.7350759475808106,2.334698551483028e-07,0.3022511836225948,0.5604294205819297,0.271865530964678,0.30135561574552955,0.020093817081088667,0.027367672667144547,True,ANP6,125.0,8.0,7.76068019011021e+19,$(U_{0.8}Pu_{0.2})N$
B3_Nd0_2p10e19_rho5p0e13_ANP6,rizk2025_refit_plot,rizk2025_refit_full,1375.0,3.2,50000000000000.0,1.6661495492843907e+23,2.0107736795539532e+26,4.529369368684471e+25,8.543820381959566e+23,1.8649662672798798e+19,1.779023577934857,71.65203105062476,2.0150500177929764,2.873724340522645,4.888774358315621,2.4917633635517493,7.380537721867371,1570254969750.9856,3.925637424377464e+17,371.41495136522735,0.49999999999999983,8154033.2778620245,5977142.255151125,1.364202645643049,1247902054.3688807,1247875535.5097888,34549860.27364605,30983071.48378655,1.0000212512052182,1.1151205680729879,0.06338009421026101,76.48954759215907,17.229657291183095,6.2174150224475975,3.927886451133206,2.2895285713143916,1.6344474343946233e+25,1.0325712389263587e+25,6.018761954682645e+24,2.6288215094111468e+26,2.5686338898643206e+26,1.0757295641507874,1.1909881728708747e+17,0.004267280673189576,4.1175834454199193e-07,1.2430884699392562e-06,1.2430884699392562e-06,0.03185603293968977,0.03185603293968977,6.132508378039767e+21,2.6360868377774553e-05,9.242059895885406e-19,3.912758454223057e-22,3.9127584542230566e-21,3.437073971002977e-17,1.8625632456264503e+19,50000000000000.0,50000000000000.0,0.0,0.019733596824396203,0.0014614677979386888,1.6267697903566933e-05,5.370780701942856e-06,1.6267697903566933e-05,5.370780701942856e-06,2.825984734825316e-29,9.846992640973472e+18,1.7338371662616072e+19,290.63752221923505,2.935001610139091e-20,-144763.37727619888,2.6286617807484984e+21,1.9025698571320243e+21,0.0,0.0,0.0,0.0,0.3333333333333333,0.3333333333333333,2.0,1.2473625552150166e-21,3.994251795482064e-21,0.0,9.229586270333256e-19,,0.0,0.0,0.0,0.0,0.0,1.2473625552150166e-21,9.229586270333256e-19,0.00432181985453299,17.0,1.571150182300519e-17,3.437073971002977e-23,3.5690510571227593e-22,,,3.437073971002977e-23,3.5690510571227593e-22,10.0,,7.978845608028655e-08,3.2312574248336765,47327452937704.94,1.556485247454053e-05,0.0014459029454641482,1.556485247454053e-05,0.0014459029454641482,0.019733596824396203,0.0014614677979386888,False,False,1.0,1.7424658304727665,6.537923413027688e-09,0.30422568322020777,0.5577400155115634,1.0,1.7536681130730156,2.339265309655094e-07,0.30719485391553664,0.5537025052947085,0.2721209281434311,0.3063009676624243,0.020150500177929766,0.02873724340522645,True,ANP6,125.0,8.0,7.76068019011021e+19,$(U_{0.8}Pu_{0.2})N$
B3_Nd0_2p10e19_rho5p0e13_ANP6,rizk2025_refit_plot,rizk2025_refit_full,1400.0,3.2,50000000000000.0,1.6630384874509313e+23,2.0103816846902548e+26,4.533802840365001e+25,8.530197478390862e+23,1.8533546751946244e+19,1.7816244549582725,72.99170770957323,2.0206737075519623,3.019032030440845,5.039705737992807,2.718040975543351,7.757746713536158,1319689525203.4346,3.299223813008586e+17,405.1432296930321,0.5,6908728.961682332,5479543.621355944,1.2608219660404358,1246077625.3454115,1246053843.6266553,33274722.365005895,30414413.76920732,1.0000190856268996,1.0940445085512205,0.06326174985624833,76.47463616274877,17.24652215501907,6.215579932375937,3.5866069519600354,2.6289729804159014,1.6339650219694145e+25,9.428549501116093e+24,6.911100718578052e+24,2.6288215094111468e+26,2.5597105022253666e+26,1.079775601872538,1.1883526927533355e+17,0.00426128179718588,4.087945108301519e-07,1.256447704697358e-06,1.256447704697358e-06,0.03354115694717602,0.03354115694717602,6.312370530862672e+21,2.802878418576321e-05,9.256141022594044e-19,5.167759547233053e-22,5.167759547233053e-21,7.989389038480301e-17,1.8625632456264503e+19,50000000000000.0,50000000000000.0,0.0,0.019757950496252376,0.0014628759189177383,1.6260459406821857e-05,5.360728532279006e-06,1.6260459406821857e-05,5.360728532279006e-06,2.8594523904134794e-29,1.0047347295305611e+19,1.744666204773171e+19,435.54877777379505,4.005263933524754e-20,-139539.26901126624,2.62794044037266e+21,1.9925150816742146e+21,0.0,0.0,0.0,0.0,0.3333333333333333,0.3333333333333333,2.0,2.6554752260788454e-21,2.7719141772846878e-21,0.0,9.229586270333256e-19,,0.0,0.0,0.0,0.0,0.0,2.6554752260788454e-21,9.229586270333256e-19,0.0029946758271276377,17.0,1.5735439738409874e-17,7.989389038480301e-23,4.368820643385022e-22,,,7.989389038480301e-23,4.368820643385022e-22,10.0,,7.978845608028655e-08,3.2312574248336765,47294433693489.86,1.578031681086514e-05,0.0014470956021068733,1.578031681086514e-05,0.0014470956021068733,0.019757950496252376,0.0014628759189177383,False,False,1.0,1.7433515512173934,6.5414021163390005e-09,0.30446149093449687,0.5574190664827916,1.0,1.7730730092966553,2.344140412044266e-07,0.31227106510364827,0.5468186805835642,0.27237384200579634,0.3113789431221823,0.02020673707551962,0.03019032030440845,True,ANP6,125.0,8.0,7.76068019011021e+19,$(U_{0.8}Pu_{0.2})N$
B3_Nd0_2p10e19_rho5p0e13_ANP6,rizk2025_refit_plot,rizk2025_refit_full,1425.0,3.2,50000000000000.0,1.657886611411159e+23,2.009805544602546e+26,4.539731949051837e+25,8.511132293313283e+23,1.8408899410616848e+19,1.7845740678967423,74.39719039844599,2.0261877432549915,3.175309321340379,5.201497064595371,2.9257546825726086,8.12725174716798,1138958634188.8892,2.8473965854722227e+17,436.1044267001975,0.5,6012890.269145324,5090523.883918637,1.1811928214580258,1244015612.375588,1243994317.7121477,32019353.75036421,29839836.532944825,1.000017117974847,1.0730405213518204,0.06306577321723618,76.45271987495038,17.26907640096391,6.215137950868493,3.3153084010711753,2.899829549797318,1.6338488329200614e+25,8.715354035067383e+24,7.623134294133231e+24,2.6288215094111468e+26,2.5525901664698148e+26,1.0841515956470937,1.1846376950029074e+17,0.004252941128902628,4.055148072902482e-07,1.2568233652663903e-06,1.2568233652663903e-06,0.03536349584088879,0.03536349584088879,6.450522058632734e+21,3.0000828443010546e-05,9.284638864197777e-19,7.108195478197102e-22,7.108195478197102e-21,1.8029544796246132e-16,1.8625632456264503e+19,50000000000000.0,50000000000000.0,0.0,0.019803770058282984,0.0014665454880351447,1.6252258204566404e-05,5.350563782830121e-06,1.6252258204566404e-05,5.350563782830121e-06,2.863537226506113e-29,1.0248963799053933e+19,1.7355276323800918e+19,623.0500145418692,5.296551876519845e-20,-137449.72186638127,2.6278711018365177e+21,2.1020982258840895e+21,0.0,0.0,0.0,0.0,0.3333333333333333,0.3333333333333333,2.0,5.505259386452124e-21,1.8723276130120317e-21,0.0,9.229586270333256e-19,,0.0,0.0,0.0,0.0,0.0,5.505259386452124e-21,9.229586270333256e-19,0.002016586364206215,17.0,1.578388606913622e-17,1.8029544796246133e-22,5.305240998572488e-22,,,1.8029544796246133e-22,5.305240998572488e-22,10.0,,7.978845608028655e-08,3.2312574248336765,47260881895508.27,1.602432738308192e-05,0.0014505211606520628,1.602432738308192e-05,0.0014505211606520628,0.019803770058282984,0.0014665454880351447,False,False,1.0,1.7441919168642297,6.546282984668261e-09,0.30468505666174045,0.5571148264648151,1.0,1.7936050299580815,2.3494192739524472e-07,0.3175518102988798,0.5396831122205633,0.27262136919381064,0.3166615593835448,0.020261877432549917,0.03175309321340379,True,ANP6,125.0,8.0,7.76068019011021e+19,$(U_{0.8}Pu_{0.2})N$
B3_Nd0_2p10e19_rho5p0e13_ANP6,rizk2025_refit_plot,rizk2025_refit_full,1450.0,3.2,50000000000000.0,1.6488642989966795e+23,2.0088854138461026e+26,4.548431974482343e+25,8.481666515686249e+23,1.8276428911803468e+19,1.788195510334734,75.85698954523086,2.0314905316764005,3.341694630507653,5.373185162184053,3.1117473625162257,8.48493252470028,1006873958550.2804,2.517184896375701e+17,463.82795100672706,0.4999999999999998,5367687.966082828,4786257.48013147,1.1214791490773262,1241494065.1984437,1241474988.1484919,30813714.399161104,29265595.870717913,1.0000153664392226,1.052898923885988,0.06272256572360531,76.41771823055764,17.302171175178746,6.217388028540021,3.1030766137718637,3.1143114147681565,1.634440338178137e+25,8.157434547634181e+24,8.186968834147189e+24,2.6288215094111468e+26,2.546951821069675e+26,1.0888387605197185,1.178878110717113e+17,0.00424010419745581,4.018265826619582e-07,1.241238475662891e-06,1.241238475662891e-06,0.03731525752652732,0.03731525752652732,6.513611029982383e+21,3.23807287524241e-05,9.34088619014059e-19,1.03501318176948e-21,1.03501318176948e-20,3.956100289530877e-16,1.8625632456264503e+19,50000000000000.0,50000000000000.0,0.0,0.019890813399376848,0.001474588090716929,1.6242200453773014e-05,5.340397006296942e-06,1.6242200453773014e-05,5.340397006296942e-06,2.831312848742465e-29,1.0453073013368259e+19,1.7024239527633744e+19,846.5455289308559,6.742535246868226e-20,-136748.10233062238,2.629055973121803e+21,2.2142765228840683e+21,0.0,0.0,0.0,0.0,0.3333333333333333,0.3333333333333333,2.0,1.1129991980733449e-20,1.2351760164789186e-21,0.0,9.229586270333256e-19,,0.0,0.0,0.0,0.0,0.0,1.1129991980733449e-20,9.229586270333256e-19,0.0013223327972699858,17.0,1.5879506523239004e-17,3.9561002895308766e-22,6.394031528163924e-22,,,3.9561002895308766e-22,6.394031528163924e-22,10.0,,7.978845608028655e-08,3.2312574248336765,47227231222571.336,1.6318575457208617e-05,0.0014582695152597204,1.6318575457208617e-05,0.0014582695152597204,0.019890813399376848,0.001474588090716929,False,False,1.0,1.7449462131281108,6.553855216633383e-09,0.3048855867193914,0.5568419734658785,1.0,1.8151132871149098,2.3550819883030786e-07,0.3229869464151263,0.5323666711586819,0.27285899016829257,0.32209866164164414,0.020314905316764005,0.03341694630507653,True,ANP6,125.0,8.0,7.76068019011021e+19,$(U_{0.8}Pu_{0.2})N$
B3_Nd0_2p10e19_rho5p0e13_ANP6,rizk2025_refit_plot,rizk2025_refit_full,1475.0,3.2,50000000000000.0,1.6327668538823507e+23,2.0073360310448027e+26,4.562161744467428e+25,8.432887724855414e+23,1.8140555804110068e+19,1.793080154470468,77.32126387012416,2.0364044580711758,3.5126593204860592,5.549063778557235,3.2734756008682675,8.822539379425503,909841102412.1315,2.2746027560303286e+17,487.9346886932006,0.5,4907604.532869033,4549789.247297957,1.0786443648535098,1238110224.6848266,1238093006.865948,29731255.723848537,28711377.554936435,1.0000139067249254,1.0355217427990233,0.06211022117846596,76.35877992699642,17.354399026845105,6.224710824980019,2.940600972556132,3.284109852423887,1.6363653706571879e+25,7.730315087250897e+24,8.633338619320981e+24,2.6288215094111468e+26,2.542488123217937e+26,1.0936853715301105,1.1693888065713398e+17,0.004218883545622633,3.97638879329805e-07,1.2164490920759442e-06,1.2164490920759442e-06,0.0393334512902934,0.0393334512902934,6.470705541147241e+21,3.521899758629349e-05,9.449295664440247e-19,1.6104112356588178e-21,1.610411235658818e-20,8.452417180343286e-16,1.8625632456264503e+19,50000000000000.0,50000000000000.0,0.0,0.02005484425663176,0.001490879133087245,1.622865441624122e-05,5.330577186683528e-06,1.622865441624122e-05,5.330577186683528e-06,2.777934676865811e-29,1.066256008402855e+19,1.6558259437168722e+19,1093.3426918217501,8.257303192118317e-20,-136750.76770001516,2.632594270122024e+21,2.3221671368375486e+21,0.0,0.0,0.0,0.0,0.3333333333333333,0.3333333333333333,2.0,2.1970939410699096e-20,7.982677016900445e-22,0.0,9.229586270333256e-19,,0.0,0.0,0.0,0.0,0.0,2.1970939410699096e-20,9.229586270333256e-19,0.0008447906913253856,17.0,1.606380262954842e-17,8.452417180343286e-22,7.651695176244892e-22,,,8.452417180343286e-22,7.651695176244892e-22,10.0,,7.978845608028655e-08,3.2312574248336765,47194717827239.836,1.670066601330485e-05,0.0014741784670739403,1.670066601330485e-05,0.0014741784670739403,0.02005484425663176,0.001490879133087245,False,False,1.0,1.7455418259825257,6.566467938159244e-09,0.3050438383663871,0.5566266729257359,1.0,1.8368683502906724,2.360947315910516e-07,0.3283867987911572,0.5251260714936672,0.2730788171605485,0.32750053246184424,0.020364044580711758,0.03512659320486059,True,ANP6,125.0,8.0,7.76068019011021e+19,$(U_{0.8}Pu_{0.2})N$
B3_Nd0_2p10e19_rho5p0e13_ANP6,rizk2025_refit_plot,rizk2025_refit_full,1500.0,3.2,50000000000000.0,1.6043043076869836e+23,2.0046310353743948e+26,4.58514589576034e+25,8.349432418156777e+23,1.8004696161104955e+19,1.8002671520037445,78.75562504846292,2.040593200202509,3.6839960348469716,5.72458923504948,3.4162542447739197,9.1408434798234,835378704740.4104,2.0884467618510262e+17,509.2168553137991,0.5,4576141.660250853,4359635.736393585,1.0496614710375707,1233166091.773254,1233150311.9018097,28825045.93474191,28188462.711506702,1.00001279638929,1.0225831124510154,0.06102750992958613,76.25588227263972,17.441830414676605,6.241259802754082,2.818595167252213,3.42266463550187,1.6407158015303105e+25,7.409583601994927e+24,8.997574413308178e+24,2.6288215094111468e+26,2.538845765278065e+26,1.0985736872504959,1.1533820362725603e+17,0.004182616806785316,3.926824466536766e-07,1.2047236549102935e-06,1.2047236549102935e-06,0.04136986496536524,0.04136986496536524,6.337859088164215e+21,3.8457605029756995e-05,9.653577892834512e-19,2.6703221709632663e-21,2.6703221709632663e-20,1.7607759639859707e-15,1.8625632456264503e+19,50000000000000.0,50000000000000.0,0.0,0.020358422385314604,0.0015223177986591631,1.6208765281663775e-05,5.3213053187393245e-06,1.6208765281663775e-05,5.3213053187393245e-06,2.754097486964696e-29,1.0883339182907603e+19,1.6281522089949657e+19,1353.2910884908686,9.775975976555084e-20,-136489.33461315132,2.640412826010682e+21,2.419586634131985e+21,0.0,0.0,0.0,0.0,0.3333333333333333,0.3333333333333333,2.0,4.239916225012569e-20,5.067891913502495e-22,0.0,9.229586270333256e-19,,0.0,0.0,0.0,0.0,0.0,4.239916225012569e-20,9.229586270333256e-19,0.0005249755033586253,17.0,1.6411082417818672e-17,1.7607759639859707e-21,9.095462069772957e-22,,,1.7607759639859707e-21,9.095462069772957e-22,10.0,,7.978845608028655e-08,3.2312574248336765,47164075628062.914,1.7247228830471373e-05,0.0015050705698286917,1.7247228830471373e-05,0.0015050705698286917,0.020358422385314604,0.0015223177986591631,False,False,1.0,1.745847639937188,6.5882740889796684e-09,0.3051250601188521,0.5565161800543493,1.0,1.8583497993848304,2.3668708855546807e-07,0.33362524107164515,0.51812935081827,0.27326592363297125,0.3327410514976261,0.02040593200202509,0.036839960348469716,True,ANP6,125.0,8.0,7.76068019011021e+19,$(U_{0.8}Pu_{0.2})N$
B3_Nd0_2p10e19_rho5p0e13_ANP6,rizk2025_refit_plot,rizk2025_refit_full,1525.0,3.2,50000000000000.0,1.5554837639168665e+23,1.9998588411944333e+26,4.6247881111160575e+25,8.206955897451057e+23,1.7863109306961676e+19,1.8114723345048287,80.22328979345964,2.0434585182260974,3.8631988905847194,5.906657408810817,3.549056306538013,9.455713715348828,774030349610.0947,1.9350758740252368e+17,529.0119418106987,0.5,4326891.335067221,4196502.620340476,1.031070805030539,1225537163.1913486,1225522442.5532525,28061054.651199486,27672761.933791824,1.0000120117246205,1.0140315852222004,0.05917038331998786,76.07434867810403,17.59262884360683,6.273852094969153,2.7268039651355003,3.5470481298336525,1.6492837334119094e+25,7.168280915495807e+24,9.324556418623288e+24,2.6288215094111468e+26,2.535575945224914e+26,1.1037200413559711,1.1265718106348635e+17,0.00412079985783052,3.862549148303889e-07,1.2240341320088587e-06,1.2240341320088587e-06,0.043517057214002904,0.043517057214002904,6.190682491826004e+21,4.1937651774838373e-05,1.0030351091137525e-18,4.655100322574004e-21,4.6551003225740044e-20,3.580777516173852e-15,1.8625632456264503e+19,50000000000000.0,50000000000000.0,0.0,0.02090792419377466,0.0015809233265248592,1.6177855630191808e-05,5.3121550645982714e-06,1.6177855630191808e-05,5.3121550645982714e-06,2.801056660186807e-29,1.1124567730914044e+19,1.6441961595008395e+19,1626.433540873356,1.1294854903384024e-19,-135387.45589787062,2.655686851663795e+21,2.5059217869700847e+21,0.0,0.0,0.0,0.0,0.3333333333333333,0.3333333333333333,2.0,8.007648208042697e-20,3.1682982816812804e-22,0.0,9.229586270333256e-19,,0.0,0.0,0.0,0.0,0.0,8.007648208042697e-20,9.229586270333256e-19,0.0003158711248383599,17.0,1.705159685493379e-17,3.5807775161738524e-21,1.0743228064001518e-21,,,3.5807775161738524e-21,1.0743228064001518e-21,10.0,,7.978845608028655e-08,3.2312574248336765,47133942124392.13,1.810991181329266e-05,0.0015628134147115664,1.810991181329266e-05,0.0015628134147115664,0.02090792419377466,0.0015809233265248592,False,False,1.0,1.7456422346886222,6.626181831512476e-09,0.3050705084855871,0.556590390624039,1.0,1.8805028250273006,2.3731078313227008e-07,0.3389330275237917,0.5110680256790362,0.27339376678156885,0.3380511019039643,0.020434585182260972,0.038631988905847195,True,ANP6,125.0,8.0,7.76068019011021e+19,$(U_{0.8}Pu_{0.2})N$
B3_Nd0_2p10e19_rho5p0e13_ANP6,rizk2025_refit_plot,rizk2025_refit_full,1550.0,3.2,50000000000000.0,1.4759563586913625e+23,1.9916071357082974e+26,4.692596403018221e+25,7.971449406803837e+23,1.7699489934119565e+19,1.8293189116684399,81.88932760547691,2.044062523933246,4.071282849091339,6.115345373024585,3.6874699036967042,9.802815276721288,717012620577.2443,1.7925315514431107e+17,549.6434673435663,0.49999999999999994,4118628.4427935644,4038981.8707921477,1.0197194675661656,1213580324.157188,1213566418.539476,27344926.98535183,27109759.780852355,1.0000114584727293,1.0086746325456404,0.05614517202508645,75.76045496350245,17.850570631055728,6.332829233416744,2.656182335566129,3.676646897850615,1.664787770423364e+25,6.982629256654176e+24,9.665248447579465e+24,2.6288215094111468e+26,2.5321690249353526e+26,1.1097393615627273,1.0831758417260254e+17,0.004018723258381995,3.7718664058168023e-07,1.2695845797260628e-06,1.2695845797260628e-06,0.04603614092692543,0.04603614092692543,6.088237047119514e+21,4.5500365850855085e-05,1.0711233129353537e-18,8.378501496912049e-21,8.378501496912049e-20,7.11715258415843e-15,1.8625632456264503e+19,50000000000000.0,50000000000000.0,0.0,0.02187794083720073,0.0016873009157036183,1.612887576632558e-05,5.302158306669743e-06,1.612887576632558e-05,5.302158306669743e-06,2.90827568675762e-29,1.1398955386586454e+19,1.694845805024799e+19,1935.4468152566562,1.2923272372864214e-19,-132928.15664071703,2.683270997716098e+21,2.587266848833617e+21,0.0,0.0,0.0,0.0,0.3333333333333333,0.3333333333333333,2.0,1.4816468590202815e-19,1.9547622806480766e-22,0.0,9.229586270333256e-19,,0.0,0.0,0.0,0.0,0.0,1.4816468590202815e-19,9.229586270333256e-19,0.00018249647421930904,17.0,1.820909631990101e-17,7.11715258415843e-21,1.2613489127536196e-21,,,7.11715258415843e-21,1.2613489127536196e-21,10.0,,7.978845608028655e-08,3.2312574248336765,47101217548611.19,1.9559028076308456e-05,0.00166774188762731,1.9559028076308456e-05,0.00166774188762731,0.02187794083720073,0.0016873009157036183,False,False,1.0,1.7445914191871597,6.690805588538431e-09,0.3047912808507486,0.5569702870014274,1.0,1.905858099169832,2.380397865297372e-07,0.34489400687962873,0.5031718842471085,0.2734207007151886,0.3440147722465631,0.02044062523933246,0.040712828490913386,True,ANP6,125.0,8.0,7.76068019011021e+19,$(U_{0.8}Pu_{0.2})N$
B3_Nd0_2p10e19_rho5p0e13_ANP6,rizk2025_refit_plot,rizk2025_refit_full,1575.0,3.2,50000000000000.0,1.3559355380457304e+23,1.977907424957557e+26,4.8046439902212615e+25,7.603585922541676e+23,1.7489751392773882e+19,1.8574516154408152,83.98231347861602,2.041077974996648,4.339460582173615,6.380538557170262,3.8499867850597616,10.230525342230024,657756716061.7589,1.6443917901543974e+17,573.867757848203,0.49999999999999967,3918860.99384783,3868487.0680384603,1.013021608945151,1195199085.784955,1195185910.3867662,26577537.28116286,26434137.23730375,1.0000110237228153,1.005424805151452,0.05157959691030749,75.23931989588012,18.276798074805377,6.4323024324041995,2.5995123040883525,3.832790128315847,1.69093749893418e+25,6.833653858966391e+24,1.0075721130375408e+25,2.6288215094111468e+26,2.5280642981073927e+26,1.1175668790732278,1.0171758484504389e+17,0.0038592041130053336,3.64024902872001e-07,1.3360295652262501e-06,1.3360295652262501e-06,0.049324195930123466,0.049324195930123466,6.029445867187793e+21,4.911960759102115e-05,1.1918027971817664e-18,1.5313431223305902e-20,1.5313431223305902e-19,1.384090397445483e-14,1.8625632456264503e+19,50000000000000.0,50000000000000.0,0.0,0.02353976737202733,0.001876162161046548,1.6052290415445115e-05,5.2901517806564545e-06,1.6052290415445115e-05,5.2901517806564545e-06,3.0641094339739e-29,1.1724788916576573e+19,1.7692289146622274e+19,2329.436332499919,1.488448373912208e-19,-128844.04377775188,2.729939563425401e+21,2.675371463041941e+21,0.0,0.0,0.0,0.0,0.3333333333333333,0.3333333333333333,2.0,2.6884417014844093e-19,1.1925617140326962e-22,0.0,9.229586270333256e-19,,0.0,0.0,0.0,0.0,0.0,2.6884417014844093e-19,9.229586270333256e-19,0.00010006367805585995,17.0,2.0260647552090028e-17,1.384090397445483e-20,1.4725272488510705e-21,,,1.384090397445483e-20,1.4725272488510705e-21,10.0,,7.978845608028655e-08,3.2312574248336765,47062355839777.25,2.20530202930251e-05,0.001854109140753523,2.20530202930251e-05,0.001854109140753523,0.02353976737202733,0.001876162161046548,False,False,1.0,1.7422478424112238,6.797015088313328e-09,0.3041676199739496,0.557819051004683,1.0,1.9380103401614304,2.3898752135239096e-07,0.3522839619823578,0.49343397965107205,0.2732875614493584,0.3514082198417425,0.020410779749966478,0.04339460582173615,True,ANP6,125.0,8.0,7.76068019011021e+19,$(U_{0.8}Pu_{0.2})N$
B3_Nd0_2p10e19_rho5p0e13_ANP6,rizk2025_refit_plot,rizk2025_refit_full,1600.0,3.2,50000000000000.0,1.1925329324166955e+23,1.9563573002750715e+26,4.980657568101657e+25,7.07246877005667e+23,1.7202390872677564e+19,1.9002612730932467,86.78109461803292,2.03282316267833,4.709261340165165,6.742084502843494,4.05956013634467,10.801644639188163,591596792051.9819,1.478991980129955e+17,605.1061479832841,0.49999999999999994,3702448.032211531,3668777.796092277,1.0091775076035179,1168272799.242017,1168260402.6267834,25671270.543790314,25581608.64150576,1.0000106111747054,1.0035049360476527,0.04536378480423425,74.41955618787118,18.946351246256043,6.588728781068547,2.551879234607412,4.036849546461135,1.7320591939349285e+25,6.708435021355619e+24,1.0612156917993665e+25,2.6288215094111468e+26,2.5226999402312102e+26,1.1284913822627918,9.254112130882837e+16,0.0036283392489610895,3.453907211388901e-07,1.4287908960848054e-06,1.4287908960848054e-06,0.053928709655775675,0.053928709655775675,5.992812551814907e+21,5.29602158483123e-05,1.4017765731852965e-18,2.8072866441166047e-20,2.8072866441166047e-19,2.6363059898109156e-14,1.8625632456264503e+19,50000000000000.0,50000000000000.0,0.0,0.026286278925832404,0.002204903999139841,1.5937217118720087e-05,5.274985723198327e-06,1.5937217118720087e-05,5.274985723198327e-06,3.2819295785919495e-29,1.2125252373779743e+19,1.8700760466329866e+19,2896.8825351004425,1.7540100931078753e-19,-122827.0098692827,2.8039429924977136e+21,2.783693045102434e+21,0.0,0.0,0.0,0.0,0.3333333333333333,0.3333333333333333,2.0,4.788179461519709e-19,7.206892439595517e-23,0.0,9.229586270333256e-19,,0.0,0.0,0.0,0.0,0.0,4.788179461519709e-19,9.229586270333256e-19,5.141256158404111e-05,17.0,2.383020174415004e-17,2.6363059898109155e-20,1.7098065430568916e-21,,,2.6363059898109155e-20,1.7098065430568916e-21,10.0,,7.978845608028655e-08,3.2312574248336765,47014329702263.516,2.6360290734841138e-05,0.002178543708405,2.6360290734841138e-05,0.002178543708405,0.026286278925832404,0.002204903999139841,False,False,1.0,1.7381039220966097,6.963074461177349e-09,0.30306175814902014,0.5593249329409369,1.0,1.9814925686057805,2.4031089213379025e-07,0.3619904014777886,0.4807314750902271,0.2729186410933477,0.3611194919634719,0.020328231626783298,0.04709261340165165,True,ANP6,125.0,8.0,7.76068019011021e+19,$(U_{0.8}Pu_{0.2})N$
B3_Nd0_2p10e19_rho5p0e13_ANP6,rizk2025_refit_plot,rizk2025_refit_full,1625.0,3.2,50000000000000.0,9.962670252446727e+22,1.924539698843716e+26,5.240772656953788e+25,6.376735468566136e+23,1.6799481105931057e+19,1.9620321967720988,90.59455502353727,2.0174621703633178,5.232277455415835,7.249739625779153,4.339664477354117,11.58940410313327,517692010287.52344,1.2942300257188086e+17,646.8576809398172,0.5,3456103.628175534,3431975.9437262462,1.0070302603645558,1131491397.6742349,1131479903.1597471,24563238.068505656,24504783.973200426,1.0000101588322123,1.0023854156547212,0.03789785733561787,73.20921911030814,19.935825381038196,6.817057651318044,2.510125646278951,4.306932005039093,1.7920827784680709e+25,6.598672290262664e+24,1.1322155494418045e+25,2.6288215094111468e+26,2.5155999544669662e+26,1.144206033998044,8.11264776708941e+16,0.0033244865090667356,3.205596886859275e-07,1.5600944953974439e-06,1.5600944953974439e-06,0.06057122994040839,0.06057122994040839,5.97278878728213e+21,5.732936451591958e-05,1.7607334386319764e-18,5.120371716109041e-20,5.120371716109041e-19,4.922854290289942e-14,1.8625632456264503e+19,50000000000000.0,50000000000000.0,0.0,0.030640791322457325,0.0027667745019689578,1.5774289074003455e-05,5.2558044357982996e-06,1.5774289074003455e-05,5.2558044357982996e-06,3.5915335548953765e-29,1.2624180109999768e+19,2.006667860618319e+19,3781.927219851448,2.1402739921459092e-19,-114771.66579480925,2.913515830916382e+21,2.9238281358489294e+21,0.0,0.0,0.0,0.0,0.3333333333333333,0.3333333333333333,2.0,8.377748115986507e-19,4.32093384762443e-23,0.0,9.229586270333256e-19,,0.0,0.0,0.0,0.0,0.0,8.377748115986507e-19,9.229586270333256e-19,2.454053380721634e-05,17.0,2.99324684567436e-17,4.922854290289942e-20,1.9751742581909914e-21,,,4.922854290289942e-20,1.9751742581909914e-21,10.0,,7.978845608028655e-08,3.2312574248336765,46956129764367.32,3.3752439115992196e-05,0.0027330220628529658,3.3752439115992196e-05,0.0027330220628529658,0.030640791322457325,0.0027667745019689578,False,False,1.0,1.7317155553988328,7.20762874675865e-09,0.3013491201103575,0.5616592713334281,1.0,2.0415613900724083,2.422168630954856e-07,0.37488584832199556,0.4640143434763996,0.2722294672941692,0.3740218050765925,0.02017462170363318,0.05232277455415835,True,ANP6,125.0,8.0,7.76068019011021e+19,$(U_{0.8}Pu_{0.2})N$
B3_Nd0_2p10e19_rho5p0e13_ANP6,rizk2025_refit_plot,rizk2025_refit_full,1650.0,3.2,50000000000000.0,7.902517387175676e+22,1.8805987940693977e+26,5.6011028306332795e+25,5.5574845009962536e+23,1.6238655983935754e+19,2.0458280659306833,95.74059093658052,1.993307340995359,5.969349427186396,7.9626567681817555,4.717488974179571,12.680145742361326,438088629397.97034,1.0952215734949259e+17,703.1750942085446,0.4999999999999999,3175796.3890804276,3157108.4048400647,1.0059193356210743,1085145649.4933848,1085135176.7872453,23227954.08464986,23187657.171142273,1.0000096510613272,1.0017378605009626,0.0300610648493432,71.53771328090852,21.306516287170524,7.125709367071613,2.4724029087216985,4.653306458349914,1.8732218053970342e+25,6.499505946378285e+24,1.2232712107592058e+25,2.6288215094111468e+26,2.506494388335226e+26,1.1668914457517685,6.8537224951198584e+16,0.002964002070425891,2.899243636321427e-07,1.7506931263649751e-06,1.7506931263649751e-06,0.07018650958351635,0.07018650958351635,5.995541655276999e+21,6.25904839524444e-05,2.364150646143271e-18,9.247330480694055e-20,9.247330480694055e-19,9.020265555838444e-14,1.8625632456264503e+19,50000000000000.0,50000000000000.0,0.0,0.037239106153200995,0.003710819479598078,1.5559105585719975e-05,5.232304519855554e-06,1.5559105585719975e-05,5.232304519855554e-06,4.044124500730789e-29,1.324111847924326e+19,2.19462176870083e+19,5237.997816564375,2.7245078392462095e-19,-104628.32494965912,3.0648398401923166e+21,3.1024135930785793e+21,0.0,0.0,0.0,0.0,0.3333333333333333,0.3333333333333333,2.0,1.441192019109945e-18,2.5738368843747513e-23,0.0,9.229586270333256e-19,,0.0,0.0,0.0,0.0,0.0,1.441192019109945e-18,9.229586270333256e-19,1.0886941103239548e-05,17.0,4.0190560984435606e-17,9.020265555838444e-20,2.2706492485561157e-21,,,9.020265555838444e-20,2.2706492485561157e-21,10.0,,7.978845608028655e-08,3.2312574248336765,46890613656550.516,4.628936904396422e-05,0.0036645301105541137,4.628936904396422e-05,0.0036645301105541137,0.037239106153200995,0.003710819479598078,False,False,1.0,1.7228358000705306,7.54570455436383e-09,0.29895267247515744,0.5649300950997309,1.0,2.1239416586132074,2.449737495755212e-07,0.3916732924296671,0.44253296331177977,0.27113864544032495,0.39081899832425065,0.01993307340995359,0.05969349427186396,True,ANP6,125.0,8.0,7.76068019011021e+19,$(U_{0.8}Pu_{0.2})N$
B3_Nd0_2p10e19_rho5p0e13_ANP6,rizk2025_refit_plot,rizk2025_refit_full,1675.0,3.2,50000000000000.0,5.996834763788971e+22,1.823587266692172e+26,6.071150561182373e+25,4.687051511087499e+23,1.5472797376613091e+19,2.1528623529841817,102.57090856885604,1.9590121330494283,6.99407129570991,8.953083428759339,5.220956404935515,14.174039833694852,357670922693.915,8.941773067347874e+16,778.2204753404237,0.5000000000000002,2868302.773315243,2852662.0287507684,1.0054828593106502,1031194702.9655751,1031185294.7415593,21673376.644100845,21643563.76457083,1.0000091236987803,1.0013774478110125,0.022811874987785898,69.36900280843538,23.09457123447801,7.513614082098822,2.437593368808729,5.076020713290093,1.9751950312435875e+25,6.407997879122365e+24,1.3343952433313508e+25,2.6288215094111468e+26,2.495381985078012e+26,1.1995185872928888,5.6132275776625144e+16,0.0025769221091906645,2.548624886286997e-07,2.04106736044593e-06,2.04106736044593e-06,0.08405713125668916,0.08405713125668916,6.124705638099885e+21,6.913237447246847e-05,3.3623625899400784e-18,1.6491783151767403e-19,1.6491783151767404e-18,1.6231955709997532e-13,1.8625632456264503e+19,50000000000000.0,50000000000000.0,0.0,0.0467864524724008,0.005271800161132968,1.529387475453552e-05,5.204701545446915e-06,1.529387475453552e-05,5.204701545446915e-06,4.740763184320336e-29,1.3989393037054915e+19,2.4649294683474006e+19,7714.9072226016,3.6226999173155697e-19,-92737.33748291063,3.2607563636367677e+21,3.3206676027979543e+21,0.0,0.0,0.0,0.0,0.3333333333333333,0.3333333333333333,2.0,2.439403962906753e-18,1.5251283830083255e-23,0.0,9.229586270333256e-19,,0.0,0.0,0.0,0.0,0.0,2.439403962906753e-18,9.229586270333256e-19,4.535883154218372e-06,17.0,5.716016402898133e-17,1.623195570999753e-19,2.5982744176987148e-21,,,1.623195570999753e-19,2.5982744176987148e-21,10.0,,7.978845608028655e-08,3.2312574248336765,46825890128129.66,6.719463939106086e-05,0.005204605521741908,6.719463939106086e-05,0.005204605521741908,0.0467864524724008,0.005271800161132968,False,False,1.0,1.7114486655042394,7.986567660204493e-09,0.2958521075129217,0.5691695798180297,1.0,2.2351947785396216,2.489505934144299e-07,0.41285272883544505,0.415905738838544,0.2695746449779042,0.4120121452987579,0.019590121330494283,0.0699407129570991,True,ANP6,125.0,8.0,7.76068019011021e+19,$(U_{0.8}Pu_{0.2})N$
B3_Nd0_2p10e19_rho5p0e13_ANP6,rizk2025_refit_plot,rizk2025_refit_full,1700.0,3.2,50000000000000.0,4.407165784146176e+22,1.7533148347548835e+26,6.655155691881001e+25,3.840113853797013e+23,1.4442970758142579e+19,2.2827749952237832,111.59776774936813,1.913471642543902,8.408367099196,10.321838741739903,5.875263400865754,16.197102142605658,282441874598.26294,7.0610468649565736e+16,875.7495604157255,0.5,2549000.455942984,2534971.2981256284,1.005534247203402,972508995.2221366,972500576.992859,19917094.85309731,19892871.020375494,1.0000086562717563,1.0012177142604002,0.01676479657659746,66.69584939403605,25.316118527087635,7.971267282299731,2.4049901230455943,5.566277159254137,2.095503888897487e+25,6.322289765383619e+24,1.4632749123591252e+25,2.6288215094111468e+26,2.4824940181752344e+26,1.2467432866174515,4.498010360019411e+16,0.0021950594153626454,2.1702340969097822e-07,2.523748858282764e-06,2.523748858282764e-06,0.10420478978561849,0.10420478978561849,6.470751849514512e+21,7.743993854200493e-05,4.988545012933779e-18,2.9005001213446957e-19,2.9005001213446957e-18,2.8708990269161864e-13,1.8625632456264503e+19,50000000000000.0,50000000000000.0,0.0,0.0599978229793243,0.007814844510476744,1.4986076421553984e-05,5.173335235920516e-06,1.4986076421553984e-05,5.173335235920516e-06,5.915514001017814e-29,1.487947305992913e+19,2.889031518296225e+19,12010.491636698996,5.00742462049936e-19,-79937.06117513581,3.501044851380551e+21,3.5762308638831584e+21,0.0,0.0,0.0,0.0,0.3333333333333333,0.3333333333333333,2.0,4.065586385900453e-18,9.000056617340487e-24,0.0,9.229586270333256e-19,,0.0,0.0,0.0,0.0,0.0,4.065586385900453e-18,9.229586270333256e-19,1.804144614112147e-06,17.0,8.480526521987424e-17,2.8708990269161863e-19,2.9601094428509513e-21,,,2.8708990269161863e-19,2.9601094428509513e-21,10.0,,7.978845608028655e-08,3.2312574248336765,46776397545947.016,0.00010123057847050841,0.007713613932006235,0.00010123057847050841,0.007713613932006235,0.0599978229793243,0.007814844510476744,False,False,1.0,1.6976622605622351,8.53518827681694e-09,0.2920562828891569,0.5743713194102258,1.0,2.384580891443037,2.54732125937618e-07,0.43891862379100566,0.38390080381730624,0.2674693425159138,0.4380972779214108,0.01913471642543902,0.08408367099196,True,ANP6,125.0,8.0,7.76068019011021e+19,$(U_{0.8}Pu_{0.2})N$
B3_Nd0_2p10e19_rho5p0e13_ANP6,rizk2025_refit_plot,rizk2025_refit_full,1725.0,3.2,50000000000000.0,3.176452937077181e+22,1.6697381798386246e+26,7.357238234125603e+25,3.06972216595746e+23,1.3056714719945292e+19,2.434525144623235,123.84109789492994,1.855369755404435,10.387640359194334,12.243010114598768,6.703590732729603,18.94660084732837,216954561156.20166,5.423864028905042e+16,999.2176072531149,0.5,2235064.1881544446,2221738.271909419,1.0059979685336982,911889759.9349953,911882140.5081711,17948830.60792769,17926197.66568532,1.0000083557145005,1.001262562349499,0.012083182238525975,63.51660521115578,27.986830630329166,8.48448097627654,2.374178741090904,6.110302235185637,2.2304186086625454e+25,6.241292141766446e+24,1.6062893944859009e+25,2.6288215094111468e+26,2.468192569962557e+26,1.3174380508456138,3.559467097882654e+16,0.0018418713797399688,1.7747134181887755e-07,3.4498266980598154e-06,3.4498266980598154e-06,0.13449402670740715,0.13449402670740715,7.245836050215387e+21,8.83008769217758e-05,7.599207725237919e-18,5.02802236364218e-19,5.0280223636421804e-18,4.994440127391286e-13,1.8625632456264503e+19,50000000000000.0,50000000000000.0,0.0,0.07750788492171841,0.011902472358506807,1.464536569063509e-05,5.138010332938309e-06,1.464536569063509e-05,5.138010332938309e-06,8.217186066180804e-29,1.592947117194218e+19,3.6539573762450137e+19,19548.553609229602,7.137436185337415e-19,-67232.41393156284,3.783881990781748e+21,3.86559622856281e+21,0.0,0.0,0.0,0.0,0.3333333333333333,0.3333333333333333,2.0,6.676249098204593e-18,5.2946612669943086e-24,0.0,9.229586270333256e-19,,0.0,0.0,0.0,0.0,0.0,6.676249098204593e-18,9.229586270333256e-19,6.967385888676363e-07,17.0,1.2918653132904462e-16,4.994440127391286e-19,3.3582236250893297e-21,,,4.994440127391286e-19,3.3582236250893297e-21,10.0,,7.978845608028655e-08,3.2312574248336765,46766082783280.87,0.00015467243038414226,0.011747799928122664,0.00015467243038414226,0.011747799928122664,0.07750788492171841,0.011902472358506807,False,False,1.0,1.6815162604605003,9.196643548272388e-09,0.2875510931691092,0.5805615320643249,1.0,2.5892507367267634,2.6344554327400163e-07,0.47087436850955566,0.34589020856234876,0.264734265736911,0.47008057105497286,0.01855369755404435,0.10387640359194333,True,ANP6,125.0,8.0,7.76068019011021e+19,$(U_{0.8}Pu_{0.2})N$
B3_Nd0_2p10e19_rho5p0e13_ANP6,rizk2025_refit_plot,rizk2025_refit_full,1750.0,3.2,50000000000000.0,2.2692613240945197e+22,1.571587962488858e+26,8.193875727175033e+25,2.3986381686773576e+23,1.1112994986384122e+19,2.607812263561708,142.04674435216882,1.7818958625702839,13.341774030339465,15.12366989290975,7.735231919691166,22.858901812600916,162943518543.45944,4.0735879635864856e+16,1152.9910220510315,0.5,1938701.8030834706,1925426.9613052919,1.0068944925177423,851295394.723865,851288273.7072337,15656033.893915722,15628658.088045117,1.0000083649885136,1.001751641485557,0.008632238118756233,59.782984765705606,31.169387871489427,9.0389951246862,2.345038215265277,6.693956909420925,2.3761904807237577e+25,6.164686900680487e+24,1.7597217906557092e+25,2.6288215094111468e+26,2.452849330345576e+26,1.4341137861800966,2.8046414759775356e+16,0.0015286173369594156,1.3562936985489735e-07,5.782925846259756e-06,5.782925846259756e-06,0.18472911286460852,0.18472911286460852,9.060491430047385e+21,0.00010332560466832041,1.1732003472118521e-17,8.590290957143048e-19,8.590290957143048e-18,8.552344067970446e-13,1.8625632456264503e+19,50000000000000.0,50000000000000.0,0.0,0.09962663299442323,0.018399634999708616,1.4279754441365246e-05,5.096623097783877e-06,1.4279754441365246e-05,5.096623097783877e-06,1.4221955663478042e-28,1.7209832065437198e+19,5.430532238904109e+19,32952.30685318033,1.0419202920398937e-18,-55364.76970793497,4.108502075689304e+21,4.1863881226531593e+21,0.0,0.0,0.0,0.0,0.3333333333333333,0.3333333333333333,2.0,1.0809044845085196e-17,3.1079945105556526e-24,0.0,9.229586270333256e-19,,0.0,0.0,0.0,0.0,0.0,1.0809044845085196e-17,9.229586270333256e-19,2.649159214742734e-07,17.0,1.9944405902601486e-16,8.552344067970446e-19,3.7946889172602315e-21,,,8.552344067970446e-19,3.7946889172602315e-21,10.0,,7.978845608028655e-08,3.2312574248336765,46842858074853.15,0.00023307073554642798,0.01816656426416219,0.00023307073554642798,0.01816656426416219,0.09962663299442323,0.018399634999708616,False,False,1.0,1.6626603461701308,9.98486575616475e-09,0.2822061513744148,0.5879282658924254,1.0,2.892374468511819,2.7798677437422547e-07,0.5117320025809092,0.29940553440563633,0.26119254263573566,0.5109807352842304,0.01781895862570284,0.13341774030339465,True,ANP6,125.0,8.0,7.76068019011021e+19,$(U_{0.8}Pu_{0.2})N$
B3_Nd0_2p10e19_rho5p0e13_ANP6,rizk2025_refit_plot,rizk2025_refit_full,1775.0,3.2,50000000000000.0,1.6296395151532769e+22,1.4439035742325504e+26,9.314549832361487e+25,1.794026998754136e+23,7.650757091515814e+18,2.8148144266568185,182.14679069346883,1.6759725010889868,19.36678778831745,21.042760289406438,9.033370288462478,30.076130577868916,119476954314.2087,2.9869238578552176e+16,1346.4877264954218,0.5,1662676.7994781712,1648733.9292561673,1.0084567133450661,788692733.0021955,788684319.2844918,12288913.70382445,12187972.083109569,1.0000106680423306,1.0082820685858616,0.006199125765363638,54.92588861827988,35.432416385119794,9.635495870834964,2.318022011989449,7.317473858845514,2.532999879909324e+25,6.093666124406366e+24,1.9236332674686872e+25,2.6288215094111468e+26,2.436458182664278e+26,1.722703625386385,2.2422842306262308e+16,0.0012440636179831938,8.214492283421658e-08,2.5498313757726135e-05,2.5498313757726135e-05,0.30939478419864885,0.30939478419864885,1.6844506928608247e+22,0.00012691515423345217,1.8187204162230228e-17,1.4467299250700101e-18,1.4467299250700103e-17,1.4424583518951984e-12,1.8625632456264503e+19,50000000000000.0,50000000000000.0,0.0,0.1239985988023553,0.028703478315481094,1.3873484741598045e-05,5.034405790102539e-06,1.3873484741598045e-05,5.034405790102539e-06,6.927461428441424e-28,1.996718687672969e+19,1.847777340940517e+20,57856.20709736991,1.5654601583377952e-18,-44726.520663665426,4.4995729278850375e+21,4.5592319261434446e+21,0.0,0.0,0.0,0.0,0.3333333333333333,0.3333333333333333,2.0,1.7264245535196902e-17,1.8219038686035435e-24,0.0,9.229586270333256e-19,,0.0,0.0,0.0,0.0,0.0,1.7264245535196902e-17,9.229586270333256e-19,1.0017503802960171e-07,17.0,3.0918247075791387e-16,1.4424583518951983e-18,4.271573174811783e-21,,,1.4424583518951983e-18,4.271573174811783e-21,10.0,,7.978845608028655e-08,3.2312574248336765,47212795535511.07,0.0003188710396790087,0.028384607275802085,0.0003188710396790087,0.028384607275802085,0.1239985988023553,0.028703478315481094,False,False,1.0,1.6376841158624462,1.0999888555486415e-08,0.2749831934143662,0.5979217409979057,1.0,3.5285231833228763,3.1481718059588656e-07,0.5792215766163932,0.228331369570581,0.2559110052947515,0.5785654976897752,0.01675972501088987,0.1936678778831745,True,ANP6,125.0,8.0,7.76068019011021e+19,$(U_{0.8}Pu_{0.2})N$
B3_Nd0_2p10e19_rho5p0e13_ANP6,rizk2025_refit_plot,rizk2025_refit_full,1800.0,3.2,50000000000000.0,1.3277971951783122e+22,1.0690389192249969e+26,1.2829576819150645e+26,8.654326086998932e+22,6.807892681856516e+17,3.3007804272463446,531.4670142388464,1.3036823037896426,42.808524127374575,44.11220643116422,11.255906593170408,55.36811302433463,76952513164.85062,1.9238128291212652e+16,1677.7724807362522,0.5000000000000001,1342691.3563081815,1323182.9854699988,1.0147435169983337,672594115.5409294,672568214.9818192,7642659.9101217445,4177117.187939552,1.000038509936291,1.829649388862763,0.005050921831036514,40.666089934134035,48.80352954059805,10.52532960343689,2.3027664832021313,8.222563120234758,2.7669212855156793e+25,6.053562062192826e+24,2.1615650792963968e+25,2.6288215094111468e+26,2.4126650014815074e+26,4.2005399605470695,2.3035419703282464e+16,0.000810277047135087,5.3107012330932044e-09,0.00037344036542717664,0.00037344036542717664,1.34222115451733,1.34222115451733,8.23033945990252e+22,0.0007474303876704882,2.814113302873205e-17,2.402604106958116e-18,2.402604106958116e-17,2.3978131732901632e-12,1.8625632456264503e+19,50000000000000.0,50000000000000.0,0.0,0.10742690045841871,0.04596699442056095,1.3034453770918516e-05,4.888411661555967e-06,1.3034453770918516e-05,4.888411661555967e-06,3.3097592328999253e-26,4.524038062500842e+19,8.202111168754962e+20,134602.8780025138,2.920960693418777e-18,-34625.15342754638,5.482950796467392e+21,5.443922772538081e+21,0.0,0.0,0.0,0.0,0.3333333333333333,0.3333333333333333,2.0,2.721817440169872e-17,1.0673110184064085e-24,0.0,9.229586270333256e-19,,0.0,0.0,0.0,0.0,0.0,2.721817440169872e-17,9.229586270333256e-19,3.792708052361239e-08,17.0,4.783992614884448e-16,2.397813173290163e-18,4.790933667952865e-21,,,2.397813173290163e-18,4.790933667952865e-21,10.0,,7.978845608028655e-08,3.2312574248336765,49276028809607.36,0.00012806025192265672,0.045838934168638296,0.00012806025192265672,0.045838934168638296,0.10742690045841871,0.04596699442056095,False,False,1.0,1.556530649325173,1.402531380592303e-08,0.2503083777766531,0.6323788794275643,1.0,6.8540294630342515,7.050014052059725e-07,0.7539307956326033,0.08337532828236244,0.23535526791173902,0.7536622312863049,0.013036823037896425,0.42808524127374575,False,ANP6,125.0,8.0,7.76068019011021e+19,$(U_{0.8}Pu_{0.2})N$
