{
    "N_AVOG": 6.022141e+23,
    "N_BOLT": 1.380649e-23,
    "FISSION_ENERGY": 3.215e-11,
    "FISSION_RATE": 2.7955115215883784e+19,
    "FUEL_THERMAL_CONDUCTIVITY": 1.0787234658359666,
    "FISSION_YIELD": 0.2868231667631012,
    "LENGTH": 0.00045452067659318494,
    "RADIUS": 1.8504527364800718e-05,
    "T_BC": 1763.6098749426,
    "Maximum cur_err_bounds": 0.0010800137857959295,
    "TIME_ELAPSED": 1589515.4713833332,
    "COST_FO": 4737.276034593582,
    "COST_POD": 4863.7035183906555,
    "COST_EB": 1579914.0831558704
}