{
    "FISSION_ENERGY": 3.215E-11,
    "T_BC": 1754.9735337233922,
    "FISSION_RATE": 2.179168538261009e+19,
    "LENGTH": 0.001202512130153599,
    "RADIUS": 1.2466827023386472e-05,
    "FISSION_YIELD": 0.27344075082791025,
    "FUEL_THERMAL_CONDUCTIVITY": 2.408637553430885
}