{
    "N_AVOG": 6.022141e+23,
    "N_BOLT": 1.380649e-23,
    "FISSION_ENERGY": 3.215e-11,
    "FISSION_RATE": 4.897893890066643e+19,
    "FUEL_THERMAL_CONDUCTIVITY": 1.0611643088093543,
    "FISSION_YIELD": 0.11435446661953186,
    "LENGTH": 0.0013444052896000127,
    "RADIUS": 1.8283908779053486e-05,
    "T_BC": 592.2154440042609,
    "Maximum cur_err_bounds": 0.002096712024630245,
    "TIME_ELAPSED": 551215.5341880322,
    "COST_FO": 1647.6189188957214,
    "COST_POD": 1690.5864825248718,
    "COST_EB": 547877.1863012314
}