{
    "N_AVOG": 6.022141e+23,
    "N_BOLT": 1.380649e-23,
    "FISSION_ENERGY": 3.215e-11,
    "FISSION_RATE": 5.578508145779709e+18,
    "FUEL_THERMAL_CONDUCTIVITY": 2.6553887228076176,
    "FISSION_YIELD": 0.20282656709249433,
    "LENGTH": 0.001444474194931829,
    "RADIUS": 1.94724346284496e-05,
    "T_BC": 1033.7216089886017,
    "Maximum cur_err_bounds": 0.009871519038065171,
    "TIME_ELAPSED": 14963.627684354782,
    "COST_FO": 73.34085988998413,
    "COST_POD": 74.56835222244263,
    "COST_EB": 14815.712263345718
}