Time (h)	Temperature (K)	Fission rate (fiss / m3 s)	Hydrostatic stress (MPa)	Steam pressure (atm)	System pressure (Pa)	O/M ratio (/)	Grain radius (m)	Xe produced (at/m3)	Xe in grain (at/m3)	Xe in intragranular solution (at/m3)	Xe in intragranular bubbles (at/m3)	Xe at grain boundary (at/m3)	Xe released (at/m3)	Kr produced (at/m3)	Kr in grain (at/m3)	Kr in intragranular solution (at/m3)	Kr in intragranular bubbles (at/m3)	Kr at grain boundary (at/m3)	Kr released (at/m3)	Fission gas release (/)	Cs produced (at/m3)	Cs in grain (at/m3)	Cs in intragranular solution (at/m3)	Cs in intragranular bubbles (at/m3)	Cs at grain boundary (at/m3)	Cs released (at/m3)	Cs reacted (at/m3)	I produced (at/m3)	I in grain (at/m3)	I in intragranular solution (at/m3)	I in intragranular bubbles (at/m3)	I at grain boundary (at/m3)	I released (at/m3)	I reacted (at/m3)	Te produced (at/m3)	Te in grain (at/m3)	Te in intragranular solution (at/m3)	Te in intragranular bubbles (at/m3)	Te at grain boundary (at/m3)	Te released (at/m3)	Te reacted (at/m3)	Mo produced (at/m3)	Mo in solution (at/m3)	Mo reacted (at/m3)	Ba produced (at/m3)	Ba in solution (at/m3)	Ba reacted (at/m3)	Tc produced (at/m3)	Tc in solution (at/m3)	Tc reacted (at/m3)	Ru produced (at/m3)	Ru in solution (at/m3)	Ru reacted (at/m3)	Rh produced (at/m3)	Rh in solution (at/m3)	Rh reacted (at/m3)	Pd produced (at/m3)	Pd in solution (at/m3)	Pd reacted (at/m3)	Intragranular bubble concentration (bub/m3)	Intragranular bubble radius (m)	Intragranular gas bubble swelling (/)	Intergranular bubble concentration (bub/m2)	Intergranular atoms per bubble (at/bub)	Intergranular vacancies per bubble (vac/bub)	Intergranular bubble radius (m)	Intergranular bubble area (m2)	Intergranular bubble volume (m3)	Intergranular fractional coverage (/)	Intergranular saturation fractional coverage (/)	Intergranular gas swelling (/)	Intergranular fractional intactness (/)	Burnup (MWd/kgUO2)	FIMA (%)	Fuel density (kg/m3)	U235 (at/m3)	U238 (at/m3)	Pu (at/m3)	Pu238 (at/m3)	Pu239 (at/m3)	Pu240 (at/m3)	Pu241 (at/m3)	Pu242 (at/m3)	q (-)	Intergranular vented fraction (/)	Intergranular venting probability (/)	Porosity (/)	Fabrication porosity (/)	Open porosity (/)	Residual porosity (/)	Densification factor (/)	Gap oxygen partial pressure (MPa)	Stoichiometry deviation (/)	Equilibrium stoichiometry deviation (/)	Fuel oxygen partial pressure (MPa)	Fuel oxygen partial pressure - Blackburn (MPa)	Fuel oxygen partial pressure - Kato (MPa)	Fuel oxygen partial pressure - CALPHAD (MPa)	Fuel oxygen potential (KJ/mol)	Fuel oxygen potential - Blackburn (KJ/mol)	Fuel oxygen potential - Kato (KJ/mol)	Fuel oxygen potential - CALPHAD (KJ/mol)	U content (mol/m3)	O content (mol/m3)	O available content (mol/m3)	Pu content (mol/m3)	Phase std density (g/m3)	Mo/Ru in HCP_A3 (/)	Mo in oxide fraction (/)	Mo oxide valence (/)	Ba/Mo in oxide compounds (/)	Ba in oxide fraction (/)	Ba oxide valence (/)	JOG (Cs2MoO4) (/)	JOG (BaMoO4) (/)	JOG (liquid) (/)	
0	1412	3.45e+19	0	0	100000	1.975	1e-05	0	0	0	0	0	0	0	0	0	0	0	0	0	0	0	0	0	0	0	0	0	0	0	0	0	0	0	0	0	0	0	0	0	0	0	0	0	0	0	0	0	0	0	0	0	0	0	0	0	0	0	0	0	0	0	2e+13	0	0	0	0	0	0	0.5	0	1	0	0	10569.8	1.117189e+26	1.827432e+28	5.151575e+27	6.741065e+25	3.118866e+27	1.203261e+27	5.325573e+26	2.294797e+26	0.2188657	0	0.02851874	0.03560219	0.03560219	0.001424136	0.02670164	0	0	-0.025	0	9.840135e-22	0	9.840135e-22	0	-540.9587	0	-540.9587	0	30531.45	77194.93	0.001	8554.591	3657778	0	0	0	0	0	0	0	0	0	
28	1412	3.45e+19	0	0	100000	1.97525	1e-05	8.137584e+23	7.65706e+23	7.65706e+23	0	4.668755e+22	1.364807e+21	5.91192e+22	5.562822e+22	5.562822e+22	0	3.391831e+21	9.915263e+19	0.001677165	1.064146e+23	0	0	0	1.033921e+23	3.022439e+21	0	0	0	0	0	0	0	0	0	0	0	0	0	0	0	7.615944e+23	7.615944e+23	0	3.442824e+23	3.442824e+23	0	1.843128e+23	1.843128e+23	0	6.885648e+23	6.885648e+23	0	2.051784e+23	2.051784e+23	0	6.572664e+23	6.572664e+23	0	1.316251e+24	0	0	1.888088e+13	27571.51	240247.1	2.683888e-08	1.539807e-15	1.365423e-23	0.02907291	0.5	7.734116e-05	1	0.1188102	0.01477465	10569.8	1.117189e+26	1.827432e+28	5.151575e+27	6.741065e+25	3.118866e+27	1.203261e+27	5.325573e+26	2.294797e+26	0.2188657	0	0.02840213	0.03560219	0.03560219	0.001424136	0.02670164	0	0	-0.02475	0	1.024263e-21	0	1.024263e-21	0	-540.4881	0	-540.4881	0	30527.58	77194.93	0.001	8553.509	3657778	0	0	0	0	0	0	0	0	0	
56	1412	3.45e+19	0	0	100000	1.9755	1e-05	1.627517e+24	1.531965e+24	7.500045e+23	7.819608e+23	9.284313e+22	2.708357e+21	1.182384e+23	1.112966e+23	5.448751e+22	5.680912e+22	6.745013e+21	1.96761e+20	0.001664104	2.128291e+23	0	0	0	2.924514e+21	9.792484e+19	2.098067e+23	0	0	0	0	0	0	0	0	0	0	0	0	0	0	1.523189e+24	0	1.523189e+24	6.885648e+23	0	6.885648e+23	3.686256e+23	0	3.686256e+23	1.37713e+24	0	1.37713e+24	4.103568e+23	0	4.103568e+23	1.314533e+24	0	1.314533e+24	1.326215e+24	0	0	1.877444e+13	19262.05	327804.9	2.768241e-08	1.638119e-15	1.498255e-23	0.03075475	0.5	8.438669e-05	1	0.2376204	0.0295493	10569.8	1.117189e+26	1.827432e+28	5.151575e+27	6.741065e+25	3.118866e+27	1.203261e+27	5.325573e+26	2.294797e+26	0.2188657	0	0.02828542	0.03560219	0.03560219	0.001424136	0.02670164	0	0	-0.0245	0	1.066589e-21	0	1.066589e-21	0	-540.0127	0	-540.0127	0	30523.72	77194.93	0	8552.427	3657778	0	0	0	0	0	0	0	0	0	
84	1412	3.45e+19	0	0	100000	1.97575	1e-05	2.441275e+24	2.285277e+24	1.114497e+24	1.17078e+24	1.51587e+23	4.41111e+21	1.773576e+23	1.660244e+23	8.096775e+22	8.505666e+22	1.101273e+22	3.204653e+20	0.001806888	3.192437e+23	0	0	0	8.238079e+19	1.554405e+19	3.191458e+23	0	0	0	0	0	0	0	0	0	0	0	0	0	0	2.284783e+24	0	2.284783e+24	1.032847e+24	0	1.032847e+24	5.529384e+23	0	5.529384e+23	2.065694e+24	0	2.065694e+24	6.155352e+23	0	6.155352e+23	1.971799e+24	0	1.971799e+24	1.326291e+24	1.837301e-10	3.445629e-05	1.842461e+13	31261.25	495840.2	3.182143e-08	2.164596e-15	2.275794e-23	0.03988182	0.5	0.0001257918	1	0.3564306	0.04432395	10569.8	1.117189e+26	1.827432e+28	5.151575e+27	6.741065e+25	3.118866e+27	1.203261e+27	5.325573e+26	2.294797e+26	0.2188657	0	0.02816862	0.03560219	0.03560219	0.001424136	0.02670164	0	0	-0.02425	0	1.111121e-21	0	1.111121e-21	0	-539.5325	0	-539.5325	0	30519.86	77194.93	0	8551.345	3657778	0	0	0	0	0	0	0	0	0	
112	1412	3.45e+19	0	0	100000	1.976	1e-05	3.255034e+24	3.034913e+24	1.261547e+24	1.773366e+24	2.139105e+23	6.209995e+21	2.364768e+23	2.204851e+23	9.165086e+22	1.288343e+23	1.554051e+22	4.511535e+20	0.001907813	4.256582e+23	0	0	0	2.310996e+18	1.323306e+19	4.256427e+23	0	0	0	0	0	0	0	0	0	0	0	0	0	0	3.046378e+24	0	3.046378e+24	1.37713e+24	0	1.37713e+24	7.372512e+23	0	7.372512e+23	2.754259e+24	0	2.754259e+24	8.207136e+23	0	8.207136e+23	2.629066e+24	0	2.629066e+24	9.485841e+23	2.350329e-10	5.158818e-05	1.802004e+13	44937.77	726001.2	3.611322e-08	2.787853e-15	3.326385e-23	0.05023721	0.5	0.0001798247	1	0.4752408	0.0590986	10569.8	1.117189e+26	1.827432e+28	5.151575e+27	6.741065e+25	3.118866e+27	1.203261e+27	5.325573e+26	2.294797e+26	0.2188657	0	0.02805177	0.03560219	0.03560219	0.001424136	0.02670164	0	0	-0.024	0	1.158e-21	0	1.158e-21	0	-539.0474	0	-539.0474	0	30516	77194.93	0	8550.263	3657778	0	0	0	0	0	0	0	0	0	
140	1412	3.45e+19	0	0	100000	1.97625	1e-05	4.068792e+24	3.767233e+24	1.843127e+24	1.924106e+24	2.93074e+23	8.485375e+21	2.95596e+23	2.736878e+23	1.339024e+23	1.397855e+23	2.12917e+22	6.164589e+20	0.002085478	5.320728e+23	0	0	0	6.456145e+16	1.316849e+19	5.320596e+23	0	0	0	0	0	0	0	0	0	0	0	0	0	0	3.807972e+24	0	3.807972e+24	1.721412e+24	0	1.721412e+24	9.21564e+23	0	9.21564e+23	3.442824e+24	0	3.442824e+24	1.025892e+24	0	1.025892e+24	3.286332e+24	0	3.286332e+24	8.69918e+23	2.781308e-10	7.839969e-05	1.757101e+13	63007.37	1028590	4.054791e-08	3.514587e-15	4.708464e-23	0.06175486	0.5	0.0002481975	1	0.594051	0.07387325	10569.8	1.117189e+26	1.827432e+28	5.151575e+27	6.741065e+25	3.118866e+27	1.203261e+27	5.325573e+26	2.294797e+26	0.2188657	0	0.02793489	0.03560219	0.03560219	0.001424136	0.02670164	0	0	-0.02375	0	1.207374e-21	0	1.207374e-21	0	-538.5572	0	-538.5572	0	30512.14	77194.93	0	8549.181	3657778	0	0	0	0	0	0	0	0	0	
168	1412	3.45e+19	0	0	100000	1.9765	1e-05	4.88255e+24	4.489983e+24	2.267149e+24	2.222834e+24	3.81544e+23	1.102302e+22	3.547152e+23	3.261954e+23	1.647074e+23	1.614879e+23	2.771901e+22	8.008177e+20	0.002257636	6.384874e+23	0	0	0	5.222058e+23	1.497077e+22	1.013107e+23	0	0	0	0	0	0	0	0	0	0	0	0	0	0	4.569566e+24	1.741462e+15	4.569566e+24	2.065694e+24	4.508001e+16	2.065694e+24	1.105877e+24	1.167375e+07	1.105877e+24	4.131389e+24	1.566581e+07	4.131389e+24	1.23107e+24	1.856247e+08	1.23107e+24	3.943598e+24	1.786438e+16	3.943598e+24	8.121431e+23	2.924524e-10	8.509158e-05	1.622984e+13	195936.8	2031326	5.352015e-08	6.123111e-15	1.082744e-22	0.09937712	0.5	0.0005271831	1	0.7128612	0.0886479	10569.8	1.117189e+26	1.827432e+28	5.151575e+27	6.741065e+25	3.118866e+27	1.203261e+27	5.325573e+26	2.294797e+26	0.2188657	0	0.02781802	0.03560219	0.03560219	0.001424136	0.02670164	0	0	-0.0235	0	1.259404e-21	0	1.259404e-21	0	-538.0619	0	-538.0619	0	30508.28	77194.93	3.430166	8548.1	3657778	1.106061	0	0	0	1	2	0	0	0	
196	1412	3.45e+19	0	0	100000	1.97675	1e-05	5.696309e+24	5.203627e+24	2.708208e+24	2.495418e+24	4.788651e+23	1.381688e+22	4.138344e+23	3.780413e+23	1.967502e+23	1.812911e+23	3.478934e+22	1.003791e+21	0.002425585	7.449019e+23	0	0	0	6.09231e+23	1.74751e+22	1.181959e+23	0	0	0	0	0	0	0	0	0	0	0	0	0	0	5.331161e+24	2.353323e+15	5.331161e+24	2.409977e+24	5.041873e+16	2.409977e+24	1.29019e+24	1.329436e+07	1.29019e+24	4.819954e+24	1.784062e+07	4.819954e+24	1.436249e+24	2.113941e+08	1.436249e+24	4.600865e+24	2.034441e+16	4.600865e+24	7.94063e+23	3.091984e-10	9.832306e-05	1.534534e+13	249957.7	3082650	6.068318e-08	7.8718e-15	1.578261e-22	0.1207955	0.5	0.0007265686	1	0.8316714	0.1034226	10569.8	1.117189e+26	1.827432e+28	5.151575e+27	6.741065e+25	3.118866e+27	1.203261e+27	5.325573e+26	2.294797e+26	0.2188657	0	0.02770118	0.03560219	0.03560219	0.001424136	0.02670164	0	0	-0.02325	0	1.314265e-21	0	1.314265e-21	0	-537.5614	0	-537.5614	0	30504.42	77194.93	4.00186	8547.019	3657778	1.106061	0	0	0	1	2	0	0	0	
224	1412	3.45e+19	0	0	100000	1.977	1e-05	6.510067e+24	5.91024e+24	3.098783e+24	2.811457e+24	5.829968e+23	1.68302e+22	4.729536e+23	4.293764e+23	2.251253e+23	2.042512e+23	4.235447e+22	1.222707e+21	0.002585257	8.513165e+23	0	0	0	6.962268e+23	2.00087e+22	1.35081e+23	0	0	0	0	0	0	0	0	0	0	0	0	0	0	6.092755e+24	2.930061e+15	6.092755e+24	2.754259e+24	5.655216e+16	2.754259e+24	1.474502e+24	1.518561e+07	1.474502e+24	5.508518e+24	2.037861e+07	5.508518e+24	1.641427e+24	2.414669e+08	1.641427e+24	5.258131e+24	2.323859e+16	5.258131e+24	7.738884e+23	3.241303e-10	0.000110389	1.4592e+13	309542.4	4231125	6.69494e-08	9.58144e-15	2.119405e-22	0.1398124	0.5	0.000927791	1	0.9504816	0.1181972	10569.8	1.117189e+26	1.827432e+28	5.151575e+27	6.741065e+25	3.118866e+27	1.203261e+27	5.325573e+26	2.294797e+26	0.2188657	0	0.02758441	0.03560219	0.03560219	0.001424136	0.02670164	0	0	-0.023	0	1.372143e-21	0	1.372143e-21	0	-537.0555	0	-537.0555	0	30500.56	77194.93	4.573555	8545.938	3657778	1.106061	0	0	0	1	2	0	0	0	
252	1412	3.45e+19	0	0	100000	1.97725	1e-05	7.323826e+24	6.609939e+24	3.498698e+24	3.11124e+24	6.937819e+23	2.010481e+22	5.320728e+23	4.802092e+23	2.541789e+23	2.260303e+23	5.040296e+22	1.460606e+21	0.002745125	9.57731e+23	0	0	0	7.831489e+23	2.261607e+22	1.519661e+23	0	0	0	0	0	0	0	0	0	0	0	0	0	0	6.85435e+24	3.594778e+15	6.85435e+24	3.098542e+24	6.24371e+16	3.098542e+24	1.658815e+24	1.707622e+07	1.658815e+24	6.197083e+24	2.291575e+07	6.197083e+24	1.846606e+24	2.715296e+08	1.846606e+24	5.915398e+24	2.61318e+16	5.915398e+24	7.565207e+23	3.398423e-10	0.0001243775	1.3907e+13	375548.4	5503112	7.273706e-08	1.130964e-14	2.717948e-22	0.1572832	0.5	0.001133955	1	1.069292	0.1329719	10569.8	1.117189e+26	1.827432e+28	5.151575e+27	6.741065e+25	3.118866e+27	1.203261e+27	5.325573e+26	2.294797e+26	0.2188657	0	0.02746772	0.03560219	0.03560219	0.001424136	0.02670164	0	0	-0.02275	0	1.433239e-21	0	1.433239e-21	0	-536.5441	0	-536.5441	0	30496.71	77194.93	5.145249	8544.858	3657778	1.106061	0	0	0	1	2	0	0	0	
280	1412	3.45e+19	0	0	100000	1.9775	1e-05	8.137584e+24	7.303122e+24	3.897064e+24	3.406058e+24	8.107476e+23	2.371453e+22	5.91192e+23	5.305687e+23	2.8312e+23	2.474487e+23	5.890046e+22	1.722851e+21	0.002914198	1.064146e+24	0	0	0	8.699195e+23	2.537484e+22	1.688512e+23	0	0	0	0	0	0	0	0	0	0	0	0	0	0	7.615944e+24	4.360036e+15	7.615944e+24	3.442824e+24	6.807435e+16	3.442824e+24	1.843128e+24	1.896523e+07	1.843128e+24	6.885648e+24	2.545074e+07	6.885648e+24	2.051784e+24	3.015668e+08	2.051784e+24	6.572664e+24	2.902256e+16	6.572664e+24	7.388828e+23	3.542975e-10	0.0001376475	1.326886e+13	448520.4	6918102	7.823843e-08	1.308512e-14	3.382473e-22	0.1736246	0.5	0.001346447	1	1.188102	0.1477465	10569.8	1.117189e+26	1.827432e+28	5.151575e+27	6.741065e+25	3.118866e+27	1.203261e+27	5.325573e+26	2.294797e+26	0.2188657	0	0.02735116	0.03560219	0.03560219	0.001424136	0.02670164	0	0	-0.0225	0	1.49777e-21	0	1.49777e-21	0	-536.0271	0	-536.0271	0	30492.85	77194.93	5.716944	8543.778	3657778	1.106061	0	0	0	1	2	0	0	0	
308	1412	3.45e+19	0	0	100000	1.97775	1e-05	8.951342e+24	7.989958e+24	4.30153e+24	3.688429e+24	9.335848e+23	2.779915e+22	6.503112e+23	5.804671e+23	3.125043e+23	2.679628e+23	6.782454e+22	2.019596e+21	0.003105584	1.17056e+24	0	0	0	9.564151e+23	2.840877e+22	1.857363e+23	0	0	0	0	0	0	0	0	0	0	0	0	0	0	8.377538e+24	5.239997e+15	8.377538e+24	3.787106e+24	7.34626e+16	3.787106e+24	2.027441e+24	2.085095e+07	2.027441e+24	7.574213e+24	2.798132e+07	7.574213e+24	2.256962e+24	3.315517e+08	2.256962e+24	7.22993e+24	3.190828e+16	7.22993e+24	7.231859e+23	3.677821e-10	0.000150699	1.266728e+13	529006.9	8493230	8.35592e-08	1.49254e-14	4.120564e-22	0.1890642	0.5	0.00156589	1	1.306912	0.1625212	10569.8	1.117189e+26	1.827432e+28	5.151575e+27	6.741065e+25	3.118866e+27	1.203261e+27	5.325573e+26	2.294797e+26	0.2188657	0	0.02723474	0.03560219	0.03560219	0.001424136	0.02670164	0	0	-0.02225	0	1.56597e-21	0	1.56597e-21	0	-535.5043	0	-535.5043	0	30489	77194.93	6.288638	8542.698	3657778	1.106061	0	0	0	1	2	0	0	0	
336	1412	3.45e+19	0	0	100000	1.978	1e-05	9.765101e+24	8.670739e+24	4.706097e+24	3.964642e+24	1.061787e+24	3.257516e+22	7.094304e+23	6.299255e+23	3.418959e+23	2.880296e+23	7.713835e+22	2.366571e+21	0.003335875	1.276975e+24	0	0	0	1.042454e+24	3.189911e+22	2.026214e+23	0	0	0	0	0	0	0	0	0	0	0	0	0	0	9.139133e+24	6.250664e+15	9.139133e+24	4.131389e+24	7.859725e+16	4.131389e+24	2.211754e+24	2.273069e+07	2.211754e+24	8.262778e+24	3.050387e+07	8.262778e+24	2.462141e+24	3.614414e+08	2.462141e+24	7.887197e+24	3.478485e+16	7.887197e+24	7.089906e+23	3.80187e-10	0.0001632003	1.209658e+13	617481.5	1.024438e+07	8.876218e-08	1.684199e-14	4.939214e-22	0.2037305	0.5	0.001792428	1	1.425722	0.1772958	10569.8	1.117189e+26	1.827432e+28	5.151575e+27	6.741065e+25	3.118866e+27	1.203261e+27	5.325573e+26	2.294797e+26	0.2188657	0	0.02711849	0.03560219	0.03560219	0.001424136	0.02670164	0	0	-0.022	0	1.638093e-21	0	1.638093e-21	0	-534.9757	0	-534.9757	0	30485.15	77194.93	6.860333	8541.619	3657778	1.106061	0	0	0	1	2	0	0	0	
364	1412	3.45e+19	0	0	100000	1.97825	1e-05	1.057886e+25	9.345709e+24	5.111003e+24	4.234707e+24	1.194793e+24	3.835657e+22	7.685496e+23	6.789618e+23	3.713122e+23	3.076496e+23	8.680122e+22	2.786589e+21	0.003625776	1.383389e+24	0	0	0	1.127793e+24	3.609011e+22	2.195066e+23	0	0	0	0	0	0	0	0	0	0	0	0	0	0	9.900727e+24	7.409833e+15	9.900727e+24	4.475671e+24	8.347037e+16	4.475671e+24	2.396066e+24	2.460051e+07	2.396066e+24	8.951342e+24	3.30131e+07	8.951342e+24	2.667319e+24	3.911735e+08	2.667319e+24	8.544463e+24	3.764624e+16	8.544463e+24	6.962973e+23	3.918077e-10	0.0001754294	1.15534e+13	714374.1	1.218661e+07	9.388664e-08	1.884278e-14	5.84501e-22	0.2176982	0.5	0.002025892	1	1.544533	0.1920705	10569.8	1.117189e+26	1.827432e+28	5.151575e+27	6.741065e+25	3.118866e+27	1.203261e+27	5.325573e+26	2.294797e+26	0.2188657	0	0.02700245	0.03560219	0.03560219	0.001424136	0.02670164	0	0	-0.02175	0	1.714411e-21	0	1.714411e-21	0	-534.4412	0	-534.4412	0	30481.29	77194.93	7.432027	8540.539	3657778	1.106061	0	0	0	1	2	0	0	0	
392	1412	3.45e+19	0	0	100000	1.9785	1e-05	1.139262e+25	1.001511e+25	5.515117e+24	4.499992e+24	1.331949e+24	4.555923e+22	8.276688e+23	7.275934e+23	4.006709e+23	3.269225e+23	9.676554e+22	3.309859e+21	0.003999013	1.489804e+24	0	0	0	1.212128e+24	4.128466e+22	2.363917e+23	0	0	0	0	0	0	0	0	0	0	0	0	0	0	1.066232e+25	8.737302e+15	1.066232e+25	4.819954e+24	8.807037e+16	4.819954e+24	2.580379e+24	2.64551e+07	2.580379e+24	9.639907e+24	3.550191e+07	9.639907e+24	2.872498e+24	4.206634e+08	2.872498e+24	9.20173e+24	4.048433e+16	9.20173e+24	6.847142e+23	4.027604e-10	0.0001873865	1.103568e+13	820040.4	1.433413e+07	9.895728e-08	2.093307e-14	6.844113e-22	0.2310107	0.5	0.002265884	1	1.663343	0.2068451	10569.8	1.117189e+26	1.827432e+28	5.151575e+27	6.741065e+25	3.118866e+27	1.203261e+27	5.325573e+26	2.294797e+26	0.2188657	0	0.02688663	0.03560219	0.03560219	0.001424136	0.02670164	0	0	-0.0215	0	1.795223e-21	0	1.795223e-21	0	-533.9005	0	-533.9005	0	30477.44	77194.93	8.003722	8539.46	3657778	1.106061	0	0	0	1	2	0	0	0	
420	1412	3.45e+19	0	0	100000	1.97875	1e-05	1.220638e+25	1.067914e+25	5.918851e+24	4.76029e+24	1.472544e+24	5.469117e+22	8.86788e+23	7.75835e+23	4.30002e+23	3.45833e+23	1.069797e+23	3.97329e+21	0.004480541	1.596218e+24	0	0	0	1.295114e+24	4.782785e+22	2.532768e+23	0	0	0	0	0	0	0	0	0	0	0	0	0	0	1.142392e+25	1.025502e+16	1.142392e+25	5.164236e+24	9.238274e+16	5.164236e+24	2.764692e+24	2.828789e+07	2.764692e+24	1.032847e+25	3.796145e+07	1.032847e+25	3.077676e+24	4.498066e+08	3.077676e+24	9.858996e+24	4.328904e+16	9.858996e+24	6.740599e+23	4.131599e-10	0.0001991323	1.054214e+13	934759	1.670026e+07	1.039894e-07	2.311616e-14	7.942208e-22	0.2436939	0.5	0.002511837	1	1.782153	0.2216198	10569.8	1.117189e+26	1.827432e+28	5.151575e+27	6.741065e+25	3.118866e+27	1.203261e+27	5.325573e+26	2.294797e+26	0.2188657	0	0.02677107	0.03560219	0.03560219	0.001424136	0.02670164	0	0	-0.02125	0	1.880847e-21	0	1.880847e-21	0	-533.3535	0	-533.3535	0	30473.59	77194.93	8.575417	8538.381	3657778	1.106061	0	0	0	1	2	0	0	0	
448	1412	3.45e+19	0	0	100000	1.979	1e-05	1.302013e+25	1.133799e+25	6.322152e+24	5.015836e+24	1.615823e+24	6.632358e+22	9.459072e+23	8.237e+23	4.593016e+23	3.643983e+23	1.173889e+23	4.81838e+21	0.005093925	1.702633e+24	0	0	0	1.376392e+24	5.607883e+22	2.701619e+23	0	0	0	0	0	0	0	0	0	0	0	0	0	0	1.218551e+25	1.198729e+16	1.218551e+25	5.508518e+24	9.639166e+16	5.508518e+24	2.949005e+24	3.009136e+07	2.949005e+24	1.101704e+25	4.038165e+07	1.101704e+25	3.282854e+24	4.784837e+08	3.282854e+24	1.051626e+25	4.60489e+16	1.051626e+25	6.641726e+23	4.230605e-10	0.0002106575	1.007194e+13	1058724	1.929717e+07	1.089919e-07	2.539369e-14	9.144424e-22	0.2557636	0.5	0.002763062	1	1.900963	0.2363944	10569.8	1.117189e+26	1.827432e+28	5.151575e+27	6.741065e+25	3.118866e+27	1.203261e+27	5.325573e+26	2.294797e+26	0.2188657	0	0.02665578	0.03560219	0.03560219	0.001424136	0.02670164	0	0	-0.021	0	1.971634e-21	0	1.971634e-21	0	-532.8001	0	-532.8001	0	30469.74	77194.93	9.147111	8537.303	3657778	1.106061	0	0	0	1	2	0	0	0	
476	1412	3.45e+19	0	0	100000	1.97925	1e-05	1.383389e+25	1.199181e+25	6.725089e+24	5.266723e+24	1.761034e+24	8.104708e+22	1.005026e+24	8.712e+23	4.885749e+23	3.826252e+23	1.279383e+23	5.888036e+21	0.005858588	1.809048e+24	0	0	0	1.455625e+24	6.63756e+22	2.87047e+23	0	0	0	0	0	0	0	0	0	0	0	0	0	0	1.29471e+25	1.396119e+16	1.29471e+25	5.852801e+24	1.000822e+17	5.852801e+24	3.133318e+24	3.185772e+07	3.133318e+24	1.17056e+25	4.275205e+07	1.17056e+25	3.488033e+24	5.065706e+08	3.488033e+24	1.117353e+25	4.875197e+16	1.117353e+25	6.549606e+23	4.325124e-10	0.0002219726	9.624446e+12	1192053	2.213577e+07	1.139691e-07	2.776592e-14	1.045528e-21	0.2672315	0.5	0.003018789	1	2.019773	0.2511691	10569.8	1.117189e+26	1.827432e+28	5.151575e+27	6.741065e+25	3.118866e+27	1.203261e+27	5.325573e+26	2.294797e+26	0.2188657	0	0.0265408	0.03560219	0.03560219	0.001424136	0.02670164	0	0	-0.02075	0	2.067959e-21	0	2.067959e-21	0	-532.2401	0	-532.2401	0	30465.9	77194.93	9.718805	8536.225	3657778	1.106061	0	0	0	1	2	0	0	0	
504	1412	3.45e+19	0	0	100000	1.9795	1e-05	1.464765e+25	1.264076e+25	7.127562e+24	5.513202e+24	1.907467e+24	9.942016e+22	1.064146e+24	9.183461e+23	5.178144e+23	4.005318e+23	1.385766e+23	7.222832e+21	0.006787447	1.915462e+24	0	0	0	1.532531e+24	7.899935e+22	3.039321e+23	0	0	0	0	0	0	0	0	0	0	0	0	0	0	1.37087e+25	1.620725e+16	1.37087e+25	6.197083e+24	1.034424e+17	6.197083e+24	3.31763e+24	3.357962e+07	3.31763e+24	1.239417e+25	4.506279e+07	1.239417e+25	3.693211e+24	5.339506e+08	3.693211e+24	1.18308e+25	5.1387e+16	1.18308e+25	6.463439e+23	4.415555e-10	0.0002330817	9.19915e+12	1334811	2.522557e+07	1.189226e-07	3.023198e-14	1.187866e-21	0.2781085	0.5	0.003278208	1	2.138584	0.2659437	10569.8	1.117189e+26	1.827432e+28	5.151575e+27	6.741065e+25	3.118866e+27	1.203261e+27	5.325573e+26	2.294797e+26	0.2188657	0	0.02642615	0.03560219	0.03560219	0.001424136	0.02670164	0	0	-0.0205	0	2.170234e-21	0	2.170234e-21	0	-531.6734	0	-531.6734	0	30462.05	77194.93	10.2905	8535.147	3657778	1.106061	0	0	0	1	2	0	0	0	
532	1412	3.45e+19	0	0	100000	1.97975	1e-05	1.546141e+25	1.328498e+25	7.529503e+24	5.75548e+24	2.054506e+24	1.219203e+23	1.123265e+24	9.651483e+23	5.470151e+23	4.181332e+23	1.49259e+23	8.857461e+21	0.007885461	2.021877e+24	0	0	0	1.606914e+24	9.414588e+22	3.208172e+23	0	0	0	0	0	0	0	0	0	0	0	0	0	0	1.447029e+25	1.87604e+16	1.447029e+25	6.541366e+24	1.064658e+17	6.541365e+24	3.501943e+24	3.525095e+07	3.501943e+24	1.308273e+25	4.730566e+07	1.308273e+25	3.89839e+24	5.605264e+08	3.89839e+24	1.248806e+25	5.394464e+16	1.248806e+25	6.382581e+23	4.50228e-10	0.0002439958	8.795532e+12	1487034	2.857464e+07	1.23852e-07	3.279014e-14	1.341784e-21	0.2884068	0.5	0.003540512	1	2.257394	0.2807184	10569.8	1.117189e+26	1.827432e+28	5.151575e+27	6.741065e+25	3.118866e+27	1.203261e+27	5.325573e+26	2.294797e+26	0.2188657	0	0.02631186	0.03560219	0.03560219	0.001424136	0.02670164	0	0	-0.02025	0	2.278904e-21	0	2.278904e-21	0	-531.0998	0	-531.0998	0	30458.2	77194.93	10.86219	8534.069	3657778	1.106061	0	0	0	1	2	0	0	0	
560	1412	3.45e+19	0	0	100000	1.98	1e-05	1.627517e+25	1.39246e+25	7.930834e+24	5.993763e+24	2.201664e+24	1.489071e+23	1.182384e+24	1.011616e+24	5.761717e+23	4.354443e+23	1.5995e+23	1.081804e+22	0.009149342	2.128291e+24	0	0	0	1.67868e+24	1.119094e+23	3.377023e+23	0	0	0	0	0	0	0	0	0	0	0	0	0	0	1.523189e+25	2.166072e+16	1.523189e+25	6.885648e+24	1.091527e+17	6.885648e+24	3.686256e+24	3.686745e+07	3.686256e+24	1.37713e+25	4.947495e+07	1.37713e+25	4.103568e+24	5.862305e+08	4.103568e+24	1.314533e+25	5.641838e+16	1.314533e+25	6.306456e+23	4.585627e-10	0.0002547242	8.413024e+12	1648765	3.21897e+07	1.287557e-07	3.543809e-14	1.507555e-21	0.2981415	0.5	0.003804929	1	2.376204	0.295493	10569.8	1.117189e+26	1.827432e+28	5.151575e+27	6.741065e+25	3.118866e+27	1.203261e+27	5.325573e+26	2.294797e+26	0.2188657	0	0.02619795	0.03560219	0.03560219	0.001424136	0.02670164	0	0	-0.02	0	2.394456e-21	0	2.394456e-21	0	-530.5192	0	-530.5192	0	30454.36	77194.93	11.43389	8532.992	3657778	1.106061	0	0	0	1	2	0	0	0	
588	1412	3.45e+19	0	0	100000	1.98025	1e-05	1.708893e+25	1.455972e+25	8.331506e+24	6.228218e+24	2.3486e+24	1.80602e+23	1.241503e+24	1.057758e+24	6.052804e+23	4.524773e+23	1.706248e+23	1.312066e+22	0.01056837	2.234706e+24	0	0	0	1.747838e+24	1.322805e+23	3.545873e+23	0	0	0	0	0	0	0	0	0	0	0	0	0	0	1.599348e+25	2.495521e+16	1.599348e+25	7.22993e+24	1.115105e+17	7.22993e+24	3.870569e+24	3.842708e+07	3.870569e+24	1.445986e+25	5.156793e+07	1.445986e+25	4.308746e+24	6.110302e+08	4.308746e+24	1.380259e+25	5.880509e+16	1.380259e+25	6.234572e+23	4.665886e-10	0.0002652758	8.050974e+12	1820078	3.607626e+07	1.336319e-07	3.817315e-14	1.685407e-21	0.307331	0.5	0.00407075	1	2.495014	0.3102677	10569.8	1.117189e+26	1.827432e+28	5.151575e+27	6.741065e+25	3.118866e+27	1.203261e+27	5.325573e+26	2.294797e+26	0.2188657	0	0.02608444	0.03560219	0.03560219	0.001424136	0.02670164	0	0	-0.01975	0	2.517419e-21	0	2.517419e-21	0	-529.9313	0	-529.9313	0	30450.51	77194.93	12.00558	8531.915	3657778	1.106061	0	0	0	1	2	0	0	0	
616	1412	3.45e+19	0	0	100000	1.9805	1e-05	1.790268e+25	1.519048e+25	8.731476e+24	6.459001e+24	2.495121e+24	2.170875e+23	1.300622e+24	1.103582e+24	6.34338e+23	4.692436e+23	1.812695e+23	1.577132e+22	0.01212598	2.34112e+24	0	0	0	1.814491e+24	1.551568e+23	3.714724e+23	0	0	0	0	0	0	0	0	0	0	0	0	0	0	1.675508e+25	2.8699e+16	1.675508e+25	7.574213e+24	1.135533e+17	7.574213e+24	4.054882e+24	3.993005e+07	4.054882e+24	1.514843e+25	5.358486e+07	1.514843e+25	4.513925e+24	6.349289e+08	4.513925e+24	1.445986e+25	6.110508e+16	1.445986e+25	6.166508e+23	4.743304e-10	0.0002756581	7.708642e+12	2001103	4.023883e+07	1.384789e-07	4.099254e-14	1.875534e-21	0.3159968	0.5	0.004337347	1	2.613824	0.3250423	10569.8	1.117189e+26	1.827432e+28	5.151575e+27	6.741065e+25	3.118866e+27	1.203261e+27	5.325573e+26	2.294797e+26	0.2188657	0	0.02597136	0.03560219	0.03560219	0.001424136	0.02670164	0	0	-0.0195	0	2.648369e-21	0	2.648369e-21	0	-529.336	0	-529.336	0	30446.67	77194.93	12.57728	8530.838	3657778	1.106061	0	0	0	1	2	0	0	0	
644	1412	3.45e+19	0	0	100000	1.98075	1e-05	1.871644e+25	1.581696e+25	9.130705e+24	6.686252e+24	2.641165e+24	2.583203e+23	1.359742e+24	1.149095e+24	6.633418e+23	4.857534e+23	1.918795e+23	1.876686e+22	0.01380178	2.447535e+24	0	0	0	1.878816e+24	1.803618e+23	3.883575e+23	0	0	0	0	0	0	0	0	0	0	0	0	0	0	1.751667e+25	3.295713e+16	1.751667e+25	7.918495e+24	1.153004e+17	7.918495e+24	4.239194e+24	4.137856e+07	4.239194e+24	1.583699e+25	5.552872e+07	1.583699e+25	4.719103e+24	6.579618e+08	4.719103e+24	1.511713e+25	6.332175e+16	1.511713e+25	6.101904e+23	4.818097e-10	0.0002858779	7.385205e+12	2192033	4.46812e+07	1.432952e-07	4.389353e-14	2.07811e-21	0.3241627	0.5	0.00460418	1	2.732634	0.339817	10569.8	1.117189e+26	1.827432e+28	5.151575e+27	6.741065e+25	3.118866e+27	1.203261e+27	5.325573e+26	2.294797e+26	0.2188657	0	0.02585873	0.03560219	0.03560219	0.001424136	0.02670164	0	0	-0.01925	0	2.787938e-21	0	2.787938e-21	0	-528.7331	0	-528.7331	0	30442.83	77194.93	13.14897	8529.761	3657778	1.106061	0	0	0	1	2	0	0	0	
672	1412	3.45e+19	0	0	100000	1.981	1e-05	1.95302e+25	1.643927e+25	9.529159e+24	6.910106e+24	2.786782e+24	3.041541e+23	1.418861e+24	1.194306e+24	6.922893e+23	5.020163e+23	2.024585e+23	2.209667e+22	0.01557353	2.553949e+24	0	0	0	1.941039e+24	2.07668e+23	4.052426e+23	0	0	0	0	0	0	0	0	0	0	0	0	0	0	1.827827e+25	3.780619e+16	1.827827e+25	8.262778e+24	1.167749e+17	8.262777e+24	4.423507e+24	4.277648e+07	4.423507e+24	1.652556e+25	5.740467e+07	1.652556e+25	4.924282e+24	6.8019e+08	4.924282e+24	1.577439e+25	6.546097e+16	1.577439e+25	6.040451e+23	4.890456e-10	0.0002959416	7.07978e+12	2393130	4.94066e+07	1.480796e-07	4.687353e-14	2.293291e-21	0.3318543	0.5	0.0048708	1	2.851445	0.3545916	10569.8	1.117189e+26	1.827432e+28	5.151575e+27	6.741065e+25	3.118866e+27	1.203261e+27	5.325573e+26	2.294797e+26	0.2188657	0	0.02574658	0.03560219	0.03560219	0.001424136	0.02670164	0	0	-0.019	0	2.936815e-21	0	2.936815e-21	0	-528.1224	0	-528.1224	0	30438.99	77194.93	13.72067	8528.685	3657778	1.106061	0	0	0	1	2	0	0	0	
700	1412	3.45e+19	0	0	100000	1.98125	1e-05	2.034396e+25	1.705749e+25	9.926805e+24	7.130686e+24	2.932102e+24	3.543676e+23	1.47798e+24	1.239219e+24	7.211781e+23	5.180413e+23	2.130159e+23	2.574465e+22	0.01741881	2.660364e+24	0	0	0	2.001417e+24	2.368189e+23	4.221277e+23	0	0	0	0	0	0	0	0	0	0	0	0	0	0	1.903986e+25	4.333678e+16	1.903986e+25	8.60706e+24	1.180018e+17	8.60706e+24	4.60782e+24	4.412872e+07	4.60782e+24	1.721412e+25	5.921935e+07	1.721412e+25	5.12946e+24	7.016922e+08	5.12946e+24	1.643166e+25	6.753033e+16	1.643166e+25	5.981878e+23	4.96055e-10	0.000305855	6.79144e+12	2604717	5.441795e+07	1.528315e-07	4.993021e-14	2.521232e-21	0.339098	0.5	0.005136839	1	2.970255	0.3693663	10569.8	1.117189e+26	1.827432e+28	5.151575e+27	6.741065e+25	3.118866e+27	1.203261e+27	5.325573e+26	2.294797e+26	0.2188657	0	0.02563492	0.03560219	0.03560219	0.001424136	0.02670164	0	0	-0.01875	0	3.095755e-21	0	3.095755e-21	0	-527.5036	0	-527.5036	0	30435.15	77194.93	14.29236	8527.609	3657778	1.106061	0	0	0	1	2	0	0	0	
728	1412	3.45e+19	0	0	100000	1.9815	1e-05	2.115772e+25	1.767172e+25	1.032361e+25	7.348109e+24	3.077308e+24	4.086901e+23	1.537099e+24	1.283843e+24	7.50006e+23	5.33837e+23	2.235651e+23	2.969116e+22	0.01931636	2.766779e+24	0	0	0	2.060217e+24	2.67549e+23	4.390128e+23	0	0	0	0	0	0	0	0	0	0	0	0	0	0	1.980145e+25	4.965551e+16	1.980145e+25	8.951342e+24	1.190062e+17	8.951342e+24	4.792133e+24	4.544088e+07	4.792133e+24	1.790268e+25	6.098022e+07	1.790268e+25	5.334638e+24	7.225568e+08	5.334638e+24	1.708893e+25	6.953832e+16	1.708893e+25	5.925947e+23	5.028529e-10	0.0003156235	6.51924e+12	2827176	5.971803e+07	1.575509e-07	5.306149e-14	2.762084e-21	0.3459205	0.5	0.005402006	1	3.089065	0.3841409	10569.8	1.117189e+26	1.827432e+28	5.151575e+27	6.741065e+25	3.118866e+27	1.203261e+27	5.325573e+26	2.294797e+26	0.2188657	0	0.02552379	0.03560219	0.03560219	0.001424136	0.02670164	0	0	-0.0185	0	3.265583e-21	0	3.265583e-21	0	-526.8767	0	-526.8767	0	30431.31	77194.93	14.86406	8526.533	3657778	1.106061	0	0	0	1	2	0	0	0	
756	1412	3.45e+19	0	0	100000	1.98175	1e-05	2.197148e+25	1.828204e+25	1.071955e+25	7.562483e+24	3.222615e+24	4.668256e+23	1.596218e+24	1.328182e+24	7.78771e+23	5.494111e+23	2.341216e+23	3.391468e+22	0.02124689	2.873193e+24	0	0	0	2.117697e+24	2.995982e+23	4.558978e+23	0	0	0	0	0	0	0	0	0	0	0	0	0	0	2.056305e+25	5.688812e+16	2.056305e+25	9.295625e+24	1.198126e+17	9.295625e+24	4.976446e+24	4.671872e+07	4.976446e+24	1.859125e+25	6.269503e+07	1.859125e+25	5.539817e+24	7.428757e+08	5.539817e+24	1.774619e+25	7.14938e+16	1.774619e+25	5.87245e+23	5.09453e-10	0.0003252523	6.262238e+12	3060932	6.53095e+07	1.62238e-07	5.626554e-14	3.016001e-21	0.3523482	0.5	0.005666075	1	3.207875	0.3989156	10569.8	1.117189e+26	1.827432e+28	5.151575e+27	6.741065e+25	3.118866e+27	1.203261e+27	5.325573e+26	2.294797e+26	0.2188657	0	0.02541319	0.03560219	0.03560219	0.001424136	0.02670164	0	0	-0.01825	0	3.447208e-21	0	3.447208e-21	0	-526.2413	0	-526.2413	0	30427.47	77194.93	15.43575	8525.458	3657778	1.106061	0	0	0	1	2	0	0	0	
784	1412	3.45e+19	0	0	100000	1.982	1e-05	2.278524e+25	1.888852e+25	1.111461e+25	7.773911e+24	3.368249e+24	5.284706e+23	1.655338e+24	1.372243e+24	8.074713e+23	5.647713e+23	2.447018e+23	3.839316e+22	0.02319355	2.979608e+24	0	0	0	2.174102e+24	3.327224e+23	4.727829e+23	0	0	0	0	0	0	0	0	0	0	0	0	0	0	2.132464e+25	6.518285e+16	2.132464e+25	9.639907e+24	1.204435e+17	9.639907e+24	5.160758e+24	4.796789e+07	5.160758e+24	1.927981e+25	6.437138e+07	1.927981e+25	5.744995e+24	7.627388e+08	5.744995e+24	1.840346e+25	7.340541e+16	1.840346e+25	5.821199e+23	5.158676e-10	0.0003347463	6.019509e+12	3306444	7.119509e+07	1.668932e-07	5.954079e-14	3.283142e-21	0.3584063	0.5	0.005928871	1	3.326685	0.4136902	10569.8	1.117189e+26	1.827432e+28	5.151575e+27	6.741065e+25	3.118866e+27	1.203261e+27	5.325573e+26	2.294797e+26	0.2188657	0	0.02530315	0.03560219	0.03560219	0.001424136	0.02670164	0	0	-0.018	0	3.641625e-21	0	3.641625e-21	0	-525.5972	0	-525.5972	0	30423.63	77194.93	16.00745	8524.382	3657778	1.106061	0	0	0	1	2	0	0	0	
812	1412	3.45e+19	0	0	100000	1.98225	1e-05	2.359899e+25	1.949123e+25	1.150874e+25	7.982488e+24	3.514433e+24	5.933283e+23	1.714457e+24	1.41603e+24	8.361054e+23	5.799243e+23	2.553221e+23	4.310505e+22	0.0251421	3.086022e+24	0	0	0	2.229654e+24	3.667002e+23	4.896679e+23	0	0	0	0	0	0	0	0	0	0	0	0	0	0	2.208624e+25	7.47144e+16	2.208624e+25	9.98419e+24	1.209193e+17	9.984189e+24	5.345071e+24	4.919369e+07	5.345071e+24	1.996838e+25	6.601638e+07	1.996838e+25	5.950174e+24	7.822304e+08	5.950174e+24	1.906073e+25	7.528126e+16	1.906073e+25	5.772031e+23	5.221075e-10	0.0003441098	5.790161e+12	3564199	7.737752e+07	1.715172e-07	6.288586e-14	3.563668e-21	0.3641193	0.5	0.006190264	1	3.445496	0.4284649	10569.8	1.117189e+26	1.827432e+28	5.151575e+27	6.741065e+25	3.118866e+27	1.203261e+27	5.325573e+26	2.294797e+26	0.2188657	0	0.0251937	0.03560219	0.03560219	0.001424136	0.02670164	0	0	-0.01775	0	3.84993e-21	0	3.84993e-21	0	-524.9442	0	-524.9442	0	30419.79	77194.93	16.57914	8523.307	3657778	1.106061	0	0	0	1	2	0	0	0	
840	1412	3.45e+19	0	0	100000	1.9825	1e-05	2.441275e+25	2.009026e+25	1.190195e+25	8.188305e+24	3.661379e+24	6.611173e+23	1.773576e+24	1.459548e+24	8.646717e+23	5.948768e+23	2.659976e+23	4.802989e+22	0.02708082	3.192437e+24	0	0	0	2.284548e+24	4.013354e+23	5.06553e+23	0	0	0	0	0	0	0	0	0	0	0	0	0	0	2.284783e+25	8.568895e+16	2.284783e+25	1.032847e+25	1.21258e+17	1.032847e+25	5.529384e+24	5.040095e+07	5.529384e+24	2.065694e+25	6.763648e+07	2.065694e+25	6.155352e+24	8.01427e+08	6.155352e+24	1.971799e+25	7.712873e+16	1.971799e+25	5.724796e+23	5.28183e-10	0.0003533473	5.57334e+12	3834698	8.385956e+07	1.76111e-07	6.629955e-14	3.857746e-21	0.3695099	0.5	0.006450158	1	3.564306	0.4432395	10569.8	1.117189e+26	1.827432e+28	5.151575e+27	6.741065e+25	3.118866e+27	1.203261e+27	5.325573e+26	2.294797e+26	0.2188657	0	0.02508485	0.03560219	0.03560219	0.001424136	0.02670164	0	0	-0.0175	0	4.07333e-21	0	4.07333e-21	0	-524.282	0	-524.282	0	30415.96	77194.93	17.15084	8522.233	3657778	1.106061	0	0	0	1	2	0	0	0	
868	1412	3.45e+19	0	0	100000	1.98275	1e-05	2.522651e+25	2.068565e+25	1.229421e+25	8.391446e+24	3.80928e+24	7.315777e+23	1.832695e+24	1.502804e+24	8.931689e+23	6.09635e+23	2.767426e+23	5.314881e+22	0.02900035	3.298851e+24	0	0	0	2.338955e+24	4.364583e+23	5.23438e+23	0	0	0	0	0	0	0	0	0	0	0	0	0	0	2.360943e+25	9.834965e+16	2.360943e+25	1.067275e+25	1.214753e+17	1.067275e+25	5.713697e+24	5.159392e+07	5.713697e+24	2.134551e+25	6.92374e+07	2.134551e+25	6.36053e+24	8.203964e+08	6.36053e+24	2.037526e+25	7.895434e+16	2.037526e+25	5.679362e+23	5.34103e-10	0.0003624627	5.368238e+12	4118452	9.064405e+07	1.806755e-07	6.978077e-14	4.165541e-21	0.3745998	0.5	0.006708484	1	3.683116	0.4580142	10569.8	1.117189e+26	1.827432e+28	5.151575e+27	6.741065e+25	3.118866e+27	1.203261e+27	5.325573e+26	2.294797e+26	0.2188657	0	0.02497662	0.03560219	0.03560219	0.001424136	0.02670164	0	0	-0.01725	0	4.313156e-21	0	4.313156e-21	0	-523.6104	0	-523.6104	0	30412.12	77194.93	17.72253	8521.158	3657778	1.106061	0	0	0	1	2	0	0	0	
896	1412	3.45e+19	0	0	100000	1.983	1e-05	2.604027e+25	2.127749e+25	1.268549e+25	8.591993e+24	3.958308e+24	8.044731e+23	1.891814e+24	1.5458e+24	9.215957e+23	6.242046e+23	2.875694e+23	5.844463e+22	0.03089343	3.405266e+24	0	0	0	2.393018e+24	4.719245e+23	5.403231e+23	0	0	0	0	0	0	0	0	0	0	0	0	0	0	2.437102e+25	1.129845e+17	2.437102e+25	1.101704e+25	1.215845e+17	1.101704e+25	5.89801e+24	5.277629e+07	5.89801e+24	2.203407e+25	7.082411e+07	2.203407e+25	6.565709e+24	8.391974e+08	6.565709e+24	2.103252e+25	8.076373e+16	2.103252e+25	5.635608e+23	5.398761e-10	0.0003714596	5.174096e+12	4415975	9.773378e+07	1.852115e-07	7.332855e-14	4.487221e-21	0.379409	0.5	0.006965193	1	3.801926	0.4727888	10569.8	1.117189e+26	1.827432e+28	5.151575e+27	6.741065e+25	3.118866e+27	1.203261e+27	5.325573e+26	2.294797e+26	0.2188657	0	0.02486903	0.03560219	0.03560219	0.001424136	0.02670164	0	0	-0.017	0	4.570878e-21	0	4.570878e-21	0	-522.9291	0	-522.9291	0	30408.29	77194.93	18.29423	8520.084	3657778	1.106061	0	0	0	1	2	0	0	0	
924	1412	3.45e+19	0	0	100000	1.98325	1e-05	2.685403e+25	2.186582e+25	1.30758e+25	8.790021e+24	4.108615e+24	8.795923e+23	1.950934e+24	1.588542e+24	9.499512e+23	6.385913e+23	2.984891e+23	6.3902e+22	0.03275458	3.51168e+24	0	0	0	2.446859e+24	5.076131e+23	5.572081e+23	0	0	0	0	0	0	0	0	0	0	0	0	0	0	2.513262e+25	1.299348e+17	2.513262e+25	1.136132e+25	1.215969e+17	1.136132e+25	6.082322e+24	5.39512e+07	6.082322e+24	2.272264e+25	7.24008e+07	2.272264e+25	6.770887e+24	8.578797e+08	6.770887e+24	2.168979e+25	8.25617e+16	2.168979e+25	5.593426e+23	5.455097e-10	0.0003803418	4.990203e+12	4727783	1.051316e+08	1.897199e-07	7.694199e-14	4.822951e-21	0.3839561	0.5	0.007220251	1	3.920736	0.4875635	10569.8	1.117189e+26	1.827432e+28	5.151575e+27	6.741065e+25	3.118866e+27	1.203261e+27	5.325573e+26	2.294797e+26	0.2188657	0	0.02476211	0.03560219	0.03560219	0.001424136	0.02670164	0	0	-0.01675	0	4.84812e-21	0	4.84812e-21	0	-522.2378	0	-522.2378	0	30404.46	77194.93	18.86592	8519.01	3657778	1.106061	0	0	0	1	2	0	0	0	
952	1412	3.45e+19	0	0	100000	1.9835	1e-05	2.766779e+25	2.245071e+25	1.346511e+25	8.985603e+24	4.260329e+24	9.56748e+23	2.010053e+24	1.631034e+24	9.782342e+23	6.528002e+23	3.095111e+23	6.950733e+22	0.03457985	3.618095e+24	0	0	0	2.500577e+24	5.434244e+23	5.740932e+23	0	0	0	0	0	0	0	0	0	0	0	0	0	0	2.589421e+25	1.496057e+17	2.589421e+25	1.17056e+25	1.21522e+17	1.17056e+25	6.266635e+24	5.512128e+07	6.266635e+24	2.34112e+25	7.397101e+07	2.34112e+25	6.976066e+24	8.764851e+08	6.976066e+24	2.234706e+25	8.435227e+16	2.234706e+25	5.552717e+23	5.510111e-10	0.0003891125	4.815896e+12	5054386	1.128402e+08	1.942018e-07	8.062022e-14	5.172896e-21	0.3882586	0.5	0.007473638	1	4.039547	0.5023381	10569.8	1.117189e+26	1.827432e+28	5.151575e+27	6.741065e+25	3.118866e+27	1.203261e+27	5.325573e+26	2.294797e+26	0.2188657	0	0.02465586	0.03560219	0.03560219	0.001424136	0.02670164	0	0	-0.0165	0	5.146684e-21	0	5.146684e-21	0	-521.5363	0	-521.5363	0	30400.63	77194.93	19.43762	8517.937	3657778	1.106061	0	0	0	1	2	0	0	0	
980	1412	3.45e+19	0	0	100000	1.98375	1e-05	2.848154e+25	2.303221e+25	1.38534e+25	9.178806e+24	4.413558e+24	1.035776e+24	2.069172e+24	1.67328e+24	1.006444e+24	6.668364e+23	3.206431e+23	7.524868e+22	0.03636656	3.72451e+24	0	0	0	2.554254e+24	5.792774e+23	5.909782e+23	0	0	0	0	0	0	0	0	0	0	0	0	0	0	2.66558e+25	1.724801e+17	2.66558e+25	1.204988e+25	1.213677e+17	1.204988e+25	6.450948e+24	5.628869e+07	6.450948e+24	2.409977e+25	7.553763e+07	2.409977e+25	7.181244e+24	8.950481e+08	7.181244e+24	2.300432e+25	8.613876e+16	2.300432e+25	5.513393e+23	5.563865e-10	0.0003977749	4.650559e+12	5396288	1.208622e+08	1.986579e-07	8.436242e-14	5.537214e-21	0.3923324	0.5	0.007725341	1	4.158357	0.5171128	10569.8	1.117189e+26	1.827432e+28	5.151575e+27	6.741065e+25	3.118866e+27	1.203261e+27	5.325573e+26	2.294797e+26	0.2188657	0	0.02455031	0.03560219	0.03560219	0.001424136	0.02670164	0	0	-0.01625	0	5.468566e-21	0	5.468566e-21	0	-520.8241	0	-520.8241	0	30396.8	77194.93	20.00931	8516.863	3657778	1.106061	0	0	0	1	2	0	0	0	
1008	1412	3.45e+19	0	0	100000	1.984	1e-05	2.92953e+25	2.361038e+25	1.424068e+25	9.369697e+24	4.568393e+24	1.116533e+24	2.128291e+24	1.715284e+24	1.034579e+24	6.807045e+23	3.318918e+23	8.111563e+22	0.03811303	3.830924e+24	0	0	0	2.607954e+24	6.151072e+23	6.078633e+23	0	0	0	0	0	0	0	0	0	0	0	0	0	0	2.74174e+25	1.991327e+17	2.74174e+25	1.239417e+25	1.211408e+17	1.239417e+25	6.635261e+24	5.745519e+07	6.635261e+24	2.478833e+25	7.710304e+07	2.478833e+25	7.386422e+24	9.135966e+08	7.386422e+24	2.366159e+25	8.792386e+16	2.366159e+25	5.47537e+23	5.616421e-10	0.0004063321	4.49362e+12	5753986	1.292003e+08	2.030889e-07	8.816774e-14	5.916057e-21	0.3961923	0.5	0.007975353	1	4.277167	0.5318874	10569.8	1.117189e+26	1.827432e+28	5.151575e+27	6.741065e+25	3.118866e+27	1.203261e+27	5.325573e+26	2.294797e+26	0.2188657	0	0.02444547	0.03560219	0.03560219	0.001424136	0.02670164	0	0	-0.016	0	5.815983e-21	0	5.815983e-21	0	-520.1011	0	-520.1011	0	30392.97	77194.93	20.58101	8515.79	3657778	1.106061	0	0	0	1	2	0	0	0	
1036	1412	3.45e+19	0	0	100000	1.98425	1e-05	3.010906e+25	2.418526e+25	1.462692e+25	9.558337e+24	4.724905e+24	1.198894e+24	2.18741e+24	1.757049e+24	1.06264e+24	6.944091e+23	3.432623e+23	8.709916e+22	0.03981839	3.937339e+24	0	0	0	2.661728e+24	6.508627e+23	6.247483e+23	0	0	0	0	0	0	0	0	0	0	0	0	0	0	2.817899e+25	2.302523e+17	2.817899e+25	1.273845e+25	1.208469e+17	1.273845e+25	6.819574e+24	5.86222e+07	6.819574e+24	2.54769e+25	7.866912e+07	2.54769e+25	7.591601e+24	9.321532e+08	7.591601e+24	2.431886e+25	8.970973e+16	2.431886e+25	5.438574e+23	5.667834e-10	0.0004147869	4.344548e+12	6127968	1.378568e+08	2.074955e-07	9.203538e-14	6.309573e-21	0.3998521	0.5	0.008223673	1	4.395977	0.5466621	10569.8	1.117189e+26	1.827432e+28	5.151575e+27	6.741065e+25	3.118866e+27	1.203261e+27	5.325573e+26	2.294797e+26	0.2188657	0	0.02434136	0.03560219	0.03560219	0.001424136	0.02670164	0	0	-0.01575	0	6.191404e-21	0	6.191404e-21	0	-519.3667	0	-519.3667	0	30389.14	77194.93	21.1527	8514.717	3657778	1.106061	0	0	0	1	2	0	0	0	
1064	1412	3.45e+19	0	0	100000	1.9845	1e-05	3.092282e+25	2.475691e+25	1.501213e+25	9.744785e+24	4.883154e+24	1.282753e+24	2.24653e+24	1.798579e+24	1.090625e+24	7.079545e+23	3.54759e+23	9.319147e+22	0.04148241	4.043753e+24	0	0	0	2.715616e+24	6.865041e+23	6.416333e+23	0	0	0	0	0	0	0	0	0	0	0	0	0	0	2.894059e+25	2.666641e+17	2.894059e+25	1.308273e+25	1.204907e+17	1.308273e+25	7.003886e+24	5.979082e+07	7.003886e+24	2.616546e+25	8.023738e+07	2.616546e+25	7.796779e+24	9.507355e+08	7.796779e+24	2.497612e+25	9.149808e+16	2.497612e+25	5.402936e+23	5.718155e-10	0.0004231422	4.202852e+12	6518714	1.468341e+08	2.118783e-07	9.596449e-14	6.717901e-21	0.4033246	0.5	0.008470304	1	4.514787	0.5614367	10569.8	1.117189e+26	1.827432e+28	5.151575e+27	6.741065e+25	3.118866e+27	1.203261e+27	5.325573e+26	2.294797e+26	0.2188657	0	0.024238	0.03560219	0.03560219	0.001424136	0.02670164	0	0	-0.0155	0	6.597579e-21	0	6.597579e-21	0	-518.6208	0	-518.6208	0	30385.31	77194.93	21.7244	8513.645	3657778	1.106061	0	0	0	1	2	0	0	0	
1092	1412	3.45e+19	0	0	100000	1.98475	1e-05	3.173658e+25	2.532538e+25	1.539628e+25	9.929098e+24	5.043183e+24	1.368017e+24	2.305649e+24	1.839878e+24	1.118533e+24	7.213447e+23	3.663851e+23	9.938584e+22	0.04310537	4.150168e+24	0	0	0	2.769648e+24	7.220017e+23	6.585182e+23	0	0	0	0	0	0	0	0	0	0	0	0	0	0	2.970218e+25	3.093582e+17	2.970218e+25	1.342701e+25	1.200763e+17	1.342701e+25	7.188199e+24	6.096192e+07	7.188199e+24	2.685403e+25	8.180896e+07	2.685403e+25	8.001958e+24	9.693572e+08	8.001958e+24	2.563339e+25	9.329021e+16	2.563339e+25	5.368394e+23	5.767433e-10	0.0004314004	4.068075e+12	6926692	1.561342e+08	2.162379e-07	9.995424e-14	7.141174e-21	0.4066213	0.5	0.008715249	1	4.633598	0.5762114	10569.8	1.117189e+26	1.827432e+28	5.151575e+27	6.741065e+25	3.118866e+27	1.203261e+27	5.325573e+26	2.294797e+26	0.2188657	0	0.02413541	0.03560219	0.03560219	0.001424136	0.02670164	0	0	-0.01525	0	7.037578e-21	0	7.037578e-21	0	-517.8629	0	-517.8629	0	30381.48	77194.93	22.29609	8512.573	3657778	1.106061	0	0	0	1	2	0	0	0	
1120	1412	3.45e+19	0	0	100000	1.985	1e-05	3.255034e+25	2.58907e+25	1.577938e+25	1.011133e+25	5.205027e+24	1.454606e+24	2.364768e+24	1.880949e+24	1.146365e+24	7.345837e+23	3.78143e+23	1.056765e+23	0.04468788	4.256582e+24	0	0	0	2.823846e+24	7.573332e+23	6.754032e+23	0	0	0	0	0	0	0	0	0	0	0	0	0	0	3.046378e+25	3.595309e+17	3.046378e+25	1.37713e+25	1.196072e+17	1.37713e+25	7.372512e+24	6.213615e+07	7.372512e+24	2.754259e+25	8.338473e+07	2.754259e+25	8.207136e+24	9.880286e+08	8.207136e+24	2.629066e+25	9.508714e+16	2.629066e+25	5.334888e+23	5.81571e-10	0.0004395641	3.939794e+12	7352362	1.657591e+08	2.205748e-07	1.040038e-13	7.579513e-21	0.4097534	0.5	0.008958516	1	4.752408	0.590986	10569.8	1.117189e+26	1.827432e+28	5.151575e+27	6.741065e+25	3.118866e+27	1.203261e+27	5.325573e+26	2.294797e+26	0.2188657	0	0.02403359	0.03560219	0.03560219	0.001424136	0.02670164	0	0	-0.015	0	7.514836e-21	0	7.514836e-21	0	-517.0926	0	-517.0926	0	30377.66	77194.93	22.86779	8511.501	3657778	1.106061	0	0	0	1	2	0	0	0	
1148	1412	3.45e+19	0	0	100000	1.98525	1e-05	3.336409e+25	2.645293e+25	1.616141e+25	1.029153e+25	5.368708e+24	1.542451e+24	2.423887e+24	1.921794e+24	1.174119e+24	7.476752e+23	3.900344e+23	1.120584e+23	0.04623087	4.362997e+24	0	0	0	2.878225e+24	7.924834e+23	6.922882e+23	0	0	0	0	0	0	0	0	0	0	0	0	0	0	3.122537e+25	4.186258e+17	3.122537e+25	1.411558e+25	1.190864e+17	1.411558e+25	7.556825e+24	6.331398e+07	7.556825e+24	2.823116e+25	8.496535e+07	2.823116e+25	8.412314e+24	1.006757e+09	8.412314e+24	2.694792e+25	9.688958e+16	2.694792e+25	5.302365e+23	5.863031e-10	0.0004476357	3.817616e+12	7796172	1.757105e+08	2.248892e-07	1.081122e-13	8.033035e-21	0.4127308	0.5	0.009200113	1	4.871218	0.6057607	10569.8	1.117189e+26	1.827432e+28	5.151575e+27	6.741065e+25	3.118866e+27	1.203261e+27	5.325573e+26	2.294797e+26	0.2188657	0	0.02393256	0.03560219	0.03560219	0.001424136	0.02670164	0	0	-0.01475	0	8.033199e-21	0	8.033199e-21	0	-516.3096	0	-516.3096	0	30373.83	77194.93	23.43949	8510.429	3657778	1.106061	0	0	0	1	2	0	0	0	
1176	1412	3.45e+19	0	0	100000	1.9855	1e-05	3.417785e+25	2.701211e+25	1.654237e+25	1.046975e+25	5.534244e+24	1.631495e+24	2.483006e+24	1.962418e+24	1.201796e+24	7.606227e+23	4.020605e+23	1.185274e+23	0.04773544	4.469412e+24	0	0	0	2.932797e+24	8.274418e+23	7.091731e+23	0	0	0	0	0	0	0	0	0	0	0	0	0	0	3.198696e+25	4.883937e+17	3.198696e+25	1.445986e+25	1.185167e+17	1.445986e+25	7.741138e+24	6.449575e+07	7.741138e+24	2.891972e+25	8.655125e+07	2.891972e+25	8.617493e+24	1.025549e+09	8.617493e+24	2.760519e+25	9.869805e+16	2.760519e+25	5.270775e+23	5.909432e-10	0.0004556174	3.701177e+12	8258564	1.859902e+08	2.291816e-07	1.122786e-13	8.501845e-21	0.415563	0.5	0.009440051	1	4.990028	0.6205353	10569.8	1.117189e+26	1.827432e+28	5.151575e+27	6.741065e+25	3.118866e+27	1.203261e+27	5.325573e+26	2.294797e+26	0.2188657	0	0.02383235	0.03560219	0.03560219	0.001424136	0.02670164	0	0	-0.0145	0	8.596986e-21	0	8.596986e-21	0	-515.5133	0	-515.5133	0	30370.01	77194.93	24.01118	8509.358	3657778	1.106061	0	0	0	1	2	0	0	0	
1204	1412	3.45e+19	0	0	100000	1.98575	1e-05	3.499161e+25	2.756828e+25	1.692225e+25	1.064603e+25	5.701644e+24	1.721687e+24	2.542126e+24	2.002824e+24	1.229394e+24	7.734298e+23	4.14222e+23	1.250798e+23	0.04920284	4.575826e+24	0	0	0	2.987565e+24	8.622028e+23	7.260581e+23	0	0	0	0	0	0	0	0	0	0	0	0	0	0	3.274856e+25	5.709591e+17	3.274856e+25	1.480414e+25	1.179007e+17	1.480414e+25	7.92545e+24	6.56817e+07	7.92545e+24	2.960829e+25	8.814274e+07	2.960829e+25	8.822671e+24	1.044406e+09	8.822671e+24	2.826246e+25	1.005129e+17	2.826246e+25	5.240071e+23	5.954951e-10	0.0004635115	3.590138e+12	8739967	1.965994e+08	2.334523e-07	1.165021e-13	8.986041e-21	0.4182587	0.5	0.009678339	1	5.108838	0.63531	10569.8	1.117189e+26	1.827432e+28	5.151575e+27	6.741065e+25	3.118866e+27	1.203261e+27	5.325573e+26	2.294797e+26	0.2188657	0	0.02373295	0.03560219	0.03560219	0.001424136	0.02670164	0	0	-0.01425	0	9.211053e-21	0	9.211053e-21	0	-514.7034	0	-514.7034	0	30366.18	77194.93	24.58288	8508.286	3657778	1.106061	0	0	0	1	2	0	0	0	
1232	1412	3.45e+19	0	0	100000	1.986	1e-05	3.580537e+25	2.812148e+25	1.730105e+25	1.082043e+25	5.870909e+24	1.812983e+24	2.601245e+24	2.043013e+24	1.256914e+24	7.860996e+23	4.26519e+23	1.317124e+23	0.05063438	4.682241e+24	0	0	0	3.042534e+24	8.967635e+23	7.429431e+23	0	0	0	0	0	0	0	0	0	0	0	0	0	0	3.351015e+25	6.68917e+17	3.351015e+25	1.514843e+25	1.172405e+17	1.514843e+25	8.109763e+24	6.687193e+07	8.109763e+24	3.029685e+25	8.973999e+07	3.029685e+25	9.02785e+24	1.063332e+09	9.02785e+24	2.891972e+25	1.023343e+17	2.891972e+25	5.210212e+23	5.999623e-10	0.0004713199	3.484183e+12	9240803	2.075394e+08	2.377016e-07	1.207818e-13	9.485714e-21	0.420826	0.5	0.00991499	1	5.227649	0.6500846	10569.8	1.117189e+26	1.827432e+28	5.151575e+27	6.741065e+25	3.118866e+27	1.203261e+27	5.325573e+26	2.294797e+26	0.2188657	0	0.02363439	0.03560219	0.03560219	0.001424136	0.02670164	0	0	-0.014	0	9.880874e-21	0	9.880874e-21	0	-513.8793	0	-513.8793	0	30362.36	77194.93	25.15458	8507.216	3657778	1.106061	0	0	0	1	2	0	0	0	
1260	1412	3.45e+19	0	0	100000	1.98625	1e-05	3.661913e+25	2.867174e+25	1.767876e+25	1.099298e+25	6.042039e+24	1.905346e+24	2.660364e+24	2.08299e+24	1.284354e+24	7.986354e+23	4.389515e+23	1.384226e+23	0.05203144	4.788655e+24	0	0	0	3.097703e+24	9.311243e+23	7.59828e+23	0	0	0	0	0	0	0	0	0	0	0	0	0	0	3.427175e+25	7.854397e+17	3.427175e+25	1.549271e+25	1.165385e+17	1.549271e+25	8.294076e+24	6.806651e+07	8.294076e+24	3.098542e+25	9.134308e+07	3.098542e+25	9.233028e+24	1.082327e+09	9.233028e+24	2.957699e+25	1.041624e+17	2.957699e+25	5.181156e+23	6.043478e-10	0.0004790448	3.38302e+12	9761486	2.188112e+08	2.419296e-07	1.251168e-13	1.000094e-20	0.4232724	0.5	0.01015002	1	5.346459	0.6648593	10569.8	1.117189e+26	1.827432e+28	5.151575e+27	6.741065e+25	3.118866e+27	1.203261e+27	5.325573e+26	2.294797e+26	0.2188657	0	0.02353668	0.03560219	0.03560219	0.001424136	0.02670164	0	0	-0.01375	0	1.061263e-20	0	1.061263e-20	0	-513.0406	0	-513.0406	0	30358.54	77194.93	25.72627	8506.145	3657778	1.106061	0	0	0	1	2	0	0	0	
1288	1412	3.45e+19	0	0	100000	1.9865	1e-05	3.743289e+25	2.921911e+25	1.805538e+25	1.116373e+25	6.215028e+24	1.998745e+24	2.719483e+24	2.122756e+24	1.311716e+24	8.110401e+23	4.515192e+23	1.452079e+23	0.05339542	4.89507e+24	0	0	0	3.15307e+24	9.652872e+23	7.767129e+23	0	0	0	0	0	0	0	0	0	0	0	0	0	0	3.503334e+25	9.244213e+17	3.503334e+25	1.583699e+25	1.157967e+17	1.583699e+25	8.478389e+24	6.926543e+07	8.478389e+24	3.167398e+25	9.2952e+07	3.167398e+25	9.438206e+24	1.101391e+09	9.438206e+24	3.023425e+25	1.059971e+17	3.023425e+25	5.152867e+23	6.086547e-10	0.0004866879	3.286373e+12	1.030242e+07	2.304158e+08	2.461366e-07	1.29506e-13	1.05318e-20	0.4256051	0.5	0.01038343	1	5.465269	0.6796339	10569.8	1.117189e+26	1.827432e+28	5.151575e+27	6.741065e+25	3.118866e+27	1.203261e+27	5.325573e+26	2.294797e+26	0.2188657	0	0.02343983	0.03560219	0.03560219	0.001424136	0.02670164	0	0	-0.0135	0	1.14133e-20	0	1.14133e-20	0	-512.1867	0	-512.1867	0	30354.72	77194.93	26.29797	8505.075	3657778	1.106061	0	0	0	1	2	0	0	0	
1316	1412	3.45e+19	0	0	100000	1.98675	1e-05	3.824664e+25	2.976363e+25	1.843091e+25	1.133271e+25	6.389868e+24	2.09315e+24	2.778602e+24	2.162315e+24	1.338998e+24	8.233167e+23	4.642212e+23	1.520665e+23	0.05472768	5.001484e+24	0	0	0	3.20863e+24	9.992561e+23	7.935978e+23	0	0	0	0	0	0	0	0	0	0	0	0	0	0	3.579494e+25	1.090649e+18	3.579494e+25	1.618127e+25	1.150171e+17	1.618127e+25	8.662702e+24	7.046866e+07	8.662702e+24	3.236255e+25	9.456669e+07	3.236255e+25	9.643385e+24	1.120524e+09	9.643385e+24	3.089152e+25	1.078384e+17	3.089152e+25	5.125309e+23	6.12886e-10	0.0004942512	3.193989e+12	1.0864e+07	2.423538e+08	2.503229e-07	1.339487e-13	1.107836e-20	0.4278306	0.5	0.01061525	1	5.584079	0.6944086	10569.8	1.117189e+26	1.827432e+28	5.151575e+27	6.741065e+25	3.118866e+27	1.203261e+27	5.325573e+26	2.294797e+26	0.2188657	0	0.02334385	0.03560219	0.03560219	0.001424136	0.02670164	0	0	-0.01325	0	1.229083e-20	0	1.229083e-20	0	-511.3171	0	-511.3171	0	30350.9	77194.93	26.86966	8504.004	3657778	1.106061	0	0	0	1	2	0	0	0	
1344	1412	3.45e+19	0	0	100000	1.987	1e-05	3.90604e+25	3.030532e+25	1.880535e+25	1.149997e+25	6.566548e+24	2.188539e+24	2.837722e+24	2.201668e+24	1.3662e+24	8.354679e+23	4.770569e+23	1.589964e+23	0.05602961	5.107899e+24	0	0	0	3.26438e+24	1.033036e+24	8.104826e+23	0	0	0	0	0	0	0	0	0	0	0	0	0	0	3.655653e+25	1.290045e+18	3.655653e+25	1.652556e+25	1.142019e+17	1.652556e+25	8.847014e+24	7.16761e+07	8.847014e+24	3.305111e+25	9.618704e+07	3.305111e+25	9.848563e+24	1.139723e+09	9.848563e+24	3.154879e+25	1.096861e+17	3.154879e+25	5.098451e+23	6.170442e-10	0.0005017365	3.105628e+12	1.144662e+07	2.546259e+08	2.544885e-07	1.384438e-13	1.164068e-20	0.4299551	0.5	0.01084548	1	5.702889	0.7091832	10569.8	1.117189e+26	1.827432e+28	5.151575e+27	6.741065e+25	3.118866e+27	1.203261e+27	5.325573e+26	2.294797e+26	0.2188657	0	0.02324876	0.03560219	0.03560219	0.001424136	0.02670164	0	0	-0.013	0	1.325424e-20	0	1.325424e-20	0	-510.4313	0	-510.4313	0	30347.08	77194.93	27.44136	8502.935	3657778	1.106061	0	0	0	1	2	0	0	0	
1372	1412	3.45e+19	0	0	100000	1.98725	1e-05	3.987416e+25	3.084422e+25	1.917868e+25	1.166554e+25	6.745054e+24	2.28489e+24	2.896841e+24	2.240819e+24	1.393323e+24	8.474965e+23	4.900253e+23	1.659963e+23	0.05730252	5.214313e+24	0	0	0	3.320314e+24	1.066632e+24	8.273675e+23	0	0	0	0	0	0	0	0	0	0	0	0	0	0	3.731813e+25	1.529957e+18	3.731812e+25	1.686984e+25	1.133529e+17	1.686984e+25	9.031327e+24	7.288765e+07	9.031327e+24	3.373968e+25	9.78129e+07	3.373968e+25	1.005374e+25	1.158988e+09	1.005374e+25	3.220605e+25	1.115402e+17	3.220605e+25	5.072262e+23	6.211319e-10	0.0005091453	3.021069e+12	1.205066e+07	2.672324e+08	2.586335e-07	1.429905e-13	1.22188e-20	0.4319842	0.5	0.01107415	1	5.8217	0.7239579	10569.8	1.117189e+26	1.827432e+28	5.151575e+27	6.741065e+25	3.118866e+27	1.203261e+27	5.325573e+26	2.294797e+26	0.2188657	0	0.02315456	0.03560219	0.03560219	0.001424136	0.02670164	0	0	-0.01275	0	1.431378e-20	0	1.431378e-20	0	-509.5284	0	-509.5284	0	30343.27	77194.93	28.01306	8501.865	3657778	1.106061	0	0	0	1	2	0	0	0	
1400	1412	3.45e+19	0	0	100000	1.9875	1e-05	4.068792e+25	3.138036e+25	1.955091e+25	1.182946e+25	6.925372e+24	2.382184e+24	2.95596e+24	2.27977e+24	1.420365e+24	8.59405e+23	5.031253e+23	1.730646e+23	0.0585477	5.320728e+24	0	0	0	3.376424e+24	1.100052e+24	8.442522e+23	0	0	0	0	0	0	0	0	0	0	0	0	0	0	3.807972e+25	1.819529e+18	3.807972e+25	1.721412e+25	1.124722e+17	1.721412e+25	9.21564e+24	7.410318e+07	9.21564e+24	3.442824e+25	9.944411e+07	3.442824e+25	1.025892e+25	1.178317e+09	1.025892e+25	3.286332e+25	1.134003e+17	3.286332e+25	5.046712e+23	6.251515e-10	0.0005164795	2.940104e+12	1.26765e+07	2.801736e+08	2.627583e-07	1.475877e-13	1.281278e-20	0.4339233	0.5	0.01130127	1	5.94051	0.7387325	10569.8	1.117189e+26	1.827432e+28	5.151575e+27	6.741065e+25	3.118866e+27	1.203261e+27	5.325573e+26	2.294797e+26	0.2188657	0	0.02306127	0.03560219	0.03560219	0.001424136	0.02670164	0	0	-0.0125	0	1.548119e-20	0	1.548119e-20	0	-508.608	0	-508.608	0	30339.45	77194.93	28.58476	8500.796	3657778	1.106061	0	0	0	1	2	0	0	0	
1428	1412	3.45e+19	0	0	100000	1.98775	1e-05	4.150168e+25	3.191379e+25	1.992203e+25	1.199176e+25	7.107656e+24	2.480234e+24	3.015079e+24	2.318523e+24	1.447327e+24	8.711959e+23	5.163682e+23	1.801879e+23	0.05976226	5.427143e+24	0	0	0	3.437093e+24	1.135156e+24	8.548928e+23	0	0	0	0	0	0	0	0	0	0	0	0	0	0	3.884131e+25	2.008347e+18	3.884131e+25	1.75584e+25	1.117628e+17	1.75584e+25	9.399953e+24	7.575256e+07	9.399953e+24	3.51168e+25	1.042142e+08	3.51168e+25	1.04641e+25	1.278008e+09	1.04641e+25	3.352059e+25	1.201751e+17	3.352059e+25	5.021777e+23	6.291053e-10	0.0005237404	2.86237e+12	1.333061e+07	2.934713e+08	2.668749e-07	1.522484e-13	1.342447e-20	0.4357913	0.5	0.01152774	1	6.05932	0.7535072	10569.8	1.117189e+26	1.827432e+28	5.151575e+27	6.741065e+25	3.118866e+27	1.203261e+27	5.325573e+26	2.294797e+26	0.2188657	0	0.02296889	0.03560219	0.03560219	0.001424136	0.02670164	0	0	-0.01225	0	1.676991e-20	0	1.676991e-20	0	-507.6693	0	-507.6693	0	30335.63	77194.93	33.7239	8499.727	3657778	1.079952	0.02362273	6	19.15093	1	2	0	0	0	
1456	1412	3.45e+19	0	0	100000	1.988	1e-05	4.231544e+25	3.244452e+25	2.029205e+25	1.215247e+25	7.291794e+24	2.579122e+24	3.074198e+24	2.357081e+24	1.474209e+24	8.828716e+23	5.297457e+23	1.873721e+23	0.06094991	5.533557e+24	0	0	0	3.49932e+24	1.17072e+24	8.635176e+23	0	0	0	0	0	0	0	0	0	0	0	0	0	0	3.960291e+25	2.129722e+18	3.960291e+25	1.790268e+25	1.110212e+17	1.790268e+25	9.584266e+24	7.74577e+07	9.584266e+24	3.580537e+25	1.107367e+08	3.580537e+25	1.066928e+25	1.431737e+09	1.066928e+25	3.417785e+25	1.299096e+17	3.417785e+25	4.997429e+23	6.329955e-10	0.0005309298	2.787746e+12	1.400996e+07	3.071221e+08	2.709782e-07	1.569662e-13	1.405325e-20	0.4375819	0.5	0.01175307	1	6.17813	0.7682818	10569.8	1.117189e+26	1.827432e+28	5.151575e+27	6.741065e+25	3.118866e+27	1.203261e+27	5.325573e+26	2.294797e+26	0.2188657	0	0.02287743	0.03560219	0.03560219	0.001424136	0.02670164	0	0	-0.012	0	1.819536e-20	0	1.819536e-20	0	-506.7116	0	-506.7116	0	30331.82	77194.93	41.25429	8498.658	3657778	1.041441	0.05846539	6	7.73767	1	2	0	0	0	
1484	1412	3.45e+19	0	0	100000	1.98825	1e-05	4.31292e+25	3.297259e+25	2.066097e+25	1.231163e+25	7.477667e+24	2.678934e+24	3.133318e+24	2.395445e+24	1.50101e+24	8.944346e+23	5.432493e+23	1.946234e+23	0.06211418	5.639972e+24	0	0	0	3.560637e+24	1.205697e+24	8.736374e+23	0	0	0	0	0	0	0	0	0	0	0	0	0	0	4.03645e+25	2.258399e+18	4.03645e+25	1.824697e+25	1.101794e+17	1.824697e+25	9.768578e+24	7.898782e+07	9.768578e+24	3.649393e+25	1.174574e+08	3.649393e+25	1.087446e+25	1.60253e+09	1.087446e+25	3.483512e+25	1.402217e+17	3.483512e+25	4.973646e+23	6.36824e-10	0.0005380489	2.716159e+12	1.471152e+07	3.211158e+08	2.750617e-07	1.617327e-13	1.469821e-20	0.4392916	0.5	0.0119768	1	6.29694	0.7830565	10569.8	1.117189e+26	1.827432e+28	5.151575e+27	6.741065e+25	3.118866e+27	1.203261e+27	5.325573e+26	2.294797e+26	0.2188657	0	0.02278692	0.03560219	0.03560219	0.001424136	0.02670164	0	0	-0.01175	0	1.977529e-20	0	1.977529e-20	0	-505.7341	0	-505.7341	0	30328.01	77194.93	48.82236	8497.59	3657778	1.004176	0.09217934	6	4.907551	1	2	0	0	0	
1512	1412	3.45e+19	0	0	100000	1.9885	1e-05	4.394295e+25	3.349804e+25	2.102877e+25	1.246927e+25	7.665244e+24	2.779673e+24	3.192437e+24	2.433618e+24	1.527731e+24	9.058869e+23	5.568767e+23	2.019421e+23	0.06325641	5.746386e+24	0	0	0	3.621013e+24	1.240076e+24	8.852972e+23	0	0	0	0	0	0	0	0	0	0	0	0	0	0	4.11261e+25	2.395645e+18	4.11261e+25	1.859125e+25	1.092749e+17	1.859125e+25	9.952891e+24	8.03571e+07	9.952891e+24	3.71825e+25	1.244047e+08	3.71825e+25	1.107963e+25	1.792724e+09	1.107963e+25	3.549239e+25	1.511768e+17	3.549239e+25	4.950405e+23	6.405929e-10	0.0005450993	2.647481e+12	1.543531e+07	3.354477e+08	2.791242e-07	1.665453e-13	1.535911e-20	0.4409254	0.5	0.01219889	1	6.415751	0.7978311	10569.8	1.117189e+26	1.827432e+28	5.151575e+27	6.741065e+25	3.118866e+27	1.203261e+27	5.325573e+26	2.294797e+26	0.2188657	0	0.02269734	0.03560219	0.03560219	0.001424136	0.02670164	0	0	-0.0115	0	2.153022e-20	0	2.153022e-20	0	-504.736	0	-504.736	0	30324.19	77194.93	56.43295	8496.521	3657778	0.9680616	0.124851	6	3.62323	1	2	0	0	0	
1540	1412	3.45e+19	0	0	100000	1.98875	1e-05	4.475671e+25	3.402088e+25	2.139547e+25	1.262541e+25	7.854485e+24	2.88135e+24	3.251556e+24	2.471602e+24	1.554371e+24	9.172307e+23	5.70625e+23	2.093288e+23	0.06437805	5.852801e+24	0	0	0	3.680101e+24	1.273698e+24	8.99001e+23	0	0	0	0	0	0	0	0	0	0	0	0	0	0	4.188769e+25	2.60422e+18	4.188769e+25	1.893553e+25	1.074242e+17	1.893553e+25	1.01372e+25	8.157573e+07	1.01372e+25	3.787106e+25	1.305996e+08	3.787106e+25	1.128481e+25	1.969213e+09	1.128481e+25	3.614965e+25	1.610574e+17	3.614965e+25	4.927685e+23	6.443039e-10	0.0005520823	2.581592e+12	1.618091e+07	3.501122e+08	2.831638e-07	1.714008e-13	1.603566e-20	0.4424868	0.5	0.01241926	1	6.534561	0.8126058	10569.8	1.117189e+26	1.827432e+28	5.151575e+27	6.741065e+25	3.118866e+27	1.203261e+27	5.325573e+26	2.294797e+26	0.2188657	0	0.02260871	0.03560219	0.03560219	0.001424136	0.02670164	0	0	-0.01125	0	2.348389e-20	0	2.348389e-20	0	-503.7164	0	-503.7164	0	30320.38	77194.93	62.88643	8495.453	3657778	0.9393939	0.1507851	6	3	1	2	0	0	0	
1568	1412	3.45e+19	0	0	100000	1.989	1e-05	4.557047e+25	3.454114e+25	2.176105e+25	1.278009e+25	8.045348e+24	2.983978e+24	3.310675e+24	2.509399e+24	1.580931e+24	9.284683e+23	5.844911e+23	2.167847e+23	0.06548052	5.959215e+24	0	0	0	3.737493e+24	1.306376e+24	9.153462e+23	0	0	0	0	0	0	0	0	0	0	0	0	0	0	4.264929e+25	3.157389e+18	4.264928e+25	1.927981e+25	1.017442e+17	1.927981e+25	1.032152e+25	8.281561e+07	1.032152e+25	3.855963e+25	1.325846e+08	3.855963e+25	1.148999e+25	1.999143e+09	1.148999e+25	3.680692e+25	1.635053e+17	3.680692e+25	4.905466e+23	6.479589e-10	0.0005589992	2.518376e+12	1.694773e+07	3.651027e+08	2.871787e-07	1.762957e-13	1.672747e-20	0.443979	0.5	0.01263782	1	6.653371	0.8273804	10569.8	1.117189e+26	1.827432e+28	5.151575e+27	6.741065e+25	3.118866e+27	1.203261e+27	5.325573e+26	2.294797e+26	0.2188657	0	0.02252104	0.03560219	0.03560219	0.001424136	0.02670164	0	0	-0.011	0	2.566389e-20	0	2.566389e-20	0	-502.6743	0	-502.6743	0	30316.57	77194.93	64.02983	8494.386	3657778	0.9393939	0.1507851	6	3	1	2	0	0	0	
1596	1412	3.45e+19	0	0	100000	1.98925	1e-05	4.638423e+25	3.505887e+25	2.212553e+25	1.293334e+25	8.237885e+24	3.087477e+24	3.369794e+24	2.547012e+24	1.60741e+24	9.396015e+23	5.984788e+23	2.243039e+23	0.06656307	6.06563e+24	0	0	0	3.795008e+24	1.338931e+24	9.316912e+23	0	0	0	0	0	0	0	0	0	0	0	0	0	0	4.341088e+25	3.843488e+18	4.341088e+25	1.96241e+25	9.626567e+16	1.96241e+25	1.050583e+25	8.407624e+07	1.050583e+25	3.924819e+25	1.346028e+08	3.924819e+25	1.169517e+25	2.029575e+09	1.169517e+25	3.746418e+25	1.659942e+17	3.746418e+25	4.883729e+23	6.515595e-10	0.0005658513	2.457658e+12	1.773874e+07	3.804244e+08	2.911729e-07	1.812339e-13	1.74352e-20	0.4454109	0.5	0.01285493	1	6.772181	0.8421551	10569.8	1.117189e+26	1.827432e+28	5.151575e+27	6.741065e+25	3.118866e+27	1.203261e+27	5.325573e+26	2.294797e+26	0.2188657	0	0.02243434	0.03560219	0.03560219	0.001424136	0.02670164	0	0	-0.01075	0	2.810237e-20	0	2.810237e-20	0	-501.6087	0	-501.6087	0	30312.76	77194.93	65.17322	8493.318	3657778	0.9393939	0.1507851	6	3	1	2	0	0	0	
1624	1412	3.45e+19	0	0	100000	1.9895	1e-05	4.719799e+25	3.557407e+25	2.24889e+25	1.308517e+25	8.432084e+24	3.191832e+24	3.428914e+24	2.584441e+24	1.633809e+24	9.506323e+23	6.125873e+23	2.318853e+23	0.06762645	6.172044e+24	0	0	0	3.852642e+24	1.371367e+24	9.48036e+23	0	0	0	0	0	0	0	0	0	0	0	0	0	0	4.417248e+25	4.697352e+18	4.417247e+25	1.996838e+25	9.096619e+16	1.996838e+25	1.069014e+25	8.533957e+07	1.069014e+25	3.993676e+25	1.366254e+08	3.993676e+25	1.190035e+25	2.060071e+09	1.190035e+25	3.812145e+25	1.684884e+17	3.812145e+25	4.862457e+23	6.551072e-10	0.0005726399	2.3993e+12	1.855432e+07	3.960779e+08	2.951472e-07	1.86215e-13	1.815891e-20	0.4467857	0.5	0.0130706	1	6.890991	0.8569297	10569.8	1.117189e+26	1.827432e+28	5.151575e+27	6.741065e+25	3.118866e+27	1.203261e+27	5.325573e+26	2.294797e+26	0.2188657	0	0.02234861	0.03560219	0.03560219	0.001424136	0.02670164	0	0	-0.0105	0	3.083693e-20	0	3.083693e-20	0	-500.5186	0	-500.5186	0	30308.95	77194.93	66.31662	8492.251	3657778	0.9393938	0.1507851	6	3	1	2	0	0	0	
1652	1412	3.45e+19	0	0	100000	1.98975	1e-05	4.801175e+25	3.608678e+25	2.285115e+25	1.323563e+25	8.627931e+24	3.297033e+24	3.488033e+24	2.621689e+24	1.660127e+24	9.615627e+23	6.268155e+23	2.39528e+23	0.06867138	6.278459e+24	0	0	0	3.91039e+24	1.403688e+24	9.643809e+23	0	0	0	0	0	0	0	0	0	0	0	0	0	0	4.493407e+25	5.765008e+18	4.493406e+25	2.031266e+25	8.584606e+16	2.031266e+25	1.087446e+25	8.66055e+07	1.087446e+25	4.062532e+25	1.386521e+08	4.062532e+25	1.210553e+25	2.09063e+09	1.210553e+25	3.877872e+25	1.709878e+17	3.877872e+25	4.841632e+23	6.586038e-10	0.0005793661	2.343179e+12	1.939485e+07	4.120634e+08	2.991017e-07	1.912385e-13	1.889865e-20	0.4481061	0.5	0.01328488	1	7.009802	0.8717044	10569.8	1.117189e+26	1.827432e+28	5.151575e+27	6.741065e+25	3.118866e+27	1.203261e+27	5.325573e+26	2.294797e+26	0.2188657	0	0.02226386	0.03560219	0.03560219	0.001424136	0.02670164	0	0	-0.01025	0	3.391172e-20	0	3.391172e-20	0	-499.4028	0	-499.4028	0	30305.15	77194.93	67.46002	8491.184	3657778	0.9393938	0.1507851	6	3	1	2	0	0	0	
1680	1412	3.45e+19	0	0	100000	1.99	1e-05	4.88255e+25	3.659703e+25	2.32123e+25	1.338472e+25	8.825409e+24	3.403069e+24	3.547152e+24	2.658758e+24	1.686364e+24	9.723945e+23	6.411622e+23	2.472315e+23	0.06969859	6.384874e+24	0	0	0	3.968248e+24	1.4359e+24	9.807255e+23	0	0	0	0	0	0	0	0	0	0	0	0	0	0	4.569566e+25	7.106534e+18	4.569566e+25	2.065694e+25	8.090547e+16	2.065694e+25	1.105877e+25	8.787395e+07	1.105877e+25	4.131389e+25	1.406828e+08	4.131389e+25	1.23107e+25	2.121251e+09	1.23107e+25	3.943598e+25	1.734921e+17	3.943598e+25	4.821239e+23	6.620505e-10	0.000586031	2.28918e+12	2.026067e+07	4.283809e+08	3.03037e-07	1.963038e-13	1.965444e-20	0.4493747	0.5	0.01349777	1	7.128612	0.886479	10569.8	1.117189e+26	1.827432e+28	5.151575e+27	6.741065e+25	3.118866e+27	1.203261e+27	5.325573e+26	2.294797e+26	0.2188657	0	0.02218009	0.03560219	0.03560219	0.001424136	0.02670164	0	0	-0.01	0	3.737871e-20	0	3.737871e-20	0	-498.2601	0	-498.2601	0	30301.34	77194.93	68.60342	8490.118	3657778	0.9393938	0.1507851	6	3	1	2	0	0	0	
1708	1412	3.45e+19	0	0	100000	1.99025	1e-05	4.963926e+25	3.710483e+25	2.357234e+25	1.353249e+25	9.024501e+24	3.509931e+24	3.606271e+24	2.69565e+24	1.712521e+24	9.831294e+23	6.556262e+23	2.54995e+23	0.07070876	6.491288e+24	0	0	0	4.026211e+24	1.468007e+24	9.970702e+23	0	0	0	0	0	0	0	0	0	0	0	0	0	0	4.645726e+25	8.800883e+18	4.645725e+25	2.100123e+25	7.614406e+16	2.100123e+25	1.124308e+25	8.914479e+07	1.124308e+25	4.200245e+25	1.427174e+08	4.200245e+25	1.251588e+25	2.151928e+09	1.251588e+25	4.009325e+25	1.760012e+17	4.009325e+25	4.801263e+23	6.654488e-10	0.0005926359	2.237197e+12	2.115212e+07	4.4503e+08	3.069531e-07	2.014101e-13	2.04263e-20	0.4505941	0.5	0.0137093	1	7.247422	0.9012537	10569.8	1.117189e+26	1.827432e+28	5.151575e+27	6.741065e+25	3.118866e+27	1.203261e+27	5.325573e+26	2.294797e+26	0.2188657	0	0.02209731	0.03560219	0.03560219	0.001424136	0.02670164	0	0	-0.00975	0	4.129939e-20	0	4.129939e-20	0	-497.0891	0	-497.0891	0	30297.53	77194.93	69.74682	8489.051	3657778	0.9393938	0.1507851	6	3	1	2	0	0	0	
1736	1412	3.45e+19	0	0	100000	1.9905	1e-05	5.045302e+25	3.761022e+25	2.393128e+25	1.367894e+25	9.225193e+24	3.617611e+24	3.66539e+24	2.732366e+24	1.738597e+24	9.937692e+23	6.702063e+23	2.628179e+23	0.07170257	6.597703e+24	0	0	0	4.084274e+24	1.500015e+24	1.013414e+24	0	0	0	0	0	0	0	0	0	0	0	0	0	0	4.721885e+25	1.095246e+19	4.721884e+25	2.134551e+25	7.15611e+16	2.134551e+25	1.142739e+25	9.041792e+07	1.142739e+25	4.269102e+25	1.447556e+08	4.269102e+25	1.272106e+25	2.182662e+09	1.272106e+25	4.075052e+25	1.785148e+17	4.075052e+25	4.781688e+23	6.688e-10	0.0005991817	2.187128e+12	2.206956e+07	4.620102e+08	3.108503e-07	2.06557e-13	2.121425e-20	0.4517667	0.5	0.01391949	1	7.366232	0.9160283	10569.8	1.117189e+26	1.827432e+28	5.151575e+27	6.741065e+25	3.118866e+27	1.203261e+27	5.325573e+26	2.294797e+26	0.2188657	0	0.02201552	0.03560219	0.03560219	0.001424136	0.02670164	0	0	-0.0095	0	4.574676e-20	0	4.574676e-20	0	-495.8885	0	-495.8885	0	30293.73	77194.93	70.89023	8487.985	3657778	0.9393937	0.1507851	6	3	1	2	0	0	0	
1764	1412	3.45e+19	0	0	100000	1.99075	1e-05	5.126678e+25	3.811321e+25	2.42891e+25	1.382411e+25	9.427466e+24	3.726103e+24	3.72451e+24	2.768908e+24	1.764593e+24	1.004316e+24	6.849014e+23	2.706998e+23	0.07268065	6.704117e+24	0	0	0	4.142431e+24	1.531927e+24	1.029759e+24	0	0	0	0	0	0	0	0	0	0	0	0	0	0	4.798045e+25	1.370028e+19	4.798043e+25	2.168979e+25	6.715543e+16	2.168979e+25	1.161171e+25	9.169323e+07	1.161171e+25	4.337958e+25	1.467973e+08	4.337958e+25	1.292624e+25	2.213447e+09	1.292624e+25	4.140778e+25	1.810327e+17	4.140778e+25	4.762501e+23	6.721053e-10	0.0006056696	2.138883e+12	2.301328e+07	4.79321e+08	3.147288e-07	2.117437e-13	2.201829e-20	0.4528949	0.5	0.01412836	1	7.485042	0.930803	10569.8	1.117189e+26	1.827432e+28	5.151575e+27	6.741065e+25	3.118866e+27	1.203261e+27	5.325573e+26	2.294797e+26	0.2188657	0	0.02193473	0.03560219	0.03560219	0.001424136	0.02670164	0	0	-0.00925	0	5.080788e-20	0	5.080788e-20	0	-494.6567	0	-494.6567	0	30289.93	77194.93	72.03364	8486.92	3657778	0.9393937	0.1507851	6	3	1	2	0	0	0	
1792	1412	3.45e+19	0	0	100000	1.991	1e-05	5.208054e+25	3.861383e+25	2.464582e+25	1.396801e+25	9.631305e+24	3.835399e+24	3.783629e+24	2.805279e+24	1.790508e+24	1.01477e+24	6.997102e+23	2.786401e+23	0.07364361	6.810532e+24	0	0	0	4.200679e+24	1.56375e+24	1.046103e+24	0	0	0	0	0	0	0	0	0	0	0	0	0	0	4.874204e+25	1.723067e+19	4.874202e+25	2.203407e+25	6.292562e+16	2.203407e+25	1.179602e+25	9.297061e+07	1.179602e+25	4.406815e+25	1.488424e+08	4.406815e+25	1.313142e+25	2.244283e+09	1.313142e+25	4.206505e+25	1.835547e+17	4.206505e+25	4.74369e+23	6.753661e-10	0.0006121005	2.092371e+12	2.398364e+07	4.969619e+08	3.185889e-07	2.169696e-13	2.283842e-20	0.4539809	0.5	0.01433593	1	7.603852	0.9455776	10569.8	1.117189e+26	1.827432e+28	5.151575e+27	6.741065e+25	3.118866e+27	1.203261e+27	5.325573e+26	2.294797e+26	0.2188657	0	0.02185495	0.03560219	0.03560219	0.001424136	0.02670164	0	0	-0.009	0	5.658703e-20	0	5.658703e-20	0	-493.392	0	-493.392	0	30286.12	77194.93	73.17706	8485.854	3657778	0.9393936	0.1507851	6	3	1	2	0	0	0	
1820	1412	3.45e+19	0	0	100000	1.99125	1e-05	5.28943e+25	3.911211e+25	2.500144e+25	1.411067e+25	9.836693e+24	3.945492e+24	3.842748e+24	2.841478e+24	1.816344e+24	1.025134e+24	7.146315e+23	2.866383e+23	0.07459201	6.916946e+24	0	0	0	4.259013e+24	1.595487e+24	1.062446e+24	0	0	0	0	0	0	0	0	0	0	0	0	0	0	4.950364e+25	2.179538e+19	4.950361e+25	2.237836e+25	5.886982e+16	2.237836e+25	1.198033e+25	9.424993e+07	1.198033e+25	4.475671e+25	1.508906e+08	4.475671e+25	1.33366e+25	2.275166e+09	1.33366e+25	4.272232e+25	1.860805e+17	4.272232e+25	4.725242e+23	6.785835e-10	0.0006184754	2.047512e+12	2.498093e+07	5.14932e+08	3.224308e-07	2.22234e-13	2.367464e-20	0.4550266	0.5	0.01454223	1	7.722663	0.9603523	10569.8	1.117189e+26	1.827432e+28	5.151575e+27	6.741065e+25	3.118866e+27	1.203261e+27	5.325573e+26	2.294797e+26	0.2188657	0	0.02177617	0.03560219	0.03560219	0.001424136	0.02670164	0	0	-0.00875	0	6.320972e-20	0	6.320972e-20	0	-492.0927	0	-492.0927	0	30282.32	77194.93	74.32049	8484.789	3657778	0.9393934	0.1507851	6	3	1	2	0	0	0	
1848	1412	3.45e+19	0	0	100000	1.9915	1e-05	5.370805e+25	3.960806e+25	2.535595e+25	1.425211e+25	1.004361e+25	4.056375e+24	3.901867e+24	2.877509e+24	1.842099e+24	1.03541e+24	7.296643e+23	2.946939e+23	0.07552639	7.023361e+24	0	0	0	4.317429e+24	1.627142e+24	1.07879e+24	0	0	0	0	0	0	0	0	0	0	0	0	0	0	5.026523e+25	2.773702e+19	5.02652e+25	2.272264e+25	5.498596e+16	2.272264e+25	1.216464e+25	9.553113e+07	1.216464e+25	4.544528e+25	1.529417e+08	4.544528e+25	1.354177e+25	2.306094e+09	1.354177e+25	4.337958e+25	1.8861e+17	4.337958e+25	4.707144e+23	6.817585e-10	0.0006247954	2.004226e+12	2.600548e+07	5.332308e+08	3.262546e-07	2.275363e-13	2.452696e-20	0.4560341	0.5	0.01474727	1	7.841473	0.9751269	10569.8	1.117189e+26	1.827432e+28	5.151575e+27	6.741065e+25	3.118866e+27	1.203261e+27	5.325573e+26	2.294797e+26	0.2188657	0	0.0216984	0.03560219	0.03560219	0.001424136	0.02670164	0	0	-0.0085	0	7.082776e-20	0	7.082776e-20	0	-490.7568	0	-490.7568	0	30278.52	77194.93	75.46392	8483.724	3657778	0.9393933	0.1507852	6	3	1	2	0	0	0	
1876	1412	3.45e+19	0	0	100000	1.99175	1e-05	5.452181e+25	4.010172e+25	2.570936e+25	1.439235e+25	1.025205e+25	4.168044e+24	3.960986e+24	2.913372e+24	1.867774e+24	1.045598e+24	7.448073e+23	3.028066e+23	0.07644727	7.129776e+24	0	0	0	4.375923e+24	1.658721e+24	1.095132e+24	0	0	0	0	0	0	0	0	0	0	0	0	0	0	5.102682e+25	3.552587e+19	5.102679e+25	2.306692e+25	5.127161e+16	2.306692e+25	1.234896e+25	9.681407e+07	1.234896e+25	4.613384e+25	1.549957e+08	4.613384e+25	1.374695e+25	2.337065e+09	1.374695e+25	4.403685e+25	1.91143e+17	4.403685e+25	4.689387e+23	6.848923e-10	0.0006310613	1.962441e+12	2.70576e+07	5.518576e+08	3.300605e-07	2.328759e-13	2.539537e-20	0.4570052	0.5	0.01495107	1	7.960283	0.9899016	10569.8	1.117189e+26	1.827432e+28	5.151575e+27	6.741065e+25	3.118866e+27	1.203261e+27	5.325573e+26	2.294797e+26	0.2188657	0	0.02162164	0.03560219	0.03560219	0.001424136	0.02670164	0	0	-0.00825	0	7.962574e-20	0	7.962574e-20	0	-489.3823	0	-489.3823	0	30274.72	77194.93	76.60737	8482.659	3657778	0.9393931	0.1507852	6	3	1	2	0	0	0	
1904	1412	3.45e+19	0	0	100000	1.992	1e-05	5.533557e+25	4.059309e+25	2.606167e+25	1.453141e+25	1.0462e+25	4.28049e+24	4.020106e+24	2.94907e+24	1.893369e+24	1.055701e+24	7.600595e+23	3.109758e+23	0.07735512	7.23619e+24	0	0	0	4.434491e+24	1.690225e+24	1.111474e+24	0	0	0	0	0	0	0	0	0	0	0	0	0	0	5.178842e+25	4.581304e+19	5.178837e+25	2.34112e+25	4.772409e+16	2.34112e+25	1.253327e+25	9.809867e+07	1.253327e+25	4.682241e+25	1.570523e+08	4.682241e+25	1.395213e+25	2.368076e+09	1.395213e+25	4.469412e+25	1.936793e+17	4.469412e+25	4.671958e+23	6.879859e-10	0.000637274	1.922088e+12	2.81376e+07	5.708115e+08	3.338487e-07	2.382522e-13	2.627987e-20	0.4579416	0.5	0.01515366	1	8.079093	1.004676	10569.8	1.117189e+26	1.827432e+28	5.151575e+27	6.741065e+25	3.118866e+27	1.203261e+27	5.325573e+26	2.294797e+26	0.2188657	0	0.0215459	0.03560219	0.03560219	0.001424136	0.02670164	0	0	-0.008	0	8.982933e-20	0	8.982933e-20	0	-487.9669	0	-487.9669	0	30270.92	77194.93	77.75083	8481.595	3657778	0.939393	0.1507852	6	3	1	2	0	0	0	
1932	1412	3.45e+19	0	0	100000	1.99225	1e-05	5.614933e+25	4.10822e+25	2.641289e+25	1.466931e+25	1.067343e+25	4.393708e+24	4.079225e+24	2.984604e+24	1.918885e+24	1.065719e+24	7.754199e+23	3.19201e+23	0.07825041	7.342605e+24	0	0	0	4.493129e+24	1.72166e+24	1.127815e+24	0	0	0	0	0	0	0	0	0	0	0	0	0	0	5.255001e+25	5.950849e+19	5.254995e+25	2.375549e+25	4.434043e+16	2.375549e+25	1.271758e+25	9.938483e+07	1.271758e+25	4.751097e+25	1.591114e+08	4.751097e+25	1.415731e+25	2.399125e+09	1.415731e+25	4.535138e+25	1.962187e+17	4.535138e+25	4.654848e+23	6.910403e-10	0.0006434345	1.8831e+12	2.92458e+07	5.900918e+08	3.376195e-07	2.436647e-13	2.718045e-20	0.4588451	0.5	0.01535506	1	8.197903	1.019451	10569.8	1.117189e+26	1.827432e+28	5.151575e+27	6.741065e+25	3.118866e+27	1.203261e+27	5.325573e+26	2.294797e+26	0.2188657	0	0.02147117	0.03560219	0.03560219	0.001424136	0.02670164	0	0	-0.00775	0	1.017161e-19	0	1.017161e-19	0	-486.508	0	-486.508	0	30267.12	77194.93	78.89432	8480.53	3657778	0.9393927	0.1507852	6	3	1	2	0	0	0	
1960	1412	3.45e+19	0	0	100000	1.9925	1e-05	5.696309e+25	4.156907e+25	2.6763e+25	1.480606e+25	1.088605e+25	4.507976e+24	4.138344e+24	3.019975e+24	1.944321e+24	1.075654e+24	7.908665e+23	3.275026e+23	0.07913855	7.449019e+24	0	0	0	4.551717e+24	1.753147e+24	1.144154e+24	0	0	0	0	0	0	0	0	0	0	0	0	0	0	5.331161e+25	7.789621e+19	5.331153e+25	2.409977e+25	4.111746e+16	2.409977e+25	1.29019e+25	1.006724e+08	1.29019e+25	4.819954e+25	1.611729e+08	4.819954e+25	1.436249e+25	2.430209e+09	1.436249e+25	4.600865e+25	1.98761e+17	4.600865e+25	4.638047e+23	6.940565e-10	0.0006495435	1.845417e+12	3.03817e+07	6.096978e+08	3.413731e-07	2.491128e-13	2.809712e-20	0.459717	0.5	0.01555527	1	8.316714	1.034226	10569.8	1.117189e+26	1.827432e+28	5.151575e+27	6.741065e+25	3.118866e+27	1.203261e+27	5.325573e+26	2.294797e+26	0.2188657	0	0.02139745	0.03560219	0.03560219	0.001424136	0.02670164	0	0	-0.0075	0	1.156296e-19	0	1.156296e-19	0	-485.0029	0	-485.0029	0	30263.33	77194.93	80.03784	8479.467	3657778	0.9393923	0.1507853	6	3	1	2	0	0	0	
1988	1412	3.45e+19	0	0	100000	1.99275	1e-05	5.777685e+25	4.205372e+25	2.711202e+25	1.494169e+25	1.10997e+25	4.623433e+24	4.197463e+24	3.055185e+24	1.969677e+24	1.085508e+24	8.063881e+23	3.358904e+23	0.08002224	7.555434e+24	0	0	0	4.610194e+24	1.784748e+24	1.160492e+24	0	0	0	0	0	0	0	0	0	0	0	0	0	0	5.40732e+25	1.028044e+20	5.40731e+25	2.444405e+25	3.805082e+16	2.444405e+25	1.308621e+25	1.019588e+08	1.308621e+25	4.88881e+25	1.632324e+08	4.88881e+25	1.456767e+25	2.461264e+09	1.456767e+25	4.666591e+25	2.013008e+17	4.666591e+25	4.621545e+23	6.970353e-10	0.0006556019	1.808984e+12	3.15451e+07	6.296272e+08	3.45109e-07	2.545951e-13	2.902971e-20	0.4605583	0.5	0.01575428	1	8.435524	1.049	10569.8	1.117189e+26	1.827432e+28	5.151575e+27	6.741065e+25	3.118866e+27	1.203261e+27	5.325573e+26	2.294797e+26	0.2188657	0	0.02132476	0.03560219	0.03560219	0.001424136	0.02670164	0	0	-0.00725	0	1.319976e-19	0	1.319976e-19	0	-483.4487	0	-483.4487	0	30259.53	77194.93	81.1814	8478.403	3657778	0.9393918	0.1507854	6	3	1	2	0	0	0	
2016	1412	3.45e+19	0	0	100000	1.993	1e-05	5.85906e+25	4.253617e+25	2.745995e+25	1.507622e+25	1.131438e+25	4.740058e+24	4.256582e+24	3.090235e+24	1.994954e+24	1.095281e+24	8.219846e+23	3.443632e+23	0.08090133	7.661848e+24	0	0	0	4.668564e+24	1.816457e+24	1.176827e+24	0	0	0	0	0	0	0	0	0	0	0	0	0	0	5.48348e+25	1.368678e+20	5.483466e+25	2.478833e+25	3.51368e+16	2.478833e+25	1.327052e+25	1.032425e+08	1.327052e+25	4.957667e+25	1.652877e+08	4.957667e+25	1.477284e+25	2.492256e+09	1.477284e+25	4.732318e+25	2.038355e+17	4.732318e+25	4.605334e+23	6.999777e-10	0.0006616106	1.773748e+12	3.273619e+07	6.498774e+08	3.488269e-07	2.601102e-13	2.997809e-20	0.46137	0.5	0.01595207	1	8.554334	1.063775	10569.8	1.117189e+26	1.827432e+28	5.151575e+27	6.741065e+25	3.118866e+27	1.203261e+27	5.325573e+26	2.294797e+26	0.2188657	0	0.02125309	0.03560219	0.03560219	0.001424136	0.02670164	0	0	-0.007	0	1.513569e-19	0	1.513569e-19	0	-481.8421	0	-481.8421	0	30255.73	77194.93	82.32503	8477.339	3657778	0.9393912	0.1507854	6	3	1	2	0	0	0	
2044	1412	3.45e+19	0	0	100000	1.99325	1e-05	5.940436e+25	4.301644e+25	2.780679e+25	1.520965e+25	1.153009e+25	4.857831e+24	4.315702e+24	3.125126e+24	2.020151e+24	1.104975e+24	8.37656e+23	3.529194e+23	0.08177566	7.768263e+24	0	0	0	4.726833e+24	1.848271e+24	1.193158e+24	0	0	0	0	0	0	0	0	0	0	0	0	0	0	5.559639e+25	1.839323e+20	5.559621e+25	2.513262e+25	3.237195e+16	2.513262e+25	1.345483e+25	1.045236e+08	1.345483e+25	5.026523e+25	1.673389e+08	5.026523e+25	1.497802e+25	2.523187e+09	1.497802e+25	4.798045e+25	2.063651e+17	4.798045e+25	4.589405e+23	7.028845e-10	0.0006675703	1.73966e+12	3.395519e+07	6.70446e+08	3.525269e-07	2.656575e-13	3.094217e-20	0.4621537	0.5	0.01614866	1	8.673144	1.078549	10569.8	1.117189e+26	1.827432e+28	5.151575e+27	6.741065e+25	3.118866e+27	1.203261e+27	5.325573e+26	2.294797e+26	0.2188657	0	0.02118243	0.03560219	0.03560219	0.001424136	0.02670164	0	0	-0.00675	0	1.743859e-19	0	1.743859e-19	0	-480.1794	0	-480.1794	0	30251.94	77194.93	83.46874	8476.276	3657778	0.9393902	0.1507856	6	3	1	2	0	0	0	
2072	1412	3.45e+19	0	0	100000	1.9935	1e-05	6.021812e+25	4.349456e+25	2.815254e+25	1.534202e+25	1.174683e+25	4.976735e+24	4.374821e+24	3.159861e+24	2.04527e+24	1.114591e+24	8.534022e+23	3.615577e+23	0.08264514	7.874677e+24	0	0	0	4.785007e+24	1.880185e+24	1.209485e+24	0	0	0	0	0	0	0	0	0	0	0	0	0	0	5.635799e+25	2.496744e+20	5.635774e+25	2.54769e+25	2.97528e+16	2.54769e+25	1.363915e+25	1.058022e+08	1.363915e+25	5.09538e+25	1.69386e+08	5.09538e+25	1.51832e+25	2.554058e+09	1.51832e+25	4.863771e+25	2.088898e+17	4.863771e+25	4.57375e+23	7.057566e-10	0.0006734817	1.706671e+12	3.520232e+07	6.913311e+08	3.562091e-07	2.71236e-13	3.192191e-20	0.4629108	0.5	0.01634406	1	8.791954	1.093324	10569.8	1.117189e+26	1.827432e+28	5.151575e+27	6.741065e+25	3.118866e+27	1.203261e+27	5.325573e+26	2.294797e+26	0.2188657	0	0.02111279	0.03560219	0.03560219	0.001424136	0.02670164	0	0	-0.0065	0	2.019487e-19	0	2.019487e-19	0	-478.4568	0	-478.4568	0	30248.15	77194.93	84.61258	8475.214	3657778	0.939389	0.1507857	6	3	1	2	0	0	0	
2100	1412	3.45e+19	0	0	100000	1.99375	1e-05	6.103188e+25	4.397053e+25	2.84972e+25	1.547332e+25	1.19646e+25	5.096752e+24	4.43394e+24	3.19444e+24	2.07031e+24	1.12413e+24	8.692232e+23	3.702769e+23	0.08350967	7.981092e+24	0	0	0	4.843092e+24	1.912196e+24	1.225804e+24	0	0	0	0	0	0	0	0	0	0	0	0	0	0	5.711958e+25	3.425938e+20	5.711924e+25	2.582118e+25	2.727554e+16	2.582118e+25	1.382346e+25	1.070781e+08	1.382346e+25	5.164236e+25	1.714289e+08	5.164236e+25	1.538838e+25	2.584867e+09	1.538838e+25	4.929498e+25	2.114094e+17	4.929498e+25	4.55836e+23	7.085946e-10	0.0006793456	1.674735e+12	3.647781e+07	7.125308e+08	3.598735e-07	2.768453e-13	3.291724e-20	0.4636425	0.5	0.0165383	1	8.910765	1.108099	10569.8	1.117189e+26	1.827432e+28	5.151575e+27	6.741065e+25	3.118866e+27	1.203261e+27	5.325573e+26	2.294797e+26	0.2188657	0	0.02104418	0.03560219	0.03560219	0.001424136	0.02670164	0	0	-0.00625	0	2.351555e-19	0	2.351555e-19	0	-476.6697	0	-476.6697	0	30244.35	77194.93	85.7566	8474.151	3657778	0.9393873	0.150786	6	3	1	2	0	0	0	
2128	1412	3.45e+19	0	0	100000	1.994	1e-05	6.184564e+25	4.444437e+25	2.884078e+25	1.560359e+25	1.21834e+25	5.217865e+24	4.493059e+24	3.228865e+24	2.095271e+24	1.133594e+24	8.851189e+23	3.790756e+23	0.08436916	8.087507e+24	0	0	0	4.901093e+24	1.944302e+24	1.242112e+24	0	0	0	0	0	0	0	0	0	0	0	0	0	0	5.788117e+25	4.755965e+20	5.78807e+25	2.616546e+25	2.493626e+16	2.616546e+25	1.400777e+25	1.083512e+08	1.400777e+25	5.233092e+25	1.734676e+08	5.233092e+25	1.559356e+25	2.615615e+09	1.559356e+25	4.995225e+25	2.139238e+17	4.995225e+25	4.543229e+23	7.113995e-10	0.0006851628	1.643807e+12	3.778191e+07	7.340437e+08	3.635203e-07	2.824846e-13	3.392812e-20	0.46435	0.5	0.01673138	1	9.029575	1.122873	10569.8	1.117189e+26	1.827432e+28	5.151575e+27	6.741065e+25	3.118866e+27	1.203261e+27	5.325573e+26	2.294797e+26	0.2188657	0	0.02097658	0.03560219	0.03560219	0.001424136	0.02670164	0	0	-0.006	0	2.754458e-19	0	2.754458e-19	0	-474.8131	0	-474.8131	0	30240.56	77194.93	86.90089	8473.089	3657778	0.9393848	0.1507863	6	3	1	2	0	0	0	
2156	1412	3.45e+19	0	0	100000	1.99425	1e-05	6.26594e+25	4.491611e+25	2.918328e+25	1.573283e+25	1.240323e+25	5.340057e+24	4.552178e+24	3.263136e+24	2.120153e+24	1.142983e+24	9.010892e+23	3.879528e+23	0.08522356	8.193921e+24	0	0	0	4.959018e+24	1.9765e+24	1.258404e+24	0	0	0	0	0	0	0	0	0	0	0	0	0	0	5.864277e+25	6.685809e+20	5.86421e+25	2.650974e+25	2.273096e+16	2.650974e+25	1.419209e+25	1.096214e+08	1.419209e+25	5.301949e+25	1.755017e+08	5.301949e+25	1.579874e+25	2.646297e+09	1.579874e+25	5.060951e+25	2.164326e+17	5.060951e+25	4.528348e+23	7.141718e-10	0.000690934	1.613844e+12	3.911485e+07	7.558681e+08	3.671497e-07	2.881534e-13	3.495452e-20	0.4650345	0.5	0.01692334	1	9.148385	1.137648	10569.8	1.117189e+26	1.827432e+28	5.151575e+27	6.741065e+25	3.118866e+27	1.203261e+27	5.325573e+26	2.294797e+26	0.2188657	0	0.02090999	0.03560219	0.03560219	0.001424136	0.02670164	0	0	-0.00575	0	3.24704e-19	0	3.24704e-19	0	-472.8817	0	-472.8817	0	30236.77	77194.93	88.04557	8472.027	3657778	0.9393813	0.1507868	6	3	1	2	0	0	0	
2184	1412	3.45e+19	0	0	100000	1.9945	1e-05	6.347316e+25	4.538576e+25	2.95247e+25	1.586106e+25	1.262408e+25	5.463312e+24	4.611298e+24	3.297256e+24	2.144957e+24	1.1523e+24	9.171339e+23	3.969073e+23	0.0860728	8.300336e+24	0	0	0	5.016875e+24	2.00879e+24	1.274671e+24	0	0	0	0	0	0	0	0	0	0	0	0	0	0	5.940436e+25	9.527451e+20	5.940341e+25	2.685403e+25	2.06555e+16	2.685403e+25	1.43764e+25	1.108881e+08	1.43764e+25	5.370805e+25	1.775306e+08	5.370805e+25	1.600392e+25	2.676906e+09	1.600392e+25	5.126678e+25	2.189352e+17	5.126678e+25	4.513712e+23	7.169124e-10	0.0006966598	1.584805e+12	4.047688e+07	7.780028e+08	3.707618e-07	2.938512e-13	3.599639e-20	0.4656969	0.5	0.01711418	1	9.267195	1.152423	10569.8	1.117189e+26	1.827432e+28	5.151575e+27	6.741065e+25	3.118866e+27	1.203261e+27	5.325573e+26	2.294797e+26	0.2188657	0	0.02084442	0.03560219	0.03560219	0.001424136	0.02670164	0	0	-0.0055	0	3.854235e-19	0	3.854235e-19	0	-470.8693	0	-470.8693	0	30232.98	77194.93	89.19087	8470.965	3657778	0.9393762	0.1507875	6	3	1	2	0	0	0	
2212	1412	3.45e+19	0	0	100000	1.99475	1e-05	6.428691e+25	4.585335e+25	2.986504e+25	1.59883e+25	1.284595e+25	5.587616e+24	4.670417e+24	3.331226e+24	2.169683e+24	1.161543e+24	9.332529e+23	4.059379e+23	0.08691686	8.40675e+24	0	0	0	5.074677e+24	2.041173e+24	1.290901e+24	0	0	0	0	0	0	0	0	0	0	0	0	0	0	6.016596e+25	1.377875e+21	6.016458e+25	2.719831e+25	1.870568e+16	2.719831e+25	1.456071e+25	1.121506e+08	1.456071e+25	5.439662e+25	1.795532e+08	5.439662e+25	1.620909e+25	2.707429e+09	1.620909e+25	5.192405e+25	2.214304e+17	5.192405e+25	4.499313e+23	7.196219e-10	0.0007023409	1.556653e+12	4.186828e+07	8.004465e+08	3.74357e-07	2.995776e-13	3.705371e-20	0.4663384	0.5	0.01730393	1	9.386005	1.167197	10569.8	1.117189e+26	1.827432e+28	5.151575e+27	6.741065e+25	3.118866e+27	1.203261e+27	5.325573e+26	2.294797e+26	0.2188657	0	0.02077987	0.03560219	0.03560219	0.001424136	0.02670164	0	0	-0.00525	0	4.609401e-19	0	4.609401e-19	0	-468.7688	0	-468.7688	0	30229.19	77194.93	90.33711	8469.903	3657778	0.9393686	0.1507885	6	3	1	2	0	0	0	
2240	1412	3.45e+19	0	0	100000	1.995	1e-05	6.510067e+25	4.631887e+25	3.020431e+25	1.611456e+25	1.292775e+25	5.854045e+24	4.729536e+24	3.365046e+24	2.19433e+24	1.170716e+24	9.391958e+23	4.252939e+23	0.08992295	8.513165e+24	0	0	0	1.759275e+24	2.818975e+23	6.471992e+24	0	0	0	0	0	0	0	0	0	0	0	0	0	0	6.092755e+25	0	6.092755e+25	2.754259e+25	0	2.754259e+25	1.474502e+25	0	1.474502e+25	5.508518e+25	0	5.508518e+25	1.641427e+25	0	1.641427e+25	5.258131e+25	0	5.258131e+25	4.485145e+23	7.22301e-10	0.000707978	1.556653e+12	3.496641e+07	8.059211e+08	3.711203e-07	2.944197e-13	3.61009e-20	0.4583094	0.5	0.01685897	1	9.504816	1.181972	10569.8	1.117189e+26	1.827432e+28	5.151575e+27	6.741065e+25	3.118866e+27	1.203261e+27	5.325573e+26	2.294797e+26	0.2188657	0	0.02071632	0.03560219	0.03560219	0.001424136	0.02670164	0	0	-0.005	0	5.557724e-19	0	5.557724e-19	0	-466.5725	0	-466.5725	0	30225.41	77194.93	108.2029	8468.842	3657778	0.8936609	0.1921554	5.985896	2.354052	1	2	0	0	0.0004968999	
2268	1412	3.45e+19	0	0	100000	1.99525	1e-05	6.591443e+25	4.678236e+25	3.054251e+25	1.623986e+25	1.308218e+25	6.049883e+24	4.788655e+24	3.398719e+24	2.2189e+24	1.179819e+24	9.504151e+23	4.395214e+23	0.09178389	8.619579e+24	0	0	0	6.061457e+23	0	8.337682e+24	0	0	0	0	0	0	0	0	0	0	0	0	0	0	6.168915e+25	0	6.168915e+25	2.788687e+25	0	2.788687e+25	1.492934e+25	0	1.492934e+25	5.577375e+25	0	5.577375e+25	1.661945e+25	0	1.661945e+25	5.323858e+25	0	5.323858e+25	4.471202e+23	7.249503e-10	0.0007135717	1.556653e+12	3.287001e+07	8.114362e+08	3.705588e-07	2.935294e-13	3.593728e-20	0.4569235	0.5	0.01678257	1	9.623626	1.196747	10569.8	1.117189e+26	1.827432e+28	5.151575e+27	6.741065e+25	3.118866e+27	1.203261e+27	5.325573e+26	2.294797e+26	0.2188657	0	0.02065379	0.03560219	0.03560219	0.001424136	0.02670164	0	0	-0.00475	0	6.761221e-19	0	6.761221e-19	0	-464.2714	0	-464.2714	0	30221.62	77194.93	116.0225	8467.781	3657778	0.8762016	0.2079487	5.984733	2.175247	1	2	0	0	0.000693057	
2296	1412	3.45e+19	0	0	100000	1.9955	1e-05	6.672819e+25	4.724383e+25	3.087964e+25	1.63642e+25	1.326202e+25	6.222334e+24	4.847774e+24	3.432244e+24	2.243392e+24	1.188852e+24	9.634801e+23	4.520499e+23	0.09324896	8.725994e+24	0	0	0	2.098038e+23	0	8.725994e+24	0	0	0	0	0	0	0	0	0	0	0	0	0	0	6.245074e+25	0	6.245074e+25	2.823116e+25	0	2.823116e+25	1.511365e+25	0	1.511365e+25	5.646231e+25	0	5.646231e+25	1.682463e+25	0	1.682463e+25	5.389584e+25	0	5.389584e+25	4.457477e+23	7.275705e-10	0.0007191226	1.556653e+12	3.245548e+07	8.170532e+08	3.709621e-07	2.941687e-13	3.605475e-20	0.4579186	0.5	0.01683742	1	9.742436	1.211521	10569.8	1.117189e+26	1.827432e+28	5.151575e+27	6.741065e+25	3.118866e+27	1.203261e+27	5.325573e+26	2.294797e+26	0.2188657	0	0.02059226	0.03560219	0.03560219	0.001424136	0.02670164	0	0	-0.0045	0	8.306234e-19	0	8.306234e-19	0	-461.8554	0	-461.8554	0	30217.83	77194.93	119.1434	8466.72	3657778	0.8716972	0.2120234	5.986887	2.133439	1	2	0	0	0.0007492856	
2324	1412	3.45e+19	0	0	100000	1.99575	1e-05	6.754195e+25	4.77033e+25	3.12157e+25	1.64876e+25	1.345036e+25	6.388288e+24	4.906894e+24	3.465624e+24	2.267807e+24	1.197817e+24	9.771629e+23	4.641064e+23	0.09458253	8.832408e+24	0	0	0	7.322693e+22	0	8.832408e+24	0	0	0	0	0	0	0	0	0	0	0	0	0	0	6.321234e+25	0	6.321234e+25	2.857544e+25	0	2.857544e+25	1.529796e+25	0	1.529796e+25	5.715088e+25	0	5.715088e+25	1.702981e+25	0	1.702981e+25	5.455311e+25	0	5.455311e+25	4.443966e+23	7.301621e-10	0.0007246314	1.556653e+12	3.261772e+07	8.227957e+08	3.717158e-07	2.953653e-13	3.627496e-20	0.4597813	0.5	0.01694026	1	9.861246	1.226296	10569.8	1.117189e+26	1.827432e+28	5.151575e+27	6.741065e+25	3.118866e+27	1.203261e+27	5.325573e+26	2.294797e+26	0.2188657	0	0.02053173	0.03560219	0.03560219	0.001424136	0.02670164	0	0	-0.00425	0	1.031486e-18	0	1.031486e-18	0	-459.3129	0	-459.3129	0	30214.05	77194.93	121.2876	8465.66	3657778	0.8698739	0.2136729	5.989249	2.116969	1	2	0	0	0.0007767247	
2352	1412	3.45e+19	0	0	100000	1.996	1e-05	6.835571e+25	4.816078e+25	3.155069e+25	1.661008e+25	1.364839e+25	6.546539e+24	4.966013e+24	3.49886e+24	2.292145e+24	1.206715e+24	9.915497e+23	4.756032e+23	0.09577165	8.938823e+24	0	0	0	2.576707e+22	0	8.938823e+24	0	0	0	0	0	0	0	0	0	0	0	0	0	0	6.397393e+25	0	6.397393e+25	2.891972e+25	0	2.891972e+25	1.548228e+25	0	1.548228e+25	5.783944e+25	0	5.783944e+25	1.723499e+25	0	1.723499e+25	5.521038e+25	0	5.521038e+25	4.430662e+23	7.327257e-10	0.0007300987	1.553305e+12	3.30653e+07	8.304598e+08	3.728724e-07	2.972063e-13	3.661464e-20	0.461652	0.5	0.01706211	1	9.980056	1.241071	10569.8	1.117189e+26	1.827432e+28	5.151575e+27	6.741065e+25	3.118866e+27	1.203261e+27	5.325573e+26	2.294797e+26	0.2188657	0	0.0204722	0.03560219	0.03560219	0.001424136	0.02670164	0	0	-0.004	0	1.296269e-18	0	1.296269e-18	0	-456.6306	0	-456.6306	0	30210.27	77194.93	123.3492	8464.6	3657778	0.8683083	0.2150892	5.991318	2.103029	1	2	0	0	0.0008019307	
2380	1412	3.45e+19	0	0	100000	1.99625	1e-05	6.916946e+25	4.861628e+25	3.188463e+25	1.673165e+25	1.386008e+25	6.693106e+24	5.025132e+24	3.531952e+24	2.316405e+24	1.215547e+24	1.006929e+24	4.862513e+23	0.09676389	9.045238e+24	0	0	0	9.121565e+21	0	9.045238e+24	0	0	0	0	0	0	0	0	0	0	0	0	0	0	6.473552e+25	0	6.473552e+25	2.9264e+25	0	2.9264e+25	1.566659e+25	0	1.566659e+25	5.852801e+25	0	5.852801e+25	1.744016e+25	0	1.744016e+25	5.586764e+25	0	5.586764e+25	4.417561e+23	7.35262e-10	0.000735525	1.543896e+12	3.374616e+07	8.415669e+08	3.745803e-07	2.999351e-13	3.712006e-20	0.4630687	0.5	0.01719286	1	10.09887	1.255845	10569.8	1.117189e+26	1.827432e+28	5.151575e+27	6.741065e+25	3.118866e+27	1.203261e+27	5.325573e+26	2.294797e+26	0.2188657	0	0.02041367	0.03560219	0.03560219	0.001424136	0.02670164	0	0	-0.00375	0	1.650695e-18	0	1.650695e-18	0	-453.7931	0	-453.7931	0	30206.48	77194.93	125.3334	8463.54	3657778	0.8669775	0.216293	5.9931	2.091323	1	2	0	0	0.0008250739	
2408	1412	3.45e+19	0	0	100000	1.9965	1e-05	6.998322e+25	4.906983e+25	3.221751e+25	1.685232e+25	1.408052e+25	6.832878e+24	5.084251e+24	3.564902e+24	2.340588e+24	1.224313e+24	1.022944e+24	4.964057e+23	0.09763594	9.151652e+24	0	0	0	3.243656e+21	0	9.151652e+24	0	0	0	0	0	0	0	0	0	0	0	0	0	0	6.549712e+25	0	6.549712e+25	2.960829e+25	0	2.960829e+25	1.58509e+25	0	1.58509e+25	5.921657e+25	0	5.921657e+25	1.764534e+25	0	1.764534e+25	5.652491e+25	0	5.652491e+25	4.404656e+23	7.377713e-10	0.0007409109	1.53074e+12	3.456461e+07	8.549785e+08	3.766304e-07	3.032272e-13	3.773289e-20	0.464162	0.5	0.01732777	1	10.21768	1.27062	10569.8	1.117189e+26	1.827432e+28	5.151575e+27	6.741065e+25	3.118866e+27	1.203261e+27	5.325573e+26	2.294797e+26	0.2188657	0	0.02035612	0.03560219	0.03560219	0.001424136	0.02670164	0	0	-0.0035	0	2.133209e-18	0	2.133209e-18	0	-450.7828	0	-450.7828	0	30202.7	77194.93	127.2464	8462.48	3657778	0.8658573	0.2173064	5.994611	2.08157	1	2	0	0	0.0008463432	
2436	1412	3.45e+19	0	0	100000	1.99675	1e-05	7.079698e+25	4.952143e+25	3.254934e+25	1.697209e+25	1.430684e+25	6.968708e+24	5.14337e+24	3.597711e+24	2.364695e+24	1.233015e+24	1.039386e+24	5.062736e+23	0.09843227	9.258067e+24	0	0	0	1.157529e+21	0	9.258067e+24	0	0	0	0	0	0	0	0	0	0	0	0	0	0	6.625871e+25	0	6.625871e+25	2.995257e+25	0	2.995257e+25	1.603521e+25	0	1.603521e+25	5.990514e+25	0	5.990514e+25	1.785052e+25	0	1.785052e+25	5.718218e+25	0	5.718218e+25	4.391944e+23	7.402544e-10	0.0007462569	1.515326e+12	3.547292e+07	8.699704e+08	3.788972e-07	3.068882e-13	3.841829e-20	0.4650356	0.5	0.01746487	1	10.33649	1.285395	10569.8	1.117189e+26	1.827432e+28	5.151575e+27	6.741065e+25	3.118866e+27	1.203261e+27	5.325573e+26	2.294797e+26	0.2188657	0	0.02029957	0.03560219	0.03560219	0.001424136	0.02670164	0	0	-0.00325	0	2.802527e-18	0	2.802527e-18	0	-447.5792	0	-447.5792	0	30198.92	77194.93	129.095	8461.421	3657778	0.8649222	0.2181524	5.99587	2.073498	1	2	0	0	0.0008659489	
2464	1412	3.45e+19	0	0	100000	1.997	1e-05	7.161074e+25	4.997111e+25	3.288011e+25	1.7091e+25	1.453731e+25	7.10232e+24	5.20249e+24	3.63038e+24	2.388726e+24	1.241654e+24	1.056129e+24	5.159805e+23	0.09917954	9.364481e+24	0	0	0	4.142654e+20	0	9.364481e+24	0	0	0	0	0	0	0	0	0	0	0	0	0	0	6.702031e+25	0	6.702031e+25	3.029685e+25	0	3.029685e+25	1.621953e+25	0	1.621953e+25	6.05937e+25	0	6.05937e+25	1.80557e+25	0	1.80557e+25	5.783944e+25	0	5.783944e+25	4.379419e+23	7.427116e-10	0.0007515637	1.498604e+12	3.644506e+07	8.860794e+08	3.813029e-07	3.107976e-13	3.915473e-20	0.4657625	0.5	0.01760323	1	10.4553	1.300169	10569.8	1.117189e+26	1.827432e+28	5.151575e+27	6.741065e+25	3.118866e+27	1.203261e+27	5.325573e+26	2.294797e+26	0.2188657	0	0.02024399	0.03560219	0.03560219	0.001424136	0.02670164	0	0	-0.003	0	3.75047e-18	0	3.75047e-18	0	-444.1588	0	-444.1588	0	30195.14	77194.93	130.8872	8460.361	3657778	0.8641452	0.2188552	5.9969	2.066839	1	2	0	0	0.0008841254	
2492	1412	3.45e+19	0	0	100000	1.99725	1e-05	7.24245e+25	5.041887e+25	3.320983e+25	1.720904e+25	1.477084e+25	7.234783e+24	5.261609e+24	3.662909e+24	2.41268e+24	1.250229e+24	1.073095e+24	5.256039e+23	0.09989414	9.470896e+24	0	0	0	1.486238e+20	0	9.470896e+24	0	0	0	0	0	0	0	0	0	0	0	0	0	0	6.77819e+25	0	6.77819e+25	3.064113e+25	0	3.064113e+25	1.640384e+25	0	1.640384e+25	6.128227e+25	0	6.128227e+25	1.826088e+25	0	1.826088e+25	5.849671e+25	0	5.849671e+25	4.367078e+23	7.451435e-10	0.0007568317	1.481173e+12	3.746591e+07	9.030075e+08	3.837988e-07	3.148797e-13	3.992867e-20	0.4663914	0.5	0.01774238	1	10.57411	1.314944	10569.8	1.117189e+26	1.827432e+28	5.151575e+27	6.741065e+25	3.118866e+27	1.203261e+27	5.325573e+26	2.294797e+26	0.2188657	0	0.0201894	0.03560219	0.03560219	0.001424136	0.02670164	0	0	-0.00275	0	5.124315e-18	0	5.124315e-18	0	-440.4947	0	-440.4947	0	30191.36	77194.93	132.6317	8459.303	3657778	0.8634976	0.2194411	5.997727	2.061321	1	2	0	0	0.0009011431	
2520	1412	3.45e+19	0	0	100000	1.9975	1e-05	7.323826e+25	5.086474e+25	3.353851e+25	1.732623e+25	1.500646e+25	7.367055e+24	5.320728e+24	3.695301e+24	2.436558e+24	1.258743e+24	1.090213e+24	5.352134e+23	0.1005903	9.57731e+24	0	0	0	5.343614e+19	0	9.57731e+24	0	0	0	0	0	0	0	0	0	0	0	0	0	0	6.85435e+25	0	6.85435e+25	3.098542e+25	0	3.098542e+25	1.658815e+25	0	1.658815e+25	6.197083e+25	0	6.197083e+25	1.846606e+25	0	1.846606e+25	5.915398e+25	0	5.915398e+25	4.354914e+23	7.475506e-10	0.0007620614	1.463412e+12	3.852554e+07	9.205625e+08	3.863538e-07	3.190861e-13	4.073143e-20	0.4669543	0.5	0.01788205	1	10.69292	1.329719	10569.8	1.117189e+26	1.827432e+28	5.151575e+27	6.741065e+25	3.118866e+27	1.203261e+27	5.325573e+26	2.294797e+26	0.2188657	0	0.02013577	0.03560219	0.03560219	0.001424136	0.02670164	0	0	-0.0025	0	7.166822e-18	0	7.166822e-18	0	-436.5566	0	-436.5566	0	30187.58	77194.93	134.339	8458.244	3657778	0.862947	0.2199392	5.998377	2.056652	1	2	0	0	0.0009173306	
2548	1412	3.45e+19	0	0	100000	1.99775	1e-05	7.405201e+25	5.130872e+25	3.386614e+25	1.744257e+25	1.524303e+25	7.500265e+24	5.379847e+24	3.727556e+24	2.460361e+24	1.267196e+24	1.1074e+24	5.448911e+23	0.1012837	9.683725e+24	0	0	0	1.925002e+19	0	9.683725e+24	0	0	0	0	0	0	0	0	0	0	0	0	0	0	6.930509e+25	0	6.930509e+25	3.13297e+25	0	3.13297e+25	1.677246e+25	0	1.677246e+25	6.26594e+25	0	6.26594e+25	1.867123e+25	0	1.867123e+25	5.981124e+25	0	5.981124e+25	4.342925e+23	7.499333e-10	0.0007672534	1.445557e+12	3.961637e+07	9.386189e+08	3.889478e-07	3.233852e-13	4.155735e-20	0.4674717	0.5	0.01802206	1	10.81173	1.344493	10569.8	1.117189e+26	1.827432e+28	5.151575e+27	6.741065e+25	3.118866e+27	1.203261e+27	5.325573e+26	2.294797e+26	0.2188657	0	0.02008311	0.03560219	0.03560219	0.001424136	0.02670164	0	0	-0.00225	0	1.029004e-17	0	1.029004e-17	0	-432.3103	0	-432.3103	0	30183.8	77194.93	136.0218	8457.186	3657778	0.8624541	0.2203851	5.998876	2.052491	1	2	0	0	0.0009331185	
2576	1412	3.45e+19	0	0	100000	1.998	1e-05	7.486577e+25	5.175083e+25	3.419274e+25	1.755809e+25	1.548055e+25	7.634392e+24	5.438966e+24	3.759676e+24	2.484088e+24	1.275588e+24	1.124656e+24	5.546353e+23	0.1019744	9.79014e+24	0	0	0	6.947267e+18	0	9.79014e+24	0	0	0	0	0	0	0	0	0	0	0	0	0	0	7.006668e+25	0	7.006668e+25	3.167398e+25	0	3.167398e+25	1.695678e+25	0	1.695678e+25	6.334796e+25	0	6.334796e+25	1.887641e+25	0	1.887641e+25	6.046851e+25	0	6.046851e+25	4.331107e+23	7.52292e-10	0.0007724081	1.427761e+12	4.073538e+07	9.570926e+08	3.915669e-07	3.277551e-13	4.240254e-20	0.4679559	0.5	0.01816221	1	10.93054	1.359268	10569.8	1.117189e+26	1.827432e+28	5.151575e+27	6.741065e+25	3.118866e+27	1.203261e+27	5.325573e+26	2.294797e+26	0.2188657	0	0.02003141	0.03560219	0.03560219	0.001424136	0.02670164	0	0	-0.002	0	1.521635e-17	0	1.521635e-17	0	-427.7179	0	-427.7179	0	30180.03	77194.93	137.6978	8456.128	3657778	0.8619664	0.2208262	5.999249	2.04839	1	2	0	0	0.0009491295	
2604	1412	3.45e+19	0	0	100000	1.99825	1e-05	7.567953e+25	5.219108e+25	3.451829e+25	1.767279e+25	1.571903e+25	7.769419e+24	5.498086e+24	3.79166e+24	2.507739e+24	1.283921e+24	1.141981e+24	5.644449e+23	0.1026621	9.896554e+24	0	0	0	2.511526e+18	0	9.896554e+24	0	0	0	0	0	0	0	0	0	0	0	0	0	0	7.082828e+25	0	7.082828e+25	3.201826e+25	0	3.201826e+25	1.714109e+25	0	1.714109e+25	6.403653e+25	0	6.403653e+25	1.908159e+25	0	1.908159e+25	6.112578e+25	0	6.112578e+25	4.319454e+23	7.546273e-10	0.0007775261	1.410117e+12	4.188071e+07	9.759297e+08	3.942029e-07	3.321827e-13	4.326466e-20	0.4684164	0.5	0.01830247	1	11.04935	1.374042	10569.8	1.117189e+26	1.827432e+28	5.151575e+27	6.741065e+25	3.118866e+27	1.203261e+27	5.325573e+26	2.294797e+26	0.2188657	0	0.01998067	0.03560219	0.03560219	0.001424136	0.02670164	0	0	-0.00175	0	2.326157e-17	0	2.326157e-17	0	-422.7353	0	-422.7353	0	30176.25	77194.93	139.3937	8455.07	3657778	0.8614046	0.2213344	5.99952	2.043686	1	2	0	0	0.0009663638	
2632	1412	3.45e+19	0	0	100000	1.9985	1e-05	7.649329e+25	5.262949e+25	3.484281e+25	1.778668e+25	1.595847e+25	7.905332e+24	5.557205e+24	3.82351e+24	2.531316e+24	1.292194e+24	1.159376e+24	5.74319e+23	0.1033467	1.000297e+25	0	0	0	9.094256e+17	0	1.000297e+25	0	0	0	0	0	0	0	0	0	0	0	0	0	0	7.158987e+25	0	7.158987e+25	3.236255e+25	0	3.236255e+25	1.73254e+25	0	1.73254e+25	6.472509e+25	0	6.472509e+25	1.928677e+25	0	1.928677e+25	6.178304e+25	0	6.178304e+25	4.307963e+23	7.569396e-10	0.0007826078	1.39268e+12	4.305125e+07	9.950951e+08	3.968503e-07	3.366594e-13	4.41422e-20	0.4688589	0.5	0.01844279	1	11.16816	1.388817	10569.8	1.117189e+26	1.827432e+28	5.151575e+27	6.741065e+25	3.118866e+27	1.203261e+27	5.325573e+26	2.294797e+26	0.2188657	0	0.01993087	0.03560219	0.03560219	0.001424136	0.02670164	0	0	-0.0015	0	3.694931e-17	0	3.694931e-17	0	-417.303	0	-417.303	0	30172.48	77194.93	141.1558	8454.012	3657778	0.8606323	0.222033	5.999711	2.037255	1	2	0	0	0.0009866134	
2660	1412	3.45e+19	0	0	100000	1.99875	1e-05	7.730705e+25	5.306607e+25	3.516631e+25	1.789977e+25	1.619885e+25	8.042122e+24	5.616324e+24	3.855227e+24	2.554817e+24	1.30041e+24	1.17684e+24	5.842567e+23	0.1040283	1.010938e+25	0	0	0	3.29818e+17	0	1.010938e+25	0	0	0	0	0	0	0	0	0	0	0	0	0	0	7.235147e+25	0	7.235147e+25	3.270683e+25	0	3.270683e+25	1.750972e+25	0	1.750972e+25	6.541366e+25	0	6.541366e+25	1.949195e+25	0	1.949195e+25	6.244031e+25	0	6.244031e+25	4.296631e+23	7.592292e-10	0.0007876537	1.375484e+12	4.424634e+07	1.014566e+09	3.995056e-07	3.411796e-13	4.503419e-20	0.4692871	0.5	0.01858314	1	11.28697	1.403592	10569.8	1.117189e+26	1.827432e+28	5.151575e+27	6.741065e+25	3.118866e+27	1.203261e+27	5.325573e+26	2.294797e+26	0.2188657	0	0.01988202	0.03560219	0.03560219	0.001424136	0.02670164	0	0	-0.00125	0	6.151663e-17	0	6.151663e-17	0	-411.3188	0	-411.3188	0	30168.71	77194.93	143.0755	8452.955	3657778	0.8593795	0.2231662	5.999841	2.026909	1	2	0	0	0.00101352	
2688	1412	3.45e+19	0	0	100000	1.999	1e-05	7.812081e+25	5.350084e+25	3.548877e+25	1.801207e+25	1.644019e+25	8.179778e+24	5.675443e+24	3.886813e+24	2.578244e+24	1.308569e+24	1.194373e+24	5.942573e+23	0.1047068	1.02158e+25	0	0	0	1.197941e+17	0	1.02158e+25	0	0	0	0	0	0	0	0	0	0	0	0	0	0	7.311306e+25	0	7.311306e+25	3.305111e+25	0	3.305111e+25	1.769403e+25	0	1.769403e+25	6.610222e+25	0	6.610222e+25	1.969713e+25	0	1.969713e+25	6.309757e+25	0	6.309757e+25	4.285454e+23	7.614965e-10	0.0007926643	1.358548e+12	4.546565e+07	1.034329e+09	4.021664e-07	3.457395e-13	4.594002e-20	0.4697035	0.5	0.01872351	1	11.40578	1.418366	10569.8	1.117189e+26	1.827432e+28	5.151575e+27	6.741065e+25	3.118866e+27	1.203261e+27	5.325573e+26	2.294797e+26	0.2188657	0	0.0198341	0.03560219	0.03560219	0.001424136	0.02670164	0	0	-0.001	0	1.092948e-16	0	1.092948e-16	0	-404.5717	0	-404.5717	0	30164.93	77194.93	145.3692	8451.898	3657778	0.857007	0.2253122	5.999925	2.007601	1	2	0	0	0.001055816	
2716	1412	3.45e+19	0	0	100000	1.99925	1e-05	7.893456e+25	5.39338e+25	3.58102e+25	1.812359e+25	1.668248e+25	8.31829e+24	5.734562e+24	3.918267e+24	2.601596e+24	1.316671e+24	1.211975e+24	6.043202e+23	0.1053821	1.032221e+25	0	0	0	4.357427e+16	0	1.032221e+25	0	0	0	0	0	0	0	0	0	0	0	0	0	0	7.387466e+25	0	7.387466e+25	3.339539e+25	0	3.339539e+25	1.787834e+25	0	1.787834e+25	6.679079e+25	0	6.679079e+25	1.99023e+25	0	1.99023e+25	6.375484e+25	0	6.375484e+25	4.274428e+23	7.637421e-10	0.0007976399	1.341881e+12	4.670901e+07	1.054373e+09	4.048311e-07	3.503364e-13	4.685928e-20	0.4701097	0.5	0.01886387	1	11.52459	1.433141	10569.8	1.117189e+26	1.827432e+28	5.151575e+27	6.741065e+25	3.118866e+27	1.203261e+27	5.325573e+26	2.294797e+26	0.2188657	0	0.01978712	0.03560219	0.03560219	0.001424136	0.02670164	0	0	-0.00075	0	2.157475e-16	0	2.157475e-16	0	-396.5882	0	-396.5882	0	30161.16	77194.93	174.9255	8450.841	3657778	0.7727369	0.3015331	5.999973	1.500042	1	2	0	0	0.001106877	
2744	1412	3.45e+19	0	0	100000	1.9995	1e-05	7.974832e+25	5.436497e+25	3.613062e+25	1.823435e+25	1.692571e+25	8.457652e+24	5.793682e+24	3.949592e+24	2.624874e+24	1.324717e+24	1.229645e+24	6.144448e+23	0.1060543	1.042863e+25	0	0	0	1.587229e+16	0	1.042863e+25	0	0	0	0	0	0	0	0	0	0	0	0	0	0	7.463625e+25	0	7.463625e+25	3.373968e+25	0	3.373968e+25	1.806265e+25	0	1.806265e+25	6.747935e+25	0	6.747935e+25	2.010748e+25	0	2.010748e+25	6.441211e+25	0	6.441211e+25	4.263551e+23	7.659662e-10	0.000802581	1.325488e+12	4.797641e+07	1.074692e+09	4.074987e-07	3.549686e-13	4.779171e-20	0.4705067	0.5	0.01900421	1	11.6434	1.447916	10569.8	1.117189e+26	1.827432e+28	5.151575e+27	6.741065e+25	3.118866e+27	1.203261e+27	5.325573e+26	2.294797e+26	0.2188657	0	0.01974105	0.03560219	0.03560219	0.001424136	0.02670164	0	0	-0.0005	0	5.22545e-16	0	5.22545e-16	0	-386.2035	0	-386.2035	0	30157.39	77194.93	178.9112	8449.785	3657778	0.7662536	0.3073968	5.999994	1.471422	1	2	0	0	0.001236203	
2772	1412	3.45e+19	0	0	100000	1.99975	1e-05	8.056208e+25	5.479436e+25	3.645002e+25	1.834434e+25	1.716987e+25	8.597853e+24	5.852801e+24	3.980787e+24	2.648078e+24	1.332709e+24	1.247384e+24	6.246304e+23	0.1067233	1.053504e+25	0	0	0	5.789576e+15	0	1.053504e+25	0	0	0	0	0	0	0	0	0	0	0	0	0	0	7.539785e+25	0	7.539785e+25	3.408396e+25	0	3.408396e+25	1.824697e+25	0	1.824697e+25	6.816792e+25	0	6.816792e+25	2.031266e+25	0	2.031266e+25	6.506937e+25	0	6.506937e+25	4.252818e+23	7.681692e-10	0.0008074881	1.309371e+12	4.926789e+07	1.095282e+09	4.101683e-07	3.596347e-13	4.873714e-20	0.4708953	0.5	0.0191445	1	11.76221	1.46269	10569.8	1.117189e+26	1.827432e+28	5.151575e+27	6.741065e+25	3.118866e+27	1.203261e+27	5.325573e+26	2.294797e+26	0.2188657	0	0.0196959	0.03560219	0.03560219	0.001424136	0.02670164	0	0	-0.00025	0	2.128582e-15	0	2.128582e-15	0	-369.7156	0	-369.7156	0	30153.62	77194.93	261.3759	8448.729	3657778	0.4658713	0.5221288	5.999999	0.866149	1	2	0	0.004238049	0.001379662	
2800	1412	3.45e+19	0	0	100000	2	1e-05	8.137584e+25	5.522198e+25	3.67684e+25	1.845359e+25	1.741497e+25	8.738888e+24	5.91192e+24	4.011853e+24	2.671208e+24	1.340645e+24	1.26519e+24	6.348765e+23	0.1073892	1.064146e+25	0	0	0	2.114636e+15	0	1.064146e+25	0	0	0	0	0	0	0	0	0	0	0	0	0	0	7.615944e+25	0	7.615944e+25	3.442824e+25	0	3.442824e+25	1.843128e+25	0	1.843128e+25	6.885648e+25	0	6.885648e+25	2.051784e+25	0	2.051784e+25	6.572664e+25	0	6.572664e+25	4.242227e+23	7.703515e-10	0.0008123615	1.293528e+12	5.058356e+07	1.11614e+09	4.128392e-07	3.643337e-13	4.969547e-20	0.4712759	0.5	0.01928475	1	11.88102	1.477465	10569.8	1.117189e+26	1.827432e+28	5.151575e+27	6.741065e+25	3.118866e+27	1.203261e+27	5.325573e+26	2.294797e+26	0.2188657	0	0.01965165	0.03560219	0.03560219	0.001424136	0.02670164	0	0	0	0	1.008605e-13	0	1.008605e-13	0	-324.4218	0	-324.4218	0	30149.85	77194.93	264.1425	8447.673	3657778	0.4653974	0.5224601	6	0.8655994	1	2	0	0.004280553	0.001395606	
3024	1412	3.45e+19	0	0	100000	2	1e-05	8.788591e+25	5.855035e+25	3.902009e+25	1.953026e+25	1.920617e+25	1.012939e+25	6.384874e+24	4.253658e+24	2.834793e+24	1.418865e+24	1.39532e+24	7.358959e+23	0.1152561	1.149277e+25	0	0	0	8.026964e+14	0	1.149277e+25	0	0	0	0	0	0	0	0	0	0	0	0	0	0	8.22522e+25	0	8.22522e+25	3.71825e+25	0	3.71825e+25	1.990578e+25	0	1.990578e+25	7.4365e+25	0	7.4365e+25	2.215927e+25	0	2.215927e+25	7.098477e+25	0	7.098477e+25	4.231752e+23	7.725148e-10	0.0008172017	1.231039e+12	5.862109e+07	1.243635e+09	4.284267e-07	3.923652e-13	5.55397e-20	0.4830169	0.5	0.02051146	1	12.8315	1.595662	10569.8	1.117189e+26	1.827432e+28	5.151575e+27	6.741065e+25	3.118866e+27	1.203261e+27	5.325573e+26	2.294797e+26	0.2188657	0	0.01932939	0.03560219	0.03560219	0.001424136	0.02670164	0	0	0	0	1.008605e-13	0	1.008605e-13	0	-324.4218	0	-324.4218	0	30149.85	77194.93	285.2739	8447.673	3657778	0.4653974	0.5224601	6	0.8655994	1	2	0	0.004622997	0.001507254	
3248	1412	3.45e+19	0	0	100000	2	1e-05	9.439597e+25	6.178899e+25	4.121565e+25	2.057334e+25	2.110364e+25	1.150334e+25	6.857827e+24	4.488944e+24	2.9943e+24	1.494644e+24	1.533171e+24	8.357128e+23	0.1218626	1.234409e+25	0	0	0	3.122865e+14	0	1.234409e+25	0	0	0	0	0	0	0	0	0	0	0	0	0	0	8.834495e+25	0	8.834495e+25	3.993676e+25	0	3.993676e+25	2.138028e+25	0	2.138028e+25	7.987352e+25	0	7.987352e+25	2.380069e+25	0	2.380069e+25	7.62429e+25	0	7.62429e+25	4.221429e+23	7.878934e-10	0.0008648691	1.148127e+12	6.906764e+07	1.414619e+09	4.476794e-07	4.28422e-13	6.336878e-20	0.491883	0.5	0.02182663	1	13.78198	1.713859	10569.8	1.117189e+26	1.827432e+28	5.151575e+27	6.741065e+25	3.118866e+27	1.203261e+27	5.325573e+26	2.294797e+26	0.2188657	0	0.01906038	0.03560219	0.03560219	0.001424136	0.02670164	0	0	0	0	1.008605e-13	0	1.008605e-13	0	-324.4218	0	-324.4218	0	30149.85	77194.93	306.4053	8447.673	3657778	0.4653973	0.5224601	6	0.8655994	1	2	0	0.004965442	0.001618903	
3472	1412	3.45e+19	0	0	100000	2	1e-05	1.00906e+26	6.493984e+25	4.337777e+25	2.156207e+25	2.309363e+25	1.287257e+25	7.330781e+24	4.717852e+24	3.151376e+24	1.566475e+24	1.677743e+24	9.351867e+23	0.1275699	1.319541e+25	0	0	0	1.233582e+14	0	1.319541e+25	0	0	0	0	0	0	0	0	0	0	0	0	0	0	9.443771e+25	0	9.443771e+25	4.269102e+25	0	4.269102e+25	2.285479e+25	0	2.285479e+25	8.538204e+25	0	8.538204e+25	2.544212e+25	0	2.544212e+25	8.150103e+25	0	8.150103e+25	4.149138e+23	8.063036e-10	0.0009110502	1.058218e+12	8.2006e+07	1.625074e+09	4.693222e-07	4.708469e-13	7.301083e-20	0.4982588	0.5	0.02317842	1	14.73246	1.832057	10569.8	1.117189e+26	1.827432e+28	5.151575e+27	6.741065e+25	3.118866e+27	1.203261e+27	5.325573e+26	2.294797e+26	0.2188657	0	0.01883984	0.03560219	0.03560219	0.001424136	0.02670164	0	0	0	0	1.008605e-13	0	1.008605e-13	0	-324.4218	0	-324.4218	0	30149.85	77194.93	327.5367	8447.673	3657778	0.4653974	0.5224601	6	0.8655994	1	2	0	0.005307886	0.001730551	
3696	1412	3.45e+19	0	0	100000	2	1e-05	1.074161e+26	6.79927e+25	4.570979e+25	2.228292e+25	2.517239e+25	1.425102e+25	7.803734e+24	4.939641e+24	3.320796e+24	1.618844e+24	1.828763e+24	1.03533e+24	0.1326711	1.404672e+25	0	0	0	4.918504e+13	0	1.404672e+25	0	0	0	0	0	0	0	0	0	0	0	0	0	0	1.005305e+26	0	1.005305e+26	4.544528e+25	0	4.544528e+25	2.432929e+25	0	2.432929e+25	9.089055e+25	0	9.089055e+25	2.708355e+25	0	2.708355e+25	8.675916e+25	0	8.675916e+25	4.064995e+23	8.246332e-10	0.000954841	9.696705e+11	9.755552e+07	1.871551e+09	4.924296e-07	5.183532e-13	8.433472e-20	0.5026318	0.5	0.02453307	1	15.68295	1.950254	10569.8	1.117189e+26	1.827432e+28	5.151575e+27	6.741065e+25	3.118866e+27	1.203261e+27	5.325573e+26	2.294797e+26	0.2188657	0	0.01866268	0.03560219	0.03560219	0.001424136	0.02670164	0	0	0	0	1.008605e-13	0	1.008605e-13	0	-324.4218	0	-324.4218	0	30149.85	77194.93	348.6681	8447.673	3657778	0.4653974	0.5224601	6	0.8655994	1	2	0	0.00565033	0.001842199	
3920	1412	3.45e+19	0	0	100000	2	1e-05	1.139262e+26	7.094877e+25	4.805216e+25	2.289661e+25	2.730153e+25	1.567588e+25	8.276688e+24	5.154398e+24	3.490969e+24	1.663429e+24	1.983444e+24	1.138846e+24	0.1375968	1.489804e+25	0	0	0	1.971919e+13	0	1.489804e+25	0	0	0	0	0	0	0	0	0	0	0	0	0	0	1.066232e+26	0	1.066232e+26	4.819954e+25	0	4.819954e+25	2.580379e+25	0	2.580379e+25	9.639907e+25	0	9.639907e+25	2.872498e+25	0	2.872498e+25	9.20173e+25	0	9.20173e+25	3.983734e+23	8.393595e-10	0.0009867859	8.87023e+11	1.156719e+08	2.150606e+09	5.163059e-07	5.698382e-13	9.720646e-20	0.5054596	0.5	0.02586731	1	16.63343	2.068451	10569.8	1.117189e+26	1.827432e+28	5.151575e+27	6.741065e+25	3.118866e+27	1.203261e+27	5.325573e+26	2.294797e+26	0.2188657	0	0.01852363	0.03560219	0.03560219	0.001424136	0.02670164	0	0	0	0	1.008605e-13	0	1.008605e-13	0	-324.4218	0	-324.4218	0	30149.85	77194.93	369.7995	8447.673	3657778	0.4653974	0.5224601	6	0.8655994	1	2	0	0.005992774	0.001953848	
4144	1412	3.45e+19	0	0	100000	2	1e-05	1.204362e+26	7.381243e+25	5.034739e+25	2.346504e+25	2.948165e+25	1.714217e+25	8.749642e+24	5.362441e+24	3.657716e+24	1.704725e+24	2.141829e+24	1.245371e+24	0.1423339	1.574935e+25	0	0	0	7.92943e+12	0	1.574935e+25	0	0	0	0	0	0	0	0	0	0	0	0	0	0	1.12716e+26	0	1.12716e+26	5.09538e+25	0	5.09538e+25	2.727829e+25	0	2.727829e+25	1.019076e+26	0	1.019076e+26	3.03664e+25	0	3.03664e+25	9.727543e+25	0	9.727543e+25	3.920195e+23	8.515546e-10	0.00101399	8.123297e+11	1.364023e+08	2.458435e+09	5.403904e-07	6.242415e-13	1.114543e-19	0.5070899	0.5	0.02716128	1	17.58391	2.186648	10569.8	1.117189e+26	1.827432e+28	5.151575e+27	6.741065e+25	3.118866e+27	1.203261e+27	5.325573e+26	2.294797e+26	0.2188657	0	0.01841744	0.03560219	0.03560219	0.001424136	0.02670164	0	0	0	0	1.008605e-13	0	1.008605e-13	0	-324.4218	0	-324.4218	0	30149.85	77194.93	390.9309	8447.673	3657778	0.4653973	0.5224601	6	0.8655994	1	2	0	0.006335219	0.002065496	
4368	1412	3.45e+19	0	0	100000	2	1e-05	1.269463e+26	7.659097e+25	5.25363e+25	2.405467e+25	3.171053e+25	1.864482e+25	9.222595e+24	5.564301e+24	3.81674e+24	1.747561e+24	2.303756e+24	1.354538e+24	0.1468717	1.660067e+25	0	0	0	3.193109e+12	0	1.660067e+25	0	0	0	0	0	0	0	0	0	0	0	0	0	0	1.188087e+26	0	1.188087e+26	5.370805e+25	0	5.370805e+25	2.87528e+25	0	2.87528e+25	1.074161e+26	0	1.074161e+26	3.200783e+25	0	3.200783e+25	1.025336e+26	0	1.025336e+26	3.868721e+23	8.623414e-10	0.001039187	7.460433e+11	1.597602e+08	2.791444e+09	5.643425e-07	6.808052e-13	1.26941e-19	0.5079102	0.5	0.02841105	1	18.53439	2.304845	10569.8	1.117189e+26	1.827432e+28	5.151575e+27	6.741065e+25	3.118866e+27	1.203261e+27	5.325573e+26	2.294797e+26	0.2188657	0	0.01833894	0.03560219	0.03560219	0.001424136	0.02670164	0	0	0	0	1.008605e-13	0	1.008605e-13	0	-324.4218	0	-324.4218	0	30149.85	77194.93	412.0623	8447.673	3657778	0.4653974	0.5224601	6	0.8655994	1	2	0	0.006677663	0.002177145	
4592	1412	3.45e+19	0	0	100000	2	1e-05	1.334564e+26	7.92898e+25	5.463835e+25	2.465145e+25	3.398632e+25	2.018026e+25	9.695549e+24	5.76037e+24	3.969453e+24	1.790917e+24	2.469092e+24	1.466087e+24	0.1512124	1.745199e+25	0	0	0	1.286415e+12	0	1.745199e+25	0	0	0	0	0	0	0	0	0	0	0	0	0	0	1.249015e+26	0	1.249015e+26	5.646231e+25	0	5.646231e+25	3.02273e+25	0	3.02273e+25	1.129246e+26	0	1.129246e+26	3.364926e+25	0	3.364926e+25	1.077917e+26	0	1.077917e+26	3.824033e+23	8.728836e-10	0.001065318	6.877567e+11	1.85749e+08	3.146441e+09	5.879362e-07	7.389208e-13	1.435372e-19	0.5081977	0.5	0.02961561	1	19.48487	2.423043	10569.8	1.117189e+26	1.827432e+28	5.151575e+27	6.741065e+25	3.118866e+27	1.203261e+27	5.325573e+26	2.294797e+26	0.2188657	0	0.01828318	0.03560219	0.03560219	0.001424136	0.02670164	0	0	0	0	1.008605e-13	0	1.008605e-13	0	-324.4218	0	-324.4218	0	30149.85	77194.93	433.1937	8447.673	3657778	0.4653974	0.5224601	6	0.8655994	1	2	0	0.007020107	0.002288793	
4816	1412	3.45e+19	0	0	100000	2	1e-05	1.399664e+26	8.191269e+25	5.667553e+25	2.523716e+25	3.630767e+25	2.174608e+25	1.01685e+25	5.950922e+24	4.117453e+24	1.833469e+24	2.637737e+24	1.579844e+24	0.1553664	1.83033e+25	0	0	0	5.181908e+11	0	1.83033e+25	0	0	0	0	0	0	0	0	0	0	0	0	0	0	1.309942e+26	0	1.309942e+26	5.921657e+25	0	5.921657e+25	3.17018e+25	0	3.17018e+25	1.184331e+26	0	1.184331e+26	3.529068e+25	0	3.529068e+25	1.130498e+26	0	1.130498e+26	3.781104e+23	8.833653e-10	0.001091763	6.366739e+11	2.143715e+08	3.520756e+09	6.110418e-07	7.981404e-13	1.611338e-19	0.5081552	0.5	0.03077691	1	20.43535	2.54124	10569.8	1.117189e+26	1.827432e+28	5.151575e+27	6.741065e+25	3.118866e+27	1.203261e+27	5.325573e+26	2.294797e+26	0.2188657	0	0.01824548	0.03560219	0.03560219	0.001424136	0.02670164	0	0	0	0	1.008605e-13	0	1.008605e-13	0	-324.4218	0	-324.4218	0	30149.85	77194.93	454.3251	8447.673	3657778	0.4653974	0.5224601	6	0.8655994	1	2	0	0.007362551	0.002400442	
5040	1412	3.45e+19	0	0	100000	2	1e-05	1.464765e+26	8.446203e+25	5.866966e+25	2.579237e+25	3.867369e+25	2.334079e+25	1.064146e+25	6.13613e+24	4.262325e+24	1.873805e+24	2.809627e+24	1.695698e+24	0.1593483	1.915462e+25	0	0	0	2.086391e+11	0	1.915462e+25	0	0	0	0	0	0	0	0	0	0	0	0	0	0	1.37087e+26	0	1.37087e+26	6.197083e+25	0	6.197083e+25	3.31763e+25	0	3.31763e+25	1.239417e+26	0	1.239417e+26	3.693211e+25	0	3.693211e+25	1.18308e+26	0	1.18308e+26	3.739134e+23	8.936292e-10	0.001117717	5.918801e+11	2.456387e+08	3.912275e+09	6.335981e-07	8.581538e-13	1.796451e-19	0.5079241	0.5	0.03189851	1	21.38584	2.659437	10569.8	1.117189e+26	1.827432e+28	5.151575e+27	6.741065e+25	3.118866e+27	1.203261e+27	5.325573e+26	2.294797e+26	0.2188657	0	0.01822149	0.03560219	0.03560219	0.001424136	0.02670164	0	0	0	0	1.008605e-13	0	1.008605e-13	0	-324.4218	0	-324.4218	0	30149.85	77194.93	475.4565	8447.673	3657778	0.4653973	0.5224601	6	0.8655994	1	2	0	0.007704996	0.00251209	
5264	1412	3.45e+19	0	0	100000	2	1e-05	1.529866e+26	8.693998e+25	6.062433e+25	2.631566e+25	4.108338e+25	2.496321e+25	1.111441e+25	6.316153e+24	4.404331e+24	1.911821e+24	2.98469e+24	1.813567e+24	0.1631726	2.000594e+25	0	0	0	8.395136e+10	0	2.000594e+25	0	0	0	0	0	0	0	0	0	0	0	0	0	0	1.431797e+26	0	1.431797e+26	6.472509e+25	0	6.472509e+25	3.465081e+25	0	3.465081e+25	1.294502e+26	0	1.294502e+26	3.857354e+25	0	3.857354e+25	1.235661e+26	0	1.235661e+26	3.69871e+23	9.034063e-10	0.001142321	5.524832e+11	2.795706e+08	4.319407e+09	6.555895e-07	9.187586e-13	1.990077e-19	0.5075987	0.5	0.03298452	1	22.33632	2.777634	10569.8	1.117189e+26	1.827432e+28	5.151575e+27	6.741065e+25	3.118866e+27	1.203261e+27	5.325573e+26	2.294797e+26	0.2188657	0	0.0182072	0.03560219	0.03560219	0.001424136	0.02670164	0	0	0	0	1.008605e-13	0	1.008605e-13	0	-324.4218	0	-324.4218	0	30149.85	77194.93	496.5879	8447.673	3657778	0.4653974	0.5224601	6	0.8655994	1	2	0	0.00804744	0.002623739	
5488	1412	3.45e+19	0	0	100000	2	1e-05	1.594966e+26	8.934886e+25	6.25364e+25	2.681247e+25	4.353549e+25	2.661229e+25	1.158736e+25	6.491157e+24	4.543243e+24	1.947914e+24	3.162835e+24	1.933372e+24	0.1668517	2.085725e+25	0	0	0	3.375663e+10	0	2.085725e+25	0	0	0	0	0	0	0	0	0	0	0	0	0	0	1.492725e+26	0	1.492725e+26	6.747935e+25	0	6.747935e+25	3.612531e+25	0	3.612531e+25	1.349587e+26	0	1.349587e+26	4.021497e+25	0	4.021497e+25	1.288242e+26	0	1.288242e+26	3.660809e+23	9.126069e-10	0.001165512	5.176782e+11	3.161972e+08	4.741017e+09	6.77029e-07	9.798329e-13	2.191774e-19	0.5072381	0.5	0.03403901	1	23.2868	2.895831	10569.8	1.117189e+26	1.827432e+28	5.151575e+27	6.741065e+25	3.118866e+27	1.203261e+27	5.325573e+26	2.294797e+26	0.2188657	0	0.018199	0.03560219	0.03560219	0.001424136	0.02670164	0	0	0	0	1.008605e-13	0	1.008605e-13	0	-324.4218	0	-324.4218	0	30149.85	77194.93	517.7193	8447.673	3657778	0.4653973	0.5224601	6	0.8655994	1	2	0	0.008389884	0.002735387	
5712	1412	3.45e+19	0	0	100000	2	1e-05	1.660067e+26	9.169118e+25	6.440089e+25	2.729029e+25	4.602856e+25	2.828697e+25	1.206032e+25	6.661325e+24	4.678697e+24	1.982628e+24	3.343955e+24	2.055036e+24	0.1703966	2.170857e+25	0	0	0	1.356405e+10	0	2.170857e+25	0	0	0	0	0	0	0	0	0	0	0	0	0	0	1.553653e+26	0	1.553653e+26	7.023361e+25	0	7.023361e+25	3.759981e+25	0	3.759981e+25	1.404672e+26	0	1.404672e+26	4.185639e+25	0	4.185639e+25	1.340823e+26	0	1.340823e+26	3.625672e+23	9.21275e-10	0.001187531	4.867683e+11	3.555578e+08	5.176336e+09	6.979458e-07	1.041312e-12	2.401259e-19	0.5068776	0.5	0.03506571	1	24.23728	3.014029	10569.8	1.117189e+26	1.827432e+28	5.151575e+27	6.741065e+25	3.118866e+27	1.203261e+27	5.325573e+26	2.294797e+26	0.2188657	0	0.01819366	0.03560219	0.03560219	0.001424136	0.02670164	0	0	0	0	1.008605e-13	0	1.008605e-13	0	-324.4218	0	-324.4218	0	30149.85	77194.93	538.8507	8447.673	3657778	0.4653974	0.5224601	6	0.8655994	1	2	0	0.008732328	0.002847036	
5936	1412	3.45e+19	0	0	100000	2	1e-05	1.725168e+26	9.396941e+25	6.621658e+25	2.775284e+25	4.856109e+25	2.998628e+25	1.253327e+25	6.826838e+24	4.810606e+24	2.016232e+24	3.527942e+24	2.17849e+24	0.1738166	2.255989e+25	0	0	0	5.446688e+09	0	2.255989e+25	0	0	0	0	0	0	0	0	0	0	0	0	0	0	1.61458e+26	0	1.61458e+26	7.298787e+25	0	7.298787e+25	3.907431e+25	0	3.907431e+25	1.459757e+26	0	1.459757e+26	4.349782e+25	0	4.349782e+25	1.393405e+26	0	1.393405e+26	3.59303e+23	9.295173e-10	0.001208709	4.591643e+11	3.977006e+08	5.624884e+09	7.183774e-07	1.103171e-12	2.618375e-19	0.5065366	0.5	0.03606793	1	25.18776	3.132226	10569.8	1.117189e+26	1.827432e+28	5.151575e+27	6.741065e+25	3.118866e+27	1.203261e+27	5.325573e+26	2.294797e+26	0.2188657	0	0.01818833	0.03560219	0.03560219	0.001424136	0.02670164	0	0	0	0	1.008605e-13	0	1.008605e-13	0	-324.4218	0	-324.4218	0	30149.85	77194.93	559.9821	8447.673	3657778	0.4653974	0.5224601	6	0.8655994	1	2	0	0.009074773	0.002958684	
6160	1412	3.45e+19	0	0	100000	2	1e-05	1.790268e+26	9.618587e+25	6.798509e+25	2.820078e+25	5.113165e+25	3.170934e+25	1.300622e+25	6.987862e+24	4.939088e+24	2.048774e+24	3.714692e+24	2.30367e+24	0.1771206	2.34112e+25	0	0	0	2.185793e+09	0	2.34112e+25	0	0	0	0	0	0	0	0	0	0	0	0	0	0	1.675508e+26	0	1.675508e+26	7.574213e+25	0	7.574213e+25	4.054882e+25	0	4.054882e+25	1.514843e+26	0	1.514843e+26	4.513925e+25	0	4.513925e+25	1.445986e+26	0	1.445986e+26	3.562399e+23	9.374145e-10	0.00122921	4.343745e+11	4.426827e+08	6.086397e+09	7.383641e-07	1.16541e-12	2.843058e-19	0.5062242	0.5	0.03704855	1	26.13824	3.250423	10569.8	1.117189e+26	1.827432e+28	5.151575e+27	6.741065e+25	3.118866e+27	1.203261e+27	5.325573e+26	2.294797e+26	0.2188657	0	0.01818053	0.03560219	0.03560219	0.001424136	0.02670164	0	0	0	0	1.008605e-13	0	1.008605e-13	0	-324.4218	0	-324.4218	0	30149.85	77194.93	581.1135	8447.673	3657778	0.4653974	0.5224601	6	0.8655994	1	2	0	0.009417217	0.003070333	
6384	1412	3.45e+19	0	0	100000	2	1e-05	1.855369e+26	9.834263e+25	6.970932e+25	2.863331e+25	5.373892e+25	3.345536e+25	1.347918e+25	7.14455e+24	5.064353e+24	2.080198e+24	3.90411e+24	2.430518e+24	0.1803165	2.426252e+25	0	0	0	8.766798e+08	0	2.426252e+25	0	0	0	0	0	0	0	0	0	0	0	0	0	0	1.736435e+26	0	1.736435e+26	7.849639e+25	0	7.849639e+25	4.202332e+25	0	4.202332e+25	1.569928e+26	0	1.569928e+26	4.678068e+25	0	4.678068e+25	1.498567e+26	0	1.498567e+26	3.533415e+23	9.450044e-10	0.001249064	4.119911e+11	4.905684e+08	6.560763e+09	7.579463e-07	1.228045e-12	3.075313e-19	0.5059437	0.5	0.03801004	1	27.08872	3.36862	10569.8	1.117189e+26	1.827432e+28	5.151575e+27	6.741065e+25	3.118866e+27	1.203261e+27	5.325573e+26	2.294797e+26	0.2188657	0	0.01816816	0.03560219	0.03560219	0.001424136	0.02670164	0	0	0	0	1.008605e-13	0	1.008605e-13	0	-324.4218	0	-324.4218	0	30149.85	77194.93	602.2449	8447.673	3657778	0.4653974	0.5224601	6	0.8655994	1	2	0	0.009759661	0.003181981	
6608	1412	3.45e+19	0	0	100000	2	1e-05	1.92047e+26	1.004416e+26	7.139157e+25	2.905006e+25	5.63817e+25	3.522364e+25	1.395213e+25	7.297042e+24	5.186567e+24	2.110475e+24	4.096106e+24	2.558983e+24	0.1834116	2.511384e+25	0	0	0	3.514387e+08	0	2.511384e+25	0	0	0	0	0	0	0	0	0	0	0	0	0	0	1.797363e+26	0	1.797363e+26	8.125065e+25	0	8.125065e+25	4.349782e+25	0	4.349782e+25	1.625013e+26	0	1.625013e+26	4.84221e+25	0	4.84221e+25	1.551149e+26	0	1.551149e+26	3.505892e+23	9.522938e-10	0.001268236	3.916766e+11	5.41428e+08	7.047974e+09	7.771621e-07	1.291102e-12	3.315192e-19	0.5056946	0.5	0.0389545	1	28.03921	3.486818	10569.8	1.117189e+26	1.827432e+28	5.151575e+27	6.741065e+25	3.118866e+27	1.203261e+27	5.325573e+26	2.294797e+26	0.2188657	0	0.01814943	0.03560219	0.03560219	0.001424136	0.02670164	0	0	0	0	1.008605e-13	0	1.008605e-13	0	-324.4218	0	-324.4218	0	30149.85	77194.93	623.3763	8447.673	3657778	0.4653974	0.5224601	6	0.8655994	1	2	0	0.01010211	0.003293629	
6832	1412	3.45e+19	0	0	100000	2	1e-05	1.98557e+26	1.024847e+26	7.303319e+25	2.94515e+25	5.905885e+25	3.701351e+25	1.442508e+25	7.445469e+24	5.30583e+24	2.139639e+24	4.2906e+24	2.689016e+24	0.1864125	2.596515e+25	0	0	0	1.408164e+08	0	2.596515e+25	0	0	0	0	0	0	0	0	0	0	0	0	0	0	1.85829e+26	0	1.85829e+26	8.400491e+25	0	8.400491e+25	4.497232e+25	0	4.497232e+25	1.680098e+26	0	1.680098e+26	5.006353e+25	0	5.006353e+25	1.60373e+26	0	1.60373e+26	3.47976e+23	9.592846e-10	0.001286709	3.731516e+11	5.953355e+08	7.548088e+09	7.960463e-07	1.354609e-12	3.562779e-19	0.5054746	0.5	0.0398837	1	28.98969	3.605015	10569.8	1.117189e+26	1.827432e+28	5.151575e+27	6.741065e+25	3.118866e+27	1.203261e+27	5.325573e+26	2.294797e+26	0.2188657	0	0.01812288	0.03560219	0.03560219	0.001424136	0.02670164	0	0	0	0	1.008605e-13	0	1.008605e-13	0	-324.4218	0	-324.4218	0	30149.85	77194.93	644.5077	8447.673	3657778	0.4653974	0.5224601	6	0.8655994	1	2	0	0.01044455	0.003405278	
7056	1412	3.45e+19	0	0	100000	2	1e-05	2.050671e+26	1.044735e+26	7.463488e+25	2.983866e+25	6.176927e+25	3.882431e+25	1.489804e+25	7.589958e+24	5.422192e+24	2.167766e+24	4.487511e+24	2.82057e+24	0.1893249	2.681647e+25	0	0	0	5.639851e+07	0	2.681647e+25	0	0	0	0	0	0	0	0	0	0	0	0	0	0	1.919218e+26	0	1.919218e+26	8.675916e+25	0	8.675916e+25	4.644683e+25	0	4.644683e+25	1.735183e+26	0	1.735183e+26	5.170496e+25	0	5.170496e+25	1.656311e+26	0	1.656311e+26	3.454973e+23	9.659858e-10	0.001304504	3.561837e+11	6.523678e+08	8.061203e+09	8.146304e-07	1.418596e-12	3.818174e-19	0.5052807	0.5	0.04079914	1	29.94017	3.723212	10569.8	1.117189e+26	1.827432e+28	5.151575e+27	6.741065e+25	3.118866e+27	1.203261e+27	5.325573e+26	2.294797e+26	0.2188657	0	0.01808734	0.03560219	0.03560219	0.001424136	0.02670164	0	0	0	0	1.008605e-13	0	1.008605e-13	0	-324.4218	0	-324.4218	0	30149.85	77194.93	665.6391	8447.673	3657778	0.4653974	0.5224601	6	0.8655994	1	2	0	0.01078699	0.003516926	
7280	1412	3.45e+19	0	0	100000	2	1e-05	2.115772e+26	1.064099e+26	7.619726e+25	3.021261e+25	6.451192e+25	4.065539e+25	1.537099e+25	7.730632e+24	5.535699e+24	2.194933e+24	4.686763e+24	2.953597e+24	0.192154	2.766779e+25	0	0	0	2.257901e+07	0	2.766779e+25	0	0	0	0	0	0	0	0	0	0	0	0	0	0	1.980145e+26	0	1.980145e+26	8.951342e+25	0	8.951342e+25	4.792133e+25	0	4.792133e+25	1.790268e+26	0	1.790268e+26	5.334638e+25	0	5.334638e+25	1.708893e+26	0	1.708893e+26	3.431459e+23	9.724147e-10	0.001321667	3.405795e+11	7.126033e+08	8.587434e+09	8.329421e-07	1.483088e-12	4.081486e-19	0.5051095	0.5	0.04170211	1	30.89065	3.841409	10569.8	1.117189e+26	1.827432e+28	5.151575e+27	6.741065e+25	3.118866e+27	1.203261e+27	5.325573e+26	2.294797e+26	0.2188657	0	0.0180419	0.03560219	0.03560219	0.001424136	0.02670164	0	0	0	0	1.008605e-13	0	1.008605e-13	0	-324.4218	0	-324.4218	0	30149.85	77194.93	686.7706	8447.673	3657778	0.4653973	0.5224601	6	0.8655994	1	2	0	0.01112944	0.003628575	
7504	1412	3.45e+19	0	0	100000	2	1e-05	2.180873e+26	1.082953e+26	7.772116e+25	3.057416e+25	6.72858e+25	4.250614e+25	1.584395e+25	7.867608e+24	5.646409e+24	2.221199e+24	4.888285e+24	3.088053e+24	0.1949043	2.85191e+25	0	0	0	9035962	0	2.85191e+25	0	0	0	0	0	0	0	0	0	0	0	0	0	0	2.041073e+26	0	2.041073e+26	9.226768e+25	0	9.226768e+25	4.939583e+25	0	4.939583e+25	1.845354e+26	0	1.845354e+26	5.498781e+25	0	5.498781e+25	1.761474e+26	0	1.761474e+26	3.409127e+23	9.785912e-10	0.001338245	3.261765e+11	7.761213e+08	9.126902e+09	8.510058e-07	1.548112e-12	4.352827e-19	0.5049578	0.5	0.04259369	1	31.84113	3.959606	10569.8	1.117189e+26	1.827432e+28	5.151575e+27	6.741065e+25	3.118866e+27	1.203261e+27	5.325573e+26	2.294797e+26	0.2188657	0	0.01798589	0.03560219	0.03560219	0.001424136	0.02670164	0	0	0	0	1.008605e-13	0	1.008605e-13	0	-324.4218	0	-324.4218	0	30149.85	77194.93	707.902	8447.673	3657778	0.4653973	0.5224601	6	0.8655994	1	2	0	0.01147188	0.003740223	
7728	1412	3.45e+19	0	0	100000	2	1e-05	2.245973e+26	1.101314e+26	7.920758e+25	3.092382e+25	7.008998e+25	4.437594e+25	1.63169e+25	8.000999e+24	5.754397e+24	2.246603e+24	5.092007e+24	3.223893e+24	0.19758	2.937042e+25	0	0	0	3614786	0	2.937042e+25	0	0	0	0	0	0	0	0	0	0	0	0	0	0	2.102001e+26	0	2.102001e+26	9.502194e+25	0	9.502194e+25	5.087033e+25	0	5.087033e+25	1.900439e+26	0	1.900439e+26	5.662924e+25	0	5.662924e+25	1.814055e+26	0	1.814055e+26	3.387875e+23	9.845327e-10	0.001354274	3.128376e+11	8.430015e+08	9.679724e+09	8.688428e-07	1.613689e-12	4.632309e-19	0.5048226	0.5	0.04347482	1	32.79161	4.077804	10569.8	1.117189e+26	1.827432e+28	5.151575e+27	6.741065e+25	3.118866e+27	1.203261e+27	5.325573e+26	2.294797e+26	0.2188657	0	0.01791885	0.03560219	0.03560219	0.001424136	0.02670164	0	0	0	0	1.008605e-13	0	1.008605e-13	0	-324.4218	0	-324.4218	0	30149.85	77194.93	729.0334	8447.673	3657778	0.4653973	0.5224601	6	0.8655994	1	2	0	0.01181433	0.003851872	
7952	1412	3.45e+19	0	0	100000	2	1e-05	2.311074e+26	1.119196e+26	8.065758e+25	3.126203e+25	7.292357e+25	4.626421e+25	1.678985e+25	8.130912e+24	5.859739e+24	2.271173e+24	5.297866e+24	3.361075e+24	0.2001849	3.022174e+25	0	0	0	1445552	0	3.022174e+25	0	0	0	0	0	0	0	0	0	0	0	0	0	0	2.162928e+26	0	2.162928e+26	9.77762e+25	0	9.77762e+25	5.234484e+25	0	5.234484e+25	1.955524e+26	0	1.955524e+26	5.827067e+25	0	5.827067e+25	1.866637e+26	0	1.866637e+26	3.367619e+23	9.902527e-10	0.001369777	3.004466e+11	9.133235e+08	1.024601e+10	8.864718e-07	1.679838e-12	4.920041e-19	0.5047014	0.5	0.04434628	1	33.7421	4.196001	10569.8	1.117189e+26	1.827432e+28	5.151575e+27	6.741065e+25	3.118866e+27	1.203261e+27	5.325573e+26	2.294797e+26	0.2188657	0	0.01784052	0.03560219	0.03560219	0.001424136	0.02670164	0	0	0	0	1.008605e-13	0	1.008605e-13	0	-324.4218	0	-324.4218	0	30149.85	77194.93	750.1648	8447.673	3657778	0.4653974	0.5224601	6	0.8655994	1	2	0	0.01215677	0.00396352	
8176	1412	3.45e+19	0	0	100000	2	1e-05	2.376175e+26	1.136613e+26	8.207217e+25	3.158917e+25	7.578573e+25	4.817038e+25	1.726281e+25	8.257448e+24	5.962508e+24	2.294939e+24	5.505801e+24	3.499558e+24	0.2027224	3.107305e+25	0	0	0	577870.3	0	3.107305e+25	0	0	0	0	0	0	0	0	0	0	0	0	0	0	2.223856e+26	0	2.223856e+26	1.005305e+26	0	1.005305e+26	5.381934e+25	0	5.381934e+25	2.010609e+26	0	2.010609e+26	5.991209e+25	0	5.991209e+25	1.919218e+26	0	1.919218e+26	3.34829e+23	9.95762e-10	0.001384772	2.88904e+11	9.871669e+08	1.082587e+10	9.03909e-07	1.746573e-12	5.216125e-19	0.5045921	0.5	0.04520879	1	34.69258	4.314198	10569.8	1.117189e+26	1.827432e+28	5.151575e+27	6.741065e+25	3.118866e+27	1.203261e+27	5.325573e+26	2.294797e+26	0.2188657	0	0.0177508	0.03560219	0.03560219	0.001424136	0.02670164	0	0	0	0	1.008605e-13	0	1.008605e-13	0	-324.4218	0	-324.4218	0	30149.85	77194.93	771.2962	8447.673	3657778	0.4653974	0.5224601	6	0.8655994	1	2	0	0.01249922	0.004075169	
8400	1412	3.45e+19	0	0	100000	2	1e-05	2.441275e+26	1.153579e+26	8.345226e+25	3.190569e+25	7.867565e+25	5.009392e+25	1.773576e+25	8.380706e+24	6.062771e+24	2.317935e+24	5.715753e+24	3.639302e+24	0.2051957	3.192437e+25	0	0	0	230926.2	0	3.192437e+25	0	0	0	0	0	0	0	0	0	0	0	0	0	0	2.284783e+26	0	2.284783e+26	1.032847e+26	0	1.032847e+26	5.529384e+25	0	5.529384e+25	2.065694e+26	0	2.065694e+26	6.155352e+25	0	6.155352e+25	1.971799e+26	0	1.971799e+26	3.329829e+23	1.00107e-09	0.001399278	2.781245e+11	1.064611e+09	1.141938e+10	9.211685e-07	1.81391e-12	5.520662e-19	0.5044926	0.5	0.04606294	1	35.64306	4.432395	10569.8	1.117189e+26	1.827432e+28	5.151575e+27	6.741065e+25	3.118866e+27	1.203261e+27	5.325573e+26	2.294797e+26	0.2188657	0	0.01764972	0.03560219	0.03560219	0.001424136	0.02670164	0	0	0	0	1.008605e-13	0	1.008605e-13	0	-324.4218	0	-324.4218	0	30149.85	77194.93	792.4276	8447.673	3657778	0.4653974	0.5224601	6	0.8655994	1	2	0	0.01284166	0.004186817	
8624	1412	3.45e+19	0	0	100000	2	1e-05	2.506376e+26	1.170107e+26	8.479866e+25	3.221207e+25	8.159258e+25	5.203428e+25	1.820871e+25	8.500779e+24	6.160586e+24	2.340193e+24	5.927666e+24	3.780268e+24	0.2076077	3.277568e+25	0	0	0	92249.07	0	3.277568e+25	0	0	0	0	0	0	0	0	0	0	0	0	0	0	2.345711e+26	0	2.345711e+26	1.06039e+26	0	1.06039e+26	5.676834e+25	0	5.676834e+25	2.12078e+26	0	2.12078e+26	6.319495e+25	0	6.319495e+25	2.024381e+26	0	2.024381e+26	3.312187e+23	1.006186e-09	0.001413314	2.68034e+11	1.145733e+09	1.202662e+10	9.382629e-07	1.881856e-12	5.833745e-19	0.5044016	0.5	0.04690927	1	36.59354	4.550592	10569.8	1.117189e+26	1.827432e+28	5.151575e+27	6.741065e+25	3.118866e+27	1.203261e+27	5.325573e+26	2.294797e+26	0.2188657	0	0.01753747	0.03560219	0.03560219	0.001424136	0.02670164	0	0	0	0	1.008605e-13	0	1.008605e-13	0	-324.4218	0	-324.4218	0	30149.85	77194.93	813.559	8447.673	3657778	0.4653974	0.5224601	6	0.8655994	1	2	0	0.0131841	0.004298465	
8848	1412	3.45e+19	0	0	100000	2	1e-05	2.571477e+26	1.186209e+26	8.611219e+25	3.250873e+25	8.453578e+25	5.399096e+25	1.868167e+25	8.617759e+24	6.256014e+24	2.361745e+24	6.141488e+24	3.92242e+24	0.2099609	3.3627e+25	0	0	0	36837.95	0	3.3627e+25	0	0	0	0	0	0	0	0	0	0	0	0	0	0	2.406638e+26	0	2.406638e+26	1.087932e+26	0	1.087932e+26	5.824284e+25	0	5.824284e+25	2.175865e+26	0	2.175865e+26	6.483637e+25	0	6.483637e+25	2.076962e+26	0	2.076962e+26	3.295315e+23	1.01112e-09	0.001426901	2.585684e+11	1.230611e+09	1.264766e+10	9.552029e-07	1.950422e-12	6.155464e-19	0.5043176	0.5	0.04774826	1	37.54402	4.66879	10569.8	1.117189e+26	1.827432e+28	5.151575e+27	6.741065e+25	3.118866e+27	1.203261e+27	5.325573e+26	2.294797e+26	0.2188657	0	0.01741431	0.03560219	0.03560219	0.001424136	0.02670164	0	0	0	0	1.008605e-13	0	1.008605e-13	0	-324.4218	0	-324.4218	0	30149.85	77194.93	834.6904	8447.673	3657778	0.4653974	0.5224601	6	0.8655994	1	2	0	0.01352655	0.004410114	
9072	1412	3.45e+19	0	0	100000	2	1e-05	2.636577e+26	1.201897e+26	8.739364e+25	3.279609e+25	8.750455e+25	5.596344e+25	1.915462e+25	8.731732e+24	6.349111e+24	2.382622e+24	6.357168e+24	4.06572e+24	0.2122579	3.447832e+25	0	0	0	14705.23	0	3.447832e+25	0	0	0	0	0	0	0	0	0	0	0	0	0	0	2.467566e+26	0	2.467566e+26	1.115475e+26	0	1.115475e+26	5.971735e+25	0	5.971735e+25	2.23095e+26	0	2.23095e+26	6.64778e+25	0	6.64778e+25	2.129543e+26	0	2.129543e+26	3.279166e+23	1.015881e-09	0.001440058	2.496714e+11	1.319322e+09	1.328257e+10	9.719982e-07	2.019614e-12	6.485901e-19	0.5042398	0.5	0.04858031	1	38.4945	4.786987	10569.8	1.117189e+26	1.827432e+28	5.151575e+27	6.741065e+25	3.118866e+27	1.203261e+27	5.325573e+26	2.294797e+26	0.2188657	0	0.0172806	0.03560219	0.03560219	0.001424136	0.02670164	0	0	0	0	1.008605e-13	0	1.008605e-13	0	-324.4218	0	-324.4218	0	30149.85	77194.93	855.8218	8447.673	3657778	0.4653974	0.5224601	6	0.8655994	1	2	0	0.01386899	0.004521762	
9296	1412	3.45e+19	0	0	100000	2	1e-05	2.701678e+26	1.217183e+26	8.864381e+25	3.30745e+25	9.049822e+25	5.795125e+25	1.962757e+25	8.842783e+24	6.439935e+24	2.402848e+24	6.574657e+24	4.210134e+24	0.214501	3.532963e+25	0	0	0	5867.979	0	3.532963e+25	0	0	0	0	0	0	0	0	0	0	0	0	0	0	2.528493e+26	0	2.528493e+26	1.143018e+26	0	1.143018e+26	6.119185e+25	0	6.119185e+25	2.286035e+26	0	2.286035e+26	6.811923e+25	0	6.811923e+25	2.182124e+26	0	2.182124e+26	3.263696e+23	1.020476e-09	0.001452803	2.412934e+11	1.411941e+09	1.393138e+10	9.886574e-07	2.089436e-12	6.825137e-19	0.5041671	0.5	0.04940581	1	39.44498	4.905184	10569.8	1.117189e+26	1.827432e+28	5.151575e+27	6.741065e+25	3.118866e+27	1.203261e+27	5.325573e+26	2.294797e+26	0.2188657	0	0.01713679	0.03560219	0.03560219	0.001424136	0.02670164	0	0	0	0	1.008605e-13	0	1.008605e-13	0	-324.4218	0	-324.4218	0	30149.85	77194.93	876.9532	8447.673	3657778	0.4653974	0.5224601	6	0.8655994	1	2	0	0.01421144	0.004633411	
9520	1412	3.45e+19	0	0	100000	2	1e-05	2.766779e+26	1.232078e+26	8.986348e+25	3.334431e+25	9.351615e+25	5.995393e+25	2.010053e+25	8.950993e+24	6.528543e+24	2.42245e+24	6.793908e+24	4.355627e+24	0.2166922	3.618095e+25	0	0	0	2340.686	0	3.618095e+25	0	0	0	0	0	0	0	0	0	0	0	0	0	0	2.589421e+26	0	2.589421e+26	1.17056e+26	0	1.17056e+26	6.266635e+25	0	6.266635e+25	2.34112e+26	0	2.34112e+26	6.976066e+25	0	6.976066e+25	2.234706e+26	0	2.234706e+26	3.248867e+23	1.024914e-09	0.001465153	2.333907e+11	1.508545e+09	1.459414e+10	1.005188e-06	2.159892e-12	7.173249e-19	0.5040989	0.5	0.0502251	1	40.39547	5.023381	10569.8	1.117189e+26	1.827432e+28	5.151575e+27	6.741065e+25	3.118866e+27	1.203261e+27	5.325573e+26	2.294797e+26	0.2188657	0	0.01698336	0.03560219	0.03560219	0.001424136	0.02670164	0	0	0	0	1.008605e-13	0	1.008605e-13	0	-324.4218	0	-324.4218	0	30149.85	77194.93	898.0846	8447.673	3657778	0.4653974	0.5224601	6	0.8655994	1	2	0	0.01455388	0.004745059	
9744	1412	3.45e+19	0	0	100000	2	1e-05	2.831879e+26	1.246592e+26	9.105339e+25	3.360583e+25	9.65577e+25	6.197101e+25	2.057348e+25	9.056439e+24	6.61499e+24	2.441449e+24	7.014876e+24	4.502167e+24	0.2188335	3.703227e+25	0	0	0	933.3249	0	3.703227e+25	0	0	0	0	0	0	0	0	0	0	0	0	0	0	2.650349e+26	0	2.650349e+26	1.198103e+26	0	1.198103e+26	6.414085e+25	0	6.414085e+25	2.396206e+26	0	2.396206e+26	7.140208e+25	0	7.140208e+25	2.287287e+26	0	2.287287e+26	3.234641e+23	1.029202e-09	0.001477122	2.259246e+11	1.609207e+09	1.527088e+10	1.021597e-06	2.230985e-12	7.530309e-19	0.5040346	0.5	0.05103847	1	41.34595	5.141578	10569.8	1.117189e+26	1.827432e+28	5.151575e+27	6.741065e+25	3.118866e+27	1.203261e+27	5.325573e+26	2.294797e+26	0.2188657	0	0.01682086	0.03560219	0.03560219	0.001424136	0.02670164	0	0	0	0	1.008605e-13	0	1.008605e-13	0	-324.4218	0	-324.4218	0	30149.85	77194.93	919.216	8447.673	3657778	0.4653973	0.5224601	6	0.8655994	1	2	0	0.01489633	0.004856708	
9968	1412	3.45e+19	0	0	100000	2	1e-05	2.89698e+26	1.260736e+26	9.221428e+25	3.385937e+25	9.962229e+25	6.400206e+25	2.104644e+25	9.159196e+24	6.699328e+24	2.459868e+24	7.237517e+24	4.649722e+24	0.2209268	3.788358e+25	0	0	0	372.0102	0	3.788358e+25	0	0	0	0	0	0	0	0	0	0	0	0	0	0	2.711276e+26	0	2.711276e+26	1.225645e+26	0	1.225645e+26	6.561536e+25	0	6.561536e+25	2.451291e+26	0	2.451291e+26	7.304351e+25	0	7.304351e+25	2.339868e+26	0	2.339868e+26	3.220986e+23	1.033345e-09	0.001488724	2.188605e+11	1.714001e+09	1.596163e+10	1.03789e-06	2.302716e-12	7.896386e-19	0.5039736	0.5	0.05184621	1	42.29643	5.259776	10569.8	1.117189e+26	1.827432e+28	5.151575e+27	6.741065e+25	3.118866e+27	1.203261e+27	5.325573e+26	2.294797e+26	0.2188657	0	0.01664986	0.03560219	0.03560219	0.001424136	0.02670164	0	0	0	0	1.008605e-13	0	1.008605e-13	0	-324.4218	0	-324.4218	0	30149.85	77194.93	940.3474	8447.673	3657778	0.4653974	0.5224601	6	0.8655994	1	2	0	0.01523877	0.004968356	
10192	1412	3.45e+19	0	0	100000	2	1e-05	2.962081e+26	1.274521e+26	9.334684e+25	3.410523e+25	1.027093e+26	6.604665e+25	2.151939e+25	9.259338e+24	6.781608e+24	2.47773e+24	7.461789e+24	4.798261e+24	0.2229739	3.87349e+25	0	0	0	148.2198	0	3.87349e+25	0	0	0	0	0	0	0	0	0	0	0	0	0	0	2.772204e+26	0	2.772204e+26	1.253188e+26	0	1.253188e+26	6.708986e+25	0	6.708986e+25	2.506376e+26	0	2.506376e+26	7.468494e+25	0	7.468494e+25	2.39245e+26	0	2.39245e+26	3.207871e+23	1.037352e-09	0.001499973	2.121673e+11	1.823001e+09	1.666641e+10	1.054074e-06	2.375086e-12	8.271549e-19	0.5039157	0.5	0.05264857	1	43.24691	5.377973	10569.8	1.117189e+26	1.827432e+28	5.151575e+27	6.741065e+25	3.118866e+27	1.203261e+27	5.325573e+26	2.294797e+26	0.2188657	0	0.01647097	0.03560219	0.03560219	0.001424136	0.02670164	0	0	0	0	1.008605e-13	0	1.008605e-13	0	-324.4218	0	-324.4218	0	30149.85	77194.93	961.4788	8447.673	3657778	0.4653974	0.5224601	6	0.8655994	1	2	0	0.01558121	0.005080005	
10416	1412	3.45e+19	0	0	100000	2	1e-05	3.027181e+26	1.287955e+26	9.445177e+25	3.434369e+25	1.058183e+26	6.810439e+25	2.199234e+25	9.356935e+24	6.861881e+24	2.495054e+24	7.687652e+24	4.947755e+24	0.2249763	3.958622e+25	0	0	0	59.03162	0	3.958622e+25	0	0	0	0	0	0	0	0	0	0	0	0	0	0	2.833131e+26	0	2.833131e+26	1.280731e+26	0	1.280731e+26	6.856436e+25	0	6.856436e+25	2.561461e+26	0	2.561461e+26	7.632636e+25	0	7.632636e+25	2.445031e+26	0	2.445031e+26	3.195268e+23	1.041226e-09	0.001510883	2.058173e+11	1.936278e+09	1.738525e+10	1.070152e-06	2.448095e-12	8.65586e-19	0.5038604	0.5	0.05344578	1	44.19739	5.49617	10569.8	1.117189e+26	1.827432e+28	5.151575e+27	6.741065e+25	3.118866e+27	1.203261e+27	5.325573e+26	2.294797e+26	0.2188657	0	0.01628482	0.03560219	0.03560219	0.001424136	0.02670164	0	0	0	0	1.008605e-13	0	1.008605e-13	0	-324.4218	0	-324.4218	0	30149.85	77194.93	982.6102	8447.673	3657778	0.4653974	0.5224601	6	0.8655994	1	2	0	0.01592366	0.005191653	
10640	1412	3.45e+19	0	0	100000	2	1e-05	3.092282e+26	1.301048e+26	9.552974e+25	3.457502e+25	1.089486e+26	7.017487e+25	2.24653e+25	9.452055e+24	6.940194e+24	2.51186e+24	7.915067e+24	5.098174e+24	0.2269355	4.043753e+25	0	0	0	23.50106	0	4.043753e+25	0	0	0	0	0	0	0	0	0	0	0	0	0	0	2.894059e+26	0	2.894059e+26	1.308273e+26	0	1.308273e+26	7.003886e+25	0	7.003886e+25	2.616546e+26	0	2.616546e+26	7.796779e+25	0	7.796779e+25	2.497612e+26	0	2.497612e+26	3.18315e+23	1.044974e-09	0.001521465	1.997854e+11	2.053905e+09	1.811815e+10	1.08613e-06	2.521743e-12	9.049384e-19	0.5038075	0.5	0.05423805	1	45.14787	5.614367	10569.8	1.117189e+26	1.827432e+28	5.151575e+27	6.741065e+25	3.118866e+27	1.203261e+27	5.325573e+26	2.294797e+26	0.2188657	0	0.01609203	0.03560219	0.03560219	0.001424136	0.02670164	0	0	0	0	1.008605e-13	0	1.008605e-13	0	-324.4218	0	-324.4218	0	30149.85	77194.93	1003.742	8447.673	3657778	0.4653974	0.5224601	6	0.8655994	1	2	0	0.0162661	0.005303302	
10864	1412	3.45e+19	0	0	100000	2	1e-05	3.157383e+26	1.313809e+26	9.658138e+25	3.479948e+25	1.120997e+26	7.225771e+25	2.293825e+25	9.544763e+24	7.016596e+24	2.528167e+24	8.143995e+24	5.249491e+24	0.2288532	4.128885e+25	0	0	0	9.352174	0	4.128885e+25	0	0	0	0	0	0	0	0	0	0	0	0	0	0	2.954986e+26	0	2.954986e+26	1.335816e+26	0	1.335816e+26	7.151337e+25	0	7.151337e+25	2.671631e+26	0	2.671631e+26	7.960922e+25	0	7.960922e+25	2.550194e+26	0	2.550194e+26	3.171493e+23	1.048601e-09	0.001531732	1.94049e+11	2.175952e+09	1.886514e+10	1.102011e-06	2.596029e-12	9.45218e-19	0.5037568	0.5	0.05502558	1	46.09836	5.732564	10569.8	1.117189e+26	1.827432e+28	5.151575e+27	6.741065e+25	3.118866e+27	1.203261e+27	5.325573e+26	2.294797e+26	0.2188657	0	0.01589324	0.03560219	0.03560219	0.001424136	0.02670164	0	0	0	0	1.008605e-13	0	1.008605e-13	0	-324.4218	0	-324.4218	0	30149.85	77194.93	1024.873	8447.673	3657778	0.4653974	0.5224601	6	0.8655994	1	2	0	0.01660855	0.00541495	
11088	1412	3.45e+19	0	0	100000	2	1e-05	3.222483e+26	1.326246e+26	9.760736e+25	3.501729e+25	1.152711e+26	7.435254e+25	2.34112e+25	9.635124e+24	7.091133e+24	2.543991e+24	8.374399e+24	5.40168e+24	0.2307306	4.214017e+25	0	0	0	3.720127	0	4.214017e+25	0	0	0	0	0	0	0	0	0	0	0	0	0	0	3.015914e+26	0	3.015914e+26	1.363358e+26	0	1.363358e+26	7.298787e+25	0	7.298787e+25	2.726717e+26	0	2.726717e+26	8.125065e+25	0	8.125065e+25	2.602775e+26	0	2.602775e+26	3.160273e+23	1.052112e-09	0.001541696	1.885875e+11	2.30249e+09	1.962621e+10	1.1178e-06	2.670951e-12	9.864308e-19	0.503708	0.5	0.05580856	1	47.04884	5.850762	10569.8	1.117189e+26	1.827432e+28	5.151575e+27	6.741065e+25	3.118866e+27	1.203261e+27	5.325573e+26	2.294797e+26	0.2188657	0	0.01568909	0.03560219	0.03560219	0.001424136	0.02670164	0	0	0	0	1.008605e-13	0	1.008605e-13	0	-324.4218	0	-324.4218	0	30149.85	77194.93	1046.004	8447.673	3657778	0.4653974	0.5224601	6	0.8655994	1	2	0	0.01695099	0.005526599	
11312	1412	3.45e+19	0	0	100000	2	1e-05	3.287584e+26	1.33837e+26	9.860827e+25	3.52287e+25	1.184624e+26	7.6459e+25	2.388416e+25	9.723199e+24	7.163849e+24	2.55935e+24	8.606244e+24	5.554714e+24	0.232569	4.299148e+25	0	0	0	1.479182	0	4.299148e+25	0	0	0	0	0	0	0	0	0	0	0	0	0	0	3.076841e+26	0	3.076841e+26	1.390901e+26	0	1.390901e+26	7.446237e+25	0	7.446237e+25	2.781802e+26	0	2.781802e+26	8.289207e+25	0	8.289207e+25	2.655356e+26	0	2.655356e+26	3.149468e+23	1.055511e-09	0.001551365	1.833823e+11	2.433588e+09	2.040137e+10	1.133501e-06	2.746508e-12	1.028583e-18	0.5036609	0.5	0.05658714	1	47.99932	5.968959	10569.8	1.117189e+26	1.827432e+28	5.151575e+27	6.741065e+25	3.118866e+27	1.203261e+27	5.325573e+26	2.294797e+26	0.2188657	0	0.0154802	0.03560219	0.03560219	0.001424136	0.02670164	0	0	0	0	1.008605e-13	0	1.008605e-13	0	-324.4218	0	-324.4218	0	30149.85	77194.93	1067.136	8447.673	3657778	0.4653974	0.5224601	6	0.8655994	1	2	0	0.01729343	0.005638247	
11536	1412	3.45e+19	0	0	100000	2	1e-05	3.352685e+26	1.350187e+26	9.958473e+25	3.543393e+25	1.21673e+26	7.857676e+25	2.435711e+25	9.809047e+24	7.234788e+24	2.57426e+24	8.839495e+24	5.708568e+24	0.2343697	4.38428e+25	0	0	0	0.5878983	0	4.38428e+25	0	0	0	0	0	0	0	0	0	0	0	0	0	0	3.137769e+26	0	3.137769e+26	1.418443e+26	0	1.418443e+26	7.593687e+25	0	7.593687e+25	2.836887e+26	0	2.836887e+26	8.45335e+25	0	8.45335e+25	2.707938e+26	0	2.707938e+26	3.13906e+23	1.058803e-09	0.001560752	1.784163e+11	2.569316e+09	2.119063e+10	1.149115e-06	2.822699e-12	1.071679e-18	0.5036155	0.5	0.05736148	1	48.9498	6.087156	10569.8	1.117189e+26	1.827432e+28	5.151575e+27	6.741065e+25	3.118866e+27	1.203261e+27	5.325573e+26	2.294797e+26	0.2188657	0	0.01526719	0.03560219	0.03560219	0.001424136	0.02670164	0	0	0	0	1.008605e-13	0	1.008605e-13	0	-324.4218	0	-324.4218	0	30149.85	77194.93	1088.267	8447.673	3657778	0.4653974	0.5224601	6	0.8655994	1	2	0	0.01763588	0.005749896	
11760	1412	3.45e+19	0	0	100000	2	1e-05	3.417785e+26	1.361705e+26	1.005373e+26	3.563317e+25	1.249026e+26	8.070548e+25	2.483006e+25	9.892728e+24	7.303993e+24	2.588735e+24	9.074117e+24	5.863219e+24	0.2361338	4.469412e+25	0	0	0	0.2335602	0	4.469412e+25	0	0	0	0	0	0	0	0	0	0	0	0	0	0	3.198696e+26	0	3.198696e+26	1.445986e+26	0	1.445986e+26	7.741138e+25	0	7.741138e+25	2.891972e+26	0	2.891972e+26	8.617493e+25	0	8.617493e+25	2.760519e+26	0	2.760519e+26	3.129029e+23	1.061992e-09	0.001569865	1.73674e+11	2.709742e+09	2.1994e+10	1.164647e-06	2.899521e-12	1.115725e-18	0.5035715	0.5	0.05813174	1	49.90028	6.205353	10569.8	1.117189e+26	1.827432e+28	5.151575e+27	6.741065e+25	3.118866e+27	1.203261e+27	5.325573e+26	2.294797e+26	0.2188657	0	0.01505068	0.03560219	0.03560219	0.001424136	0.02670164	0	0	0	0	1.008605e-13	0	1.008605e-13	0	-324.4218	0	-324.4218	0	30149.85	77194.93	1109.399	8447.673	3657778	0.4653974	0.5224601	6	0.8655994	1	2	0	0.01797832	0.005861544	
11984	1412	3.45e+19	0	0	100000	2	1e-05	3.482886e+26	1.372933e+26	1.014666e+26	3.582664e+25	1.281505e+26	8.284483e+25	2.530302e+25	9.974297e+24	7.371506e+24	2.60279e+24	9.310079e+24	6.018642e+24	0.2378626	4.554543e+25	0	0	0	0.09274929	0	4.554543e+25	0	0	0	0	0	0	0	0	0	0	0	0	0	0	3.259624e+26	0	3.259624e+26	1.473529e+26	0	1.473529e+26	7.888588e+25	0	7.888588e+25	2.947057e+26	0	2.947057e+26	8.781636e+25	0	8.781636e+25	2.8131e+26	0	2.8131e+26	3.119357e+23	1.065082e-09	0.001578714	1.691413e+11	2.854934e+09	2.281146e+10	1.1801e-06	2.976973e-12	1.160727e-18	0.503529	0.5	0.05889804	1	50.85076	6.32355	10569.8	1.117189e+26	1.827432e+28	5.151575e+27	6.741065e+25	3.118866e+27	1.203261e+27	5.325573e+26	2.294797e+26	0.2188657	0	0.01483125	0.03560219	0.03560219	0.001424136	0.02670164	0	0	0	0	1.008605e-13	0	1.008605e-13	0	-324.4218	0	-324.4218	0	30149.85	77194.93	1130.53	8447.673	3657778	0.4653974	0.5224601	6	0.8655994	1	2	0	0.01832077	0.005973192	
12208	1412	3.45e+19	0	0	100000	2	1e-05	3.547987e+26	1.383877e+26	1.023732e+26	3.601453e+25	1.314164e+26	8.499451e+25	2.577597e+25	1.005381e+25	7.437368e+24	2.61644e+24	9.547348e+24	6.174815e+24	0.239557	4.639675e+25	0	0	0	0.03681602	0	4.639675e+25	0	0	0	0	0	0	0	0	0	0	0	0	0	0	3.320552e+26	0	3.320552e+26	1.501071e+26	0	1.501071e+26	8.036038e+25	0	8.036038e+25	3.002143e+26	0	3.002143e+26	8.945778e+25	0	8.945778e+25	2.865682e+26	0	2.865682e+26	3.110029e+23	1.068077e-09	0.001587307	1.64805e+11	3.00496e+09	2.364302e+10	1.195475e-06	3.055051e-12	1.206689e-18	0.5034877	0.5	0.05966052	1	51.80125	6.441748	10569.8	1.117189e+26	1.827432e+28	5.151575e+27	6.741065e+25	3.118866e+27	1.203261e+27	5.325573e+26	2.294797e+26	0.2188657	0	0.01460947	0.03560219	0.03560219	0.001424136	0.02670164	0	0	0	0	1.008605e-13	0	1.008605e-13	0	-324.4218	0	-324.4218	0	30149.85	77194.93	1151.661	8447.673	3657778	0.4653974	0.5224601	6	0.8655994	1	2	0	0.01866321	0.006084841	
12432	1412	3.45e+19	0	0	100000	2	1e-05	3.613087e+26	1.394546e+26	1.032576e+26	3.619702e+25	1.346999e+26	8.715422e+25	2.624892e+25	1.013132e+25	7.501618e+24	2.629698e+24	9.785892e+24	6.331717e+24	0.2412181	4.724806e+25	0	0	0	0.01460755	0	4.724806e+25	0	0	0	0	0	0	0	0	0	0	0	0	0	0	3.381479e+26	0	3.381479e+26	1.528614e+26	0	1.528614e+26	8.183488e+25	0	8.183488e+25	3.057228e+26	0	3.057228e+26	9.109921e+25	0	9.109921e+25	2.918263e+26	0	2.918263e+26	3.101028e+23	1.07098e-09	0.001595654	1.606532e+11	3.159886e+09	2.448868e+10	1.210776e-06	3.133753e-12	1.253617e-18	0.5034476	0.5	0.06041929	1	52.75173	6.559945	10569.8	1.117189e+26	1.827432e+28	5.151575e+27	6.741065e+25	3.118866e+27	1.203261e+27	5.325573e+26	2.294797e+26	0.2188657	0	0.0143859	0.03560219	0.03560219	0.001424136	0.02670164	0	0	0	0	1.008605e-13	0	1.008605e-13	0	-324.4218	0	-324.4218	0	30149.85	77194.93	1172.793	8447.673	3657778	0.4653974	0.5224601	6	0.8655994	1	2	0	0.01900566	0.006196489	
12656	1412	3.45e+19	0	0	100000	2	1e-05	3.678188e+26	1.404946e+26	1.041203e+26	3.637428e+25	1.380006e+26	8.932367e+25	2.672188e+25	1.020687e+25	7.564294e+24	2.642576e+24	1.002568e+25	6.489326e+24	0.2428469	4.809938e+25	0	0	0	0.005793381	0	4.809938e+25	0	0	0	0	0	0	0	0	0	0	0	0	0	0	3.442407e+26	0	3.442407e+26	1.556156e+26	0	1.556156e+26	8.330939e+25	0	8.330939e+25	3.112313e+26	0	3.112313e+26	9.274064e+25	0	9.274064e+25	2.970844e+26	0	2.970844e+26	3.09234e+23	1.073795e-09	0.001603763	1.566749e+11	3.319778e+09	2.534844e+10	1.226004e-06	3.213077e-12	1.301516e-18	0.5034086	0.5	0.06117447	1	53.70221	6.678142	10569.8	1.117189e+26	1.827432e+28	5.151575e+27	6.741065e+25	3.118866e+27	1.203261e+27	5.325573e+26	2.294797e+26	0.2188657	0	0.01416107	0.03560219	0.03560219	0.001424136	0.02670164	0	0	0	0	1.008605e-13	0	1.008605e-13	0	-324.4218	0	-324.4218	0	30149.85	77194.93	1193.924	8447.673	3657778	0.4653974	0.5224601	6	0.8655994	1	2	0	0.0193481	0.006308138	
12880	1412	3.45e+19	0	0	100000	2	1e-05	3.743289e+26	1.415084e+26	1.049619e+26	3.65465e+25	1.413179e+26	9.150257e+25	2.719483e+25	1.028052e+25	7.625435e+24	2.655087e+24	1.026669e+25	6.647622e+24	0.2444443	4.89507e+25	0	0	0	0.002296685	0	4.89507e+25	0	0	0	0	0	0	0	0	0	0	0	0	0	0	3.503334e+26	0	3.503334e+26	1.583699e+26	0	1.583699e+26	8.478389e+25	0	8.478389e+25	3.167398e+26	0	3.167398e+26	9.438206e+25	0	9.438206e+25	3.023425e+26	0	3.023425e+26	3.083951e+23	1.076525e-09	0.00161164	1.528599e+11	3.484702e+09	2.622229e+10	1.241162e-06	3.293021e-12	1.350391e-18	0.5033707	0.5	0.06192616	1	54.65269	6.796339	10569.8	1.117189e+26	1.827432e+28	5.151575e+27	6.741065e+25	3.118866e+27	1.203261e+27	5.325573e+26	2.294797e+26	0.2188657	0	0.01393549	0.03560219	0.03560219	0.001424136	0.02670164	0	0	0	0	1.008605e-13	0	1.008605e-13	0	-324.4218	0	-324.4218	0	30149.85	77194.93	1215.056	8447.673	3657778	0.4653974	0.5224601	6	0.8655994	1	2	0	0.01969054	0.006419786	
13104	1412	3.45e+19	0	0	100000	2	1e-05	3.808389e+26	1.424966e+26	1.057828e+26	3.671381e+25	1.446516e+26	9.369065e+25	2.766779e+25	1.035232e+25	7.685077e+24	2.667243e+24	1.050888e+25	6.806586e+24	0.2460112	4.980201e+25	0	0	0	0.0009100937	0	4.980201e+25	0	0	0	0	0	0	0	0	0	0	0	0	0	0	3.564262e+26	0	3.564262e+26	1.611242e+26	0	1.611242e+26	8.625839e+25	0	8.625839e+25	3.222483e+26	0	3.222483e+26	9.602349e+25	0	9.602349e+25	3.076007e+26	0	3.076007e+26	3.075848e+23	1.079172e-09	0.001619295	1.491987e+11	3.654724e+09	2.711022e+10	1.256252e-06	3.373581e-12	1.400246e-18	0.5033338	0.5	0.06267446	1	55.60317	6.914536	10569.8	1.117189e+26	1.827432e+28	5.151575e+27	6.741065e+25	3.118866e+27	1.203261e+27	5.325573e+26	2.294797e+26	0.2188657	0	0.01370966	0.03560219	0.03560219	0.001424136	0.02670164	0	0	0	0	1.008605e-13	0	1.008605e-13	0	-324.4218	0	-324.4218	0	30149.85	77194.93	1236.187	8447.673	3657778	0.4653974	0.5224601	6	0.8655994	1	2	0	0.02003299	0.006531435	
13328	1412	3.45e+19	0	0	100000	2	1e-05	3.87349e+26	1.4346e+26	1.065837e+26	3.68764e+25	1.480013e+26	9.588766e+25	2.814074e+25	1.042231e+25	7.743257e+24	2.679054e+24	1.075223e+25	6.966198e+24	0.2475485	5.065333e+25	0	0	0	0.0003604847	0	5.065333e+25	0	0	0	0	0	0	0	0	0	0	0	0	0	0	3.625189e+26	0	3.625189e+26	1.638784e+26	0	1.638784e+26	8.773289e+25	0	8.773289e+25	3.277568e+26	0	3.277568e+26	9.766492e+25	0	9.766492e+25	3.128588e+26	0	3.128588e+26	3.06802e+23	1.081741e-09	0.001626733	1.456827e+11	3.829906e+09	2.801223e+10	1.271276e-06	3.454754e-12	1.451087e-18	0.5032978	0.5	0.06341947	1	56.55365	7.032734	10569.8	1.117189e+26	1.827432e+28	5.151575e+27	6.741065e+25	3.118866e+27	1.203261e+27	5.325573e+26	2.294797e+26	0.2188657	0	0.01348404	0.03560219	0.03560219	0.001424136	0.02670164	0	0	0	0	1.008605e-13	0	1.008605e-13	0	-324.4218	0	-324.4218	0	30149.85	77194.93	1257.318	8447.673	3657778	0.4653974	0.5224601	6	0.8655994	1	2	0	0.02037543	0.006643083	
13552	1412	3.45e+19	0	0	100000	2	1e-05	3.938591e+26	1.443992e+26	1.073648e+26	3.703439e+25	1.513665e+26	9.809335e+25	2.861369e+25	1.049054e+25	7.800009e+24	2.690533e+24	1.099671e+25	7.12644e+24	0.249057	5.150465e+25	0	0	0	0.0001427266	0	5.150465e+25	0	0	0	0	0	0	0	0	0	0	0	0	0	0	3.686117e+26	0	3.686117e+26	1.666327e+26	0	1.666327e+26	8.92074e+25	0	8.92074e+25	3.332654e+26	0	3.332654e+26	9.930635e+25	0	9.930635e+25	3.181169e+26	0	3.181169e+26	3.060454e+23	1.084233e-09	0.001633963	1.423037e+11	4.010313e+09	2.892831e+10	1.286235e-06	3.536538e-12	1.502918e-18	0.5032627	0.5	0.06416126	1	57.50413	7.150931	10569.8	1.117189e+26	1.827432e+28	5.151575e+27	6.741065e+25	3.118866e+27	1.203261e+27	5.325573e+26	2.294797e+26	0.2188657	0	0.01325907	0.03560219	0.03560219	0.001424136	0.02670164	0	0	0	0	1.008605e-13	0	1.008605e-13	0	-324.4218	0	-324.4218	0	30149.85	77194.93	1278.45	8447.673	3657778	0.4653974	0.5224601	6	0.8655994	1	2	0	0.02071788	0.006754732	
13776	1412	3.45e+19	0	0	100000	2	1e-05	4.003691e+26	1.453148e+26	1.081268e+26	3.718794e+25	1.547469e+26	1.003075e+26	2.908665e+25	1.055706e+25	7.855367e+24	2.701688e+24	1.12423e+25	7.287294e+24	0.2505374	5.235596e+25	0	0	0	5.648608e-05	0	5.235596e+25	0	0	0	0	0	0	0	0	0	0	0	0	0	0	3.747044e+26	0	3.747044e+26	1.693869e+26	0	1.693869e+26	9.06819e+25	0	9.06819e+25	3.387739e+26	0	3.387739e+26	1.009478e+26	0	1.009478e+26	3.233751e+26	0	3.233751e+26	3.053139e+23	1.086651e-09	0.001640989	1.390545e+11	4.196009e+09	2.985845e+10	1.301132e-06	3.61893e-12	1.555744e-18	0.5032284	0.5	0.06489993	1	58.45462	7.269128	10569.8	1.117189e+26	1.827432e+28	5.151575e+27	6.741065e+25	3.118866e+27	1.203261e+27	5.325573e+26	2.294797e+26	0.2188657	0	0.01303518	0.03560219	0.03560219	0.001424136	0.02670164	0	0	0	0	1.008605e-13	0	1.008605e-13	0	-324.4218	0	-324.4218	0	30149.85	77194.93	1299.581	8447.673	3657778	0.4653973	0.5224601	6	0.8655994	1	2	0	0.02106032	0.00686638	
14000	1412	3.45e+19	0	0	100000	2	1e-05	4.068792e+26	1.462073e+26	1.088701e+26	3.733719e+25	1.581422e+26	1.025298e+26	2.95596e+25	1.06219e+25	7.909365e+24	2.712531e+24	1.148896e+25	7.448744e+24	0.2519907	5.320728e+25	0	0	0	2.234592e-05	0	5.320728e+25	0	0	0	0	0	0	0	0	0	0	0	0	0	0	3.807972e+26	0	3.807972e+26	1.721412e+26	0	1.721412e+26	9.21564e+25	0	9.21564e+25	3.442824e+26	0	3.442824e+26	1.025892e+26	0	1.025892e+26	3.286332e+26	0	3.286332e+26	3.046067e+23	1.088998e-09	0.00164782	1.359278e+11	4.387056e+09	3.080265e+10	1.315968e-06	3.701927e-12	1.609569e-18	0.5031949	0.5	0.06563556	1	59.4051	7.387325	10569.8	1.117189e+26	1.827432e+28	5.151575e+27	6.741065e+25	3.118866e+27	1.203261e+27	5.325573e+26	2.294797e+26	0.2188657	0	0.01281278	0.03560219	0.03560219	0.001424136	0.02670164	0	0	0	0	1.008605e-13	0	1.008605e-13	0	-324.4218	0	-324.4218	0	30149.85	77194.93	1320.713	8447.673	3657778	0.4653974	0.5224601	6	0.8655994	1	2	0	0.02140277	0.006978029	
14224	1412	3.45e+19	0	0	100000	2	1e-05	4.133893e+26	1.470774e+26	1.095951e+26	3.748227e+25	1.615519e+26	1.0476e+26	3.003255e+25	1.068511e+25	7.962036e+24	2.723071e+24	1.173667e+25	7.610772e+24	0.2534174	5.40586e+25	0	0	0	8.836433e-06	0	5.40586e+25	0	0	0	0	0	0	0	0	0	0	0	0	0	0	3.8689e+26	0	3.8689e+26	1.748955e+26	0	1.748955e+26	9.36309e+25	0	9.36309e+25	3.497909e+26	0	3.497909e+26	1.042306e+26	0	1.042306e+26	3.338913e+26	0	3.338913e+26	3.039225e+23	1.091277e-09	0.001654461	1.329174e+11	4.583516e+09	3.176089e+10	1.330744e-06	3.785526e-12	1.664398e-18	0.5031622	0.5	0.06636822	1	60.35558	7.505522	10569.8	1.117189e+26	1.827432e+28	5.151575e+27	6.741065e+25	3.118866e+27	1.203261e+27	5.325573e+26	2.294797e+26	0.2188657	0	0.01259223	0.03560219	0.03560219	0.001424136	0.02670164	0	0	0	0	1.008605e-13	0	1.008605e-13	0	-324.4218	0	-324.4218	0	30149.85	77194.93	1341.844	8447.673	3657778	0.4653974	0.5224601	6	0.8655994	1	2	0	0.02174521	0.007089677	
14448	1412	3.45e+19	0	0	100000	2	1e-05	4.198993e+26	1.479256e+26	1.103023e+26	3.76233e+25	1.649757e+26	1.06998e+26	3.050551e+25	1.074673e+25	8.013412e+24	2.733317e+24	1.198542e+25	7.773362e+24	0.2548183	5.490991e+25	0	0	0	3.49285e-06	0	5.490991e+25	0	0	0	0	0	0	0	0	0	0	0	0	0	0	3.929827e+26	0	3.929827e+26	1.776497e+26	0	1.776497e+26	9.51054e+25	0	9.51054e+25	3.552994e+26	0	3.552994e+26	1.058721e+26	0	1.058721e+26	3.391495e+26	0	3.391495e+26	3.032606e+23	1.093489e-09	0.001660917	1.300171e+11	4.785451e+09	3.273317e+10	1.345462e-06	3.869724e-12	1.720235e-18	0.5031303	0.5	0.06709798	1	61.30606	7.62372	10569.8	1.117189e+26	1.827432e+28	5.151575e+27	6.741065e+25	3.118866e+27	1.203261e+27	5.325573e+26	2.294797e+26	0.2188657	0	0.01237389	0.03560219	0.03560219	0.001424136	0.02670164	0	0	0	0	1.008605e-13	0	1.008605e-13	0	-324.4218	0	-324.4218	0	30149.85	77194.93	1362.975	8447.673	3657778	0.4653974	0.5224601	6	0.8655994	1	2	0	0.02208765	0.007201325	
14672	1412	3.45e+19	0	0	100000	2	1e-05	4.264094e+26	1.487524e+26	1.10992e+26	3.776041e+25	1.684134e+26	1.092436e+26	3.097846e+25	1.08068e+25	8.063523e+24	2.743278e+24	1.223516e+25	7.9365e+24	0.2561941	5.576123e+25	0	0	0	1.380096e-06	0	5.576123e+25	0	0	0	0	0	0	0	0	0	0	0	0	0	0	3.990755e+26	0	3.990755e+26	1.80404e+26	0	1.80404e+26	9.657991e+25	0	9.657991e+25	3.60808e+26	0	3.60808e+26	1.075135e+26	0	1.075135e+26	3.444076e+26	0	3.444076e+26	3.0262e+23	1.095637e-09	0.001667195	1.272213e+11	4.992921e+09	3.371947e+10	1.360123e-06	3.954518e-12	1.777084e-18	0.503099	0.5	0.06782491	1	62.25654	7.741917	10569.8	1.117189e+26	1.827432e+28	5.151575e+27	6.741065e+25	3.118866e+27	1.203261e+27	5.325573e+26	2.294797e+26	0.2188657	0	0.01215811	0.03560219	0.03560219	0.001424136	0.02670164	0	0	0	0	1.008605e-13	0	1.008605e-13	0	-324.4218	0	-324.4218	0	30149.85	77194.93	1384.107	8447.673	3657778	0.4653974	0.5224601	6	0.8655994	1	2	0	0.0224301	0.007312974	
14896	1412	3.45e+19	0	0	100000	2	1e-05	4.329195e+26	1.495585e+26	1.116648e+26	3.789372e+25	1.718645e+26	1.114965e+26	3.145141e+25	1.086536e+25	8.1124e+24	2.752963e+24	1.248588e+25	8.10017e+24	0.2575455	5.661255e+25	0	0	0	5.450888e-07	0	5.661255e+25	0	0	0	0	0	0	0	0	0	0	0	0	0	0	4.051682e+26	0	4.051682e+26	1.831582e+26	0	1.831582e+26	9.805441e+25	0	9.805441e+25	3.663165e+26	0	3.663165e+26	1.091549e+26	0	1.091549e+26	3.496657e+26	0	3.496657e+26	3.02e+23	1.097723e-09	0.0016733	1.245248e+11	5.205988e+09	3.471978e+10	1.374728e-06	4.039904e-12	1.834951e-18	0.5030684	0.5	0.06854907	1	63.20702	7.860114	10569.8	1.117189e+26	1.827432e+28	5.151575e+27	6.741065e+25	3.118866e+27	1.203261e+27	5.325573e+26	2.294797e+26	0.2188657	0	0.01194519	0.03560219	0.03560219	0.001424136	0.02670164	0	0	0	0	1.008605e-13	0	1.008605e-13	0	-324.4218	0	-324.4218	0	30149.85	77194.93	1405.238	8447.673	3657778	0.4653974	0.5224601	6	0.8655994	1	2	0	0.02277254	0.007424622	
15120	1412	3.45e+19	0	0	100000	2	1e-05	4.394295e+26	1.503443e+26	1.12321e+26	3.802335e+25	1.753287e+26	1.137565e+26	3.192437e+25	1.092245e+25	8.160073e+24	2.76238e+24	1.273756e+25	8.264358e+24	0.258873	5.746386e+25	0	0	0	2.152072e-07	0	5.746386e+25	0	0	0	0	0	0	0	0	0	0	0	0	0	0	4.11261e+26	0	4.11261e+26	1.859125e+26	0	1.859125e+26	9.952891e+25	0	9.952891e+25	3.71825e+26	0	3.71825e+26	1.107963e+26	0	1.107963e+26	3.549239e+26	0	3.549239e+26	3.013997e+23	1.099749e-09	0.001679238	1.219227e+11	5.42471e+09	3.573409e+10	1.389279e-06	4.125881e-12	1.893838e-18	0.5030384	0.5	0.06927052	1	64.15751	7.978311	10569.8	1.117189e+26	1.827432e+28	5.151575e+27	6.741065e+25	3.118866e+27	1.203261e+27	5.325573e+26	2.294797e+26	0.2188657	0	0.01173544	0.03560219	0.03560219	0.001424136	0.02670164	0	0	0	0	1.008605e-13	0	1.008605e-13	0	-324.4218	0	-324.4218	0	30149.85	77194.93	1426.37	8447.673	3657778	0.4653974	0.5224601	6	0.8655994	1	2	0	0.02311499	0.007536271	
15344	1412	3.45e+19	0	0	100000	2	1e-05	4.459396e+26	1.511104e+26	1.12961e+26	3.81494e+25	1.788058e+26	1.160234e+26	3.239732e+25	1.097811e+25	8.20657e+24	2.771537e+24	1.299017e+25	8.429049e+24	0.2601773	5.831518e+25	0	0	0	8.493376e-08	0	5.831518e+25	0	0	0	0	0	0	0	0	0	0	0	0	0	0	4.173537e+26	0	4.173537e+26	1.886668e+26	0	1.886668e+26	1.010034e+26	0	1.010034e+26	3.773335e+26	0	3.773335e+26	1.124378e+26	0	1.124378e+26	3.60182e+26	0	3.60182e+26	3.008183e+23	1.101717e-09	0.001685012	1.194103e+11	5.649146e+09	3.676239e+10	1.403778e-06	4.212444e-12	1.95375e-18	0.503009	0.5	0.06998933	1	65.10799	8.096508	10569.8	1.117189e+26	1.827432e+28	5.151575e+27	6.741065e+25	3.118866e+27	1.203261e+27	5.325573e+26	2.294797e+26	0.2188657	0	0.01152913	0.03560219	0.03560219	0.001424136	0.02670164	0	0	0	0	1.008605e-13	0	1.008605e-13	0	-324.4218	0	-324.4218	0	30149.85	77194.93	1447.501	8447.673	3657778	0.4653974	0.5224601	6	0.8655994	1	2	0	0.02345743	0.007647919	
15568	1412	3.45e+19	0	0	100000	2	1e-05	4.524497e+26	1.518572e+26	1.135852e+26	3.827197e+25	1.822954e+26	1.182971e+26	3.287028e+25	1.103236e+25	8.25192e+24	2.780443e+24	1.324368e+25	8.594231e+24	0.2614591	5.91665e+25	0	0	0	3.350743e-08	0	5.91665e+25	0	0	0	0	0	0	0	0	0	0	0	0	0	0	4.234465e+26	0	4.234465e+26	1.91421e+26	0	1.91421e+26	1.024779e+26	0	1.024779e+26	3.82842e+26	0	3.82842e+26	1.140792e+26	0	1.140792e+26	3.654401e+26	0	3.654401e+26	3.002552e+23	1.103629e-09	0.001690629	1.169833e+11	5.879357e+09	3.780466e+10	1.418224e-06	4.29959e-12	2.014691e-18	0.5029803	0.5	0.07070555	1	66.05847	8.214706	10569.8	1.117189e+26	1.827432e+28	5.151575e+27	6.741065e+25	3.118866e+27	1.203261e+27	5.325573e+26	2.294797e+26	0.2188657	0	0.01132652	0.03560219	0.03560219	0.001424136	0.02670164	0	0	0	0	1.008605e-13	0	1.008605e-13	0	-324.4218	0	-324.4218	0	30149.85	77194.93	1468.632	8447.673	3657778	0.4653974	0.5224601	6	0.8655994	1	2	0	0.02379988	0.007759568	
15792	1412	3.45e+19	0	0	100000	2	1e-05	4.589597e+26	1.525853e+26	1.141941e+26	3.839119e+25	1.857972e+26	1.205773e+26	3.334323e+25	1.108525e+25	8.29615e+24	2.789103e+24	1.349809e+25	8.75989e+24	0.2627187	6.001781e+25	0	0	0	1.321424e-08	0	6.001781e+25	0	0	0	0	0	0	0	0	0	0	0	0	0	0	4.295392e+26	0	4.295392e+26	1.941753e+26	0	1.941753e+26	1.039524e+26	0	1.039524e+26	3.883505e+26	0	3.883505e+26	1.157206e+26	0	1.157206e+26	3.706982e+26	0	3.706982e+26	2.997097e+23	1.105486e-09	0.001696093	1.146377e+11	6.115399e+09	3.886089e+10	1.432619e-06	4.387317e-12	2.076664e-18	0.5029521	0.5	0.07141922	1	67.00895	8.332903	10569.8	1.117189e+26	1.827432e+28	5.151575e+27	6.741065e+25	3.118866e+27	1.203261e+27	5.325573e+26	2.294797e+26	0.2188657	0	0.01112784	0.03560219	0.03560219	0.001424136	0.02670164	0	0	0	0	1.008605e-13	0	1.008605e-13	0	-324.4218	0	-324.4218	0	30149.85	77194.93	1489.764	8447.673	3657778	0.4653973	0.5224601	6	0.8655994	1	2	0	0.02414232	0.007871216	
16016	1412	3.45e+19	0	0	100000	2	1e-05	4.654698e+26	1.53295e+26	1.147878e+26	3.850713e+25	1.893109e+26	1.22864e+26	3.381618e+25	1.113681e+25	8.339288e+24	2.797527e+24	1.375335e+25	8.926014e+24	0.2639569	6.086913e+25	0	0	0	5.209387e-09	0	6.086913e+25	0	0	0	0	0	0	0	0	0	0	0	0	0	0	4.35632e+26	0	4.35632e+26	1.969295e+26	0	1.969295e+26	1.054269e+26	0	1.054269e+26	3.938591e+26	0	3.938591e+26	1.17362e+26	0	1.17362e+26	3.759564e+26	0	3.759564e+26	2.991811e+23	1.107292e-09	0.001701409	1.123697e+11	6.35733e+09	3.993107e+10	1.446965e-06	4.475622e-12	2.139675e-18	0.5029244	0.5	0.07213041	1	67.95943	8.4511	10569.8	1.117189e+26	1.827432e+28	5.151575e+27	6.741065e+25	3.118866e+27	1.203261e+27	5.325573e+26	2.294797e+26	0.2188657	0	0.01093334	0.03560219	0.03560219	0.001424136	0.02670164	0	0	0	0	1.008605e-13	0	1.008605e-13	0	-324.4218	0	-324.4218	0	30149.85	77194.93	1510.895	8447.673	3657778	0.4653974	0.5224601	6	0.8655994	1	2	0	0.02448476	0.007982865	
16240	1412	3.45e+19	0	0	100000	2	1e-05	4.719799e+26	1.539868e+26	1.153669e+26	3.86199e+25	1.928362e+26	1.251568e+26	3.428914e+25	1.118708e+25	8.381359e+24	2.805719e+24	1.400947e+25	9.09259e+24	0.2651741	6.172044e+25	0	0	0	2.052948e-09	0	6.172044e+25	0	0	0	0	0	0	0	0	0	0	0	0	0	0	4.417248e+26	0	4.417248e+26	1.996838e+26	0	1.996838e+26	1.069014e+26	0	1.069014e+26	3.993676e+26	0	3.993676e+26	1.190035e+26	0	1.190035e+26	3.812145e+26	0	3.812145e+26	2.986688e+23	1.109046e-09	0.00170658	1.101757e+11	6.605207e+09	4.101518e+10	1.461261e-06	4.564501e-12	2.203726e-18	0.5028973	0.5	0.07283916	1	68.90991	8.569297	10569.8	1.117189e+26	1.827432e+28	5.151575e+27	6.741065e+25	3.118866e+27	1.203261e+27	5.325573e+26	2.294797e+26	0.2188657	0	0.0107432	0.03560219	0.03560219	0.001424136	0.02670164	0	0	0	0	1.008605e-13	0	1.008605e-13	0	-324.4218	0	-324.4218	0	30149.85	77194.93	1532.027	8447.673	3657778	0.4653973	0.5224601	6	0.8655994	1	2	0	0.02482721	0.008094513	
16464	1412	3.45e+19	0	0	100000	2	1e-05	4.784899e+26	1.546613e+26	1.159317e+26	3.87296e+25	1.963729e+26	1.274558e+26	3.476209e+25	1.123608e+25	8.42239e+24	2.813689e+24	1.42664e+25	9.259606e+24	0.2663708	6.257176e+25	0	0	0	8.087595e-10	0	6.257176e+25	0	0	0	0	0	0	0	0	0	0	0	0	0	0	4.478175e+26	0	4.478175e+26	2.024381e+26	0	2.024381e+26	1.083759e+26	0	1.083759e+26	4.048761e+26	0	4.048761e+26	1.206449e+26	0	1.206449e+26	3.864726e+26	0	3.864726e+26	2.981722e+23	1.110751e-09	0.001711612	1.080524e+11	6.859087e+09	4.21132e+10	1.47551e-06	4.653951e-12	2.268822e-18	0.5028707	0.5	0.07354552	1	69.86039	8.687494	10569.8	1.117189e+26	1.827432e+28	5.151575e+27	6.741065e+25	3.118866e+27	1.203261e+27	5.325573e+26	2.294797e+26	0.2188657	0	0.01055764	0.03560219	0.03560219	0.001424136	0.02670164	0	0	0	0	1.008605e-13	0	1.008605e-13	0	-324.4218	0	-324.4218	0	30149.85	77194.93	1553.158	8447.673	3657778	0.4653974	0.5224601	6	0.8655994	1	2	0	0.02516965	0.008206162	
16688	1412	3.45e+19	0	0	100000	2	1e-05	4.85e+26	1.553188e+26	1.164825e+26	3.88363e+25	1.999206e+26	1.297606e+26	3.523504e+25	1.128385e+25	8.462406e+24	2.821441e+24	1.452414e+25	9.427052e+24	0.2675476	6.342308e+25	0	0	0	3.18504e-10	0	6.342308e+25	0	0	0	0	0	0	0	0	0	0	0	0	0	0	4.539103e+26	0	4.539103e+26	2.051923e+26	0	2.051923e+26	1.098504e+26	0	1.098504e+26	4.103846e+26	0	4.103846e+26	1.222863e+26	0	1.222863e+26	3.917308e+26	0	3.917308e+26	2.976907e+23	1.112408e-09	0.001716508	1.059966e+11	7.119025e+09	4.322511e+10	1.489712e-06	4.743969e-12	2.334966e-18	0.5028445	0.5	0.07424952	1	70.81088	8.805692	10569.8	1.117189e+26	1.827432e+28	5.151575e+27	6.741065e+25	3.118866e+27	1.203261e+27	5.325573e+26	2.294797e+26	0.2188657	0	0.01037681	0.03560219	0.03560219	0.001424136	0.02670164	0	0	0	0	1.008605e-13	0	1.008605e-13	0	-324.4218	0	-324.4218	0	30149.85	77194.93	1574.289	8447.673	3657778	0.4653973	0.5224601	6	0.8655994	1	2	0	0.0255121	0.00831781	
16912	1412	3.45e+19	0	0	100000	2	1e-05	4.915101e+26	1.559598e+26	1.170197e+26	3.89401e+25	2.034791e+26	1.320712e+26	3.5708e+25	1.133041e+25	8.501431e+24	2.828982e+24	1.478267e+25	9.594916e+24	0.268705	6.427439e+25	0	0	0	1.253914e-10	0	6.427439e+25	0	0	0	0	0	0	0	0	0	0	0	0	0	0	4.60003e+26	0	4.60003e+26	2.079466e+26	0	2.079466e+26	1.113249e+26	0	1.113249e+26	4.158931e+26	0	4.158931e+26	1.239278e+26	0	1.239278e+26	3.969889e+26	0	3.969889e+26	2.972238e+23	1.114019e-09	0.001721272	1.040053e+11	7.385077e+09	4.435092e+10	1.503867e-06	4.834552e-12	2.402161e-18	0.5028189	0.5	0.07495122	1	71.76136	8.923889	10569.8	1.117189e+26	1.827432e+28	5.151575e+27	6.741065e+25	3.118866e+27	1.203261e+27	5.325573e+26	2.294797e+26	0.2188657	0	0.01020089	0.03560219	0.03560219	0.001424136	0.02670164	0	0	0	0	1.008605e-13	0	1.008605e-13	0	-324.4218	0	-324.4218	0	30149.85	77194.93	1595.421	8447.673	3657778	0.4653974	0.5224601	6	0.8655994	1	2	0	0.02585454	0.008429459	
17136	1412	3.45e+19	0	0	100000	2	1e-05	4.980201e+26	1.565846e+26	1.175436e+26	3.904108e+25	2.070481e+26	1.343874e+26	3.618095e+25	1.137581e+25	8.539489e+24	2.836318e+24	1.504196e+25	9.763188e+24	0.2698433	6.512571e+25	0	0	0	4.934942e-11	0	6.512571e+25	0	0	0	0	0	0	0	0	0	0	0	0	0	0	4.660958e+26	0	4.660958e+26	2.107008e+26	0	2.107008e+26	1.127994e+26	0	1.127994e+26	4.214017e+26	0	4.214017e+26	1.255692e+26	0	1.255692e+26	4.02247e+26	0	4.02247e+26	2.96771e+23	1.115585e-09	0.001725908	1.020756e+11	7.657297e+09	4.549058e+10	1.517977e-06	4.925697e-12	2.470412e-18	0.5027937	0.5	0.07565065	1	72.71184	9.042086	10569.8	1.117189e+26	1.827432e+28	5.151575e+27	6.741065e+25	3.118866e+27	1.203261e+27	5.325573e+26	2.294797e+26	0.2188657	0	0.01003002	0.03560219	0.03560219	0.001424136	0.02670164	0	0	0	0	1.008605e-13	0	1.008605e-13	0	-324.4218	0	-324.4218	0	30149.85	77194.93	1616.552	8447.673	3657778	0.4653974	0.5224601	6	0.8655994	1	2	0	0.02619699	0.008541107	
17360	1412	3.45e+19	0	0	100000	2	1e-05	5.045302e+26	1.571937e+26	1.180544e+26	3.913932e+25	2.106274e+26	1.367091e+26	3.66539e+25	1.142006e+25	8.576603e+24	2.843455e+24	1.530199e+25	9.931856e+24	0.2709631	6.597703e+25	0	0	0	1.941608e-11	0	6.597703e+25	0	0	0	0	0	0	0	0	0	0	0	0	0	0	4.721885e+26	0	4.721885e+26	2.134551e+26	0	2.134551e+26	1.142739e+26	0	1.142739e+26	4.269102e+26	0	4.269102e+26	1.272106e+26	0	1.272106e+26	4.075052e+26	0	4.075052e+26	2.963318e+23	1.117107e-09	0.00173042	1.00205e+11	7.935739e+09	4.66441e+10	1.532042e-06	5.017401e-12	2.539721e-18	0.5027689	0.5	0.07634786	1	73.66232	9.160283	10569.8	1.117189e+26	1.827432e+28	5.151575e+27	6.741065e+25	3.118866e+27	1.203261e+27	5.325573e+26	2.294797e+26	0.2188657	0	0.009864347	0.03560219	0.03560219	0.001424136	0.02670164	0	0	0	0	1.008605e-13	0	1.008605e-13	0	-324.4218	0	-324.4218	0	30149.85	77194.93	1637.684	8447.673	3657778	0.4653974	0.5224601	6	0.8655994	1	2	0	0.02653943	0.008652756	
17584	1412	3.45e+19	0	0	100000	2	1e-05	5.110403e+26	1.577875e+26	1.185526e+26	3.923491e+25	2.142167e+26	1.390361e+26	3.712686e+25	1.14632e+25	8.612797e+24	2.850399e+24	1.556275e+25	1.010091e+25	0.2720648	6.682834e+25	0	0	0	7.636778e-12	0	6.682834e+25	0	0	0	0	0	0	0	0	0	0	0	0	0	0	4.782813e+26	0	4.782813e+26	2.162093e+26	0	2.162093e+26	1.157484e+26	0	1.157484e+26	4.324187e+26	0	4.324187e+26	1.28852e+26	0	1.28852e+26	4.127633e+26	0	4.127633e+26	2.959057e+23	1.118588e-09	0.001734811	9.839099e+10	8.220458e+09	4.781144e+10	1.546063e-06	5.109661e-12	2.610092e-18	0.5027446	0.5	0.07704287	1	74.6128	9.27848	10569.8	1.117189e+26	1.827432e+28	5.151575e+27	6.741065e+25	3.118866e+27	1.203261e+27	5.325573e+26	2.294797e+26	0.2188657	0	0.009703989	0.03560219	0.03560219	0.001424136	0.02670164	0	0	0	0	1.008605e-13	0	1.008605e-13	0	-324.4218	0	-324.4218	0	30149.85	77194.93	1658.815	8447.673	3657778	0.4653974	0.5224601	6	0.8655994	1	2	0	0.02688187	0.008764404	
17808	1412	3.45e+19	0	0	100000	2	1e-05	5.175503e+26	1.583664e+26	1.190385e+26	3.932791e+25	2.178157e+26	1.413683e+26	3.759981e+25	1.150525e+25	8.648093e+24	2.857156e+24	1.582422e+25	1.027035e+25	0.2731489	6.767966e+25	0	0	0	3.002838e-12	0	6.767966e+25	0	0	0	0	0	0	0	0	0	0	0	0	0	0	4.84374e+26	0	4.84374e+26	2.189636e+26	0	2.189636e+26	1.172229e+26	0	1.172229e+26	4.379272e+26	0	4.379272e+26	1.304935e+26	0	1.304935e+26	4.180214e+26	0	4.180214e+26	2.954922e+23	1.120028e-09	0.001739085	9.66311e+10	8.511506e+09	4.89926e+10	1.560042e-06	5.202473e-12	2.681529e-18	0.5027207	0.5	0.07773574	1	75.56328	9.396678	10569.8	1.117189e+26	1.827432e+28	5.151575e+27	6.741065e+25	3.118866e+27	1.203261e+27	5.325573e+26	2.294797e+26	0.2188657	0	0.009549059	0.03560219	0.03560219	0.001424136	0.02670164	0	0	0	0	1.008605e-13	0	1.008605e-13	0	-324.4218	0	-324.4218	0	30149.85	77194.93	1679.946	8447.673	3657778	0.4653974	0.5224601	6	0.8655994	1	2	0	0.02722432	0.008876052	
18032	1412	3.45e+19	0	0	100000	2	1e-05	5.240604e+26	1.589306e+26	1.195122e+26	3.94184e+25	2.214242e+26	1.437056e+26	3.807276e+25	1.154624e+25	8.682512e+24	2.86373e+24	1.608638e+25	1.044015e+25	0.2742157	6.853098e+25	0	0	0	1.180404e-12	0	6.853098e+25	0	0	0	0	0	0	0	0	0	0	0	0	0	0	4.904668e+26	0	4.904668e+26	2.217179e+26	0	2.217179e+26	1.186974e+26	0	1.186974e+26	4.434357e+26	0	4.434357e+26	1.321349e+26	0	1.321349e+26	4.232796e+26	0	4.232796e+26	2.95091e+23	1.121428e-09	0.001743246	9.492312e+10	8.808935e+09	5.018755e+10	1.573977e-06	5.295835e-12	2.754035e-18	0.5026972	0.5	0.07842648	1	76.51377	9.514875	10569.8	1.117189e+26	1.827432e+28	5.151575e+27	6.741065e+25	3.118866e+27	1.203261e+27	5.325573e+26	2.294797e+26	0.2188657	0	0.009399659	0.03560219	0.03560219	0.001424136	0.02670164	0	0	0	0	1.008605e-13	0	1.008605e-13	0	-324.4218	0	-324.4218	0	30149.85	77194.93	1701.078	8447.673	3657778	0.4653974	0.5224601	6	0.8655994	1	2	0	0.02756676	0.008987701	
18256	1412	3.45e+19	0	0	100000	2	1e-05	5.305705e+26	1.594807e+26	1.199742e+26	3.950644e+25	2.25042e+26	1.460478e+26	3.854572e+25	1.15862e+25	8.716076e+24	2.870126e+24	1.634921e+25	1.061031e+25	0.2752656	6.938229e+25	0	0	0	4.638857e-13	0	6.938229e+25	0	0	0	0	0	0	0	0	0	0	0	0	0	0	4.965595e+26	0	4.965595e+26	2.244721e+26	0	2.244721e+26	1.201719e+26	0	1.201719e+26	4.489442e+26	0	4.489442e+26	1.337763e+26	0	1.337763e+26	4.285377e+26	0	4.285377e+26	2.947016e+23	1.12279e-09	0.001747296	9.326494e+10	9.112798e+09	5.139628e+10	1.587871e-06	5.389744e-12	2.827613e-18	0.5026741	0.5	0.07911514	1	77.46425	9.633072	10569.8	1.117189e+26	1.827432e+28	5.151575e+27	6.741065e+25	3.118866e+27	1.203261e+27	5.325573e+26	2.294797e+26	0.2188657	0	0.00925588	0.03560219	0.03560219	0.001424136	0.02670164	0	0	0	0	1.008605e-13	0	1.008605e-13	0	-324.4218	0	-324.4218	0	30149.85	77194.93	1722.209	8447.673	3657778	0.4653973	0.5224601	6	0.8655994	1	2	0	0.02790921	0.009099349	
18480	1412	3.45e+19	0	0	100000	2	1e-05	5.370805e+26	1.600168e+26	1.204247e+26	3.959212e+25	2.286689e+26	1.483948e+26	3.901867e+25	1.162516e+25	8.748805e+24	2.876351e+24	1.661269e+25	1.078082e+25	0.276299	7.023361e+25	0	0	0	1.822538e-13	0	7.023361e+25	0	0	0	0	0	0	0	0	0	0	0	0	0	0	5.026523e+26	0	5.026523e+26	2.272264e+26	0	2.272264e+26	1.216464e+26	0	1.216464e+26	4.544528e+26	0	4.544528e+26	1.354177e+26	0	1.354177e+26	4.337958e+26	0	4.337958e+26	2.943236e+23	1.124114e-09	0.001751238	9.165454e+10	9.423147e+09	5.261877e+10	1.601724e-06	5.484196e-12	2.902266e-18	0.5026514	0.5	0.07980175	1	78.41473	9.751269	10569.8	1.117189e+26	1.827432e+28	5.151575e+27	6.741065e+25	3.118866e+27	1.203261e+27	5.325573e+26	2.294797e+26	0.2188657	0	0.009117801	0.03560219	0.03560219	0.001424136	0.02670164	0	0	0	0	1.008605e-13	0	1.008605e-13	0	-324.4218	0	-324.4218	0	30149.85	77194.93	1743.341	8447.673	3657778	0.4653974	0.5224601	6	0.8655994	1	2	0	0.02825165	0.009210998	
18704	1412	3.45e+19	0	0	100000	2	1e-05	5.435906e+26	1.605395e+26	1.20864e+26	3.967549e+25	2.323045e+26	1.507466e+26	3.949163e+25	1.166313e+25	8.78072e+24	2.882408e+24	1.687682e+25	1.095168e+25	0.2773164	7.108493e+25	0	0	0	7.158665e-14	0	7.108493e+25	0	0	0	0	0	0	0	0	0	0	0	0	0	0	5.087451e+26	0	5.087451e+26	2.299806e+26	0	2.299806e+26	1.23121e+26	0	1.23121e+26	4.599613e+26	0	4.599613e+26	1.370592e+26	0	1.370592e+26	4.39054e+26	0	4.39054e+26	2.939566e+23	1.125403e-09	0.001755076	9.009e+10	9.740031e+09	5.385499e+10	1.615537e-06	5.579188e-12	2.977997e-18	0.5026291	0.5	0.08048633	1	79.36521	9.869466	10569.8	1.117189e+26	1.827432e+28	5.151575e+27	6.741065e+25	3.118866e+27	1.203261e+27	5.325573e+26	2.294797e+26	0.2188657	0	0.008985494	0.03560219	0.03560219	0.001424136	0.02670164	0	0	0	0	1.008605e-13	0	1.008605e-13	0	-324.4218	0	-324.4218	0	30149.85	77194.93	1764.472	8447.673	3657778	0.4653974	0.5224601	6	0.8655994	1	2	0	0.0285941	0.009322646	
18928	1412	3.45e+19	0	0	100000	2	1e-05	5.501007e+26	1.61049e+26	1.212924e+26	3.975663e+25	2.359487e+26	1.53103e+26	3.996458e+25	1.170014e+25	8.811841e+24	2.888302e+24	1.714157e+25	1.112286e+25	0.2783181	7.193624e+25	0	0	0	2.811133e-14	0	7.193624e+25	0	0	0	0	0	0	0	0	0	0	0	0	0	0	5.148378e+26	0	5.148378e+26	2.327349e+26	0	2.327349e+26	1.245955e+26	0	1.245955e+26	4.654698e+26	0	4.654698e+26	1.387006e+26	0	1.387006e+26	4.443121e+26	0	4.443121e+26	2.936003e+23	1.126656e-09	0.001758812	8.856953e+10	1.00635e+10	5.510493e+10	1.629309e-06	5.674718e-12	3.05481e-18	0.5026071	0.5	0.08116892	1	80.31569	9.987664	10569.8	1.117189e+26	1.827432e+28	5.151575e+27	6.741065e+25	3.118866e+27	1.203261e+27	5.325573e+26	2.294797e+26	0.2188657	0	0.00885902	0.03560219	0.03560219	0.001424136	0.02670164	0	0	0	0	1.008605e-13	0	1.008605e-13	0	-324.4218	0	-324.4218	0	30149.85	77194.93	1785.603	8447.673	3657778	0.4653973	0.5224601	6	0.8655994	1	2	0	0.02893654	0.009434295	
19152	1412	3.45e+19	0	0	100000	2	1e-05	5.566107e+26	1.615457e+26	1.217101e+26	3.983559e+25	2.396012e+26	1.554638e+26	4.043753e+25	1.173623e+25	8.842187e+24	2.894038e+24	1.740693e+25	1.129438e+25	0.2793044	7.278756e+25	0	0	0	1.103644e-14	0	7.278756e+25	0	0	0	0	0	0	0	0	0	0	0	0	0	0	5.209306e+26	0	5.209306e+26	2.354892e+26	0	2.354892e+26	1.2607e+26	0	1.2607e+26	4.709783e+26	0	4.709783e+26	1.40342e+26	0	1.40342e+26	4.495702e+26	0	4.495702e+26	2.932543e+23	1.127876e-09	0.00176245	8.709139e+10	1.039361e+10	5.636856e+10	1.643042e-06	5.770783e-12	3.132707e-18	0.5025855	0.5	0.08184955	1	81.26617	10.10586	10569.8	1.117189e+26	1.827432e+28	5.151575e+27	6.741065e+25	3.118866e+27	1.203261e+27	5.325573e+26	2.294797e+26	0.2188657	0	0.008738432	0.03560219	0.03560219	0.001424136	0.02670164	0	0	0	0	1.008605e-13	0	1.008605e-13	0	-324.4218	0	-324.4218	0	30149.85	77194.93	1806.735	8447.673	3657778	0.4653974	0.5224601	6	0.8655994	1	2	0	0.02927898	0.009545943	
19376	1412	3.45e+19	0	0	100000	2	1e-05	5.631208e+26	1.620298e+26	1.221174e+26	3.991243e+25	2.432619e+26	1.57829e+26	4.091049e+25	1.17714e+25	8.871777e+24	2.899621e+24	1.767288e+25	1.146621e+25	0.2802756	7.363888e+25	0	0	0	4.331904e-15	0	7.363888e+25	0	0	0	0	0	0	0	0	0	0	0	0	0	0	5.270233e+26	0	5.270233e+26	2.382434e+26	0	2.382434e+26	1.275445e+26	0	1.275445e+26	4.764868e+26	0	4.764868e+26	1.419835e+26	0	1.419835e+26	4.548283e+26	0	4.548283e+26	2.929182e+23	1.129062e-09	0.001765992	8.565396e+10	1.07304e+10	5.764588e+10	1.656736e-06	5.867378e-12	3.211692e-18	0.5025642	0.5	0.08252824	1	82.21665	10.22406	10569.8	1.117189e+26	1.827432e+28	5.151575e+27	6.741065e+25	3.118866e+27	1.203261e+27	5.325573e+26	2.294797e+26	0.2188657	0	0.008623774	0.03560219	0.03560219	0.001424136	0.02670164	0	0	0	0	1.008605e-13	0	1.008605e-13	0	-324.4218	0	-324.4218	0	30149.85	77194.93	1827.866	8447.673	3657778	0.4653974	0.5224601	6	0.8655994	1	2	0	0.02962143	0.009657592	
19600	1412	3.45e+19	0	0	100000	2	1e-05	5.696309e+26	1.625018e+26	1.225146e+26	3.998721e+25	2.469306e+26	1.601986e+26	4.138344e+25	1.180568e+25	8.90063e+24	2.905054e+24	1.79394e+25	1.163836e+25	0.2812322	7.449019e+25	0	0	0	1.699948e-15	0	7.449019e+25	0	0	0	0	0	0	0	0	0	0	0	0	0	0	5.331161e+26	0	5.331161e+26	2.409977e+26	0	2.409977e+26	1.29019e+26	0	1.29019e+26	4.819954e+26	0	4.819954e+26	1.436249e+26	0	1.436249e+26	4.600865e+26	0	4.600865e+26	2.925918e+23	1.130217e-09	0.001769441	8.425569e+10	1.107393e+10	5.893685e+10	1.670392e-06	5.964503e-12	3.291767e-18	0.5025433	0.5	0.08320503	1	83.16714	10.34226	10569.8	1.117189e+26	1.827432e+28	5.151575e+27	6.741065e+25	3.118866e+27	1.203261e+27	5.325573e+26	2.294797e+26	0.2188657	0	0.008515083	0.03560219	0.03560219	0.001424136	0.02670164	0	0	0	0	1.008605e-13	0	1.008605e-13	0	-324.4218	0	-324.4218	0	30149.85	77194.93	1848.998	8447.673	3657778	0.4653974	0.5224601	6	0.8655994	1	2	0	0.02996387	0.00976924	
19824	1412	3.45e+19	0	0	100000	2	1e-05	5.761409e+26	1.629618e+26	1.229018e+26	4.005999e+25	2.506069e+26	1.625723e+26	4.185639e+25	1.18391e+25	8.928763e+24	2.910341e+24	1.820648e+25	1.181081e+25	0.2821745	7.534151e+25	0	0	0	6.669661e-16	0	7.534151e+25	0	0	0	0	0	0	0	0	0	0	0	0	0	0	5.392088e+26	0	5.392088e+26	2.437519e+26	0	2.437519e+26	1.304935e+26	0	1.304935e+26	4.875039e+26	0	4.875039e+26	1.452663e+26	0	1.452663e+26	4.653446e+26	0	4.653446e+26	2.922748e+23	1.13134e-09	0.0017728	8.289509e+10	1.142424e+10	6.024145e+10	1.68401e-06	6.062152e-12	3.372935e-18	0.5025226	0.5	0.08387993	1	84.11762	10.46045	10569.8	1.117189e+26	1.827432e+28	5.151575e+27	6.741065e+25	3.118866e+27	1.203261e+27	5.325573e+26	2.294797e+26	0.2188657	0	0.008412386	0.03560219	0.03560219	0.001424136	0.02670164	0	0	0	0	1.008605e-13	0	1.008605e-13	0	-324.4218	0	-324.4218	0	30149.85	77194.93	1870.129	8447.673	3657778	0.4653974	0.5224601	6	0.8655994	1	2	0	0.03030632	0.009880888	
20048	1412	3.45e+19	0	0	100000	2	1e-05	5.82651e+26	1.634102e+26	1.232794e+26	4.013083e+25	2.542908e+26	1.649501e+26	4.232935e+25	1.187168e+25	8.956194e+24	2.915487e+24	1.847411e+25	1.198355e+25	0.2831027	7.619282e+25	0	0	0	2.616299e-16	0	7.619282e+25	0	0	0	0	0	0	0	0	0	0	0	0	0	0	5.453016e+26	0	5.453016e+26	2.465062e+26	0	2.465062e+26	1.31968e+26	0	1.31968e+26	4.930124e+26	0	4.930124e+26	1.469077e+26	0	1.469077e+26	4.706027e+26	0	4.706027e+26	2.919667e+23	1.132434e-09	0.00177607	8.157076e+10	1.178139e+10	6.155967e+10	1.697591e-06	6.160324e-12	3.4552e-18	0.5025023	0.5	0.08455297	1	85.0681	10.57865	10569.8	1.117189e+26	1.827432e+28	5.151575e+27	6.741065e+25	3.118866e+27	1.203261e+27	5.325573e+26	2.294797e+26	0.2188657	0	0.008315705	0.03560219	0.03560219	0.001424136	0.02670164	0	0	0	0	1.008605e-13	0	1.008605e-13	0	-324.4218	0	-324.4218	0	30149.85	77194.93	1891.26	8447.673	3657778	0.4653974	0.5224601	6	0.8655994	1	2	0	0.03064876	0.009992537	
20272	1412	3.45e+19	0	0	100000	2	1e-05	5.891611e+26	1.638473e+26	1.236475e+26	4.019977e+25	2.579819e+26	1.673319e+26	4.28023e+25	1.190344e+25	8.98294e+24	2.920496e+24	1.874228e+25	1.215659e+25	0.2840172	7.704414e+25	0	0	0	1.026102e-16	0	7.704414e+25	0	0	0	0	0	0	0	0	0	0	0	0	0	0	5.513943e+26	0	5.513943e+26	2.492605e+26	0	2.492605e+26	1.334425e+26	0	1.334425e+26	4.985209e+26	0	4.985209e+26	1.485492e+26	0	1.485492e+26	4.758609e+26	0	4.758609e+26	2.916675e+23	1.133497e-09	0.001779255	8.028136e+10	1.214541e+10	6.289148e+10	1.711135e-06	6.259016e-12	3.538563e-18	0.5024823	0.5	0.08522418	1	86.01858	10.69685	10569.8	1.117189e+26	1.827432e+28	5.151575e+27	6.741065e+25	3.118866e+27	1.203261e+27	5.325573e+26	2.294797e+26	0.2188657	0	0.008225055	0.03560219	0.03560219	0.001424136	0.02670164	0	0	0	0	1.008605e-13	0	1.008605e-13	0	-324.4218	0	-324.4218	0	30149.85	77194.93	1912.392	8447.673	3657778	0.4653973	0.5224601	6	0.8655994	1	2	0	0.0309912	0.01010419	
20496	1412	3.45e+19	0	0	100000	2	1e-05	5.956711e+26	1.642734e+26	1.240065e+26	4.026688e+25	2.616802e+26	1.697176e+26	4.327525e+25	1.193439e+25	9.009018e+24	2.925371e+24	1.901096e+25	1.232991e+25	0.2849182	7.789546e+25	0	0	0	4.023633e-17	0	7.789546e+25	0	0	0	0	0	0	0	0	0	0	0	0	0	0	5.574871e+26	0	5.574871e+26	2.520147e+26	0	2.520147e+26	1.34917e+26	0	1.34917e+26	5.040294e+26	0	5.040294e+26	1.501906e+26	0	1.501906e+26	4.81119e+26	0	4.81119e+26	2.913766e+23	1.134533e-09	0.001782357	7.902562e+10	1.251635e+10	6.423686e+10	1.724643e-06	6.358225e-12	3.623027e-18	0.5024627	0.5	0.08589359	1	86.96906	10.81504	10569.8	1.117189e+26	1.827432e+28	5.151575e+27	6.741065e+25	3.118866e+27	1.203261e+27	5.325573e+26	2.294797e+26	0.2188657	0	0.008140441	0.03560219	0.03560219	0.001424136	0.02670164	0	0	0	0	1.008605e-13	0	1.008605e-13	0	-324.4218	0	-324.4218	0	30149.85	77194.93	1933.523	8447.673	3657778	0.4653973	0.5224601	6	0.8655994	1	2	0	0.03133365	0.01021583	
20720	1412	3.45e+19	0	0	100000	2	1e-05	6.021812e+26	1.646887e+26	1.243565e+26	4.033219e+25	2.653855e+26	1.721071e+26	4.374821e+25	1.196456e+25	9.034445e+24	2.930117e+24	1.928014e+25	1.250351e+25	0.2858061	7.874677e+25	0	0	0	1.577519e-17	0	7.874677e+25	0	0	0	0	0	0	0	0	0	0	0	0	0	0	5.635799e+26	0	5.635799e+26	2.54769e+26	0	2.54769e+26	1.363915e+26	0	1.363915e+26	5.09538e+26	0	5.09538e+26	1.51832e+26	0	1.51832e+26	4.863771e+26	0	4.863771e+26	2.91094e+23	1.135541e-09	0.001785378	7.780232e+10	1.289427e+10	6.559579e+10	1.738115e-06	6.457947e-12	3.708596e-18	0.5024433	0.5	0.0865612	1	87.91954	10.93324	10569.8	1.117189e+26	1.827432e+28	5.151575e+27	6.741065e+25	3.118866e+27	1.203261e+27	5.325573e+26	2.294797e+26	0.2188657	0	0.008061866	0.03560219	0.03560219	0.001424136	0.02670164	0	0	0	0	1.008605e-13	0	1.008605e-13	0	-324.4218	0	-324.4218	0	30149.85	77194.93	1954.655	8447.673	3657778	0.4653974	0.5224601	6	0.8655994	1	2	0	0.03167609	0.01032748	
20944	1412	3.45e+19	0	0	100000	2	1e-05	6.086913e+26	1.650935e+26	1.246977e+26	4.039577e+25	2.690974e+26	1.745004e+26	4.422116e+25	1.199397e+25	9.059236e+24	2.934735e+24	1.954981e+25	1.267738e+25	0.2866812	7.959809e+25	0	0	0	6.183919e-18	0	7.959809e+25	0	0	0	0	0	0	0	0	0	0	0	0	0	0	5.696726e+26	0	5.696726e+26	2.575232e+26	0	2.575232e+26	1.37866e+26	0	1.37866e+26	5.150465e+26	0	5.150465e+26	1.534734e+26	0	1.534734e+26	4.916353e+26	0	4.916353e+26	2.908193e+23	1.136522e-09	0.00178832	7.66103e+10	1.327921e+10	6.696825e+10	1.751552e-06	6.55818e-12	3.795271e-18	0.5024241	0.5	0.08722705	1	88.87003	11.05144	10569.8	1.117189e+26	1.827432e+28	5.151575e+27	6.741065e+25	3.118866e+27	1.203261e+27	5.325573e+26	2.294797e+26	0.2188657	0	0.007989323	0.03560219	0.03560219	0.001424136	0.02670164	0	0	0	0	1.008605e-13	0	1.008605e-13	0	-324.4218	0	-324.4218	0	30149.85	77194.93	1975.786	8447.673	3657778	0.4653974	0.5224601	6	0.8655994	1	2	0	0.03201854	0.01043913	
21168	1412	3.45e+19	0	0	100000	2	1e-05	6.152014e+26	1.654881e+26	1.250304e+26	4.045765e+25	2.72816e+26	1.768973e+26	4.469412e+25	1.202264e+25	9.083407e+24	2.939231e+24	1.981996e+25	1.285151e+25	0.2875438	8.044941e+25	0	0	0	2.423763e-18	0	8.044941e+25	0	0	0	0	0	0	0	0	0	0	0	0	0	0	5.757654e+26	0	5.757654e+26	2.602775e+26	0	2.602775e+26	1.393405e+26	0	1.393405e+26	5.20555e+26	0	5.20555e+26	1.551149e+26	0	1.551149e+26	4.968934e+26	0	4.968934e+26	2.905523e+23	1.137477e-09	0.001791185	7.544845e+10	1.367121e+10	6.835422e+10	1.764953e-06	6.658922e-12	3.883055e-18	0.5024053	0.5	0.08789116	1	89.82051	11.16964	10569.8	1.117189e+26	1.827432e+28	5.151575e+27	6.741065e+25	3.118866e+27	1.203261e+27	5.325573e+26	2.294797e+26	0.2188657	0	0.007922801	0.03560219	0.03560219	0.001424136	0.02670164	0	0	0	0	1.008605e-13	0	1.008605e-13	0	-324.4218	0	-324.4218	0	30149.85	77194.93	1996.917	8447.673	3657778	0.4653974	0.5224601	6	0.8655994	1	2	0	0.03236098	0.01055078	
21392	1412	3.45e+19	0	0	100000	2	1e-05	6.217114e+26	1.658727e+26	1.253548e+26	4.051789e+25	2.765409e+26	1.792978e+26	4.516707e+25	1.205058e+25	9.106974e+24	2.943607e+24	2.009058e+25	1.302591e+25	0.288394	8.130072e+25	0	0	0	9.498568e-19	0	8.130072e+25	0	0	0	0	0	0	0	0	0	0	0	0	0	0	5.818581e+26	0	5.818581e+26	2.630318e+26	0	2.630318e+26	1.40815e+26	0	1.40815e+26	5.260635e+26	0	5.260635e+26	1.567563e+26	0	1.567563e+26	5.021515e+26	0	5.021515e+26	2.902927e+23	1.138406e-09	0.001793976	7.431572e+10	1.407032e+10	6.975366e+10	1.77832e-06	6.760168e-12	3.971952e-18	0.5023868	0.5	0.08855354	1	90.77099	11.28783	10569.8	1.117189e+26	1.827432e+28	5.151575e+27	6.741065e+25	3.118866e+27	1.203261e+27	5.325573e+26	2.294797e+26	0.2188657	0	0.007862283	0.03560219	0.03560219	0.001424136	0.02670164	0	0	0	0	1.008605e-13	0	1.008605e-13	0	-324.4218	0	-324.4218	0	30149.85	77194.93	2018.049	8447.673	3657778	0.4653974	0.5224601	6	0.8655994	1	2	0	0.03270343	0.01066243	
21616	1412	3.45e+19	0	0	100000	2	1e-05	6.282215e+26	1.662476e+26	1.256711e+26	4.057652e+25	2.80272e+26	1.817019e+26	4.564002e+25	1.207782e+25	9.12995e+24	2.947867e+24	2.036164e+25	1.320056e+25	0.2892322	8.215204e+25	0	0	0	3.721963e-19	0	8.215204e+25	0	0	0	0	0	0	0	0	0	0	0	0	0	0	5.879509e+26	0	5.879509e+26	2.65786e+26	0	2.65786e+26	1.422895e+26	0	1.422895e+26	5.31572e+26	0	5.31572e+26	1.583977e+26	0	1.583977e+26	5.074097e+26	0	5.074097e+26	2.900404e+23	1.139311e-09	0.001796695	7.32111e+10	1.447658e+10	7.116657e+10	1.791653e-06	6.861917e-12	4.061963e-18	0.5023685	0.5	0.08921423	1	91.72147	11.40603	10569.8	1.117189e+26	1.827432e+28	5.151575e+27	6.741065e+25	3.118866e+27	1.203261e+27	5.325573e+26	2.294797e+26	0.2188657	0	0.007807744	0.03560219	0.03560219	0.001424136	0.02670164	0	0	0	0	1.008605e-13	0	1.008605e-13	0	-324.4218	0	-324.4218	0	30149.85	77194.93	2039.18	8447.673	3657778	0.4653974	0.5224601	6	0.8655994	1	2	0	0.03304587	0.01077408	
21840	1412	3.45e+19	0	0	100000	2	1e-05	6.347316e+26	1.66613e+26	1.259794e+26	4.06336e+25	2.089363e+26	2.591822e+26	4.611298e+25	1.210436e+25	9.152351e+24	2.952013e+24	1.517913e+25	1.882948e+25	0.4083336	8.300336e+25	0	0	0	2.405111e-19	0	8.300336e+25	0	0	0	0	0	0	0	0	0	0	0	0	0	0	5.940436e+26	0	5.940436e+26	2.685403e+26	0	2.685403e+26	1.43764e+26	0	1.43764e+26	5.370805e+26	0	5.370805e+26	1.600392e+26	0	1.600392e+26	5.126678e+26	0	5.126678e+26	2.897951e+23	1.140192e-09	0.001799343	7.213362e+10	1.095336e+10	7.259291e+10	1.755334e-06	6.586535e-12	3.819911e-18	0.4751106	0.5	0.0826632	0.5520237	92.67195	11.52423	10569.8	1.117189e+26	1.827432e+28	5.151575e+27	6.741065e+25	3.118866e+27	1.203261e+27	5.325573e+26	2.294797e+26	0.2188657	0	0.007759156	0.03560219	0.03560219	0.001424136	0.02670164	0	0	0	0	1.008605e-13	0	1.008605e-13	0	-324.4218	0	-324.4218	0	30149.85	77194.93	2060.312	8447.673	3657778	0.4653974	0.5224601	6	0.8655994	1	2	0	0.03338831	0.01088572	
22064	1412	3.45e+19	0	0	100000	2	1e-05	6.412416e+26	1.669692e+26	1.2628e+26	4.068916e+25	2.119917e+26	2.622808e+26	4.658593e+25	1.213024e+25	9.174191e+24	2.95605e+24	1.54011e+25	1.905459e+25	0.4090202	8.385467e+25	0	0	0	1.21099e-19	0	8.385467e+25	0	0	0	0	0	0	0	0	0	0	0	0	0	0	6.001364e+26	0	6.001364e+26	2.712945e+26	0	2.712945e+26	1.452385e+26	0	1.452385e+26	5.425891e+26	0	5.425891e+26	1.616806e+26	0	1.616806e+26	5.179259e+26	0	5.179259e+26	2.895565e+23	1.14105e-09	0.001801923	7.213362e+10	1.111463e+10	7.281585e+10	1.761751e-06	6.634777e-12	3.861956e-18	0.4785905	0.5	0.08357306	0.7844586	93.62243	11.64242	10569.8	1.117189e+26	1.827432e+28	5.151575e+27	6.741065e+25	3.118866e+27	1.203261e+27	5.325573e+26	2.294797e+26	0.2188657	0	0.007716485	0.03560219	0.03560219	0.001424136	0.02670164	0	0	0	0	1.008605e-13	0	1.008605e-13	0	-324.4218	0	-324.4218	0	30149.85	77194.93	2081.443	8447.673	3657778	0.4653974	0.5224601	6	0.8655994	1	2	0	0.03373076	0.01099737	
22288	1412	3.45e+19	0	0	100000	2	1e-05	6.477517e+26	1.673164e+26	1.265731e+26	4.074324e+25	2.154745e+26	2.649608e+26	4.705888e+25	1.215546e+25	9.195484e+24	2.959979e+24	1.565413e+25	1.924929e+25	0.4090469	8.470599e+25	0	0	0	5.266217e-20	0	8.470599e+25	0	0	0	0	0	0	0	0	0	0	0	0	0	0	6.062291e+26	0	6.062291e+26	2.740488e+26	0	2.740488e+26	1.46713e+26	0	1.46713e+26	5.480976e+26	0	5.480976e+26	1.63322e+26	0	1.63322e+26	5.231841e+26	0	5.231841e+26	2.893245e+23	1.141886e-09	0.001804436	7.213362e+10	1.129849e+10	7.304421e+10	1.765374e-06	6.662093e-12	3.88583e-18	0.4805609	0.5	0.08408969	0.8962934	94.57292	11.76062	10569.8	1.117189e+26	1.827432e+28	5.151575e+27	6.741065e+25	3.118866e+27	1.203261e+27	5.325573e+26	2.294797e+26	0.2188657	0	0.007679692	0.03560219	0.03560219	0.001424136	0.02670164	0	0	0	0	1.008605e-13	0	1.008605e-13	0	-324.4218	0	-324.4218	0	30149.85	77194.93	2102.574	8447.673	3657778	0.4653974	0.5224601	6	0.8655994	1	2	0	0.0340732	0.01110902	
22512	1412	3.45e+19	0	0	100000	2	1e-05	6.542618e+26	1.676548e+26	1.268589e+26	4.079589e+25	2.191575e+26	2.674495e+26	4.753184e+25	1.218005e+25	9.216243e+24	2.963804e+24	1.59217e+25	1.943009e+25	0.4087806	8.555731e+25	0	0	0	2.123589e-20	0	8.555731e+25	0	0	0	0	0	0	0	0	0	0	0	0	0	0	6.123219e+26	0	6.123219e+26	2.76803e+26	0	2.76803e+26	1.481875e+26	0	1.481875e+26	5.536061e+26	0	5.536061e+26	1.649634e+26	0	1.649634e+26	5.284422e+26	0	5.284422e+26	2.890989e+23	1.142699e-09	0.001806885	7.213362e+10	1.149296e+10	7.327879e+10	1.769146e-06	6.690595e-12	3.910793e-18	0.4826169	0.5	0.0846299	0.9501021	95.5234	11.87882	10569.8	1.117189e+26	1.827432e+28	5.151575e+27	6.741065e+25	3.118866e+27	1.203261e+27	5.325573e+26	2.294797e+26	0.2188657	0	0.007648732	0.03560219	0.03560219	0.001424136	0.02670164	0	0	0	0	1.008605e-13	0	1.008605e-13	0	-324.4218	0	-324.4218	0	30149.85	77194.93	2123.706	8447.673	3657778	0.4653974	0.5224601	6	0.8655994	1	2	0	0.03441565	0.01122067	
22736	1412	3.45e+19	0	0	100000	2	1e-05	6.607718e+26	1.679846e+26	1.271374e+26	4.084715e+25	2.229315e+26	2.698558e+26	4.800479e+25	1.220401e+25	9.236481e+24	2.967528e+24	1.619588e+25	1.96049e+25	0.4083948	8.640862e+25	0	0	0	8.268019e-21	0	8.640862e+25	0	0	0	0	0	0	0	0	0	0	0	0	0	0	6.184147e+26	0	6.184147e+26	2.795573e+26	0	2.795573e+26	1.49662e+26	0	1.49662e+26	5.591146e+26	0	5.591146e+26	1.666049e+26	0	1.666049e+26	5.337003e+26	0	5.337003e+26	2.888795e+23	1.143491e-09	0.00180927	7.213362e+10	1.169227e+10	7.352004e+10	1.773e-06	6.71978e-12	3.93641e-18	0.4847221	0.5	0.08518425	0.9759919	96.47388	11.99702	10569.8	1.117189e+26	1.827432e+28	5.151575e+27	6.741065e+25	3.118866e+27	1.203261e+27	5.325573e+26	2.294797e+26	0.2188657	0	0.007623555	0.03560219	0.03560219	0.001424136	0.02670164	0	0	0	0	1.008605e-13	0	1.008605e-13	0	-324.4218	0	-324.4218	0	30149.85	77194.93	2144.837	8447.673	3657778	0.4653974	0.5224601	6	0.8655994	1	2	0	0.03475809	0.01133232	
22960	1412	3.45e+19	0	0	100000	2	1e-05	6.672819e+26	1.683061e+26	1.27409e+26	4.089704e+25	2.267443e+26	2.722315e+26	4.847774e+25	1.222736e+25	9.256212e+24	2.971153e+24	1.647288e+25	1.97775e+25	0.4079708	8.725994e+25	0	0	0	3.174055e-21	0	8.725994e+25	0	0	0	0	0	0	0	0	0	0	0	0	0	0	6.245074e+26	0	6.245074e+26	2.823116e+26	0	2.823116e+26	1.511365e+26	0	1.511365e+26	5.646231e+26	0	5.646231e+26	1.682463e+26	0	1.682463e+26	5.389584e+26	0	5.389584e+26	2.88666e+23	1.144262e-09	0.001811594	7.213362e+10	1.189366e+10	7.376826e+10	1.776905e-06	6.749409e-12	3.962474e-18	0.4868593	0.5	0.08574827	0.9884486	97.42436	12.11521	10569.8	1.117189e+26	1.827432e+28	5.151575e+27	6.741065e+25	3.118866e+27	1.203261e+27	5.325573e+26	2.294797e+26	0.2188657	0	0.007604108	0.03560219	0.03560219	0.001424136	0.02670164	0	0	0	0	1.008605e-13	0	1.008605e-13	0	-324.4218	0	-324.4218	0	30149.85	77194.93	2165.969	8447.673	3657778	0.4653973	0.5224601	6	0.8655994	1	2	0	0.03510054	0.01144397	
23184	1412	3.45e+19	0	0	100000	2	1e-05	6.73792e+26	1.686194e+26	1.276738e+26	4.094561e+25	2.305709e+26	2.746016e+26	4.89507e+25	1.225013e+25	9.275447e+24	2.974681e+24	1.675088e+25	1.994969e+25	0.4075466	8.811126e+25	0	0	0	1.213988e-21	0	8.811126e+25	0	0	0	0	0	0	0	0	0	0	0	0	0	0	6.306002e+26	0	6.306002e+26	2.850658e+26	0	2.850658e+26	1.52611e+26	0	1.52611e+26	5.701317e+26	0	5.701317e+26	1.698877e+26	0	1.698877e+26	5.442166e+26	0	5.442166e+26	2.884584e+23	1.145013e-09	0.001813859	7.213362e+10	1.209583e+10	7.402366e+10	1.780845e-06	6.779372e-12	3.988889e-18	0.4890207	0.5	0.08631991	0.9944421	98.37484	12.23341	10569.8	1.117189e+26	1.827432e+28	5.151575e+27	6.741065e+25	3.118866e+27	1.203261e+27	5.325573e+26	2.294797e+26	0.2188657	0	0.007590331	0.03560219	0.03560219	0.001424136	0.02670164	0	0	0	0	1.008605e-13	0	1.008605e-13	0	-324.4218	0	-324.4218	0	30149.85	77194.93	2187.1	8447.673	3657778	0.4653974	0.5224601	6	0.8655994	1	2	0	0.03544298	0.01155562	
23408	1412	3.45e+19	0	0	100000	2	1e-05	6.80302e+26	1.689248e+26	1.279319e+26	4.09929e+25	2.343996e+26	2.769776e+26	4.942365e+25	1.227232e+25	9.294199e+24	2.978116e+24	1.702903e+25	2.012231e+25	0.4071392	8.896257e+25	0	0	0	4.64892e-22	0	8.896257e+25	0	0	0	0	0	0	0	0	0	0	0	0	0	0	6.366929e+26	0	6.366929e+26	2.878201e+26	0	2.878201e+26	1.540855e+26	0	1.540855e+26	5.756402e+26	0	5.756402e+26	1.715291e+26	0	1.715291e+26	5.494747e+26	0	5.494747e+26	2.882564e+23	1.145745e-09	0.001816065	7.213362e+10	1.229813e+10	7.428642e+10	1.784813e-06	6.809619e-12	4.015614e-18	0.4912025	0.5	0.08689824	0.9973259	99.32532	12.35161	10569.8	1.117189e+26	1.827432e+28	5.151575e+27	6.741065e+25	3.118866e+27	1.203261e+27	5.325573e+26	2.294797e+26	0.2188657	0	0.00758216	0.03560219	0.03560219	0.001424136	0.02670164	0	0	0	0	1.008605e-13	0	1.008605e-13	0	-324.4218	0	-324.4218	0	30149.85	77194.93	2208.231	8447.673	3657778	0.4653974	0.5224601	6	0.8655994	1	2	0	0.03578542	0.01166726	
23632	1412	3.45e+19	0	0	100000	2	1e-05	6.868121e+26	1.692225e+26	1.281836e+26	4.103893e+25	2.382246e+26	2.79365e+26	4.98966e+25	1.229394e+25	9.312481e+24	2.981461e+24	1.730691e+25	2.029575e+25	0.4067562	8.981389e+25	0	0	0	1.786558e-22	0	8.981389e+25	0	0	0	0	0	0	0	0	0	0	0	0	0	0	6.427857e+26	0	6.427857e+26	2.905743e+26	0	2.905743e+26	1.5556e+26	0	1.5556e+26	5.811487e+26	0	5.811487e+26	1.731706e+26	0	1.731706e+26	5.547328e+26	0	5.547328e+26	2.880599e+23	1.146457e-09	0.001818215	7.213362e+10	1.250029e+10	7.45567e+10	1.788803e-06	6.8401e-12	4.042606e-18	0.4934012	0.5	0.08748234	0.9987134	100.2758	12.4698	10569.8	1.117189e+26	1.827432e+28	5.151575e+27	6.741065e+25	3.118866e+27	1.203261e+27	5.325573e+26	2.294797e+26	0.2188657	0	0.007579527	0.03560219	0.03560219	0.001424136	0.02670164	0	0	0	0	1.008605e-13	0	1.008605e-13	0	-324.4218	0	-324.4218	0	30149.85	77194.93	2229.363	8447.673	3657778	0.4653974	0.5224601	6	0.8655994	1	2	0	0.03612787	0.01177891	
23856	1412	3.45e+19	0	0	100000	2	1e-05	6.933222e+26	1.695126e+26	1.284289e+26	4.108374e+25	2.420436e+26	2.817659e+26	5.036956e+25	1.231502e+25	9.330303e+24	2.984716e+24	1.758436e+25	2.047018e+25	0.4063997	9.066521e+25	0	0	0	6.89613e-23	0	9.066521e+25	0	0	0	0	0	0	0	0	0	0	0	0	0	0	6.488784e+26	0	6.488784e+26	2.933286e+26	0	2.933286e+26	1.570345e+26	0	1.570345e+26	5.866572e+26	0	5.866572e+26	1.74812e+26	0	1.74812e+26	5.59991e+26	0	5.59991e+26	2.878687e+23	1.147151e-09	0.00182031	7.213362e+10	1.270216e+10	7.483467e+10	1.792756e-06	6.870364e-12	4.069465e-18	0.4955842	0.5	0.08806358	0.9993809	101.2263	12.588	10569.8	1.117189e+26	1.827432e+28	5.151575e+27	6.741065e+25	3.118866e+27	1.203261e+27	5.325573e+26	2.294797e+26	0.2188657	0	0.007582359	0.03560219	0.03560219	0.001424136	0.02670164	0	0	0	0	1.008605e-13	0	1.008605e-13	0	-324.4218	0	-324.4218	0	30149.85	77194.93	2250.494	8447.673	3657778	0.4653974	0.5224601	6	0.8655994	1	2	0	0.03647031	0.01189056	
24080	1412	3.45e+19	0	0	100000	2	1e-05	6.998322e+26	1.697954e+26	1.28668e+26	4.112737e+25	2.458563e+26	2.841806e+26	5.084251e+25	1.233556e+25	9.347677e+24	2.987886e+24	1.786135e+25	2.06456e+25	0.4060696	9.151652e+25	0	0	0	2.673978e-23	0	9.151652e+25	0	0	0	0	0	0	0	0	0	0	0	0	0	0	6.549712e+26	0	6.549712e+26	2.960829e+26	0	2.960829e+26	1.58509e+26	0	1.58509e+26	5.921657e+26	0	5.921657e+26	1.764534e+26	0	1.764534e+26	5.652491e+26	0	5.652491e+26	2.876826e+23	1.147827e-09	0.001822351	7.206645e+10	1.291577e+10	7.51905e+10	1.797347e-06	6.905602e-12	4.100814e-18	0.4976622	0.5	0.08865933	0.9997021	102.1768	12.7062	10569.8	1.117189e+26	1.827432e+28	5.151575e+27	6.741065e+25	3.118866e+27	1.203261e+27	5.325573e+26	2.294797e+26	0.2188657	0	0.007590579	0.03560219	0.03560219	0.001424136	0.02670164	0	0	0	0	1.008605e-13	0	1.008605e-13	0	-324.4218	0	-324.4218	0	30149.85	77194.93	2271.626	8447.673	3657778	0.4653974	0.5224601	6	0.8655994	1	2	0	0.03681276	0.01200221	
24304	1412	3.45e+19	0	0	100000	2	1e-05	7.063423e+26	1.70071e+26	1.289012e+26	4.116984e+25	2.496657e+26	2.866056e+26	5.131547e+25	1.235559e+25	9.364614e+24	2.990971e+24	1.81381e+25	2.082178e+25	0.4057603	9.236784e+25	0	0	0	1.040112e-23	0	9.236784e+25	0	0	0	0	0	0	0	0	0	0	0	0	0	0	6.610639e+26	0	6.610639e+26	2.988371e+26	0	2.988371e+26	1.599835e+26	0	1.599835e+26	5.976742e+26	0	5.976742e+26	1.780949e+26	0	1.780949e+26	5.705072e+26	0	5.705072e+26	2.875015e+23	1.148486e-09	0.00182434	7.169833e+10	1.318475e+10	7.587156e+10	1.804574e-06	6.961241e-12	4.150474e-18	0.4991093	0.5	0.08927462	0.9998567	103.1272	12.8244	10569.8	1.117189e+26	1.827432e+28	5.151575e+27	6.741065e+25	3.118866e+27	1.203261e+27	5.325573e+26	2.294797e+26	0.2188657	0	0.007604105	0.03560219	0.03560219	0.001424136	0.02670164	0	0	0	0	1.008605e-13	0	1.008605e-13	0	-324.4218	0	-324.4218	0	30149.85	77194.93	2292.757	8447.673	3657778	0.4653974	0.5224601	6	0.8655994	1	2	0	0.0371552	0.01211386	
24528	1412	3.45e+19	0	0	100000	2	1e-05	7.128524e+26	1.703396e+26	1.291284e+26	4.121119e+25	2.534743e+26	2.890384e+26	5.178842e+25	1.23751e+25	9.381126e+24	2.993975e+24	1.84148e+25	2.099852e+25	0.4054674	9.321915e+25	0	0	0	4.054138e-24	0	9.321915e+25	0	0	0	0	0	0	0	0	0	0	0	0	0	0	6.671567e+26	0	6.671567e+26	3.015914e+26	0	3.015914e+26	1.61458e+26	0	1.61458e+26	6.031828e+26	0	6.031828e+26	1.797363e+26	0	1.797363e+26	5.757654e+26	0	5.757654e+26	2.873253e+23	1.149127e-09	0.001826278	7.113391e+10	1.349364e+10	7.677577e+10	1.813431e-06	7.029748e-12	4.211893e-18	0.5000535	0.5	0.08988253	0.999931	104.0777	12.94259	10569.8	1.117189e+26	1.827432e+28	5.151575e+27	6.741065e+25	3.118866e+27	1.203261e+27	5.325573e+26	2.294797e+26	0.2188657	0	0.007622852	0.03560219	0.03560219	0.001424136	0.02670164	0	0	0	0	1.008605e-13	0	1.008605e-13	0	-324.4218	0	-324.4218	0	30149.85	77194.93	2313.888	8447.673	3657778	0.4653973	0.5224601	6	0.8655994	1	2	0	0.03749765	0.01222551	
24752	1412	3.45e+19	0	0	100000	2	1e-05	7.193624e+26	1.706014e+26	1.2935e+26	4.125144e+25	2.572837e+26	2.914773e+26	5.226137e+25	1.239412e+25	9.397222e+24	2.9969e+24	1.869155e+25	2.11757e+25	0.4051883	9.407047e+25	0	0	0	1.582435e-24	0	9.407047e+25	0	0	0	0	0	0	0	0	0	0	0	0	0	0	6.732494e+26	0	6.732494e+26	3.043456e+26	0	3.043456e+26	1.629325e+26	0	1.629325e+26	6.086913e+26	0	6.086913e+26	1.813777e+26	0	1.813777e+26	5.810235e+26	0	5.810235e+26	2.871539e+23	1.149752e-09	0.001828168	7.044445e+10	1.383206e+10	7.783537e+10	1.823438e-06	7.107542e-12	4.282002e-18	0.5006868	0.5	0.09049298	0.9999668	105.0282	13.06079	10569.8	1.117189e+26	1.827432e+28	5.151575e+27	6.741065e+25	3.118866e+27	1.203261e+27	5.325573e+26	2.294797e+26	0.2188657	0	0.007646728	0.03560219	0.03560219	0.001424136	0.02670164	0	0	0	0	1.008605e-13	0	1.008605e-13	0	-324.4218	0	-324.4218	0	30149.85	77194.93	2335.02	8447.673	3657778	0.4653973	0.5224601	6	0.8655994	1	2	0	0.03784009	0.01233715	
24976	1412	3.45e+19	0	0	100000	2	1e-05	7.258725e+26	1.708566e+26	1.29566e+26	4.129063e+25	2.610948e+26	2.939211e+26	5.273433e+25	1.241266e+25	9.412913e+24	2.999747e+24	1.896843e+25	2.135324e+25	0.4049211	9.492179e+25	0	0	0	6.182585e-25	0	9.492179e+25	0	0	0	0	0	0	0	0	0	0	0	0	0	0	6.793422e+26	0	6.793422e+26	3.070999e+26	0	3.070999e+26	1.64407e+26	0	1.64407e+26	6.141998e+26	0	6.141998e+26	1.830191e+26	0	1.830191e+26	5.862816e+26	0	5.862816e+26	2.869869e+23	1.150361e-09	0.001830009	6.96779e+10	1.419299e+10	7.900496e+10	1.834217e-06	7.191823e-12	4.358392e-18	0.5011111	0.5	0.09110507	0.999984	105.9787	13.17899	10569.8	1.117189e+26	1.827432e+28	5.151575e+27	6.741065e+25	3.118866e+27	1.203261e+27	5.325573e+26	2.294797e+26	0.2188657	0	0.007675641	0.03560219	0.03560219	0.001424136	0.02670164	0	0	0	0	1.008605e-13	0	1.008605e-13	0	-324.4218	0	-324.4218	0	30149.85	77194.93	2356.151	8447.673	3657778	0.4653974	0.5224601	6	0.8655994	1	2	0	0.03818253	0.0124488	
25200	1412	3.45e+19	0	0	100000	2	1e-05	7.323826e+26	1.711053e+26	1.297765e+26	4.132879e+25	2.649082e+26	2.96369e+26	5.320728e+25	1.243073e+25	9.428209e+24	3.002519e+24	1.924547e+25	2.153108e+25	0.4046642	9.57731e+25	0	0	0	2.417145e-25	0	9.57731e+25	0	0	0	0	0	0	0	0	0	0	0	0	0	0	6.85435e+26	0	6.85435e+26	3.098542e+26	0	3.098542e+26	1.658815e+26	0	1.658815e+26	6.197083e+26	0	6.197083e+26	1.846606e+26	0	1.846606e+26	5.915398e+26	0	5.915398e+26	2.868245e+23	1.150954e-09	0.001831803	6.88663e+10	1.457165e+10	8.025387e+10	1.845515e-06	7.280695e-12	4.439427e-18	0.5013945	0.5	0.09171809	0.9999923	106.9292	13.29719	10569.8	1.117189e+26	1.827432e+28	5.151575e+27	6.741065e+25	3.118866e+27	1.203261e+27	5.325573e+26	2.294797e+26	0.2188657	0	0.007709492	0.03560219	0.03560219	0.001424136	0.02670164	0	0	0	0	1.008605e-13	0	1.008605e-13	0	-324.4218	0	-324.4218	0	30149.85	77194.93	2377.283	8447.673	3657778	0.4653974	0.5224601	6	0.8655994	1	2	0	0.03852498	0.01256045	
25200.01	1400.88	3.4155e+19	0	0	100000	2	1e-05	7.323828e+26	1.711053e+26	1.319194e+26	3.918596e+25	2.649084e+26	2.963691e+26	5.32073e+25	1.243073e+25	9.583886e+24	2.846843e+24	1.924548e+25	2.153109e+25	0.4046642	9.577314e+25	0	0	0	9.427943e-26	0	9.577314e+25	0	0	0	0	0	0	0	0	0	0	0	0	0	0	6.854352e+26	0	6.854352e+26	3.098543e+26	0	3.098543e+26	1.658816e+26	0	1.658816e+26	6.197086e+26	0	6.197086e+26	1.846606e+26	0	1.846606e+26	5.9154e+26	0	5.9154e+26	2.867965e+23	1.151358e-09	0.001833552	6.843956e+10	1.466251e+10	8.075429e+10	1.849346e-06	7.31095e-12	4.467129e-18	0.5003582	0.5	0.09171849	0.9999923	106.9292	13.29719	10569.8	1.117189e+26	1.827432e+28	5.151575e+27	6.741065e+25	3.118866e+27	1.203261e+27	5.325573e+26	2.294797e+26	0.2188657	0	0.00768065	0.03560219	0.03560219	0.001424136	0.02670164	0	0	0	0	7.84116e-14	0	7.84116e-14	0	-324.7991	0	-324.7991	0	30149.85	77194.93	2377.401	8447.673	3662013	0.4625429	0.5224945	6	0.8655427	1	2	0	0.0387375	0.01229041	
25200.02	1389.76	3.381e+19	0	0	100000	2	1e-05	7.323831e+26	1.711054e+26	1.33963e+26	3.714241e+25	2.649086e+26	2.963692e+26	5.320732e+25	1.243073e+25	9.732352e+24	2.69838e+24	1.924549e+25	2.15311e+25	0.4046642	9.577318e+25	0	0	0	3.6715e-26	0	9.577318e+25	0	0	0	0	0	0	0	0	0	0	0	0	0	0	6.854355e+26	0	6.854355e+26	3.098544e+26	0	3.098544e+26	1.658816e+26	0	1.658816e+26	6.197088e+26	0	6.197088e+26	1.846607e+26	0	1.846607e+26	5.915402e+26	0	5.915402e+26	2.867549e+23	1.131417e-09	0.001739672	6.815749e+10	1.47232e+10	8.10885e+10	1.851894e-06	7.331108e-12	4.485617e-18	0.4996699	0.5	0.09171851	0.9999923	106.9293	13.2972	10569.8	1.117189e+26	1.827432e+28	5.151575e+27	6.741065e+25	3.118866e+27	1.203261e+27	5.325573e+26	2.294797e+26	0.2188657	0	0.007662417	0.03560219	0.03560219	0.001424136	0.02670164	0	0	0	0	6.0762e-14	0	6.0762e-14	0	-325.1674	0	-325.1674	0	30149.85	77194.93	2377.537	8447.673	3666309	0.4595795	0.5225343	6	0.8654768	1	2	0	0.03892891	0.012041	
25200.03	1378.64	3.3465e+19	0	0	100000	2	1e-05	7.323834e+26	1.711054e+26	1.358142e+26	3.529126e+25	2.649087e+26	2.963693e+26	5.320734e+25	1.243074e+25	9.866841e+24	2.563895e+24	1.92455e+25	2.15311e+25	0.4046641	9.577322e+25	0	0	0	1.428275e-26	0	9.577322e+25	0	0	0	0	0	0	0	0	0	0	0	0	0	0	6.854358e+26	0	6.854358e+26	3.098545e+26	0	3.098545e+26	1.658817e+26	0	1.658817e+26	6.19709e+26	0	6.19709e+26	1.846608e+26	0	1.846608e+26	5.915405e+26	0	5.915405e+26	2.876427e+23	1.110523e-09	0.001650155	6.797071e+10	1.476367e+10	8.131133e+10	1.853589e-06	7.344533e-12	4.497944e-18	0.4992131	0.5	0.09171853	0.9999923	106.9293	13.2972	10569.8	1.117189e+26	1.827432e+28	5.151575e+27	6.741065e+25	3.118866e+27	1.203261e+27	5.325573e+26	2.294797e+26	0.2188657	0	0.007654994	0.03560219	0.03560219	0.001424136	0.02670164	0	0	0	0	4.69298e-14	0	4.69298e-14	0	-325.5264	0	-325.5264	0	30149.85	77194.93	2377.695	8447.673	3670667	0.4565009	0.5225805	6	0.8654005	1	2	0	0.03910105	0.01181043	
25200.04	1367.52	3.312e+19	0	0	100000	2	1e-05	7.323837e+26	1.711055e+26	1.375e+26	3.360551e+25	2.649088e+26	2.963694e+26	5.320736e+25	1.243074e+25	9.989314e+24	2.441426e+24	1.924551e+25	2.153111e+25	0.4046641	9.577325e+25	0	0	0	5.552381e-27	0	9.577325e+25	0	0	0	0	0	0	0	0	0	0	0	0	0	0	6.85436e+26	0	6.85436e+26	3.098546e+26	0	3.098546e+26	1.658818e+26	0	1.658818e+26	6.197093e+26	0	6.197093e+26	1.846608e+26	0	1.846608e+26	5.915407e+26	0	5.915407e+26	2.893296e+23	1.089909e-09	0.001569106	6.78469e+10	1.479062e+10	8.145972e+10	1.854716e-06	7.353466e-12	4.506153e-18	0.4989099	0.5	0.09171855	0.9999923	106.9293	13.29721	10569.8	1.117189e+26	1.827432e+28	5.151575e+27	6.741065e+25	3.118866e+27	1.203261e+27	5.325573e+26	2.294797e+26	0.2188657	0	0.007658584	0.03560219	0.03560219	0.001424136	0.02670164	0	0	0	0	3.612454e-14	0	3.612454e-14	0	-325.8759	0	-325.8759	0	30149.85	77194.93	2377.88	8447.673	3675086	0.4532994	0.5226345	6	0.8653114	1	2	0	0.03925554	0.01159714	
25200.05	1356.4	3.2775e+19	0	0	100000	2	1e-05	7.32384e+26	1.711056e+26	1.390497e+26	3.205581e+25	2.64909e+26	2.963695e+26	5.320738e+25	1.243075e+25	1.01019e+25	2.328841e+24	1.924552e+25	2.153111e+25	0.4046641	9.577329e+25	0	0	0	2.157519e-27	0	9.577329e+25	0	0	0	0	0	0	0	0	0	0	0	0	0	0	6.854363e+26	0	6.854363e+26	3.098548e+26	0	3.098548e+26	1.658818e+26	0	1.658818e+26	6.197095e+26	0	6.197095e+26	1.846609e+26	0	1.846609e+26	5.915409e+26	0	5.915409e+26	2.916604e+23	1.069695e-09	0.00149536	6.776475e+10	1.480856e+10	8.155848e+10	1.855465e-06	7.359409e-12	4.511616e-18	0.4987085	0.5	0.09171856	0.9999923	106.9294	13.29721	10569.8	1.117189e+26	1.827432e+28	5.151575e+27	6.741065e+25	3.118866e+27	1.203261e+27	5.325573e+26	2.294797e+26	0.2188657	0	0.007673387	0.03560219	0.03560219	0.001424136	0.02670164	0	0	0	0	2.771175e-14	0	2.771175e-14	0	-326.2158	0	-326.2158	0	30149.85	77194.93	2378.096	8447.673	3679567	0.4499664	0.5226977	6	0.8652068	1	2	0	0.03939385	0.01139973	
25200.06	1345.28	3.243e+19	0	0	100000	2	1e-05	7.323842e+26	1.711056e+26	1.404866e+26	3.061906e+25	2.649091e+26	2.963695e+26	5.32074e+25	1.243075e+25	1.020629e+25	2.224462e+24	1.924553e+25	2.153112e+25	0.404664	9.577332e+25	0	0	0	8.381331e-28	0	9.577332e+25	0	0	0	0	0	0	0	0	0	0	0	0	0	0	6.854365e+26	0	6.854365e+26	3.098549e+26	0	3.098549e+26	1.658819e+26	0	1.658819e+26	6.197097e+26	0	6.197097e+26	1.84661e+26	0	1.84661e+26	5.915411e+26	0	5.915411e+26	2.94509e+23	1.049885e-09	0.001427621	6.771022e+10	1.482049e+10	8.162416e+10	1.855963e-06	7.36336e-12	4.51525e-18	0.4985747	0.5	0.09171857	0.9999923	106.9294	13.29722	10569.8	1.117189e+26	1.827432e+28	5.151575e+27	6.741065e+25	3.118866e+27	1.203261e+27	5.325573e+26	2.294797e+26	0.2188657	0	0.0076996	0.03560219	0.03560219	0.001424136	0.02670164	0	0	0	0	2.118381e-14	0	2.118381e-14	0	-326.5458	0	-326.5458	0	30149.85	77194.93	2378.352	8447.673	3684111	0.4464919	0.5227723	6	0.8650835	1	2	0	0.03951728	0.01121698	
25200.07	1334.16	3.2085e+19	0	0	100000	2	1e-05	7.323845e+26	1.711057e+26	1.41828e+26	2.927769e+25	2.649092e+26	2.963696e+26	5.320742e+25	1.243076e+25	1.030375e+25	2.127012e+24	1.924554e+25	2.153113e+25	0.4046639	9.577336e+25	0	0	0	3.255425e-28	0	9.577336e+25	0	0	0	0	0	0	0	0	0	0	0	0	0	0	6.854368e+26	0	6.854368e+26	3.09855e+26	0	3.09855e+26	1.65882e+26	0	1.65882e+26	6.1971e+26	0	6.1971e+26	1.846611e+26	0	1.846611e+26	5.915413e+26	0	5.915413e+26	2.97776e+23	1.030475e-09	0.001364868	6.767401e+10	1.482843e+10	8.166784e+10	1.856294e-06	7.365987e-12	4.517667e-18	0.4984859	0.5	0.09171859	0.9999923	106.9295	13.29722	10569.8	1.117189e+26	1.827432e+28	5.151575e+27	6.741065e+25	3.118866e+27	1.203261e+27	5.325573e+26	2.294797e+26	0.2188657	0	0.007737415	0.03560219	0.03560219	0.001424136	0.02670164	0	0	0	0	1.613587e-14	0	1.613587e-14	0	-326.8658	0	-326.8658	0	30149.85	77194.93	2378.654	8447.673	3688718	0.4428638	0.5228607	6	0.8649372	1	2	0	0.03962699	0.01104785	
25200.08	1323.04	3.174e+19	0	0	100000	2	1e-05	7.323848e+26	1.711058e+26	1.430874e+26	2.80184e+25	2.649093e+26	2.963697e+26	5.320744e+25	1.243077e+25	1.039524e+25	2.035525e+24	1.924555e+25	2.153113e+25	0.4046639	9.577339e+25	0	0	0	1.264378e-28	0	9.577339e+25	0	0	0	0	0	0	0	0	0	0	0	0	0	0	6.85437e+26	0	6.85437e+26	3.098551e+26	0	3.098551e+26	1.65882e+26	0	1.65882e+26	6.197102e+26	0	6.197102e+26	1.846611e+26	0	1.846611e+26	5.915416e+26	0	5.915416e+26	3.013833e+23	1.011458e-09	0.001306325	6.764995e+10	1.48337e+10	8.169688e+10	1.856514e-06	7.367734e-12	4.519274e-18	0.4984268	0.5	0.0917186	0.9999923	106.9295	13.29723	10569.8	1.117189e+26	1.827432e+28	5.151575e+27	6.741065e+25	3.118866e+27	1.203261e+27	5.325573e+26	2.294797e+26	0.2188657	0	0.007787014	0.03560219	0.03560219	0.001424136	0.02670164	0	0	0	0	1.224609e-14	0	1.224609e-14	0	-327.1756	0	-327.1756	0	30149.85	77194.93	2379.015	8447.673	3693387	0.4390681	0.5229662	6	0.8647628	1	2	0	0.03972406	0.01089142	
25200.09	1311.92	3.1395e+19	0	0	100000	2	1e-05	7.32385e+26	1.711059e+26	1.442748e+26	2.683117e+25	2.649094e+26	2.963697e+26	5.320746e+25	1.243077e+25	1.04815e+25	1.949273e+24	1.924555e+25	2.153113e+25	0.4046638	9.577343e+25	0	0	0	4.910761e-29	0	9.577343e+25	0	0	0	0	0	0	0	0	0	0	0	0	0	0	6.854373e+26	0	6.854373e+26	3.098552e+26	0	3.098552e+26	1.658821e+26	0	1.658821e+26	6.197104e+26	0	6.197104e+26	1.846612e+26	0	1.846612e+26	5.915418e+26	0	5.915418e+26	3.052685e+23	9.928312e-10	0.001251402	6.763397e+10	1.483722e+10	8.171619e+10	1.85666e-06	7.368895e-12	4.520342e-18	0.4983876	0.5	0.09171861	0.9999923	106.9295	13.29723	10569.8	1.117189e+26	1.827432e+28	5.151575e+27	6.741065e+25	3.118866e+27	1.203261e+27	5.325573e+26	2.294797e+26	0.2188657	0	0.007848568	0.03560219	0.03560219	0.001424136	0.02670164	0	0	0	0	9.259504e-15	0	9.259504e-15	0	-327.4749	0	-327.4749	0	30149.85	77194.93	2379.448	8447.673	3698120	0.4350876	0.523093	6	0.8645532	1	2	0	0.03980942	0.01074691	
25200.1	1300.8	3.105e+19	0	0	100000	2	1e-05	7.323853e+26	1.711061e+26	1.453976e+26	2.570845e+25	2.649095e+26	2.963698e+26	5.320748e+25	1.243078e+25	1.056307e+25	1.867708e+24	1.924556e+25	2.153114e+25	0.4046638	9.577346e+25	0	0	0	1.907414e-29	0	9.577346e+25	0	0	0	0	0	0	0	0	0	0	0	0	0	0	6.854375e+26	0	6.854375e+26	3.098553e+26	0	3.098553e+26	1.658821e+26	0	1.658821e+26	6.197106e+26	0	6.197106e+26	1.846613e+26	0	1.846613e+26	5.91542e+26	0	5.91542e+26	3.093822e+23	9.745953e-10	0.001199656	6.762335e+10	1.483955e+10	8.172902e+10	1.856758e-06	7.369667e-12	4.521053e-18	0.4983616	0.5	0.09171861	0.9999923	106.9296	13.29724	10569.8	1.117189e+26	1.827432e+28	5.151575e+27	6.741065e+25	3.118866e+27	1.203261e+27	5.325573e+26	2.294797e+26	0.2188657	0	0.007922235	0.03560219	0.03560219	0.001424136	0.02670164	0	0	0	0	6.974771e-15	0	6.974771e-15	0	-327.7636	0	-327.7636	0	30149.85	77194.93	2379.974	8447.673	3702916	0.4309014	0.5232466	6	0.8642993	1	2	0	0.03988396	0.0106137	
25200.11	1289.68	3.0705e+19	0	0	100000	2	1e-05	7.323856e+26	1.711062e+26	1.464616e+26	2.464456e+25	2.649095e+26	2.963698e+26	5.32075e+25	1.243079e+25	1.064037e+25	1.790417e+24	1.924557e+25	2.153114e+25	0.4046637	9.57735e+25	0	0	0	7.4094e-30	0	9.57735e+25	0	0	0	0	0	0	0	0	0	0	0	0	0	0	6.854378e+26	0	6.854378e+26	3.098554e+26	0	3.098554e+26	1.658822e+26	0	1.658822e+26	6.197109e+26	0	6.197109e+26	1.846613e+26	0	1.846613e+26	5.915422e+26	0	5.915422e+26	3.136839e+23	9.567544e-10	0.001150754	6.761629e+10	1.484111e+10	8.173756e+10	1.856822e-06	7.37018e-12	4.521525e-18	0.4983443	0.5	0.09171862	0.9999923	106.9296	13.29724	10569.8	1.117189e+26	1.827432e+28	5.151575e+27	6.741065e+25	3.118866e+27	1.203261e+27	5.325573e+26	2.294797e+26	0.2188657	0	0.008008155	0.03560219	0.03560219	0.001424136	0.02670164	0	0	0	0	5.233479e-15	0	5.233479e-15	0	-328.0414	0	-328.0414	0	30149.85	77194.93	2380.616	8447.673	3707777	0.4264834	0.5234345	6	0.863989	1	2	0	0.03994847	0.01049131	
25200.12	1278.56	3.036e+19	0	0	100000	2	1e-05	7.323858e+26	1.711063e+26	1.474711e+26	2.363522e+25	2.649096e+26	2.963699e+26	5.320752e+25	1.24308e+25	1.071371e+25	1.717088e+24	1.924557e+25	2.153115e+25	0.4046636	9.577353e+25	0	0	0	2.878572e-30	0	9.577353e+25	0	0	0	0	0	0	0	0	0	0	0	0	0	0	6.85438e+26	0	6.85438e+26	3.098555e+26	0	3.098555e+26	1.658823e+26	0	1.658823e+26	6.197111e+26	0	6.197111e+26	1.846614e+26	0	1.846614e+26	5.915424e+26	0	5.915424e+26	3.181407e+23	9.393157e-10	0.001104441	6.76116e+10	1.484214e+10	8.174323e+10	1.856865e-06	7.370522e-12	4.521839e-18	0.4983328	0.5	0.09171863	0.9999923	106.9297	13.29724	10569.8	1.117189e+26	1.827432e+28	5.151575e+27	6.741065e+25	3.118866e+27	1.203261e+27	5.325573e+26	2.294797e+26	0.2188657	0	0.008106444	0.03560219	0.03560219	0.001424136	0.02670164	0	0	0	0	3.911421e-15	0	3.911421e-15	0	-328.3081	0	-328.3081	0	30149.85	77194.93	2381.41	8447.673	3712701	0.4218007	0.5236667	6	0.8636057	1	2	0	0.04000372	0.01037943	
25200.13	1267.44	3.0015e+19	0	0	100000	2	1e-05	7.323861e+26	1.711064e+26	1.484293e+26	2.267717e+25	2.649097e+26	2.963699e+26	5.320754e+25	1.243081e+25	1.078332e+25	1.647487e+24	1.924558e+25	2.153115e+25	0.4046635	9.577356e+25	0	0	0	1.118509e-30	0	9.577356e+25	0	0	0	0	0	0	0	0	0	0	0	0	0	0	6.854382e+26	0	6.854382e+26	3.098556e+26	0	3.098556e+26	1.658823e+26	0	1.658823e+26	6.197113e+26	0	6.197113e+26	1.846614e+26	0	1.846614e+26	5.915426e+26	0	5.915426e+26	3.227251e+23	9.222894e-10	0.00106053	6.760847e+10	1.484283e+10	8.174701e+10	1.856894e-06	7.370749e-12	4.522048e-18	0.4983251	0.5	0.09171864	0.9999923	106.9297	13.29725	10569.8	1.117189e+26	1.827432e+28	5.151575e+27	6.741065e+25	3.118866e+27	1.203261e+27	5.325573e+26	2.294797e+26	0.2188657	0	0.008217197	0.03560219	0.03560219	0.001424136	0.02670164	0	0	0	0	2.911566e-15	0	2.911566e-15	0	-328.5635	0	-328.5635	0	30149.85	77194.93	2382.402	8447.673	3717690	0.4168103	0.5239572	6	0.8631265	1	2	0	0.04005039	0.01027796	
25200.14	1256.32	2.967e+19	0	0	100000	2	1e-05	7.323863e+26	1.711066e+26	1.493386e+26	2.176796e+25	2.649098e+26	2.9637e+26	5.320755e+25	1.243082e+25	1.084939e+25	1.581433e+24	1.924558e+25	2.153115e+25	0.4046635	9.57736e+25	0	0	0	4.346924e-31	0	9.57736e+25	0	0	0	0	0	0	0	0	0	0	0	0	0	0	6.854385e+26	0	6.854385e+26	3.098558e+26	0	3.098558e+26	1.658824e+26	0	1.658824e+26	6.197115e+26	0	6.197115e+26	1.846615e+26	0	1.846615e+26	5.915428e+26	0	5.915428e+26	3.274136e+23	9.056881e-10	0.001018876	6.76064e+10	1.484329e+10	8.174952e+10	1.856913e-06	7.3709e-12	4.522188e-18	0.49832	0.5	0.09171864	0.9999923	106.9297	13.29725	10569.8	1.117189e+26	1.827432e+28	5.151575e+27	6.741065e+25	3.118866e+27	1.203261e+27	5.325573e+26	2.294797e+26	0.2188657	0	0.008340479	0.03560219	0.03560219	0.001424136	0.02670164	0	0	0	0	2.15839e-15	0	2.15839e-15	0	-328.8073	0	-328.8073	0	30149.85	77194.93	2383.663	8447.673	3722744	0.4114549	0.524326	6	0.8625191	1	2	0	0.04008918	0.0101871	
25200.15	1245.2	2.9325e+19	0	0	100000	2	1e-05	7.323866e+26	1.711067e+26	1.502011e+26	2.090566e+25	2.649098e+26	2.9637e+26	5.320757e+25	1.243083e+25	1.091204e+25	1.518788e+24	1.924559e+25	2.153116e+25	0.4046634	9.577363e+25	0	0	0	1.689719e-31	0	9.577363e+25	0	0	0	0	0	0	0	0	0	0	0	0	0	0	6.854387e+26	0	6.854387e+26	3.098559e+26	0	3.098559e+26	1.658824e+26	0	1.658824e+26	6.197117e+26	0	6.197117e+26	1.846616e+26	0	1.846616e+26	5.91543e+26	0	5.91543e+26	3.321858e+23	8.895262e-10	0.0009793681	6.760502e+10	1.48436e+10	8.175119e+10	1.856926e-06	7.371001e-12	4.52228e-18	0.4983167	0.5	0.09171865	0.9999923	106.9298	13.29726	10569.8	1.117189e+26	1.827432e+28	5.151575e+27	6.741065e+25	3.118866e+27	1.203261e+27	5.325573e+26	2.294797e+26	0.2188657	0	0.008476323	0.03560219	0.03560219	0.001424136	0.02670164	0	0	0	0	1.593334e-15	0	1.593334e-15	0	-329.0393	0	-329.0393	0	30149.85	77194.93	2385.29	8447.673	3727863	0.4056552	0.5248021	6	0.8617361	1	2	0	0.04012076	0.01010742	
25200.16	1234.08	2.898e+19	0	0	100000	2	1e-05	7.323868e+26	1.711069e+26	1.510181e+26	2.008878e+25	2.649099e+26	2.963701e+26	5.320759e+25	1.243084e+25	1.09714e+25	1.459441e+24	1.924559e+25	2.153116e+25	0.4046633	9.577366e+25	0	0	0	6.569723e-32	0	9.577366e+25	0	0	0	0	0	0	0	0	0	0	0	0	0	0	6.854389e+26	0	6.854389e+26	3.09856e+26	0	3.09856e+26	1.658825e+26	0	1.658825e+26	6.197119e+26	0	6.197119e+26	1.846616e+26	0	1.846616e+26	5.915432e+26	0	5.915432e+26	3.37024e+23	8.738199e-10	0.0009419224	6.760409e+10	1.48438e+10	8.175231e+10	1.856934e-06	7.371069e-12	4.522342e-18	0.4983144	0.5	0.09171866	0.9999923	106.9298	13.29726	10569.8	1.117189e+26	1.827432e+28	5.151575e+27	6.741065e+25	3.118866e+27	1.203261e+27	5.325573e+26	2.294797e+26	0.2188657	0	0.008624727	0.03560219	0.03560219	0.001424136	0.02670164	0	0	0	0	1.171166e-15	0	1.171166e-15	0	-329.2593	0	-329.2593	0	30149.85	77194.93	2387.431	8447.673	3733047	0.3992991	0.5254289	6	0.8607073	1	2	0	0.04014588	0.01004009	
25200.17	1222.96	2.8635e+19	0	0	100000	2	1e-05	7.323871e+26	1.71107e+26	1.517909e+26	1.931608e+25	2.649099e+26	2.963701e+26	5.320761e+25	1.243085e+25	1.102755e+25	1.403305e+24	1.924559e+25	2.153116e+25	0.4046632	9.577369e+25	0	0	0	2.554988e-32	0	9.577369e+25	0	0	0	0	0	0	0	0	0	0	0	0	0	0	6.854392e+26	0	6.854392e+26	3.098561e+26	0	3.098561e+26	1.658825e+26	0	1.658825e+26	6.197121e+26	0	6.197121e+26	1.846617e+26	0	1.846617e+26	5.915434e+26	0	5.915434e+26	3.419117e+23	8.58586e-10	0.0009064713	6.760348e+10	1.484394e+10	8.175305e+10	1.85694e-06	7.371114e-12	4.522384e-18	0.4983129	0.5	0.09171866	0.9999923	106.9298	13.29727	10569.8	1.117189e+26	1.827432e+28	5.151575e+27	6.741065e+25	3.118866e+27	1.203261e+27	5.325573e+26	2.294797e+26	0.2188657	0	0.00878565	0.03560219	0.03560219	0.001424136	0.02670164	0	0	0	0	8.570867e-16	0	8.570867e-16	0	-329.4669	0	-329.4669	0	30149.85	77194.93	2390.315	8447.673	3738297	0.3922201	0.5262729	6	0.8593258	1	2	0	0.04016535	0.009987149	
25200.18	1211.84	2.829e+19	0	0	100000	2	1e-05	7.323873e+26	1.711072e+26	1.525207e+26	1.858652e+25	2.6491e+26	2.963701e+26	5.320762e+25	1.243086e+25	1.108056e+25	1.350303e+24	1.92456e+25	2.153116e+25	0.4046631	9.577372e+25	0	0	0	9.939144e-33	0	9.577372e+25	0	0	0	0	0	0	0	0	0	0	0	0	0	0	6.854394e+26	0	6.854394e+26	3.098562e+26	0	3.098562e+26	1.658826e+26	0	1.658826e+26	6.197123e+26	0	6.197123e+26	1.846618e+26	0	1.846618e+26	5.915436e+26	0	5.915436e+26	3.468341e+23	8.438424e-10	0.0008729603	6.760307e+10	1.484404e+10	8.175355e+10	1.856944e-06	7.371144e-12	4.522411e-18	0.4983119	0.5	0.09171867	0.9999923	106.9299	13.29727	10569.8	1.117189e+26	1.827432e+28	5.151575e+27	6.741065e+25	3.118866e+27	1.203261e+27	5.325573e+26	2.294797e+26	0.2188657	0	0.008959007	0.03560219	0.03560219	0.001424136	0.02670164	0	0	0	0	6.24432e-16	0	6.24432e-16	0	-329.662	0	-329.662	0	30149.85	77194.93	2437.806	8447.673	3743613	0.3514447	0.5468765	5.926491	0.8269361	1	2	0	0.04017717	0.009926547	
25200.19	1200.72	2.7945e+19	0	0	100000	2	1e-05	7.323875e+26	1.711073e+26	1.532082e+26	1.789917e+25	2.6491e+26	2.963702e+26	5.320764e+25	1.243087e+25	1.113051e+25	1.300367e+24	1.92456e+25	2.153117e+25	0.404663	9.577375e+25	0	0	0	3.867552e-33	0	9.577375e+25	0	0	0	0	0	0	0	0	0	0	0	0	0	0	6.854396e+26	0	6.854396e+26	3.098563e+26	0	3.098563e+26	1.658826e+26	0	1.658826e+26	6.197125e+26	0	6.197125e+26	1.846618e+26	0	1.846618e+26	5.915438e+26	0	5.915438e+26	3.517772e+23	8.296066e-10	0.0008413427	6.760279e+10	1.48441e+10	8.175388e+10	1.856946e-06	7.371164e-12	4.52243e-18	0.4983113	0.5	0.09171867	0.9999923	106.9299	13.29728	10569.8	1.117189e+26	1.827432e+28	5.151575e+27	6.741065e+25	3.118866e+27	1.203261e+27	5.325573e+26	2.294797e+26	0.2188657	0	0.009144668	0.03560219	0.03560219	0.001424136	0.02670164	0	0	0	0	4.528529e-16	0	4.528529e-16	0	-329.8442	0	-329.8442	0	30149.85	77194.93	2543.378	8447.673	3748996	0.2452354	0.5932942	5.775248	0.7621935	1	2	0	0.04018025	0.009846191	
25200.2	1189.6	2.76e+19	0	0	100000	2	1e-05	7.323878e+26	1.711075e+26	1.538543e+26	1.725316e+25	2.649101e+26	2.963702e+26	5.320766e+25	1.243089e+25	1.117745e+25	1.253435e+24	1.92456e+25	2.153117e+25	0.4046629	9.577378e+25	0	0	0	1.505425e-33	0	9.577378e+25	0	0	0	0	0	0	0	0	0	0	0	0	0	0	6.854398e+26	0	6.854398e+26	3.098564e+26	0	3.098564e+26	1.658827e+26	0	1.658827e+26	6.197127e+26	0	6.197127e+26	1.846619e+26	0	1.846619e+26	5.91544e+26	0	5.91544e+26	3.567276e+23	8.158961e-10	0.0008115773	6.760261e+10	1.484414e+10	8.17541e+10	1.856948e-06	7.371177e-12	4.522442e-18	0.4983108	0.5	0.09171867	0.9999923	106.9299	13.29728	10569.8	1.117189e+26	1.827432e+28	5.151575e+27	6.741065e+25	3.118866e+27	1.203261e+27	5.325573e+26	2.294797e+26	0.2188657	0	0.009342453	0.03560219	0.03560219	0.001424136	0.02670164	0	0	0	0	3.268869e-16	0	3.268869e-16	0	-330.0132	0	-330.0132	0	30149.85	77194.93	2632.13	8447.673	3754446	0.1517879	0.6323017	5.665221	0.7151155	1	2	0	0.04017788	0.009770768	
25200.21	1178.48	2.7255e+19	0	0	100000	2	1e-05	7.32388e+26	1.711077e+26	1.5446e+26	1.664762e+25	2.649101e+26	2.963702e+26	5.320767e+25	1.24309e+25	1.122146e+25	1.209443e+24	1.924561e+25	2.153117e+25	0.4046628	9.577381e+25	0	0	0	5.86173e-34	0	9.577381e+25	0	0	0	0	0	0	0	0	0	0	0	0	0	0	6.8544e+26	0	6.8544e+26	3.098565e+26	0	3.098565e+26	1.658828e+26	0	1.658828e+26	6.197129e+26	0	6.197129e+26	1.846619e+26	0	1.846619e+26	5.915441e+26	0	5.915441e+26	3.616726e+23	8.027273e-10	0.0007836251	6.760248e+10	1.484417e+10	8.175425e+10	1.856949e-06	7.371187e-12	4.522451e-18	0.4983105	0.5	0.09171868	0.9999923	106.93	13.29728	10569.8	1.117189e+26	1.827432e+28	5.151575e+27	6.741065e+25	3.118866e+27	1.203261e+27	5.325573e+26	2.294797e+26	0.2188657	0	0.009552131	0.03560219	0.03560219	0.001424136	0.02670164	0	0	0	0	2.348342e-16	0	2.348342e-16	0	-330.1689	0	-330.1689	0	30149.85	77194.93	2689.252	8447.673	3759963	0.1204021	0.657433	5.601154	0.687754	1	2	0	0.0401704	0.009699927	
25200.22	1167.36	2.691e+19	0	0	100000	2	1e-05	7.323882e+26	1.711078e+26	1.550261e+26	1.608168e+25	2.649102e+26	2.963702e+26	5.320769e+25	1.243091e+25	1.126258e+25	1.168327e+24	1.924561e+25	2.153117e+25	0.4046628	9.577384e+25	0	0	0	2.283203e-34	0	9.577384e+25	0	0	0	0	0	0	0	0	0	0	0	0	0	0	6.854403e+26	0	6.854403e+26	3.098566e+26	0	3.098566e+26	1.658828e+26	0	1.658828e+26	6.197131e+26	0	6.197131e+26	1.84662e+26	0	1.84662e+26	5.915443e+26	0	5.915443e+26	3.665995e+23	7.901158e-10	0.0007574478	6.76024e+10	1.484419e+10	8.175435e+10	1.85695e-06	7.371193e-12	4.522457e-18	0.4983103	0.5	0.09171868	0.9999923	106.93	13.29729	10569.8	1.117189e+26	1.827432e+28	5.151575e+27	6.741065e+25	3.118866e+27	1.203261e+27	5.325573e+26	2.294797e+26	0.2188657	0	0.009773415	0.03560219	0.03560219	0.001424136	0.02670164	0	0	0	0	1.678815e-16	0	1.678815e-16	0	-330.3108	0	-330.3108	0	30149.85	77194.93	2734.426	8447.673	3765547	0.1004043	0.6794096	5.536681	0.66549	1	2	0.008990807	0.04061878	0	
25200.23	1156.24	2.6565e+19	0	0	100000	2	1e-05	7.323884e+26	1.71108e+26	1.555536e+26	1.55544e+25	2.649102e+26	2.963703e+26	5.320771e+25	1.243092e+25	1.13009e+25	1.130021e+24	1.924561e+25	2.153117e+25	0.4046627	9.577387e+25	0	0	0	8.896576e-35	0	9.577387e+25	0	0	0	0	0	0	0	0	0	0	0	0	0	0	6.854405e+26	0	6.854405e+26	3.098566e+26	0	3.098566e+26	1.658829e+26	0	1.658829e+26	6.197133e+26	0	6.197133e+26	1.84662e+26	0	1.84662e+26	5.915445e+26	0	5.915445e+26	3.714965e+23	7.780751e-10	0.0007330064	6.760234e+10	1.484421e+10	8.175442e+10	1.85695e-06	7.371197e-12	4.522461e-18	0.4983102	0.5	0.09171869	0.9999923	106.93	13.29729	10569.8	1.117189e+26	1.827432e+28	5.151575e+27	6.741065e+25	3.118866e+27	1.203261e+27	5.325573e+26	2.294797e+26	0.2188657	0	0.01000596	0.03560219	0.03560219	0.001424136	0.02670164	0	0	0	0	1.194192e-16	0	1.194192e-16	0	-330.4387	0	-330.4387	0	30149.85	77194.93	2780.389	8447.673	3771200	0.08547858	0.6995884	5.492326	0.6462812	1	2	0.008977335	0.04055792	0	
25200.24	1145.12	2.622e+19	0	0	100000	2	1e-05	7.323887e+26	1.711081e+26	1.560433e+26	1.506481e+25	2.649102e+26	2.963703e+26	5.320772e+25	1.243093e+25	1.133648e+25	1.094452e+24	1.924562e+25	2.153117e+25	0.4046626	9.57739e+25	0	0	0	3.467915e-35	0	9.57739e+25	0	0	0	0	0	0	0	0	0	0	0	0	0	0	6.854407e+26	0	6.854407e+26	3.098567e+26	0	3.098567e+26	1.658829e+26	0	1.658829e+26	6.197135e+26	0	6.197135e+26	1.846621e+26	0	1.846621e+26	5.915447e+26	0	5.915447e+26	3.763516e+23	7.666168e-10	0.00071026	6.76023e+10	1.484422e+10	8.175447e+10	1.856951e-06	7.371201e-12	4.522464e-18	0.4983101	0.5	0.09171869	0.9999923	106.9301	13.2973	10569.8	1.117189e+26	1.827432e+28	5.151575e+27	6.741065e+25	3.118866e+27	1.203261e+27	5.325573e+26	2.294797e+26	0.2188657	0	0.01024938	0.03560219	0.03560219	0.001424136	0.02670164	0	0	0	0	8.451371e-17	0	8.451371e-17	0	-330.5522	0	-330.5522	0	30149.85	77194.93	2823.338	8447.673	3776920	0.07360895	0.7184446	5.453133	0.6293079	1	2	0.00896374	0.0404965	0	
25200.25	1134	2.5875e+19	0	0	100000	2	1e-05	7.323889e+26	1.711083e+26	1.564965e+26	1.461183e+25	2.649103e+26	2.963703e+26	5.320774e+25	1.243095e+25	1.13694e+25	1.061543e+24	1.924562e+25	2.153118e+25	0.4046625	9.577393e+25	0	0	0	1.352347e-35	0	9.577393e+25	0	0	0	0	0	0	0	0	0	0	0	0	0	0	6.854409e+26	0	6.854409e+26	3.098568e+26	0	3.098568e+26	1.65883e+26	0	1.65883e+26	6.197137e+26	0	6.197137e+26	1.846622e+26	0	1.846622e+26	5.915449e+26	0	5.915449e+26	3.811533e+23	7.557502e-10	0.0006891649	6.760227e+10	1.484423e+10	8.175451e+10	1.856951e-06	7.371203e-12	4.522466e-18	0.4983101	0.5	0.09171869	0.9999923	106.9301	13.2973	10569.8	1.117189e+26	1.827432e+28	5.151575e+27	6.741065e+25	3.118866e+27	1.203261e+27	5.325573e+26	2.294797e+26	0.2188657	0	0.01050319	0.03560219	0.03560219	0.001424136	0.02670164	0	0	0	0	5.949919e-17	0	5.949919e-17	0	-330.6511	0	-330.6511	0	30149.85	77194.93	2863.848	8447.673	3782709	0.06387022	0.7362304	5.418007	0.6140959	1	2	0.008950024	0.04043453	0	
25200.26	1122.88	2.553e+19	0	0	100000	2	1e-05	7.323891e+26	1.711085e+26	1.569141e+26	1.419434e+25	2.649103e+26	2.963703e+26	5.320775e+25	1.243096e+25	1.139974e+25	1.031213e+24	1.924562e+25	2.153118e+25	0.4046624	9.577396e+25	0	0	0	5.275808e-36	0	9.577396e+25	0	0	0	0	0	0	0	0	0	0	0	0	0	0	6.854411e+26	0	6.854411e+26	3.098569e+26	0	3.098569e+26	1.65883e+26	0	1.65883e+26	6.197139e+26	0	6.197139e+26	1.846622e+26	0	1.846622e+26	5.91545e+26	0	5.91545e+26	3.858905e+23	7.454817e-10	0.0006696744	6.760225e+10	1.484423e+10	8.175453e+10	1.856951e-06	7.371204e-12	4.522467e-18	0.49831	0.5	0.09171869	0.9999923	106.9301	13.2973	10569.8	1.117189e+26	1.827432e+28	5.151575e+27	6.741065e+25	3.118866e+27	1.203261e+27	5.325573e+26	2.294797e+26	0.2188657	0	0.0107669	0.03560219	0.03560219	0.001424136	0.02670164	0	0	0	0	4.166527e-17	0	4.166527e-17	0	-330.735	0	-330.735	0	30149.85	77194.93	2902.304	8447.673	3788568	0.05575151	0.753115	5.386198	0.6003203	1	2	0.008936187	0.04037202	0	
25200.27	1111.76	2.5185e+19	0	0	100000	2	1e-05	7.323893e+26	1.711086e+26	1.572975e+26	1.381111e+25	2.649103e+26	2.963703e+26	5.320777e+25	1.243097e+25	1.14276e+25	1.003371e+24	1.924562e+25	2.153118e+25	0.4046623	9.577399e+25	0	0	0	2.059098e-36	0	9.577399e+25	0	0	0	0	0	0	0	0	0	0	0	0	0	0	6.854413e+26	0	6.854413e+26	3.09857e+26	0	3.09857e+26	1.65883e+26	0	1.65883e+26	6.19714e+26	0	6.19714e+26	1.846623e+26	0	1.846623e+26	5.915452e+26	0	5.915452e+26	3.905525e+23	7.358147e-10	0.0006517384	6.760224e+10	1.484424e+10	8.175455e+10	1.856951e-06	7.371206e-12	4.522468e-18	0.49831	0.5	0.0917187	0.9999923	106.9302	13.29731	10569.8	1.117189e+26	1.827432e+28	5.151575e+27	6.741065e+25	3.118866e+27	1.203261e+27	5.325573e+26	2.294797e+26	0.2188657	0	0.01103992	0.03560219	0.03560219	0.001424136	0.02670164	0	0	0	0	2.90177e-17	0	2.90177e-17	0	-330.8035	0	-330.8035	0	30149.85	77194.93	2939.011	8447.673	3794496	0.04893706	0.7692319	5.35714	0.5877359	1	2	0.00892223	0.04030896	0	
25200.28	1100.64	2.484e+19	0	0	100000	2	1e-05	7.323895e+26	1.711088e+26	1.576479e+26	1.346084e+25	2.649104e+26	2.963704e+26	5.320779e+25	1.243098e+25	1.145306e+25	9.779243e+23	1.924562e+25	2.153118e+25	0.4046622	9.577401e+25	0	0	0	8.040042e-37	0	9.577401e+25	0	0	0	0	0	0	0	0	0	0	0	0	0	0	6.854415e+26	0	6.854415e+26	3.098571e+26	0	3.098571e+26	1.658831e+26	0	1.658831e+26	6.197142e+26	0	6.197142e+26	1.846623e+26	0	1.846623e+26	5.915454e+26	0	5.915454e+26	3.951288e+23	7.267493e-10	0.0006353033	6.760223e+10	1.484424e+10	8.175456e+10	1.856952e-06	7.371207e-12	4.522469e-18	0.49831	0.5	0.0917187	0.9999923	106.9302	13.29731	10569.8	1.117189e+26	1.827432e+28	5.151575e+27	6.741065e+25	3.118866e+27	1.203261e+27	5.325573e+26	2.294797e+26	0.2188657	0	0.01132161	0.03560219	0.03560219	0.001424136	0.02670164	0	0	0	0	2.00966e-17	0	2.00966e-17	0	-330.8563	0	-330.8563	0	30149.85	77194.93	2974.237	8447.673	3800493	0.04321687	0.7846993	5.330376	0.5761454	1	2	0.008908152	0.04024536	0	
25200.29	1089.52	2.4495e+19	0	0	100000	2	1e-05	7.323897e+26	1.711089e+26	1.579668e+26	1.314216e+25	2.649104e+26	2.963704e+26	5.32078e+25	1.243099e+25	1.147622e+25	9.547724e+23	1.924563e+25	2.153118e+25	0.4046621	9.577404e+25	0	0	0	3.140785e-37	0	9.577404e+25	0	0	0	0	0	0	0	0	0	0	0	0	0	0	6.854417e+26	0	6.854417e+26	3.098572e+26	0	3.098572e+26	1.658831e+26	0	1.658831e+26	6.197144e+26	0	6.197144e+26	1.846624e+26	0	1.846624e+26	5.915455e+26	0	5.915455e+26	3.996097e+23	7.182823e-10	0.0006203119	6.760222e+10	1.484425e+10	8.175457e+10	1.856952e-06	7.371207e-12	4.52247e-18	0.49831	0.5	0.0917187	0.9999923	106.9302	13.29732	10569.8	1.117189e+26	1.827432e+28	5.151575e+27	6.741065e+25	3.118866e+27	1.203261e+27	5.325573e+26	2.294797e+26	0.2188657	0	0.0116113	0.03560219	0.03560219	0.001424136	0.02670164	0	0	0	0	1.383873e-17	0	1.383873e-17	0	-330.8931	0	-330.8931	0	30149.85	77194.93	3008.243	8447.673	3806561	0.03844618	0.7996319	5.305521	0.5653816	1	2	0.008893955	0.04018122	0	
25200.3	1078.4	2.415e+19	0	0	100000	2	1e-05	7.323899e+26	1.711091e+26	1.582555e+26	1.285363e+25	2.649104e+26	2.963704e+26	5.320782e+25	1.2431e+25	1.149719e+25	9.338105e+23	1.924563e+25	2.153118e+25	0.404662	9.577407e+25	0	0	0	1.2275e-37	0	9.577407e+25	0	0	0	0	0	0	0	0	0	0	0	0	0	0	6.854419e+26	0	6.854419e+26	3.098573e+26	0	3.098573e+26	1.658832e+26	0	1.658832e+26	6.197146e+26	0	6.197146e+26	1.846624e+26	0	1.846624e+26	5.915457e+26	0	5.915457e+26	4.039861e+23	7.10407e-10	0.0006067038	6.760221e+10	1.484425e+10	8.175458e+10	1.856952e-06	7.371208e-12	4.522471e-18	0.49831	0.5	0.09171871	0.9999923	106.9303	13.29732	10569.8	1.117189e+26	1.827432e+28	5.151575e+27	6.741065e+25	3.118866e+27	1.203261e+27	5.325573e+26	2.294797e+26	0.2188657	0	0.01190824	0.03560219	0.03560219	0.001424136	0.02670164	0	0	0	0	9.473821e-18	0	9.473821e-18	0	-330.9134	0	-330.9134	0	30149.85	77194.93	3041.302	8447.673	3812699	0.03452708	0.8141489	5.282234	0.5552965	1	2	0.008879638	0.04011654	0	
25200.31	1067.28	2.3805e+19	0	0	100000	2	1e-05	7.323901e+26	1.711093e+26	1.585155e+26	1.259374e+25	2.649104e+26	2.963704e+26	5.320783e+25	1.243102e+25	1.151609e+25	9.149296e+23	1.924563e+25	2.153118e+25	0.4046619	9.577409e+25	0	0	0	4.799684e-38	0	9.577409e+25	0	0	0	0	0	0	0	0	0	0	0	0	0	0	6.85442e+26	0	6.85442e+26	3.098574e+26	0	3.098574e+26	1.658832e+26	0	1.658832e+26	6.197147e+26	0	6.197147e+26	1.846625e+26	0	1.846625e+26	5.915459e+26	0	5.915459e+26	4.082494e+23	7.031135e-10	0.0005944158	6.760221e+10	1.484425e+10	8.175459e+10	1.856952e-06	7.371208e-12	4.522471e-18	0.49831	0.5	0.09171871	0.9999923	106.9303	13.29732	10569.8	1.117189e+26	1.827432e+28	5.151575e+27	6.741065e+25	3.118866e+27	1.203261e+27	5.325573e+26	2.294797e+26	0.2188657	0	0.01221165	0.03560219	0.03560219	0.001424136	0.02670164	0	0	0	0	6.446872e-18	0	6.446872e-18	0	-330.9168	0	-330.9168	0	30149.85	77194.93	3073.719	8447.673	3818909	0.03140351	0.8283845	5.260192	0.5457508	1	2	0.008865203	0.04005132	0	
25200.32	1056.16	2.346e+19	0	0	100000	2	1e-05	7.323903e+26	1.711094e+26	1.587485e+26	1.236094e+25	2.649105e+26	2.963704e+26	5.320784e+25	1.243103e+25	1.153301e+25	8.980172e+23	1.924563e+25	2.153119e+25	0.4046619	9.577412e+25	0	0	0	1.877653e-38	0	9.577412e+25	0	0	0	0	0	0	0	0	0	0	0	0	0	0	6.854422e+26	0	6.854422e+26	3.098574e+26	0	3.098574e+26	1.658833e+26	0	1.658833e+26	6.197149e+26	0	6.197149e+26	1.846625e+26	0	1.846625e+26	5.91546e+26	0	5.91546e+26	4.123919e+23	6.963882e-10	0.000583382	6.76022e+10	1.484426e+10	8.175459e+10	1.856952e-06	7.371209e-12	4.522471e-18	0.49831	0.5	0.09171871	0.9999923	106.9303	13.29733	10569.8	1.117189e+26	1.827432e+28	5.151575e+27	6.741065e+25	3.118866e+27	1.203261e+27	5.325573e+26	2.294797e+26	0.2188657	0	0.01252068	0.03560219	0.03560219	0.001424136	0.02670164	0	0	0	0	4.360192e-18	0	4.360192e-18	0	-330.903	0	-330.903	0	30149.85	77194.93	3105.865	8447.673	3825189	0.02906938	0.8425022	5.239069	0.5366033	1	2	0.008850648	0.03998557	0	
25200.33	1045.04	2.3115e+19	0	0	100000	2	1e-05	7.323905e+26	1.711096e+26	1.589559e+26	1.215366e+25	2.649105e+26	2.963704e+26	5.320786e+25	1.243104e+25	1.154808e+25	8.829579e+23	1.924563e+25	2.153119e+25	0.4046618	9.577414e+25	0	0	0	7.349076e-39	0	9.577414e+25	0	0	0	0	0	0	0	0	0	0	0	0	0	0	6.854424e+26	0	6.854424e+26	3.098575e+26	0	3.098575e+26	1.658833e+26	0	1.658833e+26	6.197151e+26	0	6.197151e+26	1.846626e+26	0	1.846626e+26	5.915462e+26	0	5.915462e+26	4.164069e+23	6.902148e-10	0.0005735343	6.76022e+10	1.484426e+10	8.17546e+10	1.856952e-06	7.371209e-12	4.522472e-18	0.49831	0.5	0.09171871	0.9999923	106.9303	13.29733	10569.8	1.117189e+26	1.827432e+28	5.151575e+27	6.741065e+25	3.118866e+27	1.203261e+27	5.325573e+26	2.294797e+26	0.2188657	0	0.01283448	0.03560219	0.03560219	0.001424136	0.02670164	0	0	0	0	2.930423e-18	0	2.930423e-18	0	-330.8716	0	-330.8716	0	30149.85	77194.93	3138.243	8447.673	3831542	0.0275979	0.8567226	5.218499	0.5276947	1	2	0.008835977	0.03991929	0	
25200.34	1033.92	2.277e+19	0	0	100000	2	1e-05	7.323907e+26	1.711097e+26	1.591395e+26	1.197027e+25	2.649105e+26	2.963705e+26	5.320787e+25	1.243105e+25	1.156141e+25	8.696349e+23	1.924564e+25	2.153119e+25	0.4046617	9.577417e+25	0	0	0	2.877845e-39	0	9.577417e+25	0	0	0	0	0	0	0	0	0	0	0	0	0	0	6.854426e+26	0	6.854426e+26	3.098576e+26	0	3.098576e+26	1.658834e+26	0	1.658834e+26	6.197152e+26	0	6.197152e+26	1.846626e+26	0	1.846626e+26	5.915463e+26	0	5.915463e+26	4.202883e+23	6.84574e-10	0.0005648032	6.760219e+10	1.484426e+10	8.17546e+10	1.856952e-06	7.37121e-12	4.522472e-18	0.49831	0.5	0.09171871	0.9999923	106.9304	13.29733	10569.8	1.117189e+26	1.827432e+28	5.151575e+27	6.741065e+25	3.118866e+27	1.203261e+27	5.325573e+26	2.294797e+26	0.2188657	0	0.01315213	0.03560219	0.03560219	0.001424136	0.02670164	0	0	0	0	1.956847e-18	0	1.956847e-18	0	-330.822	0	-330.822	0	30149.85	77194.93	3171.61	8447.673	3837967	0.02721649	0.8713788	5.198002	0.5188182	1	2	0.008821187	0.03985247	0	
25200.35	1022.8	2.2425e+19	0	0	100000	2	1e-05	7.323909e+26	1.711099e+26	1.593007e+26	1.180916e+25	2.649105e+26	2.963705e+26	5.320789e+25	1.243106e+25	1.157313e+25	8.579304e+23	1.924564e+25	2.153119e+25	0.4046616	9.577419e+25	0	0	0	1.127512e-39	0	9.577419e+25	0	0	0	0	0	0	0	0	0	0	0	0	0	0	6.854428e+26	0	6.854428e+26	3.098577e+26	0	3.098577e+26	1.658834e+26	0	1.658834e+26	6.197154e+26	0	6.197154e+26	1.846627e+26	0	1.846627e+26	5.915465e+26	0	5.915465e+26	4.240311e+23	6.79444e-10	0.0005571181	6.760219e+10	1.484426e+10	8.175461e+10	1.856952e-06	7.37121e-12	4.522473e-18	0.49831	0.5	0.09171872	0.9999923	106.9304	13.29734	10569.8	1.117189e+26	1.827432e+28	5.151575e+27	6.741065e+25	3.118866e+27	1.203261e+27	5.325573e+26	2.294797e+26	0.2188657	0	0.01347271	0.03560219	0.03560219	0.001424136	0.02670164	0	0	0	0	1.298126e-18	0	1.298126e-18	0	-330.7539	0	-330.7539	0	30149.85	77194.93	3207.127	8447.673	3844465	0.02842655	0.8869814	5.176929	0.509692	1	2	0.00880628	0.03978513	0	
25200.36	1011.68	2.208e+19	0	0	100000	2	1e-05	7.323911e+26	1.7111e+26	1.594413e+26	1.166871e+25	2.649106e+26	2.963705e+26	5.32079e+25	1.243107e+25	1.158334e+25	8.477269e+23	1.924564e+25	2.153119e+25	0.4046615	9.577422e+25	0	0	0	4.419726e-40	0	9.577422e+25	0	0	0	0	0	0	0	0	0	0	0	0	0	0	6.854429e+26	0	6.854429e+26	3.098578e+26	0	3.098578e+26	1.658835e+26	0	1.658835e+26	6.197155e+26	0	6.197155e+26	1.846627e+26	0	1.846627e+26	5.915466e+26	0	5.915466e+26	4.276314e+23	6.748007e-10	0.0005504081	6.760219e+10	1.484427e+10	8.175461e+10	1.856952e-06	7.37121e-12	4.522473e-18	0.49831	0.5	0.09171872	0.9999923	106.9304	13.29734	10569.8	1.117189e+26	1.827432e+28	5.151575e+27	6.741065e+25	3.118866e+27	1.203261e+27	5.325573e+26	2.294797e+26	0.2188657	0	0.01379527	0.03560219	0.03560219	0.001424136	0.02670164	0	0	0	0	8.553402e-19	0	8.553402e-19	0	-330.6669	0	-330.6669	0	30149.85	77194.93	3244.743	8447.673	3851036	0.03109913	0.9035069	5.155404	0.5003704	1	2	0.008791257	0.03971725	0	
25200.37	1000.56	2.1735e+19	0	0	100000	2	1e-05	7.323913e+26	1.711102e+26	1.595629e+26	1.154732e+25	2.649106e+26	2.963705e+26	5.320791e+25	1.243108e+25	1.159217e+25	8.389078e+23	1.924564e+25	2.153119e+25	0.4046614	9.577424e+25	0	0	0	1.733367e-40	0	9.577424e+25	0	0	0	0	0	0	0	0	0	0	0	0	0	0	6.854431e+26	0	6.854431e+26	3.098578e+26	0	3.098578e+26	1.658835e+26	0	1.658835e+26	6.197157e+26	0	6.197157e+26	1.846628e+26	0	1.846628e+26	5.915468e+26	0	5.915468e+26	4.31086e+23	6.706186e-10	0.0005446022	6.760218e+10	1.484427e+10	8.175461e+10	1.856952e-06	7.371211e-12	4.522473e-18	0.49831	0.5	0.09171872	0.9999923	106.9304	13.29734	10569.8	1.117189e+26	1.827432e+28	5.151575e+27	6.741065e+25	3.118866e+27	1.203261e+27	5.325573e+26	2.294797e+26	0.2188657	0	0.01411884	0.03560219	0.03560219	0.001424136	0.02670164	0	0	0	0	5.596933e-19	0	5.596933e-19	0	-330.5603	0	-330.5603	0	30149.85	77194.93	3278.891	8447.673	3857680	0.03169411	0.9185067	5.136535	0.4921986	1	2	0.008776117	0.03964885	0	
25200.38	989.4400001	2.139e+19	0	0	100000	2	1e-05	7.323915e+26	1.711103e+26	1.596669e+26	1.144341e+25	2.649106e+26	2.963705e+26	5.320793e+25	1.243109e+25	1.159973e+25	8.313586e+23	1.924564e+25	2.153119e+25	0.4046613	9.577427e+25	0	0	0	6.801528e-41	0	9.577427e+25	0	0	0	0	0	0	0	0	0	0	0	0	0	0	6.854433e+26	0	6.854433e+26	3.098579e+26	0	3.098579e+26	1.658835e+26	0	1.658835e+26	6.197158e+26	0	6.197158e+26	1.846628e+26	0	1.846628e+26	5.915469e+26	0	5.915469e+26	4.343929e+23	6.668706e-10	0.0005396301	6.760218e+10	1.484427e+10	8.175462e+10	1.856952e-06	7.371211e-12	4.522473e-18	0.49831	0.5	0.09171872	0.9999923	106.9305	13.29735	10569.8	1.117189e+26	1.827432e+28	5.151575e+27	6.741065e+25	3.118866e+27	1.203261e+27	5.325573e+26	2.294797e+26	0.2188657	0	0.01444246	0.03560219	0.03560219	0.001424136	0.02670164	0	0	0	0	3.636426e-19	0	3.636426e-19	0	-330.4338	0	-330.4338	0	30149.85	77194.93	3307.85	8447.673	3864398	0.02950781	0.9312241	5.121009	0.4854747	1	2	0.008760862	0.03957993	0	
25200.39	978.3200001	2.1045e+19	0	0	100000	2	1e-05	7.323916e+26	1.711105e+26	1.597551e+26	1.135544e+25	2.649106e+26	2.963705e+26	5.320794e+25	1.24311e+25	1.160614e+25	8.249676e+23	1.924564e+25	2.153119e+25	0.4046613	9.577429e+25	0	0	0	2.670193e-41	0	9.577429e+25	0	0	0	0	0	0	0	0	0	0	0	0	0	0	6.854434e+26	0	6.854434e+26	3.09858e+26	0	3.09858e+26	1.658836e+26	0	1.658836e+26	6.19716e+26	0	6.19716e+26	1.846628e+26	0	1.846628e+26	5.915471e+26	0	5.915471e+26	4.375511e+23	6.635289e-10	0.0005354228	6.760218e+10	1.484427e+10	8.175462e+10	1.856952e-06	7.371211e-12	4.522474e-18	0.49831	0.5	0.09171872	0.9999923	106.9305	13.29735	10569.8	1.117189e+26	1.827432e+28	5.151575e+27	6.741065e+25	3.118866e+27	1.203261e+27	5.325573e+26	2.294797e+26	0.2188657	0	0.01476515	0.03560219	0.03560219	0.001424136	0.02670164	0	0	0	0	2.345496e-19	0	2.345496e-19	0	-330.2869	0	-330.2869	0	30149.85	77194.93	3333.167	8447.673	3871191	0.02609794	0.9423403	5.107779	0.4797452	1	2	0.008745491	0.03951049	0	
25200.4	967.2000001	2.07e+19	0	0	100000	2	1e-05	7.323918e+26	1.711106e+26	1.598287e+26	1.128192e+25	2.649106e+26	2.963705e+26	5.320795e+25	1.243111e+25	1.161149e+25	8.196265e+23	1.924564e+25	2.153119e+25	0.4046612	9.577431e+25	0	0	0	1.048812e-41	0	9.577431e+25	0	0	0	0	0	0	0	0	0	0	0	0	0	0	6.854436e+26	0	6.854436e+26	3.098581e+26	0	3.098581e+26	1.658836e+26	0	1.658836e+26	6.197161e+26	0	6.197161e+26	1.846629e+26	0	1.846629e+26	5.915472e+26	0	5.915472e+26	4.405603e+23	6.605649e-10	0.0005319129	6.760218e+10	1.484428e+10	8.175462e+10	1.856952e-06	7.371212e-12	4.522474e-18	0.49831	0.5	0.09171873	0.9999923	106.9305	13.29735	10569.8	1.117189e+26	1.827432e+28	5.151575e+27	6.741065e+25	3.118866e+27	1.203261e+27	5.325573e+26	2.294797e+26	0.2188657	0	0.01508597	0.03560219	0.03560219	0.001424136	0.02670164	0	0	0	0	1.501581e-19	0	1.501581e-19	0	-330.119	0	-330.119	0	30149.85	77194.93	3355.606	8447.673	3878059	0.02230618	0.9521917	5.096311	0.474779	1	2	0.008730005	0.03944053	0	
25200.41	956.0800001	2.0355e+19	0	0	100000	2	1e-05	7.32392e+26	1.711108e+26	1.598894e+26	1.122142e+25	2.649107e+26	2.963705e+26	5.320796e+25	1.243112e+25	1.161589e+25	8.152314e+23	1.924565e+25	2.153119e+25	0.4046611	9.577433e+25	0	0	0	4.121631e-42	0	9.577433e+25	0	0	0	0	0	0	0	0	0	0	0	0	0	0	6.854438e+26	0	6.854438e+26	3.098581e+26	0	3.098581e+26	1.658837e+26	0	1.658837e+26	6.197163e+26	0	6.197163e+26	1.846629e+26	0	1.846629e+26	5.915474e+26	0	5.915474e+26	4.434214e+23	6.579504e-10	0.0005290353	6.760217e+10	1.484428e+10	8.175463e+10	1.856952e-06	7.371212e-12	4.522474e-18	0.49831	0.5	0.09171873	0.9999923	106.9305	13.29736	10569.8	1.117189e+26	1.827432e+28	5.151575e+27	6.741065e+25	3.118866e+27	1.203261e+27	5.325573e+26	2.294797e+26	0.2188657	0	0.01540397	0.03560219	0.03560219	0.001424136	0.02670164	0	0	0	0	9.539672e-20	0	9.539672e-20	0	-329.9295	0	-329.9295	0	30149.85	77194.93	3375.471	8447.673	3885002	0.01853871	0.9609123	5.086356	0.4704676	1	2	0.008714405	0.03937005	0	
25200.42	944.9600001	2.001e+19	0	0	100000	2	1e-05	7.323921e+26	1.711109e+26	1.599383e+26	1.117258e+25	2.649107e+26	2.963706e+26	5.320798e+25	1.243113e+25	1.161945e+25	8.116828e+23	1.924565e+25	2.153119e+25	0.404661	9.577436e+25	0	0	0	1.620521e-42	0	9.577436e+25	0	0	0	0	0	0	0	0	0	0	0	0	0	0	6.854439e+26	0	6.854439e+26	3.098582e+26	0	3.098582e+26	1.658837e+26	0	1.658837e+26	6.197164e+26	0	6.197164e+26	1.84663e+26	0	1.84663e+26	5.915475e+26	0	5.915475e+26	4.461358e+23	6.55657e-10	0.0005267272	6.760217e+10	1.484428e+10	8.175463e+10	1.856952e-06	7.371212e-12	4.522474e-18	0.49831	0.5	0.09171873	0.9999923	106.9306	13.29736	10569.8	1.117189e+26	1.827432e+28	5.151575e+27	6.741065e+25	3.118866e+27	1.203261e+27	5.325573e+26	2.294797e+26	0.2188657	0	0.01571824	0.03560219	0.03560219	0.001424136	0.02670164	0	0	0	0	6.013151e-20	0	6.013151e-20	0	-329.7179	0	-329.7179	0	30149.85	77194.93	3392.895	8447.673	3892021	0.01501378	0.9685608	5.077771	0.46675	1	2	0.008698691	0.03929906	0	
25200.43	933.8400001	1.9665e+19	0	0	100000	2	1e-05	7.323923e+26	1.711111e+26	1.59977e+26	1.113409e+25	2.649107e+26	2.963706e+26	5.320799e+25	1.243114e+25	1.162226e+25	8.088867e+23	1.924565e+25	2.15312e+25	0.404661	9.577438e+25	0	0	0	6.374575e-43	0	9.577438e+25	0	0	0	0	0	0	0	0	0	0	0	0	0	0	6.854441e+26	0	6.854441e+26	3.098583e+26	0	3.098583e+26	1.658837e+26	0	1.658837e+26	6.197166e+26	0	6.197166e+26	1.84663e+26	0	1.84663e+26	5.915476e+26	0	5.915476e+26	4.487059e+23	6.536572e-10	0.0005249289	6.760217e+10	1.484428e+10	8.175463e+10	1.856952e-06	7.371213e-12	4.522475e-18	0.49831	0.5	0.09171873	0.9999923	106.9306	13.29736	10569.8	1.117189e+26	1.827432e+28	5.151575e+27	6.741065e+25	3.118866e+27	1.203261e+27	5.325573e+26	2.294797e+26	0.2188657	0	0.01602789	0.03560219	0.03560219	0.001424136	0.02670164	0	0	0	0	3.759804e-20	0	3.759804e-20	0	-329.4837	0	-329.4837	0	30149.85	77194.93	3407.956	8447.673	3899117	0.01185461	0.9751722	5.070459	0.4635834	1	2	0.008682864	0.03922755	0	
25200.44	922.7200001	1.932e+19	0	0	100000	2	1e-05	7.323925e+26	1.711112e+26	1.600064e+26	1.110474e+25	2.649107e+26	2.963706e+26	5.3208e+25	1.243115e+25	1.16244e+25	8.067544e+23	1.924565e+25	2.15312e+25	0.4046609	9.57744e+25	0	0	0	2.508735e-43	0	9.57744e+25	0	0	0	0	0	0	0	0	0	0	0	0	0	0	6.854442e+26	0	6.854442e+26	3.098584e+26	0	3.098584e+26	1.658838e+26	0	1.658838e+26	6.197167e+26	0	6.197167e+26	1.846631e+26	0	1.846631e+26	5.915478e+26	0	5.915478e+26	4.511346e+23	6.519242e-10	0.0005235837	6.760217e+10	1.484428e+10	8.175464e+10	1.856952e-06	7.371213e-12	4.522475e-18	0.49831	0.5	0.09171873	0.9999923	106.9306	13.29737	10569.8	1.117189e+26	1.827432e+28	5.151575e+27	6.741065e+25	3.118866e+27	1.203261e+27	5.325573e+26	2.294797e+26	0.2188657	0	0.01633208	0.03560219	0.03560219	0.001424136	0.02670164	0	0	0	0	2.33147e-20	0	2.33147e-20	0	-329.2263	0	-329.2263	0	30149.85	77194.93	3420.734	8447.673	3906289	0.009125662	0.9807811	5.064333	0.4609304	1	2	0.008666923	0.03915553	0	
25200.45	911.6000001	1.8975e+19	0	0	100000	2	1e-05	7.323926e+26	1.711113e+26	1.600279e+26	1.108339e+25	2.649107e+26	2.963706e+26	5.320801e+25	1.243116e+25	1.162596e+25	8.052032e+23	1.924565e+25	2.15312e+25	0.4046608	9.577442e+25	0	0	0	9.877815e-44	0	9.577442e+25	0	0	0	0	0	0	0	0	0	0	0	0	0	0	6.854444e+26	0	6.854444e+26	3.098584e+26	0	3.098584e+26	1.658838e+26	0	1.658838e+26	6.197168e+26	0	6.197168e+26	1.846631e+26	0	1.846631e+26	5.915479e+26	0	5.915479e+26	4.534255e+23	6.504324e-10	0.0005226382	6.760216e+10	1.484428e+10	8.175464e+10	1.856952e-06	7.371213e-12	4.522475e-18	0.49831	0.5	0.09171873	0.9999923	106.9306	13.29737	10569.8	1.117189e+26	1.827432e+28	5.151575e+27	6.741065e+25	3.118866e+27	1.203261e+27	5.325573e+26	2.294797e+26	0.2188657	0	0.01663001	0.03560219	0.03560219	0.001424136	0.02670164	0	0	0	0	1.433508e-20	0	1.433508e-20	0	-328.9449	0	-328.9449	0	30149.85	77194.93	3431.338	8447.673	3913539	0.006848735	0.9854355	5.059303	0.4587519	1	2	0.00865087	0.03908301	0	
25200.46	900.4800001	1.863e+19	0	0	100000	2	1e-05	7.323928e+26	1.711115e+26	1.600425e+26	1.106897e+25	2.649107e+26	2.963706e+26	5.320802e+25	1.243117e+25	1.162702e+25	8.041562e+23	1.924565e+25	2.15312e+25	0.4046607	9.577444e+25	0	0	0	3.891032e-44	0	9.577444e+25	0	0	0	0	0	0	0	0	0	0	0	0	0	0	6.854445e+26	0	6.854445e+26	3.098585e+26	0	3.098585e+26	1.658838e+26	0	1.658838e+26	6.19717e+26	0	6.19717e+26	1.846631e+26	0	1.846631e+26	5.91548e+26	0	5.91548e+26	4.555827e+23	6.491575e-10	0.0005220427	6.760216e+10	1.484429e+10	8.175464e+10	1.856952e-06	7.371213e-12	4.522475e-18	0.49831	0.5	0.09171873	0.9999923	106.9307	13.29737	10569.8	1.117189e+26	1.827432e+28	5.151575e+27	6.741065e+25	3.118866e+27	1.203261e+27	5.325573e+26	2.294797e+26	0.2188657	0	0.01692093	0.03560219	0.03560219	0.001424136	0.02670164	0	0	0	0	8.737277e-21	0	8.737277e-21	0	-328.639	0	-328.639	0	30149.85	77194.93	3439.921	8447.673	3920866	0.005012171	0.9892031	5.055265	0.4570034	1	2	0.008634704	0.03900998	0	
25200.47	889.3600001	1.8285e+19	0	0	100000	2	1e-05	7.323929e+26	1.711116e+26	1.600511e+26	1.106053e+25	2.649107e+26	2.963706e+26	5.320803e+25	1.243118e+25	1.162764e+25	8.035426e+23	1.924565e+25	2.15312e+25	0.4046607	9.577446e+25	0	0	0	1.53342e-44	0	9.577446e+25	0	0	0	0	0	0	0	0	0	0	0	0	0	0	6.854447e+26	0	6.854447e+26	3.098586e+26	0	3.098586e+26	1.658839e+26	0	1.658839e+26	6.197171e+26	0	6.197171e+26	1.846632e+26	0	1.846632e+26	5.915481e+26	0	5.915481e+26	4.576106e+23	6.480764e-10	0.000521751	6.760216e+10	1.484429e+10	8.175464e+10	1.856952e-06	7.371213e-12	4.522476e-18	0.49831	0.5	0.09171874	0.9999923	106.9307	13.29737	10569.8	1.117189e+26	1.827432e+28	5.151575e+27	6.741065e+25	3.118866e+27	1.203261e+27	5.325573e+26	2.294797e+26	0.2188657	0	0.01720413	0.03560219	0.03560219	0.001424136	0.02670164	0	0	0	0	5.277825e-21	0	5.277825e-21	0	-328.3079	0	-328.3079	0	30149.85	77194.93	3446.687	8447.673	3928272	0.003579001	0.992173	5.052104	0.4556345	1	2	0.008618428	0.03893644	0	
25200.48	878.2400001	1.794e+19	0	0	100000	2	1e-05	7.323931e+26	1.711117e+26	1.600546e+26	1.105716e+25	2.649108e+26	2.963706e+26	5.320805e+25	1.243119e+25	1.162789e+25	8.032976e+23	1.924565e+25	2.15312e+25	0.4046606	9.577448e+25	0	0	0	6.045667e-45	0	9.577448e+25	0	0	0	0	0	0	0	0	0	0	0	0	0	0	6.854448e+26	0	6.854448e+26	3.098586e+26	0	3.098586e+26	1.658839e+26	0	1.658839e+26	6.197172e+26	0	6.197172e+26	1.846632e+26	0	1.846632e+26	5.915483e+26	0	5.915483e+26	4.595141e+23	6.471678e-10	0.0005217207	6.760216e+10	1.484429e+10	8.175465e+10	1.856952e-06	7.371214e-12	4.522476e-18	0.49831	0.5	0.09171874	0.9999923	106.9307	13.29738	10569.8	1.117189e+26	1.827432e+28	5.151575e+27	6.741065e+25	3.118866e+27	1.203261e+27	5.325573e+26	2.294797e+26	0.2188657	0	0.01747896	0.03560219	0.03560219	0.001424136	0.02670164	0	0	0	0	3.158856e-21	0	3.158856e-21	0	-327.951	0	-327.951	0	30149.85	77194.93	3451.877	8447.673	3935757	0.002495745	0.9944506	5.049693	0.4545902	1	2	0.00860204	0.0388624	0	
25200.49	867.1200001	1.7595e+19	0	0	100000	2	1e-05	7.323932e+26	1.711118e+26	1.600538e+26	1.105805e+25	2.649108e+26	2.963706e+26	5.320806e+25	1.24312e+25	1.162784e+25	8.033624e+23	1.924565e+25	2.15312e+25	0.4046605	9.57745e+25	0	0	0	2.384558e-45	0	9.57745e+25	0	0	0	0	0	0	0	0	0	0	0	0	0	0	6.85445e+26	0	6.85445e+26	3.098587e+26	0	3.098587e+26	1.658839e+26	0	1.658839e+26	6.197174e+26	0	6.197174e+26	1.846633e+26	0	1.846633e+26	5.915484e+26	0	5.915484e+26	4.612982e+23	6.464116e-10	0.0005219127	6.760216e+10	1.484429e+10	8.175465e+10	1.856952e-06	7.371214e-12	4.522476e-18	0.49831	0.5	0.09171874	0.9999923	106.9307	13.29738	10569.8	1.117189e+26	1.827432e+28	5.151575e+27	6.741065e+25	3.118866e+27	1.203261e+27	5.325573e+26	2.294797e+26	0.2188657	0	0.01774486	0.03560219	0.03560219	0.001424136	0.02670164	0	0	0	0	1.872792e-21	0	1.872792e-21	0	-327.5674	0	-327.5674	0	30149.85	77194.93	3455.749	8447.673	3943321	0.00170136	0.9961502	5.047901	0.4538141	1	2	0.008585541	0.03878787	0	
25200.5	856.0000001	1.725e+19	0	0	100000	2	1e-05	7.323934e+26	1.71112e+26	1.600495e+26	1.106247e+25	2.649108e+26	2.963706e+26	5.320807e+25	1.243121e+25	1.162753e+25	8.036838e+23	1.924566e+25	2.15312e+25	0.4046605	9.577452e+25	0	0	0	9.409043e-46	0	9.577452e+25	0	0	0	0	0	0	0	0	0	0	0	0	0	0	6.854451e+26	0	6.854451e+26	3.098587e+26	0	3.098587e+26	1.65884e+26	0	1.65884e+26	6.197175e+26	0	6.197175e+26	1.846633e+26	0	1.846633e+26	5.915485e+26	0	5.915485e+26	4.629683e+23	6.457897e-10	0.0005222918	6.760215e+10	1.484429e+10	8.175465e+10	1.856953e-06	7.371214e-12	4.522476e-18	0.49831	0.5	0.09171874	0.9999923	106.9308	13.29738	10569.8	1.117189e+26	1.827432e+28	5.151575e+27	6.741065e+25	3.118866e+27	1.203261e+27	5.325573e+26	2.294797e+26	0.2188657	0	0.01800129	0.03560219	0.03560219	0.001424136	0.02670164	0	0	0	0	1.099561e-21	0	1.099561e-21	0	-327.1565	0	-327.1565	0	30149.85	77194.93	3458.562	8447.673	3950965	0.001135005	0.997385	5.046603	0.4532519	1	2	0.008568933	0.03871283	0	
25200.51	844.8800001	1.6905e+19	0	0	100000	2	1e-05	7.323935e+26	1.711121e+26	1.600423e+26	1.106977e+25	2.649108e+26	2.963706e+26	5.320808e+25	1.243122e+25	1.1627e+25	8.042143e+23	1.924566e+25	2.15312e+25	0.4046604	9.577454e+25	0	0	0	3.714072e-46	0	9.577454e+25	0	0	0	0	0	0	0	0	0	0	0	0	0	0	6.854452e+26	0	6.854452e+26	3.098588e+26	0	3.098588e+26	1.65884e+26	0	1.65884e+26	6.197176e+26	0	6.197176e+26	1.846633e+26	0	1.846633e+26	5.915486e+26	0	5.915486e+26	4.645297e+23	6.452853e-10	0.0005228263	6.760215e+10	1.484429e+10	8.175465e+10	1.856953e-06	7.371214e-12	4.522476e-18	0.49831	0.5	0.09171874	0.9999923	106.9308	13.29738	10569.8	1.117189e+26	1.827432e+28	5.151575e+27	6.741065e+25	3.118866e+27	1.203261e+27	5.325573e+26	2.294797e+26	0.2188657	0	0.01824779	0.03560219	0.03560219	0.001424136	0.02670164	0	0	0	0	6.391459e-22	0	6.391459e-22	0	-326.7174	0	-326.7174	0	30149.85	77194.93	3460.556	8447.673	3958689	0.000741633	0.9982597	5.045685	0.4528545	1	2	0.008552214	0.0386373	0	
25200.52	833.7600001	1.656e+19	0	0	100000	2	1e-05	7.323937e+26	1.711122e+26	1.600328e+26	1.107937e+25	2.649108e+26	2.963707e+26	5.320809e+25	1.243123e+25	1.162632e+25	8.049118e+23	1.924566e+25	2.15312e+25	0.4046603	9.577456e+25	0	0	0	1.466612e-46	0	9.577456e+25	0	0	0	0	0	0	0	0	0	0	0	0	0	0	6.854454e+26	0	6.854454e+26	3.098589e+26	0	3.098589e+26	1.65884e+26	0	1.65884e+26	6.197177e+26	0	6.197177e+26	1.846634e+26	0	1.846634e+26	5.915487e+26	0	5.915487e+26	4.659878e+23	6.448832e-10	0.0005234876	6.760215e+10	1.48443e+10	8.175466e+10	1.856953e-06	7.371215e-12	4.522477e-18	0.49831	0.5	0.09171874	0.9999923	106.9308	13.29739	10569.8	1.117189e+26	1.827432e+28	5.151575e+27	6.741065e+25	3.118866e+27	1.203261e+27	5.325573e+26	2.294797e+26	0.2188657	0	0.01848397	0.03560219	0.03560219	0.001424136	0.02670164	0	0	0	0	3.677117e-22	0	3.677117e-22	0	-326.2495	0	-326.2495	0	30149.85	77194.93	0	8447.673	4017683	0.000741633	0	0	0	0	0	0	0	0	
25200.53	822.6400001	1.6215e+19	0	0	100000	2	1e-05	7.323938e+26	1.711123e+26	1.600215e+26	1.109076e+25	2.649108e+26	2.963707e+26	5.32081e+25	1.243124e+25	1.16255e+25	8.05739e+23	1.924566e+25	2.15312e+25	0.4046603	9.577457e+25	0	0	0	5.793397e-47	0	9.577457e+25	0	0	0	0	0	0	0	0	0	0	0	0	0	0	6.854455e+26	0	6.854455e+26	3.098589e+26	0	3.098589e+26	1.658841e+26	0	1.658841e+26	6.197178e+26	0	6.197178e+26	1.846634e+26	0	1.846634e+26	5.915488e+26	0	5.915488e+26	4.673481e+23	6.445698e-10	0.0005242505	6.760215e+10	1.48443e+10	8.175466e+10	1.856953e-06	7.371215e-12	4.522477e-18	0.49831	0.5	0.09171874	0.9999923	106.9308	13.29739	10569.8	1.117189e+26	1.827432e+28	5.151575e+27	6.741065e+25	3.118866e+27	1.203261e+27	5.325573e+26	2.294797e+26	0.2188657	0	0.0187095	0.03560219	0.03560219	0.001424136	0.02670164	0	0	0	0	2.093211e-22	0	2.093211e-22	0	-325.7518	0	-325.7518	0	30149.85	77194.93	0	8447.673	4026895	0.000741633	0	0	0	0	0	0	0	0	
25200.54	811.5200001	1.587e+19	0	0	100000	2	1e-05	7.323939e+26	1.711124e+26	1.600089e+26	1.110349e+25	2.649108e+26	2.963707e+26	5.320811e+25	1.243124e+25	1.162458e+25	8.066635e+23	1.924566e+25	2.15312e+25	0.4046602	9.577459e+25	0	0	0	2.289268e-47	0	9.577459e+25	0	0	0	0	0	0	0	0	0	0	0	0	0	0	6.854456e+26	0	6.854456e+26	3.09859e+26	0	3.09859e+26	1.658841e+26	0	1.658841e+26	6.197179e+26	0	6.197179e+26	1.846634e+26	0	1.846634e+26	5.915489e+26	0	5.915489e+26	4.68616e+23	6.443327e-10	0.000525093	6.760215e+10	1.48443e+10	8.175466e+10	1.856953e-06	7.371215e-12	4.522477e-18	0.49831	0.5	0.09171875	0.9999923	106.9308	13.29739	10569.8	1.117189e+26	1.827432e+28	5.151575e+27	6.741065e+25	3.118866e+27	1.203261e+27	5.325573e+26	2.294797e+26	0.2188657	0	0.0189241	0.03560219	0.03560219	0.001424136	0.02670164	0	0	0	0	1.178646e-22	0	1.178646e-22	0	-325.2234	0	-325.2234	0	30149.85	77194.93	0	8447.673	4036018	0.000741633	0	0	0	0	0	0	0	0	
25200.55	800.4000001	1.5525e+19	0	0	100000	2	1e-05	7.323941e+26	1.711125e+26	1.599954e+26	1.111717e+25	2.649109e+26	2.963707e+26	5.320812e+25	1.243125e+25	1.162359e+25	8.076573e+23	1.924566e+25	2.15312e+25	0.4046601	9.577461e+25	0	0	0	9.048944e-48	0	9.577461e+25	0	0	0	0	0	0	0	0	0	0	0	0	0	0	6.854457e+26	0	6.854457e+26	3.09859e+26	0	3.09859e+26	1.658841e+26	0	1.658841e+26	6.197181e+26	0	6.197181e+26	1.846635e+26	0	1.846635e+26	5.915491e+26	0	5.915491e+26	4.697968e+23	6.441611e-10	0.0005259957	6.760214e+10	1.48443e+10	8.175466e+10	1.856953e-06	7.371215e-12	4.522477e-18	0.49831	0.5	0.09171875	0.9999923	106.9309	13.29739	10569.8	1.117189e+26	1.827432e+28	5.151575e+27	6.741065e+25	3.118866e+27	1.203261e+27	5.325573e+26	2.294797e+26	0.2188657	0	0.01912757	0.03560219	0.03560219	0.001424136	0.02670164	0	0	0	0	6.562653e-23	0	6.562653e-23	0	-324.6636	0	-324.6636	0	30149.85	77194.93	0	8447.673	4045050	0.000741633	0	0	0	0	0	0	0	0	
25200.56	789.2800001	1.518e+19	0	0	100000	2	1e-05	7.323942e+26	1.711126e+26	1.599812e+26	1.113147e+25	2.649109e+26	2.963707e+26	5.320813e+25	1.243126e+25	1.162256e+25	8.086963e+23	1.924566e+25	2.15312e+25	0.4046601	9.577463e+25	0	0	0	3.577909e-48	0	9.577463e+25	0	0	0	0	0	0	0	0	0	0	0	0	0	0	6.854459e+26	0	6.854459e+26	3.098591e+26	0	3.098591e+26	1.658842e+26	0	1.658842e+26	6.197182e+26	0	6.197182e+26	1.846635e+26	0	1.846635e+26	5.915492e+26	0	5.915492e+26	4.708956e+23	6.440454e-10	0.0005269418	6.760214e+10	1.48443e+10	8.175467e+10	1.856953e-06	7.371215e-12	4.522477e-18	0.49831	0.5	0.09171875	0.9999923	106.9309	13.2974	10569.8	1.117189e+26	1.827432e+28	5.151575e+27	6.741065e+25	3.118866e+27	1.203261e+27	5.325573e+26	2.294797e+26	0.2188657	0	0.01931976	0.03560219	0.03560219	0.001424136	0.02670164	0	0	0	0	3.612079e-23	0	3.612079e-23	0	-324.0713	0	-324.0713	0	30149.85	77194.93	0	8447.673	4053991	0.000741633	0	0	0	0	0	0	0	0	
25200.57	778.1600001	1.4835e+19	0	0	100000	2	1e-05	7.323943e+26	1.711127e+26	1.599666e+26	1.114611e+25	2.649109e+26	2.963707e+26	5.320813e+25	1.243127e+25	1.162151e+25	8.097601e+23	1.924566e+25	2.15312e+25	0.40466	9.577464e+25	0	0	0	1.415087e-48	0	9.577464e+25	0	0	0	0	0	0	0	0	0	0	0	0	0	0	6.85446e+26	0	6.85446e+26	3.098591e+26	0	3.098591e+26	1.658842e+26	0	1.658842e+26	6.197183e+26	0	6.197183e+26	1.846635e+26	0	1.846635e+26	5.915493e+26	0	5.915493e+26	4.719174e+23	6.439771e-10	0.0005279172	6.760214e+10	1.48443e+10	8.175467e+10	1.856953e-06	7.371216e-12	4.522478e-18	0.49831	0.5	0.09171875	0.9999923	106.9309	13.2974	10569.8	1.117189e+26	1.827432e+28	5.151575e+27	6.741065e+25	3.118866e+27	1.203261e+27	5.325573e+26	2.294797e+26	0.2188657	0	0.01950057	0.03560219	0.03560219	0.001424136	0.02670164	0	0	0	0	1.964565e-23	0	1.964565e-23	0	-323.4456	0	-323.4456	0	30149.85	77194.93	0	8447.673	4062839	0.000741633	0	0	0	0	0	0	0	0	
25200.58	767.0400001	1.449e+19	0	0	100000	2	1e-05	7.323944e+26	1.711128e+26	1.59952e+26	1.116086e+25	2.649109e+26	2.963707e+26	5.320814e+25	1.243127e+25	1.162044e+25	8.108317e+23	1.924566e+25	2.153121e+25	0.40466	9.577466e+25	0	0	0	5.59824e-49	0	9.577466e+25	0	0	0	0	0	0	0	0	0	0	0	0	0	0	6.854461e+26	0	6.854461e+26	3.098592e+26	0	3.098592e+26	1.658842e+26	0	1.658842e+26	6.197184e+26	0	6.197184e+26	1.846636e+26	0	1.846636e+26	5.915494e+26	0	5.915494e+26	4.728671e+23	6.439487e-10	0.0005289098	6.760214e+10	1.48443e+10	8.175467e+10	1.856953e-06	7.371216e-12	4.522478e-18	0.49831	0.5	0.09171875	0.9999923	106.9309	13.2974	10569.8	1.117189e+26	1.827432e+28	5.151575e+27	6.741065e+25	3.118866e+27	1.203261e+27	5.325573e+26	2.294797e+26	0.2188657	0	0.01966996	0.03560219	0.03560219	0.001424136	0.02670164	0	0	0	0	1.055483e-23	0	1.055483e-23	0	-322.7855	0	-322.7855	0	30149.85	77194.93	0	8447.673	4071594	0.000741633	0	0	0	0	0	0	0	0	
25200.59	755.9200001	1.4145e+19	0	0	100000	2	1e-05	7.323946e+26	1.711129e+26	1.599374e+26	1.117552e+25	2.649109e+26	2.963707e+26	5.320815e+25	1.243128e+25	1.161939e+25	8.118971e+23	1.924566e+25	2.153121e+25	0.4046599	9.577467e+25	0	0	0	2.215271e-49	0	9.577467e+25	0	0	0	0	0	0	0	0	0	0	0	0	0	0	6.854462e+26	0	6.854462e+26	3.098592e+26	0	3.098592e+26	1.658842e+26	0	1.658842e+26	6.197185e+26	0	6.197185e+26	1.846636e+26	0	1.846636e+26	5.915495e+26	0	5.915495e+26	4.737493e+23	6.439541e-10	0.0005299097	6.760214e+10	1.48443e+10	8.175467e+10	1.856953e-06	7.371216e-12	4.522478e-18	0.49831	0.5	0.09171875	0.9999923	106.9309	13.2974	10569.8	1.117189e+26	1.827432e+28	5.151575e+27	6.741065e+25	3.118866e+27	1.203261e+27	5.325573e+26	2.294797e+26	0.2188657	0	0.01982796	0.03560219	0.03560219	0.001424136	0.02670164	0	0	0	0	5.599497e-24	0	5.599497e-24	0	-322.0899	0	-322.0899	0	30149.85	77194.93	0	8447.673	4080254	0.000741633	0	0	0	0	0	0	0	0	
25200.6	744.8000001	1.38e+19	0	0	100000	2	1e-05	7.323947e+26	1.71113e+26	1.599231e+26	1.118995e+25	2.649109e+26	2.963707e+26	5.320816e+25	1.243129e+25	1.161834e+25	8.129448e+23	1.924567e+25	2.153121e+25	0.4046599	9.577469e+25	0	0	0	8.768019e-50	0	9.577469e+25	0	0	0	0	0	0	0	0	0	0	0	0	0	0	6.854463e+26	0	6.854463e+26	3.098593e+26	0	3.098593e+26	1.658843e+26	0	1.658843e+26	6.197186e+26	0	6.197186e+26	1.846636e+26	0	1.846636e+26	5.915495e+26	0	5.915495e+26	4.745683e+23	6.439875e-10	0.0005309086	6.760214e+10	1.484431e+10	8.175467e+10	1.856953e-06	7.371216e-12	4.522478e-18	0.49831	0.5	0.09171875	0.9999923	106.9309	13.29741	10569.8	1.117189e+26	1.827432e+28	5.151575e+27	6.741065e+25	3.118866e+27	1.203261e+27	5.325573e+26	2.294797e+26	0.2188657	0	0.01997461	0.03560219	0.03560219	0.001424136	0.02670164	0	0	0	0	2.932181e-24	0	2.932181e-24	0	-321.3578	0	-321.3578	0	30149.85	77194.93	0	8447.673	4088820	0.000741633	0	0	0	0	0	0	0	0	
25200.61	733.6800001	1.3455e+19	0	0	100000	2	1e-05	7.323948e+26	1.711131e+26	1.599091e+26	1.1204e+25	2.649109e+26	2.963707e+26	5.320817e+25	1.24313e+25	1.161733e+25	8.13966e+23	1.924567e+25	2.153121e+25	0.4046598	9.57747e+25	0	0	0	3.471104e-50	0	9.57747e+25	0	0	0	0	0	0	0	0	0	0	0	0	0	0	6.854464e+26	0	6.854464e+26	3.098593e+26	0	3.098593e+26	1.658843e+26	0	1.658843e+26	6.197187e+26	0	6.197187e+26	1.846636e+26	0	1.846636e+26	5.915496e+26	0	5.915496e+26	4.753284e+23	6.440445e-10	0.0005318999	6.760213e+10	1.484431e+10	8.175468e+10	1.856953e-06	7.371216e-12	4.522478e-18	0.49831	0.5	0.09171875	0.9999923	106.931	13.29741	10569.8	1.117189e+26	1.827432e+28	5.151575e+27	6.741065e+25	3.118866e+27	1.203261e+27	5.325573e+26	2.294797e+26	0.2188657	0	0.02011002	0.03560219	0.03560219	0.001424136	0.02670164	0	0	0	0	1.514958e-24	0	1.514958e-24	0	-320.5879	0	-320.5879	0	30149.85	77194.93	0	8447.673	4097289	0.000741633	0	0	0	0	0	0	0	0	
25200.62	722.5600001	1.311e+19	0	0	100000	2	1e-05	7.323949e+26	1.711132e+26	1.598956e+26	1.121759e+25	2.649109e+26	2.963707e+26	5.320818e+25	1.24313e+25	1.161635e+25	8.149535e+23	1.924567e+25	2.153121e+25	0.4046597	9.577472e+25	0	0	0	1.374415e-50	0	9.577472e+25	0	0	0	0	0	0	0	0	0	0	0	0	0	0	6.854465e+26	0	6.854465e+26	3.098594e+26	0	3.098594e+26	1.658843e+26	0	1.658843e+26	6.197188e+26	0	6.197188e+26	1.846637e+26	0	1.846637e+26	5.915497e+26	0	5.915497e+26	4.760335e+23	6.441208e-10	0.0005328784	6.760213e+10	1.484431e+10	8.175468e+10	1.856953e-06	7.371216e-12	4.522478e-18	0.49831	0.5	0.09171875	0.9999923	106.931	13.29741	10569.8	1.117189e+26	1.827432e+28	5.151575e+27	6.741065e+25	3.118866e+27	1.203261e+27	5.325573e+26	2.294797e+26	0.2188657	0	0.02023433	0.03560219	0.03560219	0.001424136	0.02670164	0	0	0	0	7.719594e-25	0	7.719594e-25	0	-319.7792	0	-319.7792	0	30149.85	77194.93	0	8447.673	4105661	0.000741633	0	0	0	0	0	0	0	0	
25200.63	711.4400001	1.2765e+19	0	0	100000	2	1e-05	7.32395e+26	1.711133e+26	1.598827e+26	1.123065e+25	2.64911e+26	2.963707e+26	5.320818e+25	1.243131e+25	1.161541e+25	8.159022e+23	1.924567e+25	2.153121e+25	0.4046597	9.577473e+25	0	0	0	5.443082e-51	0	9.577473e+25	0	0	0	0	0	0	0	0	0	0	0	0	0	0	6.854466e+26	0	6.854466e+26	3.098594e+26	0	3.098594e+26	1.658843e+26	0	1.658843e+26	6.197189e+26	0	6.197189e+26	1.846637e+26	0	1.846637e+26	5.915498e+26	0	5.915498e+26	4.766873e+23	6.442133e-10	0.0005338403	6.760213e+10	1.484431e+10	8.175468e+10	1.856953e-06	7.371217e-12	4.522478e-18	0.49831	0.5	0.09171876	0.9999923	106.931	13.29741	10569.8	1.117189e+26	1.827432e+28	5.151575e+27	6.741065e+25	3.118866e+27	1.203261e+27	5.325573e+26	2.294797e+26	0.2188657	0	0.02034773	0.03560219	0.03560219	0.001424136	0.02670164	0	0	0	0	3.877766e-25	0	3.877766e-25	0	-318.9303	0	-318.9303	0	30149.85	77194.93	0	8447.673	4113935	0.000741633	0	0	0	0	0	0	0	0	
25200.64	700.3200001	1.242e+19	0	0	100000	2	1e-05	7.323951e+26	1.711134e+26	1.598703e+26	1.124313e+25	2.64911e+26	2.963707e+26	5.320819e+25	1.243132e+25	1.161451e+25	8.168083e+23	1.924567e+25	2.153121e+25	0.4046596	9.577475e+25	0	0	0	2.155963e-51	0	9.577475e+25	0	0	0	0	0	0	0	0	0	0	0	0	0	0	6.854467e+26	0	6.854467e+26	3.098595e+26	0	3.098595e+26	1.658844e+26	0	1.658844e+26	6.197189e+26	0	6.197189e+26	1.846637e+26	0	1.846637e+26	5.915499e+26	0	5.915499e+26	4.772934e+23	6.443192e-10	0.0005347826	6.760213e+10	1.484431e+10	8.175468e+10	1.856953e-06	7.371217e-12	4.522479e-18	0.49831	0.5	0.09171876	0.9999923	106.931	13.29741	10569.8	1.117189e+26	1.827432e+28	5.151575e+27	6.741065e+25	3.118866e+27	1.203261e+27	5.325573e+26	2.294797e+26	0.2188657	0	0.02045041	0.03560219	0.03560219	0.001424136	0.02670164	0	0	0	0	1.919386e-25	0	1.919386e-25	0	-318.04	0	-318.04	0	30149.85	77194.93	0	8447.673	4122110	0.000741633	0	0	0	0	0	0	0	0	
25200.65	689.2000001	1.2075e+19	0	0	100000	2	1e-05	7.323952e+26	1.711135e+26	1.598585e+26	1.125498e+25	2.64911e+26	2.963708e+26	5.32082e+25	1.243132e+25	1.161365e+25	8.176695e+23	1.924567e+25	2.153121e+25	0.4046596	9.577476e+25	0	0	0	8.540826e-52	0	9.577476e+25	0	0	0	0	0	0	0	0	0	0	0	0	0	0	6.854468e+26	0	6.854468e+26	3.098595e+26	0	3.098595e+26	1.658844e+26	0	1.658844e+26	6.19719e+26	0	6.19719e+26	1.846638e+26	0	1.846638e+26	5.9155e+26	0	5.9155e+26	4.778551e+23	6.444361e-10	0.0005357033	6.760213e+10	1.484431e+10	8.175468e+10	1.856953e-06	7.371217e-12	4.522479e-18	0.49831	0.5	0.09171876	0.9999923	106.931	13.29742	10569.8	1.117189e+26	1.827432e+28	5.151575e+27	6.741065e+25	3.118866e+27	1.203261e+27	5.325573e+26	2.294797e+26	0.2188657	0	0.02054264	0.03560219	0.03560219	0.001424136	0.02670164	0	0	0	0	9.356822e-26	0	9.356822e-26	0	-317.1069	0	-317.1069	0	30149.85	77194.93	0	8447.673	4130186	0.000741633	0	0	0	0	0	0	0	0	
25200.66	678.0800001	1.173e+19	0	0	100000	2	1e-05	7.323953e+26	1.711136e+26	1.598474e+26	1.12662e+25	2.64911e+26	2.963708e+26	5.320821e+25	1.243133e+25	1.161284e+25	8.184844e+23	1.924567e+25	2.153121e+25	0.4046596	9.577477e+25	0	0	0	3.383873e-52	0	9.577477e+25	0	0	0	0	0	0	0	0	0	0	0	0	0	0	6.854469e+26	0	6.854469e+26	3.098596e+26	0	3.098596e+26	1.658844e+26	0	1.658844e+26	6.197191e+26	0	6.197191e+26	1.846638e+26	0	1.846638e+26	5.915501e+26	0	5.915501e+26	4.783754e+23	6.445621e-10	0.0005366013	6.760213e+10	1.484431e+10	8.175468e+10	1.856953e-06	7.371217e-12	4.522479e-18	0.49831	0.5	0.09171876	0.9999923	106.931	13.29742	10569.8	1.117189e+26	1.827432e+28	5.151575e+27	6.741065e+25	3.118866e+27	1.203261e+27	5.325573e+26	2.294797e+26	0.2188657	0	0.02062466	0.03560219	0.03560219	0.001424136	0.02670164	0	0	0	0	4.49017e-26	0	4.49017e-26	0	-316.1297	0	-316.1297	0	30149.85	77194.93	0	8447.673	4138161	0.000741633	0	0	0	0	0	0	0	0	
25200.67	666.9600001	1.1385e+19	0	0	100000	2	1e-05	7.323954e+26	1.711137e+26	1.598369e+26	1.127677e+25	2.64911e+26	2.963708e+26	5.320821e+25	1.243133e+25	1.161208e+25	8.192525e+23	1.924567e+25	2.153121e+25	0.4046595	9.577478e+25	0	0	0	1.34084e-52	0	9.577478e+25	0	0	0	0	0	0	0	0	0	0	0	0	0	0	6.85447e+26	0	6.85447e+26	3.098596e+26	0	3.098596e+26	1.658844e+26	0	1.658844e+26	6.197192e+26	0	6.197192e+26	1.846638e+26	0	1.846638e+26	5.915501e+26	0	5.915501e+26	4.788572e+23	6.446957e-10	0.0005374759	6.760213e+10	1.484431e+10	8.175469e+10	1.856953e-06	7.371217e-12	4.522479e-18	0.49831	0.5	0.09171876	0.9999923	106.9311	13.29742	10569.8	1.117189e+26	1.827432e+28	5.151575e+27	6.741065e+25	3.118866e+27	1.203261e+27	5.325573e+26	2.294797e+26	0.2188657	0	0.02069677	0.03560219	0.03560219	0.001424136	0.02670164	0	0	0	0	2.120013e-26	0	2.120013e-26	0	-315.1068	0	-315.1068	0	30149.85	77194.93	0	8447.673	4146034	0.000741633	0	0	0	0	0	0	0	0	
25200.68	655.8400001	1.104e+19	0	0	100000	2	1e-05	7.323955e+26	1.711137e+26	1.59827e+26	1.12867e+25	2.64911e+26	2.963708e+26	5.320822e+25	1.243134e+25	1.161137e+25	8.19974e+23	1.924567e+25	2.153121e+25	0.4046595	9.57748e+25	0	0	0	5.313515e-53	0	9.57748e+25	0	0	0	0	0	0	0	0	0	0	0	0	0	0	6.854471e+26	0	6.854471e+26	3.098596e+26	0	3.098596e+26	1.658845e+26	0	1.658845e+26	6.197193e+26	0	6.197193e+26	1.846638e+26	0	1.846638e+26	5.915502e+26	0	5.915502e+26	4.793031e+23	6.448358e-10	0.0005383272	6.760212e+10	1.484432e+10	8.175469e+10	1.856953e-06	7.371217e-12	4.522479e-18	0.49831	0.5	0.09171876	0.9999923	106.9311	13.29742	10569.8	1.117189e+26	1.827432e+28	5.151575e+27	6.741065e+25	3.118866e+27	1.203261e+27	5.325573e+26	2.294797e+26	0.2188657	0	0.02075928	0.03560219	0.03560219	0.001424136	0.02670164	0	0	0	0	9.842803e-27	0	9.842803e-27	0	-314.0368	0	-314.0368	0	30149.85	77194.93	0	8447.673	4153805	0.000741633	0	0	0	0	0	0	0	0	
25200.69	644.7200001	1.0695e+19	0	0	100000	2	1e-05	7.323956e+26	1.711138e+26	1.598178e+26	1.1296e+25	2.64911e+26	2.963708e+26	5.320823e+25	1.243135e+25	1.16107e+25	8.206497e+23	1.924567e+25	2.153121e+25	0.4046594	9.577481e+25	0	0	0	2.105828e-53	0	9.577481e+25	0	0	0	0	0	0	0	0	0	0	0	0	0	0	6.854472e+26	0	6.854472e+26	3.098597e+26	0	3.098597e+26	1.658845e+26	0	1.658845e+26	6.197193e+26	0	6.197193e+26	1.846638e+26	0	1.846638e+26	5.915503e+26	0	5.915503e+26	4.797158e+23	6.449813e-10	0.0005391555	6.760212e+10	1.484432e+10	8.175469e+10	1.856953e-06	7.371217e-12	4.522479e-18	0.49831	0.5	0.09171876	0.9999923	106.9311	13.29742	10569.8	1.117189e+26	1.827432e+28	5.151575e+27	6.741065e+25	3.118866e+27	1.203261e+27	5.325573e+26	2.294797e+26	0.2188657	0	0.0208125	0.03560219	0.03560219	0.001424136	0.02670164	0	0	0	0	4.491131e-27	0	4.491131e-27	0	-312.918	0	-312.918	0	30149.85	77194.93	0	8447.673	4161473	0.000741633	0	0	0	0	0	0	0	0	
25200.7	633.6000001	1.035e+19	0	0	100000	2	1e-05	7.323957e+26	1.711139e+26	1.598092e+26	1.130469e+25	2.64911e+26	2.963708e+26	5.320823e+25	1.243135e+25	1.161007e+25	8.212807e+23	1.924567e+25	2.153121e+25	0.4046594	9.577482e+25	0	0	0	8.346299e-54	0	9.577482e+25	0	0	0	0	0	0	0	0	0	0	0	0	0	0	6.854472e+26	0	6.854472e+26	3.098597e+26	0	3.098597e+26	1.658845e+26	0	1.658845e+26	6.197194e+26	0	6.197194e+26	1.846639e+26	0	1.846639e+26	5.915504e+26	0	5.915504e+26	4.800974e+23	6.451316e-10	0.0005399616	6.760212e+10	1.484432e+10	8.175469e+10	1.856953e-06	7.371218e-12	4.522479e-18	0.49831	0.5	0.09171876	0.9999923	106.9311	13.29742	10569.8	1.117189e+26	1.827432e+28	5.151575e+27	6.741065e+25	3.118866e+27	1.203261e+27	5.325573e+26	2.294797e+26	0.2188657	0	0.02085678	0.03560219	0.03560219	0.001424136	0.02670164	0	0	0	0	2.012751e-27	0	2.012751e-27	0	-311.7488	0	-311.7488	0	30149.85	77194.93	0	8447.673	4169036	0.000741633	0	0	0	0	0	0	0	0	
25200.71	622.4800001	1.0005e+19	0	0	100000	2	1e-05	7.323958e+26	1.71114e+26	1.598012e+26	1.131278e+25	2.64911e+26	2.963708e+26	5.320824e+25	1.243136e+25	1.160949e+25	8.218686e+23	1.924567e+25	2.153121e+25	0.4046593	9.577483e+25	0	0	0	3.308179e-54	0	9.577483e+25	0	0	0	0	0	0	0	0	0	0	0	0	0	0	6.854473e+26	0	6.854473e+26	3.098597e+26	0	3.098597e+26	1.658845e+26	0	1.658845e+26	6.197195e+26	0	6.197195e+26	1.846639e+26	0	1.846639e+26	5.915504e+26	0	5.915504e+26	4.8045e+23	6.45286e-10	0.0005407463	6.760212e+10	1.484432e+10	8.175469e+10	1.856953e-06	7.371218e-12	4.52248e-18	0.49831	0.5	0.09171876	0.9999923	106.9311	13.29743	10569.8	1.117189e+26	1.827432e+28	5.151575e+27	6.741065e+25	3.118866e+27	1.203261e+27	5.325573e+26	2.294797e+26	0.2188657	0	0.02089245	0.03560219	0.03560219	0.001424136	0.02670164	0	0	0	0	8.854237e-28	0	8.854237e-28	0	-310.5273	0	-310.5273	0	30149.85	77194.93	0	8447.673	4176495	0.000741633	0	0	0	0	0	0	0	0	
25200.72	611.3600001	9.660000004e+18	0	0	100000	2	1e-05	7.323958e+26	1.71114e+26	1.597937e+26	1.13203e+25	2.64911e+26	2.963708e+26	5.320825e+25	1.243136e+25	1.160895e+25	8.22415e+23	1.924567e+25	2.153121e+25	0.4046593	9.577484e+25	0	0	0	1.311301e-54	0	9.577484e+25	0	0	0	0	0	0	0	0	0	0	0	0	0	0	6.854474e+26	0	6.854474e+26	3.098598e+26	0	3.098598e+26	1.658845e+26	0	1.658845e+26	6.197196e+26	0	6.197196e+26	1.846639e+26	0	1.846639e+26	5.915505e+26	0	5.915505e+26	4.807758e+23	6.454442e-10	0.0005415109	6.760212e+10	1.484432e+10	8.175469e+10	1.856953e-06	7.371218e-12	4.52248e-18	0.49831	0.5	0.09171876	0.9999923	106.9311	13.29743	10569.8	1.117189e+26	1.827432e+28	5.151575e+27	6.741065e+25	3.118866e+27	1.203261e+27	5.325573e+26	2.294797e+26	0.2188657	0	0.02091987	0.03560219	0.03560219	0.001424136	0.02670164	0	0	0	0	3.820804e-28	0	3.820804e-28	0	-309.2519	0	-309.2519	0	30149.85	77194.93	0	8447.673	4183848	0.000741633	0	0	0	0	0	0	0	0	
25200.73	600.2400001	9.315000004e+18	0	0	100000	2	1e-05	7.323959e+26	1.711141e+26	1.597868e+26	1.132728e+25	2.64911e+26	2.963708e+26	5.320825e+25	1.243137e+25	1.160844e+25	8.229218e+23	1.924567e+25	2.153121e+25	0.4046593	9.577485e+25	0	0	0	5.197917e-55	0	9.577485e+25	0	0	0	0	0	0	0	0	0	0	0	0	0	0	6.854475e+26	0	6.854475e+26	3.098598e+26	0	3.098598e+26	1.658845e+26	0	1.658845e+26	6.197196e+26	0	6.197196e+26	1.846639e+26	0	1.846639e+26	5.915506e+26	0	5.915506e+26	4.810765e+23	6.456058e-10	0.0005422567	6.760212e+10	1.484432e+10	8.175469e+10	1.856953e-06	7.371218e-12	4.52248e-18	0.49831	0.5	0.09171876	0.9999923	106.9311	13.29743	10569.8	1.117189e+26	1.827432e+28	5.151575e+27	6.741065e+25	3.118866e+27	1.203261e+27	5.325573e+26	2.294797e+26	0.2188657	0	0.02093939	0.03560219	0.03560219	0.001424136	0.02670164	0	0	0	0	1.616233e-28	0	1.616233e-28	0	-307.9204	0	-307.9204	0	30149.85	77194.93	0	8447.673	4191094	0.000741633	0	0	0	0	0	0	0	0	
25200.74	589.1200001	8.970000004e+18	0	0	100000	2	1e-05	7.32396e+26	1.711142e+26	1.597804e+26	1.133373e+25	2.64911e+26	2.963708e+26	5.320826e+25	1.243137e+25	1.160798e+25	8.233909e+23	1.924567e+25	2.153121e+25	0.4046592	9.577486e+25	0	0	0	2.06046e-55	0	9.577486e+25	0	0	0	0	0	0	0	0	0	0	0	0	0	0	6.854475e+26	0	6.854475e+26	3.098598e+26	0	3.098598e+26	1.658846e+26	0	1.658846e+26	6.197197e+26	0	6.197197e+26	1.846639e+26	0	1.846639e+26	5.915506e+26	0	5.915506e+26	4.813537e+23	6.457706e-10	0.000542985	6.760212e+10	1.484432e+10	8.17547e+10	1.856953e-06	7.371218e-12	4.52248e-18	0.49831	0.5	0.09171876	0.9999923	106.9311	13.29743	10569.8	1.117189e+26	1.827432e+28	5.151575e+27	6.741065e+25	3.118866e+27	1.203261e+27	5.325573e+26	2.294797e+26	0.2188657	0	0.02095137	0.03560219	0.03560219	0.001424136	0.02670164	0	0	0	0	6.697105e-29	0	6.697105e-29	0	-306.5311	0	-306.5311	0	30149.85	77194.93	0	8447.673	4198233	0.000741633	0	0	0	0	0	0	0	0	
25200.75	578.0000001	8.625000004e+18	0	0	100000	2	1e-05	7.323961e+26	1.711142e+26	1.597745e+26	1.13397e+25	2.649111e+26	2.963708e+26	5.320826e+25	1.243137e+25	1.160755e+25	8.238244e+23	1.924567e+25	2.153121e+25	0.4046592	9.577487e+25	0	0	0	8.167746e-56	0	9.577487e+25	0	0	0	0	0	0	0	0	0	0	0	0	0	0	6.854476e+26	0	6.854476e+26	3.098599e+26	0	3.098599e+26	1.658846e+26	0	1.658846e+26	6.197198e+26	0	6.197198e+26	1.84664e+26	0	1.84664e+26	5.915507e+26	0	5.915507e+26	4.816092e+23	6.459386e-10	0.0005436973	6.760212e+10	1.484432e+10	8.17547e+10	1.856953e-06	7.371218e-12	4.52248e-18	0.49831	0.5	0.09171877	0.9999923	106.9311	13.29743	10569.8	1.117189e+26	1.827432e+28	5.151575e+27	6.741065e+25	3.118866e+27	1.203261e+27	5.325573e+26	2.294797e+26	0.2188657	0	0.02095617	0.03560219	0.03560219	0.001424136	0.02670164	0	0	0	0	2.7163e-29	0	2.7163e-29	0	-305.0816	0	-305.0816	0	30149.85	77194.93	0	8447.673	4205264	0.000741633	0	0	0	0	0	0	0	0	
25200.76	566.8800001	8.280000004e+18	0	0	100000	2	1e-05	7.323961e+26	1.711143e+26	1.597691e+26	1.13452e+25	2.649111e+26	2.963708e+26	5.320827e+25	1.243138e+25	1.160715e+25	8.242242e+23	1.924568e+25	2.153121e+25	0.4046592	9.577488e+25	0	0	0	3.237718e-56	0	9.577488e+25	0	0	0	0	0	0	0	0	0	0	0	0	0	0	6.854477e+26	0	6.854477e+26	3.098599e+26	0	3.098599e+26	1.658846e+26	0	1.658846e+26	6.197198e+26	0	6.197198e+26	1.84664e+26	0	1.84664e+26	5.915507e+26	0	5.915507e+26	4.818443e+23	6.461097e-10	0.000544395	6.760212e+10	1.484432e+10	8.17547e+10	1.856953e-06	7.371218e-12	4.52248e-18	0.49831	0.5	0.09171877	0.9999923	106.9312	13.29743	10569.8	1.117189e+26	1.827432e+28	5.151575e+27	6.741065e+25	3.118866e+27	1.203261e+27	5.325573e+26	2.294797e+26	0.2188657	0	0.02095414	0.03560219	0.03560219	0.001424136	0.02670164	0	0	0	0	1.077538e-29	0	1.077538e-29	0	-303.5698	0	-303.5698	0	30149.85	77194.93	0	8447.673	4212186	0.000741633	0	0	0	0	0	0	0	0	
25200.77	555.7600001	7.935000004e+18	0	0	100000	2	1e-05	7.323962e+26	1.711143e+26	1.597641e+26	1.135027e+25	2.649111e+26	2.963708e+26	5.320827e+25	1.243138e+25	1.160679e+25	8.245921e+23	1.924568e+25	2.153121e+25	0.4046591	9.577489e+25	0	0	0	1.283423e-56	0	9.577489e+25	0	0	0	0	0	0	0	0	0	0	0	0	0	0	6.854477e+26	0	6.854477e+26	3.098599e+26	0	3.098599e+26	1.658846e+26	0	1.658846e+26	6.197199e+26	0	6.197199e+26	1.84664e+26	0	1.84664e+26	5.915508e+26	0	5.915508e+26	4.820603e+23	6.462838e-10	0.0005450795	6.760211e+10	1.484432e+10	8.17547e+10	1.856953e-06	7.371218e-12	4.52248e-18	0.49831	0.5	0.09171877	0.9999923	106.9312	13.29743	10569.8	1.117189e+26	1.827432e+28	5.151575e+27	6.741065e+25	3.118866e+27	1.203261e+27	5.325573e+26	2.294797e+26	0.2188657	0	0.02094564	0.03560219	0.03560219	0.001424136	0.02670164	0	0	0	0	4.177272e-30	0	4.177272e-30	0	-301.9935	0	-301.9935	0	30149.85	77194.93	0	8447.673	4218999	0.000741633	0	0	0	0	0	0	0	0	
25200.78	544.6400001	7.590000004e+18	0	0	100000	2	1e-05	7.323963e+26	1.711144e+26	1.597595e+26	1.135492e+25	2.649111e+26	2.963708e+26	5.320828e+25	1.243139e+25	1.160646e+25	8.249302e+23	1.924568e+25	2.153121e+25	0.4046591	9.57749e+25	0	0	0	5.087343e-57	0	9.57749e+25	0	0	0	0	0	0	0	0	0	0	0	0	0	0	6.854478e+26	0	6.854478e+26	3.0986e+26	0	3.0986e+26	1.658846e+26	0	1.658846e+26	6.197199e+26	0	6.197199e+26	1.84664e+26	0	1.84664e+26	5.915508e+26	0	5.915508e+26	4.822586e+23	6.46461e-10	0.0005457524	6.760211e+10	1.484432e+10	8.17547e+10	1.856953e-06	7.371219e-12	4.52248e-18	0.49831	0.5	0.09171877	0.9999923	106.9312	13.29743	10569.8	1.117189e+26	1.827432e+28	5.151575e+27	6.741065e+25	3.118866e+27	1.203261e+27	5.325573e+26	2.294797e+26	0.2188657	0	0.02093103	0.03560219	0.03560219	0.001424136	0.02670164	0	0	0	0	1.581174e-30	0	1.581174e-30	0	-300.35	0	-300.35	0	30149.85	77194.93	3544.052	8447.673	4225700	1.720421e-12	1	5.183589	0.4520646	1	2	0	0.03619604	0	
25200.79	533.5200001	7.245000004e+18	0	0	100000	2	1e-05	7.323963e+26	1.711144e+26	1.597552e+26	1.135919e+25	2.649111e+26	2.963708e+26	5.320828e+25	1.243139e+25	1.160615e+25	8.2524e+23	1.924568e+25	2.153121e+25	0.4046591	9.577491e+25	0	0	0	2.016501e-57	0	9.577491e+25	0	0	0	0	0	0	0	0	0	0	0	0	0	0	6.854479e+26	0	6.854479e+26	3.0986e+26	0	3.0986e+26	1.658846e+26	0	1.658846e+26	6.1972e+26	0	6.1972e+26	1.84664e+26	0	1.84664e+26	5.915509e+26	0	5.915509e+26	4.824403e+23	6.466413e-10	0.000546415	6.760211e+10	1.484432e+10	8.17547e+10	1.856953e-06	7.371219e-12	4.52248e-18	0.49831	0.5	0.09171877	0.9999923	106.9312	13.29744	10569.8	1.117189e+26	1.827432e+28	5.151575e+27	6.741065e+25	3.118866e+27	1.203261e+27	5.325573e+26	2.294797e+26	0.2188657	0	0.02091064	0.03560219	0.03560219	0.001424136	0.02670164	0	0	0	0	5.838436e-31	0	5.838436e-31	0	-298.637	0	-298.637	0	30149.85	77194.93	3544.052	8447.673	4232291	1.720617e-12	1	5.183589	0.4520646	1	2	0	0.03613968	0	
25200.8	522.4000001	6.900000004e+18	0	0	100000	2	1e-05	7.323964e+26	1.711145e+26	1.597514e+26	1.136309e+25	2.649111e+26	2.963708e+26	5.320829e+25	1.243139e+25	1.160587e+25	8.255235e+23	1.924568e+25	2.153121e+25	0.4046591	9.577491e+25	0	0	0	7.992604e-58	0	9.577491e+25	0	0	0	0	0	0	0	0	0	0	0	0	0	0	6.854479e+26	0	6.854479e+26	3.0986e+26	0	3.0986e+26	1.658847e+26	0	1.658847e+26	6.1972e+26	0	6.1972e+26	1.84664e+26	0	1.84664e+26	5.915509e+26	0	5.915509e+26	4.826064e+23	6.468249e-10	0.0005470686	6.760211e+10	1.484432e+10	8.17547e+10	1.856953e-06	7.371219e-12	4.52248e-18	0.49831	0.5	0.09171877	0.9999923	106.9312	13.29744	10569.8	1.117189e+26	1.827432e+28	5.151575e+27	6.741065e+25	3.118866e+27	1.203261e+27	5.325573e+26	2.294797e+26	0.2188657	0	0.02088482	0.03560219	0.03560219	0.001424136	0.02670164	0	0	0	0	2.100997e-31	0	2.100997e-31	0	-296.8516	0	-296.8516	0	30149.85	77194.93	3544.052	8447.673	4238769	1.720799e-12	1	5.183589	0.4520646	1	2	0	0.03608445	0	
25200.81	511.2800001	6.555000004e+18	0	0	100000	2	1e-05	7.323964e+26	1.711145e+26	1.597479e+26	1.136665e+25	2.649111e+26	2.963708e+26	5.320829e+25	1.24314e+25	1.160562e+25	8.257821e+23	1.924568e+25	2.153121e+25	0.404659	9.577492e+25	0	0	0	3.167797e-58	0	9.577492e+25	0	0	0	0	0	0	0	0	0	0	0	0	0	0	6.85448e+26	0	6.85448e+26	3.0986e+26	0	3.0986e+26	1.658847e+26	0	1.658847e+26	6.197201e+26	0	6.197201e+26	1.846641e+26	0	1.846641e+26	5.91551e+26	0	5.91551e+26	4.82758e+23	6.470117e-10	0.0005477146	6.760211e+10	1.484433e+10	8.17547e+10	1.856953e-06	7.371219e-12	4.522481e-18	0.4983099	0.5	0.09171877	0.9999923	106.9312	13.29744	10569.8	1.117189e+26	1.827432e+28	5.151575e+27	6.741065e+25	3.118866e+27	1.203261e+27	5.325573e+26	2.294797e+26	0.2188657	0	0.0208539	0.03560219	0.03560219	0.001424136	0.02670164	0	0	0	0	7.360832e-32	0	7.360832e-32	0	-294.991	0	-294.991	0	30149.85	77194.93	3544.053	8447.673	4245135	1.720967e-12	1	5.183589	0.4520646	1	2	0	0.03603034	0	
25200.82	500.1600001	6.210000005e+18	0	0	100000	2	1e-05	7.323965e+26	1.711146e+26	1.597447e+26	1.136989e+25	2.649111e+26	2.963708e+26	5.320829e+25	1.24314e+25	1.160538e+25	8.260174e+23	1.924568e+25	2.153121e+25	0.404659	9.577493e+25	0	0	0	1.255458e-58	0	9.577493e+25	0	0	0	0	0	0	0	0	0	0	0	0	0	0	6.85448e+26	0	6.85448e+26	3.098601e+26	0	3.098601e+26	1.658847e+26	0	1.658847e+26	6.197201e+26	0	6.197201e+26	1.846641e+26	0	1.846641e+26	5.91551e+26	0	5.91551e+26	4.828959e+23	6.472018e-10	0.0005483543	6.760211e+10	1.484433e+10	8.17547e+10	1.856953e-06	7.371219e-12	4.522481e-18	0.4983099	0.5	0.09171877	0.9999923	106.9312	13.29744	10569.8	1.117189e+26	1.827432e+28	5.151575e+27	6.741065e+25	3.118866e+27	1.203261e+27	5.325573e+26	2.294797e+26	0.2188657	0	0.02081821	0.03560219	0.03560219	0.001424136	0.02670164	0	0	0	0	2.50806e-32	0	2.50806e-32	0	-293.0523	0	-293.0523	0	30149.85	77194.93	3544.053	8447.673	4251387	1.721122e-12	1	5.183589	0.4520646	1	2	0	0.03597736	0	
25200.83	489.0400001	5.865000005e+18	0	0	100000	2	1e-05	7.323966e+26	1.711146e+26	1.597418e+26	1.137282e+25	2.649111e+26	2.963708e+26	5.32083e+25	1.24314e+25	1.160517e+25	8.262309e+23	1.924568e+25	2.153121e+25	0.404659	9.577493e+25	0	0	0	4.975308e-59	0	9.577493e+25	0	0	0	0	0	0	0	0	0	0	0	0	0	0	6.854481e+26	0	6.854481e+26	3.098601e+26	0	3.098601e+26	1.658847e+26	0	1.658847e+26	6.197202e+26	0	6.197202e+26	1.846641e+26	0	1.846641e+26	5.915511e+26	0	5.915511e+26	4.83021e+23	6.473954e-10	0.0005489889	6.760211e+10	1.484433e+10	8.175471e+10	1.856953e-06	7.371219e-12	4.522481e-18	0.4983099	0.5	0.09171877	0.9999923	106.9312	13.29744	10569.8	1.117189e+26	1.827432e+28	5.151575e+27	6.741065e+25	3.118866e+27	1.203261e+27	5.325573e+26	2.294797e+26	0.2188657	0	0.02077805	0.03560219	0.03560219	0.001424136	0.02670164	0	0	0	0	8.301757e-33	0	8.301757e-33	0	-291.0322	0	-291.0322	0	30149.85	77194.93	3544.053	8447.673	4257525	1.721264e-12	1	5.183589	0.4520646	1	2	0	0.03592549	0	
25200.84	477.9200002	5.520000005e+18	0	0	100000	2	1e-05	7.323966e+26	1.711147e+26	1.597392e+26	1.137548e+25	2.649111e+26	2.963708e+26	5.32083e+25	1.243141e+25	1.160498e+25	8.264238e+23	1.924568e+25	2.153122e+25	0.404659	9.577494e+25	0	0	0	1.97155e-59	0	9.577494e+25	0	0	0	0	0	0	0	0	0	0	0	0	0	0	6.854481e+26	0	6.854481e+26	3.098601e+26	0	3.098601e+26	1.658847e+26	0	1.658847e+26	6.197202e+26	0	6.197202e+26	1.846641e+26	0	1.846641e+26	5.915511e+26	0	5.915511e+26	4.831342e+23	6.475927e-10	0.0005496195	6.760211e+10	1.484433e+10	8.175471e+10	1.856953e-06	7.371219e-12	4.522481e-18	0.4983099	0.5	0.09171877	0.9999923	106.9312	13.29744	10569.8	1.117189e+26	1.827432e+28	5.151575e+27	6.741065e+25	3.118866e+27	1.203261e+27	5.325573e+26	2.294797e+26	0.2188657	0	0.02073374	0.03560219	0.03560219	0.001424136	0.02670164	0	0	0	0	2.666304e-33	0	2.666304e-33	0	-288.9275	0	-288.9275	0	30149.85	77194.93	3623.572	8447.673	4263549	1.721393e-12	1	5.323311	0.4520637	1	2	0	0.03587474	0	
25200.85	466.8000001	5.175000005e+18	0	0	100000	2	1e-05	7.323966e+26	1.711147e+26	1.597368e+26	1.137787e+25	2.649111e+26	2.963708e+26	5.32083e+25	1.243141e+25	1.160481e+25	8.265974e+23	1.924568e+25	2.153122e+25	0.4046589	9.577495e+25	0	0	0	7.812015e-60	0	9.577495e+25	0	0	0	0	0	0	0	0	0	0	0	0	0	0	6.854481e+26	0	6.854481e+26	3.098601e+26	0	3.098601e+26	1.658847e+26	0	1.658847e+26	6.197202e+26	0	6.197202e+26	1.846641e+26	0	1.846641e+26	5.915511e+26	0	5.915511e+26	4.832362e+23	6.477936e-10	0.0005502473	6.760211e+10	1.484433e+10	8.175471e+10	1.856953e-06	7.371219e-12	4.522481e-18	0.4983099	0.5	0.09171877	0.9999923	106.9312	13.29744	10569.8	1.117189e+26	1.827432e+28	5.151575e+27	6.741065e+25	3.118866e+27	1.203261e+27	5.325573e+26	2.294797e+26	0.2188657	0	0.02068558	0.03560219	0.03560219	0.001424136	0.02670164	0	0	0	0	8.298777e-34	0	8.298777e-34	0	-286.7347	0	-286.7347	0	30149.85	77194.93	3623.573	8447.673	4269456	1.72151e-12	1	5.323311	0.4520637	1	2	0	0.0358251	0	
25200.86	455.6800002	4.830000005e+18	0	0	100000	2	1e-05	7.323967e+26	1.711147e+26	1.597347e+26	1.138001e+25	2.649111e+26	2.963708e+26	5.320831e+25	1.243141e+25	1.160466e+25	8.26753e+23	1.924568e+25	2.153122e+25	0.4046589	9.577495e+25	0	0	0	3.095162e-60	0	9.577495e+25	0	0	0	0	0	0	0	0	0	0	0	0	0	0	6.854482e+26	0	6.854482e+26	3.098601e+26	0	3.098601e+26	1.658847e+26	0	1.658847e+26	6.197203e+26	0	6.197203e+26	1.846641e+26	0	1.846641e+26	5.915512e+26	0	5.915512e+26	4.833276e+23	6.479983e-10	0.0005508734	6.760211e+10	1.484433e+10	8.175471e+10	1.856953e-06	7.371219e-12	4.522481e-18	0.4983099	0.5	0.09171877	0.9999923	106.9312	13.29744	10569.8	1.117189e+26	1.827432e+28	5.151575e+27	6.741065e+25	3.118866e+27	1.203261e+27	5.325573e+26	2.294797e+26	0.2188657	0	0.02063386	0.03560219	0.03560219	0.001424136	0.02670164	0	0	0	0	2.499824e-34	0	2.499824e-34	0	-284.4499	0	-284.4499	0	30149.85	77194.93	3623.573	8447.673	4275248	1.721616e-12	1	5.323311	0.4520637	1	2	0	0.03577657	0	
25200.87	444.5600002	4.485000005e+18	0	0	100000	2	1e-05	7.323967e+26	1.711148e+26	1.597328e+26	1.138192e+25	2.649111e+26	2.963708e+26	5.320831e+25	1.243141e+25	1.160452e+25	8.268916e+23	1.924568e+25	2.153122e+25	0.4046589	9.577496e+25	0	0	0	1.226215e-60	0	9.577496e+25	0	0	0	0	0	0	0	0	0	0	0	0	0	0	6.854482e+26	0	6.854482e+26	3.098602e+26	0	3.098602e+26	1.658847e+26	0	1.658847e+26	6.197203e+26	0	6.197203e+26	1.846641e+26	0	1.846641e+26	5.915512e+26	0	5.915512e+26	4.834092e+23	6.48207e-10	0.0005514988	6.760211e+10	1.484433e+10	8.175471e+10	1.856953e-06	7.371219e-12	4.522481e-18	0.4983099	0.5	0.09171877	0.9999923	106.9312	13.29744	10569.8	1.117189e+26	1.827432e+28	5.151575e+27	6.741065e+25	3.118866e+27	1.203261e+27	5.325573e+26	2.294797e+26	0.2188657	0	0.02057885	0.03560219	0.03560219	0.001424136	0.02670164	0	0	0	0	7.277635e-35	0	7.277635e-35	0	-282.0694	0	-282.0694	0	30149.85	77194.93	3623.573	8447.673	4280922	1.72171e-12	1	5.323311	0.4520637	1	2	0	0.03572915	0	
25200.88	433.4400002	4.140000005e+18	0	0	100000	2	1e-05	7.323968e+26	1.711148e+26	1.597312e+26	1.138361e+25	2.649111e+26	2.963709e+26	5.320831e+25	1.243142e+25	1.16044e+25	8.270142e+23	1.924568e+25	2.153122e+25	0.4046589	9.577496e+25	0	0	0	4.857474e-61	0	9.577496e+25	0	0	0	0	0	0	0	0	0	0	0	0	0	0	6.854482e+26	0	6.854482e+26	3.098602e+26	0	3.098602e+26	1.658847e+26	0	1.658847e+26	6.197203e+26	0	6.197203e+26	1.846641e+26	0	1.846641e+26	5.915512e+26	0	5.915512e+26	4.834815e+23	6.484197e-10	0.0005521246	6.760211e+10	1.484433e+10	8.175471e+10	1.856953e-06	7.371219e-12	4.522481e-18	0.4983099	0.5	0.09171877	0.9999923	106.9312	13.29744	10569.8	1.117189e+26	1.827432e+28	5.151575e+27	6.741065e+25	3.118866e+27	1.203261e+27	5.325573e+26	2.294797e+26	0.2188657	0	0.02052082	0.03560219	0.03560219	0.001424136	0.02670164	0	0	0	0	2.044631e-35	0	2.044631e-35	0	-279.589	0	-279.589	0	30149.85	77194.93	3623.573	8447.673	4286479	1.721793e-12	1	5.323311	0.4520637	1	2	0	0.03568283	0	
25200.89	422.3200002	3.795000005e+18	0	0	100000	2	1e-05	7.323968e+26	1.711148e+26	1.597297e+26	1.138509e+25	2.649111e+26	2.963709e+26	5.320831e+25	1.243142e+25	1.16043e+25	8.271219e+23	1.924568e+25	2.153122e+25	0.4046589	9.577496e+25	0	0	0	1.924037e-61	0	9.577496e+25	0	0	0	0	0	0	0	0	0	0	0	0	0	0	6.854483e+26	0	6.854483e+26	3.098602e+26	0	3.098602e+26	1.658847e+26	0	1.658847e+26	6.197204e+26	0	6.197204e+26	1.846641e+26	0	1.846641e+26	5.915513e+26	0	5.915513e+26	4.835452e+23	6.486367e-10	0.0005527518	6.760211e+10	1.484433e+10	8.175471e+10	1.856953e-06	7.371219e-12	4.522481e-18	0.4983099	0.5	0.09171877	0.9999923	106.9313	13.29744	10569.8	1.117189e+26	1.827432e+28	5.151575e+27	6.741065e+25	3.118866e+27	1.203261e+27	5.325573e+26	2.294797e+26	0.2188657	0	0.02046004	0.03560219	0.03560219	0.001424136	0.02670164	0	0	0	0	5.534817e-36	0	5.534817e-36	0	-277.0043	0	-277.0043	0	30149.85	77194.93	3703.092	8447.673	4291918	1.721866e-12	1	5.463033	0.452063	1	2	0	0.03563762	0	
25200.9	411.2000002	3.450000005e+18	0	0	100000	2	1e-05	7.323968e+26	1.711148e+26	1.597285e+26	1.138638e+25	2.649111e+26	2.963709e+26	5.320832e+25	1.243142e+25	1.16042e+25	8.272156e+23	1.924568e+25	2.153122e+25	0.4046589	9.577497e+25	0	0	0	7.620323e-62	0	9.577497e+25	0	0	0	0	0	0	0	0	0	0	0	0	0	0	6.854483e+26	0	6.854483e+26	3.098602e+26	0	3.098602e+26	1.658847e+26	0	1.658847e+26	6.197204e+26	0	6.197204e+26	1.846642e+26	0	1.846642e+26	5.915513e+26	0	5.915513e+26	4.836007e+23	6.488579e-10	0.0005533812	6.760211e+10	1.484433e+10	8.175471e+10	1.856953e-06	7.371219e-12	4.522481e-18	0.4983099	0.5	0.09171877	0.9999923	106.9313	13.29744	10569.8	1.117189e+26	1.827432e+28	5.151575e+27	6.741065e+25	3.118866e+27	1.203261e+27	5.325573e+26	2.294797e+26	0.2188657	0	0.02039675	0.03560219	0.03560219	0.001424136	0.02670164	0	0	0	0	1.441274e-36	0	1.441274e-36	0	-274.3105	0	-274.3105	0	30149.85	77194.93	3703.092	8447.673	4297238	1.72193e-12	1	5.463033	0.452063	1	2	0	0.0355935	0	
25200.91	400.0800002	3.105000005e+18	0	0	100000	2	1e-05	7.323968e+26	1.711149e+26	1.597274e+26	1.138749e+25	2.649111e+26	2.963709e+26	5.320832e+25	1.243142e+25	1.160413e+25	8.272961e+23	1.924568e+25	2.153122e+25	0.4046588	9.577497e+25	0	0	0	3.017791e-62	0	9.577497e+25	0	0	0	0	0	0	0	0	0	0	0	0	0	0	6.854483e+26	0	6.854483e+26	3.098602e+26	0	3.098602e+26	1.658848e+26	0	1.658848e+26	6.197204e+26	0	6.197204e+26	1.846642e+26	0	1.846642e+26	5.915513e+26	0	5.915513e+26	4.836487e+23	6.490837e-10	0.0005540139	6.760211e+10	1.484433e+10	8.175471e+10	1.856953e-06	7.371219e-12	4.522481e-18	0.4983099	0.5	0.09171877	0.9999923	106.9313	13.29744	10569.8	1.117189e+26	1.827432e+28	5.151575e+27	6.741065e+25	3.118866e+27	1.203261e+27	5.325573e+26	2.294797e+26	0.2188657	0	0.02033119	0.03560219	0.03560219	0.001424136	0.02670164	0	0	0	0	3.603861e-37	0	3.603861e-37	0	-271.503	0	-271.503	0	30149.85	77194.93	0	8447.673	4302439	1.72193e-12	0	0	0	0	0	0	0	0	
25200.92	388.9600002	2.760000005e+18	0	0	100000	2	1e-05	7.323969e+26	1.711149e+26	1.597265e+26	1.138843e+25	2.649111e+26	2.963709e+26	5.320832e+25	1.243142e+25	1.160406e+25	8.273643e+23	1.924568e+25	2.153122e+25	0.4046588	9.577497e+25	0	0	0	1.194976e-62	0	9.577497e+25	0	0	0	0	0	0	0	0	0	0	0	0	0	0	6.854483e+26	0	6.854483e+26	3.098602e+26	0	3.098602e+26	1.658848e+26	0	1.658848e+26	6.197204e+26	0	6.197204e+26	1.846642e+26	0	1.846642e+26	5.915513e+26	0	5.915513e+26	4.836895e+23	6.493141e-10	0.0005546509	6.76021e+10	1.484433e+10	8.175471e+10	1.856953e-06	7.371219e-12	4.522481e-18	0.4983099	0.5	0.09171877	0.9999923	106.9313	13.29745	10569.8	1.117189e+26	1.827432e+28	5.151575e+27	6.741065e+25	3.118866e+27	1.203261e+27	5.325573e+26	2.294797e+26	0.2188657	0	0.0202636	0.03560219	0.03560219	0.001424136	0.02670164	0	0	0	0	8.637045e-38	0	8.637045e-38	0	-268.5763	0	-268.5763	0	30149.85	77194.93	0	8447.673	4307519	1.72193e-12	0	0	0	0	0	0	0	0	
25200.93	377.8400002	2.415000005e+18	0	0	100000	2	1e-05	7.323969e+26	1.711149e+26	1.597257e+26	1.138921e+25	2.649111e+26	2.963709e+26	5.320832e+25	1.243142e+25	1.1604e+25	8.274209e+23	1.924568e+25	2.153122e+25	0.4046588	9.577498e+25	0	0	0	4.731319e-63	0	9.577498e+25	0	0	0	0	0	0	0	0	0	0	0	0	0	0	6.854484e+26	0	6.854484e+26	3.098602e+26	0	3.098602e+26	1.658848e+26	0	1.658848e+26	6.197204e+26	0	6.197204e+26	1.846642e+26	0	1.846642e+26	5.915513e+26	0	5.915513e+26	4.837238e+23	6.495492e-10	0.0005552929	6.76021e+10	1.484433e+10	8.175471e+10	1.856953e-06	7.371219e-12	4.522481e-18	0.4983099	0.5	0.09171877	0.9999923	106.9313	13.29745	10569.8	1.117189e+26	1.827432e+28	5.151575e+27	6.741065e+25	3.118866e+27	1.203261e+27	5.325573e+26	2.294797e+26	0.2188657	0	0.02019419	0.03560219	0.03560219	0.001424136	0.02670164	0	0	0	0	1.980073e-38	0	1.980073e-38	0	-265.525	0	-265.525	0	30149.85	77194.93	0	8447.673	4312479	1.72193e-12	0	0	0	0	0	0	0	0	
25200.94	366.7200002	2.070000005e+18	0	0	100000	2	1e-05	7.323969e+26	1.711149e+26	1.597251e+26	1.138984e+25	2.649111e+26	2.963709e+26	5.320832e+25	1.243142e+25	1.160396e+25	8.274668e+23	1.924568e+25	2.153122e+25	0.4046588	9.577498e+25	0	0	0	1.873084e-63	0	9.577498e+25	0	0	0	0	0	0	0	0	0	0	0	0	0	0	6.854484e+26	0	6.854484e+26	3.098602e+26	0	3.098602e+26	1.658848e+26	0	1.658848e+26	6.197205e+26	0	6.197205e+26	1.846642e+26	0	1.846642e+26	5.915513e+26	0	5.915513e+26	4.837518e+23	6.497892e-10	0.0005559411	6.76021e+10	1.484433e+10	8.175471e+10	1.856953e-06	7.37122e-12	4.522481e-18	0.4983099	0.5	0.09171877	0.9999923	106.9313	13.29745	10569.8	1.117189e+26	1.827432e+28	5.151575e+27	6.741065e+25	3.118866e+27	1.203261e+27	5.325573e+26	2.294797e+26	0.2188657	0	0.02012317	0.03560219	0.03560219	0.001424136	0.02670164	0	0	0	0	4.333521e-39	0	4.333521e-39	0	-262.3428	0	-262.3428	0	30149.85	77194.93	0	8447.673	4317318	1.72193e-12	0	0	0	0	0	0	0	0	
25200.95	355.6000002	1.725000005e+18	0	0	100000	2	1e-05	7.323969e+26	1.711149e+26	1.597246e+26	1.139033e+25	2.649111e+26	2.963709e+26	5.320832e+25	1.243143e+25	1.160392e+25	8.275025e+23	1.924568e+25	2.153122e+25	0.4046588	9.577498e+25	0	0	0	7.414527e-64	0	9.577498e+25	0	0	0	0	0	0	0	0	0	0	0	0	0	0	6.854484e+26	0	6.854484e+26	3.098602e+26	0	3.098602e+26	1.658848e+26	0	1.658848e+26	6.197205e+26	0	6.197205e+26	1.846642e+26	0	1.846642e+26	5.915514e+26	0	5.915514e+26	4.837742e+23	6.500343e-10	0.0005565961	6.76021e+10	1.484433e+10	8.175471e+10	1.856953e-06	7.37122e-12	4.522481e-18	0.4983099	0.5	0.09171877	0.9999923	106.9313	13.29745	10569.8	1.117189e+26	1.827432e+28	5.151575e+27	6.741065e+25	3.118866e+27	1.203261e+27	5.325573e+26	2.294797e+26	0.2188657	0	0.02005076	0.03560219	0.03560219	0.001424136	0.02670164	0	0	0	0	9.031974e-40	0	9.031974e-40	0	-259.0241	0	-259.0241	0	30149.85	77194.93	0	8447.673	4322035	1.72193e-12	0	0	0	0	0	0	0	0	
25200.96	344.4800002	1.380000005e+18	0	0	100000	2	1e-05	7.323969e+26	1.711149e+26	1.597242e+26	1.139069e+25	2.649111e+26	2.963709e+26	5.320832e+25	1.243143e+25	1.16039e+25	8.27529e+23	1.924568e+25	2.153122e+25	0.4046588	9.577498e+25	0	0	0	2.934673e-64	0	9.577498e+25	0	0	0	0	0	0	0	0	0	0	0	0	0	0	6.854484e+26	0	6.854484e+26	3.098602e+26	0	3.098602e+26	1.658848e+26	0	1.658848e+26	6.197205e+26	0	6.197205e+26	1.846642e+26	0	1.846642e+26	5.915514e+26	0	5.915514e+26	4.837913e+23	6.502846e-10	0.0005572591	6.76021e+10	1.484433e+10	8.175471e+10	1.856953e-06	7.37122e-12	4.522481e-18	0.4983099	0.5	0.09171877	0.9999923	106.9313	13.29745	10569.8	1.117189e+26	1.827432e+28	5.151575e+27	6.741065e+25	3.118866e+27	1.203261e+27	5.325573e+26	2.294797e+26	0.2188657	0	0.01997713	0.03560219	0.03560219	0.001424136	0.02670164	0	0	0	0	1.788907e-40	0	1.788907e-40	0	-255.5614	0	-255.5614	0	30149.85	77194.93	0	8447.673	4326629	1.72193e-12	0	0	0	0	0	0	0	0	
25200.97	333.3600002	1.035000005e+18	0	0	100000	2	1e-05	7.323969e+26	1.711149e+26	1.59724e+26	1.139094e+25	2.649111e+26	2.963709e+26	5.320832e+25	1.243143e+25	1.160388e+25	8.275467e+23	1.924568e+25	2.153122e+25	0.4046588	9.577498e+25	0	0	0	1.16141e-64	0	9.577498e+25	0	0	0	0	0	0	0	0	0	0	0	0	0	0	6.854484e+26	0	6.854484e+26	3.098602e+26	0	3.098602e+26	1.658848e+26	0	1.658848e+26	6.197205e+26	0	6.197205e+26	1.846642e+26	0	1.846642e+26	5.915514e+26	0	5.915514e+26	4.838035e+23	6.505404e-10	0.0005579308	6.76021e+10	1.484433e+10	8.175471e+10	1.856953e-06	7.37122e-12	4.522481e-18	0.4983099	0.5	0.09171877	0.9999923	106.9313	13.29745	10569.8	1.117189e+26	1.827432e+28	5.151575e+27	6.741065e+25	3.118866e+27	1.203261e+27	5.325573e+26	2.294797e+26	0.2188657	0	0.01990248	0.03560219	0.03560219	0.001424136	0.02670164	0	0	0	0	3.35741e-41	0	3.35741e-41	0	-251.9486	0	-251.9486	0	30149.85	77194.93	0	8447.673	4331101	1.72193e-12	0	0	0	0	0	0	0	0	
25200.98	322.2400002	6.900000054e+17	0	0	100000	2	1e-05	7.323969e+26	1.711149e+26	1.597239e+26	1.139107e+25	2.649111e+26	2.963709e+26	5.320832e+25	1.243143e+25	1.160387e+25	8.275564e+23	1.924568e+25	2.153122e+25	0.4046588	9.577498e+25	0	0	0	4.595791e-65	0	9.577498e+25	0	0	0	0	0	0	0	0	0	0	0	0	0	0	6.854484e+26	0	6.854484e+26	3.098602e+26	0	3.098602e+26	1.658848e+26	0	1.658848e+26	6.197205e+26	0	6.197205e+26	1.846642e+26	0	1.846642e+26	5.915514e+26	0	5.915514e+26	4.838112e+23	6.508016e-10	0.0005586123	6.76021e+10	1.484433e+10	8.175471e+10	1.856953e-06	7.37122e-12	4.522481e-18	0.4983099	0.5	0.09171877	0.9999923	106.9313	13.29745	10569.8	1.117189e+26	1.827432e+28	5.151575e+27	6.741065e+25	3.118866e+27	1.203261e+27	5.325573e+26	2.294797e+26	0.2188657	0	0.01982699	0.03560219	0.03560219	0.001424136	0.02670164	0	0	0	0	5.958812e-42	0	5.958812e-42	0	-248.1762	0	-248.1762	0	30149.85	77194.93	4008.696	8447.673	4335450	1.722186e-12	1	6	0.3964527	1	2	0	0.01432574	0	
25200.99	311.1200002	3.450000055e+17	0	0	100000	2	1e-05	7.323969e+26	1.711149e+26	1.597238e+26	1.13911e+25	2.649111e+26	2.963709e+26	5.320833e+25	1.243143e+25	1.160387e+25	8.275587e+23	1.924568e+25	2.153122e+25	0.4046588	9.577499e+25	0	0	0	1.818375e-65	0	9.577499e+25	0	0	0	0	0	0	0	0	0	0	0	0	0	0	6.854484e+26	0	6.854484e+26	3.098602e+26	0	3.098602e+26	1.658848e+26	0	1.658848e+26	6.197205e+26	0	6.197205e+26	1.846642e+26	0	1.846642e+26	5.915514e+26	0	5.915514e+26	4.838149e+23	6.510687e-10	0.0005593043	6.76021e+10	1.484433e+10	8.175471e+10	1.856953e-06	7.37122e-12	4.522481e-18	0.4983099	0.5	0.09171877	0.9999923	106.9313	13.29745	10569.8	1.117189e+26	1.827432e+28	5.151575e+27	6.741065e+25	3.118866e+27	1.203261e+27	5.325573e+26	2.294797e+26	0.2188657	0	0.01975081	0.03560219	0.03560219	0.001424136	0.02670164	0	0	0	0	9.967707e-43	0	9.967707e-43	0	-244.2372	0	-244.2372	0	30149.85	77194.93	4008.696	8447.673	4339674	1.722197e-12	1	6	0.3964527	1	2	0	0.01431179	0	
25201	300.0000002	5502926848	0	0	100000	2	1e-05	7.323969e+26	1.711149e+26	1.597239e+26	1.139104e+25	2.649111e+26	2.963709e+26	5.320833e+25	1.243143e+25	1.160387e+25	8.275543e+23	1.924568e+25	2.153122e+25	0.4046588	9.577499e+25	0	0	0	7.193739e-66	0	9.577499e+25	0	0	0	0	0	0	0	0	0	0	0	0	0	0	6.854484e+26	0	6.854484e+26	3.098602e+26	0	3.098602e+26	1.658848e+26	0	1.658848e+26	6.197205e+26	0	6.197205e+26	1.846642e+26	0	1.846642e+26	5.915514e+26	0	5.915514e+26	4.838149e+23	6.513416e-10	0.000560008	6.76021e+10	1.484433e+10	8.175471e+10	1.856953e-06	7.37122e-12	4.522481e-18	0.4983099	0.5	0.09171877	0.9999923	106.9313	13.29745	10569.8	1.117189e+26	1.827432e+28	5.151575e+27	6.741065e+25	3.118866e+27	1.203261e+27	5.325573e+26	2.294797e+26	0.2188657	0	0.01967412	0.03560219	0.03560219	0.001424136	0.02670164	0	0	0	0	1.565342e-43	0	1.565342e-43	0	-240.1251	0	-240.1251	0	30149.85	77194.93	4008.696	8447.673	4343774	1.722205e-12	1	6	0.3964527	1	2	0	0.01429828	0	
25201	300	0	0	0	100000	2	1e-05	7.323969e+26	1.711149e+26	0	1.711149e+26	2.649111e+26	2.963709e+26	5.320833e+25	1.243143e+25	0	1.243143e+25	1.924568e+25	2.153122e+25	0.4046588	9.577499e+25	0	0	0	2.845941e-66	0	9.577499e+25	0	0	0	0	0	0	0	0	0	0	0	0	0	0	6.854484e+26	0	6.854484e+26	3.098602e+26	0	3.098602e+26	1.658848e+26	0	1.658848e+26	6.197205e+26	0	6.197205e+26	1.846642e+26	0	1.846642e+26	5.915514e+26	0	5.915514e+26	4.838149e+23	6.516192e-10	0.0005607243	6.76021e+10	1.484433e+10	8.175471e+10	1.856953e-06	7.37122e-12	4.522481e-18	0.4983099	0.5	0.09171877	0.9999923	106.9313	13.29745	10569.8	1.117189e+26	1.827432e+28	5.151575e+27	6.741065e+25	3.118866e+27	1.203261e+27	5.325573e+26	2.294797e+26	0.2188657	0	0.01967412	0.03560219	0.03560219	0.001424136	0.02670164	0	0	0	0	1.565342e-43	0	1.565342e-43	0	-240.1251	0	-240.1251	0	30149.85	77194.93	4008.696	8447.673	4343774	1.722205e-12	1	6	0.3964527	1	2	0	0.01429828	0	
