{
    "N_AVOG": 6.022141e+23,
    "N_BOLT": 1.380649e-23,
    "FISSION_ENERGY": 3.215e-11,
    "FISSION_RATE": 2.2627104312826496e+18,
    "FUEL_THERMAL_CONDUCTIVITY": 4.879447052399366,
    "FISSION_YIELD": 0.030364538309248255,
    "LENGTH": 0.0003084226686524014,
    "RADIUS": 9.972797645663225e-06,
    "T_BC": 1487.2067959889714,
    "Maximum cur_err_bounds": 0.02640539865709066,
    "TIME_ELAPSED": 6521.136515140533,
    "COST_FO": 55.12643003463745,
    "COST_POD": 51.72836494445801,
    "COST_EB": 6414.277131795883
}