{
    "N_AVOG": 6.022141e+23,
    "N_BOLT": 1.380649e-23,
    "FISSION_ENERGY": 3.215e-11,
    "FISSION_RATE": 2.6398504527274615e+19,
    "FUEL_THERMAL_CONDUCTIVITY": 0.9022179666443763,
    "FISSION_YIELD": 0.03993688011914707,
    "LENGTH": 0.0007884833349421738,
    "RADIUS": 1.944632380388684e-05,
    "T_BC": 1675.669426982261,
    "Maximum cur_err_bounds": 0.26199454178458625,
    "TIME_ELAPSED": 1252.2706155776978,
    "COST_FO": 22.073805332183838,
    "COST_POD": 20.594624280929565,
    "COST_EB": 1209.6003465652466
}