{
    "N_AVOG": 6.022141e+23,
    "N_BOLT": 1.380649e-23,
    "FISSION_ENERGY": 3.215e-11,
    "FISSION_RATE": 6.190161546334494e+18,
    "FUEL_THERMAL_CONDUCTIVITY": 2.4042863114581965,
    "FISSION_YIELD": 0.05643396218578545,
    "LENGTH": 0.00016235771149235236,
    "RADIUS": 1.9897178835347643e-05,
    "T_BC": 417.13190864210196,
    "Maximum cur_err_bounds": 0.0046390858277289915,
    "TIME_ELAPSED": 26028.046550512314,
    "COST_FO": 91.87963247299194,
    "COST_POD": 93.0607979297638,
    "COST_EB": 25843.098366975784
}