label,xe_diffusivity_mode,vacancy_diffusivity_mode,T,burnup,rho_d_eff,c,mb,md,Nb,Nd,Rb_nm,Rd_nm,swelling_b_percent,swelling_d_percent,swelling_ig_percent,swelling_gf_percent,swelling_total_gas_percent,Ngf_areal,Ngf_vol,Rgf_nm,Fc_gf,p_gf,p_gf_eq,p_gf_over_eq,p_b,p_b_eq,p_d,p_d_eq,p_b_over_eq,p_d_over_eq,matrix_gas_percent,bulk_gas_percent,dislocation_gas_percent,qgb_gas_percent,grainface_gas_percent,release_gas_percent,q_gb,q_gf,q_rel,generated,retained,lambda_d,nu_b,phi_b,phi_d,f_cap_step,cap_raw_step,capture_fraction_sum,capture_raw_sum,capture_bubbles_cumulative,max_f_cap_step,Dg,Dv,Dv_dislocation,Dv_gb,beta,rho_d_old,rho_d_next,delta_Nd_rho,g_b,g_d,b_b,b_d,b_b_gas,b_d_gas,dVd_growth_dt,dnvb_dt,dnvd_dt,dnv_gf_dt,dA_gf_dt,dNgf_dt,dq_gf_in_step,dq_rel_step,nvb_seed_added,nvd_seed_added,bulk_first_gas_seed_applied,dislocation_first_gas_seed_applied,first_gas_pressure_factor,seed_pressure_factor,seed_gas_atoms_per_bubble,D1_Xe,D2_Xe,D2_Xe_scaled,D3_Xe,Dg_lookup_base,D1_Xe_i_2023,D2_Xe_i0_2023,D2_Xe_i1_2023,D1_XeVU_2023,D2_XeVU_2023,Dg_D1_scaled,Dg_D3_scaled,D2_Xe_over_Dg_unscaled,Dg_dislocation_scale,Dg_dislocation,Dv1,Dv2,Dv_lookup_base,Dv_nonthermal_effective,Dv1_scaled,Dv2_scaled,Dv_dislocation_scale,A20_vU_active,Gamma_d,den,free_dislocation,term_bubbles,term_dislocation,term_bubbles_scaled,term_dislocation_scaled,g_b_unscaled,g_d_unscaled,USE_WS_GAS_TRAPPING_BULK,USE_WS_GAS_TRAPPING_DISLOCATION,ws_bulk_factor,ws_bulk_factor_raw,ws_bulk_delta,ws_bulk_x,ws_bulk_zeta,ws_dislocation_factor,ws_dislocation_factor_raw,ws_dislocation_delta,ws_dislocation_x,ws_dislocation_zeta,psi_b,psi_d,porosity_b,porosity_d,valid_single_size,experiment_case,linear_power_kW_m,fuel_diameter_mm,fission_rate_case,fuel_description
K0_G3_Kd3p2e5_AP3p2,rizk2025_refit_plot,rizk2025_refit_full,900.0,1.1,35000000000000.0,1.4730475365887999e+23,5.997217124303439e+25,2.5299792938262898e+25,3.327158452722246e+23,1.104562874892949e+19,1.5927511708327677,42.12290573108562,0.5631264058367378,0.3458071892581406,0.9089335950948784,0.042050229971683444,0.9509838250665618,8846726973534.01,2.2116817433835026e+18,53.53967856459567,0.058534943888612814,1174965329702.3699,41464574.67654701,28336.606340904975,1396483253.843742,1393814702.9201531,240420411.84012103,52702916.89211974,1.001914566490078,4.561804659355946,0.16300951517660753,66.36604940159846,27.997107211388215,5.473833871836743,5.473833871836743,0.0,4.946470451046743e+24,4.946470451046743e+24,0.0,9.03657393860029e+25,9.036573938600291e+25,1.0086988714561826,8.394163442909838e+16,0.005578976763562102,4.365973078688235e-07,1.7637860665667002e-07,1.7637860665667002e-07,0.0037120137454091113,0.0037120137454091113,2.318268420420971e+20,6.049593871014953e-06,6.859556060984681e-19,5.096721272601947e-25,5.0967212726019465e-24,5.119872410101689e-28,1.3842827431568335e+19,35000000000000.0,35000000000000.0,0.0,0.005169123814981631,0.0007361591385660255,1.2488107279940744e-05,4.272713952369549e-06,1.2488107279940744e-05,4.272713952369549e-06,1.2362195076525146e-29,4.048047929207671e+18,3.6818107108224773e+18,0.00016740118345160785,8.477080724855106e-22,-123092.58231753763,1.0429363788771376e+21,0.0,0.0,0.0,0.0,0.0,0.3333333333333333,0.3333333333333333,2.0,2.4966082885114063e-31,9.582238205875211e-25,0.0,6.859556060982184e-19,,0.0,0.0,0.0,0.0,0.0,2.4966082885114063e-31,6.859556060982184e-19,1.3969181271622544e-06,17.0,1.1661245303673958e-17,5.119872410101689e-34,5.096721267482075e-25,,,5.119872410101689e-34,5.096721267482075e-25,10.0,,9.536544540177922e-08,3.4095948968030423,34069466215093.89,4.030582504297538e-06,0.000732128556061728,4.030582504297538e-06,0.000732128556061728,0.005169123814981631,0.0007361591385660255,False,False,1.0,1.412762398601932,8.953177951992902e-09,0.20135114492342257,0.7020549002213728,1.0,1.2877934316053559,2.78552389618423e-07,0.15197226206507766,0.7737965497919217,0.17791065728894115,0.15122073315863227,0.005631264058367377,0.003458071892581406,True,AP3.2,100.0,8.3,5.767844763153473e+19,$(U_{0.8}Pu_{0.2})N$
K0_G3_Kd3p2e5_AP3p2,rizk2025_refit_plot,rizk2025_refit_full,925.0,1.1,35000000000000.0,1.4719840590446751e+23,5.988700383493021e+25,2.5389215473860393e+25,3.320584383888831e+23,1.1030423511075885e+19,1.5945377874877118,43.48732321337432,0.5639071190894509,0.3799870757154245,0.9438941948048754,0.04202359701947685,0.9859177918243521,8847162889325.936,2.2117907223314836e+18,53.52749371141571,0.058511186466894675,455307335429.7243,41474013.55962506,10978.135375664868,1393932500.9540672,1392252988.5589862,197495574.06840536,51049359.58250127,1.0012063270173472,3.8687179561818246,0.1628918292536736,66.27180194821307,28.096063448790893,5.469242773742361,5.469242773742361,0.0,4.942321671307818e+24,4.942321671307818e+24,0.0,9.03657393860029e+25,9.03657393860029e+25,1.0095645491658085,8.382053381957466e+16,0.005575854891356374,4.344608020911711e-07,2.094359292276937e-07,2.094359292276937e-07,0.004076568669520958,0.004076568669520958,2.6648519717241867e+20,6.423837446104307e-06,6.85955606099651e-19,8.665450134436394e-25,8.665450134436394e-24,3.600113810511962e-27,1.3842827431568335e+19,35000000000000.0,35000000000000.0,0.0,0.005164021556124494,0.0007356640440775994,1.248417861984451e-05,4.251605783702774e-06,1.248417861984451e-05,4.251605783702774e-06,1.4711698034524594e-29,4.1909420248916004e+18,4.5546564248861425e+18,0.00044367427349587126,8.475472782367456e-22,-123084.98058533762,1.0423514695977455e+21,0.0,0.0,0.0,0.0,0.0,0.3333333333333333,0.3333333333333333,2.0,1.4326320272288242e-30,6.835119693240278e-24,0.0,6.859556060982184e-19,,0.0,0.0,0.0,0.0,0.0,1.4326320272288242e-30,6.859556060982184e-19,9.96437616729284e-06,17.0,1.1661245303694066e-17,3.600113810511962e-33,8.665450098435256e-25,,,3.600113810511962e-33,8.665450098435256e-25,10.0,,9.536544540177922e-08,3.4095948968030423,34040648572437.766,4.154758624068249e-06,0.0007315092854535312,4.154758624068249e-06,0.0007315092854535312,0.005164021556124494,0.0007356640440775994,False,False,1.0,1.412943993740403,8.95908312857008e-09,0.2014178308363669,0.701958928094009,1.0,1.2992119553774544,2.786803125152681e-07,0.15679821387130963,0.7667301745385029,0.17799283722065595,0.15604730590805227,0.005639071190894509,0.003799870757154245,True,AP3.2,100.0,8.3,5.767844763153473e+19,$(U_{0.8}Pu_{0.2})N$
K0_G3_Kd3p2e5_AP3p2,rizk2025_refit_plot,rizk2025_refit_full,950.0,1.1,35000000000000.0,1.4709454404926313e+23,5.980105266071199e+25,2.5479469308835675e+25,3.313946895964272e+23,1.1013165424657334e+19,1.5963161048778096,44.943769505130966,0.564664961277785,0.41880249053861535,0.9834674518164003,0.042008942816760736,1.025476394633161,8847396148053.639,2.2118490370134095e+18,53.52080070402444,0.058498097341493235,185593707511.4751,41479200.06422979,4474.3801043435415,1391795573.902901,1390702000.1968412,165256337.66556445,49395055.74285565,1.0007863465400244,3.345604842028478,0.1627768942618171,66.1766871682066,28.19593961379382,5.464596323737745,5.464596323737745,0.0,4.938122872405946e+24,4.938122872405946e+24,0.0,9.03657393860029e+25,9.036573938600288e+25,1.0105489313097915,8.370235265524557e+16,0.005572690365137498,4.322446097375233e-07,2.4604984038096346e-07,2.4604984038096346e-07,0.004490473908536404,0.004490473908536404,3.053074220405156e+20,6.833382980836791e-06,6.85955606105717e-19,1.426046189772508e-24,1.426046189772508e-23,2.2845010932250072e-26,1.3842827431568335e+19,35000000000000.0,35000000000000.0,0.0,0.005158776486912682,0.0007351387106569099,1.2480270404278418e-05,4.230440641203512e-06,1.2480270404278418e-05,4.230440641203512e-06,1.7322125463219752e-29,4.3406023289509064e+18,5.524560247685742e+18,0.0011171187754876791,8.47611587830357e-22,-123102.80683850609,1.0417797182427224e+21,0.0,0.0,0.0,0.0,0.0,0.3333333333333333,0.3333333333333333,2.0,7.498646671560408e-30,3.5732345885189943e-23,0.0,6.859556060982184e-19,,0.0,0.0,0.0,0.0,0.0,7.498646671560408e-30,6.859556060982184e-19,5.209133880842283e-05,17.0,1.166124530379719e-17,2.284501093225007e-32,1.4260461669274971e-24,,,2.284501093225007e-32,1.4260461669274971e-24,10.0,,9.536544540177922e-08,3.4095948968030423,34010070950079.04,4.2865165162804625e-06,0.0007308521941406295,4.2865165162804625e-06,0.0007308521941406295,0.005158776486912682,0.0007351387106569099,False,False,1.0,1.4131183978411308,8.965061141367889e-09,0.20148186338774304,0.701866777124406,1.0,1.311558118490786,2.788257916763973e-07,0.16193962336199938,0.7592139530559766,0.17807253716576402,0.16118937767740907,0.005646649612777849,0.0041880249053861535,True,AP3.2,100.0,8.3,5.767844763153473e+19,$(U_{0.8}Pu_{0.2})N$
K0_G3_Kd3p2e5_AP3p2,rizk2025_refit_plot,rizk2025_refit_full,975.0,1.1,35000000000000.0,1.4699332382428456e+23,5.9716382095893655e+25,2.5568436020254848e+25,3.307328165954107e+23,1.0993900471221883e+19,1.598097328727419,46.47114640945295,0.565425740464133,0.4621581001874741,1.0275838406516071,0.042022174036436655,1.069606014688044,8847158204872.223,2.2117895512180557e+18,53.526898977683956,0.058509855280745246,79269601900.75569,41474474.374567196,1911.2864742986367,1389886825.114113,1389151937.177574,140583329.95830336,47771578.09794032,1.0005290191208547,2.9428236528021383,0.16266488253517564,66.08298952859933,28.29439142974051,5.459954159124979,5.459954159124979,0.0,4.933927946030104e+24,4.933927946030104e+24,0.0,9.03657393860029e+25,9.03657393860029e+25,1.0116500926435754,8.358726098170925e+16,0.005569428409801237,4.299872113029129e-07,2.859363110671289e-07,2.859363110671289e-07,0.004952793383308855,0.004952793383308855,3.480947992731535e+20,7.2798889774079765e-06,6.859556061342735e-19,2.2780288136394288e-24,2.2780288136394286e-23,1.3186026336093777e-25,1.3842827431568335e+19,35000000000000.0,35000000000000.0,0.0,0.005153548487646328,0.0007345915058478783,1.247635798721318e-05,4.209623647206431e-06,1.247635798721318e-05,4.209623647206431e-06,2.0174336963687825e-29,4.496615129307545e+18,6.583406685973634e+18,0.0026829174177112006,8.481643848710665e-22,-123174.68170000735,1.0412222508322343e+21,0.0,0.0,0.0,0.0,0.0,0.3333333333333333,0.3333333333333333,2.0,3.605513394506346e-29,1.4241136187131344e-22,0.0,6.859556060982184e-19,,0.0,0.0,0.0,0.0,0.0,3.605513394506346e-29,6.859556060982184e-19,0.00020761017272513826,17.0,1.166124530428265e-17,1.3186026336093777e-31,2.2780286817791655e-24,,,1.3186026336093777e-31,2.2780286817791655e-24,10.0,,9.536544540177922e-08,3.4095948968030423,33978220413334.863,4.4237570194740004e-06,0.0007301677488284042,4.4237570194740004e-06,0.0007301677488284042,0.005153548487646328,0.0007345915058478783,False,False,1.0,1.4132935376125473,8.971038203537622e-09,0.20154615357535588,0.7017742578768614,1.0,1.3246806950827146,2.7898854776969737e-07,0.1673195749708078,0.751362763582753,0.1781524742924471,0.1665700271092141,0.00565425740464133,0.004621581001874741,True,AP3.2,100.0,8.3,5.767844763153473e+19,$(U_{0.8}Pu_{0.2})N$
K0_G3_Kd3p2e5_AP3p2,rizk2025_refit_plot,rizk2025_refit_full,1000.0,1.1,35000000000000.0,1.4689481981687413e+23,5.963456405543729e+25,2.56544973319455e+25,3.300796728036861e+23,1.0972708562902536e+19,1.5998878450675313,48.049550033852476,0.5662080064395522,0.5098828783268866,1.0760908847664388,0.04209568677566531,1.118186571542104,8845906240072.902,2.2114765600182254e+18,53.56062033209515,0.058575309438071,35351939166.06583,41448362.36464776,852.9152214761153,1388105792.799362,1387597266.1735508,121375842.80163461,46202305.712247826,1.000366479985373,2.627051635855025,0.16255587661315285,65.99244853262864,28.389628089425255,5.45536750133297,5.45536750133297,0.0,4.929783178803249e+24,4.929783178803249e+24,0.0,9.03657393860029e+25,9.036573938600291e+25,1.012864224994481,8.347533638713736e+16,0.005566037488505943,4.2771878946470114e-07,3.287447769294326e-07,3.287447769294326e-07,0.00546182455954621,0.00546182455954621,3.945852288943992e+20,7.764840700035773e-06,6.859556062584883e-19,3.5413597183153905e-24,3.5413597183153905e-23,6.972208708889678e-25,1.3842827431568335e+19,35000000000000.0,35000000000000.0,0.0,0.005148462706399951,0.0007340302582254103,1.247242734748255e-05,4.189458061927513e-06,1.247242734748255e-05,4.189458061927513e-06,2.3244051972572898e-29,4.657182970148436e+18,7.720978205709939e+18,0.006168630732245705,8.497524398738648e-22,-123360.41008241498,1.0406796957543563e+21,0.0,0.0,0.0,0.0,0.0,0.3333333333333333,0.3333333333333333,2.0,1.6026995865756309e-28,4.476676181501433e-22,0.0,6.859556060982184e-19,,0.0,0.0,0.0,0.0,0.0,1.6026995865756309e-28,6.859556060982184e-19,0.0006526189363651748,17.0,1.1661245306394302e-17,6.972208708889678e-31,3.5413590210945195e-24,,,6.972208708889678e-31,3.5413590210945195e-24,10.0,,9.536544540177922e-08,3.4095948968030423,33945552647327.35,4.564516282195689e-06,0.0007294657419432147,4.564516282195689e-06,0.0007294657419432147,0.005148462706399951,0.0007340302582254103,False,False,1.0,1.4134751600166562,8.976952109018424e-09,0.20161281021412594,0.7016783357362808,1.0,1.3384304783925833,2.791680235270523e-07,0.1728657041745924,0.7432842779074407,0.178234594359451,0.17211688448810705,0.005662080064395522,0.005098828783268866,True,AP3.2,100.0,8.3,5.767844763153473e+19,$(U_{0.8}Pu_{0.2})N$
K0_G3_Kd3p2e5_AP3p2,rizk2025_refit_plot,rizk2025_refit_full,1025.0,1.1,35000000000000.0,1.4679900664914048e+23,5.955670769183996e+25,2.5736507617496887e+25,3.294405084623629e+23,1.094969822568822e+19,1.6016910673754938,49.660982603744024,0.5670245589502076,0.5617417262524642,1.1287662852026719,0.042293442347747325,1.171059727550419,8842579935214.85,2.2106449838037123e+18,53.651086648806235,0.058751248852883506,16410205499.147116,41378472.24850936,396.5879987204768,1386396697.5577044,1386035075.813751,106190625.41478863,44703102.58888495,1.000260903746423,2.3754643249569893,0.16244984841221666,65.90629158407012,28.480381826525853,5.450876740991817,5.450876740991817,0.0,4.925725070016913e+24,4.925725070016913e+24,0.0,9.03657393860029e+25,9.03657393860029e+25,1.0141859121026489,8.336654302524093e+16,0.005562502523604817,4.2546184203952527e-07,3.7406703165614136e-07,3.7406703165614136e-07,0.006015217350625629,0.006015217350625629,4.444632154154372e+20,8.28942352414982e-06,6.859556067606377e-19,5.3696749456684256e-24,5.369674945668426e-23,3.398959714178951e-24,1.3842827431568335e+19,35000000000000.0,35000000000000.0,0.0,0.005143611105373476,0.0007334619788235952,1.246847101203065e-05,4.17015273146831e-06,1.246847101203065e-05,4.17015273146831e-06,2.650249973301197e-29,4.819775746073023e+18,8.925310451705053e+18,0.013625402112973632,8.534641227210511e-22,-123779.17684130429,1.0401520833830972e+21,0.0,0.0,0.0,0.0,0.0,0.3333333333333333,0.3333333333333333,2.0,6.624193185834588e-28,1.1430128592985717e-21,0.0,6.859556060982184e-19,,0.0,0.0,0.0,0.0,0.0,6.624193185834588e-28,6.859556060982184e-19,0.0016663073353920743,17.0,1.166124531493084e-17,3.398959714178951e-30,5.369671546708712e-24,,,3.398959714178951e-30,5.369671546708712e-24,10.0,,9.536544540177922e-08,3.4095948968030423,33912475732451.34,4.707035681997343e-06,0.0007287549431415979,4.707035681997343e-06,0.0007287549431415979,0.005143611105373476,0.0007334619788235952,False,False,1.0,1.4136672534884802,8.982754572784044e-09,0.20168329519779632,0.7015769073447841,1.0,1.3526662863345127,2.7936342419800826e-07,0.17851278113151534,0.7350751450123784,0.17832023308687497,0.17776471524943985,0.0056702455895020765,0.005617417262524642,True,AP3.2,100.0,8.3,5.767844763153473e+19,$(U_{0.8}Pu_{0.2})N$
K0_G3_Kd3p2e5_AP3p2,rizk2025_refit_plot,rizk2025_refit_full,1050.0,1.1,35000000000000.0,1.4670577463795473e+23,5.948352544868088e+25,2.581372797916443e+25,3.2881903225970106e+23,1.0925001306772234e+19,1.6035085488991871,51.28966538801188,0.5678836893178548,0.617447027434809,1.1853307167526637,0.042737572178240694,1.2280682889309045,8835193666968.82,2.208798416742205e+18,53.853231313279196,0.05914535880842387,7906352271.995813,41223153.111939445,191.79397195858604,1384727927.988559,1384464087.5310805,94017161.21245348,43283573.46856251,1.000190572265366,2.1721210537466256,0.16234667655547183,65.82530708302323,28.565834966390838,5.446511274030458,5.446511274030458,0.0,4.92178018351963e+24,4.92178018351963e+24,0.0,9.03657393860029e+25,9.03657393860029e+25,1.015608402092484,8.326074984804229e+16,0.00555881974957632,4.2323241989132536e-07,4.2144702091241303e-07,4.2144702091241303e-07,0.006610089069458844,0.006610089069458844,4.973692423311911e+20,8.853864171311875e-06,6.859556086571999e-19,7.957391575121721e-24,7.957391575121721e-23,1.5366002896313798e-23,1.3842827431568335e+19,35000000000000.0,35000000000000.0,0.0,0.0051390565399494,0.000732892739609441,1.2464485604823239e-05,4.151837124831102e-06,1.2464485604823239e-05,4.151837124831102e-06,2.9917153132103505e-29,4.981935298836221e+18,1.0183067134221361e+19,0.029011051126862936,8.613833326211895e-22,-124658.40428479621,1.039638938969952e+21,0.0,0.0,0.0,0.0,0.0,0.3333333333333333,0.3333333333333333,2.0,2.558981501392922e-27,2.43157518657149e-21,0.0,6.859556060982184e-19,,0.0,0.0,0.0,0.0,0.0,2.558981501392922e-27,6.859556060982184e-19,0.003544799628260854,17.0,1.1661245347172398e-17,1.5366002896313797e-29,7.957376209118825e-24,,,1.5366002896313797e-29,7.957376209118825e-24,10.0,,9.536544540177922e-08,3.4095948968030423,33879343038332.176,4.849792446729727e-06,0.0007280429471627114,4.849792446729727e-06,0.0007280429471627114,0.0051390565399494,0.000732892739609441,False,False,1.0,1.4138724100176099,8.988410875687722e-09,0.20175855684133207,0.7014686086243191,1.0,1.3672582792587198,2.7957375764606663e-07,0.18420384617263177,0.7268193463380188,0.17841024859910917,0.18345655532765223,0.005678836893178548,0.006174470274348089,True,AP3.2,100.0,8.3,5.767844763153473e+19,$(U_{0.8}Pu_{0.2})N$
K0_G3_Kd3p2e5_AP3p2,rizk2025_refit_plot,rizk2025_refit_full,1075.0,1.1,35000000000000.0,1.4661495476976397e+23,5.941541183838269e+25,2.588574647170392e+25,3.282176201049475e+23,1.0898767749741048e+19,1.60534068441381,52.922089727096086,0.5687902432281517,0.6766700608185426,1.2454603040466945,0.04365363026505699,1.2891139343117513,8820178152241.488,2.205044538060372e+18,54.266046008035794,0.05995353257702856,3943574461.302764,40909558.79982963,96.39738430323006,1383081299.4486332,1382884032.9992838,84135122.7152637,41948456.90047196,1.000142648584149,2.0056786097015427,0.1622461740101401,65.74993160249157,28.645531644610728,5.4422905788875555,5.4422905788875555,0.0,4.917966121146516e+24,4.917966121146516e+24,0.0,9.03657393860029e+25,9.03657393860029e+25,1.0171238769568094,8.315775942743597e+16,0.005554992834612198,4.210415327197187e-07,4.703919647474122e-07,4.703919647474122e-07,0.007243136036972093,0.007243136036972093,5.529091873987047e+20,9.457987605640003e-06,6.85955615381511e-19,1.1545833192879147e-23,1.1545833192879148e-22,6.475908336901747e-23,1.3842827431568335e+19,35000000000000.0,35000000000000.0,0.0,0.005134837955104096,0.00073232765732381,1.246047030181666e-05,4.134578420747365e-06,1.246047030181666e-05,4.134578420747365e-06,3.345256669028612e-29,5.141856347377298e+18,1.147993611057283e+19,0.05975349816905265,8.773589047838543e-22,-126413.01688601237,1.0391394274358392e+21,0.0,0.0,0.0,0.0,0.0,0.3333333333333333,0.3333333333333333,2.0,9.283292620781236e-27,4.406311478811802e-21,0.0,6.859556060982184e-19,,0.0,0.0,0.0,0.0,0.0,9.283292620781236e-27,6.859556060982184e-19,0.006423610187025182,17.0,1.1661245461485687e-17,6.475908336901747e-29,1.1545768433795778e-23,,,6.475908336901747e-29,1.1545768433795778e-23,10.0,,9.536544540177922e-08,3.4095948968030423,33846452179370.26,4.9915041596707204e-06,0.0007273361531641393,4.9915041596707204e-06,0.0007273361531641393,0.005134837955104096,0.00073232765732381,False,False,1.0,1.4140921446418884,8.993898155354271e-09,0.20183914747536544,0.7013526454849291,1.0,1.3820894423497927,2.7979787400300545e-07,0.18989039044733216,0.7185879823951287,0.17850513453134223,0.18914389169371434,0.005687902432281518,0.006766700608185426,True,AP3.2,100.0,8.3,5.767844763153473e+19,$(U_{0.8}Pu_{0.2})N$
K0_G3_Kd3p2e5_AP3p2,rizk2025_refit_plot,rizk2025_refit_full,1100.0,1.1,35000000000000.0,1.4652634176152139e+23,5.935251971899353e+25,2.5952400338754236e+25,3.2763757195456734e+23,1.0871160428569039e+19,1.6071871639076698,54.54691866359101,0.5697465101189282,0.7390523146567499,1.3087988247756783,0.04544490971889333,1.3542437344945715,8791359553467.603,2.1978398883669007e+18,55.058398742529995,0.0615154575847488,2031732396.7878444,40320823.901570454,50.38915875696455,1381446266.7148232,1381295252.8829029,76022269.61872959,40698907.55317415,1.000109327699205,1.8679191700515443,0.1621481136071105,65.68033429734419,28.719291752703906,5.438225836344788,5.438225836344788,0.0,4.914292986493608e+24,4.914292986493608e+24,0.0,9.03657393860029e+25,9.03657393860029e+25,1.0187237213592497,8.305733487830096e+16,0.00555103003554654,4.1889644585993177e-07,5.203847618191072e-07,5.203847618191072e-07,0.007910743577751645,0.007910743577751645,6.106641542285718e+20,1.0100744636541731e-05,6.859556378595706e-19,1.6429338076549502e-23,1.6429338076549503e-22,2.556484784617257e-22,1.3842827431568335e+19,35000000000000.0,35000000000000.0,0.0,0.005130975655647021,0.0007317709418135193,1.2456425831401603e-05,4.118397455561235e-06,1.2456425831401603e-05,4.118397455561235e-06,3.707130972523739e-29,5.298569566393578e+18,1.2801041575762235e+19,0.11952401222655279,9.082637641444674e-22,-129762.11810581772,1.0386524928716392e+21,0.0,0.0,0.0,0.0,0.0,0.3333333333333333,0.3333333333333333,2.0,3.1761352235744896e-26,6.934054381604572e-21,0.0,6.859556060982184e-19,,0.0,0.0,0.0,0.0,0.0,3.1761352235744896e-26,6.859556060982184e-19,0.010108604695255988,17.0,1.1661245843612701e-17,2.556484784617257e-28,1.642908242807104e-23,,,2.556484784617257e-28,1.642908242807104e-23,10.0,,9.536544540177922e-08,3.4095948968030423,33814047514044.797,5.1311180186015685e-06,0.0007266398237949178,5.1311180186015685e-06,0.0007266398237949178,0.005130975655647021,0.0007317709418135193,False,False,1.0,1.4143271681401584,8.999203221458573e-09,0.20192532379016856,0.7012286493721305,1.0,1.3970559605481552,2.8003450523121674e-07,0.19553198719707723,0.7104398827799518,0.17860511455041175,0.19478629357108462,0.005697465101189282,0.007390523146567499,True,AP3.2,100.0,8.3,5.767844763153473e+19,$(U_{0.8}Pu_{0.2})N$
K0_G3_Kd3p2e5_AP3p2,rizk2025_refit_plot,rizk2025_refit_full,1125.0,1.1,35000000000000.0,1.4643971057806625e+23,5.92948262111036e+25,2.6013708516035637e+25,3.270793589275121e+23,1.0842349978348517e+19,1.609047270416331,56.15482105394131,0.5707529383441394,0.8042168605056622,1.3749697988498015,0.04880997873763121,1.4237797775874328,8738659858129.231,2.184664964532308e+18,56.49826399271504,0.06438669090243375,1079093615.6117775,39293242.71425844,27.462574760219628,1379816723.6517117,1379698434.4814115,69293864.34655906,39533560.22392999,1.0000857355254917,1.7527858344671654,0.16205224631930457,65.61648984890395,28.78713624520512,5.434321659571613,5.434321659571613,0.0,4.910764948285591e+24,4.910764948285591e+24,0.0,9.03657393860029e+25,9.03657393860029e+25,1.0203987960000862,8.295922038874102e+16,0.005546942155595418,4.168017366915284e-07,5.708974135275865e-07,5.708974135275865e-07,0.008609097166561165,0.008609097166561165,6.702009257941597e+20,1.0780701684388047e-05,6.8595570898364e-19,2.2961278689320564e-23,2.2961278689320565e-22,9.494708146321283e-22,1.3842827431568335e+19,35000000000000.0,35000000000000.0,0.0,0.005127476064151265,0.0007312259837439975,1.2452353817053106e-05,4.103282095830282e-06,1.2452353817053106e-05,4.103282095830282e-06,4.0734973288234266e-29,5.451815532481183e+18,1.4131364360536277e+19,0.23326017394176457,9.659711096981458e-22,-135876.75204248738,1.0381769726984244e+21,0.0,0.0,0.0,0.0,0.0,0.3333333333333333,0.3333333333333333,2.0,1.028854216590493e-25,9.636917296725955e-21,0.0,6.859556060982184e-19,,0.0,0.0,0.0,0.0,0.0,1.028854216590493e-25,6.859556060982184e-19,0.014048891452488508,17.0,1.166124705272188e-17,9.494708146321284e-28,2.2960329218505932e-23,,,9.494708146321284e-28,2.2960329218505932e-23,10.0,,9.536544540177922e-08,3.4095948968030423,33782324354766.676,5.2677928004937075e-06,0.0007259581909435037,5.2677928004937075e-06,0.0007259581909435037,0.005127476064151265,0.0007312259837439975,False,False,1.0,1.414577609101561,9.004320416853326e-09,0.20201712854694437,0.7010965596383265,1.0,1.4120670394592374,2.8028230538043274e-07,0.20109566874511065,0.70242259781171,0.1787102183040766,0.2003507894163507,0.005707529383441394,0.008042168605056622,True,AP3.2,100.0,8.3,5.767844763153473e+19,$(U_{0.8}Pu_{0.2})N$
K0_G3_Kd3p2e5_AP3p2,rizk2025_refit_plot,rizk2025_refit_full,1150.0,1.1,35000000000000.0,1.4635482353051554e+23,5.924218521388732e+25,2.606981765354262e+25,3.265428290256896e+23,1.0812509434404884e+19,1.610920082024422,57.73829688904182,0.5718086843177533,0.8717802313784443,1.4435889156961976,0.05491921964821878,1.4985081353444165,8647056642871.363,2.1617641607178406e+18,58.97019000797335,0.06940878164284364,589989170.6569606,37646139.510485455,15.671970043372784,1378189182.9884458,1378094434.8338842,63662102.973443665,38449350.25129457,1.0000687530202332,1.6557393702979466,0.16195830911685655,65.55823657993946,28.84922740706383,5.430577703879858,5.430577703879858,0.0,4.907381695042453e+24,4.907381695042453e+24,0.0,9.03657393860029e+25,9.03657393860029e+25,1.0221397280550903,8.28631539846386e+16,0.005542741059362935,4.147600657919856e-07,6.214052144597759e-07,6.214052144597759e-07,0.009334300325890707,0.009334300325890707,7.3108330127784e+20,1.1495904144352202e-05,6.859559227741158e-19,3.156009871203467e-23,3.1560098712034666e-22,3.330768464716398e-21,1.3842827431568335e+19,35000000000000.0,35000000000000.0,0.0,0.005124335756453906,0.000730695475629694,1.2448256330948961e-05,4.089197643460383e-06,1.2448256330948961e-05,4.089197643460383e-06,4.4405231918437383e-29,5.601797181447069e+18,1.5456163517508954e+19,0.4465426586316998,1.0703146288740073e-21,-146511.54322437127,1.037711687432276e+21,0.0,0.0,0.0,0.0,0.0,0.3333333333333333,0.3333333333333333,2.0,3.1667589742037936e-25,1.2004150054659163e-20,0.0,6.859556060982184e-19,,0.0,0.0,0.0,0.0,0.0,3.1667589742037936e-25,6.859556060982184e-19,0.017499885424288566,17.0,1.1661250687159969e-17,3.330768464716398e-27,3.155676794356995e-23,,,3.330768464716398e-27,3.155676794356995e-23,10.0,,9.536544540177922e-08,3.4095948968030423,33751433590100.484,5.400879259127911e-06,0.0007252945963705661,5.400879259127911e-06,0.0007252945963705661,0.005124335756453906,0.000730695475629694,False,False,1.0,1.414843185618472,9.009249818875039e-09,0.20211445375933368,0.7009565325877407,1.0,1.4270446023682557,2.805398934013491e-07,0.20655525987365855,0.694573458055987,0.17882033972921205,0.20581120033076897,0.005718086843177534,0.008717802313784443,True,AP3.2,100.0,8.3,5.767844763153473e+19,$(U_{0.8}Pu_{0.2})N$
K0_G3_Kd3p2e5_AP3p2,rizk2025_refit_plot,rizk2025_refit_full,1175.0,1.1,35000000000000.0,1.4627142275785842e+23,5.919436584734224e+25,2.6120962413034177e+25,3.260273508265611e+23,1.0781808214303257e+19,1.612804625223269,59.29154220202825,0.5729120081782132,0.941365877023456,1.5142778852016692,0.06565548608260874,1.579933371284278,8496799065630.951,2.1241997664077376e+18,62.95338206538499,0.0777274723171617,331902511.2104931,35264189.58228887,9.411885403916619,1376561698.9581552,1376484147.7266185,58908437.51284057,37442102.49137453,1.0000563400832947,1.5733207697514102,0.16186601664713982,65.50531899538808,28.90582491828773,5.4269900696770605,5.4269900696770605,0.0,4.90413970286863e+24,4.90413970286863e+24,0.0,9.03657393860029e+25,9.036573938600291e+25,1.0239372475229533,8.276887114559686e+16,0.005538438459860739,4.1277265012909956e-07,6.714016085721476e-07,6.714016085721476e-07,0.010082511504509914,0.010082511504509914,7.928849245976084e+20,1.2244238441247692e-05,6.859565352766219e-19,4.2715948930300983e-23,4.271594893030099e-22,1.1076769180051558e-20,1.3842827431568335e+19,35000000000000.0,35000000000000.0,0.0,0.0051215448579821675,0.0007301815880010798,1.24441355555882e-05,4.076094368822065e-06,1.24441355555882e-05,4.076094368822065e-06,4.8044953527299203e-29,5.748949303878766e+18,1.6761396379529478e+19,0.8433946845121487,1.2533167119633361e-21,-163988.14399478788,1.0372555200552795e+21,0.0,0.0,0.0,0.0,0.0,0.3333333333333333,0.3333333333333333,2.0,9.291784035179553e-25,1.35764246380118e-20,0.0,6.859556060982184e-19,,0.0,0.0,0.0,0.0,0.0,9.291784035179553e-25,6.859556060982184e-19,0.019791960481194207,17.0,1.1661261099702572e-17,1.1076769180051557e-26,4.2704872161120934e-23,,,1.1076769180051557e-26,4.2704872161120934e-23,10.0,,9.536544540177922e-08,3.4095948968030423,33721485701042.414,5.529903672927876e-06,0.000724651684328152,5.529903672927876e-06,0.000724651684328152,0.0051215448579821675,0.0007301815880010798,False,False,1.0,1.415123328818163,9.01399597952176e-09,0.20221708616965767,0.7008088760060296,1.0,1.4419232696811244,2.808059027975528e-07,0.21189083826829416,0.6869204511389818,0.1789352790973044,0.21114760058192858,0.005729120081782132,0.00941365877023456,True,AP3.2,100.0,8.3,5.767844763153473e+19,$(U_{0.8}Pu_{0.2})N$
K0_G3_Kd3p2e5_AP3p2,rizk2025_refit_plot,rizk2025_refit_full,1200.0,1.1,35000000000000.0,1.4618919524693063e+23,5.91510765405911e+25,2.616744030954904e+25,3.2553187009383745e+23,1.075040444261007e+19,1.6147000301855323,60.81040683651304,0.5740605233608839,1.0126214890392855,1.5866820124001695,0.08387469288572909,1.6705567052858985,8266436315193.563,2.0666090787983908e+18,68.93684161866202,0.09067804567359782,192342845.0275069,32203390.057820987,5.972751461326168,1374933176.4055448,1374868370.9041102,54864283.17475051,36506909.186916046,1.0000471357860912,1.5028465678604663,0.1617750225253781,65.45741443881025,28.95725801320917,5.423552525455194,5.423552525455194,0.0,4.901033340615819e+24,4.901033340615819e+24,0.0,9.03657393860029e+25,9.03657393860029e+25,1.0257826303504347,8.26760950849282e+16,0.00553404457523291,4.1083941219232505e-07,7.204137822322506e-07,7.204137822322506e-07,0.010850125337535375,0.010850125337535375,8.552049154694345e+20,1.3023597519889333e-05,6.859582128801389e-19,5.699970868482597e-23,5.699970868482596e-22,3.503783313863259e-20,1.3842827431568335e+19,35000000000000.0,35000000000000.0,0.0,0.005119090182243672,0.0007296862739359567,1.243999344292522e-05,4.063912383934444e-06,1.243999344292522e-05,4.063912383934444e-06,5.16193644959627e-29,5.893779259343251e+18,1.8034138033109955e+19,1.5793573082046761,1.564904653664182e-21,-190822.3279853584,1.0368075151090102e+21,0.0,0.0,0.0,0.0,0.0,0.3333333333333333,0.3333333333333333,2.0,2.6067819204802983e-24,1.4100662152237733e-20,0.0,6.859556060982184e-19,,0.0,0.0,0.0,0.0,0.0,2.6067819204802983e-24,6.859556060982184e-19,0.0205561532575478,17.0,1.1661289618962361e-17,3.503783313863259e-26,5.696467085168733e-23,,,3.503783313863259e-26,5.696467085168733e-23,10.0,,9.536544540177922e-08,3.4095948968030423,33692553145275.21,5.654559742932869e-06,0.0007240317141930238,5.654559742932869e-06,0.0007240317141930238,0.005119090182243672,0.0007296862739359567,False,False,1.0,1.4154172587753795,9.018567447010399e-09,0.20232473523567573,0.7006540088606943,1.0,1.4566511362103893,2.810790471461912e-07,0.2170885046995359,0.6794826533974057,0.1790547696451225,0.21634608791683252,0.005740605233608838,0.010126214890392855,True,AP3.2,100.0,8.3,5.767844763153473e+19,$(U_{0.8}Pu_{0.2})N$
K0_G3_Kd3p2e5_AP3p2,rizk2025_refit_plot,rizk2025_refit_full,1225.0,1.1,35000000000000.0,1.4610768050712083e+23,5.911197318303826e+25,2.6209602572843893e+25,3.250548302532357e+23,1.071843367056005e+19,1.6166057642037115,62.29252107445991,0.5752512913218267,1.0852446596893206,1.6604959510111472,0.11351853116474543,1.7740144821758927,7939732306164.977,1.9849330765412442e+18,77.2859963603421,0.10946834279589382,115240331.82435863,28724479.26593792,4.011920660334233,1373302834.557262,1373247608.7597656,51397182.8296739,35638307.16285146,1.000040215469624,1.4421892317951939,0.16168481716617486,65.41414211257407,29.00391536762394,5.420257702635821,5.420257702635821,0.0,4.898055949613634e+24,4.898055949613634e+24,0.0,9.03657393860029e+25,9.03657393860029e+25,1.0276683667690212,8.258450274465642e+16,0.005529565960751735,4.0895872246631747e-07,7.680190016135744e-07,7.680190016135744e-07,0.011634047451081183,0.011634047451081183,9.176887236403977e+20,1.383220535293214e-05,6.859626178147597e-19,7.507910714821752e-23,7.507910714821752e-22,1.057421518979397e-19,1.3842827431568335e+19,35000000000000.0,35000000000000.0,0.0,0.005116958956876838,0.0007292118799130583,1.2435831204569397e-05,4.052583950519201e-06,1.2435831204569397e-05,4.052583950519201e-06,5.509727439601163e-29,6.03677860960958e+18,1.9262997642367123e+19,2.938568213542459,2.0800538394195585e-21,-228875.6881055073,1.0363670496857712e+21,0.0,0.0,0.0,0.0,0.0,0.3333333333333333,0.3333333333333333,2.0,7.011716541319382e-24,1.3584525954125257e-20,0.0,6.859556060982184e-19,,0.0,0.0,0.0,0.0,0.0,7.011716541319382e-24,6.859556060982184e-19,0.01980359512505342,17.0,1.1661364502850915e-17,1.057421518979397e-25,7.497336499631958e-23,,,1.057421518979397e-25,7.497336499631958e-23,10.0,,9.536544540177922e-08,3.4095948968030423,33664669764943.9,5.774716396000615e-06,0.0007234371635170577,5.774716396000615e-06,0.0007234371635170577,0.005116958956876838,0.0007292118799130583,False,False,1.0,1.4157240072695134,9.022977535996902e-09,0.20243704162563442,0.7004924490476565,1.0,1.4711921440463147,2.813582190576733e-07,0.2221407169316743,0.6722698578375905,0.1791784879769525,0.22139911768649792,0.005752512913218267,0.010852446596893207,True,AP3.2,100.0,8.3,5.767844763153473e+19,$(U_{0.8}Pu_{0.2})N$
K0_G3_Kd3p2e5_AP3p2,rizk2025_refit_plot,rizk2025_refit_full,1250.0,1.1,35000000000000.0,1.4602605604818841e+23,5.90766466256993e+25,2.6247865483913442e+25,3.245938533406599e+23,1.0685990481364294e+19,1.6185220836669723,63.737710836027574,0.576480722652074,1.159024928656055,1.735505651308129,0.15922539138375136,1.8947310426918804,7515141927673.366,1.8787854819183414e+18,88.11277693931628,0.13467780422913705,71828495.57324888,25194983.941193067,2.8509045983479027,1371669616.2190146,1371621692.655748,48400456.08025551,34830243.67962006,1.0000349393448087,1.3896100333221522,0.16159449039024512,65.37504924665056,29.04625764394407,5.41709861901512,5.41709861901512,0.0,4.895201220341966e+24,4.895201220341966e+24,0.0,9.03657393860029e+25,9.03657393860029e+25,1.0295892692968933,8.24936416899354e+16,0.005525001180623486,4.0712654651326653e-07,8.138608106096679e-07,8.138608106096679e-07,0.012432151655995278,0.012432151655995278,9.800580680662174e+20,1.466916464630601e-05,6.859737343204004e-19,9.775347450615735e-23,9.775347450615735e-22,3.0533079764031823e-19,1.3842827431568335e+19,35000000000000.0,35000000000000.0,0.0,0.005115144887418951,0.0007287624559062471,1.2431648327316532e-05,4.042033051634031e-06,1.2431648327316532e-05,4.042033051634031e-06,5.845230330867096e-29,6.17838611836194e+18,2.043850219548874e+19,5.418515102147449,2.9059041140636684e-21,-278308.21443047933,1.0359341876259565e+21,0.0,0.0,0.0,0.0,0.0,0.3333333333333333,0.3333333333333333,2.0,1.8128222181985484e-23,1.2247278119517971e-20,0.0,6.859556060982184e-19,,0.0,0.0,0.0,0.0,0.0,1.8128222181985484e-23,6.859556060982184e-19,0.017853858692784275,17.0,1.1661553483446806e-17,3.0533079764031822e-25,9.744814370851704e-23,,,3.0533079764031822e-25,9.744814370851704e-23,10.0,,9.536544540177922e-08,3.4095948968030423,33637825222616.395,5.890453916716778e-06,0.0007228720019895303,5.890453916716778e-06,0.0007228720019895303,0.005115144887418951,0.0007287624559062471,False,False,1.0,1.4160423698530782,9.02724732297157e-09,0.20255355984278903,0.7003248383522028,1.0,1.4855313534556724,2.8164265440007316e-07,0.22704758059468017,0.6652808490495908,0.17930604434680877,0.22630679407522375,0.00576480722652074,0.01159024928656055,True,AP3.2,100.0,8.3,5.767844763153473e+19,$(U_{0.8}Pu_{0.2})N$
K0_G3_Kd3p2e5_AP3p2,rizk2025_refit_plot,rizk2025_refit_full,1275.0,1.1,35000000000000.0,1.4594266698663611e+23,5.904457929978142e+25,2.628275187046069e+25,3.2414497233475914e+23,1.065309714526017e+19,1.6204509790421773,65.14888559524796,0.5777441966648301,1.2339156443333228,1.8116598409981528,0.2249868179425011,2.036646658940654,7013366851183.712,1.753341712795928e+18,101.17906960705858,0.16572536432874863,46959111.80278902,21941296.837593433,2.140215874675692,1370031262.0818062,1369988989.9244015,45784947.26702764,34075793.925198466,1.000030855837321,1.3436208520198396,0.16150221088020195,65.33956309212367,29.084863410669694,5.414071286326442,5.414071286326442,0.0,4.892465548774168e+24,4.892465548774168e+24,0.0,9.03657393860029e+25,9.036573938600291e+25,1.0315443799592243,8.240274594241122e+16,0.005520331684423864,4.0533464089031325e-07,8.576611360522522e-07,8.576611360522522e-07,0.013244068333378179,0.013244068333378179,1.0421550294357854e+21,1.553545975513762e-05,6.860007613635873e-19,1.260338808442629e-22,1.260338808442629e-21,8.457331924393166e-19,1.3842827431568335e+19,35000000000000.0,35000000000000.0,0.0,0.005113660139729685,0.0007283465882282626,1.2427440517336113e-05,4.0321717168643425e-06,1.2427440517336113e-05,4.0321717168643425e-06,6.166383685591447e-29,6.31898281388194e+18,2.155333214762374e+19,9.817996907808846,4.18246732480396e-21,-337048.09525767097,1.0355104339376462e+21,0.0,0.0,0.0,0.0,0.0,0.3333333333333333,0.3333333333333333,2.0,4.5155265368944576e-23,1.0414017716058635e-20,0.0,6.859556060982184e-19,,0.0,0.0,0.0,0.0,0.0,4.5155265368944576e-23,6.859556060982184e-19,0.015180766994133262,17.0,1.1662012943180985e-17,8.457331924393166e-25,1.2518814765182357e-22,,,8.457331924393166e-25,1.2518814765182357e-22,10.0,,9.536544540177922e-08,3.4095948968030423,33611951541086.613,6.002149004377004e-06,0.0007223444392238855,6.002149004377004e-06,0.0007223444392238855,0.005113660139729685,0.0007283465882282626,False,False,1.0,1.4163707489428632,9.0314128374796e-09,0.2026737010344432,0.7001520246702811,1.0,1.4996851589774784,2.819322151759437e-07,0.23181969363605565,0.6584994976420002,0.17943694390727236,0.23107971514249137,0.005777441966648302,0.012339156443333228,True,AP3.2,100.0,8.3,5.767844763153473e+19,$(U_{0.8}Pu_{0.2})N$
K0_G3_Kd3p2e5_AP3p2,rizk2025_refit_plot,rizk2025_refit_full,1300.0,1.1,35000000000000.0,1.458540354492432e+23,5.901505203362809e+25,2.6314980538565374e+25,3.237010133376057e+23,1.0619650698867212e+19,1.6223981479643668,66.53364866365354,0.5790352377183757,1.310155556563926,1.8891907942823016,0.3117045677636743,2.200895362045976,6477329349318.068,1.6193323373295168e+18,115.82338093745877,0.20057163699814395,32488690.457296498,19167114.46369136,1.6950225094570421,1368382576.2914667,1368344757.2875056,43471904.065344475,33366575.32826329,1.0000276385053983,1.3028578341548114,0.16140412997255366,65.30688780350881,29.12052810873299,5.411179957785648,5.411179957785648,0.0,4.8898527783602e+24,4.8898527783602e+24,0.0,9.03657393860029e+25,9.036573938600291e+25,1.0335402147398987,8.23103473759877e+16,0.005515502755584846,4.035672185227677e-07,8.992160522514395e-07,8.992160522514395e-07,0.014072526462088819,0.014072526462088819,1.1040042203370968e+21,1.6435647946891905e-05,6.860642029484949e-19,1.6132812103425e-22,1.6132812103425001e-21,2.2525702314749626e-18,1.3842827431568335e+19,35000000000000.0,35000000000000.0,0.0,0.00511256045412788,0.0007279834154854734,1.2423195411297559e-05,4.022892359976211e-06,1.2423195411297559e-05,4.022892359976211e-06,6.471683804196768e-29,6.458906393343225e+18,2.2602069116811088e+19,17.225118548236413,6.0603046895211936e-21,-401321.6899887591,1.0351003124068138e+21,0.0,0.0,0.0,0.0,0.0,0.3333333333333333,0.3333333333333333,2.0,1.085968502764781e-22,8.409787168749566e-21,0.0,6.859556060982184e-19,,0.0,0.0,0.0,0.0,0.0,1.085968502764781e-22,6.859556060982184e-19,0.012258017737417087,17.0,1.1663091450124414e-17,2.2525702314749626e-24,1.5907555080277505e-22,,,2.2525702314749626e-24,1.5907555080277505e-22,10.0,,9.536544540177922e-08,3.4095948968030423,33586898031348.605,6.110640909536599e-06,0.0007218727745759367,6.110640909536599e-06,0.0007218727745759367,0.00511256045412788,0.0007279834154854734,False,False,1.0,1.4167068162847014,9.03554023796205e-09,0.20279660989044165,0.6999752390020084,1.0,1.5137193047136595,2.822278710075058e-07,0.23648333876544014,0.6518875826623098,0.17957050250658482,0.23574416620658267,0.005790352377183757,0.01310155556563926,True,AP3.2,100.0,8.3,5.767844763153473e+19,$(U_{0.8}Pu_{0.2})N$
K0_G3_Kd3p2e5_AP3p2,rizk2025_refit_plot,rizk2025_refit_full,1325.0,1.1,35000000000000.0,1.4575284624007516e+23,5.898697021575671e+25,2.6345632155525887e+25,3.2324839458089214e+23,1.058533867478876e+19,1.6243770150161123,67.90685806631542,0.5803439918637063,1.3884628930039238,1.9688068848676303,0.41454210855516027,2.3833489934227905,5961751143460.174,1.4904377858650435e+18,130.94194230031462,0.2359459157340155,23969974.48048309,16954078.73902193,1.4138175744880315,1366712024.3271136,1366677796.766276,41386524.848794796,32691837.95592526,1.0000250443527499,1.2659589498942092,0.16129215256844495,65.27581206832181,29.15444761978749,5.408448159322246,5.408448159322246,0.0,4.887384168480211e+24,4.887384168480211e+24,0.0,9.03657393860029e+25,9.036573938600288e+25,1.0355959717655947,8.22134851109192e+16,0.0055103848039970696,4.0179531118749243e-07,9.383426471911786e-07,9.383426471911786e-07,0.014925507849379276,0.014925507849379276,1.1658868407550189e+21,1.7381041226693993e-05,6.862082708120544e-19,2.058576297173614e-22,2.0585762971736138e-21,5.78187606487805e-18,1.3842827431568335e+19,35000000000000.0,35000000000000.0,0.0,0.005111997622775989,0.0007277150698915506,1.241888384573831e-05,4.0140558330959235e-06,1.241888384573831e-05,4.0140558330959235e-06,6.759817363055728e-29,6.598478791082557e+18,2.3579581580208316e+19,28.686385979182987,8.630829783532599e-21,-466832.2768213331,1.0347145724947878e+21,0.0,0.0,0.0,0.0,0.0,0.3333333333333333,0.3333333333333333,2.0,2.5266471383605937e-22,6.489382211733226e-21,0.0,6.859556060982184e-19,,0.0,0.0,0.0,0.0,0.0,2.5266471383605937e-22,6.859556060982184e-19,0.00945686971107727,17.0,1.1665540603804926e-17,5.78187606487805e-24,2.0007575365248335e-22,,,5.78187606487805e-24,2.0007575365248335e-22,10.0,,9.536544540177922e-08,3.4095948968030423,33562391857461.82,6.2175221377764195e-06,0.0007214975477537742,6.2175221377764195e-06,0.0007214975477537742,0.005111997622775989,0.0007277150698915506,False,False,1.0,1.4170468748083136,9.039755912612041e-09,0.20292093195121297,0.6997964300037595,1.0,1.527777531487023,2.825324725252962e-07,0.24108871242599733,0.6453734234659414,0.17970569105495549,0.2403503501762633,0.005803439918637064,0.013884628930039238,True,AP3.2,100.0,8.3,5.767844763153473e+19,$(U_{0.8}Pu_{0.2})N$
K0_G3_Kd3p2e5_AP3p2,rizk2025_refit_plot,rizk2025_refit_full,1350.0,1.1,35000000000000.0,1.4562398436558388e+23,5.895856614178429e+25,2.6376430038516556e+25,3.227610737634995e+23,1.0549521772403663e+19,1.626416678137876,69.29397946570978,0.5816546686781975,1.4703065473805395,2.051961216058737,0.5223939149424993,2.5743551310012363,5515672649960.871,1.3789181624902177e+18,145.14888963417468,0.2682297730500684,18934950.408666275,15294639.907994935,1.2380121743675998,1364995108.2946792,1364963868.0179622,39452794.28631691,32037415.32983497,1.0000228872554424,1.2314599626760883,0.16114955220312194,65.24437971999443,29.188528990891104,5.405941736911347,5.405941736911347,0.0,4.885119221336467e+24,4.885119221336467e+24,0.0,9.03657393860029e+25,9.03657393860029e+25,1.0377508730590803,8.210614900007093e+16,0.005504697167279448,3.9996824185924973e-07,9.746980990057195e-07,9.746980990057195e-07,0.015819281959398742,0.015819281959398742,1.2283831171522898e+21,1.8394356670825812e-05,6.865253628289335e-19,2.635683646760266e-22,2.6356836467602656e-21,1.4331663655150738e-17,1.3842827431568335e+19,35000000000000.0,35000000000000.0,0.0,0.005112326793657603,0.0007276317050989094,1.2414442613573451e-05,4.005477589038703e-06,1.2414442613573451e-05,4.005477589038703e-06,7.028373248654649e-29,6.738044881512785e+18,2.447598717213431e+19,44.402612956099425,1.1810583399741044e-20,-529493.3604650297,1.034376498370331e+21,0.0,0.0,0.0,0.0,0.0,0.3333333333333333,0.3333333333333333,2.0,5.697567307150379e-22,4.811032795419547e-21,0.0,6.859556060982184e-19,,0.0,0.0,0.0,0.0,0.0,5.697567307150379e-22,6.859556060982184e-19,0.007007800521156197,17.0,1.1670931168091869e-17,1.433166365515074e-23,2.492367010208758e-22,,,1.433166365515074e-23,2.492367010208758e-22,10.0,,9.536544540177922e-08,3.4095948968030423,33537989019115.438,6.32559357954907e-06,0.0007213061115193604,6.32559357954907e-06,0.0007213061115193604,0.005112326793657603,0.0007276317050989094,False,False,1.0,1.4173847425003387,9.04430359639641e-09,0.2030444067959693,0.6996188488460354,1.0,1.5421199118076325,2.828518426398754e-07,0.24572054422019757,0.6388373131570874,0.1798408746660529,0.24498300853315838,0.005816546686781975,0.014703065473805394,True,AP3.2,100.0,8.3,5.767844763153473e+19,$(U_{0.8}Pu_{0.2})N$
K0_G3_Kd3p2e5_AP3p2,rizk2025_refit_plot,rizk2025_refit_full,1375.0,1.1,35000000000000.0,1.4543699567724996e+23,5.892692986749061e+25,2.6410174302373486e+25,3.22189569778905e+23,1.0511119044246624e+19,1.6285771314085056,70.73365950974976,0.5829416455152744,1.5581739758653168,2.141115621380591,0.6216942814758682,2.762809902856459,5166498766829.359,1.2916246917073398e+18,157.2077758301781,0.2947307436154892,15977994.549744219,14121438.893697789,1.131470714140539,1363181781.4613433,1363153121.3262165,37592669.746479295,31385340.662234515,1.000021024883176,1.197777973833305,0.16094262788688837,65.20937057326621,29.2258708685609,5.403815930286007,5.403815930286007,0.0,4.883198220461561e+24,4.883198220461561e+24,0.0,9.03657393860029e+25,9.036573938600291e+25,1.040071584206366,8.197631246043333e+16,0.005497862976567237,3.9800309400819493e-07,1.0072993268203416e-06,1.0072993268203416e-06,0.01678146646338667,0.01678146646338667,1.2922346323055432e+21,1.951625086445776e-05,6.872029686534334e-19,3.420580950408818e-22,3.420580950408818e-21,3.437073971002977e-17,1.3842827431568335e+19,35000000000000.0,35000000000000.0,0.0,0.005114320188904941,0.000727920520072957,1.24097414667367e-05,3.996922499236211e-06,1.24097414667367e-05,3.996922499236211e-06,7.270379606533167e-29,6.878021345869656e+18,2.5263827112232202e+19,62.9397308890839,1.5272040491984628e-20,-585527.0624703771,1.034133934371393e+21,0.0,0.0,0.0,0.0,0.0,0.3333333333333333,0.3333333333333333,2.0,1.2473625552150166e-21,3.443438470919897e-21,0.0,6.859556060982184e-19,,0.0,0.0,0.0,0.0,0.0,1.2473625552150166e-21,6.859556060982184e-19,0.0050108026711049814,17.0,1.1682450467108369e-17,3.437073971002977e-23,3.0768735533085202e-22,,,3.437073971002977e-23,3.0768735533085202e-22,10.0,,9.536544540177922e-08,3.4095948968030423,33513045381773.098,6.4394695742738e-06,0.0007214810504986832,6.4394695742738e-06,0.0007214810504986832,0.005114320188904941,0.000727920520072957,False,False,1.0,1.417709936152958,9.049648540304636e-09,0.20316320634403093,0.6994480004522307,1.0,1.5571552035114682,2.831958822322076e-07,0.2505057404855656,0.6321013984218904,0.17997341639464992,0.24976906545544633,0.005829416455152744,0.015581739758653169,True,AP3.2,100.0,8.3,5.767844763153473e+19,$(U_{0.8}Pu_{0.2})N$
K0_G3_Kd3p2e5_AP3p2,rizk2025_refit_plot,rizk2025_refit_full,1400.0,1.1,35000000000000.0,1.4513225277071598e+23,5.8887326754475215e+25,2.645135421348003e+25,3.2144181428829235e+23,1.046863087700182e+19,1.630977488135144,72.27463025446255,0.5841641217636175,1.6555264809402725,2.23969060270389,0.703101414586024,2.942792017289914,4914136057298.798,1.2285340143246994e+18,166.5472403330591,0.31463216696332974,14262764.743024468,13329551.396711657,1.070010859220891,1361173281.9182699,1361146929.4639642,35736638.34128226,30716172.35790601,1.0000193604773557,1.1634469921863178,0.16060539509423422,65.16554521059615,29.271441138207724,5.402408256101886,5.402408256101886,0.0,4.881926165276934e+24,4.881926165276934e+24,0.0,9.03657393860029e+25,9.03657393860029e+25,1.0426515672356775,8.180046782309872e+16,0.005488742389911458,3.957771602866094e-07,1.0334493682462165e-06,1.0334493682462165e-06,0.01785073637287,0.01785073637287,1.3576571993520918e+21,2.081059065644762e-05,6.886110813242972e-19,4.565292615698932e-22,4.565292615698932e-21,7.989389038480301e-17,1.3842827431568335e+19,35000000000000.0,35000000000000.0,0.0,0.005119579727333229,0.0007289592203757549,1.2404522028065174e-05,3.988135207680172e-06,1.2404522028065174e-05,3.988135207680172e-06,7.466499875669347e-29,7.018956220247167e+18,2.5870265578039816e+19,81.69170275920817,1.8576436437163558e-20,-632323.9776117336,1.0340814609864112e+21,0.0,0.0,0.0,0.0,0.0,0.3333333333333333,0.3333333333333333,2.0,2.6554752260788454e-21,2.389663047018396e-21,0.0,6.859556060982184e-19,,0.0,0.0,0.0,0.0,0.0,2.6554752260788454e-21,6.859556060982184e-19,0.003470265163933658,17.0,1.1706388382513052e-17,7.989389038480301e-23,3.7663537118509016e-22,,,7.989389038480301e-23,3.7663537118509016e-22,10.0,,9.536544540177922e-08,3.4095948968030423,33486791611688.54,6.56617858240784e-06,0.0007223930417933471,6.56617858240784e-06,0.0007223930417933471,0.005119579727333229,0.0007289592203757549,False,False,1.0,1.4180049051115446,9.05666095582025e-09,0.20327092732125115,0.6992930918448299,1.0,1.573415529292898,2.8357848396965834e-07,0.2556018430822798,0.6249467638024906,0.18009913487336857,0.2548660827498373,0.005841641217636175,0.016555264809402725,True,AP3.2,100.0,8.3,5.767844763153473e+19,$(U_{0.8}Pu_{0.2})N$
K0_G3_Kd3p2e5_AP3p2,rizk2025_refit_plot,rizk2025_refit_full,1425.0,1.1,35000000000000.0,1.4459668290686777e+23,5.883220841607329e+25,2.650700490344296e+25,3.203507056401299e+23,1.0420586730665415e+19,1.633846475800094,73.95803032206723,0.5852589061856126,1.7657808027171502,2.351039708902763,0.7653908384157282,3.1164305473184912,4738020991919.7705,1.1845052479799427e+18,173.42402790620906,0.3289247711878816,13268273.038529847,12800994.34203326,1.0365033124780185,1358781057.5671778,1358756794.4000778,33853627.00521543,30017024.389812715,1.0000178568874136,1.1278142218755298,0.16001272593943375,65.10455048098245,29.333024975556977,5.402411817521148,5.402411817521148,0.0,4.881929383579784e+24,4.881929383579784e+24,0.0,9.03657393860029e+25,9.03657393860029e+25,1.045584643462878,8.153397785040501e+16,0.005475162208655989,3.931336557909129e-07,1.0468956064871818e-06,1.0468956064871818e-06,0.01906584596293135,0.01906584596293135,1.422512413035098e+21,2.2360922019358953e-05,6.914608654846705e-19,6.376594772569942e-22,6.376594772569942e-21,1.8029544796246132e-16,1.3842827431568335e+19,35000000000000.0,35000000000000.0,0.0,0.005131299573539919,0.0007314885829497316,1.2398288741443753e-05,3.978945611206776e-06,1.2398288741443753e-05,3.978945611206776e-06,7.571539241975627e-29,7.161621875761956e+18,2.613093951059104e+19,98.78255652503857,2.1476560312693392e-20,-670606.079724596,1.0343998918889612e+21,0.0,0.0,0.0,0.0,0.0,0.3333333333333333,0.3333333333333333,2.0,5.505259386452124e-21,1.614130821723305e-21,0.0,6.859556060982184e-19,,0.0,0.0,0.0,0.0,0.0,5.505259386452124e-21,6.859556060982184e-19,0.0023343776955358146,17.0,1.1754834713239397e-17,1.8029544796246133e-22,4.573640292945329e-22,,,1.8029544796246133e-22,4.573640292945329e-22,10.0,,9.536544540177922e-08,3.4095948968030423,33458651183620.94,6.7155229825831475e-06,0.0007247730599671485,6.7155229825831475e-06,0.0007247730599671485,0.005131299573539919,0.0007314885829497316,False,False,1.0,1.4182408412499694,9.066932386442921e-09,0.20335706459482555,0.6991692268651214,1.0,1.5913743221765433,2.8401362458419463e-07,0.2611375518200551,0.6171975254298966,0.18021157284288933,0.26040276838453463,0.005852589061856126,0.0176578080271715,True,AP3.2,100.0,8.3,5.767844763153473e+19,$(U_{0.8}Pu_{0.2})N$
K0_G3_Kd3p2e5_AP3p2,rizk2025_refit_plot,rizk2025_refit_full,1450.0,1.1,35000000000000.0,1.4362387168188062e+23,5.874946355798951e+25,2.658822864821823e+25,3.1861981836905225e+23,1.03666540310237e+19,1.6376091537375879,75.78092475437836,0.5861275925638274,1.8897611491453838,2.4758887417092112,0.8133948835582719,3.2892836252674833,4611030207010.997,1.1527575517527493e+18,178.5863792114975,0.3394499075148441,12668241.067002662,12430959.235535447,1.019087974384866,1355657252.6397064,1355634825.8882139,31992611.79871174,29294971.091940075,1.0000165433574473,1.0920854537901854,0.15893619933588138,65.0129838555711,29.422908315556352,5.405171629536686,5.405171629536686,0.0,4.884423308113288e+24,4.884423308113288e+24,0.0,9.03657393860029e+25,9.036573938600291e+25,1.0488971369770572,8.109505859673014e+16,0.005453129632917405,3.8990410959296737e-07,1.0364120439082975e-06,1.0364120439082975e-06,0.020437529695991045,0.020437529695991045,1.4793163451608303e+21,2.4246336143429214e-05,6.970855980789518e-19,9.468385261965149e-22,9.468385261965149e-21,3.956100289530877e-16,1.3842827431568335e+19,35000000000000.0,35000000000000.0,0.0,0.005155587204951395,0.0007369182461219038,1.2390122321690127e-05,3.969445654732694e-06,1.2390122321690127e-05,3.969445654732694e-06,7.503829385194555e-29,7.307254113261848e+18,2.5757796954343285e+19,114.47962624638306,2.4096801461192046e-20,-705770.9798009435,1.0354239326606496e+21,0.0,0.0,0.0,0.0,0.0,0.3333333333333333,0.3333333333333333,2.0,1.1129991980733449e-20,1.0648433877683903e-21,0.0,6.859556060982184e-19,,0.0,0.0,0.0,0.0,0.0,1.1129991980733449e-20,6.859556060982184e-19,0.0015275647505886161,17.0,1.1850455167342181e-17,3.9561002895308766e-22,5.512284972434272e-22,,,3.9561002895308766e-22,5.512284972434272e-22,10.0,,9.536544540177922e-08,3.4095948968030423,33428832366817.008,6.900655591556122e-06,0.0007300175905303477,6.900655591556122e-06,0.0007300175905303477,0.005155587204951395,0.0007369182461219038,False,False,1.0,1.4183703894899042,9.083322494901336e-09,0.2034043514620118,0.699101230504917,1.0,1.6110487024978186,2.845053055904492e-07,0.26709375086589704,0.6088864838298694,0.1803006900680282,0.266359979064364,0.0058612759256382735,0.018897611491453838,True,AP3.2,100.0,8.3,5.767844763153473e+19,$(U_{0.8}Pu_{0.2})N$
K0_G3_Kd3p2e5_AP3p2,rizk2025_refit_plot,rizk2025_refit_full,1475.0,1.1,35000000000000.0,1.4185546285735033e+23,5.861857007220612e+25,2.6713692744747197e+25,3.157348766227899e+23,1.0308793442096515e+19,1.6430282458648753,77.66657735562929,0.5866056688174182,2.023014277011496,2.6096199458289138,0.8536104870899498,3.4632304329188637,4509923297491.406,1.1274808243728516e+18,182.82855969700162,0.34796718887901074,12267473.41753376,12142523.048254414,1.0102903135355639,1351184546.9972816,1351163624.5981956,30291131.649763394,28583723.85633515,1.0000154847264278,1.0597335673269817,0.1569792532227351,64.86813528057712,29.561748651928795,5.41313681427134,5.41313681427134,0.0,4.891621106192219e+24,4.891621106192219e+24,0.0,9.03657393860029e+25,9.036573938600288e+25,1.0524743287289857,8.034083630928003e+16,0.005415618629515237,3.859067254444502e-07,9.898559508139933e-07,9.898559508139933e-07,0.021918190942016434,0.021918190942016434,1.5140186288648406e+21,2.649543075745802e-05,7.079265455089175e-19,1.504893209395902e-21,1.504893209395902e-20,8.452417180343286e-16,1.3842827431568335e+19,35000000000000.0,35000000000000.0,0.0,0.00520357305373037,0.0007478447104367088,1.237837795168574e-05,3.960078599869624e-06,1.237837795168574e-05,3.960078599869624e-06,7.174301144920501e-29,7.458214165073683e+18,2.4449294165794677e+19,131.03380551522915,2.6875317099797626e-20,-747198.0958416207,1.0377525845575451e+21,0.0,0.0,0.0,0.0,0.0,0.3333333333333333,0.3333333333333333,2.0,2.1970939410699096e-20,6.8818538610947975e-22,0.0,6.859556060982184e-19,,0.0,0.0,0.0,0.0,0.0,2.1970939410699096e-20,6.859556060982184e-19,0.0009721141133572748,17.0,1.2034751273651598e-17,8.452417180343286e-22,6.596514913615734e-22,,,8.452417180343286e-22,6.596514913615734e-22,10.0,,9.536544540177922e-08,3.4095948968030423,33398721896404.344,7.141797610971993e-06,0.0007407029128257369,7.141797610971993e-06,0.0007407029128257369,0.00520357305373037,0.0007478447104367088,False,False,1.0,1.4183127650667173,9.110905935692858e-09,0.20338331859995054,0.6991314746336572,1.0,1.6316456347431563,2.850366145766992e-07,0.2732117598582711,0.6003792604559531,0.1803496976302121,0.272478966005953,0.005866056688174181,0.020230142770114957,True,AP3.2,100.0,8.3,5.767844763153473e+19,$(U_{0.8}Pu_{0.2})N$
K0_G3_Kd3p2e5_AP3p2,rizk2025_refit_plot,rizk2025_refit_full,1500.0,1.1,35000000000000.0,1.3871333440005457e+23,5.840281790469793e+25,2.691692380452523e+25,3.108370497609764e+23,1.0250347071923788e+19,1.6514157582203937,79.5058769795699,0.5863955432220441,2.157868011674771,2.7442635548968153,0.891844003084194,3.6361075579810094,4417910450770.801,1.1044776126927002e+18,186.79754825563813,0.35582816027602315,11954443.30982891,11884524.292373808,1.0058831986653405,1344320877.4955008,1344301087.6875286,28896885.91332829,27922464.154070757,1.0000147212615935,1.0348974128458313,0.15350212961522053,64.62938089315759,29.786647005175173,5.430469972052041,5.430469972052041,0.0,4.907284342379692e+24,4.907284342379692e+24,0.0,9.03657393860029e+25,9.036573938600291e+25,1.0561124662247277,7.903819164624384e+16,0.005350960885092792,3.808213943886863e-07,9.103666785271325e-07,9.103666785271325e-07,0.023423894810152335,0.023423894810152335,1.5134353981121097e+21,2.9048367660643673e-05,7.283547683483441e-19,2.5448943822908676e-21,2.5448943822908677e-20,1.7607759639859707e-15,1.3842827431568335e+19,35000000000000.0,35000000000000.0,0.0,0.005294531977526152,0.000768902454477659,1.236024032561999e-05,3.9513616381149635e-06,1.236024032561999e-05,3.9513616381149635e-06,6.60431510390726e-29,7.619365344981903e+18,2.2303058075004756e+19,152.08192588760443,3.045746196375645e-20,-806857.5423094715,1.0424153439905943e+21,0.0,0.0,0.0,0.0,0.0,0.3333333333333333,0.3333333333333333,2.0,4.239916225012569e-20,4.369022003359254e-22,0.0,6.859556060982184e-19,,0.0,0.0,0.0,0.0,0.0,4.239916225012569e-20,6.859556060982184e-19,0.0005998480676204922,17.0,1.2382031061921849e-17,1.7607759639859707e-21,7.84118418304897e-22,,,1.7607759639859707e-21,7.84118418304897e-22,10.0,,9.536544540177922e-08,3.4095948968030423,33370090953020.215,7.478798253293533e-06,0.0007614236562243654,7.478798253293533e-06,0.0007614236562243654,0.005294531977526152,0.000768902454477659,False,False,1.0,1.4179254371513308,9.158512799916608e-09,0.20324190953014523,0.6993348203060094,1.0,1.6519724263600082,2.8557736604749046e-07,0.2791355577826216,0.592171318447668,0.18032816095155813,0.2784036719536448,0.005863955432220441,0.02157868011674771,True,AP3.2,100.0,8.3,5.767844763153473e+19,$(U_{0.8}Pu_{0.2})N$
K0_G3_Kd3p2e5_AP3p2,rizk2025_refit_plot,rizk2025_refit_full,1525.0,1.1,35000000000000.0,1.3336811050622977e+23,5.803816729212875e+25,2.7256862040562035e+25,3.0260700851232435e+23,1.01917102019495e+19,1.6648987628713379,81.2924694685364,0.5849666183084266,2.293435999032157,2.878402617340584,0.933226052344492,3.8116286696850756,4322511308130.2026,1.0806278270325505e+18,191.02816968310728,0.3640927492819855,11663867.47328641,11621322.675512793,1.003660925607312,1333433394.1277368,1333414409.0366893,27835076.31649026,27308802.58052972,1.0000142379525216,1.0192712124381373,0.1475870295671898,64.22585338920881,30.162827445181016,5.463732136042969,5.463732136042969,0.0,4.937341942805879e+24,4.937341942805879e+24,0.0,9.03657393860029e+25,9.03657393860029e+25,1.0597881359557049,7.684420770219563e+16,0.005241441931361021,3.7392040579399936e-07,8.321517563206137e-07,8.321517563206137e-07,0.024946647620115857,0.024946647620115857,1.4813925021540407e+21,3.177718842792161e-05,7.660320881786454e-19,4.506949593239524e-21,4.506949593239524e-20,3.580777516173852e-15,1.3842827431568335e+19,35000000000000.0,35000000000000.0,0.0,0.005460237754553107,0.0008081573445984407,1.233118620979057e-05,3.943265197347903e-06,1.233118620979057e-05,3.943265197347903e-06,6.041504205811992e-29,7.799837450487134e+18,2.019882374251795e+19,182.39675441174558,3.5631789587435744e-20,-896975.5462246996,1.0510831323037177e+21,0.0,0.0,0.0,0.0,0.0,0.3333333333333333,0.3333333333333333,2.0,8.007648208042697e-20,2.7313851877918533e-22,0.0,6.859556060982184e-19,,0.0,0.0,0.0,0.0,0.0,8.007648208042697e-20,6.859556060982184e-19,0.0003565627641377433,17.0,1.3022545499036972e-17,3.5807775161738524e-21,9.261720770656716e-22,,,3.5807775161738524e-21,9.261720770656716e-22,10.0,,9.536544540177922e-08,3.4095948968030423,33342995665891.49,7.995966006076524e-06,0.0008001613785923641,7.995966006076524e-06,0.0008001613785923641,0.005460237754553107,0.0008081573445984407,False,False,1.0,1.416965103530508,9.240804180616356e-09,0.2028910414417839,0.699839419841853,1.0,1.6719358681576588,2.8612402640826566e-07,0.2848468217773872,0.5842856770110999,0.18018156764425372,0.2841159018698392,0.0058496661830842655,0.022934359990321573,True,AP3.2,100.0,8.3,5.767844763153473e+19,$(U_{0.8}Pu_{0.2})N$
K0_G3_Kd3p2e5_AP3p2,rizk2025_refit_plot,rizk2025_refit_full,1550.0,1.1,35000000000000.0,1.2485544610576179e+23,5.742499772033967e+25,2.7825619471988524e+25,2.893230973916836e+23,1.0126479459385276e+19,1.6866307389179565,83.21897340370778,0.5814759386902422,2.4446357436978245,3.026111682388067,0.9831036446679224,4.00921532705599,4212889612781.3955,1.053222403195349e+18,196.04401333670697,0.37373890781471325,11352562.117868025,11323987.722017987,1.0025233510095104,1316251982.7790344,1316233570.7365456,26967305.108131994,26676608.821289416,1.0000139884310035,1.0108970480014905,0.1381667952413181,63.54731130461425,30.792222429708296,5.522299470436164,5.522299470436164,0.0,4.990266747568962e+24,4.990266747568962e+24,0.0,9.03657393860029e+25,9.036573938600291e+25,1.0639092560472838,7.333444020231659e+16,0.005063967946836546,3.639330099636506e-07,7.972530874907709e-07,7.972530874907709e-07,0.02665869561830888,0.02665869561830888,1.4409613521875713e+21,3.457428679226797e-05,8.341202920002465e-19,8.20455958647652e-21,8.20455958647652e-20,7.11715258415843e-15,1.3842827431568335e+19,35000000000000.0,35000000000000.0,0.0,0.005750443101762568,0.0008793961223330309,1.2284623665466555e-05,3.934917492351823e-06,1.2284623665466555e-05,3.934917492351823e-06,5.79188563059104e-29,8.013863767686029e+18,1.918563456567359e+19,227.5714489427092,4.3212043738131926e-20,-1024570.3289736152,1.0662422221752684e+21,0.0,0.0,0.0,0.0,0.0,0.3333333333333333,0.3333333333333333,2.0,1.4816468590202815e-19,1.6851976248218294e-22,0.0,6.859556060982184e-19,,0.0,0.0,0.0,0.0,0.0,1.4816468590202815e-19,6.859556060982184e-19,0.00020203292510492376,17.0,1.4180044964004192e-17,7.11715258415843e-21,1.0874070023180895e-21,,,7.11715258415843e-21,1.0874070023180895e-21,10.0,,9.536544540177922e-08,3.4095948968030423,33314582282765.605,8.855450646878066e-06,0.0008705406716861528,8.855450646878066e-06,0.0008705406716861528,0.005750443101762568,0.0008793961223330309,False,False,1.0,1.4150610300152502,9.380127298609188e-09,0.2021942653226277,0.7008417076579826,1.0,1.693700204924086,2.867370904795444e-07,0.29095677477469245,0.5758804336205299,0.17982245236616928,0.29022716025250694,0.005814759386902422,0.024446357436978247,True,AP3.2,100.0,8.3,5.767844763153473e+19,$(U_{0.8}Pu_{0.2})N$
K0_G3_Kd3p2e5_AP3p2,rizk2025_refit_plot,rizk2025_refit_full,1575.0,1.1,35000000000000.0,1.1248733423064006e+23,5.643156637995946e+25,2.8745214661315822e+25,2.6933585448177782e+23,1.0043032035984822e+19,1.7207043230648857,85.60095493857716,0.5747798438961647,2.638695558347858,3.2134754022440233,1.0477324475688465,4.26120784981287,4078830510393.2676,1.0197076275983169e+18,202.41937864882425,0.38576329013824134,10988544.393967416,10967329.387229571,1.0019343821990565,1290187350.5081015,1290169362.7675545,26105963.38835555,25934290.12086323,1.0000139421544691,1.006619547583229,0.12448006843627249,62.44796619093493,31.80985941865517,5.617694321973648,5.617694321973648,0.0,5.076471010496989e+24,5.076471010496989e+24,0.0,9.03657393860029e+25,9.036573938600291e+25,1.0692322862696995,6.813812383322735e+16,0.0047958446686852734,3.493872524626439e-07,8.183064385650393e-07,8.183064385650393e-07,0.02887781406608569,0.02887781406608569,1.411392288611838e+21,3.744690144228936e-05,9.547997762466594e-19,1.5110367502995262e-20,1.5110367502995263e-19,1.384090397445483e-14,1.3842827431568335e+19,35000000000000.0,35000000000000.0,0.0,0.006237740495221418,0.0010058138666942656,1.2212286718031576e-05,3.925106827062705e-06,1.2212286718031576e-05,3.925106827062705e-06,5.94865203164973e-29,8.280131987534361e+18,1.9537566922509214e+19,293.60359867069866,5.387055685372032e-20,-1184794.7246420202,1.091147441492621e+21,0.0,0.0,0.0,0.0,0.0,0.3333333333333333,0.3333333333333333,2.0,2.6884417014844093e-19,1.0281056616639125e-22,0.0,6.859556060982184e-19,,0.0,0.0,0.0,0.0,0.0,2.6884417014844093e-19,6.859556060982184e-19,0.00010767761862130092,17.0,1.623159619619321e-17,1.384090397445483e-20,1.2694635285404309e-21,,,1.384090397445483e-20,1.2694635285404309e-21,10.0,,9.536544540177922e-08,3.4095948968030423,33280625720815.1,1.0340147612397585e-05,0.000995473719081868,1.0340147612397585e-05,0.000995473719081868,0.006237740495221418,0.0010058138666942656,False,False,1.0,1.411734003746848,9.60665619050612e-09,0.2009732409639814,0.702598817632185,1.0,1.7209441435803787,2.8752905922896805e-07,0.2984397462860709,0.5656308398966222,0.1791295259984399,0.29771206059266825,0.005747798438961647,0.02638695558347858,True,AP3.2,100.0,8.3,5.767844763153473e+19,$(U_{0.8}Pu_{0.2})N$
K0_G3_Kd3p2e5_AP3p2,rizk2025_refit_plot,rizk2025_refit_full,1600.0,1.1,35000000000000.0,9.651057843497938e+22,5.491426697475238e+25,3.014911088977907e+25,2.420194068750448e+23,9.928048824203532e+18,1.7714794326851289,88.75138979075376,0.5635690633526811,2.907220693357964,3.470789756710645,1.1341909168534485,4.604980673564094,3912133276082.092,9.780333190205229e+17,210.75182800735055,0.4010859096214077,10550958.903445592,10533716.461631695,1.0016368811403555,1253207530.4397607,1253189824.8657756,25123243.36968641,25013692.802265085,1.0000141284054769,1.0043796239238776,0.10679996544124806,60.768901298071235,33.363430758857916,5.760867977629604,5.760867977629604,0.0,5.205850943036464e+24,5.205850943036464e+24,0.0,9.03657393860029e+25,9.03657393860029e+25,1.076661181766165,6.118863402973433e+16,0.004426890503357604,3.293041882193157e-07,8.955795395926109e-07,8.955795395926109e-07,0.03198401359154547,0.03198401359154547,1.3962866833246443e+21,4.053612502476404e-05,1.1647735522501893e-18,2.783708154963653e-20,2.7837081549636527e-19,2.6363059898109156e-14,1.3842827431568335e+19,35000000000000.0,35000000000000.0,0.0,0.007017521387432993,0.00122575543028164,1.2106021266349491e-05,3.912926438225581e-06,1.2106021266349491e-05,3.912926438225581e-06,6.515318077874185e-29,8.619955753941175e+18,2.11888891140372e+19,387.72891633914713,6.81918197761553e-20,-1361567.3672203128,1.1293319037286865e+21,0.0,0.0,0.0,0.0,0.0,0.3333333333333333,0.3333333333333333,2.0,4.788179461519709e-19,6.213051142733445e-23,0.0,6.859556060982184e-19,,0.0,0.0,0.0,0.0,0.0,4.788179461519709e-19,6.859556060982184e-19,5.3341279347652143e-05,17.0,1.9801150388253218e-17,2.6363059898109155e-20,1.4740216515273757e-21,,,2.6363059898109155e-20,1.4740216515273757e-21,10.0,,9.536544540177922e-08,3.4095948968030423,33237755428016.086,1.292748246537837e-05,0.0012128279478162615,1.292748246537837e-05,0.0012128279478162615,0.007017521387432993,0.00122575543028164,False,False,1.0,1.406478239795267,9.955300830267328e-09,0.19903514319046214,0.7053896726412173,1.0,1.7575280252891448,2.886347956116158e-07,0.30821131052194856,0.5523221794931132,0.17795726190116776,0.307486462694696,0.0056356906335268105,0.02907220693357964,True,AP3.2,100.0,8.3,5.767844763153473e+19,$(U_{0.8}Pu_{0.2})N$
K0_G3_Kd3p2e5_AP3p2,rizk2025_refit_plot,rizk2025_refit_full,1625.0,1.1,35000000000000.0,7.847366631811387e+22,5.275413151833064e+25,3.214942603860728e+25,2.0868702178709816e+23,9.768197988353647e+18,1.8423412255762024,92.91968189921832,0.546631005124368,3.282662288737076,3.829293293861444,1.249320073292733,5.078613367154176,3709762786064.3584,9.274406965160895e+17,221.54215117454964,0.42028117734617687,10035775.416947711,10020666.443068419,1.0015077813402065,1205006176.4606738,1204988505.484744,23967960.79326406,23891601.37685185,1.0000146648502033,1.0031960777851499,0.08684006444401313,58.37846497663022,35.577007676857484,5.957687282068263,5.957687282068263,0.0,5.383708162746846e+24,5.383708162746846e+24,0.0,9.03657393860029e+25,9.036573938600288e+25,1.0871729640213146,5.2923250468999656e+16,0.003971699900555503,3.038431326956268e-07,1.0468590433879704e-06,1.0468590433879704e-06,0.03638977337837033,0.03638977337837033,1.3930617526876583e+21,4.405414163046416e-05,1.523730417696869e-18,5.0931337662888926e-20,5.093133766288892e-19,4.922854290289942e-14,1.3842827431568335e+19,35000000000000.0,35000000000000.0,0.0,0.008198830622458964,0.001601480097904337,1.1960799736483187e-05,3.898059606465783e-06,1.1960799736483187e-05,3.898059606465783e-06,7.623618804780496e-29,9.052906486643501e+18,2.446089967561146e+19,521.2262055228089,8.705703477268956e-20,-1537740.3014398033,1.183652488105037e+21,0.0,0.0,0.0,0.0,0.0,0.3333333333333333,0.3333333333333333,2.0,8.377748115986507e-19,3.725070577182821e-23,0.0,6.859556060982184e-19,,0.0,0.0,0.0,0.0,0.0,8.377748115986507e-19,6.859556060982184e-19,2.4447044791645597e-05,17.0,2.5903417100846773e-17,4.922854290289942e-20,1.7027947599895046e-21,,,4.922854290289942e-20,1.7027947599895046e-21,10.0,,9.536544540177922e-08,3.4095948968030423,33184696006979.83,1.7418781998146042e-05,0.0015840613159061909,1.7418781998146042e-05,0.0015840613159061909,0.008198830622458964,0.001601480097904337,False,False,1.0,1.398890761173676,1.0459408507314554e-08,0.19621706404057107,0.7094516938948695,1.0,1.8068545223146242,2.9020067918407267e-07,0.3209114707200194,0.5351571949750404,0.17615626242631555,0.3201907160245312,0.00546631005124368,0.03282662288737076,True,AP3.2,100.0,8.3,5.767844763153473e+19,$(U_{0.8}Pu_{0.2})N$
K0_G3_Kd3p2e5_AP3p2,rizk2025_refit_plot,rizk2025_refit_full,1650.0,1.1,35000000000000.0,6.068337100719226e+22,4.9894151687207545e+25,3.4803540332734497e+25,1.725070442101323e+23,9.551315004582744e+18,1.9345307316463298,98.26413787238167,0.5231453180865397,3.796093687858779,4.3192390059453185,1.3981498901104201,5.717388896055739,3476225654142.131,8.690564135355327e+17,235.05117870736504,0.44331649417519875,9458787.579020089,9444751.616259133,1.0014861124284933,1147583215.2709363,1147565124.5461113,22651131.42374927,22592168.903808784,1.000015764442852,1.0026098654003313,0.06715307307781708,55.21357101288306,38.51408793776256,6.205187976276587,6.205187976276587,0.0,5.607363995053688e+24,5.607363995053688e+24,0.0,9.03657393860029e+25,9.036573938600293e+25,1.101788648623554,4.418144040831374e+16,0.003469592696209277,2.744408281784666e-07,1.3202550706622656e-06,1.3202550706622656e-06,0.04252952788316298,0.04252952788316298,1.3998270490805889e+21,4.821071033185548e-05,2.1271476252081635e-18,9.216017886357202e-20,9.216017886357202e-19,9.020265555838444e-14,1.3842827431568335e+19,35000000000000.0,35000000000000.0,0.0,0.009886224041488827,0.002232394378392249,1.1777265158944991e-05,3.880814933842056e-06,1.1777265158944991e-05,3.880814933842056e-06,9.628793096962077e-29,9.590233221372137e+18,3.0306549340415115e+19,712.2603730983637,1.1195993771200143e-19,-1703334.6523101842,1.2553197704787704e+21,0.0,0.0,0.0,0.0,0.0,0.3333333333333333,0.3333333333333333,2.0,1.441192019109945e-18,2.2189009104417195e-23,0.0,6.859556060982184e-19,,0.0,0.0,0.0,0.0,0.0,1.441192019109945e-18,6.859556060982184e-19,1.043134422898635e-05,17.0,3.616150962853878e-17,9.020265555838444e-20,1.957523305187582e-21,,,9.020265555838444e-20,1.957523305187582e-21,10.0,,9.536544540177922e-08,3.4095948968030423,33122908575722.94,2.514143571400381e-05,0.002207252942678245,2.514143571400381e-05,0.002207252942678245,0.009886224041488827,0.002232394378392249,False,False,1.0,1.388773966664825,1.114478059022894e-08,0.19242194844977692,0.7149294047000379,1.0,1.8715415789153431,2.9238070799703417e-07,0.33679731108182465,0.5139059018738312,0.17359642651653143,0.33608230008308604,0.005231453180865398,0.037960936878587793,True,AP3.2,100.0,8.3,5.767844763153473e+19,$(U_{0.8}Pu_{0.2})N$
K0_G3_Kd3p2e5_AP3p2,rizk2025_refit_plot,rizk2025_refit_full,1675.0,1.1,35000000000000.0,4.508203965659792e+22,4.635356500327716e+25,3.8101004185263263e+25,1.3720350100823987e+23,9.26729683194747e+18,2.046839093373152,104.85964265448942,0.49283882340798635,4.475760128500358,4.968598951908345,1.5827158061375566,6.551314758045901,3222693866784.4785,8.056734666961196e+17,251.23210557194503,0.46951599500005103,8850053.006941998,8836450.241684025,1.001539392503316,1084618400.23653,1084599178.8936775,21222056.412293974,21171157.404330082,1.0000177220702602,1.0024041674714241,0.04988842006153147,51.29550791951694,42.16310788153068,6.491495778890877,6.491495778890877,0.0,5.866088157805908e+24,5.866088157805908e+24,0.0,9.03657393860029e+25,9.036573938600293e+25,1.121574613913536,3.582796010679153e+16,0.002968851973796146,2.4323561877332084e-07,1.8123987348974457e-06,1.8123987348974457e-06,0.05086210348844685,0.05086210348844685,1.4152396519738942e+21,5.319318725632532e-05,3.1253595690049714e-18,1.6455952557117455e-19,1.6455952557117454e-18,1.6231955709997532e-13,1.3842827431568335e+19,35000000000000.0,35000000000000.0,0.0,0.012157742827294413,0.00327479399976321,1.1561874195526466e-05,3.861922085626946e-06,1.1561874195526466e-05,3.861922085626946e-06,1.3247511299253632e-28,1.0228442425994138e+19,4.059295844863709e+19,986.9030349521138,1.4494601967778464e-19,-1855006.5789404076,1.343527347375441e+21,0.0,0.0,0.0,0.0,0.0,0.3333333333333333,0.3333333333333333,2.0,2.439403962906753e-18,1.3148108872562704e-23,0.0,6.859556060982184e-19,,0.0,0.0,0.0,0.0,0.0,2.439403962906753e-18,6.859556060982184e-19,4.206910783308271e-06,17.0,5.3131112673084517e-17,1.623195570999753e-19,2.2399684711992322e-21,,,1.623195570999753e-19,2.2399684711992322e-21,10.0,,9.536544540177922e-08,3.4095948968030423,33056481839018.03,3.8241714455102354e-05,0.0032365522853081076,3.8241714455102354e-05,0.0032365522853081076,0.012157742827294413,0.00327479399976321,False,False,1.0,1.3761307022913194,1.20287540164691e-08,0.18761734927162682,0.7218760667444157,1.0,1.9534013871348075,2.9533743308648863e-07,0.3557567113691345,0.48887772240433325,0.17017730329771388,0.35504952369997084,0.004928388234079864,0.044757601285003584,True,AP3.2,100.0,8.3,5.767844763153473e+19,$(U_{0.8}Pu_{0.2})N$
K0_G3_Kd3p2e5_AP3p2,rizk2025_refit_plot,rizk2025_refit_full,1700.0,1.1,35000000000000.0,3.2571689287589235e+22,4.2215031926326256e+25,4.197393369774783e+25,1.056213425586856e+23,8.908208349155437e+18,2.1761716376814086,112.7439913480336,0.4559526353182932,5.3476034159363115,5.8035560512546045,1.8017140211173805,7.605270072371985,2963345306408.8105,7.408363266022026e+17,269.76258107897644,0.4977677328254227,8243025.65025042,8229458.626621261,1.0016485924827754,1020161436.7303958,1020140122.0196437,19739654.005203623,19690628.063246403,1.0000208939049569,1.0024898109801144,0.036044290135730794,46.715748925599016,46.44894623000157,6.799260554263673,6.799260554263673,0.0,6.144202072641207e+24,6.144202072641207e+24,0.0,9.03657393860029e+25,9.03657393860029e+25,1.14771085151652,2.8434147267150656e+16,0.002508388498134398,2.1223841163482132e-07,2.7075180946538566e-06,2.7075180946538566e-06,0.0619016175269738,0.0619016175269738,1.4368416347488371e+21,5.920558645916648e-05,4.751541991998671e-18,2.8964180859428994e-19,2.8964180859428996e-18,2.8708990269161864e-13,1.3842827431568335e+19,35000000000000.0,35000000000000.0,0.0,0.015044127452571545,0.004970971160843638,1.1324783684291535e-05,3.84219933679338e-06,1.1324783684291535e-05,3.84219933679338e-06,1.9857618606204721e-28,1.0943367799382057e+19,5.868561734270741e+19,1378.4195398847166,1.883143984045438e-19,-1992172.9759674831,1.4457655349886992e+21,0.0,0.0,0.0,0.0,0.0,0.3333333333333333,0.3333333333333333,2.0,4.065586385900453e-18,7.758935285868006e-24,0.0,6.859556060982184e-19,,0.0,0.0,0.0,0.0,0.0,4.065586385900453e-18,6.859556060982184e-19,1.6329299623014206e-06,17.0,8.07762138639774e-17,2.8708990269161863e-19,2.5519059026713273e-21,,,2.8708990269161863e-19,2.5519059026713273e-21,10.0,,9.536544540177922e-08,3.4095948968030423,32991319559747.113,6.008049194269121e-05,0.004910890668900947,6.008049194269121e-05,0.004910890668900947,0.015044127452571545,0.004970971160843638,False,False,1.0,1.3610703001163011,1.3124841923668947e-08,0.1818022863086279,0.7303010416024864,1.0,2.0538146429859006,2.9925330190623313e-07,0.37744663304251086,0.46071669904887735,0.16582114516325694,0.37674982912438,0.004559526353182932,0.05347603415936312,True,AP3.2,100.0,8.3,5.767844763153473e+19,$(U_{0.8}Pu_{0.2})N$
K0_G3_Kd3p2e5_AP3p2,rizk2025_refit_plot,rizk2025_refit_full,1725.0,1.1,35000000000000.0,2.3130447890408242e+22,3.760286757229141e+25,4.631482106379284e+25,7.915992231615267e+22,8.468017165364343e+18,2.318295558046307,121.97444769135552,0.4131429801431011,6.436902335745636,6.850045315888736,1.8730019275842034,8.723047243472939,2779120131155.9043,6.94780032788976e+17,279.18418338452165,0.49999999999999994,7953676.391238409,7951739.862506409,1.0002435352219117,957624665.8141329,957600074.8890088,18252548.4950694,18200533.32495913,1.000025679744362,1.0028578926332308,0.025596479426351054,41.61186288939486,51.252633330377776,7.109907300801027,6.730905819706857,0.37900148109417175,6.42492030202825e+24,6.0824328113536e+24,3.424874906746503e+23,9.03657393860029e+25,9.002325189532827e+25,1.1816123320068515,2.2218103997286964e+16,0.0021097290022406407,1.8284359229403576e-07,4.3548419824974856e-06,4.3548419824974856e-06,0.07627156987140477,0.07627156987140477,1.4605798012743029e+21,6.654748589598127e-05,7.362204704302811e-18,5.023391322800811e-19,5.023391322800811e-18,4.994440127391286e-13,1.3842827431568335e+19,35000000000000.0,35000000000000.0,0.0,0.018510171425088318,0.007691664822249142,1.1077328574832755e-05,3.822309426657719e-06,1.1077328574832755e-05,3.822309426657719e-06,3.2105416752814613e-28,1.1682796675505183e+19,9.049252272649049e+19,474.06485912315264,6.234277929556327e-20,-963404.8576302449,1.5583664696619486e+21,2.493965238732652e+21,0.0,0.0,0.0,0.0,0.3333333333333333,0.3333333333333333,2.0,6.676249098204593e-18,4.564519522249422e-24,0.0,6.859556060982184e-19,,0.0,0.0,0.0,0.0,0.0,6.676249098204593e-18,6.859556060982184e-19,6.199935624693656e-07,17.0,1.251574799731478e-16,4.994440127391286e-19,2.8951195409524855e-21,,,4.994440127391286e-19,2.8951195409524855e-21,10.0,,9.536544540177922e-08,3.4095948968030423,32934250228444.58,9.572217465513212e-05,0.00759594264759401,9.572217465513212e-05,0.00759594264759401,0.018510171425088318,0.007691664822249142,False,False,1.0,1.343715895886583,1.4449254617730038e-08,0.17497346228698943,0.7402182751781807,1.0,2.17424175162528,3.04350733955868e-07,0.40145060791677095,0.43017349810909605,0.16046000176192482,0.400767325748123,0.004131429801431011,0.06436902335745635,True,AP3.2,100.0,8.3,5.767844763153473e+19,$(U_{0.8}Pu_{0.2})N$
K0_G3_Kd3p2e5_AP3p2,rizk2025_refit_plot,rizk2025_refit_full,1750.0,1.1,35000000000000.0,1.6265588184953653e+22,3.266878207691322e+25,5.098758265820949e+25,5.801728923195722e+22,7.942654170254302e+18,2.468256704932426,132.67216404023685,0.36544078808893193,7.769511286056686,8.134952074145618,1.928832148913883,10.063784223059502,2620564760730.65,6.551411901826624e+17,287.50607271124943,0.5,7723534.926937789,7721576.031646502,1.0002536911225453,899449450.4153922,899420224.6320962,16792660.758163713,16732974.969238598,1.0000324940250347,1.0035669562068215,0.017999728985201104,36.15173438394222,56.423577126296564,7.406688760776032,6.642666511885513,0.7640222488905187,6.693109062695237e+24,6.002694708411752e+24,6.904143542834846e+23,9.03657393860029e+25,8.96753250317194e+25,1.2250746860728632,1.7154531548259816e+16,0.0017792224887143691,1.5578550091257744e-07,7.419526742101781e-06,7.419526742101781e-06,0.09477055611604457,0.09477055611604457,1.4814041552991302e+21,7.574192015827518e-05,1.1495000451183415e-17,8.585058024105227e-19,8.585058024105227e-18,8.552344067970446e-13,1.3842827431568335e+19,35000000000000.0,35000000000000.0,0.0,0.022437615903817765,0.011997361093580483,1.0830418627927943e-05,3.8026814717995494e-06,1.0830418627927943e-05,3.8026814717995494e-06,5.513062849046854e-28,1.235685951849974e+19,1.4623596791576782e+20,569.666971718551,7.270527951590063e-20,-999036.8893058008,1.6768937224278083e+21,2.706726957166044e+21,0.0,0.0,0.0,0.0,0.3333333333333333,0.3333333333333333,2.0,1.0809044845085196e-17,2.6793973973199525e-24,0.0,6.859556060982184e-19,,0.0,0.0,0.0,0.0,0.0,1.0809044845085196e-17,6.859556060982184e-19,2.3309241341039768e-07,17.0,1.9541500767011807e-16,8.552344067970446e-19,3.2713956134781503e-21,,,8.552344067970446e-19,3.2713956134781503e-21,10.0,,9.536544540177922e-08,3.4095948968030423,32892473184529.57,0.00015245752684875502,0.011844903566731728,0.00015245752684875502,0.011844903566731728,0.022437615903817765,0.011997361093580483,False,False,1.0,1.3241710991474474,1.6026213160097514e-08,0.16711225196197682,0.7516650526066193,1.0,2.3166186474729225,3.1091731235723654e-07,0.42737432989323054,0.397968213227732,0.1540301267996242,0.4267084409534364,0.0036544078808893195,0.07769511286056686,True,AP3.2,100.0,8.3,5.767844763153473e+19,$(U_{0.8}Pu_{0.2})N$
K0_G3_Kd3p2e5_AP3p2,rizk2025_refit_plot,rizk2025_refit_full,1775.0,1.1,35000000000000.0,1.13766326348211e+22,2.758744453397697e+25,5.583016969063892e+25,4.169780117085356e+22,7.33064968323647e+18,2.620459740689164,145.05624977255715,0.3142926602305059,9.37217546524447,9.686468125474978,1.9837068004817393,11.670174925956717,2477586377449.128,6.19396594362282e+17,295.6855276070819,0.5,7509980.463997231,7507976.524809899,1.0002669080251796,847214903.1628903,847179586.669076,15377182.959307555,15304407.796843488,1.00004168713974,1.004755176641273,0.01258954191280957,30.52865468862649,61.782452143900315,7.676303625560418,6.556364972075057,1.1199386534853595,6.936748528752218e+24,5.924707683860527e+24,1.0120408448916901e+24,9.03657393860029e+25,8.935369854111123e+25,1.2804457654331474,1.3104388801041134e+16,0.001513914805271695,1.3131432818754914e-07,1.3175923117767524e-05,1.3175923117767524e-05,0.11845066095368649,0.11845066095368649,1.4941982712191511e+21,8.781121734902841e-05,1.795020114129512e-17,1.4461408687105212e-18,1.4461408687105212e-17,1.4424583518951984e-12,1.3842827431568335e+19,35000000000000.0,35000000000000.0,0.0,0.02661246281308665,0.018726017521898054,1.0593905686026425e-05,3.7835381772253173e-06,1.0593905686026425e-05,3.7835381772253173e-06,9.906659260802044e-28,1.2830404960471347e+19,2.4334174983592683e+20,676.9209220331306,8.39621421211594e-20,-1031299.6822654137,1.7963407043695162e+21,2.916987521653971e+21,0.0,0.0,0.0,0.0,0.3333333333333333,0.3333333333333333,2.0,1.7264245535196902e-17,1.5706605874380213e-24,0.0,6.859556060982184e-19,,0.0,0.0,0.0,0.0,0.0,1.7264245535196902e-17,6.859556060982184e-19,8.750100208206897e-08,17.0,3.05153419402017e-16,1.4424583518951983e-18,3.682516815322887e-21,,,1.4424583518951983e-18,3.682516815322887e-21,10.0,,9.536544540177922e-08,3.4095948968030423,32873289810801.63,0.0002402070821141621,0.01848581043978389,0.0002402070821141621,0.01848581043978389,0.02661246281308665,0.018726017521898054,False,False,1.0,1.3025464988691857,1.7891575224245368e-08,0.15819459862736246,0.7646875539777055,1.0,2.48360911253498,3.1933751337352345e-07,0.45487818758383064,0.36474308892727975,0.14647991512256558,0.4542345212231107,0.003142926602305059,0.09372175465244471,True,AP3.2,100.0,8.3,5.767844763153473e+19,$(U_{0.8}Pu_{0.2})N$
K0_G3_Kd3p2e5_AP3p2,rizk2025_refit_plot,rizk2025_refit_full,1800.0,1.1,35000000000000.0,7.931156919007491e+21,2.255464850775445e+25,6.065557748723028e+25,2.9427602231276662e+22,6.633971503298507e+18,2.7686871612826764,159.48690731934232,0.2616165094667003,11.272943246148287,11.534559755614987,2.035524829597863,13.57008458521285,2353048940915.449,5.882622352288623e+17,303.4093713097092,0.5,7318908.049137921,7316847.170596803,1.0002816621002282,801866863.8713908,801824067.0323763,14012653.705153529,13919637.90203086,1.0000533743507762,1.0066823435909276,0.008776729956393163,24.95929171941023,67.12231637715726,7.909615173476112,6.471803737917344,1.437811435558769,7.147582234099165e+24,5.848293299379981e+24,1.2992889347191842e+24,9.03657393860029e+25,8.90664504512837e+25,1.3508836989458104,9900073103654092.0,0.0013065920090516109,1.0938619561691551e-07,2.408009495731738e-05,2.408009495731738e-05,0.14873458267090184,0.14873458267090184,1.4948509713745503e+21,0.00010513985015417947,2.790413000779694e-17,2.4019434300062056e-18,2.4019434300062057e-17,2.3978131732901632e-12,1.3842827431568335e+19,35000000000000.0,35000000000000.0,0.0,0.030724241006227317,0.0291175357532414,1.0376388013472606e-05,3.764947465633141e-06,1.0376388013472606e-05,3.764947465633141e-06,1.842724260426428e-27,1.2929347830487886e+19,4.109879560235609e+20,792.034560694114,9.569792809044301e-20,-1060292.9099650213,1.911312733462883e+21,3.116991415369213e+21,0.0,0.0,0.0,0.0,0.3333333333333333,0.3333333333333333,2.0,2.721817440169872e-17,9.201272251725335e-25,0.0,6.859556060982184e-19,,0.0,0.0,0.0,0.0,0.0,2.721817440169872e-17,6.859556060982184e-19,3.297458924236063e-08,17.0,4.74370210132548e-16,2.397813173290163e-18,4.130256716042414e-21,,,2.397813173290163e-18,4.130256716042414e-21,10.0,,9.536544540177922e-08,3.4095948968030423,32883917458283.33,0.00037149456789144187,0.028746041185349958,0.00037149456789144187,0.028746041185349958,0.030724241006227317,0.0291175357532414,False,False,1.0,1.2790215873711621,2.0095738819223386e-08,0.1482174635943879,0.7793018560958894,1.0,2.6788807933946677,3.30142385694513e-07,0.48368798216830183,0.33104841133840796,0.13779127401832256,0.4830726392521832,0.0026161650946670027,0.11272943246148287,True,AP3.2,100.0,8.3,5.767844763153473e+19,$(U_{0.8}Pu_{0.2})N$
K0_G3_Kd3p2e5_AP3p8,rizk2025_refit_plot,rizk2025_refit_full,900.0,1.1,35000000000000.0,1.4735130731887476e+23,5.998868602519864e+25,2.528556055520659e+25,3.328320301415027e+23,1.1047817003571382e+19,1.5927015445783657,41.919542524970986,0.5632703967275939,0.34089033224781295,0.9041607289754068,0.04202999419989488,0.9461907231753016,8841523646786.768,2.210380911696692e+18,53.541588050100664,0.0585046886396887,1282178249364.4307,41463095.90075422,30923.360195616933,1396773180.317918,1393858132.1509917,249433711.97564548,52958593.206917085,1.002091352125218,4.709976169515511,0.16306103211246578,66.3843248921522,27.981357455836424,5.471256619898937,5.471256619898937,0.0,4.944141498277218e+24,4.944141498277218e+24,0.0,9.036573938600132e+25,9.036573938600132e+25,1.0085736449875227,9.990303602988893e+16,0.005579734529525618,4.36945228800975e-07,5.081504995998584e-07,5.081504995998584e-07,0.0036557674439882354,0.0036557674439882354,2.2676022495977964e+20,7.096409048689558e-06,8.162871712571295e-19,5.5598665086701915e-25,5.559866508670192e-24,5.119872410101689e-28,1.6472964643566316e+19,35000000000000.0,35000000000000.0,0.0,0.006150575707772874,0.0008761180252747455,1.4861065495863372e-05,5.088433174983423e-06,1.4861065495863372e-05,5.088433174983423e-06,1.45224781489706e-29,4.778041909868322e+18,4.2308432925113037e+18,0.00018258455299155002,1.0082841772228808e-21,-146260.51519979243,3.0395793095692795e+21,0.0,0.0,0.0,0.0,0.0,0.3333333333333333,0.3333333333333333,2.0,2.4966082885114063e-31,1.045298780017561e-24,0.0,8.162871712568798e-19,,0.0,0.0,0.0,0.0,0.0,2.4966082885114063e-31,8.162871712568798e-19,1.2805527476411767e-06,17.0,1.3876881911371202e-17,5.119872410101689e-34,5.559866503550319e-25,,,5.119872410101689e-34,5.559866503550319e-25,10.0,,9.536544540177922e-08,3.4095948968030423,34073802371229.594,4.774158283143062e-06,0.0008713438669916024,4.774158283143062e-06,0.0008713438669916024,0.006150575707772874,0.0008761180252747455,False,False,1.0,1.4127252764917748,8.953370914645315e-09,0.20133751117617232,0.7020745217835168,1.0,1.2860930281366978,2.7853388356903064e-07,0.15124765736675172,0.7748584736030861,0.17792581985908668,0.15050059892372303,0.005632703967275939,0.0034089033224781297,True,AP3.8,119.0,8.3,6.863735268152632e+19,$(U_{0.8}Pu_{0.2})N$
K0_G3_Kd3p2e5_AP3p8,rizk2025_refit_plot,rizk2025_refit_full,925.0,1.1,35000000000000.0,1.4724485951298003e+23,5.990485168958836e+25,2.537361004842112e+25,3.32180852034478e+23,1.1033090481503357e+19,1.5944929535914156,43.2539084198356,0.5640674213411235,0.37399160895313394,0.9380590302942575,0.042002976459774764,0.9800620067540322,8841965374012.94,2.210491343503235e+18,53.52922161362374,0.058480587820283335,496852879584.5646,41472674.79478886,11980.246802094263,1394129525.8161168,1392292135.879121,204683426.1163652,51324841.64094502,1.0013196870754681,3.987999174907858,0.16294323547115241,66.29155263556478,28.078794265198898,5.466709863765181,5.466709863765181,0.0,4.940032788478871e+24,4.940032788478871e+24,0.0,9.036573938600132e+25,9.036573938600133e+25,1.009411693363203,9.975876326016302e+16,0.005576595088565339,4.3484889128389496e-07,6.019593358163e-07,6.019593358163e-07,0.004008669170779648,0.004008669170779648,2.6040795815227005e+20,7.535534646587012e-06,8.162871712583124e-19,9.45289008275833e-25,9.45289008275833e-24,3.600113810511962e-27,1.6472964643566316e+19,35000000000000.0,35000000000000.0,0.0,0.006144638102778261,0.0008755413854367783,1.4856378044889042e-05,5.063625489418735e-06,1.4856378044889042e-05,5.063625489418735e-06,1.7241139342358772e-29,4.925551378118897e+18,5.240686749401699e+18,0.0004839160224696223,1.0080749698451383e-21,-146249.14352466425,3.0378695491796987e+21,0.0,0.0,0.0,0.0,0.0,0.3333333333333333,0.3333333333333333,2.0,1.4326320272288242e-30,7.456235300263535e-24,0.0,8.162871712568798e-19,,0.0,0.0,0.0,0.0,0.0,1.4326320272288242e-30,8.162871712568798e-19,9.13432865638412e-06,17.0,1.3876881911391311e-17,3.600113810511962e-33,9.452890046757192e-25,,,3.600113810511962e-33,9.452890046757192e-25,10.0,,9.536544540177922e-08,3.4095948968030423,34045597228752.07,4.918787460141292e-06,0.000870622597976637,4.918787460141292e-06,0.000870622597976637,0.006144638102778261,0.0008755413854367783,False,False,1.0,1.4129117851063198,8.95921924834831e-09,0.20140600406511378,0.7019759485901933,1.0,1.297236376725683,2.786577211860931e-07,0.1559681761570647,0.7679447823038094,0.1780097016701275,0.15522224226775636,0.005640674213411236,0.003739916089531339,True,AP3.8,119.0,8.3,6.863735268152632e+19,$(U_{0.8}Pu_{0.2})N$
K0_G3_Kd3p2e5_AP3p8,rizk2025_refit_plot,rizk2025_refit_full,950.0,1.1,35000000000000.0,1.4714084010051677e+23,5.9819885040722805e+25,2.5462847081477504e+25,3.315221554756988e+23,1.101635061316471e+19,1.596273556984692,44.68170145530776,0.5648369834187137,0.4116380064655836,0.9764749898842972,0.04198683031861074,1.0184618202029079,8842222040775.443,2.2105555101938606e+18,53.52184389650291,0.05846616576428323,202528354307.22833,41478391.59452154,4882.743677408606,1391938797.1735506,1390739068.680375,171090371.03238234,49684768.65681858,1.000862655346494,3.4435175136697036,0.16282812612421402,66.19752734518055,28.17754522287679,5.462099305818487,5.462099305818487,0.0,4.935866423700521e+24,4.935866423700521e+24,0.0,9.036573938600132e+25,9.036573938600135e+25,1.0103660389575684,9.96178837661512e+16,0.005573425893763487,4.3266777342813417e-07,7.060594289148301e-07,7.060594289148301e-07,0.004409929916580482,0.004409929916580482,2.981590135225146e+20,8.015832775518912e-06,8.162871712643784e-19,1.555632732564192e-24,1.555632732564192e-23,2.2845010932250072e-26,1.6472964643566316e+19,35000000000000.0,35000000000000.0,0.0,0.006138500366020377,0.0008749279340680347,1.4851721449911612e-05,5.03866611816735e-06,1.4851721449911612e-05,5.03866611816735e-06,2.0267410966665445e-29,5.072926428918621e+18,6.365083968070403e+18,0.001218437519961812,1.008112629989784e-21,-146265.71706745817,3.0361968642878467e+21,0.0,0.0,0.0,0.0,0.0,0.3333333333333333,0.3333333333333333,2.0,7.498646671560408e-30,3.8979387444212507e-23,0.0,8.162871712568798e-19,,0.0,0.0,0.0,0.0,0.0,7.498646671560408e-30,8.162871712568798e-19,4.775205199395189e-05,17.0,1.3876881911494433e-17,2.284501093225007e-32,1.555632709719181e-24,,,2.284501093225007e-32,1.555632709719181e-24,10.0,,9.536544540177922e-08,3.4095948968030423,34015591639363.004,5.07264658362173e-06,0.0008698552874844129,5.07264658362173e-06,0.0008698552874844129,0.006138500366020377,0.0008749279340680347,False,False,1.0,1.4130897099310575,8.965150781602351e-09,0.20147133145876978,0.701881933736831,1.0,1.3093110951359637,2.7879875811337534e-07,0.16100970322899036,0.7605724629553507,0.17809061827641873,0.16026492652021296,0.005648369834187137,0.004116380064655836,True,AP3.8,119.0,8.3,6.863735268152632e+19,$(U_{0.8}Pu_{0.2})N$
K0_G3_Kd3p2e5_AP3p8,rizk2025_refit_plot,rizk2025_refit_full,975.0,1.1,35000000000000.0,1.4703940006969092e+23,5.973586757151344e+25,2.5551136926012684e+25,3.308640642468291e+23,1.0997636416854792e+19,1.598055378667035,46.18235294590554,0.5656055796165711,0.4537494745634059,1.0193550541799772,0.041996157712730485,1.0613512118927075,8842046039998.908,2.210511509999727e+18,53.526162045064716,0.05847443632623713,86502379695.10736,41475045.38305846,2085.64882560542,1389998770.4812183,1389188403.3779478,145394502.05616838,48070309.50978911,1.0005833385171514,3.024621716374845,0.16271587115732603,66.10455243037298,28.27524800839603,5.457483690073682,5.457483690073682,0.0,4.931695488405511e+24,4.931695488405511e+24,0.0,9.036573938600132e+25,9.036573938600132e+25,1.0114351220969482,9.948059499924619e+16,0.005570168952050158,4.3044055186928357e-07,8.196866230022926e-07,8.196866230022926e-07,0.004858769706523303,0.004858769706523303,3.398320567981092e+20,8.538392886814682e-06,8.16287171292935e-19,2.485036039701464e-24,2.485036039701464e-23,1.3186026336093777e-25,1.6472964643566316e+19,35000000000000.0,35000000000000.0,0.0,0.0061323537793047155,0.0008742873890163392,1.4847064222431576e-05,5.014041947708072e-06,1.4847064222431576e-05,5.014041947708072e-06,2.3580415847539179e-29,5.220208006197052e+18,7.595171651449849e+18,0.0029262071518996995,1.0086845412618491e-21,-146341.39246137772,3.034564634208352e+21,0.0,0.0,0.0,0.0,0.0,0.3333333333333333,0.3333333333333333,2.0,3.605513394506346e-29,1.5535245485073675e-22,0.0,8.162871712568798e-19,,0.0,0.0,0.0,0.0,0.0,3.605513394506346e-29,8.162871712568798e-19,0.00019031593330649877,17.0,1.3876881911979894e-17,1.3186026336093777e-31,2.4850359078412007e-24,,,1.3186026336093777e-31,2.4850359078412007e-24,10.0,,9.536544540177922e-08,3.4095948968030423,33984260952560.03,5.233297725450305e-06,0.0008690540912908889,5.233297725450305e-06,0.0008690540912908889,0.0061323537793047155,0.0008742873890163392,False,False,1.0,1.413267171158586,8.971092653896393e-09,0.20153647579401546,0.7017881848976011,1.0,1.3221708456258958,2.789567687864517e-07,0.16629723354654535,0.7528536055433224,0.17817135999899794,0.16555363152188485,0.005656055796165711,0.004537494745634059,True,AP3.8,119.0,8.3,6.863735268152632e+19,$(U_{0.8}Pu_{0.2})N$
K0_G3_Kd3p2e5_AP3p8,rizk2025_refit_plot,rizk2025_refit_full,1000.0,1.1,35000000000000.0,1.4694062382098408e+23,5.96544059351458e+25,2.563682646275654e+25,3.302134702956934e+23,1.0977020008682988e+19,1.5998453461577071,47.73630714618771,0.5663923795375863,0.5001721690294528,1.066564548567039,0.042060667318500014,1.108625215885539,8840937368602.37,2.2102343421505925e+18,53.555793390147485,0.0585318555162737,38577347727.659996,41452098.07326666,930.6488578569524,1388199803.45191,1387634126.8433833,125400574.46974018,46505482.57118989,1.0004076554457575,2.6964686212594158,0.1626065639692501,66.0144058361868,28.37007325668823,5.452914343155734,5.452914343155734,0.0,4.927566364277996e+24,4.927566364277996e+24,0.0,9.036573938600132e+25,9.036573938600132e+25,1.0126155501347083,9.934700389102586e+16,0.0055667900866796,4.2819787903167063e-07,9.418900416630687e-07,9.418900416630687e-07,0.005353660872009177,0.005353660872009177,3.8518420956900334e+20,9.104874845180051e-06,8.162871714171498e-19,3.863167302789697e-24,3.863167302789697e-23,6.972208708889678e-25,1.6472964643566316e+19,35000000000000.0,35000000000000.0,0.0,0.006126349777232228,0.0008736289159389077,1.4842388257949618e-05,4.990122985757689e-06,1.4842388257949618e-05,4.990122985757689e-06,2.715339710851065e-29,5.367250116774956e+18,8.919660496244265e+18,0.006727775151653413,1.0103873705284735e-21,-146541.3193132415,3.0329749908427207e+21,0.0,0.0,0.0,0.0,0.0,0.3333333333333333,0.3333333333333333,2.0,1.6026995865756309e-28,4.883477169444583e-22,0.0,8.162871712568798e-19,,0.0,0.0,0.0,0.0,0.0,1.6026995865756309e-28,8.162871712568798e-19,0.0005982547981204234,17.0,1.3876881914091545e-17,6.972208708889678e-31,3.863166605568826e-24,,,6.972208708889678e-31,3.863166605568826e-24,10.0,,9.536544540177922e-08,3.4095948968030423,33952053500703.656,5.398441596904098e-06,0.0008682304743420036,5.398441596904098e-06,0.0008682304743420036,0.006126349777232228,0.0008736289159389077,False,False,1.0,1.413450096486377,8.976982397595437e-09,0.20160361252917774,0.7016915714918307,1.0,1.3356701844785341,2.791312570962029e-07,0.1717596412234811,0.7448941109020326,0.17825393830944772,0.1710172194086021,0.005663923795375863,0.005001721690294528,True,AP3.8,119.0,8.3,6.863735268152632e+19,$(U_{0.8}Pu_{0.2})N$
K0_G3_Kd3p2e5_AP3p8,rizk2025_refit_plot,rizk2025_refit_full,1025.0,1.1,35000000000000.0,1.468445008254838e+23,5.957665247757309e+25,2.5718726194509827e+25,3.2957573802257184e+23,1.0954601492211005e+19,1.6016472508968116,49.3257732765632,0.5672107595470041,0.5506896318065936,1.1179003913535976,0.042238980751183625,1.1601393721047812,8837920290998.91,2.2094800727497275e+18,53.6374709538322,0.05869048901612264,17907261261.011147,41388976.03712223,432.6577503379143,1386480797.4422886,1386072993.7612379,109600688.44330734,45006897.054664485,1.0002942151552525,2.4351976167161338,0.16250019290854348,65.92836276488454,28.460704653398707,5.448432388808221,5.448432388808221,0.0,4.923516213092923e+24,4.923516213092923e+24,0.0,9.036573938600132e+25,9.036573938600133e+25,1.0139023624926409,9.921708892988373e+16,0.005563272061518591,4.259628233328826e-07,1.0715569932602e-06,1.0715569932602e-06,0.00589244312374259,0.00589244312374259,4.33920866438494e+20,9.716544636763282e-06,8.162871719192991e-19,5.857623504279315e-24,5.857623504279315e-23,3.398959714178951e-24,1.6472964643566316e+19,35000000000000.0,35000000000000.0,0.0,0.006120601134545159,0.0008729607783308694,1.4837683684923215e-05,4.967168663719479e-06,1.4837683684923215e-05,4.967168663719479e-06,3.095445602111593e-29,5.513960330227798e+18,1.0325238031704087e+19,0.014859316713143115,1.014408819540496e-21,-146995.4208565927,3.031428375644872e+21,0.0,0.0,0.0,0.0,0.0,0.3333333333333333,0.3333333333333333,2.0,6.624193185834588e-28,1.2468798225414734e-21,0.0,8.162871712568798e-19,,0.0,0.0,0.0,0.0,0.0,6.624193185834588e-28,8.162871712568798e-19,0.0015275014301765165,17.0,1.3876881922628085e-17,3.398959714178951e-30,5.857620105319601e-24,,,3.398959714178951e-30,5.857620105319601e-24,10.0,,9.536544540177922e-08,3.4095948968030423,33919373472463.465,5.566005378870607e-06,0.0008673947729519988,5.566005378870607e-06,0.0008673947729519988,0.006120601134545159,0.0008729607783308694,False,False,1.0,1.4136426463329628,8.982770775441942e-09,0.2016742669164672,0.7015898989378266,1.0,1.3496707783664885,2.7932149540612484e-07,0.17733240838644068,0.7367896543087236,0.1783397499958005,0.17659116293689525,0.0056721075954700405,0.005506896318065935,True,AP3.8,119.0,8.3,6.863735268152632e+19,$(U_{0.8}Pu_{0.2})N$
K0_G3_Kd3p2e5_AP3p8,rizk2025_refit_plot,rizk2025_refit_full,1050.0,1.1,35000000000000.0,1.4675093651480512e+23,5.950336441039753e+25,2.579605147419135e+25,3.289547244626418e+23,1.093050388275265e+19,1.603462917430734,50.935077031797995,0.5680695353309865,0.6050338794358897,1.1731034147668762,0.04264300502889412,1.2157464197957704,8831170050925.8,2.20779251273145e+18,53.821652414771265,0.05904911118903067,8627490060.391106,41247340.06477149,209.16476182083966,1384806949.227536,1384503486.7143407,96939381.71838795,43584895.309259824,1.0002191850841167,2.224150844703135,0.16239665332449935,65.8472611574905,28.546273897015727,5.444068292169298,5.444068292169298,0.0,4.919572564897641e+24,4.919572564897641e+24,0.0,9.036573938600132e+25,9.036573938600133e+25,1.015289292572921,9.909071538687214e+16,0.005559609382448494,4.2375198741456733e-07,1.2074397054879761e-06,1.2074397054879761e-06,0.006472434513846095,0.006472434513846095,4.8570473373722083e+20,1.0374013985443038e-05,8.162871738158613e-19,8.68048799131575e-24,8.68048799131575e-23,1.5366002896313798e-23,1.6472964643566316e+19,35000000000000.0,35000000000000.0,0.0,0.00611518625900861,0.0008722901747830635,1.4832945791770659e-05,4.945343999315405e-06,1.4832945791770659e-05,4.945343999315405e-06,3.4947367403412717e-29,5.660358461543836e+18,1.1796989121063604e+19,0.03163327845626346,1.0230229447466974e-21,-147951.8814072909,3.029923732654146e+21,0.0,0.0,0.0,0.0,0.0,0.3333333333333333,0.3333333333333333,2.0,2.558981501392922e-27,2.652535369540001e-21,0.0,8.162871712568798e-19,,0.0,0.0,0.0,0.0,0.0,2.558981501392922e-27,8.162871712568798e-19,0.0032495124934283997,17.0,1.3876881954869642e-17,1.5366002896313797e-29,8.680472625312854e-24,,,1.5366002896313797e-29,8.680472625312854e-24,10.0,,9.536544540177922e-08,3.4095948968030423,33886572925311.98,5.734183681810086e-06,0.0008665559911012534,5.734183681810086e-06,0.0008665559911012534,0.00611518625900861,0.0008722901747830635,False,False,1.0,1.4138475714207737,8.988421792092449e-09,0.20174944571635695,0.7014817190136824,1.0,1.3640449335972926,2.7952656310042834e-07,0.18295890089478645,0.7286238280695518,0.1784297086973117,0.18221882059395256,0.005680695353309865,0.006050338794358897,True,AP3.8,119.0,8.3,6.863735268152632e+19,$(U_{0.8}Pu_{0.2})N$
K0_G3_Kd3p2e5_AP3p8,rizk2025_refit_plot,rizk2025_refit_full,1075.0,1.1,35000000000000.0,1.4665977524994506e+23,5.943497830170128e+25,2.5868347206214697e+25,3.283529609187336e+23,1.0904868118567379e+19,1.6052929369210436,52.55074252113375,0.5689740125296407,0.6628963037258289,1.2318703162554696,0.04347940120138519,1.2753497174568549,8817411425492.613,2.2043528563731533e+18,54.199422451751936,0.05978765037579757,4303148410.665129,40959846.056961834,105.05772909109199,1383158125.2510176,1382925165.2087665,86664582.98845573,42244883.58289529,1.000168454554239,2.051481165012506,0.16229577298480483,65.77158412639342,28.62627737235335,5.4398427282684345,5.4398427282684345,0.0,4.915754102835397e+24,4.915754102835397e+24,0.0,9.036573938600132e+25,9.036573938600132e+25,1.0167690252950143,9.896766689105678e+16,0.005555804365031724,4.2157684849882707e-07,1.3481853431321335e-06,1.3481853431321335e-06,0.007090538465061097,0.007090538465061097,5.401647473379329e+20,1.1077150204204612e-05,8.162871805401724e-19,1.2595011157736031e-23,1.2595011157736032e-22,6.475908336901747e-23,1.6472964643566316e+19,35000000000000.0,35000000000000.0,0.0,0.006110154987702963,0.000871623204596039,1.4828173098395361e-05,4.924738955056328e-06,1.4828173098395361e-05,4.924738955056328e-06,3.9092502435673394e-29,5.806543144744211e+18,1.3318837437637988e+19,0.06513412161244919,1.0404298076492153e-21,-149864.38028130983,3.0284589026186845e+21,0.0,0.0,0.0,0.0,0.0,0.3333333333333333,0.3333333333333333,2.0,9.283292620781236e-27,4.8067183409772704e-21,0.0,8.162871712568798e-19,,0.0,0.0,0.0,0.0,0.0,9.283292620781236e-27,8.162871712568798e-19,0.005888513816664936,17.0,1.3876882069182932e-17,6.475908336901747e-29,1.2594946398652662e-23,,,6.475908336901747e-29,1.2594946398652662e-23,10.0,,9.536544540177922e-08,3.4095948968030423,33853950016295.742,5.901447622093805e-06,0.0008657217569739452,5.901447622093805e-06,0.0008657217569739452,0.006110154987702963,0.000871623204596039,False,False,1.0,1.4140665277453397,8.993911228306738e-09,0.20182975314413057,0.7013661629344261,1.0,1.3786772471997568,2.7974538448436074e-07,0.18859066232851518,0.7204677555489917,0.1785243567502389,0.1878517300584317,0.005689740125296407,0.006628963037258288,True,AP3.8,119.0,8.3,6.863735268152632e+19,$(U_{0.8}Pu_{0.2})N$
K0_G3_Kd3p2e5_AP3p8,rizk2025_refit_plot,rizk2025_refit_full,1100.0,1.1,35000000000000.0,1.465708229060837e+23,5.9371684185704555e+25,2.5935412372989807e+25,3.277718941835919e+23,1.0877848149179318e+19,1.6071371411184743,54.16141592268845,0.5699268709674201,0.7239384265436523,1.2938652975110723,0.0451177321796641,1.3389830296907363,8790970854127.877,2.1977427135319693e+18,54.926760167143215,0.06121894900170543,2216869447.603524,40417457.597071014,54.8493047163901,1381522588.090243,1381338246.2525935,78231291.58949263,40988588.68772729,1.0001334516279048,1.9086114963728056,0.16219733706819997,65.701541966138,28.700492630515118,5.435768066278655,5.435768066278655,0.0,4.912072004400852e+24,4.912072004400852e+24,0.0,9.036573938600132e+25,9.03657393860013e+25,1.0183334524693346,9.88476767500119e+16,0.005551864230741896,4.1944503150652966e-07,1.4923693951154605e-06,1.4923693951154605e-06,0.007743348514140116,0.007743348514140116,5.969052800480312e+20,1.1825060755208977e-05,8.162872030182321e-19,1.792226870002319e-23,1.7922268700023191e-22,2.556484784617257e-22,1.6472964643566316e+19,35000000000000.0,35000000000000.0,0.0,0.006105534635091214,0.0008709649132433286,1.4823366110227279e-05,4.905386992516421e-06,1.4823366110227279e-05,4.905386992516421e-06,4.3347854354545015e-29,5.952641733151579e+18,1.4874003777059707e+19,0.13021092036621207,1.0741312046051474e-21,-153521.61114349004,3.0270310233722816e+21,0.0,0.0,0.0,0.0,0.0,0.3333333333333333,0.3333333333333333,2.0,3.1761352235744896e-26,7.564160303615265e-21,0.0,8.162871712568798e-19,,0.0,0.0,0.0,0.0,0.0,3.1761352235744896e-26,8.162871712568798e-19,0.009266542799699283,17.0,1.3876882451309945e-17,2.556484784617257e-28,1.7922013051544728e-23,,,2.556484784617257e-28,1.7922013051544728e-23,10.0,,9.536544540177922e-08,3.4095948968030423,33821750961969.85,6.066534799285231e-06,0.0008648983784440434,6.066534799285231e-06,0.0008648983784440434,0.006105534635091214,0.0008709649132433286,False,False,1.0,1.414300347113821,8.999224598575963e-09,0.20191549043054527,0.7012427980251581,1.0,1.3934650967665676,2.7997676637168946e-07,0.19418712724156012,0.712380575412063,0.17862395917156665,0.19344932106231832,0.005699268709674202,0.007239384265436522,True,AP3.8,119.0,8.3,6.863735268152632e+19,$(U_{0.8}Pu_{0.2})N$
K0_G3_Kd3p2e5_AP3p8,rizk2025_refit_plot,rizk2025_refit_full,1125.0,1.1,35000000000000.0,1.4648386383044142e+23,5.931349078502045e+25,2.59972333041781e+25,3.272121265822968e+23,1.0849606038371142e+19,1.608994914177478,55.75771354819484,0.5709288822753159,0.7878026678283874,1.3587315501037032,0.04819843772656125,1.4069299878302644,8742517767677.038,2.1856294419192594e+18,56.25303885067361,0.06385715469462135,1177296545.980988,39464534.634174995,29.831760513438002,1379893506.9346545,1379743329.47775,71238215.56165397,39815118.99839862,1.000108844488461,1.7892252328699358,0.16210110693028143,65.63714432929078,28.768904543711805,5.431850020067144,5.431850020067144,0.0,4.908531432972336e+24,4.908531432972336e+24,0.0,9.036573938600132e+25,9.036573938600133e+25,1.0199739311526363,9.873045268633528e+16,0.005547799011294225,4.1736136931377543e-07,1.638531846298573e-06,1.638531846298573e-06,0.008427253489365343,0.008427253489365343,6.5551587822069e+20,1.2616327260215012e-05,8.162872741423015e-19,2.5047711621008633e-23,2.504771162100863e-22,9.494708146321283e-22,1.6472964643566316e+19,35000000000000.0,35000000000000.0,0.0,0.0061013355500521655,0.0008703193862374691,1.4818526499187329e-05,4.887280908718305e-06,1.4818526499187329e-05,4.887280908718305e-06,4.7670146551883064e-29,6.098775838263927e+18,1.6445473420771955e+19,0.25385820621582683,1.1370949814947893e-21,-160214.5186085251,3.025636864515415e+21,0.0,0.0,0.0,0.0,0.0,0.3333333333333333,0.3333333333333333,2.0,1.028854216590493e-25,1.0512635646253687e-20,0.0,8.162871712568798e-19,,0.0,0.0,0.0,0.0,0.0,1.028854216590493e-25,8.162871712568798e-19,0.012878597987821924,17.0,1.3876883660419125e-17,9.494708146321284e-28,2.5046762150194002e-23,,,9.494708146321284e-28,2.5046762150194002e-23,10.0,,9.536544540177922e-08,3.4095948968030423,33790173876999.836,6.22842971556839e-06,0.0008640909565219007,6.22842971556839e-06,0.0008640909565219007,0.0061013355500521655,0.0008703193862374691,False,False,1.0,1.4145492594397546,9.00435507886701e-09,0.20200673762046276,0.7011115099658589,1.0,1.4083185251363823,2.8021943612970914e-07,0.19971505167845283,0.7044103499301235,0.17872857986699542,0.19897834565081907,0.005709288822753159,0.007878026678283873,True,AP3.8,119.0,8.3,6.863735268152632e+19,$(U_{0.8}Pu_{0.2})N$
K0_G3_Kd3p2e5_AP3p8,rizk2025_refit_plot,rizk2025_refit_full,1150.0,1.1,35000000000000.0,1.463986692771927e+23,5.926027826901098e+25,2.6053929493528508e+25,3.2667362096430924e+23,1.0820306903902052e+19,1.610865403560104,57.3320540985651,0.571979466905571,0.8541235460477506,1.4261030129533214,0.0537958972120921,1.4798989101654136,8657983835416.56,2.16449595885414e+18,58.54070801519953,0.06848788818844576,643524628.8103827,37922329.18371262,16.969543871972196,1378266958.6114395,1378141212.2289512,65385349.201499015,38721794.20230404,1.0000912434671951,1.6885929629161767,0.16200682943769673,65.57825860957993,28.831645345409036,5.428089215573348,5.428089215573348,0.0,4.905132954184654e+24,4.905132954184654e+24,0.0,9.036573938600132e+25,9.036573938600133e+25,1.021681556777247,9.861569297061373e+16,0.005543620029184161,4.15328694632537e-07,1.7852155354618447e-06,1.7852155354618447e-06,0.00913854843188485,0.00913854843188485,7.155818043300871e+20,1.3448891650629307e-05,8.162874879327773e-19,3.4427700444941665e-23,3.4427700444941663e-22,3.330768464716398e-21,1.6472964643566316e+19,35000000000000.0,35000000000000.0,0.0,0.0060975558767120235,0.0008696898805993045,1.4813656550563547e-05,4.8703853352920144e-06,1.4813656550563547e-05,4.8703853352920144e-06,5.201600445799241e-29,6.245045718817971e+18,1.80164659281672e+19,0.4851841558153976,1.2510041216361084e-21,-171896.3604351092,3.0242730934970603e+21,0.0,0.0,0.0,0.0,0.0,0.3333333333333333,0.3333333333333333,2.0,3.1667589742037936e-25,1.3094981712716537e-20,0.0,8.162871712568798e-19,,0.0,0.0,0.0,0.0,0.0,3.1667589742037936e-25,8.162871712568798e-19,0.01604211984907324,17.0,1.3876887294857214e-17,3.330768464716398e-27,3.4424369676476946e-23,,,3.330768464716398e-27,3.4424369676476946e-23,10.0,,9.536544540177922e-08,3.4095948968030423,33759373168679.305,6.386341552939727e-06,0.0008633035390463648,6.386341552939727e-06,0.0008633035390463648,0.0060975558767120235,0.0008696898805993045,False,False,1.0,1.4148130664525242,9.009301717219303e-09,0.20210341749748303,0.7009724107663187,1.0,1.423159953212353,2.8047208193692993e-07,0.20514787550563504,0.6965950776695041,0.17883814076494636,0.20441224037101854,0.0057197946690557095,0.008541235460477506,True,AP3.8,119.0,8.3,6.863735268152632e+19,$(U_{0.8}Pu_{0.2})N$
K0_G3_Kd3p2e5_AP3p8,rizk2025_refit_plot,rizk2025_refit_full,1175.0,1.1,35000000000000.0,1.4631499287986262e+23,5.9211837550764286e+25,2.6105713060645987e+25,3.2615584943477075e+23,1.0790113262105469e+19,1.6127476762203354,58.878523736653776,0.5730771012593335,0.9225403064492658,1.4956174077085993,0.0636442797828756,1.5592616874914749,8518538702520.16,2.12963467563004e+18,62.25084738802575,0.07619679409289944,361816306.90441763,35662165.1455146,10.145662929552245,1376640741.9111652,1376532753.8420842,60445044.229779854,37704749.69667044,1.0000784493276893,1.603114852002784,0.16191423195783478,65.52465342848384,28.88894977014935,5.424482569408963,5.424482569408963,0.0,4.901873781711171e+24,4.901873781711171e+24,0.0,9.036573938600132e+25,9.03657393860013e+25,1.0234474777955285,9.850309247591293e+16,0.005539338690498886,4.1334834547350863e-07,1.931006559090737e-06,1.931006559090737e-06,0.0098735626289453,0.0098735626289453,7.766959820104622e+20,1.4320484176977852e-05,8.162881004352833e-19,4.659659239897898e-23,4.659659239897898e-22,1.1076769180051558e-20,1.6472964643566316e+19,35000000000000.0,35000000000000.0,0.0,0.0060941855542437804,0.0008690790122068987,1.4808758754468714e-05,4.854645919572677e-06,1.4808758754468714e-05,4.854645919572677e-06,5.634318760206729e-29,6.391527083287165e+18,1.9570905721930547e+19,0.9142481505014338,1.4509148902260183e-21,-191199.10942795785,3.0229365046395273e+21,0.0,0.0,0.0,0.0,0.0,0.3333333333333333,0.3333333333333333,2.0,9.291784035179553e-25,1.481013079221181e-20,0.0,8.162871712568798e-19,,0.0,0.0,0.0,0.0,0.0,9.291784035179553e-25,8.162871712568798e-19,0.018143264350312528,17.0,1.3876897707399816e-17,1.1076769180051557e-26,4.658551562979893e-23,,,1.1076769180051557e-26,4.658551562979893e-23,10.0,,9.536544540177922e-08,3.4095948968030423,33729463458006.074,6.539684914089473e-06,0.0008625393272928092,6.539684914089473e-06,0.0008625393272928092,0.0060941855542437804,0.0008690790122068987,False,False,1.0,1.4150912686305597,9.014068130050849e-09,0.20220534231016052,0.7008257714966597,1.0,1.4379241224186847,2.8073339922343935e-07,0.21046518846635612,0.6889635577339461,0.17895246506363266,0.20973059227753768,0.005730771012593335,0.009225403064492658,True,AP3.8,119.0,8.3,6.863735268152632e+19,$(U_{0.8}Pu_{0.2})N$
K0_G3_Kd3p2e5_AP3p8,rizk2025_refit_plot,rizk2025_refit_full,1200.0,1.1,35000000000000.0,1.4623254245733624e+23,5.916789576442526e+25,2.6152862223124285e+25,3.256578628264407e+23,1.075917785094771e+19,1.6146408668758168,60.39282601883313,0.574219582176928,0.9927131004812031,1.5669326826581311,0.0803941223194081,1.6473268049775391,8303048081787.067,2.0757620204467668e+18,67.86972523358209,0.08828172242223309,209423148.803005,32709724.2895797,6.402473678743929,1375013628.3197708,1374918748.5236259,56241865.46077662,36759332.95964172,1.0000690075658993,1.5300023404267125,0.16182299115895835,65.47602682880394,28.94112569744066,5.4210244825964615,5.4210244825964615,0.0,4.898748855994444e+24,4.898748855994444e+24,0.0,9.036573938600132e+25,9.036573938600133e+25,1.0252633081821518,9.839233459497202e+16,0.005534965230869935,4.114203587540739e-07,2.074577223164016e-06,2.074577223164016e-06,0.010628828286693552,0.010628828286693552,8.384736171975997e+20,1.5228782076410713e-05,8.162897780388003e-19,6.217615733574239e-23,6.217615733574239e-22,3.503783313863259e-20,1.6472964643566316e+19,35000000000000.0,35000000000000.0,0.0,0.0060912099158301385,0.0008684890691999201,1.4803835419490883e-05,4.8399953939910725e-06,1.4803835419490883e-05,4.8399953939910725e-06,6.061189874305402e-29,6.53827402984702e+18,2.109389787081293e+19,1.7071390041978347,1.7915941888302644e-21,-221074.43238109795,3.0216242836053657e+21,0.0,0.0,0.0,0.0,0.0,0.3333333333333333,0.3333333333333333,2.0,2.6067819204802983e-24,1.5382006404450104e-20,0.0,8.162871712568798e-19,,0.0,0.0,0.0,0.0,0.0,2.6067819204802983e-24,8.162871712568798e-19,0.018843806229457596,17.0,1.3876926226659605e-17,3.503783313863259e-26,6.214111950260375e-23,,,3.503783313863259e-26,6.214111950260375e-23,10.0,,9.536544540177922e-08,3.4095948968030423,33700522015001.707,6.688069492327914e-06,0.0008618009997075921,6.688069492327914e-06,0.0008618009997075921,0.0060912099158301385,0.0008684890691999201,False,False,1.0,1.4153831460582516,9.018661906811335e-09,0.20231224357247918,0.7006719793779024,1.0,1.4525587625642773,2.810021516518847e-07,0.21565247898721196,0.6815358477173947,0.17907130542169944,0.2149188877718828,0.0057421958217692805,0.009927131004812031,True,AP3.8,119.0,8.3,6.863735268152632e+19,$(U_{0.8}Pu_{0.2})N$
K0_G3_Kd3p2e5_AP3p8,rizk2025_refit_plot,rizk2025_refit_full,1225.0,1.1,35000000000000.0,1.4615090317543233e+23,5.912812656024161e+25,2.6195710061592223e+25,3.2517823850949605e+23,1.0727633119886293e+19,1.6165443854111323,61.87238941593853,0.5754041422985213,1.0643468669781326,1.6397510092766538,0.10776140181426251,1.7475124110909162,7994217080119.493,1.9985542700298734e+18,75.78378185973924,0.10597649422386929,125177208.35561533,29293866.649579197,4.273154167492378,1373384809.5685363,1373299749.7841003,52638174.53405658,35880301.71383879,1.0000619382508804,1.4670493841960752,0.1617326479797196,65.43201766730769,28.98854171899825,5.417707965714349,5.417707965714349,0.0,4.895751860992063e+24,4.895751860992063e+24,0.0,9.036573938600132e+25,9.036573938600132e+25,1.0271217478271426,9.82830582626604e+16,0.005530506814012518,4.095432772431284e-07,2.2147322865840383e-06,2.2147322865840383e-06,0.011401335523858342,0.011401335523858342,9.005718796453724e+20,1.6171765912284683e-05,8.162941829734212e-19,8.189202765293359e-23,8.189202765293359e-22,1.057421518979397e-19,1.6472964643566316e+19,35000000000000.0,35000000000000.0,0.0,0.006088613719752818,0.0008679226259727197,1.4798888134179128e-05,4.826356636626814e-06,1.4798888134179128e-05,4.826356636626814e-06,6.47861963052001e-29,6.685324457942142e+18,2.2572213973068337e+19,3.1672073543382755,2.35555648942852e-21,-263889.2407670424,3.0203344416529187e+21,0.0,0.0,0.0,0.0,0.0,0.3333333333333333,0.3333333333333333,2.0,7.011716541319382e-24,1.4818968284734945e-20,0.0,8.162871712568798e-19,,0.0,0.0,0.0,0.0,0.0,7.011716541319382e-24,8.162871712568798e-19,0.018153955514855675,17.0,1.387700111054816e-17,1.057421518979397e-25,8.178628550103565e-23,,,1.057421518979397e-25,8.178628550103565e-23,10.0,,9.536544540177922e-08,3.4095948968030423,33672588409286.938,6.831307084393984e-06,0.0008610913188883257,6.831307084393984e-06,0.0008610913188883257,0.006088613719752818,0.0008679226259727197,False,False,1.0,1.4156877887479467,9.02309512771494e-09,0.2024237833291235,0.7005115215432811,1.0,1.4670267415782998,2.8127726296093025e-07,0.22070140952304426,0.6743229705711999,0.17919435650949678,0.21996878806370287,0.005754041422985213,0.010643468669781326,True,AP3.8,119.0,8.3,6.863735268152632e+19,$(U_{0.8}Pu_{0.2})N$
K0_G3_Kd3p2e5_AP3p8,rizk2025_refit_plot,rizk2025_refit_full,1250.0,1.1,35000000000000.0,1.4606935769696352e+23,5.9092141151644355e+25,2.6234652436004712e+25,3.247148183066407e+23,1.0695574099336628e+19,1.6184583034406559,63.316746491987324,0.5766273832863023,1.137230456850605,1.7138578401369071,0.150257872221601,1.8641157123585081,7587585443321.125,1.8968963608302812e+18,86.15061640167288,0.12998745354647692,77705933.46015868,25768823.169521652,3.0155018313783994,1371753339.516665,1371675745.5416281,49523386.42792329,35061814.180249125,1.0000565687446825,1.4124593260727678,0.16164240860468335,65.39219570730188,29.031635899023872,5.414525985069583,5.414525985069583,0.0,4.892876440655299e+24,4.892876440655299e+24,0.0,9.036573938600132e+25,9.036573938600133e+25,1.0290176114221605,9.817477546336397e+16,0.005525963847380513,4.0771339827164556e-07,2.350457688743813e-06,2.350457688743813e-06,0.012188956786048727,0.012188956786048727,9.627185628365181e+20,1.7148325344632165e-05,8.1630529947906185e-19,1.066087053798265e-22,1.066087053798265e-21,3.0533079764031823e-19,1.6472964643566316e+19,35000000000000.0,35000000000000.0,0.0,0.0060863873436652815,0.0008673838458261572,1.479391676529106e-05,4.8136425334768465e-06,1.479391676529106e-05,4.8136425334768465e-06,6.883549408744889e-29,6.832706606935565e+18,2.3994772405137195e+19,5.828649298675352,3.2615737198138748e-21,-320206.28996980115,3.0190666913973346e+21,0.0,0.0,0.0,0.0,0.0,0.3333333333333333,0.3333333333333333,2.0,1.8128222181985484e-23,1.3360203119369858e-20,0.0,8.162871712568798e-19,,0.0,0.0,0.0,0.0,0.0,1.8128222181985484e-23,8.162871712568798e-19,0.016366674487959202,17.0,1.3877190091144051e-17,3.0533079764031822e-25,1.0630337458218618e-22,,,3.0533079764031822e-25,1.0630337458218618e-22,10.0,,9.536544540177922e-08,3.4095948968030423,33645659458573.734,6.969449585068845e-06,0.0008604143962410883,6.969449585068845e-06,0.0008604143962410883,0.0060863873436652815,0.0008673838458261572,False,False,1.0,1.416004061488081,9.02738682877614e-09,0.20253954145277783,0.7003450032783323,1.0,1.48131093132239,2.815579694365817e-07,0.22561099408825794,0.6673253448386358,0.17932124861841148,0.2248793069146343,0.005766273832863022,0.011372304568506051,True,AP3.8,119.0,8.3,6.863735268152632e+19,$(U_{0.8}Pu_{0.2})N$
K0_G3_Kd3p2e5_AP3p8,rizk2025_refit_plot,rizk2025_refit_full,1275.0,1.1,35000000000000.0,1.4598649109371999e+23,5.905945120359604e+25,2.6270183514979447e+25,3.242640584821849e+23,1.0663029120209031e+19,1.6203841521536064,64.72836171662007,0.5778849502001913,1.2113037169161238,1.7891886671163149,0.21206863603709017,2.0012573031534053,7099507534573.3545,1.7748768836433385e+18,98.80143417707167,0.15996898343435753,50487252.332303725,22469309.463882092,2.2469427649059974,1370117318.7782972,1370045490.1693907,46805456.301866055,34297175.78391883,1.0000524279006953,1.3647029305489369,0.16155070725436343,65.35602055035586,29.07095509147021,5.41147365091957,5.41147365091957,0.0,4.890118176332109e+24,4.890118176332109e+24,0.0,9.036573938600132e+25,9.036573938600132e+25,1.0309496059191385,9.806668745192998e+16,0.0055213222897529165,4.05923137885222e-07,2.4809643298424307e-06,2.4809643298424307e-06,0.012991181402628877,0.012991181402628877,1.0247552013018384e+21,1.8159405501331152e-05,8.163323265222488e-19,1.3740987948226453e-22,1.3740987948226452e-21,8.457331924393166e-19,1.6472964643566316e+19,35000000000000.0,35000000000000.0,0.0,0.006084538683489608,0.0008668812881827974,1.4788917392355935e-05,4.801752056433902e-06,1.4788917392355935e-05,4.801752056433902e-06,7.273594179245758e-29,6.980447074176876e+18,2.5353019609906307e+19,10.562845589153133,4.6676964084373885e-21,-388015.23590376694,3.0178242984740473e+21,0.0,0.0,0.0,0.0,0.0,0.3333333333333333,0.3333333333333333,2.0,4.5155265368944576e-23,1.1360352122119976e-20,0.0,8.162871712568798e-19,,0.0,0.0,0.0,0.0,0.0,4.5155265368944576e-23,8.162871712568798e-19,0.013916332543778486,17.0,1.3877649550878229e-17,8.457331924393166e-25,1.365641462898252e-22,,,8.457331924393166e-25,1.365641462898252e-22,10.0,,9.536544540177922e-08,3.4095948968030423,33619676638792.207,7.102880466101064e-06,0.0008597784077166963,7.102880466101064e-06,0.0008597784077166963,0.006084538683489608,0.0008668812881827974,False,False,1.0,1.4163304700981205,9.031569092777968e-09,0.20265896691299823,0.7001732180763836,1.0,1.4954237477964751,2.8184408349752426e-07,0.23039025291691134,0.6605291397658891,0.17945151456190633,0.22965946561891754,0.005778849502001912,0.012113037169161237,True,AP3.8,119.0,8.3,6.863735268152632e+19,$(U_{0.8}Pu_{0.2})N$
K0_G3_Kd3p2e5_AP3p8,rizk2025_refit_plot,rizk2025_refit_full,1300.0,1.1,35000000000000.0,1.4589935842752944e+23,5.902938703250925e+25,2.630297450799498e+25,3.238196502814523e+23,1.0629910024933835e+19,1.6223265823394106,66.11415441734509,0.5791708048736257,1.2867718194917528,1.8659426243653785,0.2948466078649194,2.160789232230298,6568665391173.782,1.6421663477934456e+18,113.16709680271794,0.19417734187751037,34631483.08958499,19617009.384539433,1.7653803600093485,1368472414.0727475,1368405119.0227916,44403575.8965436,33578286.2166892,1.000049177724506,1.3223895826605343,0.16145428501869916,65.32275111517936,29.10724206620016,5.4085525336017914,5.4085525336017914,0.0,4.887478487069566e+24,4.887478487069566e+24,0.0,9.036573938600132e+25,9.036573938600133e+25,1.0329233765718329,9.79572964997139e+16,0.005516537626697162,4.0415797266767816e-07,2.605700171537386e-06,2.605700171537386e-06,0.013810375257463764,0.013810375257463764,1.0867000336155219e+21,1.920982496650956e-05,8.163957681071563e-19,1.7578350904993307e-22,1.7578350904993307e-21,2.2525702314749626e-18,1.6472964643566316e+19,35000000000000.0,35000000000000.0,0.0,0.0060831178976874095,0.0008664338687217331,1.4783878013676622e-05,4.790561654717017e-06,1.4783878013676622e-05,4.790561654717017e-06,7.647091591962242e-29,7.128582127347988e+18,2.6640903647021384e+19,18.599701303984986,6.752023540947782e-21,-463133.2864190931,3.016617948916308e+21,0.0,0.0,0.0,0.0,0.0,0.3333333333333333,0.3333333333333333,2.0,1.085968502764781e-22,9.173994716924637e-21,0.0,8.162871712568798e-19,,0.0,0.0,0.0,0.0,0.0,1.085968502764781e-22,8.162871712568798e-19,0.011237190435461078,17.0,1.3878728057821657e-17,2.2525702314749626e-24,1.7353093881845811e-22,,,2.2525702314749626e-24,1.7353093881845811e-22,10.0,,9.536544540177922e-08,3.4095948968030423,33594502232475.953,7.23249490290538e-06,0.0008592013738188278,7.23249490290538e-06,0.0008592013738188278,0.0060831178976874095,0.0008664338687217331,False,False,1.0,1.4166648668696882,9.035699988774598e-09,0.2027812703570427,0.6999973020825077,1.0,1.5094241654251195,2.821364456525908e-07,0.2350631319441347,0.653899470681285,0.17958451544915438,0.23433321288552864,0.005791708048736258,0.012867718194917529,True,AP3.8,119.0,8.3,6.863735268152632e+19,$(U_{0.8}Pu_{0.2})N$
K0_G3_Kd3p2e5_AP3p8,rizk2025_refit_plot,rizk2025_refit_full,1325.0,1.1,35000000000000.0,1.4580179159299516e+23,5.9000944186329505e+25,2.6334020595097724e+25,3.2336978843161036e+23,1.0595931771106814e+19,1.624296744106517,67.48796658130868,0.5804758726705305,1.3642903003755837,1.944766173046114,0.39505156105216177,2.339817734098276,6047707296181.762,1.5119268240454405e+18,128.24334838397564,0.22958395022221442,25277604.140358523,17310839.33767122,1.4602182856235237,1366808983.8271754,1366745336.4386098,42241531.33032788,32894753.13092107,1.0000465685792874,1.2841419165605727,0.16134631618538112,65.29127586098126,29.141598103470134,5.4057797193632435,5.4057797193632435,0.0,4.884972812981102e+24,4.884972812981102e+24,0.0,9.036573938600132e+25,9.036573938600132e+25,1.0349564645765579,9.78436157397032e+16,0.005511502321123915,4.023912241628668e-07,2.7242544832698724e-06,2.7242544832698724e-06,0.014653830951613815,0.014653830951613815,1.1488289400080301e+21,2.0311685968884965e-05,8.165398359707159e-19,2.240387558362496e-22,2.240387558362496e-21,5.78187606487805e-18,1.6472964643566316e+19,35000000000000.0,35000000000000.0,0.0,0.0060822691180192,0.0008660831967886476,1.4778769810935198e-05,4.779911404373209e-06,1.4778769810935198e-05,4.779911404373209e-06,8.00283919708897e-29,7.277175819388874e+18,2.785359665804233e+19,31.23257433648088,9.643359836800665e-21,-540510.1347126383,3.0154736087563585e+21,0.0,0.0,0.0,0.0,0.0,0.3333333333333333,0.3333333333333333,2.0,2.5266471383605937e-22,7.079080234963573e-21,0.0,8.162871712568798e-19,,0.0,0.0,0.0,0.0,0.0,2.5266471383605937e-22,8.162871712568798e-19,0.008669607927392601,17.0,1.388117721150217e-17,5.78187606487805e-24,2.1825687977137156e-22,,,5.78187606487805e-24,2.1825687977137156e-22,10.0,,9.536544540177922e-08,3.4095948968030423,33569881000418.12,7.360016520610598e-06,0.000858723180268037,7.360016520610598e-06,0.000858723180268037,0.0060822691180192,0.0008660831967886476,False,False,1.0,1.4170038911139886,9.0398892528368e-09,0.2029052201143334,0.6998190273870041,1.0,1.523445234247929,2.824376605216604e-07,0.23967645264318949,0.6473694042124936,0.17971930248591345,0.23894737497736848,0.005804758726705305,0.013642903003755837,True,AP3.8,119.0,8.3,6.863735268152632e+19,$(U_{0.8}Pu_{0.2})N$
K0_G3_Kd3p2e5_AP3p8,rizk2025_refit_plot,rizk2025_refit_full,1350.0,1.1,35000000000000.0,1.4568106695112888e+23,5.89725210034522e+25,2.636488952453555e+25,3.228920124624914e+23,1.0560497037276142e+19,1.6263189695349392,68.87392291519402,0.5817857694426092,1.445231533789394,2.027017303232003,0.5028355995451713,2.5298529027771743,5587100240905.683,1.3967750602264205e+18,142.70100347983313,0.26261624092967717,19726854.41032596,15557003.425793963,1.268036900835174,1365106496.8615475,1365045874.509371,40242144.46906704,32232808.965064112,1.000044410487082,1.248483944191272,0.1612127205962933,65.25982236647059,29.17575809557286,5.403206817360269,5.403206817360269,0.0,4.882647791062437e+24,4.882647791062437e+24,0.0,9.036573938600132e+25,9.036573938600132e+25,1.0370855047776897,9.7719612916498e+16,0.0055059817042366985,4.0057606434723255e-07,2.83596059201845e-06,2.83596059201845e-06,0.01553674254798499,0.01553674254798499,1.2117423253108873e+21,2.1489718370047642e-05,8.168569279875949e-19,2.862168056389775e-22,2.8621680563897752e-21,1.4331663655150738e-17,1.6472964643566316e+19,35000000000000.0,35000000000000.0,0.0,0.00608233647504652,0.0008659184289842936,1.4773529891903728e-05,4.769588013280204e-06,1.4773529891903728e-05,4.769588013280204e-06,8.338947800103894e-29,7.426350637546019e+18,2.8982887109970285e+19,48.973808014494736,1.3291878133930593e-20,-615204.8494092606,3.01444799860362e+21,0.0,0.0,0.0,0.0,0.0,0.3333333333333333,0.3333333333333333,2.0,5.697567307150379e-22,5.248217173930294e-21,0.0,8.162871712568798e-19,,0.0,0.0,0.0,0.0,0.0,5.697567307150379e-22,8.162871712568798e-19,0.006424891549686404,17.0,1.3886567775789114e-17,1.433166365515074e-23,2.7188514198382675e-22,,,1.433166365515074e-23,2.7188514198382675e-22,10.0,,9.536544540177922e-08,3.4095948968030423,33545390248681.176,7.488496194223926e-06,0.0008584299327900698,7.488496194223926e-06,0.0008584299327900698,0.00608233647504652,0.0008659184289842936,False,False,1.0,1.4173419920007102,9.044346947766856e-09,0.20302878603461819,0.6996413140659551,1.0,1.5377322485877145,2.827531663387496e-07,0.24431060312470132,0.6408252607389732,0.17985438526277514,0.24358234639359705,0.005817857694426092,0.01445231533789394,True,AP3.8,119.0,8.3,6.863735268152632e+19,$(U_{0.8}Pu_{0.2})N$
K0_G3_Kd3p2e5_AP3p8,rizk2025_refit_plot,rizk2025_refit_full,1375.0,1.1,35000000000000.0,1.4551155743096131e+23,5.894150735384055e+25,2.6398103891254544e+25,3.223438696773088e+23,1.052257215403355e+19,1.6284435834256457,70.30942923142095,0.5830773567028921,1.5319734501463844,2.1150508068492764,0.604852611513588,2.7199034183628643,5218755586291.422,1.3046888965728556e+18,155.25349179359603,0.2903559794035098,16446329.32549135,14299195.29894639,1.150157682418896,1363322930.7414997,1363264912.948312,38325450.43463555,31574712.300578494,1.0000425579743428,1.2138020473406934,0.16102513897374554,65.22550222498514,29.212513581606252,5.40095905443488,5.40095905443488,0.0,4.880616583475265e+24,4.880616583475265e+24,0.0,9.036573938600132e+25,9.036573938600133e+25,1.039374170235564,9.757324072393746e+16,0.005499491733130216,3.9863535894915566e-07,2.9387539498205685e-06,2.9387539498205685e-06,0.01648548297621141,0.01648548297621141,1.276295932588979e+21,2.278868168495132e-05,8.175345338120949e-19,3.700180177718187e-22,3.7001801777181866e-21,3.437073971002977e-17,1.6472964643566316e+19,35000000000000.0,35000000000000.0,0.0,0.0060840761073725986,0.0008661250390343749,1.476802824193644e-05,4.759315295323146e-06,1.476802824193644e-05,4.759315295323146e-06,8.649492078987514e-29,7.576339156948329e+18,3.0004613643980214e+19,70.51437566922347,1.735989639193879e-20,-682454.0483505812,3.013658112078746e+21,0.0,0.0,0.0,0.0,0.0,0.3333333333333333,0.3333333333333333,2.0,1.2473625552150166e-21,3.756347896372655e-21,0.0,8.162871712568798e-19,,0.0,0.0,0.0,0.0,0.0,1.2473625552150166e-21,8.162871712568798e-19,0.00459472687821164,17.0,1.3898087074805612e-17,3.437073971002977e-23,3.3564727806178893e-22,,,3.437073971002977e-23,3.3564727806178893e-22,10.0,,9.536544540177922e-08,3.4095948968030423,33520402622095.348,7.622980765925417e-06,0.0008585020582684496,7.622980765925417e-06,0.0008585020582684496,0.0060840761073725986,0.0008661250390343749,False,False,1.0,1.417669847396246,9.049471977863843e-09,0.2031485634500304,0.6994690582740618,1.0,1.5526793156628187,2.830924178037166e-07,0.24908864923220003,0.634094398098836,0.17998738149226845,0.24836119812835508,0.00583077356702892,0.015319734501463844,True,AP3.8,119.0,8.3,6.863735268152632e+19,$(U_{0.8}Pu_{0.2})N$
K0_G3_Kd3p2e5_AP3p8,rizk2025_refit_plot,rizk2025_refit_full,1400.0,1.1,35000000000000.0,1.4524305362772541e+23,5.890369687424728e+25,2.6437670239916025e+25,3.2164668072924337e+23,1.0480668625708161e+19,1.6307706844795755,71.84355127165615,0.5843141057366558,1.6279496700279963,2.212263775764652,0.6905324919441755,2.902796267708828,4948004236926.374,1.2370010592315935e+18,165.1702632799819,0.31158378452313384,14530108.730391199,13440676.03886333,1.0810549029213863,1361375231.8029463,1361319541.201137,36417137.149961285,30900476.948942788,1.0000409092796538,1.1785299369370168,0.1607280088832264,65.18366061570912,29.256298260324446,5.3993131150832205,5.3993131150832205,0.0,4.879129218210292e+24,4.879129218210292e+24,0.0,9.036573938600132e+25,9.036573938600132e+25,1.0419150255980876,9.738095418758158e+16,0.005491073831623518,3.964536767525352e-07,3.02645241415851e-06,3.02645241415851e-06,0.01753834780874839,0.01753834780874839,1.34307008775412e+21,2.4280316676427002e-05,8.189426464829586e-19,4.907545740295142e-22,4.907545740295141e-21,7.989389038480301e-17,1.6472964643566316e+19,35000000000000.0,35000000000000.0,0.0,0.006089067711369375,0.0008670780250633508,1.4762006457131218e-05,4.748780943437426e-06,1.4762006457131218e-05,4.748780943437426e-06,8.916459522161892e-29,7.727568665589279e+18,3.0849732389351617e+19,92.81930077746775,2.131080211039913e-20,-738144.1151127656,3.013335727555721e+21,0.0,0.0,0.0,0.0,0.0,0.3333333333333333,0.3333333333333333,2.0,2.6554752260788454e-21,2.6068146230906868e-21,0.0,8.162871712568798e-19,,0.0,0.0,0.0,0.0,0.0,2.6554752260788454e-21,8.162871712568798e-19,0.00318314674939197,17.0,1.3922024990210297e-17,7.989389038480301e-23,4.108606836447112e-22,,,7.989389038480301e-23,4.108606836447112e-22,10.0,,9.536544540177922e-08,3.4095948968030423,33494135865329.562,7.771177346475036e-06,0.0008593068477168758,7.771177346475036e-06,0.0008593068477168758,0.006089067711369375,0.0008670780250633508,False,False,1.0,1.4179719910491695,9.056007312532632e-09,0.20325890903322696,0.6993103744441814,1.0,1.5688197342225392,2.834691699257065e-07,0.25416967977170124,0.6269554439045741,0.18011454702173543,0.2534430140080417,0.005843141057366558,0.016279496700279963,True,AP3.8,119.0,8.3,6.863735268152632e+19,$(U_{0.8}Pu_{0.2})N$
K0_G3_Kd3p2e5_AP3p8,rizk2025_refit_plot,rizk2025_refit_full,1425.0,1.1,35000000000000.0,1.4478015199266662e+23,5.885247317145869e+25,2.648978067556309e+25,3.206581469967039e+23,1.0433195857997787e+19,1.633492787451665,73.52225107768018,0.5854402148712408,1.7368501742113087,2.3222903890825495,0.756895726044958,3.0791861151275075,4757988641801.773,1.1894971604504433e+18,172.5379868712217,0.3269444105141448,13416448.79384138,12866731.786183156,1.042723903536136,1359104567.6936238,1359050996.1561065,34475821.2405458,30194940.5446584,1.0000394183424086,1.1417747681786612,0.1602157554139315,65.1269757447208,29.31396440238352,5.3988440974817555,5.3988440974817555,0.0,4.878705386986878e+24,4.878705386986878e+24,0.0,9.036573938600132e+25,9.036573938600132e+25,1.0448089793473365,9.709797630174291e+16,0.005478896287684887,3.9388147757941314e-07,3.0836290543932907e-06,3.0836290543932907e-06,0.018737012821972224,0.018737012821972224,1.4107890612129387e+21,2.6061676979186295e-05,8.217924306433319e-19,6.792207006788487e-22,6.792207006788486e-21,1.8029544796246132e-16,1.6472964643566316e+19,35000000000000.0,35000000000000.0,0.0,0.006100480939450225,0.0008695146090351365,1.475496810727415e-05,4.737746920602761e-06,1.475496810727415e-05,4.737746920602761e-06,9.094456424552357e-29,7.880800159734582e+18,3.1351467090134413e+19,113.04238264663725,2.4727963171468053e-20,-780776.5191311681,3.013924691060902e+21,0.0,0.0,0.0,0.0,0.0,0.3333333333333333,0.3333333333333333,2.0,5.505259386452124e-21,1.7608088449539913e-21,0.0,8.162871712568798e-19,,0.0,0.0,0.0,0.0,0.0,5.505259386452124e-21,8.162871712568798e-19,0.0021426442728068934,17.0,1.3970471320936644e-17,1.8029544796246133e-22,4.989252527163874e-22,,,1.8029544796246133e-22,4.989252527163874e-22,10.0,,9.536544540177922e-08,3.4095948968030423,33465925697667.09,7.94377927276818e-06,0.0008615708297623683,7.94377927276818e-06,0.0008615708297623683,0.006100480939450225,0.0008695146090351365,False,False,1.0,1.4182233380119076,9.06530598920144e-09,0.20335067515654695,0.699178414690829,1.0,1.5866765108076322,2.8389844392937975e-07,0.25969871519965493,0.6192094123093754,0.1802301803056717,0.25897278000443286,0.005854402148712408,0.017368501742113088,True,AP3.8,119.0,8.3,6.863735268152632e+19,$(U_{0.8}Pu_{0.2})N$
K0_G3_Kd3p2e5_AP3p8,rizk2025_refit_plot,rizk2025_refit_full,1450.0,1.1,35000000000000.0,1.4394793452932787e+23,5.877744742287779e+25,2.656397923255459e+25,3.1912658081173865e+23,1.0379474998355839e+19,1.6369683582516932,75.3539477323584,0.5863709452747641,1.860295884042654,2.446666829317418,0.8077163265696803,3.2543831558870986,4622481096804.037,1.1556202742010092e+18,178.0225762887142,0.3381476474638665,12750951.40115227,12470328.462158863,1.0225032516059986,1356217167.3558078,1356165492.6372516,32535609.32103404,29460964.777651463,1.0000381035491883,1.1043633352331674,0.15929481184727298,65.04395119460848,29.396073570632073,5.400680422912172,5.400680422912172,0.0,4.880364796039608e+24,4.880364796039608e+24,0.0,9.036573938600132e+25,9.036573938600132e+25,1.0481036363489113,9.664194018158584e+16,0.005459582638463028,3.907586390883125e-07,3.080025193788933e-06,3.080025193788933e-06,0.020100993155848252,0.020100993155848252,1.473388235955483e+21,2.8231664511251297e-05,8.274171632376133e-19,9.969293275342691e-22,9.96929327534269e-21,3.956100289530877e-16,1.6472964643566316e+19,35000000000000.0,35000000000000.0,0.0,0.006124416285454316,0.0008748415152413587,1.474599031029545e-05,4.7262564782737296e-06,1.474599031029545e-05,4.7262564782737296e-06,9.09382106768941e-29,8.037382540162614e+18,3.1191094489535672e+19,130.379105182456,2.7558221665981835e-20,-812900.3463709691,3.016248155977334e+21,0.0,0.0,0.0,0.0,0.0,0.3333333333333333,0.3333333333333333,2.0,1.1129991980733449e-20,1.1616069964338774e-21,0.0,8.162871712568798e-19,,0.0,0.0,0.0,0.0,0.0,1.1129991980733449e-20,8.162871712568798e-19,0.001403895215188198,17.0,1.4066091775039427e-17,3.9561002895308766e-22,6.013192985811814e-22,,,3.9561002895308766e-22,6.013192985811814e-22,10.0,,9.536544540177922e-08,3.4095948968030423,33435796430506.395,8.15466941707021e-06,0.0008666868458242885,8.15466941707021e-06,0.0008666868458242885,0.006124416285454316,0.0008748415152413587,False,False,1.0,1.4183833761561229,9.079788211710579e-09,0.2034090913986214,0.6990944147673012,1.0,1.606390910699971,2.843873929565508e-07,0.2656937018524826,0.6108375239929228,0.180325639465466,0.2649683543102207,0.0058637094527476405,0.01860295884042654,True,AP3.8,119.0,8.3,6.863735268152632e+19,$(U_{0.8}Pu_{0.2})N$
K0_G3_Kd3p2e5_AP3p8,rizk2025_refit_plot,rizk2025_refit_full,1475.0,1.1,35000000000000.0,1.4244006898122654e+23,5.866143126692355e+25,2.6675883768274985e+25,3.166152238983651e+23,1.0321051508362009e+19,1.6418427558285116,77.27317579548853,0.5869688929199403,1.9947976084460532,2.5817665013659936,0.8493004405290895,3.4310669418950828,4517387816552.043,1.1293469541380108e+18,182.41974048414713,0.3469861229714457,12317990.86629798,12169735.545660013,1.0121822959982756,1352189292.322472,1352139230.214977,30725498.59494391,28729245.008325536,1.0000370243732128,1.0694850695185298,0.15762618659355776,64.91556608234966,29.519908706028232,5.406899025028567,5.406899025028567,0.0,4.885984281821561e+24,4.885984281821561e+24,0.0,9.036573938600132e+25,9.036573938600132e+25,1.0517106548562594,9.58677896969718e+16,0.0054271561396448875,3.8692876326489573e-07,2.97616033529185e-06,2.97616033529185e-06,0.021593527858137746,0.021593527858137746,1.5177729280330616e+21,3.0840078835783214e-05,8.382581106675789e-19,1.5648365395596799e-21,1.5648365395596798e-20,8.452417180343286e-16,1.6472964643566316e+19,35000000000000.0,35000000000000.0,0.0,0.006172068101625961,0.0008856567045484679,1.4733415770140363e-05,4.7147893878670906e-06,1.4733415770140363e-05,4.7147893878670906e-06,8.796739650445792e-29,8.199797217506887e+18,2.996448186618251e+19,145.99814804151126,3.0050929597160093e-20,-839824.037111821,3.0217836747723427e+21,0.0,0.0,0.0,0.0,0.0,0.3333333333333333,0.3333333333333333,2.0,2.1970939410699096e-20,7.507216258567738e-22,0.0,8.162871712568798e-19,,0.0,0.0,0.0,0.0,0.0,2.1970939410699096e-20,8.162871712568798e-19,0.0008955733518151203,17.0,1.4250387881348842e-17,8.452417180343286e-22,7.195948215253512e-22,,,8.452417180343286e-22,7.195948215253512e-22,10.0,,9.536544540177922e-08,3.4095948968030423,33404978011688.805,8.423702391859592e-06,0.0008772330021566084,8.423702391859592e-06,0.0008772330021566084,0.006172068101625961,0.0008856567045484679,False,False,1.0,1.4183842461728318,9.103736390108128e-09,0.20340940893912338,0.6990939581640596,1.0,1.6273015879663397,2.849230239908684e-07,0.271931229328886,0.6021573500421081,0.18038691390942274,0.2712061995721963,0.005869688929199403,0.01994797608446053,True,AP3.8,119.0,8.3,6.863735268152632e+19,$(U_{0.8}Pu_{0.2})N$
K0_G3_Kd3p2e5_AP3p8,rizk2025_refit_plot,rizk2025_refit_full,1500.0,1.1,35000000000000.0,1.397539568741598e+23,5.8473913200382e+25,2.685328264650405e+25,3.123881169332259e+23,1.026147073071009e+19,1.6492334537350675,79.16106192489603,0.5869884034293933,2.132225115412647,2.7192135188420403,0.8875711459150645,3.6067846647571047,4424892415669.119,1.1062231039172797e+18,186.400609867734,0.35487747704915484,11993009.118169833,11909832.2777767,1.0069838800793474,1346128663.5252073,1346079898.4960566,29208638.85072544,28044090.693303518,1.0000362274402919,1.0415256165784685,0.15465369710216667,64.70805594873524,29.71622080332796,5.421069550834645,5.421069550834645,0.0,4.898789582241107e+24,4.898789582241107e+24,0.0,9.036573938600132e+25,9.036573938600132e+25,1.0554148730639503,9.45352774220303e+16,0.005371573249483624,3.8215315003938116e-07,2.761741395700877e-06,2.761741395700877e-06,0.02312574996744811,0.02312574996744811,1.5285934810940126e+21,3.38366213522344e-05,8.586863335070055e-19,2.616148172893133e-21,2.616148172893133e-20,1.7607759639859707e-15,1.6472964643566316e+19,35000000000000.0,35000000000000.0,0.0,0.006262950303055179,0.0009066045212195085,1.4714387067522736e-05,4.704041195203936e-06,1.4714387067522736e-05,4.704041195203936e-06,8.171007958944564e-29,8.372802350670744e+18,2.7585059634053636e+19,161.93463895006647,3.256164974797753e-20,-866937.0292659367,3.033086254118007e+21,0.0,0.0,0.0,0.0,0.0,0.3333333333333333,0.3333333333333333,2.0,4.239916225012569e-20,4.766040325715508e-22,0.0,8.162871712568798e-19,,0.0,0.0,0.0,0.0,0.0,4.239916225012569e-20,8.162871712568798e-19,0.0005550385676048057,17.0,1.4597667669619094e-17,1.7607759639859707e-21,8.553722089071623e-22,,,1.7607759639859707e-21,8.553722089071623e-22,10.0,,9.536544540177922e-08,3.4095948968030423,33375433210385.93,8.788254341905972e-06,0.0008978162668776025,8.788254341905972e-06,0.0008978162668776025,0.006262950303055179,0.0009066045212195085,False,False,1.0,1.418106774696025,9.144622535183334e-09,0.2033081213595708,0.6992396064437861,1.0,1.6481203836177674,2.854734831518984e-07,0.2780214857233347,0.5937127383614687,0.1803889125398087,0.27729647671008056,0.005869884034293933,0.02132225115412647,True,AP3.8,119.0,8.3,6.863735268152632e+19,$(U_{0.8}Pu_{0.2})N$
K0_G3_Kd3p2e5_AP3p8,rizk2025_refit_plot,rizk2025_refit_full,1525.0,1.1,35000000000000.0,1.3514453616684627e+23,5.816072661538994e+25,2.7145926341686782e+25,3.052857403144845e+23,1.0202607173105226e+19,1.6609762982311942,80.96515914480337,0.5859835629942897,2.2682676368031554,2.854251199797445,0.92764562954898,3.7818968293464246,4332062897263.764,1.083015724315941e+18,190.5064242872711,0.36290676814370554,11703997.797131443,11653150.324486626,1.004363409998923,1336611058.3723502,1336563322.6459167,28051388.577109158,27419201.33856104,1.000035715274858,1.0230563695398027,0.1495528472240683,64.36147926257071,30.040064438284222,5.448903451921008,5.448903451921008,0.0,4.923941892757767e+24,4.923941892757767e+24,0.0,9.036573938600132e+25,9.036573938600133e+25,1.0591003627920839,9.228117843113176e+16,0.00527721862485331,3.758642255867148e-07,2.5130363937901747e-06,2.5130363937901747e-06,0.02465100481335192,0.02465100481335192,1.5036192690069116e+21,3.707705189470673e-05,8.963636533373067e-19,4.591111971906214e-21,4.5911119719062144e-20,3.580777516173852e-15,1.6472964643566316e+19,35000000000000.0,35000000000000.0,0.0,0.006429443355193738,0.0009457668818586681,1.4684245629203923e-05,4.6942296700786065e-06,1.4684245629203923e-05,4.6942296700786065e-06,7.44122102805252e-29,8.56519099140976e+18,2.4862084422119313e+19,180.3349228046755,3.54224452747039e-20,-897503.8315080309,3.054355526436654e+21,0.0,0.0,0.0,0.0,0.0,0.3333333333333333,0.3333333333333333,2.0,8.007648208042697e-20,2.979589468780153e-22,0.0,8.162871712568798e-19,,0.0,0.0,0.0,0.0,0.0,8.007648208042697e-20,8.162871712568798e-19,0.00033240855513124167,17.0,1.5238182106734214e-17,3.5807775161738524e-21,1.0103344557323614e-21,,,3.5807775161738524e-21,1.0103344557323614e-21,10.0,,9.536544540177922e-08,3.4095948968030423,33347932111208.082,9.328611595469015e-06,0.0009364382702631991,9.328611595469015e-06,0.0009364382702631991,0.006429443355193738,0.0009457668818586681,False,False,1.0,1.4173440037325922,9.215006677928456e-09,0.2030295211252305,0.6996402568816124,1.0,1.6682416202729717,2.8602152961887446e-07,0.2837977632762343,0.5857320570969937,0.1802859203839214,0.28307277267148445,0.005859835629942896,0.022682676368031552,True,AP3.8,119.0,8.3,6.863735268152632e+19,$(U_{0.8}Pu_{0.2})N$
K0_G3_Kd3p2e5_AP3p8,rizk2025_refit_plot,rizk2025_refit_full,1550.0,1.1,35000000000000.0,1.2768386962066326e+23,5.763455973657365e+25,2.763448588732848e+25,2.9371438881976164e+23,1.0140032473161585e+19,1.6798588182445922,82.82417820124199,0.5832196964817398,2.413233588304909,2.996453284786649,0.974610012791137,3.9710632975777855,4228136780312.2993,1.0570341950780749e+18,195.24254317841502,0.3720308919154244,11404991.185003601,11370472.663692651,1.0030358035529316,1321586500.5205107,1321539629.3361373,27148173.280149586,26803767.308212303,1.0000354671046807,1.0128491628798673,0.14129676854106826,63.779215583447,30.580711312820153,5.498776335191786,5.498776335191786,0.0,4.969009892478523e+24,4.969009892478523e+24,0.0,9.036573938600132e+25,9.036573938600132e+25,1.063047729413042,8.863101165115066e+16,0.005122759283340841,3.6695426090640263e-07,2.3624403178714276e-06,2.3624403178714276e-06,0.02628845201829622,0.02628845201829622,1.462617786153459e+21,4.0412547754992865e-05,9.64451857158908e-19,8.303373578131135e-21,8.303373578131135e-20,7.11715258415843e-15,1.6472964643566316e+19,35000000000000.0,35000000000000.0,0.0,0.006722748036270093,0.0010169416058325325,1.463601796358e-05,4.68455932334445e-06,1.463601796358e-05,4.68455932334445e-06,6.9999933371554e-29,8.791057774850656e+18,2.315496335696023e+19,203.36001412649304,3.8914904671461496e-20,-931707.5469414503,3.091985227349326e+21,0.0,0.0,0.0,0.0,0.0,0.3333333333333333,0.3333333333333333,2.0,1.4816468590202815e-19,1.8383335745449222e-22,0.0,8.162871712568798e-19,,0.0,0.0,0.0,0.0,0.0,1.4816468590202815e-19,8.162871712568798e-19,0.00019060915906785685,17.0,1.6395681571701434e-17,7.11715258415843e-21,1.1862209939727049e-21,,,7.11715258415843e-21,1.1862209939727049e-21,10.0,,9.536544540177922e-08,3.4095948968030423,33320358562566.117,1.0204149043799074e-05,0.0010067374567887335,1.0204149043799074e-05,0.0010067374567887335,0.006722748036270093,0.0010169416058325325,False,False,1.0,1.4157693481394098,9.334483237588407e-09,0.20245363853635712,0.7004685739961375,1.0,1.6892012573124358,2.866087299189348e-07,0.2897035480630362,0.5776018187100026,0.18000202636419824,0.2889791130566643,0.005832196964817397,0.024132335883049093,True,AP3.8,119.0,8.3,6.863735268152632e+19,$(U_{0.8}Pu_{0.2})N$
K0_G3_Kd3p2e5_AP3p8,rizk2025_refit_plot,rizk2025_refit_full,1575.0,1.1,35000000000000.0,1.1656734602621503e+23,5.677472585580199e+25,2.8430704216115067e+25,2.7597231517539805e+23,1.0063216550602586e+19,1.7096433997653524,85.03321998276512,0.577657914774375,2.5917392305888614,3.169397145363236,1.0343152751351716,4.203712420498408,4102987255532.1465,1.0257468138830365e+18,201.1552781995698,0.3832164085664335,11062384.396103071,11036250.30309917,1.0023680228597716,1298562488.6807666,1298516404.2423666,26306867.40191299,26107443.66084172,1.0000354900702444,1.0076385778577925,0.12899506695595372,62.82771130028185,31.461817730137785,5.581475902624408,5.581475902624408,0.0,5.043741968058037e+24,5.043741968058037e+24,0.0,9.036573938600132e+25,9.036573938600132e+25,1.0679370381540347,8.311337147944584e+16,0.004885057152429521,3.5397532789057773e-07,2.37364176825542e-06,2.37364176825542e-06,0.028323899738022035,0.028323899738022035,1.4287263925808642e+21,4.380728001053193e-05,1.0851313414053207e-18,1.5225725191742552e-20,1.5225725191742552e-19,1.384090397445483e-14,1.6472964643566316e+19,35000000000000.0,35000000000000.0,0.0,0.007218980550498608,0.0011433262457128043,1.456055075633817e-05,4.673609387695071e-06,1.456055075633817e-05,4.673609387695071e-06,7.037628856453356e-29,9.069231307726665e+18,2.3074823467405033e+19,233.77911783569817,4.335339806898104e-20,-967902.3117693032,3.154662610046831e+21,0.0,0.0,0.0,0.0,0.0,0.3333333333333333,0.3333333333333333,2.0,2.6884417014844093e-19,1.1215308686518689e-22,0.0,8.162871712568798e-19,,0.0,0.0,0.0,0.0,0.0,2.6884417014844093e-19,8.162871712568798e-19,0.00010335438908246888,17.0,1.844723280389045e-17,1.384090397445483e-20,1.3848212172877198e-21,,,1.384090397445483e-20,1.3848212172877198e-21,10.0,,9.536544540177922e-08,3.4095948968030423,33288620085112.23,1.1697144616869029e-05,0.0011316291010959353,1.1697144616869029e-05,0.0011316291010959353,0.007218980550498608,0.0011433262457128043,False,False,1.0,1.4129408236065766,9.530409187196438e-09,0.2014166668055193,0.7019606033050897,1.0,1.7143992832743522,2.873361405498563e-07,0.29665850622155826,0.568066144864016,0.1794280109287402,0.2959355240085691,0.00577657914774375,0.025917392305888614,True,AP3.8,119.0,8.3,6.863735268152632e+19,$(U_{0.8}Pu_{0.2})N$
K0_G3_Kd3p2e5_AP3p8,rizk2025_refit_plot,rizk2025_refit_full,1600.0,1.1,35000000000000.0,1.0170686654863984e+23,5.544187526588759e+25,2.966388527397604e+25,2.5105150994476264e+23,9.959233724301693e+18,1.7546015540687203,87.91128457126266,0.5680505388187004,2.8343169374356427,3.4023674762543434,1.113550545129115,4.515918021383458,3947791448455.1904,9.869478621137975e+17,208.83298048145184,0.39740510220709535,10652299.835325576,10630504.793265527,1.002050235852756,1265289929.6182733,1265244519.3907838,25377323.09333604,25252730.75950134,1.000035890475551,1.004933816268081,0.11255025105720033,61.35276006437034,32.82647325804022,5.708216426532275,5.708216426532275,0.0,5.158271979589072e+24,5.158271979589072e+24,0.0,9.036573938600132e+25,9.036573938600135e+25,1.0746329389947764,7.551662596926754e+16,0.004549246493953131,3.3575451871814905e-07,2.544659924023816e-06,2.544659924023816e-06,0.031120522709723854,0.031120522709723854,1.4096039922655334e+21,4.7388687857507086e-05,1.2951051174088508e-18,2.797102768283436e-20,2.7971027682834356e-19,2.6363059898109156e-14,1.6472964643566316e+19,35000000000000.0,35000000000000.0,0.0,0.00802127334002792,0.0013632745753677088,1.4448052475518728e-05,4.6601553741809525e-06,1.4448052475518728e-05,4.6601553741809525e-06,7.550047865058032e-29,9.420842120662292e+18,2.4525810982867337e+19,276.02760238338203,4.922886264956689e-20,-1005060.3552684558,3.252396945179404e+21,0.0,0.0,0.0,0.0,0.0,0.3333333333333333,0.3333333333333333,2.0,4.788179461519709e-19,6.777638626958759e-23,0.0,8.162871712568798e-19,,0.0,0.0,0.0,0.0,0.0,4.788179461519709e-19,8.162871712568798e-19,5.23327298753861e-05,17.0,2.2016786995950463e-17,2.6363059898109155e-20,1.6079677847252025e-21,,,2.6363059898109155e-20,1.6079677847252025e-21,10.0,,9.536544540177922e-08,3.4095948968030423,33248976201258.906,1.4282793584570424e-05,0.0013489917817831383,1.4282793584570424e-05,0.0013489917817831383,0.00802127334002792,0.0013632745753677088,False,False,1.0,1.4083625208256885,9.835909670388951e-09,0.19973128917866556,0.704386965234672,1.0,1.7476935761018901,2.883326334241092e-07,0.30561487087796574,0.5558499768097015,0.17842771975069754,0.30489441610732443,0.005680505388187004,0.02834316937435643,True,AP3.8,119.0,8.3,6.863735268152632e+19,$(U_{0.8}Pu_{0.2})N$
K0_G3_Kd3p2e5_AP3p8,rizk2025_refit_plot,rizk2025_refit_full,1625.0,1.1,35000000000000.0,8.424004207757387e+22,5.350903409977257e+25,3.145293796514236e+25,2.196130536681034e+23,9.814869549924796e+18,1.8184487895664618,91.72588947519144,0.5531590033319809,3.1728455854614515,3.7260045887934323,1.2192792323975894,4.945283821191022,3757751332733.573,9.394378331833932e+17,218.8125474213877,0.4152919807594478,10165253.04261659,10145670.466167279,1.0019301411882648,1220865845.2854455,1220820741.6879046,24287210.80551052,24202545.352263175,1.0000369453073663,1.0034982045076275,0.09322121707845353,59.21385080600771,34.80626416477347,5.886663812140367,5.886663812140367,0.0,5.319527279008814e+24,5.319527279008814e+24,0.0,9.036573938600132e+25,9.036573938600132e+25,1.0840785007979052,6.616501864124211e+16,0.004121562252438027,3.120671502887213e-07,2.9045899695876524e-06,2.9045899695876524e-06,0.03507575100061254,0.03507575100061254,1.4033228148113652e+21,5.139322070466061e-05,1.6540619828555305e-18,5.108607268560299e-20,5.1086072685603e-19,4.922854290289942e-14,1.6472964643566316e+19,35000000000000.0,35000000000000.0,0.0,0.009252634708011492,0.0017390745202502185,1.4291239460339808e-05,4.643603532970678e-06,1.4291239460339808e-05,4.643603532970678e-06,8.625920420783424e-29,9.864196265318474e+18,2.768367662354745e+19,337.07587186040615,5.728230251605059e-20,-1043507.2641145104,3.394168257434467e+21,0.0,0.0,0.0,0.0,0.0,0.3333333333333333,0.3333333333333333,2.0,8.377748115986507e-19,4.063572253318729e-23,0.0,8.162871712568798e-19,,0.0,0.0,0.0,0.0,0.0,8.377748115986507e-19,8.162871712568798e-19,2.456723082591791e-05,17.0,2.811905370854402e-17,4.922854290289942e-20,1.857529782703572e-21,,,4.922854290289942e-20,1.857529782703572e-21,10.0,,9.536544540177922e-08,3.4095948968030423,33199478688441.77,1.8755260216599766e-05,0.0017203192600336187,1.8755260216599766e-05,0.0017203192600336187,0.009252634708011492,0.0017390745202502185,False,False,1.0,1.4015995603138607,1.0284561437849804e-08,0.19722589514572383,0.7079970090131997,1.0,1.7926030042287173,2.8973930352060896e-07,0.31729620889140026,0.540027883499057,0.176854722774215,0.31657963851300286,0.005531590033319808,0.031728455854614514,True,AP3.8,119.0,8.3,6.863735268152632e+19,$(U_{0.8}Pu_{0.2})N$
K0_G3_Kd3p2e5_AP3p8,rizk2025_refit_plot,rizk2025_refit_full,1650.0,1.1,35000000000000.0,6.629301356634451e+22,5.089949355265417e+25,3.3872479419734663e+25,1.842739683751209e+23,9.61771592057496e+18,1.903113834613809,96.66133636372545,0.5320432000598361,3.6384711828750262,4.170514382934862,1.3571757065923225,5.5276900895271845,3534927531624.1826,8.837318829060456e+17,231.43677198866501,0.4370451493662026,9610785.496310897,9592252.695732934,1.001932059253006,1166554962.3476703,1166509306.8121674,23030186.19318312,22966783.654287547,1.0000391385951541,1.0027606189813059,0.07336078254521984,56.326096481360814,37.48376281750636,6.116779918587616,6.116779918587616,0.0,5.527473400046149e+24,5.527473400046149e+24,0.0,9.036573938600132e+25,9.036573938600132e+25,1.0972662082879265,5.592434207479917e+16,0.0036338993919318016,2.8395631636581515e-07,3.5588847703762533e-06,3.5588847703762533e-06,0.040610716184192014,0.040610716184192014,1.4075763999550805e+21,5.607561488928041e-05,2.257479190366825e-18,9.233806137778259e-20,9.233806137778258e-19,9.020265555838444e-14,1.6472964643566316e+19,35000000000000.0,35000000000000.0,0.0,0.011037962920959706,0.0023701814221273854,1.4088667222880219e-05,4.6240970324943315e-06,1.4088667222880219e-05,4.6240970324943315e-06,1.0582885465033108e-28,1.0407226596324354e+19,3.339228519307473e+19,426.84970371525884,6.84681166299846e-20,-1083742.7318456667,3.5850399286998115e+21,0.0,0.0,0.0,0.0,0.0,0.3333333333333333,0.3333333333333333,2.0,1.441192019109945e-18,2.42053512429118e-23,0.0,8.162871712568798e-19,,0.0,0.0,0.0,0.0,0.0,1.441192019109945e-18,8.162871712568798e-19,1.0722292079679634e-05,17.0,3.8377146236236026e-17,9.020265555838444e-20,2.135405819398152e-21,,,9.020265555838444e-20,2.135405819398152e-21,10.0,,9.536544540177922e-08,3.4095948968030423,33140711996109.594,2.6429735497919148e-05,0.002343751686629466,2.6429735497919148e-05,0.002343751686629466,0.011037962920959706,0.0023701814221273854,False,False,1.0,1.3923936919530968,1.0904051635192392e-08,0.19378480455170544,0.7129613499995636,1.0,1.8519561566725438,2.9170549249420737e-07,0.332075640869005,0.5201962317047543,0.1745750997955205,0.33136475468934995,0.005320432000598361,0.03638471182875026,True,AP3.8,119.0,8.3,6.863735268152632e+19,$(U_{0.8}Pu_{0.2})N$
K0_G3_Kd3p2e5_AP3p8,rizk2025_refit_plot,rizk2025_refit_full,1675.0,1.1,35000000000000.0,4.9976543909788965e+22,4.76088791390178e+25,3.693295565982247e+25,1.4865624999320975e+23,9.357164746896878e+18,2.0081466442149605,102.81457513742727,0.5042641038231833,4.259875837286088,4.764139941109271,1.5302795008535204,6.294419441962791,3288469927846.3887,8.221174819615972e+17,246.75888800966905,0.4621900020481304,9014786.211166933,8996636.424755696,1.0020173968975,1105544651.9358196,1105496954.8142035,21645172.56118781,21592269.355124347,1.0000431454120324,1.0024500993940644,0.05530474740688162,52.68465622314485,40.87052893139256,6.3895100980556965,6.3895100980556965,0.0,5.773928043251248e+24,5.773928043251248e+24,0.0,9.036573938600132e+25,9.03657393860013e+25,1.1152276371350642,4.583718046375919e+16,0.0031326020781523977,2.5337307989234635e-07,4.728482773227281e-06,4.728482773227281e-06,0.04816768524102597,0.04816768524102597,1.4210904508513992e+21,6.166299165689445e-05,3.2556911341636327e-18,1.6476307421979262e-19,1.6476307421979263e-18,1.6231955709997532e-13,1.6472964643566316e+19,35000000000000.0,35000000000000.0,0.0,0.013479623997706844,0.0034129437024515933,1.3845853991964701e-05,4.60236238566929e-06,1.3845853991964701e-05,4.60236238566929e-06,1.4088381804983265e-28,1.1040925836801274e+19,4.340989712308574e+19,558.4509640558864,8.387600343228661e-20,-1125406.60318763,3.824496415943317e+21,0.0,0.0,0.0,0.0,0.0,0.3333333333333333,0.3333333333333333,2.0,2.439403962906753e-18,1.4342893454267406e-23,0.0,8.162871712568798e-19,,0.0,0.0,0.0,0.0,0.0,2.439403962906753e-18,8.162871712568798e-19,4.405483463636979e-06,17.0,5.534674928078175e-17,1.623195570999753e-19,2.4435171198173103e-21,,,1.623195570999753e-19,2.4435171198173103e-21,10.0,,9.536544540177922e-08,3.4095948968030423,33075930207411.086,3.9439378743669856e-05,0.0033735043237079236,3.9439378743669856e-05,0.0033735043237079236,0.013479623997706844,0.0034129437024515933,False,False,1.0,1.3806935675218177,1.1713499487127802e-08,0.1893593055723644,0.7193559648961624,1.0,1.9277663094263033,2.9438786429208863e-07,0.3499495339038683,0.4965039273360532,0.171482320319136,0.3492467019577916,0.005042641038231833,0.042598758372860875,True,AP3.8,119.0,8.3,6.863735268152632e+19,$(U_{0.8}Pu_{0.2})N$
K0_G3_Kd3p2e5_AP3p8,rizk2025_refit_plot,rizk2025_refit_full,1700.0,1.1,35000000000000.0,3.6517825548775837e+22,4.369973104011451e+25,4.0584711057440305e+25,1.1591398220844027e+23,9.024729789994231e+18,2.131051710330784,110.23047065881855,0.46990103297686003,5.063231704503188,5.533132737480048,1.7384101686679334,7.271542906147982,3031705087276.117,7.579262718190292e+17,264.54665601875854,0.48974788373771516,8409883.443977965,8391714.46507562,1.0021651092846355,1041791011.5534015,1041739151.254762,20188899.24007912,20139621.891584456,1.0000497824225738,1.0024467861790025,0.04041114010342825,48.35873787680655,44.911612889129245,6.689238093960777,6.689238093960777,0.0,6.044779462897718e+24,6.044779462897718e+24,0.0,9.036573938600132e+25,9.036573938600132e+25,1.139080065903225,3.669750452584361e+16,0.0026599291101801425,2.2238664009016937e-07,6.835752558372036e-06,6.835752558372036e-06,0.058231692242085464,0.058231692242085464,1.4419985661491602e+21,6.838167175291274e-05,4.881873557157333e-18,2.8987370337520676e-19,2.8987370337520674e-18,2.8708990269161864e-13,1.6472964643566316e+19,35000000000000.0,35000000000000.0,0.0,0.01663309805851499,0.0051096604700089105,1.3573499268220108e-05,4.579348895251277e-06,1.3573499268220108e-05,4.579348895251277e-06,2.0427495007110197e-28,1.1735446703726492e+19,6.094118735266467e+19,748.2155432796945,1.0465338041197784e-19,-1167294.818519458,4.1068195649774305e+21,0.0,0.0,0.0,0.0,0.0,0.3333333333333333,0.3333333333333333,2.0,4.065586385900453e-18,8.463999134962283e-24,0.0,8.162871712568798e-19,,0.0,0.0,0.0,0.0,0.0,4.065586385900453e-18,8.162871712568798e-19,1.7337604171564793e-06,17.0,8.299185047167466e-17,2.8708990269161863e-19,2.7838006835881095e-21,,,2.8708990269161863e-19,2.7838006835881095e-21,10.0,,9.536544540177922e-08,3.4095948968030423,33010437715442.96,6.114353696254173e-05,0.005048516933046369,6.114353696254173e-05,0.005048516933046369,0.01663309805851499,0.0051096604700089105,False,False,1.0,1.3665833774160474,1.272649055031478e-08,0.18394275425712947,0.7271977143508788,1.0,2.0214917257178215,2.9795833233340094e-07,0.3706413302700523,0.4694964301717737,0.1674951103319762,0.3699496328932584,0.0046990103297686004,0.050632317045031884,True,AP3.8,119.0,8.3,6.863735268152632e+19,$(U_{0.8}Pu_{0.2})N$
K0_G3_Kd3p2e5_AP3p8,rizk2025_refit_plot,rizk2025_refit_full,1725.0,1.1,35000000000000.0,2.615237721739491e+22,3.928111815540072e+25,4.473476479065781e+25,8.788034025022156e+22,8.613805890724199e+18,2.2680233782539854,118.95682735622708,0.42946019759031623,6.073678625955427,6.503138823545744,1.8586677942971266,8.36180661784287,2822150831023.8486,7.055377077559621e+17,277.0475794454968,0.5,8016384.047870492,8013064.0536303185,1.0004143226882942,978884580.223907,978825889.2238775,18712995.643962834,18662232.755687132,1.0000599606126845,1.0027200865480703,0.02894058898326926,43.469038622712596,49.50412080353955,6.997899984764608,6.730590343064549,0.26730964170005955,6.323704062725412e+24,6.082147728553082e+24,2.415563341723297e+23,9.036573938600132e+25,9.0124183051829e+25,1.1701336171937229,2.8885847351610936e+16,0.0022426001298871843,1.9257427950758197e-07,1.0677683115795463e-05,1.0677683115795463e-05,0.07137834598019523,0.07137834598019523,1.4669218500345447e+21,7.653489083734483e-05,7.492536269461473e-18,5.026022153000994e-19,5.026022153000994e-18,4.994440127391286e-13,1.6472964643566316e+19,35000000000000.0,35000000000000.0,0.0,0.020485193615481387,0.007830917863846383,1.3284528166988633e-05,4.555897959167425e-06,1.3284528166988633e-05,4.555897959167425e-06,3.205303589123302e-28,1.2436778824948419e+19,9.162433283759704e+19,353.359242514874,4.7116525697060164e-20,-751101.700935543,4.422567331965052e+21,4.694057464288317e+21,0.0,0.0,0.0,0.0,0.3333333333333333,0.3333333333333333,2.0,6.676249098204593e-18,4.979302940985348e-24,0.0,8.162871712568798e-19,,0.0,0.0,0.0,0.0,0.0,6.676249098204593e-18,8.162871712568798e-19,6.645684134063239e-07,17.0,1.2737311658084505e-16,4.994440127391286e-19,3.1582025609706965e-21,,,4.994440127391286e-19,3.1582025609706965e-21,10.0,,9.536544540177922e-08,3.4095948968030423,32950697333951.312,9.664533036657216e-05,0.007734272533479811,9.664533036657216e-05,0.007734272533479811,0.020485193615481387,0.007830917863846383,False,False,1.0,1.350184561566832,1.3957164760302703e-08,0.1775351595921034,0.7364951022488522,1.0,2.1345254112250123,3.02621661634134e-07,0.39375926840109826,0.4398865683251028,0.16254525888418764,0.39308270517442995,0.004294601975903162,0.060736786259554275,True,AP3.8,119.0,8.3,6.863735268152632e+19,$(U_{0.8}Pu_{0.2})N$
K0_G3_Kd3p2e5_AP3p8,rizk2025_refit_plot,rizk2025_refit_full,1750.0,1.1,35000000000000.0,1.8510092914866677e+22,3.449162716579531e+25,4.926036604035532e+25,6.509676459079739e+22,8.119537396368199e+18,2.414472779729288,129.0928236806303,0.3838088230675629,7.316884451933987,7.700693275001551,1.914108823945499,9.61480209894705,2661034579317.697,6.652586448294241e+17,285.3114569997189,0.5,7784409.62499845,7780970.394056721,1.0004420054013259,919524006.1963813,919455385.3073081,17253809.09978847,17196928.04529691,1.0000746321030578,1.003307628801012,0.020483529533023556,38.168920433952046,54.51221488924851,7.298381147266435,6.642532182200065,0.6558489650663696,6.59523608693584e+24,6.002573320398177e+24,5.926627665376624e+23,9.036573938600132e+25,8.977307661946367e+25,1.2100318111031558,2.2451447163334692e+16,0.0018912733597754436,1.6485453080609507e-07,1.776482062674412e-05,1.776482062674412e-05,0.08833702852494077,0.08833702852494077,1.4912840350206056e+21,8.662715209161129e-05,1.1625332016342075e-17,8.588030780930961e-19,8.588030780930961e-18,8.552344067970446e-13,1.6472964643566316e+19,35000000000000.0,35000000000000.0,0.0,0.024933946686545305,0.012136659054349736,1.2991851488540482e-05,4.532593981066942e-06,1.2991851488540482e-05,4.532593981066942e-06,5.36944495677217e-28,1.3061810335936135e+19,1.452365194325442e+20,421.6693489788142,5.45558189617063e-20,-773282.0455035216,4.759868241963609e+21,5.058220939838159e+21,0.0,0.0,0.0,0.0,0.3333333333333333,0.3333333333333333,2.0,1.0809044845085196e-17,2.9228774848067563e-24,0.0,8.162871712568798e-19,,0.0,0.0,0.0,0.0,0.0,1.0809044845085196e-17,8.162871712568798e-19,2.514231404916419e-07,17.0,1.976306442778153e-16,8.552344067970446e-19,3.568671296051523e-21,,,8.552344067970446e-19,3.568671296051523e-21,10.0,,9.536544540177922e-08,3.4095948968030423,32903687867798.863,0.00015337237582548318,0.011983286678524253,0.00015337237582548318,0.011983286678524253,0.024933946686545305,0.012136659054349736,False,False,1.0,1.3316023942230992,1.5425856477894774e-08,0.17012297920005895,0.7472773662057545,1.0,2.268637902157865,3.0863926505114737e-07,0.41891207368807604,0.40838876917963085,0.15656871409727885,0.4182558900342414,0.003838088230675629,0.07316884451933987,True,AP3.8,119.0,8.3,6.863735268152632e+19,$(U_{0.8}Pu_{0.2})N$
K0_G3_Kd3p2e5_AP3p8,rizk2025_refit_plot,rizk2025_refit_full,1775.0,1.1,35000000000000.0,1.3016229312247695e+22,2.9492347175565975e+25,5.401383746892171e+25,4.72657534776958e+22,7.539206091962157e+18,2.565191213221242,140.82571481117301,0.3341907505348749,8.819828037331472,9.154018787866349,1.9692913283069153,11.123310116173265,2513991655162.719,6.284979137906798e+17,293.5367995316007,0.49999999999999983,7566516.143742547,7562935.902900332,1.0004733929902596,865514482.216849,865432560.5662092,15832281.090871481,15764166.3880542,1.0000946597740512,1.0043208566276551,0.01440394268966061,32.636646782236895,59.77247332443016,7.576475950643317,6.556465370226997,1.020010580416319,6.846538512201405e+24,5.924798409392754e+24,9.217401028086502e+23,9.036573938600132e+25,8.944399928319269e+25,1.2609174215992534,1.726567404066176e+16,0.001605628078168056,1.3961069116188211e-07,3.098350938761112e-05,3.098350938761112e-05,0.1100666517641418,0.1100666517641418,1.5101542662751791e+21,9.960201250398588e-05,1.8080532706453782e-17,1.4464755034747645e-18,1.4464755034747646e-17,1.4424583518951984e-12,1.6472964643566316e+19,35000000000000.0,35000000000000.0,0.0,0.029771553988169164,0.018863486880879965,1.27073269818789e-05,4.50976512012919e-06,1.27073269818789e-05,4.50976512012919e-06,9.46195910850312e-28,1.3493657178625317e+19,2.3854197587017463e+20,499.7660403511768,6.280493142791919e-20,-794601.311076489,5.105118310470492e+21,5.430401450942071e+21,0.0,0.0,0.0,0.0,0.3333333333333333,0.3333333333333333,2.0,1.7264245535196902e-17,1.713388417816599e-24,0.0,8.162871712568798e-19,,0.0,0.0,0.0,0.0,0.0,1.7264245535196902e-17,8.162871712568798e-19,9.47642663871851e-08,17.0,3.0736905600971428e-16,1.4424583518951983e-18,4.0171515795662504e-21,,,1.4424583518951983e-18,4.0171515795662504e-21,10.0,,9.536544540177922e-08,3.4095948968030423,32876590999465.055,0.00024158610793020182,0.018621900772949763,0.00024158610793020182,0.018621900772949763,0.029771553988169164,0.018863486880879965,False,False,1.0,1.3109331413788252,1.7163082828269625e-08,0.1616812373686551,0.7595913842122136,1.0,2.426278475115725,3.163589706216608e-07,0.4457586587757869,0.3756483088491551,0.1495081296735105,0.4451298369165455,0.003341907505348749,0.08819828037331473,True,AP3.8,119.0,8.3,6.863735268152632e+19,$(U_{0.8}Pu_{0.2})N$
K0_G3_Kd3p2e5_AP3p8,rizk2025_refit_plot,rizk2025_refit_full,1800.0,1.1,35000000000000.0,9.119001925022622e+21,2.446534571944831e+25,5.882304468024987e+25,3.369796927844146e+22,6.872994788750476e+18,2.7143489301568984,154.47005064701113,0.2822860170346306,10.611273068860477,10.893559085895108,2.022647642123418,12.916206728018526,2383105690570.405,5.957764226426012e+17,301.48993544774015,0.5,7367159.125590852,7363429.882669539,1.0005064545980251,817974250.6641904,817875688.4700439,14457635.502707547,14371717.95245317,1.0001205099937998,1.0059782379906579,0.010091215970767856,27.073696165914704,65.09440976185077,7.82180285626377,6.472216098792525,1.3495867574712457,7.068229984378126e+24,5.848665932333675e+24,1.2195640520444515e+24,9.036573938600132e+25,8.914617533395688e+25,1.3256633075503754,1.313891279990749e+16,0.0013797220262493578,1.1688187241739719e-07,5.589621553476489e-05,5.589621553476489e-05,0.13786137618542052,0.13786137618542052,1.5192128351402433e+21,0.00011748830080060094,2.80344615729556e-17,2.4023187514376478e-18,2.4023187514376478e-17,2.3978131732901632e-12,1.6472964643566316e+19,35000000000000.0,35000000000000.0,0.0,0.03467696401676371,0.02924843489888453,1.2441442992724502e-05,4.487539581339223e-06,1.2441442992724502e-05,4.487539581339223e-06,1.733550761655601e-27,1.3585178506445545e+19,3.9990107182434936e+20,585.6875061137803,7.161605424447514e-20,-814248.709938873,5.443425054582311e+21,5.794867420319164e+21,0.0,0.0,0.0,0.0,0.3333333333333333,0.3333333333333333,2.0,2.721817440169872e-17,1.0037403008245757e-24,0.0,8.162871712568798e-19,,0.0,0.0,0.0,0.0,0.0,2.721817440169872e-17,8.162871712568798e-19,3.580380162509945e-08,17.0,4.765858467402452e-16,2.397813173290163e-18,4.50557814748474e-21,,,2.397813173290163e-18,4.50557814748474e-21,10.0,,9.536544540177922e-08,3.4095948968030423,32876628513010.113,0.000374531358723362,0.02887390354016117,0.000374531358723362,0.02887390354016117,0.03467696401676371,0.02924843489888453,False,False,1.0,1.288313474192435,1.921252044983003e-08,0.1521935611458801,0.7734722788821066,1.0,2.6108412683595796,3.2625857420448156e-07,0.4740220888722855,0.3422225232976915,0.14132851272529373,0.47343006071611127,0.0028228601703463056,0.10611273068860477,True,AP3.8,119.0,8.3,6.863735268152632e+19,$(U_{0.8}Pu_{0.2})N$
K0_G3_Kd3p2e5_AP3p4,rizk2025_refit_plot,rizk2025_refit_full,900.0,1.3,35000000000000.0,1.494133499629162e+23,7.49496450160014e+25,2.570155281173833e+25,4.039547899257978e+23,1.1042233045372322e+19,1.6086746711394226,42.438121133372356,0.7044108600693054,0.35351997858270184,1.0579308386520072,0.05096538401245467,1.1088962226644619,8697972309891.674,2.1744930774729185e+18,57.40718734617889,0.06616550358158403,1318153808897.072,38671115.980876684,34086.26245875382,1383023310.5650492,1380017998.560005,236466032.61349455,52311458.20577443,1.0021777339195432,4.520348709900657,0.1399055456159271,70.18028163003025,24.066054139039633,5.613758685314173,5.613758685314173,0.0,5.995262642117309e+24,5.995262642117309e+24,0.0,1.0679587381981997e+26,1.0679587381981995e+26,1.0088938835018029,1.1225927149334133e+17,0.00541916958371149,4.2964472700529265e-07,2.8525748372123085e-07,2.8525748372123085e-07,0.003791038063664705,0.003791038063664705,2.8439831198015842e+20,7.694090337335387e-06,8.917422879279335e-19,5.811156342883063e-25,5.8111563428830635e-24,5.119872410101689e-28,1.7995675661038836e+19,35000000000000.0,35000000000000.0,0.0,0.008229764534571981,0.0009568579803300251,1.6189143801633646e-05,5.548045248314137e-06,1.6189143801633646e-05,5.548045248314137e-06,1.366852604993573e-29,5.31949305260963e+18,4.0778556067529646e+18,0.00020282577230882706,1.0678257233907857e-21,-148489.63826529268,2.006534781832767e+21,0.0,0.0,0.0,0.0,0.0,0.3333333333333333,0.3333333333333333,2.0,2.4966082885114063e-31,1.092543251978497e-24,0.0,8.91742287927684e-19,,0.0,0.0,0.0,0.0,0.0,2.4966082885114063e-31,8.91742287927684e-19,1.2251782457431146e-06,17.0,1.515961889477487e-17,5.119872410101689e-34,5.811156337763191e-25,,,5.119872410101689e-34,5.811156337763191e-25,10.0,,9.536544540177922e-08,3.4095948968030423,34062799344838.93,5.277103629388769e-06,0.0009515808767006364,5.277103629388769e-06,0.0009515808767006364,0.008229764534571981,0.0009568579803300251,False,False,1.0,1.4555167956598805,8.392804963467292e-09,0.21669109015807694,0.6800507329257582,1.0,1.2904159671498656,2.785809028091701e-07,0.15308678021655603,0.7721636670609467,0.19169407118127002,0.15233673881035245,0.007044108600693055,0.003535199785827018,True,AP3.4,130.0,8.3,7.498198192099515e+19,$(U_{0.8}Pu_{0.2})N$
K0_G3_Kd3p2e5_AP3p4,rizk2025_refit_plot,rizk2025_refit_full,925.0,1.3,35000000000000.0,1.4930762773190203e+23,7.4862593108220055e+25,2.5793382849056378e+25,4.032348860916664e+23,1.1026527029545798e+19,1.6105341545965304,43.827808963858764,0.7055966750182555,0.388845104526026,1.0944417795442816,0.05093499465899,1.1453767742032714,8698428139364.236,2.174607034841059e+18,57.39477233187786,0.06614035445573936,510799628039.4987,38679480.89702555,13205.958720060775,1380315422.4882774,1378424663.4348173,194224500.92145416,50652771.66446204,1.0013716810962658,3.8344298749938295,0.13980655093829328,70.09876920387771,24.15204064210714,5.609383603076864,5.609383603076864,0.0,5.990590234811639e+24,5.990590234811639e+24,0.0,1.0679587381981997e+26,1.0679587381981999e+26,1.009788789895554,1.121005315209641e+17,0.005415784421163889,4.2750633211352865e-07,3.3834062720839493e-07,3.3834062720839493e-07,0.004167918556229591,0.004167918556229591,3.28375495308116e+20,8.170694612301203e-06,8.917422879291166e-19,9.880133285659924e-25,9.880133285659924e-24,3.600113810511962e-27,1.7995675661038836e+19,35000000000000.0,35000000000000.0,0.0,0.008223494455364634,0.000956203331097251,1.618385442040015e-05,5.520505187341153e-06,1.618385442040015e-05,5.520505187341153e-06,1.624847975392912e-29,5.498189035909513e+18,5.038476315927472e+18,0.0005375741295860429,1.0675938441027112e-21,-148477.53141103295,2.0054315928883519e+21,0.0,0.0,0.0,0.0,0.0,0.3333333333333333,0.3333333333333333,2.0,1.4326320272288242e-30,7.793235501843722e-24,0.0,8.91742287927684e-19,,0.0,0.0,0.0,0.0,0.0,1.4326320272288242e-30,8.91742287927684e-19,8.739336024920236e-06,17.0,1.5159618894794982e-17,3.600113810511962e-33,9.880133249658786e-25,,,3.600113810511962e-33,9.880133249658786e-25,10.0,,9.536544540177922e-08,3.4095948968030423,34033488030235.38,5.441297443610238e-06,0.0009507620336536408,5.441297443610238e-06,0.0009507620336536408,0.008223494455364634,0.000956203331097251,False,False,1.0,1.4557809305954559,8.397797363842579e-09,0.21678367242994134,0.679918383109231,1.0,1.3020805336490755,2.7871309043166665e-07,0.1579998169477445,0.7649724237238165,0.19180157769152492,0.15725056403975896,0.007055966750182555,0.00388845104526026,True,AP3.4,130.0,8.3,7.498198192099515e+19,$(U_{0.8}Pu_{0.2})N$
K0_G3_Kd3p2e5_AP3p4,rizk2025_refit_plot,rizk2025_refit_full,950.0,1.3,35000000000000.0,1.4920442696396826e+23,7.4774892249332125e+25,2.5885907625751217e+25,4.025097344728965e+23,1.1008697861199653e+19,1.61238239588289,45.31061652722375,0.7067554088153463,0.42896758545503244,1.1357229942703786,0.05091759787014396,1.1866405921405225,8698681446847.742,2.1746703617119355e+18,57.387680156943524,0.06612593536372374,208215237606.72223,38684261.04572891,5382.427684493952,1378075113.8942335,1376844603.1590402,162500297.33949658,48995139.99475528,1.000893717949266,3.3166615577971923,0.13970991727236357,70.01664912212632,24.238677675342092,5.604963285259213,5.604963285259213,0.0,5.985869517772666e+24,5.985869517772666e+24,0.0,1.0679587381981997e+26,1.0679587381981997e+26,1.0108066204549708,1.1194569074153957e+17,0.005412367688799083,4.252896581205379e-07,3.9701993724122755e-07,3.9701993724122755e-07,0.004595871073553259,0.004595871073553259,3.775622032567149e+20,8.69135006335334e-06,8.917422879351825e-19,1.625942817432566e-24,1.625942817432566e-23,2.2845010932250072e-26,1.7995675661038836e+19,35000000000000.0,35000000000000.0,0.0,0.008217036320371051,0.0009555091240714923,1.6178600111936947e-05,5.492920534487711e-06,1.6178600111936947e-05,5.492920534487711e-06,1.910946201373713e-29,5.68119136638575e+18,6.103635168135096e+18,0.001353581446258418,1.0676217918667177e-21,-148492.69494327236,2.0043539098477422e+21,0.0,0.0,0.0,0.0,0.0,0.3333333333333333,0.3333333333333333,2.0,7.498646671560408e-30,4.074114265943587e-23,0.0,8.91742287927684e-19,,0.0,0.0,0.0,0.0,0.0,7.498646671560408e-30,8.91742287927684e-19,4.568712643848196e-05,17.0,1.5159618894898104e-17,2.284501093225007e-32,1.6259427945875551e-24,,,2.284501093225007e-32,1.6259427945875551e-24,10.0,,9.536544540177922e-08,3.4095948968030423,34002405675471.355,5.61540936829296e-06,0.0009498937147031993,5.61540936829296e-06,0.0009498937147031993,0.008217036320371051,0.0009555091240714923,False,False,1.0,1.4560374299436893,8.402838231003294e-09,0.2168735533578163,0.6797899002977033,1.0,1.3146901151101509,2.788634524011802e-07,0.16323151251755041,0.7573273444187191,0.19190651272067244,0.16248308594983737,0.007067554088153462,0.004289675854550324,True,AP3.4,130.0,8.3,7.498198192099515e+19,$(U_{0.8}Pu_{0.2})N$
K0_G3_Kd3p2e5_AP3p4,rizk2025_refit_plot,rizk2025_refit_full,975.0,1.3,35000000000000.0,1.4910374417979192e+23,7.468867268407594e+25,2.5976943621715057e+25,4.017872810267517e+23,1.098879295207531e+19,1.6142310058259643,46.86502896672961,0.7079161962989499,0.4737893227381784,1.1817055190371284,0.050930342274509266,1.2326358613116377,8698465864001.398,2.1746164660003494e+18,57.39294183594147,0.06613642251311307,88931425386.0362,38680714.54406191,2299.1153714270918,1376094437.3503613,1375267847.0353615,138223109.93360132,47370076.34362119,1.0006010395115261,2.9179414643737287,0.13961564136021906,69.93591607301842,24.32392066527018,5.600547620351194,5.600547620351194,0.0,5.981153769849191e+24,5.981153769849191e+24,0.0,1.0679587381981997e+26,1.0679587381981999e+26,1.011945414088663,1.117947349782828e+17,0.005408871612677113,4.2303309943346383e-07,4.6081232221979246e-07,4.6081232221979246e-07,0.005073937376315546,0.005073937376315546,4.316871150297263e+20,9.257327098086923e-06,8.91742287963739e-19,2.5973524524958523e-24,2.5973524524958523e-23,1.3186026336093777e-25,1.7995675661038836e+19,35000000000000.0,35000000000000.0,0.0,0.008210604804571087,0.0009547864634340777,1.617334782169819e-05,5.465817448994869e-06,1.617334782169819e-05,5.465817448994869e-06,2.2229110287933116e-29,5.867840198466466e+18,7.263834453507522e+18,0.003250910559165208,1.0682121289704855e-21,-148565.54182952188,2.003302159682227e+21,0.0,0.0,0.0,0.0,0.0,0.3333333333333333,0.3333333333333333,2.0,3.605513394506346e-29,1.6237393506057197e-22,0.0,8.91742287927684e-19,,0.0,0.0,0.0,0.0,0.0,3.605513394506346e-29,8.91742287927684e-19,0.00018208616688050863,17.0,1.5159618895383565e-17,1.3186026336093777e-31,2.597352320635589e-24,,,1.3186026336093777e-31,2.597352320635589e-24,10.0,,9.536544540177922e-08,3.4095948968030423,33970049482236.785,5.796653702934093e-06,0.0009489898097311436,5.796653702934093e-06,0.0009489898097311436,0.008210604804571087,0.0009547864634340777,False,False,1.0,1.4562943033029263,8.40787243105785e-09,0.21696354068469778,0.6796612706565629,1.0,1.3280901892311971,2.7903170474831546e-07,0.16870340338450626,0.7493456150665738,0.19201151879487463,0.1679558324390369,0.0070791619629894985,0.004737893227381784,True,AP3.4,130.0,8.3,7.498198192099515e+19,$(U_{0.8}Pu_{0.2})N$
K0_G3_Kd3p2e5_AP3p4,rizk2025_refit_plot,rizk2025_refit_full,1000.0,1.3,35000000000000.0,1.4900555401423688e+23,7.460554151517201e+25,2.606483699312189e+25,4.010742233726263e+23,1.09668950669733e+19,1.6160864680800302,48.470782558955484,0.709099439312071,0.5231333311421399,1.2322327704542109,0.0510082173358109,1.283240987790022,8697241618329.68,2.17431040458242e+18,57.42487334370078,0.06620071657961114,39659986656.21894,38659205.85863204,1025.8872570028088,1374260912.857688,1373688873.6141956,119325308.77787894,45800787.253636606,1.0004164256219004,2.6053113043030596,0.13952369945081466,69.85807489252096,24.406221009153434,5.5961803988747905,5.5961803988747905,0.0,5.976489757511819e+24,5.976489757511819e+24,0.0,1.0679587381981997e+26,1.0679587381981995e+26,1.0132012479536547,1.1164761753542491e+17,0.0054052698003269955,4.207665597719434e-07,5.291280702732742e-07,5.291280702732742e-07,0.0056003613887941756,0.0056003613887941756,4.9039797811126475e+20,9.870601903965023e-06,8.917422880879538e-19,4.0377712245259814e-24,4.0377712245259814e-23,6.972208708889678e-25,1.7995675661038836e+19,35000000000000.0,35000000000000.0,0.0,0.008204366300005596,0.0009540457189641642,1.6168079120829644e-05,5.43958770481886e-06,1.6168079120829644e-05,5.43958770481886e-06,2.557941805586027e-29,6.056452542866277e+18,8.507278762892802e+18,0.007474843992290124,1.0699937433974981e-21,-148759.7472707947,2.002276444560488e+21,0.0,0.0,0.0,0.0,0.0,0.3333333333333333,0.3333333333333333,2.0,1.6026995865756309e-28,5.104196168274582e-22,0.0,8.91742287927684e-19,,0.0,0.0,0.0,0.0,0.0,1.6026995865756309e-28,8.91742287927684e-19,0.0005723846717215622,17.0,1.5159618897495216e-17,6.972208708889678e-31,4.0377705273051104e-24,,,6.972208708889678e-31,4.0377705273051104e-24,10.0,,9.536544540177922e-08,3.4095948968030423,33936883761802.934,5.9824291150269614e-06,0.0009480632898491372,5.9824291150269614e-06,0.0009480632898491372,0.008204366300005596,0.0009540457189641642,False,False,1.0,1.4565572129296027,8.412853030967741e-09,0.21705561708244367,0.6795296603124694,1.0,1.3421284319018898,2.7921727404740933e-07,0.17434179382217432,0.7411368740021509,0.19211843814710622,0.17359510062196368,0.00709099439312071,0.005231333311421399,True,AP3.4,130.0,8.3,7.498198192099515e+19,$(U_{0.8}Pu_{0.2})N$
K0_G3_Kd3p2e5_AP3p4,rizk2025_refit_plot,rizk2025_refit_full,1025.0,1.3,35000000000000.0,1.4890977303305036e+23,7.452662083643196e+25,2.6148428345677686e+25,4.003757110771867e+23,1.0943116880936073e+19,1.6179522042528343,50.10957624369391,0.7103189423970515,0.5767556232123118,1.2870745656093634,0.0512203619274578,1.3382949275368212,8693953252911.583,2.1734883132278958e+18,57.511622937252646,0.06637577581246269,18408868963.987797,38600892.94336388,476.9026714225941,1372512025.0585585,1372104808.884135,104386388.29868798,44302909.07278184,1.0002967821202775,2.3561971546202445,0.13943401341917255,69.78417627086333,24.484493089867733,5.591896625849764,5.591896625849764,0.0,5.971914864677285e+24,5.971914864677285e+24,0.0,1.0679587381981997e+26,1.0679587381981997e+26,1.0145685175539985,1.115042051957414e+17,0.005401550421668321,4.1851218852467476e-07,6.012853940719101e-07,6.012853940719101e-07,0.006172710303320157,0.006172710303320157,5.53274336922552e+20,1.0532139895562835e-05,8.917422885901033e-19,6.1223709373710644e-24,6.122370937371064e-23,3.398959714178951e-24,1.7995675661038836e+19,35000000000000.0,35000000000000.0,0.0,0.008198442110804343,0.000953296163268569,1.61627843118996e-05,5.414499314815216e-06,1.61627843118996e-05,5.414499314815216e-06,2.9127465025634406e-29,6.245115030677935e+18,9.820276575363353e+18,0.016511405902840882,1.0742191960729632e-21,-149202.34665858882,2.0012761744227382e+21,0.0,0.0,0.0,0.0,0.0,0.3333333333333333,0.3333333333333333,2.0,6.624193185834588e-28,1.30323517274453e-21,0.0,8.91742287927684e-19,,0.0,0.0,0.0,0.0,0.0,6.624193185834588e-28,8.91742287927684e-19,0.0014614482114614314,17.0,1.5159618906031757e-17,3.398959714178951e-30,6.1223675384113506e-24,,,3.398959714178951e-30,6.1223675384113506e-24,10.0,,9.536544540177922e-08,3.4095948968030423,33903323684640.33,6.170409678974766e-06,0.0009471257535895942,6.170409678974766e-06,0.0009471257535895942,0.008198442110804343,0.000953296163268569,False,False,1.0,1.4568300138392511,8.41774350801711e-09,0.21715113031186808,0.6793931433313479,1.0,1.3566607634437018,2.7941933862236035e-07,0.18008034049398622,0.7327993955500284,0.19222850961418275,0.1793345411072166,0.007103189423970515,0.005767556232123118,True,AP3.4,130.0,8.3,7.498198192099515e+19,$(U_{0.8}Pu_{0.2})N$
K0_G3_Kd3p2e5_AP3p4,rizk2025_refit_plot,rizk2025_refit_full,1050.0,1.3,35000000000000.0,1.488162626537897e+23,7.445262106571933e+25,2.6226979906595295e+25,3.996953820475822e+23,1.091759553596311e+19,1.6198297756234596,51.7653785027339,0.7115835070557198,0.6343570807803993,1.3459405878361193,0.051698889750429446,1.3976394775865486,8686623407264.408,2.1716558518161021e+18,57.70639135665928,0.06676977156633976,8868101752.925858,38470608.67624005,230.51628393919623,1370812222.1300738,1370514379.6023505,92411768.80904715,42885806.38665193,1.0002173217093933,2.1548334191475065,0.13934645350143787,69.71488541901125,24.558046082233467,5.587722045253847,5.587722045253847,0.0,5.967456584851563e+24,5.967456584851563e+24,0.0,1.0679587381981997e+26,1.0679587381981997e+26,1.0160402156865391,1.1136428295145061e+17,0.00539771134204084,4.1628570039643603e-07,6.765265703367466e-07,6.765265703367466e-07,0.006787992317851769,0.006787992317851769,6.198395740514031e+20,1.1242824240473857e-05,8.917422904866655e-19,9.072820167908718e-24,9.072820167908718e-23,1.5366002896313798e-23,1.7995675661038836e+19,35000000000000.0,35000000000000.0,0.0,0.008192914543844049,0.000952545816197818,1.615745900221393e-05,5.390716791105327e-06,1.615745900221393e-05,5.390716791105327e-06,3.2836245984903783e-29,6.432319177865544e+18,1.1187663496444142e+19,0.03515854138150088,1.0832883713236304e-21,-150136.05108093724,2.0003001103598915e+21,0.0,0.0,0.0,0.0,0.0,0.3333333333333333,0.3333333333333333,2.0,2.558981501392922e-27,2.7724222720096643e-21,0.0,8.91742287927684e-19,,0.0,0.0,0.0,0.0,0.0,2.558981501392922e-27,8.91742287927684e-19,0.003108994943479269,17.0,1.5159618938273313e-17,1.5366002896313797e-29,9.072804801905822e-24,,,1.5366002896313797e-29,9.072804801905822e-24,10.0,,9.536544540177922e-08,3.4095948968030423,33869728289395.62,6.3585840378249245e-06,0.0009461872321599931,6.3585840378249245e-06,0.0009461872321599931,0.008192914543844049,0.000952545816197818,False,False,1.0,1.4571151715116597,8.42251763265206e-09,0.21725094019245425,0.6792504915003574,1.0,1.3715546651224475,2.7963686957401163e-07,0.18586116749626722,0.724418477557888,0.19234251533495839,0.1851162727342928,0.007115835070557198,0.006343570807803994,True,AP3.4,130.0,8.3,7.498198192099515e+19,$(U_{0.8}Pu_{0.2})N$
K0_G3_Kd3p2e5_AP3p4,rizk2025_refit_plot,rizk2025_refit_full,1075.0,1.3,35000000000000.0,1.4872484469679775e+23,7.438392547271501e+25,2.6300090182351254e+25,3.99035561356232e+23,1.0890487248937669e+19,1.621719613511645,53.4244701283596,0.7128981996168255,0.6955952225680446,1.4084934221848702,0.05268806294827759,1.4611814851331477,8671698276880.922,2.1679245692202304e+18,58.105405148749625,0.06758001581936396,4422073124.245745,38206428.37472363,115.74159931607929,1369140915.9212496,1368917278.6119597,82692492.63133538,41553991.91917386,1.0001633680228776,1.9900011722623303,0.13926085285627982,69.65056121757233,24.626504041460716,5.5836738881106776,5.5836738881106776,0.0,5.963133320056915e+24,5.963133320056915e+24,0.0,1.0679587381981997e+26,1.0679587381981997e+26,1.0176082093215957,1.112275777098826e+17,0.0053937566214655955,4.1409782815570715e-07,7.540363310110251e-07,7.540363310110251e-07,0.007442771320096359,0.007442771320096359,6.895731043833562e+20,1.2002506445708383e-05,8.917422972109765e-19,1.3164266191182678e-23,1.3164266191182677e-22,6.475908336901747e-23,1.7995675661038836e+19,35000000000000.0,35000000000000.0,0.0,0.008187834187179851,0.0009518014272478443,1.6152102020896875e-05,5.368323819896496e-06,1.6152102020896875e-05,5.368323819896496e-06,3.666561911848576e-29,6.617224503530943e+18,1.2593249080833098e+19,0.0724245810930852,1.101639249095038e-21,-152004.57591251214,1.999346542064431e+21,0.0,0.0,0.0,0.0,0.0,0.3333333333333333,0.3333333333333333,2.0,9.283292620781236e-27,5.0239680634734576e-21,0.0,8.91742287927684e-19,,0.0,0.0,0.0,0.0,0.0,9.283292620781236e-27,8.91742287927684e-19,0.005633878845027849,17.0,1.51596190525866e-17,6.475908336901747e-29,1.3164201432099309e-23,,,6.475908336901747e-29,1.3164201432099309e-23,10.0,,9.536544540177922e-08,3.4095948968030423,33836399615185.367,6.5452602654371105e-06,0.0009452561669824072,6.5452602654371105e-06,0.0009452561669824072,0.008187834187179851,0.0009518014272478443,False,False,1.0,1.4574141038871016,8.427158202884828e-09,0.21735553886390355,0.6791010023267259,1.0,1.386690640658912,2.798686715001344e-07,0.19163501792774365,0.716066273400438,0.19246089717850426,0.19089103390253842,0.007128981996168255,0.006955952225680446,True,AP3.4,130.0,8.3,7.498198192099515e+19,$(U_{0.8}Pu_{0.2})N$
K0_G3_Kd3p2e5_AP3p4,rizk2025_refit_plot,rizk2025_refit_full,1100.0,1.3,35000000000000.0,1.4863531771421167e+23,7.43206706792696e+25,2.636761204736262e+25,3.983975141048245e+23,1.0861961971308593e+19,1.623621475390075,55.07533730648774,0.7142653629232095,0.7600958899779239,1.4743612529011334,0.05462552516424535,1.5289867780653787,8643016763529.304,2.1607541908823258e+18,58.87405272872344,0.06915033419766646,2277059813.5690265,37707613.06732512,60.3872700587928,1367486038.5738242,1367313769.6498165,74714573.9443465,40308423.12677928,1.0001259907768294,1.8535722349979296,0.13917702285481634,69.59133159457011,24.689729204190584,5.579762178384492,5.579762178384492,0.0,5.958955775473539e+24,5.958955775473539e+24,0.0,1.0679587381981997e+26,1.0679587381981997e+26,1.0192635163265624,1.1109378346854981e+17,0.005389694033298778,4.119556412324396e-07,8.329623655225475e-07,8.329623655225475e-07,0.008133280073633248,0.008133280073633248,7.619231613494858e+20,1.2810404964386465e-05,8.91742319689036e-19,1.8732291689893137e-23,1.8732291689893138e-22,2.556484784617257e-22,1.7995675661038836e+19,35000000000000.0,35000000000000.0,0.0,0.008183227097903215,0.0009510685411128847,1.614671411651373e-05,5.347344251389299e-06,1.614671411651373e-05,5.347344251389299e-06,4.057336086840681e-29,6.799596693410379e+18,1.4020281039956113e+19,0.14490403580703595,1.1372180996983275e-21,-155579.10841272768,1.998413479076713e+21,0.0,0.0,0.0,0.0,0.0,0.3333333333333333,0.3333333333333333,2.0,3.1761352235744896e-26,7.906038402206534e-21,0.0,8.91742287927684e-19,,0.0,0.0,0.0,0.0,0.0,3.1761352235744896e-26,8.91742287927684e-19,0.00886583290671176,17.0,1.5159619434713612e-17,2.556484784617257e-28,1.8732036041414675e-23,,,2.556484784617257e-28,1.8732036041414675e-23,10.0,,9.536544540177922e-08,3.4095948968030423,33803585395434.95,6.7290508011414285e-06,0.0009443394903117432,6.7290508011414285e-06,0.0009443394903117432,0.008183227097903215,0.0009510685411128847,False,False,1.0,1.457727459869435,8.431655373663373e-09,0.2174651486809024,0.6789443590345722,1.0,1.4019625629456887,2.801134231993512e-07,0.1973608544319931,0.7078024499537864,0.1925838494935998,0.19661778295847163,0.007142653629232095,0.007600958899779239,True,AP3.4,130.0,8.3,7.498198192099515e+19,$(U_{0.8}Pu_{0.2})N$
K0_G3_Kd3p2e5_AP3p4,rizk2025_refit_plot,rizk2025_refit_full,1125.0,1.3,35000000000000.0,1.4854746914066636e+23,7.426281552320548e+25,2.6429582315125955e+25,3.977816907961369e+23,1.0832198054837176e+19,1.625534735395626,56.708497353021876,0.7156854059731396,0.8274649753349416,1.5431503813080811,0.05827229944183526,1.6014226807499163,8590418926496.484,2.147604731624121e+18,60.278593925714844,0.07204795080901415,1208214566.8587825,36828994.4310222,32.80606993279909,1365840484.9463527,1365704436.614018,68099373.51409365,39147572.297323465,1.0000996176981545,1.7395554696695619,0.13909476445811694,69.53715800715068,24.747756041320912,5.575991187070311,5.575991187070311,0.0,5.954928512347892e+24,5.954928512347892e+24,0.0,1.0679587381981997e+26,1.0679587381981999e+26,1.020996586468764,1.1096258131097659e+17,0.005385533330626302,4.098636086606038e-07,9.1243742364783e-07,9.1243742364783e-07,0.00885553436681894,0.00885553436681894,8.363203579930494e+20,1.3665099599994832e-05,8.917423908131057e-19,2.617975259794079e-23,2.617975259794079e-22,9.494708146321283e-22,1.7995675661038836e+19,35000000000000.0,35000000000000.0,0.0,0.00817910119387931,0.0009503516115419963,1.614129712647544e-05,5.327759605035868e-06,1.614129712647544e-05,5.327759605035868e-06,4.451629957196197e-29,6.97960121722158e+18,1.5451916749437118e+19,0.28292720121335035,1.2038264483206892e-21,-162120.53568806572,1.9974988142170624e+21,0.0,0.0,0.0,0.0,0.0,0.3333333333333333,0.3333333333333333,2.0,1.028854216590493e-25,1.098777627543975e-20,0.0,8.91742287927684e-19,,0.0,0.0,0.0,0.0,0.0,1.028854216590493e-25,8.91742287927684e-19,0.012321693337266282,17.0,1.5159620643822797e-17,9.494708146321284e-28,2.617880312712616e-23,,,9.494708146321284e-28,2.617880312712616e-23,10.0,,9.536544540177922e-08,3.4095948968030423,33771483467193.82,6.908847851392387e-06,0.0009434427636906039,6.908847851392387e-06,0.0009434427636906039,0.00817910119387931,0.0009503516115419963,False,False,1.0,1.4580553395816231,8.436005009816073e-09,0.2175797996139372,0.6787805198751314,1.0,1.4172774614625199,2.8036971902632176e-07,0.2030052055876964,0.6996752269023019,0.19271139141107804,0.20226304450989882,0.007156854059731396,0.008274649753349416,True,AP3.4,130.0,8.3,7.498198192099515e+19,$(U_{0.8}Pu_{0.2})N$
K0_G3_Kd3p2e5_AP3p4,rizk2025_refit_plot,rizk2025_refit_full,1150.0,1.3,35000000000000.0,1.4846108046327316e+23,7.421019561168136e+25,2.648616570453277e+25,3.971879326084412e+23,1.0801376765986025e+19,1.6274585756309854,58.31631494310959,0.7171573997177847,0.8973005679291518,1.6144579676469366,0.0649128009951544,1.6793707686420911,8498500283548.782,2.1246250708871956e+18,62.71092323828438,0.07714534852338324,659421447.6964847,35400531.28487053,18.6274449496273,1364200090.0143392,1364090019.396825,62563678.942876056,38068249.03400907,1.0000806916082876,1.6434609032578167,0.13901387305819363,69.48788652348559,24.800738789982418,5.572360813473791,5.572360813473791,0.0,5.951051423142564e+24,5.951051423142564e+24,0.0,1.0679587381981997e+26,1.0679587381981997e+26,1.022797597522152,1.108336519691731e+17,0.005381285016892868,4.0782437090664356e-07,9.916024857638551e-07,9.916024857638551e-07,0.00960545305539218,0.00960545305539218,9.121922223804997e+20,1.4564548465432802e-05,8.917426046035813e-19,3.5983582073279434e-23,3.5983582073279434e-22,3.330768464716398e-21,1.7995675661038836e+19,35000000000000.0,35000000000000.0,0.0,0.00817545162008658,0.0009496541510642833,1.613585343009911e-05,5.30952264763667e-06,1.613585343009911e-05,5.30952264763667e-06,4.8451500903432e-29,7.15759908994296e+18,1.6871692463172878e+19,0.5421885506190507,1.3247381646089112e-21,-173531.86859790326,1.9966004536717429e+21,0.0,0.0,0.0,0.0,0.0,0.3333333333333333,0.3333333333333333,2.0,3.1667589742037936e-25,1.3686836891524853e-20,0.0,8.91742287927684e-19,,0.0,0.0,0.0,0.0,0.0,3.1667589742037936e-25,8.91742287927684e-19,0.015348416483486569,17.0,1.515962427826088e-17,3.330768464716398e-27,3.5980251304814716e-23,,,3.330768464716398e-27,3.5980251304814716e-23,10.0,,9.536544540177922e-08,3.4095948968030423,33740246612220.773,7.083796584350988e-06,0.0009425703544799324,7.083796584350988e-06,0.0009425703544799324,0.00817545162008658,0.0009496541510642833,False,False,1.0,1.458397461728896,8.440207295401579e-09,0.21769938805631722,0.6786096340291098,1.0,1.4325551714913398,2.806361125120391e-07,0.2085414659015959,0.6917224876719517,0.19284342135133,0.20780020940818647,0.007171573997177847,0.008973005679291518,True,AP3.4,130.0,8.3,7.498198192099515e+19,$(U_{0.8}Pu_{0.2})N$
K0_G3_Kd3p2e5_AP3p4,rizk2025_refit_plot,rizk2025_refit_full,1175.0,1.3,35000000000000.0,1.4837592113146428e+23,7.4162563323364005e+25,2.653761354023184e+25,3.966156168274257e+23,1.0769676242950648e+19,1.6293921257020245,59.89285475033104,0.7186795041561737,0.9692064570213097,1.6878859611774835,0.0766419060717906,1.7645278672492744,8346465907569.982,2.0866164768924954e+18,66.68094309468351,0.08566179173462511,369805890.49063754,33292870.45097299,11.107660153101335,1362562436.739468,1362471295.2651052,57892482.779209025,37066191.10500372,1.0000668942345279,1.5618675955996426,0.1389341327753878,69.44328527943593,24.84891278197191,5.568867805816782,5.568867805816782,0.0,5.947321035092668e+24,5.947321035092668e+24,0.0,1.0679587381981997e+26,1.0679587381981997e+26,1.0246567919154976,1.1070667919281342e+17,0.005376959370808664,4.058392178136779e-07,1.0696306391676898e-06,1.0696306391676898e-06,0.010378994835272813,0.010378994835272813,9.889792481651904e+20,1.550634315243814e-05,8.917432171060875e-19,4.870212253929045e-23,4.870212253929045e-22,1.1076769180051558e-20,1.7995675661038836e+19,35000000000000.0,35000000000000.0,0.0,0.008172265231961375,0.0009489789341349819,1.6130385550694157e-05,5.292567231719402e-06,1.6130385550694157e-05,5.292567231719402e-06,5.233748788032519e-29,7.334005367589107e+18,1.8263983721643639e+19,1.0263951662351096,1.5381272672035573e-21,-192362.20786210452,1.9957164344689012e+21,0.0,0.0,0.0,0.0,0.0,0.3333333333333333,0.3333333333333333,2.0,9.291784035179553e-25,1.5479505732971513e-20,0.0,8.91742287927684e-19,,0.0,0.0,0.0,0.0,0.0,9.291784035179553e-25,8.91742287927684e-19,0.017358703084062788,17.0,1.5159634690803488e-17,1.1076769180051557e-26,4.86910457701104e-23,,,1.1076769180051557e-26,4.86910457701104e-23,10.0,,9.536544540177922e-08,3.4095948968030423,33709986856004.246,7.253271904973593e-06,0.0009417256622300083,7.253271904973593e-06,0.0009417256622300083,0.008172265231961375,0.0009489789341349819,False,False,1.0,1.4587532834563721,8.444265745372024e-09,0.21782371894515923,0.6784319813697752,1.0,1.4477282276802985,2.8091116602783227e-07,0.21394931178231422,0.6839727231747816,0.1929797560944521,0.2132089507672628,0.007186795041561737,0.009692064570213097,True,AP3.4,130.0,8.3,7.498198192099515e+19,$(U_{0.8}Pu_{0.2})N$
K0_G3_Kd3p2e5_AP3p4,rizk2025_refit_plot,rizk2025_refit_full,1200.0,1.3,35000000000000.0,1.4829172108668604e+23,7.41196135152719e+25,2.6584236925227986e+25,3.9606372020523925e+23,1.0737264008601537e+19,1.6313345958311587,61.43381898908059,0.7202492437625938,1.0428090278218194,1.7630582715844132,0.0967179631614577,1.859776234745871,8110657568463.311,2.0276643921158275e+18,72.74964322888111,0.09908293545893407,213165567.96435678,30515613.568241876,6.985459017157101,1360926107.8764637,1360848967.2646947,53920030.40891882,36136447.91307193,1.0000566856525777,1.4921231477600179,0.13885529073611547,69.4030685495606,24.892569323492243,5.565506836211042,5.565506836211042,0.0,5.943731658233398e+24,5.943731658233398e+24,0.0,1.0679587381981997e+26,1.0679587381981997e+26,1.0265649081643262,1.1058133946985198e+17,0.005372565402401721,4.039082597674996e-07,1.145751446567386e-06,1.145751446567386e-06,0.011172334397699123,0.011172334397699123,1.0661537041183779e+21,1.648804924485311e-05,8.917448947096045e-19,6.498475563709372e-23,6.498475563709372e-22,3.503783313863259e-20,1.7995675661038836e+19,35000000000000.0,35000000000000.0,0.0,0.00816952471705685,0.0009483283235486257,1.6124895777982308e-05,5.27681473634442e-06,1.6124895777982308e-05,5.27681473634442e-06,5.613548674030607e-29,7.509212342822168e+18,1.9614452411546882e+19,1.931347586729029,1.9050285758223083e-21,-221424.78187539795,1.994845069906161e+21,0.0,0.0,0.0,0.0,0.0,0.3333333333333333,0.3333333333333333,2.0,2.6067819204802983e-24,1.6077228463606983e-20,0.0,8.91742287927684e-19,,0.0,0.0,0.0,0.0,0.0,2.6067819204802983e-24,8.91742287927684e-19,0.018028954871496642,17.0,1.5159663210063277e-17,3.503783313863259e-26,6.494971780395508e-23,,,3.503783313863259e-26,6.494971780395508e-23,10.0,,9.536544540177922e-08,3.4095948968030423,33680778285258.13,7.416864858537025e-06,0.0009409114586900887,7.416864858537025e-06,0.0009409114586900887,0.00816952471705685,0.0009483283235486257,False,False,1.0,1.4591220759064993,8.448186785120841e-09,0.2179525323420775,0.678247934444157,1.0,1.4627424702067167,2.811935145414996e-07,0.2192144000433932,0.6764455688008435,0.1931201560363525,0.21847492256861742,0.007202492437625938,0.010428090278218194,True,AP3.4,130.0,8.3,7.498198192099515e+19,$(U_{0.8}Pu_{0.2})N$
K0_G3_Kd3p2e5_AP3p4,rizk2025_refit_plot,rizk2025_refit_full,1225.0,1.3,35000000000000.0,1.4820809851429206e+23,7.408099412911405e+25,2.6626395080740953e+25,3.955307572336029e+23,1.0704286301800122e+19,1.6332854662622243,62.93663736366182,0.7218636325084099,1.1177815364858055,1.8396451689942153,0.12984638509354168,1.969491554087757,7771170508783.135,1.9427926271957837e+18,81.40698135100895,0.11887507474836327,126606796.27787426,27270388.401061695,4.642647343920675,1359290142.3187609,1359223507.3764985,50516267.780404426,35273571.84929262,1.0000490242715057,1.4321279397571836,0.13877698942221353,69.36690667852895,24.932044776995333,5.562271555053501,5.562271555053501,0.0,5.940276511450675e+24,5.940276511450675e+24,0.0,1.0679587381981997e+26,1.0679587381981997e+26,1.0285138130774372,1.1045726671324667e+17,0.005368109208242994,4.020302307531423e-07,1.2192752956720088e-06,1.2192752956720088e-06,0.011982121950579667,0.011982121950579667,1.1432435171098399e+21,1.7507564026325547e-05,8.917492996442252e-19,8.558853045768944e-23,8.558853045768945e-22,1.057421518979397e-19,1.7995675661038836e+19,35000000000000.0,35000000000000.0,0.0,0.008167213469909961,0.0009477048944793022,1.6119385633485945e-05,5.2621773161563145e-06,1.6119385633485945e-05,5.2621773161563145e-06,5.981067712950785e-29,7.683558488641008e+18,2.0910468968462516e+19,3.627315593025511,2.520732756344448e-21,-262857.1102555763,1.9939852036580668e+21,0.0,0.0,0.0,0.0,0.0,0.3333333333333333,0.3333333333333333,2.0,7.011716541319382e-24,1.5488742654515037e-20,0.0,8.91742287927684e-19,,0.0,0.0,0.0,0.0,0.0,7.011716541319382e-24,8.91742287927684e-19,0.017368942886408174,17.0,1.5159738093951828e-17,1.057421518979397e-25,8.54827883057915e-23,,,1.057421518979397e-25,8.54827883057915e-23,10.0,,9.536544540177922e-08,3.4095948968030423,33652657191348.99,7.574387119646084e-06,0.0009401305073596561,7.574387119646084e-06,0.0009401305073596561,0.008167213469909961,0.0009477048944793022,False,False,1.0,1.45950295341411,8.451980213213147e-09,0.21808551378349653,0.6780579436518608,1.0,1.4775590753456653,2.8148195919083934e-07,0.22432857439925838,0.6691516165173764,0.19326433684650257,0.22358996633213044,0.007218636325084099,0.011177815364858054,True,AP3.4,130.0,8.3,7.498198192099515e+19,$(U_{0.8}Pu_{0.2})N$
K0_G3_Kd3p2e5_AP3p4,rizk2025_refit_plot,rizk2025_refit_full,1250.0,1.3,35000000000000.0,1.481243920641809e+23,7.404629827197005e+25,2.6664502009245385e+25,3.950145020492261e+23,1.0670851089827992e+19,1.6352448439069631,64.40081492899118,0.7235191236595222,1.1938829708960212,1.9174020945555432,0.182056065844887,2.09945816040043,7321738643952.331,1.8304346609880827e+18,92.94174444763429,0.1459879212307573,77862284.75720811,23885929.978975203,3.2597552126186335,1357653501.2611163,1357594863.1007006,47576764.317473374,34471613.47954663,1.000043192679944,1.3801722494278532,0.13869860956808885,69.33441866574063,24.967726800224735,5.55915592446655,5.55915592446655,0.0,5.936949146540343e+24,5.936949146540343e+24,0.0,1.0679587381981997e+26,1.0679587381981997e+26,1.0304975269933423,1.1033396615824022e+17,0.005363590722675599,4.002017714280831e-07,1.289615563005983e-06,1.289615563005983e-06,0.012805905699542217,0.012805905699542217,1.2198648216835567e+21,1.856370143606543e-05,8.917604161498658e-19,1.114133094756206e-22,1.114133094756206e-21,3.0533079764031823e-19,1.7995675661038836e+19,35000000000000.0,35000000000000.0,0.0,0.008165323494700057,0.0009471127442120079,1.611385486627692e-05,5.248557849478527e-06,1.611385486627692e-05,5.248557849478527e-06,6.333334595766791e-29,7.857324197270229e+18,2.214146542667776e+19,6.800519394184882,3.52999773894529e-21,-316882.73581838515,1.9931367350162256e+21,0.0,0.0,0.0,0.0,0.0,0.3333333333333333,0.3333333333333333,2.0,1.8128222181985484e-23,1.3964045536228772e-20,0.0,8.91742287927684e-19,,0.0,0.0,0.0,0.0,0.0,1.8128222181985484e-23,8.91742287927684e-19,0.015658965438853957,17.0,1.515992707454772e-17,3.0533079764031822e-25,1.111079786779803e-22,,,3.0533079764031822e-25,1.111079786779803e-22,10.0,,9.536544540177922e-08,3.4095948968030423,33625617793220.195,7.725907206738244e-06,0.0009393868370052697,7.725907206738244e-06,0.0009393868370052697,0.008165323494700057,0.0009471127442120079,False,False,1.0,1.4598948447205566,8.455661210425794e-09,0.21822228438471705,0.6778625513502486,1.0,1.492159165919028,2.817756192078215e-07,0.2292909257885442,0.6620910195615002,0.19341196543435382,0.22855317172210435,0.007235191236595222,0.011938829708960211,True,AP3.4,130.0,8.3,7.498198192099515e+19,$(U_{0.8}Pu_{0.2})N$
K0_G3_Kd3p2e5_AP3p4,rizk2025_refit_plot,rizk2025_refit_full,1275.0,1.3,35000000000000.0,1.4803929287899207e+23,7.401502977653146e+25,2.669905890372252e+25,3.945113083135215e+23,1.0636999531753298e+19,1.6372142000105285,65.82870043564603,0.7252113190658235,1.2710235398834415,1.9962348589492651,0.2596469090753374,2.2558817680246026,6778584210390.109,1.6946460525975273e+18,107.34007546491735,0.18027846487851545,49927500.50043161,20681930.68045287,2.414063815986949,1356014310.7679493,1355961852.7531242,45014766.74015031,33723892.2431754,1.000038686939989,1.3348034211341606,0.13861892560451886,69.30513991711466,25.00008469312932,5.556156464151503,5.556156464151503,0.0,5.933745846687009e+24,5.933745846687009e+24,0.0,1.0679587381981997e+26,1.0679587381981999e+26,1.0325139651412902,1.1021062349401352e+17,0.005358996900607602,3.984158993159007e-07,1.3563014291642643e-06,1.3563014291642643e-06,0.013642850888696692,0.013642850888696692,1.295767541018801e+21,1.965727811924623e-05,8.917874431930528e-19,1.435821826587309e-22,1.4358218265873088e-21,8.457331924393166e-19,1.7995675661038836e+19,35000000000000.0,35000000000000.0,0.0,0.00816387095236993,0.00094656030393153,1.610829937812695e-05,5.235846071837026e-06,1.610829937812695e-05,5.235846071837026e-06,6.667960100483738e-29,8.030741842440653e+18,2.3299080554531426e+19,12.659922962671198,5.142461345503616e-21,-381119.35323397425,1.9923017366459552e+21,0.0,0.0,0.0,0.0,0.0,0.3333333333333333,0.3333333333333333,2.0,4.5155265368944576e-23,1.1873807076397107e-20,0.0,8.91742287927684e-19,,0.0,0.0,0.0,0.0,0.0,4.5155265368944576e-23,8.91742287927684e-19,0.01331461568227832,17.0,1.5160386534281898e-17,8.457331924393166e-25,1.4273644946629156e-22,,,8.457331924393166e-25,1.4273644946629156e-22,10.0,,9.536544540177922e-08,3.4095948968030423,33599600981943.418,7.871840808150561e-06,0.0009386884631233795,7.871840808150561e-06,0.0009386884631233795,0.00816387095236993,0.00094656030393153,False,False,1.0,1.4602963786104046,8.459255240621751e-09,0.21836236112870303,0.6776624485430833,1.0,1.506552820144556,2.8207419017348605e-07,0.23411023183487423,0.6552501622949051,0.193562634573322,0.23337331645177392,0.007252113190658235,0.012710235398834415,True,AP3.4,130.0,8.3,7.498198192099515e+19,$(U_{0.8}Pu_{0.2})N$
K0_G3_Kd3p2e5_AP3p4,rizk2025_refit_plot,rizk2025_refit_full,1300.0,1.3,35000000000000.0,1.4795006931832852e+23,7.398652714042711e+25,2.673072622756938e+25,3.9401466896831166e+23,1.0602658094199955e+19,1.6391979032337607,67.22689877649674,0.7269343139141323,1.3493748095954474,2.0763091235095796,0.3667852321785362,2.4430943556881157,6182192244570.767,1.5455480611426916e+18,124.19485963889075,0.22010545750911123,33645648.53144578,17875135.947291836,1.88225972829836,1354368509.6612394,1354320912.4538596,42754437.94340916,33022496.060403377,1.0000351447038454,1.2947064287691796,0.13853537971695576,69.27845102447782,25.02973689102256,5.553276704782667,5.553276704782667,0.0,5.930670382505153e+24,5.930670382505153e+24,0.0,1.0679587381981997e+26,1.0679587381981997e+26,1.0345678826912064,1.1008570169344158e+17,0.0053542875190990425,3.966591852130839e-07,1.418961602444163e-06,1.418961602444163e-06,0.014494956794891779,0.014494956794891779,1.370896280729526e+21,2.0793308725037036e-05,8.918508847779603e-19,1.836266039909085e-22,1.836266039909085e-21,2.2525702314749626e-18,1.7995675661038836e+19,35000000000000.0,35000000000000.0,0.0,0.008162928594898734,0.0009460663025597989,1.6102706914822557e-05,5.223910073460112e-06,1.6102706914822557e-05,5.223910073460112e-06,6.983068170546668e-29,8.204014171764937e+18,2.437672718231235e+19,23.13703930498932,7.63240211296436e-21,-451217.92163979704,1.991486790000521e+21,0.0,0.0,0.0,0.0,0.0,0.3333333333333333,0.3333333333333333,2.0,1.085968502764781e-22,9.588632660122313e-21,0.0,8.91742287927684e-19,,0.0,0.0,0.0,0.0,0.0,1.085968502764781e-22,8.91742287927684e-19,0.010751385488067937,17.0,1.5161465041225326e-17,2.2525702314749626e-24,1.8137403375943355e-22,,,2.2525702314749626e-24,1.8137403375943355e-22,10.0,,9.536544540177922e-08,3.4095948968030423,33574472785073.086,8.013129972479764e-06,0.0009380531725873191,8.013129972479764e-06,0.0009380531725873191,0.008162928594898734,0.0009460663025597989,False,False,1.0,1.4607056310719726,8.462808440723433e-09,0.21850506898822586,0.6774586003459373,1.0,1.5207950449923051,2.8237838107709013e-07,0.2388094854351628,0.6485954207821553,0.19371580539864466,0.2380733955306223,0.007269343139141323,0.013493748095954473,True,AP3.4,130.0,8.3,7.498198192099515e+19,$(U_{0.8}Pu_{0.2})N$
K0_G3_Kd3p2e5_AP3p4,rizk2025_refit_plot,rizk2025_refit_full,1325.0,1.3,35000000000000.0,1.478509893583763e+23,7.3959821056159035e+25,2.6760457878497975e+25,3.9351235891656184e+23,1.0567562154446197e+19,1.64120633466476,68.60854660574945,0.7286794798966555,1.429545814562894,2.1582252944595495,0.5020566217262242,2.6602819161857734,5588593739836.144,1.3971484349590356e+18,142.61456962764117,0.2623683199549371,24008585.815100227,15566431.997770624,1.5423306907156797,1352707246.045927,1352663557.96358,40724769.49979167,32357484.7424907,1.0000322978186926,1.2585888496553426,0.1384426046345407,69.25344436147404,25.05757659106449,5.5505364428269495,5.5505364428269495,0.0,5.927743895804593e+24,5.927743895804593e+24,0.0,1.0679587381981997e+26,1.0679587381981997e+26,1.0366756108363617,1.0995611964522778e+17,0.0053493663859356015,3.9490698900005306e-07,1.4772300602437032e-06,1.4772300602437032e-06,0.015369013806246681,0.015369013806246681,1.4454569819445563e+21,2.1984256461799705e-05,8.9199495264152e-19,2.3390333353762864e-22,2.3390333353762863e-21,5.78187606487805e-18,1.7995675661038836e+19,35000000000000.0,35000000000000.0,0.0,0.008162693211626089,0.0009456721110752209,1.6097048318531117e-05,5.212582704957385e-06,1.6097048318531117e-05,5.212582704957385e-06,7.276846072893509e-29,8.377339862900756e+18,2.536768920602743e+19,40.79817174680536,1.1285723493370907e-20,-522511.45236010605,1.9907077234087984e+21,0.0,0.0,0.0,0.0,0.0,0.3333333333333333,0.3333333333333333,2.0,2.5266471383605937e-22,7.399034121893715e-21,0.0,8.91742287927684e-19,,0.0,0.0,0.0,0.0,0.0,2.5266471383605937e-22,8.91742287927684e-19,0.008294928239204153,17.0,1.516391419490584e-17,5.78187606487805e-24,2.281214574727506e-22,,,5.78187606487805e-24,2.281214574727506e-22,10.0,,9.536544540177922e-08,3.4095948968030423,33549989848468.344,8.151558111628715e-06,0.0009375205529635922,8.151558111628715e-06,0.0009375205529635922,0.008162693211626089,0.0009456721110752209,False,False,1.0,1.46111964454186,8.466408277727372e-09,0.21864937386480965,0.6772524844964866,1.0,1.5350114067799852,2.8269061766918654e-07,0.24343317688212493,0.6420631246056085,0.19387070066839943,0.2426979042451392,0.0072867947989665545,0.01429545814562894,True,AP3.4,130.0,8.3,7.498198192099515e+19,$(U_{0.8}Pu_{0.2})N$
K0_G3_Kd3p2e5_AP3p4,rizk2025_refit_plot,rizk2025_refit_full,1350.0,1.3,35000000000000.0,1.4773021373450296e+23,7.393339085818715e+25,2.678972739479837e+25,3.929810155342183e+23,1.0531147950569153e+19,1.6432620338959638,69.99637530308172,0.730433434307478,1.512832955655701,2.2432663899631793,0.6557626968148135,2.8990290867779924,5052916267472.922,1.2632290668682304e+18,161.2186863275118,0.3031474508744512,18241681.17717566,13770115.924962476,1.3247296737790804,1351011843.9645872,1350971393.6107101,38854522.034250505,31715928.008950207,1.0000299416805332,1.2250791470861515,0.13832951447519884,69.2286960289528,25.08498356406213,5.547990892509869,5.547990892509869,0.0,5.925025353099943e+24,5.925025353099943e+24,0.0,1.0679587381981997e+26,1.0679587381981995e+26,1.038871833546201,1.0981563225995782e+17,0.005344024745075406,3.9311624371536426e-07,1.5304614430644922e-06,1.5304614430644922e-06,0.01627940185302432,0.01627940185302432,1.519939762776884e+21,2.3255963213832063e-05,8.92312044658399e-19,2.985052251919346e-22,2.985052251919346e-21,1.4331663655150738e-17,1.7995675661038836e+19,35000000000000.0,35000000000000.0,0.0,0.008163622837313768,0.0009454666147634085,1.609126028353523e-05,5.201645092852336e-06,1.609126028353523e-05,5.201645092852336e-06,7.546156461583087e-29,8.550948242549009e+18,2.6259745574700237e+19,67.93351445901254,1.624868893580439e-20,-591233.9785980757,1.9899989246982415e+21,0.0,0.0,0.0,0.0,0.0,0.3333333333333333,0.3333333333333333,2.0,5.697567307150379e-22,5.485421362683377e-21,0.0,8.91742287927684e-19,,0.0,0.0,0.0,0.0,0.0,5.697567307150379e-22,8.91742287927684e-19,0.006147424990529343,17.0,1.5169304759192783e-17,1.433166365515074e-23,2.8417356153678383e-22,,,1.433166365515074e-23,2.8417356153678383e-22,10.0,,9.536544540177922e-08,3.4095948968030423,33525755036843.63,8.290244109181501e-06,0.000937176370654227,8.290244109181501e-06,0.000937176370654227,0.008163622837313768,0.0009454666147634085,False,False,1.0,1.4615335861800367,8.47022284468044e-09,0.21879359024176004,0.6770465087010792,1.0,1.5494331448081728,2.83016049939321e-07,0.2480569726516299,0.6355462942990648,0.19402612698632912,0.24732251769368116,0.0073043343430747795,0.01512832955655701,True,AP3.4,130.0,8.3,7.498198192099515e+19,$(U_{0.8}Pu_{0.2})N$
K0_G3_Kd3p2e5_AP3p4,rizk2025_refit_plot,rizk2025_refit_full,1375.0,1.3,35000000000000.0,1.4756387255835186e+23,7.3904782395653545e+25,2.6820874555405474e+25,3.923762653850438e+23,1.0492440085666271e+19,1.645411458178905,71.42534379993491,0.7321749908153725,1.60148223612341,2.3336572269387825,0.8110097424257369,3.1446669693645193,4613033300227.516,1.1532583250568788e+18,178.38582300305174,0.3388350476081594,14781128.207751803,12444935.155872906,1.1877223965105532,1349244268.5663655,1349206600.5526872,37070524.73187767,31081404.4692358,1.0000279186402312,1.1926914296479063,0.1381737582926784,69.20190804407066,25.114148698905872,5.545769498730814,5.545769498730814,0.0,5.922652996202622e+24,5.922652996202622e+24,0.0,1.0679587381981997e+26,1.0679587381981999e+26,1.041216841768635,1.0965173491977315e+17,0.005337833554796547,3.9121647507564465e-07,1.5770207993405893e-06,1.5770207993405893e-06,0.017251079352142575,0.017251079352142575,1.5949390812569317e+21,2.4655413639371548e-05,8.92989650482899e-19,3.8518830087201347e-22,3.8518830087201345e-21,3.437073971002977e-17,1.7995675661038836e+19,35000000000000.0,35000000000000.0,0.0,0.00816670866342601,0.0009456350300148541,1.6085212397426747e-05,5.1908179344712014e-06,1.6085212397426747e-05,5.1908179344712014e-06,7.783036387884393e-29,8.725146856861094e+18,2.7022235692673196e+19,104.6150628523318,2.2305752251640193e-20,-654368.4579110268,1.9894310765407775e+21,0.0,0.0,0.0,0.0,0.0,0.3333333333333333,0.3333333333333333,2.0,1.2473625552150166e-21,3.926123922383819e-21,0.0,8.91742287927684e-19,,0.0,0.0,0.0,0.0,0.0,1.2473625552150166e-21,8.91742287927684e-19,0.004396606299144343,17.0,1.518082405820928e-17,3.437073971002977e-23,3.508175611619837e-22,,,3.437073971002977e-23,3.508175611619837e-22,10.0,,9.536544540177922e-08,3.4095948968030423,33501186272075.28,8.434299262613162e-06,0.000937200730752241,8.434299262613162e-06,0.000937200730752241,0.00816670866342601,0.0009456350300148541,False,False,1.0,1.4619393786030739,8.474572766279914e-09,0.2189349059029396,0.6768446890704028,1.0,1.564429667284664,2.833636333723943e-07,0.2527956236288601,0.6288840960133325,0.19418020868099015,0.2520619984834234,0.007321749908153725,0.0160148223612341,True,AP3.4,130.0,8.3,7.498198192099515e+19,$(U_{0.8}Pu_{0.2})N$
K0_G3_Kd3p2e5_AP3p4,rizk2025_refit_plot,rizk2025_refit_full,1400.0,1.3,35000000000000.0,1.4730515341093744e+23,7.387005974432952e+25,2.685758309896426e+25,3.916154046987189e+23,1.0450047504185029e+19,1.6477467861293436,72.94077991688933,0.7338711178943829,1.6987054573706737,2.4325765752650566,0.9502351051993605,3.382811680464417,4280788737217.3926,1.0701971843043482e+18,192.8041011934504,0.3673139256936119,12717542.419272376,11514277.892732989,1.10450195294477,1347329575.8455477,1347294389.3369162,35305147.190221556,30435649.33812783,1.0000261164218525,1.1599932302411413,0.13793150254050307,69.16939494212947,25.148521322347033,5.544152232982989,5.544152232982989,0.0,5.920925823115244e+24,5.920925823115244e+24,0.0,1.0679587381981997e+26,1.0679587381981995e+26,1.0437974600798652,1.0943994032469235e+17,0.0053299452348208485,3.8910327206569447e-07,1.6127509708581346e-06,1.6127509708581346e-06,0.01831994094425556,0.01831994094425556,1.6703801111281433e+21,2.6258492147244675e-05,8.943977631537627e-19,5.093242848331348e-22,5.093242848331348e-21,7.989389038480301e-17,1.7995675661038836e+19,35000000000000.0,35000000000000.0,0.0,0.008173998291796061,0.0009465522198187177,1.607864611112087e-05,5.179789432285882e-06,1.607864611112087e-05,5.179789432285882e-06,7.967084232696318e-29,8.900387796707844e+18,2.7578941786397348e+19,147.22063118926187,2.8803383592949295e-20,-709179.8726753268,1.989143881526622e+21,0.0,0.0,0.0,0.0,0.0,0.3333333333333333,0.3333333333333333,2.0,2.6554752260788454e-21,2.7246350804779008e-21,0.0,8.91742287927684e-19,,0.0,0.0,0.0,0.0,0.0,2.6554752260788454e-21,8.91742287927684e-19,0.0030463348553897134,17.0,1.5204761973613966e-17,7.989389038480301e-23,4.2943039444833175e-22,,,7.989389038480301e-23,4.2943039444833175e-22,10.0,,9.536544540177922e-08,3.4095948968030423,33475568096483.297,8.591464463833057e-06,0.0009379607553548847,8.591464463833057e-06,0.0009379607553548847,0.008173998291796061,0.0009465522198187177,False,False,1.0,1.462323625533801,8.480058268608387e-09,0.21906866230432068,0.6766536772615643,1.0,1.5804954186519657,2.837462767457409e-07,0.2577956483180837,0.621872895981544,0.19433003639435972,0.25706287516578247,0.007338711178943829,0.016987054573706736,True,AP3.4,130.0,8.3,7.498198192099515e+19,$(U_{0.8}Pu_{0.2})N$
K0_G3_Kd3p2e5_AP3p4,rizk2025_refit_plot,rizk2025_refit_full,1425.0,1.3,35000000000000.0,1.4686500180830429e+23,7.382304047141051e+25,2.6905511944773244e+25,3.905478709742354e+23,1.0402527750140109e+19,1.6504450546621698,74.58390125097252,0.7354719197895487,1.8078516124535384,2.5433235322430874,1.0635866203155786,3.6069101525586658,4043859120132.615,1.0109647800331538e+18,204.02002285681283,0.3885283055581683,11495589.870342968,10881284.929362353,1.0564551838287919,1345124662.364256,1345091733.7290049,33520826.102276597,29765136.48072349,1.0000244805870302,1.1261774702086573,0.13751935964875078,69.12536770471172,25.193400252678977,5.543712682960582,5.543712682960582,0.0,5.920456401827939e+24,5.920456401827939e+24,0.0,1.0679587381981997e+26,1.0679587381982e+26,1.0467055926065272,1.0913360473271635e+17,0.005318742042960641,3.8664383643788794e-07,1.6283604440726153e-06,1.6283604440726153e-06,0.019523900041919253,0.019523900041919253,1.7434965468224495e+21,2.816971802451923e-05,8.972475473141361e-19,7.0177067448840995e-22,7.0177067448841e-21,1.8029544796246132e-16,1.7995675661038836e+19,35000000000000.0,35000000000000.0,0.0,0.00818956435571377,0.0009489556279506507,1.6071065405921448e-05,5.168327697657563e-06,1.6071065405921448e-05,5.168327697657563e-06,8.05238348261105e-29,9.077374473157973e+18,2.7763332027500704e+19,190.15214654628673,3.498123110862043e-20,-754334.7608530977,1.989404548898612e+21,0.0,0.0,0.0,0.0,0.0,0.3333333333333333,0.3333333333333333,2.0,5.505259386452124e-21,1.84039229582399e-21,0.0,8.91742287927684e-19,,0.0,0.0,0.0,0.0,0.0,5.505259386452124e-21,8.91742287927684e-19,0.0020511533314670053,17.0,1.5253208304340313e-17,1.8029544796246133e-22,5.214752265259486e-22,,,1.8029544796246133e-22,5.214752265259486e-22,10.0,,9.536544540177922e-08,3.4095948968030423,33448313319997.176,8.772377372298436e-06,0.0009401832505783523,8.772377372298436e-06,0.0009401832505783523,0.00818956435571377,0.0009489556279506507,False,False,1.0,1.4626645357635801,8.487778711444918e-09,0.21918728752307223,0.6764842834866859,1.0,1.598101007315137,2.8417767559146233e-07,0.26318654734717417,0.6143352711512353,0.1944712319287129,0.26245464310589156,0.007354719197895487,0.018078516124535385,True,AP3.4,130.0,8.3,7.498198192099515e+19,$(U_{0.8}Pu_{0.2})N$
K0_G3_Kd3p2e5_AP3p4,rizk2025_refit_plot,rizk2025_refit_full,1450.0,1.3,35000000000000.0,1.4607985292123616e+23,7.375400022271996e+25,2.697335652909424e+25,3.8890540113267855e+23,1.034939859840254e+19,1.6538360273083823,76.35847835374582,0.7369023291389918,1.930080926953508,2.6669832560924998,1.152031024668948,3.819014280761448,3876241244615.5244,9.690603111538812e+17,212.50295229795447,0.404037613740453,10761981.009692723,10446913.682814607,1.030158890601002,1342364708.3383687,1342333800.5358667,31749079.763170984,29073392.34440227,1.0000230254222084,1.092032171102451,0.13678417311112032,69.06072077948778,25.256927598721823,5.5455674486793,5.5455674486793,0.0,5.922437215084555e+24,5.922437215084555e+24,0.0,1.0679587381981997e+26,1.0679587381981999e+26,1.0499762714952559,1.0864681253858163e+17,0.0053012391275659935,3.837014357248561e-07,1.6072544790648562e-06,1.6072544790648562e-06,0.020877228029805593,0.020877228029805593,1.8053945635467873e+21,3.049898917599849e-05,9.028722799084174e-19,1.0241072151243713e-21,1.0241072151243713e-20,3.956100289530877e-16,1.7995675661038836e+19,35000000000000.0,35000000000000.0,0.0,0.008221199364951618,0.0009542529593818651,1.606154780348828e-05,5.156491845380529e-06,1.606154780348828e-05,5.156491845380529e-06,7.956427869152244e-29,9.257301328814367e+18,2.7284637402242146e+19,230.16739441359724,4.052219760890874e-20,-792154.484017262,1.990708937321175e+21,0.0,0.0,0.0,0.0,0.0,0.3333333333333333,0.3333333333333333,2.0,1.1129991980733449e-20,1.2141082623128306e-21,0.0,8.91742287927684e-19,,0.0,0.0,0.0,0.0,0.0,1.1129991980733449e-20,8.91742287927684e-19,0.0013447176187931956,17.0,1.5348828758443096e-17,3.9561002895308766e-22,6.284971861712836e-22,,,3.9561002895308766e-22,6.284971861712836e-22,10.0,,9.536544540177922e-08,3.4095948968030423,33419504244568.355,8.990675121473895e-06,0.0009452622842603913,8.990675121473895e-06,0.0009452622842603913,0.008221199364951618,0.0009542529593818651,False,False,1.0,1.4629267315591856,8.499712118159458e-09,0.21927849358761997,0.6763540498538294,1.0,1.6173299963585723,2.846631339094505e-07,0.26897206860972983,0.606271420185193,0.1945972251025606,0.26824100836846104,0.007369023291389918,0.01930080926953508,True,AP3.4,130.0,8.3,7.498198192099515e+19,$(U_{0.8}Pu_{0.2})N$
K0_G3_Kd3p2e5_AP3p4,rizk2025_refit_plot,rizk2025_refit_full,1475.0,1.3,35000000000000.0,1.4466236567700283e+23,7.364674252615683e+25,2.707540704506126e+25,3.862186826217716e+23,1.0292407354976803e+19,1.6585151980833173,78.1964189043762,0.738040601734143,2.061418500014212,2.7994591017483548,1.2234117346041669,4.022870836352522,3750524552064.9326,9.376311380162331e+17,219.20008531021395,0.4159628197421283,10293375.792214448,10127733.284675669,1.0163553386412154,1338575868.7288766,1338546672.6898673,30108985.908575732,28390046.89862798,1.0000218117452346,1.0605472409427694,0.1354568865844659,68.96028834448182,25.3524842080897,5.55177056084401,5.55177056084401,0.0,5.92906188292488e+24,5.92906188292488e+24,0.0,1.0679587381981997e+26,1.0679587381981997e+26,1.0535072198648663,1.078280298122502e+17,0.0052721301725191455,3.801499940900706e-07,1.530811804076892e-06,1.530811804076892e-06,0.022337364895172532,0.022337364895172532,1.8391631270119497e+21,3.330862513026612e-05,9.13713227338383e-19,1.597360137614791e-21,1.597360137614791e-20,8.452417180343286e-16,1.7995675661038836e+19,35000000000000.0,35000000000000.0,0.0,0.008283172393870851,0.0009650440300249804,1.6048431502750824e-05,5.14478846144235e-06,1.6048431502750824e-05,5.14478846144235e-06,7.585908093394978e-29,9.442491398811152e+18,2.582684673757021e+19,268.83384284659707,4.577891931636063e-20,-829301.9081978863,1.993949986455248e+21,0.0,0.0,0.0,0.0,0.0,0.3333333333333333,0.3333333333333333,2.0,2.1970939410699096e-20,7.846520651543905e-22,0.0,8.91742287927684e-19,,0.0,0.0,0.0,0.0,0.0,2.1970939410699096e-20,8.91742287927684e-19,0.0008587509096700466,17.0,1.553312486475251e-17,8.452417180343286e-22,7.521184195804623e-22,,,8.452417180343286e-22,7.521184195804623e-22,10.0,,9.536544540177922e-08,3.4095948968030423,33390370547243.758,9.265747739905179e-06,0.0009557782822850752,9.265747739905179e-06,0.0009557782822850752,0.008283172393870851,0.0009650440300249804,False,False,1.0,1.4630505248011865,8.519377907719143e-09,0.21932154684230679,0.6762925757797125,1.0,1.6374773606639468,2.8518760815404584e-07,0.27492270432105786,0.5980056152541339,0.19469736986925382,0.27419238535641427,0.00738040601734143,0.02061418500014212,True,AP3.4,130.0,8.3,7.498198192099515e+19,$(U_{0.8}Pu_{0.2})N$
K0_G3_Kd3p2e5_AP3p4,rizk2025_refit_plot,rizk2025_refit_full,1500.0,1.3,35000000000000.0,1.4213815547525644e+23,7.34721554269093e+25,2.72374546766441e+25,3.816890076455612e+23,1.0235146444023796e+19,1.6655201880729722,79.98187345555124,0.7386657557077417,2.193599750527706,2.9322655062354475,1.2871408304659724,4.21940633670142,3644751720933.6973,9.111879302334243e+17,225.07808683599822,0.42620196013119693,9954689.955774121,9863243.602286302,1.0092714280590842,1332944736.9052012,1332916896.413347,28749086.175375476,27756289.070094522,1.0000208868924456,1.0357683659646932,0.13309330256997007,68.79681096187987,25.504220062469464,5.565875673080709,5.565875673080709,0.0,5.944125560791329e+24,5.944125560791329e+24,0.0,1.0679587381981997e+26,1.0679587381981999e+26,1.057078250924537,1.0642545856974035e+17,0.005222419157988829,3.7578562092396995e-07,1.4019988549705447e-06,1.4019988549705447e-06,0.023813358277235734,0.023813358277235734,1.8277644525230613e+21,3.655550077566323e-05,9.341414501778096e-19,2.65480851490482e-21,2.6548085149048203e-20,1.7607759639859707e-15,1.7995675661038836e+19,35000000000000.0,35000000000000.0,0.0,0.008400409454055251,0.0009859740861656167,1.6028832558250344e-05,5.133924384245959e-06,1.6028832558250344e-05,5.133924384245959e-06,6.954063292994381e-29,9.637820237816398e+18,2.3461183596696924e+19,311.73489911999764,5.1599632672640806e-20,-875156.3524884598,2.0006815151380874e+21,0.0,0.0,0.0,0.0,0.0,0.3333333333333333,0.3333333333333333,2.0,4.239916225012569e-20,4.981451519947624e-22,0.0,8.91742287927684e-19,,0.0,0.0,0.0,0.0,0.0,4.239916225012569e-20,8.91742287927684e-19,0.0005332652264814314,17.0,1.5880404653022763e-17,1.7607759639859707e-21,8.940325509188496e-22,,,1.7607759639859707e-21,8.940325509188496e-22,10.0,,9.536544540177922e-08,3.4095948968030423,33362772832441.68,9.634745883457103e-06,0.0009763393402821596,9.634745883457103e-06,0.0009763393402821596,0.008400409454055251,0.0009859740861656167,False,False,1.0,1.4629301318613657,8.552949585070829e-09,0.21927967623235933,0.6763523611849434,1.0,1.6572712965826388,2.8571849660669734e-07,0.2806616533350789,0.590061514444175,0.1947523268657554,0.27993194564294227,0.007386657557077418,0.02193599750527706,True,AP3.4,130.0,8.3,7.498198192099515e+19,$(U_{0.8}Pu_{0.2})N$
K0_G3_Kd3p2e5_AP3p4,rizk2025_refit_plot,rizk2025_refit_full,1525.0,1.3,35000000000000.0,1.3779463151252851e+23,7.31778924068513e+25,2.7506407970524306e+25,3.740407269838739e+23,1.0179146497592259e+19,1.6765713575657542,81.6750626489753,0.7383692961824587,2.3231026641820236,3.0614719603644827,1.3520347767939895,4.413506737158472,3542756386140.1016,8.856890965350254e+17,230.97378975165768,0.43626236863986007,9665825.856343804,9611480.17005279,1.0056542473510317,1324157734.6242304,1324130935.4248188,27719575.622323684,27180879.059023928,1.0000202390856483,1.0198189529532862,0.12902617543539924,68.52127314423491,25.756058719020906,5.593641961308791,5.593641961308791,0.0,5.973778810931839e+24,5.973778810931839e+24,0.0,1.0679587381981997e+26,1.0679587381981999e+26,1.0605938464103628,1.0405497125327877e+17,0.005137919034102494,3.700749546881704e-07,1.272116580137069e-06,1.272116580137069e-06,0.02526702570811433,0.02526702570811433,1.7745088751899873e+21,4.008888597945214e-05,9.718187700081108e-19,4.636776157857156e-21,4.636776157857156e-20,3.580777516173852e-15,1.7995675661038836e+19,35000000000000.0,35000000000000.0,0.0,0.008614560369261566,0.0010251208344177144,1.599800342188581e-05,5.124052515145339e-06,1.599800342188581e-05,5.124052515145339e-06,6.314683795056377e-29,9.852724259729891e+18,2.1093368134428856e+19,366.945476407121,5.908084538588783e-20,-938820.6749930086,2.0134801205331315e+21,0.0,0.0,0.0,0.0,0.0,0.3333333333333333,0.3333333333333333,2.0,8.007648208042697e-20,3.1142582676000646e-22,0.0,8.91742287927684e-19,,0.0,0.0,0.0,0.0,0.0,8.007648208042697e-20,8.91742287927684e-19,0.00032045669045619205,17.0,1.6520919090137883e-17,3.5807775161738524e-21,1.0559986416833037e-21,,,3.5807775161738524e-21,1.0559986416833037e-21,10.0,,9.536544540177922e-08,3.4095948968030423,33337256668003.926,1.0179011269331426e-05,0.001014941823148383,1.0179011269331426e-05,0.001014941823148383,0.008614560369261566,0.0010251208344177144,False,False,1.0,1.4623803478975668,8.61085753543942e-09,0.21908840274387198,0.6766254877777781,1.0,1.6762404231108645,2.8624153957197395e-07,0.28606476984010953,0.5826076219104457,0.19472626911334517,0.28533571454537776,0.007383692961824588,0.023231026641820238,True,AP3.4,130.0,8.3,7.498198192099515e+19,$(U_{0.8}Pu_{0.2})N$
K0_G3_Kd3p2e5_AP3p4,rizk2025_refit_plot,rizk2025_refit_full,1550.0,1.3,35000000000000.0,1.3071848147191091e+23,7.267890198240257e+25,2.795903233712586e+25,3.61481924634157e+23,1.0119501033213852e+19,1.6943131165618237,83.42755813082799,0.7364719560442483,2.4613666119095092,3.1978385679537578,1.4268848942378127,4.624723462191571,3431649416763.236,8.57912354190809e+17,237.67081288391978,0.4474408994402011,9376117.38434088,9340650.511782719,1.0037970452393463,1310291436.0756364,1310265486.526436,26906550.49872723,26609912.236897536,1.000019804802513,1.011147660284966,0.12240031079520154,68.05403559413011,26.179880679937856,5.643683415136832,5.643683415136832,0.0,6.027221018819637e+24,6.027221018819637e+24,0.0,1.0679587381981997e+26,1.0679587381981999e+26,1.0643656972169442,1.0020369005606288e+17,0.004998805790721537,3.6195023497327795e-07,1.2064769449748257e-06,1.2064769449748257e-06,0.02683039334924991,0.02683039334924991,1.7097348472901515e+21,4.373776248964293e-05,1.039906973829712e-18,8.356987325282236e-21,8.356987325282236e-20,7.11715258415843e-15,1.7995675661038836e+19,35000000000000.0,35000000000000.0,0.0,0.008992366731620027,0.0010962733037522187,1.5948742321198716e-05,5.114249790823464e-06,1.5948742321198716e-05,5.114249790823464e-06,5.992699729292589e-29,1.0102205684263879e+19,1.9843866909699117e+19,444.04148494174837,6.935485675524603e-20,-1024539.9970995445,2.0363137751954594e+21,0.0,0.0,0.0,0.0,0.0,0.3333333333333333,0.3333333333333333,2.0,1.4816468590202815e-19,1.921420918257287e-22,0.0,8.91742287927684e-19,,0.0,0.0,0.0,0.0,0.0,1.4816468590202815e-19,8.91742287927684e-19,0.0001847685385915996,17.0,1.7678418555105106e-17,7.11715258415843e-21,1.239834741123807e-21,,,7.11715258415843e-21,1.239834741123807e-21,10.0,,9.536544540177922e-08,3.4095948968030423,33311528642319.33,1.1060121213825113e-05,0.0010852131825383937,1.1060121213825113e-05,0.0010852131825383937,0.008992366731620027,0.0010962733037522187,False,False,1.0,1.4611077991876562,8.709453144983313e-09,0.2186452460351825,0.6772583802343918,1.0,1.696073288487892,2.8680284207643396e-07,0.2916157945250166,0.5749757784955546,0.19455933418358226,0.2908877517624979,0.007364719560442483,0.024613666119095094,True,AP3.4,130.0,8.3,7.498198192099515e+19,$(U_{0.8}Pu_{0.2})N$
K0_G3_Kd3p2e5_AP3p4,rizk2025_refit_plot,rizk2025_refit_full,1575.0,1.3,35000000000000.0,1.200580858092795e+23,7.18563000344724e+25,2.8702823491684273e+25,3.420063739529109e+23,1.0045819246732116e+19,1.7223857689107562,85.52823680336911,0.7320050797645316,2.632706986380147,3.364712066144678,1.5218157206249197,4.886527786769598,3299852886477.3833,8.249632216193458e+17,246.0195793886946,0.46101492444816744,9049304.07990915,9023672.040722204,1.002840533107949,1288935008.8598177,1288909859.8416412,26128883.602843363,25956340.06934831,1.000019511851806,1.0066474523385833,0.11241828126415708,67.28377929254489,26.876341252762323,5.727461173428629,5.727461173428629,0.0,6.116692207854018e+24,6.116692207854018e+24,0.0,1.0679587381981997e+26,1.0679587381981997e+26,1.0690664879624796,9.433636360296434e+16,0.004782597139220639,3.5000352528448265e-07,1.216819451533579e-06,1.216819451533579e-06,0.028786105855832578,0.028786105855832578,1.6609620683508008e+21,4.744012068346844e-05,1.160586458076125e-18,1.528831509275627e-20,1.528831509275627e-19,1.384090397445483e-14,1.7995675661038836e+19,35000000000000.0,35000000000000.0,0.0,0.009635145590083423,0.0012226243227530086,1.587138583502977e-05,5.103020093237866e-06,1.587138583502977e-05,5.103020093237866e-06,6.047791407180529e-29,1.0406267656426224e+19,1.9878842787631485e+19,554.0137368832571,8.345042197121241e-20,-1127334.6345277084,2.074675442370499e+21,0.0,0.0,0.0,0.0,0.0,0.3333333333333333,0.3333333333333333,2.0,2.6884417014844093e-19,1.172220809834482e-22,0.0,8.91742287927684e-19,,0.0,0.0,0.0,0.0,0.0,2.6884417014844093e-19,8.91742287927684e-19,0.00010100245455023169,17.0,1.9729969787294123e-17,1.384090397445483e-20,1.4474111183014373e-21,,,1.384090397445483e-20,1.4474111183014373e-21,10.0,,9.536544540177922e-08,3.4095948968030423,33281615496582.2,1.2561536356643546e-05,0.0012100627863963652,1.2561536356643546e-05,0.0012100627863963652,0.009635145590083423,0.0012226243227530086,False,False,1.0,1.4587134897189846,8.871743168335127e-09,0.21780981659531323,0.6784518455169051,1.0,1.7201092985088404,2.875023240797352e-07,0.2982131056468326,0.5659405447854475,0.19416518680951722,0.2974866688517823,0.007320050797645315,0.02632706986380147,True,AP3.4,130.0,8.3,7.498198192099515e+19,$(U_{0.8}Pu_{0.2})N$
K0_G3_Kd3p2e5_AP3p4,rizk2025_refit_plot,rizk2025_refit_full,1600.0,1.3,35000000000000.0,1.055834724909018e+23,7.056868015941764e+25,2.98658802407203e+25,3.142141396653336e+23,9.945703114378463e+18,1.7650749627758795,88.28196499682906,0.7237753659131002,2.866421641149184,3.590197007062284,1.64910129098652,5.239298298048804,3137331344518.328,7.84332836129582e+17,256.9860151595529,0.4782560052865143,8659006.706088167,8638602.371501368,1.0023619948817315,1257761266.0459268,1257736949.8849351,25252945.158891577,25146698.989762396,1.0000193332643952,1.0042250543171665,0.09886474890316113,66.07809612427272,27.96538777435198,5.85765135247215,5.85765135247215,0.0,6.255729947191136e+24,6.255729947191136e+24,0.0,1.0679587381981997e+26,1.0679587381981999e+26,1.0755267090464937,8.616165139656766e+16,0.004472744539167167,3.3302104463592415e-07,1.2869822427732304e-06,1.2869822427732304e-06,0.031482995583308214,0.031482995583308214,1.6331286326582884e+21,5.1310672854014443e-05,1.3705602340796549e-18,2.804370316124471e-20,2.804370316124471e-19,2.6363059898109156e-14,1.7995675661038836e+19,35000000000000.0,35000000000000.0,0.0,0.010684577335778015,0.0014425292977499238,1.5755145624515157e-05,5.089095305299846e-06,1.5755145624515157e-05,5.089095305299846e-06,6.400969345307364e-29,1.0789027227289502e+19,2.0867814791292813e+19,712.1522554436367,1.0252686475700895e-19,-1234680.314052587,2.1351184946558382e+21,0.0,0.0,0.0,0.0,0.0,0.3333333333333333,0.3333333333333333,2.0,4.788179461519709e-19,7.08396822782879e-23,0.0,8.91742287927684e-19,,0.0,0.0,0.0,0.0,0.0,4.788179461519709e-19,8.91742287927684e-19,5.1686661057882994e-05,17.0,2.3299523979354132e-17,2.6363059898109155e-20,1.680643263135559e-21,,,2.6363059898109155e-20,1.680643263135559e-21,10.0,,9.536544540177922e-08,3.4095948968030423,33243964704238.695,1.515804174250889e-05,0.001427371256007415,1.515804174250889e-05,0.001427371256007415,0.010684577335778015,0.0014425292977499238,False,False,1.0,1.4547429165611703,9.125977612944379e-09,0.21641968639651551,0.6804387468432431,1.0,1.752040879634525,2.8846377369887964e-07,0.30676533246197446,0.5542860723885967,0.19343479573081507,0.306041290551762,0.007237753659131002,0.028664216411491836,True,AP3.4,130.0,8.3,7.498198192099515e+19,$(U_{0.8}Pu_{0.2})N$
K0_G3_Kd3p2e5_AP3p4,rizk2025_refit_plot,rizk2025_refit_full,1625.0,1.3,35000000000000.0,8.82458207975761e+22,6.867921720831836e+25,3.1573255138496746e+25,2.7843498533736154e+23,9.80601995626281e+18,1.8263804822940273,91.95846525462291,0.710536160595956,3.1941589608330454,3.9046951214290013,1.8219834796124552,5.726678601041456,2936938816361.0903,7.342347040902726e+17,271.5795229061901,0.5,8192019.649366096,8174401.281229291,1.0021553099157563,1215542398.8437731,1215518902.8364816,24211037.826718602,24141333.740760718,1.0000193300221303,1.0028873336786772,0.08263036542634553,64.30886770418685,29.56411517524111,6.044386755145688,6.041854226170312,0.0025325289753750316,6.455155652207299e+24,6.452451015758307e+24,2.704636448991898e+21,1.0679587381981997e+26,1.06793169183371e+26,1.0846807654618038,7.595284844386891e+16,0.004070849179600549,3.105881254679638e-07,1.4214576822359633e-06,1.4214576822359633e-06,0.03531467598680468,0.03531467598680468,1.6219890462989945e+21,5.559592350602341e-05,1.7295170995263346e-18,5.117002764222704e-20,5.117002764222704e-19,4.922854290289942e-14,1.7995675661038836e+19,35000000000000.0,35000000000000.0,0.0,0.012318372096638223,0.0018182796983398448,1.5591176295329728e-05,5.071783158425416e-06,1.5591176295329728e-05,5.071783158425416e-06,7.076185439243338e-29,1.1275386206661294e+19,2.2810805207035666e+19,945.2138499108349,1.285728049629421e-19,-2046174.8046889773,2.223929906038355e+21,2.704636448991898e+21,0.0,0.0,0.0,0.0,0.3333333333333333,0.3333333333333333,2.0,8.377748115986507e-19,4.247233928863714e-23,0.0,8.91742287927684e-19,,0.0,0.0,0.0,0.0,0.0,8.377748115986507e-19,8.91742287927684e-19,2.455733990734703e-05,17.0,2.940179069194769e-17,4.922854290289942e-20,1.941484739327618e-21,,,4.922854290289942e-20,1.941484739327618e-21,10.0,,9.536544540177922e-08,3.4095948968030423,33196523428866.934,1.9642912811833267e-05,0.0017986367855280115,1.9642912811833267e-05,0.0017986367855280115,0.012318372096638223,0.0018182796983398448,False,False,1.0,1.4487876960855515,9.501264657461357e-09,0.2143236193174257,0.6834370073643564,1.0,1.7953934962878049,2.898269625880559e-07,0.31800748697857384,0.5390686212287096,0.19224810235040996,0.31728692458197255,0.0071053616059595604,0.031941589608330455,True,AP3.4,130.0,8.3,7.498198192099515e+19,$(U_{0.8}Pu_{0.2})N$
K0_G3_Kd3p2e5_AP3p4,rizk2025_refit_plot,rizk2025_refit_full,1650.0,1.3,35000000000000.0,7.007832077340349e+22,6.609265344837842e+25,3.3914853975245136e+25,2.372712991220558e+23,9.613661544366064e+18,1.9088241618072792,96.76497802204615,0.6912443401580954,3.6486486505493256,4.339892990707421,1.8749085166987232,6.214801507406144,2773470846343.553,6.933677115858884e+17,279.46837397565116,0.5,7946776.555456115,7943653.760956218,1.0003931181536696,1163042526.0054672,1163019645.5068438,22991630.455145247,22942184.717845056,1.0000196733552282,1.0021552322897014,0.06561894038306734,61.88689795252414,31.756708159403594,6.290774947689204,5.947839503337656,0.342935444351548,6.718288075423008e+24,6.35204717098989e+24,3.6624090443311813e+23,1.0679587381981997e+26,1.0642963291538684e+26,1.0975616015336795,6.461138407652936e+16,0.0036031016969171313,2.8347222053105614e-07,1.6542163667758172e-06,1.6542163667758172e-06,0.04071887490506638,0.04071887490506638,1.6259835940913692e+21,6.057502080547818e-05,2.332934307037629e-18,9.243457552501816e-20,9.243457552501817e-19,9.020265555838444e-14,1.7995675661038836e+19,35000000000000.0,35000000000000.0,0.0,0.014732707743015347,0.0024493318129693567,1.537619984540894e-05,5.051103316150484e-06,1.537619984540894e-05,5.051103316150484e-06,8.245459144724345e-29,1.188470628535756e+19,2.6149582189672673e+19,369.5152983848622,4.8725312632537704e-20,-749954.5305412177,2.3453316015558094e+21,2.97115736439705e+21,0.0,0.0,0.0,0.0,0.3333333333333333,0.3333333333333333,2.0,1.441192019109945e-18,2.5299362888157518e-23,0.0,8.91742287927684e-19,,0.0,0.0,0.0,0.0,0.0,1.441192019109945e-18,8.91742287927684e-19,1.0844438616140361e-05,17.0,3.9659883219639695e-17,9.020265555838444e-20,2.2319199666337208e-21,,,9.020265555838444e-20,2.2319199666337208e-21,10.0,,9.536544540177922e-08,3.4095948968030423,33139484538962.36,2.7331103245558082e-05,0.0024220007097237985,2.7331103245558082e-05,0.0024220007097237985,0.014732707743015347,0.0024493318129693567,False,False,1.0,1.4405983621007008,1.002173271271676e-08,0.21141920746950152,0.6875962052563036,1.0,1.853246576648631,2.917471681692389e-07,0.33238904131261804,0.5197780199688424,0.19049219939061626,0.3316734296181714,0.006912443401580954,0.03648648650549326,True,AP3.4,130.0,8.3,7.498198192099515e+19,$(U_{0.8}Pu_{0.2})N$
K0_G3_Kd3p2e5_AP3p4,rizk2025_refit_plot,rizk2025_refit_full,1675.0,1.3,35000000000000.0,5.326791690716216e+22,6.2779918832245865e+25,3.6924070146575122e+25,1.947696195374459e+23,9.356426390982443e+18,2.0127665710162,102.83696197440872,0.665257926404602,4.262322719997015,4.927580646401617,1.9379806173087517,6.865561263710368,2595881781704.1587,6.489704454260397e+17,288.86971662449116,0.5,7687966.516287384,7685125.41204114,1.0003696887290598,1102982261.064356,1102959494.6418314,21626140.746513255,21587568.879684076,1.0000206412136032,1.0017867628839614,0.04987825372076904,58.784966672181206,34.57443515923785,6.590719914860182,5.866870442962077,0.7238494718981047,7.038616924091827e+24,6.265575555438093e+24,7.730413686537331e+23,1.0679587381981997e+26,1.0602283245116624e+26,1.1153055490309904,5.330563318224768e+16,0.003112242898137241,2.534036245000239e-07,2.05943064252941e-06,2.05943064252941e-06,0.04818142459454951,0.04818142459454951,1.6471804518756112e+21,6.649989077620176e-05,3.331146250834437e-18,1.6487351410383357e-19,1.6487351410383356e-18,1.6231955709997532e-13,1.7995675661038836e+19,35000000000000.0,35000000000000.0,0.0,0.018115116812352842,0.003492019378994716,1.5114176500112981e-05,5.02770202762249e-06,1.5114176500112981e-05,5.02770202762249e-06,1.0285014925739502e-28,1.262520641342144e+19,3.1862987201385718e+19,448.7218878508552,5.719080734467246e-20,-771168.2904892911,2.500292412975618e+21,3.219777316202255e+21,0.0,0.0,0.0,0.0,0.3333333333333333,0.3333333333333333,2.0,2.439403962906753e-18,1.4991150623023926e-23,0.0,8.91742287927684e-19,,0.0,0.0,0.0,0.0,0.0,2.439403962906753e-18,8.91742287927684e-19,4.5002979437689685e-06,17.0,5.662948626418543e-17,1.623195570999753e-19,2.553957003858251e-21,,,1.623195570999753e-19,2.553957003858251e-21,10.0,,9.536544540177922e-08,3.4095948968030423,33075642801252.14,4.035944874015574e-05,0.00345165993025456,4.035944874015574e-05,0.00345165993025456,0.018115116812352842,0.003492019378994716,False,False,1.0,1.4301228452978543,1.0703353289682424e-08,0.2076662425170579,0.6929784674351568,1.0,1.9280843841631834,2.9439655260154816e-07,0.3500222971812867,0.4964081515961482,0.18807454475562632,0.3493135585345385,0.00665257926404602,0.04262322719997015,True,AP3.4,130.0,8.3,7.498198192099515e+19,$(U_{0.8}Pu_{0.2})N$
K0_G3_Kd3p2e5_AP3p4,rizk2025_refit_plot,rizk2025_refit_full,1700.0,1.3,35000000000000.0,3.920758611421945e+22,5.877518705859792e+25,4.057992575949136e+25,1.54768228000838e+23,9.023083481683879e+18,2.1366368233236255,110.27256680563576,0.6323573140360487,5.0681100418386436,5.700467355874692,2.0118532501244513,7.7123206059991425,2408746911879.479,6.021867279698698e+17,299.88095498115257,0.5,7405645.59556445,7402937.609490829,1.0003657988512762,1039039548.0766842,1039016072.2526067,20165495.30080134,20131933.66499692,1.0000225942838656,1.0016670845614186,0.03671264133328625,55.03507294463467,37.99765319393851,6.930561220093538,5.788665644275393,1.1418955758181446,7.40155341561647e+24,6.182056057311618e+24,1.2194973583048526e+24,1.0679587381981997e+26,1.0557637646151512e+26,1.1392367698185268,4.297780825769062e+16,0.0026403317408976905,2.2236061545793316e-07,2.784177225301857e-06,2.784177225301857e-06,0.0582742636150582,0.0582742636150582,1.6886494482970048e+21,7.361197625777678e-05,4.9573286738281364e-18,2.899995230890099e-19,2.8999952308900988e-18,2.8708990269161864e-13,1.7995675661038836e+19,35000000000000.0,35000000000000.0,0.0,0.022615088810369173,0.005188584220840928,1.4814857329612707e-05,5.0025078516177316e-06,1.4814857329612707e-05,5.0025078516177316e-06,1.3945673006317975e-28,1.349124245724615e+19,4.1817535095098696e+19,553.3525803800218,6.787854785991614e-20,-788116.8486074284,2.6866213828705523e+21,3.498911774956606e+21,0.0,0.0,0.0,0.0,0.3333333333333333,0.3333333333333333,2.0,4.065586385900453e-18,8.846547337881255e-24,0.0,8.91742287927684e-19,,0.0,0.0,0.0,0.0,0.0,4.065586385900453e-18,8.91742287927684e-19,1.7845391984166736e-06,17.0,8.427458745507831e-17,2.8708990269161863e-19,2.90962039739128e-21,,,2.8708990269161863e-19,2.90962039739128e-21,10.0,,9.536544540177922e-08,3.4095948968030423,33010018409133.598,6.210161971174842e-05,0.005126482601129179,6.210161971174842e-05,0.005126482601129179,0.022615088810369173,0.005188584220840928,False,False,1.0,1.417440266659123,1.1555867295102825e-08,0.20306469386983078,0.6995896729243349,1.0,2.0220855181046367,2.9797788673571766e-07,0.370767817468664,0.46933277253725925,0.18492154589522805,0.37006840814129144,0.006323573140360487,0.050681100418386436,True,AP3.4,130.0,8.3,7.498198192099515e+19,$(U_{0.8}Pu_{0.2})N$
K0_G3_Kd3p2e5_AP3p4,rizk2025_refit_plot,rizk2025_refit_full,1725.0,1.3,35000000000000.0,2.8270053787567934e+22,5.41544666666519e+25,4.482466113714699e+25,1.1973700288275834e+23,8.602464690169401e+18,2.277666476451555,119.20059153730888,0.5926351161428232,6.103047355809699,6.695682471952523,2.0934729251893516,8.789155397141874,2224585344075.167,5.5614633601879174e+17,312.0469447730022,0.5,7116977.934545622,7114314.167103714,1.0003744236449699,974707074.2859868,974681773.188586,18656865.453963224,18624068.65074287,1.0000259583159312,1.0017609902452247,0.026471110518055774,50.70838856379254,41.97227807955638,7.292862246133023,5.712715417145593,1.5801468289874296,7.788475962233511e+24,6.100944348580209e+24,1.6875316136533018e+24,1.0679587381981997e+26,1.0510834220616667e+26,1.171070051510764,3.4111199950874664e+16,0.0022160755897483466,1.919214200387237e-07,4.121969611581395e-06,4.121969611581395e-06,0.0717446699569567,0.0717446699569567,1.7529655498324024e+21,8.221931664824809e-05,7.567991386132277e-18,5.027449568924469e-19,5.0274495689244694e-18,4.994440127391286e-13,1.7995675661038836e+19,35000000000000.0,35000000000000.0,0.0,0.02831473999084519,0.00790949239480297,1.4490722904039256e-05,4.976357520798524e-06,1.4490722904039256e-05,4.976357520798524e-06,2.074191104257388e-28,1.4461826162390966e+19,5.9507787098743276e+19,687.8162300377427,8.101974088313492e-20,-802398.0734210494,2.899887899119238e+21,3.8066108479510696e+21,0.0,0.0,0.0,0.0,0.3333333333333333,0.3333333333333333,2.0,6.676249098204593e-18,5.204352986654048e-24,0.0,8.91742287927684e-19,,0.0,0.0,0.0,0.0,0.0,6.676249098204593e-18,8.91742287927684e-19,6.876795600204564e-07,17.0,1.286558535642487e-16,4.994440127391286e-19,3.3009441533183215e-21,,,4.994440127391286e-19,3.3009441533183215e-21,10.0,,9.536544540177922e-08,3.4095948968030423,32949177320547.312,9.769066473789561e-05,0.007811801730065075,9.769066473789561e-05,0.007811801730065075,0.02831473999084519,0.00790949239480297,False,False,1.0,1.4026525344485352,1.2588009181482662e-08,0.19761722483621794,0.7074328927568475,1.0,2.1378034352826485,3.027569147810451e-07,0.39440219461649234,0.43907194833348095,0.180965502836399,0.3937152588049189,0.005926351161428232,0.061030473558096994,True,AP3.4,130.0,8.3,7.498198192099515e+19,$(U_{0.8}Pu_{0.2})N$
K0_G3_Kd3p2e5_AP3p4,rizk2025_refit_plot,rizk2025_refit_full,1750.0,1.3,35000000000000.0,2.0150561571336786e+22,4.901430915711555e+25,4.9581025995700475e+25,9.062534564536518e+22,8.081985303181096e+18,2.432493526553692,129.864302914085,0.5463782022242784,7.41440033321481,7.960778535439088,2.1817626452452745,10.142541180684363,2048183038198.2783,5.1204575954956954e+17,325.2071519420644,0.5,6829091.5278415065,6826418.136079285,1.0003916243788367,912672249.3552886,912643744.2755506,17130723.157412548,17094767.000510503,1.000031233523395,1.0021033429061053,0.018868295984294008,45.89532104939724,46.42597529502948,7.659835359588983,5.638766854005524,2.0210685055834583,8.180388105432603e+24,6.021970334397571e+24,2.1584177710350316e+24,1.0679587381981997e+26,1.0463745604878494e+26,1.2132710732856604,2.6795158959623316e+16,0.0018525302158154291,1.63014540274111e-07,6.683468346680586e-06,6.683468346680586e-06,0.08967408725396478,0.08967408725396478,1.843105773291575e+21,9.281989615585606e-05,1.170078713301288e-17,8.589643716813095e-19,8.589643716813095e-18,8.552344067970446e-13,1.7995675661038836e+19,35000000000000.0,35000000000000.0,0.0,0.03519463860982383,0.01221461195654418,1.4154428944966044e-05,4.949781302498446e-06,1.4154428944966044e-05,4.949781302498446e-06,3.3876077856068484e-28,1.5497333357868732e+19,9.162949303635401e+19,857.9361700673225,9.689872694143069e-20,-813549.3377205096,3.134310557148483e+21,4.1376557441196113e+21,0.0,0.0,0.0,0.0,0.3333333333333333,0.3333333333333333,2.0,1.0809044845085196e-17,3.0549830664988003e-24,0.0,8.91742287927684e-19,,0.0,0.0,0.0,0.0,0.0,1.0809044845085196e-17,8.91742287927684e-19,2.610920984862119e-07,17.0,1.9891338126121898e-16,8.552344067970446e-19,3.7299648842649055e-21,,,8.552344067970446e-19,3.7299648842649055e-21,10.0,,9.536544540177922e-08,3.4095948968030423,32900890101432.82,0.00015457236875312535,0.012060039587791054,0.00015457236875312535,0.012060039587791054,0.03519463860982383,0.01221461195654418,False,False,1.0,1.38580450189706,1.3812970796731943e-08,0.1912997331095644,0.7165507634336143,1.0,2.2790776984392465,3.0912048355728707e-07,0.4207761322907814,0.4060855459019721,0.1761291023125434,0.4201057997487612,0.0054637820222427835,0.0741440033321481,True,AP3.4,130.0,8.3,7.498198192099515e+19,$(U_{0.8}Pu_{0.2})N$
K0_G3_Kd3p2e5_AP3p4,rizk2025_refit_plot,rizk2025_refit_full,1775.0,1.3,35000000000000.0,1.4285480027371405e+22,4.3459338522231726e+25,5.476215249060246e+25,6.730391532925721e+22,7.445550744636502e+18,2.59737668878974,142.73730203334117,0.49400774095101757,9.069803709310758,9.563811450261776,2.271909173040817,11.835720623302592,1888868998425.9094,4.722172496064774e+17,338.6441294362678,0.5,6558271.920306477,6555554.362320048,1.0004145428191473,854741884.8079722,854708525.5602335,15597152.67758116,15553047.229948645,1.000039029969564,1.0028358074774946,0.013376434422431964,40.69383672589626,51.27740476471413,8.015382074967174,5.56642035279077,2.4489617221764055,8.560097326958412e+24,5.944707256247208e+24,2.615390070711204e+24,1.0679587381981997e+26,1.0418048374910877e+26,1.269728141281955,2.0896609334625172e+16,0.001551219828199963,1.359725910684975e-07,1.183580235433036e-05,1.183580235433036e-05,0.11377544760045115,0.11377544760045115,1.965520333078081e+21,0.00010632521821431672,1.8155987823124585e-17,1.4466570670705438e-18,1.4466570670705438e-17,1.4424583518951984e-12,1.7995675661038836e+19,35000000000000.0,35000000000000.0,0.0,0.043086680366727144,0.018941249464377783,1.3817559470765675e-05,4.9229343945698464e-06,1.3817559470765675e-05,4.9229343945698464e-06,6.068894603378841e-28,1.653284702253283e+19,1.5177576580987198e+20,1064.3088331478339,1.1536216699583038e-19,-823805.340415323,3.383216691351994e+21,4.484911205259407e+21,0.0,0.0,0.0,0.0,0.3333333333333333,0.3333333333333333,2.0,1.7264245535196902e-17,1.7908286029686076e-24,0.0,8.91742287927684e-19,,0.0,0.0,0.0,0.0,0.0,1.7264245535196902e-17,8.91742287927684e-19,9.86357019191045e-08,17.0,3.0865179299311796e-16,1.4424583518951983e-18,4.198715175345496e-21,,,1.4424583518951983e-18,4.198715175345496e-21,10.0,,9.536544540177922e-08,3.4095948968030423,32874489615530.316,0.0002428295239822613,0.018698419940395523,0.0002428295239822613,0.018698419940395523,0.043086680366727144,0.018941249464377783,False,False,1.0,1.3668475609007014,1.525320263536516e-08,0.18404498037843156,0.7270495662743491,1.0,2.45233926926739,3.176867539539043e-07,0.4499441040642036,0.3706293676220492,0.1703117395228891,0.4492960798552804,0.004940077409510176,0.09069803709310757,True,AP3.4,130.0,8.3,7.498198192099515e+19,$(U_{0.8}Pu_{0.2})N$
K0_G3_Kd3p2e5_AP3p4,rizk2025_refit_plot,rizk2025_refit_full,1800.0,1.3,35000000000000.0,1.0108792914629576e+22,3.7594959385334837e+25,6.027757592485157e+25,4.907919160363868e+22,6.66959175632979e+18,2.768107310893292,158.75550312718966,0.43604848015842046,11.178260519990417,11.614309000148836,2.364372848267666,13.978681848416501,1744021529920.0945,4.360053824800236e+17,352.426494142232,0.5,6301966.630460679,6299185.892375204,1.0004414440426088,802032230.618784,801992029.450472,14044750.00388069,13983767.216065634,1.0000501266432031,1.0043609698926477,0.009465527602390863,35.20263287396566,56.441858443471816,8.346043154960125,5.495664765190263,2.8503783897698614,8.913229716718936e+24,5.869143208192899e+24,3.0440865085260375e+24,1.0679587381981997e+26,1.0375178731129394e+26,1.347245959059276,1.620007094905397e+16,0.0013073438425500355,1.1066234314275612e-07,2.3013726259858416e-05,2.3013726259858416e-05,0.1470550718519161,0.1470550718519161,2.1363883468347432e+21,0.0001246309450443158,2.8109916689626407e-17,2.4025223904971453e-18,2.4025223904971453e-17,2.3978131732901632e-12,1.7995675661038836e+19,35000000000000.0,35000000000000.0,0.0,0.0516014794370206,0.029331144780798825,1.3490363502000518e-05,4.895551648265985e-06,1.3490363502000518e-05,4.895551648265985e-06,1.202629465939615e-27,1.7469423606763184e+19,2.7046042475554226e+20,1311.7686968060455,1.3654288197700514e-19,-831305.5664304971,3.639182347988659e+21,4.839318040593853e+21,0.0,0.0,0.0,0.0,0.3333333333333333,0.3333333333333333,2.0,2.721817440169872e-17,1.0491064501063835e-24,0.0,8.91742287927684e-19,,0.0,0.0,0.0,0.0,0.0,2.721817440169872e-17,8.91742287927684e-19,3.732157806406955e-08,17.0,4.77868583723649e-16,2.397813173290163e-18,4.7092172069822286e-21,,,2.397813173290163e-18,4.7092172069822286e-21,10.0,,9.536544540177922e-08,3.4095948968030423,32882313908642.25,0.0003745201162706361,0.02895662466452819,0.0003745201162706361,0.02895662466452819,0.0516014794370206,0.029331144780798825,False,False,1.0,1.3456156241561865,1.6946483462460147e-08,0.17572782117183453,0.7391215292725616,1.0,2.669184933268693,3.295539754205238e-07,0.4823335218928493,0.33260610931387224,0.16337223824164143,0.4817163744044957,0.004360484801584205,0.11178260519990417,True,AP3.4,130.0,8.3,7.498198192099515e+19,$(U_{0.8}Pu_{0.2})N$
K0_G3_Kd3p2e5_ANP6,rizk2025_refit_plot,rizk2025_refit_full,900.0,3.2,35000000000000.0,1.633891581818011e+23,2.177900008742973e+26,2.84448213778245e+25,9.950306274527194e+23,1.0999204952087052e+19,1.7029245135790805,46.10559745071753,2.0583122066086803,0.45155521899660656,2.5098674256052873,0.14013043817518633,2.6499978637804733,7676595621750.275,1.919148905437569e+18,83.84331629790346,0.1245623011490365,1208263559898.112,26477960.295751236,45632.80352421992,1306740956.9063904,1303639698.8226852,168491056.04606876,48150335.8105915,1.0023789227088635,3.4992706324803295,0.06215300567074259,82.8470096180406,10.820369993167056,6.270467383121634,6.270467383121634,0.0,1.6483939530811177e+25,1.6483939530811177e+25,0.0,2.6288215094111468e+26,2.628821509411148e+26,1.0113808188006372,1.3888490256088885e+17,0.0045898662844647,3.8669273662432713e-07,1.9649382308494415e-07,1.9649382308494415e-07,0.004847139625159118,0.004847139625159118,1.0134877787420244e+21,7.939680845625912e-06,9.229586270335752e-19,5.911994148657879e-25,5.911994148657879e-24,5.119872410101689e-28,1.8625632456264503e+19,35000000000000.0,35000000000000.0,0.0,0.022073289654877936,0.0009885729786409316,1.6482360169172036e-05,5.67061716064691e-06,1.6482360169172036e-05,5.67061716064691e-06,8.16386806474666e-30,5.935786712453155e+18,2.4258497875081257e+18,0.00030353695646533123,9.904867569217373e-22,-100119.11705860187,2.5868564704197167e+21,0.0,0.0,0.0,0.0,0.0,0.3333333333333333,0.3333333333333333,2.0,2.4966082885114063e-31,1.1115015552558786e-24,0.0,9.229586270333256e-19,,0.0,0.0,0.0,0.0,0.0,2.4966082885114063e-31,9.229586270333256e-19,1.2042810183467137e-06,17.0,1.5690296659570778e-17,5.119872410101689e-34,5.911994143538007e-25,,,5.119872410101689e-34,5.911994143538007e-25,10.0,,9.536544540177922e-08,3.4095948968030423,33985763417483.523,5.908469753916448e-06,0.000982664508887015,5.908469753916448e-06,0.000982664508887015,0.022073289654877936,0.0009885729786409316,False,False,1.0,1.7560952171437108,6.214079179336778e-09,0.3078343925620327,0.5528339145494175,1.0,1.321533038731356,2.7894372338145e-07,0.16603693799034408,0.7532332681491414,0.27405459186309394,0.1652863370917562,0.020583122066086805,0.004515552189966065,True,ANP6,125.0,8.0,7.76068019011021e+19,$(U_{0.8}Pu_{0.2})N$
K0_G3_Kd3p2e5_ANP6,rizk2025_refit_plot,rizk2025_refit_full,925.0,3.2,35000000000000.0,1.632693022906363e+23,2.1769190957542065e+26,2.8553522876096295e+25,9.938405337529455e+23,1.0976061078585973e+19,1.7050589074603597,47.85614685040134,2.0635903027732097,0.503904584383379,2.567494887156589,0.1400692505937019,2.707564137750291,7677150845182.512,1.9192877112956278e+18,83.82909022063495,0.12452904076240238,468218918730.6665,26482453.69426109,17680.345036613144,1303952062.9511821,1302007801.7753837,139608589.635936,46389025.153649256,1.0014932792055065,3.0095176428805273,0.06210741265853704,82.8096958260903,10.861719890024887,6.266476871226283,6.266476871226283,0.0,1.6473449187307119e+25,1.6473449187307119e+25,0.0,2.6288215094111468e+26,2.628821509411147e+26,1.012712234287187,1.3868124164999789e+17,0.004586426672158919,3.8441011146060637e-07,2.296929391774889e-07,2.296929391774889e-07,0.005406735173204754,0.005406735173204754,1.1818112666243438e+21,8.431544125074914e-06,9.229586270347583e-19,1.005157781403788e-24,1.005157781403788e-23,3.600113810511962e-27,1.8625632456264503e+19,35000000000000.0,35000000000000.0,0.0,0.022071486732080085,0.0009877340119420505,1.6476264044749155e-05,5.64017543334271e-06,1.6476264044749155e-05,5.64017543334271e-06,9.567337610180932e-30,6.126736641196021e+18,2.9542681890826404e+18,0.000804514469245251,9.901955433137404e-22,-100107.9670878229,2.585367572933717e+21,0.0,0.0,0.0,0.0,0.0,0.3333333333333333,0.3333333333333333,2.0,1.4326320272288242e-30,7.928467239249499e-24,0.0,9.229586270333256e-19,,0.0,0.0,0.0,0.0,0.0,1.4326320272288242e-30,9.229586270333256e-19,8.590273720851104e-06,17.0,1.569029665959089e-17,3.600113810511962e-33,1.0051577778036742e-24,,,3.600113810511962e-33,1.0051577778036742e-24,10.0,,9.536544540177922e-08,3.4095948968030423,33949470337819.6,6.118881314487338e-06,0.0009816151306275632,6.118881314487338e-06,0.0009816151306275632,0.022071486732080085,0.0009877340119420505,False,False,1.0,1.7569333897335537,6.216558705295683e-09,0.3080549405003823,0.5525344644574798,1.0,1.3367466867373594,2.7913963232688657e-07,0.1721914350168185,0.7442655760536068,0.27428864314767,0.17144155736399175,0.0206359030277321,0.00503904584383379,True,ANP6,125.0,8.0,7.76068019011021e+19,$(U_{0.8}Pu_{0.2})N$
K0_G3_Kd3p2e5_ANP6,rizk2025_refit_plot,rizk2025_refit_full,950.0,3.2,35000000000000.0,1.6315198694240276e+23,2.1759712532228886e+26,2.8658833336649383e+25,9.926647940859122e+23,1.0950120776667378e+19,1.707176612394539,49.68627527744846,2.068838483516914,0.5626221708844257,2.6314606544013395,0.14004898102300614,2.7715096354243456,7677327722367.825,1.9193319305919562e+18,83.82440260930731,0.12451798291218837,190856282652.2054,26483934.640692636,7206.492737637036,1301651884.6291337,1300392697.441045,117826951.73211834,44680346.586728565,1.0009683130261855,2.6371091706597585,0.062062786065284675,82.77364002968402,10.901779840910132,6.262517343340586,6.262517343340586,0.0,1.6463040295234085e+25,1.6463040295234085e+25,0.0,2.6288215094111468e+26,2.6288215094111475e+26,1.0142086223595626,1.3848204331856821e+17,0.004582980580235908,3.820924341041874e-07,2.6563679726975153e-07,2.6563679726975153e-07,0.006034441922979181,0.006034441922979181,1.3664605313807868e+21,8.96875131906967e-06,9.229586270408242e-19,1.654156910152138e-24,1.654156910152138e-23,2.2845010932250072e-26,1.8625632456264503e+19,35000000000000.0,35000000000000.0,0.0,0.02206975181002921,0.00098686491051966,1.6470219880250912e-05,5.6105738000879965e-06,1.6470219880250912e-05,5.6105738000879965e-06,1.1091739089159227e-29,6.320490690148797e+18,3.526603628790654e+18,0.0020258769842418,9.901941036492428e-22,-100113.70221379722,2.5839102282016185e+21,0.0,0.0,0.0,0.0,0.0,0.3333333333333333,0.3333333333333333,2.0,7.498646671560408e-30,4.1448101342312676e-23,0.0,9.229586270333256e-19,,0.0,0.0,0.0,0.0,0.0,7.498646671560408e-30,9.229586270333256e-19,4.490786491178152e-05,17.0,1.5690296659694012e-17,2.284501093225007e-32,1.6541568873071272e-24,,,2.284501093225007e-32,1.6541568873071272e-24,10.0,,9.536544540177922e-08,3.4095948968030423,33911873859113.484,6.336844631847775e-06,0.0009805280658878122,6.336844631847775e-06,0.0009805280658878122,0.02206975181002921,0.00098686491051966,False,False,1.0,1.7577661886919074,6.219012220541681e-09,0.3082739174729598,0.55223719182579,1.0,1.3529049384913903,2.7935986868962895e-07,0.1786066425212112,0.7349388418823178,0.2745209724937747,0.17785753981248356,0.02068838483516914,0.0056262217088442566,True,ANP6,125.0,8.0,7.76068019011021e+19,$(U_{0.8}Pu_{0.2})N$
K0_G3_Kd3p2e5_ANP6,rizk2025_refit_plot,rizk2025_refit_full,975.0,3.2,35000000000000.0,1.6303671698247506e+23,2.1750764870711587e+26,2.8758714709752603e+25,9.915078312333023e+23,1.0921530254625968e+19,1.709288607870295,51.56904437960309,2.0741060220890852,0.6273925442123898,2.7014985663014754,0.14012008754265023,2.8416186538441255,7676660081038.068,1.919165020259517e+18,83.84101723888892,0.1245565158970822,81513154331.55132,26478686.365106177,3078.4440439224354,1299626546.28312,1298785933.3866568,101093376.8386766,43049081.609083846,1.0006472297511502,2.3483283048097534,0.06201893753486334,82.7396032512825,10.939774574575253,6.258603236607441,6.258603236607441,0.0,1.6452750807263861e+25,1.6452750807263861e+25,0.0,2.6288215094111468e+26,2.6288215094111478e+26,1.0158629615173835,1.3828645808091898e+17,0.004579506363139612,3.79771265621579e-07,3.038601274973222e-07,3.038601274973222e-07,0.00672714904325964,0.00672714904325964,1.5656101768906783e+21,9.55304779115104e-06,9.229586270693807e-19,2.6424228814455974e-24,2.6424228814455972e-23,1.3186026336093777e-25,1.8625632456264503e+19,35000000000000.0,35000000000000.0,0.0,0.022068311335903073,0.0009859799228997502,1.646419627509235e-05,5.582249210378179e-06,1.646419627509235e-05,5.582249210378179e-06,1.2717696975649298e-29,6.518424939570342e+18,4.1346792820382996e+18,0.004866535837639222,9.908268270404569e-22,-100155.84394482363,2.5824784098001903e+21,0.0,0.0,0.0,0.0,0.0,0.3333333333333333,0.3333333333333333,2.0,3.605513394506346e-29,1.6519152081715012e-22,0.0,9.229586270333256e-19,,0.0,0.0,0.0,0.0,0.0,3.605513394506346e-29,9.229586270333256e-19,0.00017898041794318947,17.0,1.5690296660179473e-17,1.3186026336093777e-31,2.642422749585334e-24,,,1.3186026336093777e-31,2.642422749585334e-24,10.0,,9.536544540177922e-08,3.4095948968030423,33873590387271.277,6.558785450313754e-06,0.0009794211374494364,6.558785450313754e-06,0.0009794211374494364,0.022068311335903073,0.0009859799228997502,False,False,1.0,1.7586021093338278,6.22143034031045e-09,0.3084935580765689,0.5519390628283289,1.0,1.3697981817268432,2.796034135484752e-07,0.1851846029302945,0.7253983946173498,0.27475376402994817,0.18443632119765302,0.020741060220890853,0.006273925442123898,True,ANP6,125.0,8.0,7.76068019011021e+19,$(U_{0.8}Pu_{0.2})N$
K0_G3_Kd3p2e5_ANP6,rizk2025_refit_plot,rizk2025_refit_full,1000.0,3.2,35000000000000.0,1.629231617468674e+23,2.1742473310194498e+26,2.8851877995350703e+25,9.903732459522187e+23,1.0890487213870301e+19,1.7114007113460556,53.480447717849366,2.0794219958273046,0.6977840238710166,2.7772060196983213,0.14038682014995127,2.9175928398482727,7674189304905.817,1.9185473262264543e+18,83.90318597562909,0.12470115485629764,36346892578.80174,26459066.770656742,1373.7027421961327,1297760366.9759526,1297183053.204366,88023262.18913764,41510497.6628508,1.000445051891605,2.1205060682255503,0.061975741283158484,82.70806227184586,10.975213757214538,6.254748229656429,6.254748229656429,0.0,1.6442616682072112e+25,1.6442616682072112e+25,0.0,2.6288215094111468e+26,2.6288215094111468e+26,1.0176652857622788,1.3809391783408696e+17,0.004575994454208324,3.7746904803475915e-07,3.4382869679891265e-07,3.4382869679891265e-07,0.0074805690585349905,0.0074805690585349905,1.7771074526889477e+21,1.0185300616088705e-05,9.229586271935955e-19,4.1078364398687146e-24,4.107836439868715e-23,6.972208708889678e-25,1.8625632456264503e+19,35000000000000.0,35000000000000.0,0.0,0.022067313993936643,0.000985091547578817,1.6458176621606267e-05,5.5554763866344125e-06,1.6458176621606267e-05,5.5554763866344125e-06,1.442266676852924e-29,6.720889352104916e+18,4.769156089571824e+18,0.011194742311203227,9.928114215715102e-22,-100275.2931155216,2.58106809276096e+21,0.0,0.0,0.0,0.0,0.0,0.3333333333333333,0.3333333333333333,2.0,1.6026995865756309e-28,5.19276648232866e-22,0.0,9.229586270333256e-19,,0.0,0.0,0.0,0.0,0.0,1.6026995865756309e-28,9.229586270333256e-19,0.000562621804415882,17.0,1.5690296662291124e-17,6.972208708889678e-31,4.1078357426478436e-24,,,6.972208708889678e-31,4.1078357426478436e-24,10.0,,9.536544540177922e-08,3.4095948968030423,33835160610141.254,6.781568738147852e-06,0.000978309978840669,6.781568738147852e-06,0.000978309978840669,0.022067313993936643,0.000985091547578817,False,False,1.0,1.7594461888621633,6.223805346625506e-09,0.30871518285359856,0.5516382858686105,1.0,1.3872287830833527,2.798688148773451e-07,0.1918384678753578,0.7157723176191684,0.27498829683869697,0.1910910472849792,0.020794219958273047,0.006977840238710165,True,ANP6,125.0,8.0,7.76068019011021e+19,$(U_{0.8}Pu_{0.2})N$
K0_G3_Kd3p2e5_ANP6,rizk2025_refit_plot,rizk2025_refit_full,1025.0,3.2,35000000000000.0,1.6281106515532455e+23,2.1734904768883822e+26,2.893762655721698e+25,9.892635033412098e+23,1.0857231887459193e+19,1.7135158835820716,55.399705009411626,2.084802887599276,0.7732680734727962,2.8580709610720727,0.1410564668510038,2.9991274279230766,7668024785011.863,1.917006196252966e+18,84.05889442592245,0.12506388583128497,16865959684.883257,26410054.702258695,638.618884929489,1295988964.958937,1295581804.213646,77662922.21452223,40072415.5412534,1.0003142686505528,1.938064405789825,0.061933099897601665,82.67927164728813,11.00783238938842,6.250962863425849,6.250962863425849,0.0,1.6432665629904166e+25,1.6432665629904166e+25,0.0,2.6288215094111468e+26,2.628821509411147e+26,1.0196031257917366,1.3790398254202762e+17,0.004572442432637765,3.7520132941635606e-07,3.8495394983670375e-07,3.8495394983670375e-07,0.008289422225408374,0.008289422225408374,1.9985301079700902e+21,1.0867500778493673e-05,9.22958627695745e-19,6.228609020264905e-24,6.228609020264905e-23,3.398959714178951e-24,1.8625632456264503e+19,35000000000000.0,35000000000000.0,0.0,0.02206685041815866,0.0009842103734779375,1.6452152489180274e-05,5.530401799747799e-06,1.6452152489180274e-05,5.530401799747799e-06,1.6181583469025218e-29,6.927330531671999e+18,5.419854918303716e+18,0.02475254777562605,9.97580469964881e-22,-100553.49990114868,2.579676149179505e+21,0.0,0.0,0.0,0.0,0.0,0.3333333333333333,0.3333333333333333,2.0,6.624193185834588e-28,1.3258494972592796e-21,0.0,9.229586270333256e-19,,0.0,0.0,0.0,0.0,0.0,6.624193185834588e-28,9.229586270333256e-19,0.0014365210503198725,17.0,1.5690296670827666e-17,3.398959714178951e-30,6.228605621305191e-24,,,3.398959714178951e-30,6.228605621305191e-24,10.0,,9.536544540177922e-08,3.4095948968030423,33797042589083.195,7.002538729784362e-06,0.000977207834748153,7.002538729784362e-06,0.000977207834748153,0.02206685041815866,0.0009842103734779375,False,False,1.0,1.760301284514044,6.226131861376375e-09,0.3089395367432477,0.5513338514411568,1.0,1.4050151122729146,2.8015425207288046e-07,0.19849358138896908,0.7061699218797384,0.275225287018446,0.1977470559669531,0.020848028875992762,0.007732680734727963,True,ANP6,125.0,8.0,7.76068019011021e+19,$(U_{0.8}Pu_{0.2})N$
K0_G3_Kd3p2e5_ANP6,rizk2025_refit_plot,rizk2025_refit_full,1050.0,3.2,35000000000000.0,1.627002072115978e+23,2.172808322349709e+26,2.9015702981722814e+25,9.88180010083721e+23,1.0822037611293819e+19,1.7156354714672268,57.30921813651584,2.090257181534112,0.8532397870800004,2.943496968614112,0.14252689503605734,3.086023863650169,7654596223905.611,1.913649055976403e+18,84.39926961018443,0.12585797110159838,8119739875.393791,26303545.163998827,308.6937454540207,1294275599.9065862,1293981173.1109967,69342381.6362535,38737223.64719329,1.0002275356100288,1.790071024908821,0.0618909296919297,82.6533225847051,11.037532551315095,6.24725393428789,6.24725393428789,0.0,1.6422915517209418e+25,1.6422915517209418e+25,0.0,2.6288215094111468e+26,2.628821509411147e+26,1.0216619796682918,1.3771627466104304e+17,0.0045688520807527465,3.7297879493523837e-07,4.266107421972915e-07,4.266107421972915e-07,0.009147629452277959,0.009147629452277959,2.2272516647867452e+21,1.1600024763222203e-05,9.229586295923071e-19,9.230255568932457e-24,9.230255568932457e-23,1.5366002896313798e-23,1.8625632456264503e+19,35000000000000.0,35000000000000.0,0.0,0.022066969226902676,0.0009833451073882453,1.644612006032601e-05,5.5070773644746915e-06,1.644612006032601e-05,5.5070773644746915e-06,1.7967645703605254e-29,7.136538534058651e+18,6.076112482199207e+18,0.05281278283821523,1.007890314140243e-21,-101145.4721473184,2.57829987838039e+21,0.0,0.0,0.0,0.0,0.0,0.3333333333333333,0.3333333333333333,2.0,2.558981501392922e-27,2.8205305937173354e-21,0.0,9.229586270333256e-19,,0.0,0.0,0.0,0.0,0.0,2.558981501392922e-27,9.229586270333256e-19,0.0030559664358555606,17.0,1.569029670306922e-17,1.5366002896313797e-29,9.230240202929561e-24,,,1.5366002896313797e-29,9.230240202929561e-24,10.0,,9.536544540177922e-08,3.4095948968030423,33759612923151.383,7.219512155978917e-06,0.0009761255952322664,7.219512155978917e-06,0.0009761255952322664,0.022066969226902676,0.0009833451073882453,False,False,1.0,1.7611688569690973,6.228406703540503e-09,0.3091669964209718,0.5510252502747746,1.0,1.4229931717099367,2.8045760477966535e-07,0.20508731711038075,0.6966820934315728,0.27546509424482063,0.20434171447203656,0.02090257181534112,0.008532397870800004,True,ANP6,125.0,8.0,7.76068019011021e+19,$(U_{0.8}Pu_{0.2})N$
K0_G3_Kd3p2e5_ANP6,rizk2025_refit_plot,rizk2025_refit_full,1075.0,3.2,35000000000000.0,1.625903884288351e+23,2.1722002795026277e+26,2.9086157593500877e+25,9.871233242361566e+23,1.0785201082405183e+19,1.7177599017807432,59.1943559410736,2.0957882685175218,0.9370391898377789,3.0328274583553005,0.14553775231252658,3.1783652106678275,7627448083157.45,1.9068620207893627e+18,85.09015410850212,0.12747321631185726,4043896287.96379,26089975.07713034,154.9980893430804,1292598851.942659,1292380848.8593788,62582166.959663674,37503575.5471341,1.0001686833130283,1.668698678636949,0.061849154781625004,82.63019272043304,11.064333386413956,6.2436247383713726,6.2436247383713726,0.0,1.6413375008922209e+25,1.6413375008922209e+25,0.0,2.6288215094111468e+26,2.6288215094111468e+26,1.0238258096846375,1.3753045279979128e+17,0.004565227567721096,3.7080888129161125e-07,4.681576845507742e-07,4.681576845507742e-07,0.010048513665583065,0.010048513665583065,2.460514568620317e+21,1.2382920296732603e-05,9.229586363166182e-19,1.339269735187341e-23,1.339269735187341e-22,6.475908336901747e-23,1.8625632456264503e+19,35000000000000.0,35000000000000.0,0.0,0.022067689668326628,0.0009825027026151027,1.6440078143532262e-05,5.485489185579142e-06,1.6440078143532262e-05,5.485489185579142e-06,1.975321237053678e-29,7.347020366316099e+18,6.727161343167201e+18,0.1092245246643304,1.0288819414250958e-21,-102332.37636912357,2.576936823951559e+21,0.0,0.0,0.0,0.0,0.0,0.3333333333333333,0.3333333333333333,2.0,9.283292620781236e-27,5.111146223267797e-21,0.0,9.229586270333256e-19,,0.0,0.0,0.0,0.0,0.0,9.283292620781236e-27,9.229586270333256e-19,0.005537784709036987,17.0,1.569029681738251e-17,6.475908336901747e-29,1.3392632592790043e-23,,,6.475908336901747e-29,1.3392632592790043e-23,10.0,,9.536544540177922e-08,3.4095948968030423,33723172238196.652,7.430746402489603e-06,0.0009750719562126132,7.430746402489603e-06,0.0009750719562126132,0.022067689668326628,0.0009825027026151027,False,False,1.0,1.7620494718778656,6.2306284652129354e-09,0.3093977029504424,0.5507122930296048,1.0,1.4410169090528753,2.8077652555233817e-07,0.21156827174389656,0.6873826102236003,0.27570785216697774,0.21082361289960996,0.020957882685175216,0.00937039189837779,True,ANP6,125.0,8.0,7.76068019011021e+19,$(U_{0.8}Pu_{0.2})N$
K0_G3_Kd3p2e5_ANP6,rizk2025_refit_plot,rizk2025_refit_full,1100.0,3.2,35000000000000.0,1.6248142388474625e+23,2.171663798522298e+26,2.914924453171827e+25,9.86093376404612e+23,1.0747032481523229e+19,1.7198890818989256,61.04317480298862,2.1013963306241337,1.023973009113386,3.1253693397375195,0.15142637193693087,3.2767957116744504,7575411220832.822,1.8938528052082056e+18,86.41960506058376,0.13059057389542705,2077474621.2653043,25688615.429840107,80.87141274465469,1290946008.6129336,1290780913.3533792,57033123.10515203,36367702.1577736,1.0001279033938653,1.5682355420126866,0.061807704822508816,82.60978505949414,11.08833156886626,6.2400756668171,6.2400756668171,0.0,1.6404045133281898e+25,1.6404045133281898e+25,0.0,2.6288215094111468e+26,2.6288215094111468e+26,1.0260775601724135,1.3734620227701979e+17,0.004561574294807483,3.6869693151260184e-07,5.089592965166406e-07,5.089592965166406e-07,0.010985008528339299,0.010985008528339299,2.695509724391474e+21,1.3215539794118532e-05,9.229586587946777e-19,1.9057338427981425e-23,1.9057338427981425e-22,2.556484784617257e-22,1.8625632456264503e+19,35000000000000.0,35000000000000.0,0.0,0.022069011223931716,0.0009816885349566871,1.6434027027146674e-05,5.465580008640383e-06,1.6434027027146674e-05,5.465580008640383e-06,2.1510776697200005e-29,7.557377636038023e+18,7.362520140592975e+18,0.22019204299141623,1.0699143621672328e-21,-104595.1076285941,2.575584715985616e+21,0.0,0.0,0.0,0.0,0.0,0.3333333333333333,0.3333333333333333,2.0,3.1761352235744896e-26,8.043227546416823e-21,0.0,9.229586270333256e-19,,0.0,0.0,0.0,0.0,0.0,3.1761352235744896e-26,9.229586270333256e-19,0.008714613021693452,17.0,1.569029719950952e-17,2.556484784617257e-28,1.9057082779502963e-23,,,2.556484784617257e-28,1.9057082779502963e-23,10.0,,9.536544540177922e-08,3.4095948968030423,33687952568005.734,7.63489672648611e-06,0.0009740536382302009,7.63489672648611e-06,0.0009740536382302009,0.022069011223931716,0.0009816885349566871,False,False,1.0,1.7629431283284789,6.232797058950549e-09,0.3096316485958592,0.5503949923187968,1.0,1.4589579216381405,2.811085156157194e-07,0.21789520208686372,0.6783298458364042,0.27595355282531675,0.217151501380149,0.021013963306241334,0.01023973009113386,True,ANP6,125.0,8.0,7.76068019011021e+19,$(U_{0.8}Pu_{0.2})N$
K0_G3_Kd3p2e5_ANP6,rizk2025_refit_plot,rizk2025_refit_full,1125.0,3.2,35000000000000.0,1.6237314021660757e+23,2.171195122436803e+26,2.920534446538673e+25,9.850896513545841e+23,1.0707845608702032e+19,1.7220226403252226,62.8461380751391,2.1070795744004096,1.1133366239278695,3.220416198328279,0.16255575578385256,3.3829719541121315,7480246356409.246,1.8700615891023114e+18,88.86061731551258,0.13633759107225224,1097683780.0326958,24982945.95588467,43.93732356348228,1289309414.615465,1289181656.508726,52436807.87164617,35324366.26966257,1.000099100158689,1.4844373278022596,0.061766513867645194,82.59195668720575,11.109671904627978,6.236604894298645,6.236604894298645,0.0,1.6394921091831108e+25,1.6394921091831108e+25,0.0,2.6288215094111468e+26,2.6288215094111475e+26,1.0283996917023581,1.3716323208359613e+17,0.004557898130909632,3.6664693726262757e-07,5.484090476943041e-07,5.484090476943041e-07,0.01194987342356979,0.01194987342356979,2.929460063205526e+21,1.4096263170324793e-05,9.229587299187473e-19,2.6634018997210715e-23,2.6634018997210716e-22,9.494708146321283e-22,1.8625632456264503e+19,35000000000000.0,35000000000000.0,0.0,0.022070920722547946,0.0009809065985590993,1.6427967792292707e-05,5.447265712451163e-06,1.6427967792292707e-05,5.447265712451163e-06,2.321397810168105e-29,7.766558716200588e+18,7.97237882543891e+18,0.43592932651238064,1.1477527627737869e-21,-108694.3431696991,2.574241469602357e+21,0.0,0.0,0.0,0.0,0.0,0.3333333333333333,0.3333333333333333,2.0,1.028854216590493e-25,1.117844112518055e-20,0.0,9.229586270333256e-19,,0.0,0.0,0.0,0.0,0.0,1.028854216590493e-25,9.229586270333256e-19,0.012111528677089001,17.0,1.5690298408618703e-17,9.494708146321284e-28,2.663306952639608e-23,,,9.494708146321284e-28,2.663306952639608e-23,10.0,,9.536544540177922e-08,3.4095948968030423,33654125164303.57,7.830971071832198e-06,0.0009730756274872672,7.830971071832198e-06,0.0009730756274872672,0.022070920722547946,0.0009809065985590993,False,False,1.0,1.7638494751425564,6.234913343949926e-09,0.30986873393920294,0.5500734850997129,1.0,1.47670498982269,2.8145100309204094e-07,0.22403593528125132,0.669568514145046,0.27620210178175725,0.22329320049645038,0.021070795744004098,0.011133366239278695,True,ANP6,125.0,8.0,7.76068019011021e+19,$(U_{0.8}Pu_{0.2})N$
K0_G3_Kd3p2e5_ANP6,rizk2025_refit_plot,rizk2025_refit_full,1150.0,3.2,35000000000000.0,1.6226537083057412e+23,2.1707898135717264e+26,2.9254910198129774e+25,9.841113100209614e+23,1.066794805888579e+19,1.724160080558839,64.59587146598898,2.1128350329837295,1.204436163625666,3.3172711966093957,0.18302430271170414,3.5002954993210995,7314687970707.42,1.8286719926768548e+18,93.13612423250603,0.14645803071702904,594760119.1169562,23836078.839376736,24.95209564982744,1287684401.449102,1287583458.7705152,48598935.66097329,34367521.47803865,1.0000783969985783,1.4140948654685128,0.06172551854497014,82.57653879505807,11.128526639559809,6.23320904683716,6.23320904683716,0.0,1.638599401498168e+25,1.638599401498168e+25,0.0,2.6288215094111468e+26,2.6288215094111468e+26,1.0307747332011434,1.3698127250282779e+17,0.004554204858342611,3.646619433511199e-07,5.859522928167141e-07,5.859522928167141e-07,0.012935915875029309,0.012935915875029309,3.159705657600996e+21,1.5023135797728658e-05,9.22958943709223e-19,3.660792762206921e-23,3.660792762206921e-22,3.330768464716398e-21,1.8625632456264503e+19,35000000000000.0,35000000000000.0,0.0,0.022073397729844155,0.0009801597176682774,1.6421901873796358e-05,5.430446810592269e-06,1.6421901873796358e-05,5.430446810592269e-06,2.4838609489004572e-29,7.973940322473005e+18,8.547963220206147e+18,0.8559901197121745,1.2922541498663581e-21,-115701.51109782427,2.5729052105467725e+21,0.0,0.0,0.0,0.0,0.0,0.3333333333333333,0.3333333333333333,2.0,3.1667589742037936e-25,1.392433705843146e-20,0.0,9.229586270333256e-19,,0.0,0.0,0.0,0.0,0.0,3.1667589742037936e-25,9.229586270333256e-19,0.015086626716538222,17.0,1.569030204305679e-17,3.330768464716398e-27,3.6604596853604494e-23,,,3.330768464716398e-27,3.6604596853604494e-23,10.0,,9.536544540177922e-08,3.4095948968030423,33621807863069.12,8.018287688452467e-06,0.000972141429979825,8.018287688452467e-06,0.000972141429979825,0.022073397729844155,0.0009801597176682774,False,False,1.0,1.7647679516109689,6.236978874463039e-09,0.31010880501126487,0.5497479822310373,1.0,1.494163724847481,2.818014239632134e-07,0.22996638778465153,0.6611312515834903,0.27645335389110354,0.2292246204483008,0.021128350329837297,0.01204436163625666,True,ANP6,125.0,8.0,7.76068019011021e+19,$(U_{0.8}Pu_{0.2})N$
K0_G3_Kd3p2e5_ANP6,rizk2025_refit_plot,rizk2025_refit_full,1175.0,3.2,35000000000000.0,1.6215794303603104e+23,2.1704430939383472e+26,2.929843099085206e+25,9.831572377644099e+23,1.0627631210737068e+19,1.7263008952723444,66.28698075507408,2.118659073488262,1.296611291777005,3.4152703652652674,0.21981863347916622,3.635088998744434,7042985866283.607,1.7607464665709018e+18,100.25739239042029,0.16340701229449783,329581309.5161453,22143005.588604596,14.88421742013907,1286068074.9437137,1285986704.9132063,45371228.75658598,33490739.42894986,1.0000632743948257,1.35473953487472,0.061684653163216946,82.56334962903298,11.145081887820856,6.2298838299829615,6.2298838299829615,0.0,1.6377252613391906e+25,1.6377252613391906e+25,0.0,2.6288215094111468e+26,2.628821509411147e+26,1.0331858675892547,1.368000682481124e+17,0.004550499672291846,3.6274417936258277e-07,6.211079470539705e-07,6.211079470539705e-07,0.013936228203758396,0.013936228203758396,3.3837880246180727e+21,1.599375334523387e-05,9.229595562117292e-19,4.954703152658314e-23,4.954703152658314e-22,1.1076769180051558e-20,1.8625632456264503e+19,35000000000000.0,35000000000000.0,0.0,0.02207641931533296,0.0009794497997925977,1.6415830734930957e-05,5.4150159963389155e-06,1.6415830734930957e-05,5.4150159963389155e-06,2.6363570870466765e-29,8.179279043655615e+18,9.081861468838971e+18,1.6880723536563738,1.5570026981375843e-21,-126845.15165033322,2.5715743394417617e+21,0.0,0.0,0.0,0.0,0.0,0.3333333333333333,0.3333333333333333,2.0,9.291784035179553e-25,1.5748113098161132e-20,0.0,9.229586270333256e-19,,0.0,0.0,0.0,0.0,0.0,9.291784035179553e-25,9.229586270333256e-19,0.01706262532542485,17.0,1.5690312455599397e-17,1.1076769180051557e-26,4.953595475740309e-23,,,1.1076769180051557e-26,4.953595475740309e-23,10.0,,9.536544540177922e-08,3.4095948968030423,33591071415368.383,8.196439346383216e-06,0.0009712533604462144,8.196439346383216e-06,0.0009712533604462144,0.02207641931533296,0.0009794497997925977,False,False,1.0,1.7656978752237742,6.238995801800149e-09,0.31035167642205297,0.5494187370543887,1.0,1.5112565783148164,2.821573081207323e-07,0.23566978773413508,0.6530398977274645,0.2767071358748909,0.2349289836280913,0.02118659073488262,0.01296611291777005,True,ANP6,125.0,8.0,7.76068019011021e+19,$(U_{0.8}Pu_{0.2})N$
K0_G3_Kd3p2e5_ANP6,rizk2025_refit_plot,rizk2025_refit_full,1200.0,3.2,35000000000000.0,1.6205064469194684e+23,2.17015003052806e+26,2.933641234422806e+25,9.822259893345572e+23,1.0587159366744381e+19,1.7284446822296824,67.91596008729103,2.1245476932722487,1.389260196855745,3.5138078901279934,0.28458636904589213,3.798394259173886,6627279237647.508,1.6568198094118769e+18,111.50819455060174,0.1902084914195103,186447680.77114102,19908850.72569781,9.365064982403998,1284458564.6608074,1284391697.821775,42638754.74774106,32687456.63238329,1.00005206109565,1.3044378223510686,0.06164383702423601,82.5522015381779,11.159529941155794,6.22662468364209,6.22662468364209,0.0,1.6368684899388703e+25,1.6368684899388703e+25,0.0,2.6288215094111468e+26,2.628821509411147e+26,1.0356175920921935,1.3661935884911851e+17,0.004546786529684817,3.6089495125620725e-07,6.534873113421065e-07,6.534873113421065e-07,0.014944455630595302,0.014944455630595302,3.5995309323397675e+21,1.700560762429571e-05,9.229612338152461e-19,6.611179243465562e-23,6.611179243465562e-22,3.503783313863259e-20,1.8625632456264503e+19,35000000000000.0,35000000000000.0,0.0,0.022079966046666656,0.000978778208223995,1.640975553837814e-05,5.400862572024185e-06,1.640975553837814e-05,5.400862572024185e-06,2.777170173840533e-29,8.382604565110506e+18,9.568288841826757e+18,3.3911005937800467,2.040386558635886e-21,-142989.14323586,2.570247655345749e+21,0.0,0.0,0.0,0.0,0.0,0.3333333333333333,0.3333333333333333,2.0,2.6067819204802983e-24,1.635620778320907e-20,0.0,9.229586270333256e-19,,0.0,0.0,0.0,0.0,0.0,2.6067819204802983e-24,9.229586270333256e-19,0.017721446127913074,17.0,1.5690340974859185e-17,3.503783313863259e-26,6.607675460151699e-23,,,3.503783313863259e-26,6.607675460151699e-23,10.0,,9.536544540177922e-08,3.4095948968030423,33561944236030.203,8.365268160427635e-06,0.0009704129400635673,8.365268160427635e-06,0.0009704129400635673,0.022079966046666656,0.000978778208223995,False,False,1.0,1.7666384892647702,6.240966994052763e-09,0.3105971439177308,0.549086028335709,1.0,1.5279235267157714,2.8251637664925557e-07,0.24113619731785454,0.6453063369448289,0.27696325948482714,0.24039634722619066,0.021245476932722485,0.01389260196855745,True,ANP6,125.0,8.0,7.76068019011021e+19,$(U_{0.8}Pu_{0.2})N$
K0_G3_Kd3p2e5_ANP6,rizk2025_refit_plot,rizk2025_refit_full,1225.0,3.2,35000000000000.0,1.6194314375116822e+23,2.1699055759043256e+26,2.936936974004895e+25,9.813155578998263e+23,1.054675670381581e+19,1.7305913182918395,69.48123186131407,2.130496650001624,1.4818698631597487,3.612366513161373,0.3961149537211479,4.008481466882522,6041932169182.15,1.5104830422955377e+18,128.39919669636853,0.22992252576470806,107643588.18846963,17289827.795805734,6.225833447258649,1282854494.9857137,1282798530.4995208,40310867.3262714,31951074.27616086,1.0000436268711432,1.2616435672195192,0.06160294381775784,82.54290251871768,11.172066888112028,6.223427649352539,6.223427649352539,0.0,1.6360280466882005e+25,1.6360280466882005e+25,0.0,2.6288215094111468e+26,2.6288215094111468e+26,1.0380565356840785,1.3643882944852666e+17,0.004543066986121046,3.591142767087038e-07,6.828074526388014e-07,6.828074526388014e-07,0.01595512998147739,0.01595512998147739,3.8051129954200736e+21,1.805658620748085e-05,9.229656387498668e-19,8.707186635561624e-23,8.707186635561624e-22,1.057421518979397e-19,1.8625632456264503e+19,35000000000000.0,35000000000000.0,0.0,0.02208403274506629,0.0009781464386104338,1.6403676654179945e-05,5.3878743120050344e-06,1.6403676654179945e-05,5.3878743120050344e-06,2.905038188354283e-29,8.584111265078965e+18,1.0003252171620866e+19,7.036929048222746,2.929983491858245e-21,-163750.54189614087,2.568924629462361e+21,0.0,0.0,0.0,0.0,0.0,0.3333333333333333,0.3333333333333333,2.0,7.011716541319382e-24,1.5757510302933402e-20,0.0,9.229586270333256e-19,,0.0,0.0,0.0,0.0,0.0,7.011716541319382e-24,9.229586270333256e-19,0.017072694411762224,17.0,1.5690415858747737e-17,1.057421518979397e-25,8.696612420371831e-23,,,1.057421518979397e-25,8.696612420371831e-23,10.0,,9.536544540177922e-08,3.4095948968030423,33534414887533.777,8.524856891045707e-06,0.0009696215817193882,8.524856891045707e-06,0.0009696215817193882,0.02208403274506629,0.0009781464386104338,False,False,1.0,1.767588974705846,6.24289652956388e-09,0.31084498757475165,0.548750155910296,1.0,1.544123914708344,2.8287666264304197e-07,0.24636246946104484,0.6379327151158377,0.277221527316306,0.24562356018918644,0.021304966500016242,0.014818698631597488,True,ANP6,125.0,8.0,7.76068019011021e+19,$(U_{0.8}Pu_{0.2})N$
K0_G3_Kd3p2e5_ANP6,rizk2025_refit_plot,rizk2025_refit_full,1250.0,3.2,35000000000000.0,1.6183480449817484e+23,2.1697044432347304e+26,2.9397837419667225e+25,9.80422805326442e+23,1.050658972800002e+19,1.7327412924246424,70.98338127138022,2.1365014365536563,1.5740569167577496,3.7105583533114066,0.58347750074149,4.294035854052897,5291507779430.157,1.3228769448575393e+18,152.6963775114991,0.28478556374657793,63490357.79711746,14538655.311798861,4.367003442580538,1281254493.909143,1281206842.4210815,38314503.068213485,31274926.049417168,1.0000371926581124,1.2250869277092185,0.061561731718493766,82.53525146029187,11.18289595334767,6.220290854641953,6.220290854641953,0.0,1.6352034393476212e+25,1.6352034393476212e+25,0.0,2.6288215094111468e+26,2.6288215094111468e+26,1.0404925764554493,1.362579968267574e+17,0.004539337805627177,3.5740018115024806e-07,7.088944967649958e-07,7.088944967649958e-07,0.01696412795904309,0.01696412795904309,3.9991211345898195e+21,1.9145365371213208e-05,9.229767552555075e-19,1.1334130523459807e-22,1.1334130523459808e-21,3.0533079764031823e-19,1.8625632456264503e+19,35000000000000.0,35000000000000.0,0.0,0.02208865111538279,0.0009775575036795024,1.6397592720175186e-05,5.375936997983684e-06,1.6397592720175186e-05,5.375936997983684e-06,3.0191703055297346e-29,8.784075918527482e+18,1.0384543592481114e+19,15.268010840239835,4.60185348715012e-21,-186817.65673747665,2.567605996471523e+21,0.0,0.0,0.0,0.0,0.0,0.3333333333333333,0.3333333333333333,2.0,1.8128222181985484e-23,1.4206355952567515e-20,0.0,9.229586270333256e-19,,0.0,0.0,0.0,0.0,0.0,1.8128222181985484e-23,9.229586270333256e-19,0.015391889201624338,17.0,1.5690604839343627e-17,3.0533079764031822e-25,1.1303597443695776e-22,,,3.0533079764031822e-25,1.1303597443695776e-22,10.0,,9.536544540177922e-08,3.4095948968030423,33508431351598.18,8.675546340352859e-06,0.0009688819573391495,8.675546340352859e-06,0.0009688819573391495,0.02208865111538279,0.0009775575036795024,False,False,1.0,1.768548421183064,6.244790912991021e-09,0.31109496432297273,0.5484114507893934,1.0,1.5598402103877083,2.83236676877608e-07,0.25135283972886185,0.6309107566850044,0.2774817318408833,0.2506148554650714,0.021365014365536564,0.015740569167577496,True,ANP6,125.0,8.0,7.76068019011021e+19,$(U_{0.8}Pu_{0.2})N$
K0_G3_Kd3p2e5_ANP6,rizk2025_refit_plot,rizk2025_refit_full,1275.0,3.2,35000000000000.0,1.617242857229415e+23,2.1695407469719714e+26,2.942239701286746e+25,9.79542215066998e+23,1.0466741763535583e+19,1.7348963944667717,72.42567426395061,2.142557076343918,1.6656270293275939,3.8081841056715118,0.8900558664814562,4.698239972152968,4420386862081.014,1.1050967155202534e+18,186.63775637089674,0.35541876427608854,38303125.6634695,11894699.353266414,3.2201844305506593,1279656534.1235816,1279615317.1338668,36588988.11943414,30652113.6677217,1.0000322104535346,1.193685646480043,0.06151969053203904,82.52902447750994,11.192238388013664,6.217217443944347,6.217217443944347,0.0,1.634395494532709e+25,1.634395494532709e+25,0.0,2.6288215094111468e+26,2.6288215094111464e+26,1.042920476289139,1.360759590179034e+17,0.0045355859103158366,3.5574748606225097e-07,7.31668435728714e-07,7.31668435728714e-07,0.017969343609021735,0.017969343609021735,4.180558804238517e+21,2.0272839452432695e-05,9.230037822986944e-19,1.4605900990819512e-22,1.4605900990819512e-21,8.457331924393166e-19,1.8625632456264503e+19,35000000000000.0,35000000000000.0,0.0,0.022093938574521733,0.0009770188692110433,1.6391498701056778e-05,5.364931603793119e-06,1.6391498701056778e-05,5.364931603793119e-06,3.11918531257585e-29,8.98280744279076e+18,1.0711435261239951e+19,35.00101301572268,7.857392856692275e-21,-208389.1675594203,2.5662950318183746e+21,0.0,0.0,0.0,0.0,0.0,0.3333333333333333,0.3333333333333333,2.0,4.5155265368944576e-23,1.2079846732221998e-20,0.0,9.229586270333256e-19,,0.0,0.0,0.0,0.0,0.0,4.5155265368944576e-23,9.229586270333256e-19,0.013087537628651693,17.0,1.5691064299077806e-17,8.457331924393166e-25,1.452132767157558e-22,,,8.457331924393166e-25,1.452132767157558e-22,10.0,,9.536544540177922e-08,3.4095948968030423,33483895863483.15,8.817994527116021e-06,0.0009682008746839273,8.817994527116021e-06,0.0009682008746839273,0.022093938574521733,0.0009770188692110433,False,False,1.0,1.7695157381466877,6.246661739724241e-09,0.3113467849381019,0.5480703062938901,1.0,1.57508474398019,2.835956508891609e-07,0.25612043002147283,0.6242198072907967,0.277743646689662,0.25538335415724467,0.021425570763439178,0.01665627029327594,True,ANP6,125.0,8.0,7.76068019011021e+19,$(U_{0.8}Pu_{0.2})N$
K0_G3_Kd3p2e5_ANP6,rizk2025_refit_plot,rizk2025_refit_full,1300.0,3.2,35000000000000.0,1.6160869475664905e+23,2.1694072659142036e+26,2.944373623658486e+25,9.786632991304787e+23,1.0427175235213584e+19,1.7370611441154256,73.81495553202664,2.1486576736523344,1.756662655703628,3.905320329355962,1.3799395830846335,5.285259912440596,3503671922705.8076,8.759179806764518e+17,233.41354559989196,0.44061229055161144,23625101.141150862,9511016.142162692,2.483972352482917,1278056792.3123991,1278020642.8084629,35081800.19518294,30075206.087969426,1.00002828553994,1.166469153779672,0.06147571989124862,82.52394687687062,11.200355798663649,6.214221604574453,6.214221604574453,0.0,1.6336079418352772e+25,1.6336079418352772e+25,0.0,2.6288215094111468e+26,2.6288215094111464e+26,1.0453423033228477,1.3589086761430774e+17,0.004531777857490389,3.5414583143961396e-07,7.510948737289733e-07,7.510948737289733e-07,0.018971686307376705,0.018971686307376705,4.3487497264904007e+21,2.1443982827042804e-05,9.23067223883602e-19,1.8677388802971109e-22,1.8677388802971108e-21,2.2525702314749626e-18,1.8625632456264503e+19,35000000000000.0,35000000000000.0,0.0,0.02210020150240711,0.0009765486346440652,1.6385381865246628e-05,5.3547290461501614e-06,1.6385381865246628e-05,5.3547290461501614e-06,3.204908886465683e-29,9.180624403368886e+18,1.0983852511874451e+19,85.77201840705409,1.4540018816873447e-20,-224947.50479522097,2.565000219162837e+21,0.0,0.0,0.0,0.0,0.0,0.3333333333333333,0.3333333333333333,2.0,1.085968502764781e-22,9.755018938795317e-21,0.0,9.229586270333256e-19,,0.0,0.0,0.0,0.0,0.0,1.085968502764781e-22,9.229586270333256e-19,0.01056804822703294,17.0,1.5692142806021235e-17,2.2525702314749626e-24,1.8452131779823613e-22,,,2.2525702314749626e-24,1.8452131779823613e-22,10.0,,9.536544540177922e-08,3.4095948968030423,33460654162567.85,8.953301515587272e-06,0.000967595333128478,8.953301515587272e-06,0.000967595333128478,0.02210020150240711,0.0009765486346440652,False,False,1.0,1.7704894658255281,6.248531243433347e-09,0.31160006510032884,0.5477272442788403,1.0,1.5899106413581692,2.8395389821919927e-07,0.2606899540741029,0.617823216050465,0.2780070074684271,0.25995377164806643,0.021486576736523343,0.01756662655703628,True,ANP6,125.0,8.0,7.76068019011021e+19,$(U_{0.8}Pu_{0.2})N$
K0_G3_Kd3p2e5_ANP6,rizk2025_refit_plot,rizk2025_refit_full,1325.0,3.2,35000000000000.0,1.6148186749471866e+23,2.1692940738575137e+26,2.946275519785534e+25,9.777653928712042e+23,1.0387679298565093e+19,1.739245694833161,75.16294301399259,2.154795610078426,1.847644749575192,4.002440359653618,1.9634626175632008,5.965902977216819,2528939818561.1743,6.322349546402936e+17,292.66798897395876,0.5,14038498.074500272,7585387.1405032035,1.8507292791345886,1276447476.4201071,1276415406.1700616,33745054.65458097,29535831.2351702,1.000025125245191,1.142512441444295,0.061427474979421644,82.51964106697504,11.207590584746459,6.21134087329909,5.380715887779363,0.8306249855197262,1.6328506490013265e+25,1.4144941661824686e+25,2.1835648281885786e+24,2.6288215094111468e+26,2.606985861129261e+26,1.0477708095905156,1.35698855303761e+17,0.004527838482022848,3.5257665243601876e-07,7.670806544831043e-07,7.670806544831043e-07,0.019976472585537593,0.019976472585537593,4.503010302941612e+21,2.2671527785554522e-05,9.232112917471617e-19,2.378617999571639e-22,2.378617999571639e-21,5.78187606487805e-18,1.8625632456264503e+19,35000000000000.0,35000000000000.0,0.0,0.022108146963033377,0.0009761882498185808,1.6379213616787298e-05,5.345183001884082e-06,1.6379213616787298e-05,5.345183001884082e-06,3.2759305709194306e-29,9.37785378136273e+18,1.120067747765764e+19,150.42176674192316,1.9383957547076155e-20,-247990.21354773908,2.563740675473064e+21,2.7722300481226733e+21,0.0,0.0,0.0,0.0,0.3333333333333333,0.3333333333333333,2.0,2.5266471383605937e-22,7.527425499158216e-21,0.0,9.229586270333256e-19,,0.0,0.0,0.0,0.0,0.0,2.5266471383605937e-22,9.229586270333256e-19,0.008153524081050495,17.0,1.569459195970175e-17,5.78187606487805e-24,2.3207992389228585e-22,,,5.78187606487805e-24,2.3207992389228585e-22,10.0,,9.536544540177922e-08,3.4095948968030423,33438479564378.227,9.08323104166598e-06,0.0009671050187769148,9.08323104166598e-06,0.0009671050187769148,0.022108146963033377,0.0009761882498185808,False,False,1.0,1.7714674118334188,6.2504434504218295e-09,0.31185423140248714,0.5473830422914767,1.0,1.6044273550640777,2.843133198813921e-07,0.26510163840017154,0.6116630653415656,0.2782714775586248,0.2643663393242231,0.02154795610078426,0.01847644749575192,True,ANP6,125.0,8.0,7.76068019011021e+19,$(U_{0.8}Pu_{0.2})N$
K0_G3_Kd3p2e5_ANP6,rizk2025_refit_plot,rizk2025_refit_full,1350.0,3.2,35000000000000.0,1.6133098596755622e+23,2.169186130300396e+26,2.9480746087655006e+25,9.768075253142109e+23,1.034781111026119e+19,1.7414715783459271,76.48757480084963,2.1609602531855043,1.9395892773737882,4.1005495305592925,2.2529977855482697,6.353547316107562,1920711952903.8591,4.8017798822596474e+17,335.8252533870665,0.5000000000000001,9980597.076127864,6610580.882794023,1.50979123515534,1274812629.9921074,1274783939.9759748,32533075.199500322,29024321.999752305,1.000022505787242,1.120890100370922,0.06137007985897612,82.515534909264,11.214434293889607,6.208660716987403,4.389435802254433,1.81922491473297,1.6321460837452519e+25,1.1539043251145828e+25,4.782417586306691e+24,2.6288215094111468e+26,2.5809973335480797e+26,1.05023327218447,1.3549192928491504e+17,0.004523608788261578,3.510091064604366e-07,7.79284541825531e-07,7.79284541825531e-07,0.020995007081117588,0.020995007081117588,4.6418377821322577e+21,2.39816689041846e-05,9.235283837640407e-19,3.0343633300233184e-22,3.0343633300233186e-21,1.4331663655150738e-17,1.8625632456264503e+19,35000000000000.0,35000000000000.0,0.0,0.022119303298875327,0.0009760279822628968,1.6372933353213167e-05,5.336123651198224e-06,1.6372933353213167e-05,5.336123651198224e-06,3.330795192290264e-29,9.574845911229164e+18,1.135676387192299e+19,191.10111136634816,2.1490299307059935e-20,-158587.3710194791,2.5625568505105314e+21,1.9041809657177037e+21,0.0,0.0,0.0,0.0,0.3333333333333333,0.3333333333333333,2.0,5.697567307150379e-22,5.580606868254579e-21,0.0,9.229586270333256e-19,,0.0,0.0,0.0,0.0,0.0,5.697567307150379e-22,9.229586270333256e-19,0.006042702061315758,17.0,1.569998252398869e-17,1.433166365515074e-23,2.891046693471811e-22,,,1.433166365515074e-23,2.891046693471811e-22,10.0,,9.536544540177922e-08,3.4095948968030423,33417058191795.047,9.210555460701088e-06,0.0009668174268021957,9.210555460701088e-06,0.0009668174268021957,0.022119303298875327,0.0009760279822628968,False,False,1.0,1.7724459883230528,6.2524859320896105e-09,0.3121083500994637,0.5470389651937639,1.0,1.618817278585951,2.846779832482464e-07,0.2694151914940008,0.6056549023592657,0.27853659335140585,0.2686807744917565,0.02160960253185504,0.01939589277373788,True,ANP6,125.0,8.0,7.76068019011021e+19,$(U_{0.8}Pu_{0.2})N$
K0_G3_Kd3p2e5_ANP6,rizk2025_refit_plot,rizk2025_refit_full,1375.0,3.2,35000000000000.0,1.6113014421746897e+23,2.169059226536207e+26,2.9499679280572195e+25,9.757092757823853e+23,1.0306872955557462e+19,1.7437827599240352,77.81302707831037,2.1671360767680357,2.034100768198359,4.201236844966395,2.496111205456774,6.697348050423169,1564789448535.3423,3.911973621338356e+17,372.0630279495929,0.5,8110550.5386617035,5966730.992418752,1.359295491780484,1273120147.533671,1273094361.8783743,31402616.69363638,28529927.22884063,1.0000202543158376,1.1006903887890669,0.061293679940089184,82.51070750794618,11.221636453811614,6.206362358302132,3.914492785687207,2.2918695726149254,1.6315418862704335e+25,1.0290502833449288e+25,6.024916029255048e+24,2.6288215094111468e+26,2.5685723491185963e+26,1.0527731852277318,1.352539718502969e+17,0.004518765300025802,3.4939603239938874e-07,7.868375997290942e-07,7.868375997290942e-07,0.02204527043987321,0.02204527043987321,4.761178424234551e+21,2.5422306556422606e-05,9.242059895885406e-19,3.912758454223057e-22,3.9127584542230566e-21,3.437073971002977e-17,1.8625632456264503e+19,35000000000000.0,35000000000000.0,0.0,0.022136830141904616,0.0009762565364717266,1.6366417435417852e-05,5.3273614064726435e-06,1.6366417435417852e-05,5.3273614064726435e-06,3.365800642240646e-29,9.772004060053418e+18,1.1438649949114806e+19,286.22265704108264,2.8847209544208156e-20,-141294.08847919098,2.5615310418615846e+21,1.8571061895542446e+21,0.0,0.0,0.0,0.0,0.3333333333333333,0.3333333333333333,2.0,1.2473625552150166e-21,3.994251795482064e-21,0.0,9.229586270333256e-19,,0.0,0.0,0.0,0.0,0.0,1.2473625552150166e-21,9.229586270333256e-19,0.00432181985453299,17.0,1.571150182300519e-17,3.437073971002977e-23,3.5690510571227593e-22,,,3.437073971002977e-23,3.5690510571227593e-22,10.0,,9.536544540177922e-08,3.4095948968030423,33395997582356.836,9.33951159459403e-06,0.0009669170248771326,9.33951159459403e-06,0.0009669170248771326,0.022136830141904616,0.0009762565364717266,False,False,1.0,1.7734190500929432,6.254831038064616e-09,0.3123608272713779,0.5466971706031575,1.0,1.6333383305325904,2.8505438966488117e-07,0.2737093281529629,0.5996887207643343,0.2788016848755803,0.27297580450803166,0.021671360767680357,0.020341007681983592,True,ANP6,125.0,8.0,7.76068019011021e+19,$(U_{0.8}Pu_{0.2})N$
K0_G3_Kd3p2e5_ANP6,rizk2025_refit_plot,rizk2025_refit_full,1400.0,3.2,35000000000000.0,1.608285377925679e+23,2.1688733192931414e+26,2.9522643934801145e+25,9.743155453264e+23,1.026403948295214e+19,1.7462663628891133,79.16500984069786,2.1733001343517744,2.1330779853549706,4.306378119706745,2.7209081545804144,7.0272862742871585,1316909723512.5461,3.292274308781366e+17,405.5706030055157,0.4999999999999999,6878886.656891492,5473769.507820587,1.2567000943432785,1271306918.7460933,1271283721.1885118,30319056.19719753,28042692.149817966,1.0000182473488763,1.0811749469422587,0.061178949280810364,82.50363562260134,11.23037217593909,6.204813252178756,3.5753370020976676,2.6294762500810878,1.6311346539206843e+25,9.398922814507915e+24,6.912423724698928e+24,2.6288215094111468e+26,2.5596972721641576e+26,1.0554426134123216,1.3495342269728632e+17,0.004512669893999517,3.476733260781227e-07,7.881215258543835e-07,7.881215258543835e-07,0.023148740339744633,0.023148740339744633,4.851334273849576e+21,2.707100430526946e-05,9.256141022594044e-19,5.167759547233053e-22,5.167759547233053e-21,7.989389038480301e-17,1.8625632456264503e+19,35000000000000.0,35000000000000.0,0.0,0.022167029799762282,0.0009772549920136037,1.6359421100565215e-05,5.318720261706261e-06,1.6359421100565215e-05,5.318720261706261e-06,3.374026602372285e-29,9.96984047328606e+18,1.1421393129824872e+19,428.21468094192653,3.932977902114887e-20,-136443.68283464276,2.5608257180029084e+21,1.946290083207089e+21,0.0,0.0,0.0,0.0,0.3333333333333333,0.3333333333333333,2.0,2.6554752260788454e-21,2.7719141772846878e-21,0.0,9.229586270333256e-19,,0.0,0.0,0.0,0.0,0.0,2.6554752260788454e-21,9.229586270333256e-19,0.0029946758271276377,17.0,1.5735439738409874e-17,7.989389038480301e-23,4.368820643385022e-22,,,7.989389038480301e-23,4.368820643385022e-22,10.0,,9.536544540177922e-08,3.4095948968030423,33374909273419.21,9.476282062025724e-06,0.000967778709951578,9.476282062025724e-06,0.000967778709951578,0.022167029799762282,0.0009772549920136037,False,False,1.0,1.7743759051233003,6.257812154774559e-09,0.31260889594952496,0.5463614022525556,1.0,1.64827420630069,2.8545036492651953e-07,0.27806604939590823,0.5936510605677238,0.27906576963583196,0.27733344377375085,0.021733001343517744,0.021330779853549704,True,ANP6,125.0,8.0,7.76068019011021e+19,$(U_{0.8}Pu_{0.2})N$
K0_G3_Kd3p2e5_ANP6,rizk2025_refit_plot,rizk2025_refit_full,1425.0,3.2,35000000000000.0,1.603296834711823e+23,2.168561016395003e+26,2.9554584710188034e+25,9.723331457986383e+23,1.0218807367196109e+19,1.7490905528750857,80.5568592108759,2.1794182447874175,2.23767184717562,4.417090091963037,2.92783816157667,7.344928253539706,1137338222167.5308,2.843345555418827e+17,436.4149839803482,0.5,5992310.651191136,5086901.416061294,1.1779883589391211,1269251874.7239578,1269231027.7194352,29271410.343286138,27558174.70724182,1.000016424909309,1.0621679648323774,0.06098918579949385,82.4917556643379,11.24252240191394,6.2047327479486745,3.306600839191096,2.898131908757578,1.6311134907955205e+25,8.692463409102502e+24,7.618671498852703e+24,2.6288215094111468e+26,2.5526347944226202e+26,1.0582741405604885,1.3453047171289618e+17,0.004504098184272369,3.457670530052089e-07,7.812875836140246e-07,7.812875836140246e-07,0.02431877344648741,0.02431877344648741,4.893405002875298e+21,2.903518605084762e-05,9.284638864197777e-19,7.108195478197102e-22,7.108195478197102e-21,1.8029544796246132e-16,1.8625632456264503e+19,35000000000000.0,35000000000000.0,0.0,0.02222207000525538,0.0009797687151417208,1.6351472490791345e-05,5.310121601844687e-06,1.6351472490791345e-05,5.310121601844687e-06,3.3475103720703565e-29,1.0169124017648148e+19,1.1277122818729607e+19,611.5968252246403,5.1948380657087647e-20,-134426.18025554437,2.560753343543363e+21,2.053379172717432e+21,0.0,0.0,0.0,0.0,0.3333333333333333,0.3333333333333333,2.0,5.505259386452124e-21,1.8723276130120317e-21,0.0,9.229586270333256e-19,,0.0,0.0,0.0,0.0,0.0,5.505259386452124e-21,9.229586270333256e-19,0.002016586364206215,17.0,1.578388606913622e-17,1.8029544796246133e-22,5.305240998572488e-22,,,1.8029544796246133e-22,5.305240998572488e-22,10.0,,9.536544540177922e-08,3.4095948968030423,33353623956095.88,9.629519230153592e-06,0.0009701391959115673,9.629519230153592e-06,0.0009701391959115673,0.02222207000525538,0.0009797687151417208,False,False,1.0,1.7752978392353949,6.262062203425025e-09,0.31284772072685996,0.5460382003230039,1.0,1.6637793619562966,2.8587091635462304e-07,0.2825259094517447,0.5874868705236298,0.2793273925830908,0.2817942535919779,0.021794182447874174,0.0223767184717562,True,ANP6,125.0,8.0,7.76068019011021e+19,$(U_{0.8}Pu_{0.2})N$
K0_G3_Kd3p2e5_ANP6,rizk2025_refit_plot,rizk2025_refit_full,1450.0,3.2,35000000000000.0,1.5945686411854513e+23,2.1680048801080934e+26,2.9603841864270735e+25,9.69219414018994e+23,1.0171690091892875e+19,1.752571737068105,81.97043707220443,2.185436163316568,2.3466778894055143,4.532114052722082,3.1118132344435994,7.64392728716568,1006831331296.4702,2.5170783282411754e+17,463.8377696833555,0.5000000000000002,5355450.473358889,4786156.16299533,1.1189460374830889,1266728669.0190127,1266709917.2293286,28288241.855813414,27082934.766402334,1.000014803539018,1.0445043013176813,0.0606571665469457,82.47060031830478,11.26125975395795,6.207482761190344,3.0962249126386077,3.1112578485517366,1.6318364201916074e+25,8.13942264831902e+24,8.178941553597054e+24,2.6288215094111468e+26,2.5470320938751765e+26,1.0612367762322235,1.3387589245645621e+17,0.0044907665179133366,3.4360006427207847e-07,7.671030025507295e-07,7.671030025507295e-07,0.025542373888730523,0.025542373888730523,4.861548879221638e+21,3.142929404506037e-05,9.34088619014059e-19,1.03501318176948e-21,1.03501318176948e-20,3.956100289530877e-16,1.8625632456264503e+19,35000000000000.0,35000000000000.0,0.0,0.022324697494519243,0.000985208977188467,1.6341685278000396e-05,5.301682062901114e-06,1.6341685278000396e-05,5.301682062901114e-06,3.2894036324484315e-29,1.0371306570146968e+19,1.1019107090468444e+19,828.8757783329563,6.601100739561157e-20,-133867.51209440947,2.56189991402829e+21,2.1629382879467903e+21,0.0,0.0,0.0,0.0,0.3333333333333333,0.3333333333333333,2.0,1.1129991980733449e-20,1.2351760164789186e-21,0.0,9.229586270333256e-19,,0.0,0.0,0.0,0.0,0.0,1.1129991980733449e-20,9.229586270333256e-19,0.0013223327972699858,17.0,1.5879506523239004e-17,3.9561002895308766e-22,6.394031528163924e-22,,,3.9561002895308766e-22,6.394031528163924e-22,10.0,,9.536544540177922e-08,3.4095948968030423,33332457316112.46,9.811967840326921e-06,0.0009753970093481402,9.811967840326921e-06,0.0009753970093481402,0.022324697494519243,0.000985208977188467,False,False,1.0,1.7761516150824401,6.268761065848306e-09,0.31306872274982694,0.5457391656414009,1.0,1.679657902253026,2.8631164533159356e-07,0.2870283577425413,0.581280918930734,0.27958425389188374,0.28629767893271096,0.02185436163316568,0.023466778894055143,True,ANP6,125.0,8.0,7.76068019011021e+19,$(U_{0.8}Pu_{0.2})N$
K0_G3_Kd3p2e5_ANP6,rizk2025_refit_plot,rizk2025_refit_full,1475.0,3.2,35000000000000.0,1.57900283943493e+23,2.1669907240461747e+26,2.968561134698877e+25,9.63998309856288e+23,1.0124161046141118e+19,1.7572872983133978,83.36193137892418,2.191256370257922,2.456693396175189,4.647949766433111,3.2724566521851344,7.920406418618245,910407787214.9718,2.2760194680374294e+17,487.7828071858615,0.5,4900890.308680001,4551205.920536077,1.076833347963024,1263327781.207239,1263310787.103909,27424432.886937965,26630860.913105804,1.0000134520369044,1.0297989605526279,0.06006504564049405,82.43202196453339,11.292364750027595,6.21554823979852,2.9357443987479384,3.279803841050581,1.633956690556494e+25,7.717548021561875e+24,8.622018884003066e+24,2.6288215094111468e+26,2.542601320571116e+26,1.0642389597556687,1.3279852167139147e+17,0.004468566501154283,3.4105245056079436e-07,7.54001937337079e-07,7.54001937337079e-07,0.026781540097977462,0.026781540097977462,4.744369463091498e+21,3.4320888365809514e-05,9.449295664440247e-19,1.6104112356588178e-21,1.610411235658818e-20,8.452417180343286e-16,1.8625632456264503e+19,35000000000000.0,35000000000000.0,0.0,0.022516106956783168,0.0009961607068013308,1.63284461535438e-05,5.2936488896947265e-06,1.63284461535438e-05,5.2936488896947265e-06,3.2357028000211734e-29,1.0579396287886008e+19,1.0777568775249033e+19,1068.495448673569,8.071718490207846e-20,-133842.9557813534,2.565331631105823e+21,2.2676235232867086e+21,0.0,0.0,0.0,0.0,0.3333333333333333,0.3333333333333333,2.0,2.1970939410699096e-20,7.982677016900445e-22,0.0,9.229586270333256e-19,,0.0,0.0,0.0,0.0,0.0,2.1970939410699096e-20,9.229586270333256e-19,0.0008447906913253856,17.0,1.606380262954842e-17,8.452417180343286e-22,7.651695176244892e-22,,,8.452417180343286e-22,7.651695176244892e-22,10.0,,9.536544540177922e-08,3.4095948968030423,33312073000384.01,1.0046751223033576e-05,0.0009861139555782973,1.0046751223033576e-05,0.0009861139555782973,0.022516106956783168,0.0009961607068013308,False,False,1.0,1.7768771748225578,6.28005833890523e-09,0.3132564099987537,0.5454852447248383,1.0,1.6954153256184723,2.86758992004775e-07,0.2914332140021405,0.5752263739496769,0.2798322281611141,0.29070353940400206,0.021912563702579223,0.024566933961751893,True,ANP6,125.0,8.0,7.76068019011021e+19,$(U_{0.8}Pu_{0.2})N$
K0_G3_Kd3p2e5_ANP6,rizk2025_refit_plot,rizk2025_refit_full,1500.0,3.2,35000000000000.0,1.5514747961357355e+23,2.1651294883892017e+26,2.982792135369767e+25,9.550031585994893e+23,1.0076611785756522e+19,1.764244636568512,84.72323270135752,2.1966953704359904,2.5669102935161607,4.763605663952151,3.414975779120718,8.178581443072868,836004303845.5519,2.0900107596138797e+17,509.02629096673786,0.5,4572600.036370645,4361267.854718855,1.0484565930577117,1258344522.0738137,1258328892.7084062,26702497.045667548,26202966.16661594,1.0000124207315735,1.0190639058141455,0.059017882750178205,82.3612208222607,11.3464992761639,6.23326201882521,2.815399948532021,3.417862070293188,1.638613326888326e+25,7.401183942296013e+24,8.984949326587246e+24,2.6288215094111468e+26,2.5389720161452743e+26,1.0672588727267571,1.3098028665759491e+17,0.004430507137486699,3.378310904276273e-07,7.551576723476697e-07,7.551576723476697e-07,0.02802758808183249,0.02802758808183249,4.577942221453393e+21,3.7670102700343974e-05,9.653577892834512e-19,2.6703221709632663e-21,2.6703221709632663e-20,1.7607759639859707e-15,1.8625632456264503e+19,35000000000000.0,35000000000000.0,0.0,0.022868822358272825,0.001017224733535844,1.6308952062071697e-05,5.286040926494838e-06,1.6308952062071697e-05,5.286040926494838e-06,3.2429050993137574e-29,1.0798764029733216e+19,1.0751536163269485e+19,1320.945784106598,9.545559517274354e-20,-133471.01651222882,2.5729036810917385e+21,2.361629203290919e+21,0.0,0.0,0.0,0.0,0.3333333333333333,0.3333333333333333,2.0,4.239916225012569e-20,5.067891913502495e-22,0.0,9.229586270333256e-19,,0.0,0.0,0.0,0.0,0.0,4.239916225012569e-20,9.229586270333256e-19,0.0005249755033586253,17.0,1.6411082417818672e-17,1.7607759639859707e-21,9.095462069772957e-22,,,1.7607759639859707e-21,9.095462069772957e-22,10.0,,9.536544540177922e-08,3.4095948968030423,33292565424875.93,1.0382152203775474e-05,0.0010068425813320686,1.0382152203775474e-05,0.0010068425813320686,0.022868822358272825,0.001017224733535844,False,False,1.0,1.7773682817112417,6.2997144171842555e-09,0.31338338367471774,0.5453134815974797,1.0,1.710951678195591,2.872093346525802e-07,0.29571607505567105,0.569355776645504,0.28006356424386086,0.2949874664220566,0.021966953704359905,0.025669102935161607,True,ANP6,125.0,8.0,7.76068019011021e+19,$(U_{0.8}Pu_{0.2})N$
K0_G3_Kd3p2e5_ANP6,rizk2025_refit_plot,rizk2025_refit_full,1525.0,3.2,35000000000000.0,1.5042294928069748e+23,2.1617662179833544e+26,3.0078317156216873e+25,9.396163667802547e+23,1.0026224308364425e+19,1.7750984565432528,86.13670633674491,2.2014383175142807,2.684051285507761,4.885489603022042,3.547764195439423,8.433253798461465,774594262698.2788,1.936485656745697e+17,528.8193435135006,0.5,4325194.958601549,4198031.004785521,1.0302913326916996,1250649468.6584153,1250634854.5438592,26078884.66594518,25772984.531368993,1.0000116853568433,1.0118690225497116,0.05722067806512739,82.23328248967302,11.44174948680878,6.267747345453101,2.7247608866450936,3.5429864588080076,1.647678903728173e+25,7.16291002681481e+24,9.31387901046692e+24,2.6288215094111468e+26,2.5356827193064782e+26,1.070481999227386,1.2793013718602467e+17,0.004365622909887874,3.333434396851308e-07,7.722760273527321e-07,7.722760273527321e-07,0.02935889752254818,0.02935889752254818,4.4267108249739775e+21,4.1323867618479425e-05,1.0030351091137525e-18,4.655100322574004e-21,4.6551003225740044e-20,3.580777516173852e-15,1.8625632456264503e+19,35000000000000.0,35000000000000.0,0.0,0.023507061183139902,0.001056428722498191,1.6278633035603563e-05,5.278391502548232e-06,1.6278633035603563e-05,5.278391502548232e-06,3.318501289433711e-29,1.1037487442864781e+19,1.0961543488097532e+19,1586.1959897487889,1.101919583418965e-19,-132274.6581209783,2.587657499378247e+21,2.4446907296658584e+21,0.0,0.0,0.0,0.0,0.3333333333333333,0.3333333333333333,2.0,8.007648208042697e-20,3.1682982816812804e-22,0.0,9.229586270333256e-19,,0.0,0.0,0.0,0.0,0.0,8.007648208042697e-20,9.229586270333256e-19,0.0003158711248383599,17.0,1.705159685493379e-17,3.5807775161738524e-21,1.0743228064001518e-21,,,3.5807775161738524e-21,1.0743228064001518e-21,10.0,,9.536544540177922e-08,3.4095948968030423,33272759472691.016,1.0912050007120083e-05,0.0010455166724910709,1.0912050007120083e-05,0.0010455166724910709,0.023507061183139902,0.001056428722498191,False,False,1.0,1.777451016462776,6.333916393170917e-09,0.3134047692060881,0.5452845538975458,1.0,1.7272102295552267,2.876896552894509e-07,0.30013555733438857,0.5633149725089109,0.2802649837362967,0.29940813997758386,0.02201438317514281,0.02684051285507761,True,ANP6,125.0,8.0,7.76068019011021e+19,$(U_{0.8}Pu_{0.2})N$
K0_G3_Kd3p2e5_ANP6,rizk2025_refit_plot,rizk2025_refit_full,1550.0,3.2,35000000000000.0,1.4272368167358371e+23,2.1558939256491088e+26,3.050994549892973e+25,9.141694994670068e+23,9.967253261378148e+18,1.7923843161197501,87.75662827813936,2.2050007512872534,2.8216548505633186,5.026655601850571,3.687216712018581,8.713872313869153,717111094779.2338,1.7927777369480842e+17,549.6057273333421,0.5000000000000002,4116943.909480047,4039259.2172780344,1.019232410702862,1238587479.329623,1238573658.5811996,25481382.850407533,25297234.448933516,1.0000111586003202,1.007279388655932,0.054291887510291126,82.00990131627562,11.605940300512806,6.329866495701295,2.6549311196140204,3.6749353760872747,1.6640089195600525e+25,6.979340033246354e+24,9.660749162354171e+24,2.6288215094111468e+26,2.5322140177876057e+26,1.0742860542414951,1.2298741439076155e+17,0.0042585058607509385,3.2669464506028517e-07,7.986257500911965e-07,7.986257500911965e-07,0.030935063022197666,0.030935063022197666,4.3165246676788534e+21,4.5102537606387036e-05,1.0711233129353537e-18,8.378501496912049e-21,8.378501496912049e-20,7.11715258415843e-15,1.8625632456264503e+19,35000000000000.0,35000000000000.0,0.0,0.024635590072699855,0.0011275474909957666,1.6230580763292914e-05,5.269922682362567e-06,1.6230580763292914e-05,5.269922682362567e-06,3.433802546300098e-29,1.1307991827551803e+19,1.129750667795559e+19,1887.7678053908464,1.2605575255744382e-19,-129694.78191305141,2.6142566786907725e+21,2.522797993791861e+21,0.0,0.0,0.0,0.0,0.3333333333333333,0.3333333333333333,2.0,1.4816468590202815e-19,1.9547622806480766e-22,0.0,9.229586270333256e-19,,0.0,0.0,0.0,0.0,0.0,1.4816468590202815e-19,9.229586270333256e-19,0.00018249647421930904,17.0,1.820909631990101e-17,7.11715258415843e-21,1.2613489127536196e-21,,,7.11715258415843e-21,1.2613489127536196e-21,10.0,,9.536544540177922e-08,3.4095948968030423,33250625993694.887,1.1801576777749025e-05,0.0011157459142180175,1.1801576777749025e-05,0.0011157459142180175,0.024635590072699855,0.0011275474909957666,False,False,1.0,1.7768669759938245,6.392151119579864e-09,0.3132537725731852,0.5454888126522709,1.0,1.7460006999678983,2.882559011251959e-07,0.3051657035890619,0.556460891545129,0.2804160800079861,0.3044397077414299,0.022050007512872533,0.028216548505633186,True,ANP6,125.0,8.0,7.76068019011021e+19,$(U_{0.8}Pu_{0.2})N$
K0_G3_Kd3p2e5_ANP6,rizk2025_refit_plot,rizk2025_refit_full,1575.0,3.2,35000000000000.0,1.3110288904779426e+23,2.146103850295494e+26,3.1225268614954807e+25,8.7438360319e+23,9.891334102844754e+18,1.819633848258122,89.79114676690203,2.206696645275365,2.9994666343694782,5.206163279644843,3.853412258507001,9.059575538151844,656587816104.8025,1.641469540262006e+17,574.3783488908435,0.5,3914283.341385087,3865048.1939072795,1.012738559781847,1220038761.9032438,1220025667.3204534,24834949.269590575,24724041.065686844,1.0000107330387722,1.004485844510979,0.04987135436105024,81.63748822856441,11.878048206456297,6.43459221061823,2.598831773190649,3.83576043742758,1.6915394407562622e+25,6.831864864704689e+24,1.0083529542857932e+25,2.6288215094111468e+26,2.527986213982567e+26,1.0792305317278315,1.1546729231900597e+17,0.004091066439199327,3.1677909383503976e-07,8.33256394403559e-07,8.33256394403559e-07,0.03299200548818267,0.03299200548818267,4.2301339315507844e+21,4.893312446847859e-05,1.1918027971817664e-18,1.5313431223305902e-20,1.5313431223305902e-19,1.384090397445483e-14,1.8625632456264503e+19,35000000000000.0,35000000000000.0,0.0,0.026574985614807096,0.001253780222061278,1.615541588361742e-05,5.259712009878767e-06,1.615541588361742e-05,5.259712009878767e-06,3.5850001775188393e-29,1.1628462782242818e+19,1.173285883683265e+19,2276.898365313974,1.4535566212703902e-19,-125375.67971043616,2.6592286116811144e+21,2.607304811984789e+21,0.0,0.0,0.0,0.0,0.3333333333333333,0.3333333333333333,2.0,2.6884417014844093e-19,1.1925617140326962e-22,0.0,9.229586270333256e-19,,0.0,0.0,0.0,0.0,0.0,2.6884417014844093e-19,9.229586270333256e-19,0.00010006367805585995,17.0,2.0260647552090028e-17,1.384090397445483e-20,1.4725272488510705e-21,,,1.384090397445483e-20,1.4725272488510705e-21,10.0,,9.536544540177922e-08,3.4095948968030423,33223702266148.312,1.3332591247315059e-05,0.001240447630813963,1.3332591247315059e-05,0.001240447630813963,0.026574985614807096,0.001253780222061278,False,False,1.0,1.775275333162277,6.4876701473974e-09,0.312841892808024,0.5460460866172585,1.0,1.7698316825096807,2.8899149621795753e-07,0.31142898948216874,0.5479589556046948,0.28048795210407595,0.31070483515927255,0.02206696645275365,0.02999466634369478,True,ANP6,125.0,8.0,7.76068019011021e+19,$(U_{0.8}Pu_{0.2})N$
K0_G3_Kd3p2e5_ANP6,rizk2025_refit_plot,rizk2025_refit_full,1600.0,3.2,35000000000000.0,1.1528253037328205e+23,2.130678349476217e+26,3.234960566564053e+25,8.168502605322236e+23,9.787424784858896e+18,1.8610960698974925,92.49126481305704,2.205654261042584,3.243838337269932,5.449492598312516,4.0680662260881855,9.517558824400702,589125389605.303,1.4728134740132573e+17,606.3740408155684,0.5000000000000003,3694107.0399413793,3661106.59521987,1.0090137896461677,1192857762.0113633,1192845461.2889898,24070303.123523615,24002266.640931495,1.0000103120838135,1.002834585733503,0.043853312201141116,81.05070434977864,12.305744437128713,6.599697900891505,2.551545986388448,4.048151914503057,1.7349427797479186e+25,6.707558971269634e+24,1.0641868826209552e+25,2.6288215094111468e+26,2.5224028211490514e+26,1.0860794505358577,1.0501159824952312e+17,0.003848615992765645,3.0255690189216266e-07,8.786871281006193e-07,8.786871281006193e-07,0.03585134191746966,0.03585134191746966,4.141013227210682e+21,5.292421951072795e-05,1.4017765731852965e-18,2.8072866441166047e-20,2.8072866441166047e-19,2.6363059898109156e-14,1.8625632456264503e+19,35000000000000.0,35000000000000.0,0.0,0.0297968124174945,0.0014734724430447365,1.6042422529880208e-05,5.246843246099519e-06,1.6042422529880208e-05,5.246843246099519e-06,3.7833566487099135e-29,1.202111113053114e+19,1.228712331450753e+19,2839.7931197332837,1.7158042715652096e-19,-119148.54230305713,2.730518603183159e+21,2.711299855111483e+21,0.0,0.0,0.0,0.0,0.3333333333333333,0.3333333333333333,2.0,4.788179461519709e-19,7.206892439595517e-23,0.0,9.229586270333256e-19,,0.0,0.0,0.0,0.0,0.0,4.788179461519709e-19,9.229586270333256e-19,5.141256158404111e-05,17.0,2.383020174415004e-17,2.6363059898109155e-20,1.7098065430568916e-21,,,2.6363059898109155e-20,1.7098065430568916e-21,10.0,,9.536544540177922e-08,3.4095948968030423,33189507653654.113,1.5982337933811468e-05,0.001457490105110925,1.5982337933811468e-05,0.001457490105110925,0.0297968124174945,0.0014734724430447365,False,False,1.0,1.7723040803390326,6.636547169231466e-09,0.31207151225283747,0.5470888399473901,1.0,1.8018428352884235,2.900105869420813e-07,0.3196450338112251,0.5368619869346811,0.28044378015617655,0.31892341125953405,0.02205654261042584,0.032438383372699324,True,ANP6,125.0,8.0,7.76068019011021e+19,$(U_{0.8}Pu_{0.2})N$
K0_G3_Kd3p2e5_ANP6,rizk2025_refit_plot,rizk2025_refit_full,1625.0,3.2,35000000000000.0,9.628345209632132e+22,2.1078998140065225e+26,3.400954456731772e+25,7.413021994288348e+23,9.64249916909786e+18,1.9209075336707497,96.11629972873152,2.2009150361776992,3.5864877232664396,5.78740275944414,4.361880912426376,10.149283671870515,512431902841.0702,1.2810797571026754e+17,650.1691977044393,0.5,3438323.2953567994,3414495.8079192042,1.0069783326083845,1155715085.9038048,1155703729.1418712,23140085.646917213,23097018.98913601,1.0000098267070074,1.0018645981025283,0.036626089581064294,80.18421206842187,12.937182857628025,6.841978984369048,2.510163117994501,4.331815866374547,1.7986341521048385e+25,6.598770796714495e+24,1.138757072433389e+25,2.6288215094111468e+26,2.5149458021678078e+26,1.0957885284344935,9.20090116307316e+16,0.0035292843734293154,2.83528106250966e-07,9.38017203132328e-07,9.38017203132328e-07,0.03991614322250548,0.03991614322250548,4.033804836766777e+21,5.7325698450067846e-05,1.7607334386319764e-18,5.120371716109041e-20,5.120371716109041e-19,4.922854290289942e-14,1.8625632456264503e+19,35000000000000.0,35000000000000.0,0.0,0.03494627613681272,0.0018488874090403676,1.5882348798747638e-05,5.2306854180950905e-06,1.5882348798747638e-05,5.2306854180950905e-06,4.0429292773208314e-29,1.2507817972641884e+19,1.2980148538872197e+19,3737.2594788578513,2.1041296763843536e-19,-110550.83722885721,2.836051860517311e+21,2.8452535731532773e+21,0.0,0.0,0.0,0.0,0.3333333333333333,0.3333333333333333,2.0,8.377748115986507e-19,4.32093384762443e-23,0.0,9.229586270333256e-19,,0.0,0.0,0.0,0.0,0.0,8.377748115986507e-19,9.229586270333256e-19,2.454053380721634e-05,17.0,2.99324684567436e-17,4.922854290289942e-20,1.9751742581909914e-21,,,4.922854290289942e-20,1.9751742581909914e-21,10.0,,9.536544540177922e-08,3.4095948968030423,33146406877942.883,2.0551131231845317e-05,0.0018283362778085223,2.0551131231845317e-05,0.0018283362778085223,0.03494627613681272,0.0018488874090403676,False,False,1.0,1.7676586020955063,6.854749566621346e-09,0.31086313535916615,0.5487255646710251,1.0,1.8454772667771218,2.914562900569078e-07,0.33049715900947263,0.522304094819134,0.28024277567111205,0.3297790906964609,0.022009150361776992,0.0358648772326644,True,ANP6,125.0,8.0,7.76068019011021e+19,$(U_{0.8}Pu_{0.2})N$
K0_G3_Kd3p2e5_ANP6,rizk2025_refit_plot,rizk2025_refit_full,1650.0,3.2,35000000000000.0,7.63464423714128e+22,2.0764743107383003e+26,3.6303843742179783e+25,6.520231316807578e+23,9.442685667770253e+18,2.0020233302506054,100.89428245694289,2.191588511375903,4.062410540770257,6.253999052146159,4.7653641708710355,11.019363223017194,429330338070.7834,1.0733258451769584e+17,710.3112308541268,0.5,3144079.6104597105,3125390.538075148,1.0059797558599102,1108888438.9910533,1108878186.6103976,22031571.787251245,22003228.983241897,1.0000092457230916,1.0012881202132167,0.0290420791590808,78.98879034976507,13.809931032674717,7.172236538401155,2.4728406279243402,4.699395910476815,1.8854529682733504e+25,6.500656632033272e+24,1.2353873050700232e+25,2.6288215094111468e+26,2.505282778904145e+26,1.1094823410665693,7.767633974085837e+16,0.0031500172407717473,2.6010569967782804e-07,1.0146136894928876e-06,1.0146136894928876e-06,0.04566316833622324,0.04566316833622324,3.9133154099800614e+21,6.242636716719181e-05,2.364150646143271e-18,9.247330480694055e-20,9.247330480694055e-19,9.020265555838444e-14,1.8625632456264503e+19,35000000000000.0,35000000000000.0,0.0,0.042842420582944005,0.0024794459888406025,1.567075648199975e-05,5.211135745892977e-06,1.567075648199975e-05,5.211135745892977e-06,4.379480645888697e-29,1.310499321678807e+19,1.382444785323112e+19,5246.6923406146725,2.7014188808504685e-19,-99633.7485062334,2.9817968318985127e+21,3.015117049003539e+21,0.0,0.0,0.0,0.0,0.3333333333333333,0.3333333333333333,2.0,1.441192019109945e-18,2.5738368843747513e-23,0.0,9.229586270333256e-19,,0.0,0.0,0.0,0.0,0.0,1.441192019109945e-18,9.229586270333256e-19,1.0886941103239548e-05,17.0,4.0190560984435606e-17,9.020265555838444e-20,2.2706492485561157e-21,,,9.020265555838444e-20,2.2706492485561157e-21,10.0,,9.536544540177922e-08,3.4095948968030423,33094582620787.215,2.836273712982495e-05,0.0024510832517107774,2.836273712982495e-05,0.0024510832517107774,0.042842420582944005,0.0024794459888406025,False,False,1.0,1.7612326330529027,7.154338805277607e-09,0.3091837105376407,0.5510025756383276,1.0,1.9040711602267533,2.934977355998441e-07,0.344477807399253,0.5037220114830131,0.279846366031175,0.3437646934145938,0.021915885113759026,0.04062410540770257,True,ANP6,125.0,8.0,7.76068019011021e+19,$(U_{0.8}Pu_{0.2})N$
K0_G3_Kd3p2e5_ANP6,rizk2025_refit_plot,rizk2025_refit_full,1675.0,3.2,35000000000000.0,5.791257322606072e+22,2.0357987347946265e+26,3.928579001697223e+25,5.566958184397674e+23,9.173915010811881e+18,2.105628363762349,107.01283285300997,2.1769664439122827,4.709240869182025,6.886207313094308,5.307151133940655,12.193358447034964,346147227957.88983,8.653680698947245e+16,791.0684092773571,0.5,2822220.0674055084,2806331.252726898,1.0056617744833833,1054326151.2222235,1054317104.6733487,20764648.877199713,20745175.515999418,1.0000085804819392,1.0009386934897357,0.022029861296681597,77.44149716922558,14.944259196118722,7.592213773359035,2.438435823336781,5.1537779500222545,1.9958574871453798e+25,6.410212541706409e+24,1.354836232974739e+25,2.6288215094111468e+26,2.493337886113673e+26,1.1284915168946053,6.356664506618735e+16,0.0027420929534713364,2.33520890895314e-07,1.1135050851361728e-06,1.1135050851361728e-06,0.0536606978580612,0.0536606978580612,3.8044824781468446e+21,6.848838108159773e-05,3.3623625899400784e-18,1.6491783151767403e-19,1.6491783151767404e-18,1.6231955709997532e-13,1.8625632456264503e+19,35000000000000.0,35000000000000.0,0.0,0.05445978357134907,0.00352145006421454,1.5409599409471207e-05,5.188614180014995e-06,1.5409599409471207e-05,5.188614180014995e-06,4.8169922678333453e-29,1.3821332676631511e+19,1.4839396894221423e+19,7860.856623552419,3.6309238073140298e-19,-87053.67041504437,3.1705675126957503e+21,3.2220384312631346e+21,0.0,0.0,0.0,0.0,0.3333333333333333,0.3333333333333333,2.0,2.439403962906753e-18,1.5251283830083255e-23,0.0,9.229586270333256e-19,,0.0,0.0,0.0,0.0,0.0,2.439403962906753e-18,9.229586270333256e-19,4.535883154218372e-06,17.0,5.716016402898133e-17,1.623195570999753e-19,2.5982744176987148e-21,,,1.623195570999753e-19,2.5982744176987148e-21,10.0,,9.536544540177922e-08,3.4095948968030423,33036554125871.527,4.1561840365834663e-05,0.0034798882238487056,4.1561840365834663e-05,0.0034798882238487056,0.05445978357134907,0.00352145006421454,False,False,1.0,1.7531314107163412,7.541396863559994e-09,0.3070532534031726,0.5538948713212535,1.0,1.98074078688369,2.9633638749236245e-07,0.36182530326504475,0.4809466862331533,0.2792226074148694,0.3611189687050661,0.021769664439122826,0.04709240869182025,True,ANP6,125.0,8.0,7.76068019011021e+19,$(U_{0.8}Pu_{0.2})N$
K0_G3_Kd3p2e5_ANP6,rizk2025_refit_plot,rizk2025_refit_full,1700.0,3.2,35000000000000.0,4.254414667894177e+22,1.9858958108759748e+26,4.296858343753802e+25,4.633676834099225e+23,8.821161821892232e+18,2.2314095108731826,114.66376733420957,2.156513545356345,5.570485118629575,7.7269986639859205,6.028757325091147,13.755755989077068,268242855483.76657,6.706071387094164e+16,898.6289153476358,0.5,2485026.637779606,2470430.1876834114,1.005908464917959,994894697.4533377,994886859.2620107,19374989.12521317,19360954.655618317,1.0000078784750788,1.0007248852055328,0.016183733481575025,75.5431969712091,16.34518862680903,8.095430668500319,2.40643758411172,5.688993084388599,2.1281442269300297e+25,6.326094882168285e+24,1.4955347387132013e+25,2.6288215094111468e+26,2.4792680355398275e+26,1.154536820776427,5.089743286981791e+16,0.0023387983565343207,2.0529617296149953e-07,1.2452770464740444e-06,1.2452770464740444e-06,0.06464907216107116,0.06464907216107116,3.745750698590968e+21,7.576037591859257e-05,4.988545012933779e-18,2.9005001213446957e-19,2.9005001213446957e-18,2.8708990269161864e-13,1.8625632456264503e+19,35000000000000.0,35000000000000.0,0.0,0.07090598352104137,0.005217137795680888,1.5105952311998409e-05,5.163789456781528e-06,1.5105952311998409e-05,5.163789456781528e-06,5.405648189389375e-29,1.4660024218828423e+19,1.6091541562046683e+19,12559.142483687368,5.102177505092339e-19,-73464.84092583331,3.4022974432250356e+21,3.462734055686877e+21,0.0,0.0,0.0,0.0,0.3333333333333333,0.3333333333333333,2.0,4.065586385900453e-18,9.000056617340487e-24,0.0,9.229586270333256e-19,,0.0,0.0,0.0,0.0,0.0,4.065586385900453e-18,9.229586270333256e-19,1.804144614112147e-06,17.0,8.480526521987424e-17,2.8708990269161863e-19,2.9601094428509513e-21,,,2.8708990269161863e-19,2.9601094428509513e-21,10.0,,9.536544540177922e-08,3.4095948968030423,32977070632572.145,6.352272881206137e-05,0.005153615066868827,6.352272881206137e-05,0.005153615066868827,0.07090598352104137,0.005217137795680888,False,False,1.0,1.7435848820192739,8.017086999791115e-09,0.3045235811274187,0.5573345662974076,1.0,2.0788596644653907,3.002349385717442e-07,0.38261012298889563,0.4540900603100484,0.2783454096132335,0.3819129101334789,0.02156513545356345,0.055704851186295756,True,ANP6,125.0,8.0,7.76068019011021e+19,$(U_{0.8}Pu_{0.2})N$
K0_G3_Kd3p2e5_ANP6,rizk2025_refit_plot,rizk2025_refit_full,1725.0,3.2,35000000000000.0,3.065103703900584e+22,1.9271228323561635e+26,4.734596394854545e+25,3.779475258309153e+23,8.365996585952796e+18,2.378315185732956,124.13972713036794,2.1297486057642154,6.7040717184801855,8.833820324244401,6.9701695170898805,15.803989841334282,200676763403.4798,5.016919085086995e+16,1038.9530603368478,0.5,2151112.7780992617,2136766.409139057,1.0067140558269938,933440618.3438454,933433891.9069023,17893791.579343904,17883074.59117113,1.0000072061203278,1.0005992810754178,0.011659611323657967,73.30748114533789,18.010338008513518,8.670521234824948,2.3765751642019537,6.293946070622993,2.2793252719913917e+25,6.247591910386424e+24,1.6545660809527492e+25,2.6288215094111468e+26,2.4633649013158724e+26,1.1901545944056193,4.024430710779486e+16,0.00196509177818686,1.7670160743090993e-07,1.4338007716819599e-06,1.4338007716819599e-06,0.07972554512228054,0.07972554512228054,3.784026113311957e+21,8.455260806851522e-05,7.599207725237919e-18,5.02802236364218e-19,5.0280223636421804e-18,4.994440127391286e-13,1.8625632456264503e+19,35000000000000.0,35000000000000.0,0.0,0.09340225707723379,0.00793711142479073,1.4769259048017006e-05,5.137233464756881e-06,1.4769259048017006e-05,5.137233464756881e-06,6.25839297397677e-29,1.5622922186778397e+19,1.7762265719139918e+19,21203.77929390757,7.444424821650668e-19,-59994.95619126637,3.675230454871348e+21,3.7330376006373873e+21,0.0,0.0,0.0,0.0,0.3333333333333333,0.3333333333333333,2.0,6.676249098204593e-18,5.2946612669943086e-24,0.0,9.229586270333256e-19,,0.0,0.0,0.0,0.0,0.0,6.676249098204593e-18,9.229586270333256e-19,6.967385888676363e-07,17.0,1.2918653132904462e-16,4.994440127391286e-19,3.3582236250893297e-21,,,4.994440127391286e-19,3.3582236250893297e-21,10.0,,9.536544540177922e-08,3.4095948968030423,32922899157613.016,9.93435834960331e-05,0.007837767841294698,9.93435834960331e-05,0.007837767841294698,0.09340225707723379,0.00793711142479073,False,False,1.0,1.7328235949036248,8.58055738027109e-09,0.3016468538578709,0.5612532671746784,1.0,2.2031750388873177,3.0558393198874196e-07,0.4069221029657915,0.42330706540682916,0.2771890781936616,0.4062370694054702,0.021297486057642156,0.06704071718480185,True,ANP6,125.0,8.0,7.76068019011021e+19,$(U_{0.8}Pu_{0.2})N$
K0_G3_Kd3p2e5_ANP6,rizk2025_refit_plot,rizk2025_refit_full,1750.0,3.2,35000000000000.0,2.1876905681051135e+22,1.8598531905108786e+26,5.2415026053089715e+25,3.0347983046341625e+23,7.781923090331125e+18,2.54524312770105,135.99974587457646,2.096072318598015,8.199546520234126,10.29561883883214,8.183018657321092,18.478637496153233,145598428015.42813,3.639960700385703e+16,1219.7368020924187,0.5,1835016.1213565115,1820064.78462539,1.0082147277709121,872221083.0033988,872215300.7069229,16332410.530643832,16323559.913467476,1.0000066294371026,1.0005421989580259,0.008321944111736798,70.74855344315422,19.93860209430142,9.304522518432625,2.3489640401121226,6.955558478320504,2.445992893125606e+25,6.175007193480055e+24,1.8284921737776007e+25,2.6288215094111468e+26,2.445972292033387e+26,1.2396060704596201,3.1651418902959724e+16,0.0016344357217079899,1.4846934827739156e-07,1.733572764241333e-06,1.733572764241333e-06,0.10073998495314793,0.10073998495314793,3.9821627908408643e+21,9.53608328874959e-05,1.1732003472118521e-17,8.590290957143048e-19,8.590290957143048e-18,8.552344067970446e-13,1.8625632456264503e+19,35000000000000.0,35000000000000.0,0.0,0.12325365915453924,0.012242028285241244,1.4408972674186646e-05,5.109152710628367e-06,1.4408972674186646e-05,5.109152710628367e-06,7.635892473399985e-29,1.6714361584821766e+19,2.0273076957399196e+19,37486.285221217215,1.1201877100067039e-18,-47524.482758929225,3.9870853417561793e+21,4.0283782130729495e+21,0.0,0.0,0.0,0.0,0.3333333333333333,0.3333333333333333,2.0,1.0809044845085196e-17,3.1079945105556526e-24,0.0,9.229586270333256e-19,,0.0,0.0,0.0,0.0,0.0,1.0809044845085196e-17,9.229586270333256e-19,2.649159214742734e-07,17.0,1.9944405902601486e-16,8.552344067970446e-19,3.7946889172602315e-21,,,8.552344067970446e-19,3.7946889172602315e-21,10.0,,9.536544540177922e-08,3.4095948968030423,32883323097006.996,0.00015627039593216996,0.012085757889309073,0.00015627039593216996,0.012085757889309073,0.12325365915453924,0.012242028285241244,False,False,1.0,1.7209871571148974,9.231741432940124e-09,0.2984514189435382,0.5656148904317214,1.0,2.3618233727010063,3.130453806494941e-07,0.43510880733170176,0.388524117829074,0.2757203075122913,0.43444013975260976,0.020960723185980152,0.08199546520234126,True,ANP6,125.0,8.0,7.76068019011021e+19,$(U_{0.8}Pu_{0.2})N$
K0_G3_Kd3p2e5_ANP6,rizk2025_refit_plot,rizk2025_refit_full,1775.0,3.2,35000000000000.0,1.5579266468961334e+22,1.7841629875621168e+26,5.820125501766448e+25,2.4066563402110644e+23,7.023934555486169e+18,2.731505976906945,151.44296994379835,2.0545142324021737,10.219188725479208,12.273702957881383,9.736869546738946,22.010572504620328,102835974033.81032,2.570899350845258e+16,1451.3492661665832,0.5,1546017.363463421,1529611.1361696122,1.0107257504249691,812743513.5622892,812738474.2221377,14667216.040627252,14658983.515866464,1.0000062004449295,1.000561602702662,0.005926331024448698,67.86930878246531,22.13967544365593,9.985089442854301,2.32417261897721,7.660916823877092,2.624901790076955e+25,6.109834972351727e+24,2.0139182928417824e+25,2.6288215094111468e+26,2.4274296801269686e+26,1.3112029457226035,2.4883560219462936e+16,0.0013507428279165737,1.206852230487783e-07,2.283271667926041e-06,2.283271667926041e-06,0.1313072564143815,0.1313072564143815,4.458557165757036e+21,0.00010908574428547353,1.8187204162230228e-17,1.4467299250700101e-18,1.4467299250700103e-17,1.4424583518951984e-12,1.8625632456264503e+19,35000000000000.0,35000000000000.0,0.0,0.16176509693952906,0.01897291157834086,1.403315188665524e-05,5.0791145077472e-06,1.403315188665524e-05,5.0791145077472e-06,1.0217314161158648e-28,1.7946901428638837e+19,2.463713849186707e+19,68867.9360583159,1.7283757979378745e-18,-36581.95965471502,4.3359160592829535e+21,4.3439362027827327e+21,0.0,0.0,0.0,0.0,0.3333333333333333,0.3333333333333333,2.0,1.7264245535196902e-17,1.8219038686035435e-24,0.0,9.229586270333256e-19,,0.0,0.0,0.0,0.0,0.0,1.7264245535196902e-17,9.229586270333256e-19,1.0017503802960171e-07,17.0,3.0918247075791387e-16,1.4424583518951983e-18,4.271573174811783e-21,,,1.4424583518951983e-18,4.271573174811783e-21,10.0,,9.536544540177922e-08,3.4095948968030423,32872548589900.05,0.00024344859166148785,0.018729462986679372,0.00024344859166148785,0.018729462986679372,0.16176509693952906,0.01897291157834086,False,False,1.0,1.7080636583284086,9.973705480921077e-09,0.2949244000805687,0.5704397212834895,1.0,2.5709287787607655,3.2392357411338796e-07,0.46817172503101234,0.3490504670124216,0.27388592727884925,0.4675256828690897,0.020545142324021735,0.10219188725479209,True,ANP6,125.0,8.0,7.76068019011021e+19,$(U_{0.8}Pu_{0.2})N$
K0_G3_Kd3p2e5_ANP6,rizk2025_refit_plot,rizk2025_refit_full,1800.0,3.2,35000000000000.0,1.1123472677604296e+22,1.699142359087847e+26,6.482086242921296e+25,1.8863945755255555e+23,5.993371364212457e+18,2.937569685693697,173.62756733861067,2.0030218263920654,13.14061947533028,15.143641301722344,11.707145190061985,26.85078649178433,71134741872.44249,1.778368546811062e+16,1745.0327848125219,0.5000000000000001,1290953.9591094435,1272182.4021423797,1.0147553974457217,755731248.7265304,755726752.9045035,12795498.406894883,12785988.043422438,1.000005949004729,1.0007438113847869,0.00423135334132896,64.63513604879371,24.657764780588987,10.70286781727598,2.3031991476344427,8.399668669641537,2.8135929130439426e+25,6.054699459758842e+24,2.2081229670680584e+25,2.6288215094111468e+26,2.4080092127043408e+26,1.4257130961945468,1.9628105978408692e+16,0.0011114546789140155,9.246209498042144e-08,3.5631615616864887e-06,3.5631615616864887e-06,0.18045801254046442,0.18045801254046442,5.56251038403059e+21,0.00012757730834012196,2.814113302873205e-17,2.402604106958116e-18,2.402604106958116e-17,2.3978131732901632e-12,1.8625632456264503e+19,35000000000000.0,35000000000000.0,0.0,0.20993329584271364,0.029389357760693863,1.3647073943741644e-05,5.0452340127728055e-06,1.3647073943741644e-05,5.0452340127728055e-06,1.644284259138691e-28,1.9367362874763485e+19,3.4086768292388815e+19,130096.97441142394,2.713977278709078e-18,-27487.48456859161,4.721595225146942e+21,4.676036442745991e+21,0.0,0.0,0.0,0.0,0.3333333333333333,0.3333333333333333,2.0,2.721817440169872e-17,1.0673110184064085e-24,0.0,9.229586270333256e-19,,0.0,0.0,0.0,0.0,0.0,2.721817440169872e-17,9.229586270333256e-19,3.792708052361239e-08,17.0,4.783992614884448e-16,2.397813173290163e-18,4.790933667952865e-21,,,2.397813173290163e-18,4.790933667952865e-21,10.0,,9.536544540177922e-08,3.4095948968030423,32918766210178.883,0.000368440426098667,0.029020917334595196,0.000368440426098667,0.029020917334595196,0.20993329584271364,0.029389357760693863,False,False,1.0,1.6937636448751983,1.081728204636219e-08,0.2909744105987066,0.5758562194836232,1.0,2.8705455506638518,3.4151656580083247e-07,0.5090119652448464,0.3024228166934394,0.2715784011789766,0.5083996931296665,0.02003021826392065,0.13140619475330279,True,ANP6,125.0,8.0,7.76068019011021e+19,$(U_{0.8}Pu_{0.2})N$
