{
    "T_BC": 2042.6504453105797,
    "FISSION_RATE": 2.7074489294577676e+19,
    "LENGTH": 0.0008331856977437343,
    "RADIUS": 1.2036678228038856e-05,
    "FISSION_YIELD": 0.03257499825229173,
    "FUEL_DENSITY": 10213.029435076762,
    "FUEL_SPECIFIC_HEAT": 279.13718973020485,
    "FUEL_THERMAL_CONDUCTIVITY": 0.955005884878078
}