{
    "N_AVOG": 6.022141e+23,
    "N_BOLT": 1.380649e-23,
    "FISSION_ENERGY": 3.215e-11,
    "FISSION_RATE": 3.1251997685996446e+19,
    "FUEL_THERMAL_CONDUCTIVITY": 2.1598663450473117,
    "FISSION_YIELD": 0.02168840530210514,
    "LENGTH": 0.000785420220626255,
    "RADIUS": 1.8139301860123137e-05,
    "T_BC": 1648.2368763357567,
    "Maximum cur_err_bounds": 0.0016793514988734362,
    "TIME_ELAPSED": 896332.9142818451,
    "COST_FO": 2677.446248292923,
    "COST_POD": 2747.1788005828857,
    "COST_EB": 890908.0588383675
}