{
    "N_AVOG": 6.022141e+23,
    "N_BOLT": 1.380649e-23,
    "FISSION_ENERGY": 3.215e-11,
    "FISSION_RATE": 4.406174324102186e+19,
    "FUEL_THERMAL_CONDUCTIVITY": 1.1867983571442153,
    "FISSION_YIELD": 0.04035149413551067,
    "LENGTH": 0.00010217267296960857,
    "RADIUS": 9.45610506948632e-06,
    "T_BC": 2154.4371549767534,
    "Maximum cur_err_bounds": 0.0005494530875910052,
    "TIME_ELAPSED": 144075.26557302475
}