{
    "N_AVOG": 6.022141e+23,
    "N_BOLT": 1.380649e-23,
    "FISSION_ENERGY": 3.215e-11,
    "FISSION_RATE": 3.693464282600017e+19,
    "FUEL_THERMAL_CONDUCTIVITY": 1.0298898657221631,
    "FISSION_YIELD": 0.26157972604965657,
    "LENGTH": 0.0013733535213759317,
    "RADIUS": 1.3441969890973033e-05,
    "T_BC": 337.7228720767026,
    "Maximum cur_err_bounds": 0.3823452171566938,
    "TIME_ELAPSED": 971.6208717823029,
    "COST_FO": 18.535160303115845,
    "COST_POD": 16.934900283813477,
    "COST_EB": 936.1492805480957
}