block,parameter,top_n,min,median,max,direction_vs_1
B_standard_wide,f_n,25,5.187392952177145e-07,2.0045059710642604e-06,2.9989602533292266e-06,near/mixed
B_standard_wide,K_d,25,362109.92441860045,677400.7418206399,758984.1022652765,near/mixed
B_standard_wide,rho_d,25,15292047981870.69,16414858862493.09,19051023823196.715,near/mixed
B_standard_wide,fission_rate,25,6.233663713308363e+19,6.938599294788619e+19,7.446423411037336e+19,near/mixed
B_standard_wide,Dv_scale,25,1.3415600819337525,1.5351112203366901,1.9991948779568232,high
B_standard_wide,Dg_scale,25,0.2260874014991908,0.5403587979737982,0.6102158051129426,low
B_standard_wide,D2_xe_scale,25,0.10124484806674391,0.17739681708967303,0.9039689508230032,low
B_standard_wide,b_scale,25,0.050104058924265754,0.059067600727063824,0.0899989350928725,low
B_standard_wide,gb_scale,25,1.0044885385241478,1.570581007840643,6.1128270559929465,high
B_standard_wide,gd_scale,25,2.967370223019402,3.7182857768093442,7.548895899283558,high
B_standard_wide,coalescence_d_scale,25,0.36630723027621104,0.5445821667053073,0.6356095010088502,low
B_standard_wide,capture_scale,25,1.2600848896637373,2.699167257616573,4.312462844928766,high
