{
    "N_AVOG": 6.022141e+23,
    "N_BOLT": 1.380649e-23,
    "FISSION_ENERGY": 3.215e-11,
    "FISSION_RATE": 3.822761571937114e+19,
    "FUEL_THERMAL_CONDUCTIVITY": 1.2335699976386965,
    "FISSION_YIELD": 0.21698425748429198,
    "LENGTH": 0.0012142195695511915,
    "RADIUS": 7.698301626524513e-06,
    "T_BC": 785.3721670158895,
    "Maximum cur_err_bounds": 0.001297105262152938,
    "TIME_ELAPSED": 1103803.1834611893,
    "COST_FO": 3295.267814397812,
    "COST_POD": 3382.2434227466583,
    "COST_EB": 1097125.3890752792
}