{
    "N_AVOG": 6.022141e+23,
    "N_BOLT": 1.380649e-23,
    "FISSION_ENERGY": 3.215e-11,
    "FISSION_RATE": 3.3381436858411917e+19,
    "FUEL_THERMAL_CONDUCTIVITY": 0.9549896110640412,
    "FISSION_YIELD": 0.16185533352697204,
    "LENGTH": 0.0014938164931108844,
    "RADIUS": 1.9821524008129604e-05,
    "T_BC": 1985.0220920269176,
    "Maximum cur_err_bounds": 0.0018781278528685731,
    "TIME_ELAPSED": 723624.0581653118,
    "COST_FO": 2162.5195348262787,
    "COST_POD": 2218.863347530365,
    "COST_EB": 719242.4888386726
}