{
    "N_AVOG": 6.022141e+23,
    "N_BOLT": 1.380649e-23,
    "FISSION_ENERGY": 3.215e-11,
    "FISSION_RATE": 2.555937085342794e+19,
    "FUEL_THERMAL_CONDUCTIVITY": 1.4161065255044971,
    "FISSION_YIELD": 0.05500764298567532,
    "LENGTH": 0.00046993260507109674,
    "RADIUS": 1.9772386133921678e-05,
    "T_BC": 1163.8190978152825,
    "Maximum cur_err_bounds": 0.004212449532273983,
    "TIME_ELAPSED": 28922.31508088112,
    "COST_FO": 95.47523617744446,
    "COST_POD": 97.54039859771729,
    "COST_EB": 28729.291345119476
}