{
    "N_AVOG": 6.022141e+23,
    "N_BOLT": 1.380649e-23,
    "FISSION_ENERGY": 3.215e-11,
    "FISSION_RATE": 2.5406275128269537e+18,
    "FUEL_THERMAL_CONDUCTIVITY": 7.446554312123936,
    "FISSION_YIELD": 0.19244253283781024,
    "LENGTH": 0.0010906545857282538,
    "RADIUS": 1.3131658136964665e-05,
    "T_BC": 1581.4470414444472,
    "Maximum cur_err_bounds": 0.008019250592776094,
    "TIME_ELAPSED": 17696.078337669373,
    "COST_FO": 76.98223495483398,
    "COST_POD": 78.50024318695068,
    "COST_EB": 17540.58934879303
}