{
    "N_AVOG": 6.022141e+23,
    "N_BOLT": 1.380649e-23,
    "FISSION_ENERGY": 3.215e-11,
    "FISSION_RATE": 1.341502153168132e+19,
    "FUEL_THERMAL_CONDUCTIVITY": 2.4102068169141693,
    "FISSION_YIELD": 0.010759096613245743,
    "LENGTH": 0.0014714071970198424,
    "RADIUS": 1.076240451869498e-05,
    "T_BC": 1104.9258109346672,
    "Maximum cur_err_bounds": 0.0029262704294955445,
    "TIME_ELAPSED": 34396.43792653084,
    "COST_FO": 102.96727561950684,
    "COST_POD": 105.6889317035675,
    "COST_EB": 34187.77111840248
}