label,xe_diffusivity_mode,vacancy_diffusivity_mode,T,burnup,rho_d_eff,c,mb,md,Nb,Nd,Rb_nm,Rd_nm,swelling_b_percent,swelling_d_percent,swelling_ig_percent,swelling_gf_percent,swelling_total_gas_percent,Ngf_areal,Ngf_vol,Rgf_nm,Fc_gf,p_gf,p_gf_eq,p_gf_over_eq,p_b,p_b_eq,p_d,p_d_eq,p_b_over_eq,p_d_over_eq,matrix_gas_percent,bulk_gas_percent,dislocation_gas_percent,qgb_gas_percent,grainface_gas_percent,release_gas_percent,q_gb,q_gf,q_rel,generated,retained,lambda_d,nu_b,phi_b,phi_d,f_cap_step,cap_raw_step,capture_fraction_sum,capture_raw_sum,capture_bubbles_cumulative,max_f_cap_step,Dg,Dv,Dv_dislocation,Dv_gb,beta,rho_d_old,rho_d_next,delta_Nd_rho,g_b,g_d,b_b,b_d,b_b_gas,b_d_gas,dVd_growth_dt,dnvb_dt,dnvd_dt,dnv_gf_dt,dA_gf_dt,dNgf_dt,dq_gf_in_step,dq_rel_step,nvb_seed_added,nvd_seed_added,bulk_first_gas_seed_applied,dislocation_first_gas_seed_applied,first_gas_pressure_factor,seed_pressure_factor,seed_gas_atoms_per_bubble,D1_Xe,D2_Xe,D2_Xe_scaled,D3_Xe,Dg_lookup_base,D1_Xe_i_2023,D2_Xe_i0_2023,D2_Xe_i1_2023,D1_XeVU_2023,D2_XeVU_2023,Dg_D1_scaled,Dg_D3_scaled,D2_Xe_over_Dg_unscaled,Dg_dislocation_scale,Dg_dislocation,Dv1,Dv2,Dv_lookup_base,Dv_nonthermal_effective,Dv1_scaled,Dv2_scaled,Dv_dislocation_scale,A20_vU_active,Gamma_d,den,free_dislocation,term_bubbles,term_dislocation,term_bubbles_scaled,term_dislocation_scaled,g_b_unscaled,g_d_unscaled,USE_WS_GAS_TRAPPING_BULK,USE_WS_GAS_TRAPPING_DISLOCATION,ws_bulk_factor,ws_bulk_factor_raw,ws_bulk_delta,ws_bulk_x,ws_bulk_zeta,ws_dislocation_factor,ws_dislocation_factor_raw,ws_dislocation_delta,ws_dislocation_x,ws_dislocation_zeta,psi_b,psi_d,porosity_b,porosity_d,valid_single_size,experiment_case,linear_power_kW_m,fuel_diameter_mm,fission_rate_case,fuel_description
K3_G3_Kd4p1e5_AP3p2,rizk2025_refit_plot,rizk2025_refit_full,900.0,1.1,35000000000000.0,1.4738945967025873e+23,6.0364406116695036e+25,2.4894980134645888e+25,3.34516185359372e+23,1.4149931926566216e+19,1.5933666616305244,38.93420006758188,0.5668301247957798,0.3498136310757035,0.9166437558714833,0.04215643445082271,0.9588001903223059,8844980224063.672,2.2112450560159178e+18,53.58824212480408,0.05862960269584067,1175220032675.204,41426998.012544274,28368.457504918468,1395944912.7038941,1393276295.6946955,223825588.99647135,57019278.58146644,1.0019153537725753,3.925437055059895,0.16310325204187778,66.80010203739351,27.549135661144128,5.4876590494205,5.4876590494205,0.0,4.958963674991733e+24,4.958963674991733e+24,0.0,9.03657393860029e+25,9.036573938600291e+25,1.0088002847156368,8.403799759037589e+16,0.005572680974844385,5.683949189238765e-07,1.8267456009732637e-07,1.8267456009732637e-07,0.003777713155434514,0.003777713155434514,2.403412194152456e+20,6.1503378710968235e-06,6.859556060984681e-19,5.096721272601947e-25,5.0967212726019465e-24,5.119872410101689e-28,1.3842827431568335e+19,35000000000000.0,35000000000000.0,0.0,0.005198875156322842,0.0007332222579316295,1.248675310543649e-05,4.327594213686816e-06,1.248675310543649e-05,4.327594213686816e-06,9.933285782050896e-30,4.0507716718108544e+18,3.839627216805131e+18,0.00016760262898858971,8.476151939677336e-22,-123016.08506669753,1.0434397672033506e+21,0.0,0.0,0.0,0.0,0.0,0.3333333333333333,0.3333333333333333,2.0,2.4966082885114063e-31,9.582238205875211e-25,0.0,6.859556060982184e-19,,0.0,0.0,0.0,0.0,0.0,2.4966082885114063e-31,6.859556060982184e-19,1.3969181271622544e-06,17.0,1.1661245303673958e-17,5.119872410101689e-34,5.096721267482075e-25,,,5.119872410101689e-34,5.096721267482075e-25,10.0,,9.536544540177922e-08,3.4095948968030423,33898184509960.008,4.774423683027565e-06,0.0007284478342486019,4.774423683027565e-06,0.0007284478342486019,0.005198875156322842,0.0007332222579316295,False,False,1.0,1.4139380485884392,8.937083796794213e-09,0.20178263272758537,0.7014339650385163,1.0,1.2893138524775913,2.564792586011008e-07,0.1526188547973214,0.772849156274106,0.1782998486038562,0.1518024949605211,0.005668301247957797,0.003498136310757035,True,AP3.2,100.0,8.3,5.767844763153473e+19,$(U_{0.8}Pu_{0.2})N$
K3_G3_Kd4p1e5_AP3p2,rizk2025_refit_plot,rizk2025_refit_full,925.0,1.1,35000000000000.0,1.4728235298777156e+23,6.027384438806335e+25,2.498997116153815e+25,3.3383153114554404e+23,1.412974699510196e+19,1.5951494201644452,40.22527524320696,0.5675708400650092,0.38522997117470203,0.9528008112397112,0.04212834700237235,0.9949291582420835,8845439554963.793,2.2113598887409482e+18,53.575410721777004,0.05860457225118389,455404859091.65173,41436919.84983007,10990.31638312082,1393398610.8361433,1391719153.0378006,184675290.60888833,55189181.09515988,1.001206750510458,3.3462227006134078,0.16298472627844696,66.69988515293375,27.654254069445425,5.482876051342376,5.482876051342376,0.0,4.954641483413618e+24,4.954641483413618e+24,0.0,9.03657393860029e+25,9.03657393860029e+25,1.0096974302014703,8.391596693114952e+16,0.005569614702668225,5.654267671247813e-07,2.162130864050928e-07,2.162130864050928e-07,0.0041572341468488535,0.0041572341468488535,2.7635725255315443e+20,6.528038273497427e-06,6.85955606099651e-19,8.665450134436394e-25,8.665450134436394e-24,3.600113810511962e-27,1.3842827431568335e+19,35000000000000.0,35000000000000.0,0.0,0.005193362045215842,0.0007326224655068222,1.2482833669789572e-05,4.3043655435793475e-06,1.2482833669789572e-05,4.3043655435793475e-06,1.1785812441139803e-29,4.193625549041672e+18,4.721362815732981e+18,0.0004442012614752418,8.474571895465083e-22,-123009.73747352073,1.0428499214088075e+21,0.0,0.0,0.0,0.0,0.0,0.3333333333333333,0.3333333333333333,2.0,1.4326320272288242e-30,6.835119693240278e-24,0.0,6.859556060982184e-19,,0.0,0.0,0.0,0.0,0.0,1.4326320272288242e-30,6.859556060982184e-19,9.96437616729284e-06,17.0,1.1661245303694066e-17,3.600113810511962e-33,8.665450098435256e-25,,,3.600113810511962e-33,8.665450098435256e-25,10.0,,9.536544540177922e-08,3.4095948968030423,33863272968566.094,4.924855408681112e-06,0.0007276976100981411,4.924855408681112e-06,0.0007276976100981411,0.005193362045215842,0.0007326224655068222,False,False,1.0,1.4141058849069452,8.94318994527961e-09,0.2018441862506795,0.7013453952419595,1.0,1.3010709887673035,2.566013202571701e-07,0.15757742268990996,0.7655902404189164,0.1783774802894354,0.15676172100783223,0.005675708400650092,0.0038522997117470203,True,AP3.2,100.0,8.3,5.767844763153473e+19,$(U_{0.8}Pu_{0.2})N$
K3_G3_Kd4p1e5_AP3p2,rizk2025_refit_plot,rizk2025_refit_full,950.0,1.1,35000000000000.0,1.4717809884715597e+23,6.0183508234742975e+25,2.508475987609971e+25,3.331446639986573e+23,1.4106998295563876e+19,1.5969262729424476,41.592214514017634,0.5682979232401759,0.4251668114879567,0.9934647347281327,0.04211246897753539,1.035577203705668,8845692662706.209,2.211423165676552e+18,53.568168144721604,0.05859040492303903,185633141178.96103,41442522.24571824,4479.291585543886,1391264087.5054336,1390170628.171516,155235444.30842105,53375373.87560366,1.0007865648372645,2.90837202696157,0.16286935717802908,66.59991789329068,27.759148596072002,5.478064153459279,5.478064153459279,0.0,4.950293176313058e+24,4.950293176313058e+24,0.0,9.03657393860029e+25,9.03657393860029e+25,1.0107104675301992,8.379727571394656e+16,0.005566481066541833,5.623834120429758e-07,2.5293531369374294e-07,2.5293531369374294e-07,0.004585047849610955,0.004585047849610955,3.163400481106746e+20,6.942037260544087e-06,6.85955606105717e-19,1.426046189772508e-24,1.426046189772508e-23,2.2845010932250072e-26,1.3842827431568335e+19,35000000000000.0,35000000000000.0,0.0,0.005187776350131532,0.0007319913436177052,1.2478929406704829e-05,4.281286713387508e-06,1.2478929406704829e-05,4.281286713387508e-06,1.3821158361907086e-29,4.3432482356052966e+18,5.690161549903257e+18,0.0011184314727335132,8.475251772393372e-22,-123028.80509643024,1.0422753350145918e+21,0.0,0.0,0.0,0.0,0.0,0.3333333333333333,0.3333333333333333,2.0,7.498646671560408e-30,3.5732345885189943e-23,0.0,6.859556060982184e-19,,0.0,0.0,0.0,0.0,0.0,7.498646671560408e-30,6.859556060982184e-19,5.209133880842283e-05,17.0,1.166124530379719e-17,2.284501093225007e-32,1.4260461669274971e-24,,,2.284501093225007e-32,1.4260461669274971e-24,10.0,,9.536544540177922e-08,3.4095948968030423,33826538021887.023,5.083141345339566e-06,0.0007269082022723657,5.083141345339566e-06,0.0007269082022723657,0.005187776350131532,0.0007319913436177052,False,False,1.0,1.4142694656523098,8.949332665134486e-09,0.20190416803663572,0.7012590892361376,1.0,1.3136833527832061,2.5673916474548327e-07,0.16281678302009472,0.757932905336363,0.17845361758261533,0.16200177962379175,0.00568297923240176,0.004251668114879567,True,AP3.2,100.0,8.3,5.767844763153473e+19,$(U_{0.8}Pu_{0.2})N$
K3_G3_Kd4p1e5_AP3p2,rizk2025_refit_plot,rizk2025_refit_full,975.0,1.1,35000000000000.0,1.4707678800484079e+23,6.009546768188805e+25,2.517722055889756e+25,3.324640200240915e+23,1.4081791157539504e+19,1.5987080905115143,43.01435615877996,0.5690373583181435,0.46944723849004083,1.0384845968081844,0.0421247553462166,1.0806093521544011,8845470480899.914,2.2113676202249784e+18,53.573825717066015,0.05860130960660212,79286361269.13799,41438145.778952956,1913.3665316996085,1389355978.420194,1388621233.09184,132679952.93153518,51610676.021867186,1.0005291186040113,2.570785022760007,0.1627572451729666,66.50249097745608,27.861466889958695,5.4732848874122615,5.4732848874122615,0.0,4.945974357212446e+24,4.945974357212446e+24,0.0,9.03657393860029e+25,9.03657393860029e+25,1.0118353987696918,8.368201914580981e+16,0.005563229038162617,5.59317031970545e-07,2.9243578697640485e-07,2.9243578697640485e-07,0.005059335616181192,0.005059335616181192,3.599887524076148e+20,7.394377232177307e-06,6.859556061342735e-19,2.2780288136394288e-24,2.2780288136394286e-23,1.3186026336093777e-25,1.3842827431568335e+19,35000000000000.0,35000000000000.0,0.0,0.005182280760236619,0.0007313392720366906,1.247501641947358e-05,4.258778219943126e-06,1.247501641947358e-05,4.258778219943126e-06,1.601760983123959e-29,4.499239655238055e+18,6.734635233986662e+18,0.0026860439595555695,8.480823762754464e-22,-123101.85154659185,1.0417167885537001e+21,0.0,0.0,0.0,0.0,0.0,0.3333333333333333,0.3333333333333333,2.0,3.605513394506346e-29,1.4241136187131344e-22,0.0,6.859556060982184e-19,,0.0,0.0,0.0,0.0,0.0,3.605513394506346e-29,6.859556060982184e-19,0.00020761017272513826,17.0,1.166124530428265e-17,1.3186026336093777e-31,2.2780286817791655e-24,,,1.3186026336093777e-31,2.2780286817791655e-24,10.0,,9.536544540177922e-08,3.4095948968030423,33788583859977.508,5.246677632977096e-06,0.0007260925944037135,5.246677632977096e-06,0.0007260925944037135,0.005182280760236619,0.0007313392720366906,False,False,1.0,1.4144367538665104,8.955436435367483e-09,0.20196549803294667,0.7011708455838509,1.0,1.3269849688726476,2.568922529530932e-07,0.16825544655671495,0.7499984772024286,0.17853098174320356,0.16744117497600103,0.005690373583181435,0.004694472384900408,True,AP3.2,100.0,8.3,5.767844763153473e+19,$(U_{0.8}Pu_{0.2})N$
K3_G3_Kd4p1e5_AP3p2,rizk2025_refit_plot,rizk2025_refit_full,1000.0,1.1,35000000000000.0,1.4697842300463557e+23,6.001123983218977e+25,2.5265790080680056e+25,3.3179638505501447e+23,1.4054276560171993e+19,1.6005008502073343,44.472584606089654,0.5698072712141886,0.5178145085110031,1.0876217797251917,0.042197669636115466,1.1298194493613074,8844229637027.613,2.2110574092569032e+18,53.60722523852783,0.05866616913944184,35359389114.69768,41412328.09797574,853.8372687244809,1387574176.7836652,1387065804.8775256,115105027.4816305,49918393.98729289,1.0003665088594584,2.3058639969653543,0.16264839307827503,66.40928325263629,27.959479170259048,5.468589184026412,5.468589184026412,0.0,4.94173105012845e+24,4.94173105012845e+24,0.0,9.03657393860029e+25,9.036573938600291e+25,1.013066219394437,8.357019216824262e+16,0.0055598314656011205,5.562674208961965e-07,3.3423469112861943e-07,3.3423469112861943e-07,0.0055774639346819685,0.0055774639346819685,4.069330267098205e+20,7.886255144375476e-06,6.859556062584883e-19,3.5413597183153905e-24,3.5413597183153905e-23,6.972208708889678e-25,1.3842827431568335e+19,35000000000000.0,35000000000000.0,0.0,0.005176998494514116,0.000730675754348809,1.2471081594180788e-05,4.237142737392315e-06,1.2471081594180788e-05,4.237142737392315e-06,1.8348960673547415e-29,4.659817392552329e+18,7.841128116211573e+18,0.006175777834954552,8.496756255495148e-22,-123288.64136959704,1.0411745189021687e+21,0.0,0.0,0.0,0.0,0.0,0.3333333333333333,0.3333333333333333,2.0,1.6026995865756309e-28,4.476676181501433e-22,0.0,6.859556060982184e-19,,0.0,0.0,0.0,0.0,0.0,1.6026995865756309e-28,6.859556060982184e-19,0.0006526189363651748,17.0,1.1661245306394302e-17,6.972208708889678e-31,3.5413590210945195e-24,,,6.972208708889678e-31,3.5413590210945195e-24,10.0,,9.536544540177922e-08,3.4095948968030423,33749963662137.79,5.413080350297704e-06,0.0007252626739985113,5.413080350297704e-06,0.0007252626739985113,0.005176998494514116,0.000730675754348809,False,False,1.0,1.4146133504999412,8.96143977031424e-09,0.2020302282820046,0.7010777120061013,1.0,1.3408150412302549,2.57059772895776e-07,0.17381828000421148,0.7418983479775766,0.1786114634888883,0.17300476765358888,0.0056980727121418865,0.005178145085110031,True,AP3.2,100.0,8.3,5.767844763153473e+19,$(U_{0.8}Pu_{0.2})N$
K3_G3_Kd4p1e5_AP3p2,rizk2025_refit_plot,rizk2025_refit_full,1025.0,1.1,35000000000000.0,1.4688290916041303e+23,5.993184559662802e+25,2.5349412742825165e+25,3.3114676236013954e+23,1.402464315425987e+19,1.6023075520529853,45.94987543315377,0.5706197004691037,0.5699456511898525,1.140565351658956,0.0423952979341083,1.1829606495930642,8840908863878.418,2.2102272159696044e+18,53.69750434552196,0.05884183127657221,16413650983.85615,41342703.48422877,397.01445722139476,1385863263.8421822,1385501801.5458927,101201896.68541883,48313515.08731675,1.0002608890842914,2.094691237069321,0.1625426961129522,66.32142447330111,28.052017186008477,5.464015644577474,5.464015644577474,0.0,4.937598137389306e+24,4.937598137389306e+24,0.0,9.03657393860029e+25,9.03657393860029e+25,1.014395239608077,8.346167961536678e+16,0.005556277620043845,5.532634818840867e-07,3.7778947013385517e-07,3.7778947013385517e-07,0.006136122381390336,0.006136122381390336,4.5674465192018654e+20,8.418331141808952e-06,6.859556067606377e-19,5.3696749456684256e-24,5.369674945668426e-23,3.398959714178951e-24,1.3842827431568335e+19,35000000000000.0,35000000000000.0,0.0,0.005172016722682725,0.0007300091456771372,1.246711837237963e-05,4.21657876592232e-06,1.246711837237963e-05,4.21657876592232e-06,2.0785180973722806e-29,4.822459328205847e+18,8.994162243544998e+18,0.01364113876919442,8.533937935466005e-22,-123708.33592012568,1.0406481750924502e+21,0.0,0.0,0.0,0.0,0.0,0.3333333333333333,0.3333333333333333,2.0,6.624193185834588e-28,1.1430128592985717e-21,0.0,6.859556060982184e-19,,0.0,0.0,0.0,0.0,0.0,6.624193185834588e-28,6.859556060982184e-19,0.0016663073353920743,17.0,1.166124531493084e-17,3.398959714178951e-30,5.369671546708712e-24,,,3.398959714178951e-30,5.369671546708712e-24,10.0,,9.536544540177922e-08,3.4095948968030423,33711163739268.207,5.580253847844688e-06,0.0007244288918292925,5.580253847844688e-06,0.0007244288918292925,0.005172016722682725,0.0007300091456771372,False,False,1.0,1.4148029958359107,8.967296629973485e-09,0.20209972734099593,0.7009777199141345,1.0,1.3550233405573475,2.572406832547196e-07,0.17943865262446498,0.7337308245723447,0.17869631104741984,0.178625921154767,0.005706197004691037,0.005699456511898525,True,AP3.2,100.0,8.3,5.767844763153473e+19,$(U_{0.8}Pu_{0.2})N$
K3_G3_Kd4p1e5_AP3p2,rizk2025_refit_plot,rizk2025_refit_full,1050.0,1.1,35000000000000.0,1.4679007506238375e+23,5.985789563926072e+25,2.5427453903016804e+25,3.305185210305126e+23,1.3993109230218553e+19,1.604129368124342,47.431489897387415,0.5714820312531297,0.6254651749246302,1.19694720617776,0.04284001738038784,1.2397872235581477,8833520624384.014,2.208380156096003e+18,53.899629450614576,0.0592360988842103,7907999858.735224,41187667.1997174,191.9992171537572,1384191960.534106,1383928281.667068,90053366.81789896,46804348.85774652,1.000190529285752,1.9240384497517555,0.16243996459251087,66.23959040889821,28.138378633081118,5.459590993428182,5.459590993428182,0.0,4.933599768662997e+24,4.933599768662997e+24,0.0,9.03657393860029e+25,9.03657393860029e+25,1.0158134086030206,8.335627992542563e+16,0.00555256769115547,5.503253322222035e-07,4.225084286754726e-07,4.225084286754726e-07,0.006731459599808201,0.006731459599808201,5.0894919790581914e+20,8.990276303758636e-06,6.859556086571999e-19,7.957391575121721e-24,7.957391575121721e-23,1.5366002896313798e-23,1.3842827431568335e+19,35000000000000.0,35000000000000.0,0.0,0.005167392112330752,0.0007293465585107703,1.2463124219118894e-05,4.197200319964025e-06,1.2463124219118894e-05,4.197200319964025e-06,2.3293210400940386e-29,4.984703877546187e+18,1.0176923174713006e+19,0.029044549445392576,8.613220223206448e-22,-124588.3467631266,1.0401369389848141e+21,0.0,0.0,0.0,0.0,0.0,0.3333333333333333,0.3333333333333333,2.0,2.558981501392922e-27,2.43157518657149e-21,0.0,6.859556060982184e-19,,0.0,0.0,0.0,0.0,0.0,2.558981501392922e-27,6.859556060982184e-19,0.003544799628260854,17.0,1.1661245347172398e-17,1.5366002896313797e-29,7.957376209118825e-24,,,1.5366002896313797e-29,7.957376209118825e-24,10.0,,9.536544540177922e-08,3.4095948968030423,33672598020560.21,5.7464145003987994e-06,0.0007236001440103715,5.7464145003987994e-06,0.0007236001440103715,0.005167392112330752,0.0007293465585107703,False,False,1.0,1.4150079907930697,8.97297531339156e-09,0.20217483513752185,0.7008696615177161,1.0,1.3694729973198165,2.5743375731118235e-07,0.18505919723939004,0.7255800566517427,0.17878628210351055,0.18424726277437187,0.005714820312531297,0.006254651749246301,True,AP3.2,100.0,8.3,5.767844763153473e+19,$(U_{0.8}Pu_{0.2})N$
K3_G3_Kd4p1e5_AP3p2,rizk2025_refit_plot,rizk2025_refit_full,1075.0,1.1,35000000000000.0,1.466996991253793e+23,5.978968187827709e+25,2.5499607045583224e+25,3.299136653984673e+23,1.3959914699696075e+19,1.6059663594999598,48.904953742541885,0.5723981817635744,0.6839587836182383,1.2563569653818125,0.04375785490118996,1.3001148202830024,8818491872529.908,2.2046229681324772e+18,54.31266053531801,0.06004509509528729,3944382469.03672,40874447.65399397,96.49995768569858,1382542372.5038116,1382345269.4807558,81004870.31084901,45394174.416094914,1.0001425859569295,1.7844772231858899,0.16233995330768267,66.16410410020742,28.218224316917347,5.4553316295675645,5.4553316295675645,0.0,4.92975076301721e+24,4.92975076301721e+24,0.0,9.03657393860029e+25,9.036573938600291e+25,1.0173106410724002,8.32537357138421e+16,0.005548708769595853,5.474664286339828e-07,4.677665073847327e-07,4.677665073847327e-07,0.007359218102647315,0.007359218102647315,5.630383488512968e+20,9.600879602666387e-06,6.85955615381511e-19,1.1545833192879147e-23,1.1545833192879148e-22,6.475908336901747e-23,1.3842827431568335e+19,35000000000000.0,35000000000000.0,0.0,0.0051631570216728664,0.0007286938811347358,1.245909904504e-05,4.179057086284233e-06,1.245909904504e-05,4.179057086284233e-06,2.583787910189302e-29,5.144732909749801e+18,1.1371782585298809e+19,0.05982273349711066,8.773116650486946e-22,-126343.58856812274,1.039639681105941e+21,0.0,0.0,0.0,0.0,0.0,0.3333333333333333,0.3333333333333333,2.0,9.283292620781236e-27,4.406311478811802e-21,0.0,6.859556060982184e-19,,0.0,0.0,0.0,0.0,0.0,9.283292620781236e-27,6.859556060982184e-19,0.006423610187025182,17.0,1.1661245461485687e-17,6.475908336901747e-29,1.1545768433795778e-23,,,6.475908336901747e-29,1.1545768433795778e-23,10.0,,9.536544540177922e-08,3.4095948968030423,33634609023290.125,5.910086528028658e-06,0.0007227837946067071,5.910086528028658e-06,0.0007227837946067071,0.0051631570216728664,0.0007286938811347358,False,False,1.0,1.4152295545551434,8.978456227145011e-09,0.20225599438329533,0.7007529006822056,1.0,1.3840416233988115,2.5763762719538386e-07,0.19063171296754897,0.7175162516643784,0.17888176932511438,0.18982058627946635,0.005723981817635743,0.006839587836182382,True,AP3.2,100.0,8.3,5.767844763153473e+19,$(U_{0.8}Pu_{0.2})N$
K3_G3_Kd4p1e5_AP3p2,rizk2025_refit_plot,rizk2025_refit_full,1100.0,1.1,35000000000000.0,1.4661153247325927e+23,5.97272608588174e+25,2.556580862663189e+25,3.293331291151696e+23,1.3925313132722469e+19,1.607817932671222,50.359922067669046,0.5733695624585015,0.7449870561893829,1.3183566186478843,0.045552982424551525,1.3639096010724359,8789641824880.523,2.1974104562201308e+18,55.105598280220526,0.06160893264975514,2032133957.4753845,40286287.95047203,50.44232320370868,1380904200.103759,1380753352.0363848,73581184.47485206,44082673.460395105,1.000109250553078,1.6691633854956436,0.1622423868486252,66.0950281208774,28.291483918950682,5.451245573323285,5.451245573323285,0.0,4.926058368080339e+24,4.926058368080339e+24,0.0,9.03657393860029e+25,9.03657393860029e+25,1.0188761462156548,8.315376046090014e+16,0.005544711986639834,5.446953978273989e-07,5.129229120438082e-07,5.129229120438082e-07,0.008014868862921172,0.008014868862921172,6.184830892981457e+20,1.024829524036528e-05,6.859556378595706e-19,1.6429338076549502e-23,1.6429338076549503e-22,2.556484784617257e-22,1.3842827431568335e+19,35000000000000.0,35000000000000.0,0.0,0.0051593253649707925,0.0007280558606466147,1.2455044201310804e-05,4.1621521935316405e-06,1.2455044201310804e-05,4.1621521935316405e-06,2.838293443390985e-29,5.301560151778106e+18,1.2560846307217377e+19,0.11966371594699007,9.082403337311162e-22,-129693.1199969843,1.0391550998402218e+21,0.0,0.0,0.0,0.0,0.0,0.3333333333333333,0.3333333333333333,2.0,3.1761352235744896e-26,6.934054381604572e-21,0.0,6.859556060982184e-19,,0.0,0.0,0.0,0.0,0.0,3.1761352235744896e-26,6.859556060982184e-19,0.010108604695255988,17.0,1.1661245843612701e-17,2.556484784617257e-28,1.642908242807104e-23,,,2.556484784617257e-28,1.642908242807104e-23,10.0,,9.536544540177922e-08,3.4095948968030423,33597472373066.99,6.070082547146696e-06,0.000721985778099468,6.070082547146696e-06,0.000721985778099468,0.0051593253649707925,0.0007280558606466147,False,False,1.0,1.415468118754427,8.983729381955205e-09,0.20234335866713798,0.7006272173523518,1.0,1.398621480652534,2.578508284938528e-07,0.196116608739799,0.7095965783508104,0.1789829017779147,0.1953062954221351,0.005733695624585014,0.007449870561893829,True,AP3.2,100.0,8.3,5.767844763153473e+19,$(U_{0.8}Pu_{0.2})N$
K3_G3_Kd4p1e5_AP3p2,rizk2025_refit_plot,rizk2025_refit_full,1125.0,1.1,35000000000000.0,1.4652531455297136e+23,5.967052293831175e+25,2.562616712450258e+25,3.2877704200316935e+23,1.3889563851464845e+19,1.6096831342386457,51.78799966323315,0.5743958244200946,0.8080991080658912,1.3824949324859859,0.04892555507143992,1.4314204875574257,8736880443109.793,2.1842201107774482e+18,56.54666098352159,0.0644839134930899,1079291865.4557326,39259612.52861484,27.49114919738644,1379271540.6477368,1379153420.185411,67431656.38834119,42867073.73206553,1.0000856470792858,1.5730408100588589,0.16214697688366086,66.032241138896,28.358277482839824,5.4473344013805125,5.4473344013805125,0.0,4.922524008635595e+24,4.922524008635595e+24,0.0,9.03657393860029e+25,9.03657393860029e+25,1.020498761004052,8.30560579866103e+16,0.005540590513621289,5.420174536760642e-07,5.573400288426222e-07,5.573400288426222e-07,0.008693747049284528,0.008693747049284528,6.747477230816913e+20,1.0930091207222663e-05,6.8595570898364e-19,2.2961278689320564e-23,2.2961278689320565e-22,9.494708146321283e-22,1.3842827431568335e+19,35000000000000.0,35000000000000.0,0.0,0.005155897675435342,0.0007274362223773926,1.2450961829574578e-05,4.146456546575424e-06,1.2450961829574578e-05,4.146456546575424e-06,3.0892140095981897e-29,5.454909834316548e+18,1.3726512222309329e+19,0.2335374191295053,9.659896079649234e-22,-135807.79936260876,1.038681831037324e+21,0.0,0.0,0.0,0.0,0.0,0.3333333333333333,0.3333333333333333,2.0,1.028854216590493e-25,9.636917296725955e-21,0.0,6.859556060982184e-19,,0.0,0.0,0.0,0.0,0.0,1.028854216590493e-25,6.859556060982184e-19,0.014048891452488508,17.0,1.166124705272188e-17,9.494708146321284e-28,2.2960329218505932e-23,,,9.494708146321284e-28,2.2960329218505932e-23,10.0,,9.536544540177922e-08,3.4095948968030423,33561402864567.094,6.225477574112823e-06,0.0007212107448032797,6.225477574112823e-06,0.0007212107448032797,0.005155897675435342,0.0007274362223773926,False,False,1.0,1.4157235596334456,8.988792087024657e-09,0.20243687776543287,0.7004926847652947,1.0,1.413119206031871,2.58071845467654e-07,0.20148216008653333,0.7018663501429522,0.17908962402387554,0.20067266077324072,0.005743958244200946,0.008080991080658913,True,AP3.2,100.0,8.3,5.767844763153473e+19,$(U_{0.8}Pu_{0.2})N$
K3_G3_Kd4p1e5_AP3p2,rizk2025_refit_plot,rizk2025_refit_full,1150.0,1.1,35000000000000.0,1.4644077916999212e+23,5.96192457634691e+25,2.5680907996595664e+25,3.282449439987736e+23,1.385292395206665e+19,1.6115608478178365,53.18256361032586,0.5754754194720052,0.8728464784042902,1.4483218978762953,0.05504876337938933,1.5033706612556847,8645165866281.803,2.1612914665704504e+18,59.02082216273813,0.06951281930684336,590082750.4999198,37613844.04098597,15.68791399934916,1377641072.6648474,1377546496.6191204,62293518.01707357,41743004.64840638,1.0000686554290248,1.4923103533576554,0.1620534288381808,65.97549709497952,28.418854502919586,5.443594973262726,5.443594973262726,0.0,4.919144846768149e+24,4.919144846768149e+24,0.0,9.03657393860029e+25,9.03657393860029e+25,1.0221672950230396,8.296033398541683e+16,0.005536358136536043,5.394353876384182e-07,6.004029596938184e-07,6.004029596938184e-07,0.009391192365812238,0.009391192365812238,7.313046682024314e+20,1.164365834022231e-05,6.859559227741158e-19,3.156009871203467e-23,3.1560098712034666e-22,3.330768464716398e-21,1.3842827431568335e+19,35000000000000.0,35000000000000.0,0.0,0.005152865260780244,0.0007268378186954059,1.2446854427091202e-05,4.131919659904127e-06,1.2446854427091202e-05,4.131919659904127e-06,3.333040986181617e-29,5.604971543177312e+18,1.4852020833695146e+19,0.44708909305694783,1.070408025140482e-21,-146441.65236387894,1.0382185323309889e+21,0.0,0.0,0.0,0.0,0.0,0.3333333333333333,0.3333333333333333,2.0,3.1667589742037936e-25,1.2004150054659163e-20,0.0,6.859556060982184e-19,,0.0,0.0,0.0,0.0,0.0,3.1667589742037936e-25,6.859556060982184e-19,0.017499885424288566,17.0,1.1661250687159969e-17,3.330768464716398e-27,3.155676794356995e-23,,,3.330768464716398e-27,3.155676794356995e-23,10.0,,9.536544540177922e-08,3.4095948968030423,33526560714107.02,6.375582449424433e-06,0.0007204622362459815,6.375582449424433e-06,0.0007204622362459815,0.005152865260780244,0.0007268378186954059,False,False,1.0,1.4159953729111354,8.993647083605323e-09,0.20253636191152577,0.700349576945302,1.0,1.4274554647393454,2.5829915789002224e-07,0.20670376254794484,0.6943602146956426,0.17920175533230945,0.20589507321807773,0.005754754194720052,0.008728464784042902,True,AP3.2,100.0,8.3,5.767844763153473e+19,$(U_{0.8}Pu_{0.2})N$
K3_G3_Kd4p1e5_AP3p2,rizk2025_refit_plot,rizk2025_refit_full,1175.0,1.1,35000000000000.0,1.4635764600324631e+23,5.957313251454432e+25,2.5730334121546943e+25,3.277359306499476e+23,1.3815639839894303e+19,1.6134499423399626,54.538624374221364,0.576605995530449,0.9387979898736623,1.5154039854041113,0.06581034855473913,1.5812143339588505,8494718613586.691,2.1236796533966728e+18,63.00798247613627,0.0778432944897797,331940969.9124287,35233630.92669736,9.421140006916207,1376010983.142338,1375933607.695549,57966850.53513931,40705097.084357746,1.0000562348694415,1.4240685979696373,0.16196143250493475,65.92446752421729,28.473550148954367,5.440020894323394,5.440020894323394,0.0,4.915915103908382e+24,4.915915103908382e+24,0.0,9.03657393860029e+25,9.03657393860029e+25,1.0238709070569634,8.286629852874128e+16,0.005532028100995805,5.369501526130602e-07,6.415389044739668e-07,6.415389044739668e-07,0.010102702643589,0.010102702643589,7.876501286819803e+20,1.2386175828371863e-05,6.859565352766219e-19,4.2715948930300983e-23,4.271594893030099e-22,1.1076769180051558e-20,1.3842827431568335e+19,35000000000000.0,35000000000000.0,0.0,0.0051502136216014455,0.0007262628290604361,1.2442724519734181e-05,4.118477326500741e-06,1.2442724519734181e-05,4.118477326500741e-06,3.5664932815515885e-29,5.752170182768951e+18,1.5921978895005219e+19,0.844477045678395,1.2535450120697916e-21,-163914.7571647375,1.037763957888643e+21,0.0,0.0,0.0,0.0,0.0,0.3333333333333333,0.3333333333333333,2.0,9.291784035179553e-25,1.35764246380118e-20,0.0,6.859556060982184e-19,,0.0,0.0,0.0,0.0,0.0,9.291784035179553e-25,6.859556060982184e-19,0.019791960481194207,17.0,1.1661261099702572e-17,1.1076769180051557e-26,4.2704872161120934e-23,,,1.1076769180051557e-26,4.2704872161120934e-23,10.0,,9.536544540177922e-08,3.4095948968030423,33493057001584.953,6.519921388160336e-06,0.0007197429076722758,6.519921388160336e-06,0.0007197429076722758,0.0051502136216014455,0.0007262628290604361,False,False,1.0,1.4162827969963432,8.998301271009975e-09,0.20264152710205896,0.7001983034885105,1.0,1.4415648621781887,2.5853129226369443e-07,0.21176332167604317,0.6871031433867064,0.17931903151564277,0.21095543407687928,0.00576605995530449,0.009387979898736623,True,AP3.2,100.0,8.3,5.767844763153473e+19,$(U_{0.8}Pu_{0.2})N$
K3_G3_Kd4p1e5_AP3p2,rizk2025_refit_plot,rizk2025_refit_full,1200.0,1.1,35000000000000.0,1.4627558482327795e+23,5.953183552644681e+25,2.5774801081378087e+25,3.2724870943599936e+23,1.3777937336492057e+19,1.6153494231610723,55.85276323594133,0.57778464313552,1.0055572619741333,1.5833419051096536,0.08407452812606347,1.6674164332357169,8264051263519.631,2.0660128158799076e+18,68.99818305224267,0.09081328266370052,192351940.12658045,32174760.28780504,5.978348817706225,1374380280.5699115,1374315654.662314,54297131.64383384,39747362.01720145,1.0000470240642156,1.3660562333755806,0.16187062244735548,65.87876769552327,28.522757913017692,5.436603769011709,5.436603769011709,0.0,4.912827193354732e+24,4.912827193354732e+24,0.0,9.03657393860029e+25,9.036573938600291e+25,1.025599557885377,8.277365542730862e+16,0.005527611817497836,5.345610409081124e-07,6.802352496071339e-07,6.802352496071339e-07,0.010824119309530533,0.010824119309530533,8.433210300175406e+20,1.315500795053693e-05,6.859582128801389e-19,5.699970868482597e-23,5.699970868482596e-22,3.503783313863259e-20,1.3842827431568335e+19,35000000000000.0,35000000000000.0,0.0,0.005147925587970416,0.00072571308519111,1.2438574330518923e-05,4.10605651131548e-06,1.2438574330518923e-05,4.10605651131548e-06,3.7866227076338356e-29,5.897006204468215e+18,1.6922826891434303e+19,1.581537728306408,1.5653801074778854e-21,-190739.47630342637,1.0373170526773397e+21,0.0,0.0,0.0,0.0,0.0,0.3333333333333333,0.3333333333333333,2.0,2.6067819204802983e-24,1.4100662152237733e-20,0.0,6.859556060982184e-19,,0.0,0.0,0.0,0.0,0.0,2.6067819204802983e-24,6.859556060982184e-19,0.0205561532575478,17.0,1.1661289618962361e-17,3.503783313863259e-26,5.696467085168733e-23,,,3.503783313863259e-26,5.696467085168733e-23,10.0,,9.536544540177922e-08,3.4095948968030423,33460957343124.88,6.658218698164095e-06,0.000719054866492946,6.658218698164095e-06,0.000719054866492946,0.005147925587970416,0.00072571308519111,False,False,1.0,1.416584887796095,9.00276522760391e-09,0.202752022645892,0.7000393698999073,1.0,1.455396514778029,2.5876688349514947e-07,0.21664892169908662,0.6801110161603856,0.17944113112471727,0.2158418239236966,0.0057778464313552,0.010055572619741333,True,AP3.2,100.0,8.3,5.767844763153473e+19,$(U_{0.8}Pu_{0.2})N$
K3_G3_Kd4p1e5_AP3p2,rizk2025_refit_plot,rizk2025_refit_full,1225.0,1.1,35000000000000.0,1.4619412248046193e+23,5.949496453488622e+25,2.581470790611248e+25,3.267815221342115e+23,1.3740008539217527e+19,1.6172586624464795,57.123197809046616,0.5790079925319145,1.0727861225486919,1.6517941150806064,0.1137964318400619,1.7655905469206683,7936890940704.083,1.9842227351760207e+18,77.35824107776884,0.10963384579634185,115233887.21626121,28697653.528189935,4.015446318740521,1372748261.7783349,1372693219.4270854,51162733.78278267,38863370.48953548,1.0000400980717836,1.3164770100565253,0.16178047507140356,65.83796573693682,28.566919367353755,5.433334420638016,5.433334420638016,0.0,4.90987282252374e+24,4.90987282252374e+24,0.0,9.03657393860029e+25,9.03657393860029e+25,1.0273446249785823,8.268206745285693e+16,0.005523116731702849,5.322653927816184e-07,7.160541392047165e-07,7.160541392047165e-07,0.011551880366012342,0.011551880366012342,8.979138596312458e+20,1.3947940694825352e-05,6.859626178147597e-19,7.507910714821752e-23,7.507910714821752e-22,1.057421518979397e-19,1.3842827431568335e+19,35000000000000.0,35000000000000.0,0.0,0.005145985096620363,0.0007251907006671067,1.2434405276776414e-05,4.094577715709466e-06,1.2434405276776414e-05,4.094577715709466e-06,3.990899912529007e-29,6.03996648859784e+18,1.784319241803223e+19,2.9430720148305562,2.0809958431093876e-21,-228771.4113720467,1.0368771206031396e+21,0.0,0.0,0.0,0.0,0.0,0.3333333333333333,0.3333333333333333,2.0,7.011716541319382e-24,1.3584525954125257e-20,0.0,6.859556060982184e-19,,0.0,0.0,0.0,0.0,0.0,7.011716541319382e-24,6.859556060982184e-19,0.01980359512505342,17.0,1.1661364502850915e-17,1.057421518979397e-25,7.497336499631958e-23,,,1.057421518979397e-25,7.497336499631958e-23,10.0,,9.536544540177922e-08,3.4095948968030423,33430282597164.82,6.7904018811405784e-06,0.0007184002987859661,6.7904018811405784e-06,0.0007184002987859661,0.005145985096620363,0.0007251907006671067,False,False,1.0,1.416900542174181,9.007053951812772e-09,0.2028674399039152,0.6998733649901917,1.0,1.4689158735494174,2.590047587341539e-07,0.22135496182930542,0.6733905345827657,0.17956768603518486,0.22054863909873176,0.005790079925319144,0.010727861225486919,True,AP3.2,100.0,8.3,5.767844763153473e+19,$(U_{0.8}Pu_{0.2})N$
K3_G3_Kd4p1e5_AP3p2,rizk2025_refit_plot,rizk2025_refit_full,1250.0,1.1,35000000000000.0,1.461124276561821e+23,5.946207586664777e+25,2.5850506680468433e+25,3.2633183523894827e+23,1.3701992279820198e+19,1.6191778490352884,58.35005340212384,0.5802721327801686,1.1402395515792336,1.7205116843594022,0.15963433831188506,1.880146022671287,7511670935338.612,1.877917733834653e+18,88.2017285722551,0.13488753260488323,71814044.26630822,25169574.74570773,2.8532084865102836,1371113923.544944,1371066187.2768848,48465615.12987378,38046237.67352364,1.000034816895422,1.2738609148625748,0.1616900704281893,65.80157067342945,28.606534795279412,5.430204460862983,5.430204460862983,0.0,4.907044411230547e+24,4.907044411230547e+24,0.0,9.03657393860029e+25,9.036573938600293e+25,1.0290998284465662,8.259107243936813e+16,0.005518542028255016,5.300576610287371e-07,7.486386364053938e-07,7.486386364053938e-07,0.012283402811561893,0.012283402811561893,9.5110586232763e+20,1.4763627318689042e-05,6.859737343204004e-19,9.775347450615735e-23,9.775347450615735e-22,3.0533079764031823e-19,1.3842827431568335e+19,35000000000000.0,35000000000000.0,0.0,0.0051443834633673425,0.0007246994006917891,1.2430216990681011e-05,4.0839548160246645e-06,1.2430216990681011e-05,4.0839548160246645e-06,4.177253719443848e-29,6.181486580893712e+18,1.8674000857185985e+19,5.428053397994597,2.907756302283368e-21,-278162.45297418936,1.0364441761658522e+21,0.0,0.0,0.0,0.0,0.0,0.3333333333333333,0.3333333333333333,2.0,1.8128222181985484e-23,1.2247278119517971e-20,0.0,6.859556060982184e-19,,0.0,0.0,0.0,0.0,0.0,1.8128222181985484e-23,6.859556060982184e-19,0.017853858692784275,17.0,1.1661553483446806e-17,3.0533079764031822e-25,9.744814370851704e-23,,,3.0533079764031822e-25,9.744814370851704e-23,10.0,,9.536544540177922e-08,3.4095948968030423,33401004916957.746,6.916632840622137e-06,0.0007177827678511669,6.916632840622137e-06,0.0007177827678511669,0.0051443834633673425,0.0007246994006917891,False,False,1.0,1.4172284558135817,9.011189742441305e-09,0.20298729704965757,0.6997009827608273,1.0,1.4821087232615389,2.5924406379432966e-07,0.2258830389318207,0.6669380733836746,0.17969827360399956,0.22507747465849867,0.005802721327801686,0.011402395515792335,True,AP3.2,100.0,8.3,5.767844763153473e+19,$(U_{0.8}Pu_{0.2})N$
K3_G3_Kd4p1e5_AP3p2,rizk2025_refit_plot,rizk2025_refit_full,1275.0,1.1,35000000000000.0,1.460288393990283e+23,5.943263389613215e+25,2.588273911019288e+25,3.258955974073171e+23,1.3663943268917514e+19,1.62110893170986,59.53595169449924,0.5815722805817732,1.2078209559187416,1.789393236500515,0.225605074187196,2.014998310687711,7009102750516.917,1.752275687629229e+18,101.29219632902276,0.16599517549488008,46940650.13507256,21916792.018102527,2.141766463645828,1369475039.2820933,1369432958.2518935,46123994.3433297,37288393.59773121,1.0000307287990597,1.2369531077395644,0.16159757048548787,65.76898977416867,28.642203656004124,5.427208999341716,5.427208999341716,0.0,4.904337540278831e+24,4.904337540278831e+24,0.0,9.03657393860029e+25,9.03657393860029e+25,1.0308627029512287,8.249989798525134e+16,0.005513869542608276,5.279274938972669e-07,7.776997368157412e-07,7.776997368157412e-07,0.013017691640582895,0.013017691640582895,1.0026773638350833e+21,1.5602559836275927e-05,6.860007613635873e-19,1.260338808442629e-22,1.260338808442629e-21,8.457331924393166e-19,1.3842827431568335e+19,35000000000000.0,35000000000000.0,0.0,0.005143131898992554,0.0007242473812339291,1.2426005267765886e-05,4.074092124304847e-06,1.2426005267765886e-05,4.074092124304847e-06,4.3440039859519534e-29,6.321944914295638e+18,1.940806108573008e+19,9.838475645939608,4.1861261346706854e-21,-336833.588421296,1.0360196956488162e+21,0.0,0.0,0.0,0.0,0.0,0.3333333333333333,0.3333333333333333,2.0,4.5155265368944576e-23,1.0414017716058635e-20,0.0,6.859556060982184e-19,,0.0,0.0,0.0,0.0,0.0,4.5155265368944576e-23,6.859556060982184e-19,0.015180766994133262,17.0,1.1662012943180985e-17,8.457331924393166e-25,1.2518814765182357e-22,,,8.457331924393166e-25,1.2518814765182357e-22,10.0,,9.536544540177922e-08,3.4095948968030423,33373036854854.695,7.037386370930685e-06,0.0007172099948629984,7.037386370930685e-06,0.0007172099948629984,0.005143131898992554,0.0007242473812339291,False,False,1.0,1.4175669822087456,9.015209098665831e-09,0.2031109877530267,0.6995230961635319,1.0,1.494988708008009,2.594844642620581e-07,0.23024397015618575,0.6607369243397713,0.17983238311728952,0.22943914739896093,0.005815722805817733,0.012078209559187416,True,AP3.2,100.0,8.3,5.767844763153473e+19,$(U_{0.8}Pu_{0.2})N$
K3_G3_Kd4p1e5_AP3p2,rizk2025_refit_plot,rizk2025_refit_full,1300.0,1.1,35000000000000.0,1.4593987456905691e+23,5.940592829099061e+25,2.5912115337508786e+25,3.254656748015524e+23,1.3625783487286866e+19,1.62305758988522,60.687047557906304,0.5829020617781832,1.2756693511304096,1.8585714129085926,0.3126347811743623,2.171206194082955,6472154212692.311,1.6180385531730775e+18,115.96937619444404,0.2009169431241618,32468134.24118321,19142984.750368588,1.6960852586249933,1367826428.2349179,1367788804.1896253,44066207.66517091,36581117.21256044,1.0000275072037272,1.204616234357118,0.1614991207515778,65.73943697537236,28.67471180291412,5.424352100961942,5.424352100961942,0.0,4.901755882934441e+24,4.901755882934441e+24,0.0,9.03657393860029e+25,9.03657393860029e+25,1.0326369275591487,8.24070708130848e+16,0.005509044767076102,5.258562988887974e-07,8.029617043113245e-07,8.029617043113245e-07,0.0137563042088036,0.0137563042088036,1.0525282910263542e+21,1.6468522703807587e-05,6.860642029484949e-19,1.6132812103425e-22,1.6132812103425001e-21,2.2525702314749626e-18,1.3842827431568335e+19,35000000000000.0,35000000000000.0,0.0,0.005142287758461065,0.000723853368994027,1.2421757784325549e-05,4.064878346705111e-06,1.2421757784325549e-05,4.064878346705111e-06,4.4895617681526785e-29,6.461676023898359e+18,2.003853700473299e+19,17.268667081693373,6.067492734894e-21,-401010.1996366458,1.0356081904513198e+21,0.0,0.0,0.0,0.0,0.0,0.3333333333333333,0.3333333333333333,2.0,1.085968502764781e-22,8.409787168749566e-21,0.0,6.859556060982184e-19,,0.0,0.0,0.0,0.0,0.0,1.085968502764781e-22,6.859556060982184e-19,0.012258017737417087,17.0,1.1663091450124414e-17,2.2525702314749626e-24,1.5907555080277505e-22,,,2.2525702314749626e-24,1.5907555080277505e-22,10.0,,9.536544540177922e-08,3.4095948968030423,33346211035165.01,7.153605321843016e-06,0.000716699763672184,7.153605321843016e-06,0.000716699763672184,0.005142287758461065,0.000723853368994027,False,False,1.0,1.417913829067394,9.019177282544462e-09,0.203237670615562,0.6993409160363541,1.0,1.5076100262796608,2.597264640310888e-07,0.23446140724656883,0.6547523131287757,0.17996934269836182,0.23365731068436504,0.005829020617781832,0.012756693511304096,True,AP3.2,100.0,8.3,5.767844763153473e+19,$(U_{0.8}Pu_{0.2})N$
K3_G3_Kd4p1e5_AP3p2,rizk2025_refit_plot,rizk2025_refit_full,1325.0,1.1,35000000000000.0,1.4583820975541735e+23,5.938091971635114e+25,2.593965993283656e+25,3.250287484638822e+23,1.358723084941666e+19,1.6250372484358655,61.814571994026096,0.5842521851095385,1.3442875085304606,1.9285396936399992,0.41589707315497815,2.3444367667949773,5955615375021.192,1.488903843755298e+18,131.12945304451102,0.23637862655881392,23948041.268311486,16929834.971907005,1.4145466454959743,1366156560.456264,1366122531.7369184,42225447.14097387,35913861.86762801,1.0000249089803843,1.1757423163403933,0.16138661703686208,65.7117621344322,28.705193040067638,5.421658208463301,5.421658208463301,0.0,4.89932152705978e+24,4.89932152705978e+24,0.0,9.03657393860029e+25,9.03657393860029e+25,1.0344357661977759,8.230962229865429e+16,0.005503938256340266,5.238116244320253e-07,8.240211839528323e-07,8.240211839528323e-07,0.014504773317347551,0.014504773317347551,1.1006661226631459e+21,1.737130603822544e-05,6.862082708120544e-19,2.058576297173614e-22,2.0585762971736138e-21,5.78187606487805e-18,1.3842827431568335e+19,35000000000000.0,35000000000000.0,0.0,0.0051420091857340075,0.0007235591443287207,1.241744537950918e-05,4.056177787394119e-06,1.241744537950918e-05,4.056177787394119e-06,4.611646080132546e-29,6.600996181297436e+18,2.0555150208425718e+19,28.7751131763143,8.644503531924729e-21,-466405.197063226,1.0352204054992058e+21,0.0,0.0,0.0,0.0,0.0,0.3333333333333333,0.3333333333333333,2.0,2.5266471383605937e-22,6.489382211733226e-21,0.0,6.859556060982184e-19,,0.0,0.0,0.0,0.0,0.0,2.5266471383605937e-22,6.859556060982184e-19,0.00945686971107727,17.0,1.1665540603804926e-17,5.78187606487805e-24,2.0007575365248335e-22,,,5.78187606487805e-24,2.0007575365248335e-22,10.0,,9.536544540177922e-08,3.4095948968030423,33320249918014.008,7.266970979187614e-06,0.0007162921733495331,7.266970979187614e-06,0.0007162921733495331,0.0051420091857340075,0.0007235591443287207,False,False,1.0,1.418265483655229,9.02321726669705e-09,0.20336605992835338,0.6991562918803379,1.0,1.5200862243379678,2.599718760557565e-07,0.23857721208493213,0.6489239803138096,0.1801081844622958,0.2377738305551908,0.005842521851095385,0.013442875085304607,True,AP3.2,100.0,8.3,5.767844763153473e+19,$(U_{0.8}Pu_{0.2})N$
K3_G3_Kd4p1e5_AP3p2,rizk2025_refit_plot,rizk2025_refit_full,1350.0,1.1,35000000000000.0,1.4570871206086188e+23,5.935597461081202e+25,2.5966959661872483e+25,3.245594208579786e+23,1.35477131435033e+19,1.627077014489193,62.93655284995484,0.5856082127077518,1.4146970831317707,2.0003052958395227,0.524265555569627,2.524570851409149,5508600350689.114,1.3771500876722785e+18,145.38419491024877,0.26875510357317234,18911770.098564647,15269885.432666814,1.2385011126610526,1364440945.617113,1364409908.2162685,40536090.11322615,35273619.216048196,1.0000227478565331,1.149189989973689,0.16124331306410059,65.68415752929246,28.73540330473366,5.419195852909803,5.419195852909803,0.0,4.89709640125755e+24,4.89709640125755e+24,0.0,9.03657393860029e+25,9.036573938600291e+25,1.0362862729615556,8.220152507396394e+16,0.005498269644473721,5.217390287288368e-07,8.40039648602793e-07,8.40039648602793e-07,0.015274342545643586,0.015274342545643586,1.1471031549151126e+21,1.8330711811171917e-05,6.865253628289335e-19,2.635683646760266e-22,2.6356836467602656e-21,1.4331663655150738e-17,1.3842827431568335e+19,35000000000000.0,35000000000000.0,0.0,0.005142666176014977,0.0007234547182679046,1.2413004836416916e-05,4.047822007754916e-06,1.2413004836416916e-05,4.047822007754916e-06,4.7055619054492204e-29,6.740239108906768e+18,2.093605732906031e+19,44.569423702807356,1.183490987268747e-20,-528951.2637926161,1.0348796139317609e+21,0.0,0.0,0.0,0.0,0.0,0.3333333333333333,0.3333333333333333,2.0,5.697567307150379e-22,4.811032795419547e-21,0.0,6.859556060982184e-19,,0.0,0.0,0.0,0.0,0.0,5.697567307150379e-22,6.859556060982184e-19,0.007007800521156197,17.0,1.1670931168091869e-17,1.433166365515074e-23,2.492367010208758e-22,,,1.433166365515074e-23,2.492367010208758e-22,10.0,,9.536544540177922e-08,3.4095948968030423,33294734213768.285,7.380321078623732e-06,0.0007160743971892808,7.380321078623732e-06,0.0007160743971892808,0.005142666176014977,0.0007234547182679046,False,False,1.0,1.4186162022675033,9.027564905989923e-09,0.2034940578771091,0.6989722405175962,1.0,1.532611755518666,2.6022439866269984e-07,0.24265734542015546,0.6431581280309557,0.18024741826543886,0.2418546746673982,0.005856082127077518,0.014146970831317706,True,AP3.2,100.0,8.3,5.767844763153473e+19,$(U_{0.8}Pu_{0.2})N$
K3_G3_Kd4p1e5_AP3p2,rizk2025_refit_plot,rizk2025_refit_full,1375.0,1.1,35000000000000.0,1.4552088953622853e+23,5.932844093951291e+25,2.599655184766041e+25,3.240094418992591e+23,1.3506319574949569e+19,1.6292368884870851,64.0782172970922,0.5869471244692254,1.488527605514741,2.0754747299839664,0.6241167457816928,2.699591475765659,5158583751272.029,1.2896459378180073e+18,157.49216712329118,0.29534489391153174,15953548.952346604,14095939.122242792,1.1317833323480082,1362629567.392696,1362601114.4772813,38934469.314384,34645158.58341055,1.0000208813240443,1.1238069302135432,0.1610354660128735,65.65368838082293,28.768150434330554,5.41712571883368,5.41712571883368,0.0,4.895225709293379e+24,4.895225709293379e+24,0.0,9.03657393860029e+25,9.036573938600293e+25,1.0382318295989783,8.207071569794592e+16,0.005491462851190007,5.19552781380041e-07,8.491531770635415e-07,8.491531770635415e-07,0.01608299935056152,0.01608299935056152,1.19151761104022e+21,1.9381612078109943e-05,6.872029686534334e-19,3.420580950408818e-22,3.420580950408818e-21,3.437073971002977e-17,1.3842827431568335e+19,35000000000000.0,35000000000000.0,0.0,0.005145060006247956,0.0007237275933645918,1.2408305917071465e-05,4.03961287816132e-06,1.2408305917071465e-05,4.03961287816132e-06,4.7608763191352546e-29,6.879801461094443e+18,2.1132518052338495e+19,63.22013696000862,1.531127016469852e-20,-584890.0232405406,1.0346336259505348e+21,0.0,0.0,0.0,0.0,0.0,0.3333333333333333,0.3333333333333333,2.0,1.2473625552150166e-21,3.443438470919897e-21,0.0,6.859556060982184e-19,,0.0,0.0,0.0,0.0,0.0,1.2473625552150166e-21,6.859556060982184e-19,0.0050108026711049814,17.0,1.1682450467108369e-17,3.437073971002977e-23,3.0768735533085202e-22,,,3.437073971002977e-23,3.0768735533085202e-22,10.0,,9.536544540177922e-08,3.4095948968030423,33269104268305.56,7.498196029607666e-06,0.0007162293973349841,7.498196029607666e-06,0.0007162293973349841,0.005145060006247956,0.0007237275933645918,False,False,1.0,1.418956341189532,9.032670323119958e-09,0.2036181473528193,0.6987938187915861,1.0,1.5454696230914848,2.6048996607364465e-07,0.24679281228630592,0.6373264484976174,0.1803846839262918,0.24599085637653437,0.005869471244692254,0.01488527605514741,True,AP3.2,100.0,8.3,5.767844763153473e+19,$(U_{0.8}Pu_{0.2})N$
K3_G3_Kd4p1e5_AP3p2,rizk2025_refit_plot,rizk2025_refit_full,1400.0,1.1,35000000000000.0,1.4521504825424313e+23,5.929400436555821e+25,2.6032497014897897e+25,3.232886681547068e+23,1.346194141512432e+19,1.6316360031205492,65.26723239274533,0.5882323847319232,1.5677683655703347,2.1560007503022582,0.7060374459958269,2.862038196298085,4905524569067.494,1.2263811422668736e+18,166.8762771645878,0.31532305336989574,14237137.989152173,13303268.971002057,1.0701984617604685,1360623722.0595365,1360597581.6629372,37370019.348426566,34014005.47584365,1.0000192124379401,1.0986656474482641,0.16069701774247427,65.6155803830478,28.807927862680852,5.415794736528885,5.415794736528885,0.0,4.894022957292555e+24,4.894022957292555e+24,0.0,9.03657393860029e+25,9.036573938600291e+25,1.0403258367553507,8.189362246005898e+16,0.005482379571539499,5.171305648068103e-07,8.475601529970645e-07,8.475601529970645e-07,0.016952822856809262,0.016952822856809262,1.2324204088155395e+21,2.0576984795156698e-05,6.886110813242972e-19,4.565292615698932e-22,4.565292615698932e-21,7.989389038480301e-17,1.3842827431568335e+19,35000000000000.0,35000000000000.0,0.0,0.0051508425067742,0.0007247564393316768,1.2403090252469568e-05,4.031361451767163e-06,1.2403090252469568e-05,4.031361451767163e-06,4.756244693213057e-29,7.020203169332029e+18,2.1045670047534825e+19,82.10809490877816,1.863294648143709e-20,-631616.7452124052,1.0345769794894289e+21,0.0,0.0,0.0,0.0,0.0,0.3333333333333333,0.3333333333333333,2.0,2.6554752260788454e-21,2.389663047018396e-21,0.0,6.859556060982184e-19,,0.0,0.0,0.0,0.0,0.0,2.6554752260788454e-21,6.859556060982184e-19,0.003470265163933658,17.0,1.1706388382513052e-17,7.989389038480301e-23,3.7663537118509016e-22,,,7.989389038480301e-23,3.7663537118509016e-22,10.0,,9.536544540177922e-08,3.4095948968030423,33242777472565.758,7.6273869418402855e-06,0.0007171290523898366,7.6273869418402855e-06,0.0007171290523898366,0.0051508425067742,0.0007247564393316768,False,False,1.0,1.4192697206588887,9.039378704390526e-09,0.20373243323346332,0.6986295014595371,1.0,1.5589806462430713,2.607758933973649e-07,0.25108189681631954,0.6312915221730016,0.18051625298836463,0.2502806642893986,0.005882323847319232,0.015677683655703347,True,AP3.2,100.0,8.3,5.767844763153473e+19,$(U_{0.8}Pu_{0.2})N$
K3_G3_Kd4p1e5_AP3p2,rizk2025_refit_plot,rizk2025_refit_full,1425.0,1.1,35000000000000.0,1.4467803630919047e+23,5.924566309557559e+25,2.6081270798842673e+25,3.2223214346298065e+23,1.3413850118964998e+19,1.634503288137691,66.51834126993622,0.5894064244310577,1.6537364221813697,2.2431428466124275,0.7687609645961191,3.0119038112085468,4728869459463.431,1.1822173648658578e+18,173.79015678965663,0.3296770675995381,13241674.71163334,12774026.107168611,1.036609335266842,1358234834.3589234,1358210788.6301093,35831916.879277185,33374253.741401646,1.0000177039742397,1.073639493392679,0.16010275276030136,65.56208525280144,28.86190161896966,5.415910375468614,5.415910375468614,0.0,4.894127455275458e+24,4.894127455275458e+24,0.0,9.03657393860029e+25,9.03657393860029e+25,1.0426045404630313,8.162553906210758e+16,0.005468847975646278,5.143194370546227e-07,8.288716741168412e-07,8.288716741168412e-07,0.01789867245879132,0.01789867245879132,1.2656820597319184e+21,2.1981812308370452e-05,6.914608654846705e-19,6.376594772569942e-22,6.376594772569942e-21,1.8029544796246132e-16,1.3842827431568335e+19,35000000000000.0,35000000000000.0,0.0,0.005163280968949277,0.0007272831615945514,1.2396861946758029e-05,4.022990283535448e-06,1.2396861946758029e-05,4.022990283535448e-06,4.6556401051050024e-29,7.162200996787452e+18,2.0511094407835595e+19,99.33686221112924,2.155000022418368e-20,-669835.386313563,1.034890611229882e+21,0.0,0.0,0.0,0.0,0.0,0.3333333333333333,0.3333333333333333,2.0,5.505259386452124e-21,1.614130821723305e-21,0.0,6.859556060982184e-19,,0.0,0.0,0.0,0.0,0.0,5.505259386452124e-21,6.859556060982184e-19,0.0023343776955358146,17.0,1.1754834713239397e-17,1.8029544796246133e-22,4.573640292945329e-22,,,1.8029544796246133e-22,4.573640292945329e-22,10.0,,9.536544540177922e-08,3.4095948968030423,33215488960878.258,7.777421797556811e-06,0.0007195057397969947,7.777421797556811e-06,0.0007195057397969947,0.005163280968949277,0.0007272831615945514,False,False,1.0,1.419529331180958,9.049248042762961e-09,0.20382708028314728,0.6984934263820649,1.0,1.5733282401887814,2.6108717219956263e-07,0.25557470121950515,0.6249848170185169,0.18063626927863125,0.2547741905731452,0.005894064244310577,0.016537364221813698,True,AP3.2,100.0,8.3,5.767844763153473e+19,$(U_{0.8}Pu_{0.2})N$
K3_G3_Kd4p1e5_AP3p2,rizk2025_refit_plot,rizk2025_refit_full,1450.0,1.1,35000000000000.0,1.4370344697222177e+23,5.917171858061632e+25,2.6153545077363172e+25,3.205437049049819e+23,1.3362694039610307e+19,1.638264838380812,67.81016694029728,0.5903753176080674,1.7452878874387658,2.335663205046833,0.8171260465387434,3.152789251585577,4601455686953.6,1.1503639217383999e+18,178.9829983747359,0.3402513566901414,12640883.848468402,12403412.727235667,1.0191456276151556,1355114462.4797766,1355092258.5838742,34378495.32190584,32738453.5412599,1.0000163855233928,1.0500952733939926,0.15902425847298557,65.48025721104392,28.941881353558866,5.418837176924234,5.418837176924234,0.0,4.89677228105119e+24,4.89677228105119e+24,0.0,9.03657393860029e+25,9.03657393860029e+25,1.0450392007813978,8.118472624889768e+16,0.005446871491906974,5.109419254181213e-07,7.862897709266745e-07,7.862897709266745e-07,0.018908382285077505,0.018908382285077505,1.2834817628147698e+21,2.364785502532635e-05,6.970855980789518e-19,9.468385261965149e-22,9.468385261965149e-21,3.956100289530877e-16,1.3842827431568335e+19,35000000000000.0,35000000000000.0,0.0,0.005188564846108658,0.0007327152413631991,1.2388699658300814e-05,4.014663479473504e-06,1.2388699658300814e-05,4.014663479473504e-06,4.420446702320261e-29,7.307099636811878e+18,1.9357252370919e+19,115.16451419744661,2.4185515125191598e-20,-704912.1788611844,1.0359101674372381e+21,0.0,0.0,0.0,0.0,0.0,0.3333333333333333,0.3333333333333333,2.0,1.1129991980733449e-20,1.0648433877683903e-21,0.0,6.859556060982184e-19,,0.0,0.0,0.0,0.0,0.0,1.1129991980733449e-20,6.859556060982184e-19,0.0015275647505886161,17.0,1.1850455167342181e-17,3.9561002895308766e-22,5.512284972434272e-22,,,3.9561002895308766e-22,5.512284972434272e-22,10.0,,9.536544540177922e-08,3.4095948968030423,33187767787957.156,7.962010086875692e-06,0.0007247532312763234,7.962010086875692e-06,0.0007247532312763234,0.005188564846108658,0.0007327152413631991,False,False,1.0,1.4196892325370158,9.06511007420115e-09,0.20388536255518025,0.6984096360599945,1.0,1.5882823916625561,2.61419933126121e-07,0.260191291586581,0.6185204738615714,0.1807351944733199,0.25939147070793594,0.005903753176080674,0.017452878874387658,True,AP3.2,100.0,8.3,5.767844763153473e+19,$(U_{0.8}Pu_{0.2})N$
K3_G3_Kd4p1e5_AP3p2,rizk2025_refit_plot,rizk2025_refit_full,1475.0,1.1,35000000000000.0,1.419332274218931e+23,5.905132638360227e+25,2.6268286966889586e+25,3.1770294626862575e+23,1.3310730523236243e+19,1.6436866206710257,69.08477879016054,0.590972009827024,1.838389853803232,2.429361863630256,0.8576669809095555,3.2870288445398113,4499979176013.527,1.1249947940033818e+18,183.25249853748315,0.3488119672070038,12239469.957802657,12114432.369094891,1.010321374117928,1350643114.781673,1350622419.1894305,33121127.03476883,32134430.172282547,1.0000153230036377,1.0307052858008154,0.15706530858516685,65.34702951011207,29.0688563446407,5.427048836662077,5.427048836662077,0.0,4.904192808089154e+24,4.904192808089154e+24,0.0,9.03657393860029e+25,9.03657393860029e+25,1.0475235437410053,8.042871619346864e+16,0.0054094044583162205,5.067316357351039e-07,7.219638186720094e-07,7.219638186720094e-07,0.019937862395971093,0.019937862395971093,1.2775483094348317e+21,2.5572605506282926e-05,7.079265455089175e-19,1.504893209395902e-21,1.504893209395902e-20,8.452417180343286e-16,1.3842827431568335e+19,35000000000000.0,35000000000000.0,0.0,0.005237875682774376,0.0007436334967742253,1.2376951902643712e-05,4.006746078276981e-06,1.2376951902643712e-05,4.006746078276981e-06,4.062148412918152e-29,7.457534871226577e+18,1.7646413183560184e+19,131.85177015076312,2.6978677090080177e-20,-746193.7084605311,1.0382377305255644e+21,0.0,0.0,0.0,0.0,0.0,0.3333333333333333,0.3333333333333333,2.0,2.1970939410699096e-20,6.8818538610947975e-22,0.0,6.859556060982184e-19,,0.0,0.0,0.0,0.0,0.0,2.1970939410699096e-20,6.859556060982184e-19,0.0009721141133572748,17.0,1.2034751273651598e-17,8.452417180343286e-22,6.596514913615734e-22,,,8.452417180343286e-22,6.596514913615734e-22,10.0,,9.536544540177922e-08,3.4095948968030423,33160880436288.043,8.205332570465989e-06,0.0007354281642037593,8.205332570465989e-06,0.0007354281642037593,0.005237875682774376,0.0007436334967742253,False,False,1.0,1.4196677863581844,9.092050346278397e-09,0.2038775462573937,0.6984208731490081,1.0,1.6031747760585136,2.6175969657351345e-07,0.26472337613832986,0.6121906398328952,0.1807960636464317,0.26392419453658295,0.00590972009827024,0.01838389853803232,True,AP3.2,100.0,8.3,5.767844763153473e+19,$(U_{0.8}Pu_{0.2})N$
K3_G3_Kd4p1e5_AP3p2,rizk2025_refit_plot,rizk2025_refit_full,1500.0,1.1,35000000000000.0,1.3878982963203238e+23,5.8846298808989135e+25,2.646047202146081e+25,3.128355002916518e+23,1.3259282998020674e+19,1.652086632209388,70.31273454805603,0.5908851714049101,1.9306814097552194,2.5215665811601293,0.8962355451779831,3.4178021263381124,4407589524619.59,1.1018973811548974e+18,187.24957896834536,0.35671708054651474,11925787.085048031,11855834.40150374,1.0059002750186372,1343774760.1684406,1343755198.2556288,32125679.2877576,31573228.011530634,1.0000145576462418,1.0174974594306674,0.15358678031635747,65.12014310824537,29.281531032942972,5.444739078495302,5.444739078495302,0.0,4.92017872592092e+24,4.92017872592092e+24,0.0,9.03657393860029e+25,9.03657393860029e+25,1.0499946583323387,7.912515139276907e+16,0.005344742753177477,5.011066127821265e-07,6.581513263226135e-07,6.581513263226135e-07,0.02096193535094397,0.02096193535094397,1.249328093227165e+21,2.7677454629716485e-05,7.283547683483441e-19,2.5448943822908676e-21,2.5448943822908677e-20,1.7607759639859707e-15,1.3842827431568335e+19,35000000000000.0,35000000000000.0,0.0,0.005330499726005061,0.0007646276205214504,1.2358791104306864e-05,3.999384198024674e-06,1.2358791104306864e-05,3.999384198024674e-06,3.7056574158913777e-29,7.618789702300571e+18,1.5954052073282632e+19,153.06252103896597,3.057790498911204e-20,-805620.4192357385,1.0429084186400407e+21,0.0,0.0,0.0,0.0,0.0,0.3333333333333333,0.3333333333333333,2.0,4.239916225012569e-20,4.369022003359254e-22,0.0,6.859556060982184e-19,,0.0,0.0,0.0,0.0,0.0,4.239916225012569e-20,6.859556060982184e-19,0.0005998480676204922,17.0,1.2382031061921849e-17,1.7607759639859707e-21,7.84118418304897e-22,,,1.7607759639859707e-21,7.84118418304897e-22,10.0,,9.536544540177922e-08,3.4095948968030423,33135422908764.543,8.558513690064727e-06,0.0007560691068313857,8.558513690064727e-06,0.0007560691068313857,0.005330499726005061,0.0007646276205214504,False,False,1.0,1.4193180773959022,9.138965259094174e-09,0.20375006485977065,0.6986041518664218,1.0,1.6176495912217506,2.620978329696366e-07,0.2690673414140678,0.6061388535469645,0.18078720771998616,0.26826882368068067,0.005908851714049102,0.019306814097552194,True,AP3.2,100.0,8.3,5.767844763153473e+19,$(U_{0.8}Pu_{0.2})N$
K3_G3_Kd4p1e5_AP3p2,rizk2025_refit_plot,rizk2025_refit_full,1525.0,1.1,35000000000000.0,1.3344379285398398e+23,5.849129524610684e+25,2.6790302880414704e+25,3.046063649376638e+23,1.3204796294573785e+19,1.6655967346896663,71.57992552176749,0.589572428610782,2.0285888856780185,2.6181613142888005,0.9380096406702723,3.556170954959073,4311756394784.251,1.0779390986960628e+18,191.51297575675142,0.3650326305515461,11634455.404298734,11591903.844780285,1.0036707999038148,1332874395.461825,1332855638.9212844,31321897.957793143,31014282.060476538,1.0000140724471525,1.0099185238825379,0.14767078071919545,64.72729116535817,29.646526507107136,5.478511546815536,5.478511546815536,0.0,4.950697466627403e+24,4.950697466627403e+24,0.0,9.03657393860029e+25,9.036573938600293e+25,1.0526252397743538,7.693120567001429e+16,0.005235164383572212,4.92903183780166e-07,6.2378883189429e-07,6.2378883189429e-07,0.022054577996012653,0.022054577996012653,1.2146967652481966e+21,2.9847991054389132e-05,7.660320881786454e-19,4.506949593239524e-21,4.506949593239524e-20,3.580777516173852e-15,1.3842827431568335e+19,35000000000000.0,35000000000000.0,0.0,0.005498368331372781,0.0008036861322041225,1.2329685016960053e-05,3.9920465988427265e-06,1.2329685016960053e-05,3.9920465988427265e-06,3.514177179291234e-29,7.799986133571305e+18,1.5014117964057364e+19,183.61617510162318,3.577713569715371e-20,-895402.9813209792,1.051597319191325e+21,0.0,0.0,0.0,0.0,0.0,0.3333333333333333,0.3333333333333333,2.0,8.007648208042697e-20,2.7313851877918533e-22,0.0,6.859556060982184e-19,,0.0,0.0,0.0,0.0,0.0,8.007648208042697e-20,6.859556060982184e-19,0.0003565627641377433,17.0,1.3022545499036972e-17,3.5807775161738524e-21,9.261720770656716e-22,,,3.5807775161738524e-21,9.261720770656716e-22,10.0,,9.536544540177922e-08,3.4095948968030423,33109617580609.27,9.125334085206807e-06,0.0007945607981189157,9.125334085206807e-06,0.0007945607981189157,0.005498368331372781,0.0008036861322041225,False,False,1.0,1.4183933123303194,9.220537638583789e-09,0.203412717905928,0.6990892000818697,1.0,1.6327166270093465,2.62457846086228e-07,0.27352666932960706,0.5999421963736814,0.18065322620327212,0.27272901705407726,0.0058957242861078195,0.020285888856780187,True,AP3.2,100.0,8.3,5.767844763153473e+19,$(U_{0.8}Pu_{0.2})N$
K3_G3_Kd4p1e5_AP3p2,rizk2025_refit_plot,rizk2025_refit_full,1550.0,1.1,35000000000000.0,1.2492934782162012e+23,5.788795929938376e+25,2.7348567642071397e+25,2.912927421091616e+23,1.3138584049399484e+19,1.6873704555473514,73.07815865012336,0.5862051036963494,2.1478302795865467,2.7340353832828965,0.9883943447046563,3.722429727987553,4201594245366.1777,1.0503985613415444e+18,196.57089872045793,0.37474307761739317,11322203.015806137,11293635.09273591,1.0025295596002213,1315674731.9775183,1315656554.6715548,30556067.628991008,30378433.734608784,1.0000138161482182,1.0058473684303169,0.13824857592098774,64.05963110876759,30.264310155478597,5.537810159832831,5.537810159832831,0.0,5.004283096726127e+24,5.004283096726127e+24,0.0,9.03657393860029e+25,9.03657393860029e+25,1.055841743556551,7.342104190246226e+16,0.005057633111045567,4.80420402539662e-07,6.258714946683198e-07,6.258714946683198e-07,0.023395999618400408,0.023395999618400408,1.1889141859653195e+21,3.2024336382582945e-05,8.341202920002465e-19,8.20455958647652e-21,8.20455958647652e-20,7.11715258415843e-15,1.3842827431568335e+19,35000000000000.0,35000000000000.0,0.0,0.005791857831265751,0.0008744966166620094,1.2283043956692106e-05,3.983692984437022e-06,1.2283043956692106e-05,3.983692984437022e-06,3.5277023423594803e-29,8.014699550454462e+18,1.4985972587338324e+19,229.1831449580872,4.3399129239650736e-20,-1022582.1626051972,1.0667901019818012e+21,0.0,0.0,0.0,0.0,0.0,0.3333333333333333,0.3333333333333333,2.0,1.4816468590202815e-19,1.6851976248218294e-22,0.0,6.859556060982184e-19,,0.0,0.0,0.0,0.0,0.0,1.4816468590202815e-19,6.859556060982184e-19,0.00020203292510492376,17.0,1.4180044964004192e-17,7.11715258415843e-21,1.0874070023180895e-21,,,7.11715258415843e-21,1.0874070023180895e-21,10.0,,9.536544540177922e-08,3.4095948968030423,33079726424215.76,1.0092944537072113e-05,0.0008644036721249373,1.0092944537072113e-05,0.0008644036721249373,0.005791857831265751,0.0008744966166620094,False,False,1.0,1.4165280117115588,9.358933107346191e-09,0.20273122194028373,0.7000692884648526,1.0,1.6506990947702922,2.6289799492747697e-07,0.2787677264309213,0.5926801318155145,0.18030863753820345,0.277971318383328,0.005862051036963494,0.02147830279586547,True,AP3.2,100.0,8.3,5.767844763153473e+19,$(U_{0.8}Pu_{0.2})N$
K3_G3_Kd4p1e5_AP3p2,rizk2025_refit_plot,rizk2025_refit_full,1575.0,1.1,35000000000000.0,1.1255725342187988e+23,5.690764914672533e+25,2.8254079666791048e+25,2.7125092464592497e+23,1.3049180426860218e+19,1.721503350577918,75.03564766235156,0.5796735088753062,2.3092702024499503,2.8889437113252563,1.0537326212261802,3.9426763325514367,4066820749666.393,1.0167051874165983e+18,203.00448858983825,0.3868542523349939,10956920.603761543,10935718.788392968,1.0019387674261593,1289588274.4907382,1289570536.8535788,29693494.870832697,29585937.73974799,1.000013754685496,1.0036354139602006,0.12455744199810564,62.974806086232256,31.266362516110206,5.634273955659438,5.634273955659438,0.0,5.091453319064644e+24,5.091453319064644e+24,0.0,9.03657393860029e+25,9.03657393860029e+25,1.0602190505351292,6.822262621566405e+16,0.004789505479099874,4.618591082547017e-07,6.591508197557543e-07,6.591508197557543e-07,0.02522848185265054,0.02522848185265054,1.1747029661265181e+21,3.426396897080157e-05,9.547997762466594e-19,1.5110367502995262e-20,1.5110367502995263e-19,1.384090397445483e-14,1.3842827431568335e+19,35000000000000.0,35000000000000.0,0.0,0.006284703202060579,0.0010001083090330123,1.2210599565822268e-05,3.973271459709119e-06,1.2210599565822268e-05,3.973271459709119e-06,3.7171977015148916e-29,8.281218877797051e+18,1.5706027063525962e+19,295.8873107081897,5.413035671015757e-20,-1182372.9037053012,1.0917435611520518e+21,0.0,0.0,0.0,0.0,0.0,0.3333333333333333,0.3333333333333333,2.0,2.6884417014844093e-19,1.0281056616639125e-22,0.0,6.859556060982184e-19,,0.0,0.0,0.0,0.0,0.0,2.6884417014844093e-19,6.859556060982184e-19,0.00010767761862130092,17.0,1.623159619619321e-17,1.384090397445483e-20,1.2694635285404309e-21,,,1.384090397445483e-20,1.2694635285404309e-21,10.0,,9.536544540177922e-08,3.4095948968030423,33041705739994.777,1.1781046987900785e-05,0.0009883272620451115,1.1781046987900785e-05,0.0009883272620451115,0.006284703202060579,0.0010001083090330123,False,False,1.0,1.4132548391034825,9.583989913480382e-09,0.20153194922801143,0.7017946989698364,1.0,1.6744645099471105,2.6349701476452195e-07,0.2855628604068877,0.5832989849207135,0.1796364585298694,0.28476826150039386,0.005796735088753062,0.023092702024499503,True,AP3.2,100.0,8.3,5.767844763153473e+19,$(U_{0.8}Pu_{0.2})N$
K3_G3_Kd4p1e5_AP3p2,rizk2025_refit_plot,rizk2025_refit_full,1600.0,1.1,35000000000000.0,9.657444278108683e+22,5.54094554904848e+25,2.9637451528813033e+25,2.4385570835700664e+23,1.2923397530852819e+19,1.7723680437530704,77.6775905907168,0.568700052847495,2.5371874315123093,3.1058874843598048,1.1412357067994316,4.247123191159236,3899146780212.5176,9.747866950531293e+17,211.42147492248094,0.40229889869693797,10517577.561413229,10500352.439665733,1.001640432723232,1252578942.3948674,1252561513.859756,28648822.44765205,28579671.216852996,1.000013914314721,1.0024195950427266,0.10687063862617564,61.31688388427814,32.79722130332471,5.779024173770981,5.779024173770981,0.0,5.222257923923992e+24,5.222257923923992e+24,0.0,9.03657393860029e+25,9.036573938600291e+25,1.0664433671143716,6.126942333160433e+16,0.004420586147160976,4.36057094625414e-07,7.274560630067548e-07,7.274560630067548e-07,0.027841526841149895,0.027841526841149895,1.1685821954293748e+21,3.6723487707238446e-05,1.1647735522501893e-18,2.783708154963653e-20,2.7837081549636527e-19,2.6363059898109156e-14,1.3842827431568335e+19,35000000000000.0,35000000000000.0,0.0,0.0070739497862893266,0.0012186043548340437,1.2104177088329049e-05,3.960022739892793e-06,1.2104177088329049e-05,3.960022739892793e-06,4.104842893647178e-29,8.620963191323181e+18,1.72236887761657e+19,391.1717469920064,6.857594397284224e-20,-1358730.9166276532,1.1300014716066663e+21,0.0,0.0,0.0,0.0,0.0,0.3333333333333333,0.3333333333333333,2.0,4.788179461519709e-19,6.213051142733445e-23,0.0,6.859556060982184e-19,,0.0,0.0,0.0,0.0,0.0,4.788179461519709e-19,6.859556060982184e-19,5.3341279347652143e-05,17.0,1.9801150388253218e-17,2.6363059898109155e-20,1.4740216515273757e-21,,,2.6363059898109155e-20,1.4740216515273757e-21,10.0,,9.536544540177922e-08,3.4095948968030423,32992296312468.797,1.4733079077865962e-05,0.0012038712757561777,1.4733079077865962e-05,0.0012038712757561777,0.0070739497862893266,0.0012186043548340437,False,False,1.0,1.4080796902550816,9.930243841340333e-09,0.1996268909363088,0.7045373187888571,1.0,1.7070149830700296,2.643491032764165e-07,0.29463643250078825,0.5708341380225977,0.17849569912743782,0.293844466745269,0.005687000528474951,0.025371874315123093,True,AP3.2,100.0,8.3,5.767844763153473e+19,$(U_{0.8}Pu_{0.2})N$
K3_G3_Kd4p1e5_AP3p2,rizk2025_refit_plot,rizk2025_refit_full,1625.0,1.1,35000000000000.0,7.853038161062199e+22,5.327611539436362e+25,3.160892339537704e+25,2.1042002009315477e+23,1.2747364934152016e+19,1.8433710766036457,81.1897528944883,0.55209520310996,2.857674024306882,3.4097692274168425,1.2579279357329536,4.667697163149796,3695453550862.9795,9.238633877157448e+17,222.33603025371295,0.4216659234524444,9999974.489502316,9984886.37881456,1.0015110948803354,1204332655.7980852,1204315304.8111625,27391423.813092273,27343352.09623121,1.0000144073456954,1.0017580769428664,0.08690282638553375,58.95609968595661,34.978879838915,5.978117648742865,5.978117648742865,0.0,5.402170214651621e+24,5.402170214651621e+24,0.0,9.03657393860029e+25,9.03657393860029e+25,1.0752849588187376,5.299957338216927e+16,0.003965417944180563,4.032909619749651e-07,8.491328729823771e-07,8.491328729823771e-07,0.03156145120651653,0.03156145120651653,1.1678709793182682e+21,3.9588510936933626e-05,1.523730417696869e-18,5.0931337662888926e-20,5.093133766288892e-19,4.922854290289942e-14,1.3842827431568335e+19,35000000000000.0,35000000000000.0,0.0,0.008271080744573367,0.0015917765803505712,1.1958714770578311e-05,3.943720392230346e-06,1.1958714770578311e-05,3.943720392230346e-06,4.7951437313357744e-29,9.053724834247627e+18,1.991556675009815e+19,526.6773161662991,8.764875743135696e-20,-1534458.6141563735,1.1844387167780639e+21,0.0,0.0,0.0,0.0,0.0,0.3333333333333333,0.3333333333333333,2.0,8.377748115986507e-19,3.725070577182821e-23,0.0,6.859556060982184e-19,,0.0,0.0,0.0,0.0,0.0,8.377748115986507e-19,6.859556060982184e-19,2.4447044791645597e-05,17.0,2.5903417100846773e-17,4.922854290289942e-20,1.7027947599895046e-21,,,4.922854290289942e-20,1.7027947599895046e-21,10.0,,9.536544540177922e-08,3.4095948968030423,32930102460375.35,1.9868209536017718e-05,0.0015719083708145534,1.9868209536017718e-05,0.0015719083708145534,0.008271080744573367,0.0015917765803505712,False,False,1.0,1.4006097212848683,1.0430609031593897e-08,0.1968576075788068,0.7085279919605754,1.0,1.7511042851868432,2.6556033451581336e-07,0.3065178379767771,0.5546224066031374,0.17674127810079537,0.3057296522995248,0.0055209520310995994,0.028576740243068822,True,AP3.2,100.0,8.3,5.767844763153473e+19,$(U_{0.8}Pu_{0.2})N$
K3_G3_Kd4p1e5_AP3p2,rizk2025_refit_plot,rizk2025_refit_full,1650.0,1.1,35000000000000.0,6.073298507656453e+22,5.045124101354121e+25,3.4225104225191913e+25,1.7411598878726655e+23,1.250826128198465e+19,1.9357838319814065,85.68301537394134,0.5290513628738192,3.295867769583001,3.82491913245682,1.4090708832265857,5.233990015683405,3460199463504.628,8.650498658761569e+17,236.0248577877634,0.4449361440562781,9419800.251856906,9405788.952942628,1.0014896463214704,1146839970.8110292,1146822265.6491966,25946221.5790538,25909452.30290256,1.0000154384531612,1.0014191452494394,0.06720797670579533,55.830053907970125,37.87398239392171,6.228755721402355,6.228755721402355,0.0,5.628661162193197e+24,5.628661162193197e+24,0.0,9.03657393860029e+25,9.03657393860029e+25,1.0875453695031139,4.4253532024988616e+16,0.0034632592762246137,3.6547745123330303e-07,1.0626999422540127e-06,1.0626999422540127e-06,0.03673033463335233,0.03673033463335233,1.17177031164721e+21,4.301812839823633e-05,2.1271476252081635e-18,9.216017886357202e-20,9.216017886357202e-19,9.020265555838444e-14,1.3842827431568335e+19,35000000000000.0,35000000000000.0,0.0,0.009984284285738344,0.0022182198074898307,1.1774811093750458e-05,3.924778516423798e-06,1.1774811093750458e-05,3.924778516423798e-06,6.007758252350621e-29,9.59109625219566e+18,2.4577865521059422e+19,721.2291753301786,1.1289562114946733e-19,-1699467.5512258918,1.2562912374147818e+21,0.0,0.0,0.0,0.0,0.0,0.3333333333333333,0.3333333333333333,2.0,1.441192019109945e-18,2.2189009104417195e-23,0.0,6.859556060982184e-19,,0.0,0.0,0.0,0.0,0.0,1.441192019109945e-18,6.859556060982184e-19,1.043134422898635e-05,17.0,3.616150962853878e-17,9.020265555838444e-20,1.957523305187582e-21,,,9.020265555838444e-20,1.957523305187582e-21,10.0,,9.536544540177922e-08,3.4095948968030423,32856522778040.246,2.8718350448138918e-05,0.0021895014570416918,2.8718350448138918e-05,0.0021895014570416918,0.009984284285738344,0.0022182198074898307,False,False,1.0,1.3906561276653426,1.11103387362976e-08,0.1931312949860463,0.7139049269229742,1.0,1.8088029268508916,2.6724171838606866e-07,0.3214024005690743,0.5344967532819991,0.17424725526342008,0.32061949555446273,0.005290513628738192,0.03295867769583001,True,AP3.2,100.0,8.3,5.767844763153473e+19,$(U_{0.8}Pu_{0.2})N$
K3_G3_Kd4p1e5_AP3p2,rizk2025_refit_plot,rizk2025_refit_full,1675.0,1.1,35000000000000.0,4.512540479051532e+22,4.69535555373013e+25,3.7475957717553636e+25,1.3867553444258039e+23,1.2195612842036222e+19,2.0484403468805867,91.19190086782118,0.49929638469546656,3.8740127334770653,4.373309118172532,1.5969739994244787,5.970283117597011,3204557443455.6406,8.011393608639101e+17,252.45875567219096,0.47144387596755005,8807089.365325881,8793515.574807769,1.0015436136324134,1083770093.212518,1083751354.2342927,24375535.809195656,24344267.18681736,1.0000172908464215,1.001284434735223,0.049936408529519506,51.95946589529496,41.47142265662514,6.519175039550383,6.519175039550383,0.0,5.89110072635745e+24,5.89110072635745e+24,0.0,9.03657393860029e+25,9.036573938600291e+25,1.1040312453420669,3.589676386758751e+16,0.0029623377142614085,3.2543227288271e-07,1.4408102709786106e-06,1.4408102709786106e-06,0.04369617950510434,0.04369617950510434,1.1796643884499848e+21,4.7136985686877515e-05,3.1253595690049714e-18,1.6455952557117455e-19,1.6455952557117454e-18,1.6231955709997532e-13,1.3842827431568335e+19,35000000000000.0,35000000000000.0,0.0,0.012296931933190935,0.0032528432022584926,1.1558865923802823e-05,3.904060378289411e-06,1.1558865923802823e-05,3.904060378289411e-06,8.15858174766924e-29,1.0230290800799574e+19,3.2668148476426494e+19,1002.0769653421241,1.4645035949855256e-19,-1850305.7157300669,1.3447878743550266e+21,0.0,0.0,0.0,0.0,0.0,0.3333333333333333,0.3333333333333333,2.0,2.439403962906753e-18,1.3148108872562704e-23,0.0,6.859556060982184e-19,,0.0,0.0,0.0,0.0,0.0,2.439403962906753e-18,6.859556060982184e-19,4.206910783308271e-06,17.0,5.3131112673084517e-17,1.623195570999753e-19,2.2399684711992322e-21,,,1.623195570999753e-19,2.2399684711992322e-21,10.0,,9.536544540177922e-08,3.4095948968030423,32775732720304.387,4.377899648032331e-05,0.0032090642057781694,4.377899648032331e-05,0.0032090642057781694,0.012296931933190935,0.0032528432022584926,False,False,1.0,1.3782295117038688,1.1986032123486658e-08,0.18841973964732842,0.7207150291662721,1.0,1.8813830583424747,2.6950603924002453e-07,0.33914198752932817,0.5107906144823191,0.17091734599666342,0.3383662315812953,0.004992963846954666,0.038740127334770655,True,AP3.2,100.0,8.3,5.767844763153473e+19,$(U_{0.8}Pu_{0.2})N$
K3_G3_Kd4p1e5_AP3p2,rizk2025_refit_plot,rizk2025_refit_full,1700.0,1.1,35000000000000.0,3.2609938621198817e+22,4.286424057989811e+25,4.12950382503596e+25,1.0695296660558534e+23,1.1801588281061573e+19,2.1783067437543915,97.70882673909668,0.4630613702966758,4.6113752470430285,5.074436617339704,1.8203350446560727,6.894771661995777,2942260413292.3013,7.355651033230753e+17,271.3338120180258,0.5,8195337.009728089,8181803.747527479,1.0016540682981672,1019160906.8043727,1019140213.5466691,22750084.89936285,22720567.56886327,1.0000203046228855,1.001299145825038,0.03608661738704248,47.43417236570247,45.69767096572438,6.83207005118611,6.830935085967898,0.0011349652182124385,6.173850617123995e+24,6.172824997412783e+24,1.0256197112116313e+21,9.03657393860029e+25,9.036471376629169e+25,1.1255831643046248,2.8500842460797836e+16,0.0025015220471367792,2.8579502936875415e-07,2.1168803313366244e-06,2.1168803313366244e-06,0.05282634633266464,0.05282634633266464,1.1895067299250553e+21,5.20697035779045e-05,4.751541991998671e-18,2.8964180859428994e-19,2.8964180859428996e-18,2.8708990269161864e-13,1.3842827431568335e+19,35000000000000.0,35000000000000.0,0.0,0.015247474458662856,0.0049356002112852515,1.1320963603830978e-05,3.882521345628727e-06,1.1320963603830978e-05,3.882521345628727e-06,1.2016255674082939e-28,1.0948556344506075e+19,4.673434763099788e+19,1404.4780810397235,1.907500850131687e-19,-2399621.051156355,1.4474671617410135e+21,1.0256197112116313e+21,0.0,0.0,0.0,0.0,0.3333333333333333,0.3333333333333333,2.0,4.065586385900453e-18,7.758935285868006e-24,0.0,6.859556060982184e-19,,0.0,0.0,0.0,0.0,0.0,4.065586385900453e-18,6.859556060982184e-19,1.6329299623014206e-06,17.0,8.07762138639774e-17,2.8708990269161863e-19,2.5519059026713273e-21,,,2.8708990269161863e-19,2.5519059026713273e-21,10.0,,9.536544540177922e-08,3.4095948968030423,32693777826131.84,6.899982669905046e-05,0.004866600384586201,6.899982669905046e-05,0.004866600384586201,0.015247474458662856,0.0049356002112852515,False,False,1.0,1.363446999646552,1.3070132713053105e-08,0.1827267302288302,0.7289604413481643,1.0,1.9695937921531141,2.7247242093122246e-07,0.35936623901269865,0.4841556551103587,0.16667847471011313,0.3585998922044182,0.004630613702966758,0.046113752470430286,True,AP3.2,100.0,8.3,5.767844763153473e+19,$(U_{0.8}Pu_{0.2})N$
K3_G3_Kd4p1e5_AP3p2,rizk2025_refit_plot,rizk2025_refit_full,1725.0,1.1,35000000000000.0,2.3164617570492866e+22,3.830542217397357e+25,4.557704872047136e+25,8.035594799327684e+22,1.1320873037283518e+19,2.3212357813919553,105.22548455587128,0.4209828538141888,5.52498791111139,5.94597076492558,1.8776749301745232,7.823645695100103,2765304454032.751,6.913261135081878e+17,279.8807274686032,0.4999999999999998,7933887.492822915,7931950.227794939,1.0002442356510493,956410892.4556798,956387118.3601832,21128065.315577697,21097550.74419499,1.0000248582347464,1.001446356108,0.02563429207561038,42.38931970705133,50.43620406378368,7.148841937089401,6.731372824007297,0.4174691130821039,6.46010387398749e+24,6.082854823242658e+24,3.7724905074483174e+23,9.03657393860029e+25,8.998849033525808e+25,1.1531345586545234,2.228370729432886e+16,0.0021023061838245614,2.4839894856706243e-07,3.333135862680695e-06,3.333135862680695e-06,0.06453396995839818,0.06453396995839818,1.1975032433152046e+21,5.799497067534169e-05,7.362204704302811e-18,5.023391322800811e-19,5.023391322800811e-18,4.994440127391286e-13,1.3842827431568335e+19,35000000000000.0,35000000000000.0,0.0,0.018811760094316236,0.007633322786969404,1.1072346195944177e-05,3.860944200183626e-06,1.1072346195944177e-05,3.860944200183626e-06,1.899015182208424e-28,1.1696290109451282e+19,7.110710894609874e+19,478.2478670822202,6.273470934286236e-20,-959847.0999714686,1.5607252124089576e+21,2.4973425651883096e+21,0.0,0.0,0.0,0.0,0.3333333333333333,0.3333333333333333,2.0,6.676249098204593e-18,4.564519522249422e-24,0.0,6.859556060982184e-19,,0.0,0.0,0.0,0.0,0.0,6.676249098204593e-18,6.859556060982184e-19,6.199935624693656e-07,17.0,1.251574799731478e-16,4.994440127391286e-19,2.8951195409524855e-21,,,4.994440127391286e-19,2.8951195409524855e-21,10.0,,9.536544540177922e-08,3.4095948968030423,32617529422392.023,0.00011042850274748974,0.007522894284221915,0.00011042850274748974,0.007522894284221915,0.018811760094316236,0.007633322786969404,False,False,1.0,1.346441115691459,1.4377194309123998e-08,0.17605508476416176,0.7386458211133864,1.0,2.0740439181741444,2.7627534229988426e-07,0.3816245381158849,0.4553525742264834,0.16146862088342798,0.38087030236851727,0.004209828538141888,0.055249879111113905,True,AP3.2,100.0,8.3,5.767844763153473e+19,$(U_{0.8}Pu_{0.2})N$
K3_G3_Kd4p1e5_AP3p2,rizk2025_refit_plot,rizk2025_refit_full,1750.0,1.1,35000000000000.0,1.629647163874832e+22,3.3426109339209613e+25,5.018869126830056e+25,5.908866199376401e+22,1.0750964284630186e+19,2.47239192345151,113.7589129939685,0.3740629666310749,6.62967637670528,7.003739343336355,1.9353746972671393,8.939114040603496,2602877031326.2715,6.507192578315679e+17,288.4812858129324,0.5,7697431.871634154,7695473.187261006,1.0002545242281384,897944033.4379159,897915892.2752161,19548810.883796144,19514954.40289329,1.000031340533052,1.001734899308698,0.01803390505016168,36.98980339930369,55.539512661891074,7.452650033755081,6.6432659640651295,0.809384069689951,6.734642306853973e+24,6.003236407806128e+24,7.314058990478452e+23,9.03657393860029e+25,8.963433348695505e+25,1.1877594638905065,1.7219687886376306e+16,0.0017710031126690147,2.1422193665608478e-07,5.52508514833741e-06,5.52508514833741e-06,0.07929999758150325,0.07929999758150325,1.1987400116291437e+21,6.521747870807238e-05,1.1495000451183415e-17,8.585058024105227e-19,8.585058024105227e-18,8.552344067970446e-13,1.3842827431568335e+19,35000000000000.0,35000000000000.0,0.0,0.022887335581162155,0.011900000031660805,1.0823803657857698e-05,3.8398590742651804e-06,1.0823803657857698e-05,3.8398590742651804e-06,3.1651746346421556e-28,1.2388082499278074e+19,1.129564645994094e+20,576.5151941582483,7.332801824578281e-20,-994038.8936704797,1.680207118619535e+21,2.7117318156394084e+21,0.0,0.0,0.0,0.0,0.3333333333333333,0.3333333333333333,2.0,1.0809044845085196e-17,2.6793973973199525e-24,0.0,6.859556060982184e-19,,0.0,0.0,0.0,0.0,0.0,1.0809044845085196e-17,6.859556060982184e-19,2.3309241341039768e-07,17.0,1.9541500767011807e-16,8.552344067970446e-19,3.2713956134781503e-21,,,8.552344067970446e-19,3.2713956134781503e-21,10.0,,9.536544540177922e-08,3.4095948968030423,32553982552125.15,0.0001769902756066574,0.011723009756054148,0.0001769902756066574,0.011723009756054148,0.022887335581162155,0.011900000031660805,False,False,1.0,1.3273281067602132,1.5928745356206304e-08,0.16839458775604896,0.7497956789001585,1.0,2.195427972886136,2.810726288226189e-07,0.4054677053660201,0.4251287104507148,0.15523211378548485,0.40472880033460396,0.003740629666310749,0.0662967637670528,True,AP3.2,100.0,8.3,5.767844763153473e+19,$(U_{0.8}Pu_{0.2})N$
K3_G3_Kd4p1e5_AP3p2,rizk2025_refit_plot,rizk2025_refit_full,1775.0,1.1,35000000000000.0,1.1404782763969752e+22,2.8397969961262693e+25,5.497106625401544e+25,4.265951912829394e+22,1.0093221253544466e+19,2.6263404368356844,123.35938598062295,0.32371112579418015,7.936609269244821,8.260320395039003,1.9911480392981726,10.251468434337173,2459102706887.249,6.147756767218122e+17,296.7946968779403,0.5,7481921.670560673,7479918.015223153,1.0002678712966429,845316526.5961823,845282648.3815409,18035686.932320368,17996198.524761736,1.0000400791554238,1.0021942638332366,0.012620693242218171,31.425593542657793,60.831756180517814,7.730029583582168,6.556993218504039,1.173036365078129,6.985298387960787e+24,5.925275403391244e+24,1.0600229845695436e+24,9.03657393860029e+25,8.930571640143333e+25,1.2306821543938786,1.3169316602184896e+16,0.0015046057257702204,1.836234031550211e-07,9.463551596787005e-06,9.463551596787005e-06,0.09767912198826016,0.09767912198826016,1.1880540807419304e+21,7.429456748470984e-05,1.795020114129512e-17,1.4461408687105212e-18,1.4461408687105212e-17,1.4424583518951984e-12,1.3842827431568335e+19,35000000000000.0,35000000000000.0,0.0,0.027282934203433213,0.018562753863066595,1.0585032543625487e-05,3.819582556897124e-06,1.0585032543625487e-05,3.819582556897124e-06,5.465103481018564e-28,1.2895769281580018e+19,1.8375871626408274e+20,686.2552506554911,8.479865823916452e-20,-1026092.7056869696,1.8010054280457287e+21,2.9243546298203683e+21,0.0,0.0,0.0,0.0,0.3333333333333333,0.3333333333333333,2.0,1.7264245535196902e-17,1.5706605874380213e-24,0.0,6.859556060982184e-19,,0.0,0.0,0.0,0.0,0.0,1.7264245535196902e-17,6.859556060982184e-19,8.750100208206897e-08,17.0,3.05153419402017e-16,1.4424583518951983e-18,3.682516815322887e-21,,,1.4424583518951983e-18,3.682516815322887e-21,10.0,,9.536544540177922e-08,3.4095948968030423,32509828088476.492,0.0002813307705694994,0.018281423092497095,0.0002813307705694994,0.018281423092497095,0.027282934203433213,0.018562753863066595,False,False,1.0,1.3062365237448568,1.7756086369950015e-08,0.15973312905193027,0.7624380756610201,1.0,2.3345278449308977,2.8704889725154283e-07,0.43046557618401504,0.39418440314003655,0.14792873452841188,0.4297458254349988,0.0032371112579418016,0.07936609269244821,True,AP3.2,100.0,8.3,5.767844763153473e+19,$(U_{0.8}Pu_{0.2})N$
K3_G3_Kd4p1e5_AP3p2,rizk2025_refit_plot,rizk2025_refit_full,1800.0,1.1,35000000000000.0,7.956943402208216e+21,2.3413985935882575e+25,5.974018485700545e+25,3.029735213784166e+22,9.354349271961795e+18,2.777074967696201,134.1076146925557,0.2718041574210248,9.450667957639892,9.722472115060917,2.045259457858164,11.767731572919082,2330703076939.1157,5.82675769234779e+17,304.8603864962817,0.49999999999999994,7284081.776085253,7282021.864218417,1.0002828763639062,799443180.112722,799402258.0678339,16601415.613355909,16553869.853620116,1.0000511908047234,1.0028721839760868,0.008805265641903991,25.910246621087524,66.10932999930596,7.97161811396463,6.472563751546464,1.4990543624181647,7.203611649712676e+24,5.84898009131537e+24,1.354631558397306e+24,9.03657393860029e+25,8.901110782760561e+25,1.2832424850701551,9964598163244714.0,0.001295816735777198,1.5660113953954203e-07,1.6478496618058112e-05,1.6478496618058112e-05,0.12028616184827219,0.12028616184827219,1.1609378300489695e+21,8.634943238172764e-05,2.790413000779694e-17,2.4019434300062056e-18,2.4019434300062057e-17,2.3978131732901632e-12,1.3842827431568335e+19,35000000000000.0,35000000000000.0,0.0,0.03172148914722419,0.028843166464279375,1.036442909286729e-05,3.800288643570904e-06,1.036442909286729e-05,3.800288643570904e-06,9.626271332791705e-28,1.305497415994479e+19,3.0104356375953297e+20,806.1115252492443,9.693073927212714e-20,-1053652.935238433,1.9178408848099178e+21,3.127536155347254e+21,0.0,0.0,0.0,0.0,0.3333333333333333,0.3333333333333333,2.0,2.721817440169872e-17,9.201272251725335e-25,0.0,6.859556060982184e-19,,0.0,0.0,0.0,0.0,0.0,2.721817440169872e-17,6.859556060982184e-19,3.297458924236063e-08,17.0,4.74370210132548e-16,2.397813173290163e-18,4.130256716042414e-21,,,2.397813173290163e-18,4.130256716042414e-21,10.0,,9.536544540177922e-08,3.4095948968030423,32491024277402.656,0.00044057960043374577,0.02840258686384563,0.00044057960043374577,0.02840258686384563,0.03172148914722419,0.028843166464279375,False,False,1.0,1.2833730515465294,1.9901564190594214e-08,0.15008533152382417,0.776562384291834,1.0,2.492057631519099,2.944137044721398e-07,0.45619517435637574,0.36317754818723685,0.13955713069932463,0.4554990773422782,0.002718041574210248,0.09450667957639892,True,AP3.2,100.0,8.3,5.767844763153473e+19,$(U_{0.8}Pu_{0.2})N$
K3_G3_Kd4p1e5_AP3p8,rizk2025_refit_plot,rizk2025_refit_full,900.0,1.1,35000000000000.0,1.4743593828885259e+23,6.038182890908475e+25,2.487981120419103e+25,3.346368157966302e+23,1.4152842071943375e+19,1.5933180218699596,38.741262651095965,0.5669826033517927,0.34470976241232065,0.9116923657641135,0.04213644089681548,0.953828806660929,8839773287308.855,2.2099433218272138e+18,53.59028706735484,0.05859956022792162,1282457399840.311,41425417.2068494,30958.22531941249,1396233881.1985943,1393318828.7135234,232041886.74524772,57303243.31432698,1.0020921647113334,4.049367423627705,0.16315468593586488,66.81938234485202,27.532349509049883,5.485113460162231,5.485113460162231,0.0,4.956663334436681e+24,4.956663334436681e+24,0.0,9.036573938600132e+25,9.036573938600132e+25,1.008670283643624,1.0001780164446766e+17,0.005573424199923408,5.688787652678209e-07,5.262723953773282e-07,5.262723953773282e-07,0.0037192171763630356,0.0037192171763630356,2.350680905973074e+20,7.220110521960334e-06,8.162871712571295e-19,5.5598665086701915e-25,5.559866508670192e-24,5.119872410101689e-28,1.6472964643566316e+19,35000000000000.0,35000000000000.0,0.0,0.006186064931298289,0.0008726421732328455,1.4859450582426325e-05,5.1541470635016515e-06,1.4859450582426325e-05,5.1541470635016515e-06,1.1668306574604173e-29,4.781623790169701e+18,4.4167658341111025e+18,0.0001828049343727569,1.0081801588227685e-21,-146170.3392438023,3.0410714596683725e+21,0.0,0.0,0.0,0.0,0.0,0.3333333333333333,0.3333333333333333,2.0,2.4966082885114063e-31,1.045298780017561e-24,0.0,8.162871712568798e-19,,0.0,0.0,0.0,0.0,0.0,2.4966082885114063e-31,8.162871712568798e-19,1.2805527476411767e-06,17.0,1.3876881911371202e-17,5.119872410101689e-34,5.559866503550319e-25,,,5.119872410101689e-34,5.559866503550319e-25,10.0,,9.536544540177922e-08,3.4095948968030423,33903451743015.805,5.654555465062644e-06,0.0008669876177677828,5.654555465062644e-06,0.0008669876177677828,0.006186064931298289,0.0008726421732328455,False,False,1.0,1.4139037083018227,8.937235723356454e-09,0.20177003710763497,0.7014520892472053,1.0,1.287558855974888,2.5646157025559334e-07,0.15187239317310197,0.7739428956097537,0.17831583485490893,0.15106059618045004,0.005669826033517927,0.0034470976241232068,True,AP3.8,119.0,8.3,6.863735268152632e+19,$(U_{0.8}Pu_{0.2})N$
K3_G3_Kd4p1e5_AP3p8,rizk2025_refit_plot,rizk2025_refit_full,925.0,1.1,35000000000000.0,1.4732867326609945e+23,6.029248227202197e+25,2.497354984156667e+25,3.339579612340218e+23,1.4133267091998826e+19,1.5951051837791403,40.0058039302555,0.5677385570142985,0.37905321285217963,0.9467917698664782,0.04210794484777036,0.9888997147142485,8840238805834.184,2.210059701458546e+18,53.57726318061587,0.05857416559776377,496959696824.4877,41435487.149018675,11993.576786902993,1393594998.4305024,1391757749.0033305,191234582.0365415,55491948.21507045,1.001320092831161,3.44616810524245,0.16303598495086552,66.7205100978369,27.636082005472264,5.480371911739995,5.480371911739995,0.0,4.952378599146582e+24,4.952378599146582e+24,0.0,9.036573938600132e+25,9.036573938600132e+25,1.0095399261808928,9.987233890271723e+16,0.005570344481563869,5.659600250586487e-07,6.216454319362328e-07,6.216454319362328e-07,0.004087097568540783,0.004087097568540783,2.70091743845905e+20,7.663551599972183e-06,8.162871712583124e-19,9.45289008275833e-25,9.45289008275833e-24,3.600113810511962e-27,1.6472964643566316e+19,35000000000000.0,35000000000000.0,0.0,0.006179629321530021,0.000871942513461259,1.4854775142026277e-05,5.126801010914439e-06,1.4854775142026277e-05,5.126801010914439e-06,1.381629824252796e-29,4.929257674047404e+18,5.438988340746658e+18,0.0004844923906858178,1.0079739246395537e-21,-146160.4260520247,3.0393458828899254e+21,0.0,0.0,0.0,0.0,0.0,0.3333333333333333,0.3333333333333333,2.0,1.4326320272288242e-30,7.456235300263535e-24,0.0,8.162871712568798e-19,,0.0,0.0,0.0,0.0,0.0,1.4326320272288242e-30,8.162871712568798e-19,9.13432865638412e-06,17.0,1.3876881911391311e-17,3.600113810511962e-33,9.452890046757192e-25,,,3.600113810511962e-33,9.452890046757192e-25,10.0,,9.536544540177922e-08,3.4095948968030423,33869229515285.17,5.830035129933331e-06,0.0008661124783313257,5.830035129933331e-06,0.0008661124783313257,0.006179629321530021,0.000871942513461259,False,False,1.0,1.4140761060263203,8.943289184490837e-09,0.20183326576103894,0.701361108643787,1.0,1.2990494439031182,2.565798875243e-07,0.15673001191545397,0.7668299633789696,0.17839504871636108,0.15591936618175745,0.005677385570142985,0.0037905321285217966,True,AP3.8,119.0,8.3,6.863735268152632e+19,$(U_{0.8}Pu_{0.2})N$
K3_G3_Kd4p1e5_AP3p8,rizk2025_refit_plot,rizk2025_refit_full,950.0,1.1,35000000000000.0,1.4722420428106388e+23,6.02029819289269e+25,2.506747415572036e+25,3.3327555622116844e+23,1.4111168862976735e+19,1.5968839247541882,41.34798451841736,0.5684759790601119,0.4178444453468041,0.9863204244069161,0.042090540176658926,1.028410964583575,8840515858858.006,2.210128964714501e+18,53.569320769340216,0.05855863572855484,202571517453.0204,41441630.547434375,4888.116485212995,1391406998.4826398,1390207494.4750476,160564374.9046004,53690646.009871654,1.000862823724055,2.9905465260201707,0.1629203781005864,66.62146775756148,27.740019974432474,5.475591889905452,5.475591889905452,0.0,4.948059097072985e+24,4.948059097072985e+24,0.0,9.036573938600132e+25,9.03657393860013e+25,1.0105235011518312,9.97307711169278e+16,0.005567210319709967,5.629582430720786e-07,7.26312664509565e-07,7.26312664509565e-07,0.004502468349743968,0.004502468349743968,3.090450784501393e+20,8.148772301006669e-06,8.162871712643784e-19,1.555632732564192e-24,1.555632732564192e-23,2.2845010932250072e-26,1.6472964643566316e+19,35000000000000.0,35000000000000.0,0.0,0.0061730740542799275,0.0008712043304163821,1.4850124302637617e-05,5.099538805794752e-06,1.4850124302637617e-05,5.099538805794752e-06,1.6181644879986502e-29,5.076796713237763e+18,6.564864842318619e+18,0.0012198726950475064,1.0080156678822639e-21,-146178.45849643153,3.03766357076016e+21,0.0,0.0,0.0,0.0,0.0,0.3333333333333333,0.3333333333333333,2.0,7.498646671560408e-30,3.8979387444212507e-23,0.0,8.162871712568798e-19,,0.0,0.0,0.0,0.0,0.0,7.498646671560408e-30,8.162871712568798e-19,4.775205199395189e-05,17.0,1.3876881911494433e-17,2.284501093225007e-32,1.555632709719181e-24,,,2.284501093225007e-32,1.555632709719181e-24,10.0,,9.536544540177922e-08,3.4095948968030423,33833123163424.176,6.01517281374191e-06,0.0008651891576026402,6.01517281374191e-06,0.0008651891576026402,0.0061730740542799275,0.0008712043304163821,False,False,1.0,1.4142427615824347,8.949390964641609e-09,0.20189437693121315,0.7012731772173815,1.0,1.3114038032362263,2.5671371984859553e-07,0.16187584283040382,0.7593071159281447,0.17847225298844063,0.1610663725089175,0.0056847597906011195,0.004178444453468041,True,AP3.8,119.0,8.3,6.863735268152632e+19,$(U_{0.8}Pu_{0.2})N$
K3_G3_Kd4p1e5_AP3p8,rizk2025_refit_plot,rizk2025_refit_full,975.0,1.1,35000000000000.0,1.4712262157124761e+23,6.011542698005667e+25,2.515942984529533e+25,3.3259799017855e+23,1.408664138078028e+19,1.5986659640619185,42.74760134819981,0.5692216585188015,0.460926119978934,1.0301477784977355,0.04209887698589366,1.0722466554836292,8840356298319.926,2.2100890745799813e+18,53.573179645943846,0.058566015533914495,86520713270.74437,41438645.506419584,2087.9232951120657,1389467912.9598746,1388657824.6523652,137077753.90644166,51932738.44576753,1.000583360632928,2.6395248548194625,0.162807965243118,66.52457821793602,27.84177943570593,5.470834381114932,5.470834381114932,0.0,4.943759939078077e+24,4.943759939078077e+24,0.0,9.036573938600132e+25,9.036573938600132e+25,1.0116174887527816,9.959321247564886e+16,0.005563967170224592,5.599260905828094e-07,8.391755482158131e-07,8.391755482158131e-07,0.004963713700712321,0.004963713700712321,3.516501619367603e+20,8.677763454967082e-06,8.16287171292935e-19,2.485036039701464e-24,2.485036039701464e-23,1.3186026336093777e-25,1.6472964643566316e+19,35000000000000.0,35000000000000.0,0.0,0.006166594745853224,0.0008704397198324332,1.4845467387754075e-05,5.072868789107017e-06,1.4845467387754075e-05,5.072868789107017e-06,1.8740451369818301e-29,5.224275023628653e+18,7.781848401050334e+18,0.002929623900729389,1.0085925685979305e-21,-146255.52482198208,3.036026971925831e+21,0.0,0.0,0.0,0.0,0.0,0.3333333333333333,0.3333333333333333,2.0,3.605513394506346e-29,1.5535245485073675e-22,0.0,8.162871712568798e-19,,0.0,0.0,0.0,0.0,0.0,3.605513394506346e-29,8.162871712568798e-19,0.00019031593330649877,17.0,1.3876881911979894e-17,1.3186026336093777e-31,2.4850359078412007e-24,,,1.3186026336093777e-31,2.4850359078412007e-24,10.0,,9.536544540177922e-08,3.4095948968030423,33795724346925.793,6.206934166323256e-06,0.00086423278566611,6.206934166323256e-06,0.00086423278566611,0.006166594745853224,0.0008704397198324332,False,False,1.0,1.4144118672085848,8.955466054799423e-09,0.20195637498602514,0.7011839719849674,1.0,1.3244609070028976,2.5686259295561407e-07,0.16723017251560351,0.7514931149259599,0.1785502539073652,0.16642188617966186,0.005692216585188015,0.00460926119978934,True,AP3.8,119.0,8.3,6.863735268152632e+19,$(U_{0.8}Pu_{0.2})N$
K3_G3_Kd4p1e5_AP3p8,rizk2025_refit_plot,rizk2025_refit_full,1000.0,1.1,35000000000000.0,1.470239399306964e+23,6.003137866963532e+25,2.5247809236311933e+25,3.319321278051271e+23,1.4059823200394734e+19,1.6004578392691284,44.185832645052244,0.569994432119838,0.5080630357027478,1.0780574678225858,0.04216272807025405,1.12022019589284,8839259577458.387,2.2098148943645967e+18,53.60246736309161,0.05862279394534285,38585494054.19164,41416003.949262194,931.6566151930508,1387668440.1932044,1387103081.0869684,118785386.93790485,50242348.443072446,1.0004075826187286,2.36424830086308,0.16269876274975964,66.43156917380888,27.93958131462277,5.466150748818596,5.466150748818596,0.0,4.939527540123372e+24,4.939527540123372e+24,0.0,9.036573938600132e+25,9.036573938600132e+25,1.0128164160784676,9.94596748870271e+16,0.005560585061225386,5.569041387402825e-07,9.589269476531472e-07,9.589269476531472e-07,0.0054684229990278055,0.0054684229990278055,3.975617741767487e+20,9.251782928756506e-06,8.162871714171498e-19,3.863167302789697e-24,3.863167302789697e-23,6.972208708889678e-25,1.6472964643566316e+19,35000000000000.0,35000000000000.0,0.0,0.006160341355338028,0.0008696598399573055,1.4840787323701242e-05,5.047162818118012e-06,1.4840787323701242e-05,5.047162818118012e-06,2.1463684075110097e-29,5.371536154474028e+18,9.074772372746425e+18,0.0067355816622292185,1.0103013368830472e-21,-146456.72442987433,3.0344371192406737e+21,0.0,0.0,0.0,0.0,0.0,0.3333333333333333,0.3333333333333333,2.0,1.6026995865756309e-28,4.883477169444583e-22,0.0,8.162871712568798e-19,,0.0,0.0,0.0,0.0,0.0,1.6026995865756309e-28,8.162871712568798e-19,0.0005982547981204234,17.0,1.3876881914091545e-17,6.972208708889678e-31,3.863166605568826e-24,,,6.972208708889678e-31,3.863166605568826e-24,10.0,,9.536544540177922e-08,3.4095948968030423,33757578859974.316,6.402520171753818e-06,0.0008632573197855516,6.402520171753818e-06,0.0008632573197855516,0.006160341355338028,0.0008696598399573055,False,False,1.0,1.4145892326820184,8.961452357592914e-09,0.20202138881278334,0.7010904300431219,1.0,1.3380637814618184,2.5702576700175724e-07,0.1727189770104546,0.7434977973613726,0.17863101713187374,0.17191187071906613,0.005699944321198381,0.005080630357027478,True,AP3.8,119.0,8.3,6.863735268152632e+19,$(U_{0.8}Pu_{0.2})N$
K3_G3_Kd4p1e5_AP3p8,rizk2025_refit_plot,rizk2025_refit_full,1025.0,1.1,35000000000000.0,1.4692808064610938e+23,5.995190767047931e+25,2.5331505943700712e+25,3.3128311670684924e+23,1.4030889802840795e+19,1.6022629381293343,45.64582358135997,0.5708069786473314,0.5589551542606415,1.129762132907973,0.04234083024341097,1.172102963151384,8836249077561.748,2.2090622693904369e+18,53.68393179877733,0.058781091244402305,17911028441.58347,41353155.881376065,433.1236168035711,1385947836.448789,1385540379.9028661,104320051.11881478,48635336.72567066,1.0002940777128064,2.144943535751294,0.16259268351526399,66.34362544679908,28.032201269881774,5.461580599803882,5.461580599803882,0.0,4.935397691175183e+24,4.935397691175183e+24,0.0,9.036573938600132e+25,9.036573938600132e+25,1.0141131652322286,9.933004396246448e+16,0.005557051015518028,5.539221235894152e-07,1.0840829013768202e-06,1.0840829013768202e-06,0.006013523715934703,0.006013523715934703,4.4637863417969246e+20,9.871970535464166e-06,8.162871719192991e-19,5.857623504279315e-24,5.857623504279315e-23,3.398959714178951e-24,1.6472964643566316e+19,35000000000000.0,35000000000000.0,0.0,0.006154421553404835,0.0008688745632807593,1.4836075302071202e-05,5.022669858261088e-06,1.4836075302071202e-05,5.022669858261088e-06,2.4317913579592087e-29,5.518475849866786e+18,1.0426349111394599e+19,0.014876494879632609,1.0143301854838497e-21,-146911.9495005378,3.0328933593199034e+21,0.0,0.0,0.0,0.0,0.0,0.3333333333333333,0.3333333333333333,2.0,6.624193185834588e-28,1.2468798225414734e-21,0.0,8.162871712568798e-19,,0.0,0.0,0.0,0.0,0.0,6.624193185834588e-28,8.162871712568798e-19,0.0015275014301765165,17.0,1.3876881922628085e-17,3.398959714178951e-30,5.857620105319601e-24,,,3.398959714178951e-30,5.857620105319601e-24,10.0,,9.536544540177922e-08,3.4095948968030423,33719169588337.29,6.599454545338992e-06,0.0008622751087354203,6.599454545338992e-06,0.0008622751087354203,0.006154421553404835,0.0008688745632807593,False,False,1.0,1.414778789938952,8.967302621393595e-09,0.20209085745281538,0.7009904813436972,1.0,1.3520651246261637,2.572022783246178e-07,0.17827622867176776,0.7354186814194498,0.17871585836824885,0.1774702884089455,0.005708069786473314,0.0055895515426064146,True,AP3.8,119.0,8.3,6.863735268152632e+19,$(U_{0.8}Pu_{0.2})N$
K3_G3_Kd4p1e5_AP3p8,rizk2025_refit_plot,rizk2025_refit_full,1050.0,1.1,35000000000000.0,1.4683488773707196e+23,5.987767353761084e+25,2.5409835264722365e+25,3.306544945679031e+23,1.400004594066276e+19,1.6040827079939708,47.11291605857287,0.5716672478453452,0.6132506644259592,1.1849179122713043,0.04274531522902995,1.2276632275003343,8829498293095.422,2.2073745732738555e+18,53.86806079465994,0.05913978933454912,8629292308.260159,41211804.68074458,209.3888480523647,1384271629.4662461,1383968537.8669043,92723938.3936425,47120836.18937952,1.000219001798848,1.967790597369352,0.16248955492950723,66.26147690978398,28.118881599787624,5.4571519354988824,5.4571519354988824,0.0,4.931395695931047e+24,4.931395695931047e+24,0.0,9.036573938600132e+25,9.036573938600132e+25,1.0154992825675246,9.920410145911355e+16,0.005553363462488242,5.510009103949226e-07,1.2130191472446227e-06,1.2130191472446227e-06,0.006595411610421796,0.006595411610421796,4.976544519773183e+20,1.0537988671418914e-05,8.162871738158613e-19,8.68048799131575e-24,8.68048799131575e-23,1.5366002896313798e-23,1.6472964643566316e+19,35000000000000.0,35000000000000.0,0.0,0.006148906777745605,0.0008680923428117692,1.4831327602176136e-05,4.999537773035714e-06,1.4831327602176136e-05,4.999537773035714e-06,2.7266183298171603e-29,5.665102739644067e+18,1.1817708869663779e+19,0.03166981714993466,1.0229544948716646e-21,-147869.36840332914,3.0313936381899e+21,0.0,0.0,0.0,0.0,0.0,0.3333333333333333,0.3333333333333333,2.0,2.558981501392922e-27,2.652535369540001e-21,0.0,8.162871712568798e-19,,0.0,0.0,0.0,0.0,0.0,2.558981501392922e-27,8.162871712568798e-19,0.0032495124934283997,17.0,1.3876881954869642e-17,1.5366002896313797e-29,8.680472625312854e-24,,,1.5366002896313797e-29,8.680472625312854e-24,10.0,,9.536544540177922e-08,3.4095948968030423,33680909941778.984,6.795617406137526e-06,0.0008612967254056317,6.795617406137526e-06,0.0008612967254056317,0.006148906777745605,0.0008680923428117692,False,False,1.0,1.4149830110172255,8.972983697317991e-09,0.20216568374699095,0.7008828275388905,1.0,1.3663303028020295,2.57390981346666e-07,0.18384479734524675,0.727339680816892,0.17880559481870692,0.1830400008535947,0.005716672478453451,0.006132506644259592,True,AP3.8,119.0,8.3,6.863735268152632e+19,$(U_{0.8}Pu_{0.2})N$
K3_G3_Kd4p1e5_AP3p8,rizk2025_refit_plot,rizk2025_refit_full,1075.0,1.1,35000000000000.0,1.4674415287763288e+23,5.980901253948472e+25,2.5482445105033413e+25,3.3004843331474895e+23,1.3967518030546522e+19,1.6059174070217246,48.57465376214231,0.5725796405893191,0.6705589924163958,1.2431386330057148,0.04358327554779189,1.2867219085535069,8815728567795.121,2.2039321419487803e+18,54.24600106856166,0.05987902627110745,4304033554.690414,40924675.667689055,105.16964360669436,1382619976.3399787,1382387406.9072647,83313805.16182832,45702847.638827726,1.0001682375226741,1.8229456033073854,0.16238914645605748,66.18549568217202,28.199232671780624,5.452882499591307,5.452882499591307,0.0,4.927537588605555e+24,4.927537588605555e+24,0.0,9.036573938600132e+25,9.036573938600133e+25,1.0169652881605098,9.908155946354744e+16,0.005549528141333972,5.481545546973224e-07,1.3440132349217013e-06,1.3440132349217013e-06,0.007210078843962452,0.007210078843962452,5.509094283043611e+20,1.1248929841245804e-05,8.162871805401724e-19,1.2595011157736031e-23,1.2595011157736032e-22,6.475908336901747e-23,1.6472964643566316e+19,35000000000000.0,35000000000000.0,0.0,0.006143839258772233,0.0008673202169545147,1.4826543616883134e-05,4.9778364907966176e-06,1.4826543616883134e-05,4.9778364907966176e-06,3.026901323293461e-29,5.811505848597822e+18,1.322897694193237e+19,0.06520955920716286,1.0403770405316144e-21,-149782.6471452637,3.029934932365486e+21,0.0,0.0,0.0,0.0,0.0,0.3333333333333333,0.3333333333333333,2.0,9.283292620781236e-27,4.8067183409772704e-21,0.0,8.162871712568798e-19,,0.0,0.0,0.0,0.0,0.0,9.283292620781236e-27,8.162871712568798e-19,0.005888513816664936,17.0,1.3876882069182932e-17,6.475908336901747e-29,1.2594946398652662e-23,,,6.475908336901747e-29,1.2594946398652662e-23,10.0,,9.536544540177922e-08,3.4095948968030423,33643144006087.71,6.989244496116941e-06,0.0008603309724583977,6.989244496116941e-06,0.0008603309724583977,0.006143839258772233,0.0008673202169545147,False,False,1.0,1.4152032629792821,8.978474533875225e-09,0.20224636476798274,0.7007667542482581,1.0,1.3807386177776322,2.5759059051627875e-07,0.1893764589665817,0.7193311574909252,0.17890067006436577,0.18857277711190265,0.005725796405893191,0.0067055899241639585,True,AP3.8,119.0,8.3,6.863735268152632e+19,$(U_{0.8}Pu_{0.2})N$
K3_G3_Kd4p1e5_AP3p8,rizk2025_refit_plot,rizk2025_refit_full,1100.0,1.1,35000000000000.0,1.4665563803549692e+23,5.974601946473435e+25,2.5549232502989737e+25,3.294660199222423e+23,1.3933546624337654e+19,1.6077665824859024,50.020664493595106,0.5735459686708583,0.730463726903641,1.3040096955744993,0.04522507514119177,1.349234770715691,8789259990232.567,2.197314997558142e+18,54.97385227998599,0.061312032966386834,2217310795.8787527,40382834.89200233,54.90725952768321,1380981386.1871808,1380797451.6844804,75593870.17341793,44381657.51045271,1.0001332088949584,1.7032682962688843,0.16229119468502412,66.11578665839997,28.273140547055164,5.44878159985983,5.44878159985983,0.0,4.923831780241727e+24,4.923831780241727e+24,0.0,9.036573938600132e+25,9.036573938600132e+25,1.0185009860799976,9.896209175117123e+16,0.005545555165580815,5.453921222619178e-07,1.4752915608277502e-06,1.4752915608277502e-06,0.007853241105651785,0.007853241105651785,6.056424632118523e+20,1.2002833560125971e-05,8.162872030182321e-19,1.792226870002319e-23,1.7922268700023191e-22,2.556484784617257e-22,1.6472964643566316e+19,35000000000000.0,35000000000000.0,0.0,0.006139238824899391,0.000866563895334675,1.4821724595839458e-05,4.9575788764229665e-06,1.4821724595839458e-05,4.9575788764229665e-06,3.328551880726299e-29,5.957804556294388e+18,1.463987789699405e+19,0.1303628879742494,1.0741046919377224e-21,-153440.43211205045,3.0285136536248233e+21,0.0,0.0,0.0,0.0,0.0,0.3333333333333333,0.3333333333333333,2.0,3.1761352235744896e-26,7.564160303615265e-21,0.0,8.162871712568798e-19,,0.0,0.0,0.0,0.0,0.0,3.1761352235744896e-26,8.162871712568798e-19,0.009266542799699283,17.0,1.3876882451309945e-17,2.556484784617257e-28,1.7922013051544728e-23,,,2.556484784617257e-28,1.7922013051544728e-23,10.0,,9.536544540177922e-08,3.4095948968030423,33606150479073.27,7.178907024060292e-06,0.0008593849883106147,7.178907024060292e-06,0.0008593849883106147,0.006139238824899391,0.000866563895334675,False,False,1.0,1.4154401017262808,8.983763795130772e-09,0.20233309978350286,0.7006419756680806,1.0,1.3951835624113436,2.577997223732455e-07,0.19483141134531537,0.7114507129177139,0.17900125553574142,0.19402880917181162,0.005735459686708582,0.0073046372690364104,True,AP3.8,119.0,8.3,6.863735268152632e+19,$(U_{0.8}Pu_{0.2})N$
K3_G3_Kd4p1e5_AP3p8,rizk2025_refit_plot,rizk2025_refit_full,1125.0,1.1,35000000000000.0,1.465690916405701e+23,5.968861660004645e+25,2.5610272948425695e+25,3.2890751834333616e+23,1.389837894936404e+19,1.609629380318603,51.44249071090093,0.5745662102393134,0.7925354945099984,1.3671017047493117,0.04831259843389537,1.4154143031832072,8740750960815.957,2.1851877402039892e+18,56.30120961968065,0.06395363898298999,1177515952.8642585,39430769.16102309,29.862870492220097,1379349232.9010181,1379199477.3110957,69198527.92633231,43154986.65249447,1.0001085815303632,1.603488572098364,0.16219542122539787,66.0522638398208,28.340688763725225,5.444851975228593,5.444851975228593,0.0,4.920280745888615e+24,4.920280745888615e+24,0.0,9.036573938600132e+25,9.036573938600132e+25,1.0200957775690362,9.884535742448821e+16,0.005541456960207244,5.427191278507689e-07,1.605079914695908e-06,1.605079914695908e-06,0.008520465254779083,0.008520465254779083,6.61344102243786e+20,1.2797268427523984e-05,8.162872741423015e-19,2.5047711621008633e-23,2.504771162100863e-22,9.494708146321283e-22,1.6472964643566316e+19,35000000000000.0,35000000000000.0,0.0,0.006135108865491275,0.0008658278900033305,1.4816872832800932e-05,4.938737832561992e-06,1.4816872832800932e-05,4.938737832561992e-06,3.62746103984867e-29,6.104113836023773e+18,1.6030350864295959e+19,0.254159003362562,1.137114368981765e-21,-160133.47927467473,3.0271259730904676e+21,0.0,0.0,0.0,0.0,0.0,0.3333333333333333,0.3333333333333333,2.0,1.028854216590493e-25,1.0512635646253687e-20,0.0,8.162871712568798e-19,,0.0,0.0,0.0,0.0,0.0,1.028854216590493e-25,8.162871712568798e-19,0.012878597987821924,17.0,1.3876883660419125e-17,9.494708146321284e-28,2.5046762150194002e-23,,,9.494708146321284e-28,2.5046762150194002e-23,10.0,,9.536544540177922e-08,3.4095948968030423,33570148339927.043,7.3634827108163755e-06,0.0008584644072925141,7.3634827108163755e-06,0.0008584644072925141,0.006135108865491275,0.0008658278900033305,False,False,1.0,1.4156935058433051,8.988847602600876e-09,0.20242587618718264,0.7005085108910291,1.0,1.4095725833121124,2.580169380374021e-07,0.20017757548665688,0.7037443007619298,0.17910733034780646,0.19937601310221786,0.005745662102393134,0.007925354945099983,True,AP3.8,119.0,8.3,6.863735268152632e+19,$(U_{0.8}Pu_{0.2})N$
K3_G3_Kd4p1e5_AP3p8,rizk2025_refit_plot,rizk2025_refit_full,1150.0,1.1,35000000000000.0,1.4648425599546823e+23,5.963660780166975e+25,2.5665764772922123e+25,3.283725844348227e+23,1.3862261390133547e+19,1.6115047512840928,52.83341653779764,0.5756390811392319,0.856345027745143,1.4319841088843748,0.0539227767277133,1.485906885612088,8656115211725.282,2.1640288029313206e+18,58.59091078287711,0.0685905980274777,643629757.4610667,37889835.9888405,16.986871034507296,1377719760.6610014,1377594449.0582738,63853990.22058464,42018861.27147932,1.0000909640735074,1.5196506589750471,0.1621015409056237,65.99471017099665,28.402096798311646,5.441091489786092,5.441091489786092,0.0,4.916882555413996e+24,4.916882555413996e+24,0.0,9.036573938600132e+25,9.036573938600133e+25,1.0217389843589237,9.873101563595979e+16,0.005537246797985273,5.401385646732576e-07,1.731655866863279e-06,1.731655866863279e-06,0.009207300910200474,0.009207300910200474,7.175102125362457e+20,1.3629265713910458e-05,8.162874879327773e-19,3.4427700444941665e-23,3.4427700444941663e-22,3.330768464716398e-21,1.6472964643566316e+19,35000000000000.0,35000000000000.0,0.0,0.006131441267515771,0.000865115679773941,1.481199112522949e-05,4.921259394795005e-06,1.481199112522949e-05,4.921259394795005e-06,3.919623470332184e-29,6.250528326822852e+18,1.7381158285732432e+19,0.4857746100591121,1.2511050749449708e-21,-171814.43659401542,3.0257680723818735e+21,0.0,0.0,0.0,0.0,0.0,0.3333333333333333,0.3333333333333333,2.0,3.1667589742037936e-25,1.3094981712716537e-20,0.0,8.162871712568798e-19,,0.0,0.0,0.0,0.0,0.0,3.1667589742037936e-25,8.162871712568798e-19,0.01604211984907324,17.0,1.3876887294857214e-17,3.330768464716398e-27,3.4424369676476946e-23,,,3.330768464716398e-27,3.4424369676476946e-23,10.0,,9.536544540177922e-08,3.4095948968030423,33535302862968.6,7.5421253143372905e-06,0.0008575735544596037,7.5421253143372905e-06,0.0008575735544596037,0.006131441267515771,0.000865115679773941,False,False,1.0,1.4159630545436719,8.993727663039215e-09,0.20252453489839692,0.7003665897740239,1.0,1.423826730196615,2.5824078711485096e-07,0.2053898714943254,0.6962473785523986,0.1792187416808813,0.20458930489299187,0.005756390811392319,0.00856345027745143,True,AP3.8,119.0,8.3,6.863735268152632e+19,$(U_{0.8}Pu_{0.2})N$
K3_G3_Kd4p1e5_AP3p8,rizk2025_refit_plot,rizk2025_refit_full,1175.0,1.1,35000000000000.0,1.4640086177909489e+23,5.958971781675223e+25,2.5715988527386656e+25,3.278604176792645e+23,1.3825431517794638e+19,1.6133916021715808,54.18832824157901,0.5767624438483334,0.921477134619195,1.4982395784675284,0.06379421427642898,1.5620337927439574,8516495645031.699,2.1291239112579249e+18,62.30467436894783,0.07631031615201388,361861189.8680311,35631355.471884646,10.15569531598544,1376090902.9563115,1375983361.3934405,59352121.43749233,40968231.94291832,1.0000781561506398,1.448735242472474,0.16200925569118296,65.94282105324461,28.45767511240035,5.437494578663872,5.437494578663872,0.0,4.913632180083346e+24,4.913632180083346e+24,0.0,9.036573938600132e+25,9.036573938600132e+25,1.0234202012796523,9.861873031451304e+16,0.005532937649451348,5.376515372576896e-07,1.853401141930703e-06,1.853401141930703e-06,0.009909424224965952,0.009909424224965952,7.736565401861934e+20,1.4495826369192512e-05,8.162881004352833e-19,4.659659239897898e-23,4.659659239897898e-22,1.1076769180051558e-20,1.6472964643566316e+19,35000000000000.0,35000000000000.0,0.0,0.00612822046319246,0.0008644299258102295,1.4807082379102121e-05,4.905072128969879e-06,1.4807082379102121e-05,4.905072128969879e-06,4.2012615771715966e-29,6.397118920479446e+18,1.8674468993366417e+19,0.9154108005646456,1.4511619759792506e-21,-191113.6521389067,3.024436357882725e+21,0.0,0.0,0.0,0.0,0.0,0.3333333333333333,0.3333333333333333,2.0,9.291784035179553e-25,1.481013079221181e-20,0.0,8.162871712568798e-19,,0.0,0.0,0.0,0.0,0.0,9.291784035179553e-25,8.162871712568798e-19,0.018143264350312528,17.0,1.3876897707399816e-17,1.1076769180051557e-26,4.658551562979893e-23,,,1.1076769180051557e-26,4.658551562979893e-23,10.0,,9.536544540177922e-08,3.4095948968030423,33501730949618.93,7.71423828066493e-06,0.0008567156875295645,7.71423828066493e-06,0.0008567156875295645,0.00612822046319246,0.0008644299258102295,False,False,1.0,1.416248054956981,8.998409940381855e-09,0.20262881716307754,0.7002165855725281,1.0,1.4378805241891583,2.5846985564449044e-07,0.21044961214140212,0.6889858873540848,0.17933524803331616,0.20964999403961143,0.005767624438483334,0.00921477134619195,True,AP3.8,119.0,8.3,6.863735268152632e+19,$(U_{0.8}Pu_{0.2})N$
K3_G3_Kd4p1e5_AP3p8,rizk2025_refit_plot,rizk2025_refit_full,1200.0,1.1,35000000000000.0,1.463185990340417e+23,5.954761738613571e+25,2.5761280798417302e+25,3.2736983095244656e+23,1.3788108777016912e+19,1.615288939809098,55.50364583677685,0.577933569811001,0.9875471596514106,1.5654807294624116,0.08058498925936204,1.6460657187217738,8300723010320.591,2.0751807525801477e+18,67.92973483293918,0.08841314179027614,209435838.69529608,32680828.292053342,6.408522967155713,1374461537.3628082,1374367114.940049,55532216.37791737,39997372.54249022,1.0000687024752941,1.3883966082753083,0.16191822257884178,65.89623212374259,28.507796177461497,5.434053476217072,5.434053476217072,0.0,4.910522602414264e+24,4.910522602414264e+24,0.0,9.036573938600132e+25,9.036573938600132e+25,1.02512972023767,9.850816096670072e+16,0.005528540978105197,5.352574979335843e-07,1.968851390698294e-06,1.968851390698294e-06,0.010622811480820652,0.010622811480820652,8.29334616383082e+20,1.5393922798813413e-05,8.162897780388003e-19,6.217615733574239e-23,6.217615733574239e-22,3.503783313863259e-20,1.6472964643566316e+19,35000000000000.0,35000000000000.0,0.0,0.006125427035255088,0.0008637728091742333,1.4802149233970836e-05,4.890093249320694e-06,1.4802149233970836e-05,4.890093249320694e-06,4.4689437610834267e-29,6.54393558182258e+18,1.989438857525467e+19,1.7094629480128802,1.79210707682121e-21,-220979.19951159833,3.0231277124775565e+21,0.0,0.0,0.0,0.0,0.0,0.3333333333333333,0.3333333333333333,2.0,2.6067819204802983e-24,1.5382006404450104e-20,0.0,8.162871712568798e-19,,0.0,0.0,0.0,0.0,0.0,2.6067819204802983e-24,8.162871712568798e-19,0.018843806229457596,17.0,1.3876926226659605e-17,3.503783313863259e-26,6.214111950260375e-23,,,3.503783313863259e-26,6.214111950260375e-23,10.0,,9.536544540177922e-08,3.4095948968030423,33469504817956.387,7.8794583533462e-06,0.0008558933508208871,7.8794583533462e-06,0.0008558933508208871,0.006125427035255088,0.0008637728091742333,False,False,1.0,1.4165476221581152,9.002904055459005e-09,0.2027383940150448,0.7000589725262069,1.0,1.4516824371126933,2.587028238335645e-07,0.21534415582504074,0.6819768548852815,0.17945654706195713,0.21454543656342223,0.00577933569811001,0.009875471596514106,True,AP3.8,119.0,8.3,6.863735268152632e+19,$(U_{0.8}Pu_{0.2})N$
K3_G3_Kd4p1e5_AP3p8,rizk2025_refit_plot,rizk2025_refit_full,1225.0,1.1,35000000000000.0,1.462370396318687e+23,5.950993357212294e+25,2.580202291833965e+25,3.268992000441548e+23,1.375048210071945e+19,1.6171960752576577,56.77737639529565,0.5791492565333909,1.0542230215794373,1.6333722781128281,0.10802336277312805,1.741395640885956,7991465661824.304,1.9978664154560758e+18,75.85384400649183,0.10613599340595833,125172751.47855443,29266809.468614474,4.276952416449386,1372830936.2544298,1372746344.0982575,52267970.34746279,39100080.717782885,1.0000616225689005,1.3367739756018224,0.16182796779563835,65.85453068438204,28.552881981217627,5.430759366604707,5.430759366604707,0.0,4.907545855906865e+24,4.907545855906865e+24,0.0,9.036573938600132e+25,9.036573938600132e+25,1.026859107033702,9.83989287628247e+16,0.00552406487825765,5.329540300955449e-07,2.0767383433570056e-06,2.0767383433570056e-06,0.011343976390445116,0.011343976390445116,8.841498380889156e+20,1.632100731381936e-05,8.162941829734212e-19,8.189202765293359e-23,8.189202765293359e-22,1.057421518979397e-19,1.6472964643566316e+19,35000000000000.0,35000000000000.0,0.0,0.006123041799748054,0.0008631466661506529,1.4797193533133078e-05,4.876231736557399e-06,1.4797193533133078e-05,4.876231736557399e-06,4.7196855786707033e-29,6.691012675543441e+18,2.102738345574773e+19,3.1719646881269328,2.3565665352209303e-21,-263771.4935458982,3.0218399204614603e+21,0.0,0.0,0.0,0.0,0.0,0.3333333333333333,0.3333333333333333,2.0,7.011716541319382e-24,1.4818968284734945e-20,0.0,8.162871712568798e-19,,0.0,0.0,0.0,0.0,0.0,7.011716541319382e-24,8.162871712568798e-19,0.018153955514855675,17.0,1.387700111054816e-17,1.057421518979397e-25,8.178628550103565e-23,,,1.057421518979397e-25,8.178628550103565e-23,10.0,,9.536544540177922e-08,3.4095948968030423,33438652870698.008,8.037657235350754e-06,0.0008551090089153021,8.037657235350754e-06,0.0008551090089153021,0.006123041799748054,0.0008631466661506529,False,False,1.0,1.4168607099821904,9.007223778102709e-09,0.20285287770623192,0.6998943093860472,1.0,1.4651965569783627,2.589385447129327e-07,0.22006700407679997,0.6752283598624764,0.1795822882442146,0.21926913261633788,0.005791492565333909,0.010542230215794373,True,AP3.8,119.0,8.3,6.863735268152632e+19,$(U_{0.8}Pu_{0.2})N$
K3_G3_Kd4p1e5_AP3p8,rizk2025_refit_plot,rizk2025_refit_full,1250.0,1.1,35000000000000.0,1.4615545671773466e+23,5.9476242207996065e+25,2.5838647442208667e+25,3.264462097381171e+23,1.3712691421731727e+19,1.6191130081159995,58.0093650688732,0.5804057759651432,1.1212582420682884,1.7016640180334317,0.15063954708931387,1.8523035651227455,7584238733145.783,1.8960596832864458e+18,86.23618017812815,0.1301883373482275,77692557.04255143,25743255.271910254,3.0179771836130467,1371198211.1332104,1371121094.6190798,49457805.705728196,38269682.789395206,1.0000562434014277,1.2923495075175615,0.1617376869937677,65.81724734629861,28.59341119518507,5.42760377152257,5.42760377152257,0.0,4.904694279078864e+24,4.904694279078864e+24,0.0,9.036573938600132e+25,9.036573938600133e+25,1.0286020744893087,9.829053312310829e+16,0.005519510422990708,5.307360189417643e-07,2.176012989245787e-06,2.176012989245787e-06,0.012070330599227103,0.012070330599227103,9.37782623711785e+20,1.727549513402837e-05,8.1630529947906185e-19,1.066087053798265e-22,1.066087053798265e-21,3.0533079764031823e-19,1.6472964643566316e+19,35000000000000.0,35000000000000.0,0.0,0.006121052211293056,0.0008625553121692505,1.4792215328160017e-05,4.863388460072291e-06,1.4792215328160017e-05,4.863388460072291e-06,4.9510081822257013e-29,6.838375357345525e+18,2.206247623425475e+19,5.838638350828268,3.2635449599683087e-21,-320044.10670587857,3.0205725356388736e+21,0.0,0.0,0.0,0.0,0.0,0.3333333333333333,0.3333333333333333,2.0,1.8128222181985484e-23,1.3360203119369858e-20,0.0,8.162871712568798e-19,,0.0,0.0,0.0,0.0,0.0,1.8128222181985484e-23,8.162871712568798e-19,0.016366674487959202,17.0,1.3877190091144051e-17,3.0533079764031822e-25,1.0630337458218618e-22,,,3.0533079764031822e-25,1.0630337458218618e-22,10.0,,9.536544540177922e-08,3.4095948968030423,33409156080901.754,8.188974256730909e-06,0.0008543663379125196,8.188974256730909e-06,0.0008543663379125196,0.006121052211293056,0.0008625553121692505,False,False,1.0,1.4171860807442622,9.011389393205056e-09,0.20297181079702603,0.6997232550731168,1.0,1.478406336754779,2.5917616331925945e-07,0.2246186166648724,0.6687384752684147,0.17971206805481113,0.22382154167284912,0.005804057759651432,0.011212582420682883,True,AP3.8,119.0,8.3,6.863735268152632e+19,$(U_{0.8}Pu_{0.2})N$
K3_G3_Kd4p1e5_AP3p8,rizk2025_refit_plot,rizk2025_refit_full,1275.0,1.1,35000000000000.0,1.4607242863746616e+23,5.944603498122798e+25,2.5871669401947377e+25,3.260072258535308e+23,1.3674798272331028e+19,1.6210412225778867,59.20185464047806,0.5816985917123565,1.1885445761402245,1.770243167852581,0.2126428241486588,1.9828859920012396,7095400432425.165,1.7738501081062912e+18,98.90960094063549,0.16022669423214317,50469377.108983405,22444737.20334208,2.2486062835909872,1369561499.559208,1369490157.979826,47017289.60152644,37498825.22231188,1.0000520935320099,1.2538336687292022,0.16164580695069755,65.78381960369025,28.62995376094404,5.42458082841501,5.42458082841501,0.0,4.9019625741885e+24,4.9019625741885e+24,0.0,9.036573938600132e+25,9.036573938600133e+25,1.030355881401881,9.818216669511714e+16,0.005514864005428895,5.285938973649024e-07,2.265824013244896e-06,2.265824013244896e-06,0.012800762378470639,0.012800762378470639,9.900124774028424e+20,1.8257712128178083e-05,8.163323265222488e-19,1.3740987948226453e-22,1.3740987948226452e-21,8.457331924393166e-19,1.6472964643566316e+19,35000000000000.0,35000000000000.0,0.0,0.006119464811530112,0.0008620068760423908,1.478721081870791e-05,4.851452996704688e-06,1.478721081870791e-05,4.851452996704688e-06,5.160895549079405e-29,6.986047227221609e+18,2.299093450968595e+19,10.584164383899243,4.671565353456334e-21,-387777.75740830536,3.019328724379946e+21,0.0,0.0,0.0,0.0,0.0,0.3333333333333333,0.3333333333333333,2.0,4.5155265368944576e-23,1.1360352122119976e-20,0.0,8.162871712568798e-19,,0.0,0.0,0.0,0.0,0.0,4.5155265368944576e-23,8.162871712568798e-19,0.013916332543778486,17.0,1.3877649550878229e-17,8.457331924393166e-25,1.365641462898252e-22,,,8.457331924393166e-25,1.365641462898252e-22,10.0,,9.536544540177922e-08,3.4095948968030423,33380937594116.22,8.33390110235843e-06,0.0008536729749400323,8.33390110235843e-06,0.0008536729749400323,0.006119464811530112,0.0008620068760423908,False,False,1.0,1.4175221853256241,9.01543353733769e-09,0.203094622533175,0.699546631376933,1.0,1.4913217623849897,2.594153077924194e-07,0.22900833664165923,0.6624926453341224,0.17984540138295363,0.2282120075919211,0.005816985917123565,0.011885445761402245,True,AP3.8,119.0,8.3,6.863735268152632e+19,$(U_{0.8}Pu_{0.2})N$
K3_G3_Kd4p1e5_AP3p8,rizk2025_refit_plot,rizk2025_refit_full,1300.0,1.1,35000000000000.0,1.4598500475434367e+23,5.941864686009267e+25,2.590175564604978e+25,3.255759632719833e+23,1.3636738909854765e+19,1.622985345084007,60.36049062037115,0.5830217255447442,1.2561960349241224,1.8392177604688662,0.2957110109452179,2.134928771414084,6563671865653.817,1.6409179664134543e+18,113.30629897308951,0.19450735696977983,34611293.32144263,19592908.956696708,1.7665214184345377,1367916487.850472,1367849689.2928452,44872786.54549889,36779025.10704194,1.0000488347207661,1.2200645997250013,0.16154906245027462,65.75351152308205,28.663247622430518,5.421691792037162,5.421691792037162,0.0,4.899351875104527e+24,4.899351875104527e+24,0.0,9.036573938600132e+25,9.036573938600132e+25,1.0321235745348358,9.807232491381456e+16,0.005510081366452377,5.265104632704627e-07,2.3453956815340936e-06,2.3453956815340936e-06,0.013536564486545598,0.013536564486545598,1.0407404117284162e+21,1.927164076410608e-05,8.163957681071563e-19,1.7578350904993307e-22,1.7578350904993307e-21,2.2525702314749626e-18,1.6472964643566316e+19,35000000000000.0,35000000000000.0,0.0,0.006118331158296305,0.0008615198046332123,1.4782168065707525e-05,4.8402966930064966e-06,1.4782168065707525e-05,4.8402966930064966e-06,5.347523174943734e-29,7.134060809869628e+18,2.3804855188150874e+19,18.644998023028624,6.759606024946278e-21,-462786.83252850315,3.0181191221575743e+21,0.0,0.0,0.0,0.0,0.0,0.3333333333333333,0.3333333333333333,2.0,1.085968502764781e-22,9.173994716924637e-21,0.0,8.162871712568798e-19,,0.0,0.0,0.0,0.0,0.0,1.085968502764781e-22,8.162871712568798e-19,0.011237190435461078,17.0,1.3878728057821657e-17,2.2525702314749626e-24,1.7353093881845811e-22,,,2.2525702314749626e-24,1.7353093881845811e-22,10.0,,9.536544540177922e-08,3.4095948968030423,33353842894528.727,8.473450833901236e-06,0.0008530463537993111,8.473450833901236e-06,0.0008530463537993111,0.006118331158296305,0.0008615198046332123,False,False,1.0,1.417866898669745,9.01941359534576e-09,0.2032205325263703,0.6993655614123604,1.0,1.5039916440465622,2.5965639581983687e-07,0.23325790107836172,0.6564588419247808,0.17998165713749886,0.23246226912596163,0.005830217255447441,0.012561960349241223,True,AP3.8,119.0,8.3,6.863735268152632e+19,$(U_{0.8}Pu_{0.2})N$
K3_G3_Kd4p1e5_AP3p8,rizk2025_refit_plot,rizk2025_refit_full,1325.0,1.1,35000000000000.0,1.4588700889017089e+23,5.939312024412891e+25,2.5929853887440053e+25,3.251408439676737e+23,1.3598253977380956e+19,1.6249565191069937,61.49585998203056,0.5843665813356207,1.3246751682839504,1.909041749619571,0.39631782900215784,2.305359578621729,6041765436925.986,1.5104413592314967e+18,128.42229469741497,0.22999890850633362,25255977.346583024,17286718.051804807,1.4610047593126674,1366253543.2934744,1366190401.9561193,42955957.3152839,36099991.13190216,1.0000462170845767,1.1899160074120632,0.16144061884671576,65.72526341031586,28.694341532114862,5.418954438722554,5.418954438722554,0.0,4.896878245542173e+24,4.896878245542173e+24,0.0,9.036573938600132e+25,9.03657393860013e+25,1.0339173735462959,9.795801166225176e+16,0.005505055147961071,5.244556292913297e-07,2.413691040864976e-06,2.413691040864976e-06,0.014282834204098272,0.014282834204098272,1.0899920793338809e+21,2.0327807702074322e-05,8.165398359707159e-19,2.240387558362496e-22,2.240387558362496e-21,5.78187606487805e-18,1.6472964643566316e+19,35000000000000.0,35000000000000.0,0.0,0.006117801825829558,0.000861135284583508,1.4777058270649024e-05,4.829762125575874e-06,1.4777058270649024e-05,4.829762125575874e-06,5.508496530519367e-29,7.282473998071642e+18,2.4493432618334753e+19,31.32546698510883,9.657845999819829e-21,-540030.0175388386,3.0169696706257654e+21,0.0,0.0,0.0,0.0,0.0,0.3333333333333333,0.3333333333333333,2.0,2.5266471383605937e-22,7.079080234963573e-21,0.0,8.162871712568798e-19,,0.0,0.0,0.0,0.0,0.0,2.5266471383605937e-22,8.162871712568798e-19,0.008669607927392601,17.0,1.388117721150217e-17,5.78187606487805e-24,2.1825687977137156e-22,,,5.78187606487805e-24,2.1825687977137156e-22,10.0,,9.536544540177922e-08,3.4095948968030423,33327609353593.59,8.609453631286167e-06,0.0008525258309522218,8.609453631286167e-06,0.0008525258309522218,0.006117801825829558,0.000861135284583508,False,False,1.0,1.418217017419012,9.023436346165715e-09,0.20334836783665597,0.6991817325555917,1.0,1.516522293344701,2.5990109763781194e-07,0.23740681777507702,0.6505801345279609,0.1801199387198635,0.23661183579271206,0.005843665813356207,0.013246751682839505,True,AP3.8,119.0,8.3,6.863735268152632e+19,$(U_{0.8}Pu_{0.2})N$
K3_G3_Kd4p1e5_AP3p8,rizk2025_refit_plot,rizk2025_refit_full,1350.0,1.1,35000000000000.0,1.4576570066616528e+23,5.936797231697268e+25,2.5957410975223336e+25,3.2467998757395336e+23,1.3558799000703742e+19,1.626979077430789,62.625332293163694,0.5857199735863735,1.3949542416785554,1.980674215264929,0.5046020811343923,2.4852762963993213,5580219792189.575,1.3950549480473938e+18,142.92660787499344,0.2631228359555874,19703992.372589275,15532447.267912898,1.268569725859878,1364552146.0969563,1364492039.75362,41199633.658167586,35448913.70168969,1.000044050343707,1.1622255622519622,0.16130637745741286,65.69743435991788,28.724836593595594,5.416422669029104,5.416422669029104,0.0,4.894590393139137e+24,4.894590393139137e+24,0.0,9.036573938600132e+25,9.036573938600132e+25,1.0357630281120274,9.783317532608558e+16,0.005499550987684575,5.223787264664394e-07,2.468644078589754e-06,2.468644078589754e-06,0.015050271795570716,0.015050271795570716,1.1378497087686444e+21,2.1447964444935725e-05,8.168569279875949e-19,2.862168056389775e-22,2.8621680563897752e-21,1.4331663655150738e-17,1.6472964643566316e+19,35000000000000.0,35000000000000.0,0.0,0.006118236461506538,0.0008609422572798933,1.4771818548724366e-05,4.819652024285349e-06,1.4771818548724366e-05,4.819652024285349e-06,5.639100426249631e-29,7.431397787674164e+18,2.5034644404854514e+19,49.15106228597636,1.3317969383671245e-20,-614587.6156742661,3.015937051756415e+21,0.0,0.0,0.0,0.0,0.0,0.3333333333333333,0.3333333333333333,2.0,5.697567307150379e-22,5.248217173930294e-21,0.0,8.162871712568798e-19,,0.0,0.0,0.0,0.0,0.0,5.697567307150379e-22,8.162871712568798e-19,0.006424891549686404,17.0,1.3886567775789114e-17,1.433166365515074e-23,2.7188514198382675e-22,,,1.433166365515074e-23,2.7188514198382675e-22,10.0,,9.536544540177922e-08,3.4095948968030423,33301831582495.05,8.745015416792573e-06,0.0008521972418631007,8.745015416792573e-06,0.0008521972418631007,0.006118236461506538,0.0008609422572798933,False,False,1.0,1.4185673797030982,9.027704841429487e-09,0.20347624260679054,0.6989978569289343,1.0,1.5291003678140558,2.6015293278442885e-07,0.24151870998815264,0.6447659836449946,0.1802588840247574,0.24072433035617877,0.005857199735863735,0.013949542416785555,True,AP3.8,119.0,8.3,6.863735268152632e+19,$(U_{0.8}Pu_{0.2})N$
K3_G3_Kd4p1e5_AP3p8,rizk2025_refit_plot,rizk2025_refit_full,1375.0,1.1,35000000000000.0,1.4559541743011879e+23,5.934082690761062e+25,2.5986711247419846e+25,3.2415207974367045e+23,1.351747822306123e+19,1.6291033363571314,63.77394384144193,0.5870611229496666,1.4686358080446953,2.0556969309943622,0.607167692240081,2.662864623234443,5211015272883.758,1.3027538182209395e+18,155.52824759565289,0.2909524150274379,16422215.523741173,14273934.377320476,1.1505037847052213,1362770310.0137293,1362712819.043256,39537586.38629507,34810454.96448328,1.0000421886179318,1.1357963125341173,0.1611179396299757,65.66739486757653,28.757260687500644,5.414226505292851,5.414226505292851,0.0,4.892605813540745e+24,4.892605813540745e+24,0.0,9.036573938600132e+25,9.036573938600132e+25,1.0377031846020948,9.768572687468939e+16,0.005493085628246828,5.201994734058457e-07,2.5056127987566937e-06,2.5056127987566937e-06,0.015856557998968387,0.015856557998968387,1.1841835569715195e+21,2.267075868103676e-05,8.175345338120949e-19,3.700180177718187e-22,3.7001801777181866e-21,3.437073971002977e-17,1.6472964643566316e+19,35000000000000.0,35000000000000.0,0.0,0.00612042209641405,0.0008611264686106789,1.4766318929859104e-05,4.809729013113467e-06,1.4766318929859104e-05,4.809729013113467e-06,5.728750179233215e-29,7.581043955899271e+18,2.5378791991314137e+19,70.81880159018655,1.740278633574357e-20,-681721.4149950146,3.0151381482913e+21,0.0,0.0,0.0,0.0,0.0,0.3333333333333333,0.3333333333333333,2.0,1.2473625552150166e-21,3.756347896372655e-21,0.0,8.162871712568798e-19,,0.0,0.0,0.0,0.0,0.0,1.2473625552150166e-21,8.162871712568798e-19,0.00459472687821164,17.0,1.3898087074805612e-17,3.437073971002977e-23,3.3564727806178893e-22,,,3.437073971002977e-23,3.3564727806178893e-22,10.0,,9.536544540177922e-08,3.4095948968030423,33275951947928.008,8.88511697167298e-06,0.000852241351639006,8.88511697167298e-06,0.000852241351639006,0.00612042209641405,0.0008611264686106789,False,False,1.0,1.41890942503776,9.032604265581753e-09,0.20360103417211947,0.6988184243743908,1.0,1.5420059864398528,2.604177334413271e-07,0.24568401304247084,0.6388888018642582,0.18039636143967358,0.24489018029933046,0.005870611229496666,0.014686358080446953,True,AP3.8,119.0,8.3,6.863735268152632e+19,$(U_{0.8}Pu_{0.2})N$
K3_G3_Kd4p1e5_AP3p8,rizk2025_refit_plot,rizk2025_refit_full,1400.0,1.1,35000000000000.0,1.4532588405259946e+23,5.9307870223928175e+25,2.602136112755309e+25,3.234802993900146e+23,1.3473136665074051e+19,1.6314293721495299,64.97082658029422,0.5883574768578093,1.547791653893294,2.1361491307511034,0.6933739389326449,2.829523069683748,4939538971847.39,1.2348847429618473e+18,165.49093456106434,0.31225966996229393,14504793.08629027,13414632.08174007,1.081266560119388,1360825061.574142,1360769910.0543866,37913862.786101185,34169182.02905134,1.0000405296438053,1.109592344173356,0.16081967019805307,65.63092453722085,28.79560473289736,5.41265105968375,5.41265105968375,0.0,4.891182150467456e+24,4.891182150467456e+24,0.0,9.036573938600132e+25,9.036573938600132e+25,1.0397933947711764,9.749204452647904e+16,0.005484702148894732,5.178024554241884e-07,2.5147638511225e-06,2.5147638511225e-06,0.016724663065117547,0.016724663065117547,1.2279290829480838e+21,2.4056534134915285e-05,8.189426464829586e-19,4.907545740295142e-22,4.907545740295141e-21,7.989389038480301e-17,1.6472964643566316e+19,35000000000000.0,35000000000000.0,0.0,0.0061259925770573796,0.0008620640219998209,1.47603011166725e-05,4.79975334853077e-06,1.47603011166725e-05,4.79975334853077e-06,5.75495215110022e-29,7.731807734090642e+18,2.5421196711447605e+19,93.28187687828958,2.137394326606709e-20,-737330.8493066959,3.01480454107027e+21,0.0,0.0,0.0,0.0,0.0,0.3333333333333333,0.3333333333333333,2.0,2.6554752260788454e-21,2.6068146230906868e-21,0.0,8.162871712568798e-19,,0.0,0.0,0.0,0.0,0.0,2.6554752260788454e-21,8.162871712568798e-19,0.00318314674939197,17.0,1.3922024990210297e-17,7.989389038480301e-23,4.108606836447112e-22,,,7.989389038480301e-23,4.108606836447112e-22,10.0,,9.536544540177922e-08,3.4095948968030423,33249352771711.016,9.037192653846623e-06,0.0008530268293459743,9.037192653846623e-06,0.0008530268293459743,0.0061259925770573796,0.0008620640219998209,False,False,1.0,1.4192289664188351,9.038854274063911e-09,0.20371757286670955,0.6986508668654194,1.0,1.5555759308211867,2.607031056279807e-07,0.25000644679673983,0.6328034342076702,0.180529048136412,0.249213080504037,0.005883574768578093,0.015477916538932941,True,AP3.8,119.0,8.3,6.863735268152632e+19,$(U_{0.8}Pu_{0.2})N$
K3_G3_Kd4p1e5_AP3p8,rizk2025_refit_plot,rizk2025_refit_full,1425.0,1.1,35000000000000.0,1.4486160651631786e+23,5.926302715505405e+25,2.606699976334517e+25,3.225246632911769e+23,1.342486224612621e+19,1.6341497648736198,66.23545649939427,0.5895587741840975,1.6340677126320498,2.2236264868161473,0.7601904606507435,2.9838169474668907,4748953915386.746,1.1872384788466865e+18,172.89747968169536,0.32768483531439274,13390115.947676422,12839978.95219193,1.0428456306301481,1358557635.064078,1358504616.724458,36307913.11167355,33516791.720463224,1.0000390269852362,1.0832753150865047,0.16030589413708554,65.58130056559308,28.846109090082038,5.412284450187795,5.412284450187795,0.0,4.890850861085777e+24,4.890850861085777e+24,0.0,9.036573938600132e+25,9.036573938600132e+25,1.0420786427442577,9.720725060963586e+16,0.00547257098872853,5.15043525551906e-07,2.4783522126300957e-06,2.4783522126300957e-06,0.017673064668108487,0.017673064668108487,1.265661100817429e+21,2.5682504655570343e-05,8.217924306433319e-19,6.792207006788487e-22,6.792207006788486e-21,1.8029544796246132e-16,1.6472964643566316e+19,35000000000000.0,35000000000000.0,0.0,0.00613819965721377,0.0008644939290613681,1.475326860780517e-05,4.78959545758978e-06,1.475326860780517e-05,4.78959545758978e-06,5.676937235591853e-29,7.884419208580062e+18,2.497491996159892e+19,113.66918459146308,2.4811538228965193e-20,-779907.1751756913,3.0153801031607963e+21,0.0,0.0,0.0,0.0,0.0,0.3333333333333333,0.3333333333333333,2.0,5.505259386452124e-21,1.7608088449539913e-21,0.0,8.162871712568798e-19,,0.0,0.0,0.0,0.0,0.0,5.505259386452124e-21,8.162871712568798e-19,0.0021426442728068934,17.0,1.3970471320936644e-17,1.8029544796246133e-22,4.989252527163874e-22,,,1.8029544796246133e-22,4.989252527163874e-22,10.0,,9.536544540177922e-08,3.4095948968030423,33221666028831.355,9.21149566542561e-06,0.0008552824333959425,9.21149566542561e-06,0.0008552824333959425,0.00613819965721377,0.0008644939290613681,False,False,1.0,1.419502694206211,9.047774905684033e-09,0.2038173704024633,0.6985073861294552,1.0,1.5700482462383063,2.6101523111823617e-07,0.254553141921038,0.6264174655323711,0.18065183155682665,0.2537601075094539,0.005895587741840976,0.016340677126320497,True,AP3.8,119.0,8.3,6.863735268152632e+19,$(U_{0.8}Pu_{0.2})N$
K3_G3_Kd4p1e5_AP3p8,rizk2025_refit_plot,rizk2025_refit_full,1450.0,1.1,35000000000000.0,1.4402762630210684e+23,5.919640566754589e+25,2.6132658335084774e+25,3.210346513098511e+23,1.337300021941089e+19,1.637623627274091,67.55336733657045,0.5905855370064309,1.7268653192740444,2.317450856280475,0.8113871736327577,3.128838029913233,4613003738617.092,1.153250934654273e+18,178.41387247508138,0.33893944112236357,12723819.97430625,12442978.615970919,1.0225702676989947,1355673950.8864508,1355622844.6064281,34767548.29241828,32862906.580797326,1.000037699482733,1.057957189725083,0.15938299988548355,65.50757628915731,28.918767790365717,5.414272920591511,5.414272920591511,0.0,4.892647757068567e+24,4.892647757068567e+24,0.0,9.036573938600132e+25,9.036573938600133e+25,1.044544864277378,9.674896002617963e+16,0.0054533146450757635,5.117643050221443e-07,2.373708739532198e-06,2.373708739532198e-06,0.01869564568408652,0.01869564568408652,1.290094430987376e+21,2.7617120230189584e-05,8.274171632376133e-19,9.969293275342691e-22,9.96929327534269e-21,3.956100289530877e-16,1.6472964643566316e+19,35000000000000.0,35000000000000.0,0.0,0.006163242482857229,0.0008698226214846448,1.474429704027534e-05,4.779404775682143e-06,1.474429704027534e-05,4.779404775682143e-06,5.442308965002871e-29,8.040254721250562e+18,2.3805033444305015e+19,131.15888034869602,2.766018568231095e-20,-811975.5031236028,3.0176896806956135e+21,0.0,0.0,0.0,0.0,0.0,0.3333333333333333,0.3333333333333333,2.0,1.1129991980733449e-20,1.1616069964338774e-21,0.0,8.162871712568798e-19,,0.0,0.0,0.0,0.0,0.0,1.1129991980733449e-20,8.162871712568798e-19,0.001403895215188198,17.0,1.4066091775039427e-17,3.9561002895308766e-22,6.013192985811814e-22,,,3.9561002895308766e-22,6.013192985811814e-22,10.0,,9.536544540177922e-08,3.4095948968030423,33193281084656.656,9.421998289906898e-06,0.0008604006231947379,9.421998289906898e-06,0.0008604006231947379,0.006163242482857229,0.0008698226214846448,False,False,1.0,1.4196917668846307,9.061754044125311e-09,0.20388628621407143,0.6984083081656174,1.0,1.585275883904643,2.613522458592167e-07,0.2592684754496258,0.6198113187404091,0.1807566438428963,0.25847556255406523,0.005905855370064309,0.017268653192740444,True,AP3.8,119.0,8.3,6.863735268152632e+19,$(U_{0.8}Pu_{0.2})N$
K3_G3_Kd4p1e5_AP3p8,rizk2025_refit_plot,rizk2025_refit_full,1475.0,1.1,35000000000000.0,1.425178224664816e+23,5.9090739016375144e+25,2.6234012703850755e+25,3.1856950244293975e+23,1.3319784274066823e+19,1.6424988115802388,68.86573561358999,0.5913001627358829,1.822197192393743,2.4134973551296257,0.8533020156400586,3.2667993707696845,4507535515171.865,1.1268838787929663e+18,182.83880771072427,0.34782194674778877,12290198.885913763,12141842.466574932,1.012218608481146,1351648632.1368797,1351599151.4564025,33406813.374680713,32236641.05552522,1.0000366089904864,1.0362994493483348,0.15771222969549367,65.39064408466399,29.03092796241172,5.420715723228814,5.420715723228814,0.0,4.898469843308947e+24,4.898469843308947e+24,0.0,9.036573938600132e+25,9.036573938600132e+25,1.047087362316588,9.597246212657618e+16,0.005420941997672309,5.077578284745255e-07,2.195140560191397e-06,2.195140560191397e-06,0.019748832912574878,0.019748832912574878,1.2918055004616828e+21,2.9873020950428553e-05,8.382581106675789e-19,1.5648365395596799e-21,1.5648365395596798e-20,8.452417180343286e-16,1.6472964643566316e+19,35000000000000.0,35000000000000.0,0.0,0.006212387881953747,0.0008806358765237085,1.4731723047104235e-05,4.7696355944716095e-06,1.4731723047104235e-05,4.7696355944716095e-06,5.0372569345870874e-29,8.202008377743064e+18,2.186016942711508e+19,146.9218003170041,3.0169505074976815e-20,-838825.676743429,3.023217724306202e+21,0.0,0.0,0.0,0.0,0.0,0.3333333333333333,0.3333333333333333,2.0,2.1970939410699096e-20,7.507216258567738e-22,0.0,8.162871712568798e-19,,0.0,0.0,0.0,0.0,0.0,2.1970939410699096e-20,8.162871712568798e-19,0.0008955733518151203,17.0,1.4250387881348842e-17,8.452417180343286e-22,7.195948215253512e-22,,,8.452417180343286e-22,7.195948215253512e-22,10.0,,9.536544540177922e-08,3.4095948968030423,33165502282400.227,9.691638061958787e-06,0.0008709442384617497,9.691638061958787e-06,0.0008709442384617497,0.006212387881953747,0.0008806358765237085,False,False,1.0,1.4197282240949898,9.085072254507088e-09,0.2038995729875352,0.6983892065485536,1.0,1.6005855597535614,2.6169989807753043e-07,0.263940038042467,0.6132835476970961,0.18082952139361588,0.2631470209024734,0.005913001627358829,0.01822197192393743,True,AP3.8,119.0,8.3,6.863735268152632e+19,$(U_{0.8}Pu_{0.2})N$
K3_G3_Kd4p1e5_AP3p8,rizk2025_refit_plot,rizk2025_refit_full,1500.0,1.1,35000000000000.0,1.3983018155093803e+23,5.891426474456616e+25,2.6400076447589172e+25,3.143797354150697e+23,1.3267468365224143e+19,1.6498983063926866,70.11999225834182,0.5914454343654861,1.916029752016417,2.507475186381903,0.8919017786800619,3.3993769650619647,4414672027400.2295,1.1036680068500572e+18,186.84724739575907,0.35575655941915624,11964577.91240446,11881363.15060528,1.0070038059391309,1345585652.1260023,1345537474.278506,32320240.08657802,31660014.904463965,1.0000358056526981,1.020853596693063,0.15473804840310898,65.19535516985174,29.214696440229474,5.435210341515671,5.435210341515671,0.0,4.911568012295043e+24,4.911568012295043e+24,0.0,9.036573938600132e+25,9.036573938600132e+25,1.0495986423613273,9.463840441795326e+16,0.005365374538023975,5.025814201104072e-07,1.9923705762364465e-06,1.9923705762364465e-06,0.020788671674771622,0.020788671674771622,1.2683435216173597e+21,3.237165364028811e-05,8.586863335070055e-19,2.616148172893133e-21,2.616148172893133e-20,1.7607759639859707e-15,1.6472964643566316e+19,35000000000000.0,35000000000000.0,0.0,0.006305158112397617,0.0009015357858050752,1.4712675688534572e-05,4.7606333515329685e-06,1.4712675688534572e-05,4.7606333515329685e-06,4.575315574169399e-29,8.374891817108164e+18,1.9668758293139812e+19,163.0106510070093,3.269727391083912e-20,-865843.0087794994,3.0345343330251e+21,0.0,0.0,0.0,0.0,0.0,0.3333333333333333,0.3333333333333333,2.0,4.239916225012569e-20,4.766040325715508e-22,0.0,8.162871712568798e-19,,0.0,0.0,0.0,0.0,0.0,4.239916225012569e-20,8.162871712568798e-19,0.0005550385676048057,17.0,1.4597667669619094e-17,1.7607759639859707e-21,8.553722089071623e-22,,,1.7607759639859707e-21,8.553722089071623e-22,10.0,,9.536544540177922e-08,3.4095948968030423,33139418638070.586,1.0068431941100181e-05,0.000891467353863975,1.0068431941100181e-05,0.000891467353863975,0.006305158112397617,0.0009015357858050752,False,False,1.0,1.4194891709426365,9.125260199408138e-09,0.2038124407066238,0.698514473500053,1.0,1.6153514839344665,2.620434891151996e-07,0.26838162615006295,0.6070931502242829,0.1808443290158122,0.26758848219230796,0.005914454343654861,0.01916029752016417,True,AP3.8,119.0,8.3,6.863735268152632e+19,$(U_{0.8}Pu_{0.2})N$
K3_G3_Kd4p1e5_AP3p8,rizk2025_refit_plot,rizk2025_refit_full,1525.0,1.1,35000000000000.0,1.352199165492003e+23,5.861113636970218e+25,2.6682245980130325e+25,3.072881160498807e+23,1.3214120802031335e+19,1.6616638473112093,71.36582189982126,0.5905598088899884,2.0118597287186866,2.602419537608675,0.9323490404886038,3.534768578097279,4321430705759.908,1.080357676439977e+18,190.98422679286296,0.36383428227226805,11674849.02399936,11623996.584847609,1.004374780978346,1336057438.7018235,1336010290.885399,31471869.111162968,31107327.582050312,1.0000352900099243,1.0117188314602443,0.14963626421690898,64.85990904068419,29.526949219278684,5.46350547582023,5.46350547582023,0.0,4.93713711961962e+24,4.93713711961962e+24,0.0,9.036573938600132e+25,9.036573938600132e+25,1.052172162199145,9.238412250963326e+16,0.0052709730513965285,4.952665306121618e-07,1.857110990242876e-06,1.857110990242876e-06,0.021855966036524104,0.021855966036524104,1.2328326931778673e+21,3.497392932592148e-05,8.963636533373067e-19,4.591111971906214e-21,4.5911119719062144e-20,3.580777516173852e-15,1.6472964643566316e+19,35000000000000.0,35000000000000.0,0.0,0.006474019407022583,0.0009405218207269502,1.4682482548262205e-05,4.751998948107346e-06,1.4682482548262205e-05,4.751998948107346e-06,4.267255076496158e-29,8.567967255619448e+18,1.8184790187193373e+19,181.5983653278077,3.557880736318246e-20,-896300.0590504288,3.055854457859611e+21,0.0,0.0,0.0,0.0,0.0,0.3333333333333333,0.3333333333333333,2.0,8.007648208042697e-20,2.979589468780153e-22,0.0,8.162871712568798e-19,,0.0,0.0,0.0,0.0,0.0,8.007648208042697e-20,8.162871712568798e-19,0.00033240855513124167,17.0,1.5238182106734214e-17,3.5807775161738524e-21,1.0103344557323614e-21,,,3.5807775161738524e-21,1.0103344557323614e-21,10.0,,9.536544540177922e-08,3.4095948968030423,33113969605547.125,1.0653416426563049e-05,0.0009298684043003872,1.0653416426563049e-05,0.0009298684043003872,0.006474019407022583,0.0009405218207269502,False,False,1.0,1.4187628185107013,9.194935557430233e-09,0.20354755212403905,0.6988953228024011,1.0,1.630145510797341,2.6239569755001627e-07,0.2727701421395176,0.600992320305709,0.18075401899279853,0.27197724221714,0.005905598088899884,0.020118597287186867,True,AP3.8,119.0,8.3,6.863735268152632e+19,$(U_{0.8}Pu_{0.2})N$
K3_G3_Kd4p1e5_AP3p8,rizk2025_refit_plot,rizk2025_refit_full,1550.0,1.1,35000000000000.0,1.2775798140532132e+23,5.80944564706189e+25,2.7160728002748156e+25,2.9569547929769794e+23,1.3152184963649464e+19,1.6805839420234159,72.77435059734745,0.5879141633759475,2.123349739679642,2.71126390305559,0.9797822751366955,3.691046178192285,4217003217314.6763,1.054250804328669e+18,195.75929452312266,0.373017990267566,11374963.601576056,11340457.705510268,1.003042725166994,1321015695.991013,1320969422.8823404,30713143.837547768,30505253.317656085,1.0000350296591813,1.006814908820028,0.14137878168583046,64.2881437869565,30.056444164895154,5.514033266462541,5.514033266462541,0.0,4.982796931228955e+24,4.982796931228955e+24,0.0,9.036573938600132e+25,9.036573938600133e+25,1.0551773599784207,8.873390028770346e+16,0.005116446489597641,4.842608272482558e-07,1.831317212863513e-06,1.831317212863513e-06,0.023107090422809215,0.023107090422809215,1.2032360478698803e+21,3.757964033885161e-05,9.64451857158908e-19,8.303373578131135e-21,8.303373578131135e-20,7.11715258415843e-15,1.6472964643566316e+19,35000000000000.0,35000000000000.0,0.0,0.006770719442383087,0.0010112826809206496,1.4634169960540156e-05,4.742586703626127e-06,1.4634169960540156e-05,4.742586703626127e-06,4.210166867320622e-29,8.794878728663364e+18,1.78255679933975e+19,204.88022954190814,3.909949950890395e-20,-930386.3014629434,3.093572806622394e+21,0.0,0.0,0.0,0.0,0.0,0.3333333333333333,0.3333333333333333,2.0,1.4816468590202815e-19,1.8383335745449222e-22,0.0,8.162871712568798e-19,,0.0,0.0,0.0,0.0,0.0,1.4816468590202815e-19,8.162871712568798e-19,0.00019060915906785685,17.0,1.6395681571701434e-17,7.11715258415843e-21,1.1862209939727049e-21,,,7.11715258415843e-21,1.1862209939727049e-21,10.0,,9.536544540177922e-08,3.4095948968030423,33085756490885.492,1.1633463970561175e-05,0.0009996492169500883,1.1633463970561175e-05,0.0009996492169500883,0.006770719442383087,0.0010112826809206496,False,False,1.0,1.4172249192600952,9.313577714178575e-09,0.20298600462025848,0.6997028415258478,1.0,1.6470224829209446,2.628069502545034e-07,0.2777032316597907,0.5941532620564322,0.18048369528379318,0.2769111932633116,0.005879141633759475,0.021233497396796423,True,AP3.8,119.0,8.3,6.863735268152632e+19,$(U_{0.8}Pu_{0.2})N$
K3_G3_Kd4p1e5_AP3p8,rizk2025_refit_plot,rizk2025_refit_full,1575.0,1.1,35000000000000.0,1.166382471614639e+23,5.7246382731573064e+25,2.794433449796388e+25,2.7790616526632527e+23,1.3070868242557831e+19,1.7104215886336014,74.56768206450299,0.5825004957846913,2.2700999335471517,2.852600429331843,1.0401278626890493,3.8927282920208923,4091204262264.868,1.0228010655662171e+18,201.72467830807497,0.38428221855195627,11031209.90890218,11005098.72475595,1.0023726442442076,1297971074.2213774,1297925619.4804485,29895886.805250846,29771610.683561847,1.0000350210676534,1.0041743163650068,0.1290735271508579,63.349653442265954,30.923594149546435,5.597678881036748,5.597678881036748,0.0,5.058383909302902e+24,5.058383909302902e+24,0.0,9.036573938600132e+25,9.036573938600132e+25,1.0591516096061302,8.321448273380914e+16,0.0048787211906006255,4.677711379437003e-07,1.8997519956849731e-06,1.8997519956849731e-06,0.024768504086509904,0.024768504086509904,1.1858037400066337e+21,4.0217333541219856e-05,1.0851313414053207e-18,1.5225725191742552e-20,1.5225725191742552e-19,1.384090397445483e-14,1.6472964643566316e+19,35000000000000.0,35000000000000.0,0.0,0.007272547806668962,0.0011368693183422193,1.4558586934613176e-05,4.731108009356984e-06,1.4558586934613176e-05,4.731108009356984e-06,4.3697123521953553e-29,9.073931883398197e+18,1.840049556058062e+19,235.67617565363028,4.357865000474999e-20,-966443.7433235528,3.156376473796627e+21,0.0,0.0,0.0,0.0,0.0,0.3333333333333333,0.3333333333333333,2.0,2.6884417014844093e-19,1.1215308686518689e-22,0.0,8.162871712568798e-19,,0.0,0.0,0.0,0.0,0.0,2.6884417014844093e-19,8.162871712568798e-19,0.00010335438908246888,17.0,1.844723280389045e-17,1.384090397445483e-20,1.3848212172877198e-21,,,1.384090397445483e-20,1.3848212172877198e-21,10.0,,9.536544540177922e-08,3.4095948968030423,33050709912406.145,1.332784822025074e-05,0.0011235414701219685,1.332784822025074e-05,0.0011235414701219685,0.007272547806668962,0.0011368693183422193,False,False,1.0,1.4144442695902621,9.50823798178326e-09,0.20196825312645314,0.7011668815165448,1.0,1.6687398700106373,2.633507960437856e-07,0.2839394568670444,0.5855366435104156,0.1799280057541924,0.28314897380889653,0.005825004957846913,0.022700999335471518,True,AP3.8,119.0,8.3,6.863735268152632e+19,$(U_{0.8}Pu_{0.2})N$
K3_G3_Kd4p1e5_AP3p8,rizk2025_refit_plot,rizk2025_refit_full,1600.0,1.1,35000000000000.0,1.017723471921609e+23,5.593048016479316e+25,2.9159317727876217e+25,2.5291469518706258e+23,1.2957618059237005e+19,1.7554576695343151,76.97116332521148,0.5731044199324844,2.4751295497158443,3.0482339696483285,1.120291259791138,4.168525229439466,3935129769710.6143,9.837824424276536e+17,209.47770417886204,0.3985802110800405,10619551.618145991,10597786.569707954,1.0020537353054693,1264672196.9679513,1264627474.9472702,28920560.992498834,28841970.214484878,1.0000353637901809,1.0027248755001656,0.11262271285961127,61.89345712746686,32.268111704725705,5.725808454947815,5.725808454947815,0.0,5.174169146139771e+24,5.174169146139771e+24,0.0,9.036573938600132e+25,9.036573938600132e+25,1.0647401751499814,7.561387728587144e+16,0.004542936754039756,4.4439658698072475e-07,2.061033040030829e-06,2.061033040030829e-06,0.02711217486477545,0.02711217486477545,1.1777632611703778e+21,4.304688506167802e-05,1.2951051174088508e-18,2.797102768283436e-20,2.7971027682834356e-19,2.6363059898109156e-14,1.6472964643566316e+19,35000000000000.0,35000000000000.0,0.0,0.008084365277533508,0.0013553815711092653,1.4445924490348987e-05,4.716546700559945e-06,1.4445924490348987e-05,4.716546700559945e-06,4.743361005838177e-29,9.426317309522391e+18,1.984668683882443e+19,278.51280078339477,4.951548264622763e-20,-1003412.3148195443,3.2542975276502315e+21,0.0,0.0,0.0,0.0,0.0,0.3333333333333333,0.3333333333333333,2.0,4.788179461519709e-19,6.777638626958759e-23,0.0,8.162871712568798e-19,,0.0,0.0,0.0,0.0,0.0,4.788179461519709e-19,8.162871712568798e-19,5.23327298753861e-05,17.0,2.2016786995950463e-17,2.6363059898109155e-20,1.6079677847252025e-21,,,2.6363059898109155e-20,1.6079677847252025e-21,10.0,,9.536544540177922e-08,3.4095948968030423,33005312232102.285,1.627582882157744e-05,0.0013391057422876879,1.627582882157744e-05,0.0013391057422876879,0.008084365277533508,0.0013553815711092653,False,False,1.0,1.4099369049207822,9.811682042375948e-09,0.200311824181416,0.703551002364217,1.0,1.698242513718259,2.64115753823058e-07,0.29221698294971943,0.5741508414536072,0.17895530858225145,0.2914289187708158,0.005731044199324844,0.024751295497158442,True,AP3.8,119.0,8.3,6.863735268152632e+19,$(U_{0.8}Pu_{0.2})N$
K3_G3_Kd4p1e5_AP3p8,rizk2025_refit_plot,rizk2025_refit_full,1625.0,1.1,35000000000000.0,8.429868340446614e+22,5.4021746402266615e+25,3.092244855656364e+25,2.2138141960917352e+23,1.279886921572465e+19,1.8194260893557663,80.18264015105191,0.5585126718403439,2.7637659802518906,3.3222786520922343,1.22740120801282,4.549679860105055,3743895799742.382,9.359739499355954e+17,219.5675252647979,0.41662087813674265,10130331.361518472,10110784.813567879,1.0019332374599017,1220209302.2490013,1220164981.1375804,27740215.2516895,27686791.0038614,1.0000363238677605,1.0019295933508743,0.09328611039675172,59.78122546146643,34.219217113332085,5.906271314804746,5.906271314804746,0.0,5.33724574376661e+24,5.33724574376661e+24,0.0,9.036573938600132e+25,9.036573938600133e+25,1.0726796674457488,6.625716174084198e+16,0.004115284880288645,4.1392458857929135e-07,2.3529081357488774e-06,2.3529081357488774e-06,0.03044963021904478,0.03044963021904478,1.1758101609058312e+21,4.6286841804816606e-05,1.6540619828555305e-18,5.108607268560299e-20,5.1086072685603e-19,4.922854290289942e-14,1.6472964643566316e+19,35000000000000.0,35000000000000.0,0.0,0.009331683693330624,0.0017286511832386453,1.4288863341447828e-05,4.698427396253504e-06,1.4288863341447828e-05,4.698427396253504e-06,5.418940625360118e-29,9.870675019607765e+18,2.2469800530416833e+19,340.53049970994414,5.76658372134335e-20,-1041576.7173719044,3.396361212777403e+21,0.0,0.0,0.0,0.0,0.0,0.3333333333333333,0.3333333333333333,2.0,8.377748115986507e-19,4.063572253318729e-23,0.0,8.162871712568798e-19,,0.0,0.0,0.0,0.0,0.0,8.377748115986507e-19,8.162871712568798e-19,2.456723082591791e-05,17.0,2.811905370854402e-17,4.922854290289942e-20,1.857529782703572e-21,,,4.922854290289942e-20,1.857529782703572e-21,10.0,,9.536544540177922e-08,3.4095948968030423,32947544057020.684,2.1386585983633942e-05,0.0017072645972550113,2.1386585983633942e-05,0.0017072645972550113,0.009331683693330624,0.0017286511832386453,False,False,1.0,1.40327828027445,1.0257087414627225e-08,0.19784955983843347,0.7070980161782823,1.0,1.7383510335600707,2.65203151443842e-07,0.30312781469945593,0.5592349506864571,0.17742344612193703,0.30234335099989623,0.005585126718403439,0.027637659802518907,True,AP3.8,119.0,8.3,6.863735268152632e+19,$(U_{0.8}Pu_{0.2})N$
K3_G3_Kd4p1e5_AP3p8,rizk2025_refit_plot,rizk2025_refit_full,1650.0,1.1,35000000000000.0,6.634452415380483e+22,5.144442769949451e+25,3.330723241474863e+25,1.859256057070851e+23,1.2581561457127686e+19,1.9042820578877866,84.33562352242753,0.5378010438672307,3.1612317354507415,3.6990327793179727,1.3673457051335127,5.066378484451485,3519503400453.2324,8.79875850113308e+17,232.35186161054042,0.4385860004702366,9572965.404286522,9554474.772063939,1.0019352850537266,1165838414.9263833,1165793686.2895224,26363121.901022036,26323395.823469922,1.0000383675408324,1.001509154738945,0.07341778488682664,56.92912828361568,36.85825252032221,6.139201411175265,6.139201411175265,0.0,5.547734747604355e+24,5.547734747604355e+24,0.0,9.036573938600132e+25,9.03657393860013e+25,1.083752586548407,5.601129157906255e+16,0.003627601564805158,3.7776438240444307e-07,2.862739728137566e-06,2.862739728137566e-06,0.035113953902546215,0.035113953902546215,1.1786797455065392e+21,5.0138095354214664e-05,2.257479190366825e-18,9.233806137778259e-20,9.233806137778258e-19,9.020265555838444e-14,1.6472964643566316e+19,35000000000000.0,35000000000000.0,0.0,0.011143121353377156,0.0023553399967283575,1.4085911316151148e-05,4.6770059553340266e-06,1.4085911316151148e-05,4.6770059553340266e-06,6.599592009907849e-29,1.0415389648372621e+19,2.700668960532805e+19,431.96103856043993,6.900928848134028e-20,-1081397.575462363,3.587695406700032e+21,0.0,0.0,0.0,0.0,0.0,0.3333333333333333,0.3333333333333333,2.0,1.441192019109945e-18,2.42053512429118e-23,0.0,8.162871712568798e-19,,0.0,0.0,0.0,0.0,0.0,1.441192019109945e-18,8.162871712568798e-19,1.0722292079679634e-05,17.0,3.8377146236236026e-17,9.020265555838444e-20,2.135405819398152e-21,,,9.020265555838444e-20,2.135405819398152e-21,10.0,,9.536544540177922e-08,3.4095948968030423,32877891798108.75,3.017527595578298e-05,0.0023251647207725747,3.017527595578298e-05,0.0023251647207725747,0.011143121353377156,0.0023553399967283575,False,False,1.0,1.3942191413731506,1.08716476085717e-08,0.19446998624059422,0.7119723095723784,1.0,1.7913338478417324,2.667211395981343e-07,0.31697215771474224,0.5404650735313751,0.17520260006306193,0.3161928980150985,0.005378010438672308,0.03161231735450742,True,AP3.8,119.0,8.3,6.863735268152632e+19,$(U_{0.8}Pu_{0.2})N$
K3_G3_Kd4p1e5_AP3p8,rizk2025_refit_plot,rizk2025_refit_full,1675.0,1.1,35000000000000.0,5.002155724782251e+22,4.819401368703272e+25,3.632413609518446e+25,1.5017588412407032e+23,1.2294615864961538e+19,2.0096126754434023,89.4859980448536,0.5105354349667052,3.6903608299951207,4.200896264961826,1.5434217021557473,5.744317967117573,3271088492237.537,8.177721230593843e+17,247.9008099139188,0.46401203779096,8973295.42773867,8955194.623086847,1.0020212631230994,1104737041.274669,1104690484.4537656,24841077.216764774,24808350.45151149,1.0000421446745116,1.001319183446608,0.05535455980075942,53.33217435555949,40.19680062598091,6.415670458658842,6.415670458658842,0.0,5.797568046536324e+24,5.797568046536324e+24,0.0,9.036573938600132e+25,9.036573938600133e+25,1.0987498801674815,4.5919813627624776e+16,0.0031261738835317216,3.384915191293027e-07,3.7571983188579667e-06,3.7571983188579667e-06,0.04144517296998264,0.04144517296998264,1.1859416415556587e+21,5.4757857088542904e-05,3.2556911341636327e-18,1.6476307421979262e-19,1.6476307421979263e-18,1.6231955709997532e-13,1.6472964643566316e+19,35000000000000.0,35000000000000.0,0.0,0.013626515922167114,0.003390441983898106,1.3842526084073373e-05,4.653155788484046e-06,1.3842526084073373e-05,4.653155788484046e-06,8.674062955485374e-29,1.1052165111768443e+19,3.4833702085454365e+19,566.4386057356392,8.467608558875616e-20,-1122481.9435731051,3.827873663764566e+21,0.0,0.0,0.0,0.0,0.0,0.3333333333333333,0.3333333333333333,2.0,2.439403962906753e-18,1.4342893454267406e-23,0.0,8.162871712568798e-19,,0.0,0.0,0.0,0.0,0.0,2.439403962906753e-18,8.162871712568798e-19,4.405483463636979e-06,17.0,5.534674928078175e-17,1.623195570999753e-19,2.4435171198173103e-21,,,1.623195570999753e-19,2.4435171198173103e-21,10.0,,9.536544540177922e-08,3.4095948968030423,32799649967746.062,4.511623528150899e-05,0.003345325748616597,4.511623528150899e-05,0.003345325748616597,0.013626515922167114,0.003390441983898106,False,False,1.0,1.3827160038200244,1.1673831603568032e-08,0.1901285013474208,0.7182437110339824,1.0,1.8586777779439796,2.687799329526863e-07,0.33370451585987226,0.5180236773969373,0.17219027920937185,0.3329325654705442,0.005105354349667052,0.03690360829995121,True,AP3.8,119.0,8.3,6.863735268152632e+19,$(U_{0.8}Pu_{0.2})N$
K3_G3_Kd4p1e5_AP3p8,rizk2025_refit_plot,rizk2025_refit_full,1700.0,1.1,35000000000000.0,3.6557409461238267e+22,4.433192491102297e+25,3.992456483712127e+25,1.1729530803670537e+23,1.192949191992763e+19,2.1329748524015764,95.63655345022627,0.476789250021855,4.371015097263746,4.847804347285601,1.7557407834015923,6.603545130687194,3012008628757.494,7.530021571893736e+17,266.0001639937677,0.4919274797258626,8363971.855355526,8345859.516282155,1.0021702185422645,1040850307.4956603,1040799893.8667465,23242824.03978674,23212881.684986606,1.0000484373885996,1.0012899025294004,0.04045494421849596,49.05833251876263,44.181085783608424,6.720126753410436,6.720126753410436,0.0,6.072692228395826e+24,6.072692228395826e+24,0.0,9.036573938600132e+25,9.036573938600132e+25,1.1184837104002452,3.677715235263607e+16,0.002653215556097298,2.988240500413529e-07,5.34186477448952e-06,5.34186477448952e-06,0.04979686296306042,0.04979686296306042,1.1961856953818473e+21,6.028701884792009e-05,4.881873557157333e-18,2.8987370337520676e-19,2.8987370337520674e-18,2.8708990269161864e-13,1.6472964643566316e+19,35000000000000.0,35000000000000.0,0.0,0.016845277807751993,0.005073974648234213,1.3569330199440175e-05,4.627987259804985e-06,1.3569330199440175e-05,4.627987259804985e-06,1.2359073426883595e-28,1.1752355090292724e+19,4.8367079083540185e+19,761.1926193272777,1.0587617904651341e-19,-1163602.2106846785,4.1112997660181093e+21,0.0,0.0,0.0,0.0,0.0,0.3333333333333333,0.3333333333333333,2.0,4.065586385900453e-18,8.463999134962283e-24,0.0,8.162871712568798e-19,,0.0,0.0,0.0,0.0,0.0,4.065586385900453e-18,8.162871712568798e-19,1.7337604171564793e-06,17.0,8.299185047167466e-17,2.8708990269161863e-19,2.7838006835881095e-21,,,2.8708990269161863e-19,2.7838006835881095e-21,10.0,,9.536544540177922e-08,3.4095948968030423,32718254763434.797,7.014329595706293e-05,0.00500383135227715,7.014329595706293e-05,0.00500383135227715,0.016845277807751993,0.005073974648234213,False,False,1.0,1.3688606134192458,1.2676305573086145e-08,0.18482290644613006,0.7259223699906963,1.0,1.941256596767949,2.7149408910552666e-07,0.3530198653109171,0.49246740383737725,0.16830957305214553,0.3522579220105491,0.00476789250021855,0.04371015097263746,True,AP3.8,119.0,8.3,6.863735268152632e+19,$(U_{0.8}Pu_{0.2})N$
K3_G3_Kd4p1e5_AP3p8,rizk2025_refit_plot,rizk2025_refit_full,1725.0,1.1,35000000000000.0,2.6187601449331575e+22,3.996537771379743e+25,4.401739111024218e+25,8.912570397260319e+22,1.148008237568081e+19,2.270636668839257,102.77797782007802,0.4370534207004933,5.220761087063885,5.657814507764379,1.8636415479356725,7.521456055700051,2807107216893.7505,7.017768042234377e+17,277.7889526002613,0.49999999999999994,7994996.511192555,7991678.4998811055,1.0004151832823978,977756166.600405,977699352.1094055,21630089.38965675,21599957.958759487,1.0000581103903534,1.0013949763677685,0.02897956861446135,44.22624988778493,48.71026498463087,7.034505558969749,6.73109564060596,0.30340991836378944,6.356782960512378e+24,6.082604344412477e+24,2.7417861609990133e+23,9.036573938600132e+25,9.009156076990141e+25,1.1438411238781783,2.896378365668523e+16,0.0022354125802741473,2.608339249513133e-07,8.169617711311e-06,8.169617711311e-06,0.06056026335208916,0.06056026335208916,1.2062829662635345e+21,6.690753582645919e-05,7.492536269461473e-18,5.026022153000994e-19,5.026022153000994e-18,4.994440127391286e-13,1.6472964643566316e+19,35000000000000.0,35000000000000.0,0.0,0.020797602372017013,0.007772720638312361,1.3279150649774122e-05,4.602489000204787e-06,1.3279150649774122e-05,4.602489000204787e-06,1.8962686160131336e-28,1.246394860233349e+19,7.172172068591503e+19,356.6948070321815,4.743215732793711e-20,-748094.3428823835,4.4286943281955e+21,4.700670942896997e+21,0.0,0.0,0.0,0.0,0.3333333333333333,0.3333333333333333,2.0,6.676249098204593e-18,4.979302940985348e-24,0.0,8.162871712568798e-19,,0.0,0.0,0.0,0.0,0.0,6.676249098204593e-18,8.162871712568798e-19,6.645684134063239e-07,17.0,1.2737311658084505e-16,4.994440127391286e-19,3.1582025609706965e-21,,,4.994440127391286e-19,3.1582025609706965e-21,10.0,,9.536544540177922e-08,3.4095948968030423,32640250915477.223,0.00011131688764423726,0.007661403750668124,0.00011131688764423726,0.007661403750668124,0.020797602372017013,0.007772720638312361,False,False,1.0,1.3527831227567877,1.3891814337238993e-08,0.17855873594160523,0.7350084100127903,1.0,2.039704201561487,2.749906625979491e-07,0.3744957052044897,0.464517397996911,0.16349764740204767,0.37374719317664395,0.004370534207004933,0.052207610870638854,True,AP3.8,119.0,8.3,6.863735268152632e+19,$(U_{0.8}Pu_{0.2})N$
K3_G3_Kd4p1e5_AP3p8,rizk2025_refit_plot,rizk2025_refit_full,1750.0,1.1,35000000000000.0,1.8541818749005093e+22,3.5230601913465743e+25,4.848228154498569e+25,6.621530459937911e+22,1.0942771089359866e+19,2.418111827834091,110.92036454689296,0.392171595022222,6.2553236992402255,6.647495294262448,1.92092072418999,8.568416018452437,2642195111615.7344,6.605487779039336e+17,286.32681890567704,0.4999999999999998,7756813.083964894,7753377.795641705,1.0004430698998208,918137839.2156796,918071684.8767327,20047112.269840553,20014359.031983417,1.0000720579231848,1.0016364869744165,0.0205186377879374,38.9866802981345,53.65117562740393,7.341625436673631,6.643167010439032,0.6984584262345986,6.634314108800874e+24,6.003146987630151e+24,6.311671211707236e+23,9.036573938600132e+25,8.973457226483059e+25,1.1758406325105348,2.252857555082168e+16,0.0018833907760048426,2.2573718312205507e-07,1.3232899598082899e-05,1.3232899598082899e-05,0.07419004330802521,0.07419004330802521,1.21176464847805e+21,7.491645224997929e-05,1.1625332016342075e-17,8.588030780930961e-19,8.588030780930961e-18,8.552344067970446e-13,1.6472964643566316e+19,35000000000000.0,35000000000000.0,0.0,0.02539782675052186,0.012040320899352334,1.2984772143631843e-05,4.577369780961765e-06,1.2984772143631843e-05,4.577369780961765e-06,3.086364303476724e-28,1.3107038465964435e+19,1.1173935969692647e+20,426.9502927369152,5.503993860752002e-20,-769137.7982271212,4.768395059468574e+21,5.06746969580497e+21,0.0,0.0,0.0,0.0,0.3333333333333333,0.3333333333333333,2.0,1.0809044845085196e-17,2.9228774848067563e-24,0.0,8.162871712568798e-19,,0.0,0.0,0.0,0.0,0.0,1.0809044845085196e-17,8.162871712568798e-19,2.514231404916419e-07,17.0,1.976306442778153e-16,8.552344067970446e-19,3.568671296051523e-21,,,8.552344067970446e-19,3.568671296051523e-21,10.0,,9.536544540177922e-08,3.4095948968030423,32572500511373.664,0.00017765027615571706,0.011862670623196616,0.00017765027615571706,0.011862670623196616,0.02539782675052186,0.012040320899352334,False,False,1.0,1.3346003616042885,1.5338458210427384e-08,0.17132997497259786,0.7455196441849415,1.0,2.154704218747342,2.7941819977412117e-07,0.39769364179806116,0.4349091967732444,0.15769770687374499,0.396962908958119,0.00392171595022222,0.06255323699240226,True,AP3.8,119.0,8.3,6.863735268152632e+19,$(U_{0.8}Pu_{0.2})N$
K3_G3_Kd4p1e5_AP3p8,rizk2025_refit_plot,rizk2025_refit_full,1775.0,1.1,35000000000000.0,1.3045075303924727e+22,3.028602947666951e+25,5.317433692743568e+25,4.827130843284609e+22,1.0317165368288915e+19,2.570331767395907,120.10702979600893,0.34335646703443207,7.487800803599942,7.831157270634375,1.9767860467372107,9.807943317371585,2494964869928.7046,6.237412174821761e+17,294.6539403171192,0.4999999999999998,7537838.624921921,7534262.048594162,1.0004747082467653,863780401.028331,863701732.2667103,18521197.735054567,18483514.276978392,1.000091083250944,1.0020387604603476,0.014435864070344294,33.51494679560068,58.84347020091222,7.627147139416748,6.557109526205913,1.0700376132108342,6.892327906592192e+24,5.925380505705901e+24,9.669474008862913e+23,9.036573938600132e+25,8.939879198511502e+25,1.215661387886062,1.7342416318669024e+16,0.0015967848041072883,1.9406243216452576e-07,2.229345995474753e-05,2.229345995474753e-05,0.09121878768432083,0.09121878768432083,1.20762135499703e+21,8.484269483897928e-05,1.8080532706453782e-17,1.4464755034747645e-18,1.4464755034747646e-17,1.4424583518951984e-12,1.6472964643566316e+19,35000000000000.0,35000000000000.0,0.0,0.030461604791264366,0.01870292840165851,1.2697888951775298e-05,4.553068815002496e-06,1.2697888951775298e-05,4.553068815002496e-06,5.236554962711493e-28,1.356960369605347e+19,1.794801067558007e+20,506.67765693265176,6.342826746554025e-20,-790388.2856271773,5.11705569579221e+21,5.443336934638441e+21,0.0,0.0,0.0,0.0,0.3333333333333333,0.3333333333333333,2.0,1.7264245535196902e-17,1.713388417816599e-24,0.0,8.162871712568798e-19,,0.0,0.0,0.0,0.0,0.0,1.7264245535196902e-17,8.162871712568798e-19,9.47642663871851e-08,17.0,3.0736905600971428e-16,1.4424583518951983e-18,4.0171515795662504e-21,,,1.4424583518951983e-18,4.0171515795662504e-21,10.0,,9.536544540177922e-08,3.4095948968030423,32521719672165.48,0.00028203322093225654,0.018420895180726253,0.00028203322093225654,0.018420895180726253,0.030461604791264366,0.01870292840165851,False,False,1.0,1.314425007081723,1.7043021298217033e-08,0.16312235250099485,0.7574867245850198,1.0,2.2870726196697992,2.849526088554841e-07,0.4221949803781222,0.40433536182999047,0.15086265408810612,0.4214875596631714,0.0034335646703443205,0.07487800803599942,True,AP3.8,119.0,8.3,6.863735268152632e+19,$(U_{0.8}Pu_{0.2})N$
K3_G3_Kd4p1e5_AP3p8,rizk2025_refit_plot,rizk2025_refit_full,1800.0,1.1,35000000000000.0,9.14538929068748e+21,2.5311138321889397e+25,5.792419019400615e+25,3.4607533602962458e+22,9.607416789571815e+18,2.7216537823454074,130.4156938427654,0.29225227043790625,8.926574004761411,9.218826275199318,2.0324282767540733,11.251254551953393,2360224486649.294,5.900561216623235e+17,302.94780820917606,0.5,7331718.951478668,7327994.921379854,1.0005081922324957,815774844.3144568,815680530.1249217,17067539.498833552,17022491.194016304,1.0001156263831879,1.002646399067199,0.010120416601276883,28.00966217270877,64.0997247270676,7.880492683622345,6.472992682986572,1.4075000006357732,7.121265480815069e+24,5.84936769838258e+24,1.2718977824324896e+24,9.036573938600132e+25,8.90938416035688e+25,1.2646331759929863,1.3215224745093506e+16,0.0013695821102632226,1.6590805901552668e-07,3.841857516629955e-05,3.841857516629955e-05,0.11225466461417839,0.11225466461417839,1.1891378546507852e+21,9.770420704015206e-05,2.80344615729556e-17,2.4023187514376478e-18,2.4023187514376478e-17,2.3978131732901632e-12,1.6472964643566316e+19,35000000000000.0,35000000000000.0,0.0,0.03570226708666311,0.028980068044186572,1.2428775687501797e-05,4.529832120960379e-06,1.2428775687501797e-05,4.529832120960379e-06,9.11691908856916e-28,1.371129291750199e+19,2.9213969539304987e+20,596.0490977768293,7.252697053532625e-20,-808849.1476341402,5.460088283249787e+21,5.812942887122865e+21,0.0,0.0,0.0,0.0,0.3333333333333333,0.3333333333333333,2.0,2.721817440169872e-17,1.0037403008245757e-24,0.0,8.162871712568798e-19,,0.0,0.0,0.0,0.0,0.0,2.721817440169872e-17,8.162871712568798e-19,3.580380162509945e-08,17.0,4.765858467402452e-16,2.397813173290163e-18,4.50557814748474e-21,,,2.397813173290163e-18,4.50557814748474e-21,10.0,,9.536544540177922e-08,3.4095948968030423,32494108277367.973,0.0004421129539012822,0.02853795509028529,0.0004421129539012822,0.02853795509028529,0.03570226708666311,0.028980068044186572,False,False,1.0,1.2924183496661823,1.9042673307924242e-08,0.15393527575133348,0.7709209168401538,1.0,2.4376639530292312,2.917984529541315e-07,0.4475955249068045,0.373442748892318,0.142972539503153,0.4469184356507603,0.0029225227043790623,0.08926574004761412,True,AP3.8,119.0,8.3,6.863735268152632e+19,$(U_{0.8}Pu_{0.2})N$
K3_G3_Kd4p1e5_AP3p4,rizk2025_refit_plot,rizk2025_refit_full,900.0,1.3,35000000000000.0,1.4948301791053374e+23,7.534970582400173e+25,2.5288424249709667e+25,4.057497860504608e+23,1.4145494318742665e+19,1.6091675521903932,39.22808725322234,0.7081914985246229,0.3576828651844397,1.0658743637090624,0.051075879270999006,1.1169502429800615,8696304640504.056,2.174076160126014e+18,57.45231655479545,0.06625686722644313,1318322805820.3694,38640739.540635645,34117.43205468378,1382600861.6590571,1379595305.0247278,220154954.79595268,56592104.164284505,1.002178578473979,3.890206205389573,0.1399707802969365,70.55488487422983,23.679214697353274,5.625929648119977,5.625929648119977,0.0,6.008260728198052e+24,6.008260728198052e+24,0.0,1.0679587381981997e+26,1.0679587381981999e+26,1.0089992791684714,1.123637635549925e+17,0.005414321648397502,5.593818548382089e-07,2.9553345350827533e-07,2.9553345350827533e-07,0.0038591396403243896,0.0038591396403243896,2.950350632873896e+20,7.831381887812599e-06,8.917422879279335e-19,5.811156342883063e-25,5.8111563428830635e-24,5.119872410101689e-28,1.7995675661038836e+19,35000000000000.0,35000000000000.0,0.0,0.008268587866405493,0.0009530111833371616,1.618774081399257e-05,5.618839174956158e-06,1.618774081399257e-05,5.618839174956158e-06,1.098639426676973e-29,5.322541402738827e+18,4.2502225127638574e+18,0.000203033344834722,1.0677306890951655e-21,-148402.86270903048,2.007323855079814e+21,0.0,0.0,0.0,0.0,0.0,0.3333333333333333,0.3333333333333333,2.0,2.4966082885114063e-31,1.092543251978497e-24,0.0,8.91742287927684e-19,,0.0,0.0,0.0,0.0,0.0,2.4966082885114063e-31,8.91742287927684e-19,1.2251782457431146e-06,17.0,1.515961889477487e-17,5.119872410101689e-34,5.811156337763191e-25,,,5.119872410101689e-34,5.811156337763191e-25,10.0,,9.536544540177922e-08,3.4095948968030423,33890225847242.01,6.251332603184346e-06,0.0009467598507339772,6.251332603184346e-06,0.0009467598507339772,0.008268587866405493,0.0009530111833371616,False,False,1.0,1.4565997810351565,8.380406049986842e-09,0.2170705228853206,0.6795083550692816,1.0,1.2919740444691474,2.565060405731364e-07,0.1537471886871364,0.7711963702156049,0.19203640608512218,0.15293235581601478,0.007081914985246229,0.003576828651844397,True,AP3.4,130.0,8.3,7.498198192099515e+19,$(U_{0.8}Pu_{0.2})N$
K3_G3_Kd4p1e5_AP3p4,rizk2025_refit_plot,rizk2025_refit_full,925.0,1.3,35000000000000.0,1.4937669606886246e+23,7.525721326114947e+25,2.5385877532140774e+25,4.050027528434162e+23,1.4124647449745514e+19,1.6110241564504473,40.54274405934821,0.7093372091892648,0.39428081467693604,1.1036180238662008,0.051043961611760315,1.1546619854779612,8696783063988.133,2.1741957659970332e+18,57.43929330179714,0.06623047594644163,510864398739.02277,38649500.583784886,13217.878394872512,1379896259.5765438,1378005407.995435,181625529.62545425,54757023.76608423,1.0013721655736165,3.316935748760521,0.13987122416441153,70.46827800493419,23.770466614628212,5.6213841562731925,5.6213841562731925,0.0,6.00340633046087e+24,6.00340633046087e+24,0.0,1.0679587381981997e+26,1.0679587381981997e+26,1.009926594835467,1.1220405352180731e+17,0.00541097781383948,5.564134442196896e-07,3.493091011789765e-07,3.493091011789765e-07,0.004251449510632299,0.004251449510632299,3.406080077753977e+20,8.312493591480508e-06,8.917422879291166e-19,9.880133285659924e-25,9.880133285659924e-24,3.600113810511962e-27,1.7995675661038836e+19,35000000000000.0,35000000000000.0,0.0,0.008261784502763212,0.0009522183157017885,1.618246043494141e-05,5.588542422006668e-06,1.618246043494141e-05,5.588542422006668e-06,1.3017687790927524e-29,5.501298262647889e+18,5.219249322410394e+18,0.0005381170968575784,1.0675018635859034e-21,-148392.1841564693,2.0062131603536316e+21,0.0,0.0,0.0,0.0,0.0,0.3333333333333333,0.3333333333333333,2.0,1.4326320272288242e-30,7.793235501843722e-24,0.0,8.91742287927684e-19,,0.0,0.0,0.0,0.0,0.0,1.4326320272288242e-30,8.91742287927684e-19,8.739336024920236e-06,17.0,1.5159618894794982e-17,3.600113810511962e-33,9.880133249658786e-25,,,3.600113810511962e-33,9.880133249658786e-25,10.0,,9.536544540177922e-08,3.4095948968030423,33854726123627.23,6.450187865722831e-06,0.0009457681278360657,6.450187865722831e-06,0.0009457681278360657,0.008261784502763212,0.0009522183157017885,False,False,1.0,1.4568513089742878,8.38555628992169e-09,0.21715858500868063,0.67938248858925,1.0,1.303981931235501,2.5663215568910807e-07,0.15879392776019138,0.7638111434149812,0.19213990898282404,0.15797991715541682,0.007093372091892648,0.0039428081467693605,True,AP3.4,130.0,8.3,7.498198192099515e+19,$(U_{0.8}Pu_{0.2})N$
K3_G3_Kd4p1e5_AP3p4,rizk2025_refit_plot,rizk2025_refit_full,950.0,1.3,35000000000000.0,1.4927319568816098e+23,7.516512544277818e+25,2.5482947270503276e+25,4.042547254723872e+23,1.4101149662898635e+19,1.6128714579625874,41.93406143961598,0.7104654845328368,0.4355559118095551,1.1460213963423918,0.0510252691869176,1.1970466655293093,8697055655544.067,2.1742639138860168e+18,57.43168093635604,0.0662149975822684,208241490695.22485,38654623.437891945,5387.233716810499,1377657627.101022,1376427110.195347,152654597.38865855,52940257.24640924,1.0008939935115782,2.8835257954665985,0.1397743099513436,70.38205012451378,23.861359394368254,5.616816171166636,5.616816171166636,0.0,5.998527910850363e+24,5.998527910850363e+24,0.0,1.0679587381981997e+26,1.0679587381981997e+26,1.0109738971348368,1.120486956976538e+17,0.0054075831265589635,5.533720162147615e-07,4.080546036204963e-07,4.080546036204963e-07,0.004693724013976769,0.004693724013976769,3.9111063638791533e+20,8.838716282449927e-06,8.917422879351825e-19,1.625942817432566e-24,1.625942817432566e-23,2.2845010932250072e-26,1.7995675661038836e+19,35000000000000.0,35000000000000.0,0.0,0.00825488741392107,0.0009513845584392418,1.6177209601032932e-05,5.558473572968076e-06,1.6177209601032932e-05,5.558473572968076e-06,1.5244432030666808e-29,5.684385101301293e+18,6.281318275839334e+18,0.0013549338433352437,1.067533780521215e-21,-148408.7434268222,2.0051312538311616e+21,0.0,0.0,0.0,0.0,0.0,0.3333333333333333,0.3333333333333333,2.0,7.498646671560408e-30,4.074114265943587e-23,0.0,8.91742287927684e-19,,0.0,0.0,0.0,0.0,0.0,7.498646671560408e-30,8.91742287927684e-19,4.568712643848196e-05,17.0,1.5159618894898104e-17,2.284501093225007e-32,1.6259427945875551e-24,,,2.284501093225007e-32,1.6259427945875551e-24,10.0,,9.536544540177922e-08,3.4095948968030423,33817395780449.16,6.659293819156914e-06,0.0009447252646200848,6.659293819156914e-06,0.0009447252646200848,0.00825488741392107,0.0009513845584392418,False,False,1.0,1.4570979701756477,8.390726135615473e-09,0.21724492030190262,0.6792590951580646,1.0,1.3168604997310651,2.567746062216981e-07,0.1641238530177721,0.7560246929739749,0.1922417279201795,0.16331069897310163,0.007104654845328367,0.004355559118095551,True,AP3.4,130.0,8.3,7.498198192099515e+19,$(U_{0.8}Pu_{0.2})N$
K3_G3_Kd4p1e5_AP3p4,rizk2025_refit_plot,rizk2025_refit_full,975.0,1.3,35000000000000.0,1.4917245398442685e+23,7.50755717496604e+25,2.557744900134015e+25,4.0351385934468825e+23,1.4075110078744142e+19,1.614720754438136,43.38097682667294,0.7116055841044829,0.48132496761747695,1.1929305517219597,0.05103699865345872,1.2439675503754184,8696855561005.676,2.174213890251419e+18,57.436521801145574,0.06622463678224648,88942620218.47379,38651365.54901418,2301.1507861393607,1375677269.6828084,1374850725.0546114,130460288.34215175,51174504.64220588,1.0006011886331616,2.5493219573747545,0.13967997886894232,70.29819511222288,23.949847579779153,5.612277329129021,5.612277329129021,0.0,5.993680614834991e+24,5.993680614834991e+24,0.0,1.0679587381981997e+26,1.0679587381981997e+26,1.0121370621793142,1.1189758586619152e+17,0.005404093144963367,5.50309527128974e-07,4.7108775117910894e-07,4.7108775117910894e-07,0.005184083642857811,0.005184083642857811,4.4613840409574854e+20,9.411601153701795e-06,8.91742287963739e-19,2.5973524524958523e-24,2.5973524524958523e-23,1.3186026336093777e-25,1.7995675661038836e+19,35000000000000.0,35000000000000.0,0.0,0.008248114637450753,0.0009505236763442073,1.6171956161798963e-05,5.52917787983786e-06,1.6171956161798963e-05,5.52917787983786e-06,1.7641573066150792e-29,5.871146559529048e+18,7.4232628156531e+18,0.003254131431325757,1.0681287803114074e-21,-148482.88623547836,2.0040779613600701e+21,0.0,0.0,0.0,0.0,0.0,0.3333333333333333,0.3333333333333333,2.0,3.605513394506346e-29,1.6237393506057197e-22,0.0,8.91742287927684e-19,,0.0,0.0,0.0,0.0,0.0,3.605513394506346e-29,8.91742287927684e-19,0.00018208616688050863,17.0,1.5159618895383565e-17,1.3186026336093777e-31,2.597352320635589e-24,,,1.3186026336093777e-31,2.597352320635589e-24,10.0,,9.536544540177922e-08,3.4095948968030423,33778851146130.984,6.8751974432361934e-06,0.0009436484789009711,6.8751974432361934e-06,0.0009436484789009711,0.008248114637450753,0.0009505236763442073,False,False,1.0,1.457347794969521,8.395859107495577e-09,0.21733233975569222,0.6791341571563305,1.0,1.3304401267548291,2.5693283669919756e-07,0.16965387419562716,0.7479607146819898,0.19234450447192503,0.16884160171224258,0.007116055841044829,0.004813249676174769,True,AP3.4,130.0,8.3,7.498198192099515e+19,$(U_{0.8}Pu_{0.2})N$
K3_G3_Kd4p1e5_AP3p4,rizk2025_refit_plot,rizk2025_refit_full,1000.0,1.3,35000000000000.0,1.4907438118770328e+23,7.499009765200654e+25,2.5667790757647253e+25,4.027867777038539e+23,1.4046685520889174e+19,1.6165781612652648,44.86402791099023,0.7127774267072239,0.5313213350137307,1.2440987617209547,0.0511142043013114,1.295212966022266,8695642517506.455,2.173910629376614e+18,57.4681413840396,0.06628832473924627,39664981336.51983,38630099.15640933,1026.7895294785644,1373843017.0628045,1373271056.8491464,113168649.63122314,49482850.81322741,1.000416494770501,2.2870276827496707,0.13958814685969353,70.21816009345608,24.034440507460534,5.607811252223699,5.607811252223699,0.0,5.988911028978488e+24,5.988911028978488e+24,0.0,1.0679587381981997e+26,1.0679587381981999e+26,1.0134098681187442,1.1175057995241602e+17,0.0054004852543312176,5.472653418619487e-07,5.376072070853449e-07,5.376072070853449e-07,0.005719797540420427,0.005719797540420427,5.051979370458951e+20,1.0032806904955896e-05,8.917422880879538e-19,4.0377712245259814e-24,4.0377712245259814e-23,6.972208708889678e-25,1.7995675661038836e+19,35000000000000.0,35000000000000.0,0.0,0.008241629781585807,0.0009496482523605059,1.6166682744896688e-05,5.501045607884626e-06,1.6166682744896688e-05,5.501045607884626e-06,2.0179126001006336e-29,6.059899753645997e+18,8.629442849138662e+18,0.007482206238499819,1.0699157530815117e-21,-148678.23472684147,2.003052718512935e+21,0.0,0.0,0.0,0.0,0.0,0.3333333333333333,0.3333333333333333,2.0,1.6026995865756309e-28,5.104196168274582e-22,0.0,8.91742287927684e-19,,0.0,0.0,0.0,0.0,0.0,1.6026995865756309e-28,8.91742287927684e-19,0.0005723846717215622,17.0,1.5159618897495216e-17,6.972208708889678e-31,4.0377705273051104e-24,,,6.972208708889678e-31,4.0377705273051104e-24,10.0,,9.536544540177922e-08,3.4095948968030423,33739655622155.99,7.09474237910548e-06,0.0009425535099814004,7.09474237910548e-06,0.0009425535099814004,0.008241629781585807,0.0009496482523605059,False,False,1.0,1.4576062991321428,8.400908828670566e-09,0.2174227718106571,0.6790049188530539,1.0,1.3445565482641615,2.571060064658093e-07,0.17530748472633642,0.7397326103231973,0.1924500282235474,0.17449611078419067,0.007127774267072239,0.005313213350137307,True,AP3.4,130.0,8.3,7.498198192099515e+19,$(U_{0.8}Pu_{0.2})N$
K3_G3_Kd4p1e5_AP3p4,rizk2025_refit_plot,rizk2025_refit_full,1025.0,1.3,35000000000000.0,1.4897883245967943e+23,7.490973087861023e+25,2.5752909172715736e+25,4.020783803973306e+23,1.4016072342731313e+19,1.6184467333316206,46.36589460858368,0.7139940001571179,0.5852088305779762,1.2992028307350942,0.05132614325266609,1.3505289739877604,8692360251474.279,2.1730900628685696e+18,57.554702584249185,0.06646307158662336,18411186728.021908,38572000.207113236,477.3199893488183,1372092665.3505104,1371685551.5102832,99491443.82203135,47880020.837320656,1.0002967982273918,2.0779323417604187,0.13949867830196155,70.1429073982706,24.114142477231475,5.603451446195977,5.603451446195977,0.0,5.984254936034332e+24,5.984254936034332e+24,0.0,1.0679587381981997e+26,1.0679587381981997e+26,1.0147843227384445,1.1160745213345454e+17,0.005396751315672502,5.442678915123049e-07,6.067117076137636e-07,6.067117076137636e-07,0.006297424283590503,0.006297424283590503,5.677219042801378e+20,1.0703299688283e-05,8.917422885901033e-19,6.1223709373710644e-24,6.122370937371064e-23,3.398959714178951e-24,1.7995675661038836e+19,35000000000000.0,35000000000000.0,0.0,0.008235547717952417,0.0009487693346946051,1.616138070133991e-05,5.474330790389277e-06,1.616138070133991e-05,5.474330790389277e-06,2.2822932943890032e-29,6.248723929070467e+18,9.882250024490215e+18,0.016527615328733754,1.0741476741062358e-21,-149121.7815212659,2.0020542921702858e+21,0.0,0.0,0.0,0.0,0.0,0.3333333333333333,0.3333333333333333,2.0,6.624193185834588e-28,1.30323517274453e-21,0.0,8.91742287927684e-19,,0.0,0.0,0.0,0.0,0.0,6.624193185834588e-28,8.91742287927684e-19,0.0014614482114614314,17.0,1.5159618906031757e-17,3.398959714178951e-30,6.1223675384113506e-24,,,3.398959714178951e-30,6.1223675384113506e-24,10.0,,9.536544540177922e-08,3.4095948968030423,33700303875567.438,7.315157480541608e-06,0.0009414541772140634,7.315157480541608e-06,0.0009414541772140634,0.008235547717952417,0.0009487693346946051,False,False,1.0,1.457877099610957,8.405840498299196e-09,0.21751747874226773,0.6788695769543996,1.0,1.3590562696340351,2.5729303404363484e-07,0.18101689846344776,0.7314403532982012,0.19255945766930588,0.180206432974417,0.007139940001571179,0.005852088305779763,True,AP3.4,130.0,8.3,7.498198192099515e+19,$(U_{0.8}Pu_{0.2})N$
K3_G3_Kd4p1e5_AP3p4,rizk2025_refit_plot,rizk2025_refit_full,1050.0,1.3,35000000000000.0,1.488856147114285e+23,7.483507506596726e+25,2.583217576113408e+25,4.0139196736976514e+23,1.3983498156032653e+19,1.6203276963518107,47.87158671488918,0.7152631531850469,0.6425958349764439,1.3578589881614909,0.051805161613586004,1.4096641497750768,8685029760242.848,2.171257440060712e+18,57.74943635913519,0.06685715218372265,8869212656.344936,38441933.6354064,230.7171314654181,1370390948.0989318,1370093225.5853922,88525882.40358058,46374063.45483694,1.0002173009164486,1.9089524576554457,0.13941139239388592,70.07300225121507,24.18836499686934,5.5992213595217,5.5992213595217,0.0,5.979737378007204e+24,5.979737378007204e+24,0.0,1.0679587381981997e+26,1.0679587381981997e+26,1.016250995875781,1.1146790536534533e+17,0.005392892525924326,5.413368790902183e-07,6.774226681295035e-07,6.774226681295035e-07,0.006912951339494469,0.006912951339494469,6.330841200637974e+20,1.1423071541340969e-05,8.917422904866655e-19,9.072820167908718e-24,9.072820167908718e-23,1.5366002896313798e-23,1.7995675661038836e+19,35000000000000.0,35000000000000.0,0.0,0.008229942600286887,0.0009478963182258941,1.6156046595304427e-05,5.449177531492782e-06,1.6156046595304427e-05,5.449177531492782e-06,2.553556564971778e-29,6.436096905910735e+18,1.116265857806144e+19,0.03519304510259443,1.083225551261874e-21,-150056.19445182508,2.0010808671071445e+21,0.0,0.0,0.0,0.0,0.0,0.3333333333333333,0.3333333333333333,2.0,2.558981501392922e-27,2.7724222720096643e-21,0.0,8.91742287927684e-19,,0.0,0.0,0.0,0.0,0.0,2.558981501392922e-27,8.91742287927684e-19,0.003108994943479269,17.0,1.5159618938273313e-17,1.5366002896313797e-29,9.072804801905822e-24,,,1.5366002896313797e-29,9.072804801905822e-24,10.0,,9.536544540177922e-08,3.4095948968030423,33661216504847.93,7.534086686165626e-06,0.0009403622315397285,7.534086686165626e-06,0.0009403622315397285,0.008229942600286887,0.0009478963182258941,False,False,1.0,1.4581623872208618,8.410630187324307e-09,0.2176172226913431,0.6787270431832575,1.0,1.3737993513822937,2.574926421465305e-07,0.1867237848864433,0.7231694571110275,0.19267348419180286,0.1859142313716772,0.007152631531850469,0.006425958349764439,True,AP3.4,130.0,8.3,7.498198192099515e+19,$(U_{0.8}Pu_{0.2})N$
K3_G3_Kd4p1e5_AP3p4,rizk2025_refit_plot,rizk2025_refit_full,1075.0,1.3,35000000000000.0,1.4879450334388487e+23,7.476640705917381e+25,2.590529835738184e+25,4.00729497437032e+23,1.3949213537823465e+19,1.6222211887511135,49.36841499776692,0.7165889881322475,0.7030494687257937,1.4196384568580411,0.05279596911766767,1.4724344259757087,8670094001413.081,2.16752350035327e+18,58.14863117547234,0.06766808106118939,4422618058.685782,38178026.81030982,115.8419758218482,1368717525.5389106,1368494022.5131037,79627691.05828519,44968022.572740436,1.0001633204253215,1.770762566432161,0.1393260788285909,70.00870388055958,24.256834492583312,5.595135548028524,5.595135548028524,0.0,5.975373899920435e+24,5.975373899920435e+24,0.0,1.0679587381981997e+26,1.0679587381981997e+26,1.0177993557918856,1.1133159682337664e+17,0.005388915817808739,5.384854559696691e-07,7.48710454994717e-07,7.48710454994717e-07,0.007561933898051034,0.007561933898051034,7.006156192980993e+20,1.219128202960181e-05,8.917422972109765e-19,1.3164266191182678e-23,1.3164266191182677e-22,6.475908336901747e-23,1.7995675661038836e+19,35000000000000.0,35000000000000.0,0.0,0.0082248564307522,0.0009470369728987555,1.6150680089113666e-05,5.4256466344207574e-06,1.6150680089113666e-05,5.4256466344207574e-06,2.827737440427819e-29,6.621162062141046e+18,1.245081792432328e+19,0.07249589795441136,1.101589705901452e-21,-151925.12387046203,2.000130239249374e+21,0.0,0.0,0.0,0.0,0.0,0.3333333333333333,0.3333333333333333,2.0,9.283292620781236e-27,5.0239680634734576e-21,0.0,8.91742287927684e-19,,0.0,0.0,0.0,0.0,0.0,9.283292620781236e-27,8.91742287927684e-19,0.005633878845027849,17.0,1.51596190525866e-17,6.475908336901747e-29,1.3164201432099309e-23,,,6.475908336901747e-29,1.3164201432099309e-23,10.0,,9.536544540177922e-08,3.4095948968030423,33622741232234.12,7.749582334910234e-06,0.0009392873905638453,7.749582334910234e-06,0.0009392873905638453,0.0082248564307522,0.0009470369728987555,False,False,1.0,1.458463303476661,8.415263170663385e-09,0.21772239797013054,0.6785767550953705,1.0,1.388660513328062,2.5770340323765563e-07,0.192379141876552,0.7149912376412144,0.1927924593135911,0.19157049796202874,0.007165889881322475,0.007030494687257936,True,AP3.4,130.0,8.3,7.498198192099515e+19,$(U_{0.8}Pu_{0.2})N$
K3_G3_Kd4p1e5_AP3p4,rizk2025_refit_plot,rizk2025_refit_full,1100.0,1.3,35000000000000.0,1.4870525836375217e+23,7.470376436206346e+25,2.597223194464937e+25,4.000918771761432e+23,1.391348376949584e+19,1.624126719316811,50.84584896421571,0.7179729415496552,0.7661097760496285,1.4840827175992837,0.05473704129781037,1.538819758897094,8641385896197.3955,2.1603464740493489e+18,58.91779461948557,0.06924005866632128,2277329645.0184727,37679618.09055547,60.43929743516412,1367060539.4436734,1366888416.7695014,72329133.81092781,43661381.31674017,1.0001259229883437,1.6565928889472894,0.13924251288457024,69.95004740360987,24.319508812174025,5.591201271331531,5.591201271331531,0.0,5.971172254743392e+24,5.971172254743392e+24,0.0,1.0679587381981997e+26,1.0679587381981997e+26,1.0194181094010415,1.1119816271463514e+17,0.005384831373831424,5.357220701377605e-07,8.195237415574776e-07,8.195237415574776e-07,0.008239633954507936,0.008239633954507936,7.696219164910562e+20,1.3005900104931096e-05,8.91742319689036e-19,1.8732291689893137e-23,1.8732291689893138e-22,2.556484784617257e-22,1.7995675661038836e+19,35000000000000.0,35000000000000.0,0.0,0.00822030700016113,0.0009461975550190185,1.6145282637042936e-05,5.403738910384541e-06,1.6145282637042936e-05,5.403738910384541e-06,3.100765685362434e-29,6.803669977565595e+18,1.3726673656038898e+19,0.1450479718693153,1.1371908490056144e-21,-155499.6244168023,1.9992000052707144e+21,0.0,0.0,0.0,0.0,0.0,0.3333333333333333,0.3333333333333333,2.0,3.1761352235744896e-26,7.906038402206534e-21,0.0,8.91742287927684e-19,,0.0,0.0,0.0,0.0,0.0,3.1761352235744896e-26,8.91742287927684e-19,0.00886583290671176,17.0,1.5159619434713612e-17,2.556484784617257e-28,1.8732036041414675e-23,,,2.556484784617257e-28,1.8732036041414675e-23,10.0,,9.536544540177922e-08,3.4095948968030423,33585157647406.11,7.960078615875354e-06,0.0009382374764031431,7.960078615875354e-06,0.0009382374764031431,0.00822030700016113,0.0009461975550190185,False,False,1.0,1.4587802382881276,8.419732016295917e-09,0.21783313555710235,0.6784185266682509,1.0,1.4035292861124715,2.5792378562953653e-07,0.19794271079735803,0.706963761829788,0.19291649331525437,0.19713496862470561,0.007179729415496551,0.007661097760496284,True,AP3.4,130.0,8.3,7.498198192099515e+19,$(U_{0.8}Pu_{0.2})N$
K3_G3_Kd4p1e5_AP3p4,rizk2025_refit_plot,rizk2025_refit_full,1125.0,1.3,35000000000000.0,1.4861763577145512e+23,7.4647017044472315e+25,2.603310498609072e+25,3.994792246285048e+23,1.3876580629962187e+19,1.6260434548036764,52.29533089194186,0.7194146051817061,0.831303901299554,1.5507185064812599,0.05839090229539581,1.6091094087766558,8588735184118.528,2.147183796029632e+18,60.32340308172671,0.0721409642812838,1208346277.9060402,36801637.28482498,32.83403584884245,1365413057.9605618,1365277166.143162,66285099.84560844,42451208.59044183,1.0000995342343442,1.5614419953295033,0.13916046608897503,69.89691115820878,24.376508244140894,5.587420131561364,5.587420131561364,0.0,5.967134153485494e+24,5.967134153485494e+24,0.0,1.0679587381981997e+26,1.0679587381981999e+26,1.0210955473575025,1.1106723709560176e+17,0.0053806509292317105,5.3305188182667e-07,8.888209545744292e-07,8.888209545744292e-07,0.00894116072544889,0.00894116072544889,8.394013329147213e+20,1.3864500874399343e-05,8.917423908131057e-19,2.617975259794079e-23,2.617975259794079e-22,9.494708146321283e-22,1.7995675661038836e+19,35000000000000.0,35000000000000.0,0.0,0.008216294649405835,0.000945382962723372,1.6139856663437594e-05,5.383413887589064e-06,1.6139856663437594e-05,5.383413887589064e-06,3.368590706356396e-29,6.983773722708594e+18,1.497059861784244e+19,0.283213012819063,1.2038386104508557e-21,-162040.2746164153,1.9982877198744856e+21,0.0,0.0,0.0,0.0,0.0,0.3333333333333333,0.3333333333333333,2.0,1.028854216590493e-25,1.098777627543975e-20,0.0,8.91742287927684e-19,,0.0,0.0,0.0,0.0,0.0,1.028854216590493e-25,8.91742287927684e-19,0.012321693337266282,17.0,1.5159620643822797e-17,9.494708146321284e-28,2.617880312712616e-23,,,9.494708146321284e-28,2.617880312712616e-23,10.0,,9.536544540177922e-08,3.4095948968030423,33548683484168.598,8.164356521725479e-06,0.0009372186062016465,8.164356521725479e-06,0.0009372186062016465,0.008216294649405835,0.000945382962723372,False,False,1.0,1.4591130588372474,8.424034817303974e-09,0.217949383424924,0.6782524334471646,1.0,1.4183097203132378,2.581522002759514e-07,0.20338220723048103,0.6991330727309174,0.1930455300944254,0.20257535386319817,0.00719414605181706,0.00831303901299554,True,AP3.4,130.0,8.3,7.498198192099515e+19,$(U_{0.8}Pu_{0.2})N$
K3_G3_Kd4p1e5_AP3p4,rizk2025_refit_plot,rizk2025_refit_full,1150.0,1.3,35000000000000.0,1.4853139187496352e+23,7.459592301480773e+25,2.6088162558684605e+25,3.988910814040184e+23,1.3838774152258275e+19,1.627970407027854,53.710092027872996,0.7209123306134076,0.8981604361824562,1.6190727667958638,0.0650446208355681,1.6841173876314322,8496720799027.442,2.1241801997568607e+18,62.75772456128485,0.07724436159943615,659481818.9333218,35374131.479736835,18.643053308915558,1363771056.7457452,1363661151.5887442,61237001.68596521,41333014.2656975,1.00008059565008,1.4815518000289212,0.13907971025693128,69.84906845807714,24.428062270176365,5.5837895614895725,5.5837895614895725,0.0,5.963256854452682e+24,5.963256854452682e+24,0.0,1.0679587381981997e+26,1.0679587381981997e+26,1.0228198997287072,1.1093846312448893e+17,0.00537638659024878,5.304777455509046e-07,9.55602640121903e-07,9.55602640121903e-07,0.00966161522879955,0.00966161522879955,9.092641979417792e+20,1.4764040900837631e-05,8.917426046035813e-19,3.5983582073279434e-23,3.5983582073279434e-22,3.330768464716398e-21,1.7995675661038836e+19,35000000000000.0,35000000000000.0,0.0,0.008212807764221093,0.0009445969220755866,1.613440502809866e-05,5.364603906309914e-06,1.613440502809866e-05,5.364603906309914e-06,3.627309947439193e-29,7.161824812913009e+18,1.6164013478431535e+19,0.5427526084083989,1.3248215824387283e-21,-173449.34620569542,1.99739101615575e+21,0.0,0.0,0.0,0.0,0.0,0.3333333333333333,0.3333333333333333,2.0,3.1667589742037936e-25,1.3686836891524853e-20,0.0,8.91742287927684e-19,,0.0,0.0,0.0,0.0,0.0,3.1667589742037936e-25,8.91742287927684e-19,0.015348416483486569,17.0,1.515962427826088e-17,3.330768464716398e-27,3.5980251304814716e-23,,,3.330768464716398e-27,3.5980251304814716e-23,10.0,,9.536544540177922e-08,3.4095948968030423,33513481100779.17,8.361507910699591e-06,0.000936235414164887,8.361507910699591e-06,0.000936235414164887,0.008212807764221093,0.0009445969220755866,False,False,1.0,1.4594612792216608,8.42817375747576e-09,0.21807096607797,0.6780787274178901,1.0,1.432920015414065,2.583870490491456e-07,0.20867254749675085,0.6915344216732084,0.19317940226712627,0.20786656538158568,0.007209123306134076,0.008981604361824562,True,AP3.4,130.0,8.3,7.498198192099515e+19,$(U_{0.8}Pu_{0.2})N$
K3_G3_Kd4p1e5_AP3p4,rizk2025_refit_plot,rizk2025_refit_full,1175.0,1.3,35000000000000.0,1.4844627643976062e+23,7.455016758857529e+25,2.6137725428387526e+25,3.983265586256319e+23,1.3800323998691033e+19,1.6299065683820204,55.08500507385936,0.7224636539141077,0.9662245620468773,1.6886882159609853,0.07679769399706612,1.7654859099580513,8344523542644.623,2.0861308856611556e+18,66.73126960197283,0.08577117954132091,369828592.81587625,33267762.0737845,11.116725916087598,1362132230.5124602,1362041262.404234,56988148.29333217,40301348.74315376,1.0000667880707708,1.4140506476973205,0.13900001107740442,69.80622464342785,24.474471244540435,5.580304100954312,5.580304100954312,0.0,5.959534526417407e+24,5.959534526417407e+24,0.0,1.0679587381981997e+26,1.0679587381981999e+26,1.0245797193155746,1.1081149527196691e+17,0.005372049903826792,5.280007910220995e-07,1.0189433675302623e-06,1.0189433675302623e-06,0.010396246398436644,0.010396246398436644,9.785528529725475e+20,1.570126719943807e-05,8.917432171060875e-19,4.870212253929045e-23,4.870212253929045e-22,1.1076769180051558e-20,1.7995675661038836e+19,35000000000000.0,35000000000000.0,0.0,0.00820982726016394,0.0009438422215623628,1.612893064010726e-05,5.347224099865246e-06,1.612893064010726e-05,5.347224099865246e-06,3.873295501274045e-29,7.338231247975023e+18,1.7289972905853284e+19,1.027515500932447,1.5383412914342584e-21,-192274.25096033013,1.996507717098665e+21,0.0,0.0,0.0,0.0,0.0,0.3333333333333333,0.3333333333333333,2.0,9.291784035179553e-25,1.5479505732971513e-20,0.0,8.91742287927684e-19,,0.0,0.0,0.0,0.0,0.0,9.291784035179553e-25,8.91742287927684e-19,0.017358703084062788,17.0,1.5159634690803488e-17,1.1076769180051557e-26,4.86910457701104e-23,,,1.1076769180051557e-26,4.86910457701104e-23,10.0,,9.536544540177922e-08,3.4095948968030423,33479663210070.344,8.550904409997336e-06,0.0009352913171523654,8.550904409997336e-06,0.0009352913171523654,0.00820982726016394,0.0009438422215623628,False,False,1.0,1.459824179420295,8.432154120678314e-09,0.2181976263128787,0.6778977772952453,1.0,1.4472923775317734,2.586267768405935e-07,0.21379520320732465,0.6841933123371364,0.19331786986798427,0.2129900707345731,0.007224636539141078,0.009662245620468773,True,AP3.4,130.0,8.3,7.498198192099515e+19,$(U_{0.8}Pu_{0.2})N$
K3_G3_Kd4p1e5_AP3p4,rizk2025_refit_plot,rizk2025_refit_full,1200.0,1.3,35000000000000.0,1.4836200458215641e+23,7.450938849441878e+25,2.61821638948737e+25,3.9778439882931086e+23,1.3761469640543642e+19,1.631851041586491,56.41650693510351,0.7240655658447324,1.035075442047329,1.759141007892061,0.09691636937343119,1.8560573772654922,8108454360491.604,2.027113590122901e+18,72.80594822194179,0.09920940947313434,213168180.0513394,30492014.103470612,6.990951116839359,1360495247.9965785,1360418287.8369272,53386596.957841344,39350185.266764015,1.0000565709534628,1.3567050979791135,0.13892110179506043,69.76804049576565,24.516081903170512,5.576956499268779,5.576956499268779,0.0,5.955959425945334e+24,5.955959425945334e+24,0.0,1.0679587381981997e+26,1.0679587381981997e+26,1.0263643312435466,1.1068598807634947e+17,0.005367650851625176,5.25620619293631e-07,1.0780211574934116e-06,1.0780211574934116e-06,0.011140634926876933,0.011140634926876933,1.0466626040727017e+21,1.6673058644501762e-05,8.917448947096045e-19,6.498475563709372e-23,6.498475563709372e-22,3.503783313863259e-20,1.7995675661038836e+19,35000000000000.0,35000000000000.0,0.0,0.008207330674541343,0.0009431210658692864,1.612343609007997e-05,5.331178829568679e-06,1.612343609007997e-05,5.331178829568679e-06,4.1033112984522205e-29,7.513380161420561e+18,1.8333682313543627e+19,1.9336168120366384,1.905486880116183e-21,-221324.75051245597,1.9956359727577364e+21,0.0,0.0,0.0,0.0,0.0,0.3333333333333333,0.3333333333333333,2.0,2.6067819204802983e-24,1.6077228463606983e-20,0.0,8.91742287927684e-19,,0.0,0.0,0.0,0.0,0.0,2.6067819204802983e-24,8.91742287927684e-19,0.018028954871496642,17.0,1.5159663210063277e-17,3.503783313863259e-26,6.494971780395508e-23,,,3.503783313863259e-26,6.494971780395508e-23,10.0,,9.536544540177922e-08,3.4095948968030423,33447296989782.98,8.732176950055005e-06,0.0009343888889192314,8.732176950055005e-06,0.0009343888889192314,0.008207330674541343,0.0009431210658692864,False,False,1.0,1.4602008792247976,8.435983878781643e-09,0.2183290511985715,0.6777100313695221,1.0,1.4613734646832426,2.5886993276634994e-07,0.21873781177895532,0.6771261721906159,0.19346064503265759,0.21793350397666938,0.007240655658447324,0.010350754420473288,True,AP3.4,130.0,8.3,7.498198192099515e+19,$(U_{0.8}Pu_{0.2})N$
K3_G3_Kd4p1e5_AP3p4,rizk2025_refit_plot,rizk2025_refit_full,1225.0,1.3,35000000000000.0,1.4827818392528455e+23,7.447318631622118e+25,2.622188627594119e+25,3.9726291507895546e+23,1.372241775154484e+19,1.6338032262298854,57.7026368665072,0.7257146367402384,1.1043487020188505,1.8300633387590888,0.13011908930776933,1.9601824280668578,7768577745380.25,1.9421444363450624e+18,81.47299384547732,0.11902821758821039,126598817.33130534,27248292.903173283,4.64611921859376,1358859211.067102,1358792763.0200639,50312903.06526844,38473111.81178572,1.0000489022673997,1.3077419708445772,0.138842615001635,69.73414201551286,24.553276580873614,5.573738788611897,5.573738788611897,0.0,5.952523043732323e+24,5.952523043732323e+24,0.0,1.0679587381981997e+26,1.0679587381981997e+26,1.0281644239171803,1.1056155993735307e+17,0.00536319623868883,5.233350753482841e-07,1.1321406780925605e-06,1.1321406780925605e-06,0.011890936045018773,0.011890936045018773,1.1130638497358886e+21,1.767665645944542e-05,8.917492996442252e-19,8.558853045768944e-23,8.558853045768945e-22,1.057421518979397e-19,1.7995675661038836e+19,35000000000000.0,35000000000000.0,0.0,0.008205297076884851,0.0009424357253776016,1.6117923123981906e-05,5.316364968582e-06,1.6117923123981906e-05,5.316364968582e-06,4.314606631812111e-29,7.687606306201175e+18,1.9282878851478647e+19,3.632050860283658,2.5216626854239283e-21,-262732.3104712533,1.9947745100531184e+21,0.0,0.0,0.0,0.0,0.0,0.3333333333333333,0.3333333333333333,2.0,7.011716541319382e-24,1.5488742654515037e-20,0.0,8.91742287927684e-19,,0.0,0.0,0.0,0.0,0.0,7.011716541319382e-24,8.91742287927684e-19,0.017368942886408174,17.0,1.5159738093951828e-17,1.057421518979397e-25,8.54827883057915e-23,,,1.057421518979397e-25,8.54827883057915e-23,10.0,,9.536544540177922e-08,3.4095948968030423,33416405526249.848,8.905213867049274e-06,0.0009335305115105522,8.905213867049274e-06,0.0009335305115105522,0.008205297076884851,0.0009424357253776016,False,False,1.0,1.4605903673388765,8.439674141555968e-09,0.21846488237651332,0.6775160027603654,1.0,1.475125940869607,2.591152507411706e-07,0.22349420783541415,0.6703404181981459,0.19360740357741293,0.22269069723066395,0.007257146367402384,0.011043487020188505,True,AP3.4,130.0,8.3,7.498198192099515e+19,$(U_{0.8}Pu_{0.2})N$
K3_G3_Kd4p1e5_AP3p4,rizk2025_refit_plot,rizk2025_refit_full,1250.0,1.3,35000000000000.0,1.4819414607137386e+23,7.44411179202955e+25,2.6257344191983493e+25,3.967597213914693e+23,1.368332405014245e+19,1.635763172356556,58.94325712046087,0.7274069808972451,1.1737689407682688,1.9011759216655137,0.1824548633984558,2.0836307850639697,7318609990742.667,1.8296524976856666e+18,93.02281030731771,0.14618020913791685,77848949.63919984,23865114.294717908,3.2620396733834305,1357223123.875972,1357164678.552926,47671051.119844794,37663341.12590761,1.0000430642824483,1.2657148753872276,0.13876392483233832,69.70411426745606,24.586478159524603,5.570643648186997,5.570643648186997,0.0,5.949217561469601e+24,5.949217561469601e+24,0.0,1.0679587381981997e+26,1.0679587381981997e+26,1.0299729124793748,1.1043770591405506e+17,0.005358686481461725,5.211394650149739e-07,1.1807423408831052e-06,1.1807423408831052e-06,0.012644235552703408,0.012644235552703408,1.1773250114919233e+21,1.871032310100335e-05,8.917604161498658e-19,1.114133094756206e-22,1.114133094756206e-21,3.0533079764031823e-19,1.7995675661038836e+19,35000000000000.0,35000000000000.0,0.0,0.008203715201057737,0.0009417898735786033,1.6112391647898158e-05,5.302672138057223e-06,1.6112391647898158e-05,5.302672138057223e-06,4.504956087253782e-29,7.861187350993702e+18,2.0127936340346716e+19,6.810729264808461,3.531871545792048e-21,-316712.0369983837,1.993923151430863e+21,0.0,0.0,0.0,0.0,0.0,0.3333333333333333,0.3333333333333333,2.0,1.8128222181985484e-23,1.3964045536228772e-20,0.0,8.91742287927684e-19,,0.0,0.0,0.0,0.0,0.0,1.8128222181985484e-23,8.91742287927684e-19,0.015658965438853957,17.0,1.515992707454772e-17,3.0533079764031822e-25,1.111079786779803e-22,,,3.0533079764031822e-25,1.111079786779803e-22,10.0,,9.536544540177922e-08,3.4095948968030423,33386965142173.83,9.070190181871077e-06,0.0009327196833967323,9.070190181871077e-06,0.0009327196833967323,0.008203715201057737,0.0009417898735786033,False,False,1.0,1.4609914768268197,8.443241089215726e-09,0.21860470764493223,0.6773162814068673,1.0,1.488531942140453,2.59361767354162e-07,0.2280651156729877,0.6638335814004708,0.19375778224367,0.22726237335437502,0.007274069808972451,0.011737689407682687,True,AP3.4,130.0,8.3,7.498198192099515e+19,$(U_{0.8}Pu_{0.2})N$
K3_G3_Kd4p1e5_AP3p4,rizk2025_refit_plot,rizk2025_refit_full,1275.0,1.3,35000000000000.0,1.48108577378636e+23,7.441266632405455e+25,2.6289060595538143e+25,3.962710768431831e+23,1.3644265281363722e+19,1.6377323135194186,60.140552156970635,0.7291380096965744,1.2431999879315527,1.972337997628127,0.2602514882577991,2.232589485885926,6774782615677.586,1.6936956539193964e+18,107.44341286356372,0.18052444453517102,49911623.269260004,20662039.122110277,2.4156194349593494,1355585139.855698,1355532880.2356672,45381392.06592885,36913528.73192219,1.000038552823611,1.2293972867103273,0.13868380123797341,69.67747316679991,24.616176313975927,5.567666717986186,5.567666717986186,0.0,5.946038322848639e+24,5.946038322848639e+24,0.0,1.0679587381981997e+26,1.0679587381981997e+26,1.0317862809356797,1.1031360504812504e+17,0.005354108845804625,5.190249500820733e-07,1.2233807223124361e-06,1.2233807223124361e-06,0.013399104290211773,0.013399104290211773,1.239133376708937e+21,1.977431063555714e-05,8.917874431930528e-19,1.435821826587309e-22,1.4358218265873088e-21,8.457331924393166e-19,1.7995675661038836e+19,35000000000000.0,35000000000000.0,0.0,0.008202599618614808,0.000941191436954135,1.610683766672516e-05,5.289979692270238e-06,1.610683766672516e-05,5.289979692270238e-06,4.672582593289369e-29,8.034353288437681e+18,2.086139799669811e+19,12.68250152290704,5.1462715802599664e-21,-380873.3004630599,1.993083923565778e+21,0.0,0.0,0.0,0.0,0.0,0.3333333333333333,0.3333333333333333,2.0,4.5155265368944576e-23,1.1873807076397107e-20,0.0,8.91742287927684e-19,,0.0,0.0,0.0,0.0,0.0,4.5155265368944576e-23,8.91742287927684e-19,0.01331461568227832,17.0,1.5160386534281898e-17,8.457331924393166e-25,1.4273644946629156e-22,,,8.457331924393166e-25,1.4273644946629156e-22,10.0,,9.536544540177922e-08,3.4095948968030423,33358896646982.965,9.227648399735792e-06,0.0009319637885543991,9.227648399735792e-06,0.0009319637885543991,0.008202599618614808,0.000941191436954135,False,False,1.0,1.4614027835312982,8.446710666872048e-09,0.21874802573489216,0.677111584339873,1.0,1.501599627827046,2.5960900526208107e-07,0.23245984120249097,0.6575910215701737,0.19391135725170786,0.2316578381102726,0.007291380096965744,0.012431999879315528,True,AP3.4,130.0,8.3,7.498198192099515e+19,$(U_{0.8}Pu_{0.2})N$
K3_G3_Kd4p1e5_AP3p4,rizk2025_refit_plot,rizk2025_refit_full,1300.0,1.3,35000000000000.0,1.480187413394917e+23,7.43871741791195e+25,2.631769215891226e+25,3.957904976485364e+23,1.3605195652920418e+19,1.63971499137043,61.29992059906711,0.7309018723419272,1.3127231281075264,2.043625000449454,0.36770793225361276,2.411332932703066,6177619792014.141,1.544404948003535e+18,124.32957530704594,0.22042007156569718,33628585.03816093,17855767.579978127,1.8833458089961386,1353941217.5756578,1353893824.038642,43374800.202646844,36215381.330098905,1.0000350053572697,1.197690003793987,0.1385996818465296,69.65360319502736,24.642985929694248,5.564811193431875,5.564811193431875,0.0,5.942988740448722e+24,5.942988740448722e+24,0.0,1.0679587381981997e+26,1.0679587381981997e+26,1.0336066786790747,1.1018771383346818e+17,0.005349423348264102,5.169756948837797e-07,1.2596387737320899e-06,1.2596387737320899e-06,0.01415646464924911,0.01415646464924911,1.2983037157802878e+21,2.0872678795895482e-05,8.918508847779603e-19,1.836266039909085e-22,1.836266039909085e-21,2.2525702314749626e-18,1.7995675661038836e+19,35000000000000.0,35000000000000.0,0.0,0.008202024528859934,0.000940658622870299,1.610124900025787e-05,5.278150130684561e-06,1.610124900025787e-05,5.278150130684561e-06,4.815835042315924e-29,8.207303614567083e+18,2.14763397635245e+19,23.187309498928613,7.640179800405997e-21,-450863.55480076245,1.992263375733234e+21,0.0,0.0,0.0,0.0,0.0,0.3333333333333333,0.3333333333333333,2.0,1.085968502764781e-22,9.588632660122313e-21,0.0,8.91742287927684e-19,,0.0,0.0,0.0,0.0,0.0,1.085968502764781e-22,8.91742287927684e-19,0.010751385488067937,17.0,1.5161465041225326e-17,2.2525702314749626e-24,1.8137403375943355e-22,,,2.2525702314749626e-24,1.8137403375943355e-22,10.0,,9.536544540177922e-08,3.4095948968030423,33332048358481.04,9.378661702652216e-06,0.0009312799611676468,9.378661702652216e-06,0.0009312799611676468,0.008202024528859934,0.000940658622870299,False,False,1.0,1.461822381205533,8.45012853180692e-09,0.21889416825500274,0.6769028671017382,1.0,1.5143742582408026,2.598572599024283e-07,0.23669935682118512,0.6515816931469062,0.19406759542167373,0.23589806524419935,0.007309018723419272,0.013127231281075263,True,AP3.4,130.0,8.3,7.498198192099515e+19,$(U_{0.8}Pu_{0.2})N$
K3_G3_Kd4p1e5_AP3p4,rizk2025_refit_plot,rizk2025_refit_full,1325.0,1.3,35000000000000.0,1.4791889664282953e+23,7.436371938105704e+25,2.634414507781042e+25,3.9530599758722423e+23,1.3565883078955246e+19,1.6417215548364448,62.43131898907045,0.7326904207546533,1.3827517288115883,2.115442149566242,0.5034374992805295,2.618879648846771,5583207992086.715,1.3958019980216786e+18,142.79108513304428,0.26276472219491687,23990819.932119474,15547189.0834889,1.5430969420445078,1352282531.9463868,1352239052.6334813,41587695.34924387,35559075.732304245,1.000032153569904,1.169538141607624,0.13850619069084075,69.63164092511603,24.667755537312974,5.562097346880167,5.562097346880167,0.0,5.940090464309697e+24,5.940090464309697e+24,0.0,1.0679587381981997e+26,1.0679587381981999e+26,1.0354450062820557,1.1005693867359098e+17,0.0053445341487580915,5.149642400328077e-07,1.2889138902998575e-06,1.2889138902998575e-06,0.014920864921337035,0.014920864921337035,1.3547462515280637e+21,2.201641004054272e-05,8.9199495264152e-19,2.3390333353762864e-22,2.3390333353762863e-21,5.78187606487805e-18,1.7995675661038836e+19,35000000000000.0,35000000000000.0,0.0,0.008202193803951069,0.000940232381450748,1.6095596581607656e-05,5.267019257416333e-06,1.6095596581607656e-05,5.267019257416333e-06,4.932374425738118e-29,8.380230685292831e+18,2.1962434487662772e+19,40.90766478880372,1.130132539872138e-20,-522021.32144311746,1.9914772879694941e+21,0.0,0.0,0.0,0.0,0.0,0.3333333333333333,0.3333333333333333,2.0,2.5266471383605937e-22,7.399034121893715e-21,0.0,8.91742287927684e-19,,0.0,0.0,0.0,0.0,0.0,2.5266471383605937e-22,8.91742287927684e-19,0.008294928239204153,17.0,1.516391419490584e-17,5.78187606487805e-24,2.281214574727506e-22,,,5.78187606487805e-24,2.281214574727506e-22,10.0,,9.536544540177922e-08,3.4095948968030423,33306170288881.957,9.52511961955851e-06,0.0009307072618311895,9.52511961955851e-06,0.0009307072618311895,0.008202193803951069,0.000940232381450748,False,False,1.0,1.4622474536150059,8.45357987369875e-09,0.21904215118706588,0.6766915357227163,1.0,1.5269547046482725,2.6010802191417496e-07,0.24082095785405744,0.645751736884003,0.1942257637362059,0.24002035295053697,0.007326904207546533,0.013827517288115883,True,AP3.4,130.0,8.3,7.498198192099515e+19,$(U_{0.8}Pu_{0.2})N$
K3_G3_Kd4p1e5_AP3p4,rizk2025_refit_plot,rizk2025_refit_full,1350.0,1.3,35000000000000.0,1.4779718298923002e+23,7.434090179645434e+25,2.636977051591954e+25,3.9479482841838953e+23,1.352583103780229e+19,1.6437744796310572,63.55080893207794,0.7344914843116762,1.4541721281706923,2.1886636124823684,0.6577467863754191,2.8464103988577873,5046728378618.606,1.2616820946546516e+18,161.4470487190645,0.3036345691841658,18223236.854423206,13750638.476291027,1.325264778493295,1350590465.6052358,1350550229.0668707,39958393.82442083,34932678.86444529,1.0000297927004114,1.1438685816074285,0.13839222219257755,69.6102753200729,24.691750320250332,5.559582137484186,5.559582137484186,0.0,5.937404324456861e+24,5.937404324456861e+24,0.0,1.0679587381981997e+26,1.0679587381981997e+26,1.037324742664718,1.099150056369427e+17,0.005339233269392153,5.129448541241027e-07,1.3099650190436218e-06,1.3099650190436218e-06,0.015702055550591336,0.015702055550591336,1.4083230879846464e+21,2.3228161300330872e-05,8.92312044658399e-19,2.985052251919346e-22,2.985052251919346e-21,1.4331663655150738e-17,1.7995675661038836e+19,35000000000000.0,35000000000000.0,0.0,0.008203582697031434,0.0009400014909410893,1.6089817290324293e-05,5.256386306436396e-06,1.6089817290324293e-05,5.256386306436396e-06,5.017439647077048e-29,8.55335100188284e+18,2.2297784114832716e+19,68.1585780210895,1.6278498645968647e-20,-590595.5793417089,1.9907599354020705e+21,0.0,0.0,0.0,0.0,0.0,0.3333333333333333,0.3333333333333333,2.0,5.697567307150379e-22,5.485421362683377e-21,0.0,8.91742287927684e-19,,0.0,0.0,0.0,0.0,0.0,5.697567307150379e-22,8.91742287927684e-19,0.006147424990529343,17.0,1.5169304759192783e-17,1.433166365515074e-23,2.8417356153678383e-22,,,1.433166365515074e-23,2.8417356153678383e-22,10.0,,9.536544540177922e-08,3.4095948968030423,33280886052238.5,9.670168997199404e-06,0.0009303313219438899,9.670168997199404e-06,0.0009303313219438899,0.008203582697031434,0.0009400014909410893,False,False,1.0,1.4626735214288464,8.457227297556812e-09,0.21919041364980293,0.676479819582877,1.0,1.5395128923446695,2.6036450201646797e-07,0.2448835422920671,0.6400172684844128,0.1943847789195181,0.24408360300119003,0.007344914843116762,0.014541721281706922,True,AP3.4,130.0,8.3,7.498198192099515e+19,$(U_{0.8}Pu_{0.2})N$
K3_G3_Kd4p1e5_AP3p4,rizk2025_refit_plot,rizk2025_refit_full,1375.0,1.3,35000000000000.0,1.4762968766840556e+23,7.4316503820409375e+25,2.6396667780014384e+25,3.9421381728867754e+23,1.3484228552541456e+19,1.6459200941907628,64.68110398935536,0.7362862559011017,1.5284350420590762,2.264721297960178,0.813704465894771,3.0784257638549493,4606100500287.795,1.1515251250719487e+18,178.6727297186482,0.3394149891848448,14761877.118387438,12424951.493693428,1.1880832795106018,1348827106.4942,1348789657.4295673,38426992.23690758,34322234.208701015,1.000027764940535,1.1195947211142208,0.13823538530849808,69.58742989058925,24.71693599749871,5.5573987266035365,5.5573987266035365,0.0,5.935072531727795e+24,5.935072531727795e+24,0.0,1.0679587381981997e+26,1.0679587381981995e+26,1.0392845335942997,1.0974935099079986e+17,0.005333093299618656,5.108460052190193e-07,1.3200693336460751e-06,1.3200693336460751e-06,0.01651604089717885,0.01651604089717885,1.4584361747030137e+21,2.4548732353569857e-05,8.92989650482899e-19,3.8518830087201347e-22,3.8518830087201345e-21,3.437073971002977e-17,1.7995675661038836e+19,35000000000000.0,35000000000000.0,0.0,0.008207216557380045,0.000940151720191946,1.608378109180068e-05,5.246015338725033e-06,1.608378109180068e-05,5.246015338725033e-06,5.060600911643002e-29,8.726949184496177e+18,2.2433953129465385e+19,105.03588647744985,2.235820931763236e-20,-653589.2192251749,1.9901817645827684e+21,0.0,0.0,0.0,0.0,0.0,0.3333333333333333,0.3333333333333333,2.0,1.2473625552150166e-21,3.926123922383819e-21,0.0,8.91742287927684e-19,,0.0,0.0,0.0,0.0,0.0,1.2473625552150166e-21,8.91742287927684e-19,0.004396606299144343,17.0,1.518082405820928e-17,3.437073971002977e-23,3.508175611619837e-22,,,3.437073971002977e-23,3.508175611619837e-22,10.0,,9.536544540177922e-08,3.4095948968030423,33255689991318.2,9.818784862050285e-06,0.0009303329353298956,9.818784862050285e-06,0.0009303329353298956,0.008207216557380045,0.000940151720191946,False,False,1.0,1.4630931983496984,8.461380708875765e-09,0.21933638669043057,0.6762713868182237,1.0,1.5523027127257205,2.606319889057866e-07,0.24896912927905934,0.6342625599139887,0.19454298020792954,0.24816983694999376,0.0073628625590110176,0.015284350420590762,True,AP3.4,130.0,8.3,7.498198192099515e+19,$(U_{0.8}Pu_{0.2})N$
K3_G3_Kd4p1e5_AP3p4,rizk2025_refit_plot,rizk2025_refit_full,1400.0,1.3,35000000000000.0,1.4736952775678469e+23,7.428698128725194e+25,2.642812186928805e+25,3.934821789248886e+23,1.3440056992070162e+19,1.648250383673891,65.84787805265705,0.7380456646268223,1.6073670924599412,2.3454127570867636,0.9536669084789152,3.299079665565679,4273209420073.1084,1.068302355018277e+18,193.14998905766245,0.36798033963352816,12697412.624424746,11493658.430067256,1.104732031292011,1346917706.5162115,1346882744.2658923,36943738.72016114,33714070.4553109,1.0000259579020283,1.095795856781259,0.1379917804740456,69.5597860012689,24.74638852983787,5.555833688419185,5.555833688419185,0.0,5.933401135523202e+24,5.933401135523202e+24,0.0,1.0679587381981997e+26,1.0679587381981997e+26,1.0413734308859917,1.0953539103375808e+17,0.005325269347726166,5.085664514306619e-07,1.3137547761910998e-06,1.3137547761910998e-06,0.017383067081072782,0.017383067081072782,1.5030757040822123e+21,2.6042415342620495e-05,8.943977631537627e-19,5.093242848331348e-22,5.093242848331348e-21,7.989389038480301e-17,1.7995675661038836e+19,35000000000000.0,35000000000000.0,0.0,0.008215201844773796,0.0009410595276440029,1.6077230015166255e-05,5.2356744285728235e-06,1.6077230015166255e-05,5.2356744285728235e-06,5.0408473699240314e-29,8.901446639293599e+18,2.2273917266394743e+19,147.9178821563526,2.888627767107737e-20,-708282.2213529977,1.9898821279245297e+21,0.0,0.0,0.0,0.0,0.0,0.3333333333333333,0.3333333333333333,2.0,2.6554752260788454e-21,2.7246350804779008e-21,0.0,8.91742287927684e-19,,0.0,0.0,0.0,0.0,0.0,2.6554752260788454e-21,8.91742287927684e-19,0.0030463348553897134,17.0,1.5204761973613966e-17,7.989389038480301e-23,4.2943039444833175e-22,,,7.989389038480301e-23,4.2943039444833175e-22,10.0,,9.536544540177922e-08,3.4095948968030423,33230039146386.746,9.97831258042231e-06,0.0009310812150635806,9.97831258042231e-06,0.0009310812150635806,0.008215201844773796,0.0009410595276440029,False,False,1.0,1.4634942334363272,8.466622483612883e-09,0.21947581496748994,0.6760723123174727,1.0,1.5656208430420375,2.6091720648147154e-07,0.2531690346285923,0.6283598270091805,0.1946978150704312,0.2523703660269408,0.007380456646268223,0.016073670924599413,True,AP3.4,130.0,8.3,7.498198192099515e+19,$(U_{0.8}Pu_{0.2})N$
K3_G3_Kd4p1e5_AP3p4,rizk2025_refit_plot,rizk2025_refit_full,1425.0,1.3,35000000000000.0,1.4692757685902842e+23,7.424667245018393e+25,2.6469259967621155e+25,3.924515721945555e+23,1.3392584725710623e+19,1.6509423189537384,67.06670828471535,0.7397251467175676,1.692286871751398,2.4320120184689658,1.0676959476868177,3.4997079661557837,4035758008594.921,1.0089395021487301e+18,204.41903552284663,0.3892681311704685,11474645.149554873,10860045.368680378,1.0565927452427555,1344719290.833762,1344686591.7198694,35491272.67204458,33101371.109128125,1.0000243172751881,1.072199473400587,0.13757795278394036,69.52204218624473,24.784908836720238,5.555471024251103,5.555471024251103,0.0,5.933013825155869e+24,5.933013825155869e+24,0.0,1.0679587381981997e+26,1.0679587381981999e+26,1.0436276044650137,1.0922639021131074e+17,0.005314145998422404,5.059823144321692e-07,1.281929223106744e-06,1.281929223106744e-06,0.0183179194950643,0.0183179194950643,1.5371697544590514e+21,2.779313144398803e-05,8.972475473141361e-19,7.0177067448840995e-22,7.0177067448841e-21,1.8029544796246132e-16,1.7995675661038836e+19,35000000000000.0,35000000000000.0,0.0,0.008231696582254953,0.0009434647030371925,1.6069668296895408e-05,5.225247556623383e-06,1.6069668296895408e-05,5.225247556623383e-06,4.923131064658788e-29,9.077536739542252e+18,2.1657960026233496e+19,191.17253678421324,3.509822851984643e-20,-753338.982121089,1.9901281276052468e+21,0.0,0.0,0.0,0.0,0.0,0.3333333333333333,0.3333333333333333,2.0,5.505259386452124e-21,1.84039229582399e-21,0.0,8.91742287927684e-19,,0.0,0.0,0.0,0.0,0.0,5.505259386452124e-21,8.91742287927684e-19,0.0020511533314670053,17.0,1.5253208304340313e-17,1.8029544796246133e-22,5.214752265259486e-22,,,1.8029544796246133e-22,5.214752265259486e-22,10.0,,9.536544540177922e-08,3.4095948968030423,33203641845283.477,1.0158810375796624e-05,0.0009333058926613958,1.0158810375796624e-05,0.0009333058926613958,0.008231696582254953,0.0009434647030371925,False,False,1.0,1.4638563636416104,8.474028215348592e-09,0.21960166620205737,0.6758926339926203,1.0,1.5796574740378324,2.6122514172454883e-07,0.25753678289127757,0.6222354142765746,0.19484538668669657,0.25673869445928815,0.007397251467175676,0.01692286871751398,True,AP3.4,130.0,8.3,7.498198192099515e+19,$(U_{0.8}Pu_{0.2})N$
K3_G3_Kd4p1e5_AP3p4,rizk2025_refit_plot,rizk2025_refit_full,1450.0,1.3,35000000000000.0,1.4614032361299949e+23,7.41862647249471e+25,2.6528349717596115e+25,3.908542098842212e+23,1.3342309635719418e+19,1.654326507955146,68.3210867866831,0.7412540674103723,1.7823127860277745,2.523566853438147,1.1567197107934217,3.6802865642315683,3867735511492.949,9.669338778732372e+17,212.94672499166794,0.4048365931691197,10740366.81299729,10425142.720963955,1.0302369090256627,1341966494.7968965,1341935820.6041584,34113211.8206029,32493628.31319473,1.0000228581667372,1.0498431105260875,0.13684079579662345,69.46547846044129,24.840238455610436,5.5574422881516625,5.5574422881516625,0.0,5.935119053663765e+24,5.935119053663765e+24,0.0,1.0679587381981997e+26,1.0679587381981997e+26,1.0460250745003365,1.087365386898159e+17,0.005296733794485452,5.02959797027614e-07,1.2149539205886243e-06,1.2149539205886243e-06,0.019311167082705354,0.019311167082705354,1.5513381816441556e+21,2.987883416010543e-05,9.028722799084174e-19,1.0241072151243713e-21,1.0241072151243713e-20,3.956100289530877e-16,1.7995675661038836e+19,35000000000000.0,35000000000000.0,0.0,0.008264583645749677,0.0009487745754917416,1.606017122423348e-05,5.214896210749558e-06,1.606017122423348e-05,5.214896210749558e-06,4.6700325379464674e-29,9.256520874343141e+18,2.042006410854522e+19,231.5171279435366,4.067249808484061e-20,-791059.7718104053,1.991417155678571e+21,0.0,0.0,0.0,0.0,0.0,0.3333333333333333,0.3333333333333333,2.0,1.1129991980733449e-20,1.2141082623128306e-21,0.0,8.91742287927684e-19,,0.0,0.0,0.0,0.0,0.0,1.1129991980733449e-20,8.91742287927684e-19,0.0013447176187931956,17.0,1.5348828758443096e-17,3.9561002895308766e-22,6.284971861712836e-22,,,3.9561002895308766e-22,6.284971861712836e-22,10.0,,9.536544540177922e-08,3.4095948968030423,33176909388140.59,1.0374025817793312e-05,0.0009384005496739483,1.0374025817793312e-05,0.0009384005496739483,0.008264583645749677,0.0009487745754917416,False,False,1.0,1.4641454390700068,8.485557788835995e-09,0.21970209400837978,0.6757492602860529,1.0,1.594234849991625,2.615528594381353e-07,0.26201049943412,0.6159776959768777,0.19497953477185484,0.2612129121025428,0.007412540674103723,0.017823127860277746,True,AP3.4,130.0,8.3,7.498198192099515e+19,$(U_{0.8}Pu_{0.2})N$
K3_G3_Kd4p1e5_AP3p4,rizk2025_refit_plot,rizk2025_refit_full,1475.0,1.3,35000000000000.0,1.4472087658668803e+23,7.408926395173863e+25,2.6619956708817713e+25,3.882147915668397e+23,1.329140908699822e+19,1.6590019169306722,69.55606001981164,0.7425083662677568,1.8735468391374503,2.6160552054052073,1.2286039649514366,3.8446591703566435,3741689871787.49,9.354224679468726e+17,219.68237607913656,0.4168111094492732,10271213.382704448,10105498.855312299,1.016398450958711,1338182931.2621036,1338153969.1691456,32909096.456741434,31916701.425694298,1.0000216433187998,1.031093283037332,0.13551167419712581,69.3746502573104,24.926016105949387,5.563821962543086,5.563821962543086,0.0,5.941932282676945e+24,5.941932282676945e+24,0.0,1.0679587381981997e+26,1.0679587381981997e+26,1.048462886438432,1.0791501792219822e+17,0.005267700510677988,4.993164330059001e-07,1.1160571937685243e-06,1.1160571937685243e-06,0.02031996116587503,0.02031996116587503,1.5354072647909793e+21,3.232148903601418e-05,9.13713227338383e-19,1.597360137614791e-21,1.597360137614791e-20,8.452417180343286e-16,1.7995675661038836e+19,35000000000000.0,35000000000000.0,0.0,0.008328165528477293,0.0009595743857492816,1.6047067524902367e-05,5.2050616317118065e-06,1.6047067524902367e-05,5.2050616317118065e-06,4.293381052493054e-29,9.441114039489071e+18,1.862432710254788e+19,270.51215743748685,4.596094457064756e-20,-828079.4450991347,1.9946482839192265e+21,0.0,0.0,0.0,0.0,0.0,0.3333333333333333,0.3333333333333333,2.0,2.1970939410699096e-20,7.846520651543905e-22,0.0,8.91742287927684e-19,,0.0,0.0,0.0,0.0,0.0,2.1970939410699096e-20,8.91742287927684e-19,0.0008587509096700466,17.0,1.553312486475251e-17,8.452417180343286e-22,7.521184195804623e-22,,,8.452417180343286e-22,7.521184195804623e-22,10.0,,9.536544540177922e-08,3.4095948968030423,33151031546863.727,1.0647031289142956e-05,0.0009489273544601387,1.0647031289142956e-05,0.0009489273544601387,0.008328165528477293,0.0009595743857492816,False,False,1.0,1.4643009698120777,8.504746883294445e-09,0.2197561142722648,0.675672142108998,1.0,1.6087153678682575,2.618863458533612e-07,0.2663931636186445,0.6098625923063964,0.1950894497587127,0.2655959928313595,0.007425083662677568,0.018735468391374504,True,AP3.4,130.0,8.3,7.498198192099515e+19,$(U_{0.8}Pu_{0.2})N$
K3_G3_Kd4p1e5_AP3p4,rizk2025_refit_plot,rizk2025_refit_full,1500.0,1.3,35000000000000.0,1.4219573620974416e+23,7.392501304349562e+25,2.677138696087626e+25,3.837184246445297e+23,1.3241686970972822e+19,1.6660130598447191,70.73134146372773,0.7432526505513496,1.962761862715318,2.7060145132666675,1.2928184804572131,3.998832993723881,3635609325187.6777,9.089023312969194e+17,225.5973307508926,0.4270966700424247,9932013.85975907,9840541.96302239,1.009295412496629,1332550179.497446,1332522567.504312,31951746.683669865,31386369.239701968,1.0000207215951213,1.0180134707410733,0.1331472191984204,69.22085133009705,25.067810209637354,5.57819124106717,5.57819124106717,0.0,5.957278079238345e+24,5.957278079238345e+24,0.0,1.0679587381981997e+26,1.0679587381981997e+26,1.0508546646200845,1.0651143753879278e+17,0.005217999015143919,4.946343959299325e-07,1.0184672766434134e-06,1.0184672766434134e-06,0.021309156532479515,0.021309156532479515,1.4906947484953747e+21,3.504468448485669e-05,9.341414501778096e-19,2.65480851490482e-21,2.6548085149048203e-20,1.7607759639859707e-15,1.7995675661038836e+19,35000000000000.0,35000000000000.0,0.0,0.00844730834164154,0.0009804613818896048,1.602745448579861e-05,5.196014615804064e-06,1.602745448579861e-05,5.196014615804064e-06,3.920664062335646e-29,9.636801051264684e+18,1.685914618380369e+19,313.779924765224,5.181572291053268e-20,-873753.9388242082,2.0013871732139386e+21,0.0,0.0,0.0,0.0,0.0,0.3333333333333333,0.3333333333333333,2.0,4.239916225012569e-20,4.981451519947624e-22,0.0,8.91742287927684e-19,,0.0,0.0,0.0,0.0,0.0,4.239916225012569e-20,8.91742287927684e-19,0.0005332652264814314,17.0,1.5880404653022763e-17,1.7607759639859707e-21,8.940325509188496e-22,,,1.7607759639859707e-21,8.940325509188496e-22,10.0,,9.536544540177922e-08,3.4095948968030423,33126819531227.64,1.1027057914144525e-05,0.0009694343239754603,1.1027057914144525e-05,0.0009694343239754603,0.00844730834164154,0.0009804613818896048,False,False,1.0,1.46421282765075,8.537839910230171e-09,0.21972550107834757,0.6757158446158121,1.0,1.6226128796047015,2.622137599724132e-07,0.27054325674169394,0.6040861396191228,0.195154613344072,0.2697465322554204,0.007432526505513496,0.01962761862715318,True,AP3.4,130.0,8.3,7.498198192099515e+19,$(U_{0.8}Pu_{0.2})N$
K3_G3_Kd4p1e5_AP3p4,rizk2025_refit_plot,rizk2025_refit_full,1525.0,1.3,35000000000000.0,1.3785249011015106e+23,7.363957556961135e+25,2.7031102258098498e+25,3.760730250846919e+23,1.3190689396193505e+19,1.677084958930575,71.90795413510855,0.7430635955132684,2.054408965098061,2.7974725606113293,1.358248472434805,4.1557210330461345,3533279809101.537,8.833199522753842e+17,231.53371512133825,0.437207471911115,9642583.74586018,9588236.420931527,1.0056681252466835,1323752002.2403255,1323725424.9871905,31191667.784293327,30872801.57948619,1.0000200776177848,1.010328385779508,0.12908035224537615,68.95357745173932,25.310998722388717,5.606343473626615,5.606343473626615,0.0,5.987343501999992e+24,5.987343501999992e+24,0.0,1.0679587381981997e+26,1.0679587381982e+26,1.0533197145828674,1.0414210479007541e+17,0.005133422798023759,4.879949965732404e-07,9.65625807456764e-07,9.65625807456764e-07,0.022330317776642142,0.022330317776642142,1.4375802677643622e+21,3.7897172567864376e-05,9.718187700081108e-19,4.636776157857156e-21,4.636776157857156e-20,3.580777516173852e-15,1.7995675661038836e+19,35000000000000.0,35000000000000.0,0.0,0.0086637408121731,0.0010194268663535845,1.599657259590564e-05,5.187247849558119e-06,1.599657259590564e-05,5.187247849558119e-06,3.7193689310009085e-29,9.85299929949967e+18,1.5880165931477766e+19,369.4755390231463,5.934120987316756e-20,-937174.0294451996,2.0142178522049785e+21,0.0,0.0,0.0,0.0,0.0,0.3333333333333333,0.3333333333333333,2.0,8.007648208042697e-20,3.1142582676000646e-22,0.0,8.91742287927684e-19,,0.0,0.0,0.0,0.0,0.0,8.007648208042697e-20,8.91742287927684e-19,0.00032045669045619205,17.0,1.6520919090137883e-17,3.5807775161738524e-21,1.0559986416833037e-21,,,3.5807775161738524e-21,1.0559986416833037e-21,10.0,,9.536544540177922e-08,3.4095948968030423,33102990844862.75,1.1617189200539708e-05,0.0010078096771530447,1.1617189200539708e-05,0.0010078096771530447,0.0086637408121731,0.0010194268663535845,False,False,1.0,1.463691549143108,8.595313457054908e-09,0.21954439415505786,0.6759744002360901,1.0,1.6366389270535808,2.625512646864836e-07,0.2746772900342023,0.5983459379786079,0.19513806531853653,0.2738812494941662,0.0074306359551326836,0.02054408965098061,True,AP3.4,130.0,8.3,7.498198192099515e+19,$(U_{0.8}Pu_{0.2})N$
K3_G3_Kd4p1e5_AP3p4,rizk2025_refit_plot,rizk2025_refit_full,1550.0,1.3,35000000000000.0,1.3077611712335599e+23,7.314896273730614e+25,2.7474762035111588e+25,3.634883673011048e+23,1.3131056335107256e+19,1.6948572737214025,73.25039885328718,0.7412735784349906,2.161813652638563,2.9030872310735543,1.4337619714600789,4.336849202533633,3421777276537.903,8.554443191344758e+17,238.28074480619418,0.44844656194143384,9352197.392080007,9316741.064434892,1.0038056577294463,1309870533.7376926,1309844807.8318362,30491531.243723318,30307002.210956227,1.0000196404228214,1.0060886600226129,0.12245427884601061,68.49418439210393,25.726426548525154,5.656934780524914,5.656934780524914,0.0,6.041372930278897e+24,6.041372930278897e+24,0.0,1.0679587381981997e+26,1.0679587381981999e+26,1.0562190589773444,1.0029180945502346e+17,0.00499422619364829,4.779441779456957e-07,9.636753585475907e-07,9.636753585475907e-07,0.02353626227499978,0.02353626227499978,1.3971082811802507e+21,4.075573944539992e-05,1.039906973829712e-18,8.356987325282236e-21,8.356987325282236e-20,7.11715258415843e-15,1.7995675661038836e+19,35000000000000.0,35000000000000.0,0.0,0.009044881632721965,0.0010901555975314017,1.594723521592751e-05,5.177582913408758e-06,1.594723521592751e-05,5.177582913408758e-06,3.713733824564943e-29,1.0103653205965986e+19,1.577906625479279e+19,447.2999770042003,6.968145444068623e-20,-1022592.6271305057,2.0370995693208753e+21,0.0,0.0,0.0,0.0,0.0,0.3333333333333333,0.3333333333333333,2.0,1.4816468590202815e-19,1.921420918257287e-22,0.0,8.91742287927684e-19,,0.0,0.0,0.0,0.0,0.0,1.4816468590202815e-19,8.91742287927684e-19,0.0001847685385915996,17.0,1.7678418555105106e-17,7.11715258415843e-21,1.239834741123807e-21,,,7.11715258415843e-21,1.239834741123807e-21,10.0,,9.536544540177922e-08,3.4095948968030423,33076310435307.004,1.2605284558787451e-05,0.0010775503129726142,1.2605284558787451e-05,0.0010775503129726142,0.009044881632721965,0.0010901555975314017,False,False,1.0,1.4624475749185832,8.693392929699463e-09,0.2191117974606597,0.6765920802925389,1.0,1.6527786688345576,2.629481135624122e-07,0.2793682373311089,0.5918495162195085,0.19498124548405313,0.2785732547834355,0.007412735784349906,0.021618136526385633,True,AP3.4,130.0,8.3,7.498198192099515e+19,$(U_{0.8}Pu_{0.2})N$
K3_G3_Kd4p1e5_AP3p4,rizk2025_refit_plot,rizk2025_refit_full,1575.0,1.3,35000000000000.0,1.2011325024250122e+23,7.233746213527094e+25,2.8206614944368496e+25,3.4396831891610624e+23,1.3052738967583562e+19,1.7229654086549335,74.96343994171428,0.7369478026571298,2.3032378259295374,3.040185628586667,1.5295905798995242,4.569776208486191,3289486173832.8945,8.223715434582236e+17,246.69644291585487,0.46209886667602773,9024528.589872641,8998913.700418513,1.0028464423937011,1288501158.6206076,1288476244.9950092,29724476.2012131,29614436.07345259,1.000019335727527,1.0037157596885378,0.11246993535082599,67.73432301075101,26.41170855716497,5.741498496733194,5.741498496733194,0.0,6.131683489938042e+24,6.131683489938042e+24,0.0,1.0679587381981997e+26,1.0679587381981999e+26,1.060054206642264,9.442282256443195e+16,0.004778014235078954,4.6276654320900645e-07,9.968865087090866e-07,9.968865087090866e-07,0.025138420420165883,0.025138420420165883,1.3731972844317308e+21,4.362973378027233e-05,1.160586458076125e-18,1.528831509275627e-20,1.528831509275627e-19,1.384090397445483e-14,1.7995675661038836e+19,35000000000000.0,35000000000000.0,0.0,0.009693345271369155,0.0012156997540661877,1.5869795400973987e-05,5.165742738817559e-06,1.5869795400973987e-05,5.165742738817559e-06,3.8436432062804166e-29,1.0408164515817988e+19,1.6259693672991627e+19,558.4407705658051,8.388234578271021e-20,-1125055.0889995245,2.0755171490158294e+21,0.0,0.0,0.0,0.0,0.0,0.3333333333333333,0.3333333333333333,2.0,2.6884417014844093e-19,1.172220809834482e-22,0.0,8.91742287927684e-19,,0.0,0.0,0.0,0.0,0.0,2.6884417014844093e-19,8.91742287927684e-19,0.00010100245455023169,17.0,1.9729969787294123e-17,1.384090397445483e-20,1.4474111183014373e-21,,,1.384090397445483e-20,1.4474111183014373e-21,10.0,,9.536544540177922e-08,3.4095948968030423,33043063559394.938,1.4310309318238288e-05,0.0012013894447479494,1.4310309318238288e-05,0.0012013894447479494,0.009693345271369155,0.0012156997540661877,False,False,1.0,1.4600922293303769,8.854837595604409e-09,0.2182911502916147,0.6777641732339033,1.0,1.6735833449036865,2.6347295754802814e-07,0.2853135258096958,0.5836425150242849,0.1946012278213652,0.28452008390970124,0.007369478026571298,0.023032378259295373,True,AP3.4,130.0,8.3,7.498198192099515e+19,$(U_{0.8}Pu_{0.2})N$
K3_G3_Kd4p1e5_AP3p4,rizk2025_refit_plot,rizk2025_refit_full,1600.0,1.3,35000000000000.0,1.0563382839962589e+23,7.106650437376953e+25,2.9351789239910975e+25,3.161139623352673e+23,1.2943687240304916e+19,1.765700096170086,77.26383192096851,0.7289254435508062,2.500779206903176,3.229704650453982,1.658180513576164,4.887885164030147,3126314853284.1196,7.815787133210299e+17,257.7588231570363,0.47944727819286453,8633085.102671646,8612702.264890049,1.002366601927561,1257315717.6376107,1257291657.181941,28800935.635891456,28732719.3695336,1.000019136733734,1.0023741667288961,0.09891190045211427,66.54424167516899,27.48401056152382,5.872835862855078,5.872835862855078,0.0,6.271946377739844e+24,6.271946377739844e+24,0.0,1.0679587381981997e+26,1.0679587381981997e+26,1.0654447248897871,8.624361741335603e+16,0.004468244342050206,4.4099585825057606e-07,1.062014291175372e-06,1.062014291175372e-06,0.02739791252620249,0.02739791252620249,1.3605651595196335e+21,4.66767476657833e-05,1.3705602340796549e-18,2.804370316124471e-20,2.804370316124471e-19,2.6363059898109156e-14,1.7995675661038836e+19,35000000000000.0,35000000000000.0,0.0,0.010752605222443236,0.0014341613618479847,1.5753455032777286e-05,5.15065285340862e-06,1.5753455032777286e-05,5.15065285340862e-06,4.0970332673816226e-29,1.079086553434965e+19,1.7234340094745975e+19,718.5277336443022,1.031294997349673e-19,-1232038.0874898073,2.1360327349493815e+21,0.0,0.0,0.0,0.0,0.0,0.3333333333333333,0.3333333333333333,2.0,4.788179461519709e-19,7.08396822782879e-23,0.0,8.91742287927684e-19,,0.0,0.0,0.0,0.0,0.0,4.788179461519709e-19,8.91742287927684e-19,5.1686661057882994e-05,17.0,2.3299523979354132e-17,2.6363059898109155e-20,1.680643263135559e-21,,,2.6363059898109155e-20,1.680643263135559e-21,10.0,,9.536544540177922e-08,3.4095948968030423,32999861699618.953,1.7270974034213304e-05,0.0014168903878137714,1.7270974034213304e-05,0.0014168903878137714,0.010752605222443236,0.0014341613618479847,False,False,1.0,1.456180881396841,9.107652504287234e-09,0.21692381000642758,0.6797180618137264,1.0,1.70188316431812,2.64210796788057e-07,0.29322336353673517,0.5727706184320799,0.19389251171288135,0.29243214952973196,0.007289254435508062,0.02500779206903176,True,AP3.4,130.0,8.3,7.498198192099515e+19,$(U_{0.8}Pu_{0.2})N$
K3_G3_Kd4p1e5_AP3p4,rizk2025_refit_plot,rizk2025_refit_full,1625.0,1.3,35000000000000.0,8.828986708440688e+22,6.920139309078333e+25,3.103303472491483e+25,2.8025236849253825e+23,1.2790262403198149e+19,1.8270722257801748,80.35603615617556,0.715986853503462,2.7798641982263743,3.495851051729837,1.826044217618096,5.321895269347933,2923891072669.758,7.309727681674395e+17,272.184804623922,0.5,8160454.571435931,8156223.1332765855,1.0005187987246305,1215081906.9663591,1215058698.1048555,27671701.383215524,27627047.15405985,1.0000191010208312,1.0016163229065584,0.08267160886137287,64.79781532340478,29.058271274854715,6.061241792879147,6.032687651684587,0.028554141194560127,6.473156137037408e+24,6.442661492436932e+24,3.049464460047567e+22,1.0679587381981997e+26,1.0676537917521951e+26,1.0731278306473386,7.602846482852784e+16,0.004066481912798435,4.1216029864682795e-07,1.1711109607242215e-06,1.1711109607242215e-06,0.03062632738698542,0.03062632738698542,1.355229023735643e+21,5.013120352315758e-05,1.7295170995263346e-18,5.117002764222704e-20,5.117002764222704e-19,4.922854290289942e-14,1.7995675661038836e+19,35000000000000.0,35000000000000.0,0.0,0.01240301755238134,0.0018073756983264175,1.5589345020539417e-05,5.1317047067170204e-06,1.5589345020539417e-05,5.1317047067170204e-06,4.521049136230311e-29,1.127685841777595e+19,1.8859434075706814e+19,359.82789562965866,4.86618311281855e-20,-832443.2821239973,2.224951583083382e+21,3.172921948290641e+21,0.0,0.0,0.0,0.0,0.3333333333333333,0.3333333333333333,2.0,8.377748115986507e-19,4.247233928863714e-23,0.0,8.91742287927684e-19,,0.0,0.0,0.0,0.0,0.0,8.377748115986507e-19,8.91742287927684e-19,2.455733990734703e-05,17.0,2.940179069194769e-17,4.922854290289942e-20,1.941484739327618e-21,,,4.922854290289942e-20,1.941484739327618e-21,10.0,,9.536544540177922e-08,3.4095948968030423,32944469401817.96,2.239557314002868e-05,0.0017849801251863888,2.239557314002868e-05,0.0017849801251863888,0.01240301755238134,0.0018073756983264175,False,False,1.0,1.4503139127125197,9.48067514530426e-09,0.21486207963039047,0.6826665111340788,1.0,1.740558374568674,2.652630082501084e-07,0.30371724188842397,0.5584322085537816,0.19273844436769708,0.30292923871337923,0.0071598685350346206,0.027798641982263745,True,AP3.4,130.0,8.3,7.498198192099515e+19,$(U_{0.8}Pu_{0.2})N$
K3_G3_Kd4p1e5_AP3p4,rizk2025_refit_plot,rizk2025_refit_full,1650.0,1.3,35000000000000.0,7.011562637039742e+22,6.664837628554805e+25,3.3338577242830485e+25,2.3898678132718236e+23,1.257859855539815e+19,1.9096177376610013,84.3946776404139,0.6971107974631792,3.1671311092429066,3.8642419067060856,1.8780816661135433,5.742323572819628,2764106820372.06,6.910267050930149e+17,279.9413543367959,0.5000000000000003,7933359.186165517,7930232.406210091,1.0003942860429889,1162558877.1835501,1162536331.8625073,26336387.221629903,26304976.35714546,1.0000193932184525,1.0011941035056628,0.06565387206690455,62.407257791619806,31.217102356480055,6.309985979833252,5.9481356546880315,0.36185032514522,6.73880466507105e+24,6.352363448412353e+24,3.864412166586974e+23,1.0679587381981997e+26,1.064094326031613e+26,1.0839217720946253,6.467998950159924e+16,0.00359887410098147,3.7730818771631863e-07,1.3527954772641877e-06,1.3527954772641877e-06,0.03517148250104231,0.03517148250104231,1.3572125828918215e+21,5.4218174817797996e-05,2.332934307037629e-18,9.243457552501816e-20,9.243457552501817e-19,9.020265555838444e-14,1.7995675661038836e+19,35000000000000.0,35000000000000.0,0.0,0.014844823947468345,0.002434007225668133,1.537415996688612e-05,5.109010851014999e-06,1.537415996688612e-05,5.109010851014999e-06,5.227440693761542e-29,1.1885560771456074e+19,2.1531891770911826e+19,371.4812201537846,4.890073246941553e-20,-747580.8036094345,2.3465184674926266e+21,2.9719347389595627e+21,0.0,0.0,0.0,0.0,0.3333333333333333,0.3333333333333333,2.0,1.441192019109945e-18,2.5299362888157518e-23,0.0,8.91742287927684e-19,,0.0,0.0,0.0,0.0,0.0,1.441192019109945e-18,8.91742287927684e-19,1.0844438616140361e-05,17.0,3.9659883219639695e-17,9.020265555838444e-20,2.2319199666337208e-21,,,9.020265555838444e-20,2.2319199666337208e-21,10.0,,9.536544540177922e-08,3.4095948968030423,32876885106828.555,3.119860718683286e-05,0.0024028086184813,3.119860718683286e-05,0.0024028086184813,0.014844823947468345,0.002434007225668133,False,False,1.0,1.4422501911536012,9.997687756488795e-09,0.2120071094845669,0.6867538790822346,1.0,1.792119987353987,2.667425697024366e-07,0.3171729218655159,0.5401942030407147,0.19102957222945124,0.31638946495592146,0.006971107974631792,0.031671311092429065,True,AP3.4,130.0,8.3,7.498198192099515e+19,$(U_{0.8}Pu_{0.2})N$
K3_G3_Kd4p1e5_AP3p4,rizk2025_refit_plot,rizk2025_refit_full,1675.0,1.3,35000000000000.0,5.329895547290055e+22,6.337919850382612e+25,3.6300853141345474e+25,1.9636941353910792e+23,1.2295937997739231e+19,2.0137151700690525,89.46743554029865,0.6716709692129909,3.6884613846699255,4.360132353882917,1.9411021585645838,6.301234512447501,2587539473096.4775,6.468848682741194e+17,289.3350044245603,0.5,7675609.936600851,7672766.744608779,1.0003705562917145,1102462283.7292829,1102439924.4724734,24837652.336730152,24813497.63289068,1.000020281610193,1.000973450184123,0.049907317171095554,59.34611163981481,33.99087609188932,6.613104951124796,5.86713467624669,0.7459702748781057,7.062523219175504e+24,6.265857745683318e+24,7.966654734921861e+23,1.0679587381981997e+26,1.0599920834632782e+26,1.0987004616620633,5.336759201417572e+16,0.0031081210327368095,3.387321608769142e-07,1.6629525206342629e-06,1.6629525206342629e-06,0.04140802672802855,0.04140802672802855,1.3690168550866247e+21,5.911543539896328e-05,3.331146250834437e-18,1.6487351410383357e-19,1.6487351410383356e-18,1.6231955709997532e-13,1.7995675661038836e+19,35000000000000.0,35000000000000.0,0.0,0.01827176172990015,0.0034690365462960236,1.511182934202315e-05,5.08336028820291e-06,1.511182934202315e-05,5.08336028820291e-06,6.434976584188939e-29,1.2625217100285377e+19,2.601830475150252e+19,451.06936780565,5.739638921728552e-20,-768974.1435171062,2.501730841177096e+21,3.221112521201998e+21,0.0,0.0,0.0,0.0,0.3333333333333333,0.3333333333333333,2.0,2.439403962906753e-18,1.4991150623023926e-23,0.0,8.91742287927684e-19,,0.0,0.0,0.0,0.0,0.0,2.439403962906753e-18,8.91742287927684e-19,4.5002979437689685e-06,17.0,5.662948626418543e-17,1.623195570999753e-19,2.553957003858251e-21,,,1.623195570999753e-19,2.553957003858251e-21,10.0,,9.536544540177922e-08,3.4095948968030423,32799846533707.816,4.6157762679087276e-05,0.0034228787836169364,4.6157762679087276e-05,0.0034228787836169364,0.01827176172990015,0.0034690365462960236,False,False,1.0,1.431945750253319,1.0674197813540657e-08,0.20832239597060928,0.692036816698768,1.0,1.8584630556578925,2.687709777750286e-07,0.33365261830695986,0.5180928562080714,0.1886769552448611,0.3328754350377966,0.0067167096921299085,0.036884613846699256,True,AP3.4,130.0,8.3,7.498198192099515e+19,$(U_{0.8}Pu_{0.2})N$
K3_G3_Kd4p1e5_AP3p4,rizk2025_refit_plot,rizk2025_refit_full,1700.0,1.3,35000000000000.0,3.92332827357963e+22,5.94283974875461e+25,3.989842514704904e+25,1.562474350713178e+23,1.1930943269221444e+19,2.1378167655351206,95.61791092877414,0.6394593501832593,4.368990926958215,5.008450277141475,2.016329461523848,7.024779738665322,2398064042228.791,5.995160105571977e+17,300.5481659464978,0.5,7389211.95214132,7386503.234876483,1.000366711714421,1038465562.4144019,1038442599.8475637,23237992.75336268,23217407.475610714,1.0000221125046695,1.000886631195735,0.03673670276998576,55.64671682710362,37.359519352183426,6.957027117942983,5.789006455967138,1.168020661975844,7.429817902489045e+24,6.182420030135897e+24,1.2473978723531482e+24,1.0679587381981997e+26,1.0554847594746683e+26,1.1184316619913504,4.303400707890551e+16,0.0026362541104123977,2.99041900912756e-07,2.207781871290895e-06,2.207781871290895e-06,0.04975507396519036,0.04975507396519036,1.3930175113124362e+21,6.497556688870398e-05,4.9573286738281364e-18,2.899995230890099e-19,2.8999952308900988e-18,2.8708990269161864e-13,1.7995675661038836e+19,35000000000000.0,35000000000000.0,0.0,0.022842797854642594,0.005152416371712274,1.4812070166464859e-05,5.055853293145253e-06,1.4812070166464859e-05,5.055853293145253e-06,8.561465776241715e-29,1.349021408474859e+19,3.3724126472897913e+19,557.3289363466475,6.821269107171934e-20,-784987.2078424549,2.6884331147859916e+21,3.5007485834487723e+21,0.0,0.0,0.0,0.0,0.3333333333333333,0.3333333333333333,2.0,4.065586385900453e-18,8.846547337881255e-24,0.0,8.91742287927684e-19,,0.0,0.0,0.0,0.0,0.0,4.065586385900453e-18,8.91742287927684e-19,1.7845391984166736e-06,17.0,8.427458745507831e-17,2.8708990269161863e-19,2.90962039739128e-21,,,2.8708990269161863e-19,2.90962039739128e-21,10.0,,9.536544540177922e-08,3.4095948968030423,32718395239472.85,7.122308508218315e-05,0.005081193286630091,7.122308508218315e-05,0.005081193286630091,0.022842797854642594,0.005152416371712274,False,False,1.0,1.419488831227814,1.1519272417927262e-08,0.2038123168679114,0.698514651541827,1.0,1.9410464298858694,2.7148409560466646e-07,0.35297227788179786,0.49252989044608114,0.18561125790444807,0.3522035379903919,0.0063945935018325925,0.043689909269582154,True,AP3.4,130.0,8.3,7.498198192099515e+19,$(U_{0.8}Pu_{0.2})N$
K3_G3_Kd4p1e5_AP3p4,rizk2025_refit_plot,rizk2025_refit_full,1725.0,1.3,35000000000000.0,2.829133460183681e+22,5.4872530548349775e+25,4.407294006367783e+25,1.2110069829761917e+23,1.1473010529191637e+19,2.279182742878272,102.89367564959954,0.6005825374479086,5.2351851601647414,5.83576769761265,2.0982948442725027,7.934062541885154,2214372818036.0557,5.535932045090139e+17,312.7656859134944,0.5,7100628.837516994,7097965.345897996,1.000375247199613,974057980.9640481,974033348.987395,21595220.085885797,21575670.088413645,1.0000252886378878,1.00090611310759,0.02649103714397091,51.38075899910481,41.26839220215121,7.324357761600008,5.71304521823502,1.6113125433649877,7.822111873190535e+24,6.10129656253553e+24,1.7208153106550042e+24,1.0679587381981997e+26,1.0507505850916496e+26,1.1442905009065947,3.4162447221654724e+16,0.002211971849171402,2.603281819459632e-07,3.189461209127456e-06,3.189461209127456e-06,0.060726316474056324,0.060726316474056324,1.430037640491186e+21,7.1983757903798e-05,7.567991386132277e-18,5.027449568924469e-19,5.0274495689244694e-18,4.994440127391286e-13,1.7995675661038836e+19,35000000000000.0,35000000000000.0,0.0,0.02865479943911233,0.007850763794834684,1.4487328229459346e-05,5.027497756070631e-06,1.4487328229459346e-05,5.027497756070631e-06,1.2408758043385474e-28,1.4459517523151458e+19,4.7181227022066794e+19,693.049219341447,8.144633474569365e-20,-799234.2536129322,2.9022342231744693e+21,3.8093080438684317e+21,0.0,0.0,0.0,0.0,0.3333333333333333,0.3333333333333333,2.0,6.676249098204593e-18,5.204352986654048e-24,0.0,8.91742287927684e-19,,0.0,0.0,0.0,0.0,0.0,6.676249098204593e-18,8.91742287927684e-19,6.876795600204564e-07,17.0,1.286558535642487e-16,4.994440127391286e-19,3.3009441533183215e-21,,,4.994440127391286e-19,3.3009441533183215e-21,10.0,,9.536544540177922e-08,3.4095948968030423,32639019119734.44,0.00011249635505347934,0.007738267439781205,0.00011249635505347934,0.007738267439781205,0.02865479943911233,0.007850763794834684,False,False,1.0,1.404994371800673,1.2540564428833145e-08,0.1984858981485662,0.706180992681847,1.0,2.0413842824139725,2.7504876613048356e-07,0.37484866594884625,0.46406227943095474,0.1817708480832011,0.3740910766058513,0.006005825374479086,0.05235185160164742,True,AP3.4,130.0,8.3,7.498198192099515e+19,$(U_{0.8}Pu_{0.2})N$
K3_G3_Kd4p1e5_AP3p4,rizk2025_refit_plot,rizk2025_refit_full,1750.0,1.3,35000000000000.0,2.0168090697707372e+22,4.980997374979238e+25,4.874533030706696e+25,9.188870583879585e+22,1.0911225613832059e+19,2.4344835164309546,111.39714377322402,0.5553557327311508,6.318068237479968,6.873423970211119,2.1886899744057793,9.062113944616899,2035238322736.0505,5.088095806840126e+17,326.23971934428045,0.5,6807483.4385819845,6804812.131588541,1.0003925614611817,911925336.1550664,911897733.1399658,19949299.299190756,19928697.67396685,1.000030269858228,1.0010337667599232,0.018884709658103314,46.640354133745824,45.643458462924656,7.697302693671432,5.639190756195496,2.0581119374759362,8.220401672262946e+24,6.022423044445493e+24,2.197978627817453e+24,1.0679587381981997e+26,1.0459789519200253e+26,1.177842611661706,2.68416991150191e+16,0.0018483382001644978,2.2385217998558575e-07,5.0009127600630205e-06,5.0009127600630205e-06,0.07501103359885172,0.07501103359885172,1.479674354166046e+21,8.04345234479028e-05,1.170078713301288e-17,8.589643716813095e-19,8.589643716813095e-18,8.552344067970446e-13,1.7995675661038836e+19,35000000000000.0,35000000000000.0,0.0,0.035712329410238275,0.012117460575204889,1.4150229782755596e-05,4.998988807630117e-06,1.4150229782755596e-05,4.998988807630117e-06,1.9554422738565813e-28,1.5493052546485852e+19,7.096860886114397e+19,866.8739912946749,9.75948139749514e-20,-809069.4859358137,3.1373859443430675e+21,4.1413546315243565e+21,0.0,0.0,0.0,0.0,0.3333333333333333,0.3333333333333333,2.0,1.0809044845085196e-17,3.0549830664988003e-24,0.0,8.91742287927684e-19,,0.0,0.0,0.0,0.0,0.0,1.0809044845085196e-17,8.91742287927684e-19,2.610920984862119e-07,17.0,1.9891338126121898e-16,8.552344067970446e-19,3.7299648842649055e-21,,,8.552344067970446e-19,3.7299648842649055e-21,10.0,,9.536544540177922e-08,3.4095948968030423,32569060776407.645,0.00017905522842846583,0.011938405346776423,0.00017905522842846583,0.011938405346776423,0.035712329410238275,0.012117460575204889,False,False,1.0,1.3885296220209433,1.3749354502079411e-08,0.19232974901064473,0.7150625856187631,1.0,2.1616170316335865,2.796898896887909e-07,0.39902876961344724,0.43322431580205945,0.17708852464039523,0.39828575216163553,0.0055535573273115075,0.06318068237479968,True,AP3.4,130.0,8.3,7.498198192099515e+19,$(U_{0.8}Pu_{0.2})N$
K3_G3_Kd4p1e5_AP3p4,rizk2025_refit_plot,rizk2025_refit_full,1775.0,1.3,35000000000000.0,1.429954987271062e+22,4.4350621590981465e+25,5.382352232518771e+25,6.849347226827097e+22,1.0233318090432834e+19,2.600007183184741,121.33674279409782,0.5042680308941649,7.657413161251656,8.16168119214582,2.281419146078202,10.443100338224022,1873154521598.7617,4.6828863039969043e+17,340.06165817307794,0.5,6530941.006138546,6528227.886456132,1.000415598188299,853875888.6020666,853843794.8778007,18320043.204690974,18296189.174677495,1.0000375873484804,1.001303770407364,0.013389608943914838,41.52840367766208,50.398503612598134,8.059703100795886,5.566942213322118,2.4927608874737683,8.607430353778092e+24,5.945264581761782e+24,2.66216577201631e+24,1.0679587381981997e+26,1.0413370804780365e+26,1.2213280246197704,2.0937725931703252e+16,0.0015468996224516543,1.9014011794842632e-07,8.436299543144753e-06,8.436299543144753e-06,0.09360051205912007,0.09360051205912007,1.541681235589072e+21,9.084489096531482e-05,1.8155987823124585e-17,1.4466570670705438e-18,1.4466570670705438e-17,1.4424583518951984e-12,1.7995675661038836e+19,35000000000000.0,35000000000000.0,0.0,0.043889565502761727,0.018778676940503367,1.3812347228649465e-05,4.970668133046337e-06,1.3812347228649465e-05,4.970668133046337e-06,3.324451816020982e-28,1.6524106828870435e+19,1.135732151544965e+20,1078.877818181968,1.1644860078880722e-19,-817785.3738217062,3.3872129326602613e+21,4.4899089335845493e+21,0.0,0.0,0.0,0.0,0.3333333333333333,0.3333333333333333,2.0,1.7264245535196902e-17,1.7908286029686076e-24,0.0,8.91742287927684e-19,,0.0,0.0,0.0,0.0,0.0,1.7264245535196902e-17,8.91742287927684e-19,9.86357019191045e-08,17.0,3.0865179299311796e-16,1.4424583518951983e-18,4.198715175345496e-21,,,1.4424583518951983e-18,4.198715175345496e-21,10.0,,9.536544540177922e-08,3.4095948968030423,32516661513518.824,0.0002837832052637352,0.01849489373523963,0.0002837832052637352,0.01849489373523963,0.043889565502761727,0.018778676940503367,False,False,1.0,1.3700896094607828,1.5164359233700355e-08,0.18529695047744257,0.7252356559618994,1.0,2.305118713017047,2.857332692914382e-07,0.42537030904109124,0.4004277669891748,0.17148276547045696,0.42464631541121994,0.005042680308941649,0.07657413161251655,True,AP3.4,130.0,8.3,7.498198192099515e+19,$(U_{0.8}Pu_{0.2})N$
K3_G3_Kd4p1e5_AP3p4,rizk2025_refit_plot,rizk2025_refit_full,1800.0,1.3,35000000000000.0,1.0119235093753416e+22,3.8613995489048253e+25,5.920306739532713e+25,5.0238479840325675e+22,9.424246111191749e+18,2.7715527659372103,133.1013126717744,0.44801706107137873,9.308554464143597,9.756571525214977,2.374873765833594,12.13144529104857,1728632638352.8735,4.3215815958821843e+17,353.99173016909134,0.5,6274108.122419463,6271332.945940778,1.0004425178032497,801033356.4001129,800995033.2839142,16709153.128118675,16679024.086520342,1.0000478443868017,1.0018064031469733,0.009475305301425806,36.15682339394088,55.435725443111444,8.397975857646271,5.496183313226917,2.901792544419354,8.968691700350855e+24,5.869696996099818e+24,3.098994704251037e+24,1.0679587381981997e+26,1.0369687911556894e+26,1.2781746798272415,1.62335331565107e+16,0.0013028948397634814,1.5920132293835078e-07,1.5202704854958655e-05,1.5202704854958655e-05,0.11801725565792576,0.11801725565792576,1.6179550137049507e+21,0.0001041906017556873,2.8109916689626407e-17,2.4025223904971453e-18,2.4025223904971453e-17,2.3978131732901632e-12,1.7995675661038836e+19,35000000000000.0,35000000000000.0,0.0,0.05288178393657552,0.02905603948950411,1.3483962975591548e-05,4.942553095604776e-06,1.3483962975591548e-05,4.942553095604776e-06,6.063637389768309e-28,1.7448152996041933e+19,1.9150222310717905e+20,1331.0357071303454,1.379294848561289e-19,-824994.2384742612,3.6441730361977565e+21,4.845789020269706e+21,0.0,0.0,0.0,0.0,0.3333333333333333,0.3333333333333333,2.0,2.721817440169872e-17,1.0491064501063835e-24,0.0,8.91742287927684e-19,,0.0,0.0,0.0,0.0,0.0,2.721817440169872e-17,8.91742287927684e-19,3.732157806406955e-08,17.0,4.77868583723649e-16,2.397813173290163e-18,4.7092172069822286e-21,,,2.397813173290163e-18,4.7092172069822286e-21,10.0,,9.536544540177922e-08,3.4095948968030423,32491245839469.51,0.0004437948259934405,0.02861224466351067,0.0004437948259934405,0.02861224466351067,0.05288178393657552,0.02905603948950411,False,False,1.0,1.3496043542462612,1.681509413289095e-08,0.17730618685942406,0.7368277499081242,1.0,2.477382829713805,2.9368444227675625e-07,0.45390326099164496,0.36590353769900547,0.16485350463073853,0.4532043621799566,0.004480170610713787,0.09308554464143597,True,AP3.4,130.0,8.3,7.498198192099515e+19,$(U_{0.8}Pu_{0.2})N$
K3_G3_Kd4p1e5_ANP6,rizk2025_refit_plot,rizk2025_refit_full,900.0,3.2,35000000000000.0,1.63427644618737e+23,2.182224484980292e+26,2.7996656775573065e+25,9.965952248292225e+23,1.4089004637205565e+19,1.7031667141533975,42.659434026445595,2.0624284640937356,0.4581568552363722,2.5205853193301078,0.1402637217541806,2.660849041084288,7675379149629.501,1.9188447874073754e+18,83.8743207182537,0.12463468859761542,1208244159419.8906,26468172.6300629,45648.945105018356,1306556869.7336948,1303454313.3985023,157995129.032678,52040071.57300234,1.002380257062561,3.0360282808420207,0.062167645857152405,83.01151208509047,10.649888809622638,6.276431459429742,6.276431459429742,0.0,1.64996180228937e+25,1.64996180228937e+25,0.0,2.6288215094111468e+26,2.6288215094111468e+26,1.011548580976653,1.3895030109544694e+17,0.004587964609885231,5.032481043529183e-07,2.0191147768048684e-07,2.0191147768048684e-07,0.0049480318090735186,0.0049480318090735186,1.048229400365869e+21,8.082600019854758e-06,9.229586270335752e-19,5.911994148657879e-25,5.911994148657879e-24,5.119872410101689e-28,1.8625632456264503e+19,35000000000000.0,35000000000000.0,0.0,0.022110802749568156,0.000984239400867659,1.648166811217627e-05,5.7375904713954235e-06,1.648166811217627e-05,5.7375904713954235e-06,6.509886222879033e-30,5.938010132321112e+18,2.5027697545932605e+18,0.00030369612353989343,9.905486503336031e-22,-100085.35603984425,2.5873505160753693e+21,0.0,0.0,0.0,0.0,0.0,0.3333333333333333,0.3333333333333333,2.0,2.4966082885114063e-31,1.1115015552558786e-24,0.0,9.229586270333256e-19,,0.0,0.0,0.0,0.0,0.0,2.4966082885114063e-31,9.229586270333256e-19,1.2042810183467137e-06,17.0,1.5690296659570778e-17,5.119872410101689e-34,5.911994143538007e-25,,,5.119872410101689e-34,5.911994143538007e-25,10.0,,9.536544540177922e-08,3.4095948968030423,33797957873970.867,7.005102269437424e-06,0.0009772342985982215,7.005102269437424e-06,0.0009772342985982215,0.022110802749568156,0.000984239400867659,False,False,1.0,1.7568563680298992,6.2108250564159195e-09,0.30803468043496324,0.5525619707904119,1.0,1.3236577285818503,2.568484320203157e-07,0.16690326380737902,0.7519697913191166,0.2742371569942069,0.16608792642398573,0.020624284640937355,0.004581568552363722,True,ANP6,125.0,8.0,7.76068019011021e+19,$(U_{0.8}Pu_{0.2})N$
K3_G3_Kd4p1e5_ANP6,rizk2025_refit_plot,rizk2025_refit_full,925.0,3.2,35000000000000.0,1.633075491931522e+23,2.181202292828811e+26,2.810968865612291e+25,9.953872814880005e+23,1.4058664112547035e+19,1.7053005007520055,44.29285427062855,2.0676806110598798,0.5117215029724794,2.579402114032359,0.14020084174877864,2.719602955781138,7675949512613.315,1.9189873781533286e+18,83.85970809583215,0.12460052302311334,468211789836.09894,26472784.730696373,17686.533343550615,1303768416.8575797,1301823343.7573154,131599415.14515454,50120951.48431482,1.0014941144738199,2.62563680951544,0.06212196172639081,82.97262803960388,10.692885977800543,6.272364020869198,6.272364020869198,0.0,1.6488925452917537e+25,1.6488925452917537e+25,0.0,2.6288215094111468e+26,2.628821509411147e+26,1.012911263429906,1.3874618599879774e+17,0.004584535547129136,5.001451673397041e-07,2.3480174611614687e-07,2.3480174611614687e-07,0.005523291108979269,0.005523291108979269,1.2183561492860602e+21,8.579534690629838e-06,9.229586270347583e-19,1.005157781403788e-24,1.005157781403788e-23,3.600113810511962e-27,1.8625632456264503e+19,35000000000000.0,35000000000000.0,0.0,0.02210863165408014,0.0009832375830138487,1.647557421247339e-05,5.704591756053492e-06,1.647557421247339e-05,5.704591756053492e-06,7.591114396468259e-30,6.129046654084054e+18,3.02421729810541e+18,0.0008049316176372394,9.902578253941297e-22,-100074.75130577719,2.585858374583391e+21,0.0,0.0,0.0,0.0,0.0,0.3333333333333333,0.3333333333333333,2.0,1.4326320272288242e-30,7.928467239249499e-24,0.0,9.229586270333256e-19,,0.0,0.0,0.0,0.0,0.0,1.4326320272288242e-30,9.229586270333256e-19,8.590273720851104e-06,17.0,1.569029665959089e-17,3.600113810511962e-33,1.0051577778036742e-24,,,3.600113810511962e-33,1.0051577778036742e-24,10.0,,9.536544540177922e-08,3.4095948968030423,33754620258585.7,7.256348411075879e-06,0.0009759812346027729,7.256348411075879e-06,0.0009759812346027729,0.02210863165408014,0.0009832375830138487,False,False,1.0,1.7576888207414074,6.2133365375908214e-09,0.30825358085739707,0.5522647979718436,1.0,1.3391116343360883,2.5703306014121056e-07,0.17313808607309822,0.7428879335068764,0.2744697489701813,0.17232351934428963,0.020676806110598796,0.005117215029724794,True,ANP6,125.0,8.0,7.76068019011021e+19,$(U_{0.8}Pu_{0.2})N$
K3_G3_Kd4p1e5_ANP6,rizk2025_refit_plot,rizk2025_refit_full,950.0,3.2,35000000000000.0,1.6319006873984602e+23,2.180227264874145e+26,2.8217887467434286e+25,9.94199321269071e+23,1.402495935812327e+19,1.707418060121318,45.985056719624794,2.0729159065788365,0.5712686613736314,2.644184567952468,0.14017919412531568,2.7843637620777835,7676138862514.055,1.9190347156285135e+18,83.8547022696495,0.12458872121476541,190853549823.21756,26474365.061379634,7208.994413302534,1301468512.0121639,1300208807.5853324,111675293.90286274,48276552.39256414,1.0009688477877419,2.313240866803564,0.06207727232740135,82.93553811352197,10.734044653246565,6.268339960904077,6.268339960904077,0.0,1.6478346917526064e+25,1.6478346917526064e+25,0.0,2.6288215094111468e+26,2.6288215094111468e+26,1.0144292488661302,1.3854666127981082e+17,0.004581096231491497,4.970329877871456e-07,2.698234653600704e-07,2.698234653600704e-07,0.006162745165220953,0.006162745165220953,1.4025658037784735e+21,9.122477565841922e-06,9.229586270408242e-19,1.654156910152138e-24,1.654156910152138e-23,2.2845010932250072e-26,1.8625632456264503e+19,35000000000000.0,35000000000000.0,0.0,0.02210665794099616,0.0009822093660587783,1.646953094896096e-05,5.672796866493406e-06,1.646953094896096e-05,5.672796866493406e-06,8.746489092884963e-30,6.322868694484073e+18,3.579747357230592e+18,0.0020269180946821713,9.902569694862963e-22,-100080.95456236204,2.5843987759898946e+21,0.0,0.0,0.0,0.0,0.0,0.3333333333333333,0.3333333333333333,2.0,7.498646671560408e-30,4.1448101342312676e-23,0.0,9.229586270333256e-19,,0.0,0.0,0.0,0.0,0.0,7.498646671560408e-30,9.229586270333256e-19,4.490786491178152e-05,17.0,1.5690296659694012e-17,2.284501093225007e-32,1.6541568873071272e-24,,,2.284501093225007e-32,1.6541568873071272e-24,10.0,,9.536544540177922e-08,3.4095948968030423,33710140915106.062,7.514207377310032e-06,0.0009746951586814682,7.514207377310032e-06,0.0009746951586814682,0.02210665794099616,0.0009822093660587783,False,False,1.0,1.7585183520025274,6.2158104420762475e-09,0.30847155768539525,0.55196892303013,1.0,1.355378078490934,2.5723878466614607e-07,0.17957777505841202,0.7335288653765383,0.2747012030270822,0.17876402864437924,0.020729159065788365,0.005712686613736314,True,ANP6,125.0,8.0,7.76068019011021e+19,$(U_{0.8}Pu_{0.2})N$
K3_G3_Kd4p1e5_ANP6,rizk2025_refit_plot,rizk2025_refit_full,975.0,3.2,35000000000000.0,1.630746647650928e+23,2.1793181400740674e+26,2.831934257793326e+25,9.930355948722674e+23,1.3988165190552797e+19,1.7095301273843562,47.71009701085506,2.078182587727526,0.6363268672376514,2.714509454965177,0.14024927722023725,2.854758732185415,7675480890194.94,1.918870222548735e+18,83.87107087735994,0.12462668241557923,81512056668.6293,26469198.22028008,3079.5060730693635,1299443388.9694219,1298602443.1149871,96360958.04736628,46531030.936594054,1.0006475776007455,2.070896692116567,0.0620333728179291,82.90095513415942,10.772638034400732,6.2643734586219475,6.2643734586219475,0.0,1.6467919691009673e+25,1.6467919691009673e+25,0.0,2.6288215094111468e+26,2.6288215094111478e+26,1.0160914738583346,1.383508034090237e+17,0.004577627014757111,4.939531065079325e-07,3.0635644758148444e-07,3.0635644758148444e-07,0.006861579603398117,0.006861579603398117,1.59836235611709e+21,9.713267508239118e-06,9.229586270693807e-19,2.6424228814455974e-24,2.6424228814455972e-23,1.3186026336093777e-25,1.8625632456264503e+19,35000000000000.0,35000000000000.0,0.0,0.022105102022644627,0.0009811719856068467,1.6463507623075984e-05,5.642633189187517e-06,1.6463507623075984e-05,5.642633189187517e-06,9.955727926554063e-30,6.520844087293591e+18,4.1587725765453153e+18,0.004869020182372758,9.90890369125281e-22,-100123.46218054138,2.582965153427324e+21,0.0,0.0,0.0,0.0,0.0,0.3333333333333333,0.3333333333333333,2.0,3.605513394506346e-29,1.6519152081715012e-22,0.0,9.229586270333256e-19,,0.0,0.0,0.0,0.0,0.0,3.605513394506346e-29,9.229586270333256e-19,0.00017898041794318947,17.0,1.5690296660179473e-17,1.3186026336093777e-31,2.642422749585334e-24,,,1.3186026336093777e-31,2.642422749585334e-24,10.0,,9.536544540177922e-08,3.4095948968030423,33665265463379.55,7.77435589852564e-06,0.0009733976297083211,7.77435589852564e-06,0.0009733976297083211,0.022105102022644627,0.0009811719856068467,False,False,1.0,1.7593532645941246,6.218237706564981e-09,0.3086907921490708,0.5516713853643912,1.0,1.372229052378264,2.5746412060484314e-07,0.18612056452975653,0.7240428418374384,0.2749336517723209,0.18530768057344182,0.02078182587727526,0.006363268672376514,True,ANP6,125.0,8.0,7.76068019011021e+19,$(U_{0.8}Pu_{0.2})N$
K3_G3_Kd4p1e5_ANP6,rizk2025_refit_plot,rizk2025_refit_full,1000.0,3.2,35000000000000.0,1.6296096478357008e+23,2.178485906966622e+26,2.841292229672293e+25,9.918994022633189e+23,1.394862554639929e+19,1.7116422744933144,49.44512167371115,2.0835083752550934,0.7063019004490958,2.7898102757041894,0.14051541277959384,2.9303256884837836,7673016803215.625,1.9182542008039063e+18,83.93307105050883,0.1247709380420077,36346427363.70244,26449645.797710173,1374.1744461035112,1297577510.8247395,1296999982.462557,84399618.78396529,44898261.443258286,1.0004452801619055,1.879797036030631,0.06199012150508201,82.86929710395594,10.808235627639624,6.260477146899359,6.260477146899359,0.0,1.6457676982945964e+25,1.6457676982945964e+25,0.0,2.6288215094111468e+26,2.6288215094111468e+26,1.017883708292942,1.381579731022974e+17,0.004574120283806443,4.909346433668637e-07,3.437089184564715e-07,3.437089184564715e-07,0.007613716393136108,0.007613716393136108,1.802895348396656e+21,1.03539729144677e-05,9.229586271935955e-19,4.1078364398687146e-24,4.107836439868715e-23,6.972208708889678e-25,1.8625632456264503e+19,35000000000000.0,35000000000000.0,0.0,0.02210410356206758,0.0009801402994032613,1.6457488329279762e-05,5.614353242559169e-06,1.6457488329279762e-05,5.614353242559169e-06,1.1195966689571566e-29,6.723315182758993e+18,4.749560621728684e+18,0.01120043174715532,9.928757595806469e-22,-100243.15038332969,2.581552959418666e+21,0.0,0.0,0.0,0.0,0.0,0.3333333333333333,0.3333333333333333,2.0,1.6026995865756309e-28,5.19276648232866e-22,0.0,9.229586270333256e-19,,0.0,0.0,0.0,0.0,0.0,1.6026995865756309e-28,9.229586270333256e-19,0.000562621804415882,17.0,1.5690296662291124e-17,6.972208708889678e-31,4.1078357426478436e-24,,,6.972208708889678e-31,4.1078357426478436e-24,10.0,,9.536544540177922e-08,3.4095948968030423,33620636642078.242,8.03306749424529e-06,0.000972107231909016,8.03306749424529e-06,0.000972107231909016,0.02210410356206758,0.0009801402994032613,False,False,1.0,1.7601983468584714,6.2206112038083065e-09,0.30891253739279834,0.5513704854303101,1.0,1.3894514286261666,2.5770715372917884e-07,0.19267744392301359,0.7145603703820137,0.27516831020128185,0.19186545663540117,0.020835083752550936,0.007063019004490958,True,ANP6,125.0,8.0,7.76068019011021e+19,$(U_{0.8}Pu_{0.2})N$
K3_G3_Kd4p1e5_ANP6,rizk2025_refit_plot,rizk2025_refit_full,1025.0,3.2,35000000000000.0,1.6284867462558344e+23,2.1777356918270067e+26,2.849809056720901e+25,9.907928693327013e+23,1.3906739129902424e+19,1.7137572323959245,51.17052550429161,2.0889083382934217,0.780501152109324,2.869409490402745,0.14118504425031686,3.010594534653062,7666855531460.155,1.9167138828650386e+18,84.088701730257,0.12513351311668644,16865749447.07029,26400693.01011927,638.8373759963696,1295806644.6619768,1295399347.138755,74924671.41178705,43384350.2313419,1.000314418502774,1.7269976618817646,0.06194740648712258,82.84075902569806,10.840633517789707,6.256660050025115,6.256660050025115,0.0,1.6447642516579444e+25,1.6447642516579444e+25,0.0,2.6288215094111468e+26,2.628821509411147e+26,1.0197891167020974,1.3796766570009637e+17,0.004570575411315792,4.879976612245906e-07,3.811401683119904e-07,3.811401683119904e-07,0.008412047175831584,0.008412047175831584,2.0130410038811715e+21,1.1045181814985224e-05,9.22958627695745e-19,6.228609020264905e-24,6.228609020264905e-23,3.398959714178951e-24,1.8625632456264503e+19,35000000000000.0,35000000000000.0,0.0,0.02210374342343454,0.0009791266848112,1.6451465291788303e-05,5.588075940446811e-06,1.6451465291788303e-05,5.588075940446811e-06,1.2442535687421777e-29,6.929721236508746e+18,5.339686914146678e+18,0.024765100955088083,9.976459840302572e-22,-100521.43706750053,2.580158589421207e+21,0.0,0.0,0.0,0.0,0.0,0.3333333333333333,0.3333333333333333,2.0,6.624193185834588e-28,1.3258494972592796e-21,0.0,9.229586270333256e-19,,0.0,0.0,0.0,0.0,0.0,6.624193185834588e-28,9.229586270333256e-19,0.0014365210503198725,17.0,1.5690296670827666e-17,3.398959714178951e-30,6.228605621305191e-24,,,3.398959714178951e-30,6.228605621305191e-24,10.0,,9.536544540177922e-08,3.4095948968030423,33576789867816.56,8.287238192837936e-06,0.000970839446618362,8.287238192837936e-06,0.000970839446618362,0.02210374342343454,0.0009791266848112,False,False,1.0,1.7610561981466064,6.222926227744128e-09,0.3091374691322024,0.5510653080974258,1.0,1.406850465019933,2.5796561614072527e-07,0.19917277746633671,0.7051914054545783,0.27540582894088694,0.19836171272597233,0.020889083382934215,0.00780501152109324,True,ANP6,125.0,8.0,7.76068019011021e+19,$(U_{0.8}Pu_{0.2})N$
K3_G3_Kd4p1e5_ANP6,rizk2025_refit_plot,rizk2025_refit_full,1050.0,3.2,35000000000000.0,1.6273754110398103e+23,2.1770684409220016e+26,2.857473970797905e+25,9.897170718102798e+23,1.3862944046514418e+19,1.7158761429765166,52.869846175683094,2.094389629624914,0.8581599061968535,2.9525495358217677,0.14265636460323375,3.095205900425001,7653425664772.118,1.9133564161930296e+18,84.42912152713143,0.12592775834441705,8119637132.331266,26294244.922193106,308.79902261342585,1294094188.6048298,1293799677.2593293,67326473.14815585,41989908.43709064,1.0002276328790902,1.6033965220244406,0.06190513145201481,82.81537689524089,10.869790742993334,6.252927230313757,6.252927230313757,0.0,1.6437829599831473e+25,1.6437829599831473e+25,0.0,2.6288215094111468e+26,2.6288215094111468e+26,1.0217888743941146,1.3777944752384323e+17,0.004566995751877967,4.851559984665507e-07,4.1788820061891737e-07,4.1788820061891737e-07,0.009248685371411413,0.009248685371411413,2.225497437730797e+21,1.1787137950560142e-05,9.229586295923071e-19,9.230255568932457e-24,9.230255568932457e-23,1.5366002896313798e-23,1.8625632456264503e+19,35000000000000.0,35000000000000.0,0.0,0.022104060871731633,0.0009781411289601276,1.6445435275139164e-05,5.563824503789914e-06,1.6445435275139164e-05,5.563824503789914e-06,1.3669905028715268e-29,7.13884437495222e+18,5.916544611000777e+18,0.052839588644834,1.0079580610962525e-21,-101113.2768546669,2.578778925907166e+21,0.0,0.0,0.0,0.0,0.0,0.3333333333333333,0.3333333333333333,2.0,2.558981501392922e-27,2.8205305937173354e-21,0.0,9.229586270333256e-19,,0.0,0.0,0.0,0.0,0.0,2.558981501392922e-27,9.229586270333256e-19,0.0030559664358555606,17.0,1.569029670306922e-17,1.5366002896313797e-29,9.230240202929561e-24,,,1.5366002896313797e-29,9.230240202929561e-24,10.0,,9.536544540177922e-08,3.4095948968030423,33534157112754.26,8.534364012539734e-06,0.0009696067649475879,8.534364012539734e-06,0.0009696067649475879,0.022104060871731633,0.0009781411289601276,False,False,1.0,1.7619280371061816,6.225180253869326e-09,0.3093658993788772,0.5507554321685416,1.0,1.4242512688817328,2.5823696922827594e-07,0.20554385865150143,0.6960261490459604,0.27564650666693163,0.20473373371993728,0.02094389629624914,0.008581599061968535,True,ANP6,125.0,8.0,7.76068019011021e+19,$(U_{0.8}Pu_{0.2})N$
K3_G3_Kd4p1e5_ANP6,rizk2025_refit_plot,rizk2025_refit_full,1075.0,3.2,35000000000000.0,1.626273371631004e+23,2.1764822802674654e+26,2.8643053330849653e+25,9.886722594711985e+23,1.38177017294829e+19,1.7179992584682031,54.52954170504992,2.099954448000625,0.9384690748919646,3.0384235228925895,0.14566966269738743,3.184093185589977,7626269353742.662,1.9065673384356654e+18,85.12023892853402,0.12754365877275806,4043841112.998368,26080753.86000604,155.0507755529054,1292418842.4790163,1292200790.5750725,61168003.1910049,40711877.09605137,1.0001687445987761,1.5024608923506886,0.06186321002810448,82.79307942649157,10.89577714892696,6.24928021455336,6.24928021455336,0.0,1.642824224635538e+25,1.642824224635538e+25,0.0,2.6288215094111468e+26,2.6288215094111468e+26,1.0238628315691485,1.3759293072190618e+17,0.00456338678910871,4.82419371909675e-07,4.532015768211125e-07,4.532015768211125e-07,0.01011523585827609,0.01011523585827609,2.4368932035903095e+21,1.2578829678566266e-05,9.229586363166182e-19,1.339269735187341e-23,1.339269735187341e-22,6.475908336901747e-23,1.8625632456264503e+19,35000000000000.0,35000000000000.0,0.0,0.022105066617803305,0.00097719141510327,1.64393975813739e-05,5.541557281527096e-06,1.64393975813739e-05,5.541557281527096e-06,1.4852770773413247e-29,7.349182646240456e+18,6.467896832182261e+18,0.10928025225200479,1.0289544105554929e-21,-102299.74051554984,2.577411167252195e+21,0.0,0.0,0.0,0.0,0.0,0.3333333333333333,0.3333333333333333,2.0,9.283292620781236e-27,5.111146223267797e-21,0.0,9.229586270333256e-19,,0.0,0.0,0.0,0.0,0.0,9.283292620781236e-27,9.229586270333256e-19,0.005537784709036987,17.0,1.569029681738251e-17,6.475908336901747e-29,1.3392632592790043e-23,,,6.475908336901747e-29,1.3392632592790043e-23,10.0,,9.536544540177922e-08,3.4095948968030423,33493074891603.742,8.772494621606128e-06,0.000968418920481664,8.772494621606128e-06,0.000968418920481664,0.022105066617803305,0.00097719141510327,False,False,1.0,1.7628142129545417,6.2273724856188725e-09,0.3095979115455239,0.5504407467774307,1.0,1.4414992465112793,2.5851849312585957e-07,0.21173997114919568,0.6871365986639807,0.2758904227901588,0.21093079458808078,0.02099954448000625,0.009384690748919646,True,ANP6,125.0,8.0,7.76068019011021e+19,$(U_{0.8}Pu_{0.2})N$
K3_G3_Kd4p1e5_ANP6,rizk2025_refit_plot,rizk2025_refit_full,1100.0,3.2,35000000000000.0,1.625178565542875e+23,2.175973541164797e+26,2.8703401909330454e+25,9.87658071076161e+23,1.377148054066183e+19,1.7201263467735093,56.13873771423468,2.105601930370718,1.0206037784461788,3.126205708816897,0.15156347663758588,3.277769185454483,7574213191475.327,1.8935532978688317e+18,86.45023677559378,0.1306624996600695,2077441627.8762822,25679513.241388135,80.8987930708917,1290767989.274622,1290602870.0531902,56130388.78584563,39544886.301159054,1.0001279396050196,1.419409537768742,0.061821563758694034,82.773727062672,10.918733663191908,6.24571771037739,6.24571771037739,0.0,1.6418877058750222e+25,1.6418877058750222e+25,0.0,2.6288215094111468e+26,2.6288215094111468e+26,1.0259902139390338,1.374077648408203e+17,0.004559754951319039,4.797947721758139e-07,4.863742019767239e-07,4.863742019767239e-07,0.01100307868122832,0.01100307868122832,2.6439061583039567e+21,1.34183893849465e-05,9.229586587946777e-19,1.9057338427981425e-23,1.9057338427981425e-22,2.556484784617257e-22,1.8625632456264503e+19,35000000000000.0,35000000000000.0,0.0,0.022106752343316178,0.000976283348054106,1.6433352891203984e-05,5.5211909581984355e-06,1.6433352891203984e-05,5.5211909581984355e-06,1.5967239747060917e-29,7.559328229339237e+18,6.982450056024347e+18,0.22030578769029538,1.0699968827046452e-21,-104561.54863119358,2.576052774580867e+21,0.0,0.0,0.0,0.0,0.0,0.3333333333333333,0.3333333333333333,2.0,3.1761352235744896e-26,8.043227546416823e-21,0.0,9.229586270333256e-19,,0.0,0.0,0.0,0.0,0.0,3.1761352235744896e-26,9.229586270333256e-19,0.008714613021693452,17.0,1.569029719950952e-17,2.556484784617257e-28,1.9057082779502963e-23,,,2.556484784617257e-28,1.9057082779502963e-23,10.0,,9.536544540177922e-08,3.4095948968030423,33453793784445.445,9.000178126780595e-06,0.0009672831699273255,9.000178126780595e-06,0.0009672831699273255,0.022106752343316178,0.000976283348054106,False,False,1.0,1.763714534673035,6.229503415158441e-09,0.3098334473747145,0.5501213332736795,1.0,1.4584601604622227,2.588073811577631e-07,0.21772129960809186,0.6785783245402688,0.276137522061662,0.21691307145894506,0.02105601930370718,0.010206037784461788,True,ANP6,125.0,8.0,7.76068019011021e+19,$(U_{0.8}Pu_{0.2})N$
K3_G3_Kd4p1e5_ANP6,rizk2025_refit_plot,rizk2025_refit_full,1125.0,3.2,35000000000000.0,1.6240891148038694e+23,2.1755374914341403e+26,2.875626764943052e+25,9.866736983106275e+23,1.3724739435412046e+19,1.722256936610393,57.68899120786137,2.1113293673019062,1.1037521214215944,3.215081488723501,0.16270300547165073,3.3777844941951516,7479010813083.612,1.869752703270903e+18,88.89233492642242,0.13641240068329172,1097661727.9577098,24974031.80867652,43.95212340429383,1289134040.435132,1289006275.8981972,51977029.827231206,38482212.178074576,1.0000991186306256,1.3506767642855357,0.06178012120601006,82.75713979232688,10.938843716274938,6.242236370192185,6.242236370192185,0.0,1.6409725236789777e+25,1.6409725236789777e+25,0.0,2.6288215094111468e+26,2.628821509411147e+26,1.028150346130665,1.3722363484976274e+17,0.004556106817192626,4.772872697890932e-07,5.167814031472006e-07,5.167814031472006e-07,0.011903661932872478,0.011903661932872478,2.843388233930007e+21,1.4303380186054003e-05,9.229587299187473e-19,2.6634018997210715e-23,2.6634018997210716e-22,9.494708146321283e-22,1.8625632456264503e+19,35000000000000.0,35000000000000.0,0.0,0.022109097476137967,0.0009754209914720242,1.6427302564235463e-05,5.502617074991394e-06,1.6427302564235463e-05,5.502617074991394e-06,1.6992058062817198e-29,7.76822107325161e+18,7.450422612483119e+18,0.43616005221566373,1.1478562644726127e-21,-108659.0633974785,2.574701479841212e+21,0.0,0.0,0.0,0.0,0.0,0.3333333333333333,0.3333333333333333,2.0,1.028854216590493e-25,1.117844112518055e-20,0.0,9.229586270333256e-19,,0.0,0.0,0.0,0.0,0.0,1.028854216590493e-25,9.229586270333256e-19,0.012111528677089001,17.0,1.5690298408618703e-17,9.494708146321284e-28,2.663306952639608e-23,,,9.494708146321284e-28,2.663306952639608e-23,10.0,,9.536544540177922e-08,3.4095948968030423,33416488043628.316,9.216405474809263e-06,0.000966204585997215,9.216405474809263e-06,0.000966204585997215,0.022109097476137967,0.0009754209914720242,False,False,1.0,1.7646284833117551,6.2315744869748576e-09,0.3100723629579903,0.5497973891185233,1.0,1.475020138222088,2.5910083745541717e-07,0.2234578778049985,0.670392191677169,0.27638766880660426,0.2226505900679708,0.021113293673019062,0.011037521214215943,True,ANP6,125.0,8.0,7.76068019011021e+19,$(U_{0.8}Pu_{0.2})N$
K3_G3_Kd4p1e5_ANP6,rizk2025_refit_plot,rizk2025_refit_full,1150.0,3.2,35000000000000.0,1.6230032847434195e+23,2.175168828360715e+26,2.880219332733111e+25,9.857179856011024e+23,1.3677912002742952e+19,1.7243904760968178,59.174093992262094,2.1171329766665337,1.1871436294919788,3.3042766061585125,0.18319059493235226,3.487467201090865,7313386272405.964,1.828346568101491e+18,93.16984996381339,0.14653803633658807,594743800.573823,23827450.627668016,24.960446246113168,1287512361.5865114,1287411424.9488325,48529517.944130376,37516417.239785686,1.0000784027822984,1.293554169470784,0.06173881638342842,82.74311590093275,10.956313779471003,6.2388315032128165,6.2388315032128165,0.0,1.640077444923773e+25,1.640077444923773e+25,0.0,2.6288215094111468e+26,2.6288215094111464e+26,1.030323385605761,1.3704025985467848e+17,0.004552448531082323,4.74900370244207e-07,5.439151551313319e-07,5.439151551313319e-07,0.012808799265045637,0.012808799265045637,3.032490588593076e+21,1.523057833813558e-05,9.22958943709223e-19,3.660792762206921e-23,3.660792762206921e-22,3.330768464716398e-21,1.8625632456264503e+19,35000000000000.0,35000000000000.0,0.0,0.02211207413755219,0.0009746069149265593,1.6421248186962688e-05,5.485713218063604e-06,1.6421248186962688e-05,5.485713218063604e-06,1.7909811798388892e-29,7.975232267504431e+18,7.864075938978577e+18,0.8564631619125045,1.2924009807901427e-21,-115663.1508175082,2.5733553203362545e+21,0.0,0.0,0.0,0.0,0.0,0.3333333333333333,0.3333333333333333,2.0,3.1667589742037936e-25,1.392433705843146e-20,0.0,9.229586270333256e-19,,0.0,0.0,0.0,0.0,0.0,3.1667589742037936e-25,9.229586270333256e-19,0.015086626716538222,17.0,1.569030204305679e-17,3.330768464716398e-27,3.6604596853604494e-23,,,3.330768464716398e-27,3.6604596853604494e-23,10.0,,9.536544540177922e-08,3.4095948968030423,33381264498891.617,9.420559194259617e-06,0.0009651863557322997,9.420559194259617e-06,0.0009651863557322997,0.02211207413755219,0.0009746069149265593,False,False,1.0,1.7655553468323733,6.23358789326022e-09,0.31031446428887705,0.5494691795922964,1.0,1.4910858149013575,2.5939617612954983e-07,0.22892866982924504,0.6626058805654498,0.2766406813710115,0.22812230725537297,0.021171329766665335,0.011871436294919789,True,ANP6,125.0,8.0,7.76068019011021e+19,$(U_{0.8}Pu_{0.2})N$
K3_G3_Kd4p1e5_ANP6,rizk2025_refit_plot,rizk2025_refit_full,1175.0,3.2,35000000000000.0,1.6219193611361654e+23,2.174861985967935e+26,2.884174986007951e+25,9.847894572538628e+23,1.3631391016107934e+19,1.726526451183711,60.589927514610515,2.1230083821105046,1.2700770948171507,3.3930854769276557,0.22001992507089163,3.6131054019985474,7041576643651.637,1.760394160912909e+18,100.29467523678923,0.16349584741057543,329568206.97340864,22134774.301414546,14.889160489535564,1285900056.8543081,1285818701.7511156,45651163.02149419,36639753.35611145,1.0000632710529733,1.2459462425360364,0.06169758408205788,82.73144365952415,10.97136102882087,6.235497727572941,6.235497727572941,0.0,1.6392010548128075e+25,1.6392010548128075e+25,0.0,2.6288215094111468e+26,2.628821509411147e+26,1.0324910607572706,1.3685738717612443e+17,0.004548785275830306,4.72636037046351e-07,5.674155799885528e-07,5.674155799885528e-07,0.0137109697258896,0.0137109697258896,3.2087820765009816e+21,1.6196870489267523e-05,9.229595562117292e-19,4.954703152658314e-23,4.954703152658314e-22,1.1076769180051558e-20,1.8625632456264503e+19,35000000000000.0,35000000000000.0,0.0,0.02211565148446299,0.0009738424793693745,1.6415191235936264e-05,5.470350162860233e-06,1.6415191235936264e-05,5.470350162860233e-06,1.8708003930800056e-29,8.180117105996491e+18,8.218166676467808e+18,1.689073624762209,1.5572399237617085e-21,-126801.37828276548,2.5720127075465707e+21,0.0,0.0,0.0,0.0,0.0,0.3333333333333333,0.3333333333333333,2.0,9.291784035179553e-25,1.5748113098161132e-20,0.0,9.229586270333256e-19,,0.0,0.0,0.0,0.0,0.0,9.291784035179553e-25,9.229586270333256e-19,0.01706262532542485,17.0,1.5690312455599397e-17,1.1076769180051557e-26,4.953595475740309e-23,,,1.1076769180051557e-26,4.953595475740309e-23,10.0,,9.536544540177922e-08,3.4095948968030423,33348170313653.848,9.612369488141913e-06,0.0009642301098812326,9.612369488141913e-06,0.0009642301098812326,0.02211565148446299,0.0009738424793693745,False,False,1.0,1.7664943019622663,6.235546520625274e-09,0.3105595288347266,0.5491370084957429,1.0,1.5065847243548798,2.5969092119313603e-07,0.23412083511216675,0.6552351291287295,0.27689635337833785,0.23331537630530394,0.021230083821105045,0.012700770948171507,True,ANP6,125.0,8.0,7.76068019011021e+19,$(U_{0.8}Pu_{0.2})N$
K3_G3_Kd4p1e5_ANP6,rizk2025_refit_plot,rizk2025_refit_full,1200.0,3.2,35000000000000.0,1.620835319692059e+23,2.174611295767326e+26,2.8875518513387507e+25,9.838862477645623e+23,1.3585513348165497e+19,1.7286645042882176,61.93437803129451,2.128950887899221,1.3519480527985612,3.4808989406977817,0.2848512450595361,3.7657501857573177,6625710577253.952,1.656427644313488e+18,111.5515809025067,0.1903114784762258,186436535.54199883,19901107.47009695,9.368148773737092,1284295216.4290762,1284228370.7989314,43235500.4166656,35844389.990939565,1.000052051201846,1.2061999221522335,0.06165634729819007,82.72190743959777,10.9842065769827,6.23222963612135,6.23222963612135,0.0,1.6383419319025407e+25,1.6383419319025407e+25,0.0,2.6288215094111468e+26,2.628821509411147e+26,1.03463741803531,1.366747732052276e+17,0.004545120607110928,4.7049446377351606e-07,5.870947974603307e-07,5.870947974603307e-07,0.014603622077718212,0.014603622077718212,3.370351151253428e+21,1.7198924492638277e-05,9.229612338152461e-19,6.611179243465562e-23,6.611179243465562e-22,3.503783313863259e-20,1.8625632456264503e+19,35000000000000.0,35000000000000.0,0.0,0.022119801410230282,0.0009731282436109926,1.6409132741559804e-05,5.456396008756802e-06,1.6409132741559804e-05,5.456396008756802e-06,1.9379876562592204e-29,8.382909283330906e+18,8.510263095408713e+18,3.393338873450017,2.0408187653784146e-21,-142936.07378950296,2.5706725572162565e+21,0.0,0.0,0.0,0.0,0.0,0.3333333333333333,0.3333333333333333,2.0,2.6067819204802983e-24,1.635620778320907e-20,0.0,9.229586270333256e-19,,0.0,0.0,0.0,0.0,0.0,2.6067819204802983e-24,9.229586270333256e-19,0.017721446127913074,17.0,1.5690340974859185e-17,3.503783313863259e-26,6.607675460151699e-23,,,3.503783313863259e-26,6.607675460151699e-23,10.0,,9.536544540177922e-08,3.4095948968030423,33317199270004.652,9.791880529269029e-06,0.0009633363630817235,9.791880529269029e-06,0.0009633363630817235,0.022119801410230282,0.0009731282436109926,False,False,1.0,1.7674444574884067,6.237454100682649e-09,0.31080731695873703,0.5488012026332976,1.0,1.5214660545559444,2.599829079728203e-07,0.23902921509045288,0.6482846403630933,0.2771544659249989,0.23822463390022283,0.021289508878992208,0.013519480527985612,True,ANP6,125.0,8.0,7.76068019011021e+19,$(U_{0.8}Pu_{0.2})N$
K3_G3_Kd4p1e5_ANP6,rizk2025_refit_plot,rizk2025_refit_full,1225.0,3.2,35000000000000.0,1.6197480192623268e+23,2.1744110198258694e+26,2.890408538804584e+25,9.830058686821204e+23,1.354054471106372e+19,1.7308046079947266,63.20732381451898,2.134955603334875,1.4322767865045303,3.5672323898394054,0.3964945869018603,3.9637269767412655,6040152376841.958,1.5100380942104896e+18,128.4528166614568,0.23004681317083167,107633750.38228618,17282610.515664365,6.22786414614451,1282696388.2092583,1282640449.2717667,41198097.84492024,35122512.17144646,1.0000436123291787,1.1729826626243738,0.061614986542968014,82.71428897098971,10.995073375871884,6.2290226665954425,6.2290226665954425,0.0,1.6374988768555676e+25,1.6374988768555676e+25,0.0,2.6288215094111468e+26,2.6288215094111468e+26,1.0367495998848504,1.3649213378322163e+17,0.004541455299036407,4.6847362759923895e-07,6.02947794935922e-07,6.02947794935922e-07,0.015481492588490907,0.015481492588490907,3.5158758762147097e+21,1.8233930010229692e-05,9.229656387498668e-19,8.707186635561624e-23,8.707186635561624e-22,1.057421518979397e-19,1.8625632456264503e+19,35000000000000.0,35000000000000.0,0.0,0.022124509268066705,0.0009724646834971864,1.640307279746532e-05,5.4437180448474115e-06,1.640307279746532e-05,5.4437180448474115e-06,1.9924800446919944e-29,8.583812818900146e+18,8.740848975173801e+18,7.04231887574265,2.9308592882998594e-21,-163682.23388015476,2.5693345582522407e+21,0.0,0.0,0.0,0.0,0.0,0.3333333333333333,0.3333333333333333,2.0,7.011716541319382e-24,1.5757510302933402e-20,0.0,9.229586270333256e-19,,0.0,0.0,0.0,0.0,0.0,7.011716541319382e-24,9.229586270333256e-19,0.017072694411762224,17.0,1.5690415858747737e-17,1.057421518979397e-25,8.696612420371831e-23,,,1.057421518979397e-25,8.696612420371831e-23,10.0,,9.536544540177922e-08,3.4095948968030423,33288296253714.42,9.959431071596368e-06,0.00096250525242559,9.959431071596368e-06,0.00096250525242559,0.022124509268066705,0.0009724646834971864,False,False,1.0,1.7684048650581685,6.239315707238632e-09,0.3110575748252764,0.5484621078505766,1.0,1.5357019358085364,2.602703890950211e-07,0.2436560869512676,0.6417485920309399,0.2774147931275779,0.242852354127202,0.02134955603334875,0.014322767865045303,True,ANP6,125.0,8.0,7.76068019011021e+19,$(U_{0.8}Pu_{0.2})N$
K3_G3_Kd4p1e5_ANP6,rizk2025_refit_plot,rizk2025_refit_full,1250.0,3.2,35000000000000.0,1.6186513541205268e+23,2.174255245830237e+26,2.892804820117234e+25,9.821446560960499e+23,1.3496663214372596e+19,1.7329473931677504,64.41071186269318,2.1410174382488067,1.5107385701935354,3.6517560084423417,0.5840636137258649,4.235819622168206,5289484576299.637,1.3223711440749092e+18,152.7669616805655,0.28493992166566007,63481461.458369814,14531937.897946827,4.368409905422106,1281102090.6081789,1281054467.5230672,39470565.43601867,34466316.79420747,1.00003717491045,1.1451924402508895,0.06157326955541774,82.70836335013358,11.004188796238278,6.2258745840727165,6.2258745840727165,0.0,1.6366713021506535e+25,1.6366713021506535e+25,0.0,2.6288215094111468e+26,2.6288215094111464e+26,1.038818696664916,1.3630902849132981e+17,0.004537784997418443,4.665685979537081e-07,6.151433470295482e-07,6.151433470295482e-07,0.01634095393221986,0.01634095393221986,3.6446366734365486e+21,1.930015264737494e-05,9.229767552555075e-19,1.1334130523459807e-22,1.1334130523459808e-21,3.0533079764031823e-19,1.8625632456264503e+19,35000000000000.0,35000000000000.0,0.0,0.022129796891873266,0.0009718536382321264,1.6397009635374742e-05,5.432182825921946e-06,1.6397009635374742e-05,5.432182825921946e-06,2.0347999084207145e-29,8.78311942619954e+18,8.913113804125683e+18,15.282190305728239,4.603809196978438e-21,-186726.2967510136,2.5679997538848997e+21,0.0,0.0,0.0,0.0,0.0,0.3333333333333333,0.3333333333333333,2.0,1.8128222181985484e-23,1.4206355952567515e-20,0.0,9.229586270333256e-19,,0.0,0.0,0.0,0.0,0.0,1.8128222181985484e-23,9.229586270333256e-19,0.015391889201624338,17.0,1.5690604839343627e-17,3.0533079764031822e-25,1.1303597443695776e-22,,,3.0533079764031822e-25,1.1303597443695776e-22,10.0,,9.536544540177922e-08,3.4095948968030423,33261359547523.434,1.011565640837623e-05,0.0009617379818237502,1.011565640837623e-05,0.0009617379818237502,0.022129796891873266,0.0009718536382321264,False,False,1.0,1.7693744942987342,6.241138933198479e-09,0.311310028005237,0.5481200976738362,1.0,1.5492895121071493,2.605521511294727e-07,0.248011247752727,0.6356106620906482,0.2776771020337622,0.24720833282298466,0.021410174382488066,0.015107385701935355,True,ANP6,125.0,8.0,7.76068019011021e+19,$(U_{0.8}Pu_{0.2})N$
K3_G3_Kd4p1e5_ANP6,rizk2025_refit_plot,rizk2025_refit_full,1275.0,3.2,35000000000000.0,1.617532216461535e+23,2.1741375887629624e+26,2.894803882186418e+25,9.812965666211789e+23,1.345394034294511e+19,1.7350948274548004,65.54874521661476,2.1471309588087273,1.5871985368564892,3.7343294956652158,0.8910146250544487,4.625344120719665,4418125515446.347,1.1045313788615866e+18,186.73659555799713,0.35561329267597785,38294913.56000869,11888403.52029716,3.221199002425136,1279510161.664105,1279468974.7628975,37996048.30608824,33867925.20076025,1.000032190621281,1.1218888692134976,0.0615306977164783,82.70388769186413,11.011793200196582,6.222788410222813,6.222788410222813,0.0,1.6358600021308124e+25,1.6358600021308124e+25,0.0,2.6288215094111468e+26,2.6288215094111468e+26,1.0408407342027781,1.3612460700966482e+17,0.004534095253403802,4.6477050343245476e-07,6.23986709034794e-07,6.23986709034794e-07,0.017180420171799708,0.017180420171799708,3.756429112119904e+21,2.0397734869545676e-05,9.230037822986944e-19,1.4605900990819512e-22,1.4605900990819512e-21,8.457331924393166e-19,1.8625632456264503e+19,35000000000000.0,35000000000000.0,0.0,0.02213577242525535,0.0009713013410704004,1.6390937713753072e-05,5.4216547604256945e-06,1.6390937713753072e-05,5.4216547604256945e-06,2.0659330773159613e-29,8.981157327541957e+18,9.032308756824601e+18,35.04220355643389,7.862196462647818e-21,-208266.61826023777,2.5666717945271975e+21,0.0,0.0,0.0,0.0,0.0,0.3333333333333333,0.3333333333333333,2.0,4.5155265368944576e-23,1.2079846732221998e-20,0.0,9.229586270333256e-19,,0.0,0.0,0.0,0.0,0.0,4.5155265368944576e-23,9.229586270333256e-19,0.013087537628651693,17.0,1.5691064299077806e-17,8.457331924393166e-25,1.452132767157558e-22,,,8.457331924393166e-25,1.452132767157558e-22,10.0,,9.536544540177922e-08,3.4095948968030423,33236240539008.5,1.0261523831941605e-05,0.0009610398172384588,1.0261523831941605e-05,0.0009610398172384588,0.02213577242525535,0.0009713013410704004,False,False,1.0,1.770352155888453,6.242936456850408e-09,0.3115643615787142,0.5477756002282987,1.0,1.5622541028441068,2.608276506315028e-07,0.25211250163210197,0.6298434727922279,0.2779411465052581,0.2513103749686615,0.02147130958808727,0.015871985368564892,True,ANP6,125.0,8.0,7.76068019011021e+19,$(U_{0.8}Pu_{0.2})N$
K3_G3_Kd4p1e5_ANP6,rizk2025_refit_plot,rizk2025_refit_full,1300.0,3.2,35000000000000.0,1.6163620119694205e+23,2.1740505703647428e+26,2.896477030658673e+25,9.804506547900398e+23,1.341231820824782e+19,1.737251630882831,66.62818935516849,2.153290053800889,1.661753077768666,3.815043131569555,1.3815822066518932,5.196625338221448,3501217247869.258,8.753043119673144e+17,233.56068118237843,0.44085887565080617,23617331.447051536,9505024.513378982,2.4847207299474614,1277916628.640507,1277880509.9591978,36725755.06664508,33319230.516171757,1.000028264521626,1.1022389922486335,0.06148618330239864,82.7005775242507,11.018157833422022,6.219778459024886,6.219778459024886,0.0,1.6350687396856736e+25,1.6350687396856736e+25,0.0,2.6288215094111468e+26,2.6288215094111468e+26,1.042817847365237,1.3593707726481582e+17,0.004530351108280867,4.630649848433029e-07,6.298464622982225e-07,6.298464622982225e-07,0.018000827625622887,0.018000827625622887,3.8513067186854586e+21,2.1530836848117396e-05,9.23067223883602e-19,1.8677388802971109e-22,1.8677388802971108e-21,2.2525702314749626e-18,1.8625632456264503e+19,35000000000000.0,35000000000000.0,0.0,0.022142735337197756,0.0009708247434937368,1.638484373308438e-05,5.411993528385367e-06,1.638484373308438e-05,5.411993528385367e-06,2.08708727445035e-29,9.178267608108358e+18,9.104558706787578e+18,85.90612649791619,1.4553113345367646e-20,-224788.15566990248,2.56535957952317e+21,0.0,0.0,0.0,0.0,0.0,0.3333333333333333,0.3333333333333333,2.0,1.085968502764781e-22,9.755018938795317e-21,0.0,9.229586270333256e-19,,0.0,0.0,0.0,0.0,0.0,1.085968502764781e-22,9.229586270333256e-19,0.01056804822703294,17.0,1.5692142806021235e-17,2.2525702314749626e-24,1.8452131779823613e-22,,,2.2525702314749626e-24,1.8452131779823613e-22,10.0,,9.536544540177922e-08,3.4095948968030423,33212740809029.09,1.0398421548928068e-05,0.0009604263219448087,1.0398421548928068e-05,0.0009604263219448087,0.022142735337197756,0.0009708247434937368,False,False,1.0,1.7713363348559787,6.244731424881074e-09,0.31182017701304593,0.5474291565776521,1.0,1.5746536305769072,2.610971769905502e-07,0.25598657337413594,0.6244074281169913,0.2782066530063396,0.25518520840797393,0.021532900538008888,0.01661753077768666,True,ANP6,125.0,8.0,7.76068019011021e+19,$(U_{0.8}Pu_{0.2})N$
K3_G3_Kd4p1e5_ANP6,rizk2025_refit_plot,rizk2025_refit_full,1325.0,3.2,35000000000000.0,1.6150794464023004e+23,2.1739844274650512e+26,2.8979125304105e+25,9.795859488275179e+23,1.3371584546196042e+19,1.7394281737295654,67.65873705635704,2.1594873116241744,1.7347749582495737,3.894262269873748,1.9645216575374422,5.85878392741119,2526213937223.976,6.31553484305994e+17,292.8258463717681,0.5,14029770.935428314,7581297.98822989,1.8505763732292018,1276313540.2506545,1276281500.7417207,35616356.11345869,32811726.860210653,1.0000251037948251,1.0854764293630974,0.06143739468884962,82.69806145766135,11.02361845426177,6.216882693388023,5.380476155558843,0.8364065378291801,1.6343074945864336e+25,1.414431144860688e+25,2.1987634972574565e+24,2.6288215094111468e+26,2.606833874438572e+26,1.044759565889963,1.3574263074082952e+17,0.004526475790190311,4.6142992705249685e-07,6.330449029423996e-07,6.330449029423996e-07,0.018806159219828932,0.018806159219828932,3.9290475463828754e+21,2.2710547231761815e-05,9.232112917471617e-19,2.378617999571639e-22,2.378617999571639e-21,5.78187606487805e-18,1.8625632456264503e+19,35000000000000.0,35000000000000.0,0.0,0.022151390595931308,0.0009704644309991574,1.637869848545403e-05,5.403051155874746e-06,1.637869848545403e-05,5.403051155874746e-06,2.0993282439020706e-29,9.374802857213622e+18,9.13513005784044e+18,150.31369149897876,1.936099912234234e-20,-247162.69957485687,2.564082668050804e+21,2.7658375706156634e+21,0.0,0.0,0.0,0.0,0.3333333333333333,0.3333333333333333,2.0,2.5266471383605937e-22,7.527425499158216e-21,0.0,9.229586270333256e-19,,0.0,0.0,0.0,0.0,0.0,2.5266471383605937e-22,9.229586270333256e-19,0.008153524081050495,17.0,1.569459195970175e-17,5.78187606487805e-24,2.3207992389228585e-22,,,5.78187606487805e-24,2.3207992389228585e-22,10.0,,9.536544540177922e-08,3.4095948968030423,33190608107633.57,1.0528330574758507e-05,0.0009599361004243988,1.0528330574758507e-05,0.0009599361004243988,0.022151390595931308,0.0009704644309991574,False,False,1.0,1.7723248606976698,6.246568403310779e-09,0.3120769068969094,0.5470815360603883,1.0,1.5865836933133377,2.613620327796263e-07,0.25967022177379534,0.6192492702231722,0.2784732941191486,0.2588695973123849,0.021594873116241742,0.017347749582495738,True,ANP6,125.0,8.0,7.76068019011021e+19,$(U_{0.8}Pu_{0.2})N$
K3_G3_Kd4p1e5_ANP6,rizk2025_refit_plot,rizk2025_refit_full,1350.0,3.2,35000000000000.0,1.61355674668062e+23,2.1739249074063165e+26,2.8992314847686023e+25,9.786613441967064e+23,1.333135626974766e+19,1.741646252625168,68.65315014739548,2.165712947577046,1.8069425836868498,3.972655531263895,2.254028632832955,6.22668416409685,1918955535155.3599,4.7973888378884e+17,335.9789084651155,0.5,9979313.804642485,6607557.629560254,1.5102878195110996,1274684748.6634576,1274656088.5448546,34628523.13584501,32336462.277896237,1.0000224845892633,1.0708816208232996,0.06137947140587933,82.69579732300933,11.028635738065104,6.214187467519696,4.390904106298636,1.8232833612210604,1.6335989678128959e+25,1.1542903160399581e+25,4.793086517729377e+24,2.6288215094111468e+26,2.580890644233853e+26,1.0466836914411979,1.3553334367399515e+17,0.004522308385577365,4.5983240066500957e-07,6.337369708899317e-07,6.337369708899317e-07,0.019603793652479922,0.019603793652479922,3.988215463787615e+21,2.395991142966992e-05,9.235283837640407e-19,3.0343633300233184e-22,3.0343633300233186e-21,1.4331663655150738e-17,1.8625632456264503e+19,35000000000000.0,35000000000000.0,0.0,0.02216327154315242,0.0009703103052656187,1.637244062427108e-05,5.3946712485539495e-06,1.637244062427108e-05,5.3946712485539495e-06,2.10317575234995e-29,9.571146115010525e+18,9.126552027888249e+18,191.19983521355658,2.1492008404303322e-20,-158310.0268343276,2.562882042000843e+21,1.9032271344263632e+21,0.0,0.0,0.0,0.0,0.3333333333333333,0.3333333333333333,2.0,5.697567307150379e-22,5.580606868254579e-21,0.0,9.229586270333256e-19,,0.0,0.0,0.0,0.0,0.0,5.697567307150379e-22,9.229586270333256e-19,0.006042702061315758,17.0,1.569998252398869e-17,1.433166365515074e-23,2.891046693471811e-22,,,1.433166365515074e-23,2.891046693471811e-22,10.0,,9.536544540177922e-08,3.4095948968030423,33169537315972.19,1.065411614237693e-05,0.0009596561891232418,1.065411614237693e-05,0.0009596561891232418,0.02216327154315242,0.0009703103052656187,False,False,1.0,1.773314281834429,6.248535018386752e-09,0.31233365341640446,0.5467339547311288,1.0,1.5981800424142873,2.6162466123969275e-07,0.2632105438239331,0.6143017699150762,0.2787406430696757,0.2624106463498014,0.02165712947577046,0.018069425836868498,True,ANP6,125.0,8.0,7.76068019011021e+19,$(U_{0.8}Pu_{0.2})N$
K3_G3_Kd4p1e5_ANP6,rizk2025_refit_plot,rizk2025_refit_full,1375.0,3.2,35000000000000.0,1.6115355373983576e+23,2.1738492858504714e+26,2.9006156088291568e+25,9.775962307078981e+23,1.329110535352594e+19,1.7439502876310045,69.62638938720087,2.1719530371972486,1.8791927727808861,4.051145809978135,2.4973628734449274,6.548508683423063,1563221309550.4841,3.90805327387621e+17,372.24959791516267,0.5,8109624.806799117,5963740.491416053,1.359821879988198,1272997823.032479,1272972065.6290412,33727613.25370654,31884462.479510583,1.0000202340680784,1.0578071772538236,0.06130258488942979,82.69292068967479,11.033900926498777,6.211875798937002,3.9160243388687337,2.295851460068268,1.6329912714036142e+25,1.0294529013395692e+25,6.03538370064045e+24,2.6288215094111468e+26,2.5684676724047422e+26,1.048615137167493,1.3529321449121685e+17,0.004517522167059567,4.5822524766112056e-07,6.318784083040277e-07,6.318784083040277e-07,0.020404001511233345,0.020404001511233345,4.0247901906514603e+21,2.5320617920071967e-05,9.242059895885406e-19,3.912758454223057e-22,3.9127584542230566e-21,3.437073971002977e-17,1.8625632456264503e+19,35000000000000.0,35000000000000.0,0.0,0.022181549028325673,0.0009705512341600176,1.6365945236559773e-05,5.386696520451135e-06,1.6365945236559773e-05,5.386696520451135e-06,2.0984925651190953e-29,9.767754848487217e+18,9.078158696469078e+18,286.49846939806974,2.88606841215844e-20,-141076.89014876037,2.5618409046136167e+21,1.856837724031326e+21,0.0,0.0,0.0,0.0,0.3333333333333333,0.3333333333333333,2.0,1.2473625552150166e-21,3.994251795482064e-21,0.0,9.229586270333256e-19,,0.0,0.0,0.0,0.0,0.0,1.2473625552150166e-21,9.229586270333256e-19,0.00432181985453299,17.0,1.571150182300519e-17,3.437073971002977e-23,3.5690510571227593e-22,,,3.437073971002977e-23,3.5690510571227593e-22,10.0,,9.536544540177922e-08,3.4095948968030423,33149192513250.36,1.0779976453233106e-05,0.0009597712577067845,1.0779976453233106e-05,0.0009597712577067845,0.022181549028325673,0.0009705512341600176,False,False,1.0,1.7742987125233787,6.250803559928168e-09,0.3125888909163118,0.5463884775225751,1.0,1.6096091004267792,2.618884980269949e-07,0.2666616908494655,0.6094884144633519,0.2790080990612022,0.26586251647367937,0.021719530371972485,0.01879192772780886,True,ANP6,125.0,8.0,7.76068019011021e+19,$(U_{0.8}Pu_{0.2})N$
K3_G3_Kd4p1e5_ANP6,rizk2025_refit_plot,rizk2025_refit_full,1400.0,3.2,35000000000000.0,1.6085093277036197e+23,2.1737191844480457e+26,2.9023561489314564e+25,9.76234355395805e+23,1.3250291907382442e+19,1.7464284320496433,70.59234638241033,2.178186569219275,1.9524814100839325,4.130667979303207,2.722478134503452,6.85314611380666,1315391308611.024,3.28847827152756e+17,405.8046196161171,0.5,6877434.3003339125,5470612.932154579,1.257159734316144,1271188917.4846969,1271165745.6209435,32888094.711857185,31448168.445540767,1.0000182288295867,1.0457872854760988,0.061187468298824294,82.68797165064875,11.040521916535829,6.210318964516603,3.5766668596543942,2.6336521048622084,1.6325820074225204e+25,9.40241877265749e+24,6.923401301567715e+24,2.6288215094111468e+26,2.55958749639547e+26,1.0505795938795932,1.3499094604016166e+17,0.004511471649267509,4.5654416772782387e-07,6.275584006339146e-07,6.275584006339146e-07,0.021217290574092385,0.021217290574092385,4.0309623445415296e+21,2.6858468513200698e-05,9.256141022594044e-19,5.167759547233053e-22,5.167759547233053e-21,7.989389038480301e-17,1.8625632456264503e+19,35000000000000.0,35000000000000.0,0.0,0.02221253161197766,0.0009715681842437933,1.6358964675908682e-05,5.378994241733467e-06,1.6358964675908682e-05,5.378994241733467e-06,2.0855803028752598e-29,9.96524911246975e+18,8.991290830931925e+18,428.73444634580915,3.9354866238076267e-20,-136216.03932304666,2.5611237539955553e+21,1.9460093765560041e+21,0.0,0.0,0.0,0.0,0.3333333333333333,0.3333333333333333,2.0,2.6554752260788454e-21,2.7719141772846878e-21,0.0,9.229586270333256e-19,,0.0,0.0,0.0,0.0,0.0,2.6554752260788454e-21,9.229586270333256e-19,0.0029946758271276377,17.0,1.5735439738409874e-17,7.989389038480301e-23,4.368820643385022e-22,,,7.989389038480301e-23,4.368820643385022e-22,10.0,,9.536544540177922e-08,3.4095948968030423,33129276789800.152,1.0912127006312216e-05,0.0009606560572374811,1.0912127006312216e-05,0.0009606560572374811,0.02221253161197766,0.0009715681842437933,False,False,1.0,1.775267734399792,6.253708960720562e-09,0.3128399250930749,0.5460487493209586,1.0,1.6210296272677072,2.621571128954352e-07,0.27007319722340245,0.6047397104513941,0.27927476300996457,0.2692747527922377,0.021781865692192752,0.019524814100839324,True,ANP6,125.0,8.0,7.76068019011021e+19,$(U_{0.8}Pu_{0.2})N$
K3_G3_Kd4p1e5_ANP6,rizk2025_refit_plot,rizk2025_refit_full,1425.0,3.2,35000000000000.0,1.6035167171185864e+23,2.1734671702639006e+26,2.904945766605564e+25,9.742783841188894e+23,1.3208630371151247e+19,1.7492511373520068,71.55794533653786,2.1843798985110885,2.0273091595794144,4.211689058090503,2.9297788190756244,7.141467877166127,1135831997242.5974,2.839579993106493e+17,436.7042527051132,0.5,5990286.552322286,5083531.90116302,1.178370996541168,1269135334.7137542,1269114509.972883,32101204.6058172,31023808.600978047,1.0000164088746188,1.034728038027065,0.060997550095280996,82.67838506657513,11.050372785698444,6.210244597631143,3.307703094310256,2.9025415033208875,1.6325624576957123e+25,8.695361041068608e+24,7.630263535888515e+24,2.6288215094111468e+26,2.552518874052262e+26,1.052590776614576,1.3456730903388469e+17,0.004502916149325973,4.547029547405581e-07,6.221271244008855e-07,6.221271244008855e-07,0.02204910751018261,0.02204910751018261,3.99661883306606e+21,2.8660155456927492e-05,9.284638864197777e-19,7.108195478197102e-22,7.108195478197102e-21,1.8029544796246132e-16,1.8625632456264503e+19,35000000000000.0,35000000000000.0,0.0,0.02226835876671602,0.0009741029636080459,1.635102068932292e-05,5.371498274970314e-06,1.635102068932292e-05,5.371498274970314e-06,2.068918686007559e-29,1.0164592163352932e+19,8.886680703955059e+18,612.5067194277834,5.1991152613239055e-20,-134180.73509773426,2.5610475131720906e+21,2.0530321236671783e+21,0.0,0.0,0.0,0.0,0.3333333333333333,0.3333333333333333,2.0,5.505259386452124e-21,1.8723276130120317e-21,0.0,9.229586270333256e-19,,0.0,0.0,0.0,0.0,0.0,5.505259386452124e-21,9.229586270333256e-19,0.002016586364206215,17.0,1.578388606913622e-17,1.8029544796246133e-22,5.305240998572488e-22,,,1.8029544796246133e-22,5.305240998572488e-22,10.0,,9.536544540177922e-08,3.4095948968030423,33109649600501.285,1.1060120568692473e-05,0.0009630428430393535,1.1060120568692473e-05,0.0009630428430393535,0.02226835876671602,0.0009741029636080459,False,False,1.0,1.7762025470670935,6.257891255174724e-09,0.3130819015652561,0.5457213350234037,1.0,1.6325216116690562,2.6243245003048127e-07,0.2734693513200579,0.6000217422074349,0.27953920375460123,0.27267165503568086,0.021843798985110886,0.020273091595794143,True,ANP6,125.0,8.0,7.76068019011021e+19,$(U_{0.8}Pu_{0.2})N$
K3_G3_Kd4p1e5_ANP6,rizk2025_refit_plot,rizk2025_refit_full,1450.0,3.2,35000000000000.0,1.5947957290839852e+23,2.1729710979622346e+26,2.909261235083608e+25,9.711769521983244e+23,1.316622507181596e+19,1.7527384204402463,72.52101017473356,2.1904749770434147,2.103494685085451,4.293969662128866,3.114168602916254,7.408138265045119,1005308894804.8027,2.5132722370120067e+17,464.1888540116329,0.5000000000000001,5352864.827574507,4782536.204422447,1.1192523378337782,1266608187.5239024,1266589454.5989292,31376715.987392288,30611818.487512626,1.0000147900528504,1.0249869997168475,0.06066580493862505,82.65951454608184,11.066788767014005,6.213030881965567,3.097105718550277,3.1159251634152905,1.633294922114679e+25,8.141738129845234e+24,8.191211091301558e+24,2.6288215094111468e+26,2.5469093984981316e+26,1.0546441425995154,1.3391396066616811e+17,0.004489546790455412,4.5257080883162944e-07,6.19640091266593e-07,6.19640091266593e-07,0.022897322973967526,0.022897322973967526,3.9183858720300256e+21,3.0807444438910796e-05,9.34088619014059e-19,1.03501318176948e-21,1.03501318176948e-20,3.956100289530877e-16,1.8625632456264503e+19,35000000000000.0,35000000000000.0,0.0,0.02237169335962017,0.0009795527782695528,1.6341216884491928e-05,5.36421671527256e-06,1.6341216884491928e-05,5.36421671527256e-06,2.0619783223151952e-29,1.0367420212261659e+19,8.82638899536936e+18,830.3845133587191,6.608092638675317e-20,-133604.32234324468,2.562205092792068e+21,2.1625699847590988e+21,0.0,0.0,0.0,0.0,0.3333333333333333,0.3333333333333333,2.0,1.1129991980733449e-20,1.2351760164789186e-21,0.0,9.229586270333256e-19,,0.0,0.0,0.0,0.0,0.0,1.1129991980733449e-20,9.229586270333256e-19,0.0013223327972699858,17.0,1.5879506523239004e-17,3.9561002895308766e-22,6.394031528163924e-22,,,3.9561002895308766e-22,6.394031528163924e-22,10.0,,9.536544540177922e-08,3.4095948968030423,33090358031914.668,1.1240242638197489e-05,0.0009683125356313554,1.1240242638197489e-05,0.0009683125356313554,0.02237169335962017,0.0009795527782695528,False,False,1.0,1.7770689167092577,6.264545789747856e-09,0.3133059903668947,0.5454181732786985,1.0,1.6440579931473716,2.627138933228825e-07,0.27684228936699157,0.5953453913133946,0.27979896185730496,0.2760453736351879,0.021904749770434145,0.02103494685085451,True,ANP6,125.0,8.0,7.76068019011021e+19,$(U_{0.8}Pu_{0.2})N$
K3_G3_Kd4p1e5_ANP6,rizk2025_refit_plot,rizk2025_refit_full,1475.0,3.2,35000000000000.0,1.5792491574227583e+23,2.1720089580848687e+26,2.9168943165845627e+25,9.659471193928172e+23,1.3122999900742842e+19,1.7574689004144417,73.48405349028438,2.196366984758379,2.18122792327993,4.377594908038309,3.2752737436412755,7.652868651679584,908842361398.1604,2.2721059034954013e+17,488.20271459018346,0.4999999999999998,4897747.407897394,4547291.3887083875,1.077069180140785,1263197223.3609288,1263180247.1591308,30725472.091627326,30210636.111595493,1.0000134392552735,1.017041547160082,0.06007441554206198,82.62291488064538,11.095824901546639,6.221185802265932,2.936425090679089,3.2847607115868427,1.6354387051039923e+25,7.719337439151766e+24,8.635049611888157e+24,2.6288215094111468e+26,2.5424710132922652e+26,1.0567451499225609,1.3283989291354374e+17,0.004467249003850479,4.4990455352731043e-07,6.24967997035483e-07,6.24967997035483e-07,0.02376429321607008,0.02376429321607008,3.813905014664622e+21,3.3326461920026594e-05,9.449295664440247e-19,1.6104112356588178e-21,1.610411235658818e-20,8.452417180343286e-16,1.8625632456264503e+19,35000000000000.0,35000000000000.0,0.0,0.022563714843459214,0.000990471468586581,1.6327936665189165e-05,5.357122331081875e-06,1.6327936665189165e-05,5.357122331081875e-06,2.0809682719629548e-29,1.0576478032999266e+19,8.884237069223425e+18,1070.8602904771421,8.082581061955769e-20,-133562.5580139206,2.5656647569469184e+21,2.2672961492357512e+21,0.0,0.0,0.0,0.0,0.3333333333333333,0.3333333333333333,2.0,2.1970939410699096e-20,7.982677016900445e-22,0.0,9.229586270333256e-19,,0.0,0.0,0.0,0.0,0.0,2.1970939410699096e-20,9.229586270333256e-19,0.0008447906913253856,17.0,1.606380262954842e-17,8.452417180343286e-22,7.651695176244892e-22,,,8.452417180343286e-22,7.651695176244892e-22,10.0,,9.536544540177922e-08,3.4095948968030423,33071351071689.86,1.148343559185534e-05,0.0009789880329947255,1.148343559185534e-05,0.0009789880329947255,0.022563714843459214,0.000990471468586581,False,False,1.0,1.7778053072722175,6.275831518335419e-09,0.3134963304260254,0.545160706073814,1.0,1.6556683092695426,2.6300202218742816e-07,0.2802007681489034,0.5906984750442991,0.28004960790930356,0.2794046842989847,0.02196366984758379,0.0218122792327993,True,ANP6,125.0,8.0,7.76068019011021e+19,$(U_{0.8}Pu_{0.2})N$
K3_G3_Kd4p1e5_ANP6,rizk2025_refit_plot,rizk2025_refit_full,1500.0,3.2,35000000000000.0,1.5517390657116153e+23,2.1701926465027495e+26,2.930635021365285e+25,9.569317301777493e+23,1.3077641657915832e+19,1.7644425780874615,74.47663732591731,2.2018724237246956,2.2629670031534594,4.464839426878155,3.4183111418117593,7.883150568689914,834373663981.9111,2.085934159954778e+17,509.5234503638939,0.5,4568903.05373211,4357012.41702322,1.0486320938359082,1258203337.5591826,1258187728.8442748,30137439.27985781,29808005.298158877,1.00001240571224,1.0110518626927136,0.05902793552762748,82.55382264385345,11.148094349021605,6.23905507159729,2.8159131580598493,3.4231419135374406,1.6401362170615658e+25,7.402533078541602e+24,8.998829092074056e+24,2.6288215094111468e+26,2.5388332184904056e+26,1.058960913500768,1.310248508995811e+17,0.00442909040492268,4.4624732760147874e-07,6.379560018878492e-07,6.379560018878492e-07,0.024678878694707633,0.024678878694707633,3.7166925239757345e+21,3.614176488885294e-05,9.653577892834512e-19,2.6703221709632663e-21,2.6703221709632663e-20,1.7607759639859707e-15,1.8625632456264503e+19,35000000000000.0,35000000000000.0,0.0,0.022917309045681084,0.001011417637829472,1.6308398050077935e-05,5.3499985099189384e-06,1.6308398050077935e-05,5.3499985099189384e-06,2.1254056813713047e-29,1.0796300983864926e+19,9.056134969306183e+18,1324.4534708198094,9.561496867773335e-20,-133172.81340610835,2.5732671142149394e+21,2.361388270365941e+21,0.0,0.0,0.0,0.0,0.3333333333333333,0.3333333333333333,2.0,4.239916225012569e-20,5.067891913502495e-22,0.0,9.229586270333256e-19,,0.0,0.0,0.0,0.0,0.0,4.239916225012569e-20,9.229586270333256e-19,0.0005249755033586253,17.0,1.6411082417818672e-17,1.7607759639859707e-21,9.095462069772957e-22,,,1.7607759639859707e-21,9.095462069772957e-22,10.0,,9.536544540177922e-08,3.4095948968030423,33052055737549.625,1.1848614162083827e-05,0.0009995690236673882,1.1848614162083827e-05,0.0009995690236673882,0.022917309045681084,0.001011417637829472,False,False,1.0,1.7783059639243102,6.29547887472853e-09,0.31362567089389526,0.5449857706017066,1.0,1.667712704664241,2.633057310176895e-07,0.2836472786729264,0.5859396133312887,0.28028340453764283,0.282852099802912,0.022018724237246955,0.022629670031534595,True,ANP6,125.0,8.0,7.76068019011021e+19,$(U_{0.8}Pu_{0.2})N$
K3_G3_Kd4p1e5_ANP6,rizk2025_refit_plot,rizk2025_refit_full,1525.0,3.2,35000000000000.0,1.5044952361259584e+23,2.1668808873745176e+26,2.9551040500179713e+25,9.415285265567394e+23,1.302694629806074e+19,1.775305243504803,75.56612378115419,2.206689352809267,2.3545757569540005,4.5612651097632675,3.55168076293551,8.112945872698777,772886858119.5897,1.932217145298974e+17,529.4031355971935,0.5,4320959.573234609,4193401.6833801484,1.0304187148014023,1250503771.2117796,1250489181.0138981,29580513.15137307,29378243.701229215,1.0000116675922535,1.0068850082462688,0.057230786903556784,82.42784379301189,11.241174189418098,6.273751230666471,2.7251435641453856,3.548607666521085,1.649257217987067e+25,7.163916017658745e+24,9.328656162211926e+24,2.6288215094111468e+26,2.535534947789028e+26,1.0614521679694273,1.2797528480364998e+17,0.0043641751252911695,4.4083668694876813e-07,6.555878315433505e-07,6.555878315433505e-07,0.02570997948745877,0.02570997948745877,3.6458576791729886e+21,3.909763451130335e-05,1.0030351091137525e-18,4.655100322574004e-21,4.6551003225740044e-20,3.580777516173852e-15,1.8625632456264503e+19,35000000000000.0,35000000000000.0,0.0,0.023557359922716348,0.001050369145661618,1.6278056414838684e-05,5.3423903868576695e-06,1.6278056414838684e-05,5.3423903868576695e-06,2.185288917028531e-29,1.1034786156729838e+19,9.29307046502152e+18,1591.1493555320171,1.1041314922252778e-19,-131956.50589171,2.5880368332950114e+21,2.444541577506568e+21,0.0,0.0,0.0,0.0,0.3333333333333333,0.3333333333333333,2.0,8.007648208042697e-20,3.1682982816812804e-22,0.0,9.229586270333256e-19,,0.0,0.0,0.0,0.0,0.0,8.007648208042697e-20,9.229586270333256e-19,0.0003158711248383599,17.0,1.705159685493379e-17,3.5807775161738524e-21,1.0743228064001518e-21,,,3.5807775161738524e-21,1.0743228064001518e-21,10.0,,9.536544540177922e-08,3.4095948968030423,33031221417864.496,1.2442227292667788e-05,0.0010379269183689501,1.2442227292667788e-05,0.0010379269183689501,0.023557359922716348,0.001050369145661618,False,False,1.0,1.7783998789665647,6.329625007922528e-09,0.31364992695367216,0.5449529655665131,1.0,1.681023801990483,2.636468415496733e-07,0.2874126552855153,0.580752026919108,0.2804876431277396,0.28661850257125526,0.02206689352809267,0.023545757569540006,True,ANP6,125.0,8.0,7.76068019011021e+19,$(U_{0.8}Pu_{0.2})N$
K3_G3_Kd4p1e5_ANP6,rizk2025_refit_plot,rizk2025_refit_full,1550.0,3.2,35000000000000.0,1.4274879728670687e+23,2.1610820668694864e+26,2.9974634790481074e+25,9.160665519802256e+23,1.2965175479557673e+19,1.7925936290532674,76.866753014266,2.2103506787013227,2.4665085019024175,4.67685918060374,3.691801675035996,8.368660855639737,715330995820.3069,1.788327489550767e+17,550.2891484964566,0.5000000000000002,4112203.6087145233,4034242.735961011,1.0193247848124192,1238442831.267421,1238429036.0177512,29002666.57191713,28881147.088234387,1.000011139313815,1.0042075712336318,0.05430144145415276,82.20725747765076,11.40230886089918,6.336132219995923,2.6552209276249155,3.680911292371007,1.6656560666398281e+25,6.980101886778996e+24,9.676458779619285e+24,2.6288215094111468e+26,2.5320569216149543e+26,1.0645075847089973,1.2303064729570893e+17,0.004257092073970799,4.3254599936064443e-07,6.77702965888779e-07,6.77702965888779e-07,0.02698033224991401,0.02698033224991401,3.5952217093449355e+21,4.206172591404827e-05,1.0711233129353537e-18,8.378501496912049e-21,8.378501496912049e-20,7.11715258415843e-15,1.8625632456264503e+19,35000000000000.0,35000000000000.0,0.0,0.024689301134068472,0.0011210160248692272,1.6230000577420062e-05,5.333584691505885e-06,1.6230000577420062e-05,5.333584691505885e-06,2.260149715153451e-29,1.130483252625547e+19,9.587484806715611e+18,1894.5675613235308,1.2635133599659133e-19,-129354.29507996528,2.614640345267466e+21,2.5227117478334903e+21,0.0,0.0,0.0,0.0,0.3333333333333333,0.3333333333333333,2.0,1.4816468590202815e-19,1.9547622806480766e-22,0.0,9.229586270333256e-19,,0.0,0.0,0.0,0.0,0.0,1.4816468590202815e-19,9.229586270333256e-19,0.00018249647421930904,17.0,1.820909631990101e-17,7.11715258415843e-21,1.2613489127536196e-21,,,7.11715258415843e-21,1.2613489127536196e-21,10.0,,9.536544540177922e-08,3.4095948968030423,33006830983027.645,1.3450807372838312e-05,0.001107565217496389,1.3450807372838312e-05,0.001107565217496389,0.024689301134068472,0.0011210160248692272,False,False,1.0,1.777831547140828,6.387735018213675e-09,0.31350311063908826,0.5451515353143306,1.0,1.6970371463520397,2.640648746764123e-07,0.2918830656871642,0.5746089960266313,0.2806426852225668,0.29109016946082716,0.022103506787013227,0.024665085019024174,True,ANP6,125.0,8.0,7.76068019011021e+19,$(U_{0.8}Pu_{0.2})N$
K3_G3_Kd4p1e5_ANP6,rizk2025_refit_plot,rizk2025_refit_full,1575.0,3.2,35000000000000.0,1.3112535504155022e+23,2.151404959347791e+26,3.0677757317458657e+25,8.76258642392012e+23,1.2883540950897242e+19,1.8198430438677613,78.54296631976018,2.212191516846352,2.6148437881761972,4.827035305022549,3.8570624315177984,8.684097736540346,655345666092.5208,1.6383641652313018e+17,574.9224329925328,0.49999999999999994,3910761.5759123717,3861390.4634833303,1.0127858378726362,1219898490.6593232,1219885422.2514565,28337772.197938457,28264784.283318862,1.0000107128158335,1.0025822915854579,0.04987990039343605,81.83914167035644,11.669775679951144,6.441202749299009,2.5989883346568394,3.8422144146421693,1.693277233383545e+25,6.832276436854556e+24,1.0100495896980893e+25,2.6288215094111468e+26,2.5278165504413386e+26,1.0685762143031672,1.1550681471523682e+17,0.004089731617758101,4.1997099213576924e-07,7.059002399719309e-07,7.059002399719309e-07,0.028679657816349957,0.028679657816349957,3.545502698078102e+21,4.5034596862147586e-05,1.1918027971817664e-18,1.5313431223305902e-20,1.5313431223305902e-19,1.384090397445483e-14,1.8625632456264503e+19,35000000000000.0,35000000000000.0,0.0,0.02663472677681037,0.0012464018949191078,1.6154841518681823e-05,5.322658024733426e-06,1.6154841518681823e-05,5.322658024733426e-06,2.355432447446865e-29,1.16247186291541e+19,9.955374310197199e+18,2283.3156670347275,1.4562623283617118e-19,-125134.2458267189,2.659612345154071e+21,2.6073734347356404e+21,0.0,0.0,0.0,0.0,0.3333333333333333,0.3333333333333333,2.0,2.6884417014844093e-19,1.1925617140326962e-22,0.0,9.229586270333256e-19,,0.0,0.0,0.0,0.0,0.0,2.6884417014844093e-19,9.229586270333256e-19,0.00010006367805585995,17.0,2.0260647552090028e-17,1.384090397445483e-20,1.4725272488510705e-21,,,1.384090397445483e-20,1.4725272488510705e-21,10.0,,9.536544540177922e-08,3.4095948968030423,32976189506822.8,1.51954562348489e-05,0.001231206438684259,1.51954562348489e-05,0.001231206438684259,0.02663472677681037,0.0012464018949191078,False,False,1.0,1.7762634457971542,6.483038705007517e-09,0.3130976585611979,0.5457000164037547,1.0,1.717866985070825,2.646214272714734e-07,0.2976035476552766,0.5667737349118821,0.28072057247273047,0.29681231507872313,0.022121915168463523,0.026148437881761973,True,ANP6,125.0,8.0,7.76068019011021e+19,$(U_{0.8}Pu_{0.2})N$
K3_G3_Kd4p1e5_ANP6,rizk2025_refit_plot,rizk2025_refit_full,1600.0,3.2,35000000000000.0,1.1530136052585708e+23,2.1361536614099875e+26,3.1783391060600627e+25,8.18691924762158e+23,1.2770294006327726e+19,1.8613034955994514,80.79522983722963,2.2113663408270883,2.821283100585295,5.032649441412383,4.074649006393987,9.10729844780637,587223409632.6725,1.4680585240816813e+17,607.3552507743033,0.49999999999999994,3688344.110421509,3655191.911438607,1.009069892849991,1192724803.372108,1192712529.2831554,27521486.10708883,27476869.667583354,1.0000102909030057,1.0016237817497133,0.04386047516466208,81.25898444464887,12.09035719877386,6.606797881412609,2.5517436487716334,4.055054232640975,1.736809237898946e+25,6.708078590394152e+24,1.0660013788595308e+25,2.6288215094111468e+26,2.5222213715251938e+26,1.0742758969295387,1.0504585405646786e+17,0.003847401301705635,4.0179830743329304e-07,7.422717464365136e-07,7.422717464365136e-07,0.031068635854355084,0.031068635854355084,3.477453393182492e+21,4.817222143581808e-05,1.4017765731852965e-18,2.8072866441166047e-20,2.8072866441166047e-19,2.6363059898109156e-14,1.8625632456264503e+19,35000000000000.0,35000000000000.0,0.0,0.02986699299829055,0.0014645996480052424,1.6041861327476296e-05,5.308676813138119e-06,1.6041861327476296e-05,5.308676813138119e-06,2.478304646941704e-29,1.2016553576037945e+19,1.041590861380485e+19,2853.265254652779,1.7211370067505156e-19,-118748.36788539968,2.730900243428642e+21,2.711155882349891e+21,0.0,0.0,0.0,0.0,0.3333333333333333,0.3333333333333333,2.0,4.788179461519709e-19,7.206892439595517e-23,0.0,9.229586270333256e-19,,0.0,0.0,0.0,0.0,0.0,4.788179461519709e-19,9.229586270333256e-19,5.141256158404111e-05,17.0,2.383020174415004e-17,2.6363059898109155e-20,1.7098065430568916e-21,,,2.6363059898109155e-20,1.7098065430568916e-21,10.0,,9.536544540177922e-08,3.4095948968030423,32936454404276.71,1.8222169537729568e-05,0.0014463774784675128,1.8222169537729568e-05,0.0014463774784675128,0.02986699299829055,0.0014645996480052424,False,False,1.0,1.7733278951622364,6.631566387897288e-09,0.3123371844564428,0.546729174868587,1.0,1.746187343794511,2.654013360159124e-07,0.30521525761072227,0.5563934837964062,0.2806856639983694,0.3044263372867065,0.02211366340827088,0.02821283100585295,True,ANP6,125.0,8.0,7.76068019011021e+19,$(U_{0.8}Pu_{0.2})N$
K3_G3_Kd4p1e5_ANP6,rizk2025_refit_plot,rizk2025_refit_full,1625.0,3.2,35000000000000.0,9.629799108538993e+22,2.113633652672595e+26,3.3415619932787103e+25,7.430975057978848e+23,1.2611539502927002e+19,1.9211106735373347,83.8283748379243,2.2069452924342836,3.1119302471993744,5.318875539633658,4.367966976259398,9.686842515893055,511004913769.3096,1.277512284423274e+17,651.0763685600717,0.5,3433659.418713901,3409738.253762425,1.0070155428866367,1155592853.6270087,1155581524.0526054,26510780.265820526,26482679.692791358,1.0000098042190597,1.0010610925085808,0.03663162019203068,80.40232648378043,12.711254763079053,6.849787132948471,2.5102996604558268,4.339487472492645,1.8006867749982652e+25,6.599129742473775e+24,1.1407738007508877e+25,2.6288215094111468e+26,2.514744129336058e+26,1.08237493800419,9.203675183622515e+16,0.0035282303878559117,3.7742069001359315e-07,7.888782802372566e-07,7.888782802372566e-07,0.034472246324293895,0.034472246324293895,3.381629644683395e+21,5.1715203271239646e-05,1.7607334386319764e-18,5.120371716109041e-20,5.120371716109041e-19,4.922854290289942e-14,1.8625632456264503e+19,35000000000000.0,35000000000000.0,0.0,0.03503426206724334,0.0018374006345826433,1.588181090640026e-05,5.291013960844463e-06,1.588181090640026e-05,5.291013960844463e-06,2.635964292541363e-29,1.2502075780960483e+19,1.0982380558310156e+19,3752.5983558699936,2.109800688743757e-19,-110232.27695223624,2.8364277713451404e+21,2.8451320420650325e+21,0.0,0.0,0.0,0.0,0.3333333333333333,0.3333333333333333,2.0,8.377748115986507e-19,4.32093384762443e-23,0.0,9.229586270333256e-19,,0.0,0.0,0.0,0.0,0.0,8.377748115986507e-19,9.229586270333256e-19,2.454053380721634e-05,17.0,2.99324684567436e-17,4.922854290289942e-20,1.9751742581909914e-21,,,4.922854290289942e-20,1.9751742581909914e-21,10.0,,9.536544540177922e-08,3.4095948968030423,32885601666127.26,2.345021862514864e-05,0.0018139504159574947,2.345021862514864e-05,0.0018139504159574947,0.03503426206724334,0.0018374006345826433,False,False,1.0,1.768735126537428,6.849224037103758e-09,0.31114358528979996,0.5483455787537094,1.0,1.7849082282443731,2.665103086711035e-07,0.3153261974871802,0.5426872419813507,0.2804984866910299,0.3145405326945443,0.022069452924342838,0.031119302471993744,True,ANP6,125.0,8.0,7.76068019011021e+19,$(U_{0.8}Pu_{0.2})N$
K3_G3_Kd4p1e5_ANP6,rizk2025_refit_plot,rizk2025_refit_full,1650.0,3.2,35000000000000.0,7.635656909091097e+22,2.0825721958019174e+26,3.567089601025063e+25,6.537603655032079e+23,1.2392576901361607e+19,2.0022171109587132,87.81497256892335,2.1980658688649326,3.5152477738770984,5.713313642742031,4.773767269470016,10.487080912212047,427820197463.1177,1.0695504936577942e+17,711.5637721279535,0.5,3138668.8996592755,3119889.020433153,1.0060194061721834,1108781090.306228,1108770865.9811656,25298781.431281116,25280426.959737286,1.0000092213146792,1.000726034871684,0.029045931348916407,79.22075303881743,13.569158606831724,7.181042423001934,2.472987441231401,4.708054981770533,1.8877678781581423e+25,6.501042578012741e+24,1.2376636203568681e+25,2.6288215094111468e+26,2.5050551473754604e+26,1.093759872553251,7.76969019928903e+16,0.0031491591691121027,3.474196026604983e-07,8.47543617931704e-07,8.47543617931704e-07,0.03926744786636329,0.03926744786636329,3.2642908801131904e+21,5.5898266228053084e-05,2.364150646143271e-18,9.247330480694055e-20,9.247330480694055e-19,9.020265555838444e-14,1.8625632456264503e+19,35000000000000.0,35000000000000.0,0.0,0.042960348936127865,0.0024634141429755963,1.5670258418470654e-05,5.269622760276681e-06,1.5670258418470654e-05,5.269622760276681e-06,2.835057718914787e-29,1.3097494289448921e+19,1.1657706009664106e+19,5273.62347624892,2.7104749736632505e-19,-99265.72434936842,2.9821585150802385e+21,3.014762471502681e+21,0.0,0.0,0.0,0.0,0.3333333333333333,0.3333333333333333,2.0,1.441192019109945e-18,2.5738368843747513e-23,0.0,9.229586270333256e-19,,0.0,0.0,0.0,0.0,0.0,1.441192019109945e-18,9.229586270333256e-19,1.0886941103239548e-05,17.0,4.0190560984435606e-17,9.020265555838444e-20,2.2706492485561157e-21,,,9.020265555838444e-20,2.2706492485561157e-21,10.0,,9.536544540177922e-08,3.4095948968030423,32823502818040.227,3.240786797135936e-05,0.002431006275004237,3.240786797135936e-05,0.002431006275004237,0.042960348936127865,0.0024634141429755963,False,False,1.0,1.7623836842521916,7.147995233873395e-09,0.30948521558344877,0.5505935936093642,1.0,1.836767924470225,2.68070779981988e-07,0.3283620930708024,0.5251591340557323,0.2801217951795381,0.32758095697268463,0.021980658688649325,0.03515247773877098,True,ANP6,125.0,8.0,7.76068019011021e+19,$(U_{0.8}Pu_{0.2})N$
K3_G3_Kd4p1e5_ANP6,rizk2025_refit_plot,rizk2025_refit_full,1675.0,3.2,35000000000000.0,5.791868495492057e+22,2.0423850424641968e+26,3.8600477535407786e+25,5.583677256935254e+23,1.209879812258143e+19,2.1058026000173853,92.88248622592528,2.184046545451613,4.060993880665516,6.2450404261171295,5.319164596441621,11.56420502255875,344585429779.37976,8.614635744484494e+16,792.8591008236697,0.49999999999999994,2815979.1611441206,2799993.0853965487,1.0057093268661796,1054238886.5501688,1054229869.4007084,23913635.200355884,23901168.99541343,1.000008553304855,1.0005215730220076,0.022032186189732714,77.69203938542366,14.683567293259957,7.602361135126644,2.4386064880852754,5.163754647041369,1.9985250474332263e+25,6.410661188868148e+24,1.3574589285464115e+25,2.6288215094111468e+26,2.4930756165565055e+26,1.1094414545535498,6.358002107699244e+16,0.0027414569670972215,3.134409966567959e-07,9.207494707724664e-07,9.207494707724664e-07,0.045887099324890185,0.045887099324890185,3.146978080826315e+21,6.090801504113223e-05,3.3623625899400784e-18,1.6491783151767403e-19,1.6491783151767404e-18,1.6231955709997532e-13,1.8625632456264503e+19,35000000000000.0,35000000000000.0,0.0,0.05462747533603298,0.003497554351554159,1.5409168569406434e-05,5.2450391142522405e-06,1.5409168569406434e-05,5.2450391142522405e-06,3.084863166107588e-29,1.3811200713657176e+19,1.2444675519069719e+19,7912.141917769143,3.6463122248300347e-19,-86635.4917708998,3.17089648210372e+21,3.221319615857767e+21,0.0,0.0,0.0,0.0,0.3333333333333333,0.3333333333333333,2.0,2.439403962906753e-18,1.5251283830083255e-23,0.0,9.229586270333256e-19,,0.0,0.0,0.0,0.0,0.0,2.439403962906753e-18,9.229586270333256e-19,4.535883154218372e-06,17.0,5.716016402898133e-17,1.623195570999753e-19,2.5982744176987148e-21,,,1.623195570999753e-19,2.5982744176987148e-21,10.0,,9.536544540177922e-08,3.4095948968030423,32752476272508.438,4.758932044546975e-05,0.003449965031108689,4.758932044546975e-05,0.003449965031108689,0.05462747533603298,0.003497554351554159,False,False,1.0,1.7543835591413943,7.533861272982845e-09,0.30738351160553123,0.5534462402287417,1.0,1.9041651064767282,2.702231636851295e-07,0.3444997032050306,0.5036930654194478,0.27952498309186447,0.34372472910096546,0.02184046545451613,0.040609938806655164,True,ANP6,125.0,8.0,7.76068019011021e+19,$(U_{0.8}Pu_{0.2})N$
K3_G3_Kd4p1e5_ANP6,rizk2025_refit_plot,rizk2025_refit_full,1700.0,3.2,35000000000000.0,4.2546891680084425e+22,1.993116418822126e+26,4.221535173911699e+25,4.649747056451494e+23,1.1715174259767484e+19,2.2315436054437336,99.14217077193965,2.164382781125446,4.782033714253844,6.94641649537929,6.042435543750145,12.988852039129434,267029791127.7696,6.67574477819424e+16,900.6677505726443,0.5,2479523.030272914,2464837.8923176997,1.0059578514274647,994834882.9737515,994827076.0134046,22400913.17291543,22392085.857255913,1.0000078475551533,1.0003942158723305,0.016184777676143895,75.81786788059955,16.058660349508926,8.107286992215402,2.4066032703413396,5.700683721874062,2.1312610428105047e+25,6.326530441692522e+24,1.4986079986412525e+25,2.6288215094111468e+26,2.478960709547022e+26,1.1306603051452988,5.09039629510264e+16,0.0023384062008237954,2.775134990414899e-07,1.0142032330646548e-06,1.0142032330646548e-06,0.05486641364789894,0.05486641364789894,3.0600575744253755e+21,6.69023043206989e-05,4.988545012933779e-18,2.9005001213446957e-19,2.9005001213446957e-18,2.8708990269161864e-13,1.8625632456264503e+19,35000000000000.0,35000000000000.0,0.0,0.07115583976148766,0.0051796956370085585,1.510563612176466e-05,5.218088678862185e-06,1.510563612176466e-05,5.218088678862185e-06,3.4062913594195056e-29,1.4645864195718767e+19,1.3375574987424782e+19,12640.741286198054,5.123646281053733e-19,-73108.2089558755,3.402554739082058e+21,3.4618168568609463e+21,0.0,0.0,0.0,0.0,0.3333333333333333,0.3333333333333333,2.0,4.065586385900453e-18,9.000056617340487e-24,0.0,9.229586270333256e-19,,0.0,0.0,0.0,0.0,0.0,4.065586385900453e-18,9.229586270333256e-19,1.804144614112147e-06,17.0,8.480526521987424e-17,2.8708990269161863e-19,2.9601094428509513e-21,,,2.8708990269161863e-19,2.9601094428509513e-21,10.0,,9.536544540177922e-08,3.4095948968030423,32677072069560.22,7.296396774661826e-05,0.00510673166926194,7.296396774661826e-05,0.00510673166926194,0.07115583976148766,0.0051796956370085585,False,False,1.0,1.7449704251115434,8.007838956170678e-09,0.3048920213224274,0.5568332187751808,1.0,1.9894715239629799,2.731410809118574e-07,0.3637368823808743,0.47845669317154643,0.2786835645008705,0.3629701223870196,0.02164382781125446,0.04782033714253844,True,ANP6,125.0,8.0,7.76068019011021e+19,$(U_{0.8}Pu_{0.2})N$
K3_G3_Kd4p1e5_ANP6,rizk2025_refit_plot,rizk2025_refit_full,1725.0,3.2,35000000000000.0,3.065097235523223e+22,1.935160305609705e+26,4.650567764388107e+25,3.795019538262632e+23,1.1224229814111191e+19,2.3783647141506346,106.75129772085081,2.1386414723936884,5.719586720875825,7.858228193269514,6.99111813821333,14.849346331482844,199475924571.7157,4.986898114292892e+16,1042.0756004662785,0.49999999999999994,2144824.654188903,2130363.6693985136,1.00678803576972,933421146.7538012,933414453.5493625,20802559.95018757,20796000.118005,1.0000071706672349,1.0003154372064507,0.011659586718041582,73.613225495982,17.690694281597796,8.68442063570216,2.376802745069348,6.307617890632813,2.2829791763907866e+25,6.248190179865761e+24,1.6581601584042107e+25,2.6288215094111468e+26,2.463005493570726e+26,1.1591337788826124,4.024410178792557e+16,0.001964978071301808,2.413547985006874e-07,1.1413265763505882e-06,1.1413265763505882e-06,0.06695048716199926,0.06695048716199926,3.0362219176317687e+21,7.406806349956477e-05,7.599207725237919e-18,5.02802236364218e-19,5.0280223636421804e-18,4.994440127391286e-13,1.8625632456264503e+19,35000000000000.0,35000000000000.0,0.0,0.09378825498131776,0.00787640137888989,1.4769148509973508e-05,5.189524313918145e-06,1.4769148509973508e-05,5.189524313918145e-06,3.847945100336632e-29,1.560230367539991e+19,1.4556419289636768e+19,21384.544466790096,7.485299917512673e-19,-59604.55627103953,3.6753301847335156e+21,3.7314297543864594e+21,0.0,0.0,0.0,0.0,0.3333333333333333,0.3333333333333333,2.0,6.676249098204593e-18,5.2946612669943086e-24,0.0,9.229586270333256e-19,,0.0,0.0,0.0,0.0,0.0,6.676249098204593e-18,9.229586270333256e-19,6.967385888676363e-07,17.0,1.2918653132904462e-16,4.994440127391286e-19,3.3582236250893297e-21,,,4.994440127391286e-19,3.3582236250893297e-21,10.0,,9.536544540177922e-08,3.4095948968030423,32603603805440.73,0.00011464637082564944,0.007761755008064241,0.00011464637082564944,0.007761755008064241,0.09378825498131776,0.00787640137888989,False,False,1.0,1.7343840835530793,8.568824471329689e-09,0.3020656752850188,0.5606822777995548,1.0,2.0957816940169107,2.7706672255486047e-07,0.38604637211338116,0.44969703496415203,0.2775743478475098,0.3852904250605613,0.021386414723936882,0.05719586720875825,True,ANP6,125.0,8.0,7.76068019011021e+19,$(U_{0.8}Pu_{0.2})N$
K3_G3_Kd4p1e5_ANP6,rizk2025_refit_plot,rizk2025_refit_full,1750.0,3.2,35000000000000.0,2.187418862510895e+22,1.8689706829039597e+26,5.1460931320469445e+25,3.0501424479536685e+23,1.0602598098265346e+19,2.545101711955958,116.00213958929525,2.1063190751744885,6.932644131949692,9.03896320712418,8.20827410761482,17.247237314739,144703843641.69247,3.617596091042311e+16,1223.5013055680542,0.5,1829537.9762149407,1814464.7577382731,1.0083072533717636,872269512.2684541,872263764.3797303,19142766.05034133,19137578.046921328,1.000006589622266,1.0002710898634761,0.008320910547482832,71.09538156976687,19.575665801668155,9.320631718017506,2.349224592892708,6.971407125124798,2.450227714162419e+25,6.175692140233995e+24,1.8326585001390194e+25,2.6288215094111468e+26,2.4455556593972452e+26,1.1975277044476982,3.164352286470414e+16,0.0016346861142506211,2.0603441409610324e-07,1.3314872148351777e-06,1.3314872148351777e-06,0.08330028045951549,0.08330028045951549,3.110836405799374e+21,8.269892864085723e-05,1.1732003472118521e-17,8.590290957143048e-19,8.590290957143048e-18,8.552344067970446e-13,1.8625632456264503e+19,35000000000000.0,35000000000000.0,0.0,0.12387057186459702,0.012141286184762996,1.4409268046615107e-05,5.159778681067942e-06,1.4409268046615107e-05,5.159778681067942e-06,4.516621594969479e-29,1.6682394297062144e+19,1.623167293837551e+19,37810.27525980193,1.126380894042212e-18,-47201.78784370578,3.986819205378993e+21,4.026206795364284e+21,0.0,0.0,0.0,0.0,0.3333333333333333,0.3333333333333333,2.0,1.0809044845085196e-17,3.1079945105556526e-24,0.0,9.229586270333256e-19,,0.0,0.0,0.0,0.0,0.0,1.0809044845085196e-17,9.229586270333256e-19,2.649159214742734e-07,17.0,1.9944405902601486e-16,8.552344067970446e-19,3.7946889172602315e-21,,,8.552344067970446e-19,3.7946889172602315e-21,10.0,,9.536544540177922e-08,3.4095948968030423,32540156004285.516,0.00018165406400763004,0.011959632120755365,0.00018165406400763004,0.011959632120755365,0.12387057186459702,0.012141286184762996,False,False,1.0,1.7227827803028148,9.216232733637592e-09,0.2989383076498822,0.5649497166953368,1.0,2.2280697068627315,2.82378981040447e-07,0.41154413266730755,0.41753512226457523,0.2761688683017599,0.410802397141065,0.021063190751744884,0.06932644131949692,True,ANP6,125.0,8.0,7.76068019011021e+19,$(U_{0.8}Pu_{0.2})N$
K3_G3_Kd4p1e5_ANP6,rizk2025_refit_plot,rizk2025_refit_full,1775.0,3.2,35000000000000.0,1.5573197998388362e+22,1.7948355167840276e+26,5.708690130830235e+25,2.4225778453116313e+23,9.814781602897019e+18,2.7308777609115373,127.47669172757479,2.0666795058146046,8.516508847502102,10.583188353316707,9.774093529142695,20.3572818824594,102054177706.00333,2.551354442650083e+16,1456.8977639960074,0.5,1540355.4683007463,1523785.7143187188,1.0108740709578288,812930445.2279445,812925438.0316856,17419427.337290574,17414948.332235284,1.0000061594778864,1.0002571931291349,0.005924022586788991,68.27529029105018,21.715776861963423,10.003008824399616,2.324559089730588,7.678449734669028,2.629612475641122e+25,6.110850934980966e+24,2.0185273821430255e+25,2.6288215094111468e+26,2.4269687711968447e+26,1.2504656997548662,2.48641419991866e+16,0.0013515948437313782,1.7192906326066927e-07,1.6502021728257044e-06,1.6502021728257044e-06,0.1059341363094473,0.1059341363094473,3.33482588318622e+21,9.330774343849206e-05,1.8187204162230228e-17,1.4467299250700101e-18,1.4467299250700103e-17,1.4424583518951984e-12,1.8625632456264503e+19,35000000000000.0,35000000000000.0,0.0,0.1628006502023173,0.018802302603904846,1.4034375054255629e-05,5.128810391793771e-06,1.4034375054255629e-05,5.128810391793771e-06,5.654596476350999e-29,1.789140557928171e+19,1.892247357339974e+19,69589.32259909474,1.7398098078138474e-18,-36266.16960205669,4.3347000853906986e+21,4.340149088193079e+21,0.0,0.0,0.0,0.0,0.3333333333333333,0.3333333333333333,2.0,1.7264245535196902e-17,1.8219038686035435e-24,0.0,9.229586270333256e-19,,0.0,0.0,0.0,0.0,0.0,1.7264245535196902e-17,9.229586270333256e-19,1.0017503802960171e-07,17.0,3.0918247075791387e-16,1.4424583518951983e-18,4.271573174811783e-21,,,1.4424583518951983e-18,4.271573174811783e-21,10.0,,9.536544540177922e-08,3.4095948968030423,32497690164750.066,0.0002864189501418376,0.01851588365376301,0.0002864189501418376,0.01851588365376301,0.1628006502023173,0.018802302603904846,False,False,1.0,1.7102003601492166,9.951804904083739e-09,0.2955103153000106,0.5696374451365125,1.0,2.3952764512154974,2.897406612884379e-07,0.4406902536812134,0.38175738376873536,0.27442544530914614,0.43996743642449293,0.020666795058146045,0.08516508847502102,True,ANP6,125.0,8.0,7.76068019011021e+19,$(U_{0.8}Pu_{0.2})N$
K3_G3_Kd4p1e5_ANP6,rizk2025_refit_plot,rizk2025_refit_full,1800.0,3.2,35000000000000.0,1.1110667494375415e+22,1.7125984003229025e+26,6.343031129711298e+25,1.9052173446757235e+23,8.797731601515583e+18,2.9353676057260456,142.44229547135302,2.018462230154098,10.650652351601735,12.669114581755833,11.754176506479128,24.42329108823496,70566625960.44325,1.7641656490110814e+16,1752.0431351352006,0.5,1286049.399652618,1267092.0912165148,1.0149612712189708,756298166.7986687,756293690.6673726,15589682.548590329,15585258.52629545,1.000005918509372,1.000283859410315,0.004226482267662285,65.14700196235547,24.12880108825696,10.719970467119909,2.3037048959483424,8.416265571171566,2.8180888944217075e+25,6.056028981804771e+24,2.21248599624123e+25,2.6288215094111468e+26,2.407572909787024e+26,1.3272657730569308,1.95828937970162e+16,0.0011137274672027853,1.3870097662647656e-07,2.266660989130154e-06,2.266660989130154e-06,0.13892387248117405,0.13892387248117405,3.817838779607365e+21,0.00010685545173883978,2.814113302873205e-17,2.402604106958116e-18,2.402604106958116e-17,2.3978131732901632e-12,1.8625632456264503e+19,35000000000000.0,35000000000000.0,0.0,0.21187999100904323,0.029089961930195803,1.3651044147275483e-05,5.095838008948689e-06,1.3651044147275483e-05,5.095838008948689e-06,7.905515801563639e-29,1.9244354378832413e+19,2.386433486402436e+19,131439.08137005058,2.730977480070593e-18,-27219.585107687373,4.717271797267335e+21,4.6687664690456376e+21,0.0,0.0,0.0,0.0,0.3333333333333333,0.3333333333333333,2.0,2.721817440169872e-17,1.0673110184064085e-24,0.0,9.229586270333256e-19,,0.0,0.0,0.0,0.0,0.0,2.721817440169872e-17,9.229586270333256e-19,3.792708052361239e-08,17.0,4.783992614884448e-16,2.397813173290163e-18,4.790933667952865e-21,,,2.397813173290163e-18,4.790933667952865e-21,10.0,,9.536544540177922e-08,3.4095948968030423,32493660763174.75,0.00044381411026663225,0.02864614781992917,0.00044381411026663225,0.02864614781992917,0.21187999100904323,0.029089961930195803,False,False,1.0,1.6965027072050893,1.0781535956426168e-08,0.2917348977446414,0.5748123226379631,1.0,2.6156078387620183,3.005009336635229e-07,0.4747116863687686,0.34142089101667855,0.2722744414166495,0.474014983349021,0.02018462230154098,0.10650652351601735,True,ANP6,125.0,8.0,7.76068019011021e+19,$(U_{0.8}Pu_{0.2})N$
