{
    "N_AVOG": 6.022141e+23,
    "N_BOLT": 1.380649e-23,
    "FISSION_ENERGY": 3.215e-11,
    "FISSION_RATE": 3.7436420075999945e+19,
    "FUEL_THERMAL_CONDUCTIVITY": 1.3144151086478564,
    "FISSION_YIELD": 0.10883178094023382,
    "LENGTH": 0.00010391471316389948,
    "RADIUS": 1.3776868170920194e-05,
    "T_BC": 1743.7500208567226,
    "Maximum cur_err_bounds": 0.10438005039923207,
    "TIME_ELAPSED": 2336.7717072963715,
    "COST_FO": 33.08722281455994,
    "COST_POD": 30.838714599609375,
    "COST_EB": 2272.843013048172
}