{
    "N_AVOG": 6.022141e+23,
    "N_BOLT": 1.380649e-23,
    "FISSION_ENERGY": 3.215e-11,
    "FISSION_RATE": 3.112420714670354e+19,
    "FUEL_THERMAL_CONDUCTIVITY": 3.879774186430971,
    "FISSION_YIELD": 0.176463257668613,
    "LENGTH": 0.00011533662333325255,
    "RADIUS": 1.6183387552044673e-05,
    "T_BC": 1062.630890528053,
    "Maximum cur_err_bounds": 0.011965126959862422,
    "TIME_ELAPSED": 13023.052834033966,
    "COST_FO": 69.7694320678711,
    "COST_POD": 70.81563091278076,
    "COST_EB": 12882.46187543869
}