{
    "N_AVOG": 6.022141e+23,
    "N_BOLT": 1.380649e-23,
    "FISSION_ENERGY": 3.215e-11,
    "FISSION_RATE": 4.42757987853366e+19,
    "FUEL_THERMAL_CONDUCTIVITY": 1.0418975662757275,
    "FISSION_YIELD": 0.2817574492133971,
    "LENGTH": 0.0014130059575767563,
    "RADIUS": 8.16075821193949e-06,
    "T_BC": 1237.5944945602578,
    "Maximum cur_err_bounds": 0.0023427289969381046,
    "TIME_ELAPSED": 378957.34290862083,
    "COST_FO": 1132.6739819049835,
    "COST_POD": 1162.4143092632294,
    "COST_EB": 376662.156083107
}