block,parameter,top_n,min,median,max,direction_vs_1
C2_resolution_escape,f_n,25,5.7247578128592765e-08,2.547711629292006e-07,3.506476058374803e-07,near/mixed
C2_resolution_escape,K_d,25,494228.1572370809,752068.3809554265,953548.1161607956,near/mixed
C2_resolution_escape,rho_d,25,10468756187636.613,10795835447057.527,13676093561951.541,near/mixed
C2_resolution_escape,fission_rate,25,4.414275991414195e+19,6.084468198213303e+19,7.568273366341645e+19,near/mixed
C2_resolution_escape,Dv_scale,25,0.4990749745360374,0.5987732936915441,0.6593918097103422,low
C2_resolution_escape,Dg_scale,25,0.4563952241392109,2.356764778916708,2.4801915680161986,high
C2_resolution_escape,D2_xe_scale,25,0.24991257424268254,0.5054321950505724,1.0626070425201792,low
C2_resolution_escape,b_scale,25,0.020029117067515055,0.03187976597567155,0.051917955499229035,low
C2_resolution_escape,gb_scale,25,1.2598767623279459,3.092889595308454,3.984692034372315,high
C2_resolution_escape,gd_scale,25,1.2819720819562395,2.9925427743597353,3.225959063969828,high
C2_resolution_escape,coalescence_d_scale,25,0.4221176728379736,0.6426148595852965,0.795494275505402,low
C2_resolution_escape,capture_scale,25,0.10192801398104163,0.285966565717141,0.5411604686156353,low
