{
    "N_AVOG": 6.022141e+23,
    "N_BOLT": 1.380649e-23,
    "FISSION_ENERGY": 3.215e-11,
    "FISSION_RATE": 1.2753592273135139e+19,
    "FUEL_THERMAL_CONDUCTIVITY": 1.0949343467794095,
    "FISSION_YIELD": 0.0035599491297488624,
    "LENGTH": 0.0013999354935763867,
    "RADIUS": 1.7572821886400226e-05,
    "T_BC": 1015.8660847004379,
    "Maximum cur_err_bounds": 0.1891026723071841,
    "TIME_ELAPSED": 1929.751066684723,
    "COST_FO": 29.445997714996338,
    "COST_POD": 27.41968297958374,
    "COST_EB": 1872.8829329013824
}