{
    "N_AVOG": 6.022141e+23,
    "N_BOLT": 1.380649e-23,
    "FISSION_ENERGY": 3.215e-11,
    "FISSION_RATE": 3.7321446801103544e+19,
    "FUEL_THERMAL_CONDUCTIVITY": 1.0761828903733346,
    "FISSION_YIELD": 0.09214723021926748,
    "LENGTH": 0.001382711698956562,
    "RADIUS": 1.9548561086722517e-05,
    "T_BC": 926.4702987319815,
    "Maximum cur_err_bounds": 0.030998991210318412,
    "TIME_ELAPSED": 5559.535977602005,
    "COST_FO": 51.35683870315552,
    "COST_POD": 48.19587731361389,
    "COST_EB": 5459.978978395462
}