trial,trial_label,case,T,burnup,fission_rate,f_n,K_d,rho_d,Dv_dislocation_scale,Dg_dislocation_scale,NGF_AREAL_0,DT_H,N_MODES,label,xe_diffusivity_mode,vacancy_diffusivity_mode,rho_d_eff,c,mb,md,Nb,Nd,Rb_nm,Rd_nm,swelling_b_percent,swelling_d_percent,swelling_ig_percent,swelling_gf_percent,swelling_total_gas_percent,Ngf_areal,Ngf_vol,Rgf_nm,Fc_gf,p_gf,p_gf_eq,p_gf_over_eq,p_b,p_b_eq,p_d,p_d_eq,p_b_over_eq,p_d_over_eq,matrix_gas_percent,bulk_gas_percent,dislocation_gas_percent,qgb_gas_percent,grainface_gas_percent,release_gas_percent,q_gb,q_gf,q_rel,generated,retained,lambda_d,nu_b,phi_b,phi_d,f_cap_step,cap_raw_step,capture_fraction_sum,capture_raw_sum,capture_bubbles_cumulative,max_f_cap_step,time,burnup_percent_fima,rho_d_next,delta_Nd_rho,Vb,Vd,Rb,Rd,nvb,nvd,retained_ig,swelling_b,swelling_d,swelling_gf,swelling_ig,swelling_total_gas,ng_gf,nv_gf,V_gf,R_gf,A_gf,zeta_gf,gf_saturated,Dg,Dv,Dv_dislocation,Dv_gb,beta,rho_d_old,g_b,g_d,b_b,b_d,b_b_gas,b_d_gas,dVd_growth_dt,dnvb_dt,dnvd_dt,dnv_gf_dt,dA_gf_dt,dNgf_dt,dq_gf_in_step,dq_rel_step,nvb_seed_added,nvd_seed_added,bulk_first_gas_seed_applied,dislocation_first_gas_seed_applied,first_gas_pressure_factor,seed_pressure_factor,seed_gas_atoms_per_bubble,D1_Xe,D2_Xe,D2_Xe_scaled,D3_Xe,Dg_lookup_base,D1_Xe_i_2023,D2_Xe_i0_2023,D2_Xe_i1_2023,D1_XeVU_2023,D2_XeVU_2023,Dg_D1_scaled,Dg_D3_scaled,D2_Xe_over_Dg_unscaled,Dg_dislocation,Dv1,Dv2,Dv_lookup_base,Dv_nonthermal_effective,Dv1_scaled,Dv2_scaled,A20_vU_active,Gamma_d,den,free_dislocation,term_bubbles,term_dislocation,term_bubbles_scaled,term_dislocation_scaled,g_b_unscaled,g_d_unscaled,USE_WS_GAS_TRAPPING_BULK,USE_WS_GAS_TRAPPING_DISLOCATION,ws_bulk_factor,ws_bulk_factor_raw,ws_bulk_delta,ws_bulk_x,ws_bulk_zeta,ws_dislocation_factor,ws_dislocation_factor_raw,ws_dislocation_delta,ws_dislocation_x,ws_dislocation_zeta,psi_b,psi_d,porosity_b,porosity_d,valid_single_size,experiment_case,linear_power_kW_m,fuel_diameter_mm,fission_rate_case,fuel_description,swelling_bulk,matrix_gas,bulk_gas,dislocation_gas,grainface_gas,FGR,Ngf,Rgf,status,error
56,TRIAL_056,ANP6,900.0,3.2,7.76068019011021e+19,1.9722002640473183e-05,519754.0997222178,31702979539878.656,2.23296281266002,5.100291528069869,2365717640302.848,1.0,40,TRIAL_056_ANP6,rizk2025_refit_plot,rizk2025_refit_full,31702979539878.656,3.4121237578414686e+23,2.159107706317141e+26,1.5170614361429436e+25,2.691383126565558e+23,1.6330427893510558e+19,2.6734652034913102,32.02774609676191,2.154208535482643,0.2247322006037213,2.378940736086364,0.26741758245957326,2.6463583185459374,1835980652235.504,4.5899516305887597e+17,167.54100974236133,0.11895738820543708,3435950713376.4873,13250487.169761231,259307.50087571322,841113040.3060616,830382979.0269481,196809091.6657187,69314899.4404089,1.0129218222797476,2.839347575407197,0.1297967072175159,82.13215308028953,5.770880338249985,11.967169874242959,11.967169874242959,0.0,3.145955357218698e+25,3.145955357218698e+25,0.0,2.6288215094111468e+26,2.6288215094111468e+26,1.005640943048376,2.3423405516509944e+16,0.0012480958239319627,1.0764591477247702e-06,7.732518461174333e-08,7.732518461174333e-08,0.002597563822851271,0.002597563822851271,1.1248349423128615e+20,7.12220140004996e-06,14113998.628416095,3.2,31702979539878.656,0.0,8.004094676151152e-26,1.3761562285396462e-22,2.6734652034913106e-09,3.202774609676191e-08,1.0918063427828417e+26,3.278564132522607e+25,2.314225973689277e+26,0.021542085354826428,0.2247322006037213,0.26741758245957326,0.02378940736086364,0.026463583185459372,68540054.6762442,8484.4401933866,5.826152517107706e-21,1.6754100974236134e-07,6.479228855739502e-14,0.42991463930559104,0.0,9.229586270335752e-19,5.911994148657879e-25,1.3201263082616676e-24,5.119872410101689e-28,1.8625632456264503e+19,31702979539878.656,0.008999544496223049,0.0002682422908752765,1.4147406763925743e-05,6.030805819040665e-06,1.4147406763925743e-05,6.030805819040665e-06,2.0000934703186577e-30,8.409129264985103e+18,1.0113512300879763e+18,0.000827540735797194,3.78913883655846e-21,-22049.46904887085,4.760431161457122e+21,0.0,0.0,0.0,0.0,0.0,0.3333333333333333,0.3333333333333333,2.0,2.4966082885114063e-31,1.1115015552558786e-24,0.0,9.229586270333256e-19,,0.0,0.0,0.0,0.0,0.0,2.4966082885114063e-31,9.229586270333256e-19,1.2042810183467137e-06,4.7073580662183416e-18,5.119872410101689e-34,5.911994143538007e-25,,,5.119872410101689e-34,5.911994143538007e-25,,1.0020168470445707e-07,3.459063593417468,30656936147412.57,6.1059061441678376e-06,0.0002621363847311087,6.1059061441678376e-06,0.0002621363847311087,0.008999544496223049,0.0002682422908752765,False,False,1.0,1.7270317624901155,9.608715851891426e-09,0.30008738675657665,0.5633807205140068,1.0,1.2418852934074303,2.4451447317872034e-07,0.13184260565469813,0.8033819667624444,0.27824620355226937,0.130985061444331,0.021542085354826428,0.0022473220060372128,True,ANP6,125.0,8.0,7.76068019011021e+19,$(U_{0.8}Pu_{0.2})N$,2.154208535482643,0.1297967072175159,82.13215308028953,5.770880338249985,11.967169874242959,0.0,4.5899516305887597e+17,1.6754100974236134e-07,ok,
56,TRIAL_056,ANP6,950.0,3.2,7.76068019011021e+19,1.9722002640473183e-05,519754.0997222178,31702979539878.656,2.23296281266002,5.100291528069869,2365717640302.848,1.0,40,TRIAL_056_ANP6,rizk2025_refit_plot,rizk2025_refit_full,31702979539878.656,3.404447632173219e+23,2.1582652615579844e+26,1.532059051424486e+25,2.680266274157928e+23,1.6297591390943e+19,2.685826914497947,34.282592207531295,2.1752071173637106,0.2750635176784295,2.45027063504214,0.2669299035911703,2.7172005386333105,1836510928520.7466,4.591277321301867e+17,167.4229847265813,0.1188241565315204,542576859240.73987,13259828.115150888,40918.84559354001,830927194.8073246,826561081.8093158,138738942.40200835,64755896.711693354,1.0052822629737799,2.1424912548073083,0.1295047084781276,82.10010660029306,5.827931055568947,11.942457635659867,11.942457635659867,0.0,3.1394589507854047e+25,3.1394589507854047e+25,0.0,2.6288215094111468e+26,2.6288215094111468e+26,1.0069105503041447,2.3318140606813828e+16,0.001243419862916191,1.063778357556456e-06,1.0481831179481087e-07,1.0481831179481087e-07,0.0031701202616393758,0.0031701202616393758,1.535982462887744e+20,7.804933575285893e-06,14113998.628416095,3.2,31702979539878.656,0.0,8.115638130196992e-26,1.6877556387337672e-22,2.6858269144979473e-09,3.4282592207531297e-08,1.1661344223192173e+26,4.9577416632961586e+25,2.3148756143326063e+26,0.021752071173637106,0.2750635176784295,0.2669299035911703,0.0245027063504214,0.027172005386333103,68378769.80811962,56580.50031914332,5.813848411044832e-21,1.6742298472658129e-07,6.470103427439423e-14,0.4303496389459194,0.0,9.229586270408242e-19,1.654156910152138e-24,3.693670866674326e-24,2.2845010932250072e-26,1.8625632456264503e+19,31702979539878.656,0.009000793147653289,0.00026804577489256386,1.4122858833080177e-05,5.954086707327988e-06,1.4122858833080177e-05,5.954086707327988e-06,2.737074469613677e-30,8.992300935998857e+18,1.4256744302738127e+18,0.0055183181955092316,3.7836486602040255e-21,-22033.61891408339,4.750987614862505e+21,0.0,0.0,0.0,0.0,0.0,0.3333333333333333,0.3333333333333333,2.0,7.498646671560408e-30,4.1448101342312676e-23,0.0,9.229586270333256e-19,,0.0,0.0,0.0,0.0,0.0,7.498646671560408e-30,9.229586270333256e-19,4.490786491178152e-05,4.707358066255313e-18,2.284501093225007e-32,1.6541568873071272e-24,,,2.284501093225007e-32,1.6541568873071272e-24,,1.0020168470445707e-07,3.459063593417468,30585544295023.54,6.519836095502869e-06,0.000261525938797061,6.519836095502869e-06,0.000261525938797061,0.009000793147653289,0.00026804577489256386,False,False,1.0,1.730262935650966,9.62198244044628e-09,0.3009583607805674,0.5621922512795549,1.0,1.2623622018587675,2.446785716417191e-07,0.14096946865485763,0.7899464972243426,0.27914736875103646,0.1401127523104726,0.021752071173637106,0.002750635176784295,True,ANP6,125.0,8.0,7.76068019011021e+19,$(U_{0.8}Pu_{0.2})N$,2.1752071173637106,0.1295047084781276,82.10010660029306,5.827931055568947,11.942457635659867,0.0,4.591277321301867e+17,1.674229847265813e-07,ok,
56,TRIAL_056,ANP6,1000.0,3.2,7.76068019011021e+19,1.9722002640473183e-05,519754.0997222178,31702979539878.656,2.23296281266002,5.100291528069869,2365717640302.848,1.0,40,TRIAL_056_ANP6,rizk2025_refit_plot,rizk2025_refit_full,31702979539878.656,3.397378756756575e+23,2.1574808777556888e+26,1.546068188813325e+25,2.669875032782283e+23,1.625852774552666e+19,2.6974058730965695,36.6386981805839,2.194918705617508,0.3349576712272635,2.529876376844771,0.26675472649551335,2.7966311033402844,1836693519200.4475,4.591733798001119e+17,167.3808050644242,0.11877610006705247,103307415597.11812,13263169.568013078,7789.044320617424,824994225.4216764,823012962.9885782,104871663.23631637,60591672.47313536,1.0024073283437769,1.7307933409960503,0.12923580945279103,82.07026875091881,5.881221616904841,11.919273822723548,11.919273822723548,0.0,3.1333643401736885e+25,3.1333643401736885e+25,0.0,2.6288215094111468e+26,2.6288215094111468e+26,1.0084244008354588,2.3221413112192412e+16,0.0012390440759119064,1.0516126942996495e-06,1.3223505443308e-07,1.3223505443308e-07,0.003846434596474388,0.003846434596474388,1.9787212097974275e+20,8.640564683535978e-06,14113998.628416095,3.2,31702979539878.656,0.0,8.221054089300119e-26,2.0601968177556736e-22,2.6974058730965698e-09,3.66386981805839e-08,1.2358882653474431e+26,6.967125775183834e+25,2.315485075393778e+26,0.021949187056175077,0.3349576712272635,0.26675472649551335,0.02529876376844771,0.027966311033402844,68239242.03832787,312166.1868177494,5.809455387236025e-21,1.673808050644242e-07,6.466843750761329e-14,0.43050669466993874,0.0,9.229586271935955e-19,4.1078364398687146e-24,9.172646010716568e-24,6.972208708889678e-25,1.8625632456264503e+19,31702979539878.656,0.009001746640413928,0.00026784224919708047,1.4099969505256316e-05,5.8835965618650565e-06,1.4099969505256316e-05,5.8835965618650565e-06,3.4834266351775215e-30,9.544971372029581e+18,1.845757206348865e+18,0.030449205481435804,3.7825828420842985e-21,-22033.012026327033,4.74228986033922e+21,0.0,0.0,0.0,0.0,0.0,0.3333333333333333,0.3333333333333333,2.0,1.6026995865756309e-28,5.19276648232866e-22,0.0,9.229586270333256e-19,,0.0,0.0,0.0,0.0,0.0,1.6026995865756309e-28,9.229586270333256e-19,0.000562621804415882,4.707358067034492e-18,6.972208708889678e-31,4.1078357426478436e-24,,,6.972208708889678e-31,4.1078357426478436e-24,,1.0020168470445707e-07,3.459063593417468,30511610359891.223,6.948492724032507e-06,0.00026089375647304794,6.948492724032507e-06,0.00026089375647304794,0.009001746640413928,0.00026784224919708047,False,False,1.0,1.7332849396987369,9.634449643205094e-09,0.30177073398080495,0.5610843618667423,1.0,1.2842915090245781,2.44874366411211e-07,0.15047826296849562,0.7759862984426212,0.2799880396939443,0.14962240899812662,0.021949187056175077,0.003349576712272635,True,ANP6,125.0,8.0,7.76068019011021e+19,$(U_{0.8}Pu_{0.2})N$,2.194918705617508,0.12923580945279103,82.07026875091881,5.881221616904841,11.919273822723548,0.0,4.591733798001119e+17,1.6738080506442423e-07,ok,
56,TRIAL_056,ANP6,1050.0,3.2,7.76068019011021e+19,1.9722002640473183e-05,519754.0997222178,31702979539878.656,2.23296281266002,5.100291528069869,2365717640302.848,1.0,40,TRIAL_056_ANP6,rizk2025_refit_plot,rizk2025_refit_full,31702979539878.656,3.390575002562264e+23,2.1568676883269364e+26,1.5581408698743316e+25,2.6599164535293874e+23,1.6215075067679457e+19,2.708731098717924,38.95803129265806,2.2143908936810974,0.4016045080663037,2.615995401747401,0.2678011941281564,2.8837965958755576,1835518723091.456,4.58879680772864e+17,167.63514430188718,0.11906113742106093,23080055017.39724,13243046.434237527,1742.8055645661627,820559905.1359913,819571939.4408525,83919848.75866944,56984399.014494754,1.0012054654967968,1.4726811234303494,0.12897699560141493,82.04694311140479,5.927145925640853,11.896933967352956,11.896933967352956,0.0,3.1274915909421538e+25,3.1274915909421538e+25,0.0,2.6288215094111468e+26,2.628821509411147e+26,1.0101127984559721,2.3128503366954764e+16,0.0012347681152187423,1.0406758183861289e-06,1.5595369395992022e-07,1.5595369395992022e-07,0.004594482806325694,0.004594482806325694,2.4133291202727752e+20,9.610889009390427e-06,14113998.628416095,3.2,31702979539878.656,0.0,8.325039272353342e-26,2.476735422994113e-22,2.708731098717924e-09,3.8958031292658066e-08,1.3043245642309872e+26,9.213284625528523e+25,2.3160723503169317e+26,0.022143908936810973,0.4016045080663037,0.2678011941281564,0.02615995401747401,0.028837965958755575,68154937.38303478,1465321.5769607075,5.835978478652937e-21,1.6763514430188717e-07,6.486511737702859e-14,0.4295763277896427,0.0,9.229586295923071e-19,9.230255568932457e-24,2.061081743677423e-23,1.5366002896313798e-23,1.8625632456264503e+19,31702979539878.656,0.00900310298984791,0.00026764394763662864,1.4077678768765525e-05,5.8222124173478e-06,1.4077678768765525e-05,5.8222124173478e-06,4.139739933793841e-30,1.0093236783192783e+19,2.2144456205831898e+18,0.1430304404351734,3.79859359098161e-21,-22090.735280072462,4.733920825673419e+21,0.0,0.0,0.0,0.0,0.0,0.3333333333333333,0.3333333333333333,2.0,2.558981501392922e-27,2.8205305937173354e-21,0.0,9.229586270333256e-19,,0.0,0.0,0.0,0.0,0.0,2.558981501392922e-27,9.229586270333256e-19,0.0030559664358555606,4.707358079268621e-18,1.5366002896313797e-29,9.230240202929561e-24,,,1.5366002896313797e-29,9.230240202929561e-24,,1.0020168470445707e-07,3.459063593417468,30439578710403.734,7.366107097175398e-06,0.00026027784053945325,7.366107097175398e-06,0.00026027784053945325,0.00900310298984791,0.00026764394763662864,False,False,1.0,1.7362625167866454,9.646458619664459e-09,0.3025690767252273,0.5599961888180663,1.0,1.306414299481843,2.450929000219616e-07,0.15980707424065943,0.7623299892191454,0.28081357313460803,0.15895207184648108,0.022143908936810973,0.004016045080663037,True,ANP6,125.0,8.0,7.76068019011021e+19,$(U_{0.8}Pu_{0.2})N$,2.2143908936810974,0.12897699560141493,82.04694311140479,5.927145925640853,11.896933967352956,0.0,4.58879680772864e+17,1.676351443018872e-07,ok,
56,TRIAL_056,ANP6,1100.0,3.2,7.76068019011021e+19,1.9722002640473183e-05,519754.0997222178,31702979539878.656,2.23296281266002,5.100291528069869,2365717640302.848,1.0,40,TRIAL_056_ANP6,rizk2025_refit_plot,rizk2025_refit_full,31702979539878.656,3.383897227850556e+23,2.1564635023843923e+26,1.5679545725854072e+25,2.6503105426979e+23,1.6169492207580768e+19,2.7199797787250137,41.13809277351257,2.233996042888479,0.4715388179184235,2.7055348608069023,0.27337164888051696,2.978906509687419,1829408030487.622,4.5735200762190554e+17,168.97721171152878,0.12057240490490337,5911748429.187347,13137866.209970942,449.97782247931895,816716764.008644,816182538.3277745,70397195.7309394,53964582.46672494,1.0006545419140722,1.3045073734119403,0.1287229739918153,82.03156793507209,5.96447711254701,11.875231978389099,11.875231978389099,0.0,3.121786525403635e+25,3.121786525403635e+25,0.0,2.6288215094111468e+26,2.6288215094111468e+26,1.0118888782721305,2.3037495516573028e+16,0.0012305342915738587,1.0312549743521812e-06,1.723018208554771e-07,1.723018208554771e-07,0.005375695310848331,0.005375695310848331,2.797244416206087e+20,1.0704563651973245e-05,14113998.628416095,3.2,31702979539878.656,0.0,8.42918596480535e-26,2.9162252708056673e-22,2.7199797787250138e-09,4.113809277351257e-08,1.3726078854890644e+26,1.1578544362498438e+26,2.3166428568707833e+26,0.022339960428884788,0.4715388179184235,0.27337164888051696,0.027055348608069022,0.029789065096874193,68257851.13825119,6002228.361583162,5.977270118523547e-21,1.689772117115288e-07,6.590787997840221e-14,0.4246903966596465,0.0,9.229586587946777e-19,1.9057338427981425e-23,4.2554328017959287e-23,2.556484784617257e-22,1.8625632456264503e+19,31702979539878.656,0.009005161084911497,0.00026745963229898113,1.4055633184358037e-05,5.770593829333971e-06,1.4055633184358037e-05,5.770593829333971e-06,4.6030340958401785e-30,1.0646884822745485e+19,2.473418352985178e+18,0.5875392091503481,3.877885442773829e-21,-22363.090852911646,4.725711073340123e+21,0.0,0.0,0.0,0.0,0.0,0.3333333333333333,0.3333333333333333,2.0,3.1761352235744896e-26,8.043227546416823e-21,0.0,9.229586270333256e-19,,0.0,0.0,0.0,0.0,0.0,3.1761352235744896e-26,9.229586270333256e-19,0.008714613021693452,4.707358228209224e-18,2.556484784617257e-28,1.9057082779502963e-23,,,2.556484784617257e-28,1.9057082779502963e-23,,1.0020168470445707e-07,3.459063593417468,30372629216540.293,7.754244477409265e-06,0.0002597053878215719,7.754244477409265e-06,0.0002597053878215719,0.009005161084911497,0.00026745963229898113,False,False,1.0,1.7392540258368285,9.658099251775266e-09,0.30336907749019115,0.5589063361539653,1.0,1.3276959549890777,2.4532299002300014e-07,0.1685436848903455,0.7495783806778558,0.2816398686937109,0.1676894795440872,0.022339960428884788,0.004715388179184235,True,ANP6,125.0,8.0,7.76068019011021e+19,$(U_{0.8}Pu_{0.2})N$,2.233996042888479,0.1287229739918153,82.03156793507209,5.96447711254701,11.875231978389099,0.0,4.5735200762190554e+17,1.689772117115288e-07,ok,
56,TRIAL_056,ANP6,1150.0,3.2,7.76068019011021e+19,1.9722002640473183e-05,519754.0997222178,31702979539878.656,2.23296281266002,5.100291528069869,2365717640302.848,1.0,40,TRIAL_056_ANP6,rizk2025_refit_plot,rizk2025_refit_full,31702979539878.656,3.377277037899377e+23,2.1562688912794925e+26,1.5755287979732585e+25,2.6410287498055223e+23,1.612412891760603e+19,2.7312123857525825,43.110457536701944,2.253866341280489,0.5411439002001932,2.7950102414806826,0.2940058307140722,3.0890160721947546,1807567359197.4429,4.5189183979936064e+17,173.82049947820659,0.12606006898336106,1698705207.2344518,12771796.23038847,133.00440882329858,813135588.8583456,812825839.389375,61429100.22183327,51495626.04641833,1.0003810772910509,1.1928993768608789,0.12847114289839645,82.02416495604886,5.993289359254273,11.854074541798509,11.854074541798509,0.0,3.1162246129643003e+25,3.1162246129643003e+25,0.0,2.6288215094111468e+26,2.6288215094111478e+26,1.0136610882440678,2.294745555718564e+16,0.0012263302603721612,1.0234177999567905e-06,1.7833473378436251e-07,1.7833473378436251e-07,0.00615023578771824,0.00615023578771824,3.0911842148174404e+20,1.1911907062654337e-05,14113998.628416095,3.2,31702979539878.656,0.0,8.534046974863327e-26,3.3561124632867147e-22,2.731212385752583e-09,4.311045753670194e-08,1.4411890391232875e+26,1.3939050587813776e+26,2.3171990481147178e+26,0.02253866341280489,0.5411439002001932,0.2940058307140722,0.027950102414806825,0.030890160721947547,68959523.90616082,22062627.826867856,6.506110640205638e-21,1.738204994782066e-07,6.974017778199509e-14,0.4075856575707957,0.0,9.22958943709223e-19,3.660792762206921e-23,8.17441410286301e-23,3.330768464716398e-21,1.8625632456264503e+19,31702979539878.656,0.00900802736543996,0.00026729486031724594,1.4033712599728456e-05,5.728233967599392e-06,1.4033712599728456e-05,5.728233967599392e-06,4.7890561301863086e-30,1.1208869993078753e+19,2.575898494001955e+18,2.180595468914076,4.168507310117206e-21,-23321.590708324777,4.7175780286073384e+21,0.0,0.0,0.0,0.0,0.0,0.3333333333333333,0.3333333333333333,2.0,3.1667589742037936e-25,1.392433705843146e-20,0.0,9.229586270333256e-19,,0.0,0.0,0.0,0.0,0.0,3.1667589742037936e-25,9.229586270333256e-19,0.015086626716538222,4.707359681356465e-18,3.330768464716398e-27,3.6604596853604494e-23,,,3.330768464716398e-27,3.6604596853604494e-23,,1.0020168470445707e-07,3.459063593417468,30312755370617.523,8.101352125297058e-06,0.0002591935081919489,8.101352125297058e-06,0.0002591935081919489,0.00900802736543996,0.00026729486031724594,False,False,1.0,1.7422798997179116,9.669400667274269e-09,0.30417615943742127,0.5578074269231137,1.0,1.34735838486185,2.455528348760172e-07,0.17641835841719333,0.7381178352225918,0.2824724213046412,0.17556485782839315,0.02253866341280489,0.005411439002001932,True,ANP6,125.0,8.0,7.76068019011021e+19,$(U_{0.8}Pu_{0.2})N$,2.253866341280489,0.12847114289839645,82.02416495604886,5.993289359254273,11.854074541798509,0.0,4.5189183979936064e+17,1.738204994782066e-07,ok,
56,TRIAL_056,ANP6,1200.0,3.2,7.76068019011021e+19,1.9722002640473183e-05,519754.0997222178,31702979539878.656,2.23296281266002,5.100291528069869,2365717640302.848,1.0,40,TRIAL_056_ANP6,rizk2025_refit_plot,rizk2025_refit_full,31702979539878.656,3.3706728126232396e+23,2.1562660671495306e+26,1.5810601548512495e+25,2.6320463569655635e+23,1.6081054167626303e+19,2.74245006357375,44.838276105461276,2.274041198538395,0.6072252816268063,2.8812664801652015,0.3607837439381197,3.242050224103321,1742443858207.225,4.3561096455180634e+17,188.38366053135496,0.1427336330154231,534819739.0439794,11784461.527811214,45.38346854303101,809685883.640963,809495140.6725222,55399156.42461799,49511270.12061031,1.0002356320116788,1.118920122421919,0.12821991909896793,82.02405752654283,6.014330562919828,11.833391991438372,11.833391991438372,0.0,3.1107875396386794e+25,3.1107875396386794e+25,0.0,2.6288215094111468e+26,2.6288215094111468e+26,1.015347745457504,2.2857857603016896e+16,0.001222155858866847,1.0171126220693858e-06,1.7278662593041033e-07,1.7278662593041033e-07,0.0068830886043221556,0.0068830886043221556,3.266561181849932e+20,1.3221520886452275e-05,14113998.628416095,3.2,31702979539878.656,0.0,8.63982198687448e-26,3.7760290792953515e-22,2.7424500635737503e-09,4.4838276105461276e-08,1.5102546761316582e+26,1.618488621439216e+26,2.317742755447279e+26,0.02274041198538395,0.6072252816268063,0.3607837439381197,0.028812664801652014,0.03242050224103321,71412057.8401722,75723125.01971115,8.282246621347668e-21,1.8838366053135495e-07,8.19157715430095e-14,0.36102795646827357,0.0,9.229612338152461e-19,6.611179243465562e-23,1.4762517398488403e-22,3.503783313863259e-20,1.8625632456264503e+19,31702979539878.656,0.009011712030055932,0.00026715273068243924,1.4011875139522929e-05,5.6940853437786335e-06,1.4011875139522929e-05,5.6940853437786335e-06,4.6593156202381984e-30,1.1778429106057032e+19,2.5014422688109184e+18,7.699222850774484,5.114210864932766e-21,-26091.70639609272,4.709478242898703e+21,0.0,0.0,0.0,0.0,0.0,0.3333333333333333,0.3333333333333333,2.0,2.6067819204802983e-24,1.635620778320907e-20,0.0,9.229586270333256e-19,,0.0,0.0,0.0,0.0,0.0,2.6067819204802983e-24,9.229586270333256e-19,0.017721446127913074,4.707371361564814e-18,3.503783313863259e-26,6.607675460151699e-23,,,3.503783313863259e-26,6.607675460151699e-23,,1.0020168470445707e-07,3.459063593417468,30260897627369.22,8.401997441460132e-06,0.00025875073324097914,8.401997441460132e-06,0.00025875073324097914,0.009011712030055932,0.00026715273068243924,False,False,1.0,1.7453458348226254,9.680388060961209e-09,0.30499177339011496,0.5566975045252127,1.0,1.3649021414201452,2.4577188698440604e-07,0.18329146307518937,0.7281417134289572,0.28331274338731943,0.1824385513146675,0.02274041198538395,0.006072252816268063,True,ANP6,125.0,8.0,7.76068019011021e+19,$(U_{0.8}Pu_{0.2})N$,2.274041198538395,0.12821991909896793,82.02405752654283,6.014330562919828,11.833391991438372,0.0,4.3561096455180634e+17,1.8838366053135498e-07,ok,
56,TRIAL_056,ANP6,1250.0,3.2,7.76068019011021e+19,1.9722002640473183e-05,519754.0997222178,31702979539878.656,2.23296281266002,5.100291528069869,2365717640302.848,1.0,40,TRIAL_056_ANP6,rizk2025_refit_plot,rizk2025_refit_full,31702979539878.656,3.3640344245469995e+23,2.15642662570855e+26,1.5848451810678112e+25,2.6233172265747215e+23,1.6041681802581199e+19,2.753705484956116,46.315304298274654,2.2945202207652775,0.6675934579743702,2.9621136787396476,0.5619086394257146,3.5240223181653625,1581927637671.8154,3.9548190941795386e+17,225.5140170851723,0.18570122085849708,179880745.37998775,9844177.442688847,18.27280607518742,806310072.6416097,806186432.1105418,51327415.93522854,47932320.29099937,1.0001533646885425,1.0708310305784778,0.12796739575143462,82.0301651515164,6.028728749342951,11.813138703389225,11.813138703389225,0.0,3.10546331171269e+25,3.10546331171269e+25,0.0,2.6288215094111468e+26,2.628821509411147e+26,1.0168921380686664,2.276829818192671e+16,0.0012180068175116515,1.0121988356513043e-06,1.5684409400905086e-07,1.5684409400905086e-07,0.007550361825496022,0.007550361825496022,3.312124615742645e+20,1.4622643349045746e-05,14113998.628416095,3.2,31702979539878.656,0.0,8.746636500997038e-26,4.1616176295614505e-22,2.753705484956116e-09,4.631530429827466e-08,1.5798860905812487e+26,1.8240242946269645e+26,2.318275178239878e+26,0.022945202207652775,0.6675934579743702,0.5619086394257146,0.029621136787396477,0.035240223181653624,78523523.7759199,257874427.74463454,1.4208200831555036e-20,2.2551401708517229e-07,1.1738920064118787e-13,0.26888810314437406,0.0,9.229767552555075e-19,1.1334130523459807e-22,2.530869197272059e-22,3.0533079764031823e-19,1.8625632456264503e+19,31702979539878.656,0.009016216329132328,0.00026703644619992397,1.3990095981950413e-05,5.666847451427676e-06,1.3990095981950413e-05,5.666847451427676e-06,4.243142833429243e-30,1.2353207839938509e+19,2.2676018341388974e+18,28.11355792182404,8.06033944634046e-21,-32339.36840269733,4.7013996350896886e+21,0.0,0.0,0.0,0.0,0.0,0.3333333333333333,0.3333333333333333,2.0,1.8128222181985484e-23,1.4206355952567515e-20,0.0,9.229586270333256e-19,,0.0,0.0,0.0,0.0,0.0,1.8128222181985484e-23,9.229586270333256e-19,0.015391889201624338,4.707450525435082e-18,3.0533079764031822e-25,1.1303597443695776e-22,,,3.0533079764031822e-25,1.1303597443695776e-22,,1.0020168470445707e-07,3.459063593417468,30217038603988.633,8.656391576293532e-06,0.00025838005462363044,8.656391576293532e-06,0.00025838005462363044,0.009016216329132328,0.00026703644619992397,False,False,1.0,1.7484510221824099,9.691113649021782e-09,0.30581563008812696,0.5555769829755232,1.0,1.3801357051188023,2.459727996451397e-07,0.18914681987649973,0.7196632776271931,0.2841606667416608,0.188294379793796,0.022945202207652775,0.006675934579743702,True,ANP6,125.0,8.0,7.76068019011021e+19,$(U_{0.8}Pu_{0.2})N$,2.2945202207652775,0.12796739575143462,82.0301651515164,6.028728749342951,11.813138703389225,0.0,3.9548190941795386e+17,2.255140170851723e-07,ok,
56,TRIAL_056,ANP6,1300.0,3.2,7.76068019011021e+19,1.9722002640473183e-05,519754.0997222178,31702979539878.656,2.23296281266002,5.100291528069869,2365717640302.848,1.0,40,TRIAL_056_ANP6,rizk2025_refit_plot,rizk2025_refit_full,31702979539878.656,3.3571832001789985e+23,2.156711268522986e+26,1.5872605209619099e+25,2.614714749951002e+23,1.6006471745123197e+19,2.7650121624059767,47.56527444290331,2.3152828989395466,0.7215297495835608,3.0368126485231075,1.140589128105806,4.177401776628914,1274262533300.8882,3.18565633325222e+17,306.881433217173,0.27700091552478695,63444473.71503738,7234064.233625228,8.77023919972069,802973182.334098,802889777.5510203,48565007.30736118,46672704.53079919,1.0001038807385643,1.0405440995028103,0.12770677614133658,82.04099292409119,6.037916668284773,11.793383631482717,11.793383631482717,0.0,3.100270055917911e+25,3.100270055917911e+25,0.0,2.6288215094111468e+26,2.6288215094111468e+26,1.0182748664998293,2.2677878635484904e+16,0.0012138473730678215,1.0084399249945744e-06,1.3402728429190252e-07,1.3402728429190252e-07,0.00814434424642039,0.00814434424642039,3.23436946220504e+20,1.6116422389791444e-05,14113998.628416095,3.2,31702979539878.656,0.0,8.854820201641244e-26,4.50773762683456e-22,2.7650121624059767e-09,4.7565274442903315e-08,1.6501274201351177e+26,2.0079424928502475e+26,2.3187945038193557e+26,0.02315282898939547,0.7215297495835608,1.140589128105806,0.030368126485231076,0.04177401776628914,97319664.5085963,942395749.1064967,3.5803897495163406e-20,3.06881433217173e-07,2.1738135453707127e-13,0.1496857725527071,0.0,9.23067223883602e-19,1.8677388802971109e-22,4.1705914634627126e-22,2.2525702314749626e-18,1.8625632456264503e+19,31702979539878.656,0.009021817882587331,0.00026696138930405717,1.3968310655659238e-05,5.645076311442469e-06,1.3968310655659238e-05,5.645076311442469e-06,3.635044450597774e-30,1.293132367201961e+19,1.9278253764934487e+18,118.41803964436474,1.763894688208862e-20,-41839.930485546436,4.6933961667370853e+21,0.0,0.0,0.0,0.0,0.0,0.3333333333333333,0.3333333333333333,2.0,1.085968502764781e-22,9.755018938795317e-21,0.0,9.229586270333256e-19,,0.0,0.0,0.0,0.0,0.0,1.085968502764781e-22,9.229586270333256e-19,0.01056804822703294,4.7079119418125085e-18,2.2525702314749626e-24,1.8452131779823613e-22,,,2.2525702314749626e-24,1.8452131779823613e-22,,1.0020168470445707e-07,3.459063593417468,30180283015015.73,8.870329443116961e-06,0.0002580910598609402,8.870329443116961e-06,0.0002580910598609402,0.009021817882587331,0.00026696138930405717,False,False,1.0,1.7515906838101507,9.701730247892988e-09,0.30664639340419697,0.5544476983493518,1.0,1.3931972594287398,2.4615303273837895e-07,0.19408659745237727,0.7125256867765789,0.2850151997203654,0.19323453545911842,0.02315282898939547,0.007215297495835608,True,ANP6,125.0,8.0,7.76068019011021e+19,$(U_{0.8}Pu_{0.2})N$,2.3152828989395466,0.12770677614133658,82.04099292409119,6.037916668284773,11.793383631482717,0.0,3.18565633325222e+17,3.0688143321717307e-07,ok,
56,TRIAL_056,ANP6,1350.0,3.2,7.76068019011021e+19,1.9722002640473183e-05,519754.0997222178,31702979539878.656,2.23296281266002,5.100291528069869,2365717640302.848,1.0,40,TRIAL_056_ANP6,rizk2025_refit_plot,rizk2025_refit_full,31702979539878.656,3.34929549049736e+23,2.1570553670696078e+26,1.5888035602291602e+25,2.605791084857375e+23,1.5974858396114815e+19,2.7765140388070835,48.637114826695864,2.3362957792366865,0.7698906405458305,3.106186419782517,2.7611506332672215,5.867337053049739,841239178051.7972,2.1030979451294928e+17,473.22830433391806,0.43485250700755035,23095571.596252624,4691181.781961905,4.923188371223977,799620984.5323143,799563758.3571568,46646748.114171386,45644154.83752112,1.0000715717471675,1.0219654253697803,0.12740672877587642,82.05408238434514,6.0437863679267085,11.77472451895227,11.77472451895227,0.0,3.0953649082812544e+25,3.0953649082812544e+25,0.0,2.6288215094111468e+26,2.6288215094111468e+26,1.0195169763173366,2.258272034331012e+16,0.001209506414067753,1.005470446873151e-06,1.0861923064026331e-07,1.0861923064026331e-07,0.008674332304105883,0.008674332304105883,3.041361930364303e+20,1.7753220040099495e-05,14113998.628416095,3.2,31702979539878.656,0.0,8.965783146673713e-26,4.819389452197414e-22,2.7765140388070837e-09,4.863711482669587e-08,1.7210521910832807e+26,2.1730301992520276e+26,2.3192850185830213e+26,0.023362957792366863,0.7698906405458305,2.7611506332672215,0.031061864197825167,0.058673370530497385,147181205.490202,4065749069.3915153,1.312896833769295e-19,4.7322830433391807e-07,5.169189908803503e-13,0.05395251616447527,0.0,9.235283837640407e-19,3.0343633300233184e-22,6.775620476041293e-22,1.4331663655150738e-17,1.8625632456264503e+19,31702979539878.656,0.009030296871530777,0.00026700867599278687,1.394624438706331e-05,5.627271285700306e-06,1.394624438706331e-05,5.627271285700306e-06,2.9518402128894833e-30,1.3513078502618702e+19,1.5473518320695145e+18,658.9172939699628,5.493947154833854e-20,-49236.39321673454,4.6857654667737196e+21,0.0,0.0,0.0,0.0,0.0,0.3333333333333333,0.3333333333333333,2.0,5.697567307150379e-22,5.580606868254579e-21,0.0,9.229586270333256e-19,,0.0,0.0,0.0,0.0,0.0,5.697567307150379e-22,9.229586270333256e-19,0.006042702061315758,4.710263991643795e-18,1.433166365515074e-23,2.891046693471811e-22,,,1.433166365515074e-23,2.891046693471811e-22,,1.0020168470445707e-07,3.459063593417468,30149043609012.227,9.055956867268233e-06,0.0002579527191255186,9.055956867268233e-06,0.0002579527191255186,0.009030296871530777,0.00026700867599278687,False,False,1.0,1.7547546852230524,9.712792527016219e-09,0.30748132905630116,0.5533133818322085,1.0,1.4045209486614134,2.463153074290131e-07,0.19831047163817267,0.7064337747814725,0.2858748445511304,0.197458733293049,0.023362957792366863,0.007698906405458304,True,ANP6,125.0,8.0,7.76068019011021e+19,$(U_{0.8}Pu_{0.2})N$,2.3362957792366865,0.12740672877587642,82.05408238434514,6.0437863679267085,11.77472451895227,0.0,2.1030979451294928e+17,4.7322830433391807e-07,ok,
56,TRIAL_056,ANP6,1400.0,3.2,7.76068019011021e+19,1.9722002640473183e-05,519754.0997222178,31702979539878.656,2.23296281266002,5.100291528069869,2365717640302.848,1.0,40,TRIAL_056_ANP6,rizk2025_refit_plot,rizk2025_refit_full,31702979539878.656,3.3368979216625274e+23,2.1573046653581213e+26,1.590315839381848e+25,2.5948248019197674e+23,1.5945647190086957e+19,2.788811155932589,49.58866873921469,2.357512319219543,0.8144756559406358,3.171987975160179,4.835928767267453,8.007916742427632,416892400564.7678,1.0422310014119195e+17,720.8293829876923,0.5,8670768.388687037,3079785.6641172813,2.8153804629038124,796075991.3646092,796038123.727895,45251590.599699765,44768291.95949811,1.0000475701296025,1.0107955568338167,0.12693512700335402,82.06356565613142,6.049539056526044,11.759960160339187,7.949016171570708,3.8109439887684786,3.0914836219317813e+25,2.0896544690482125e+25,1.0018291528835689e+25,2.6288215094111468e+26,2.52863859412279e+26,1.0206640400459916,2.2466476005267644e+16,0.0012042707660267348,1.0026772169989459e-06,8.486753131400092e-08,8.486753131400092e-08,0.009158625389892755,0.009158625389892755,2.7081701483542295e+20,1.9727127355949896e-05,14113998.628416095,3.2,31702979539878.656,0.0,9.085439284669046e-26,5.107824387629601e-22,2.7888111559325894e-09,4.9588668739214694e-08,1.7929498995006967e+26,2.3252022421560316e+26,2.3196731472179686e+26,0.02357512319219543,0.8144756559406358,4.835928767267453,0.03171987975160179,0.08007916742427632,200498206.84832242,15299037359.104694,4.639977855884327e-19,7.208293829876923e-07,1.1993502383891996e-12,0.03407359027997264,1.0,9.256141022594044e-19,5.167759547233053e-22,1.1539414893740188e-21,7.989389038480301e-17,1.8625632456264503e+19,31702979539878.656,0.009049710994941293,0.00026753572147319657,1.3922758049952931e-05,5.612089893019614e-06,1.3922758049952931e-05,5.612089893019614e-06,2.3101389864891616e-30,1.4102862860398666e+19,1.1908160987334244e+18,1704.4905626421805,8.910264614434361e-20,-30976.549850196378,4.679765009230524e+21,3.103241710975666e+21,0.0,0.0,0.0,0.0,0.3333333333333333,0.3333333333333333,2.0,2.6554752260788454e-21,2.7719141772846878e-21,0.0,9.229586270333256e-19,,0.0,0.0,0.0,0.0,0.0,2.6554752260788454e-21,9.229586270333256e-19,0.0029946758271276377,4.720901764015637e-18,7.989389038480301e-23,4.368820643385022e-22,,,7.989389038480301e-23,4.368820643385022e-22,,1.0020168470445707e-07,3.459063593417468,30121537284860.996,9.236309115761836e-06,0.00025829941235743474,9.236309115761836e-06,0.00025829941235743474,0.009049710994941293,0.00026753572147319657,False,False,1.0,1.7579174086434075,9.726456278045528e-09,0.30831366262123583,0.5521832404734461,1.0,1.4146687286350608,2.4646563282515133e-07,0.20205052413832422,0.701048510946453,0.28673760731374864,0.20119910107709127,0.02357512319219543,0.008144756559406358,True,ANP6,125.0,8.0,7.76068019011021e+19,$(U_{0.8}Pu_{0.2})N$,2.357512319219543,0.12693512700335402,82.06356565613142,6.049539056526044,7.949016171570708,3.8109439887684786,1.0422310014119195e+17,7.208293829876923e-07,ok,
56,TRIAL_056,ANP6,1450.0,3.2,7.76068019011021e+19,1.9722002640473183e-05,519754.0997222178,31702979539878.656,2.23296281266002,5.100291528069869,2365717640302.848,1.0,40,TRIAL_056_ANP6,rizk2025_refit_plot,rizk2025_refit_full,31702979539878.656,3.307039729537484e+23,2.1569652798415734e+26,1.593970405584792e+25,2.5754737425766144e+23,1.5917393034097254e+19,2.804186691907234,50.47654125096817,2.3788469839581183,0.8574904956623384,3.236337479620457,6.410877245646376,9.647214725266833,237218658971.48434,5.930466474287108e+16,955.5865919010008,0.5,5398179.61061188,2323180.357296174,2.323616241700035,791695557.1599226,791673395.5006733,44196973.391792014,43980826.43900287,1.0000279934369087,1.0049145723327622,0.1257993255798587,82.05065547887773,6.063440974894639,11.76010422064778,6.428516000615517,5.331588220032261,3.091521492815569e+25,1.6899421136011793e+25,1.4015793792143896e+25,2.6288215094111468e+26,2.4886635714897077e+26,1.021772444862655,2.2268254262660944e+16,0.0011954673338454196,9.986055890264885e-07,7.235627738235142e-08,7.235627738235142e-08,0.00961800209705964,0.00961800209705964,2.2213846923794792e+20,2.246967059037275e-05,14113998.628416095,3.2,31702979539878.656,0.0,9.236541396761505e-26,5.387128996723744e-22,2.804186691907234e-09,5.047654125096817e-08,1.86696471970231e+26,2.4713763615488962e+26,2.31966936012959e+26,0.023788469839581182,0.8574904956623384,6.410877245646376,0.03236337479620457,0.09647214725266834,284959390.7879438,36173189840.13506,1.0810072484925427e-18,9.555865919010008e-07,2.107759997328474e-12,0.03407359027997264,1.0,9.34088619014059e-19,1.03501318176948e-21,2.3111459455041743e-21,3.956100289530877e-16,1.8625632456264503e+19,31702979539878.656,0.009110933956974668,0.0002699141822893633,1.3893544796479211e-05,5.598425655859525e-06,1.3893544796479211e-05,5.598425655859525e-06,1.9722067818291365e-30,1.4712092968882758e+19,1.0031694343947992e+18,4481.834597600484,1.745683197177319e-19,-19650.111314261656,4.680137614273565e+21,2.7978218340662714e+21,0.0,0.0,0.0,0.0,0.3333333333333333,0.3333333333333333,2.0,1.1129991980733449e-20,1.2351760164789186e-21,0.0,9.229586270333256e-19,,0.0,0.0,0.0,0.0,0.0,1.1129991980733449e-20,9.229586270333256e-19,0.0013223327972699858,4.764124270023889e-18,3.9561002895308766e-22,6.394031528163924e-22,,,3.9561002895308766e-22,6.394031528163924e-22,,1.0020168470445707e-07,3.459063593417468,30096073399714.07,9.470251925930858e-06,0.0002604439303634324,9.470251925930858e-06,0.0002604439303634324,0.009110933956974668,0.0002699141822893633,False,False,1.0,1.7609978008183704,9.750756019162235e-09,0.3091221623773909,0.551086074130869,1.0,1.4242172298030034,2.4661137979678286e-07,0.2055315147655159,0.6960438826600294,0.28759996962851325,0.20468048545844927,0.023788469839581182,0.008574904956623384,True,ANP6,125.0,8.0,7.76068019011021e+19,$(U_{0.8}Pu_{0.2})N$,2.3788469839581183,0.1257993255798587,82.05065547887773,6.063440974894639,6.428516000615517,5.331588220032261,5.930466474287108e+16,9.55586591901001e-07,ok,
56,TRIAL_056,ANP6,1500.0,3.2,7.76068019011021e+19,1.9722002640473183e-05,519754.0997222178,31702979539878.656,2.23296281266002,5.100291528069869,2365717640302.848,1.0,40,TRIAL_056_ANP6,rizk2025_refit_plot,rizk2025_refit_full,31702979539878.656,3.217921293499655e+23,2.154406943652864e+26,1.6066256632296294e+25,2.5270763871667433e+23,1.588562301470758e+19,2.830344643911506,51.44539714896036,2.400075723431031,0.9060088376817476,3.3060845611127787,8.341880322782632,11.647964883895412,140105717628.0975,3.5026429407024372e+16,1243.4162568168408,0.5000000000000001,3681180.6007892126,1785403.7116124125,2.0618197312162576,784368104.7030197,784356776.046886,43242549.304092124,43152548.58606653,1.0000144432437887,1.0020856408479812,0.12240927282356517,81.95333673055076,6.1115813967510935,11.812672599874578,5.556519243637474,6.256153356237105,3.1053407814181984e+25,1.4607097305131147e+25,1.6446310509050839e+25,2.6288215094111468e+26,2.4643584043206385e+26,1.0230247108526997,2.179007351413368e+16,0.001174370555648167,9.887620789793541e-07,7.287330018191459e-08,7.287330018191459e-08,0.010132503463193937,0.010132503463193937,1.7878310407936816e+20,2.6292029488614165e-05,14113998.628416095,3.2,31702979539878.656,0.0,9.49744034497469e-26,5.703325811288146e-22,2.8303446439115063e-09,5.1445397148960365e-08,1.9470730071568427e+26,2.6337699109678432e+26,2.318287431269327e+26,0.02400075723431031,0.9060088376817476,8.341880322782632,0.033060845611127786,0.11647964883895412,417030726.58047664,80307360371.88293,2.3815959730995906e-18,1.2434162568168408e-06,3.568733728106808e-12,0.03407359027997259,1.0,9.653577892834512e-19,2.6703221709632663e-21,5.962730105582546e-21,1.7607759639859707e-15,1.8625632456264503e+19,31702979539878.656,0.009319163744255687,0.0002788702811317811,1.38442314626113e-05,5.584037906735315e-06,1.38442314626113e-05,5.584037906735315e-06,1.988404317891622e-30,1.5367038558466873e+19,1.0120681512806154e+18,11887.71401452012,3.5265957440872344e-19,-13847.876302945528,4.7026943183464516e+21,2.8855147373030686e+21,0.0,0.0,0.0,0.0,0.3333333333333333,0.3333333333333333,2.0,4.239916225012569e-20,5.067891913502495e-22,0.0,9.229586270333256e-19,,0.0,0.0,0.0,0.0,0.0,4.239916225012569e-20,9.229586270333256e-19,0.0005249755033586253,4.923606154238644e-18,1.7607759639859707e-21,9.095462069772957e-22,,,1.7607759639859707e-21,9.095462069772957e-22,,1.0020168470445707e-07,3.459063593417468,30068498790033.176,9.9544476869347e-06,0.00026891583344484645,9.9544476869347e-06,0.00026891583344484645,0.009319163744255687,0.0002788702811317811,False,False,1.0,1.7637369973393375,9.812610833593446e-09,0.30983932158285593,0.5501133678349731,1.0,1.4347263282979223,2.4677567140399343e-07,0.20932075525760452,0.6906045802498183,0.28845294769862856,0.2084702775852282,0.02400075723431031,0.009060088376817476,True,ANP6,125.0,8.0,7.76068019011021e+19,$(U_{0.8}Pu_{0.2})N$,2.400075723431031,0.12240927282356517,81.95333673055076,6.1115813967510935,5.556519243637474,6.256153356237105,3.5026429407024372e+16,1.2434162568168408e-06,ok,
56,TRIAL_056,ANP6,1550.0,3.2,7.76068019011021e+19,1.9722002640473183e-05,519754.0997222178,31702979539878.656,2.23296281266002,5.100291528069869,2365717640302.848,1.0,40,TRIAL_056_ANP6,rizk2025_refit_plot,rizk2025_refit_full,31702979539878.656,2.964486146006688e+23,2.1450246098050602e+26,1.6474465339345373e+25,2.3955188902693443e+23,1.5838490848848617e+19,2.889479170356024,52.833674306756976,2.420733127151998,0.9784414696365071,3.399174596788505,10.733629257695288,14.132803854483795,84623422840.78374,2.1155855710195932e+16,1599.9233502802401,0.5,2611977.337955351,1387566.4728633084,1.8824160060349495,768310591.0519449,768304552.1752162,42050448.25996143,42018656.266654566,1.0000078600038378,1.0007566161351071,0.1127686355043074,81.59643407229817,6.266863414030584,12.023933878166972,4.932390748077504,7.091543130089467,3.160877600666272e+25,1.296637489136668e+25,1.864240111529604e+25,2.6288215094111468e+26,2.4423974982581875e+26,1.024898321275642,2.05191166756568e+16,0.0011180397059932666,9.614010386262254e-07,7.463965487069619e-08,7.463965487069619e-08,0.010924472803960148,0.010924472803960148,1.557890965175904e+20,3.067507801068731e-05,14113998.628416095,3.2,31702979539878.656,0.0,1.0105255846593714e-25,6.177618050697268e-22,2.8894791703560244e-09,5.2833674306756976e-08,2.0450800854168843e+26,2.869825958254115e+26,2.3127337493445206e+26,0.02420733127151998,0.9784414696365071,10.733629257695288,0.033991745967885054,0.14132803854483794,612897680.3863158,171883201192.35275,5.073597307870786e-18,1.5999233502802401e-06,5.908529615266615e-12,0.03407359027997264,1.0,1.0711233129353537e-18,8.378501496912049e-21,1.8708882268420916e-20,7.11715258415843e-15,1.8625632456264503e+19,31702979539878.656,0.009992519531464116,0.0003092985012277847,1.373451722450632e-05,5.564315264337664e-06,1.373451722450632e-05,5.564315264337664e-06,2.0379566487037268e-30,1.615417851222123e+19,1.0406152136847949e+18,30031.91963082716,6.886878610485356e-19,-9865.856234663204,4.792433555004069e+21,3.0213067908138674e+21,0.0,0.0,0.0,0.0,0.3333333333333333,0.3333333333333333,2.0,1.4816468590202815e-19,1.9547622806480766e-22,0.0,9.229586270333256e-19,,0.0,0.0,0.0,0.0,0.0,1.4816468590202815e-19,9.229586270333256e-19,0.00018249647421930904,5.4630411584823155e-18,7.11715258415843e-21,1.2613489127536196e-21,,,7.11715258415843e-21,1.2613489127536196e-21,,1.0020168470445707e-07,3.459063593417468,30029371692020.04,1.1308261243572965e-05,0.00029799023998421174,1.1308261243572965e-05,0.00029799023998421174,0.009992519531464116,0.0003092985012277847,False,False,1.0,1.7654480335024012,9.989051702565937e-09,0.3102864433198337,0.5495071639897005,1.0,1.4499496431747942,2.4702021342446613e-07,0.21473364282358853,0.6828502775945811,0.28927815427808795,0.21388399320291313,0.02420733127151998,0.009784414696365071,True,ANP6,125.0,8.0,7.76068019011021e+19,$(U_{0.8}Pu_{0.2})N$,2.420733127151998,0.1127686355043074,81.59643407229817,6.266863414030584,4.932390748077504,7.091543130089467,2.1155855710195932e+16,1.5999233502802401e-06,ok,
56,TRIAL_056,ANP6,1600.0,3.2,7.76068019011021e+19,1.9722002640473183e-05,519754.0997222178,31702979539878.656,2.23296281266002,5.100291528069869,2365717640302.848,1.0,40,TRIAL_056_ANP6,rizk2025_refit_plot,rizk2025_refit_full,31702979539878.656,2.405035559542887e+23,2.118820896980046e+26,1.758405375899676e+25,2.092813248809282e+23,1.5748468134112776e+19,3.0305404700477583,55.32831898903707,2.4399411372567728,1.1172988499561256,3.5572399872128986,13.880214965605065,17.437454952817962,50604761741.22481,1.2651190435306202e+16,2068.944203048532,0.5,1927417.5366474502,1073011.054009524,1.7962699726580287,732546405.2964935,732542601.5396571,40134810.523417145,40124118.00257076,1.0000051925401041,1.0002664861280115,0.09148721398287753,80.59964852671415,6.688949286228098,12.619914973074884,4.57297291530343,8.046942057771455,3.317550392815905e+25,1.2021529561704255e+25,2.1153974366454795e+25,2.6288215094111468e+26,2.4172817657465992e+26,1.028503980506937,1.7674370015299424e+16,0.0009887115478926412,8.956145291533379e-07,7.519983586271467e-08,7.519983586271467e-08,0.012493528270499585,0.012493528270499585,1.4187804596588868e+20,3.516389965260458e-05,14113998.628416095,3.2,31702979539878.656,0.0,1.1658666336544798e-25,7.09465098726614e-22,3.0305404700477585e-09,5.5328318989037074e-08,2.1870678216566202e+26,3.3128435805707895e+26,2.2970664701295566e+26,0.02439941137256773,1.1172988499561256,13.880214965605065,0.035572399872128985,0.17437454952817963,950229120.585781,372782635497.50116,1.0971469472840258e-17,2.068944203048532e-06,9.880493115585179e-12,0.03407359027997264,1.0,1.4017765731852965e-18,2.8072866441166047e-20,6.268566680789522e-20,2.6363059898109156e-14,1.8625632456264503e+19,31702979539878.656,0.011944647928862039,0.0004044892858183626,1.3482360101982666e-05,5.5312944173321295e-06,1.3482360101982666e-05,5.5312944173321295e-06,2.0531057877730106e-30,1.729037157463373e+19,1.0525714698380492e+18,75197.89848722631,1.3292237705341953e-18,-6809.69484245871,5.047402958328198e+21,3.2331663696901387e+21,0.0,0.0,0.0,0.0,0.3333333333333333,0.3333333333333333,2.0,4.788179461519709e-19,7.206892439595517e-23,0.0,9.229586270333256e-19,,0.0,0.0,0.0,0.0,0.0,4.788179461519709e-19,9.229586270333256e-19,5.141256158404111e-05,7.14946918046378e-18,2.6363059898109155e-20,1.7098065430568916e-21,,,2.6363059898109155e-20,1.7098065430568916e-21,,1.0020168470445707e-07,3.459063593417468,29960310149137.164,1.5407029978007852e-05,0.0003890822558403547,1.5407029978007852e-05,0.0003890822558403547,0.011944647928862039,0.0004044892858183626,False,False,1.0,1.764825210186992,1.044914782994182e-08,0.3101237650047599,0.5497277003420102,1.0,1.4777847473199004,2.474899985247083e-07,0.2244058536464737,0.6690415330775364,0.29004125997392843,0.2235577777514814,0.02439941137256773,0.011172988499561255,True,ANP6,125.0,8.0,7.76068019011021e+19,$(U_{0.8}Pu_{0.2})N$,2.4399411372567728,0.09148721398287753,80.59964852671415,6.688949286228098,4.57297291530343,8.046942057771455,1.2651190435306202e+16,2.068944203048532e-06,ok,
56,TRIAL_056,ANP6,1650.0,3.2,7.76068019011021e+19,1.9722002640473183e-05,519754.0997222178,31702979539878.656,2.23296281266002,5.100291528069869,2365717640302.848,1.0,40,TRIAL_056_ANP6,rizk2025_refit_plot,rizk2025_refit_full,31702979539878.656,1.6051333207937504e+23,2.0628364254538176e+26,1.9958824854163576e+25,1.6040153853777787e+23,1.5569659630853378e+19,3.3187315881289883,59.7922385566644,2.4559160990376765,1.3941264520865624,3.850042551124239,18.500365463007235,22.350408014131474,28485454509.918934,7121363627479734.0,2757.610308904862,0.5,1480722.2596639069,805044.8581625861,1.839304039582924,668932834.644295,668930264.7857631,37132292.28799852,37128564.73664441,1.0000038417435526,1.0001003957836925,0.061059045471417286,78.47000711417226,7.592308866429784,13.876624973926548,4.54917613307978,9.327448840846769,3.6479170209490005e+25,1.195897206873995e+25,2.452019814075005e+25,2.6288215094111468e+26,2.3836195280036468e+26,1.0357469604594745,1.3277687428685478e+16,0.0007781889887542278,7.800913721220873e-07,7.314598834723891e-08,7.314598834723891e-08,0.015683419683390636,0.015683419683390636,1.2763734815811746e+20,4.0473799116207976e-05,14113998.628416095,3.2,31702979539878.656,0.0,1.5311050763140014e-25,8.95412285907595e-22,3.3187315881289886e-09,5.97922385566644e-08,2.4046362183254223e+26,4.1913151112120586e+26,2.2640298073162474e+26,0.024559160990376763,1.3941264520865624,18.500365463007235,0.03850042551124239,0.22350408014131473,1679309286.0183375,884350021567.1381,2.597868390208092e-17,2.757610308904862e-06,1.7552818047045547e-11,0.03407359027997264,1.0,2.364150646143271e-18,9.247330480694055e-20,2.0648945079767331e-19,9.020265555838444e-14,1.8625632456264503e+19,31702979539878.656,0.01681310103410902,0.0006813455330879078,1.3006026636480862e-05,5.478910123784251e-06,1.3006026636480862e-05,5.478910123784251e-06,1.9946811686478524e-30,1.907306765373136e+19,1.0266292721631958e+18,197304.27343188284,2.6116621131762765e-18,-4239.576324199762,5.595317451085645e+21,3.557338676567432e+21,0.0,0.0,0.0,0.0,0.3333333333333333,0.3333333333333333,2.0,1.441192019109945e-18,2.5738368843747513e-23,0.0,9.229586270333256e-19,,0.0,0.0,0.0,0.0,0.0,1.441192019109945e-18,9.229586270333256e-19,1.0886941103239548e-05,1.2057857511605432e-17,9.020265555838444e-20,2.2706492485561157e-21,,,9.020265555838444e-20,2.2706492485561157e-21,,1.0020168470445707e-07,3.459063593417468,29841092458086.914,2.7754345887057906e-05,0.0006535911872008499,2.7754345887057906e-05,0.0006535911872008499,0.01681310103410902,0.0006813455330879078,False,False,1.0,1.7607223669475425,1.1417963046917813e-08,0.30904995700216037,0.5511840350703646,1.0,1.5291093639948472,2.4843382165414523e-07,0.24152163230521057,0.6447618558662753,0.2906728766623493,0.24067670429581278,0.024559160990376763,0.013941264520865623,True,ANP6,125.0,8.0,7.76068019011021e+19,$(U_{0.8}Pu_{0.2})N$,2.4559160990376765,0.061059045471417286,78.47000711417226,7.592308866429784,4.54917613307978,9.327448840846769,7121363627479734.0,2.757610308904862e-06,ok,
56,TRIAL_056,ANP6,1700.0,3.2,7.76068019011021e+19,1.9722002640473183e-05,519754.0997222178,31702979539878.656,2.23296281266002,5.100291528069869,2365717640302.848,1.0,40,TRIAL_056_ANP6,rizk2025_refit_plot,rizk2025_refit_full,31702979539878.656,9.012633390906428e+22,1.971737619346083e+26,2.3896962452923952e+25,1.0831305759390865e+23,1.5254672036212666e+19,3.787768280701496,66.56811269791777,2.4655830386064177,1.8849082580012924,4.35049129660771,25.51720726250972,29.867698559117432,14973298634.287043,3743324658571760.5,3803.5202030068854,0.5,1186201.2798300541,583669.8325527421,2.0323155552550602,586098827.6139158,586097098.7351041,33350678.125241473,33349300.58892057,1.0000029498163623,1.0000413063031781,0.03428393049372625,75.00462135931588,9.090370862903068,15.870723847287328,4.884685138913517,10.98603870837381,4.172130021967336e+25,1.284096535987683e+25,2.8880334859796527e+25,2.6288215094111468e+26,2.3400181608131816e+26,1.048769519458675,8832946102462528.0,0.0005496334085675739,6.38353079353375e-07,6.810988552081708e-08,6.810988552081708e-08,0.021455804316394492,0.021455804316394492,1.1561717220799275e+20,4.730660573228585e-05,14113998.628416095,3.2,31702979539878.656,0.0,2.27634884784665e-25,1.2356268646921795e-21,3.787768280701496e-09,6.656811269791777e-08,2.7027778648091535e+26,5.7566538492195614e+26,2.2116085072144132e+26,0.024655830386064177,1.8849082580012924,25.51720726250972,0.0435049129660771,0.29867698559117434,3430363789.171365,2323345911747.298,6.816722990905532e-17,3.8035202030068853e-06,3.339277551407814e-11,0.03407359027997264,1.0,4.988545012933779e-18,2.9005001213446957e-19,6.476708909078581e-19,2.8708990269161864e-13,1.8625632456264503e+19,31702979539878.656,0.02714040024309768,0.0014351746256079422,1.2327726724262992e-05,5.41251660597317e-06,1.2327726724262992e-05,5.41251660597317e-06,1.853345803954122e-30,2.1646237153870193e+19,9.549567329869742e+17,543527.8217612699,5.210190228364506e-18,-2336.9746447800208,6.492661131355661e+21,4.0055877138511697e+21,0.0,0.0,0.0,0.0,0.3333333333333333,0.3333333333333333,2.0,4.065586385900453e-18,9.000056617340487e-24,0.0,9.229586270333256e-19,,0.0,0.0,0.0,0.0,0.0,4.065586385900453e-18,9.229586270333256e-19,1.804144614112147e-06,2.5443033866861345e-17,2.8708990269161863e-19,2.9601094428509513e-21,,,2.8708990269161863e-19,2.9601094428509513e-21,,1.0020168470445707e-07,3.459063593417468,29672031854144.46,6.385874782734829e-05,0.001371315877780594,6.385874782734829e-05,0.001371315877780594,0.02714040024309768,0.0014351746256079422,False,False,1.0,1.7535898085006083,1.3014629763992016e-08,0.30717419855086525,0.5537305647091106,1.0,1.6106397124149878,2.501321239719356e-07,0.2669710626591605,0.609057393475477,0.2910537580763857,0.2661317802006871,0.024655830386064177,0.018849082580012923,True,ANP6,125.0,8.0,7.76068019011021e+19,$(U_{0.8}Pu_{0.2})N$,2.4655830386064177,0.03428393049372625,75.00462135931588,9.090370862903068,4.884685138913517,10.98603870837381,3743324658571760.5,3.8035202030068857e-06,ok,
56,TRIAL_056,ANP6,1750.0,3.2,7.76068019011021e+19,1.9722002640473183e-05,519754.0997222178,31702979539878.656,2.23296281266002,5.100291528069869,2365717640302.848,1.0,40,TRIAL_056_ANP6,rizk2025_refit_plot,rizk2025_refit_full,31702979539878.656,4.647409561214662e+22,1.850964011578893e+26,2.9297003983480056e+25,6.7807176899950115e+22,1.4766372521521097e+19,4.427571023878999,75.42349489974411,2.4652495159540524,2.6538867558198778,5.119136271773931,35.64203088835669,40.76116716013062,7674655400.095637,1918663850023909.2,5312.696768318943,0.5,989571.3214705632,417866.87567761523,2.3681497124314266,501404795.02747464,501403588.5651489,29434342.660461653,29433799.14907035,1.0000024061701058,1.0000184655534459,0.017678680521203118,70.41041032844817,11.144539056226208,18.42737193480442,5.533728108278419,12.893643826526004,4.844227170413316e+25,1.4547183478275362e+25,3.38950882258578e+25,2.6288215094111468e+26,2.289870627152569e+26,1.069652416193811,5523635081237865.0,0.00036647057307976944,5.040237108924651e-07,6.172690542192124e-08,6.172690542192124e-08,0.0307713608375895,0.0307713608375895,1.1006855799443387e+20,5.5757027249586846e-05,14113998.628416095,3.2,31702979539878.656,0.0,3.6356763821498458e-25,1.7972503077191086e-21,4.427571023878999e-09,7.542349489974412e-08,3.053027406039635e+26,8.231710333670766e+26,2.144398792369815e+26,0.024652495159540523,2.6538867558198778,35.64203088835669,0.0511913627177393,0.4076116716013062,7581934416.54414,6336568495431.565,1.8576485343126958e-16,5.312696768318944e-06,6.514950495285681e-11,0.03407359027997264,1.0,1.1732003472118521e-17,8.590290957143048e-19,1.9181800257230074e-18,8.552344067970446e-13,1.8625632456264503e+19,31702979539878.656,0.046353269492690065,0.003368339104646277,1.1558594726631147e-05,5.343369780349726e-06,1.1558594726631147e-05,5.343369780349726e-06,1.6757582243512277e-30,2.4912038880846352e+19,8.590809937234659e+17,1492476.5489833008,1.0235119962135194e-17,-1206.0826957265947,7.694179360476232e+21,4.5690843583179664e+21,0.0,0.0,0.0,0.0,0.3333333333333333,0.3333333333333333,2.0,1.0809044845085196e-17,3.1079945105556526e-24,0.0,9.229586270333256e-19,,0.0,0.0,0.0,0.0,0.0,1.0809044845085196e-17,9.229586270333256e-19,2.649159214742734e-07,5.983663791613238e-17,8.552344067970446e-19,3.7946889172602315e-21,,,8.552344067970446e-19,3.7946889172602315e-21,,1.0020168470445707e-07,3.459063593417468,29475517806743.67,0.00016465306530609786,0.003203686039340179,0.00016465306530609786,0.003203686039340179,0.046353269492690065,0.003368339104646277,False,False,1.0,1.7447310522971295,1.521367889132429e-08,0.3048283994277202,0.5569197821129297,1.0,1.7234262340436886,2.5285943281400476e-07,0.29911259566373066,0.5647116609385033,0.2910406337433512,0.2982822856970512,0.024652495159540523,0.02653886755819878,True,ANP6,125.0,8.0,7.76068019011021e+19,$(U_{0.8}Pu_{0.2})N$,2.4652495159540524,0.017678680521203118,70.41041032844817,11.144539056226208,5.533728108278419,12.893643826526004,1918663850023909.2,5.312696768318944e-06,ok,
56,TRIAL_056,ANP6,1800.0,3.2,7.76068019011021e+19,1.9722002640473183e-05,519754.0997222178,31702979539878.656,2.23296281266002,5.100291528069869,2365717640302.848,1.0,40,TRIAL_056_ANP6,rizk2025_refit_plot,rizk2025_refit_full,31702979539878.656,2.3531451893421435e+22,1.7088001330867146e+26,3.594973746691684e+25,4.11396234387617e+22,1.4066258083551482e+19,5.2199337035045765,86.207297985519,2.4510032274880964,3.774846446971833,6.22584967445993,49.33005820027519,55.55590787473512,4006457250.296691,1001614312574172.6,7352.994042413015,0.5,851763.4693785412,301917.82928080106,2.8211764485970514,425293685.2249119,425292757.74317384,25752117.771717623,25751880.082970623,1.0000021808077406,1.0000092299570453,0.008951331160818315,65.0025164116024,13.675229504253998,21.31330275298279,6.412839472728386,14.900463280254398,5.602886871363296e+25,1.685821034230922e+25,3.917065837132374e+25,2.6288215094111468e+26,2.2371149256979093e+26,1.1011812104201741,3396814364727190.5,0.00024081064961645917,3.9127575624225847e-07,5.741816645506704e-08,5.741816645506704e-08,0.0449388859302535,0.0449388859302535,1.1127425632844977e+20,6.591674390884157e-05,14113998.628416095,3.2,31702979539878.656,0.0,5.957767773777832e-25,2.6836180770676938e-21,5.219933703504577e-09,8.620729798551901e-08,3.417889375892136e+26,1.1875131859482027e+27,2.0685328222748172e+26,0.024510032274880963,3.774846446971833,49.33005820027519,0.062258496744599295,0.5555590787473512,16831039783.150879,16809221646084.715,4.925055241422795e-16,7.352994042413016e-06,1.247985361538485e-10,0.03407359027997264,1.0,2.814113302873205e-17,2.402604106958116e-18,5.364925624381709e-18,2.3978131732901632e-12,1.8625632456264503e+19,31702979539878.656,0.07898344016056524,0.008062869971064056,1.079428710098728e-05,5.278011837500646e-06,1.079428710098728e-05,5.278011837500646e-06,1.5569554365793159e-30,2.8688736194293658e+19,7.847066225513375e+17,3912778.746597367,1.9377388441313528e-17,-622.2731477801763,9.124508844549988e+21,5.233160730721321e+21,0.0,0.0,0.0,0.0,0.3333333333333333,0.3333333333333333,2.0,2.721817440169872e-17,1.0673110184064085e-24,0.0,9.229586270333256e-19,,0.0,0.0,0.0,0.0,0.0,2.721817440169872e-17,9.229586270333256e-19,3.792708052361239e-08,1.4352798237672925e-16,2.397813173290163e-18,4.790933667952865e-21,,,2.397813173290163e-18,4.790933667952865e-21,,1.0020168470445707e-07,3.459063593417468,29277751991383.445,0.0004298635201325641,0.007633006450931491,0.0004298635201325641,0.007633006450931491,0.07898344016056524,0.008062869971064056,False,False,1.0,1.7346922833381397,1.7971051569654908e-08,0.3021483261630712,0.5605696166323847,1.0,1.8693435929842408,2.5698685439224814e-07,0.33627112273081367,0.514605793969269,0.29047892435356354,0.33545409413704824,0.024510032274880963,0.03774846446971833,True,ANP6,125.0,8.0,7.76068019011021e+19,$(U_{0.8}Pu_{0.2})N$,2.4510032274880964,0.008951331160818315,65.0025164116024,13.675229504253998,6.412839472728386,14.900463280254398,1001614312574172.6,7.352994042413016e-06,ok,
56,TRIAL_056,AP3.2,900.0,1.1,5.767844763153473e+19,1.9722002640473183e-05,519754.0997222178,31702979539878.656,2.23296281266002,5.100291528069869,2365717640302.848,1.0,40,TRIAL_056_AP3p2,rizk2025_refit_plot,rizk2025_refit_full,31702979539878.656,3.3158748386112165e+23,6.5608954906919e+25,1.456339445296566e+25,8.812188615083473e+22,1.6355353102094723e+19,2.604531869828386,30.063433080901095,0.6521709071350028,0.18615051989438416,0.8383214270293871,0.0838289432764771,0.9221503703058641,2096239854736.9944,5.240599636842486e+17,108.89255344596263,0.057374432169857284,3383557364502.8057,20387068.99367241,165965.85637459558,862742208.5097098,852360466.660858,290182146.2929178,73843861.87784845,1.0121799898692188,3.9296718632204435,0.3669393800284475,72.60379359777741,16.116057426097306,10.913209596096824,10.913209596096824,0.0,9.861802542257115e+24,9.861802542257115e+24,0.0,9.03657393860029e+25,9.03657393860029e+25,1.0046692478161212,1.6446663911310178e+16,0.0013449654938192997,1.1230520972951834e-06,7.2164216053801e-08,7.2164216053801e-08,0.002151095570598614,0.002151095570598614,2.9139339714772136e+19,5.393276489477273e-06,6527982.800675924,1.0999999999999999,31702979539878.656,0.0,7.400782434669042e-26,1.1381626476198965e-22,2.6045318698283862e-09,3.0063433080901095e-08,3.234504395828855e+25,2.1346053605267816e+25,8.050393684374578e+25,0.006521709071350028,0.18615051989438416,0.0838289432764771,0.00838321427029387,0.009221503703058642,18818080.421420917,2365.524486676157,1.5996059437004595e-21,1.0889255344596264e-07,2.7370165699409332e-14,0.7356297295391846,0.0,6.859556060984681e-19,5.096721272601947e-25,1.13807890682134e-24,5.119872410101689e-28,1.3842827431568335e+19,31702979539878.656,0.0021374952466815017,0.00019948955583019842,1.061787778457047e-05,4.538477101139017e-06,1.061787778457047e-05,4.538477101139017e-06,3.135818965019382e-30,6.102494067224695e+18,1.6024160707401864e+18,0.00047625962048613023,3.3888758578976525e-21,-27668.18017093205,2.0123803529596644e+21,0.0,0.0,0.0,0.0,0.0,0.3333333333333333,0.3333333333333333,2.0,2.4966082885114063e-31,9.582238205875211e-25,0.0,6.859556060982184e-19,,0.0,0.0,0.0,0.0,0.0,2.4966082885114063e-31,6.859556060982184e-19,1.3969181271622544e-06,3.498573566416049e-18,5.119872410101689e-34,5.096721267482075e-25,,,5.119872410101689e-34,5.096721267482075e-25,,1.0020168470445707e-07,3.459063593417468,30719594018370.27,4.267984385343852e-06,0.00019522157144485458,4.267984385343852e-06,0.00019522157144485458,0.0021374952466815017,0.00019948955583019842,False,False,1.0,1.4142103261748218,1.3941367430070212e-08,0.20188248402861453,0.7012902894581532,1.0,1.2244477900768633,2.443901999483745e-07,0.12387199461196532,0.8151423708124141,0.1868330945311395,0.12301405966464614,0.006521709071350028,0.0018615051989438417,True,AP3.2,100.0,8.3,5.767844763153473e+19,$(U_{0.8}Pu_{0.2})N$,0.6521709071350028,0.3669393800284475,72.60379359777741,16.116057426097306,10.913209596096824,0.0,5.240599636842486e+17,1.0889255344596264e-07,ok,
56,TRIAL_056,AP3.2,950.0,1.1,5.767844763153473e+19,1.9722002640473183e-05,519754.0997222178,31702979539878.656,2.23296281266002,5.100291528069869,2365717640302.848,1.0,40,TRIAL_056_AP3p2,rizk2025_refit_plot,rizk2025_refit_full,31702979539878.656,3.308545295855239e+23,6.550586560837899e+25,1.4690006490345038e+25,8.767913032024864e+22,1.6332221449585715e+19,2.6160562262354174,31.868663633441077,0.6575458854572608,0.22142437436034612,0.8789702598176069,0.08365576306233853,0.9626260228799455,2096570215088.1042,5.2414255377202605e+17,108.81179974876214,0.05729839565240091,534266775032.03503,20402199.073315624,26186.724926667903,852823474.4549552,848605613.9529715,199542165.30824336,69660906.57376873,1.004970342444868,2.8644784445481544,0.36612828250345864,72.4897135280071,16.256168089983483,10.88799009950597,10.88799009950597,0.0,9.83901275769336e+24,9.83901275769336e+24,0.0,9.03657393860029e+25,9.036573938600291e+25,1.0055575261957084,1.6374045810742574e+16,0.001340307817722107,1.1117984966151206e-06,1.0342266467118844e-07,1.0342266467118844e-07,0.002552006036584335,0.002552006036584335,3.915778765180795e+19,5.92831286774888e-06,6527982.800675924,1.0999999999999999,31702979539878.656,0.0,7.499457203277106e-26,1.3557517270007554e-22,2.6160562262354176e-09,3.186866363344108e-08,3.448480792078887e+25,3.3051720732695046e+25,8.052672662830955e+25,0.006575458854572608,0.22142437436034612,0.08365576306233853,0.00878970259817607,0.009626260228799454,18771635.09599872,15774.322068876416,1.5960498238562081e-21,1.0881179974876214e-07,2.7329585835022014e-14,0.736218946485778,0.0,6.85955606105717e-19,1.426046189772508e-24,3.184308110897524e-24,2.2845010932250072e-26,1.3842827431568335e+19,31702979539878.656,0.0021354633810602318,0.00019937177901499718,1.0600414871366572e-05,4.486494391865101e-06,1.0600414871366572e-05,4.486494391865101e-06,4.531976611101511e-30,6.5205526398649e+18,2.369314796951018e+18,0.003176273182809366,3.384807443599348e-21,-27646.278442329894,2.0084417385504577e+21,0.0,0.0,0.0,0.0,0.0,0.3333333333333333,0.3333333333333333,2.0,7.498646671560408e-30,3.5732345885189943e-23,0.0,6.859556060982184e-19,,0.0,0.0,0.0,0.0,0.0,7.498646671560408e-30,6.859556060982184e-19,5.209133880842283e-05,3.498573566453021e-18,2.284501093225007e-32,1.4260461669274971e-24,,,2.284501093225007e-32,1.4260461669274971e-24,,1.0020168470445707e-07,3.459063593417468,30662020978192.918,4.516081523629851e-06,0.00019485569749136733,4.516081523629851e-06,0.00019485569749136733,0.0021354633810602318,0.00019937177901499718,False,False,1.0,1.4155382092154176,1.3964795633383442e-08,0.20236902201865772,0.7005902986205204,1.0,1.2404562068033318,2.445055149352004e-07,0.13119637248669253,0.8043345492735768,0.18734496320302843,0.130339227322447,0.006575458854572608,0.002214243743603461,True,AP3.2,100.0,8.3,5.767844763153473e+19,$(U_{0.8}Pu_{0.2})N$,0.6575458854572608,0.36612828250345864,72.4897135280071,16.256168089983483,10.88799009950597,0.0,5.2414255377202605e+17,1.0881179974876215e-07,ok,
56,TRIAL_056,AP3.2,1000.0,1.1,5.767844763153473e+19,1.9722002640473183e-05,519754.0997222178,31702979539878.656,2.23296281266002,5.100291528069869,2365717640302.848,1.0,40,TRIAL_056_AP3p2,rizk2025_refit_plot,rizk2025_refit_full,31702979539878.656,3.301797029452147e+23,6.539934229097774e+25,1.481944524775654e+25,8.725074436215486e+22,1.6303550744077408e+19,2.626889282125931,33.86227373415858,0.6624956877556715,0.265166805834477,0.9276624935901485,0.08357580301774784,1.0112382966078963,2096715020926.8884,5.2417875523172205e+17,108.77461622596084,0.057263196733775286,101722740201.647,20409173.3625456,4984.1675796789505,847021142.6126664,845106040.4812201,146984401.329042,65559685.0178603,1.0022661086771498,2.2419937083132617,0.365381509838404,72.37183332459702,16.399406842071368,10.863378323493228,10.863378323493228,0.0,9.81677214432342e+24,9.81677214432342e+24,0.0,9.03657393860029e+25,9.036573938600291e+25,1.006660642351516,1.6307330879268282e+16,0.0013359260541722458,1.1001533228758788e-06,1.383409159620763e-07,1.383409159620763e-07,0.003046035654984324,0.003046035654984324,5.0875962825243075e+19,6.573424835028197e-06,6527982.800675924,1.0999999999999999,31702979539878.656,0.0,7.593009006385394e-26,1.6264359218239877e-22,2.626889282125931e-09,3.386227373415858e-08,3.648902777075227e+25,4.764791056618932e+25,8.05489672416795e+25,0.006624956877556715,0.265166805834477,0.08357580301774784,0.009276624935901485,0.010112382966078963,18727909.22246315,87007.04261165665,1.5944141608868094e-21,1.0877461622596084e-07,2.7310910716164526e-14,0.736492004547559,0.0,6.859556062584883e-19,3.5413597183153905e-24,7.90772455725043e-24,6.972208708889678e-25,1.3842827431568335e+19,31702979539878.656,0.0021331750392418326,0.00019924253456536932,1.0584069347728163e-05,4.43524122929464e-06,1.0584069347728163e-05,4.43524122929464e-06,6.113004266387382e-30,6.928210681226421e+18,3.2424895854327383e+18,0.01752462461037371,3.3842759743747607e-21,-27646.962570701202,2.0048085616166793e+21,0.0,0.0,0.0,0.0,0.0,0.3333333333333333,0.3333333333333333,2.0,1.6026995865756309e-28,4.476676181501433e-22,0.0,6.859556060982184e-19,,0.0,0.0,0.0,0.0,0.0,1.6026995865756309e-28,6.859556060982184e-19,0.0006526189363651748,3.498573567232199e-18,6.972208708889678e-31,3.5413590210945195e-24,,,6.972208708889678e-31,3.5413590210945195e-24,,1.0020168470445707e-07,3.459063593417468,30598845083672.91,4.7883168613975105e-06,0.0001944542177039718,4.7883168613975105e-06,0.0001944542177039718,0.0021331750392418326,0.00019924253456536932,False,False,1.0,1.4167525803813306,1.3987614289053807e-08,0.202813343517102,0.6999511709395654,1.0,1.2585030521963192,2.446487465487508e-07,0.13926808600287333,0.7924484650247328,0.18781388021276219,0.138411779557641,0.006624956877556715,0.00265166805834477,True,AP3.2,100.0,8.3,5.767844763153473e+19,$(U_{0.8}Pu_{0.2})N$,0.6624956877556715,0.365381509838404,72.37183332459702,16.399406842071368,10.863378323493228,0.0,5.2417875523172205e+17,1.0877461622596085e-07,ok,
56,TRIAL_056,AP3.2,1050.0,1.1,5.767844763153473e+19,1.9722002640473183e-05,519754.0997222178,31702979539878.656,2.23296281266002,5.100291528069869,2365717640302.848,1.0,40,TRIAL_056_AP3p2,rizk2025_refit_plot,rizk2025_refit_full,31702979539878.656,3.295381237131432e+23,6.530039045283445e+25,1.4940699568220137e+25,8.68352342588073e+22,1.627012505549069e+19,2.637542490192385,35.93288872567649,0.6673950539340051,0.31619565507081665,0.9835907090048218,0.0838831647738565,1.0674738737786782,2096093169640.778,5.240232924101945e+17,108.91856662326167,0.05739783091283544,22729876937.011868,20382199.920778945,1115.1827096857953,842650014.6689017,841692601.4481272,114478268.27116235,61781840.50128036,1.0011374856083175,1.8529436375206387,0.3646715292235928,72.26233182677758,16.53358858095545,10.839408063043372,10.839408063043372,0.0,9.79511124123516e+24,9.79511124123516e+24,0.0,9.03657393860029e+25,9.03657393860029e+25,1.0079497236620556,1.6244030094729686e+16,0.0013315731358055018,1.0889877832574556e-06,1.743966187698041e-07,1.743966187698041e-07,0.0036192468221344113,0.0036192468221344113,6.371046045797326e+19,7.318547671015435e-06,6527982.800675924,1.0999999999999999,31702979539878.656,0.0,7.685763269145718e-26,1.943412567465853e-22,2.6375424901923854e-09,3.593288872567649e-08,3.845395437444912e+25,6.4762013530272535e+25,8.057062814476774e+25,0.0066739505393400515,0.31619565507081665,0.0838831647738565,0.009835907090048219,0.010674738737786783,18692129.497113556,408069.5207883704,1.6007525999091374e-21,1.0891856662326166e-07,2.7383244096288e-14,0.7354485858372758,0.0,6.859556086571999e-19,7.957391575121721e-24,1.7768559473020944e-23,1.5366002896313798e-23,1.3842827431568335e+19,31702979539878.656,0.002130988053693903,0.00019910932159396773,1.0568060890933832e-05,4.38777712324316e-06,1.0568060890933832e-05,4.38777712324316e-06,7.76632638093645e-30,7.344635226881678e+18,4.157319289165393e+18,0.08225117676686539,3.39724342851065e-21,-27731.818286454676,2.001354147217535e+21,0.0,0.0,0.0,0.0,0.0,0.3333333333333333,0.3333333333333333,2.0,2.558981501392922e-27,2.43157518657149e-21,0.0,6.859556060982184e-19,,0.0,0.0,0.0,0.0,0.0,2.558981501392922e-27,6.859556060982184e-19,0.003544799628260854,3.498573579466327e-18,1.5366002896313797e-29,7.957376209118825e-24,,,1.5366002896313797e-29,7.957376209118825e-24,,1.0020168470445707e-07,3.459063593417468,30533732450326.05,5.068890926173383e-06,0.00019404043066779435,5.068890926173383e-06,0.00019404043066779435,0.002130988053693903,0.00019910932159396773,False,False,1.0,1.4179510111814806,1.4009890348476919e-08,0.20325124818621995,0.6993213909801198,1.0,1.2776589340778934,2.4481615869465223e-07,0.14763041431001012,0.7801631617260884,0.1882757246942618,0.1467749584004182,0.0066739505393400515,0.0031619565507081666,True,AP3.2,100.0,8.3,5.767844763153473e+19,$(U_{0.8}Pu_{0.2})N$,0.6673950539340051,0.3646715292235928,72.26233182677758,16.53358858095545,10.839408063043372,0.0,5.240232924101945e+17,1.0891856662326168e-07,ok,
56,TRIAL_056,AP3.2,1100.0,1.1,5.767844763153473e+19,1.9722002640473183e-05,519754.0997222178,31702979539878.656,2.23296281266002,5.100291528069869,2365717640302.848,1.0,40,TRIAL_056_AP3p2,rizk2025_refit_plot,rizk2025_refit_full,31702979539878.656,3.289188271397479e+23,6.521453289175499e+25,1.5048061066092574e+25,8.64351239405158e+22,1.6233051367666803e+19,2.6481869257097266,37.990559760960885,0.6723954711675956,0.372834291644657,1.0452297628122524,0.08562842111012367,1.1308581839223761,2092696647694.3726,5.231741619235931e+17,109.72806693901381,0.058159785806134325,5827000167.624581,20231833.67691935,288.01147047151113,838829414.109096,838309402.7265577,93308675.80050652,58435569.624885425,1.000620309614621,1.5967787496465167,0.3639862069127223,72.16732064038898,16.65239632668067,10.816296826017615,10.816296826017615,0.0,9.77422660101558e+24,9.77422660101558e+24,0.0,9.03657393860029e+25,9.03657393860029e+25,1.009383315578159,1.618304531119696e+16,0.0013271769556105382,1.0787547017484252e-06,2.0870971895603508e-07,2.0870971895603508e-07,0.004252680688850563,0.004252680688850563,7.698049388248918e+19,8.157833889641158e-06,6527982.800675924,1.0999999999999999,31702979539878.656,0.0,7.779192537866142e-26,2.2967603761007805e-22,2.6481869257097267e-09,3.799055976096089e-08,4.041537235724049e+25,8.383673687173888e+25,8.059151278498732e+25,0.006723954711675956,0.372834291644657,0.08562842111012367,0.010452297628122525,0.011308581839223762,18682548.3985638,1666736.4486429682,1.6367096722683574e-21,1.0972806693901382e-07,2.779179001897472e-14,0.7295947099357731,0.0,6.859556378595706e-19,1.6429338076549502e-23,3.6686100961554336e-23,2.556484784617257e-22,1.3842827431568335e+19,31702979539878.656,0.0021290976208602286,0.00019897810093714508,1.0552130378093785e-05,4.345532097148878e-06,1.0552130378093785e-05,4.345532097148878e-06,9.358782366065047e-30,7.77658168636883e+18,5.03764090322498e+18,0.33668068953495656,3.459830081156655e-21,-28124.74351761492,1.9980233590539593e+21,0.0,0.0,0.0,0.0,0.0,0.3333333333333333,0.3333333333333333,2.0,3.1761352235744896e-26,6.934054381604572e-21,0.0,6.859556060982184e-19,,0.0,0.0,0.0,0.0,0.0,3.1761352235744896e-26,6.859556060982184e-19,0.010108604695255988,3.498573728406931e-18,2.556484784617257e-28,1.642908242807104e-23,,,2.556484784617257e-28,1.642908242807104e-23,,1.0020168470445707e-07,3.459063593417468,30469593497497.1,5.345262048411723e-06,0.00019363283888873336,5.345262048411723e-06,0.00019363283888873336,0.0021290976208602286,0.00019897810093714508,False,False,1.0,1.4191729927183463,1.4031475555052125e-08,0.20369716188384962,0.6986802128573192,1.0,1.2971137540968731,2.450023805763711e-07,0.15591658893161567,0.7680202813926791,0.18874477004751536,0.15506196504701306,0.006723954711675956,0.0037283429164465696,True,AP3.2,100.0,8.3,5.767844763153473e+19,$(U_{0.8}Pu_{0.2})N$,0.6723954711675956,0.3639862069127223,72.16732064038898,16.65239632668067,10.816296826017615,0.0,5.231741619235931e+17,1.0972806693901382e-07,ok,
56,TRIAL_056,AP3.2,1150.0,1.1,5.767844763153473e+19,1.9722002640473183e-05,519754.0997222178,31702979539878.656,2.23296281266002,5.100291528069869,2365717640302.848,1.0,40,TRIAL_056_AP3p2,rizk2025_refit_plot,rizk2025_refit_full,31702979539878.656,3.2831515800156874e+23,6.5143759588575015e+25,1.5139423145902558e+25,8.605216199679891e+22,1.6193609261512507e+19,2.65887768554496,39.96974433341259,0.6775564332767502,0.43313808900989026,1.1106945222866407,0.09213317412546362,1.2028276964121043,2080496183692.1035,5.2012404592302586e+17,112.65839140209818,0.06095019202984279,1679359943.9192553,19705589.36951637,85.22251795813563,835242084.4876418,834938745.7983017,78953284.91209948,55542011.51454946,1.000363306519031,1.4215056811800442,0.3633181781417735,72.08900190625275,16.753498891027238,10.794181024578235,10.794181024578235,0.0,9.754241493523744e+24,9.754241493523744e+24,0.0,9.03657393860029e+25,9.03657393860029e+25,1.0109129214482904,1.6123715453833802e+16,0.0013227264447207886,1.0696394244274333e-06,2.38327702707459e-07,2.38327702707459e-07,0.004924774290833222,0.004924774290833222,8.997144713682315e+19,9.084131185690867e-06,6527982.800675924,1.0999999999999999,31702979539878.656,0.0,7.873787451173567e-26,2.6747470685200076e-22,2.65887768554496e-09,3.9969744333412594e-08,4.2387856269503435e+25,1.0421257482853849e+26,8.061149789247915e+25,0.006775564332767502,0.43313808900989026,0.09213317412546362,0.011106945222866406,0.012028276964121043,18753683.03000414,6069092.878580252,1.7713692502326376e-21,1.1265839140209818e-07,2.929598838373208e-14,0.7088705967762943,0.0,6.859559227741158e-19,3.156009871203467e-23,7.04725267878528e-23,3.330768464716398e-21,1.3842827431568335e+19,31702979539878.656,0.0021275929075978447,0.0001988531588508044,1.0536195362753678e-05,4.3088476977787425e-06,1.0536195362753678e-05,4.3088476977787425e-06,1.0750910711546535e-29,8.223020993581176e+18,5.804708357561725e+18,1.2342707701488949,3.685775474215505e-21,-29511.30004459134,1.9947827919011164e+21,0.0,0.0,0.0,0.0,0.0,0.3333333333333333,0.3333333333333333,2.0,3.1667589742037936e-25,1.2004150054659163e-20,0.0,6.859556060982184e-19,,0.0,0.0,0.0,0.0,0.0,3.1667589742037936e-25,6.859556060982184e-19,0.017499885424288566,3.4985751815541725e-18,3.330768464716398e-27,3.155676794356995e-23,,,3.330768464716398e-27,3.155676794356995e-23,,1.0020168470445707e-07,3.459063593417468,30408490652825.867,5.608545411786431e-06,0.00019324461343901795,5.608545411786431e-06,0.00019324461343901795,0.0021275929075978447,0.0001988531588508044,False,False,1.0,1.4204338200695046,1.4052260764514998e-08,0.2041566211908882,0.6980196846430491,1.0,1.316222499261662,2.452011246049942e-07,0.1638617886341236,0.7564072177473355,0.18922644240616454,0.1630079523652124,0.006775564332767502,0.004331380890098903,True,AP3.2,100.0,8.3,5.767844763153473e+19,$(U_{0.8}Pu_{0.2})N$,0.6775564332767502,0.3633181781417735,72.08900190625275,16.753498891027238,10.794181024578235,0.0,5.2012404592302586e+17,1.1265839140209818e-07,ok,
56,TRIAL_056,AP3.2,1200.0,1.1,5.767844763153473e+19,1.9722002640473183e-05,519754.0997222178,31702979539878.656,2.23296281266002,5.100291528069869,2365717640302.848,1.0,40,TRIAL_056_AP3p2,rizk2025_refit_plot,rizk2025_refit_full,31702979539878.656,3.277218411189578e+23,6.508799816252243e+25,1.5214836270027005e+25,8.568658036880242e+22,1.6153091367422874e+19,2.6696295945915702,41.827332558013204,0.6828958047763383,0.49513629988747804,1.1780321046638162,0.11298516605514636,1.2910172707189627,2043884377787.7712,5.109710944469428e+17,121.30225576732472,0.06941848664584208,533436517.0601229,18301390.90123997,29.147321093719775,831764199.0559081,831576037.5512471,68909010.07413585,53075342.46705619,1.0002262709555882,1.2983243606371,0.36266160532264724,72.02729552678697,16.836952116372203,10.773090751518183,10.773090751518183,0.0,9.735183112334502e+24,9.735183112334502e+24,0.0,9.03657393860029e+25,9.03657393860029e+25,1.0124890062227483,1.6065555575242476e+16,0.0013182295620609971,1.0616745142441683e-06,2.605774589988648e-07,2.605774589988648e-07,0.005613887383267633,0.005613887383267633,1.0200565972222807e+20,1.0088043459105962e-05,6527982.800675924,1.0999999999999999,31702979539878.656,0.0,7.969693758778748e-26,3.065272699974048e-22,2.6696295945915704e-09,4.1827332558013204e-08,4.437773162791146e+25,1.2521480469003385e+26,8.06305562736684e+25,0.006828958047763382,0.49513629988747804,0.11298516605514636,0.011780321046638162,0.012910172707189626,19052316.69292668,20254869.881075718,2.2111850803896755e-21,1.2130225576732472e-07,3.396399884467937e-14,0.6520147894535845,0.0,6.859582128801389e-19,5.699970868482597e-23,1.2727822982567074e-22,3.503783313863259e-20,1.3842827431568335e+19,31702979539878.656,0.002126500354024875,0.00019873765069386185,1.05202343756319e-05,4.2774615871889745e-06,1.05202343756319e-05,4.2774615871889745e-06,1.1814431436764555e-29,8.678261214400706e+18,6.387261181741392e+18,4.198825246209292,4.397334637369171e-21,-33629.47439627012,1.99160911867493e+21,0.0,0.0,0.0,0.0,0.0,0.3333333333333333,0.3333333333333333,2.0,2.6067819204802983e-24,1.4100662152237733e-20,0.0,6.859556060982184e-19,,0.0,0.0,0.0,0.0,0.0,2.6067819204802983e-24,6.859556060982184e-19,0.0205561532575478,3.49858686176252e-18,3.503783313863259e-26,5.696467085168733e-23,,,3.503783313863259e-26,5.696467085168733e-23,,1.0020168470445707e-07,3.459063593417468,30351717963931.637,5.853181227774888e-06,0.00019288446946608696,5.853181227774888e-06,0.00019288446946608696,0.002126500354024875,0.00019873765069386185,False,False,1.0,1.4217377231477373,1.407221800284563e-08,0.20463110685073854,0.6973376899421585,1.0,1.3345119633074838,2.4540596495686183e-07,0.1712944474820799,0.7455713714362551,0.18972219833940618,0.17044133307639192,0.006828958047763382,0.004951362998874781,True,AP3.2,100.0,8.3,5.767844763153473e+19,$(U_{0.8}Pu_{0.2})N$,0.6828958047763383,0.36266160532264724,72.02729552678697,16.836952116372203,10.773090751518183,0.0,5.109710944469428e+17,1.2130225576732472e-07,ok,
56,TRIAL_056,AP3.2,1250.0,1.1,5.767844763153473e+19,1.9722002640473183e-05,519754.0997222178,31702979539878.656,2.23296281266002,5.100291528069869,2365717640302.848,1.0,40,TRIAL_056_AP3p2,rizk2025_refit_plot,rizk2025_refit_full,31702979539878.656,3.271313957292903e+23,6.504593961747162e+25,1.5275647919384882e+25,8.533678529269182e+22,1.6112608118077032e+19,2.680448958695794,43.54124083291968,0.688410543473061,0.5571304017808252,1.2455409452538861,0.17396376388457077,1.419504709138457,1951948358559.7725,4.879870896399431e+17,142.23637205800816,0.09115294816265535,183538472.4679293,15607822.16165229,11.759390295903998,828342439.2805437,828219464.0558158,61698251.274782114,50986144.57311361,1.0001484814473276,1.2100983863627393,0.36200821013805706,71.98075294844192,16.90424714407968,10.752991697340342,10.752991697340342,0.0,9.717020453417102e+24,9.717020453417102e+24,0.0,9.03657393860029e+25,9.03657393860029e+25,1.0140685477192892,1.6008089481465562e+16,0.001313691209082441,1.0547976409178338e-06,2.7339494869901457e-07,2.7339494869901457e-07,0.006301467124689945,0.006301467124689945,1.1251689035279042e+20,1.116052379744484e-05,6527982.800675924,1.0999999999999999,31702979539878.656,0.0,8.066984725425507e-26,3.457729485493849e-22,2.6804489586957944e-09,4.354124083291968e-08,4.638776563464857e+25,1.4625811110319564e+26,8.06487189325858e+25,0.00688410543473061,0.5571304017808252,0.17396376388457077,0.012455409452538861,0.014195047091384569,19912453.95567067,64090084.902180746,3.564925539586065e-21,1.4223637205800815e-07,4.669844248846405e-14,0.5366839503245293,0.0,6.859737343204004e-19,9.775347450615735e-23,2.1827987338055865e-22,3.0533079764031823e-19,1.3842827431568335e+19,31702979539878.656,0.002125823956454529,0.00019863604991847688,1.050423887548167e-05,4.250796177634424e-06,1.050423887548167e-05,4.250796177634424e-06,1.2448690551388661e-29,9.136128179020042e+18,6.730492657983583e+18,13.91127781940794,6.437939772297066e-21,-43746.35138410729,1.9884902640748478e+21,0.0,0.0,0.0,0.0,0.0,0.3333333333333333,0.3333333333333333,2.0,1.8128222181985484e-23,1.2247278119517971e-20,0.0,6.859556060982184e-19,,0.0,0.0,0.0,0.0,0.0,1.8128222181985484e-23,6.859556060982184e-19,0.017853858692784275,3.4986660256327896e-18,3.0533079764031822e-25,9.744814370851704e-23,,,3.0533079764031822e-25,9.744814370851704e-23,,1.0020168470445707e-07,3.459063593417468,30299872813778.75,6.07669817308242e-06,0.00019255935174539445,6.07669817308242e-06,0.00019255935174539445,0.002125823956454529,0.00019863604991847688,False,False,1.0,1.4230832613955868,1.409141996024997e-08,0.20512003007118382,0.6966350882199207,1.0,1.351692269876233,2.456113182492409e-07,0.1781294291122339,0.7356318880534773,0.19023153154580438,0.17727695603008098,0.00688410543473061,0.005571304017808251,True,AP3.2,100.0,8.3,5.767844763153473e+19,$(U_{0.8}Pu_{0.2})N$,0.688410543473061,0.36200821013805706,71.98075294844192,16.90424714407968,10.752991697340342,0.0,4.879870896399431e+17,1.4223637205800815e-07,ok,
56,TRIAL_056,AP3.2,1300.0,1.1,5.767844763153473e+19,1.9722002640473183e-05,519754.0997222178,31702979539878.656,2.23296281266002,5.100291528069869,2365717640302.848,1.0,40,TRIAL_056_AP3p2,rizk2025_refit_plot,rizk2025_refit_full,31702979539878.656,3.265191543549607e+23,6.501503319725558e+25,1.5324426823345597e+25,8.49967038272519e+22,1.6072767372388911e+19,2.691370110418215,45.114205973256254,0.6940822980530751,0.6181860811424631,1.312268379195538,0.3379038410739234,1.6501722202694615,1766236370552.1553,4.415590926380388e+17,183.4827655873824,0.13725255623982288,68150921.22903903,12099229.008747093,5.632666443437807,824942364.0977701,824858681.236908,56370869.054184906,49208446.698940426,1.0001014511488642,1.145552701532412,0.3613306952098446,71.94655146851596,16.958226566250236,10.733891270023953,10.733891270023953,0.0,9.699760211046762e+24,9.699760211046762e+24,0.0,9.03657393860029e+25,9.03657393860029e+25,1.0156276734849445,1.5950337549497504e+16,0.001309071951796045,1.0488400275899837e-06,2.7528496617495876e-07,2.7528496617495876e-07,0.006977366870973244,0.006977366870973244,1.2109183629486321e+20,1.2303329115187362e-05,6527982.800675924,1.0999999999999999,31702979539878.656,0.0,8.165990759638568e-26,3.8461707733319944e-22,2.6913701104182153e-09,4.5114205973256254e-08,4.841909816916744e+25,1.670152099841991e+26,8.066597917495613e+25,0.0069408229805307505,0.6181860811424631,0.3379038410739234,0.013122683791955381,0.016501722202694614,21967071.616840173,198028158.84188464,7.652516881832503e-21,1.834827655873824e-07,7.77090532887823e-14,0.3755092772251173,0.0,6.860642029484949e-19,1.6132812103425e-22,3.60239694905795e-22,2.2525702314749626e-18,1.3842827431568335e+19,31702979539878.656,0.002125632012597922,0.00019856585035269773,1.0488159310822328e-05,4.228046921321872e-06,1.0488159310822328e-05,4.228046921321872e-06,1.2580070727132284e-29,9.593184706112817e+18,6.795294598088027e+18,47.07265436961065,1.1948931286075392e-20,-63027.84472996611,1.985447914833856e+21,0.0,0.0,0.0,0.0,0.0,0.3333333333333333,0.3333333333333333,2.0,1.085968502764781e-22,8.409787168749566e-21,0.0,6.859556060982184e-19,,0.0,0.0,0.0,0.0,0.0,1.085968502764781e-22,6.859556060982184e-19,0.012258017737417087,3.499127442010216e-18,2.2525702314749626e-24,1.5907555080277505e-22,,,2.2525702314749626e-24,1.5907555080277505e-22,,1.0020168470445707e-07,3.459063593417468,30252777176231.723,6.28044114089101e-06,0.0001922854092118067,6.28044114089101e-06,0.0001922854092118067,0.002125632012597922,0.00019856585035269773,False,False,1.0,1.424464404646732,1.4110189514845916e-08,0.2056211394329498,0.6959151271852672,1.0,1.367718166578848,2.4581408829763807e-07,0.18438164078089797,0.7265617123011764,0.19075253699501957,0.18352972229930556,0.0069408229805307505,0.006181860811424631,True,AP3.2,100.0,8.3,5.767844763153473e+19,$(U_{0.8}Pu_{0.2})N$,0.6940822980530751,0.3613306952098446,71.94655146851596,16.958226566250236,10.733891270023953,0.0,4.415590926380388e+17,1.834827655873824e-07,ok,
56,TRIAL_056,AP3.2,1350.0,1.1,5.767844763153473e+19,1.9722002640473183e-05,519754.0997222178,31702979539878.656,2.23296281266002,5.100291528069869,2365717640302.848,1.0,40,TRIAL_056_AP3p2,rizk2025_refit_plot,rizk2025_refit_full,31702979539878.656,3.257775153420569e+23,6.498990953035168e+25,1.5366243042789367e+25,8.464334440011082e+22,1.6033077498255682e+19,2.702578836462145,46.587082462219605,0.6998686476519488,0.6790504499456239,1.3789190975975727,0.7321784994656728,2.1110975970632455,1475388795581.4685,3.688471988953671e+17,252.1064784716086,0.21644898626730139,27774060.876823284,8805803.061701206,3.1540633695999976,821495517.8776767,821437646.9054748,52222504.799710676,47652694.32358933,1.0000704508399634,1.0958982601296305,0.36050998703222903,71.91874926485494,17.004500983665395,10.716239764447447,10.716239764447447,0.0,9.68380929751979e+24,9.68380929751979e+24,0.0,9.03657393860029e+25,9.03657393860029e+25,1.0171853817259568,1.5888644036846928e+16,0.001304127262710619,1.0434025128338e-06,2.637022967836673e-07,2.637022967836673e-07,0.007649754250858271,0.007649754250858271,1.2728665855961774e+20,1.3560753850885758e-05,6527982.800675924,1.0999999999999999,31702979539878.656,0.0,8.268442753675414e-26,4.235309472055512e-22,2.702578836462145e-09,4.658708246221961e-08,5.047283100667855e+25,1.8772708227078585e+26,8.06819300884831e+25,0.0069986864765194876,0.6790504499456239,0.7321784994656728,0.013789190975975727,0.021110975970632453,26254257.39038037,603083277.367126,1.9850455735014918e-20,2.521064784716086e-07,1.4670640506117999e-13,0.21993663963069865,0.0,6.865253628289335e-19,2.635683646760266e-22,5.885383569151821e-22,1.4331663655150738e-17,1.3842827431568335e+19,31702979539878.656,0.0021264005748842076,0.00019860991339990826,1.0471725393965066e-05,4.2080926844793196e-06,1.0471725393965066e-05,4.2080926844793196e-06,1.208852517784172e-29,1.0050195157042094e+19,6.517438363748682e+18,166.6079642641744,2.6555110572264593e-20,-89736.66736641925,1.9826428298083172e+21,0.0,0.0,0.0,0.0,0.0,0.3333333333333333,0.3333333333333333,2.0,5.697567307150379e-22,4.811032795419547e-21,0.0,6.859556060982184e-19,,0.0,0.0,0.0,0.0,0.0,5.697567307150379e-22,6.859556060982184e-19,0.007007800521156197,3.501479491841502e-18,1.433166365515074e-23,2.492367010208758e-22,,,1.433166365515074e-23,2.492367010208758e-22,,1.0020168470445707e-07,3.459063593417468,30209126950332.234,6.472878965463059e-06,0.0001921370344344452,6.472878965463059e-06,0.0001921370344344452,0.0021264005748842076,0.00019860991339990826,False,False,1.0,1.4258663792058446,1.4129798227236065e-08,0.20612903036418556,0.6951855808980877,1.0,1.3829486614449185,2.4601676188258285e-07,0.19021687439473076,0.7181159455663122,0.19128115238577928,0.1893654221815269,0.0069986864765194876,0.006790504499456239,True,AP3.2,100.0,8.3,5.767844763153473e+19,$(U_{0.8}Pu_{0.2})N$,0.6998686476519488,0.36050998703222903,71.91874926485494,17.004500983665395,10.716239764447447,0.0,3.688471988953671e+17,2.521064784716086e-07,ok,
56,TRIAL_056,AP3.2,1400.0,1.1,5.767844763153473e+19,1.9722002640473183e-05,519754.0997222178,31702979539878.656,2.23296281266002,5.100291528069869,2365717640302.848,1.0,40,TRIAL_056_AP3p2,rizk2025_refit_plot,rizk2025_refit_full,31702979539878.656,3.244589828818021e+23,6.495728250275304e+25,1.5412499011626904e+25,8.419021139869659e+22,1.5991498390320357e+19,2.7148859672298515,48.04399666078667,0.7056754153002619,0.7428397793655688,1.4485151946658306,1.5503635247516907,2.9988787194175215,1127379746904.1548,2.818449367260387e+17,354.1073547407582,0.3263030894639622,12733065.236096816,6269285.204836429,2.031023445268356,817752410.7093753,817713902.8292924,48691269.84409095,46207646.20550305,1.0000470921185878,1.053749191801337,0.35905088044026867,71.88264373656476,17.055688490293267,10.702616892701737,10.702616892701737,0.0,9.671498888741172e+24,9.671498888741172e+24,0.0,9.03657393860029e+25,9.036573938600291e+25,1.0188216934410432,1.5808185263875236e+16,0.0012977890436543062,1.0375727520663734e-06,2.2924219820890258e-07,2.2924219820890258e-07,0.008351973591866737,0.008351973591866737,1.2946192544605325e+20,1.5095995709972656e-05,6527982.800675924,1.0999999999999999,31702979539878.656,0.0,8.381917607480754e-26,4.645216859823524e-22,2.714885967229852e-09,4.804399666078667e-08,5.255538387979353e+25,2.094272349297175e+26,8.069424049726174e+25,0.0070567541530026185,0.7428397793655688,1.5503635247516907,0.014485151946658305,0.029988787194175213,34314964.11142608,1783042860.402035,5.500767701421184e-20,3.541073547407582e-07,2.894349400545894e-13,0.10964896654423334,0.0,6.886110813242972e-19,4.565292615698932e-22,1.0194128639767105e-21,7.989389038480301e-17,1.3842827431568335e+19,31702979539878.656,0.002130406141499099,0.00019912552030032586,1.0453761189029217e-05,4.18952024665919e-06,1.0453761189029217e-05,4.18952024665919e-06,1.0539004986661129e-29,1.0513074605333877e+19,5.660760134093857e+18,611.9728983200816,6.554430423608867e-20,-116140.5698221186,1.9807875902693064e+21,0.0,0.0,0.0,0.0,0.0,0.3333333333333333,0.3333333333333333,2.0,2.6554752260788454e-21,2.389663047018396e-21,0.0,6.859556060982184e-19,,0.0,0.0,0.0,0.0,0.0,2.6554752260788454e-21,6.859556060982184e-19,0.003470265163933658,3.512117264213345e-18,7.989389038480301e-23,3.7663537118509016e-22,,,7.989389038480301e-23,3.7663537118509016e-22,,1.0020168470445707e-07,3.459063593417468,30166401573757.375,6.677327172885243e-06,0.00019244819312744062,6.677327172885243e-06,0.00019244819312744062,0.002130406141499099,0.00019912552030032586,False,False,1.0,1.4272512189270623,1.415510389959185e-08,0.20662994800526072,0.6944662074492854,1.0,1.3982274843478655,2.462298079742511e-07,0.19596957329820472,0.7098086550165951,0.19180871205458885,0.1951184710172647,0.0070567541530026185,0.007428397793655688,True,AP3.2,100.0,8.3,5.767844763153473e+19,$(U_{0.8}Pu_{0.2})N$,0.7056754153002619,0.35905088044026867,71.88264373656476,17.055688490293267,10.702616892701737,0.0,2.818449367260387e+17,3.541073547407582e-07,ok,
56,TRIAL_056,AP3.2,1450.0,1.1,5.767844763153473e+19,1.9722002640473183e-05,519754.0997222178,31702979539878.656,2.23296281266002,5.100291528069869,2365717640302.848,1.0,40,TRIAL_056_AP3p2,rizk2025_refit_plot,rizk2025_refit_full,31702979539878.656,3.209019961767711e+23,6.488244708930025e+25,1.5489537640187865e+25,8.333506320674393e+22,1.5947768369913663e+19,2.7313680721855604,49.49383416061067,0.7113069694097637,0.8099194431889332,1.521226412598697,2.975801445026139,4.497027857624836,805154948050.8396,2.012887370127099e+17,492.3289083286376,0.4504755287334094,6692217.289919519,4509180.676666896,1.4841315462360856,812802377.6730703,812779508.776941,45718773.95180244,44854071.979874454,1.0000281366543846,1.0192781153139445,0.35511466885255943,71.79982981398607,17.140940521742802,10.70411499541858,10.70411499541858,0.0,9.67285266033801e+24,9.67285266033801e+24,0.0,9.03657393860029e+25,9.03657393860029e+25,1.0205465868809493,1.5653815951804984e+16,0.0012860735816763685,1.0295882348690937e-06,1.5420991790019942e-07,1.5420991790019942e-07,0.009084598491521186,0.009084598491521186,1.2188204400916444e+20,1.724147862227965e-05,6527982.800675924,1.0999999999999999,31702979539878.656,0.0,8.535506448769344e-26,5.078575411948486e-22,2.7313680721855606e-09,4.949383416061067e-08,5.470076755207843e+25,2.321640886107694e+26,8.069288672566489e+25,0.007113069694097637,0.8099194431889332,2.975801445026139,0.015212264125986969,0.04497027857624836,48054614.50000176,4920579222.452411,1.4783745425548769e-19,4.923289083286376e-07,5.594892384676312e-13,0.048469240059371754,0.0,6.970855980789518e-19,9.468385261965149e-22,2.1142552185906377e-21,3.956100289530877e-16,1.3842827431568335e+19,31702979539878.656,0.002146747290140662,0.0002014886357920507,1.0429833549406298e-05,4.172089796854955e-06,1.0429833549406298e-05,4.172089796854955e-06,7.107530153238013e-30,1.0993219544118649e+19,3.779781934370738e+18,2233.6452889973684,1.681827650128088e-19,-136305.81592503592,1.982561699044327e+21,0.0,0.0,0.0,0.0,0.0,0.3333333333333333,0.3333333333333333,2.0,1.1129991980733449e-20,1.0648433877683903e-21,0.0,6.859556060982184e-19,,0.0,0.0,0.0,0.0,0.0,1.1129991980733449e-20,6.859556060982184e-19,0.0015275647505886161,3.555339770221596e-18,3.9561002895308766e-22,5.512284972434272e-22,,,3.9561002895308766e-22,5.512284972434272e-22,,1.0020168470445707e-07,3.459063593417468,30124355339951.383,6.943581510499711e-06,0.00019454505428155098,6.943581510499711e-06,0.00019454505428155098,0.002146747290140662,0.0002014886357920507,False,False,1.0,1.4285203632503332,1.4203358694328044e-08,0.20708835022280705,0.6938080271678688,1.0,1.4136424463546053,2.4645468477676e-07,0.20167419354408173,0.7015900045200479,0.1923175958712339,0.20082322710224046,0.007113069694097637,0.008099194431889332,True,AP3.2,100.0,8.3,5.767844763153473e+19,$(U_{0.8}Pu_{0.2})N$,0.7113069694097637,0.35511466885255943,71.79982981398607,17.140940521742802,10.70411499541858,0.0,2.012887370127099e+17,4.923289083286376e-07,ok,
56,TRIAL_056,AP3.2,1500.0,1.1,5.767844763153473e+19,1.9722002640473183e-05,519754.0997222178,31702979539878.656,2.23296281266002,5.100291528069869,2365717640302.848,1.0,40,TRIAL_056_AP3p2,rizk2025_refit_plot,rizk2025_refit_full,31702979539878.656,3.098463485275126e+23,6.465633662950124e+25,1.5676852262490955e+25,8.11223249843363e+22,1.5906558888756371e+19,2.7622655748653187,50.79260772637128,0.7161851165316637,0.8731048045061516,1.5892899210378155,4.161488284960468,5.750778205998283,562971508345.2969,1.4074287708632421e+17,620.2992593816804,0.5,4053229.923126999,3578917.7020990085,1.132529513251956,803700675.1120137,803688110.296289,43882242.523036845,43707147.54319233,1.000015633945014,1.0040060948766214,0.34288033344582575,71.54961279442163,17.34822552109744,10.759281351035112,8.865559274823795,1.8937220762113167,9.7227041454832e+24,8.011428189398879e+24,1.7112759560843217e+24,9.03657393860029e+25,8.865446342991859e+25,1.02217519780148,1.5248514851782432e+16,0.0012562660474663156,1.014656746082464e-06,7.991680209297767e-08,7.991680209297767e-08,0.009767854539153202,0.009767854539153202,1.0211262268975527e+20,2.0152208832443274e-05,6527982.800675924,1.0999999999999999,31702979539878.656,0.0,8.828458955903323e-26,5.488960941283849e-22,2.762265574865319e-09,5.0792607726371285e-08,5.702839937786141e+25,2.532470957580923e+26,8.064303524051971e+25,0.0071618511653166374,0.8731048045061516,4.161488284960468,0.015892899210378154,0.05750778205998283,56922441.51357723,9955353839.899618,2.9568020571357455e-19,6.202992593816803e-07,8.8814441332851e-13,0.03407359027997264,1.0,7.283547683483441e-19,2.5448943822908676e-21,5.6826545178029e-21,1.7607759639859707e-15,1.3842827431568335e+19,31702979539878.656,0.0022064206745509136,0.0002104458645588964,1.0385378037074475e-05,4.15729553037135e-06,1.0385378037074475e-05,4.15729553037135e-06,3.689107268550879e-30,1.1518050944235125e+19,1.913779665210226e+18,2971.8832596896445,1.7591237432397665e-19,-111532.3810912931,1.996771666753382e+21,1.8773103142805984e+21,0.0,0.0,0.0,0.0,0.3333333333333333,0.3333333333333333,2.0,4.239916225012569e-20,4.369022003359254e-22,0.0,6.859556060982184e-19,,0.0,0.0,0.0,0.0,0.0,4.239916225012569e-20,6.859556060982184e-19,0.0005998480676204922,3.714821654436351e-18,1.7607759639859707e-21,7.84118418304897e-22,,,1.7607759639859707e-21,7.84118418304897e-22,,1.0020168470445707e-07,3.459063593417468,30087112339482.61,7.425408965719909e-06,0.00020302045559317648,7.425408965719909e-06,0.00020302045559317648,0.0022064206745509136,0.0002104458645588964,False,False,1.0,1.4293699507571853,1.4331344760232273e-08,0.20739485729564142,0.6933680128584749,1.0,1.4276282162737368,2.4666735481598724e-07,0.20676618215866577,0.6942705869398629,0.19275623304674144,0.20591538332861303,0.0071618511653166374,0.008731048045061515,True,AP3.2,100.0,8.3,5.767844763153473e+19,$(U_{0.8}Pu_{0.2})N$,0.7161851165316637,0.34288033344582575,71.54961279442163,17.34822552109744,8.865559274823795,1.8937220762113167,1.4074287708632421e+17,6.202992593816804e-07,ok,
56,TRIAL_056,AP3.2,1550.0,1.1,5.767844763153473e+19,1.9722002640473183e-05,519754.0997222178,31702979539878.656,2.23296281266002,5.100291528069869,2365717640302.848,1.0,40,TRIAL_056_AP3p2,rizk2025_refit_plot,rizk2025_refit_full,31702979539878.656,2.7901223449453155e+23,6.394385243590536e+25,1.6228485887357943e+25,7.517281229706271e+22,1.5851803059251943e+19,2.8361343200444113,52.435406450919174,0.7183395746416289,0.957284867345903,1.675624441987532,4.520789748826295,6.196414190813827,477040388239.29065,1.1926009705982267e+17,673.8556835908245,0.5,3466507.10931948,3294473.956456259,1.0522187017220408,782763453.1027741,782755592.4661696,42386482.20979915,42337804.74416603,1.000010042261825,1.001149739952916,0.30875886856047663,70.7611677504958,17.95867106009829,10.971402320845458,7.993715675979192,2.977686644866265,9.914388828245079e+24,7.223580275013416e+24,2.6908085532316627e+24,9.03657393860029e+25,8.767493083277126e+25,1.0243505740636718,1.4160358756376956e+16,0.0011770094586148847,9.767924770814903e-07,6.676640690018726e-08,6.676640690018726e-08,0.010698219820216482,0.010698219820216482,8.819434293485745e+19,2.3379499044120753e-05,6527982.800675924,1.0999999999999999,31702979539878.656,0.0,9.555842766703263e-26,6.038965181233319e-22,2.8361343200444113e-09,5.243540645091918e-08,5.98388333483227e+25,2.8045648585973398e+26,8.045135055775783e+25,0.0071833957464162886,0.957284867345903,4.520789748826295,0.01675624441987532,0.061964141908138266,60569968.104167804,12799119978.26682,3.790697693763068e-19,6.738556835908244e-07,1.048129282817019e-12,0.03407359027997264,1.0,8.341202920002465e-19,8.20455958647652e-21,1.8320476450855337e-20,7.11715258415843e-15,1.3842827431568335e+19,31702979539878.656,0.0023996900073770893,0.00024088923088926551,1.0281170652448665e-05,4.139603846191863e-06,1.0281170652448665e-05,4.139603846191863e-06,3.0839401035608345e-30,1.2188949992078842e+19,1.5815244292516324e+18,4209.681910442814,2.289898039947605e-19,-104248.22810596033,2.047609095754336e+21,1.867143081426923e+21,0.0,0.0,0.0,0.0,0.3333333333333333,0.3333333333333333,2.0,1.4816468590202815e-19,1.6851976248218294e-22,0.0,6.859556060982184e-19,,0.0,0.0,0.0,0.0,0.0,1.4816468590202815e-19,6.859556060982184e-19,0.00020203292510492376,4.254256658680022e-18,7.11715258415843e-21,1.0874070023180895e-21,,,7.11715258415843e-21,1.0874070023180895e-21,,1.0020168470445707e-07,3.459063593417468,30040591179381.805,8.747357822482784e-06,0.00023214187306678274,8.747357822482784e-06,0.00023214187306678274,0.0023996900073770893,0.00024088923088926551,False,False,1.0,1.4288864289474934,1.4699877197774872e-08,0.207220451253705,0.6936183788883677,1.0,1.4455575952587034,2.4695104782990325e-07,0.21318109934036314,0.6850724844150168,0.19294932534851553,0.21233115943694145,0.0071833957464162886,0.00957284867345903,True,AP3.2,100.0,8.3,5.767844763153473e+19,$(U_{0.8}Pu_{0.2})N$,0.7183395746416289,0.30875886856047663,70.7611677504958,17.95867106009829,7.993715675979192,2.977686644866265,1.1926009705982267e+17,6.738556835908245e-07,ok,
56,TRIAL_056,AP3.2,1600.0,1.1,5.767844763153473e+19,1.9722002640473183e-05,519754.0997222178,31702979539878.656,2.23296281266002,5.100291528069869,2365717640302.848,1.0,40,TRIAL_056_AP3p2,rizk2025_refit_plot,rizk2025_refit_full,31702979539878.656,2.1600234536299447e+23,6.207618191333404e+25,1.7656065830682982e+25,6.244421358867045e+22,1.574396123731811e+19,3.0103996066683565,55.43772071466848,0.7135973943170673,1.1236180828019333,1.8372154771190004,4.889120685765853,6.726336162884854,407870460534.4847,1.0196761513362117e+17,728.7580146190469,0.5,3118713.4064594447,3046278.6761398287,1.0237781037194547,737449753.2921821,737443625.4517385,40062931.55638347,40044936.39675561,1.000008309571379,1.0004493741593086,0.23903123775740603,68.69437724420285,19.538451132750648,11.528140385289085,7.547767669571081,3.9803727157180053,1.0417489296622885e+25,6.820596061745587e+24,3.596893234877299e+24,9.03657393860029e+25,8.67688461511256e+25,1.0286685087679697,1.1851520788519696e+16,0.0010069583777696611,8.91705832567931e-07,7.449633164821971e-08,7.449633164821971e-08,0.012587492049059795,0.012587492049059795,8.34675003763224e+19,2.6786917630466835e-05,6527982.800675924,1.0999999999999999,31702979539878.656,0.0,1.1427758527277514e-25,7.136819418346935e-22,3.0103996066683568e-09,5.5437720714668485e-08,6.364960419731069e+25,3.332378771615913e+26,7.994825008938001e+25,0.007135973943170672,1.1236180828019333,4.889120685765853,0.018372154771190002,0.06726336162884854,66889826.2728582,16217643360.236506,4.794777909985455e-19,7.287580146190469e-07,1.2258794111855667e-12,0.03407359027997264,1.0,1.1647735522501893e-18,2.783708154963653e-20,6.215916791332272e-20,2.6363059898109156e-14,1.3842827431568335e+19,31702979539878.656,0.0029427828165843046,0.0003360906944736176,1.0046451202237631e-05,4.109907341604588e-06,1.0046451202237631e-05,4.109907341604588e-06,3.439945234076188e-30,1.3237696178032701e+19,1.7618632311690734e+18,6335.031049106013,3.180999705139819e-19,-105869.64232989858,2.1825332431389102e+21,2.0940309030339997e+21,0.0,0.0,0.0,0.0,0.3333333333333333,0.3333333333333333,2.0,4.788179461519709e-19,6.213051142733445e-23,0.0,6.859556060982184e-19,,0.0,0.0,0.0,0.0,0.0,4.788179461519709e-19,6.859556060982184e-19,5.3341279347652143e-05,5.940684680661488e-18,2.6363059898109155e-20,1.4740216515273757e-21,,,2.6363059898109155e-20,1.4740216515273757e-21,,1.0020168470445707e-07,3.459063593417468,29957363925955.13,1.2823660294362685e-05,0.00032326703417925493,1.2823660294362685e-05,0.00032326703417925493,0.0029427828165843046,0.0003360906944736176,False,False,1.0,1.4253387326495945,1.5637613983782863e-08,0.20593797241643844,0.6954600022602722,1.0,1.4790139489887753,2.475136121147009e-07,0.22482646163186817,0.6684424521437579,0.19252379707533357,0.22397845262028823,0.007135973943170672,0.011236180828019332,True,AP3.2,100.0,8.3,5.767844763153473e+19,$(U_{0.8}Pu_{0.2})N$,0.7135973943170673,0.23903123775740603,68.69437724420285,19.538451132750648,7.547767669571081,3.9803727157180053,1.0196761513362117e+17,7.287580146190469e-07,ok,
56,TRIAL_056,AP3.2,1650.0,1.1,5.767844763153473e+19,1.9722002640473183e-05,519754.0997222178,31702979539878.656,2.23296281266002,5.100291528069869,2365717640302.848,1.0,40,TRIAL_056_AP3p2,rizk2025_refit_plot,rizk2025_refit_full,31702979539878.656,1.3613529168993586e+23,5.8351924564107435e+25,2.051524281348435e+25,4.43535064206543e+22,1.5532868614575548e+19,3.346649101749072,60.636419463026705,0.6963813066582066,1.4505774568130196,2.1469587634712264,5.426280929021931,7.573239692493157,331115278184.00336,8.277881954600083e+16,808.8255477333911,0.5,2781059.8340759273,2744720.4236082896,1.0132397493584664,663355721.2239867,663350095.1264216,36620634.538056895,36611660.445314616,1.0000084813398031,1.0002451156990184,0.1506492312406425,64.57306160563081,22.702456653236915,12.573832509891625,7.255347577235403,5.318484932656224,1.1362436716721174e+25,6.556348483193219e+24,4.806088233527955e+24,9.03657393860029e+25,8.555965115247494e+25,1.0372328983577057,8597664087330158.0,0.0007606955495307413,7.571406605434792e-07,1.0408823821815796e-07,1.0408823821815796e-07,0.01636934386615363,0.01636934386615363,8.200654120282028e+19,3.101570136582023e-05,6527982.800675924,1.0999999999999999,31702979539878.656,0.0,1.5700704698601226e-25,9.338760874162317e-22,3.346649101749072e-09,6.063641946302671e-08,6.859237047041324e+25,4.368354780099363e+26,7.900330266928172e+25,0.006963813066582066,1.4505774568130196,5.426280929021931,0.021469587634712264,0.07573239692493157,79203213.08217986,22207495046.278236,6.555156208776938e-19,8.088255477333911e-07,1.5100481099580856e-12,0.03407359027997264,1.0,2.1271476252081635e-18,9.216017886357202e-20,2.0579025221045228e-19,9.020265555838444e-14,1.3842827431568335e+19,31702979539878.656,0.004215775655754241,0.0006129029255222151,9.633897854626446e-06,4.065267888380551e-06,9.633897854626446e-06,4.065267888380551e-06,4.799495162822988e-30,1.4940183260983867e+19,2.4418669733626097e+18,10464.851987640432,4.728220763744715e-19,-103716.30950466185,2.4483934724995364e+21,2.4290778173244996e+21,0.0,0.0,0.0,0.0,0.3333333333333333,0.3333333333333333,2.0,1.441192019109945e-18,2.2189009104417195e-23,0.0,6.859556060982184e-19,,0.0,0.0,0.0,0.0,0.0,1.441192019109945e-18,6.859556060982184e-19,1.043134422898635e-05,1.0849073011803137e-17,9.020265555838444e-20,1.957523305187582e-21,,,9.020265555838444e-20,1.957523305187582e-21,,1.0020168470445707e-07,3.459063593417468,29819267855189.574,2.5263493923306472e-05,0.0005876394315989087,2.5263493923306472e-05,0.0005876394315989087,0.004215775655754241,0.0006129029255222151,False,False,1.0,1.4170697511149732,1.7526414113122958e-08,0.20292929362700768,0.6997844039732394,1.0,1.539024334887167,2.4862980404331594e-07,0.2447264455154009,0.6402387915555369,0.19096291474627872,0.24388231451924636,0.006963813066582066,0.014505774568130196,True,AP3.2,100.0,8.3,5.767844763153473e+19,$(U_{0.8}Pu_{0.2})N$,0.6963813066582066,0.1506492312406425,64.57306160563081,22.702456653236915,7.255347577235403,5.318484932656224,8.277881954600083e+16,8.088255477333911e-07,ok,
56,TRIAL_056,AP3.2,1700.0,1.1,5.767844763153473e+19,1.9722002640473183e-05,519754.0997222178,31702979539878.656,2.23296281266002,5.100291528069869,2365717640302.848,1.0,40,TRIAL_056_AP3p2,rizk2025_refit_plot,rizk2025_refit_full,31702979539878.656,7.331635649320426e+22,5.267810338481392e+25,2.495025835354092e+25,2.7541111183980775e+22,1.5175373031558562e+19,3.8583787325529575,68.10880505125725,0.6626506572055301,2.0083424459083794,2.6709931031139096,6.188105007142204,8.859098110256113,254605874197.718,6.3651468549429496e+16,922.3808142818887,0.5,2428642.076172589,2406815.022197054,1.0090688539726707,575377187.898328,575371199.636253,32601439.97140824,32594904.554987792,1.0000104076500158,1.0002005042355446,0.08113291275140114,58.294331173229395,27.610307316763418,14.014228597255789,7.023961664911005,6.990266932344783,1.2664061291154854e+25,6.347254892686228e+24,6.316806398468626e+24,9.03657393860029e+25,8.404893298753429e+25,1.0520815490457183,5570625705683277.0,0.0005231041131678911,6.082279992661522e-07,1.9458037733230082e-07,1.9458037733230082e-07,0.022965667256199796,0.022965667256199796,8.158337195697686e+19,3.645262800814499e-05,6527982.800675924,1.0999999999999999,31702979539878.656,0.0,2.4060418360714485e-25,1.3234221272398705e-21,3.858378732552958e-09,6.810880505125726e-08,7.35545553693935e+25,6.148516569730812e+26,7.770167809484806e+25,0.006626506572055301,2.0083424459083794,6.188105007142204,0.026709931031139094,0.08859098110256114,99718907.31408927,32987247558.128624,9.721857402766347e-19,9.223808142818887e-07,1.9638195763374947e-12,0.03407359027997264,1.0,4.751541991998671e-18,2.8964180859428994e-19,6.467593875826407e-19,2.8708990269161864e-13,1.3842827431568335e+19,31702979539878.656,0.006688700537587135,0.0013664764836949488,9.093051079729292e-06,4.0127777354202666e-06,9.093051079729292e-06,4.0127777354202666e-06,8.952629091586898e-30,1.7409568324071836e+19,4.4604747492489175e+18,19195.684639989337,7.596135089644636e-19,-98527.6794941204,2.8437672874723236e+21,2.9052756101355547e+21,0.0,0.0,0.0,0.0,0.3333333333333333,0.3333333333333333,2.0,4.065586385900453e-18,7.758935285868006e-24,0.0,6.859556060982184e-19,,0.0,0.0,0.0,0.0,0.0,4.065586385900453e-18,6.859556060982184e-19,1.6329299623014206e-06,2.4234249367059052e-17,2.8708990269161863e-19,2.5519059026713273e-21,,,2.8708990269161863e-19,2.5519059026713273e-21,,1.0020168470445707e-07,3.459063593417468,29635831118759.758,6.190462610235873e-05,0.00130457185759259,6.190462610235873e-05,0.00130457185759259,0.006688700537587135,0.0013664764836949488,False,False,1.0,1.4037758077373248,2.0543626262517406e-08,0.19803417214711871,0.7068319476534428,1.0,1.6297581958329577,2.5056701956660854e-07,0.2726560211473799,0.6011507706113539,0.1878285233996798,0.27181865281420065,0.006626506572055301,0.020083424459083794,True,AP3.2,100.0,8.3,5.767844763153473e+19,$(U_{0.8}Pu_{0.2})N$,0.6626506572055301,0.08113291275140114,58.294331173229395,27.610307316763418,7.023961664911005,6.990266932344783,6.3651468549429496e+16,9.223808142818887e-07,ok,
56,TRIAL_056,AP3.2,1750.0,1.1,5.767844763153473e+19,1.9722002640473183e-05,519754.0997222178,31702979539878.656,2.23296281266002,5.100291528069869,2365717640302.848,1.0,40,TRIAL_056_AP3p2,rizk2025_refit_plot,rizk2025_refit_full,31702979539878.656,3.691916541446952e+22,4.552321250358073e+25,3.070981374228811e+25,1.5821712040665366e+22,1.4642943462180762e+19,4.5168563963564425,77.44315427976474,0.6107323646751511,2.848827123602772,3.459559488277923,7.171151491152894,10.630710979430818,189585873806.22247,4.7396468451555624e+16,1068.9108449378293,0.5,2091678.2950160094,2076880.4157180397,1.0071250511998562,491499575.412878,491492269.2230774,28672717.86920285,28666187.743079416,1.00001486531988,1.0002277989030826,0.04085526845164958,50.37662814789296,33.983912432906926,15.598604150748452,6.81984604148433,8.778758109264121,1.4095793974719575e+25,6.162804300374365e+24,7.932989674345211e+24,9.03657393860029e+25,8.243274971165767e+25,1.0750404621428913,3417423513406870.0,0.0003476843086812714,4.768204132271287e-07,4.617155027438773e-07,4.617155027438773e-07,0.03323106329263095,0.03323106329263095,8.113385283916703e+19,4.311107469403344e-05,6527982.800675924,1.0999999999999999,31702979539878.656,0.0,3.8600902551217674e-25,1.945529005804478e-21,4.516856396356443e-09,7.744315427976474e-08,7.660038736885701e+25,8.857874685334243e+26,7.62699454112833e+25,0.006107323646751511,2.848827123602772,7.171151491152894,0.03459559488277923,0.10630710979430817,130026656.02972983,51411315278.92822,1.5130138859359523e-18,1.0689108449378294e-06,2.637327296394745e-12,0.03407359027997264,1.0,1.1495000451183415e-17,8.585058024105227e-19,1.917011531235548e-18,8.552344067970446e-13,1.3842827431568335e+19,31702979539878.656,0.010800141134643077,0.0032989015079328853,8.51962379595324e-06,3.96116091125036e-06,8.51962379595324e-06,3.96116091125036e-06,2.1203676157561932e-29,2.0573701300642783e+19,1.02021765399933e+19,37096.051446731944,1.2654174489563474e-18,-91016.95550943694,3.3251380024827456e+21,3.499502199319751e+21,0.0,0.0,0.0,0.0,0.3333333333333333,0.3333333333333333,2.0,1.0809044845085196e-17,2.6793973973199525e-24,0.0,6.859556060982184e-19,,0.0,0.0,0.0,0.0,0.0,1.0809044845085196e-17,6.859556060982184e-19,2.3309241341039768e-07,5.86278534163301e-17,8.552344067970446e-19,3.2713956134781503e-21,,,8.552344067970446e-19,3.2713956134781503e-21,,1.0020168470445707e-07,3.459063593417468,29434995513260.254,0.0001642498290192487,0.0031346516789136367,0.0001642498290192487,0.0031346516789136367,0.010800141134643077,0.0032989015079328853,False,False,1.0,1.3857225871849115,2.4712824592249084e-08,0.19126872228835742,0.7165955776525116,1.0,1.7500563606403299,2.535678022218009e-07,0.30624068791219455,0.5549991083088772,0.18278910725855513,0.30541382949732887,0.006107323646751511,0.02848827123602772,True,AP3.2,100.0,8.3,5.767844763153473e+19,$(U_{0.8}Pu_{0.2})N$,0.6107323646751511,0.04085526845164958,50.37662814789296,33.983912432906926,6.81984604148433,8.778758109264121,4.7396468451555624e+16,1.0689108449378294e-06,ok,
56,TRIAL_056,AP3.2,1800.0,1.1,5.767844763153473e+19,1.9722002640473183e-05,519754.0997222178,31702979539878.656,2.23296281266002,5.100291528069869,2365717640302.848,1.0,40,TRIAL_056_AP3p2,rizk2025_refit_plot,rizk2025_refit_full,31702979539878.656,1.8382021129909003e+22,3.744982335311815e+25,3.744329143165106e+25,8.730816272156056e+21,1.3913326299173886e+19,5.285094020450133,88.3623102191984,0.5398854354171657,4.0208767906668035,4.560762226083969,8.307673093476277,12.868435319560245,141261876588.82895,3.531546914720723e+16,1238.3174273713962,0.49999999999999994,1803346.9397502663,1792755.1942093258,1.0059080824728062,420059110.28036284,420049291.72687113,25131706.27965064,25123833.843783576,1.0000233747650218,1.0003133453244442,0.02034180349190643,41.442502000840044,41.43527368454288,17.101882511125183,6.630230129490742,10.471652381634438,1.5454242580103789e+25,5.991456479507846e+24,9.462786100595943e+24,9.03657393860029e+25,8.090295328540697e+25,1.1082772340848,2056584916547128.0,0.00023319915681373153,3.7159013653707646e-07,1.2352625004460274e-06,1.2352625004460274e-06,0.04820215415279237,0.04820215415279237,7.953869688306585e+19,5.112462940728809e-05,6527982.800675924,1.0999999999999999,31702979539878.656,0.0,6.183676515321312e-25,2.889946447173848e-21,5.285094020450133e-09,8.836231021919841e-08,7.58394251862829e+25,1.267382511700216e+27,7.4911496805899125e+25,0.005398854354171657,4.0208767906668035,8.307673093476277,0.04560762226083969,0.12868435319560245,169655299.05700412,80028340113.7131,2.3524175932215396e-18,1.2383174273713963e-06,3.5395253983164214e-12,0.0340735902799727,1.0,2.790413000779694e-17,2.4019434300062056e-18,5.3634503573169126e-18,2.3978131732901632e-12,1.3842827431568335e+19,31702979539878.656,0.0168181845515537,0.007992159627205953,7.981351584209368e-06,3.914384258719017e-06,7.981351584209368e-06,3.914384258719017e-06,5.671874652931785e-29,2.4216723001413005e+19,2.6008967609422205e+19,70928.0144727504,2.0867366499801024e-18,-83339.43107372723,3.842675050076598e+21,4.180897622596172e+21,0.0,0.0,0.0,0.0,0.3333333333333333,0.3333333333333333,2.0,2.721817440169872e-17,9.201272251725335e-25,0.0,6.859556060982184e-19,,0.0,0.0,0.0,0.0,0.0,2.721817440169872e-17,6.859556060982184e-19,3.297458924236063e-08,1.4231919787692692e-16,2.397813173290163e-18,4.130256716042414e-21,,,2.397813173290163e-18,4.130256716042414e-21,,1.0020168470445707e-07,3.459063593417468,29244164610272.297,0.0004321207453012639,0.007560038881904688,0.0004321207453012639,0.007560038881904688,0.0168181845515537,0.007992159627205953,False,False,1.0,1.3625507034976367,3.0129506757701233e-08,0.18237840634857094,0.7294655150933135,1.0,1.899458116519666,2.579246645592426e-07,0.3434006586976972,0.5051466037196438,0.17542865641998648,0.3425891373846547,0.005398854354171657,0.04020876790666803,True,AP3.2,100.0,8.3,5.767844763153473e+19,$(U_{0.8}Pu_{0.2})N$,0.5398854354171657,0.02034180349190643,41.442502000840044,41.43527368454288,6.630230129490742,10.471652381634438,3.531546914720723e+16,1.2383174273713963e-06,ok,
56,TRIAL_056,AP3.4,900.0,1.3,7.498198192099515e+19,1.9722002640473183e-05,519754.0997222178,31702979539878.656,2.23296281266002,5.100291528069869,2365717640302.848,1.0,40,TRIAL_056_AP3p4,rizk2025_refit_plot,rizk2025_refit_full,31702979539878.656,3.327997618235846e+23,7.999710434169505e+25,1.4629945301268066e+25,1.061648945403993e+23,1.6353980042038512e+19,2.6153281464136238,30.178553085727895,0.7955145095273654,0.18828135435449703,0.9837958638818624,0.10061008963280994,1.0844059535146724,2062565199687.2134,5.156412999218034e+17,116.34787594291076,0.06444743947401572,3788474459862.509,19080709.312555935,198549.9803914275,860341740.913306,848841856.8217783,284371060.7859336,73562174.88935502,1.0135477344797597,3.8657239432311044,0.3116223032970972,74.90654973867409,13.698979911855858,11.08284804617299,11.08284804617299,0.0,1.1836024415033287e+25,1.1836024415033287e+25,0.0,1.0679587381981997e+26,1.0679587381981999e+26,1.0047227857529004,2.1536746586682164e+16,0.0013289019709358727,1.1178522992108341e-06,1.1584255056968324e-07,1.1584255056968324e-07,0.002172629837326924,0.002172629837326924,3.4604773780330586e+19,6.896361043933036e-06,5934529.818796294,1.2999999999999998,31702979539878.656,0.0,7.493197379145377e-26,1.1512876612941487e-22,2.6153281464136238e-09,3.0178553085727895e-08,3.954840243876372e+25,2.188179656087981e+25,9.49598494047867e+25,0.007955145095273654,0.18828135435449703,0.10061008963280994,0.009837958638818624,0.010844059535146723,22953988.396251835,2577.029948340319,1.9511643006110526e-21,1.1634787594291076e-07,3.1246255625659315e-14,0.6843617109908298,0.0,8.917422879279335e-19,5.811156342883063e-25,1.297609601221128e-24,5.119872410101689e-28,1.7995675661038836e+19,31702979539878.656,0.003360140058428906,0.00025932664561967436,1.378198191948887e-05,5.895488935729954e-06,1.378198191948887e-05,5.895488935729954e-06,3.44182055223639e-30,7.943466945077292e+18,1.77184613669747e+18,0.0005731655787009158,4.241286935166281e-21,-33234.2542213005,3.8386236269512024e+21,0.0,0.0,0.0,0.0,0.0,0.3333333333333333,0.3333333333333333,2.0,2.4966082885114063e-31,1.092543251978497e-24,0.0,8.91742287927684e-19,,0.0,0.0,0.0,0.0,0.0,2.4966082885114063e-31,8.91742287927684e-19,1.2251782457431146e-06,4.548145636340481e-18,5.119872410101689e-34,5.811156337763191e-25,,,5.119872410101689e-34,5.811156337763191e-25,,1.0020168470445707e-07,3.459063593417468,30715917549149.426,5.568975666486038e-06,0.0002537576699531883,5.568975666486038e-06,0.0002537576699531883,0.003360140058428906,0.00025932664561967436,False,False,1.0,1.4524952594457656,1.310256602444966e-08,0.21563014600426056,0.6815677894268758,1.0,1.2254577045646233,2.4439702730575254e-07,0.12433876278004538,0.8144530024195303,0.19962550834495033,0.12348165393846824,0.007955145095273654,0.0018828135435449702,True,AP3.4,130.0,8.3,7.498198192099515e+19,$(U_{0.8}Pu_{0.2})N$,0.7955145095273654,0.3116223032970972,74.90654973867409,13.698979911855858,11.08284804617299,0.0,5.156412999218034e+17,1.1634787594291076e-07,ok,
56,TRIAL_056,AP3.4,950.0,1.3,7.498198192099515e+19,1.9722002640473183e-05,519754.0997222178,31702979539878.656,2.23296281266002,5.100291528069869,2365717640302.848,1.0,40,TRIAL_056_AP3p4,rizk2025_refit_plot,rizk2025_refit_full,31702979539878.656,3.320632093048869e+23,7.989579991137603e+25,1.4758654761025809e+25,1.056484054859907e+23,1.6330312151998306e+19,2.627167643599654,32.01161077471022,0.8024443362416925,0.22439112646243162,1.0268354627041243,0.1004054181921853,1.1272408808963095,2062924691341.874,5.157311728354685e+17,116.26217257229332,0.0643637450114379,598212461124.0868,19094774.77396679,31328.594770317515,849692872.8197888,845016497.2944906,195645793.3358721,69349837.33320418,1.0055340641753985,2.821142786476276,0.31093262073507205,74.81169173836412,13.819499043498428,11.057876597402368,11.057876597402368,0.0,1.1809355938113235e+25,1.1809355938113235e+25,0.0,1.0679587381981997e+26,1.0679587381981997e+26,1.0056321586308619,2.144153448878597e+16,0.001324107525822913,1.106500737113198e-06,1.6577325101193313e-07,1.6577325101193313e-07,0.0025834280489030023,0.0025834280489030023,4.693881237236375e+19,7.560248003417661e-06,5934529.818796294,1.2999999999999998,31702979539878.656,0.0,7.595423069097802e-26,1.374077386726336e-22,2.6271676435996542e-09,3.201161077471022e-08,4.221518932407556e+25,3.386749121568751e+25,9.498651788170673e+25,0.008024443362416925,0.22439112646243162,0.1004054181921853,0.010268354627041242,0.011272408808963096,22898278.32819546,17185.18224164703,1.946855716325242e-21,1.1626217257229333e-07,3.1200239776843774e-14,0.6849304571221625,0.0,8.917422879351825e-19,1.625942817432566e-24,3.6306698468385796e-24,2.2845010932250072e-26,1.7995675661038836e+19,31702979539878.656,0.0033578040642470034,0.00025917124143373947,1.3758756481286083e-05,5.827410599865579e-06,1.3758756481286083e-05,5.827410599865579e-06,4.9672392539670825e-30,8.49208407517414e+18,2.6119856959934495e+18,0.0038225212128271853,4.235952219957525e-21,-33207.43520664767,3.8311081857852994e+21,0.0,0.0,0.0,0.0,0.0,0.3333333333333333,0.3333333333333333,2.0,7.498646671560408e-30,4.074114265943587e-23,0.0,8.91742287927684e-19,,0.0,0.0,0.0,0.0,0.0,7.498646671560408e-30,8.91742287927684e-19,4.568712643848196e-05,4.5481456363774535e-18,2.284501093225007e-32,1.6259427945875551e-24,,,2.284501093225007e-32,1.6259427945875551e-24,,1.0020168470445707e-07,3.459063593417468,30657481953582.56,5.896333569178509e-06,0.000253274907864561,5.896333569178509e-06,0.000253274907864561,0.0033578040642470034,0.00025917124143373947,False,False,1.0,1.4540656855620928,1.3123884264129794e-08,0.2161819934490849,0.6807786051903308,1.0,1.24173533234993,2.445150262437472e-07,0.13177485103234998,0.8034818329893773,0.20020348758061499,0.13091876292313218,0.008024443362416925,0.0022439112646243163,True,AP3.4,130.0,8.3,7.498198192099515e+19,$(U_{0.8}Pu_{0.2})N$,0.8024443362416925,0.31093262073507205,74.81169173836412,13.819499043498428,11.057876597402368,0.0,5.157311728354685e+17,1.1626217257229333e-07,ok,
56,TRIAL_056,AP3.4,1000.0,1.3,7.498198192099515e+19,1.9722002640473183e-05,519754.0997222178,31702979539878.656,2.23296281266002,5.100291528069869,2365717640302.848,1.0,40,TRIAL_056_AP3p4,rizk2025_refit_plot,rizk2025_refit_full,31702979539878.656,3.313886480401246e+23,7.97910715904675e+25,1.4889814912145023e+25,1.0515373380266874e+23,1.6301000755497419e+19,2.6382220409183637,34.03203673848306,0.8088115426267294,0.2691328441838864,1.0779443868106158,0.10030342463778523,1.178247811448401,2063094993457.829,5.157737483644573e+17,116.21959416315191,0.0643219196681076,113899993206.1091,19101770.36828669,5962.797741261153,843599263.2293003,841475799.0677766,144193673.78447348,65232651.72341708,1.0025234999792938,2.2104524340946137,0.3103009846609103,74.71362772412589,13.94231291863044,11.03375837258277,11.03375837258277,0.0,1.1783598669167317e+25,1.1783598669167317e+25,0.0,1.0679587381981997e+26,1.0679587381981997e+26,1.0067605724542035,2.1354523532787276e+16,0.0013196318116357683,1.0947858749327053e-06,2.2117628321604014e-07,2.2117628321604014e-07,0.003089065643291778,0.003089065643291778,6.1288642518396666e+19,8.371380735393288e-06,5934529.818796294,1.2999999999999998,31702979539878.656,0.0,7.691705404817515e-26,1.6510203773416972e-22,2.6382220409183636e-09,3.403203673848306e-08,4.469935620328891e+25,4.880072280285123e+25,9.501227515065265e+25,0.008088115426267294,0.2691328441838864,0.10030342463778523,0.010779443868106158,0.01178247811448401,22846449.061305776,94793.41578524903,1.9447175230583583e-21,1.1621959416315191e-07,3.117739118754853e-14,0.6852149968159333,0.0,8.917422880879538e-19,4.0377712245259814e-24,9.016192990395228e-24,6.972208708889678e-25,1.7995675661038836e+19,31702979539878.656,0.003355102319033664,0.0002590010596101597,1.373716562742029e-05,5.760493799193836e-06,1.373716562742029e-05,5.760493799193836e-06,6.68342774875185e-30,9.019247488799905e+18,3.562101707981085e+18,0.021090233325006705,4.234743310781348e-21,-33205.14678025483,3.8242118694293345e+21,0.0,0.0,0.0,0.0,0.0,0.3333333333333333,0.3333333333333333,2.0,1.6026995865756309e-28,5.104196168274582e-22,0.0,8.91742287927684e-19,,0.0,0.0,0.0,0.0,0.0,1.6026995865756309e-28,8.91742287927684e-19,0.0005723846717215622,4.5481456371566316e-18,6.972208708889678e-31,4.0377705273051104e-24,,,6.972208708889678e-31,4.0377705273051104e-24,,1.0020168470445707e-07,3.459063593417468,30593492609357.023,6.254795747089443e-06,0.00025274626386307026,6.254795747089443e-06,0.00025274626386307026,0.003355102319033664,0.0002590010596101597,False,False,1.0,1.455499441337488,1.3144432919800109e-08,0.2166850063582184,0.6800594301400823,1.0,1.2600553669859604,2.4466147961764826e-07,0.13995348294751428,0.7914404084317408,0.20073161564822997,0.13909843176940567,0.008088115426267294,0.002691328441838864,True,AP3.4,130.0,8.3,7.498198192099515e+19,$(U_{0.8}Pu_{0.2})N$,0.8088115426267294,0.3103009846609103,74.71362772412589,13.94231291863044,11.03375837258277,0.0,5.157737483644573e+17,1.1621959416315191e-07,ok,
56,TRIAL_056,AP3.4,1050.0,1.3,7.498198192099515e+19,1.9722002640473183e-05,519754.0997222178,31702979539878.656,2.23296281266002,5.100291528069869,2365717640302.848,1.0,40,TRIAL_056_AP3p4,rizk2025_refit_plot,rizk2025_refit_full,31702979539878.656,3.3074726660444824e+23,7.969435767652736e+25,1.501220201908844e+25,1.0467514006050639e+23,1.6266865400513851e+19,2.649053363277618,36.12648813803396,0.815087589778247,0.3212696645155442,1.1363572542937912,0.10061757374894606,1.2369748280427373,2062501590723.5842,5.1562539768089606e+17,116.35195690752785,0.06444997292946393,25451343492.785145,19080040.069840617,1333.9250546446965,839096276.9119773,838035213.1726183,112373450.71833597,61450755.78666016,1.0012661326429735,1.8286748353179767,0.30970041704276563,74.62306812619299,14.05691201554864,11.010319441215593,11.010319441215593,0.0,1.1758566857599711e+25,1.1758566857599711e+25,0.0,1.0679587381981997e+26,1.0679587381981997e+26,1.008077813249323,2.1271957704057456e+16,0.0013152142092731018,1.0835870607816168e-06,2.778572092119292e-07,2.778572092119292e-07,0.0036749492035943014,0.0036749492035943014,7.690206307767535e+19,9.312556451202243e-06,5934529.818796294,1.2999999999999998,31702979539878.656,0.0,7.786830658235509e-26,1.97499430041018e-22,2.649053363277618e-09,3.6126488138033964e-08,4.7129001840320336e+25,6.629078229723862e+25,9.503730696222026e+25,0.00815087589778247,0.3212696645155442,0.10061757374894606,0.011363572542937912,0.012369748280427372,22804475.711409215,444612.67667917674,1.951369622239109e-21,1.1635195690752785e-07,3.124844762270125e-14,0.684344507987243,0.0,8.917422904866655e-19,9.072820167908718e-24,2.0259270040892004e-23,1.5366002896313798e-23,1.7995675661038836e+19,31702979539878.656,0.0033525313515998093,0.00025882601645632375,1.3716098484597756e-05,5.698696809085886e-06,1.3716098484597756e-05,5.698696809085886e-06,8.461995632536642e-30,9.549353691085474e+18,4.5483651823246136e+18,0.09898483598087295,4.2490314546297844e-21,-33292.79505807016,3.8176546264992774e+21,0.0,0.0,0.0,0.0,0.0,0.3333333333333333,0.3333333333333333,2.0,2.558981501392922e-27,2.7724222720096643e-21,0.0,8.91742287927684e-19,,0.0,0.0,0.0,0.0,0.0,2.558981501392922e-27,8.91742287927684e-19,0.003108994943479269,4.54814564939076e-18,1.5366002896313797e-29,9.072804801905822e-24,,,1.5366002896313797e-29,9.072804801905822e-24,,1.0020168470445707e-07,3.459063593417468,30527678661263.816,6.623469812738647e-06,0.0002522025466435851,6.623469812738647e-06,0.0002522025466435851,0.0033525313515998093,0.00025882601645632375,False,False,1.0,1.4569081611168513,1.3164436860270437e-08,0.21717848616551877,0.6793540447266919,1.0,1.2794688939259866,2.448324810139483e-07,0.14840994710130803,0.7790194819130166,0.2012494769295817,0.14755589791983556,0.00815087589778247,0.003212696645155442,True,AP3.4,130.0,8.3,7.498198192099515e+19,$(U_{0.8}Pu_{0.2})N$,0.815087589778247,0.30970041704276563,74.62306812619299,14.05691201554864,11.010319441215593,0.0,5.1562539768089606e+17,1.1635195690752786e-07,ok,
56,TRIAL_056,AP3.4,1100.0,1.3,7.498198192099515e+19,1.9722002640473183e-05,519754.0997222178,31702979539878.656,2.23296281266002,5.100291528069869,2365717640302.848,1.0,40,TRIAL_056_AP3p4,rizk2025_refit_plot,rizk2025_refit_full,31702979539878.656,3.301267662770024e+23,7.961125434419643e+25,1.5120107769367799e+25,1.0421369718553053e+23,1.6229060442413711e+19,2.6598509293857893,38.20370454088878,0.8214578896287236,0.37905167493381475,1.2005095645625383,0.10247357916099747,1.3029831437235357,2059151693970.1523,5.1478792349253805e+17,117.12646350268838,0.06520478473318359,6524778210.3573885,18953872.0252494,344.2451337470996,835209021.6308264,834633240.3345028,91657878.41857505,58109547.92679783,1.0006898614487159,1.5773290567333094,0.3091194017794862,74.54525301090948,14.157951265867817,10.987676321443221,10.987676321443221,0.0,1.1734384939978738e+25,1.1734384939978738e+25,0.0,1.0679587381981997e+26,1.0679587381981997e+26,1.0095406020440645,2.1192232957031496e+16,0.001310777498240644,1.0733537147421736e-06,3.31056832131301e-07,3.31056832131301e-07,0.00432128443775676,0.00432128443775676,9.290668287190575e+19,1.0373292344844862e-05,5934529.818796294,1.2999999999999998,31702979539878.656,0.0,7.882436875512543e-26,2.335635363974523e-22,2.6598509293857893e-09,3.8203704540888784e-08,4.955130962708857e+25,8.575529267579463e+25,9.506148887984123e+25,0.008214578896287236,0.37905167493381475,0.10247357916099747,0.012005095645625383,0.013029831437235358,22794600.27027777,1816109.6846305397,1.9905979624730425e-21,1.1712646350268838e-07,3.166584808886292e-14,0.6792530823770766,0.0,8.91742319689036e-19,1.8732291689893137e-23,4.18285107394317e-23,2.556484784617257e-22,1.7995675661038836e+19,31702979539878.656,0.0033503562970758198,0.0002586539626487227,1.3695183260329634e-05,5.6438366353449365e-06,1.3695183260329634e-05,5.6438366353449365e-06,1.0152196480523455e-29,1.00895460704706e+19,5.484516359131152e+18,0.40514204288098277,4.320210689077126e-21,-33709.44848245948,3.811318274441628e+21,0.0,0.0,0.0,0.0,0.0,0.3333333333333333,0.3333333333333333,2.0,3.1761352235744896e-26,7.906038402206534e-21,0.0,8.91742287927684e-19,,0.0,0.0,0.0,0.0,0.0,3.1761352235744896e-26,8.91742287927684e-19,0.00886583290671176,4.548145798331364e-18,2.556484784617257e-28,1.8732036041414675e-23,,,2.556484784617257e-28,1.8732036041414675e-23,,1.0020168470445707e-07,3.459063593417468,30462989504341.82,6.985833269637694e-06,0.000251668129379085,6.985833269637694e-06,0.000251668129379085,0.0033503562970758198,0.0002586539626487227,False,False,1.0,1.45833577301878,1.31838397766519e-08,0.21767782805263702,0.6786404414957726,1.0,1.2991501432455153,2.450224272187751e-07,0.15677227450915412,0.766768127134699,0.20177240399071147,0.15591915531287598,0.008214578896287236,0.003790516749338148,True,AP3.4,130.0,8.3,7.498198192099515e+19,$(U_{0.8}Pu_{0.2})N$,0.8214578896287236,0.3091194017794862,74.54525301090948,14.157951265867817,10.987676321443221,0.0,5.1478792349253805e+17,1.1712646350268839e-07,ok,
56,TRIAL_056,AP3.4,1150.0,1.3,7.498198192099515e+19,1.9722002640473183e-05,519754.0997222178,31702979539878.656,2.23296281266002,5.100291528069869,2365717640302.848,1.0,40,TRIAL_056_AP3p4,rizk2025_refit_plot,rizk2025_refit_full,31702979539878.656,3.295201802767376e+23,7.95437079991151e+25,1.5211495476091204e+25,1.0377063541539225e+23,1.618892052067553e+19,2.6706774093937375,40.197245403760284,0.8279943701776211,0.4404487480225959,1.268443118200217,0.10943304089629818,1.3778761590965152,2047079249127.092,5.11769812281773e+17,119.955025209681,0.06799118519514037,1880444837.2909296,18506936.213130273,101.60757110930086,831585304.5750307,831249776.6265061,77621455.78480871,55227664.923336476,1.0004036427533085,1.4054813994500377,0.30855141541581055,74.48200492588019,14.243523585710053,10.965920072993981,10.965920072993981,0.0,1.1711150164336962e+25,1.1711150164336962e+25,0.0,1.0679587381981997e+26,1.0679587381982e+26,1.0110982855500203,2.1114446292833584e+16,0.001306307392855919,1.0642663142385718e-06,3.7593233971540865e-07,3.7593233971540865e-07,0.005005557423948421,0.005005557423948421,1.0839093438931473e+20,1.1544103965199852e-05,5934529.818796294,1.2999999999999998,31702979539878.656,0.0,7.979081624229942e-26,2.7206801556662214e-22,2.6706774093937378e-09,4.0197245403760285e-08,5.198523704686208e+25,1.0650527830249513e+26,9.508472365548304e+25,0.008279943701776211,0.4404487480225959,0.10943304089629818,0.01268443118200217,0.013778761590965152,22883628.30961388,6613712.158926608,2.1383254398765897e-21,1.19955025209681e-07,3.321375331420751e-14,0.6610240907250241,0.0,8.917426046035813e-19,3.5983582073279434e-23,8.035000063593272e-23,3.330768464716398e-21,1.7995675661038836e+19,31702979539878.656,0.00334869739137069,0.00025849051197520713,1.3674298038334753e-05,5.5963181487508315e-06,1.3674298038334753e-05,5.5963181487508315e-06,1.1597400045911357e-29,1.0638547977287336e+19,6.282140556990235e+18,1.484834195214295,4.5788461045043646e-21,-35189.703445090316,3.805135957056723e+21,0.0,0.0,0.0,0.0,0.0,0.3333333333333333,0.3333333333333333,2.0,3.1667589742037936e-25,1.3686836891524853e-20,0.0,8.91742287927684e-19,,0.0,0.0,0.0,0.0,0.0,3.1667589742037936e-25,8.91742287927684e-19,0.015348416483486569,4.548147251478604e-18,3.330768464716398e-27,3.5980251304814716e-23,,,3.330768464716398e-27,3.5980251304814716e-23,,1.0020168470445707e-07,3.459063593417468,30401510675117.844,7.330205946705436e-06,0.0002511603060285017,7.330205946705436e-06,0.0002511603060285017,0.00334869739137069,0.00025849051197520713,False,False,1.0,1.4597991083555173,1.3202577869151153e-08,0.2181888775267168,0.6779102757022969,1.0,1.318441129393593,2.4522475526584146e-07,0.164772232155128,0.7550784256318872,0.2023061698742017,0.1639199425864794,0.008279943701776211,0.004404487480225959,True,AP3.4,130.0,8.3,7.498198192099515e+19,$(U_{0.8}Pu_{0.2})N$,0.8279943701776211,0.30855141541581055,74.48200492588019,14.243523585710053,10.965920072993981,0.0,5.11769812281773e+17,1.19955025209681e-07,ok,
56,TRIAL_056,AP3.4,1200.0,1.3,7.498198192099515e+19,1.9722002640473183e-05,519754.0997222178,31702979539878.656,2.23296281266002,5.100291528069869,2365717640302.848,1.0,40,TRIAL_056_AP3p4,rizk2025_refit_plot,rizk2025_refit_full,31702979539878.656,3.289224232658616e+23,7.949158176547276e+25,1.5286490955081958e+25,1.0334600983104033e+23,1.6147796412975389e+19,2.6815512839668885,42.06332853802534,0.8347196629324433,0.5033995036225776,1.338119166555021,0.13178665995718658,1.4699058265122074,2010683449502.9917,5.0267086237574784e+17,128.38760336311432,0.07650167602625915,597137683.2894411,17291389.0581885,34.53381803393412,828087015.2091172,827879001.7082561,67814599.87508619,52777563.667913616,1.0002512607523948,1.284913420820037,0.30799169621553085,74.43319570528212,14.313746784704877,10.945065813797472,10.945065813797472,0.0,1.1688878675999401e+25,1.1688878675999401e+25,0.0,1.0679587381981997e+26,1.0679587381981997e+26,1.0126990133745393,2.1037978295192908e+16,0.001301809372862695,1.0563545464865404e-06,4.081550714787413e-07,4.081550714787413e-07,0.005705130611982754,0.005705130611982754,1.224947971339349e+20,1.2813918720760395e-05,5934529.818796294,1.2999999999999998,31702979539878.656,0.0,8.076941376809038e-26,3.117450150771509e-22,2.6815512839668886e-09,4.206332853802534e-08,5.44389289800251e+25,1.278347740921476e+26,9.510699514382057e+25,0.008347196629324432,0.5033995036225776,0.13178665995718658,0.01338119166555021,0.014699058265122075,23253543.32406467,22084067.633009356,2.621728646341862e-21,1.2838760336311433e-07,3.804759821600418e-14,0.6102598641923791,0.0,8.917448947096045e-19,6.498475563709372e-23,1.4510854272742886e-22,3.503783313863259e-20,1.7995675661038836e+19,31702979539878.656,0.0033475906952402765,0.00025833965168808474,1.3653407607709226e-05,5.555772696557231e-06,1.3653407607709226e-05,5.555772696557231e-06,1.265536115411228e-29,1.1191937345482103e+19,6.862291262819053e+18,5.049282761576898,5.397059433369495e-21,-39604.631628871386,3.7990633939361145e+21,0.0,0.0,0.0,0.0,0.0,0.3333333333333333,0.3333333333333333,2.0,2.6067819204802983e-24,1.6077228463606983e-20,0.0,8.91742287927684e-19,,0.0,0.0,0.0,0.0,0.0,2.6067819204802983e-24,8.91742287927684e-19,0.018028954871496642,4.548158931686953e-18,3.503783313863259e-26,6.494971780395508e-23,,,3.503783313863259e-26,6.494971780395508e-23,,1.0020168470445707e-07,3.459063593417468,30344550217081.223,7.64927735666287e-06,0.0002506903743314219,7.64927735666287e-06,0.0002506903743314219,0.0033475906952402765,0.00025833965168808474,False,False,1.0,1.4613031168181334,1.3220636571691052e-08,0.21871330303836636,0.6771611765223086,1.0,1.3368574680622358,2.4543274300381773e-07,0.17223583876147544,0.7442009457951645,0.20285243005502726,0.17138425764075826,0.008347196629324432,0.005033995036225776,True,AP3.4,130.0,8.3,7.498198192099515e+19,$(U_{0.8}Pu_{0.2})N$,0.8347196629324433,0.30799169621553085,74.43319570528212,14.313746784704877,10.945065813797472,0.0,5.0267086237574784e+17,1.2838760336311433e-07,ok,
56,TRIAL_056,AP3.4,1250.0,1.3,7.498198192099515e+19,1.9722002640473183e-05,519754.0997222178,31702979539878.656,2.23296281266002,5.100291528069869,2365717640302.848,1.0,40,TRIAL_056_AP3p4,rizk2025_refit_plot,rizk2025_refit_full,31702979539878.656,3.283271108441104e+23,7.945353298166383e+25,1.5346480181700249e+25,1.0293824027500002e+23,1.6106860351871021e+19,2.692479736786258,43.77910137756179,0.84163285283277,0.5661089633465655,1.4077418161793354,0.19737621669896677,1.6051180328783023,1918327339802.1426,4.795818349505356e+17,149.21227217842784,0.09858545994920774,205045960.6155159,14878132.794233754,13.781699857860158,824654779.6918612,824518739.9812304,60792572.55828789,50709126.732734226,1.000164992866789,1.1988487374018315,0.3074342660448151,74.39756812675496,14.36991864272956,10.925078964470666,10.925078964470666,0.0,1.1667533545611787e+25,1.1667533545611787e+25,0.0,1.0679587381981997e+26,1.0679587381981997e+26,1.0142972713299778,2.096227088524896e+16,0.001297288016056157,1.0495574343661487e-06,4.2448020910834104e-07,4.2448020910834104e-07,0.006400392391793894,0.006400392391793894,1.34503526744171e+20,1.4172324601289357e-05,5934529.818796294,1.2999999999999998,31702979539878.656,0.0,8.176095206060873e-26,3.514707093619301e-22,2.692479736786258e-09,4.3779101377561787e-08,5.691597868439156e+25,1.4912533637433397e+26,9.512834027420818e+25,0.0084163285283277,0.5661089633465655,0.19737621669896677,0.014077418161793354,0.016051180328783023,24328556.03635443,70090359.93966055,4.115589922610899e-21,1.4921227217842784e-07,5.1391364708056504e-14,0.5045714333537382,0.0,8.917604161498658e-19,1.114133094756206e-22,2.48781776894443e-22,3.0533079764031823e-19,1.7995675661038836e+19,31702979539878.656,0.003347041334525149,0.0002582062641234672,1.3632498928376777e-05,5.521437911344619e-06,1.3632498928376777e-05,5.521437911344619e-06,1.3217568477566283e-29,1.1746094910420296e+19,7.166012903151911e+18,16.754456079615633,7.763617153684313e-21,-50509.68317323113,3.793076717139085e+21,0.0,0.0,0.0,0.0,0.0,0.3333333333333333,0.3333333333333333,2.0,1.8128222181985484e-23,1.3964045536228772e-20,0.0,8.91742287927684e-19,,0.0,0.0,0.0,0.0,0.0,1.8128222181985484e-23,8.91742287927684e-19,0.015658965438853957,4.5482380955572214e-18,3.0533079764031822e-25,1.111079786779803e-22,,,3.0533079764031822e-25,1.111079786779803e-22,,1.0020168470445707e-07,3.459063593417468,30292721268936.258,7.939716734178018e-06,0.0002502665473892892,7.939716734178018e-06,0.0002502665473892892,0.003347041334525149,0.0002582062641234672,False,False,1.0,1.462846968572651,1.3238071701771047e-08,0.21925075033607022,0.6763936640137578,1.0,1.3540973139147265,2.456404868660889e-07,0.1790752069921384,0.7342584750915183,0.20341090243149476,0.17822420127969668,0.0084163285283277,0.005661089633465654,True,AP3.4,130.0,8.3,7.498198192099515e+19,$(U_{0.8}Pu_{0.2})N$,0.84163285283277,0.3074342660448151,74.39756812675496,14.36991864272956,10.925078964470666,0.0,4.795818349505356e+17,1.4921227217842784e-07,ok,
56,TRIAL_056,AP3.4,1300.0,1.3,7.498198192099515e+19,1.9722002640473183e-05,519754.0997222178,31702979539878.656,2.23296281266002,5.100291528069869,2365717640302.848,1.0,40,TRIAL_056_AP3p4,rizk2025_refit_plot,rizk2025_refit_full,31702979539878.656,3.2771481817593016e+23,7.942710839435896e+25,1.5393934034487516e+25,1.0254166740403202e+23,1.6066807883328686e+19,2.7034900214033932,45.345414022671434,0.8487177737371473,0.6275066384649616,1.4762244122021089,0.3756458600944914,1.8518702722966005,1728828132859.1555,4.3220703321478886e+17,191.435629675948,0.14624412433358705,75565168.00682594,11596587.342481112,6.516155639169154,821253640.6141536,821160789.3590777,55631228.00768879,48957541.74589877,1.0001130731718795,1.1363157957649923,0.30686093615267596,74.37282504787024,14.414352805857744,10.905961210119354,10.905961210119354,0.0,1.1647116572797577e+25,1.1647116572797577e+25,0.0,1.0679587381981997e+26,1.0679587381981999e+26,1.0158656571641869,2.0886288580050744e+16,0.0012927142388614759,1.0437197103923274e-06,4.2275186011150905e-07,4.2275186011150905e-07,0.007079695498757983,0.007079695498757983,1.4389445349368773e+20,1.5620528104071496e-05,5934529.818796294,1.2999999999999998,31702979539878.656,0.0,8.27680878635464e-26,3.9056086499676008e-22,2.703490021403393e-09,4.534541402267144e-08,5.9417990327037385e+25,1.7000335375106828e+26,9.514875724702241e+25,0.008487177737371473,0.6275066384649616,0.3756458600944914,0.014762244122021088,0.018518702722966005,26948003.335728798,219094489.5215795,8.691340751685804e-21,1.9143562967594801e-07,8.459147647703238e-14,0.3521362729450971,0.0,8.918508847779603e-19,1.836266039909085e-22,4.100313781267467e-22,2.2525702314749626e-18,1.7995675661038836e+19,31702979539878.656,0.0033471329554155384,0.00025810786312394275,1.361152105104566e-05,5.492286935786899e-06,1.361152105104566e-05,5.492286935786899e-06,1.3210771394163777e-29,1.229979652718562e+19,7.154664016488081e+18,57.27964940118847,1.4266218681894606e-20,-71380.4657296606,3.7872042472504883e+21,0.0,0.0,0.0,0.0,0.0,0.3333333333333333,0.3333333333333333,2.0,1.085968502764781e-22,9.588632660122313e-21,0.0,8.91742287927684e-19,,0.0,0.0,0.0,0.0,0.0,1.085968502764781e-22,8.91742287927684e-19,0.010751385488067937,4.548699511934648e-18,2.2525702314749626e-24,1.8137403375943355e-22,,,2.2525702314749626e-24,1.8137403375943355e-22,,1.0020168470445707e-07,3.459063593417468,30245894677147.266,8.20282845324997e-06,0.0002499050346706928,8.20282845324997e-06,0.0002499050346706928,0.0033471329554155384,0.00025810786312394275,False,False,1.0,1.4644257036867119,1.3255116574759486e-08,0.21979943147154263,0.6756103047886383,1.0,1.3700925056279196,2.4584443429355925e-07,0.18529806678136893,0.7252340389987321,0.2039800837388265,0.18444750072097826,0.008487177737371473,0.006275066384649615,True,AP3.4,130.0,8.3,7.498198192099515e+19,$(U_{0.8}Pu_{0.2})N$,0.8487177737371473,0.30686093615267596,74.37282504787024,14.414352805857744,10.905961210119354,0.0,4.3220703321478886e+17,1.9143562967594801e-07,ok,
56,TRIAL_056,AP3.4,1350.0,1.3,7.498198192099515e+19,1.9722002640473183e-05,519754.0997222178,31702979539878.656,2.23296281266002,5.100291528069869,2365717640302.848,1.0,40,TRIAL_056_AP3p4,rizk2025_refit_plot,rizk2025_refit_full,31702979539878.656,3.2700213169271194e+23,7.940749852195988e+25,1.5433353300747585e+25,1.0213528440718154e+23,1.6027336185250275e+19,2.714725941712191,46.797529808574154,0.8559381642970886,0.6880480126210377,1.5439861769181262,0.8157262966084118,2.359712473526538,1426720829514.2988,3.566802073785747e+17,264.290972829608,0.2300301295100115,30232316.67517499,8399832.866903344,3.5991569301688187,817826834.3979106,817762104.7816839,51656836.87451061,47438401.32333771,1.0000791545803458,1.0889244880412443,0.3061936009292004,74.3544630347159,14.451263657232559,10.888079707122332,10.888079707122332,0.0,1.162801986541979e+25,1.162801986541979e+25,0.0,1.0679587381981997e+26,1.0679587381981995e+26,1.0174156388486397,2.0806307304456004e+16,0.0012879028847224182,1.0384957043030425e-06,3.9957387215655947e-07,3.9957387215655947e-07,0.007747975407142424,0.007747975407142424,1.501020118857338e+20,1.7208081049514134e-05,5934529.818796294,1.2999999999999998,31702979539878.656,0.0,8.380435510266265e-26,4.29296549762423e-22,2.714725941712191e-09,4.6797529808574156e-08,6.194654505000313e+25,1.9061164069938078e+26,9.516785395440016e+25,0.008559381642970886,0.6880480126210377,0.8157262966084118,0.015439861769181263,0.02359712473526538,32600687.18385036,687974366.8907657,2.2869962496758696e-20,2.64290972829608e-07,1.612299510537889e-13,0.20157415477381246,0.0,8.92312044658399e-19,2.985052251919346e-22,6.665510672382949e-22,1.4331663655150738e-17,1.7995675661038836e+19,31702979539878.656,0.003348454538543842,0.00025812692472050217,1.3590203241391941e-05,5.466947887280884e-06,1.3590203241391941e-05,5.466947887280884e-06,1.2524748522768421e-29,1.2854375886361856e+19,6.769660363084477e+18,209.1912772245458,3.208700213687958e-20,-100004.35112890461,3.781681219852464e+21,0.0,0.0,0.0,0.0,0.0,0.3333333333333333,0.3333333333333333,2.0,5.697567307150379e-22,5.485421362683377e-21,0.0,8.91742287927684e-19,,0.0,0.0,0.0,0.0,0.0,5.697567307150379e-22,8.91742287927684e-19,0.006147424990529343,4.5510515617659355e-18,1.433166365515074e-23,2.8417356153678383e-22,,,1.433166365515074e-23,2.8417356153678383e-22,,1.0020168470445707e-07,3.459063593417468,30202924125041.137,8.447894098882475e-06,0.0002496790306216197,8.447894098882475e-06,0.0002496790306216197,0.003348454538543842,0.00025812692472050217,False,False,1.0,1.4660274974155543,1.3272674460911682e-08,0.22035518913671778,0.6748170446812308,1.0,1.3851408279750723,2.4604609501920253e-07,0.19104839985547736,0.7169139849006716,0.20455689852496442,0.19019813243074918,0.008559381642970886,0.006880480126210377,True,AP3.4,130.0,8.3,7.498198192099515e+19,$(U_{0.8}Pu_{0.2})N$,0.8559381642970886,0.3061936009292004,74.3544630347159,14.451263657232559,10.888079707122332,0.0,3.566802073785747e+17,2.64290972829608e-07,ok,
56,TRIAL_056,AP3.4,1400.0,1.3,7.498198192099515e+19,1.9722002640473183e-05,519754.0997222178,31702979539878.656,2.23296281266002,5.100291528069869,2365717640302.848,1.0,40,TRIAL_056_AP3p4,rizk2025_refit_plot,rizk2025_refit_full,31702979539878.656,3.258423800567206e+23,7.938336855705509e+25,1.5474173608163067e+25,1.0164031732184952e+23,1.5986759182437362e+19,2.726813566188995,48.20908654294898,0.863218937697908,0.750301388536319,1.613520326234227,1.7774500774618955,3.3909704036961226,1058515580925.5176,2.646288952313794e+17,378.4837413156235,0.35000381185401275,13370639.879676819,5865509.552096473,2.27953594839818,814180979.9738742,814137067.3546561,48338024.01365241,46049410.16715231,1.0000539376242392,1.0496990914366282,0.3051076492023125,74.33186856168832,14.489486395579503,10.873537393529864,10.873537393529864,0.0,1.1612489274545095e+25,1.1612489274545095e+25,0.0,1.0679587381981997e+26,1.0679587381981997e+26,1.019013080499637,2.0707286775409828e+16,0.0012820435335281497,1.0331330842627742e-06,3.4208487604315777e-07,3.4208487604315777e-07,0.0084324606832985,0.0084324606832985,1.5114764358753383e+20,1.9125332407744302e-05,5934529.818796294,1.2999999999999998,31702979539878.656,0.0,8.492879208203168e-26,4.693267597103612e-22,2.7268135661889953e-09,4.8209086542948985e-08,6.4508919707907746e+25,2.1180186004459245e+26,9.518338454527487e+25,0.00863218937697908,0.750301388536319,1.7774500774618955,0.01613520326234227,0.033909704036961225,43882166.62580126,2171436172.8227587,6.716764909243091e-20,3.784837413156235e-07,3.3065532351256033e-13,0.09428376154918755,0.0,8.943977631537627e-19,5.093242848331348e-22,1.1373021876170498e-21,7.989389038480301e-17,1.7995675661038836e+19,31702979539878.656,0.0033538189687285624,0.0002586199567956137,1.3567370467554448e-05,5.443733248679389e-06,1.3567370467554448e-05,5.443733248679389e-06,1.0752402321392036e-29,1.3414396795932492e+19,5.790179757103874e+18,826.0542311483539,8.297872729322028e-20,-126856.52389972727,3.7775587392848847e+21,0.0,0.0,0.0,0.0,0.0,0.3333333333333333,0.3333333333333333,2.0,2.6554752260788454e-21,2.7246350804779008e-21,0.0,8.91742287927684e-19,,0.0,0.0,0.0,0.0,0.0,2.6554752260788454e-21,8.91742287927684e-19,0.0030463348553897134,4.5616893341377775e-18,7.989389038480301e-23,4.2943039444833175e-22,,,7.989389038480301e-23,4.2943039444833175e-22,,1.0020168470445707e-07,3.459063593417468,30161584745397.83,8.699858237477528e-06,0.00024992009855813615,8.699858237477528e-06,0.00024992009855813615,0.0033538189687285624,0.0002586199567956137,False,False,1.0,1.4676230640735213,1.329418585791149e-08,0.22090785045236444,0.6740284066219232,1.0,1.3999710584356322,2.4625410403218046e-07,0.1966197642516249,0.7088709479644983,0.20513526173013646,0.19576959846324068,0.00863218937697908,0.00750301388536319,True,AP3.4,130.0,8.3,7.498198192099515e+19,$(U_{0.8}Pu_{0.2})N$,0.863218937697908,0.3051076492023125,74.33186856168832,14.489486395579503,10.873537393529864,0.0,2.646288952313794e+17,3.7848374131562354e-07,ok,
56,TRIAL_056,AP3.4,1450.0,1.3,7.498198192099515e+19,1.9722002640473183e-05,519754.0997222178,31702979539878.656,2.23296281266002,5.100291528069869,2365717640302.848,1.0,40,TRIAL_056_AP3p4,rizk2025_refit_plot,rizk2025_refit_full,31702979539878.656,3.2294257336557964e+23,7.932570939590873e+25,1.5537058497287968e+25,1.00779840837082e+23,1.5944846037934954e+19,2.742132653323994,49.59145596715567,0.8704175892067105,0.8145720728976621,1.6849896621043727,3.622327094442796,5.307316756547169,710421856869.0819,1.7760546421727046e+17,548.0720132056769,0.4925752984256571,6596263.510893655,4050562.6021938347,1.6284808207435277,809615883.4163339,809588842.2133524,45573557.125990614,44765775.8116701,1.000033401155712,1.0180446177838813,0.3023923694940034,74.27787849719984,14.54836965283998,10.8713594804662,10.8713594804662,0.0,1.1610163353257719e+25,1.1610163353257719e+25,0.0,1.0679587381981997e+26,1.0679587381981999e+26,1.0206662052457958,2.0533111529614256e+16,0.0012721011760964858,1.02625265554755e-06,2.265395097763092e-07,2.265395097763092e-07,0.009132751700963346,0.009132751700963346,1.4035749357600247e+20,2.1791369418374257e-05,5934529.818796294,1.2999999999999998,31702979539878.656,0.0,8.636822423780213e-26,5.108685721766673e-22,2.742132653323994e-09,4.959145596715567e-08,6.714073779266056e+25,2.336183959437984e+26,9.518571046656227e+25,0.008704175892067106,0.8145720728976621,3.622327094442796,0.016849896621043726,0.05307316756547169,65370530.149087265,6791022584.597067,2.0395358388362913e-19,5.480720132056769e-07,6.933560583235687e-13,0.035971662196940646,0.0,9.028722799084174e-19,1.0241072151243713e-21,2.286793327549536e-21,3.956100289530877e-16,1.7995675661038836e+19,31702979539878.656,0.0033744435533956613,0.0002609625107495419,1.353858311564346e-05,5.422239339341353e-06,1.353858311564346e-05,5.422239339341353e-06,7.137913681512523e-30,1.3990525807870878e+19,3.8074464852106276e+18,3506.945666221245,2.3716695189103714e-19,-144631.7174845718,3.778805481446675e+21,0.0,0.0,0.0,0.0,0.0,0.3333333333333333,0.3333333333333333,2.0,1.1129991980733449e-20,1.2141082623128306e-21,0.0,8.91742287927684e-19,,0.0,0.0,0.0,0.0,0.0,1.1129991980733449e-20,8.91742287927684e-19,0.0013447176187931956,4.6049118401460285e-18,3.9561002895308766e-22,6.284971861712836e-22,,,3.9561002895308766e-22,6.284971861712836e-22,,1.0020168470445707e-07,3.459063593417468,30121535300652.324,9.009387517661131e-06,0.0002519531232318808,9.009387517661131e-06,0.0002519531232318808,0.0033744435533956613,0.0002609625107495419,False,False,1.0,1.4691379067000951,1.3331916654320831e-08,0.22143168943115554,0.6732810843856873,1.0,1.414687584396496,2.464697193206101e-07,0.20205743441237922,0.7010385687116797,0.20570391286842973,0.20120704002509693,0.008704175892067106,0.00814572072897662,True,AP3.4,130.0,8.3,7.498198192099515e+19,$(U_{0.8}Pu_{0.2})N$,0.8704175892067105,0.3023923694940034,74.27787849719984,14.54836965283998,10.8713594804662,0.0,1.7760546421727046e+17,5.480720132056769e-07,ok,
56,TRIAL_056,AP3.4,1500.0,1.3,7.498198192099515e+19,1.9722002640473183e-05,519754.0997222178,31702979539878.656,2.23296281266002,5.100291528069869,2365717640302.848,1.0,40,TRIAL_056_AP3p4,rizk2025_refit_plot,rizk2025_refit_full,31702979539878.656,3.1413374594471475e+23,7.914349613891714e+25,1.5683196073501785e+25,9.866252415996354e+22,1.590618033946671e+19,2.768690321045702,50.80647843123174,0.8771300276547812,0.8737995001747637,1.7509295278295451,4.531015242595712,6.281944770425257,474889669688.98566,1.1872241742224642e+17,675.3798657529861,0.5,3939598.3724690364,3287039.0613805247,1.1985249639273965,801838629.4751468,801823151.9520508,43862011.788584195,43695215.03059584,1.000019302913689,1.0038172774266374,0.29414408507458223,74.10726024157415,14.685207876066071,10.913387797285205,7.942410063856318,2.970977733428888,1.1655047861456338e+25,8.482166230048676e+24,3.1728816314076625e+24,1.0679587381981997e+26,1.0362299218841232e+26,1.022193041646541,2.010114886273714e+16,0.0012482125064005153,1.0142233556786806e-06,1.1556563086496683e-07,1.1556563086496683e-07,0.009768890425759352,0.009768890425759352,1.1466168650534404e+20,2.5496544652314336e-05,5934529.818796294,1.2999999999999998,31702979539878.656,0.0,8.89020461540871e-26,5.493459029926099e-22,2.768690321045702e-09,5.0806478431231745e-08,6.996851834887925e+25,2.53466428904971e+26,9.514082595836363e+25,0.008771300276547812,0.8737995001747637,4.531015242595712,0.01750929527829545,0.06281944770425257,71445363.17754656,12855723412.588766,3.816478253201979e-19,6.753798657529861e-07,1.0528761350556638e-12,0.03407359027997264,1.0,9.341414501778096e-19,2.65480851490482e-21,5.928088688515637e-21,1.7607759639859707e-15,1.7995675661038836e+19,31702979539878.656,0.0034487061014571037,0.0002699033487222544,1.348906926515452e-05,5.404284868846239e-06,1.348906926515452e-05,5.404284868846239e-06,3.646948480304467e-30,1.4614626259873757e+19,1.9002521676744202e+18,4088.5678193308104,2.225929142890299e-19,-100435.12632218076,3.7986212017814037e+21,3.103132350395588e+21,0.0,0.0,0.0,0.0,0.3333333333333333,0.3333333333333333,2.0,4.239916225012569e-20,4.981451519947624e-22,0.0,8.91742287927684e-19,,0.0,0.0,0.0,0.0,0.0,4.239916225012569e-20,8.91742287927684e-19,0.0005332652264814314,4.764393724360784e-18,1.7607759639859707e-21,8.940325509188496e-22,,,1.7607759639859707e-21,8.940325509188496e-22,,1.0020168470445707e-07,3.459063593417468,30086711330604.31,9.525709496612604e-06,0.0002603776392256418,9.525709496612604e-06,0.0002603776392256418,0.0034487061014571037,0.0002699033487222544,False,False,1.0,1.4703432349690881,1.3426614394982868e-08,0.22184789906429375,0.6726874388918803,1.0,1.4277786486614117,2.4666930120156417e-07,0.20682052766847095,0.6941925546808062,0.20623133809710656,0.20596998181496987,0.008771300276547812,0.008737995001747637,True,AP3.4,130.0,8.3,7.498198192099515e+19,$(U_{0.8}Pu_{0.2})N$,0.8771300276547812,0.29414408507458223,74.10726024157415,14.685207876066071,7.942410063856318,2.970977733428888,1.1872241742224642e+17,6.753798657529862e-07,ok,
56,TRIAL_056,AP3.4,1550.0,1.3,7.498198192099515e+19,1.9722002640473183e-05,519754.0997222178,31702979539878.656,2.23296281266002,5.100291528069869,2365717640302.848,1.0,40,TRIAL_056_AP3p4,rizk2025_refit_plot,rizk2025_refit_full,31702979539878.656,2.890041006903573e+23,7.854801564028729e+25,1.6116613879418815e+25,9.294039548057481e+22,1.5857907299222434e+19,2.829491534470275,52.25782596450509,0.8818979279146195,0.9479566961466035,1.829854624061223,5.04079049119838,6.870645115259602,383695295255.39545,9.592382381384885e+16,751.3654717445096,0.5,3236320.1636546683,2954620.731833253,1.0953419939102063,784603163.2579621,784593264.533523,42529121.79883599,42481675.405094035,1.0000126163770282,1.0011168672913562,0.27061354559254686,73.54967268942347,15.091045471110489,11.088668293873495,7.047476024852467,4.0411922690210265,1.1842240199423522e+25,7.526413602983506e+24,4.3158265964400155e+24,1.0679587381981997e+26,1.0248004722337996e+26,1.024109123183732,1.8940212960277356e+16,0.00118465853600678,9.839525290053654e-07,9.666412342055274e-08,9.666412342055274e-08,0.010580393336896938,0.010580393336896938,9.600995347506794e+19,2.9726949074528426e-05,5934529.818796294,1.2999999999999998,31702979539878.656,0.0,9.48885490915457e-26,5.977817112054155e-22,2.8294915344702754e-09,5.225782596450509e-08,7.333309650972166e+25,2.7758899640717794e+26,9.495363362039646e+25,0.008818979279146195,0.9479566961466035,5.04079049119838,0.01829854624061223,0.06870645115259602,78462401.76569037,17759264652.223095,5.254993275685725e-19,7.513654717445096e-07,1.3031173594849262e-12,0.03407359027997264,1.0,1.039906973829712e-18,8.356987325282236e-21,1.866084192322636e-20,7.11715258415843e-15,1.7995675661038836e+19,31702979539878.656,0.003690329243015344,0.00030033475982186404,1.337756091860103e-05,5.383904076030537e-06,1.337756091860103e-05,5.383904076030537e-06,3.0526311627737247e-30,1.5391296142505744e+19,1.5763547777864635e+18,6894.154226881412,3.3628417643819633e-19,-99061.13240543866,3.8744123100095526e+21,3.3612863102738456e+21,0.0,0.0,0.0,0.0,0.3333333333333333,0.3333333333333333,2.0,1.4816468590202815e-19,1.921420918257287e-22,0.0,8.91742287927684e-19,,0.0,0.0,0.0,0.0,0.0,1.4816468590202815e-19,8.91742287927684e-19,0.0001847685385915996,5.303828728604456e-18,7.11715258415843e-21,1.239834741123807e-21,,,7.11715258415843e-21,1.239834741123807e-21,,1.0020168470445707e-07,3.459063593417468,30045584571156.805,1.0872817830514663e-05,0.00028946194199134937,1.0872817830514663e-05,0.00028946194199134937,0.003690329243015344,0.00030033475982186404,False,False,1.0,1.4705299124700297,1.3696702269348248e-08,0.221912313015026,0.6725955746895121,1.0,1.4436065798033741,2.4691934845206467e-07,0.21248907741813772,0.6860634956390648,0.20660434024614696,0.21163922680358505,0.008818979279146195,0.009479566961466035,True,AP3.4,130.0,8.3,7.498198192099515e+19,$(U_{0.8}Pu_{0.2})N$,0.8818979279146195,0.27061354559254686,73.54967268942347,15.091045471110489,7.047476024852467,4.0411922690210265,9.592382381384885e+16,7.513654717445097e-07,ok,
56,TRIAL_056,AP3.4,1600.0,1.3,7.498198192099515e+19,1.9722002640473183e-05,519754.0997222178,31702979539878.656,2.23296281266002,5.100291528069869,2365717640302.848,1.0,40,TRIAL_056_AP3p4,rizk2025_refit_plot,rizk2025_refit_full,31702979539878.656,2.337841405696981e+23,7.6919167492277855e+25,1.727885760954903e+25,7.99590408933861e+22,1.5766127126249398e+19,2.974532099318962,54.8443132347886,0.8814793955876754,1.0894528544644502,1.9709322500521258,5.562656219861425,7.533588469913551,315078904860.07904,7.876972621501976e+16,829.1532492942529,0.49999999999999994,2805572.013754031,2677430.2601956744,1.0478599780780067,746343514.1149576,746335869.2643739,40494765.54491744,40478216.775113516,1.0000102431772322,1.0004088314931427,0.21890746543646963,72.02447504858809,16.179330709631117,11.577286776344321,6.544593300403853,5.0326934759404685,1.2364064577423384e+25,6.98935560311969e+24,5.374708974303694e+24,1.0679587381981997e+26,1.0142116484551627e+26,1.0277793949681968,1.6334967349118236e+16,0.001040625179792561,9.124557972827408e-07,1.0135295936301269e-07,1.0135295936301269e-07,0.012178514954073193,0.012178514954073193,8.933566514479042e+19,3.407086737502977e-05,5934529.818796294,1.2999999999999998,31702979539878.656,0.0,1.1024136679715828e-25,6.910085436585085e-22,2.9745320993189623e-09,5.48443132347886e-08,7.79289737384304e+25,3.226407969658956e+26,9.443180924239659e+25,0.008814793955876754,1.0894528544644502,5.562656219861425,0.019709322500521258,0.0753358846991355,88731495.44839936,23914401986.11834,7.061921485770939e-19,8.291532492942529e-07,1.5869040811286338e-12,0.0340735902799727,1.0,1.3705602340796549e-18,2.804370316124471e-20,6.262054628833568e-20,2.6363059898109156e-14,1.7995675661038836e+19,31702979539878.656,0.004384039473845635,0.0003955361053873962,1.3121593350126362e-05,5.3501845027565156e-06,1.3121593350126362e-05,5.3501845027565156e-06,3.200428953834928e-30,1.656228461759311e+19,1.6543263058440195e+18,11216.315675467029,4.9477619959187405e-19,-98290.5452280709,4.085987031699677e+21,3.771639415733347e+21,0.0,0.0,0.0,0.0,0.3333333333333333,0.3333333333333333,2.0,4.788179461519709e-19,7.08396822782879e-23,0.0,8.91742287927684e-19,,0.0,0.0,0.0,0.0,0.0,4.788179461519709e-19,8.91742287927684e-19,5.1686661057882994e-05,6.99025675058592e-18,2.6363059898109155e-20,1.680643263135559e-21,,,2.6363059898109155e-20,1.680643263135559e-21,,1.0020168470445707e-07,3.459063593417468,29973618962631.215,1.4949384127735085e-05,0.00038058672125966113,1.4949384127735085e-05,0.00038058672125966113,0.004384039473845635,0.0003955361053873962,False,False,1.0,1.468263339962239,1.4401100133358973e-08,0.22112936282138385,0.6737123691309117,1.0,1.4723310566959502,2.4739755520644176e-07,0.22253315584953162,0.6717102990377793,0.20657165155083,0.22168491773905882,0.008814793955876754,0.010894528544644502,True,AP3.4,130.0,8.3,7.498198192099515e+19,$(U_{0.8}Pu_{0.2})N$,0.8814793955876754,0.21890746543646963,72.02447504858809,16.179330709631117,6.544593300403853,5.0326934759404685,7.876972621501976e+16,8.29153249294253e-07,ok,
56,TRIAL_056,AP3.4,1650.0,1.3,7.498198192099515e+19,1.9722002640473183e-05,519754.0997222178,31702979539878.656,2.23296281266002,5.100291528069869,2365717640302.848,1.0,40,TRIAL_056_AP3p4,rizk2025_refit_plot,rizk2025_refit_full,31702979539878.656,1.555100658341492e+23,7.348058106126991e+25,1.973552013568758e+25,5.958731982587109e+22,1.5583898316190183e+19,3.267802843333426,59.448257410830216,0.8709836449097357,1.371456703153208,2.2424403480629436,6.291655365463343,8.534095713526286,246294048624.10593,6.157351215602648e+16,937.8157275093135,0.5,2434989.4560005236,2367202.782892072,1.0286357694399273,679362211.5539436,679355550.6351843,37350448.21870869,37343399.06144269,1.0000098047609285,1.0001887658178732,0.1456143016316502,68.80470043743661,18.47966539323818,12.570019867693592,6.240398802065007,6.329621065628585,1.3424262557028348e+25,6.664488430506901e+24,6.759774126521447e+24,1.0679587381981997e+26,1.0003609969329853e+26,1.0351509635207348,1.2303313551135064e+16,0.0008116026522158718,7.896399851937314e-07,1.2119590366973528e-07,1.2119590366973528e-07,0.01542537687393906,0.01542537687393906,8.711088545319703e+19,3.924075700337016e-05,5934529.818796294,1.2999999999999998,31702979539878.656,0.0,1.4616929364417895e-25,8.800472611710995e-22,3.2678028433334263e-09,5.944825741083022e-08,8.434091379321395e+25,4.120214872268378e+26,9.337161126279164e+25,0.008709836449097357,1.371456703153208,6.291655365463343,0.022424403480629435,0.08534095713526287,108236288.57842597,34661145654.591385,1.0218120008357441e-18,9.378157275093135e-07,2.030093714375942e-12,0.03407359027997264,1.0,2.332934307037629e-18,9.243457552501816e-20,2.0640296975137958e-19,9.020265555838444e-14,1.7995675661038836e+19,31702979539878.656,0.006073235033394546,0.0006724118410438877,1.2644044375558283e-05,5.297239544526231e-06,1.2644044375558283e-05,5.297239544526231e-06,3.8224876685165815e-30,1.8453221109430043e+19,1.9718748013047928e+18,19573.220233020278,7.622938686812697e-19,-92542.75874590554,4.5307106784114576e+21,4.331675894644369e+21,0.0,0.0,0.0,0.0,0.3333333333333333,0.3333333333333333,2.0,1.441192019109945e-18,2.5299362888157518e-23,0.0,8.91742287927684e-19,,0.0,0.0,0.0,0.0,0.0,1.441192019109945e-18,8.91742287927684e-19,1.0844438616140361e-05,1.189864508172757e-17,9.020265555838444e-20,2.2319199666337208e-21,,,9.020265555838444e-20,2.2319199666337208e-21,,1.0020168470445707e-07,3.459063593417468,29850112503764.168,2.725574591528094e-05,0.0006451560951286067,2.725574591528094e-05,0.0006451560951286067,0.006073235033394546,0.0006724118410438877,False,False,1.0,1.461965335245302,1.5884308221756684e-08,0.21894394313204607,0.6768317830189463,1.0,1.5250796682724905,2.483581216187664e-07,0.2402099764400676,0.6466151931813874,0.20574849478032187,0.2393650288886586,0.008709836449097357,0.01371456703153208,True,AP3.4,130.0,8.3,7.498198192099515e+19,$(U_{0.8}Pu_{0.2})N$,0.8709836449097357,0.1456143016316502,68.80470043743661,18.47966539323818,6.240398802065007,6.329621065628585,6.157351215602648e+16,9.378157275093136e-07,ok,
56,TRIAL_056,AP3.4,1700.0,1.3,7.498198192099515e+19,1.9722002640473183e-05,519754.0997222178,31702979539878.656,2.23296281266002,5.100291528069869,2365717640302.848,1.0,40,TRIAL_056_AP3p4,rizk2025_refit_plot,rizk2025_refit_full,31702979539878.656,8.713442115584354e+22,6.794937804396065e+25,2.3750720089163614e+25,3.869080720501e+22,1.5265240871867705e+19,3.7373882297474665,66.35040317363872,0.846059761142425,1.8677681668894677,2.713827928031893,7.391584952493881,10.105412880525774,178446742095.40182,4.4611685523850456e+16,1101.768011280676,0.5,2058698.7267712858,2014943.234210903,1.0217154964057924,594004175.4444675,593997696.6615546,33462889.112500653,33458726.60623131,1.0000109070842351,1.000124407193326,0.08158968885151112,63.62547129732844,22.23936116598896,14.053577847831079,6.025842810666139,8.027735037164941,1.5008641265539851e+25,6.435351484659703e+24,8.573289780880148e+24,1.0679587381981997e+26,9.822258403893982e+25,1.0483105014463345,8208111500215079.0,0.0005697453281263338,6.427300572268703e-07,1.8383236630388054e-07,1.8383236630388054e-07,0.02125858196851033,0.02125858196851033,8.675158234522026e+19,4.5896073644307675e-05,5934529.818796294,1.2999999999999998,31702979539878.656,0.0,2.186720366570358e-25,1.2235432002462375e-21,3.7373882297474665e-09,6.635040317363872e-08,9.19026578954818e+25,5.702239191562287e+26,9.178723255428012e+25,0.00846059761142425,1.8677681668894677,7.391584952493881,0.02713827928031893,0.10105412880525774,144252596.8049159,56294106142.340256,1.6568719306833105e-18,1.101768011280676e-06,2.80195645002411e-12,0.03407359027997264,1.0,4.9573286738281364e-18,2.899995230890099e-19,6.475581507468999e-19,2.8708990269161864e-13,1.7995675661038836e+19,31702979539878.656,0.009510792163081316,0.0014262714890303345,1.1976240645352597e-05,5.23131731624203e-06,1.1976240645352597e-05,5.23131731624203e-06,5.785941519542837e-30,2.1227059323145703e+19,2.9364199799600143e+18,38756.11935848228,1.2832537573153645e-18,-81790.71127417283,5.236328967369315e+21,5.102326495441125e+21,0.0,0.0,0.0,0.0,0.3333333333333333,0.3333333333333333,2.0,4.065586385900453e-18,8.846547337881255e-24,0.0,8.91742287927684e-19,,0.0,0.0,0.0,0.0,0.0,4.065586385900453e-18,8.91742287927684e-19,1.7845391984166736e-06,2.5283821436983485e-17,2.8708990269161863e-19,2.90962039739128e-21,,,2.8708990269161863e-19,2.90962039739128e-21,,1.0020168470445707e-07,3.459063593417468,29677274481611.527,6.32959870272624e-05,0.0013629755020030721,6.32959870272624e-05,0.0013629755020030721,0.009510792163081316,0.0014262714890303345,False,False,1.0,1.4512410838972727,1.8343657469865377e-08,0.21518876207082543,0.6821991441782467,1.0,1.6079454912403977,2.500743509688678e-07,0.266161667471342,0.6101852156389153,0.2037669195844616,0.265322648033286,0.00846059761142425,0.018677681668894677,True,AP3.4,130.0,8.3,7.498198192099515e+19,$(U_{0.8}Pu_{0.2})N$,0.846059761142425,0.08158968885151112,63.62547129732844,22.23936116598896,6.025842810666139,8.027735037164941,4.4611685523850456e+16,1.101768011280676e-06,ok,
56,TRIAL_056,AP3.4,1750.0,1.3,7.498198192099515e+19,1.9722002640473183e-05,519754.0997222178,31702979539878.656,2.23296281266002,5.100291528069869,2365717640302.848,1.0,40,TRIAL_056_AP3p4,rizk2025_refit_plot,rizk2025_refit_full,31702979539878.656,4.485551271884843e+22,6.070084283032302e+25,2.916987234749362e+25,2.3081228280631107e+22,1.4777045250558951e+19,4.365491950113281,75.23772167621551,0.8043537683559584,2.6362289215382577,3.4405826898942156,8.929653582254392,12.37023627214861,122268489356.81319,3.0567122339203296e+16,1331.0280179390163,0.5,1700669.8345888304,1667883.748561117,1.0196572968925428,508540926.73650634,508533751.8357795,29510033.855844315,29506475.615433164,1.0000141089961108,1.0001205918476177,0.042001166444432254,56.83819108286345,27.313669811539164,15.806137939152958,5.85043530770896,9.955702631443996,1.6880303129284484e+25,6.248023509131056e+24,1.0632279620153427e+25,1.0679587381981997e+26,9.616359419966654e+25,1.0691655106632842,5134201170276490.0,0.0003804026942137202,5.065890573916552e-07,3.734539199341079e-07,3.734539199341079e-07,0.030562109504526053,0.030562109504526053,8.756377349339149e+19,5.411680686119179e-05,5934529.818796294,1.2999999999999998,31702979539878.656,0.0,3.484882860549244e-25,1.784002739951372e-21,4.365491950113281e-09,7.523772167621551e-08,9.87165620599262e+25,8.174967442595411e+26,8.991557069053549e+25,0.008043537683559584,2.6362289215382577,8.929653582254392,0.03440582689894216,0.12370236272148609,204403392.63201657,99400667817.44229,2.92132621552073e-18,1.3310280179390162e-06,4.08936106620948e-12,0.03407359027997264,1.0,1.170078713301288e-17,8.589643716813095e-19,1.9180354993642437e-18,8.552344067970446e-13,1.7995675661038836e+19,31702979539878.656,0.01552215972856971,0.003359512558017328,1.1233342107689817e-05,5.163891202796674e-06,1.1233342107689817e-05,5.163891202796674e-06,1.1729147723809622e-29,2.480758245810065e+19,5.750221103821143e+18,83493.26390953179,2.286090976219139e-18,-68418.37825632261,6.142268193092854e+21,6.047856753062741e+21,0.0,0.0,0.0,0.0,0.3333333333333333,0.3333333333333333,2.0,1.0809044845085196e-17,3.0549830664988003e-24,0.0,8.91742287927684e-19,,0.0,0.0,0.0,0.0,0.0,1.0809044845085196e-17,8.91742287927684e-19,2.610920984862119e-07,5.967742548625453e-17,8.552344067970446e-19,3.7299648842649055e-21,,,8.552344067970446e-19,3.7299648842649055e-21,,1.0020168470445707e-07,3.459063593417468,29479403717665.305,0.0001639296037036866,0.0031955829543136413,0.0001639296037036866,0.0031955829543136413,0.01552215972856971,0.003359512558017328,False,False,1.0,1.4365427811108313,2.1790745098555712e-08,0.20997131876659977,0.6896716248456223,1.0,1.7209776053463128,2.5279845198133725e-07,0.29844882690157976,0.565618432175267,0.20036215784231606,0.2976192651878671,0.008043537683559584,0.026362289215382577,True,AP3.4,130.0,8.3,7.498198192099515e+19,$(U_{0.8}Pu_{0.2})N$,0.8043537683559584,0.042001166444432254,56.83819108286345,27.313669811539164,5.85043530770896,9.955702631443996,3.0567122339203296e+16,1.3310280179390164e-06,ok,
56,TRIAL_056,AP3.4,1800.0,1.3,7.498198192099515e+19,1.9722002640473183e-05,519754.0997222178,31702979539878.656,2.23296281266002,5.100291528069869,2365717640302.848,1.0,40,TRIAL_056_AP3p4,rizk2025_refit_plot,rizk2025_refit_full,31702979539878.656,2.2638662269328192e+22,5.227842361381591e+25,3.571378225233814e+25,1.3208912373462398e+22,1.4089744558063466e+19,5.123659130081278,85.86056572831161,0.7442114636530907,3.7357083740921193,4.47991983774521,10.882411136776218,15.362330974521427,82325335600.72891,2.0581333900182228e+16,1622.1003415592609,0.5,1395027.4762401504,1368595.9759221813,1.0193128584205862,433292985.70996153,433284093.19157493,25859878.757349025,25855874.360585287,1.0000205235283879,1.0001548737709618,0.02119806829571232,48.95172607699914,33.441163010279254,17.5859128444259,5.692858176496527,11.893054667929372,1.8781029291396596e+25,6.079737634912535e+24,1.2701291656484061e+25,1.0679587381981997e+26,9.40945821633359e+25,1.1000560752520834,3141893781733206.0,0.00025274033988898636,3.9452329791645414e-07,9.304796332071711e-07,9.304796332071711e-07,0.04444348994603046,0.04444348994603046,8.875607338385592e+19,6.399984633641067e-05,5934529.818796294,1.2999999999999998,31702979539878.656,0.0,5.63416156161549e-25,2.6513669986686866e-21,5.123659130081279e-09,8.586056572831162e-08,1.026352376525577e+26,1.1748029525361352e+27,8.801484452842338e+25,0.007442114636530907,3.7357083740921193,10.882411136776218,0.044799198377452096,0.15362330974521426,295400563.6563092,180129243664.9559,5.287514983020544e-18,1.6221003415592609e-06,6.073464460867293e-12,0.03407359027997264,1.0,2.8109916689626407e-17,2.4025223904971453e-18,5.36474315456318e-18,2.3978131732901632e-12,1.7995675661038836e+19,31702979539878.656,0.024875792322075266,0.008054408027655325,1.0510193108190272e-05,5.101289750289857e-06,1.0510193108190272e-05,5.101289750289857e-06,2.919898243646377e-29,2.9026785123127337e+19,1.3631510882290954e+19,182420.96072377884,4.095293898988167e-18,-55576.212744927194,7.163635591625782e+21,7.099714560451831e+21,0.0,0.0,0.0,0.0,0.3333333333333333,0.3333333333333333,2.0,2.721817440169872e-17,1.0491064501063835e-24,0.0,8.91742287927684e-19,,0.0,0.0,0.0,0.0,0.0,2.721817440169872e-17,8.91742287927684e-19,3.732157806406955e-08,1.4336876994685138e-16,2.397813173290163e-18,4.7092172069822286e-21,,,2.397813173290163e-18,4.7092172069822286e-21,,1.0020168470445707e-07,3.459063593417468,29283483125038.566,0.0004283761955338163,0.007626031832121509,0.0004283761955338163,0.007626031832121509,0.024875792322075266,0.008054408027655325,False,False,1.0,1.4178356761202138,2.624663028917009e-08,0.2032091301526444,0.6993819586597326,1.0,1.8644912474190385,2.5684373122465283e-07,0.3351061953745554,0.5161562767695523,0.19523849527213083,0.334290721038731,0.007442114636530907,0.03735708374092119,True,AP3.4,130.0,8.3,7.498198192099515e+19,$(U_{0.8}Pu_{0.2})N$,0.7442114636530907,0.02119806829571232,48.95172607699914,33.441163010279254,5.692858176496527,11.893054667929372,2.0581333900182228e+16,1.6221003415592609e-06,ok,
56,TRIAL_056,AP3.8,900.0,1.1,6.863735268152632e+19,1.9722002640473183e-05,519754.0997222178,31702979539878.656,2.23296281266002,5.100291528069869,2365717640302.848,1.0,40,TRIAL_056_AP3p8,rizk2025_refit_plot,rizk2025_refit_full,31702979539878.656,3.316881295481087e+23,6.564554326381517e+25,1.4553304338472073e+25,8.818029345957478e+22,1.6356913742007146e+19,2.6042937494539853,29.93386611954604,0.6524241897621053,0.18377160508111237,0.8361957948432176,0.0836025412310032,0.9197983360742209,2094841401434.4854,5.237103503586213e+17,108.81863801011177,0.05725834399709895,3691975183731.0835,20400916.980726324,180971.04101835523,863750924.8326054,852438401.1847527,301051284.6679841,74163490.6474843,1.0132707813633572,4.059292274940892,0.3670507559632617,72.64428278886457,16.104891563280393,10.88377489189179,10.88377489189179,0.0,9.835203654165981e+24,9.835203654165981e+24,0.0,9.036573938600132e+25,9.036573938600133e+25,1.004609087854344,1.9576249720129004e+16,0.001345141962352946,1.1239512810145793e-06,2.0801713548462677e-07,2.0801713548462677e-07,0.0021207919054021833,0.0021207919054021833,2.8438302842756563e+19,6.348189764739092e-06,5485699.832500776,1.0999999999999999,31702979539878.656,0.0,7.398752761706351e-26,1.1235102659321223e-22,2.6042937494539854e-09,2.993386611954604e-08,3.232528726707299e+25,2.0561121444450953e+25,8.053053573183535e+25,0.006524241897621053,0.18377160508111237,0.0836025412310032,0.008361957948432176,0.009197983360742209,18779853.49617613,2163.510954186095,1.5963507533077141e-21,1.0881863801011177e-07,2.7333020990462635e-14,0.736529664754569,0.0,8.162871712571295e-19,5.5598665086701915e-25,1.2414975157214435e-24,5.119872410101689e-28,1.6472964643566316e+19,31702979539878.656,0.0025440742994362457,0.000237402710422971,1.2635748087174347e-05,5.405523551798708e-06,1.2635748087174347e-05,5.405523551798708e-06,3.684527117589995e-30,7.251104103412535e+18,1.84324110208798e+18,0.0005189432978597762,4.0146810962538786e-21,-32742.341545122144,5.837454371223232e+21,0.0,0.0,0.0,0.0,0.0,0.3333333333333333,0.3333333333333333,2.0,2.4966082885114063e-31,1.045298780017561e-24,0.0,8.162871712568798e-19,,0.0,0.0,0.0,0.0,0.0,2.4966082885114063e-31,8.162871712568798e-19,1.2805527476411767e-06,4.163302544034856e-18,5.119872410101689e-34,5.559866503550319e-25,,,5.119872410101689e-34,5.559866503550319e-25,,1.0020168470445707e-07,3.459063593417468,30723759033394.21,5.057542919450785e-06,0.0002323451675035202,5.057542919450785e-06,0.0002323451675035202,0.0025440742994362457,0.000237402710422971,False,False,1.0,1.414208978151259,1.394010374425545e-08,0.20188198974738863,0.7012910006622792,1.0,1.2233053206343678,2.443823897950105e-07,0.1233431870459555,0.8159234627964247,0.18685727809598252,0.12248779111002636,0.006524241897621053,0.0018377160508111236,True,AP3.8,119.0,8.3,6.863735268152632e+19,$(U_{0.8}Pu_{0.2})N$,0.6524241897621053,0.3670507559632617,72.64428278886457,16.104891563280393,10.88377489189179,0.0,5.237103503586213e+17,1.0881863801011177e-07,ok,
56,TRIAL_056,AP3.8,950.0,1.1,6.863735268152632e+19,1.9722002640473183e-05,519754.0997222178,31702979539878.656,2.23296281266002,5.100291528069869,2365717640302.848,1.0,40,TRIAL_056_AP3p8,rizk2025_refit_plot,rizk2025_refit_full,31702979539878.656,3.30948616170013e+23,6.55448602413802e+25,1.4677454966032394e+25,8.773722247059938e+22,1.6334485816158616e+19,2.615931550963725,31.7006693412389,0.6578874758378078,0.21797132992371177,0.8758588057615195,0.08342811950828195,0.9592869252698014,2095174025721.6953,5.237935064304238e+17,108.73715357337075,0.05718170292762524,582962929299.6082,20416204.830136996,28553.932239114216,853245302.6155382,848646058.4880896,206529138.0633189,70030067.06587224,1.0054195080286386,2.9491495112956527,0.36623240004306407,72.53286553812433,16.242278396392006,10.8586236654406,10.8586236654406,0.0,9.812475562418716e+24,9.812475562418716e+24,0.0,9.036573938600132e+25,9.036573938600132e+25,1.0054700976714646,1.9489056753134736e+16,0.001340433167667288,1.1129178044554862e-06,2.972159161267588e-07,2.972159161267588e-07,0.002509497608763521,0.002509497608763521,3.820642534718684e+19,6.966070468271068e-06,5485699.832500776,1.0999999999999999,31702979539878.656,0.0,7.498385033310862e-26,1.3344241892700856e-22,2.615931550963725e-09,3.17006693412389e-08,3.4488277417522666e+25,3.190628142374712e+25,8.05532638235826e+25,0.006578874758378078,0.21797132992371177,0.08342811950828195,0.008758588057615195,0.009592869252698014,18733480.73611928,14427.274892986603,1.592767349806079e-21,1.0873715357337075e-07,2.72921018615285e-14,0.7371249214683093,0.0,8.162871712643784e-19,1.555632732564192e-24,3.47367004197253e-24,2.2845010932250072e-26,1.6472964643566316e+19,31702979539878.656,0.0025417571561265526,0.0002372654892169282,1.2614761590193828e-05,5.344428577886614e-06,1.2614761590193828e-05,5.344428577886614e-06,5.308191478966785e-30,7.745338940949558e+18,2.734638235912979e+18,0.0034609042769258324,4.009714056227298e-21,-32715.322945745564,5.825907969590651e+21,0.0,0.0,0.0,0.0,0.0,0.3333333333333333,0.3333333333333333,2.0,7.498646671560408e-30,3.8979387444212507e-23,0.0,8.162871712568798e-19,,0.0,0.0,0.0,0.0,0.0,7.498646671560408e-30,8.162871712568798e-19,4.775205199395189e-05,4.163302544071828e-18,2.284501093225007e-32,1.555632709719181e-24,,,2.284501093225007e-32,1.555632709719181e-24,,1.0020168470445707e-07,3.459063593417468,30667390706202.223,5.346601204332379e-06,0.00023191888801259584,5.346601204332379e-06,0.00023191888801259584,0.0025417571561265526,0.0002372654892169282,False,False,1.0,1.4155590836484409,1.396353257783376e-08,0.2023766647269025,0.7005793040661649,1.0,1.2389458165908231,2.4449416251270745e-07,0.13051203303531056,0.8053434816762778,0.18737739904271514,0.12965814124060812,0.006578874758378078,0.0021797132992371175,True,AP3.8,119.0,8.3,6.863735268152632e+19,$(U_{0.8}Pu_{0.2})N$,0.6578874758378078,0.36623240004306407,72.53286553812433,16.242278396392006,10.8586236654406,0.0,5.237935064304238e+17,1.0873715357337075e-07,ok,
56,TRIAL_056,AP3.8,1000.0,1.1,6.863735268152632e+19,1.9722002640473183e-05,519754.0997222178,31702979539878.656,2.23296281266002,5.100291528069869,2365717640302.848,1.0,40,TRIAL_056_AP3p8,rizk2025_refit_plot,rizk2025_refit_full,31702979539878.656,3.302702412311226e+23,6.543954567569742e+25,1.480560422202992e+25,8.73092898390734e+22,1.6306584391271258e+19,2.626806690666697,33.662000341412195,0.6628776959734525,0.26053817810904556,0.923415874082498,0.08333949431780113,1.0067553684002992,2095334499611.0664,5.238336249027666e+17,108.69586131029725,0.05714265871993645,110994537617.20648,20423960.70318171,5434.525615783984,847221713.7556741,845132612.1133614,151765241.46648088,65949734.93802972,1.0024719216988784,2.3012259504771095,0.3654817007808218,72.4163229563911,16.384090168052648,10.83410517477542,10.83410517477542,0.0,9.790319247042837e+24,9.790319247042837e+24,0.0,9.036573938600132e+25,9.036573938600132e+25,1.006543263819182,1.9409244669093748e+16,0.0013360365861233212,1.1014015930494023e-06,3.9753470153241134e-07,3.9753470153241134e-07,0.002990258432028425,0.002990258432028425,4.9687605150032806e+19,7.717257311768039e-06,5485699.832500776,1.0999999999999999,31702979539878.656,0.0,7.592292838428241e-26,1.597748319681888e-22,2.626806690666697e-09,3.3662000341412194e-08,3.650281520283628e+25,4.610382740974931e+25,8.057542013895848e+25,0.006628776959734525,0.26053817810904556,0.08333949431780113,0.00923415874082498,0.010067553684002991,18689749.53423447,79576.5372833279,1.590953508058413e-21,1.0869586131029724e-07,2.7271377782661053e-14,0.7374285145268454,0.0,8.162871714171498e-19,3.863167302789697e-24,8.626308926213503e-24,6.972208708889678e-25,1.6472964643566316e+19,31702979539878.656,0.0025390916786621107,0.00023711409222463265,1.2595234527069144e-05,5.28378090239514e-06,1.2595234527069144e-05,5.28378090239514e-06,7.159107147480296e-30,8.21643911119833e+18,3.756527547726341e+18,0.019094543798432572,4.0086771250883184e-21,-32713.45878752933,5.815284285091126e+21,0.0,0.0,0.0,0.0,0.0,0.3333333333333333,0.3333333333333333,2.0,1.6026995865756309e-28,4.883477169444583e-22,0.0,8.162871712568798e-19,,0.0,0.0,0.0,0.0,0.0,1.6026995865756309e-28,8.162871712568798e-19,0.0005982547981204234,4.163302544851006e-18,6.972208708889678e-31,3.863166605568826e-24,,,6.972208708889678e-31,3.863166605568826e-24,,1.0020168470445707e-07,3.459063593417468,30605201964282.09,5.665499930469074e-06,0.00023144859229416357,5.665499930469074e-06,0.00023144859229416357,0.0025390916786621107,0.00023711409222463265,False,False,1.0,1.4167832856122977,1.3986311750577754e-08,0.20282457039995844,0.699935023350934,1.0,1.2566636205385444,2.446335018361164e-07,0.13845411781782133,0.7936458743378362,0.18784997235205345,0.1376016972135376,0.006628776959734525,0.0026053817810904557,True,AP3.8,119.0,8.3,6.863735268152632e+19,$(U_{0.8}Pu_{0.2})N$,0.6628776959734525,0.3654817007808218,72.4163229563911,16.384090168052648,10.83410517477542,0.0,5.238336249027666e+17,1.0869586131029725e-07,ok,
56,TRIAL_056,AP3.8,1050.0,1.1,6.863735268152632e+19,1.9722002640473183e-05,519754.0997222178,31702979539878.656,2.23296281266002,5.100291528069869,2365717640302.848,1.0,40,TRIAL_056_AP3p8,rizk2025_refit_plot,rizk2025_refit_full,31702979539878.656,3.29626188041492e+23,6.534086054375362e+25,1.49265351186293e+25,8.689393951727345e+22,1.627392949996332e+19,2.637473783239035,35.70872201014617,0.6677940586097385,0.3103873133054615,0.9781813719152,0.08360507636359753,1.0617864482787975,2094788122940.6653,5.2369703073516634e+17,108.8206604842981,0.05725901607717963,24802261532.956413,20400537.821770776,1215.7650817660435,842759586.2347276,841714527.7833463,117914625.79074346,62169685.02454992,1.0012415830033652,1.8966579249063376,0.36476898244973016,72.30711659940854,16.517914001533185,10.810200416608536,10.810200416608536,0.0,9.768717535576897e+24,9.768717535576897e+24,0.0,9.036573938600132e+25,9.036573938600132e+25,1.0078021506237478,1.933362310830969e+16,0.0013316836468195152,1.0902912568730093e-06,5.020547601277786e-07,5.020547601277786e-07,0.0035502146167084186,0.0035502146167084186,6.233286698841883e+19,8.587326678914579e-06,5485699.832500776,1.0999999999999999,31702979539878.656,0.0,7.685162651383636e-26,1.907267161911701e-22,2.6374737832390353e-09,3.570872201014617e-08,3.8472783617574965e+25,6.2815061787580825e+25,8.059702185042442e+25,0.006677940586097385,0.3103873133054615,0.08360507636359753,0.009781813719152,0.010617864482787976,18653375.830417756,373197.4083217728,1.5964397630101635e-21,1.088206604842981e-07,2.73340370083822e-14,0.7365244487882198,0.0,8.162871738158613e-19,8.68048799131575e-24,1.9383206880349942e-23,1.5366002896313798e-23,1.6472964643566316e+19,31702979539878.656,0.002536512643535875,0.0002369572750224608,1.2576159483700488e-05,5.227295699760574e-06,1.2576159483700488e-05,5.227295699760574e-06,9.111877105784487e-30,8.683952296790262e+18,4.836940461610206e+18,0.08960973451243111,4.022423063806553e-21,-32803.80847787721,5.805195076406499e+21,0.0,0.0,0.0,0.0,0.0,0.3333333333333333,0.3333333333333333,2.0,2.558981501392922e-27,2.652535369540001e-21,0.0,8.162871712568798e-19,,0.0,0.0,0.0,0.0,0.0,2.558981501392922e-27,8.162871712568798e-19,0.0032495124934283997,4.163302557085134e-18,1.5366002896313797e-29,8.680472625312854e-24,,,1.5366002896313797e-29,8.680472625312854e-24,,1.0020168470445707e-07,3.459063593417468,30540789840470.895,5.995791901064061e-06,0.00023096148312139674,5.995791901064061e-06,0.00023096148312139674,0.002536512643535875,0.0002369572750224608,False,False,1.0,1.4179854070007847,1.4008564253744815e-08,0.20326380780581638,0.6993033298758031,1.0,1.2755543849707882,2.4479698759877505e-07,0.14672173782424638,0.7814966523751031,0.1883132376726053,0.14587067319513708,0.006677940586097385,0.003103873133054615,True,AP3.8,119.0,8.3,6.863735268152632e+19,$(U_{0.8}Pu_{0.2})N$,0.6677940586097385,0.36476898244973016,72.30711659940854,16.517914001533185,10.810200416608536,0.0,5.2369703073516634e+17,1.088206604842981e-07,ok,
56,TRIAL_056,AP3.8,1100.0,1.1,6.863735268152632e+19,1.9722002640473183e-05,519754.0997222178,31702979539878.656,2.23296281266002,5.100291528069869,2365717640302.848,1.0,40,TRIAL_056_AP3p8,rizk2025_refit_plot,rizk2025_refit_full,31702979539878.656,3.2900493458701215e+23,6.52545829150386e+25,1.5034292192535685e+25,8.649345476255741e+22,1.6237557755584125e+19,2.648120500905981,37.751767150859585,0.6727986076484666,0.3659495143195727,1.0387481219680392,0.08518489252051321,1.1239330144885524,2091690558462.0242,5.22922639615506e+17,109.55584605351513,0.05794948934546628,6358955872.099185,20263637.95242464,313.81116693008744,838898999.60423,838330430.6735622,95872427.49691328,58805194.23444929,1.0006782157844503,1.6303394410140262,0.364081494626689,72.21164056025782,16.637159497269238,10.787118447846243,10.787118447846243,0.0,9.747859343840007e+24,9.747859343840007e+24,0.0,9.036573938600132e+25,9.036573938600132e+25,1.0092080218925772,1.926081977876687e+16,0.0013272932393003161,1.0800576738280797e-06,6.028325991558361e-07,6.028325991558361e-07,0.004171579851354012,0.004171579851354012,7.549790958263951e+19,9.567554048590066e-06,5485699.832500776,1.0999999999999999,31702979539878.656,0.0,7.778607173172111e-26,2.2537226338346477e-22,2.6481205009059815e-09,3.775176715085959e-08,4.043683808243958e+25,8.152017626282357e+25,8.061788004216131e+25,0.006727986076484666,0.3659495143195727,0.08518489252051321,0.010387481219680392,0.011239330144885524,18641111.715888612,1523918.8650174192,1.6290151939710981e-21,1.0955584605351512e-07,2.770461869277419e-14,0.7312017141267428,0.0,8.162872030182321e-19,1.792226870002319e-23,4.001975952565242e-23,2.556484784617257e-22,1.6472964643566316e+19,31702979539878.656,0.002534260378849918,0.00023680207708668343,1.2557197904644838e-05,5.176775555469378e-06,1.2557197904644838e-05,5.176775555469378e-06,1.1017105520652816e-29,9.153380410805335e+18,5.890300034491556e+18,0.3666472992139812,4.090384349434877e-21,-33231.12475597808,5.795476864007603e+21,0.0,0.0,0.0,0.0,0.0,0.3333333333333333,0.3333333333333333,2.0,3.1761352235744896e-26,7.564160303615265e-21,0.0,8.162871712568798e-19,,0.0,0.0,0.0,0.0,0.0,3.1761352235744896e-26,8.162871712568798e-19,0.009266542799699283,4.163302706025738e-18,2.556484784617257e-28,1.7922013051544728e-23,,,2.556484784617257e-28,1.7922013051544728e-23,,1.0020168470445707e-07,3.459063593417468,30477043215647.11,6.322662807374575e-06,0.00023047941427930887,6.322662807374575e-06,0.00023047941427930887,0.002534260378849918,0.00023680207708668343,False,False,1.0,1.4192076676711887,1.403015511332741e-08,0.2037098063610994,0.6986620331673957,1.0,1.2948230632731192,2.4497960165687675e-07,0.15495144357532775,0.7694330228329683,0.1887824833199723,0.15410156822549748,0.006727986076484666,0.0036594951431957266,True,AP3.8,119.0,8.3,6.863735268152632e+19,$(U_{0.8}Pu_{0.2})N$,0.6727986076484666,0.364081494626689,72.21164056025782,16.637159497269238,10.787118447846243,0.0,5.22922639615506e+17,1.0955584605351513e-07,ok,
56,TRIAL_056,AP3.8,1150.0,1.1,6.863735268152632e+19,1.9722002640473183e-05,519754.0997222178,31702979539878.656,2.23296281266002,5.100291528069869,2365717640302.848,1.0,40,TRIAL_056_AP3p8,rizk2025_refit_plot,rizk2025_refit_full,31702979539878.656,3.2839967847987046e+23,6.518291615543286e+25,1.512654983488032e+25,8.61096165277134e+22,1.6198680493539924e+19,2.6588087472112285,39.725672402108806,0.6779560819715914,0.4253848507411919,1.1033409327127832,0.09111177467709616,1.1944527073898794,2080525082567.348,5.20131270641837e+17,112.24000890950099,0.06049916825640414,1833314481.1134267,19779043.333736584,92.68974490724692,835293428.5323894,834960394.3226507,80917728.08195479,55883257.998224676,1.000398862283772,1.447977998786782,0.3634117096935338,72.13233311465655,16.73925310373059,10.765002071919362,10.765002071919362,0.0,9.727873717208292e+24,9.727873717208292e+24,0.0,9.036573938600132e+25,9.036573938600135e+25,1.010715063518519,1.919002975027299e+16,0.0013228503325735572,1.0709001340868294e-06,6.916532822437851e-07,6.916532822437851e-07,0.004833931961154906,0.004833931961154906,8.850237920883956e+19,1.0649389486674323e-05,5485699.832500776,1.0999999999999999,31702979539878.656,0.0,7.873175021670186e-26,2.626046306122505e-22,2.6588087472112287e-09,3.972567240210881e-08,4.241072765896782e+25,1.015961392016393e+26,8.063786566879306e+25,0.006779560819715914,0.4253848507411919,0.09111177467709616,0.011033409327127833,0.011944527073898795,18702728.073250026,5544328.997853074,1.7517073058242605e-21,1.1224000890950099e-07,2.907879783008852e-14,0.712146961850412,0.0,8.162874879327773e-19,3.4427700444941665e-23,7.687577481895356e-23,3.330768464716398e-21,1.6472964643566316e+19,31702979539878.656,0.0025324478405967282,0.00023665360266788258,1.2538239353500874e-05,5.1327127265147925e-06,1.2538239353500874e-05,5.1327127265147925e-06,1.271681045179045e-29,9.625421207048296e+18,6.827204936410841e+18,1.3422516276394456,4.336669578919388e-21,-34747.49395559747,5.786032770096713e+21,0.0,0.0,0.0,0.0,0.0,0.3333333333333333,0.3333333333333333,2.0,3.1667589742037936e-25,1.3094981712716537e-20,0.0,8.162871712568798e-19,,0.0,0.0,0.0,0.0,0.0,3.1667589742037936e-25,8.162871712568798e-19,0.01604211984907324,4.1633041591729796e-18,3.330768464716398e-27,3.4424369676476946e-23,,,3.330768464716398e-27,3.4424369676476946e-23,,1.0020168470445707e-07,3.459063593417468,30416031237769.41,6.635504730240308e-06,0.00023001809793764228,6.635504730240308e-06,0.00023001809793764228,0.0025324478405967282,0.00023665360266788258,False,False,1.0,1.420466741686643,1.4050973938054498e-08,0.20416860963675235,0.698002451534571,1.0,1.3138327375138852,2.451754046934751e-07,0.16287835345280888,0.7578429988973004,0.18926363942436691,0.1620294681369453,0.006779560819715914,0.004253848507411919,True,AP3.8,119.0,8.3,6.863735268152632e+19,$(U_{0.8}Pu_{0.2})N$,0.6779560819715914,0.3634117096935338,72.13233311465655,16.73925310373059,10.765002071919362,0.0,5.20131270641837e+17,1.12240008909501e-07,ok,
56,TRIAL_056,AP3.8,1200.0,1.1,6.863735268152632e+19,1.9722002640473183e-05,519754.0997222178,31702979539878.656,2.23296281266002,5.100291528069869,2365717640302.848,1.0,40,TRIAL_056_AP3p8,rizk2025_refit_plot,rizk2025_refit_full,31702979539878.656,3.278051924152296e+23,6.512595238560736e+25,1.5203185700866424e+25,8.574277663459337e+22,1.6158534343132725e+19,2.6695561935116303,41.58684994056232,0.6832873080482833,0.4868090584067959,1.1700963664550792,0.11012341431193404,1.2802197807670133,2046883786833.425,5.117209467083563e+17,120.21057370614842,0.0682746667042855,582830286.2017753,18467593.420082428,31.55962300794328,831807212.3295561,831598902.2428976,70440674.23425736,53382259.131742805,1.0002504934603649,1.319552139230673,0.36275384304110536,72.06929620463673,16.824059432441906,10.743890519880258,10.743890519880258,0.0,9.708796107112297e+24,9.708796107112297e+24,0.0,9.036573938600132e+25,9.036573938600132e+25,1.0122759922107922,1.912067363753033e+16,0.0013183612933801887,1.0628609863337163e-06,7.609555617707452e-07,7.609555617707452e-07,0.005516576835897612,0.005516576835897612,1.006947397414005e+20,1.1822612370155531e-05,5485699.832500776,1.0999999999999999,31702979539878.656,0.0,7.969036400118252e-26,3.0127055342348344e-22,2.6695561935116305e-09,4.158684994056232e-08,4.440131310696556e+25,1.2239833336833803e+26,8.065694327888902e+25,0.006832873080482833,0.4868090584067959,0.11012341431193404,0.011700963664550791,0.012802197807670132,18972833.083273422,18460968.567385323,2.152020843006381e-21,1.2021057370614842e-07,3.335541917106488e-14,0.6592175558258002,0.0,8.162897780388003e-19,6.217615733574239e-23,1.3883704716481126e-22,3.503783313863259e-20,1.6472964643566316e+19,31702979539878.656,0.00253111140468657,0.0002365155716814915,1.2519253185983524e-05,5.094858124760196e-06,1.2519253185983524e-05,5.094858124760196e-06,1.4063236519022084e-29,1.0099774579833586e+19,7.565357399682011e+18,4.548862227169863,5.1125212678335705e-21,-39274.13883261156,5.77679481645691e+21,0.0,0.0,0.0,0.0,0.0,0.3333333333333333,0.3333333333333333,2.0,2.6067819204802983e-24,1.5382006404450104e-20,0.0,8.162871712568798e-19,,0.0,0.0,0.0,0.0,0.0,2.6067819204802983e-24,8.162871712568798e-19,0.018843806229457596,4.163315839381327e-18,3.503783313863259e-26,6.214111950260375e-23,,,3.503783313863259e-26,6.214111950260375e-23,,1.0020168470445707e-07,3.459063593417468,30359073186051.47,6.927569022524979e-06,0.00022958800265896652,6.927569022524979e-06,0.00022958800265896652,0.00253111140468657,0.0002365155716814915,False,False,1.0,1.4217676501560363,1.4070986630307414e-08,0.20464198918745644,0.6973220500020868,1.0,1.3321122120014681,2.4537826353014155e-07,0.17032854096183522,0.7469779583501607,0.18975844724254987,0.16948042729961033,0.006832873080482833,0.004868090584067959,True,AP3.8,119.0,8.3,6.863735268152632e+19,$(U_{0.8}Pu_{0.2})N$,0.6832873080482833,0.36275384304110536,72.06929620463673,16.824059432441906,10.743890519880258,0.0,5.117209467083563e+17,1.2021057370614842e-07,ok,
56,TRIAL_056,AP3.8,1250.0,1.1,6.863735268152632e+19,1.9722002640473183e-05,519754.0997222178,31702979539878.656,2.23296281266002,5.100291528069869,2365717640302.848,1.0,40,TRIAL_056_AP3p8,rizk2025_refit_plot,rizk2025_refit_full,31702979539878.656,3.272146127488069e+23,6.508252234892398e+25,1.5265402263887387e+25,8.53915755591904e+22,1.611819841374472e+19,2.6803694229684156,43.31214449408651,0.6887912175234566,0.5485726719979956,1.2373638895214523,0.16567627451016442,1.4030401640316168,1961646787755.9685,4.9041169693899206e+17,139.70984540919565,0.08838038695291406,200755191.89613578,15890075.559799314,12.633998569775917,828382133.7521718,828244040.1597432,62903890.04139655,51255831.95962742,1.0001667305597537,1.2272533219428363,0.36210029926396664,72.0212359143337,16.89290915739707,10.723754629005278,10.723754629005278,0.0,9.690600160441162e+24,9.690600160441162e+24,0.0,9.036573938600132e+25,9.036573938600133e+25,1.013849106461088,1.9052206744284452e+16,0.0013138317378696648,1.0558862546431856e-06,8.047178029209509e-07,8.047178029209509e-07,0.006201503086034357,0.006201503086034357,1.1152170190498415e+20,1.3077097319612737e-05,5485699.832500776,1.0999999999999999,31702979539878.656,0.0,8.066266642966566e-26,3.40343664916175e-22,2.6803694229684156e-09,4.331214449408651e-08,4.641163069006234e+25,1.4335865731040191e+26,8.067513922556017e+25,0.006887912175234566,0.5485726719979956,0.16567627451016442,0.012373638895214523,0.014030401640316168,19760132.600684453,58145518.02877207,3.3783100106353048e-21,1.3970984540919565e-07,4.505417973539317e-14,0.549480214255006,0.0,8.1630529947906185e-19,1.066087053798265e-22,2.3805327461898073e-22,3.0533079764031823e-19,1.6472964643566316e+19,31702979539878.656,0.002530256301460104,0.00023639279410885415,1.2500228755624265e-05,5.062571204368875e-06,1.2500228755624265e-05,5.062571204368875e-06,1.4936916182160242e-29,1.0576390191443794e+19,8.039474174657393e+18,14.953591920460513,7.334230475552858e-21,-50508.606932031704,5.767724515577016e+21,0.0,0.0,0.0,0.0,0.0,0.3333333333333333,0.3333333333333333,2.0,1.8128222181985484e-23,1.3360203119369858e-20,0.0,8.162871712568798e-19,,0.0,0.0,0.0,0.0,0.0,1.8128222181985484e-23,8.162871712568798e-19,0.016366674487959202,4.163395003251597e-18,3.0533079764031822e-25,1.0630337458218618e-22,,,3.0533079764031822e-25,1.0630337458218618e-22,,1.0020168470445707e-07,3.459063593417468,30306809131465.402,7.195676065664361e-06,0.0002291971180431898,7.195676065664361e-06,0.0002291971180431898,0.002530256301460104,0.00023639279410885415,False,False,1.0,1.4231095001022078,1.4090253251871972e-08,0.20512955714298117,0.6966213989064202,1.0,1.3493661986995322,2.455827667411312e-07,0.17721215588967684,0.7369643645682482,0.19026658953277964,0.17636458857617626,0.006887912175234566,0.0054857267199799565,True,AP3.8,119.0,8.3,6.863735268152632e+19,$(U_{0.8}Pu_{0.2})N$,0.6887912175234566,0.36210029926396664,72.0212359143337,16.89290915739707,10.723754629005278,0.0,4.9041169693899206e+17,1.3970984540919565e-07,ok,
56,TRIAL_056,AP3.8,1300.0,1.1,6.863735268152632e+19,1.9722002640473183e-05,519754.0997222178,31702979539878.656,2.23296281266002,5.100291528069869,2365717640302.848,1.0,40,TRIAL_056_AP3p8,rizk2025_refit_plot,rizk2025_refit_full,31702979539878.656,3.2660678111641066e+23,6.5050259057532634e+25,1.5315594393618691e+25,8.505071339236916e+22,1.6078288817580556e+19,2.6912771153478734,44.90241391099382,0.6944513484324356,0.6097299128620887,1.3041812612945243,0.3151852895177854,1.6193665508123098,1786833212694.579,4.4670830317364474e+17,178.58342598091255,0.1315368326316429,74527146.44935478,12431164.80606257,5.995186099777919,824983231.3913137,824887183.61247,57323009.93074856,49440549.10723763,1.0001164374726044,1.1594331164569733,0.3614276642182887,71.98553290165373,16.94845247511055,10.704586959017432,10.704586959017432,0.0,9.673279153733577e+24,9.673279153733577e+24,0.0,9.036573938600132e+25,9.036573938600132e+25,1.0154103138680692,1.898359886177484e+16,0.0013092304311315235,1.0498193289568195e-06,8.18442627869303e-07,8.18442627869303e-07,0.00687844686972883,0.00687844686972883,1.2057464759913608e+20,1.4414276975029895e-05,5485699.832500776,1.0999999999999999,31702979539878.656,0.0,8.165144309004027e-26,3.792256251768465e-22,2.6912771153478736e-09,4.4902413910993825e-08,4.8442932327013416e+25,1.641464083472131e+26,8.069246023226774e+25,0.006944513484324356,0.6097299128620887,0.3151852895177854,0.013041812612945243,0.0161936655081231,21654576.56598197,178509657.82166037,7.055729371461144e-21,1.7858342598091255e-07,7.361449949393027e-14,0.391445533309839,0.0,8.163957681071563e-19,1.7578350904993307e-22,3.925180387873866e-22,2.2525702314749626e-18,1.6472964643566316e+19,31702979539878.656,0.002529945591834417,0.00023630285245906962,1.2481116978391827e-05,5.034934173764095e-06,1.2481116978391827e-05,5.034934173764095e-06,1.5247825617201575e-29,1.1055623146739919e+19,8.20147786655445e+18,50.00684402482654,1.3309595801510597e-20,-72336.40520683606,5.758867046784953e+21,0.0,0.0,0.0,0.0,0.0,0.3333333333333333,0.3333333333333333,2.0,1.085968502764781e-22,9.173994716924637e-21,0.0,8.162871712568798e-19,,0.0,0.0,0.0,0.0,0.0,1.085968502764781e-22,8.162871712568798e-19,0.011237190435461078,4.163856419629023e-18,2.2525702314749626e-24,1.7353093881845811e-22,,,2.2525702314749626e-24,1.7353093881845811e-22,,1.0020168470445707e-07,3.459063593417468,30259125370453.246,7.4409845545074296e-06,0.0002288618679045622,7.4409845545074296e-06,0.0002288618679045622,0.002529945591834417,0.00023630285245906962,False,False,1.0,1.4244868691616865,1.4109053830837677e-08,0.20562928377583262,0.6959034272062744,1.0,1.365533745226714,2.457857897683121e-07,0.18353628810345166,0.7277868299979401,0.1907863393375975,0.1826890429047317,0.006944513484324356,0.006097299128620886,True,AP3.8,119.0,8.3,6.863735268152632e+19,$(U_{0.8}Pu_{0.2})N$,0.6944513484324356,0.3614276642182887,71.98553290165373,16.94845247511055,10.704586959017432,0.0,4.4670830317364474e+17,1.7858342598091255e-07,ok,
56,TRIAL_056,AP3.8,1350.0,1.1,6.863735268152632e+19,1.9722002640473183e-05,519754.0997222178,31702979539878.656,2.23296281266002,5.100291528069869,2365717640302.848,1.0,40,TRIAL_056_AP3p8,rizk2025_refit_plot,rizk2025_refit_full,31702979539878.656,3.258909609980279e+23,6.502422831582556e+25,1.5358475519762413e+25,8.470039239305596e+22,1.6038362127721691e+19,2.702434860123122,46.39611793199325,0.7002284225414889,0.670955249992619,1.371183672534108,0.6767713532319957,2.047955025766104,1507223429249.7627,3.7680585731244064e+17,243.83831738727312,0.2068533721083423,30267625.017608255,9104393.533335095,3.3245075475687074,821550090.5653616,821481410.2489996,52971616.259555936,47848830.87102338,1.0000836054419555,1.1070618716336253,0.3606355275930073,71.9567269162394,16.995905333279016,10.686732222888573,10.686732222888573,0.0,9.657144589415314e+24,9.657144589415314e+24,0.0,9.036573938600132e+25,9.036573938600132e+25,1.0169768129728751,1.8911159790451204e+16,0.0013043534936326329,1.044287543847292e-06,7.950991860119926e-07,7.950991860119926e-07,0.00755480893085657,0.00755480893085657,1.2745431300875869e+20,1.5881921303152877e-05,5485699.832500776,1.0999999999999999,31702979539878.656,0.0,8.267121352780133e-26,4.183439958827833e-22,2.702434860123122e-09,4.639611793199326e-08,5.049612935251304e+25,1.8497873974594564e+26,8.0708594796586e+25,0.007002284225414889,0.670955249992619,0.6767713532319957,0.01371183672534108,0.020479550257661037,25628966.222273406,540218775.9188542,1.7960743977258005e-20,2.438383173872731e-07,1.3724134597038866e-13,0.23402883472816838,0.0,8.168569279875949e-19,2.862168056389775e-22,6.3911148335017745e-22,1.4331663655150738e-17,1.6472964643566316e+19,31702979539878.656,0.002530641690337815,0.00023632828836590462,1.2461648628029395e-05,5.01064400085111e-06,1.2461648628029395e-05,5.01064400085111e-06,1.486051949941088e-29,1.1538496854373788e+19,7.978817705435954e+18,174.5859026289513,2.902660663950341e-20,-103434.8104464294,5.750607824193709e+21,0.0,0.0,0.0,0.0,0.0,0.3333333333333333,0.3333333333333333,2.0,5.697567307150379e-22,5.248217173930294e-21,0.0,8.162871712568798e-19,,0.0,0.0,0.0,0.0,0.0,5.697567307150379e-22,8.162871712568798e-19,0.006424891549686404,4.166208469460309e-18,1.433166365515074e-23,2.7188514198382675e-22,,,1.433166365515074e-23,2.7188514198382675e-22,,1.0020168470445707e-07,3.459063593417468,30214792782996.926,7.672637079796471e-06,0.00022865565128610816,7.672637079796471e-06,0.00022865565128610816,0.002530641690337815,0.00023632828836590462,False,False,1.0,1.42588629568787,1.4128480983936768e-08,0.20613623984906113,0.6951752261744655,1.0,1.3809503872573816,2.4598958407690955e-07,0.18945708074774317,0.7192145637278344,0.19131392347162723,0.18860991462371815,0.007002284225414889,0.00670955249992619,True,AP3.8,119.0,8.3,6.863735268152632e+19,$(U_{0.8}Pu_{0.2})N$,0.7002284225414889,0.3606355275930073,71.9567269162394,16.995905333279016,10.686732222888573,0.0,3.7680585731244064e+17,2.438383173872731e-07,ok,
56,TRIAL_056,AP3.8,1400.0,1.1,6.863735268152632e+19,1.9722002640473183e-05,519754.0997222178,31702979539878.656,2.23296281266002,5.100291528069869,2365717640302.848,1.0,40,TRIAL_056_AP3p8,rizk2025_refit_plot,rizk2025_refit_full,31702979539878.656,3.246906049885479e+23,6.499248553851871e+25,1.5404476357573366e+25,8.4266852094558e+22,1.5996321738059715e+19,2.714524245393738,47.879425559864245,0.7060355270261791,0.7354540327502145,1.4414895597763937,1.4352282246105639,2.876717784386958,1164116699896.291,2.9102917497407277e+17,341.4459702217737,0.3132719897572641,13775052.98943531,6501760.728229069,2.1186650147901274,817871256.4936963,817822866.6651648,49255016.62879567,46366471.06854501,1.000059169082333,1.0622981541118457,0.35930719672598194,71.92159991177672,17.046810508319368,10.672282383177926,10.672282383177926,0.0,9.644086884920695e+24,9.644086884920695e+24,0.0,9.036573938600132e+25,9.036573938600132e+25,1.0186309706301606,1.8820044053061708e+16,0.0012983031837838245,1.0384384909614778e-06,7.091798632153816e-07,7.091798632153816e-07,0.008265041812276577,0.008265041812276577,1.3077060757434107e+20,1.766093193178773e-05,5485699.832500776,1.0999999999999999,31702979539878.656,0.0,8.378567722381733e-26,4.59764466352514e-22,2.7145242453937384e-09,4.787942555986425e-08,5.257622479400379e+25,2.069224766616934e+26,8.072165250108062e+25,0.007060355270261791,0.7354540327502145,1.4352282246105639,0.014414895597763936,0.028767177843869576,33137869.71969346,1591631427.6060548,4.931561327961108e-20,3.414459702217737e-07,2.6910703178227144e-13,0.11907889932740617,0.0,8.189426464829586e-19,4.907545740295142e-22,1.0958367139507138e-21,7.989389038480301e-17,1.6472964643566316e+19,31702979539878.656,0.002534592910299977,0.00023682527189520107,1.2440647350191436e-05,4.987974155209121e-06,1.2440647350191436e-05,4.987974155209121e-06,1.32939166714519e-29,1.2028140505695975e+19,7.11016934481168e+18,633.3567317612117,7.061958052399398e-20,-135141.1445682724,5.744681127920638e+21,0.0,0.0,0.0,0.0,0.0,0.3333333333333333,0.3333333333333333,2.0,2.6554752260788454e-21,2.6068146230906868e-21,0.0,8.162871712568798e-19,,0.0,0.0,0.0,0.0,0.0,2.6554752260788454e-21,8.162871712568798e-19,0.00318314674939197,4.176846241832152e-18,7.989389038480301e-23,4.108606836447112e-22,,,7.989389038480301e-23,4.108606836447112e-22,,1.0020168470445707e-07,3.459063593417468,30171230743536.25,7.916288566325662e-06,0.0002289089833288754,7.916288566325662e-06,0.0002289089833288754,0.002534592910299977,0.00023682527189520107,False,False,1.0,1.4272737100832864,1.4152671921034835e-08,0.20663807712967133,0.6944545344040081,1.0,1.3964812845430334,2.462049175128625e-07,0.19531712383346808,0.7107498691323967,0.1918413336720027,0.19446965537055053,0.007060355270261791,0.007354540327502145,True,AP3.8,119.0,8.3,6.863735268152632e+19,$(U_{0.8}Pu_{0.2})N$,0.7060355270261791,0.35930719672598194,71.92159991177672,17.046810508319368,10.672282383177926,0.0,2.9102917497407277e+17,3.414459702217737e-07,ok,
56,TRIAL_056,AP3.8,1450.0,1.1,6.863735268152632e+19,1.9722002640473183e-05,519754.0997222178,31702979539878.656,2.23296281266002,5.100291528069869,2365717640302.848,1.0,40,TRIAL_056_AP3p8,rizk2025_refit_plot,rizk2025_refit_full,31702979539878.656,3.2160333670922306e+23,6.49251035118065e+25,1.5476607935709709e+25,8.349398959885742e+22,1.5951316951545367e+19,2.730137624550807,49.37953144008704,0.7117007821336575,0.8044999985885676,1.516200780722225,2.7776845022895094,4.293885283011734,837916687179.8843,2.0947917179497107e+17,474.7968925438286,0.43601119306187003,7160809.636588444,4675683.507753942,1.5315000736712143,813177817.2008173,813145820.9419973,46041029.135892615,44957899.26021394,1.0000393487342565,1.0240920926800778,0.35589078216411196,71.84703401194562,17.126632328653542,10.670442877236738,10.670442877236738,0.0,9.64242460177589e+24,9.64242460177589e+24,0.0,9.036573938600132e+25,9.036573938600132e+25,1.0204063022883356,1.865492929506603e+16,0.0012877171527215564,1.030688312283428e-06,5.026317526445874e-07,5.026317526445874e-07,0.009019874915221276,0.009019874915221276,1.2513989033433607e+20,2.0139633359137558e-05,5485699.832500776,1.0999999999999999,31702979539878.656,0.0,8.523976223354367e-26,5.043470711743506e-22,2.7301376245508073e-09,4.937953144008705e-08,5.471145848056288e+25,2.3034666172145415e+26,8.072331478422543e+25,0.007117007821336575,0.8044999985885676,2.7776845022895094,0.01516200780722225,0.04293885283011734,46030469.37388825,4404883627.748658,1.3259955529173963e-19,4.747968925438286e-07,5.20351485694027e-13,0.05352843484424852,0.0,8.274171632376133e-19,9.969293275342691e-22,2.2261061152341837e-21,3.956100289530877e-16,1.6472964643566316e+19,31702979539878.656,0.0025508779957916956,0.00023916841733351554,1.241366599670881e-05,4.9663881006430175e-06,1.241366599670881e-05,4.9663881006430175e-06,9.4474393243036e-30,1.253468709930411e+19,4.999259619819087e+18,2296.880704255351,1.7964896620041067e-19,-159765.87158499303,5.747641409115517e+21,0.0,0.0,0.0,0.0,0.0,0.3333333333333333,0.3333333333333333,2.0,1.1129991980733449e-20,1.1616069964338774e-21,0.0,8.162871712568798e-19,,0.0,0.0,0.0,0.0,0.0,1.1129991980733449e-20,8.162871712568798e-19,0.001403895215188198,4.220068747840403e-18,3.9561002895308766e-22,6.013192985811814e-22,,,3.9561002895308766e-22,6.013192985811814e-22,,1.0020168470445707e-07,3.459063593417468,30127669310832.723,8.224576822005026e-06,0.00023094384051151052,8.224576822005026e-06,0.00023094384051151052,0.0025508779957916956,0.00023916841733351554,False,False,1.0,1.4285640911962934,1.419621045839832e-08,0.20710413297719213,0.6937853683926477,1.0,1.4124129682659077,2.464363061556269e-07,0.20122278824912126,0.7022396343987594,0.19235308132108722,0.20037429894687936,0.007117007821336575,0.008044999985885676,True,AP3.8,119.0,8.3,6.863735268152632e+19,$(U_{0.8}Pu_{0.2})N$,0.7117007821336575,0.35589078216411196,71.84703401194562,17.126632328653542,10.670442877236738,0.0,2.0947917179497107e+17,4.7479689254382865e-07,ok,
56,TRIAL_056,AP3.8,1500.0,1.1,6.863735268152632e+19,1.9722002640473183e-05,519754.0997222178,31702979539878.656,2.23296281266002,5.100291528069869,2365717640302.848,1.0,40,TRIAL_056_AP3p8,rizk2025_refit_plot,rizk2025_refit_full,31702979539878.656,3.121294099457479e+23,6.473215970611143e+25,1.5639787442500535e+25,8.156917249356594e+22,1.5909179705728369e+19,2.7579535551660106,50.71221759354398,0.7167628877315082,0.8691089124254434,1.5858718001569516,4.104216857648089,5.69008865780504,578792865404.8744,1.446982163512186e+17,611.7625481108621,0.5,4196041.861422244,3628858.9532906436,1.1562978653709537,804965566.8196968,804944664.8010614,43997383.34584251,43776433.08350652,1.000025967025498,1.0050472422436638,0.3454068013680197,71.63351967896274,17.307209069240812,10.71386445042843,9.04640463427565,1.6674598161527792,9.681662827443597e+24,8.17485043561268e+24,1.5068123918309172e+24,9.036573938600132e+25,8.88589269941704e+25,1.0220717021552537,1.8236124520121776e+16,0.0012617479380599796,1.0172377682436155e-06,2.573167554898761e-07,2.573167554898761e-07,0.009717986463413588,0.009717986463413588,1.0582204895649323e+20,2.3557948148486297e-05,5485699.832500776,1.0999999999999999,31702979539878.656,0.0,8.787178609517529e-26,5.462939815259652e-22,2.757953555166011e-09,5.071221759354399e-08,5.700555979618132e+25,2.5198716421059645e+26,8.068407655855772e+25,0.007167628877315082,0.8691089124254434,4.104216857648089,0.015858718001569516,0.056900886578050404,56495861.81332245,9544457467.734287,2.8363976841885407e-19,6.117625481108621e-07,8.638669027999204e-13,0.03407359027997264,1.0,8.586863335070055e-19,2.616148172893133e-21,5.841761582478823e-21,1.7607759639859707e-15,1.6472964643566316e+19,31702979539878.656,0.0026107134621182674,0.000248108874347444,1.2365990193917942e-05,4.948250016060769e-06,1.2365990193917942e-05,4.948250016060769e-06,4.844960234789203e-30,1.3092197773000806e+19,2.485402527383566e+18,3548.787450089075,2.1292219525916332e-19,-142760.41008732052,5.781171438623169e+21,5.847057254607319e+21,0.0,0.0,0.0,0.0,0.3333333333333333,0.3333333333333333,2.0,4.239916225012569e-20,4.766040325715508e-22,0.0,8.162871712568798e-19,,0.0,0.0,0.0,0.0,0.0,4.239916225012569e-20,8.162871712568798e-19,0.0005550385676048057,4.379550632055158e-18,1.7607759639859707e-21,8.553722089071623e-22,,,1.7607759639859707e-21,8.553722089071623e-22,,1.0020168470445707e-07,3.459063593417468,30089412937885.74,8.7417028056392e-06,0.00023936717154180476,8.7417028056392e-06,0.00023936717154180476,0.0026107134621182674,0.000248108874347444,False,False,1.0,1.4295071178882046,1.4307016201602096e-08,0.20744431662038576,0.6932970156956385,1.0,1.4267545638757333,2.4665375726374803e-07,0.20645038770827434,0.6947240581428195,0.19280805347812038,0.2056007689042871,0.007167628877315082,0.008691089124254434,True,AP3.8,119.0,8.3,6.863735268152632e+19,$(U_{0.8}Pu_{0.2})N$,0.7167628877315082,0.3454068013680197,71.63351967896274,17.307209069240812,9.04640463427565,1.6674598161527792,1.446982163512186e+17,6.117625481108621e-07,ok,
56,TRIAL_056,AP3.8,1550.0,1.1,6.863735268152632e+19,1.9722002640473183e-05,519754.0997222178,31702979539878.656,2.23296281266002,5.100291528069869,2365717640302.848,1.0,40,TRIAL_056_AP3p8,rizk2025_refit_plot,rizk2025_refit_full,31702979539878.656,2.852562915586866e+23,6.412625186729145e+25,1.6111214871116324e+25,7.63853450270181e+22,1.585833245914185e+19,2.8226341584156205,52.244294196910985,0.7195524108465481,0.9472458837740415,1.6667982946205897,4.484603692035443,6.151401986656032,484769880410.37616,1.2119247010259403e+17,668.4618959143271,0.5,3516677.2766996077,3321056.9122469844,1.058903044910564,786514985.804347,786499374.4871683,42549761.779557854,42492678.56184878,1.0000198491158228,1.0013433659548194,0.315668630054806,70.96301353035278,17.828897301771136,10.892420537821266,8.042915724285661,2.849504813535605,9.843016356034848e+24,7.2680402624437e+24,2.5749760935911477e+24,9.036573938600132e+25,8.779076329241016e+25,1.0240905026733509,1.710728627593562e+16,0.0011926442636704204,9.84315617109164e-07,1.987252842073752e-07,1.987252842073752e-07,0.010576326551893485,0.010576326551893485,8.99297271374962e+19,2.7419699425255197e-05,5485699.832500776,1.0999999999999999,31702979539878.656,0.0,9.420032214190258e-26,5.973174583232948e-22,2.822634158415621e-09,5.224429419691099e-08,5.972328878326557e+25,2.773613976954164e+26,8.052272302996645e+25,0.007195524108465481,0.9472458837740415,4.484603692035443,0.016667982946205896,0.06151401986656033,59971054.77172821,12491771527.601948,3.7003979605655826e-19,6.68461895914327e-07,1.0314172150644569e-12,0.03407359027997264,1.0,9.64451857158908e-19,8.303373578131135e-21,1.8541124419590592e-20,7.11715258415843e-15,1.6472964643566316e+19,31702979539878.656,0.0028057585535735067,0.00027854374479676345,1.2257044387740789e-05,4.928514379146645e-06,1.2257044387740789e-05,4.928514379146645e-06,3.744457132201986e-30,1.3805765553051564e+19,1.8810936295951314e+18,4768.767074537346,2.615819411078809e-19,-123034.95797937982,5.9060037792115e+21,5.349129772997133e+21,0.0,0.0,0.0,0.0,0.3333333333333333,0.3333333333333333,2.0,1.4816468590202815e-19,1.8383335745449222e-22,0.0,8.162871712568798e-19,,0.0,0.0,0.0,0.0,0.0,1.4816468590202815e-19,8.162871712568798e-19,0.00019060915906785685,4.9189856362988294e-18,7.11715258415843e-21,1.1862209939727049e-21,,,7.11715258415843e-21,1.1862209939727049e-21,,1.0020168470445707e-07,3.459063593417468,30045974111835.55,1.0081532291734945e-05,0.0002684622125050285,1.0081532291734945e-05,0.0002684622125050285,0.0028057585535735067,0.00027854374479676345,False,False,1.0,1.4293176338895393,1.4623623383531974e-08,0.20737599107840704,0.693395095066709,1.0,1.4434557294969323,2.469171119835978e-07,0.21243551039233197,0.686140219136251,0.1930578554253263,0.2115863153158372,0.007195524108465481,0.009472458837740415,True,AP3.8,119.0,8.3,6.863735268152632e+19,$(U_{0.8}Pu_{0.2})N$,0.7195524108465481,0.315668630054806,70.96301353035278,17.828897301771136,8.042915724285661,2.849504813535605,1.2119247010259403e+17,6.684618959143272e-07,ok,
56,TRIAL_056,AP3.8,1600.0,1.1,6.863735268152632e+19,1.9722002640473183e-05,519754.0997222178,31702979539878.656,2.23296281266002,5.100291528069869,2365717640302.848,1.0,40,TRIAL_056_AP3p8,rizk2025_refit_plot,rizk2025_refit_full,31702979539878.656,2.2752760817851105e+23,6.249685037023213e+25,1.7357516260570507e+25,6.485272753973814e+22,1.5761575381188882e+19,2.976436309884028,54.96637981190734,0.7163192744314512,1.0964267838500847,1.8127460582815356,4.838081328613844,6.65082738689538,416521515177.2251,1.0413037879430627e+17,721.1502374795256,0.5,3160246.2696173554,3078415.4044780843,1.0265821386614147,745871914.1667281,745858392.0065465,40408798.68380612,40388324.78319925,1.0000181296615103,1.0005069262148596,0.2517852559216239,69.15989488369483,19.208071973413613,11.380247886969922,7.5672453262607045,3.813002560709218,1.0283845147020163e+25,6.838197190228114e+24,3.445647956792049e+24,9.036573938600132e+25,8.692009142920927e+25,1.0279605264763294,1.4615257692429472e+16,0.001038820648818623,9.08065158628823e-07,2.1454867712197435e-07,2.1454867712197435e-07,0.012264379559050784,0.012264379559050784,8.426819359190255e+19,3.1416289370543415e-05,5485699.832500776,1.0999999999999999,31702979539878.656,0.0,1.1045322249438632e-25,6.956327380565318e-22,2.976436309884028e-09,5.496637981190734e-08,6.335735257546475e+25,3.2479907683146386e+26,8.008189423898115e+25,0.007163192744314512,1.0964267838500847,4.838081328613844,0.018127460582815356,0.0665082738689538,65669569.91231091,15712539754.185806,4.646176634170071e-19,7.211502374795256e-07,1.2004181819689573e-12,0.03407359027997264,1.0,1.2951051174088508e-18,2.797102768283436e-20,6.245826464765309e-20,2.6363059898109156e-14,1.6472964643566316e+19,31702979539878.656,0.0033610385624432775,0.0003737472494781833,1.2008349157174841e-05,4.8960916321169995e-06,1.2008349157174841e-05,4.8960916321169995e-06,4.0420388730758415e-30,1.4906683047920812e+19,2.0239194423057551e+18,7085.510049670198,3.59651990832179e-19,-124900.68640189664,6.24814557284252e+21,5.94623294492078e+21,0.0,0.0,0.0,0.0,0.3333333333333333,0.3333333333333333,2.0,4.788179461519709e-19,6.777638626958759e-23,0.0,8.162871712568798e-19,,0.0,0.0,0.0,0.0,0.0,4.788179461519709e-19,8.162871712568798e-19,5.23327298753861e-05,6.6054136582802944e-18,2.6363059898109155e-20,1.6079677847252025e-21,,,2.6363059898109155e-20,1.6079677847252025e-21,,1.0020168470445707e-07,3.459063593417468,29970274997663.27,1.4153553129074578e-05,0.0003595936963491087,1.4153553129074578e-05,0.0003595936963491087,0.0033610385624432775,0.0003737472494781833,False,False,1.0,1.426402908974942,1.5443666442251594e-08,0.20632319156879453,0.6949067253757195,1.0,1.47370057659227,2.474213349605796e-07,0.22300443334486372,0.6710384641879891,0.19276826818321582,0.22215693688011562,0.007163192744314512,0.010964267838500847,True,AP3.8,119.0,8.3,6.863735268152632e+19,$(U_{0.8}Pu_{0.2})N$,0.7163192744314512,0.2517852559216239,69.15989488369483,19.208071973413613,7.5672453262607045,3.813002560709218,1.0413037879430627e+17,7.211502374795257e-07,ok,
56,TRIAL_056,AP3.8,1650.0,1.1,6.863735268152632e+19,1.9722002640473183e-05,519754.0997222178,31702979539878.656,2.23296281266002,5.100291528069869,2365717640302.848,1.0,40,TRIAL_056_AP3p8,rizk2025_refit_plot,rizk2025_refit_full,31702979539878.656,1.4863268676237372e+23,5.912376550422495e+25,1.9941966846898424e+25,4.7372033623752375e+22,1.5570517225254433e+19,3.2822933694422765,59.76287490333979,0.7016860208045874,1.3921501931150926,2.09383621391968,5.336862589000336,7.430698802920016,342303805150.55273,8.557595128763818e+16,795.4971117767194,0.5,2830910.586569248,2790707.806646457,1.014405943835124,676369265.1963462,676356361.2771213,37156549.9653854,37146807.338010736,1.0000190785804106,1.0002622736130728,0.1644790246527863,65.42719166129447,22.06806139405933,12.340267919993435,7.26236120537917,5.077906714614263,1.1151374348115591e+25,6.562686400123005e+24,4.588687947992587e+24,9.036573938600132e+25,8.577705143800875e+25,1.0356945195791007,1.0871516536287032e+16,0.0008019168673255176,7.80800728947447e-07,2.849078867005009e-07,2.849078867005009e-07,0.01567384405740405,0.01567384405740405,8.254425923021585e+19,3.624539733623076e-05,5485699.832500776,1.0999999999999999,31702979539878.656,0.0,1.4812241888909777e-25,8.940937368844174e-22,3.2822933694422765e-09,5.976287490333979e-08,6.816247126401623e+25,4.185040970314299e+26,7.921436503788574e+25,0.007016860208045874,1.3921501931150926,5.336862589000336,0.0209383621391968,0.07430698802920016,76688442.27117594,21123742763.542526,6.236404630854824e-19,7.954971117767194e-07,1.4606907445276252e-12,0.03407359027997264,1.0,2.257479190366825e-18,9.233806137778259e-20,2.0618745724970696e-19,9.020265555838444e-14,1.6472964643566316e+19,31702979539878.656,0.004690093891208534,0.0006506084574084301,1.1553790586357321e-05,4.845967384744636e-06,1.1553790586357321e-05,4.845967384744636e-06,5.3609206775601106e-30,1.6679407671391156e+19,2.6720420780727793e+18,11320.437334472008,5.202594984101996e-19,-122045.63674347113,6.950244467500982e+21,6.785238154873535e+21,0.0,0.0,0.0,0.0,0.3333333333333333,0.3333333333333333,2.0,1.441192019109945e-18,2.42053512429118e-23,0.0,8.162871712568798e-19,,0.0,0.0,0.0,0.0,0.0,1.441192019109945e-18,8.162871712568798e-19,1.0722292079679634e-05,1.1513801989421945e-17,9.020265555838444e-20,2.135405819398152e-21,,,9.020265555838444e-20,2.135405819398152e-21,,1.0020168470445707e-07,3.459063593417468,29841911424946.562,2.6490447133045113e-05,0.000624118010275385,2.6490447133045113e-05,0.000624118010275385,0.004690093891208534,0.0006506084574084301,False,False,1.0,1.4190392536415286,1.714834552116124e-08,0.20364838841260985,0.6987503381886158,1.0,1.5287560173170784,2.4842919873818594e-07,0.24140683139991748,0.6449240170281106,0.1914465780768084,0.24056292589791625,0.007016860208045874,0.013921501931150925,True,AP3.8,119.0,8.3,6.863735268152632e+19,$(U_{0.8}Pu_{0.2})N$,0.7016860208045874,0.1644790246527863,65.42719166129447,22.06806139405933,7.26236120537917,5.077906714614263,8.557595128763818e+16,7.954971117767194e-07,ok,
56,TRIAL_056,AP3.8,1700.0,1.1,6.863735268152632e+19,1.9722002640473183e-05,519754.0997222178,31702979539878.656,2.23296281266002,5.100291528069869,2365717640302.848,1.0,40,TRIAL_056_AP3p8,rizk2025_refit_plot,rizk2025_refit_full,31702979539878.656,8.21184132852955e+22,5.380260985267372e+25,2.4082130582285714e+25,3.009581715417747e+22,1.5240684320614552e+19,3.7622348985465335,66.83688980406487,0.671324461064933,1.9060828486722772,2.57740730973721,6.062566463004463,8.639973772741673,265259375790.70004,6.631484394767501e+16,903.6684064556019,0.5,2480519.5053193914,2456653.3300719867,1.0097149137630685,590088501.4725481,590074798.5878432,33221908.52795772,33215190.091998935,1.0000232222842558,1.0002022699837085,0.09087339277391736,59.53872586916316,26.64962489757076,13.720775840492175,7.02715007666934,6.693625763822834,1.239888053775659e+25,6.350136124546208e+24,6.048744413210382e+24,9.036573938600132e+25,8.431699497279094e+25,1.0493357024377055,7176432624801870.0,0.0005597212448484494,6.328723623094866e-07,4.98537101170664e-07,4.98537101170664e-07,0.021724847066841028,0.021724847066841028,8.207624656391571e+19,4.2464124869477326e-05,5485699.832500776,1.0999999999999999,31702979539878.656,0.0,2.23062380272253e-25,1.2506543725822793e-21,3.762234898546534e-09,6.683688980406487e-08,7.3251795530522e+25,5.823745829346655e+26,7.796685884824473e+25,0.006713244610649331,1.9060828486722772,6.062566463004463,0.0257740730973721,0.08639973772741673,95757386.22798708,31014281207.5143,9.14209564873298e-19,9.03668406455602e-07,1.8849475103738443e-12,0.03407359027997264,1.0,4.881873557157333e-18,2.8987370337520676e-19,6.472772000048779e-19,2.8708990269161864e-13,1.6472964643566316e+19,31702979539878.656,0.007328845729322661,0.001404393728967958,1.0933258149159721e-05,4.784876236437737e-06,1.0933258149159721e-05,4.784876236437737e-06,9.361217336224834e-30,1.9217964296052826e+19,4.602225137034253e+18,20143.184495014473,8.140222123342931e-19,-114696.97068607344,8.034461117725427e+21,7.962274623413553e+21,0.0,0.0,0.0,0.0,0.3333333333333333,0.3333333333333333,2.0,4.065586385900453e-18,8.463999134962283e-24,0.0,8.162871712568798e-19,,0.0,0.0,0.0,0.0,0.0,4.065586385900453e-18,8.162871712568798e-19,1.7337604171564793e-06,2.489897834467786e-17,2.8708990269161863e-19,2.7838006835881095e-21,,,2.8708990269161863e-19,2.7838006835881095e-21,,1.0020168470445707e-07,3.459063593417468,29665712163768.89,6.268690680993345e-05,0.0013417068221580244,6.268690680993345e-05,0.0013417068221580244,0.007328845729322661,0.001404393728967958,False,False,1.0,1.4067218503992538,1.994799464841217e-08,0.1991252272928444,0.7052599019317909,1.0,1.613947517358676,2.50208498256544e-07,0.2679619760840567,0.6076773559104983,0.1886445041633078,0.2671246243892945,0.006713244610649331,0.01906082848672277,True,AP3.8,119.0,8.3,6.863735268152632e+19,$(U_{0.8}Pu_{0.2})N$,0.671324461064933,0.09087339277391736,59.53872586916316,26.64962489757076,7.02715007666934,6.693625763822834,6.631484394767501e+16,9.03668406455602e-07,ok,
56,TRIAL_056,AP3.8,1750.0,1.1,6.863735268152632e+19,1.9722002640473183e-05,519754.0997222178,31702979539878.656,2.23296281266002,5.100291528069869,2365717640302.848,1.0,40,TRIAL_056_AP3p8,rizk2025_refit_plot,rizk2025_refit_full,31702979539878.656,4.191012610463563e+22,4.693663320737023e+25,2.9573295115328804e+25,1.7561181917290384e+22,1.474236163801767e+19,4.3922934752105895,75.8146913835593,0.6233276638714719,2.691012927542565,3.314340591414037,7.011157216443382,10.32549780785742,198337281967.2004,4.95843204918001e+16,1045.0625667950592,0.5,2140430.387528237,2124274.7281707497,1.0076052589353164,505447060.3327226,505430707.79066324,29288377.770482983,29281923.58877577,1.0000323536773832,1.0002204152226424,0.0463783358487387,51.940739406644255,32.726224912524806,15.28665734498221,6.821936328026131,8.464721016956078,1.3813900937197651e+25,6.164693203263041e+24,7.64920773393461e+24,9.036573938600132e+25,8.271653165206671e+25,1.070673379864338,4451263770769002.0,0.00037431754153229,4.985146055066824e-07,1.1191128502634351e-06,1.1191128502634351e-06,0.031250433653637465,0.031250433653637465,8.177816089873716e+19,5.012222761791968e-05,5485699.832500776,1.0999999999999999,31702979539878.656,0.0,3.549463053268391e-25,1.8253608164128663e-21,4.39229347521059e-09,7.581469138355931e-08,7.6799336859354634e+25,8.350752466729942e+26,7.655183844880367e+25,0.0062332766387147185,2.691012927542565,7.011157216443382,0.03314340591414037,0.1032549780785742,124327471.71119376,48038252984.66887,1.4139867496223604e-18,1.0450625667950591e-06,2.520958213406829e-12,0.03407359027997264,1.0,1.1625332016342075e-17,8.588030780930961e-19,1.9176753367798425e-18,8.552344067970446e-13,1.6472964643566316e+19,31702979539878.656,0.011798205695305838,0.003337438668072811,1.0256827362713877e-05,4.723433595969207e-06,1.0256827362713877e-05,4.723433595969207e-06,2.0972548431403226e-29,2.2369276124405023e+19,1.0044347458595817e+19,37949.44565132993,1.3248471052601502e-18,-104391.90499956896,9.389612125249415e+21,9.409073187429168e+21,0.0,0.0,0.0,0.0,0.3333333333333333,0.3333333333333333,2.0,1.0809044845085196e-17,2.9228774848067563e-24,0.0,8.162871712568798e-19,,0.0,0.0,0.0,0.0,0.0,1.0809044845085196e-17,8.162871712568798e-19,2.514231404916419e-07,5.92925823939489e-17,8.552344067970446e-19,3.568671296051523e-21,,,8.552344067970446e-19,3.568671296051523e-21,,1.0020168470445707e-07,3.459063593417468,29467623641370.098,0.0001637318697206535,0.0031737067983521575,0.0001637318697206535,0.0031737067983521575,0.011798205695305838,0.003337438668072811,False,False,1.0,1.389733489586749,2.3872096035645374e-08,0.1927837614564928,0.7144068178427062,1.0,1.728537142829543,2.5299632976035705e-07,0.30049347302402696,0.5628265189643189,0.18403713647399314,0.29966677547296133,0.0062332766387147185,0.026910129275425652,True,AP3.8,119.0,8.3,6.863735268152632e+19,$(U_{0.8}Pu_{0.2})N$,0.6233276638714719,0.0463783358487387,51.940739406644255,32.726224912524806,6.821936328026131,8.464721016956078,4.95843204918001e+16,1.0450625667950593e-06,ok,
56,TRIAL_056,AP3.8,1800.0,1.1,6.863735268152632e+19,1.9722002640473183e-05,519754.0997222178,31702979539878.656,2.23296281266002,5.100291528069869,2365717640302.848,1.0,40,TRIAL_056_AP3p8,rizk2025_refit_plot,rizk2025_refit_full,31702979539878.656,2.1014164873938456e+22,3.907711785147567e+25,3.608067379193791e+25,9.807223276959905e+21,1.4052906797364128e+19,5.136924016561485,86.38650390029977,0.5568575312453368,3.794831265231042,4.351688796476378,8.136073825100343,12.48776262157672,147283469974.46027,3.6820867493615064e+16,1212.739342850838,0.5,1842272.6444660367,1830566.4882458183,1.0063948271179355,432186619.9645135,432165239.9067423,25706078.535278305,25698458.668522373,1.0000494719514597,1.0002965106528068,0.02325457083261999,43.24328901305838,39.92738181205788,16.806074604051126,6.6325607759548735,10.173513828096254,1.5186933577713795e+25,5.993562585417528e+24,9.193370992296267e+24,9.036573938600132e+25,8.117236839370504e+25,1.1017491413583693,2698659297411902.5,0.0002510651893036555,3.8950316503591386e-07,2.8824284391814616e-06,2.8824284391814616e-06,0.045224477094989474,0.045224477094989474,8.057408728183621e+19,5.932966688431264e-05,5485699.832500776,1.0999999999999999,31702979539878.656,0.0,5.678034602858093e-25,2.7003888376622762e-21,5.136924016561486e-09,8.638650390029978e-08,7.691426150760311e+25,1.1939729190428719e+27,7.517880580828752e+25,0.005568575312453368,3.794831265231042,8.136073825100343,0.04351688796476379,0.12487762621576722,162776246.0093273,75161042003.60036,2.2096366487050262e-18,1.212739342850838e-06,3.3948140961555473e-12,0.03407359027997264,1.0,2.80344615729556e-17,2.4023187514376478e-18,5.364288436116117e-18,2.3978131732901632e-12,1.6472964643566316e+19,31702979539878.656,0.01845819378259418,0.008032079992903932,9.61066000766689e-06,4.667170867423139e-06,9.61066000766689e-06,4.667170867423139e-06,5.398814019959178e-29,2.5826205604753433e+19,2.4825466367243338e+19,71357.9601019445,2.145071091981633e-18,-93234.40257052422,1.0873301796784018e+22,1.1002215379234835e+22,0.0,0.0,0.0,0.0,0.3333333333333333,0.3333333333333333,2.0,2.721817440169872e-17,1.0037403008245757e-24,0.0,8.162871712568798e-19,,0.0,0.0,0.0,0.0,0.0,2.721817440169872e-17,8.162871712568798e-19,3.580380162509945e-08,1.4298392685454574e-16,2.397813173290163e-18,4.50557814748474e-21,,,2.397813173290163e-18,4.50557814748474e-21,,1.0020168470445707e-07,3.459063593417468,29275048134967.715,0.00042870937927090927,0.007603370613633022,0.00042870937927090927,0.007603370613633022,0.01845819378259418,0.008032079992903932,False,False,1.0,1.367860847995465,2.8989178313444095e-08,0.1844367828352751,0.7264818120233302,1.0,1.8717844857238501,2.570673997462927e-07,0.3368554049759145,0.5138286473350341,0.1772480091519491,0.3360450402947901,0.005568575312453368,0.03794831265231042,True,AP3.8,119.0,8.3,6.863735268152632e+19,$(U_{0.8}Pu_{0.2})N$,0.5568575312453368,0.02325457083261999,43.24328901305838,39.92738181205788,6.6325607759548735,10.173513828096254,3.6820867493615064e+16,1.212739342850838e-06,ok,
