label,xe_diffusivity_mode,vacancy_diffusivity_mode,T,burnup,rho_d_eff,c,mb,md,Nb,Nd,Rb_nm,Rd_nm,swelling_b_percent,swelling_d_percent,swelling_ig_percent,swelling_gf_percent,swelling_total_gas_percent,Ngf_areal,Ngf_vol,Rgf_nm,Fc_gf,p_gf,p_gf_eq,p_gf_over_eq,p_b,p_b_eq,p_d,p_d_eq,p_b_over_eq,p_d_over_eq,matrix_gas_percent,bulk_gas_percent,dislocation_gas_percent,qgb_gas_percent,grainface_gas_percent,release_gas_percent,q_gb,q_gf,q_rel,generated,retained,lambda_d,nu_b,phi_b,phi_d,f_cap_step,cap_raw_step,capture_fraction_sum,capture_raw_sum,capture_bubbles_cumulative,max_f_cap_step,Dg,Dv,Dv_dislocation,Dv_gb,beta,rho_d_old,rho_d_next,delta_Nd_rho,g_b,g_d,b_b,b_d,b_b_gas,b_d_gas,dVd_growth_dt,dnvb_dt,dnvd_dt,dnv_gf_dt,dA_gf_dt,dNgf_dt,dq_gf_in_step,dq_rel_step,nvb_seed_added,nvd_seed_added,bulk_first_gas_seed_applied,dislocation_first_gas_seed_applied,first_gas_pressure_factor,seed_pressure_factor,seed_gas_atoms_per_bubble,D1_Xe,D2_Xe,D2_Xe_scaled,D3_Xe,Dg_lookup_base,D1_Xe_i_2023,D2_Xe_i0_2023,D2_Xe_i1_2023,D1_XeVU_2023,D2_XeVU_2023,Dg_D1_scaled,Dg_D3_scaled,D2_Xe_over_Dg_unscaled,Dg_dislocation_scale,Dg_dislocation,Dv1,Dv2,Dv_lookup_base,Dv_nonthermal_effective,Dv1_scaled,Dv2_scaled,Dv_dislocation_scale,A20_vU_active,Gamma_d,den,free_dislocation,term_bubbles,term_dislocation,term_bubbles_scaled,term_dislocation_scaled,g_b_unscaled,g_d_unscaled,USE_WS_GAS_TRAPPING_BULK,USE_WS_GAS_TRAPPING_DISLOCATION,ws_bulk_factor,ws_bulk_factor_raw,ws_bulk_delta,ws_bulk_x,ws_bulk_zeta,ws_dislocation_factor,ws_dislocation_factor_raw,ws_dislocation_delta,ws_dislocation_x,ws_dislocation_zeta,psi_b,psi_d,porosity_b,porosity_d,valid_single_size,experiment_case,linear_power_kW_m,fuel_diameter_mm,fission_rate_case,fuel_description
RHO_1p7e13_AP3p2,rizk2025_refit_plot,rizk2025_refit_full,900.0,1.1,17000000000000.0,1.5699061132488804e+23,7.29628629526763e+25,1.1706980219533512e+25,3.62250979201739e+23,6.91836619609412e+18,1.6548175859404974,40.016144984908586,0.687620095020261,0.1856940117908253,0.8733141068110862,0.04708645473452717,0.9204005615456133,8762399138173.984,2.190599784543496e+18,55.774818113540114,0.06291879844899041,1195487283044.1877,39802908.82313186,30035.17376974766,1344427548.5239758,1341537592.3372772,168787625.50956032,55477607.87145378,1.0021542118560118,3.0424459883103694,0.1737280216944752,80.74173182051982,12.955109202976159,6.129430954809567,6.129430954809567,0.0,5.538905602468202e+24,5.538905602468202e+24,0.0,9.03657393860029e+25,9.03657393860029e+25,1.004657697616053,7.851420839992922e+16,0.004989765143785719,5.90968435280529e-07,9.247672824046602e-08,9.247672824046602e-08,0.002000315131982152,0.002000315131982152,1.4163647861190071e+20,5.806591580394632e-06,6.859556060984681e-19,5.096721272601947e-25,5.0967212726019465e-24,5.119872410101689e-28,1.3842827431568335e+19,17000000000000.0,17000000000000.0,0.0,0.005821955227772173,0.0003219760955534925,1.235288057252508e-05,4.308028978556731e-06,1.235288057252508e-05,4.308028978556731e-06,1.0344234609029111e-29,4.237503380210721e+18,2.1201569923706685e+18,0.00017813503820624644,8.678605051324532e-22,-122960.90781514691,1.0957635072094592e+21,0.0,0.0,0.0,0.0,0.0,0.3333333333333333,0.3333333333333333,2.0,2.4966082885114063e-31,9.582238205875211e-25,0.0,6.859556060982184e-19,,0.0,0.0,0.0,0.0,0.0,2.4966082885114063e-31,6.859556060982184e-19,1.3969181271622544e-06,17.0,1.1661245303673958e-17,5.119872410101689e-34,5.096721267482075e-25,,,5.119872410101689e-34,5.096721267482075e-25,10.0,,1.3683607328474346e-07,3.770662255519641,16446315661484.865,2.398895440799435e-06,0.00031957720011269305,2.398895440799435e-06,0.00031957720011269305,0.005821955227772173,0.0003219760955534925,False,False,1.0,1.4486515047155402,8.702829750157741e-09,0.2142755271132427,0.6835058327688874,1.0,1.223766118230287,3.255636426220788e-07,0.1235565725642927,0.8156082624723764,0.1901586942880531,0.12291341909445112,0.00687620095020261,0.0018569401179082529,True,AP3.2,100.0,8.3,5.767844763153473e+19,$(U_{0.8}Pu_{0.2})N$
RHO_1p7e13_AP3p2,rizk2025_refit_plot,rizk2025_refit_full,925.0,1.1,17000000000000.0,1.568883392541751e+23,7.291620153523669e+25,1.1757288810947556e+25,3.617329817020233e+23,6.912455294100662e+18,1.656869036516892,41.503331225870035,0.6891936436439695,0.20699974664079623,0.8961933902847657,0.0470658251974315,0.9432592154821973,8762719623795.743,2.190679905948936e+18,55.76599168759945,0.0629011866204415,463274037871.3859,39809208.67392476,11637.358623881235,1341690888.3842912,1339876569.041893,140247018.74913198,53489682.25991991,1.0013540943877357,2.6219452579216345,0.17361484598052893,80.69009563875817,13.010781398828115,6.1255081164331875,6.1255081164331875,0.0,5.535360700564469e+24,5.535360700564469e+24,0.0,9.03657393860029e+25,9.03657393860029e+25,1.0051940841289866,7.841198057696264e+16,0.004985799063079637,5.879370387023696e-07,1.0906220623031989e-07,1.0906220623031989e-07,0.002227640664893037,0.002227640664893037,1.655003363573209e+20,6.171054561434698e-06,6.85955606099651e-19,8.665450134436394e-25,8.665450134436394e-24,3.600113810511962e-27,1.3842827431568335e+19,17000000000000.0,17000000000000.0,0.0,0.005820024819532569,0.00032167234811695253,1.2348456787338477e-05,4.282741429613158e-06,1.2348456787338477e-05,4.282741429613158e-06,1.223309963780944e-29,4.3814127295625436e+18,2.564977543500249e+18,0.0004721723412441776,8.676985491266027e-22,-122949.61887468716,1.0952060735058744e+21,0.0,0.0,0.0,0.0,0.0,0.3333333333333333,0.3333333333333333,2.0,1.4326320272288242e-30,6.835119693240278e-24,0.0,6.859556060982184e-19,,0.0,0.0,0.0,0.0,0.0,1.4326320272288242e-30,6.859556060982184e-19,9.96437616729284e-06,17.0,1.1661245303694066e-17,3.600113810511962e-33,8.665450098435256e-25,,,3.600113810511962e-33,8.665450098435256e-25,10.0,,1.3683607328474346e-07,3.770662255519641,16426229313798.781,2.4854566227417016e-06,0.0003191868914942108,2.4854566227417016e-06,0.0003191868914942108,0.005820024819532569,0.00032167234811695253,False,False,1.0,1.4490293539028818,8.70698217758527e-09,0.2144089367557101,0.6833149120827204,1.0,1.233620054115112,3.2565640691065916e-07,0.12808792115658046,0.8089188564999982,0.19030363672343248,0.1274451378249865,0.0068919364364396956,0.0020699974664079622,True,AP3.2,100.0,8.3,5.767844763153473e+19,$(U_{0.8}Pu_{0.2})N$
RHO_1p7e13_AP3p2,rizk2025_refit_plot,rizk2025_refit_full,950.0,1.1,17000000000000.0,1.567886499919939e+23,7.287122603668559e+25,1.1805879440525215e+25,3.612215538985094e+23,6.905865190240756e+18,1.658909262529888,43.0478677243129,0.6907647415977203,0.23076058921014256,0.9215253308078628,0.047059105587789515,0.9685844363956524,8762816546710.933,2.190704136677733e+18,55.76313205447182,0.06289543141371923,188846749081.79236,39811250.16133256,4743.552345543104,1339406060.8422472,1338228708.5518055,118738700.71321751,51570498.54866962,1.0008797840630066,2.302454000927642,0.17350452843888256,80.64032511858461,13.064552473914548,6.12161787906198,6.12161787906198,0.0,5.531845258800107e+24,5.531845258800107e+24,0.0,9.03657393860029e+25,9.036573938600291e+25,1.0057927683138768,7.83124000770422e+16,0.004981803151984551,5.849590391363175e-07,1.2661452973812353e-07,1.2661452973812353e-07,0.0024807782385170745,0.0024807782385170745,1.9138157843338704e+20,6.571074570482979e-06,6.85955606105717e-19,1.426046189772508e-24,1.426046189772508e-23,2.2845010932250072e-26,1.3842827431568335e+19,17000000000000.0,17000000000000.0,0.0,0.005818146900476566,0.0003213580350973316,1.234406014370587e-05,4.25826358185798e-06,1.234406014370587e-05,4.25826358185798e-06,1.4239810298631297e-29,4.5307194423276687e+18,3.0379149318703304e+18,0.00118901135597919,8.677667653528655e-22,-122962.87771429755,1.0946626959417593e+21,0.0,0.0,0.0,0.0,0.0,0.3333333333333333,0.3333333333333333,2.0,7.498646671560408e-30,3.5732345885189943e-23,0.0,6.859556060982184e-19,,0.0,0.0,0.0,0.0,0.0,7.498646671560408e-30,6.859556060982184e-19,5.209133880842283e-05,17.0,1.166124530379719e-17,2.284501093225007e-32,1.4260461669274971e-24,,,2.284501093225007e-32,1.4260461669274971e-24,10.0,,1.3683607328474346e-07,3.770662255519641,16405444337005.072,2.5750276570638584e-06,0.00031878300744026775,2.5750276570638584e-06,0.00031878300744026775,0.005818146900476566,0.0003213580350973316,False,False,1.0,1.4494064706488936,8.711089738939277e-09,0.2145420338199407,0.6831244501309534,1.0,1.243981672444322,3.2575995556852986e-07,0.1327883662352469,0.8019881626932689,0.19044813348584824,0.13214595678093094,0.006907647415977203,0.0023076058921014256,True,AP3.2,100.0,8.3,5.767844763153473e+19,$(U_{0.8}Pu_{0.2})N$
RHO_1p7e13_AP3p2,rizk2025_refit_plot,rizk2025_refit_full,975.0,1.1,17000000000000.0,1.5669114489233656e+23,7.282884306647467e+25,1.1851825091778766e+25,3.60719520447527e+23,6.898646990147323e+18,1.6609479377606,44.624952087950106,0.692350983530928,0.25679456047369753,0.9491455440046256,0.047083492629799564,0.9962290366344252,8762413856533.299,2.1906034641333248e+18,55.7736173042322,0.06291619492680212,80660939826.76639,39803765.782133386,2026.4650402242207,1337373976.6659923,1336586144.291284,102234645.5380321,49747952.57201985,1.0005894362874201,2.055052323812272,0.17339662792224889,80.59342352678787,13.11539657873318,6.117783266556696,6.117783266556696,0.0,5.528380082857118e+24,5.528380082857118e+24,0.0,9.03657393860029e+25,9.03657393860029e+25,1.006449318949666,7.821506341862509e+16,0.0049777545283584326,5.820823244156074e-07,1.4476207526845226e-07,1.4476207526845226e-07,0.0027577744790551555,0.0027577744790551555,2.189133379819196e+20,7.005831622921722e-06,6.859556061342735e-19,2.2780288136394288e-24,2.2780288136394286e-23,1.3186026336093777e-25,1.3842827431568335e+19,17000000000000.0,17000000000000.0,0.0,0.005816397602064292,0.0003210383915346404,1.233966976742035e-05,4.234959243036656e-06,1.233966976742035e-05,4.234959243036656e-06,1.6322174811255998e-29,4.685874712478687e+18,3.528633241450016e+18,0.002855939885876154,8.683371156764912e-22,-123029.2511717283,1.0941313529619069e+21,0.0,0.0,0.0,0.0,0.0,0.3333333333333333,0.3333333333333333,2.0,3.605513394506346e-29,1.4241136187131344e-22,0.0,6.859556060982184e-19,,0.0,0.0,0.0,0.0,0.0,3.605513394506346e-29,6.859556060982184e-19,0.00020761017272513826,17.0,1.166124530428265e-17,1.3186026336093777e-31,2.2780286817791655e-24,,,1.3186026336093777e-31,2.2780286817791655e-24,10.0,,1.3683607328474346e-07,3.770662255519641,16384306921726.797,2.666116559526681e-06,0.0003183722749751137,2.666116559526681e-06,0.0003183722749751137,0.005816397602064292,0.0003210383915346404,False,False,1.0,1.449787616435034,8.715129405595409e-09,0.2146764981218869,0.6829320432395107,1.0,1.2546965432153225,3.258735250626274e-07,0.13758149516785936,0.7949298744578092,0.19059380096189635,0.13693945865592805,0.0069235098353092805,0.002567945604736975,True,AP3.2,100.0,8.3,5.767844763153473e+19,$(U_{0.8}Pu_{0.2})N$
RHO_1p7e13_AP3p2,rizk2025_refit_plot,rizk2025_refit_full,1000.0,1.1,17000000000000.0,1.5659550762636068e+23,7.278962854793854e+25,1.1894532811195214e+25,3.6022911963024e+23,6.890866985868739e+18,1.662989946923237,46.21242783938253,0.6939629707892278,0.2848648291920047,0.9788277999812325,0.04717440230665031,1.0260022022878827,8760947268113.489,2.1902368170283722e+18,55.81260447750551,0.0629936405249091,35972786905.89447,39775961.37615725,904.3851024920167,1335487325.7066934,1334944931.030587,89366884.1302043,48039025.513134845,1.0004063049070404,1.8602976054493359,0.17329079437667544,80.5500281882419,13.16265754257482,6.114023474806617,6.114023474806617,0.0,5.524982519242786e+24,5.524982519242786e+24,0.0,9.03657393860029e+25,9.03657393860029e+25,1.0071579174810557,7.811965043547304e+16,0.004973645041189167,5.793382567440881e-07,1.63084029201385e-07,1.63084029201385e-07,0.003056117804462021,0.003056117804462021,2.4766902853128015e+20,7.474816139729495e-06,6.859556062584883e-19,3.5413597183153905e-24,3.5413597183153905e-23,6.972208708889678e-25,1.3842827431568335e+19,17000000000000.0,17000000000000.0,0.0,0.005814828757387853,0.00032071805337931177,1.2335275137584936e-05,4.213055325908243e-06,1.2335275137584936e-05,4.213055325908243e-06,1.8431904817147855e-29,4.84611497920522e+18,4.025372572383846e+18,0.006567384014934373,8.699759442985306e-22,-123208.463810335,1.0936104269098349e+21,0.0,0.0,0.0,0.0,0.0,0.3333333333333333,0.3333333333333333,2.0,1.6026995865756309e-28,4.476676181501433e-22,0.0,6.859556060982184e-19,,0.0,0.0,0.0,0.0,0.0,1.6026995865756309e-28,6.859556060982184e-19,0.0006526189363651748,17.0,1.1661245306394302e-17,6.972208708889678e-31,3.5413590210945195e-24,,,6.972208708889678e-31,3.5413590210945195e-24,10.0,,1.3683607328474346e-07,3.770662255519641,16363123636791.852,2.7574021430014483e-06,0.0003179606512363103,2.7574021430014483e-06,0.0003179606512363103,0.005814828757387853,0.00032071805337931177,False,False,1.0,1.450175679640106,8.71908271669734e-09,0.2148133463170131,0.682736237157255,1.0,1.265620313691514,3.259961118998447e-07,0.14239924439685653,0.7878448869339283,0.1907416049182711,0.14175757571821743,0.006939629707892278,0.002848648291920047,True,AP3.2,100.0,8.3,5.767844763153473e+19,$(U_{0.8}Pu_{0.2})N$
RHO_1p7e13_AP3p2,rizk2025_refit_plot,rizk2025_refit_full,1025.0,1.1,17000000000000.0,1.56501458789431e+23,7.275389546016055e+25,1.193367743168812e+25,3.597518873591021e+23,6.882604115471154e+18,1.6650375437227114,47.791051187922235,0.6956067409322396,0.3146887001841981,1.0102954411164378,0.04740211443947478,1.0576975555559125,8757308821479.486,2.1893272053698716e+18,55.910004294048335,0.06318744274345375,16698095939.98134,39706668.386650816,420.5363133814359,1333686666.1689107,1333303268.968036,79193115.6714088,46452211.13196688,1.0002875543845111,1.7048298399924973,0.17318671860905743,80.5104854500086,13.205975530961654,6.11035230042071,6.11035230042071,0.0,5.521665035364812e+24,5.521665035364812e+24,0.0,9.03657393860029e+25,9.036573938600291e+25,1.0079115741822477,7.80258787463122e+16,0.004969474967060459,5.767455101144407e-07,1.811221737278376e-07,1.811221737278376e-07,0.0033728297134782595,0.0033728297134782595,2.7717324438829017e+20,7.97710843895102e-06,6.859556067606377e-19,5.3696749456684256e-24,5.369674945668426e-23,3.398959714178951e-24,1.3842827431568335e+19,17000000000000.0,17000000000000.0,0.0,0.00581347277349305,0.0003204010005578789,1.2330871413545085e-05,4.192671052960312e-06,1.2330871413545085e-05,4.192671052960312e-06,2.0516020376189148e-29,5.009740335213483e+18,4.5153309144642437e+18,0.014508666783615358,8.738116945807732e-22,-123619.48560326088,1.0930984664130147e+21,0.0,0.0,0.0,0.0,0.0,0.3333333333333333,0.3333333333333333,2.0,6.624193185834588e-28,1.1430128592985717e-21,0.0,6.859556060982184e-19,,0.0,0.0,0.0,0.0,0.0,6.624193185834588e-28,6.859556060982184e-19,0.0016663073353920743,17.0,1.166124531493084e-17,3.398959714178951e-30,5.369671546708712e-24,,,3.398959714178951e-30,5.369671546708712e-24,10.0,,1.3683607328474346e-07,3.770662255519641,16342157659691.342,2.847750260218027e-06,0.00031755325029766084,2.847750260218027e-06,0.00031755325029766084,0.00581347277349305,0.0003204010005578789,False,False,1.0,1.4505723083621092,8.722936766394179e-09,0.21495315622531472,0.6825362058394236,1.0,1.2766213528967847,3.261265099013564e-07,0.14718272551822487,0.7808201033614878,0.19089208755186515,0.1465414157091909,0.006956067409322396,0.0031468870018419807,True,AP3.2,100.0,8.3,5.767844763153473e+19,$(U_{0.8}Pu_{0.2})N$
RHO_1p7e13_AP3p2,rizk2025_refit_plot,rizk2025_refit_full,1050.0,1.1,17000000000000.0,1.564087417002297e+23,7.272176038391836e+25,1.1969135014068956e+25,3.592887164778193e+23,6.873947132800987e+18,1.6670915273846278,49.34447522990906,0.6972853175679647,0.3459476629210856,1.0432329804890503,0.04790116643596477,1.091134146925015,8749418362319.574,2.1873545905798935e+18,56.122388323400294,0.06361104572490127,8044484611.707832,39556406.38825716,203.36742758553373,1331938283.3603604,1331660537.8486855,71051275.19450556,44989839.07836548,1.000208570805983,1.5792738238237527,0.1730841165722332,80.47492432201858,13.245213391041984,6.106778170367213,6.106778170367213,0.0,5.518435246315352e+24,5.518435246315352e+24,0.0,9.03657393860029e+25,9.03657393860029e+25,1.0087023717662678,7.793348951552178e+16,0.004965249217602984,5.743136484363769e-07,1.9839633054285265e-07,1.9839633054285265e-07,0.0037045657875988004,0.0037045657875988004,3.0691509669254287e+20,8.512244272541036e-06,6.859556086571999e-19,7.957391575121721e-24,7.957391575121721e-23,1.5366002896313798e-23,1.3842827431568335e+19,17000000000000.0,17000000000000.0,0.0,0.005812347230973167,0.00032009056204284345,1.2326456891044172e-05,4.173846464152295e-06,1.2326456891044172e-05,4.173846464152295e-06,2.251868542313475e-29,5.174646401079639e+18,4.985131555210052e+18,0.030898793361936384,8.820059398866829e-22,-124489.1942032482,1.092594117783654e+21,0.0,0.0,0.0,0.0,0.0,0.3333333333333333,0.3333333333333333,2.0,2.558981501392922e-27,2.43157518657149e-21,0.0,6.859556060982184e-19,,0.0,0.0,0.0,0.0,0.0,2.558981501392922e-27,6.859556060982184e-19,0.003544799628260854,17.0,1.1661245347172398e-17,1.5366002896313797e-29,7.957376209118825e-24,,,1.5366002896313797e-29,7.957376209118825e-24,10.0,,1.3683607328474346e-07,3.770662255519641,16321629096019.672,2.936212424240181e-06,0.00031715434961860327,2.936212424240181e-06,0.00031715434961860327,0.005812347230973167,0.00032009056204284345,False,False,1.0,1.4509783217691519,8.72668377999087e-09,0.21509621260514208,0.6823315427195804,1.0,1.2875818175158196,3.262633522178704e-07,0.1518821701892455,0.7739285683709133,0.19104551217252205,0.15124120666258786,0.006972853175679647,0.003459476629210856,True,AP3.2,100.0,8.3,5.767844763153473e+19,$(U_{0.8}Pu_{0.2})N$
RHO_1p7e13_AP3p2,rizk2025_refit_plot,rizk2025_refit_full,1075.0,1.1,17000000000000.0,1.563171192716616e+23,7.269320081230257e+25,1.200092487102282e+25,3.5883997734419844e+23,6.864991512975304e+18,1.669151901792459,50.85909631946779,0.6989997408191454,0.3782984236786056,1.077298164497751,0.04892044970948161,1.1262186142072326,8733532952792.611,2.183383238198153e+18,56.55191748834831,0.06447119146371827,4011799169.1170745,39255963.34478665,102.19591693321308,1330222661.5293696,1330016757.3819973,64467438.354622096,43650008.76254718,1.0001548131978257,1.4769169624986833,0.17298272590228392,80.44331989780886,13.280392494505158,6.103304881783699,6.103304881783699,0.0,5.51529658340585e+24,5.51529658340585e+24,0.0,9.03657393860029e+25,9.03657393860029e+25,1.0095217354029353,7.784224442376341e+16,0.004960975037382256,5.720460408523672e-07,2.1442327995726467e-07,2.1442327995726467e-07,0.004047726616755309,0.004047726616755309,3.3636410389929486e+20,9.078744983334218e-06,6.85955615381511e-19,1.1545833192879147e-23,1.1545833192879148e-22,6.475908336901747e-23,1.3842827431568335e+19,17000000000000.0,17000000000000.0,0.0,0.005811458859893364,0.00031978945282959,1.2322031579711961e-05,4.156566473808787e-06,1.2322031579711961e-05,4.156566473808787e-06,2.4383448807507903e-29,5.338895986108738e+18,5.421371029186114e+18,0.06366357515986053,8.985528253542978e-22,-126231.23441161042,1.0920961173908347e+21,0.0,0.0,0.0,0.0,0.0,0.3333333333333333,0.3333333333333333,2.0,9.283292620781236e-27,4.406311478811802e-21,0.0,6.859556060982184e-19,,0.0,0.0,0.0,0.0,0.0,9.283292620781236e-27,6.859556060982184e-19,0.006423610187025182,17.0,1.1661245461485687e-17,6.475908336901747e-29,1.1545768433795778e-23,,,6.475908336901747e-29,1.1545768433795778e-23,10.0,,1.3683607328474346e-07,3.770662255519641,16301717373384.846,3.022015493004765e-06,0.00031676743733658527,3.022015493004765e-06,0.00031676743733658527,0.005811458859893364,0.00031978945282959,False,False,1.0,1.4513939882230529,8.730320185124888e-09,0.2152426056797678,0.6821221196403577,1.0,1.298397905917005,3.264051579140027e-07,0.15645643923370725,0.767230259805578,0.191201959272764,0.15581580600755424,0.006989997408191454,0.003782984236786056,True,AP3.2,100.0,8.3,5.767844763153473e+19,$(U_{0.8}Pu_{0.2})N$
RHO_1p7e13_AP3p2,rizk2025_refit_plot,rizk2025_refit_full,1100.0,1.1,17000000000000.0,1.5622637364125816e+23,7.26681005407061e+25,1.2029163301258765e+25,3.584056434544705e+23,6.855836140188291e+18,1.6712182533357487,52.32385367483723,0.7007497638227097,0.41138476647468614,1.1121345302973957,0.05090581525757444,1.1630403455549703,8703173630610.233,2.1757934076525583e+18,57.37337862975742,0.06612711293071052,2066178393.0236359,38693903.91537042,53.39803390070666,1328528306.7816236,1328372279.0658157,59096338.18106451,42428067.584548116,1.000117457822831,1.392859527794917,0.17288230550953326,80.41554358372456,13.311641539140673,6.099932571625238,6.099932571625238,0.0,5.512249170396766e+24,5.512249170396766e+24,0.0,9.03657393860029e+25,9.036573938600288e+25,1.0103607260471055,7.775192578387854e+16,0.004956660599235827,5.699420221654736e-07,2.287386525586707e-07,2.287386525586707e-07,0.0043985778259891875,0.0043985778259891875,3.649883687987322e+20,9.67526817512281e-06,6.859556378595706e-19,1.6429338076549502e-23,1.6429338076549503e-22,2.556484784617257e-22,1.3842827431568335e+19,17000000000000.0,17000000000000.0,0.0,0.00581080675400396,0.00031949982456290466,1.2317596388645241e-05,4.140779476077491e-06,1.2317596388645241e-05,4.140779476077491e-06,2.6055831388836637e-29,5.501094624043308e+18,5.811234618383188e+18,0.12741676535886698,9.305912275286507e-22,-129561.5756147847,1.0916033006112248e+21,0.0,0.0,0.0,0.0,0.0,0.3333333333333333,0.3333333333333333,2.0,3.1761352235744896e-26,6.934054381604572e-21,0.0,6.859556060982184e-19,,0.0,0.0,0.0,0.0,0.0,3.1761352235744896e-26,6.859556060982184e-19,0.010108604695255988,17.0,1.1661245843612701e-17,2.556484784617257e-28,1.642908242807104e-23,,,2.556484784617257e-28,1.642908242807104e-23,10.0,,1.3683607328474346e-07,3.770662255519641,16282564433756.805,3.1045479287245358e-06,0.0003163952766341801,3.1045479287245358e-06,0.0003163952766341801,0.00581080675400396,0.00031949982456290466,False,False,1.0,1.4518192158500165,8.73384562903855e-09,0.2153922986225437,0.6819079902342846,1.0,1.3089797905480471,3.265503825951738e-07,0.16087237675310823,0.7607731171195021,0.1913613913644314,0.16023205474656588,0.007007497638227097,0.004113847664746861,True,AP3.2,100.0,8.3,5.767844763153473e+19,$(U_{0.8}Pu_{0.2})N$
RHO_1p7e13_AP3p2,rizk2025_refit_plot,rizk2025_refit_full,1125.0,1.1,17000000000000.0,1.561363047260393e+23,7.264628345197835e+25,1.2054028934845376e+25,3.5798539688884845e+23,6.846579836407634e+18,1.6732899739664093,53.73003412859729,0.7025343229071661,0.4448500413920058,1.147384364299172,0.054631722495644915,1.2020160867948169,8647733470285.994,2.1619333675714988e+18,58.86557290566036,0.0691681419006016,1096689568.0634308,37713045.00098615,29.079846722394166,1326848350.943363,1326727605.2205436,54682196.82963462,41317673.36470808,1.0000910101835103,1.323457793640965,0.17278263397933738,80.39140048604617,13.339158199498417,6.096658680476069,6.096658680476069,0.0,5.509290694453127e+24,5.509290694453127e+24,0.0,9.03657393860029e+25,9.03657393860029e+25,1.0112103526287437,7.76623366543161e+16,0.004952314125152827,5.679983647728956e-07,2.4092098164398954e-07,2.4092098164398954e-07,0.004753377660876858,0.004753377660876858,3.922744995919495e+20,1.0299532671882859e-05,6.8595570898364e-19,2.2961278689320564e-23,2.2961278689320565e-22,9.494708146321283e-22,1.3842827431568335e+19,17000000000000.0,17000000000000.0,0.0,0.0058103848651171845,0.00031922332144330556,1.2313152645541624e-05,4.126410868313662e-06,1.2313152645541624e-05,4.126410868313662e-06,2.7486164625334226e-29,5.660489365384935e+18,6.143158091866892e+18,0.2489013540265151,9.904775013924643e-22,-135642.9770379352,1.0911146163976075e+21,0.0,0.0,0.0,0.0,0.0,0.3333333333333333,0.3333333333333333,2.0,1.028854216590493e-25,9.636917296725955e-21,0.0,6.859556060982184e-19,,0.0,0.0,0.0,0.0,0.0,1.028854216590493e-25,6.859556060982184e-19,0.014048891452488508,17.0,1.166124705272188e-17,9.494708146321284e-28,2.2960329218505932e-23,,,9.494708146321284e-28,2.2960329218505932e-23,10.0,,1.3683607328474346e-07,3.770662255519641,16264277986536.375,3.183345842199313e-06,0.00031603997560110625,3.183345842199313e-06,0.00031603997560110625,0.0058103848651171845,0.00031922332144330556,False,False,1.0,1.4522536824868941,8.73726214741691e-09,0.2155451735564066,0.6816893240694557,1.0,1.3192515139088217,3.266974723171967e-07,0.16510417004209452,0.7545940641672383,0.19152369667762334,0.1644641374866089,0.007025343229071661,0.004448500413920058,True,AP3.2,100.0,8.3,5.767844763153473e+19,$(U_{0.8}Pu_{0.2})N$
RHO_1p7e13_AP3p2,rizk2025_refit_plot,rizk2025_refit_full,1150.0,1.1,17000000000000.0,1.5604672426714883e+23,7.262753727127852e+25,1.2075738198182707e+25,3.575787026171593e+23,6.837317786152886e+18,1.6753664028567894,55.071109654227655,0.7043518501010064,0.47835008671278345,1.1827019368137899,0.06140182592163354,1.2441037627354234,8551325338520.164,2.137831334630041e+18,61.43225556694888,0.07449161934313261,598933083.8350898,36137367.56874642,16.573788411557683,1325178634.1287196,1325083275.046292,51032438.46028198,40311517.48963491,1.0000719645959038,1.2659518082742405,0.17268350298179436,80.37065569844503,13.363181976081043,6.0934788224921625,6.0934788224921625,0.0,5.506417192274545e+24,5.506417192274545e+24,0.0,9.03657393860029e+25,9.036573938600291e+25,1.012061898625753,7.757329926086691e+16,0.00494794327074059,5.662101844535683e-07,2.5061666384138294e-07,2.5061666384138294e-07,0.005108510456718944,0.005108510456718944,4.1774847221190276e+20,1.0949323126375803e-05,6.859559227741158e-19,3.156009871203467e-23,3.1560098712034666e-22,3.330768464716398e-21,1.3842827431568335e+19,17000000000000.0,17000000000000.0,0.0,0.0058101839569613236,0.0003189611423956814,1.2308701791020299e-05,4.113372365775806e-06,1.2308701791020299e-05,4.113372365775806e-06,2.863253509532853e-29,5.816866282695345e+18,6.407502613444618e+18,0.47727193703337967,1.0989288793019367e-21,-146208.88300593855,1.090629145678521e+21,0.0,0.0,0.0,0.0,0.0,0.3333333333333333,0.3333333333333333,2.0,3.1667589742037936e-25,1.2004150054659163e-20,0.0,6.859556060982184e-19,,0.0,0.0,0.0,0.0,0.0,3.1667589742037936e-25,6.859556060982184e-19,0.017499885424288566,17.0,1.1661250687159969e-17,3.330768464716398e-27,3.155676794356995e-23,,,3.330768464716398e-27,3.155676794356995e-23,10.0,,1.3683607328474346e-07,3.770662255519641,16246934418637.834,3.258080641233883e-06,0.0003157030617544475,3.258080641233883e-06,0.0003157030617544475,0.0058101839569613236,0.0003189611423956814,False,False,1.0,1.452696922375222,8.740573576841979e-09,0.215701062233118,0.6814663627301559,1.0,1.3291510065646392,3.2684492001352573e-07,0.1691328016949687,0.7487198958533325,0.19168871816094615,0.16849303469084664,0.0070435185010100645,0.004783500867127834,True,AP3.2,100.0,8.3,5.767844763153473e+19,$(U_{0.8}Pu_{0.2})N$
RHO_1p7e13_AP3p2,rizk2025_refit_plot,rizk2025_refit_full,1175.0,1.1,17000000000000.0,1.5595743884291154e+23,7.261162906832141e+25,1.2094529116003677e+25,3.571848433425252e+23,6.828137892428426e+18,1.6774469375673,56.34262236490754,0.7062004735747518,0.5115664588792271,1.217766932453979,0.07333013039227324,1.2910970628462521,8392915024892.59,2.0982287562231475e+18,65.58487868778853,0.0833299897209937,336291853.41569936,33849265.93473062,9.934982166648739,1323516580.3990633,1323439776.4137518,47999705.94269992,39401786.90338535,1.0000580336080873,1.2182113988991663,0.17258469847375407,80.3530514569867,13.38397627041056,6.090387574128993,6.090387574128993,0.0,5.50362376283491e+24,5.50362376283491e+24,0.0,9.03657393860029e+25,9.036573938600291e+25,1.0129072600021214,7.748464942710165e+16,0.004943554533363903,5.645714014955206e-07,2.575638597406898e-07,2.575638597406898e-07,0.005460624825775472,0.005460624825775472,4.409962477134251e+20,1.1622239616446361e-05,6.859565352766219e-19,4.2715948930300983e-23,4.271594893030099e-22,1.1076769180051558e-20,1.3842827431568335e+19,17000000000000.0,17000000000000.0,0.0,0.00581019335140039,0.0003187141232699581,1.2304245139037913e-05,4.10156803633322e-06,1.2304245139037913e-05,4.10156803633322e-06,2.946360648588607e-29,5.970370934199446e+18,6.59719091354274e+18,0.9039730855281741,1.2896254533079523e-21,-163530.86743052283,1.0901461347559245e+21,0.0,0.0,0.0,0.0,0.0,0.3333333333333333,0.3333333333333333,2.0,9.291784035179553e-25,1.35764246380118e-20,0.0,6.859556060982184e-19,,0.0,0.0,0.0,0.0,0.0,9.291784035179553e-25,6.859556060982184e-19,0.019791960481194207,17.0,1.1661261099702572e-17,1.1076769180051557e-26,4.2704872161120934e-23,,,1.1076769180051557e-26,4.2704872161120934e-23,10.0,,1.3683607328474346e-07,3.770662255519641,16230581137541.34,3.3285494444241553e-06,0.0003153855738255339,3.3285494444241553e-06,0.0003153855738255339,0.00581019335140039,0.0003187141232699581,False,False,1.0,1.4531483810026953,8.743785282295866e-09,0.21585976544024552,0.6812393920345201,1.0,1.3386303209316277,3.269913239294591e-07,0.17294564052836903,0.7431679580872365,0.19185627206190123,0.17230611375520585,0.007062004735747518,0.005115664588792272,True,AP3.2,100.0,8.3,5.767844763153473e+19,$(U_{0.8}Pu_{0.2})N$
RHO_1p7e13_AP3p2,rizk2025_refit_plot,rizk2025_refit_full,1200.0,1.1,17000000000000.0,1.5586820706242124e+23,7.2598313878657465e+25,1.211065199247794e+25,3.568028983689559e+23,6.819117064079539e+18,1.67953116577469,57.54212614862398,0.7080781356153036,0.5442199645642568,1.2522981001795603,0.09366585275040837,1.3459639529299687,8149390788652.891,2.0373476971632225e+18,71.8619875901375,0.09714146683092922,194289943.46519256,30892549.37758885,6.289216894677561,1321860484.286445,1321797442.785777,45469311.38509252,38580430.5226057,1.0000476937680671,1.1785589421675937,0.1724859533286398,80.33831668056102,13.401818072606627,6.0873792935037025,6.0873792935037025,0.0,5.50090530780506e+24,5.50090530780506e+24,0.0,9.03657393860029e+25,9.036573938600288e+25,1.0137392943109236,7.739622198345835e+16,0.004939152357714942,5.630748491328941e-07,2.616122282911812e-07,2.616122282911812e-07,0.005806776463244446,0.005806776463244446,4.616822552800896e+20,1.2316158242815577e-05,6.859582128801389e-19,5.699970868482597e-23,5.699970868482596e-22,3.503783313863259e-20,1.3842827431568335e+19,17000000000000.0,17000000000000.0,0.0,0.005810403076634108,0.0003184828765554896,1.2299783594372623e-05,4.090897850243249e-06,1.2299783594372623e-05,4.090897850243249e-06,2.996095892225531e-29,6.121341155408112e+18,6.708222916526441e+18,1.700711324364126,1.615728981670613e-21,-190018.76268693435,1.0896650679760443e+21,0.0,0.0,0.0,0.0,0.0,0.3333333333333333,0.3333333333333333,2.0,2.6067819204802983e-24,1.4100662152237733e-20,0.0,6.859556060982184e-19,,0.0,0.0,0.0,0.0,0.0,2.6067819204802983e-24,6.859556060982184e-19,0.0205561532575478,17.0,1.1661289618962361e-17,3.503783313863259e-26,5.696467085168733e-23,,,3.503783313863259e-26,5.696467085168733e-23,10.0,,1.3683607328474346e-07,3.770662255519641,16215238203576.734,3.394669340262003e-06,0.00031508820721522755,3.394669340262003e-06,0.00031508820721522755,0.005810403076634108,0.0003184828765554896,False,False,1.0,1.4536074447785725,8.746904338557863e-09,0.2160210635167027,0.6810087269778531,1.0,1.3476561515961216,3.271354480447947e-07,0.17653620070391726,0.7379465769536683,0.19202615887212512,0.17589688826863237,0.007080781356153036,0.005442199645642568,True,AP3.2,100.0,8.3,5.767844763153473e+19,$(U_{0.8}Pu_{0.2})N$
RHO_1p7e13_AP3p2,rizk2025_refit_plot,rizk2025_refit_full,1225.0,1.1,17000000000000.0,1.5577863810665317e+23,7.258733696610079e+25,1.2124366242002156e+25,3.5643162678272596e+23,6.810317393590376e+18,1.6816190951203345,58.66919231405519,0.7099826447696619,0.5760846323939653,1.2860672771636272,0.1269935015652035,1.4130607787288307,7802800745326.274,1.9507001863315686e+18,80.6970210511835,0.11728611089909219,115865576.24035013,27510309.192106687,4.211714795033802,1320208963.263104,1320156274.653351,43350290.34911062,37839280.079336666,1.0000399108884035,1.1456425771901357,0.17238683506061406,80.32616947451672,13.41699445429442,6.084449236128234,6.084449236128234,0.0,5.498257539793284e+24,5.498257539793284e+24,0.0,9.03657393860029e+25,9.03657393860029e+25,1.0145521842169432,7.730781592135598e+16,0.004934737347881302,5.617120754349596e-07,2.6273371036116583e-07,2.6273371036116583e-07,0.0061445767657016745,0.0061445767657016745,4.795625286049103e+20,1.3028818806792825e-05,6.859626178147597e-19,7.507910714821752e-23,7.507910714821752e-22,1.057421518979397e-19,1.3842827431568335e+19,17000000000000.0,17000000000000.0,0.0,0.005810807609177885,0.0003182680746672569,1.2295317161737145e-05,4.081259359327473e-06,1.2295317161737145e-05,4.081259359327473e-06,3.0120391440569846e-29,6.270188604539792e+18,6.73994475318633e+18,3.1879565044121194,2.158745615613344e-21,-227343.56945650734,1.0891858338415295e+21,0.0,0.0,0.0,0.0,0.0,0.3333333333333333,0.3333333333333333,2.0,7.011716541319382e-24,1.3584525954125257e-20,0.0,6.859556060982184e-19,,0.0,0.0,0.0,0.0,0.0,7.011716541319382e-24,6.859556060982184e-19,0.01980359512505342,17.0,1.1661364502850915e-17,1.057421518979397e-25,7.497336499631958e-23,,,1.057421518979397e-25,7.497336499631958e-23,10.0,,1.3683607328474346e-07,3.770662255519641,16200899138726.436,3.4564770133056533e-06,0.00031481159765395125,3.4564770133056533e-06,0.00031481159765395125,0.005810807609177885,0.0003182680746672569,False,False,1.0,1.4540734473900327,8.749940495278397e-09,0.21618471865223166,0.6807747084301594,1.0,1.3562107105800574,3.272762850751581e-07,0.1799040925045393,0.7330552026219975,0.19219816822214378,0.17926496887705304,0.0070998264476966185,0.005760846323939654,True,AP3.2,100.0,8.3,5.767844763153473e+19,$(U_{0.8}Pu_{0.2})N$
RHO_1p7e13_AP3p2,rizk2025_refit_plot,rizk2025_refit_full,1250.0,1.1,17000000000000.0,1.5568796173845904e+23,7.257842885668617e+25,1.2135943803402946e+25,3.560691659489932e+23,6.801782159384028e+18,1.6837116274265287,59.72548435180191,0.7119116661138011,0.6070023454572607,1.3189140115710616,0.17892595276431514,1.4978399643353768,7350470188658.5625,1.8376175471646405e+18,92.28545302277179,0.1444982809868882,71736719.98105675,24055795.656680655,2.982097162981778,1318560361.703097,1318515572.2854764,41568880.42925265,37170062.73106973,1.0000339695780331,1.1183430259456095,0.1722864913143998,80.31631163516838,13.429806346809718,6.081595526707499,6.081595526707499,0.0,5.495678764175309e+24,5.495678764175309e+24,0.0,9.03657393860029e+25,9.036573938600288e+25,1.0153418207035738,7.721911531417952e+16,0.004930302403895877,5.604728233484009e-07,2.610174058786373e-07,2.610174058786373e-07,0.006472349071861822,0.006472349071861822,4.9448690815630095e+20,1.3758972243712587e-05,6.859737343204004e-19,9.775347450615735e-23,9.775347450615735e-22,3.0533079764031823e-19,1.3842827431568335e+19,17000000000000.0,17000000000000.0,0.0,0.005811413612746242,0.00031807106215855837,1.2290843934994788e-05,4.072547969954513e-06,1.2290843934994788e-05,4.072547969954513e-06,2.995138224699882e-29,6.417330664799902e+18,6.694887656621755e+18,5.945173550556897,3.0391388031551797e-21,-275395.06410353206,1.0887090973335764e+21,0.0,0.0,0.0,0.0,0.0,0.3333333333333333,0.3333333333333333,2.0,1.8128222181985484e-23,1.2247278119517971e-20,0.0,6.859556060982184e-19,,0.0,0.0,0.0,0.0,0.0,1.8128222181985484e-23,6.859556060982184e-19,0.017853858692784275,17.0,1.1661553483446806e-17,3.0533079764031822e-25,9.744814370851704e-23,,,3.0533079764031822e-25,9.744814370851704e-23,10.0,,1.3683607328474346e-07,3.770662255519641,16187530836212.277,3.5141362988633342e-06,0.000314556925859695,3.5141362988633342e-06,0.000314556925859695,0.005811413612746242,0.00031807106215855837,False,False,1.0,1.4545456482502082,8.752908662494792e-09,0.21635046738715244,0.6805377138464915,1.0,1.3642930157193809,3.2741312301002066e-07,0.18305518086343478,0.7284842449686678,0.1923720781516545,0.182416221803968,0.007119116661138011,0.006070023454572607,True,AP3.2,100.0,8.3,5.767844763153473e+19,$(U_{0.8}Pu_{0.2})N$
RHO_1p7e13_AP3p2,rizk2025_refit_plot,rizk2025_refit_full,1275.0,1.1,17000000000000.0,1.5559452690106792e+23,7.25712899635306e+25,1.2145681430450507e+25,3.5571235910037204e+23,6.79353163729214e+18,1.6858115675327858,60.71489689286917,0.7138626382482958,0.63689816412645,1.3507608023747457,0.25475808813914086,1.6055188905138864,6813224393698.908,1.7033060984247273e+18,106.48103698824423,0.17831106734471924,46474574.85654724,20848782.682733394,2.229126542483302,1316911826.094497,1316873156.3807027,40063676.974229306,36564337.80851457,1.0000293647976701,1.0957036110988958,0.1721830950073193,80.30841163545158,13.44058214205438,6.078823127486727,6.078823127486727,0.0,5.493173465120726e+24,5.493173465120726e+24,0.0,9.03657393860029e+25,9.03657393860029e+25,1.0161062062808273,7.712951698320192e+16,0.0049258244044871865,5.593440891844464e-07,2.566394905517648e-07,2.566394905517648e-07,0.006789291945715183,0.006789291945715183,5.0638077009588434e+20,1.450710206472292e-05,6.860007613635873e-19,1.260338808442629e-22,1.260338808442629e-21,8.457331924393166e-19,1.3842827431568335e+19,17000000000000.0,17000000000000.0,0.0,0.005812256495467643,0.000317895179255252,1.2286357949078891e-05,4.0646562192704076e-06,1.2286357949078891e-05,4.0646562192704076e-06,2.9473657912664575e-29,6.563160993264401e+18,6.57793770126553e+18,10.950203075743573,4.423353811082427e-21,-331844.4070183241,1.0882371087745302e+21,0.0,0.0,0.0,0.0,0.0,0.3333333333333333,0.3333333333333333,2.0,4.5155265368944576e-23,1.0414017716058635e-20,0.0,6.859556060982184e-19,,0.0,0.0,0.0,0.0,0.0,4.5155265368944576e-23,6.859556060982184e-19,0.015180766994133262,17.0,1.1662012943180985e-17,8.457331924393166e-25,1.2518814765182357e-22,,,8.457331924393166e-25,1.2518814765182357e-22,10.0,,1.3683607328474346e-07,3.770662255519641,16175072629243.498,3.5679580525035487e-06,0.00031432722120274843,3.5679580525035487e-06,0.00031432722120274843,0.005812256495467643,0.000317895179255252,False,False,1.0,1.4550231682370076,8.75583445848555e-09,0.21651799815524037,0.6802981893558877,1.0,1.3719205771303267,3.2754561532030913e-07,0.18600193732869189,0.7242146225437444,0.19254764779912667,0.18536312065222463,0.007138626382482957,0.0063689816412645,True,AP3.2,100.0,8.3,5.767844763153473e+19,$(U_{0.8}Pu_{0.2})N$
RHO_1p7e13_AP3p2,rizk2025_refit_plot,rizk2025_refit_full,1300.0,1.1,17000000000000.0,1.554947474564049e+23,7.256555768984237e+25,1.2153927206854761e+25,3.553553417499305e+23,6.785558990618088e+18,1.6879257369912177,61.6437192891391,0.7158325840255781,0.6657953260186266,1.3816279100442048,0.35679423753915773,1.7384221475833623,6235564815843.502,1.5588912039608755e+18,122.70469692460425,0.21671014120367546,31777915.63503586,18092216.970016044,1.756441219321044,1315257581.9505842,1315223739.6161883,38782055.0871195,36013401.293765515,1.0000257312374894,1.0768784311920374,0.17207267766846832,80.30206822064949,13.449707034364543,6.0761520673175315,6.0761520673175315,0.0,5.490759741849388e+24,5.490759741849388e+24,0.0,9.03657393860029e+25,9.036573938600293e+25,1.0168458518042798,7.70377684651019e+16,0.004921246762062384,5.583085425666437e-07,2.497990195326178e-07,2.497990195326178e-07,0.007095637367052914,0.007095637367052914,5.151908888051886e+20,1.527619029493058e-05,6.860642029484949e-19,1.6132812103425e-22,1.6132812103425001e-21,2.2525702314749626e-18,1.3842827431568335e+19,17000000000000.0,17000000000000.0,0.0,0.005813435243307229,0.00031774855724900553,1.2281844683205583e-05,4.057472616956618e-06,1.2281844683205583e-05,4.057472616956618e-06,2.870980837607103e-29,6.708046452147759e+18,6.394595259332954e+18,19.650076012106915,6.5101931364432684e-21,-392862.05460481823,1.0877754071431942e+21,0.0,0.0,0.0,0.0,0.0,0.3333333333333333,0.3333333333333333,2.0,1.085968502764781e-22,8.409787168749566e-21,0.0,6.859556060982184e-19,,0.0,0.0,0.0,0.0,0.0,1.085968502764781e-22,6.859556060982184e-19,0.012258017737417087,17.0,1.1663091450124414e-17,2.2525702314749626e-24,1.5907555080277505e-22,,,2.2525702314749626e-24,1.5907555080277505e-22,10.0,,1.3683607328474346e-07,3.770662255519641,16163435015989.78,3.6184394769326227e-06,0.0003141301177720729,3.6184394769326227e-06,0.0003141301177720729,0.005813435243307229,0.00031774855724900553,False,False,1.0,1.455504850506096,8.758765890577821e-09,0.21668690262984264,0.6800567192855476,1.0,1.3791311969484057,3.276738503843612e-07,0.18876386776829107,0.720217196329322,0.19272460063355443,0.1881251737325682,0.007158325840255782,0.006657953260186265,True,AP3.2,100.0,8.3,5.767844763153473e+19,$(U_{0.8}Pu_{0.2})N$
RHO_1p7e13_AP3p2,rizk2025_refit_plot,rizk2025_refit_full,1325.0,1.1,17000000000000.0,1.5538096029571636e+23,7.256074223705824e+25,1.2161131639489813e+25,3.5498668059693946e+23,6.777827437801655e+18,1.6900692832099942,62.52068377496795,0.7178177500860152,0.69382552722253,1.4116432773085452,0.4810810447924637,1.8927243221010088,5674880891446.599,1.4187202228616497e+18,139.8838813388368,0.25631449205828094,23111752.18644027,15870305.990599135,1.4562890091804561,1313585561.6689136,1313555616.9528708,37677812.26625259,35508248.8859286,1.0000227966868371,1.061100263977922,0.17194675919376579,80.29673937277323,13.457679560992448,6.073634307040541,6.073634307040541,0.0,5.488484549159118e+24,5.488484549159118e+24,0.0,9.03657393860029e+25,9.03657393860029e+25,1.0175640536878734,7.694123332312554e+16,0.004916443946390483,5.573419408044878e-07,2.406179280435626e-07,2.406179280435626e-07,0.00739275517840224,0.00739275517840224,5.207734080328692e+20,1.6074386798326908e-05,6.862082708120544e-19,2.058576297173614e-22,2.0585762971736138e-21,5.78187606487805e-18,1.3842827431568335e+19,17000000000000.0,17000000000000.0,0.0,0.005815183555247482,0.00031764984922639004,1.2277271901478246e-05,4.050881236830938e-06,1.2277271901478246e-05,4.050881236830938e-06,2.767373978792109e-29,6.852342488121398e+18,6.148283181804849e+18,33.696671868210366,9.465043816322103e-21,-454481.96521733014,1.0873362856667618e+21,0.0,0.0,0.0,0.0,0.0,0.3333333333333333,0.3333333333333333,2.0,2.5266471383605937e-22,6.489382211733226e-21,0.0,6.859556060982184e-19,,0.0,0.0,0.0,0.0,0.0,2.5266471383605937e-22,6.859556060982184e-19,0.00945686971107727,17.0,1.1665540603804926e-17,5.78187606487805e-24,2.0007575365248335e-22,,,5.78187606487805e-24,2.0007575365248335e-22,10.0,,1.3683607328474346e-07,3.770662255519641,16152499781612.414,3.6663333876028114e-06,0.0003139835158387872,3.6663333876028114e-06,0.0003139835158387872,0.005815183555247482,0.00031764984922639004,False,False,1.0,1.4559889842538705,8.761797042533457e-09,0.2168565792015966,0.6798141640785467,1.0,1.385983799420044,3.277984006686262e-07,0.1913676004895661,0.7164526891554569,0.19290259253589298,0.19072901157705496,0.007178177500860152,0.0069382552722252995,True,AP3.2,100.0,8.3,5.767844763153473e+19,$(U_{0.8}Pu_{0.2})N$
RHO_1p7e13_AP3p2,rizk2025_refit_plot,rizk2025_refit_full,1350.0,1.1,17000000000000.0,1.5523721671530983e+23,7.255610609896222e+25,1.2167941896734619e+25,3.54583765966655e+23,6.770272315305352e+18,1.6922742066286867,63.356513241910115,0.7198129616452973,0.7212213119196346,1.441034273564932,0.6158962800266993,2.056930553591631,5183550603118.719,1.2958876507796797e+18,156.5455002102462,0.29321729497725957,17963752.20770498,14181180.532295473,1.2667317905441848,1311870838.3237922,1311844139.2678542,36710527.821878694,35039807.06014418,1.0000203523079754,1.0476806495785438,0.1717876905230691,80.2916089570565,13.465215887581572,6.071387464838871,6.071387464838871,0.0,5.486454173590743e+24,5.486454173590743e+24,0.0,9.03657393860029e+25,9.03657393860029e+25,1.018266712406165,7.683444939259795e+16,0.004911151573773922,5.564090028318513e-07,2.2903406286333084e-07,2.2903406286333084e-07,0.007683061574480819,0.007683061574480819,5.22702140197797e+20,1.691843271386216e-05,6.865253628289335e-19,2.635683646760266e-22,2.6356836467602656e-21,1.4331663655150738e-17,1.3842827431568335e+19,17000000000000.0,17000000000000.0,0.0,0.00581801057217137,0.0003176396250804006,1.2272571545803163e-05,4.0447647975491915e-06,1.2272571545803163e-05,4.0447647975491915e-06,2.635826898791029e-29,6.996424236141885e+18,5.837479430311846e+18,54.01487020651779,1.3283049102373832e-20,-513354.6973131345,1.0869456305254428e+21,0.0,0.0,0.0,0.0,0.0,0.3333333333333333,0.3333333333333333,2.0,5.697567307150379e-22,4.811032795419547e-21,0.0,6.859556060982184e-19,,0.0,0.0,0.0,0.0,0.0,5.697567307150379e-22,6.859556060982184e-19,0.007007800521156197,17.0,1.1670931168091869e-17,1.433166365515074e-23,2.492367010208758e-22,,,1.433166365515074e-23,2.492367010208758e-22,10.0,,1.3683607328474346e-07,3.770662255519641,16142126247551.756,3.712760810918075e-06,0.00031392686426948255,3.712760810918075e-06,0.00031392686426948255,0.00581801057217137,0.0003176396250804006,False,False,1.0,1.4564727783943339,8.765114620597384e-09,0.2170260491747733,0.6795719229031063,1.0,1.3925552358883642,3.2792029298535823e-07,0.1938454970422532,0.7128737310713082,0.19308115477433926,0.19320699706890188,0.007198129616452973,0.007212213119196346,True,AP3.2,100.0,8.3,5.767844763153473e+19,$(U_{0.8}Pu_{0.2})N$
RHO_1p7e13_AP3p2,rizk2025_refit_plot,rizk2025_refit_full,1375.0,1.1,17000000000000.0,1.5503128868515242e+23,7.255044171154546e+25,1.2175372910404892e+25,3.54102146808424e+23,6.7628160815891e+18,1.6946057384986795,64.16217065976578,0.7218104865869399,0.7482613794074117,1.4700718659943515,0.7448790654915105,2.2149509314858618,4792782104443.282,1.1981955261108206e+18,171.20372266585017,0.3242613269451775,14912092.436540615,12967007.757961687,1.150002584627487,1310063124.3975399,1310039231.8786724,35847836.67943123,34599826.92562017,1.0000182380178289,1.0360698264905754,0.17155980766441428,80.28534066615858,13.47343915197443,6.069660374202582,6.069660374202582,0.0,5.484893475367393e+24,5.484893475367393e+24,0.0,9.03657393860029e+25,9.03657393860029e+25,1.0189609393795698,7.670639410034478e+16,0.004904832914249827,5.554569041290952e-07,2.1480768525530213e-07,2.1480768525530213e-07,0.007969420951908487,0.007969420951908487,5.200144573790537e+20,1.7837180355199734e-05,6.872029686534334e-19,3.420580950408818e-22,3.420580950408818e-21,3.437073971002977e-17,1.3842827431568335e+19,17000000000000.0,17000000000000.0,0.0,0.005822970558733953,0.00031780234698625636,1.2267605000269371e-05,4.039016407434951e-06,1.2267605000269371e-05,4.039016407434951e-06,2.473572531932601e-29,7.140736519374184e+18,5.455898172809099e+18,79.48590794986333,1.7655802450415806e-20,-566524.2015821149,1.0866560093701611e+21,0.0,0.0,0.0,0.0,0.0,0.3333333333333333,0.3333333333333333,2.0,1.2473625552150166e-21,3.443438470919897e-21,0.0,6.859556060982184e-19,,0.0,0.0,0.0,0.0,0.0,1.2473625552150166e-21,6.859556060982184e-19,0.0050108026711049814,17.0,1.1682450467108369e-17,3.437073971002977e-23,3.0768735533085202e-22,,,3.437073971002977e-23,3.0768735533085202e-22,10.0,,1.3683607328474346e-07,3.770662255519641,16132173323678.143,3.759386781562533e-06,0.0003140429602046938,3.759386781562533e-06,0.0003140429602046938,0.005822970558733953,0.00031780234698625636,False,False,1.0,1.4569513823171474,8.769086833570733e-09,0.2171936149881297,0.67933242192764,1.0,1.398926614739717,3.2804076895475134e-07,0.19623043694630296,0.7094324068970063,0.1932595938161557,0.19559201015224062,0.007218104865869399,0.007482613794074116,True,AP3.2,100.0,8.3,5.767844763153473e+19,$(U_{0.8}Pu_{0.2})N$
RHO_1p7e13_AP3p2,rizk2025_refit_plot,rizk2025_refit_full,1400.0,1.1,17000000000000.0,1.5470003945114488e+23,7.2541656461429194e+25,1.2185125463326913e+25,3.53455824837458e+23,6.755405156770813e+18,1.6971928629611812,64.94505888467964,0.7237979401150544,0.7751367988081247,1.498934738923179,0.8545721089359104,2.3535068478590895,4506011072323.2,1.1265027680808001e+18,182.95010474611036,0.3481277494832194,13120231.019585751,12134456.020568082,1.081237675372243,1308063646.3712428,1308042266.9976647,35071505.801515535,34182739.04319598,1.0000163445586718,1.0260004547089232,0.171193242596438,80.27561878464026,13.484231464402,6.068956508361315,6.068956508361315,0.0,5.484257421795647e+24,5.484257421795647e+24,0.0,9.03657393860029e+25,9.03657393860029e+25,1.0196516209951567,7.653548580789426e+16,0.00489643228444526,5.544040329998268e-07,1.9796192457238283e-07,1.9796192457238283e-07,0.00825371062743287,0.00825371062743287,5.110867880890722e+20,1.8873734762473816e-05,6.886110813242972e-19,4.565292615698932e-22,4.565292615698932e-21,7.989389038480301e-17,1.3842827431568335e+19,17000000000000.0,17000000000000.0,0.0,0.005832162887878105,0.00031830738440682667,1.2262098461783823e-05,4.033563908136289e-06,1.2262098461783823e-05,4.033563908136289e-06,2.28085456762208e-29,7.285878501935588e+18,5.004281228710274e+18,106.82292549653303,2.2042348524736456e-20,-611615.5565305441,1.0865709828990346e+21,0.0,0.0,0.0,0.0,0.0,0.3333333333333333,0.3333333333333333,2.0,2.6554752260788454e-21,2.389663047018396e-21,0.0,6.859556060982184e-19,,0.0,0.0,0.0,0.0,0.0,2.6554752260788454e-21,6.859556060982184e-19,0.003470265163933658,17.0,1.1706388382513052e-17,7.989389038480301e-23,3.7663537118509016e-22,,,7.989389038480301e-23,3.7663537118509016e-22,10.0,,1.3683607328474346e-07,3.770662255519641,16122546124750.305,3.808730204672712e-06,0.00031449865420215395,3.808730204672712e-06,0.00031449865420215395,0.005832162887878105,0.00031830738440682667,False,False,1.0,1.4574160728448404,8.774428765568098e-09,0.21735622770641108,0.6791000178780436,1.0,1.4051528212565745,3.281606895686467e-07,0.19854459071664107,0.7060964232914557,0.1934368067556682,0.1979062235593098,0.007237979401150544,0.007751367988081247,True,AP3.2,100.0,8.3,5.767844763153473e+19,$(U_{0.8}Pu_{0.2})N$
RHO_1p7e13_AP3p2,rizk2025_refit_plot,rizk2025_refit_full,1425.0,1.1,17000000000000.0,1.5412383725974616e+23,7.2525967580098185e+25,1.2200215305664902e+25,3.524819820080879e+23,6.748048276863307e+18,1.7002833407078835,65.70555597850245,0.7257539865657513,0.8018129639408511,1.5275669505066025,0.9407100112264118,2.468276961733014,4304316587454.881,1.0760791468637202e+18,191.8069600463642,0.3655223980018826,12070653.770425724,11574136.827273497,1.04289883129619,1305683837.4578507,1305664736.4878266,34382787.06513012,33787097.10220457,1.0000146293068124,1.0176306937859627,0.17055560913566653,80.2582572475825,13.500930096472649,6.070257046809202,6.070257046809202,0.0,5.485432662980079e+24,5.485432662980079e+24,0.0,9.03657393860029e+25,9.036573938600291e+25,1.0203378513481127,7.62808380191546e+16,0.004883937005038176,5.531151957658973e-07,1.8008011390020496e-07,1.8008011390020496e-07,0.0085353865536455,0.0085353865536455,4.9427744089423276e+20,2.007897273140781e-05,6.914608654846705e-19,6.376594772569942e-22,6.376594772569942e-21,1.8029544796246132e-16,1.3842827431568335e+19,17000000000000.0,17000000000000.0,0.0,0.005849626694315341,0.0003194827762512034,1.2255526718958153e-05,4.028388913648644e-06,1.2255526718958153e-05,4.028388913648644e-06,2.0758869270060294e-29,7.432771862699549e+18,4.5250654734983613e+18,132.80492812631587,2.6020956644924947e-20,-648578.2137398843,1.0868887942955018e+21,0.0,0.0,0.0,0.0,0.0,0.3333333333333333,0.3333333333333333,2.0,5.505259386452124e-21,1.614130821723305e-21,0.0,6.859556060982184e-19,,0.0,0.0,0.0,0.0,0.0,5.505259386452124e-21,6.859556060982184e-19,0.0023343776955358146,17.0,1.1754834713239397e-17,1.8029544796246133e-22,4.573640292945329e-22,,,1.8029544796246133e-22,4.573640292945329e-22,10.0,,1.3683607328474346e-07,3.770662255519641,16113237228997.62,3.864922240170294e-06,0.0003156178540110331,3.864922240170294e-06,0.0003156178540110331,0.005849626694315341,0.0003194827762512034,False,False,1.0,1.4578508548512399,8.782502309640626e-09,0.21750830137023572,0.678882691714673,1.0,1.4112337990058823,3.282799097470867e-07,0.20078927479622305,0.7028636314256912,0.19361090278562854,0.20015096634554475,0.007257539865657513,0.008018129639408511,True,AP3.2,100.0,8.3,5.767844763153473e+19,$(U_{0.8}Pu_{0.2})N$
RHO_1p7e13_AP3p2,rizk2025_refit_plot,rizk2025_refit_full,1450.0,1.1,17000000000000.0,1.530845527023471e+23,7.2496347845336105e+25,1.2226225261888834e+25,3.508810206514816e+23,6.740751831333258e+18,1.7043386549314488,66.44435453140329,0.7276393362943372,0.8282686207149065,1.5559079570092438,1.007756675287747,2.5636646322969905,4159475504727.9893,1.0398688761819973e+18,198.5117478949034,0.3783485385926263,11435774.756974652,11183217.232943403,1.0225836196123659,1302575123.47373,1302558029.5186653,33790746.65032801,33411416.449997593,1.0000131233731453,1.011353310952803,0.16940552220619465,80.22547963190279,13.52971308037856,6.075401765512481,6.075401765512481,0.0,5.490081726075628e+24,5.490081726075628e+24,0.0,9.03657393860029e+25,9.036573938600291e+25,1.0210190583412782,7.586779448898498e+16,0.004863642207471091,5.51341617876712e-07,1.6557469948011235e-07,1.6557469948011235e-07,0.008814197177438353,0.008814197177438353,4.701963793020896e+20,2.1489721547384525e-05,6.970855980789518e-19,9.468385261965149e-22,9.468385261965149e-21,3.956100289530877e-16,1.3842827431568335e+19,17000000000000.0,17000000000000.0,0.0,0.005882887324438279,0.00032194328487924285,1.2246913475085581e-05,4.023472513113368e-06,1.2246913475085581e-05,4.023472513113368e-06,1.9095458126857866e-29,7.583002130131705e+18,4.136197632479674e+18,156.88783573985492,2.9612889144931075e-20,-681461.3918956113,1.0879775103855404e+21,0.0,0.0,0.0,0.0,0.0,0.3333333333333333,0.3333333333333333,2.0,1.1129991980733449e-20,1.0648433877683903e-21,0.0,6.859556060982184e-19,,0.0,0.0,0.0,0.0,0.0,1.1129991980733449e-20,6.859556060982184e-19,0.0015275647505886161,17.0,1.1850455167342181e-17,3.9561002895308766e-22,5.512284972434272e-22,,,3.9561002895308766e-22,5.512284972434272e-22,10.0,,1.3683607328474346e-07,3.770662255519641,16104235351676.396,3.93577575852771e-06,0.00031800750912071513,3.93577575852771e-06,0.00031800750912071513,0.005882887324438279,0.00032194328487924285,False,False,1.0,1.4582262019660321,8.795839717104777e-09,0.21763952983227403,0.6786951672417615,1.0,1.417172154957253,3.283983205383749e-07,0.20296672136664845,0.69973057471843,0.19377841071109816,0.20232850354103685,0.007276393362943372,0.008282686207149064,True,AP3.2,100.0,8.3,5.767844763153473e+19,$(U_{0.8}Pu_{0.2})N$
RHO_1p7e13_AP3p2,rizk2025_refit_plot,rizk2025_refit_full,1475.0,1.1,17000000000000.0,1.5120353112396922e+23,7.243993218810134e+25,1.2273416399173103e+25,3.4812478467686165e+23,6.733273433063805e+18,1.710187459257924,67.18682184249681,0.7293814359128638,0.8553958807833905,1.5847773166962544,1.0638997219751134,2.6486770386713676,4045437125797.491,1.0113592814493727e+18,204.0135074409185,0.38865509339757975,11014154.300567778,10881632.436239073,1.0121784911505896,1298118749.4054,1298103309.0742528,33278158.942731485,33042193.976733282,1.0000118945318444,1.0071413225817982,0.16732395723349744,80.16304927099601,13.581935457581373,6.087691314189109,6.087691314189109,0.0,5.501187267604465e+24,5.501187267604465e+24,0.0,9.03657393860029e+25,9.036573938600288e+25,1.021718219152575,7.516598325556397e+16,0.004829028644441275,5.486123163153422e-07,1.5880553490224303e-07,1.5880553490224303e-07,0.009100080134525842,0.009100080134525842,4.439914504426079e+20,2.309439771525654e-05,7.079265455089175e-19,1.504893209395902e-21,1.504893209395902e-20,8.452417180343286e-16,1.3842827431568335e+19,17000000000000.0,17000000000000.0,0.0,0.00594555566053544,0.000326809542647257,1.2234511352838335e-05,4.018638331248594e-06,1.2234511352838335e-05,4.018638331248594e-06,1.8322080588952235e-29,7.739390453413354e+18,3.9540222662673915e+18,181.7292092736312,3.3299746614767635e-20,-718331.365652427,1.090496060533397e+21,0.0,0.0,0.0,0.0,0.0,0.3333333333333333,0.3333333333333333,2.0,2.1970939410699096e-20,6.8818538610947975e-22,0.0,6.859556060982184e-19,,0.0,0.0,0.0,0.0,0.0,2.1970939410699096e-20,6.859556060982184e-19,0.0009721141133572748,17.0,1.2034751273651598e-17,8.452417180343286e-22,6.596514913615734e-22,,,8.452417180343286e-22,6.596514913615734e-22,10.0,,1.3683607328474346e-07,3.770662255519641,16095230340788.137,4.037024841953252e-06,0.00032277251780530377,4.037024841953252e-06,0.00032277251780530377,0.00594555566053544,0.000326809542647257,False,False,1.0,1.4584889173565283,8.818992700360985e-09,0.2177313488938327,0.6785639651875093,1.0,1.4231706212525979,3.2851985830451305e-07,0.20515174869531974,0.6965895123981563,0.19393293426243519,0.20451369008116244,0.0072938143591286374,0.008553958807833904,True,AP3.2,100.0,8.3,5.767844763153473e+19,$(U_{0.8}Pu_{0.2})N$
RHO_1p7e13_AP3p2,rizk2025_refit_plot,rizk2025_refit_full,1500.0,1.1,17000000000000.0,1.4786885510087761e+23,7.233455008285286e+25,1.2359489955092135e+25,3.433402245791738e+23,6.724956903226818e+18,1.7192514255136608,67.99638578567286,0.7308554258606772,0.8855959108528426,1.6164513367135196,1.1173950193550084,2.7338463560685278,3942353569301.717,9.855883923254291e+17,209.16911672330878,0.3981362846149225,10686895.368148966,10613421.49728844,1.0069227318333958,1291273824.8842885,1291259653.5068922,32792897.34769182,32648794.11381545,1.0000109748472028,1.0044137383259553,0.1636337577776535,80.04643194902806,13.677185666901703,6.112748626292599,6.112748626292599,0.0,5.523830492957042e+24,5.523830492957042e+24,0.0,9.03657393860029e+25,9.036573938600291e+25,1.022497369456416,7.396169198229024e+16,0.004769313836918075,5.441187146149642e-07,1.5845937030916506e-07,1.5845937030916506e-07,0.009419655555143621,0.009419655555143621,4.2228951834779143e+20,2.482282841787119e-05,7.283547683483441e-19,2.5448943822908676e-21,2.5448943822908677e-20,1.7607759639859707e-15,1.3842827431568335e+19,17000000000000.0,17000000000000.0,0.0,0.006061526460160752,0.00033608319047284874,1.221533933880128e-05,4.01348505219227e-06,1.221533933880128e-05,4.01348505219227e-06,1.8288511604835e-29,7.906881881136643e+18,3.943194637446485e+18,212.51210687341543,3.789961913198596e-20,-770055.4865532678,1.0955724107313421e+21,0.0,0.0,0.0,0.0,0.0,0.3333333333333333,0.3333333333333333,2.0,4.239916225012569e-20,4.369022003359254e-22,0.0,6.859556060982184e-19,,0.0,0.0,0.0,0.0,0.0,4.239916225012569e-20,6.859556060982184e-19,0.0005998480676204922,17.0,1.2382031061921849e-17,1.7607759639859707e-21,7.84118418304897e-22,,,1.7607759639859707e-21,7.84118418304897e-22,10.0,,1.3683607328474346e-07,3.770662255519641,16085459156753.748,4.1982196539471725e-06,0.00033188497081890157,4.1982196539471725e-06,0.00033188497081890157,0.006061526460160752,0.00033608319047284874,False,False,1.0,1.4585487975314897,8.859770200468683e-09,0.2177522734267877,0.678534066483204,1.0,1.429746297567685,3.2865522585174385e-07,0.2075305416003652,0.6931732463374682,0.194063484542493,0.20689271598824321,0.0073085542586067715,0.008855959108528426,True,AP3.2,100.0,8.3,5.767844763153473e+19,$(U_{0.8}Pu_{0.2})N$
RHO_1p7e13_AP3p2,rizk2025_refit_plot,rizk2025_refit_full,1525.0,1.1,17000000000000.0,1.4220072129728007e+23,7.214448877177032e+25,1.2512912243282025e+25,3.3521235580527225e+23,6.714768798170589e+18,1.7338307060158658,68.96637733344087,0.7318611563404007,0.9226392264366063,1.654500382777007,1.176111682809244,2.830612065586251,3834946763741.3887,9.587366909353472e+17,214.73866591381082,0.4081886305138035,10382220.665867738,10338147.48989377,1.0042631599149705,1280415040.8802738,1280401824.8709488,32275475.556926344,32189598.55273639,1.0000103217670175,1.0026678494933468,0.15736132107530357,79.83610742518316,13.846964931955394,6.1595663217861425,6.1595663217861425,0.0,5.56613764965327e+24,5.56613764965327e+24,0.0,9.03657393860029e+25,9.03657393860029e+25,1.0234542360352656,7.193877120005973e+16,0.004668206343588817,5.366328792102214e-07,1.6085088415123428e-07,1.6085088415123428e-07,0.009814532425242549,0.009814532425242549,4.074066469727755e+20,2.65890701491159e-05,7.660320881786454e-19,4.506949593239524e-21,4.506949593239524e-20,3.580777516173852e-15,1.3842827431568335e+19,17000000000000.0,17000000000000.0,0.0,0.006271200278792989,0.0003532719542639437,1.218462345344564e-05,4.00746645821745e-06,1.218462345344564e-05,4.00746645821745e-06,1.8570139112735453e-29,8.093919001830184e+18,4.0049141382501356e+18,256.7691498691738,4.450723784717418e-20,-848350.0318677617,1.1050309941782611e+21,0.0,0.0,0.0,0.0,0.0,0.3333333333333333,0.3333333333333333,2.0,8.007648208042697e-20,2.7313851877918533e-22,0.0,6.859556060982184e-19,,0.0,0.0,0.0,0.0,0.0,8.007648208042697e-20,6.859556060982184e-19,0.0003565627641377433,17.0,1.3022545499036972e-17,3.5807775161738524e-21,9.261720770656716e-22,,,3.5807775161738524e-21,9.261720770656716e-22,10.0,,1.3683607328474346e-07,3.770662255519641,16073818044505.668,4.471400327209032e-06,0.00034880055393673467,4.471400327209032e-06,0.00034880055393673467,0.006271200278792989,0.0003532719542639437,False,False,1.0,1.458263807688641,8.930808503055644e-09,0.21765267461300358,0.6786763840696277,1.0,1.4376734095561272,3.288213602627796e-07,0.2103756063030711,0.6890919813690667,0.19415246069100073,0.2097380881762395,0.007318611563404007,0.009226392264366064,True,AP3.2,100.0,8.3,5.767844763153473e+19,$(U_{0.8}Pu_{0.2})N$
RHO_1p7e13_AP3p2,rizk2025_refit_plot,rizk2025_refit_full,1550.0,1.1,17000000000000.0,1.3317502913707452e+23,7.181640857062348e+25,1.2776137726605078e+25,3.2203796528679975e+23,6.701185509930047e+18,1.757347518793731,70.22439049062459,0.7320970231544436,0.9720848739935104,1.7041818971479539,1.2487686991525333,2.9529505963004876,3709631551732.7275,9.27407887933182e+17,221.51216667827958,0.4201525560224782,10051120.328124829,10022022.868045392,1.0029033519941581,1263279930.1362386,1263267496.188711,31663462.77765742,31612947.93005551,1.0000098426877642,1.0015979163889959,0.1473733630045443,79.47304925360618,14.138253959314168,6.241323424075121,6.241323424075121,0.0,5.640018059637277e+24,5.640018059637277e+24,0.0,9.03657393860029e+25,9.036573938600291e+25,1.0247334761678155,6.87052648172097e+16,0.004504489988226076,5.245133215694859e-07,1.645806502568816e-07,1.645806502568816e-07,0.010345717216177403,0.010345717216177403,3.9755263944177084e+20,2.836847169693538e-05,8.341202920002465e-19,8.20455958647652e-21,8.20455958647652e-20,7.11715258415843e-15,1.3842827431568335e+19,17000000000000.0,17000000000000.0,0.0,0.006639595878204383,0.00038439666948533784,1.2135396250915028e-05,3.999903098995502e-06,1.2135396250915028e-05,3.999903098995502e-06,1.9005558215350577e-29,8.31371789028408e+18,4.1011746564880404e+18,324.7301890802637,5.44439667085971e-20,-961226.825768627,1.121594055309222e+21,0.0,0.0,0.0,0.0,0.0,0.3333333333333333,0.3333333333333333,2.0,1.4816468590202815e-19,1.6851976248218294e-22,0.0,6.859556060982184e-19,,0.0,0.0,0.0,0.0,0.0,1.4816468590202815e-19,6.859556060982184e-19,0.00020203292510492376,17.0,1.4180044964004192e-17,7.11715258415843e-21,1.0874070023180895e-21,,,7.11715258415843e-21,1.0874070023180895e-21,10.0,,1.3683607328474346e-07,3.770662255519641,16058831177185.787,4.947352744955407e-06,0.0003794493167403824,4.947352744955407e-06,0.0003794493167403824,0.006639595878204383,0.00038439666948533784,False,False,1.0,1.4574305606031492,9.050972700568211e-09,0.2173612962236354,0.6790927742940699,1.0,1.4480326645977326,3.2904338220692335e-07,0.21405691222792556,0.6838187142265084,0.19417331583238087,0.21341980977049085,0.007320970231544436,0.009720848739935103,True,AP3.2,100.0,8.3,5.767844763153473e+19,$(U_{0.8}Pu_{0.2})N$
RHO_1p7e13_AP3p2,rizk2025_refit_plot,rizk2025_refit_full,1575.0,1.1,17000000000000.0,1.2006101878891965e+23,7.127930645532971e+25,1.3205615103641776e+25,3.0215951044055923e+23,6.682052755167981e+18,1.7942942363863603,71.93338359885911,0.7311489552665816,1.0418134901875349,1.7729624454541169,1.3463036570568452,3.119266102510962,3553277653950.828,8.88319413487707e+17,230.41909653879128,0.4354588753884911,9655849.836697489,9634618.108253285,1.0022036917504822,1237266953.545999,1237255270.0559275,30891738.97882768,30861887.609513342,1.000009443071575,1.0009672567566845,0.13286121444330964,78.8786844877744,14.613519673903367,6.374934623878928,6.374934623878928,0.0,5.760756808242496e+24,5.760756808242496e+24,0.0,9.03657393860029e+25,9.03657393860029e+25,1.0265413860193016,6.392004643966689e+16,0.004257237352808945,5.060058224186135e-07,1.6950890271275387e-07,1.6950890271275387e-07,0.01109980262010376,0.01109980262010376,3.898552234388188e+20,3.0234916232778865e-05,9.547997762466594e-19,1.5110367502995262e-20,1.5110367502995263e-19,1.384090397445483e-14,1.3842827431568335e+19,17000000000000.0,17000000000000.0,0.0,0.007264975313928031,0.0004395864888447344,1.2058853943153186e-05,3.990043301314788e-06,1.2058853943153186e-05,3.990043301314788e-06,1.9578577686282497e-29,8.584463369044855e+18,4.2270593181815593e+18,430.1165042422221,6.91762426489471e-20,-1106259.100733616,1.1488636590364652e+21,0.0,0.0,0.0,0.0,0.0,0.3333333333333333,0.3333333333333333,2.0,2.6884417014844093e-19,1.0281056616639125e-22,0.0,6.859556060982184e-19,,0.0,0.0,0.0,0.0,0.0,2.6884417014844093e-19,6.859556060982184e-19,0.00010767761862130092,17.0,1.623159619619321e-17,1.384090397445483e-20,1.2694635285404309e-21,,,1.384090397445483e-20,1.2694635285404309e-21,10.0,,1.3683607328474346e-07,3.770662255519641,16038679062313.469,5.783977609888701e-06,0.0004338025112348457,5.783977609888701e-06,0.0004338025112348457,0.007264975313928031,0.0004395864888447344,False,False,1.0,1.4557983719598055,9.245259750787513e-09,0.21678978490575992,0.6799096452928269,1.0,1.4622467101951933,3.293571314902366e-07,0.21904189243430153,0.6766919052296564,0.19408946127836293,0.21840537667478332,0.007311489552665817,0.01041813490187535,True,AP3.2,100.0,8.3,5.767844763153473e+19,$(U_{0.8}Pu_{0.2})N$
RHO_1p7e13_AP3p2,rizk2025_refit_plot,rizk2025_refit_full,1600.0,1.1,17000000000000.0,1.0311960001357788e+23,7.0453604677398695e+25,1.3864707014497498e+25,2.7487615058787738e+23,6.654645163630516e+18,1.8495751953817352,74.26731614879623,0.7285202818756101,1.1418438097775248,1.8703640916531348,1.482503448098952,3.3528675397520873,3354825496463.172,8.387063741157929e+17,242.54319911854725,0.4555428149946373,9169984.15938702,9153008.651934769,1.0018546368847432,1200286489.89363,1200275612.2287922,29910015.270755872,29892018.658008065,1.0000090626392197,1.000602054111959,0.114113601807756,77.96495127036114,15.342880065722182,6.578055062108941,6.578055062108941,0.0,5.944308094093136e+24,5.944308094093136e+24,0.0,9.03657393860029e+25,9.03657393860029e+25,1.0291429822516514,5.752433748359131e+16,0.003916889717101639,4.799744938877608e-07,1.7592661723998555e-07,1.7592661723998555e-07,0.012188054446969347,0.012188054446969347,3.8221759284383986e+20,3.232934440193769e-05,1.1647735522501893e-18,2.783708154963653e-20,2.7837081549636527e-19,2.6363059898109156e-14,1.3842827431568335e+19,17000000000000.0,17000000000000.0,0.0,0.008284746545899844,0.0005355612398666617,1.1946155968855983e-05,3.977296142432564e-06,1.1946155968855983e-05,3.977296142432564e-06,2.032272708327344e-29,8.927511531641364e+18,4.3881175749821773e+18,593.3264389137194,9.047829456109435e-20,-1268584.1743905465,1.1908379769983593e+21,0.0,0.0,0.0,0.0,0.0,0.3333333333333333,0.3333333333333333,2.0,4.788179461519709e-19,6.213051142733445e-23,0.0,6.859556060982184e-19,,0.0,0.0,0.0,0.0,0.0,4.788179461519709e-19,6.859556060982184e-19,5.3341279347652143e-05,17.0,1.9801150388253218e-17,2.6363059898109155e-20,1.4740216515273757e-21,,,2.6363059898109155e-20,1.4740216515273757e-21,10.0,,1.3683607328474346e-07,3.770662255519641,16011558946391.71,7.2543488872132805e-06,0.0005283068909794484,7.2543488872132805e-06,0.0005283068909794484,0.008284746545899844,0.0005355612398666617,False,False,1.0,1.4531246995408826,9.541556847483626e-09,0.21585144249896815,0.6812512947522196,1.0,1.481919853946056,3.2980866924868427e-07,0.22581865549209648,0.6670297223790416,0.19385658102656106,0.2251829826558563,0.007285202818756101,0.011418438097775247,True,AP3.2,100.0,8.3,5.767844763153473e+19,$(U_{0.8}Pu_{0.2})N$
RHO_1p7e13_AP3p2,rizk2025_refit_plot,rizk2025_refit_full,1625.0,1.1,17000000000000.0,8.399193863066179e+22,6.927007371998432e+25,1.4809258020687507e+25,2.4135431923493454e+23,6.615958345178607e+18,1.9272621907913283,77.36616511902868,0.7237125251807196,1.2833188765450623,2.007031401725782,1.6736228503705743,3.6806542520963563,3109124832040.9453,7.772812080102363e+17,259.0321408708372,0.48153352911366665,8585007.43700965,8570365.023184411,1.0017084936039047,1151903104.2539492,1151893089.9010034,28705914.830445323,28694714.24083779,1.0000086938215305,1.0003903363355886,0.09294666230957839,76.6552392429313,16.388133513110358,6.863680581648769,6.863680581648769,0.0,6.202415706700414e+24,6.202415706700414e+24,0.0,9.03657393860029e+25,9.03657393860029e+25,1.03283871030206,4.992519664748955e+16,0.0034965088218521356,4.4674845498043974e-07,1.8455278902453847e-07,1.8455278902453847e-07,0.013737010252027905,0.013737010252027905,3.740784908737193e+20,3.4791489698373404e-05,1.523730417696869e-18,5.0931337662888926e-20,5.093133766288892e-19,4.922854290289942e-14,1.3842827431568335e+19,17000000000000.0,17000000000000.0,0.0,0.009875123146046164,0.0006994246472991438,1.1791487868214385e-05,3.961536603737395e-06,1.1791487868214385e-05,3.961536603737395e-06,2.132112577470599e-29,9.36334895379157e+18,4.599522156285579e+18,849.96900326382,1.211509912629757e-19,-1428504.6750395359,1.2509464748677608e+21,0.0,0.0,0.0,0.0,0.0,0.3333333333333333,0.3333333333333333,2.0,8.377748115986507e-19,3.725070577182821e-23,0.0,6.859556060982184e-19,,0.0,0.0,0.0,0.0,0.0,8.377748115986507e-19,6.859556060982184e-19,2.4447044791645597e-05,17.0,2.5903417100846773e-17,4.922854290289942e-20,1.7027947599895046e-21,,,4.922854290289942e-20,1.7027947599895046e-21,10.0,,1.3683607328474346e-07,3.770662255519641,15976301350025.238,9.827371601431942e-06,0.0006895972756977119,9.827371601431942e-06,0.0006895972756977119,0.009875123146046164,0.0006994246472991438,False,False,1.0,1.449259431419842,9.964307180637513e-09,0.21449014518748957,0.6831987014289317,1.0,1.5085034851865253,3.3045026898305047e-07,0.23475789447666442,0.6543320610234359,0.19342919733817465,0.23412342069202896,0.007237125251807196,0.012833188765450624,True,AP3.2,100.0,8.3,5.767844763153473e+19,$(U_{0.8}Pu_{0.2})N$
RHO_1p7e13_AP3p2,rizk2025_refit_plot,rizk2025_refit_full,1650.0,1.1,17000000000000.0,6.5123775895156025e+22,6.768922391060729e+25,1.6073181444776903e+25,2.045894681096203e+23,6.563098392601062e+18,2.029452734433417,81.2972474913297,0.7163226867559327,1.477151534007964,2.1934742207638966,1.848484807751369,4.041959028515266,2853329967551.9556,7.133324918879889e+17,275.52973328563735,0.5,8059638.66198951,8057206.65253416,1.0003018427552166,1093900128.4862764,1093890960.0275962,27314465.173701793,27307197.58054246,1.0000083815106031,1.0002661420359191,0.07206688766964629,74.9058485777099,17.78680897648533,7.235275558135125,7.025750078952134,0.2095254791829913,6.538210254723554e+24,6.348871006257778e+24,1.893392484657757e+23,9.03657393860029e+25,9.017640013753713e+25,1.0379332558802867,4.1900880072176216e+16,0.003031707895431659,4.0832906709229775e-07,1.96898375626264e-07,1.96898375626264e-07,0.015875702459480372,0.015875702459480372,3.6628014272014896e+20,3.770953817652047e-05,2.1271476252081635e-18,9.216017886357202e-20,9.216017886357202e-19,9.020265555838444e-14,1.3842827431568335e+19,17000000000000.0,17000000000000.0,0.0,0.012244536096376064,0.0009743695681903679,1.159459994742131e-05,3.9432413389228835e-06,1.159459994742131e-05,3.9432413389228835e-06,2.274874919955756e-29,9.907238934312272e+18,4.894523768613374e+18,344.76448748378874,4.601521119942516e-20,-749497.7293816032,1.3310947697964205e+21,1.9725425999165595e+21,0.0,0.0,0.0,0.0,0.3333333333333333,0.3333333333333333,2.0,1.441192019109945e-18,2.2189009104417195e-23,0.0,6.859556060982184e-19,,0.0,0.0,0.0,0.0,0.0,1.441192019109945e-18,6.859556060982184e-19,1.043134422898635e-05,17.0,3.616150962853878e-17,9.020265555838444e-20,1.957523305187582e-21,,,9.020265555838444e-20,1.957523305187582e-21,10.0,,1.3683607328474346e-07,3.770662255519641,15932880096248.525,1.4299179242641408e-05,0.0009600703889477265,1.4299179242641408e-05,0.0009600703889477265,0.012244536096376064,0.0009743695681903679,False,False,1.0,1.4441999968209387,1.0528626744846816e-08,0.212699715532039,0.685761818588921,1.0,1.5429775022998844,3.313350545161462e-07,0.24599540540911,0.6384499428247311,0.1927685742789563,0.24536259147612696,0.007163226867559326,0.014771515340079639,True,AP3.2,100.0,8.3,5.767844763153473e+19,$(U_{0.8}Pu_{0.2})N$
RHO_1p7e13_AP3p2,rizk2025_refit_plot,rizk2025_refit_full,1675.0,1.1,17000000000000.0,4.857497512251748e+22,6.570775436272054e+25,1.766397726503733e+25,1.6818566433239817e+23,6.493508309392521e+18,2.1560632243064917,86.0530557224727,0.7060932504955071,1.733272712363237,2.439365962858744,1.923191823264788,4.362557786123531,2635958454728.547,6.589896136821367e+17,286.66534228424115,0.5,7746416.246465507,7744221.824341687,1.0002833625086671,1029662854.0751114,1029654406.6856269,25803006.54700541,25798037.982052144,1.0000082041017158,1.0001925946832362,0.053753751645882565,72.71312646715118,19.547206037439196,7.685913743763743,6.931527625436475,0.7543861183272685,6.945432783122522e+24,6.263726189470719e+24,6.81706593651803e+23,9.03657393860029e+25,8.968403279235111e+25,1.0447205832148982,3.4251678513844668e+16,0.002566221325320413,3.676155009261427e-07,2.1593479192545702e-07,2.1593479192545702e-07,0.018729602885258063,0.018729602885258063,3.602358581594106e+20,4.111515529897577e-05,3.1253595690049714e-18,1.6455952557117455e-19,1.6455952557117454e-18,1.6231955709997532e-13,1.3842827431568335e+19,17000000000000.0,17000000000000.0,0.0,0.0156254452359572,0.0014281380795237437,1.136084235320801e-05,3.923302992580554e-06,1.136084235320801e-05,3.923302992580554e-06,2.4949942984521014e-29,1.0567399091913052e+19,5.339928231201133e+18,436.5689518227785,5.594586705382765e-20,-777726.0754146195,1.4313693532172698e+21,2.1859107603759413e+21,0.0,0.0,0.0,0.0,0.3333333333333333,0.3333333333333333,2.0,2.439403962906753e-18,1.3148108872562704e-23,0.0,6.859556060982184e-19,,0.0,0.0,0.0,0.0,0.0,2.439403962906753e-18,6.859556060982184e-19,4.206910783308271e-06,17.0,5.3131112673084517e-17,1.623195570999753e-19,2.2399684711992322e-21,,,1.623195570999753e-19,2.2399684711992322e-21,10.0,,1.3683607328474346e-07,3.770662255519641,15882431089980.479,2.1999495184105896e-05,0.0014061385843396378,2.1999495184105896e-05,0.0014061385843396378,0.0156254452359572,0.0014281380795237437,False,False,1.0,1.4380672991469214,1.1239249776527247e-08,0.21051633598770217,0.68889023569276,1.0,1.5857866639781528,3.325144686475867e-07,0.2594254422896854,0.6195917050642699,0.19184656166461955,0.2587948521524942,0.007060932504955071,0.01733272712363237,True,AP3.2,100.0,8.3,5.767844763153473e+19,$(U_{0.8}Pu_{0.2})N$
RHO_1p7e13_AP3p2,rizk2025_refit_plot,rizk2025_refit_full,1700.0,1.1,17000000000000.0,3.5301995756770248e+22,6.334962814752118e+25,1.9569499074765115e+25,1.3497249831274788e+23,6.404910823023977e+18,2.305561174318681,91.58413905966144,0.6928892859999038,2.0609264743349103,2.753815760334814,2.0127354463002978,4.766551206635112,2406635833029.383,6.016589582573457e+17,300.01245256015204,0.5,7401762.227507776,7399692.849598946,1.0002796572710368,962897162.2838765,962889219.6521462,24243630.19160212,24240005.12309022,1.0000082487492519,1.0001495489994119,0.03906568573071213,70.10359078336016,21.655883311232348,8.201460219676829,6.840654906078156,1.360805313598673,7.411310167959865e+24,6.181608384722409e+24,1.2297017832374564e+24,9.03657393860029e+25,8.913603760276548e+25,1.0534970434137318,2.7504253146453252e+16,0.002135188272174572,3.272925272479305e-07,2.470529415811615e-07,2.470529415811615e-07,0.02242631509522591,0.02242631509522591,3.570496199583435e+20,4.500867987545195e-05,4.751541991998671e-18,2.8964180859428994e-19,2.8964180859428996e-18,2.8708990269161864e-13,1.3842827431568335e+19,17000000000000.0,17000000000000.0,0.0,0.02026884197712172,0.002165399362496638,1.109889005431266e-05,3.902676074183278e-06,1.109889005431266e-05,3.902676074183278e-06,2.8549812770969434e-29,1.1346299502313388e+19,6.056770548239476e+18,561.4204838273939,6.868108715750511e-20,-795898.6376861096,1.55047889153572e+21,2.418023041401935e+21,0.0,0.0,0.0,0.0,0.3333333333333333,0.3333333333333333,2.0,4.065586385900453e-18,7.758935285868006e-24,0.0,6.859556060982184e-19,,0.0,0.0,0.0,0.0,0.0,4.065586385900453e-18,6.859556060982184e-19,1.6329299623014206e-06,17.0,8.07762138639774e-17,2.8708990269161863e-19,2.5519059026713273e-21,,,2.8708990269161863e-19,2.5519059026713273e-21,10.0,,1.3683607328474346e-07,3.770662255519641,15826826936699.951,3.5105180664872924e-05,0.002130294181831765,3.5105180664872924e-05,0.002130294181831765,0.02026884197712172,0.002165399362496638,False,False,1.0,1.4310258303558885,1.2094451296731315e-08,0.20799143455540772,0.6925117483266863,1.0,1.6370521545370782,3.340406364734619e-07,0.27479826792458567,0.5981781684137418,0.1906431836872371,0.27417056859453576,0.006928892859999038,0.020609264743349103,True,AP3.2,100.0,8.3,5.767844763153473e+19,$(U_{0.8}Pu_{0.2})N$
RHO_1p7e13_AP3p2,rizk2025_refit_plot,rizk2025_refit_full,1725.0,1.1,17000000000000.0,2.528094118059383e+22,6.065157545305776e+25,2.1768501037895387e+25,1.0642933049729424e+23,6.295083008985177e+18,2.4759129668878845,97.83917423560328,0.676637498879498,2.4696101778123745,3.1462476766918726,2.114622970979101,5.2608706476709735,2180308146986.3354,5.450770367465838e+17,315.19950867344227,0.5,7045169.802230764,7043158.186835875,1.0002856126955446,896646657.6821494,896638948.8199353,22693157.74738317,22690297.8009002,1.000008597509872,1.000126042703717,0.027976245590825868,67.11788766977357,24.089329856429192,8.764806228206407,6.752479253765824,2.012326974440582,7.920381953869151e+24,6.101927804551938e+24,1.8184541493172134e+24,9.03657393860029e+25,8.854728523668569e+25,1.064593364623418,2.185599316174853e+16,0.0017578868492326041,2.891849048264459e-07,2.995102222918134e-07,2.995102222918134e-07,0.027109298704633727,0.027109298704633727,3.5715846703569633e+20,4.938976321178352e-05,7.362204704302811e-18,5.023391322800811e-19,5.023391322800811e-18,4.994440127391286e-13,1.3842827431568335e+19,17000000000000.0,17000000000000.0,0.0,0.026440641814867785,0.003345626850888085,1.0818093412877436e-05,3.882116069809697e-06,1.0818093412877436e-05,3.882116069809697e-06,3.4623122675115546e-29,1.2243205408143124e+19,7.248636500927013e+18,728.7445695163475,8.4784954551568e-20,-806444.5300126233,1.686434942265273e+21,2.6695327421602474e+21,0.0,0.0,0.0,0.0,0.3333333333333333,0.3333333333333333,2.0,6.676249098204593e-18,4.564519522249422e-24,0.0,6.859556060982184e-19,,0.0,0.0,0.0,0.0,0.0,6.676249098204593e-18,6.859556060982184e-19,6.199935624693656e-07,17.0,1.251574799731478e-16,4.994440127391286e-19,2.8951195409524855e-21,,,4.994440127391286e-19,2.8951195409524855e-21,10.0,,1.3683607328474346e-07,3.770662255519641,15768191971722.143,5.710339807918198e-05,0.003288523452808903,5.710339807918198e-05,0.003288523452808903,0.026440641814867785,0.003345626850888085,False,False,1.0,1.4232114781630987,1.3091273221716638e-08,0.2051665819805203,0.6965681989761165,1.0,1.6968679524666903,3.359720512322157e-07,0.29183616599729867,0.5746733530448559,0.18914085772338343,0.2912121352777917,0.00676637498879498,0.024696101778123744,True,AP3.2,100.0,8.3,5.767844763153473e+19,$(U_{0.8}Pu_{0.2})N$
RHO_1p7e13_AP3p2,rizk2025_refit_plot,rizk2025_refit_full,1750.0,1.1,17000000000000.0,1.7988212059835497e+22,5.765229581713543e+25,2.4238289671940413e+25,8.288450248228032e+22,6.161625575583786e+18,2.6651878211618896,104.79213332664266,0.6572724128730473,2.9700923850030354,3.627364797876083,2.2312287691837627,5.858593567059846,1958373693609.3232,4.895934234023308e+17,332.5804275450302,0.5,6677071.024499021,6675077.112586308,1.000298709944332,832969703.6396906,832961933.2539912,21187257.70072379,21184796.31557974,1.0000093286204197,1.0001161863964791,0.01990600882818844,63.79884258000707,26.82243274567261,9.35881866549213,6.666860106392728,2.691958559099401,8.457165684867211e+24,6.024557428972248e+24,2.4326082558949633e+24,9.03657393860029e+25,8.793313113010794e+25,1.0784125506066735,1.7277055028217908e+16,0.00143976327222618,2.542120981677734e-07,3.8893232227340803e-07,3.8893232227340803e-07,0.032954314014127815,0.032954314014127815,3.6046913273816744e+20,5.427910894733453e-05,1.1495000451183415e-17,8.585058024105227e-19,8.585058024105227e-18,8.552344067970446e-13,1.3842827431568335e+19,17000000000000.0,17000000000000.0,0.0,0.03441561514408998,0.005208605823814094,1.0526833415209345e-05,3.862101097015649e-06,1.0526833415209345e-05,3.862101097015649e-06,4.4988277348547045e-29,1.3256080047914275e+19,9.247344138005936e+18,955.2925309411988,1.0525384178455765e-19,-807738.7257287995,1.8370366887094733e+21,2.9390843542573217e+21,0.0,0.0,0.0,0.0,0.3333333333333333,0.3333333333333333,2.0,1.0809044845085196e-17,2.6793973973199525e-24,0.0,6.859556060982184e-19,,0.0,0.0,0.0,0.0,0.0,1.0809044845085196e-17,6.859556060982184e-19,2.3309241341039768e-07,17.0,1.9541500767011807e-16,8.552344067970446e-19,3.2713956134781503e-21,,,8.552344067970446e-19,3.2713956134781503e-21,10.0,,1.3683607328474346e-07,3.770662255519641,15708623793718.986,9.345683860171836e-05,0.005115148985212376,9.345683860171836e-05,0.005115148985212376,0.03441561514408998,0.005208605823814094,False,False,1.0,1.4146984779911318,1.4229153449665389e-08,0.20206142663959864,0.7010328248629105,1.0,1.7655256126538106,3.3838036730590547e-07,0.3103067005477145,0.5494797038171363,0.18731898741604938,0.30968724562050565,0.006572724128730473,0.029700923850030356,True,AP3.2,100.0,8.3,5.767844763153473e+19,$(U_{0.8}Pu_{0.2})N$
RHO_1p7e13_AP3p2,rizk2025_refit_plot,rizk2025_refit_full,1775.0,1.1,17000000000000.0,1.2785862137441065e+22,5.4387581388113e+25,2.6958021993831573e+25,6.398025308751617e+22,6.001789588031437e+18,2.8717482147768205,112.45565515774992,0.6347075176957553,3.575306473961013,4.210013991656768,2.3583481319686177,6.568362123625386,1752943585035.1516,4.382358962587879e+17,351.52846757039464,0.5,6317278.738758297,6315278.006767512,1.0003168082210538,773056411.4756337,773048273.7228857,19743426.777072083,19741114.814420324,1.0000105268364534,1.0001171140877045,0.014149015129312954,60.18606360956452,29.83212684032684,9.967660534979325,6.583234482030489,3.384426052948834,9.007350141920878e+24,5.94898851520115e+24,3.058361626719728e+24,9.03657393860029e+25,8.730737775928316e+25,1.095470733947128,1.3630808937999816e+16,0.0011777904090348775,2.2263637400789108e-07,5.419170649035858e-07,5.419170649035858e-07,0.040187499632056936,0.040187499632056936,3.666634684656854e+20,5.972910025387386e-05,1.795020114129512e-17,1.4461408687105212e-18,1.4461408687105212e-17,1.4424583518951984e-12,1.3842827431568335e+19,17000000000000.0,17000000000000.0,0.0,0.04446466407812637,0.008110429069797554,1.0231968234149121e-05,3.842869554181417e-06,1.0231968234149121e-05,3.842869554181417e-06,6.27526991199522e-29,1.438215070246619e+19,1.2592773641386736e+19,1254.4790793048935,1.30677378651901e-19,-803529.2518748164,2.0000711406711797e+21,3.225436131740122e+21,0.0,0.0,0.0,0.0,0.3333333333333333,0.3333333333333333,2.0,1.7264245535196902e-17,1.5706605874380213e-24,0.0,6.859556060982184e-19,,0.0,0.0,0.0,0.0,0.0,1.7264245535196902e-17,6.859556060982184e-19,8.750100208206897e-08,17.0,3.05153419402017e-16,1.4424583518951983e-18,3.682516815322887e-21,,,1.4424583518951983e-18,3.682516815322887e-21,10.0,,1.3683607328474346e-07,3.770662255519641,15650133532566.994,0.00015252823581704365,0.00795790083398051,0.00015252823581704365,0.00795790083398051,0.04446466407812637,0.008110429069797554,False,False,1.0,1.4054969845867078,1.5511584180700606e-08,0.19867203929398458,0.7059127912896375,1.0,1.8436474287629239,3.413578745343332e-07,0.33004983837486096,0.5229018847658164,0.18515035429266316,0.3294360270405463,0.006347075176957553,0.03575306473961013,True,AP3.2,100.0,8.3,5.767844763153473e+19,$(U_{0.8}Pu_{0.2})N$
RHO_1p7e13_AP3p2,rizk2025_refit_plot,rizk2025_refit_full,1800.0,1.1,17000000000000.0,9.108094603464077e+21,5.088943881731366e+25,2.9909065775106356e+25,4.906445631575207e+22,5.812345850628182e+18,3.094184353518945,120.88837254228108,0.6088273547232576,4.301239745471682,4.91006710019494,2.4954644687817917,7.4055315689767305,1565600630482.38,3.9140015762059494e+17,371.9666272743934,0.49999999999999994,5970299.426200225,5968277.359361985,1.000338802424299,717483848.5922108,717475026.1648906,18366401.322657783,18364049.025670756,1.0000122964939522,1.000128092502026,0.010079145775102091,56.31496976961174,33.09779345394156,10.577157630671591,6.50142978753775,4.0757278431338415,9.558126698979409e+24,5.875065098170325e+24,3.683061600809084e+24,9.03657393860029e+25,8.66826777851938e+25,1.1164477604090444,1.0752816497850304e+16,0.0009650958623449283,1.943358258537775e-07,8.046923534478538e-07,8.046923534478538e-07,0.04910788452199382,0.04910788452199382,3.7545784176639056e+20,6.583412219694117e-05,2.790413000779694e-17,2.4019434300062056e-18,2.4019434300062057e-17,2.3978131732901632e-12,1.3842827431568335e+19,17000000000000.0,17000000000000.0,0.0,0.056832571395455896,0.012573802896357324,9.938902264659754e-06,3.824490288887839e-06,9.938902264659754e-06,3.824490288887839e-06,9.334917185428158e-29,1.5617121069243484e+19,1.8174715719735773e+19,1646.1904186971867,1.6195676964525608e-19,-794422.7153766217,2.1733277687977135e+21,3.5261023432894474e+21,0.0,0.0,0.0,0.0,0.3333333333333333,0.3333333333333333,2.0,2.721817440169872e-17,9.201272251725335e-25,0.0,6.859556060982184e-19,,0.0,0.0,0.0,0.0,0.0,2.721817440169872e-17,6.859556060982184e-19,3.297458924236063e-08,17.0,4.74370210132548e-16,2.397813173290163e-18,4.130256716042414e-21,,,2.397813173290163e-18,4.130256716042414e-21,10.0,,1.3683607328474346e-07,3.770662255519641,15594714296485.57,0.0002468122796054411,0.012326990616751883,0.0002468122796054411,0.012326990616751883,0.056832571395455896,0.012573802896357324,False,False,1.0,1.3955627406947584,1.694665173891134e-08,0.1949734039988822,0.7112458147391526,1.0,1.9322797991401035,3.45026854848743e-07,0.3509803643554553,0.4951476004732445,0.182598856028672,0.3503734719653066,0.006088273547232575,0.04301239745471682,True,AP3.2,100.0,8.3,5.767844763153473e+19,$(U_{0.8}Pu_{0.2})N$
RHO_1p7e13_AP3p8,rizk2025_refit_plot,rizk2025_refit_full,900.0,1.1,17000000000000.0,1.5703217307080464e+23,7.297574214984753e+25,1.169858442958806e+25,3.623507469971673e+23,6.919220793811858e+18,1.6547502004304115,39.79206459707249,0.6877254518992569,0.18261448270584393,0.870339934605101,0.04704750626837921,0.9173874408734801,8756359345747.248,2.1890898364368118e+18,55.77225274274858,0.06286964565380952,1304702172488.518,39804739.64786443,32777.55825137062,1344746946.7693412,1341592223.057331,174766579.1866362,55790017.996787384,1.002351477339978,3.1325779317135187,0.17377401450790397,80.75598412151355,12.945818303568604,6.124423560409928,6.124423560409928,0.0,5.534380633494899e+24,5.534380633494899e+24,0.0,9.036573938600132e+25,9.03657393860013e+25,1.004579794330591,9.34388247263291e+16,0.004990488636449369,5.914813960507162e-07,2.659813907794829e-07,2.659813907794829e-07,0.0019641606266229124,0.0019641606266229124,1.3814252495750701e+20,6.806418396030417e-06,8.162871712571295e-19,5.5598665086701915e-25,5.559866508670192e-24,5.119872410101689e-28,1.6472964643566316e+19,17000000000000.0,17000000000000.0,0.0,0.006927252504690854,0.00038320641164731306,1.4700167358504122e-05,5.131301368961276e-06,1.4700167358504122e-05,5.131301368961276e-06,1.21304038675636e-29,5.014708149039436e+18,2.4456539874277745e+18,0.00019427741766608853,1.0324255392262379e-21,-146101.58484499445,3.1935745266992997e+21,0.0,0.0,0.0,0.0,0.0,0.3333333333333333,0.3333333333333333,2.0,2.4966082885114063e-31,1.045298780017561e-24,0.0,8.162871712568798e-19,,0.0,0.0,0.0,0.0,0.0,2.4966082885114063e-31,8.162871712568798e-19,1.2805527476411767e-06,17.0,1.3876881911371202e-17,5.119872410101689e-34,5.559866503550319e-25,,,5.119872410101689e-34,5.559866503550319e-25,10.0,,1.3683607328474346e-07,3.770662255519641,16449364128674.953,2.8390521917174047e-06,0.00038036735945559566,2.8390521917174047e-06,0.00038036735945559566,0.006927252504690854,0.00038320641164731306,False,False,1.0,1.4486057493158826,8.703050706144281e-09,0.21425936828398195,0.683528958221933,1.0,1.222284001453215,3.2555016932210707e-07,0.12286975764985138,0.8166228444990314,0.19016840580538122,0.12223016718863162,0.00687725451899257,0.0018261448270584393,True,AP3.8,119.0,8.3,6.863735268152632e+19,$(U_{0.8}Pu_{0.2})N$
RHO_1p7e13_AP3p8,rizk2025_refit_plot,rizk2025_refit_full,925.0,1.1,17000000000000.0,1.56929532409116e+23,7.29294482881912e+25,1.174851376241437e+25,3.6183420996994385e+23,6.913476871988372e+18,1.6568057480889187,41.25373219184272,0.6893075136056714,0.20331754562611226,0.8926250592317837,0.04702617685388392,0.9396512360856677,8756690269340.337,2.1891725673350843e+18,55.76312071819157,0.06285143428263483,505596300666.1726,39811258.25470114,12699.83222915264,1341910030.5989833,1339927751.072032,145029286.50528148,53813312.930726066,1.0014793928444017,2.6950447502085186,0.17366043090599245,80.70475468215868,13.001070806525542,6.120514080409795,6.120514080409795,0.0,5.530847802986631e+24,5.530847802986631e+24,0.0,9.036573938600132e+25,9.036573938600132e+25,1.0051008706325344,9.331673329287037e+16,0.004986518581679617,5.884789607304336e-07,3.134316170905502e-07,3.134316170905502e-07,0.00218496877022064,0.00218496877022064,1.6145018584353712e+20,7.230474820619881e-06,8.162871712583124e-19,9.45289008275833e-25,9.45289008275833e-24,3.600113810511962e-27,1.6472964643566316e+19,17000000000000.0,17000000000000.0,0.0,0.00692500033169209,0.0003828509881338728,1.4694892553464542e-05,5.101392573707275e-06,1.4694892553464542e-05,5.101392573707275e-06,1.4333630901124366e-29,5.169849975888863e+18,2.964391420314208e+18,0.0005149585565008321,1.032215392043531e-21,-146086.1620482185,3.191943448083357e+21,0.0,0.0,0.0,0.0,0.0,0.3333333333333333,0.3333333333333333,2.0,1.4326320272288242e-30,7.456235300263535e-24,0.0,8.162871712568798e-19,,0.0,0.0,0.0,0.0,0.0,1.4326320272288242e-30,8.162871712568798e-19,9.13432865638412e-06,17.0,1.3876881911391311e-17,3.600113810511962e-33,9.452890046757192e-25,,,3.600113810511962e-33,9.452890046757192e-25,10.0,,1.3683607328474346e-07,3.770662255519641,16429613190460.38,2.94034008350978e-06,0.000379910648050363,2.94034008350978e-06,0.000379910648050363,0.00692500033169209,0.0003828509881338728,False,False,1.0,1.4489857554079377,8.707190922159242e-09,0.21439354591794613,0.6833369371128072,1.0,1.2319491510834364,3.2564028403694855e-07,0.1273237989700625,0.8100463468653827,0.1903141169296311,0.12668492912972895,0.006893075136056714,0.0020331754562611225,True,AP3.8,119.0,8.3,6.863735268152632e+19,$(U_{0.8}Pu_{0.2})N$
RHO_1p7e13_AP3p8,rizk2025_refit_plot,rizk2025_refit_full,950.0,1.1,17000000000000.0,1.568295192347963e+23,7.288462970601973e+25,1.1796939482555258e+25,3.613236985883808e+23,6.907060190833362e+18,1.6588477720280648,42.775798371031705,0.6908832408607647,0.226452031937038,0.9173352727978028,0.04701757191840588,0.9643528447162087,8756815490646.182,2.1892038726615455e+18,55.75945351144891,0.06284406649090495,206098471049.40323,39813876.575102635,5176.548700567521,1339566673.8523684,1338278314.2818975,122628789.35015553,51898505.33575106,1.0009626992806515,2.3628578232999877,0.1735497549186113,80.65515780786096,13.054659390506508,6.116633046713925,6.116633046713925,0.0,5.527340678191538e+24,5.527340678191538e+24,0.0,9.036573938600132e+25,9.036573938600132e+25,1.005683610024505,9.319784527550342e+16,0.00498252564245918,5.855194735209108e-07,3.638379171773514e-07,3.638379171773514e-07,0.0024313306408143493,0.0024313306408143493,1.8679562209747193e+20,7.697686494989775e-06,8.162871712643784e-19,1.555632732564192e-24,1.555632732564192e-23,2.2845010932250072e-26,1.6472964643566316e+19,17000000000000.0,17000000000000.0,0.0,0.00692279165672717,0.0003824821837051427,1.4689655922300308e-05,5.072343439814314e-06,1.4689655922300308e-05,5.072343439814314e-06,1.6683109751717934e-29,5.324753829766304e+18,3.518056376816712e+18,0.0012967448844622635,1.032257789950755e-21,-146097.67192300453,3.1903539544574657e+21,0.0,0.0,0.0,0.0,0.0,0.3333333333333333,0.3333333333333333,2.0,7.498646671560408e-30,3.8979387444212507e-23,0.0,8.162871712568798e-19,,0.0,0.0,0.0,0.0,0.0,7.498646671560408e-30,8.162871712568798e-19,4.775205199395189e-05,17.0,1.3876881911494433e-17,2.284501093225007e-32,1.555632709719181e-24,,,2.284501093225007e-32,1.555632709719181e-24,10.0,,1.3683607328474346e-07,3.770662255519641,16409118727285.568,3.045439979221186e-06,0.0003794367437259215,3.045439979221186e-06,0.0003794367437259215,0.00692279165672717,0.0003824821837051427,False,False,1.0,1.4493639817482487,8.71129063146664e-09,0.21452704076523021,0.6831459046284818,1.0,1.2421374933761926,3.2574107260591287e-07,0.13195652281604844,0.8032140638304791,0.19045902319099892,0.1313183469999089,0.006908832408607647,0.00226452031937038,True,AP3.8,119.0,8.3,6.863735268152632e+19,$(U_{0.8}Pu_{0.2})N$
RHO_1p7e13_AP3p8,rizk2025_refit_plot,rizk2025_refit_full,975.0,1.1,17000000000000.0,1.5673171756696488e+23,7.284222417179567e+25,1.1842903844473375e+25,3.608219878911123e+23,6.900017298712458e+18,1.660886887437591,44.333878945350335,0.6924712918578811,0.25185233524987105,0.9443236271077522,0.04703744743881035,0.9913610745465626,8756480877552.626,2.1891202193881564e+18,55.7680197230379,0.06286097506813432,88029367084.9868,39807760.98963602,2211.361927838778,1337499843.883642,1336635274.076374,105445919.32626972,50074571.70026919,1.0006468255207954,2.1057777579693777,0.17344152621545905,80.60823124640949,13.105524200810088,6.112803026564986,6.112803026564986,0.0,5.523879652165316e+24,5.523879652165316e+24,0.0,9.036573938600132e+25,9.036573938600132e+25,1.0063239909028063,9.30816605085988e+16,0.0049784840760889225,5.82652333122393e-07,4.161868670904108e-07,4.161868670904108e-07,0.0027014655537519797,0.0027014655537519797,2.1383704731447715e+20,8.20552879489573e-06,8.16287171292935e-19,2.485036039701464e-24,2.485036039701464e-23,1.3186026336093777e-25,1.6472964643566316e+19,17000000000000.0,17000000000000.0,0.0,0.006920719629702659,0.00038210613108124585,1.4684430191797877e-05,5.044602395367269e-06,1.4684430191797877e-05,5.044602395367269e-06,1.913201336265809e-29,5.479665555027309e+18,4.0951648852096896e+18,0.003114655976763504,1.0328492463738423e-21,-146167.18781413813,3.188799978956982e+21,0.0,0.0,0.0,0.0,0.0,0.3333333333333333,0.3333333333333333,2.0,3.605513394506346e-29,1.5535245485073675e-22,0.0,8.162871712568798e-19,,0.0,0.0,0.0,0.0,0.0,3.605513394506346e-29,8.162871712568798e-19,0.00019031593330649877,17.0,1.3876881911979894e-17,1.3186026336093777e-31,2.4850359078412007e-24,,,1.3186026336093777e-31,2.4850359078412007e-24,10.0,,1.3683607328474346e-07,3.770662255519641,16388221541166.715,3.152604045276811e-06,0.00037895352703596903,3.152604045276811e-06,0.00037895352703596903,0.006920719629702659,0.00038210613108124585,False,False,1.0,1.4497454672379635,8.715327222359278e-09,0.2146616310252101,0.6829533162081989,1.0,1.2526983824061468,3.258518422224833e-07,0.13669277614489778,0.7962378822377749,0.19060484001281525,0.13605525711079672,0.0069247129185788115,0.0025185233524987107,True,AP3.8,119.0,8.3,6.863735268152632e+19,$(U_{0.8}Pu_{0.2})N$
RHO_1p7e13_AP3p8,rizk2025_refit_plot,rizk2025_refit_full,1000.0,1.1,17000000000000.0,1.5663580665129905e+23,7.2802840357832245e+25,1.1885780952769354e+25,3.603313429901667e+23,6.892409474824228e+18,1.662928542356745,45.90608438543765,0.6940830078137494,0.27929967613291434,0.9733826839466638,0.047118242993479054,1.0205009269401428,8755167084901.252,2.188791771225313e+18,55.80272305964335,0.06292979050619137,39258796272.69762,39783004.81191946,986.8233045316682,1335592412.1561139,1334994224.6187916,92051618.66676927,48359602.64788407,1.0004480824907636,1.9034817001499267,0.17333538984528435,80.56464856315914,13.152972612771647,6.109043434223942,6.109043434223942,0.0,5.520482268748432e+24,5.520482268748432e+24,0.0,9.036573938600132e+25,9.036573938600133e+25,1.0070166489905288,9.296779318406501e+16,0.004974383824230166,5.799103861437044e-07,4.693261694782052e-07,4.693261694782052e-07,0.002993051969373457,0.002993051969373457,2.4217514438043376e+20,8.753803267681031e-06,8.162871714171498e-19,3.863167302789697e-24,3.863167302789697e-23,6.972208708889678e-25,1.6472964643566316e+19,17000000000000.0,17000000000000.0,0.0,0.006918848522778213,0.00038172829115073364,1.467920139103919e-05,5.01845570188216e-06,1.467920139103919e-05,5.01845570188216e-06,2.1626494205064495e-29,5.634487688560515e+18,4.682580814842129e+18,0.0071620386411409935,1.0346076026192277e-21,-146359.74579379588,3.187276809315587e+21,0.0,0.0,0.0,0.0,0.0,0.3333333333333333,0.3333333333333333,2.0,1.6026995865756309e-28,4.883477169444583e-22,0.0,8.162871712568798e-19,,0.0,0.0,0.0,0.0,0.0,1.6026995865756309e-28,8.162871712568798e-19,0.0005982547981204234,17.0,1.3876881914091545e-17,6.972208708889678e-31,3.863166605568826e-24,,,6.972208708889678e-31,3.863166605568826e-24,10.0,,1.3683607328474346e-07,3.770662255519641,16367225095833.86,3.2602759837792417e-06,0.0003784680151669544,3.2602759837792417e-06,0.0003784680151669544,0.006918848522778213,0.00038172829115073364,False,False,1.0,1.4501332966318652,8.719282037679242e-09,0.2147984029715636,0.6827576179114381,1.0,1.2634904654977273,3.2597166786146555e-07,0.14146527495649297,0.7892176190984231,0.19075260201545666,0.14082836721375583,0.006940830078137494,0.0027929967613291432,True,AP3.8,119.0,8.3,6.863735268152632e+19,$(U_{0.8}Pu_{0.2})N$
RHO_1p7e13_AP3p8,rizk2025_refit_plot,rizk2025_refit_full,1025.0,1.1,17000000000000.0,1.565415078551431e+23,7.276682189885295e+25,1.1925214477488573e+25,3.59853360109783e+23,6.884310348333011e+18,1.6649753404475456,47.473329984255635,0.6957249664486663,0.30853052477439485,1.0042554912230612,0.04732431773076069,1.051579808953822,8751855033919.826,2.1879637584799562e+18,55.89100572487164,0.06310518257030567,18223332582.2566,39720165.5473538,458.79296652303753,1333779348.36547,1333353081.0151603,81461882.7272055,46763098.369890116,1.0003196957777942,1.7420120900213336,0.1732310374692659,80.52479002913505,13.196610306644518,6.105368626751177,6.105368626751177,0.0,5.517161501804656e+24,5.517161501804656e+24,0.0,9.036573938600132e+25,9.036573938600132e+25,1.0077550798108235,9.28559084968899e+16,0.0049702238691425255,5.773135837651184e-07,5.219953058516795e-07,5.219953058516795e-07,0.003303313181508406,0.003303313181508406,2.7136307531901482e+20,9.340726118985604e-06,8.162871719192991e-19,5.857623504279315e-24,5.857623504279315e-23,3.398959714178951e-24,1.6472964643566316e+19,17000000000000.0,17000000000000.0,0.0,0.006917219325501285,0.000381353374014308,1.4673962866644958e-05,4.994060171554867e-06,1.4673962866644958e-05,4.994060171554867e-06,2.4107176140822694e-29,5.789063553702657e+18,5.265927561275404e+18,0.01582107087047147,1.0387641206623694e-21,-146805.0001117736,3.1857802788308884e+21,0.0,0.0,0.0,0.0,0.0,0.3333333333333333,0.3333333333333333,2.0,6.624193185834588e-28,1.2468798225414734e-21,0.0,8.162871712568798e-19,,0.0,0.0,0.0,0.0,0.0,6.624193185834588e-28,8.162871712568798e-19,0.0015275014301765165,17.0,1.3876881922628085e-17,3.398959714178951e-30,5.857620105319601e-24,,,3.398959714178951e-30,5.857620105319601e-24,10.0,,1.3683607328474346e-07,3.770662255519641,16346391125271.45,3.3671135513353493e-06,0.00037798626046297266,3.3671135513353493e-06,0.00037798626046297266,0.006917219325501285,0.000381353374014308,False,False,1.0,1.4505292630220088,8.723141703326585e-09,0.21493798580650395,0.682557910121241,1.0,1.2743845109347023,3.260994271946968e-07,0.1462155655005344,0.7822396224221191,0.19090290163011414,0.14557921703116067,0.006957249664486663,0.0030853052477439486,True,AP3.8,119.0,8.3,6.863735268152632e+19,$(U_{0.8}Pu_{0.2})N$
RHO_1p7e13_AP3p8,rizk2025_refit_plot,rizk2025_refit_full,1050.0,1.1,17000000000000.0,1.5644856696680235e+23,7.2734312126582334e+25,1.1961053095481217e+25,3.593890020926453e+23,6.875803264733594e+18,1.6670283054774164,49.01934893736284,0.6974005961014065,0.3392459467211666,1.036646542822573,0.04777886207513713,1.0844254048977102,8744633704024.489,2.1861584260061222e+18,56.08480778052032,0.06349114467503911,8779224527.823547,39582911.8054152,221.79329734460043,1332023635.4660213,1331711040.9617307,72985672.56097756,45288239.19788749,1.0002347314805355,1.611581148961562,0.17312818777316175,80.4888142572424,13.236269826099736,6.101787728884704,6.101787728884704,0.0,5.51392559697096e+24,5.51392559697096e+24,0.0,9.036573938600132e+25,9.036573938600132e+25,1.0085318649446757,9.274570154805886e+16,0.004966008236308706,5.748724943411161e-07,5.728656746174382e-07,5.728656746174382e-07,0.0036291113299464686,0.0036291113299464686,3.009185720006579e+20,9.96615312728688e-06,8.162871738158613e-19,8.68048799131575e-24,8.68048799131575e-23,1.5366002896313798e-23,1.6472964643566316e+19,17000000000000.0,17000000000000.0,0.0,0.006915855095950553,0.0003809853371908393,1.4668712026241716e-05,4.971476228545682e-06,1.4668712026241716e-05,4.971476228545682e-06,2.651110306997697e-29,5.943309354895444e+18,5.830089551577312e+18,0.0336880758142181,1.0476773811043758e-21,-147750.49030025877,3.184306515314991e+21,0.0,0.0,0.0,0.0,0.0,0.3333333333333333,0.3333333333333333,2.0,2.558981501392922e-27,2.652535369540001e-21,0.0,8.162871712568798e-19,,0.0,0.0,0.0,0.0,0.0,2.558981501392922e-27,8.162871712568798e-19,0.0032495124934283997,17.0,1.3876881954869642e-17,1.5366002896313797e-29,8.680472625312854e-24,,,1.5366002896313797e-29,8.680472625312854e-24,10.0,,1.3683607328474346e-07,3.770662255519641,16325939520744.484,3.4719891351809513e-06,0.00037751334805565835,3.4719891351809513e-06,0.00037751334805565835,0.006915855095950553,0.0003809853371908393,False,False,1.0,1.4509342948645851,8.726897894538568e-09,0.21508070300086177,0.6823537308437266,1.0,1.2852645794233848,3.26233839614442e-07,0.15089406049037973,0.7753767640157478,0.19105603977738564,0.15025821402190934,0.006974005961014065,0.0033924594672116656,True,AP3.8,119.0,8.3,6.863735268152632e+19,$(U_{0.8}Pu_{0.2})N$
RHO_1p7e13_AP3p8,rizk2025_refit_plot,rizk2025_refit_full,1075.0,1.1,17000000000000.0,1.563567495950737e+23,7.270531088511696e+25,1.1993293119653388e+25,3.5893870723661464e+23,6.866978421140556e+18,1.6690875885506915,50.530554145294225,0.6991112434741205,0.37112180766469655,1.0702330511388172,0.048709769845263894,1.1189428209840808,8730069884015.338,2.1825174710038346e+18,56.47808485913143,0.06427745996043999,4378170044.570182,39307281.85166266,111.38317986709096,1330303751.1815917,1330068005.5548666,66128598.15097652,43933814.65037313,1.000177243288118,1.50518680604519,0.17302658137636526,80.45672107495625,13.271947090947265,6.098305252720121,6.098305252720121,0.0,5.510778631635893e+24,5.510778631635893e+24,0.0,9.036573938600132e+25,9.036573938600132e+25,1.0093389212787698,9.263689197851613e+16,0.004961743563179855,5.725912280789028e-07,6.205898167286462e-07,6.205898167286462e-07,0.003967049926492443,0.003967049926492443,3.3033827943678253e+20,1.0627997923064846e-05,8.162871805401724e-19,1.2595011157736031e-23,1.2595011157736032e-22,6.475908336901747e-23,1.6472964643566316e+19,17000000000000.0,17000000000000.0,0.0,0.006914765650458748,0.0003806274248430209,1.4663448517328165e-05,4.950696401131619e-06,1.4663448517328165e-05,4.950696401131619e-06,2.8774120535728354e-29,6.097233197069595e+18,6.359798889566455e+18,0.06938743022468843,1.0657054274511209e-21,-149648.4509345864,3.182851897062492e+21,0.0,0.0,0.0,0.0,0.0,0.3333333333333333,0.3333333333333333,2.0,9.283292620781236e-27,4.8067183409772704e-21,0.0,8.162871712568798e-19,,0.0,0.0,0.0,0.0,0.0,9.283292620781236e-27,8.162871712568798e-19,0.005888513816664936,17.0,1.3876882069182932e-17,6.475908336901747e-29,1.2594946398652662e-23,,,6.475908336901747e-29,1.2594946398652662e-23,10.0,,1.3683607328474346e-07,3.770662255519641,16306050467477.756,3.57397879604866e-06,0.0003770534460469723,3.57397879604866e-06,0.0003770534460469723,0.006914765650458748,0.0003806274248430209,False,False,1.0,1.4513487436948525,8.730546501687958e-09,0.21522667422644975,0.6821449097607638,1.0,1.2960283096548395,3.2637350923342365e-07,0.15545959893677247,0.768689151051316,0.19121212541510463,0.15482419299080463,0.006991112434741205,0.0037112180766469653,True,AP3.8,119.0,8.3,6.863735268152632e+19,$(U_{0.8}Pu_{0.2})N$
RHO_1p7e13_AP3p8,rizk2025_refit_plot,rizk2025_refit_full,1100.0,1.1,17000000000000.0,1.5626584030918568e+23,7.2679720199072105e+25,1.202203201495646e+25,3.585025104985676e+23,6.857929809737687e+18,1.6711528730052678,51.99584276673452,0.700856895068964,0.4038197081054352,1.1046766031743993,0.050525303226341266,1.1552019064007406,8702214931914.25,2.1755537329785626e+18,57.23217053404249,0.06579475927768973,2254822839.5851145,38789372.81750503,58.12991228792306,1328606965.7079785,1328424248.828732,60530715.36601117,42695721.078306936,1.0001375440710356,1.4177232246527378,0.1729259798801503,80.42840206133589,13.303749957275082,6.094922001508876,6.094922001508876,0.0,5.507721331663566e+24,5.507721331663566e+24,0.0,9.036573938600132e+25,9.036573938600132e+25,1.0101677707333225,9.252922343652949e+16,0.004957437613454297,5.70469647351728e-07,6.638584483775094e-07,6.638584483775094e-07,0.004313584278722625,0.004313584278722625,3.5911414876205915e+20,1.1324833400126386e-05,8.162872030182321e-19,1.792226870002319e-23,1.7922268700023191e-22,2.556484784617257e-22,1.6472964643566316e+19,17000000000000.0,17000000000000.0,0.0,0.006913951401503992,0.0003802822253786927,1.4658173184816559e-05,4.931667706284239e-06,1.4658173184816559e-05,4.931667706284239e-06,3.083362804404555e-29,6.250903448095494e+18,6.840293751625351e+18,0.13878593096506195,1.1006384741792802e-21,-153284.22072996126,3.181413073294526e+21,0.0,0.0,0.0,0.0,0.0,0.3333333333333333,0.3333333333333333,2.0,3.1761352235744896e-26,7.564160303615265e-21,0.0,8.162871712568798e-19,,0.0,0.0,0.0,0.0,0.0,3.1761352235744896e-26,8.162871712568798e-19,0.009266542799699283,17.0,1.3876882451309945e-17,2.556484784617257e-28,1.7922013051544728e-23,,,2.556484784617257e-28,1.7922013051544728e-23,10.0,,1.3683607328474346e-07,3.770662255519641,16286867514912.863,3.6723465388393453e-06,0.0003766098788398534,3.6723465388393453e-06,0.0003766098788398534,0.006913951401503992,0.0003802822253786927,False,False,1.0,1.451772581421694,8.734086683695705e-09,0.21537588522771323,0.6819314681928907,1.0,1.3065868234927267,3.2651697143562366e-07,0.15987881946877738,0.7622251209878783,0.19137114270067287,0.1592437893662234,0.00700856895068964,0.004038197081054352,True,AP3.8,119.0,8.3,6.863735268152632e+19,$(U_{0.8}Pu_{0.2})N$
RHO_1p7e13_AP3p8,rizk2025_refit_plot,rizk2025_refit_full,1125.0,1.1,17000000000000.0,1.5617564132298195e+23,7.265737872101707e+25,1.2047433111752588e+25,3.5808014894493096e+23,6.848752018491299e+18,1.6732236128666538,53.406398497321256,0.702636666285512,0.436998480260731,1.139635146546243,0.053934822242036634,1.19356996878828,8651259999394.278,2.1628149998485696e+18,58.60623268102,0.06858798390947397,1196756818.1738355,37879930.144681714,31.59342727409592,1326925649.3542142,1326780224.070936,55925579.661762744,41568052.93866334,1.0001096076657157,1.345398105229633,0.17282616441157048,80.40367866704196,13.33185916876244,6.091635999784023,6.091635999784023,0.0,5.504751911908665e+24,5.504751911908665e+24,0.0,9.036573938600132e+25,9.036573938600132e+25,1.0110098268464383,9.242246357153547e+16,0.004953098351862436,5.685049060228213e-07,7.014632646402656e-07,7.014632646402656e-07,0.004665138608756365,0.004665138608756365,3.867514223911379e+20,1.2054494204317391e-05,8.162872741423015e-19,2.5047711621008633e-23,2.504771162100863e-22,9.494708146321283e-22,1.6472964643566316e+19,17000000000000.0,17000000000000.0,0.0,0.006913406362372933,0.000379951736207073,1.4652887457547822e-05,4.914308143967035e-06,1.4652887457547822e-05,4.914308143967035e-06,3.263160524106255e-29,6.404411737164499e+18,7.258026872838412e+18,0.27081396993279616,1.1659665900681147e-21,-159940.05681149208,3.179987001782678e+21,0.0,0.0,0.0,0.0,0.0,0.3333333333333333,0.3333333333333333,2.0,1.028854216590493e-25,1.0512635646253687e-20,0.0,8.162871712568798e-19,,0.0,0.0,0.0,0.0,0.0,1.028854216590493e-25,8.162871712568798e-19,0.012878597987821924,17.0,1.3876883660419125e-17,9.494708146321284e-28,2.5046762150194002e-23,,,9.494708146321284e-28,2.5046762150194002e-23,10.0,,1.3683607328474346e-07,3.770662255519641,16268500802151.555,3.766527833732229e-06,0.0003761852083733408,3.766527833732229e-06,0.0003761852083733408,0.006913406362372933,0.000379951736207073,False,False,1.0,1.4522055354418086,8.737520037349388e-09,0.21552823565383122,0.6817135506207105,1.0,1.3168645529435759,3.266627423599398e-07,0.16412551725818084,0.7560222638576086,0.19153299645120633,0.16349079621129248,0.007026366662855121,0.00436998480260731,True,AP3.8,119.0,8.3,6.863735268152632e+19,$(U_{0.8}Pu_{0.2})N$
RHO_1p7e13_AP3p8,rizk2025_refit_plot,rizk2025_refit_full,1150.0,1.1,17000000000000.0,1.5608596747981315e+23,7.263808629903169e+25,1.2069700274082259e+25,3.5767113909020136e+23,6.839536932600162e+18,1.6752991822956451,54.75552188914267,0.7044491293053649,0.4703260962155896,1.1747752255209545,0.06013350518088076,1.2349087307018352,8562344333562.646,2.1405860833906614e+18,60.98014500308125,0.07349379226302959,653486401.9200823,36405292.24533373,17.950313309292095,1325255178.4489307,1325136443.3652723,52112780.199449666,40543856.09719115,1.0000896021570103,1.2853434580698406,0.17272693007366977,80.38232940114045,13.356500324227959,6.088443344557913,6.088443344557913,0.0,5.501866845407545e+24,5.501866845407545e+24,0.0,9.036573938600132e+25,9.036573938600132e+25,1.0118566948218064,9.231640244151061e+16,0.004948733314379422,5.666924267834537e-07,7.323624640510242e-07,7.323624640510242e-07,0.005018228647639787,0.005018228647639787,4.1278753765592675e+20,1.2814449533249783e-05,8.162874879327773e-19,3.4427700444941665e-23,3.4427700444941663e-22,3.330768464716398e-21,1.6472964643566316e+19,17000000000000.0,17000000000000.0,0.0,0.0069131204966041615,0.00037963743485362007,1.4647592964566607e-05,4.898518215696839e-06,1.4647592964566607e-05,4.898518215696839e-06,3.4117767386284534e-29,6.557848345225035e+18,7.601391360256838e+18,0.5183733852955242,1.284322472790333e-21,-171547.0967900315,3.178570998189568e+21,0.0,0.0,0.0,0.0,0.0,0.3333333333333333,0.3333333333333333,2.0,3.1667589742037936e-25,1.3094981712716537e-20,0.0,8.162871712568798e-19,,0.0,0.0,0.0,0.0,0.0,3.1667589742037936e-25,8.162871712568798e-19,0.01604211984907324,17.0,1.3876887294857214e-17,3.330768464716398e-27,3.4424369676476946e-23,,,3.330768464716398e-27,3.4424369676476946e-23,10.0,,1.3683607328474346e-07,3.770662255519641,16251030000425.365,3.856114713914548e-06,0.00037578132013970554,3.856114713914548e-06,0.00037578132013970554,0.0069131204966041615,0.00037963743485362007,False,False,1.0,1.4526471795400375,8.740849985534598e-09,0.21568357122761406,0.6814913786327331,1.0,1.3267991633533938,3.268093707387698e-07,0.16818007900168908,0.7501083294969704,0.19169754257049812,0.16754559937282454,0.007044491293053649,0.004703260962155896,True,AP3.8,119.0,8.3,6.863735268152632e+19,$(U_{0.8}Pu_{0.2})N$
RHO_1p7e13_AP3p8,rizk2025_refit_plot,rizk2025_refit_full,1175.0,1.1,17000000000000.0,1.5599663195423122e+23,7.262162032986773e+25,1.2089060867028554e+25,3.572748179475201e+23,6.830370356188592e+18,1.6773789873964846,56.03850587812349,0.7062925263288317,0.5034919186007107,1.2097844449295423,0.07106468652281712,1.2808491314523596,8415445767302.654,2.1038614418256632e+18,64.84444072473065,0.08167773509347706,366774051.6944987,34235779.89397829,10.713179393906852,1323592704.4408288,1323493388.6024978,48939163.899213485,39615617.247687034,1.0000750406758252,1.235350281007443,0.17262807012277584,80.36410792774153,13.377925029075,6.085338973060702,6.085338973060702,0.0,5.499061557150803e+24,5.499061557150803e+24,0.0,9.036573938600132e+25,9.036573938600132e+25,1.0127004835232458,9.221084691323829e+16,0.00494434904383115,5.650264311573671e-07,7.557442730863333e-07,7.557442730863333e-07,0.005369589168190679,0.005369589168190679,4.368109747044389e+20,1.3602030220101886e-05,8.162881004352833e-19,4.659659239897898e-23,4.659659239897898e-22,1.1076769180051558e-20,1.6472964643566316e+19,17000000000000.0,17000000000000.0,0.0,0.0069130817551710045,0.0003793403690140063,1.4642291249164339e-05,4.884188508105171e-06,1.4642291249164339e-05,4.884188508105171e-06,3.525262664331233e-29,6.711290928460404e+18,7.861413072310683e+18,0.9793070440216852,1.4925282628759411e-21,-190685.0583174925,3.177162819528655e+21,0.0,0.0,0.0,0.0,0.0,0.3333333333333333,0.3333333333333333,2.0,9.291784035179553e-25,1.481013079221181e-20,0.0,8.162871712568798e-19,,0.0,0.0,0.0,0.0,0.0,9.291784035179553e-25,8.162871712568798e-19,0.018143264350312528,17.0,1.3876897707399816e-17,1.1076769180051557e-26,4.658551562979893e-23,,,1.1076769180051557e-26,4.658551562979893e-23,10.0,,1.3683607328474346e-07,3.770662255519641,16234506718104.37,3.940843950125449e-06,0.00037539952506388083,3.940843950125449e-06,0.00037539952506388083,0.0069130817551710045,0.0003793403690140063,False,False,1.0,1.453096992350955,8.74408145436098e-09,0.21584170443222364,0.6812652213112916,1.0,1.3363416828541292,3.2695549183960506e-07,0.17202904991986434,0.7445019384571854,0.1918646078114913,0.1713947446748725,0.007062925263288317,0.005034919186007108,True,AP3.8,119.0,8.3,6.863735268152632e+19,$(U_{0.8}Pu_{0.2})N$
RHO_1p7e13_AP3p8,rizk2025_refit_plot,rizk2025_refit_full,1200.0,1.1,17000000000000.0,1.5590741023333876e+23,7.260774525438162e+25,1.2105755599817622e+25,3.568903336396159e+23,6.821328531818172e+18,1.6794625881494842,57.25256843836676,0.7081648983942949,0.5362193720415475,1.2443842704358423,0.08973495600702926,1.3341192264428716,8187853003596.562,2.0469632508991404e+18,70.7312035775619,0.0945525392748103,211692740.63234806,31386430.42551381,6.744721771873252,1321936381.7574148,1321851415.8425565,46285743.63738373,38775552.96737234,1.0000642779618345,1.1936836510450497,0.17252933610975424,80.34875357377906,13.396399655523586,6.082317434587583,6.082317434587583,0.0,5.496331121568736e+24,5.496331121568736e+24,0.0,9.036573938600132e+25,9.036573938600132e+25,1.0135341314392443,9.210560601719733e+16,0.004939950298638787,5.635001113968835e-07,7.710809702401673e-07,7.710809702401673e-07,0.00571630728695839,0.00571630728695839,4.5847850938202076e+20,1.4414632587296572e-05,8.162897780388003e-19,6.217615733574239e-23,6.217615733574239e-22,3.503783313863259e-20,1.6472964643566316e+19,17000000000000.0,17000000000000.0,0.0,0.00691327842429445,0.00037906130202826756,1.4636983458496972e-05,4.871204253150322e-06,1.4636983458496972e-05,4.871204253150322e-06,3.601010461297331e-29,6.864802159529777e+18,8.032328968108361e+18,1.83646363242064,1.8487600196593914e-21,-220194.0279497711,3.175760843693871e+21,0.0,0.0,0.0,0.0,0.0,0.3333333333333333,0.3333333333333333,2.0,2.6067819204802983e-24,1.5382006404450104e-20,0.0,8.162871712568798e-19,,0.0,0.0,0.0,0.0,0.0,2.6067819204802983e-24,8.162871712568798e-19,0.018843806229457596,17.0,1.3876926226659605e-17,3.503783313863259e-26,6.214111950260375e-23,,,3.503783313863259e-26,6.214111950260375e-23,10.0,,1.3683607328474346e-07,3.770662255519641,16218956191604.066,4.020589667104756e-06,0.0003750407123611628,4.020589667104756e-06,0.0003750407123611628,0.00691327842429445,0.00037906130202826756,False,False,1.0,1.4535543904775199,8.747220958482129e-09,0.21600242624082144,0.6810353784387128,1.0,1.3454569289235796,3.270998838744258e-07,0.17566487025231747,0.7392130407844621,0.19203400171784898,0.17503067457304666,0.007081648983942949,0.005362193720415475,True,AP3.8,119.0,8.3,6.863735268152632e+19,$(U_{0.8}Pu_{0.2})N$
RHO_1p7e13_AP3p8,rizk2025_refit_plot,rizk2025_refit_full,1225.0,1.1,17000000000000.0,1.5581795480115594e+23,7.259621580994445e+25,1.212003445845991e+25,3.5651655226073136e+23,6.812474481602858e+18,1.6815498985203443,58.3968534724419,0.7100641473079097,0.5682793032562199,1.2783434505641296,0.12044526448917585,1.3987887150533054,7860571293167.441,1.9651428232918602e+18,79.0907539186396,0.11349758084804733,125986944.86866054,28069020.587206777,4.488469573679479,1320284802.4130042,1320210599.7291293,44058370.76984532,38015746.876629956,1.00005620518718,1.1589505504870155,0.1724303434685269,80.33599492817343,13.41220084161392,6.079373886744126,6.079373886744126,0.0,5.493671162795815e+24,5.493671162795815e+24,0.0,9.036573938600132e+25,9.036573938600132e+25,1.0143517533223825,9.200045604820806e+16,0.0049355385265854685,5.621054908662782e-07,7.781615471053765e-07,7.781615471053765e-07,0.006055964171865896,0.006055964171865896,4.775282181711736e+20,1.5249989798378856e-05,8.162941829734212e-19,8.189202765293359e-23,8.189202765293359e-22,1.057421518979397e-19,1.6472964643566316e+19,17000000000000.0,17000000000000.0,0.0,0.006913702987403233,0.000378800998720873,1.46316698356231e-05,4.8594475697208205e-06,1.46316698356231e-05,4.8594475697208205e-06,3.637913588082765e-29,7.0184321250582e+18,8.111923854514523e+18,3.43053926429218,2.442353881126144e-21,-262235.6871695213,3.174364476863037e+21,0.0,0.0,0.0,0.0,0.0,0.3333333333333333,0.3333333333333333,2.0,7.011716541319382e-24,1.4818968284734945e-20,0.0,8.162871712568798e-19,,0.0,0.0,0.0,0.0,0.0,7.011716541319382e-24,8.162871712568798e-19,0.018153955514855675,17.0,1.387700111054816e-17,1.057421518979397e-25,8.178628550103565e-23,,,1.057421518979397e-25,8.178628550103565e-23,10.0,,1.3683607328474346e-07,3.770662255519641,16204378105221.725,4.0953622406198045e-06,0.0003747056364802532,4.0953622406198045e-06,0.0003747056364802532,0.006913702987403233,0.000378800998720873,False,False,1.0,1.4540187387993664,8.750277371603068e-09,0.21616550980518812,0.6808021752081835,1.0,1.3541243295515735,3.2724152806173716e-07,0.17908581564849843,0.7342430724336801,0.19220552241091746,0.17845166858154213,0.007100641473079096,0.005682793032562199,True,AP3.8,119.0,8.3,6.863735268152632e+19,$(U_{0.8}Pu_{0.2})N$
RHO_1p7e13_AP3p8,rizk2025_refit_plot,rizk2025_refit_full,1250.0,1.1,17000000000000.0,1.5572760180590062e+23,7.258677343653385e+25,1.2132158967078978e+25,3.561518063386538e+23,6.803854048370297e+18,1.6836415893638135,59.4725106120671,0.7119880362937114,0.5995044561753515,1.311492492469063,0.1686054995274341,1.4800979919964972,7427895020148.389,1.856973755037097e+18,90.16040118906248,0.13937294959858285,77720524.94123936,24622783.070194595,3.1564476168138182,1318636430.297522,1318570421.4154375,42180929.57842105,37328170.22776835,1.000050060945561,1.1300026044952705,0.1723303575713614,80.32554586476206,13.425617993624682,6.076505784041889,6.076505784041889,0.0,5.491079380582589e+24,5.491079380582589e+24,0.0,9.036573938600132e+25,9.036573938600132e+25,1.0151490181763163,9.189506145303357e+16,0.004931108603193199,5.608329625503269e-07,7.770849603027695e-07,7.770849603027695e-07,0.00638678922618077,0.00638678922618077,4.9378348395263164e+20,1.610662676331793e-05,8.1630529947906185e-19,1.066087053798265e-22,1.066087053798265e-21,3.0533079764031823e-19,1.6472964643566316e+19,17000000000000.0,17000000000000.0,0.0,0.006914359912800176,0.0003785608355644576,1.4626348697933277e-05,4.848797905806487e-06,1.4626348697933277e-05,4.848797905806487e-06,3.63634107044202e-29,7.172223067261097e+18,8.101431153030793e+18,6.379677386276162,3.4059390782036804e-21,-317069.59430589125,3.172975065285062e+21,0.0,0.0,0.0,0.0,0.0,0.3333333333333333,0.3333333333333333,2.0,1.8128222181985484e-23,1.3360203119369858e-20,0.0,8.162871712568798e-19,,0.0,0.0,0.0,0.0,0.0,1.8128222181985484e-23,8.162871712568798e-19,0.016366674487959202,17.0,1.3877190091144051e-17,3.0533079764031822e-25,1.0630337458218618e-22,,,3.0533079764031822e-25,1.0630337458218618e-22,10.0,,1.3683607328474346e-07,3.770662255519641,16190746397911.63,4.165316434496403e-06,0.00037439551912996116,4.165316434496403e-06,0.00037439551912996116,0.006914359912800176,0.0003785608355644576,False,False,1.0,1.454489334738642,8.753264000468767e-09,0.21633070499493137,0.6805659700185692,1.0,1.362339241916369,3.2737967423143015e-07,0.18229617389419028,0.7295847628150917,0.19237895679760947,0.18166201978868207,0.007119880362937115,0.005995044561753515,True,AP3.8,119.0,8.3,6.863735268152632e+19,$(U_{0.8}Pu_{0.2})N$
RHO_1p7e13_AP3p8,rizk2025_refit_plot,rizk2025_refit_full,1275.0,1.1,17000000000000.0,1.5563494958838337e+23,7.25791332567191e+25,1.2142412615874454e+25,3.557933286189063e+23,6.795491534964098e+18,1.6857399389602197,60.48285742594634,0.7139341212871732,0.6298054100378677,1.3437395313250409,0.2396317817095634,1.5833713130346043,6906056852397.401,1.7265142130993503e+18,103.86086414604434,0.17195510580489415,50065855.55915029,21374749.943138726,2.3422896498127868,1316988783.7060132,1316929111.4792695,40590257.191512056,36704615.06746951,1.0000453116467876,1.105862494863386,0.17222782732245645,80.31709113416765,13.436964825803718,6.073716212706201,6.073716212706201,0.0,5.488558563819395e+24,5.488558563819395e+24,0.0,9.036573938600132e+25,9.036573938600133e+25,1.0159235672577787,9.178880246293925e+16,0.004926641832462601,5.59670420020711e-07,7.681887138811061e-07,7.681887138811061e-07,0.006707829653997851,0.006707829653997851,5.071395755766363e+20,1.6984681374896835e-05,8.163323265222488e-19,1.3740987948226453e-22,1.3740987948226452e-21,8.457331924393166e-19,1.6472964643566316e+19,17000000000000.0,17000000000000.0,0.0,0.006915282195251502,0.0003783441159417225,1.4621014282191596e-05,4.839131116476922e-06,1.4621014282191596e-05,4.839131116476922e-06,3.597806396696424e-29,7.326215809773117e+18,8.00472525813678e+18,11.739272625090885,4.9251550800400924e-21,-382371.27562306216,3.171597879657913e+21,0.0,0.0,0.0,0.0,0.0,0.3333333333333333,0.3333333333333333,2.0,4.5155265368944576e-23,1.1360352122119976e-20,0.0,8.162871712568798e-19,,0.0,0.0,0.0,0.0,0.0,4.5155265368944576e-23,8.162871712568798e-19,0.013916332543778486,17.0,1.3877649550878229e-17,8.457331924393166e-25,1.365641462898252e-22,,,8.457331924393166e-25,1.365641462898252e-22,10.0,,1.3683607328474346e-07,3.770662255519641,16178008014932.188,4.230773625617124e-06,0.0003741133423161054,4.230773625617124e-06,0.0003741133423161054,0.006915282195251502,0.0003783441159417225,False,False,1.0,1.4549653544564969,8.75620325646602e-09,0.21649771960023492,0.6803271813326346,1.0,1.3701148221180826,3.275139135460809e-07,0.18530666836456844,0.725221579652356,0.192554074540474,0.18467245768606574,0.007139341212871731,0.006298054100378678,True,AP3.8,119.0,8.3,6.863735268152632e+19,$(U_{0.8}Pu_{0.2})N$
RHO_1p7e13_AP3p8,rizk2025_refit_plot,rizk2025_refit_full,1300.0,1.1,17000000000000.0,1.5553697234005736e+23,7.257295576950623e+25,1.2151123840125684e+25,3.554360605887424e+23,6.787385078801438e+18,1.6878506105964228,61.43359698946692,0.7158995866054711,0.6591874520981532,1.3750870387036245,0.3365704488482774,1.7116574875519022,6335035805499.385,1.5837589513748462e+18,119.70789991555395,0.2095442560595437,33961464.85582685,18545141.9794856,1.8312863224986136,1315336962.1512008,1315282280.3527238,39232333.7289106,36136578.49760335,1.0000415741923188,1.0856681888550288,0.17211940431945583,80.31025503980838,13.446604789257146,6.071020766615014,6.071020766615014,0.0,5.486122804029343e+24,5.486122804029343e+24,0.0,9.036573938600132e+25,9.036573938600132e+25,1.0166754583661415,9.168041289905187e+16,0.004922091281967036,5.586017970137029e-07,7.518831375661922e-07,7.518831375661922e-07,0.007019128536164793,0.007019128536164793,5.175185374915837e+20,1.7887377781057078e-05,8.163957681071563e-19,1.7578350904993307e-22,1.7578350904993307e-21,2.2525702314749626e-18,1.6472964643566316e+19,17000000000000.0,17000000000000.0,0.0,0.006916566121525201,0.0003781588498062274,1.4615652244201828e-05,4.8303177663798845e-06,1.4615652244201828e-05,4.8303177663798845e-06,3.524190833515386e-29,7.480458913452156e+18,7.82648605373048e+18,21.114053482149284,7.229274391866161e-21,-453835.5006843752,3.170246287036506e+21,0.0,0.0,0.0,0.0,0.0,0.3333333333333333,0.3333333333333333,2.0,1.085968502764781e-22,9.173994716924637e-21,0.0,8.162871712568798e-19,,0.0,0.0,0.0,0.0,0.0,1.085968502764781e-22,8.162871712568798e-19,0.011237190435461078,17.0,1.3878728057821657e-17,2.2525702314749626e-24,1.7353093881845811e-22,,,2.2525702314749626e-24,1.7353093881845811e-22,10.0,,1.3683607328474346e-07,3.770662255519641,16166080951957.08,4.2922656116796e-06,0.0003738665841945478,4.2922656116796e-06,0.0003738665841945478,0.006916566121525201,0.0003781588498062274,False,False,1.0,1.4554457343269203,8.759136500310527e-09,0.21666617790185894,0.6800863468782489,1.0,1.3774842641197984,3.2764425607678716e-07,0.18813504726911615,0.7211269299066264,0.19273061351183046,0.18750073619604543,0.007158995866054712,0.006591874520981532,True,AP3.8,119.0,8.3,6.863735268152632e+19,$(U_{0.8}Pu_{0.2})N$
RHO_1p7e13_AP3p8,rizk2025_refit_plot,rizk2025_refit_full,1325.0,1.1,17000000000000.0,1.5542721875304682e+23,7.256779198107947e+25,1.215870996450481e+25,3.5507024380931146e+23,6.779502764645966e+18,1.6899862730947735,62.33296862943026,0.7178809334971522,0.6877647036670629,1.4056456371642152,0.4569170226867026,1.862562659850918,5769914024220.146,1.4424785060550367e+18,136.74239262408943,0.2490329161737001,24449791.15625891,16234906.801015783,1.5060013251649305,1313670797.2799647,1313620137.2420874,38059651.59697284,35615181.64164311,1.0000385652110844,1.068635616685204,0.171997949454198,80.30454071880372,13.454999701345146,6.068461630396925,6.068461630396925,0.0,5.483810221663972e+24,5.483810221663972e+24,0.0,9.036573938600132e+25,9.03657393860013e+25,1.017407541810795,9.156724476448427e+16,0.004917351972847352,5.576047203142074e-07,7.283728489373032e-07,7.283728489373032e-07,0.007321870435134872,0.007321870435134872,5.247704210414668e+20,1.8823990773540927e-05,8.165398359707159e-19,2.240387558362496e-22,2.240387558362496e-21,5.78187606487805e-18,1.6472964643566316e+19,17000000000000.0,17000000000000.0,0.0,0.006918442322634674,0.0003780234624396442,1.461023050047372e-05,4.822221952043033e-06,1.461023050047372e-05,4.822221952043033e-06,3.416432589291533e-29,7.635023854299015e+18,7.569138386213456e+18,36.45409431196257,1.0528733587989853e-20,-526710.114612464,3.1689502410038e+21,0.0,0.0,0.0,0.0,0.0,0.3333333333333333,0.3333333333333333,2.0,2.5266471383605937e-22,7.079080234963573e-21,0.0,8.162871712568798e-19,,0.0,0.0,0.0,0.0,0.0,2.5266471383605937e-22,8.162871712568798e-19,0.008669607927392601,17.0,1.388117721150217e-17,5.78187606487805e-24,2.1825687977137156e-22,,,5.78187606487805e-24,2.1825687977137156e-22,10.0,,1.3683607328474346e-07,3.770662255519641,16154853121177.387,4.350610135130877e-06,0.00037367285230451334,4.350610135130877e-06,0.00037367285230451334,0.006918442322634674,0.0003780234624396442,False,False,1.0,1.455928936385942,8.762143980576235e-09,0.2168355387144112,0.6798442407539094,1.0,1.3845024729519246,3.2777119700160754e-07,0.19080647554116084,0.7172636429658771,0.19290825222979177,0.19017202367550756,0.007178809334971522,0.006877647036670629,True,AP3.8,119.0,8.3,6.863735268152632e+19,$(U_{0.8}Pu_{0.2})N$
RHO_1p7e13_AP3p8,rizk2025_refit_plot,rizk2025_refit_full,1350.0,1.1,17000000000000.0,1.5529227023577266e+23,7.2562981829338374e+25,1.2165756841118807e+25,3.546767064826336e+23,6.771782873985319e+18,1.69217376282878,63.19146416790643,0.7198734349359422,0.7157591172649637,1.435632552200906,0.5905953938552472,2.026227946056153,5264291194502.177,1.3160727986255442e+18,153.5785488222929,0.2866038938561205,18781634.657281943,14455143.749071246,1.2993045924215507,1311969326.5186455,1311922007.518224,37030223.24654906,35131327.13781128,1.000036068455404,1.0540513627990453,0.17184861352424147,80.29921773713636,13.462797874260984,6.06613577507845,6.06613577507845,0.0,5.481708445308384e+24,5.481708445308384e+24,0.0,9.036573938600132e+25,9.036573938600133e+25,1.0181254495418568,9.14438238802145e+16,0.004912202137600704,5.566468958536e-07,6.973115354909634e-07,6.973115354909634e-07,0.007618360577656657,0.007618360577656657,5.284943146060465e+20,1.981240078096322e-05,8.168569279875949e-19,2.862168056389775e-22,2.8621680563897752e-21,1.4331663655150738e-17,1.6472964643566316e+19,17000000000000.0,17000000000000.0,0.0,0.006921416521852554,0.00037797817129506635,1.4604681129083009e-05,4.814703816255801e-06,1.4604681129083009e-05,4.814703816255801e-06,3.272896171261757e-29,7.790033408263826e+18,7.229075625105446e+18,59.12868519563263,1.48693189527276e-20,-596853.760084687,3.167773031734012e+21,0.0,0.0,0.0,0.0,0.0,0.3333333333333333,0.3333333333333333,2.0,5.697567307150379e-22,5.248217173930294e-21,0.0,8.162871712568798e-19,,0.0,0.0,0.0,0.0,0.0,5.697567307150379e-22,8.162871712568798e-19,0.006424891549686404,17.0,1.3886567775789114e-17,1.433166365515074e-23,2.7188514198382675e-22,,,1.433166365515074e-23,2.7188514198382675e-22,10.0,,1.3683607328474346e-07,3.770662255519641,16144186573922.22,4.407028655651928e-06,0.00037357114263941445,4.407028655651928e-06,0.00037357114263941445,0.006921416521852554,0.00037797817129506635,False,False,1.0,1.4564125053119463,8.765383944821055e-09,0.21700494067310933,0.6796020944753157,1.0,1.391244264880733,3.278957163702088e-07,0.19335264127748142,0.7135853059091463,0.19308656170014007,0.19271800722199287,0.0071987343493594225,0.007157591172649636,True,AP3.8,119.0,8.3,6.863735268152632e+19,$(U_{0.8}Pu_{0.2})N$
RHO_1p7e13_AP3p8,rizk2025_refit_plot,rizk2025_refit_full,1375.0,1.1,17000000000000.0,1.551050050668443e+23,7.255747010164307e+25,1.2173160029011346e+25,3.542179105610337e+23,6.764146603812212e+18,1.6944678410431981,64.02027111757346,0.7218702083943823,0.7434540781147563,1.4653242865091385,0.7219583159442907,2.187282602453429,4853710174585.13,1.2134275436462825e+18,168.71742437368417,0.3189148754509008,15403513.252631528,13158095.604180327,1.1706491361666223,1310190281.0762131,1310145844.1567464,36109494.191431746,34676516.69145484,1.0000339175364825,1.0413241477720288,0.17164138325068787,80.2931183816364,13.470990346256281,6.064249888856636,6.064249888856636,0.0,5.480004250280062e+24,5.480004250280062e+24,0.0,9.036573938600132e+25,9.036573938600133e+25,1.0188364170263327,9.129910646465112e+16,0.00490619099390189,5.556807646051313e-07,6.576573714179663e-07,6.576573714179663e-07,0.007911514508679836,0.007911514508679836,5.277754559950009e+20,2.0884918020504353e-05,8.175345338120949e-19,3.700180177718187e-22,3.7001801777181866e-21,3.437073971002977e-17,1.6472964643566316e+19,17000000000000.0,17000000000000.0,0.0,0.006926539683512759,0.0003781069842226937,1.4598865643693824e-05,4.807632330600436e-06,1.4598865643693824e-05,4.807632330600436e-06,3.0886756738535173e-29,7.945718111059835e+18,6.795089018543149e+18,88.36420028183367,1.9957719164341986e-20,-660541.3939408741,3.1668433488340163e+21,0.0,0.0,0.0,0.0,0.0,0.3333333333333333,0.3333333333333333,2.0,1.2473625552150166e-21,3.756347896372655e-21,0.0,8.162871712568798e-19,,0.0,0.0,0.0,0.0,0.0,1.2473625552150166e-21,8.162871712568798e-19,0.00459472687821164,17.0,1.3898087074805612e-17,3.437073971002977e-23,3.3564727806178893e-22,,,3.437073971002977e-23,3.3564727806178893e-22,10.0,,1.3683607328474346e-07,3.770662255519641,16133937286345.352,4.463315663585446e-06,0.00037364366855910825,4.463315663585446e-06,0.00037364366855910825,0.006926539683512759,0.0003781069842226937,False,False,1.0,1.4568922534188424,8.76916719653028e-09,0.2171729177794274,0.6793620033540491,1.0,1.3977923362957079,3.2801907698551905e-07,0.19580710469042517,0.7100430065007831,0.19326492369805612,0.1951722412519315,0.007218702083943823,0.007434540781147562,True,AP3.8,119.0,8.3,6.863735268152632e+19,$(U_{0.8}Pu_{0.2})N$
RHO_1p7e13_AP3p8,rizk2025_refit_plot,rizk2025_refit_full,1400.0,1.1,17000000000000.0,1.548122383968938e+23,7.254946911342866e+25,1.2182380695872784e+25,3.536214112844422e+23,6.756535511661287e+18,1.696976856643231,64.8273362654308,0.723860570438218,0.7710582776356784,1.4949188480738964,0.8365041445613712,2.3314229926352676,4547111573909.981,1.1367778934774954e+18,181.10259415008713,0.3442437121965026,13406920.948980352,12258245.169918412,1.0937063799213917,1308250622.4824724,1308208766.2594025,35276621.31953332,34244812.881256945,1.0000319950638992,1.0301303570223654,0.17131740353012148,80.28426437538495,13.481194066077629,6.063224155007296,6.063224155007296,0.0,5.479077338302973e+24,5.479077338302973e+24,0.0,9.036573938600132e+25,9.036573938600132e+25,1.0195457887967576,9.111145224100296e+16,0.004898431053462368,5.546350920778926e-07,6.0856015970998e-07,6.0856015970998e-07,0.008203393031672656,0.008203393031672656,5.209686083001136e+20,2.209110889362737e-05,8.189426464829586e-19,4.907545740295142e-22,4.907545740295141e-21,7.989389038480301e-17,1.6472964643566316e+19,17000000000000.0,17000000000000.0,0.0,0.00693590979556922,0.00037857888144598534,1.4592510313656343e-05,4.800915934138477e-06,1.4592510313656343e-05,4.800915934138477e-06,2.8597416659101285e-29,8.102531314811697e+18,6.258064241520517e+18,120.57483640350439,2.5167347163921128e-20,-714246.0102521954,3.1664148943899e+21,0.0,0.0,0.0,0.0,0.0,0.3333333333333333,0.3333333333333333,2.0,2.6554752260788454e-21,2.6068146230906868e-21,0.0,8.162871712568798e-19,,0.0,0.0,0.0,0.0,0.0,2.6554752260788454e-21,8.162871712568798e-19,0.00318314674939197,17.0,1.3922024990210297e-17,7.989389038480301e-23,4.108606836447112e-22,,,7.989389038480301e-23,4.108606836447112e-22,10.0,,1.3683607328474346e-07,3.770662255519641,16124003652869.59,4.5221009695800845e-06,0.00037405678047640524,4.5221009695800845e-06,0.00037405678047640524,0.00693590979556922,0.00037857888144598534,False,False,1.0,1.4573607687213135,8.774095680922749e-09,0.21733687893444106,0.6791276699958241,1.0,1.404205821255959,3.2814221970528646e-07,0.19819364997591957,0.7066021199578285,0.1934423859648307,0.19755850663260016,0.007238605704382181,0.007710582776356784,True,AP3.8,119.0,8.3,6.863735268152632e+19,$(U_{0.8}Pu_{0.2})N$
RHO_1p7e13_AP3p8,rizk2025_refit_plot,rizk2025_refit_full,1425.0,1.1,17000000000000.0,1.5431298700513364e+23,7.253580724907869e+25,1.2195948382945658e+25,3.5275013858654016e+23,6.748965264409539e+18,1.699909145834251,65.6122726630794,0.7258266897222466,0.7985112611927251,1.5243379509149717,0.9278249962110328,2.4521629471260042,4329781524264.957,1.0824453810662392e+18,190.55215779416827,0.36288982231385325,12233608.259454312,11650353.507925179,1.0500632664178278,1305991648.1876523,1305952147.7605255,34532287.693768136,33835133.4269391,1.00003024645826,1.0206044485781154,0.17076492490807693,80.26914596386882,13.496208259692445,6.063880851530653,6.063880851530653,0.0,5.479670766971827e+24,5.479670766971827e+24,0.0,9.036573938600132e+25,9.03657393860013e+25,1.0202519965252763,9.08397909603296e+16,0.004887227441219992,5.533970166443113e-07,5.527982393260918e-07,5.527982393260918e-07,0.008493149874669113,0.008493149874669113,5.0606888064602105e+20,2.3492249813577127e-05,8.217924306433319e-19,6.792207006788487e-22,6.792207006788486e-21,1.8029544796246132e-16,1.6472964643566316e+19,17000000000000.0,17000000000000.0,0.0,0.00695357116043523,0.00037972205624097047,1.4585089479722441e-05,4.794538476909392e-06,1.4585089479722441e-05,4.794538476909392e-06,2.599095159817786e-29,8.261380600622133e+18,5.648456769166718e+18,151.34122815803104,2.9877384756714257e-20,-756018.9695244101,3.166973828566079e+21,0.0,0.0,0.0,0.0,0.0,0.3333333333333333,0.3333333333333333,2.0,5.505259386452124e-21,1.7608088449539913e-21,0.0,8.162871712568798e-19,,0.0,0.0,0.0,0.0,0.0,5.505259386452124e-21,8.162871712568798e-19,0.0021426442728068934,17.0,1.3970471320936644e-17,1.8029544796246133e-22,4.989252527163874e-22,,,1.8029544796246133e-22,4.989252527163874e-22,10.0,,1.3683607328474346e-07,3.770662255519641,16114387830314.055,4.587471759180696e-06,0.0003751345844817898,4.587471759180696e-06,0.0003751345844817898,0.00695357116043523,0.00037972205624097047,False,False,1.0,1.4578046240643576,8.78131430403124e-09,0.21749213458031413,0.6789057947119469,1.0,1.4104785412598104,3.282648880347703e-07,0.2005113109402702,0.7032637907445124,0.1936173676272604,0.19987586139670482,0.007258266897222467,0.007985112611927251,True,AP3.8,119.0,8.3,6.863735268152632e+19,$(U_{0.8}Pu_{0.2})N$
RHO_1p7e13_AP3p8,rizk2025_refit_plot,rizk2025_refit_full,1450.0,1.1,17000000000000.0,1.5342237361543916e+23,7.251063332671596e+25,1.2218499225935529e+25,3.51351188911443e+23,6.741501190874618e+18,1.7036536693592021,66.3698080923383,0.7277361949738844,0.8255757172756552,1.5533119122495396,0.9987097658440596,2.552021678093599,4175008411140.284,1.043752102785071e+18,197.67017941922964,0.37654833425824086,11529231.12019013,11230829.083691495,1.026569902744932,1303119131.7439995,1303081747.145834,33892322.361005634,33448944.087820496,1.0000286893729018,1.0132553742809054,0.16977935958681042,80.24128814680918,13.521163340172166,6.067769153431847,6.067769153431847,0.0,5.483184459734401e+24,5.483184459734401e+24,0.0,9.036573938600132e+25,9.036573938600133e+25,1.0209488890741982,9.04088900761759e+16,0.004869448714062884,5.517644478382888e-07,5.020349571743388e-07,5.020349571743388e-07,0.00877814992169612,0.00877814992169612,4.8269743607659554e+20,2.5138450710210346e-05,8.274171632376133e-19,9.969293275342691e-22,9.96929327534269e-21,3.956100289530877e-16,1.6472964643566316e+19,17000000000000.0,17000000000000.0,0.0,0.006987068668066504,0.00038215256331519166,1.4575623528414283e-05,4.788523595778488e-06,1.4575623528414283e-05,4.788523595778488e-06,2.3615526374838288e-29,8.424050035367828e+18,5.093483900588574e+18,178.52187787830238,3.387050432450136e-20,-787303.4390992193,3.169424900517108e+21,0.0,0.0,0.0,0.0,0.0,0.3333333333333333,0.3333333333333333,2.0,1.1129991980733449e-20,1.1616069964338774e-21,0.0,8.162871712568798e-19,,0.0,0.0,0.0,0.0,0.0,1.1129991980733449e-20,8.162871712568798e-19,0.001403895215188198,17.0,1.4066091775039427e-17,3.9561002895308766e-22,6.013192985811814e-22,,,3.9561002895308766e-22,6.013192985811814e-22,10.0,,1.3683607328474346e-07,3.770662255519641,16105151407421.418,4.666872722759101e-06,0.00037748569059243257,4.666872722759101e-06,0.00037748569059243257,0.006987068668066504,0.00038215256331519166,False,False,1.0,1.458199119585958,8.792954547969615e-09,0.21763006307587174,0.6787086947883437,1.0,1.4165648277235166,3.2838601394127545e-07,0.20274468643113724,0.7000499218685221,0.19378700850916622,0.20210899235847196,0.007277361949738844,0.008255757172756551,True,AP3.8,119.0,8.3,6.863735268152632e+19,$(U_{0.8}Pu_{0.2})N$
RHO_1p7e13_AP3p8,rizk2025_refit_plot,rizk2025_refit_full,1475.0,1.1,17000000000000.0,1.5181685089048053e+23,7.2463126290317604e+25,1.2258650957915735e+25,3.489751372996791e+23,6.734020991579496e+18,1.7089120382932905,67.1138207848785,0.7295284339292312,0.8527053086837714,1.5822337426130026,1.0567652872719315,2.638999029884934,4056214812427.958,1.0140537031069896e+18,203.37600247056437,0.387258913824921,11072881.850519326,10915742.137872495,1.0143956966610295,1299107701.058702,1299072129.082278,33352027.98514885,33078134.638107076,1.0000273826030346,1.008280193246636,0.16800266552569004,80.18871619119732,13.565595812315944,6.077685330961043,6.077685330961043,0.0,5.492145286877488e+24,5.492145286877488e+24,0.0,9.036573938600132e+25,9.036573938600132e+25,1.0216480950550528,8.968652984093896e+16,0.004839544343497717,5.493467517984384e-07,4.7277547444117756e-07,4.7277547444117756e-07,0.00906352113926347,0.00906352113926347,4.551072398282214e+20,2.7028951710059904e-05,8.382581106675789e-19,1.5648365395596799e-21,1.5648365395596798e-20,8.452417180343286e-16,1.6472964643566316e+19,17000000000000.0,17000000000000.0,0.0,0.007050059887707585,0.00038699272634279137,1.4562350455404592e-05,4.782745764224689e-06,1.4562350455404592e-05,4.782745764224689e-06,2.2248435691581313e-29,8.593819657387472e+18,4.772860067556241e+18,203.1541949782376,3.7382938364565747e-20,-812549.0180831362,3.1753950862718083e+21,0.0,0.0,0.0,0.0,0.0,0.3333333333333333,0.3333333333333333,2.0,2.1970939410699096e-20,7.507216258567738e-22,0.0,8.162871712568798e-19,,0.0,0.0,0.0,0.0,0.0,2.1970939410699096e-20,8.162871712568798e-19,0.0008955733518151203,17.0,1.4250387881348842e-17,8.452417180343286e-22,7.195948215253512e-22,,,8.452417180343286e-22,7.195948215253512e-22,10.0,,1.3683607328474346e-07,3.770662255519641,16096122647547.184,4.7755561167363555e-06,0.000382217170226055,4.7755561167363555e-06,0.000382217170226055,0.007050059887707585,0.00038699272634279137,False,False,1.0,1.4584993463699756,8.812867132867707e-09,0.21773499330507468,0.6785587577305634,1.0,1.4225732537681535,3.285075721692993e-07,0.20493479564368136,0.6969012600220974,0.1939459616672673,0.20429903829192075,0.007295284339292312,0.008527053086837714,True,AP3.8,119.0,8.3,6.863735268152632e+19,$(U_{0.8}Pu_{0.2})N$
RHO_1p7e13_AP3p8,rizk2025_refit_plot,rizk2025_refit_full,1500.0,1.1,17000000000000.0,1.4896486423229839e+23,7.237434444707177e+25,1.2331536225229688e+25,3.448686485842129e+23,6.725968920848251e+18,1.7168967340421957,67.89919901726256,0.7310967410387058,0.8819367071688908,1.6130334482075965,1.1102112914168374,2.723244739624434,3952585581356.873,9.881463953392182e+17,208.53964432735918,0.39677070769269523,10732792.107964,10645457.880013987,1.0082038958713064,1293064667.422948,1293030591.75453,32862787.11911231,32695525.60458912,1.0000263533350526,1.0051157310191616,0.1648466169197026,80.0904689529751,13.646251675709726,6.098432754395482,6.098432754395482,0.0,5.510893849467563e+24,5.510893849467563e+24,0.0,9.036573938600132e+25,9.036573938600132e+25,1.022402181615932,8.845292582453491e+16,0.0047882166300297685,5.454466454914236e-07,4.666569656350302e-07,4.666569656350302e-07,0.009371888559332447,0.009371888559332447,4.307363895276244e+20,2.90897717374465e-05,8.586863335070055e-19,2.616148172893133e-21,2.616148172893133e-20,1.7607759639859707e-15,1.6472964643566316e+19,17000000000000.0,17000000000000.0,0.0,0.007166577652395029,0.0003962441249025011,1.4542239996259913e-05,4.776781535552215e-06,1.4542239996259913e-05,4.776781535552215e-06,2.196844212696638e-29,8.776269043346924e+18,4.704043272182772e+18,228.2129142585505,4.0884562969712934e-20,-836904.3792175251,3.187688737464283e+21,0.0,0.0,0.0,0.0,0.0,0.3333333333333333,0.3333333333333333,2.0,4.239916225012569e-20,4.766040325715508e-22,0.0,8.162871712568798e-19,,0.0,0.0,0.0,0.0,0.0,4.239916225012569e-20,8.162871712568798e-19,0.0005550385676048057,17.0,1.4597667669619094e-17,1.7607759639859707e-21,8.553722089071623e-22,,,1.7607759639859707e-21,8.553722089071623e-22,10.0,,1.3683607328474346e-07,3.770662255519641,16086638038067.533,4.9430896220515e-06,0.0003913010352804496,4.9430896220515e-06,0.0003913010352804496,0.007166577652395029,0.0003962441249025011,False,False,1.0,1.4586280262792255,8.847711464232634e-09,0.21777995707554212,0.6784945102344234,1.0,1.4289489164982099,3.286386146278464e-07,0.20724299566546708,0.6935860145249383,0.1940848409373057,0.20660736850469327,0.007310967410387058,0.008819367071688908,True,AP3.8,119.0,8.3,6.863735268152632e+19,$(U_{0.8}Pu_{0.2})N$
RHO_1p7e13_AP3p8,rizk2025_refit_plot,rizk2025_refit_full,1525.0,1.1,17000000000000.0,1.4407649097853266e+23,7.221342820545994e+25,1.2461771964151973e+25,3.37870035171598e+23,6.716404447785107e+18,1.7295934083101066,68.81257560261479,0.7322684969998478,0.9167035015820184,1.6489719985818663,1.1667616500212696,2.815733648603136,3848413552560.359,9.621033881400896e+17,213.91799170066798,0.4064970739985125,10430373.272068238,10377808.721701214,1.0050650914635866,1283571449.9578526,1283538656.7349627,32361655.82977362,32261544.936499123,1.0000255490730394,1.0031031028883317,0.1594370742246721,79.91239677351284,13.790372378762878,6.137793773499602,6.137793773499602,0.0,5.546462725410866e+24,5.546462725410866e+24,0.0,9.036573938600132e+25,9.036573938600132e+25,1.0233000803663537,8.63736389225221e+16,0.004701089456799369,5.389784633579439e-07,4.715042289330776e-07,4.715042289330776e-07,0.009741208383825709,0.009741208383825709,4.13522391805315e+20,3.121072751885091e-05,8.963636533373067e-19,4.591111971906214e-21,4.5911119719062144e-20,3.580777516173852e-15,1.6472964643566316e+19,17000000000000.0,17000000000000.0,0.0,0.007377497252796973,0.00041341366806113127,1.4510372354295522e-05,4.770012994720116e-06,1.4510372354295522e-05,4.770012994720116e-06,2.2203609679269957e-29,8.980571862208356e+18,4.753884372819295e+18,257.44383738829066,4.4892171478601654e-20,-863895.6094530297,3.210893903756878e+21,0.0,0.0,0.0,0.0,0.0,0.3333333333333333,0.3333333333333333,2.0,8.007648208042697e-20,2.979589468780153e-22,0.0,8.162871712568798e-19,,0.0,0.0,0.0,0.0,0.0,8.007648208042697e-20,8.162871712568798e-19,0.00033240855513124167,17.0,1.5238182106734214e-17,3.5807775161738524e-21,1.0103344557323614e-21,,,3.5807775161738524e-21,1.0103344557323614e-21,10.0,,1.3683607328474346e-07,3.770662255519641,16075667382948.03,5.22174613617408e-06,0.0004081919219249572,5.22174613617408e-06,0.0004081919219249572,0.007377497252796973,0.00041341366806113127,False,False,1.0,1.4584616749720192,8.908389656950336e-09,0.2177218288711745,0.6785775682783773,1.0,1.4364069688131222,3.2879453758938126e-07,0.20992272192272726,0.6897413070520156,0.19418847459089345,0.2092873425012666,0.007322684969998478,0.009167035015820184,True,AP3.8,119.0,8.3,6.863735268152632e+19,$(U_{0.8}Pu_{0.2})N$
RHO_1p7e13_AP3p8,rizk2025_refit_plot,rizk2025_refit_full,1550.0,1.1,17000000000000.0,1.3616638145838513e+23,7.193344474000703e+25,1.2686730363276952e+25,3.264035897178503e+23,6.703972385617451e+18,1.7500216185296416,69.96975464399694,0.7327802856007107,0.9619486269443932,1.694728912545104,1.2345766428916936,2.9293055554367973,3730289907218.811,9.325724768047027e+17,220.26170643672532,0.4177357532170428,10113891.352453014,10078919.46318749,1.0034698054085318,1268587287.678101,1268555757.5370023,31787045.418272924,31727994.63561454,1.000024855147999,1.0018611571054699,0.15068363561630843,79.6025631270941,14.039314511758725,6.207438725530879,6.207438725530879,0.0,5.609397901258955e+24,5.609397901258955e+24,0.0,9.036573938600132e+25,9.036573938600132e+25,1.024470290316418,8.301036716268654e+16,0.004558572216538701,5.284410197452224e-07,4.806232780209092e-07,4.806232780209092e-07,0.01022576966059261,0.01022576966059261,4.023444381587645e+20,3.333391799607852e-05,9.64451857158908e-19,8.303373578131135e-21,8.303373578131135e-20,7.11715258415843e-15,1.6472964643566316e+19,17000000000000.0,17000000000000.0,0.0,0.007749249839443666,0.0004445232329613281,1.44593850702369e-05,4.761686121664733e-06,1.44593850702369e-05,4.761686121664733e-06,2.2639077331859347e-29,9.221083444048655e+18,4.848676171415574e+18,295.2243777868761,4.992171468614077e-20,-894027.0125245892,3.25199990816336e+21,0.0,0.0,0.0,0.0,0.0,0.3333333333333333,0.3333333333333333,2.0,1.4816468590202815e-19,1.8383335745449222e-22,0.0,8.162871712568798e-19,,0.0,0.0,0.0,0.0,0.0,1.4816468590202815e-19,8.162871712568798e-19,0.00019060915906785685,17.0,1.6395681571701434e-17,7.11715258415843e-21,1.1862209939727049e-21,,,7.11715258415843e-21,1.1862209939727049e-21,10.0,,1.3683607328474346e-07,3.770662255519641,16061862688328.75,5.702014881840386e-06,0.00043882121807948773,5.702014881840386e-06,0.00043882121807948773,0.007749249839443666,0.0004445232329613281,False,False,1.0,1.4578189839752211,9.011516127056111e-09,0.21749715629032015,0.6788986184667964,1.0,1.4459227286430336,3.289976508099138e-07,0.2133104499682614,0.6848872815626325,0.19423370404056428,0.21267541700542347,0.007327802856007108,0.009619486269443932,True,AP3.8,119.0,8.3,6.863735268152632e+19,$(U_{0.8}Pu_{0.2})N$
RHO_1p7e13_AP3p8,rizk2025_refit_plot,rizk2025_refit_full,1575.0,1.1,17000000000000.0,1.2437993710013684e+23,7.146978277765073e+25,1.3057786886028246e+25,3.087730034141304e+23,6.686736773719862e+18,1.7822937881049523,71.52173826854947,0.7322608438976359,1.024747859314213,1.757008703211849,1.323664593805846,3.080673297017695,3585309789305.7607,8.963274473264401e+17,228.43585134618144,0.43185333573383095,9744167.606321294,9718264.392027142,1.0026654156801293,1245615969.4404027,1245585893.199148,31074407.495993663,31039514.051858686,1.0000241462603414,1.001124162062482,0.13764059027818315,79.08946826890259,14.44993088614184,6.322960254677381,6.322960254677381,0.0,5.713789785222207e+24,5.713789785222207e+24,0.0,9.036573938600132e+25,9.036573938600132e+25,1.0260977124589137,7.792860346898634e+16,0.004339365269466656,5.121039527527394e-07,4.927154144405533e-07,4.927154144405533e-07,0.010903180469197141,0.010903180469197141,3.942561186902132e+20,3.5516499343825854e-05,1.0851313414053207e-18,1.5225725191742552e-20,1.5225725191742552e-19,1.384090397445483e-14,1.6472964643566316e+19,17000000000000.0,17000000000000.0,0.0,0.008383715172287594,0.0004997064743728641,1.437955773325308e-05,4.7509324209364915e-06,1.437955773325308e-05,4.7509324209364915e-06,2.3213660664301304e-29,9.51795312577687e+18,4.97292171441752e+18,347.6650177197621,5.659825337949432e-20,-925277.1632285587,3.320583427331648e+21,0.0,0.0,0.0,0.0,0.0,0.3333333333333333,0.3333333333333333,2.0,2.6884417014844093e-19,1.1215308686518689e-22,0.0,8.162871712568798e-19,,0.0,0.0,0.0,0.0,0.0,2.6884417014844093e-19,8.162871712568798e-19,0.00010335438908246888,17.0,1.844723280389045e-17,1.384090397445483e-20,1.3848212172877198e-21,,,1.384090397445483e-20,1.3848212172877198e-21,10.0,,1.3683607328474346e-07,3.770662255519641,16043518864366.508,6.540514280972709e-06,0.0004931659600918914,6.540514280972709e-06,0.0004931659600918914,0.008383715172287594,0.0004997064743728641,False,False,1.0,1.4564659434833924,9.179881194200417e-09,0.21702365555875233,0.6795753442189323,1.0,1.4588022074753046,3.292800762626515e-07,0.21784081024501215,0.6784075609162213,0.19418779808611053,0.21720626111160696,0.007322608438976359,0.01024747859314213,True,AP3.8,119.0,8.3,6.863735268152632e+19,$(U_{0.8}Pu_{0.2})N$
RHO_1p7e13_AP3p8,rizk2025_refit_plot,rizk2025_refit_full,1600.0,1.1,17000000000000.0,1.0862294996193135e+23,7.074599689000165e+25,1.3635733053923009e+25,2.839191213209023e+23,6.662170800303439e+18,1.8311701328232357,73.63919533245722,0.730246257938985,1.1143752929972521,1.8446215509362374,1.4467563645266748,3.291377915462912,3401813735861.965,8.504534339654912e+17,239.46504776106798,0.45027295167080794,9291816.735048875,9270664.010286205,1.0022816838944006,1212367860.1328993,1212339563.7614949,30167967.79545281,30146988.84170877,1.0000233403018843,1.0006958888615443,0.12020368637492528,78.28851661115387,15.089494255867661,6.5017854466035745,6.5017854466035745,0.0,5.875386492114748e+24,5.875386492114748e+24,0.0,9.036573938600132e+25,9.036573938600133e+25,1.0284268367938298,7.093570308000319e+16,0.004029649574724339,4.885961025421857e-07,5.081235168602963e-07,5.081235168602963e-07,0.011875975406391676,0.011875975406391676,3.867669106613074e+20,3.791065355385757e-05,1.2951051174088508e-18,2.797102768283436e-20,2.7971027682834356e-19,2.6363059898109156e-14,1.6472964643566316e+19,17000000000000.0,17000000000000.0,0.0,0.009426220498081866,0.0005956947999150432,1.4260348827185389e-05,4.736976694488388e-06,1.4260348827185389e-05,4.736976694488388e-06,2.3943416315711802e-29,9.895376187989572e+18,5.128013854979677e+18,425.0763516993813,6.59071765518115e-20,-955264.9830620448,3.4278764324617516e+21,0.0,0.0,0.0,0.0,0.0,0.3333333333333333,0.3333333333333333,2.0,4.788179461519709e-19,6.777638626958759e-23,0.0,8.162871712568798e-19,,0.0,0.0,0.0,0.0,0.0,4.788179461519709e-19,8.162871712568798e-19,5.23327298753861e-05,17.0,2.2016786995950463e-17,2.6363059898109155e-20,1.6079677847252025e-21,,,2.6363059898109155e-20,1.6079677847252025e-21,10.0,,1.3683607328474346e-07,3.770662255519641,16018818646768.871,8.007020219687557e-06,0.0005876877796953556,8.007020219687557e-06,0.0005876877796953556,0.009426220498081866,0.0005956947999150432,False,False,1.0,1.4541569811429453,9.440310783145864e-09,0.21621404619431495,0.6807327733666044,1.0,1.4765898833295876,3.2968430095101117e-07,0.22399647578947648,0.6696247330737776,0.1940095522574488,0.2233626181516758,0.00730246257938985,0.011143752929972522,True,AP3.8,119.0,8.3,6.863735268152632e+19,$(U_{0.8}Pu_{0.2})N$
RHO_1p7e13_AP3p8,rizk2025_refit_plot,rizk2025_refit_full,1625.0,1.1,17000000000000.0,9.010092856327163e+22,6.968962625628963e+25,1.4478634678395337e+25,2.5237899717406063e+23,6.627376073362615e+18,1.9009916794284891,76.47352443459631,0.7262438498056825,1.2415480803248713,1.9677919301305538,1.6192116177457416,3.5870035478762956,3172658308325.3877,7.93164577081347e+17,254.47235699227522,0.47422624940969027,8742579.357924977,8723933.814419735,1.0021372862176492,1167837739.244612,1167811529.1211677,29042644.417970464,29029654.595018,1.0000224437957588,1.000447467361692,0.09970695661372443,77.11952198897778,16.022261065722265,6.75850998868623,6.75850998868623,0.0,6.107377522753065e+24,6.107377522753065e+24,0.0,9.036573938600132e+25,9.036573938600132e+25,1.0317447274846738,6.2334794636829384e+16,0.0036348601002930245,4.5774730495235985e-07,5.283249888846653e-07,5.283249888846653e-07,0.013264864015281012,0.013264864015281012,3.788103868061375e+20,4.069017299114343e-05,1.6540619828555305e-18,5.108607268560299e-20,5.1086072685603e-19,4.922854290289942e-14,1.6472964643566316e+19,17000000000000.0,17000000000000.0,0.0,0.011067417065201143,0.0007596169410299186,1.4093595106282004e-05,4.719481988649911e-06,1.4093595106282004e-05,4.719481988649911e-06,2.4897968780786096e-29,1.037676024655852e+19,5.326039793836397e+18,545.5968507636037,7.946922775670044e-20,-982478.1622804136,3.5843878748222915e+21,0.0,0.0,0.0,0.0,0.0,0.3333333333333333,0.3333333333333333,2.0,8.377748115986507e-19,4.063572253318729e-23,0.0,8.162871712568798e-19,,0.0,0.0,0.0,0.0,0.0,8.377748115986507e-19,8.162871712568798e-19,2.456723082591791e-05,17.0,2.811905370854402e-17,4.922854290289942e-20,1.857529782703572e-21,,,4.922854290289942e-20,1.857529782703572e-21,10.0,,1.3683607328474346e-07,3.770662255519641,15986374179973.963,1.0563316402977175e-05,0.0007490536246269414,1.0563316402977175e-05,0.0007490536246269414,0.011067417065201143,0.0007596169410299186,False,False,1.0,1.4507115418702057,9.818267326235244e-09,0.21500222133133165,0.6824660095261551,1.0,1.5007863323743642,3.302602504076726e-07,0.23218805070324258,0.6579767027163854,0.19365445360088876,0.23155518716416024,0.0072624384980568245,0.012415480803248714,True,AP3.8,119.0,8.3,6.863735268152632e+19,$(U_{0.8}Pu_{0.2})N$
RHO_1p7e13_AP3p8,rizk2025_refit_plot,rizk2025_refit_full,1650.0,1.1,17000000000000.0,7.106785695543692e+22,6.825204987156933e+25,1.562695471822701e+25,2.1660185604952788e+23,6.579453180100304e+18,1.99446141487794,80.11446733485974,0.7198262821444784,1.4171351120536553,2.1369613941981336,1.8319079538712564,3.96886934806939,2905202921298.59,7.263007303246474e+17,273.05883598145095,0.5,8133622.955985085,8130115.958418595,1.000431358861845,1113106462.1820536,1113082450.9512324,27718713.5327876,27710350.874841608,1.0000215718348633,1.0003017882373184,0.07864469149294222,75.52867971347818,17.293008195811655,7.099667399217239,7.024777160824202,0.07489023839303673,6.415666939249548e+24,6.347991821597742e+24,6.7675117651806665e+22,9.036573938600132e+25,9.029806426834953e+25,1.0363511054268812,5.292910052275839e+16,0.0031838513983575667,4.2104278029571195e-07,5.566349034029799e-07,5.566349034029799e-07,0.015196514916554158,0.015196514916554158,3.708371114951512e+20,4.398041098198302e-05,2.257479190366825e-18,9.233806137778259e-20,9.233806137778258e-19,9.020265555838444e-14,1.6472964643566316e+19,17000000000000.0,17000000000000.0,0.0,0.013537482993522008,0.001034712427513077,1.387686616759426e-05,4.69879082006265e-06,1.387686616759426e-05,4.69879082006265e-06,2.623388928930023e-29,1.097869483649522e+19,5.596327670818759e+18,276.02933494899474,3.738601163258435e-20,-631488.9212509423,3.797020136482825e+21,4.001276239515161e+21,0.0,0.0,0.0,0.0,0.3333333333333333,0.3333333333333333,2.0,1.441192019109945e-18,2.42053512429118e-23,0.0,8.162871712568798e-19,,0.0,0.0,0.0,0.0,0.0,1.441192019109945e-18,8.162871712568798e-19,1.0722292079679634e-05,17.0,3.8377146236236026e-17,9.020265555838444e-20,2.135405819398152e-21,,,9.020265555838444e-20,2.135405819398152e-21,10.0,,1.3683607328474346e-07,3.770662255519641,15945792279021.08,1.499224724065182e-05,0.001019720180272425,1.499224724065182e-05,0.001019720180272425,0.013537482993522008,0.001034712427513077,False,False,1.0,1.4460820754374062,1.0331587308824285e-08,0.21336688355696026,0.6848064839052275,1.0,1.5325117832906725,3.310601414415035e-07,0.24262498291903853,0.6432038137821331,0.19308234578813324,0.24199352896054485,0.007198262821444784,0.014171351120536553,True,AP3.8,119.0,8.3,6.863735268152632e+19,$(U_{0.8}Pu_{0.2})N$
RHO_1p7e13_AP3p8,rizk2025_refit_plot,rizk2025_refit_full,1675.0,1.1,17000000000000.0,5.376202712641164e+22,6.641941125463719e+25,1.7095699577562818e+25,1.8006905111016286e+23,6.51579098340368e+18,2.112123332251625,84.57567179880739,0.7106986783518222,1.6511712651161556,2.361869943467978,1.9020129454170271,4.263882888885005,2694987975591.74,6.737469938979351e+17,283.50848076165096,0.5,7833792.612997867,7830453.586559132,1.0004264154562472,1051096976.2197112,1051074985.1114866,26254333.835517723,26248683.017038766,1.0000209224922447,1.0002152800761581,0.05949381645267652,73.50065600738759,18.918341944326674,7.5215082318330895,6.930354818090212,0.5911534137428769,6.796866526674925e+24,6.262666373440587e+24,5.342001532343382e+23,9.036573938600132e+25,8.9831539232767e+25,1.042536989763727,4.36840641868051e+16,0.002718617102503778,3.811449063829169e-07,5.996719743376789e-07,5.996719743376789e-07,0.01779482578891388,0.01779482578891388,3.6415666910517854e+20,4.78387333286873e-05,3.2556911341636327e-18,1.6476307421979262e-19,1.6476307421979263e-18,1.6231955709997532e-13,1.6472964643566316e+19,17000000000000.0,17000000000000.0,0.0,0.017096627821288644,0.0014888005036674187,1.3614500654876249e-05,4.675823698652239e-06,1.3614500654876249e-05,4.675823698652239e-06,2.826406256260738e-29,1.1707690123081992e+19,5.999345772235889e+18,336.9131684697032,4.390676697749684e-20,-638224.1914030445,4.0675579883544254e+21,4.300793785161653e+21,0.0,0.0,0.0,0.0,0.3333333333333333,0.3333333333333333,2.0,2.439403962906753e-18,1.4342893454267406e-23,0.0,8.162871712568798e-19,,0.0,0.0,0.0,0.0,0.0,2.439403962906753e-18,8.162871712568798e-19,4.405483463636979e-06,17.0,5.534674928078175e-17,1.623195570999753e-19,2.4435171198173103e-21,,,1.623195570999753e-19,2.4435171198173103e-21,10.0,,1.3683607328474346e-07,3.770662255519641,15897855541590.652,2.260157002355495e-05,0.0014661989336438638,2.260157002355495e-05,0.0014661989336438638,0.017096627821288644,0.0014888005036674187,False,False,1.0,1.4403555470809188,1.0987789896597927e-08,0.21133269866391202,0.6877201706712479,1.0,1.5723549212135168,3.321348339889763e-07,0.25527189934680383,0.6254093871503237,0.1922627585823839,0.2546423932678377,0.007106986783518222,0.016511712651161557,True,AP3.8,119.0,8.3,6.863735268152632e+19,$(U_{0.8}Pu_{0.2})N$
RHO_1p7e13_AP3p8,rizk2025_refit_plot,rizk2025_refit_full,1700.0,1.1,17000000000000.0,3.948482551507076e+22,6.4208051915212316e+25,1.8878043203062118e+25,1.4588501861401337e+23,6.434094080380286e+18,2.252837858179467,89.81796670893965,0.6986973748473775,1.952835557592008,2.6515329324393857,1.9866397372245148,4.638172669663901,2470276305039.6343,6.175690762599085e+17,296.1227025706476,0.5,7500183.554065263,7496892.270427535,1.000439019732311,985444199.6071613,985423780.916926,24720712.437745634,24716658.38522085,1.0000207207199894,1.000164021060679,0.043694464056128125,71.05353461553027,20.890708504496054,8.012062415917557,6.839370617928414,1.1726917979891438,7.240159442211821e+24,6.180447828239938e+24,1.0597116139718828e+24,9.036573938600132e+25,8.930602777202943e+25,1.0505890255615182,3.533291945100593e+16,0.0022773704347864273,3.4083142291660997e-07,6.694769873464923e-07,6.694769873464923e-07,0.021182898966088572,0.021182898966088572,3.600182556684336e+20,5.2272978555575855e-05,4.881873557157333e-18,2.8987370337520676e-19,2.8987370337520674e-18,2.8708990269161864e-13,1.6472964643566316e+19,17000000000000.0,17000000000000.0,0.0,0.02202764543339824,0.0022266664802962285,1.3315649578028498e-05,4.651702238578153e-06,1.3315649578028498e-05,4.651702238578153e-06,3.1557997763674416e-29,1.25614689514965e+19,6.645578431241284e+18,421.64213641181453,5.2554561671775643e-20,-641887.0277410283,4.3933618497944625e+21,4.6569966336064765e+21,0.0,0.0,0.0,0.0,0.3333333333333333,0.3333333333333333,2.0,4.065586385900453e-18,8.463999134962283e-24,0.0,8.162871712568798e-19,,0.0,0.0,0.0,0.0,0.0,4.065586385900453e-18,8.162871712568798e-19,1.7337604171564793e-06,17.0,8.299185047167466e-17,2.8708990269161863e-19,2.7838006835881095e-21,,,2.8708990269161863e-19,2.7838006835881095e-21,10.0,,1.3683607328474346e-07,3.770662255519641,15844215306234.205,3.55351020785882e-05,0.00219113137821764,3.55351020785882e-05,0.00219113137821764,0.02202764543339824,0.0022266664802962285,False,False,1.0,1.4336875494537404,1.1786615190183128e-08,0.20894813809364401,0.6911390601327746,1.0,1.6205071534133302,3.335346588016343e-07,0.26991792416489413,0.6049556414880728,0.19117438591763536,0.26929103245513686,0.006986973748473775,0.01952835557592008,True,AP3.8,119.0,8.3,6.863735268152632e+19,$(U_{0.8}Pu_{0.2})N$
RHO_1p7e13_AP3p8,rizk2025_refit_plot,rizk2025_refit_full,1725.0,1.1,17000000000000.0,2.84854894935463e+22,6.165111168320387e+25,2.095515589868071e+25,1.159338595395209e+23,6.332198655752812e+18,2.4147024225617653,95.78856161533245,0.6837380623791853,2.331224485878664,3.01496254825785,2.0847531461018263,5.099715694359676,2243233556725.728,5.6080838918143194e+17,310.74720003275837,0.5000000000000001,7147383.369107477,7144070.806642737,1.000463679959843,919387410.831599,919367943.3363866,23179172.92575746,23176044.848810576,1.0000211748684011,1.0001349702663802,0.03152244388979019,68.22398854045599,23.189270669462264,8.555218346191957,6.751278845928778,1.803939500263179,7.730986314623195e+24,6.100843047134236e+24,1.630143267488959e+24,9.036573938600132e+25,8.873559611851236e+25,1.0608160517680474,2.8223583859352884e+16,0.0018841341806733183,3.021847914133752e-07,7.86570585522629e-07,7.86570585522629e-07,0.025494413662223464,0.025494413662223464,3.590758109619874e+20,5.7280579638963374e-05,7.492536269461473e-18,5.026022153000994e-19,5.026022153000994e-18,4.994440127391286e-13,1.6472964643566316e+19,17000000000000.0,17000000000000.0,0.0,0.028631567818752354,0.0034079453595197593,1.2991154318247984e-05,4.627395059020491e-06,1.2991154318247984e-05,4.627395059020491e-06,3.7087239561063766e-29,1.3532639773233453e+19,7.72020490975351e+18,537.3928542642333,6.376494854712335e-20,-642275.6061979479,4.769228946455927e+21,5.065352809913082e+21,0.0,0.0,0.0,0.0,0.3333333333333333,0.3333333333333333,2.0,6.676249098204593e-18,4.979302940985348e-24,0.0,8.162871712568798e-19,,0.0,0.0,0.0,0.0,0.0,6.676249098204593e-18,8.162871712568798e-19,6.645684134063239e-07,17.0,1.2737311658084505e-16,4.994440127391286e-19,3.1582025609706965e-21,,,4.994440127391286e-19,3.1582025609706965e-21,10.0,,1.3683607328474346e-07,3.770662255519641,15786905166840.234,5.723406067172888e-05,0.0033507112988480307,5.723406067172888e-05,0.0033507112988480307,0.028631567818752354,0.0034079453595197593,False,False,1.0,1.426225297250035,1.2725031586585124e-08,0.20625892948118923,0.6949990164008348,1.0,1.6770429776869806,3.353141403126935e-07,0.2862913241380021,0.5822956219382713,0.18980016499885774,0.28566784943616375,0.006837380623791854,0.023312244858786642,True,AP3.8,119.0,8.3,6.863735268152632e+19,$(U_{0.8}Pu_{0.2})N$
RHO_1p7e13_AP3p8,rizk2025_refit_plot,rizk2025_refit_full,1750.0,1.1,17000000000000.0,2.0370559107510447e+22,5.878645358185504e+25,2.3304834503647746e+25,9.087229204369589e+22,6.207835154936047e+18,2.595766390870695,102.45214337481444,0.6657587862149497,2.7963525944328156,3.462111380647766,2.196202353398746,5.658313734046512,2021338572718.9111,5.0533464317972774e+17,327.35949256156255,0.5,6784907.904709453,6781535.438696684,1.0004973012444238,855257965.274782,855238748.6823682,21671276.64676386,21668653.54762053,1.0000224692724031,1.0001210550132968,0.022542347626346187,65.05391753698386,25.789458108786228,9.134082006603585,6.6657129465863765,2.4683690600172086,8.254080741391035e+24,6.023520789531193e+24,2.230559951859841e+24,9.036573938600132e+25,8.813517943414147e+25,1.0735847132502554,2.239493195965879e+16,0.0015482903923175696,2.663811361004894e-07,9.85046323703372e-07,9.85046323703372e-07,0.030889159167916416,0.030889159167916416,3.613921472623087e+20,6.287602762343387e-05,1.1625332016342075e-17,8.588030780930961e-19,8.588030780930961e-18,8.552344067970446e-13,1.6472964643566316e+19,17000000000000.0,17000000000000.0,0.0,0.037222354516519625,0.0052726280234755675,1.2651222344002018e-05,4.603562955196448e-06,1.2651222344002018e-05,4.603562955196448e-06,4.6469179955054e-29,1.4611745528672762e+19,9.521167245686534e+18,694.0822529833965,7.809985078884535e-20,-638787.0993588382,5.189002472561435e+21,5.520016803618837e+21,0.0,0.0,0.0,0.0,0.3333333333333333,0.3333333333333333,2.0,1.0809044845085196e-17,2.9228774848067563e-24,0.0,8.162871712568798e-19,,0.0,0.0,0.0,0.0,0.0,1.0809044845085196e-17,8.162871712568798e-19,2.514231404916419e-07,17.0,1.976306442778153e-16,8.552344067970446e-19,3.568671296051523e-21,,,8.552344067970446e-19,3.568671296051523e-21,10.0,,1.3683607328474346e-07,3.770662255519641,15727997702637.137,9.310273042245551e-05,0.005179525293053112,9.310273042245551e-05,0.005179525293053112,0.037222354516519625,0.0052726280234755675,False,False,1.0,1.4180631934760277,1.3801355973138967e-08,0.20329220974662804,0.6992624873999068,1.0,1.742167013546248,3.3753842391929157e-07,0.3041460876326807,0.5578483615362986,0.1881217321430372,0.30352698666105643,0.006657587862149497,0.027963525944328157,True,AP3.8,119.0,8.3,6.863735268152632e+19,$(U_{0.8}Pu_{0.2})N$
RHO_1p7e13_AP3p8,rizk2025_refit_plot,rizk2025_refit_full,1775.0,1.1,17000000000000.0,1.4529427721897822e+22,5.565010970366747e+25,2.590599785133359e+25,7.053781360637465e+22,6.058449746664147e+18,2.794335922538553,109.80753240655221,0.6446833366313458,3.360056001469469,4.004739338100815,2.318599698332089,6.323339036432904,1813561212454.6868,4.533903031136717e+17,345.60368243152345,0.5,6426997.320820753,6423542.667083306,1.0005378112852197,794483942.7663137,794464252.523802,20219591.159375362,20217192.312278323,1.0000247843026908,1.000118653819976,0.016078469363078766,61.583195226185815,28.667942106548757,9.732784197902353,6.582237741294223,3.1505464566081303,8.795102403278359e+24,5.948087803064957e+24,2.847014600213402e+24,9.036573938600132e+25,8.75187247857879e+25,1.0893576602092192,1.7719369642549054e+16,0.0012692163177645988,2.3386841969717823e-07,1.3218056808350858e-06,1.3218056808350858e-06,0.03756950536807697,0.03756950536807697,3.6670985913312595e+20,6.910716193261391e-05,1.8080532706453782e-17,1.4464755034747645e-18,1.4464755034747646e-17,1.4424583518951984e-12,1.6472964643566316e+19,17000000000000.0,17000000000000.0,0.0,0.04811553840921016,0.008177031855868403,1.2304423005771427e-05,4.580569161349841e-06,1.2304423005771427e-05,4.580569161349841e-06,6.241244415845146e-29,1.5788451306482635e+19,1.2524850733547485e+19,901.9620781543559,9.604179063378545e-20,-632402.55466594,5.646384819372768e+21,6.014668287053784e+21,0.0,0.0,0.0,0.0,0.3333333333333333,0.3333333333333333,2.0,1.7264245535196902e-17,1.713388417816599e-24,0.0,8.162871712568798e-19,,0.0,0.0,0.0,0.0,0.0,1.7264245535196902e-17,8.162871712568798e-19,9.47642663871851e-08,17.0,3.0736905600971428e-16,1.4424583518951983e-18,4.0171515795662504e-21,,,1.4424583518951983e-18,4.0171515795662504e-21,10.0,,1.3683607328474346e-07,3.770662255519641,15669483513980.656,0.00015144018396803663,0.008025591671900367,0.00015144018396803663,0.008025591671900367,0.04811553840921016,0.008177031855868403,False,False,1.0,1.4092324161987895,1.501741580382047e-08,0.20005217832000377,0.7039248640360387,1.0,1.8163683380057858,3.4029006409419134e-07,0.3233011050765913,0.5319446408129037,0.18611533070033454,0.32268752194048583,0.006446833366313458,0.03360056001469469,True,AP3.8,119.0,8.3,6.863735268152632e+19,$(U_{0.8}Pu_{0.2})N$
RHO_1p7e13_AP3p8,rizk2025_refit_plot,rizk2025_refit_full,1800.0,1.1,17000000000000.0,1.0375828686914458e+22,5.227444674626185e+25,2.8739834151766524e+25,5.436651381547309e+22,5.881068908964755e+18,3.008979215517785,117.89589740890219,0.6204083841603844,4.036834596529499,4.657242980689883,2.4531272797036543,7.1103702603935375,1620106650374.127,4.050266625935317e+17,365.65596982898364,0.5,6074826.197840168,6071280.611221221,1.000583993204398,737812635.3274975,737791736.3307486,18832552.53587926,18830171.77688806,1.0000283264174967,1.000126433206208,0.011482038167799014,57.84763905153169,31.803905271004343,10.336973639296174,6.5007457520757885,3.836227887220385,9.341082659286036e+24,5.874446964467359e+24,3.4666356948186775e+24,9.036573938600132e+25,8.689910369118266e+25,1.1087381901702191,1.4011292307068628e+16,0.0010411820529193953,2.046371368125267e-07,1.893735755419611e-06,1.893735755419611e-06,0.045800148498692704,0.045800148498692704,3.747288870293483e+20,7.606561145345689e-05,2.80344615729556e-17,2.4023187514376478e-18,2.4023187514376478e-17,2.3978131732901632e-12,1.6472964643566316e+19,17000000000000.0,17000000000000.0,0.0,0.06160728597913766,0.012644024606084927,1.1957580746482165e-05,4.5585540645581575e-06,1.1957580746482165e-05,4.5585540645581575e-06,8.955322435761933e-29,1.7051033816132325e+19,1.750225309420379e+19,1177.5792768966194,1.184057560447323e-19,-622262.2621248852,6.135123998950726e+21,6.542892110169114e+21,0.0,0.0,0.0,0.0,0.3333333333333333,0.3333333333333333,2.0,2.721817440169872e-17,1.0037403008245757e-24,0.0,8.162871712568798e-19,,0.0,0.0,0.0,0.0,0.0,2.721817440169872e-17,8.162871712568798e-19,3.580380162509945e-08,17.0,4.765858467402452e-16,2.397813173290163e-18,4.50557814748474e-21,,,2.397813173290163e-18,4.50557814748474e-21,10.0,,1.3683607328474346e-07,3.770662255519641,15613303567431.422,0.0002446957289343046,0.012399328877150622,0.0002446957289343046,0.012399328877150622,0.06160728597913766,0.012644024606084927,False,False,1.0,1.3997080414229304,1.6379325989139226e-08,0.1965217649434363,0.7090122668771334,1.0,1.9005177615935318,3.436772044113577e-07,0.3436484336683987,0.5048188008225757,0.18374938156156428,0.3430417546294857,0.006204083841603844,0.04036834596529499,True,AP3.8,119.0,8.3,6.863735268152632e+19,$(U_{0.8}Pu_{0.2})N$
RHO_1p7e13_AP3p4,rizk2025_refit_plot,rizk2025_refit_full,900.0,1.3,17000000000000.0,1.5871927837138622e+23,8.815283772803227e+25,1.1848111640643762e+25,4.280344485256713e+23,6.917453123479733e+18,1.6675421900390008,40.256479055030766,0.8313766526386132,0.18903498923138012,1.0204116418699931,0.056413903333703275,1.0768255452036963,8612355603943.764,2.1530889009859407e+18,59.58019331613513,0.07056784133507038,1338781327191.6233,37260704.88258711,35930.11273968867,1334559067.8458605,1331300649.0996659,166681027.3848277,55146402.569515616,1.002447545374817,3.0225185981028493,0.14861929838147914,82.5432992633768,11.094166110418493,6.213915327823247,6.213915327823247,0.0,6.636205172772568e+24,6.636205172772568e+24,0.0,1.0679587381981997e+26,1.0679587381981999e+26,1.0047416489778718,1.043196073778797e+17,0.004879486496522553,5.838571940705121e-07,1.5211701884091498e-07,1.5211701884091498e-07,0.002032087624507343,0.002032087624507343,1.704343753426946e+20,7.376658774332935e-06,8.917422879279335e-19,5.811156342883063e-25,5.8111563428830635e-24,5.119872410101689e-28,1.7995675661038836e+19,17000000000000.0,17000000000000.0,0.0,0.009003013738916174,0.00041850509863981605,1.6023159202191464e-05,5.594975295244376e-06,1.6023159202191464e-05,5.594975295244376e-06,1.1633223522786823e-29,5.553255099237425e+18,2.3617100868882493e+18,0.0002149304485253066,1.0948787528538182e-21,-148467.80002234728,2.1028925362413848e+21,0.0,0.0,0.0,0.0,0.0,0.3333333333333333,0.3333333333333333,2.0,2.4966082885114063e-31,1.092543251978497e-24,0.0,8.91742287927684e-19,,0.0,0.0,0.0,0.0,0.0,2.4966082885114063e-31,8.91742287927684e-19,1.2251782457431146e-06,17.0,1.515961889477487e-17,5.119872410101689e-34,5.811156337763191e-25,,,5.119872410101689e-34,5.811156337763191e-25,10.0,,1.3683607328474346e-07,3.770662255519641,16443068974122.691,3.136753058901494e-06,0.0004153683455809146,3.136753058901494e-06,0.0004153683455809146,0.009003013738916174,0.00041850509863981605,False,False,1.0,1.4885418976211828,8.23225836653971e-09,0.22806848641578698,0.6638287882773506,1.0,1.2253480918042214,3.2557794250474924e-07,0.1242881323359962,0.8145277744339288,0.2025812631334951,0.12364618818512023,0.008313766526386131,0.0018903498923138011,True,AP3.4,130.0,8.3,7.498198192099515e+19,$(U_{0.8}Pu_{0.2})N$
RHO_1p7e13_AP3p4,rizk2025_refit_plot,rizk2025_refit_full,925.0,1.3,17000000000000.0,1.5861465531715585e+23,8.810621303582791e+25,1.1898933638293606e+25,4.274617425803774e+23,6.911404707245666e+18,1.6696376671725615,41.76098238115352,0.8333982090426094,0.21084681885553602,1.0442450278981454,0.056389281961309004,1.1006343098594547,8612707312994.478,2.1531768282486195e+18,59.570713397327005,0.07054826766593994,518803159006.0674,37266634.44825581,13921.384817467706,1331675755.708495,1329629801.5122328,138517020.3343498,53159668.988100074,1.0015387397258508,2.605678759312011,0.14852133293535444,82.49964149783145,11.141754089084774,6.210083080148431,6.210083080148431,0.0,6.632112490381307e+24,6.632112490381307e+24,0.0,1.0679587381981997e+26,1.0679587381981999e+26,1.0052908245750127,1.0418216581773536e+17,0.004875517358622414,5.808552229058818e-07,1.7895997875781405e-07,1.7895997875781405e-07,0.002264719687187163,0.002264719687187163,1.993680783131698e+20,7.834839076814945e-06,8.917422879291166e-19,9.880133285659924e-25,9.880133285659924e-24,3.600113810511962e-27,1.7995675661038836e+19,17000000000000.0,17000000000000.0,0.0,0.009001000663923056,0.0004181058651138003,1.601730909943952e-05,5.562106652136552e-06,1.601730909943952e-05,5.562106652136552e-06,1.372406131465378e-29,5.736411252680756e+18,2.8549368623357665e+18,0.0005697036290618048,1.0946362173801285e-21,-148450.57726746623,2.1018095489505244e+21,0.0,0.0,0.0,0.0,0.0,0.3333333333333333,0.3333333333333333,2.0,1.4326320272288242e-30,7.793235501843722e-24,0.0,8.91742287927684e-19,,0.0,0.0,0.0,0.0,0.0,1.4326320272288242e-30,8.91742287927684e-19,8.739336024920236e-06,17.0,1.5159618894794982e-17,3.600113810511962e-33,9.880133249658786e-25,,,3.600113810511962e-33,9.880133249658786e-25,10.0,,1.3683607328474346e-07,3.770662255519641,16422760755867.658,3.2505254092530704e-06,0.00041485533970454726,3.2505254092530704e-06,0.00041485533970454726,0.009001000663923056,0.0004181058651138003,False,False,1.0,1.4889928347982144,8.235933593226859e-09,0.2282211289327746,0.6636117420790242,1.0,1.2353369264244023,3.256728788691829e-07,0.12887127785552774,0.8077632178240098,0.20274532754483626,0.12822981557984459,0.008333982090426094,0.00210846818855536,True,AP3.4,130.0,8.3,7.498198192099515e+19,$(U_{0.8}Pu_{0.2})N$
RHO_1p7e13_AP3p4,rizk2025_refit_plot,rizk2025_refit_full,950.0,1.3,17000000000000.0,1.585125750973466e+23,8.80613746483049e+25,1.194792876505857e+25,4.268970307414024e+23,6.904663175913471e+18,1.6717174638648349,43.32254274022512,0.8354113697980989,0.23516512889528823,1.070576498693387,0.05637959902742725,1.1269560977208144,8612836995587.169,2.1532092488967923e+18,59.56700448903442,0.07054054530628959,211481569550.82812,37268954.835703984,5674.4700913433435,1329303426.779399,1327975598.739989,117291870.69709162,51243529.57100838,1.0009998888840048,2.288910847457527,0.14842574851232562,82.45765636683412,11.187631448398884,6.206286436254688,6.206286436254688,0.0,6.628057831359158e+24,6.628057831359158e+24,0.0,1.0679587381981997e+26,1.0679587381981999e+26,1.0059036213067423,1.0404815377850456e+17,0.00487153640639147,5.779091010657414e-07,2.0732727406765038e-07,2.0732727406765038e-07,0.0025236762453543647,0.0025236762453543647,2.3069150438403142e+20,8.33971771355821e-06,8.917422879351825e-19,1.625942817432566e-24,1.625942817432566e-23,2.2845010932250072e-26,1.7995675661038836e+19,17000000000000.0,17000000000000.0,0.0,0.008999054120123492,0.0004176930328975254,1.6011506758326196e-05,5.530321826804901e-06,1.6011506758326196e-05,5.530321826804901e-06,1.5942203453747803e-29,5.923199985976003e+18,3.3785131793066383e+18,0.0014346137011269546,1.0946586838790792e-21,-148459.49560924136,2.1007528769758261e+21,0.0,0.0,0.0,0.0,0.0,0.3333333333333333,0.3333333333333333,2.0,7.498646671560408e-30,4.074114265943587e-23,0.0,8.91742287927684e-19,,0.0,0.0,0.0,0.0,0.0,7.498646671560408e-30,8.91742287927684e-19,4.568712643848196e-05,17.0,1.5159618894898104e-17,2.284501093225007e-32,1.6259427945875551e-24,,,2.284501093225007e-32,1.6259427945875551e-24,10.0,,1.3683607328474346e-07,3.770662255519641,16401760857381.965,3.368171600553067e-06,0.0004143248612969723,3.368171600553067e-06,0.0004143248612969723,0.008999054120123492,0.0004176930328975254,False,False,1.0,1.4894416241384176,8.239563970506529e-09,0.2283729734870882,0.6633958463512928,1.0,1.2458352764286005,3.257788256502458e-07,0.13362240980704204,0.8007592959057076,0.20290844713658795,0.1329814225649835,0.008354113697980989,0.002351651288952882,True,AP3.4,130.0,8.3,7.498198192099515e+19,$(U_{0.8}Pu_{0.2})N$
RHO_1p7e13_AP3p4,rizk2025_refit_plot,rizk2025_refit_full,975.0,1.3,17000000000000.0,1.5841255686833332e+23,8.801923787438938e+25,1.1994164379264014e+25,4.2634265729093935e+23,6.897281570882166e+18,1.6737924719574446,44.91604643258035,0.8374371592747185,0.26180089771714826,1.0992380569918667,0.05640321834911332,1.15564127534098,8612472332456.824,2.153118083114206e+18,59.57616235892612,0.07055924930278358,90327741972.11948,37263225.963183984,2424.0451447054843,1327218028.3053298,1326329301.388113,101005237.5802917,49425543.348572604,1.0006700650557043,2.043583757247834,0.14833209486688423,82.41820093432685,11.230924894626451,6.202542076179822,6.202542076179822,0.0,6.624059009298243e+24,6.624059009298243e+24,0.0,1.0679587381981997e+26,1.0679587381981997e+26,1.006575437167923,1.0391693337079064e+17,0.004867519891005053,5.75065936484068e-07,2.366083744497238e-07,2.366083744497238e-07,0.0028069309546740755,0.0028069309546740755,2.6394453741262632e+20,8.889953968642219e-06,8.91742287963739e-19,2.5973524524958523e-24,2.5973524524958523e-23,1.3186026336093777e-25,1.7995675661038836e+19,17000000000000.0,17000000000000.0,0.0,0.008997276500752526,0.00041727349119467257,1.6005721727579894e-05,5.500088615304164e-06,1.6005721727579894e-05,5.500088615304164e-06,1.8240217229242745e-29,6.113750712162876e+18,3.9208059328055567e+18,0.0034458753728023486,1.0952579416148903e-21,-148524.81467768128,2.0997177937745003e+21,0.0,0.0,0.0,0.0,0.0,0.3333333333333333,0.3333333333333333,2.0,3.605513394506346e-29,1.6237393506057197e-22,0.0,8.91742287927684e-19,,0.0,0.0,0.0,0.0,0.0,3.605513394506346e-29,8.91742287927684e-19,0.00018208616688050863,17.0,1.5159618895383565e-17,1.3186026336093777e-31,2.597352320635589e-24,,,1.3186026336093777e-31,2.597352320635589e-24,10.0,,1.3683607328474346e-07,3.770662255519641,16380419724529.646,3.4877282157715475e-06,0.00041378576297890104,3.4877282157715475e-06,0.00041378576297890104,0.008997276500752526,0.00041727349119467257,False,False,1.0,1.4898934421018883,8.243134128591569e-09,0.22852577134678004,0.6631786111399816,1.0,1.256686296045739,3.258949905373382e-07,0.13846416389073757,0.7936310941173584,0.20307232567875574,0.13782363834340292,0.008374371592747185,0.0026180089771714824,True,AP3.4,130.0,8.3,7.498198192099515e+19,$(U_{0.8}Pu_{0.2})N$
RHO_1p7e13_AP3p4,rizk2025_refit_plot,rizk2025_refit_full,1000.0,1.3,17000000000000.0,1.583142493213558e+23,8.798037692153169e+25,1.2037050747570336e+25,4.258005712110843e+23,6.889328613060335e+18,1.6758683026267367,46.51907584977854,0.8394880326025012,0.2905084339272849,1.1299964665297861,0.05649801890211686,1.1864944854319028,8611055413899.453,2.152763853474863e+18,59.61279085061198,0.07063441551279044,40282809690.490105,37240329.941325165,1081.6985175469333,1325298634.5306635,1324686430.6225004,88307735.65703383,47722358.182026714,1.0004621500560518,1.8504478617800673,0.14824004304553445,82.3818128685077,11.271082221658279,6.198864866788477,6.198864866788477,0.0,6.620131901396574e+24,6.620131901396574e+24,0.0,1.0679587381981997e+26,1.0679587381981997e+26,1.007300236240511,1.0378803833711416e+17,0.00486345860326688,5.72356340783118e-07,2.661140035158067e-07,2.661140035158067e-07,0.0031118812445887875,0.0031118812445887875,2.985941095993369e+20,9.483428225014656e-06,8.917422880879538e-19,4.0377712245259814e-24,4.0377712245259814e-23,6.972208708889678e-25,1.7995675661038836e+19,17000000000000.0,17000000000000.0,0.0,0.00899573660722457,0.0004168533343561394,1.5999938339703698e-05,5.471696747649982e-06,1.5999938339703698e-05,5.471696747649982e-06,2.0563989217620338e-29,6.307048678257915e+18,4.468625906699496e+18,0.007924035214810303,1.0970840248883575e-21,-148709.89870824383,2.0987008348025877e+21,0.0,0.0,0.0,0.0,0.0,0.3333333333333333,0.3333333333333333,2.0,1.6026995865756309e-28,5.104196168274582e-22,0.0,8.91742287927684e-19,,0.0,0.0,0.0,0.0,0.0,1.6026995865756309e-28,8.91742287927684e-19,0.0005723846717215622,17.0,1.5159618897495216e-17,6.972208708889678e-31,4.0377705273051104e-24,,,6.972208708889678e-31,4.0377705273051104e-24,10.0,,1.3683607328474346e-07,3.770662255519641,16359047365951.297,3.607458444042453e-06,0.00041324587591209694,3.607458444042453e-06,0.00041324587591209694,0.00899573660722457,0.0004168533343561394,False,False,1.0,1.490351374149638,8.246631150413488e-09,0.2286805638492772,0.6629585564335692,1.0,1.2677433942629015,3.2602033331064525e-07,0.14332768762089987,0.7864806464453168,0.20323796441447814,0.1426876049908614,0.008394880326025011,0.002905084339272849,True,AP3.4,130.0,8.3,7.498198192099515e+19,$(U_{0.8}Pu_{0.2})N$
RHO_1p7e13_AP3p4,rizk2025_refit_plot,rizk2025_refit_full,1025.0,1.3,17000000000000.0,1.5821736430309627e+23,8.794509751441607e+25,1.2076270697518266e+25,4.252721302460204e+23,6.880886095258114e+18,1.6779476827148718,48.112166893216006,0.8415710338070587,0.3209946024390774,1.162565636246136,0.05673921615582464,1.2193048524019607,8607489934021.704,2.1518724835054262e+18,59.70574364742522,0.07082552630128816,18697634113.781857,37182352.389906734,502.86313027514063,1323478106.9815974,1323044826.050895,78269786.20939991,46142174.492519654,1.0003274877178543,1.6962743318932363,0.1481493232313748,82.34877843950426,11.307806440062166,6.195265797202224,6.195265797202224,0.0,6.616288243582551e+24,6.616288243582551e+24,0.0,1.0679587381981997e+26,1.0679587381981999e+26,1.0080707702699132,1.0366108651810246e+17,0.004859351552715971,5.697983780933819e-07,2.950959932241403e-07,2.950959932241403e-07,0.003435441489986972,0.003435441489986972,3.340478493428551e+20,1.0118991565377067e-05,8.917422885901033e-19,6.1223709373710644e-24,6.122370937371064e-23,3.398959714178951e-24,1.7995675661038836e+19,17000000000000.0,17000000000000.0,0.0,0.008994477040466155,0.00041643779033636365,1.5994148994669405e-05,5.4452964858854646e-06,1.5994148994669405e-05,5.4452964858854646e-06,2.2854342967496988e-29,6.501495094664978e+18,5.007665367925427e+18,0.01750607832369429,1.1014327809688184e-21,-149141.08251213754,2.0976991311937332e+21,0.0,0.0,0.0,0.0,0.0,0.3333333333333333,0.3333333333333333,2.0,6.624193185834588e-28,1.30323517274453e-21,0.0,8.91742287927684e-19,,0.0,0.0,0.0,0.0,0.0,6.624193185834588e-28,8.91742287927684e-19,0.0014614482114614314,17.0,1.5159618906031757e-17,3.398959714178951e-30,6.1223675384113506e-24,,,3.398959714178951e-30,6.1223675384113506e-24,10.0,,1.3683607328474346e-07,3.770662255519641,16337909710320.3,3.7258724854346357e-06,0.000412711917850929,3.7258724854346357e-06,0.000412711917850929,0.008994477040466155,0.00041643779033636365,False,False,1.0,1.4908171673706319,8.250045864669542e-09,0.22883793824835236,0.6627348481265539,1.0,1.278872856763978,3.26153604027047e-07,0.14815343802128328,0.7793957855561048,0.20340592204459856,0.1475137748221879,0.008415710338070587,0.003209946024390774,True,AP3.4,130.0,8.3,7.498198192099515e+19,$(U_{0.8}Pu_{0.2})N$
RHO_1p7e13_AP3p4,rizk2025_refit_plot,rizk2025_refit_full,1050.0,1.3,17000000000000.0,1.581216503570579e+23,8.791350648661774e+25,1.2111710424596604e+25,4.247581182192763e+23,6.872045960263306e+18,1.680031746607859,49.67878620473902,0.8436897301422372,0.35292920139488027,1.1966189315371174,0.05727087570203829,1.2538898072391558,8599717187270.306,2.1499292968175764e+18,59.90968839346345,0.07124581414387225,9006704373.452644,37055776.111201026,243.0580416511677,1321718212.9018207,1321403601.1416974,70238201.51863195,44687082.145099334,1.0002380890742628,1.5717786471394108,0.14805969996915042,82.3191976826188,11.340990987190017,6.1917516302220434,6.1917516302220434,0.0,6.61253525824858e+24,6.61253525824858e+24,0.0,1.0679587381981997e+26,1.0679587381981999e+26,1.0088788300218536,1.0353574497098155e+17,0.004855202261650877,5.674011780074798e-07,3.227732410803819e-07,3.227732410803819e-07,0.003774147100661182,0.003774147100661182,3.696708430767579e+20,1.0795541632819915e-05,8.917422904866655e-19,9.072820167908718e-24,9.072820167908718e-23,1.5366002896313798e-23,1.7995675661038836e+19,17000000000000.0,17000000000000.0,0.0,0.008993520735395673,0.00041603122921244745,1.5988350544064452e-05,5.420935943994002e-06,1.5988350544064452e-05,5.420935943994002e-06,2.5049147275590824e-29,6.695506433171869e+18,5.523033428954745e+18,0.03728361075134562,1.1107879796164832e-21,-150059.59221446037,2.0967101497418659e+21,0.0,0.0,0.0,0.0,0.0,0.3333333333333333,0.3333333333333333,2.0,2.558981501392922e-27,2.7724222720096643e-21,0.0,8.91742287927684e-19,,0.0,0.0,0.0,0.0,0.0,2.558981501392922e-27,8.91742287927684e-19,0.003108994943479269,17.0,1.5159618938273313e-17,1.5366002896313797e-29,9.072804801905822e-24,,,1.5366002896313797e-29,9.072804801905822e-24,10.0,,1.3683607328474346e-07,3.770662255519641,16317229027620.844,3.841725186060022e-06,0.00041218950402638745,3.841725186060022e-06,0.00041218950402638745,0.008993520735395673,0.00041603122921244745,False,False,1.0,1.4912916987713454,8.253372769049649e-09,0.22899818685407228,0.6625070715952424,1.0,1.2899549028548218,3.26293386345376e-07,0.15289110484356694,0.7724503102653751,0.20357647379397725,0.15225183342600931,0.008436897301422372,0.0035292920139488025,True,AP3.4,130.0,8.3,7.498198192099515e+19,$(U_{0.8}Pu_{0.2})N$
RHO_1p7e13_AP3p4,rizk2025_refit_plot,rizk2025_refit_full,1075.0,1.3,17000000000000.0,1.5802688256773977e+23,8.788557087990052e+25,1.2143399934815879e+25,4.242588414838356e+23,6.862907092214751e+18,1.6821207520884809,51.2051734909483,0.8458454491759029,0.385956406951647,1.2318018561275499,0.058359750501474836,1.2901616066290247,8584034855183.35,2.1460087137958372e+18,60.32367996521051,0.0721021458232702,4490620811.354115,36801468.366656415,122.02287057172954,1319996684.0718179,1319762565.9416552,63745366.18380836,43354994.20566238,1.0001773941284626,1.4703119525612323,0.14797096265568638,82.29303973688735,11.370663959642808,6.188325340814157,6.188325340814157,0.0,6.608876122535832e+24,6.608876122535832e+24,0.0,1.0679587381981997e+26,1.0679587381981997e+26,1.009715525289554,1.0341171668957187e+17,0.004851016556493917,5.651678431036767e-07,3.4836346541337177e-07,3.4836346541337177e-07,0.004124269513408024,0.004124269513408024,4.0480565058009026e+20,1.151198270612882e-05,8.917422972109765e-19,1.3164266191182678e-23,1.3164266191182677e-22,6.475908336901747e-23,1.7995675661038836e+19,17000000000000.0,17000000000000.0,0.0,0.008992876402282628,0.0004156372123883022,1.5982542289562868e-05,5.3985923923775935e-06,1.5982542289562868e-05,5.3985923923775935e-06,2.708588693562276e-29,6.8879246367337e+18,5.999883577384716e+18,0.07682421930213652,1.1297445987583998e-21,-151906.19838857514,2.0957316038235773e+21,0.0,0.0,0.0,0.0,0.0,0.3333333333333333,0.3333333333333333,2.0,9.283292620781236e-27,5.0239680634734576e-21,0.0,8.91742287927684e-19,,0.0,0.0,0.0,0.0,0.0,9.283292620781236e-27,8.91742287927684e-19,0.005633878845027849,17.0,1.51596190525866e-17,6.475908336901747e-29,1.3164201432099309e-23,,,6.475908336901747e-29,1.3164201432099309e-23,10.0,,1.3683607328474346e-07,3.770662255519641,16297186392722.672,3.954002235070597e-06,0.0004116832101532316,3.954002235070597e-06,0.0004116832101532316,0.008992876402282628,0.0004156372123883022,False,False,1.0,1.491775279441429,8.256609437079101e-09,0.22916141035952153,0.6622750846931258,1.0,1.300883947478321,3.2643814580313123e-07,0.15749910631244385,0.7657047994654674,0.2037497130075597,0.1568601953614791,0.008458454491759028,0.00385956406951647,True,AP3.4,130.0,8.3,7.498198192099515e+19,$(U_{0.8}Pu_{0.2})N$
RHO_1p7e13_AP3p4,rizk2025_refit_plot,rizk2025_refit_full,1100.0,1.3,17000000000000.0,1.5793285841805162e+23,8.786116429691106e+25,1.217146591573465e+25,4.237742391634559e+23,6.853571871080013e+18,1.6842144870127302,52.6801397992824,0.8480380879465063,0.41970712037140356,1.2677452083179097,0.06048448068270705,1.3282296890006169,8554025450532.507,2.1385063626331267e+18,61.11835385307027,0.07375558265533906,2311775252.444055,36322967.816458605,63.64499905749847,1318300293.774019,1318121900.220432,58450574.980788045,42141118.23655868,1.0001353391924959,1.3870200276289872,0.14788292166091277,82.27018624815554,11.396943983313127,6.1849868468704345,6.1849868468704345,0.0,6.60531074875621e+24,6.60531074875621e+24,0.0,1.0679587381981997e+26,1.0679587381981999e+26,1.0105715902386083,1.0328873563467323e+17,0.004846801233611366,5.63097581192786e-07,3.711199247948827e-07,3.711199247948827e-07,0.004481941107074753,0.004481941107074753,4.38795231595521e+20,1.2266132317048413e-05,8.91742319689036e-19,1.8732291689893137e-23,1.8732291689893138e-22,2.556484784617257e-22,1.7995675661038836e+19,17000000000000.0,17000000000000.0,0.0,0.008992542817675057,0.00041525855848957224,1.597672484581507e-05,5.3781963556777035e-06,1.597672484581507e-05,5.3781963556777035e-06,2.890462857690588e-29,7.078142737618276e+18,6.424118575557958e+18,0.15377949532039537,1.1665367439576083e-21,-155446.30377024773,2.0947614289168077e+21,0.0,0.0,0.0,0.0,0.0,0.3333333333333333,0.3333333333333333,2.0,3.1761352235744896e-26,7.906038402206534e-21,0.0,8.91742287927684e-19,,0.0,0.0,0.0,0.0,0.0,3.1761352235744896e-26,8.91742287927684e-19,0.00886583290671176,17.0,1.5159619434713612e-17,2.556484784617257e-28,1.8732036041414675e-23,,,2.556484784617257e-28,1.8732036041414675e-23,10.0,,1.3683607328474346e-07,3.770662255519641,16277924917869.879,4.061902069505297e-06,0.00041119665642006697,4.061902069505297e-06,0.00041119665642006697,0.008992542817675057,0.00041525855848957224,False,False,1.0,1.4922678562307468,8.259755827443956e-09,0.22932758632258712,0.6620389203271569,1.0,1.3115685576929155,3.265862824819101e-07,0.16194393758545625,0.7592076514324642,0.20392561750152097,0.16130535267670562,0.008480380879465062,0.004197071203714035,True,AP3.4,130.0,8.3,7.498198192099515e+19,$(U_{0.8}Pu_{0.2})N$
RHO_1p7e13_AP3p4,rizk2025_refit_plot,rizk2025_refit_full,1125.0,1.3,17000000000000.0,1.5783939480129812e+23,8.784010113988278e+25,1.2196096670658715e+25,4.2330397798472293e+23,6.844142554593299e+18,1.686312507588473,54.09487294935905,0.8502666455007727,0.45381199561885033,1.304078641119623,0.06447913188683844,1.3685577730064613,8499085361472.485,2.1247713403681213e+18,62.569522313017885,0.07680313238807358,1226059206.6614738,35480532.98048144,34.55582832805679,1316621053.38667,1316481962.8686333,54101401.83940401,41039009.409972265,1.000105653189303,1.3182920985967477,0.14779540552998885,82.25046342902883,11.420007378969798,6.181733786471398,6.181733786471398,0.0,6.601836614477174e+24,6.601836614477174e+24,0.0,1.0679587381981997e+26,1.0679587381981997e+26,1.011437709169675,1.0316656438286933e+17,0.004842563228627087,5.611871423364218e-07,3.9037174359528866e-07,3.9037174359528866e-07,0.004843288295751718,0.004843288295751718,4.7100809456824635e+20,1.305612825653034e-05,8.917423908131057e-19,2.617975259794079e-23,2.617975259794079e-22,9.494708146321283e-22,1.7995675661038836e+19,17000000000000.0,17000000000000.0,0.0,0.008992512087480323,0.0004148974144060704,1.5970899473531554e-05,5.359649057096578e-06,1.5970899473531554e-05,5.359649057096578e-06,3.045127344947216e-29,7.266019478418745e+18,6.783148245706165e+18,0.30050071655437033,1.2354916436155945e-21,-161928.60201032457,2.0937977845249915e+21,0.0,0.0,0.0,0.0,0.0,0.3333333333333333,0.3333333333333333,2.0,1.028854216590493e-25,1.098777627543975e-20,0.0,8.91742287927684e-19,,0.0,0.0,0.0,0.0,0.0,1.028854216590493e-25,8.91742287927684e-19,0.012321693337266282,17.0,1.5159620643822797e-17,9.494708146321284e-28,2.617880312712616e-23,,,9.494708146321284e-28,2.617880312712616e-23,10.0,,1.3683607328474346e-07,3.770662255519641,16259553025205.496,4.164817601602434e-06,0.00041073259680446796,4.164817601602434e-06,0.00041073259680446796,0.008992512087480323,0.0004148974144060704,False,False,1.0,1.4927691458419323,8.262813685311437e-09,0.22949661467831386,0.6617987217153651,1.0,1.3219313844753093,3.26736187221542e-07,0.16619953062915999,0.7529961093725631,0.20410409315827127,0.16556123491905864,0.008502666455007727,0.0045381199561885036,True,AP3.4,130.0,8.3,7.498198192099515e+19,$(U_{0.8}Pu_{0.2})N$
RHO_1p7e13_AP3p4,rizk2025_refit_plot,rizk2025_refit_full,1150.0,1.3,17000000000000.0,1.5774632255879432e+23,8.78221605462951e+25,1.2217517415539487e+25,4.228475193112292e+23,6.834717553432212e+18,1.688414287254145,55.44277651763454,0.8525295707222106,0.487914915625537,1.3404444863477476,0.07175629979404151,1.4122007861417891,8403075616879.619,2.1007689042199048e+18,65.08602727321116,0.08216651408099358,668603234.1866858,34108703.40389838,19.602129880735053,1314954063.7344718,1314843173.7155983,50507771.56524719,40041284.71621349,1.0000843370685495,1.2613923834665481,0.14770825586851333,82.23366447140434,11.440065031119273,6.178562241607887,6.178562241607887,0.0,6.598449535426599e+24,6.598449535426599e+24,0.0,1.0679587381981997e+26,1.0679587381981999e+26,1.0123048572741027,1.0304499140463221e+17,0.0048383090447739596,5.594316917560164e-07,4.055657411732312e-07,4.055657411732312e-07,0.005204570742089585,0.005204570742089585,5.008646442652826e+20,1.3878959150039222e-05,8.917426046035813e-19,3.5983582073279434e-23,3.5983582073279434e-22,3.330768464716398e-21,1.7995675661038836e+19,17000000000000.0,17000000000000.0,0.0,0.008992772150060535,0.00041455533092797246,1.5965067662602345e-05,5.342834391587446e-06,1.5965067662602345e-05,5.342834391587446e-06,3.1680930044471456e-29,7.451714108939748e+18,7.066662095859607e+18,0.5766767366080192,1.3608519457961399e-21,-173229.76993958157,2.092839073796468e+21,0.0,0.0,0.0,0.0,0.0,0.3333333333333333,0.3333333333333333,2.0,3.1667589742037936e-25,1.3686836891524853e-20,0.0,8.91742287927684e-19,,0.0,0.0,0.0,0.0,0.0,3.1667589742037936e-25,8.91742287927684e-19,0.015348416483486569,17.0,1.515962427826088e-17,3.330768464716398e-27,3.5980251304814716e-23,,,3.330768464716398e-27,3.5980251304814716e-23,10.0,,1.3683607328474346e-07,3.770662255519641,16242147370720.541,4.2623200257112865e-06,0.0004102930109022612,4.2623200257112865e-06,0.0004102930109022612,0.008992772150060535,0.00041455533092797246,False,False,1.0,1.4932787227396391,8.265786118007183e-09,0.22966834756399224,0.6615546999626764,1.0,1.331909219668931,3.268863004560614e-07,0.17024670825647326,0.7470971479462819,0.20428500235127667,0.16960866335128416,0.008525295707222106,0.00487914915625537,True,AP3.4,130.0,8.3,7.498198192099515e+19,$(U_{0.8}Pu_{0.2})N$
RHO_1p7e13_AP3p4,rizk2025_refit_plot,rizk2025_refit_full,1175.0,1.3,17000000000000.0,1.5765347293909292e+23,8.780710199733965e+25,1.22359739737739e+25,4.224041503202637e+23,6.825387653303107e+18,1.6905193270311676,56.719355085715314,0.8548249838338188,0.5216867233390914,1.3765117071729103,0.08463350298485849,1.4611452101577687,8244104804743.886,2.0610262011859712e+18,69.20648309571902,0.09114191036118616,374423091.7451392,32077919.59215054,11.672299715994065,1313296257.5070887,1313205927.0204787,47524223.704153925,39140078.314450085,1.0000687862312767,1.2142087024544483,0.14762131466340828,82.21956416170431,11.457347120374473,6.17546740325781,6.17546740325781,0.0,6.595144375767323e+24,6.595144375767323e+24,0.0,1.0679587381981997e+26,1.0679587381981997e+26,1.0131646516380786,1.0292382492009134e+17,0.004834044236047487,5.578252475021384e-07,4.163064887848809e-07,4.163064887848809e-07,0.005562324817245107,0.005562324817245107,5.278632209352655e+20,1.4731909914086218e-05,8.917432171060875e-19,4.870212253929045e-23,4.870212253929045e-22,1.1076769180051558e-20,1.7995675661038836e+19,17000000000000.0,17000000000000.0,0.0,0.008993308960279852,0.00041423335619457044,1.5959230823894867e-05,5.327626668827178e-06,1.5959230823894867e-05,5.327626668827178e-06,3.256114642563744e-29,7.635534406458406e+18,7.267357675558106e+18,1.0943178358164,1.5826221843879826e-21,-191843.33451080346,2.0918839897039695e+21,0.0,0.0,0.0,0.0,0.0,0.3333333333333333,0.3333333333333333,2.0,9.291784035179553e-25,1.5479505732971513e-20,0.0,8.91742287927684e-19,,0.0,0.0,0.0,0.0,0.0,9.291784035179553e-25,8.91742287927684e-19,0.017358703084062788,17.0,1.5159634690803488e-17,1.1076769180051557e-26,4.86910457701104e-23,,,1.1076769180051557e-26,4.86910457701104e-23,10.0,,1.3683607328474346e-07,3.770662255519641,16225755219457.715,4.354146023171108e-06,0.0004098792101713993,4.354146023171108e-06,0.0004098792101713993,0.008993308960279852,0.00041423335619457044,False,False,1.0,1.4937960744400365,8.268677399991622e-09,0.22984260807399803,0.6613071073841406,1.0,1.3414532568221933,3.270351728642532e-07,0.17407277312493177,0.7415281586137278,0.20446818201926004,0.1734349401401503,0.008548249838338188,0.005216867233390913,True,AP3.4,130.0,8.3,7.498198192099515e+19,$(U_{0.8}Pu_{0.2})N$
RHO_1p7e13_AP3p4,rizk2025_refit_plot,rizk2025_refit_full,1200.0,1.3,17000000000000.0,1.575606441193723e+23,8.7794674183967e+25,1.2251723208941685e+25,4.219729649712057e+23,6.816232214747728e+18,1.6926272725900122,57.92215186295116,0.8571508088714909,0.554839089837631,1.4119898987091217,0.10675082689627652,1.5187407256053984,7997084834197.448,1.999271208549362e+18,75.53710868025148,0.10532548823105266,215328169.96699625,29389528.3892485,7.326697016539034,1311645615.9722488,1311570501.04895,45037542.44885058,38327305.33307383,1.000057270976466,1.175077195160555,0.14753439293469317,82.2079271827386,11.472094164997523,6.172444259329201,6.172444259329201,0.0,6.591915782791935e+24,6.591915782791935e+24,0.0,1.0679587381981997e+26,1.0679587381981999e+26,1.0140097094102813,1.0280287771906648e+17,0.004829772690249037,5.563607842838033e-07,4.223895324691504e-07,4.223895324691504e-07,0.005913510016185552,0.005913510016185552,5.516034692001079e+20,1.561224111913281e-05,8.917448947096045e-19,6.498475563709372e-23,6.498475563709372e-22,3.503783313863259e-20,1.7995675661038836e+19,17000000000000.0,17000000000000.0,0.0,0.008994109122711966,0.0004139321844906861,1.5953389964211572e-05,5.3138951901745334e-06,1.5953389964211572e-05,5.3138951901745334e-06,3.307460079904132e-29,7.817833022840386e+18,7.381533531281787e+18,2.067444896053884,1.9654332898143977e-21,-220471.2805530054,2.0909316216628896e+21,0.0,0.0,0.0,0.0,0.0,0.3333333333333333,0.3333333333333333,2.0,2.6067819204802983e-24,1.6077228463606983e-20,0.0,8.91742287927684e-19,,0.0,0.0,0.0,0.0,0.0,2.6067819204802983e-24,8.91742287927684e-19,0.018028954871496642,17.0,1.5159663210063277e-17,3.503783313863259e-26,6.494971780395508e-23,,,3.503783313863259e-26,6.494971780395508e-23,10.0,,1.3683607328474346e-07,3.770662255519641,16210396164567.773,4.440189429975226e-06,0.0004094919950607109,4.440189429975226e-06,0.0004094919950607109,0.008994109122711966,0.0004139321844906861,False,False,1.0,1.4943206323252165,8.271493103566576e-09,0.2300192007216055,0.661056222622045,1.0,1.350529602623773,3.2718152732016377e-07,0.17767125215281185,0.7362974025388963,0.20465345447268962,0.17703359293426477,0.008571508088714909,0.005548390898376309,True,AP3.4,130.0,8.3,7.498198192099515e+19,$(U_{0.8}Pu_{0.2})N$
RHO_1p7e13_AP3p4,rizk2025_refit_plot,rizk2025_refit_full,1225.0,1.3,17000000000000.0,1.5746752191636507e+23,8.778461795526779e+25,1.226502917490538e+25,4.2155276037980755e+23,6.807315355700194e+18,1.6947381004501776,59.05074169465993,0.8595048395610874,0.5871384879227205,1.4466433274838078,0.14345035825845454,1.5900936857422623,7640613320660.977,1.9101533301652442e+18,84.63272304996109,0.1263240128921507,127433475.11701861,26230988.67667854,4.858127030122858,1310000606.3951702,1309936915.5684266,42957952.80213817,37594786.04822941,1.0000486212931223,1.1426571957884928,0.14744719649191265,82.19851087446796,11.484553415985202,6.169488513054936,6.169488513054936,0.0,6.588759167730437e+24,6.588759167730437e+24,0.0,1.0679587381981997e+26,1.0679587381981997e+26,1.014834012006512,1.0268193101909707e+17,0.004825495268708201,5.550300650414454e-07,4.2382023598689624e-07,4.2382023598689624e-07,0.0062556577062320776,0.0062556577062320776,5.718031334580048e+20,1.651795623779977e-05,8.917492996442252e-19,8.558853045768944e-23,8.558853045768945e-22,1.057421518979397e-19,1.7995675661038836e+19,17000000000000.0,17000000000000.0,0.0,0.00899516444266983,0.00041365244693021596,1.5947545171689088e-05,5.301506492142041e-06,1.5947545171689088e-05,5.301506492142041e-06,3.32206523647942e-29,7.998951014353424e+18,7.409410928879614e+18,3.9080275114081804,2.6119134290458253e-21,-261051.9778873301,2.0899816980938563e+21,0.0,0.0,0.0,0.0,0.0,0.3333333333333333,0.3333333333333333,2.0,7.011716541319382e-24,1.5488742654515037e-20,0.0,8.91742287927684e-19,,0.0,0.0,0.0,0.0,0.0,7.011716541319382e-24,8.91742287927684e-19,0.017368942886408174,17.0,1.5159738093951828e-17,1.057421518979397e-25,8.54827883057915e-23,,,1.057421518979397e-25,8.54827883057915e-23,10.0,,1.3683607328474346e-07,3.770662255519641,16196063128971.275,4.520498751871213e-06,0.00040913194817834473,4.520498751871213e-06,0.00040913194817834473,0.00899516444266983,0.00041365244693021596,False,False,1.0,1.494851781378625,8.274240783592442e-09,0.23019791477836887,0.6608023458877259,1.0,1.359120072052841,3.2732432197991383e-07,0.18104180708879983,0.7314042148044276,0.2048406327975154,0.18040428551326007,0.008595048395610873,0.005871384879227205,True,AP3.4,130.0,8.3,7.498198192099515e+19,$(U_{0.8}Pu_{0.2})N$
RHO_1p7e13_AP3p4,rizk2025_refit_plot,rizk2025_refit_full,1250.0,1.3,17000000000000.0,1.5737349989543e+23,8.777666298697217e+25,1.2276164927598903e+25,4.211417708471421e+23,6.798682111796679e+18,1.6968524865314967,60.10677914041456,0.8618847486799556,0.6184202677331498,1.4803050164131055,0.2017676042279315,1.682072620641037,7167410892828.04,1.79185272320701e+18,96.86723146456161,0.1552376788229447,77959223.37623242,22917966.854582563,3.4016640250373724,1308359640.4083996,1308304650.8879857,41212724.783546366,36934269.84024366,1.0000420311281295,1.115839705558248,0.14735915749043055,82.19106211450084,11.494980553565734,6.166598174443018,6.166598174443018,0.0,6.585672405353486e+24,6.585672405353486e+24,0.0,1.0679587381981997e+26,1.0679587381981999e+26,1.0156332747736279,1.0256065226905008e+17,0.004821206926163299,5.538232117034898e-07,4.208077524121926e-07,4.208077524121926e-07,0.006587021596364469,0.006587021596364469,5.883017184462541e+20,1.7446894439805267e-05,8.917604161498658e-19,1.114133094756206e-22,1.114133094756206e-21,3.0533079764031823e-19,1.7995675661038836e+19,17000000000000.0,17000000000000.0,0.0,0.008996481327162964,0.0004133953302377191,1.594169459925931e-05,5.290324896185865e-06,1.594169459925931e-05,5.290324896185865e-06,3.3014921447396396e-29,8.17919499996946e+18,7.35499533983172e+18,7.399654321228162,3.6821213955087746e-21,-313514.15134257264,2.0890351283273455e+21,0.0,0.0,0.0,0.0,0.0,0.3333333333333333,0.3333333333333333,2.0,1.8128222181985484e-23,1.3964045536228772e-20,0.0,8.91742287927684e-19,,0.0,0.0,0.0,0.0,0.0,1.8128222181985484e-23,8.91742287927684e-19,0.015658965438853957,17.0,1.515992707454772e-17,3.0533079764031822e-25,1.111079786779803e-22,,,3.0533079764031822e-25,1.111079786779803e-22,10.0,,1.3683607328474346e-07,3.770662255519641,16182722636894.744,4.595282844431627e-06,0.0004088000473932875,4.595282844431627e-06,0.0004088000473932875,0.008996481327162964,0.0004133953302377191,False,False,1.0,1.4953888466820329,8.27693173068022e-09,0.2303785197907538,0.6605458053170272,1.0,1.3672232805055176,3.274628144580379e-07,0.18419031160871066,0.7268389593714255,0.2050295217194662,0.1835528948116127,0.008618847486799556,0.006184202677331499,True,AP3.4,130.0,8.3,7.498198192099515e+19,$(U_{0.8}Pu_{0.2})N$
RHO_1p7e13_AP3p4,rizk2025_refit_plot,rizk2025_refit_full,1275.0,1.3,17000000000000.0,1.5727728704589247e+23,8.777051588735164e+25,1.2285421428274199e+25,4.207370757131545e+23,6.790354620002234e+18,1.698972579464753,61.09409210180031,0.8642880380897286,0.6486026379497942,1.5128906760395229,0.28946198708759785,1.8023526631271207,6593765554594.895,1.6484413886487237e+18,112.33105947720591,0.19204998369819226,49623855.33644789,19763011.31968296,2.5109460564354906,1306720320.5511832,1306672059.8277063,39741449.07800293,36337392.432329506,1.0000369340747082,1.0936791667705035,0.14726906707204993,82.1853061808672,11.50364802389414,6.163776728166616,6.163776728166616,0.0,6.582659217148247e+24,6.582659217148247e+24,0.0,1.0679587381981997e+26,1.0679587381981997e+26,1.0164053165053901,1.0243841587215781e+17,0.004816890549576187,5.527279606275504e-07,4.1372129817739736e-07,4.1372129817739736e-07,0.006906726894177454,0.006906726894177454,6.010402113602691e+20,1.8399191057256934e-05,8.917874431930528e-19,1.435821826587309e-22,1.4358218265873088e-21,8.457331924393166e-19,1.7995675661038836e+19,17000000000000.0,17000000000000.0,0.0,0.008998100889828739,0.0004131639072115245,1.5935832333738237e-05,5.280211917365745e-06,1.5935832333738237e-05,5.280211917365745e-06,3.2485882466588757e-29,8.358834931208847e+18,7.225246566952959e+18,13.976872635256562,5.4174251391583496e-21,-375154.6362758192,2.0880951819158013e+21,0.0,0.0,0.0,0.0,0.0,0.3333333333333333,0.3333333333333333,2.0,4.5155265368944576e-23,1.1873807076397107e-20,0.0,8.91742287927684e-19,,0.0,0.0,0.0,0.0,0.0,4.5155265368944576e-23,8.91742287927684e-19,0.01331461568227832,17.0,1.5160386534281898e-17,8.457331924393166e-25,1.4273644946629156e-22,,,8.457331924393166e-25,1.4273644946629156e-22,10.0,,1.3683607328474346e-07,3.770662255519641,16170314464426.69,4.66492880584816e-06,0.00040849897840567633,4.66492880584816e-06,0.00040849897840567633,0.008998100889828739,0.0004131639072115245,False,False,1.0,1.4959310462641013,8.279584876943388e-09,0.2305607498061157,0.660286979358022,1.0,1.3748559776875573,3.27596626210058e-07,0.18712906748283276,0.7225827749907221,0.20521991376238852,0.18649172677829318,0.008642880380897286,0.006486026379497942,True,AP3.4,130.0,8.3,7.498198192099515e+19,$(U_{0.8}Pu_{0.2})N$
RHO_1p7e13_AP3p4,rizk2025_refit_plot,rizk2025_refit_full,1300.0,1.3,17000000000000.0,1.5717608289202125e+23,8.776583420709245e+25,1.2293127376664464e+25,4.20333353537468e+23,6.782328598078577e+18,1.7011036150416754,62.01878410984385,0.8667119100860934,0.6776995217009119,1.5444114317870052,0.4125504289381742,1.9569618607251795,5961474071404.401,1.4903685178511002e+18,130.733926082107,0.23518592640277697,33115107.14671508,16981055.08286913,1.9501207071710367,1305078108.5377517,1305035143.2858558,38492562.16483086,35795606.63537152,1.0000329226780726,1.0753431994303553,0.14717430296717265,82.18092241575368,11.51086361014728,6.161039671131845,6.161039671131845,0.0,6.579736153171017e+24,6.579736153171017e+24,0.0,1.0679587381981997e+26,1.0679587381981995e+26,1.017150401782321,1.0231392671054578e+17,0.004812504049726443,5.517284576507017e-07,4.0299717159400086e-07,4.0299717159400086e-07,0.007214905760434979,0.007214905760434979,6.100000817560098e+20,1.9378746720493462e-05,8.918508847779603e-19,1.836266039909085e-22,1.836266039909085e-21,2.2525702314749626e-18,1.7995675661038836e+19,17000000000000.0,17000000000000.0,0.0,0.009000141209577003,0.0004129659407034137,1.5929943950625967e-05,5.2710252066735015e-06,1.5929943950625967e-05,5.2710252066735015e-06,3.166755099377864e-29,8.538114350450763e+18,7.028350057025418e+18,26.070520874892573,8.155034161193477e-21,-441442.1370422754,2.0871699682556945e+21,0.0,0.0,0.0,0.0,0.0,0.3333333333333333,0.3333333333333333,2.0,1.085968502764781e-22,9.588632660122313e-21,0.0,8.91742287927684e-19,,0.0,0.0,0.0,0.0,0.0,1.085968502764781e-22,8.91742287927684e-19,0.010751385488067937,17.0,1.5161465041225326e-17,2.2525702314749626e-24,1.8137403375943355e-22,,,2.2525702314749626e-24,1.8137403375943355e-22,10.0,,1.3683607328474346e-07,3.770662255519641,16158751124221.457,4.730038855323429e-06,0.0004082359018480903,4.730038855323429e-06,0.0004082359018480903,0.009000141209577003,0.0004129659407034137,False,False,1.0,1.4964773861075116,8.282235024442452e-09,0.23074426822836405,0.6600263466551554,1.0,1.3820543537314534,3.277258025726647e-07,0.1898770507506782,0.7186072704794102,0.20541157923220196,0.189239761940077,0.008667119100860933,0.006776995217009118,True,AP3.4,130.0,8.3,7.498198192099515e+19,$(U_{0.8}Pu_{0.2})N$
RHO_1p7e13_AP3p4,rizk2025_refit_plot,rizk2025_refit_full,1325.0,1.3,17000000000000.0,1.570639017644381e+23,8.77621752751574e+25,1.22996877714863e+25,4.199203547969977e+23,6.774571096187282e+18,1.7032572075423578,62.88923301565056,0.8691530172679063,0.705828692416625,1.5749817096845316,0.5714602589866447,2.1464419686711764,5328691970688.796,1.332172992672199e+18,151.28724524908677,0.28151809127157185,23337131.409759752,14674072.466220682,1.59036501035968,1303423765.6941917,1303385061.380867,37421011.038210005,35300160.19510896,1.0000296952255106,1.0600804877762255,0.14706926039991727,82.17749631715625,11.517006539257917,6.158427883185904,6.158427883185904,0.0,6.576946871411828e+24,6.576946871411828e+24,0.0,1.0679587381981997e+26,1.0679587381981997e+26,1.017871463244035,1.021844568266659e+17,0.004807954086653223,5.508033292129519e-07,3.889974207098045e-07,3.889974207098045e-07,0.007512778839961868,0.007512778839961868,6.150785447207468e+20,2.0394099481179016e-05,8.9199495264152e-19,2.3390333353762864e-22,2.3390333353762863e-21,5.78187606487805e-18,1.7995675661038836e+19,17000000000000.0,17000000000000.0,0.0,0.009002883518586415,0.00041281962531972556,1.5923997459526894e-05,5.262618274535594e-06,1.5923997459526894e-05,5.262618274535594e-06,3.058832469417755e-29,8.717270584416984e+18,6.771110297778168e+18,47.24332759195894,1.229335906571102e-20,-507850.27807365335,2.0862774913173543e+21,0.0,0.0,0.0,0.0,0.0,0.3333333333333333,0.3333333333333333,2.0,2.5266471383605937e-22,7.399034121893715e-21,0.0,8.91742287927684e-19,,0.0,0.0,0.0,0.0,0.0,2.5266471383605937e-22,8.91742287927684e-19,0.008294928239204153,17.0,1.516391419490584e-17,5.78187606487805e-24,2.281214574727506e-22,,,5.78187606487805e-24,2.281214574727506e-22,10.0,,1.3683607328474346e-07,3.770662255519641,16147918571436.682,4.791496471058308e-06,0.00040802812884866725,4.791496471058308e-06,0.00040802812884866725,0.009002883518586415,0.00041281962531972556,False,False,1.0,1.4970264494509482,8.284949566283968e-09,0.23092859731667828,0.6597645861134994,1.0,1.38887444694602,3.278508525349481e-07,0.19245985561444326,0.7148746497055632,0.20560424673313216,0.19182259840010665,0.008691530172679063,0.007058286924166251,True,AP3.4,130.0,8.3,7.498198192099515e+19,$(U_{0.8}Pu_{0.2})N$
RHO_1p7e13_AP3p4,rizk2025_refit_plot,rizk2025_refit_full,1350.0,1.3,17000000000000.0,1.569282794398458e+23,8.775889933502674e+25,1.230565553902272e+25,4.194779323721542e+23,6.767022311719178e+18,1.7054578720935636,63.71569173456099,0.8716070131500223,0.7332050119173683,1.6048120250673905,0.7573729720385167,2.3621849971059072,4752945527136.032,1.1882363817840082e+18,172.63525783191562,0.3269662267316512,17468301.166583676,12859482.054132177,1.3583985026030292,1301738391.6144152,1301703217.843078,36487376.15797819,34842280.44244581,1.000027021344693,1.0472155006687875,0.14694226829831122,82.17442883897243,11.522594552467574,6.156034340261687,6.156034340261687,0.0,6.574390666330658e+24,6.574390666330658e+24,0.0,1.0679587381981997e+26,1.0679587381981997e+26,1.0185739413747847,1.0204434873953726e+17,0.004803044190107761,5.499226268297056e-07,3.7186400868000957e-07,3.7186400868000957e-07,0.00780257234267602,0.00780257234267602,6.158787450905024e+20,2.1465067709669806e-05,8.92312044658399e-19,2.985052251919346e-22,2.985052251919346e-21,1.4331663655150738e-17,1.7995675661038836e+19,17000000000000.0,17000000000000.0,0.0,0.009006942480226874,0.0004127649948474185,1.5917925378108454e-05,5.254843712728965e-06,1.5917925378108454e-05,5.254843712728965e-06,2.9259417983726335e-29,8.896568159339649e+18,6.456273008400154e+18,81.4120292666263,1.8142195136181497e-20,-571166.08665645,2.0854556438448864e+21,0.0,0.0,0.0,0.0,0.0,0.3333333333333333,0.3333333333333333,2.0,5.697567307150379e-22,5.485421362683377e-21,0.0,8.91742287927684e-19,,0.0,0.0,0.0,0.0,0.0,5.697567307150379e-22,8.91742287927684e-19,0.006147424990529343,17.0,1.5169304759192783e-17,1.433166365515074e-23,2.8417356153678383e-22,,,1.433166365515074e-23,2.8417356153678383e-22,10.0,,1.3683607328474346e-07,3.770662255519641,16137681737309.46,4.850575450473575e-06,0.00040791441939694496,4.850575450473575e-06,0.00040791441939694496,0.009006942480226874,0.0004127649948474185,False,False,1.0,1.497575991989388,8.287861439463867e-09,0.2311129828167847,0.6595027690127868,1.0,1.3953893118267033,3.2797272286713274e-07,0.19490846682063137,0.7113395188956108,0.20579756822041909,0.19427122335065952,0.008716070131500223,0.007332050119173683,True,AP3.4,130.0,8.3,7.498198192099515e+19,$(U_{0.8}Pu_{0.2})N$
RHO_1p7e13_AP3p4,rizk2025_refit_plot,rizk2025_refit_full,1375.0,1.3,17000000000000.0,1.5674401101704044e+23,8.7754989347887e+25,1.231186252749097e+25,4.1896655160739394e+23,6.759607667091809e+18,1.7077555815735228,64.50888033679455,0.8740677606102549,0.7600962873812827,1.6341640479915376,0.9519517889710597,2.586115836962597,4274709823152.6797,1.0686774557881699e+18,193.01154222613943,0.36758202338202717,13923599.356161984,11501902.81055299,1.2105474707530208,1299983973.0993588,1299951833.8300474,35659330.206552334,34413866.562395714,1.0000247234308803,1.0361907500832106,0.14676972565577784,82.17076766087641,11.52840656396787,6.15405604949994,6.15405604949994,0.0,6.572277933424953e+24,6.572277933424953e+24,0.0,1.0679587381981997e+26,1.0679587381981997e+26,1.0192646613221514,1.018821771023228e+17,0.004797375394202888,5.490430009345018e-07,3.515300380231282e-07,3.515300380231282e-07,0.008087030808482547,0.008087030808482547,6.114348111907248e+20,2.2625010414279002e-05,8.92989650482899e-19,3.8518830087201347e-22,3.8518830087201345e-21,3.437073971002977e-17,1.7995675661038836e+19,17000000000000.0,17000000000000.0,0.0,0.009013592169298892,0.0004128859101479556,1.591159025989642e-05,5.24756504336787e-06,1.591159025989642e-05,5.24756504336787e-06,2.767561072426362e-29,9.076356569297289e+18,6.082735201868483e+18,130.42897276350672,2.5637489117121906e-20,-629231.2685322878,2.0847813842820714e+21,0.0,0.0,0.0,0.0,0.0,0.3333333333333333,0.3333333333333333,2.0,1.2473625552150166e-21,3.926123922383819e-21,0.0,8.91742287927684e-19,,0.0,0.0,0.0,0.0,0.0,1.2473625552150166e-21,8.91742287927684e-19,0.004396606299144343,17.0,1.518082405820928e-17,3.437073971002977e-23,3.508175611619837e-22,,,3.437073971002977e-23,3.508175611619837e-22,10.0,,1.3683607328474346e-07,3.770662255519641,16127902282963.492,4.909112169303615e-06,0.00040797679797865196,4.909112169303615e-06,0.00040797679797865196,0.009013592169298892,0.0004128859101479556,False,False,1.0,1.4981221833288394,8.291232260314808e-09,0.23129614045656036,0.6592427187422613,1.0,1.4016780026777202,3.2809260562975634e-07,0.1972550635685068,0.7079549585230508,0.20599105756655975,0.19661781722456653,0.008740677606102549,0.007600962873812826,True,AP3.4,130.0,8.3,7.498198192099515e+19,$(U_{0.8}Pu_{0.2})N$
RHO_1p7e13_AP3p4,rizk2025_refit_plot,rizk2025_refit_full,1400.0,1.3,17000000000000.0,1.564616549113832e+23,8.774871340148015e+25,1.2319663934234062e+25,4.183096695207755e+23,6.752267599484621e+18,1.7102492504889981,65.27693119327425,0.8765258716802269,0.7867150206496815,1.6632408923299085,1.1332660670739554,2.796506959403864,3908697817181.618,9.771744542954045e+17,210.75623846676694,0.4007504667715155,11788625.462894086,10533496.024365894,1.1191560176815796,1298085842.1480925,1298056408.6581259,34916214.790950336,34008951.69883133,1.0000226750469166,1.0266771848821845,0.14650533706513472,82.16489107952323,11.535711534154505,6.152892049257119,6.152892049257119,0.0,6.571034829194368e+24,6.571034829194368e+24,0.0,1.0679587381981997e+26,1.0679587381981997e+26,1.0199490525530135,1.0167555262491186e+17,0.004790161786927747,5.480993664804697e-07,3.282908554296201e-07,3.282908554296201e-07,0.008368249221683745,0.008368249221683745,6.000662326469063e+20,2.3927655474498785e-05,8.943977631537627e-19,5.093242848331348e-22,5.093242848331348e-21,7.989389038480301e-17,1.7995675661038836e+19,17000000000000.0,17000000000000.0,0.0,0.009025370501546422,0.00041335110002873026,1.5904720318664595e-05,5.240681691170128e-06,1.5904720318664595e-05,5.240681691170128e-06,2.586009510037361e-29,9.25717775068677e+18,5.656007697960203e+18,191.1385789508516,3.411928264531365e-20,-680040.9128235497,2.0844064822046208e+21,0.0,0.0,0.0,0.0,0.0,0.3333333333333333,0.3333333333333333,2.0,2.6554752260788454e-21,2.7246350804779008e-21,0.0,8.91742287927684e-19,,0.0,0.0,0.0,0.0,0.0,2.6554752260788454e-21,8.91742287927684e-19,0.0030463348553897134,17.0,1.5204761973613966e-17,7.989389038480301e-23,4.2943039444833175e-22,,,7.989389038480301e-23,4.2943039444833175e-22,10.0,,1.3683607328474346e-07,3.770662255519641,16118476050323.406,4.969808075026904e-06,0.0004083812919537034,4.969808075026904e-06,0.0004083812919537034,0.009025370501546422,0.00041335110002873026,False,False,1.0,1.4986581975148894,8.295570201330698e-09,0.23147578516409395,0.6589876788036555,1.0,1.407801016453969,3.282114567032106e-07,0.1995239948466367,0.7046855153411882,0.20618397738327782,0.1988867330690266,0.008765258716802268,0.007867150206496814,True,AP3.4,130.0,8.3,7.498198192099515e+19,$(U_{0.8}Pu_{0.2})N$
RHO_1p7e13_AP3p4,rizk2025_refit_plot,rizk2025_refit_full,1425.0,1.3,17000000000000.0,1.5598727372202365e+23,8.773697208618099e+25,1.2331420784088972e+25,4.173619907838179e+23,6.744992237629439e+18,1.7131292936837699,66.02222948484419,0.8789657016686785,0.8130937464897384,1.6920594481584168,1.2859363752749569,2.9779958234333734,3644979492611.8457,9.112448731529614e+17,225.00317160449265,0.42594490924961503,10510644.575471714,9866527.587896781,1.0652830473372483,1295901142.8956156,1295874169.092222,34253766.09416293,33625038.374531336,1.000020815140881,1.0186982008058558,0.14606114276024995,82.15389691385073,11.546720245853184,6.153321697535848,6.153321697535848,0.0,6.571493675827987e+24,6.571493675827987e+24,0.0,1.0679587381981997e+26,1.0679587381981997e+26,1.0206279277473569,1.0138198004396771e+17,0.004779900235033635,5.469866682891031e-07,3.0443852884442424e-07,3.0443852884442424e-07,0.008646367673410097,0.008646367673410097,5.7999932161119184e+20,2.543977027995039e-05,8.972475473141361e-19,7.0177067448840995e-22,7.0177067448841e-21,1.8029544796246132e-16,1.7995675661038836e+19,17000000000000.0,17000000000000.0,0.0,0.009047163358375604,0.00041448803065293605,1.589679301143343e-05,5.2341518778244735e-06,1.589679301143343e-05,5.2341518778244735e-06,2.399330763138619e-29,9.43997311041285e+18,5.218109404721189e+18,255.94711424554532,4.257672612931552e-20,-722226.7910429217,2.0846220768669566e+21,0.0,0.0,0.0,0.0,0.0,0.3333333333333333,0.3333333333333333,2.0,5.505259386452124e-21,1.84039229582399e-21,0.0,8.91742287927684e-19,,0.0,0.0,0.0,0.0,0.0,5.505259386452124e-21,8.91742287927684e-19,0.0020511533314670053,17.0,1.5253208304340313e-17,1.8029544796246133e-22,5.214752265259486e-22,,,1.8029544796246133e-22,5.214752265259486e-22,10.0,,1.3683607328474346e-07,3.770662255519641,16109370789912.564,5.036957516367987e-06,0.00040945107313656806,5.036957516367987e-06,0.00040945107313656806,0.009047163358375604,0.00041448803065293605,False,False,1.0,1.4991715761087903,8.301844509173604e-09,0.23164775063613258,0.6587435619990122,1.0,1.413774164865851,3.2832943050520515e-07,0.201722517757306,0.7015204671051197,0.20637510610856627,0.20108524609406772,0.008789657016686785,0.008130937464897384,True,AP3.4,130.0,8.3,7.498198192099515e+19,$(U_{0.8}Pu_{0.2})N$
RHO_1p7e13_AP3p4,rizk2025_refit_plot,rizk2025_refit_full,1450.0,1.3,17000000000000.0,1.551485879058893e+23,8.77140408061881e+25,1.2351461989725371e+25,4.158548766668019e+23,6.737783061968002e+18,1.7167516502445133,66.74594794119993,0.8813589695528254,0.8392287420973297,1.7205877116501553,1.4075783431810591,3.128166054831214,3458132323445.555,8.645330808613888e+17,235.98849584515045,0.44453333593751565,9738340.824201986,9407238.23019198,1.0351965779868688,1293164642.919285,1293139866.6101823,33676801.173367664,33260446.04169405,1.0000191598060988,1.0125180261007831,0.14527582607512285,82.13242484833667,11.565486144683891,6.156813180904315,6.156813180904315,0.0,6.575222436000616e+24,6.575222436000616e+24,0.0,1.0679587381981997e+26,1.0679587381981997e+26,1.021301160023564,1.009235127679706e+17,0.004763808251682879,5.455153358362206e-07,2.8583021524571584e-07,2.8583021524571584e-07,0.008921241081010459,0.008921241081010459,5.516778438087424e+20,2.7218790205182334e-05,9.028722799084174e-19,1.0241072151243713e-21,1.0241072151243713e-20,3.956100289530877e-16,1.7995675661038836e+19,17000000000000.0,17000000000000.0,0.0,0.009088088768217276,0.0004169112096470774,1.5886833265422472e-05,5.227947676824953e-06,1.5886833265422472e-05,5.227947676824953e-06,2.2537054578010707e-29,9.626450448311675e+18,4.876182831568663e+18,318.60278580949887,5.036968188274687e-20,-757167.3159337324,2.0859705430614097e+21,0.0,0.0,0.0,0.0,0.0,0.3333333333333333,0.3333333333333333,2.0,1.1129991980733449e-20,1.2141082623128306e-21,0.0,8.91742287927684e-19,,0.0,0.0,0.0,0.0,0.0,1.1129991980733449e-20,8.91742287927684e-19,0.0013447176187931956,17.0,1.5348828758443096e-17,3.9561002895308766e-22,6.284971861712836e-22,,,3.9561002895308766e-22,6.284971861712836e-22,10.0,,1.3683607328474346e-07,3.770662255519641,16100569395623.166,5.1184459463344234e-06,0.00041179276370074296,5.1184459463344234e-06,0.00041179276370074296,0.009088088768217276,0.0004169112096470774,False,False,1.0,1.499639378312027,8.31186185966005e-09,0.2318043703630289,0.658521247415635,1.0,1.419603926508722,3.2844649647507315e-07,0.2038542707321626,0.6984543353949212,0.2065622439806383,0.20321703773103975,0.008813589695528255,0.008392287420973296,True,AP3.4,130.0,8.3,7.498198192099515e+19,$(U_{0.8}Pu_{0.2})N$
RHO_1p7e13_AP3p4,rizk2025_refit_plot,rizk2025_refit_full,1475.0,1.3,17000000000000.0,1.5364291431226192e+23,8.766943688459891e+25,1.2387736999204864e+25,4.13310443798646e+23,6.730466227076135e+18,1.7217590199938062,67.46655507724249,0.8836536777641507,0.8657636828460338,1.7494173606101844,1.5063868582617408,3.255804218871925,3319210993471.0063,8.298027483677516e+17,244.70775261736142,0.4587872925107805,9245765.999924092,9072046.047806729,1.0191489275078538,1289401962.548142,1289379044.4658082,33173124.76173937,32905192.76489397,1.000017774511252,1.008142544514471,0.14386596487002826,82.09065926321263,11.599452821655603,6.166021950261741,6.166021950261741,0.0,6.585057021703931e+24,6.585057021703931e+24,0.0,1.0679587381981997e+26,1.0679587381981997e+26,1.0219853222141033,1.0016263626774949e+17,0.004736942246340745,5.433271403923624e-07,2.781500271872224e-07,2.781500271872224e-07,0.009200014197858913,0.009200014197858913,5.20405063772754e+20,2.9271564931312466e-05,9.13713227338383e-19,1.597360137614791e-21,1.597360137614791e-20,8.452417180343286e-16,1.7995675661038836e+19,17000000000000.0,17000000000000.0,0.0,0.009164691160009519,0.0004217414018739955,1.587308519979162e-05,5.221899700271632e-06,1.587308519979162e-05,5.221899700271632e-06,2.1940407008258704e-29,9.81961936652464e+18,4.734054799780891e+18,379.5636054942694,5.774011308226502e-20,-790263.0582656721,2.089427946654713e+21,0.0,0.0,0.0,0.0,0.0,0.3333333333333333,0.3333333333333333,2.0,2.1970939410699096e-20,7.846520651543905e-22,0.0,8.91742287927684e-19,,0.0,0.0,0.0,0.0,0.0,2.1970939410699096e-20,8.91742287927684e-19,0.0008587509096700466,17.0,1.553312486475251e-17,8.452417180343286e-22,7.521184195804623e-22,,,8.452417180343286e-22,7.521184195804623e-22,10.0,,1.3683607328474346e-07,3.770662255519641,16091845644705.469,5.229969702176157e-06,0.0004165114321718193,5.229969702176157e-06,0.0004165114321718193,0.009164691160009519,0.0004217414018739955,False,False,1.0,1.500020197654986,8.328884264843134e-09,0.23193181266165105,0.6583403614524466,1.0,1.4254375021475145,3.2856547695194897e-07,0.20597374472601784,0.69540861987076,0.20674135726612117,0.20533664163269802,0.008836536777641507,0.008657636828460338,True,AP3.4,130.0,8.3,7.498198192099515e+19,$(U_{0.8}Pu_{0.2})N$
RHO_1p7e13_AP3p4,rizk2025_refit_plot,rizk2025_refit_full,1500.0,1.3,17000000000000.0,1.5096925516764516e+23,8.758495032617844e+25,1.2454064347601244e+25,4.089245289682027e+23,6.722544482125926e+18,1.7292645631587935,68.2322770014207,0.8857600667850268,0.894523773927192,1.7802838407122188,1.5946372372833941,3.374921077995613,3203691868750.3916,8.00922967187598e+17,252.35828266269263,0.4709414629889883,8892256.722142382,8797016.593139917,1.0108264123403763,1283804181.7430875,1283782740.5338116,32703445.077233925,32535921.378584165,1.0000167015871135,1.005148884419177,0.14136244198193654,82.01154894237474,11.661559479922458,6.185529135720852,6.185529135720852,0.0,6.605889890872643e+24,6.605889890872643e+24,0.0,1.0679587381981997e+26,1.0679587381981997e+26,1.0227275790559187,9.88692124742129e+16,0.004690980666954359,5.397973149769423e-07,2.7933783543112923e-07,2.7933783543112923e-07,0.009503017933663076,0.009503017933663076,4.936955167745878e+20,3.152280980028952e-05,9.341414501778096e-19,2.65480851490482e-21,2.6548085149048203e-20,1.7607759639859707e-15,1.7995675661038836e+19,17000000000000.0,17000000000000.0,0.0,0.009306176386597816,0.0004309804121918229,1.5852521393556666e-05,5.2156101858996655e-06,1.5852521393556666e-05,5.2156101858996655e-06,2.2042056219783133e-29,1.0024618716899004e+19,4.753854755053521e+18,446.4229797377961,6.573394447412062e-20,-829871.3919416128,2.0966801484675904e+21,0.0,0.0,0.0,0.0,0.0,0.3333333333333333,0.3333333333333333,2.0,4.239916225012569e-20,4.981451519947624e-22,0.0,8.91742287927684e-19,,0.0,0.0,0.0,0.0,0.0,4.239916225012569e-20,8.91742287927684e-19,0.0005332652264814314,17.0,1.5880404653022763e-17,1.7607759639859707e-21,8.940325509188496e-22,,,1.7607759639859707e-21,8.940325509188496e-22,10.0,,1.3683607328474346e-07,3.770662255519641,16082619171330.521,5.401032244770278e-06,0.00042557937994705265,5.401032244770278e-06,0.00042557937994705265,0.009306176386597816,0.0004309804121918229,False,False,1.0,1.500243168658357,8.358556811800236e-09,0.2320064073874676,0.6582344902399203,1.0,1.43166805424006,3.2869448467954444e-07,0.20822252371504524,0.6921801267811958,0.2069054985556991,0.20758563447960163,0.008857600667850268,0.00894523773927192,True,AP3.4,130.0,8.3,7.498198192099515e+19,$(U_{0.8}Pu_{0.2})N$
RHO_1p7e13_AP3p4,rizk2025_refit_plot,rizk2025_refit_full,1525.0,1.3,17000000000000.0,1.4637262081015859e+23,8.743074896429775e+25,1.2573044447384877e+25,4.014424423340614e+23,6.713209661226903e+18,1.7411019100677798,69.11646961485273,0.8875329213574703,0.9284605611047034,1.8159934824621735,1.685045072646245,3.501038555108418,3092849126074.5557,7.73212281518639e+17,260.0746992254988,0.4828764306028189,8591945.674909368,8536009.10281219,1.0065530122359816,1275074881.5317075,1275054600.2867675,32220969.21853463,32119696.10674291,1.0000159061776142,1.0031529909702495,0.13705831093915696,81.86716006632055,11.772968371977942,6.222813250762362,6.222813250762362,0.0,6.64570778732721e+24,6.64570778732721e+24,0.0,1.0679587381981997e+26,1.0679587381981999e+26,1.0236044298134939,9.668909264969026e+16,0.004612911797712403,5.339465343260731e-07,2.840233799989517e-07,2.840233799989517e-07,0.00986302685862773,0.00986302685862773,4.7480271726989915e+20,3.385063073857303e-05,9.718187700081108e-19,4.636776157857156e-21,4.636776157857156e-20,3.580777516173852e-15,1.7995675661038836e+19,17000000000000.0,17000000000000.0,0.0,0.009562393821450646,0.0004481363557301264,1.5820194803566552e-05,5.208517232457423e-06,1.5820194803566552e-05,5.208517232457423e-06,2.2418910758591403e-29,1.025020306723661e+19,4.837107150682618e+18,532.1948404582122,7.591191799959885e-20,-884656.1834465001,2.1105008781855556e+21,0.0,0.0,0.0,0.0,0.0,0.3333333333333333,0.3333333333333333,2.0,8.007648208042697e-20,3.1142582676000646e-22,0.0,8.91742287927684e-19,,0.0,0.0,0.0,0.0,0.0,8.007648208042697e-20,8.91742287927684e-19,0.00032045669045619205,17.0,1.6520919090137883e-17,3.5807775161738524e-21,1.0559986416833037e-21,,,3.5807775161738524e-21,1.0559986416833037e-21,10.0,,1.3683607328474346e-07,3.770662255519641,16072021395144.957,5.683562831523318e-06,0.0004424527928986031,5.683562831523318e-06,0.0004424527928986031,0.009562393821450646,0.0004481363557301264,False,False,1.0,1.5001944959173454,8.410168667147752e-09,0.23199012543013717,0.6582575986554539,1.0,1.4389034688754831,3.288467637878704e-07,0.21081488527348644,0.6884622861931418,0.2070434474646787,0.21017827349263188,0.008875329213574703,0.009284605611047034,True,AP3.4,130.0,8.3,7.498198192099515e+19,$(U_{0.8}Pu_{0.2})N$
RHO_1p7e13_AP3p4,rizk2025_refit_plot,rizk2025_refit_full,1550.0,1.3,17000000000000.0,1.388839872104556e+23,8.716091431502406e+25,1.2779430678039198e+25,3.8912235848510776e+23,6.701228373487194e+18,1.7600893314381503,70.22394755447525,0.8887485934350282,0.9720726977473454,1.8608212911823734,1.7911284716189957,3.6519497628013693,2971487290715.4224,7.428718226788556e+17,268.9871061246751,0.49626982051505714,8289131.085181402,8253183.70082406,1.0043555778788438,1261318898.725649,1261299617.210941,31673097.110383913,31613147.328094397,1.000015287021771,1.0018963560213519,0.13004621081594678,81.6144961387526,11.96622137255971,6.289236277871763,6.289236277871763,0.0,6.71664483954627e+24,6.71664483954627e+24,0.0,1.0679587381981997e+26,1.0679587381982e+26,1.024732859537887,9.314791883277701e+16,0.00448461061571349,5.243855520645446e-07,2.902311007092325e-07,2.902311007092325e-07,0.010329551796913448,0.010329551796913448,4.620864655885416e+20,3.617779395353657e-05,1.039906973829712e-18,8.356987325282236e-21,8.356987325282236e-20,7.11715258415843e-15,1.7995675661038836e+19,17000000000000.0,17000000000000.0,0.0,0.010014843701291376,0.00047923164777517095,1.5768612795112314e-05,5.199879666379114e-06,1.5768612795112314e-05,5.199879666379114e-06,2.2915154403743602e-29,1.051039717091836e+19,4.947186824931284e+18,654.7010850080931,9.014296406083612e-20,-959412.3992497905,2.1351591052208893e+21,0.0,0.0,0.0,0.0,0.0,0.3333333333333333,0.3333333333333333,2.0,1.4816468590202815e-19,1.921420918257287e-22,0.0,8.91742287927684e-19,,0.0,0.0,0.0,0.0,0.0,1.4816468590202815e-19,8.91742287927684e-19,0.0001847685385915996,17.0,1.7678418555105106e-17,7.11715258415843e-21,1.239834741123807e-21,,,7.11715258415843e-21,1.239834741123807e-21,10.0,,1.3683607328474346e-07,3.770662255519641,16058834553369.11,6.167897335295851e-06,0.0004730637504398751,6.167897335295851e-06,0.0004730637504398751,0.010014843701291376,0.00047923164777517095,False,False,1.0,1.499705318106821,8.498010604275498e-09,0.23182644088102713,0.658489920689539,1.0,1.4480277372432135,3.290426289478026e-07,0.21405517097986798,0.6838212064226447,0.2071379348919738,0.21341891867443535,0.008887485934350282,0.009720726977473454,True,AP3.4,130.0,8.3,7.498198192099515e+19,$(U_{0.8}Pu_{0.2})N$
RHO_1p7e13_AP3p4,rizk2025_refit_plot,rizk2025_refit_full,1575.0,1.3,17000000000000.0,1.2760026273522948e+23,8.671118901556281e+25,1.3121802854497147e+25,3.69998229324274e+23,6.684781682232663e+18,1.7901335686927113,71.6972176010609,0.8890876234116708,1.0320072391341366,1.9210948625458073,1.8484254404516793,3.7695203029974866,2853513255675.8647,7.133783139189661e+17,275.52088416976653,0.5,8064917.321474984,8057465.432029147,1.0009248428688524,1240149185.4318016,1240130925.8846025,30998937.416883577,30963544.671322796,1.0000147238866621,1.0011430456666532,0.11948051752496497,81.19338876505387,12.28680695720091,6.400323760220257,6.223057118342756,0.1772666418775005,6.835281687024783e+24,6.645968227840655e+24,1.8931345918412758e+23,1.0679587381981997e+26,1.0660656036063586e+26,1.0262865450703356,8.775215266866342e+16,0.004285468593390399,5.094495754103602e-07,2.9768926458936763e-07,2.9768926458936763e-07,0.01097550817026639,0.01097550817026639,4.521126844721715e+20,3.8547768358389706e-05,1.160586458076125e-18,1.528831509275627e-20,1.528831509275627e-19,1.384090397445483e-14,1.7995675661038836e+19,17000000000000.0,17000000000000.0,0.0,0.01078978714105857,0.0005344007921325815,1.568767712418719e-05,5.188794073057573e-06,1.568767712418719e-05,5.188794073057573e-06,2.3509253979115573e-29,1.0825274315908407e+19,5.07822559990901e+18,279.76452378349785,3.752677617391511e-20,-611352.8817768126,2.17660433918393e+21,2.4630370342714936e+21,0.0,0.0,0.0,0.0,0.3333333333333333,0.3333333333333333,2.0,2.6884417014844093e-19,1.172220809834482e-22,0.0,8.91742287927684e-19,,0.0,0.0,0.0,0.0,0.0,2.6884417014844093e-19,8.91742287927684e-19,0.00010100245455023169,17.0,1.9729969787294123e-17,1.384090397445483e-20,1.4474111183014373e-21,,,1.384090397445483e-20,1.4474111183014373e-21,10.0,,1.3683607328474346e-07,3.770662255519641,16041447291815.04,7.0104122851149545e-06,0.0005273903798474666,7.0104122851149545e-06,0.0005273903798474666,0.01078978714105857,0.0005344007921325815,False,False,1.0,1.4985544284691374,8.641976891452817e-09,0.23144101479544502,0.6590370402276577,1.0,1.460271598100916,3.293122548372847e-07,0.21835371807835163,0.6776747949646226,0.2071642704391179,0.21771795576103722,0.008890876234116708,0.010320072391341365,True,AP3.4,130.0,8.3,7.498198192099515e+19,$(U_{0.8}Pu_{0.2})N$
RHO_1p7e13_AP3p4,rizk2025_refit_plot,rizk2025_refit_full,1600.0,1.3,17000000000000.0,1.1227726546378e+23,8.600358696077627e+25,1.3659120905690196e+25,3.42653206499757e+23,6.66144929337446e+18,1.8358883815651827,73.7027826065338,0.8881416350708372,1.1171435691547087,2.005285204225546,1.889737596326801,3.8950228005523475,2730113873438.665,6.825284683596663e+17,281.6787531671177,0.5,7886613.869938606,7881318.612209606,1.0006718745922538,1209240916.9359133,1209223840.7802026,30142143.370081164,30120979.44594016,1.0000141215837257,1.0007026306757052,0.10513258747543743,80.53081442629208,12.789933184811149,6.574119801421344,6.131279473441259,0.4428403279800863,7.020888687889738e+24,6.547953489996849e+24,4.7293519789288984e+23,1.0679587381981997e+26,1.063229386219271e+26,1.0284993779595832,8.023484750570467e+16,0.0040002589102927895,4.87700274734383e-07,3.064769688850555e-07,3.064769688850555e-07,0.011898942621925939,0.011898942621925939,4.418935997679519e+20,4.1116582612289444e-05,1.3705602340796549e-18,2.804370316124471e-20,2.804370316124471e-19,2.6363059898109156e-14,1.7995675661038836e+19,17000000000000.0,17000000000000.0,0.0,0.012070084173541627,0.0006303784963863615,1.5566034351660544e-05,5.174400959646715e-06,1.5566034351660544e-05,5.174400959646715e-06,2.4207320493029362e-29,1.1219741348607021e+19,5.230087153255981e+18,326.0934621790274,4.2726470444910576e-20,-637182.4960744013,2.2420100615451108e+21,2.643560614185161e+21,0.0,0.0,0.0,0.0,0.3333333333333333,0.3333333333333333,2.0,4.788179461519709e-19,7.08396822782879e-23,0.0,8.91742287927684e-19,,0.0,0.0,0.0,0.0,0.0,4.788179461519709e-19,8.91742287927684e-19,5.1686661057882994e-05,17.0,2.3299523979354132e-17,2.6363059898109155e-20,1.680643263135559e-21,,,2.6363059898109155e-20,1.680643263135559e-21,10.0,,1.3683607328474346e-07,3.770662255519641,16018072803133.088,8.47994358402972e-06,0.0006218985528023318,8.47994358402972e-06,0.0006218985528023318,0.012070084173541627,0.0006303784963863615,False,False,1.0,1.4965043910026183,8.866016520092632e-09,0.23075333663185463,0.6600134683207689,1.0,1.4771326284114874,3.296962863178151e-07,0.2241824917431081,0.6693597206368174,0.2070907701727946,0.22354742067790223,0.008881416350708372,0.011171435691547087,True,AP3.4,130.0,8.3,7.498198192099515e+19,$(U_{0.8}Pu_{0.2})N$
RHO_1p7e13_AP3p4,rizk2025_refit_plot,rizk2025_refit_full,1625.0,1.3,17000000000000.0,9.392088326117473e+22,8.49611202355941e+25,1.4449970886264163e+25,3.0731593272192635e+23,6.628395140047882e+18,1.9018017259123694,76.39581977229362,0.8854609186490382,1.2379576445501588,2.1234185631991966,1.9451835437707465,4.0686021069699425,2576692511041.1514,6.441731277602879e+17,289.9433637535492,0.49999999999999994,7660768.418662836,7656667.741107509,1.0005355694793063,1167329805.2708383,1167314115.7419965,29072139.513665795,29059181.596806753,1.0000134407085721,1.0004459147211657,0.08794429962681218,79.55468427454018,13.530458031218833,6.826913394614177,6.043887476295367,0.7830259183188103,7.290861814700546e+24,6.454622442996302e+24,8.362393717042433e+23,1.0679587381981997e+26,1.0595963444811574e+26,1.0316513454010283,7.08493530583382e+16,0.0036303953866543533,4.587201722682472e-07,3.1684354629151356e-07,3.1684354629151356e-07,0.01321750298564156,0.01321750298564156,4.300680252389927e+20,4.407583600429424e-05,1.7295170995263346e-18,5.117002764222704e-20,5.117002764222704e-19,4.922854290289942e-14,1.7995675661038836e+19,17000000000000.0,17000000000000.0,0.0,0.014100569485349733,0.0007943023582868753,1.539423352383927e-05,5.1562393505403135e-06,1.539423352383927e-05,5.1562393505403135e-06,2.502899767006307e-29,1.1719346460681544e+19,5.404640912235657e+18,389.8425197557773,4.95611847087186e-20,-658398.424608992,2.338399018392918e+21,2.8529728803889773e+21,0.0,0.0,0.0,0.0,0.3333333333333333,0.3333333333333333,2.0,8.377748115986507e-19,4.247233928863714e-23,0.0,8.91742287927684e-19,,0.0,0.0,0.0,0.0,0.0,8.377748115986507e-19,8.91742287927684e-19,2.455733990734703e-05,17.0,2.940179069194769e-17,4.922854290289942e-20,1.941484739327618e-21,,,4.922854290289942e-20,1.941484739327618e-21,10.0,,1.3683607328474346e-07,3.770662255519641,15987243741888.594,1.1035749724050113e-05,0.0007832666085628252,1.1035749724050113e-05,0.0007832666085628252,0.014100569485349733,0.0007943023582868753,False,False,1.0,1.4933744738735093,9.193604184980737e-09,0.22970060662275776,0.661508864112517,1.0,1.5001219308740117,3.3024341153527883e-07,0.23196584953004448,0.6582920529384277,0.20688220317137931,0.2313317599879851,0.008854609186490382,0.012379576445501587,True,AP3.4,130.0,8.3,7.498198192099515e+19,$(U_{0.8}Pu_{0.2})N$
RHO_1p7e13_AP3p4,rizk2025_refit_plot,rizk2025_refit_full,1650.0,1.3,17000000000000.0,7.468284214083047e+22,8.3528161451983e+25,1.553803516236643e+25,2.6641182338156352e+23,6.582715925791718e+18,1.9909076948209028,79.87777225512384,0.8806340623607856,1.4053081193124723,2.2859421816732577,2.017733311221173,4.30367549289443,2394728269039.4653,5.986820672598664e+17,300.75741967206545,0.5,7384796.500425001,7381364.03225099,1.000465018140145,1115083450.5119815,1115069275.0723965,27800641.642554328,27792462.62539071,1.0000127126088951,1.0002942890406605,0.06993045655193682,78.21291072809335,14.549284168582517,7.167874646772219,5.960405295599898,1.2074693511723213,7.654994363329726e+24,6.365466918638735e+24,1.2895274446909912e+24,1.0679587381981997e+26,1.05506346375129e+26,1.0360404414742101,6.0427886968954344e+16,0.0031997968930281536,4.2365734063685174e-07,3.294483544223055e-07,3.294483544223055e-07,0.015057004658076717,0.015057004658076717,4.1721690675954346e+20,4.757274904118251e-05,2.332934307037629e-18,9.243457552501816e-20,9.243457552501817e-19,9.020265555838444e-14,1.7995675661038836e+19,17000000000000.0,17000000000000.0,0.0,0.017184184617931867,0.0010694303405970286,1.5168411325504257e-05,5.134538402278932e-06,1.5168411325504257e-05,5.134538402278932e-06,2.6026623000794887e-29,1.2344435834784217e+19,5.609523279410263e+18,478.82286152170246,5.861794363784173e-20,-672642.0598851895,2.4708035538621804e+21,3.092848566253499e+21,0.0,0.0,0.0,0.0,0.3333333333333333,0.3333333333333333,2.0,1.441192019109945e-18,2.5299362888157518e-23,0.0,8.91742287927684e-19,,0.0,0.0,0.0,0.0,0.0,1.441192019109945e-18,8.91742287927684e-19,1.0844438616140361e-05,17.0,3.9659883219639695e-17,9.020265555838444e-20,2.2319199666337208e-21,,,9.020265555838444e-20,2.2319199666337208e-21,10.0,,1.3683607328474346e-07,3.770662255519641,15948381236809.406,1.5455426071663147e-05,0.0010539749145253654,1.5455426071663147e-05,0.0010539749145253654,0.017184184617931867,0.0010694303405970286,False,False,1.0,1.4891126090405433,9.641928429546198e-09,0.2282616605807114,0.6635541117987926,1.0,1.5304325327783812,3.3100552879227415e-07,0.2419511626761027,0.6441552106880182,0.2065055967903697,0.2413184451790372,0.008806340623607856,0.014053081193124723,True,AP3.4,130.0,8.3,7.498198192099515e+19,$(U_{0.8}Pu_{0.2})N$
RHO_1p7e13_AP3p4,rizk2025_refit_plot,rizk2025_refit_full,1675.0,1.3,17000000000000.0,5.687904475420425e+22,8.16837194825485e+25,1.6942956967055108e+25,2.2379833663531932e+23,6.521745333080332e+18,2.104174252506192,84.17658670572267,0.8733545153592845,1.6293950018954537,2.5027495172547383,2.10981800150372,4.612567518758459,2190250467734.6318,5.475626169336579e+17,314.4832939918579,0.5,7062258.599631642,7059198.5088323215,1.0004334898353533,1055058391.977508,1055045701.350947,26378480.109340657,26373129.23795561,1.0000120285088547,1.0002028910311236,0.053259590206797124,76.48583841390791,15.864804847835524,7.596097148049752,5.880396782984047,1.7157003650657074,8.112318325462158e+24,6.280021128460394e+24,1.8322971970017635e+24,1.0679587381981997e+26,1.0496357662281821e+26,1.0419597688753393,5.004937586548744e+16,0.0027474289007309457,3.8492811969189346e-07,3.4600306320077327e-07,3.4600306320077327e-07,0.017542064571229136,0.017542064571229136,4.052316504032572e+20,5.1680550456371334e-05,3.331146250834437e-18,1.6487351410383357e-19,1.6487351410383356e-18,1.6231955709997532e-13,1.7995675661038836e+19,17000000000000.0,17000000000000.0,0.0,0.02167277961351437,0.0015236135330323353,1.4891906652886775e-05,5.110178589697911e-06,1.4891906652886775e-05,5.110178589697911e-06,2.7336212627927516e-29,1.3106336907680588e+19,5.868820962116486e+18,604.6646564045354,7.071829523294227e-20,-678862.9827965258,2.6411154543135236e+21,3.367053856108561e+21,0.0,0.0,0.0,0.0,0.3333333333333333,0.3333333333333333,2.0,2.439403962906753e-18,1.4991150623023926e-23,0.0,8.91742287927684e-19,,0.0,0.0,0.0,0.0,0.0,2.439403962906753e-18,8.91742287927684e-19,4.5002979437689685e-06,17.0,5.662948626418543e-17,1.623195570999753e-19,2.553957003858251e-21,,,1.623195570999753e-19,2.553957003858251e-21,10.0,,1.3683607328474346e-07,3.770662255519641,15902049531027.55,2.3037663685297746e-05,0.0015005758693470376,2.3037663685297746e-05,0.0015005758693470376,0.02167277961351437,0.0015236135330323353,False,False,1.0,1.4838069037375052,1.0218737093610317e-08,0.22646136008412193,0.6661149667216131,1.0,1.5687530323247425,3.320338278009621e-07,0.2541488466059475,0.6269846750153455,0.20593501228362782,0.25351799603787695,0.008733545153592846,0.016293950018954537,True,AP3.4,130.0,8.3,7.498198192099515e+19,$(U_{0.8}Pu_{0.2})N$
RHO_1p7e13_AP3p4,rizk2025_refit_plot,rizk2025_refit_full,1700.0,1.3,17000000000000.0,4.198561225270193e+22,7.943911400884706e+25,1.866225628078591e+25,1.8319510854771686e+23,6.443114615289971e+18,2.2408276047948594,89.26406793440727,0.8634313645884952,1.9196165699005403,2.7830479344890358,2.223419130733753,5.006467065222789,1972155216211.4915,4.930388040528729e+17,331.41634570342393,0.4999999999999998,6701379.364742056,6698522.9569413625,1.0004264235293443,990716795.2857057,990705396.1892056,24873683.657906864,24870029.468422763,1.0000115060405887,1.000146931449709,0.039313889901343664,74.38406669425477,17.474697863582094,8.101921552261777,5.803431442558619,2.2984901097031587,8.652517917934287e+24,6.19782532061466e+24,2.454692597319627e+24,1.0679587381981997e+26,1.0434118122250035e+26,1.049698658679484,4.058413956151183e+16,0.00231150625908187,3.4525190816460247e-07,3.7020415577218626e-07,3.7020415577218626e-07,0.0207967260268535,0.0207967260268535,3.961498865500882e+20,5.6414801406568696e-05,4.9573286738281364e-18,2.899995230890099e-19,2.8999952308900988e-18,2.8708990269161864e-13,1.7995675661038836e+19,17000000000000.0,17000000000000.0,0.0,0.027960097730025193,0.0022616848247363538,1.4573649184900897e-05,5.084329933664697e-06,1.4573649184900897e-05,5.084329933664697e-06,2.9251424313201196e-29,1.4007821081961497e+19,6.237965838717373e+18,784.0678737434363,8.69283700270982e-20,-676599.0393594886,2.8483226417476686e+21,3.678156704624421e+21,0.0,0.0,0.0,0.0,0.3333333333333333,0.3333333333333333,2.0,4.065586385900453e-18,8.846547337881255e-24,0.0,8.91742287927684e-19,,0.0,0.0,0.0,0.0,0.0,4.065586385900453e-18,8.91742287927684e-19,1.7845391984166736e-06,17.0,8.427458745507831e-17,2.8708990269161863e-19,2.90962039739128e-21,,,2.8708990269161863e-19,2.90962039739128e-21,10.0,,1.3683607328474346e-07,3.770662255519641,15849728284644.703,3.59127396989292e-05,0.0022257720850374246,3.59127396989292e-05,0.0022257720850374246,0.027960097730025193,0.0022616848247363538,False,False,1.0,1.477625623947764,1.0923944879228917e-08,0.2243513652426975,0.6691191507930008,1.0,1.6153585496231637,3.333790564352688e-07,0.26838373670317656,0.6070902124269926,0.20515208738500804,0.26775535379459137,0.008634313645884953,0.019196165699005403,True,AP3.4,130.0,8.3,7.498198192099515e+19,$(U_{0.8}Pu_{0.2})N$
RHO_1p7e13_AP3p4,rizk2025_refit_plot,rizk2025_refit_full,1725.0,1.3,17000000000000.0,3.039799846779763e+22,7.682500175438911e+25,2.0680436511470467e+25,1.4706201247616767e+23,6.344584321787986e+18,2.399224387243956,95.093201155469,0.8507495259211496,2.2852840333093902,3.1360335592305404,2.3604124806907607,5.496446039921301,1749878777947.6287,4.3746969448690714e+17,351.83617334673414,0.49999999999999983,6312503.679211,6309754.846646177,1.0004356480769272,925309446.3849788,925299030.7214096,23348150.671096496,23345517.58721947,1.0000112565378578,1.000112787556206,0.028463645064680528,71.93630147547081,19.3644527375293,8.670782141935218,5.729106806798399,2.9416753351368197,9.260037555492619e+24,6.118449676391135e+24,3.1415878791014843e+24,1.0679587381981997e+26,1.0365428594071851e+26,1.0595676219641308,3.2477699048713716e+16,0.0019179734283840512,3.0679437124835317e-07,4.088794407052294e-07,4.088794407052294e-07,0.024955133114028444,0.024955133114028444,3.9131113132552605e+20,6.177251976976379e-05,7.567991386132277e-18,5.027449568924469e-19,5.0274495689244694e-18,4.994440127391286e-13,1.7995675661038836e+19,17000000000000.0,17000000000000.0,0.0,0.03647982025992326,0.003443341463041713,1.422492218350633e-05,5.0580591761397325e-06,1.422492218350633e-05,5.0580591761397325e-06,3.2314797519965666e-29,1.504635282038743e+19,6.820091574537396e+18,1041.1453907850448,1.086269443956057e-19,-665685.6310635163,3.0896326520035554e+21,4.026273037514621e+21,0.0,0.0,0.0,0.0,0.3333333333333333,0.3333333333333333,2.0,6.676249098204593e-18,5.204352986654048e-24,0.0,8.91742287927684e-19,,0.0,0.0,0.0,0.0,0.0,6.676249098204593e-18,8.91742287927684e-19,6.876795600204564e-07,17.0,1.286558535642487e-16,4.994440127391286e-19,3.3009441533183215e-21,,,4.994440127391286e-19,3.3009441533183215e-21,10.0,,1.3683607328474346e-07,3.770662255519641,15793351427825.412,5.750416840225255e-05,0.0033858372946394604,5.750416840225255e-05,0.0033858372946394604,0.03647982025992326,0.003443341463041713,False,False,1.0,1.4707375579206932,1.1753991754112582e-08,0.22198394716502579,0.6724934166163928,1.0,1.6703752416372755,3.350959570421904e-07,0.2844040781768139,0.5848959913188392,0.20414272387063478,0.28377887441342176,0.008507495259211496,0.022852840333093902,True,AP3.4,130.0,8.3,7.498198192099515e+19,$(U_{0.8}Pu_{0.2})N$
RHO_1p7e13_AP3p4,rizk2025_refit_plot,rizk2025_refit_full,1750.0,1.3,17000000000000.0,2.1793442689169003e+22,7.387829334874107e+25,2.2977944760798478e+25,1.1642821533307286e+23,6.223788393138282e+18,2.5776117217117123,101.63100789116757,0.8352170355389192,2.736668071659342,3.571885107198261,2.5165872722620684,6.088472379460329,1539429402532.225,3.848573506330563e+17,375.1151305159456,0.5,5920879.479179896,5918183.030757889,1.0004556209917796,861272171.5943235,861262377.611228,21845756.289589506,21843727.087478127,1.0000113716601933,1.0000928963314388,0.02040663361764115,69.1771046074162,21.51576080510899,9.286727953857183,5.656777523929282,3.6299504299278995,9.917842267591264e+24,6.041204986723452e+24,3.8766372808678124e+24,1.0679587381981997e+26,1.0291923653895216e+26,1.0719350802673226,2.5809993699509716e+16,0.0015784792402054268,2.7086152549288106e-07,4.7366477933433274e-07,4.7366477933433274e-07,0.030177752261142055,0.030177752261142055,3.9121656805480746e+20,6.776456373373595e-05,1.170078713301288e-17,8.589643716813095e-19,8.589643716813095e-18,8.552344067970446e-13,1.7995675661038836e+19,17000000000000.0,17000000000000.0,0.0,0.0477046798236341,0.005308642898755977,1.3856692591862245e-05,5.032126794115829e-06,1.3856692591862245e-05,5.032126794115829e-06,3.745221734929509e-29,1.621734511745261e+19,7.787126673285128e+18,1400.9609581876077,1.3697439421850735e-19,-649689.5406416808,3.361559551360163e+21,4.4103218305847074e+21,0.0,0.0,0.0,0.0,0.3333333333333333,0.3333333333333333,2.0,1.0809044845085196e-17,3.0549830664988003e-24,0.0,8.91742287927684e-19,,0.0,0.0,0.0,0.0,0.0,1.0809044845085196e-17,8.91742287927684e-19,2.610920984862119e-07,17.0,1.9891338126121898e-16,8.552344067970446e-19,3.7299648842649055e-21,,,8.552344067970446e-19,3.7299648842649055e-21,10.0,,1.3683607328474346e-07,3.770662255519641,15734945041324.16,9.31967572070032e-05,0.005215446141548974,9.31967572070032e-05,0.005215446141548974,0.0477046798236341,0.005308642898755977,False,False,1.0,1.4632617337102072,1.2705771060611778e-08,0.21939498877655536,0.6761877137023478,1.0,1.73403921198645,3.3724998614434885e-07,0.3019731637466451,0.5608083873457897,0.20289271232531125,0.30135197478947123,0.008352170355389193,0.02736668071659342,True,AP3.4,130.0,8.3,7.498198192099515e+19,$(U_{0.8}Pu_{0.2})N$
RHO_1p7e13_AP3p4,rizk2025_refit_plot,rizk2025_refit_full,1775.0,1.3,17000000000000.0,1.5574521654938886e+22,7.063432125797517e+25,2.553639336867121e+25,9.129167391924198e+22,6.078047180982235e+18,2.7745048157877643,108.8777597972309,0.8167257127151144,3.2860200257972783,4.102745738512392,2.697649041878817,6.800394780391208,1339716395310.7683,3.34929098827692e+17,402.10366776630883,0.49999999999999994,5523638.057811595,5520964.313337726,1.0004842893962218,800152325.9336003,800142781.2875056,20391532.94045867,20389839.064786322,1.0000119286786282,1.0000830744993605,0.014583448871082183,66.13956020168482,23.911404490921424,9.934451858522689,5.586409894289803,4.348041964232884,1.0609584671518649e+25,5.966055261763676e+24,4.643529409754973e+24,1.0679587381981997e+26,1.02152344410065e+26,1.0872687596069432,2.0453908758804776e+16,0.001294166235354084,2.3801714964493416e-07,5.83997783693042e-07,5.83997783693042e-07,0.03666827038907818,0.03666827038907818,3.958372533349083e+20,7.443578363784827e-05,1.8155987823124585e-17,1.4466570670705438e-18,1.4466570670705438e-17,1.4424583518951984e-12,1.7995675661038836e+19,17000000000000.0,17000000000000.0,0.0,0.06214030905479528,0.008213956664954081,1.3478311188196868e-05,5.006971205491453e-06,1.3478311188196868e-05,5.006971205491453e-06,4.621466355122264e-29,1.7516053406047377e+19,9.415113009066619e+18,1913.8659513512523,1.744138197753915e-19,-626596.3457336385,3.6605331388553033e+21,4.826839623183217e+21,0.0,0.0,0.0,0.0,0.3333333333333333,0.3333333333333333,2.0,1.7264245535196902e-17,1.7908286029686076e-24,0.0,8.91742287927684e-19,,0.0,0.0,0.0,0.0,0.0,1.7264245535196902e-17,8.91742287927684e-19,9.86357019191045e-08,17.0,3.0865179299311796e-16,1.4424583518951983e-18,4.198715175345496e-21,,,1.4424583518951983e-18,4.198715175345496e-21,10.0,,1.3683607328474346e-07,3.770662255519641,15676476401068.8,0.0001512753937470199,0.00806268127120706,0.0001512753937470199,0.00806268127120706,0.06214030905479528,0.008213956664954081,False,False,1.0,1.455253137488306,1.3778810774914148e-08,0.2165986489491649,0.6801828866468859,1.0,1.806872644166393,3.399242400720046e-07,0.32091604046186617,0.5351510462889434,0.20138420714432087,0.3202998499915252,0.008167257127151144,0.03286020025797278,True,AP3.4,130.0,8.3,7.498198192099515e+19,$(U_{0.8}Pu_{0.2})N$
RHO_1p7e13_AP3p4,rizk2025_refit_plot,rizk2025_refit_full,1800.0,1.3,17000000000000.0,1.114105713106034e+22,6.712401734530857e+25,2.8340450044262286e+25,7.1101449282092865e+22,5.904148360112464e+18,2.9887570209780083,116.87807808223735,0.795131374854921,3.948617408414179,4.7437487832691,2.899833629467792,7.643582412736892,1159411502361.2793,2.898528755903198e+17,432.240710418352,0.5,5138694.263731782,5136027.094373718,1.0005193059360973,742793360.1254499,742783700.5209448,18995694.702241335,18994152.166311044,1.0000130045994524,1.000081211096804,0.010432104474239248,62.852631796015324,26.53702716275042,10.599908936760034,5.517582250718378,5.0823266860416565,1.1320265373118066e+25,5.892550178381981e+24,5.427715194736085e+24,1.0679587381981997e+26,1.013681586250839e+26,1.1061864517704132,1.6204830944541968e+16,0.0010604124145646271,2.083313782064282e-07,7.7280346416047e-07,7.7280346416047e-07,0.04469722025066172,0.04469722025066172,4.0501378585569906e+20,8.187641199271574e-05,2.8109916689626407e-17,2.4025223904971453e-18,2.4025223904971453e-17,2.3978131732901632e-12,1.7995675661038836e+19,17000000000000.0,17000000000000.0,0.0,0.0803088452633969,0.012682129234689317,1.309724688446822e-05,4.982775927818224e-06,1.309724688446822e-05,4.982775927818224e-06,6.124196162380944e-29,1.893813689550971e+19,1.2148457164565117e+19,2631.1869578047044,2.228894641937974e-19,-599767.869437068,3.98308576368782e+21,5.272899487797279e+21,0.0,0.0,0.0,0.0,0.3333333333333333,0.3333333333333333,2.0,2.721817440169872e-17,1.0491064501063835e-24,0.0,8.91742287927684e-19,,0.0,0.0,0.0,0.0,0.0,2.721817440169872e-17,8.91742287927684e-19,3.732157806406955e-08,17.0,4.77868583723649e-16,2.397813173290163e-18,4.7092172069822286e-21,,,2.397813173290163e-18,4.7092172069822286e-21,10.0,,1.3683607328474346e-07,3.770662255519641,15619873786392.2,0.00024419561009763176,0.012437933624591686,0.00024419561009763176,0.012437933624591686,0.0803088452633969,0.012682129234689317,False,False,1.0,1.4467085352787126,1.497606807330486e-08,0.21358865410456399,0.6844889881283601,1.0,1.889807624657335,3.4322926391223623e-07,0.3411345108878765,0.5081476150148929,0.19959345540531517,0.340524490621796,0.00795131374854921,0.03948617408414179,True,AP3.4,130.0,8.3,7.498198192099515e+19,$(U_{0.8}Pu_{0.2})N$
RHO_1p7e13_ANP6,rizk2025_refit_plot,rizk2025_refit_full,900.0,3.2,17000000000000.0,1.716752395478164e+23,2.3217239581441126e+26,1.296544186645376e+25,9.749813283166182e+23,6.903064298347484e+18,1.753172468733298,43.720084341742755,2.200689817663357,0.24164260068996815,2.4423324183533253,0.14938528989404556,2.591717708247371,7589013813999.85,1.897253453499962e+18,85.97813218280167,0.12949184497728727,1222131591412.5232,25820519.051053192,47331.79797803769,1269642080.2565906,1266275873.9326968,122573797.48475617,50777578.1640111,1.0026583514644714,2.4139354793338894,0.06530501935305279,88.31805239847479,4.932035826714612,6.684606755457568,6.684606755457568,0.0,1.7572638020701913e+25,1.7572638020701913e+25,0.0,2.6288215094111468e+26,2.6288215094111475e+26,1.0060671905320209,1.2627037328394846e+17,0.004217208452171635,5.324291815618968e-07,1.0557790371264138e-07,1.0557790371264138e-07,0.0025970466110741813,0.0025970466110741813,5.628667390850188e+20,7.610867506904047e-06,9.229586270335752e-19,5.911994148657879e-25,5.911994148657879e-24,5.119872410101689e-28,1.8625632456264503e+19,17000000000000.0,17000000000000.0,0.0,0.022196816156638936,0.0004322057830248584,1.633999072260893e-05,5.715891466826449e-06,1.633999072260893e-05,5.715891466826449e-06,7.005704152915465e-30,6.129623272545924e+18,1.393181171780254e+18,0.00031844796828153966,1.0215233030963088e-21,-100348.02734128316,2.689476775002648e+21,0.0,0.0,0.0,0.0,0.0,0.3333333333333333,0.3333333333333333,2.0,2.4966082885114063e-31,1.1115015552558786e-24,0.0,9.229586270333256e-19,,0.0,0.0,0.0,0.0,0.0,2.4966082885114063e-31,9.229586270333256e-19,1.2042810183467137e-06,17.0,1.5690296659570778e-17,5.119872410101689e-34,5.911994143538007e-25,,,5.119872410101689e-34,5.911994143538007e-25,10.0,,1.3683607328474346e-07,3.770662255519641,16396402978300.13,3.5171449315343975e-06,0.000428688638093324,3.5171449315343975e-06,0.000428688638093324,0.022196816156638936,0.0004322057830248584,False,False,1.0,1.77892332518344,6.256371807195266e-09,0.3137850855465809,0.5447701808716441,1.0,1.2485362447191817,3.2580401680699865e-07,0.13483407036763206,0.7989745514203029,0.2802332163115505,0.13419134331632435,0.02200689817663357,0.0024164260068996815,True,ANP6,125.0,8.0,7.76068019011021e+19,$(U_{0.8}Pu_{0.2})N$
RHO_1p7e13_ANP6,rizk2025_refit_plot,rizk2025_refit_full,925.0,3.2,17000000000000.0,1.7154889535957777e+23,2.3212853890606012e+26,1.3019518797732806e+25,9.739910717468471e+23,6.894684340580489e+18,1.7554734836381223,45.4977607747302,2.207122340488528,0.27200260640373886,2.4791249468922674,0.14932898668381508,2.6284539335760826,7589505987012.771,1.8973764967531927e+18,85.96547078345796,0.129462104572804,473590300531.6877,25824322.01868645,18338.92483949814,1266725363.2550595,1264616082.6076236,103059204.97914039,48793610.1073573,1.0016679217324886,2.1121455197183843,0.06525695820177785,88.30136929230189,4.952606615216399,6.680767134279967,6.680767134279967,0.0,1.7562544341962246e+25,1.7562544341962246e+25,0.0,2.6288215094111468e+26,2.6288215094111475e+26,1.0068332113847736,1.2608460091392843e+17,0.0042137064372709055,5.295740708520002e-07,1.2173799832814842e-07,1.2173799832814842e-07,0.0029203888226056593,0.0029203888226056593,6.538110955423493e+20,8.08289581994017e-06,9.229586270347583e-19,1.005157781403788e-24,1.005157781403788e-23,3.600113810511962e-27,1.8625632456264503e+19,17000000000000.0,17000000000000.0,0.0,0.022200260673262265,0.0004317219354037975,1.633352927560163e-05,5.681717669230116e-06,1.633352927560163e-05,5.681717669230116e-06,8.101602766781826e-30,6.325823106597436e+18,1.6549295995139144e+18,0.0008440565966290642,1.0212034596093663e-21,-100333.01262341203,2.6879104282611847e+21,0.0,0.0,0.0,0.0,0.0,0.3333333333333333,0.3333333333333333,2.0,1.4326320272288242e-30,7.928467239249499e-24,0.0,9.229586270333256e-19,,0.0,0.0,0.0,0.0,0.0,1.4326320272288242e-30,9.229586270333256e-19,8.590273720851104e-06,17.0,1.569029665959089e-17,3.600113810511962e-33,1.0051577778036742e-24,,,3.600113810511962e-33,1.0051577778036742e-24,10.0,,1.3683607328474346e-07,3.770662255519641,16372623204532.559,3.6550262857299913e-06,0.0004280669091180675,3.6550262857299913e-06,0.0004280669091180675,0.022200260673262265,0.0004317219354037975,False,False,1.0,1.779936268019824,6.258491445268093e-09,0.31404646663863117,0.544416745196116,1.0,1.2606903054498753,3.259359533400767e-07,0.14023342940499053,0.791028730166131,0.280505987312441,0.1395910868063228,0.022071223404885282,0.0027200260640373886,True,ANP6,125.0,8.0,7.76068019011021e+19,$(U_{0.8}Pu_{0.2})N$
RHO_1p7e13_ANP6,rizk2025_refit_plot,rizk2025_refit_full,950.0,3.2,17000000000000.0,1.714249252295356e+23,2.320885573415824e+26,1.3069556412447162e+25,9.730222067194964e+23,6.885522949760298e+18,1.757750808396313,47.29920973614138,2.213519133582291,0.30520187234124974,2.51872100592354,0.14931646335540044,2.668037469278941,7589607653340.13,1.8974019133350326e+18,85.9626837396099,0.12945544437158318,193044312919.25763,25825159.28335388,7475.048296940735,1264342523.3176153,1262977658.377766,88311729.0289751,46935245.05767156,1.0010806722753929,1.8815653123886387,0.06520980013889745,88.28616036148075,4.971640853385566,6.676988984994782,6.676988984994782,0.0,1.7552612261855584e+25,1.7552612261855584e+25,0.0,2.6288215094111468e+26,2.6288215094111468e+26,1.0076718348031335,1.2590245226322624e+17,0.004210225472646558,5.268455746448343e-07,1.382137691753381e-07,1.382137691753381e-07,0.003273469754809336,0.003273469754809336,7.492146546948916e+20,8.60379870599906e-06,9.229586270408242e-19,1.654156910152138e-24,1.654156910152138e-23,2.2845010932250072e-26,1.8625632456264503e+19,17000000000000.0,17000000000000.0,0.0,0.02220387312470146,0.0004312341388502293,1.6327139370600687e-05,5.649623912213066e-06,1.6327139370600687e-05,5.649623912213066e-06,9.223267009464126e-30,6.523910067949302e+18,1.922480123424081e+18,0.002125510835384136,1.0211809742987627e-21,-100334.25283868778,2.6863736294172493e+21,0.0,0.0,0.0,0.0,0.0,0.3333333333333333,0.3333333333333333,2.0,7.498646671560408e-30,4.1448101342312676e-23,0.0,9.229586270333256e-19,,0.0,0.0,0.0,0.0,0.0,7.498646671560408e-30,9.229586270333256e-19,4.490786491178152e-05,17.0,1.5690296659694012e-17,2.284501093225007e-32,1.6541568873071272e-24,,,2.284501093225007e-32,1.6541568873071272e-24,10.0,,1.3683607328474346e-07,3.770662255519641,16348649436887.932,3.7940307304718214e-06,0.00042744010811975746,3.7940307304718214e-06,0.00042744010811975746,0.02220387312470146,0.0004312341388502293,False,False,1.0,1.7809430843893188,6.260568078802016e-09,0.3143060449917284,0.5440658108602726,1.0,1.2731848990110988,3.260804383282591e-07,0.1456957381692862,0.7830027525381942,0.28077671812397437,0.14505378461982232,0.022135191335822906,0.0030520187234124975,True,ANP6,125.0,8.0,7.76068019011021e+19,$(U_{0.8}Pu_{0.2})N$
RHO_1p7e13_ANP6,rizk2025_refit_plot,rizk2025_refit_full,975.0,3.2,17000000000000.0,1.713025824561367e+23,2.3205310019213795e+26,1.3114920955206528e+25,9.720735909512364e+23,6.87569874704744e+18,1.7600164730762173,49.09493739801534,2.2199232093447034,0.3408125519617102,2.5607357613064137,0.14940045826367282,2.710136219570086,7588848837794.479,1.8972122094486198e+18,85.98166516784907,0.12949967203703644,82446757304.86234,25819458.086398162,3193.202468811526,1262261845.0341907,1261351830.485886,76980701.66977459,45218511.67672012,1.0007214597278176,1.702415643843639,0.06516326112019233,88.27267251176653,4.988897461564157,6.673266765549115,6.673266765549115,0.0,1.7542827211314063e+25,1.7542827211314063e+25,0.0,2.6288215094111468e+26,2.6288215094111468e+26,1.008572493031529,1.2572282365740944e+17,0.004206748962800065,5.242741025147248e-07,1.5449740620983762e-07,1.5449740620983762e-07,0.0036517777741756,0.0036517777741756,8.468729594366932e+20,9.17100347381242e-06,9.229586270693807e-19,2.6424228814455974e-24,2.6424228814455972e-23,1.3186026336093777e-25,1.8625632456264503e+19,17000000000000.0,17000000000000.0,0.0,0.022207765523578483,0.00043075060686083316,1.632078714073306e-05,5.619904171309012e-06,1.632078714073306e-05,5.619904171309012e-06,1.03360490309262e-29,6.7255142375676e+18,2.1873514254430467e+18,0.005106048564391596,1.021810683730003e-21,-100371.00731267667,2.684857176898547e+21,0.0,0.0,0.0,0.0,0.0,0.3333333333333333,0.3333333333333333,2.0,3.605513394506346e-29,1.6519152081715012e-22,0.0,9.229586270333256e-19,,0.0,0.0,0.0,0.0,0.0,3.605513394506346e-29,9.229586270333256e-19,0.00017898041794318947,17.0,1.5690296660179473e-17,1.3186026336093777e-31,2.642422749585334e-24,,,1.3186026336093777e-31,2.642422749585334e-24,10.0,,1.3683607328474346e-07,3.770662255519641,16324885348460.96,3.931817605970697e-06,0.00042681878925486245,3.931817605970697e-06,0.00042681878925486245,0.022207765523578483,0.00043075060686083316,False,False,1.0,1.7819508006175466,6.2626039834505775e-09,0.3145656341892069,0.5437149254021523,1.0,1.2858189501238493,3.2623566221384345e-07,0.15113071690966234,0.7750298747211942,0.28104723518560404,0.1504891515764302,0.022199232093447034,0.0034081255196171016,True,ANP6,125.0,8.0,7.76068019011021e+19,$(U_{0.8}Pu_{0.2})N$
RHO_1p7e13_ANP6,rizk2025_refit_plot,rizk2025_refit_full,1000.0,3.2,17000000000000.0,1.7118138978167955e+23,2.3202244242478195e+26,1.315534358655419e+25,9.711447866559981e+23,6.865352173386166e+18,1.7622768199623047,50.859484394214284,2.226357888679321,0.3783269582463414,2.6046848469256623,0.14969053287799902,2.7543753798036614,7586257712757.635,1.8965644281894088e+18,86.04707064860588,0.12965248198101356,36762600917.658295,25799832.385531284,1424.916269544255,1260357920.9691436,1259733984.3847497,68151843.92866907,43649675.698492624,1.000495292333245,1.5613367760031855,0.06511715959750497,88.26101034023978,5.004274173601453,6.669598326561289,6.669598326561289,0.0,1.7533183539996906e+25,1.7533183539996906e+25,0.0,2.6288215094111468e+26,2.628821509411147e+26,1.0095225580256117,1.25545009859708e+17,0.00420327020818681,5.218766314624599e-07,1.7004797317906326e-07,1.7004797317906326e-07,0.004049984426831545,0.004049984426831545,9.443553316538778e+20,9.783056258623907e-06,9.229586271935955e-19,4.1078364398687146e-24,4.107836439868715e-23,6.972208708889678e-25,1.8625632456264503e+19,17000000000000.0,17000000000000.0,0.0,0.022212001273551163,0.00043027829989014064,1.6314454750729237e-05,5.592684213834483e-06,1.6314454750729237e-05,5.592684213834483e-06,1.1402787835099684e-29,6.931306067076859e+18,2.440534761460843e+18,0.01174622389617524,1.0238332491607565e-21,-100483.57153126113,2.683355184366499e+21,0.0,0.0,0.0,0.0,0.0,0.3333333333333333,0.3333333333333333,2.0,1.6026995865756309e-28,5.19276648232866e-22,0.0,9.229586270333256e-19,,0.0,0.0,0.0,0.0,0.0,1.6026995865756309e-28,9.229586270333256e-19,0.000562621804415882,17.0,1.5690296662291124e-17,6.972208708889678e-31,4.1078357426478436e-24,,,6.972208708889678e-31,4.1078357426478436e-24,10.0,,1.3683607328474346e-07,3.770662255519641,16301673022305.807,4.066403473876556e-06,0.0004262118964162641,4.066403473876556e-06,0.0004262118964162641,0.022212001273551163,0.00043027829989014064,False,False,1.0,1.7829632205654158,6.264599936162276e-09,0.3148262125881502,0.5433627668017147,1.0,1.298408541945391,3.263994603339402e-07,0.1564609069528023,0.7672237222769993,0.2813185214942312,0.1558197235715799,0.02226357888679321,0.0037832695824634136,True,ANP6,125.0,8.0,7.76068019011021e+19,$(U_{0.8}Pu_{0.2})N$
RHO_1p7e13_ANP6,rizk2025_refit_plot,rizk2025_refit_full,1025.0,3.2,17000000000000.0,1.710610147220355e+23,2.3199660220823176e+26,1.319081058104623e+25,9.702354989936717e+23,6.854639689764846e+18,1.764535135909122,52.57139425173753,2.2328353620334354,0.4171783153597721,2.6500136773932077,0.15040501734534356,2.800418694738551,7579913437354.646,1.8949783593386614e+18,86.2077946490254,0.13002844816770628,17058434571.483257,25751731.720295176,662.4189299875064,1258560850.1034024,1258121731.226516,61192536.42372557,42228288.43704534,1.0003490273365347,1.4490887196376063,0.06507136909434105,88.25118075825496,5.017765768357912,6.665982104292792,6.665982104292792,0.0,1.752367713711467e+25,1.752367713711467e+25,0.0,2.6288215094111468e+26,2.6288215094111468e+26,1.0105078450567284,1.2536851989534669e+17,0.004199787812163044,5.196612704511818e-07,1.8432176916495541e-07,1.8432176916495541e-07,0.0044621512679710205,0.0044621512679710205,1.039101105881517e+21,1.0438314448130197e-05,9.22958627695745e-19,6.228609020264905e-24,6.228609020264905e-23,3.398959714178951e-24,1.8625632456264503e+19,17000000000000.0,17000000000000.0,0.0,0.022216612356089023,0.0004298229416158152,1.6308132967858817e-05,5.5679724683848684e-06,1.6308132967858817e-05,5.5679724683848684e-06,1.2385922882005847e-29,7.141095285288767e+18,2.673018404060219e+18,0.025973639194106595,1.028727769265436e-21,-100752.11308992052,2.6818635468288033e+21,0.0,0.0,0.0,0.0,0.0,0.3333333333333333,0.3333333333333333,2.0,6.624193185834588e-28,1.3258494972592796e-21,0.0,9.229586270333256e-19,,0.0,0.0,0.0,0.0,0.0,6.624193185834588e-28,9.229586270333256e-19,0.0014365210503198725,17.0,1.5690296670827666e-17,3.398959714178951e-30,6.228605621305191e-24,,,3.398959714178951e-30,6.228605621305191e-24,10.0,,1.3683607328474346e-07,3.770662255519641,16279293748049.545,4.196157484233436e-06,0.0004256267841315818,4.196157484233436e-06,0.0004256267841315818,0.022216612356089023,0.0004298229416158152,False,False,1.0,1.7839823183367065,6.266556414044135e-09,0.31508828485318957,0.543008654000163,1.0,1.3107888370890466,3.2656939914393105e-07,0.16162154904638074,0.7596785771067921,0.281591084567766,0.1609807360102226,0.022328353620334356,0.0041717831535977214,True,ANP6,125.0,8.0,7.76068019011021e+19,$(U_{0.8}Pu_{0.2})N$
RHO_1p7e13_ANP6,rizk2025_refit_plot,rizk2025_refit_full,1050.0,3.2,17000000000000.0,1.709412092140862e+23,2.3197542961496655e+26,1.3221477465192264e+25,9.693453614539978e+23,6.843726900046681e+18,1.766793043821623,54.21307211476879,2.2393613992407175,0.456765543296722,2.6961269425374397,0.1519633836610022,2.848090326198442,7566185623968.797,1.8915464059921992e+18,86.5567943002503,0.1308459793350363,8212066865.872192,25647899.94762526,320.18476688702725,1256830609.134252,1256513889.8204386,55655858.350966915,40949533.2657089,1.0002520619281485,1.3591329109866332,0.06502579524783972,88.24312673359432,5.029431407898767,6.66241606325908,6.66241606325908,0.0,1.7514302651741805e+25,1.7514302651741805e+25,0.0,2.6288215094111468e+26,2.628821509411147e+26,1.0115132238621691,1.2519298794727965e+17,0.004196303121042538,5.176305001309792e-07,1.9681045862928764e-07,1.9681045862928764e-07,0.004881979624720843,0.004881979624720843,1.1285413415367445e+21,1.1136290121550312e-05,9.229586295923071e-19,9.230255568932457e-24,9.230255568932457e-23,1.5366002896313798e-23,1.8625632456264503e+19,17000000000000.0,17000000000000.0,0.0,0.022221610255988258,0.0004293890750869429,1.6301817238122422e-05,5.54569969001647e-06,1.6301817238122422e-05,5.54569969001647e-06,1.3250144160780102e-29,7.353992306193698e+18,2.8764254529612616e+18,0.05542436220177637,1.0393408904669515e-21,-101329.11037986234,2.6803791954110673e+21,0.0,0.0,0.0,0.0,0.0,0.3333333333333333,0.3333333333333333,2.0,2.558981501392922e-27,2.8205305937173354e-21,0.0,9.229586270333256e-19,,0.0,0.0,0.0,0.0,0.0,2.558981501392922e-27,9.229586270333256e-19,0.0030559664358555606,17.0,1.569029670306922e-17,1.5366002896313797e-29,9.230240202929561e-24,,,1.5366002896313797e-29,9.230240202929561e-24,10.0,,1.3683607328474346e-07,3.770662255519641,16257970770381.678,4.31978542250345e-06,0.0004250692896644395,4.31978542250345e-06,0.0004250692896644395,0.022221610255988258,0.0004293890750869429,False,False,1.0,1.785009007847509,6.268474054810371e-09,0.3153520816031344,0.5426522766345148,1.0,1.3228154348113985,3.267428808664876e-07,0.16656009228554491,0.7524702386262035,0.28186515857984357,0.16591963295317316,0.022393613992407177,0.00456765543296722,True,ANP6,125.0,8.0,7.76068019011021e+19,$(U_{0.8}Pu_{0.2})N$
RHO_1p7e13_ANP6,rizk2025_refit_plot,rizk2025_refit_full,1075.0,3.2,17000000000000.0,1.708217807288987e+23,2.3195866963438282e+26,1.3247606667328702e+25,9.684738547490222e+23,6.832780732958024e+18,1.7690512658348225,55.770648445507874,2.245938014660594,0.4964816204638737,2.742419635124467,0.15514589595778347,2.897565531082251,7538510316150.81,1.8846275790377024e+18,87.26339298627151,0.13250454864383782,4089591830.0490327,25440220.968135584,160.75299955811442,1255143709.9074066,1254909929.9009705,51219710.661353946,39805884.67012549,1.0001862922596003,1.2867371517004516,0.06498036482026602,88.23675126058343,5.0393709195936065,6.658897455002716,6.658897455002716,0.0,1.7505052858674284e+25,1.7505052858674284e+25,0.0,2.6288215094111468e+26,2.628821509411147e+26,1.0125233283386137,1.2501813085432003e+17,0.004192818716235608,5.157832150274409e-07,2.070856533739881e-07,2.070856533739881e-07,0.005303100131234392,0.005303100131234392,1.2102436644166264e+21,1.1875217437515937e-05,9.229586363166182e-19,1.339269735187341e-23,1.339269735187341e-22,6.475908336901747e-23,1.8625632456264503e+19,17000000000000.0,17000000000000.0,0.0,0.02222699279071493,0.0004289801263765272,1.629550553689202e-05,5.525747339322695e-06,1.629550553689202e-05,5.525747339322695e-06,1.3965487916132709e-29,7.568694450528976e+18,3.043743216859632e+18,0.11464901516988067,1.0609842546387523e-21,-102491.02539542329,2.678899748124429e+21,0.0,0.0,0.0,0.0,0.0,0.3333333333333333,0.3333333333333333,2.0,9.283292620781236e-27,5.111146223267797e-21,0.0,9.229586270333256e-19,,0.0,0.0,0.0,0.0,0.0,9.283292620781236e-27,9.229586270333256e-19,0.005537784709036987,17.0,1.569029681738251e-17,6.475908336901747e-29,1.3392632592790043e-23,,,6.475908336901747e-29,1.3392632592790043e-23,10.0,,1.3683607328474346e-07,3.770662255519641,16237872380103.5,4.43631177369008e-06,0.00042454381460283716,4.43631177369008e-06,0.00042454381460283716,0.02222699279071493,0.0004289801263765272,False,False,1.0,1.786043579493497,6.2703538325461255e-09,0.3156176726243352,0.5422935417984986,1.0,1.3343657785980492,3.269172650453114e-07,0.1712356872318495,0.7456569265024744,0.28214081856942114,0.17059556055692843,0.022459380146605937,0.004964816204638737,True,ANP6,125.0,8.0,7.76068019011021e+19,$(U_{0.8}Pu_{0.2})N$
RHO_1p7e13_ANP6,rizk2025_refit_plot,rizk2025_refit_full,1100.0,3.2,17000000000000.0,1.707025787520794e+23,2.3194600439251694e+26,1.3269525002311981e+25,9.676202661008148e+23,6.821960937573868e+18,1.7713100604497363,57.23389836062145,2.252565005670069,0.5357446235618649,2.788309629231934,0.16136415185690448,2.9496737810888383,7485535507544.917,1.871383876886229e+18,88.62207290426902,0.1357024679703394,2100690181.851244,25050192.65796321,83.85924254292932,1253486038.9634771,1253309654.5707765,47647328.593279146,38788201.810265355,1.0001407348870708,1.2283974602985903,0.06493502055615659,88.23193342041415,5.047708623353565,6.655422935676131,6.655422935676131,0.0,1.7495918967533693e+25,1.7495918967533693e+25,0.0,2.6288215094111468e+26,2.628821509411147e+26,1.0135233437051434,1.2484372873017229e+17,0.004189337463624301,5.141158133794778e-07,2.1484702401491657e-07,2.1484702401491657e-07,0.005719393788522318,0.005719393788522318,1.2820742954660646e+21,1.2652800171307759e-05,9.229586587946777e-19,1.9057338427981425e-23,1.9057338427981425e-22,2.556484784617257e-22,1.8625632456264503e+19,17000000000000.0,17000000000000.0,0.0,0.022232748225911213,0.00042859846140777937,1.628919714010487e-05,5.507966520875496e-06,1.628919714010487e-05,5.507966520875496e-06,1.4510677111914354e-29,7.783831647152391e+18,3.1700970007786706e+18,0.23121481306358405,1.1033359124240245e-21,-104710.33124274798,2.6774233569990793e+21,0.0,0.0,0.0,0.0,0.0,0.3333333333333333,0.3333333333333333,2.0,3.1761352235744896e-26,8.043227546416823e-21,0.0,9.229586270333256e-19,,0.0,0.0,0.0,0.0,0.0,3.1761352235744896e-26,9.229586270333256e-19,0.008714613021693452,17.0,1.569029719950952e-17,2.556484784617257e-28,1.9057082779502963e-23,,,2.556484784617257e-28,1.9057082779502963e-23,10.0,,1.3683607328474346e-07,3.770662255519641,16219114592500.85,4.545064195753294e-06,0.00042405339721202605,4.545064195753294e-06,0.00042405339721202605,0.022232748225911213,0.00042859846140777937,False,False,1.0,1.787085952066206,6.272197147385834e-09,0.31588503214698754,0.5419324856990091,1.0,1.3453408645951603,3.270900034197992e-07,0.17561882258242992,0.7392799814293364,0.2824180462686828,0.1749790041272806,0.02252565005670069,0.00535744623561865,True,ANP6,125.0,8.0,7.76068019011021e+19,$(U_{0.8}Pu_{0.2})N$
RHO_1p7e13_ANP6,rizk2025_refit_plot,rizk2025_refit_full,1125.0,3.2,17000000000000.0,1.7058348780577716e+23,2.3193707978910678e+26,1.328759636174551e+25,9.667836523601682e+23,6.811411299333868e+18,1.7735694860650164,58.59622200551004,2.2592408503969827,0.5740299628808797,2.8332708132778626,0.17311458521662593,3.0063853984944884,7388714084423.021,1.8471785211057551e+18,91.11756569498162,0.1415970291531477,1109705679.624588,24364127.630796317,45.54670277715658,1251848902.6259644,1251713010.0864954,44761112.00908103,37886401.6146168,1.0001085652528767,1.1814558813052314,0.06488971852789947,88.22853851384548,5.054582943032111,6.651988824594514,6.651988824594514,0.0,1.748689130245663e+25,1.748689130245663e+25,0.0,2.6288215094111468e+26,2.628821509411147e+26,1.0144998341497529,1.2466961649591954e+17,0.004185861865351996,5.126226029699148e-07,2.1996865433960088e-07,2.1996865433960088e-07,0.006125329628238997,0.006125329628238997,1.3423664924661784e+21,1.3467627683511526e-05,9.229587299187473e-19,2.6634018997210715e-23,2.6634018997210716e-22,9.494708146321283e-22,1.8625632456264503e+19,17000000000000.0,17000000000000.0,0.0,0.022238857725196303,0.00042824543527836284,1.6282891885227006e-05,5.492189813888668e-06,1.6282891885227006e-05,5.492189813888668e-06,1.4876343405487004e-29,7.998253975247922e+18,3.2534842183473526e+18,0.45807009478533417,1.1837637892731222e-21,-108732.67028420392,2.675948653143042e+21,0.0,0.0,0.0,0.0,0.0,0.3333333333333333,0.3333333333333333,2.0,1.028854216590493e-25,1.117844112518055e-20,0.0,9.229586270333256e-19,,0.0,0.0,0.0,0.0,0.0,1.028854216590493e-25,9.229586270333256e-19,0.012111528677089001,17.0,1.5690298408618703e-17,9.494708146321284e-28,2.663306952639608e-23,,,9.494708146321284e-28,2.663306952639608e-23,10.0,,1.3683607328474346e-07,3.770662255519641,16201763243230.492,4.6456614205479885e-06,0.00042359977385781483,4.6456614205479885e-06,0.00042359977385781483,0.022238857725196303,0.00042824543527836284,False,False,1.0,1.788135818917121,6.2740059074248806e-09,0.31615407670274565,0.5415692224251392,1.0,1.3556672201284965,3.272587818178312e-07,0.17969112887746339,0.7333643212908862,0.2826967684569156,0.17905159222358516,0.02259240850396983,0.0057402996288087975,True,ANP6,125.0,8.0,7.76068019011021e+19,$(U_{0.8}Pu_{0.2})N$
RHO_1p7e13_ANP6,rizk2025_refit_plot,rizk2025_refit_full,1150.0,3.2,17000000000000.0,1.704644203877895e+23,2.3193152130706678e+26,1.3302205099770837e+25,9.65962795110941e+23,6.801251178756465e+18,1.775829570408842,59.854656600859165,2.2659632341876965,0.610901587921116,2.8768648221088124,0.19473371085588245,3.071598532964695,7220294749638.316,1.805073687409579e+18,95.49396224622528,0.15198048179581947,601038257.60288,23247543.067444067,25.853839945975878,1250226781.9500377,1250119964.7716749,42424938.0577235,37089846.07169451,1.0000854455423263,1.1438423868278202,0.0648444254497801,88.2264240751055,5.0601400864034005,6.648591413041315,6.648591413041315,0.0,1.7477960113889256e+25,1.7477960113889256e+25,0.0,2.6288215094111468e+26,2.6288215094111468e+26,1.0154415536504084,1.2449567865079837e+17,0.004182393575175797,5.112957789161351e-07,2.225353793714956e-07,2.225353793714956e-07,0.006516295554948289,0.006516295554948289,1.3900781678625843e+21,1.4316318220872303e-05,9.22958943709223e-19,3.660792762206921e-23,3.660792762206921e-22,3.330768464716398e-21,1.8625632456264503e+19,17000000000000.0,17000000000000.0,0.0,0.02224529713671862,0.0004279214464889288,1.627658969737851e-05,5.4782382220012115e-06,1.627658969737851e-05,5.4782382220012115e-06,1.5067563484910576e-29,8.211183610741562e+18,3.2953385382249436e+18,0.9005984469477928,1.3332978483977238e-21,-115603.0479857003,2.6744747516212554e+21,0.0,0.0,0.0,0.0,0.0,0.3333333333333333,0.3333333333333333,2.0,3.1667589742037936e-25,1.392433705843146e-20,0.0,9.229586270333256e-19,,0.0,0.0,0.0,0.0,0.0,3.1667589742037936e-25,9.229586270333256e-19,0.015086626716538222,17.0,1.569030204305679e-17,3.330768464716398e-27,3.6604596853604494e-23,,,3.330768464716398e-27,3.6604596853604494e-23,10.0,,1.3683607328474346e-07,3.770662255519641,16185835763948.412,4.738003147181695e-06,0.0004231834433417471,4.738003147181695e-06,0.0004231834433417471,0.02224529713671862,0.0004279214464889288,False,False,1.0,1.7891927325343324,6.2757826284288225e-09,0.3164246870280682,0.541203914308208,1.0,1.3652988804237471,3.2742165929442774e-07,0.1834452697567875,0.7279187607910724,0.2829768794218387,0.1828059882533331,0.022659632341876963,0.00610901587921116,True,ANP6,125.0,8.0,7.76068019011021e+19,$(U_{0.8}Pu_{0.2})N$
RHO_1p7e13_ANP6,rizk2025_refit_plot,rizk2025_refit_full,1175.0,3.2,17000000000000.0,1.7034530161698975e+23,2.319289430224403e+26,1.331374612041147e+25,9.651561416030705e+23,6.791568194886846e+18,1.7780904319167432,61.00986204992647,2.2727293624021314,0.6460391010758979,2.9187684634780298,0.2336345687835043,3.152403032261534,6943878046284.691,1.7359695115711729e+18,102.79977911673134,0.169382099193573,332829903.14440316,21595377.14063707,15.412090327336815,1248616020.8646815,1248530423.5099494,40532025.635192744,36387559.73883858,1.0000685584853362,1.1138978795527892,0.06479911283712332,88.2254432992646,5.064530274401831,6.645227313496468,6.645227313496468,0.0,1.7469116496645965e+25,1.7469116496645965e+25,0.0,2.6288215094111468e+26,2.6288215094111475e+26,1.0163401598345574,1.2432184025288542e+17,0.004178932976781883,5.101252095666038e-07,2.2285810298132898e-07,2.2285810298132898e-07,0.006888889394392366,0.006888889394392366,1.424913912335711e+21,1.5196034103034752e-05,9.229595562117292e-19,4.954703152658314e-23,4.954703152658314e-22,1.1076769180051558e-20,1.8625632456264503e+19,17000000000000.0,17000000000000.0,0.0,0.022252039390187547,0.00042762602556595714,1.6270290250934485e-05,5.465925198512143e-06,1.6270290250934485e-05,5.465925198512143e-06,1.5104954394971165e-29,8.422230816633057e+18,3.3007512970857805e+18,1.7799973569599183,1.6079226960838797e-21,-126505.2288919512,2.673001289629242e+21,0.0,0.0,0.0,0.0,0.0,0.3333333333333333,0.3333333333333333,2.0,9.291784035179553e-25,1.5748113098161132e-20,0.0,9.229586270333256e-19,,0.0,0.0,0.0,0.0,0.0,9.291784035179553e-25,9.229586270333256e-19,0.01706262532542485,17.0,1.5690312455599397e-17,1.1076769180051557e-26,4.953595475740309e-23,,,1.1076769180051557e-26,4.953595475740309e-23,10.0,,1.3683607328474346e-07,3.770662255519641,16171303245642.98,4.822258610899345e-06,0.0004228037669550578,4.822258610899345e-06,0.0004228037669550578,0.022252039390187547,0.00042762602556595714,False,False,1.0,1.7902561533110768,6.27753056481652e-09,0.3166967206993114,0.540836754822313,1.0,1.3742188736571805,3.2757719085106805e-07,0.18688475705390992,0.7229364247477998,0.28325825428588824,0.1862457057533663,0.022727293624021316,0.006460391010758979,True,ANP6,125.0,8.0,7.76068019011021e+19,$(U_{0.8}Pu_{0.2})N$
RHO_1p7e13_ANP6,rizk2025_refit_plot,rizk2025_refit_full,1200.0,3.2,17000000000000.0,1.7022603106945186e+23,2.3192895291793813e+26,1.3322618387495167e+25,9.643617123850693e+23,6.782413054462752e+18,1.780352390799043,62.06600132416379,2.279536156371525,0.6792570325349334,2.9587931889064585,0.30223592295597146,3.2610291118624297,6520949805969.112,1.630237451492278e+18,114.38232432676621,0.19692903614186882,188060038.1089703,19408593.18138988,9.689524446794708,1247014025.307452,1246944150.7608716,38996564.45627005,35768374.83705754,1.000056036628856,1.0902526221534663,0.06475374248880911,88.22544706349802,5.0679052723056195,6.641893921707553,6.641893921707553,0.0,1.7460353604611971e+25,1.7460353604611971e+25,0.0,2.6288215094111468e+26,2.628821509411147e+26,1.0171907319547466,1.2414804443864762e+17,0.004175478685158409,5.090982420675127e-07,2.2145638213788143e-07,2.2145638213788143e-07,0.007241129278534888,0.007241129278534888,1.4473801698094977e+21,1.6104663586379114e-05,9.229612338152461e-19,6.611179243465562e-23,6.611179243465562e-22,3.503783313863259e-20,1.8625632456264503e+19,17000000000000.0,17000000000000.0,0.0,0.022259059555111232,0.00042735801500091346,1.626399266104184e-05,5.455059414005016e-06,1.626399266104184e-05,5.455059414005016e-06,1.5023523643695967e-29,8.631324056632424e+18,3.2781671707641605e+18,3.589413530617516,2.1112828607082287e-21,-142231.22843615763,2.671528521394706e+21,0.0,0.0,0.0,0.0,0.0,0.3333333333333333,0.3333333333333333,2.0,2.6067819204802983e-24,1.635620778320907e-20,0.0,9.229586270333256e-19,,0.0,0.0,0.0,0.0,0.0,2.6067819204802983e-24,9.229586270333256e-19,0.017721446127913074,17.0,1.5690340974859185e-17,3.503783313863259e-26,6.607675460151699e-23,,,3.503783313863259e-26,6.607675460151699e-23,10.0,,1.3683607328474346e-07,3.770662255519641,16158093642314.348,4.89884936963369e-06,0.00042245916563127977,4.89884936963369e-06,0.00042245916563127977,0.022259059555111232,0.00042735801500091346,False,False,1.0,1.7913254775644232,6.2792539136723536e-09,0.31697001940154657,0.5404679587445264,1.0,1.3824395595605452,3.2772451686954136e-07,0.1900234657924233,0.7183955721409646,0.28354075733365997,0.18938462332379333,0.022795361563715248,0.006792570325349334,True,ANP6,125.0,8.0,7.76068019011021e+19,$(U_{0.8}Pu_{0.2})N$
RHO_1p7e13_ANP6,rizk2025_refit_plot,rizk2025_refit_full,1225.0,3.2,17000000000000.0,1.701063928200818e+23,2.3193115619761966e+26,1.3329219646116105e+25,9.63576914340592e+23,6.773797538570155e+18,1.7826161238370557,63.03043363412649,2.2863803925027213,0.7105124726806651,2.996892865183386,0.42073530070742304,3.4176281658908096,5925606979684.146,1.4814017449210365e+18,131.85781619020742,0.23780756374294154,108356612.47128649,16836317.058350243,6.435885716320915,1245418720.1068425,1245360664.2026114,37748008.05920717,35221080.86526044,1.0000466177436784,1.0717447372956437,0.06470823226723577,88.226285187986,5.070416381788444,6.638590197958322,6.638590197958322,0.0,1.745166870455884e+25,1.745166870455884e+25,0.0,2.6288215094111468e+26,2.6288215094111468e+26,1.0179919917671172,1.2397419968704363e+17,0.00417202667351209,5.081996933819519e-07,2.190004714836702e-07,2.190004714836702e-07,0.007572541379331417,0.007572541379331417,1.4587408806294785e+21,1.7039012889303703e-05,9.229656387498668e-19,8.707186635561624e-23,8.707186635561624e-22,1.057421518979397e-19,1.8625632456264503e+19,17000000000000.0,17000000000000.0,0.0,0.022266346327800866,0.00042711594622348975,1.6257695054860154e-05,5.445447597954285e-06,1.6257695054860154e-05,5.445447597954285e-06,1.486873667118031e-29,8.838610569064927e+18,3.23843389445046e+18,7.495539242138825,3.043378562563269e-21,-162295.71146883292,2.670057534369007e+21,0.0,0.0,0.0,0.0,0.0,0.3333333333333333,0.3333333333333333,2.0,7.011716541319382e-24,1.5757510302933402e-20,0.0,9.229586270333256e-19,,0.0,0.0,0.0,0.0,0.0,7.011716541319382e-24,9.229586270333256e-19,0.017072694411762224,17.0,1.5690415858747737e-17,1.057421518979397e-25,8.696612420371831e-23,,,1.057421518979397e-25,8.696612420371831e-23,10.0,,1.3683607328474346e-07,3.770662255519641,16146097005786.965,4.968422229752787e-06,0.00042214752399373696,4.968422229752787e-06,0.00042214752399373696,0.022266346327800866,0.00042711594622348975,False,False,1.0,1.792400051825587,6.280958225528902e-09,0.3172444126553034,0.5400977571045266,1.0,1.3900011402825114,3.278634020068371e-07,0.1928846158733783,0.714261161628423,0.28382424788895444,0.19224596593210902,0.022863803925027213,0.0071051247268066504,True,ANP6,125.0,8.0,7.76068019011021e+19,$(U_{0.8}Pu_{0.2})N$
RHO_1p7e13_ANP6,rizk2025_refit_plot,rizk2025_refit_full,1250.0,3.2,17000000000000.0,1.6998585469386328e+23,2.3193515585894002e+26,1.3333941934089586e+25,9.627981033044471e+23,6.765696335318907e+18,1.7848829685557381,63.91316655231222,2.293258816621178,0.7398984471289584,3.0331572637501365,0.6208217152377054,3.6539789789878414,5163020666327.77,1.2907551665819423e+18,157.1694696961981,0.29438881277425905,63703485.92769977,14124880.641839448,4.510019414889995,1243828070.6818995,1243779025.9135828,36727319.29109003,34734626.990871355,1.0000394320593087,1.0573690427348585,0.06466237973377657,88.22780665351952,5.0722127334831395,6.635318233263563,6.635318233263563,0.0,1.7443067293391223e+25,1.7443067293391223e+25,0.0,2.6288215094111468e+26,2.6288215094111468e+26,1.0187461564310334,1.238000649311491e+17,0.004168568361540755,5.074120978917442e-07,2.1621552391675712e-07,2.1621552391675712e-07,0.007884095306876027,0.007884095306876027,1.4608495917581586e+21,1.7997568500403238e-05,9.229767552555075e-19,1.1334130523459807e-22,1.1334130523459808e-21,3.0533079764031823e-19,1.8625632456264503e+19,17000000000000.0,17000000000000.0,0.0,0.02227392725746945,0.00042689881118138394,1.6251393729795096e-05,5.436898295184487e-06,1.6251393729795096e-05,5.436898295184487e-06,1.4689982096798703e-29,9.044365059356536e+18,3.193253048968516e+18,16.428333318306404,4.812173090541883e-21,-184273.82360245747,2.6685907783671307e+21,0.0,0.0,0.0,0.0,0.0,0.3333333333333333,0.3333333333333333,2.0,1.8128222181985484e-23,1.4206355952567515e-20,0.0,9.229586270333256e-19,,0.0,0.0,0.0,0.0,0.0,1.8128222181985484e-23,9.229586270333256e-19,0.015391889201624338,17.0,1.5690604839343627e-17,3.0533079764031822e-25,1.1303597443695776e-22,,,3.0533079764031822e-25,1.1303597443695776e-22,10.0,,1.3683607328474346e-07,3.770662255519641,16135173312496.506,5.0318113923748905e-06,0.00042186699978900903,5.0318113923748905e-06,0.00042186699978900903,0.02227392725746945,0.00042689881118138394,False,False,1.0,1.793479171519045,6.2826513624358396e-09,0.3175197175425193,0.5397263975361629,1.0,1.396967893752666,3.2799421147028353e-07,0.195499069270318,0.7104873721731955,0.28410858509900017,0.19486060141396788,0.02293258816621178,0.007398984471289584,True,ANP6,125.0,8.0,7.76068019011021e+19,$(U_{0.8}Pu_{0.2})N$
RHO_1p7e13_ANP6,rizk2025_refit_plot,rizk2025_refit_full,1275.0,3.2,17000000000000.0,1.698631381331932e+23,2.3194054558944732e+26,1.333717036942343e+25,9.620195533103246e+23,6.758052638612664e+18,1.787155592902254,64.72608171491447,2.3001682389683245,0.7676232689585571,3.0677915079268816,0.9508819642492253,4.018673472176107,4279164447253.46,1.0697911118133649e+18,192.8722381997051,0.3674341181432084,38234721.17674092,11510210.18225211,3.321809121756614,1242239453.2337883,1242197382.7107174,35884638.494655125,34298383.91543572,1.0000338678245957,1.0462486682500958,0.06461569852691991,88.22985689941412,5.073440825737515,6.632086576321468,6.632086576321468,0.0,1.7434571844110807e+25,1.7434571844110807e+25,0.0,2.6288215094111468e+26,2.6288215094111475e+26,1.0194584263327107,1.2362501026493566e+17,0.004165086262980507,5.067161146200619e-07,2.1376645506425332e-07,2.1376645506425332e-07,0.008177987671827595,0.008177987671827595,1.4558561280665046e+21,1.8980730660709024e-05,9.230037822986944e-19,1.4605900990819512e-22,1.4605900990819512e-21,8.457331924393166e-19,1.8625632456264503e+19,17000000000000.0,17000000000000.0,0.0,0.022281922100556868,0.00042670760450013107,1.6245081301007374e-05,5.429226653359559e-06,1.6245081301007374e-05,5.429226653359559e-06,1.4532696479603373e-29,9.24892347478898e+18,3.1533300242734495e+18,38.26894476794747,8.309353259806344e-21,-204299.2883955369,2.6671333042706176e+21,0.0,0.0,0.0,0.0,0.0,0.3333333333333333,0.3333333333333333,2.0,4.5155265368944576e-23,1.2079846732221998e-20,0.0,9.229586270333256e-19,,0.0,0.0,0.0,0.0,0.0,4.5155265368944576e-23,9.229586270333256e-19,0.013087537628651693,17.0,1.5691064299077806e-17,8.457331924393166e-25,1.452132767157558e-22,,,8.457331924393166e-25,1.452132767157558e-22,10.0,,1.3683607328474346e-07,3.770662255519641,16125162642339.213,5.089996036553355e-06,0.0004216176084635777,5.089996036553355e-06,0.0004216176084635777,0.022281922100556868,0.00042670760450013107,False,False,1.0,1.7945620492216803,6.28434575426535e-09,0.3177957306836699,0.5393541550779964,1.0,1.4034222472432405,3.281178251684565e-07,0.19790299072562853,0.7070210079787195,0.28439363186314853,0.19726470030049564,0.023001682389683243,0.007676232689585572,True,ANP6,125.0,8.0,7.76068019011021e+19,$(U_{0.8}Pu_{0.2})N$
RHO_1p7e13_ANP6,rizk2025_refit_plot,rizk2025_refit_full,1300.0,3.2,17000000000000.0,1.6973532583265874e+23,2.3194688335729758e+26,1.3339291953029645e+25,9.61231143956387e+23,6.75078632444707e+18,1.7894394577534374,65.48204570930218,2.307105588597959,0.7939802272329686,3.1010858158309276,1.4852251545748136,4.586310970405741,3351028359744.225,8.377570899360563e+17,242.78316763349562,0.4559280512007594,23391914.009959377,9143961.756653996,2.5581815226794062,1240648542.5754914,1240611963.9203176,35177896.26082335,33902422.80846509,1.0000294843643602,1.0376218968055517,0.06456707890779519,88.23226777737885,5.074247873153485,6.62891727055989,6.62891727055989,0.0,1.7426240304954871e+25,1.7426240304954871e+25,0.0,2.6288215094111468e+26,2.6288215094111475e+26,1.0201362180733826,1.23447531913579e+17,0.004161544408518856,5.060907537815199e-07,2.1215629800184352e-07,2.1215629800184352e-07,0.008457318286681404,0.008457318286681404,1.4458192270414507e+21,1.9991546705039497e-05,9.23067223883602e-19,1.8677388802971109e-22,1.8677388802971108e-21,2.2525702314749626e-18,1.8625632456264503e+19,17000000000000.0,17000000000000.0,0.0,0.022290652426808045,0.0004265483602110347,1.6238742658349012e-05,5.422259495011092e-06,1.6238742658349012e-05,5.422259495011092e-06,1.443139107993319e-29,9.452646343673557e+18,3.126747901042667e+18,96.23617787921637,1.5668470211412594e-20,-218928.7412356662,2.6656955207780904e+21,0.0,0.0,0.0,0.0,0.0,0.3333333333333333,0.3333333333333333,2.0,1.085968502764781e-22,9.755018938795317e-21,0.0,9.229586270333256e-19,,0.0,0.0,0.0,0.0,0.0,1.085968502764781e-22,9.229586270333256e-19,0.01056804822703294,17.0,1.5692142806021235e-17,2.2525702314749626e-24,1.8452131779823613e-22,,,2.2525702314749626e-24,1.8452131779823613e-22,10.0,,1.3683607328474346e-07,3.770662255519641,16115896343304.77,5.144070894777013e-06,0.00042140428931625764,5.144070894777013e-06,0.00042140428931625764,0.022290652426808045,0.0004265483602110347,False,False,1.0,1.7956477174759884,6.2860634643374e-09,0.31807220359964195,0.5389813653627132,1.0,1.409457620105348,3.282355085147288e-07,0.20013520145061392,0.7038053153961813,0.2846792570430219,0.19949708873065816,0.02307105588597959,0.007939802272329686,True,ANP6,125.0,8.0,7.76068019011021e+19,$(U_{0.8}Pu_{0.2})N$
RHO_1p7e13_ANP6,rizk2025_refit_plot,rizk2025_refit_full,1325.0,3.2,17000000000000.0,1.6959606322554834e+23,2.3195362387563964e+26,1.3340726800607749e+25,9.604134653308958e+23,6.743802522712635e+18,1.7917458824744295,66.19409879903392,2.314067884207616,0.8193156966343109,3.133383580841927,2.0283397010689175,5.161723281910844,2369749205090.9727,5.924373012727432e+17,302.33837708844123,0.5,13711383.61295566,7342766.146259352,1.867332193323451,1239047144.751388,1239014986.2848547,34571916.95150175,33537732.823283035,1.000025954864864,1.0308364352971633,0.06451410360817447,88.23483186106348,5.074793687151494,6.625860348176855,5.436743739604916,1.1891166085719387,1.7418204201641746e+25,1.4292228883829798e+25,3.125975317811948e+24,2.6288215094111468e+26,2.5975617562330274e+26,1.0207883504650612,1.2326428945034034e+17,0.004157868282055137,5.055127945380347e-07,2.1167316976815798e-07,2.1167316976815798e-07,0.008725743469861508,0.008725743469861508,1.432293678946175e+21,2.1039469286856682e-05,9.232112917471617e-19,2.378617999571639e-22,2.378617999571639e-21,5.78187606487805e-18,1.8625632456264503e+19,17000000000000.0,17000000000000.0,0.0,0.022300861341727235,0.0004264380715074199,1.623234649921315e-05,5.415839290929189e-06,1.623234649921315e-05,5.415839290929189e-06,1.4405984170136857e-29,9.655911444028285e+18,3.118124518513883e+18,148.45424238966854,1.8604955273551643e-20,-208996.9476003059,2.664298984983243e+21,2.519240198128669e+21,0.0,0.0,0.0,0.0,0.3333333333333333,0.3333333333333333,2.0,2.5266471383605937e-22,7.527425499158216e-21,0.0,9.229586270333256e-19,,0.0,0.0,0.0,0.0,0.0,2.5266471383605937e-22,9.229586270333256e-19,0.008153524081050495,17.0,1.569459195970175e-17,5.78187606487805e-24,2.3207992389228585e-22,,,5.78187606487805e-24,2.3207992389228585e-22,10.0,,1.3683607328474346e-07,3.770662255519641,16107206897958.123,5.195261673668825e-06,0.00042124280983375106,5.195261673668825e-06,0.00042124280983375106,0.022300861341727235,0.0004264380715074199,False,False,1.0,1.7967347993760654,6.28784692642288e-09,0.3183487845811867,0.5386085029147931,1.0,1.4151716582644136,3.283487752090901e-07,0.2022347887786837,0.7007834080235426,0.28496533421421993,0.20159685768130128,0.02314067884207616,0.00819315696634311,True,ANP6,125.0,8.0,7.76068019011021e+19,$(U_{0.8}Pu_{0.2})N$
RHO_1p7e13_ANP6,rizk2025_refit_plot,rizk2025_refit_full,1350.0,3.2,17000000000000.0,1.6943203576464072e+23,2.319599725126659e+26,1.3342001745620806e+25,9.595279845319529e+23,6.736998259854909e+18,1.7940981961306053,66.87491163270549,2.3210520694152077,0.8440043946488605,3.1650564640640684,2.3210752068154887,5.486131670879557,1809694821520.1428,4.524237053800357e+17,345.9726744780458,0.5,9988005.72324998,6416691.7325167935,1.556566239988659,1237418960.685584,1237390464.3502526,34037678.66420663,33196305.547180697,1.0000230293800967,1.0253453841672266,0.06445170779304576,88.23724687364746,5.07527867443895,6.623022744120559,4.525279149026837,2.0977435950937218,1.7410744647063363e+25,1.189615116305152e+25,5.514593484011844e+24,2.6288215094111468e+26,2.5736755745710287e+26,1.021424409641963,1.2306823514340358e+17,0.0041539046983979505,5.049544732982134e-07,2.1240407912525753e-07,2.1240407912525753e-07,0.0089871987311265,0.0089871987311265,1.416000213425806e+21,2.2144359655330884e-05,9.235283837640407e-19,3.0343633300233184e-22,3.0343633300233186e-21,1.4331663655150738e-17,1.8625632456264503e+19,17000000000000.0,17000000000000.0,0.0,0.022314143606053913,0.0004264161025258476,1.62258283570299e-05,5.409825769628257e-06,1.62258283570299e-05,5.409825769628257e-06,1.446269334324454e-29,9.859134226409314e+18,3.128840699810947e+18,202.5195956913707,2.2141559511160448e-20,-145050.24114942172,2.6629879976183076e+21,1.9056873162005954e+21,0.0,0.0,0.0,0.0,0.3333333333333333,0.3333333333333333,2.0,5.697567307150379e-22,5.580606868254579e-21,0.0,9.229586270333256e-19,,0.0,0.0,0.0,0.0,0.0,5.697567307150379e-22,9.229586270333256e-19,0.006042702061315758,17.0,1.569998252398869e-17,1.433166365515074e-23,2.891046693471811e-22,,,1.433166365515074e-23,2.891046693471811e-22,10.0,,1.3683607328474346e-07,3.770662255519641,16098934301095.09,5.2450328859721324e-06,0.0004211710696398755,5.2450328859721324e-06,0.0004211710696398755,0.022314143606053913,0.0004264161025258476,False,False,1.0,1.7978210297665822,6.289780557089056e-09,0.3186248975112036,0.5382363443261103,1.0,1.42066150089821,3.2845928008214864e-07,0.20423952253937275,0.6979005177083498,0.2852517348782833,0.20360177943508792,0.023210520694152078,0.008440043946488604,True,ANP6,125.0,8.0,7.76068019011021e+19,$(U_{0.8}Pu_{0.2})N$
RHO_1p7e13_ANP6,rizk2025_refit_plot,rizk2025_refit_full,1375.0,3.2,17000000000000.0,1.692162720893904e+23,2.3196459812353924e+26,1.3343897358204806e+25,9.58498149134971e+23,6.730266160656833e+18,1.796543602657197,67.53656579628272,2.328054667772155,0.8684359001345686,3.1964905679067233,2.582242245544382,5.778732813451105,1462142850329.197,3.655357125822992e+17,384.901468602953,0.49999999999999994,8103975.455012373,5767709.871458174,1.4050594838543,1235731512.1828172,1235706161.9414556,33551688.02072786,32871082.11418993,1.000020514781056,1.0207053088235305,0.0643696315948414,88.23900644950942,5.075999762796306,6.620624156099453,4.046398666138978,2.574225489960474,1.7404439187281263e+25,1.063725984919872e+25,6.767179338082542e+24,2.6288215094111468e+26,2.5611497160303213e+26,1.0220544017180044,1.2284506848168877e+17,0.004149344803775713,5.043782096760788e-07,2.1429959094682029e-07,2.1429959094682029e-07,0.00924573734695089,0.00924573734695089,1.3967495334454614e+21,2.3340337030619305e-05,9.242059895885406e-19,3.912758454223057e-22,3.9127584542230566e-21,3.437073971002977e-17,1.8625632456264503e+19,17000000000000.0,17000000000000.0,0.0,0.022333766952520467,0.00042656584435571155,1.6219057906580533e-05,5.404095083346189e-06,1.6219057906580533e-05,5.404095083346189e-06,1.4598407500093506e-29,1.0062812816430963e+19,3.158080748004507e+18,311.9261400699348,3.040918081821781e-20,-130044.35946002918,2.661851879159634e+21,1.890878140192278e+21,0.0,0.0,0.0,0.0,0.3333333333333333,0.3333333333333333,2.0,1.2473625552150166e-21,3.994251795482064e-21,0.0,9.229586270333256e-19,,0.0,0.0,0.0,0.0,0.0,1.2473625552150166e-21,9.229586270333256e-19,0.00432181985453299,17.0,1.571150182300519e-17,3.437073971002977e-23,3.5690510571227593e-22,,,3.437073971002977e-23,3.5690510571227593e-22,10.0,,1.3683607328474346e-07,3.770662255519641,16090928412755.39,5.295354675045862e-06,0.0004212704896806657,5.295354675045862e-06,0.0004212704896806657,0.022333766952520467,0.00042656584435571155,False,False,1.0,1.7989023285266745,6.292032411143116e-09,0.31889950763965397,0.5378662835676247,1.0,1.4260216493946027,3.2856875904919094e-07,0.2061852318068145,0.695104861640431,0.2855383143851236,0.2055476848105658,0.02328054667772155,0.008684359001345687,True,ANP6,125.0,8.0,7.76068019011021e+19,$(U_{0.8}Pu_{0.2})N$
RHO_1p7e13_ANP6,rizk2025_refit_plot,rizk2025_refit_full,1400.0,3.2,17000000000000.0,1.688958246908402e+23,2.3196510059769833e+26,1.3347718043823547e+25,9.571744844635174e+23,6.723496609931749e+18,1.7991752582294955,68.19049493433279,2.3350712291802673,0.8930079544639072,3.2280791836441747,2.832207185742295,6.0602863693864695,1215440569009.5303,3.038601422523826e+17,422.1605107193297,0.49999999999999994,6819441.573979985,5258663.336884085,1.2968013232846938,1233921240.1643746,1233898693.21826,33095813.207619358,32555856.972996786,1.0000182729313505,1.016585532829636,0.06424773385572027,88.23919758997188,5.077453146224987,6.619101529947406,3.690362178837184,2.928739351110221,1.740043647490197e+25,9.701303473244575e+24,7.699133001657394e+24,2.6288215094111468e+26,2.551830179394573e+26,1.0226885798843919,1.2256671094877013e+17,0.004143581842951701,5.037266452481344e-07,2.1723145076796434e-07,2.1723145076796434e-07,0.009505450127040297,0.009505450127040297,1.3738861834855865e+21,2.468252788335297e-05,9.256141022594044e-19,5.167759547233053e-22,5.167759547233053e-21,7.989389038480301e-17,1.8625632456264503e+19,17000000000000.0,17000000000000.0,0.0,0.022366200024473763,0.00042705497035236775,1.6211778227764974e-05,5.398538185036681e-06,1.6211778227764974e-05,5.398538185036681e-06,1.480459204665674e-29,1.0267594417162113e+19,3.203757584094412e+18,475.6813461592849,4.1987124807433126e-20,-124080.11559555077,2.6610662310631063e+21,1.979386524750693e+21,0.0,0.0,0.0,0.0,0.3333333333333333,0.3333333333333333,2.0,2.6554752260788454e-21,2.7719141772846878e-21,0.0,9.229586270333256e-19,,0.0,0.0,0.0,0.0,0.0,2.6554752260788454e-21,9.229586270333256e-19,0.0029946758271276377,17.0,1.5735439738409874e-17,7.989389038480301e-23,4.368820643385022e-22,,,7.989389038480301e-23,4.368820643385022e-22,10.0,,1.3683607328474346e-07,3.770662255519641,16083049362349.494,5.349229118807152e-06,0.0004217057412335606,5.349229118807152e-06,0.0004217057412335606,0.022366200024473763,0.00042705497035236775,False,False,1.0,1.7999710968491347,6.294931502314087e-09,0.3191706915338996,0.5375009107547934,1.0,1.4313432046188244,3.286789939743432e-07,0.20810565445641285,0.6923478343503875,0.2858248895126591,0.207468313114777,0.023350712291802675,0.008930079544639072,True,ANP6,125.0,8.0,7.76068019011021e+19,$(U_{0.8}Pu_{0.2})N$
RHO_1p7e13_ANP6,rizk2025_refit_plot,rizk2025_refit_full,1425.0,3.2,17000000000000.0,1.6836998261460912e+23,2.3195706055675197e+26,1.335576856202853e+25,9.552726343054805e+23,6.716580406841818e+18,1.802171927405741,68.8473863698761,2.342095540060719,0.9181194784881126,3.2602150185488314,3.068102605592537,6.328317624141369,1035723928174.1366,2.5893098204353414e+17,457.3223913266727,0.5,5881695.413278685,4854343.548672251,1.2116355907458245,1231866954.9715912,1231846954.3556426,32657990.752947774,32245232.78303201,1.0000162362831502,1.0128005889333496,0.06404770427046749,88.23613916971873,5.080515552012585,6.619297573998233,3.40263333984953,3.2166642341487033,1.7400951839719577e+25,8.944915712435933e+24,8.456036127283645e+24,2.6288215094111468e+26,2.5442611481383104e+26,1.0233372648092585,1.2217972555008925e+17,0.004135458584628208,5.029051464188595e-07,2.2097957367654705e-07,2.2097957367654705e-07,0.00977042698942466,0.00977042698942466,1.3474414691617168e+21,2.62397235706073e-05,9.284638864197777e-19,7.108195478197102e-22,7.108195478197102e-21,1.8029544796246132e-16,1.8625632456264503e+19,17000000000000.0,17000000000000.0,0.0,0.02242387833442724,0.000428208468897258,1.620349695851127e-05,5.393060085412383e-06,1.620349695851127e-05,5.393060085412383e-06,1.506637841840254e-29,1.047438216402079e+19,3.262304799452075e+18,694.0466871526384,5.626297686273824e-20,-120737.42100126532,2.6609667130630854e+21,2.0840406967342743e+21,0.0,0.0,0.0,0.0,0.3333333333333333,0.3333333333333333,2.0,5.505259386452124e-21,1.8723276130120317e-21,0.0,9.229586270333256e-19,,0.0,0.0,0.0,0.0,0.0,5.505259386452124e-21,9.229586270333256e-19,0.002016586364206215,17.0,1.578388606913622e-17,1.8029544796246133e-22,5.305240998572488e-22,,,1.8029544796246133e-22,5.305240998572488e-22,10.0,,1.3683607328474346e-07,3.770662255519641,16075168441706.777,5.411656410531905e-06,0.0004227968124867261,5.411656410531905e-06,0.0004227968124867261,0.02242387833442724,0.000428208468897258,False,False,1.0,1.8010132079914833,6.299106313051222e-09,0.3194348783804731,0.5371450329522652,1.0,1.4367128690148723,3.2879176960656504e-07,0.21003217012317266,0.6895843731949043,0.2861112066947319,0.20939504493408084,0.023420955400607187,0.009181194784881126,True,ANP6,125.0,8.0,7.76068019011021e+19,$(U_{0.8}Pu_{0.2})N$
RHO_1p7e13_ANP6,rizk2025_refit_plot,rizk2025_refit_full,1450.0,3.2,17000000000000.0,1.6745376819807547e+23,2.3193239228971536e+26,1.3372182473576307e+25,9.522682219327293e+23,6.709404479715125e+18,1.8058666381120112,69.51770717550322,2.3491185027890493,0.9441889274016915,3.293307430190741,3.2832862886408325,6.576593718831574,904411889001.5366,2.2610297225038416e+17,489.3970410879777,0.5,5198069.326421073,4536194.160603673,1.145909796270563,1229344388.2155228,1229326658.5404973,32232995.864311676,31934309.83555637,1.00001442226515,1.009353138686678,0.06369917759672658,88.22675539567841,5.086759380849581,6.622786045875266,3.172909139507632,3.4498769063676336,1.7410122409624895e+25,8.341011793344875e+24,9.06911061628002e+24,2.6288215094111468e+26,2.5381304032483464e+26,1.0240113209561064,1.2158578425828936e+17,0.004122838718595607,5.017511903236208e-07,2.252413951127181e-07,2.252413951127181e-07,0.010045090593294564,0.010045090593294564,1.3194337818204496e+21,2.8073394133537253e-05,9.34088619014059e-19,1.03501318176948e-21,1.03501318176948e-20,3.956100289530877e-16,1.8625632456264503e+19,17000000000000.0,17000000000000.0,0.0,0.02253006452950619,0.0004306377104825178,1.619329854177873e-05,5.387574412574478e-06,1.619329854177873e-05,5.387574412574478e-06,1.5363167612135055e-29,1.0684589997627159e+19,3.328818353170867e+18,963.878761058357,7.274683578188447e-20,-119039.43585073944,2.662176253712806e+21,2.1941958550888938e+21,0.0,0.0,0.0,0.0,0.3333333333333333,0.3333333333333333,2.0,1.1129991980733449e-20,1.2351760164789186e-21,0.0,9.229586270333256e-19,,0.0,0.0,0.0,0.0,0.0,1.1129991980733449e-20,9.229586270333256e-19,0.0013223327972699858,17.0,1.5879506523239004e-17,3.9561002895308766e-22,6.394031528163924e-22,,,3.9561002895308766e-22,6.394031528163924e-22,10.0,,1.3683607328474346e-07,3.770662255519641,16067161602274.648,5.491415666080485e-06,0.0004251462948164373,5.491415666080485e-06,0.0004251462948164373,0.02253006452950619,0.0004306377104825178,False,False,1.0,1.802002888132742,6.305724033774811e-09,0.3196855605354156,0.5368074087382168,1.0,1.4422171415784253,3.289089439357327e-07,0.21199535710811024,0.6867707153394899,0.2863968971868182,0.21135845924297994,0.023491185027890493,0.009441889274016915,True,ANP6,125.0,8.0,7.76068019011021e+19,$(U_{0.8}Pu_{0.2})N$
RHO_1p7e13_ANP6,rizk2025_refit_plot,rizk2025_refit_full,1475.0,3.2,17000000000000.0,1.6582184220807574e+23,2.3187659326529288e+26,1.34043330430483e+25,9.472292713076852e+23,6.70180590037244e+18,1.8108603549515185,70.21587570170638,2.3561264896891787,0.9718212797208013,3.32794776940998,3.4763394209835936,6.804287190393573,806750832567.5281,2.01687708141882e+17,518.1729757569045,0.5,4701732.214104756,4284283.634740323,1.0974371948625048,1225952430.2908163,1225936607.3865125,31819380.31220319,31616781.50153798,1.0000129067883352,1.0064079517599018,0.06307839524837867,88.2055295253701,5.098989412198949,6.632402667182608,2.9943553806225,3.6380472865601083,1.74354027905655e+25,7.87162583140143e+24,9.56377695916407e+24,2.6288215094111468e+26,2.533183739819507e+26,1.0247264855812819,1.206112713265757e+17,0.0041019237833750475,4.999808196212952e-07,2.2986131489111114e-07,2.2986131489111114e-07,0.010336222403944979,0.010336222403944979,1.2937010204883427e+21,3.019202070826397e-05,9.449295664440247e-19,1.6104112356588178e-21,1.610411235658818e-20,8.452417180343286e-16,1.8625632456264503e+19,17000000000000.0,17000000000000.0,0.0,0.02272710304550291,0.00043546270860477925,1.6179535384441708e-05,5.381969813143097e-06,1.6179535384441708e-05,5.381969813143097e-06,1.5684274196067215e-29,1.090076252383947e+19,3.400698452301575e+18,1276.0801607542687,9.072023873601158e-20,-118124.53113214433,2.6658150329847455e+21,2.3035475184972978e+21,0.0,0.0,0.0,0.0,0.3333333333333333,0.3333333333333333,2.0,2.1970939410699096e-20,7.982677016900445e-22,0.0,9.229586270333256e-19,,0.0,0.0,0.0,0.0,0.0,2.1970939410699096e-20,9.229586270333256e-19,0.0008447906913253856,17.0,1.606380262954842e-17,8.452417180343286e-22,7.651695176244892e-22,,,8.452417180343286e-22,7.651695176244892e-22,10.0,,1.3683607328474346e-07,3.770662255519641,16058860076139.342,5.604417140223714e-06,0.00042985829146455554,5.604417140223714e-06,0.00042985829146455554,0.02272710304550291,0.00043546270860477925,False,False,1.0,1.8028944295629614,6.3168859116322104e-09,0.3199112072501732,0.53650355434241,1.0,1.4479768099200394,3.290332019201941e-07,0.21403717354038862,0.6838469657322072,0.2866814114487957,0.21340051744780877,0.02356126489689179,0.009718212797208014,True,ANP6,125.0,8.0,7.76068019011021e+19,$(U_{0.8}Pu_{0.2})N$
RHO_1p7e13_ANP6,rizk2025_refit_plot,rizk2025_refit_full,1500.0,3.2,17000000000000.0,1.6293532043026493e+23,2.3176447854703114e+26,1.3465049799550903e+25,9.385778268390078e+23,6.69344671681865e+18,1.8181973548419388,70.97094718799504,2.3630992603598444,1.0022595984612919,3.3653588588211365,3.649863950548777,7.015222809369915,731864052479.8516,1.8296601311996288e+17,544.0380340733816,0.5,4339441.273664252,4080597.055647325,1.063432927703239,1221003909.9683275,1220989566.4450526,31409722.511789188,31280405.404755827,1.0000117474576926,1.0041341250332292,0.06198036642919978,88.16288124443494,5.1220859808648855,6.65305240827097,2.8583005114590536,3.7947518968119165,1.7489687274102355e+25,7.513961864884442e+24,9.975725409217914e+24,2.6288215094111468e+26,2.5290642553189675e+26,1.025515105166944,1.1896630076242307e+17,0.004066280521954404,4.971054417880596e-07,2.3495924274114235e-07,2.3495924274114235e-07,0.010657970101848038,0.010657970101848038,1.2733376422454666e+21,3.2522361023220126e-05,9.653577892834512e-19,2.6703221709632663e-21,2.6703221709632663e-20,1.7607759639859707e-15,1.8625632456264503e+19,17000000000000.0,17000000000000.0,0.0,0.02308989597334174,0.0004446867321584376,1.61593575044951e-05,5.3760299033962365e-06,1.61593575044951e-05,5.3760299033962365e-06,1.60377680595408e-29,1.112767855290079e+19,3.479650768761653e+18,1619.1699957249773,1.0943004160138212e-19,-117264.4702687982,2.6738240232930494e+21,2.4062296520711387e+21,0.0,0.0,0.0,0.0,0.3333333333333333,0.3333333333333333,2.0,4.239916225012569e-20,5.067891913502495e-22,0.0,9.229586270333256e-19,,0.0,0.0,0.0,0.0,0.0,4.239916225012569e-20,9.229586270333256e-19,0.0005249755033586253,17.0,1.6411082417818672e-17,1.7607759639859707e-21,9.095462069772957e-22,,,1.7607759639859707e-21,9.095462069772957e-22,10.0,,1.3683607328474346e-07,3.770662255519641,16049925890472.006,5.779746995827221e-06,0.0004389069851626104,5.779746995827221e-06,0.0004389069851626104,0.02308989597334174,0.0004446867321584376,False,False,1.0,1.803609970770051,6.3362357706688616e-09,0.32009218738447187,0.5362598829852254,1.0,1.4542366334168297,3.291701150847753e-07,0.21624200856344702,0.6806927908652997,0.2869639366098743,0.2156056188436203,0.023630992603598446,0.010022595984612918,True,ANP6,125.0,8.0,7.76068019011021e+19,$(U_{0.8}Pu_{0.2})N$
RHO_1p7e13_ANP6,rizk2025_refit_plot,rizk2025_refit_full,1525.0,3.2,17000000000000.0,1.579802109126621e+23,2.3155436048276713e+26,1.3575617760635456e+25,9.238251582516607e+23,6.683644169929537e+18,1.8296041535481267,71.83982323998184,2.3700079726908556,1.038000816270416,3.408008788961271,3.813347446450366,7.221356235411637,670457131580.1066,1.6761428289502666e+17,568.4064053109917,0.5,4065178.8926890604,3905656.198200958,1.040844018621399,1213390471.021784,1213377219.1622894,30981003.505638994,30902080.487921886,1.0000109214671953,1.0025539710100735,0.0600954497470045,88.08295262869903,5.164145877548141,6.692806044005827,2.7555118840244073,3.93729415998142,1.7594192486799445e+25,7.243748910161396e+24,1.035044357663805e+25,2.6288215094111468e+26,2.5253170736447663e+26,1.0264422325598968,1.1620558470281624e+17,0.004005755830614694,4.923345646946786e-07,2.4078418157439913e-07,2.4078418157439913e-07,0.011038354262739084,0.011038354262739084,1.2575659887627694e+21,3.493553369713296e-05,1.0030351091137525e-18,4.655100322574004e-21,4.6551003225740044e-20,3.580777516173852e-15,1.8625632456264503e+19,17000000000000.0,17000000000000.0,0.0,0.023746788115036353,0.0004618165071344366,1.6128090200647226e-05,5.369345996195094e-06,1.6128090200647226e-05,5.369345996195094e-06,1.6440558364016206e-29,1.1373777938832024e+19,3.5692641563519135e+18,1992.6466525989438,1.2871812649762253e-19,-115760.8151910678,2.689407020782391e+21,2.4996891638938143e+21,0.0,0.0,0.0,0.0,0.3333333333333333,0.3333333333333333,2.0,8.007648208042697e-20,3.1682982816812804e-22,0.0,9.229586270333256e-19,,0.0,0.0,0.0,0.0,0.0,8.007648208042697e-20,9.229586270333256e-19,0.0003158711248383599,17.0,1.705159685493379e-17,3.5807775161738524e-21,1.0743228064001518e-21,,,3.5807775161738524e-21,1.0743228064001518e-21,10.0,,1.3683607328474346e-07,3.770662255519641,16039702739785.18,6.069729921370785e-06,0.0004557467772130658,6.069729921370785e-06,0.0004557467772130658,0.023746788115036353,0.0004618165071344366,False,False,1.0,1.8040244735582174,6.3697864111567076e-09,0.32019697718435836,0.5361188085468067,1.0,1.4614793550589744,3.293309595618789e-07,0.21877469984617695,0.6770734879687125,0.2872433186348232,0.21813862183855992,0.023700079726908557,0.010380008162704159,True,ANP6,125.0,8.0,7.76068019011021e+19,$(U_{0.8}Pu_{0.2})N$
RHO_1p7e13_ANP6,rizk2025_refit_plot,rizk2025_refit_full,1550.0,3.2,17000000000000.0,1.4990554186806535e+23,2.3118175308905868e+26,1.3768958640126099e+25,8.99459827868797e+23,6.671220943663331e+18,1.8477428886201521,72.91629472354323,2.376812918075903,1.0833473081382823,3.4601602262141853,3.9840880970136903,7.4442483232278756,614222756433.9851,1.535556891084963e+17,593.8565067743396,0.5,3837768.039942075,3738276.7969629765,1.0266141991036957,1201478276.44321,1201465860.684676,30492924.685260497,30445869.588093676,1.0000103338421342,1.0015455330330003,0.05702385701402909,87.94121330087684,5.2376924758236365,6.764070366285499,2.677080232763696,4.0869901335218035,1.7781533670061853e+25,7.037566098308604e+24,1.074396757175325e+25,2.6288215094111468e+26,2.5213818336936148e+26,1.0276202596853514,1.1173284294995549e+17,0.003906002964309571,4.845189096813495e-07,2.4764997378320725e-07,2.4764997378320725e-07,0.01152500625293708,0.01152500625293708,1.2411223789478092e+21,3.734801976329813e-05,1.0711233129353537e-18,8.378501496912049e-21,8.378501496912049e-20,7.11715258415843e-15,1.8625632456264503e+19,17000000000000.0,17000000000000.0,0.0,0.024909514157093963,0.000492868587775055,1.6078628702799495e-05,5.36128149588269e-06,1.6078628702799495e-05,5.36128149588269e-06,1.6914008845480422e-29,1.1652502578601847e+19,3.6738873532188324e+18,2423.7518528056207,1.4969531064085925e-19,-112992.50675148518,2.717506554320279e+21,2.5874876504265395e+21,0.0,0.0,0.0,0.0,0.3333333333333333,0.3333333333333333,2.0,1.4816468590202815e-19,1.9547622806480766e-22,0.0,9.229586270333256e-19,,0.0,0.0,0.0,0.0,0.0,1.4816468590202815e-19,9.229586270333256e-19,0.00018249647421930904,17.0,1.820909631990101e-17,7.11715258415843e-21,1.2613489127536196e-21,,,7.11715258415843e-21,1.2613489127536196e-21,10.0,,1.3683607328474346e-07,3.770662255519641,16027124900828.777,6.5663709583448545e-06,0.00048630221681671013,6.5663709583448545e-06,0.00048630221681671013,0.024909514157093963,0.000492868587775055,False,False,1.0,1.8039540459085872,6.426792458757457e-09,0.3201791750352466,0.5361427741451928,1.0,1.4705107536969768,3.2953525801539056e-07,0.22190570277392144,0.6726050017829884,0.28751797414837693,0.2212700171499073,0.02376812918075903,0.010833473081382822,True,ANP6,125.0,8.0,7.76068019011021e+19,$(U_{0.8}Pu_{0.2})N$
RHO_1p7e13_ANP6,rizk2025_refit_plot,rizk2025_refit_full,1575.0,3.2,17000000000000.0,1.3771861806518676e+23,2.3055610007980354e+26,1.4091218929004362e+25,8.61382066516968e+23,6.654405595842844e+18,1.876323512487201,74.3319302130703,2.3834585162159425,1.1447854710715193,3.528243987287462,4.1889975286951175,7.717241515982579,555601693084.9652,1.389004232712413e+17,624.3997067087635,0.5,3619757.7518729577,3555414.866707275,1.0180971525343459,1183176507.6347554,1183164835.501758,29894015.414802894,29866034.60499997,1.0000098651790919,1.0009368772980072,0.052387968362308315,87.70321577726587,5.360279835872455,6.884116418499411,2.6155485175849393,4.268567900914471,1.809711331424168e+25,6.875810201935729e+24,1.122130311230595e+25,2.6288215094111468e+26,2.516608478288088e+26,1.0292194316009486,1.0492923969810664e+17,0.003750212792807215,4.7224464120109626e-07,2.559124943072137e-07,2.559124943072137e-07,0.012189448841764537,0.012189448841764537,1.216269887602081e+21,3.979669417301887e-05,1.1918027971817664e-18,1.5313431223305902e-20,1.5313431223305902e-19,1.384090397445483e-14,1.8625632456264503e+19,17000000000000.0,17000000000000.0,0.0,0.026911289972384005,0.0005479676430848094,1.6001338849882142e-05,5.351024454037365e-06,1.6001338849882142e-05,5.351024454037365e-06,1.7482347131247652e-29,1.1982786902890836e+19,3.7981780786418386e+18,2988.2917527879335,1.7537340420200327e-19,-108315.35625400071,2.7650396619315463e+21,2.6790598130439993e+21,0.0,0.0,0.0,0.0,0.3333333333333333,0.3333333333333333,2.0,2.6884417014844093e-19,1.1925617140326962e-22,0.0,9.229586270333256e-19,,0.0,0.0,0.0,0.0,0.0,2.6884417014844093e-19,9.229586270333256e-19,0.00010006367805585995,17.0,2.0260647552090028e-17,1.384090397445483e-20,1.4725272488510705e-21,,,1.384090397445483e-20,1.4725272488510705e-21,10.0,,1.3683607328474346e-07,3.770662255519641,16010736617206.096,7.428847370038202e-06,0.0005405387957147712,7.428847370038202e-06,0.0005405387957147712,0.026911289972384005,0.0005479676430848094,False,False,1.0,1.8031627625357936,6.520131701923116e-09,0.3199790887321423,0.536412155140934,1.0,1.4824852393178145,3.298125942168082e-07,0.22601135117954488,0.666755430933633,0.28778569271856613,0.22537619181095214,0.023834585162159427,0.011447854710715194,True,ANP6,125.0,8.0,7.76068019011021e+19,$(U_{0.8}Pu_{0.2})N$
RHO_1p7e13_ANP6,rizk2025_refit_plot,rizk2025_refit_full,1600.0,3.2,17000000000000.0,1.211258921494674e+23,2.2956682536824217e+26,1.4598662131523342e+25,8.06324426310919e+23,6.630836096569276e+18,1.9198095724816218,76.24302621163275,2.389862331121878,1.230997808604075,3.6208601397259526,4.453495860923395,8.074356000649347,491565803300.2565,1.2289145082506413e+17,663.8250536890323,0.4999999999999999,3388261.9200134324,3344254.615975906,1.0131590770114507,1156375569.5608852,1156364689.4052832,29134282.925540436,29117417.163345553,1.0000094089310247,1.0005792327698666,0.046076118791571925,87.32689707018751,5.553310515476354,7.073716295544563,2.5650046843303875,4.508711611214176,1.8595537549199685e+25,6.742939485908071e+24,1.1852598063291614e+25,2.6288215094111468e+26,2.5102955287782308e+26,1.0314695006785453,9.546865489754731e+16,0.003524840646770382,4.542148301844729e-07,2.6584345106485814e-07,2.6584345106485814e-07,0.013128039848517821,0.013128039848517821,1.1756916102054634e+21,4.243839303959977e-05,1.4017765731852965e-18,2.8072866441166047e-20,2.8072866441166047e-19,2.6363059898109156e-14,1.8625632456264503e+19,17000000000000.0,17000000000000.0,0.0,0.03024695183962274,0.0006438344911890621,1.5885253455414213e-05,5.337769757876948e-06,1.5885253455414213e-05,5.337769757876948e-06,1.8164045114858528e-29,1.2387442992156609e+19,3.9450530580173414e+18,3812.976643017628,2.103007523604983e-19,-101674.8745310043,2.8404172510520337e+21,2.7874898993862033e+21,0.0,0.0,0.0,0.0,0.3333333333333333,0.3333333333333333,2.0,4.788179461519709e-19,7.206892439595517e-23,0.0,9.229586270333256e-19,,0.0,0.0,0.0,0.0,0.0,4.788179461519709e-19,9.229586270333256e-19,5.141256158404111e-05,17.0,2.383020174415004e-17,2.6363059898109155e-20,1.7098065430568916e-21,,,2.6363059898109155e-20,1.7098065430568916e-21,10.0,,1.3683607328474346e-07,3.770662255519641,15988896074612.824,8.929949967148836e-06,0.0006349045412219133,8.929949967148836e-06,0.0006349045412219133,0.03024695183962274,0.0006438344911890621,False,False,1.0,1.8014090081489746,6.66528223124746e-09,0.31953515789458065,0.5370099670780433,1.0,1.4988255554991756,3.302029043063484e-07,0.23153185474200896,0.658908081927812,0.28804320062797356,0.23089742693418353,0.023898623311218777,0.01230997808604075,True,ANP6,125.0,8.0,7.76068019011021e+19,$(U_{0.8}Pu_{0.2})N$
RHO_1p7e13_ANP6,rizk2025_refit_plot,rizk2025_refit_full,1625.0,3.2,17000000000000.0,1.0119414344029494e+23,2.2810343011289492e+26,1.5347712745850697e+25,7.340173469766115e+23,6.597745984732246e+18,1.982552053182122,78.7991021146139,2.3959002312922,1.3522220300171013,3.7481222613093017,4.818756793838145,8.566879055147448,419868944552.40454,1.0496723613810114e+17,718.2697789059467,0.49999999999999983,3123304.001692266,3090760.6935397685,1.0105292228610643,1119778787.5224762,1119768833.5278559,28183317.11693718,28172909.84827458,1.0000088893299424,1.000369406948684,0.03849410965256531,86.7702235759589,5.83824831427546,7.353034000113078,2.5219859269013605,4.831048073211717,1.9329813938928742e+25,6.629850851070504e+24,1.269996308785824e+25,2.6288215094111468e+26,2.5018218785325645e+26,1.034645352369547,8.369780693377757e+16,0.003228378515116575,4.298902934248083e-07,2.773855148928635e-07,2.773855148928635e-07,0.014456339816515984,0.014456339816515984,1.1155686010310006e+21,4.5470992475342256e-05,1.7607334386319764e-18,5.120371716109041e-20,5.120371716109041e-19,4.922854290289942e-14,1.8625632456264503e+19,17000000000000.0,17000000000000.0,0.0,0.03560422057451396,0.000807589523097442,1.572097022391504e-05,5.321027473064742e-06,1.572097022391504e-05,5.321027473064742e-06,1.8955159416123714e-29,1.2888664819166628e+19,4.111842575294072e+18,5156.728417185587,2.626266720523985e-19,-92637.70774730036,2.952023141480401e+21,2.923545538668131e+21,0.0,0.0,0.0,0.0,0.3333333333333333,0.3333333333333333,2.0,8.377748115986507e-19,4.32093384762443e-23,0.0,9.229586270333256e-19,,0.0,0.0,0.0,0.0,0.0,8.377748115986507e-19,9.229586270333256e-19,2.454053380721634e-05,17.0,2.99324684567436e-17,4.922854290289942e-20,1.9751742581909914e-21,,,4.922854290289942e-20,1.9751742581909914e-21,10.0,,1.3683607328474346e-07,3.770662255519641,15960212940846.883,1.1533835517282049e-05,0.00079605568758016,1.1533835517282049e-05,0.00079605568758016,0.03560422057451396,0.000807589523097442,False,False,1.0,1.7985341518773041,6.877331475122605e-09,0.318806032201371,0.5379922416614082,1.0,1.5209924125815166,3.307540089325064e-07,0.23887413115786285,0.6485039838107143,0.28828557351347395,0.23824072517779415,0.023959002312922,0.013522220300171013,True,ANP6,125.0,8.0,7.76068019011021e+19,$(U_{0.8}Pu_{0.2})N$
RHO_1p7e13_ANP6,rizk2025_refit_plot,rizk2025_refit_full,1650.0,3.2,17000000000000.0,8.026994142892342e+22,2.2608361227393066e+26,1.6381449673380065e+25,6.485345441708144e+23,6.552301659006039e+18,2.067668796294228,82.1042222127116,2.4014007629704484,1.5190741266188774,3.920474889589326,5.328960121947022,9.249435011536347,343319782067.0077,8.582994551675192e+16,794.3191931752964,0.5,2821182.987547602,2794846.226899712,1.009423330841749,1073681802.4579517,1073672922.848566,27045399.92686112,27038804.341249745,1.0000082703113737,1.000243930372369,0.030534572675078194,86.00188771453455,6.231480385691721,7.736097327098662,2.484263760217749,5.251833566880913,2.033681905237504e+25,6.530686007911033e+24,1.380613304446401e+25,2.6288215094111468e+26,2.4907601789665068e+26,1.0390396444093144,7.0711960855984376e+16,0.002876875537290391,3.9998784353636713e-07,2.899629266858835e-07,2.899629266858835e-07,0.016297978557452745,0.016297978557452745,1.0379212202326613e+21,4.905120613681154e-05,2.364150646143271e-18,9.247330480694055e-20,9.247330480694055e-19,9.020265555838444e-14,1.8625632456264503e+19,17000000000000.0,17000000000000.0,0.0,0.043878288301368605,0.0010824724771061585,1.5504107280336e-05,5.300895979677929e-06,1.5504107280336e-05,5.300895979677929e-06,1.9816527816497605e-29,1.3502474524936767e+19,4.2874070386743567e+18,7498.634056956974,3.450238357987609e-19,-81373.39459669786,3.106160158484707e+21,3.09367342567701e+21,0.0,0.0,0.0,0.0,0.3333333333333333,0.3333333333333333,2.0,1.441192019109945e-18,2.5738368843747513e-23,0.0,9.229586270333256e-19,,0.0,0.0,0.0,0.0,0.0,1.441192019109945e-18,9.229586270333256e-19,1.0886941103239548e-05,17.0,4.0190560984435606e-17,9.020265555838444e-20,2.2706492485561157e-21,,,9.020265555838444e-20,2.2706492485561157e-21,10.0,,1.3683607328474346e-07,3.770662255519641,15924062254891.342,1.60232848356942e-05,0.0010664491922704642,1.60232848356942e-05,0.0010664491922704642,0.043878288301368605,0.0010824724771061585,False,False,1.0,1.7945465500992204,7.167120283606599e-09,0.317791781902836,0.5393594800511741,1.0,1.550178544114991,3.31516905269218e-07,0.248294163277933,0.6352124216131135,0.28850602119701485,0.24766215957472032,0.024014007629704483,0.015190741266188775,True,ANP6,125.0,8.0,7.76068019011021e+19,$(U_{0.8}Pu_{0.2})N$
RHO_1p7e13_ANP6,rizk2025_refit_plot,rizk2025_refit_full,1675.0,3.2,17000000000000.0,6.091317207922276e+22,2.2347180808397377e+26,1.7721210068266375e+25,5.571927632915646e+23,6.491879511451649e+18,2.1764239678745216,86.19792095073824,2.406160407449426,1.7416040784418798,4.147764485891306,6.034093540309011,10.181858026200317,267768627276.28137,6.6942156819070344e+16,899.4243159641665,0.5,2491627.6344423294,2468245.477241963,1.0094731895250928,1020029557.8611884,1020021849.0370857,25758966.955401838,25754681.499438033,1.0000075575088023,1.0001663952227053,0.023171284874668893,85.0083610788894,6.741123353116472,8.227344283119466,2.450624584605392,5.776719698514074,2.1628219616795286e+25,6.442254619502412e+24,1.5185964997292872e+25,2.6288215094111468e+26,2.476961859438218e+26,1.0449422214053203,5.791369794334366e+16,0.002499628856671126,3.663378279449188e-07,3.026053059803125e-07,3.026053059803125e-07,0.018776237766336665,0.018776237766336665,9.503682324340091e+20,5.326048686103091e-05,3.3623625899400784e-18,1.6491783151767403e-19,1.6491783151767404e-18,1.6231955709997532e-13,1.8625632456264503e+19,17000000000000.0,17000000000000.0,0.0,0.05617556960688068,0.0015363184518639205,1.5236907600451418e-05,5.278064066765146e-06,1.5236907600451418e-05,5.278064066765146e-06,2.0682397966776506e-29,1.4236121161800573e+19,4.454204494749803e+18,11778.269342838996,4.781731733153314e-19,-68605.18183022506,3.3057774824873567e+21,3.2988849603881793e+21,0.0,0.0,0.0,0.0,0.3333333333333333,0.3333333333333333,2.0,2.439403962906753e-18,1.5251283830083255e-23,0.0,9.229586270333256e-19,,0.0,0.0,0.0,0.0,0.0,2.439403962906753e-18,9.229586270333256e-19,4.535883154218372e-06,17.0,5.716016402898133e-17,1.623195570999753e-19,2.5982744176987148e-21,,,1.623195570999753e-19,2.5982744176987148e-21,10.0,,1.3683607328474346e-07,3.770662255519641,15880832033404.346,2.3701534001521542e-05,0.001512616917862399,2.3701534001521542e-05,0.001512616917862399,0.05617556960688068,0.0015363184518639205,False,False,1.0,1.789629308950435,7.539125708683118e-09,0.3165363970817584,0.5410531325351701,1.0,1.587133521375667,3.3254223980016593e-07,0.25983897275541545,0.6190132228148,0.28869650444586015,0.2592088414833693,0.024061604074494262,0.017416040784418798,True,ANP6,125.0,8.0,7.76068019011021e+19,$(U_{0.8}Pu_{0.2})N$
RHO_1p7e13_ANP6,rizk2025_refit_plot,rizk2025_refit_full,1700.0,3.2,17000000000000.0,4.476576163552254e+22,2.2027627660082935e+26,1.9368548736060774e+25,4.676564963950928e+23,6.414089789862653e+18,2.308511064680301,91.06962124719283,2.40996903433447,2.029290562787955,4.439259597122425,6.99034133478144,11.429600931903867,199520260659.18094,4.988006516479523e+16,1041.9598124211143,0.5,2153237.9312892,2130600.406594927,1.0106249508937493,961665337.38587,961658808.5565194,24379798.93814426,24376954.3520357,1.0000067891327906,1.0001166916123925,0.01702883268234899,83.79278540298121,7.367768662391731,8.822417101944698,2.4206034241433976,6.4018136778013,2.3192559842588974e+25,6.363334347142436e+24,1.6829225495446538e+25,2.6288215094111468e+26,2.460529254456681e+26,1.0526448513317601,4.640692889572342e+16,0.0021275997827364603,3.311631846162594e-07,3.1440009998522685e-07,3.1440009998522685e-07,0.022016168793679756,0.022016168793679756,8.63007464410036e+20,5.811621665498475e-05,4.988545012933779e-18,2.9005001213446957e-19,2.9005001213446957e-18,2.8708990269161864e-13,1.8625632456264503e+19,17000000000000.0,17000000000000.0,0.0,0.07382330417560898,0.0022739488965634515,1.492688118936516e-05,5.2535235374668015e-06,1.492688118936516e-05,5.2535235374668015e-06,2.1491497648541667e-29,1.5090075526385023e+19,4.5954327319362683e+18,19889.760718089634,6.964115841219239e-19,-55476.782915980926,3.5507631952305513e+21,3.5362345718353903e+21,0.0,0.0,0.0,0.0,0.3333333333333333,0.3333333333333333,2.0,4.065586385900453e-18,9.000056617340487e-24,0.0,9.229586270333256e-19,,0.0,0.0,0.0,0.0,0.0,4.065586385900453e-18,9.229586270333256e-19,1.804144614112147e-06,17.0,8.480526521987424e-17,2.8708990269161863e-19,2.9601094428509513e-21,,,2.8708990269161863e-19,2.9601094428509513e-21,10.0,,1.3683607328474346e-07,3.770662255519641,15831747073299.988,3.670210263791572e-05,0.002237246793925536,3.670210263791572e-05,0.002237246793925536,0.07382330417560898,0.0022739488965634515,False,False,1.0,1.7840612842059453,7.992468830786293e-09,0.3151085823908934,0.5429812306167437,1.0,1.6322454197791845,3.338811883293035e-07,0.2733881564724578,0.6001344288886585,0.2888487466703067,0.27276045855671427,0.024099690343344703,0.02029290562787955,True,ANP6,125.0,8.0,7.76068019011021e+19,$(U_{0.8}Pu_{0.2})N$
RHO_1p7e13_ANP6,rizk2025_refit_plot,rizk2025_refit_full,1725.0,3.2,17000000000000.0,3.226220046724478e+22,2.1653161396356208e+26,2.131371554034134e+25,3.8555749063143154e+23,6.316577715834086e+18,2.4628459569452916,96.691738460405,2.412623208541479,2.3918754381468785,4.804498646688358,8.288240873683499,13.092739520371858,141925045001.13147,3.5481261250282868e+16,1235.420917584461,0.5,1820790.8199701556,1796958.4037322465,1.0132626421337354,901401629.8482637,901396205.3694592,22961486.286249112,22959562.371598933,1.0000060178629244,1.000083795789268,0.012272495622752067,82.36832100938832,8.107707375353753,9.511699119635168,2.3948363842942655,7.116862735340902,2.5004559236743997e+25,6.295597398553184e+24,1.8708961838190814e+25,2.6288215094111468e+26,2.4417318910292388e+26,1.0624697507134713,3.671773914566351e+16,0.0017838099840662954,2.96364502728416e-07,3.249730822748127e-07,3.249730822748127e-07,0.026156785284456367,0.026156785284456367,7.847309120916746e+20,6.361628077604133e-05,7.599207725237919e-18,5.02802236364218e-19,5.0280223636421804e-18,4.994440127391286e-13,1.8625632456264503e+19,17000000000000.0,17000000000000.0,0.0,0.09839633457156303,0.0034550530370652875,1.4583931308204352e-05,5.228228521594304e-06,1.4583931308204352e-05,5.228228521594304e-06,2.2220007029600916e-29,1.6061902110919911e+19,4.702408841808878e+18,36025.695860065636,1.0629870928789047e-18,-42848.739026363706,3.839206872274365e+21,3.798813828761453e+21,0.0,0.0,0.0,0.0,0.3333333333333333,0.3333333333333333,2.0,6.676249098204593e-18,5.2946612669943086e-24,0.0,9.229586270333256e-19,,0.0,0.0,0.0,0.0,0.0,6.676249098204593e-18,9.229586270333256e-19,6.967385888676363e-07,17.0,1.2918653132904462e-16,4.994440127391286e-19,3.3582236250893297e-21,,,4.994440127391286e-19,3.3582236250893297e-21,10.0,,1.3683607328474346e-07,3.770662255519641,15778482177022.176,5.8450764609589305e-05,0.003396602272455698,5.8450764609589305e-05,0.003396602272455698,0.09839633457156303,0.0034550530370652875,False,False,1.0,1.7781173785041977,8.52368509461503e-09,0.3135769578624855,0.5450516540668816,1.0,1.6857854392249632,3.355905140499103e-07,0.2887486606930343,0.5789143326719466,0.28895474714960756,0.2881240559201018,0.02412623208541479,0.023918754381468788,True,ANP6,125.0,8.0,7.76068019011021e+19,$(U_{0.8}Pu_{0.2})N$
RHO_1p7e13_ANP6,rizk2025_refit_plot,rizk2025_refit_full,1750.0,3.2,17000000000000.0,2.3031963434276945e+22,2.122811284747977e+26,2.354376006374556e+25,3.1382051204062846e+23,6.196751237446419e+18,2.6382601612134713,103.04971645380354,2.413919563468161,2.840488758640829,5.25440832210899,10.025463856307706,15.279872178416698,97000688659.0381,2.4250172164759524e+16,1494.3662889788839,0.5,1512522.086157475,1485579.550591274,1.0181360436440294,841468094.4285631,841463640.5603412,21544324.98560195,21542999.596657895,1.0000052930013932,1.0000615229526468,0.008761326454391375,80.75144231543831,8.956013171475965,10.283783186631316,2.3747559422825173,7.909027244348801,2.703423043913711e+25,6.242809500674216e+24,2.0791420938462895e+25,2.6288215094111468e+26,2.420907300026518e+26,1.0748093753011692,2.8890582187789604e+16,0.0014805338421613802,2.632032187365379e-07,3.3473877781537525e-07,3.3473877781537525e-07,0.03136859680403948,0.03136859680403948,7.212722666161648e+20,6.976990450363172e-05,1.1732003472118521e-17,8.590290957143048e-19,8.590290957143048e-18,8.552344067970446e-13,1.8625632456264503e+19,17000000000000.0,17000000000000.0,0.0,0.13175873525575327,0.005319678468523048,1.4217958695718106e-05,5.2028996062103075e-06,1.4217958695718106e-05,5.2028996062103075e-06,2.289891754419263e-29,1.714884515590825e+19,4.778018051756398e+18,69076.80429535921,1.6837862981119685e-18,-31706.64064432449,4.1685838681736133e+21,4.078378731965371e+21,0.0,0.0,0.0,0.0,0.3333333333333333,0.3333333333333333,2.0,1.0809044845085196e-17,3.1079945105556526e-24,0.0,9.229586270333256e-19,,0.0,0.0,0.0,0.0,0.0,1.0809044845085196e-17,9.229586270333256e-19,2.649159214742734e-07,17.0,1.9944405902601486e-16,8.552344067970446e-19,3.7946889172602315e-21,,,8.552344067970446e-19,3.7946889172602315e-21,10.0,,1.3683607328474346e-07,3.770662255519641,15722856417564.045,9.433566320995273e-05,0.005225342805313096,9.433566320995273e-05,0.005225342805313096,0.13175873525575327,0.005319678468523048,False,False,1.0,1.7720076921746617,9.12915371958814e-09,0.3119945586157382,0.5471930315610851,1.0,1.7481516490333662,3.3773981902738064e-07,0.3057362976507893,0.5556848553832596,0.2890064917731,0.30511556164294057,0.024139195634681608,0.02840488758640829,True,ANP6,125.0,8.0,7.76068019011021e+19,$(U_{0.8}Pu_{0.2})N$
RHO_1p7e13_ANP6,rizk2025_refit_plot,rizk2025_refit_full,1775.0,3.2,17000000000000.0,1.6401764571181744e+22,2.0756658934411405e+26,2.604718513623091e+25,2.53192769100276e+23,6.051582619501663e+18,2.833854486076882,110.16095052934575,2.413640287659647,3.3887583443713383,5.802398632030986,12.32498304160071,18.1273816736317,64181684011.899445,1.604542100297486e+16,1837.12588600242,0.5,1240628.6358476353,1208409.2967797178,1.0266626044286309,783388961.6804429,783385318.7971246,20153263.506935574,20152331.55970831,1.000004650180736,1.0000462451317111,0.006239208144205927,78.95803826963085,9.908312543465703,11.127409978759221,2.3633094894155557,8.764100489343667,2.9251974696198477e+25,6.212718819171088e+24,2.303925587702739e+25,2.6288215094111468e+26,2.3984289506408724e+26,1.0901720103092873,2.2712848621357612e+16,0.0012213188603021924,2.3233286291949383e-07,3.449456281578803e-07,3.449456281578803e-07,0.03787215551972643,0.03787215551972643,6.75265146187931e+20,7.662121281579896e-05,1.8187204162230228e-17,1.4467299250700101e-18,1.4467299250700103e-17,1.4424583518951984e-12,1.8625632456264503e+19,17000000000000.0,17000000000000.0,0.0,0.17611083349668552,0.0082241609877739,1.3837653584184525e-05,5.17798624884184e-06,1.3837653584184525e-05,5.17798624884184e-06,2.361747074642524e-29,1.8348543491568708e+19,4.836447708297128e+18,138039.71899521406,2.735299320889584e-18,-22550.79927866257,4.536400373011836e+21,4.3627927983336897e+21,0.0,0.0,0.0,0.0,0.3333333333333333,0.3333333333333333,2.0,1.7264245535196902e-17,1.8219038686035435e-24,0.0,9.229586270333256e-19,,0.0,0.0,0.0,0.0,0.0,1.7264245535196902e-17,9.229586270333256e-19,1.0017503802960171e-07,17.0,3.0918247075791387e-16,1.4424583518951983e-18,4.271573174811783e-21,,,1.4424583518951983e-18,4.271573174811783e-21,10.0,,1.3683607328474346e-07,3.770662255519641,15666706561141.107,0.00015265065188113856,0.008071510335892762,0.00015265065188113856,0.008071510335892762,0.17611083349668552,0.0082241609877739,False,False,1.0,1.7658627016553579,9.806357320895223e-09,0.3103947046133555,0.5493604122238831,1.0,1.8200455491209464,3.404191327289102e-07,0.3242196916298339,0.5307111915398554,0.28899534591227316,0.32360374079527776,0.024136402876596474,0.033887583443713384,True,ANP6,125.0,8.0,7.76068019011021e+19,$(U_{0.8}Pu_{0.2})N$
RHO_1p7e13_ANP6,rizk2025_refit_plot,rizk2025_refit_full,1800.0,3.2,17000000000000.0,1.1702444294465443e+22,2.0242418356157104e+26,2.881580178052569e+25,2.0309256353788386e+23,5.877342508964028e+18,3.0490905158981905,118.08824019621282,2.411535070362975,4.05405430221062,6.465589372573595,15.368498690127105,21.8340880627007,41278212257.67845,1.0319553064419612e+16,2290.7834174966874,0.5,1009359.9632618199,969100.7814374536,1.041542822578938,728088953.4345211,728085961.510408,18800172.870751362,18799501.087587528,1.0000041093006475,1.00003573409532,0.0044515933290148624,77.00187435202241,10.96149041590138,12.032183638747206,2.3662678126611723,9.665915826086033,3.1630463154723534e+25,6.220495722950955e+24,2.540996743177258e+25,2.6288215094111468e+26,2.3747218350934214e+26,1.1092413877777203,1.7890453351876032e+16,0.0010043198890024206,2.03963456127676e-07,3.5771870612187366e-07,3.5771870612187366e-07,0.0459658877300713,0.0459658877300713,6.47361467860102e+20,8.425888593540844e-05,2.814113302873205e-17,2.402604106958116e-18,2.402604106958116e-17,2.3978131732901632e-12,1.8625632456264503e+19,17000000000000.0,17000000000000.0,0.0,0.23403221356477108,0.01269127180447092,1.3450171230558509e-05,5.1537055298519715e-06,1.3450171230558509e-05,5.1537055298519715e-06,2.4527338053546414e-29,1.9658824506786935e+19,4.902025141142115e+18,283946.8776294694,4.5099236102925586e-18,-15380.279776109737,4.940393937518037e+21,4.632339802852126e+21,0.0,0.0,0.0,0.0,0.3333333333333333,0.3333333333333333,2.0,2.721817440169872e-17,1.0673110184064085e-24,0.0,9.229586270333256e-19,,0.0,0.0,0.0,0.0,0.0,2.721817440169872e-17,9.229586270333256e-19,3.792708052361239e-08,17.0,4.783992614884448e-16,2.397813173290163e-18,4.790933667952865e-21,,,2.397813173290163e-18,4.790933667952865e-21,10.0,,1.3683607328474346e-07,3.770662255519641,15611912135957.693,0.00024587254720890715,0.012445399257262011,0.00024587254720890715,0.012445399257262011,0.23403221356477108,0.01269127180447092,False,False,1.0,1.7597426982843092,1.0554248571976004e-08,0.3087929974851853,0.5515326909181055,1.0,1.9026179193823636,3.437504523595059e-07,0.3441388976944446,0.5041701103109935,0.2889112992857307,0.34352882757329933,0.024115350703629752,0.0405405430221062,True,ANP6,125.0,8.0,7.76068019011021e+19,$(U_{0.8}Pu_{0.2})N$
