label,xe_diffusivity_mode,vacancy_diffusivity_mode,T,burnup,rho_d_eff,c,mb,md,Nb,Nd,Rb_nm,Rd_nm,swelling_b_percent,swelling_d_percent,swelling_ig_percent,swelling_gf_percent,swelling_total_gas_percent,Ngf_areal,Ngf_vol,Rgf_nm,Fc_gf,p_gf,p_gf_eq,p_gf_over_eq,p_b,p_b_eq,p_d,p_d_eq,p_b_over_eq,p_d_over_eq,matrix_gas_percent,bulk_gas_percent,dislocation_gas_percent,qgb_gas_percent,grainface_gas_percent,release_gas_percent,q_gb,q_gf,q_rel,generated,retained,lambda_d,nu_b,phi_b,phi_d,f_cap_step,cap_raw_step,capture_fraction_sum,capture_raw_sum,capture_bubbles_cumulative,max_f_cap_step,Dg,Dv,Dv_dislocation,Dv_gb,beta,rho_d_old,rho_d_next,delta_Nd_rho,g_b,g_d,b_b,b_d,b_b_gas,b_d_gas,dVd_growth_dt,dnvb_dt,dnvd_dt,dnv_gf_dt,dA_gf_dt,dNgf_dt,dq_gf_in_step,dq_rel_step,nvb_seed_added,nvd_seed_added,bulk_first_gas_seed_applied,dislocation_first_gas_seed_applied,first_gas_pressure_factor,seed_pressure_factor,seed_gas_atoms_per_bubble,D1_Xe,D2_Xe,D2_Xe_scaled,D3_Xe,Dg_lookup_base,D1_Xe_i_2023,D2_Xe_i0_2023,D2_Xe_i1_2023,D1_XeVU_2023,D2_XeVU_2023,Dg_D1_scaled,Dg_D3_scaled,D2_Xe_over_Dg_unscaled,Dg_dislocation_scale,Dg_dislocation,Dv1,Dv2,Dv_lookup_base,Dv_nonthermal_effective,Dv1_scaled,Dv2_scaled,Dv_dislocation_scale,A20_vU_active,Gamma_d,den,free_dislocation,term_bubbles,term_dislocation,term_bubbles_scaled,term_dislocation_scaled,g_b_unscaled,g_d_unscaled,USE_WS_GAS_TRAPPING_BULK,USE_WS_GAS_TRAPPING_DISLOCATION,ws_bulk_factor,ws_bulk_factor_raw,ws_bulk_delta,ws_bulk_x,ws_bulk_zeta,ws_dislocation_factor,ws_dislocation_factor_raw,ws_dislocation_delta,ws_dislocation_x,ws_dislocation_zeta,psi_b,psi_d,porosity_b,porosity_d,valid_single_size,experiment_case,linear_power_kW_m,fuel_diameter_mm,fission_rate_case,fuel_description
RHO_1p0e13_AP3p2,rizk2025_refit_plot,rizk2025_refit_full,900.0,1.1,10000000000000.0,1.577771109120564e+23,7.803075559506972e+25,6.479874875086646e+24,3.836188824178241e+23,4.081452768616765e+18,1.6604382575127763,40.474009273879965,0.7356255057789416,0.11335275109370722,0.8489782568726489,0.04843324167276149,0.8974114985454104,8738797304146.912,2.1846993260367278e+18,56.35223340026748,0.06405528903639283,1195578178359.3894,39395066.81539019,30348.42367350222,1339888130.9323926,1336996416.4312918,138171656.29839626,54850014.61005951,1.0021628438682126,2.51908148576966,0.17459837321543026,86.3499331995243,7.170720805378966,6.3047476218813205,6.3047476218813205,0.0,5.69733180493449e+24,5.69733180493449e+24,0.0,9.03657393860029e+25,9.036573938600291e+25,1.002839478706109,7.930128088545826e+16,0.004940655821125555,6.298737104779103e-07,5.6904838221492035e-08,5.6904838221492035e-08,0.0012181761190680645,0.0012181761190680645,9.643001009853671e+19,5.449290862819535e-06,6.859556060984681e-19,5.096721272601947e-25,5.0967212726019465e-24,5.119872410101689e-28,1.3842827431568335e+19,10000000000000.0,10000000000000.0,0.0,0.006184025981800111,0.00017697515397707721,1.2340764490192106e-05,4.300052870522845e-06,1.2340764490192106e-05,4.300052870522845e-06,1.0827716904766476e-29,4.2684100702244746e+18,1.3414919464539758e+18,0.0001801845042730769,8.66122435572297e-22,-121883.95302104908,1.1003761557472375e+21,0.0,0.0,0.0,0.0,0.0,0.3333333333333333,0.3333333333333333,2.0,2.4966082885114063e-31,9.582238205875211e-25,0.0,6.859556060982184e-19,,0.0,0.0,0.0,0.0,0.0,2.4966082885114063e-31,6.859556060982184e-19,1.3969181271622544e-06,17.0,1.1661245303673958e-17,5.119872410101689e-34,5.096721267482075e-25,,,5.119872410101689e-34,5.096721267482075e-25,10.0,,1.7841241161527714e-07,4.035976381050727,9669619558598.836,1.4313233621066656e-06,0.00017554383061497056,1.4313233621066656e-06,0.00017554383061497056,0.006184025981800111,0.00017697515397707721,False,False,1.0,1.4623206705955398,8.53811673445059e-09,0.21906763389816683,0.6766551458396615,1.0,1.1843582925386822,3.8817912329274334e-07,0.10480568602114956,0.8433670759440548,0.1944847678988031,0.10426631422552951,0.007356255057789416,0.0011335275109370722,True,AP3.2,100.0,8.3,5.767844763153473e+19,$(U_{0.8}Pu_{0.2})N$
RHO_1p0e13_AP3p2,rizk2025_refit_plot,rizk2025_refit_full,925.0,1.1,10000000000000.0,1.5767812981056567e+23,7.800442749913487e+25,6.50938628898837e+24,3.831643946523545e+23,4.079192489382661e+18,1.6625345461750662,42.06573889417057,0.7375403585771987,0.12718865479052496,0.8647290133677238,0.04841679938301459,0.9131458127507384,8739048869277.797,2.184762217319449e+18,56.345315124116496,0.06404140558212461,463313555828.97766,39399903.88038158,11759.255992999408,1337125318.9975023,1335310598.572207,115687029.1848003,52774539.52693187,1.0013590249543707,2.192099262671216,0.1744888393343784,86.32079815773331,7.203378551668924,6.3013344512634095,6.3013344512634095,0.0,5.694247468069109e+24,5.694247468069109e+24,0.0,9.03657393860029e+25,9.036573938600291e+25,1.0031868556616714,7.920183800560035e+16,0.004936447400119605,6.266708516334727e-07,6.639769783072915e-08,6.639769783072915e-08,0.001365334203268232,0.001365334203268232,1.1266549881773315e+20,5.788573394631492e-06,6.85955606099651e-19,8.665450134436394e-25,8.665450134436394e-24,3.600113810511962e-27,1.3842827431568335e+19,10000000000000.0,10000000000000.0,0.0,0.006183621473917323,0.00017679790894600624,1.233625220475373e-05,4.273627444355526e-06,1.233625220475373e-05,4.273627444355526e-06,1.2670550003865714e-29,4.4124674823270917e+18,1.59898223061904e+18,0.0004776279131789828,8.659594192134108e-22,-121870.10764321074,1.0998391454549588e+21,0.0,0.0,0.0,0.0,0.0,0.3333333333333333,0.3333333333333333,2.0,1.4326320272288242e-30,6.835119693240278e-24,0.0,6.859556060982184e-19,,0.0,0.0,0.0,0.0,0.0,1.4326320272288242e-30,6.859556060982184e-19,9.96437616729284e-06,17.0,1.1661245303694066e-17,3.600113810511962e-33,8.665450098435256e-25,,,3.600113810511962e-33,8.665450098435256e-25,10.0,,1.7841241161527714e-07,4.035976381050727,9656816994197.508,1.4864981465373322e-06,0.0001753114107994689,1.4864981465373322e-06,0.0001753114107994689,0.006183621473917323,0.00017679790894600624,False,False,1.0,1.4627772478478853,8.54149138438316e-09,0.21922649807183378,0.6764282938615962,1.0,1.1927496416766874,3.88250802084678e-07,0.10888594652785917,0.8373165642303555,0.19465337136836353,0.10834680888880284,0.007375403585771987,0.0012718865479052497,True,AP3.2,100.0,8.3,5.767844763153473e+19,$(U_{0.8}Pu_{0.2})N$
RHO_1p0e13_AP3p2,rizk2025_refit_plot,rizk2025_refit_full,950.0,1.1,10000000000000.0,1.5758117418304656e+23,7.797976104373075e+25,6.537189538359307e+24,3.827182295599657e+23,4.0767049833990436e+18,1.6646162900998513,43.69066759384565,0.73945232594026,0.14241768954813072,0.8818700154883906,0.048414788910953924,0.9302848043993445,8739071326613.516,2.1847678316533788e+18,56.34448694997387,0.06403968757724886,188864262603.95944,39400482.99616347,4793.450441263617,1334817661.9413953,1333640679.358505,98723433.00882687,50811766.49982601,1.0008825335047942,1.9429246375279026,0.17438154687135216,86.29350191075773,7.234146019029727,6.297970523341195,6.297970523341195,0.0,5.691207629729787e+24,5.691207629729787e+24,0.0,9.03657393860029e+25,9.03657393860029e+25,1.0035694119604002,7.910449103053739e+16,0.004932238334241015,6.236250396281916e-07,7.607500468133267e-08,7.607500468133267e-08,0.0015269611963181346,0.0015269611963181346,1.2985613763421879e+20,6.1655600848930424e-06,6.85955606105717e-19,1.426046189772508e-24,1.426046189772508e-23,2.2845010932250072e-26,1.3842827431568335e+19,10000000000000.0,10000000000000.0,0.0,0.006183286981459635,0.00017661738905460812,1.2331774288277167e-05,4.248568472406586e-06,1.2331774288277167e-05,4.248568472406586e-06,1.4557064799296757e-29,4.5616260070401444e+18,1.8628721890806185e+18,0.0012028089044756295,8.660247040000775e-22,-121880.1808639547,1.0993132125361715e+21,0.0,0.0,0.0,0.0,0.0,0.3333333333333333,0.3333333333333333,2.0,7.498646671560408e-30,3.5732345885189943e-23,0.0,6.859556060982184e-19,,0.0,0.0,0.0,0.0,0.0,7.498646671560408e-30,6.859556060982184e-19,5.209133880842283e-05,17.0,1.166124530379719e-17,2.284501093225007e-32,1.4260461669274971e-24,,,2.284501093225007e-32,1.4260461669274971e-24,10.0,,1.7841241161527714e-07,4.035976381050727,9643777907916.0,1.54269192569648e-06,0.00017507469712891164,1.54269192569648e-06,0.00017507469712891164,0.006183286981459635,0.00017661738905460812,False,False,1.0,1.4632329643348234,8.544809437500187e-09,0.21938498600667225,0.6762019956776939,1.0,1.2014136964662683,3.883297483670473e-07,0.11304809924802553,0.831150221289109,0.19482142985780185,0.11250918497469008,0.0073945232594026,0.0014241768954813072,True,AP3.2,100.0,8.3,5.767844763153473e+19,$(U_{0.8}Pu_{0.2})N$
RHO_1p0e13_AP3p2,rizk2025_refit_plot,rizk2025_refit_full,975.0,1.1,10000000000000.0,1.5748576061482873e+23,7.795717835347431e+25,6.562858152999305e+24,3.8228107775644516e+23,4.074019298333077e+18,1.6666926329055416,45.321402897575,0.741375036321121,0.15886262169279977,0.9002376580139209,0.04844476568594064,0.9486824236998614,8738586363760.612,2.1846465909401528e+18,56.357155915123066,0.06406493385808479,80668788079.83742,39391625.85392777,2047.8664267114498,1332766300.7006233,1331979248.1052003,85706459.16483685,48983479.28498888,1.000590889532658,1.7497013363667253,0.1742759608728685,86.26851158764424,7.262551269531086,6.294661181951838,6.294661181951838,0.0,5.688217118914487e+24,5.688217118914487e+24,0.0,9.03657393860029e+25,9.036573938600293e+25,1.003982749868962,7.900875083922686e+16,0.0049280110213446165,6.207766670696369e-07,8.561770759096352e-08,8.561770759096352e-08,0.0017011553113602277,0.0017011553113602277,1.4763237957697847e+20,6.5778601907843745e-06,6.859556061342735e-19,2.2780288136394288e-24,2.2780288136394286e-23,1.3186026336093777e-25,1.3842827431568335e+19,10000000000000.0,10000000000000.0,0.0,0.0061830644236571235,0.0001764366852649954,1.2327311030402797e-05,4.225166423798124e-06,1.2327311030402797e-05,4.225166423798124e-06,1.6424986690592667e-29,4.716470225913307e+18,2.1242806706519045e+18,0.002889226070350337,8.66591718475075e-22,-121942.66741743723,1.0987958103845068e+21,0.0,0.0,0.0,0.0,0.0,0.3333333333333333,0.3333333333333333,2.0,3.605513394506346e-29,1.4241136187131344e-22,0.0,6.859556060982184e-19,,0.0,0.0,0.0,0.0,0.0,3.605513394506346e-29,6.859556060982184e-19,0.00020761017272513826,17.0,1.166124530428265e-17,1.3186026336093777e-31,2.2780286817791655e-24,,,1.3186026336093777e-31,2.2780286817791655e-24,10.0,,1.7841241161527714e-07,4.035976381050727,9630725563693.705,1.5989424877047938e-06,0.0001748377427772906,1.5989424877047938e-06,0.0001748377427772906,0.0061830644236571235,0.0001764366852649954,False,False,1.0,1.4636913078709977,8.548065468241376e-09,0.21954431030711372,0.6759745199458349,1.0,1.210208495990913,3.8841505685060636e-07,0.11722161276081838,0.8249729464690325,0.19499014075255214,0.1166829073600065,0.0074137503632112104,0.0015886262169279976,True,AP3.2,100.0,8.3,5.767844763153473e+19,$(U_{0.8}Pu_{0.2})N$
RHO_1p0e13_AP3p2,rizk2025_refit_plot,rizk2025_refit_full,1000.0,1.1,10000000000000.0,1.5739154782402595e+23,7.793690686759835e+25,6.586160389930171e+24,3.8185355468163725e+23,4.0711709203762893e+18,1.6687682480510888,46.933930301669946,0.7433160842767229,0.17630665965300946,0.9196227439297324,0.04854306690499763,0.9681658108347301,8737022175157.842,2.1842555437894602e+18,56.398614295859836,0.06414774116793358,35976286067.407486,39362669.23783211,913.9696764474013,1330863952.1006203,1330322531.3596904,75572232.98117378,47300534.7246832,1.0004069845681531,1.597703565531519,0.17417170367158524,86.24607887585137,7.288337853129244,6.291411567347784,6.291411567347784,0.0,5.685280580650339e+24,5.685280580650339e+24,0.0,9.03657393860029e+25,9.03657393860029e+25,1.0044214704323298,7.89142721308431e+16,0.004923759319812277,6.181477970369289e-07,9.46765217957173e-08,9.46765217957173e-08,0.0018856143307949544,0.0018856143307949544,1.6557708328612744e+20,7.0213502450254805e-06,6.859556062584883e-19,3.5413597183153905e-24,3.5413597183153905e-23,6.972208708889678e-25,1.3842827431568335e+19,10000000000000.0,10000000000000.0,0.0,0.006182979705387729,0.00017625848660485707,1.2322852368554458e-05,4.203573395243264e-06,1.2322852368554458e-05,4.203573395243264e-06,1.820564251903956e-29,4.876422370239496e+18,2.373460948377973e+18,0.006644277793604808,8.682298357834836e-22,-122117.03245144182,1.098285135800895e+21,0.0,0.0,0.0,0.0,0.0,0.3333333333333333,0.3333333333333333,2.0,1.6026995865756309e-28,4.476676181501433e-22,0.0,6.859556060982184e-19,,0.0,0.0,0.0,0.0,0.0,1.6026995865756309e-28,6.859556060982184e-19,0.0006526189363651748,17.0,1.1661245306394302e-17,6.972208708889678e-31,3.5413590210945195e-24,,,6.972208708889678e-31,3.5413590210945195e-24,10.0,,1.7841241161527714e-07,4.035976381050727,9617854190851.477,1.654412771281566e-06,0.0001746040738335755,1.654412771281566e-06,0.0001746040738335755,0.006182979705387729,0.00017625848660485707,False,False,1.0,1.46415422522862,8.551254586121431e-09,0.21970514592926235,0.6757449033775984,1.0,1.2190039253639047,3.885056156139279e-07,0.12134481129893875,0.8188761577248437,0.19516016508208836,0.12080629701365032,0.007433160842767229,0.0017630665965300946,True,AP3.2,100.0,8.3,5.767844763153473e+19,$(U_{0.8}Pu_{0.2})N$
RHO_1p0e13_AP3p2,rizk2025_refit_plot,rizk2025_refit_full,1025.0,1.1,10000000000000.0,1.5729827247476875e+23,7.791903068406588e+25,6.60700942772801e+24,3.8143604096952254e+23,4.068200450603561e+18,1.6708454162288022,48.50769720286959,0.7452794564035885,0.1945014873296505,0.9397809437332391,0.04878194942401669,0.9885628931572558,8733253742679.531,2.183313435669883e+18,56.49910047969655,0.06434876388552795,16699591119.38282,39292660.965421505,425.00534983056673,1329051045.7949812,1328668695.761618,67586244.63850017,45765932.58417286,1.0002877692795675,1.4767806711727183,0.1740684838563201,86.22629683936948,7.311409692013648,6.288224984760548,6.288224984760548,0.0,5.682401001734237e+24,5.682401001734237e+24,0.0,9.03657393860029e+25,9.03657393860029e+25,1.004879370585383,7.882078865613275e+16,0.004919483187136925,6.157475217297061e-07,1.0288738442353142e-07,1.0288738442353142e-07,0.0020777177423750436,0.0020777177423750436,1.8323917370584806e+20,7.494496344287062e-06,6.859556067606377e-19,5.3696749456684256e-24,5.369674945668426e-23,3.398959714178951e-24,1.3842827431568335e+19,10000000000000.0,10000000000000.0,0.0,0.006183047040272496,0.00017608507119026243,1.2318393397826594e-05,4.183840637488301e-06,1.2318393397826594e-05,4.183840637488301e-06,1.9827056462961321e-29,5.039958062240673e+18,2.600252498372341e+18,0.01467941959343048,8.720733256124598e-22,-122521.61077919553,1.0977797885229185e+21,0.0,0.0,0.0,0.0,0.0,0.3333333333333333,0.3333333333333333,2.0,6.624193185834588e-28,1.1430128592985717e-21,0.0,6.859556060982184e-19,,0.0,0.0,0.0,0.0,0.0,6.624193185834588e-28,6.859556060982184e-19,0.0016663073353920743,17.0,1.166124531493084e-17,3.398959714178951e-30,5.369671546708712e-24,,,3.398959714178951e-30,5.369671546708712e-24,10.0,,1.7841241161527714e-07,4.035976381050727,9605328332976.766,1.7083936700489493e-06,0.00017437667752021347,1.7083936700489493e-06,0.00017437667752021347,0.006183047040272496,0.00017608507119026243,False,False,1.0,1.4646227320298668,8.554373634683748e-09,0.21986784320898672,0.675512646365926,1.0,1.227683181052676,3.8860014668144264e-07,0.12536508776661923,0.8129375126106344,0.19533184402389828,0.12482674393329075,0.007452794564035885,0.001945014873296505,True,AP3.2,100.0,8.3,5.767844763153473e+19,$(U_{0.8}Pu_{0.2})N$
RHO_1p0e13_AP3p2,rizk2025_refit_plot,rizk2025_refit_full,1050.0,1.1,10000000000000.0,1.572057196801801e+23,7.79035337222346e+25,6.625420528556111e+24,3.810286659184459e+23,4.0651520074288205e+18,1.6729251241614576,50.02552385349782,0.7472669416815553,0.21317699424993394,0.9604439359314894,0.049299861428648284,1.0097437973601375,8725167310751.685,2.1812918276879212e+18,56.71585551992354,0.06478340961872356,8045034307.593747,39142493.39358274,205.53198353257434,1327293637.8410013,1327016952.4848044,61230988.914022975,44377346.38224635,1.0002085017494906,1.3797803137350075,0.17396606363022835,86.20914768313331,7.33178367550916,6.285102577727296,6.285102577727296,0.0,5.679579415531999e+24,5.679579415531999e+24,0.0,9.03657393860029e+25,9.03657393860029e+25,1.0053496837803855,7.872808347652586e+16,0.004915185697570762,6.135762646942445e-07,1.0989189978375295e-07,1.0989189978375295e-07,0.002274626032735639,0.002274626032735639,2.0015145780330817e+20,7.993442669197918e-06,6.859556086571999e-19,7.957391575121721e-24,7.957391575121721e-23,1.5366002896313798e-23,1.3842827431568335e+19,10000000000000.0,10000000000000.0,0.0,0.006183272317208147,0.0001759183183189218,1.231393199946618e-05,4.1659499589968286e-06,1.231393199946618e-05,4.1659499589968286e-06,2.1218034400622895e-29,5.205075855181747e+18,2.794660618278405e+18,0.03126484352619203,8.802946984434888e-22,-123381.94610516516,1.0972786179288387e+21,0.0,0.0,0.0,0.0,0.0,0.3333333333333333,0.3333333333333333,2.0,2.558981501392922e-27,2.43157518657149e-21,0.0,6.859556060982184e-19,,0.0,0.0,0.0,0.0,0.0,2.558981501392922e-27,6.859556060982184e-19,0.003544799628260854,17.0,1.1661245347172398e-17,1.5366002896313797e-29,7.957376209118825e-24,,,1.5366002896313797e-29,7.957376209118825e-24,10.0,,1.7841241161527714e-07,4.035976381050727,9593283711950.186,1.7603003071224107e-06,0.00017415801801179938,1.7603003071224107e-06,0.00017415801801179938,0.006183272317208147,0.0001759183183189218,False,False,1.0,1.465097271348089,8.55742132912956e-09,0.2200325530773296,0.6752775340871389,1.0,1.2361434794430957,3.8869725556713067e-07,0.12923866021187982,0.8072213225273639,0.195505324622307,0.12870046365305354,0.007472669416815553,0.0021317699424993394,True,AP3.2,100.0,8.3,5.767844763153473e+19,$(U_{0.8}Pu_{0.2})N$
RHO_1p0e13_AP3p2,rizk2025_refit_plot,rizk2025_refit_full,1075.0,1.1,10000000000000.0,1.5711370890200675e+23,7.789033301198944e+25,6.641477551160658e+24,3.806313413153418e+23,4.062071368757338e+18,1.6750076627067165,51.47346975918484,0.7492789798694655,0.2320526285332981,0.9813316084027635,0.05035306374705876,1.031684672149822,8708960007428.6045,2.177240001857151e+18,57.15229974256047,0.06566210185572795,4011891938.523574,38843581.27319239,103.28326603840597,1325571926.6662445,1325367071.1049807,56134747.42107402,43129014.04133276,1.0001545651508401,1.3015541548730327,0.173864243207136,86.19453959124489,7.349552602885449,6.282043562662537,6.282043562662537,0.0,5.6768151139508e+24,5.6768151139508e+24,0.0,9.03657393860029e+25,9.03657393860029e+25,1.0058253628175575,7.863597487893722e+16,0.004910871346371551,6.116289019949937e-07,1.1536256006031742e-07,1.1536256006031742e-07,0.0024733969616219246,0.0024733969616219246,2.1585253365684617e+20,8.516369295789513e-06,6.85955615381511e-19,1.1545833192879147e-23,1.1545833192879148e-22,6.475908336901747e-23,1.3842827431568335e+19,10000000000000.0,10000000000000.0,0.0,0.0061836556247156825,0.00017575972728419212,1.2309467552541471e-05,4.149837482717291e-06,1.2309467552541471e-05,4.149837482717291e-06,2.2313192780621014e-29,5.369846420052539e+18,2.947558881318658e+18,0.06442500737083337,8.969083029338463e-22,-125109.1090734915,1.0967806523596142e+21,0.0,0.0,0.0,0.0,0.0,0.3333333333333333,0.3333333333333333,2.0,9.283292620781236e-27,4.406311478811802e-21,0.0,6.859556060982184e-19,,0.0,0.0,0.0,0.0,0.0,9.283292620781236e-27,6.859556060982184e-19,0.006423610187025182,17.0,1.1661245461485687e-17,6.475908336901747e-29,1.1545768433795778e-23,,,6.475908336901747e-29,1.1545768433795778e-23,10.0,,1.7841241161527714e-07,4.035976381050727,9581828556088.281,1.8096663121635678e-06,0.00017395006097202856,1.8096663121635678e-06,0.00017395006097202856,0.0061836556247156825,0.00017575972728419212,False,False,1.0,1.46557793166051,8.560398016671039e-09,0.22019930313856317,0.6750395278121478,1.0,1.2442965727676156,3.887954895187558e-07,0.13293020282005957,0.8017791632781601,0.1956806353161244,0.13239212837144662,0.007492789798694654,0.002320526285332981,True,AP3.2,100.0,8.3,5.767844763153473e+19,$(U_{0.8}Pu_{0.2})N$
RHO_1p0e13_AP3p2,rizk2025_refit_plot,rizk2025_refit_full,1100.0,1.1,10000000000000.0,1.570220864735837e+23,7.787930271086565e+25,6.655308550681136e+24,3.802438034572056e+23,4.059003891697878e+18,1.6770929625201116,52.840724223016885,0.7513151811835581,0.250850147650152,1.00216532883371,0.05240083774350686,1.054566166577217,8678051624174.915,2.169512906043729e+18,57.985469259223976,0.0673506272348044,2066045329.1215506,38285453.724199295,53.9642378017752,1323874104.6548035,1323719107.7732985,52025469.96945378,42013050.2116205,1.0001170919726057,1.238316896949889,0.17376285253734722,86.18233330466025,7.3648581817635215,6.279045661038892,6.279045661038892,0.0,5.674106037982528e+24,5.674106037982528e+24,0.0,9.03657393860029e+25,9.036573938600291e+25,1.0062993996590923,7.85443093591857e+16,0.004906545055448535,6.09896828136052e-07,1.1903189179811386e-07,1.1903189179811386e-07,0.002671116908811318,0.002671116908811318,2.299122552429606e+20,9.061753290668709e-06,6.859556378595706e-19,1.6429338076549502e-23,1.6429338076549503e-22,2.556484784617257e-22,1.3842827431568335e+19,10000000000000.0,10000000000000.0,0.0,0.0061841930702800215,0.00017561043560345444,1.2305000212091819e-05,4.135410337151295e-06,1.2305000212091819e-05,4.135410337151295e-06,2.3058763500043502e-29,5.532811334062787e+18,3.0514918387195704e+18,0.12896391730911191,9.290903064774986e-22,-128414.28087875678,1.096285068006158e+21,0.0,0.0,0.0,0.0,0.0,0.3333333333333333,0.3333333333333333,2.0,3.1761352235744896e-26,6.934054381604572e-21,0.0,6.859556060982184e-19,,0.0,0.0,0.0,0.0,0.0,3.1761352235744896e-26,6.859556060982184e-19,0.010108604695255988,17.0,1.1661245843612701e-17,2.556484784617257e-28,1.642908242807104e-23,,,2.556484784617257e-28,1.642908242807104e-23,10.0,,1.7841241161527714e-07,4.035976381050727,9571044823414.658,1.8561385598423056e-06,0.00017375429704361212,1.8561385598423056e-06,0.00017375429704361212,0.0061841930702800215,0.00017561043560345444,False,False,1.0,1.4660645814701787,8.563305372391201e-09,0.2203680446448776,0.6747986977995928,1.0,1.2520693724864629,3.888934033931052e-07,0.13641252924193387,0.7966504141002861,0.19585773213860724,0.1358745504891733,0.0075131518118355806,0.0025085014765015203,True,AP3.2,100.0,8.3,5.767844763153473e+19,$(U_{0.8}Pu_{0.2})N$
RHO_1p0e13_AP3p2,rizk2025_refit_plot,rizk2025_refit_full,1125.0,1.1,10000000000000.0,1.5693071997799066e+23,7.787029041446242e+25,6.667069051911482e+24,3.798656455716752e+23,4.0559922771359396e+18,1.6791807908126852,54.11954832658084,0.7533746454127908,0.26930735770219794,1.0226820031149888,0.05624153058050406,1.0789235336954928,8621662594948.689,2.1554156487371725e+18,59.498024376824304,0.07044938018692834,1096444222.389337,37312163.273520984,29.38570498718421,1322192977.8163993,1322073246.7559795,48700269.994181246,41020298.00033727,1.0000905631066308,1.1872237006610928,0.1736617450864329,86.17236017052282,7.3778725180709035,6.27610556631984,6.27610556631984,0.0,5.671449199651008e+24,5.671449199651008e+24,0.0,9.03657393860029e+25,9.03657393860029e+25,1.006765172186109,7.8452957562326e+16,0.004902211548787133,6.083691826467077e-07,1.2072366102345726e-07,1.2072366102345726e-07,0.002865043289485357,0.002865043289485357,2.419596216879366e+20,9.626075468481344e-06,6.8595570898364e-19,2.2961278689320564e-23,2.2961278689320565e-22,9.494708146321283e-22,1.3842827431568335e+19,10000000000000.0,10000000000000.0,0.0,0.006184878072486691,0.0001754712348966764,1.2300530486092438e-05,4.122557633774625e-06,1.2300530486092438e-05,4.122557633774625e-06,2.3418805646093597e-29,5.693125324648793e+18,3.101527585193123e+18,0.2519999027980728,9.892676774388066e-22,-134451.23319178232,1.0957911782921779e+21,0.0,0.0,0.0,0.0,0.0,0.3333333333333333,0.3333333333333333,2.0,1.028854216590493e-25,9.636917296725955e-21,0.0,6.859556060982184e-19,,0.0,0.0,0.0,0.0,0.0,1.028854216590493e-25,6.859556060982184e-19,0.014048891452488508,17.0,1.166124705272188e-17,9.494708146321284e-28,2.2960329218505932e-23,,,9.494708146321284e-28,2.2960329218505932e-23,10.0,,1.7841241161527714e-07,4.035976381050727,9560989081977.324,1.8994734139193164e-06,0.00017357176148275708,1.8994734139193164e-06,0.00017357176148275708,0.006184878072486691,0.0001754712348966764,False,False,1.0,1.4665569523876534,8.566146164011338e-09,0.22053868147883135,0.6745551818939256,1.0,1.2594047877894814,3.8898963109958755e-07,0.13966640015147186,0.7918626152893429,0.19603652705083482,0.13912849042180062,0.007533746454127908,0.0026930735770219795,True,AP3.2,100.0,8.3,5.767844763153473e+19,$(U_{0.8}Pu_{0.2})N$
RHO_1p0e13_AP3p2,rizk2025_refit_plot,rizk2025_refit_full,1150.0,1.1,10000000000000.0,1.568394900591738e+23,7.786312753192542e+25,6.676931273811954e+24,3.794963328759752e+23,4.0530742841504067e+18,1.6812708781154009,55.30526620026194,0.7554561557125579,0.28719219567131893,1.042648351383877,0.0632205120849947,1.1058688634688716,8523631817027.43,2.1309079542568573e+18,62.10000259464045,0.07587330140932744,598634157.2539656,35748790.776887946,16.74557780122147,1320524056.0829275,1320429699.2811062,46004827.263839744,40140842.86225686,1.000071459163538,1.1460852334791554,0.17356078877330283,86.16443362381865,7.388786191734708,6.273219395673331,6.273219395673331,0.0,5.668841090206348e+24,5.668841090206348e+24,0.0,9.03657393860029e+25,9.03657393860029e+25,1.0072168016614966,7.836181049059683e+16,0.0048978748829386085,6.070334632700981e-07,1.2038275357959768e-07,1.2038275357959768e-07,0.0030527513806400397,0.0030527513806400397,2.5171111857521456e+20,1.0208931543901581e-05,6.859559227741158e-19,3.156009871203467e-23,3.1560098712034666e-22,3.330768464716398e-21,1.3842827431568335e+19,10000000000000.0,10000000000000.0,0.0,0.006185702364911811,0.00017534258821932876,1.2296058962703764e-05,4.1111572026659425e-06,1.2296058962703764e-05,4.1111572026659425e-06,2.3381156338901555e-29,5.850489898685998e+18,3.096068817483045e+18,0.4834611341211378,1.0982960496736758e-21,-144936.73252128516,1.0952984383581229e+21,0.0,0.0,0.0,0.0,0.0,0.3333333333333333,0.3333333333333333,2.0,3.1667589742037936e-25,1.2004150054659163e-20,0.0,6.859556060982184e-19,,0.0,0.0,0.0,0.0,0.0,3.1667589742037936e-25,6.859556060982184e-19,0.017499885424288566,17.0,1.1661250687159969e-17,3.330768464716398e-27,3.155676794356995e-23,,,3.330768464716398e-27,3.155676794356995e-23,10.0,,1.7841241161527714e-07,4.035976381050727,9551693040431.66,1.9395345529187946e-06,0.00017340305366640997,1.9395345529187946e-06,0.00017340305366640997,0.006185702364911811,0.00017534258821932876,False,False,1.0,1.4670546893901488,8.568924144875865e-09,0.22071108768520037,0.6743091604810039,1.0,1.266262739206067,3.8908295927375493e-07,0.1426804520680979,0.7874316456308332,0.19621690513321374,0.14214258567986357,0.007554561557125579,0.0028719219567131895,True,AP3.2,100.0,8.3,5.767844763153473e+19,$(U_{0.8}Pu_{0.2})N$
RHO_1p0e13_AP3p2,rizk2025_refit_plot,rizk2025_refit_full,1175.0,1.1,10000000000000.0,1.5674827224569796e+23,7.785763534671242e+25,6.685077664834364e+24,3.791351932080595e+23,4.0502805470202527e+18,1.6833630215387125,56.39627984818667,0.7575582939702795,0.3043162097565123,1.0618745037267918,0.07552338396184732,1.1373978876886393,8362546347171.228,2.090636586792807e+18,66.31240976655351,0.08488075255386336,335971643.05775017,33477896.638280787,10.035625794769272,1318864432.7665312,1318788622.2965522,43819215.62613317,39364298.60224868,1.0000574849287425,1.1131715077384867,0.1734598458561136,86.15835589430489,7.397801102781484,6.270383157057526,6.270383157057526,0.0,5.666278102210424e+24,5.666278102210424e+24,0.0,9.03657393860029e+25,9.03657393860029e+25,1.0076494968353056,7.82707727824008e+16,0.0048935379367231946,6.058757311851306e-07,1.1809842233047724e-07,1.1809842233047724e-07,0.0032322755720193682,0.0032322755720193682,2.589963760481847e+20,1.0806446122536676e-05,6.859565352766219e-19,4.2715948930300983e-23,4.271594893030099e-22,1.1076769180051558e-20,1.3842827431568335e+19,10000000000000.0,10000000000000.0,0.0,0.006186657081505599,0.00017522466071306987,1.2291586088362663e-05,4.101079437507854e-06,1.2291586088362663e-05,4.101079437507854e-06,2.2962074486413595e-29,6.004991670455064e+18,3.0374792221828383e+18,0.9164744402395968,1.2901403614837454e-21,-162112.54645312592,1.094806472188196e+21,0.0,0.0,0.0,0.0,0.0,0.3333333333333333,0.3333333333333333,2.0,9.291784035179553e-25,1.35764246380118e-20,0.0,6.859556060982184e-19,,0.0,0.0,0.0,0.0,0.0,9.291784035179553e-25,6.859556060982184e-19,0.019791960481194207,17.0,1.1661261099702572e-17,1.1076769180051557e-26,4.2704872161120934e-23,,,1.1076769180051557e-26,4.2704872161120934e-23,10.0,,1.7841241161527714e-07,4.035976381050727,9543163904032.947,1.97629173733684e-06,0.00017324836897573303,1.97629173733684e-06,0.00017324836897573303,0.006186657081505599,0.00017522466071306987,False,False,1.0,1.4675573796927468,8.571644129770677e-09,0.2208851175483515,0.6740608420911128,1.0,1.272621178015606,3.891723982323781e-07,0.14545118487320427,0.7833618087550499,0.19639873481976042,0.1449133385854718,0.007575582939702796,0.003043162097565123,True,AP3.2,100.0,8.3,5.767844763153473e+19,$(U_{0.8}Pu_{0.2})N$
RHO_1p0e13_AP3p2,rizk2025_refit_plot,rizk2025_refit_full,1200.0,1.1,10000000000000.0,1.566568932012422e+23,7.785362804870679e+25,6.691697365462556e+24,3.7878136741133383e+23,4.047632701739456e+18,1.6854572118047682,57.39406099507551,0.7596795084211415,0.32054615373944084,1.0802256621605824,0.0965190688103418,1.176744730970924,8114857995376.299,2.0287144988440748e+18,72.68719484482301,0.09896412862329128,193967520.39247862,30541830.713640686,6.3508806073582305,1317212073.901909,1317150019.858914,42048014.52846745,38679960.28701435,1.0000471123577874,1.0870749146705774,0.17335872451845108,86.15392136188933,7.405126556734685,6.267593356857529,6.267593356857529,0.0,5.663757078632306e+24,5.663757078632306e+24,0.0,9.03657393860029e+25,9.03657393860029e+25,1.008059851793446,7.817974725433963e+16,0.004889201572304865,6.04880583889234e-07,1.1411376434485646e-07,1.1411376434485646e-07,0.0034022312917648422,0.0034022312917648422,2.637765803894468e+20,1.1418594940410194e-05,6.859582128801389e-19,5.699970868482597e-23,5.699970868482596e-22,3.503783313863259e-20,1.3842827431568335e+19,10000000000000.0,10000000000000.0,0.0,0.0061877345899580055,0.00017511739001454166,1.2287111896008021e-05,4.09218943717891e-06,1.2287111896008021e-05,4.09218943717891e-06,2.2208172367639532e-29,6.156937828307316e+18,2.932332949792598e+18,1.7265788293817483,1.618580231129841e-21,-188338.83270563747,1.0943151406082771e+21,0.0,0.0,0.0,0.0,0.0,0.3333333333333333,0.3333333333333333,2.0,2.6067819204802983e-24,1.4100662152237733e-20,0.0,6.859556060982184e-19,,0.0,0.0,0.0,0.0,0.0,2.6067819204802983e-24,6.859556060982184e-19,0.0205561532575478,17.0,1.1661289618962361e-17,3.503783313863259e-26,5.696467085168733e-23,,,3.503783313863259e-26,5.696467085168733e-23,10.0,,1.7841241161527714e-07,4.035976381050727,9535384889838.627,2.0098193485221248e-06,0.00017310757066601952,2.0098193485221248e-06,0.00017310757066601952,0.0061877345899580055,0.00017511739001454166,False,False,1.0,1.468064566975603,8.574312374672866e-09,0.2210606105735365,0.6738104562791519,1.0,1.2784768205032941,3.892572434458221e-07,0.14798289308722462,0.779645994369402,0.1965818739048346,0.1474450476118258,0.007596795084211415,0.0032054615373944086,True,AP3.2,100.0,8.3,5.767844763153473e+19,$(U_{0.8}Pu_{0.2})N$
RHO_1p0e13_AP3p2,rizk2025_refit_plot,rizk2025_refit_full,1225.0,1.1,10000000000000.0,1.5656502785373887e+23,7.785091347754636e+25,6.69698462908527e+24,3.7843368008681525e+23,4.045142075076494e+18,1.6875538588780543,58.30305701354827,0.7618181538597626,0.3358121222221811,1.0976302760819436,0.13098281800578107,1.2286130940877247,7762250944237.871,1.9405627360594678e+18,81.67504695195245,0.11952191077597053,115552265.70897076,27180884.28288232,4.251232759993095,1315565274.575655,1315513569.1348748,40613388.96710835,38076905.63265189,1.0000393043766278,1.066614744352581,0.17325706503098653,86.15091737920864,7.410977517130339,6.26484803863003,6.26484803863003,0.0,5.661276251517526e+24,5.661276251517526e+24,0.0,9.03657393860029e+25,9.03657393860029e+25,1.0084460571210219,7.80885988085753e+16,0.004884862908980675,6.04031031408637e-07,1.0881369692553376e-07,1.0881369692553376e-07,0.003561900611695763,0.003561900611695763,2.6614967898369226e+20,1.2041883060918075e-05,6.859626178147597e-19,7.507910714821752e-23,7.507910714821752e-22,1.057421518979397e-19,1.3842827431568335e+19,10000000000000.0,10000000000000.0,0.0,0.006188932381166563,0.00017502065107311845,1.2282635524217423e-05,4.0843484810309125e-06,1.2282635524217423e-05,4.0843484810309125e-06,2.1194113795936053e-29,6.306732463123867e+18,2.791079217791712e+18,3.2432055909712365,2.166500921156365e-21,-225214.18426802917,1.0938247032061894e+21,0.0,0.0,0.0,0.0,0.0,0.3333333333333333,0.3333333333333333,2.0,7.011716541319382e-24,1.3584525954125257e-20,0.0,6.859556060982184e-19,,0.0,0.0,0.0,0.0,0.0,7.011716541319382e-24,6.859556060982184e-19,0.01980359512505342,17.0,1.1661364502850915e-17,1.057421518979397e-25,7.497336499631958e-23,,,1.057421518979397e-25,7.497336499631958e-23,10.0,,1.7841241161527714e-07,4.035976381050727,9528316360035.66,2.040293323239091e-06,0.00017298035774987935,2.040293323239091e-06,0.00017298035774987935,0.006188932381166563,0.00017502065107311845,False,False,1.0,1.468575753624669,8.576937560647259e-09,0.22123739230878242,0.6735582524418637,1.0,1.283845207112284,3.8933711921816794e-07,0.15028738466591704,0.7762661408282046,0.19676617312524386,0.14974952601761063,0.007618181538597626,0.0033581212222218108,True,AP3.2,100.0,8.3,5.767844763153473e+19,$(U_{0.8}Pu_{0.2})N$
RHO_1p0e13_AP3p2,rizk2025_refit_plot,rizk2025_refit_full,1250.0,1.1,10000000000000.0,1.5647196689621493e+23,7.784929132770326e+25,6.701138963257865e+24,3.780903403199787e+23,4.0428091979120123e+18,1.6896542615364045,59.13044313852757,0.7639725162519557,0.3501105966570344,1.1140831129089903,0.18480766860709186,1.2988907815160822,7301948548681.227,1.8254871371703066e+18,93.49195667252518,0.14732224549956252,71437784.98029198,23745358.199914534,3.0084947289002826,1313922068.829331,1313878259.319958,39450332.23617275,37544112.341575146,1.000033343659553,1.0507728049941594,0.17315408246463315,86.14912228534439,7.415574761839253,6.26214887035175,6.26214887035175,0.0,5.658837128145586e+24,5.658837128145586e+24,0.0,9.03657393860029e+25,9.036573938600291e+25,1.0088079823808533,7.799707320887104e+16,0.004880511552049367,6.033083417769383e-07,1.0268608399738972e-07,1.0268608399738972e-07,0.0037112637436131296,0.0037112637436131296,2.6633569729165594e+20,1.2676197688203501e-05,6.859737343204004e-19,9.775347450615735e-23,9.775347450615735e-22,3.0533079764031823e-19,1.3842827431568335e+19,10000000000000.0,10000000000000.0,0.0,0.00619026164202804,0.00017493462491114585,1.2278154218312845e-05,4.077415705176785e-06,1.2278154218312845e-05,4.077415705176785e-06,2.001502557685975e-29,6.454800999571207e+18,2.6269787773921024e+18,6.066756450914356,3.057417380390237e-21,-272544.9430443764,1.0933361862557785e+21,0.0,0.0,0.0,0.0,0.0,0.3333333333333333,0.3333333333333333,2.0,1.8128222181985484e-23,1.2247278119517971e-20,0.0,6.859556060982184e-19,,0.0,0.0,0.0,0.0,0.0,1.8128222181985484e-23,6.859556060982184e-19,0.017853858692784275,17.0,1.1661553483446806e-17,3.0533079764031822e-25,9.744814370851704e-23,,,3.0533079764031822e-25,9.744814370851704e-23,10.0,,1.7841241161527714e-07,4.035976381050727,9521898070471.75,2.0679856348011302e-06,0.00017286663927634473,2.0679856348011302e-06,0.00017286663927634473,0.00619026164202804,0.00017493462491114585,False,False,1.0,1.4690903882917739,8.579533070702912e-09,0.22141527009150722,0.6733045058752807,1.0,1.2887596673587038,3.894119959470162e-07,0.15238331872783595,0.7731942437310195,0.19695147836166274,0.1518454391281435,0.007639725162519558,0.003501105966570344,True,AP3.2,100.0,8.3,5.767844763153473e+19,$(U_{0.8}Pu_{0.2})N$
RHO_1p0e13_AP3p2,rizk2025_refit_plot,rizk2025_refit_full,1275.0,1.1,10000000000000.0,1.563761112635845e+23,7.784854668515056e+25,6.704368124401737e+24,3.777482797062098e+23,4.040624335687356e+18,1.691761613620456,59.885671001483985,0.7661408233095959,0.36350119643793327,1.1296420197475292,0.2636510467728515,1.3932930665203807,6755066884838.181,1.6887667212095452e+18,108.01410165234395,0.18191630763883557,46189843.70786615,20552871.949491654,2.2473668799852855,1312279312.253468,1312241619.6978765,38503562.047764935,37070637.48095914,1.0000287237921932,1.0386538960259801,0.17304800727144407,86.14829825340733,7.419148197043583,6.2595055422776555,6.2595055422776555,0.0,5.656448465187034e+24,5.656448465187034e+24,0.0,9.03657393860029e+25,9.036573938600291e+25,1.009147098641125,7.790462141049109e+16,0.004876121410769706,6.026917861739987e-07,9.625768028520297e-08,9.625768028520297e-08,0.003850962950782033,0.003850962950782033,2.646364429804768e+20,1.3321484715628265e-05,6.860007613635873e-19,1.260338808442629e-22,1.260338808442629e-21,8.457331924393166e-19,1.3842827431568335e+19,10000000000000.0,10000000000000.0,0.0,0.006191765743275155,0.0001748605863893348,1.2273661191983112e-05,4.071250576472425e-06,1.2273661191983112e-05,4.071250576472425e-06,1.8773945218050973e-29,6.601553972818721e+18,2.4543588421182505e+18,11.222335200882826,4.464209528799971e-21,-327942.1735856357,1.0928521888650934e+21,0.0,0.0,0.0,0.0,0.0,0.3333333333333333,0.3333333333333333,2.0,4.5155265368944576e-23,1.0414017716058635e-20,0.0,6.859556060982184e-19,,0.0,0.0,0.0,0.0,0.0,4.5155265368944576e-23,6.859556060982184e-19,0.015180766994133262,17.0,1.1662012943180985e-17,8.457331924393166e-25,1.2518814765182357e-22,,,8.457331924393166e-25,1.2518814765182357e-22,10.0,,1.7841241161527714e-07,4.035976381050727,9516052898591.055,2.0932574254461407e-06,0.00017276732896388868,2.0932574254461407e-06,0.00017276732896388868,0.006191765743275155,0.0001748605863893348,False,False,1.0,1.469607827073527,8.582122029636883e-09,0.2215940196980738,0.6730495368046941,1.0,1.293268882230552,3.894821745455039e-07,0.15429503816162304,0.7703940905659445,0.1971376316103217,0.1537571362321643,0.007661408233095959,0.0036350119643793325,True,AP3.2,100.0,8.3,5.767844763153473e+19,$(U_{0.8}Pu_{0.2})N$
RHO_1p0e13_AP3p2,rizk2025_refit_plot,rizk2025_refit_full,1300.0,1.1,10000000000000.0,1.5627391169904895e+23,7.784843330553485e+25,6.706897580816144e+24,3.7740174002471634e+23,4.0385690534189225e+18,1.6938831255358784,60.579812026022026,0.7683212275728184,0.3760970150753502,1.1444182426481688,0.3701976535416885,1.5146158961898573,6166727333420.0625,1.5416818333550157e+18,124.68287685082832,0.2212837068453909,31502968.58786146,17805171.456350237,1.769315654448578,1310630964.2385042,1310598096.487725,37725700.49952937,36645871.38445395,1.0000250784362248,1.0294665967619345,0.17293491179385495,86.14817278592764,7.421947329138992,6.256944973139553,6.256944973139553,0.0,5.654134587952897e+24,5.654134587952897e+24,0.0,9.03657393860029e+25,9.036573938600293e+25,1.009466237408373,7.781003299719147e+16,0.004871633427259404,6.02157965473347e-07,9.001825734156613e-08,9.001825734156613e-08,0.003982196778218863,0.003982196778218863,2.613677673922437e+20,1.3980009297105002e-05,6.860642029484949e-19,1.6132812103425e-22,1.6132812103425001e-21,2.2525702314749626e-18,1.3842827431568335e+19,10000000000000.0,10000000000000.0,0.0,0.0061935588427657175,0.0001748025255658646,1.2269141122717549e-05,4.0657163267257285e-06,1.2269141122717549e-05,4.0657163267257285e-06,1.7566921342916995e-29,6.747379193764627e+18,2.2865494273698194e+18,20.255235040585738,6.598030230620145e-21,-387585.8047335645,1.0923785938164798e+21,0.0,0.0,0.0,0.0,0.0,0.3333333333333333,0.3333333333333333,2.0,1.085968502764781e-22,8.409787168749566e-21,0.0,6.859556060982184e-19,,0.0,0.0,0.0,0.0,0.0,1.085968502764781e-22,6.859556060982184e-19,0.012258017737417087,17.0,1.1663091450124414e-17,2.2525702314749626e-24,1.5907555080277505e-22,,,2.2525702314749626e-24,1.5907555080277505e-22,10.0,,1.7841241161527714e-07,4.035976381050727,9510692050415.36,2.1165561288573793e-06,0.0001726859694370072,2.1165561288573793e-06,0.0001726859694370072,0.0061935588427657175,0.0001748025255658646,False,False,1.0,1.4701272405633368,8.584748070312377e-09,0.22177335335418802,0.6727937559887361,1.0,1.297433037308556,3.895482372834753e-07,0.15605089460122554,0.7678237245608717,0.1973244695885332,0.15551297473790834,0.007683212275728184,0.0037609701507535023,True,AP3.2,100.0,8.3,5.767844763153473e+19,$(U_{0.8}Pu_{0.2})N$
RHO_1p0e13_AP3p2,rizk2025_refit_plot,rizk2025_refit_full,1325.0,1.1,10000000000000.0,1.5615771795900768e+23,7.784863502080687e+25,6.708994266113766e+24,3.770393668665605e+23,4.036618569591811e+18,1.6960343687476132,61.224767285361594,0.7705117264894377,0.3880500575765639,1.1585617840660014,0.5007348677884701,1.6592966518544714,5595044990054.144,1.3987612475135357e+18,142.43452100341557,0.2620083697785533,22839869.313317202,15586109.212574704,1.465399029469795,1308964711.8416898,1308935739.1025596,37076404.864670545,36259835.658547066,1.0000221345771718,1.0225199367645506,0.17280633016454416,86.14839600688882,7.424267550621014,6.254530112325668,6.254530112325668,0.0,5.651952381123287e+24,5.651952381123287e+24,0.0,9.03657393860029e+25,9.036573938600293e+25,1.009769224014004,7.771069590543346e+16,0.004866920295727944,6.016789858167863e-07,8.435952861265899e-08,8.435952861265899e-08,0.004106559959430067,0.004106559959430067,2.567712140074394e+20,1.4658876333304297e-05,6.862082708120544e-19,2.058576297173614e-22,2.0585762971736138e-21,5.78187606487805e-18,1.3842827431568335e+19,10000000000000.0,10000000000000.0,0.0,0.006195903980711779,0.00017477038641832538,1.2264560935415492e-05,4.060683951496085e-06,1.2264560935415492e-05,4.060683951496085e-06,1.6470982296293563e-29,6.892655018799733e+18,2.1342224865006753e+18,34.99148112283459,9.64431767191892e-21,-447618.5915484682,1.091928066762335e+21,0.0,0.0,0.0,0.0,0.0,0.3333333333333333,0.3333333333333333,2.0,2.5266471383605937e-22,6.489382211733226e-21,0.0,6.859556060982184e-19,,0.0,0.0,0.0,0.0,0.0,2.5266471383605937e-22,6.859556060982184e-19,0.00945686971107727,17.0,1.1665540603804926e-17,5.78187606487805e-24,2.0007575365248335e-22,,,5.78187606487805e-24,2.0007575365248335e-22,10.0,,1.7841241161527714e-07,4.035976381050727,9505721196854.787,2.138429257699831e-06,0.00017263195716062555,2.138429257699831e-06,0.00017263195716062555,0.006195903980711779,0.00017477038641832538,False,False,1.0,1.4706474110388892,8.587497527870311e-09,0.22195284994942446,0.6725377642014734,1.0,1.3013190156043701,3.8961097283914197e-07,0.1576812463643875,0.765438374468706,0.19751181697083206,0.1571433174912769,0.0077051172648943764,0.003880500575765639,True,AP3.2,100.0,8.3,5.767844763153473e+19,$(U_{0.8}Pu_{0.2})N$
RHO_1p0e13_AP3p2,rizk2025_refit_plot,rizk2025_refit_full,1350.0,1.1,10000000000000.0,1.5601155642642737e+23,7.784868354963967e+25,6.711019295722962e+24,3.7663844080751426e+23,4.034744364497697e+18,1.6982478932881075,61.83249510663941,0.7727099527464039,0.3995351086006648,1.1722450613470685,0.6433927277318701,1.8156377890789388,5093074689922.873,1.2732686724807183e+18,159.77636753246054,0.30011395832344023,17688144.78987074,13894420.271815103,1.2730394247359298,1307255380.3365147,1307229650.4968355,36522105.89543554,35903451.67490455,1.0000196827234369,1.017231051380038,0.17264458575391528,86.14844970957871,7.426508476908959,6.25239722775843,6.25239722775843,0.0,5.650024984213853e+24,5.650024984213853e+24,0.0,9.03657393860029e+25,9.036573938600291e+25,1.0100604697770659,7.760114741285638e+16,0.004861716774359011,6.012181003660386e-07,7.956341395122941e-08,7.956341395122941e-08,0.004225864532604856,0.004225864532604856,2.509297591412706e+20,1.5370117248610608e-05,6.865253628289335e-19,2.635683646760266e-22,2.6356836467602656e-21,1.4331663655150738e-17,1.3842827431568335e+19,10000000000000.0,10000000000000.0,0.0,0.006199366435342609,0.00017478637060595206,1.2259851539705298e-05,4.056035813746942e-06,1.2259851539705298e-05,4.056035813746942e-06,1.5541745875612457e-29,7.037781929298978e+18,2.005069617180065e+18,56.583478520113545,1.3621811842088992e-20,-504891.2441970069,1.0915269785613385e+21,0.0,0.0,0.0,0.0,0.0,0.3333333333333333,0.3333333333333333,2.0,5.697567307150379e-22,4.811032795419547e-21,0.0,6.859556060982184e-19,,0.0,0.0,0.0,0.0,0.0,5.697567307150379e-22,6.859556060982184e-19,0.007007800521156197,17.0,1.1670931168091869e-17,1.433166365515074e-23,2.492367010208758e-22,,,1.433166365515074e-23,2.492367010208758e-22,10.0,,1.7841241161527714e-07,4.035976381050727,9501046391135.238,2.1595790985463323e-06,0.00017262679150740573,2.1595790985463323e-06,0.00017262679150740573,0.006199366435342609,0.00017478637060595206,False,False,1.0,1.471166316649879,8.590543600836077e-09,0.22213181203978363,0.6722825560640024,1.0,1.3049955788798613,3.896712927359697e-07,0.1592165096392321,0.7631932965965377,0.19769946863467544,0.15867858393204204,0.007727099527464039,0.003995351086006648,True,AP3.2,100.0,8.3,5.767844763153473e+19,$(U_{0.8}Pu_{0.2})N$
RHO_1p0e13_AP3p2,rizk2025_refit_plot,rizk2025_refit_full,1375.0,1.1,10000000000000.0,1.558031103009644e+23,7.784779412814419e+25,6.713535542644981e+24,3.7615382925995926e+23,4.0329161316011894e+18,1.7005897798106104,62.414516134479115,0.7749127218096464,0.4107377539137409,1.1856504757233872,0.7810806685159605,1.966731144239348,4692681217386.693,1.1731703043466734e+18,175.16155339522447,0.3323377626967875,14627945.62183145,12674014.114221284,1.1541683234688602,1305452387.4608147,1305429461.2115302,36035929.88245542,35568648.72935584,1.0000175622275778,1.0131374446258883,0.1724139163355281,86.14746546322436,7.429292991194034,6.2508276292460945,6.2508276292460945,0.0,5.648606604912789e+24,5.648606604912789e+24,0.0,9.03657393860029e+25,9.036573938600291e+25,1.0103446683161919,7.747032575610939e+16,0.004855486619829032,6.007203932809971e-07,7.586232571388684e-08,7.586232571388684e-08,0.004342006409047354,0.004342006409047354,2.4374926179478582e+20,1.613725412510636e-05,6.872029686534334e-19,3.420580950408818e-22,3.420580950408818e-21,3.437073971002977e-17,1.3842827431568335e+19,10000000000000.0,10000000000000.0,0.0,0.006205106376803237,0.0001748969063245858,1.2254872794924866e-05,4.051667143960123e-06,1.2254872794924866e-05,4.051667143960123e-06,1.4825133392782815e-29,7.183232685692097e+18,1.9054335316461422e+18,84.05240604759005,1.8232941087889943e-20,-556674.5731451417,1.0912286518337654e+21,0.0,0.0,0.0,0.0,0.0,0.3333333333333333,0.3333333333333333,2.0,1.2473625552150166e-21,3.443438470919897e-21,0.0,6.859556060982184e-19,,0.0,0.0,0.0,0.0,0.0,1.2473625552150166e-21,6.859556060982184e-19,0.0050108026711049814,17.0,1.1682450467108369e-17,3.437073971002977e-23,3.0768735533085202e-22,,,3.437073971002977e-23,3.0768735533085202e-22,10.0,,1.7841241161527714e-07,4.035976381050727,9496577799392.041,2.1810018950528254e-06,0.00017271590442953296,2.1810018950528254e-06,0.00017271590442953296,0.006205106376803237,0.0001748969063245858,False,False,1.0,1.471680320947905,8.594231251459409e-09,0.22230898730986637,0.6720299170383811,1.0,1.3085301634557447,3.8973016858185897e-07,0.16068591567760007,0.7610455787222506,0.19788715143917068,0.16014800808367877,0.007749127218096464,0.004107377539137409,True,AP3.2,100.0,8.3,5.767844763153473e+19,$(U_{0.8}Pu_{0.2})N$
RHO_1p0e13_AP3p2,rizk2025_refit_plot,rizk2025_refit_full,1400.0,1.1,10000000000000.0,1.554690270588801e+23,7.784455293736556e+25,6.717514229642504e+24,3.754975993534144e+23,4.031101265548514e+18,1.7031904016229227,62.98221780722796,0.7771151523007228,0.42185788014344255,1.1989730324441654,0.8992103839884429,2.0981834164326085,4397921451802.303,1.0994803629505759e+18,187.59378994083806,0.3572444138253862,12825954.064171683,11834080.43891073,1.0838150146419192,1303456601.3999405,1303436185.3405373,35597039.957640104,35248044.246311516,1.0000156632596462,1.0099011368940025,0.17204421511429732,86.14387871585679,7.433695862265037,6.2503812067638975,6.2503812067638975,0.0,5.648203191935966e+24,5.648203191935966e+24,0.0,9.03657393860029e+25,9.036573938600291e+25,1.010626884136819,7.729653115155067e+16,0.004847177475962019,6.000943850306737e-07,7.35230069271384e-08,7.35230069271384e-08,0.004457009138505224,0.004457009138505224,2.3512105577496904e+20,1.699129499092648e-05,6.886110813242972e-19,4.565292615698932e-22,4.565292615698932e-21,7.989389038480301e-17,1.3842827431568335e+19,10000000000000.0,10000000000000.0,0.0,0.00621542184670777,0.0001751948129180415,1.2249348505157215e-05,4.047481936208383e-06,1.2249348505157215e-05,4.047481936208383e-06,1.437374218698425e-29,7.329625549645929e+18,1.8425827739379494e+18,113.96712968043974,2.2915062772909115e-20,-600705.7251194273,1.0911378819777519e+21,0.0,0.0,0.0,0.0,0.0,0.3333333333333333,0.3333333333333333,2.0,2.6554752260788454e-21,2.389663047018396e-21,0.0,6.859556060982184e-19,,0.0,0.0,0.0,0.0,0.0,2.6554752260788454e-21,6.859556060982184e-19,0.003470265163933658,17.0,1.1706388382513052e-17,7.989389038480301e-23,3.7663537118509016e-22,,,7.989389038480301e-23,3.7663537118509016e-22,10.0,,1.7841241161527714e-07,4.035976381050727,9492227283060.938,2.2042908300963498e-06,0.00017299052208794515,2.2042908300963498e-06,0.00017299052208794515,0.00621542184670777,0.0001751948129180415,False,False,1.0,1.472182661622851,8.59923493640544e-09,0.2224820495275706,0.6717831631378184,1.0,1.3119905466252693,3.897886485217851e-07,0.1621182872341868,0.7589529930448327,0.19807445014247932,0.16158041602724849,0.007771151523007228,0.0042185788014344255,True,AP3.2,100.0,8.3,5.767844763153473e+19,$(U_{0.8}Pu_{0.2})N$
RHO_1p0e13_AP3p2,rizk2025_refit_plot,rizk2025_refit_full,1425.0,1.1,10000000000000.0,1.548891665829086e+23,7.783635193019547e+25,6.724709638516404e+24,3.7450299485610485e+23,4.029259019445313e+18,1.7062995706053599,63.54874423489912,0.7793091022959725,0.43314640591500825,1.2124555082109807,0.992613318318939,2.20506882652992,4190190557050.084,1.047547639262521e+18,197.02860565770888,0.37546841097871175,11767574.393790992,11267399.434662452,1.044391339991891,1301079242.133579,1301061102.1910942,35188404.684499614,34933813.8263453,1.0000139424216543,1.0072878060042305,0.17140253334429087,86.1348033658117,7.441658403071751,6.252135697772248,6.252135697772248,0.0,5.649788650708123e+24,5.649788650708123e+24,0.0,9.03657393860029e+25,9.036573938600291e+25,1.0109134860396005,7.703855470670518e+16,0.0048347880387317535,5.991782991714823e-07,7.274537591431401e-08,7.274537591431401e-08,0.004573455494129348,0.004573455494129348,2.2534109926200905e+20,1.796843363650633e-05,6.914608654846705e-19,6.376594772569942e-22,6.376594772569942e-21,1.8029544796246132e-16,1.3842827431568335e+19,10000000000000.0,10000000000000.0,0.0,0.006234728114474832,0.00017585937134245144,1.2242750184153867e-05,4.043378228409658e-06,1.2242750184153867e-05,4.043378228409658e-06,1.422708763678757e-29,7.477847309987987e+18,1.8219822017337628e+18,142.7185872983192,2.719943979111841e-20,-636801.2926824706,1.0914547170422534e+21,0.0,0.0,0.0,0.0,0.0,0.3333333333333333,0.3333333333333333,2.0,5.505259386452124e-21,1.614130821723305e-21,0.0,6.859556060982184e-19,,0.0,0.0,0.0,0.0,0.0,5.505259386452124e-21,6.859556060982184e-19,0.0023343776955358146,17.0,1.1754834713239397e-17,1.8029544796246133e-22,4.573640292945329e-22,,,1.8029544796246133e-22,4.573640292945329e-22,10.0,,1.7841241161527714e-07,4.035976381050727,9487893899125.238,2.232236540191231e-06,0.0001736271348022602,2.232236540191231e-06,0.0001736271348022602,0.006234728114474832,0.00017585937134245144,False,False,1.0,1.472660762499738,8.606840962056712e-09,0.22264667587127598,0.6715484557459269,1.0,1.3154563343913888,3.8984804585494224e-07,0.16354680942723704,0.7568670248160354,0.19826067613619147,0.1630089956914483,0.0077930910229597255,0.0043314640591500825,True,AP3.2,100.0,8.3,5.767844763153473e+19,$(U_{0.8}Pu_{0.2})N$
RHO_1p0e13_AP3p2,rizk2025_refit_plot,rizk2025_refit_full,1450.0,1.1,10000000000000.0,1.5384425332040497e+23,7.781842635963988e+25,6.73829509957549e+24,3.728643298144856e+23,4.027329121643461e+18,1.710381270510387,64.1323148819468,0.7814806772626633,0.4449758901460477,1.2264565674087111,1.0655855548378044,2.2920421222465155,4041033966262.5186,1.0102584915656296e+18,204.19531979749158,0.3889243471538393,11126427.381873032,10871943.598911377,1.0234073862365454,1297972348.1654174,1297956214.954073,34794057.98941099,34615934.32400689,1.0000124297038364,1.0051457130619919,0.17024621761047032,86.11496667695442,7.456692265630056,6.258094839805062,6.258094839805062,0.0,5.655173673467138e+24,5.655173673467138e+24,0.0,9.03657393860029e+25,9.036573938600291e+25,1.0112139446090644,7.662093373449264e+16,0.004814645124143272,5.976838158485574e-07,7.32709890187121e-08,7.32709890187121e-08,0.004695327136426522,0.004695327136426522,2.1546268094024987e+20,1.9090433760293754e-05,6.970855980789518e-19,9.468385261965149e-22,9.468385261965149e-21,3.956100289530877e-16,1.3842827431568335e+19,10000000000000.0,10000000000000.0,0.0,0.006271271267152192,0.00017722722763200636,1.2234098262114029e-05,4.0392251316277785e-06,1.2234098262114029e-05,4.0392251316277785e-06,1.4334981456317032e-29,7.629328489851937e+18,1.8366932790554516e+18,169.48087121961328,3.107388229007429e-20,-668672.3657503339,1.0925494063494689e+21,0.0,0.0,0.0,0.0,0.0,0.3333333333333333,0.3333333333333333,2.0,1.1129991980733449e-20,1.0648433877683903e-21,0.0,6.859556060982184e-19,,0.0,0.0,0.0,0.0,0.0,1.1129991980733449e-20,6.859556060982184e-19,0.0015275647505886161,17.0,1.1850455167342181e-17,3.9561002895308766e-22,5.512284972434272e-22,,,3.9561002895308766e-22,5.512284972434272e-22,10.0,,1.7841241161527714e-07,4.035976381050727,9483438690690.342,2.2699047083696666e-06,0.0001749573229236367,2.2699047083696666e-06,0.0001749573229236367,0.006271271267152192,0.00017722722763200636,False,False,1.0,1.4730917257644083,8.619431235644653e-09,0.22279500017455925,0.6713370056367131,1.0,1.3190395547194442,3.8991030742927606e-07,0.16501738206220057,0.7547206993214456,0.19844465903177497,0.16447964507596377,0.007814806772626633,0.004449758901460477,True,AP3.2,100.0,8.3,5.767844763153473e+19,$(U_{0.8}Pu_{0.2})N$
RHO_1p0e13_AP3p2,rizk2025_refit_plot,rizk2025_refit_full,1475.0,1.1,10000000000000.0,1.5195348890748515e+23,7.778230138864678e+25,6.763888502424241e+24,3.700448283516154e+23,4.025216185765361e+18,1.7162676675832393,64.7602981863461,0.7836064665041116,0.45793552832177004,1.2415419948258815,1.126791282616105,2.3683332774419865,3923756309622.289,9.809390774055722e+17,210.08465231855914,0.3997346012992283,10700573.188766144,10567168.879303625,1.0126244135005544,1293519005.0443776,1293504528.420145,34397874.28117583,34280262.169454604,1.0000111917847325,1.003430898840267,0.1681538710798418,86.07499027523565,7.485014285703865,6.27184156798065,6.27184156798065,0.0,5.667596006024392e+24,5.667596006024392e+24,0.0,9.03657393860029e+25,9.03657393860029e+25,1.011543254308452,7.591173472486482e+16,0.004780293358148617,5.951098437081255e-07,7.443825135860768e-08,7.443825135860768e-08,0.004829101173781044,0.004829101173781044,2.068906544928892e+20,2.0341908181210926e-05,7.079265455089175e-19,1.504893209395902e-21,1.504893209395902e-20,8.452417180343286e-16,1.3842827431568335e+19,10000000000000.0,10000000000000.0,0.0,0.006340014992508523,0.00017991506952200878,1.222164162523743e-05,4.034837649371265e-06,1.222164162523743e-05,4.034837649371265e-06,1.4568166304926814e-29,7.786671500042819e+18,1.8688577596577021e+18,196.99865981856775,3.5026964418123827e-20,-703972.0901099812,1.0950840321132378e+21,0.0,0.0,0.0,0.0,0.0,0.3333333333333333,0.3333333333333333,2.0,2.1970939410699096e-20,6.8818538610947975e-22,0.0,6.859556060982184e-19,,0.0,0.0,0.0,0.0,0.0,2.1970939410699096e-20,6.859556060982184e-19,0.0009721141133572748,17.0,1.2034751273651598e-17,8.452417180343286e-22,6.596514913615734e-22,,,8.452417180343286e-22,6.596514913615734e-22,10.0,,1.7841241161527714e-07,4.035976381050727,9478654155835.062,2.326483675098349e-06,0.00017758858584691043,2.326483675098349e-06,0.00017758858584691043,0.006340014992508523,0.00017991506952200878,False,False,1.0,1.4734352633916608,8.641267797299626e-09,0.2229131871066124,0.6711685296831433,1.0,1.3229104544753698,3.8997851945091685e-07,0.16659882321881817,0.7524137543267877,0.19862443297570762,0.1660611774705164,0.007836064665041116,0.0045793552832177,True,AP3.2,100.0,8.3,5.767844763153473e+19,$(U_{0.8}Pu_{0.2})N$
RHO_1p0e13_AP3p2,rizk2025_refit_plot,rizk2025_refit_full,1500.0,1.1,10000000000000.0,1.4860183071679862e+23,7.771344142307865e+25,6.811111933678338e+24,3.651560664439623e+23,4.022756447265662e+18,1.7253885921472278,65.47768620567008,0.7856477954196843,0.4730339611264409,1.2586817565461252,1.185261971341177,2.4439437278873024,3817742720078.881,9.544356800197202e+17,215.61703687378784,0.409688588839105,10369821.627747005,10296032.410924396,1.0071667622903282,1286679874.1440904,1286666673.2954538,33978053.13859153,33904680.03140523,1.0000102597268667,1.002164099679405,0.16444487891814466,85.9987888674499,7.537272399868548,6.299493853763405,6.299493853763405,0.0,5.692584198529109e+24,5.692584198529109e+24,0.0,9.03657393860029e+25,9.03657393860029e+25,1.0119271062959716,7.469502772221765e+16,0.004721040147121596,5.906225525477104e-07,7.585688637249869e-08,7.585688637249869e-08,0.0049858736620809275,0.0049858736620809275,2.0043700725053882e+20,2.167102902088214e-05,7.283547683483441e-19,2.5448943822908676e-21,2.5448943822908677e-20,1.7607759639859707e-15,1.3842827431568335e+19,10000000000000.0,10000000000000.0,0.0,0.0064672652392303055,0.00018502660773736719,1.2202388550837798e-05,4.029926148060306e-06,1.2202388550837798e-05,4.029926148060306e-06,1.4850241290781332e-29,7.954717537367702e+18,1.9079720848790595e+18,230.93184944619844,3.992373077882349e-20,-753136.6937582949,1.100193985052975e+21,0.0,0.0,0.0,0.0,0.0,0.3333333333333333,0.3333333333333333,2.0,4.239916225012569e-20,4.369022003359254e-22,0.0,6.859556060982184e-19,,0.0,0.0,0.0,0.0,0.0,4.239916225012569e-20,6.859556060982184e-19,0.0005998480676204922,17.0,1.2382031061921849e-17,1.7607759639859707e-21,7.84118418304897e-22,,,1.7607759639859707e-21,7.84118418304897e-22,10.0,,1.7841241161527714e-07,4.035976381050727,9473200976044.271,2.4185687943228175e-06,0.00018260803894304436,2.4185687943228175e-06,0.00018260803894304436,0.0064672652392303055,0.00018502660773736719,False,False,1.0,1.4736236910123914,8.67966126135168e-09,0.22297799355612194,0.6710761517901331,1.0,1.3273514871425194,3.900579874577399e-07,0.16840406632012112,0.7497818642484698,0.1987967585183332,0.16786652771822796,0.007856477954196844,0.004730339611264409,True,AP3.2,100.0,8.3,5.767844763153473e+19,$(U_{0.8}Pu_{0.2})N$
RHO_1p0e13_AP3p2,rizk2025_refit_plot,rizk2025_refit_full,1525.0,1.1,10000000000000.0,1.4290546025165131e+23,7.758821029280137e+25,6.895593512952691e+24,3.5685535711725854e+23,4.019664077469891e+18,1.7400609522138117,66.35966347493633,0.7875428884277752,0.4920292199955349,1.27957210842331,1.249814365153943,2.529386473577253,3706937597117.8926,9.267343992794732e+17,221.62763978789732,0.420285281499132,10060899.976589857,10016801.16308864,1.0044024846638384,1275829610.1443574,1275817377.0726714,33498021.931808863,33454057.536601007,1.000009588419084,1.0013141722841767,0.15814119512841224,85.86020633481289,7.630760905410991,6.350891564647697,6.350891564647697,0.0,5.73903011999718e+24,5.73903011999718e+24,0.0,9.03657393860029e+25,9.03657393860029e+25,1.0124103269143923,7.26518687425567e+16,0.004620705664983571,5.829379299737128e-07,7.744732746620484e-08,7.744732746620484e-08,0.005184705468658035,0.005184705468658035,1.9584526883372777e+20,2.303146302547838e-05,7.660320881786454e-19,4.506949593239524e-21,4.506949593239524e-20,3.580777516173852e-15,1.3842827431568335e+19,10000000000000.0,10000000000000.0,0.0,0.006697584487270551,0.0001944945470822389,1.217154091584833e-05,4.024030033460391e-06,1.217154091584833e-05,4.024030033460391e-06,1.5165494743127528e-29,8.141817731166825e+18,1.9519780218860045e+18,279.73637342006685,4.694959632951216e-20,-827516.9277931413,1.109718739824073e+21,0.0,0.0,0.0,0.0,0.0,0.3333333333333333,0.3333333333333333,2.0,8.007648208042697e-20,2.7313851877918533e-22,0.0,6.859556060982184e-19,,0.0,0.0,0.0,0.0,0.0,8.007648208042697e-20,6.859556060982184e-19,0.0003565627641377433,17.0,1.3022545499036972e-17,3.5807775161738524e-21,9.261720770656716e-22,,,3.5807775161738524e-21,9.261720770656716e-22,10.0,,1.7841241161527714e-07,4.035976381050727,9466515413253.426,2.5758519648219332e-06,0.00019191869511741698,2.5758519648219332e-06,0.00019191869511741698,0.006697584487270551,0.0001944945470822389,False,False,1.0,1.47355084591318,8.746445836385055e-09,0.22295294125566537,0.671111862080763,1.0,1.3328392572360201,3.901579862755762e-07,0.17062147248323,0.7465513307154702,0.19895647208603054,0.17008406684050817,0.007875428884277752,0.004920292199955349,True,AP3.2,100.0,8.3,5.767844763153473e+19,$(U_{0.8}Pu_{0.2})N$
RHO_1p0e13_AP3p2,rizk2025_refit_plot,rizk2025_refit_full,1550.0,1.1,10000000000000.0,1.3383571645984634e+23,7.737111040147522e+25,7.040735607543458e+24,3.433984746412049e+23,4.0154803091655404e+18,1.763733724582262,67.51956929022933,0.7891980955867718,0.5177440297518521,1.306942125338624,1.330424723534976,2.6373668488736,3576925010846.1875,8.942312527115469e+17,229.0027334946264,0.4329843817328539,9723187.369159075,9694207.427668514,1.0029894080260597,1258704829.8190196,1258693400.8566425,32905195.977033548,32879356.656696767,1.0000090800208925,1.000785882783735,0.14810448890166075,85.6199605372338,7.791377191601916,6.4405577822626245,6.4405577822626245,0.0,5.820057660524371e+24,5.820057660524371e+24,0.0,9.03657393860029e+25,9.03657393860029e+25,1.0130650167273192,6.938695302930515e+16,0.004458213849723919,5.703264497313651e-07,7.919952305782539e-08,7.919952305782539e-08,0.005455886614553396,0.005455886614553396,1.9204648712051012e+20,2.4439944162747725e-05,8.341202920002465e-19,8.20455958647652e-21,8.20455958647652e-20,7.11715258415843e-15,1.3842827431568335e+19,10000000000000.0,10000000000000.0,0.0,0.007103070931065726,0.000211634575059517,1.2122093538142847e-05,4.016505189982323e-06,1.2122093538142847e-05,4.016505189982323e-06,1.5511738266291275e-29,8.360901860831304e+18,2.000722355847256e+18,355.3218729007724,5.758888896228302e-20,-935055.9968753209,1.1264044072045893e+21,0.0,0.0,0.0,0.0,0.0,0.3333333333333333,0.3333333333333333,2.0,1.4816468590202815e-19,1.6851976248218294e-22,0.0,6.859556060982184e-19,,0.0,0.0,0.0,0.0,0.0,1.4816468590202815e-19,6.859556060982184e-19,0.00020203292510492376,17.0,1.4180044964004192e-17,7.11715258415843e-21,1.0874070023180895e-21,,,7.11715258415843e-21,1.0874070023180895e-21,10.0,,1.7841241161527714e-07,4.035976381050727,9457755483971.5,2.8507056769112934e-06,0.0002087838693826057,2.8507056769112934e-06,0.0002087838693826057,0.007103070931065726,0.000211634575059517,False,False,1.0,1.473067066825683,8.859237510642185e-09,0.22278651513986653,0.6713491014475212,1.0,1.34010306841743,3.902934415339034e-07,0.17353414734843997,0.7423116913363516,0.19909575920308506,0.17299691817957263,0.007891980955867718,0.005177440297518521,True,AP3.2,100.0,8.3,5.767844763153473e+19,$(U_{0.8}Pu_{0.2})N$
RHO_1p0e13_AP3p2,rizk2025_refit_plot,rizk2025_refit_full,1575.0,1.1,10000000000000.0,1.2065876060930598e+23,7.701470250453952e+25,7.277683457347716e+24,3.230772050675826e+23,4.009545055775261e+18,1.8009384808369677,69.10447593359031,0.7904812259418381,0.5542455829179267,1.3447268088597648,1.439885056353249,2.7846118652130136,3413666342474.198,8.534165856185495e+17,238.8083056382981,0.44936680511000004,9317200.213673744,9296159.084862143,1.002263421765863,1232701275.510546,1232690635.2560573,32140449.585671697,32125270.758632623,1.000008631731421,1.000472488688208,0.1335226839609031,85.22555453850315,8.053587019590065,6.5873357579458665,6.5873357579458665,0.0,5.95269466350634e+24,5.95269466350634e+24,0.0,9.03657393860029e+25,9.036573938600288e+25,1.013995381780658,6.455642715367783e+16,0.0042127684890063445,5.509418280594096e-07,8.109490682685743e-08,8.109490682685743e-08,0.005843005337703794,0.005843005337703794,1.8776844774629874e+20,2.599148385886545e-05,9.547997762466594e-19,1.5110367502995262e-20,1.5110367502995263e-19,1.384090397445483e-14,1.3842827431568335e+19,10000000000000.0,10000000000000.0,0.0,0.007793768376931229,0.0002420241169924818,1.2045189896190036e-05,4.006622654899163e-06,1.2045189896190036e-05,4.006622654899163e-06,1.5885017694544523e-29,8.62960485484194e+18,2.0537910202702856e+18,474.5249505630423,7.359454754411459e-20,-1073657.548310124,1.1538880819115705e+21,0.0,0.0,0.0,0.0,0.0,0.3333333333333333,0.3333333333333333,2.0,2.6884417014844093e-19,1.0281056616639125e-22,0.0,6.859556060982184e-19,,0.0,0.0,0.0,0.0,0.0,2.6884417014844093e-19,6.859556060982184e-19,0.00010767761862130092,17.0,1.623159619619321e-17,1.384090397445483e-20,1.2694635285404309e-21,,,1.384090397445483e-20,1.2694635285404309e-21,10.0,,1.7841241161527714e-07,4.035976381050727,9445847399613.24,3.33456605481575e-06,0.00023868955093766606,3.33456605481575e-06,0.00023868955093766606,0.007793768376931229,0.0002420241169924818,False,False,1.0,1.4719943601937293,9.041223543643594e-09,0.2224171882155461,0.6718756407263288,1.0,1.3501142733866038,3.904859269971669e-07,0.17750742944008516,0.7365353866527636,0.19920360178721705,0.1769704466088728,0.007904812259418382,0.005542455829179267,True,AP3.2,100.0,8.3,5.767844763153473e+19,$(U_{0.8}Pu_{0.2})N$
RHO_1p0e13_AP3p2,rizk2025_refit_plot,rizk2025_refit_full,1600.0,1.1,10000000000000.0,1.0363733734248105e+23,7.646553501161335e+25,7.641441080587185e+24,2.951419848189025e+23,4.0010198758296136e+18,1.856634953741947,71.27021010149521,0.7912234860805306,0.6067131882114973,1.3979366742920278,1.5948248572840378,2.9927615315760656,3205228847640.0464,8.013072119100115e+17,252.32783432424105,0.47105370755810066,8814816.32347176,8798078.126994511,1.0019024832736927,1195721396.6213202,1195711626.3085053,31158091.258271214,31149059.289126832,1.0000081711280546,1.0002899596119597,0.1146865372282162,84.61783805584332,8.456126328968871,6.811349077959607,6.811349077959607,0.0,6.15512595645989e+24,6.15512595645989e+24,0.0,9.03657393860029e+25,9.036573938600291e+25,1.0153348536283853,5.8101788865031624e+16,0.0038748382442851913,5.235991312969429e-07,8.306861108447791e-08,8.306861108447791e-08,0.006401907675219375,0.006401907675219375,1.821116399032399e+20,2.782565684047852e-05,1.1647735522501893e-18,2.783708154963653e-20,2.7837081549636527e-19,2.6363059898109156e-14,1.3842827431568335e+19,10000000000000.0,10000000000000.0,0.0,0.00892618071449579,0.00029486886497006,1.1931918453017971e-05,3.993814058066021e-06,1.1931918453017971e-05,3.993814058066021e-06,1.6272244041060184e-29,8.968373123362681e+18,2.1093709064809946e+18,663.7590565403392,9.723740253458694e-20,-1228678.7070750184,1.196217760158956e+21,0.0,0.0,0.0,0.0,0.0,0.3333333333333333,0.3333333333333333,2.0,4.788179461519709e-19,6.213051142733445e-23,0.0,6.859556060982184e-19,,0.0,0.0,0.0,0.0,0.0,4.788179461519709e-19,6.859556060982184e-19,5.3341279347652143e-05,17.0,1.9801150388253218e-17,2.6363059898109155e-20,1.4740216515273757e-21,,,2.6363059898109155e-20,1.4740216515273757e-21,10.0,,1.7841241161527714e-07,4.035976381050727,9429695260224.014,4.186066632800061e-06,0.0002906827983372599,4.186066632800061e-06,0.0002906827983372599,0.00892618071449579,0.00029486886497006,False,False,1.0,1.4701746607814847,9.317925791834269e-09,0.2217897208523077,0.6727704123449847,1.0,1.3639547221061399,3.9076307216218295e-07,0.18292388318403405,0.7286745967000433,0.19926593286353525,0.18238725137764814,0.007912234860805306,0.006067131882114973,True,AP3.2,100.0,8.3,5.767844763153473e+19,$(U_{0.8}Pu_{0.2})N$
RHO_1p0e13_AP3p2,rizk2025_refit_plot,rizk2025_refit_full,1625.0,1.1,10000000000000.0,8.442110677926903e+22,7.567673637679781e+25,8.162959698076459e+24,2.607319473803083e+23,3.988981258354299e+18,1.9349716288826344,74.13777710576879,0.7912371365842729,0.6808779753332121,1.4721151119174851,1.8158712879974477,3.287986399914933,2945888440945.7715,7.364721102364429e+17,271.00050342704344,0.49938737031302416,8206227.747517896,8191866.70108032,1.0017530859523973,1147312447.7805974,1147303643.5588245,29949731.948145516,29944248.21819021,1.0000076738375427,1.000183131328439,0.09342158582763209,83.74494237637995,9.033246176637661,7.128389861154735,7.128389861154735,0.0,6.441622204349343e+24,6.441622204349343e+24,0.0,9.03657393860029e+25,9.036573938600288e+25,1.0172325952846337,5.043514015894417e+16,0.003457315130009501,4.886719433605117e-07,8.50068962983508e-08,8.50068962983508e-08,0.0071952195989685806,0.0071952195989685806,1.749330715429034e+20,3.0064479921408805e-05,1.523730417696869e-18,5.0931337662888926e-20,5.093133766288892e-19,4.922854290289942e-14,1.3842827431568335e+19,10000000000000.0,10000000000000.0,0.0,0.010706620934968212,0.00038508996462288507,1.1776371177743891e-05,3.977982655838858e-06,1.1776371177743891e-05,3.977982655838858e-06,1.6650798367722945e-29,9.396348361666116e+18,2.1640133533307443e+18,971.1656287975379,1.3223282378028538e-19,-1379772.458673902,1.2568926354344006e+21,0.0,0.0,0.0,0.0,0.0,0.3333333333333333,0.3333333333333333,2.0,8.377748115986507e-19,3.725070577182821e-23,0.0,6.859556060982184e-19,,0.0,0.0,0.0,0.0,0.0,8.377748115986507e-19,6.859556060982184e-19,2.4447044791645597e-05,17.0,2.5903417100846773e-17,4.922854290289942e-20,1.7027947599895046e-21,,,4.922854290289942e-20,1.7027947599895046e-21,10.0,,1.7841241161527714e-07,4.035976381050727,9408533761451.816,5.678666948371062e-06,0.000379411297674514,5.678666948371062e-06,0.000379411297674514,0.010706620934968212,0.00038508996462288507,False,False,1.0,1.4675382100325314,9.711027585441322e-09,0.22087848276575486,0.6740703087106882,1.0,1.3825654039522581,3.911557799373162e-07,0.19007128473459528,0.7183264344148979,0.19926707879544434,0.1895351494435562,0.007912371365842729,0.0068087797533321216,True,AP3.2,100.0,8.3,5.767844763153473e+19,$(U_{0.8}Pu_{0.2})N$
RHO_1p0e13_AP3p2,rizk2025_refit_plot,rizk2025_refit_full,1650.0,1.1,10000000000000.0,6.546778663493611e+22,7.462112412862355e+25,8.861260850367769e+24,2.228528689925911e+23,3.972544711706769e+18,2.0381531801990014,77.75606891619574,0.7903460762239715,0.7822765131604471,1.5726225893844186,1.8894545486454177,3.4620771380298363,2730931898178.143,6.827329745445358e+17,281.6365629084628,0.5,7884979.169677191,7882499.264562969,1.0003146089877066,1089229172.5354588,1089221370.389464,28554232.320632316,28550826.076260116,1.0000071630489513,1.0001193045820496,0.07244757479965541,82.57678699432176,9.805996067288666,7.544769363589927,7.030287585271977,0.5144817783179488,6.817886620376662e+24,6.352971357393391e+24,4.6491526298327076e+23,9.03657393860029e+25,8.990082412301964e+25,1.0198354749135843,4.234326186143301e+16,0.002995456589777501,4.483073616692751e-07,8.682785466164184e-08,8.682785466164184e-08,0.008284936843285476,0.008284936843285476,1.668632614664325e+20,3.2771494637022776e-05,2.1271476252081635e-18,9.216017886357202e-20,9.216017886357202e-19,9.020265555838444e-14,1.3842827431568335e+19,10000000000000.0,10000000000000.0,0.0,0.013389645631972476,0.000536461004889622,1.1578174111420136e-05,3.959640566628983e-06,1.1578174111420136e-05,3.959640566628983e-06,1.7004484426362664e-29,9.927068366538346e+18,2.2146742621774945e+18,367.46360734825265,4.7972101696601754e-20,-715772.6445901575,1.3379169714236314e+21,1.9694850461509637e+21,0.0,0.0,0.0,0.0,0.3333333333333333,0.3333333333333333,2.0,1.441192019109945e-18,2.2189009104417195e-23,0.0,6.859556060982184e-19,,0.0,0.0,0.0,0.0,0.0,1.441192019109945e-18,6.859556060982184e-19,1.043134422898635e-05,17.0,3.616150962853878e-17,9.020265555838444e-20,1.957523305187582e-21,,,9.020265555838444e-20,1.957523305187582e-21,10.0,,1.7841241161527714e-07,4.035976381050727,9382223066354.25,8.279050542022537e-06,0.0005281819543475995,8.279050542022537e-06,0.0005281819543475995,0.013389645631972476,0.000536461004889622,False,False,1.0,1.4641424481392615,1.0232717220966653e-08,0.21970105508552648,0.6757507434490219,1.0,1.406511516493938,3.91694510496184e-07,0.1990474499347081,0.7053719438673596,0.1991922484309082,0.19851199949121365,0.007903460762239715,0.007822765131604471,True,AP3.2,100.0,8.3,5.767844763153473e+19,$(U_{0.8}Pu_{0.2})N$
RHO_1p0e13_AP3p2,rizk2025_refit_plot,rizk2025_refit_full,1675.0,1.1,10000000000000.0,4.884661233384742e+22,7.329572534002573e+25,9.74104798354017e+24,1.8515667602389527e+23,3.95093752238658e+18,2.1662484947935696,82.09952545702977,0.7884112392956996,0.9158212407946833,1.7042324800903828,1.9752926665860586,3.679525146676441,2498738831666.2227,6.246847079165556e+17,294.43134144423914,0.5000000000000002,7542184.937200736,7539958.1753440285,1.0002953281443907,1024820032.5535526,1024813176.0209498,27042518.27718839,27040351.179154262,1.0000066905195633,1.0000801431172166,0.05405434920993239,81.11008202670534,10.779580900600696,8.056282723484026,6.936673470992922,1.1196092524911032,7.280119450103151e+24,6.268376270855465e+24,1.0117431792476855e+24,9.03657393860029e+25,8.93539962067552e+25,1.0232781956045665,3.4634484716016276e+16,0.0025325981732243793,4.0559875498058004e-07,8.862987725096895e-08,8.862987725096895e-08,0.009728374758423837,0.009728374758423837,1.5890516285204595e+20,3.594890327072083e-05,3.1253595690049714e-18,1.6455952557117455e-19,1.6455952557117454e-18,1.6231955709997532e-13,1.3842827431568335e+19,10000000000000.0,10000000000000.0,0.0,0.017276555582499832,0.0007862542819308321,1.1342512612991532e-05,3.93971845484838e-06,1.1342512612991532e-05,3.93971845484838e-06,1.7352682535672743e-29,1.0566847900817334e+19,2.262673441090093e+18,472.5718422580113,5.894807403810591e-20,-736364.259701425,1.4395186602424255e+21,2.1849346764338385e+21,0.0,0.0,0.0,0.0,0.3333333333333333,0.3333333333333333,2.0,2.439403962906753e-18,1.3148108872562704e-23,0.0,6.859556060982184e-19,,0.0,0.0,0.0,0.0,0.0,2.439403962906753e-18,6.859556060982184e-19,4.206910783308271e-06,17.0,5.3131112673084517e-17,1.623195570999753e-19,2.2399684711992322e-21,,,1.623195570999753e-19,2.2399684711992322e-21,10.0,,1.7841241161527714e-07,4.035976381050727,9351261596329.43,1.277200030416421e-05,0.0007734822816266679,1.277200030416421e-05,0.0007734822816266679,0.017276555582499832,0.0007862542819308321,False,False,1.0,1.4601431386541142,1.088473278391667e-08,0.21830890980075549,0.677738803461724,1.0,1.43593759894959,3.9240725494954447e-07,0.20975471510219654,0.6899822206952113,0.1990295688742128,0.20922017964250453,0.007884112392956995,0.009158212407946833,True,AP3.2,100.0,8.3,5.767844763153473e+19,$(U_{0.8}Pu_{0.2})N$
RHO_1p0e13_AP3p2,rizk2025_refit_plot,rizk2025_refit_full,1700.0,1.1,10000000000000.0,3.5517506172477885e+22,7.171585444481784e+25,1.0796513919701688e+25,1.5054221233444552e+23,3.923482814141963e+18,2.317941956568691,87.0988096074083,0.7853343131036002,1.0859179759676099,1.87125228907121,2.079518274505091,3.950770563576301,2254541772128.274,5.636354430320685e+17,309.96690539967045,0.49999999999999994,7164142.226785624,7162054.920468166,1.0002914395855154,957752200.9059719,957746156.5458366,25489709.228717934,25488293.238524072,1.0000063110252064,1.0000555545316672,0.039304172592184126,79.36177464169145,11.94757437172478,8.651346813991584,6.846473323198167,1.804873490793416,7.817853515310899e+24,6.186866240373468e+24,1.6309872749374315e+24,9.03657393860029e+25,8.873475211106547e+25,1.027687485927687,2.783988263800318e+16,0.0021035959311444252,3.634041805742626e-07,9.082560186493518e-08,9.082560186493518e-08,0.011579936443291833,0.011579936443291833,1.519287123475234e+20,3.955962077867089e-05,4.751541991998671e-18,2.8964180859428994e-19,2.8964180859428996e-18,2.8708990269161864e-13,1.3842827431568335e+19,10000000000000.0,10000000000000.0,0.0,0.022718745215383664,0.001192026911336814,1.1077851619472576e-05,3.9192053013945955e-06,1.1077851619472576e-05,3.9192053013945955e-06,1.7776508660387973e-29,1.1316340324061227e+19,2.3172599433284424e+18,619.4140658425065,7.33207844235448e-20,-745664.6123824945,1.5606065281001985e+21,2.4202907295720323e+21,0.0,0.0,0.0,0.0,0.3333333333333333,0.3333333333333333,2.0,4.065586385900453e-18,7.758935285868006e-24,0.0,6.859556060982184e-19,,0.0,0.0,0.0,0.0,0.0,4.065586385900453e-18,6.859556060982184e-19,1.6329299623014206e-06,17.0,8.07762138639774e-17,2.8708990269161863e-19,2.5519059026713273e-21,,,2.8708990269161863e-19,2.5519059026713273e-21,10.0,,1.7841241161527714e-07,4.035976381050727,9316540225914.648,2.0453764394798366e-05,0.0011715731469420156,2.0453764394798366e-05,0.0011715731469420156,0.022718745215383664,0.001192026911336814,False,False,1.0,1.455723021816945,1.1662151981033977e-08,0.21676337698516066,0.6799473957288078,1.0,1.470721029897893,3.9332042182963835e-07,0.22197824585249432,0.6725015471817348,0.19877031428586325,0.2214448956315353,0.007853343131036002,0.010859179759676098,True,AP3.2,100.0,8.3,5.767844763153473e+19,$(U_{0.8}Pu_{0.2})N$
RHO_1p0e13_AP3p2,rizk2025_refit_plot,rizk2025_refit_full,1725.0,1.1,10000000000000.0,2.545526732305012e+22,6.990527845266518e+25,1.2017226546853917e+25,1.2055956165954982e+23,3.889532055022857e+18,2.491503595759172,92.67747031915445,0.7810427841612632,1.2969059336599054,2.0779487178211684,2.2027443582512856,4.2806930760724535,2009349918580.472,5.02337479645118e+17,328.33462465061996,0.5,6763409.310311685,6761394.727596264,1.0002979537205836,891033619.5184498,891028214.3596731,23954997.79530243,23954041.82219218,1.0000060662038412,1.0000399086349328,0.028169157355440157,77.3581657469325,13.298432158587872,9.315232937124186,6.759192913470823,2.5560400236533627,8.417779119160745e+24,6.10799465278422e+24,2.3097844663765245e+24,9.03657393860029e+25,8.805595491962637e+25,1.033194865813213,2.2157383183780676e+16,0.0017276174717036994,3.236640556247445e-07,9.422862128746304e-08,9.422862128746304e-08,0.013896449611962333,0.013896449611962333,1.4641430465992702e+20,4.3561934813942216e-05,7.362204704302811e-18,5.023391322800811e-19,5.023391322800811e-18,4.994440127391286e-13,1.3842827431568335e+19,10000000000000.0,10000000000000.0,0.0,0.030125741936406922,0.0018413979347624819,1.079328808577689e-05,3.898884966580165e-06,1.079328808577689e-05,3.898884966580165e-06,1.8435610475994068e-29,1.2173349261803944e+19,2.3976651249695155e+18,825.2280270437311,9.213657618658549e-20,-744326.4559952735,1.699466457466127e+21,2.6761970906139103e+21,0.0,0.0,0.0,0.0,0.3333333333333333,0.3333333333333333,2.0,6.676249098204593e-18,4.564519522249422e-24,0.0,6.859556060982184e-19,,0.0,0.0,0.0,0.0,0.0,6.676249098204593e-18,6.859556060982184e-19,6.199935624693656e-07,17.0,1.251574799731478e-16,4.994440127391286e-19,2.8951195409524855e-21,,,4.994440127391286e-19,2.8951195409524855e-21,10.0,,1.7841241161527714e-07,4.035976381050727,9279057433589.836,3.342499816799385e-05,0.001807972936594488,3.342499816799385e-05,0.001807972936594488,0.030125741936406922,0.0018413979347624819,False,False,1.0,1.4510329665789867,1.2558318965013276e-08,0.21511546162016693,0.6823040051899795,1.0,1.510678820253004,3.944615054129977e-07,0.2354786320969632,0.6533107188494731,0.19840758676394596,0.23494677736370764,0.007810427841612631,0.012969059336599054,True,AP3.2,100.0,8.3,5.767844763153473e+19,$(U_{0.8}Pu_{0.2})N$
RHO_1p0e13_AP3p2,rizk2025_refit_plot,rizk2025_refit_full,1750.0,1.1,10000000000000.0,1.8132985442210138e+22,6.7888797507584426e+25,1.3392438493151244e+25,9.55959124647712e+22,3.848391297643099e+18,2.6854215673688433,98.77533637811783,0.7754706223606851,1.5535076107280563,2.3289782330887414,2.3461077832900545,4.675086016378796,1771282566488.7083,4.428206416221771e+17,349.7039570347467,0.5,6350207.192786456,6348226.708167962,1.0003119744630333,826690791.1735288,826685845.8931422,22475919.543207243,22475246.163695246,1.0000059820552283,1.000029960940454,0.020066217092247714,75.12669953110569,14.8202610681296,10.032973183672473,6.674447388446613,3.358525795225861,9.066370399825025e+24,6.031413732499543e+24,3.034956667325483e+24,9.03657393860029e+25,8.733078271867741e+25,1.0399503154357932,1.7555349029389136e+16,0.0014101303687486203,2.873562623215811e-07,1.001541577934747e-07,1.001541577934747e-07,0.016743371683240815,0.016743371683240815,1.42479984324519e+20,4.792517173566545e-05,1.1495000451183415e-17,8.585058024105227e-19,8.585058024105227e-18,8.552344067970446e-13,1.3842827431568335e+19,10000000000000.0,10000000000000.0,0.0,0.039974302340583696,0.002865951561386883,1.0496908289706304e-05,3.879259005702306e-06,1.0496908289706304e-05,3.879259005702306e-06,1.9587735281764545e-29,1.3135104242217558e+19,2.5350269993293425e+18,1114.7735840809687,1.1676243511087978e-19,-733029.355642821,1.8542611720208793e+21,2.9523252678796415e+21,0.0,0.0,0.0,0.0,0.3333333333333333,0.3333333333333333,2.0,1.0809044845085196e-17,2.6793973973199525e-24,0.0,6.859556060982184e-19,,0.0,0.0,0.0,0.0,0.0,1.0809044845085196e-17,6.859556060982184e-19,2.3309241341039768e-07,17.0,1.9541500767011807e-16,8.552344067970446e-19,3.2713956134781503e-21,,,8.552344067970446e-19,3.2713956134781503e-21,10.0,,1.7841241161527714e-07,4.035976381050727,9239748989261.135,5.5026034361782074e-05,0.002810925527025101,5.5026034361782074e-05,0.002810925527025101,0.039974302340583696,0.002865951561386883,False,False,1.0,1.446169220806763,1.3568117241160549e-08,0.21339774249780835,0.6847623030984341,1.0,1.5557119774688053,3.958621708184109e-07,0.2500494890609342,0.6327429069265595,0.197934629847053,0.24951948291053552,0.007754706223606851,0.015535076107280563,True,AP3.2,100.0,8.3,5.767844763153473e+19,$(U_{0.8}Pu_{0.2})N$
RHO_1p0e13_AP3p2,rizk2025_refit_plot,rizk2025_refit_full,1775.0,1.1,10000000000000.0,1.2909355141060148e+22,6.568863914161865e+25,1.4913036653090344e+25,7.533553984584837e+22,3.7992947152179354e+18,2.8986318114006986,105.3570905698093,0.7685421241541829,1.861156528865588,2.629698653019771,2.510993012518857,5.140691665538628,1546296455705.5078,3.8657411392637696e+17,374.2812665379924,0.5,5933335.782135251,5931368.1941242805,1.0003317258255726,765883226.8121294,765878574.5980049,21071697.976592723,21071196.898029704,1.000006074349484,1.000023780261057,0.0142856742265086,72.69197329424321,16.502976409442496,10.79076462208778,6.591922850037766,4.198841772050014,9.751154236152843e+24,5.956839823191501e+24,3.794314412961342e+24,9.03657393860029e+25,8.657142497304155e+25,1.0481337663945347,1.3894603440088078e+16,0.0011481908690842892,2.547638652435323e-07,1.1062608608257067e-07,1.1062608608257067e-07,0.02019858993020782,0.02019858993020782,1.40027343449e+20,5.264013093927683e-05,1.795020114129512e-17,1.4461408687105212e-18,1.4461408687105212e-17,1.4424583518951984e-12,1.3842827431568335e+19,10000000000000.0,10000000000000.0,0.0,0.05281499417469023,0.004460765519963167,1.0195230530922646e-05,3.8605885315443135e-06,1.0195230530922646e-05,3.8605885315443135e-06,2.1629128691363174e-29,1.4199521604766122e+19,2.776347039105863e+18,1523.3796236380297,1.4896819727492675e-19,-712764.0655504155,2.0232467317158954e+21,3.2477345259421245e+21,0.0,0.0,0.0,0.0,0.3333333333333333,0.3333333333333333,2.0,1.7264245535196902e-17,1.5706605874380213e-24,0.0,6.859556060982184e-19,,0.0,0.0,0.0,0.0,0.0,1.7264245535196902e-17,6.859556060982184e-19,8.750100208206897e-08,17.0,3.05153419402017e-16,1.4424583518951983e-18,3.682516815322887e-21,,,1.4424583518951983e-18,3.682516815322887e-21,10.0,,1.7841241161527714e-07,4.035976381050727,9199435913506.043,9.047114286762667e-05,0.004370294377095541,9.047114286762667e-05,0.004370294377095541,0.05281499417469023,0.004460765519963167,False,False,1.0,1.4411759793652013,1.4689264757072594e-08,0.21162490647480245,0.6873014616973733,1.0,1.6058707471119442,3.975600562673837e-07,0.26553696626200196,0.6110560404803078,0.19734337840017888,0.26500920954658397,0.007685421241541829,0.01861156528865588,True,AP3.2,100.0,8.3,5.767844763153473e+19,$(U_{0.8}Pu_{0.2})N$
RHO_1p0e13_AP3p2,rizk2025_refit_plot,rizk2025_refit_full,1800.0,1.1,10000000000000.0,9.215944392026958e+21,6.332377997764911e+25,1.657194543587971e+25,5.9152723720404975e+22,3.741359177377082e+18,3.130507546468971,112.41345106474665,0.7601645650771044,2.2262444758369693,2.986409040914074,2.695292715988438,5.681701756902512,1342059879793.4824,3.355149699483706e+17,401.75244072814894,0.49999999999999994,5527757.120322081,5525790.9472221285,1.0003558174963063,709154690.294144,709150183.1720643,19748925.258135643,19748526.346027303,1.0000063556665242,1.000020199588635,0.010198493870182897,70.07498683450996,18.338748234097448,11.57606643752242,6.511198653566,5.064867783956419,1.046079802808206e+25,5.883892806186381e+24,4.576905221895678e+24,9.03657393860029e+25,8.578883416410722e+25,1.0579658490248414,1.1008323774148692e+16,0.000935018200393762,2.2576507630836562e-07,1.2878052166073435e-07,1.2878052166073435e-07,0.024358264851263706,0.024358264851263706,1.3887874237532072e+20,5.7716919835756216e-05,2.790413000779694e-17,2.4019434300062056e-18,2.4019434300062057e-17,2.3978131732901632e-12,1.3842827431568335e+19,10000000000000.0,10000000000000.0,0.0,0.06927430517942611,0.006911529771522901,9.893261990729924e-06,3.842967592943787e-06,9.893261990729924e-06,3.842967592943787e-06,2.51739209678908e-29,1.5365714986247764e+19,3.192305116941456e+18,2092.9771329798764,1.9053834295047462e-19,-686782.0857588741,2.2048061103466705e+21,3.561421539029528e+21,0.0,0.0,0.0,0.0,0.3333333333333333,0.3333333333333333,2.0,2.721817440169872e-17,9.201272251725335e-25,0.0,6.859556060982184e-19,,0.0,0.0,0.0,0.0,0.0,2.721817440169872e-17,6.859556060982184e-19,3.297458924236063e-08,17.0,4.74370210132548e-16,2.397813173290163e-18,4.130256716042414e-21,,,2.397813173290163e-18,4.130256716042414e-21,10.0,,1.7841241161527714e-07,4.035976381050727,9158842957417.998,0.00014775289270714122,0.00676377687881576,0.00014775289270714122,0.00676377687881576,0.06927430517942611,0.006911529771522901,False,False,1.0,1.436057677908473,1.5922422636932983e-08,0.209797704465865,0.6899205743383774,1.0,1.6613761626494052,3.9960163903834695e-07,0.2818387945455992,0.5884354736182579,0.19662370428992623,0.2813137445331586,0.007601645650771044,0.022262444758369693,True,AP3.2,100.0,8.3,5.767844763153473e+19,$(U_{0.8}Pu_{0.2})N$
RHO_1p0e13_AP3p8,rizk2025_refit_plot,rizk2025_refit_full,900.0,1.1,10000000000000.0,1.5781639909164973e+23,7.80412425199138e+25,6.474886199865478e+24,3.837104631009662e+23,4.081780261230153e+18,1.66036745303787,40.23295884841161,0.7357069962353249,0.11134844323772751,0.8470554394730524,0.04838567119887512,0.8954411106719274,8731905907160.42,2.1829764767901048e+18,56.34859391238959,0.0639965079896925,1304912668386.4148,39397611.29535266,33121.61893785531,1340209856.193303,1337053431.1174347,142875469.22615167,55178641.18233117,1.002360732190957,2.589325618839306,0.1746418500683427,86.36153817826592,7.165200267114188,6.298619704551591,6.298619704551591,0.0,5.691794267130416e+24,5.691794267130416e+24,0.0,9.036573938600132e+25,9.036573938600133e+25,1.002788919765216,9.437395486630245e+16,0.004941384876641376,6.304254994146748e-07,1.636934044720352e-07,1.636934044720352e-07,0.0011941129942486892,0.0011941129942486892,9.405425733703157e+19,6.38167293692359e-06,8.162871712571295e-19,5.5598665086701915e-25,5.559866508670192e-24,5.119872410101689e-28,1.6472964643566316e+19,10000000000000.0,10000000000000.0,0.0,0.007357941850953207,0.00021063257603695618,1.4685753552650586e-05,5.122059084136361e-06,1.4685753552650586e-05,5.122059084136361e-06,1.2698907250342938e-29,5.053065509495056e+18,1.551415208528041e+18,0.0001965118918710108,1.0305144909532782e-21,-144816.60646626665,3.2071692050385716e+21,0.0,0.0,0.0,0.0,0.0,0.3333333333333333,0.3333333333333333,2.0,2.4966082885114063e-31,1.045298780017561e-24,0.0,8.162871712568798e-19,,0.0,0.0,0.0,0.0,0.0,2.4966082885114063e-31,8.162871712568798e-19,1.2805527476411767e-06,17.0,1.3876881911371202e-17,5.119872410101689e-34,5.559866503550319e-25,,,5.119872410101689e-34,5.559866503550319e-25,10.0,,1.7841241161527714e-07,4.035976381050727,9671570571529.094,1.6932689916815755e-06,0.0002089393070452746,1.6932689916815755e-06,0.0002089393070452746,0.007357941850953207,0.00021063257603695618,False,False,1.0,1.4622694147201265,8.538377709784564e-09,0.21904979482000586,0.6766806203986201,1.0,1.1830893931197661,3.8816869056946033e-07,0.10418440949705955,0.8442888149222971,0.19449194911949425,0.10364810903130445,0.007357069962353248,0.0011134844323772751,True,AP3.8,119.0,8.3,6.863735268152632e+19,$(U_{0.8}Pu_{0.2})N$
RHO_1p0e13_AP3p8,rizk2025_refit_plot,rizk2025_refit_full,925.0,1.1,10000000000000.0,1.5771706505915258e+23,7.801500293633485e+25,6.504306958369135e+24,3.8325598086294044e+23,4.079578546604805e+18,1.6624679682069305,41.8022791684903,0.7376280254183302,0.12482563741258997,0.8624536628309202,0.04836842245372183,0.910822085284642,8732169374690.117,2.1830423436725292e+18,56.341330659123834,0.0639819414029645,505682613066.8916,39402690.24584169,12833.707797915096,1337346527.7465222,1335364074.6500523,119453100.47480719,53107152.14957443,1.001484578725835,2.249284618734059,0.17453192562886807,86.33250108549464,7.19775769286377,6.295209296012747,6.295209296012747,0.0,5.688712426238207e+24,5.688712426238207e+24,0.0,9.036573938600132e+25,9.036573938600133e+25,1.0031272211460833,9.425520472148997e+16,0.0049371715225083705,6.272354617486081e-07,1.9102892593018993e-07,1.9102892593018993e-07,0.0013373858878725025,0.0013373858878725025,1.0998067097899829e+20,6.773816317871183e-06,8.162871712583124e-19,9.45289008275833e-25,9.45289008275833e-24,3.600113810511962e-27,1.6472964643566316e+19,10000000000000.0,10000000000000.0,0.0,0.0073574787371447625,0.00021042456419633477,1.468037306604556e-05,5.090687456619568e-06,1.468037306604556e-05,5.090687456619568e-06,1.4862313027338172e-29,5.209341838393091e+18,1.8536185526952586e+18,0.0005209062367026218,1.0303039173688e-21,-144798.34410286887,3.205599260729422e+21,0.0,0.0,0.0,0.0,0.0,0.3333333333333333,0.3333333333333333,2.0,1.4326320272288242e-30,7.456235300263535e-24,0.0,8.162871712568798e-19,,0.0,0.0,0.0,0.0,0.0,1.4326320272288242e-30,8.162871712568798e-19,9.13432865638412e-06,17.0,1.3876881911391311e-17,3.600113810511962e-33,9.452890046757192e-25,,,3.600113810511962e-33,9.452890046757192e-25,10.0,,1.7841241161527714e-07,4.035976381050727,9658944619932.19,1.7580212853865676e-06,0.0002086665429109482,1.7580212853865676e-06,0.0002086665429109482,0.0073574787371447625,0.00021042456419633477,False,False,1.0,1.4627274105079338,8.541751943568405e-09,0.2192091611175713,0.6764530495640986,1.0,1.1913472468793334,3.882384952085848e-07,0.1082074326799293,0.8383223431973241,0.19466108347519126,0.10767162415378573,0.007376280254183302,0.0012482563741258996,True,AP3.8,119.0,8.3,6.863735268152632e+19,$(U_{0.8}Pu_{0.2})N$
RHO_1p0e13_AP3p8,rizk2025_refit_plot,rizk2025_refit_full,950.0,1.1,10000000000000.0,1.576198319117715e+23,7.799030287789544e+25,6.532142805293591e+24,3.828096227003462e+23,4.0771495569579085e+18,1.6645518208188999,43.4089936904036,0.7395429747971051,0.13969613998833877,0.8792391147854439,0.0483644052393074,0.9276035200247513,8732221533301.889,2.183055383325472e+18,56.33965864090202,0.06397852607986743,206135239266.95245,39403859.617784455,5231.346402775118,1334979935.4646108,1333692332.2145896,101786488.8740602,51141475.7926253,1.0009654424929348,1.9902923663524392,0.17442432605845376,86.30516765292691,7.228561233136432,6.291846787878228,6.291846787878228,0.0,5.685673870900535e+24,5.685673870900535e+24,0.0,9.036573938600132e+25,9.036573938600133e+25,1.0035006926108205,9.413903922787144e+16,0.004932962696446405,6.241907112545274e-07,2.190630197796653e-07,2.190630197796653e-07,0.0014951252171967841,0.0014951252171967841,1.2690795383555917e+20,7.2114071088193045e-06,8.162871712643784e-19,1.555632732564192e-24,1.555632732564192e-23,2.2845010932250072e-26,1.6472964643566316e+19,10000000000000.0,10000000000000.0,0.0,0.007357086757668528,0.00021021207779325414,1.4675038883438066e-05,5.060836363718585e-06,1.4675038883438066e-05,5.060836363718585e-06,1.709020479154688e-29,5.365290127051751e+18,2.1652067017769923e+18,0.0013117862320690193,1.0303436278748351e-21,-144806.26790980753,3.2040627711746716e+21,0.0,0.0,0.0,0.0,0.0,0.3333333333333333,0.3333333333333333,2.0,7.498646671560408e-30,3.8979387444212507e-23,0.0,8.162871712568798e-19,,0.0,0.0,0.0,0.0,0.0,7.498646671560408e-30,8.162871712568798e-19,4.775205199395189e-05,17.0,1.3876881911494433e-17,2.284501093225007e-32,1.555632709719181e-24,,,2.284501093225007e-32,1.555632709719181e-24,10.0,,1.7841241161527714e-07,4.035976381050727,9646047093739.723,1.824165964026213e-06,0.00020838791182922794,1.824165964026213e-06,0.00020838791182922794,0.007357086757668528,0.00021021207779325414,False,False,1.0,1.4631837264822096,8.545071074422263e-09,0.2193678658821869,0.6762264399793372,1.0,1.199897229670808,3.8831556481458695e-07,0.11232326517638093,0.8322236663659409,0.19482939053251547,0.11178790109873783,0.007395429747971051,0.0013969613998833876,True,AP3.8,119.0,8.3,6.863735268152632e+19,$(U_{0.8}Pu_{0.2})N$
RHO_1p0e13_AP3p8,rizk2025_refit_plot,rizk2025_refit_full,975.0,1.1,10000000000000.0,1.5752419020988257e+23,7.796758743182738e+25,6.557944799804736e+24,3.8237200794905655e+23,4.0745200484719386e+18,1.6666290557501138,45.026111698404286,0.7414665236184886,0.15579675276859514,0.8972632763870838,0.04838968805391841,0.9456529644410022,8731806351199.426,2.1829515877998564e+18,56.35036733329504,0.06399980659429041,88045512249.75548,39396371.40019665,2234.8634942891213,1332893300.2182338,1332030059.3228445,88230803.83636792,49304723.7760634,1.0006480641253908,1.7895000129622969,0.17431848760403643,86.28003042036244,7.257114083681849,6.288537008351704,6.288537008351704,0.0,5.682682964159345e+24,5.682682964159345e+24,0.0,9.036573938600132e+25,9.036573938600133e+25,1.0039052897370657,9.402484550416616e+16,0.004928738395150421,6.213338132843364e-07,2.469214185172599e-07,2.469214185172599e-07,0.0016655771689793597,0.0016655771689793597,1.4449044461275285e+20,7.690252594815916e-06,8.16287171292935e-19,2.485036039701464e-24,2.485036039701464e-23,1.3186026336093777e-25,1.6472964643566316e+19,10000000000000.0,10000000000000.0,0.0,0.007356817995200497,0.0002099987454445387,1.466972522588007e-05,5.03287081147025e-06,1.466972522588007e-05,5.03287081147025e-06,1.9313077602358687e-29,5.5211981575779e+18,2.4762582289338404e+18,0.003150940658755653,1.0309316971426786e-21,-144871.36739250267,3.202551960181412e+21,0.0,0.0,0.0,0.0,0.0,0.3333333333333333,0.3333333333333333,2.0,3.605513394506346e-29,1.5535245485073675e-22,0.0,8.162871712568798e-19,,0.0,0.0,0.0,0.0,0.0,3.605513394506346e-29,8.162871712568798e-19,0.00019031593330649877,17.0,1.3876881911979894e-17,1.3186026336093777e-31,2.4850359078412007e-24,,,1.3186026336093777e-31,2.4850359078412007e-24,10.0,,1.7841241161527714e-07,4.035976381050727,9633098244837.855,1.8905734389714517e-06,0.00020810817200556724,1.8905734389714517e-06,0.00020810817200556724,0.007356817995200497,0.0002099987454445387,False,False,1.0,1.4636421146472167,8.548330208997102e-09,0.21952721401367134,0.6759989284278197,1.0,1.208600543177522,3.883990669114931e-07,0.11646238561781155,0.8260962396153017,0.19499816115894644,0.11592741018526034,0.007414665236184886,0.0015579675276859513,True,AP3.8,119.0,8.3,6.863735268152632e+19,$(U_{0.8}Pu_{0.2})N$
RHO_1p0e13_AP3p8,rizk2025_refit_plot,rizk2025_refit_full,1000.0,1.1,10000000000000.0,1.5742978653432913e+23,7.794710518030776e+25,6.581460058028746e+24,3.8194374254648565e+23,4.0717230376570363e+18,1.668704868188639,46.62988507608929,0.7434069336838822,0.17292583197139016,0.9163327656552724,0.04847753491282939,0.9648103005681018,8730397709743.499,2.1825994274358746e+18,56.387478652657414,0.06407379430627469,39266026040.83127,39370442.74802624,997.3478401585869,1330969557.7406707,1330373058.9638577,77674991.31793518,47608952.85024762,1.0004483695552866,1.6315206839826804,0.1742140191669995,86.25736447233967,7.28313639964339,6.285285108849923,6.285285108849923,0.0,5.679744361130471e+24,5.679744361130471e+24,0.0,9.036573938600132e+25,9.036573938600132e+25,1.0043359962355343,9.391219834030021e+16,0.004924490995313057,6.186887080480782e-07,2.736411955276196e-07,2.736411955276196e-07,0.0018465990629805472,0.0018465990629805472,1.6233605316978816e+20,8.208185182597613e-06,8.162871714171498e-19,3.863167302789697e-24,3.863167302789697e-23,6.972208708889678e-25,1.6472964643566316e+19,10000000000000.0,10000000000000.0,0.0,0.007356705145699042,0.00020978773704530493,1.4664418777456391e-05,5.006989554428698e-06,1.4664418777456391e-05,5.006989554428698e-06,2.1453791512307438e-29,5.676990040182233e+18,2.7758120660470154e+18,0.0072458507378223135,1.0326892611877722e-21,-145058.38458910858,3.2010614191660466e+21,0.0,0.0,0.0,0.0,0.0,0.3333333333333333,0.3333333333333333,2.0,1.6026995865756309e-28,4.883477169444583e-22,0.0,8.162871712568798e-19,,0.0,0.0,0.0,0.0,0.0,1.6026995865756309e-28,8.162871712568798e-19,0.0005982547981204234,17.0,1.3876881914091545e-17,6.972208708889678e-31,3.863166605568826e-24,,,6.972208708889678e-31,3.863166605568826e-24,10.0,,1.7841241161527714e-07,4.035976381050727,9620290479195.98,1.95625695367933e-06,0.0002078314800916256,1.95625695367933e-06,0.0002078314800916256,0.007356705145699042,0.00020978773704530493,False,False,1.0,1.464104691340724,8.55152453223159e-09,0.21968793968722414,0.6757694670112026,1.0,1.2173296396560416,3.88487968462903e-07,0.12056376977029959,0.8200305800717261,0.1951681156984254,0.12002912070378859,0.007434069336838822,0.0017292583197139016,True,AP3.8,119.0,8.3,6.863735268152632e+19,$(U_{0.8}Pu_{0.2})N$
RHO_1p0e13_AP3p8,rizk2025_refit_plot,rizk2025_refit_full,1025.0,1.1,10000000000000.0,1.573363520112422e+23,7.792895842974424e+25,6.602583319915045e+24,3.815252250605511e+23,4.068796592535705e+18,1.6707818515731643,48.19992131018761,0.745368635664653,0.19085062041941248,0.9362192560840653,0.04869408927602921,0.9849133453600947,8726960954855.059,2.1817402387137646e+18,56.47872891188272,0.06425603511664786,18226573003.101273,39306833.61276794,463.6998538895481,1329143590.8898067,1328719244.7713666,69352327.53687571,46058166.47942903,1.0003193647718358,1.5057552837638588,0.17411062320773243,86.23728302257031,7.306511698766513,6.282094655455456,6.282094655455456,0.0,5.676861284330795e+24,5.676861284330795e+24,0.0,9.036573938600132e+25,9.036573938600132e+25,1.0047870035803903,9.380077440884813e+16,0.004920219518590219,6.16265983003428e-07,2.9821026680622606e-07,2.9821026680622606e-07,0.0020357341823039636,0.0020357341823039636,1.8001840922049338e+20,8.759812935743236e-06,8.162871719192991e-19,5.857623504279315e-24,5.857623504279315e-23,3.398959714178951e-24,1.6472964643566316e+19,10000000000000.0,10000000000000.0,0.0,0.007356766681169354,0.00020958174887149953,1.465911290439949e-05,4.983268633506616e-06,1.465911290439949e-05,4.983268633506616e-06,2.3430803080203728e-29,5.832509105227862e+18,3.052342801971983e+18,0.016007147683986072,1.0368539456871104e-21,-145496.25544958204,3.199587005048503e+21,0.0,0.0,0.0,0.0,0.0,0.3333333333333333,0.3333333333333333,2.0,6.624193185834588e-28,1.2468798225414734e-21,0.0,8.162871712568798e-19,,0.0,0.0,0.0,0.0,0.0,6.624193185834588e-28,8.162871712568798e-19,0.0015275014301765165,17.0,1.3876881922628085e-17,3.398959714178951e-30,5.857620105319601e-24,,,3.398959714178951e-30,5.857620105319601e-24,10.0,,1.7841241161527714e-07,4.035976381050727,9607787450365.604,2.0203772308305704e-06,0.00020756137164066896,2.0203772308305704e-06,0.00020756137164066896,0.007356766681169354,0.00020958174887149953,False,False,1.0,1.464572585666673,8.554650759208525e-09,0.2198504328566808,0.6755374995209099,1.0,1.2259697552970807,3.8858107285251714e-07,0.12457518053291473,0.8141038687944554,0.1953396347725488,0.12404079052132912,0.007453686356646529,0.0019085062041941249,True,AP3.8,119.0,8.3,6.863735268152632e+19,$(U_{0.8}Pu_{0.2})N$
RHO_1p0e13_AP3p8,rizk2025_refit_plot,rizk2025_refit_full,1050.0,1.1,10000000000000.0,1.5724366925042084e+23,7.791314620596666e+25,6.621314421064178e+24,3.8111661327859324e+23,4.0657823817656837e+18,1.6728611861454106,49.719102845916055,0.747353726004796,0.20931607825761311,0.956669804262409,0.04916608197274511,1.005835886235154,8719554299294.24,2.17988857482356e+18,56.676664127336856,0.0646522897817018,8780621745.784212,39169560.068183824,224.16952680855943,1327378190.5948577,1327067672.073438,62722923.55964468,44650845.91087612,1.0002339884603884,1.4047421113777048,0.17400805915917694,86.21978499302391,7.327239799124462,6.278967148692455,6.278967148692455,0.0,5.674035089720062e+24,5.674035089720062e+24,0.0,9.036573938600132e+25,9.036573938600132e+25,1.0052519289918456,9.369031261308352e+16,0.004915926440870674,6.140671993031296e-07,3.196198008847553e-07,3.196198008847553e-07,0.0022303017512658517,0.0022303017512658517,1.970926696452598e+20,9.344740222216024e-06,8.162871738158613e-19,8.68048799131575e-24,8.68048799131575e-23,1.5366002896313798e-23,1.6472964643566316e+19,10000000000000.0,10000000000000.0,0.0,0.0073570108904786385,0.00020938301638688235,1.465380460024278e-05,4.961698666198368e-06,1.465380460024278e-05,4.961698666198368e-06,2.5162440619592442e-29,5.987660216955512e+18,3.2943701614603146e+18,0.03408680060436354,1.04579626286077e-21,-146431.01234975728,3.1981253391154487e+21,0.0,0.0,0.0,0.0,0.0,0.3333333333333333,0.3333333333333333,2.0,2.558981501392922e-27,2.652535369540001e-21,0.0,8.162871712568798e-19,,0.0,0.0,0.0,0.0,0.0,2.558981501392922e-27,8.162871712568798e-19,0.0032495124934283997,17.0,1.3876881954869642e-17,1.5366002896313797e-29,8.680472625312854e-24,,,1.5366002896313797e-29,8.680472625312854e-24,10.0,,1.7841241161527714e-07,4.035976381050727,9595724828888.338,2.0822385244184344e-06,0.00020730077786246392,2.0822385244184344e-06,0.00020730077786246392,0.0073570108904786385,0.00020938301638688235,False,False,1.0,1.4650463193195542,8.557707397434326e-09,0.22001487188861082,0.6753027719391856,1.0,1.2344195873859716,3.8867706476576045e-07,0.12845294885841957,0.8083803238212116,0.1955128927078941,0.1279187469059142,0.0074735372600479594,0.0020931607825761312,True,AP3.8,119.0,8.3,6.863735268152632e+19,$(U_{0.8}Pu_{0.2})N$
RHO_1p0e13_AP3p8,rizk2025_refit_plot,rizk2025_refit_full,1075.0,1.1,10000000000000.0,1.5715155647143985e+23,7.789959793194484e+25,6.63772449371201e+24,3.807178509343072e+23,4.0627239928276705e+18,1.6749432846731014,51.173444876639195,0.7493628647216717,0.22805515267292562,0.9774180173945972,0.05012808442068329,1.0275461018152805,8704690126102.419,2.1761725315256049e+18,57.07638257657245,0.06545566797502363,4378689168.017293,38895247.03184712,112.57645862056248,1325651576.5731146,1325418012.845299,57399273.32739083,43381875.215780824,1.0001762189177694,1.3231164637740453,0.1739061258605542,86.20479228216482,7.34539941665134,6.275902175323305,6.275902175323305,0.0,5.671265403873045e+24,5.671265403873045e+24,0.0,9.036573938600132e+25,9.036573938600133e+25,1.0057240707773054,9.35805951818819e+16,0.004911615879361806,6.120880963944106e-07,3.369290766122761e-07,3.369290766122761e-07,0.002427501925678751,0.002427501925678751,2.1311496797297754e+20,9.957899159317183e-06,8.162871805401724e-19,1.2595011157736031e-23,1.2595011157736032e-22,6.475908336901747e-23,1.6472964643566316e+19,10000000000000.0,10000000000000.0,0.0,0.007357438938940037,0.00020919333714794898,1.4648492826512575e-05,4.942213572974341e-06,1.4648492826512575e-05,4.942213572974341e-06,2.6572183935145973e-29,6.142439966707434e+18,3.4911985682606623e+18,0.07021609166416679,1.0638961938493853e-21,-148311.99823513036,3.19667357589951e+21,0.0,0.0,0.0,0.0,0.0,0.3333333333333333,0.3333333333333333,2.0,9.283292620781236e-27,4.8067183409772704e-21,0.0,8.162871712568798e-19,,0.0,0.0,0.0,0.0,0.0,9.283292620781236e-27,8.162871712568798e-19,0.005888513816664936,17.0,1.3876882069182932e-17,6.475908336901747e-29,1.2594946398652662e-23,,,6.475908336901747e-29,1.2594946398652662e-23,10.0,,1.7841241161527714e-07,4.035976381050727,9584211666710.533,2.1412816228734254e-06,0.00020705205552507555,2.1412816228734254e-06,0.00020705205552507555,0.007357438938940037,0.00020919333714794898,False,False,1.0,1.4655260371581458,8.560694559668247e-09,0.22018130405053452,0.6750652174487292,1.0,1.2425916943511763,3.8877456277243596e-07,0.13216158612699347,0.8029118331964296,0.19568793745995874,0.13162749905614665,0.007493628647216716,0.002280551526729256,True,AP3.8,119.0,8.3,6.863735268152632e+19,$(U_{0.8}Pu_{0.2})N$
RHO_1p0e13_AP3p8,rizk2025_refit_plot,rizk2025_refit_full,1100.0,1.1,10000000000000.0,1.5705985916922557e+23,7.788819809866706e+25,6.651930952553842e+24,3.803287080568487e+23,4.0596650505368453e+18,1.6770281536201066,52.55196481521217,0.7513958256336587,0.24680030179618576,0.9981961274298444,0.05200052625357911,1.0501966536834235,8676329981400.812,2.1690824953502026e+18,57.84125869230907,0.06700274481263918,2254911190.6889367,38380907.50772657,58.75085653550516,1323950723.8020859,1323770263.0142558,53098071.09953688,42243901.018851705,1.0001363233431602,1.2569405244047278,0.17380465233437345,86.19217706609373,7.3611204841027424,6.272897797469179,6.272897797469179,0.0,5.668550475611215e+24,5.668550475611215e+24,0.0,9.036573938600132e+25,9.036573938600133e+25,1.0061966968032736,9.347143819511814e+16,0.004907292534585832,6.103207662671081e-07,3.493408734342973e-07,3.493408734342973e-07,0.0026245342529534186,0.0026245342529534186,2.276650771425446e+20,1.0597039924212969e-05,8.162872030182321e-19,1.792226870002319e-23,1.7922268700023191e-22,2.556484784617257e-22,1.6472964643566316e+19,10000000000000.0,10000000000000.0,0.0,0.0073580470991679294,0.00020901409441014828,1.4643177584755773e-05,4.924711114290832e-06,1.4643177584755773e-05,4.924711114290832e-06,2.7594793376988105e-29,6.296910995244164e+18,3.633766231799718e+18,0.14046682487248788,1.0989840966936334e-21,-151919.24785615256,3.195229298072834e+21,0.0,0.0,0.0,0.0,0.0,0.3333333333333333,0.3333333333333333,2.0,3.1761352235744896e-26,7.564160303615265e-21,0.0,8.162871712568798e-19,,0.0,0.0,0.0,0.0,0.0,3.1761352235744896e-26,8.162871712568798e-19,0.009266542799699283,17.0,1.3876882451309945e-17,2.556484784617257e-28,1.7922013051544728e-23,,,2.556484784617257e-28,1.7922013051544728e-23,10.0,,1.7841241161527714e-07,4.035976381050727,9573331751580.062,2.197076912914798e-06,0.0002068170174972335,2.197076912914798e-06,0.0002068170174972335,0.0073580470991679294,0.00020901409441014828,False,False,1.0,1.4660116499394116,8.563613672021282e-09,0.2203496953182301,0.674824885278789,1.0,1.2504129401524915,3.888721787446854e-07,0.13567341740862546,0.7977385629200933,0.19586473952796402,0.13513937171179966,0.007513958256336587,0.0024680030179618576,True,AP3.8,119.0,8.3,6.863735268152632e+19,$(U_{0.8}Pu_{0.2})N$
RHO_1p0e13_AP3p8,rizk2025_refit_plot,rizk2025_refit_full,1125.0,1.1,10000000000000.0,1.5696844428875344e+23,7.787880330880624e+25,6.66408005541288e+24,3.7994881475582834e+23,4.056647190343662e+18,1.679115603506429,53.84659594409138,0.7534518361895122,0.2652959425993484,1.0187477787888606,0.05551439002980944,1.07426216881867,8624511381018.639,2.1561278452546593e+18,59.233973503550835,0.0698485341135529,1196629547.1563532,37478491.96486743,31.92843373415561,1322267689.1033115,1322124572.8192058,49608374.24080507,41228232.92868901,1.0001082472007918,1.2032621996341897,0.17370349134007046,86.18178065930876,7.374564852445862,6.269950996905336,6.269950996905336,0.0,5.665887577493467e+24,5.665887577493467e+24,0.0,9.036573938600132e+25,9.036573938600133e+25,1.0066633580646467,9.336268620173498e+16,0.004902961036640199,6.087549923408037e-07,3.56283205673038e-07,3.56283205673038e-07,0.0028187264190098005,0.0028187264190098005,2.403713798538457e+20,1.1259601027591494e-05,8.162872741423015e-19,2.5047711621008633e-23,2.504771162100863e-22,9.494708146321283e-22,1.6472964643566316e+19,10000000000000.0,10000000000000.0,0.0,0.007358828347445185,0.00020884627838604916,1.4637859376430893e-05,4.909066666236308e-06,1.4637859376430893e-05,4.909066666236308e-06,2.818295022833407e-29,6.451166119615164e+18,3.7155577532174147e+18,0.27417016919877807,1.1646255470732665e-21,-158525.15251149854,3.193790474854624e+21,0.0,0.0,0.0,0.0,0.0,0.3333333333333333,0.3333333333333333,2.0,1.028854216590493e-25,1.0512635646253687e-20,0.0,8.162871712568798e-19,,0.0,0.0,0.0,0.0,0.0,1.028854216590493e-25,8.162871712568798e-19,0.012878597987821924,17.0,1.3876883660419125e-17,9.494708146321284e-28,2.5046762150194002e-23,,,9.494708146321284e-28,2.5046762150194002e-23,10.0,,1.7841241161527714e-07,4.035976381050727,9563144673337.184,2.249318948431879e-06,0.00020659695943761727,2.249318948431879e-06,0.00020659695943761727,0.007358828347445185,0.00020884627838604916,False,False,1.0,1.4665029229726037,8.566467228265144e-09,0.2205199613018092,0.6745818965268051,1.0,1.2578251185134763,3.8896858246062024e-07,0.1389683206881667,0.7928894105630043,0.19604322212395012,0.13843424484899444,0.007534518361895122,0.0026529594259934843,True,AP3.8,119.0,8.3,6.863735268152632e+19,$(U_{0.8}Pu_{0.2})N$
RHO_1p0e13_AP3p8,rizk2025_refit_plot,rizk2025_refit_full,1150.0,1.1,10000000000000.0,1.5687719273511275e+23,7.78712533481694e+25,6.67433544573267e+24,3.795776796094606e+23,4.0537079694214267e+18,1.6812053819429862,55.05214981856139,0.7555297861903418,0.2833113133289908,1.0388410995193327,0.06190256629613663,1.1007436658154692,8534122881261.291,2.133530720315323e+18,61.64016082948999,0.07484580802605025,653251721.4332752,36015480.33174346,18.138081608688413,1320597528.2980876,1320481140.4031575,46770133.74122391,40325400.68492483,1.0000881405204278,1.159818202592798,0.1736025110855396,86.17342576652734,7.385913611820235,6.267058110566902,6.267058110566902,0.0,5.663273399364144e+24,5.663273399364144e+24,0.0,9.036573938600132e+25,9.036573938600133e+25,1.0071182146034423,9.325420769417646e+16,0.004898625474562389,6.073789650319268e-07,3.574897744557745e-07,3.574897744557745e-07,0.003007668074896763,0.003007668074896763,2.5093658082618914e+20,1.1944328542111347e-05,8.162874879327773e-19,3.4427700444941665e-23,3.4427700444941663e-22,3.330768464716398e-21,1.6472964643566316e+19,10000000000000.0,10000000000000.0,0.0,0.0073597735816294165,0.00020869050811042907,1.4632538862057795e-05,4.8951418786496815e-06,1.4632538862057795e-05,4.8951418786496815e-06,2.8313794123967627e-29,6.60530262997088e+18,3.733496268362145e+18,0.5250440077374086,1.2836001860353833e-21,-170042.59434624674,3.192355466701244e+21,0.0,0.0,0.0,0.0,0.0,0.3333333333333333,0.3333333333333333,2.0,3.1667589742037936e-25,1.3094981712716537e-20,0.0,8.162871712568798e-19,,0.0,0.0,0.0,0.0,0.0,3.1667589742037936e-25,8.162871712568798e-19,0.01604211984907324,17.0,1.3876887294857214e-17,3.330768464716398e-27,3.4424369676476946e-23,,,3.330768464716398e-27,3.4424369676476946e-23,10.0,,1.7841241161527714e-07,4.035976381050727,9553686544835.639,2.2978228647220996e-06,0.00020639268524570698,2.2978228647220996e-06,0.00020639268524570698,0.0073597735816294165,0.00020869050811042907,False,False,1.0,1.4669995303815575,8.569258657517882e-09,0.22069198617155217,0.6743364171232078,1.0,1.26478575649885,3.8906256877328927e-07,0.14203358597443985,0.7883822811200099,0.1962232796814537,0.14149941328844634,0.007555297861903418,0.002833113133289908,True,AP3.8,119.0,8.3,6.863735268152632e+19,$(U_{0.8}Pu_{0.2})N$
RHO_1p0e13_AP3p8,rizk2025_refit_plot,rizk2025_refit_full,1175.0,1.1,10000000000000.0,1.567859837790524e+23,7.786537782498428e+25,6.682871129092401e+24,3.7921468579209693e+23,4.0508788346020966e+18,1.6832972766235104,56.16631095397733,0.7576283537918538,0.30065301446356935,1.058281368255423,0.07317307586247279,1.131454444117896,8384788313994.063,2.096197078498516e+18,65.5591899328126,0.08318410017433134,366489073.06597406,33862529.45277596,10.822849887131815,1318937071.4559658,1318840130.5163698,44459436.25522219,39525472.87321519,1.0000735046935203,1.124829964661866,0.17350157797009108,86.16692382981432,7.395359319250648,6.264215272964957,6.264215272964957,0.0,5.660704448145605e+24,5.660704448145605e+24,0.0,9.036573938600132e+25,9.036573938600133e+25,1.00755635508708,9.314588799997414e+16,0.004894288920636297,6.061795675818737e-07,3.5306695943372884e-07,3.5306695943372884e-07,0.0031893419941069114,0.0031893419941069114,2.5916166278630854e+20,1.2647996643710805e-05,8.162881004352833e-19,4.659659239897898e-23,4.659659239897898e-22,1.1076769180051558e-20,1.6472964643566316e+19,10000000000000.0,10000000000000.0,0.0,0.0073608728456621055,0.00020854706509953094,1.4627216598428164e-05,4.882789740347042e-06,1.4627216598428164e-05,4.882789740347042e-06,2.7994378042118993e-29,6.759409535793044e+18,3.688681162051821e+18,0.9926825185470842,1.493028896640123e-21,-189018.81210378493,3.190923085779359e+21,0.0,0.0,0.0,0.0,0.0,0.3333333333333333,0.3333333333333333,2.0,9.291784035179553e-25,1.481013079221181e-20,0.0,8.162871712568798e-19,,0.0,0.0,0.0,0.0,0.0,9.291784035179553e-25,8.162871712568798e-19,0.018143264350312528,17.0,1.3876897707399816e-17,1.1076769180051557e-26,4.658551562979893e-23,,,1.1076769180051557e-26,4.658551562979893e-23,10.0,,1.7841241161527714e-07,4.035976381050727,9544970483596.42,2.342522208510965e-06,0.00020620454289102,2.342522208510965e-06,0.00020620454289102,0.0073608728456621055,0.00020854706509953094,False,False,1.0,1.4675010869030605,8.571992358275314e-09,0.22086563375237692,0.6740886419823681,1.0,1.2712689851571868,3.891531235025859e-07,0.1448638549385626,0.7842242404474857,0.196404789023237,0.14432952673120383,0.0075762835379185375,0.0030065301446356935,True,AP3.8,119.0,8.3,6.863735268152632e+19,$(U_{0.8}Pu_{0.2})N$
RHO_1p0e13_AP3p8,rizk2025_refit_plot,rizk2025_refit_full,1200.0,1.1,10000000000000.0,1.5669465816397795e+23,7.786099961229116e+25,6.689867570353545e+24,3.788590513633833e+23,4.0481833089474284e+18,1.6853912324578364,57.189629344086036,0.7597460798128879,0.317176224111708,1.0769223039245959,0.09244087244296482,1.1693631763675607,8153375736882.539,2.0383439342206346e+18,71.5356787436158,0.09630834593145002,211389342.98238373,31033465.24405661,6.811657715951269,1317284154.3698847,1317201583.3751159,42578197.98188741,38818226.75651892,1.0000626866804678,1.0968609732987624,0.17340051575813448,86.16207883798128,7.4031016796946405,6.261418966565916,6.261418966565916,0.0,5.658177545192613e+24,5.658177545192613e+24,0.0,9.036573938600132e+25,9.03657393860013e+25,1.007974084358303,9.30376136706925e+16,0.004889952694023063,6.051423961490691e-07,3.43530391025212e-07,3.43530391025212e-07,0.003362241814691604,0.003362241814691604,2.6496437242173315e+20,1.3367616278656571e-05,8.162897780388003e-19,6.217615733574239e-23,6.217615733574239e-22,3.503783313863259e-20,1.6472964643566316e+19,10000000000000.0,10000000000000.0,0.0,0.007362117239801203,0.00020841596464088146,1.46218927411187e-05,4.871857378886942e-06,1.46218927411187e-05,4.871857378886942e-06,2.7264678450479324e-29,6.913563982802305e+18,3.5867850191566234e+18,1.8638777843111303,1.8517278185471684e-21,-218239.63555354593,3.189492762645025e+21,0.0,0.0,0.0,0.0,0.0,0.3333333333333333,0.3333333333333333,2.0,2.6067819204802983e-24,1.5382006404450104e-20,0.0,8.162871712568798e-19,,0.0,0.0,0.0,0.0,0.0,2.6067819204802983e-24,8.162871712568798e-19,0.018843806229457596,17.0,1.3876926226659605e-17,3.503783313863259e-26,6.214111950260375e-23,,,3.503783313863259e-26,6.214111950260375e-23,10.0,,1.7841241161527714e-07,4.035976381050727,9536987097990.7,2.383467201877809e-06,0.00020603249743900365,2.383467201877809e-06,0.00020603249743900365,0.007362117239801203,0.00020841596464088146,False,False,1.0,1.468007164290542,8.574674002847722e-09,0.22104075325923758,0.6738387868066437,1.0,1.2772662619019979,3.892394827701091e-07,0.1474610564141889,0.7804116682521524,0.19658761595199362,0.14692652537933987,0.007597460798128878,0.0031717622411170797,True,AP3.8,119.0,8.3,6.863735268152632e+19,$(U_{0.8}Pu_{0.2})N$
RHO_1p0e13_AP3p8,rizk2025_refit_plot,rizk2025_refit_full,1225.0,1.1,10000000000000.0,1.5660293165779272e+23,7.785793584795775e+25,6.695509966133858e+24,3.78509720705364e+23,4.0456356003581875e+18,1.6874875481810296,58.12546105091081,0.7618814107821411,0.33279332266769257,1.0946747334498337,0.12418078560985069,1.2188555190596844,7820515205662.881,1.95512880141572e+18,80.03627269510191,0.1156352219574196,125683435.99265383,27737423.611130513,4.531186376741184,1315637056.4840813,1315565262.9217765,41046910.32181344,38193245.43603278,1.0000545724064995,1.0747164807075655,0.17329900991442815,86.15868843321701,7.409345634337907,6.258666922530652,6.258666922530652,0.0,5.655690640251918e+24,5.655690640251918e+24,0.0,9.036573938600132e+25,9.036573938600132e+25,1.008369146469534,9.29292364007844e+16,0.004885614886719866,6.042516413713661e-07,3.29791408228557e-07,3.29791408228557e-07,0.003525462679750061,0.003525462679750061,2.6838717236642316e+20,1.4101212753765559e-05,8.162941829734212e-19,8.189202765293359e-23,8.189202765293359e-22,1.057421518979397e-19,1.6472964643566316e+19,10000000000000.0,10000000000000.0,0.0,0.007363502836050985,0.00020829711895333723,1.4616566546446176e-05,4.862187742649176e-06,1.4616566546446176e-05,4.862187742649176e-06,2.6196579529913664e-29,7.067832644076295e+18,3.4378936858292557e+18,3.488470735338009,2.450450520398075e-21,-259786.35510039094,3.188064943803042e+21,0.0,0.0,0.0,0.0,0.0,0.3333333333333333,0.3333333333333333,2.0,7.011716541319382e-24,1.4818968284734945e-20,0.0,8.162871712568798e-19,,0.0,0.0,0.0,0.0,0.0,7.011716541319382e-24,8.162871712568798e-19,0.018153955514855675,17.0,1.387700111054816e-17,1.057421518979397e-25,8.178628550103565e-23,,,1.057421518979397e-25,8.178628550103565e-23,10.0,,1.7841241161527714e-07,4.035976381050727,9529705338583.643,2.420822192078992e-06,0.00020587629676125825,2.420822192078992e-06,0.00020587629676125825,0.007363502836050985,0.00020829711895333723,False,False,1.0,1.468517295457223,8.577311363990334e-09,0.22121718077582753,0.6735870859668116,1.0,1.2827866377705275,3.893211791023248e-07,0.14983421455863696,0.7769305890852031,0.19677161907844987,0.14929944773967616,0.007618814107821411,0.0033279332266769254,True,AP3.8,119.0,8.3,6.863735268152632e+19,$(U_{0.8}Pu_{0.2})N$
RHO_1p0e13_AP3p8,rizk2025_refit_plot,rizk2025_refit_full,1250.0,1.1,10000000000000.0,1.56510199715278e+23,7.785599642449825e+25,6.699988352573191e+24,3.781651116266801e+23,4.043239857557503e+18,1.689587275821469,58.97979840404761,0.7640327231969813,0.3474785226872381,1.1115112458842196,0.17406178284524226,1.2855730287294618,7380347791730.512,1.845086947932628e+18,91.31792664116945,0.1420593998992944,77426349.70209512,24310670.222763725,3.1848710460312852,1313993939.7034252,1313930349.60011,39799573.640847966,37640006.57973847,1.0000483968601033,1.0573742477046215,0.1731963914407181,86.15654223990008,7.414301479849448,6.2559598888097385,6.2559598888097385,0.0,5.653244409214586e+24,5.653244409214586e+24,0.0,9.036573938600132e+25,9.03657393860013e+25,1.0087408470592458,9.282049189597448e+16,0.004881267176123517,6.034899016656072e-07,3.130769386393264e-07,3.130769386393264e-07,0.0036787494254010215,0.0036787494254010215,2.69588524832397e+20,1.4849593282198117e-05,8.1630529947906185e-19,1.066087053798265e-22,1.066087053798265e-21,3.0533079764031823e-19,1.6472964643566316e+19,10000000000000.0,10000000000000.0,0.0,0.007365039239891895,0.00020819070191998017,1.4611235360611256e-05,4.853621144627975e-06,1.4611235360611256e-05,4.853621144627975e-06,2.488750951935411e-29,7.22227547318661e+18,3.255609261825805e+18,6.505895914732992,3.424957949422851e-21,-313822.129122147,3.1866419936844463e+21,0.0,0.0,0.0,0.0,0.0,0.3333333333333333,0.3333333333333333,2.0,1.8128222181985484e-23,1.3360203119369858e-20,0.0,8.162871712568798e-19,,0.0,0.0,0.0,0.0,0.0,1.8128222181985484e-23,8.162871712568798e-19,0.016366674487959202,17.0,1.3877190091144051e-17,3.0533079764031822e-25,1.0630337458218618e-22,,,3.0533079764031822e-25,1.0630337458218618e-22,10.0,,1.7841241161527714e-07,4.035976381050727,9523074142581.926,2.45486138553097e-06,0.0002057358405344492,2.45486138553097e-06,0.0002057358405344492,0.007365039239891895,0.00020819070191998017,False,False,1.0,1.469030964788969,8.579916239017052e-09,0.22139473594950074,0.6733337972074263,1.0,1.2878562098511235,3.8939806688104117e-07,0.1519989844411602,0.7737573921432878,0.19695665199251775,0.15146396521398825,0.007640327231969814,0.0034747852268723813,True,AP3.8,119.0,8.3,6.863735268152632e+19,$(U_{0.8}Pu_{0.2})N$
RHO_1p0e13_AP3p8,rizk2025_refit_plot,rizk2025_refit_full,1275.0,1.1,10000000000000.0,1.5641511259714726e+23,7.785497837419901e+25,6.703500307907723e+24,3.778225572582784e+23,4.0409902720880553e+18,1.6916930694048526,59.76093699484976,0.7661983329090033,0.36126726299212475,1.127465595901128,0.2478438851404582,1.3753094810415862,6849317767142.262,1.7123294417855654e+18,105.32322292440507,0.17537862417218936,49783565.57751956,21077972.534066755,2.361876385267041,1312352036.6959956,1312294789.2557182,38780283.01635464,37148011.9227602,1.0000436239179993,1.0439396621544197,0.17309116669649888,86.15541565109977,7.4181878590883,6.253305323115422,6.253305323115422,0.0,5.650845591297429e+24,5.650845591297429e+24,0.0,9.036573938600132e+25,9.036573938600132e+25,1.0090900429889906,9.27108242370961e+16,0.0048768879369888146,6.0283789313244e-07,2.9478020762179376e-07,2.9478020762179376e-07,0.0038224884869899243,0.0038224884869899243,2.6881134985049332e+20,1.561075987417587e-05,8.163323265222488e-19,1.3740987948226453e-22,1.3740987948226452e-21,8.457331924393166e-19,1.6472964643566316e+19,10000000000000.0,10000000000000.0,0.0,0.0073667680514072145,0.00020809793179757424,1.4605892473591001e-05,4.845997424806059e-06,1.4605892473591001e-05,4.845997424806059e-06,2.344851713372832e-29,7.376951113748581e+18,3.0553890117135053e+18,12.019780402387655,4.9675345148819096e-21,-377945.340163764,3.1852301741797566e+21,0.0,0.0,0.0,0.0,0.0,0.3333333333333333,0.3333333333333333,2.0,4.5155265368944576e-23,1.1360352122119976e-20,0.0,8.162871712568798e-19,,0.0,0.0,0.0,0.0,0.0,4.5155265368944576e-23,8.162871712568798e-19,0.013916332543778486,17.0,1.3877649550878229e-17,8.457331924393166e-25,1.365641462898252e-22,,,8.457331924393166e-25,1.365641462898252e-22,10.0,,1.7841241161527714e-07,4.035976381050727,9517025258854.562,2.485963553232738e-06,0.0002056119682443415,2.485963553232738e-06,0.0002056119682443415,0.0073667680514072145,0.00020809793179757424,False,False,1.0,1.4695475755161949,8.582508698780452e-09,0.22157321077368194,0.6730792176358943,1.0,1.292516434381189,3.89470320560092e-07,0.1539767836813568,0.7708601307051475,0.19714256413369705,0.1534415120913976,0.007661983329090033,0.0036126726299212475,True,AP3.8,119.0,8.3,6.863735268152632e+19,$(U_{0.8}Pu_{0.2})N$
RHO_1p0e13_AP3p8,rizk2025_refit_plot,rizk2025_refit_full,1300.0,1.1,10000000000000.0,1.5631468377153243e+23,7.785465173392722e+25,6.706259010892025e+24,3.774771186126816e+23,4.0388721233060173e+18,1.693810968861867,60.478953944380535,0.7683764815110673,0.37424975528066967,1.142626236791737,0.34895271290603314,1.49157894969777,6267955720115.155,1.5669889300287887e+18,121.5889371839502,0.21389227875385208,33688403.31288528,18258240.029200956,1.8451068262333277,1310706182.223706,1310653928.219451,37941111.08958521,36706984.086424895,1.0000398686511596,1.0336210406241662,0.17298003074354013,86.1550541863743,7.4212406786668765,6.250725104215289,6.250725104215289,0.0,5.648513957410547e+24,5.648513957410547e+24,0.0,9.036573938600132e+25,9.036573938600132e+25,1.0094189831153437,9.259901907099002e+16,0.004872427724984626,6.022738258892883e-07,2.7626686887360225e-07,2.7626686887360225e-07,0.003957636183491205,0.003957636183491205,2.6632471465660894e+20,1.6387429127099605e-05,8.163957681071563e-19,1.7578350904993307e-22,1.7578350904993307e-21,2.2525702314749626e-18,1.6472964643566316e+19,10000000000000.0,10000000000000.0,0.0,0.007368801458274243,0.00020802268952682367,1.4600522611632356e-05,4.839159142717147e-06,1.4600522611632356e-05,4.839159142717147e-06,2.1988750189636808e-29,7.531925329827116e+18,2.8523931187981005e+18,21.736627043886113,7.320426240405953e-21,-447845.541588193,3.1838438346544497e+21,0.0,0.0,0.0,0.0,0.0,0.3333333333333333,0.3333333333333333,2.0,1.085968502764781e-22,9.173994716924637e-21,0.0,8.162871712568798e-19,,0.0,0.0,0.0,0.0,0.0,1.085968502764781e-22,8.162871712568798e-19,0.011237190435461078,17.0,1.3878728057821657e-17,2.2525702314749626e-24,1.7353093881845811e-22,,,2.2525702314749626e-24,1.7353093881845811e-22,10.0,,1.7841241161527714e-07,4.035976381050727,9511477437577.322,2.5146101016896874e-06,0.00020550807942513398,2.5146101016896874e-06,0.00020550807942513398,0.007368801458274243,0.00020802268952682367,False,False,1.0,1.4700663717259845,8.58512613892636e-09,0.22175234274926225,0.6728237219828536,1.0,1.296821145376324,3.8953840234479377e-07,0.1557934568127628,0.7682004931064039,0.1973291996815873,0.15525794791369976,0.0076837648151106734,0.0037424975528066967,True,AP3.8,119.0,8.3,6.863735268152632e+19,$(U_{0.8}Pu_{0.2})N$
RHO_1p0e13_AP3p8,rizk2025_refit_plot,rizk2025_refit_full,1325.0,1.1,10000000000000.0,1.562024809635804e+23,7.78547274826964e+25,6.708512883360706e+24,3.771191445052922e+23,4.0368636903509755e+18,1.6959540497804264,61.145019436781766,0.770565273650459,0.3865591491044577,1.157124422754917,0.4751652125258868,1.6322896352808036,5692037406148.369,1.4230093515370924e+18,139.1680279832969,0.25446482347494637,24180227.313419733,15951939.76784989,1.5158173654939087,1309045960.9583902,1308997729.2058246,37241015.30580448,36307127.22718606,1.0000368463225637,1.0257218940175235,0.1728558655358913,86.1551380110292,7.423734845686363,6.2482712777485485,6.2482712777485485,0.0,5.646296538980628e+24,5.646296538980628e+24,0.0,9.036573938600132e+25,9.036573938600132e+25,1.0097310114714846,9.248246246551802e+16,0.004867779635238423,6.017718817668497e-07,2.586986558385601e-07,2.586986558385601e-07,0.004085587470346062,0.004085587470346062,2.6234129224420128e+20,1.7187226072053347e-05,8.165398359707159e-19,2.240387558362496e-22,2.240387558362496e-21,5.78187606487805e-18,1.6472964643566316e+19,10000000000000.0,10000000000000.0,0.0,0.00737140037770647,0.00020797476119745488,1.4595092723159639e-05,4.832955749024468e-06,1.4595092723159639e-05,4.832955749024468e-06,2.060129783030758e-29,7.687286528366688e+18,2.659527987665455e+18,37.793229613265375,1.0715920229006787e-20,-518877.4306285164,3.1825139838790496e+21,0.0,0.0,0.0,0.0,0.0,0.3333333333333333,0.3333333333333333,2.0,2.5266471383605937e-22,7.079080234963573e-21,0.0,8.162871712568798e-19,,0.0,0.0,0.0,0.0,0.0,2.5266471383605937e-22,8.162871712568798e-19,0.008669607927392601,17.0,1.388117721150217e-17,5.78187606487805e-24,2.1825687977137156e-22,,,5.78187606487805e-24,2.1825687977137156e-22,10.0,,1.7841241161527714e-07,4.035976381050727,9506341813099.83,2.5413976949402585e-06,0.0002054333635025146,2.5413976949402585e-06,0.0002054333635025146,0.00737140037770647,0.00020797476119745488,False,False,1.0,1.470586269221637,8.587841910012306e-09,0.221931756686446,0.6725678455658053,1.0,1.3008324194431147,3.8960300163061156e-07,0.15747752772233245,0.7657363645438958,0.19751639226441647,0.15694180827220952,0.00770565273650459,0.003865591491044577,True,AP3.8,119.0,8.3,6.863735268152632e+19,$(U_{0.8}Pu_{0.2})N$
RHO_1p0e13_AP3p8,rizk2025_refit_plot,rizk2025_refit_full,1350.0,1.1,10000000000000.0,1.5606507318227163e+23,7.785478962149034e+25,6.710588824180449e+24,3.767294283606218e+23,4.0349387459016617e+18,1.6981496634036104,61.77062169272438,0.7727625127851137,0.3983561004977082,1.171118613282822,0.6163601296169261,1.787478742899748,5175824213771.002,1.2939560534427505e+18,156.66266705679564,0.29321866534269125,18509098.744902253,14170574.532573055,1.3061643126999891,1307350159.8984423,1307305267.5171413,36645521.92831836,35939414.873356886,1.0000343396316196,1.0196471494444095,0.1727038081497155,86.15520677469378,7.42603211103698,6.246057306119551,6.246057306119551,0.0,5.644295867148288e+24,5.644295867148288e+24,0.0,9.036573938600132e+25,9.036573938600135e+25,1.0100301777363199,9.235568970093656e+16,0.004862720730146082,6.012986843580634e-07,2.429729250895678e-07,2.429729250895678e-07,0.004208003981724935,0.004208003981724935,2.5692873488556504e+20,1.8025528652951382e-05,8.168569279875949e-19,2.862168056389775e-22,2.8621680563897752e-21,1.4331663655150738e-17,1.6472964643566316e+19,10000000000000.0,10000000000000.0,0.0,0.007375127958023504,0.00020797615823987846,1.4589533718775545e-05,4.827248171527924e-06,1.4589533718775545e-05,4.827248171527924e-06,1.935826020591475e-29,7.843176551073497e+18,2.486772121384001e+18,61.82200244021145,1.5227739055445056e-20,-587120.5225792453,3.1813052521606493e+21,0.0,0.0,0.0,0.0,0.0,0.3333333333333333,0.3333333333333333,2.0,5.697567307150379e-22,5.248217173930294e-21,0.0,8.162871712568798e-19,,0.0,0.0,0.0,0.0,0.0,5.697567307150379e-22,8.162871712568798e-19,0.006424891549686404,17.0,1.3886567775789114e-17,1.433166365515074e-23,2.7188514198382675e-22,,,1.433166365515074e-23,2.7188514198382675e-22,10.0,,1.7841241161527714e-07,4.035976381050727,9501527872589.492,2.567087835504302e-06,0.00020540907040437416,2.567087835504302e-06,0.00020540907040437416,0.007375127958023504,0.00020797615823987846,False,False,1.0,1.4711055094480572,8.590802379222014e-09,0.2221108456882508,0.6723124539381476,1.0,1.3046157907454847,3.896649552824318e-07,0.15905824100602395,0.7634246873863684,0.19770395106524086,0.1585223459619633,0.007727625127851137,0.003983561004977082,True,AP3.8,119.0,8.3,6.863735268152632e+19,$(U_{0.8}Pu_{0.2})N$
RHO_1p0e13_AP3p8,rizk2025_refit_plot,rizk2025_refit_full,1375.0,1.1,10000000000000.0,1.558752754386977e+23,7.785415899597789e+25,6.712980744872631e+24,3.762699205415768e+23,4.0330690117661107e+18,1.700453353947219,62.36688542889068,0.7749653415992321,0.40981366086466814,1.1847790024639002,0.756297506020116,1.9410765084840162,4755493511087.692,1.1888733777719232e+18,172.52268192809015,0.32671498794409093,15122949.966583842,12867873.227969682,1.175248597702417,1305576208.4852626,1305534194.6586013,36126864.22289629,35595813.1423958,1.0000321813299362,1.0149189197722805,0.172493775293388,86.1545089156194,7.428679044164992,6.244318264922228,6.244318264922228,0.0,5.6427243697121e+24,5.6427243697121e+24,0.0,9.036573938600132e+25,9.036573938600132e+25,1.0103208541710007,9.220763102768906e+16,0.00485680006097869,6.008057484233611e-07,2.298789885437231e-07,2.298789885437231e-07,0.004326645727245226,0.004326645727245226,2.499692069851722e+20,1.8925601621504194e-05,8.175345338120949e-19,3.700180177718187e-22,3.7001801777181866e-21,3.437073971002977e-17,1.6472964643566316e+19,10000000000000.0,10000000000000.0,0.0,0.007381142518394015,0.00020807312020917605,1.458370541146239e-05,4.821912392986778e-06,1.458370541146239e-05,4.821912392986778e-06,1.8323123865039306e-29,7.999851364763128e+18,2.342899936674483e+18,93.25521789889667,2.0580597137394545e-20,-649130.651863015,3.1803483801935245e+21,0.0,0.0,0.0,0.0,0.0,0.3333333333333333,0.3333333333333333,2.0,1.2473625552150166e-21,3.756347896372655e-21,0.0,8.162871712568798e-19,,0.0,0.0,0.0,0.0,0.0,1.2473625552150166e-21,8.162871712568798e-19,0.00459472687821164,17.0,1.3898087074805612e-17,3.437073971002977e-23,3.3564727806178893e-22,,,3.437073971002977e-23,3.3564727806178893e-22,10.0,,1.7841241161527714e-07,4.035976381050727,9496948645050.29,2.592735487046749e-06,0.0002054803847221293,2.592735487046749e-06,0.0002054803847221293,0.007381142518394015,0.00020807312020917605,False,False,1.0,1.471620983587685,8.594298247705789e-09,0.22228853885144081,0.6720590739817863,1.0,1.3082359387873816,3.897251686880108e-07,0.16056384430236234,0.7612239615581914,0.19789163045738614,0.16002781558913806,0.007749653415992321,0.004098136608646681,True,AP3.8,119.0,8.3,6.863735268152632e+19,$(U_{0.8}Pu_{0.2})N$
RHO_1p0e13_AP3p8,rizk2025_refit_plot,rizk2025_refit_full,1400.0,1.1,10000000000000.0,1.5557974338998387e+23,7.785163215427676e+25,6.716521588455307e+24,3.756665381784379e+23,4.031224918641142e+18,1.7029747670066244,62.944477972162694,0.777169523080837,0.4211129019982109,1.1982824250790478,0.8794095419652186,2.0776919670442666,4440614939412.649,1.1101537348531624e+18,185.60793051281843,0.35311586942946305,13116181.42042634,11960695.827308321,1.096606887241447,1303640667.4964352,1303601229.4546022,35663794.03457462,35269178.03626553,1.0000302531486944,1.011188692798662,0.1721667353657319,86.15171267700254,7.432597391546129,6.243523196085636,6.243523196085636,0.0,5.642005899879286e+24,5.642005899879286e+24,0.0,9.036573938600132e+25,9.036573938600133e+25,1.0106076238102137,9.201655356279877e+16,0.004849131877620884,6.002143168110451e-07,2.2042366149756174e-07,2.2042366149756174e-07,0.004443327426432786,0.004443327426432786,2.4128566474649272e+20,1.9925588846035896e-05,8.189426464829586e-19,4.907545740295142e-22,4.907545740295141e-21,7.989389038480301e-17,1.6472964643566316e+19,10000000000000.0,10000000000000.0,0.0,0.00739174102857157,0.00020835832400101172,1.4577331349407491e-05,4.816837955143982e-06,1.4577331349407491e-05,4.816837955143982e-06,1.7576693646574018e-29,8.157795780096848e+18,2.239080529578336e+18,128.41559124411836,2.6131278377767574e-20,-701583.7164612587,3.1799004625209907e+21,0.0,0.0,0.0,0.0,0.0,0.3333333333333333,0.3333333333333333,2.0,2.6554752260788454e-21,2.6068146230906868e-21,0.0,8.162871712568798e-19,,0.0,0.0,0.0,0.0,0.0,2.6554752260788454e-21,8.162871712568798e-19,0.00318314674939197,17.0,1.3922024990210297e-17,7.989389038480301e-23,4.108606836447112e-22,,,7.989389038480301e-23,4.108606836447112e-22,10.0,,1.7841241161527714e-07,4.035976381050727,9492521345529.6,2.6199781735836873e-06,0.00020573834582742802,2.6199781735836873e-06,0.00020573834582742802,0.00739174102857157,0.00020835832400101172,False,False,1.0,1.472126964838862,8.598897330335383e-09,0.2224628658477783,0.6718105144420948,1.0,1.3117559127680956,3.8978459112318656e-07,0.16202135667161638,0.7590945698301493,0.19807906945412676,0.16148524589861768,0.007771695230808369,0.004211129019982109,True,AP3.8,119.0,8.3,6.863735268152632e+19,$(U_{0.8}Pu_{0.2})N$
RHO_1p0e13_AP3p8,rizk2025_refit_plot,rizk2025_refit_full,1425.0,1.1,10000000000000.0,1.5507711104558088e+23,7.784500302991718e+25,6.722700846575989e+24,3.7477862178276596e+23,4.0293710190229007e+18,1.7059242300865765,63.51515411830299,0.7793681115333728,0.4324719420073468,1.2118400535407197,0.9782913549915215,2.190131408532241,4216883574509.21,1.0542208936273024e+18,195.6617998697633,0.37263595945630135,11933552.271121899,11346108.445683723,1.0517749172106363,1301384451.2000415,1301347363.9959579,35239507.39708125,34952288.643825695,1.0000284990811137,1.0082174519723843,0.1716105153338723,86.14437679461544,7.439435445616917,6.244577244433789,6.244577244433789,0.0,5.642958398462581e+24,5.642958398462581e+24,0.0,9.036573938600132e+25,9.036573938600132e+25,1.0108960177358859,9.174111728899267e+16,0.004838028717210616,5.993867406147064e-07,2.1575213583945055e-07,2.1575213583945055e-07,0.004560262283837198,0.004560262283837198,2.310622595751594e+20,2.1068746697828866e-05,8.217924306433319e-19,6.792207006788487e-22,6.792207006788486e-21,1.8029544796246132e-16,1.6472964643566316e+19,10000000000000.0,10000000000000.0,0.0,0.007411339704554423,0.00020901096145037302,1.4569881919419223e-05,4.811912988185864e-06,1.4569881919419223e-05,4.811912988185864e-06,1.7210824893352333e-29,8.317928647437697e+18,2.188014640710541e+18,162.44811977374863,3.1206105258138425e-20,-742499.645802812,3.180452811361254e+21,0.0,0.0,0.0,0.0,0.0,0.3333333333333333,0.3333333333333333,2.0,5.505259386452124e-21,1.7608088449539913e-21,0.0,8.162871712568798e-19,,0.0,0.0,0.0,0.0,0.0,5.505259386452124e-21,8.162871712568798e-19,0.0021426442728068934,17.0,1.3970471320936644e-17,1.8029544796246133e-22,4.989252527163874e-22,,,1.8029544796246133e-22,4.989252527163874e-22,10.0,,1.7841241161527714e-07,4.035976381050727,9488155480175.096,2.6516342738984943e-06,0.00020635932717647453,2.6516342738984943e-06,0.00020635932717647453,0.007411339704554423,0.00020901096145037302,False,False,1.0,1.4726128319408611,8.605683114254753e-09,0.22263017549033168,0.6715719794842712,1.0,1.3152464528255117,3.8984436373501236e-07,0.16346047319174045,0.7569930670722491,0.1982656801053035,0.16292434317553647,0.007793681115333728,0.004324719420073468,True,AP3.8,119.0,8.3,6.863735268152632e+19,$(U_{0.8}Pu_{0.2})N$
RHO_1p0e13_AP3p8,rizk2025_refit_plot,rizk2025_refit_full,1450.0,1.1,10000000000000.0,1.5418158791211876e+23,7.783024059794615e+25,6.734209697281835e+24,3.7334749434708874e+23,4.02745416626283e+18,1.7096931561313473,64.09529249359022,0.7815492847390262,0.4442194982537745,1.2257687829928008,1.05538526239505,2.2811540453878507,4057493312123.1523,1.0143733280307881e+18,203.26608072194344,0.3869623416835999,11222301.327262836,10921645.126994086,1.027528471834856,1298513587.465865,1298478614.1528244,34837809.62859917,34635928.999341235,1.000026934069348,1.005828647739224,0.17061951682099913,86.12804047946841,7.452171301909406,6.249168701801192,6.249168701801192,0.0,5.647107502861227e+24,5.647107502861227e+24,0.0,9.036573938600132e+25,9.036573938600133e+25,1.0111943886323138,9.130534498255045e+16,0.004820383125375586,5.980776277648883e-07,2.1582870007901909e-07,2.1582870007901909e-07,0.004680930859976694,0.004680930859976694,2.203308871840059e+20,2.238780117764303e-05,8.274171632376133e-19,9.969293275342691e-22,9.96929327534269e-21,3.956100289530877e-16,1.6472964643566316e+19,10000000000000.0,10000000000000.0,0.0,0.0074481932920283924,0.0002103675553631816,1.4560373345069738e-05,4.806994346337392e-06,1.4560373345069738e-05,4.806994346337392e-06,1.7223174411635697e-29,8.48195574788047e+18,2.1893700545343142e+18,192.777134487496,3.5538135312595183e-20,-773077.9100412868,3.182916441178181e+21,0.0,0.0,0.0,0.0,0.0,0.3333333333333333,0.3333333333333333,2.0,1.1129991980733449e-20,1.1616069964338774e-21,0.0,8.162871712568798e-19,,0.0,0.0,0.0,0.0,0.0,1.1129991980733449e-20,8.162871712568798e-19,0.001403895215188198,17.0,1.4066091775039427e-17,3.9561002895308766e-22,6.013192985811814e-22,,,3.9561002895308766e-22,6.013192985811814e-22,10.0,,1.7841241161527714e-07,4.035976381050727,9483725872503.904,2.6928078287308254e-06,0.00020767474753445077,2.6928078287308254e-06,0.00020767474753445077,0.0074481932920283924,0.0002103675553631816,False,False,1.0,1.47305921538224,8.616665570077975e-09,0.2227838134457707,0.6713529528479606,1.0,1.3188078521059245,3.899062022236774e-07,0.1649224843721658,0.7548591718842133,0.19845046612304326,0.16438639535709612,0.007815492847390262,0.004442194982537745,True,AP3.8,119.0,8.3,6.863735268152632e+19,$(U_{0.8}Pu_{0.2})N$
RHO_1p0e13_AP3p8,rizk2025_refit_plot,rizk2025_refit_full,1475.0,1.1,10000000000000.0,1.5256776817363048e+23,7.780016187037467e+25,6.755816101836602e+24,3.7091612959753066e+23,4.025389750414803e+18,1.714985990656627,64.70952125800568,0.7836931647063906,0.4568789048006661,1.2405720695070568,1.1186438918948465,2.3592159614019033,3935312211896.851,9.838280529742127e+17,209.37174048169084,0.39819553220845516,10761337.442790259,10603150.142863406,1.014918896535038,1294504371.411554,1294471215.5637,34441799.88840208,34307161.55584829,1.00002561342999,1.003924496415555,0.16883364116784394,86.09475493588093,7.476081253514488,6.26033016943672,6.26033016943672,0.0,5.657193645616401e+24,5.657193645616401e+24,0.0,9.036573938600132e+25,9.03657393860013e+25,1.0115160546973294,9.057540005750859e+16,0.004790700061817005,5.958591457318041e-07,2.1863131546363304e-07,2.1863131546363304e-07,0.0048110755780254285,0.0048110755780254285,2.107058639032632e+20,2.3872430320112634e-05,8.382581106675789e-19,1.5648365395596799e-21,1.5648365395596798e-20,8.452417180343286e-16,1.6472964643566316e+19,10000000000000.0,10000000000000.0,0.0,0.007517306641263509,0.00021304463538253916,1.454704018560545e-05,4.801880664669804e-06,1.454704018560545e-05,4.801880664669804e-06,1.7452717658638953e-29,8.652979188468695e+18,2.220866428912218e+18,220.35585593446123,3.935421722422683e-20,-797502.2435851225,3.1889257454950133e+21,0.0,0.0,0.0,0.0,0.0,0.3333333333333333,0.3333333333333333,2.0,2.1970939410699096e-20,7.507216258567738e-22,0.0,8.162871712568798e-19,,0.0,0.0,0.0,0.0,0.0,2.1970939410699096e-20,8.162871712568798e-19,0.0008955733518151203,17.0,1.4250387881348842e-17,8.452417180343286e-22,7.195948215253512e-22,,,8.452417180343286e-22,7.195948215253512e-22,10.0,,1.7841241161527714e-07,4.035976381050727,9479045435047.156,2.7527363874029034e-06,0.00021029189899513626,2.7527363874029034e-06,0.00021029189899513626,0.007517306641263509,0.00021304463538253916,False,False,1.0,1.4734319077795797,8.635453156699194e-09,0.22291203288499198,0.6711701749856107,1.0,1.3225929058910622,3.899728437383412e-07,0.16646936986887698,0.752602549039258,0.19863175797320545,0.16593335796928463,0.007836931647063906,0.004568789048006661,True,AP3.8,119.0,8.3,6.863735268152632e+19,$(U_{0.8}Pu_{0.2})N$
RHO_1p0e13_AP3p8,rizk2025_refit_plot,rizk2025_refit_full,1500.0,1.1,10000000000000.0,1.4970123462539815e+23,7.774239158883848e+25,6.79571671673843e+24,3.6671888267569306e+23,4.023037646107632e+18,1.7230212500018127,65.39670517523908,0.7857669949648207,0.47131396759291216,1.2570809625577328,1.1769953634475405,2.4340763260052736,3828793380716.017,9.571983451790042e+17,214.9074394390798,0.40817452206859817,10417736.227023348,10330028.61973658,1.0084905483339315,1288466132.8496695,1288434486.8048868,34031523.286213696,33946664.347251415,1.0000245616250627,1.0024997725282883,0.16566149476843497,86.0308255286424,7.5202358359623664,6.28327714062678,6.28327714062678,0.0,5.677929845798992e+24,5.677929845798992e+24,0.0,9.036573938600132e+25,9.036573938600132e+25,1.011883017448045,8.932903897293179e+16,0.004739766553709087,5.920142711251463e-07,2.223534954865004e-07,2.223534954865004e-07,0.004960245898056234,0.004960245898056234,2.0331051660172663e+20,2.5462027407506343e-05,8.586863335070055e-19,2.616148172893133e-21,2.616148172893133e-20,1.7607759639859707e-15,1.6472964643566316e+19,10000000000000.0,10000000000000.0,0.0,0.007645139390623071,0.00021814594873611137,1.4526843562757058e-05,4.796270856285566e-06,1.4526843562757058e-05,4.796270856285566e-06,1.7755306476108722e-29,8.836492916775811e+18,2.2625867744991544e+18,248.44468311641123,4.315497432762366e-20,-820760.6004109154,3.2013013533221496e+21,0.0,0.0,0.0,0.0,0.0,0.3333333333333333,0.3333333333333333,2.0,4.239916225012569e-20,4.766040325715508e-22,0.0,8.162871712568798e-19,,0.0,0.0,0.0,0.0,0.0,4.239916225012569e-20,8.162871712568798e-19,0.0005550385676048057,17.0,1.4597667669619094e-17,1.7607759639859707e-21,8.553722089071623e-22,,,1.7607759639859707e-21,8.553722089071623e-22,10.0,,1.7841241161527714e-07,4.035976381050727,9473820665731.326,2.8480039466465286e-06,0.00021529794478946483,2.8480039466465286e-06,0.00021529794478946483,0.007645139390623071,0.00021814594873611137,False,False,1.0,1.4736729970112694,8.66827562580194e-09,0.22299494938967304,0.6710519826813216,1.0,1.3268451614657226,3.900488274476507e-07,0.16819873860920986,0.7500811318411222,0.19880681191418834,0.16766282141446864,0.007857669949648207,0.004713139675929122,True,AP3.8,119.0,8.3,6.863735268152632e+19,$(U_{0.8}Pu_{0.2})N$
RHO_1p0e13_AP3p8,rizk2025_refit_plot,rizk2025_refit_full,1525.0,1.1,10000000000000.0,1.4478838793032354e+23,7.763658181290617e+25,6.867375954706312e+24,3.595707698694888e+23,4.0201537845080376e+18,1.7357984632672443,66.22168659432852,0.7877182145918744,0.48902604369380903,1.2767442582856834,1.239030675474269,2.5157749337599524,3721480838608.3936,9.303702096520983e+17,220.7001354213514,0.41840999415266544,10111478.6082536,10058897.31676725,1.00522734150976,1278980658.4334552,1278950319.9705322,33575007.775628194,33523761.084486324,1.000023721377171,1.0015286677116186,0.16022486941854527,85.91373494027202,7.599534958013242,6.326505232296177,6.326505232296177,0.0,5.7169932304585e+24,5.7169932304585e+24,0.0,9.036573938600132e+25,9.036573938600132e+25,1.0123335503470656,8.722877614886907e+16,0.004653308891513682,5.854164886141048e-07,2.2644444980574719e-07,2.2644444980574719e-07,0.005144792018296154,0.005144792018296154,1.9812506180639372e+20,2.709211564795353e-05,8.963636533373067e-19,4.591111971906214e-21,4.5911119719062144e-20,3.580777516173852e-15,1.6472964643566316e+19,10000000000000.0,10000000000000.0,0.0,0.007876748779224261,0.00022760454456287628,1.4494840113583268e-05,4.7896864185467984e-06,1.4494840113583268e-05,4.7896864185467984e-06,1.8086833401104736e-29,9.041733135145619e+18,2.308493706128301e+18,281.34834872452905,4.751489295139481e-20,-846337.9633111219,3.2246681101657545e+21,0.0,0.0,0.0,0.0,0.0,0.3333333333333333,0.3333333333333333,2.0,8.007648208042697e-20,2.979589468780153e-22,0.0,8.162871712568798e-19,,0.0,0.0,0.0,0.0,0.0,8.007648208042697e-20,8.162871712568798e-19,0.00033240855513124167,17.0,1.5238182106734214e-17,3.5807775161738524e-21,1.0103344557323614e-21,,,3.5807775161738524e-21,1.0103344557323614e-21,10.0,,1.7841241161527714e-07,4.035976381050727,9467564686233.8,3.0081952422741966e-06,0.00022459634932060207,3.0081952422741966e-06,0.00022459634932060207,0.007876748779224261,0.00022760454456287628,False,False,1.0,1.4736901701835667,8.725343095131957e-09,0.22300085486327428,0.6710435649725767,1.0,1.3319747328193579,3.90142070463069e-07,0.17027312088556978,0.7470586774939512,0.1989712351706232,0.16973731561117855,0.007877182145918744,0.00489026043693809,True,AP3.8,119.0,8.3,6.863735268152632e+19,$(U_{0.8}Pu_{0.2})N$
RHO_1p0e13_AP3p8,rizk2025_refit_plot,rizk2025_refit_full,1550.0,1.1,10000000000000.0,1.3683950327589048e+23,7.74515469022994e+25,6.991378085073514e+24,3.478595663541021e+23,4.0163382782443433e+18,1.7563605378517058,67.28494903810072,0.7894662578418161,0.5124749917141028,1.3019412495559188,1.3140337478588937,2.6159749974148125,3599181410005.454,8.997953525013636e+17,227.5873417516184,0.4303095717094982,9789296.528494623,9754496.81389942,1.003567556098395,1264006415.206313,1263977385.141775,33024274.514635444,32994005.817599785,1.0000229672341288,1.000917399881754,0.15142852170043605,85.7089727019901,7.736757462039377,6.4028413142701055,6.4028413142701055,0.0,5.785974895352545e+24,5.785974895352545e+24,0.0,9.036573938600132e+25,9.036573938600133e+25,1.0129304562824186,8.383257275159994e+16,0.004511865313785543,5.74487015625246e-07,2.3073020304590217e-07,2.3073020304590217e-07,0.005391133006856278,0.005391133006856278,1.9417826420836968e+20,2.87542619327329e-05,9.64451857158908e-19,8.303373578131135e-21,8.303373578131135e-20,7.11715258415843e-15,1.6472964643566316e+19,10000000000000.0,10000000000000.0,0.0,0.00828566640221001,0.00024473707052593006,1.444362766767794e-05,4.781432977146301e-06,1.444362766767794e-05,4.781432977146301e-06,1.8433171565022697e-29,9.28307346309977e+18,2.356721788547942e+18,324.305160839119,5.3032176554710215e-20,-874739.3760144254,3.2660764932922157e+21,0.0,0.0,0.0,0.0,0.0,0.3333333333333333,0.3333333333333333,2.0,1.4816468590202815e-19,1.8383335745449222e-22,0.0,8.162871712568798e-19,,0.0,0.0,0.0,0.0,0.0,1.4816468590202815e-19,8.162871712568798e-19,0.00019060915906785685,17.0,1.6395681571701434e-17,7.11715258415843e-21,1.1862209939727049e-21,,,7.11715258415843e-21,1.1862209939727049e-21,10.0,,1.7841241161527714e-07,4.035976381050727,9459529065217.723,3.2853839491948502e-06,0.00024145168657673522,3.2853839491948502e-06,0.00024145168657673522,0.00828566640221001,0.00024473707052593006,False,False,1.0,1.4733493614261939,8.822187355977658e-09,0.22288363833666022,0.6712106506996298,1.0,1.3386255309318944,3.9026557377535474e-07,0.17294372476733907,0.7431707457785558,0.19911830695210503,0.1724080576157133,0.00789466257841816,0.0051247499171410285,True,AP3.8,119.0,8.3,6.863735268152632e+19,$(U_{0.8}Pu_{0.2})N$
RHO_1p0e13_AP3p8,rizk2025_refit_plot,rizk2025_refit_full,1575.0,1.1,10000000000000.0,1.2499628494093953e+23,7.71441773297747e+25,7.196059712009531e+24,3.298415880194168e+23,4.011000504619739e+18,1.7888543242919794,68.72228898879041,0.7908952139722543,0.5452983396214351,1.3361935535936893,1.4136294934555478,2.749823047049237,3448129010529.66,8.62032252632415e+17,236.55449571189095,0.44537617581636924,9410351.83137558,9384729.693338087,1.0027301945687026,1241045263.8349152,1241017767.547207,32321756.967526134,32303929.811798237,1.000022156240166,1.000551857183685,0.1383226494800339,85.36883320375424,7.963261033333926,6.529583113431822,6.529583113431822,0.0,5.900506059276151e+24,5.900506059276151e+24,0.0,9.036573938600132e+25,9.036573938600133e+25,1.0137668483412612,7.870233410947262e+16,0.004294273348519784,5.574040078451608e-07,2.350401473725229e-07,2.350401473725229e-07,0.005738178596172589,0.005738178596172589,1.9015454856876913e+20,3.053975313933422e-05,1.0851313414053207e-18,1.5225725191742552e-20,1.5225725191742552e-19,1.384090397445483e-14,1.6472964643566316e+19,10000000000000.0,10000000000000.0,0.0,0.008985608243913772,0.00027512360871756903,1.4363429892695299e-05,4.770672849190351e-06,1.4363429892695299e-05,4.770672849190351e-06,1.8780349495904257e-29,9.58059080551451e+18,2.4054130946139387e+18,384.8462489827349,6.045317342227862e-20,-903793.9084145136,3.3351932092513203e+21,0.0,0.0,0.0,0.0,0.0,0.3333333333333333,0.3333333333333333,2.0,2.6884417014844093e-19,1.1215308686518689e-22,0.0,8.162871712568798e-19,,0.0,0.0,0.0,0.0,0.0,2.6884417014844093e-19,8.162871712568798e-19,0.00010335438908246888,17.0,1.844723280389045e-17,1.384090397445483e-20,1.3848212172877198e-21,,,1.384090397445483e-20,1.3848212172877198e-21,10.0,,1.7841241161527714e-07,4.035976381050727,9448716826875.795,3.770179381796347e-06,0.00027135342933577267,3.770179381796347e-06,0.00027135342933577267,0.008985608243913772,0.00027512360871756903,False,False,1.0,1.472482398721113,8.979998209820018e-09,0.22258526886160024,0.6716360014594014,1.0,1.3476871806548574,3.9043861463604064e-07,0.17654847818185146,0.7379287347186386,0.19923837111997153,0.1760129918548978,0.007908952139722543,0.005452983396214352,True,AP3.8,119.0,8.3,6.863735268152632e+19,$(U_{0.8}Pu_{0.2})N$
RHO_1p0e13_AP3p8,rizk2025_refit_plot,rizk2025_refit_full,1600.0,1.1,10000000000000.0,1.0916460491477536e+23,7.666321475480002e+25,7.514985541023342e+24,3.0440801013086985e+23,4.003364168646847e+18,1.8380889018941329,70.68701564470214,0.7918523757572427,0.5922876081542882,1.384139983911531,1.5530085971742869,2.9371485810858173,3255790234381.756,8.13947558595439e+17,248.8014977500123,0.4652040211813082,8943571.11467274,8922775.86781485,1.0023305804343805,1207801764.8490999,1207776184.1183589,31416673.372130252,31406050.74004684,1.0000211800258005,1.000338235207328,0.12080308937491657,84.83659324396125,8.316188847769777,6.7264148188940585,6.7264148188940585,0.0,6.078374485263177e+24,6.078374485263177e+24,0.0,9.036573938600132e+25,9.036573938600132e+25,1.0149659477390685,7.164442865158522e+16,0.003986781105260785,5.327313225729552e-07,2.3912193543367136e-07,2.3912193543367136e-07,0.006237406638904617,0.006237406638904617,1.8498565386648712e+20,3.2604885830575845e-05,1.2951051174088508e-18,2.797102768283436e-20,2.7971027682834356e-19,2.6363059898109156e-14,1.6472964643566316e+19,10000000000000.0,10000000000000.0,0.0,0.010141139367675099,0.00032797646386383434,1.4243629684360366e-05,4.756657403498975e-06,1.4243629684360366e-05,4.756657403498975e-06,1.9107779022595598e-29,9.958321681079022e+18,2.451692625714797e+18,475.9646616904015,7.097064785954385e-20,-930687.853729412,3.4433783345110613e+21,0.0,0.0,0.0,0.0,0.0,0.3333333333333333,0.3333333333333333,2.0,4.788179461519709e-19,6.777638626958759e-23,0.0,8.162871712568798e-19,,0.0,0.0,0.0,0.0,0.0,4.788179461519709e-19,8.162871712568798e-19,5.23327298753861e-05,17.0,2.2016786995950463e-17,2.6363059898109155e-20,1.6079677847252025e-21,,,2.6363059898109155e-20,1.6079677847252025e-21,10.0,,1.7841241161527714e-07,4.035976381050727,9434035054971.432,4.619157223626021e-06,0.0003233573066402083,4.619157223626021e-06,0.0003233573066402083,0.010141139367675099,0.00032797646386383434,False,False,1.0,1.4709238330863392,9.223449741971552e-09,0.22204819559056468,0.6724017942949344,1.0,1.360205718062019,3.906867062788221e-07,0.1814653615887367,0.73078975553022,0.19931871318968436,0.18093012454487079,0.007918523757572427,0.0059228760815428815,True,AP3.8,119.0,8.3,6.863735268152632e+19,$(U_{0.8}Pu_{0.2})N$
RHO_1p0e13_AP3p8,rizk2025_refit_plot,rizk2025_refit_full,1625.0,1.1,10000000000000.0,9.055638281370636e+22,7.595972307027477e+25,7.980290076208276e+24,2.7206098885948944e+23,3.99253810191642e+18,1.9084728831957865,73.31195261715104,0.792159914918784,0.6589645310151261,1.45112444593391,1.7513086573089112,3.2024331032428215,3014349924043.7944,7.535874810109486e+17,265.7073197190955,0.49122647636808225,8373276.560795783,8355057.746798145,1.002180573079177,1163256988.2978086,1163233714.0062234,30288014.740313914,30281556.018474404,1.0000200082677324,1.0002132889682278,0.10021096870229845,84.05809943723185,8.831101400188968,7.010588193876885,7.010588193876885,0.0,6.335169856704561e+24,6.335169856704561e+24,0.0,9.036573938600132e+25,9.036573938600132e+25,1.0166709610816391,6.29661311880267e+16,0.003594721160882478,5.00311615085996e-07,2.426518518055005e-07,2.426518518055005e-07,0.006948821800838485,0.006948821800838485,1.782746373052102e+20,3.51065147173424e-05,1.6540619828555305e-18,5.108607268560299e-20,5.1086072685603e-19,4.922854290289942e-14,1.6472964643566316e+19,10000000000000.0,10000000000000.0,0.0,0.011973340953793477,0.0004182311382669259,1.4075964234253836e-05,4.739080503934214e-06,1.4075964234253836e-05,4.739080503934214e-06,1.938919862448783e-29,1.0439430512522316e+19,2.491646825184815e+18,621.3379912395847,8.660166791733824e-20,-953272.6647427916,3.6013191153760925e+21,0.0,0.0,0.0,0.0,0.0,0.3333333333333333,0.3333333333333333,2.0,8.377748115986507e-19,4.063572253318729e-23,0.0,8.162871712568798e-19,,0.0,0.0,0.0,0.0,0.0,8.377748115986507e-19,8.162871712568798e-19,2.456723082591791e-05,17.0,2.811905370854402e-17,4.922854290289942e-20,1.857529782703572e-21,,,4.922854290289942e-20,1.857529782703572e-21,10.0,,1.7841241161527714e-07,4.035976381050727,9414604819841.625,6.101309431047875e-06,0.000412129828835878,6.101309431047875e-06,0.000412129828835878,0.011973340953793477,0.0004182311382669259,False,False,1.0,1.4685742783698454,9.575415040553194e-09,0.2212368822643233,0.6735589800616971,1.0,1.3771688455778197,3.910395114196621e-07,0.188014480746209,0.7213013826510623,0.19934451361152014,0.1874795977578031,0.00792159914918784,0.006589645310151261,True,AP3.8,119.0,8.3,6.863735268152632e+19,$(U_{0.8}Pu_{0.2})N$
RHO_1p0e13_AP3p8,rizk2025_refit_plot,rizk2025_refit_full,1650.0,1.1,10000000000000.0,7.143681220590067e+22,7.5000448181666125e+25,8.614534266664117e+24,2.352476135788379e+23,3.9776345046456566e+18,2.0028028277359646,76.66849687722267,0.7916412639321545,0.7508692686204036,1.542510532552558,1.8703131833476156,3.4128237159001733,2787116347390.0405,6.9677908684751e+17,278.7834070409596,0.5,7966701.010375835,7963171.207222643,1.000443266013167,1108467344.4100895,1108446607.5522585,28959851.15385942,28955830.49652219,1.000018708034911,1.0001388548443713,0.07905298256981566,82.99655233417428,9.532964954634796,7.3914297286211,7.029109717295424,0.36232001132567526,6.679320125465167e+24,6.351906968287277e+24,3.2741315717789016e+23,9.036573938600132e+25,9.003832622882343e+25,1.0190278533948776,5.347969649696623e+16,0.0031466477368729782,4.617447933658503e-07,2.454112607164755e-07,2.454112607164755e-07,0.00793391107597453,0.00793391107597453,1.7042601619511316e+20,3.8143666430674796e-05,2.257479190366825e-18,9.233806137778259e-20,9.233806137778258e-19,9.020265555838444e-14,1.6472964643566316e+19,10000000000000.0,10000000000000.0,0.0,0.014759203140766834,0.0005696886141602939,1.3857871859012689e-05,4.71832373955754e-06,1.3857871859012689e-05,4.71832373955754e-06,1.9606941135098298e-29,1.1040255492649839e+19,2.522124551389927e+18,295.06395948308614,3.912893900735654e-20,-608293.3101591198,3.8161671503382147e+21,4.0200826629825956e+21,0.0,0.0,0.0,0.0,0.3333333333333333,0.3333333333333333,2.0,1.441192019109945e-18,2.42053512429118e-23,0.0,8.162871712568798e-19,,0.0,0.0,0.0,0.0,0.0,1.441192019109945e-18,8.162871712568798e-19,1.0722292079679634e-05,17.0,3.8377146236236026e-17,9.020265555838444e-20,2.135405819398152e-21,,,9.020265555838444e-20,2.135405819398152e-21,10.0,,1.7841241161527714e-07,4.035976381050727,9390087284065.746,8.674795769503464e-06,0.0005610138183907904,8.674795769503464e-06,0.0005610138183907904,0.014759203140766834,0.0005696886141602939,False,False,1.0,1.4654516864306133,1.0050920415031759e-08,0.2201555145224143,0.6751020265535594,1.0,1.3992562328023983,3.9152729026020585e-07,0.19635335487300323,0.7092551341424989,0.1993009984915883,0.19581897667380457,0.007916412639321545,0.007508692686204036,True,AP3.8,119.0,8.3,6.863735268152632e+19,$(U_{0.8}Pu_{0.2})N$
RHO_1p0e13_AP3p8,rizk2025_refit_plot,rizk2025_refit_full,1675.0,1.1,10000000000000.0,5.40546607839383e+22,7.377534814322287e+25,9.426451787437627e+24,1.9748535868601544e+23,3.957861537234537e+18,2.1217547967844133,80.75256718543874,0.7901491740637321,0.8730079916038693,1.6631571656676014,1.9508493809649758,3.614006546632577,2561747307837.09,6.404368269592724e+17,290.78789685678043,0.5,7637769.454601146,7634430.538535791,1.0004373497209125,1046321975.0653793,1046303749.7850744,27493951.067007262,27491386.062093012,1.0000174187278872,1.0000933021313825,0.059817648979821204,81.64083937618012,10.431444318927237,7.867898655912806,6.935287524012835,0.9326111318999718,7.109884794556867e+24,6.267123849619302e+24,8.427609449375655e+23,9.036573938600132e+25,8.952297844106374e+25,1.0221722896604142,4.416057327244958e+16,0.0026841606407240217,4.1987496587554717e-07,2.4760962393357413e-07,2.4760962393357413e-07,0.009250278327933523,0.009250278327933523,1.6236183789058366e+20,4.1739231505245056e-05,3.2556911341636327e-18,1.6476307421979262e-19,1.6476307421979263e-18,1.6231955709997532e-13,1.6472964643566316e+19,10000000000000.0,10000000000000.0,0.0,0.01882904816116299,0.0008196682710952035,1.359351690030393e-05,4.695351683500852e-06,1.359351690030393e-05,4.695351683500852e-06,1.9777850567985907e-29,1.1767235766826848e+19,2.544210742001531e+18,365.38549282382587,4.6405155551040353e-20,-609492.4564401398,4.0900618174800677e+21,4.3238760580549905e+21,0.0,0.0,0.0,0.0,0.3333333333333333,0.3333333333333333,2.0,2.439403962906753e-18,1.4342893454267406e-23,0.0,8.162871712568798e-19,,0.0,0.0,0.0,0.0,0.0,2.439403962906753e-18,8.162871712568798e-19,4.405483463636979e-06,17.0,5.534674928078175e-17,1.623195570999753e-19,2.4435171198173103e-21,,,1.623195570999753e-19,2.4435171198173103e-21,10.0,,1.7841241161527714e-07,4.035976381050727,9360790233041.879,1.310975001483701e-05,0.0008065585210803665,1.310975001483701e-05,0.0008065585210803665,0.01882904816116299,0.0008196682710952035,False,False,1.0,1.4616841207515803,1.0654605388010216e-08,0.21884602043824902,0.6769716291087976,1.0,1.4267298303186684,3.9217821333279685e-07,0.2064414430026896,0.694736903367296,0.1991757051963354,0.2059077721756114,0.00790149174063732,0.008730079916038693,True,AP3.8,119.0,8.3,6.863735268152632e+19,$(U_{0.8}Pu_{0.2})N$
RHO_1p0e13_AP3p8,rizk2025_refit_plot,rizk2025_refit_full,1700.0,1.1,10000000000000.0,3.9716593942172726e+22,7.229466660705489e+25,1.0413022024533367e+25,1.6194151120593396e+23,3.932533797900316e+18,2.2643768354172096,85.50631206081114,0.7875767868814322,1.0298064307142394,1.8173832175956715,2.0488583224931896,3.8662415400888612,2322522405748.3906,5.806306014370976e+17,305.3968227217034,0.5,7272499.46624928,7269230.832905562,1.0004496532602765,980418162.4312475,980402186.2778714,25964675.316314973,25962995.555476192,1.0000162955097405,1.0000646982677786,0.04395094226200209,80.00229633295531,11.523196839073796,8.430555885708872,6.84493808956436,1.5856177961445108,7.618334160470874e+24,6.185478915148867e+24,1.4328552453220063e+24,9.036573938600132e+25,8.89328841406793e+25,1.026229548899445,3.5748660967241484e+16,0.002245149023844326,3.7766096510816406e-07,2.5018251535294063e-07,2.5018251535294063e-07,0.010951612545408437,0.010951612545408437,1.5501932006908782e+20,4.586125522909754e-05,4.881873557157333e-18,2.8987370337520676e-19,2.8987370337520674e-18,2.8708990269161864e-13,1.6472964643566316e+19,10000000000000.0,10000000000000.0,0.0,0.02456821365452799,0.001225802533008236,1.3291825197175288e-05,4.671327877922202e-06,1.3291825197175288e-05,4.671327877922202e-06,1.9977037218788788e-29,1.261846906135668e+19,2.56645712012917e+18,465.2389114886566,5.619958968910696e-20,-606752.8860545879,4.4208669385727263e+21,4.6859557396510556e+21,0.0,0.0,0.0,0.0,0.3333333333333333,0.3333333333333333,2.0,4.065586385900453e-18,8.463999134962283e-24,0.0,8.162871712568798e-19,,0.0,0.0,0.0,0.0,0.0,4.065586385900453e-18,8.162871712568798e-19,1.7337604171564793e-06,17.0,8.299185047167466e-17,2.8708990269161863e-19,2.7838006835881095e-21,,,2.8708990269161863e-19,2.7838006835881095e-21,10.0,,1.7841241161527714e-07,4.035976381050727,9327491658513.783,2.0678992738973615e-05,0.0012051235402692625,2.0678992738973615e-05,0.0012051235402692625,0.02456821365452799,0.001225802533008236,False,False,1.0,1.4574486461779863,1.1383204264568111e-08,0.2173676233208942,0.6790837320556546,1.0,1.459532388656475,3.9301836105707196e-07,0.21809578870449756,0.6780432643376625,0.198959326626858,0.21756308070976588,0.007875767868814321,0.010298064307142394,True,AP3.8,119.0,8.3,6.863735268152632e+19,$(U_{0.8}Pu_{0.2})N$
RHO_1p0e13_AP3p8,rizk2025_refit_plot,rizk2025_refit_full,1725.0,1.1,10000000000000.0,2.867183213844898e+22,7.057992684415874e+25,1.1564955387682361e+25,1.3057049219198584e+23,3.9010134464104397e+18,2.429029634859948,90.85432518913773,0.7838484259645395,1.2254705466785951,2.009318972643135,2.16516001981654,4.174478992459675,2079714742902.3503,5.199286857255875e+17,322.7324132062967,0.5,6882028.987074397,6878763.672804484,1.0004746949343268,913959341.7088132,913945210.1118561,24435854.415877722,24434720.035380516,1.000015462192701,1.000046424943505,0.0317286532852633,78.1047411593385,12.797942523639556,9.065587663736695,6.757593763124737,2.3079939006119585,8.192185322021787e+24,6.106549568749978e+24,2.085635753271809e+24,9.036573938600132e+25,8.828010363272952e+25,1.0313250689099445,2.8593853645146924e+16,0.0018534728732143909,3.3731749964384307e-07,2.549598324323529e-07,2.549598324323529e-07,0.013092296287936487,0.013092296287936487,1.490053765747201e+20,5.046069700694229e-05,7.492536269461473e-18,5.026022153000994e-19,5.026022153000994e-18,4.994440127391286e-13,1.6472964643566316e+19,10000000000000.0,10000000000000.0,0.0,0.03242473003122081,0.001875825570271125,1.2963362344098618e-05,4.6472560795639935e-06,1.2963362344098618e-05,4.6472560795639935e-06,2.0351144772154486e-29,1.3587690475445166e+19,2.606541300755347e+18,606.2212557049451,6.92207750166701e-20,-599289.6058480319,4.804075118835458e+21,5.10272042907701e+21,0.0,0.0,0.0,0.0,0.3333333333333333,0.3333333333333333,2.0,6.676249098204593e-18,4.979302940985348e-24,0.0,8.162871712568798e-19,,0.0,0.0,0.0,0.0,0.0,6.676249098204593e-18,8.162871712568798e-19,6.645684134063239e-07,17.0,1.2737311658084505e-16,4.994440127391286e-19,3.1582025609706965e-21,,,4.994440127391286e-19,3.1582025609706965e-21,10.0,,1.7841241161527714e-07,4.035976381050727,9291156140135.402,3.3447370224588433e-05,0.0018423782000465366,3.3447370224588433e-05,0.0018423782000465366,0.03242473003122081,0.001875825570271125,False,False,1.0,1.4529067952925374,1.2230304810510164e-08,0.21577484930770607,0.6813608335111629,1.0,1.497485910422368,3.940740557917092e-07,0.2310827653166138,0.6595456745590114,0.19864487440773856,0.23055132681748447,0.007838484259645395,0.012254705466785951,True,AP3.8,119.0,8.3,6.863735268152632e+19,$(U_{0.8}Pu_{0.2})N$
RHO_1p0e13_AP3p8,rizk2025_refit_plot,rizk2025_refit_full,1750.0,1.1,10000000000000.0,2.0524081579018873e+22,6.865547507608545e+25,1.2871522387011547e+25,1.0409098469421148e+23,3.862646193929402e+18,2.6141258424049725,96.73103991293333,0.7788990918981424,1.464438403788579,2.2433374956867214,2.3005721932497085,4.54390968893643,1842095053447.1736,4.6052376336179334e+17,342.9165553064723,0.5,6477175.326280645,6473878.165537782,1.0005093022541596,849244996.8204327,849232261.1208417,22951030.42619332,22950233.988988444,1.0000149967213612,1.0000347027923662,0.022712237755671248,75.97511572701299,14.243807968006838,9.7583640672245,6.672848564214875,3.085515503009625,8.81821784132529e+24,6.029968943160945e+24,2.788248898164345e+24,9.036573938600132e+25,8.757749048783698e+25,1.0375978450391334,2.2733640338935704e+16,0.0015184987625911142,3.000955766908725e-07,2.6480865498591246e-07,2.6480865498591246e-07,0.015732763808451993,0.015732763808451993,1.4454446472689708e+20,5.5495015829314764e-05,1.1625332016342075e-17,8.588030780930961e-19,8.588030780930961e-18,8.552344067970446e-13,1.6472964643566316e+19,10000000000000.0,10000000000000.0,0.0,0.04291958336627322,0.002901491685877902,1.2618013175323598e-05,4.6238262186245594e-06,1.2618013175323598e-05,4.6238262186245594e-06,2.1129536563445826e-29,1.4667720456759925e+19,2.6922644830323507e+18,804.6067786826609,8.637213059229007e-20,-586716.9507222362,5.234456921228137e+21,5.569350974873056e+21,0.0,0.0,0.0,0.0,0.3333333333333333,0.3333333333333333,2.0,1.0809044845085196e-17,2.9228774848067563e-24,0.0,8.162871712568798e-19,,0.0,0.0,0.0,0.0,0.0,1.0809044845085196e-17,8.162871712568798e-19,2.514231404916419e-07,17.0,1.976306442778153e-16,8.552344067970446e-19,3.568671296051523e-21,,,8.552344067970446e-19,3.568671296051523e-21,10.0,,1.7841241161527714e-07,4.035976381050727,9252728005097.021,5.470232218572101e-05,0.002846789363692181,5.470232218572101e-05,0.002846789363692181,0.04291958336627322,0.002901491685877902,False,False,1.0,1.4481708495964616,1.319014947887627e-08,0.2141057408343737,0.6837488280990479,1.0,1.5404556405769438,3.953745203333406e-07,0.24518646905700478,0.6395901609036904,0.19822590037624896,0.2446566565769914,0.007788990918981424,0.014644384037885788,True,AP3.8,119.0,8.3,6.863735268152632e+19,$(U_{0.8}Pu_{0.2})N$
RHO_1p0e13_AP3p8,rizk2025_refit_plot,rizk2025_refit_full,1775.0,1.1,10000000000000.0,1.4659347318999945e+22,6.654416093373767e+25,1.432313828986015e+25,8.238743447029286e+22,3.8167213195973606e+18,2.8184682762367577,103.09317393828262,0.7726610879199955,1.7517365498524389,2.5243976377724344,2.457498002912041,4.981895640684476,1614348972585.6753,4.0358724314641875e+17,366.3074570334347,0.5,6063825.89744812,6060482.682986631,1.0005516416160836,787673641.1967714,787661872.4849238,21534506.250481773,21533918.446715176,1.0000149413247723,1.0000272966468249,0.01622224021914089,73.63870575937113,15.850186572012895,10.4948854283968,6.590449345179709,3.9044360832170923,9.483780815084481e+24,5.955508279631526e+24,3.528272535452955e+24,9.036573938600132e+25,8.683746685054834e+25,1.0452121932549,1.8037624857946344e+16,0.0012396709195838186,2.66474886955995e-07,2.839483087426385e-07,2.839483087426385e-07,0.018943834142080267,0.018943834142080267,1.4159908260258703e+20,6.094576226724868e-05,1.8080532706453782e-17,1.4464755034747645e-18,1.4464755034747646e-17,1.4424583518951984e-12,1.6472964643566316e+19,10000000000000.0,10000000000000.0,0.0,0.056655559858454156,0.004498121696278468,1.2263975565041071e-05,4.601428302303875e-06,1.2263975565041071e-05,4.601428302303875e-06,2.2649309722458677e-29,1.5852288087612086e+19,2.8638027612379796e+18,1085.2571953787667,1.0894422290107693e-19,-568423.8021403385,5.706917179026217e+21,6.080882048101572e+21,0.0,0.0,0.0,0.0,0.3333333333333333,0.3333333333333333,2.0,1.7264245535196902e-17,1.713388417816599e-24,0.0,8.162871712568798e-19,,0.0,0.0,0.0,0.0,0.0,1.7264245535196902e-17,8.162871712568798e-19,9.47642663871851e-08,17.0,3.0736905600971428e-16,1.4424583518951983e-18,4.0171515795662504e-21,,,1.4424583518951983e-18,4.0171515795662504e-21,10.0,,1.7841241161527714e-07,4.035976381050727,9213047407145.873,8.958254990939772e-05,0.00440853914636907,8.958254990939772e-05,0.00440853914636907,0.056655559858454156,0.004498121696278468,False,False,1.0,1.4433009059148385,1.4259434871395305e-08,0.2123805233845617,0.6862189783609792,1.0,1.5884358809624473,3.969539808071852e-07,0.2602383320106617,0.6184546910094949,0.1976953011572464,0.25971055313003694,0.007726610879199956,0.01751736549852439,True,AP3.8,119.0,8.3,6.863735268152632e+19,$(U_{0.8}Pu_{0.2})N$
RHO_1p0e13_AP3p8,rizk2025_refit_plot,rizk2025_refit_full,1800.0,1.1,10000000000000.0,1.0488513520435231e+22,6.426562528107063e+25,1.5912160939344033e+25,6.492675520341513e+22,3.7624183361891333e+18,3.0413010278965382,109.92281099056315,0.7650512595408686,2.0932406934908037,2.858291953031672,2.632831438162146,5.491123391193818,1406493270207.2017,3.516233175518004e+17,392.44214553503133,0.5,5660280.067900462,5656884.779725658,1.0006002045837972,729961944.4989713,729950761.0844507,20196451.654513575,20195990.076987628,1.0000153207793139,1.0000228549095236,0.011606736791731515,71.11724611310612,17.60862141721048,11.262525732891687,6.509893372507454,4.752632360384233,1.0177464652066236e+25,5.882713279306658e+24,4.294751372759578e+24,9.036573938600132e+25,8.607098801324176e+25,1.0543681869819679,1.431730165599222e+16,0.001011350303849123,2.3645126001783758e-07,3.1861991739516193e-07,3.1861991739516193e-07,0.022812688527502126,0.022812688527502126,1.4001250653825265e+20,6.681656101006401e-05,2.80344615729556e-17,2.4023187514376478e-18,2.4023187514376478e-17,2.3978131732901632e-12,1.6472964643566316e+19,10000000000000.0,10000000000000.0,0.0,0.07432146513890982,0.006951739180488007,1.1907643947315045e-05,4.580230466329359e-06,1.1907643947315045e-05,4.580230466329359e-06,2.540905644315847e-29,1.7136571452178663e+19,3.1788108203359237e+18,1474.9075971623581,1.3806046376961098e-19,-546844.7062877432,6.216728540714763e+21,6.632495262417897e+21,0.0,0.0,0.0,0.0,0.3333333333333333,0.3333333333333333,2.0,2.721817440169872e-17,1.0037403008245757e-24,0.0,8.162871712568798e-19,,0.0,0.0,0.0,0.0,0.0,2.721817440169872e-17,8.162871712568798e-19,3.580380162509945e-08,17.0,4.765858467402452e-16,2.397813173290163e-18,4.50557814748474e-21,,,2.397813173290163e-18,4.50557814748474e-21,10.0,,1.7841241161527714e-07,4.035976381050727,9172851839647.273,0.0001459769543650448,0.006805762226122961,0.0001459769543650448,0.006805762226122961,0.07432146513890982,0.006951739180488007,False,False,1.0,1.4383140491505466,1.5437728283529914e-08,0.21060446471665273,0.6887639034703984,1.0,1.6415818819051882,3.988545954728099e-07,0.2761213732266144,0.5963441028501627,0.1970441344717499,0.27559609290810944,0.007650512595408686,0.020932406934908037,True,AP3.8,119.0,8.3,6.863735268152632e+19,$(U_{0.8}Pu_{0.2})N$
RHO_1p0e13_AP3p4,rizk2025_refit_plot,rizk2025_refit_full,900.0,1.3,10000000000000.0,1.5943674293370916e+23,9.32848003093348e+25,6.55411254795869e+24,4.490682653278138e+23,4.081145881145898e+18,1.6724999808635062,40.70123784893663,0.8800337727139739,0.1152639719761261,0.9952977446901,0.05778526485702098,1.053083009547121,8588524554541.49,2.1471311386353723e+18,60.11460872302812,0.07164067581682536,1338803020567.0454,36929459.363670185,36252.981864232475,1330619418.9389575,1327354275.2770746,136750410.4996457,54543795.65161064,1.0024598886090161,2.5071671097683788,0.14929110763464695,87.34869332753408,6.137046604456294,6.364968960374978,6.364968960374978,0.0,6.797524219592768e+24,6.797524219592768e+24,0.0,1.0679587381981997e+26,1.0679587381981997e+26,1.0028873701129728,1.0526320904273997e+17,0.004837423287319593,6.226978846104593e-07,9.388360323190333e-08,9.388360323190333e-08,0.0012349276642598399,0.0012349276642598399,1.1493871713813129e+20,6.911396493611365e-06,8.917422879279335e-19,5.811156342883063e-25,5.8111563428830635e-24,5.119872410101689e-28,1.7995675661038836e+19,10000000000000.0,10000000000000.0,0.0,0.009470513374967786,0.0002300348244425734,1.6009320680251283e-05,5.585014971779081e-06,1.6009320680251283e-05,5.585014971779081e-06,1.2213374730718367e-29,5.591773942164549e+18,1.498892898363506e+18,0.00021712599552510973,1.0937013009817422e-21,-147295.73105082038,2.1108498665778258e+21,0.0,0.0,0.0,0.0,0.0,0.3333333333333333,0.3333333333333333,2.0,2.4966082885114063e-31,1.092543251978497e-24,0.0,8.91742287927684e-19,,0.0,0.0,0.0,0.0,0.0,2.4966082885114063e-31,8.91742287927684e-19,1.2251782457431146e-06,17.0,1.515961889477487e-17,5.119872410101689e-34,5.811156337763191e-25,,,5.119872410101689e-34,5.811156337763191e-25,10.0,,1.7841241161527714e-07,4.035976381050727,9667792908257.316,1.870954338922048e-06,0.00022816387010365135,1.870954338922048e-06,0.00022816387010365135,0.009470513374967786,0.0002300348244425734,False,False,1.0,1.5012946203969402,8.101628141212333e-09,0.23235793915210592,0.6577356184560671,1.0,1.185548471505839,3.881888353150611e-07,0.1053873909083928,0.8425041562799218,0.20645866418635672,0.10484905657646121,0.00880033772713974,0.001152639719761261,True,AP3.4,130.0,8.3,7.498198192099515e+19,$(U_{0.8}Pu_{0.2})N$
RHO_1p0e13_AP3p4,rizk2025_refit_plot,rizk2025_refit_full,925.0,1.3,10000000000000.0,1.5933455808925847e+23,9.325885377905732e+25,6.583789820302482e+24,4.4856021362311956e+23,4.078840837103728e+18,1.6746319370636924,42.307177493144664,0.8824039987091326,0.1293801128513677,1.0117841115605004,0.057764836800614186,1.0695489483611145,8588812295468.887,2.1472030738672215e+18,60.10685280381212,0.07162459056532498,518814717046.1315,36934224.575790845,14046.990914388853,1327713987.8792837,1325664434.5936449,114524662.1107809,52473365.78668532,1.0015460573823625,2.182529372641093,0.1491954252446858,87.32439788488313,6.16483538625311,6.3615713036190815,6.3615713036190815,0.0,6.79389566237091e+24,6.79389566237091e+24,0.0,1.0679587381981997e+26,1.0679587381981997e+26,1.0032417954759272,1.0512835395569442e+17,0.0048332749008166845,6.195409000313765e-07,1.093187486015899e-07,1.093187486015899e-07,0.0013849410795340003,0.0013849410795340003,1.3429857724263232e+20,7.3338958047390115e-06,8.917422879291166e-19,9.880133285659924e-25,9.880133285659924e-24,3.600113810511962e-27,1.7995675661038836e+19,10000000000000.0,10000000000000.0,0.0,0.009470511071500713,0.00022980242807430607,1.6003378317232158e-05,5.550731347363004e-06,1.6003378317232158e-05,5.550731347363004e-06,1.4262678068037795e-29,5.775589724559134e+18,1.7856723785192607e+18,0.0005755466562030289,1.0934567091983114e-21,-147275.54122159167,2.1097962009599756e+21,0.0,0.0,0.0,0.0,0.0,0.3333333333333333,0.3333333333333333,2.0,1.4326320272288242e-30,7.793235501843722e-24,0.0,8.91742287927684e-19,,0.0,0.0,0.0,0.0,0.0,1.4326320272288242e-30,8.91742287927684e-19,8.739336024920236e-06,17.0,1.5159618894794982e-17,3.600113810511962e-33,9.880133249658786e-25,,,3.600113810511962e-33,9.880133249658786e-25,10.0,,1.7841241161527714e-07,4.035976381050727,9654880454669.014,1.943297160692812e-06,0.00022785913091361327,1.943297160692812e-06,0.00022785913091361327,0.009470511071500713,0.00022980242807430607,False,False,1.0,1.5018195993620027,8.104685935205175e-09,0.23253331320617554,0.6574867708207893,1.0,1.1940285960818438,3.8826193877102805e-07,0.10950355962600103,0.8364011907717881,0.20664385216169184,0.10896553994455001,0.008824039987091326,0.001293801128513677,True,AP3.4,130.0,8.3,7.498198192099515e+19,$(U_{0.8}Pu_{0.2})N$
RHO_1p0e13_AP3p4,rizk2025_refit_plot,rizk2025_refit_full,950.0,1.3,10000000000000.0,1.5923443445808888e+23,9.323461861975066e+25,6.611699439195441e+24,4.4806180927356046e+23,4.0763052419760676e+18,1.676745199794785,43.94551344242558,0.8847646300636305,0.1449101932448597,1.0296748233084903,0.05775984397380935,1.0874346672822994,8588873045188.252,2.1472182612970632e+18,60.1049792923472,0.0716206321814481,211487223208.93024,36935375.839696184,5725.871698904847,1325323247.6975465,1323993651.6721225,97756073.55865005,50517102.341027215,1.0010042314204035,1.9351084885812608,0.14910167290427373,87.30170491141905,6.190968997875641,6.358224417801039,6.358224417801039,0.0,6.790321326415781e+24,6.790321326415781e+24,0.0,1.0679587381981997e+26,1.0679587381981997e+26,1.0036319330471961,1.0499630349679786e+17,0.004829139640323191,6.165421414240624e-07,1.250394188436123e-07,1.250394188436123e-07,0.001549612158850054,0.001549612158850054,1.5475706829682917e+20,7.805015252146328e-06,8.917422879351825e-19,1.625942817432566e-24,1.625942817432566e-23,2.2845010932250072e-26,1.7995675661038836e+19,10000000000000.0,10000000000000.0,0.0,0.00947059450603764,0.0002295659067358879,1.5997492178388343e-05,5.51824950986277e-06,1.5997492178388343e-05,5.51824950986277e-06,1.6358638339028826e-29,5.962860803896057e+18,2.0792747238301583e+18,0.0014493874773567421,1.0934750664415064e-21,-147280.80970943352,2.108763943263015e+21,0.0,0.0,0.0,0.0,0.0,0.3333333333333333,0.3333333333333333,2.0,7.498646671560408e-30,4.074114265943587e-23,0.0,8.91742287927684e-19,,0.0,0.0,0.0,0.0,0.0,7.498646671560408e-30,8.91742287927684e-19,4.568712643848196e-05,17.0,1.5159618894898104e-17,2.284501093225007e-32,1.6259427945875551e-24,,,2.284501093225007e-32,1.6259427945875551e-24,10.0,,1.7841241161527714e-07,4.035976381050727,9641738833388.902,2.016923462403012e-06,0.0002275489832734849,2.016923462403012e-06,0.0002275489832734849,0.00947059450603764,0.0002295659067358879,False,False,1.0,1.5023421588078525,8.107690161797472e-09,0.23270778511810652,0.6572392245734228,1.0,1.2027792380390765,3.8834241828979097e-07,0.11369947586676281,0.8301857152126546,0.20682796117972665,0.11316174744092146,0.008847646300636305,0.001449101932448597,True,AP3.4,130.0,8.3,7.498198192099515e+19,$(U_{0.8}Pu_{0.2})N$
RHO_1p0e13_AP3p4,rizk2025_refit_plot,rizk2025_refit_full,975.0,1.3,10000000000000.0,1.5913582014324033e+23,9.321251974837685e+25,6.637415796862956e+24,4.475732520549065e+23,4.0735691177463465e+18,1.678850273224983,45.58857761978143,0.8871327875690387,0.1616708887082598,1.0488036762772985,0.057788960040831006,1.1065926363181293,8588432833664.452,2.147108208416113e+18,60.11610407846924,0.07164347487321815,90330348648.75493,36928540.76342415,2446.084973339173,1323222941.6798685,1322333525.1543887,84889317.19171728,48696408.52836601,1.0006726113409066,1.7432356873355177,0.14900933383599202,87.28101228483771,6.215048914774773,6.354929466551527,6.354929466551527,0.0,6.786802454436927e+24,6.786802454436927e+24,0.0,1.0679587381981997e+26,1.0679587381981997e+26,1.0040532339980641,1.0486632485446608e+17,0.004824997804479817,6.137410982446915e-07,1.405251151668303e-07,1.405251151668303e-07,0.0017269761127234478,0.0017269761127234478,1.7586278428497874e+20,8.322969745664833e-06,8.91742287963739e-19,2.5973524524958523e-24,2.5973524524958523e-23,1.3186026336093777e-25,1.7995675661038836e+19,10000000000000.0,10000000000000.0,0.0,0.009470821598798916,0.00022932931756157362,1.5991632924698105e-05,5.487941045525719e-06,1.5991632924698105e-05,5.487941045525719e-06,1.8431763915902918e-29,6.153850191776308e+18,2.3697794018843433e+18,0.003481507417475874,1.094069682881752e-21,-147341.7068133983,2.107747527501386e+21,0.0,0.0,0.0,0.0,0.0,0.3333333333333333,0.3333333333333333,2.0,3.605513394506346e-29,1.6237393506057197e-22,0.0,8.91742287927684e-19,,0.0,0.0,0.0,0.0,0.0,3.605513394506346e-29,8.91742287927684e-19,0.00018208616688050863,17.0,1.5159618895383565e-17,1.3186026336093777e-31,2.597352320635589e-24,,,1.3186026336093777e-31,2.597352320635589e-24,10.0,,1.7841241161527714e-07,4.035976381050727,9628593468808.57,2.090570265907749e-06,0.00022723874729566588,2.090570265907749e-06,0.00022723874729566588,0.009470821598798916,0.00022932931756157362,False,False,1.0,1.502866316203517,8.11063936265889e-09,0.2328826965509337,0.6569910760515275,1.0,1.2116565835712885,3.8842933818823245e-07,0.11790390847458083,0.8239636479544291,0.20701232841919898,0.11736644277615536,0.008871327875690387,0.001616708887082598,True,AP3.4,130.0,8.3,7.498198192099515e+19,$(U_{0.8}Pu_{0.2})N$
RHO_1p0e13_AP3p4,rizk2025_refit_plot,rizk2025_refit_full,1000.0,1.3,10000000000000.0,1.5903834453560636e+23,9.319278240774396e+25,6.660711319379039e+24,4.470948742356477e+23,4.0706690920845466e+18,1.680952636848726,47.21212526074651,0.8895179789800127,0.17943826487742123,1.068956243857434,0.057890890042431434,1.1268471338998653,8586927609184.07,2.1467319022960174e+18,60.15494270919243,0.07172350419613473,40283917787.746826,36904698.10157023,1091.5661110917695,1321291939.4871523,1320679685.6345837,74873296.72527868,47021818.81750133,1.0004635899675207,1.592309668323828,0.14891806101416144,87.26253091479322,6.236862044517393,6.351688979675211,6.351688979675211,0.0,6.783341748161349e+24,6.783341748161349e+24,0.0,1.0679587381981997e+26,1.0679587381981995e+26,1.0045001212881117,1.0473792591867546e+17,0.004820841565053257,6.111590984527376e-07,1.5520786131829676e-07,1.5520786131829676e-07,0.0019146577424375133,0.0019146577424375133,1.9710761777204403e+20,8.883270899678594e-06,8.917422880879538e-19,4.0377712245259814e-24,4.0377712245259814e-23,6.972208708889678e-25,1.7995675661038836e+19,10000000000000.0,10000000000000.0,0.0,0.009471227699475738,0.0002290961876383825,1.598578526325802e-05,5.459998459932997e-06,1.598578526325802e-05,5.459998459932997e-06,2.0405675092920222e-29,6.347676110669088e+18,2.646335744465462e+18,0.008006325072449525,1.0958937621811652e-21,-147521.28731693677,2.1067432104221118e+21,0.0,0.0,0.0,0.0,0.0,0.3333333333333333,0.3333333333333333,2.0,1.6026995865756309e-28,5.104196168274582e-22,0.0,8.91742287927684e-19,,0.0,0.0,0.0,0.0,0.0,1.6026995865756309e-28,8.91742287927684e-19,0.0005723846717215622,17.0,1.5159618897495216e-17,6.972208708889678e-31,4.0377705273051104e-24,,,6.972208708889678e-31,4.0377705273051104e-24,10.0,,1.7841241161527714e-07,4.035976381050727,9615640332385.838,2.1631396330046224e-06,0.00022693304800537788,2.1631396330046224e-06,0.00022693304800537788,0.009471227699475738,0.0002290961876383825,False,False,1.0,1.5033943049825371,8.113531275912938e-09,0.2330587914290676,0.6567412701563622,1.0,1.2205288183624396,3.885215506739423e-07,0.12205460357018705,0.8178272382697325,0.20719769043585115,0.12151736780912811,0.008895179789800128,0.0017943826487742123,True,AP3.4,130.0,8.3,7.498198192099515e+19,$(U_{0.8}Pu_{0.2})N$
RHO_1p0e13_AP3p4,rizk2025_refit_plot,rizk2025_refit_full,1025.0,1.3,10000000000000.0,1.5894173541951963e+23,9.317548616992419e+25,6.681504826514811e+24,4.466268911243645e+23,4.067647028295328e+18,1.6830550777802986,48.79541376750511,0.8919252581684075,0.19795609777107895,1.0898813559394864,0.05814264114226374,1.14802399708175,8583246871325.2295,2.1458117178313073e+18,60.25062548063743,0.07192101147787228,18698018922.96439,36846090.51425425,507.46276367450406,1319462862.422787,1319029917.266791,66982231.424960844,45496079.00811347,1.000328229974414,1.4722638276809672,0.14882759954535066,87.24633530984977,6.256332372716452,6.348504717888461,6.348504717888461,0.0,6.779941087961478e+24,6.779941087961478e+24,0.0,1.0679587381981997e+26,1.0679587381981999e+26,1.0049661937701646,1.046107454112478e+17,0.004816669429303955,6.088047113307369e-07,1.6849824695683155e-07,1.6849824695683155e-07,0.00210995602933938,0.00210995602933938,2.1794372954574032e+20,9.480459300634923e-06,8.917422885901033e-19,6.1223709373710644e-24,6.122370937371064e-23,3.398959714178951e-24,1.7995675661038836e+19,10000000000000.0,10000000000000.0,0.0,0.009471832121904177,0.00022886950313634623,1.597994142095439e-05,5.434484178489e-06,1.597994142095439e-05,5.434484178489e-06,2.2200669282838403e-29,6.542821609057048e+18,2.8976826050009677e+18,0.0176887551222802,1.1002492521701925e-21,-147945.14034711974,2.1057482301378826e+21,0.0,0.0,0.0,0.0,0.0,0.3333333333333333,0.3333333333333333,2.0,6.624193185834588e-28,1.30323517274453e-21,0.0,8.91742287927684e-19,,0.0,0.0,0.0,0.0,0.0,6.624193185834588e-28,8.91742287927684e-19,0.0014614482114614314,17.0,1.5159618906031757e-17,3.398959714178951e-30,6.1223675384113506e-24,,,3.398959714178951e-30,6.1223675384113506e-24,10.0,,1.7841241161527714e-07,4.035976381050727,9603045336676.578,2.2337020578456426e-06,0.0002266358010785006,2.2337020578456426e-06,0.0002266358010785006,0.009471832121904177,0.00022886950313634623,False,False,1.0,1.5039273054856404,8.116364341945649e-09,0.23323646111464477,0.6564892522327166,1.0,1.2292775984190147,3.8861773783431606e-07,0.12609848416829902,0.8118548088831488,0.20738443330394096,0.12556144201194364,0.008919252581684075,0.0019795609777107895,True,AP3.4,130.0,8.3,7.498198192099515e+19,$(U_{0.8}Pu_{0.2})N$
RHO_1p0e13_AP3p4,rizk2025_refit_plot,rizk2025_refit_full,1050.0,1.3,10000000000000.0,1.5884577942736042e+23,9.316060952839024e+25,6.699817683617976e+24,4.4616933583246426e+23,4.0645483640341304e+18,1.6851589205292317,50.32111407188241,0.8943570181857674,0.21694600013417034,1.111303018319938,0.05869183585908227,1.1699948541790202,8575303908253.717,2.1438259770634289e+18,60.458388520600664,0.07235086332983248,9006741505.7805,36719470.272409834,245.28516993743122,1317697205.951863,1317383169.5961347,60704688.44705642,44116670.32706763,1.0002383789037055,1.3760034018209046,0.14873774963942535,87.23240533203148,6.2734799051520795,6.345377013177036,6.345377013177036,0.0,6.776600828384409e+24,6.776600828384409e+24,0.0,1.0679587381981997e+26,1.0679587381981999e+26,1.0054444766199209,1.0448450050299773e+17,0.004812483192459531,6.066780307364466e-07,1.798197710010373e-07,1.798197710010373e-07,0.0023099472775290207,0.0023099472775290207,2.378056856284822e+20,1.0113248396804917e-05,8.917422904866655e-19,9.072820167908718e-24,9.072820167908718e-23,1.5366002896313798e-23,1.7995675661038836e+19,10000000000000.0,10000000000000.0,0.0,0.009472642965787577,0.00022865172508651849,1.597409770807005e-05,5.411371300517001e-06,1.597409770807005e-05,5.411371300517001e-06,2.373841031381031e-29,6.73771204391518e+18,3.112813762701809e+18,0.03767506428214351,1.1096313647201498e-21,-148852.9436585474,2.1047604092033586e+21,0.0,0.0,0.0,0.0,0.0,0.3333333333333333,0.3333333333333333,2.0,2.558981501392922e-27,2.7724222720096643e-21,0.0,8.91742287927684e-19,,0.0,0.0,0.0,0.0,0.0,2.558981501392922e-27,8.91742287927684e-19,0.003108994943479269,17.0,1.5159618938273313e-17,1.5366002896313797e-29,9.072804801905822e-24,,,1.5366002896313797e-29,9.072804801905822e-24,10.0,,1.7841241161527714e-07,4.035976381050727,9590945204765.97,2.301491593053609e-06,0.00022635023349346488,2.301491593053609e-06,0.00022635023349346488,0.009472642965787577,0.00022865172508651849,False,False,1.0,1.504465863470634,8.119138104412594e-09,0.23341588473569239,0.6562347688316108,1.0,1.2377987929326584,3.8871646316113064e-07,0.12999140679771556,0.8061111719801478,0.20757273441342675,0.12945451912005837,0.008943570181857674,0.0021694600013417034,True,AP3.4,130.0,8.3,7.498198192099515e+19,$(U_{0.8}Pu_{0.2})N$
RHO_1p0e13_AP3p4,rizk2025_refit_plot,rizk2025_refit_full,1075.0,1.3,10000000000000.0,1.5875030267398993e+23,9.314806388167375e+25,6.715739832937409e+24,4.4572206465073355e+23,4.0614201726430705e+18,1.687264694501432,51.77518258532329,0.8968140432144398,0.23611927888850542,1.1329333221029452,0.059811937605599635,1.1927452597085448,8559347322171.962,2.1398368305429906e+18,60.878356080126466,0.07322300461809622,4490489528.794992,36466162.08029822,123.14127049912649,1315972410.3367958,1315739022.5935984,55673237.90815616,42877685.58501044,1.000177381486138,1.298419845860778,0.14864834847629466,87.22065801795672,6.288388860666874,6.342304772900128,6.342304772900128,0.0,6.77331980253484e+24,6.77331980253484e+24,0.0,1.0679587381981997e+26,1.0679587381981999e+26,1.0059277167872327,1.0435896129495013e+17,0.004808286212956554,6.047737498100486e-07,1.886510862086371e-07,1.886510862086371e-07,0.0025116065062186807,0.0025116065062186807,2.5613768477946436e+20,1.0778309315202758e-05,8.917422972109765e-19,1.3164266191182678e-23,1.3164266191182677e-22,6.475908336901747e-23,1.7995675661038836e+19,10000000000000.0,10000000000000.0,0.0,0.009473660595154247,0.00022844481314533355,1.5968252655337644e-05,5.390574273202201e-06,1.5968252655337644e-05,5.390574273202201e-06,2.494768625221004e-29,6.931142536209417e+18,3.281782527274514e+18,0.07763803279731028,1.128656150402663e-21,-150682.52976734124,2.1037779653445508e+21,0.0,0.0,0.0,0.0,0.0,0.3333333333333333,0.3333333333333333,2.0,9.283292620781236e-27,5.0239680634734576e-21,0.0,8.91742287927684e-19,,0.0,0.0,0.0,0.0,0.0,9.283292620781236e-27,8.91742287927684e-19,0.005633878845027849,17.0,1.51596190525866e-17,6.475908336901747e-29,1.3164201432099309e-23,,,6.475908336901747e-29,1.3164201432099309e-23,10.0,,1.7841241161527714e-07,4.035976381050727,9579448767046.883,2.36589858405363e-06,0.00022607891456127992,2.36589858405363e-06,0.00022607891456127992,0.009473660595154247,0.00022844481314533355,False,False,1.0,1.5050101378072995,8.12185318518508e-09,0.23359711220824453,0.6559777498428662,1.0,1.2460030625017777,3.888162323476595e-07,0.1336978053020424,0.8006482230767918,0.2077626455493704,0.13316103111599012,0.008968140432144398,0.0023611927888850543,True,AP3.4,130.0,8.3,7.498198192099515e+19,$(U_{0.8}Pu_{0.2})N$
RHO_1p0e13_AP3p4,rizk2025_refit_plot,rizk2025_refit_full,1100.0,1.3,10000000000000.0,1.5865516075949484e+23,9.313771781549561e+25,6.729405234280244e+24,4.452847810557977e+23,4.058308986876546e+18,1.6893725078205235,53.14676165642378,0.8992961382475027,0.2551902871848212,1.1544864254323237,0.061993819488563584,1.2164802449208874,8528880335423.896,2.132220083855974e+18,61.683068053911605,0.07490400132079457,2311560828.5167704,35990427.682029344,64.22710085412443,1314274946.6864326,1314097388.0675046,51618887.71443007,41771124.53909356,1.0001351183105152,1.2357552803281606,0.14855926084482343,87.21097031579363,6.301184674638011,6.339285748723544,6.339285748723544,0.0,6.770095609284625e+24,6.770095609284625e+24,0.0,1.0679587381981997e+26,1.0679587381981997e+26,1.0064087179863963,1.0423393810271221e+17,0.004804082399261842,6.03083172064363e-07,1.9457462572976896e-07,1.9457462572976896e-07,0.002711944989399901,0.002711944989399901,2.7242520051504117e+20,1.147170863084722e-05,8.91742319689036e-19,1.8732291689893137e-23,1.8732291689893138e-22,2.556484784617257e-22,1.7995675661038836e+19,10000000000000.0,10000000000000.0,0.0,0.009474880066794906,0.00022825024778598413,1.596240597085274e-05,5.371970328664739e-06,1.596240597085274e-05,5.371970328664739e-06,2.5771029847117827e-29,7.12243915400401e+18,3.396617783070751e+18,0.15543166516927673,1.165596413041526e-21,-154194.00601064062,2.102799421831444e+21,0.0,0.0,0.0,0.0,0.0,0.3333333333333333,0.3333333333333333,2.0,3.1761352235744896e-26,7.906038402206534e-21,0.0,8.91742287927684e-19,,0.0,0.0,0.0,0.0,0.0,3.1761352235744896e-26,8.91742287927684e-19,0.00886583290671176,17.0,1.5159619434713612e-17,2.556484784617257e-28,1.8732036041414675e-23,,,2.556484784617257e-28,1.8732036041414675e-23,10.0,,1.7841241161527714e-07,4.035976381050727,9568638122485.041,2.426463171992158e-06,0.00022582378461399196,2.426463171992158e-06,0.00022582378461399196,0.009474880066794906,0.00022825024778598413,False,False,1.0,1.505560049903828,8.12451114527418e-09,0.23378011430236328,0.6557182374200013,1.0,1.2538165691836578,3.889155622358138e-07,0.13719039765123492,0.7955054478365079,0.20795414255392103,0.1366536953383395,0.008992961382475026,0.0025519028718482117,True,AP3.4,130.0,8.3,7.498198192099515e+19,$(U_{0.8}Pu_{0.2})N$
RHO_1p0e13_AP3p4,rizk2025_refit_plot,rizk2025_refit_full,1125.0,1.3,10000000000000.0,1.585602324192582e+23,9.312941344399444e+25,6.740975157301484e+24,4.448570560206155e+23,4.055258457401389e+18,1.691482265654653,54.428134354040544,0.9018025086662823,0.27389083023921357,1.175693338905496,0.06609330888578915,1.2417866477912851,8473164575029.868,2.1182911437574671e+18,63.151614822685886,0.07800018365582999,1225804107.268557,35153495.38144371,34.87004902265326,1312596518.639784,1312458336.1450706,48340933.71090248,40787729.11008653,1.0001052852428973,1.185183258926472,0.14847037319697592,87.20319438662693,6.312018354449237,6.336316885726851,6.336316885726851,0.0,6.766924986104794e+24,6.766924986104794e+24,0.0,1.0679587381981997e+26,1.0679587381981997e+26,1.0068807044027694,1.0410927467597141e+17,0.00479987557342273,6.015953849614165e-07,1.9732829632412334e-07,1.9732829632412334e-07,0.002908159586716406,0.002908159586716406,2.862295984130368e+20,1.2191037963564378e-05,8.917423908131057e-19,2.617975259794079e-23,2.617975259794079e-22,9.494708146321283e-22,1.7995675661038836e+19,10000000000000.0,10000000000000.0,0.0,0.00947629279937256,0.00022806904836142949,1.5956557930352764e-05,5.355413492264415e-06,1.5956557930352764e-05,5.355413492264415e-06,2.6171753593392797e-29,7.311402721365435e+18,3.4522901782104806e+18,0.3038053288220056,1.2348529688677506e-21,-160626.4142120918,2.1018235724482426e+21,0.0,0.0,0.0,0.0,0.0,0.3333333333333333,0.3333333333333333,2.0,1.028854216590493e-25,1.098777627543975e-20,0.0,8.91742287927684e-19,,0.0,0.0,0.0,0.0,0.0,1.028854216590493e-25,8.91742287927684e-19,0.012321693337266282,17.0,1.5159620643822797e-17,9.494708146321284e-28,2.617880312712616e-23,,,9.494708146321284e-28,2.617880312712616e-23,10.0,,1.7841241161527714e-07,4.035976381050727,9558569437282.162,2.482870855837454e-06,0.00022558617750559204,2.482870855837454e-06,0.00022558617750559204,0.00947629279937256,0.00022806904836142949,False,False,1.0,1.5061153742125293,8.127114366726212e-09,0.2339648129573771,0.6554563429459367,1.0,1.2611819177162014,3.8901305569211595e-07,0.14045002398491874,0.7907102373028815,0.20814715522503874,0.13991335288774479,0.009018025086662823,0.0027389083023921356,True,AP3.4,130.0,8.3,7.498198192099515e+19,$(U_{0.8}Pu_{0.2})N$
RHO_1p0e13_AP3p4,rizk2025_refit_plot,rizk2025_refit_full,1150.0,1.3,10000000000000.0,1.5846541230314918e+23,9.312297672188202e+25,6.750627490957625e+24,4.4443833515989226e+23,4.0523069612143964e+18,1.6935938081434263,55.61472879684658,0.904331988134455,0.29198491591360565,1.1963169040480608,0.07356103778046735,1.2698779418285282,8375838987253.539,2.0939597468133847e+18,65.69823238309816,0.08344815769994757,668330605.5583508,33790863.45968614,19.778441185905063,1310931916.1423407,1310821986.5503864,45686593.40162232,39917483.15647413,1.000083863097417,1.1445259016590206,0.14838158688649636,87.19716726040735,6.321056469229239,6.333394683476906,6.333394683476906,0.0,6.763804194677184e+24,6.763804194677184e+24,0.0,1.0679587381981997e+26,1.0679587381981999e+26,1.0073376952720436,1.0398484317623165e+17,0.004795669007974779,6.00297828789791e-07,1.9685427681753758e-07,1.9685427681753758e-07,0.0030977865421818046,0.0030977865421818046,2.972232067676541e+20,1.2933626722845805e-05,8.917426046035813e-19,3.5983582073279434e-23,3.5983582073279434e-22,3.330768464716398e-21,1.7995675661038836e+19,10000000000000.0,10000000000000.0,0.0,0.009477887821285514,0.0002279017911626832,1.595070899187352e-05,5.3407431104747716e-06,1.595070899187352e-05,5.3407431104747716e-06,2.614059517391047e-29,7.498156944769848e+18,3.4476182487857736e+18,0.5832662758783852,1.3608140475825095e-21,-171838.92293064465,2.100849479620766e+21,0.0,0.0,0.0,0.0,0.0,0.3333333333333333,0.3333333333333333,2.0,3.1667589742037936e-25,1.3686836891524853e-20,0.0,8.91742287927684e-19,,0.0,0.0,0.0,0.0,0.0,3.1667589742037936e-25,8.91742287927684e-19,0.015348416483486569,17.0,1.515962427826088e-17,3.330768464716398e-27,3.5980251304814716e-23,,,3.330768464716398e-27,3.5980251304814716e-23,10.0,,1.7841241161527714e-07,4.035976381050727,9549273393508.428,2.534950090274902e-06,0.0002253668410724083,2.534950090274902e-06,0.0002253668410724083,0.009477887821285514,0.0002279017911626832,False,False,1.0,1.5066757923674092,8.129666013542507e-09,0.23415109941400122,0.6551922212936852,1.0,1.2680592718194759,3.8910747874752805e-07,0.14346560638646125,0.7862780222495788,0.20834158525075885,0.14292892875876564,0.00904331988134455,0.0029198491591360563,True,AP3.4,130.0,8.3,7.498198192099515e+19,$(U_{0.8}Pu_{0.2})N$
RHO_1p0e13_AP3p4,rizk2025_refit_plot,rizk2025_refit_full,1175.0,1.3,10000000000000.0,1.5837059646352362e+23,9.311822347231362e+25,6.758550322241322e+24,4.440279259061502e+23,4.049485329544397e+18,1.6957070148327884,56.705142083686745,0.9068831742300859,0.30928279979100237,1.2161659740210884,0.08678005195832822,1.3029460259794168,8214700235424.343,2.0536750588560855e+18,69.869865045642,0.09256623334054702,374146611.7048815,31773354.629349872,11.77548345365058,1309277759.2854035,1309188427.352771,43536990.232698716,39149888.67717981,1.0000682345877538,1.1120591067753434,0.1482928045803695,87.19271648024295,6.328475137198624,6.3305155779780655,6.3305155779780655,0.0,6.760729428801502e+24,6.760729428801502e+24,0.0,1.0679587381981997e+26,1.0679587381981997e+26,1.0077748635829078,1.0386053678640864e+17,0.004791464970661859,5.991764737374716e-07,1.9333567611360794e-07,1.9333567611360794e-07,0.0032788486570560645,0.0032788486570560645,3.052208451464822e+20,1.3696764432895762e-05,8.917432171060875e-19,4.870212253929045e-23,4.870212253929045e-22,1.1076769180051558e-20,1.7995675661038836e+19,10000000000000.0,10000000000000.0,0.0,0.009479653078973884,0.0002277486406171208,1.5944859504728053e-05,5.3277886893443265e-06,1.5944859504728053e-05,5.3277886893443265e-06,2.570072764739758e-29,7.682997272693553e+18,3.3859438091130486e+18,1.1076059039176578,1.5837845760301619e-21,-190294.64748503084,2.099876509841338e+21,0.0,0.0,0.0,0.0,0.0,0.3333333333333333,0.3333333333333333,2.0,9.291784035179553e-25,1.5479505732971513e-20,0.0,8.91742287927684e-19,,0.0,0.0,0.0,0.0,0.0,9.291784035179553e-25,8.91742287927684e-19,0.017358703084062788,17.0,1.5159634690803488e-17,1.1076769180051557e-26,4.86910457701104e-23,,,1.1076769180051557e-26,4.86910457701104e-23,10.0,,1.7841241161527714e-07,4.035976381050727,9540755493713.03,2.582670880599937e-06,0.00022516596973652086,2.582670880599937e-06,0.00022516596973652086,0.009479653078973884,0.0002277486406171208,False,False,1.0,1.5072409244579954,8.132170113965071e-09,0.23433884469386895,0.6549260559490552,1.0,1.274427449793104,3.8919783450638043e-07,0.14623415736894285,0.7822123309084182,0.20853731687999555,0.14569744057862424,0.009068831742300859,0.003092827997910024,True,AP3.4,130.0,8.3,7.498198192099515e+19,$(U_{0.8}Pu_{0.2})N$
RHO_1p0e13_AP3p4,rizk2025_refit_plot,rizk2025_refit_full,1200.0,1.3,10000000000000.0,1.582756479599e+23,9.311496255783563e+25,6.764938273330137e+24,4.4362495128532796e+23,4.046814925517146e+18,1.6978219172955462,57.701131542497656,0.9094545096929443,0.3256528941403746,1.235107403833319,0.10950116410055757,1.3446085679338766,7964297224407.627,1.991074306101907e+18,76.2847278928671,0.10698027878221096,215056689.5431087,29101499.884979974,7.389883352854433,1307631717.106216,1307557628.6211627,41797381.728190295,38474115.50958824,1.0000566617359201,1.086376676229863,0.14820389805221673,87.18966307156585,6.334456595901414,6.327676434480534,6.327676434480534,0.0,6.757697340694313e+24,6.757697340694313e+24,0.0,1.0679587381981997e+26,1.0679587381981997e+26,1.0081888422557646,1.037362533928323e+17,0.004787264056390117,5.98215791532851e-07,1.8720884775636304e-07,1.8720884775636304e-07,0.0034499805386675178,0.0034499805386675178,3.102020683489777e+20,1.4478162963709375e-05,8.917448947096045e-19,6.498475563709372e-23,6.498475563709372e-22,3.503783313863259e-20,1.7995675661038836e+19,10000000000000.0,10000000000000.0,0.0,0.009481577635228923,0.00022760942220721294,1.5939009397455346e-05,5.316372627042257e-06,1.5939009397455346e-05,5.316372627042257e-06,2.4909491957935009e-29,7.866282209021513e+18,3.2753516477038807e+18,2.0949340932246665,1.9690471572412535e-21,-218645.85036632483,2.098904431490962e+21,0.0,0.0,0.0,0.0,0.0,0.3333333333333333,0.3333333333333333,2.0,2.6067819204802983e-24,1.6077228463606983e-20,0.0,8.91742287927684e-19,,0.0,0.0,0.0,0.0,0.0,2.6067819204802983e-24,8.91742287927684e-19,0.018028954871496642,17.0,1.5159663210063277e-17,3.503783313863259e-26,6.494971780395508e-23,,,3.503783313863259e-26,6.494971780395508e-23,10.0,,1.7841241161527714e-07,4.035976381050727,9532996597396.236,2.6261425387163176e-06,0.0002249832796684966,2.6261425387163176e-06,0.0002249832796684966,0.009481577635228923,0.00022760942220721294,False,False,1.0,1.5078103455139127,8.134631847334348e-09,0.23452790513550184,0.6546580511487309,1.0,1.2802846718329601,3.892834262975847e-07,0.14876070787877024,0.7785049566861894,0.20873422331715905,0.14822392662867379,0.009094545096929443,0.0032565289414037465,True,AP3.4,130.0,8.3,7.498198192099515e+19,$(U_{0.8}Pu_{0.2})N$
RHO_1p0e13_AP3p4,rizk2025_refit_plot,rizk2025_refit_full,1225.0,1.3,10000000000000.0,1.5818031607044662e+23,9.311299712401605e+25,6.769990456241749e+24,4.4322823654602666e+23,4.0443063506251366e+18,1.699938879639394,58.60750414830237,0.9120443343481913,0.3410298041079228,1.2530741384561142,0.14724710436733618,1.4003212428234502,7602920675561.092,1.9007301688902728e+18,85.51374841848381,0.12833154118360432,127172803.62813449,25960737.78845305,4.89865906987817,1305991949.284441,1305929305.217683,40390340.982922986,37879108.35415272,1.0000479689570543,1.0662959804991017,0.1481146325346985,87.18782270662544,6.339187287014195,6.324875373825665,6.324875373825665,0.0,6.754705923491724e+24,6.754705923491724e+24,0.0,1.0679587381981997e+26,1.0679587381981997e+26,1.0085779331744875,1.0361185762212538e+17,0.00478306389167797,5.973986733501103e-07,1.7913858435907625e-07,1.7913858435907625e-07,0.0036105131959689313,0.0036105131959689313,3.123168088183521e+20,1.5276790336891656e-05,8.917492996442252e-19,8.558853045768944e-23,8.558853045768945e-22,1.057421518979397e-19,1.7995675661038836e+19,10000000000000.0,10000000000000.0,0.0,0.009483656346860539,0.00022748379447218455,1.593315767988874e-05,5.306312228411279e-06,1.593315767988874e-05,5.306312228411279e-06,2.385513292900176e-29,8.048370470947121e+18,3.1281983673711575e+18,3.966959594876286,2.620692718913238e-21,-258758.28636399726,2.0979336465098578e+21,0.0,0.0,0.0,0.0,0.0,0.3333333333333333,0.3333333333333333,2.0,7.011716541319382e-24,1.5488742654515037e-20,0.0,8.91742287927684e-19,,0.0,0.0,0.0,0.0,0.0,7.011716541319382e-24,8.91742287927684e-19,0.017368942886408174,17.0,1.5159738093951828e-17,1.057421518979397e-25,8.54827883057915e-23,,,1.057421518979397e-25,8.54827883057915e-23,10.0,,1.7841241161527714e-07,4.035976381050727,9525954193478.623,2.6656083803127947e-06,0.00022481818609187176,2.6656083803127947e-06,0.00022481818609187176,0.009483656346860539,0.00022748379447218455,False,False,1.0,1.508383591085539,8.137058243775314e-09,0.2347181242945635,0.654388429175712,1.0,1.2856485291077973,3.893639009059838e-07,0.15105798319912309,0.7751364845753023,0.20893217080723708,0.15052112139526988,0.009120443343481914,0.0034102980410792277,True,AP3.4,130.0,8.3,7.498198192099515e+19,$(U_{0.8}Pu_{0.2})N$
RHO_1p0e13_AP3p4,rizk2025_refit_plot,rizk2025_refit_full,1250.0,1.3,10000000000000.0,1.580840538402447e+23,9.3112123948858e+25,6.77390955433395e+24,4.428360497228559e+23,4.0419590608919373e+18,1.70205895916135,59.43183227387146,0.9146509233076843,0.35541673980071387,1.270067663108398,0.2073310302752207,1.4773986933836187,7123201280060.674,1.7808003200151685e+18,97.95130030982996,0.1577526599079879,77712226.7138606,22664323.93421949,3.4288349804481753,1304356571.7357566,1304302643.6016374,39251100.77518255,37353719.632433385,1.000041346335058,1.0507949719979617,0.14802449587795433,87.1870050953013,6.3428569962941745,6.322113412526544,6.322113412526544,0.0,6.751756262787762e+24,6.751756262787762e+24,0.0,1.0679587381981997e+26,1.0679587381981995e+26,1.008942173937969,1.0348709561140998e+17,0.004778856353617946,5.967063836601972e-07,1.6994818305507695e-07,1.6994818305507695e-07,0.0037604988998838716,0.0037604988998838716,3.118665797081684e+20,1.6089894513739747e-05,8.917604161498658e-19,1.114133094756206e-22,1.114133094756206e-21,3.0533079764031823e-19,1.7995675661038836e+19,10000000000000.0,10000000000000.0,0.0,0.00948590017316245,0.00022737163218956115,1.5927301450164844e-05,5.297422147615986e-06,1.5927301450164844e-05,5.297422147615986e-06,2.2647460037120213e-29,8.229592370467047e+18,2.9598037458263363e+18,7.530814531917708,3.7020828304033774e-21,-310474.0107339543,2.0969657187643372e+21,0.0,0.0,0.0,0.0,0.0,0.3333333333333333,0.3333333333333333,2.0,1.8128222181985484e-23,1.3964045536228772e-20,0.0,8.91742287927684e-19,,0.0,0.0,0.0,0.0,0.0,1.8128222181985484e-23,8.91742287927684e-19,0.015658965438853957,17.0,1.515992707454772e-17,3.0533079764031822e-25,1.111079786779803e-22,,,3.0533079764031822e-25,1.111079786779803e-22,10.0,,1.7841241161527714e-07,4.035976381050727,9519564934540.29,2.7014357163013346e-06,0.0002246701964732598,2.7014357163013346e-06,0.0002246701964732598,0.00948590017316245,0.00022737163218956115,False,False,1.0,1.50896015092594,8.139459783637868e-09,0.23490933089284632,0.6541174332560566,1.0,1.2905547284933683,3.894392626208318e-07,0.15314564822761348,0.7720774352476416,0.20913102162898642,0.1526087000417872,0.009146509233076843,0.0035541673980071385,True,AP3.4,130.0,8.3,7.498198192099515e+19,$(U_{0.8}Pu_{0.2})N$
RHO_1p0e13_AP3p4,rizk2025_refit_plot,rizk2025_refit_full,1275.0,1.3,10000000000000.0,1.579856219231827e+23,9.31121292335605e+25,6.776902754173612e+24,4.424455259539446e+23,4.039762083199484e+18,1.704184671998075,60.18394794000903,0.9172725170346298,0.3688811111049598,1.2861536281395896,0.2979030558577713,1.5840566839973609,6541671276108.32,1.63541781902708e+18,113.71277456189263,0.19524876360746699,49390150.29916762,19522872.50533737,2.5298608227690274,1302722912.2130916,1302675723.1639433,38324551.24898496,36886912.141637534,1.0000362247091192,1.0389742329698732,0.14793232760071537,87.1870100437158,6.345659726149368,6.319397902534095,6.319397902534095,0.0,6.748856210162663e+24,6.748856210162663e+24,0.0,1.0679587381981997e+26,1.0679587381981995e+26,1.0092832313231705,1.0336141140893616e+17,0.004774621543444456,5.961185176670441e-07,1.6050888511109944e-07,1.6050888511109944e-07,0.0039006629441988524,0.0039006629441988524,3.0925516434416114e+20,1.6917544189254908e-05,8.917874431930528e-19,1.435821826587309e-22,1.4358218265873088e-21,8.457331924393166e-19,1.7995675661038836e+19,10000000000000.0,10000000000000.0,0.0,0.009488358349954918,0.0002272738369536974,1.592143378856473e-05,5.289517999325515e-06,1.592143378856473e-05,5.289517999325515e-06,2.1403032355176014e-29,8.410243003016514e+18,2.7863897133922816e+18,14.277364113839472,5.461866046486504e-21,-371018.65422469756,2.0960045386014172e+21,0.0,0.0,0.0,0.0,0.0,0.3333333333333333,0.3333333333333333,2.0,4.5155265368944576e-23,1.1873807076397107e-20,0.0,8.91742287927684e-19,,0.0,0.0,0.0,0.0,0.0,4.5155265368944576e-23,8.91742287927684e-19,0.01331461568227832,17.0,1.5160386534281898e-17,8.457331924393166e-25,1.4273644946629156e-22,,,8.457331924393166e-25,1.4273644946629156e-22,10.0,,1.7841241161527714e-07,4.035976381050727,9513748779132.36,2.7341018839178266e-06,0.00022453973506977957,2.7341018839178266e-06,0.00022453973506977957,0.009488358349954918,0.0002272738369536974,False,False,1.0,1.5095394420492003,8.141853947966233e-09,0.23510132994107968,0.6538453401272791,1.0,1.2950543159635315,3.89509851742201e-07,0.15504900360534787,0.7692901986177794,0.20933063643443536,0.15451197333640773,0.009172725170346297,0.003688811111049598,True,AP3.4,130.0,8.3,7.498198192099515e+19,$(U_{0.8}Pu_{0.2})N$
RHO_1p0e13_AP3p4,rizk2025_refit_plot,rizk2025_refit_full,1300.0,1.3,10000000000000.0,1.5788225868999175e+23,9.311277609693471e+25,6.779187398295764e+24,4.4205143134077124e+23,4.0376958106596035e+18,1.7063216081823878,60.87522627595671,0.9199073356244589,0.381543423402331,1.30145075902679,0.42546403075256156,1.7269147897793515,5900654873925.158,1.4751637184812897e+18,132.53626308894107,0.23924932405137506,32891378.178436995,16750132.742992952,1.9636488070338651,1301086185.2574701,1301044298.6564498,37563501.41263773,36468036.930760644,1.0000321946001867,1.0300390307259195,0.14783554180788097,87.18761574443353,6.347798988688673,6.316749725069931,6.316749725069931,0.0,6.746028065899509e+24,6.746028065899509e+24,0.0,1.0679587381981997e+26,1.0679587381981997e+26,1.0096041238051312,1.0323356541306115e+17,0.004770315025712873,5.956127103408958e-07,1.5161241883077937e-07,1.5161241883077937e-07,0.004032282677681035,0.004032282677681035,3.049080022884401e+20,1.7762499739863075e-05,8.918508847779603e-19,1.836266039909085e-22,1.836266039909085e-21,2.2525702314749626e-18,1.7995675661038836e+19,10000000000000.0,10000000000000.0,0.0,0.009491164552692482,0.00022719398798786255,1.591553931826425e-05,5.2824212306928185e-06,1.591553931826425e-05,5.2824212306928185e-06,2.0228044873570214e-29,8.590589533639002e+18,2.622707914716588e+18,26.766303350546117,8.252417517432254e-21,-435846.6214988832,2.0950588052196578e+21,0.0,0.0,0.0,0.0,0.0,0.3333333333333333,0.3333333333333333,2.0,1.085968502764781e-22,9.588632660122313e-21,0.0,8.91742287927684e-19,,0.0,0.0,0.0,0.0,0.0,1.085968502764781e-22,8.91742287927684e-19,0.010751385488067937,17.0,1.5161465041225326e-17,2.2525702314749626e-24,1.8137403375943355e-22,,,2.2525702314749626e-24,1.8137403375943355e-22,10.0,,1.7841241161527714e-07,4.035976381050727,9508414648520.287,2.7641822017056905e-06,0.00022442980578615685,2.7641822017056905e-06,0.00022442980578615685,0.009491164552692482,0.00022719398798786255,False,False,1.0,1.5101207390739635,8.144272850398595e-09,0.23529387974840837,0.6535724925975073,1.0,1.299209445909545,3.895762880310731e-07,0.15679716081600106,0.7667317152866056,0.20953087536201975,0.15626006142729754,0.00919907335624459,0.00381543423402331,True,AP3.4,130.0,8.3,7.498198192099515e+19,$(U_{0.8}Pu_{0.2})N$
RHO_1p0e13_AP3p4,rizk2025_refit_plot,rizk2025_refit_full,1325.0,1.3,10000000000000.0,1.5776799845086365e+23,9.31137738309967e+25,6.781007715661034e+24,4.4164360498097164e+23,4.035734553835977e+18,1.7084817472426113,61.51775208524469,0.9225535523994025,0.39356147109101497,1.3161150234904175,0.5909218558564896,1.9070368793469072,5258902492147.5205,1.3147256230368801e+18,153.65928950012992,0.2866116391891466,23118223.341259494,14447548.25576701,1.6001485464519158,1299436929.1350362,1299399307.9428265,36927829.45953205,36087144.35670151,1.0000289527568467,1.0232959719539134,0.147728552431755,87.18854998845092,6.349503471549445,6.314217987567898,6.314217987567898,0.0,6.743324274711388e+24,6.743324274711388e+24,0.0,1.0679587381981997e+26,1.0679587381981999e+26,1.0099088233546605,1.0310086610706e+17,0.004765841671550349,5.951634961947189e-07,1.4386930629081606e-07,1.4386930629081606e-07,0.004157014106143993,0.004157014106143993,2.991694695929345e+20,1.863218217190791e-05,8.9199495264152e-19,2.3390333353762864e-22,2.3390333353762863e-21,5.78187606487805e-18,1.7995675661038836e+19,10000000000000.0,10000000000000.0,0.0,0.009494630071547506,0.0002271416115016347,1.590958509966895e-05,5.275964542917032e-06,1.590958509966895e-05,5.275964542917032e-06,1.9204632751987217e-29,8.770890653051192e+18,2.4801471935959383e+18,48.828107537424735,1.2500614629185684e-20,-500501.2929528188,2.0941471271661643e+21,0.0,0.0,0.0,0.0,0.0,0.3333333333333333,0.3333333333333333,2.0,2.5266471383605937e-22,7.399034121893715e-21,0.0,8.91742287927684e-19,,0.0,0.0,0.0,0.0,0.0,2.5266471383605937e-22,8.91742287927684e-19,0.008294928239204153,17.0,1.516391419490584e-17,5.78187606487805e-24,2.281214574727506e-22,,,5.78187606487805e-24,2.281214574727506e-22,10.0,,1.7841241161527714e-07,4.035976381050727,9503466879382.145,2.792354221826787e-06,0.0002243492572798079,2.792354221826787e-06,0.0002243492572798079,0.009494630071547506,0.0002271416115016347,False,False,1.0,1.5107030169706086,8.14677905449797e-09,0.23548664002377043,0.6532993730434619,1.0,1.3030882837818263,3.8963938938679436e-07,0.1584209327638788,0.7643565611324502,0.2097315960521703,0.15788378345484885,0.009225535523994025,0.00393561471091015,True,AP3.4,130.0,8.3,7.498198192099515e+19,$(U_{0.8}Pu_{0.2})N$
RHO_1p0e13_AP3p4,rizk2025_refit_plot,rizk2025_refit_full,1350.0,1.3,10000000000000.0,1.57630369875744e+23,9.311471052174337e+25,6.782674352150815e+24,4.4120186198854204e+23,4.033849234021025e+18,1.71069004983724,62.12354099157489,0.9252091814502414,0.4051136514601528,1.3303228329103942,0.7857093879563568,2.116032220866751,4674418746282.394,1.1686046865705984e+18,175.7351426573121,0.33321605208900607,17248650.45744757,12632646.870916737,1.3654027246782252,1297756022.0606692,1297721934.0296142,36384134.87648638,35735245.68248731,1.0000262675925875,1.018158240739816,0.1475996817458408,87.18942707359771,6.351064052899801,6.311909191756617,6.311909191756617,0.0,6.740858576050015e+24,6.740858576050015e+24,0.0,1.0679587381981997e+26,1.0679587381981995e+26,1.0102018333691596,1.0295766845949474e+17,0.004761003847714795,5.947392094245584e-07,1.3768173403222335e-07,1.3768173403222335e-07,0.004276706410283444,0.004276706410283444,2.922048084756475e+20,1.954161868272544e-05,8.92312044658399e-19,2.985052251919346e-22,2.985052251919346e-21,1.4331663655150738e-17,1.7995675661038836e+19,10000000000000.0,10000000000000.0,0.0,0.00949942654742297,0.00022713850854462952,1.590350254542943e-05,5.2699964612820596e-06,1.590350254542943e-05,5.2699964612820596e-06,1.8387138837825715e-29,8.951431644917551e+18,2.366225950589359e+18,84.8430277011675,1.8560428659740776e-20,-561922.3051955356,2.0933081381871603e+21,0.0,0.0,0.0,0.0,0.0,0.3333333333333333,0.3333333333333333,2.0,5.697567307150379e-22,5.485421362683377e-21,0.0,8.91742287927684e-19,,0.0,0.0,0.0,0.0,0.0,5.697567307150379e-22,8.91742287927684e-19,0.006147424990529343,17.0,1.5169304759192783e-17,1.433166365515074e-23,2.8417356153678383e-22,,,1.433166365515074e-23,2.8417356153678383e-22,10.0,,1.7841241161527714e-07,4.035976381050727,9498811173932.34,2.819444926830526e-06,0.000224319063617799,2.819444926830526e-06,0.000224319063617799,0.00949942654742297,0.00022713850854462952,False,False,1.0,1.5112846235370017,8.149497159037383e-09,0.23567906384392626,0.6530267563893651,1.0,1.3067601198415604,3.8970008549368695e-07,0.1599508704910876,0.7621198082694571,0.20993264517539206,0.15941369419253715,0.009252091814502414,0.004051136514601528,True,AP3.4,130.0,8.3,7.498198192099515e+19,$(U_{0.8}Pu_{0.2})N$
RHO_1p0e13_AP3p4,rizk2025_refit_plot,rizk2025_refit_full,1375.0,1.3,10000000000000.0,1.574441171322677e+23,9.311491696566983e+25,6.784646742759368e+24,4.40686204711862e+23,4.0320093842931e+18,1.7129971424726176,62.70404391493913,0.9278718096889642,0.4163866476129302,1.3442584573018945,0.9911706451434608,2.3354291024453553,4188062296110.5083,1.0470155740276271e+18,196.9664580480868,0.375040998837688,13698623.95635915,11270954.56759453,1.2153916400075364,1296005193.0292647,1295974140.8532367,35905508.37273922,35404415.11254889,1.000023960490452,1.0141534116182227,0.147425281053366,87.18962038062269,6.3529109319392285,6.310043406384753,6.310043406384753,0.0,6.738865994258531e+24,6.738865994258531e+24,0.0,1.0679587381981997e+26,1.0679587381981999e+26,1.010487876172865,1.0279252483268618e+17,0.004755402235146221,5.942950639850346e-07,1.3331498747270694e-07,1.3331498747270694e-07,0.004393262612386971,0.004393262612386971,2.8396628247657208e+20,2.051853762075393e-05,8.92989650482899e-19,3.8518830087201347e-22,3.8518830087201345e-21,3.437073971002977e-17,1.7995675661038836e+19,10000000000000.0,10000000000000.0,0.0,0.009506934614563261,0.0002272307371657854,1.5897152658653954e-05,5.264383182982079e-06,1.5897152658653954e-05,5.264383182982079e-06,1.7811580516737706e-29,9.132583357285559e+18,2.2859150715210875e+18,137.22911555454314,2.6414481844109543e-20,-618159.6067739832,2.092619896238054e+21,0.0,0.0,0.0,0.0,0.0,0.3333333333333333,0.3333333333333333,2.0,1.2473625552150166e-21,3.926123922383819e-21,0.0,8.91742287927684e-19,,0.0,0.0,0.0,0.0,0.0,1.2473625552150166e-21,8.91742287927684e-19,0.004396606299144343,17.0,1.518082405820928e-17,3.437073971002977e-23,3.508175611619837e-22,,,3.437073971002977e-23,3.508175611619837e-22,10.0,,1.7841241161527714e-07,4.035976381050727,9494358322540.05,2.8465657722967516e-06,0.00022438417139348865,2.8465657722967516e-06,0.00022438417139348865,0.009506934614563261,0.0002272307371657854,False,False,1.0,1.5118626373383395,8.152674653988266e-09,0.23587018602887738,0.6527560097426769,1.0,1.310292139795871,3.8975935339534935e-07,0.16141602006873043,0.7599788277142641,0.21013383831817178,0.16087884196624128,0.009278718096889642,0.004163866476129302,True,AP3.4,130.0,8.3,7.498198192099515e+19,$(U_{0.8}Pu_{0.2})N$
RHO_1p0e13_AP3p4,rizk2025_refit_plot,rizk2025_refit_full,1400.0,1.3,10000000000000.0,1.5715965588869106e+23,9.31132078380773e+25,6.787691522113938e+24,4.400187033794371e+23,4.030183285836481e+18,1.7155029409834515,63.27025724294672,0.9305380730582393,0.42757490459146563,1.358112977649705,1.1842857038053132,2.542398681455018,3814959837263.674,9.537399593159185e+17,215.61022262911754,0.4093640769903141,11555825.364319293,10296357.811469536,1.122321657416255,1294109484.7324486,1294081139.1015944,35470974.66016798,35087576.639298126,1.0000219040599523,1.0109268880211135,0.14715892128364627,87.18802001205843,6.355761959086315,6.30905910757161,6.30905910757161,0.0,6.737814803740037e+24,6.737814803740037e+24,0.0,1.0679587381981997e+26,1.0679587381981997e+26,1.0107718792929894,1.0258294678218424e+17,0.004748252519873905,5.937593916262846e-07,1.3099961944010222e-07,1.3099961944010222e-07,0.004508635067935257,0.004508635067935257,2.7433140365682095e+20,2.1602495402638197e-05,8.943977631537627e-19,5.093242848331348e-22,5.093242848331348e-21,7.989389038480301e-17,1.7995675661038836e+19,10000000000000.0,10000000000000.0,0.0,0.009519891270708465,0.0002275107899645058,1.5890261391004956e-05,5.259005052204396e-06,1.5890261391004956e-05,5.259005052204396e-06,1.7509273775834763e-29,9.314899233716558e+18,2.2435355803923128e+18,203.09749980281006,3.5413628965051535e-20,-667395.4320549028,2.0922358626134555e+21,0.0,0.0,0.0,0.0,0.0,0.3333333333333333,0.3333333333333333,2.0,2.6554752260788454e-21,2.7246350804779008e-21,0.0,8.91742287927684e-19,,0.0,0.0,0.0,0.0,0.0,2.6554752260788454e-21,8.91742287927684e-19,0.0030463348553897134,17.0,1.5204761973613966e-17,7.989389038480301e-23,4.2943039444833175e-22,,,7.989389038480301e-23,4.2943039444833175e-22,10.0,,1.7841241161527714e-07,4.035976381050727,9490023267308.805,2.8754116418934514e-06,0.00022463537832261235,2.8754116418934514e-06,0.00022463537832261235,0.009519891270708465,0.0002275107899645058,False,False,1.0,1.5124316695304585,8.156795182384477e-09,0.23605822851872496,0.6524896510656379,1.0,1.3137498925613014,3.8981821300172483e-07,0.16284420945690495,0.7578928564485273,0.21033492082147376,0.16230705678762047,0.009305380730582393,0.004275749045914656,True,AP3.4,130.0,8.3,7.498198192099515e+19,$(U_{0.8}Pu_{0.2})N$
RHO_1p0e13_AP3p4,rizk2025_refit_plot,rizk2025_refit_full,1425.0,1.3,10000000000000.0,1.566826758610432e+23,9.310741394628167e+25,6.793169032368555e+24,4.3905129006638855e+23,4.028334690997302e+18,1.7183991446422073,63.833843494770356,0.9332027510583498,0.43890157484812853,1.3721043259064785,1.3481969947823196,2.7203013206887983,3545574247594.1074,8.863935618985268e+17,230.69389375131655,0.4355518332187295,10269975.717878517,9623141.574753236,1.067216525715706,1291925969.1116507,1291900084.4022374,35064177.99710365,34777789.9380581,1.0000200361542861,1.0082347975404884,0.1467122935155617,87.18259481013966,6.360890912161654,6.309801984183126,6.309801984183126,0.0,6.738608165308708e+24,6.738608165308708e+24,0.0,1.0679587381981997e+26,1.0679587381981997e+26,1.0110595078001863,1.0228611886285725e+17,0.004738059687585863,5.930084526579988e-07,1.308268747310132e-07,1.308268747310132e-07,0.004625080382653948,0.004625080382653948,2.634987087680634e+20,2.28403934388365e-05,8.972475473141361e-19,7.0177067448840995e-22,7.0177067448841e-21,1.8029544796246132e-16,1.7995675661038836e+19,10000000000000.0,10000000000000.0,0.0,0.009543559700742922,0.00022815770436182827,1.5882303618726645e-05,5.253744487354842e-06,1.5882303618726645e-05,5.253744487354842e-06,1.749285446454061e-29,9.499279471433826e+18,2.2408279445014298e+18,274.4000407709336,4.448993525623102e-20,-708295.0633165995,2.092449348704547e+21,0.0,0.0,0.0,0.0,0.0,0.3333333333333333,0.3333333333333333,2.0,5.505259386452124e-21,1.84039229582399e-21,0.0,8.91742287927684e-19,,0.0,0.0,0.0,0.0,0.0,5.505259386452124e-21,8.91742287927684e-19,0.0020511533314670053,17.0,1.5253208304340313e-17,1.8029544796246133e-22,5.214752265259486e-22,,,1.8029544796246133e-22,5.214752265259486e-22,10.0,,1.7841241161527714e-07,4.035976381050727,9485716467369.79,2.908848972378348e-06,0.00022524885538944991,2.908848972378348e-06,0.00022524885538944991,0.009543559700742922,0.00022815770436182827,False,False,1.0,1.5129817295091395,8.16278190548779e-09,0.23623989791094172,0.652232343544619,1.0,1.3172040426904632,3.898778328903542e-07,0.16426488179048904,0.7558188529744556,0.210535500361464,0.1637277824493727,0.009332027510583499,0.004389015748481285,True,AP3.4,130.0,8.3,7.498198192099515e+19,$(U_{0.8}Pu_{0.2})N$
RHO_1p0e13_AP3p4,rizk2025_refit_plot,rizk2025_refit_full,1450.0,1.3,10000000000000.0,1.558399986083265e+23,9.309357919910389e+25,6.803523209314743e+24,4.375112971368114e+23,4.026415859517277e+18,1.7220427471469264,64.40920422405016,0.9358573698919338,0.45066210172475424,1.386519471616688,1.4795356392937398,2.866055110910428,3354591336602.782,8.386478341506957e+17,242.38688222879765,0.45492406282381526,9491460.06740567,9158911.487233302,1.036308744836754,1289190287.9355109,1289166603.8361053,34671938.748440236,34467123.55391996,1.0000183716358577,1.0059423349964165,0.145923239385869,87.16964042652639,6.370586208970272,6.313850125117525,6.313850125117525,0.0,6.742931412793057e+24,6.742931412793057e+24,0.0,1.0679587381981997e+26,1.0679587381982002e+26,1.0113582743069374,1.0182322698251736e+17,0.004722066867740288,5.918238738112786e-07,1.323404945649509e-07,1.323404945649509e-07,0.004745708159029073,0.004745708159029073,2.5239855460592943e+20,2.4270583145797414e-05,9.028722799084174e-19,1.0241072151243713e-21,1.0241072151243713e-20,3.956100289530877e-16,1.7995675661038836e+19,10000000000000.0,10000000000000.0,0.0,0.009587783103082257,0.00022950802721594061,1.5872303157365195e-05,5.2484668392419765e-06,1.5872303157365195e-05,5.2484668392419765e-06,1.7701647396423636e-29,9.687279403029475e+18,2.2693861222757665e+18,344.00523272446895,5.29141917344958e-20,-742048.2976541885,2.0938045829084653e+21,0.0,0.0,0.0,0.0,0.0,0.3333333333333333,0.3333333333333333,2.0,1.1129991980733449e-20,1.2141082623128306e-21,0.0,8.91742287927684e-19,,0.0,0.0,0.0,0.0,0.0,1.1129991980733449e-20,8.91742287927684e-19,0.0013447176187931956,17.0,1.5348828758443096e-17,3.9561002895308766e-22,6.284971861712836e-22,,,3.9561002895308766e-22,6.284971861712836e-22,10.0,,1.7841241161527714e-07,4.035976381050727,9481328122280.31,2.951974314385814e-06,0.0002265560529015548,2.951974314385814e-06,0.0002265560529015548,0.009587783103082257,0.00022950802721594061,False,False,1.0,1.5134946122666828,8.17234835711276e-09,0.23640919710529254,0.6519925776138481,1.0,1.3207431997770125,3.899397557832474e-07,0.1657143168543022,0.7537038846018446,0.21073494340593665,0.16517729357006095,0.009358573698919338,0.0045066210172475425,True,AP3.4,130.0,8.3,7.498198192099515e+19,$(U_{0.8}Pu_{0.2})N$
RHO_1p0e13_AP3p4,rizk2025_refit_plot,rizk2025_refit_full,1475.0,1.3,10000000000000.0,1.543272169659983e+23,9.306464025303364e+25,6.823088920976967e+24,4.3491541453589135e+23,4.02435583544769e+18,1.7270773597950408,65.01662826624225,0.9384881276468329,0.46329574741783797,1.401783875064671,1.5865268261533485,2.9883107012180194,3212756223510.499,8.031890558776247e+17,251.69256767047284,0.4697855119863232,8994628.434377385,8820284.28787982,1.0197662729235537,1285430367.5518723,1285408547.2253869,34283114.979003,34145111.16924011,1.000016975401737,1.0040416857651706,0.1445067224473209,87.14254298817491,6.388906871522491,6.324043417855275,6.324043417855275,0.0,6.75381742884335e+24,6.75381742884335e+24,0.0,1.0679587381981997e+26,1.0679587381981997e+26,1.0116793616824284,1.0105503716006064e+17,0.004695383795892905,5.898247819544049e-07,1.346565939096845e-07,1.346565939096845e-07,0.004875349486779019,0.004875349486779019,2.424662155533764e+20,2.5888283835680342e-05,9.13713227338383e-19,1.597360137614791e-21,1.597360137614791e-20,8.452417180343286e-16,1.7995675661038836e+19,10000000000000.0,10000000000000.0,0.0,0.00967046771766642,0.0002321785022286382,1.5858504879406694e-05,5.242994125768392e-06,1.5858504879406694e-05,5.242994125768392e-06,1.8017565766762756e-29,9.881721433482863e+18,2.312868539993648e+18,411.9622039263138,6.088924465220878e-20,-773731.7047968784,2.0972795616969223e+21,0.0,0.0,0.0,0.0,0.0,0.3333333333333333,0.3333333333333333,2.0,2.1970939410699096e-20,7.846520651543905e-22,0.0,8.91742287927684e-19,,0.0,0.0,0.0,0.0,0.0,2.1970939410699096e-20,8.91742287927684e-19,0.0008587509096700466,17.0,1.553312486475251e-17,8.452417180343286e-22,7.521184195804623e-22,,,8.452417180343286e-22,7.521184195804623e-22,10.0,,1.7841241161527714e-07,4.035976381050727,9476704498241.848,3.0139585879938946e-06,0.0002291645436406443,3.0139585879938946e-06,0.0002291645436406443,0.00967046771766642,0.0002321785022286382,False,False,1.0,1.5139381106273946,8.188576083630804e-09,0.23655552176562014,0.6517853651936439,1.0,1.3244937280260292,3.9000627859864925e-07,0.16724352452407368,0.7514736470599889,0.21093222201410003,0.1667065912366603,0.009384881276468329,0.00463295747417838,True,AP3.4,130.0,8.3,7.498198192099515e+19,$(U_{0.8}Pu_{0.2})N$
RHO_1p0e13_AP3p4,rizk2025_refit_plot,rizk2025_refit_full,1500.0,1.3,10000000000000.0,1.5164084782507847e+23,9.300836932413504e+25,6.859361585462628e+24,4.304488546550775e+23,4.022031736298563e+18,1.7346199542457932,65.68981836281908,0.941072710675042,0.4775603760055565,1.4186330866805985,1.6822619743079401,3.1008950609885386,3094981293712.5312,7.737453234281327e+17,259.8717329097775,0.4824554052240309,8638079.013849385,8542675.939174738,1.011167820874154,1279839581.283171,1279819244.8819423,33882789.42048579,33795191.63439393,1.0000158900573732,1.0025920192150266,0.14199129835382818,87.08985281683594,6.422871352722258,6.345284532087969,6.345284532087969,0.0,6.776502062397221e+24,6.776502062397221e+24,0.0,1.0679587381981997e+26,1.0679587381981997e+26,1.0120420773464427,9.974901887298323e+16,0.004649761810470375,5.863668216856817e-07,1.3728603787592752e-07,1.3728603787592752e-07,0.0050224251546674365,0.0050224251546674365,2.3474709927783632e+20,2.763045292683699e-05,9.341414501778096e-19,2.65480851490482e-21,2.6548085149048203e-20,1.7607759639859707e-15,1.7995675661038836e+19,10000000000000.0,10000000000000.0,0.0,0.009823236759541283,0.00023727300086182296,1.5837876661793463e-05,5.237044411640929e-06,1.5837876661793463e-05,5.237044411640929e-06,1.8375109150789654e-29,1.0087733997648697e+19,2.3622534281472435e+18,486.4375495678774,6.951089941121988e-20,-811364.9785745456,2.1045674318044437e+21,0.0,0.0,0.0,0.0,0.0,0.3333333333333333,0.3333333333333333,2.0,4.239916225012569e-20,4.981451519947624e-22,0.0,8.91742287927684e-19,,0.0,0.0,0.0,0.0,0.0,4.239916225012569e-20,8.91742287927684e-19,0.0005332652264814314,17.0,1.5880404653022763e-17,1.7607759639859707e-21,8.940325509188496e-22,,,1.7607759639859707e-21,8.940325509188496e-22,10.0,,1.7841241161527714e-07,4.035976381050727,9471591512170.705,3.1113471178370078e-06,0.00023416165374398596,3.1113471178370078e-06,0.00023416165374398596,0.009823236759541283,0.00023727300086182296,False,False,1.0,1.514257472068322,8.216802569792742e-09,0.2366608487156094,0.6516362196152288,1.0,1.3286673447973907,3.900813835176848e-07,0.16893709291074782,0.7490050711028656,0.21112567931497928,0.16840026160262242,0.00941072710675042,0.004775603760055565,True,AP3.4,130.0,8.3,7.498198192099515e+19,$(U_{0.8}Pu_{0.2})N$
RHO_1p0e13_AP3p4,rizk2025_refit_plot,rizk2025_refit_full,1525.0,1.3,10000000000000.0,1.4702269416031028e+23,9.290454410701518e+25,6.924735166214059e+24,4.228359629671517e+23,4.019220720943479e+18,1.7465141222857508,66.48764860164506,0.9435758828824997,0.49482699921475654,1.4384028820972563,1.7806840008842262,3.2190868829814825,2981920686493.671,7.454801716234176e+17,268.1497720508576,0.49491659362085333,8334818.271807202,8278955.387584489,1.0067475764281189,1271122545.1662428,1271103377.678146,33442822.71689812,33389660.285640962,1.000015079409302,1.00159218245416,0.13766701736844136,86.99263443806689,6.484084935619409,6.3856136089452695,6.3856136089452695,0.0,6.819571852430443e+24,6.819571852430443e+24,0.0,1.0679587381981997e+26,1.0679587381981999e+26,1.012481377944693,9.75480505530618e+16,0.004572276377095894,5.804250513181177e-07,1.4015252636329026e-07,1.4015252636329026e-07,0.005201916121521556,0.005201916121521556,2.2920399826787556e+20,2.9417277333825687e-05,9.718187700081108e-19,4.636776157857156e-21,4.636776157857156e-20,3.580777516173852e-15,1.7995675661038836e+19,10000000000000.0,10000000000000.0,0.0,0.010100099343684783,0.00024672453130665436,1.5805454036454676e-05,5.230145580753941e-06,1.5805454036454676e-05,5.230145580753941e-06,1.8763913665328794e-29,1.0314133101306819e+19,2.4161990724723405e+18,582.0603976254089,8.047595674074267e-20,-863354.6101841608,2.118459772697546e+21,0.0,0.0,0.0,0.0,0.0,0.3333333333333333,0.3333333333333333,2.0,8.007648208042697e-20,3.1142582676000646e-22,0.0,8.91742287927684e-19,,0.0,0.0,0.0,0.0,0.0,8.007648208042697e-20,8.91742287927684e-19,0.00032045669045619205,17.0,1.6520919090137883e-17,3.5807775161738524e-21,1.0559986416833037e-21,,,3.5807775161738524e-21,1.0559986416833037e-21,10.0,,1.7841241161527714e-07,4.035976381050727,9465547486337.02,3.273737377791131e-06,0.00024345079392886323,3.273737377791131e-06,0.00024345079392886323,0.010100099343684783,0.00024672453130665436,False,False,1.0,1.5143648868747768,8.265823933376487e-09,0.2366962669532655,0.6515860682800514,1.0,1.3336368805547372,3.901723009987446e-07,0.17094254640325865,0.7460837667407686,0.2113127056180715,0.1704058353760757,0.009435758828824997,0.004948269992147565,True,AP3.4,130.0,8.3,7.498198192099515e+19,$(U_{0.8}Pu_{0.2})N$
RHO_1p0e13_AP3p4,rizk2025_refit_plot,rizk2025_refit_full,1550.0,1.3,10000000000000.0,1.394996936624059e+23,9.272189149035153e+25,7.038338659696499e+24,4.103024950779859e+23,4.015551600222276e+18,1.7655941964094797,67.50329552076342,0.9459440396523408,0.5173789407208561,1.4633229803731966,1.8423608908137996,3.3056838711869965,2872330149789.5376,7.180825374473844e+17,274.6169201570704,0.5,8095810.364595153,8083988.410948039,1.0014623912165812,1257385223.0870411,1257367069.1230195,32918775.67225496,32887283.248521514,1.0000144380781615,1.000957586660335,0.13062273725833454,86.82160478108614,6.590459357607009,6.457313124048511,6.322956101754441,0.13435702229407065,6.896143976109523e+24,6.75265622011228e+24,1.4348775599724309e+23,1.0679587381981997e+26,1.0665238606382272e+26,1.013055563739692,9.397388087231394e+16,0.0044449209621814645,5.705350062710195e-07,1.4326049094324472e-07,1.4326049094324472e-07,0.005438374821431621,0.005438374821431621,2.247665983782949e+20,3.123119992672395e-05,1.039906973829712e-18,8.356987325282236e-21,8.356987325282236e-20,7.11715258415843e-15,1.7995675661038836e+19,10000000000000.0,10000000000000.0,0.0,0.010589647124915306,0.00026384974401512466,1.5753716761092624e-05,5.221593943724236e-06,1.5753716761092624e-05,5.221593943724236e-06,1.9184347314701213e-29,1.057486763740841e+19,2.474887145469642e+18,256.0054894262783,3.4495441666838036e-20,-569389.3190177294,2.1432539410656154e+21,2.3155289294843633e+21,0.0,0.0,0.0,0.0,0.3333333333333333,0.3333333333333333,2.0,1.4816468590202815e-19,1.921420918257287e-22,0.0,8.91742287927684e-19,,0.0,0.0,0.0,0.0,0.0,1.4816468590202815e-19,8.91742287927684e-19,0.0001847685385915996,17.0,1.7678418555105106e-17,7.11715258415843e-21,1.239834741123807e-21,,,7.11715258415843e-21,1.239834741123807e-21,10.0,,1.7841241161527714e-07,4.035976381050727,9457878573911.227,3.5532021667724866e-06,0.0002602965418483522,3.5532021667724866e-06,0.0002602965418483522,0.010589647124915306,0.00026384974401512466,False,False,1.0,1.5141314924361955,8.349149062238378e-09,0.23661930410784635,0.6516950468716822,1.0,1.339999525038649,3.9029110038592785e-07,0.17349280539211295,0.7423718372519736,0.21148933990146182,0.17295624548864544,0.009459440396523407,0.005173789407208561,True,AP3.4,130.0,8.3,7.498198192099515e+19,$(U_{0.8}Pu_{0.2})N$
RHO_1p0e13_AP3p4,rizk2025_refit_plot,rizk2025_refit_full,1575.0,1.3,10000000000000.0,1.2816500113869377e+23,9.24165251316009e+25,7.22691700087799e+24,3.9083975028150474e+23,4.0104689667074084e+18,1.7957896346584576,68.86527876044849,0.9480990640570379,0.5486365020233982,1.496735566080436,1.874674528156953,3.371410094237389,2774163234157.4453,6.935408085393613e+17,279.4334963287073,0.5,7952329.5464379545,7944645.2525095185,1.0009672293329912,1236242085.5808601,1236224977.1099849,32255424.1914978,32236854.91381495,1.0000138392858842,1.0005760263441483,0.12000931923168362,86.53567017722136,6.767037660154212,6.57728284339275,6.225976929358884,0.3513059140338664,7.024266686202389e+24,6.649086465529215e+24,3.7518022067317315e+23,1.0679587381981997e+26,1.064206935991468e+26,1.0138521777057021,8.852889761885861e+16,0.00424722554627018,5.549437990116514e-07,1.4658782799089315e-07,1.4658782799089315e-07,0.0057683704288323265,0.0057683704288323265,2.1991990604319126e+20,3.3154795559206553e-05,1.160586458076125e-18,1.528831509275627e-20,1.528831509275627e-19,1.384090397445483e-14,1.7995675661038836e+19,10000000000000.0,10000000000000.0,0.0,0.011429997374665875,0.0002942292400975984,1.5672530306294213e-05,5.210513439924095e-06,1.5672530306294213e-05,5.210513439924095e-06,1.9633117069049497e-29,1.088978924622842e+19,2.538007988516465e+18,291.7043552878359,3.8573720987396473e-20,-593945.1852524915,2.1849396500585807e+21,2.4625040125875674e+21,0.0,0.0,0.0,0.0,0.3333333333333333,0.3333333333333333,2.0,2.6884417014844093e-19,1.172220809834482e-22,0.0,8.91742287927684e-19,,0.0,0.0,0.0,0.0,0.0,2.6884417014844093e-19,8.91742287927684e-19,0.00010100245455023169,17.0,1.9729969787294123e-17,1.384090397445483e-20,1.4474111183014373e-21,,,1.384090397445483e-20,1.4474111183014373e-21,10.0,,1.7841241161527714e-07,4.035976381050727,9447640287507.541,4.040189259612718e-06,0.00029018905083798567,4.040189259612718e-06,0.00029018905083798567,0.011429997374665875,0.0002942292400975984,False,False,1.0,1.5133926722150104,8.485503006862672e-09,0.23637555440569855,0.6520402216637597,1.0,1.3485957719470758,3.904559065351748e-07,0.17690778710282,0.7374066046961988,0.21164982121377093,0.17637142870277475,0.00948099064057038,0.005486365020233982,True,AP3.4,130.0,8.3,7.498198192099515e+19,$(U_{0.8}Pu_{0.2})N$
RHO_1p0e13_AP3p4,rizk2025_refit_plot,rizk2025_refit_full,1600.0,1.3,10000000000000.0,1.1277371939852502e+23,9.193497929506864e+25,7.522935107630624e+24,3.6298419065481954e+23,4.0032310021851607e+18,1.8417851361665085,70.72317442837898,0.9499335157262175,0.5931772663278713,1.5431107820540888,1.919167895831929,3.4622786778860175,2647023693296.5117,6.617559233241279e+17,286.0655474427108,0.5,7765901.925190616,7760459.16694876,1.000701344872097,1205368211.4541702,1205352327.1562002,31401053.886878718,31389993.703523353,1.0000131781368917,1.000352347421915,0.10559744994342248,86.08476714201169,7.0442188808931885,6.765416527151687,6.134225343592494,0.631191183559193,7.225185697722162e+24,6.551099557766458e+24,6.74086139955704e+23,1.0679587381981997e+26,1.0612178767986424e+26,1.0149888827843274,8.09442887623263e+16,0.003964058258173263,5.321447208520225e-07,1.500111967618399e-07,1.500111967618399e-07,0.006241012493368194,0.006241012493368194,2.133597653535517e+20,3.535263123769585e-05,1.3705602340796549e-18,2.804370316124471e-20,2.804370316124471e-19,2.6363059898109156e-14,1.7995675661038836e+19,10000000000000.0,10000000000000.0,0.0,0.01282334620987023,0.0003470773956044808,1.5550495175131403e-05,5.196071879028774e-06,1.5550495175131403e-05,5.196071879028774e-06,2.009326594807381e-29,1.1283384903019639e+19,2.6033093545321564e+18,341.3411105963631,4.4030497176647204e-20,-617268.8964700587,2.250745242001097e+21,2.6425996710153153e+21,0.0,0.0,0.0,0.0,0.3333333333333333,0.3333333333333333,2.0,4.788179461519709e-19,7.08396822782879e-23,0.0,8.91742287927684e-19,,0.0,0.0,0.0,0.0,0.0,4.788179461519709e-19,8.91742287927684e-19,5.1686661057882994e-05,17.0,2.3299523979354132e-17,2.6363059898109155e-20,1.680643263135559e-21,,,2.6363059898109155e-20,1.680643263135559e-21,10.0,,1.7841241161527714e-07,4.035976381050727,9433761850739.59,4.89062970742734e-06,0.0003421867658970535,4.89062970742734e-06,0.0003421867658970535,0.01282334620987023,0.0003470773956044808,False,False,1.0,1.5119812302464024,8.697243240896436e-09,0.23590938525487495,0.6527004827057541,1.0,1.3604401393027534,3.906910819752164e-07,0.1815567483486486,0.7306571916687981,0.21178623847196215,0.181020669203134,0.009499335157262175,0.005931772663278712,True,AP3.4,130.0,8.3,7.498198192099515e+19,$(U_{0.8}Pu_{0.2})N$
RHO_1p0e13_AP3p4,rizk2025_refit_plot,rizk2025_refit_full,1625.0,1.3,10000000000000.0,9.43367546106422e+22,9.122420064050606e+25,7.958665611419055e+24,3.269279435256314e+23,3.992968823945672e+18,1.9080694527314916,73.21341626394556,0.9513124668853721,0.6563818224910218,1.607694289376394,1.9793601267310037,3.5870544161073976,2488479882042.4595,6.221199705106149e+17,295.03762514437415,0.49999999999999994,7528662.717149966,7524464.037133101,1.000558003865278,1163494089.6089408,1163479660.985068,30329021.888170127,30322311.309672542,1.0000124012686742,1.00022130827789,0.08833370732075464,85.41921834397313,7.4522220070472684,7.040225941658851,6.046964135333754,0.9932618063250964,7.518670813284218e+24,6.457908187900804e+24,1.0607626253834146e+24,1.0679587381981997e+26,1.0573511119443656e+26,1.016605053868031,7.147657553595396e+16,0.0035967918377048723,5.017200280993213e-07,1.5324242193522828e-07,1.5324242193522828e-07,0.006914638877724553,0.006914638877724553,2.0452814125212723e+20,3.800089199584526e-05,1.7295170995263346e-18,5.117002764222704e-20,5.117002764222704e-19,4.922854290289942e-14,1.7995675661038836e+19,10000000000000.0,10000000000000.0,0.0,0.015045254135905848,0.000437335219940585,1.5378103095961185e-05,5.177840965228457e-06,1.5378103095961185e-05,5.177840965228457e-06,2.0525745688034146e-29,1.178049586736265e+19,2.665300352548775e+18,410.5919667484816,5.128755931191997e-20,-635480.3114522836,2.3477660043608054e+21,2.8527285193338467e+21,0.0,0.0,0.0,0.0,0.3333333333333333,0.3333333333333333,2.0,8.377748115986507e-19,4.247233928863714e-23,0.0,8.91742287927684e-19,,0.0,0.0,0.0,0.0,0.0,8.377748115986507e-19,8.91742287927684e-19,2.455733990734703e-05,17.0,2.940179069194769e-17,4.922854290289942e-20,1.941484739327618e-21,,,4.922854290289942e-20,1.941484739327618e-21,10.0,,1.7841241161527714e-07,4.035976381050727,9415326250868.082,6.371801654662896e-06,0.00043096341828592215,6.371801654662896e-06,0.00043096341828592215,0.015045254135905848,0.000437335219940585,False,False,1.0,1.5097894700299266,9.005904364994488e-09,0.23518416362895783,0.6537279596697755,1.0,1.3765296850288298,3.9102549426625987e-07,0.18777003220566507,0.7216551106264595,0.21188866728247174,0.18723434473722309,0.00951312466885372,0.006563818224910218,True,AP3.4,130.0,8.3,7.498198192099515e+19,$(U_{0.8}Pu_{0.2})N$
RHO_1p0e13_AP3p4,rizk2025_refit_plot,rizk2025_refit_full,1650.0,1.3,10000000000000.0,7.501595613757342e+22,9.024557769722475e+25,8.558211161640965e+24,2.850868456231456e+23,3.978798353600203e+18,1.9977311589644176,76.41832156094736,0.9520876205441425,0.7437603510318241,1.6958479715759665,2.060262223872547,3.7561101954485134,2296882451364.0835,5.742206128410208e+17,307.0966548719565,0.5,7232495.171964204,7228994.405444195,1.0004842674269292,1111273439.974068,1111260636.867076,29054783.002514876,29050624.963405423,1.000011521245842,1.0001431307971753,0.07024237309405432,84.50286932384864,8.013615934338343,7.41327236871899,5.963818160576084,1.449454208142907,7.917069004816711e+24,6.369111717612342e+24,1.5479572872043694e+24,1.0679587381981997e+26,1.0524791653261561e+26,1.0188454776789828,6.096666472256532e+16,0.0031691181431683715,4.649154059246136e-07,1.558737973875732e-07,1.558737973875732e-07,0.00785017592539074,0.00785017592539074,1.9386512482269803e+20,4.1217035053577833e-05,2.332934307037629e-18,9.243457552501816e-20,9.243457552501817e-19,9.020265555838444e-14,1.7995675661038836e+19,10000000000000.0,10000000000000.0,0.0,0.01844619172990136,0.0005888154131693599,1.5151415863691258e-05,5.156092144774125e-06,1.5151415863691258e-05,5.156092144774125e-06,2.087566070497294e-29,1.2400450641892393e+19,2.7159604249626696e+18,509.7219400844257,6.109812221157864e-20,-644980.0816575395,2.481131634712117e+21,3.09376279076089e+21,0.0,0.0,0.0,0.0,0.3333333333333333,0.3333333333333333,2.0,1.441192019109945e-18,2.5299362888157518e-23,0.0,8.91742287927684e-19,,0.0,0.0,0.0,0.0,0.0,1.441192019109945e-18,8.91742287927684e-19,1.0844438616140361e-05,17.0,3.9659883219639695e-17,9.020265555838444e-20,2.2319199666337208e-21,,,9.020265555838444e-20,2.2319199666337208e-21,10.0,,1.7841241161527714e-07,4.035976381050727,9391897534846.113,8.938218527015022e-06,0.0005798771946423448,8.938218527015022e-06,0.0005798771946423448,0.01844619172990136,0.0005888154131693599,False,False,1.0,1.5068260312991641,9.426553042300052e-09,0.23420102161051146,0.6551214444810527,1.0,1.3975970928917292,3.914891548568119e-07,0.195734181977699,0.7101481983001542,0.21194620242152454,0.19519903858744575,0.009520876205441425,0.007437603510318242,True,AP3.4,130.0,8.3,7.498198192099515e+19,$(U_{0.8}Pu_{0.2})N$
RHO_1p0e13_AP3p4,rizk2025_refit_plot,rizk2025_refit_full,1675.0,1.3,10000000000000.0,5.713768894221496e+22,8.898427759909666e+25,9.332516946201665e+24,2.4134344291222853e+23,3.959918822396039e+18,2.111814871042277,80.34687840957062,0.9521199049178487,0.8603633814181435,1.8124832863359923,2.163093099280854,3.975576385616847,2083691140270.5754,5.2092278506764384e+17,322.4243240829606,0.5,6888441.92770497,6885336.602051117,1.0004510056418923,1051239659.0911076,1051228509.8666481,27632824.58559196,27630196.01935851,1.0000106059000065,1.0000951338250228,0.05350177576955311,83.32183109361132,8.738649362003411,7.886017768615731,5.884163840694579,2.001853927921152,8.421941585579438e+24,6.284044190659655e+24,2.1378973949197833e+24,1.0679587381981997e+26,1.046579764249002e+26,1.0218463227141172,5.050422607182407e+16,0.0027196541343194043,4.24318214528239e-07,1.5757928503299867e-07,1.5757928503299867e-07,0.009105379546370888,0.009105379546370888,1.8255660376711165e+20,4.504238254120406e-05,3.331146250834437e-18,1.6487351410383357e-19,1.6487351410383356e-18,1.6231955709997532e-13,1.7995675661038836e+19,10000000000000.0,10000000000000.0,0.0,0.023449615552942074,0.0008388587760346476,1.4873666939913583e-05,5.131755074504199e-06,1.4873666939913583e-05,5.131755074504199e-06,2.1099386239933636e-29,1.3153353260974369e+19,2.74840678402168e+18,651.9756946161986,7.435306303477334e-20,-645993.8649240936,2.6528717173940363e+21,3.370038719238447e+21,0.0,0.0,0.0,0.0,0.3333333333333333,0.3333333333333333,2.0,2.439403962906753e-18,1.4991150623023926e-23,0.0,8.91742287927684e-19,,0.0,0.0,0.0,0.0,0.0,2.439403962906753e-18,8.91742287927684e-19,4.5002979437689685e-06,17.0,5.662948626418543e-17,1.623195570999753e-19,2.553957003858251e-21,,,1.623195570999753e-19,2.553957003858251e-21,10.0,,1.7841241161527714e-07,4.035976381050727,9363669117323.125,1.335334891254577e-05,0.0008255054271221018,1.335334891254577e-05,0.0008255054271221018,0.023449615552942074,0.0008388587760346476,False,False,1.0,1.5032179258576264,9.964776267989933e-09,0.23299997605272063,0.6568247024708084,1.0,1.4239737828725805,3.9211032992441424e-07,0.20544321804410773,0.6961707352408143,0.21194859802493923,0.20490881381132836,0.009521199049178487,0.008603633814181435,True,AP3.4,130.0,8.3,7.498198192099515e+19,$(U_{0.8}Pu_{0.2})N$
RHO_1p0e13_AP3p4,rizk2025_refit_plot,rizk2025_refit_full,1700.0,1.3,10000000000000.0,4.218414522654513e+22,8.744783352539214e+25,1.028047288579038e+25,1.9946994363849008e+23,3.9356355028217723e+18,2.2496579002103916,84.95073354508789,0.9512956644955781,1.0106595379030625,1.9619552023986409,2.2920305889524983,4.253985791351139,1855850337096.5835,4.639625842741458e+17,341.6433687787968,0.5000000000000002,6500886.580670577,6498004.067619938,1.000443599760887,986826323.330816,986816706.5723113,26134486.7871054,26132793.765950564,1.0000097452327679,1.0000647853103652,0.039499789381110234,81.8831574644253,9.626282849780338,8.451059896413222,5.807647994704969,2.643411901708254,9.025383263410873e+24,6.202328424324423e+24,2.82305483908645e+24,1.0679587381981997e+26,1.039728189807335e+26,1.0257330870691366,4.096763881410402e+16,0.002286288732552829,3.828292833149935e-07,1.5835474920195762e-07,1.5835474920195762e-07,0.010733980005778326,0.010733980005778326,1.7191866536661474e+20,4.9447169448093783e-05,4.9573286738281364e-18,2.899995230890099e-19,2.8999952308900988e-18,2.8708990269161864e-13,1.7995675661038836e+19,10000000000000.0,10000000000000.0,0.0,0.030554603655852858,0.0012451330965106836,1.455363857179993e-05,5.106048347163326e-06,1.455363857179993e-05,5.106048347163326e-06,2.1196779909068484e-29,1.4040737611736873e+19,2.761382478503493e+18,859.8873222495505,9.245077311443734e-20,-637212.5359153122,2.8621745229149713e+21,3.683805839861127e+21,0.0,0.0,0.0,0.0,0.3333333333333333,0.3333333333333333,2.0,4.065586385900453e-18,8.846547337881255e-24,0.0,8.91742287927684e-19,,0.0,0.0,0.0,0.0,0.0,4.065586385900453e-18,8.91742287927684e-19,1.7845391984166736e-06,17.0,8.427458745507831e-17,2.8708990269161863e-19,2.90962039739128e-21,,,2.8708990269161863e-19,2.90962039739128e-21,10.0,,1.7841241161527714e-07,4.035976381050727,9331332705962.988,2.0879011298941872e-05,0.0012242540852117417,2.0879011298941872e-05,0.0012242540852117417,0.030554603655852858,0.0012451330965106836,False,False,1.0,1.4991530693461046,1.0618285321615134e-08,0.23164155303917908,0.6587523595568849,1.0,1.4556554720922779,3.929151319130501e-07,0.2167397010664289,0.6799812411212405,0.21188741979297157,0.2162062742801988,0.009512956644955781,0.010106595379030626,True,AP3.4,130.0,8.3,7.498198192099515e+19,$(U_{0.8}Pu_{0.2})N$
RHO_1p0e13_AP3p4,rizk2025_refit_plot,rizk2025_refit_full,1725.0,1.3,10000000000000.0,3.0551587447268102e+22,8.565728359888974e+25,1.13939595346577e+25,1.619902614865413e+23,3.9053045540854897e+18,2.4097756566390074,90.15854021391796,0.9495270783350733,1.1988480219570057,2.1483751002920792,2.450238084498949,4.598613184791028,1623929596460.3394,4.059823991150848e+17,365.2253148510121,0.5000000000000002,6081196.388241539,6078439.554239591,1.000453543047907,921255891.1757556,921247583.3108492,24624403.002567083,24623291.31253274,1.0000090180588335,1.0000451479057058,0.028607460526811207,80.20654781420293,10.668913626645306,9.09593109862498,5.733838480135482,3.3620926184894984,9.714079098825298e+24,6.123502908277772e+24,3.590576190547526e+24,1.0679587381981997e+26,1.0320529762927248e+26,1.0306298497925683,3.2805646686239944e+16,0.001894770855910423,3.4275427682336623e-07,1.586499885672354e-07,1.586499885672354e-07,0.012789985859996073,0.012789985859996073,1.628903403207882e+20,5.437919520207789e-05,7.567991386132277e-18,5.027449568924469e-19,5.0274495689244694e-18,4.994440127391286e-13,1.7995675661038836e+19,10000000000000.0,10000000000000.0,0.0,0.0403467020717402,0.001895427284365747,1.420242383548313e-05,5.0800809768231495e-06,1.420242383548313e-05,5.0800809768231495e-06,2.1228778153113487e-29,1.5058987440617861e+19,2.7617214641293645e+18,1166.7209257145769,1.172223704864952e-19,-618672.7689804947,3.106532203017336e+21,4.0354720545249595e+21,0.0,0.0,0.0,0.0,0.3333333333333333,0.3333333333333333,2.0,6.676249098204593e-18,5.204352986654048e-24,0.0,8.91742287927684e-19,,0.0,0.0,0.0,0.0,0.0,6.676249098204593e-18,8.91742287927684e-19,6.876795600204564e-07,17.0,1.286558535642487e-16,4.994440127391286e-19,3.3009441533183215e-21,,,4.994440127391286e-19,3.3009441533183215e-21,10.0,,1.7841241161527714e-07,4.035976381050727,9295809444517.69,3.3563024762951425e-05,0.0018618642596027956,3.3563024762951425e-05,0.0018618642596027956,0.0403467020717402,0.001895427284365747,False,False,1.0,1.4948113572562614,1.1381114339109554e-08,0.23018431684809987,0.6608216619934595,1.0,1.4924877206941771,3.939297151575321e-07,0.22940173256458565,0.6619335520088082,0.21175602929622311,0.22886956474013925,0.009495270783350733,0.011988480219570056,True,AP3.4,130.0,8.3,7.498198192099515e+19,$(U_{0.8}Pu_{0.2})N$
RHO_1p0e13_AP3p4,rizk2025_refit_plot,rizk2025_refit_full,1750.0,1.3,10000000000000.0,2.191487038608686e+22,8.363789218350893e+25,1.2662785127979616e+25,1.2999378681653353e+23,3.868284468171478e+18,2.5906352929797443,95.90451169123897,0.9467384985859892,1.429302418390616,2.376040916976605,2.636873037729547,5.0129139547061525,1402185041378.095,3.505462603445238e+17,393.0445745331944,0.5,5650899.138221675,5648214.334561463,1.000475336717267,856939926.4966396,856932662.8166791,23148771.55307555,23148024.642961618,1.0000084763719201,1.0000322666890782,0.020520334355857612,78.31565882837207,11.856998472940594,9.80682236433149,5.662157153152146,4.144665211179343,1.0473281637945342e+25,6.046950208760277e+24,4.4263314291850657e+24,1.0679587381981997e+26,1.0236954239063492e+26,1.0366723533259066,2.6097476314972396e+16,0.0015566979136432339,3.054859242691902e-07,1.5939738423456618e-07,1.5939738423456618e-07,0.01533196235642627,0.01533196235642627,1.5589331144838932e+20,5.979110954118764e-05,1.170078713301288e-17,8.589643716813095e-19,8.589643716813095e-18,8.552344067970446e-13,1.7995675661038836e+19,10000000000000.0,10000000000000.0,0.0,0.05351383880281944,0.00292157635642484,1.383076503442195e-05,5.054651105634897e-06,1.383076503442195e-05,5.054651105634897e-06,2.1320926738453043e-29,1.6202708241799141e+19,2.7646847863135667e+18,1615.8748160753166,1.5071424545722097e-19,-593079.0693079573,3.382845246585778e+21,4.4242969892867004e+21,0.0,0.0,0.0,0.0,0.3333333333333333,0.3333333333333333,2.0,1.0809044845085196e-17,3.0549830664988003e-24,0.0,8.91742287927684e-19,,0.0,0.0,0.0,0.0,0.0,1.0809044845085196e-17,8.91742287927684e-19,2.610920984862119e-07,17.0,1.9891338126121898e-16,8.552344067970446e-19,3.7299648842649055e-21,,,8.552344067970446e-19,3.7299648842649055e-21,10.0,,1.7841241161527714e-07,4.035976381050727,9258030336178.611,5.466772797917581e-05,0.0028669086284456645,5.466772797917581e-05,0.0028669086284456645,0.05351383880281944,0.00292157635642484,False,False,1.0,1.4903245451962155,1.2247321853009852e-08,0.2286714970178476,0.6629714454867038,1.0,1.534335115540202,3.9518238376570443e-07,0.24321471365329037,0.6423714177689454,0.21154853035840238,0.2426841294519683,0.009467384985859893,0.01429302418390616,True,AP3.4,130.0,8.3,7.498198192099515e+19,$(U_{0.8}Pu_{0.2})N$
RHO_1p0e13_AP3p4,rizk2025_refit_plot,rizk2025_refit_full,1775.0,1.3,10000000000000.0,1.5673288275393153e+22,8.141399772999902e+25,1.4077567053078673e+25,1.0352702139713424e+23,3.823873501682507e+18,2.791050569429542,102.14312050628446,0.9428561629443107,1.7069448547609918,2.649801017705302,2.855406704599021,5.5052077223043225,1195770455663.7007,2.989426139159252e+17,425.6185630745043,0.49999999999999994,5218579.1828133315,5215937.913900129,1.000506384270059,795405898.5533962,795399418.5256709,21734726.83095775,21734209.695144497,1.0000081468851678,1.0000237936331944,0.014675930553118794,76.23328019896739,13.181751831376516,10.570292039102975,5.592339207742217,4.977952831360757,1.1288635748466889e+25,5.972387523876698e+24,5.316248224590191e+24,1.0679587381981997e+26,1.0147962559522978e+26,1.0440200665300794,2.071335409965991e+16,0.0012732570492026416,2.7162983443573877e-07,1.6205686018049968e-07,1.6205686018049968e-07,0.018428696999797965,0.018428696999797965,1.509574374317056e+20,6.565723910436397e-05,1.8155987823124585e-17,1.4466570670705438e-18,1.4466570670705438e-17,1.4424583518951984e-12,1.7995675661038836e+19,10000000000000.0,10000000000000.0,0.0,0.0708624403062265,0.0045190154946845645,1.3447760880188665e-05,5.030232678205315e-06,1.3447760880188665e-05,5.030232678205315e-06,2.166929163759077e-29,1.746676633764336e+19,2.794200560623715e+18,2278.253636605835,1.9605392401852004e-19,-561117.1662596958,3.688048192077953e+21,4.84790753389407e+21,0.0,0.0,0.0,0.0,0.3333333333333333,0.3333333333333333,2.0,1.7264245535196902e-17,1.7908286029686076e-24,0.0,8.91742287927684e-19,,0.0,0.0,0.0,0.0,0.0,1.7264245535196902e-17,8.91742287927684e-19,9.86357019191045e-08,17.0,3.0865179299311796e-16,1.4424583518951983e-18,4.198715175345496e-21,,,1.4424583518951983e-18,4.198715175345496e-21,10.0,,1.7841241161527714e-07,4.035976381050727,9218837154333.668,8.929626601261975e-05,0.004429719228671945,8.929626601261975e-05,0.004429719228671945,0.0708624403062265,0.0045190154946845645,False,False,1.0,1.4857697029415597,1.321290632129274e-08,0.22712852387141177,0.6651656953783092,1.0,1.5811782973213402,3.9670639789330606e-07,0.2580064544435005,0.6215777188012375,0.21125896514178458,0.25747782407504183,0.009428561629443107,0.017069448547609917,True,AP3.4,130.0,8.3,7.498198192099515e+19,$(U_{0.8}Pu_{0.2})N$
RHO_1p0e13_AP3p4,rizk2025_refit_plot,rizk2025_refit_full,1800.0,1.3,10000000000000.0,1.1223745787071746e+22,7.900676529759564e+25,1.5630768575020843e+25,8.207309194779484e+22,3.7712646494160553e+18,3.0102753853650372,108.85344257485899,0.9377953750573191,2.037521147464274,2.9753165225215934,3.111192111255214,6.086508633776807,1007233382143.1161,2.51808345535779e+17,463.7451868794745,0.5,4789721.845033481,4787111.6785886325,1.000545248705294,737479986.1566592,737474056.6238244,20394766.974064454,20394394.035570316,1.0000080403273601,1.0000182863238538,0.010509531300813946,73.9792301628539,14.636116561387196,11.374143744458113,5.524205052831981,5.849938691626133,1.2147116201416433e+25,5.899623057770561e+24,6.247493143645872e+24,1.0679587381981997e+26,1.0054838067617412e+26,1.0528667831534455,1.6445598885747828e+16,0.0010399118575188527,2.4127253193126064e-07,1.6878935900753067e-07,1.6878935900753067e-07,0.02216453290453691,0.02216453290453691,1.4790941864222078e+20,7.197842358575577e-05,2.8109916689626407e-17,2.4025223904971453e-18,2.4025223904971453e-17,2.3978131732901632e-12,1.7995675661038836e+19,10000000000000.0,10000000000000.0,0.0,0.09332966251648807,0.006973922290056251,1.3060602276682943e-05,5.007049020594932e-06,1.3060602276682943e-05,5.007049020594932e-06,2.2563729932490706e-29,1.884713876424674e+19,2.884862118929618e+18,3266.2229000481043,2.5774330291645403e-19,-523441.1280679672,4.0193133629918853e+21,5.303500431514086e+21,0.0,0.0,0.0,0.0,0.3333333333333333,0.3333333333333333,2.0,2.721817440169872e-17,1.0491064501063835e-24,0.0,8.91742287927684e-19,,0.0,0.0,0.0,0.0,0.0,2.721817440169872e-17,8.91742287927684e-19,3.732157806406955e-08,17.0,4.77868583723649e-16,2.397813173290163e-18,4.7092172069822286e-21,,,2.397813173290163e-18,4.7092172069822286e-21,10.0,,1.7841241161527714e-07,4.035976381050727,9178971379181.729,0.000145289677355458,0.006828632612700793,0.000145289677355458,0.006828632612700793,0.09332966251648807,0.006973922290056251,False,False,1.0,1.4811777695715893,1.427634250073943e-08,0.2255655642200081,0.6673900217471206,1.0,1.633153307024123,3.985425578292471e-07,0.2736549785941507,0.5997641387729856,0.21088030879764655,0.2731287235031221,0.009377953750573192,0.020375211474642742,True,AP3.4,130.0,8.3,7.498198192099515e+19,$(U_{0.8}Pu_{0.2})N$
RHO_1p0e13_ANP6,rizk2025_refit_plot,rizk2025_refit_full,900.0,3.2,10000000000000.0,1.721532948135425e+23,2.3778629460008085e+26,7.158981397460654e+24,9.93680344861294e+23,4.0759310827262433e+18,1.7561364315279375,44.22221166990803,2.2542914634287987,0.14765114477496866,2.4019426082037674,0.15101819622467047,2.552960804428438,7570928085391.664,1.892732021347916e+18,86.35892517044721,0.13033007370315403,1222118467301.005,25706665.47341078,47540.91768786896,1267522008.7705696,1264138685.437142,102484523.69508371,50201017.00410085,1.0026763862006625,2.0414830178980616,0.06548687090288784,90.45357159046706,2.723266441571478,6.757675097058595,6.757675097058595,0.0,1.7764721648759695e+25,1.7764721648759695e+25,0.0,2.6288215094111468e+26,2.628821509411147e+26,1.0037009588148138,1.2697432088056888e+17,0.004196527660353216,5.693544235498473e-07,6.451527759103936e-08,6.451527759103936e-08,0.001580977442418238,0.001580977442418238,3.623577163412443e+20,7.129219730889233e-06,9.229586270335752e-19,5.911994148657879e-25,5.911994148657879e-24,5.119872410101689e-28,1.8625632456264503e+19,10000000000000.0,10000000000000.0,0.0,0.022656744164507928,0.00023756060291711957,1.6331667718771513e-05,5.705969593689772e-06,1.6331667718771513e-05,5.705969593689772e-06,7.283107404079671e-30,6.156579486003339e+18,8.764666191294566e+17,0.00032041413926831074,1.0227243734920196e-21,-99892.49366505154,2.695550286366136e+21,0.0,0.0,0.0,0.0,0.0,0.3333333333333333,0.3333333333333333,2.0,2.4966082885114063e-31,1.1115015552558786e-24,0.0,9.229586270333256e-19,,0.0,0.0,0.0,0.0,0.0,2.4966082885114063e-31,9.229586270333256e-19,1.2042810183467137e-06,17.0,1.5690296659570778e-17,5.119872410101689e-34,5.911994143538007e-25,,,5.119872410101689e-34,5.911994143538007e-25,10.0,,1.7841241161527714e-07,4.035976381050727,9639511515529.746,2.100443474689524e-06,0.00023546015944243004,2.100443474689524e-06,0.00023546015944243004,0.022656744164507928,0.00023756060291711957,False,False,1.0,1.7885317945193524,6.216873497471781e-09,0.31625548980523427,0.5414323125258437,1.0,1.204271665770394,3.8835432995795216e-07,0.11440995472686685,0.8291338603403465,0.28249018008223603,0.11387077405179671,0.022542914634287987,0.0014765114477496865,True,ANP6,125.0,8.0,7.76068019011021e+19,$(U_{0.8}Pu_{0.2})N$
RHO_1p0e13_ANP6,rizk2025_refit_plot,rizk2025_refit_full,925.0,3.2,10000000000000.0,1.720271610795123e+23,2.3776591610518583e+26,7.189059843862094e+24,9.927619335200578e+23,4.072843067283951e+18,1.758451719706976,46.0535718216947,2.2611276034764245,0.1666388432453086,2.427766446721733,0.15096663631939333,2.5787330830411266,7571375307763.256,1.8928438269408138e+18,86.34739579314075,0.13030297317923112,473584390542.07306,25710097.908666197,18420.170635851224,1264594045.3350112,1262474240.9020677,86998872.90156963,48204730.10421774,1.0016790872750234,1.8047787574679846,0.0654388898080974,90.44581963970812,2.7347082402229868,6.754033230260803,6.754033230260803,0.0,1.7755147830987247e+25,1.7755147830987247e+25,0.0,2.6288215094111468e+26,2.6288215094111468e+26,1.0041783249073035,1.2678833836933347e+17,0.004192993584092228,5.665427135790969e-07,7.346553692061393e-08,7.346553692061393e-08,0.001782218899662283,0.001782218899662283,4.1771319987167894e+20,7.564125520785682e-06,9.229586270347583e-19,1.005157781403788e-24,1.005157781403788e-23,3.600113810511962e-27,1.8625632456264503e+19,10000000000000.0,10000000000000.0,0.0,0.022662458271531752,0.00023728780913648474,1.6325172786714163e-05,5.671556298602882e-06,1.6325172786714163e-05,5.671556298602882e-06,8.317922291228908e-30,6.353306718379862e+18,1.023186136388402e+18,0.0008492835299455373,1.0224020472417854e-21,-99875.88347069126,2.6939877275796693e+21,0.0,0.0,0.0,0.0,0.0,0.3333333333333333,0.3333333333333333,2.0,1.4326320272288242e-30,7.928467239249499e-24,0.0,9.229586270333256e-19,,0.0,0.0,0.0,0.0,0.0,1.4326320272288242e-30,9.229586270333256e-19,8.590273720851104e-06,17.0,1.569029665959089e-17,3.600113810511962e-33,1.0051577778036742e-24,,,3.600113810511962e-33,1.0051577778036742e-24,10.0,,1.7841241161527714e-07,4.035976381050727,9624867196145.508,2.185360120426248e-06,0.0002351024490160585,2.185360120426248e-06,0.0002351024490160585,0.022662458271531752,0.00023728780913648474,False,False,1.0,1.7896055597740945,6.218790045359069e-09,0.31653032125845737,0.5410613331343267,1.0,1.2141925122241832,3.884524504243696e-07,0.11909547367880244,0.8222013986134471,0.2827754424633417,0.1185565121197532,0.022611276034764247,0.001666388432453086,True,ANP6,125.0,8.0,7.76068019011021e+19,$(U_{0.8}Pu_{0.2})N$
RHO_1p0e13_ANP6,rizk2025_refit_plot,rizk2025_refit_full,950.0,3.2,10000000000000.0,1.719031247004411e+23,2.3774836075063178e+26,7.216153335637718e+24,9.918633632811294e+23,4.069529728607671e+18,1.7607412948898014,47.87163992205592,2.267916746848556,0.1870112574356262,2.454928004284182,0.15095930980572886,2.6058873140899106,7571430320101.855,1.8928575800254638e+18,86.34578981375245,0.13029907292596604,193041384431.02454,25710576.100913916,7508.248110557221,1262204067.135607,1260832585.9358811,75312551.5262404,46374011.91215885,1.001087758370956,1.624024931655614,0.06539170654417964,90.43914160755902,2.74501456633856,6.750452119558228,6.750452119558228,0.0,1.7745733730144737e+25,1.7745733730144737e+25,0.0,2.6288215094111468e+26,2.6288215094111468e+26,1.0046908697879318,1.2660558115491885e+17,0.004189493125125239,5.639563937611571e-07,8.210264173990795e-08,8.210264173990795e-08,0.0019976845874419688,0.0019976845874419688,4.736802633622634e+20,8.049680468470854e-06,9.229586270408242e-19,1.654156910152138e-24,1.654156910152138e-23,2.2845010932250072e-26,1.8625632456264503e+19,10000000000000.0,10000000000000.0,0.0,0.022668280712267553,0.00023701785204547778,1.631875506191853e-05,5.63991520534675e-06,1.631875506191853e-05,5.63991520534675e-06,9.320973007707813e-30,6.551769854575962e+18,1.1653494564485304e+18,0.0021387119503739668,1.0223767485093821e-21,-99875.30732948451,2.6924512522670304e+21,0.0,0.0,0.0,0.0,0.0,0.3333333333333333,0.3333333333333333,2.0,7.498646671560408e-30,4.1448101342312676e-23,0.0,9.229586270333256e-19,,0.0,0.0,0.0,0.0,0.0,7.498646671560408e-30,9.229586270333256e-19,4.490786491178152e-05,17.0,1.5690296659694012e-17,2.284501093225007e-32,1.6541568873071272e-24,,,2.284501093225007e-32,1.6541568873071272e-24,10.0,,1.7841241161527714e-07,4.035976381050727,9610375191645.373,2.2693929250562776e-06,0.0002347484591204215,2.2693929250562776e-06,0.0002347484591204215,0.022668280712267553,0.00023701785204547778,False,False,1.0,1.7906712523631212,6.22066747821492e-09,0.31680284119905117,0.5406935447449108,1.0,1.2241670429172509,3.8855784128068976e-07,0.12374212323137265,0.8153341918436545,0.2830581752590509,0.12320336890534168,0.02267916746848556,0.001870112574356262,True,ANP6,125.0,8.0,7.76068019011021e+19,$(U_{0.8}Pu_{0.2})N$
RHO_1p0e13_ANP6,rizk2025_refit_plot,rizk2025_refit_full,975.0,3.2,10000000000000.0,1.7178042549607743e+23,2.3773388117075368e+26,7.240043008604328e+24,9.909818069014888e+23,4.0660525312881587e+18,1.7630172442814243,49.64455147943594,2.274699181870176,0.20838975715845673,2.4830889390286326,0.15104938758303407,2.6341383266116667,7570622230519.694,1.8926555576299233e+18,86.36603333460786,0.13034626338633715,82445197112.58003,25704549.743520763,3207.416505451983,1260119181.0214329,1259204926.7815497,66367719.205900855,44717898.215267025,1.0007260567525096,1.4841421858964388,0.06534503193963749,90.43363359576504,2.754102164291135,6.746919208004175,6.746919208004175,0.0,1.7736446336260594e+25,1.7736446336260594e+25,0.0,2.6288215094111468e+26,2.6288215094111468e+26,1.0052291344109225,1.2642492360767238e+17,0.004186009955514422,5.616152037142014e-07,9.002880087473891e-08,9.002880087473891e-08,0.0022233795473307703,0.0022233795473307703,5.283540824136997e+20,8.581765165958234e-06,9.229586270693807e-19,2.6424228814455974e-24,2.6424228814455972e-23,1.3186026336093777e-25,1.8625632456264503e+19,10000000000000.0,10000000000000.0,0.0,0.022674288085339445,0.00023675548568329722,1.6312380538045813e-05,5.611224110093572e-06,1.6312380538045813e-05,5.611224110093572e-06,1.024583380361576e-29,6.753634872928113e+18,1.296313605754988e+18,0.005137854124086253,1.0230045772102364e-21,-99909.95787135587,2.6909314682624556e+21,0.0,0.0,0.0,0.0,0.0,0.3333333333333333,0.3333333333333333,2.0,3.605513394506346e-29,1.6519152081715012e-22,0.0,9.229586270333256e-19,,0.0,0.0,0.0,0.0,0.0,3.605513394506346e-29,9.229586270333256e-19,0.00017898041794318947,17.0,1.5690296660179473e-17,1.3186026336093777e-31,2.642422749585334e-24,,,1.3186026336093777e-31,2.642422749585334e-24,10.0,,1.7841241161527714e-07,4.035976381050727,9596290710668.502,2.351062052770695e-06,0.00023440442363052653,2.351062052770695e-06,0.00023440442363052653,0.022674288085339445,0.00023675548568329722,False,False,1.0,1.7917353313738624,6.222511567565803e-09,0.3170747050632716,0.5403267121146482,1.0,1.2340151046396777,3.88668567815381e-07,0.12826833092720674,0.8086526879440025,0.28334006583078747,0.12772976785400175,0.022746991818701757,0.0020838975715845674,True,ANP6,125.0,8.0,7.76068019011021e+19,$(U_{0.8}Pu_{0.2})N$
RHO_1p0e13_ANP6,rizk2025_refit_plot,rizk2025_refit_full,1000.0,3.2,10000000000000.0,1.716585976773975e+23,2.377225261667469e+26,7.260699443562816e+24,9.901157094084387e+23,4.0624807844779044e+18,1.7652860445841645,51.34532456716751,2.2814965913320964,0.23034704195758868,2.511843633289685,0.1513475449471482,2.663191178236833,7567975364138.352,1.891993841034588e+18,86.43289630385848,0.130502522105395,36761718687.26974,25684665.155677497,1431.2710897515321,1258213254.1430357,1257586557.6068435,59446197.19009539,43236653.3606366,1.0004983327250132,1.374902832887067,0.06529868880898226,90.42931416823217,2.7619598430588024,6.743427299900028,6.743427299900028,0.0,1.7727266733127523e+25,1.7727266733127523e+25,0.0,2.6288215094111468e+26,2.6288215094111464e+26,1.0057824071091617,1.2624567636299525e+17,0.004182536755142282,5.595254394813598e-07,9.685316979570534e-08,9.685316979570534e-08,0.002454818007314927,0.002454818007314927,5.797304504974847e+20,9.159878734537294e-06,9.229586271935955e-19,4.1078364398687146e-24,4.107836439868715e-23,6.972208708889678e-25,1.8625632456264503e+19,10000000000000.0,10000000000000.0,0.0,0.022680520905390775,0.00023650467612687883,1.63060310090018e-05,5.585507816017723e-06,1.63060310090018e-05,5.585507816017723e-06,1.1046612222325842e-29,6.959622646099561e+18,1.4095512501512038e+18,0.011819621286715438,1.025028846838925e-21,-100019.92760949465,2.689422618110745e+21,0.0,0.0,0.0,0.0,0.0,0.3333333333333333,0.3333333333333333,2.0,1.6026995865756309e-28,5.19276648232866e-22,0.0,9.229586270333256e-19,,0.0,0.0,0.0,0.0,0.0,1.6026995865756309e-28,9.229586270333256e-19,0.000562621804415882,17.0,1.5690296662291124e-17,6.972208708889678e-31,4.1078357426478436e-24,,,6.972208708889678e-31,4.1078357426478436e-24,10.0,,1.7841241161527714e-07,4.035976381050727,9582826658920.383,2.4291330068116484e-06,0.0002340755431200672,2.4291330068116484e-06,0.0002340755431200672,0.022680520905390775,0.00023650467612687883,False,False,1.0,1.7928012617248614,6.224325449368162e-09,0.31734679840163216,0.5399596402432507,1.0,1.2435755660791794,3.8878243731245115e-07,0.13260536123445324,0.8022578365399852,0.2836220171311492,0.13206696975887444,0.022814965913320964,0.002303470419575887,True,ANP6,125.0,8.0,7.76068019011021e+19,$(U_{0.8}Pu_{0.2})N$
RHO_1p0e13_ANP6,rizk2025_refit_plot,rizk2025_refit_full,1025.0,3.2,10000000000000.0,1.715373379675097e+23,2.377142117201833e+26,7.278219804541811e+24,9.892640571554906e+23,4.058887835151825e+18,1.7675511866475104,52.95196847619623,2.28832042876869,0.25243059323426664,2.5407510220029565,0.15207449099642298,2.6928255129993794,7561559969517.033,1.8903899923792584e+18,86.59553494232287,0.13088306681078246,17057905987.713673,25636425.72886276,665.3777000008639,1256415879.9631138,1255974942.4912796,54048982.695777394,41924787.007643886,1.00035107187008,1.2891892017465223,0.06525256178611148,90.42615136446865,2.768624563701217,6.739971510044022,6.739971510044022,0.0,1.7718182078422052e+25,1.7718182078422052e+25,0.0,2.6288215094111468e+26,2.6288215094111468e+26,1.0063393073747466,1.2606739092042584e+17,0.004179070845741804,5.576848094121458e-07,1.0223337591381277e-07,1.0223337591381277e-07,0.0026872626666966507,0.0026872626666966507,6.258380883318256e+20,9.775808357881001e-06,9.22958627695745e-19,6.228609020264905e-24,6.228609020264905e-23,3.398959714178951e-24,1.8625632456264503e+19,10000000000000.0,10000000000000.0,0.0,0.02268699742683703,0.0002362685933711471,1.629969666945238e-05,5.562688914613185e-06,1.629969666945238e-05,5.562688914613185e-06,1.1682827218248395e-29,7.169604602915462e+18,1.4993426557122993e+18,0.026136566223428387,1.0299338785547769e-21,-100284.92497878842,2.687920949213073e+21,0.0,0.0,0.0,0.0,0.0,0.3333333333333333,0.3333333333333333,2.0,6.624193185834588e-28,1.3258494972592796e-21,0.0,9.229586270333256e-19,,0.0,0.0,0.0,0.0,0.0,6.624193185834588e-28,9.229586270333256e-19,0.0014365210503198725,17.0,1.5690296670827666e-17,3.398959714178951e-30,6.228605621305191e-24,,,3.398959714178951e-30,6.228605621305191e-24,10.0,,1.7841241161527714e-07,4.035976381050727,9570153201661.58,2.5026191578200138e-06,0.00023376597421332707,2.5026191578200138e-06,0.00023376597421332707,0.02268699742683703,0.0002362685933711471,False,False,1.0,1.7938708577650082,6.2261111409571355e-09,0.3176195828325616,0.5395917067952857,1.0,1.2527090984535494,3.888971182362684e-07,0.13669754852814495,0.7962308574249375,0.28390450191106187,0.13615930604645735,0.0228832042876869,0.0025243059323426663,True,ANP6,125.0,8.0,7.76068019011021e+19,$(U_{0.8}Pu_{0.2})N$
RHO_1p0e13_ANP6,rizk2025_refit_plot,rizk2025_refit_full,1050.0,3.2,10000000000000.0,1.7141644095574953e+23,2.3770876861978292e+26,7.292783779548686e+24,9.884260085442591e+23,4.0553463711755873e+18,1.7698145597387591,54.44766510786894,2.295176373232419,0.2741917254797596,2.5693680987121783,0.15365438983718635,2.723022488549365,7547728356151.398,1.8869320890378496e+18,86.94742930642785,0.13170759416854905,8211728898.889414,25532669.771938615,321.61653960348553,1254686633.1398997,1254368706.4749272,49821209.91559887,40773098.26972101,1.0002534555137828,1.2219137625015164,0.06520657273309767,90.42408081674189,2.774164679283327,6.736547931241697,6.736547931241697,0.0,1.7709182100827337e+25,1.7709182100827337e+25,0.0,2.6288215094111468e+26,2.628821509411147e+26,1.0068885152266809,1.2588976390395595e+17,0.004175611775902001,5.560854103099613e-07,1.0592563885482176e-07,1.0592563885482176e-07,0.0029160233918320163,0.0029160233918320163,6.649051882349881e+20,1.0429479907923525e-05,9.229586295923071e-19,9.230255568932457e-24,9.230255568932457e-23,1.5366002896313798e-23,1.8625632456264503e+19,10000000000000.0,10000000000000.0,0.0,0.022693721273566777,0.0002360495973736587,1.6293372215702844e-05,5.542622619612876e-06,1.6293372215702844e-05,5.542622619612876e-06,1.2125294718218936e-29,7.382752296364251e+18,1.5616013180415808e+18,0.05577397494234285,1.0405763096989794e-21,-100856.50940868518,2.6864239170590144e+21,0.0,0.0,0.0,0.0,0.0,0.3333333333333333,0.3333333333333333,2.0,2.558981501392922e-27,2.8205305937173354e-21,0.0,9.229586270333256e-19,,0.0,0.0,0.0,0.0,0.0,2.558981501392922e-27,9.229586270333256e-19,0.0030559664358555606,17.0,1.569029670306922e-17,1.5366002896313797e-29,9.230240202929561e-24,,,1.5366002896313797e-29,9.230240202929561e-24,10.0,,1.7841241161527714e-07,4.035976381050727,9558397007942.348,2.570786116706868e-06,0.00023347881125695185,2.570786116706868e-06,0.00023347881125695185,0.022693721273566777,0.0002360495973736587,False,False,1.0,1.7949449979619818,6.227870309581222e-09,0.3178932799517206,0.5392226135672016,1.0,1.261301498750929,3.8901028915517093e-07,0.14050268806278582,0.7906328000643912,0.2841877508281579,0.13996457019776018,0.022951763732324187,0.002741917254797596,True,ANP6,125.0,8.0,7.76068019011021e+19,$(U_{0.8}Pu_{0.2})N$
RHO_1p0e13_ANP6,rizk2025_refit_plot,rizk2025_refit_full,1075.0,3.2,10000000000000.0,1.7129576778996582e+23,2.377059723631567e+26,7.304625054775671e+24,9.876006843476171e+23,4.0519230195041203e+18,1.7720772102051607,55.821078081878255,2.3020667524962346,0.2952191018426786,2.5972858543389132,0.15687634863188882,2.7541622029708024,7519887479186.582,1.8799718697966454e+18,87.65887362700944,0.13337799268376574,4089358105.6165075,25325445.196183473,161.4723087368577,1253001666.7177513,1252767084.4223437,46504170.81088184,39769923.410359584,1.0001872513241483,1.1693301576429003,0.06516066883077805,90.42301712465925,2.7786690837035564,6.733153122806449,6.733153122806449,0.0,1.7700257755392425e+25,1.7700257755392425e+25,0.0,2.6288215094111468e+26,2.6288215094111475e+26,1.007419618622802,1.2571259082796664e+17,0.0041721598988007655,5.547152335645168e-07,1.0783795064033173e-07,1.0783795064033173e-07,0.003136804247714391,0.003136804247714391,6.955511547343172e+20,1.1114870451371974e-05,9.229586363166182e-19,1.339269735187341e-23,1.339269735187341e-22,6.475908336901747e-23,1.8625632456264503e+19,10000000000000.0,10000000000000.0,0.0,0.022700685451587047,0.00023584920951610547,1.6287054711678542e-05,5.525118309234349e-06,1.6287054711678542e-05,5.525118309234349e-06,1.2362375833393232e-29,7.597810297254832e+18,1.594743228035683e+18,0.11537883723307553,1.062286524048443e-21,-102009.45167021768,2.684929803283694e+21,0.0,0.0,0.0,0.0,0.0,0.3333333333333333,0.3333333333333333,2.0,9.283292620781236e-27,5.111146223267797e-21,0.0,9.229586270333256e-19,,0.0,0.0,0.0,0.0,0.0,9.283292620781236e-27,9.229586270333256e-19,0.005537784709036987,17.0,1.569029681738251e-17,6.475908336901747e-29,1.3392632592790043e-23,,,6.475908336901747e-29,1.3392632592790043e-23,10.0,,1.7841241161527714e-07,4.035976381050727,9547639696198.213,2.6331607407070255e-06,0.00023321604877539845,2.6331607407070255e-06,0.00023321604877539845,0.022700685451587047,0.00023584920951610547,False,False,1.0,1.7960240127646554,6.229604710864585e-09,0.3181679710953131,0.5388522516811795,1.0,1.2692677384300346,3.8911981181466214e-07,0.14399272980235134,0.785503671175662,0.2844718546453515,0.14345471209745908,0.023020667524962346,0.002952191018426786,True,ANP6,125.0,8.0,7.76068019011021e+19,$(U_{0.8}Pu_{0.2})N$
RHO_1p0e13_ANP6,rizk2025_refit_plot,rizk2025_refit_full,1100.0,3.2,10000000000000.0,1.7117523084240957e+23,2.377055607995308e+26,7.314014020305124e+24,9.867870336847428e+23,4.0486726687820175e+18,1.7743397735771929,57.06673900161184,2.308991886922882,0.31517404353253686,2.624165930455419,0.16316815175893742,2.787334082214356,7466641673435.049,1.8666604183587622e+18,89.02607037058742,0.1365968803394176,2100513135.6418982,24936515.683089696,84.23442803063011,1251346521.2446036,1251169608.5830986,43903867.822072,38901819.84881415,1.0001413978251161,1.1285813361096608,0.06511481674568033,90.42286056643556,2.782240632968442,6.729783983850314,6.729783983850314,0.0,1.7691400890436343e+25,1.7691400890436343e+25,0.0,2.6288215094111468e+26,2.628821509411147e+26,1.0079240117074548,1.2553574395192638e+17,0.004168715489029921,5.535586772597366e-07,1.080750710210429e-07,1.080750710210429e-07,0.0033460713298393147,0.0033460713298393147,7.169824368503644e+20,1.1830067059463516e-05,9.229586587946777e-19,1.9057338427981425e-23,1.9057338427981425e-22,2.556484784617257e-22,1.8625632456264503e+19,10000000000000.0,10000000000000.0,0.0,0.022707874367423036,0.00023566807617972086,1.6280742375955096e-05,5.509951551148269e-06,1.6280742375955096e-05,5.509951551148269e-06,1.2405279220222389e-29,7.813435240389414e+18,1.6004174819164134e+18,0.23270996310364575,1.1047778360283215e-21,-104213.2890617436,2.683437536309951e+21,0.0,0.0,0.0,0.0,0.0,0.3333333333333333,0.3333333333333333,2.0,3.1761352235744896e-26,8.043227546416823e-21,0.0,9.229586270333256e-19,,0.0,0.0,0.0,0.0,0.0,3.1761352235744896e-26,9.229586270333256e-19,0.008714613021693452,17.0,1.569029719950952e-17,2.556484784617257e-28,1.9057082779502963e-23,,,2.556484784617257e-28,1.9057082779502963e-23,10.0,,1.7841241161527714e-07,4.035976381050727,9537915810104.258,2.689542873279405e-06,0.00023297853330644147,2.689542873279405e-06,0.00023297853330644147,0.022707874367423036,0.00023566807617972086,False,False,1.0,1.7971078985703883,6.231316471059651e-09,0.318443652364043,0.5384806272367686,1.0,1.2765563383816323,3.892239147013733e-07,0.14715465372293043,0.7808612990597712,0.2847568208566641,0.14661671379310737,0.02308991886922882,0.0031517404353253687,True,ANP6,125.0,8.0,7.76068019011021e+19,$(U_{0.8}Pu_{0.2})N$
RHO_1p0e13_ANP6,rizk2025_refit_plot,rizk2025_refit_full,1125.0,3.2,10000000000000.0,1.7105478401322612e+23,2.377072447567812e+26,7.32124703694013e+24,9.859837506918263e+23,4.0456332765974697e+18,1.7766027257475945,58.18535103389977,2.315950854672002,0.333822879118365,2.649773733790367,0.1750553349814672,2.8248290687718343,7369372312171.477,1.842343078042869e+18,91.5367439349738,0.14252875166903714,1109559819.4897876,24252555.908882357,45.75022210683443,1249712159.757902,1249575928.1613305,41870046.81969713,38153933.259018935,1.0001090222638747,1.0973979153197728,0.0650689989414847,90.4235011414021,2.784992062310111,6.7264377973463425,6.7264377973463425,0.0,1.7682604363380202e+25,1.7682604363380202e+25,0.0,2.6288215094111468e+26,2.6288215094111478e+26,1.0083957228823195,1.2535915976571856e+17,0.004165278199397984,5.525965746252425e-07,1.0695767922919307e-07,1.0695767922919307e-07,0.003541391586243904,0.003541391586243904,7.291552698139215e+20,1.257255531343878e-05,9.229587299187473e-19,2.6634018997210715e-23,2.6634018997210716e-22,9.494708146321283e-22,1.8625632456264503e+19,10000000000000.0,10000000000000.0,0.0,0.022715265130412093,0.00023550594744276587,1.6274433878444847e-05,5.4968707476706465e-06,1.6274433878444847e-05,5.4968707476706465e-06,1.2290364164882348e-29,8.028485847697555e+18,1.5838126378764326e+18,0.46111384039216846,1.1854877364836317e-21,-108208.55055756244,2.6819466069264627e+21,0.0,0.0,0.0,0.0,0.0,0.3333333333333333,0.3333333333333333,2.0,1.028854216590493e-25,1.117844112518055e-20,0.0,9.229586270333256e-19,,0.0,0.0,0.0,0.0,0.0,1.028854216590493e-25,9.229586270333256e-19,0.012111528677089001,17.0,1.5690298408618703e-17,9.494708146321284e-28,2.663306952639608e-23,,,9.494708146321284e-28,2.663306952639608e-23,10.0,,1.7841241161527714e-07,4.035976381050727,9529211477697.246,2.740013152170801e-06,0.00023276593429059507,2.740013152170801e-06,0.00023276593429059507,0.022715265130412093,0.00023550594744276587,False,False,1.0,1.798196439049323,6.233008264347959e-09,0.31872026582392854,0.5381078191521292,1.0,1.2831530213439644,3.8932136249227687e-07,0.14999113100403813,0.776700504183027,0.2850426059078383,0.1494532508748631,0.023159508546720022,0.0033382287911836502,True,ANP6,125.0,8.0,7.76068019011021e+19,$(U_{0.8}Pu_{0.2})N$
RHO_1p0e13_ANP6,rizk2025_refit_plot,rizk2025_refit_full,1150.0,3.2,10000000000000.0,1.709344104841874e+23,2.3771071662250453e+26,7.326637565768947e+24,9.851892441476568e+23,4.042822253968342e+18,1.77886652436587,59.18375092390205,2.322941957117179,0.35105948844445606,2.6740014455616348,0.19692629762581965,2.8709277431874547,7200214710976.883,1.8000536777442207e+18,95.9400481369739,0.15297708264600465,600910732.1308187,23139450.55385525,25.969101156150888,1248092731.621246,1247985708.6474688,40282285.54966809,37510295.73732927,1.0000857565699957,1.0738994390166914,0.0650232090205609,90.4248218342338,2.7870426118850897,6.723112344860546,6.723112344860546,0.0,1.7673862342357016e+25,1.7673862342357016e+25,0.0,2.6288215094111468e+26,2.628821509411147e+26,1.008831997617127,1.2518282613140888e+17,0.004161846779308587,5.518062700658198e-07,1.0499513833237547e-07,1.0499513833237547e-07,0.00372167038794013,0.00372167038794013,7.328530700152916e+20,1.3339539182838198e-05,9.22958943709223e-19,3.660792762206921e-23,3.660792762206921e-22,3.330768464716398e-21,1.8625632456264503e+19,10000000000000.0,10000000000000.0,0.0,0.02272282940445415,0.00023536171008277512,1.6268127945519313e-05,5.485602646159156e-06,1.6268127945519313e-05,5.485602646159156e-06,1.2076055695241512e-29,8.242181845637664e+18,1.5532071854658e+18,0.906862934896326,1.3355911902963722e-21,-115031.54082217111,2.680457004722229e+21,0.0,0.0,0.0,0.0,0.0,0.3333333333333333,0.3333333333333333,2.0,3.1667589742037936e-25,1.392433705843146e-20,0.0,9.229586270333256e-19,,0.0,0.0,0.0,0.0,0.0,3.1667589742037936e-25,9.229586270333256e-19,0.015086626716538222,17.0,1.569030204305679e-17,3.330768464716398e-27,3.6604596853604494e-23,,,3.330768464716398e-27,3.6604596853604494e-23,10.0,,1.7841241161527714e-07,4.035976381050727,9521465648238.568,2.784925950766442e-06,0.00023257678413200866,2.784925950766442e-06,0.00023257678413200866,0.02272282940445415,0.00023536171008277512,False,False,1.0,1.7992892797446267,6.2346833795696655e-09,0.3189977186843769,0.5377339532524863,1.0,1.2890819840319354,3.894115757729977e-07,0.15252032761566428,0.7729935068496977,0.28532913476404753,0.1519824957400151,0.023229419571171788,0.0035105948844445607,True,ANP6,125.0,8.0,7.76068019011021e+19,$(U_{0.8}Pu_{0.2})N$
RHO_1p0e13_ANP6,rizk2025_refit_plot,rizk2025_refit_full,1175.0,3.2,10000000000000.0,1.70814098745236e+23,2.377156609805637e+26,7.330505130514906e+24,9.844016624867586e+23,4.0402356376217175e+18,1.7811316808398325,60.07423644395376,2.329963046973449,0.3669104516129291,2.696873498586378,0.2362865658732932,2.9331600644596714,6922633939544.238,1.7306584848860595e+18,103.29272390315671,0.17048724419992975,332714216.0071763,21492317.32993494,15.48061155526329,1246484288.7418327,1246398581.2397845,39041230.85750426,36954277.43091081,1.000068764120353,1.056473934052565,0.06497744260449931,90.42670266107635,2.7885138280677455,6.719806068251428,6.719806068251428,0.0,1.7665170731290904e+25,1.7665170731290904e+25,0.0,2.6288215094111468e+26,2.628821509411147e+26,1.009233441225592,1.250067606493979e+17,0.004158418992793198,5.511622250765085e-07,1.0279919431285423e-07,1.0279919431285423e-07,0.003887207342186107,0.003887207342186107,7.2962394174801e+20,1.4128169936562527e-05,9.229595562117292e-19,4.954703152658314e-23,4.954703152658314e-22,1.1076769180051558e-20,1.8625632456264503e+19,10000000000000.0,10000000000000.0,0.0,0.022730537257886377,0.00023523352428090485,1.6261823159482525e-05,5.4758605671255e-06,1.6261823159482525e-05,5.4758605671255e-06,1.1832893636775125e-29,8.454124714128392e+18,1.518560428267981e+18,1.7933186834752242,1.611393314764412e-21,-125852.4059392707,2.6789691546584933e+21,0.0,0.0,0.0,0.0,0.0,0.3333333333333333,0.3333333333333333,2.0,9.291784035179553e-25,1.5748113098161132e-20,0.0,9.229586270333256e-19,,0.0,0.0,0.0,0.0,0.0,9.291784035179553e-25,9.229586270333256e-19,0.01706262532542485,17.0,1.5690312455599397e-17,1.1076769180051557e-26,4.953595475740309e-23,,,1.1076769180051557e-26,4.953595475740309e-23,10.0,,1.7841241161527714e-07,4.035976381050727,9514576052667.777,2.824875131066927e-06,0.00023240864914983792,2.824875131066927e-06,0.00023240864914983792,0.022730537257886377,0.00023523352428090485,False,False,1.0,1.8003859826512145,6.2363456703984755e-09,0.3192758972977534,0.5373591833643395,1.0,1.2944029175949352,3.894946613637243e-07,0.15477412181466707,0.7696926265495052,0.2856163146372844,0.15423633409892923,0.02329963046973449,0.003669104516129291,True,ANP6,125.0,8.0,7.76068019011021e+19,$(U_{0.8}Pu_{0.2})N$
RHO_1p0e13_ANP6,rizk2025_refit_plot,rizk2025_refit_full,1200.0,3.2,10000000000000.0,1.7069379309705034e+23,2.3772176908942572e+26,7.333160164311987e+24,9.836189421993128e+23,4.0378508613543347e+18,1.783398804599097,60.873079845300076,2.3370118070949224,0.3815177157405376,2.71852952283546,0.30572036901009036,3.0242498918455505,6498017986181.5,1.624504496545375e+18,114.95512318837142,0.19820683857107058,187952861.04116696,19311883.963294037,9.732497429997387,1244884027.1411397,1244814112.3987408,38063793.02808018,36469322.82121755,1.0000561648054136,1.0437208613573428,0.0649316785053564,90.42902617708539,2.7895237991850603,6.716518345224191,6.716518345224191,0.0,1.7656527894279915e+25,1.7656527894279915e+25,0.0,2.6288215094111468e+26,2.6288215094111468e+26,1.009603590012378,1.2483097165870178e+17,0.004154991569301712,5.506374201362588e-07,1.0094992008257822e-07,1.0094992008257822e-07,0.004039515841719474,0.004039515841719474,7.215496323918247e+20,1.493575486216479e-05,9.229612338152461e-19,6.611179243465562e-23,6.611179243465562e-22,3.503783313863259e-20,1.8625632456264503e+19,10000000000000.0,10000000000000.0,0.0,0.022738364875824237,0.00023511910973638954,1.6255517835743032e-05,5.467357634107123e-06,1.6255517835743032e-05,5.467357634107123e-06,1.1628015633617641e-29,8.664227305452187e+18,1.4893288348292093e+18,3.619376918993078,2.1172992896773342e-21,-141444.16784430633,2.677483870305141e+21,0.0,0.0,0.0,0.0,0.0,0.3333333333333333,0.3333333333333333,2.0,2.6067819204802983e-24,1.635620778320907e-20,0.0,9.229586270333256e-19,,0.0,0.0,0.0,0.0,0.0,2.6067819204802983e-24,9.229586270333256e-19,0.017721446127913074,17.0,1.5690340974859185e-17,3.503783313863259e-26,6.607675460151699e-23,,,3.503783313863259e-26,6.607675460151699e-23,10.0,,1.7841241161527714e-07,4.035976381050727,9508411171883.018,2.8606254420912267e-06,0.00023225848429429832,2.8606254420912267e-06,0.00023225848429429832,0.022738364875824237,0.00023511910973638954,False,False,1.0,1.8014860736459388,6.237999455745335e-09,0.31955467927266523,0.5369836749721918,1.0,1.2992026107785013,3.8957132635977e-07,0.15679429255341967,0.7667359119065549,0.28590404653923385,0.15625655184770665,0.023370118070949224,0.0038151771574053764,True,ANP6,125.0,8.0,7.76068019011021e+19,$(U_{0.8}Pu_{0.2})N$
RHO_1p0e13_ANP6,rizk2025_refit_plot,rizk2025_refit_full,1225.0,3.2,10000000000000.0,1.7057329288508925e+23,2.3772875489156538e+26,7.334886487156826e+24,9.828387696992477e+23,4.0356328645053916e+18,1.7856686928434373,61.59834973259414,2.3440860063262896,0.3951004197743888,2.7391864261006784,0.42572269136237967,3.1649091174630577,5900503190358.104,1.475125797589526e+18,132.5642520145186,0.23934423097287513,108256139.79183908,16746596.207225334,6.464366755623562,1243289786.1100159,1243231742.202384,37281178.665515915,36039926.55058598,1.0000466879228236,1.034441027874674,0.06488584039442734,90.43168356638118,2.7901804899640497,6.7132501032603615,6.7132501032603615,0.0,1.764793626950744e+25,1.764793626950744e+25,0.0,2.6288215094111468e+26,2.628821509411147e+26,1.009947950293159,1.246553898580371e+17,0.004151559761954309,5.502053949325449e-07,9.985835123783963e-08,9.985835123783963e-08,0.0041809225145636,0.0041809225145636,7.1087670522045e+20,1.5760015199955984e-05,9.229656387498668e-19,8.707186635561624e-23,8.707186635561624e-22,1.057421518979397e-19,1.8625632456264503e+19,10000000000000.0,10000000000000.0,0.0,0.02274630911656841,0.00023501621088971262,1.6249209774117527e-05,5.459824207708407e-06,1.6249209774117527e-05,5.459824207708407e-06,1.1509213720585389e-29,8.872611000974189e+18,1.4722296285064502e+18,7.568336026222055,3.055248151350568e-21,-161300.10992963752,2.676002444103731e+21,0.0,0.0,0.0,0.0,0.0,0.3333333333333333,0.3333333333333333,2.0,7.011716541319382e-24,1.5757510302933402e-20,0.0,9.229586270333256e-19,,0.0,0.0,0.0,0.0,0.0,7.011716541319382e-24,9.229586270333256e-19,0.017072694411762224,17.0,1.5690415858747737e-17,1.057421518979397e-25,8.696612420371831e-23,,,1.057421518979397e-25,8.696612420371831e-23,10.0,,1.7841241161527714e-07,4.035976381050727,9502827218538.312,2.893015954438576e-06,0.00023212319493527405,2.893015954438576e-06,0.00023212319493527405,0.02274630911656841,0.00023501621088971262,False,False,1.0,1.8025890820771748,6.239649602637016e-09,0.3198339435367401,0.5366075916557231,1.0,1.3035818560547827,3.896426836879057e-07,0.15862699346466708,0.7640552374931502,0.2861922357618233,0.1580893074893084,0.023440860063262896,0.003951004197743888,True,ANP6,125.0,8.0,7.76068019011021e+19,$(U_{0.8}Pu_{0.2})N$
RHO_1p0e13_ANP6,rizk2025_refit_plot,rizk2025_refit_full,1250.0,3.2,10000000000000.0,1.704520464785308e+23,2.3773636553450086e+26,7.335927122317958e+24,9.820582232588118e+23,4.0335418668878884e+18,1.7879426026133443,62.26754729190954,2.351183710131716,0.4079063407016792,2.759090050833395,0.6285239470456507,3.3876139978790456,5135518493680.152,1.2838796234200381e+18,158.0979916567476,0.2962907318325306,63608411.619691,14041924.105019147,4.5298928511481416,1241699589.9779146,1241650597.0354638,36638374.70149671,35652600.69732097,1.0000394579139797,1.0276494276685353,0.06483971843212431,90.43457864423574,2.7905763461138133,6.710005291218329,6.710005291218329,0.0,1.7639406237817348e+25,1.7639406237817348e+25,0.0,2.6288215094111468e+26,2.6288215094111468e+26,1.010272769742822,1.2447974602742962e+17,0.0041481156465715836,5.498422804550615e-07,9.9687572927505e-08,9.9687572927505e-08,0.004314055734528609,0.004314055734528609,6.99610725437957e+20,1.659948832192989e-05,9.229767552555075e-19,1.1334130523459807e-22,1.1334130523459808e-21,3.0533079764031823e-19,1.8625632456264503e+19,10000000000000.0,10000000000000.0,0.0,0.022754415010452264,0.00023492327154934968,1.624289550532302e-05,5.4530251616411025e-06,1.624289550532302e-05,5.4530251616411025e-06,1.1495717868088489e-29,9.079513279465106e+18,1.469953749992768e+18,16.622447256238587,4.838525241639133e-21,-182980.9418466436,2.674527118130271e+21,0.0,0.0,0.0,0.0,0.0,0.3333333333333333,0.3333333333333333,2.0,1.8128222181985484e-23,1.4206355952567515e-20,0.0,9.229586270333256e-19,,0.0,0.0,0.0,0.0,0.0,1.8128222181985484e-23,9.229586270333256e-19,0.015391889201624338,17.0,1.5690604839343627e-17,3.0533079764031822e-25,1.1303597443695776e-22,,,3.0533079764031822e-25,1.1303597443695776e-22,10.0,,1.7841241161527714e-07,4.035976381050727,9497686257025.322,2.9228593446166263e-06,0.00023200041220473305,2.9228593446166263e-06,0.00023200041220473305,0.022754415010452264,0.00023492327154934968,False,False,1.0,1.8036945583488877,6.241302287384491e-09,0.32011357477989144,0.5362310891087173,1.0,1.3076407943181823,3.8971000268526085e-07,0.1603167883823202,0.7615850062014674,0.2864808003942841,0.15977916679009202,0.023511837101317157,0.004079063407016792,True,ANP6,125.0,8.0,7.76068019011021e+19,$(U_{0.8}Pu_{0.2})N$
RHO_1p0e13_ANP6,rizk2025_refit_plot,rizk2025_refit_full,1275.0,3.2,10000000000000.0,1.7032872511533996e+23,2.377443763454293e+26,7.336480829711048e+24,9.812726853328773e+23,4.031540274215668e+18,1.790222947502395,62.89576537534316,2.358303407277742,0.42016882980894477,2.778472237086687,0.963532925648366,3.742005162735053,4249470107261.7075,1.062367526815427e+18,194.17401150779412,0.36982651711404474,38143575.09254004,11433043.91129031,3.3362572022375128,1240110998.5329282,1240069011.0118423,36093608.76669111,35296493.91738383,1.0000338590197102,1.0225834002428977,0.0647928071592405,90.43762594543126,2.790786975626357,6.706794271783154,6.706794271783154,0.0,1.7630965040859022e+25,1.7630965040859022e+25,0.0,2.6288215094111468e+26,2.6288215094111468e+26,1.0105839441124551,1.2430333811617686e+17,0.004144643599786821,5.495279310945158e-07,1.0037002104237227e-07,1.0037002104237227e-07,0.00444138960062329,0.00444138960062329,6.892050203933373e+20,1.7454222179865312e-05,9.230037822986944e-19,1.4605900990819512e-22,1.4605900990819512e-21,8.457331924393166e-19,1.8625632456264503e+19,10000000000000.0,10000000000000.0,0.0,0.022762829792599065,0.00023484042870535067,1.6236568363437825e-05,5.446771023415003e-06,1.6236568363437825e-05,5.446771023415003e-06,1.1580098602412831e-29,9.285226280773415e+18,1.4814413927909806e+18,38.84512879920585,8.374802385535308e-21,-202626.71562055065,2.673062392548414e+21,0.0,0.0,0.0,0.0,0.0,0.3333333333333333,0.3333333333333333,2.0,4.5155265368944576e-23,1.2079846732221998e-20,0.0,9.229586270333256e-19,,0.0,0.0,0.0,0.0,0.0,4.5155265368944576e-23,9.229586270333256e-19,0.013087537628651693,17.0,1.5691064299077806e-17,8.457331924393166e-25,1.452132767157558e-22,,,8.457331924393166e-25,1.452132767157558e-22,10.0,,1.7841241161527714e-07,4.035976381050727,9492870099352.262,2.9508709009433947e-06,0.00023188955780440728,2.9508709009433947e-06,0.00023188955780440728,0.022762829792599065,0.00023484042870535067,False,False,1.0,1.8048020446461426,6.242967308975938e-09,0.3203934560359472,0.5358543251313287,1.0,1.3114671555341262,3.897744865109505e-07,0.16190202863424957,0.7592688666397798,0.28676967633379236,0.16136448034527157,0.023583034072777422,0.0042016882980894475,True,ANP6,125.0,8.0,7.76068019011021e+19,$(U_{0.8}Pu_{0.2})N$
RHO_1p0e13_ANP6,rizk2025_refit_plot,rizk2025_refit_full,1300.0,3.2,10000000000000.0,1.7020034243513683e+23,2.3775255950761738e+26,7.336714935618861e+24,9.804733320460143e+23,4.0295966235341993e+18,1.7925148457273294,63.494888037023934,2.3654440422964043,0.4320822924003898,2.7975263346967942,1.5071477076593784,4.304674042356173,3319745872692.6636,8.299364681731658e+17,244.73579947155363,0.4589664140433114,23302636.523948602,9071006.386452414,2.568914134902516,1238519937.12869,1238483466.561871,35616815.17725039,34963444.595815584,1.0000294477623672,1.01868724861031,0.06474397056849308,90.44073880880323,2.790876029183996,6.70364119144429,6.70364119144429,0.0,1.7622676155443316e+25,1.7622676155443316e+25,0.0,2.6288215094111468e+26,2.6288215094111468e+26,1.0108863921076416,1.2412456462313853e+17,0.004141110203371406,5.492454558362862e-07,1.017020175850967e-07,1.017020175850967e-07,0.004564980557892028,0.004564980557892028,6.804312019963764e+20,1.8326987229418098e-05,9.23067223883602e-19,1.8677388802971109e-22,1.8677388802971108e-21,2.2525702314749626e-18,1.8625632456264503e+19,10000000000000.0,10000000000000.0,0.0,0.022771912369807166,0.00023477116765449848,1.6230214208302015e-05,5.440919132653073e-06,1.6230214208302015e-05,5.440919132653073e-06,1.17391247770177e-29,9.490069670631e+18,1.5034132134440704e+18,98.18266507024953,1.58521534035427e-20,-216832.7487495976,2.6716179639168464e+21,0.0,0.0,0.0,0.0,0.0,0.3333333333333333,0.3333333333333333,2.0,1.085968502764781e-22,9.755018938795317e-21,0.0,9.229586270333256e-19,,0.0,0.0,0.0,0.0,0.0,1.085968502764781e-22,9.229586270333256e-19,0.01056804822703294,17.0,1.5692142806021235e-17,2.2525702314749626e-24,1.8452131779823613e-22,,,2.2525702314749626e-24,1.8452131779823613e-22,10.0,,1.7841241161527714e-07,4.035976381050727,9488286123953.924,2.977655142680644e-06,0.00023179351251181784,2.977655142680644e-06,0.00023179351251181784,0.022771912369807166,0.00023477116765449848,False,False,1.0,1.8059109655055343,6.244663438512112e-09,0.32067344107624896,0.5354774967786329,1.0,1.315130744074451,3.8983714420082036e-07,0.1634128661157315,0.7570625701984203,0.2870588184229465,0.16287539781787397,0.023654440422964045,0.004320822924003898,True,ANP6,125.0,8.0,7.76068019011021e+19,$(U_{0.8}Pu_{0.2})N$
RHO_1p0e13_ANP6,rizk2025_refit_plot,rizk2025_refit_full,1325.0,3.2,10000000000000.0,1.7006046831390016e+23,2.3776061382856213e+26,7.336797367499247e+24,9.796419702973393e+23,4.027686020742333e+18,1.7948292959880023,64.07386076038978,2.3726050005714807,0.44379958966312566,2.8164045902346064,2.0410576377197933,4.857462227954399,2340309151081.316,5.85077287770329e+17,304.23407548891777,0.49999999999999994,13645901.989275668,7297012.987228208,1.8700668359998498,1236918459.3822503,1236886429.7916162,35187068.102286056,34647514.19150313,1.0000258953367607,1.01557265862713,0.06469076264975994,90.44380266114769,2.790907386155206,6.700599190047381,5.44626347247746,1.254335717569921,1.7614679276739463e+25,1.431725456236899e+25,3.297424714370473e+24,2.6288215094111468e+26,2.5958472622674423e+26,1.0111839861128031,1.2393998179323227e+17,0.004137443579298989,5.489788542170407e-07,1.0345392590114548e-07,1.0345392590114548e-07,0.004686432276619392,0.004686432276619392,6.734248799497022e+20,1.922529803513966e-05,9.232112917471617e-19,2.378617999571639e-22,2.378617999571639e-21,5.78187606487805e-18,1.8625632456264503e+19,10000000000000.0,10000000000000.0,0.0,0.022782455084381464,0.0002347254263471822,1.622380266120491e-05,5.4353656101992705e-06,1.622380266120491e-05,5.4353656101992705e-06,1.1946470640359363e-29,9.694392432728883e+18,1.5321580227951345e+18,147.99472662834225,1.8445777263794262e-20,-202091.64749789197,2.670214747454989e+21,2.470966959264506e+21,0.0,0.0,0.0,0.0,0.3333333333333333,0.3333333333333333,2.0,2.5266471383605937e-22,7.527425499158216e-21,0.0,9.229586270333256e-19,,0.0,0.0,0.0,0.0,0.0,2.5266471383605937e-22,9.229586270333256e-19,0.008153524081050495,17.0,1.569459195970175e-17,5.78187606487805e-24,2.3207992389228585e-22,,,5.78187606487805e-24,2.3207992389228585e-22,10.0,,1.7841241161527714e-07,4.035976381050727,9483864902867.73,3.003761436808337e-06,0.00023172166491037386,3.003761436808337e-06,0.00023172166491037386,0.022782455084381464,0.0002347254263471822,False,False,1.0,1.8070203893722498,6.246429443394775e-09,0.3209532944271354,0.5351009210261949,1.0,1.3186845338855864,3.89898775593805e-07,0.16487196640080712,0.7549328883828019,0.28734819965955044,0.16433458236737705,0.02372605000571481,0.004437995896631256,True,ANP6,125.0,8.0,7.76068019011021e+19,$(U_{0.8}Pu_{0.2})N$
RHO_1p0e13_ANP6,rizk2025_refit_plot,rizk2025_refit_full,1350.0,3.2,10000000000000.0,1.6989570824436386e+23,2.377680336186777e+26,7.336952063801679e+24,9.787409658256435e+23,4.025788040314989e+18,1.7971894157958868,64.63963442976332,2.379786148404828,0.4554452630735537,2.835231411478382,2.334701077471432,5.169932488949813,1788632844140.4521,4.47158211035113e+17,348.00370686298794,0.5,9980582.815036455,6379242.393742757,1.564540457786361,1235290465.3450336,1235262115.6612318,34789684.651980594,34344253.63918521,1.00002295033859,1.0129695936174652,0.0646280881513406,90.44662513885831,2.7909662324107916,6.697780540579579,4.54860921613781,2.1491713244417694,1.7607269550391016e+25,1.195748174528885e+25,5.649787805102165e+24,2.6288215094111468e+26,2.572323631360126e+26,1.0114798854325746,1.2374243979713226e+17,0.004133492966905853,5.487085755528208e-07,1.0544181098175809e-07,1.0544181098175809e-07,0.0048070251283559955,0.0048070251283559955,6.678324792636332e+20,2.016480945717529e-05,9.235283837640407e-19,3.0343633300233184e-22,3.0343633300233186e-21,1.4331663655150738e-17,1.8625632456264503e+19,10000000000000.0,10000000000000.0,0.0,0.02279612306691848,0.00023472566815822252,1.6217269911074655e-05,5.430032574964612e-06,1.6217269911074655e-05,5.430032574964612e-06,1.21810099053294e-29,9.898597249223293e+18,1.5646979464957332e+18,204.22298734125823,2.220248659179721e-20,-142083.2752975018,2.668896648036528e+21,1.8984254307998336e+21,0.0,0.0,0.0,0.0,0.3333333333333333,0.3333333333333333,2.0,5.697567307150379e-22,5.580606868254579e-21,0.0,9.229586270333256e-19,,0.0,0.0,0.0,0.0,0.0,5.697567307150379e-22,9.229586270333256e-19,0.006042702061315758,17.0,1.569998252398869e-17,1.433166365515074e-23,2.891046693471811e-22,,,1.433166365515074e-23,2.891046693471811e-22,10.0,,1.7841241161527714e-07,4.035976381050727,9479552756854.51,3.0298105917874537e-06,0.00023169585756643507,3.0298105917874537e-06,0.00023169585756643507,0.02279612306691848,0.00023472566815822252,False,False,1.0,1.80812857366266,6.248345644181673e-09,0.32123257718377435,0.5347251882543872,1.0,1.322170058488396,3.899600383076715e-07,0.1662969124318877,0.7528540738948066,0.2876378126298338,0.16575961518078594,0.02379786148404828,0.004554452630735537,True,ANP6,125.0,8.0,7.76068019011021e+19,$(U_{0.8}Pu_{0.2})N$
RHO_1p0e13_ANP6,rizk2025_refit_plot,rizk2025_refit_full,1375.0,3.2,10000000000000.0,1.6967898889439096e+23,2.3777387254436394e+26,7.337550042129303e+24,9.776941888769572e+23,4.023883646981236e+18,1.7996423405527653,65.19827274014277,2.386988079812181,0.46713487827113337,2.854122958083314,2.5992777199396566,5.453400678022971,1443040102417.4202,3.607600256043551e+17,387.44072653833945,0.5,8096423.684254104,5729908.726516697,1.4130109344998327,1233603632.8789222,1233578444.9915314,34413857.08055414,34049981.79703524,1.0000204185534314,1.0106865044947126,0.06454564841581766,90.44884625796638,2.7911937025244846,6.695414391093313,4.069430647993332,2.6259837430999813,1.7601049365727038e+25,1.0697806818501813e+25,6.903242547225225e+24,2.6288215094111468e+26,2.5597890839388943e+26,1.011777026373525,1.235175187549302e+17,0.004128952030714062,5.484043015358274e-07,1.0754829301505934e-07,1.0754829301505934e-07,0.00492791086390636,0.00492791086390636,6.629988243374497e+20,2.1173721019014264e-05,9.242059895885406e-19,3.912758454223057e-22,3.9127584542230566e-21,3.437073971002977e-17,1.8625632456264503e+19,10000000000000.0,10000000000000.0,0.0,0.02281629869084928,0.00023481861912818682,1.6210485963074776e-05,5.424855519695949e-06,1.6210485963074776e-05,5.424855519695949e-06,1.2429251580240852e-29,1.010318384149272e+19,1.599129377235157e+18,315.9666748320112,3.0603709263034394e-20,-127478.67359578634,2.6677529110961455e+21,1.888799871718222e+21,0.0,0.0,0.0,0.0,0.3333333333333333,0.3333333333333333,2.0,1.2473625552150166e-21,3.994251795482064e-21,0.0,9.229586270333256e-19,,0.0,0.0,0.0,0.0,0.0,1.2473625552150166e-21,9.229586270333256e-19,0.00432181985453299,17.0,1.571150182300519e-17,3.437073971002977e-23,3.5690510571227593e-22,,,3.437073971002977e-23,3.5690510571227593e-22,10.0,,1.7841241161527714e-07,4.035976381050727,9475303170230.895,3.0567061309320593e-06,0.00023176191299725476,3.0567061309320593e-06,0.00023176191299725476,0.02281629869084928,0.00023481861912818682,False,False,1.0,1.8092321292291582,6.250574822307546e-09,0.3215104376660405,0.5343514435319485,1.0,1.3256239978568587,3.90021546680182e-07,0.1677030090081329,0.7508037512913907,0.287927679235496,0.16716580020569308,0.023869880798121808,0.004671348782711334,True,ANP6,125.0,8.0,7.76068019011021e+19,$(U_{0.8}Pu_{0.2})N$
RHO_1p0e13_ANP6,rizk2025_refit_plot,rizk2025_refit_full,1400.0,3.2,10000000000000.0,1.6935719719943344e+23,2.3777632011914118e+26,7.33926348507095e+24,9.763519695677057e+23,4.021952346439417e+18,1.8022813032003946,65.75587749055776,2.3942127988835304,0.47899310610516443,2.873205904988695,2.8538452541815733,5.727051159170268,1197079319251.2366,2.9926982981280915e+17,425.38581784703257,0.5,6804649.278236409,5218791.757646949,1.3038744587318984,1231794567.1129324,1231772196.7474463,34051383.98051463,33761240.58748637,1.00001816112228,1.0085939790120095,0.06442323930823636,90.44977731196472,2.7918454938064388,6.6939539549206275,3.7107248509337016,2.9832291039869263,1.759721013970316e+25,9.754833303640987e+24,7.842376836062174e+24,2.6288215094111468e+26,2.5503977410505254e+26,1.0120785816803302,1.232369561011742e+17,0.004123217585481689,5.48013106192443e-07,1.0971387365653029e-07,1.0971387365653029e-07,0.005050304300793314,0.005050304300793314,6.582123315377697e+20,2.2291782227096912e-05,9.256141022594044e-19,5.167759547233053e-22,5.167759547233053e-21,7.989389038480301e-17,1.8625632456264503e+19,10000000000000.0,10000000000000.0,0.0,0.022849655513396704,0.0002350972963755495,1.6203193964701062e-05,5.419773756029902e-06,1.6203193964701062e-05,5.419773756029902e-06,1.2684356966103034e-29,1.0308812551262736e+19,1.6344834623123735e+18,483.32978215002726,4.234039027729445e-20,-121372.05509705647,2.6669594033125453e+21,1.976731521576287e+21,0.0,0.0,0.0,0.0,0.3333333333333333,0.3333333333333333,2.0,2.6554752260788454e-21,2.7719141772846878e-21,0.0,9.229586270333256e-19,,0.0,0.0,0.0,0.0,0.0,2.6554752260788454e-21,9.229586270333256e-19,0.0029946758271276377,17.0,1.5735439738409874e-17,7.989389038480301e-23,4.368820643385022e-22,,,7.989389038480301e-23,4.368820643385022e-22,10.0,,1.7841241161527714e-07,4.035976381050727,9471069692720.365,3.0859796653167234e-06,0.00023201131671023279,3.0859796653167234e-06,0.00023201131671023279,0.022849655513396704,0.0002350972963755495,False,False,1.0,1.8103245142890374,6.253437827223477e-09,0.3217852346027297,0.5339818927657536,1.0,1.3290838102369171,3.900839637449454e-07,0.16910561821380657,0.748759504850431,0.288217877780126,0.16856849948880723,0.023942127988835306,0.0047899310610516445,True,ANP6,125.0,8.0,7.76068019011021e+19,$(U_{0.8}Pu_{0.2})N$
RHO_1p0e13_ANP6,rizk2025_refit_plot,rizk2025_refit_full,1425.0,3.2,10000000000000.0,1.6882933251870976e+23,2.377719505452122e+26,7.343332818706579e+24,9.744287773728641e+23,4.019969509515176e+18,1.8052853726703775,66.31937808211104,2.4014652160186114,0.491170984273712,2.8926362002923236,3.0951138852098827,5.987750085502206,1017725137569.281,2.5443128439232022e+17,461.3486135804138,0.5000000000000001,5859498.583593783,4811979.346314976,1.2176898864042298,1229742288.0540602,1229722476.9046774,33696480.025659695,33474379.04576524,1.000016110260449,1.006634954440553,0.06422244032708305,90.44811513219581,2.7933934625905725,6.694268964886506,3.419955444931245,3.2743135199552604,1.7598038244677138e+25,8.990452434863025e+24,8.607585809814113e+24,2.6288215094111468e+26,2.5427456513130052e+26,1.0123884004499326,1.2284700094013842e+17,0.004115138203299622,5.474393841542831e-07,1.1192432322802181e-07,1.1192432322802181e-07,0.005175698344224636,0.005175698344224636,6.530623223502897e+20,2.3568293717216224e-05,9.284638864197777e-19,7.108195478197102e-22,7.108195478197102e-21,1.8029544796246132e-16,1.8625632456264503e+19,10000000000000.0,10000000000000.0,0.0,0.02290900617836946,0.0002357411012493706,1.619490125426205e-05,5.41472310228723e-06,1.619490125426205e-05,5.41472310228723e-06,1.294468720697569e-29,1.0516411702147363e+19,1.6705207069509827e+18,707.6845501272483,5.686818910876869e-20,-117831.35768162001,2.6668525871322964e+21,2.080386302427978e+21,0.0,0.0,0.0,0.0,0.3333333333333333,0.3333333333333333,2.0,5.505259386452124e-21,1.8723276130120317e-21,0.0,9.229586270333256e-19,,0.0,0.0,0.0,0.0,0.0,5.505259386452124e-21,9.229586270333256e-19,0.002016586364206215,17.0,1.578388606913622e-17,1.8029544796246133e-22,5.305240998572488e-22,,,1.8029544796246133e-22,5.305240998572488e-22,10.0,,1.7841241161527714e-07,4.035976381050727,9466799955465.47,3.120384344563658e-06,0.00023262071690480695,3.120384344563658e-06,0.00023262071690480695,0.02290900617836946,0.0002357411012493706,False,False,1.0,1.8113933848474784,6.257549232937265e-09,0.3220538749966681,0.5336206918697227,1.0,1.3325926573150162,3.90148087994781e-07,0.17052214434498753,0.7466959880329042,0.2885086023191675,0.16998511799064098,0.024014652160186115,0.00491170984273712,True,ANP6,125.0,8.0,7.76068019011021e+19,$(U_{0.8}Pu_{0.2})N$
RHO_1p0e13_ANP6,rizk2025_refit_plot,rizk2025_refit_full,1450.0,3.2,10000000000000.0,1.6790992653166453e+23,2.3775442379935663e+26,7.352028797892034e+24,9.713972331800432e+23,4.0179007597649413e+18,1.8089884102451184,66.8980488005558,2.4087560850543523,0.5038812150620221,2.9126373001163746,3.3162454099975323,6.228882710113907,886523893224.3756,2.2163097330609392e+17,494.30983121676786,0.5,5168757.269502749,4491110.351852322,1.1508862763461016,1227222737.9872777,1227205208.9594038,33345482.652064208,33184824.36787538,1.0000142836974175,1.004841317899044,0.06387269958441423,90.44144798275535,2.7967014008261373,6.697977916834096,3.1870765969473482,3.510901319886748,1.7607788417334337e+25,8.378255510196068e+24,9.229532907138268e+24,2.6288215094111468e+26,2.5365261803397636e+26,1.0127119085936083,1.2224880729010077e+17,0.004102586581648133,5.465104624200663e-07,1.142041318383972e-07,1.142041318383972e-07,0.005306325029001075,0.005306325029001075,6.477882252904149e+20,2.5044684134657158e-05,9.34088619014059e-19,1.03501318176948e-21,1.03501318176948e-20,3.956100289530877e-16,1.8625632456264503e+19,10000000000000.0,10000000000000.0,0.0,0.023018304250802438,0.00023708675006343217,1.6184690991269055e-05,5.4096230371696525e-06,1.6184690991269055e-05,5.4096230371696525e-06,1.3213043141582408e-29,1.0727427801502484e+19,1.707621768471047e+18,986.8817870441674,7.374084847012868e-20,-115939.79217826114,2.668057369611088e+21,2.1899173844315653e+21,0.0,0.0,0.0,0.0,0.3333333333333333,0.3333333333333333,2.0,1.1129991980733449e-20,1.2351760164789186e-21,0.0,9.229586270333256e-19,,0.0,0.0,0.0,0.0,0.0,1.1129991980733449e-20,9.229586270333256e-19,0.0013223327972699858,17.0,1.5879506523239004e-17,3.9561002895308766e-22,6.394031528163924e-22,,,3.9561002895308766e-22,6.394031528163924e-22,10.0,,1.7841241161527714e-07,4.035976381050727,9462424274967.496,3.164963960019826e-06,0.00023392178610341234,3.164963960019826e-06,0.00023392178610341234,0.023018304250802438,0.00023708675006343217,False,False,1.0,1.8124161019248346,6.264052099796272e-09,0.32231069247487654,0.5332754526844284,1.0,1.3362090081420448,3.9021503561792366e-07,0.17197583728250804,0.7445793959821093,0.28880027887260173,0.1714389070376475,0.024087560850543525,0.005038812150620221,True,ANP6,125.0,8.0,7.76068019011021e+19,$(U_{0.8}Pu_{0.2})N$
RHO_1p0e13_ANP6,rizk2025_refit_plot,rizk2025_refit_full,1475.0,3.2,10000000000000.0,1.6627281192472034e+23,2.3771233444596522e+26,7.369425395352016e+24,9.663194298609198e+23,4.0156862479556255e+18,1.8139931175069186,67.50757598512097,2.4161073484128957,0.5174947216329641,2.93360207004586,3.5144129119943064,6.448014982040166,789365601529.4447,1.9734140038236115e+17,523.8480988520174,0.5,4666886.641947786,4237869.727627152,1.1012340968208214,1223835030.6446905,1223819417.2704918,32994103.540948752,32885197.95895649,1.0000127579069087,1.003311690023219,0.0632499434934878,90.42543725199987,2.803319042000215,6.707993762506461,3.0051438838503817,3.70284987865608,1.7634118287872794e+25,7.899986880741236e+24,9.734131407131557e+24,2.6288215094111468e+26,2.5314801953398317e+26,1.013058572633952,1.212678944615538e+17,0.004081778806118941,5.449198093112042e-07,1.166132469977518e-07,1.166132469977518e-07,0.005446294256404065,0.005446294256404065,6.43146547088436e+20,2.6716013120843763e-05,9.449295664440247e-19,1.6104112356588178e-21,1.610411235658818e-20,8.452417180343286e-16,1.8625632456264503e+19,10000000000000.0,10000000000000.0,0.0,0.023221149080591738,0.00023975064404785205,1.617091264929398e-05,5.404343463247066e-06,1.617091264929398e-05,5.404343463247066e-06,1.3496291333155215e-29,1.0944425735421549e+19,1.7467286603938214e+18,1311.5269554459971,9.222543772480518e-20,-114964.4358400172,2.671697885011888e+21,2.299554692661915e+21,0.0,0.0,0.0,0.0,0.3333333333333333,0.3333333333333333,2.0,2.1970939410699096e-20,7.982677016900445e-22,0.0,9.229586270333256e-19,,0.0,0.0,0.0,0.0,0.0,2.1970939410699096e-20,9.229586270333256e-19,0.0008447906913253856,17.0,1.606380262954842e-17,8.452417180343286e-22,7.651695176244892e-22,,,8.452417180343286e-22,7.651695176244892e-22,10.0,,1.7841241161527714e-07,4.035976381050727,9457825233609.771,3.228996000609431e-06,0.0002365216480472426,3.228996000609431e-06,0.0002365216480472426,0.023221149080591738,0.00023975064404785205,False,False,1.0,1.8133525350565196,6.275005183630822e-09,0.32254565185910583,0.5329596531500752,1.0,1.340032504712274,3.9028675127298273e-07,0.17350597380100477,0.7423526792325573,0.28909377625155747,0.17296914611570322,0.024161073484128957,0.005174947216329641,True,ANP6,125.0,8.0,7.76068019011021e+19,$(U_{0.8}Pu_{0.2})N$
RHO_1p0e13_ANP6,rizk2025_refit_plot,rizk2025_refit_full,1500.0,3.2,10000000000000.0,1.6337771196295765e+23,2.3762588978884636e+26,7.402597955838979e+24,9.576074894656719e+23,4.0132091685123046e+18,1.8213466456815475,68.17780590999611,2.4235611054511494,0.5327328372254213,2.956293942676571,3.6942961827881886,6.650590125464759,714365292918.0697,1.785913232295174e+17,550.6609725183575,0.5,4298787.908087714,4031518.685348618,1.0662949234764576,1218892481.004763,1218878353.148023,32631403.277950674,32561916.159793988,1.0000115908668847,1.0021339996643837,0.062148651545214297,90.3925538261722,2.815937837292404,6.7293596849901745,2.8664629144917653,3.8628967704984087,1.7690285484466388e+25,7.535419365545317e+24,1.0154866118921071e+25,2.6288215094111468e+26,2.527272848221936e+26,1.013446809745782,1.1961289953213787e+17,0.004046307242373971,5.421432342198825e-07,1.1924466413411724e-07,1.1924466413411724e-07,0.005603657656978343,0.005603657656978343,6.39487046167198e+20,2.852131733766078e-05,9.653577892834512e-19,2.6703221709632663e-21,2.6703221709632663e-20,1.7607759639859707e-15,1.8625632456264503e+19,10000000000000.0,10000000000000.0,0.0,0.023594694281075905,0.0002448354593108617,1.615071161596083e-05,5.3986446593249e-06,1.615071161596083e-05,5.3986446593249e-06,1.380510097834785e-29,1.1172195337551167e+19,1.78929556267826e+18,1672.0713408419267,1.1163785570844626e-19,-113977.89764089922,2.6797216260911645e+21,2.402922590555668e+21,0.0,0.0,0.0,0.0,0.3333333333333333,0.3333333333333333,2.0,4.239916225012569e-20,5.067891913502495e-22,0.0,9.229586270333256e-19,,0.0,0.0,0.0,0.0,0.0,4.239916225012569e-20,9.229586270333256e-19,0.0005249755033586253,17.0,1.6411082417818672e-17,1.7607759639859707e-21,9.095462069772957e-22,,,1.7607759639859707e-21,9.095462069772957e-22,10.0,,1.7841241161527714e-07,4.035976381050727,9452780135074.553,3.329397794624623e-06,0.00024150606151623707,3.329397794624623e-06,0.00024150606151623707,0.023594694281075905,0.0002448354593108617,False,False,1.0,1.8141345860225382,6.293977235095956e-09,0.3227417355931277,0.5326961457171325,1.0,1.34425374780789,3.903670325673524e-07,0.1751872092383066,0.7399074827701214,0.2893907584548967,0.17465049561312876,0.024235611054511497,0.005327328372254213,True,ANP6,125.0,8.0,7.76068019011021e+19,$(U_{0.8}Pu_{0.2})N$
RHO_1p0e13_ANP6,rizk2025_refit_plot,rizk2025_refit_full,1525.0,3.2,10000000000000.0,1.584084829842533e+23,2.374623462251705e+26,7.463254227334313e+24,9.427571508229215e+23,4.010252682430714e+18,1.8327799085232621,68.96239916716597,2.4311927420147437,0.5509312829881806,2.982124025002925,3.8645922579029444,6.846716282905868,652794384405.586,1.631985961013965e+17,576.0448068670089,0.5,4019375.5538933445,3853866.8755198587,1.0429461327335443,1211287769.0060387,1211274736.0858705,32233868.05441181,32191455.442533027,1.0000107596730783,1.001317511473021,0.0602583638399005,90.33034208486897,2.839011397546756,6.7703881537443635,2.7615793849372468,4.008808768807117,1.7798142005625606e+25,7.259699287069439e+24,1.0538442718556167e+25,2.6288215094111468e+26,2.5234370822255853e+26,1.013910751393243,1.1683619177831331e+17,0.003986061648866066,5.373408358710937e-07,1.22225846105633e-07,1.22225846105633e-07,0.005793064077398002,0.005793064077398002,6.357188780454212e+20,3.0375204703071293e-05,1.0030351091137525e-18,4.655100322574004e-21,4.6551003225740044e-20,3.580777516173852e-15,1.8625632456264503e+19,10000000000000.0,10000000000000.0,0.0,0.02427123849140244,0.0002542720000307959,1.611940669764721e-05,5.392111107209338e-06,1.611940669764721e-05,5.392111107209338e-06,1.4154115880140756e-29,1.1419207904940972e+19,1.8372968336702387e+18,2067.874352126729,1.3179389485564343e-19,-112364.0768388787,2.6953424300494564e+21,2.497478554746012e+21,0.0,0.0,0.0,0.0,0.3333333333333333,0.3333333333333333,2.0,8.007648208042697e-20,3.1682982816812804e-22,0.0,9.229586270333256e-19,,0.0,0.0,0.0,0.0,0.0,8.007648208042697e-20,9.229586270333256e-19,0.0003158711248383599,17.0,1.705159685493379e-17,3.5807775161738524e-21,1.0743228064001518e-21,,,3.5807775161738524e-21,1.0743228064001518e-21,10.0,,1.7841241161527714e-07,4.035976381050727,9446890433811.533,3.496452715949823e-06,0.00025077554731484607,3.496452715949823e-06,0.00025077554731484607,0.02427123849140244,0.0002542720000307959,False,False,1.0,1.8146535192987736,6.32685335392551e-09,0.3228717776453777,0.5325214090314774,1.0,1.3492178463777447,3.9046293788145386e-07,0.17715356857216358,0.7370494866296293,0.2896941977434684,0.17661698947651144,0.024311927420147438,0.005509312829881806,True,ANP6,125.0,8.0,7.76068019011021e+19,$(U_{0.8}Pu_{0.2})N$
RHO_1p0e13_ANP6,rizk2025_refit_plot,rizk2025_refit_full,1550.0,3.2,10000000000000.0,1.5031131807496651e+23,2.371710212411555e+26,7.569480661432687e+24,9.182341141653876e+23,4.006455320513648e+18,1.8509613988498568,69.94671678444377,2.439125340995562,0.5743159996992838,3.013441340694846,4.043361450832266,7.056802791527112,596346447304.0272,1.490866118260068e+17,602.6916193487535,0.49999999999999994,3787220.4035901716,3683475.8087375606,1.0281648639055858,1199388910.1388156,1199376713.8414962,31763754.10801021,31738444.662691172,1.000010168862859,1.0007974381097757,0.05717821371167801,90.21952247122384,2.8794197834786592,6.843879531585834,2.6816541879591664,4.162225343626668,1.7991337720451524e+25,7.049590210109539e+24,1.0941747510341985e+25,2.6288215094111468e+26,2.519404034307727e+26,1.014507359015876,1.123382643324412e+17,0.0038867590866136317,5.292982487833336e-07,1.2572257232882523e-07,1.2572257232882523e-07,0.006038523180656143,0.006038523180656143,6.291095967012878e+20,3.225163048906926e-05,1.0711233129353537e-18,8.378501496912049e-21,8.378501496912049e-20,7.11715258415843e-15,1.8625632456264503e+19,10000000000000.0,10000000000000.0,0.0,0.025469299726266992,0.0002713733429404896,1.606988478122424e-05,5.384117203700546e-06,1.606988478122424e-05,5.384117203700546e-06,1.4562379567838438e-29,1.1698964843839988e+19,1.893272811355664e+18,2528.3732145404797,1.538507963358756e-19,-109467.7823341476,2.7235174459883043e+21,2.5863280730175565e+21,0.0,0.0,0.0,0.0,0.3333333333333333,0.3333333333333333,2.0,1.4816468590202815e-19,1.9547622806480766e-22,0.0,9.229586270333256e-19,,0.0,0.0,0.0,0.0,0.0,1.4816468590202815e-19,9.229586270333256e-19,0.00018249647421930904,17.0,1.820909631990101e-17,7.11715258415843e-21,1.2613489127536196e-21,,,7.11715258415843e-21,1.2613489127536196e-21,10.0,,1.7841241161527714e-07,4.035976381050727,9439526924986.51,3.7833456963825485e-06,0.00026758999724410705,3.7833456963825485e-06,0.00026758999724410705,0.025469299726266992,0.0002713733429404896,False,False,1.0,1.814750820042765,6.382683324711905e-09,0.32289615449301895,0.5324886558378592,1.0,1.355480001651293,3.905862588944971e-07,0.17961773695414862,0.7334708560105794,0.29000893119523696,0.17908132751421152,0.024391253409955623,0.005743159996992838,True,ANP6,125.0,8.0,7.76068019011021e+19,$(U_{0.8}Pu_{0.2})N$
RHO_1p0e13_ANP6,rizk2025_refit_plot,rizk2025_refit_full,1575.0,3.2,10000000000000.0,1.3809074125497308e+23,2.3668063137959628e+26,7.746615388213875e+24,8.79908748064542e+23,4.001276529213693e+18,1.8796091434494369,71.2493345177784,2.4475348918985405,0.6062190963428142,3.053753988241355,4.255101880254958,7.3088558684963125,538472889806.7092,1.346182224516773e+17,634.2530278060892,0.5000000000000001,3567487.269040013,3500180.3738786764,1.0192295504722093,1181108071.4885814,1181096616.6752532,31173265.752232652,31158185.75745515,1.0000096984557965,1.0004839817983913,0.052529523499640435,90.03297885850473,2.9468015840866686,6.967690033908961,2.6189853573657143,4.348704676543247,1.831681343204956e+25,6.884845040275829e+24,1.1431968391773733e+25,2.6288215094111468e+26,2.5145018254934096e+26,1.0153221105541361,1.0549676883912973e+17,0.0037316714071228053,5.165265365351002e-07,1.2991807261064483e-07,1.2991807261064483e-07,0.00637575384759301,0.00637575384759301,6.15926091305788e+20,3.42335680978101e-05,1.1918027971817664e-18,1.5313431223305902e-20,1.5313431223305902e-19,1.384090397445483e-14,1.8625632456264503e+19,10000000000000.0,10000000000000.0,0.0,0.027533481157377603,0.00030171463995347554,1.5992503426474754e-05,5.373870662697543e-06,1.5992503426474754e-05,5.373870662697543e-06,1.5050884137887362e-29,1.2030468628681654e+19,1.9599835660744187e+18,3127.997691695311,1.806994610585968e-19,-104829.49323588055,2.771182579554221e+21,2.6788344234360145e+21,0.0,0.0,0.0,0.0,0.3333333333333333,0.3333333333333333,2.0,2.6884417014844093e-19,1.1925617140326962e-22,0.0,9.229586270333256e-19,,0.0,0.0,0.0,0.0,0.0,2.6884417014844093e-19,9.229586270333256e-19,0.00010006367805585995,17.0,2.0260647552090028e-17,1.384090397445483e-20,1.4725272488510705e-21,,,1.384090397445483e-20,1.4725272488510705e-21,10.0,,1.7841241161527714e-07,4.035976381050727,9429827107611.064,4.282220227913474e-06,0.00029743241972556207,4.282220227913474e-06,0.00029743241972556207,0.027533481157377603,0.00030171463995347554,False,False,1.0,1.81422645986884,6.474039176130324e-09,0.32276476278920535,0.5326652030257921,1.0,1.3638260000619238,3.9075469416010766e-07,0.18287391033534392,0.728747048434979,0.2903418438891625,0.18233772741067988,0.024475348918985406,0.006062190963428142,True,ANP6,125.0,8.0,7.76068019011021e+19,$(U_{0.8}Pu_{0.2})N$
RHO_1p0e13_ANP6,rizk2025_refit_plot,rizk2025_refit_full,1600.0,3.2,10000000000000.0,1.2145216499572374e+23,2.3590393381255455e+26,8.025525723007055e+24,8.244817450291234e+23,3.9939955008405586e+18,1.9231947570211274,73.00996342545449,2.4566283120904173,0.6510923209338284,3.107720633024246,4.530728203995081,7.638448837019326,474949843673.4009,1.1873746091835022e+17,675.3370806195933,0.4999999999999999,3333489.0796926916,3287247.3076159894,1.0140670195301607,1154339937.6681483,1154329270.031185,30415927.578187246,30406808.82228754,1.000009241415981,1.000299891907533,0.04620023252279645,89.7375241978284,3.052898682651438,7.163376886997386,2.5678375367802104,4.595539350217176,1.8831239240557391e+25,6.750386549361154e+24,1.2080852691196237e+25,2.6288215094111468e+26,2.508012982499185e+26,1.016469694905637,9.598339240847909e+16,0.003507332048004606,4.976681956267566e-07,1.3492632850711656e-07,1.3492632850711656e-07,0.0068526312616876564,0.0068526312616876564,5.925871240752921e+20,3.648684170840466e-05,1.4017765731852965e-18,2.8072866441166047e-20,2.8072866441166047e-19,2.6363059898109156e-14,1.8625632456264503e+19,10000000000000.0,10000000000000.0,0.0,0.03097733393384762,0.0003545026627541316,1.5876292498921095e-05,5.360590409133956e-06,1.5876292498921095e-05,5.360590409133956e-06,1.5632512832787898e-29,1.2436560450379405e+19,2.0390187912702853e+18,4010.7740536674123,2.1741287043780565e-19,-98127.34288430397,2.846768376354072e+21,2.78742371421505e+21,0.0,0.0,0.0,0.0,0.3333333333333333,0.3333333333333333,2.0,4.788179461519709e-19,7.206892439595517e-23,0.0,9.229586270333256e-19,,0.0,0.0,0.0,0.0,0.0,4.788179461519709e-19,9.229586270333256e-19,5.141256158404111e-05,17.0,2.383020174415004e-17,2.6363059898109155e-20,1.7098065430568916e-21,,,2.6363059898109155e-20,1.7098065430568916e-21,10.0,,1.7841241161527714e-07,4.035976381050727,9416800696695.191,5.1513735964044505e-06,0.00034935128915772714,5.1513735964044505e-06,0.00034935128915772714,0.03097733393384762,0.0003545026627541316,False,False,1.0,1.812883266210422,6.615982315291225e-09,0.32242793095745303,0.5331178704424205,1.0,1.375213037814051,3.909919953745614e-07,0.18726591112073998,0.72238470263106,0.29070097222150176,0.18673004036278845,0.024566283120904173,0.006510923209338284,True,ANP6,125.0,8.0,7.76068019011021e+19,$(U_{0.8}Pu_{0.2})N$
RHO_1p0e13_ANP6,rizk2025_refit_plot,rizk2025_refit_full,1625.0,3.2,10000000000000.0,1.0146497035169069e+23,2.3475348724662934e+26,8.437103296468232e+24,7.516596489045898e+23,3.983770644945005e+18,1.9860739959013316,75.35908913930486,2.4665852009479825,0.7141506864761852,3.180735887424168,4.914990669192664,8.095726556616832,403588119566.20325,1.0089702989155082e+17,732.614118604215,0.49999999999999994,3064680.686046159,3030244.6316890125,1.0113641169419223,1117792874.9263191,1117783126.198431,29464604.25389967,29458954.790393297,1.0000087214842124,1.0001917740648496,0.03859713182825361,89.29989594432902,3.209462211969703,7.452044711873039,2.524623745531919,4.927420966341121,1.9590095427665437e+25,6.636785205424442e+24,1.2953310222240995e+25,2.6288215094111468e+26,2.499288407188737e+26,1.0180855063148222,8.41461452961788e+16,0.003212269335725903,4.7217871255170715e-07,1.4064139483035402e-07,1.4064139483035402e-07,0.007525838892198161,0.007525838892198161,5.572097148876247e+20,3.9193704890493525e-05,1.7607334386319764e-18,5.120371716109041e-20,5.120371716109041e-19,4.922854290289942e-14,1.8625632456264503e+19,10000000000000.0,10000000000000.0,0.0,0.03651867564212826,0.0004446690475348063,1.5711859547352517e-05,5.343818159811516e-06,1.5711859547352517e-05,5.343818159811516e-06,1.6294620198510426e-29,1.2939346357642213e+19,2.1283960566148882e+18,5465.3640659957955,2.7286040948113944e-19,-88927.99149389651,2.9586721094328386e+21,2.922738297036186e+21,0.0,0.0,0.0,0.0,0.3333333333333333,0.3333333333333333,2.0,8.377748115986507e-19,4.32093384762443e-23,0.0,9.229586270333256e-19,,0.0,0.0,0.0,0.0,0.0,8.377748115986507e-19,9.229586270333256e-19,2.454053380721634e-05,17.0,2.99324684567436e-17,4.922854290289942e-20,1.9751742581909914e-21,,,4.922854290289942e-20,1.9751742581909914e-21,10.0,,1.7841241161527714e-07,4.035976381050727,9399576867437.256,6.6610002694925084e-06,0.00043800804726531377,6.6610002694925084e-06,0.00043800804726531377,0.03651867564212826,0.0004446690475348063,False,False,1.0,1.8106084838259964,6.823090825166172e-09,0.3218566282410484,0.533885893529059,1.0,1.3905968610370503,3.913262171472499e-07,0.19310898172452304,0.7139371485426439,0.291093186695748,0.19257354239356644,0.024665852009479825,0.007141506864761852,True,ANP6,125.0,8.0,7.76068019011021e+19,$(U_{0.8}Pu_{0.2})N$
RHO_1p0e13_ANP6,rizk2025_refit_plot,rizk2025_refit_full,1650.0,3.2,10000000000000.0,8.048207333939879e+22,2.331639460333422e+26,9.004803205411384e+24,6.65509795810681e+23,3.9697489540308956e+18,2.0713634013697435,78.38056457460421,2.477490267682333,0.8007128798073061,3.2782031474896387,5.451203559173663,8.729406706663303,328094514399.25586,8.202362859981397e+16,812.5404420131212,0.49999999999999994,2760255.2098879083,2732171.6990477513,1.0102788235636673,1071766540.0839956,1071757856.9419382,28326941.946572196,28323347.91218503,1.0000081017759759,1.000126892992958,0.030615267355076796,88.69523670535192,3.4254144578375922,7.848733569455414,2.4869286671817235,5.361804902273691,2.063291962902172e+25,6.53769157265851e+24,1.4095228056363208e+25,2.6288215094111468e+26,2.4878692288475147e+26,1.0203096144769659,7.1085953397679176e+16,0.00286248796443305,4.40852989065726e-07,1.466244847667222e-07,1.466244847667222e-07,0.008454343108954862,0.008454343108954862,5.1093662254035416e+20,4.2482677801443224e-05,2.364150646143271e-18,9.247330480694055e-20,9.247330480694055e-19,9.020265555838444e-14,1.8625632456264503e+19,10000000000000.0,10000000000000.0,0.0,0.045100008919934244,0.0005960167577810277,1.5494848445705366e-05,5.323695174830041e-06,1.5494848445705366e-05,5.323695174830041e-06,1.698605330027221e-29,1.355456254936811e+19,2.2207649489733204e+18,8013.461456363408,3.603966376130654e-19,-77627.21106400265,3.113197602243338e+21,3.0915160114729897e+21,0.0,0.0,0.0,0.0,0.3333333333333333,0.3333333333333333,2.0,1.441192019109945e-18,2.5738368843747513e-23,0.0,9.229586270333256e-19,,0.0,0.0,0.0,0.0,0.0,1.441192019109945e-18,9.229586270333256e-19,1.0886941103239548e-05,17.0,4.0190560984435606e-17,9.020265555838444e-20,2.2706492485561157e-21,,,9.020265555838444e-20,2.2706492485561157e-21,10.0,,1.7841241161527714e-07,4.035976381050727,9377701028801.945,9.268642392598778e-06,0.000586748115388429,9.268642392598778e-06,0.000586748115388429,0.045100008919934244,0.0005960167577810277,False,False,1.0,1.8074478390280297,7.1056481339661e-09,0.3210610500918233,0.5349559431507515,1.0,1.410703809389253,3.9178641197864286e-07,0.20059424268860993,0.7031443965706343,0.29152154191906915,0.2000593890135886,0.02477490267682333,0.008007128798073061,True,ANP6,125.0,8.0,7.76068019011021e+19,$(U_{0.8}Pu_{0.2})N$
RHO_1p0e13_ANP6,rizk2025_refit_plot,rizk2025_refit_full,1675.0,3.2,10000000000000.0,6.1070761624124824e+22,2.311070192490574e+26,9.74000989605032e+24,5.733618374566415e+23,3.951158009640122e+18,2.1803209820073244,82.09291986082815,2.489308345423804,0.915651298324398,3.4049596437482026,6.19714269512019,9.602102338868393,253863799768.02887,6.3465949942007224e+16,923.7279455905427,0.5,2428503.367034988,2403305.0105253076,1.010484876617543,1018206225.6613687,1018198704.8329668,27044867.274073277,27042526.97752204,1.0000073864053904,1.000086541341095,0.023231231715615645,87.91278465338833,3.7050860475620775,8.358898067333996,2.453644701334725,5.905253365999272,2.1974051034382873e+25,6.450193967321415e+24,1.552385706706146e+25,2.6288215094111468e+26,2.4735829387405325e+26,1.0232736458388592,5.821351799329846e+16,0.0024871549794236994,4.0566675527078377e-07,1.521696039325569e-07,1.521696039325569e-07,0.009694009404085843,0.009694009404085843,4.578999993941853e+20,4.6399275557990956e-05,3.3623625899400784e-18,1.6491783151767403e-19,1.6491783151767404e-18,1.6231955709997532e-13,1.8625632456264503e+19,10000000000000.0,10000000000000.0,0.0,0.05790036876462615,0.0008458788848763856,1.5227534870936958e-05,5.300961719943097e-06,1.5227534870936958e-05,5.300961719943097e-06,1.7624901844980846e-29,1.4288951646074663e+19,2.304458988935516e+18,12727.97767768877,5.030676050363354e-19,-64875.342027534796,3.313284472136874e+21,3.294456040261656e+21,0.0,0.0,0.0,0.0,0.3333333333333333,0.3333333333333333,2.0,2.439403962906753e-18,1.5251283830083255e-23,0.0,9.229586270333256e-19,,0.0,0.0,0.0,0.0,0.0,2.439403962906753e-18,9.229586270333256e-19,4.535883154218372e-06,17.0,5.716016402898133e-17,1.623195570999753e-19,2.5982744176987148e-21,,,1.623195570999753e-19,2.5982744176987148e-21,10.0,,1.7841241161527714e-07,4.035976381050727,9351278934353.916,1.3740165388514006e-05,0.0008321387194878716,1.3740165388514006e-05,0.0008321387194878716,0.05790036876462615,0.0008458788848763856,False,False,1.0,1.803607021350663,7.46756937927542e-09,0.32009144161656405,0.5362608870213937,1.0,1.4359001785444145,3.923999245206581e-07,0.20974131710917793,0.6900014335331541,0.2919843436836045,0.20920723767229638,0.024893083454238043,0.00915651298324398,True,ANP6,125.0,8.0,7.76068019011021e+19,$(U_{0.8}Pu_{0.2})N$
RHO_1p0e13_ANP6,rizk2025_refit_plot,rizk2025_refit_full,1700.0,3.2,10000000000000.0,4.487808739024978e+22,2.2858946899788e+26,1.064311741967147e+25,4.8290644630878065e+23,3.927320264130873e+18,2.3126352214457007,86.46227891475246,2.5019176973886528,1.0633223987431815,3.5652400961318347,7.221654403227924,10.786894499359759,186943498746.342,4.6735874686585496e+16,1076.4386611448278,0.5,2087141.601696152,2062356.2494856485,1.0120179780853502,959950214.5621128,959943868.10913,25677488.31110659,25675936.69591812,1.0000066112750898,1.0000604307140513,0.017071561241258415,86.95511208331669,4.048626877697572,8.979189477744484,2.424515798507365,6.554673679237119,2.360468643617294e+25,6.373619281023304e+24,1.7231067155149638e+25,2.6288215094111468e+26,2.4565108378596503e+26,1.0271000201180163,4.663990392124966e+16,0.0021170577298841,3.69004178736323e-07,1.5654480902849048e-07,1.5654480902849048e-07,0.0112972750914548,0.0112972750914548,4.0358176678229226e+20,5.091873465235801e-05,4.988545012933779e-18,2.9005001213446957e-19,2.9005001213446957e-18,2.8708990269161864e-13,1.8625632456264503e+19,10000000000000.0,10000000000000.0,0.0,0.076355838745123,0.0012519204854462755,1.4917449954689787e-05,5.2766622929198564e-06,1.4917449954689787e-05,5.2766622929198564e-06,1.812656581525894e-29,1.5142327831697455e+19,2.3673657435636506e+18,21846.69935596881,7.403292906248283e-19,-51774.50882332735,3.5588131966675887e+21,3.527961172609369e+21,0.0,0.0,0.0,0.0,0.3333333333333333,0.3333333333333333,2.0,4.065586385900453e-18,9.000056617340487e-24,0.0,9.229586270333256e-19,,0.0,0.0,0.0,0.0,0.0,4.065586385900453e-18,9.229586270333256e-19,1.804144614112147e-06,17.0,8.480526521987424e-17,2.8708990269161863e-19,2.9601094428509513e-21,,,2.8708990269161863e-19,2.9601094428509513e-21,10.0,,1.7841241161527714e-07,4.035976381050727,9320872727696.268,2.1338234201702473e-05,0.0012305822512445731,2.1338234201702473e-05,0.0012305822512445731,0.076355838745123,0.0012519204854462755,False,False,1.0,1.7993742497108973,7.907421961100185e-09,0.31901928042684596,0.5377049020308842,1.0,1.4662469929152773,3.931922412721993e-07,0.2204312718062454,0.674708464042345,0.2924765197949347,0.21989818972016034,0.025019176973886528,0.010633223987431814,True,ANP6,125.0,8.0,7.76068019011021e+19,$(U_{0.8}Pu_{0.2})N$
RHO_1p0e13_ANP6,rizk2025_refit_plot,rizk2025_refit_full,1725.0,3.2,10000000000000.0,3.234014340204504e+22,2.2563940680839556e+26,1.1708190572570758e+25,3.99807775949009e+23,3.897591032666166e+18,2.467225229946402,91.43230439457538,2.5151635952266123,1.2479117484241529,3.7630753436507653,8.618893111776083,12.381968455426849,131244399221.7018,3.281109980542545e+16,1284.7069720815896,0.5,1754576.853192113,1728020.5122596717,1.0153680704274248,899801488.4953327,899796246.0234032,24281301.28781538,24280258.653654926,1.0000058262878433,1.0000429416414103,0.012302145005382733,85.83291258102136,4.453779205113618,9.701006068859657,2.4003761323650625,7.300629936494595,2.550221341674634e+25,6.310160407438414e+24,1.9192053009307924e+25,2.6288215094111468e+26,2.4369009793180678e+26,1.031912035491863,3.689518568734052e+16,0.0017750599744023076,3.328968626422055e-07,1.5923300010360722e-07,1.5923300010360722e-07,0.013317906579713728,0.013317906579713728,3.528065115101064e+20,5.598515418367159e-05,7.599207725237919e-18,5.02802236364218e-19,5.0280223636421804e-18,4.994440127391286e-13,1.8625632456264503e+19,10000000000000.0,10000000000000.0,0.0,0.10220083208341804,0.0019019358325782748,1.4574491885280718e-05,5.251799067149656e-06,1.4574491885280718e-05,5.251799067149656e-06,1.8431720830133956e-29,1.6111566060756386e+19,2.400825602448899e+18,40276.04945903613,1.1426552825700584e-18,-39388.297072504,3.8478837437346496e+21,3.7849389841467016e+21,0.0,0.0,0.0,0.0,0.3333333333333333,0.3333333333333333,2.0,6.676249098204593e-18,5.2946612669943086e-24,0.0,9.229586270333256e-19,,0.0,0.0,0.0,0.0,0.0,6.676249098204593e-18,9.229586270333256e-19,6.967385888676363e-07,17.0,1.2918653132904462e-16,4.994440127391286e-19,3.3582236250893297e-21,,,4.994440127391286e-19,3.3582236250893297e-21,10.0,,1.7841241161527714e-07,4.035976381050727,9287271068726.723,3.4108994141653804e-05,0.0018678268384366209,3.4108994141653804e-05,0.0018678268384366209,0.10220083208341804,0.0019019358325782748,False,False,1.0,1.795027398457961,8.421172778044448e-09,0.3179142658936821,0.5391943160016216,1.0,1.5016658351874272,3.941894123877979e-07,0.2324819566619709,0.6575596411502934,0.2929917641931198,0.23195013224309782,0.025151635952266122,0.012479117484241528,True,ANP6,125.0,8.0,7.76068019011021e+19,$(U_{0.8}Pu_{0.2})N$
RHO_1p0e13_ANP6,rizk2025_refit_plot,rizk2025_refit_full,1750.0,3.2,10000000000000.0,2.3085391206761466e+22,2.222921668741051e+26,1.2927373727854589e+25,3.2702461279043e+23,3.861317831872016e+18,2.6429380231069,96.94936388632068,2.5288902763272083,1.4738695674477111,4.0027598437749194,10.506360759732459,14.50912060350738,88324085680.83646,2.208102142020911e+16,1566.0473733907681,0.5,1448211.6042696587,1417581.6375166925,1.0216071977389771,839978559.3412328,839974293.9829834,22899259.53764491,22898551.480988484,1.0000050779628376,1.0000309214605567,0.008781650303801939,84.55962722394884,4.917554760403002,10.514036365344342,2.3833886272060614,8.130647738138283,2.7639524947948205e+25,6.265503288485199e+24,2.1374021659463005e+25,2.6288215094111468e+26,2.4150812928165168e+26,1.037846775990514,2.902461377529845e+16,0.0014733343455742645,2.986949601718242e-07,1.6002345631963248e-07,1.6002345631963248e-07,0.01581478495530981,0.01581478495530981,3.08628246277799e+20,6.15515454164774e-05,1.1732003472118521e-17,8.590290957143048e-19,8.590290957143048e-18,8.552344067970446e-13,1.8625632456264503e+19,10000000000000.0,10000000000000.0,0.0,0.1375289075336838,0.0029277763904080657,1.4208529365099873e-05,5.227138262156429e-06,1.4208529365099873e-05,5.227138262156429e-06,1.851673587100784e-29,1.719326676467152e+19,2.4011714802346235e+18,78773.42959058098,1.8320255426719e-18,-28602.290625459143,4.178010175452404e+21,4.055175784986531e+21,0.0,0.0,0.0,0.0,0.3333333333333333,0.3333333333333333,2.0,1.0809044845085196e-17,3.1079945105556526e-24,0.0,9.229586270333256e-19,,0.0,0.0,0.0,0.0,0.0,1.0809044845085196e-17,9.229586270333256e-19,2.649159214742734e-07,17.0,1.9944405902601486e-16,8.552344067970446e-19,3.7946889172602315e-21,,,8.552344067970446e-19,3.7946889172602315e-21,10.0,,1.7841241161527714e-07,4.035976381050727,9251297577008.773,5.5309660409915294e-05,0.00287246672999815,5.5309660409915294e-05,0.00287246672999815,0.1375289075336838,0.0029277763904080657,False,False,1.0,1.790779677904172,9.004575642595067e-09,0.31683055420149697,0.5406561476895517,1.0,1.5420901637253361,3.954199050386606e-07,0.24571100563358755,0.6388507571809814,0.2935238051567496,0.24518073946138866,0.025288902763272083,0.014738695674477111,True,ANP6,125.0,8.0,7.76068019011021e+19,$(U_{0.8}Pu_{0.2})N$
RHO_1p0e13_ANP6,rizk2025_refit_plot,rizk2025_refit_full,1775.0,3.2,10000000000000.0,1.6438420168568606e+22,2.185824152537297e+26,1.4293359642207039e+25,2.6533736835198016e+23,3.817774069639253e+18,2.8389024036476633,102.97604885562278,2.5429534735705333,1.746254368549557,4.28920784212009,13.048254966444528,17.33746280856462,57263633318.37515,1.4315908329593788e+16,1944.9346814599437,0.5,1178968.763076985,1141426.5071018126,1.0328906466965584,781995803.6694313,781992363.3681649,21558896.415198583,21558411.151631422,1.0000043994051957,1.0000225092454054,0.0062531518818296624,83.1484429320163,5.437173878499167,11.408130037602703,2.3781524558816605,9.029977581721042,2.998993762500938e+25,6.251738328680653e+24,2.3738199296328724e+25,2.6288215094111468e+26,2.3914395164478597e+26,1.0450664342181533,2.2814342330613132e+16,0.0012153897128131172,2.6710255191749597e-07,1.5895911938289547e-07,1.5895911938289547e-07,0.018857823299728776,0.018857823299728776,2.7229554030182836e+20,6.758790286663336e-05,1.8187204162230228e-17,1.4467299250700101e-18,1.4467299250700103e-17,1.4424583518951984e-12,1.8625632456264503e+19,10000000000000.0,10000000000000.0,0.0,0.1848655549357381,0.004524907833571522,1.382820397935203e-05,5.203175094192858e-06,1.382820397935203e-05,5.203175094192858e-06,1.8387550910482892e-29,1.8384468470942898e+19,2.368955303376666e+18,161278.4052143657,3.0182838120603532e-18,-19808.33710161902,4.5467678218025907e+21,4.3221712284585904e+21,0.0,0.0,0.0,0.0,0.3333333333333333,0.3333333333333333,2.0,1.7264245535196902e-17,1.8219038686035435e-24,0.0,9.229586270333256e-19,,0.0,0.0,0.0,0.0,0.0,1.7264245535196902e-17,9.229586270333256e-19,1.0017503802960171e-07,17.0,3.0918247075791387e-16,1.4424583518951983e-18,4.271573174811783e-21,,,1.4424583518951983e-18,4.271573174811783e-21,10.0,,1.7841241161527714e-07,4.035976381050727,9213723280795.549,9.003388462976654e-05,0.004434873948941755,9.003388462976654e-05,0.004434873948941755,0.1848655549357381,0.004524907833571522,False,False,1.0,1.7867693924985097,9.654378414282544e-09,0.31580386218983153,0.542042094640521,1.0,1.5875531546823523,3.96917551872034e-07,0.25996770488874527,0.618833168349344,0.29406689646418616,0.2594393425990543,0.025429534735705334,0.01746254368549557,True,ANP6,125.0,8.0,7.76068019011021e+19,$(U_{0.8}Pu_{0.2})N$
RHO_1p0e13_ANP6,rizk2025_refit_plot,rizk2025_refit_full,1800.0,3.2,10000000000000.0,1.1727886035485247e+22,2.145409735888209e+26,1.5800237696098765e+25,2.1419415123691834e+23,3.7661243366662016e+18,3.05461811691846,109.49575115638415,2.5572134902880195,2.0709759952485483,4.628189485536568,16.43926668010824,21.06745616564481,36076042292.20647,9019010573051616.0,2450.3889589937767,0.5,953891.7413370529,905978.6169260317,1.0528854914629107,726771193.4214132,726768425.7171782,20275094.71654775,20274759.30850823,1.0000038082340084,1.000016543132987,0.004461271331469089,81.6110842142637,6.0103881680571005,12.374066346347718,2.3924894124742075,9.98157693387351,3.252921177015948e+25,6.289427628550633e+24,2.6239784141608848e+25,2.6288215094111468e+26,2.3664236679950578e+26,1.053768114644322,1.7968206475140798e+16,0.0009993907462579397,2.383596390534589e-07,1.5622221999109079e-07,1.5622221999109079e-07,0.022532651167277595,0.022532651167277595,2.4377259432881698e+20,7.409329711173254e-05,2.814113302873205e-17,2.402604106958116e-18,2.402604106958116e-17,2.3978131732901632e-12,1.8625632456264503e+19,10000000000000.0,10000000000000.0,0.0,0.2472457345037295,0.006979554263736365,1.3440619823275775e-05,5.180181061911237e-06,1.3440619823275775e-05,5.180181061911237e-06,1.8066382621286018e-29,1.9682365743089828e+19,2.307164263543963e+18,338646.8899389465,5.0278853153634745e-18,-13096.888544210782,4.95198954124799e+21,4.5634408554433903e+21,0.0,0.0,0.0,0.0,0.3333333333333333,0.3333333333333333,2.0,2.721817440169872e-17,1.0673110184064085e-24,0.0,9.229586270333256e-19,,0.0,0.0,0.0,0.0,0.0,2.721817440169872e-17,9.229586270333256e-19,3.792708052361239e-08,17.0,4.783992614884448e-16,2.397813173290163e-18,4.790933667952865e-21,,,2.397813173290163e-18,4.790933667952865e-21,10.0,,1.7841241161527714e-07,4.035976381050727,9175252316684.895,0.00014610823080688393,0.006833446032929481,0.00014610823080688393,0.006833446032929481,0.2472457345037295,0.006979554263736365,False,False,1.0,1.7830712563032294,1.0368635907815513e-08,0.3148540058588994,0.5433252093781206,1.0,1.6382255621282051,3.9872380270439386e-07,0.27514154607366315,0.597702183288212,0.29461554784503274,0.2746154844352876,0.025572134902880194,0.020709759952485484,True,ANP6,125.0,8.0,7.76068019011021e+19,$(U_{0.8}Pu_{0.2})N$
