{
    "N_AVOG": 6.022141e+23,
    "N_BOLT": 1.380649e-23,
    "FISSION_ENERGY": 3.215e-11,
    "FISSION_RATE": 1.5775656100995185e+18,
    "FUEL_THERMAL_CONDUCTIVITY": 6.720430491006051,
    "FISSION_YIELD": 0.037020526226878556,
    "LENGTH": 0.0014114751355487445,
    "RADIUS": 8.337817306700574e-06,
    "T_BC": 653.2420005045109,
    "Maximum cur_err_bounds": 2.4983614349085306,
    "TIME_ELAPSED": 341.856543302536,
    "COST_FO": 7.361677646636963,
    "COST_POD": 6.812619686126709,
    "COST_EB": 327.6816363334656
}