{
    "N_AVOG": 6.022141e+23,
    "N_BOLT": 1.380649e-23,
    "FISSION_ENERGY": 3.215e-11,
    "FISSION_RATE": 4.912855232184038e+19,
    "FUEL_THERMAL_CONDUCTIVITY": 1.1289856023275546,
    "FISSION_YIELD": 0.14321210209087917,
    "LENGTH": 0.0014080359479946986,
    "RADIUS": 1.7746517324692137e-05,
    "T_BC": 1516.982003360156,
    "Maximum cur_err_bounds": 0.013736817705777442,
    "TIME_ELAPSED": 11551.834393262863,
    "COST_FO": 66.14013528823853,
    "COST_POD": 66.9434425830841,
    "COST_EB": 11418.74522447586
}