block,parameter,top_n,min,median,max,direction_vs_1
A_nominal_near,f_n,25,5.388771279687672e-07,7.2108065861006e-07,8.720556116802135e-07,near/mixed
A_nominal_near,K_d,25,246887.20064030192,267120.13122671895,320920.6662692144,near/mixed
A_nominal_near,rho_d,25,33304410820558.16,38093181739192.1,51047389072262.98,near/mixed
A_nominal_near,fission_rate,25,5.983383751712532e+19,6.1389002037616665e+19,6.548713784820768e+19,near/mixed
A_nominal_near,Dv_scale,25,0.816222889116924,1.3914587254070352,1.4726545942651939,near/mixed
A_nominal_near,Dg_scale,25,1.1052992227361162,1.254517192665508,1.3327787832752882,near/mixed
A_nominal_near,D2_xe_scale,25,0.9256347856680699,1.1433425373566581,1.5350496338833228,near/mixed
A_nominal_near,b_scale,25,0.4332578369070392,0.48244987318953925,0.530437281986662,low
A_nominal_near,gb_scale,25,1.5828992649958562,1.7177783317095274,2.4505958260978145,high
A_nominal_near,gd_scale,25,2.682472825739114,2.9017235920296014,2.9994336352269713,high
A_nominal_near,coalescence_d_scale,25,0.5002571034695418,0.5543107236550664,0.8402566990138071,low
A_nominal_near,capture_scale,25,1.0151912100256844,1.2098643264943074,1.3748277900285912,near/mixed
