{
    "N_AVOG": 6.022141e+23,
    "N_BOLT": 1.380649e-23,
    "FISSION_ENERGY": 3.215e-11,
    "FISSION_RATE": 4.1927437478900785e+19,
    "FUEL_THERMAL_CONDUCTIVITY": 0.9320449638815279,
    "FISSION_YIELD": 0.14496196915842022,
    "LENGTH": 0.0013389807932312737,
    "RADIUS": 1.6697499661927427e-05,
    "T_BC": 868.0211891739403,
    "Maximum cur_err_bounds": 0.0057708294229723,
    "TIME_ELAPSED": 21478.250814914703,
    "COST_FO": 84.3466067314148,
    "COST_POD": 85.76292538642883,
    "COST_EB": 21308.13415336609
}