trial,trial_label,case,T,burnup,fission_rate,f_n,K_d,rho_d,Dv_dislocation_scale,Dg_dislocation_scale,NGF_AREAL_0,DT_H,N_MODES,label,xe_diffusivity_mode,vacancy_diffusivity_mode,rho_d_eff,c,mb,md,Nb,Nd,Rb_nm,Rd_nm,swelling_b_percent,swelling_d_percent,swelling_ig_percent,swelling_gf_percent,swelling_total_gas_percent,Ngf_areal,Ngf_vol,Rgf_nm,Fc_gf,p_gf,p_gf_eq,p_gf_over_eq,p_b,p_b_eq,p_d,p_d_eq,p_b_over_eq,p_d_over_eq,matrix_gas_percent,bulk_gas_percent,dislocation_gas_percent,qgb_gas_percent,grainface_gas_percent,release_gas_percent,q_gb,q_gf,q_rel,generated,retained,lambda_d,nu_b,phi_b,phi_d,f_cap_step,cap_raw_step,capture_fraction_sum,capture_raw_sum,capture_bubbles_cumulative,max_f_cap_step,time,burnup_percent_fima,rho_d_next,delta_Nd_rho,Vb,Vd,Rb,Rd,nvb,nvd,retained_ig,swelling_b,swelling_d,swelling_gf,swelling_ig,swelling_total_gas,ng_gf,nv_gf,V_gf,R_gf,A_gf,zeta_gf,gf_saturated,Dg,Dv,Dv_dislocation,Dv_gb,beta,rho_d_old,g_b,g_d,b_b,b_d,b_b_gas,b_d_gas,dVd_growth_dt,dnvb_dt,dnvd_dt,dnv_gf_dt,dA_gf_dt,dNgf_dt,dq_gf_in_step,dq_rel_step,nvb_seed_added,nvd_seed_added,bulk_first_gas_seed_applied,dislocation_first_gas_seed_applied,first_gas_pressure_factor,seed_pressure_factor,seed_gas_atoms_per_bubble,D1_Xe,D2_Xe,D2_Xe_scaled,D3_Xe,Dg_lookup_base,D1_Xe_i_2023,D2_Xe_i0_2023,D2_Xe_i1_2023,D1_XeVU_2023,D2_XeVU_2023,Dg_D1_scaled,Dg_D3_scaled,D2_Xe_over_Dg_unscaled,Dg_dislocation,Dv1,Dv2,Dv_lookup_base,Dv_nonthermal_effective,Dv1_scaled,Dv2_scaled,A20_vU_active,Gamma_d,den,free_dislocation,term_bubbles,term_dislocation,term_bubbles_scaled,term_dislocation_scaled,g_b_unscaled,g_d_unscaled,USE_WS_GAS_TRAPPING_BULK,USE_WS_GAS_TRAPPING_DISLOCATION,ws_bulk_factor,ws_bulk_factor_raw,ws_bulk_delta,ws_bulk_x,ws_bulk_zeta,ws_dislocation_factor,ws_dislocation_factor_raw,ws_dislocation_delta,ws_dislocation_x,ws_dislocation_zeta,psi_b,psi_d,porosity_b,porosity_d,valid_single_size,experiment_case,linear_power_kW_m,fuel_diameter_mm,fission_rate_case,fuel_description,swelling_bulk,matrix_gas,bulk_gas,dislocation_gas,grainface_gas,FGR,Ngf,Rgf,status,error
45,TRIAL_045,ANP6,900.0,3.2,7.76068019011021e+19,4.412424129573094e-07,519754.0997222178,13121742640489.854,7.789406175697652,2.263750466667708,52495584956059.21,1.0,40,TRIAL_045_ANP6,rizk2025_refit_plot,rizk2025_refit_full,13121742640489.854,8.325096439492232e+23,1.8579333835655096e+26,6.413896342923476e+24,4.260826674329723e+22,6.782973799257714e+18,4.849416200810678,36.37536510859989,2.0354050808072994,0.1367511012037205,2.1721561820110202,0.5937885947476285,2.7659447767586487,18522802183131.547,4.630700545782886e+18,101.15535925433417,0.43748739581670826,677274594808.7277,21946439.777039103,30860.340068338042,506100897.3579334,457787063.0342849,96917385.12861231,61030315.25242743,1.105537788690263,1.5880203916324602,0.3166854961315744,70.67552425731957,2.439837136131841,26.567953110417022,26.567953110417022,0.0,6.984240659769106e+25,6.984240659769106e+25,0.0,2.6288215094111468e+26,2.628821509411147e+26,1.0034271091980187,3119644517045169.0,0.00022938479345064396,1.0575458320207725e-06,5.091742583218266e-08,5.091742583218266e-08,0.0017262305425097847,0.0017262305425097847,1.310611309096086e+19,6.635521798869834e-06,14113998.628416095,3.2,13121742640489.854,0.0,4.777019194585033e-25,2.016093608067389e-22,4.849416200810678e-09,3.637536510859989e-08,1.5614162777166122e+26,2.814789487291632e+25,1.9303974434342365e+26,0.020354050808072996,0.1367511012037205,0.5937885947476285,0.021721561820110202,0.027659447767586488,15082470.979751768,9471.818880068326,1.2822867487909217e-21,1.0115535925433418e-07,2.3618855910210055e-14,0.05299228202272749,0.0,9.229586270335752e-19,5.911994148657879e-25,4.6050923732244064e-24,5.119872410101689e-28,1.8625632456264503e+19,13121742640489.854,0.0024999111616402264,4.53846694285912e-05,1.112958237359055e-05,5.891038605347029e-06,1.112958237359055e-05,5.891038605347029e-06,2.90829403854735e-30,1.143655551677789e+19,6.789652643053015e+17,0.0013230640298596838,1.8795093041743357e-21,-814679.7975697698,1.0522749363431057e+22,0.0,0.0,0.0,0.0,0.0,0.3333333333333333,0.3333333333333333,2.0,2.4966082885114063e-31,1.1115015552558786e-24,0.0,9.229586270333256e-19,,0.0,0.0,0.0,0.0,0.0,2.4966082885114063e-31,9.229586270333256e-19,1.2042810183467137e-06,2.089348022662243e-18,5.119872410101689e-34,5.911994143538007e-25,,,5.119872410101689e-34,5.911994143538007e-25,,1.55750448473111e-07,3.9001336285958543,12628281158573.209,2.8781632107588848e-06,4.250650621783232e-05,2.8781632107588848e-06,4.250650621783232e-05,0.0024999111616402264,4.53846694285912e-05,False,False,1.0,1.671925695619369,1.7762044219616937e-08,0.2848439378952294,0.5842896518504906,1.0,1.1984633003730785,3.277155589136889e-07,0.1116364585772971,0.833240957917899,0.27303413818137,0.11099675374098476,0.020354050808072996,0.001367511012037205,True,ANP6,125.0,8.0,7.76068019011021e+19,$(U_{0.8}Pu_{0.2})N$,2.0354050808072994,0.3166854961315744,70.67552425731957,2.439837136131841,26.567953110417022,0.0,4.630700545782886e+18,1.0115535925433418e-07,ok,
45,TRIAL_045,ANP6,950.0,3.2,7.76068019011021e+19,4.412424129573094e-07,519754.0997222178,13121742640489.854,7.789406175697652,2.263750466667708,52495584956059.21,1.0,40,TRIAL_045_ANP6,rizk2025_refit_plot,rizk2025_refit_full,13121742640489.854,8.277044234328799e+23,1.861335580249868e+26,6.469466430981247e+24,4.210594074200073e+22,6.77401703874937e+18,4.918768926091674,39.11627721121382,2.0989459078761104,0.16982727447010826,2.2687731823462185,0.5911893262805756,2.8599625086267944,18570211400482.375,4.642552850120593e+18,100.92151345894732,0.4365815920640154,106887458420.48344,21997291.993674353,4859.118952061031,472389352.4426622,451332443.82023746,73891457.40658116,56753867.143665,1.0466549855006912,1.3019633925479401,0.31485759701436894,70.80494334005982,2.460975919369437,26.419223143556387,26.419223143556387,0.0,6.9451422061713794e+25,6.9451422061713794e+25,0.0,2.6288215094111468e+26,2.628821509411147e+26,1.0042585774349735,3083735397172242.0,0.00022626542603728264,1.0470772868012873e-06,5.7990988350365434e-08,5.7990988350365434e-08,0.0021289350200150155,0.0021289350200150155,1.6124108352399426e+19,7.4855138198238e-06,14113998.628416095,3.2,13121742640489.854,0.0,4.984916310829292e-25,2.50703937558241e-22,4.918768926091674e-09,3.911627721121382e-08,1.7690143119283703e+26,3.930800464741802e+25,1.9343072887940092e+26,0.020989459078761104,0.16982727447010826,0.5911893262805756,0.022687731823462187,0.028599625086267944,14959748.290191192,62835.38830440081,1.2734143161455215e-21,1.0092151345894732e-07,2.3509780403074728e-14,0.053320719317065834,0.0,9.229586270408242e-19,1.654156910152138e-24,1.288490005151201e-23,2.2845010932250072e-26,1.8625632456264503e+19,13121742640489.854,0.0025043024812512757,4.547341447025373e-05,1.1064070414706697e-05,5.818277029735914e-06,1.1064070414706697e-05,5.818277029735914e-06,3.356994995424253e-30,1.2888067085775833e+19,7.857761520964668e+17,0.008770724427834713,1.8703790280809436e-21,-815499.6956754643,1.0465858847371275e+22,0.0,0.0,0.0,0.0,0.0,0.3333333333333333,0.3333333333333333,2.0,7.498646671560408e-30,4.1448101342312676e-23,0.0,9.229586270333256e-19,,0.0,0.0,0.0,0.0,0.0,7.498646671560408e-30,9.229586270333256e-19,4.490786491178152e-05,2.0893480226786527e-18,2.284501093225007e-32,1.6541568873071272e-24,,,2.284501093225007e-32,1.6541568873071272e-24,,1.55750448473111e-07,3.9001336285958543,12591798773528.738,3.0897071276648285e-06,4.23837073425889e-05,3.0897071276648285e-06,4.23837073425889e-05,0.0025043024812512757,4.547341447025373e-05,False,False,1.0,1.6817232992546534,1.7832399997855325e-08,0.28760927673500947,0.5804814745930612,1.0,1.216010874228982,3.278599303155368e-07,0.11994730950677483,0.8209418981248429,0.27584624863870233,0.11930788490393783,0.020989459078761104,0.0016982727447010827,True,ANP6,125.0,8.0,7.76068019011021e+19,$(U_{0.8}Pu_{0.2})N$,2.0989459078761104,0.31485759701436894,70.80494334005982,2.460975919369437,26.419223143556387,0.0,4.642552850120593e+18,1.0092151345894732e-07,ok,
45,TRIAL_045,ANP6,1000.0,3.2,7.76068019011021e+19,4.412424129573094e-07,519754.0997222178,13121742640489.854,7.789406175697652,2.263750466667708,52495584956059.21,1.0,40,TRIAL_045_ANP6,rizk2025_refit_plot,rizk2025_refit_full,13121742640489.854,8.240815971034229e+23,1.8638531247567883e+26,6.514988613933608e+24,4.173197455920004e+22,6.765096106278788e+18,4.971604303627083,41.51250736449167,2.148063962493756,0.20272134403655495,2.350785306530311,0.5925382505121858,2.9433235570424965,18545221972817.234,4.636305493204308e+18,101.04355732128434,0.43704922449663974,20327469539.900585,21970722.912507433,925.2071322754982,456434559.0760383,446535939.79319257,61047047.23448455,53477858.624817975,1.0221675757777307,1.1415387377936983,0.31347947898068446,70.90071037855625,2.47829249365544,26.307517648807632,26.307517648807632,0.0,6.915776825439887e+25,6.915776825439887e+25,0.0,2.6288215094111468e+26,2.628821509411147e+26,1.0050864720297545,3056799793032696.0,0.00022395240129177585,1.038391327244305e-06,5.533443588820467e-08,5.533443588820467e-08,0.00252130673238718,0.00252130673238718,1.777877372550577e+19,8.52672724253886e-06,14113998.628416095,3.2,13121742640489.854,0.0,5.1472857088191715e-25,2.996577444752133e-22,4.971604303627083e-09,4.151250736449167e-08,1.9298178921382686e+26,5.0435015742715184e+25,1.9372438268671585e+26,0.02148063962493756,0.20272134403655495,0.5925382505121858,0.02350785306530311,0.029433235570424966,14916568.45213657,346791.7591097446,1.2780397050640909e-21,1.0104355732128434e-07,2.356667529443687e-14,0.05315094251907371,0.0,9.229586271935955e-19,4.1078364398687146e-24,3.199760653346922e-23,6.972208708889678e-25,1.8625632456264503e+19,13121742640489.854,0.0025076298464502054,4.5550582383778805e-05,1.1015040806223174e-05,5.762251238294811e-06,1.1015040806223174e-05,5.762251238294811e-06,3.2375439857567644e-30,1.4027339060418607e+19,7.600180901131004e+17,0.048472894938383394,1.8791708783947557e-21,-816808.3576941736,1.0422964457168725e+22,0.0,0.0,0.0,0.0,0.0,0.3333333333333333,0.3333333333333333,2.0,1.6026995865756309e-28,5.19276648232866e-22,0.0,9.229586270333256e-19,,0.0,0.0,0.0,0.0,0.0,1.6026995865756309e-28,9.229586270333256e-19,0.000562621804415882,2.089348023024489e-18,6.972208708889678e-31,4.1078357426478436e-24,,,6.972208708889678e-31,4.1078357426478436e-24,,1.55750448473111e-07,3.9001336285958543,12560074523346.994,3.2736581363960974e-06,4.227692424738271e-05,3.2736581363960974e-06,4.227692424738271e-05,0.0025076298464502054,4.5550582383778805e-05,False,False,1.0,1.6892220761883199,1.7885508485008003e-08,0.28970935899374645,0.5775938338795705,1.0,1.2316794043518453,3.280039808054116e-07,0.12720027943434936,0.8102286254542955,0.27798139906657865,0.12656097900797378,0.02148063962493756,0.0020272134403655495,True,ANP6,125.0,8.0,7.76068019011021e+19,$(U_{0.8}Pu_{0.2})N$,2.148063962493756,0.31347947898068446,70.90071037855625,2.47829249365544,26.307517648807632,0.0,4.636305493204308e+18,1.0104355732128434e-07,ok,
45,TRIAL_045,ANP6,1050.0,3.2,7.76068019011021e+19,4.412424129573094e-07,519754.0997222178,13121742640489.854,7.789406175697652,2.263750466667708,52495584956059.21,1.0,40,TRIAL_045_ANP6,rizk2025_refit_plot,rizk2025_refit_full,13121742640489.854,8.21006181203893e+23,1.866047833193898e+26,6.544638513339236e+24,4.142179431654441e+22,6.757311890929784e+18,5.016640769562048,43.39765314722716,2.1905669296335613,0.23134563371699046,2.421912563350552,0.6078502313170845,3.0297627946676364,18268750423701.24,4.56718760592531e+18,102.41803134802717,0.44232629044790756,4520244143.936804,21675870.652660843,208.53806596146654,447560778.95888406,442527201.36343473,53994114.98021289,51154839.92806289,1.0113746173793177,1.0555035468030545,0.312309595103624,70.98419677842223,2.489571273633267,26.213922352840896,26.213922352840896,0.0,6.89117229271818e+25,6.89117229271818e+25,0.0,2.6288215094111468e+26,2.628821509411147e+26,1.0058077266655194,3034026950256054.5,0.00022202596264815885,1.0324970080367464e-06,4.1461415192362386e-08,4.1461415192362386e-08,0.002855211747503759,0.002855211747503759,1.7421816165360605e+19,9.727437313493542e-06,14113998.628416095,3.2,13121742640489.854,0.0,5.288440459370974e-25,3.423634093721817e-22,5.016640769562048e-09,4.3397653147227165e-08,2.0689176864045486e+26,6.014668526229986e+25,1.939704280139329e+26,0.02190566929633561,0.23134563371699046,0.6078502313170845,0.024219125633505516,0.030297627946676363,15088437.102469392,1656360.3502736033,1.330907078414035e-21,1.0241803134802717e-07,2.4212180920379146e-14,0.05126688142609909,0.0,9.229586295923071e-19,9.230255568932457e-24,7.189820973191012e-23,1.5366002896313798e-23,1.8625632456264503e+19,13121742640489.854,0.0025106246565542614,4.5610983405147806e-05,1.097383515319445e-05,5.722371692073252e-06,1.097383515319445e-05,5.722371692073252e-06,2.4440021633551645e-30,1.5023930337485873e+19,5.766733025183994e+17,0.23368561878555077,1.954584158630841e-21,-820801.038182165,1.0386568173711304e+22,0.0,0.0,0.0,0.0,0.0,0.3333333333333333,0.3333333333333333,2.0,2.558981501392922e-27,2.8205305937173354e-21,0.0,9.229586270333256e-19,,0.0,0.0,0.0,0.0,0.0,2.558981501392922e-27,9.229586270333256e-19,0.0030559664358555606,2.0893480284545736e-18,1.5366002896313797e-29,9.230240202929561e-24,,,1.5366002896313797e-29,9.230240202929561e-24,,1.55750448473111e-07,3.9001336285958543,12535242499332.773,3.4176430743172035e-06,4.21933403308306e-05,3.4176430743172035e-06,4.21933403308306e-05,0.0025106246565542614,4.5610983405147806e-05,False,False,1.0,1.6956616710038166,1.7930042162053572e-08,0.2915015858304591,0.5751325288202843,1.0,1.2442225848621193,3.281298873611049e-07,0.13289688271146233,0.8018282604910013,0.27980287697153533,0.13225753854743316,0.02190566929633561,0.0023134563371699046,True,ANP6,125.0,8.0,7.76068019011021e+19,$(U_{0.8}Pu_{0.2})N$,2.1905669296335613,0.312309595103624,70.98419677842223,2.489571273633267,26.213922352840896,0.0,4.56718760592531e+18,1.0241803134802718e-07,ok,
45,TRIAL_045,ANP6,1100.0,3.2,7.76068019011021e+19,4.412424129573094e-07,519754.0997222178,13121742640489.854,7.789406175697652,2.263750466667708,52495584956059.21,1.0,40,TRIAL_045_ANP6,rizk2025_refit_plot,rizk2025_refit_full,13121742640489.854,8.181805971263186e+23,1.868164633351626e+26,6.558595203359439e+24,4.1143593347131365e+22,6.751304673315058e+18,5.058182283444555,44.74455798647635,2.2303563475571337,0.25333604328259707,2.483692390839731,0.6756188261305206,3.1593112169702517,17135602377057.367,4.2839005942643415e+18,108.37970504142102,0.46459696512276144,1136827686.3378704,20483539.784054138,55.499571769468226,441646190.1488854,438892842.4477833,50411110.511107795,49614972.18658358,1.0062733939467918,1.0160463321742927,0.31123474689979624,71.06471955831239,2.4948803788616893,26.129165315926134,26.129165315926134,0.0,6.868891180546632e+25,6.868891180546632e+25,0.0,2.6288215094111468e+26,2.628821509411147e+26,1.0063623511449764,3013179201043822.0,0.0002202844969429251,1.0293833460290682e-06,2.1610169440506943e-08,2.1610169440506943e-08,0.003104167463184062,0.003104167463184062,1.5106089784357794e+19,1.1050942862034884e-05,14113998.628416095,3.2,13121742640489.854,0.0,5.420908010487713e-25,3.752401284509099e-22,5.058182283444556e-09,4.474455798647636e-08,2.1989558262047243e+26,6.763327376073202e+25,1.941932391356484e+26,0.022303563475571338,0.25333604328259707,0.6756188261305206,0.02483692390839731,0.031593112169702516,16034198.341911344,7332101.307836906,1.5771113527589733e-21,1.0837970504142102e-07,2.711296369392909e-14,0.04392687557444597,0.0,9.229586587946777e-19,1.9057338427981425e-23,1.4844534964327869e-22,2.556484784617257e-22,1.8625632456264503e+19,13121742640489.854,0.0025135830433186406,4.565395597571115e-05,1.093629679502996e-05,5.695866785713149e-06,1.093629679502996e-05,5.695866785713149e-06,1.2796959117309207e-30,1.5961514720173744e+19,3.0643811478330726e+17,1.0748032130635645,2.2973139303418398e-21,-833215.5393475496,1.0353149727831958e+22,0.0,0.0,0.0,0.0,0.0,0.3333333333333333,0.3333333333333333,2.0,3.1761352235744896e-26,8.043227546416823e-21,0.0,9.229586270333256e-19,,0.0,0.0,0.0,0.0,0.0,3.1761352235744896e-26,9.229586270333256e-19,0.008714613021693452,2.0893480945614537e-18,2.556484784617257e-28,1.9057082779502963e-23,,,2.556484784617257e-28,1.9057082779502963e-23,,1.55750448473111e-07,3.9001336285958543,12517575736603.115,3.52008023214558e-06,4.213387574356557e-05,3.52008023214558e-06,4.213387574356557e-05,0.0025135830433186406,4.565395597571115e-05,False,False,1.0,1.701650621398499,1.7970364297157483e-08,0.29315917930966345,0.5728586187504285,1.0,1.253301775077997,3.2822718724757776e-07,0.13696139198350424,0.7958425018802364,0.28148683343028214,0.13632190960467225,0.022303563475571338,0.0025333604328259705,True,ANP6,125.0,8.0,7.76068019011021e+19,$(U_{0.8}Pu_{0.2})N$,2.2303563475571337,0.31123474689979624,71.06471955831239,2.4948803788616893,26.129165315926134,0.0,4.2839005942643415e+18,1.0837970504142102e-07,ok,
45,TRIAL_045,ANP6,1150.0,3.2,7.76068019011021e+19,4.412424129573094e-07,519754.0997222178,13121742640489.854,7.789406175697652,2.263750466667708,52495584956059.21,1.0,40,TRIAL_045_ANP6,rizk2025_refit_plot,rizk2025_refit_full,13121742640489.854,8.154765177827528e+23,1.8702681445988622e+26,6.56156463816775e+24,4.088205971086593e+22,6.746848795399359e+18,5.098174220449477,45.69052415727953,2.269161441468425,0.26956779568884415,2.538729237157269,0.8488692202082135,3.387598457365483,13530137055849.861,3.3825342639624653e+18,126.5299605696382,0.5,288570063.06716174,17545251.65427662,16.447188604263953,437056950.97356874,435450007.00354165,48729506.542838894,48587755.14060947,1.0036903064512157,1.0029174305711224,0.31020611892566974,71.1447368299189,2.4960099476809035,26.04904710347453,23.061416204783672,2.987630898690855,6.847829532527796e+25,6.062434695661809e+25,7.853948368659875e+24,2.6288215094111468e+26,2.550282025724548e+26,1.0067720192687968,2993296055138268.0,0.0002186376907769639,1.0282380321958178e-06,6.414672033804876e-09,6.414672033804876e-09,0.003280816054198082,0.003280816054198082,1.1866231256404347e+19,1.246528731939812e-05,14113998.628416095,3.2,13121742640489.854,0.0,5.550506646477283e-25,3.995462235238783e-22,5.098174220449477e-09,4.5690524157279535e-08,2.325663343494433e+26,7.318067322572805e+25,1.944038556158367e+26,0.02269161441468425,0.26956779568884415,0.8488692202082135,0.02538729237157269,0.03387598457365483,17922759.157981087,33754726.782773696,2.5095657692283264e-21,1.265299605696382e-07,3.695454066252944e-14,0.03407359027997264,1.0,9.22958943709223e-19,3.660792762206921e-23,2.8515401749883855e-22,3.330768464716398e-21,1.8625632456264503e+19,13121742640489.854,0.002516565765415818,4.568404946037686e-05,1.0900577071891358e-05,5.678155215165599e-06,1.0900577071891358e-05,5.678155215165599e-06,3.808646508378622e-31,1.6878700413250922e+19,9.757629328852152e+16,4.193652608156869,2.476598392958734e-21,-906876.5013829592,1.0321185149650987e+22,8.121291221850615e+21,0.0,0.0,0.0,0.0,0.3333333333333333,0.3333333333333333,2.0,3.1667589742037936e-25,1.392433705843146e-20,0.0,9.229586270333256e-19,,0.0,0.0,0.0,0.0,0.0,3.1667589742037936e-25,9.229586270333256e-19,0.015086626716538222,2.089348739536888e-18,3.330768464716398e-27,3.6604596853604494e-23,,,3.330768464716398e-27,3.6604596853604494e-23,,1.55750448473111e-07,3.9001336285958543,12505208918878.82,3.59178715075809e-06,4.209226230961877e-05,3.59178715075809e-06,4.209226230961877e-05,0.002516565765415818,4.568404946037686e-05,False,False,1.0,1.707455389836491,1.8008603491095583e-08,0.29475740131793143,0.5706684433334517,1.0,1.2597366988770198,3.2829943463376303e-07,0.13981289384455173,0.7916471656607569,0.28310994913971793,0.1391733247827789,0.02269161441468425,0.0026956779568884414,True,ANP6,125.0,8.0,7.76068019011021e+19,$(U_{0.8}Pu_{0.2})N$,2.269161441468425,0.31020611892566974,71.1447368299189,2.4960099476809035,23.061416204783672,2.987630898690855,3.3825342639624653e+18,1.265299605696382e-07,ok,
45,TRIAL_045,ANP6,1200.0,3.2,7.76068019011021e+19,4.412424129573094e-07,519754.0997222178,13121742640489.854,7.789406175697652,2.263750466667708,52495584956059.21,1.0,40,TRIAL_045_ANP6,rizk2025_refit_plot,rizk2025_refit_full,13121742640489.854,8.128375413740296e+23,1.8723496416111884e+26,6.559594824588521e+24,4.062929860884088e+22,6.743139896191807e+18,5.1375067074645635,46.449443222897884,2.3077307664404296,0.283069004063228,2.590799770503658,1.1135111559369237,3.7043109264405816,7863114936550.061,1.965778734137515e+18,165.97671266722654,0.49999999999999994,96703547.20046209,13375370.341566944,7.229971561978681,433108600.0019196,432116224.15488845,47809953.81025265,47793899.04302709,1.002296548455157,1.0003359166660815,0.3092022560162726,71.22391668312972,2.4952606333694614,25.97162042748456,16.525004338452437,9.44661608903212,6.827475441403333e+25,4.344128684803629e+25,2.483346756599704e+25,2.6288215094111468e+26,2.3804868337511768e+26,1.007112940689252,2973961535674527.0,0.00021704401708872516,1.0279812574603322e-06,6.993879402024387e-10,6.993879402024387e-10,0.0034234221201845353,0.0034234221201845353,9.017249437878754e+18,1.3940974677728164e-05,14113998.628416095,3.2,13121742640489.854,0.0,5.679967032308726e-25,4.197881230717034e-22,5.137506707464564e-09,4.6449443222897885e-08,2.4516278872310973e+26,7.780779333357001e+25,1.946073965270814e+26,0.023077307664404297,0.283069004063228,1.1135111559369237,0.025907997705036576,0.037043109264405814,22098767.319861226,129595539.1056671,5.6644785936474e-21,1.6597671266722653e-07,6.35880314652217e-14,0.0340735902799727,1.0,9.229612338152461e-19,6.611179243465562e-23,5.149716042769478e-22,3.503783313863259e-20,1.8625632456264503e+19,13121742640489.854,0.002519544779408436,4.5708233263328016e-05,1.086584009080022e-05,5.664451080454312e-06,1.086584009080022e-05,5.664451080454312e-06,4.1598816795955776e-32,1.7793566634296982e+19,1.8723761743479916e+16,12.998152111731958,4.507871663970156e-21,-557509.5676384246,1.0290015007000911e+22,6.15591253446324e+21,0.0,0.0,0.0,0.0,0.3333333333333333,0.3333333333333333,2.0,2.6067819204802983e-24,1.635620778320907e-20,0.0,9.229586270333256e-19,,0.0,0.0,0.0,0.0,0.0,2.6067819204802983e-24,9.229586270333256e-19,0.017721446127913074,2.089353923765467e-18,3.503783313863259e-26,6.607675460151699e-23,,,3.503783313863259e-26,6.607675460151699e-23,,1.55750448473111e-07,3.9001336285958543,12495312494588.428,3.6491777440586607e-06,4.2059055519269356e-05,3.6491777440586607e-06,4.2059055519269356e-05,0.002519544779408436,4.5708233263328016e-05,False,False,1.0,1.7131899834279525,1.8045871166089043e-08,0.2963282604064061,0.5685179665469013,1.0,1.2649340623392948,3.283596166434603e-07,0.14209859455347554,0.788286736331679,0.2847049687820297,0.14145906144836778,0.023077307664404297,0.00283069004063228,True,ANP6,125.0,8.0,7.76068019011021e+19,$(U_{0.8}Pu_{0.2})N$,2.3077307664404296,0.3092022560162726,71.22391668312972,2.4952606333694614,16.525004338452437,9.44661608903212,1.965778734137515e+18,1.6597671266722656e-07,ok,
45,TRIAL_045,ANP6,1250.0,3.2,7.76068019011021e+19,4.412424129573094e-07,519754.0997222178,13121742640489.854,7.789406175697652,2.263750466667708,52495584956059.21,1.0,40,TRIAL_045_ANP6,rizk2025_refit_plot,rizk2025_refit_full,13121742640489.854,8.102299329129884e+23,1.8743986841462432e+26,6.556221134819552e+24,4.038130688555539e+22,6.739583334677132e+18,5.1766086853833775,47.157620525123335,2.346415881550037,0.2960583450809078,2.6424742266309442,1.5863142085551938,4.2287884351861385,3874407889275.9937,9.686019723189984e+17,236.45135137579052,0.5,48520910.646156676,9388823.481375538,5.167943645165643,429495103.537983,428852195.5055963,47080174.25706818,47076166.5936323,1.0014991366235837,1.0000851314736494,0.3082103254299981,71.30186197259572,2.4939772865325263,25.895950415441767,13.693069524247836,12.202880891193935,6.807583145875785e+25,3.5996635695204966e+25,3.207919576355288e+25,2.6288215094111468e+26,2.308029551775618e+26,1.0074410840166061,2954960764498214.0,0.00021548307595812595,1.0279677446881815e-06,0.0,0.0,0.0035599097300773788,0.0035599097300773788,7.072487678565299e+18,1.545646945983973e-05,14113998.628416095,3.2,13121742640489.854,0.0,5.810648694951877e-25,4.392828612380246e-22,5.176608685383378e-09,4.715762052512334e-08,2.578083200600631e+26,8.226378865913152e+25,1.9480631948235683e+26,0.023464158815500367,0.2960583450809078,1.5863142085551938,0.026424742266309444,0.042287884351861385,37163496.17688975,452460629.9228939,1.6377358852132902e-20,2.3645135137579051e-07,1.2905197756383737e-13,0.03407359027997264,1.0,9.229767552555075e-19,1.1334130523459807e-22,8.828614629560108e-22,3.0533079764031823e-19,1.8625632456264503e+19,13121742640489.854,0.0025225193944225675,4.573141582732752e-05,1.0831687502687567e-05,5.652048752820299e-06,1.0831687502687567e-05,5.652048752820299e-06,-6.63568101055224e-33,1.8714620063598182e+19,7545425103727064.0,51.065084829262275,1.0203513867432834e-20,-306379.0526170794,1.0259349468891528e+22,5.689154121685069e+21,0.0,0.0,0.0,0.0,0.3333333333333333,0.3333333333333333,2.0,1.8128222181985484e-23,1.4206355952567515e-20,0.0,9.229586270333256e-19,,0.0,0.0,0.0,0.0,0.0,1.8128222181985484e-23,9.229586270333256e-19,0.015391889201624338,2.089389060433102e-18,3.0533079764031822e-25,1.1303597443695776e-22,,,3.0533079764031822e-25,1.1303597443695776e-22,,1.55750448473111e-07,3.9001336285958543,12486097207304.693,3.7026720568291042e-06,4.2028743770498415e-05,3.7026720568291042e-06,4.2028743770498415e-05,0.0025225193944225675,4.573141582732752e-05,False,False,1.0,1.7189073456672868,1.8082737250437298e-08,0.2978865120790028,0.5663869163659008,1.0,1.2698122012682085,3.284173665443225e-07,0.14422995196054797,0.7851552279126659,0.2862870234392414,0.14359052026184202,0.023464158815500367,0.0029605834508090777,True,ANP6,125.0,8.0,7.76068019011021e+19,$(U_{0.8}Pu_{0.2})N$,2.346415881550037,0.3082103254299981,71.30186197259572,2.4939772865325263,13.693069524247836,12.202880891193935,9.686019723189984e+17,2.3645135137579054e-07,ok,
45,TRIAL_045,ANP6,1300.0,3.2,7.76068019011021e+19,4.412424129573094e-07,519754.0997222178,13121742640489.854,7.789406175697652,2.263750466667708,52495584956059.21,1.0,40,TRIAL_045_ANP6,rizk2025_refit_plot,rizk2025_refit_full,13121742640489.854,8.07817726926439e+23,1.8780990576220395e+26,6.554436473750724e+24,4.014813910928131e+22,6.735956720012938e+18,5.216868326580099,47.86057514994851,2.387721420044285,0.3093297120503329,2.697051132094618,2.3182799057503902,5.015331037845009,1814061586393.116,4.53515396598279e+17,345.5560150856124,0.5,27950689.967039704,6424428.755638907,4.350688758515156,425974435.6533459,425542655.29168797,46385648.11547563,46384733.009260304,1.0010146582399877,1.000019728608013,0.3072927256698342,71.44262365848991,2.49329840397529,25.756785211864962,12.12782352927042,13.628961682594543,6.770999097823355e+25,3.1881883356088686e+25,3.5828107622144868e+25,2.6288215094111468e+26,2.270540433189698e+26,1.0077765101647636,2937680268424977.5,0.00021381634034729465,1.0276942466837593e-06,0.0,0.0,0.0037005738892642447,0.0037005738892642447,5.879771678016155e+18,1.7005710656697945e-05,14113998.628416095,3.2,13121742640489.854,0.0,5.947277938698532e-25,4.592216442414118e-22,5.216868326580099e-09,4.786057514994851e-08,2.7087035259565702e+26,8.681169662390387e+25,1.9517215996288112e+26,0.02387721420044285,0.3093297120503329,2.3182799057503902,0.02697051132094618,0.05015331037845008,70299450.90117735,1545204322.530615,5.1117997826298884e-20,3.455560150856124e-07,2.7562460048236067e-13,0.03407359027997264,1.0,9.23067223883602e-19,1.8677388802971109e-22,1.4548576768776933e-21,2.2525702314749626e-18,1.8625632456264503e+19,13121742640489.854,0.0025269462008747396,4.5758102147399464e-05,1.0796913845072104e-05,5.640089500045221e-06,1.0796913845072104e-05,5.640089500045221e-06,-3.1293569535118966e-32,1.96392236014799e+19,2683614175286497.5,199.2649055796138,2.4375456203969115e-20,-160458.8118110722,1.0231954871978065e+22,5.636215257631059e+21,0.0,0.0,0.0,0.0,0.3333333333333333,0.3333333333333333,2.0,1.085968502764781e-22,9.755018938795317e-21,0.0,9.229586270333256e-19,,0.0,0.0,0.0,0.0,0.0,1.085968502764781e-22,9.229586270333256e-19,0.01056804822703294,2.0895938588321695e-18,2.2525702314749626e-24,1.8452131779823613e-22,,,2.2525702314749626e-24,1.8452131779823613e-22,,1.55750448473111e-07,3.9001336285958543,12476969085608.006,3.7559674546739308e-06,4.2002134692725535e-05,3.7559674546739308e-06,4.2002134692725535e-05,0.0025269462008747396,4.5758102147399464e-05,False,False,1.0,1.7249842130385553,1.8117676227145622e-08,0.29953418841902724,0.5641359303986848,1.0,1.2746814828066269,3.2847629554281894e-07,0.14634412886116682,0.7820509038398368,0.2879571623224662,0.14570480670715427,0.02387721420044285,0.0030932971205033287,True,ANP6,125.0,8.0,7.76068019011021e+19,$(U_{0.8}Pu_{0.2})N$,2.387721420044285,0.3072927256698342,71.44262365848991,2.49329840397529,12.12782352927042,13.628961682594543,4.53515396598279e+17,3.455560150856124e-07,ok,
45,TRIAL_045,ANP6,1350.0,3.2,7.76068019011021e+19,4.412424129573094e-07,519754.0997222178,13121742640489.854,7.789406175697652,2.263750466667708,52495584956059.21,1.0,40,TRIAL_045_ANP6,rizk2025_refit_plot,rizk2025_refit_full,13121742640489.854,8.052610305213018e+23,1.8825273561257782e+26,6.553594571459327e+24,3.991638428865376e+22,6.732254587179942e+18,5.258069480054693,48.558895595614615,2.430629508688997,0.3228907044407965,2.7535202131297933,3.362285330991229,6.115805544121022,862411694608.0955,2.1560292365202384e+17,501.1724070403241,0.5,17092895.087772973,4429613.38017434,3.8587780965886993,422501750.1034465,422208190.36741,45717692.73794283,45717678.97045191,1.0006952961660478,1.000000301141511,0.306320161957926,71.61107550993306,2.492978145529297,25.589626182579714,10.881113122842459,14.708513059737253,6.72705597265562e+25,2.860450422366415e+25,3.866605550289205e+25,2.6288215094111468e+26,2.242160954382226e+26,1.008119422264966,2920579352938793.5,0.0002120816077681995,1.0272612358214769e-06,0.0,0.0,0.0038450328514714506,0.0038450328514714506,5.088968330227674e+18,1.8625808244512356e-05,14113998.628416095,3.2,13121742640489.854,0.0,6.089302806366416e-25,4.796174895935589e-22,5.258069480054693e-09,4.855889559561462e-08,2.8426913917817254e+26,9.145599880844232e+25,1.9561159121455848e+26,0.02430629508688997,0.3228907044407965,3.362285330991229,0.027535202131297933,0.061158055441210224,132672153.69412567,4952005095.138761,1.559480397593239e-19,5.011724070403241e-07,5.797695035051842e-13,0.03407359027997264,1.0,9.235283837640407e-19,3.0343633300233184e-22,2.363588846219413e-21,1.4331663655150738e-17,1.8625632456264503e+19,13121742640489.854,0.0025326981742801223,4.580298276424662e-05,1.0761730334603782e-05,5.628541320335025e-06,1.0761730334603782e-05,5.628541320335025e-06,-4.7912222228696143e-32,2.059317042051102e+19,75498666548100.86,718.179263196885,5.699349106461332e-20,-84794.92591902205,1.0206705170634028e+22,5.621105167838797e+21,0.0,0.0,0.0,0.0,0.3333333333333333,0.3333333333333333,2.0,5.697567307150379e-22,5.580606868254579e-21,0.0,9.229586270333256e-19,,0.0,0.0,0.0,0.0,0.0,5.697567307150379e-22,9.229586270333256e-19,0.006042702061315758,2.090637809726721e-18,1.433166365515074e-23,2.891046693471811e-22,,,1.433166365515074e-23,2.891046693471811e-22,,1.55750448473111e-07,3.9001336285958543,12467920901732.678,3.8103387914078828e-06,4.199264397283874e-05,3.8103387914078828e-06,4.199264397283874e-05,0.0025326981742801223,4.580298276424662e-05,False,False,1.0,1.7312592966262033,1.8152672645516403e-08,0.30122643834973317,0.56182658944295,1.0,1.279545417831563,3.285364952883187e-07,0.14844286563815254,0.778971191920462,0.2896718249076444,0.14780365740798465,0.02430629508688997,0.0032289070444079648,True,ANP6,125.0,8.0,7.76068019011021e+19,$(U_{0.8}Pu_{0.2})N$,2.430629508688997,0.306320161957926,71.61107550993306,2.492978145529297,10.881113122842459,14.708513059737253,2.1560292365202384e+17,5.011724070403242e-07,ok,
45,TRIAL_045,ANP6,1400.0,3.2,7.76068019011021e+19,4.412424129573094e-07,519754.0997222178,13121742640489.854,7.789406175697652,2.263750466667708,52495584956059.21,1.0,40,TRIAL_045_ANP6,rizk2025_refit_plot,rizk2025_refit_full,13121742640489.854,8.016088289285625e+23,1.886528911604018e+26,6.554741209637992e+24,3.964878479826026e+22,6.728451709508671e+18,5.300935810470195,49.257157250274055,2.4738657414087033,0.3368307879374207,2.810696529346124,4.7849059785017936,7.595602507847918,425830683725.8565,1.0645767093146413e+17,713.2240754833297,0.5000000000000001,10916569.531156652,3112626.2787688086,3.5071892843732826,418984283.8221364,418793978.9074875,45069433.06663417,45069592.39893302,1.0004544117734102,0.9999964647495047,0.30493086961545823,71.7632941167846,2.4934143250776457,25.438360688522277,9.808971799195453,15.629388889326828,6.687290974214632e+25,2.5786036050932365e+25,4.108687369121396e+25,2.6288215094111468e+26,2.2179527724990074e+26,1.0084720948576933,2900614783655599.0,0.00021021264041191928,1.0265015004509468e-06,0.0,0.0,0.003992634006898312,0.003992634006898312,4.455785007961742e+18,2.045654660382247e-05,14113998.628416095,3.2,13121742640489.854,0.0,6.239449087774447e-25,5.006066811201309e-22,5.300935810470195e-09,4.925715725027406e-08,2.9790440867218425e+26,9.622427611684031e+25,1.9600924119896836e+26,0.024738657414087033,0.3368307879374207,4.7849059785017936,0.02810696529346124,0.07595602507847918,242218675.51031652,14680222487.636316,4.494655891525417e-19,7.132240754833297e-07,1.1741756033764178e-12,0.03407359027997259,1.0,9.256141022594044e-19,5.167759547233053e-22,4.025377813173764e-21,7.989389038480301e-17,1.8625632456264503e+19,13121742640489.854,0.002541166517253275,4.5928443467478544e-05,1.0725551389225484e-05,5.617311534848535e-06,1.0725551389225484e-05,5.617311534848535e-06,-4.7587264686025224e-32,2.159098172206036e+19,-1132676730972257.2,2379.136898153616,1.2806976287738576e-19,-46456.36111307297,1.0081566622723151e+22,5.622440658254149e+21,0.0,0.0,0.0,0.0,0.3333333333333333,0.3333333333333333,2.0,2.6554752260788454e-21,2.7719141772846878e-21,0.0,9.229586270333256e-19,,0.0,0.0,0.0,0.0,0.0,2.6554752260788454e-21,9.229586270333256e-19,0.0029946758271276377,2.0953593559439382e-18,7.989389038480301e-23,4.368820643385022e-22,,,7.989389038480301e-23,4.368820643385022e-22,,1.55750448473111e-07,3.9001336285958543,12458893790699.797,3.871434779047902e-06,4.205700868843064e-05,3.871434779047902e-06,4.205700868843064e-05,0.002541166517253275,4.5928443467478544e-05,False,False,1.0,1.7375285889580643,1.819342029388184e-08,0.3029079081819195,0.5595345227947114,1.0,1.2844356312490848,3.285983792030067e-07,0.1505398793800382,0.7758959675183908,0.29137930884324914,0.14990079187165797,0.024738657414087033,0.003368307879374207,True,ANP6,125.0,8.0,7.76068019011021e+19,$(U_{0.8}Pu_{0.2})N$,2.4738657414087033,0.30493086961545823,71.7632941167846,2.4934143250776457,9.808971799195453,15.629388889326828,1.0645767093146413e+17,7.132240754833297e-07,ok,
45,TRIAL_045,ANP6,1450.0,3.2,7.76068019011021e+19,4.412424129573094e-07,519754.0997222178,13121742640489.854,7.789406175697652,2.263750466667708,52495584956059.21,1.0,40,TRIAL_045_ANP6,rizk2025_refit_plot,rizk2025_refit_full,13121742640489.854,7.936632577739164e+23,1.8890197241478082e+26,6.565688577977271e+24,3.9233499538099016e+22,6.724381808263937e+18,5.350188910944768,49.98422004032463,2.516824934393067,0.3517545574571426,2.86857949185021,6.670021784065681,9.538601275915891,219143838366.4146,5.4785959591603656e+16,994.2139180514168,0.5,7232438.543788842,2232919.857278834,3.239004982741616,415043870.45465827,414938619.3557751,44413887.67261484,44414017.02795445,1.0002536546225718,0.9999970875109196,0.30190838553801097,71.85804427516825,2.4975786885766844,25.34246865071706,8.893320570793101,16.449148079923955,6.662082669058269e+25,2.3378952406589523e+25,4.324187428399316e+25,2.6288215094111468e+26,2.1964027665712152e+26,1.0088498507959311,2869438337662777.0,0.00020773609642684554,1.0241701654025826e-06,0.0,0.0,0.004148857273455735,0.004148857273455735,3.8755199555629256e+18,2.274273592502584e-05,14113998.628416095,3.2,13121742640489.854,0.0,6.414989649212962e-25,5.231031899837297e-22,5.350188910944768e-09,4.9984220040324635e-08,3.1188440010341625e+26,1.0130074845503853e+26,1.96261324250532e+26,0.025168249343930672,0.3517545574571426,6.670021784065681,0.028685794918502098,0.09538601275915891,426732553.0275555,40431717157.4404,1.2174691898776033e-18,9.942139180514168e-07,2.281606472384526e-12,0.03407359027997264,1.0,9.34088619014059e-19,1.03501318176948e-21,8.062138070003664e-21,3.956100289530877e-16,1.8625632456264503e+19,13121742640489.854,0.002560251076804527,4.637202520424713e-05,1.0684508815469118e-05,5.605941955934202e-06,1.0684508815469118e-05,5.605941955934202e-06,-4.669946846234237e-32,2.266215763735603e+19,-1739698672019737.8,7286.898835894867,2.756908839915678e-19,-26485.96640819587,1.0007150237319185e+22,5.647336476652595e+21,0.0,0.0,0.0,0.0,0.3333333333333333,0.3333333333333333,2.0,1.1129991980733449e-20,1.2351760164789186e-21,0.0,9.229586270333256e-19,,0.0,0.0,0.0,0.0,0.0,1.1129991980733449e-20,9.229586270333256e-19,0.0013223327972699858,2.114543547202071e-18,3.9561002895308766e-22,6.394031528163924e-22,,,3.9561002895308766e-22,6.394031528163924e-22,,1.55750448473111e-07,3.9001336285958543,12449516640630.291,3.961904885902445e-06,4.2410120318344686e-05,3.961904885902445e-06,4.2410120318344686e-05,0.002560251076804527,4.637202520424713e-05,False,False,1.0,1.7436627937237026,1.8257387551147958e-08,0.3045443109306038,0.5573063553442925,1.0,1.2895559363163942,3.2866466005332215e-07,0.15272169208882633,0.7726984957671331,0.29305625987320855,0.152082733909436,0.025168249343930672,0.003517545574571426,True,ANP6,125.0,8.0,7.76068019011021e+19,$(U_{0.8}Pu_{0.2})N$,2.516824934393067,0.30190838553801097,71.85804427516825,2.4975786885766844,8.893320570793101,16.449148079923955,5.4785959591603656e+16,9.942139180514168e-07,ok,
45,TRIAL_045,ANP6,1500.0,3.2,7.76068019011021e+19,4.412424129573094e-07,519754.0997222178,13121742640489.854,7.789406175697652,2.263750466667708,52495584956059.21,1.0,40,TRIAL_045_ANP6,rizk2025_refit_plot,rizk2025_refit_full,13121742640489.854,7.713946533377946e+23,1.888251266310503e+26,6.614328124204401e+24,3.832599086369374e+22,6.719418942690507e+18,5.422844117849024,50.84394287420964,2.5601379235378636,0.3699457095419721,2.930083633079836,9.12865072540595,12.058734358485786,116995885124.45247,2.9248971281113116e+16,1360.6899494557008,0.5,4955573.5218833005,1631525.2426815073,3.037386975232161,409425049.77923644,409379276.2165115,43662906.68655933,43663018.13949376,1.0001118121150343,0.9999974474294452,0.2934374397714762,71.82881224725939,2.516081103462214,25.361669209506925,8.143670861903116,17.217998347603807,6.66713015325222e+25,2.1408257127335726e+25,4.526304440518647e+25,2.6288215094111468e+26,2.176191065359282e+26,1.0093105877958537,2801419432821116.5,0.0002030126018752347,1.0158884640375544e-06,0.0,0.0,0.004344262253940924,0.004344262253940924,3.4506728109542994e+18,2.548452376362552e-05,14113998.628416095,3.2,13121742640489.854,0.0,6.679900156118561e-25,5.505620540960689e-22,5.422844117849025e-09,5.084394287420964e-08,3.2693377968918984e+26,1.0738596226444771e+26,1.9621084940859248e+26,0.025601379235378637,0.3699457095419721,9.12865072540595,0.029300836330798358,0.12058734358485787,731931968.5325015,104701092584.98553,3.1210159966550954e-18,1.3606899494557008e-06,4.2736545774078564e-12,0.03407359027997264,1.0,9.653577892834512e-19,2.6703221709632663e-21,2.0800224009603627e-20,1.7607759639859707e-15,1.8625632456264503e+19,13121742640489.854,0.002618528263147577,4.7952484147855444e-05,1.0624970978253627e-05,5.592905037428483e-06,1.0624970978253627e-05,5.592905037428483e-06,-5.399828957973426e-32,2.382868375204293e+19,-3635345316223367.0,20844.451267794153,5.692103207230383e-19,-15586.893222283003,9.995932705713325e+21,5.700360775418669e+21,0.0,0.0,0.0,0.0,0.3333333333333333,0.3333333333333333,2.0,4.239916225012569e-20,5.067891913502495e-22,0.0,9.229586270333256e-19,,0.0,0.0,0.0,0.0,0.0,4.239916225012569e-20,9.229586270333256e-19,0.0005249755033586253,2.1853291459917197e-18,1.7607759639859707e-21,9.095462069772957e-22,,,1.7607759639859707e-21,9.095462069772957e-22,,1.55750448473111e-07,3.9001336285958543,12438459090103.48,4.1615891723007045e-06,4.379089497555474e-05,4.1615891723007045e-06,4.379089497555474e-05,0.002618528263147577,4.7952484147855444e-05,False,False,1.0,1.7496244324193473,1.8400368708536904e-08,0.30612638077548193,0.55515449485442,1.0,1.295647854083883,3.2874555579404383e-07,0.15529927415468636,0.7689238321975893,0.2947278126572001,0.15466047214357756,0.025601379235378637,0.003699457095419721,True,ANP6,125.0,8.0,7.76068019011021e+19,$(U_{0.8}Pu_{0.2})N$,2.5601379235378636,0.2934374397714762,71.82881224725939,2.516081103462214,8.143670861903116,17.217998347603807,2.9248971281113116e+16,1.3606899494557008e-06,ok,
45,TRIAL_045,ANP6,1550.0,3.2,7.76068019011021e+19,4.412424129573094e-07,519754.0997222178,13121742640489.854,7.789406175697652,2.263750466667708,52495584956059.21,1.0,40,TRIAL_045_ANP6,rizk2025_refit_plot,rizk2025_refit_full,13121742640489.854,7.095743194951265e+23,1.879265463004773e+26,6.779832993890932e+24,3.6036563417443493e+22,6.71163316516539e+18,5.568222741904238,52.13334485247015,2.6060441971882944,0.3983488709917686,3.0043930681800632,12.352817238032527,15.35721030621259,63892772924.461464,1.5973193231115366e+16,1841.2747698271176,0.5,3518013.6595800095,1205686.4278917166,2.9178512573386657,398707708.0939754,398690947.3453998,42582973.04155479,42583110.79563914,1.0000420394510767,0.9999967650535206,0.26992107183955233,71.48699355498375,2.5790389228097905,25.66404645036691,7.618349692364302,18.045696758002606,6.746619732725132e+25,2.002728153750307e+25,4.743891578974825e+25,2.6288215094111468e+26,2.1544323515136645e+26,1.0100305776239171,2630098447511401.0,0.00019179591085547509,9.89940338678451e-07,0.0,0.0,0.004670316113797644,0.004670316113797644,3.2495633072306964e+18,2.8357788015688814e-05,14113998.628416095,3.2,13121742640489.854,0.0,7.231666812953754e-25,5.9352002886461745e-22,5.568222741904238e-09,5.2133344852470156e-08,3.4526166532033354e+26,1.1662667037422277e+26,1.9541595361386336e+26,0.026060441971882946,0.3983488709917686,12.352817238032527,0.030043930681800633,0.1535721030621259,1253805751.1562839,261064365873.67673,7.733467603690889e-18,1.8412747698271176e-06,7.825611209442033e-12,0.03407359027997264,1.0,1.0711233129353537e-18,8.378501496912049e-21,6.526355130313874e-20,7.11715258415843e-15,1.8625632456264503e+19,13121742640489.854,0.00280236739385485,5.325282001019218e-05,1.0509312380113957e-05,5.574135149636527e-06,1.0509312380113957e-05,5.574135149636527e-06,-1.1822508810376118e-31,2.497031924921435e+19,-1.2985749242657786e+16,56719.145914270084,1.136408364493772e-18,-9280.982551336705,1.0290673937138252e+22,5.814284523692253e+21,0.0,0.0,0.0,0.0,0.3333333333333333,0.3333333333333333,2.0,1.4816468590202815e-19,1.9547622806480766e-22,0.0,9.229586270333256e-19,,0.0,0.0,0.0,0.0,0.0,1.4816468590202815e-19,9.229586270333256e-19,0.00018249647421930904,2.4247558995160684e-18,7.11715258415843e-21,1.2613489127536196e-21,,,7.11715258415843e-21,1.2613489127536196e-21,,1.55750448473111e-07,3.9001336285958543,12421942774977.725,4.728670754134081e-06,4.85241492560581e-05,4.728670754134081e-06,4.85241492560581e-05,0.00280236739385485,5.325282001019218e-05,False,False,1.0,1.7553783534046377,1.8782059368502178e-08,0.3076456386429165,0.5530902318239596,1.0,1.3048598429292269,3.2887262624070887e-07,0.1591599531074327,0.7632759816046824,0.29647899213639695,0.15852138698315577,0.026060441971882946,0.003983488709917686,True,ANP6,125.0,8.0,7.76068019011021e+19,$(U_{0.8}Pu_{0.2})N$,2.6060441971882944,0.26992107183955233,71.48699355498375,2.5790389228097905,7.618349692364302,18.045696758002606,1.5973193231115366e+16,1.8412747698271176e-06,ok,
45,TRIAL_045,ANP6,1600.0,3.2,7.76068019011021e+19,4.412424129573094e-07,519754.0997222178,13121742640489.854,7.789406175697652,2.263750466667708,52495584956059.21,1.0,40,TRIAL_045_ANP6,rizk2025_refit_plot,rizk2025_refit_full,13121742640489.854,5.741773400151188e+23,1.85014523788455e+26,7.232757255841773e+24,3.097928084776269e+22,6.696366735208033e+18,5.894602594395016,54.48059485008865,2.657807568909288,0.4535794416365907,3.1113870105458785,16.806630003984672,19.918017014530555,34516161337.17481,8629040334293703.0,2505.147060451873,0.49999999999999994,2615134.374894766,886175.5204101916,2.951034320700121,376621977.1502632,376615719.96574044,40748272.291687086,40748453.75878615,1.0000166142414961,0.9999955466506745,0.21841625152547306,70.37926429242358,2.7513306742008146,26.650988781850135,7.493108107569509,19.15788067428063,7.006069255680281e+25,1.9698043765521776e+25,5.036264879128104e+25,2.6288215094111468e+26,2.1251950214983364e+26,1.0114327343154284,2253771811681751.0,0.00016747067973929157,9.258379157129457e-07,0.0,0.0,0.0053344684159657456,0.0053344684159657456,3.13887565522165e+18,3.178285478492888e-05,14113998.628416095,3.2,13121742640489.854,0.0,8.579306866322023e-25,6.773515543164162e-22,5.894602594395016e-09,5.448059485008865e-08,3.714525192280779e+26,1.3421400464916714e+26,1.9282145838431186e+26,0.02657807568909288,0.4535794416365907,16.806630003984672,0.031113870105458786,0.19918017014530554,2282761813.8760366,660039208067.2847,1.9476824018531275e-17,2.505147060451873e-06,1.4485967750460328e-11,0.0340735902799727,1.0,1.4017765731852965e-18,2.8072866441166047e-20,2.1867095922635414e-19,2.6363059898109156e-14,1.8625632456264503e+19,13121742640489.854,0.003330853448682101,6.980207229382473e-05,1.0265390449462923e-05,5.5421838901022765e-06,1.0265390449462923e-05,5.5421838901022765e-06,-3.0455877905216287e-31,2.671587961799155e+19,-5.088962942025162e+16,152182.56637896047,2.2310062292348394e-18,-5317.524025059288,1.0793927943471678e+22,6.065158103305059e+21,0.0,0.0,0.0,0.0,0.3333333333333333,0.3333333333333333,2.0,4.788179461519709e-19,7.206892439595517e-23,0.0,9.229586270333256e-19,,0.0,0.0,0.0,0.0,0.0,4.788179461519709e-19,9.229586270333256e-19,5.141256158404111e-05,3.1732723717120756e-18,2.6363059898109155e-20,1.7098065430568916e-21,,,2.6363059898109155e-20,1.7098065430568916e-21,,1.55750448473111e-07,3.9001336285958543,12392098335788.844,6.451202415380596e-06,6.335086987844413e-05,6.451202415380596e-06,6.335086987844413e-05,0.003330853448682101,6.980207229382473e-05,False,False,1.0,1.7607077031467115,1.9753038314080343e-08,0.3090461123890024,0.5511892511876313,1.0,1.32186161826859,3.2912235869603657e-07,0.16617105986469424,0.7530376360800165,0.29842910603157874,0.1655329497088486,0.02657807568909288,0.004535794416365907,True,ANP6,125.0,8.0,7.76068019011021e+19,$(U_{0.8}Pu_{0.2})N$,2.657807568909288,0.21841625152547306,70.37926429242358,2.7513306742008146,7.493108107569509,19.15788067428063,8629040334293703.0,2.5051470604518734e-06,ok,
45,TRIAL_045,ANP6,1650.0,3.2,7.76068019011021e+19,4.412424129573094e-07,519754.0997222178,13121742640489.854,7.789406175697652,2.263750466667708,52495584956059.21,1.0,40,TRIAL_045_ANP6,rizk2025_refit_plot,rizk2025_refit_full,13121742640489.854,3.812152004977339e+23,1.7870885664433733e+26,8.195668158259179e+24,2.3138356411071306e+22,6.665953185023229e+18,6.546771835731671,58.630158937817136,2.719585593786854,0.5627481592210055,3.282333753007859,23.315320353575185,26.59765410658304,17934984045.50432,4483746011376079.5,3475.3133872409044,0.5,2057347.9307161728,638791.3125044779,3.2206886512749042,339101195.3201873,339098422.1999989,37864290.11142476,37864471.8045967,1.000008177921237,0.9999952014866897,0.14501372540242402,67.98059739109786,3.117620625409064,28.756768258090656,7.94876583621415,20.808002421876505,7.5596410938020426e+25,2.0895886603512238e+25,5.470052433450819e+25,2.6288215094111468e+26,2.0818162660660647e+26,1.014212494001253,1675548667469783.2,0.00012949208608041427,8.133500028560743e-07,0.0,0.0,0.006682720845371847,0.006682720845371847,2.9917882127869645e+18,3.67939563556478e-05,14113998.628416095,3.2,13121742640489.854,0.0,1.1753581565912689e-24,8.4421258835925135e-22,6.546771835731671e-09,5.863015893781714e-08,4.109451526491763e+26,1.687802605553382e+26,1.8728574000309424e+26,0.027195855937868538,0.5627481592210055,23.315320353575185,0.03282333753007859,0.2659765410658304,4660363577.797576,1766359757607.3716,5.1999645596382964e-17,3.475313387240904e-06,2.7878474758126857e-11,0.03407359027997264,1.0,2.364150646143271e-18,9.247330480694055e-20,7.203121315503541e-19,9.020265555838444e-14,1.8625632456264503e+19,13121742640489.854,0.004644027645089855,0.00011804785485679695,9.834699064685609e-06,5.491797391304138e-06,9.834699064685609e-06,5.491797391304138e-06,-7.044574322548936e-31,2.9630021139741864e+19,-1.3946206780349803e+17,414276.3313055317,4.3655901487645285e-18,-2809.382606147394,1.1636307389106734e+22,6.541882737528932e+21,0.0,0.0,0.0,0.0,0.3333333333333333,0.3333333333333333,2.0,1.441192019109945e-18,2.5738368843747513e-23,0.0,9.229586270333256e-19,,0.0,0.0,0.0,0.0,0.0,1.441192019109945e-18,9.229586270333256e-19,1.0886941103239548e-05,5.351847128479593e-18,9.020265555838444e-20,2.2706492485561157e-21,,,9.020265555838444e-20,2.2706492485561157e-21,,1.55750448473111e-07,3.9001336285958543,12340090416532.875,1.1652560000092511e-05,0.00010639529485670444,1.1652560000092511e-05,0.00010639529485670444,0.004644027645089855,0.00011804785485679695,False,False,1.0,1.7657108082859234,2.17710919880496e-08,0.3103550528364345,0.5494141602531699,1.0,1.3526541487584762,3.2962214191233526e-07,0.1785080067443819,0.7350820783824291,0.30072364541667507,0.17787081473856248,0.027195855937868538,0.0056274815922100554,True,ANP6,125.0,8.0,7.76068019011021e+19,$(U_{0.8}Pu_{0.2})N$,2.719585593786854,0.14501372540242402,67.98059739109786,3.117620625409064,7.94876583621415,20.808002421876505,4483746011376079.5,3.4753133872409046e-06,ok,
45,TRIAL_045,ANP6,1700.0,3.2,7.76068019011021e+19,4.412424129573094e-07,519754.0997222178,13121742640489.854,7.789406175697652,2.263750466667708,52495584956059.21,1.0,40,TRIAL_045_ANP6,rizk2025_refit_plot,rizk2025_refit_full,13121742640489.854,2.1209248222880408e+23,1.6872695772407806e+26,9.771276857775782e+24,1.5174134699359138e+22,6.612855128041076e+18,7.599705724615417,64.75035416369123,2.789862965943087,0.7519761428054247,3.5418391087485115,32.794756675582875,36.33659578433139,9065148918.193874,2266287229548468.5,4888.290410664874,0.5,1707190.1642125477,454146.50388949574,3.7591177067124275,292117964.29664594,292116574.04173285,34285394.713846296,34285526.75384231,1.0000047592469468,0.9999961488123849,0.08067968154913362,64.18349709937999,3.716979955769054,32.018843263301825,9.018124403809976,23.000718859491847,8.417182387703203e+25,2.370703940728124e+25,6.046478446975079e+25,2.6288215094111468e+26,2.024173664713639e+26,1.0190569143755803,1094378033350245.2,8.994124332725563e-05,6.767637931687244e-07,0.0,0.0,0.009080076550200482,0.009080076550200482,2.8038972610939003e+18,4.37228563613503e-05,14113998.628416095,3.2,13121742640489.854,0.0,1.83856478225471e-24,1.1371429257791444e-21,7.599705724615417e-09,6.475035416369123e-08,4.640430729008835e+26,2.2896771421311233e+26,1.7871032706408265e+26,0.027898629659430872,0.7519761428054247,32.794756675582875,0.03541839108748512,0.3633659578433139,10460739088.224308,4922804100798.807,1.447069738027728e-16,4.888290410664874e-06,5.515629191667148e-11,0.03407359027997264,1.0,4.988545012933779e-18,2.9005001213446957e-19,2.259317355781416e-18,2.8708990269161864e-13,1.8625632456264503e+19,13121742640489.854,0.007427802333940827,0.00025007223462779034,9.265166432698754e-06,5.428994629684561e-06,9.265166432698754e-06,5.428994629684561e-06,-1.2169762074129312e-30,3.3361005787154555e+19,-2.4704609361781088e+17,1130445.8454976038,8.454992158742604e-18,-1390.036380809009,1.3083189202365e+22,7.265417966871156e+21,0.0,0.0,0.0,0.0,0.3333333333333333,0.3333333333333333,2.0,4.065586385900453e-18,9.000056617340487e-24,0.0,9.229586270333256e-19,,0.0,0.0,0.0,0.0,0.0,4.065586385900453e-18,9.229586270333256e-19,1.804144614112147e-06,1.1292821101021709e-17,2.8708990269161863e-19,2.9601094428509513e-21,,,2.8708990269161863e-19,2.9601094428509513e-21,,1.55750448473111e-07,3.9001336285958543,12265372606767.646,2.692907652370992e-05,0.00022314315810408045,2.692907652370992e-05,0.00022314315810408045,0.007427802333940827,0.00025007223462779034,False,False,1.0,1.770711756888149,2.50585793528924e-08,0.311657856691826,0.5476489753299849,1.0,1.3997856551696333,3.305020270138131e-07,0.19655068659141042,0.7089705601177094,0.30329200161458486,0.19591514989705353,0.027898629659430872,0.007519761428054247,True,ANP6,125.0,8.0,7.76068019011021e+19,$(U_{0.8}Pu_{0.2})N$,2.789862965943087,0.08067968154913362,64.18349709937999,3.716979955769054,9.018124403809976,23.000718859491847,2266287229548468.5,4.888290410664874e-06,ok,
45,TRIAL_045,ANP6,1750.0,3.2,7.76068019011021e+19,4.412424129573094e-07,519754.0997222178,13121742640489.854,7.789406175697652,2.263750466667708,52495584956059.21,1.0,40,TRIAL_045_ANP6,rizk2025_refit_plot,rizk2025_refit_full,13121742640489.854,1.0799659465604051e+23,1.5597502864752562e+26,1.189730173670301e+25,9.267441487749363e+21,6.532009735865781e+18,9.030447241562468,72.40762608910225,2.8587504177577343,1.0386957635533,3.8974461813110346,45.900440638246636,49.79788681955767,4627538698.936082,1156884674734020.5,6841.785290155548,0.49999999999999994,1468267.6217038953,324476.7127074706,4.5250323496330545,245835628.71549472,245835000.26249984,30659615.761109304,30659753.950062484,1.000002556401628,0.9999954928224993,0.041081752515115276,59.332681237252906,4.5257168256235065,36.10052018460847,10.556066577622792,25.544453606985677,9.490182396223e+25,2.7750014874030903e+25,6.71518090881991e+25,2.6288215094111468e+26,1.9573034185291558e+26,1.0264609507729097,667320197199864.0,5.9419683892552115e-05,5.490316800826714e-07,0.0,0.0,0.012821840634345773,0.012821840634345773,2.631568017709631e+18,5.200634306105194e-05,14113998.628416095,3.2,13121742640489.854,0.0,3.0847245397089568e-24,1.590162607765352e-21,9.030447241562468e-09,7.240762608910226e-08,5.247246420836591e+26,3.209245783767073e+26,1.6798032697888467e+26,0.02858750417757734,1.0386957635533,45.900440638246636,0.038974461813110345,0.4979788681955767,23986846295.125237,13511051249079.365,3.9675899975768643e-16,6.841785290155548e-06,1.0804879927097207e-10,0.0340735902799727,1.0,1.1732003472118521e-17,8.590290957143048e-19,6.691326543260975e-18,8.552344067970446e-13,1.8625632456264503e+19,13121742640489.854,0.012623301754311226,0.0005908846612844536,8.669132898997982e-06,5.365058294992083e-06,8.669132898997982e-06,5.365058294992083e-06,-2.7787832672068865e-30,3.718731501663289e+19,-5.7420647839191443e+17,2986168.21493443,1.594031094430151e-17,-682.8966402659363,1.5070567108169752e+22,8.184651552619321e+21,0.0,0.0,0.0,0.0,0.3333333333333333,0.3333333333333333,2.0,1.0809044845085196e-17,3.1079945105556526e-24,0.0,9.229586270333256e-19,,0.0,0.0,0.0,0.0,0.0,1.0809044845085196e-17,9.229586270333256e-19,2.649159214742734e-07,2.655832833495547e-17,8.552344067970446e-19,3.7946889172602315e-21,,,8.552344067970446e-19,3.7946889172602315e-21,,1.55750448473111e-07,3.9001336285958543,12175806902113.406,6.993127103935177e-05,0.0005209533902451019,6.993127103935177e-05,0.0005209533902451019,0.012623301754311226,0.0005908846612844536,False,False,1.0,1.77535977387238,2.9535060555521445e-08,0.31286375804745103,0.5460164989105829,1.0,1.4616103961676572,3.3185995944079014e-07,0.2188203437004564,0.6770082998055352,0.3057680336407485,0.21818729264932937,0.02858750417757734,0.010386957635533,True,ANP6,125.0,8.0,7.76068019011021e+19,$(U_{0.8}Pu_{0.2})N$,2.8587504177577343,0.041081752515115276,59.332681237252906,4.5257168256235065,10.556066577622792,25.544453606985677,1156884674734020.5,6.841785290155548e-06,ok,
45,TRIAL_045,ANP6,1800.0,3.2,7.76068019011021e+19,4.412424129573094e-07,519754.0997222178,13121742640489.854,7.789406175697652,2.263750466667708,52495584956059.21,1.0,40,TRIAL_045_ANP6,rizk2025_refit_plot,rizk2025_refit_full,13121742640489.854,5.392323902225945e+22,1.4164689008096549e+26,1.4477575173049614e+25,5.52925979967956e+21,6.419200156062946e+18,10.798310269576,81.18571202093628,2.9162383142522597,1.43882620397406,4.355064518226319,63.15528794775588,67.5103524659822,2444355280.059305,611088820014826.2,9413.742309838526,0.5,1285425.906638018,235825.44825768445,5.450751461027413,205588234.44749764,205587721.09510514,27344670.06077105,27344713.06265693,1.0000024969992847,0.9999984274149895,0.020512324183751145,53.882277504909126,5.507249207000203,40.58996096390691,12.371850871767112,28.218110092139796,1.067037624480773e+26,3.252338768292843e+25,7.4180374765148855e+25,2.6288215094111468e+26,1.887017761759658e+26,1.0369236028933215,399054713386946.75,3.903708323993968e-05,4.4338873292802884e-07,0.0,0.0,0.018220188115221202,0.018220188115221202,2.5070370686640676e+18,6.103181015344372e-05,14113998.628416095,3.2,13121742640489.854,0.0,5.274192965975783e-24,2.2414415643592076e-21,1.0798310269576e-08,8.118571202093628e-08,5.8609019274656984e+26,4.5037970112623016e+26,1.561783884930374e+26,0.029162383142522598,1.43882620397406,63.15528794775588,0.0435506451822632,0.6751035246598219,53222030280.53982,35220868148245.36,1.0334878642719009e-15,9.413742309838526e-06,2.0455291588703462e-10,0.03407359027997264,1.0,2.814113302873205e-17,2.402604106958116e-18,1.871485926849609e-17,2.3978131732901632e-12,1.8625632456264503e+19,13121742640489.854,0.021521698396894304,0.0014244739270812383,8.120674415863637e-06,5.306325881588889e-06,8.120674415863637e-06,5.306325881588889e-06,-1.7913106882521023e-30,4.255338980358046e+19,-3.630943156388808e+17,7469503.324922012,2.894985224998968e-17,-346.04124728755755,1.6761441598974592e+22,9.202193749449745e+21,0.0,0.0,0.0,0.0,0.3333333333333333,0.3333333333333333,2.0,2.721817440169872e-17,1.0673110184064085e-24,0.0,9.229586270333256e-19,,0.0,0.0,0.0,0.0,0.0,2.721817440169872e-17,9.229586270333256e-19,3.792708052361239e-08,6.370450302635023e-17,2.397813173290163e-18,4.790933667952865e-21,,,2.397813173290163e-18,4.790933667952865e-21,,1.55750448473111e-07,3.9001336285958543,12079447415001.95,0.00018477113133841104,0.0012397027957428272,0.00018477113133841104,0.0012397027957428272,0.021521698396894304,0.0014244739270812383,False,False,1.0,1.7788839240095384,3.5083446931362946e-08,0.31377491388805673,0.5447839361394032,1.0,1.5363068090785585,3.337926922304979e-07,0.24385122005486182,0.6414732833734227,0.3078040551865407,0.24322195755224663,0.029162383142522598,0.0143882620397406,True,ANP6,125.0,8.0,7.76068019011021e+19,$(U_{0.8}Pu_{0.2})N$,2.9162383142522597,0.020512324183751145,53.882277504909126,5.507249207000203,12.371850871767112,28.218110092139796,611088820014826.2,9.413742309838527e-06,ok,
45,TRIAL_045,AP3.2,900.0,1.1,5.767844763153473e+19,4.412424129573094e-07,519754.0997222178,13121742640489.854,7.789406175697652,2.263750466667708,52495584956059.21,1.0,40,TRIAL_045_AP3p2,rizk2025_refit_plot,rizk2025_refit_full,13121742640489.854,8.321109368984401e+23,6.06799089976109e+25,6.321765946623944e+24,1.4314685958323612e+22,6.789631131298097e+18,4.799559788854744,34.00780904026714,0.6629406539757721,0.11185895293228171,0.7747996069080537,0.1915594012021491,0.9663590081102027,30703780746977.17,7.675945186744292e+18,58.620706381518296,0.24354264253277805,740754124695.3992,37870577.42961475,19560.14866876918,512361774.36432487,462542420.06843084,135147850.03797978,65279124.49083081,1.1077076439573337,2.0703073316640883,0.9208256829992021,67.14924196925217,6.995755238188365,24.934177109560277,24.934177109560277,0.0,2.253195350486963e+25,2.253195350486963e+25,0.0,9.03657393860029e+25,9.036573938600291e+25,1.0028020051123478,2317085073255162.0,0.00023596273512500526,1.0740112633756137e-06,5.637120724807685e-08,5.637120724807685e-08,0.0014104764183410186,0.0014104764183410186,3.7289349534483983e+18,5.017649570627906e-06,6527982.800675924,1.0999999999999999,13121742640489.854,0.0,4.631192440448123e-25,1.647496760415254e-22,4.799559788854744e-09,3.4007809040267143e-08,5.037254244235943e+25,1.9895503900524087e+25,6.783378588113328e+25,0.00662940653975772,0.11185895293228171,0.1915594012021491,0.007747996069080537,0.009663590081102028,2935397.916048229,1685.4604838799066,2.495580629379115e-22,5.8620706381518295e-08,7.932008261124492e-15,0.18494600207676426,0.0,6.859556060984681e-19,5.096721272601947e-25,3.97004321566152e-24,5.119872410101689e-28,1.3842827431568335e+19,13121742640489.854,0.0006180216605454677,3.3673261661730865e-05,8.307285687491813e-06,4.4317228742210985e-06,8.307285687491813e-06,4.4317228742210985e-06,5.3664712099533426e-30,8.655363499016952e+18,1.236752364651336e+18,0.00041464461789813954,1.1942526511684518e-21,-1699982.480907772,4.5433059193985486e+21,0.0,0.0,0.0,0.0,0.0,0.3333333333333333,0.3333333333333333,2.0,2.4966082885114063e-31,9.582238205875211e-25,0.0,6.859556060982184e-19,,0.0,0.0,0.0,0.0,0.0,2.4966082885114063e-31,6.859556060982184e-19,1.3969181271622544e-06,1.5528323234187377e-18,5.119872410101689e-34,5.096721267482075e-25,,,5.119872410101689e-34,5.096721267482075e-25,,1.55750448473111e-07,3.9001336285958543,12659947611587.797,2.0026207481585468e-06,3.1670640913572316e-05,2.0026207481585468e-06,3.1670640913572316e-05,0.0006180216605454677,3.3673261661730865e-05,False,False,1.0,1.3984760956364262,2.5550764378224873e-08,0.19606236010503997,0.7096748224245563,1.0,1.1836232498853247,3.2760841233330176e-07,0.10444593377094503,0.8439007972391015,0.1878559192935316,0.10380626931525623,0.00662940653975772,0.001118589529322817,True,AP3.2,100.0,8.3,5.767844763153473e+19,$(U_{0.8}Pu_{0.2})N$,0.6629406539757721,0.9208256829992021,67.14924196925217,6.995755238188365,24.934177109560277,0.0,7.675945186744292e+18,5.86207063815183e-08,ok,
45,TRIAL_045,AP3.2,950.0,1.1,5.767844763153473e+19,4.412424129573094e-07,519754.0997222178,13121742640489.854,7.789406175697652,2.263750466667708,52495584956059.21,1.0,40,TRIAL_045_AP3p2,rizk2025_refit_plot,rizk2025_refit_full,13121742640489.854,8.272389736205004e+23,6.075306996442677e+25,6.379728207521506e+24,1.4141763316261222e+22,6.782213419699957e+18,4.867664715342013,36.588908867380965,0.6832098874736571,0.1391580826688341,0.8223679701424912,0.19069997613884335,1.0130679462813346,30748578520685.1,7.687144630171276e+18,58.5044688595933,0.24293169948409532,116846365129.41232,37945819.23866102,3079.2948333650324,477701029.4393837,456070853.2374786,98524883.91118868,60674124.17370915,1.0474272276957854,1.6238369363044014,0.9154342998145543,67.230202925598,7.05989709249221,24.794465682095247,24.794465682095247,0.0,2.2405702240434116e+25,2.2405702240434116e+25,0.0,9.03657393860029e+25,9.03657393860029e+25,1.0034875419463662,2290030871501311.0,0.0002328308395559546,1.0630909890684475e-06,7.296132174113977e-08,7.296132174113977e-08,0.00174376412994068,0.00174376412994068,4.895321915349195e+18,5.682487879952371e-06,6527982.800675924,1.0999999999999999,13121742640489.854,0.0,4.831150629483757e-25,2.051809255436117e-22,4.867664715342013e-09,3.658890886738097e-08,5.709772687610775e+25,2.907120360301191e+25,6.796003714556878e+25,0.0068320988747365705,0.1391580826688341,0.19069997613884335,0.008223679701424912,0.010130679462813347,2914697.6307033394,11199.15018090134,2.4807647743528196e-22,5.8504468859593304e-08,7.900583089415693e-15,0.18566522044636846,0.0,6.85955606105717e-19,1.426046189772508e-24,1.1108052997444079e-23,2.2845010932250072e-26,1.3842827431568335e+19,13121742640489.854,0.0006188563920835105,3.3735646722638964e-05,8.258759871622582e-06,4.373811999939075e-06,8.258759871622582e-06,4.373811999939075e-06,7.045430543732899e-30,9.741877936045783e+18,1.6247564246474473e+18,0.0027533663129727225,1.1890644170763412e-21,-1698584.1748158913,4.5182940604842325e+21,0.0,0.0,0.0,0.0,0.0,0.3333333333333333,0.3333333333333333,2.0,7.498646671560408e-30,3.5732345885189943e-23,0.0,6.859556060982184e-19,,0.0,0.0,0.0,0.0,0.0,7.498646671560408e-30,6.859556060982184e-19,5.209133880842283e-05,1.5528323234351474e-18,2.284501093225007e-32,1.4260461669274971e-24,,,2.284501093225007e-32,1.4260461669274971e-24,,1.55750448473111e-07,3.9001336285958543,12625441766428.703,2.1513270373020013e-06,3.158431968533696e-05,2.1513270373020013e-06,3.158431968533696e-05,0.0006188563920835105,3.3735646722638964e-05,False,False,1.0,1.4034798717875245,2.5654486868608543e-08,0.1979243746803333,0.7069901884553347,1.0,1.199814014363388,3.2772779810328094e-07,0.11228344556009437,0.8322826424802562,0.1897512800461865,0.11164419470138273,0.0068320988747365705,0.001391580826688341,True,AP3.2,100.0,8.3,5.767844763153473e+19,$(U_{0.8}Pu_{0.2})N$,0.6832098874736571,0.9154342998145543,67.230202925598,7.05989709249221,24.794465682095247,0.0,7.687144630171276e+18,5.8504468859593304e-08,ok,
45,TRIAL_045,AP3.2,1000.0,1.1,5.767844763153473e+19,4.412424129573094e-07,519754.0997222178,13121742640489.854,7.789406175697652,2.263750466667708,52495584956059.21,1.0,40,TRIAL_045_AP3p2,rizk2025_refit_plot,rizk2025_refit_full,13121742640489.854,8.236022792346401e+23,6.079687350620463e+25,6.435972089212834e+24,1.4010990563827338e+22,6.773924913761097e+18,4.9193619138128115,39.10405144606741,0.6986887866476338,0.16966577860151846,0.8683545652491522,0.19101453576169483,1.059369101010847,30731651509432.742,7.682912877358184e+18,58.547364259076915,0.24315413504650787,22230251567.01421,37918017.79797152,586.2714576868902,461418660.6243652,451278039.48853236,77294860.85943761,56771611.071089156,1.022470894323433,1.3615055025063378,0.9114098825845618,67.27867654189934,7.122137364163178,24.687776211352908,24.687776211352908,0.0,2.230929151135079e+25,2.230929151135079e+25,0.0,9.03657393860029e+25,9.03657393860029e+25,1.004254464101453,2269940059888494.0,0.0002305110641464477,1.052512715585164e-06,8.475138138026818e-08,8.475138138026818e-08,0.002109940621494441,0.002109940621494441,5.984799726986109e+18,6.488892326473302e-06,6527982.800675924,1.0999999999999999,13121742640489.854,0.0,4.986719414767596e-25,2.5046893899996696e-22,4.9193619138128116e-09,3.910405144606741e-08,6.226862188934149e+25,3.9350177392038745e+25,6.805644787465211e+25,0.0069868878664763375,0.16966577860151846,0.19101453576169483,0.008683545652491522,0.01059369101010847,2903754.326968494,61730.337981254175,2.4862254565533524e-22,5.854736425907692e-08,7.912172730836623e-15,0.18540301976009188,0.0,6.859556062584883e-19,3.5413597183153905e-24,2.75850892602128e-23,6.972208708889678e-25,1.3842827431568335e+19,13121742640489.854,0.0006193760992994598,3.3796153544299325e-05,8.222565741960019e-06,4.324451818921096e-06,8.222565741960019e-06,4.324451818921096e-06,8.289451206644245e-30,1.0595203016414405e+19,1.914607713421653e+18,0.015188291665048792,1.1921137083506532e-21,-1700685.7704712853,4.499608393607549e+21,0.0,0.0,0.0,0.0,0.0,0.3333333333333333,0.3333333333333333,2.0,1.6026995865756309e-28,4.476676181501433e-22,0.0,6.859556060982184e-19,,0.0,0.0,0.0,0.0,0.0,1.6026995865756309e-28,6.859556060982184e-19,0.0006526189363651748,1.5528323237809835e-18,6.972208708889678e-31,3.5413590210945195e-24,,,6.972208708889678e-31,3.5413590210945195e-24,,1.55750448473111e-07,3.9001336285958543,12591973704154.908,2.2955589205550676e-06,3.150059462374426e-05,2.2955589205550676e-06,3.150059462374426e-05,0.0006193760992994598,3.3796153544299325e-05,False,False,1.0,1.407252286127717,2.57340568889088e-08,0.19932129099088772,0.7049774790105752,1.0,1.215928997153681,3.2786140739611977e-07,0.11990899896839984,0.8209985374153547,0.191173602626424,0.11927005462159501,0.0069868878664763375,0.0016966577860151846,True,AP3.2,100.0,8.3,5.767844763153473e+19,$(U_{0.8}Pu_{0.2})N$,0.6986887866476338,0.9114098825845618,67.27867654189934,7.122137364163178,24.687776211352908,0.0,7.682912877358184e+18,5.854736425907692e-08,ok,
45,TRIAL_045,AP3.2,1050.0,1.1,5.767844763153473e+19,4.412424129573094e-07,519754.0997222178,13121742640489.854,7.789406175697652,2.263750466667708,52495584956059.21,1.0,40,TRIAL_045_AP3p2,rizk2025_refit_plot,rizk2025_refit_full,13121742640489.854,8.205464577977175e+23,6.083440312526452e+25,6.482596667424138e+24,1.3901790903757286e+22,6.765435862875598e+18,4.9633848763354065,41.3880439060547,0.7120216849430006,0.20091348825609273,0.9129351731990933,0.1954352052720232,1.1083703784711165,30501578597444.72,7.62539464936118e+18,59.14354290350395,0.24627371015672386,4960893486.701985,37535796.65699189,132.16433187859107,452423132.7109859,447275408.88166684,64451058.47557523,53638678.96340069,1.0115090696405376,1.2015780351255883,0.908028267541421,67.32020734695323,7.173732779115901,24.598031606389448,24.598031606389448,0.0,2.222819313551651e+25,2.222819313551651e+25,0.0,9.03657393860029e+25,9.036573938600288e+25,1.0050408822621635,2253126896582825.5,0.00022857296690410124,1.0436329022629023e-06,8.791864991312258e-08,8.791864991312258e-08,0.0024792766534969483,0.0024792766534969483,6.823919874442441e+18,7.409911918728292e-06,6527982.800675924,1.0999999999999999,13121742640489.854,0.0,5.121798262341581e-25,2.969705017212238e-22,4.963384876335407e-09,4.13880439060547e-08,6.672320667165137e+25,4.991044117591729e+25,6.813754625048638e+25,0.007120216849430006,0.20091348825609273,0.1954352052720232,0.009129351731990934,0.011083703784711166,2915021.9965833095,291577.75982329634,2.562952007846517e-22,5.914354290350395e-08,8.074129978877733e-15,0.18176688441044986,0.0,6.859556086571999e-19,7.957391575121721e-24,6.19833550776976e-23,1.5366002896313798e-23,1.3842827431568335e+19,13121742640489.854,0.0006198230978564451,3.385082440156635e-05,8.192170669929926e-06,4.284635998241896e-06,8.192170669929926e-06,4.284635998241896e-06,8.689759568167969e-30,1.1346842459015942e+19,2.010517332647094e+18,0.07213878369225729,1.2243746329049133e-21,-1715272.2774588144,4.4839088425148067e+21,0.0,0.0,0.0,0.0,0.0,0.3333333333333333,0.3333333333333333,2.0,2.558981501392922e-27,2.43157518657149e-21,0.0,6.859556060982184e-19,,0.0,0.0,0.0,0.0,0.0,2.558981501392922e-27,6.859556060982184e-19,0.003544799628260854,1.5528323292110679e-18,1.5366002896313797e-29,7.957376209118825e-24,,,1.5366002896313797e-29,7.957376209118825e-24,,1.55750448473111e-07,3.9001336285958543,12561732742077.818,2.4258816911819026e-06,3.142494271038445e-05,2.4258816911819026e-06,3.142494271038445e-05,0.0006198230978564451,3.385082440156635e-05,False,False,1.0,1.4104704509820485,2.5801263088679716e-08,0.20050833214369365,0.7032680792992285,1.0,1.2308548123877503,3.279984786623197e-07,0.1268224121950164,0.8107862827419953,0.19238198736822976,0.12618363419909073,0.007120216849430006,0.002009134882560927,True,AP3.2,100.0,8.3,5.767844763153473e+19,$(U_{0.8}Pu_{0.2})N$,0.7120216849430006,0.908028267541421,67.32020734695323,7.173732779115901,24.598031606389448,0.0,7.62539464936118e+18,5.9143542903503955e-08,ok,
45,TRIAL_045,AP3.2,1100.0,1.1,5.767844763153473e+19,4.412424129573094e-07,519754.0997222178,13121742640489.854,7.789406175697652,2.263750466667708,52495584956059.21,1.0,40,TRIAL_045_AP3p2,rizk2025_refit_plot,rizk2025_refit_full,13121742640489.854,8.177626959729045e+23,6.0876047549082555e+25,6.516707179245747e+24,1.3804134187675798e+22,6.757441895790626e+18,5.004023731491935,43.334114110103855,0.7245291508115334,0.23033540416176673,0.9548645549733,0.21488356676331757,1.1697481217366177,29538493176511.688,7.384623294127922e+18,61.700042728057106,0.25956153262117587,1266647170.674041,35980526.13649959,35.20368673511755,446455830.280457,443642979.95407665,56572663.86466631,51229846.17521883,1.0063403467506047,1.1042911132540534,0.9049477174969821,67.36629165290921,7.211479951941992,24.51728067765182,24.51728067765182,0.0,2.2155221961701687e+25,2.2155221961701687e+25,0.0,9.03657393860029e+25,9.03657393860029e+25,1.005782183447765,2237865138706515.0,0.00022681164563393176,1.036942973641661e-06,7.995599351612622e-08,7.995599351612622e-08,0.002821773987371458,0.002821773987371458,7.261154126220017e+18,8.41780954485859e-06,6527982.800675924,1.0999999999999999,13121742640489.854,0.0,5.248638856744715e-25,3.408618345727075e-22,5.004023731491935e-09,4.333411411010386e-08,7.088327846439149e+25,5.9882155574347115e+25,6.821051742430121e+25,0.007245291508115334,0.23033540416176673,0.21488356676331757,0.009548645549733,0.011697481217366176,3000183.0938781938,1231311.539194914,2.909878516541093e-22,6.170004272805711e-08,8.787229973788003e-15,0.16709922759562268,0.0,6.859556378595706e-19,1.6429338076549502e-23,1.2797478747609926e-22,2.556484784617257e-22,1.3842827431568335e+19,13121742640489.854,0.0006203036888603607,3.389717784373333e-05,8.164453508100543e-06,4.2539070269592385e-06,8.164453508100543e-06,4.2539070269592385e-06,7.96589749115832e-30,1.2059644273427442e+19,1.8471904407974339e+18,0.31150116159866725,1.3668799171635591e-21,-1772282.9232320718,4.469617631934525e+21,0.0,0.0,0.0,0.0,0.0,0.3333333333333333,0.3333333333333333,2.0,3.1761352235744896e-26,6.934054381604572e-21,0.0,6.859556060982184e-19,,0.0,0.0,0.0,0.0,0.0,3.1761352235744896e-26,6.859556060982184e-19,0.010108604695255988,1.5528323953179484e-18,2.556484784617257e-28,1.642908242807104e-23,,,2.556484784617257e-28,1.642908242807104e-23,,1.55750448473111e-07,3.9001336285958543,12536092469432.482,2.53637654954588e-06,3.136080129418745e-05,2.53637654954588e-06,3.136080129418745e-05,0.0006203036888603607,3.389717784373333e-05,False,False,1.0,1.4134649980776164,2.5861964155573395e-08,0.20160908106901226,0.701683702086258,1.0,1.2437933457564727,3.2812776958403077e-07,0.1327035122613709,0.8021132007745427,0.1935019241272997,0.13206474558688802,0.007245291508115334,0.0023033540416176673,True,AP3.2,100.0,8.3,5.767844763153473e+19,$(U_{0.8}Pu_{0.2})N$,0.7245291508115334,0.9049477174969821,67.36629165290921,7.211479951941992,24.51728067765182,0.0,7.384623294127922e+18,6.170004272805711e-08,ok,
45,TRIAL_045,AP3.2,1150.0,1.1,5.767844763153473e+19,4.412424129573094e-07,519754.0997222178,13121742640489.854,7.789406175697652,2.263750466667708,52495584956059.21,1.0,40,TRIAL_045_AP3p2,rizk2025_refit_plot,rizk2025_refit_full,13121742640489.854,8.151126574420032e+23,6.0925272671739985e+25,6.538305918582653e+24,1.371341010196035e+22,6.750485457589694e+18,5.0431876412452,44.898477396537906,0.736799724429048,0.2559283846328952,0.9927281090619432,0.2849333285874287,1.2776614376493718,26572540115886.16,6.64313502897154e+18,70.21834176908597,0.30242331729960625,360812802.7162173,31615671.120524354,11.412466980085195,441838538.9377515,440197779.2465929,51814460.14035061,49444883.851922855,1.0037273238723894,1.047923588930336,0.9020151475330697,67.42076486697451,7.235381421109024,24.44183856438341,24.44183856438341,0.0,2.2087048138238265e+25,2.2087048138238265e+25,0.0,9.03657393860029e+25,9.036573938600291e+25,1.0064276764812616,2223385495812229.2,0.00022513856953122445,1.0324529229866583e-06,6.166018149171558e-08,6.166018149171558e-08,0.003114657002607049,0.003114657002607049,7.223730310870329e+18,9.48724769385391e-06,6527982.800675924,1.0999999999999999,13121742640489.854,0.0,5.372841028970041e-25,3.791258958200558e-22,5.0431876412452e-09,4.489847739653791e-08,7.494020728443692e+25,6.857964959684784e+25,6.827869124776464e+25,0.00736799724429048,0.2559283846328952,0.2849333285874287,0.009927281090619432,0.012776614376493719,3324792.894004697,5007992.398870008,4.28913950032325e-22,7.021834176908596e-08,1.138104659850735e-14,0.12752211667655394,0.0,6.859559227741158e-19,3.156009871203467e-23,2.458344278131503e-22,3.330768464716398e-21,1.3842827431568335e+19,13121742640489.854,0.0006208557457663636,3.393428481629245e-05,8.138047133427573e-06,4.231071368458331e-06,8.138047133427573e-06,4.231071368458331e-06,6.1779778917004705e-30,1.2761994409404248e+19,1.438451021594287e+18,1.360612871830202,1.9193441063530966e-21,-1931997.8449798727,4.456027574636466e+21,0.0,0.0,0.0,0.0,0.0,0.3333333333333333,0.3333333333333333,2.0,3.1667589742037936e-25,1.2004150054659163e-20,0.0,6.859556060982184e-19,,0.0,0.0,0.0,0.0,0.0,3.1667589742037936e-25,6.859556060982184e-19,0.017499885424288566,1.552833040293383e-18,3.330768464716398e-27,3.155676794356995e-23,,,3.330768464716398e-27,3.155676794356995e-23,,1.55750448473111e-07,3.9001336285958543,12515573453152.34,2.6248017273610837e-06,3.130948308893137e-05,2.6248017273610837e-06,3.130948308893137e-05,0.0006208557457663636,3.393428481629245e-05,False,False,1.0,1.4163809668470562,2.5918871215909807e-08,0.20267743866987373,0.7001466485155787,1.0,1.2543425191175377,3.282404500963635e-07,0.13742420622803433,0.7951613470660724,0.19458819291569693,0.13678531823660633,0.00736799724429048,0.002559283846328952,True,AP3.2,100.0,8.3,5.767844763153473e+19,$(U_{0.8}Pu_{0.2})N$,0.736799724429048,0.9020151475330697,67.42076486697451,7.235381421109024,24.44183856438341,0.0,6.64313502897154e+18,7.021834176908598e-08,ok,
45,TRIAL_045,AP3.2,1200.0,1.1,5.767844763153473e+19,4.412424129573094e-07,519754.0997222178,13121742640489.854,7.789406175697652,2.263750466667708,52495584956059.21,1.0,40,TRIAL_045_AP3p2,rizk2025_refit_plot,rizk2025_refit_full,13121742640489.854,8.125302880674394e+23,6.098195210773254e+25,6.54923194891644e+24,1.3627257638056322e+22,6.744777027614362e+18,5.081724970959531,46.10664582533817,0.7490840442479756,0.2769151994238885,1.0259992436718641,0.5137489198629384,1.5397481635348025,20112245241615.117,5.02806131040378e+18,93.78008695841471,0.4082844891638323,111726584.70985846,23672402.873591106,4.719697671016762,437872590.0427141,436859533.46287054,49043114.69052198,48149240.96647227,1.0023189526661198,1.0185646482915929,0.899157461210676,67.48348712916997,7.247472320168805,24.369883089450557,24.369883089450557,0.0,2.202202504128648e+25,2.202202504128648e+25,0.0,9.03657393860029e+25,9.03657393860029e+25,1.006957457631087,2209327224279048.5,0.0002235158768020513,1.02985823436636e-06,3.838651396298128e-08,3.838651396298128e-08,0.0033500096601409594,0.0033500096601409594,6.769682143877675e+18,1.0596667824582626e-05,6527982.800675924,1.0999999999999999,13121742640489.854,0.0,5.496953709571302e-25,4.1056242228638035e-22,5.081724970959531e-09,4.610664582533817e-08,7.898015300636575e+25,7.57315308698139e+25,6.834371434471642e+25,0.007490840442479756,0.2769151994238885,0.5137489198629384,0.010259992436718641,0.015397481635348025,4379824.286493833,22231285.31353064,1.0217634355410867e-21,9.378008695841471e-08,2.030029388857258e-14,0.06450596824116739,0.0,6.859582128801389e-19,5.699970868482597e-23,4.439938828425505e-22,3.503783313863259e-20,1.3842827431568335e+19,13121742640489.854,0.00062148331468164,3.3962935558442644e-05,8.112350533543931e-06,4.214460808461299e-06,8.112350533543931e-06,4.214460808461299e-06,3.860720780909631e-30,1.3467227335899214e+19,9.074947955948218e+17,7.251735147410757,4.184872699112365e-21,-2192890.82734291,4.442808334455283e+21,0.0,0.0,0.0,0.0,0.0,0.3333333333333333,0.3333333333333333,2.0,2.6067819204802983e-24,1.4100662152237733e-20,0.0,6.859556060982184e-19,,0.0,0.0,0.0,0.0,0.0,2.6067819204802983e-24,6.859556060982184e-19,0.0205561532575478,1.5528382245219613e-18,3.503783313863259e-26,5.696467085168733e-23,,,3.503783313863259e-26,5.696467085168733e-23,,1.55750448473111e-07,3.9001336285958543,12499786825323.096,2.692840562533969e-06,3.127009499590868e-05,2.692840562533969e-06,3.127009499590868e-05,0.00062148331468164,3.3962935558442644e-05,False,False,1.0,1.4192790220595888,2.597337713983791e-08,0.20373582474339355,0.6986246253547743,1.0,1.2625806568940727,3.2833303404633405e-07,0.1410655236594362,0.7898052799328398,0.19566366414082936,0.14042645465952605,0.007490840442479756,0.002769151994238885,True,AP3.2,100.0,8.3,5.767844763153473e+19,$(U_{0.8}Pu_{0.2})N$,0.7490840442479756,0.899157461210676,67.48348712916997,7.247472320168805,24.369883089450557,0.0,5.02806131040378e+18,9.378008695841471e-08,ok,
45,TRIAL_045,AP3.2,1250.0,1.1,5.767844763153473e+19,4.412424129573094e-07,519754.0997222178,13121742640489.854,7.789406175697652,2.263750466667708,52495584956059.21,1.0,40,TRIAL_045_AP3p2,rizk2025_refit_plot,rizk2025_refit_full,13121742640489.854,8.09973015545487e+23,6.104400726961161e+25,6.552503598511544e+24,1.354410913203873e+22,6.74013202824973e+18,5.120035117249945,47.045739074868834,0.7614788983358332,0.2939800772808474,1.0554589756166806,0.9434248121341421,1.9988837877508228,10953910312412.059,2.7384775781030144e+18,140.62414025386798,0.5,35341099.20005374,15786763.182994373,2.238653914700098,434247049.61235255,433590776.07116073,47457630.70294916,47188120.40484858,1.0015135781880289,1.0057114014245179,0.8963275474188694,67.5521582453482,7.251092773691716,24.300421433541246,18.209539334637014,6.0908820989042285,2.195925550233427e+25,1.645518485852977e+25,5.504070643804499e+24,9.03657393860029e+25,8.486166874219842e+25,1.0073885345319509,2195491846376938.0,0.00022192588783228467,1.028634643297319e-06,1.801185343406263e-08,1.801185343406263e-08,0.003537347380677464,0.003537347380677464,6.083525852637848e+18,1.1730444366899259e-05,6527982.800675924,1.0999999999999999,13121742640489.854,0.0,5.622214727541931e-25,4.361636775788616e-22,5.120035117249946e-09,4.7045739074868835e-08,8.304229330655726e+25,8.15632252723942e+25,6.8406483883668645e+25,0.007614788983358331,0.2939800772808474,0.9434248121341421,0.010554589756166806,0.019988837877508228,6008880.624075999,100439998.67375192,3.445070427736228e-21,1.4062414025386798e-07,4.5645800060407805e-14,0.03407359027997264,1.0,6.859737343204004e-19,9.775347450615735e-23,7.61441518014165e-22,3.0533079764031823e-19,1.3842827431568335e+19,13121742640489.854,0.0006221771503504037,3.3985816167735386e-05,8.087083415698832e-06,4.202120126778498e-06,8.087083415698832e-06,4.202120126778498e-06,1.8160764835133336e-30,1.4182141984696742e+19,4.387985419770961e+17,25.51571661049786,7.611439916401764e-21,-1826925.5343786634,4.4298034280371166e+21,3.2461306455695085e+21,0.0,0.0,0.0,0.0,0.3333333333333333,0.3333333333333333,2.0,1.8128222181985484e-23,1.2247278119517971e-20,0.0,6.859556060982184e-19,,0.0,0.0,0.0,0.0,0.0,1.8128222181985484e-23,6.859556060982184e-19,0.017853858692784275,1.5528733611895968e-18,3.0533079764031822e-25,9.744814370851704e-23,,,3.0533079764031822e-25,9.744814370851704e-23,,1.55750448473111e-07,3.9001336285958543,12487554681328.87,2.745614850010116e-06,3.124020131772527e-05,2.745614850010116e-06,3.124020131772527e-05,0.0006221771503504037,3.3985816167735386e-05,False,False,1.0,1.4221818319957515,2.602641980822054e-08,0.20479256103953117,0.6971056577347782,1.0,1.2690388404338415,3.284084480975516e-07,0.1438929493754357,0.7856502407089312,0.19673696058840576,0.14325373915472944,0.007614788983358331,0.002939800772808474,True,AP3.2,100.0,8.3,5.767844763153473e+19,$(U_{0.8}Pu_{0.2})N$,0.7614788983358332,0.8963275474188694,67.5521582453482,7.251092773691716,18.209539334637014,6.0908820989042285,2.7384775781030144e+18,1.4062414025386798e-07,ok,
45,TRIAL_045,AP3.2,1300.0,1.1,5.767844763153473e+19,4.412424129573094e-07,519754.0997222178,13121742640489.854,7.789406175697652,2.263750466667708,52495584956059.21,1.0,40,TRIAL_045_AP3p2,rizk2025_refit_plot,rizk2025_refit_full,13121742640489.854,8.073684298529222e+23,6.110855169199707e+25,6.55144719184748e+24,1.3462289762714862e+22,6.73612603987061e+18,5.158387304115855,47.82737403021501,0.7740150123479766,0.30869416719091075,1.0827091795388872,1.2435856340269333,2.3262948135658204,6304234741699.873,1.576058685424968e+18,185.3652335277287,0.5000000000000002,19659421.363828316,11976355.855683755,1.641519473930655,430807566.1619693,430367064.18470585,46476302.80267546,46416932.66700179,1.0010235494625919,1.0012790620203105,0.8934452762060603,67.62358401226386,7.249923739197844,24.233046972332264,13.78970436562523,10.443342606707033,2.1898372072305438e+25,1.246116830914116e+25,9.437203763164278e+24,9.03657393860029e+25,8.092853562283863e+25,1.0077604311308705,2181682288600843.5,0.00022035191481792219,1.0281887509242944e-06,5.508107542245736e-09,5.508107542245736e-09,0.0036963998913830073,0.0036963998913830073,5.376644378450664e+18,1.2885016585488636e-05,6527982.800675924,1.0999999999999999,13121742640489.854,0.0,5.749504920713321e-25,4.582666140208389e-22,5.1583873041158555e-09,4.782737403021502e-08,8.714554358645005e+25,8.660285045934103e+25,6.8467367313697476e+25,0.007740150123479767,0.30869416719091075,1.2435856340269333,0.010827091795388873,0.023262948135658205,7906538.268136338,247082598.88593337,7.890477972218487e-21,1.853652335277287e-07,7.931176748427682e-14,0.03407359027997253,1.0,6.860642029484949e-19,1.6132812103425e-22,1.2566502622978852e-21,2.2525702314749626e-18,1.3842827431568335e+19,13121742640489.854,0.000622950545083136,3.400865624887952e-05,8.062061859112654e-06,4.192206882520915e-06,8.062061859112654e-06,4.192206882520915e-06,5.563460292272991e-31,1.4911101107115696e+19,1.501152596320422e+17,71.11006818939333,1.527128485343452e-20,-1214141.3370829844,4.4169950419363876e+21,2.8386195892690674e+21,0.0,0.0,0.0,0.0,0.3333333333333333,0.3333333333333333,2.0,1.085968502764781e-22,8.409787168749566e-21,0.0,6.859556060982184e-19,,0.0,0.0,0.0,0.0,0.0,1.085968502764781e-22,6.859556060982184e-19,0.012258017737417087,1.5530781595886644e-18,2.2525702314749626e-24,1.5907555080277505e-22,,,2.2525702314749626e-24,1.5907555080277505e-22,,1.55750448473111e-07,3.9001336285958543,12477400504947.477,2.789740986562902e-06,3.121891526231662e-05,2.789740986562902e-06,3.121891526231662e-05,0.000622950545083136,3.400865624887952e-05,False,False,1.0,1.4250957268993336,2.6079039900775537e-08,0.20584994415979138,0.6955864470618482,1.0,1.274450647236552,3.2847354136029797e-07,0.1462442010814673,0.7821975875303421,0.1978107067824773,0.14560495054573871,0.007740150123479767,0.0030869416719091075,True,AP3.2,100.0,8.3,5.767844763153473e+19,$(U_{0.8}Pu_{0.2})N$,0.7740150123479766,0.8934452762060603,67.62358401226386,7.249923739197844,13.78970436562523,10.443342606707033,1.576058685424968e+18,1.853652335277287e-07,ok,
45,TRIAL_045,AP3.2,1350.0,1.1,5.767844763153473e+19,4.412424129573094e-07,519754.0997222178,13121742640489.854,7.789406175697652,2.263750466667708,52495584956059.21,1.0,40,TRIAL_045_AP3p2,rizk2025_refit_plot,rizk2025_refit_full,13121742640489.854,8.044430881552987e+23,6.117203524110438e+25,6.549093923845563e+24,1.3377991561102106e+22,6.732360602569952e+18,5.197294482170149,48.540541361723314,0.7867042598020492,0.3225297841965458,1.109234043998595,1.5611248996887646,2.6703589436873596,4000446505796.2754,1.0001116264490688e+18,232.69670674765342,0.5,12953941.93717706,9540315.5078059,1.357810643324964,427443426.6916806,427145317.1676027,45741535.87067989,45734965.81870805,1.000697911254312,1.0001436549006704,0.8902080518802263,67.69383580186758,7.247319579681299,24.168636566570928,11.336840010882293,12.831796555688635,2.1840167132897683e+25,1.0244619298841994e+25,1.159554783405569e+25,9.03657393860029e+25,7.877019155194722e+25,1.008110291754127,2167357203230009.2,0.00021874452224842492,1.0279831228353112e-06,1.2375748234756227e-10,1.2375748234756227e-10,0.0038447957904022595,0.0038447957904022595,4.757576249297596e+18,1.4092549091682533e-05,6527982.800675924,1.0999999999999999,13121742640489.854,0.0,5.880585708317183e-25,4.790738393802408e-22,5.19729448217015e-09,4.8540541361723316e-08,9.1304297210241e+25,9.134555245328419e+25,6.852557225310523e+25,0.007867042598020492,0.3225297841965458,1.5611248996887646,0.01109234043998595,0.026703589436873596,10243475.856006065,504501350.040961,1.560950656309829e-20,2.3269670674765343e-07,1.2498604825125057e-13,0.03407359027997264,1.0,6.865253628289335e-19,2.635683646760266e-22,2.053041047525972e-21,1.4331663655150738e-17,1.3842827431568335e+19,13121742640489.854,0.0006239553946230575,3.4048237330166014e-05,8.036953261008662e-06,4.1834322579707845e-06,8.036953261008662e-06,4.1834322579707845e-06,1.2517851143694295e-32,1.5659817329106014e+19,2.564154460937043e+16,193.5238031125068,3.1871128053951934e-20,-1020411.5682853169,4.404682491504831e+21,3.0908241317295334e+21,0.0,0.0,0.0,0.0,0.3333333333333333,0.3333333333333333,2.0,5.697567307150379e-22,4.811032795419547e-21,0.0,6.859556060982184e-19,,0.0,0.0,0.0,0.0,0.0,5.697567307150379e-22,6.859556060982184e-19,0.007007800521156197,1.5541221104832157e-18,1.433166365515074e-23,2.492367010208758e-22,,,1.433166365515074e-23,2.492367010208758e-22,,1.55750448473111e-07,3.9001336285958543,12468157790531.482,2.8314784369971044e-06,3.121675889316891e-05,2.8314784369971044e-06,3.121675889316891e-05,0.0006239553946230575,3.4048237330166014e-05,False,False,1.0,1.4280212081293053,2.613370190900849e-08,0.20690813635084296,0.6940667651953817,1.0,1.2794173361369934,3.2853477073242064e-07,0.14838776651126745,0.7790520200993024,0.1988858262605328,0.14774856629940727,0.007867042598020492,0.003225297841965458,True,AP3.2,100.0,8.3,5.767844763153473e+19,$(U_{0.8}Pu_{0.2})N$,0.7867042598020492,0.8902080518802263,67.69383580186758,7.247319579681299,11.336840010882293,12.831796555688635,1.0001116264490688e+18,2.3269670674765343e-07,ok,
45,TRIAL_045,AP3.2,1400.0,1.1,5.767844763153473e+19,4.412424129573094e-07,519754.0997222178,13121742640489.854,7.789406175697652,2.263750466667708,52495584956059.21,1.0,40,TRIAL_045_AP3p2,rizk2025_refit_plot,rizk2025_refit_full,13121742640489.854,8.00247232674067e+23,6.123615836406623e+25,6.550113097712901e+24,1.3277900491321376e+22,6.7285619732739e+18,5.238859185621777,49.2404860520948,0.7997020231425206,0.33649441448622613,1.1361964376287468,1.8584512944253802,2.9946477320541267,2822808400994.8,7.057021002486999e+17,277.01530860850187,0.5,9431465.191099951,8013997.533751701,1.1768739822265295,423947542.2109641,423756379.2691477,45085249.18953116,45084851.470623456,1.0004511151953537,1.0000088215641114,0.885564859106349,67.7647953529071,7.248447411837891,24.10119237614866,9.63532483792942,14.465867538219243,2.17792206915497e+25,8.707032532038106e+24,1.3072188159511593e+25,9.03657393860029e+25,7.72935512264913e+25,1.0084635820183772,2150706035753695.2,0.00021688047657742642,1.0272439111598038e-06,0.0,0.0,0.003993277947628002,0.003993277947628002,4.208423558252647e+18,1.5464093865882687e-05,6527982.800675924,1.0999999999999999,13121742640489.854,0.0,6.022804762433769e-25,5.000985586857854e-22,5.2388591856217774e-09,4.924048605209481e-08,9.55667932730114e+25,9.61226028509297e+25,6.85865186944532e+25,0.007997020231425206,0.33649441448622613,1.8584512944253802,0.011361964376287467,0.029946477320541266,12338113.389445232,865527336.1245024,2.633478480183684e-20,2.7701530860850185e-07,1.771285645259496e-13,0.03407359027997264,1.0,6.886110813242972e-19,4.565292615698932e-22,3.556091849459215e-21,7.989389038480301e-17,1.3842827431568335e+19,13121742640489.854,0.0006259430657436854,3.4168101453042536e-05,8.01043200334419e-06,4.175060168995982e-06,8.01043200334419e-06,4.175060168995982e-06,-4.181269353790926e-32,1.6493927660917017e+19,2553929831613792.0,431.67575029616006,5.84664993100281e-20,-932114.9615214352,4.1883652208156947e+21,3.4007116471729966e+21,0.0,0.0,0.0,0.0,0.3333333333333333,0.3333333333333333,2.0,2.6554752260788454e-21,2.389663047018396e-21,0.0,6.859556060982184e-19,,0.0,0.0,0.0,0.0,0.0,2.6554752260788454e-21,6.859556060982184e-19,0.003470265163933658,1.5588436567004327e-18,7.989389038480301e-23,3.7663537118509016e-22,,,7.989389038480301e-23,3.7663537118509016e-22,,1.55750448473111e-07,3.9001336285958543,12459107294655.297,2.879232308452011e-06,3.128886914459052e-05,2.879232308452011e-06,3.128886914459052e-05,0.0006259430657436854,3.4168101453042536e-05,False,False,1.0,1.4309863447086242,2.619920423226639e-08,0.20797722128904853,0.6925321459810828,1.0,1.2843188727378316,3.2859658423341275e-07,0.15048996261063646,0.7759691463952213,0.19997516551157865,0.14985087616467035,0.007997020231425206,0.0033649441448622614,True,AP3.2,100.0,8.3,5.767844763153473e+19,$(U_{0.8}Pu_{0.2})N$,0.7997020231425206,0.885564859106349,67.7647953529071,7.248447411837891,9.63532483792942,14.465867538219243,7.057021002486999e+17,2.770153086085019e-07,ok,
45,TRIAL_045,AP3.2,1450.0,1.1,5.767844763153473e+19,4.412424129573094e-07,519754.0997222178,13121742640489.854,7.789406175697652,2.263750466667708,52495584956059.21,1.0,40,TRIAL_045_AP3p2,rizk2025_refit_plot,rizk2025_refit_full,13121742640489.854,7.903519141433904e+23,6.126632850551007e+25,6.565721914278058e+24,1.3113516634733818e+22,6.724414082854015e+18,5.289503858309683,49.98407270821004,0.8129289605768742,0.35175313527925783,1.164682095856132,2.098756533763707,3.2634386296198388,2213398679117.6494,5.5334966977941235e+17,312.83450399727775,0.5,7630864.3180493405,7096403.918473515,1.0753142585619326,419802191.82187015,419699098.34027886,44414369.1372591,44414147.94187746,1.0002456366525423,1.0000049802910085,0.8746145602453967,67.79818205637329,7.26572034809804,24.061483035283263,8.574974154439447,15.486508880843816,2.1743337052071373e+25,7.748838796817857e+24,1.3994498255253518e+25,9.03657393860029e+25,7.637124113074938e+25,1.008849814082534,2123680616762408.0,0.00021408936017546328,1.0241700282118232e-06,0.0,0.0,0.004154614868829063,0.004154614868829063,3.713007701522038e+18,1.7168240276787876e-05,6527982.800675924,1.0999999999999999,13121742640489.854,0.0,6.199168256847796e-25,5.230985643435639e-22,5.289503858309683e-09,4.9984072708210047e-08,1.0000652066083967e+26,1.0130016465935071e+26,6.862240233393152e+25,0.008129289605768742,0.35175313527925783,2.098756533763707,0.01164682095856132,0.03263438629619839,14003512.100959342,1257518560.786251,3.7928215166376743e-20,3.1283450399727775e-07,2.2589694514470404e-13,0.03407359027997264,1.0,6.970855980789518e-19,9.468385261965149e-22,7.375309863343596e-21,3.956100289530877e-16,1.3842827431568335e+19,13121742640489.854,0.0006316180750917371,3.460621661345004e-05,7.978528794471639e-06,4.166415234176332e-06,7.978528794471639e-06,4.166415234176332e-06,-4.390125758189411e-32,1.737933285838595e+19,2796625106350822.5,776.5298691917362,9.224566832120772e-20,-904284.4965187899,4.1855982265279594e+21,3.744498223520288e+21,0.0,0.0,0.0,0.0,0.3333333333333333,0.3333333333333333,2.0,1.1129991980733449e-20,1.0648433877683903e-21,0.0,6.859556060982184e-19,,0.0,0.0,0.0,0.0,0.0,1.1129991980733449e-20,6.859556060982184e-19,0.0015275647505886161,1.5780278479585655e-18,3.9561002895308766e-22,5.512284972434272e-22,,,3.9561002895308766e-22,5.512284972434272e-22,,1.55750448473111e-07,3.9001336285958543,12449515413371.55,2.9566701243978214e-06,3.1649546489052214e-05,2.9566701243978214e-06,3.1649546489052214e-05,0.0006316180750917371,3.460621661345004e-05,False,False,1.0,1.433944623940484,2.630822290211277e-08,0.20904039172045863,0.6910067239569295,1.0,1.289555446711529,3.286641342313439e-07,0.15272148413614905,0.772698800420753,0.20107166084031997,0.15208252894739854,0.008129289605768742,0.003517531352792578,True,AP3.2,100.0,8.3,5.767844763153473e+19,$(U_{0.8}Pu_{0.2})N$,0.8129289605768742,0.8746145602453967,67.79818205637329,7.26572034809804,8.574974154439447,15.486508880843816,5.5334966977941235e+17,3.1283450399727775e-07,ok,
45,TRIAL_045,AP3.2,1500.0,1.1,5.767844763153473e+19,4.412424129573094e-07,519754.0997222178,13121742640489.854,7.789406175697652,2.263750466667708,52495584956059.21,1.0,40,TRIAL_045_AP3p2,rizk2025_refit_plot,rizk2025_refit_full,13121742640489.854,7.616998873712239e+23,6.117043547114939e+25,6.63301758437535e+24,1.2730690041678158e+22,6.719076972478616e+18,5.371414395224915,50.91179262454116,0.8264308674407148,0.3714098288676013,1.1978406963083161,2.2887443401300653,3.486585036438381,1861183535994.5166,4.652958839986291e+17,341.15353015109577,0.5000000000000001,6696867.612438074,6507334.099743214,1.0291261382602652,413343303.21421415,413298963.1136145,43604861.2018111,43604828.77457918,1.000107283357949,1.0000007436614895,0.8429078238574194,67.69206547390273,7.3401906844827565,24.124836017757094,7.971033123872111,16.153802893884986,2.1800586443106935e+25,7.203083019090238e+24,1.45975034240167e+25,9.03657393860029e+25,7.57682359619862e+25,1.0093476833865112,2061834766824777.2,0.00020816378352400035,1.01297411374575e-06,0.0,0.0,0.004369541196980664,0.004369541196980664,3.373922557853537e+18,1.915841328461543e-05,6527982.800675924,1.0999999999999999,13121742640489.854,0.0,6.4916423598023185e-25,5.527691234806484e-22,5.371414395224915e-09,5.091179262454116e-08,1.0490714974782317e+26,1.078327451692572e+26,6.856515294289596e+25,0.008264308674407148,0.3714098288676013,2.2887443401300653,0.01197840696308316,0.03486585036438381,15480650.62856103,1638671562.8020523,4.918900894762285e-20,3.4115353015109575e-07,2.686462620854998e-13,0.03407359027997259,1.0,7.283547683483441e-19,2.5448943822908676e-21,1.9823216017914744e-20,1.7607759639859707e-15,1.3842827431568335e+19,13121742640489.854,0.0006502267838604681,3.618145090227697e-05,7.92786736395709e-06,4.155973157640898e-06,7.92786736395709e-06,4.155973157640898e-06,-8.667549024073523e-32,1.8439549603637883e+19,1118519319903959.9,1177.126984146977,1.2771039839867623e-19,-885276.4795766731,4.4139450231336406e+21,4.0524690625020675e+21,0.0,0.0,0.0,0.0,0.3333333333333333,0.3333333333333333,2.0,4.239916225012569e-20,4.369022003359254e-22,0.0,6.859556060982184e-19,,0.0,0.0,0.0,0.0,0.0,4.239916225012569e-20,6.859556060982184e-19,0.0005998480676204922,1.6488134467482142e-18,1.7607759639859707e-21,7.84118418304897e-22,,,1.7607759639859707e-21,7.84118418304897e-22,,1.55750448473111e-07,3.9001336285958543,12437582091291.383,3.143898736286033e-06,3.303755216599093e-05,3.143898736286033e-06,3.303755216599093e-05,0.0006502267838604681,3.618145090227697e-05,False,False,1.0,1.436815646633589,2.6569329852178233e-08,0.21006893482517944,0.6895316592979633,1.0,1.2961313931128298,3.287511329132745e-07,0.15550302540096297,0.7686255860706179,0.20217875131330493,0.1548642347583083,0.008264308674407148,0.003714098288676013,True,AP3.2,100.0,8.3,5.767844763153473e+19,$(U_{0.8}Pu_{0.2})N$,0.8264308674407148,0.8429078238574194,67.69206547390273,7.3401906844827565,7.971033123872111,16.153802893884986,4.652958839986291e+17,3.411535301510958e-07,ok,
45,TRIAL_045,AP3.2,1550.0,1.1,5.767844763153473e+19,4.412424129573094e-07,519754.0997222178,13121742640489.854,7.789406175697652,2.263750466667708,52495584956059.21,1.0,40,TRIAL_045_AP3p2,rizk2025_refit_plot,rizk2025_refit_full,13121742640489.854,6.841916023658964e+23,6.072206398768457e+25,6.855734785508418e+24,1.175587668039263e+22,6.710064200681319e+18,5.547882372519672,52.4103907482065,0.8408632352947882,0.4046387567142847,1.2455019920090729,2.486776028942053,3.732278020951126,1576559711275.3562,3.9413992781883904e+17,370.6715538706665,0.5,6060713.910319046,5989129.667000546,1.011952361578164,400170302.7250466,400152680.0561467,42357954.080480516,42358012.758681245,1.0000440398622281,0.9999986147083655,0.7571360639714675,67.19589127501794,7.586652676213625,24.46031998479698,7.610458317549906,16.84986166724707,2.210374901044402e+25,6.877246929317529e+24,1.522650208112649e+25,9.03657393860029e+25,7.513923730487641e+25,1.0101901163051978,1904427915263647.0,0.00019364116942950803,9.787524303707782e-07,0.0,0.0,0.004753351754014648,0.004753351754014648,3.2150755136314967e+18,2.127758678997019e-05,6527982.800675924,1.0999999999999999,13121742640489.854,0.0,7.152705477910003e-25,6.030326158029887e-22,5.547882372519673e-09,5.2410390748206506e-08,1.111518075793336e+26,1.1855882696909633e+26,6.826199037555888e+25,0.008408632352947882,0.4046387567142847,2.486776028942053,0.012455019920090729,0.03732278020951126,17448744.580068428,2108896478.7545223,6.309373533160703e-20,3.7067155387066653e-07,3.1714624978937563e-13,0.03407359027997264,1.0,8.341202920002465e-19,8.20455958647652e-21,6.390864711177957e-20,7.11715258415843e-15,1.3842827431568335e+19,13121742640489.854,0.000709368295524242,4.1477601329921745e-05,7.822505107362395e-06,4.139863985439692e-06,7.822505107362395e-06,4.139863985439692e-06,-6.400125977509295e-32,1.9814951914017853e+19,-5438928959550368.0,1709.437747552724,1.699658646909814e-19,-845450.0105558113,4.233736550071239e+21,4.3621811020916704e+21,0.0,0.0,0.0,0.0,0.3333333333333333,0.3333333333333333,2.0,1.4816468590202815e-19,1.6851976248218294e-22,0.0,6.859556060982184e-19,,0.0,0.0,0.0,0.0,0.0,1.4816468590202815e-19,6.859556060982184e-19,0.00020203292510492376,1.888240200272563e-18,7.11715258415843e-21,1.0874070023180895e-21,,,7.11715258415843e-21,1.0874070023180895e-21,,1.55750448473111e-07,3.9001336285958543,12418388437651.855,3.7010019412912624e-06,3.7776599388630484e-05,3.7010019412912624e-06,3.7776599388630484e-05,0.000709368295524242,4.1477601329921745e-05,False,False,1.0,1.4395112097225,2.7284307668462212e-08,0.2110317057136376,0.6881515246028371,1.0,1.306853962724772,3.2889825685781797e-07,0.15998988089510888,0.7620627901082835,0.20334888158735662,0.1593513789003248,0.008408632352947882,0.004046387567142847,True,AP3.2,100.0,8.3,5.767844763153473e+19,$(U_{0.8}Pu_{0.2})N$,0.8408632352947882,0.7571360639714675,67.19589127501794,7.586652676213625,7.610458317549906,16.84986166724707,3.9413992781883904e+17,3.7067155387066653e-07,ok,
45,TRIAL_045,AP3.2,1600.0,1.1,5.767844763153473e+19,4.412424129573094e-07,519754.0997222178,13121742640489.854,7.789406175697652,2.263750466667708,52495584956059.21,1.0,40,TRIAL_045_AP3p2,rizk2025_refit_plot,rizk2025_refit_full,13121742640489.854,5.271367511834371e+23,5.949195154621495e+25,7.442587595681934e+24,9.730287551446004e+21,6.69171778937184e+18,5.948272020302269,55.23327752661621,0.8578013930089665,0.4723116642837348,1.3301130572927014,2.7881140621302807,4.118227119422982,1254188155839.4563,3.1354703895986406e+17,415.58811881348134,0.5,5375398.733360426,5341827.399537258,1.0062846159773107,373225259.24518317,373217632.3515191,40193069.47604067,40193160.70697073,1.0000204355126954,0.9999977301877121,0.5833369535457897,65.83463152123547,8.236072261734568,25.34595926348418,7.355683067928745,17.990276195555435,2.2904063492922572e+25,6.647017391224832e+24,1.625704610169774e+25,9.03657393860029e+25,7.410869328430516e+25,1.0119089249087634,1579695415485492.2,0.0001635846395405332,8.991106748733271e-07,0.0,0.0,0.0055585751974987115,0.0055585751974987115,3.098214681156664e+18,2.4011283051903975e-05,6527982.800675924,1.0999999999999999,13121742640489.854,0.0,8.815786670985791e-25,7.058152766601821e-22,5.94827202030227e-09,5.5233277526616214e-08,1.2052866105751433e+26,1.4001543882533227e+26,6.746167589308032e+25,0.008578013930089666,0.4723116642837348,2.7881140621302807,0.013301130572927013,0.04118227119422982,21199426.450573787,2982061333.156871,8.892171558625933e-20,4.1558811881348137e-07,3.986642655426281e-13,0.03407359027997264,1.0,1.1647735522501893e-18,2.783708154963653e-20,2.1683433493613794e-19,2.6363059898109156e-14,1.3842827431568335e+19,13121742640489.854,0.0008769022726801651,5.802976593220426e-05,7.6010304951847226e-06,4.111828758616778e-06,7.6010304951847226e-06,4.111828758616778e-06,-2.7411316609511202e-31,2.151909424097861e+19,-2.4894956259633436e+16,2783.248218829804,2.463344564677005e-19,-775529.0505857262,4.761226586505534e+21,4.86153878303698e+21,0.0,0.0,0.0,0.0,0.3333333333333333,0.3333333333333333,2.0,4.788179461519709e-19,6.213051142733445e-23,0.0,6.859556060982184e-19,,0.0,0.0,0.0,0.0,0.0,4.788179461519709e-19,6.859556060982184e-19,5.3341279347652143e-05,2.63675667246857e-18,2.6363059898109155e-20,1.4740216515273757e-21,,,2.6363059898109155e-20,1.4740216515273757e-21,,1.55750448473111e-07,3.9001336285958543,12382531515722.264,5.4304765654526065e-06,5.259928936675165e-05,5.4304765654526065e-06,5.259928936675165e-05,0.0008769022726801651,5.802976593220426e-05,False,False,1.0,1.4419990550591373,2.9059590736359158e-08,0.21191779536510444,0.6868818311933169,1.0,1.3273882798216712,3.29198558254668e-07,0.16841898177752507,0.7497601256205448,0.20470521923338586,0.16778104320823833,0.008578013930089666,0.004723116642837348,True,AP3.2,100.0,8.3,5.767844763153473e+19,$(U_{0.8}Pu_{0.2})N$,0.8578013930089665,0.5833369535457897,65.83463152123547,8.236072261734568,7.355683067928745,17.990276195555435,3.1354703895986406e+17,4.1558811881348137e-07,ok,
45,TRIAL_045,AP3.2,1650.0,1.1,5.767844763153473e+19,4.412424129573094e-07,519754.0997222178,13121742640489.854,7.789406175697652,2.263750466667708,52495584956059.21,1.0,40,TRIAL_045_AP3p2,rizk2025_refit_plot,rizk2025_refit_full,13121742640489.854,3.299843228753831e+23,5.707090326340131e+25,8.623066605779306e+24,6.91738915228394e+21,6.655709766358318e+18,6.7180312068954136,60.09489570753182,0.8785305506503335,0.6050562372898675,1.483586787940201,3.28725525313825,4.770842041078451,902229270731.62,2.25557317682905e+17,489.988643315276,0.5,4551108.626555237,4530717.252913092,1.0045006943721844,330458439.9306037,330453957.65970594,36941383.98912735,36941573.38760075,1.000013563980076,0.9999948730263487,0.365165299501213,63.15546539116931,9.542406961276926,26.936962348052557,7.146060074888877,19.790902273163677,2.43417851939469e+25,6.457590023641286e+24,1.7884195170305611e+25,9.03657393860029e+25,7.2481544215697285e+25,1.0152927273579457,1129880419806491.5,0.0001212230186186048,7.718491105467178e-07,0.0,0.0,0.007166324620987169,0.007166324620987169,2.929006872231902e+18,2.809175829517256e-05,6527982.800675924,1.0999999999999999,13121742640489.854,0.0,1.2700319893962677e-24,9.090784582407128e-22,6.718031206895414e-09,6.009489570753182e-08,1.3466818420720862e+26,1.820185645498513e+26,6.6023954192056e+25,0.008785305506503334,0.6050562372898675,3.28725525313825,0.014835867879402009,0.047708420410784505,28629485.79978927,4905276051.259296,1.457392421096073e-19,4.89988643315276e-07,5.54182862627089e-13,0.03407359027997264,1.0,2.1271476252081635e-18,9.216017886357202e-20,7.17873066393308e-19,9.020265555838444e-14,1.3842827431568335e+19,13121742640489.854,0.001280777666029049,0.00010631625413892486,7.2333315202912445e-06,4.069565251860296e-06,7.2333315202912445e-06,4.069565251860296e-06,-7.7014918229612415e-31,2.4486994400044564e+19,-1.4800493498990973e+17,5386.232162798202,4.028943224192554e-19,-656490.703207781,4.835004666660382e+21,5.557682093110487e+21,0.0,0.0,0.0,0.0,0.3333333333333333,0.3333333333333333,2.0,1.441192019109945e-18,2.2189009104417195e-23,0.0,6.859556060982184e-19,,0.0,0.0,0.0,0.0,0.0,1.441192019109945e-18,6.859556060982184e-19,1.043134422898635e-05,4.815331429236087e-18,9.020265555838444e-20,1.957523305187582e-21,,,9.020265555838444e-20,1.957523305187582e-21,,1.55750448473111e-07,3.9001336285958543,12321794004758.715,1.0728884896977231e-05,9.558736924194762e-05,1.0728884896977231e-05,9.558736924194762e-05,0.001280777666029049,0.00010631625413892486,False,False,1.0,1.4444158984223425,3.255998640007003e-08,0.21277631808555594,0.6856521150146404,1.0,1.363784744934387,3.297911560384768e-07,0.18285789256575957,0.7287702716395243,0.20634104366397857,0.18222106508071592,0.008785305506503334,0.006050562372898674,True,AP3.2,100.0,8.3,5.767844763153473e+19,$(U_{0.8}Pu_{0.2})N$,0.8785305506503335,0.365165299501213,63.15546539116931,9.542406961276926,7.146060074888877,19.790902273163677,2.25557317682905e+17,4.899886433152761e-07,ok,
45,TRIAL_045,AP3.2,1700.0,1.1,5.767844763153473e+19,4.412424129573094e-07,519754.0997222178,13121742640489.854,7.789406175697652,2.263750466667708,52495584956059.21,1.0,40,TRIAL_045_AP3p2,rizk2025_refit_plot,rizk2025_refit_full,13121742640489.854,1.761845663849795e+23,5.339970906022048e+25,1.046014769080438e+25,4.350388091648698e+21,6.594806553685343e+18,7.905073104117092,66.96321784215348,0.9001902035316325,0.829467960185413,1.7296581637170454,4.067154677541644,5.796812841258689,589389493931.0247,1.4734737348275616e+17,606.2381680581337,0.49999999999999994,3677520.8209507996,3661927.138489107,1.0042583267967824,280835066.1983909,280832317.5207308,33152150.272887886,33152528.679744925,1.000009787611641,0.9999885858825222,0.19496832270955716,59.0928701774024,11.575346765130982,29.13681473475707,6.959275418380987,22.17753931637608,2.6329698068593064e+25,6.288800687728324e+24,2.004089738086474e+25,9.03657393860029e+25,7.032484200513816e+25,1.0210504222937438,719529444326325.6,8.147582233791001e-05,6.304682971116026e-07,0.0,0.0,0.0099389985762253,0.0099389985762253,2.73257083603054e+18,3.359135906966979e-05,6527982.800675924,1.0999999999999999,13121742640489.854,0.0,2.069218158397636e-24,1.2577593496232053e-21,7.905073104117092e-09,6.696321784215349e-08,1.5276351400100837e+26,2.534884628323512e+26,6.403604131740984e+25,0.009001902035316325,0.829467960185413,4.067154677541644,0.017296581637170454,0.05796812841258689,42680100.35797682,9324002371.381905,2.7602491862656897e-19,6.062381680581338e-07,8.483354473544691e-13,0.0340735902799727,1.0,4.751541991998671e-18,2.8964180859428994e-19,2.2561376926045994e-18,2.8708990269161864e-13,1.3842827431568335e+19,13121742640489.854,0.0021075510145576915,0.00023852754221047909,6.780453295315288e-06,4.020080055842032e-06,6.780453295315288e-06,4.020080055842032e-06,-3.6281318567528105e-30,2.7759733414192656e+19,-7.440546824950077e+17,12351.461405632861,7.450414094627733e-19,-518163.19174472964,5.513548662719872e+21,6.539485239491347e+21,0.0,0.0,0.0,0.0,0.3333333333333333,0.3333333333333333,2.0,4.065586385900453e-18,7.758935285868006e-24,0.0,6.859556060982184e-19,,0.0,0.0,0.0,0.0,0.0,4.065586385900453e-18,6.859556060982184e-19,1.6329299623014206e-06,1.0756305401778201e-17,2.8708990269161863e-19,2.5519059026713273e-21,,,2.8708990269161863e-19,2.5519059026713273e-21,,1.55750448473111e-07,3.9001336285958543,12238522700241.715,2.6451063740708425e-05,0.00021207647846977067,2.6451063740708425e-05,0.00021207647846977067,0.0021075510145576915,0.00023852754221047909,False,False,1.0,1.4465549650610068,3.800342087566342e-08,0.21353430316084523,0.6845667962459728,1.0,1.4174306022402232,3.308032568221559e-07,0.20306116283366635,0.6995947510775354,0.20802303458005714,0.20242611419679513,0.009001902035316325,0.00829467960185413,True,AP3.2,100.0,8.3,5.767844763153473e+19,$(U_{0.8}Pu_{0.2})N$,0.9001902035316325,0.19496832270955716,59.0928701774024,11.575346765130982,6.959275418380987,22.17753931637608,1.4734737348275616e+17,6.062381680581338e-07,ok,
45,TRIAL_045,AP3.2,1750.0,1.1,5.767844763153473e+19,4.412424129573094e-07,519754.0997222178,13121742640489.854,7.789406175697652,2.263750466667708,52495584956059.21,1.0,40,TRIAL_045_AP3p2,rizk2025_refit_plot,rizk2025_refit_full,13121742640489.854,8.812784160778844e+22,4.871805871852312e+25,1.2872447398158996e+25,2.573070439963205e+21,6.504172261173198e+18,9.473638269837316,75.33460752948206,0.916411813840096,1.1648345250735765,2.0812463389136724,5.227270837574336,7.308517176488008,356807326788.9368,8.92018316972342e+16,779.1616861816107,0.5,2862237.2471306366,2849216.073340845,1.0045700899667198,234337039.39994118,234334469.6902938,29468475.113055896,29468528.11480046,1.000010965990837,0.9999982014118806,0.09752351079798602,53.912089968545374,14.244831598371075,31.745554922285564,6.784288112527041,24.961266809758524,2.868710542771299e+25,6.130672114961761e+24,2.2556433312751227e+25,9.03657393860029e+25,6.7809306073251665e+25,1.0297427162843709,435549871810927.06,5.281906110056444e-05,5.052782323813508e-07,0.0,0.0,0.014177897810496639,0.014177897810496639,2.566842713783485e+18,4.0015137847476654e-05,6527982.800675924,1.0999999999999999,13121742640489.854,0.0,3.561549655256234e-24,1.7909035589771854e-21,9.473638269837317e-09,7.533460752948207e-08,1.7193735704754904e+26,3.6126398936537796e+26,6.167863395828991e+25,0.00916411813840096,1.1648345250735765,5.227270837574336,0.020812463389136726,0.07308517176488008,68728096.70288248,19858658109.42427,5.860048765945255e-19,7.791616861816107e-07,1.4013165158342343e-12,0.03407359027997264,1.0,1.1495000451183415e-17,8.585058024105227e-19,6.687250399168794e-18,8.552344067970446e-13,1.3842827431568335e+19,13121742640489.854,0.003598480169447713,0.0005799787406930773,6.328748100180815e-06,3.97172289701192e-06,6.328748100180815e-06,3.97172289701192e-06,-1.2412013910193931e-30,3.3348010720720093e+19,-2.3699894499048755e+17,29634.288285665065,1.3882950435061798e-18,-353906.4723066853,6.002257436514944e+21,7.192409317432938e+21,0.0,0.0,0.0,0.0,0.3333333333333333,0.3333333333333333,2.0,1.0809044845085196e-17,2.6793973973199525e-24,0.0,6.859556060982184e-19,,0.0,0.0,0.0,0.0,0.0,1.0809044845085196e-17,6.859556060982184e-19,2.3309241341039768e-07,2.6021812635711968e-17,8.552344067970446e-19,3.2713956134781503e-21,,,8.552344067970446e-19,3.2713956134781503e-21,,1.55750448473111e-07,3.9001336285958543,12141763843511.422,7.097648359804376e-05,0.0005090022570950335,7.097648359804376e-05,0.0005090022570950335,0.003598480169447713,0.0005799787406930773,False,False,1.0,1.447554963452136,4.5273996701434447e-08,0.2138880573962731,0.6840604001421666,1.0,1.4863226965759209,3.323327326357306e-07,0.22731624271711878,0.6648986549998109,0.2092651422921373,0.2266842839464032,0.00916411813840096,0.011648345250735766,True,AP3.2,100.0,8.3,5.767844763153473e+19,$(U_{0.8}Pu_{0.2})N$,0.916411813840096,0.09752351079798602,53.912089968545374,14.244831598371075,6.784288112527041,24.961266809758524,8.92018316972342e+16,7.791616861816107e-07,ok,
45,TRIAL_045,AP3.2,1800.0,1.1,5.767844763153473e+19,4.412424129573094e-07,519754.0997222178,13121742640489.854,7.789406175697652,2.263750466667708,52495584956059.21,1.0,40,TRIAL_045_AP3p2,rizk2025_refit_plot,rizk2025_refit_full,13121742640489.854,4.373239786987785e+22,4.33226794139964e+25,1.5767987096767476e+25,1.4892377525358947e+21,6.379256648841647e+18,11.384074984858096,84.83517588344695,0.920334896532737,1.6314981210716302,2.551833017604367,6.899854179980622,9.451687197584988,204787735501.29117,5.119693387532279e+16,1028.4720620628225,0.5,2171181.533505338,2158541.862136062,1.0058556526472773,195011196.5431727,195009256.61090705,26168199.745309185,26168390.374412682,1.0000099478983684,0.9999927152912056,0.04839488745073195,47.941487236596245,17.449076612335936,34.5610412636171,6.621604965949194,27.9394362976679,3.1231340477369145e+25,5.983662286700274e+24,2.524767819066887e+25,9.03657393860029e+25,6.5118061195334024e+25,1.0420165593071173,260366023566727.34,3.437711356834328e-05,4.045690846794461e-07,0.0,0.0,0.020235003240074535,0.020235003240074535,2.453779776189385e+18,4.692988419098362e-05,6527982.800675924,1.0999999999999999,13121742640489.854,0.0,6.179905760282923e-24,2.557505068192984e-21,1.1384074984858097e-08,8.483517588344695e-08,1.8897807867340375e+26,5.125757750385283e+26,5.913439890863375e+25,0.00920334896532737,1.6314981210716302,6.899854179980622,0.02551833017604367,0.09451687197584989,116875403.1495709,45791266210.8669,1.3477084773833282e-18,1.0284720620628226e-06,2.441552462973778e-12,0.03407359027997264,1.0,2.790413000779694e-17,2.4019434300062056e-18,1.8709712987366737e-17,2.3978131732901632e-12,1.3842827431568335e+19,13121742640489.854,0.006053208011130283,0.0014154222931022534,5.924645677335131e-06,3.928197830156774e-06,5.924645677335131e-06,3.928197830156774e-06,-8.952359385022595e-30,3.755026291679364e+19,-1.8385540568573071e+18,79462.7153502417,2.8164315663791873e-18,-236553.8639516826,6.911399982324687e+21,8.17531962532701e+21,0.0,0.0,0.0,0.0,0.3333333333333333,0.3333333333333333,2.0,2.721817440169872e-17,9.201272251725335e-25,0.0,6.859556060982184e-19,,0.0,0.0,0.0,0.0,0.0,2.721817440169872e-17,6.859556060982184e-19,3.297458924236063e-08,6.316798732710672e-17,2.397813173290163e-18,4.130256716042414e-21,,,2.397813173290163e-18,4.130256716042414e-21,,1.55750448473111e-07,3.9001336285958543,12039370427089.217,0.0001902386288873658,0.0012251836642148874,0.0001902386288873658,0.0012251836642148874,0.006053208011130283,0.0014154222931022534,False,False,1.0,1.4462118902026766,5.432657869267559e-08,0.21341285104981708,0.6847406723768711,1.0,1.5690935895853817,3.344879205414328e-07,0.2542551994907739,0.6268354542609726,0.20956333273819272,0.25362702409738735,0.00920334896532737,0.0163149812107163,True,AP3.2,100.0,8.3,5.767844763153473e+19,$(U_{0.8}Pu_{0.2})N$,0.920334896532737,0.04839488745073195,47.941487236596245,17.449076612335936,6.621604965949194,27.9394362976679,5.119693387532279e+16,1.0284720620628226e-06,ok,
45,TRIAL_045,AP3.4,900.0,1.3,7.498198192099515e+19,4.412424129573094e-07,519754.0997222178,13121742640489.854,7.789406175697652,2.263750466667708,52495584956059.21,1.0,40,TRIAL_045_AP3p4,rizk2025_refit_plot,rizk2025_refit_full,13121742640489.854,8.329574829054432e+23,7.298472153679352e+25,6.333718762757542e+24,1.7105440566241424e+22,6.789304845198977e+18,4.807345786591539,34.13261311092228,0.7960474549702927,0.11308956482063304,0.9091370197909258,0.22651844150016076,1.1356554612910865,28954265835886.074,7.238566458971518e+18,63.2136467228428,0.2670639760530353,819602738978.0016,35118999.06255185,23337.872970644024,516228580.5579027,461793284.39238495,132823387.18274817,65040434.870473206,1.1178780593077318,2.0421663454013403,0.7799528700057855,68.34039455487697,5.9306774093570676,24.948975165760196,24.948975165760196,0.0,2.6644476037363477e+25,2.6644476037363477e+25,0.0,1.0679587381981997e+26,1.0679587381981999e+26,1.0028328295750002,3018335954014392.5,0.00023442782335679168,1.0719330421111736e-06,9.012944014493436e-08,9.012944014493436e-08,0.00142446080710584,0.00142446080710584,4.423623961771011e+18,6.424388891974659e-06,5934529.818796294,1.2999999999999998,13121742640489.854,0.0,4.653767623742697e-25,1.6657016793199934e-22,4.8073457865915394e-09,3.413261311092228e-08,6.013337533154705e+25,2.0281958787315685e+25,8.015139778245651e+25,0.007960474549702928,0.11308956482063304,0.22651844150016076,0.009091370197909258,0.011356554612910866,3680905.0781512368,1910.1914144104383,3.1293273714357154e-22,6.32136467228428e-08,9.223648686751875e-15,0.15936670352593008,0.0,8.917422879279335e-19,5.811156342883063e-25,4.5265457105197914e-24,5.119872410101689e-28,1.7995675661038836e+19,13121742640489.854,0.0009614462924304722,4.377916289517957e-05,1.0792199766730679e-05,5.7573570779371515e-06,1.0792199766730679e-05,5.7573570779371515e-06,5.8698946384376986e-30,1.113575195222089e+19,1.3619804315749673e+18,0.0005323316487599192,1.544881338548522e-21,-1910575.91752151,8.538498407363567e+21,0.0,0.0,0.0,0.0,0.0,0.3333333333333333,0.3333333333333333,2.0,2.4966082885114063e-31,1.092543251978497e-24,0.0,8.91742287927684e-19,,0.0,0.0,0.0,0.0,0.0,2.4966082885114063e-31,8.91742287927684e-19,1.2251782457431146e-06,2.018682020444189e-18,5.119872410101689e-34,5.811156337763191e-25,,,5.119872410101689e-34,5.811156337763191e-25,,1.55750448473111e-07,3.9001336285958543,12658278639649.17,2.612757426227933e-06,4.116640546895164e-05,2.612757426227933e-06,4.116640546895164e-05,0.0009614462924304722,4.377916289517957e-05,False,False,1.0,1.432079565687763,2.4078860056214667e-08,0.20837051135696633,0.6919677765259475,1.0,1.1843965810959043,3.2761364908883174e-07,0.10482441519368711,0.8433392908287571,0.19967007730185526,0.10418555533203176,0.007960474549702928,0.0011308956482063304,True,AP3.4,130.0,8.3,7.498198192099515e+19,$(U_{0.8}Pu_{0.2})N$,0.7960474549702927,0.7799528700057855,68.34039455487697,5.9306774093570676,24.948975165760196,0.0,7.238566458971518e+18,6.32136467228428e-08,ok,
45,TRIAL_045,AP3.4,950.0,1.3,7.498198192099515e+19,4.412424129573094e-07,519754.0997222178,13121742640489.854,7.789406175697652,2.263750466667708,52495584956059.21,1.0,40,TRIAL_045_AP3p4,rizk2025_refit_plot,rizk2025_refit_full,13121742640489.854,8.279308654947951e+23,7.308697497005935e+25,6.390783760013357e+24,1.6891658967394984e+22,6.781785449364617e+18,4.878323344697853,36.73087009111762,0.8214339766158731,0.14077524892671306,0.9622092255425861,0.22543531480933182,1.187644540351918,29003650725897.047,7.250912681474262e+18,63.07688970780864,0.26636322852653455,129284114759.89313,35195140.57024238,3673.3512827393934,478844300.32415456,455074385.8364516,96956737.61162908,60439624.61256391,1.052233030967042,1.6041915917438403,0.7752461175528501,68.43614116905641,5.984111119120136,24.804501594270597,24.804501594270597,0.0,2.6490184224252463e+25,2.6490184224252463e+25,0.0,1.0679587381981997e+26,1.0679587381981997e+26,1.0035280902674846,2982015165528906.0,0.00023117333580003214,1.061185198545648e-06,1.1611107904155076e-07,1.1611107904155076e-07,0.0017629677677506873,0.0017629677677506873,5.80819690473812e+18,7.250528955628895e-06,5934529.818796294,1.2999999999999998,13121742640489.854,0.0,4.862956197502216e-25,2.075784466757235e-22,4.878323344697854e-09,3.673087009111763e-08,6.8525534568577814e+25,2.9592584503063923e+25,8.03056895955675e+25,0.008214339766158731,0.14077524892671306,0.22543531480933182,0.009622092255425862,0.01187644540351918,3653358.6029705787,12686.852912688335,3.109061227358431e-22,6.307688970780864e-08,9.18378279492594e-15,0.16007307659857384,0.0,8.917422879351825e-19,1.625942817432566e-24,1.2665129023440468e-23,2.2845010932250072e-26,1.7995675661038836e+19,13121742640489.854,0.0009628612705811397,4.386078349702774e-05,1.072663272688846e-05,5.682117192950557e-06,1.072663272688846e-05,5.682117192950557e-06,7.669607552557017e-30,1.2590245990479636e+19,1.7787622667690967e+18,0.003533093661397435,1.5376074298173221e-21,-1909387.5827250609,8.49033870381239e+21,0.0,0.0,0.0,0.0,0.0,0.3333333333333333,0.3333333333333333,2.0,7.498646671560408e-30,4.074114265943587e-23,0.0,8.91742287927684e-19,,0.0,0.0,0.0,0.0,0.0,7.498646671560408e-30,8.91742287927684e-19,4.568712643848196e-05,2.0186820204605992e-18,2.284501093225007e-32,1.6259427945875551e-24,,,2.284501093225007e-32,1.6259427945875551e-24,,1.55750448473111e-07,3.9001336285958543,12623551486544.244,2.807315347752203e-06,4.105346814927553e-05,2.807315347752203e-06,4.105346814927553e-05,0.0009628612705811397,4.386078349702774e-05,False,False,1.0,1.4378373729297034,2.4180017202156156e-08,0.21043419477998637,0.6890079892410536,1.0,1.2007129561794607,3.277346771333331e-07,0.11271335443944128,0.8316459404904001,0.20177044607622377,0.11207500527687084,0.008214339766158731,0.0014077524892671307,True,AP3.4,130.0,8.3,7.498198192099515e+19,$(U_{0.8}Pu_{0.2})N$,0.8214339766158731,0.7752461175528501,68.43614116905641,5.984111119120136,24.804501594270597,0.0,7.250912681474262e+18,6.307688970780864e-08,ok,
45,TRIAL_045,AP3.4,1000.0,1.3,7.498198192099515e+19,4.412424129573094e-07,519754.0997222178,13121742640489.854,7.789406175697652,2.263750466667708,52495584956059.21,1.0,40,TRIAL_045_AP3p4,rizk2025_refit_plot,rizk2025_refit_full,13121742640489.854,8.242050806952593e+23,7.315178558734283e+25,6.446217401402997e+24,1.6731815713343315e+22,6.773411659776377e+18,4.931818270442097,39.25369501493525,0.8407229005064364,0.17160807192882427,1.0123309724352607,0.22565662421265287,1.2379875966479135,28992953041766.375,7.248238260441594e+18,63.105283298556124,0.2665047516586256,24595493320.723988,35179304.86892838,699.1466548973117,461314956.61756593,450138240.7590204,76188387.97708556,56555185.42026003,1.024829518682304,1.3471512366360705,0.7717574202218825,68.49682761223568,6.036017283100933,24.6953976844415,24.6953976844415,0.0,2.6373665750378884e+25,2.6373665750378884e+25,0.0,1.0679587381981997e+26,1.0679587381981997e+26,1.0043032227723263,2955236177856047.0,0.00022878235926323748,1.0507604309641655e-06,1.3381941714199435e-07,1.3381941714199435e-07,0.002133354135085958,0.002133354135085958,7.077400847211259e+18,8.261632465894408e-06,5934529.818796294,1.2999999999999998,13121742640489.854,0.0,5.024696153185427e-25,2.5335544412265927e-22,4.931818270442097e-09,3.9253695014935256e-08,7.493945981421634e+25,3.99852048857145e+25,8.042220806944109e+25,0.008407229005064364,0.17160807192882427,0.22565662421265287,0.010123309724352606,0.012379875966479135,3638631.1821891028,69914.24328264504,3.1132616796582085e-22,6.310528329855613e-08,9.192052678273472e-15,0.15993015883030792,0.0,8.917422880879538e-19,4.0377712245259814e-24,3.145184011237695e-23,6.972208708889678e-25,1.7995675661038836e+19,13121742640489.854,0.0009637767706579047,4.393966044682101e-05,1.0678107618628857e-05,5.6182258125666395e-06,1.0678107618628857e-05,5.6182258125666395e-06,8.952327186346789e-30,1.3722807031238437e+19,2.0783882256234342e+18,0.01948284158794303,1.5407233226427025e-21,-1911581.481272957,8.454598754064321e+21,0.0,0.0,0.0,0.0,0.0,0.3333333333333333,0.3333333333333333,2.0,1.6026995865756309e-28,5.104196168274582e-22,0.0,8.91742287927684e-19,,0.0,0.0,0.0,0.0,0.0,1.6026995865756309e-28,8.91742287927684e-19,0.0005723846717215622,2.0186820208064354e-18,6.972208708889678e-31,4.0377705273051104e-24,,,6.972208708889678e-31,4.0377705273051104e-24,,1.55750448473111e-07,3.9001336285958543,12589990570896.896,2.995336851240197e-06,4.094432359558082e-05,2.995336851240197e-06,4.094432359558082e-05,0.0009637767706579047,4.393966044682101e-05,False,False,1.0,1.4421561672003522,2.4256774138897876e-08,0.21197367361468564,0.686801778978769,1.0,1.2168966411621884,3.2786967150516654e-07,0.12036148678932285,0.820329601475369,0.20333756840793463,0.11972345389929101,0.008407229005064364,0.0017160807192882427,True,AP3.4,130.0,8.3,7.498198192099515e+19,$(U_{0.8}Pu_{0.2})N$,0.8407229005064364,0.7717574202218825,68.49682761223568,6.036017283100933,24.6953976844415,0.0,7.248238260441594e+18,6.310528329855613e-08,ok,
45,TRIAL_045,AP3.4,1050.0,1.3,7.498198192099515e+19,4.412424129573094e-07,519754.0997222178,13121742640489.854,7.789406175697652,2.263750466667708,52495584956059.21,1.0,40,TRIAL_045_AP3p4,rizk2025_refit_plot,rizk2025_refit_full,13121742640489.854,8.210991731230148e+23,7.320612845223667e+25,6.491971885480824e+24,1.6599797386316425e+22,6.764878921254781e+18,4.976909701634683,41.53362584584497,0.8571773368686953,0.20302437210424498,1.0602017089729403,0.2302935722072238,1.290495281180164,28781157887107.812,7.195289471776953e+18,63.69006527685315,0.2694838311913013,5487421796.783788,34856299.64971654,157.4298434408947,451741856.99954873,446059931.3808796,63657501.36379533,53450666.89433013,1.0127380318628474,1.1909580378041627,0.7688491547045416,68.54771241044945,6.078860215548885,24.604578219297135,24.604578219297135,0.0,2.627667430897948e+25,2.627667430897948e+25,0.0,1.0679587381981997e+26,1.0679587381981999e+26,1.0050939405942736,2933005193938436.5,0.0002268082801482095,1.0420398874119023e-06,1.3704892771375316e-07,1.3704892771375316e-07,0.002504712267266672,0.002504712267266672,8.01694920182903e+18,9.426044873155948e-06,5934529.818796294,1.2999999999999998,13121742640489.854,0.0,5.163781924081105e-25,3.001153080010885e-22,4.976909701634683e-09,4.153362584584497e-08,8.041361161777832e+25,5.0605707813597855e+25,8.05191995108405e+25,0.008571773368686954,0.20302437210424498,0.2302935722072238,0.010602017089729403,0.01290495281180164,3651927.335522496,330237.3912175187,3.200615807196292e-22,6.369006527685315e-08,9.363203254307343e-15,0.15695189037915525,0.0,8.917422904866655e-19,9.072820167908718e-24,7.067188144690237e-23,1.5366002896313798e-23,1.7995675661038836e+19,13121742640489.854,0.0009645573836958126,4.4010584134838265e-05,1.0637786877160025e-05,5.5669193416372896e-06,1.0637786877160025e-05,5.5669193416372896e-06,9.263775924619499e-30,1.4710048597033079e+19,2.154337008392868e+18,0.09250846512319738,1.579861708871976e-21,-1925973.8188630436,8.424809745233031e+21,0.0,0.0,0.0,0.0,0.0,0.3333333333333333,0.3333333333333333,2.0,2.558981501392922e-27,2.7724222720096643e-21,0.0,8.91742287927684e-19,,0.0,0.0,0.0,0.0,0.0,2.558981501392922e-27,8.91742287927684e-19,0.003108994943479269,2.0186820262365198e-18,1.5366002896313797e-29,9.072804801905822e-24,,,1.5366002896313797e-29,9.072804801905822e-24,,1.55750448473111e-07,3.9001336285958543,12559812687366.568,3.1644029197810993e-06,4.084618121505716e-05,3.1644029197810993e-06,4.084618121505716e-05,0.0009645573836958126,4.4010584134838265e-05,False,False,1.0,1.445804845853173,2.4320910507680785e-08,0.21326869486393962,0.6849470649066322,1.0,1.231814092370274,3.280074625245067e-07,0.12726195994774675,0.8101376023880481,0.20465556572709395,0.12662400877205396,0.008571773368686954,0.00203024372104245,True,AP3.4,130.0,8.3,7.498198192099515e+19,$(U_{0.8}Pu_{0.2})N$,0.8571773368686953,0.7688491547045416,68.54771241044945,6.078860215548885,24.604578219297135,0.0,7.195289471776953e+18,6.369006527685315e-08,ok,
45,TRIAL_045,AP3.4,1100.0,1.3,7.498198192099515e+19,4.412424129573094e-07,519754.0997222178,13121742640489.854,7.789406175697652,2.263750466667708,52495584956059.21,1.0,40,TRIAL_045_AP3p4,rizk2025_refit_plot,rizk2025_refit_full,13121742640489.854,8.182834986107908e+23,7.32626596024659e+25,6.525049552092619e+24,1.6482441573972245e+22,6.756903936659034e+18,5.0182222574386035,43.46301956245239,0.8724887408945763,0.23237855129500082,1.104867292189577,0.2510306369197899,1.355897929109367,27879247883788.906,6.969811970947227e+18,66.24641802305243,0.2824144524801166,1399705481.1772435,33511245.83411415,41.76823171857,445494641.45428705,442387739.3451941,56013611.952920645,51077905.362973295,1.0070230294214113,1.0966309513844175,0.7662126534882359,68.60064624413351,6.109833010122956,24.52330809225531,24.52330809225531,0.0,2.618988116665068e+25,2.618988116665068e+25,0.0,1.0679587381981997e+26,1.0679587381981999e+26,1.0058336042623448,2912924339729925.5,0.00022503065025873632,1.0355343429958655e-06,1.2198576119482578e-07,1.2198576119482578e-07,0.0028461070593649093,0.0028461070593649093,8.443317804161305e+18,1.0708494452526682e-05,5934529.818796294,1.2999999999999998,13121742640489.854,0.0,5.293443553122256e-25,3.4391276459363263e-22,5.018222257438604e-09,4.346301956245239e-08,8.54901429538832e+25,6.055724137548154e+25,8.06059926531693e+25,0.008724887408945763,0.23237855129500082,0.2510306369197899,0.01104867292189577,0.013558979291093669,3757616.600823647,1395570.0800827644,3.6016844925828573e-22,6.624641802305243e-08,1.0129916476130392e-14,0.14466477040522663,0.0,8.91742319689036e-19,1.8732291689893137e-23,1.459134285742234e-22,2.556484784617257e-22,1.7995675661038836e+19,13121742640489.854,0.0009653662956479187,4.407030852005496e-05,1.0601303148399057e-05,5.527559242123557e-06,1.0601303148399057e-05,5.527559242123557e-06,8.310301853665606e-30,1.5638813749760911e+19,1.938174994907014e+18,0.3993593886006116,1.75457356337173e-21,-1981912.428745084,8.397834485613266e+21,0.0,0.0,0.0,0.0,0.0,0.3333333333333333,0.3333333333333333,2.0,3.1761352235744896e-26,7.906038402206534e-21,0.0,8.91742287927684e-19,,0.0,0.0,0.0,0.0,0.0,3.1761352235744896e-26,8.91742287927684e-19,0.00886583290671176,2.0186820923434e-18,2.556484784617257e-28,1.8732036041414675e-23,,,2.556484784617257e-28,1.8732036041414675e-23,,1.55750448473111e-07,3.9001336285958543,12534399864918.344,3.306771848398092e-06,4.0763536671656865e-05,3.306771848398092e-06,4.0763536671656865e-05,0.0009653662956479187,4.407030852005496e-05,False,False,1.0,1.44917269855002,2.437849714970243e-08,0.214459534207651,0.683242505766016,1.0,1.2446563802291255,3.281364627225394e-07,0.13309219377623183,0.8015404757552944,0.20586694056718613,0.132454081878314,0.008724887408945763,0.002323785512950008,True,AP3.4,130.0,8.3,7.498198192099515e+19,$(U_{0.8}Pu_{0.2})N$,0.8724887408945763,0.7662126534882359,68.60064624413351,6.109833010122956,24.52330809225531,0.0,6.969811970947227e+18,6.624641802305243e-08,ok,
45,TRIAL_045,AP3.4,1150.0,1.3,7.498198192099515e+19,4.412424129573094e-07,519754.0997222178,13121742640489.854,7.789406175697652,2.263750466667708,52495584956059.21,1.0,40,TRIAL_045_AP3p4,rizk2025_refit_plot,rizk2025_refit_full,13121742640489.854,8.156093635365351e+23,7.332586717214125e+25,6.545472190786611e+24,1.6373634583562908e+22,6.750032571341118e+18,5.057853421265049,45.000158412441685,0.8874265557795111,0.25765383178106277,1.145080387560574,0.3262874891281796,1.4713678766887537,25067811750315.9,6.266952937578974e+18,74.90460329266259,0.3246493249952111,397218327.980785,29637697.850506663,13.402469044133078,440734172.7661001,438921379.3081301,51443854.7874841,49333159.66697159,1.004130109726775,1.0427845111637075,0.763708684955924,68.6598316484142,6.128956069810118,24.447503596819775,24.447503596819775,0.0,2.6108925093355598e+25,2.6108925093355598e+25,0.0,1.0679587381981997e+26,1.0679587381981999e+26,1.006471154525708,2893917614515608.5,0.00022335207443635005,1.0312525174554992e-06,9.06162012183185e-08,9.06162012183185e-08,0.003134645775892435,0.003134645775892435,8.277778438259621e+18,1.2077740417613348e-05,5934529.818796294,1.2999999999999998,13121742640489.854,0.0,5.419850743892727e-25,3.8170753853099004e-22,5.057853421265049e-09,4.5000158412441687e-08,9.041937173174714e+25,6.914941031912678e+25,8.068694872646439e+25,0.008874265557795111,0.25765383178106277,0.3262874891281796,0.01145080387560574,0.014713678766887537,4166127.518972865,5700123.725975988,5.206477412198819e-22,7.490460329266259e-08,1.2950844223214654e-14,0.11080486854361377,0.0,8.917426046035813e-19,3.5983582073279434e-23,2.8029073642532614e-22,3.330768464716398e-21,1.7995675661038836e+19,13121742640489.854,0.000966263118212838,4.4117691694433675e-05,1.0566708655739137e-05,5.498534907081404e-06,1.0566708655739137e-05,5.498534907081404e-06,6.207292990862483e-30,1.6548493558277313e+19,1.4565057960484232e+18,1.748086777158463,2.4361871166537766e-21,-2137533.791743957,8.37225459153002e+21,0.0,0.0,0.0,0.0,0.0,0.3333333333333333,0.3333333333333333,2.0,3.1667589742037936e-25,1.3686836891524853e-20,0.0,8.91742287927684e-19,,0.0,0.0,0.0,0.0,0.0,3.1667589742037936e-25,8.91742287927684e-19,0.015348416483486569,2.0186827373188347e-18,3.330768464716398e-27,3.5980251304814716e-23,,,3.330768464716398e-27,3.5980251304814716e-23,,1.55750448473111e-07,3.9001336285958543,12514243211978.18,3.419694137823068e-06,4.0697997556610606e-05,3.419694137823068e-06,4.0697997556610606e-05,0.000966263118212838,4.4117691694433675e-05,False,False,1.0,1.4524341023974467,2.4432379230534855e-08,0.21560863665942478,0.6815985534344101,1.0,1.2550320487218172,3.2824778071472813e-07,0.13773048913721786,0.7947106184727526,0.2070351761561904,0.13709202827691902,0.008874265557795111,0.002576538317810628,True,AP3.4,130.0,8.3,7.498198192099515e+19,$(U_{0.8}Pu_{0.2})N$,0.8874265557795111,0.763708684955924,68.6598316484142,6.128956069810118,24.447503596819775,0.0,6.266952937578974e+18,7.490460329266259e-08,ok,
45,TRIAL_045,AP3.4,1200.0,1.3,7.498198192099515e+19,4.412424129573094e-07,519754.0997222178,13121742640489.854,7.789406175697652,2.263750466667708,52495584956059.21,1.0,40,TRIAL_045_AP3p4,rizk2025_refit_plot,rizk2025_refit_full,13121742640489.854,8.130068475456692e+23,7.3395966502548235e+25,6.555223940641438e+24,1.6270284186598366e+22,6.74444977399462e+18,5.096747718898448,46.176831335740836,0.9023253520070829,0.27816822468798785,1.1804935766950706,0.5767304212569336,1.7572239979520046,18820548893335.58,4.705137223333894e+18,99.64619064098301,0.43135491400671,121331760.96187261,22278824.566394884,5.4460575601860075,436691230.12779963,435571882.7848527,48822717.94421909,48076057.533244416,1.0025698337913602,1.015530816154348,0.7612717780813602,68.72547026149887,6.138087274514973,24.375170685904802,24.375170685904802,0.0,2.603167652908464e+25,2.603167652908464e+25,0.0,1.0679587381981997e+26,1.0679587381981999e+26,1.006989068984636,2875486099672258.0,0.0002217299523401981,1.0288657349326517e-06,5.263281451416088e-08,5.263281451416088e-08,0.0033636151646501715,0.0033636151646501715,7.612209774520961e+18,1.3505536135643128e-05,5934529.818796294,1.2999999999999998,13121742640489.854,0.0,5.545848748913171e-25,4.124402049230973e-22,5.096747718898448e-09,4.617683133574084e-08,9.53151930407359e+25,7.614300076745549e+25,8.076419729073534e+25,0.009023253520070829,0.27816822468798785,0.5767304212569336,0.011804935766950707,0.017572239979520045,5532607.295699554,25859477.915531456,1.2257462298799498e-21,9.9646190640983e-08,2.291935885884042e-14,0.05525017923124137,0.0,8.917448947096045e-19,6.498475563709372e-23,5.061926568857806e-22,3.503783313863259e-20,1.7995675661038836e+19,13121742640489.854,0.0009672556543284248,4.415392943499958e-05,1.0533136045743865e-05,5.477579457827476e-06,1.0533136045743865e-05,5.477579457827476e-06,3.618541862717054e-30,1.7457306081459298e+19,8.624070173504698e+17,9.520953380516968,5.296494081826194e-21,-2383380.7027877783,8.347410137341252e+21,0.0,0.0,0.0,0.0,0.0,0.3333333333333333,0.3333333333333333,2.0,2.6067819204802983e-24,1.6077228463606983e-20,0.0,8.91742287927684e-19,,0.0,0.0,0.0,0.0,0.0,2.6067819204802983e-24,8.91742287927684e-19,0.018028954871496642,2.018687921547413e-18,3.503783313863259e-26,6.494971780395508e-23,,,3.503783313863259e-26,6.494971780395508e-23,,1.55750448473111e-07,3.9001336285958543,12498871117041.922,3.5058196039601614e-06,4.064810983103942e-05,3.5058196039601614e-06,4.064810983103942e-05,0.0009672556543284248,4.415392943499958e-05,False,False,1.0,1.4556636789550532,2.448400286103956e-08,0.21674257763140614,0.6799771289711624,1.0,1.2630613924754845,3.283383393762933e-07,0.1412768078669798,0.7894946697416192,0.20818737368666568,0.14063794318405826,0.009023253520070829,0.0027816822468798783,True,AP3.4,130.0,8.3,7.498198192099515e+19,$(U_{0.8}Pu_{0.2})N$,0.9023253520070829,0.7612717780813602,68.72547026149887,6.138087274514973,24.375170685904802,0.0,4.705137223333894e+18,9.964619064098302e-08,ok,
45,TRIAL_045,AP3.4,1250.0,1.3,7.498198192099515e+19,4.412424129573094e-07,519754.0997222178,13121742640489.854,7.789406175697652,2.263750466667708,52495584956059.21,1.0,40,TRIAL_045_AP3p4,rizk2025_refit_plot,rizk2025_refit_full,13121742640489.854,8.104345434951715e+23,7.347090910215512e+25,6.557526546471094e+24,1.6170439171605424e+22,6.739924339230881e+18,5.135352904732298,47.08891104891056,0.9173209374352725,0.29478105750663325,1.2121019949419058,0.9863381621324764,2.198440157074382,10021485341444.377,2.505371335361094e+18,147.02067855910718,0.5,38372908.11864831,15099916.703945063,2.5412662116621383,433022664.29138434,432297456.70531034,47343350.58470755,47144857.47385661,1.0016775661638193,1.0042102812795861,0.7588631606334262,68.79564394604901,6.140243355782252,24.305249537535314,17.271209341155473,7.034040196379842,2.595700362769859e+25,1.844493893513736e+25,7.512064692561232e+24,1.0679587381981997e+26,9.928380912725874e+25,1.0074087660149897,2857368795347510.0,0.0002201441490425983,1.0278136063369215e-06,2.1248720012816e-08,2.1248720012816e-08,0.003544699282841262,0.003544699282841262,6.696029227000733e+18,1.4971237405828716e-05,5934529.818796294,1.2999999999999998,13121742640489.854,0.0,5.672826369775087e-25,4.373655291511357e-22,5.135352904732299e-09,4.708891104891056e-08,1.0023005325146304e+26,8.182278209013466e+25,8.083887019212138e+25,0.009173209374352726,0.29478105750663325,0.9863381621324764,0.012121019949419057,0.02198440157074382,7362157.726802174,113337487.0164276,3.936894097139167e-21,1.4702067855910718e-07,4.989280360788673e-14,0.03407359027997264,1.0,8.917604161498658e-19,1.114133094756206e-22,8.678435208843129e-22,3.0533079764031823e-19,1.7995675661038836e+19,13121742640489.854,0.0009683300779182078,4.418261282175219e-05,1.0500178001596796e-05,5.462033846769205e-06,1.0500178001596796e-05,5.462033846769205e-06,1.4643416616981526e-30,1.8374181734388058e+19,3.6781981009259136e+17,30.367436003666022,8.874939902328252e-21,-1783172.1015754978,8.322988497634526e+21,5.677262809667241e+21,0.0,0.0,0.0,0.0,0.3333333333333333,0.3333333333333333,2.0,1.8128222181985484e-23,1.3964045536228772e-20,0.0,8.91742287927684e-19,,0.0,0.0,0.0,0.0,0.0,1.8128222181985484e-23,8.91742287927684e-19,0.015658965438853957,2.0187230582150484e-18,3.0533079764031822e-25,1.111079786779803e-22,,,3.0533079764031822e-25,1.111079786779803e-22,,1.55750448473111e-07,3.9001336285958543,12486992455406.395,3.5724272547080504e-06,4.061018556704414e-05,3.5724272547080504e-06,4.061018556704414e-05,0.0009683300779182078,4.418261282175219e-05,False,False,1.0,1.4588909517439612,2.4534292162503787e-08,0.21787181022756172,0.6783632678949522,1.0,1.2693369297362056,3.284118201920287e-07,0.144022885645952,0.7854593754793403,0.2093343197073091,0.14338372456123044,0.009173209374352726,0.0029478105750663326,True,AP3.4,130.0,8.3,7.498198192099515e+19,$(U_{0.8}Pu_{0.2})N$,0.9173209374352725,0.7588631606334262,68.79564394604901,6.140243355782252,17.271209341155473,7.034040196379842,2.505371335361094e+18,1.4702067855910718e-07,ok,
45,TRIAL_045,AP3.4,1300.0,1.3,7.498198192099515e+19,4.412424129573094e-07,519754.0997222178,13121742640489.854,7.789406175697652,2.263750466667708,52495584956059.21,1.0,40,TRIAL_045_AP3p4,rizk2025_refit_plot,rizk2025_refit_full,13121742640489.854,8.078327916702673e+23,7.354783908890237e+25,6.555794245907989e+24,1.6072264814784456e+22,6.735997299436653e+18,5.173948608414842,47.853486287229266,0.9324638860063859,0.30919414608721507,1.2416580320936008,1.324366984670051,2.566025016763652,5558621175592.547,1.3896552938981366e+18,197.40626513578806,0.5000000000000001,21244280.5594443,11245843.684206014,1.8890784147462745,429559907.96238303,429072680.8514142,46422183.59266533,46391604.29555694,1.0011355351499005,1.0006591558445268,0.7564269692977068,68.86767855187756,6.1386212888417,24.237273189983046,13.336333129296776,10.900940060686274,2.588440769333935e+25,1.4242653500954631e+25,1.164175419238472e+25,1.0679587381981997e+26,9.515411962743526e+25,1.0077730746410205,2839340034426016.5,0.0002185784002761429,1.027485780749314e-06,3.550246781921763e-09,3.550246781921763e-09,0.0036992594312391966,0.0036992594312391966,5.79781530277346e+18,1.6468713083709467e-05,5934529.818796294,1.2999999999999998,13121742640489.854,0.0,5.801695633764301e-25,4.590176218049756e-22,5.173948608414843e-09,4.785348628722927e-08,1.0518957274191463e+26,8.676134270263705e+25,8.091146612648062e+25,0.009324638860063858,0.30919414608721507,1.324366984670051,0.012416580320936009,0.02566025016763652,10249054.973195845,296393249.9884619,9.530183423797533e-21,1.9740626513578806e-07,8.995036434493133e-14,0.03407359027997259,1.0,8.918508847779603e-19,1.836266039909085e-22,1.4303422031491698e-21,2.2525702314749626e-18,1.7995675661038836e+19,13121742640489.854,0.0009694987338184916,4.4210436247643016e-05,1.0467585843945238e-05,5.4494453557741e-06,1.0467585843945238e-05,5.4494453557741e-06,2.4507718700203206e-31,1.9304201471786787e+19,8.793270860578371e+16,92.53737332474269,1.8858430656740402e-20,-1165808.5364017137,8.29892200427238e+21,5.167157198689061e+21,0.0,0.0,0.0,0.0,0.3333333333333333,0.3333333333333333,2.0,1.085968502764781e-22,9.588632660122313e-21,0.0,8.91742287927684e-19,,0.0,0.0,0.0,0.0,0.0,1.085968502764781e-22,8.91742287927684e-19,0.010751385488067937,2.018927856614116e-18,2.2525702314749626e-24,1.8137403375943355e-22,,,2.2525702314749626e-24,1.8137403375943355e-22,,1.55750448473111e-07,3.9001336285958543,12477060927516.072,3.6284333812680886e-06,4.058200286637493e-05,3.6284333812680886e-06,4.058200286637493e-05,0.0009694987338184916,4.4210436247643016e-05,False,False,1.0,1.4621261360169044,2.458414501680471e-08,0.21899992299677776,0.676751839465108,1.0,1.2746321830105256,3.2847563467182e-07,0.14632278966041837,0.782082227221094,0.2104799217298554,0.14568351820499406,0.009324638860063858,0.0030919414608721507,True,AP3.4,130.0,8.3,7.498198192099515e+19,$(U_{0.8}Pu_{0.2})N$,0.9324638860063859,0.7564269692977068,68.86767855187756,6.1386212888417,13.336333129296776,10.900940060686274,1.3896552938981366e+18,1.9740626513578809e-07,ok,
45,TRIAL_045,AP3.4,1350.0,1.3,7.498198192099515e+19,4.412424129573094e-07,519754.0997222178,13121742640489.854,7.789406175697652,2.263750466667708,52495584956059.21,1.0,40,TRIAL_045_AP3p4,rizk2025_refit_plot,rizk2025_refit_full,13121742640489.854,8.051061164869018e+23,7.364247200638193e+25,6.553681386279797e+24,1.5972409475866305e+22,6.732266219877945e+18,5.2134382159970984,48.55908569322717,0.9480510817445779,0.3228950545293252,1.2709461362739032,1.7209556743668135,2.9919018106407167,3291883063998.835,8.229707659997087e+17,256.5206140544442,0.5,13473740.61305243,8654275.24483013,1.5568883854371678,426155476.732657,425822635.2789746,45717680.28358501,45717499.996290855,1.0007816434029262,1.000003943507282,0.7538738040059786,68.95628957596938,6.136642879421355,24.1531937406033,10.974598570048848,13.17859517055445,2.5794614310671354e+25,1.1720418441101135e+25,1.407419586957022e+25,1.0679587381981997e+26,9.272167795024975e+25,1.0081195343563272,2821987336351350.0,0.0002169409978258782,1.02724782817488e-06,0.0,0.0,0.0038451728921076673,0.0038451728921076673,5.04726540823926e+18,1.8034608834230122e-05,5934529.818796294,1.2999999999999998,13121742640489.854,0.0,5.935554577266796e-25,4.796231224129743e-22,5.213438215997099e-09,4.855908569322717e-08,1.1024964885021219e+26,9.145723523170006e+25,8.100125950914862e+25,0.009480510817445779,0.3228950545293252,1.7209556743668135,0.012709461362739032,0.029919018106407166,14241597.545526039,674353253.5539912,2.091150433850797e-20,2.565206140544442e-07,1.5188874886479776e-13,0.03407359027997264,1.0,8.92312044658399e-19,2.985052251919346e-22,2.3251784445880735e-21,1.4331663655150738e-17,1.7995675661038836e+19,13121742640489.854,0.0009710436221795739,4.425479723231056e-05,1.0434604267562049e-05,5.438169538593215e-06,1.0434604267562049e-05,5.438169538593215e-06,-1.2547855696266626e-31,2.0348246087171834e+19,827026747692920.1,273.2234641881793,4.104826552932605e-20,-890054.6642782876,8.27679129488148e+21,5.481709413838524e+21,0.0,0.0,0.0,0.0,0.3333333333333333,0.3333333333333333,2.0,5.697567307150379e-22,5.485421362683377e-21,0.0,8.91742287927684e-19,,0.0,0.0,0.0,0.0,0.0,5.697567307150379e-22,8.91742287927684e-19,0.006147424990529343,2.0199718075086675e-18,1.433166365515074e-23,2.8417356153678383e-22,,,1.433166365515074e-23,2.8417356153678383e-22,,1.55750448473111e-07,3.9001336285958543,12467917157298.184,3.681565906233027e-06,4.0573231326077535e-05,3.681565906233027e-06,4.0573231326077535e-05,0.0009710436221795739,4.425479723231056e-05,False,False,1.0,1.4654309812959219,2.4635270476362004e-08,0.22014833231260791,0.6751122777194319,1.0,1.2795469907131867,3.285363060618923e-07,0.1484435422161067,0.7789701994165141,0.2116462506940639,0.1478043211579764,0.009480510817445779,0.003228950545293252,True,AP3.4,130.0,8.3,7.498198192099515e+19,$(U_{0.8}Pu_{0.2})N$,0.9480510817445779,0.7538738040059786,68.95628957596938,6.136642879421355,10.974598570048848,13.17859517055445,8.229707659997087e+17,2.5652061405444423e-07,ok,
45,TRIAL_045,AP3.4,1400.0,1.3,7.498198192099515e+19,4.412424129573094e-07,519754.0997222178,13121742640489.854,7.789406175697652,2.263750466667708,52495584956059.21,1.0,40,TRIAL_045_AP3p4,rizk2025_refit_plot,rizk2025_refit_full,13121742640489.854,8.01509790350621e+23,7.376783915170586e+25,6.555150092438284e+24,1.5859994193699432e+22,6.728464445367174e+18,5.2556166899017,49.2585826972068,0.9644121711671384,0.33686066892125377,1.3012728400883922,2.140625915325349,3.4418987554137406,2127659912384.488,5.31914978096122e+17,319.07543142396713,0.4999999999999999,9227470.793516323,6957602.439312244,1.3262428938708453,422621821.27128005,422405234.43529946,45068011.197665095,45068288.17317728,1.0005127465720687,0.9999938543147874,0.7505063273351587,69.07367907880302,6.138018125585795,24.037796468276014,9.195662855236884,14.842133613039131,2.5671374785325193e+25,9.820588499774836e+24,1.5850786285550357e+25,1.0679587381981997e+26,9.09450875342696e+25,1.0084728519203134,2802577076271034.0,0.00021504812287364048,1.0264388129116914e-06,0.0,0.0,0.0039928565582994565,0.0039928565582994565,4.424450096377489e+18,1.980542154355712e-05,5934529.818796294,1.2999999999999998,13121742640489.854,0.0,6.08078514650568e-25,5.006501433669554e-22,5.255616689901701e-09,4.92585826972068e-08,1.1548520315772723e+26,9.623331456656307e+25,8.112449903449478e+25,0.009644121711671384,0.33686066892125377,2.140625915325349,0.013012728400883921,0.03441898755413741,18462703.447317034,1323804376.8091838,4.024376081657392e-20,3.190754314239671e-07,2.3499996267713917e-13,0.0340735902799727,1.0,8.943977631537627e-19,5.093242848331348e-22,3.96733372971201e-21,7.989389038480301e-17,1.7995675661038836e+19,13121742640489.854,0.0009739786546970246,4.4379554809954146e-05,1.0399778813862054e-05,5.427300755641932e-06,1.0399778813862054e-05,5.427300755641932e-06,-8.579740596423287e-32,2.140688928161627e+19,-1944151344279107.5,691.3933732050369,8.150074412625689e-20,-738340.366001658,7.945733359335035e+21,5.895118331618666e+21,0.0,0.0,0.0,0.0,0.3333333333333333,0.3333333333333333,2.0,2.6554752260788454e-21,2.7246350804779008e-21,0.0,8.91742287927684e-19,,0.0,0.0,0.0,0.0,0.0,2.6554752260788454e-21,8.91742287927684e-19,0.0030463348553897134,2.0246933537258844e-18,7.989389038480301e-23,4.2943039444833175e-22,,,7.989389038480301e-23,4.2943039444833175e-22,,1.55750448473111e-07,3.9001336285958543,12458873330374.324,3.7409856367299483e-06,4.06385691732242e-05,3.7409856367299483e-06,4.06385691732242e-05,0.0009739786546970246,4.4379554809954146e-05,False,False,1.0,1.4688684736748872,2.469333903816818e-08,0.22133857960930559,0.6734139039573799,1.0,1.284446013471602,3.2859817187560755e-07,0.15054431764574217,0.7758894609959486,0.21285681569641526,0.1499052244144982,0.009644121711671384,0.0033686066892125374,True,AP3.4,130.0,8.3,7.498198192099515e+19,$(U_{0.8}Pu_{0.2})N$,0.9644121711671384,0.7505063273351587,69.07367907880302,6.138018125585795,9.195662855236884,14.842133613039131,5.31914978096122e+17,3.1907543142396717e-07,ok,
45,TRIAL_045,AP3.4,1450.0,1.3,7.498198192099515e+19,4.412424129573094e-07,519754.0997222178,13121742640489.854,7.789406175697652,2.263750466667708,52495584956059.21,1.0,40,TRIAL_045_AP3p4,rizk2025_refit_plot,rizk2025_refit_full,13121742640489.854,7.933405977746497e+23,7.384393332549175e+25,6.566896873838353e+24,1.5688598311603098e+22,6.72438764956612e+18,5.304386511234482,49.98855569353141,0.9807949901832714,0.35184640507154524,1.3326413952548168,2.5334388244086115,3.8660802196634285,1519018017989.7363,3.7975450449743405e+17,377.62697353944014,0.5000000000000002,6890959.9564972585,5878817.339747419,1.1721677266457349,418641112.45035994,418521537.8438444,44409819.74680724,44410164.87074203,1.0002857071756248,0.9999922287175516,0.7428569750860688,69.1449310579893,6.149017409528063,23.963194557396573,7.93341294640356,16.029781610993012,2.559170302271521e+25,8.472557679846407e+24,1.7119145342868803e+25,1.0679587381981997e+26,8.967672847695117e+25,1.0088521785203284,2771722460321760.0,0.0002125041509995059,1.0239812466217156e-06,0.0,0.0,0.004149582008758942,0.004149582008758942,3.8543088580543176e+18,2.201553807517973e-05,5934529.818796294,1.2999999999999998,13121742640489.854,0.0,6.251641929399692e-25,5.232393243929766e-22,5.304386511234482e-09,4.998855569353141e-08,1.2087155524206181e+26,1.0132867184489015e+26,8.120417079710476e+25,0.009807949901832714,0.35184640507154524,2.5334388244086115,0.013326413952548168,0.038660802196634286,22310617.990059037,2218620585.891455,6.671254177119917e-20,3.7762697353944014e-07,3.291600192219567e-13,0.03407359027997253,1.0,9.028722799084174e-19,1.0241072151243713e-21,7.9771870660663e-21,3.956100289530877e-16,1.7995675661038836e+19,13121742640489.854,0.0009812604437785147,4.4822457251190055e-05,1.0360013653194658e-05,5.416272951684658e-06,1.0360013653194658e-05,5.416272951684658e-06,-1.290931460680673e-31,2.241822619362613e+19,-4602051279640372.0,1472.033565211275,1.4488920573110412e-19,-669148.7768843054,8.003950197322008e+21,6.456169281776012e+21,0.0,0.0,0.0,0.0,0.3333333333333333,0.3333333333333333,2.0,1.1129991980733449e-20,1.2141082623128306e-21,0.0,8.91742287927684e-19,,0.0,0.0,0.0,0.0,0.0,1.1129991980733449e-20,8.91742287927684e-19,0.0013447176187931956,2.043877544984017e-18,3.9561002895308766e-22,6.284971861712836e-22,,,3.9561002895308766e-22,6.284971861712836e-22,,1.55750448473111e-07,3.9001336285958543,12449457691800.303,3.829836278267069e-06,4.099262097292299e-05,3.829836278267069e-06,4.099262097292299e-05,0.0009812604437785147,4.4822457251190055e-05,False,False,1.0,1.4722530203047186,2.4782937356138633e-08,0.22250628160658895,0.6717486143839653,1.0,1.2895871293717256,3.2866456488578906e-07,0.15273494062962306,0.7726790865079124,0.2140553464281551,0.1520959696732212,0.009807949901832714,0.0035184640507154525,True,AP3.4,130.0,8.3,7.498198192099515e+19,$(U_{0.8}Pu_{0.2})N$,0.9807949901832714,0.7428569750860688,69.1449310579893,6.149017409528063,7.93341294640356,16.029781610993012,3.7975450449743405e+17,3.776269735394402e-07,ok,
45,TRIAL_045,AP3.4,1500.0,1.3,7.498198192099515e+19,4.412424129573094e-07,519754.0997222178,13121742640489.854,7.789406175697652,2.263750466667708,52495584956059.21,1.0,40,TRIAL_045_AP3p4,rizk2025_refit_plot,rizk2025_refit_full,13121742640489.854,7.705483116532651e+23,7.379413487582113e+25,6.618204215678975e+24,1.5313442798995998e+22,6.719387166424153e+18,5.377326066019172,50.8579614827945,0.9973797926436734,0.37025004546592577,1.367629838109599,2.8796659497137886,4.247295787823388,1175708198023.31,2.939270495058275e+17,429.234575122942,0.5,5596525.854811516,5171997.15182344,1.0820821610155769,412897749.0795338,412844594.64505994,43650733.39564959,43650982.76208017,1.0001287516783879,0.9999942872665218,0.7215150586747304,69.09830149460875,6.19705984787843,23.983123598838095,7.123093908401892,16.860029690436203,2.56129864166666e+25,7.607170382484167e+24,1.8005816034182433e+25,1.0679587381981997e+26,8.879005778563755e+25,1.0093183000687584,2705413194741021.5,0.00020756180984225748,1.0152878875205725e-06,0.0,0.0,0.004347007828349116,0.004347007828349116,3.4400621266596767e+18,2.465774985670842e-05,5934529.818796294,1.2999999999999998,13121742640489.854,0.0,6.513099671545219e-25,5.510175798709947e-22,5.377326066019173e-09,5.08579614827945e-08,1.266933301040524e+26,1.0747885726777182e+26,8.118288740315337e+25,0.009973797926436734,0.37025004546592577,2.8796659497137886,0.013676298381095991,0.04247295787823388,25881151.106282733,3278230565.179376,9.797213133514937e-20,4.29234575122942e-07,4.2527559205646267e-13,0.03407359027997264,1.0,9.341414501778096e-19,2.65480851490482e-21,2.0679381841294317e-20,1.7607759639859707e-15,1.7995675661038836e+19,13121742640489.854,0.0010040742395574732,4.640232231402261e-05,1.0301537331125075e-05,5.403539599299648e-06,1.0301537331125075e-05,5.403539599299648e-06,-1.1748525648903175e-31,2.370950236798782e+19,-8117394879582277.0,2647.2794592824266,2.2769596513446615e-19,-630067.1474142625,7.933848143520772e+21,7.051979552831775e+21,0.0,0.0,0.0,0.0,0.3333333333333333,0.3333333333333333,2.0,4.239916225012569e-20,4.981451519947624e-22,0.0,8.91742287927684e-19,,0.0,0.0,0.0,0.0,0.0,4.239916225012569e-20,8.91742287927684e-19,0.0005332652264814314,2.114663143773666e-18,1.7607759639859707e-21,8.940325509188496e-22,,,1.7607759639859707e-21,8.940325509188496e-22,,1.55750448473111e-07,3.9001336285958543,12438273889067.473,4.028104679255698e-06,4.2374217634766916e-05,4.028104679255698e-06,4.2374217634766916e-05,0.0010040742395574732,4.640232231402261e-05,False,False,1.0,1.4755439941894717,2.4983688828601636e-08,0.22363771760386694,0.6701359128476702,1.0,1.2957484690475038,3.287460740104435e-07,0.15534168092820386,0.768861756597501,0.21525513556227754,0.15470287101034355,0.009973797926436734,0.003702500454659258,True,AP3.4,130.0,8.3,7.498198192099515e+19,$(U_{0.8}Pu_{0.2})N$,0.9973797926436734,0.7215150586747304,69.09830149460875,6.19705984787843,7.123093908401892,16.860029690436203,2.939270495058275e+17,4.2923457512294203e-07,ok,
45,TRIAL_045,AP3.4,1550.0,1.3,7.498198192099515e+19,4.412424129573094e-07,519754.0997222178,13121742640489.854,7.789406175697652,2.263750466667708,52495584956059.21,1.0,40,TRIAL_045_AP3p4,rizk2025_refit_plot,rizk2025_refit_full,13121742640489.854,7.072763327031682e+23,7.342261548049729e+25,6.792443167890784e+24,1.4365357669256159e+22,6.711475368864765e+18,5.525550884212173,52.17918106545839,1.0151536974162396,0.3993911029870803,1.4145448004033199,3.2119213558672803,4.626466156270601,945048207662.3684,2.3626205191559213e+17,478.75959315733206,0.4999999999999997,4813891.92307953,4636982.802494893,1.0381517741427577,401790633.24107236,401769895.25932586,42545417.15037061,42545704.14232885,1.0000516165645839,0.9999932545020931,0.6622693437542777,68.75042345210062,6.360211237515238,24.227095966629868,6.638442947585318,17.588653019044546,2.5873538838728727e+25,7.089583153903954e+24,1.8783955684824771e+25,1.0679587381981997e+26,8.80119181349952e+25,1.010057013970273,2537406294291110.0,0.0001956939769663963,9.880783820169771e-07,0.0,0.0,0.004679058693203078,0.004679058693203078,3.2442494784171843e+18,2.7429252237059518e-05,5934529.818796294,1.2999999999999998,13121742640489.854,0.0,7.066678886727673e-25,5.950868937698815e-22,5.525550884212173e-09,5.217918106545839e-08,1.3385817615637863e+26,1.1694673128119699e+26,8.092233498109124e+25,0.010151536974162396,0.3993911029870803,3.2119213558672803,0.014145448004033199,0.046264661562706005,30007286.808957394,4566098269.852881,1.3594740796608264e-19,4.787595931573321e-07,5.290735392607947e-13,0.0340735902799727,1.0,1.039906973829712e-18,8.356987325282236e-21,6.509596868178046e-20,7.11715258415843e-15,1.7995675661038836e+19,13121742640489.854,0.001076372042966259,5.170248496435091e-05,1.0186232327250678e-05,5.38497783740959e-06,1.0186232327250678e-05,5.38497783740959e-06,-2.3488363031612916e-31,2.5026602253368717e+19,-2.715760136719689e+16,4278.554871405269,3.2875778580701404e-19,-587869.6429902626,8.100404663381836e+21,7.628662190117516e+21,0.0,0.0,0.0,0.0,0.3333333333333333,0.3333333333333333,2.0,1.4816468590202815e-19,1.921420918257287e-22,0.0,8.91742287927684e-19,,0.0,0.0,0.0,0.0,0.0,1.4816468590202815e-19,8.91742287927684e-19,0.0001847685385915996,2.3540898972980146e-18,7.11715258415843e-21,1.239834741123807e-21,,,7.11715258415843e-21,1.239834741123807e-21,,1.55750448473111e-07,3.9001336285958543,12421343904109.994,4.594773033331544e-06,4.710771193101937e-05,4.594773033331544e-06,4.710771193101937e-05,0.001076372042966259,5.170248496435091e-05,False,False,1.0,1.4787365284129093,2.5521648434226178e-08,0.22473158121114922,0.6685775819382463,1.0,1.3051914207149857,3.288752036410688e-07,0.15929809350434587,0.7630740246025978,0.21652627283605363,0.15865951731163727,0.010151536974162396,0.003993911029870803,True,AP3.4,130.0,8.3,7.498198192099515e+19,$(U_{0.8}Pu_{0.2})N$,1.0151536974162396,0.6622693437542777,68.75042345210062,6.360211237515238,6.638442947585318,17.588653019044546,2.3626205191559213e+17,4.787595931573321e-07,ok,
45,TRIAL_045,AP3.4,1600.0,1.3,7.498198192099515e+19,4.412424129573094e-07,519754.0997222178,13121742640489.854,7.789406175697652,2.263750466667708,52495584956059.21,1.0,40,TRIAL_045_AP3p4,rizk2025_refit_plot,rizk2025_refit_full,13121742640489.854,5.69918849338199e+23,7.229226520004224e+25,7.268792136434643e+24,1.2286178000835485e+22,6.695882815229006e+18,5.860873453403854,54.609476475873386,1.0360779838131506,0.4567730719150355,1.4928510557281862,3.657077818932946,5.149928874661132,728979583496.6084,1.822448958741521e+17,545.113312173322,0.5,4156781.8584623905,4072547.7628661143,1.020683390472257,378792137.15191734,378783131.49905634,40651936.71691666,40652284.974400036,1.0000237752215242,0.9999914332617811,0.5336524988781254,67.69200214795724,6.8062481034596365,24.968097249705,6.3422346338412625,18.625862615863735,2.666489763400489e+25,6.773244896914036e+24,1.9891652737090854e+25,1.0679587381981997e+26,8.690422108272912e+25,1.0115139040017886,2171514929805541.8,0.00016998261636902887,9.211806222927422e-07,0.0,0.0,0.005358173318146805,0.005358173318146805,3.1328409975518756e+18,3.076254002237931e-05,5934529.818796294,1.2999999999999998,13121742640489.854,0.0,8.432874598941147e-25,6.821700506409078e-22,5.8608734534038545e-09,5.460947647587339e-08,1.4430920112485809e+26,1.3520232303210379e+26,8.013097618581508e+25,0.010360779838131507,0.4567730719150355,3.657077818932946,0.014928510557281862,0.05149928874661132,37165621.92003035,6760632291.482583,2.0066832606704744e-19,5.45113312173322e-07,6.858902654059396e-13,0.03407359027997264,1.0,1.3705602340796549e-18,2.804370316124471e-20,2.184437945936313e-19,2.6363059898109156e-14,1.7995675661038836e+19,13121742640489.854,0.0012842279635892813,6.8253685474807e-05,9.941648827988144e-06,5.35311554102766e-06,9.941648827988144e-06,5.35311554102766e-06,-5.765671100799575e-31,2.7065230337313223e+19,-9.833208195418358e+16,7195.698112339275,4.84342431268101e-19,-515399.5852077276,8.425279778310647e+21,8.28373295171254e+21,0.0,0.0,0.0,0.0,0.3333333333333333,0.3333333333333333,2.0,4.788179461519709e-19,7.08396822782879e-23,0.0,8.91742287927684e-19,,0.0,0.0,0.0,0.0,0.0,4.788179461519709e-19,8.91742287927684e-19,5.1686661057882994e-05,3.1026063694940218e-18,2.6363059898109155e-20,1.680643263135559e-21,,,2.6363059898109155e-20,1.680643263135559e-21,,1.55750448473111e-07,3.9001336285958543,12390424973919.238,6.3219481546512095e-06,6.193173732015579e-05,6.3219481546512095e-06,6.193173732015579e-05,0.0012842279635892813,6.8253685474807e-05,False,False,1.0,1.4818390305490243,2.6886980931063504e-08,0.22579109981972081,0.6670689483811664,1.0,1.322811947151344,3.291302872023845e-07,0.1665586705966395,0.7524723119987625,0.2180038424688959,0.16592054453588964,0.010360779838131507,0.0045677307191503555,True,AP3.4,130.0,8.3,7.498198192099515e+19,$(U_{0.8}Pu_{0.2})N$,1.0360779838131506,0.5336524988781254,67.69200214795724,6.8062481034596365,6.3422346338412625,18.625862615863735,1.822448958741521e+17,5.451133121733221e-07,ok,
45,TRIAL_045,AP3.4,1650.0,1.3,7.498198192099515e+19,4.412424129573094e-07,519754.0997222178,13121742640489.854,7.789406175697652,2.263750466667708,52495584956059.21,1.0,40,TRIAL_045_AP3p4,rizk2025_refit_plot,rizk2025_refit_full,13121742640489.854,3.766268468118013e+23,6.984863583548053e+25,8.276432736016355e+24,9.105283838938487e+21,6.664855750200649e+18,6.529413039562827,58.90606879830709,1.0617066180832482,0.5706364174163349,1.6323430354995832,4.425140814480077,6.0574838499796595,497885614728.6837,1.2447140368217093e+17,659.5985334866114,0.5,3417672.2263683616,3365683.650424705,1.0154466614641862,340005232.18123126,339999933.6155703,37686987.64543368,37687118.58197879,1.0000155840196927,0.9999965256949844,0.352660485223638,65.40387127064969,7.749768263500413,26.493699980626257,6.138081441195008,20.355618539431248,2.8294178401511287e+25,6.555217710896409e+24,2.1738960690614877e+25,1.0679587381981997e+26,8.50569131292051e+25,1.0144137699217162,1614286315559269.0,0.00013037635565405772,8.052803062035178e-07,0.0,0.0,0.006734833640209937,0.006734833640209937,2.983140673057704e+18,3.5657399924626985e-05,5934529.818796294,1.2999999999999998,13121742640489.854,0.0,1.1660335217040574e-24,8.561871986489064e-22,6.529413039562827e-09,5.890606879830709e-08,1.601914877420533e+26,1.7124538291372538e+26,7.850169541830869e+25,0.010617066180832482,0.5706364174163349,4.425140814480077,0.01632343035499583,0.0605748384997966,52664447.551621586,12015842582.910425,3.5551465505919465e-19,6.595985334866114e-07,1.0042467289850672e-12,0.03407359027997264,1.0,2.332934307037629e-18,9.243457552501816e-20,7.200104534425675e-19,9.020265555838444e-14,1.7995675661038836e+19,13121742640489.854,0.0017984271091479752,0.0001165109663659811,9.51232938477031e-06,5.303053769862396e-06,9.51232938477031e-06,5.303053769862396e-06,-5.586984477779117e-31,3.0619616960605557e+19,-1.0066194445284506e+17,14501.87022292293,8.047182809086433e-19,-399517.1495019912,8.889248355439153e+21,9.09899821291217e+21,0.0,0.0,0.0,0.0,0.3333333333333333,0.3333333333333333,2.0,1.441192019109945e-18,2.5299362888157518e-23,0.0,8.91742287927684e-19,,0.0,0.0,0.0,0.0,0.0,1.441192019109945e-18,8.91742287927684e-19,1.0844438616140361e-05,5.281181126261538e-18,9.020265555838444e-20,2.2319199666337208e-21,,,9.020265555838444e-20,2.2319199666337208e-21,,1.55750448473111e-07,3.9001336285958543,12336541442346.021,1.1550714159599818e-05,0.00010496025220638128,1.1550714159599818e-05,0.00010496025220638128,0.0017984271091479752,0.0001165109663659811,False,False,1.0,1.4848940785167295,2.9710962889456882e-08,0.2268310639158323,0.6655888976802852,1.0,1.3547596028676527,3.296402327746919e-07,0.1793351814634348,0.7338810368126466,0.21978675052897884,0.17869805606698866,0.010617066180832482,0.005706364174163349,True,AP3.4,130.0,8.3,7.498198192099515e+19,$(U_{0.8}Pu_{0.2})N$,1.0617066180832482,0.352660485223638,65.40387127064969,7.749768263500413,6.138081441195008,20.355618539431248,1.2447140368217093e+17,6.595985334866114e-07,ok,
45,TRIAL_045,AP3.4,1700.0,1.3,7.498198192099515e+19,4.412424129573094e-07,519754.0997222178,13121742640489.854,7.789406175697652,2.263750466667708,52495584956059.21,1.0,40,TRIAL_045_AP3p4,rizk2025_refit_plot,rizk2025_refit_full,13121742640489.854,2.0908204792673756e+23,6.591323827607117e+25,9.919783695908245e+24,5.917864590955551e+21,6.610885215519192e+18,7.6047579103348175,65.2241246271262,1.0902091252801318,0.7683746058172469,1.8585837310973785,5.723367830399372,7.581951561496751,297632568721.6,7.44081421804e+16,853.1084514153309,0.5,2644600.8167925943,2602248.279590898,1.0162753637052473,291925977.24159044,291922507.7478185,34036309.778947026,34036485.92742814,1.0000118849820752,0.9999948247159977,0.19577727158212974,61.718899727602114,9.288545840866801,28.796777159948956,5.981161037193802,22.815616122755156,3.0753769799913824e+25,6.387633194241728e+24,2.4366136605672095e+25,1.0679587381981997e+26,8.242973721414787e+25,1.0194783053589762,1057186791311894.5,8.97920226014474e-05,6.664329799856763e-07,0.0,0.0,0.009173972498828965,0.009173972498828965,2.793822461684684e+18,4.240714311251364e-05,5934529.818796294,1.2999999999999998,13121742640489.854,0.0,1.8422339824171222e-24,1.1622870171962318e-21,7.604757910334818e-09,6.52241246271262e-08,1.813977891594373e+26,2.3414873628844463e+26,7.604210401990615e+25,0.010902091252801317,0.7683746058172469,5.723367830399372,0.018585837310973786,0.07581951561496751,85845890.07416862,26079031789.351913,7.691856916039191e-19,8.531084514153309e-07,1.6799236795476196e-12,0.03407359027997264,1.0,4.9573286738281364e-18,2.899995230890099e-19,2.2589240760989072e-18,2.8708990269161864e-13,1.7995675661038836e+19,13121742640489.854,0.0028800610791512543,0.00024858588698991604,8.949478815245476e-06,5.2411416229551695e-06,8.949478815245476e-06,5.2411416229551695e-06,-1.689593935459794e-30,3.493104744575007e+19,-3.3535946559214586e+17,36328.42080210167,1.5554907382634222e-18,-276028.86088106944,9.96297810605845e+21,1.0247422006788952e+22,0.0,0.0,0.0,0.0,0.3333333333333333,0.3333333333333333,2.0,4.065586385900453e-18,8.846547337881255e-24,0.0,8.91742287927684e-19,,0.0,0.0,0.0,0.0,0.0,4.065586385900453e-18,8.91742287927684e-19,1.7845391984166736e-06,1.1222155098803653e-17,2.8708990269161863e-19,2.90962039739128e-21,,,2.8708990269161863e-19,2.90962039739128e-21,,1.55750448473111e-07,3.9001336285958543,12259363515258.492,2.6947709325597047e-05,0.000221638177664319,2.6947709325597047e-05,0.000221638177664319,0.0028800610791512543,0.00024858588698991604,False,False,1.0,1.4878509109859739,3.429993759793626e-08,0.2278344482851571,0.6641616038827998,1.0,1.403588113338338,3.30534851434111e-07,0.19796453842649597,0.7069323033804267,0.22173620190864177,0.1973290391138316,0.010902091252801317,0.007683746058172469,True,AP3.4,130.0,8.3,7.498198192099515e+19,$(U_{0.8}Pu_{0.2})N$,1.0902091252801318,0.19577727158212974,61.718899727602114,9.288545840866801,5.981161037193802,22.815616122755156,7.44081421804e+16,8.531084514153309e-07,ok,
45,TRIAL_045,AP3.4,1750.0,1.3,7.498198192099515e+19,4.412424129573094e-07,519754.0997222178,13121742640489.854,7.789406175697652,2.263750466667708,52495584956059.21,1.0,40,TRIAL_045_AP3p4,rizk2025_refit_plot,rizk2025_refit_full,13121742640489.854,1.065768482391678e+23,6.07619020457943e+25,1.2140709378351761e+25,3.576245830991501e+21,6.528943019077638e+18,9.065183775900692,73.12685892624339,1.1159527644975287,1.0694543353977217,2.18540709989525,7.823858958094081,10.00926605798933,159272847050.7978,3.981821176269945e+16,1166.2015089052657,0.5,1946364.7035396486,1903616.1272711386,1.022456510877427,244895304.46895027,244892994.43677598,30357929.951970767,30358202.616621595,1.0000094328226072,0.9999910184191643,0.09979491194479884,56.89536484181812,11.36814461468323,31.636695631553845,5.8614599458408225,25.775235685713028,3.3786685547434744e+25,6.259797367759453e+24,2.7526888179675292e+25,1.0679587381981997e+26,7.926898564014469e+25,1.027259899486123,648362374628855.4,5.886092730490713e-05,5.377704951989103e-07,0.0,0.0,0.012971091249447748,0.012971091249447748,2.621825942767876e+18,5.045165362110447e-05,5934529.818796294,1.2999999999999998,13121742640489.854,0.0,3.120458763843242e-24,1.6380206294843823e-21,9.065183775900693e-09,7.31268589262434e-08,2.0519752250869114e+26,3.3074487208634903e+26,7.3009188272385225e+25,0.011159527644975286,1.0694543353977217,7.823858958094081,0.0218540709989525,0.1000926605798933,157209404.70821068,66799854088.132164,1.9648946077039165e-18,1.1662015089052657e-06,3.1392670455657276e-12,0.03407359027997264,1.0,1.170078713301288e-17,8.589643716813095e-19,6.690822381478645e-18,8.552344067970446e-13,1.7995675661038836e+19,13121742640489.854,0.004875694192863651,0.0005895883716385005,8.363858866127802e-06,5.178449326623702e-06,8.363858866127802e-06,5.178449326623702e-06,-5.6739133823779025e-30,3.973236430137938e+19,-1.1703231272673024e+18,107021.96642467823,3.3467518664905867e-18,-170113.44488672394,1.1436615250939906e+22,1.156532344470348e+22,0.0,0.0,0.0,0.0,0.3333333333333333,0.3333333333333333,2.0,1.0809044845085196e-17,3.0549830664988003e-24,0.0,8.91742287927684e-19,,0.0,0.0,0.0,0.0,0.0,1.0809044845085196e-17,8.91742287927684e-19,2.610920984862119e-07,2.648766233273742e-17,8.552344067970446e-19,3.7299648842649055e-21,,,8.552344067970446e-19,3.7299648842649055e-21,,1.55750448473111e-07,3.9001336285958543,12166858543123.0,7.040297163724475e-05,0.0005191854000012558,7.040297163724475e-05,0.0005191854000012558,0.004875694192863651,0.0005895883716385005,False,False,1.0,1.4901708644645186,4.0570151144177664e-08,0.22861955583071852,0.6630452841347906,1.0,1.467754164395255,3.3191191073942366e-07,0.2209532186375708,0.6739636759962954,0.22346796328386745,0.2203200806001011,0.011159527644975286,0.010694543353977216,True,AP3.4,130.0,8.3,7.498198192099515e+19,$(U_{0.8}Pu_{0.2})N$,1.1159527644975287,0.09979491194479884,56.89536484181812,11.36814461468323,5.8614599458408225,25.775235685713028,3.981821176269945e+16,1.1662015089052657e-06,ok,
45,TRIAL_045,AP3.4,1800.0,1.3,7.498198192099515e+19,4.412424129573094e-07,519754.0997222178,13121742640489.854,7.789406175697652,2.263750466667708,52495584956059.21,1.0,40,TRIAL_045_AP3p4,rizk2025_refit_plot,rizk2025_refit_full,13121742640489.854,5.337621711347374e+22,5.479297398009649e+25,1.484865178664771e+25,2.1039509247259758e+21,6.414780650146252e+18,10.872240480869346,82.20452058853763,1.1326125369878581,1.492648409489086,2.6252609464769443,11.021924364188822,13.647185310665765,80254411772.21317,2.0063602943053292e+16,1642.8957747581817,0.5,1399294.5873614803,1351272.5725566875,1.035538362710887,204191664.6751519,204189743.95445755,27005602.72725206,27005814.085479267,1.000009406548327,0.9999921736028198,0.049979662326212246,51.30626495227721,13.90376917716833,34.739986208228245,5.78339354565409,28.956592662574156,3.7100871835962295e+25,6.176425673520354e+24,3.0924446162441942e+25,1.0679587381981997e+26,7.587142765737803e+25,1.0383428633400773,390687825637213.5,3.8400208925542514e-05,4.32009006215258e-07,0.0,0.0,0.01844241660875802,0.01844241660875802,2.498329354178387e+18,5.9203437504385966e-05,5934529.818796294,1.2999999999999998,13121742640489.854,0.0,5.3832649976632545e-24,2.326889243601891e-21,1.0872240480869346e-08,8.220452058853764e-08,2.2826668441050827e+26,4.6772309578539396e+26,6.969500198385767e+25,0.011326125369878582,1.492648409489086,11.021924364188822,0.02625260946476944,0.13647185310665766,307842299.8626398,187143526087.79376,5.4934920689332075e-18,1.6428957747581816e-06,6.230187088270668e-12,0.03407359027997264,1.0,2.8109916689626407e-17,2.4025223904971453e-18,1.8714222745790348e-17,2.3978131732901632e-12,1.7995675661038836e+19,13121742640489.854,0.00823361154942189,0.0014238090307823127,7.827119837086782e-06,5.121038718137188e-06,7.827119837086782e-06,5.121038718137188e-06,-9.134132358819283e-30,4.5624327485181305e+19,-1.8805689260479798e+18,331920.771020758,7.359087006743996e-18,-94990.4727593039,1.2865990055446954e+22,1.264587732810902e+22,0.0,0.0,0.0,0.0,0.3333333333333333,0.3333333333333333,2.0,2.721817440169872e-17,1.0491064501063835e-24,0.0,8.91742287927684e-19,,0.0,0.0,0.0,0.0,0.0,2.721817440169872e-17,8.91742287927684e-19,3.732157806406955e-08,6.363383702413217e-17,2.397813173290163e-18,4.7092172069822286e-21,,,2.397813173290163e-18,4.7092172069822286e-21,,1.55750448473111e-07,3.9001336285958543,12067092317300.363,0.00018674799602824246,0.0012370610347540703,0.00018674799602824246,0.0012370610347540703,0.00823361154942189,0.0014238090307823127,False,False,1.0,1.4909600675031234,4.8417797280717355e-08,0.2288862037196545,0.6626662419818604,1.0,1.545639798196614,3.338693308668821e-07,0.2468471915044382,0.6372498488526367,0.2245745069430861,0.24621764561331813,0.011326125369878582,0.01492648409489086,True,AP3.4,130.0,8.3,7.498198192099515e+19,$(U_{0.8}Pu_{0.2})N$,1.1326125369878581,0.049979662326212246,51.30626495227721,13.90376917716833,5.78339354565409,28.956592662574156,2.0063602943053292e+16,1.6428957747581818e-06,ok,
45,TRIAL_045,AP3.8,900.0,1.1,6.863735268152632e+19,4.412424129573094e-07,519754.0997222178,13121742640489.854,7.789406175697652,2.263750466667708,52495584956059.21,1.0,40,TRIAL_045_AP3p8,rizk2025_refit_plot,rizk2025_refit_full,13121742640489.854,8.330306145267254e+23,6.088206858578925e+25,6.320591761998601e+24,1.4361657879025852e+22,6.790132146895537e+18,4.796618786314204,33.81916440092032,0.663894083516647,0.11001589963126521,0.7739099831479123,0.18983975107564918,0.9637497342235615,30762185370981.33,7.690546342745332e+18,58.407753083193846,0.2422363125779642,808019449323.4647,38008652.66701689,21258.82904617261,516754772.9767269,462826023.68446356,139522925.7299934,65643254.034377836,1.1165205639539184,2.1254724157477667,0.9218434112162771,67.37295461693591,6.994455868943771,24.710746102904043,24.710746102904043,0.0,2.2330048423686746e+25,2.2330048423686746e+25,0.0,9.036573938600132e+25,9.036573938600133e+25,1.002755540167393,2762626874108095.0,0.00023595428013467197,1.074294872606237e-06,1.6201318083482374e-07,1.6201318083482374e-07,0.0013854085210557934,0.0013854085210557934,3.6496594028366367e+18,5.911344794147939e-06,5485699.832500776,1.0999999999999999,13121742640489.854,0.0,4.622684157420402e-25,1.6202320846077306e-22,4.796618786314204e-09,3.381916440092032e-08,5.011071217647346e+25,1.9268053246173749e+25,6.803569096231458e+25,0.00663894083516647,0.11001589963126521,0.18983975107564918,0.007739099831479123,0.009637497342235615,2903571.1415680097,1528.397534521605,2.4684819857399256e-22,5.840775308319385e-08,7.874483222068847e-15,0.18648747031195678,0.0,8.162871712571295e-19,5.5598665086701915e-25,4.330805851869013e-24,5.119872410101689e-28,1.6472964643566316e+19,13121742640489.854,0.0007371550000781357,4.006571859459287e-05,9.88821316921719e-06,5.279205667835467e-06,9.88821316921719e-06,5.279205667835467e-06,6.283422783669131e-30,1.0235777394281456e+19,1.4362069353657428e+18,0.0004483620310981506,1.3794252506504751e-21,-1974143.986888258,1.2860058624058339e+22,0.0,0.0,0.0,0.0,0.0,0.3333333333333333,0.3333333333333333,2.0,2.4966082885114063e-31,1.045298780017561e-24,0.0,8.162871712568798e-19,,0.0,0.0,0.0,0.0,0.0,2.4966082885114063e-31,8.162871712568798e-19,1.2805527476411767e-06,1.8478704648681903e-18,5.119872410101689e-34,5.559866503550319e-25,,,5.119872410101689e-34,5.559866503550319e-25,,1.55750448473111e-07,3.9001336285958543,12662486664509.307,2.3700972675026974e-06,3.769562132709017e-05,2.3700972675026974e-06,3.769562132709017e-05,0.0007371550000781357,4.006571859459287e-05,False,False,1.0,1.398675101490911,2.5525957535973815e-08,0.19613661445907885,0.7095677240713186,1.0,1.1824483396595222,3.27600319201293e-07,0.10387010632212423,0.8447551677527773,0.1879459331770379,0.10323298490396338,0.00663894083516647,0.0011001589963126521,True,AP3.8,119.0,8.3,6.863735268152632e+19,$(U_{0.8}Pu_{0.2})N$,0.663894083516647,0.9218434112162771,67.37295461693591,6.994455868943771,24.710746102904043,0.0,7.690546342745332e+18,5.840775308319385e-08,ok,
45,TRIAL_045,AP3.8,950.0,1.1,6.863735268152632e+19,4.412424129573094e-07,519754.0997222178,13121742640489.854,7.789406175697652,2.263750466667708,52495584956059.21,1.0,40,TRIAL_045_AP3p8,rizk2025_refit_plot,rizk2025_refit_full,13121742640489.854,8.280015911745757e+23,6.095876913684564e+25,6.377256984388795e+24,1.4183223448758317e+22,6.782867836453284e+18,4.866766742729487,36.375525092379796,0.6848337406431197,0.13675076922370732,0.8215845098668271,0.1889430319788513,1.0105275418456783,30809189982192.758,7.70229749554819e+18,58.28597188847376,0.24159582683538122,127450024330.94363,38088066.95799495,3346.193033936341,479676712.23854476,456155003.3842245,101333921.36915353,61030046.83401977,1.0515651668398072,1.6603939637265246,0.9162782231413276,67.45783252705709,7.057162402166662,24.56872684763492,24.56872684763492,0.0,2.2201711673592307e+25,2.2201711673592307e+25,0.0,9.036573938600132e+25,9.036573938600132e+25,1.0034267889635275,2729369500014154.5,0.0002327287694707681,1.063610866681146e-06,2.1088831940267641e-07,2.1088831940267641e-07,0.0017121236942787366,0.0017121236942787366,4.811638062568521e+18,6.679509782212762e-06,5485699.832500776,1.0999999999999999,13121742640489.854,0.0,4.82847741289075e-25,2.0161202093422091e-22,4.866766742729487e-09,3.63755250923798e-08,5.705508047821265e+25,2.825438356056738e+25,6.816402771240901e+25,0.006848337406431197,0.13675076922370732,0.1889430319788513,0.008215845098668271,0.010105275418456783,2882479.11566965,10153.903091285018,2.4530736716941596e-22,5.828597188847376e-08,7.841680582158114e-15,0.18724823400082347,0.0,8.162871712643784e-19,1.555632732564192e-24,1.211745521415293e-23,2.2845010932250072e-26,1.6472964643566316e+19,13121742640489.854,0.0007381962517721073,4.01392671376373e-05,9.82870074971912e-06,5.2102023845369315e-06,9.82870074971912e-06,5.2102023845369315e-06,8.295377238142404e-30,1.1565054723898632e+19,1.9008194542612575e+18,0.0029766042934651015,1.3731933489830915e-21,-1972508.1398747952,1.2787860582347859e+22,0.0,0.0,0.0,0.0,0.0,0.3333333333333333,0.3333333333333333,2.0,7.498646671560408e-30,3.8979387444212507e-23,0.0,8.162871712568798e-19,,0.0,0.0,0.0,0.0,0.0,7.498646671560408e-30,8.162871712568798e-19,4.775205199395189e-05,1.8478704648846e-18,2.284501093225007e-32,1.555632709719181e-24,,,2.284501093225007e-32,1.555632709719181e-24,,1.55750448473111e-07,3.9001336285958543,12628301466861.24,2.54541351980108e-06,3.759385361783622e-05,2.54541351980108e-06,3.759385361783622e-05,0.0007381962517721073,4.01392671376373e-05,False,False,1.0,1.40383899541773,2.563255886570725e-08,0.19805761118255316,0.7067981680952244,1.0,1.198456100444298,3.277172111897658e-07,0.11163300653944187,0.8332460714441148,0.1899014947046158,0.1109966639215165,0.006848337406431197,0.0013675076922370732,True,AP3.8,119.0,8.3,6.863735268152632e+19,$(U_{0.8}Pu_{0.2})N$,0.6848337406431197,0.9162782231413276,67.45783252705709,7.057162402166662,24.56872684763492,0.0,7.70229749554819e+18,5.828597188847377e-08,ok,
45,TRIAL_045,AP3.8,1000.0,1.1,6.863735268152632e+19,4.412424129573094e-07,519754.0997222178,13121742640489.854,7.789406175697652,2.263750466667708,52495584956059.21,1.0,40,TRIAL_045_AP3p8,rizk2025_refit_plot,rizk2025_refit_full,13121742640489.854,8.242747257452965e+23,6.1003880569781295e+25,6.433362391722028e+24,1.404907115901876e+22,6.774686486719918e+18,4.919668688948011,38.88619045953711,0.7007188348049304,0.1668645218325344,0.8675833566374648,0.18914449899599725,1.056727855633462,30798022330686.05,7.699505582671513e+18,58.31372766944367,0.24173832091577344,24247432563.168568,38069938.052738786,636.9180987260415,462302350.7174284,451249899.20301116,79177578.9521185,57089675.63459356,1.0244929728160335,1.3868983852509533,0.9121540213646346,67.50775347413523,7.119249436162562,24.460843068337592,24.460843068337592,0.0,2.2104221698752714e+25,2.2104221698752714e+25,0.0,9.036573938600132e+25,9.036573938600133e+25,1.0041836841325862,2704853783948384.5,0.00023035651382917515,1.0530632294973844e-06,2.472897287091651e-07,2.472897287091651e-07,0.0020739133363633145,0.0020739133363633145,5.915919025881384e+18,7.616690810087026e-06,5485699.832500776,1.0999999999999999,13121742640489.854,0.0,4.987652399746768e-25,2.463058949807207e-22,4.9196686889480115e-09,3.8886190459537115e-08,6.236120847524433e+25,3.8398915620936546e+25,6.826151768724862e+25,0.007007188348049303,0.1668645218325344,0.18914449899599725,0.008675833566374648,0.01056727855633462,2870862.480897529,55953.826469894935,2.4565798019769656e-22,5.831372766944367e-08,7.849150777285917e-15,0.18707869516696896,0.0,8.162871714171498e-19,3.863167302789697e-24,3.0091779246103305e-23,6.972208708889678e-25,1.6472964643566316e+19,13121742640489.854,0.0007388333691888603,4.02111714501258e-05,9.784621839196566e-06,5.150918982910671e-06,9.784621839196566e-06,5.150918982910671e-06,9.853332680577949e-30,1.260030447470711e+19,2.2633933912294008e+18,0.01641306420360248,1.3761263872964623e-21,-1975008.0204423894,1.2734244371328152e+22,0.0,0.0,0.0,0.0,0.0,0.3333333333333333,0.3333333333333333,2.0,1.6026995865756309e-28,4.883477169444583e-22,0.0,8.162871712568798e-19,,0.0,0.0,0.0,0.0,0.0,1.6026995865756309e-28,8.162871712568798e-19,0.0005982547981204234,1.847870465230436e-18,6.972208708889678e-31,3.863166605568826e-24,,,6.972208708889678e-31,3.863166605568826e-24,,1.55750448473111e-07,3.9001336285958543,12594879426453.947,2.71681365200555e-06,3.749435779812025e-05,2.71681365200555e-06,3.749435779812025e-05,0.0007388333691888603,4.02111714501258e-05,False,False,1.0,1.4077048914760102,2.571389041072645e-08,0.19948849473602878,0.7047366460044946,1.0,1.2145133277689877,3.2784906566288837e-07,0.11924591916014134,0.821978935254072,0.19135857594811576,0.11861000824415001,0.007007188348049303,0.001668645218325344,True,AP3.8,119.0,8.3,6.863735268152632e+19,$(U_{0.8}Pu_{0.2})N$,0.7007188348049304,0.9121540213646346,67.50775347413523,7.119249436162562,24.460843068337592,0.0,7.699505582671513e+18,5.831372766944367e-08,ok,
45,TRIAL_045,AP3.8,1050.0,1.1,6.863735268152632e+19,4.412424129573094e-07,519754.0997222178,13121742640489.854,7.789406175697652,2.263750466667708,52495584956059.21,1.0,40,TRIAL_045_AP3p8,rizk2025_refit_plot,rizk2025_refit_full,13121742640489.854,8.211695980948823e+23,6.104113176792256e+25,6.480664117084467e+24,1.3937843400168826e+22,6.766221760288605e+18,4.964328492853736,41.1870620249717,0.7142754507821217,0.19802374888911534,0.9122991996712371,0.19309310122197929,1.1053923008932165,30590629498739.727,7.647657374684932e+18,58.84911783871404,0.244539709090633,5411625066.70829,37723590.11539112,143.45466722957426,452807062.7572278,447190391.0459876,65727040.57409207,53900421.41520109,1.0125599114464483,1.2194160796589915,0.9087178433711691,67.54897617467901,7.171594191690303,24.370711790259517,24.370711790259517,0.0,2.202277390289941e+25,2.202277390289941e+25,0.0,9.036573938600132e+25,9.036573938600132e+25,1.004967771518146,2684512786169994.0,0.00022839288667813863,1.0440699743441514e-06,2.6038889164105393e-07,2.6038889164105393e-07,0.0024425739536015215,0.0024425739536015215,6.796040808979698e+18,8.692805192598365e-06,5485699.832500776,1.0999999999999999,13121742640489.854,0.0,5.124720017829085e-25,2.9266517696970796e-22,4.964328492853736e-09,4.1187062024971706e-08,6.6893180648786254e+25,4.892692213941419e+25,6.834296548310191e+25,0.007142754507821218,0.19802374888911534,0.19309310122197929,0.009122991996712371,0.011053923008932164,2879675.804488653,264051.32974654634,2.5248660048651084e-22,5.884911783871404e-08,7.99394171017983e-15,0.18377857870287106,0.0,8.162871738158613e-19,8.68048799131575e-24,6.76158467676242e-23,1.5366002896313798e-23,1.6472964643566316e+19,13121742640489.854,0.0007393652242606611,4.027674248291248e-05,9.747935037147695e-06,5.102702053660414e-06,9.747935037147695e-06,5.102702053660414e-06,1.0486356818543626e-29,1.3503267387639296e+19,2.413498496717335e+18,0.07784339359140008,1.4109835648697036e-21,-1992245.2951540193,1.2689573066345367e+22,0.0,0.0,0.0,0.0,0.0,0.3333333333333333,0.3333333333333333,2.0,2.558981501392922e-27,2.652535369540001e-21,0.0,8.162871712568798e-19,,0.0,0.0,0.0,0.0,0.0,2.558981501392922e-27,8.162871712568798e-19,0.0032495124934283997,1.8478704706605205e-18,1.5366002896313797e-29,8.680472625312854e-24,,,1.5366002896313797e-29,8.680472625312854e-24,,1.55750448473111e-07,3.9001336285958543,12564400221510.807,2.873119720238473e-06,3.7403622762674004e-05,2.873119720238473e-06,3.7403622762674004e-05,0.0007393652242606611,4.027674248291248e-05,False,False,1.0,1.4109716151304819,2.578211302163388e-08,0.20069280750412735,0.7030025013549955,1.0,1.2295238796472865,3.2798571928814557e-07,0.1262116269349331,0.8116877957507141,0.19258475613589143,0.12557574384379516,0.007142754507821218,0.0019802374888911534,True,AP3.8,119.0,8.3,6.863735268152632e+19,$(U_{0.8}Pu_{0.2})N$,0.7142754507821217,0.9087178433711691,67.54897617467901,7.171594191690303,24.370711790259517,0.0,7.647657374684932e+18,5.884911783871404e-08,ok,
45,TRIAL_045,AP3.8,1100.0,1.1,6.863735268152632e+19,4.412424129573094e-07,519754.0997222178,13121742640489.854,7.789406175697652,2.263750466667708,52495584956059.21,1.0,40,TRIAL_045_AP3p8,rizk2025_refit_plot,rizk2025_refit_full,13121742640489.854,8.183573989173292e+23,6.108157889795131e+25,6.515965598413792e+24,1.3838835460547268e+22,6.758146423968737e+18,5.005304012759278,43.169701397374276,0.7269081490594309,0.22774735422761255,0.9546555032870434,0.2106884312507265,1.1653439345377699,29708947728341.64,7.42723693208541e+18,61.17842832846545,0.25666400353851526,1382367090.3448906,36287300.28958697,38.09506574788028,446600217.5620226,443529502.77163666,57413512.33919703,51424956.11829801,1.0069233608389,1.1164523350709905,0.9056058241516498,67.59373553846397,7.210659308148359,24.289999329236032,24.289999329236032,0.0,2.19498374907189e+25,2.19498374907189e+25,0.0,9.036573938600132e+25,9.036573938600133e+25,1.005716617153303,2666157273009156.5,0.00022661996474559781,1.0371727529863494e-06,2.42410875511347e-07,2.42410875511347e-07,0.0027890342128366126,0.0027890342128366126,7.301265623290661e+18,9.87550668022075e-06,5485699.832500776,1.0999999999999999,13121742640489.854,0.0,5.252668485955716e-25,3.3699677387852065e-22,5.0053040127592784e-09,4.316970139737428e-08,7.109960233202513e+25,5.899843803224073e+25,6.841590189528243e+25,0.007269081490594309,0.22774735422761255,0.2106884312507265,0.009546555032870434,0.011653439345377698,2955316.720259233,1111364.428410503,2.836700016133317e-22,6.117842832846545e-08,8.639282881556381e-15,0.17018861520056694,0.0,8.162872030182321e-19,1.792226870002319e-23,1.3960383049447335e-22,2.556484784617257e-22,1.6472964643566316e+19,13121742640489.854,0.0007399263669059541,4.033296850689686e-05,9.7146890877448e-06,5.0651306634450006e-06,9.7146890877448e-06,5.0651306634450006e-06,9.842736150879653e-30,1.4352602059689908e+19,2.2692143069594127e+18,0.3343689046993782,1.5654412093078988e-21,-2059725.733065883,1.2649178175370527e+22,0.0,0.0,0.0,0.0,0.0,0.3333333333333333,0.3333333333333333,2.0,3.1761352235744896e-26,7.564160303615265e-21,0.0,8.162871712568798e-19,,0.0,0.0,0.0,0.0,0.0,3.1761352235744896e-26,8.162871712568798e-19,0.009266542799699283,1.847870536767401e-18,2.556484784617257e-28,1.7922013051544728e-23,,,2.556484784617257e-28,1.7922013051544728e-23,,1.55750448473111e-07,3.9001336285958543,12538264636586.762,3.0071488040176322e-06,3.732581970287923e-05,3.0071488040176322e-06,3.732581970287923e-05,0.0007399263669059541,4.033296850689686e-05,False,False,1.0,1.4139907305981065,2.5843453833590972e-08,0.201801954947463,0.7014061619136545,1.0,1.2426868315720252,3.281163100314227e-07,0.13220452311649558,0.8028485530279885,0.1937134812057443,0.13156825464398617,0.007269081490594309,0.0022774735422761254,True,AP3.8,119.0,8.3,6.863735268152632e+19,$(U_{0.8}Pu_{0.2})N$,0.7269081490594309,0.9056058241516498,67.59373553846397,7.210659308148359,24.289999329236032,0.0,7.42723693208541e+18,6.117842832846545e-08,ok,
45,TRIAL_045,AP3.8,1150.0,1.1,6.863735268152632e+19,4.412424129573094e-07,519754.0997222178,13121742640489.854,7.789406175697652,2.263750466667708,52495584956059.21,1.0,40,TRIAL_045_AP3p8,rizk2025_refit_plot,rizk2025_refit_full,13121742640489.854,8.1568956954979e+23,6.1129160878011904e+25,6.53899905883961e+24,1.3747093020108518e+22,6.751011898087512e+18,5.044654296477892,44.78421367474521,0.7392540466830189,0.25399919628355927,0.9932532429665781,0.27410877163540254,1.2673620146019808,26958869480099.176,6.739717370024794e+18,68.98493534845102,0.29613603849608694,394300569.24333,32180939.05265721,12.252612286985835,441861469.1711129,440069798.548926,52325330.17061746,49571038.940712854,1.0040713328387785,1.0555625076407769,0.9026535665973311,67.64639042778806,7.236148459880332,24.214807545734285,24.214807545734285,0.0,2.1881889879600027e+25,2.1881889879600027e+25,0.0,9.036573938600132e+25,9.036573938600133e+25,1.0063787323443552,2648803240161794.0,0.00022494205236762554,1.0324264510757573e-06,1.9385700520083345e-07,1.9385700520083345e-07,0.0030900468382936406,0.0030900468382936406,7.347388706693431e+18,1.1135712193104705e-05,5485699.832500776,1.0999999999999999,13121742640489.854,0.0,5.377529966529486e-25,3.762387033498111e-22,5.044654296477893e-09,4.478421367474521e-08,7.518709487087977e+25,6.7917282404715035e+25,6.848384950640131e+25,0.007392540466830189,0.25399919628355927,0.27410877163540254,0.009932532429665781,0.012673620146019807,3246707.3436819096,4475038.147867482,4.067066266821722e-22,6.898493534845102e-08,1.0984735050358555e-14,0.13268007053363928,0.0,8.162874879327773e-19,3.4427700444941665e-23,2.681713424608974e-22,3.330768464716398e-21,1.6472964643566316e+19,13121742640489.854,0.0007405670513422549,4.037856095156466e-05,9.68312849954519e-06,5.036908243571436e-06,9.68312849954519e-06,5.036908243571436e-06,7.918035696141599e-30,1.5183451314763088e+19,1.8294588541190815e+18,1.437666686136799,2.1586826809564805e-21,-2250813.1267895745,1.2610943088311994e+22,0.0,0.0,0.0,0.0,0.0,0.3333333333333333,0.3333333333333333,2.0,3.1667589742037936e-25,1.3094981712716537e-20,0.0,8.162871712568798e-19,,0.0,0.0,0.0,0.0,0.0,3.1667589742037936e-25,8.162871712568798e-19,0.01604211984907324,1.8478711817428354e-18,3.330768464716398e-27,3.4424369676476946e-23,,,3.330768464716398e-27,3.4424369676476946e-23,,1.55750448473111e-07,3.9001336285958543,12517077284896.545,3.115801984631708e-06,3.726275896693295e-05,3.115801984631708e-06,3.726275896693295e-05,0.0007405670513422549,4.037856095156466e-05,False,False,1.0,1.4169191819341656,2.5900817533261106e-08,0.20287425416854973,0.6998635642709872,1.0,1.2535632886921406,3.282318713215358e-07,0.13707774540923756,0.7956712484338713,0.19480401494125973,0.1364407550656165,0.007392540466830189,0.0025399919628355926,True,AP3.8,119.0,8.3,6.863735268152632e+19,$(U_{0.8}Pu_{0.2})N$,0.7392540466830189,0.9026535665973311,67.64639042778806,7.236148459880332,24.214807545734285,0.0,6.739717370024794e+18,6.898493534845102e-08,ok,
45,TRIAL_045,AP3.8,1200.0,1.1,6.863735268152632e+19,4.412424129573094e-07,519754.0997222178,13121742640489.854,7.789406175697652,2.263750466667708,52495584956059.21,1.0,40,TRIAL_045_AP3p8,rizk2025_refit_plot,rizk2025_refit_full,13121742640489.854,8.130955643037031e+23,6.118414599786828e+25,6.551302350896535e+24,1.3660119960861731e+22,6.745079887387305e+18,5.083302609493999,46.044674590759286,0.7515900374419446,0.27581249135895264,1.0274025288008972,0.48060303337692867,1.5080055621778259,20823038804284.715,5.205759701071179e+18,90.66255951346197,0.39507643170131956,122464595.5474265,24486403.339080285,5.001330487437209,437830407.5212006,436723951.0498044,49308296.47568406,48214044.723546214,1.0025335374181712,1.0226957053367367,0.8997830038556193,67.70723773588291,7.249763456161579,24.143215804099917,24.143215804099917,0.0,2.1817195472932815e+25,2.1817195472932815e+25,0.0,9.036573938600132e+25,9.036573938600133e+25,1.0069294316819026,2631990311548663.0,0.00022331771691474613,1.0295802332161658e-06,1.2751846823409515e-07,1.2751846823409515e-07,0.0033353617041767987,0.0033353617041767987,6.966971218758052e+18,1.244748748832587e-05,5485699.832500776,1.0999999999999999,13121742640489.854,0.0,5.502074942206668e-25,4.089091544707977e-22,5.083302609493999e-09,4.6044674590759286e-08,7.924965688752864e+25,7.534805615934507e+25,6.854854391306853e+25,0.007515900374419446,0.27581249135895264,0.48060303337692867,0.010274025288008972,0.01508005562177826,4190972.4470077893,19407458.285571516,9.232140186532927e-22,9.066255951346197e-08,1.8973044012194103e-14,0.07039310239051277,0.0,8.162897780388003e-19,6.217615733574239e-23,4.843153439321806e-22,3.503783313863259e-20,1.6472964643566316e+19,13121742640489.854,0.0007412961256266596,4.041411910910945e-05,9.652474900602318e-06,5.0162042402009675e-06,9.652474900602318e-06,5.0162042402009675e-06,5.229520138401896e-30,1.60115835286087e+19,1.2134763012940244e+18,7.38758545686066,4.5309265729518635e-21,-2575815.4112324226,1.2573871781122587e+22,0.0,0.0,0.0,0.0,0.0,0.3333333333333333,0.3333333333333333,2.0,2.6067819204802983e-24,1.5382006404450104e-20,0.0,8.162871712568798e-19,,0.0,0.0,0.0,0.0,0.0,2.6067819204802983e-24,8.162871712568798e-19,0.018843806229457596,1.847876365971414e-18,3.503783313863259e-26,6.214111950260375e-23,,,3.503783313863259e-26,6.214111950260375e-23,,1.55750448473111e-07,3.9001336285958543,12500600203549.457,3.200307246128761e-06,3.721381186298069e-05,3.200307246128761e-06,3.721381186298069e-05,0.0007412961256266596,4.041411910910945e-05,False,False,1.0,1.4198240233449646,2.5955671905814505e-08,0.203934484329304,0.6983390170691206,1.0,1.2621534685469986,3.28328088317793e-07,0.1408776628350962,0.7900814711340668,0.19588161299957793,0.14023980861168492,0.007515900374419446,0.0027581249135895263,True,AP3.8,119.0,8.3,6.863735268152632e+19,$(U_{0.8}Pu_{0.2})N$,0.7515900374419446,0.8997830038556193,67.70723773588291,7.249763456161579,24.143215804099917,0.0,5.205759701071179e+18,9.066255951346197e-08,ok,
45,TRIAL_045,AP3.8,1250.0,1.1,6.863735268152632e+19,4.412424129573094e-07,519754.0997222178,13121742640489.854,7.789406175697652,2.263750466667708,52495584956059.21,1.0,40,TRIAL_045_AP3p8,rizk2025_refit_plot,rizk2025_refit_full,13121742640489.854,8.105322177394647e+23,6.124479126866101e+25,6.555602414578477e+24,1.357632518110848e+22,6.740239798704319e+18,5.121683737990709,47.02507253792833,0.7640277158487371,0.2935975177679647,1.0576252336167018,0.915204073377959,1.9728293069946607,11639863301189.693,2.909965825297423e+18,136.41763956205347,0.5,38157064.6713015,16273555.290407805,2.3447282410250323,434168234.1074934,433451207.3701235,47561691.160708636,47208858.597920224,1.0016542271083297,1.0074738634499407,0.8969463684430665,67.77434864672676,7.254521967198128,24.074183017632038,18.849691310382518,5.2244917072495225,2.1754813485022357e+25,1.7033662924606003e+25,4.721150560416354e+24,9.036573938600132e+25,8.564458882558496e+25,1.0073787725572034,2615471146389268.0,0.0002217277237422498,1.028165047464505e-06,6.491083818709023e-08,6.491083818709023e-08,0.003531172392784303,0.003531172392784303,6.316731454007722e+18,1.3791706356852812e-05,5485699.832500776,1.0999999999999999,13121742640489.854,0.0,5.627647435197599e-25,4.355891281856221e-22,5.121683737990709e-09,4.702507253792833e-08,8.33305577974672e+25,8.142326125313578e+25,6.861092590097895e+25,0.007640277158487371,0.2935975177679647,0.915204073377959,0.010576252336167019,0.01972829306994661,5853561.157497449,90622987.94920656,3.1450681153082528e-21,1.3641763956205346e-07,4.295583092877867e-14,0.03407359027997264,1.0,8.1630529947906185e-19,1.066087053798265e-22,8.304185080687519e-22,3.0533079764031823e-19,1.6472964643566316e+19,13121742640489.854,0.0007421049113327655,4.044236736112593e-05,9.622365193359257e-06,5.0008431435586995e-06,9.622365193359257e-06,5.0008431435586995e-06,2.6691217499549238e-30,1.6844291973044668e+19,6.265062630415578e+17,28.55096957900233,8.745431323769745e-21,-2371174.2171568107,1.2537478654998704e+22,1.0062283424538661e+22,0.0,0.0,0.0,0.0,0.3333333333333333,0.3333333333333333,2.0,1.8128222181985484e-23,1.3360203119369858e-20,0.0,8.162871712568798e-19,,0.0,0.0,0.0,0.0,0.0,1.8128222181985484e-23,8.162871712568798e-19,0.016366674487959202,1.8479115026390492e-18,3.0533079764031822e-25,1.0630337458218618e-22,,,3.0533079764031822e-25,1.0630337458218618e-22,,1.55750448473111e-07,3.9001336285958543,12487825811174.436,3.2658774954990554e-06,3.7176489865626874e-05,3.2658774954990554e-06,3.7176489865626874e-05,0.0007421049113327655,4.044236736112593e-05,False,False,1.0,1.4227315154065165,2.6008963373286864e-08,0.20499228727991103,0.6968186454078326,1.0,1.2688948530887652,3.2840668114248766e-07,0.14383016782304445,0.7857424640330333,0.19695622171744787,0.14319157295815302,0.007640277158487371,0.0029359751776796474,True,AP3.8,119.0,8.3,6.863735268152632e+19,$(U_{0.8}Pu_{0.2})N$,0.7640277158487371,0.8969463684430665,67.77434864672676,7.254521967198128,18.849691310382518,5.2244917072495225,2.909965825297423e+18,1.3641763956205346e-07,ok,
45,TRIAL_045,AP3.8,1300.0,1.1,6.863735268152632e+19,4.412424129573094e-07,519754.0997222178,13121742640489.854,7.789406175697652,2.263750466667708,52495584956059.21,1.0,40,TRIAL_045_AP3p8,rizk2025_refit_plot,rizk2025_refit_full,13121742640489.854,8.079346746134763e+23,6.130840776661402e+25,6.555081192854925e+24,1.3494115015720985e+22,6.736114546289914e+18,5.1600721388392135,47.83030331179182,0.7766052754792294,0.3087503635996635,1.085355639078893,1.2114173502773773,2.29677298935627,6643488535022.847,1.6608721337557115e+18,180.57032333717436,0.5,20526601.275283918,12294379.048403488,1.6695923555366092,430708347.69617784,430226543.4024342,46497431.61545265,46414089.94478807,1.0011198850957297,1.0017956114353146,0.894071890633625,67.84474755939571,7.253945175897473,24.007235374073183,13.97303605152732,10.034199322545863,2.169431575191889e+25,1.2626837342635185e+25,9.067478409283705e+24,9.036573938600132e+25,8.12982609767176e+25,1.0077618163854971,2599022289298338.5,0.0002201560651399055,1.0276165047887167e-06,2.2735027786691412e-08,2.2735027786691412e-08,0.0036951244798830397,0.0036951244798830397,5.600061547722518e+18,1.5163832957214168e-05,5485699.832500776,1.0999999999999999,13121742640489.854,0.0,5.7551404784564575e-25,4.583508214980038e-22,5.160072138839214e-09,4.783030331179183e-08,8.745069448211218e+25,8.661151304240948e+25,6.8671423634082425e+25,0.007766052754792294,0.3087503635996635,1.2114173502773773,0.01085355639078893,0.022967729893562702,7602534.28665954,227545292.7488318,7.293862818554327e-21,1.8057032333717437e-07,7.52616637123888e-14,0.03407359027997264,1.0,8.163957681071563e-19,1.7578350904993307e-22,1.3692491509793528e-21,2.2525702314749626e-18,1.6472964643566316e+19,13121742640489.854,0.0007430042922187815,4.046935862577341e-05,9.592575504871039e-06,4.988683772329665e-06,9.592575504871039e-06,4.988683772329665e-06,9.366019425091327e-31,1.768539908401442e+19,2.2940367042806643e+17,76.16936648338205,1.682704084731349e-20,-1486318.1760378738,1.250164755466295e+22,8.191870872005814e+21,0.0,0.0,0.0,0.0,0.3333333333333333,0.3333333333333333,2.0,1.085968502764781e-22,9.173994716924637e-21,0.0,8.162871712568798e-19,,0.0,0.0,0.0,0.0,0.0,1.085968502764781e-22,8.162871712568798e-19,0.011237190435461078,1.8481163010381173e-18,2.2525702314749626e-24,1.7353093881845811e-22,,,2.2525702314749626e-24,1.7353093881845811e-22,,1.55750448473111e-07,3.9001336285958543,12477363090084.105,3.319899770521811e-06,3.71494588552516e-05,3.319899770521811e-06,3.71494588552516e-05,0.0007430042922187815,4.046935862577341e-05,False,False,1.0,1.425649828929022,2.6061674360821104e-08,0.2060506320626829,0.6952981836315127,1.0,1.2744705446304618,3.2847372206247543e-07,0.14625281574583165,0.7821849419175496,0.19803112079949908,0.14561378558886479,0.007766052754792294,0.0030875036359966353,True,AP3.8,119.0,8.3,6.863735268152632e+19,$(U_{0.8}Pu_{0.2})N$,0.7766052754792294,0.894071890633625,67.84474755939571,7.253945175897473,13.97303605152732,10.034199322545863,1.6608721337557115e+18,1.8057032333717437e-07,ok,
45,TRIAL_045,AP3.8,1350.0,1.1,6.863735268152632e+19,4.412424129573094e-07,519754.0997222178,13121742640489.854,7.789406175697652,2.263750466667708,52495584956059.21,1.0,40,TRIAL_045_AP3p8,rizk2025_refit_plot,rizk2025_refit_full,13121742640489.854,8.050707827739692e+23,6.137164787857744e+25,6.552760605281321e+24,1.3410138416937792e+22,6.732301195061945e+18,5.198924743561149,48.552252164447964,0.7893370033425214,0.32276043124878967,1.112097434591311,1.523580345071753,2.635677779663064,4200036319671.0044,1.0500090799177512e+18,227.10042536271888,0.5,13454956.208169416,9775411.016752936,1.376408233383797,427338639.3963884,427011374.3711068,45732959.9831218,45723934.54542113,1.0007664082151526,1.0001973897869987,0.8909026675862998,67.91472995802722,7.2513771810032,23.942990193383288,11.467378437117523,12.475611756265764,2.1636260119368595e+25,1.0362581312892132e+25,1.1273678806476462e+25,9.036573938600132e+25,7.909206057952487e+25,1.0081161206015625,2582087256691270.0,0.0002185602130235239,1.0273980065071937e-06,2.4627769527173325e-09,2.4627769527173325e-09,0.0038451240099625465,0.0038451240099625465,4.942172448727431e+18,1.6598444304025153e-05,5485699.832500776,1.0999999999999999,13121742640489.854,0.0,5.886121222623194e-25,4.794206644906651e-22,5.19892474356115e-09,4.8552252164447964e-08,9.162469719604446e+25,9.141383344264562e+25,6.872947926663273e+25,0.007893370033425214,0.32276043124878967,1.523580345071753,0.011120974345913111,0.02635677779663064,9869039.716974495,467960869.07919556,1.4510163523453505e-20,2.2710042536271888e-07,1.1904658958738857e-13,0.03407359027997264,1.0,8.168569279875949e-19,2.862168056389775e-22,2.2294589534327057e-21,1.4331663655150738e-17,1.6472964643566316e+19,13121742640489.854,0.0007441427271748925,4.051236031399092e-05,9.562752091162246e-06,4.97811554941314e-06,9.562752091162246e-06,4.97811554941314e-06,1.0160529219289617e-31,1.853827265043888e+19,3.819763541579228e+16,208.4491662480566,3.521788511775407e-20,-1243575.2963645966,1.2467024466209078e+22,8.897334218326251e+21,0.0,0.0,0.0,0.0,0.3333333333333333,0.3333333333333333,2.0,5.697567307150379e-22,5.248217173930294e-21,0.0,8.162871712568798e-19,,0.0,0.0,0.0,0.0,0.0,5.697567307150379e-22,8.162871712568798e-19,0.006424891549686404,1.8491602519326683e-18,1.433166365515074e-23,2.7188514198382675e-22,,,1.433166365515074e-23,2.7188514198382675e-22,,1.55750448473111e-07,3.9001336285958543,12468006001699.652,3.3697917850427676e-06,3.7142568528948154e-05,3.3697917850427676e-06,3.7142568528948154e-05,0.0007441427271748925,4.051236031399092e-05,False,False,1.0,1.4285802904896294,2.611596139258446e-08,0.20710997960646618,0.6937769746208592,1.0,1.2794991119184729,3.285357362552731e-07,0.14842294645642629,0.7790004123941445,0.19910743955001675,0.14778377715741076,0.007893370033425214,0.003227604312487897,True,AP3.8,119.0,8.3,6.863735268152632e+19,$(U_{0.8}Pu_{0.2})N$,0.7893370033425214,0.8909026675862998,67.91472995802722,7.2513771810032,11.467378437117523,12.475611756265764,1.0500090799177512e+18,2.271004253627189e-07,ok,
45,TRIAL_045,AP3.8,1400.0,1.1,6.863735268152632e+19,4.412424129573094e-07,519754.0997222178,13121742640489.854,7.789406175697652,2.263750466667708,52495584956059.21,1.0,40,TRIAL_045_AP3p8,rizk2025_refit_plot,rizk2025_refit_full,13121742640489.854,8.011125154956915e+23,6.144727028530816e+25,6.553528101740365e+24,1.3313326665400435e+22,6.728497858042302e+18,5.240361184219046,49.252592118385856,0.8025255371656069,0.33673945420860546,1.1392649913742123,1.819498981916761,2.9587639732909734,2944964981409.863,7.362412453524657e+17,271.2091909540027,0.5,9728762.457383042,8185563.299646854,1.1885269347074459,423846877.82337826,423634921.70832866,45074083.04066407,45073769.816295214,1.0005003272964252,1.000006949149586,0.8865223932642253,67.99841477845203,7.252226503394915,23.862836324888836,9.71853037899369,14.144305945895146,2.15638284834571e+25,8.782221834430804e+24,1.2781606649026295e+25,9.036573938600132e+25,7.758413273697502e+25,1.0084697849153905,2563410082344917.0,0.00021671492707500442,1.0266971422536678e-06,0.0,0.0,0.0039932100771978936,0.0039932100771978936,4.3472965819170427e+18,1.822360741091509e-05,5485699.832500776,1.0999999999999999,13121742640489.854,0.0,6.027986523092414e-25,5.004675059918677e-22,5.240361184219047e-09,4.925259211838586e-08,9.591903573924252e+25,9.619654262781678e+25,6.8801910902544216e+25,0.008025255371656069,0.33673945420860546,1.819498981916761,0.011392649913742123,0.029587639732909732,11928456.725113835,811218521.2850423,2.4713353040221213e-20,2.712091909540027e-07,1.6978130577316123e-13,0.03407359027997264,1.0,8.189426464829586e-19,4.907545740295142e-22,3.822686709697368e-21,7.989389038480301e-17,1.6472964643566316e+19,13121742640489.854,0.0007463306572836733,4.063534407200826e-05,9.531301954403871e-06,4.968151646692475e-06,9.531301954403871e-06,4.968151646692475e-06,-5.920276946499895e-32,1.946248621746507e+19,2188826816511444.8,469.09792476479515,6.505055718013584e-20,-1129598.4246049512,1.2438655791234235e+22,9.7683510589187e+21,0.0,0.0,0.0,0.0,0.3333333333333333,0.3333333333333333,2.0,2.6554752260788454e-21,2.6068146230906868e-21,0.0,8.162871712568798e-19,,0.0,0.0,0.0,0.0,0.0,2.6554752260788454e-21,8.162871712568798e-19,0.00318314674939197,1.8538817981498855e-18,7.989389038480301e-23,4.108606836447112e-22,,,7.989389038480301e-23,4.108606836447112e-22,,1.55750448473111e-07,3.9001336285958543,12458950643559.63,3.4249827750116667e-06,3.721036129699659e-05,3.4249827750116667e-06,3.721036129699659e-05,0.0007463306572836733,4.063534407200826e-05,False,False,1.0,1.4315863155771047,2.617911242419023e-08,0.20819312097084108,0.6922223189621246,1.0,1.284403956380118,3.285976279522153e-07,0.1505263384231542,0.7759158186921871,0.20021024034800736,0.14988724180792984,0.008025255371656069,0.0033673945420860545,True,AP3.8,119.0,8.3,6.863735268152632e+19,$(U_{0.8}Pu_{0.2})N$,0.8025255371656069,0.8865223932642253,67.99841477845203,7.252226503394915,9.71853037899369,14.144305945895146,7.362412453524657e+17,2.712091909540027e-07,ok,
45,TRIAL_045,AP3.8,1450.0,1.1,6.863735268152632e+19,4.412424129573094e-07,519754.0997222178,13121742640489.854,7.789406175697652,2.263750466667708,52495584956059.21,1.0,40,TRIAL_045_AP3p8,rizk2025_refit_plot,rizk2025_refit_full,13121742640489.854,7.924573408835651e+23,6.149625148793137e+25,6.566460329051051e+24,1.3162689110722258e+22,6.724400306591562e+18,5.289486129104949,49.986770754294774,0.8159690402207743,0.35180937851777133,1.1677784187385456,2.0578067942093172,3.225585212947863,2302367123802.0205,5.755917809505051e+17,306.7306557155801,0.5000000000000003,7825464.438498481,7237620.2333637085,1.0812206479727895,419817532.33996123,419700505.0801889,44411865.789146006,44411750.6792387,1.0002788351654472,1.0000025918795261,0.8769444551308854,68.05261806717185,7.2665374882864855,23.803899989410777,8.615179113615648,15.18872087579513,2.151057022813534e+25,7.785170305447135e+24,1.3725399922688204e+25,9.036573938600132e+25,7.664033946331312e+25,1.0088512400919412,2534613132301492.0,0.00021409170909427163,1.0240512598906642e-06,0.0,0.0,0.004151355316641831,0.004151355316641831,3.8031443416475003e+18,2.0249155591568518e-05,5485699.832500776,1.0999999999999999,13121742640489.854,0.0,6.199105922482742e-25,5.2318327654127285e-22,5.289486129104949e-09,4.998677075429478e-08,1.0037816150247796e+26,1.0131726798874385e+26,6.885516915786598e+25,0.008159690402207743,0.35180937851777133,2.0578067942093172,0.011677784187385456,0.03225585212947863,13525506.379870595,1184389574.3345528,3.575114972648067e-20,3.067306557155801e-07,2.171677986672794e-13,0.03407359027997259,1.0,8.274171632376133e-19,9.969293275342691e-22,7.765487460629542e-21,3.956100289530877e-16,1.6472964643566316e+19,13121742640489.854,0.0007522410197210924,4.107649160073197e-05,9.494484249124704e-06,4.957997291549804e-06,9.494484249124704e-06,4.957997291549804e-06,-5.789956615770934e-32,2.041084448743673e+19,1584954120855412.2,849.5712916536619,1.0310596092397973e-19,-1094614.6482574597,1.242744189555012e+22,1.073316265556124e+22,0.0,0.0,0.0,0.0,0.3333333333333333,0.3333333333333333,2.0,1.1129991980733449e-20,1.1616069964338774e-21,0.0,8.162871712568798e-19,,0.0,0.0,0.0,0.0,0.0,1.1129991980733449e-20,8.162871712568798e-19,0.001403895215188198,1.8730659894080183e-18,3.9561002895308766e-22,6.013192985811814e-22,,,3.9561002895308766e-22,6.013192985811814e-22,,1.55750448473111e-07,3.9001336285958543,12449480455404.738,3.5096497203200893e-06,3.756684188041188e-05,3.5096497203200893e-06,3.756684188041188e-05,0.0007522410197210924,4.107649160073197e-05,False,False,1.0,1.4345965605044233,2.627860216279215e-08,0.20927422966852577,0.690671311522548,1.0,1.2895745554455065,3.286643586756598e-07,0.15272960020302143,0.772686910282445,0.2013219957346533,0.15209063421331875,0.008159690402207743,0.003518093785177713,True,AP3.8,119.0,8.3,6.863735268152632e+19,$(U_{0.8}Pu_{0.2})N$,0.8159690402207743,0.8769444551308854,68.05261806717185,7.2665374882864855,8.615179113615648,15.18872087579513,5.755917809505051e+17,3.067306557155801e-07,ok,
45,TRIAL_045,AP3.8,1500.0,1.1,6.863735268152632e+19,4.412424129573094e-07,519754.0997222178,13121742640489.854,7.789406175697652,2.263750466667708,52495584956059.21,1.0,40,TRIAL_045_AP3p8,rizk2025_refit_plot,rizk2025_refit_full,13121742640489.854,7.678903618210433e+23,6.143244255859889e+25,6.622687225024405e+24,1.2826068904244238e+22,6.71929643431169e+18,5.364886812207239,50.87423446937784,0.8295906891037861,0.3706005608465924,1.2001912499503784,2.244108201194377,3.4442994511447553,1935959122522.2766,4.8398978063056915e+17,334.5001979709889,0.5,6846544.7362071015,6636767.372533933,1.0316083647200482,413854205.6935461,413801833.6097273,43636884.79085903,43637020.25504207,1.0001265631990124,0.9999968956591846,0.8497582900760265,67.98200620722801,7.328758963322702,23.839476539373273,7.985484587309382,15.853991952063891,2.1542719240556975e+25,7.216142190877298e+24,1.4326577049679678e+25,9.036573938600132e+25,7.603916233632164e+25,1.0093271797858516,2468855526296883.0,0.00020883273134409273,1.0145875820197222e-06,0.0,0.0,0.0043542555999753416,0.0043542555999753416,3.4154578174054236e+18,2.2651383686809846e-05,5485699.832500776,1.0999999999999999,13121742640489.854,0.0,6.468004306676292e-25,5.515466752651997e-22,5.364886812207239e-09,5.087423446937784e-08,1.0522642882118108e+26,1.0758579341428556e+26,6.882302014544434e+25,0.00829590689103786,0.3706005608465924,2.244108201194377,0.012001912499503784,0.034442994511447556,14909699.501249183,1543731839.383741,4.636685093372481e-20,3.3450019797098887e-07,2.58269916024142e-13,0.03407359027997264,1.0,8.586863335070055e-19,2.616148172893133e-21,2.0378240734473898e-20,1.7607759639859707e-15,1.6472964643566316e+19,13121742640489.854,0.0007711335478614795,4.2654656512016925e-05,9.438941234257206e-06,4.946102560257522e-06,9.438941234257206e-06,4.946102560257522e-06,-4.900828525958433e-32,2.1451743686774817e+19,-4316290165863783.5,1282.3631003974099,1.418994075603829e-19,-1065357.6496920343,1.2131445381738762e+22,1.1515352607024371e+22,0.0,0.0,0.0,0.0,0.3333333333333333,0.3333333333333333,2.0,4.239916225012569e-20,4.766040325715508e-22,0.0,8.162871712568798e-19,,0.0,0.0,0.0,0.0,0.0,4.239916225012569e-20,8.162871712568798e-19,0.0005550385676048057,1.9438515881976667e-18,1.7607759639859707e-21,8.553722089071623e-22,,,1.7607759639859707e-21,8.553722089071623e-22,,1.55750448473111e-07,3.9001336285958543,12438064457232.39,3.7038649481823634e-06,3.8950791563834564e-05,3.7038649481823634e-06,3.8950791563834564e-05,0.0007711335478614795,4.2654656512016925e-05,False,False,1.0,1.4375156950448864,2.6506513487496294e-08,0.2103192408769163,0.6891727885880435,1.0,1.2958642565257092,3.2874755371355405e-07,0.1553904759499416,0.768790330831518,0.20243609742863664,0.1547516746351391,0.00829590689103786,0.003706005608465924,True,AP3.8,119.0,8.3,6.863735268152632e+19,$(U_{0.8}Pu_{0.2})N$,0.8295906891037861,0.8497582900760265,67.98200620722801,7.328758963322702,7.985484587309382,15.853991952063891,4.8398978063056915e+17,3.345001979709889e-07,ok,
45,TRIAL_045,AP3.8,1550.0,1.1,6.863735268152632e+19,4.412424129573094e-07,519754.0997222178,13121742640489.854,7.789406175697652,2.263750466667708,52495584956059.21,1.0,40,TRIAL_045_AP3p8,rizk2025_refit_plot,rizk2025_refit_full,13121742640489.854,7.001311382829867e+23,6.107048109918845e+25,6.812264017279342e+24,1.1971594911593854e+22,6.711040777120689e+18,5.521490913217827,52.251593689637744,0.844130723942947,0.4010302289958254,1.2451609529387724,2.431706537376682,3.6768674903154537,1648775191326.029,4.1219379783150726e+17,362.4630566952745,0.5,6203675.827479599,6124762.1212508045,1.0128843707994784,402087609.35692656,402065318.0258924,42486684.69794343,42486742.37930964,1.0000554420638508,0.999998642367878,0.7747749789246398,67.58145455804123,7.538547311808571,24.105223151225562,7.613246091678548,16.49197705954701,2.1782863131250543e+25,6.879766122021167e+24,1.4903097009229376e+25,9.036573938600132e+25,7.5462642376771936e+25,1.0100985823674538,2305408587781595.0,0.00019607350686913751,9.851419697794935e-07,0.0,0.0,0.004702579472495505,0.004702579472495505,3.2336611764696453e+18,2.5179086644785365e-05,5485699.832500776,1.0999999999999999,13121742640489.854,0.0,7.051113324302772e-25,5.975678621459424e-22,5.521490913217827e-09,5.2251593689637745e-08,1.1125653024415207e+26,1.1745012622509814e+26,6.858287625475077e+25,0.00844130723942947,0.4010302289958254,2.431706537376682,0.012451609529387724,0.03676867490315454,16690610.480348406,1970779274.954886,5.89942534353875e-20,3.624630566952745e-07,3.0325541203581217e-13,0.03407359027997264,1.0,9.64451857158908e-19,8.303373578131135e-21,6.467834942861936e-20,7.11715258415843e-15,1.6472964643566316e+19,13121742640489.854,0.0008311221438789356,4.795333357563926e-05,9.327179137460088e-06,4.9284188748335e-06,9.327179137460088e-06,4.9284188748335e-06,-2.4542684920905564e-32,2.2872631633447256e+19,-5438403969081233.0,1803.7377902948006,1.8363088654543548e-19,-1000142.4962319618,1.2190081208603097e+22,1.2101717885684636e+22,0.0,0.0,0.0,0.0,0.3333333333333333,0.3333333333333333,2.0,1.4816468590202815e-19,1.8383335745449222e-22,0.0,8.162871712568798e-19,,0.0,0.0,0.0,0.0,0.0,1.4816468590202815e-19,8.162871712568798e-19,0.00019060915906785685,2.1832783417220153e-18,7.11715258415843e-21,1.1862209939727049e-21,,,7.11715258415843e-21,1.1862209939727049e-21,,1.55750448473111e-07,3.9001336285958543,12420417460806.102,4.266991641204557e-06,4.36863419344347e-05,4.266991641204557e-06,4.36863419344347e-05,0.0008311221438789356,4.795333357563926e-05,False,False,1.0,1.4403047332171086,2.7122718800663568e-08,0.21131459210224654,0.687746117618106,1.0,1.3057118621466433,3.2888230255801255e-07,0.15951480318632505,0.7627572201055833,0.20361193719652998,0.15887627057835052,0.00844130723942947,0.004010302289958254,True,AP3.8,119.0,8.3,6.863735268152632e+19,$(U_{0.8}Pu_{0.2})N$,0.844130723942947,0.7747749789246398,67.58145455804123,7.538547311808571,7.613246091678548,16.49197705954701,4.1219379783150726e+17,3.624630566952745e-07,ok,
45,TRIAL_045,AP3.8,1600.0,1.1,6.863735268152632e+19,4.412424129573094e-07,519754.0997222178,13121742640489.854,7.789406175697652,2.263750466667708,52495584956059.21,1.0,40,TRIAL_045_AP3p8,rizk2025_refit_plot,rizk2025_refit_full,13121742640489.854,5.560499793551647e+23,6.001613419053491e+25,7.324662351259878e+24,1.0128187686443719e+22,6.694572330459387e+18,5.876825291687892,54.81061144285298,0.8610902863713047,0.4617483882330509,1.3228386746043557,2.699800695581436,4.022639370185792,1337581825099.3875,3.3439545627484685e+17,402.42438696741857,0.5,5553135.617647607,5516564.283614695,1.0066293678733222,377765370.2532184,377754976.5074589,40502917.95933164,40503105.90522479,1.0000275145170967,0.9999953597165216,0.6153327390815365,66.4146994185189,8.105574525288011,24.864393317111556,7.353276111612998,17.511117205498557,2.2468892864851356e+25,6.644842327353293e+24,1.5824050537498062e+25,9.036573938600132e+25,7.454168884850325e+25,1.0116403641034535,1952586117501192.5,0.00016879064453559584,9.139751117158791e-07,0.0,0.0,0.0054218427635373675,0.0054218427635373675,3.121252654720456e+18,2.8293478499813267e-05,5485699.832500776,1.0999999999999999,13121742640489.854,0.0,8.501918734423226e-25,6.897354534988875e-22,5.876825291687892e-09,5.4810611442852984e-08,1.201293200973533e+26,1.367427917250653e+26,6.789684652114996e+25,0.008610902863713047,0.4617483882330509,2.699800695581436,0.013228386746043557,0.04022639370185792,19871209.978079826,2705759410.3628483,8.073676376040265e-20,4.0242438696741857e-07,3.738089069525508e-13,0.03407359027997264,1.0,1.2951051174088508e-18,2.797102768283436e-20,2.1787769577327993e-19,2.6363059898109156e-14,1.6472964643566316e+19,13121742640489.854,0.0010027489941873335,6.450473374272213e-05,9.090281565472861e-06,4.897858515989832e-06,9.090281565472861e-06,4.897858515989832e-06,-3.1336758609214907e-31,2.452633873985573e+19,-5.055762185463954e+16,2745.4343264354266,2.5118970835385e-19,-900574.5129042903,1.2950673919480382e+22,1.2973491933140981e+22,0.0,0.0,0.0,0.0,0.3333333333333333,0.3333333333333333,2.0,4.788179461519709e-19,6.777638626958759e-23,0.0,8.162871712568798e-19,,0.0,0.0,0.0,0.0,0.0,4.788179461519709e-19,8.162871712568798e-19,5.23327298753861e-05,2.9317948139180225e-18,2.6363059898109155e-20,1.6079677847252025e-21,,,2.6363059898109155e-20,1.6079677847252025e-21,,1.55750448473111e-07,3.9001336285958543,12387875112642.805,5.994642992114375e-06,5.851009075060776e-05,5.994642992114375e-06,5.851009075060776e-05,0.0010027489941873335,6.450473374272213e-05,False,False,1.0,1.442931641480694,2.8677427626421588e-08,0.2122493386470902,0.6864068852213315,1.0,1.3242856500010172,3.291517619168371e-07,0.16715886675822914,0.7515970836394724,0.20496650544351505,0.1665207900564158,0.008610902863713047,0.004617483882330509,True,AP3.8,119.0,8.3,6.863735268152632e+19,$(U_{0.8}Pu_{0.2})N$,0.8610902863713047,0.6153327390815365,66.4146994185189,8.105574525288011,7.353276111612998,17.511117205498557,3.3439545627484685e+17,4.024243869674186e-07,ok,
45,TRIAL_045,AP3.8,1650.0,1.1,6.863735268152632e+19,4.412424129573094e-07,519754.0997222178,13121742640489.854,7.789406175697652,2.263750466667708,52495584956059.21,1.0,40,TRIAL_045_AP3p8,rizk2025_refit_plot,rizk2025_refit_full,13121742640489.854,3.6083577700191806e+23,5.781905292054374e+25,8.391597414634228e+24,7.396718481502055e+21,6.661924337952712e+18,6.57758396368135,59.30319141268641,0.8817123033651644,0.5819993533852259,1.4637116567503903,3.1520593166147948,4.615770973365185,981284650543.5779,2.4532116263589443e+17,469.83673285574474,0.5,4747332.710187247,4725045.627034046,1.0047167974475606,337516411.80567,337509944.72406673,37434398.78991697,37434747.5593883,1.0000191611586693,0.9999906832690463,0.39930595317832995,63.98337833940258,9.286259894127731,26.33105581329137,7.142455363824959,19.188600449466414,2.379425327382143e+25,6.454332599835534e+24,1.7339920673985896e+25,9.036573938600132e+25,7.302581871201542e+25,1.0147038623352898,1433398700481799.8,0.0001279485312682104,7.938780698352415e-07,0.0,0.0,0.006873613122836872,0.006873613122836872,2.965125365821494e+18,3.289972939214126e-05,5485699.832500776,1.0999999999999999,13121742640489.854,0.0,1.1920317172678372e-24,8.73620479400523e-22,6.57758396368135e-09,5.930319141268641e-08,1.3358053690659163e+26,1.7479978105418663e+26,6.657148611217989e+25,0.008817123033651644,0.5819993533852259,3.1520593166147948,0.014637116567503904,0.04615770973365185,26309726.11773837,4321492502.425952,1.2848705275757559e-19,4.6983673285574477e-07,5.095361470527715e-13,0.03407359027997264,1.0,2.257479190366825e-18,9.233806137778259e-20,7.192586655480485e-19,9.020265555838444e-14,1.6472964643566316e+19,13121742640489.854,0.001423445009265464,0.00011277202241723937,8.681547661875778e-06,4.850424414550334e-06,8.681547661875778e-06,4.850424414550334e-06,-1.2472781939562717e-30,2.7528457015738712e+19,-2.5349774472193565e+17,4978.522225655153,3.8914577374790915e-19,-751095.5921721086,1.3975427209784807e+22,1.4325984012722604e+22,0.0,0.0,0.0,0.0,0.3333333333333333,0.3333333333333333,2.0,1.441192019109945e-18,2.42053512429118e-23,0.0,8.162871712568798e-19,,0.0,0.0,0.0,0.0,0.0,1.441192019109945e-18,8.162871712568798e-19,1.0722292079679634e-05,5.11036957068554e-18,9.020265555838444e-20,2.135405819398152e-21,,,9.020265555838444e-20,2.135405819398152e-21,,1.55750448473111e-07,3.9001336285958543,12331594801675.078,1.1247270829279924e-05,0.00010152475158795944,1.1247270829279924e-05,0.00010152475158795944,0.001423445009265464,0.00011277202241723937,False,False,1.0,1.4454518641139502,3.184478646834625e-08,0.2131436339664932,0.6851261289373946,1.0,1.3577681222251654,3.296885756491986e-07,0.18051360480494713,0.7321706252771135,0.20658984365970998,0.17987639182192136,0.008817123033651644,0.005819993533852259,True,AP3.8,119.0,8.3,6.863735268152632e+19,$(U_{0.8}Pu_{0.2})N$,0.8817123033651644,0.39930595317832995,63.98337833940258,9.286259894127731,7.142455363824959,19.188600449466414,2.4532116263589443e+17,4.6983673285574477e-07,ok,
45,TRIAL_045,AP3.8,1700.0,1.1,6.863735268152632e+19,4.412424129573094e-07,519754.0997222178,13121742640489.854,7.789406175697652,2.263750466667708,52495584956059.21,1.0,40,TRIAL_045_AP3p8,rizk2025_refit_plot,rizk2025_refit_full,13121742640489.854,1.9774489655055823e+23,5.434458443340968e+25,1.0104708156789378e+25,4.746465933503154e+21,6.605669053780408e+18,7.68868719807405,65.82231945889558,0.903681841205405,0.7890871422282749,1.6927689834336797,3.8776024697350273,5.570371453168707,648421194860.2334,1.6210529871505834e+17,577.984070950247,0.5,3857314.138195268,3840936.3018433396,1.0042640218594794,288741423.33020717,288735897.6648303,33727091.718860105,33727161.51982969,1.0000191374381278,0.9999979304226493,0.21882728774661162,60.138482573881625,11.182012370447902,28.460677767923865,6.954845969925143,21.505831797998724,2.5718701899251697e+25,6.28479798388037e+24,1.9433903915371326e+25,9.036573938600132e+25,7.0931835470629985e+25,1.0200108820058877,930939523830336.4,8.735079195946426e-05,6.537216636350435e-07,0.0,0.0,0.009422368213764017,0.009422368213764017,2.7730025721314135e+18,3.92041576958277e-05,5485699.832500776,1.0999999999999999,13121742640489.854,0.0,1.903904618437739e-24,1.1945605143156276e-21,7.68868719807405e-09,6.582231945889558e-08,1.5120956455172271e+26,2.4070048463851418e+26,6.464703748674962e+25,0.00903681841205405,0.7890871422282749,3.8776024697350273,0.016927689834336797,0.05570371453168707,38769849.18875179,8074974994.738141,2.3920269728819346e-19,5.77984070950247e-07,7.711037269652707e-13,0.03407359027997264,1.0,4.881873557157333e-18,2.8987370337520676e-19,2.2579440152431845e-18,2.8708990269161864e-13,1.6472964643566316e+19,13121742640489.854,0.0022986327137591114,0.0002448950615160004,8.156943107457745e-06,4.792845678219954e-06,8.156943107457745e-06,4.792845678219954e-06,-5.805604787359374e-31,3.216313750287984e+19,-1.2091696583092806e+17,10451.503412585336,6.624807572159423e-19,-558471.4731475676,1.514522568019965e+22,1.5696688055642497e+22,0.0,0.0,0.0,0.0,0.3333333333333333,0.3333333333333333,2.0,4.065586385900453e-18,8.463999134962283e-24,0.0,8.162871712568798e-19,,0.0,0.0,0.0,0.0,0.0,4.065586385900453e-18,8.162871712568798e-19,1.7337604171564793e-06,1.1051343543227657e-17,2.8708990269161863e-19,2.7838006835881095e-21,,,2.8708990269161863e-19,2.7838006835881095e-21,,1.55750448473111e-07,3.9001336285958543,12252141314576.918,2.6759004858795348e-05,0.00021813605665720504,2.6759004858795348e-05,0.00021813605665720504,0.0022986327137591114,0.0002448950615160004,False,False,1.0,1.4476943770212871,3.6920060197994165e-08,0.21393734540044407,0.6839898511642662,1.0,1.4083365081500379,3.3062183074500195e-07,0.1997216887700498,0.7044007913974918,0.20829164595239932,0.19908642847502175,0.00903681841205405,0.00789087142228275,True,AP3.8,119.0,8.3,6.863735268152632e+19,$(U_{0.8}Pu_{0.2})N$,0.903681841205405,0.21882728774661162,60.138482573881625,11.182012370447902,6.954845969925143,21.505831797998724,1.6210529871505834e+17,5.77984070950247e-07,ok,
45,TRIAL_045,AP3.8,1750.0,1.1,6.863735268152632e+19,4.412424129573094e-07,519754.0997222178,13121742640489.854,7.789406175697652,2.263750466667708,52495584956059.21,1.0,40,TRIAL_045_AP3p8,rizk2025_refit_plot,rizk2025_refit_full,13121742640489.854,1.0009460776758278e+23,4.980747377081452e+25,1.2396427303111123e+25,2.8404548438389487e+21,6.520860833101398e+18,9.182133554904526,73.90153124263819,0.9211011292641174,1.1024371818565581,2.0235383111206753,4.979784695392256,7.003323006512932,393153943819.3226,9.828848595483064e+16,742.2721264398289,0.5,3005565.282139421,2990816.872846647,1.0049312311384468,241777228.5236119,241773873.87424937,30039540.63686875,30039972.956868183,1.000013875152467,0.9999856085090338,0.1107661027815245,55.1176520097508,13.718061056479852,31.053520830987825,6.783340785360658,24.270180045627164,2.806174370430809e+25,6.129816055763347e+24,2.193192764854474e+25,9.036573938600132e+25,6.843381173745657e+25,1.0281177568296538,567994153855260.0,5.703337029258231e-05,5.260228710693886e-07,0.0,0.0,0.01336454530040249,0.01336454530040249,2.602659379321154e+18,4.666432994468405e-05,5485699.832500776,1.0999999999999999,13121742640489.854,0.0,3.2427944815317857e-24,1.6906313599890554e-21,9.182133554904527e-09,7.390153124263819e-08,1.7037282743985278e+26,3.4129070588511464e+26,6.230399568169323e+25,0.009211011292641173,1.1024371818565581,4.979784695392256,0.020235383111206755,0.07003323006512932,62365555.80457674,17160891385.301569,5.066498529319864e-19,7.422721264398289e-07,1.271766461612247e-12,0.03407359027997264,1.0,1.1625332016342075e-17,8.588030780930961e-19,6.689566000206515e-18,8.552344067970446e-13,1.6472964643566316e+19,13121742640489.854,0.0038950369177197415,0.0005860595094462601,7.6194307800418634e-06,4.735293335218918e-06,7.6194307800418634e-06,4.735293335218918e-06,-7.780484846116703e-30,3.615170224852593e+19,-1.6222367027097124e+18,26749.687620958466,1.3176147052763997e-18,-408554.9237680619,1.7822296587526675e+22,1.8471755340890117e+22,0.0,0.0,0.0,0.0,0.3333333333333333,0.3333333333333333,2.0,1.0809044845085196e-17,2.9228774848067563e-24,0.0,8.162871712568798e-19,,0.0,0.0,0.0,0.0,0.0,1.0809044845085196e-17,8.162871712568798e-19,2.514231404916419e-07,2.631685077716142e-17,8.552344067970446e-19,3.568671296051523e-21,,,8.552344067970446e-19,3.568671296051523e-21,,1.55750448473111e-07,3.9001336285958543,12157935151899.13,7.060051575367858e-05,0.0005154589936925816,7.060051575367858e-05,0.0005154589936925816,0.0038950369177197415,0.0005860595094462601,False,False,1.0,1.4489249185487179,4.38118528154491e-08,0.21437206850809123,0.6833676725753386,1.0,1.4742565615587562,3.320489819190901e-07,0.2231955645839625,0.6707660372677117,0.20962147452387878,0.22256213771691571,0.009211011292641173,0.011024371818565581,True,AP3.8,119.0,8.3,6.863735268152632e+19,$(U_{0.8}Pu_{0.2})N$,0.9211011292641174,0.1107661027815245,55.1176520097508,13.718061056479852,6.783340785360658,24.270180045627164,9.828848595483064e+16,7.422721264398289e-07,ok,
45,TRIAL_045,AP3.8,1800.0,1.1,6.863735268152632e+19,4.412424129573094e-07,519754.0997222178,13121742640489.854,7.789406175697652,2.263750466667708,52495584956059.21,1.0,40,TRIAL_045_AP3p8,rizk2025_refit_plot,rizk2025_refit_full,13121742640489.854,4.996404968668572e+22,4.453478045957515e+25,1.5175307051546665e+25,1.656096114523515e+21,6.403159238689361e+18,11.017866820548303,83.13985827020451,0.9278263517884389,1.5413836611354554,2.469210012923894,6.547043654354044,9.016253667277937,227453851589.23703,5.6863462897309256e+16,975.8831581028763,0.5,2288596.690769379,2274862.499231666,1.0060373721674836,201493365.02994388,201490908.91711488,26701616.18747796,26701994.039790165,1.0000121896955163,0.9999858492848271,0.05529092112361527,49.28281532599743,16.793208526435734,33.86868522644323,6.620162215492406,27.248523010950827,3.060568782519282e+25,5.982358534582398e+24,2.4623329290610424e+25,9.036573938600132e+25,6.574241009539089e+25,1.03963062352796,341230614463730.44,3.718879413294792e-05,4.2193969771176633e-07,0.0,0.0,0.01902755534146572,0.01902755534146572,2.4824140195318395e+18,5.474945615719478e-05,5485699.832500776,1.0999999999999999,13121742640489.854,0.0,5.602490964453407e-24,2.4072236901779058e-21,1.1017866820548303e-08,8.313985827020452e-08,1.880157507647195e+26,4.834544983256334e+26,5.976005156080849e+25,0.009278263517884388,1.5413836611354554,6.547043654354044,0.02469210012923894,0.09016253667277938,105205666.8688301,39104391770.84706,1.1513621085964228e-18,9.758831581028763e-07,2.198248112777439e-12,0.03407359027997264,1.0,2.80344615729556e-17,2.4023187514376478e-18,1.8712636518442685e-17,2.3978131732901632e-12,1.6472964643566316e+19,13121742640489.854,0.0065466856966799,0.0014207305699139518,7.131316321060143e-06,4.682944090821457e-06,7.131316321060143e-06,4.682944090821457e-06,-1.3894543937570173e-29,4.0887935154674205e+19,-2.813582928687824e+18,69791.27380346382,2.6108294627347765e-18,-271077.4696274382,2.042731663020489e+22,2.0674998102005614e+22,0.0,0.0,0.0,0.0,0.3333333333333333,0.3333333333333333,2.0,2.721817440169872e-17,1.0037403008245757e-24,0.0,8.162871712568798e-19,,0.0,0.0,0.0,0.0,0.0,2.721817440169872e-17,8.162871712568798e-19,3.580380162509945e-08,6.346302546855616e-17,2.397813173290163e-18,4.50557814748474e-21,,,2.397813173290163e-18,4.50557814748474e-21,,1.55750448473111e-07,3.9001336285958543,12057021196986.268,0.00018801983553603109,0.0012327107343779208,0.00018801983553603109,0.0012327107343779208,0.0065466856966799,0.0014207305699139518,False,False,1.0,1.4481286607559558,5.244390577325828e-08,0.21409083389056438,0.6837701635563119,1.0,1.5539723731687753,3.340711941311215e-07,0.24949868050248838,0.633517574725844,0.21013040666629312,0.24886868347461433,0.009278263517884388,0.015413836611354554,True,AP3.8,119.0,8.3,6.863735268152632e+19,$(U_{0.8}Pu_{0.2})N$,0.9278263517884389,0.05529092112361527,49.28281532599743,16.793208526435734,6.620162215492406,27.248523010950827,5.6863462897309256e+16,9.758831581028763e-07,ok,
