{
    "N_AVOG": 6.022141e+23,
    "N_BOLT": 1.380649e-23,
    "FISSION_ENERGY": 3.215e-11,
    "FISSION_RATE": 2.3795368176432955e+19,
    "FUEL_THERMAL_CONDUCTIVITY": 0.93874475728478,
    "FISSION_YIELD": 0.29776096949880265,
    "LENGTH": 0.001470922663813056,
    "RADIUS": 1.2882098326181413e-05,
    "T_BC": 679.3845894220453,
    "Maximum cur_err_bounds": 0.0009996691952819435,
    "TIME_ELAPSED": 1762819.795277357,
    "COST_FO": 5252.143441200256,
    "COST_POD": 5394.477999925613,
    "COST_EB": 1752172.7212104797
}