{
    "N_AVOG": 6.022141e+23,
    "N_BOLT": 1.380649e-23,
    "FISSION_ENERGY": 3.215e-11,
    "FISSION_RATE": 4.346040975165649e+19,
    "FUEL_THERMAL_CONDUCTIVITY": 1.010397153221858,
    "FISSION_YIELD": 0.13201569898615723,
    "LENGTH": 0.0011485403018141969,
    "RADIUS": 1.9197191965418207e-05,
    "T_BC": 896.9906025156466,
    "Maximum cur_err_bounds": 0.020604887049204906,
    "TIME_ELAPSED": 7787.3070611953735,
    "COST_FO": 58.72162890434265,
    "COST_POD": 55.888389110565186,
    "COST_EB": 7672.692127466202
}