{
    "N_AVOG": 6.022141e+23,
    "N_BOLT": 1.380649e-23,
    "FISSION_ENERGY": 3.215e-11,
    "FISSION_RATE": 4.6856822211881026e+19,
    "FUEL_THERMAL_CONDUCTIVITY": 2.385618493124584,
    "FISSION_YIELD": 0.22957461346237634,
    "LENGTH": 0.0007973920805748817,
    "RADIUS": 1.9616931773077796e-05,
    "T_BC": 1532.692175675584,
    "Maximum cur_err_bounds": 0.05351020570861673,
    "TIME_ELAPSED": 3398.8009264469147,
    "COST_FO": 40.30993366241455,
    "COST_POD": 37.74871039390564,
    "COST_EB": 3320.7389130592346
}