{
    "N_AVOG": 6.022141e+23,
    "N_BOLT": 1.380649e-23,
    "FISSION_ENERGY": 3.215e-11,
    "FISSION_RATE": 4.79389038123883e+18,
    "FUEL_THERMAL_CONDUCTIVITY": 7.086250042104117,
    "FISSION_YIELD": 0.1477903867382465,
    "LENGTH": 0.00021624577623088805,
    "RADIUS": 9.11352881596857e-06,
    "T_BC": 1545.3501996049927,
    "Maximum cur_err_bounds": 1.3359331372988068,
    "TIME_ELAPSED": 528.3735072612762,
    "COST_FO": 11.0392324924469,
    "COST_POD": 10.333210229873657,
    "COST_EB": 507.0001337528229
}