Time (h)	Temperature (K)	Fission rate (fiss / m3 s)	Hydrostatic stress (MPa)	Steam pressure (atm)	System pressure (Pa)	O/M ratio (/)	Grain radius (m)	Xe produced (at/m3)	Xe in grain (at/m3)	Xe in intragranular solution (at/m3)	Xe in intragranular bubbles (at/m3)	Xe at grain boundary (at/m3)	Xe released (at/m3)	Kr produced (at/m3)	Kr in grain (at/m3)	Kr in intragranular solution (at/m3)	Kr in intragranular bubbles (at/m3)	Kr at grain boundary (at/m3)	Kr released (at/m3)	Fission gas release (/)	Cs produced (at/m3)	Cs in grain (at/m3)	Cs in intragranular solution (at/m3)	Cs in intragranular bubbles (at/m3)	Cs at grain boundary (at/m3)	Cs released (at/m3)	Cs reacted (at/m3)	I produced (at/m3)	I in grain (at/m3)	I in intragranular solution (at/m3)	I in intragranular bubbles (at/m3)	I at grain boundary (at/m3)	I released (at/m3)	I reacted (at/m3)	Te produced (at/m3)	Te in grain (at/m3)	Te in intragranular solution (at/m3)	Te in intragranular bubbles (at/m3)	Te at grain boundary (at/m3)	Te released (at/m3)	Te reacted (at/m3)	Mo produced (at/m3)	Mo in solution (at/m3)	Mo reacted (at/m3)	Ba produced (at/m3)	Ba in solution (at/m3)	Ba reacted (at/m3)	Tc produced (at/m3)	Tc in solution (at/m3)	Tc reacted (at/m3)	Ru produced (at/m3)	Ru in solution (at/m3)	Ru reacted (at/m3)	Rh produced (at/m3)	Rh in solution (at/m3)	Rh reacted (at/m3)	Pd produced (at/m3)	Pd in solution (at/m3)	Pd reacted (at/m3)	Intragranular bubble concentration (bub/m3)	Intragranular bubble radius (m)	Intragranular gas bubble swelling (/)	Intergranular bubble concentration (bub/m2)	Intergranular atoms per bubble (at/bub)	Intergranular vacancies per bubble (vac/bub)	Intergranular bubble radius (m)	Intergranular bubble area (m2)	Intergranular bubble volume (m3)	Intergranular fractional coverage (/)	Intergranular saturation fractional coverage (/)	Intergranular gas swelling (/)	Intergranular fractional intactness (/)	Burnup (MWd/kgUO2)	FIMA (%)	Fuel density (kg/m3)	U235 (at/m3)	U238 (at/m3)	Pu (at/m3)	Pu238 (at/m3)	Pu239 (at/m3)	Pu240 (at/m3)	Pu241 (at/m3)	Pu242 (at/m3)	q (-)	Intergranular vented fraction (/)	Intergranular venting probability (/)	Porosity (/)	Fabrication porosity (/)	Open porosity (/)	Residual porosity (/)	Densification factor (/)	Gap oxygen partial pressure (MPa)	Stoichiometry deviation (/)	Equilibrium stoichiometry deviation (/)	Fuel oxygen partial pressure (MPa)	Fuel oxygen partial pressure - Blackburn (MPa)	Fuel oxygen partial pressure - Kato (MPa)	Fuel oxygen partial pressure - CALPHAD (MPa)	Fuel oxygen potential (KJ/mol)	Fuel oxygen potential - Blackburn (KJ/mol)	Fuel oxygen potential - Kato (KJ/mol)	Fuel oxygen potential - CALPHAD (KJ/mol)	U content (mol/m3)	O content (mol/m3)	O available content (mol/m3)	Pu content (mol/m3)	Mo/Ru in HCP_A3 (/)	Mo in oxide fraction (/)	Mo oxide valence (/)	Ba/Mo in oxide compounds (/)	Ba in oxide fraction (/)	Ba oxide valence (/)	JOG (Cs2MoO4) (/)	JOG (BaMoO4) (/)	
0	1760.328	3.45e+19	0	0	100000	1.975	1e-05	0	0	0	0	0	0	0	0	0	0	0	0	0	0	0	0	0	0	0	0	0	0	0	0	0	0	0	0	0	0	0	0	0	0	0	0	0	0	0	0	0	0	0	0	0	0	0	0	0	0	0	0	0	0	0	2e+13	0	0	0	0	0	0	0.5	0	1	0	0	10569.8	1.117189e+26	1.827432e+28	5.151575e+27	6.741065e+25	3.118866e+27	1.203261e+27	5.325573e+26	2.294797e+26	0.2188657	0	0.02323429	0.03560219	0.03560219	0.001424136	0.02670164	0	0	-0.025	0	1.001208e-15	0	1.001208e-15	0	-471.9599	0	-471.9599	0	30531.45	77194.93	1	8554.591	0	0	0	0	0	0	0	0	
28	1760.328	3.45e+19	0	0	100000	1.97469344	1.078163e-05	8.137584e+23	6.521306e+23	6.521306e+23	0	1.579023e+23	3.725516e+21	5.91192e+22	4.737701e+22	4.737701e+22	0	1.147154e+22	2.706571e+20	0.00457816	5.91192e+23	4.737701e+23	4.737701e+23	0	1.147154e+23	2.706571e+21	0	0	0	0	0	0	0	0	0	0	0	0	0	0	0	7.615944e+23	7.615944e+23	0	3.442824e+23	3.442824e+23	0	1.843128e+23	1.843128e+23	0	6.885648e+23	6.885648e+23	0	2.051784e+23	2.051784e+23	0	6.572664e+23	6.572664e+23	0	1.316251e+24	0	0	1.737558e+13	59321.27	1305935	4.404658e-08	4.147265e-15	6.035461e-23	0.07206112	0.5	0.0002918009	1	0.1188102	0.01477465	10569.8	1.117189e+26	1.827432e+28	5.151575e+27	6.741065e+25	3.118866e+27	1.203261e+27	5.325573e+26	2.294797e+26	0.2188657	0	0.02304343	0.03560219	0.03560219	0.001424136	0.02670164	0	0	-0.02530656	0	9.565881e-16	0	9.565881e-16	0	-472.6271	0	-472.6271	0	30536.19	77194.93	1	8555.92	0	0	0	0	0	0	0	0	
56	1760.328	3.45e+19	0	0	100000	1.97438688	1.123049e-05	1.627517e+24	1.415902e+24	9.794723e+22	1.317954e+24	2.067235e+23	4.891753e+21	1.182384e+23	1.028646e+23	7.115825e+21	9.574881e+22	1.501838e+22	3.553838e+20	0.003005654	1.182384e+24	1.028646e+24	7.115825e+22	9.574881e+23	1.352016e+23	3.200272e+21	1.533576e+22	0	0	0	0	0	0	0	0	0	0	0	0	0	0	1.523189e+24	3.671656e+16	1.523189e+24	6.885648e+23	3.674273e+18	6.885611e+23	3.686256e+23	1.16706e+11	3.686256e+23	1.37713e+24	2.19984e+11	1.37713e+24	4.103568e+23	9.537999e+11	4.103568e+23	1.314533e+24	2.249436e+18	1.314531e+24	1.326215e+24	0	0	1.517857e+13	89449.16	4226056	6.375915e-08	8.690054e-15	1.830634e-22	0.1319026	0.5	0.0007422578	1	0.2376204	0.0295493	10569.8	1.117189e+26	1.827432e+28	5.151575e+27	6.741065e+25	3.118866e+27	1.203261e+27	5.325573e+26	2.294797e+26	0.2188657	0	0.02288079	0.03560219	0.03560219	0.001424136	0.02670164	0	0	-0.02561312	0	9.144023e-16	0	9.144023e-16	0	-473.2872	0	-473.2872	0	30540.93	77194.93	1.143372	8557.248	1.106061	1	0	0.4524025	1	2	0	0	
84	1760.328	3.45e+19	0	0	100000	1.97408032	1.140862e-05	2.441275e+24	2.164179e+24	1.48663e+23	2.015516e+24	2.703232e+23	6.773151e+21	1.773576e+23	1.572267e+23	1.08003e+22	1.464264e+23	1.963887e+22	4.920665e+20	0.002774432	1.773576e+24	1.572267e+24	1.08003e+23	1.464264e+24	1.739483e+23	4.357398e+21	2.300364e+22	0	0	0	0	0	0	0	0	0	0	0	0	0	0	2.284783e+24	4.333501e+16	2.284783e+24	1.032847e+24	4.798705e+18	1.032842e+24	5.529384e+23	1.50601e+11	5.529384e+23	2.065694e+24	2.838743e+11	2.065694e+24	6.155352e+23	1.230814e+12	6.155352e+23	1.971799e+24	2.902744e+18	1.971796e+24	1.326291e+24	2.595453e-10	9.713296e-05	1.31117e+13	137272.1	9245883	8.230194e-08	1.447964e-14	3.937351e-22	0.1898526	0.5	0.001357536	1	0.3564306	0.04432395	10569.8	1.117189e+26	1.827432e+28	5.151575e+27	6.741065e+25	3.118866e+27	1.203261e+27	5.325573e+26	2.294797e+26	0.2188657	0	0.02275626	0.03560219	0.03560219	0.001424136	0.02670164	0	0	-0.02591968	0	8.744947e-16	0	8.744947e-16	0	-473.9403	0	-473.9403	0	30545.67	77194.93	1.715057	8558.577	1.106061	1	0	0.4524028	1	2	0	0	
112	1760.328	3.45e+19	0	0	100000	1.97377376	1.140862e-05	3.255034e+24	2.914279e+24	1.449239e+23	2.769355e+24	3.297329e+23	1.102142e+22	2.364768e+23	2.117211e+23	1.052866e+22	2.011925e+23	2.395496e+22	8.007014e+20	0.003385962	2.364768e+24	2.117211e+24	1.052866e+23	2.011925e+24	2.098832e+23	7.00188e+21	3.067153e+22	0	0	0	0	0	0	0	0	0	0	0	0	0	0	3.046378e+24	4.815086e+16	3.046378e+24	1.37713e+24	5.894619e+18	1.377124e+24	7.372512e+23	1.827864e+11	7.372512e+23	2.754259e+24	3.44542e+11	2.754259e+24	8.207136e+23	1.493855e+12	8.207136e+23	2.629066e+24	3.523099e+18	2.629062e+24	8.383557e+23	3.484231e-10	0.0001485381	1.126225e+13	194365.4	1.683367e+07	1.001986e-07	2.146152e-14	7.104909e-22	0.2417051	0.5	0.002104127	1	0.4752408	0.0590986	10569.8	1.117189e+26	1.827432e+28	5.151575e+27	6.741065e+25	3.118866e+27	1.203261e+27	5.325573e+26	2.294797e+26	0.2188657	0	0.02265978	0.03560219	0.03560219	0.001424136	0.02670164	0	0	-0.02622624	0	8.367204e-16	0	8.367204e-16	0	-474.5865	0	-474.5865	0	30550.42	77194.93	2.286742	8559.907	1.106061	1	0	0.452403	1	2	0	0	
140	1760.328	3.45e+19	0	0	100000	1.9734672	1.140862e-05	4.068792e+24	3.631051e+24	2.682912e+23	3.36276e+24	4.06742e+23	3.099884e+22	2.95596e+23	2.637943e+23	1.949124e+22	2.443031e+23	2.954963e+22	2.252053e+21	0.007618685	2.95596e+24	2.637943e+24	1.949124e+23	2.443031e+24	2.59859e+23	1.981837e+22	3.833942e+22	0	0	0	0	0	0	0	0	0	0	0	0	0	0	3.807972e+24	5.660866e+16	3.807972e+24	1.721412e+24	7.654197e+18	1.721404e+24	9.21564e+23	2.345172e+11	9.21564e+23	3.442824e+24	4.420516e+11	3.442824e+24	1.025892e+24	1.916635e+12	1.025892e+24	3.286332e+24	4.52018e+18	3.286327e+24	7.298898e+23	4.058803e-10	0.0002044278	9.375846e+12	288490.8	3.081086e+07	1.223265e-07	3.198735e-14	1.292811e-21	0.2999084	0.5	0.003187378	1	0.594051	0.07387325	10569.8	1.117189e+26	1.827432e+28	5.151575e+27	6.741065e+25	3.118866e+27	1.203261e+27	5.325573e+26	2.294797e+26	0.2188657	0	0.02256392	0.03560219	0.03560219	0.001424136	0.02670164	0	0	-0.0265328	0	8.009452e-16	0	8.009452e-16	0	-475.226	0	-475.226	0	30555.17	77194.93	2.858426	8561.237	1.106061	1	0	0.4524029	1	2	0	0	
168	1760.328	3.45e+19	0	0	100000	1.97316064	1.140862e-05	4.88255e+24	4.33023e+24	3.587148e+23	3.971515e+24	4.610813e+23	9.123882e+22	3.547152e+23	3.145894e+23	2.606047e+22	2.885289e+23	3.349736e+22	6.628461e+21	0.01868671	3.547152e+24	3.145894e+24	2.606047e+23	2.885289e+24	2.964056e+23	5.884532e+22	4.60073e+22	0	0	0	0	0	0	0	0	0	0	0	0	0	0	4.569566e+24	6.386742e+16	4.569566e+24	2.065694e+24	9.529474e+18	2.065685e+24	1.105877e+24	2.884921e+11	1.105877e+24	4.131389e+24	5.437912e+11	4.131389e+24	1.23107e+24	2.357755e+12	1.23107e+24	3.943598e+24	5.560513e+18	3.943593e+24	6.712566e+23	4.452231e-10	0.0002481478	7.567256e+12	406162.4	5.571965e+07	1.487564e-07	4.730301e-14	2.324882e-21	0.357954	0.5	0.004626231	1	0.7128612	0.0886479	10569.8	1.117189e+26	1.827432e+28	5.151575e+27	6.741065e+25	3.118866e+27	1.203261e+27	5.325573e+26	2.294797e+26	0.2188657	0	0.0224687	0.03560219	0.03560219	0.001424136	0.02670164	0	0	-0.02683936	0	7.670447e-16	0	7.670447e-16	0	-475.859	0	-475.859	0	30559.91	77194.93	3.43011	8562.567	1.106061	1	0	0.4524028	1	2	0	0	
196	1760.328	3.45e+19	0	0	100000	1.97285408	1.140862e-05	5.696309e+24	5.015005e+24	4.457462e+23	4.569258e+24	4.996217e+23	1.816825e+23	4.138344e+23	3.643379e+23	3.238327e+22	3.319547e+23	3.62973e+22	1.319916e+22	0.03189478	4.138344e+24	3.643379e+24	3.238327e+23	3.319547e+24	3.232288e+23	1.180606e+23	5.367519e+22	0	0	0	0	0	0	0	0	0	0	0	0	0	0	5.331161e+24	6.684425e+16	5.331161e+24	2.409977e+24	1.099608e+19	2.409966e+24	1.29019e+24	3.289249e+11	1.29019e+24	4.819954e+24	6.200048e+11	4.819954e+24	1.436249e+24	2.688201e+12	1.436249e+24	4.600865e+24	6.339832e+18	4.600858e+24	6.351251e+23	4.793609e-10	0.000293046	6.02836e+12	553768.5	9.492436e+07	1.7743e-07	6.729632e-14	3.94507e-21	0.4056865	0.5	0.006253771	1	0.8316714	0.1034226	10569.8	1.117189e+26	1.827432e+28	5.151575e+27	6.741065e+25	3.118866e+27	1.203261e+27	5.325573e+26	2.294797e+26	0.2188657	0	0.02237414	0.03560219	0.03560219	0.001424136	0.02670164	0	0	-0.02714592	0	7.349032e-16	0	7.349032e-16	0	-476.4855	0	-476.4855	0	30564.66	77194.93	4.001793	8563.898	1.106061	1	0	0.4524029	1	2	0	0	
224	1760.328	3.45e+19	0	0	100000	1.97254752	1.140862e-05	6.510067e+24	5.687478e+24	5.29617e+23	5.157861e+24	5.492839e+23	2.733052e+23	4.729536e+23	4.131928e+23	3.847645e+22	3.747164e+23	3.990524e+22	1.985551e+22	0.04198194	4.729536e+24	4.131928e+24	3.847645e+23	3.747164e+24	3.575319e+23	1.787325e+23	6.134311e+22	0	0	0	0	0	0	0	0	0	0	0	0	0	0	6.092755e+24	6.715543e+16	6.092755e+24	2.754259e+24	1.216914e+19	2.754247e+24	1.474502e+24	3.596805e+11	1.474502e+24	5.508518e+24	6.779775e+11	5.508518e+24	1.641427e+24	2.939558e+12	1.641427e+24	5.258131e+24	6.932631e+18	5.258124e+24	6.061262e+23	5.101728e-10	0.0003371348	4.796855e+12	766826.2	1.523929e+08	2.076075e-07	9.21348e-14	6.3198e-21	0.4419573	0.5	0.007971645	1	0.9504816	0.1181972	10569.8	1.117189e+26	1.827432e+28	5.151575e+27	6.741065e+25	3.118866e+27	1.203261e+27	5.325573e+26	2.294797e+26	0.2188657	0	0.02228025	0.03560219	0.03560219	0.001424136	0.02670164	0	0	-0.02745248	0	7.04413e-16	0	7.04413e-16	0	-477.1056	0	-477.1056	0	30569.41	77194.93	4.573476	8565.229	1.106061	1	0	0.4524029	1	2	0	0	
252	1760.328	3.45e+19	0	0	100000	1.97224096	1.140862e-05	7.323826e+24	6.348268e+24	6.15295e+23	5.732973e+24	6.128597e+23	3.626979e+23	5.320728e+23	4.61199e+23	4.470092e+22	4.16498e+23	4.4524e+22	2.634985e+22	0.04952301	5.320728e+24	4.61199e+24	4.470092e+23	4.16498e+24	4.011942e+23	2.385333e+23	6.901098e+22	0	0	0	0	0	0	0	0	0	0	0	0	0	0	6.85435e+24	6.806995e+16	6.85435e+24	3.098542e+24	1.357578e+19	3.098528e+24	1.658815e+24	3.964835e+11	1.658815e+24	6.197083e+24	7.473493e+11	6.197083e+24	1.846606e+24	3.240339e+12	1.846606e+24	5.915398e+24	7.641988e+18	5.91539e+24	5.8163e+23	5.385507e-10	0.000380553	3.801619e+12	1081801	2.389462e+08	2.410784e-07	1.242379e-13	9.895753e-21	0.4723051	0.5	0.009892487	1	1.069292	0.1329719	10569.8	1.117189e+26	1.827432e+28	5.151575e+27	6.741065e+25	3.118866e+27	1.203261e+27	5.325573e+26	2.294797e+26	0.2188657	0	0.02218706	0.03560219	0.03560219	0.001424136	0.02670164	0	0	-0.02775904	0	6.754743e-16	0	6.754743e-16	0	-477.7196	0	-477.7196	0	30574.17	77194.93	5.145159	8566.561	1.106061	1	0	0.4524029	1	2	0	0	
280	1760.328	3.45e+19	0	0	100000	1.9719344	1.140862e-05	8.137584e+24	6.997844e+24	7.030513e+23	6.294793e+24	6.900144e+23	4.497252e+23	5.91192e+23	5.083904e+23	5.107638e+22	4.57314e+23	5.012925e+22	3.267235e+22	0.0552652	5.91192e+24	5.083904e+24	5.107638e+23	4.57314e+24	4.540784e+23	2.972587e+23	7.66789e+22	0	0	0	0	0	0	0	0	0	0	0	0	0	0	7.615944e+24	6.96847e+16	7.615944e+24	3.442824e+24	1.52831e+19	3.442809e+24	1.843128e+24	4.410424e+11	1.843128e+24	6.885648e+24	8.313402e+11	6.885648e+24	2.051784e+24	3.604506e+12	2.051784e+24	6.572664e+24	8.500834e+18	6.572655e+24	5.603616e+23	5.64832e-10	0.0004229752	2.991474e+12	1550776	3.714354e+08	2.791785e-07	1.666101e-13	1.536808e-20	0.4984097	0.5	0.01208907	1	1.188102	0.1477465	10569.8	1.117189e+26	1.827432e+28	5.151575e+27	6.741065e+25	3.118866e+27	1.203261e+27	5.325573e+26	2.294797e+26	0.2188657	0	0.02209459	0.03560219	0.03560219	0.001424136	0.02670164	0	0	-0.0280656	0	6.47994e-16	0	6.47994e-16	0	-478.3274	0	-478.3274	0	30578.92	77194.93	5.71684	8567.893	1.106061	1	0	0.4524029	1	2	0	0	
308	1760.328	3.45e+19	0	0	100000	1.97162784	1.140862e-05	8.951342e+24	7.636603e+24	7.928709e+23	6.843732e+24	7.796754e+23	5.35064e+23	6.503112e+23	5.547959e+23	5.760173e+22	4.971942e+23	5.664308e+22	3.887217e+22	0.05977473	6.503112e+24	5.547959e+24	5.760173e+23	4.971942e+24	5.155461e+23	3.552597e+23	8.434681e+22	0	0	0	0	0	0	0	0	0	0	0	0	0	0	8.377538e+24	7.178536e+16	8.377538e+24	3.787106e+24	1.729875e+19	3.787089e+24	2.027441e+24	4.932853e+11	2.027441e+24	7.574213e+24	9.298154e+11	7.574213e+24	2.256962e+24	4.031473e+12	2.256962e+24	7.22993e+24	9.507788e+18	7.229921e+24	5.416891e+23	5.893267e-10	0.0004644158	2.33899e+12	2244952	5.726363e+08	3.22439e-07	2.222453e-13	2.367645e-20	0.5198295	0.5	0.0145624	1	1.306912	0.1625212	10569.8	1.117189e+26	1.827432e+28	5.151575e+27	6.741065e+25	3.118866e+27	1.203261e+27	5.325573e+26	2.294797e+26	0.2188657	0	0.02200284	0.03560219	0.03560219	0.001424136	0.02670164	0	0	-0.02837216	0	6.218853e-16	0	6.218853e-16	0	-478.9293	0	-478.9293	0	30583.67	77194.93	6.288522	8569.225	1.106061	1	0	0.4524029	1	2	0	0	
336	1760.328	3.45e+19	0	0	100000	1.97132128	1.140862e-05	9.765101e+24	8.264921e+24	8.844731e+23	7.380447e+24	8.799685e+23	6.202118e+23	7.094304e+23	6.004429e+23	6.425659e+22	5.361864e+23	6.392933e+22	4.505812e+22	0.06351309	7.094304e+24	6.004429e+24	6.425659e+23	5.361864e+24	5.844003e+23	4.134595e+23	9.201468e+22	0	0	0	0	0	0	0	0	0	0	0	0	0	0	9.139133e+24	7.413739e+16	9.139133e+24	4.131389e+24	1.961396e+19	4.131369e+24	2.211754e+24	5.526753e+11	2.211754e+24	8.262778e+24	1.041762e+12	8.262778e+24	2.462141e+24	4.516851e+12	2.462141e+24	7.887197e+24	1.06525e+19	7.887186e+24	5.251144e+23	6.122879e-10	0.000504905	1.825783e+12	3250971	8.687956e+08	3.704453e-07	2.933497e-13	3.590429e-20	0.535593	0.5	0.01723787	1	1.425722	0.1772958	10569.8	1.117189e+26	1.827432e+28	5.151575e+27	6.741065e+25	3.118866e+27	1.203261e+27	5.325573e+26	2.294797e+26	0.2188657	0	0.02191184	0.03560219	0.03560219	0.001424136	0.02670164	0	0	-0.02867872	0	5.970676e-16	0	5.970676e-16	0	-479.5253	0	-479.5253	0	30588.43	77194.93	6.860202	8570.558	1.106061	1	0	0.4524028	1	2	0	0	
364	1760.328	3.45e+19	0	0	100000	1.97101472	1.140862e-05	1.057886e+25	8.883143e+24	9.776557e+23	7.905487e+24	9.891217e+23	7.065947e+23	7.685496e+23	6.453565e+23	7.102627e+22	5.743303e+23	7.185927e+22	5.133381e+22	0.06679309	7.685496e+24	6.453565e+24	7.102627e+23	5.743303e+24	6.594852e+23	4.727629e+23	9.96826e+22	0	0	0	0	0	0	0	0	0	0	0	0	0	0	9.900727e+24	7.650093e+16	9.900727e+24	4.475671e+24	2.220229e+19	4.475649e+24	2.396066e+24	6.182021e+11	2.396066e+24	8.951342e+24	1.165277e+12	8.951342e+24	2.667319e+24	5.052384e+12	2.667319e+24	8.544463e+24	1.191549e+19	8.544451e+24	5.102591e+23	6.339241e-10	0.0005444916	1.433088e+12	4662082	1.28347e+09	4.218625e-07	3.80434e-13	5.302574e-20	0.5451952	0.5	0.01998239	1	1.544533	0.1920705	10569.8	1.117189e+26	1.827432e+28	5.151575e+27	6.741065e+25	3.118866e+27	1.203261e+27	5.325573e+26	2.294797e+26	0.2188657	0	0.02182161	0.03560219	0.03560219	0.001424136	0.02670164	0	0	-0.02898528	0	5.734654e-16	0	5.734654e-16	0	-480.1156	0	-480.1156	0	30593.19	77194.93	7.431882	8571.891	1.106061	1	0	0.4524027	1	2	0	0	
392	1760.328	3.45e+19	0	0	100000	1.97070816	1.140862e-05	1.139262e+25	9.491585e+24	1.072253e+24	8.419332e+24	1.105977e+24	7.950555e+23	8.276688e+23	6.895596e+23	7.789871e+22	6.116609e+23	8.034875e+22	5.776044e+22	0.0697869	8.276688e+24	6.895596e+24	7.789871e+23	6.116609e+24	7.400376e+23	5.337039e+23	1.073505e+23	0	0	0	0	0	0	0	0	0	0	0	0	0	0	1.066232e+25	7.870301e+16	1.066232e+25	4.819954e+24	2.503698e+19	4.819929e+24	2.580379e+24	6.888906e+11	2.580379e+24	9.639907e+24	1.298521e+12	9.639907e+24	2.872498e+24	5.630102e+12	2.872498e+24	9.20173e+24	1.327797e+19	9.201716e+24	4.96831e+23	6.544012e-10	0.0005832161	1.139447e+12	6564536	1.830056e+09	4.74803e-07	4.819083e-13	7.55987e-20	0.5491088	0.5	0.02265147	1	1.663343	0.2068451	10569.8	1.117189e+26	1.827432e+28	5.151575e+27	6.741065e+25	3.118866e+27	1.203261e+27	5.325573e+26	2.294797e+26	0.2188657	0	0.02173215	0.03560219	0.03560219	0.001424136	0.02670164	0	0	-0.02929184	0	5.510086e-16	0	5.510086e-16	0	-480.7003	0	-480.7003	0	30597.95	77194.93	8.003561	8573.225	1.106061	1	0	0.4524025	1	2	0	0	
420	1760.328	3.45e+19	0	0	100000	1.9704016	1.140862e-05	1.220638e+25	1.009054e+25	1.168126e+24	8.92241e+24	1.229492e+24	8.863485e+23	8.86788e+23	7.330731e+23	8.486387e+22	6.482092e+23	8.932205e+22	6.439284e+22	0.07261356	8.86788e+24	7.330731e+24	8.486387e+23	6.482092e+24	8.253615e+23	5.96769e+23	1.150184e+23	0	0	0	0	0	0	0	0	0	0	0	0	0	0	1.142392e+25	8.065398e+16	1.142392e+25	5.164236e+24	2.810214e+19	5.164208e+24	2.764692e+24	7.641015e+11	2.764692e+24	1.032847e+25	1.440289e+12	1.032847e+25	3.077676e+24	6.24478e+12	3.077676e+24	9.858996e+24	1.472762e+19	9.858981e+24	4.846048e+23	6.738528e-10	0.0006211143	9.228317e+11	9020956	2.507618e+09	5.273728e-07	5.945288e-13	1.035922e-19	0.54865	0.5	0.0251384	1	1.782153	0.2216198	10569.8	1.117189e+26	1.827432e+28	5.151575e+27	6.741065e+25	3.118866e+27	1.203261e+27	5.325573e+26	2.294797e+26	0.2188657	0	0.0216435	0.03560219	0.03560219	0.001424136	0.02670164	0	0	-0.0295984	0	5.296316e-16	0	5.296316e-16	0	-481.2794	0	-481.2794	0	30602.71	77194.93	8.575239	8574.559	1.106061	1	0	0.4524024	1	2	0	0	
448	1760.328	3.45e+19	0	0	100000	1.97009504	1.140862e-05	1.302013e+25	1.068026e+25	1.26515e+24	9.415109e+24	1.358545e+24	9.813303e+23	9.459072e+23	7.759162e+23	9.191263e+22	6.840036e+23	9.869773e+22	7.129322e+22	0.07537021	9.459072e+24	7.759162e+24	9.191263e+23	6.840036e+24	9.147013e+23	6.62522e+23	1.226863e+23	0	0	0	0	0	0	0	0	0	0	0	0	0	0	1.218551e+25	8.22978e+16	1.218551e+25	5.508518e+24	3.138294e+19	5.508487e+24	2.949005e+24	8.432511e+11	2.949005e+24	1.101704e+25	1.589482e+12	1.101704e+25	3.282854e+24	6.89165e+12	3.282854e+24	1.051626e+25	1.625318e+19	1.051625e+25	4.734044e+23	6.92388e-10	0.0006582176	7.63514e+11	1.206032e+07	3.302301e+09	5.780857e-07	7.143678e-13	1.364428e-19	0.5454299	0.5	0.02739401	1	1.900963	0.2363944	10569.8	1.117189e+26	1.827432e+28	5.151575e+27	6.741065e+25	3.118866e+27	1.203261e+27	5.325573e+26	2.294797e+26	0.2188657	0	0.02155565	0.03560219	0.03560219	0.001424136	0.02670164	0	0	-0.02990496	0	5.092729e-16	0	5.092729e-16	0	-481.853	0	-481.853	0	30607.47	77194.93	9.146918	8575.893	1.106061	1	0	0.4524024	1	2	0	0	
476	1760.328	3.45e+19	0	0	100000	1.96978848	1.140862e-05	1.383389e+25	1.1261e+25	1.363209e+24	9.89779e+24	1.493146e+24	1.079748e+24	1.005026e+24	8.181068e+23	9.903655e+22	7.190702e+23	1.084764e+23	7.844321e+22	0.0780509	1.005026e+25	8.181068e+24	9.903655e+23	7.190702e+24	1.008059e+24	7.307833e+23	1.303542e+23	0	0	0	0	0	0	0	0	0	0	0	0	0	0	1.29471e+25	8.359392e+16	1.29471e+25	5.852801e+24	3.486162e+19	5.852766e+24	3.133318e+24	9.257019e+11	3.133318e+24	1.17056e+25	1.744898e+12	1.17056e+25	3.488033e+24	7.565499e+12	3.488033e+24	1.117353e+25	1.784238e+19	1.117351e+25	4.630893e+23	7.100971e-10	0.0006945548	6.456161e+11	1.569072e+07	4.192735e+09	6.260218e-07	8.377537e-13	1.732776e-19	0.5408673	0.5	0.02941743	1	2.019773	0.2511691	10569.8	1.117189e+26	1.827432e+28	5.151575e+27	6.741065e+25	3.118866e+27	1.203261e+27	5.325573e+26	2.294797e+26	0.2188657	0	0.02146863	0.03560219	0.03560219	0.001424136	0.02670164	0	0	-0.03021152	0	4.898753e-16	0	4.898753e-16	0	-482.4214	0	-482.4214	0	30612.24	77194.93	9.718595	8577.228	1.106061	1	0	0.4524022	1	2	0	0	
504	1760.328	3.45e+19	0	0	100000	1.96948192	1.140862e-05	1.464765e+25	1.183298e+25	1.462194e+24	1.037079e+25	1.633269e+24	1.181399e+24	1.064146e+24	8.596612e+23	1.062277e+23	7.534334e+23	1.186563e+23	8.582812e+22	0.08065449	1.064146e+25	8.596612e+24	1.062277e+24	7.534334e+24	1.105414e+24	8.014084e+23	1.380221e+23	0	0	0	0	0	0	0	0	0	0	0	0	0	0	1.37087e+25	8.457424e+16	1.37087e+25	6.197083e+24	3.854416e+19	6.197045e+24	3.31763e+24	1.011466e+12	3.31763e+24	1.239417e+25	1.906559e+12	1.239417e+25	3.693211e+24	8.266429e+12	3.693211e+24	1.18308e+25	1.949544e+19	1.183078e+25	4.535459e+23	7.270562e-10	0.0007301527	5.572205e+11	1.990328e+07	5.156504e+09	6.707952e-07	9.618722e-13	2.131787e-19	0.5359749	0.5	0.03123625	1	2.138584	0.2659437	10569.8	1.117189e+26	1.827432e+28	5.151575e+27	6.741065e+25	3.118866e+27	1.203261e+27	5.325573e+26	2.294797e+26	0.2188657	0	0.02138245	0.03560219	0.03560219	0.001424136	0.02670164	0	0	-0.03051808	0	4.713851e-16	0	4.713851e-16	0	-482.9845	0	-482.9845	0	30617	77194.93	10.29027	8578.563	1.106061	1	0	0.4524021	1	2	0	0	
532	1760.328	3.45e+19	0	0	100000	1.96917536	1.140862e-05	1.546141e+25	1.239643e+25	1.562003e+24	1.083442e+25	1.778853e+24	1.286132e+24	1.123265e+24	9.00595e+23	1.134788e+23	7.871162e+23	1.292329e+23	9.343691e+22	0.08318334	1.123265e+25	9.00595e+24	1.134788e+24	7.871162e+24	1.20672e+24	8.742881e+23	1.4569e+23	0	0	0	0	0	0	0	0	0	0	0	0	0	0	1.447029e+25	8.52666e+16	1.447029e+25	6.541366e+24	4.243581e+19	6.541323e+24	3.501943e+24	1.100535e+12	3.501943e+24	1.308273e+25	2.074449e+12	1.308273e+25	3.89839e+24	8.994367e+12	3.89839e+24	1.248806e+25	2.121219e+19	1.248804e+25	4.446805e+23	7.433302e-10	0.0007650361	4.897685e+11	2.468265e+07	6.174368e+09	7.124018e-07	1.084894e-12	2.553576e-19	0.5313471	0.5	0.03288726	1	2.257394	0.2807184	10569.8	1.117189e+26	1.827432e+28	5.151575e+27	6.741065e+25	3.118866e+27	1.203261e+27	5.325573e+26	2.294797e+26	0.2188657	0	0.02129712	0.03560219	0.03560219	0.001424136	0.02670164	0	0	-0.03082464	0	4.537523e-16	0	4.537523e-16	0	-483.5424	0	-483.5424	0	30621.77	77194.93	10.86195	8579.899	1.106061	1	0	0.452402	1	2	0	0	
560	1760.328	3.45e+19	0	0	100000	1.9688688	1.140862e-05	1.627517e+25	1.295152e+25	1.662542e+24	1.128898e+25	1.929804e+24	1.39384e+24	1.182384e+24	9.409227e+23	1.20783e+23	8.201397e+23	1.401994e+23	1.012619e+23	0.08564212	1.182384e+25	9.409227e+24	1.20783e+24	8.201397e+24	1.31191e+24	9.493448e+23	1.533579e+23	0	0	0	0	0	0	0	0	0	0	0	0	0	0	1.523189e+25	8.569557e+16	1.523189e+25	6.885648e+24	4.654107e+19	6.885601e+24	3.686256e+24	1.192878e+12	3.686256e+24	1.37713e+25	2.24851e+12	1.37713e+25	4.103568e+24	9.749062e+12	4.103568e+24	1.314533e+25	2.299205e+19	1.314531e+25	4.364156e+23	7.589748e-10	0.0007992283	4.37255e+11	3.001532e+07	7.232131e+09	7.510661e-07	1.205851e-12	2.992322e-19	0.5272645	0.5	0.03440576	1	2.376204	0.295493	10569.8	1.117189e+26	1.827432e+28	5.151575e+27	6.741065e+25	3.118866e+27	1.203261e+27	5.325573e+26	2.294797e+26	0.2188657	0	0.02121266	0.03560219	0.03560219	0.001424136	0.02670164	0	0	-0.0311312	0	4.369297e-16	0	4.369297e-16	0	-484.0954	0	-484.0954	0	30626.54	77194.93	11.43362	8581.235	1.106061	1	0	0.4524019	1	2	0	0	
588	1760.328	3.45e+19	0	0	100000	1.96856224	1.140862e-05	1.708893e+25	1.349847e+25	1.763722e+24	1.173475e+25	2.086004e+24	1.504453e+24	1.241503e+24	9.806581e+23	1.281337e+23	8.525244e+23	1.515473e+23	1.092979e+23	0.08803672	1.241503e+25	9.806581e+24	1.281337e+24	8.525244e+24	1.4209e+24	1.026526e+24	1.610258e+23	0	0	0	0	0	0	0	0	0	0	0	0	0	0	1.599348e+25	8.588365e+16	1.599348e+25	7.22993e+24	5.08636e+19	7.22988e+24	3.870569e+24	1.288443e+12	3.870569e+24	1.445986e+25	2.428646e+12	1.445986e+25	4.308746e+24	1.053009e+13	4.308746e+24	1.380259e+25	2.483401e+19	1.380257e+25	4.286857e+23	7.740384e-10	0.000832751	3.95504e+11	3.58944e+07	8.320767e+09	7.871245e-07	1.324416e-12	3.444326e-19	0.5238118	0.5	0.03582145	1	2.495014	0.3102677	10569.8	1.117189e+26	1.827432e+28	5.151575e+27	6.741065e+25	3.118866e+27	1.203261e+27	5.325573e+26	2.294797e+26	0.2188657	0	0.02112909	0.03560219	0.03560219	0.001424136	0.02670164	0	0	-0.03143776	0	4.208735e-16	0	4.208735e-16	0	-484.6433	0	-484.6433	0	30631.31	77194.93	12.0053	8582.572	1.106061	1	0	0.4524017	1	2	0	0	
616	1760.328	3.45e+19	0	0	100000	1.96825568	1.140862e-05	1.790268e+25	1.403744e+25	1.865461e+24	1.217198e+25	2.24732e+24	1.617924e+24	1.300622e+24	1.019814e+24	1.355249e+23	8.842891e+23	1.632669e+23	1.175415e+23	0.09037327	1.300622e+25	1.019814e+25	1.355249e+24	8.842891e+24	1.533594e+24	1.105796e+24	1.686938e+23	0	0	0	0	0	0	0	0	0	0	0	0	0	0	1.675508e+25	8.585082e+16	1.675508e+25	7.574213e+24	5.540654e+19	7.574157e+24	4.054882e+24	1.387164e+12	4.054882e+24	1.514843e+25	2.61473e+12	1.514843e+25	4.513925e+24	1.133692e+13	4.513925e+24	1.445986e+25	2.67368e+19	1.445983e+25	4.214353e+23	7.885636e-10	0.0008656248	3.616119e+11	4.232153e+07	9.435608e+09	8.209468e-07	1.44068e-12	3.90768e-19	0.5209669	0.5	0.03715777	1	2.613824	0.3250423	10569.8	1.117189e+26	1.827432e+28	5.151575e+27	6.741065e+25	3.118866e+27	1.203261e+27	5.325573e+26	2.294797e+26	0.2188657	0	0.02104641	0.03560219	0.03560219	0.001424136	0.02670164	0	0	-0.03174432	0	4.055422e-16	0	4.055422e-16	0	-485.1864	0	-485.1864	0	30636.08	77194.93	12.57697	8583.909	1.106061	1	0	0.4524016	1	2	0	0	
644	1760.328	3.45e+19	0	0	100000	1.96794912	1.140862e-05	1.871644e+25	1.456861e+25	1.96768e+24	1.260093e+25	2.413616e+24	1.734221e+24	1.359742e+24	1.058403e+24	1.429511e+23	9.154519e+23	1.753482e+23	1.259904e+23	0.09265763	1.359742e+25	1.058403e+25	1.429511e+24	9.154519e+24	1.649895e+24	1.187129e+24	1.763616e+23	0	0	0	0	0	0	0	0	0	0	0	0	0	0	1.751667e+25	8.561625e+16	1.751667e+25	7.918495e+24	6.017256e+19	7.918435e+24	4.239194e+24	1.488965e+12	4.239194e+24	1.583699e+25	2.80662e+12	1.583699e+25	4.719103e+24	1.216891e+13	4.719103e+24	1.511713e+25	2.869897e+19	1.51171e+25	4.14617e+23	8.025875e-10	0.000897869	3.335483e+11	4.930666e+07	1.057521e+10	8.528901e-07	1.554976e-12	4.381806e-19	0.5186594	0.5	0.03843261	1	2.732634	0.339817	10569.8	1.117189e+26	1.827432e+28	5.151575e+27	6.741065e+25	3.118866e+27	1.203261e+27	5.325573e+26	2.294797e+26	0.2188657	0	0.02096464	0.03560219	0.03560219	0.001424136	0.02670164	0	0	-0.03205088	0	3.908971e-16	0	3.908971e-16	0	-485.7247	0	-485.7247	0	30640.85	77194.93	13.14864	8585.246	1.106061	1	0	0.4524015	1	2	0	0	
672	1760.328	3.45e+19	0	0	100000	1.96764256	1.140862e-05	1.95302e+25	1.509213e+25	2.070307e+24	1.302182e+25	2.584754e+24	1.853319e+24	1.418861e+24	1.096437e+24	1.504069e+23	9.460298e+23	1.877813e+23	1.346428e+23	0.094895	1.418861e+25	1.096437e+25	1.504069e+24	9.460298e+24	1.769705e+24	1.270507e+24	1.840295e+23	0	0	0	0	0	0	0	0	0	0	0	0	0	0	1.827827e+25	8.519819e+16	1.827827e+25	8.262778e+24	6.516413e+19	8.262712e+24	4.423507e+24	1.593767e+12	4.423507e+24	1.652556e+25	3.004165e+12	1.652556e+25	4.924282e+24	1.302543e+13	4.924282e+24	1.577439e+25	3.071896e+19	1.577436e+25	4.081899e+23	8.161434e-10	0.000929502	3.098815e+11	5.686688e+07	1.174027e+10	8.832752e-07	1.667744e-12	4.867007e-19	0.5168032	0.5	0.03965936	1	2.851445	0.3545916	10569.8	1.117189e+26	1.827432e+28	5.151575e+27	6.741065e+25	3.118866e+27	1.203261e+27	5.325573e+26	2.294797e+26	0.2188657	0	0.02088378	0.03560219	0.03560219	0.001424136	0.02670164	0	0	-0.03235744	0	3.76902e-16	0	3.76902e-16	0	-486.2583	0	-486.2583	0	30645.63	77194.93	13.72031	8586.584	1.106061	1	0	0.4524013	1	2	0	0	
700	1760.328	3.45e+19	0	0	100000	1.967336	1.140862e-05	2.034396e+25	1.560816e+25	2.173272e+24	1.343489e+25	2.760604e+24	1.975192e+24	1.47798e+24	1.133926e+24	1.578873e+23	9.760392e+23	2.005567e+23	1.434969e+23	0.09708985	1.47798e+25	1.133926e+25	1.578873e+24	9.760392e+24	1.89293e+24	1.355908e+24	1.916974e+23	0	0	0	0	0	0	0	0	0	0	0	0	0	0	1.903986e+25	8.461416e+16	1.903986e+25	8.60706e+24	7.038365e+19	8.60699e+24	4.60782e+24	1.70149e+12	4.60782e+24	1.721412e+25	3.207218e+12	1.721412e+25	5.12946e+24	1.390583e+13	5.12946e+24	1.643166e+25	3.279526e+19	1.643163e+25	4.021182e+23	8.292609e-10	0.0009605411	2.895912e+11	6.502473e+07	1.293272e+10	9.123772e-07	1.779452e-12	5.364103e-19	0.5153136	0.5	0.04084798	1	2.970255	0.3693663	10569.8	1.117189e+26	1.827432e+28	5.151575e+27	6.741065e+25	3.118866e+27	1.203261e+27	5.325573e+26	2.294797e+26	0.2188657	0	0.02080386	0.03560219	0.03560219	0.001424136	0.02670164	0	0	-0.032664	0	3.635227e-16	0	3.635227e-16	0	-486.7873	0	-486.7873	0	30650.41	77194.93	14.29199	8587.922	1.106061	1	0	0.4524012	1	2	0	0	
728	1760.328	3.45e+19	0	0	100000	1.96702944	1.140862e-05	2.115772e+25	1.611686e+25	2.276512e+24	1.384035e+25	2.941043e+24	2.099816e+24	1.537099e+24	1.170883e+24	1.653876e+23	1.005495e+24	2.136655e+23	1.525508e+23	0.09924588	1.537099e+25	1.170883e+25	1.653876e+24	1.005495e+25	2.019482e+24	1.443315e+24	1.993654e+23	0	0	0	0	0	0	0	0	0	0	0	0	0	0	1.980145e+25	8.388117e+16	1.980145e+25	8.951342e+24	7.583356e+19	8.951267e+24	4.792133e+24	1.812057e+12	4.792133e+24	1.790268e+25	3.415632e+12	1.790268e+25	5.334638e+24	1.480947e+13	5.334638e+24	1.708893e+25	3.49264e+19	1.708889e+25	3.963711e+23	8.419664e-10	0.0009910028	2.719416e+11	7.380661e+07	1.41551e+10	9.404245e-07	1.890538e-12	5.87416e-19	0.5141157	0.5	0.04200581	1	3.089065	0.3841409	10569.8	1.117189e+26	1.827432e+28	5.151575e+27	6.741065e+25	3.118866e+27	1.203261e+27	5.325573e+26	2.294797e+26	0.2188657	0	0.02072488	0.03560219	0.03560219	0.001424136	0.02670164	0	0	-0.03297056	0	3.50727e-16	0	3.50727e-16	0	-487.3117	0	-487.3117	0	30655.18	77194.93	14.86365	8589.261	1.106061	1	0	0.4524011	1	2	0	0	
756	1760.328	3.45e+19	0	0	100000	1.96672288	1.140862e-05	2.197148e+25	1.661836e+25	2.379965e+24	1.423839e+25	3.125956e+24	2.227164e+24	1.596218e+24	1.207317e+24	1.729034e+23	1.034413e+24	2.270993e+23	1.618025e+23	0.1013661	1.596218e+25	1.207317e+25	1.729034e+24	1.034413e+25	2.14928e+24	1.532705e+24	2.070332e+23	0	0	0	0	0	0	0	0	0	0	0	0	0	0	2.056305e+25	8.301477e+16	2.056305e+25	9.295625e+24	8.151653e+19	9.295543e+24	4.976446e+24	1.925398e+12	4.976446e+24	1.859125e+25	3.629274e+12	1.859125e+25	5.539817e+24	1.573579e+13	5.539817e+24	1.774619e+25	3.711098e+19	1.774616e+25	3.909211e+23	8.54284e-10	0.001020903	2.56395e+11	8.324142e+07	1.541009e+10	9.676027e-07	2.001389e-12	6.398308e-19	0.5131463	0.5	0.04313827	1	3.207875	0.3989156	10569.8	1.117189e+26	1.827432e+28	5.151575e+27	6.741065e+25	3.118866e+27	1.203261e+27	5.325573e+26	2.294797e+26	0.2188657	0	0.02064685	0.03560219	0.03560219	0.001424136	0.02670164	0	0	-0.03327712	0	3.384849e-16	0	3.384849e-16	0	-487.8317	0	-487.8317	0	30659.96	77194.93	15.43532	8590.6	1.106061	1	0	0.4524009	1	2	0	0	
784	1760.328	3.45e+19	0	0	100000	1.96641632	1.140862e-05	2.278524e+25	1.711279e+25	2.483574e+24	1.462922e+25	3.315237e+24	2.357204e+24	1.655338e+24	1.243237e+24	1.804306e+23	1.062807e+24	2.408506e+23	1.712498e+23	0.1034531	1.655338e+25	1.243237e+25	1.804306e+24	1.062807e+25	2.282247e+24	1.624056e+24	2.147012e+23	0	0	0	0	0	0	0	0	0	0	0	0	0	0	2.132464e+25	8.203036e+16	2.132464e+25	9.639907e+24	8.743523e+19	9.63982e+24	5.160758e+24	2.041444e+12	5.160758e+24	1.927981e+25	3.848016e+12	1.927981e+25	5.744995e+24	1.668421e+13	5.744995e+24	1.840346e+25	3.934771e+19	1.840342e+25	3.857441e+23	8.662351e-10	0.001050256	2.425536e+11	9.33594e+07	1.670026e+10	9.940597e-07	2.112333e-12	6.937632e-19	0.512354	0.5	0.04424937	1	3.326685	0.4136902	10569.8	1.117189e+26	1.827432e+28	5.151575e+27	6.741065e+25	3.118866e+27	1.203261e+27	5.325573e+26	2.294797e+26	0.2188657	0	0.02056978	0.03560219	0.03560219	0.001424136	0.02670164	0	0	-0.03358368	0	3.26768e-16	0	3.26768e-16	0	-488.3473	0	-488.3473	0	30664.74	77194.93	16.00699	8591.939	1.106061	1	0	0.4524008	1	2	0	0	
812	1760.328	3.45e+19	0	0	100000	1.96610976	1.140862e-05	2.359899e+25	1.76003e+25	2.587284e+24	1.501302e+25	3.508789e+24	2.489902e+24	1.714457e+24	1.278654e+24	1.879651e+23	1.090689e+24	2.54912e+23	1.808903e+23	0.1055088	1.714457e+25	1.278654e+25	1.879651e+24	1.090689e+25	2.418312e+24	1.717342e+24	2.223691e+23	0	0	0	0	0	0	0	0	0	0	0	0	0	0	2.208624e+25	8.094246e+16	2.208624e+25	9.98419e+24	9.359254e+19	9.984096e+24	5.345071e+24	2.160134e+12	5.345071e+24	1.996838e+25	4.07174e+12	1.996838e+25	5.950174e+24	1.765424e+13	5.950174e+24	1.906073e+25	4.16354e+19	1.906068e+25	3.808189e+23	8.778397e-10	0.001079078	2.301182e+11	1.041913e+08	1.802791e+10	1.019912e-06	2.223632e-12	7.493111e-19	0.5116983	0.5	0.04534206	1	3.445496	0.4284649	10569.8	1.117189e+26	1.827432e+28	5.151575e+27	6.741065e+25	3.118866e+27	1.203261e+27	5.325573e+26	2.294797e+26	0.2188657	0	0.02049368	0.03560219	0.03560219	0.001424136	0.02670164	0	0	-0.03389024	0	3.155495e-16	0	3.155495e-16	0	-488.8585	0	-488.8585	0	30669.52	77194.93	16.57866	8593.279	1.106061	1	0	0.4524007	1	2	0	0	
840	1760.328	3.45e+19	0	0	100000	1.9658032	1.140862e-05	2.441275e+25	1.808101e+25	2.691046e+24	1.538996e+25	3.706519e+24	2.625224e+24	1.773576e+24	1.313578e+24	1.955034e+23	1.118074e+24	2.69277e+23	1.907214e+23	0.107535	1.773576e+25	1.313578e+25	1.955034e+24	1.118074e+25	2.55741e+24	1.812537e+24	2.30037e+23	0	0	0	0	0	0	0	0	0	0	0	0	0	0	2.284783e+25	7.976441e+16	2.284783e+25	1.032847e+25	9.999149e+19	1.032837e+25	5.529384e+24	2.281409e+12	5.529384e+24	2.065694e+25	4.300338e+12	2.065694e+25	6.155352e+24	1.86454e+13	6.155352e+24	1.971799e+25	4.397291e+19	1.971795e+25	3.761262e+23	8.891155e-10	0.00110738	2.188605e+11	1.15768e+08	1.939501e+10	1.045251e-06	2.335494e-12	8.065587e-19	0.5111475	0.5	0.04641854	1	3.564306	0.4432395	10569.8	1.117189e+26	1.827432e+28	5.151575e+27	6.741065e+25	3.118866e+27	1.203261e+27	5.325573e+26	2.294797e+26	0.2188657	0	0.02041857	0.03560219	0.03560219	0.001424136	0.02670164	0	0	-0.0341968	0	3.048045e-16	0	3.048045e-16	0	-489.3656	0	-489.3656	0	30674.31	77194.93	17.15033	8594.619	1.106061	1	0	0.4524005	1	2	0	0	
868	1760.328	3.45e+19	0	0	100000	1.96549664	1.140862e-05	2.522651e+25	1.855504e+25	2.794811e+24	1.576022e+25	3.908343e+24	2.763132e+24	1.832695e+24	1.348015e+24	2.030418e+23	1.144974e+24	2.839395e+23	2.007403e+23	0.1095329	1.832695e+25	1.348015e+25	2.030418e+24	1.144974e+25	2.699479e+24	1.909614e+24	2.377049e+23	0	0	0	0	0	0	0	0	0	0	0	0	0	0	2.360943e+25	7.850861e+16	2.360943e+25	1.067275e+25	1.066353e+20	1.067265e+25	5.713697e+24	2.405216e+12	5.713697e+24	2.134551e+25	4.533708e+12	2.134551e+25	6.36053e+24	1.965725e+13	6.36053e+24	2.037526e+25	4.635923e+19	2.037521e+25	3.716491e+23	9.000792e-10	0.001135178	2.086035e+11	1.281198e+08	2.08032e+10	1.070148e-06	2.448077e-12	8.655762e-19	0.5106775	0.5	0.04748047	1	3.683116	0.4580142	10569.8	1.117189e+26	1.827432e+28	5.151575e+27	6.741065e+25	3.118866e+27	1.203261e+27	5.325573e+26	2.294797e+26	0.2188657	0	0.02034445	0.03560219	0.03560219	0.001424136	0.02670164	0	0	-0.03450336	0	2.945091e-16	0	2.945091e-16	0	-489.8685	0	-489.8685	0	30679.09	77194.93	17.72199	8595.96	1.106061	1	0	0.4524004	1	2	0	0	
896	1760.328	3.45e+19	0	0	100000	1.96519008	1.140862e-05	2.604027e+25	1.90225e+25	2.898533e+24	1.612397e+25	4.114181e+24	2.903586e+24	1.891814e+24	1.381977e+24	2.105772e+23	1.171399e+24	2.988935e+23	2.109443e+23	0.1115037	1.891814e+25	1.381977e+25	2.105772e+24	1.171399e+25	2.844462e+24	2.008543e+24	2.453728e+23	0	0	0	0	0	0	0	0	0	0	0	0	0	0	2.437102e+25	7.718667e+16	2.437102e+25	1.101704e+25	1.135271e+20	1.101692e+25	5.89801e+24	2.531504e+12	5.89801e+24	2.203407e+25	4.771756e+12	2.203407e+25	6.565709e+24	2.068938e+13	6.565709e+24	2.103252e+25	4.879337e+19	2.103248e+25	3.673721e+23	9.107457e-10	0.001162482	1.992077e+11	1.412763e+08	2.225378e+10	1.094657e-06	2.561496e-12	9.264206e-19	0.5102698	0.5	0.04852912	1	3.801926	0.4727888	10569.8	1.117189e+26	1.827432e+28	5.151575e+27	6.741065e+25	3.118866e+27	1.203261e+27	5.325573e+26	2.294797e+26	0.2188657	0	0.02027132	0.03560219	0.03560219	0.001424136	0.02670164	0	0	-0.03480992	0	2.846411e-16	0	2.846411e-16	0	-490.3672	0	-490.3672	0	30683.88	77194.93	18.29366	8597.301	1.106061	1	0	0.4524002	1	2	0	0	
924	1760.328	3.45e+19	0	0	100000	1.96488352	1.140862e-05	2.685403e+25	1.948352e+25	3.00217e+24	1.648135e+25	4.323956e+24	3.046549e+24	1.950934e+24	1.41547e+24	2.181064e+23	1.197363e+24	3.141336e+23	2.213305e+23	0.1134485	1.950934e+25	1.41547e+25	2.181064e+24	1.197363e+25	2.992302e+24	2.109297e+24	2.530408e+23	0	0	0	0	0	0	0	0	0	0	0	0	0	0	2.513262e+25	7.580909e+16	2.513262e+25	1.136132e+25	1.206705e+20	1.13612e+25	6.082322e+24	2.660226e+12	6.082322e+24	2.272264e+25	5.01439e+12	2.272264e+25	6.770887e+24	2.17414e+13	6.770887e+24	2.168979e+25	5.127442e+19	2.168974e+25	3.632815e+23	9.211292e-10	0.001189306	1.905614e+11	1.552667e+08	2.374777e+10	1.118822e-06	2.675833e-12	9.891368e-19	0.5099104	0.5	0.04956547	1	3.920736	0.4875635	10569.8	1.117189e+26	1.827432e+28	5.151575e+27	6.741065e+25	3.118866e+27	1.203261e+27	5.325573e+26	2.294797e+26	0.2188657	0	0.0201992	0.03560219	0.03560219	0.001424136	0.02670164	0	0	-0.03511648	0	2.751795e-16	0	2.751795e-16	0	-490.862	0	-490.862	0	30688.67	77194.93	18.86532	8598.643	1.106061	1	0	0.4524001	1	2	0	0	
952	1760.328	3.45e+19	0	0	100000	1.96457696	1.140862e-05	2.766779e+25	1.993821e+25	3.105681e+24	1.683253e+25	4.537598e+24	3.19198e+24	2.010053e+24	1.448502e+24	2.256264e+23	1.222876e+24	3.296546e+23	2.31896e+23	0.1153681	2.010053e+25	1.448502e+25	2.256264e+24	1.222876e+25	3.14295e+24	2.211847e+24	2.607087e+23	0	0	0	0	0	0	0	0	0	0	0	0	0	0	2.589421e+25	7.438565e+16	2.589421e+25	1.17056e+25	1.280688e+20	1.170547e+25	6.266635e+24	2.791338e+12	6.266635e+24	2.34112e+25	5.261529e+12	2.34112e+25	6.976066e+24	2.281295e+13	6.976066e+24	2.234706e+25	5.380153e+19	2.2347e+25	3.593648e+23	9.312424e-10	0.00121566	1.825734e+11	1.70119e+08	2.528593e+10	1.142674e-06	2.791146e-12	1.053759e-18	0.509589	0.5	0.05059028	1	4.039547	0.5023381	10569.8	1.117189e+26	1.827432e+28	5.151575e+27	6.741065e+25	3.118866e+27	1.203261e+27	5.325573e+26	2.294797e+26	0.2188657	0	0.0201281	0.03560219	0.03560219	0.001424136	0.02670164	0	0	-0.03542304	0	2.661044e-16	0	2.661044e-16	0	-491.3528	0	-491.3528	0	30693.46	77194.93	19.43699	8599.985	1.106061	1	0	0.4524	1	2	0	0	
980	1760.328	3.45e+19	0	0	100000	1.9642704	1.140862e-05	2.848154e+25	2.038667e+25	3.209028e+24	1.717764e+25	4.755038e+24	3.33984e+24	2.069172e+24	1.481083e+24	2.331345e+23	1.247948e+24	3.454515e+23	2.42638e+23	0.1172633	2.069172e+25	1.481083e+25	2.331345e+24	1.247948e+25	3.296355e+24	2.316163e+24	2.683766e+23	0	0	0	0	0	0	0	0	0	0	0	0	0	0	2.66558e+25	7.292524e+16	2.66558e+25	1.204988e+25	1.357256e+20	1.204975e+25	6.450948e+24	2.924795e+12	6.450948e+24	2.409977e+25	5.51309e+12	2.409977e+25	7.181244e+24	2.390368e+13	7.181244e+24	2.300432e+25	5.637386e+19	2.300427e+25	3.556106e+23	9.410972e-10	0.001241557	1.751688e+11	1.858606e+08	2.686884e+10	1.166242e-06	2.907468e-12	1.120315e-18	0.5092977	0.5	0.05160419	1	4.158357	0.5171128	10569.8	1.117189e+26	1.827432e+28	5.151575e+27	6.741065e+25	3.118866e+27	1.203261e+27	5.325573e+26	2.294797e+26	0.2188657	0	0.02005802	0.03560219	0.03560219	0.001424136	0.02670164	0	0	-0.0357296	0	2.573971e-16	0	2.573971e-16	0	-491.8397	0	-491.8397	0	30698.25	77194.93	20.00865	8601.327	1.106061	1	0	0.4523998	1	2	0	0	
1008	1760.328	3.45e+19	0	0	100000	1.96396384	1.140862e-05	2.92953e+25	2.0829e+25	3.312175e+24	1.751683e+25	4.97621e+24	3.49009e+24	2.128291e+24	1.513218e+24	2.406281e+23	1.27259e+24	3.615195e+23	2.535535e+23	0.1191348	2.128291e+25	1.513218e+25	2.406281e+24	1.27259e+25	3.452469e+24	2.422217e+24	2.760445e+23	0	0	0	0	0	0	0	0	0	0	0	0	0	0	2.74174e+25	7.143592e+16	2.74174e+25	1.239417e+25	1.436446e+20	1.239402e+25	6.635261e+24	3.060559e+12	6.635261e+24	2.478833e+25	5.768999e+12	2.478833e+25	7.386422e+24	2.501325e+13	7.386422e+24	2.366159e+25	5.899063e+19	2.366153e+25	3.520086e+23	9.507049e-10	0.001267007	1.682847e+11	2.025183e+08	2.849689e+10	1.189545e-06	3.024819e-12	1.188822e-18	0.5090307	0.5	0.05260772	1	4.277167	0.5318874	10569.8	1.117189e+26	1.827432e+28	5.151575e+27	6.741065e+25	3.118866e+27	1.203261e+27	5.325573e+26	2.294797e+26	0.2188657	0	0.01998896	0.03560219	0.03560219	0.001424136	0.02670164	0	0	-0.03603616	0	2.490399e-16	0	2.490399e-16	0	-492.3228	0	-492.3228	0	30703.04	77194.93	20.58031	8602.67	1.106061	1	0	0.4523997	1	2	0	0	
1036	1760.328	3.45e+19	0	0	100000	1.96365728	1.140862e-05	3.010906e+25	2.126532e+25	3.415088e+24	1.785023e+25	5.20105e+24	3.642691e+24	2.18741e+24	1.544916e+24	2.481047e+23	1.296812e+24	3.778541e+23	2.646399e+23	0.1209832	2.18741e+25	1.544916e+25	2.481047e+24	1.296812e+25	3.611247e+24	2.52998e+24	2.837124e+23	0	0	0	0	0	0	0	0	0	0	0	0	0	0	2.817899e+25	6.992476e+16	2.817899e+25	1.273845e+25	1.518294e+20	1.27383e+25	6.819574e+24	3.198589e+12	6.819574e+24	2.54769e+25	6.02918e+12	2.54769e+25	7.591601e+24	2.614135e+13	7.591601e+24	2.431886e+25	6.16511e+19	2.43188e+25	3.485494e+23	9.600757e-10	0.001292021	1.618676e+11	2.201181e+08	3.017032e+10	1.212601e-06	3.143208e-12	1.259295e-18	0.5087836	0.5	0.05360131	1	4.395977	0.5466621	10569.8	1.117189e+26	1.827432e+28	5.151575e+27	6.741065e+25	3.118866e+27	1.203261e+27	5.325573e+26	2.294797e+26	0.2188657	0	0.01992094	0.03560219	0.03560219	0.001424136	0.02670164	0	0	-0.03634272	0	2.410161e-16	0	2.410161e-16	0	-492.8021	0	-492.8021	0	30707.83	77194.93	21.15197	8604.013	1.106061	1	0	0.4523995	1	2	0	0	
1064	1760.328	3.45e+19	0	0	100000	1.96335072	1.140862e-05	3.092282e+25	2.169572e+25	3.517734e+24	1.817798e+25	5.429499e+24	3.797605e+24	2.24653e+24	1.576184e+24	2.555619e+23	1.320623e+24	3.944508e+23	2.758943e+23	0.1228091	2.24653e+25	1.576184e+25	2.555619e+24	1.320623e+25	3.772645e+24	2.639426e+24	2.913802e+23	0	0	0	0	0	0	0	0	0	0	0	0	0	0	2.894059e+25	6.839834e+16	2.894059e+25	1.308273e+25	1.602838e+20	1.308257e+25	7.003886e+24	3.338849e+12	7.003886e+24	2.616546e+25	6.293563e+12	2.616546e+25	7.796779e+24	2.728767e+13	7.796779e+24	2.497612e+25	6.435454e+19	2.497606e+25	3.452244e+23	9.692193e-10	0.001316607	1.55872e+11	2.386853e+08	3.18893e+10	1.235422e-06	3.262633e-12	1.331742e-18	0.5085532	0.5	0.05458537	1	4.514787	0.5614367	10569.8	1.117189e+26	1.827432e+28	5.151575e+27	6.741065e+25	3.118866e+27	1.203261e+27	5.325573e+26	2.294797e+26	0.2188657	0	0.01985396	0.03560219	0.03560219	0.001424136	0.02670164	0	0	-0.03664928	0	2.333099e-16	0	2.333099e-16	0	-493.2777	0	-493.2777	0	30712.63	77194.93	21.72363	8605.357	1.106061	1	0	0.4523994	1	2	0	0	
1092	1760.328	3.45e+19	0	0	100000	1.96304416	1.140862e-05	3.173658e+25	2.212029e+25	3.620083e+24	1.85002e+25	5.661497e+24	3.954794e+24	2.305649e+24	1.607029e+24	2.629975e+23	1.344032e+24	4.113053e+23	2.873141e+23	0.1246131	2.305649e+25	1.607029e+25	2.629975e+24	1.344032e+25	3.93662e+24	2.750526e+24	2.990482e+23	0	0	0	0	0	0	0	0	0	0	0	0	0	0	2.970218e+25	6.686269e+16	2.970218e+25	1.342701e+25	1.690116e+20	1.342684e+25	7.188199e+24	3.481301e+12	7.188199e+24	2.685403e+25	6.562079e+12	2.685403e+25	8.001958e+24	2.845192e+13	8.001958e+24	2.563339e+25	6.710024e+19	2.563332e+25	3.420257e+23	9.781446e-10	0.001340777	1.502582e+11	2.582448e+08	3.36539e+10	1.258021e-06	3.383088e-12	1.40617e-18	0.5083369	0.5	0.05556024	1	4.633598	0.5762114	10569.8	1.117189e+26	1.827432e+28	5.151575e+27	6.741065e+25	3.118866e+27	1.203261e+27	5.325573e+26	2.294797e+26	0.2188657	0	0.01978802	0.03560219	0.03560219	0.001424136	0.02670164	0	0	-0.03695584	0	2.259065e-16	0	2.259065e-16	0	-493.7496	0	-493.7496	0	30717.43	77194.93	22.29529	8606.701	1.106061	1	0	0.4523992	1	2	0	0	
1120	1760.328	3.45e+19	0	0	100000	1.9627376	1.140862e-05	3.255034e+25	2.253913e+25	3.722107e+24	1.881702e+25	5.896987e+24	4.114222e+24	2.364768e+24	1.637458e+24	2.704095e+23	1.367048e+24	4.284136e+23	2.988965e+23	0.1263957	2.364768e+25	1.637458e+25	2.704095e+24	1.367048e+25	4.103129e+24	2.863255e+24	3.067161e+23	0	0	0	0	0	0	0	0	0	0	0	0	0	0	3.046378e+25	6.532307e+16	3.046378e+25	1.37713e+25	1.780164e+20	1.377112e+25	7.372512e+24	3.625911e+12	7.372512e+24	2.754259e+25	6.834662e+12	2.754259e+25	8.207136e+24	2.963379e+13	8.207136e+24	2.629066e+25	6.988753e+19	2.629059e+25	3.38946e+23	9.868602e-10	0.001364539	1.449918e+11	2.78821e+08	3.546413e+10	1.280408e-06	3.504563e-12	1.482581e-18	0.5081329	0.5	0.05652623	1	4.752408	0.590986	10569.8	1.117189e+26	1.827432e+28	5.151575e+27	6.741065e+25	3.118866e+27	1.203261e+27	5.325573e+26	2.294797e+26	0.2188657	0	0.01972314	0.03560219	0.03560219	0.001424136	0.02670164	0	0	-0.0372624	0	2.187916e-16	0	2.187916e-16	0	-494.2179	0	-494.2179	0	30722.23	77194.93	22.86694	8608.045	1.106061	1	0	0.4523991	1	2	0	0	
1148	1760.328	3.45e+19	0	0	100000	1.96243104	1.140862e-05	3.336409e+25	2.295233e+25	3.823778e+24	1.912855e+25	6.135912e+24	4.275854e+24	2.423887e+24	1.667477e+24	2.777959e+23	1.389681e+24	4.457714e+23	3.106389e+23	0.1281573	2.423887e+25	1.667477e+25	2.777959e+24	1.389681e+25	4.272134e+24	2.977585e+24	3.14384e+23	0	0	0	0	0	0	0	0	0	0	0	0	0	0	3.122537e+25	6.378396e+16	3.122537e+25	1.411558e+25	1.873024e+20	1.411539e+25	7.556825e+24	3.772644e+12	7.556825e+24	2.823116e+25	7.111248e+12	2.823116e+25	8.412314e+24	3.083303e+13	8.412314e+24	2.694792e+25	7.271574e+19	2.694785e+25	3.359786e+23	9.95374e-10	0.001387903	1.400423e+11	3.004377e+08	3.731997e+10	1.30259e-06	3.627044e-12	1.560979e-18	0.5079397	0.5	0.05748365	1	4.871218	0.6057607	10569.8	1.117189e+26	1.827432e+28	5.151575e+27	6.741065e+25	3.118866e+27	1.203261e+27	5.325573e+26	2.294797e+26	0.2188657	0	0.01965931	0.03560219	0.03560219	0.001424136	0.02670164	0	0	-0.03756896	0	2.11952e-16	0	2.11952e-16	0	-494.6828	0	-494.6828	0	30727.03	77194.93	23.4386	8609.39	1.106061	1	0	0.4523989	1	2	0	0	
1176	1760.328	3.45e+19	0	0	100000	1.96212448	1.140862e-05	3.417785e+25	2.335998e+25	3.925071e+24	1.943491e+25	6.37822e+24	4.439653e+24	2.483006e+24	1.697093e+24	2.851548e+23	1.411938e+24	4.63375e+23	3.225389e+23	0.1298985	2.483006e+25	1.697093e+25	2.851548e+24	1.411938e+25	4.443595e+24	3.093492e+24	3.220519e+23	0	0	0	0	0	0	0	0	0	0	0	0	0	0	3.198696e+25	6.224965e+16	3.198696e+25	1.445986e+25	1.968733e+20	1.445966e+25	7.741138e+24	3.921468e+12	7.741138e+24	2.891972e+25	7.391774e+12	2.891972e+25	8.617493e+24	3.204934e+13	8.617493e+24	2.760519e+25	7.558425e+19	2.760511e+25	3.331175e+23	1.003693e-09	0.001410877	1.35383e+11	3.231186e+08	3.922134e+10	1.324576e-06	3.750516e-12	1.641361e-18	0.5077561	0.5	0.05843277	1	4.990028	0.6205353	10569.8	1.117189e+26	1.827432e+28	5.151575e+27	6.741065e+25	3.118866e+27	1.203261e+27	5.325573e+26	2.294797e+26	0.2188657	0	0.01959653	0.03560219	0.03560219	0.001424136	0.02670164	0	0	-0.03787552	0	2.05375e-16	0	2.05375e-16	0	-495.1441	0	-495.1441	0	30731.83	77194.93	24.01025	8610.736	1.106061	1	0	0.4523988	1	2	0	0	
1204	1760.328	3.45e+19	0	0	100000	1.96181792	1.140862e-05	3.499161e+25	2.376217e+25	4.025962e+24	1.973621e+25	6.623857e+24	4.605586e+24	2.542126e+24	1.726311e+24	2.924844e+23	1.433827e+24	4.812204e+23	3.345939e+23	0.1316197	2.542126e+25	1.726311e+25	2.924844e+24	1.433827e+25	4.617473e+24	3.21095e+24	3.297199e+23	0	0	0	0	0	0	0	0	0	0	0	0	0	0	3.274856e+25	6.072379e+16	3.274856e+25	1.480414e+25	2.06733e+20	1.480394e+25	7.92545e+24	4.072349e+12	7.92545e+24	2.960829e+25	7.676179e+12	2.960829e+25	8.822671e+24	3.328248e+13	8.822671e+24	2.826246e+25	7.849241e+19	2.826238e+25	3.303568e+23	1.011825e-09	0.00143347	1.3099e+11	3.468868e+08	4.116817e+10	1.346372e-06	3.874962e-12	1.723729e-18	0.5075813	0.5	0.05937384	1	5.108838	0.63531	10569.8	1.117189e+26	1.827432e+28	5.151575e+27	6.741065e+25	3.118866e+27	1.203261e+27	5.325573e+26	2.294797e+26	0.2188657	0	0.01953482	0.03560219	0.03560219	0.001424136	0.02670164	0	0	-0.03818208	0	1.990486e-16	0	1.990486e-16	0	-495.602	0	-495.602	0	30736.63	77194.93	24.58191	8612.081	1.106061	1	0	0.4523986	1	2	0	0	
1232	1760.328	3.45e+19	0	0	100000	1.96151136	1.140862e-05	3.580537e+25	2.415898e+25	4.126428e+24	2.003255e+25	6.872772e+24	4.77362e+24	2.601245e+24	1.755139e+24	2.997833e+23	1.455356e+24	4.99304e+23	3.468014e+23	0.1333213	2.601245e+25	1.755139e+25	2.997833e+24	1.455356e+25	4.793731e+24	3.329936e+24	3.373877e+23	0	0	0	0	0	0	0	0	0	0	0	0	0	0	3.351015e+25	5.920959e+16	3.351015e+25	1.514843e+25	2.168857e+20	1.514821e+25	8.109763e+24	4.225256e+12	8.109763e+24	3.029685e+25	7.964403e+12	3.029685e+25	9.02785e+24	3.453217e+13	9.02785e+24	2.891972e+25	8.143963e+19	2.891964e+25	3.276914e+23	1.019777e-09	0.001455689	1.268419e+11	3.717654e+08	4.316036e+10	1.367985e-06	4.000368e-12	1.80808e-18	0.5074144	0.5	0.06030712	1	5.227649	0.6500846	10569.8	1.117189e+26	1.827432e+28	5.151575e+27	6.741065e+25	3.118866e+27	1.203261e+27	5.325573e+26	2.294797e+26	0.2188657	0	0.01947418	0.03560219	0.03560219	0.001424136	0.02670164	0	0	-0.03848864	0	1.929615e-16	0	1.929615e-16	0	-496.0566	0	-496.0566	0	30741.43	77194.93	25.15356	8613.428	1.106061	1	0	0.4523984	1	2	0	0	
1260	1760.328	3.45e+19	0	0	100000	1.9612048	1.140862e-05	3.661913e+25	2.455049e+25	4.226448e+24	2.032404e+25	7.124915e+24	4.943721e+24	2.660364e+24	1.783583e+24	3.070496e+23	1.476533e+24	5.17622e+23	3.591592e+23	0.1350038	2.660364e+25	1.783583e+25	3.070496e+24	1.476533e+25	4.972332e+24	3.450424e+24	3.450557e+23	0	0	0	0	0	0	0	0	0	0	0	0	0	0	3.427175e+25	5.770999e+16	3.427175e+25	1.549271e+25	2.273351e+20	1.549248e+25	8.294076e+24	4.380159e+12	8.294076e+24	3.098542e+25	8.256388e+12	3.098542e+25	9.233028e+24	3.579818e+13	9.233028e+24	2.957699e+25	8.442531e+19	2.95769e+25	3.251162e+23	1.027553e-09	0.001477544	1.229197e+11	3.977769e+08	4.519779e+10	1.38942e-06	4.126716e-12	1.894413e-18	0.5072549	0.5	0.06123283	1	5.346459	0.6648593	10569.8	1.117189e+26	1.827432e+28	5.151575e+27	6.741065e+25	3.118866e+27	1.203261e+27	5.325573e+26	2.294797e+26	0.2188657	0	0.01941461	0.03560219	0.03560219	0.001424136	0.02670164	0	0	-0.0387952	0	1.871029e-16	0	1.871029e-16	0	-496.5078	0	-496.5078	0	30746.24	77194.93	25.72521	8614.774	1.106061	1	0	0.4523983	1	2	0	0	
1288	1760.328	3.45e+19	0	0	100000	1.96089824	1.140862e-05	3.743289e+25	2.493679e+25	4.326001e+24	2.061079e+25	7.380236e+24	5.115857e+24	2.719483e+24	1.811647e+24	3.142821e+23	1.497365e+24	5.36171e+23	3.716649e+23	0.1366675	2.719483e+25	1.811647e+25	3.142821e+24	1.497365e+25	5.153242e+24	3.572393e+24	3.527236e+23	0	0	0	0	0	0	0	0	0	0	0	0	0	0	3.503334e+25	5.622757e+16	3.503334e+25	1.583699e+25	2.380853e+20	1.583675e+25	8.478389e+24	4.537026e+12	8.478389e+24	3.167398e+25	8.552076e+12	3.167398e+25	9.438206e+24	3.708024e+13	9.438206e+24	3.023425e+25	8.744887e+19	3.023417e+25	3.226269e+23	1.035162e-09	0.001499041	1.192062e+11	4.249438e+08	4.728036e+10	1.410683e-06	4.25399e-12	1.982725e-18	0.5071022	0.5	0.06215119	1	5.465269	0.6796339	10569.8	1.117189e+26	1.827432e+28	5.151575e+27	6.741065e+25	3.118866e+27	1.203261e+27	5.325573e+26	2.294797e+26	0.2188657	0	0.0193561	0.03560219	0.03560219	0.001424136	0.02670164	0	0	-0.03910176	0	1.814626e-16	0	1.814626e-16	0	-496.9558	0	-496.9558	0	30751.05	77194.93	26.29686	8616.121	1.106061	1	0	0.4523981	1	2	0	0	
1316	1760.328	3.45e+19	0	0	100000	1.96059168	1.140862e-05	3.824664e+25	2.531796e+25	4.425069e+24	2.089289e+25	7.638688e+24	5.289998e+24	2.778602e+24	1.839339e+24	3.214793e+23	1.51786e+24	5.549474e+23	3.843161e+23	0.1383127	2.778602e+25	1.839339e+25	3.214793e+24	1.51786e+25	5.336425e+24	3.695819e+24	3.603914e+23	0	0	0	0	0	0	0	0	0	0	0	0	0	0	3.579494e+25	5.476426e+16	3.579494e+25	1.618127e+25	2.491405e+20	1.618102e+25	8.662702e+24	4.69583e+12	8.662702e+24	3.236255e+25	8.851414e+12	3.236255e+25	9.643385e+24	3.837813e+13	9.643385e+24	3.089152e+25	9.050973e+19	3.089143e+25	3.20219e+23	1.042607e-09	0.001520188	1.156859e+11	4.532883e+08	4.940794e+10	1.43178e-06	4.382175e-12	2.073015e-18	0.5069558	0.5	0.06306243	1	5.584079	0.6944086	10569.8	1.117189e+26	1.827432e+28	5.151575e+27	6.741065e+25	3.118866e+27	1.203261e+27	5.325573e+26	2.294797e+26	0.2188657	0	0.01929867	0.03560219	0.03560219	0.001424136	0.02670164	0	0	-0.03940832	0	1.760311e-16	0	1.760311e-16	0	-497.4005	0	-497.4005	0	30755.86	77194.93	26.86851	8617.469	1.106061	1	0	0.452398	1	2	0	0	
1344	1760.328	3.45e+19	0	0	100000	1.96028512	1.140862e-05	3.90604e+25	2.569407e+25	4.523633e+24	2.117043e+25	7.900224e+24	5.466113e+24	2.837722e+24	1.866663e+24	3.2864e+23	1.538023e+24	5.739479e+23	3.971108e+23	0.13994	2.837722e+25	1.866663e+25	3.2864e+24	1.538023e+25	5.521847e+24	3.82068e+24	3.680593e+23	0	0	0	0	0	0	0	0	0	0	0	0	0	0	3.655653e+25	5.332197e+16	3.655653e+25	1.652556e+25	2.605047e+20	1.652529e+25	8.847014e+24	4.85654e+12	8.847014e+24	3.305111e+25	9.154346e+12	3.305111e+25	9.848563e+24	3.96916e+13	9.848563e+24	3.154879e+25	9.360735e+19	3.154869e+25	3.178888e+23	1.049894e-09	0.001540993	1.123446e+11	4.828322e+08	5.158041e+10	1.452714e-06	4.511255e-12	2.165279e-18	0.5068153	0.5	0.06396674	1	5.702889	0.7091832	10569.8	1.117189e+26	1.827432e+28	5.151575e+27	6.741065e+25	3.118866e+27	1.203261e+27	5.325573e+26	2.294797e+26	0.2188657	0	0.01924231	0.03560219	0.03560219	0.001424136	0.02670164	0	0	-0.03971488	0	1.70799e-16	0	1.70799e-16	0	-497.8421	0	-497.8421	0	30760.67	77194.93	27.44016	8618.817	1.106061	1	0	0.4523978	1	2	0	0	
1372	1760.328	3.45e+19	0	0	100000	1.95997856	1.140862e-05	3.987416e+25	2.606519e+25	4.621677e+24	2.144352e+25	8.164797e+24	5.644172e+24	2.896841e+24	1.893625e+24	3.357629e+23	1.557862e+24	5.93169e+23	4.100467e+23	0.1415496	2.896841e+25	1.893625e+25	3.357629e+24	1.557862e+25	5.709475e+24	3.946955e+24	3.757272e+23	0	0	0	0	0	0	0	0	0	0	0	0	0	0	3.731813e+25	5.190237e+16	3.731813e+25	1.686984e+25	2.72182e+20	1.686957e+25	9.031327e+24	5.019128e+12	9.031327e+24	3.373968e+25	9.46082e+12	3.373968e+25	1.005374e+25	4.102042e+13	1.005374e+25	3.220605e+25	9.674118e+19	3.220596e+25	3.156324e+23	1.057029e-09	0.001561461	1.091698e+11	5.135974e+08	5.379766e+10	1.47349e-06	4.641216e-12	2.259516e-18	0.5066804	0.5	0.06486431	1	5.8217	0.7239579	10569.8	1.117189e+26	1.827432e+28	5.151575e+27	6.741065e+25	3.118866e+27	1.203261e+27	5.325573e+26	2.294797e+26	0.2188657	0	0.01918703	0.03560219	0.03560219	0.001424136	0.02670164	0	0	-0.04002144	0	1.657577e-16	0	1.657577e-16	0	-498.2806	0	-498.2806	0	30765.48	77194.93	28.01181	8620.165	1.106061	1	0	0.4523976	1	2	0	0	
1400	1760.328	3.45e+19	0	0	100000	1.959672	1.140862e-05	4.068792e+25	2.643141e+25	4.719185e+24	2.171223e+25	8.432363e+24	5.824146e+24	2.95596e+24	1.920231e+24	3.428468e+23	1.577384e+24	6.126076e+23	4.231217e+23	0.1431419	2.95596e+25	1.920231e+25	3.428468e+24	1.577384e+25	5.899277e+24	4.074621e+24	3.833952e+23	0	0	0	0	0	0	0	0	0	0	0	0	0	0	3.807972e+25	5.050669e+16	3.807972e+25	1.721412e+25	2.841765e+20	1.721384e+25	9.21564e+24	5.183568e+12	9.21564e+24	3.442824e+25	9.770782e+12	3.442824e+25	1.025892e+25	4.236438e+13	1.025892e+25	3.286332e+25	9.991068e+19	3.286322e+25	3.134465e+23	1.064016e-09	0.001581601	1.061497e+11	5.456054e+08	5.605957e+10	1.494113e-06	4.772043e-12	2.355724e-18	0.5065508	0.5	0.06575533	1	5.94051	0.7387325	10569.8	1.117189e+26	1.827432e+28	5.151575e+27	6.741065e+25	3.118866e+27	1.203261e+27	5.325573e+26	2.294797e+26	0.2188657	0	0.01913283	0.03560219	0.03560219	0.001424136	0.02670164	0	0	-0.040328	0	1.608989e-16	0	1.608989e-16	0	-498.716	0	-498.716	0	30770.29	77194.93	28.58346	8621.514	1.106061	1	0	0.4523975	1	2	0	0	
1428	1760.328	3.45e+19	0	0	100000	1.95936544	1.140862e-05	4.150168e+25	2.679279e+25	4.816143e+24	2.197665e+25	8.702878e+24	6.006006e+24	3.015079e+24	1.946485e+24	3.498907e+23	1.596594e+24	6.322604e+23	4.363338e+23	0.1447172	3.015079e+25	1.946485e+25	3.498907e+24	1.596594e+25	6.091219e+24	4.203659e+24	3.91063e+23	0	0	0	0	0	0	0	0	0	0	0	0	0	0	3.884131e+25	4.913624e+16	3.884131e+25	1.75584e+25	2.964922e+20	1.755811e+25	9.399953e+24	5.349832e+12	9.399953e+24	3.51168e+25	1.008418e+13	3.51168e+25	1.04641e+25	4.372324e+13	1.04641e+25	3.352059e+25	1.031153e+20	3.352048e+25	3.113278e+23	1.07086e-09	0.001601419	1.032738e+11	5.788777e+08	5.836603e+10	1.514587e-06	4.903724e-12	2.453899e-18	0.5064261	0.5	0.06663997	1	6.05932	0.7535072	10569.8	1.117189e+26	1.827432e+28	5.151575e+27	6.741065e+25	3.118866e+27	1.203261e+27	5.325573e+26	2.294797e+26	0.2188657	0	0.0190797	0.03560219	0.03560219	0.001424136	0.02670164	0	0	-0.04063456	0	1.562148e-16	0	1.562148e-16	0	-499.1484	0	-499.1484	0	30775.11	77194.93	29.1551	8622.863	1.106061	1	0	0.4523973	1	2	0	0	
1456	1760.328	3.45e+19	0	0	100000	1.95905888	1.140862e-05	4.231544e+25	2.714941e+25	4.912536e+24	2.223688e+25	8.976299e+24	6.189724e+24	3.074198e+24	1.972393e+24	3.568936e+23	1.6155e+24	6.521243e+23	4.496808e+23	0.1462758	3.074198e+25	1.972393e+25	3.568936e+24	1.6155e+25	6.285272e+24	4.334048e+24	3.98731e+23	0	0	0	0	0	0	0	0	0	0	0	0	0	0	3.960291e+25	4.77917e+16	3.960291e+25	1.790268e+25	3.091336e+20	1.790238e+25	9.584266e+24	5.517892e+12	9.584266e+24	3.580537e+25	1.040097e+13	3.580537e+25	1.066928e+25	4.509679e+13	1.066928e+25	3.417785e+25	1.063546e+20	3.417775e+25	3.092733e+23	1.077565e-09	0.001620921	1.005325e+11	6.134352e+08	6.071692e+10	1.534916e-06	5.036244e-12	2.554041e-18	0.506306	0.5	0.06751841	1	6.17813	0.7682818	10569.8	1.117189e+26	1.827432e+28	5.151575e+27	6.741065e+25	3.118866e+27	1.203261e+27	5.325573e+26	2.294797e+26	0.2188657	0	0.01902765	0.03560219	0.03560219	0.001424136	0.02670164	0	0	-0.04094112	0	1.516978e-16	0	1.516978e-16	0	-499.5778	0	-499.5778	0	30779.92	77194.93	29.72675	8624.212	1.106061	1	0	0.4523971	1	2	0	0	
1484	1760.328	3.45e+19	0	0	100000	1.95875232	1.140862e-05	4.31292e+25	2.750134e+25	5.008351e+24	2.249299e+25	9.252584e+24	6.375273e+24	3.133318e+24	1.99796e+24	3.638546e+23	1.634106e+24	6.721963e+23	4.631609e+23	0.147818	3.133318e+25	1.99796e+25	3.638546e+24	1.634106e+25	6.481405e+24	4.465768e+24	4.063989e+23	0	0	0	0	0	0	0	0	0	0	0	0	0	0	4.03645e+25	4.647384e+16	4.03645e+25	1.824697e+25	3.221048e+20	1.824665e+25	9.768578e+24	5.687725e+12	9.768578e+24	3.649393e+25	1.07211e+13	3.649393e+25	1.087446e+25	4.648482e+13	1.087446e+25	3.483512e+25	1.096281e+20	3.483501e+25	3.072802e+23	1.084135e-09	0.001640113	9.791691e+10	6.492992e+08	6.311214e+10	1.555104e-06	5.169591e-12	2.656147e-18	0.5061904	0.5	0.06839081	1	6.29694	0.7830565	10569.8	1.117189e+26	1.827432e+28	5.151575e+27	6.741065e+25	3.118866e+27	1.203261e+27	5.325573e+26	2.294797e+26	0.2188657	0	0.01897668	0.03560219	0.03560219	0.001424136	0.02670164	0	0	-0.04124768	0	1.47341e-16	0	1.47341e-16	0	-500.0043	0	-500.0043	0	30784.74	77194.93	30.29839	8625.562	1.106061	1	0	0.4523969	1	2	0	0	
1512	1760.328	3.45e+19	0	0	100000	1.95844576	1.140862e-05	4.394295e+25	2.784864e+25	5.103577e+24	2.274506e+25	9.531691e+24	6.562626e+24	3.192437e+24	2.023192e+24	3.707727e+23	1.652419e+24	6.924733e+23	4.76772e+23	0.1493442	3.192437e+25	2.023192e+25	3.707727e+24	1.652419e+25	6.679587e+24	4.598799e+24	4.140668e+23	0	0	0	0	0	0	0	0	0	0	0	0	0	0	4.11261e+25	4.51834e+16	4.11261e+25	1.859125e+25	3.3541e+20	1.859091e+25	9.952891e+24	5.859303e+12	9.952891e+24	3.71825e+25	1.104452e+13	3.71825e+25	1.107963e+25	4.788713e+13	1.107963e+25	3.549239e+25	1.129352e+20	3.549227e+25	3.053457e+23	1.090575e-09	0.001659002	9.5419e+10	6.864904e+08	6.555157e+10	1.575154e-06	5.303754e-12	2.760214e-18	0.5060789	0.5	0.06925732	1	6.415751	0.7978311	10569.8	1.117189e+26	1.827432e+28	5.151575e+27	6.741065e+25	3.118866e+27	1.203261e+27	5.325573e+26	2.294797e+26	0.2188657	0	0.01892679	0.03560219	0.03560219	0.001424136	0.02670164	0	0	-0.04155424	0	1.431375e-16	0	1.431375e-16	0	-500.4279	0	-500.4279	0	30789.56	77194.93	30.87003	8626.913	1.106061	1	0	0.4523967	1	2	0	0	
1540	1760.328	3.45e+19	0	0	100000	1.9581392	1.140862e-05	4.475671e+25	2.819137e+25	5.198202e+24	2.299317e+25	9.81358e+24	6.751758e+24	3.251556e+24	2.048091e+24	3.776471e+23	1.670444e+24	7.129524e+23	4.905123e+23	0.1508546	3.251556e+25	2.048091e+25	3.776471e+24	1.670444e+25	6.879789e+24	4.733123e+24	4.217347e+23	0	0	0	0	0	0	0	0	0	0	0	0	0	0	4.188769e+25	4.392069e+16	4.188769e+25	1.893553e+25	3.490533e+20	1.893518e+25	1.01372e+25	6.032603e+12	1.01372e+25	3.787106e+25	1.137118e+13	3.787106e+25	1.128481e+25	4.93035e+13	1.128481e+25	3.614965e+25	1.162755e+20	3.614954e+25	3.034675e+23	1.096887e-09	0.001677593	9.303133e+10	7.250294e+08	6.803511e+10	1.59507e-06	5.43872e-12	2.866242e-18	0.5059714	0.5	0.07011809	1	6.534561	0.8126058	10569.8	1.117189e+26	1.827432e+28	5.151575e+27	6.741065e+25	3.118866e+27	1.203261e+27	5.325573e+26	2.294797e+26	0.2188657	0	0.01887797	0.03560219	0.03560219	0.001424136	0.02670164	0	0	-0.0418608	0	1.390809e-16	0	1.390809e-16	0	-500.8487	0	-500.8487	0	30794.38	77194.93	31.44167	8628.263	1.106061	1	0	0.4523966	1	2	0	0	
1568	1760.328	3.45e+19	0	0	100000	1.95783264	1.140862e-05	4.557047e+25	2.852962e+25	5.292215e+24	2.32374e+25	1.009821e+25	6.942641e+24	3.310675e+24	2.072665e+24	3.844772e+23	1.688187e+24	7.336307e+23	5.043799e+23	0.1523496	3.310675e+25	2.072665e+25	3.844772e+24	1.688187e+25	7.081982e+24	4.868721e+24	4.294026e+23	0	0	0	0	0	0	0	0	0	0	0	0	0	0	4.264929e+25	4.268604e+16	4.264929e+25	1.927981e+25	3.630393e+20	1.927945e+25	1.032152e+25	6.207598e+12	1.032152e+25	3.855963e+25	1.170104e+13	3.855963e+25	1.148999e+25	5.073374e+13	1.148999e+25	3.680692e+25	1.196485e+20	3.68068e+25	3.01643e+23	1.103076e-09	0.001695893	9.074707e+10	7.649367e+08	7.056266e+10	1.614855e-06	5.574479e-12	2.974227e-18	0.5058676	0.5	0.07097327	1	6.653371	0.8273804	10569.8	1.117189e+26	1.827432e+28	5.151575e+27	6.741065e+25	3.118866e+27	1.203261e+27	5.325573e+26	2.294797e+26	0.2188657	0	0.01883022	0.03560219	0.03560219	0.001424136	0.02670164	0	0	-0.04216736	0	1.351651e-16	0	1.351651e-16	0	-501.2667	0	-501.2667	0	30799.21	77194.93	32.01331	8629.615	1.106061	1	0	0.4523964	1	2	0	0	
1596	1760.328	3.45e+19	0	0	100000	1.95752608	1.140862e-05	4.638423e+25	2.886343e+25	5.385607e+24	2.347783e+25	1.038554e+25	7.135251e+24	3.369794e+24	2.096916e+24	3.91262e+23	1.705654e+24	7.545053e+23	5.18373e+23	0.1538293	3.369794e+25	2.096916e+25	3.91262e+24	1.705654e+25	7.286138e+24	5.005575e+24	4.370704e+23	0	0	0	0	0	0	0	0	0	0	0	0	0	0	4.341088e+25	4.147952e+16	4.341088e+25	1.96241e+25	3.773722e+20	1.962372e+25	1.050583e+25	6.384267e+12	1.050583e+25	3.924819e+25	1.203405e+13	3.924819e+25	1.169517e+25	5.217764e+13	1.169517e+25	3.746418e+25	1.230537e+20	3.746406e+25	2.998702e+23	1.109145e-09	0.001713907	8.855991e+10	8.062327e+08	7.313411e+10	1.634512e-06	5.71102e-12	3.08417e-18	0.5057674	0.5	0.07182299	1	6.772181	0.8421551	10569.8	1.117189e+26	1.827432e+28	5.151575e+27	6.741065e+25	3.118866e+27	1.203261e+27	5.325573e+26	2.294797e+26	0.2188657	0	0.01878355	0.03560219	0.03560219	0.001424136	0.02670164	0	0	-0.04247392	0	1.313844e-16	0	1.313844e-16	0	-501.6819	0	-501.6819	0	30804.03	77194.93	32.58495	8630.966	1.106061	1	0	0.4523962	1	2	0	0	
1624	1760.328	3.45e+19	0	0	100000	1.95721952	1.140862e-05	4.719799e+25	2.919288e+25	5.478368e+24	2.371451e+25	1.067554e+25	7.329564e+24	3.428914e+24	2.12085e+24	3.980011e+23	1.722849e+24	7.755736e+23	5.324897e+23	0.155294	3.428914e+25	2.12085e+25	3.980011e+24	1.722849e+25	7.492229e+24	5.143666e+24	4.447384e+23	0	0	0	0	0	0	0	0	0	0	0	0	0	0	4.417248e+25	4.030145e+16	4.417248e+25	1.996838e+25	3.920561e+20	1.996799e+25	1.069014e+25	6.562584e+12	1.069014e+25	3.993676e+25	1.237018e+13	3.993676e+25	1.190035e+25	5.363503e+13	1.190035e+25	3.812145e+25	1.264907e+20	3.812132e+25	2.981468e+23	1.115098e-09	0.001731639	8.646407e+10	8.489374e+08	7.574936e+10	1.654045e-06	5.848332e-12	3.196066e-18	0.5056706	0.5	0.07266738	1	6.890991	0.8569297	10569.8	1.117189e+26	1.827432e+28	5.151575e+27	6.741065e+25	3.118866e+27	1.203261e+27	5.325573e+26	2.294797e+26	0.2188657	0	0.01873794	0.03560219	0.03560219	0.001424136	0.02670164	0	0	-0.04278048	0	1.277331e-16	0	1.277331e-16	0	-502.0944	0	-502.0944	0	30808.86	77194.93	33.15658	8632.318	1.106061	1	0	0.452396	1	2	0	0	
1652	1760.328	3.45e+19	0	0	100000	1.95691296	1.140862e-05	4.801175e+25	2.951802e+25	5.570491e+24	2.394753e+25	1.096817e+25	7.525555e+24	3.488033e+24	2.144472e+24	4.046938e+23	1.739778e+24	7.968327e+23	5.467284e+23	0.156744	3.488033e+25	2.144472e+25	4.046938e+24	1.739778e+25	7.700227e+24	5.282976e+24	4.524063e+23	0	0	0	0	0	0	0	0	0	0	0	0	0	0	4.493407e+25	3.91516e+16	4.493407e+25	2.031266e+25	4.070957e+20	2.031225e+25	1.087446e+25	6.742526e+12	1.087446e+25	4.062532e+25	1.270936e+13	4.062532e+25	1.210553e+25	5.51057e+13	1.210553e+25	3.877872e+25	1.29959e+20	3.877859e+25	2.96471e+23	1.120936e-09	0.001749097	8.445418e+10	8.930708e+08	7.840832e+10	1.673456e-06	5.986405e-12	3.309916e-18	0.505577	0.5	0.07350656	1	7.009802	0.8717044	10569.8	1.117189e+26	1.827432e+28	5.151575e+27	6.741065e+25	3.118866e+27	1.203261e+27	5.325573e+26	2.294797e+26	0.2188657	0	0.01869341	0.03560219	0.03560219	0.001424136	0.02670164	0	0	-0.04308704	0	1.242059e-16	0	1.242059e-16	0	-502.5042	0	-502.5042	0	30813.68	77194.93	33.72822	8633.671	1.106061	1	0	0.4523958	1	2	0	0	
1680	1760.328	3.45e+19	0	0	100000	1.9566064	1.140862e-05	4.88255e+25	2.983892e+25	5.661966e+24	2.417695e+25	1.126338e+25	7.7232e+24	3.547152e+24	2.167785e+24	4.113394e+23	1.756445e+24	8.182799e+23	5.610872e+23	0.1581796	3.547152e+25	2.167785e+25	4.113394e+24	1.756445e+25	7.910107e+24	5.42349e+24	4.600741e+23	0	0	0	0	0	0	0	0	0	0	0	0	0	0	4.569566e+25	3.802999e+16	4.569566e+25	2.065694e+25	4.224952e+20	2.065652e+25	1.105877e+25	6.924072e+12	1.105877e+25	4.131389e+25	1.305157e+13	4.131389e+25	1.23107e+25	5.658948e+13	1.23107e+25	3.943598e+25	1.334582e+20	3.943585e+25	2.948408e+23	1.126665e-09	0.001766284	8.252529e+10	9.386527e+08	8.111089e+10	1.692749e-06	6.125231e-12	3.425716e-18	0.5054864	0.5	0.07434067	1	7.128612	0.886479	10569.8	1.117189e+26	1.827432e+28	5.151575e+27	6.741065e+25	3.118866e+27	1.203261e+27	5.325573e+26	2.294797e+26	0.2188657	0	0.01864994	0.03560219	0.03560219	0.001424136	0.02670164	0	0	-0.0433936	0	1.207979e-16	0	1.207979e-16	0	-502.9114	0	-502.9114	0	30818.51	77194.93	34.29985	8635.024	1.106061	1	0	0.4523956	1	2	0	0	
1708	1760.328	3.45e+19	0	0	100000	1.95629984	1.140862e-05	4.963926e+25	3.015563e+25	5.752788e+24	2.440285e+25	1.156115e+25	7.922477e+24	3.606271e+24	2.190794e+24	4.179376e+23	1.772856e+24	8.399127e+23	5.755645e+23	0.159601	3.606271e+25	2.190794e+25	4.179376e+24	1.772856e+25	8.121842e+24	5.565189e+24	4.677421e+23	0	0	0	0	0	0	0	0	0	0	0	0	0	0	4.645726e+25	3.693646e+16	4.645726e+25	2.100123e+25	4.38259e+20	2.100079e+25	1.124308e+25	7.107198e+12	1.124308e+25	4.200245e+25	1.339676e+13	4.200245e+25	1.251588e+25	5.808618e+13	1.251588e+25	4.009325e+25	1.369879e+20	4.009311e+25	2.932545e+23	1.132286e-09	0.001783206	8.06728e+10	9.857027e+08	8.385697e+10	1.711925e-06	6.264798e-12	3.543467e-18	0.5053988	0.5	0.07516982	1	7.247422	0.9012537	10569.8	1.117189e+26	1.827432e+28	5.151575e+27	6.741065e+25	3.118866e+27	1.203261e+27	5.325573e+26	2.294797e+26	0.2188657	0	0.01860753	0.03560219	0.03560219	0.001424136	0.02670164	0	0	-0.04370016	0	1.175043e-16	0	1.175043e-16	0	-503.3159	0	-503.3159	0	30823.34	77194.93	34.87149	8636.377	1.106061	1	0	0.4523955	1	2	0	0	
1736	1760.328	3.45e+19	0	0	100000	1.95599328	1.140862e-05	5.045302e+25	3.046822e+25	5.842949e+24	2.462527e+25	1.186144e+25	8.123361e+24	3.66539e+24	2.213503e+24	4.244878e+23	1.789015e+24	8.617285e+23	5.901587e+23	0.1610084	3.66539e+25	2.213503e+25	4.244878e+24	1.789015e+25	8.335405e+24	5.708058e+24	4.754099e+23	0	0	0	0	0	0	0	0	0	0	0	0	0	0	4.721885e+25	3.587068e+16	4.721885e+25	2.134551e+25	4.543918e+20	2.134505e+25	1.142739e+25	7.291884e+12	1.142739e+25	4.269102e+25	1.374488e+13	4.269102e+25	1.272106e+25	5.959561e+13	1.272106e+25	4.075052e+25	1.405477e+20	4.075038e+25	2.917104e+23	1.137802e-09	0.001799868	7.889245e+10	1.03424e+09	8.664647e+10	1.730989e-06	6.405099e-12	3.663165e-18	0.5053139	0.5	0.07599411	1	7.366232	0.9160283	10569.8	1.117189e+26	1.827432e+28	5.151575e+27	6.741065e+25	3.118866e+27	1.203261e+27	5.325573e+26	2.294797e+26	0.2188657	0	0.01856618	0.03560219	0.03560219	0.001424136	0.02670164	0	0	-0.04400672	0	1.143205e-16	0	1.143205e-16	0	-503.718	0	-503.718	0	30828.17	77194.93	35.44312	8637.731	1.106061	1	0	0.4523953	1	2	0	0	
1764	1760.328	3.45e+19	0	0	100000	1.95568672	1.140862e-05	5.126678e+25	3.077674e+25	5.932443e+24	2.484429e+25	1.216421e+25	8.325832e+24	3.72451e+24	2.235917e+24	4.309895e+23	1.804927e+24	8.837247e+23	6.048681e+23	0.1624021	3.72451e+25	2.235917e+25	4.309895e+24	1.804927e+25	8.550772e+24	5.852079e+24	4.830778e+23	0	0	0	0	0	0	0	0	0	0	0	0	0	0	4.798045e+25	3.483256e+16	4.798045e+25	2.168979e+25	4.708976e+20	2.168932e+25	1.161171e+25	7.478106e+12	1.161171e+25	4.337958e+25	1.409591e+13	4.337958e+25	1.292624e+25	6.111761e+13	1.292624e+25	4.140778e+25	1.44137e+20	4.140764e+25	2.902068e+23	1.143216e-09	0.001816275	7.718028e+10	1.084285e+09	8.94793e+10	1.749941e-06	6.546123e-12	3.78481e-18	0.5052316	0.5	0.07681365	1	7.485042	0.930803	10569.8	1.117189e+26	1.827432e+28	5.151575e+27	6.741065e+25	3.118866e+27	1.203261e+27	5.325573e+26	2.294797e+26	0.2188657	0	0.01852589	0.03560219	0.03560219	0.001424136	0.02670164	0	0	-0.04431328	0	1.112421e-16	0	1.112421e-16	0	-504.1175	0	-504.1175	0	30833.01	77194.93	36.01475	8639.085	1.106061	1	0	0.4523951	1	2	0	0	
1792	1760.328	3.45e+19	0	0	100000	1.95538016	1.140862e-05	5.208054e+25	3.108124e+25	6.021265e+24	2.505997e+25	1.246943e+25	8.529866e+24	3.783629e+24	2.258039e+24	4.374424e+23	1.820596e+24	9.058988e+23	6.196911e+23	0.1637822	3.783629e+25	2.258039e+25	4.374424e+24	1.820596e+25	8.767918e+24	5.997237e+24	4.907457e+23	0	0	0	0	0	0	0	0	0	0	0	0	0	0	4.874204e+25	3.382166e+16	4.874204e+25	2.203407e+25	4.877813e+20	2.203359e+25	1.179602e+25	7.665845e+12	1.179602e+25	4.406815e+25	1.444979e+13	4.406815e+25	1.313142e+25	6.265201e+13	1.313142e+25	4.206505e+25	1.477556e+20	4.20649e+25	2.887423e+23	1.148531e-09	0.001832431	7.553263e+10	1.135855e+09	9.235536e+10	1.768785e-06	6.687864e-12	3.908399e-18	0.5051519	0.5	0.07762856	1	7.603852	0.9455776	10569.8	1.117189e+26	1.827432e+28	5.151575e+27	6.741065e+25	3.118866e+27	1.203261e+27	5.325573e+26	2.294797e+26	0.2188657	0	0.01848664	0.03560219	0.03560219	0.001424136	0.02670164	0	0	-0.04461984	0	1.082649e-16	0	1.082649e-16	0	-504.5145	0	-504.5145	0	30837.84	77194.93	36.58637	8640.44	1.106061	1	0	0.4523949	1	2	0	0	
1820	1760.328	3.45e+19	0	0	100000	1.9550736	1.140862e-05	5.28943e+25	3.138179e+25	6.10941e+24	2.527238e+25	1.277707e+25	8.735443e+24	3.842748e+24	2.279873e+24	4.43846e+23	1.836027e+24	9.282485e+23	6.346262e+23	0.1651491	3.842748e+25	2.279873e+25	4.43846e+24	1.836027e+25	8.986817e+24	6.143516e+24	4.984137e+23	0	0	0	0	0	0	0	0	0	0	0	0	0	0	4.950364e+25	3.283769e+16	4.950364e+25	2.237836e+25	5.05047e+20	2.237785e+25	1.198033e+25	7.855078e+12	1.198033e+25	4.475671e+25	1.480649e+13	4.475671e+25	1.33366e+25	6.419862e+13	1.33366e+25	4.272232e+25	1.514031e+20	4.272216e+25	2.873155e+23	1.153749e-09	0.001848341	7.394606e+10	1.18897e+09	9.527456e+10	1.787523e-06	6.830312e-12	4.033932e-18	0.5050746	0.5	0.07843891	1	7.722663	0.9603523	10569.8	1.117189e+26	1.827432e+28	5.151575e+27	6.741065e+25	3.118866e+27	1.203261e+27	5.325573e+26	2.294797e+26	0.2188657	0	0.01844845	0.03560219	0.03560219	0.001424136	0.02670164	0	0	-0.0449264	0	1.053851e-16	0	1.053851e-16	0	-504.9091	0	-504.9091	0	30842.68	77194.93	37.158	8641.795	1.106061	1	0	0.4523947	1	2	0	0	
1848	1760.328	3.45e+19	0	0	100000	1.95476704	1.140862e-05	5.370805e+25	3.167843e+25	6.196873e+24	2.548156e+25	1.308709e+25	8.942541e+24	3.901867e+24	2.301424e+24	4.502001e+23	1.851224e+24	9.507712e+23	6.496718e+23	0.1665028	3.901867e+25	2.301424e+25	4.502001e+24	1.851224e+25	9.207447e+24	6.2909e+24	5.060815e+23	0	0	0	0	0	0	0	0	0	0	0	0	0	0	5.026523e+25	3.188015e+16	5.026523e+25	2.272264e+25	5.226997e+20	2.272212e+25	1.216464e+25	8.045787e+12	1.216464e+25	4.544528e+25	1.516597e+13	4.544528e+25	1.354177e+25	6.575729e+13	1.354177e+25	4.337958e+25	1.550789e+20	4.337943e+25	2.85925e+23	1.158873e-09	0.001864008	7.241738e+10	1.243649e+09	9.823681e+10	1.806157e-06	6.973459e-12	4.161406e-18	0.5049996	0.5	0.07924483	1	7.841473	0.9751269	10569.8	1.117189e+26	1.827432e+28	5.151575e+27	6.741065e+25	3.118866e+27	1.203261e+27	5.325573e+26	2.294797e+26	0.2188657	0	0.0184113	0.03560219	0.03560219	0.001424136	0.02670164	0	0	-0.04523296	0	1.025987e-16	0	1.025987e-16	0	-505.3012	0	-505.3012	0	30847.51	77194.93	37.72963	8643.15	1.106061	1	0	0.4523945	1	2	0	0	
1876	1760.328	3.45e+19	0	0	100000	1.95446048	1.140862e-05	5.452181e+25	3.197122e+25	6.283649e+24	2.568757e+25	1.339945e+25	9.151139e+24	3.960986e+24	2.322696e+24	4.565044e+23	1.866191e+24	9.734646e+23	6.648263e+23	0.1678436	3.960986e+25	2.322696e+25	4.565044e+24	1.866191e+25	9.429784e+24	6.439376e+24	5.137494e+23	0	0	0	0	0	0	0	0	0	0	0	0	0	0	5.102682e+25	3.094859e+16	5.102682e+25	2.306692e+25	5.407439e+20	2.306638e+25	1.234896e+25	8.23795e+12	1.234896e+25	4.613384e+25	1.552819e+13	4.613384e+25	1.374695e+25	6.732786e+13	1.374695e+25	4.403685e+25	1.587828e+20	4.403669e+25	2.845694e+23	1.163904e-09	0.001879439	7.094361e+10	1.29991e+09	1.01242e+11	1.824689e-06	7.117297e-12	4.290821e-18	0.5049268	0.5	0.08004638	1	7.960283	0.9899016	10569.8	1.117189e+26	1.827432e+28	5.151575e+27	6.741065e+25	3.118866e+27	1.203261e+27	5.325573e+26	2.294797e+26	0.2188657	0	0.01837518	0.03560219	0.03560219	0.001424136	0.02670164	0	0	-0.04553952	0	9.990225e-17	0	9.990225e-17	0	-505.691	0	-505.691	0	30852.35	77194.93	38.30125	8644.506	1.106061	1	0	0.4523943	1	2	0	0	
1904	1760.328	3.45e+19	0	0	100000	1.95415392	1.140862e-05	5.533557e+25	3.226022e+25	6.369736e+24	2.589048e+25	1.371414e+25	9.361216e+24	4.020106e+24	2.343691e+24	4.627586e+23	1.880932e+24	9.963263e+23	6.800884e+23	0.1691718	4.020106e+25	2.343691e+25	4.627586e+24	1.880932e+25	9.653803e+24	6.588926e+24	5.214174e+23	0	0	0	0	0	0	0	0	0	0	0	0	0	0	5.178842e+25	3.004271e+16	5.178842e+25	2.34112e+25	5.591839e+20	2.341064e+25	1.253327e+25	8.431548e+12	1.253327e+25	4.682241e+25	1.589312e+13	4.682241e+25	1.395213e+25	6.891015e+13	1.395213e+25	4.469412e+25	1.625143e+20	4.469395e+25	2.832476e+23	1.168845e-09	0.001894637	6.952199e+10	1.357771e+09	1.042901e+11	1.843122e-06	7.261818e-12	4.422174e-18	0.504856	0.5	0.08084367	1	8.079093	1.004676	10569.8	1.117189e+26	1.827432e+28	5.151575e+27	6.741065e+25	3.118866e+27	1.203261e+27	5.325573e+26	2.294797e+26	0.2188657	0	0.0183401	0.03560219	0.03560219	0.001424136	0.02670164	0	0	-0.04584608	0	9.729223e-17	0	9.729223e-17	0	-506.0785	0	-506.0785	0	30857.19	77194.93	38.87287	8645.862	1.106061	1	0	0.4523941	1	2	0	0	
1932	1760.328	3.45e+19	0	0	100000	1.95384736	1.140862e-05	5.614933e+25	3.254546e+25	6.45513e+24	2.609033e+25	1.403111e+25	9.572754e+24	4.079225e+24	2.364414e+24	4.689624e+23	1.895452e+24	1.019354e+24	6.954565e+23	0.1704874	4.079225e+25	2.364414e+25	4.689624e+24	1.895452e+25	9.879483e+24	6.739538e+24	5.290852e+23	0	0	0	0	0	0	0	0	0	0	0	0	0	0	5.255001e+25	2.916192e+16	5.255001e+25	2.375549e+25	5.780246e+20	2.375491e+25	1.271758e+25	8.626561e+12	1.271758e+25	4.751097e+25	1.626071e+13	4.751097e+25	1.415731e+25	7.050401e+13	1.415731e+25	4.535138e+25	1.662732e+20	4.535122e+25	2.819584e+23	1.173699e-09	0.001909605	6.814989e+10	1.417252e+09	1.07381e+11	1.861457e-06	7.407016e-12	4.555464e-18	0.5047873	0.5	0.08163677	1	8.197903	1.019451	10569.8	1.117189e+26	1.827432e+28	5.151575e+27	6.741065e+25	3.118866e+27	1.203261e+27	5.325573e+26	2.294797e+26	0.2188657	0	0.01830604	0.03560219	0.03560219	0.001424136	0.02670164	0	0	-0.04615264	0	9.476534e-17	0	9.476534e-17	0	-506.4636	0	-506.4636	0	30862.04	77194.93	39.4445	8647.219	1.106061	1	0	0.4523939	1	2	0	0	
1960	1760.328	3.45e+19	0	0	100000	1.9535408	1.140862e-05	5.696309e+25	3.282702e+25	6.539828e+24	2.628719e+25	1.435034e+25	9.785731e+24	4.138344e+24	2.384869e+24	4.751157e+23	1.909753e+24	1.042546e+24	7.109292e+23	0.1717907	4.138344e+25	2.384869e+25	4.751157e+24	1.909753e+25	1.01068e+25	6.891197e+24	5.367532e+23	0	0	0	0	0	0	0	0	0	0	0	0	0	0	5.331161e+25	2.83058e+16	5.331161e+25	2.409977e+25	5.972704e+20	2.409917e+25	1.29019e+25	8.822971e+12	1.29019e+25	4.819954e+25	1.663094e+13	4.819954e+25	1.436249e+25	7.210929e+13	1.436249e+25	4.600865e+25	1.700589e+20	4.600848e+25	2.807006e+23	1.178467e-09	0.001924348	6.682489e+10	1.478369e+09	1.105145e+11	1.879696e-06	7.552881e-12	4.69069e-18	0.5047205	0.5	0.08242578	1	8.316714	1.034226	10569.8	1.117189e+26	1.827432e+28	5.151575e+27	6.741065e+25	3.118866e+27	1.203261e+27	5.325573e+26	2.294797e+26	0.2188657	0	0.01827301	0.03560219	0.03560219	0.001424136	0.02670164	0	0	-0.0464592	0	9.231841e-17	0	9.231841e-17	0	-506.8465	0	-506.8465	0	30866.88	77194.93	40.01612	8648.576	1.106061	1	0	0.4523937	1	2	0	0	
1988	1760.328	3.45e+19	0	0	100000	1.95323424	1.140862e-05	5.777685e+25	3.310493e+25	6.623828e+24	2.64811e+25	1.467179e+25	1.000013e+25	4.197463e+24	2.405059e+24	4.812182e+23	1.923841e+24	1.065899e+24	7.265051e+23	0.1730819	4.197463e+25	2.405059e+25	4.812182e+24	1.923841e+25	1.033574e+25	7.043888e+24	5.44421e+23	0	0	0	0	0	0	0	0	0	0	0	0	0	0	5.40732e+25	2.74738e+16	5.40732e+25	2.444405e+25	6.169262e+20	2.444343e+25	1.308621e+25	9.020759e+12	1.308621e+25	4.88881e+25	1.700376e+13	4.88881e+25	1.456767e+25	7.372583e+13	1.456767e+25	4.666591e+25	1.738712e+20	4.666574e+25	2.794732e+23	1.183151e-09	0.001938871	6.554472e+10	1.541141e+09	1.136907e+11	1.897842e-06	7.699408e-12	4.82785e-18	0.5046555	0.5	0.08321076	1	8.435524	1.049	10569.8	1.117189e+26	1.827432e+28	5.151575e+27	6.741065e+25	3.118866e+27	1.203261e+27	5.325573e+26	2.294797e+26	0.2188657	0	0.01824099	0.03560219	0.03560219	0.001424136	0.02670164	0	0	-0.04676576	0	8.994844e-17	0	8.994844e-17	0	-507.2271	0	-507.2271	0	30871.73	77194.93	40.58774	8649.934	1.106061	1	0	0.4523935	1	2	0	0	
2016	1760.328	3.45e+19	0	0	100000	1.95292768	1.140862e-05	5.85906e+25	3.337924e+25	6.707127e+24	2.667211e+25	1.499544e+25	1.021593e+25	4.256582e+24	2.424987e+24	4.872699e+23	1.937717e+24	1.089412e+24	7.421828e+23	0.1743612	4.256582e+25	2.424987e+25	4.872699e+24	1.937717e+25	1.056626e+25	7.197598e+24	5.520889e+23	0	0	0	0	0	0	0	0	0	0	0	0	0	0	5.48348e+25	2.66654e+16	5.48348e+25	2.478833e+25	6.369968e+20	2.47877e+25	1.327052e+25	9.219906e+12	1.327052e+25	4.957667e+25	1.737915e+13	4.957667e+25	1.477284e+25	7.535348e+13	1.477284e+25	4.732318e+25	1.777097e+20	4.7323e+25	2.782752e+23	1.187753e-09	0.001953176	6.430722e+10	1.605587e+09	1.169094e+11	1.915895e-06	7.84659e-12	4.966943e-18	0.5045923	0.5	0.0839918	1	8.554334	1.063775	10569.8	1.117189e+26	1.827432e+28	5.151575e+27	6.741065e+25	3.118866e+27	1.203261e+27	5.325573e+26	2.294797e+26	0.2188657	0	0.01820998	0.03560219	0.03560219	0.001424136	0.02670164	0	0	-0.04707232	0	8.765253e-17	0	8.765253e-17	0	-507.6055	0	-507.6055	0	30876.57	77194.93	41.15935	8651.292	1.106061	1	0	0.4523933	1	2	0	0	
2044	1760.328	3.45e+19	0	0	100000	1.95262112	1.140862e-05	5.940436e+25	3.365e+25	6.789724e+24	2.686028e+25	1.532125e+25	1.043311e+25	4.315702e+24	2.444658e+24	4.932705e+23	1.951388e+24	1.113082e+24	7.57961e+23	0.1756287	4.315702e+25	2.444658e+25	4.932705e+24	1.951388e+25	1.079836e+25	7.352313e+24	5.597567e+23	0	0	0	0	0	0	0	0	0	0	0	0	0	0	5.559639e+25	2.588017e+16	5.559639e+25	2.513262e+25	6.574863e+20	2.513196e+25	1.345483e+25	9.420394e+12	1.345483e+25	5.026523e+25	1.775707e+13	5.026523e+25	1.497802e+25	7.69921e+13	1.497802e+25	4.798045e+25	1.815741e+20	4.798027e+25	2.771056e+23	1.192275e-09	0.001967268	6.311039e+10	1.671722e+09	1.201705e+11	1.933859e-06	7.994418e-12	5.107966e-18	0.5045308	0.5	0.08476897	1	8.673144	1.078549	10569.8	1.117189e+26	1.827432e+28	5.151575e+27	6.741065e+25	3.118866e+27	1.203261e+27	5.325573e+26	2.294797e+26	0.2188657	0	0.01817997	0.03560219	0.03560219	0.001424136	0.02670164	0	0	-0.04737888	0	8.542793e-17	0	8.542793e-17	0	-507.9817	0	-507.9817	0	30881.42	77194.93	41.73097	8652.65	1.106061	1	0	0.4523931	1	2	0	0	
2072	1760.328	3.45e+19	0	0	100000	1.95231456	1.140862e-05	6.021812e+25	3.391726e+25	6.871617e+24	2.704565e+25	1.56492e+25	1.065166e+25	4.374821e+24	2.464075e+24	4.992201e+23	1.964855e+24	1.136908e+24	7.738383e+23	0.1768846	4.374821e+25	2.464075e+25	4.992201e+24	1.964855e+25	1.103202e+25	7.50802e+24	5.674245e+23	0	0	0	0	0	0	0	0	0	0	0	0	0	0	5.635799e+25	2.511743e+16	5.635799e+25	2.54769e+25	6.784004e+20	2.547622e+25	1.363915e+25	9.622205e+12	1.363915e+25	5.09538e+25	1.813748e+13	5.09538e+25	1.51832e+25	7.864152e+13	1.51832e+25	4.863771e+25	1.854639e+20	4.863753e+25	2.759634e+23	1.19672e-09	0.00198115	6.195235e+10	1.739565e+09	1.234739e+11	1.951733e-06	8.142887e-12	5.25092e-18	0.504471	0.5	0.08554234	1	8.791954	1.093324	10569.8	1.117189e+26	1.827432e+28	5.151575e+27	6.741065e+25	3.118866e+27	1.203261e+27	5.325573e+26	2.294797e+26	0.2188657	0	0.01815096	0.03560219	0.03560219	0.001424136	0.02670164	0	0	-0.04768544	0	8.327198e-17	0	8.327198e-17	0	-508.3558	0	-508.3558	0	30886.27	77194.93	42.30258	8654.009	1.106061	1	0	0.4523929	1	2	0	0	
2100	1760.328	3.45e+19	0	0	100000	1.952008	1.140862e-05	6.103188e+25	3.418107e+25	6.952806e+24	2.722827e+25	1.597926e+25	1.087155e+25	4.43394e+24	2.48324e+24	5.051184e+23	1.978122e+24	1.160886e+24	7.898134e+23	0.178129	4.43394e+25	2.48324e+25	5.051184e+24	1.978122e+25	1.12672e+25	7.664705e+24	5.750924e+23	0	0	0	0	0	0	0	0	0	0	0	0	0	0	5.711958e+25	2.437675e+16	5.711958e+25	2.582118e+25	6.997434e+20	2.582048e+25	1.382346e+25	9.825322e+12	1.382346e+25	5.164236e+25	1.852034e+13	5.164236e+25	1.538838e+25	8.030162e+13	1.538838e+25	4.929498e+25	1.89379e+20	4.929479e+25	2.748479e+23	1.201088e-09	0.001994827	6.083131e+10	1.809134e+09	1.268197e+11	1.969521e-06	8.29199e-12	5.395801e-18	0.5044126	0.5	0.08631199	1	8.910765	1.108099	10569.8	1.117189e+26	1.827432e+28	5.151575e+27	6.741065e+25	3.118866e+27	1.203261e+27	5.325573e+26	2.294797e+26	0.2188657	0	0.01812294	0.03560219	0.03560219	0.001424136	0.02670164	0	0	-0.047992	0	8.118217e-17	0	8.118217e-17	0	-508.7278	0	-508.7278	0	30891.12	77194.93	42.87419	8655.369	1.106061	1	0	0.4523926	1	2	0	0	
2128	1760.328	3.45e+19	0	0	100000	1.95170144	1.140862e-05	6.184564e+25	3.444147e+25	7.033289e+24	2.740818e+25	1.63114e+25	1.109277e+25	4.493059e+24	2.502158e+24	5.109655e+23	1.991193e+24	1.185016e+24	8.05885e+23	0.1793622	4.493059e+25	2.502158e+25	5.109655e+24	1.991193e+25	1.150389e+25	7.822355e+24	5.827604e+23	0	0	0	0	0	0	0	0	0	0	0	0	0	0	5.788117e+25	2.365757e+16	5.788117e+25	2.616546e+25	7.215201e+20	2.616474e+25	1.400777e+25	1.002973e+13	1.400777e+25	5.233092e+25	1.890564e+13	5.233092e+25	1.559356e+25	8.197225e+13	1.559356e+25	4.995225e+25	1.933188e+20	4.995205e+25	2.737581e+23	1.205381e-09	0.0020083	5.974562e+10	1.880444e+09	1.302075e+11	1.987224e-06	8.44172e-12	5.542608e-18	0.5043558	0.5	0.08707797	1	9.029575	1.122873	10569.8	1.117189e+26	1.827432e+28	5.151575e+27	6.741065e+25	3.118866e+27	1.203261e+27	5.325573e+26	2.294797e+26	0.2188657	0	0.0180959	0.03560219	0.03560219	0.001424136	0.02670164	0	0	-0.04829856	0	7.915607e-17	0	7.915607e-17	0	-509.0977	0	-509.0977	0	30895.98	77194.93	43.44581	8656.728	1.106061	1	0	0.4523924	1	2	0	0	
2156	1760.328	3.45e+19	0	0	100000	1.95139488	1.140862e-05	6.26594e+25	3.469851e+25	7.113066e+24	2.758544e+25	1.664559e+25	1.13153e+25	4.552178e+24	2.520832e+24	5.167612e+23	2.004071e+24	1.209295e+24	8.220519e+23	0.1805843	4.552178e+25	2.520832e+25	5.167612e+24	2.004071e+25	1.174208e+25	7.980959e+24	5.904282e+23	0	0	0	0	0	0	0	0	0	0	0	0	0	0	5.864277e+25	2.295939e+16	5.864277e+25	2.650974e+25	7.437354e+20	2.6509e+25	1.419209e+25	1.02354e+13	1.419209e+25	5.301949e+25	1.929334e+13	5.301949e+25	1.579874e+25	8.365327e+13	1.579874e+25	5.060951e+25	1.972832e+20	5.060932e+25	2.726932e+23	1.209601e-09	0.002021575	5.86937e+10	1.953514e+09	1.336375e+11	2.004842e-06	8.592071e-12	5.69134e-18	0.5043004	0.5	0.08784035	1	9.148385	1.137648	10569.8	1.117189e+26	1.827432e+28	5.151575e+27	6.741065e+25	3.118866e+27	1.203261e+27	5.325573e+26	2.294797e+26	0.2188657	0	0.01806983	0.03560219	0.03560219	0.001424136	0.02670164	0	0	-0.04860512	0	7.719135e-17	0	7.719135e-17	0	-509.4655	0	-509.4655	0	30900.83	77194.93	44.01741	8658.089	1.106061	1	0	0.4523922	1	2	0	0	
2184	1760.328	3.45e+19	0	0	100000	1.95108832	1.140862e-05	6.347316e+25	3.495223e+25	7.192137e+24	2.776009e+25	1.69818e+25	1.153913e+25	4.611298e+24	2.539264e+24	5.225057e+23	2.016759e+24	1.233721e+24	8.383127e+23	0.1817954	4.611298e+25	2.539264e+25	5.225057e+24	2.016759e+25	1.198173e+25	8.140503e+24	5.980961e+23	0	0	0	0	0	0	0	0	0	0	0	0	0	0	5.940436e+25	2.228166e+16	5.940436e+25	2.685403e+25	7.663943e+20	2.685326e+25	1.43764e+25	1.044233e+13	1.43764e+25	5.370805e+25	1.96834e+13	5.370805e+25	1.600392e+25	8.534455e+13	1.600392e+25	5.126678e+25	2.012717e+20	5.126658e+25	2.716524e+23	1.21375e-09	0.002034653	5.767406e+10	2.028359e+09	1.371095e+11	2.022379e-06	8.743037e-12	5.841996e-18	0.5042464	0.5	0.0885992	1	9.267195	1.152423	10569.8	1.117189e+26	1.827432e+28	5.151575e+27	6.741065e+25	3.118866e+27	1.203261e+27	5.325573e+26	2.294797e+26	0.2188657	0	0.01804473	0.03560219	0.03560219	0.001424136	0.02670164	0	0	-0.04891168	0	7.52858e-17	0	7.52858e-17	0	-509.8314	0	-509.8314	0	30905.69	77194.93	44.58902	8659.449	1.106061	1	0	0.452392	1	2	0	0	
2212	1760.328	3.45e+19	0	0	100000	1.95078176	1.140862e-05	6.428691e+25	3.520267e+25	7.270502e+24	2.793217e+25	1.732002e+25	1.176423e+25	4.670417e+24	2.557459e+24	5.281989e+23	2.02926e+24	1.258292e+24	8.546663e+23	0.1829957	4.670417e+25	2.557459e+25	5.281989e+24	2.02926e+25	1.222284e+25	8.300975e+24	6.05764e+23	0	0	0	0	0	0	0	0	0	0	0	0	0	0	6.016596e+25	2.162381e+16	6.016596e+25	2.719831e+25	7.89502e+20	2.719752e+25	1.456071e+25	1.06505e+13	1.456071e+25	5.439662e+25	2.007579e+13	5.439662e+25	1.620909e+25	8.704593e+13	1.620909e+25	5.192405e+25	2.052841e+20	5.192384e+25	2.706351e+23	1.21783e-09	0.002047539	5.66853e+10	2.104997e+09	1.406234e+11	2.039834e-06	8.894612e-12	5.994573e-18	0.5041938	0.5	0.08935457	1	9.386005	1.167197	10569.8	1.117189e+26	1.827432e+28	5.151575e+27	6.741065e+25	3.118866e+27	1.203261e+27	5.325573e+26	2.294797e+26	0.2188657	0	0.01802059	0.03560219	0.03560219	0.001424136	0.02670164	0	0	-0.04921824	0	7.34373e-17	0	7.34373e-17	0	-510.1952	0	-510.1952	0	30910.54	77194.93	45.16063	8660.81	1.106061	1	0	0.4523918	1	2	0	0	
2240	1760.328	3.45e+19	0	0	100000	1.9504752	1.140862e-05	6.510067e+25	3.544988e+25	7.348161e+24	2.810172e+25	1.76602e+25	1.199059e+25	4.729536e+24	2.575418e+24	5.338408e+23	2.041578e+24	1.283006e+24	8.711114e+23	0.1841854	4.729536e+25	2.575418e+25	5.338408e+24	2.041578e+25	1.246538e+25	8.462362e+24	6.134319e+23	0	0	0	0	0	0	0	0	0	0	0	0	0	0	6.092755e+25	2.098541e+16	6.092755e+25	2.754259e+25	8.130627e+20	2.754178e+25	1.474502e+25	1.085989e+13	1.474502e+25	5.508518e+25	2.047048e+13	5.508518e+25	1.641427e+25	8.875732e+13	1.641427e+25	5.258131e+25	2.0932e+20	5.25811e+25	2.696404e+23	1.22184e-09	0.002060236	5.572611e+10	2.183445e+09	1.441791e+11	2.05721e-06	9.046789e-12	6.149071e-18	0.5041424	0.5	0.09010652	1	9.504816	1.181972	10569.8	1.117189e+26	1.827432e+28	5.151575e+27	6.741065e+25	3.118866e+27	1.203261e+27	5.325573e+26	2.294797e+26	0.2188657	0	0.01799741	0.03560219	0.03560219	0.001424136	0.02670164	0	0	-0.0495248	0	7.164379e-17	0	7.164379e-17	0	-510.5571	0	-510.5571	0	30915.4	77194.93	45.73223	8662.172	1.106061	1	0	0.4523916	1	2	0	0	
2268	1760.328	3.45e+19	0	0	100000	1.95016864	1.140862e-05	6.591443e+25	3.56939e+25	7.425114e+24	2.826878e+25	1.800233e+25	1.22182e+25	4.788655e+24	2.593146e+24	5.394314e+23	2.053715e+24	1.307862e+24	8.876469e+23	0.1853646	4.788655e+25	2.593146e+25	5.394314e+24	2.053715e+25	1.270933e+25	8.624654e+24	6.210998e+23	0	0	0	0	0	0	0	0	0	0	0	0	0	0	6.168915e+25	2.036585e+16	6.168915e+25	2.788687e+25	8.370822e+20	2.788604e+25	1.492934e+25	1.107048e+13	1.492934e+25	5.577375e+25	2.086745e+13	5.577375e+25	1.661945e+25	9.047854e+13	1.661945e+25	5.323858e+25	2.133792e+20	5.323837e+25	2.686678e+23	1.225784e-09	0.002072747	5.479524e+10	2.263717e+09	1.477765e+11	2.074507e-06	9.199564e-12	6.305486e-18	0.5040923	0.5	0.09085512	1	9.623626	1.196747	10569.8	1.117189e+26	1.827432e+28	5.151575e+27	6.741065e+25	3.118866e+27	1.203261e+27	5.325573e+26	2.294797e+26	0.2188657	0	0.01797516	0.03560219	0.03560219	0.001424136	0.02670164	0	0	-0.04983136	0	6.990333e-17	0	6.990333e-17	0	-510.917	0	-510.917	0	30920.26	77194.93	46.30383	8663.534	1.106061	1	0	0.4523913	1	2	0	0	
2296	1760.328	3.45e+19	0	0	100000	1.94986208	1.140862e-05	6.672819e+25	3.593477e+25	7.501363e+24	2.843341e+25	1.834639e+25	1.244703e+25	4.847774e+24	2.610646e+24	5.449708e+23	2.065675e+24	1.332857e+24	9.042716e+23	0.1865333	4.847774e+25	2.610646e+25	5.449708e+24	2.065675e+25	1.295468e+25	8.787837e+24	6.287678e+23	0	0	0	0	0	0	0	0	0	0	0	0	0	0	6.245074e+25	1.976471e+16	6.245074e+25	2.823116e+25	8.615649e+20	2.82303e+25	1.511365e+25	1.128227e+13	1.511365e+25	5.646231e+25	2.126666e+13	5.646231e+25	1.682463e+25	9.22095e+13	1.682463e+25	5.389584e+25	2.174613e+20	5.389563e+25	2.677165e+23	1.229663e-09	0.002085075	5.389149e+10	2.345832e+09	1.514156e+11	2.091727e-06	9.352929e-12	6.463819e-18	0.5040433	0.5	0.09160042	1	9.742436	1.211521	10569.8	1.117189e+26	1.827432e+28	5.151575e+27	6.741065e+25	3.118866e+27	1.203261e+27	5.325573e+26	2.294797e+26	0.2188657	0	0.01795385	0.03560219	0.03560219	0.001424136	0.02670164	0	0	-0.05013792	0	6.821404e-17	0	6.821404e-17	0	-511.275	0	-511.275	0	30925.13	77194.93	46.87544	8664.896	1.106061	1	0	0.4523911	1	2	0	0	
2324	1760.328	3.45e+19	0	0	100000	1.94955552	1.140862e-05	6.754195e+25	3.617254e+25	7.576908e+24	2.859563e+25	1.869233e+25	1.267708e+25	4.906894e+24	2.627919e+24	5.504591e+23	2.07746e+24	1.35799e+24	9.209842e+23	0.1876919	4.906894e+25	2.627919e+25	5.504591e+24	2.07746e+25	1.320141e+25	8.951902e+24	6.364355e+23	0	0	0	0	0	0	0	0	0	0	0	0	0	0	6.321234e+25	1.918145e+16	6.321234e+25	2.857544e+25	8.865162e+20	2.857455e+25	1.529796e+25	1.149523e+13	1.529796e+25	5.715088e+25	2.166808e+13	5.715088e+25	1.702981e+25	9.395006e+13	1.702981e+25	5.455311e+25	2.21566e+20	5.455289e+25	2.667859e+23	1.233477e-09	0.002097222	5.301377e+10	2.429804e+09	1.550963e+11	2.108872e-06	9.506879e-12	6.624067e-18	0.5039955	0.5	0.09234246	1	9.861246	1.226296	10569.8	1.117189e+26	1.827432e+28	5.151575e+27	6.741065e+25	3.118866e+27	1.203261e+27	5.325573e+26	2.294797e+26	0.2188657	0	0.01793347	0.03560219	0.03560219	0.001424136	0.02670164	0	0	-0.05044448	0	6.657412e-17	0	6.657412e-17	0	-511.6312	0	-511.6312	0	30929.99	77194.93	47.44704	8666.259	1.106061	1	0	0.4523909	1	2	0	0	
2352	1760.328	3.45e+19	0	0	100000	1.94924896	1.140862e-05	6.835571e+25	3.640724e+25	7.651751e+24	2.875549e+25	1.904015e+25	1.290832e+25	4.966013e+24	2.64497e+24	5.558964e+23	2.089074e+24	1.383259e+24	9.377838e+23	0.1888404	4.966013e+25	2.64497e+25	5.558964e+24	2.089074e+25	1.344949e+25	9.116835e+24	6.441035e+23	0	0	0	0	0	0	0	0	0	0	0	0	0	0	6.397393e+25	1.861555e+16	6.397393e+25	2.891972e+25	9.119414e+20	2.891881e+25	1.548228e+25	1.170934e+13	1.548228e+25	5.783944e+25	2.207169e+13	5.783944e+25	1.723499e+25	9.570009e+13	1.723499e+25	5.521038e+25	2.256931e+20	5.521015e+25	2.658755e+23	1.237228e-09	0.002109193	5.2161e+10	2.515649e+09	1.588185e+11	2.125943e-06	9.66141e-12	6.786229e-18	0.5039488	0.5	0.0930813	1	9.980056	1.241071	10569.8	1.117189e+26	1.827432e+28	5.151575e+27	6.741065e+25	3.118866e+27	1.203261e+27	5.325573e+26	2.294797e+26	0.2188657	0	0.01791401	0.03560219	0.03560219	0.001424136	0.02670164	0	0	-0.05075104	0	6.498184e-17	0	6.498184e-17	0	-511.9855	0	-511.9855	0	30934.85	77194.93	48.01863	8667.622	1.106061	1	0	0.4523906	1	2	0	0	
2380	1760.328	3.45e+19	0	0	100000	1.9489424	1.140862e-05	6.916946e+25	3.663891e+25	7.725892e+24	2.891302e+25	1.938982e+25	1.314074e+25	5.025132e+24	2.661801e+24	5.612828e+23	2.100518e+24	1.408662e+24	9.546691e+23	0.1899789	5.025132e+25	2.661801e+25	5.612828e+24	2.100518e+25	1.369891e+25	9.282627e+24	6.517713e+23	0	0	0	0	0	0	0	0	0	0	0	0	0	0	6.473552e+25	1.806658e+16	6.473552e+25	2.9264e+25	9.37845e+20	2.926307e+25	1.566659e+25	1.192461e+13	1.566659e+25	5.852801e+25	2.247745e+13	5.852801e+25	1.744016e+25	9.745946e+13	1.744016e+25	5.586764e+25	2.298422e+20	5.586741e+25	2.649845e+23	1.240918e-09	0.00212099	5.133219e+10	2.603384e+09	1.62582e+11	2.14294e-06	9.816514e-12	6.950302e-18	0.5039032	0.5	0.093817	1	10.09887	1.255845	10569.8	1.117189e+26	1.827432e+28	5.151575e+27	6.741065e+25	3.118866e+27	1.203261e+27	5.325573e+26	2.294797e+26	0.2188657	0	0.01789545	0.03560219	0.03560219	0.001424136	0.02670164	0	0	-0.0510576	0	6.343556e-17	0	6.343556e-17	0	-512.3379	0	-512.3379	0	30939.72	77194.93	48.59023	8668.985	1.106061	1	0	0.4523904	1	2	0	0	
2408	1760.328	3.45e+19	0	0	100000	1.94863584	1.140862e-05	6.998322e+25	3.686759e+25	7.799334e+24	2.906826e+25	1.97413e+25	1.337433e+25	5.084251e+24	2.678415e+24	5.666183e+23	2.111797e+24	1.434197e+24	9.716391e+23	0.1911076	5.084251e+25	2.678415e+25	5.666183e+24	2.111797e+25	1.394966e+25	9.449265e+24	6.594392e+23	0	0	0	0	0	0	0	0	0	0	0	0	0	0	6.549712e+25	1.753399e+16	6.549712e+25	2.960829e+25	9.642331e+20	2.960732e+25	1.58509e+25	1.214099e+13	1.58509e+25	5.921657e+25	2.288535e+13	5.921657e+25	1.764534e+25	9.922807e+13	1.764534e+25	5.652491e+25	2.340131e+20	5.652468e+25	2.641126e+23	1.244548e-09	0.002132615	5.052638e+10	2.693023e+09	1.663869e+11	2.159864e-06	9.972188e-12	7.116286e-18	0.5038586	0.5	0.09454959	1	10.21768	1.27062	10569.8	1.117189e+26	1.827432e+28	5.151575e+27	6.741065e+25	3.118866e+27	1.203261e+27	5.325573e+26	2.294797e+26	0.2188657	0	0.0178778	0.03560219	0.03560219	0.001424136	0.02670164	0	0	-0.05136416	0	6.193368e-17	0	6.193368e-17	0	-512.6886	0	-512.6886	0	30944.59	77194.93	49.16182	8670.349	1.106061	1	0	0.4523902	1	2	0	0	
2436	1760.328	3.45e+19	0	0	100000	1.94832928	1.140862e-05	7.079698e+25	3.709333e+25	7.872078e+24	2.922125e+25	2.009459e+25	1.360906e+25	5.14337e+24	2.694815e+24	5.719031e+23	2.122911e+24	1.459863e+24	9.886927e+23	0.1922266	5.14337e+25	2.694815e+25	5.719031e+24	2.122911e+25	1.420171e+25	9.61674e+24	6.67107e+23	0	0	0	0	0	0	0	0	0	0	0	0	0	0	6.625871e+25	1.701738e+16	6.625871e+25	2.995257e+25	9.911102e+20	2.995158e+25	1.603521e+25	1.23585e+13	1.603521e+25	5.990514e+25	2.329534e+13	5.990514e+25	1.785052e+25	1.010058e+14	1.785052e+25	5.718218e+25	2.382055e+20	5.718194e+25	2.63259e+23	1.248118e-09	0.002144072	4.974268e+10	2.784583e+09	1.70233e+11	2.176718e-06	1.012842e-11	7.284179e-18	0.503815	0.5	0.09527914	1	10.33649	1.285395	10569.8	1.117189e+26	1.827432e+28	5.151575e+27	6.741065e+25	3.118866e+27	1.203261e+27	5.325573e+26	2.294797e+26	0.2188657	0	0.01786103	0.03560219	0.03560219	0.001424136	0.02670164	0	0	-0.05167072	0	6.047467e-17	0	6.047467e-17	0	-513.0375	0	-513.0375	0	30949.46	77194.93	49.73342	8671.714	1.106061	1	0	0.4523899	1	2	0	0	
2464	1760.328	3.45e+19	0	0	100000	1.94802272	1.140862e-05	7.161074e+25	3.731616e+25	7.944127e+24	2.937203e+25	2.044965e+25	1.384494e+25	5.20249e+24	2.711003e+24	5.771374e+23	2.133865e+24	1.485658e+24	1.005829e+24	0.193336	5.20249e+25	2.711003e+25	5.771374e+24	2.133865e+25	1.445505e+25	9.78504e+24	6.747749e+23	0	0	0	0	0	0	0	0	0	0	0	0	0	0	6.702031e+25	1.651629e+16	6.702031e+25	3.029685e+25	1.018481e+21	3.029583e+25	1.621953e+25	1.25771e+13	1.621953e+25	6.05937e+25	2.37074e+13	6.05937e+25	1.80557e+25	1.027925e+14	1.80557e+25	5.783944e+25	2.42419e+20	5.78392e+25	2.624234e+23	1.251631e-09	0.002155362	4.898022e+10	2.878078e+09	1.741203e+11	2.193502e-06	1.028522e-11	7.453979e-18	0.5037724	0.5	0.09600568	1	10.4553	1.300169	10569.8	1.117189e+26	1.827432e+28	5.151575e+27	6.741065e+25	3.118866e+27	1.203261e+27	5.325573e+26	2.294797e+26	0.2188657	0	0.01784515	0.03560219	0.03560219	0.001424136	0.02670164	0	0	-0.05197728	0	5.905708e-17	0	5.905708e-17	0	-513.3846	0	-513.3846	0	30954.33	77194.93	50.30501	8673.079	1.106061	1	0	0.4523897	1	2	0	0	
2492	1760.328	3.45e+19	0	0	100000	1.94771616	1.140862e-05	7.24245e+25	3.753611e+25	8.015481e+24	2.952063e+25	2.080646e+25	1.408193e+25	5.261609e+24	2.726982e+24	5.823213e+23	2.144661e+24	1.51158e+24	1.023046e+24	0.194436	5.261609e+25	2.726982e+25	5.823213e+24	2.144661e+25	1.470967e+25	9.954155e+24	6.824428e+23	0	0	0	0	0	0	0	0	0	0	0	0	0	0	6.77819e+25	1.603021e+16	6.77819e+25	3.064113e+25	1.046353e+21	3.064009e+25	1.640384e+25	1.279679e+13	1.640384e+25	6.128227e+25	2.412151e+13	6.128227e+25	1.826088e+25	1.045881e+14	1.826088e+25	5.849671e+25	2.466535e+20	5.849646e+25	2.616052e+23	1.255087e-09	0.00216649	4.823819e+10	2.973524e+09	1.780486e+11	2.210217e-06	1.044257e-11	7.625683e-18	0.5037307	0.5	0.09672925	1	10.57411	1.314944	10569.8	1.117189e+26	1.827432e+28	5.151575e+27	6.741065e+25	3.118866e+27	1.203261e+27	5.325573e+26	2.294797e+26	0.2188657	0	0.01783014	0.03560219	0.03560219	0.001424136	0.02670164	0	0	-0.05228384	0	5.767949e-17	0	5.767949e-17	0	-513.7301	0	-513.7301	0	30959.2	77194.93	50.8766	8674.444	1.106061	1	0	0.4523895	1	2	0	0	
2520	1760.328	3.45e+19	0	0	100000	1.9474096	1.140862e-05	7.323826e+25	3.775322e+25	8.086144e+24	2.966708e+25	2.1165e+25	1.432003e+25	5.320728e+24	2.742756e+24	5.874549e+23	2.155301e+24	1.537628e+24	1.040344e+24	0.1955267	5.320728e+25	2.742756e+25	5.874549e+24	2.155301e+25	1.496554e+25	1.012407e+25	6.901106e+23	0	0	0	0	0	0	0	0	0	0	0	0	0	0	6.85435e+25	1.555876e+16	6.85435e+25	3.098542e+25	1.074729e+21	3.098434e+25	1.658815e+25	1.301755e+13	1.658815e+25	6.197083e+25	2.453764e+13	6.197083e+25	1.846606e+25	1.063924e+14	1.846606e+25	5.915398e+25	2.509086e+20	5.915373e+25	2.60804e+23	1.258488e-09	0.002177457	4.751582e+10	3.070936e+09	1.82018e+11	2.226864e-06	1.060047e-11	7.799292e-18	0.5036899	0.5	0.09744991	1	10.69292	1.329719	10569.8	1.117189e+26	1.827432e+28	5.151575e+27	6.741065e+25	3.118866e+27	1.203261e+27	5.325573e+26	2.294797e+26	0.2188657	0	0.01781599	0.03560219	0.03560219	0.001424136	0.02670164	0	0	-0.0525904	0	5.634055e-17	0	5.634055e-17	0	-514.0738	0	-514.0738	0	30964.08	77194.93	51.44819	8675.81	1.106061	1	0	0.4523892	1	2	0	0	
2548	1760.328	3.45e+19	0	0	100000	1.94710304	1.140862e-05	7.405201e+25	3.796754e+25	8.156118e+24	2.981142e+25	2.152525e+25	1.455923e+25	5.379847e+24	2.758325e+24	5.925385e+23	2.165787e+24	1.5638e+24	1.057722e+24	0.1966081	5.379847e+25	2.758325e+25	5.925385e+24	2.165787e+25	1.522265e+25	1.029479e+25	6.977786e+23	0	0	0	0	0	0	0	0	0	0	0	0	0	0	6.930509e+25	1.510146e+16	6.930509e+25	3.13297e+25	1.103617e+21	3.132859e+25	1.677246e+25	1.323937e+13	1.677246e+25	6.26594e+25	2.495577e+13	6.26594e+25	1.867123e+25	1.082054e+14	1.867123e+25	5.981124e+25	2.551841e+20	5.981099e+25	2.600192e+23	1.261833e-09	0.002188266	4.681237e+10	3.170328e+09	1.860282e+11	2.243445e-06	1.075891e-11	7.974802e-18	0.5036499	0.5	0.0981677	1	10.81173	1.344493	10569.8	1.117189e+26	1.827432e+28	5.151575e+27	6.741065e+25	3.118866e+27	1.203261e+27	5.325573e+26	2.294797e+26	0.2188657	0	0.01780269	0.03560219	0.03560219	0.001424136	0.02670164	0	0	-0.05289696	0	5.503897e-17	0	5.503897e-17	0	-514.4159	0	-514.4159	0	30968.95	77194.93	52.01977	8677.176	1.106061	1	0	0.452389	1	2	0	0	
2576	1760.328	3.45e+19	0	0	100000	1.94679648	1.140862e-05	7.486577e+25	3.817909e+25	8.225406e+24	2.995369e+25	2.188718e+25	1.47995e+25	5.438966e+24	2.773695e+24	5.975722e+23	2.176122e+24	1.590094e+24	1.075177e+24	0.1976805	5.438966e+25	2.773695e+25	5.975722e+24	2.176122e+25	1.548098e+25	1.046629e+25	7.054463e+23	0	0	0	0	0	0	0	0	0	0	0	0	0	0	7.006668e+25	1.465793e+16	7.006668e+25	3.167398e+25	1.13302e+21	3.167285e+25	1.695678e+25	1.346223e+13	1.695678e+25	6.334796e+25	2.537586e+13	6.334796e+25	1.887641e+25	1.100269e+14	1.887641e+25	6.046851e+25	2.594798e+20	6.046825e+25	2.592505e+23	1.265126e-09	0.00219892	4.612714e+10	3.271715e+09	1.900792e+11	2.259959e-06	1.091788e-11	8.152213e-18	0.5036108	0.5	0.09888265	1	10.93054	1.359268	10569.8	1.117189e+26	1.827432e+28	5.151575e+27	6.741065e+25	3.118866e+27	1.203261e+27	5.325573e+26	2.294797e+26	0.2188657	0	0.01779024	0.03560219	0.03560219	0.001424136	0.02670164	0	0	-0.05320352	0	5.377349e-17	0	5.377349e-17	0	-514.7563	0	-514.7563	0	30973.83	77194.93	52.59135	8678.542	1.106061	1	0	0.4523887	1	2	0	0	
2604	1760.328	3.45e+19	0	0	100000	1.94648992	1.140862e-05	7.567953e+25	3.838791e+25	8.294009e+24	3.009391e+25	2.225078e+25	1.504084e+25	5.498086e+24	2.788866e+24	6.025562e+23	2.186309e+24	1.616509e+24	1.092711e+24	0.1987438	5.498086e+25	2.788866e+25	6.025562e+24	2.186309e+25	1.574053e+25	1.063856e+25	7.131143e+23	0	0	0	0	0	0	0	0	0	0	0	0	0	0	7.082828e+25	1.422778e+16	7.082828e+25	3.201826e+25	1.162944e+21	3.20171e+25	1.714109e+25	1.368612e+13	1.714109e+25	6.403653e+25	2.579789e+13	6.403653e+25	1.908159e+25	1.118568e+14	1.908159e+25	6.112578e+25	2.637953e+20	6.112551e+25	2.584974e+23	1.268366e-09	0.00220942	4.545947e+10	3.375111e+09	1.941709e+11	2.276408e-06	1.10774e-11	8.331521e-18	0.5035726	0.5	0.0995948	1	11.04935	1.374042	10569.8	1.117189e+26	1.827432e+28	5.151575e+27	6.741065e+25	3.118866e+27	1.203261e+27	5.325573e+26	2.294797e+26	0.2188657	0	0.01777862	0.03560219	0.03560219	0.001424136	0.02670164	0	0	-0.05351008	0	5.254292e-17	0	5.254292e-17	0	-515.0951	0	-515.0951	0	30978.71	77194.93	53.16294	8679.909	1.106061	1	0	0.4523885	1	2	0	0	
2632	1760.328	3.45e+19	0	0	100000	1.94618336	1.140862e-05	7.649329e+25	3.859404e+25	8.361932e+24	3.023211e+25	2.261602e+25	1.528323e+25	5.557205e+24	2.803841e+24	6.074908e+23	2.19635e+24	1.643044e+24	1.11032e+24	0.1997983	5.557205e+25	2.803841e+25	6.074908e+24	2.19635e+25	1.600126e+25	1.08116e+25	7.20782e+23	0	0	0	0	0	0	0	0	0	0	0	0	0	0	7.158987e+25	1.381057e+16	7.158987e+25	3.236255e+25	1.193396e+21	3.236135e+25	1.73254e+25	1.391103e+13	1.73254e+25	6.472509e+25	2.622185e+13	6.472509e+25	1.928677e+25	1.136951e+14	1.928677e+25	6.178304e+25	2.681304e+20	6.178277e+25	2.577594e+23	1.271554e-09	0.00221977	4.480871e+10	3.480532e+09	1.983033e+11	2.292793e-06	1.123744e-11	8.512727e-18	0.5035351	0.5	0.1003042	1	11.16816	1.388817	10569.8	1.117189e+26	1.827432e+28	5.151575e+27	6.741065e+25	3.118866e+27	1.203261e+27	5.325573e+26	2.294797e+26	0.2188657	0	0.01776782	0.03560219	0.03560219	0.001424136	0.02670164	0	0	-0.05381664	0	5.134611e-17	0	5.134611e-17	0	-515.4324	0	-515.4324	0	30983.59	77194.93	53.73452	8681.277	1.106061	1	0	0.4523882	1	2	0	0	
2660	1760.328	3.45e+19	0	0	100000	1.9458768	1.140862e-05	7.730705e+25	3.879751e+25	8.429176e+24	3.036834e+25	2.298287e+25	1.552666e+25	5.616324e+24	2.818623e+24	6.12376e+23	2.206247e+24	1.669696e+24	1.128005e+24	0.200844	5.616324e+25	2.818623e+25	6.12376e+24	2.206247e+25	1.626317e+25	1.098539e+25	7.284501e+23	0	0	0	0	0	0	0	0	0	0	0	0	0	0	7.235147e+25	1.340594e+16	7.235147e+25	3.270683e+25	1.22438e+21	3.27056e+25	1.750972e+25	1.413694e+13	1.750972e+25	6.541366e+25	2.664769e+13	6.541366e+25	1.949195e+25	1.155416e+14	1.949195e+25	6.244031e+25	2.724848e+20	6.244004e+25	2.570363e+23	1.274693e-09	0.002229972	4.417426e+10	3.587991e+09	2.024763e+11	2.309116e-06	1.1398e-11	8.695827e-18	0.5034984	0.5	0.1010109	1	11.28697	1.403592	10569.8	1.117189e+26	1.827432e+28	5.151575e+27	6.741065e+25	3.118866e+27	1.203261e+27	5.325573e+26	2.294797e+26	0.2188657	0	0.01775784	0.03560219	0.03560219	0.001424136	0.02670164	0	0	-0.0541232	0	5.018193e-17	0	5.018193e-17	0	-515.768	0	-515.768	0	30988.47	77194.93	54.3061	8682.645	1.106061	1	0	0.452388	1	2	0	0	
2688	1760.328	3.45e+19	0	0	100000	1.94557024	1.140862e-05	7.812081e+25	3.899836e+25	8.495745e+24	3.050261e+25	2.335133e+25	1.577112e+25	5.675443e+24	2.833214e+24	6.172122e+23	2.216002e+24	1.696464e+24	1.145765e+24	0.2018811	5.675443e+25	2.833214e+25	6.172122e+24	2.216002e+25	1.652625e+25	1.115993e+25	7.361179e+23	0	0	0	0	0	0	0	0	0	0	0	0	0	0	7.311306e+25	1.301346e+16	7.311306e+25	3.305111e+25	1.255903e+21	3.304985e+25	1.769403e+25	1.436385e+13	1.769403e+25	6.610222e+25	2.70754e+13	6.610222e+25	1.969713e+25	1.173961e+14	1.969713e+25	6.309757e+25	2.768584e+20	6.30973e+25	2.563275e+23	1.277781e-09	0.002240027	4.355555e+10	3.697503e+09	2.066897e+11	2.325375e-06	1.155909e-11	8.88082e-18	0.5034624	0.5	0.1017149	1	11.40578	1.418366	10569.8	1.117189e+26	1.827432e+28	5.151575e+27	6.741065e+25	3.118866e+27	1.203261e+27	5.325573e+26	2.294797e+26	0.2188657	0	0.01774866	0.03560219	0.03560219	0.001424136	0.02670164	0	0	-0.05442976	0	4.904934e-17	0	4.904934e-17	0	-516.1021	0	-516.1021	0	30993.36	77194.93	54.87767	8684.013	1.106061	1	0	0.4523877	1	2	0	0	
2716	1760.328	3.45e+19	0	0	100000	1.94526368	1.140862e-05	7.893456e+25	3.919661e+25	8.561642e+24	3.063497e+25	2.372137e+25	1.601658e+25	5.734562e+24	2.847617e+24	6.219997e+23	2.225617e+24	1.723347e+24	1.163598e+24	0.2029096	5.734562e+25	2.847617e+25	6.219997e+24	2.225617e+25	1.679047e+25	1.13352e+25	7.437857e+23	0	0	0	0	0	0	0	0	0	0	0	0	0	0	7.387466e+25	1.263282e+16	7.387466e+25	3.339539e+25	1.287969e+21	3.33941e+25	1.787834e+25	1.459173e+13	1.787834e+25	6.679079e+25	2.750496e+13	6.679079e+25	1.99023e+25	1.192587e+14	1.99023e+25	6.375484e+25	2.812509e+20	6.375456e+25	2.556328e+23	1.280821e-09	0.002249939	4.295202e+10	3.809081e+09	2.109436e+11	2.341574e-06	1.172069e-11	9.067704e-18	0.5034271	0.5	0.1024163	1	11.52459	1.433141	10569.8	1.117189e+26	1.827432e+28	5.151575e+27	6.741065e+25	3.118866e+27	1.203261e+27	5.325573e+26	2.294797e+26	0.2188657	0	0.01774027	0.03560219	0.03560219	0.001424136	0.02670164	0	0	-0.05473632	0	4.794729e-17	0	4.794729e-17	0	-516.4347	0	-516.4347	0	30998.24	77194.93	55.44925	8685.382	1.106061	1	0	0.4523875	1	2	0	0	
2744	1760.328	3.45e+19	0	0	100000	1.94495712	1.140862e-05	7.974832e+25	3.93923e+25	8.626871e+24	3.076543e+25	2.409297e+25	1.626305e+25	5.793682e+24	2.861834e+24	6.267385e+23	2.235096e+24	1.750344e+24	1.181504e+24	0.2039297	5.793682e+25	2.861834e+25	6.267385e+24	2.235096e+25	1.705582e+25	1.15112e+25	7.514536e+23	0	0	0	0	0	0	0	0	0	0	0	0	0	0	7.463625e+25	1.226366e+16	7.463625e+25	3.373968e+25	1.320585e+21	3.373835e+25	1.806265e+25	1.482058e+13	1.806265e+25	6.747935e+25	2.793634e+13	6.747935e+25	2.010748e+25	1.211292e+14	2.010748e+25	6.441211e+25	2.856619e+20	6.441182e+25	2.549518e+23	1.283814e-09	0.00225971	4.236314e+10	3.922739e+09	2.152377e+11	2.357711e-06	1.18828e-11	9.256478e-18	0.5033926	0.5	0.103115	1	11.6434	1.447916	10569.8	1.117189e+26	1.827432e+28	5.151575e+27	6.741065e+25	3.118866e+27	1.203261e+27	5.325573e+26	2.294797e+26	0.2188657	0	0.01773266	0.03560219	0.03560219	0.001424136	0.02670164	0	0	-0.05504288	0	4.68748e-17	0	4.68748e-17	0	-516.7658	0	-516.7658	0	31003.13	77194.93	56.02082	8686.751	1.106061	1	0	0.4523872	1	2	0	0	
2772	1760.328	3.45e+19	0	0	100000	1.94465056	1.140862e-05	8.056208e+25	3.958547e+25	8.691434e+24	3.089404e+25	2.44661e+25	1.651051e+25	5.852801e+24	2.875868e+24	6.31429e+23	2.244439e+24	1.777452e+24	1.199481e+24	0.2049414	5.852801e+25	2.875868e+25	6.31429e+24	2.244439e+25	1.732229e+25	1.168792e+25	7.591215e+23	0	0	0	0	0	0	0	0	0	0	0	0	0	0	7.539785e+25	1.190561e+16	7.539785e+25	3.408396e+25	1.353757e+21	3.40826e+25	1.824697e+25	1.505038e+13	1.824697e+25	6.816792e+25	2.836952e+13	6.816792e+25	2.031266e+25	1.230075e+14	2.031266e+25	6.506937e+25	2.900914e+20	6.506908e+25	2.542841e+23	1.286759e-09	0.002269341	4.178841e+10	4.038491e+09	2.195721e+11	2.373789e-06	1.204541e-11	9.44714e-18	0.5033587	0.5	0.1038112	1	11.76221	1.46269	10569.8	1.117189e+26	1.827432e+28	5.151575e+27	6.741065e+25	3.118866e+27	1.203261e+27	5.325573e+26	2.294797e+26	0.2188657	0	0.01772582	0.03560219	0.03560219	0.001424136	0.02670164	0	0	-0.05534944	0	4.583092e-17	0	4.583092e-17	0	-517.0954	0	-517.0954	0	31008.02	77194.93	56.59239	8688.121	1.106061	1	0	0.4523869	1	2	0	0	
2800	1760.328	3.45e+19	0	0	100000	1.944344	1.140862e-05	8.137584e+25	3.977614e+25	8.755335e+24	3.102081e+25	2.484076e+25	1.675894e+25	5.91192e+24	2.88972e+24	6.360713e+23	2.253648e+24	1.80467e+24	1.21753e+24	0.2059449	5.91192e+25	2.88972e+25	6.360713e+24	2.253648e+25	1.758987e+25	1.186535e+25	7.667891e+23	0	0	0	0	0	0	0	0	0	0	0	0	0	0	7.615944e+25	1.155832e+16	7.615944e+25	3.442824e+25	1.38749e+21	3.442685e+25	1.843128e+25	1.528113e+13	1.843128e+25	6.885648e+25	2.880447e+13	6.885648e+25	2.051784e+25	1.248934e+14	2.051784e+25	6.572664e+25	2.94539e+20	6.572635e+25	2.536294e+23	1.289659e-09	0.002278835	4.122735e+10	4.156351e+09	2.239466e+11	2.389808e-06	1.220853e-11	9.639687e-18	0.5033255	0.5	0.1045048	1	11.88102	1.477465	10569.8	1.117189e+26	1.827432e+28	5.151575e+27	6.741065e+25	3.118866e+27	1.203261e+27	5.325573e+26	2.294797e+26	0.2188657	0	0.01771974	0.03560219	0.03560219	0.001424136	0.02670164	0	0	-0.055656	0	4.481474e-17	0	4.481474e-17	0	-517.4235	0	-517.4235	0	31012.9	77194.93	57.16396	8689.491	1.106061	1	0	0.4523867	1	2	0	0	
2828	1760.328	3.45e+19	0	0	100000	1.94438111	1.140862e-05	8.21896e+25	3.996435e+25	8.818578e+24	3.114577e+25	2.521691e+25	1.700834e+25	5.971039e+24	2.903393e+24	6.406659e+23	2.262727e+24	1.831998e+24	1.235648e+24	0.2069403	5.971039e+25	2.903393e+25	6.406659e+24	2.262727e+25	1.785853e+25	1.204347e+25	7.744573e+23	0	0	0	0	0	0	0	0	0	0	0	0	0	0	7.692103e+25	1.179728e+16	7.692103e+25	3.477252e+25	1.406925e+21	3.477112e+25	1.861559e+25	1.55128e+13	1.861559e+25	6.954504e+25	2.924116e+13	6.954504e+25	2.072302e+25	1.267869e+14	2.072302e+25	6.638391e+25	2.990043e+20	6.638361e+25	2.529874e+23	1.292514e-09	0.002288194	4.06795e+10	4.276332e+09	2.283612e+11	2.405769e-06	1.237215e-11	9.834118e-18	0.5032929	0.5	0.105196	1	11.99983	1.49224	10569.8	1.117189e+26	1.827432e+28	5.151575e+27	6.741065e+25	3.118866e+27	1.203261e+27	5.325573e+26	2.294797e+26	0.2188657	0	0.01771442	0.03560219	0.03560219	0.001424136	0.02670164	0	0	-0.05561889	0	4.493631e-17	0	4.493631e-17	0	-517.3839	0	-517.3839	0	31012.31	77194.93	57.7356	8689.325	1.106061	1	0	0.4523866	1	2	0	0	
2856	1760.328	3.45e+19	0	0	100000	1.94441822	1.140862e-05	8.300336e+25	4.015013e+25	8.881166e+24	3.126896e+25	2.559455e+25	1.725868e+25	6.030158e+24	2.91689e+24	6.452129e+23	2.271677e+24	1.859433e+24	1.253836e+24	0.2079275	6.030158e+25	2.91689e+25	6.452129e+24	2.271677e+25	1.812827e+25	1.222229e+25	7.82125e+23	0	0	0	0	0	0	0	0	0	0	0	0	0	0	7.768263e+25	1.20392e+16	7.768263e+25	3.51168e+25	1.426398e+21	3.511538e+25	1.879991e+25	1.574539e+13	1.879991e+25	7.023361e+25	2.967959e+13	7.023361e+25	2.09282e+25	1.286878e+14	2.09282e+25	6.704117e+25	3.034874e+20	6.704087e+25	2.523577e+23	1.295324e-09	0.002297421	4.014443e+10	4.398447e+09	2.328157e+11	2.421672e-06	1.253626e-11	1.003043e-17	0.5032609	0.5	0.1058846	1	12.11864	1.507014	10569.8	1.117189e+26	1.827432e+28	5.151575e+27	6.741065e+25	3.118866e+27	1.203261e+27	5.325573e+26	2.294797e+26	0.2188657	0	0.01770983	0.03560219	0.03560219	0.001424136	0.02670164	0	0	-0.05558178	0	4.505827e-17	0	4.505827e-17	0	-517.3442	0	-517.3442	0	31011.72	77194.93	58.30724	8689.159	1.106061	1	0	0.4523865	1	2	0	0	
2884	1760.328	3.45e+19	0	0	100000	1.94445533	1.140862e-05	8.381712e+25	4.03335e+25	8.943103e+24	3.13904e+25	2.597364e+25	1.750997e+25	6.089278e+24	2.930212e+24	6.497126e+23	2.280499e+24	1.886974e+24	1.272092e+24	0.2089069	6.089278e+25	2.930212e+25	6.497126e+24	2.280499e+25	1.839907e+25	1.24018e+25	7.897928e+23	0	0	0	0	0	0	0	0	0	0	0	0	0	0	7.844422e+25	1.228416e+16	7.844422e+25	3.546109e+25	1.445905e+21	3.545964e+25	1.898422e+25	1.597889e+13	1.898422e+25	7.092217e+25	3.011972e+13	7.092217e+25	2.113338e+25	1.305962e+14	2.113338e+25	6.769844e+25	3.079879e+20	6.769813e+25	2.517401e+23	1.298091e-09	0.002306516	3.96217e+10	4.522709e+09	2.373102e+11	2.437518e-06	1.270086e-11	1.022863e-17	0.5032295	0.5	0.1065708	1	12.23745	1.521789	10569.8	1.117189e+26	1.827432e+28	5.151575e+27	6.741065e+25	3.118866e+27	1.203261e+27	5.325573e+26	2.294797e+26	0.2188657	0	0.01770597	0.03560219	0.03560219	0.001424136	0.02670164	0	0	-0.05554467	0	4.518063e-17	0	4.518063e-17	0	-517.3045	0	-517.3045	0	31011.13	77194.93	58.87887	8688.993	1.106061	1	0	0.4523864	1	2	0	0	
2912	1760.328	3.45e+19	0	0	100000	1.94449244	1.140862e-05	8.463087e+25	4.051451e+25	9.004393e+24	3.151011e+25	2.635418e+25	1.776218e+25	6.148397e+24	2.943362e+24	6.541653e+23	2.289196e+24	1.91462e+24	1.290415e+24	0.2098783	6.148397e+25	2.943362e+25	6.541653e+24	2.289196e+25	1.867092e+25	1.258197e+25	7.974607e+23	0	0	0	0	0	0	0	0	0	0	0	0	0	0	7.920582e+25	1.253212e+16	7.920582e+25	3.580537e+25	1.465447e+21	3.58039e+25	1.916853e+25	1.621327e+13	1.916853e+25	7.161074e+25	3.056153e+13	7.161074e+25	2.133855e+25	1.325118e+14	2.133855e+25	6.835571e+25	3.125057e+20	6.835539e+25	2.511343e+23	1.300815e-09	0.002315482	3.911092e+10	4.649132e+09	2.418444e+11	2.453308e-06	1.286594e-11	1.04287e-17	0.5031987	0.5	0.1072546	1	12.35626	1.536564	10569.8	1.117189e+26	1.827432e+28	5.151575e+27	6.741065e+25	3.118866e+27	1.203261e+27	5.325573e+26	2.294797e+26	0.2188657	0	0.01770283	0.03560219	0.03560219	0.001424136	0.02670164	0	0	-0.05550756	0	4.530339e-17	0	4.530339e-17	0	-517.2648	0	-517.2648	0	31010.54	77194.93	59.45051	8688.827	1.106061	1	0	0.4523864	1	2	0	0	
2940	1760.328	3.45e+19	0	0	100000	1.94452955	1.140862e-05	8.544463e+25	4.069317e+25	9.065039e+24	3.162813e+25	2.673615e+25	1.801531e+25	6.207516e+24	2.956341e+24	6.585712e+23	2.29777e+24	1.94237e+24	1.308805e+24	0.210842	6.207516e+25	2.956341e+25	6.585712e+24	2.29777e+25	1.89438e+25	1.276281e+25	8.051289e+23	0	0	0	0	0	0	0	0	0	0	0	0	0	0	7.996741e+25	1.278317e+16	7.996741e+25	3.614965e+25	1.485022e+21	3.614817e+25	1.935284e+25	1.644855e+13	1.935284e+25	7.22993e+25	3.100501e+13	7.22993e+25	2.154373e+25	1.344347e+14	2.154373e+25	6.901297e+25	3.170405e+20	6.901265e+25	2.505399e+23	1.303498e-09	0.002324322	3.86117e+10	4.777728e+09	2.464184e+11	2.469043e-06	1.303151e-11	1.063065e-17	0.5031685	0.5	0.1079361	1	12.47507	1.551338	10569.8	1.117189e+26	1.827432e+28	5.151575e+27	6.741065e+25	3.118866e+27	1.203261e+27	5.325573e+26	2.294797e+26	0.2188657	0	0.01770039	0.03560219	0.03560219	0.001424136	0.02670164	0	0	-0.05547045	0	4.542654e-17	0	4.542654e-17	0	-517.2251	0	-517.2251	0	31009.95	77194.93	60.02215	8688.662	1.106061	1	0	0.4523863	1	2	0	0	
2968	1760.328	3.45e+19	0	0	100000	1.94456666	1.140862e-05	8.625839e+25	4.086952e+25	9.125046e+24	3.174448e+25	2.711952e+25	1.826935e+25	6.266635e+24	2.969153e+24	6.629307e+23	2.306223e+24	1.970221e+24	1.327261e+24	0.211798	6.266635e+25	2.969153e+25	6.629307e+24	2.306223e+25	1.921771e+25	1.294431e+25	8.127965e+23	0	0	0	0	0	0	0	0	0	0	0	0	0	0	8.072901e+25	1.303726e+16	8.072901e+25	3.649393e+25	1.504629e+21	3.649243e+25	1.953716e+25	1.668469e+13	1.953716e+25	7.298787e+25	3.145014e+13	7.298787e+25	2.174891e+25	1.363647e+14	2.174891e+25	6.967024e+25	3.21592e+20	6.966992e+25	2.499567e+23	1.306139e-09	0.002333036	3.812366e+10	4.908511e+09	2.510321e+11	2.484723e-06	1.319755e-11	1.083447e-17	0.5031389	0.5	0.1086151	1	12.59388	1.566113	10569.8	1.117189e+26	1.827432e+28	5.151575e+27	6.741065e+25	3.118866e+27	1.203261e+27	5.325573e+26	2.294797e+26	0.2188657	0	0.01769866	0.03560219	0.03560219	0.001424136	0.02670164	0	0	-0.05543334	0	4.55501e-17	0	4.55501e-17	0	-517.1853	0	-517.1853	0	31009.35	77194.93	60.59378	8688.496	1.106061	1	0	0.4523862	1	2	0	0	
2996	1760.328	3.45e+19	0	0	100000	1.94460377	1.140862e-05	8.707215e+25	4.104359e+25	9.184417e+24	3.185917e+25	2.750428e+25	1.852428e+25	6.325754e+24	2.981799e+24	6.672439e+23	2.314555e+24	1.998174e+24	1.345781e+24	0.2127463	6.325754e+25	2.981799e+25	6.672439e+24	2.314555e+25	1.949262e+25	1.312646e+25	8.204646e+23	0	0	0	0	0	0	0	0	0	0	0	0	0	0	8.14906e+25	1.329449e+16	8.14906e+25	3.683822e+25	1.524265e+21	3.683669e+25	1.972147e+25	1.692169e+13	1.972147e+25	7.367643e+25	3.189688e+13	7.367643e+25	2.195409e+25	1.383018e+14	2.195409e+25	7.03275e+25	3.261602e+20	7.032718e+25	2.493845e+23	1.30874e-09	0.002341627	3.764647e+10	5.041492e+09	2.556853e+11	2.500348e-06	1.336406e-11	1.104016e-17	0.5031097	0.5	0.1092918	1	12.71269	1.580888	10569.8	1.117189e+26	1.827432e+28	5.151575e+27	6.741065e+25	3.118866e+27	1.203261e+27	5.325573e+26	2.294797e+26	0.2188657	0	0.0176976	0.03560219	0.03560219	0.001424136	0.02670164	0	0	-0.05539623	0	4.567405e-17	0	4.567405e-17	0	-517.1456	0	-517.1456	0	31008.76	77194.93	61.16542	8688.33	1.106061	1	0	0.4523862	1	2	0	0	
3024	1760.328	3.45e+19	0	0	100000	1.94464088	1.140862e-05	8.788591e+25	4.121541e+25	9.243156e+24	3.197225e+25	2.789041e+25	1.878009e+25	6.384874e+24	2.994282e+24	6.715114e+23	2.32277e+24	2.026226e+24	1.364366e+24	0.2136872	6.384874e+25	2.994282e+25	6.715114e+24	2.32277e+25	1.976853e+25	1.330925e+25	8.281323e+23	0	0	0	0	0	0	0	0	0	0	0	0	0	0	8.22522e+25	1.355484e+16	8.22522e+25	3.71825e+25	1.543931e+21	3.718096e+25	1.990578e+25	1.715955e+13	1.990578e+25	7.4365e+25	3.234523e+13	7.4365e+25	2.215927e+25	1.402457e+14	2.215927e+25	7.098477e+25	3.307447e+20	7.098444e+25	2.488229e+23	1.311301e-09	0.002350097	3.717976e+10	5.176684e+09	2.60378e+11	2.515921e-06	1.353105e-11	1.124773e-17	0.5030811	0.5	0.1099663	1	12.8315	1.595662	10569.8	1.117189e+26	1.827432e+28	5.151575e+27	6.741065e+25	3.118866e+27	1.203261e+27	5.325573e+26	2.294797e+26	0.2188657	0	0.01769722	0.03560219	0.03560219	0.001424136	0.02670164	0	0	-0.05535912	0	4.579842e-17	0	4.579842e-17	0	-517.1058	0	-517.1058	0	31008.17	77194.93	61.73706	8688.164	1.106061	1	0	0.4523861	1	2	0	0	
3052	1760.328	3.45e+19	0	0	100000	1.94467799	1.140862e-05	8.869967e+25	4.138499e+25	9.301268e+24	3.208373e+25	2.827789e+25	1.903678e+25	6.443993e+24	3.006602e+24	6.757332e+23	2.330869e+24	2.054377e+24	1.383014e+24	0.2146206	6.443993e+25	3.006602e+25	6.757332e+24	2.330869e+25	2.004543e+25	1.349268e+25	8.358002e+23	0	0	0	0	0	0	0	0	0	0	0	0	0	0	8.301379e+25	1.381834e+16	8.301379e+25	3.752678e+25	1.563625e+21	3.752522e+25	2.00901e+25	1.739824e+13	2.00901e+25	7.505356e+25	3.279515e+13	7.505356e+25	2.236445e+25	1.421966e+14	2.236445e+25	7.164204e+25	3.353454e+20	7.16417e+25	2.482718e+23	1.313823e-09	0.002358447	3.672323e+10	5.3141e+09	2.651101e+11	2.531441e-06	1.36985e-11	1.145716e-17	0.503053	0.5	0.1106384	1	12.95031	1.610437	10569.8	1.117189e+26	1.827432e+28	5.151575e+27	6.741065e+25	3.118866e+27	1.203261e+27	5.325573e+26	2.294797e+26	0.2188657	0	0.0176975	0.03560219	0.03560219	0.001424136	0.02670164	0	0	-0.05532201	0	4.592318e-17	0	4.592318e-17	0	-517.0659	0	-517.0659	0	31007.58	77194.93	62.3087	8687.998	1.106061	1	0	0.452386	1	2	0	0	
3080	1760.328	3.45e+19	0	0	100000	1.9447151	1.140862e-05	8.951342e+25	4.155239e+25	9.358757e+24	3.219363e+25	2.866671e+25	1.929432e+25	6.503112e+24	3.018763e+24	6.799097e+23	2.338853e+24	2.082624e+24	1.401724e+24	0.2155467	6.503112e+25	3.018763e+25	6.799097e+24	2.338853e+25	2.032329e+25	1.367673e+25	8.434684e+23	0	0	0	0	0	0	0	0	0	0	0	0	0	0	8.377538e+25	1.408501e+16	8.377538e+25	3.787106e+25	1.583346e+21	3.786948e+25	2.027441e+25	1.763776e+13	2.027441e+25	7.574213e+25	3.324664e+13	7.574213e+25	2.256962e+25	1.441542e+14	2.256962e+25	7.22993e+25	3.399621e+20	7.229896e+25	2.477309e+23	1.316306e-09	0.00236668	3.627654e+10	5.453751e+09	2.698815e+11	2.546908e-06	1.386641e-11	1.166847e-17	0.5030254	0.5	0.1113083	1	13.06912	1.625212	10569.8	1.117189e+26	1.827432e+28	5.151575e+27	6.741065e+25	3.118866e+27	1.203261e+27	5.325573e+26	2.294797e+26	0.2188657	0	0.01769844	0.03560219	0.03560219	0.001424136	0.02670164	0	0	-0.0552849	0	4.604836e-17	0	4.604836e-17	0	-517.0261	0	-517.0261	0	31006.99	77194.93	62.88034	8687.833	1.106061	1	0	0.452386	1	2	0	0	
3108	1760.328	3.45e+19	0	0	100000	1.94475221	1.140862e-05	9.032718e+25	4.171761e+25	9.415627e+24	3.230198e+25	2.905685e+25	1.955272e+25	6.562231e+24	3.030766e+24	6.840413e+23	2.346725e+24	2.110968e+24	1.420497e+24	0.2164655	6.562231e+25	3.030766e+25	6.840413e+24	2.346725e+25	2.060211e+25	1.38614e+25	8.511362e+23	0	0	0	0	0	0	0	0	0	0	0	0	0	0	8.453698e+25	1.435487e+16	8.453698e+25	3.821535e+25	1.603093e+21	3.821374e+25	2.045872e+25	1.78781e+13	2.045872e+25	7.643069e+25	3.369967e+13	7.643069e+25	2.27748e+25	1.461185e+14	2.27748e+25	7.295657e+25	3.445945e+20	7.295623e+25	2.471999e+23	1.318752e-09	0.002374796	3.583942e+10	5.595651e+09	2.746922e+11	2.562324e-06	1.403478e-11	1.188163e-17	0.5029983	0.5	0.111976	1	13.18793	1.639986	10569.8	1.117189e+26	1.827432e+28	5.151575e+27	6.741065e+25	3.118866e+27	1.203261e+27	5.325573e+26	2.294797e+26	0.2188657	0	0.01770001	0.03560219	0.03560219	0.001424136	0.02670164	0	0	-0.05524779	0	4.617394e-17	0	4.617394e-17	0	-516.9862	0	-516.9862	0	31006.4	77194.93	63.45198	8687.667	1.106061	1	0	0.4523859	1	2	0	0	
3136	1760.328	3.45e+19	0	0	100000	1.94478932	1.140862e-05	9.114094e+25	4.188069e+25	9.471881e+24	3.240881e+25	2.94483e+25	1.981196e+25	6.62135e+24	3.042614e+24	6.881281e+23	2.354486e+24	2.139406e+24	1.43933e+24	0.2173772	6.62135e+25	3.042614e+25	6.881281e+24	2.354486e+25	2.088188e+25	1.404668e+25	8.588041e+23	0	0	0	0	0	0	0	0	0	0	0	0	0	0	8.529857e+25	1.462795e+16	8.529857e+25	3.855963e+25	1.622864e+21	3.855801e+25	2.064303e+25	1.811925e+13	2.064303e+25	7.711926e+25	3.415422e+13	7.711926e+25	2.297998e+25	1.480893e+14	2.297998e+25	7.361384e+25	3.492425e+20	7.361349e+25	2.466786e+23	1.321161e-09	0.002382799	3.541155e+10	5.739811e+09	2.79542e+11	2.577689e-06	1.42036e-11	1.209666e-17	0.5029716	0.5	0.1126415	1	13.30674	1.654761	10569.8	1.117189e+26	1.827432e+28	5.151575e+27	6.741065e+25	3.118866e+27	1.203261e+27	5.325573e+26	2.294797e+26	0.2188657	0	0.01770222	0.03560219	0.03560219	0.001424136	0.02670164	0	0	-0.05521068	0	4.629993e-17	0	4.629993e-17	0	-516.9464	0	-516.9464	0	31005.8	77194.93	64.02362	8687.501	1.106061	1	0	0.4523859	1	2	0	0	
3164	1760.328	3.45e+19	0	0	100000	1.94482643	1.140862e-05	9.19547e+25	4.204165e+25	9.527525e+24	3.251412e+25	2.984102e+25	2.007203e+25	6.68047e+24	3.054308e+24	6.921706e+23	2.362137e+24	2.167938e+24	1.458224e+24	0.2182817	6.68047e+25	3.054308e+25	6.921706e+24	2.362137e+25	2.116258e+25	1.423256e+25	8.664719e+23	0	0	0	0	0	0	0	0	0	0	0	0	0	0	8.606017e+25	1.490428e+16	8.606017e+25	3.890391e+25	1.64266e+21	3.890227e+25	2.082735e+25	1.836119e+13	2.082735e+25	7.780782e+25	3.461027e+13	7.780782e+25	2.318516e+25	1.500667e+14	2.318516e+25	7.42711e+25	3.539059e+20	7.427075e+25	2.461669e+23	1.323533e-09	0.002390688	3.499267e+10	5.886242e+09	2.844308e+11	2.593004e-06	1.437288e-11	1.231355e-17	0.5029454	0.5	0.1133049	1	13.42555	1.669535	10569.8	1.117189e+26	1.827432e+28	5.151575e+27	6.741065e+25	3.118866e+27	1.203261e+27	5.325573e+26	2.294797e+26	0.2188657	0	0.01770504	0.03560219	0.03560219	0.001424136	0.02670164	0	0	-0.05517357	0	4.642634e-17	0	4.642634e-17	0	-516.9065	0	-516.9065	0	31005.21	77194.93	64.59525	8687.335	1.106061	1	0	0.4523858	1	2	0	0	
3192	1760.328	3.45e+19	0	0	100000	1.94486354	1.140862e-05	9.276846e+25	4.220052e+25	9.582563e+24	3.261796e+25	3.023502e+25	2.033291e+25	6.739589e+24	3.06585e+24	6.961691e+23	2.369681e+24	2.196561e+24	1.477177e+24	0.2191792	6.739589e+25	3.06585e+25	6.961691e+24	2.369681e+25	2.144421e+25	1.441904e+25	8.741398e+23	0	0	0	0	0	0	0	0	0	0	0	0	0	0	8.682176e+25	1.518387e+16	8.682176e+25	3.924819e+25	1.662477e+21	3.924653e+25	2.101166e+25	1.860392e+13	2.101166e+25	7.849639e+25	3.506781e+13	7.849639e+25	2.339034e+25	1.520505e+14	2.339034e+25	7.492837e+25	3.585844e+20	7.492801e+25	2.456644e+23	1.32587e-09	0.002398467	3.458251e+10	6.034958e+09	2.893587e+11	2.608269e-06	1.45426e-11	1.25323e-17	0.5029197	0.5	0.113966	1	13.54436	1.68431	10569.8	1.117189e+26	1.827432e+28	5.151575e+27	6.741065e+25	3.118866e+27	1.203261e+27	5.325573e+26	2.294797e+26	0.2188657	0	0.01770847	0.03560219	0.03560219	0.001424136	0.02670164	0	0	-0.05513646	0	4.655316e-17	0	4.655316e-17	0	-516.8665	0	-516.8665	0	31004.62	77194.93	65.16689	8687.17	1.106061	1	0	0.4523857	1	2	0	0	
3220	1760.328	3.45e+19	0	0	100000	1.94490065	1.140862e-05	9.358222e+25	4.235733e+25	9.636998e+24	3.272033e+25	3.063027e+25	2.059461e+25	6.798708e+24	3.077242e+24	7.001238e+23	2.377118e+24	2.225276e+24	1.49619e+24	0.2200697	6.798708e+25	3.077242e+25	7.001238e+24	2.377118e+25	2.172674e+25	1.460611e+25	8.818075e+23	0	0	0	0	0	0	0	0	0	0	0	0	0	0	8.758336e+25	1.546676e+16	8.758336e+25	3.959248e+25	1.682317e+21	3.959079e+25	2.119597e+25	1.884742e+13	2.119597e+25	7.918495e+25	3.552681e+13	7.918495e+25	2.359552e+25	1.540407e+14	2.359552e+25	7.558564e+25	3.632779e+20	7.558527e+25	2.451711e+23	1.328172e-09	0.002406137	3.418082e+10	6.185968e+09	2.943255e+11	2.623484e-06	1.471277e-11	1.275291e-17	0.5028944	0.5	0.1146251	1	13.66317	1.699085	10569.8	1.117189e+26	1.827432e+28	5.151575e+27	6.741065e+25	3.118866e+27	1.203261e+27	5.325573e+26	2.294797e+26	0.2188657	0	0.0177125	0.03560219	0.03560219	0.001424136	0.02670164	0	0	-0.05509935	0	4.668039e-17	0	4.668039e-17	0	-516.8266	0	-516.8266	0	31004.03	77194.93	65.73853	8687.004	1.106061	1	0	0.4523857	1	2	0	0	
3248	1760.328	3.45e+19	0	0	100000	1.94493776	1.140862e-05	9.439597e+25	4.25121e+25	9.690836e+24	3.282127e+25	3.102676e+25	2.085711e+25	6.857827e+24	3.088486e+24	7.040351e+23	2.384451e+24	2.254081e+24	1.51526e+24	0.2209534	6.857827e+25	3.088486e+25	7.040351e+24	2.384451e+25	2.201018e+25	1.479376e+25	8.894756e+23	0	0	0	0	0	0	0	0	0	0	0	0	0	0	8.834495e+25	1.575296e+16	8.834495e+25	3.993676e+25	1.702176e+21	3.993506e+25	2.138028e+25	1.90917e+13	2.138028e+25	7.987352e+25	3.598726e+13	7.987352e+25	2.380069e+25	1.560372e+14	2.380069e+25	7.62429e+25	3.679861e+20	7.624253e+25	2.446866e+23	1.330438e-09	0.002413699	3.378733e+10	6.339285e+09	2.993311e+11	2.638651e-06	1.488337e-11	1.297537e-17	0.5028695	0.5	0.1152821	1	13.78198	1.713859	10569.8	1.117189e+26	1.827432e+28	5.151575e+27	6.741065e+25	3.118866e+27	1.203261e+27	5.325573e+26	2.294797e+26	0.2188657	0	0.01771711	0.03560219	0.03560219	0.001424136	0.02670164	0	0	-0.05506224	0	4.680804e-17	0	4.680804e-17	0	-516.7866	0	-516.7866	0	31003.44	77194.93	66.31017	8686.838	1.106061	1	0	0.4523856	1	2	0	0	
3276	1760.328	3.45e+19	0	0	100000	1.94497487	1.140862e-05	9.520973e+25	4.266486e+25	9.744081e+24	3.292078e+25	3.142447e+25	2.112039e+25	6.916946e+24	3.099584e+24	7.079033e+23	2.391681e+24	2.282975e+24	1.534388e+24	0.2218302	6.916946e+25	3.099584e+25	7.079033e+24	2.391681e+25	2.22945e+25	1.498198e+25	8.971435e+23	0	0	0	0	0	0	0	0	0	0	0	0	0	0	8.910654e+25	1.604255e+16	8.910654e+25	4.028104e+25	1.722054e+21	4.027932e+25	2.15646e+25	1.933673e+13	2.15646e+25	8.056208e+25	3.644913e+13	8.056208e+25	2.400587e+25	1.580398e+14	2.400587e+25	7.690017e+25	3.72709e+20	7.68998e+25	2.442108e+23	1.332671e-09	0.002421155	3.340183e+10	6.49492e+09	3.043755e+11	2.65377e-06	1.505441e-11	1.319968e-17	0.502845	0.5	0.1159369	1	13.90079	1.728634	10569.8	1.117189e+26	1.827432e+28	5.151575e+27	6.741065e+25	3.118866e+27	1.203261e+27	5.325573e+26	2.294797e+26	0.2188657	0	0.0177223	0.03560219	0.03560219	0.001424136	0.02670164	0	0	-0.05502513	0	4.693611e-17	0	4.693611e-17	0	-516.7466	0	-516.7466	0	31002.85	77194.93	66.88181	8686.672	1.106061	1	0	0.4523856	1	2	0	0	
3304	1760.328	3.45e+19	0	0	100000	1.94501198	1.140862e-05	9.602349e+25	4.281564e+25	9.796737e+24	3.30189e+25	3.182339e+25	2.138446e+25	6.976066e+24	3.110538e+24	7.117288e+23	2.398809e+24	2.311956e+24	1.553572e+24	0.2227003	6.976066e+25	3.110538e+25	7.117288e+24	2.398809e+25	2.25797e+25	1.517077e+25	9.048113e+23	0	0	0	0	0	0	0	0	0	0	0	0	0	0	8.986814e+25	1.633545e+16	8.986814e+25	4.062532e+25	1.741952e+21	4.062358e+25	2.174891e+25	1.958251e+13	2.174891e+25	8.125065e+25	3.691241e+13	8.125065e+25	2.421105e+25	1.600485e+14	2.421105e+25	7.755744e+25	3.774463e+20	7.755706e+25	2.437434e+23	1.334871e-09	0.002428507	3.302407e+10	6.652885e+09	3.094585e+11	2.668841e-06	1.522589e-11	1.342585e-17	0.5028209	0.5	0.1165898	1	14.0196	1.743409	10569.8	1.117189e+26	1.827432e+28	5.151575e+27	6.741065e+25	3.118866e+27	1.203261e+27	5.325573e+26	2.294797e+26	0.2188657	0	0.01772805	0.03560219	0.03560219	0.001424136	0.02670164	0	0	-0.05498802	0	4.70646e-17	0	4.70646e-17	0	-516.7066	0	-516.7066	0	31002.25	77194.93	67.45345	8686.507	1.106061	1	0	0.4523855	1	2	0	0	
3332	1760.328	3.45e+19	0	0	100000	1.94504909	1.140862e-05	9.683725e+25	4.296445e+25	9.848808e+24	3.311564e+25	3.22235e+25	2.16493e+25	7.035185e+24	3.121349e+24	7.155117e+23	2.405837e+24	2.341024e+24	1.572813e+24	0.2235638	7.035185e+25	3.121349e+25	7.155117e+24	2.405837e+25	2.286576e+25	1.536012e+25	9.124793e+23	0	0	0	0	0	0	0	0	0	0	0	0	0	0	9.062973e+25	1.66318e+16	9.062973e+25	4.096961e+25	1.761865e+21	4.096784e+25	2.193322e+25	1.982902e+13	2.193322e+25	8.193921e+25	3.737709e+13	8.193921e+25	2.441623e+25	1.620633e+14	2.441623e+25	7.82147e+25	3.821978e+20	7.821432e+25	2.432844e+23	1.337037e-09	0.002435755	3.265384e+10	6.813191e+09	3.145801e+11	2.683864e-06	1.53978e-11	1.365386e-17	0.5027972	0.5	0.1172406	1	14.13841	1.758183	10569.8	1.117189e+26	1.827432e+28	5.151575e+27	6.741065e+25	3.118866e+27	1.203261e+27	5.325573e+26	2.294797e+26	0.2188657	0	0.01773435	0.03560219	0.03560219	0.001424136	0.02670164	0	0	-0.05495091	0	4.719351e-17	0	4.719351e-17	0	-516.6666	0	-516.6666	0	31001.66	77194.93	68.02509	8686.341	1.106061	1	0	0.4523854	1	2	0	0	
3360	1760.328	3.45e+19	0	0	100000	1.9450862	1.140862e-05	9.765101e+25	4.311132e+25	9.9003e+24	3.321102e+25	3.262479e+25	2.19149e+25	7.094304e+24	3.132019e+24	7.192526e+23	2.412766e+24	2.370177e+24	1.592108e+24	0.2244207	7.094304e+25	3.132019e+25	7.192526e+24	2.412766e+25	2.315268e+25	1.555002e+25	9.20147e+23	0	0	0	0	0	0	0	0	0	0	0	0	0	0	9.139133e+25	1.693157e+16	9.139133e+25	4.131389e+25	1.781796e+21	4.131211e+25	2.211754e+25	2.007627e+13	2.211754e+25	8.262778e+25	3.784314e+13	8.262778e+25	2.462141e+25	1.64084e+14	2.462141e+25	7.887197e+25	3.869633e+20	7.887158e+25	2.428335e+23	1.339172e-09	0.002442902	3.229093e+10	6.975848e+09	3.197402e+11	2.698841e-06	1.557013e-11	1.388372e-17	0.5027739	0.5	0.1178893	1	14.25722	1.772958	10569.8	1.117189e+26	1.827432e+28	5.151575e+27	6.741065e+25	3.118866e+27	1.203261e+27	5.325573e+26	2.294797e+26	0.2188657	0	0.01774119	0.03560219	0.03560219	0.001424136	0.02670164	0	0	-0.0549138	0	4.732284e-17	0	4.732284e-17	0	-516.6265	0	-516.6265	0	31001.07	77194.93	68.59673	8686.175	1.106061	1	0	0.4523854	1	2	0	0	
3388	1760.328	3.45e+19	0	0	100000	1.94512331	1.140862e-05	9.846477e+25	4.325628e+25	9.951216e+24	3.330506e+25	3.302723e+25	2.218126e+25	7.153423e+24	3.14255e+24	7.229516e+23	2.419599e+24	2.399414e+24	1.611459e+24	0.225271	7.153423e+25	3.14255e+25	7.229516e+24	2.419599e+25	2.344044e+25	1.574048e+25	9.278149e+23	0	0	0	0	0	0	0	0	0	0	0	0	0	0	9.215292e+25	1.723474e+16	9.215292e+25	4.165817e+25	1.801742e+21	4.165637e+25	2.230185e+25	2.032423e+13	2.230185e+25	8.331634e+25	3.831054e+13	8.331634e+25	2.482659e+25	1.661106e+14	2.482659e+25	7.952923e+25	3.917427e+20	7.952884e+25	2.423906e+23	1.341274e-09	0.002449949	3.193513e+10	7.140867e+09	3.249388e+11	2.713772e-06	1.574288e-11	1.411543e-17	0.5027509	0.5	0.1185361	1	14.37603	1.787733	10569.8	1.117189e+26	1.827432e+28	5.151575e+27	6.741065e+25	3.118866e+27	1.203261e+27	5.325573e+26	2.294797e+26	0.2188657	0	0.01774856	0.03560219	0.03560219	0.001424136	0.02670164	0	0	-0.05487669	0	4.74526e-17	0	4.74526e-17	0	-516.5865	0	-516.5865	0	31000.48	77194.93	69.16837	8686.009	1.106061	1	0	0.4523853	1	2	0	0	
3416	1760.328	3.45e+19	0	0	100000	1.94516042	1.140862e-05	9.927852e+25	4.339935e+25	1.000156e+25	3.339779e+25	3.343082e+25	2.244835e+25	7.212542e+24	3.152944e+24	7.266092e+23	2.426335e+24	2.428735e+24	1.630863e+24	0.2261149	7.212542e+25	3.152944e+25	7.266092e+24	2.426335e+25	2.372903e+25	1.593147e+25	9.354831e+23	0	0	0	0	0	0	0	0	0	0	0	0	0	0	9.291452e+25	1.754143e+16	9.291452e+25	4.200245e+25	1.821702e+21	4.200063e+25	2.248616e+25	2.057291e+13	2.248616e+25	8.400491e+25	3.877928e+13	8.400491e+25	2.503176e+25	1.681431e+14	2.503176e+25	8.01865e+25	3.965358e+20	8.01861e+25	2.419555e+23	1.343345e-09	0.002456897	3.158624e+10	7.30826e+09	3.301757e+11	2.728657e-06	1.591606e-11	1.434898e-17	0.5027284	0.5	0.119181	1	14.49484	1.802507	10569.8	1.117189e+26	1.827432e+28	5.151575e+27	6.741065e+25	3.118866e+27	1.203261e+27	5.325573e+26	2.294797e+26	0.2188657	0	0.01775645	0.03560219	0.03560219	0.001424136	0.02670164	0	0	-0.05483958	0	4.758278e-17	0	4.758278e-17	0	-516.5464	0	-516.5464	0	30999.89	77194.93	69.74	8685.844	1.106061	1	0	0.4523853	1	2	0	0	
3444	1760.328	3.45e+19	0	0	100000	1.94519753	1.140862e-05	1.000923e+26	4.354055e+25	1.005134e+25	3.348921e+25	3.383555e+25	2.271618e+25	7.271662e+24	3.163203e+24	7.302256e+23	2.432977e+24	2.458138e+24	1.650321e+24	0.2269524	7.271662e+25	3.163203e+25	7.302256e+24	2.432977e+25	2.401845e+25	1.612299e+25	9.43151e+23	0	0	0	0	0	0	0	0	0	0	0	0	0	0	9.367611e+25	1.785161e+16	9.367611e+25	4.234674e+25	1.841675e+21	4.234489e+25	2.267047e+25	2.082229e+13	2.267047e+25	8.469347e+25	3.924935e+13	8.469347e+25	2.523694e+25	1.701812e+14	2.523694e+25	8.084377e+25	4.013425e+20	8.084337e+25	2.415279e+23	1.345386e-09	0.002463749	3.124407e+10	7.478037e+09	3.354508e+11	2.743497e-06	1.608965e-11	1.458437e-17	0.5027061	0.5	0.1198238	1	14.61365	1.817282	10569.8	1.117189e+26	1.827432e+28	5.151575e+27	6.741065e+25	3.118866e+27	1.203261e+27	5.325573e+26	2.294797e+26	0.2188657	0	0.01776485	0.03560219	0.03560219	0.001424136	0.02670164	0	0	-0.05480247	0	4.77134e-17	0	4.77134e-17	0	-516.5063	0	-516.5063	0	30999.3	77194.93	70.31164	8685.678	1.106061	1	0	0.4523852	1	2	0	0	
3472	1760.328	3.45e+19	0	0	100000	1.94523464	1.140862e-05	1.00906e+26	4.367991e+25	1.010056e+25	3.357936e+25	3.424139e+25	2.298474e+25	7.330781e+24	3.173327e+24	7.338012e+23	2.439526e+24	2.487622e+24	1.669831e+24	0.2277836	7.330781e+25	3.173327e+25	7.338012e+24	2.439526e+25	2.430868e+25	1.631504e+25	9.508186e+23	0	0	0	0	0	0	0	0	0	0	0	0	0	0	9.443771e+25	1.816532e+16	9.443771e+25	4.269102e+25	1.861661e+21	4.268916e+25	2.285479e+25	2.107235e+13	2.285479e+25	8.538204e+25	3.972072e+13	8.538204e+25	2.544212e+25	1.72225e+14	2.544212e+25	8.150103e+25	4.061625e+20	8.150063e+25	2.411079e+23	1.347396e-09	0.002470504	3.090845e+10	7.650208e+09	3.407641e+11	2.758293e-06	1.626365e-11	1.48216e-17	0.5026843	0.5	0.1204648	1	14.73246	1.832057	10569.8	1.117189e+26	1.827432e+28	5.151575e+27	6.741065e+25	3.118866e+27	1.203261e+27	5.325573e+26	2.294797e+26	0.2188657	0	0.01777374	0.03560219	0.03560219	0.001424136	0.02670164	0	0	-0.05476536	0	4.784444e-17	0	4.784444e-17	0	-516.4661	0	-516.4661	0	30998.71	77194.93	70.88328	8685.512	1.106061	1	0	0.4523852	1	2	0	0	
3500	1760.328	3.45e+19	0	0	100000	1.94527175	1.140862e-05	1.017198e+26	4.381745e+25	1.014922e+25	3.366824e+25	3.464833e+25	2.325401e+25	7.3899e+24	3.183319e+24	7.373363e+23	2.445983e+24	2.517187e+24	1.689394e+24	0.2286085	7.3899e+25	3.183319e+25	7.373363e+24	2.445983e+25	2.459971e+25	1.650761e+25	9.584867e+23	0	0	0	0	0	0	0	0	0	0	0	0	0	0	9.51993e+25	1.848259e+16	9.51993e+25	4.30353e+25	1.881659e+21	4.303342e+25	2.30391e+25	2.132311e+13	2.30391e+25	8.60706e+25	4.019338e+13	8.60706e+25	2.56473e+25	1.742744e+14	2.56473e+25	8.21583e+25	4.109956e+20	8.215789e+25	2.406951e+23	1.349376e-09	0.002477165	3.057918e+10	7.824785e+09	3.461156e+11	2.773044e-06	1.643807e-11	1.506066e-17	0.5026627	0.5	0.1211038	1	14.85127	1.846831	10569.8	1.117189e+26	1.827432e+28	5.151575e+27	6.741065e+25	3.118866e+27	1.203261e+27	5.325573e+26	2.294797e+26	0.2188657	0	0.01778312	0.03560219	0.03560219	0.001424136	0.02670164	0	0	-0.05472825	0	4.797592e-17	0	4.797592e-17	0	-516.426	0	-516.426	0	30998.11	77194.93	71.45492	8685.347	1.106061	1	0	0.4523851	1	2	0	0	
3528	1760.328	3.45e+19	0	0	100000	1.94530886	1.140862e-05	1.025336e+26	4.39532e+25	1.019732e+25	3.375587e+25	3.505637e+25	2.352399e+25	7.449019e+24	3.193181e+24	7.408313e+23	2.45235e+24	2.54683e+24	1.709008e+24	0.2294272	7.449019e+25	3.193181e+25	7.408313e+24	2.45235e+25	2.489153e+25	1.67007e+25	9.661545e+23	0	0	0	0	0	0	0	0	0	0	0	0	0	0	9.596089e+25	1.880344e+16	9.596089e+25	4.337958e+25	1.901667e+21	4.337768e+25	2.322341e+25	2.157454e+13	2.322341e+25	8.675916e+25	4.066731e+13	8.675916e+25	2.585248e+25	1.763293e+14	2.585248e+25	8.281557e+25	4.158418e+20	8.281515e+25	2.402895e+23	1.351327e-09	0.002483733	3.025611e+10	8.001777e+09	3.51505e+11	2.787751e-06	1.661289e-11	1.530156e-17	0.5026415	0.5	0.121741	1	14.97008	1.861606	10569.8	1.117189e+26	1.827432e+28	5.151575e+27	6.741065e+25	3.118866e+27	1.203261e+27	5.325573e+26	2.294797e+26	0.2188657	0	0.01779298	0.03560219	0.03560219	0.001424136	0.02670164	0	0	-0.05469114	0	4.810782e-17	0	4.810782e-17	0	-516.3858	0	-516.3858	0	30997.52	77194.93	72.02657	8685.181	1.106061	1	0	0.4523851	1	2	0	0	
3556	1760.328	3.45e+19	0	0	100000	1.94534597	1.140862e-05	1.033473e+26	4.408717e+25	1.024488e+25	3.384228e+25	3.546548e+25	2.379467e+25	7.508138e+24	3.202914e+24	7.442864e+23	2.458628e+24	2.576552e+24	1.728673e+24	0.2302398	7.508138e+25	3.202914e+25	7.442864e+24	2.458628e+25	2.518413e+25	1.689429e+25	9.738222e+23	0	0	0	0	0	0	0	0	0	0	0	0	0	0	9.672249e+25	1.912794e+16	9.672249e+25	4.372386e+25	1.921684e+21	4.372194e+25	2.340773e+25	2.182663e+13	2.340773e+25	8.744773e+25	4.114251e+13	8.744773e+25	2.605766e+25	1.783897e+14	2.605766e+25	8.347283e+25	4.207008e+20	8.347241e+25	2.398909e+23	1.353249e-09	0.00249021	2.993907e+10	8.181195e+09	3.569324e+11	2.802414e-06	1.678812e-11	1.554429e-17	0.5026206	0.5	0.1223762	1	15.08889	1.876381	10569.8	1.117189e+26	1.827432e+28	5.151575e+27	6.741065e+25	3.118866e+27	1.203261e+27	5.325573e+26	2.294797e+26	0.2188657	0	0.0178033	0.03560219	0.03560219	0.001424136	0.02670164	0	0	-0.05465403	0	4.824017e-17	0	4.824017e-17	0	-516.3456	0	-516.3456	0	30996.93	77194.93	72.5982	8685.015	1.106061	1	0	0.452385	1	2	0	0	
3584	1760.328	3.45e+19	0	0	100000	1.94538308	1.140862e-05	1.041611e+26	4.421939e+25	1.02919e+25	3.392749e+25	3.587565e+25	2.406604e+25	7.567258e+24	3.21252e+24	7.477021e+23	2.464817e+24	2.606351e+24	1.748387e+24	0.2310464	7.567258e+25	3.21252e+25	7.477021e+24	2.464817e+25	2.54775e+25	1.708839e+25	9.814903e+23	0	0	0	0	0	0	0	0	0	0	0	0	0	0	9.748408e+25	1.945603e+16	9.748408e+25	4.406815e+25	1.941711e+21	4.406621e+25	2.359204e+25	2.207938e+13	2.359204e+25	8.813629e+25	4.161893e+13	8.813629e+25	2.626284e+25	1.804554e+14	2.626284e+25	8.41301e+25	4.255725e+20	8.412967e+25	2.394991e+23	1.355143e-09	0.002496596	2.962789e+10	8.363049e+09	3.623977e+11	2.817035e-06	1.696375e-11	1.578885e-17	0.5026001	0.5	0.1230097	1	15.2077	1.891155	10569.8	1.117189e+26	1.827432e+28	5.151575e+27	6.741065e+25	3.118866e+27	1.203261e+27	5.325573e+26	2.294797e+26	0.2188657	0	0.01781407	0.03560219	0.03560219	0.001424136	0.02670164	0	0	-0.05461692	0	4.837295e-17	0	4.837295e-17	0	-516.3053	0	-516.3053	0	30996.34	77194.93	73.16984	8684.85	1.106061	1	0	0.452385	1	2	0	0	
3612	1760.328	3.45e+19	0	0	100000	1.94542019	1.140862e-05	1.049748e+26	4.434987e+25	1.033838e+25	3.40115e+25	3.628687e+25	2.433809e+25	7.626377e+24	3.221999e+24	7.510786e+23	2.470921e+24	2.636226e+24	1.768152e+24	0.2318469	7.626377e+25	3.221999e+25	7.510786e+24	2.470921e+25	2.577164e+25	1.728298e+25	9.891582e+23	0	0	0	0	0	0	0	0	0	0	0	0	0	0	9.824568e+25	1.978784e+16	9.824568e+25	4.441243e+25	1.961745e+21	4.441047e+25	2.377635e+25	2.233279e+13	2.377635e+25	8.882486e+25	4.209659e+13	8.882486e+25	2.646801e+25	1.825265e+14	2.646801e+25	8.478737e+25	4.304567e+20	8.478694e+25	2.391141e+23	1.357009e-09	0.002502893	2.932243e+10	8.547348e+09	3.679007e+11	2.831613e-06	1.713978e-11	1.603524e-17	0.5025798	0.5	0.1236412	1	15.32652	1.90593	10569.8	1.117189e+26	1.827432e+28	5.151575e+27	6.741065e+25	3.118866e+27	1.203261e+27	5.325573e+26	2.294797e+26	0.2188657	0	0.01782528	0.03560219	0.03560219	0.001424136	0.02670164	0	0	-0.05457981	0	4.850617e-17	0	4.850617e-17	0	-516.2651	0	-516.2651	0	30995.75	77194.93	73.74148	8684.684	1.106061	1	0	0.4523849	1	2	0	0	
3640	1760.328	3.45e+19	0	0	100000	1.9454573	1.140862e-05	1.057886e+26	4.447865e+25	1.038432e+25	3.409433e+25	3.669912e+25	2.461082e+25	7.685496e+24	3.231355e+24	7.544163e+23	2.476939e+24	2.666176e+24	1.787965e+24	0.2326415	7.685496e+25	3.231355e+25	7.544163e+24	2.476939e+25	2.606652e+25	1.747806e+25	9.968262e+23	0	0	0	0	0	0	0	0	0	0	0	0	0	0	9.900727e+25	2.012329e+16	9.900727e+25	4.475671e+25	1.981788e+21	4.475473e+25	2.396066e+25	2.258683e+13	2.396066e+25	8.951342e+25	4.257545e+13	8.951342e+25	2.667319e+25	1.846028e+14	2.667319e+25	8.544463e+25	4.353533e+20	8.54442e+25	2.387356e+23	1.358848e-09	0.002509103	2.902253e+10	8.734103e+09	3.734415e+11	2.846148e-06	1.73162e-11	1.628345e-17	0.5025599	0.5	0.124271	1	15.44533	1.920705	10569.8	1.117189e+26	1.827432e+28	5.151575e+27	6.741065e+25	3.118866e+27	1.203261e+27	5.325573e+26	2.294797e+26	0.2188657	0	0.01783693	0.03560219	0.03560219	0.001424136	0.02670164	0	0	-0.0545427	0	4.863983e-17	0	4.863983e-17	0	-516.2248	0	-516.2248	0	30995.16	77194.93	74.31312	8684.518	1.106061	1	0	0.4523849	1	2	0	0	
3668	1760.328	3.45e+19	0	0	100000	1.94549441	1.140862e-05	1.066024e+26	4.460574e+25	1.042973e+25	3.417601e+25	3.71124e+25	2.488421e+25	7.744615e+24	3.240588e+24	7.577155e+23	2.482872e+24	2.6962e+24	1.807827e+24	0.2334302	7.744615e+25	3.240588e+25	7.577155e+24	2.482872e+25	2.636215e+25	1.767363e+25	1.004494e+24	0	0	0	0	0	0	0	0	0	0	0	0	0	0	9.976887e+25	2.046252e+16	9.976887e+25	4.510099e+25	2.001835e+21	4.509899e+25	2.414498e+25	2.284151e+13	2.414498e+25	9.020199e+25	4.305551e+13	9.020199e+25	2.687837e+25	1.866842e+14	2.687837e+25	8.61019e+25	4.402621e+20	8.610146e+25	2.383636e+23	1.360659e-09	0.002515225	2.872805e+10	8.923324e+09	3.790198e+11	2.860642e-06	1.749301e-11	1.653349e-17	0.5025402	0.5	0.124899	1	15.56414	1.935479	10569.8	1.117189e+26	1.827432e+28	5.151575e+27	6.741065e+25	3.118866e+27	1.203261e+27	5.325573e+26	2.294797e+26	0.2188657	0	0.017849	0.03560219	0.03560219	0.001424136	0.02670164	0	0	-0.05450559	0	4.877393e-17	0	4.877393e-17	0	-516.1845	0	-516.1845	0	30994.57	77194.93	74.88476	8684.353	1.106061	1	0	0.4523848	1	2	0	0	
3696	1760.328	3.45e+19	0	0	100000	1.94553152	1.140862e-05	1.074161e+26	4.473116e+25	1.047462e+25	3.425654e+25	3.752669e+25	2.515826e+25	7.803734e+24	3.2497e+24	7.609766e+23	2.488723e+24	2.726298e+24	1.827737e+24	0.2342131	7.803734e+25	3.2497e+25	7.609766e+24	2.488723e+25	2.665851e+25	1.786967e+25	1.012162e+24	0	0	0	0	0	0	0	0	0	0	0	0	0	0	1.005305e+26	2.080549e+16	1.005305e+26	4.544528e+25	2.021888e+21	4.544325e+25	2.432929e+25	2.309681e+13	2.432929e+25	9.089055e+25	4.353675e+13	9.089055e+25	2.708355e+25	1.887708e+14	2.708355e+25	8.675916e+25	4.45183e+20	8.675872e+25	2.379979e+23	1.362444e-09	0.002521263	2.843886e+10	9.115021e+09	3.846357e+11	2.875095e-06	1.767022e-11	1.678535e-17	0.5025208	0.5	0.1255252	1	15.68295	1.950254	10569.8	1.117189e+26	1.827432e+28	5.151575e+27	6.741065e+25	3.118866e+27	1.203261e+27	5.325573e+26	2.294797e+26	0.2188657	0	0.01786148	0.03560219	0.03560219	0.001424136	0.02670164	0	0	-0.05446848	0	4.890848e-17	0	4.890848e-17	0	-516.1442	0	-516.1442	0	30993.98	77194.93	75.4564	8684.187	1.106061	1	0	0.4523848	1	2	0	0	
3724	1760.328	3.45e+19	0	0	100000	1.94556863	1.140862e-05	1.082299e+26	4.485494e+25	1.051899e+25	3.433596e+25	3.794197e+25	2.543296e+25	7.862854e+24	3.258692e+24	7.641998e+23	2.494492e+24	2.756468e+24	1.847694e+24	0.2349902	7.862854e+25	3.258692e+25	7.641998e+24	2.494492e+25	2.69556e+25	1.806618e+25	1.01983e+24	0	0	0	0	0	0	0	0	0	0	0	0	0	0	1.012921e+26	2.115225e+16	1.012921e+26	4.578956e+25	2.041946e+21	4.578752e+25	2.45136e+25	2.335273e+13	2.45136e+25	9.157912e+25	4.401914e+13	9.157912e+25	2.728873e+25	1.908625e+14	2.728873e+25	8.741643e+25	4.501157e+20	8.741598e+25	2.376384e+23	1.364203e-09	0.002527216	2.815482e+10	9.309202e+09	3.902891e+11	2.889507e-06	1.784781e-11	1.703904e-17	0.5025017	0.5	0.1261496	1	15.80176	1.965029	10569.8	1.117189e+26	1.827432e+28	5.151575e+27	6.741065e+25	3.118866e+27	1.203261e+27	5.325573e+26	2.294797e+26	0.2188657	0	0.01787435	0.03560219	0.03560219	0.001424136	0.02670164	0	0	-0.05443137	0	4.904347e-17	0	4.904347e-17	0	-516.1039	0	-516.1039	0	30993.38	77194.93	76.02804	8684.021	1.106061	1	0	0.4523847	1	2	0	0	
3752	1760.328	3.45e+19	0	0	100000	1.94560574	1.140862e-05	1.090436e+26	4.497709e+25	1.056284e+25	3.441426e+25	3.835823e+25	2.57083e+25	7.921973e+24	3.267567e+24	7.673856e+23	2.500181e+24	2.786709e+24	1.867697e+24	0.2357616	7.921973e+25	3.267567e+25	7.673856e+24	2.500181e+25	2.72534e+25	1.826317e+25	1.027498e+24	0	0	0	0	0	0	0	0	0	0	0	0	0	0	1.020536e+26	2.150282e+16	1.020536e+26	4.613384e+25	2.062008e+21	4.613178e+25	2.469792e+25	2.360926e+13	2.469792e+25	9.226768e+25	4.450269e+13	9.226768e+25	2.749391e+25	1.929591e+14	2.749391e+25	8.80737e+25	4.550602e+20	8.807324e+25	2.372849e+23	1.365936e-09	0.002533087	2.787579e+10	9.505877e+09	3.959799e+11	2.903878e-06	1.802578e-11	1.729453e-17	0.5024829	0.5	0.1267722	1	15.92057	1.979803	10569.8	1.117189e+26	1.827432e+28	5.151575e+27	6.741065e+25	3.118866e+27	1.203261e+27	5.325573e+26	2.294797e+26	0.2188657	0	0.01788762	0.03560219	0.03560219	0.001424136	0.02670164	0	0	-0.05439426	0	4.917891e-17	0	4.917891e-17	0	-516.0635	0	-516.0635	0	30992.79	77194.93	76.59968	8683.856	1.106061	1	0	0.4523847	1	2	0	0	
3780	1760.328	3.45e+19	0	0	100000	1.94564285	1.140862e-05	1.098574e+26	4.509764e+25	1.060618e+25	3.449146e+25	3.877547e+25	2.598427e+25	7.981092e+24	3.276324e+24	7.705342e+23	2.50579e+24	2.817021e+24	1.887746e+24	0.2365273	7.981092e+25	3.276324e+25	7.705342e+24	2.50579e+25	2.75519e+25	1.846061e+25	1.035166e+24	0	0	0	0	0	0	0	0	0	0	0	0	0	0	1.028152e+26	2.185723e+16	1.028152e+26	4.647812e+25	2.082073e+21	4.647604e+25	2.488223e+25	2.386639e+13	2.488223e+25	9.295625e+25	4.498738e+13	9.295625e+25	2.769908e+25	1.950606e+14	2.769908e+25	8.873096e+25	4.600163e+20	8.87305e+25	2.369374e+23	1.367644e-09	0.002538876	2.760166e+10	9.705057e+09	4.017079e+11	2.918208e-06	1.820413e-11	1.755185e-17	0.5024643	0.5	0.1273931	1	16.03938	1.994578	10569.8	1.117189e+26	1.827432e+28	5.151575e+27	6.741065e+25	3.118866e+27	1.203261e+27	5.325573e+26	2.294797e+26	0.2188657	0	0.01790127	0.03560219	0.03560219	0.001424136	0.02670164	0	0	-0.05435715	0	4.93148e-17	0	4.93148e-17	0	-516.0231	0	-516.0231	0	30992.2	77194.93	77.17132	8683.69	1.106061	1	0	0.4523846	1	2	0	0	
3808	1760.328	3.45e+19	0	0	100000	1.94567996	1.140862e-05	1.106711e+26	4.52166e+25	1.064901e+25	3.456759e+25	3.919366e+25	2.626088e+25	8.040211e+24	3.284967e+24	7.73646e+23	2.511321e+24	2.847403e+24	1.907841e+24	0.2372875	8.040211e+25	3.284967e+25	7.73646e+24	2.511321e+25	2.78511e+25	1.865851e+25	1.042833e+24	0	0	0	0	0	0	0	0	0	0	0	0	0	0	1.035768e+26	2.221558e+16	1.035768e+26	4.682241e+25	2.102139e+21	4.68203e+25	2.506654e+25	2.412412e+13	2.506654e+25	9.364481e+25	4.547318e+13	9.364481e+25	2.790426e+25	1.97167e+14	2.790426e+25	8.938823e+25	4.649838e+20	8.938777e+25	2.365958e+23	1.369327e-09	0.002544584	2.73323e+10	9.906749e+09	4.074732e+11	2.932499e-06	1.838287e-11	1.781097e-17	0.5024461	0.5	0.1280123	1	16.15819	2.009352	10569.8	1.117189e+26	1.827432e+28	5.151575e+27	6.741065e+25	3.118866e+27	1.203261e+27	5.325573e+26	2.294797e+26	0.2188657	0	0.01791528	0.03560219	0.03560219	0.001424136	0.02670164	0	0	-0.05432004	0	4.945114e-17	0	4.945114e-17	0	-515.9827	0	-515.9827	0	30991.61	77194.93	77.74296	8683.524	1.106061	1	0	0.4523846	1	2	0	0	
3836	1760.328	3.45e+19	0	0	100000	1.94571707	1.140862e-05	1.114849e+26	4.5334e+25	1.069134e+25	3.464266e+25	3.96128e+25	2.65381e+25	8.09933e+24	3.293496e+24	7.767213e+23	2.516774e+24	2.877853e+24	1.927981e+24	0.2380421	8.09933e+25	3.293496e+25	7.767213e+24	2.516774e+25	2.815099e+25	1.885685e+25	1.050501e+24	0	0	0	0	0	0	0	0	0	0	0	0	0	0	1.043384e+26	2.257776e+16	1.043384e+26	4.716669e+25	2.122208e+21	4.716457e+25	2.525085e+25	2.438243e+13	2.525085e+25	9.433338e+25	4.596009e+13	9.433338e+25	2.810944e+25	1.992781e+14	2.810944e+25	9.00455e+25	4.699627e+20	9.004503e+25	2.362598e+23	1.370985e-09	0.002550213	2.706759e+10	1.011096e+10	4.132757e+11	2.946751e-06	1.856198e-11	1.807191e-17	0.502428	0.5	0.1286298	1	16.277	2.024127	10569.8	1.117189e+26	1.827432e+28	5.151575e+27	6.741065e+25	3.118866e+27	1.203261e+27	5.325573e+26	2.294797e+26	0.2188657	0	0.01792966	0.03560219	0.03560219	0.001424136	0.02670164	0	0	-0.05428293	0	4.958793e-17	0	4.958793e-17	0	-515.9423	0	-515.9423	0	30991.02	77194.93	78.31461	8683.359	1.106061	1	0	0.4523845	1	2	0	0	
3864	1760.328	3.45e+19	0	0	100000	1.94575418	1.140862e-05	1.122987e+26	4.544985e+25	1.073317e+25	3.471668e+25	4.003288e+25	2.681593e+25	8.15845e+24	3.301912e+24	7.797605e+23	2.522152e+24	2.908372e+24	1.948166e+24	0.2387912	8.15845e+25	3.301912e+25	7.797605e+24	2.522152e+25	2.845156e+25	1.905564e+25	1.058169e+24	0	0	0	0	0	0	0	0	0	0	0	0	0	0	1.051e+26	2.294394e+16	1.051e+26	4.751097e+25	2.142276e+21	4.750883e+25	2.543517e+25	2.464132e+13	2.543517e+25	9.502194e+25	4.644809e+13	9.502194e+25	2.831462e+25	2.01394e+14	2.831462e+25	9.070276e+25	4.749527e+20	9.070229e+25	2.359294e+23	1.372619e-09	0.002555763	2.680743e+10	1.031771e+10	4.191152e+11	2.960963e-06	1.874146e-11	1.833466e-17	0.5024103	0.5	0.1292457	1	16.39581	2.038902	10569.8	1.117189e+26	1.827432e+28	5.151575e+27	6.741065e+25	3.118866e+27	1.203261e+27	5.325573e+26	2.294797e+26	0.2188657	0	0.01794438	0.03560219	0.03560219	0.001424136	0.02670164	0	0	-0.05424582	0	4.972518e-17	0	4.972518e-17	0	-515.9018	0	-515.9018	0	30990.43	77194.93	78.88625	8683.193	1.106061	1	0	0.4523845	1	2	0	0	
3892	1760.328	3.45e+19	0	0	100000	1.94579129	1.140862e-05	1.131124e+26	4.556418e+25	1.077451e+25	3.478966e+25	4.045388e+25	2.709436e+25	8.217569e+24	3.310218e+24	7.827638e+23	2.527454e+24	2.938957e+24	1.968394e+24	0.2395348	8.217569e+25	3.310218e+25	7.827638e+24	2.527454e+25	2.87528e+25	1.925487e+25	1.065837e+24	0	0	0	0	0	0	0	0	0	0	0	0	0	0	1.058616e+26	2.331401e+16	1.058616e+26	4.785525e+25	2.162346e+21	4.785309e+25	2.561948e+25	2.490078e+13	2.561948e+25	9.571051e+25	4.693716e+13	9.571051e+25	2.85198e+25	2.035146e+14	2.85198e+25	9.136003e+25	4.799537e+20	9.135955e+25	2.356046e+23	1.374229e-09	0.002561237	2.655169e+10	1.0527e+10	4.249917e+11	2.975136e-06	1.892131e-11	1.859921e-17	0.5023927	0.5	0.1298598	1	16.51462	2.053676	10569.8	1.117189e+26	1.827432e+28	5.151575e+27	6.741065e+25	3.118866e+27	1.203261e+27	5.325573e+26	2.294797e+26	0.2188657	0	0.01795944	0.03560219	0.03560219	0.001424136	0.02670164	0	0	-0.05420871	0	4.986288e-17	0	4.986288e-17	0	-515.8614	0	-515.8614	0	30989.84	77194.93	79.45789	8683.028	1.106061	1	0	0.4523845	1	2	0	0	
3920	1760.328	3.45e+19	0	0	100000	1.9458284	1.140862e-05	1.139262e+26	4.5677e+25	1.081537e+25	3.486163e+25	4.087578e+25	2.737339e+25	8.276688e+24	3.318414e+24	7.857317e+23	2.532683e+24	2.969608e+24	1.988665e+24	0.2402731	8.276688e+25	3.318414e+25	7.857317e+24	2.532683e+25	2.90547e+25	1.945454e+25	1.073505e+24	0	0	0	0	0	0	0	0	0	0	0	0	0	0	1.066232e+26	2.368815e+16	1.066232e+26	4.819954e+25	2.182414e+21	4.819735e+25	2.580379e+25	2.516081e+13	2.580379e+25	9.639907e+25	4.74273e+13	9.639907e+25	2.872498e+25	2.056398e+14	2.872498e+25	9.20173e+25	4.849656e+20	9.201681e+25	2.352851e+23	1.375816e-09	0.002566634	2.630028e+10	1.073883e+10	4.309051e+11	2.989271e-06	1.910153e-11	1.886557e-17	0.5023755	0.5	0.1304723	1	16.63343	2.068451	10569.8	1.117189e+26	1.827432e+28	5.151575e+27	6.741065e+25	3.118866e+27	1.203261e+27	5.325573e+26	2.294797e+26	0.2188657	0	0.01797483	0.03560219	0.03560219	0.001424136	0.02670164	0	0	-0.0541716	0	5.000105e-17	0	5.000105e-17	0	-515.8209	0	-515.8209	0	30989.25	77194.93	80.02953	8682.862	1.106061	1	0	0.4523844	1	2	0	0	
3948	1760.328	3.45e+19	0	0	100000	1.94586551	1.140862e-05	1.147399e+26	4.578833e+25	1.085573e+25	3.493259e+25	4.129859e+25	2.765302e+25	8.335807e+24	3.326502e+24	7.886643e+23	2.537838e+24	3.000325e+24	2.00898e+24	0.241006	8.335807e+25	3.326502e+25	7.886643e+24	2.537838e+25	2.935725e+25	1.965463e+25	1.081173e+24	0	0	0	0	0	0	0	0	0	0	0	0	0	0	1.073848e+26	2.406631e+16	1.073848e+26	4.854382e+25	2.20248e+21	4.854162e+25	2.59881e+25	2.542139e+13	2.59881e+25	9.708764e+25	4.791849e+13	9.708764e+25	2.893015e+25	2.077695e+14	2.893015e+25	9.267456e+25	4.899882e+20	9.267407e+25	2.349709e+23	1.37738e-09	0.002571956	2.605308e+10	1.095323e+10	4.368554e+11	3.003368e-06	1.928211e-11	1.913373e-17	0.5023584	0.5	0.1310831	1	16.75224	2.083226	10569.8	1.117189e+26	1.827432e+28	5.151575e+27	6.741065e+25	3.118866e+27	1.203261e+27	5.325573e+26	2.294797e+26	0.2188657	0	0.01799053	0.03560219	0.03560219	0.001424136	0.02670164	0	0	-0.05413449	0	5.013967e-17	0	5.013967e-17	0	-515.7803	0	-515.7803	0	30988.66	77194.93	80.60117	8682.696	1.106061	1	0	0.4523844	1	2	0	0	
3976	1760.328	3.45e+19	0	0	100000	1.94590262	1.140862e-05	1.155537e+26	4.589819e+25	1.089562e+25	3.500257e+25	4.172229e+25	2.793322e+25	8.394926e+24	3.334484e+24	7.915622e+23	2.542922e+24	3.031106e+24	2.029336e+24	0.2417337	8.394926e+25	3.334484e+25	7.915622e+24	2.542922e+25	2.966045e+25	1.985514e+25	1.088841e+24	0	0	0	0	0	0	0	0	0	0	0	0	0	0	1.081464e+26	2.444853e+16	1.081464e+26	4.88881e+25	2.222545e+21	4.888588e+25	2.617242e+25	2.568253e+13	2.617242e+25	9.77762e+25	4.841072e+13	9.77762e+25	2.913533e+25	2.099038e+14	2.913533e+25	9.333183e+25	4.950214e+20	9.333133e+25	2.346619e+23	1.378921e-09	0.002577205	2.581001e+10	1.117019e+10	4.428424e+11	3.017427e-06	1.946306e-11	1.940369e-17	0.5023416	0.5	0.1316923	1	16.87105	2.098	10569.8	1.117189e+26	1.827432e+28	5.151575e+27	6.741065e+25	3.118866e+27	1.203261e+27	5.325573e+26	2.294797e+26	0.2188657	0	0.01800654	0.03560219	0.03560219	0.001424136	0.02670164	0	0	-0.05409738	0	5.027875e-17	0	5.027875e-17	0	-515.7398	0	-515.7398	0	30988.06	77194.93	81.17281	8682.531	1.106061	1	0	0.4523843	1	2	0	0	
4004	1760.328	3.45e+19	0	0	100000	1.94593973	1.140862e-05	1.163675e+26	4.60066e+25	1.093503e+25	3.507156e+25	4.214686e+25	2.8214e+25	8.454046e+24	3.34236e+24	7.944256e+23	2.547934e+24	3.061951e+24	2.049735e+24	0.2424561	8.454046e+25	3.34236e+25	7.944256e+24	2.547934e+25	2.996428e+25	2.005607e+25	1.096508e+24	0	0	0	0	0	0	0	0	0	0	0	0	0	0	1.08908e+26	2.483485e+16	1.08908e+26	4.923238e+25	2.242606e+21	4.923014e+25	2.635673e+25	2.59442e+13	2.635673e+25	9.846477e+25	4.890397e+13	9.846477e+25	2.934051e+25	2.120424e+14	2.934051e+25	9.39891e+25	5.000651e+20	9.39886e+25	2.34358e+23	1.380439e-09	0.00258238	2.557095e+10	1.138973e+10	4.488661e+11	3.031449e-06	1.964436e-11	1.967545e-17	0.502325	0.5	0.1322999	1	16.98986	2.112775	10569.8	1.117189e+26	1.827432e+28	5.151575e+27	6.741065e+25	3.118866e+27	1.203261e+27	5.325573e+26	2.294797e+26	0.2188657	0	0.01802286	0.03560219	0.03560219	0.001424136	0.02670164	0	0	-0.05406027	0	5.04183e-17	0	5.04183e-17	0	-515.6992	0	-515.6992	0	30987.47	77194.93	81.74445	8682.365	1.106061	1	0	0.4523843	1	2	0	0	
4032	1760.328	3.45e+19	0	0	100000	1.94597684	1.140862e-05	1.171812e+26	4.611357e+25	1.097398e+25	3.51396e+25	4.257229e+25	2.849534e+25	8.513165e+24	3.350131e+24	7.972548e+23	2.552877e+24	3.092859e+24	2.070174e+24	0.2431733	8.513165e+25	3.350131e+25	7.972548e+24	2.552877e+25	3.026874e+25	2.025742e+25	1.104177e+24	0	0	0	0	0	0	0	0	0	0	0	0	0	0	1.096696e+26	2.522535e+16	1.096696e+26	4.957667e+25	2.262663e+21	4.95744e+25	2.654104e+25	2.620642e+13	2.654104e+25	9.915333e+25	4.939823e+13	9.915333e+25	2.954569e+25	2.141855e+14	2.954569e+25	9.464636e+25	5.051192e+20	9.464586e+25	2.340591e+23	1.381936e-09	0.002587484	2.533582e+10	1.161185e+10	4.549264e+11	3.045433e-06	1.982602e-11	1.9949e-17	0.5023086	0.5	0.1329059	1	17.10867	2.12755	10569.8	1.117189e+26	1.827432e+28	5.151575e+27	6.741065e+25	3.118866e+27	1.203261e+27	5.325573e+26	2.294797e+26	0.2188657	0	0.01803945	0.03560219	0.03560219	0.001424136	0.02670164	0	0	-0.05402316	0	5.055832e-17	0	5.055832e-17	0	-515.6586	0	-515.6586	0	30986.88	77194.93	82.31609	8682.2	1.106061	1	0	0.4523842	1	2	0	0	
4060	1760.328	3.45e+19	0	0	100000	1.94601395	1.140862e-05	1.17995e+26	4.621914e+25	1.101245e+25	3.520668e+25	4.299858e+25	2.877725e+25	8.572284e+24	3.3578e+24	8.000501e+23	2.55775e+24	3.123829e+24	2.090655e+24	0.2438854	8.572284e+25	3.3578e+25	8.000501e+24	2.55775e+25	3.057382e+25	2.045917e+25	1.111844e+24	0	0	0	0	0	0	0	0	0	0	0	0	0	0	1.104312e+26	2.561994e+16	1.104312e+26	4.992095e+25	2.282717e+21	4.991867e+25	2.672536e+25	2.646916e+13	2.672536e+25	9.98419e+25	4.989349e+13	9.98419e+25	2.975087e+25	2.163329e+14	2.975087e+25	9.530363e+25	5.101835e+20	9.530312e+25	2.33765e+23	1.383411e-09	0.002592516	2.510453e+10	1.183656e+10	4.610232e+11	3.059381e-06	2.000804e-11	2.022435e-17	0.5022925	0.5	0.1335103	1	17.22748	2.142324	10569.8	1.117189e+26	1.827432e+28	5.151575e+27	6.741065e+25	3.118866e+27	1.203261e+27	5.325573e+26	2.294797e+26	0.2188657	0	0.01805633	0.03560219	0.03560219	0.001424136	0.02670164	0	0	-0.05398605	0	5.06988e-17	0	5.06988e-17	0	-515.618	0	-515.618	0	30986.29	77194.93	82.88774	8682.034	1.106061	1	0	0.4523842	1	2	0	0	
4088	1760.328	3.45e+19	0	0	100000	1.94605106	1.140862e-05	1.188087e+26	4.63233e+25	1.105047e+25	3.527283e+25	4.342572e+25	2.905971e+25	8.631403e+24	3.365368e+24	8.028119e+23	2.562556e+24	3.15486e+24	2.111176e+24	0.2445924	8.631403e+25	3.365368e+25	8.028119e+24	2.562556e+25	3.087952e+25	2.066132e+25	1.119512e+24	0	0	0	0	0	0	0	0	0	0	0	0	0	0	1.111928e+26	2.601879e+16	1.111928e+26	5.026523e+25	2.302764e+21	5.026293e+25	2.690967e+25	2.673243e+13	2.690967e+25	1.005305e+26	5.038974e+13	1.005305e+26	2.995605e+25	2.184845e+14	2.995605e+25	9.596089e+25	5.152577e+20	9.596038e+25	2.334758e+23	1.384864e-09	0.002597479	2.487699e+10	1.206387e+10	4.671565e+11	3.073292e-06	2.019041e-11	2.050149e-17	0.5022766	0.5	0.1341131	1	17.34629	2.157099	10569.8	1.117189e+26	1.827432e+28	5.151575e+27	6.741065e+25	3.118866e+27	1.203261e+27	5.325573e+26	2.294797e+26	0.2188657	0	0.01807348	0.03560219	0.03560219	0.001424136	0.02670164	0	0	-0.05394894	0	5.083975e-17	0	5.083975e-17	0	-515.5774	0	-515.5774	0	30985.7	77194.93	83.45938	8681.869	1.106061	1	0	0.4523842	1	2	0	0	
4116	1760.328	3.45e+19	0	0	100000	1.94608817	1.140862e-05	1.196225e+26	4.642608e+25	1.108803e+25	3.533806e+25	4.385368e+25	2.934272e+25	8.690522e+24	3.372835e+24	8.055405e+23	2.567295e+24	3.185951e+24	2.131736e+24	0.2452943	8.690522e+25	3.372835e+25	8.055405e+24	2.567295e+25	3.118582e+25	2.086387e+25	1.12718e+24	0	0	0	0	0	0	0	0	0	0	0	0	0	0	1.119544e+26	2.642187e+16	1.119544e+26	5.060951e+25	2.322806e+21	5.060719e+25	2.709398e+25	2.699621e+13	2.709398e+25	1.01219e+26	5.088695e+13	1.01219e+26	3.016122e+25	2.206404e+14	3.016122e+25	9.661816e+25	5.20342e+20	9.661764e+25	2.331913e+23	1.386297e-09	0.002602372	2.465311e+10	1.22938e+10	4.733261e+11	3.087167e-06	2.037313e-11	2.078042e-17	0.5022608	0.5	0.1347144	1	17.4651	2.171874	10569.8	1.117189e+26	1.827432e+28	5.151575e+27	6.741065e+25	3.118866e+27	1.203261e+27	5.325573e+26	2.294797e+26	0.2188657	0	0.01809088	0.03560219	0.03560219	0.001424136	0.02670164	0	0	-0.05391183	0	5.098118e-17	0	5.098118e-17	0	-515.5367	0	-515.5367	0	30985.11	77194.93	84.03102	8681.703	1.106061	1	0	0.4523842	1	2	0	0	
4144	1760.328	3.45e+19	0	0	100000	1.94612528	1.140862e-05	1.204362e+26	4.652751e+25	1.112513e+25	3.540237e+25	4.428247e+25	2.962627e+25	8.749642e+24	3.380203e+24	8.082363e+23	2.571967e+24	3.217102e+24	2.152336e+24	0.2459913	8.749642e+25	3.380203e+25	8.082363e+24	2.571967e+25	3.149271e+25	2.106682e+25	1.134848e+24	0	0	0	0	0	0	0	0	0	0	0	0	0	0	1.12716e+26	2.682913e+16	1.12716e+26	5.09538e+25	2.342844e+21	5.095145e+25	2.727829e+25	2.72605e+13	2.727829e+25	1.019076e+26	5.138513e+13	1.019076e+26	3.03664e+25	2.228004e+14	3.03664e+25	9.727543e+25	5.254361e+20	9.72749e+25	2.329114e+23	1.387708e-09	0.002607198	2.44328e+10	1.252634e+10	4.79532e+11	3.101006e-06	2.055619e-11	2.106113e-17	0.5022453	0.5	0.1353141	1	17.58391	2.186648	10569.8	1.117189e+26	1.827432e+28	5.151575e+27	6.741065e+25	3.118866e+27	1.203261e+27	5.325573e+26	2.294797e+26	0.2188657	0	0.01810854	0.03560219	0.03560219	0.001424136	0.02670164	0	0	-0.05387472	0	5.112307e-17	0	5.112307e-17	0	-515.4961	0	-515.4961	0	30984.52	77194.93	84.60266	8681.537	1.106061	1	0	0.4523841	1	2	0	0	
4172	1760.328	3.45e+19	0	0	100000	1.94616239	1.140862e-05	1.2125e+26	4.662758e+25	1.116179e+25	3.546579e+25	4.471207e+25	2.991035e+25	8.808761e+24	3.387474e+24	8.108994e+23	2.576575e+24	3.248313e+24	2.172974e+24	0.2466833	8.808761e+25	3.387474e+25	8.108994e+24	2.576575e+25	3.18002e+25	2.127015e+25	1.142516e+24	0	0	0	0	0	0	0	0	0	0	0	0	0	0	1.134776e+26	2.724082e+16	1.134776e+26	5.129808e+25	2.362871e+21	5.129571e+25	2.746261e+25	2.752529e+13	2.746261e+25	1.025962e+26	5.188425e+13	1.025962e+26	3.057158e+25	2.249646e+14	3.057158e+25	9.793269e+25	5.305398e+20	9.793216e+25	2.32636e+23	1.3891e-09	0.002611957	2.421599e+10	1.27615e+10	4.857742e+11	3.114809e-06	2.07396e-11	2.134363e-17	0.50223	0.5	0.1359123	1	17.70272	2.201423	10569.8	1.117189e+26	1.827432e+28	5.151575e+27	6.741065e+25	3.118866e+27	1.203261e+27	5.325573e+26	2.294797e+26	0.2188657	0	0.01812643	0.03560219	0.03560219	0.001424136	0.02670164	0	0	-0.05383761	0	5.126544e-17	0	5.126544e-17	0	-515.4554	0	-515.4554	0	30983.93	77194.93	85.1743	8681.372	1.106061	1	0	0.4523841	1	2	0	0	
4200	1760.328	3.45e+19	0	0	100000	1.9461995	1.140862e-05	1.220638e+26	4.672633e+25	1.119801e+25	3.552832e+25	4.514247e+25	3.019496e+25	8.86788e+24	3.394648e+24	8.135304e+23	2.581118e+24	3.279581e+24	2.193651e+24	0.2473704	8.86788e+25	3.394648e+25	8.135304e+24	2.581118e+25	3.210827e+25	2.147387e+25	1.150184e+24	0	0	0	0	0	0	0	0	0	0	0	0	0	0	1.142392e+26	2.765677e+16	1.142392e+26	5.164236e+25	2.382893e+21	5.163998e+25	2.764692e+25	2.779058e+13	2.764692e+25	1.032847e+26	5.238431e+13	1.032847e+26	3.077676e+25	2.271327e+14	3.077676e+25	9.858996e+25	5.356531e+20	9.858942e+25	2.323651e+23	1.390471e-09	0.002616649	2.40026e+10	1.29993e+10	4.920525e+11	3.128577e-06	2.092335e-11	2.162791e-17	0.5022149	0.5	0.1365089	1	17.82153	2.216198	10569.8	1.117189e+26	1.827432e+28	5.151575e+27	6.741065e+25	3.118866e+27	1.203261e+27	5.325573e+26	2.294797e+26	0.2188657	0	0.01814456	0.03560219	0.03560219	0.001424136	0.02670164	0	0	-0.0538005	0	5.140829e-17	0	5.140829e-17	0	-515.4146	0	-515.4146	0	30983.34	77194.93	85.74595	8681.206	1.106061	1	0	0.452384	1	2	0	0	
4228	1760.328	3.45e+19	0	0	100000	1.94623661	1.140862e-05	1.228775e+26	4.682377e+25	1.123378e+25	3.558999e+25	4.557366e+25	3.04801e+25	8.926999e+24	3.401727e+24	8.161294e+23	2.585597e+24	3.310907e+24	2.214366e+24	0.2480527	8.926999e+25	3.401727e+25	8.161294e+24	2.585597e+25	3.241691e+25	2.167797e+25	1.157852e+24	0	0	0	0	0	0	0	0	0	0	0	0	0	0	1.150008e+26	2.807708e+16	1.150008e+26	5.198664e+25	2.402907e+21	5.198424e+25	2.783123e+25	2.805636e+13	2.783123e+25	1.039733e+26	5.288529e+13	1.039733e+26	3.098194e+25	2.29305e+14	3.098194e+25	9.924723e+25	5.407759e+20	9.924669e+25	2.320986e+23	1.391823e-09	0.002621277	2.379255e+10	1.323974e+10	4.983669e+11	3.14231e-06	2.110744e-11	2.191398e-17	0.5022	0.5	0.137104	1	17.94034	2.230972	10569.8	1.117189e+26	1.827432e+28	5.151575e+27	6.741065e+25	3.118866e+27	1.203261e+27	5.325573e+26	2.294797e+26	0.2188657	0	0.01816291	0.03560219	0.03560219	0.001424136	0.02670164	0	0	-0.05376339	0	5.155162e-17	0	5.155162e-17	0	-515.3739	0	-515.3739	0	30982.75	77194.93	86.31759	8681.041	1.106061	1	0	0.452384	1	2	0	0	
4256	1760.328	3.45e+19	0	0	100000	1.94627372	1.140862e-05	1.236913e+26	4.691991e+25	1.126912e+25	3.565079e+25	4.600562e+25	3.076574e+25	8.986118e+24	3.408711e+24	8.186969e+23	2.590014e+24	3.342289e+24	2.235118e+24	0.2487301	8.986118e+25	3.408711e+25	8.186969e+24	2.590014e+25	3.272612e+25	2.188243e+25	1.16552e+24	0	0	0	0	0	0	0	0	0	0	0	0	0	0	1.157623e+26	2.850186e+16	1.157623e+26	5.233092e+25	2.42291e+21	5.23285e+25	2.801555e+25	2.832262e+13	2.801555e+25	1.046618e+26	5.338719e+13	1.046618e+26	3.118712e+25	2.314811e+14	3.118712e+25	9.990449e+25	5.45908e+20	9.990395e+25	2.318364e+23	1.393155e-09	0.00262584	2.358577e+10	1.348283e+10	5.047172e+11	3.156009e-06	2.129187e-11	2.220182e-17	0.5021852	0.5	0.1376977	1	18.05915	2.245747	10569.8	1.117189e+26	1.827432e+28	5.151575e+27	6.741065e+25	3.118866e+27	1.203261e+27	5.325573e+26	2.294797e+26	0.2188657	0	0.01818147	0.03560219	0.03560219	0.001424136	0.02670164	0	0	-0.05372628	0	5.169543e-17	0	5.169543e-17	0	-515.3331	0	-515.3331	0	30982.16	77194.93	86.88923	8680.875	1.106061	1	0	0.4523839	1	2	0	0	
4284	1760.328	3.45e+19	0	0	100000	1.94631083	1.140862e-05	1.24505e+26	4.701477e+25	1.130403e+25	3.571074e+25	4.643836e+25	3.10519e+25	9.045238e+24	3.415603e+24	8.212331e+23	2.59437e+24	3.373727e+24	2.255907e+24	0.2494028	9.045238e+25	3.415603e+25	8.212331e+24	2.59437e+25	3.303588e+25	2.208727e+25	1.173188e+24	0	0	0	0	0	0	0	0	0	0	0	0	0	0	1.165239e+26	2.8931e+16	1.165239e+26	5.267521e+25	2.442906e+21	5.267276e+25	2.819986e+25	2.858936e+13	2.819986e+25	1.053504e+26	5.388998e+13	1.053504e+26	3.13923e+25	2.336611e+14	3.13923e+25	1.005618e+26	5.510493e+20	1.005612e+26	2.315784e+23	1.394468e-09	0.00263034	2.338219e+10	1.372858e+10	5.111035e+11	3.169673e-06	2.147664e-11	2.249143e-17	0.5021707	0.5	0.1382898	1	18.17796	2.260522	10569.8	1.117189e+26	1.827432e+28	5.151575e+27	6.741065e+25	3.118866e+27	1.203261e+27	5.325573e+26	2.294797e+26	0.2188657	0	0.01820024	0.03560219	0.03560219	0.001424136	0.02670164	0	0	-0.05368917	0	5.183972e-17	0	5.183972e-17	0	-515.2923	0	-515.2923	0	30981.57	77194.93	87.46087	8680.71	1.106061	1	0	0.4523839	1	2	0	0	
4312	1760.328	3.45e+19	0	0	100000	1.94634794	1.140862e-05	1.253188e+26	4.710837e+25	1.133851e+25	3.576986e+25	4.687186e+25	3.133856e+25	9.104357e+24	3.422403e+24	8.237383e+23	2.598665e+24	3.405221e+24	2.276733e+24	0.2500707	9.104357e+25	3.422403e+25	8.237383e+24	2.598665e+25	3.33462e+25	2.229248e+25	1.180856e+24	0	0	0	0	0	0	0	0	0	0	0	0	0	0	1.172855e+26	2.936468e+16	1.172855e+26	5.301949e+25	2.46289e+21	5.301703e+25	2.838417e+25	2.885657e+13	2.838417e+25	1.06039e+26	5.439366e+13	1.06039e+26	3.159747e+25	2.35845e+14	3.159747e+25	1.01219e+26	5.561996e+20	1.012185e+26	2.313245e+23	1.395762e-09	0.002634777	2.318172e+10	1.397699e+10	5.175256e+11	3.183302e-06	2.166173e-11	2.278282e-17	0.5021563	0.5	0.1388805	1	18.29677	2.275296	10569.8	1.117189e+26	1.827432e+28	5.151575e+27	6.741065e+25	3.118866e+27	1.203261e+27	5.325573e+26	2.294797e+26	0.2188657	0	0.0182192	0.03560219	0.03560219	0.001424136	0.02670164	0	0	-0.05365206	0	5.19845e-17	0	5.19845e-17	0	-515.2515	0	-515.2515	0	30980.97	77194.93	88.03252	8680.544	1.106061	1	0	0.4523839	1	2	0	0	
4340	1760.328	3.45e+19	0	0	100000	1.94638505	1.140862e-05	1.261326e+26	4.720073e+25	1.137258e+25	3.582815e+25	4.730612e+25	3.162571e+25	9.163476e+24	3.429113e+24	8.262128e+23	2.6029e+24	3.436769e+24	2.297594e+24	0.2507339	9.163476e+25	3.429113e+25	8.262128e+24	2.6029e+25	3.365707e+25	2.249804e+25	1.188523e+24	0	0	0	0	0	0	0	0	0	0	0	0	0	0	1.180471e+26	2.980286e+16	1.180471e+26	5.336377e+25	2.482864e+21	5.336129e+25	2.856848e+25	2.912424e+13	2.856848e+25	1.067275e+26	5.489822e+13	1.067275e+26	3.180265e+25	2.380328e+14	3.180265e+25	1.018763e+26	5.61359e+20	1.018757e+26	2.310747e+23	1.397037e-09	0.002639153	2.298432e+10	1.422807e+10	5.239835e+11	3.196898e-06	2.184716e-11	2.307599e-17	0.5021421	0.5	0.1394697	1	18.41558	2.290071	10569.8	1.117189e+26	1.827432e+28	5.151575e+27	6.741065e+25	3.118866e+27	1.203261e+27	5.325573e+26	2.294797e+26	0.2188657	0	0.01823834	0.03560219	0.03560219	0.001424136	0.02670164	0	0	-0.05361495	0	5.212977e-17	0	5.212977e-17	0	-515.2107	0	-515.2107	0	30980.38	77194.93	88.60416	8680.379	1.106061	1	0	0.4523839	1	2	0	0	
4368	1760.328	3.45e+19	0	0	100000	1.94642216	1.140862e-05	1.269463e+26	4.729185e+25	1.140622e+25	3.588563e+25	4.774111e+25	3.191336e+25	9.222595e+24	3.435732e+24	8.28657e+23	2.607075e+24	3.468371e+24	2.318492e+24	0.2513925	9.222595e+25	3.435732e+25	8.28657e+24	2.607075e+25	3.396847e+25	2.270396e+25	1.196191e+24	0	0	0	0	0	0	0	0	0	0	0	0	0	0	1.188087e+26	3.024558e+16	1.188087e+26	5.370805e+25	2.502826e+21	5.370555e+25	2.87528e+25	2.939238e+13	2.87528e+25	1.074161e+26	5.540364e+13	1.074161e+26	3.200783e+25	2.402242e+14	3.200783e+25	1.025336e+26	5.665271e+20	1.02533e+26	2.308288e+23	1.398294e-09	0.002643468	2.278991e+10	1.448183e+10	5.304771e+11	3.21046e-06	2.203292e-11	2.337092e-17	0.5021281	0.5	0.1400575	1	18.53439	2.304845	10569.8	1.117189e+26	1.827432e+28	5.151575e+27	6.741065e+25	3.118866e+27	1.203261e+27	5.325573e+26	2.294797e+26	0.2188657	0	0.01825767	0.03560219	0.03560219	0.001424136	0.02670164	0	0	-0.05357784	0	5.227552e-17	0	5.227552e-17	0	-515.1698	0	-515.1698	0	30979.79	77194.93	89.17581	8680.213	1.106061	1	0	0.4523838	1	2	0	0	
4396	1760.328	3.45e+19	0	0	100000	1.94645927	1.140862e-05	1.277601e+26	4.738175e+25	1.143945e+25	3.59423e+25	4.817683e+25	3.220148e+25	9.281714e+24	3.442264e+24	8.310712e+23	2.611193e+24	3.500026e+24	2.339424e+24	0.2520465	9.281714e+25	3.442264e+25	8.310712e+24	2.611193e+25	3.428041e+25	2.291023e+25	1.203859e+24	0	0	0	0	0	0	0	0	0	0	0	0	0	0	1.195703e+26	3.069296e+16	1.195703e+26	5.405234e+25	2.522776e+21	5.404981e+25	2.893711e+25	2.966097e+13	2.893711e+25	1.081047e+26	5.590992e+13	1.081047e+26	3.221301e+25	2.424193e+14	3.221301e+25	1.031908e+26	5.71704e+20	1.031903e+26	2.305869e+23	1.399533e-09	0.002647723	2.259842e+10	1.473828e+10	5.370062e+11	3.223989e-06	2.2219e-11	2.366762e-17	0.5021143	0.5	0.1406438	1	18.6532	2.31962	10569.8	1.117189e+26	1.827432e+28	5.151575e+27	6.741065e+25	3.118866e+27	1.203261e+27	5.325573e+26	2.294797e+26	0.2188657	0	0.01827716	0.03560219	0.03560219	0.001424136	0.02670164	0	0	-0.05354073	0	5.242176e-17	0	5.242176e-17	0	-515.1289	0	-515.1289	0	30979.2	77194.93	89.74745	8680.048	1.106061	1	0	0.4523838	1	2	0	0	
4424	1760.328	3.45e+19	0	0	100000	1.94649638	1.140862e-05	1.285738e+26	4.747046e+25	1.147227e+25	3.599819e+25	4.861328e+25	3.249009e+25	9.340834e+24	3.448709e+24	8.334557e+23	2.615253e+24	3.531734e+24	2.360391e+24	0.252696	9.340834e+25	3.448709e+25	8.334557e+24	2.615253e+25	3.459287e+25	2.311685e+25	1.211527e+24	0	0	0	0	0	0	0	0	0	0	0	0	0	0	1.203319e+26	3.114487e+16	1.203319e+26	5.439662e+25	2.542715e+21	5.439408e+25	2.912142e+25	2.993e+13	2.912142e+25	1.087932e+26	5.641705e+13	1.087932e+26	3.241819e+25	2.446182e+14	3.241819e+25	1.038481e+26	5.768896e+20	1.038475e+26	2.303489e+23	1.400754e-09	0.002651919	2.24098e+10	1.499742e+10	5.435709e+11	3.237484e-06	2.240541e-11	2.396608e-17	0.5021006	0.5	0.1412287	1	18.77201	2.334395	10569.8	1.117189e+26	1.827432e+28	5.151575e+27	6.741065e+25	3.118866e+27	1.203261e+27	5.325573e+26	2.294797e+26	0.2188657	0	0.01829681	0.03560219	0.03560219	0.001424136	0.02670164	0	0	-0.05350362	0	5.25685e-17	0	5.25685e-17	0	-515.088	0	-515.088	0	30978.61	77194.93	90.31909	8679.882	1.106061	1	0	0.4523838	1	2	0	0	
4452	1760.328	3.45e+19	0	0	100000	1.94653349	1.140862e-05	1.293876e+26	4.755798e+25	1.150469e+25	3.605329e+25	4.905043e+25	3.277917e+25	9.399953e+24	3.455067e+24	8.358107e+23	2.619256e+24	3.563493e+24	2.381393e+24	0.2533409	9.399953e+25	3.455067e+25	8.358107e+24	2.619256e+25	3.490585e+25	2.332382e+25	1.219195e+24	0	0	0	0	0	0	0	0	0	0	0	0	0	0	1.210935e+26	3.160152e+16	1.210935e+26	5.47409e+25	2.56264e+21	5.473834e+25	2.930574e+25	3.019948e+13	2.930574e+25	1.094818e+26	5.6925e+13	1.094818e+26	3.262337e+25	2.468206e+14	3.262337e+25	1.045054e+26	5.820836e+20	1.045048e+26	2.301146e+23	1.401957e-09	0.002656057	2.222398e+10	1.525926e+10	5.501711e+11	3.250947e-06	2.259213e-11	2.42663e-17	0.5020872	0.5	0.1418122	1	18.89082	2.349169	10569.8	1.117189e+26	1.827432e+28	5.151575e+27	6.741065e+25	3.118866e+27	1.203261e+27	5.325573e+26	2.294797e+26	0.2188657	0	0.01831661	0.03560219	0.03560219	0.001424136	0.02670164	0	0	-0.05346651	0	5.271573e-17	0	5.271573e-17	0	-515.0471	0	-515.0471	0	30978.02	77194.93	90.89073	8679.717	1.106061	1	0	0.4523837	1	2	0	0	
4480	1760.328	3.45e+19	0	0	100000	1.9465706	1.140862e-05	1.302013e+26	4.764433e+25	1.15367e+25	3.610763e+25	4.948829e+25	3.306872e+25	9.459072e+24	3.46134e+24	8.381367e+23	2.623204e+24	3.595303e+24	2.402428e+24	0.2539814	9.459072e+25	3.46134e+25	8.381367e+24	2.623204e+25	3.521934e+25	2.353112e+25	1.226863e+24	0	0	0	0	0	0	0	0	0	0	0	0	0	0	1.218551e+26	3.206285e+16	1.218551e+26	5.508518e+25	2.582551e+21	5.50826e+25	2.949005e+25	3.04694e+13	2.949005e+25	1.101704e+26	5.743378e+13	1.101704e+26	3.282854e+25	2.490266e+14	3.282854e+25	1.051626e+26	5.872861e+20	1.05162e+26	2.29884e+23	1.403144e-09	0.002660137	2.204091e+10	1.552382e+10	5.568067e+11	3.264377e-06	2.277918e-11	2.456829e-17	0.5020738	0.5	0.1423942	1	19.00963	2.363944	10569.8	1.117189e+26	1.827432e+28	5.151575e+27	6.741065e+25	3.118866e+27	1.203261e+27	5.325573e+26	2.294797e+26	0.2188657	0	0.01833656	0.03560219	0.03560219	0.001424136	0.02670164	0	0	-0.0534294	0	5.286346e-17	0	5.286346e-17	0	-515.0061	0	-515.0061	0	30977.43	77194.93	91.46238	8679.551	1.106061	1	0	0.4523837	1	2	0	0	
4508	1760.328	3.45e+19	0	0	100000	1.94660771	1.140862e-05	1.310151e+26	4.772953e+25	1.156832e+25	3.616121e+25	4.992685e+25	3.335872e+25	9.518191e+24	3.46753e+24	8.404338e+23	2.627096e+24	3.627164e+24	2.423497e+24	0.2546174	9.518191e+25	3.46753e+25	8.404338e+24	2.627096e+25	3.553333e+25	2.373875e+25	1.234531e+24	0	0	0	0	0	0	0	0	0	0	0	0	0	0	1.226167e+26	3.252882e+16	1.226167e+26	5.542947e+25	2.60245e+21	5.542686e+25	2.967436e+25	3.073974e+13	2.967436e+25	1.108589e+26	5.794336e+13	1.108589e+26	3.303372e+25	2.512361e+14	3.303372e+25	1.058199e+26	5.924968e+20	1.058193e+26	2.296571e+23	1.404313e-09	0.00266416	2.186052e+10	1.579108e+10	5.634776e+11	3.277775e-06	2.296655e-11	2.487203e-17	0.5020606	0.5	0.1429749	1	19.12844	2.378719	10569.8	1.117189e+26	1.827432e+28	5.151575e+27	6.741065e+25	3.118866e+27	1.203261e+27	5.325573e+26	2.294797e+26	0.2188657	0	0.01835664	0.03560219	0.03560219	0.001424136	0.02670164	0	0	-0.05339229	0	5.301169e-17	0	5.301169e-17	0	-514.9652	0	-514.9652	0	30976.84	77194.93	92.03402	8679.386	1.106061	1	0	0.4523836	1	2	0	0	
4536	1760.328	3.45e+19	0	0	100000	1.94664482	1.140862e-05	1.318289e+26	4.781359e+25	1.159955e+25	3.621403e+25	5.036609e+25	3.364918e+25	9.57731e+24	3.473637e+24	8.427024e+23	2.630934e+24	3.659075e+24	2.444599e+24	0.255249	9.57731e+25	3.473637e+25	8.427024e+24	2.630934e+25	3.584782e+25	2.394672e+25	1.242199e+24	0	0	0	0	0	0	0	0	0	0	0	0	0	0	1.233783e+26	3.299974e+16	1.233783e+26	5.577375e+25	2.622331e+21	5.577113e+25	2.985867e+25	3.101051e+13	2.985867e+25	1.115475e+26	5.845375e+13	1.115475e+26	3.32389e+25	2.53449e+14	3.32389e+25	1.064772e+26	5.977158e+20	1.064766e+26	2.294338e+23	1.405466e-09	0.002668128	2.168276e+10	1.606107e+10	5.701837e+11	3.291141e-06	2.315423e-11	2.517753e-17	0.5020476	0.5	0.1435542	1	19.24725	2.393493	10569.8	1.117189e+26	1.827432e+28	5.151575e+27	6.741065e+25	3.118866e+27	1.203261e+27	5.325573e+26	2.294797e+26	0.2188657	0	0.01837685	0.03560219	0.03560219	0.001424136	0.02670164	0	0	-0.05335518	0	5.316042e-17	0	5.316042e-17	0	-514.9241	0	-514.9241	0	30976.25	77194.93	92.60567	8679.221	1.106061	1	0	0.4523836	1	2	0	0	
4564	1760.328	3.45e+19	0	0	100000	1.94668193	1.140862e-05	1.326426e+26	4.789652e+25	1.163039e+25	3.626613e+25	5.080601e+25	3.394009e+25	9.63643e+24	3.479661e+24	8.449429e+23	2.634719e+24	3.691035e+24	2.465733e+24	0.2558762	9.63643e+25	3.479661e+25	8.449429e+24	2.634719e+25	3.61628e+25	2.415501e+25	1.249866e+24	0	0	0	0	0	0	0	0	0	0	0	0	0	0	1.241399e+26	3.347537e+16	1.241399e+26	5.611803e+25	2.6422e+21	5.611539e+25	3.004299e+25	3.12817e+13	3.004299e+25	1.122361e+26	5.896493e+13	1.122361e+26	3.344408e+25	2.556654e+14	3.344408e+25	1.071344e+26	6.029428e+20	1.071338e+26	2.29214e+23	1.406602e-09	0.00267204	2.150758e+10	1.633379e+10	5.76925e+11	3.304474e-06	2.334222e-11	2.548479e-17	0.5020348	0.5	0.1441321	1	19.36606	2.408268	10569.8	1.117189e+26	1.827432e+28	5.151575e+27	6.741065e+25	3.118866e+27	1.203261e+27	5.325573e+26	2.294797e+26	0.2188657	0	0.01839718	0.03560219	0.03560219	0.001424136	0.02670164	0	0	-0.05331807	0	5.330965e-17	0	5.330965e-17	0	-514.8831	0	-514.8831	0	30975.66	77194.93	93.17731	8679.055	1.106061	1	0	0.4523836	1	2	0	0	
4592	1760.328	3.45e+19	0	0	100000	1.94671904	1.140862e-05	1.334564e+26	4.797833e+25	1.166084e+25	3.631749e+25	5.12466e+25	3.423145e+25	9.695549e+24	3.485605e+24	8.471554e+23	2.63845e+24	3.723043e+24	2.4869e+24	0.2564992	9.695549e+25	3.485605e+25	8.471554e+24	2.63845e+25	3.647827e+25	2.436363e+25	1.257534e+24	0	0	0	0	0	0	0	0	0	0	0	0	0	0	1.249015e+26	3.395593e+16	1.249015e+26	5.646231e+25	2.662051e+21	5.645965e+25	3.02273e+25	3.15533e+13	3.02273e+25	1.129246e+26	5.947689e+13	1.129246e+26	3.364926e+25	2.578852e+14	3.364926e+25	1.077917e+26	6.081778e+20	1.077911e+26	2.289977e+23	1.407721e-09	0.002675899	2.133493e+10	1.660925e+10	5.837013e+11	3.317776e-06	2.353053e-11	2.579379e-17	0.5020221	0.5	0.1447086	1	19.48487	2.423043	10569.8	1.117189e+26	1.827432e+28	5.151575e+27	6.741065e+25	3.118866e+27	1.203261e+27	5.325573e+26	2.294797e+26	0.2188657	0	0.01841761	0.03560219	0.03560219	0.001424136	0.02670164	0	0	-0.05328096	0	5.345939e-17	0	5.345939e-17	0	-514.8421	0	-514.8421	0	30975.07	77194.93	93.74895	8678.89	1.106061	1	0	0.4523836	1	2	0	0	
4620	1760.328	3.45e+19	0	0	100000	1.94675615	1.140862e-05	1.342701e+26	4.805906e+25	1.169092e+25	3.636814e+25	5.168784e+25	3.452324e+25	9.754668e+24	3.49147e+24	8.493403e+23	2.64213e+24	3.755099e+24	2.508099e+24	0.2571178	9.754668e+25	3.49147e+25	8.493403e+24	2.64213e+25	3.679422e+25	2.457256e+25	1.265202e+24	0	0	0	0	0	0	0	0	0	0	0	0	0	0	1.256631e+26	3.444128e+16	1.256631e+26	5.68066e+25	2.681888e+21	5.680391e+25	3.041161e+25	3.182531e+13	3.041161e+25	1.136132e+26	5.998961e+13	1.136132e+26	3.385444e+25	2.601083e+14	3.385444e+25	1.08449e+26	6.134206e+20	1.084483e+26	2.287847e+23	1.408825e-09	0.002679703	2.116474e+10	1.688745e+10	5.905127e+11	3.331047e-06	2.371914e-11	2.610455e-17	0.5020095	0.5	0.1452838	1	19.60368	2.437817	10569.8	1.117189e+26	1.827432e+28	5.151575e+27	6.741065e+25	3.118866e+27	1.203261e+27	5.325573e+26	2.294797e+26	0.2188657	0	0.01843816	0.03560219	0.03560219	0.001424136	0.02670164	0	0	-0.05324385	0	5.360963e-17	0	5.360963e-17	0	-514.801	0	-514.801	0	30974.48	77194.93	94.3206	8678.724	1.106061	1	0	0.4523835	1	2	0	0	
4648	1760.328	3.45e+19	0	0	100000	1.94679326	1.140862e-05	1.350839e+26	4.813869e+25	1.172062e+25	3.641807e+25	5.212973e+25	3.481547e+25	9.813787e+24	3.497255e+24	8.514979e+23	2.645758e+24	3.787203e+24	2.529329e+24	0.2577322	9.813787e+25	3.497255e+25	8.514979e+24	2.645758e+25	3.711064e+25	2.478181e+25	1.27287e+24	0	0	0	0	0	0	0	0	0	0	0	0	0	0	1.264247e+26	3.493165e+16	1.264247e+26	5.715088e+25	2.701707e+21	5.714818e+25	3.059592e+25	3.209772e+13	3.059592e+25	1.143018e+26	6.05031e+13	1.143018e+26	3.405961e+25	2.623347e+14	3.405961e+25	1.091062e+26	6.186713e+20	1.091056e+26	2.285751e+23	1.409913e-09	0.002683455	2.099698e+10	1.716839e+10	5.973591e+11	3.344286e-06	2.390806e-11	2.641705e-17	0.5019971	0.5	0.1458576	1	19.72249	2.452592	10569.8	1.117189e+26	1.827432e+28	5.151575e+27	6.741065e+25	3.118866e+27	1.203261e+27	5.325573e+26	2.294797e+26	0.2188657	0	0.01845879	0.03560219	0.03560219	0.001424136	0.02670164	0	0	-0.05320674	0	5.376039e-17	0	5.376039e-17	0	-514.7599	0	-514.7599	0	30973.89	77194.93	94.89224	8678.559	1.106061	1	0	0.4523835	1	2	0	0	
4676	1760.328	3.45e+19	0	0	100000	1.94683037	1.140862e-05	1.358977e+26	4.821726e+25	1.174994e+25	3.646732e+25	5.257227e+25	3.510812e+25	9.872906e+24	3.502963e+24	8.536285e+23	2.649335e+24	3.819353e+24	2.55059e+24	0.2583424	9.872906e+25	3.502963e+25	8.536285e+24	2.649335e+25	3.742752e+25	2.499137e+25	1.280538e+24	0	0	0	0	0	0	0	0	0	0	0	0	0	0	1.271863e+26	3.542698e+16	1.271863e+26	5.749516e+25	2.721509e+21	5.749244e+25	3.078024e+25	3.237053e+13	3.078024e+25	1.149903e+26	6.101734e+13	1.149903e+26	3.426479e+25	2.645644e+14	3.426479e+25	1.097635e+26	6.239295e+20	1.097629e+26	2.283688e+23	1.410985e-09	0.002687155	2.083159e+10	1.74521e+10	6.042403e+11	3.357495e-06	2.409729e-11	2.673129e-17	0.5019848	0.5	0.1464301	1	19.8413	2.467367	10569.8	1.117189e+26	1.827432e+28	5.151575e+27	6.741065e+25	3.118866e+27	1.203261e+27	5.325573e+26	2.294797e+26	0.2188657	0	0.01847951	0.03560219	0.03560219	0.001424136	0.02670164	0	0	-0.05316963	0	5.391165e-17	0	5.391165e-17	0	-514.7188	0	-514.7188	0	30973.3	77194.93	95.46389	8678.393	1.106061	1	0	0.4523835	1	2	0	0	
4704	1760.328	3.45e+19	0	0	100000	1.94686748	1.140862e-05	1.367114e+26	4.829477e+25	1.17789e+25	3.651587e+25	5.301544e+25	3.54012e+25	9.932026e+24	3.508594e+24	8.557323e+23	2.652862e+24	3.851549e+24	2.571882e+24	0.2589484	9.932026e+25	3.508594e+25	8.557323e+24	2.652862e+25	3.774487e+25	2.520124e+25	1.288206e+24	0	0	0	0	0	0	0	0	0	0	0	0	0	0	1.279479e+26	3.592731e+16	1.279479e+26	5.783944e+25	2.741294e+21	5.78367e+25	3.096455e+25	3.264373e+13	3.096455e+25	1.156789e+26	6.153232e+13	1.156789e+26	3.446997e+25	2.667973e+14	3.446997e+25	1.104208e+26	6.291954e+20	1.104201e+26	2.281657e+23	1.412042e-09	0.002690803	2.066853e+10	1.773856e+10	6.111563e+11	3.370673e-06	2.428682e-11	2.704728e-17	0.5019727	0.5	0.1470013	1	19.96011	2.482141	10569.8	1.117189e+26	1.827432e+28	5.151575e+27	6.741065e+25	3.118866e+27	1.203261e+27	5.325573e+26	2.294797e+26	0.2188657	0	0.01850032	0.03560219	0.03560219	0.001424136	0.02670164	0	0	-0.05313252	0	5.406343e-17	0	5.406343e-17	0	-514.6776	0	-514.6776	0	30972.71	77194.93	96.03553	8678.228	1.106061	1	0	0.4523834	1	2	0	0	
4732	1760.328	3.45e+19	0	0	100000	1.94690459	1.140862e-05	1.375252e+26	4.837124e+25	1.18075e+25	3.656374e+25	5.345924e+25	3.569469e+25	9.991145e+24	3.51415e+24	8.578097e+23	2.65634e+24	3.883791e+24	2.593204e+24	0.2595502	9.991145e+25	3.51415e+25	8.578097e+24	2.65634e+25	3.806267e+25	2.54114e+25	1.295874e+24	0	0	0	0	0	0	0	0	0	0	0	0	0	0	1.287095e+26	3.643278e+16	1.287095e+26	5.818373e+25	2.761059e+21	5.818096e+25	3.114886e+25	3.291733e+13	3.114886e+25	1.163675e+26	6.204803e+13	1.163675e+26	3.467515e+25	2.690333e+14	3.467515e+25	1.11078e+26	6.344688e+20	1.110774e+26	2.279658e+23	1.413084e-09	0.0026944	2.050774e+10	1.80278e+10	6.18107e+11	3.38382e-06	2.447665e-11	2.736501e-17	0.5019607	0.5	0.1475712	1	20.07892	2.496916	10569.8	1.117189e+26	1.827432e+28	5.151575e+27	6.741065e+25	3.118866e+27	1.203261e+27	5.325573e+26	2.294797e+26	0.2188657	0	0.01852119	0.03560219	0.03560219	0.001424136	0.02670164	0	0	-0.05309541	0	5.421572e-17	0	5.421572e-17	0	-514.6365	0	-514.6365	0	30972.12	77194.93	96.60717	8678.062	1.106061	1	0	0.4523834	1	2	0	0	
4760	1760.328	3.45e+19	0	0	100000	1.9469417	1.140862e-05	1.383389e+26	4.844668e+25	1.183573e+25	3.661095e+25	5.390365e+25	3.598859e+25	1.005026e+25	3.519631e+24	8.59861e+23	2.65977e+24	3.916077e+24	2.614556e+24	0.260148	1.005026e+26	3.519631e+25	8.59861e+24	2.65977e+25	3.838092e+25	2.562187e+25	1.303541e+24	0	0	0	0	0	0	0	0	0	0	0	0	0	0	1.29471e+26	3.694335e+16	1.29471e+26	5.852801e+25	2.780807e+21	5.852523e+25	3.133318e+25	3.31913e+13	3.133318e+25	1.17056e+26	6.256445e+13	1.17056e+26	3.488033e+25	2.712725e+14	3.488033e+25	1.117353e+26	6.397495e+20	1.117346e+26	2.277689e+23	1.414111e-09	0.002697948	2.034919e+10	1.831981e+10	6.250924e+11	3.396937e-06	2.466677e-11	2.768448e-17	0.5019489	0.5	0.1481397	1	20.19773	2.511691	10569.8	1.117189e+26	1.827432e+28	5.151575e+27	6.741065e+25	3.118866e+27	1.203261e+27	5.325573e+26	2.294797e+26	0.2188657	0	0.01854213	0.03560219	0.03560219	0.001424136	0.02670164	0	0	-0.0530583	0	5.436853e-17	0	5.436853e-17	0	-514.5953	0	-514.5953	0	30971.53	77194.93	97.17882	8677.897	1.106061	1	0	0.4523834	1	2	0	0	
4788	1760.328	3.45e+19	0	0	100000	1.94697881	1.140862e-05	1.391527e+26	4.85211e+25	1.186361e+25	3.665749e+25	5.434868e+25	3.628291e+25	1.010938e+25	3.525037e+24	8.618863e+23	2.663151e+24	3.948408e+24	2.635938e+24	0.2607417	1.010938e+26	3.525037e+25	8.618863e+24	2.663151e+25	3.869961e+25	2.583264e+25	1.31121e+24	0	0	0	0	0	0	0	0	0	0	0	0	0	0	1.302326e+26	3.745894e+16	1.302326e+26	5.887229e+25	2.800536e+21	5.886949e+25	3.151749e+25	3.346565e+13	3.151749e+25	1.177446e+26	6.308159e+13	1.177446e+26	3.508551e+25	2.735147e+14	3.508551e+25	1.123926e+26	6.450374e+20	1.123919e+26	2.275752e+23	1.415123e-09	0.002701446	2.019283e+10	1.861461e+10	6.321124e+11	3.410024e-06	2.48572e-11	2.800568e-17	0.5019372	0.5	0.1487069	1	20.31654	2.526465	10569.8	1.117189e+26	1.827432e+28	5.151575e+27	6.741065e+25	3.118866e+27	1.203261e+27	5.325573e+26	2.294797e+26	0.2188657	0	0.01856313	0.03560219	0.03560219	0.001424136	0.02670164	0	0	-0.05302119	0	5.452187e-17	0	5.452187e-17	0	-514.5541	0	-514.5541	0	30970.94	77194.93	97.75047	8677.732	1.106061	1	0	0.4523834	1	2	0	0	
4816	1760.328	3.45e+19	0	0	100000	1.94701592	1.140862e-05	1.399664e+26	4.859452e+25	1.189114e+25	3.670338e+25	5.47943e+25	3.657762e+25	1.01685e+25	3.530371e+24	8.638861e+23	2.666485e+24	3.980783e+24	2.657348e+24	0.2613313	1.01685e+26	3.530371e+25	8.638861e+24	2.666485e+25	3.901874e+25	2.604369e+25	1.318877e+24	0	0	0	0	0	0	0	0	0	0	0	0	0	0	1.309942e+26	3.797979e+16	1.309942e+26	5.921657e+25	2.820246e+21	5.921375e+25	3.17018e+25	3.374038e+13	3.17018e+25	1.184331e+26	6.359944e+13	1.184331e+26	3.529068e+25	2.7576e+14	3.529068e+25	1.130498e+26	6.503326e+20	1.130492e+26	2.273845e+23	1.416121e-09	0.002704896	2.003861e+10	1.891219e+10	6.391669e+11	3.423081e-06	2.504792e-11	2.832861e-17	0.5019256	0.5	0.1492729	1	20.43535	2.54124	10569.8	1.117189e+26	1.827432e+28	5.151575e+27	6.741065e+25	3.118866e+27	1.203261e+27	5.325573e+26	2.294797e+26	0.2188657	0	0.01858418	0.03560219	0.03560219	0.001424136	0.02670164	0	0	-0.05298408	0	5.467572e-17	0	5.467572e-17	0	-514.5128	0	-514.5128	0	30970.35	77194.93	98.32211	8677.566	1.106061	1	0	0.4523834	1	2	0	0	
4844	1760.328	3.45e+19	0	0	100000	1.94705303	1.140862e-05	1.407802e+26	4.866695e+25	1.191832e+25	3.674864e+25	5.524052e+25	3.687273e+25	1.022762e+25	3.535633e+24	8.658606e+23	2.669773e+24	4.0132e+24	2.678788e+24	0.261917	1.022762e+26	3.535633e+25	8.658606e+24	2.669773e+25	3.93383e+25	2.625504e+25	1.326545e+24	0	0	0	0	0	0	0	0	0	0	0	0	0	0	1.317558e+26	3.850597e+16	1.317558e+26	5.956086e+25	2.839933e+21	5.955802e+25	3.188611e+25	3.401547e+13	3.188611e+25	1.191217e+26	6.411797e+13	1.191217e+26	3.549586e+25	2.780083e+14	3.549586e+25	1.137071e+26	6.556349e+20	1.137064e+26	2.271967e+23	1.417105e-09	0.002708297	1.98865e+10	1.921257e+10	6.462558e+11	3.436108e-06	2.523894e-11	2.865328e-17	0.5019141	0.5	0.1498376	1	20.55416	2.556015	10569.8	1.117189e+26	1.827432e+28	5.151575e+27	6.741065e+25	3.118866e+27	1.203261e+27	5.325573e+26	2.294797e+26	0.2188657	0	0.01860527	0.03560219	0.03560219	0.001424136	0.02670164	0	0	-0.05294697	0	5.483009e-17	0	5.483009e-17	0	-514.4715	0	-514.4715	0	30969.76	77194.93	98.89375	8677.401	1.106061	1	0	0.4523833	1	2	0	0	
4872	1760.328	3.45e+19	0	0	100000	1.94709014	1.140862e-05	1.41594e+26	4.87384e+25	1.194515e+25	3.679325e+25	5.568733e+25	3.716823e+25	1.028674e+25	3.540824e+24	8.6781e+23	2.673014e+24	4.045661e+24	2.700256e+24	0.2624987	1.028674e+26	3.540824e+25	8.6781e+24	2.673014e+25	3.965829e+25	2.646666e+25	1.334213e+24	0	0	0	0	0	0	0	0	0	0	0	0	0	0	1.325174e+26	3.903729e+16	1.325174e+26	5.990514e+25	2.859603e+21	5.990228e+25	3.207043e+25	3.429092e+13	3.207043e+25	1.198103e+26	6.46372e+13	1.198103e+26	3.570104e+25	2.802596e+14	3.570104e+25	1.143644e+26	6.609442e+20	1.143637e+26	2.270118e+23	1.418074e-09	0.002711652	1.973645e+10	1.951574e+10	6.533791e+11	3.449106e-06	2.543024e-11	2.897967e-17	0.5019028	0.5	0.150401	1	20.67297	2.570789	10569.8	1.117189e+26	1.827432e+28	5.151575e+27	6.741065e+25	3.118866e+27	1.203261e+27	5.325573e+26	2.294797e+26	0.2188657	0	0.0186264	0.03560219	0.03560219	0.001424136	0.02670164	0	0	-0.05290986	0	5.4985e-17	0	5.4985e-17	0	-514.4303	0	-514.4303	0	30969.17	77194.93	99.4654	8677.236	1.106061	1	0	0.4523833	1	2	0	0	
4900	1760.328	3.45e+19	0	0	100000	1.94712725	1.140862e-05	1.424077e+26	4.880889e+25	1.197164e+25	3.683725e+25	5.613471e+25	3.746412e+25	1.034586e+25	3.545945e+24	8.697347e+23	2.67621e+24	4.078163e+24	2.721752e+24	0.2630765	1.034586e+26	3.545945e+25	8.697347e+24	2.67621e+25	3.997869e+25	2.667857e+25	1.341881e+24	0	0	0	0	0	0	0	0	0	0	0	0	0	0	1.33279e+26	3.957402e+16	1.33279e+26	6.024942e+25	2.87925e+21	6.024654e+25	3.225474e+25	3.456674e+13	3.225474e+25	1.204988e+26	6.515709e+13	1.204988e+26	3.590622e+25	2.825138e+14	3.590622e+25	1.150216e+26	6.662603e+20	1.15021e+26	2.268298e+23	1.41903e-09	0.00271496	1.958843e+10	1.982173e+10	6.605366e+11	3.462075e-06	2.562184e-11	2.93078e-17	0.5018916	0.5	0.1509631	1	20.79178	2.585564	10569.8	1.117189e+26	1.827432e+28	5.151575e+27	6.741065e+25	3.118866e+27	1.203261e+27	5.325573e+26	2.294797e+26	0.2188657	0	0.01864756	0.03560219	0.03560219	0.001424136	0.02670164	0	0	-0.05287275	0	5.514043e-17	0	5.514043e-17	0	-514.3889	0	-514.3889	0	30968.58	77194.93	100.037	8677.07	1.106061	1	0	0.4523833	1	2	0	0	
4928	1760.328	3.45e+19	0	0	100000	1.94716436	1.140862e-05	1.432215e+26	4.887843e+25	1.19978e+25	3.688063e+25	5.658266e+25	3.776039e+25	1.040498e+25	3.550997e+24	8.716349e+23	2.679362e+24	4.110706e+24	2.743276e+24	0.2636503	1.040498e+26	3.550997e+25	8.716349e+24	2.679362e+25	4.029952e+25	2.689076e+25	1.349549e+24	0	0	0	0	0	0	0	0	0	0	0	0	0	0	1.340406e+26	4.011609e+16	1.340406e+26	6.05937e+25	2.898876e+21	6.05908e+25	3.243905e+25	3.48429e+13	3.243905e+25	1.211874e+26	6.567766e+13	1.211874e+26	3.61114e+25	2.847709e+14	3.61114e+25	1.156789e+26	6.715833e+20	1.156782e+26	2.266506e+23	1.419972e-09	0.002718221	1.944239e+10	2.013053e+10	6.677284e+11	3.475014e-06	2.581372e-11	2.963764e-17	0.5018805	0.5	0.151524	1	20.91059	2.600338	10569.8	1.117189e+26	1.827432e+28	5.151575e+27	6.741065e+25	3.118866e+27	1.203261e+27	5.325573e+26	2.294797e+26	0.2188657	0	0.01866874	0.03560219	0.03560219	0.001424136	0.02670164	0	0	-0.05283564	0	5.529639e-17	0	5.529639e-17	0	-514.3476	0	-514.3476	0	30967.99	77194.93	100.6087	8676.905	1.106061	1	0	0.4523833	1	2	0	0	
4956	1760.328	3.45e+19	0	0	100000	1.94720147	1.140862e-05	1.440352e+26	4.894702e+25	1.202362e+25	3.69234e+25	5.703118e+25	3.805704e+25	1.04641e+25	3.55598e+24	8.735109e+23	2.682469e+24	4.143291e+24	2.764827e+24	0.2642203	1.04641e+26	3.55598e+25	8.735109e+24	2.682469e+25	4.062075e+25	2.710322e+25	1.357217e+24	0	0	0	0	0	0	0	0	0	0	0	0	0	0	1.348022e+26	4.066355e+16	1.348022e+26	6.093798e+25	2.918481e+21	6.093507e+25	3.262337e+25	3.511942e+13	3.262337e+25	1.21876e+26	6.619888e+13	1.21876e+26	3.631658e+25	2.870308e+14	3.631658e+25	1.163362e+26	6.76913e+20	1.163355e+26	2.264742e+23	1.420901e-09	0.002721438	1.929831e+10	2.044214e+10	6.749544e+11	3.487925e-06	2.600589e-11	2.996921e-17	0.5018696	0.5	0.1520836	1	21.0294	2.615113	10569.8	1.117189e+26	1.827432e+28	5.151575e+27	6.741065e+25	3.118866e+27	1.203261e+27	5.325573e+26	2.294797e+26	0.2188657	0	0.01868994	0.03560219	0.03560219	0.001424136	0.02670164	0	0	-0.05279853	0	5.545288e-17	0	5.545288e-17	0	-514.3062	0	-514.3062	0	30967.4	77194.93	101.1803	8676.739	1.106061	1	0	0.4523832	1	2	0	0	
4984	1760.328	3.45e+19	0	0	100000	1.94723858	1.140862e-05	1.44849e+26	4.901468e+25	1.204911e+25	3.696557e+25	5.748025e+25	3.835406e+25	1.052322e+25	3.560896e+24	8.75363e+23	2.685533e+24	4.175916e+24	2.786406e+24	0.2647865	1.052322e+26	3.560896e+25	8.75363e+24	2.685533e+25	4.094238e+25	2.731595e+25	1.364885e+24	0	0	0	0	0	0	0	0	0	0	0	0	0	0	1.355638e+26	4.121643e+16	1.355638e+26	6.128227e+25	2.938064e+21	6.127933e+25	3.280768e+25	3.539628e+13	3.280768e+25	1.225645e+26	6.672075e+13	1.225645e+26	3.652176e+25	2.892936e+14	3.652176e+25	1.169934e+26	6.822494e+20	1.169927e+26	2.263004e+23	1.421816e-09	0.002724609	1.915613e+10	2.075658e+10	6.822144e+11	3.500807e-06	2.619834e-11	3.03025e-17	0.5018588	0.5	0.1526421	1	21.14821	2.629888	10569.8	1.117189e+26	1.827432e+28	5.151575e+27	6.741065e+25	3.118866e+27	1.203261e+27	5.325573e+26	2.294797e+26	0.2188657	0	0.01871115	0.03560219	0.03560219	0.001424136	0.02670164	0	0	-0.05276142	0	5.560991e-17	0	5.560991e-17	0	-514.2649	0	-514.2649	0	30966.8	77194.93	101.752	8676.574	1.106061	1	0	0.4523832	1	2	0	0	
5012	1760.328	3.45e+19	0	0	100000	1.94727569	1.140862e-05	1.456628e+26	4.908143e+25	1.207428e+25	3.700715e+25	5.792988e+25	3.865144e+25	1.058234e+25	3.565745e+24	8.771914e+23	2.688554e+24	4.208581e+24	2.808011e+24	0.2653489	1.058234e+26	3.565745e+25	8.771914e+24	2.688554e+25	4.126441e+25	2.752895e+25	1.372553e+24	0	0	0	0	0	0	0	0	0	0	0	0	0	0	1.363254e+26	4.177479e+16	1.363254e+26	6.162655e+25	2.957625e+21	6.162359e+25	3.299199e+25	3.567348e+13	3.299199e+25	1.232531e+26	6.724326e+13	1.232531e+26	3.672693e+25	2.915591e+14	3.672693e+25	1.176507e+26	6.875923e+20	1.1765e+26	2.261294e+23	1.422718e-09	0.002727737	1.901582e+10	2.107385e+10	6.895084e+11	3.513661e-06	2.639108e-11	3.063751e-17	0.5018481	0.5	0.1531992	1	21.26702	2.644662	10569.8	1.117189e+26	1.827432e+28	5.151575e+27	6.741065e+25	3.118866e+27	1.203261e+27	5.325573e+26	2.294797e+26	0.2188657	0	0.01873236	0.03560219	0.03560219	0.001424136	0.02670164	0	0	-0.05272431	0	5.576748e-17	0	5.576748e-17	0	-514.2235	0	-514.2235	0	30966.21	77194.93	102.3236	8676.409	1.106061	1	0	0.4523832	1	2	0	0	
5040	1760.328	3.45e+19	0	0	100000	1.9473128	1.140862e-05	1.464765e+26	4.914728e+25	1.209913e+25	3.704815e+25	5.838004e+25	3.89492e+25	1.064146e+25	3.570529e+24	8.789964e+23	2.691532e+24	4.241285e+24	2.829642e+24	0.2659075	1.064146e+26	3.570529e+25	8.789964e+24	2.691532e+25	4.158684e+25	2.774221e+25	1.380221e+24	0	0	0	0	0	0	0	0	0	0	0	0	0	0	1.37087e+26	4.233879e+16	1.37087e+26	6.197083e+25	2.977162e+21	6.196785e+25	3.31763e+25	3.595101e+13	3.31763e+25	1.239417e+26	6.77664e+13	1.239417e+26	3.693211e+25	2.938274e+14	3.693211e+25	1.18308e+26	6.929416e+20	1.183073e+26	2.25961e+23	1.423608e-09	0.002730821	1.887736e+10	2.139396e+10	6.968364e+11	3.526486e-06	2.658409e-11	3.097423e-17	0.5018375	0.5	0.1537552	1	21.38584	2.659437	10569.8	1.117189e+26	1.827432e+28	5.151575e+27	6.741065e+25	3.118866e+27	1.203261e+27	5.325573e+26	2.294797e+26	0.2188657	0	0.01875357	0.03560219	0.03560219	0.001424136	0.02670164	0	0	-0.0526872	0	5.592558e-17	0	5.592558e-17	0	-514.182	0	-514.182	0	30965.62	77194.93	102.8953	8676.243	1.106061	1	0	0.4523832	1	2	0	0	
5068	1760.328	3.45e+19	0	0	100000	1.94734991	1.140862e-05	1.472903e+26	4.921223e+25	1.212365e+25	3.708857e+25	5.883074e+25	3.924731e+25	1.070058e+25	3.575247e+24	8.807783e+23	2.694469e+24	4.274028e+24	2.8513e+24	0.2664623	1.070058e+26	3.575247e+25	8.807783e+24	2.694469e+25	4.190965e+25	2.795574e+25	1.387889e+24	0	0	0	0	0	0	0	0	0	0	0	0	0	0	1.378486e+26	4.290835e+16	1.378486e+26	6.231511e+25	2.996675e+21	6.231212e+25	3.336062e+25	3.622888e+13	3.336062e+25	1.246302e+26	6.829017e+13	1.246302e+26	3.713729e+25	2.960984e+14	3.713729e+25	1.189652e+26	6.982973e+20	1.189645e+26	2.257951e+23	1.424485e-09	0.002733862	1.87407e+10	2.171691e+10	7.041983e+11	3.539284e-06	2.677739e-11	3.131267e-17	0.501827	0.5	0.1543099	1	21.50465	2.674212	10569.8	1.117189e+26	1.827432e+28	5.151575e+27	6.741065e+25	3.118866e+27	1.203261e+27	5.325573e+26	2.294797e+26	0.2188657	0	0.01877477	0.03560219	0.03560219	0.001424136	0.02670164	0	0	-0.05265009	0	5.608423e-17	0	5.608423e-17	0	-514.1406	0	-514.1406	0	30965.03	77194.93	103.4669	8676.078	1.106061	1	0	0.4523831	1	2	0	0	
5096	1760.328	3.45e+19	0	0	100000	1.94738702	1.140862e-05	1.48104e+26	4.92763e+25	1.214787e+25	3.712843e+25	5.928196e+25	3.954577e+25	1.075969e+25	3.579902e+24	8.825373e+23	2.697365e+24	4.306809e+24	2.872983e+24	0.2670135	1.075969e+26	3.579902e+25	8.825373e+24	2.697365e+25	4.223285e+25	2.816952e+25	1.395556e+24	0	0	0	0	0	0	0	0	0	0	0	0	0	0	1.386102e+26	4.348353e+16	1.386102e+26	6.26594e+25	3.016166e+21	6.265638e+25	3.354493e+25	3.650708e+13	3.354493e+25	1.253188e+26	6.881455e+13	1.253188e+26	3.734247e+25	2.98372e+14	3.734247e+25	1.196225e+26	7.036594e+20	1.196218e+26	2.256319e+23	1.425349e-09	0.002736861	1.860581e+10	2.20427e+10	7.115939e+11	3.552053e-06	2.697096e-11	3.165281e-17	0.5018166	0.5	0.1548635	1	21.62346	2.688986	10569.8	1.117189e+26	1.827432e+28	5.151575e+27	6.741065e+25	3.118866e+27	1.203261e+27	5.325573e+26	2.294797e+26	0.2188657	0	0.01879595	0.03560219	0.03560219	0.001424136	0.02670164	0	0	-0.05261298	0	5.624342e-17	0	5.624342e-17	0	-514.0991	0	-514.0991	0	30964.44	77194.93	104.0386	8675.913	1.106061	1	0	0.4523831	1	2	0	0	
5124	1760.328	3.45e+19	0	0	100000	1.94742413	1.140862e-05	1.489178e+26	4.93395e+25	1.217177e+25	3.716773e+25	5.973371e+25	3.984458e+25	1.081881e+25	3.584493e+24	8.842737e+23	2.70022e+24	4.339628e+24	2.894692e+24	0.2675609	1.081881e+26	3.584493e+25	8.842737e+24	2.70022e+25	4.255643e+25	2.838355e+25	1.403224e+24	0	0	0	0	0	0	0	0	0	0	0	0	0	0	1.393718e+26	4.406436e+16	1.393718e+26	6.300368e+25	3.035632e+21	6.300064e+25	3.372924e+25	3.678559e+13	3.372924e+25	1.260074e+26	6.933954e+13	1.260074e+26	3.754765e+25	3.006483e+14	3.754765e+25	1.202798e+26	7.090276e+20	1.20279e+26	2.254711e+23	1.426201e-09	0.002739818	1.847267e+10	2.237135e+10	7.190233e+11	3.564795e-06	2.71648e-11	3.199467e-17	0.5018064	0.5	0.1554158	1	21.74227	2.703761	10569.8	1.117189e+26	1.827432e+28	5.151575e+27	6.741065e+25	3.118866e+27	1.203261e+27	5.325573e+26	2.294797e+26	0.2188657	0	0.01881711	0.03560219	0.03560219	0.001424136	0.02670164	0	0	-0.05257587	0	5.640316e-17	0	5.640316e-17	0	-514.0576	0	-514.0576	0	30963.85	77194.93	104.6102	8675.747	1.106061	1	0	0.4523831	1	2	0	0	
5152	1760.328	3.45e+19	0	0	100000	1.94746124	1.140862e-05	1.497315e+26	4.940184e+25	1.219536e+25	3.720648e+25	6.018596e+25	4.014374e+25	1.087793e+25	3.589023e+24	8.859877e+23	2.703035e+24	4.372485e+24	2.916426e+24	0.2681048	1.087793e+26	3.589023e+25	8.859877e+24	2.703035e+25	4.288038e+25	2.859783e+25	1.410892e+24	0	0	0	0	0	0	0	0	0	0	0	0	0	0	1.401334e+26	4.465102e+16	1.401334e+26	6.334796e+25	3.055073e+21	6.334491e+25	3.391356e+25	3.706443e+13	3.391356e+25	1.266959e+26	6.986513e+13	1.266959e+26	3.775283e+25	3.029272e+14	3.775283e+25	1.20937e+26	7.14402e+20	1.209363e+26	2.253127e+23	1.427041e-09	0.002742733	1.834123e+10	2.270285e+10	7.264864e+11	3.577509e-06	2.735892e-11	3.233823e-17	0.5017962	0.5	0.155967	1	21.86108	2.718536	10569.8	1.117189e+26	1.827432e+28	5.151575e+27	6.741065e+25	3.118866e+27	1.203261e+27	5.325573e+26	2.294797e+26	0.2188657	0	0.01883824	0.03560219	0.03560219	0.001424136	0.02670164	0	0	-0.05253876	0	5.656344e-17	0	5.656344e-17	0	-514.016	0	-514.016	0	30963.26	77194.93	105.1819	8675.582	1.106061	1	0	0.4523831	1	2	0	0	
5180	1760.328	3.45e+19	0	0	100000	1.94749835	1.140862e-05	1.505453e+26	4.946333e+25	1.221865e+25	3.724468e+25	6.063873e+25	4.044324e+25	1.093705e+25	3.59349e+24	8.876796e+23	2.70581e+24	4.405378e+24	2.938184e+24	0.268645	1.093705e+26	3.59349e+25	8.876796e+24	2.70581e+25	4.320469e+25	2.881237e+25	1.41856e+24	0	0	0	0	0	0	0	0	0	0	0	0	0	0	1.40895e+26	4.524343e+16	1.40895e+26	6.369224e+25	3.074489e+21	6.368917e+25	3.409787e+25	3.734357e+13	3.409787e+25	1.273845e+26	7.039131e+13	1.273845e+26	3.7958e+25	3.052086e+14	3.7958e+25	1.215943e+26	7.197824e+20	1.215936e+26	2.251568e+23	1.427869e-09	0.002745609	1.821146e+10	2.303722e+10	7.33983e+11	3.590196e-06	2.755332e-11	3.26835e-17	0.5017862	0.5	0.156517	1	21.97989	2.73331	10569.8	1.117189e+26	1.827432e+28	5.151575e+27	6.741065e+25	3.118866e+27	1.203261e+27	5.325573e+26	2.294797e+26	0.2188657	0	0.01885934	0.03560219	0.03560219	0.001424136	0.02670164	0	0	-0.05250165	0	5.672428e-17	0	5.672428e-17	0	-513.9745	0	-513.9745	0	30962.67	77194.93	105.7535	8675.417	1.106061	1	0	0.452383	1	2	0	0	
5208	1760.328	3.45e+19	0	0	100000	1.94753546	1.140862e-05	1.513591e+26	4.952399e+25	1.224164e+25	3.728235e+25	6.109199e+25	4.074308e+25	1.099617e+25	3.597897e+24	8.893497e+23	2.708547e+24	4.438307e+24	2.959967e+24	0.2691816	1.099617e+26	3.597897e+25	8.893497e+24	2.708547e+25	4.352937e+25	2.902714e+25	1.426228e+24	0	0	0	0	0	0	0	0	0	0	0	0	0	0	1.416566e+26	4.584165e+16	1.416566e+26	6.403653e+25	3.093881e+21	6.403343e+25	3.428218e+25	3.762303e+13	3.428218e+25	1.280731e+26	7.091808e+13	1.280731e+26	3.816318e+25	3.074926e+14	3.816318e+25	1.222516e+26	7.251688e+20	1.222508e+26	2.250033e+23	1.428685e-09	0.002748444	1.808334e+10	2.337446e+10	7.415131e+11	3.602856e-06	2.774798e-11	3.303047e-17	0.5017762	0.5	0.1570658	1	22.0987	2.748085	10569.8	1.117189e+26	1.827432e+28	5.151575e+27	6.741065e+25	3.118866e+27	1.203261e+27	5.325573e+26	2.294797e+26	0.2188657	0	0.01888041	0.03560219	0.03560219	0.001424136	0.02670164	0	0	-0.05246454	0	5.688567e-17	0	5.688567e-17	0	-513.9329	0	-513.9329	0	30962.08	77194.93	106.3252	8675.251	1.106061	1	0	0.452383	1	2	0	0	
5236	1760.328	3.45e+19	0	0	100000	1.94757257	1.140862e-05	1.521728e+26	4.958382e+25	1.226433e+25	3.731949e+25	6.154575e+25	4.104325e+25	1.105529e+25	3.602243e+24	8.909982e+23	2.711245e+24	4.471273e+24	2.981774e+24	0.2697147	1.105529e+26	3.602243e+25	8.909982e+24	2.711245e+25	4.385441e+25	2.924216e+25	1.433896e+24	0	0	0	0	0	0	0	0	0	0	0	0	0	0	1.424182e+26	4.644571e+16	1.424182e+26	6.438081e+25	3.113247e+21	6.43777e+25	3.446649e+25	3.79028e+13	3.446649e+25	1.287616e+26	7.144542e+13	1.287616e+26	3.836836e+25	3.097791e+14	3.836836e+25	1.229088e+26	7.305611e+20	1.229081e+26	2.248521e+23	1.429489e-09	0.00275124	1.795684e+10	2.371458e+10	7.490767e+11	3.615489e-06	2.794291e-11	3.337914e-17	0.5017664	0.5	0.1576134	1	22.21751	2.76286	10569.8	1.117189e+26	1.827432e+28	5.151575e+27	6.741065e+25	3.118866e+27	1.203261e+27	5.325573e+26	2.294797e+26	0.2188657	0	0.01890142	0.03560219	0.03560219	0.001424136	0.02670164	0	0	-0.05242743	0	5.704761e-17	0	5.704761e-17	0	-513.8913	0	-513.8913	0	30961.49	77194.93	106.8968	8675.086	1.106061	1	0	0.452383	1	2	0	0	
5264	1760.328	3.45e+19	0	0	100000	1.94760968	1.140862e-05	1.529866e+26	4.964284e+25	1.228672e+25	3.735611e+25	6.2e+25	4.134374e+25	1.111441e+25	3.606531e+24	8.926253e+23	2.713906e+24	4.504274e+24	3.003605e+24	0.2702442	1.111441e+26	3.606531e+25	8.926253e+24	2.713906e+25	4.417981e+25	2.945742e+25	1.441564e+24	0	0	0	0	0	0	0	0	0	0	0	0	0	0	1.431797e+26	4.705581e+16	1.431797e+26	6.472509e+25	3.132586e+21	6.472196e+25	3.465081e+25	3.818286e+13	3.465081e+25	1.294502e+26	7.197333e+13	1.294502e+26	3.857354e+25	3.12068e+14	3.857354e+25	1.235661e+26	7.359592e+20	1.235653e+26	2.247032e+23	1.430283e-09	0.002753996	1.783193e+10	2.405757e+10	7.566737e+11	3.628095e-06	2.81381e-11	3.372951e-17	0.5017567	0.5	0.1581599	1	22.33632	2.777634	10569.8	1.117189e+26	1.827432e+28	5.151575e+27	6.741065e+25	3.118866e+27	1.203261e+27	5.325573e+26	2.294797e+26	0.2188657	0	0.01892239	0.03560219	0.03560219	0.001424136	0.02670164	0	0	-0.05239032	0	5.721011e-17	0	5.721011e-17	0	-513.8497	0	-513.8497	0	30960.9	77194.93	107.4684	8674.921	1.106061	1	0	0.452383	1	2	0	0	
5292	1760.328	3.45e+19	0	0	100000	1.94764679	1.140862e-05	1.538003e+26	4.970105e+25	1.230883e+25	3.739222e+25	6.245473e+25	4.164456e+25	1.117353e+25	3.61076e+24	8.942313e+23	2.716529e+24	4.537309e+24	3.02546e+24	0.2707703	1.117353e+26	3.61076e+25	8.942313e+24	2.716529e+25	4.450555e+25	2.967291e+25	1.449232e+24	0	0	0	0	0	0	0	0	0	0	0	0	0	0	1.439413e+26	4.767171e+16	1.439413e+26	6.506937e+25	3.151901e+21	6.506622e+25	3.483512e+25	3.846322e+13	3.483512e+25	1.301387e+26	7.25018e+13	1.301387e+26	3.877872e+25	3.143594e+14	3.877872e+25	1.242233e+26	7.413631e+20	1.242226e+26	2.245565e+23	1.431064e-09	0.002756715	1.770857e+10	2.440345e+10	7.64304e+11	3.640675e-06	2.833356e-11	3.408157e-17	0.501747	0.5	0.1587052	1	22.45513	2.792409	10569.8	1.117189e+26	1.827432e+28	5.151575e+27	6.741065e+25	3.118866e+27	1.203261e+27	5.325573e+26	2.294797e+26	0.2188657	0	0.0189433	0.03560219	0.03560219	0.001424136	0.02670164	0	0	-0.05235321	0	5.737317e-17	0	5.737317e-17	0	-513.808	0	-513.808	0	30960.31	77194.93	108.0401	8674.756	1.106061	1	0	0.452383	1	2	0	0	
5320	1760.328	3.45e+19	0	0	100000	1.9476839	1.140862e-05	1.546141e+26	4.975847e+25	1.233065e+25	3.742781e+25	6.290993e+25	4.19457e+25	1.123265e+25	3.614931e+24	8.958165e+23	2.719115e+24	4.570379e+24	3.047337e+24	0.2712929	1.123265e+26	3.614931e+25	8.958165e+24	2.719115e+25	4.483163e+25	2.988863e+25	1.4569e+24	0	0	0	0	0	0	0	0	0	0	0	0	0	0	1.447029e+26	4.829375e+16	1.447029e+26	6.541366e+25	3.171187e+21	6.541048e+25	3.501943e+25	3.874388e+13	3.501943e+25	1.308273e+26	7.303082e+13	1.308273e+26	3.89839e+25	3.166532e+14	3.89839e+25	1.248806e+26	7.467726e+20	1.248799e+26	2.244121e+23	1.431835e-09	0.002759395	1.758675e+10	2.475222e+10	7.719676e+11	3.653228e-06	2.852929e-11	3.443533e-17	0.5017375	0.5	0.1592494	1	22.57394	2.807184	10569.8	1.117189e+26	1.827432e+28	5.151575e+27	6.741065e+25	3.118866e+27	1.203261e+27	5.325573e+26	2.294797e+26	0.2188657	0	0.01896415	0.03560219	0.03560219	0.001424136	0.02670164	0	0	-0.0523161	0	5.753679e-17	0	5.753679e-17	0	-513.7663	0	-513.7663	0	30959.72	77194.93	108.6117	8674.59	1.106061	1	0	0.452383	1	2	0	0	
5348	1760.328	3.45e+19	0	0	100000	1.94772101	1.140862e-05	1.554279e+26	4.98151e+25	1.235219e+25	3.746291e+25	6.33656e+25	4.224716e+25	1.129177e+25	3.619046e+24	8.973811e+23	2.721665e+24	4.603484e+24	3.069238e+24	0.271812	1.129177e+26	3.619046e+25	8.973811e+24	2.721665e+25	4.515806e+25	3.010459e+25	1.464567e+24	0	0	0	0	0	0	0	0	0	0	0	0	0	0	1.454645e+26	4.892183e+16	1.454645e+26	6.575794e+25	3.190448e+21	6.575475e+25	3.520374e+25	3.902483e+13	3.520374e+25	1.315159e+26	7.35604e+13	1.315159e+26	3.918907e+25	3.189493e+14	3.918907e+25	1.255379e+26	7.521877e+20	1.255371e+26	2.242699e+23	1.432595e-09	0.002762038	1.746643e+10	2.510388e+10	7.796643e+11	3.665755e-06	2.872528e-11	3.479077e-17	0.5017281	0.5	0.1597925	1	22.69275	2.821958	10569.8	1.117189e+26	1.827432e+28	5.151575e+27	6.741065e+25	3.118866e+27	1.203261e+27	5.325573e+26	2.294797e+26	0.2188657	0	0.01898493	0.03560219	0.03560219	0.001424136	0.02670164	0	0	-0.05227899	0	5.770098e-17	0	5.770098e-17	0	-513.7246	0	-513.7246	0	30959.13	77194.93	109.1834	8674.425	1.106061	1	0	0.452383	1	2	0	0	
5376	1760.328	3.45e+19	0	0	100000	1.94775812	1.140862e-05	1.562416e+26	4.987096e+25	1.237344e+25	3.749752e+25	6.382173e+25	4.254892e+25	1.135089e+25	3.623104e+24	8.989253e+23	2.724179e+24	4.636621e+24	3.091161e+24	0.2723277	1.135089e+26	3.623104e+25	8.989253e+24	2.724179e+25	4.548482e+25	3.032077e+25	1.472235e+24	0	0	0	0	0	0	0	0	0	0	0	0	0	0	1.462261e+26	4.955614e+16	1.462261e+26	6.610222e+25	3.209679e+21	6.609901e+25	3.538806e+25	3.930606e+13	3.538806e+25	1.322044e+26	7.409051e+13	1.322044e+26	3.939425e+25	3.212478e+14	3.939425e+25	1.261951e+26	7.576083e+20	1.261944e+26	2.241299e+23	1.433344e-09	0.002764645	1.734759e+10	2.545845e+10	7.873942e+11	3.678255e-06	2.892152e-11	3.514791e-17	0.5017187	0.5	0.1603344	1	22.81156	2.836733	10569.8	1.117189e+26	1.827432e+28	5.151575e+27	6.741065e+25	3.118866e+27	1.203261e+27	5.325573e+26	2.294797e+26	0.2188657	0	0.01900564	0.03560219	0.03560219	0.001424136	0.02670164	0	0	-0.05224188	0	5.786573e-17	0	5.786573e-17	0	-513.6829	0	-513.6829	0	30958.55	77194.93	109.755	8674.26	1.106061	1	0	0.4523829	1	2	0	0	
5404	1760.328	3.45e+19	0	0	100000	1.94779523	1.140862e-05	1.570554e+26	4.992606e+25	1.239442e+25	3.753164e+25	6.427831e+25	4.2851e+25	1.141001e+25	3.627107e+24	9.004494e+23	2.726657e+24	4.669792e+24	3.113107e+24	0.2728401	1.141001e+26	3.627107e+25	9.004494e+24	2.726657e+25	4.581192e+25	3.053717e+25	1.479903e+24	0	0	0	0	0	0	0	0	0	0	0	0	0	0	1.469877e+26	5.019647e+16	1.469877e+26	6.64465e+25	3.228886e+21	6.644327e+25	3.557237e+25	3.958757e+13	3.557237e+25	1.32893e+26	7.462115e+13	1.32893e+26	3.959943e+25	3.235486e+14	3.959943e+25	1.268524e+26	7.630344e+20	1.268517e+26	2.239919e+23	1.434082e-09	0.002767215	1.72302e+10	2.581591e+10	7.951571e+11	3.69073e-06	2.911803e-11	3.550673e-17	0.5017095	0.5	0.1608752	1	22.93037	2.851508	10569.8	1.117189e+26	1.827432e+28	5.151575e+27	6.741065e+25	3.118866e+27	1.203261e+27	5.325573e+26	2.294797e+26	0.2188657	0	0.01902627	0.03560219	0.03560219	0.001424136	0.02670164	0	0	-0.05220477	0	5.803105e-17	0	5.803105e-17	0	-513.6412	0	-513.6412	0	30957.96	77194.93	110.3267	8674.094	1.106061	1	0	0.4523829	1	2	0	0	
5432	1760.328	3.45e+19	0	0	100000	1.94783234	1.140862e-05	1.578691e+26	4.99804e+25	1.241513e+25	3.756527e+25	6.473535e+25	4.315338e+25	1.146912e+25	3.631055e+24	9.019536e+23	2.729101e+24	4.702996e+24	3.135074e+24	0.2733491	1.146912e+26	3.631055e+25	9.019536e+24	2.729101e+25	4.613934e+25	3.075379e+25	1.487571e+24	0	0	0	0	0	0	0	0	0	0	0	0	0	0	1.477493e+26	5.084313e+16	1.477493e+26	6.679079e+25	3.248063e+21	6.678754e+25	3.575668e+25	3.986937e+13	3.575668e+25	1.335816e+26	7.515232e+13	1.335816e+26	3.980461e+25	3.258517e+14	3.980461e+25	1.275097e+26	7.684658e+20	1.275089e+26	2.23856e+23	1.43481e-09	0.002769749	1.711424e+10	2.617629e+10	8.02953e+11	3.703179e-06	2.931479e-11	3.586724e-17	0.5017003	0.5	0.1614149	1	23.04918	2.866282	10569.8	1.117189e+26	1.827432e+28	5.151575e+27	6.741065e+25	3.118866e+27	1.203261e+27	5.325573e+26	2.294797e+26	0.2188657	0	0.01904683	0.03560219	0.03560219	0.001424136	0.02670164	0	0	-0.05216766	0	5.819694e-17	0	5.819694e-17	0	-513.5994	0	-513.5994	0	30957.37	77194.93	110.8983	8673.929	1.106061	1	0	0.4523829	1	2	0	0	
5460	1760.328	3.45e+19	0	0	100000	1.94786945	1.140862e-05	1.586829e+26	5.0034e+25	1.243556e+25	3.759844e+25	6.519283e+25	4.345606e+25	1.152824e+25	3.634949e+24	9.034381e+23	2.731511e+24	4.736231e+24	3.157064e+24	0.2738547	1.152824e+26	3.634949e+25	9.034381e+24	2.731511e+25	4.646708e+25	3.097063e+25	1.495239e+24	0	0	0	0	0	0	0	0	0	0	0	0	0	0	1.485109e+26	5.149618e+16	1.485109e+26	6.713507e+25	3.26721e+21	6.71318e+25	3.5941e+25	4.015144e+13	3.5941e+25	1.342701e+26	7.568401e+13	1.342701e+26	4.000979e+25	3.28157e+14	4.000979e+25	1.281669e+26	7.739025e+20	1.281662e+26	2.237222e+23	1.435527e-09	0.002772248	1.699968e+10	2.653959e+10	8.107817e+11	3.715602e-06	2.951181e-11	3.622943e-17	0.5016913	0.5	0.1619535	1	23.16799	2.881057	10569.8	1.117189e+26	1.827432e+28	5.151575e+27	6.741065e+25	3.118866e+27	1.203261e+27	5.325573e+26	2.294797e+26	0.2188657	0	0.01906729	0.03560219	0.03560219	0.001424136	0.02670164	0	0	-0.05213055	0	5.836341e-17	0	5.836341e-17	0	-513.5576	0	-513.5576	0	30956.78	77194.93	111.47	8673.764	1.106061	1	0	0.4523829	1	2	0	0	
5488	1760.328	3.45e+19	0	0	100000	1.94790656	1.140862e-05	1.594966e+26	5.008687e+25	1.245573e+25	3.763114e+25	6.565075e+25	4.375903e+25	1.158736e+25	3.638789e+24	9.049032e+23	2.733886e+24	4.769499e+24	3.179075e+24	0.2743571	1.158736e+26	3.638789e+25	9.049032e+24	2.733886e+25	4.679514e+25	3.118769e+25	1.502907e+24	0	0	0	0	0	0	0	0	0	0	0	0	0	0	1.492725e+26	5.21554e+16	1.492725e+26	6.747935e+25	3.286331e+21	6.747606e+25	3.612531e+25	4.043378e+13	3.612531e+25	1.349587e+26	7.621621e+13	1.349587e+26	4.021497e+25	3.304645e+14	4.021497e+25	1.288242e+26	7.793444e+20	1.288234e+26	2.235905e+23	1.436234e-09	0.002774712	1.68865e+10	2.69058e+10	8.186434e+11	3.728e-06	2.970908e-11	3.65933e-17	0.5016823	0.5	0.162491	1	23.2868	2.895831	10569.8	1.117189e+26	1.827432e+28	5.151575e+27	6.741065e+25	3.118866e+27	1.203261e+27	5.325573e+26	2.294797e+26	0.2188657	0	0.01908767	0.03560219	0.03560219	0.001424136	0.02670164	0	0	-0.05209344	0	5.853045e-17	0	5.853045e-17	0	-513.5157	0	-513.5157	0	30956.19	77194.93	112.0416	8673.599	1.106061	1	0	0.4523829	1	2	0	0	
5516	1760.328	3.45e+19	0	0	100000	1.94794367	1.140862e-05	1.603104e+26	5.013901e+25	1.247563e+25	3.766338e+25	6.61091e+25	4.40623e+25	1.164648e+25	3.642578e+24	9.063491e+23	2.736228e+24	4.802798e+24	3.201107e+24	0.2748561	1.164648e+26	3.642578e+25	9.063491e+24	2.736228e+25	4.712352e+25	3.140496e+25	1.510575e+24	0	0	0	0	0	0	0	0	0	0	0	0	0	0	1.500341e+26	5.282112e+16	1.500341e+26	6.782363e+25	3.305422e+21	6.782033e+25	3.630962e+25	4.071638e+13	3.630962e+25	1.356473e+26	7.674891e+13	1.356473e+26	4.042014e+25	3.327743e+14	4.042014e+25	1.294815e+26	7.847915e+20	1.294807e+26	2.234607e+23	1.436932e-09	0.002777141	1.677467e+10	2.727494e+10	8.265378e+11	3.740373e-06	2.990661e-11	3.695885e-17	0.5016734	0.5	0.1630273	1	23.40561	2.910606	10569.8	1.117189e+26	1.827432e+28	5.151575e+27	6.741065e+25	3.118866e+27	1.203261e+27	5.325573e+26	2.294797e+26	0.2188657	0	0.01910794	0.03560219	0.03560219	0.001424136	0.02670164	0	0	-0.05205633	0	5.869808e-17	0	5.869808e-17	0	-513.4739	0	-513.4739	0	30955.6	77194.93	112.6133	8673.434	1.106061	1	0	0.4523828	1	2	0	0	
5544	1760.328	3.45e+19	0	0	100000	1.94798078	1.140862e-05	1.611242e+26	5.019044e+25	1.249527e+25	3.769517e+25	6.656788e+25	4.436585e+25	1.17056e+25	3.646314e+24	9.07776e+23	2.738538e+24	4.836128e+24	3.22316e+24	0.2753519	1.17056e+26	3.646314e+25	9.07776e+24	2.738538e+25	4.74522e+25	3.162244e+25	1.518243e+24	0	0	0	0	0	0	0	0	0	0	0	0	0	0	1.507957e+26	5.349325e+16	1.507957e+26	6.816792e+25	3.324484e+21	6.816459e+25	3.649393e+25	4.099925e+13	3.649393e+25	1.363358e+26	7.728211e+13	1.363358e+26	4.062532e+25	3.350861e+14	4.062532e+25	1.301387e+26	7.902437e+20	1.30138e+26	2.233328e+23	1.437619e-09	0.002779537	1.666417e+10	2.764701e+10	8.344649e+11	3.75272e-06	3.010438e-11	3.732608e-17	0.5016646	0.5	0.1635627	1	23.52442	2.925381	10569.8	1.117189e+26	1.827432e+28	5.151575e+27	6.741065e+25	3.118866e+27	1.203261e+27	5.325573e+26	2.294797e+26	0.2188657	0	0.01912812	0.03560219	0.03560219	0.001424136	0.02670164	0	0	-0.05201922	0	5.886628e-17	0	5.886628e-17	0	-513.432	0	-513.432	0	30955.01	77194.93	113.1849	8673.268	1.106061	1	0	0.4523829	1	2	0	0	
5572	1760.328	3.45e+19	0	0	100000	1.94801789	1.140862e-05	1.619379e+26	5.024116e+25	1.251465e+25	3.77265e+25	6.702707e+25	4.466969e+25	1.176472e+25	3.649999e+24	9.091842e+23	2.740814e+24	4.869488e+24	3.245234e+24	0.2758445	1.176472e+26	3.649999e+25	9.091842e+24	2.740814e+25	4.778119e+25	3.184012e+25	1.525911e+24	0	0	0	0	0	0	0	0	0	0	0	0	0	0	1.515573e+26	5.417185e+16	1.515573e+26	6.85122e+25	3.343517e+21	6.850885e+25	3.667825e+25	4.128239e+13	3.667825e+25	1.370244e+26	7.78158e+13	1.370244e+26	4.08305e+25	3.374001e+14	4.08305e+25	1.30796e+26	7.957009e+20	1.307952e+26	2.232069e+23	1.438296e-09	0.002781899	1.655499e+10	2.802201e+10	8.424247e+11	3.765042e-06	3.030241e-11	3.769498e-17	0.5016559	0.5	0.1640969	1	23.64323	2.940155	10569.8	1.117189e+26	1.827432e+28	5.151575e+27	6.741065e+25	3.118866e+27	1.203261e+27	5.325573e+26	2.294797e+26	0.2188657	0	0.01914819	0.03560219	0.03560219	0.001424136	0.02670164	0	0	-0.05198211	0	5.903506e-17	0	5.903506e-17	0	-513.3901	0	-513.3901	0	30954.42	77194.93	113.7566	8673.103	1.106061	1	0	0.4523828	1	2	0	0	
5600	1760.328	3.45e+19	0	0	100000	1.948055	1.140862e-05	1.627517e+26	5.029118e+25	1.253378e+25	3.77574e+25	6.748669e+25	4.497381e+25	1.182384e+25	3.653633e+24	9.105739e+23	2.743059e+24	4.902879e+24	3.267328e+24	0.2763339	1.182384e+26	3.653633e+25	9.105739e+24	2.743059e+25	4.811048e+25	3.205801e+25	1.533579e+24	0	0	0	0	0	0	0	0	0	0	0	0	0	0	1.523189e+26	5.485696e+16	1.523189e+26	6.885648e+25	3.362521e+21	6.885312e+25	3.686256e+25	4.156577e+13	3.686256e+25	1.37713e+26	7.834998e+13	1.37713e+26	4.103568e+25	3.397162e+14	4.103568e+25	1.314533e+26	8.011631e+20	1.314525e+26	2.230829e+23	1.438964e-09	0.002784228	1.644708e+10	2.839995e+10	8.50417e+11	3.77734e-06	3.050068e-11	3.806555e-17	0.5016473	0.5	0.16463	1	23.76204	2.95493	10569.8	1.117189e+26	1.827432e+28	5.151575e+27	6.741065e+25	3.118866e+27	1.203261e+27	5.325573e+26	2.294797e+26	0.2188657	0	0.01916816	0.03560219	0.03560219	0.001424136	0.02670164	0	0	-0.051945	0	5.920444e-17	0	5.920444e-17	0	-513.3482	0	-513.3482	0	30953.83	77194.93	114.3282	8672.938	1.106061	1	0	0.4523828	1	2	0	0	
5628	1760.328	3.45e+19	0	0	100000	1.948093	1.140862e-05	1.635654e+26	5.034052e+25	1.255266e+25	3.778786e+25	6.794671e+25	4.527821e+25	1.188296e+25	3.657217e+24	9.119452e+23	2.745272e+24	4.936299e+24	3.289443e+24	0.2768202	1.188296e+26	3.657217e+25	9.119452e+24	2.745272e+25	4.844007e+25	3.22761e+25	1.541246e+24	0	0	0	0	0	0	0	0	0	0	0	0	0	0	1.530805e+26	5.555638e+16	1.530805e+26	6.920076e+25	3.381399e+21	6.919738e+25	3.704687e+25	4.184942e+13	3.704687e+25	1.384015e+26	7.888463e+13	1.384015e+26	4.124086e+25	3.420344e+14	4.124086e+25	1.321105e+26	8.066302e+20	1.321097e+26	2.229607e+23	1.439623e-09	0.002786525	1.634045e+10	2.878084e+10	8.584419e+11	3.789613e-06	3.06992e-11	3.843779e-17	0.5016388	0.5	0.1651621	1	23.88085	2.969705	10569.8	1.117189e+26	1.827432e+28	5.151575e+27	6.741065e+25	3.118866e+27	1.203261e+27	5.325573e+26	2.294797e+26	0.2188657	0	0.01918801	0.03560219	0.03560219	0.001424136	0.02670164	0	0	-0.051907	0	5.937848e-17	0	5.937848e-17	0	-513.3052	0	-513.3052	0	30953.22	77194.93	114.8999	8672.769	1.106061	1	0	0.4523828	1	2	0	0	
5656	1760.328	3.45e+19	0	0	100000	1.948131	1.140862e-05	1.643792e+26	5.038918e+25	1.257129e+25	3.78179e+25	6.840713e+25	4.558288e+25	1.194208e+25	3.660753e+24	9.132985e+23	2.747454e+24	4.969749e+24	3.311577e+24	0.2773032	1.194208e+26	3.660753e+25	9.132985e+24	2.747454e+25	4.876995e+25	3.249439e+25	1.548915e+24	0	0	0	0	0	0	0	0	0	0	0	0	0	0	1.538421e+26	5.626278e+16	1.538421e+26	6.954504e+25	3.400244e+21	6.954164e+25	3.723119e+25	4.213331e+13	3.723119e+25	1.390901e+26	7.941976e+13	1.390901e+26	4.144604e+25	3.443546e+14	4.144604e+25	1.327678e+26	8.121021e+20	1.32767e+26	2.228404e+23	1.440272e-09	0.00278879	1.623506e+10	2.916467e+10	8.664992e+11	3.801861e-06	3.089797e-11	3.88117e-17	0.5016303	0.5	0.1656931	1	23.99966	2.984479	10569.8	1.117189e+26	1.827432e+28	5.151575e+27	6.741065e+25	3.118866e+27	1.203261e+27	5.325573e+26	2.294797e+26	0.2188657	0	0.01920774	0.03560219	0.03560219	0.001424136	0.02670164	0	0	-0.051869	0	5.955314e-17	0	5.955314e-17	0	-513.2622	0	-513.2622	0	30952.62	77194.93	115.4715	8672.599	1.106061	1	0	0.4523828	1	2	0	0	
5684	1760.328	3.45e+19	0	0	100000	1.948169	1.140862e-05	1.65193e+26	5.043717e+25	1.258967e+25	3.784751e+25	6.886796e+25	4.588782e+25	1.20012e+25	3.664239e+24	9.14634e+23	2.749605e+24	5.003228e+24	3.333731e+24	0.2777832	1.20012e+26	3.664239e+25	9.14634e+24	2.749605e+25	4.910013e+25	3.271288e+25	1.556582e+24	0	0	0	0	0	0	0	0	0	0	0	0	0	0	1.546037e+26	5.697591e+16	1.546037e+26	6.988933e+25	3.419059e+21	6.988591e+25	3.74155e+25	4.241745e+13	3.74155e+25	1.397787e+26	7.995535e+13	1.397787e+26	4.165122e+25	3.466769e+14	4.165122e+25	1.334251e+26	8.175787e+20	1.334243e+26	2.227218e+23	1.440912e-09	0.002791023	1.613089e+10	2.955145e+10	8.745889e+11	3.814085e-06	3.109698e-11	3.918727e-17	0.501622	0.5	0.1662231	1	24.11847	2.999254	10569.8	1.117189e+26	1.827432e+28	5.151575e+27	6.741065e+25	3.118866e+27	1.203261e+27	5.325573e+26	2.294797e+26	0.2188657	0	0.01922734	0.03560219	0.03560219	0.001424136	0.02670164	0	0	-0.051831	0	5.972843e-17	0	5.972843e-17	0	-513.2192	0	-513.2192	0	30952.02	77194.93	116.0432	8672.43	1.106061	1	0	0.4523828	1	2	0	0	
5712	1760.328	3.45e+19	0	0	100000	1.948207	1.140862e-05	1.660067e+26	5.048451e+25	1.260781e+25	3.78767e+25	6.932918e+25	4.619303e+25	1.206032e+25	3.667678e+24	9.159518e+23	2.751726e+24	5.036735e+24	3.355904e+24	0.27826	1.206032e+26	3.667678e+25	9.159518e+24	2.751726e+25	4.943059e+25	3.293155e+25	1.56425e+24	0	0	0	0	0	0	0	0	0	0	0	0	0	0	1.553653e+26	5.769614e+16	1.553653e+26	7.023361e+25	3.437842e+21	7.023017e+25	3.759981e+25	4.270183e+13	3.759981e+25	1.404672e+26	8.04914e+13	1.404672e+26	4.185639e+25	3.490011e+14	4.185639e+25	1.340823e+26	8.2306e+20	1.340815e+26	2.226051e+23	1.441542e-09	0.002793225	1.602793e+10	2.994119e+10	8.827109e+11	3.826285e-06	3.129623e-11	3.95645e-17	0.5016137	0.5	0.166752	1	24.23728	3.014029	10569.8	1.117189e+26	1.827432e+28	5.151575e+27	6.741065e+25	3.118866e+27	1.203261e+27	5.325573e+26	2.294797e+26	0.2188657	0	0.01924683	0.03560219	0.03560219	0.001424136	0.02670164	0	0	-0.051793	0	5.990434e-17	0	5.990434e-17	0	-513.1762	0	-513.1762	0	30951.41	77194.93	116.6148	8672.261	1.106061	1	0	0.4523827	1	2	0	0	
5740	1760.328	3.45e+19	0	0	100000	1.948245	1.140862e-05	1.668205e+26	5.053119e+25	1.262571e+25	3.790548e+25	6.979078e+25	4.64985e+25	1.211944e+25	3.671069e+24	9.172521e+23	2.753817e+24	5.070271e+24	3.378096e+24	0.2787338	1.211944e+26	3.671069e+25	9.172521e+24	2.753817e+25	4.976133e+25	3.315042e+25	1.571918e+24	0	0	0	0	0	0	0	0	0	0	0	0	0	0	1.561269e+26	5.842352e+16	1.561269e+26	7.057789e+25	3.456591e+21	7.057444e+25	3.778412e+25	4.298646e+13	3.778412e+25	1.411558e+26	8.10279e+13	1.411558e+26	4.206157e+25	3.513273e+14	4.206157e+25	1.347396e+26	8.28546e+20	1.347388e+26	2.224901e+23	1.442164e-09	0.002795396	1.592615e+10	3.03339e+10	8.908652e+11	3.83846e-06	3.149572e-11	3.99434e-17	0.5016055	0.5	0.1672799	1	24.35609	3.028803	10569.8	1.117189e+26	1.827432e+28	5.151575e+27	6.741065e+25	3.118866e+27	1.203261e+27	5.325573e+26	2.294797e+26	0.2188657	0	0.01926618	0.03560219	0.03560219	0.001424136	0.02670164	0	0	-0.051755	0	6.008088e-17	0	6.008088e-17	0	-513.1331	0	-513.1331	0	30950.81	77194.93	117.1865	8672.092	1.106061	1	0	0.4523827	1	2	0	0	
5768	1760.328	3.45e+19	0	0	100000	1.948283	1.140862e-05	1.676342e+26	5.057722e+25	1.264337e+25	3.793385e+25	7.025277e+25	4.680424e+25	1.217856e+25	3.674414e+24	9.185353e+23	2.755878e+24	5.103834e+24	3.400308e+24	0.2792045	1.217856e+26	3.674414e+25	9.185353e+24	2.755878e+25	5.009235e+25	3.336948e+25	1.579586e+24	0	0	0	0	0	0	0	0	0	0	0	0	0	0	1.568884e+26	5.91578e+16	1.568884e+26	7.092217e+25	3.47531e+21	7.09187e+25	3.796844e+25	4.327132e+13	3.796844e+25	1.418443e+26	8.156485e+13	1.418443e+26	4.226675e+25	3.536554e+14	4.226675e+25	1.353969e+26	8.340366e+20	1.35396e+26	2.223768e+23	1.442777e-09	0.002797537	1.582553e+10	3.072956e+10	8.990516e+11	3.850612e-06	3.169545e-11	4.032396e-17	0.5015973	0.5	0.1678068	1	24.4749	3.043578	10569.8	1.117189e+26	1.827432e+28	5.151575e+27	6.741065e+25	3.118866e+27	1.203261e+27	5.325573e+26	2.294797e+26	0.2188657	0	0.01928539	0.03560219	0.03560219	0.001424136	0.02670164	0	0	-0.051717	0	6.025804e-17	0	6.025804e-17	0	-513.09	0	-513.09	0	30950.2	77194.93	117.7581	8671.923	1.106061	1	0	0.4523828	1	2	0	0	
5796	1760.328	3.45e+19	0	0	100000	1.948321	1.140862e-05	1.68448e+26	5.062263e+25	1.26608e+25	3.796183e+25	7.071514e+25	4.711022e+25	1.223767e+25	3.677712e+24	9.198014e+23	2.757911e+24	5.137425e+24	3.422538e+24	0.2796722	1.223767e+26	3.677712e+25	9.198014e+24	2.757911e+25	5.042364e+25	3.358873e+25	1.587254e+24	0	0	0	0	0	0	0	0	0	0	0	0	0	0	1.5765e+26	5.989937e+16	1.5765e+26	7.126646e+25	3.493995e+21	7.126296e+25	3.815275e+25	4.355642e+13	3.815275e+25	1.425329e+26	8.210224e+13	1.425329e+26	4.247193e+25	3.559855e+14	4.247193e+25	1.360541e+26	8.395316e+20	1.360533e+26	2.222652e+23	1.443381e-09	0.002799648	1.572606e+10	3.11282e+10	9.072702e+11	3.86274e-06	3.189542e-11	4.070617e-17	0.5015893	0.5	0.1683326	1	24.59371	3.058353	10569.8	1.117189e+26	1.827432e+28	5.151575e+27	6.741065e+25	3.118866e+27	1.203261e+27	5.325573e+26	2.294797e+26	0.2188657	0	0.01930447	0.03560219	0.03560219	0.001424136	0.02670164	0	0	-0.051679	0	6.043584e-17	0	6.043584e-17	0	-513.0469	0	-513.0469	0	30949.6	77194.93	118.3298	8671.754	1.106061	1	0	0.4523827	1	2	0	0	
5824	1760.328	3.45e+19	0	0	100000	1.948359	1.140862e-05	1.692617e+26	5.06674e+25	1.267799e+25	3.798941e+25	7.117788e+25	4.741646e+25	1.229679e+25	3.680965e+24	9.210508e+23	2.759914e+24	5.171043e+24	3.444786e+24	0.2801369	1.229679e+26	3.680965e+25	9.210508e+24	2.759914e+25	5.075521e+25	3.380816e+25	1.594921e+24	0	0	0	0	0	0	0	0	0	0	0	0	0	0	1.584116e+26	6.064827e+16	1.584116e+26	7.161074e+25	3.512646e+21	7.160723e+25	3.833706e+25	4.384174e+13	3.833706e+25	1.432215e+26	8.264007e+13	1.432215e+26	4.267711e+25	3.583174e+14	4.267711e+25	1.367114e+26	8.450312e+20	1.367106e+26	2.221553e+23	1.443977e-09	0.002801729	1.562772e+10	3.152981e+10	9.155209e+11	3.874844e-06	3.209562e-11	4.109003e-17	0.5015813	0.5	0.1688574	1	24.71252	3.073127	10569.8	1.117189e+26	1.827432e+28	5.151575e+27	6.741065e+25	3.118866e+27	1.203261e+27	5.325573e+26	2.294797e+26	0.2188657	0	0.01932341	0.03560219	0.03560219	0.001424136	0.02670164	0	0	-0.051641	0	6.061428e-17	0	6.061428e-17	0	-513.0037	0	-513.0037	0	30949	77194.93	118.9014	8671.585	1.106061	1	0	0.4523827	1	2	0	0	
5852	1760.328	3.45e+19	0	0	100000	1.948397	1.140862e-05	1.700755e+26	5.071156e+25	1.269496e+25	3.80166e+25	7.164099e+25	4.772295e+25	1.235591e+25	3.684173e+24	9.222835e+23	2.76189e+24	5.204687e+24	3.467052e+24	0.2805986	1.235591e+26	3.684173e+25	9.222835e+24	2.76189e+25	5.108704e+25	3.402777e+25	1.602589e+24	0	0	0	0	0	0	0	0	0	0	0	0	0	0	1.591732e+26	6.140427e+16	1.591732e+26	7.195502e+25	3.531266e+21	7.195149e+25	3.852138e+25	4.41273e+13	3.852138e+25	1.4391e+26	8.317833e+13	1.4391e+26	4.288229e+25	3.606512e+14	4.288229e+25	1.373687e+26	8.505351e+20	1.373678e+26	2.22047e+23	1.444564e-09	0.002803782	1.553048e+10	3.19344e+10	9.238035e+11	3.886924e-06	3.229607e-11	4.147555e-17	0.5015734	0.5	0.1693812	1	24.83133	3.087902	10569.8	1.117189e+26	1.827432e+28	5.151575e+27	6.741065e+25	3.118866e+27	1.203261e+27	5.325573e+26	2.294797e+26	0.2188657	0	0.0193422	0.03560219	0.03560219	0.001424136	0.02670164	0	0	-0.051603	0	6.079336e-17	0	6.079336e-17	0	-512.9606	0	-512.9606	0	30948.39	77194.93	119.4731	8671.416	1.106061	1	0	0.4523827	1	2	0	0	
5880	1760.328	3.45e+19	0	0	100000	1.948435	1.140862e-05	1.708893e+26	5.075511e+25	1.27117e+25	3.804341e+25	7.210446e+25	4.802969e+25	1.241503e+25	3.687337e+24	9.234999e+23	2.763837e+24	5.238358e+24	3.489337e+24	0.2810574	1.241503e+26	3.687337e+25	9.234999e+24	2.763837e+25	5.141913e+25	3.424756e+25	1.610257e+24	0	0	0	0	0	0	0	0	0	0	0	0	0	0	1.599348e+26	6.216774e+16	1.599348e+26	7.22993e+25	3.549851e+21	7.229575e+25	3.870569e+25	4.441308e+13	3.870569e+25	1.445986e+26	8.371701e+13	1.445986e+26	4.308746e+25	3.629869e+14	4.308746e+25	1.380259e+26	8.560433e+20	1.380251e+26	2.219403e+23	1.445143e-09	0.002805805	1.543433e+10	3.234198e+10	9.321181e+11	3.898982e-06	3.249674e-11	4.186272e-17	0.5015656	0.5	0.1699039	1	24.95014	3.102677	10569.8	1.117189e+26	1.827432e+28	5.151575e+27	6.741065e+25	3.118866e+27	1.203261e+27	5.325573e+26	2.294797e+26	0.2188657	0	0.01936084	0.03560219	0.03560219	0.001424136	0.02670164	0	0	-0.051565	0	6.097307e-17	0	6.097307e-17	0	-512.9174	0	-512.9174	0	30947.79	77194.93	120.0447	8671.246	1.106061	1	0	0.4523827	1	2	0	0	
5908	1760.328	3.45e+19	0	0	100000	1.948473	1.140862e-05	1.71703e+26	5.079806e+25	1.272822e+25	3.806984e+25	7.256829e+25	4.833667e+25	1.247415e+25	3.690457e+24	9.247e+23	2.765757e+24	5.272055e+24	3.511639e+24	0.2815132	1.247415e+26	3.690457e+25	9.247e+24	2.765757e+25	5.175149e+25	3.446752e+25	1.617925e+24	0	0	0	0	0	0	0	0	0	0	0	0	0	0	1.606964e+26	6.293875e+16	1.606964e+26	7.264359e+25	3.568401e+21	7.264002e+25	3.889e+25	4.469908e+13	3.889e+25	1.452872e+26	8.425611e+13	1.452872e+26	4.329264e+25	3.653243e+14	4.329264e+25	1.386832e+26	8.615558e+20	1.386823e+26	2.218352e+23	1.445714e-09	0.002807801	1.533926e+10	3.275254e+10	9.404646e+11	3.911016e-06	3.269765e-11	4.225154e-17	0.5015578	0.5	0.1704257	1	25.06895	3.117451	10569.8	1.117189e+26	1.827432e+28	5.151575e+27	6.741065e+25	3.118866e+27	1.203261e+27	5.325573e+26	2.294797e+26	0.2188657	0	0.01937933	0.03560219	0.03560219	0.001424136	0.02670164	0	0	-0.051527	0	6.115343e-17	0	6.115343e-17	0	-512.8741	0	-512.8741	0	30947.19	77194.93	120.6164	8671.077	1.106061	1	0	0.4523827	1	2	0	0	
5936	1760.328	3.45e+19	0	0	100000	1.948511	1.140862e-05	1.725168e+26	5.084041e+25	1.274452e+25	3.809589e+25	7.303247e+25	4.864389e+25	1.253327e+25	3.693534e+24	9.258842e+23	2.76765e+24	5.305778e+24	3.533958e+24	0.2819661	1.253327e+26	3.693534e+25	9.258842e+24	2.76765e+25	5.20841e+25	3.468766e+25	1.625593e+24	0	0	0	0	0	0	0	0	0	0	0	0	0	0	1.61458e+26	6.37172e+16	1.61458e+26	7.298787e+25	3.586918e+21	7.298428e+25	3.907431e+25	4.49853e+13	3.907431e+25	1.459757e+26	8.479562e+13	1.459757e+26	4.349782e+25	3.676636e+14	4.349782e+25	1.393405e+26	8.670725e+20	1.393396e+26	2.217317e+23	1.446277e-09	0.002809768	1.524525e+10	3.316609e+10	9.488428e+11	3.923026e-06	3.289879e-11	4.2642e-17	0.5015501	0.5	0.1709464	1	25.18776	3.132226	10569.8	1.117189e+26	1.827432e+28	5.151575e+27	6.741065e+25	3.118866e+27	1.203261e+27	5.325573e+26	2.294797e+26	0.2188657	0	0.01939767	0.03560219	0.03560219	0.001424136	0.02670164	0	0	-0.051489	0	6.133444e-17	0	6.133444e-17	0	-512.8309	0	-512.8309	0	30946.58	77194.93	121.188	8670.908	1.106061	1	0	0.4523827	1	2	0	0	
5964	1760.328	3.45e+19	0	0	100000	1.948549	1.140862e-05	1.733305e+26	5.088218e+25	1.276061e+25	3.812158e+25	7.349701e+25	4.895135e+25	1.259239e+25	3.696569e+24	9.270525e+23	2.769516e+24	5.339526e+24	3.556295e+24	0.2824162	1.259239e+26	3.696569e+25	9.270525e+24	2.769516e+25	5.241697e+25	3.490798e+25	1.633261e+24	0	0	0	0	0	0	0	0	0	0	0	0	0	0	1.622196e+26	6.450315e+16	1.622196e+26	7.333215e+25	3.605401e+21	7.332855e+25	3.925863e+25	4.527173e+13	3.925863e+25	1.466643e+26	8.533554e+13	1.466643e+26	4.3703e+25	3.700046e+14	4.3703e+25	1.399977e+26	8.725935e+20	1.399969e+26	2.216297e+23	1.446831e-09	0.002811708	1.515227e+10	3.358263e+10	9.572528e+11	3.935014e-06	3.310016e-11	4.303411e-17	0.5015425	0.5	0.1714662	1	25.30657	3.147001	10569.8	1.117189e+26	1.827432e+28	5.151575e+27	6.741065e+25	3.118866e+27	1.203261e+27	5.325573e+26	2.294797e+26	0.2188657	0	0.01941585	0.03560219	0.03560219	0.001424136	0.02670164	0	0	-0.051451	0	6.151609e-17	0	6.151609e-17	0	-512.7876	0	-512.7876	0	30945.98	77194.93	121.7597	8670.739	1.106061	1	0	0.4523826	1	2	0	0	
5992	1760.328	3.45e+19	0	0	100000	1.948587	1.140862e-05	1.741443e+26	5.092338e+25	1.277647e+25	3.81469e+25	7.396188e+25	4.925904e+25	1.265151e+25	3.699561e+24	9.282053e+23	2.771356e+24	5.373299e+24	3.578648e+24	0.2828634	1.265151e+26	3.699561e+25	9.282053e+24	2.771356e+25	5.275009e+25	3.512846e+25	1.640929e+24	0	0	0	0	0	0	0	0	0	0	0	0	0	0	1.629812e+26	6.529668e+16	1.629812e+26	7.367643e+25	3.623851e+21	7.367281e+25	3.944294e+25	4.555838e+13	3.944294e+25	1.473529e+26	8.587585e+13	1.473529e+26	4.390818e+25	3.723473e+14	4.390818e+25	1.40655e+26	8.781184e+20	1.406541e+26	2.215293e+23	1.447378e-09	0.002813621	1.506032e+10	3.400218e+10	9.656945e+11	3.946979e-06	3.330175e-11	4.342786e-17	0.501535	0.5	0.171985	1	25.42538	3.161775	10569.8	1.117189e+26	1.827432e+28	5.151575e+27	6.741065e+25	3.118866e+27	1.203261e+27	5.325573e+26	2.294797e+26	0.2188657	0	0.01943386	0.03560219	0.03560219	0.001424136	0.02670164	0	0	-0.051413	0	6.16984e-17	0	6.16984e-17	0	-512.7443	0	-512.7443	0	30945.38	77194.93	122.3313	8670.57	1.106061	1	0	0.4523826	1	2	0	0	
6020	1760.328	3.45e+19	0	0	100000	1.948625	1.140862e-05	1.749581e+26	5.0964e+25	1.279213e+25	3.817187e+25	7.44271e+25	4.956696e+25	1.271063e+25	3.702513e+24	9.293427e+23	2.77317e+24	5.407097e+24	3.601019e+24	0.2833077	1.271063e+26	3.702513e+25	9.293427e+24	2.77317e+25	5.308345e+25	3.534911e+25	1.648597e+24	0	0	0	0	0	0	0	0	0	0	0	0	0	0	1.637428e+26	6.609801e+16	1.637428e+26	7.402072e+25	3.642265e+21	7.401707e+25	3.962725e+25	4.584524e+13	3.962725e+25	1.480414e+26	8.641657e+13	1.480414e+26	4.411336e+25	3.746917e+14	4.411336e+25	1.413123e+26	8.836474e+20	1.413114e+26	2.214303e+23	1.447917e-09	0.002815507	1.496937e+10	3.442473e+10	9.741679e+11	3.958921e-06	3.350358e-11	4.382325e-17	0.5015275	0.5	0.1725028	1	25.54419	3.17655	10569.8	1.117189e+26	1.827432e+28	5.151575e+27	6.741065e+25	3.118866e+27	1.203261e+27	5.325573e+26	2.294797e+26	0.2188657	0	0.01945171	0.03560219	0.03560219	0.001424136	0.02670164	0	0	-0.051375	0	6.188136e-17	0	6.188136e-17	0	-512.701	0	-512.701	0	30944.77	77194.93	122.903	8670.401	1.106061	1	0	0.4523826	1	2	0	0	
6048	1760.328	3.45e+19	0	0	100000	1.948663	1.140862e-05	1.757718e+26	5.100406e+25	1.280757e+25	3.819648e+25	7.489265e+25	4.987511e+25	1.276975e+25	3.705423e+24	9.304648e+23	2.774958e+24	5.440919e+24	3.623405e+24	0.2837492	1.276975e+26	3.705423e+25	9.304648e+24	2.774958e+25	5.341706e+25	3.556992e+25	1.656265e+24	0	0	0	0	0	0	0	0	0	0	0	0	0	0	1.645044e+26	6.690703e+16	1.645044e+26	7.4365e+25	3.660644e+21	7.436134e+25	3.981156e+25	4.613231e+13	3.981156e+25	1.4873e+26	8.695768e+13	1.4873e+26	4.431853e+25	3.770379e+14	4.431853e+25	1.419695e+26	8.891805e+20	1.419687e+26	2.213328e+23	1.448448e-09	0.002817367	1.487942e+10	3.485028e+10	9.826728e+11	3.970841e-06	3.370563e-11	4.422027e-17	0.5015201	0.5	0.1730196	1	25.663	3.191324	10569.8	1.117189e+26	1.827432e+28	5.151575e+27	6.741065e+25	3.118866e+27	1.203261e+27	5.325573e+26	2.294797e+26	0.2188657	0	0.01946939	0.03560219	0.03560219	0.001424136	0.02670164	0	0	-0.051337	0	6.206498e-17	0	6.206498e-17	0	-512.6576	0	-512.6576	0	30944.17	77194.93	123.4746	8670.232	1.106061	1	0	0.4523826	1	2	0	0	
6076	1760.328	3.45e+19	0	0	100000	1.948701	1.140862e-05	1.765856e+26	5.104356e+25	1.282281e+25	3.822075e+25	7.535853e+25	5.018348e+25	1.282887e+25	3.708293e+24	9.315719e+23	2.776721e+24	5.474765e+24	3.645809e+24	0.2841879	1.282887e+26	3.708293e+25	9.315719e+24	2.776721e+25	5.37509e+25	3.57909e+25	1.663933e+24	0	0	0	0	0	0	0	0	0	0	0	0	0	0	1.65266e+26	6.772401e+16	1.65266e+26	7.470928e+25	3.678987e+21	7.47056e+25	3.999588e+25	4.641958e+13	3.999588e+25	1.494186e+26	8.749917e+13	1.494186e+26	4.452371e+25	3.793857e+14	4.452371e+25	1.426268e+26	8.947175e+20	1.426259e+26	2.212367e+23	1.448972e-09	0.002819201	1.479044e+10	3.527885e+10	9.912091e+11	3.982738e-06	3.39079e-11	4.461893e-17	0.5015128	0.5	0.1735355	1	25.78181	3.206099	10569.8	1.117189e+26	1.827432e+28	5.151575e+27	6.741065e+25	3.118866e+27	1.203261e+27	5.325573e+26	2.294797e+26	0.2188657	0	0.01948689	0.03560219	0.03560219	0.001424136	0.02670164	0	0	-0.051299	0	6.224927e-17	0	6.224927e-17	0	-512.6142	0	-512.6142	0	30943.57	77194.93	124.0463	8670.063	1.106061	1	0	0.4523826	1	2	0	0	
6104	1760.328	3.45e+19	0	0	100000	1.948739	1.140862e-05	1.773993e+26	5.108252e+25	1.283785e+25	3.824467e+25	7.582474e+25	5.049208e+25	1.288799e+25	3.711123e+24	9.326642e+23	2.778459e+24	5.508635e+24	3.668228e+24	0.2846238	1.288799e+26	3.711123e+25	9.326642e+24	2.778459e+25	5.408499e+25	3.601204e+25	1.671601e+24	0	0	0	0	0	0	0	0	0	0	0	0	0	0	1.660276e+26	6.854863e+16	1.660276e+26	7.505356e+25	3.697298e+21	7.504987e+25	4.018019e+25	4.670705e+13	4.018019e+25	1.501071e+26	8.804104e+13	1.501071e+26	4.472889e+25	3.817352e+14	4.472889e+25	1.432841e+26	9.002584e+20	1.432832e+26	2.211421e+23	1.449489e-09	0.002821009	1.470242e+10	3.571043e+10	9.99777e+11	3.994613e-06	3.41104e-11	4.501923e-17	0.5015055	0.5	0.1740504	1	25.90062	3.220874	10569.8	1.117189e+26	1.827432e+28	5.151575e+27	6.741065e+25	3.118866e+27	1.203261e+27	5.325573e+26	2.294797e+26	0.2188657	0	0.01950423	0.03560219	0.03560219	0.001424136	0.02670164	0	0	-0.051261	0	6.243421e-17	0	6.243421e-17	0	-512.5708	0	-512.5708	0	30942.96	77194.93	124.6179	8669.894	1.106061	1	0	0.4523826	1	2	0	0	
6132	1760.328	3.45e+19	0	0	100000	1.948777	1.140862e-05	1.782131e+26	5.112093e+25	1.285268e+25	3.826825e+25	7.629126e+25	5.080089e+25	1.29471e+25	3.713914e+24	9.337418e+23	2.780172e+24	5.542528e+24	3.690663e+24	0.285057	1.29471e+26	3.713914e+25	9.337418e+24	2.780172e+25	5.44193e+25	3.623334e+25	1.679268e+24	0	0	0	0	0	0	0	0	0	0	0	0	0	0	1.667892e+26	6.938152e+16	1.667892e+26	7.539785e+25	3.71557e+21	7.539413e+25	4.03645e+25	4.699472e+13	4.03645e+25	1.507957e+26	8.858329e+13	1.507957e+26	4.493407e+25	3.840863e+14	4.493407e+25	1.439413e+26	9.058031e+20	1.439404e+26	2.210489e+23	1.449998e-09	0.002822791	1.461535e+10	3.614503e+10	1.008376e+12	4.006466e-06	3.431313e-11	4.542116e-17	0.5014983	0.5	0.1745643	1	26.01943	3.235648	10569.8	1.117189e+26	1.827432e+28	5.151575e+27	6.741065e+25	3.118866e+27	1.203261e+27	5.325573e+26	2.294797e+26	0.2188657	0	0.01952139	0.03560219	0.03560219	0.001424136	0.02670164	0	0	-0.051223	0	6.261982e-17	0	6.261982e-17	0	-512.5273	0	-512.5273	0	30942.36	77194.93	125.1896	8669.725	1.106061	1	0	0.4523826	1	2	0	0	
6160	1760.328	3.45e+19	0	0	100000	1.948815	1.140862e-05	1.790268e+26	5.115882e+25	1.286731e+25	3.82915e+25	7.675811e+25	5.110992e+25	1.300622e+25	3.716666e+24	9.348049e+23	2.781861e+24	5.576444e+24	3.713114e+24	0.2854875	1.300622e+26	3.716666e+25	9.348049e+24	2.781861e+25	5.475385e+25	3.645479e+25	1.686936e+24	0	0	0	0	0	0	0	0	0	0	0	0	0	0	1.675508e+26	7.02222e+16	1.675508e+26	7.574213e+25	3.733809e+21	7.573839e+25	4.054882e+25	4.728259e+13	4.054882e+25	1.514843e+26	8.912591e+13	1.514843e+26	4.513925e+25	3.864391e+14	4.513925e+25	1.445986e+26	9.113517e+20	1.445977e+26	2.20957e+23	1.4505e-09	0.002824549	1.452921e+10	3.658265e+10	1.017007e+12	4.018296e-06	3.451607e-11	4.582471e-17	0.5014912	0.5	0.1750772	1	26.13824	3.250423	10569.8	1.117189e+26	1.827432e+28	5.151575e+27	6.741065e+25	3.118866e+27	1.203261e+27	5.325573e+26	2.294797e+26	0.2188657	0	0.01953836	0.03560219	0.03560219	0.001424136	0.02670164	0	0	-0.051185	0	6.28061e-17	0	6.28061e-17	0	-512.4839	0	-512.4839	0	30941.76	77194.93	125.7612	8669.556	1.106061	1	0	0.4523826	1	2	0	0	
6188	1760.328	3.45e+19	0	0	100000	1.948853	1.140862e-05	1.798406e+26	5.119617e+25	1.288175e+25	3.831442e+25	7.722527e+25	5.141916e+25	1.306534e+25	3.71938e+24	9.358538e+23	2.783526e+24	5.610383e+24	3.73558e+24	0.2859152	1.306534e+26	3.71938e+25	9.358538e+24	2.783526e+25	5.508862e+25	3.66764e+25	1.694604e+24	0	0	0	0	0	0	0	0	0	0	0	0	0	0	1.683124e+26	7.107112e+16	1.683124e+26	7.608641e+25	3.752011e+21	7.608266e+25	4.073313e+25	4.757065e+13	4.073313e+25	1.521728e+26	8.96689e+13	1.521728e+26	4.534443e+25	3.887933e+14	4.534443e+25	1.452559e+26	9.169038e+20	1.45255e+26	2.208665e+23	1.450994e-09	0.002826282	1.444399e+10	3.70233e+10	1.025668e+12	4.030105e-06	3.471923e-11	4.622989e-17	0.5014841	0.5	0.1755893	1	26.25705	3.265198	10569.8	1.117189e+26	1.827432e+28	5.151575e+27	6.741065e+25	3.118866e+27	1.203261e+27	5.325573e+26	2.294797e+26	0.2188657	0	0.01955516	0.03560219	0.03560219	0.001424136	0.02670164	0	0	-0.051147	0	6.299306e-17	0	6.299306e-17	0	-512.4404	0	-512.4404	0	30941.15	77194.93	126.3329	8669.387	1.106061	1	0	0.4523826	1	2	0	0	
6216	1760.328	3.45e+19	0	0	100000	1.948891	1.140862e-05	1.806544e+26	5.123301e+25	1.289599e+25	3.833702e+25	7.769274e+25	5.172862e+25	1.312446e+25	3.722056e+24	9.368885e+23	2.785168e+24	5.644344e+24	3.758062e+24	0.2863403	1.312446e+26	3.722056e+25	9.368885e+24	2.785168e+25	5.542362e+25	3.689816e+25	1.702272e+24	0	0	0	0	0	0	0	0	0	0	0	0	0	0	1.69074e+26	7.192833e+16	1.69074e+26	7.643069e+25	3.770175e+21	7.642692e+25	4.091744e+25	4.785891e+13	4.091744e+25	1.528614e+26	9.021224e+13	1.528614e+26	4.55496e+25	3.911492e+14	4.55496e+25	1.459131e+26	9.224598e+20	1.459122e+26	2.207774e+23	1.451482e-09	0.002827991	1.435967e+10	3.746697e+10	1.034361e+12	4.041891e-06	3.492261e-11	4.66367e-17	0.5014771	0.5	0.1761003	1	26.37586	3.279972	10569.8	1.117189e+26	1.827432e+28	5.151575e+27	6.741065e+25	3.118866e+27	1.203261e+27	5.325573e+26	2.294797e+26	0.2188657	0	0.01957177	0.03560219	0.03560219	0.001424136	0.02670164	0	0	-0.051109	0	6.318069e-17	0	6.318069e-17	0	-512.3968	0	-512.3968	0	30940.55	77194.93	126.9045	8669.218	1.106061	1	0	0.4523826	1	2	0	0	
6244	1760.328	3.45e+19	0	0	100000	1.948929	1.140862e-05	1.814681e+26	5.126934e+25	1.291005e+25	3.835929e+25	7.816051e+25	5.203828e+25	1.318358e+25	3.724696e+24	9.379093e+23	2.786786e+24	5.678328e+24	3.780559e+24	0.2867626	1.318358e+26	3.724696e+25	9.379093e+24	2.786786e+25	5.575885e+25	3.712007e+25	1.70994e+24	0	0	0	0	0	0	0	0	0	0	0	0	0	0	1.698356e+26	7.279353e+16	1.698356e+26	7.677498e+25	3.788306e+21	7.677119e+25	4.110175e+25	4.814735e+13	4.110175e+25	1.5355e+26	9.075594e+13	1.5355e+26	4.575478e+25	3.935066e+14	4.575478e+25	1.465704e+26	9.280194e+20	1.465695e+26	2.206895e+23	1.451963e-09	0.002829676	1.427624e+10	3.791368e+10	1.043086e+12	4.053656e-06	3.512621e-11	4.704513e-17	0.5014701	0.5	0.1766105	1	26.49467	3.294747	10569.8	1.117189e+26	1.827432e+28	5.151575e+27	6.741065e+25	3.118866e+27	1.203261e+27	5.325573e+26	2.294797e+26	0.2188657	0	0.01958819	0.03560219	0.03560219	0.001424136	0.02670164	0	0	-0.051071	0	6.336899e-17	0	6.336899e-17	0	-512.3533	0	-512.3533	0	30939.95	77194.93	127.4762	8669.049	1.106061	1	0	0.4523826	1	2	0	0	
6272	1760.328	3.45e+19	0	0	100000	1.948967	1.140862e-05	1.822819e+26	5.130516e+25	1.292391e+25	3.838125e+25	7.862858e+25	5.234814e+25	1.32427e+25	3.727298e+24	9.389164e+23	2.788382e+24	5.712333e+24	3.80307e+24	0.2871824	1.32427e+26	3.727298e+25	9.389164e+24	2.788382e+25	5.609429e+25	3.734214e+25	1.717608e+24	0	0	0	0	0	0	0	0	0	0	0	0	0	0	1.705971e+26	7.366738e+16	1.705971e+26	7.711926e+25	3.806397e+21	7.711545e+25	4.128607e+25	4.843598e+13	4.128607e+25	1.542385e+26	9.129999e+13	1.542385e+26	4.595996e+25	3.958655e+14	4.595996e+25	1.472277e+26	9.335825e+20	1.472267e+26	2.20603e+23	1.452437e-09	0.002831338	1.419368e+10	3.836343e+10	1.051841e+12	4.0654e-06	3.533003e-11	4.745519e-17	0.5014632	0.5	0.1771197	1	26.61348	3.309522	10569.8	1.117189e+26	1.827432e+28	5.151575e+27	6.741065e+25	3.118866e+27	1.203261e+27	5.325573e+26	2.294797e+26	0.2188657	0	0.01960442	0.03560219	0.03560219	0.001424136	0.02670164	0	0	-0.051033	0	6.355798e-17	0	6.355798e-17	0	-512.3097	0	-512.3097	0	30939.34	77194.93	128.0479	8668.88	1.106061	1	0	0.4523826	1	2	0	0	
6300	1760.328	3.45e+19	0	0	100000	1.949005	1.140862e-05	1.830956e+26	5.134048e+25	1.293758e+25	3.84029e+25	7.909695e+25	5.265821e+25	1.330182e+25	3.729864e+24	9.399098e+23	2.789954e+24	5.74636e+24	3.825596e+24	0.2875994	1.330182e+26	3.729864e+25	9.399098e+24	2.789954e+25	5.642994e+25	3.756434e+25	1.725276e+24	0	0	0	0	0	0	0	0	0	0	0	0	0	0	1.713587e+26	7.454936e+16	1.713587e+26	7.746354e+25	3.824455e+21	7.745972e+25	4.147038e+25	4.872479e+13	4.147038e+25	1.549271e+26	9.184439e+13	1.549271e+26	4.616514e+25	3.982259e+14	4.616514e+25	1.478849e+26	9.391492e+20	1.47884e+26	2.205177e+23	1.452904e-09	0.002832976	1.411199e+10	3.881622e+10	1.060627e+12	4.077122e-06	3.553406e-11	4.786686e-17	0.5014564	0.5	0.177628	1	26.73229	3.324296	10569.8	1.117189e+26	1.827432e+28	5.151575e+27	6.741065e+25	3.118866e+27	1.203261e+27	5.325573e+26	2.294797e+26	0.2188657	0	0.01962046	0.03560219	0.03560219	0.001424136	0.02670164	0	0	-0.050995	0	6.374765e-17	0	6.374765e-17	0	-512.2661	0	-512.2661	0	30938.74	77194.93	128.6195	8668.71	1.106061	1	0	0.4523826	1	2	0	0	
6328	1760.328	3.45e+19	0	0	100000	1.949043	1.140862e-05	1.839094e+26	5.137531e+25	1.295107e+25	3.842424e+25	7.956561e+25	5.296847e+25	1.336094e+25	3.732395e+24	9.408899e+23	2.791505e+24	5.780408e+24	3.848137e+24	0.2880139	1.336094e+26	3.732395e+25	9.408899e+24	2.791505e+25	5.676581e+25	3.778669e+25	1.732944e+24	0	0	0	0	0	0	0	0	0	0	0	0	0	0	1.721203e+26	7.543994e+16	1.721203e+26	7.780782e+25	3.842474e+21	7.780398e+25	4.165469e+25	4.901378e+13	4.165469e+25	1.556156e+26	9.238913e+13	1.556156e+26	4.637032e+25	4.005878e+14	4.637032e+25	1.485422e+26	9.447193e+20	1.485413e+26	2.204337e+23	1.453365e-09	0.002834591	1.403115e+10	3.927206e+10	1.069444e+12	4.088822e-06	3.57383e-11	4.828015e-17	0.5014496	0.5	0.1781353	1	26.8511	3.339071	10569.8	1.117189e+26	1.827432e+28	5.151575e+27	6.741065e+25	3.118866e+27	1.203261e+27	5.325573e+26	2.294797e+26	0.2188657	0	0.01963631	0.03560219	0.03560219	0.001424136	0.02670164	0	0	-0.050957	0	6.393801e-17	0	6.393801e-17	0	-512.2225	0	-512.2225	0	30938.14	77194.93	129.1912	8668.541	1.106061	1	0	0.4523826	1	2	0	0	
6356	1760.328	3.45e+19	0	0	100000	1.949081	1.140862e-05	1.847232e+26	5.140966e+25	1.296438e+25	3.844528e+25	8.003457e+25	5.327893e+25	1.342006e+25	3.73489e+24	9.418567e+23	2.793033e+24	5.814477e+24	3.870691e+24	0.2884258	1.342006e+26	3.73489e+25	9.418567e+24	2.793033e+25	5.710189e+25	3.800919e+25	1.740612e+24	0	0	0	0	0	0	0	0	0	0	0	0	0	0	1.728819e+26	7.633898e+16	1.728819e+26	7.81521e+25	3.860457e+21	7.814824e+25	4.183901e+25	4.930296e+13	4.183901e+25	1.563042e+26	9.293421e+13	1.563042e+26	4.65755e+25	4.029512e+14	4.65755e+25	1.491995e+26	9.50293e+20	1.491985e+26	2.203509e+23	1.453819e-09	0.002836184	1.395115e+10	3.973094e+10	1.078292e+12	4.100502e-06	3.594276e-11	4.869505e-17	0.5014429	0.5	0.1786418	1	26.96991	3.353846	10569.8	1.117189e+26	1.827432e+28	5.151575e+27	6.741065e+25	3.118866e+27	1.203261e+27	5.325573e+26	2.294797e+26	0.2188657	0	0.01965196	0.03560219	0.03560219	0.001424136	0.02670164	0	0	-0.050919	0	6.412906e-17	0	6.412906e-17	0	-512.1788	0	-512.1788	0	30937.53	77194.93	129.7628	8668.372	1.106061	1	0	0.4523826	1	2	0	0	
6384	1760.328	3.45e+19	0	0	100000	1.949119	1.140862e-05	1.855369e+26	5.144353e+25	1.297751e+25	3.846602e+25	8.05038e+25	5.358958e+25	1.347918e+25	3.73735e+24	9.428104e+23	2.79454e+24	5.848567e+24	3.89326e+24	0.2888352	1.347918e+26	3.73735e+25	9.428104e+24	2.79454e+25	5.743817e+25	3.823182e+25	1.74828e+24	0	0	0	0	0	0	0	0	0	0	0	0	0	0	1.736435e+26	7.724678e+16	1.736435e+26	7.849639e+25	3.878402e+21	7.849251e+25	4.202332e+25	4.959231e+13	4.202332e+25	1.569928e+26	9.347961e+13	1.569928e+26	4.678068e+25	4.05316e+14	4.678068e+25	1.498567e+26	9.5587e+20	1.498558e+26	2.202694e+23	1.454267e-09	0.002837754	1.387198e+10	4.019287e+10	1.087171e+12	4.11216e-06	3.614743e-11	4.911157e-17	0.5014363	0.5	0.1791473	1	27.08872	3.36862	10569.8	1.117189e+26	1.827432e+28	5.151575e+27	6.741065e+25	3.118866e+27	1.203261e+27	5.325573e+26	2.294797e+26	0.2188657	0	0.01966741	0.03560219	0.03560219	0.001424136	0.02670164	0	0	-0.050881	0	6.43208e-17	0	6.43208e-17	0	-512.1351	0	-512.1351	0	30936.93	77194.93	130.3345	8668.203	1.106061	1	0	0.4523826	1	2	0	0	
6412	1760.328	3.45e+19	0	0	100000	1.949157	1.140862e-05	1.863507e+26	5.147693e+25	1.299046e+25	3.848647e+25	8.097332e+25	5.390043e+25	1.35383e+25	3.739777e+24	9.437512e+23	2.796025e+24	5.882677e+24	3.915843e+24	0.2892419	1.35383e+26	3.739777e+25	9.437512e+24	2.796025e+25	5.777466e+25	3.84546e+25	1.755948e+24	0	0	0	0	0	0	0	0	0	0	0	0	0	0	1.744051e+26	7.81632e+16	1.744051e+26	7.884067e+25	3.89631e+21	7.883677e+25	4.220763e+25	4.988183e+13	4.220763e+25	1.576813e+26	9.402535e+13	1.576813e+26	4.698585e+25	4.076822e+14	4.698585e+25	1.50514e+26	9.614504e+20	1.50513e+26	2.20189e+23	1.454708e-09	0.002839302	1.379361e+10	4.065786e+10	1.096081e+12	4.123797e-06	3.635231e-11	4.95297e-17	0.5014297	0.5	0.1796519	1	27.20753	3.383395	10569.8	1.117189e+26	1.827432e+28	5.151575e+27	6.741065e+25	3.118866e+27	1.203261e+27	5.325573e+26	2.294797e+26	0.2188657	0	0.01968266	0.03560219	0.03560219	0.001424136	0.02670164	0	0	-0.050843	0	6.451324e-17	0	6.451324e-17	0	-512.0914	0	-512.0914	0	30936.33	77194.93	130.9061	8668.034	1.106061	1	0	0.4523826	1	2	0	0	
6440	1760.328	3.45e+19	0	0	100000	1.949195	1.140862e-05	1.871644e+26	5.150986e+25	1.300323e+25	3.850662e+25	8.144311e+25	5.421146e+25	1.359742e+25	3.742169e+24	9.446793e+23	2.79749e+24	5.916807e+24	3.93844e+24	0.2896462	1.359742e+26	3.742169e+25	9.446793e+24	2.79749e+25	5.811135e+25	3.867751e+25	1.763615e+24	0	0	0	0	0	0	0	0	0	0	0	0	0	0	1.751667e+26	7.908855e+16	1.751667e+26	7.918495e+25	3.91418e+21	7.918104e+25	4.239194e+25	5.017152e+13	4.239194e+25	1.583699e+26	9.45714e+13	1.583699e+26	4.719103e+25	4.100498e+14	4.719103e+25	1.511713e+26	9.67034e+20	1.511703e+26	2.201098e+23	1.455143e-09	0.002840829	1.371605e+10	4.112591e+10	1.105021e+12	4.135413e-06	3.655739e-11	4.994944e-17	0.5014231	0.5	0.1801556	1	27.32634	3.39817	10569.8	1.117189e+26	1.827432e+28	5.151575e+27	6.741065e+25	3.118866e+27	1.203261e+27	5.325573e+26	2.294797e+26	0.2188657	0	0.0196977	0.03560219	0.03560219	0.001424136	0.02670164	0	0	-0.050805	0	6.470638e-17	0	6.470638e-17	0	-512.0476	0	-512.0476	0	30935.72	77194.93	131.4778	8667.866	1.106061	1	0	0.4523825	1	2	0	0	
6468	1760.328	3.45e+19	0	0	100000	1.949233	1.140862e-05	1.879782e+26	5.154233e+25	1.301583e+25	3.852649e+25	8.191318e+25	5.452268e+25	1.365654e+25	3.744528e+24	9.455948e+23	2.798933e+24	5.950958e+24	3.96105e+24	0.2900479	1.365654e+26	3.744528e+25	9.455948e+24	2.798933e+25	5.844824e+25	3.890055e+25	1.771283e+24	0	0	0	0	0	0	0	0	0	0	0	0	0	0	1.759283e+26	8.002243e+16	1.759283e+26	7.952923e+25	3.932014e+21	7.95253e+25	4.257626e+25	5.046138e+13	4.257626e+25	1.590585e+26	9.511779e+13	1.590585e+26	4.739621e+25	4.124188e+14	4.739621e+25	1.518285e+26	9.72621e+20	1.518276e+26	2.200318e+23	1.455572e-09	0.002842334	1.363928e+10	4.159702e+10	1.113992e+12	4.147008e-06	3.676269e-11	5.037078e-17	0.5014167	0.5	0.1806584	1	27.44516	3.412944	10569.8	1.117189e+26	1.827432e+28	5.151575e+27	6.741065e+25	3.118866e+27	1.203261e+27	5.325573e+26	2.294797e+26	0.2188657	0	0.01971255	0.03560219	0.03560219	0.001424136	0.02670164	0	0	-0.050767	0	6.490022e-17	0	6.490022e-17	0	-512.0039	0	-512.0039	0	30935.12	77194.93	132.0494	8667.697	1.106061	1	0	0.4523825	1	2	0	0	
6496	1760.328	3.45e+19	0	0	100000	1.949271	1.140862e-05	1.887919e+26	5.157434e+25	1.302826e+25	3.854608e+25	8.238352e+25	5.483408e+25	1.371565e+25	3.746854e+24	9.464979e+23	2.800356e+24	5.985128e+24	3.983673e+24	0.2904472	1.371565e+26	3.746854e+25	9.464979e+24	2.800356e+25	5.878532e+25	3.912373e+25	1.778951e+24	0	0	0	0	0	0	0	0	0	0	0	0	0	0	1.766899e+26	8.09656e+16	1.766899e+26	7.987352e+25	3.949808e+21	7.986957e+25	4.276057e+25	5.075141e+13	4.276057e+25	1.59747e+26	9.566448e+13	1.59747e+26	4.760139e+25	4.147892e+14	4.760139e+25	1.524858e+26	9.782112e+20	1.524848e+26	2.19955e+23	1.455995e-09	0.002843818	1.356329e+10	4.207119e+10	1.122994e+12	4.158583e-06	3.696819e-11	5.079373e-17	0.5014102	0.5	0.1811603	1	27.56397	3.427719	10569.8	1.117189e+26	1.827432e+28	5.151575e+27	6.741065e+25	3.118866e+27	1.203261e+27	5.325573e+26	2.294797e+26	0.2188657	0	0.01972718	0.03560219	0.03560219	0.001424136	0.02670164	0	0	-0.050729	0	6.509477e-17	0	6.509477e-17	0	-511.96	0	-511.96	0	30934.52	77194.93	132.6211	8667.528	1.106061	1	0	0.4523825	1	2	0	0	
6524	1760.328	3.45e+19	0	0	100000	1.949309	1.140862e-05	1.896057e+26	5.160592e+25	1.304053e+25	3.856539e+25	8.285412e+25	5.514567e+25	1.377477e+25	3.749148e+24	9.473887e+23	2.801759e+24	6.019317e+24	4.006309e+24	0.2908439	1.377477e+26	3.749148e+25	9.473887e+24	2.801759e+25	5.91226e+25	3.934704e+25	1.786619e+24	0	0	0	0	0	0	0	0	0	0	0	0	0	0	1.774515e+26	8.191749e+16	1.774515e+26	8.02178e+25	3.967567e+21	8.021383e+25	4.294488e+25	5.104161e+13	4.294488e+25	1.604356e+26	9.621148e+13	1.604356e+26	4.780657e+25	4.171609e+14	4.780657e+25	1.531431e+26	9.838045e+20	1.531421e+26	2.198792e+23	1.456412e-09	0.002845281	1.348806e+10	4.254844e+10	1.132026e+12	4.170137e-06	3.71739e-11	5.121828e-17	0.5014039	0.5	0.1816613	1	27.68278	3.442494	10569.8	1.117189e+26	1.827432e+28	5.151575e+27	6.741065e+25	3.118866e+27	1.203261e+27	5.325573e+26	2.294797e+26	0.2188657	0	0.01974161	0.03560219	0.03560219	0.001424136	0.02670164	0	0	-0.050691	0	6.529002e-17	0	6.529002e-17	0	-511.9162	0	-511.9162	0	30933.91	77194.93	133.1927	8667.359	1.106061	1	0	0.4523825	1	2	0	0	
6552	1760.328	3.45e+19	0	0	100000	1.949347	1.140862e-05	1.904195e+26	5.163705e+25	1.305262e+25	3.858442e+25	8.332499e+25	5.545743e+25	1.383389e+25	3.751409e+24	9.482674e+23	2.803142e+24	6.053525e+24	4.028959e+24	0.2912382	1.383389e+26	3.751409e+25	9.482674e+24	2.803142e+25	5.946007e+25	3.957048e+25	1.794287e+24	0	0	0	0	0	0	0	0	0	0	0	0	0	0	1.782131e+26	8.28786e+16	1.782131e+26	8.056208e+25	3.985286e+21	8.05581e+25	4.31292e+25	5.133197e+13	4.31292e+25	1.611242e+26	9.675879e+13	1.611242e+26	4.801175e+25	4.19534e+14	4.801175e+25	1.538003e+26	9.89401e+20	1.537993e+26	2.198046e+23	1.456823e-09	0.002846724	1.341359e+10	4.302875e+10	1.141089e+12	4.181671e-06	3.737982e-11	5.164444e-17	0.5013975	0.5	0.1821615	1	27.80159	3.457268	10569.8	1.117189e+26	1.827432e+28	5.151575e+27	6.741065e+25	3.118866e+27	1.203261e+27	5.325573e+26	2.294797e+26	0.2188657	0	0.01975582	0.03560219	0.03560219	0.001424136	0.02670164	0	0	-0.050653	0	6.548598e-17	0	6.548598e-17	0	-511.8724	0	-511.8724	0	30933.31	77194.93	133.7644	8667.19	1.106061	1	0	0.4523825	1	2	0	0	
6580	1760.328	3.45e+19	0	0	100000	1.949385	1.140862e-05	1.912332e+26	5.166774e+25	1.306455e+25	3.860319e+25	8.379612e+25	5.576937e+25	1.389301e+25	3.753639e+24	9.491341e+23	2.804505e+24	6.087752e+24	4.051621e+24	0.2916301	1.389301e+26	3.753639e+25	9.491341e+24	2.804505e+25	5.979773e+25	3.979404e+25	1.801955e+24	0	0	0	0	0	0	0	0	0	0	0	0	0	0	1.789747e+26	8.384902e+16	1.789747e+26	8.090636e+25	4.002965e+21	8.090236e+25	4.331351e+25	5.162249e+13	4.331351e+25	1.618127e+26	9.730641e+13	1.618127e+26	4.821692e+25	4.219084e+14	4.821692e+25	1.544576e+26	9.950006e+20	1.544566e+26	2.197311e+23	1.457228e-09	0.002848146	1.333986e+10	4.351215e+10	1.150182e+12	4.193185e-06	3.758594e-11	5.207219e-17	0.5013913	0.5	0.1826608	1	27.9204	3.472043	10569.8	1.117189e+26	1.827432e+28	5.151575e+27	6.741065e+25	3.118866e+27	1.203261e+27	5.325573e+26	2.294797e+26	0.2188657	0	0.01976983	0.03560219	0.03560219	0.001424136	0.02670164	0	0	-0.050615	0	6.568266e-17	0	6.568266e-17	0	-511.8285	0	-511.8285	0	30932.71	77194.93	134.3361	8667.021	1.106061	1	0	0.4523825	1	2	0	0	
6608	1760.328	3.45e+19	0	0	100000	1.949423	1.140862e-05	1.92047e+26	5.169801e+25	1.307632e+25	3.862169e+25	8.42675e+25	5.608148e+25	1.395213e+25	3.755838e+24	9.499891e+23	2.805849e+24	6.121998e+24	4.074295e+24	0.2920196	1.395213e+26	3.755838e+25	9.499891e+24	2.805849e+25	6.013557e+25	4.001774e+25	1.809623e+24	0	0	0	0	0	0	0	0	0	0	0	0	0	0	1.797363e+26	8.482861e+16	1.797363e+26	8.125065e+25	4.020608e+21	8.124663e+25	4.349782e+25	5.191316e+13	4.349782e+25	1.625013e+26	9.785432e+13	1.625013e+26	4.84221e+25	4.24284e+14	4.84221e+25	1.551149e+26	1.000603e+21	1.551139e+26	2.196586e+23	1.457627e-09	0.002849549	1.326687e+10	4.399862e+10	1.159305e+12	4.204678e-06	3.779226e-11	5.250154e-17	0.5013851	0.5	0.1831591	1	28.03921	3.486818	10569.8	1.117189e+26	1.827432e+28	5.151575e+27	6.741065e+25	3.118866e+27	1.203261e+27	5.325573e+26	2.294797e+26	0.2188657	0	0.01978362	0.03560219	0.03560219	0.001424136	0.02670164	0	0	-0.050577	0	6.588006e-17	0	6.588006e-17	0	-511.7845	0	-511.7845	0	30932.11	77194.93	134.9077	8666.852	1.106061	1	0	0.4523825	1	2	0	0	
6636	1760.328	3.45e+19	0	0	100000	1.949461	1.140862e-05	1.928607e+26	5.172785e+25	1.308793e+25	3.863992e+25	8.473913e+25	5.639376e+25	1.401125e+25	3.758006e+24	9.508324e+23	2.807174e+24	6.156262e+24	4.096983e+24	0.2924066	1.401125e+26	3.758006e+25	9.508324e+24	2.807174e+25	6.04736e+25	4.024155e+25	1.81729e+24	0	0	0	0	0	0	0	0	0	0	0	0	0	0	1.804979e+26	8.581745e+16	1.804979e+26	8.159493e+25	4.038212e+21	8.159089e+25	4.368213e+25	5.2204e+13	4.368213e+25	1.631899e+26	9.840253e+13	1.631899e+26	4.862728e+25	4.266609e+14	4.862728e+25	1.557721e+26	1.006209e+21	1.557711e+26	2.195872e+23	1.458021e-09	0.002850932	1.31946e+10	4.448817e+10	1.168459e+12	4.216151e-06	3.799878e-11	5.293249e-17	0.5013789	0.5	0.1836567	1	28.15802	3.501592	10569.8	1.117189e+26	1.827432e+28	5.151575e+27	6.741065e+25	3.118866e+27	1.203261e+27	5.325573e+26	2.294797e+26	0.2188657	0	0.01979719	0.03560219	0.03560219	0.001424136	0.02670164	0	0	-0.050539	0	6.607818e-17	0	6.607818e-17	0	-511.7406	0	-511.7406	0	30931.5	77194.93	135.4794	8666.683	1.106061	1	0	0.4523825	1	2	0	0	
6664	1760.328	3.45e+19	0	0	100000	1.949499	1.140862e-05	1.936745e+26	5.175727e+25	1.309938e+25	3.865789e+25	8.521102e+25	5.670621e+25	1.407037e+25	3.760144e+24	9.516642e+23	2.80848e+24	6.190544e+24	4.119682e+24	0.2927913	1.407037e+26	3.760144e+25	9.516642e+24	2.80848e+25	6.081181e+25	4.046549e+25	1.824959e+24	0	0	0	0	0	0	0	0	0	0	0	0	0	0	1.812595e+26	8.681585e+16	1.812595e+26	8.193921e+25	4.055777e+21	8.193516e+25	4.386645e+25	5.249498e+13	4.386645e+25	1.638784e+26	9.895102e+13	1.638784e+26	4.883246e+25	4.290391e+14	4.883246e+25	1.564294e+26	1.011817e+21	1.564284e+26	2.195169e+23	1.458409e-09	0.002852295	1.312305e+10	4.498081e+10	1.177643e+12	4.227604e-06	3.820551e-11	5.336503e-17	0.5013728	0.5	0.1841533	1	28.27683	3.516367	10569.8	1.117189e+26	1.827432e+28	5.151575e+27	6.741065e+25	3.118866e+27	1.203261e+27	5.325573e+26	2.294797e+26	0.2188657	0	0.01981055	0.03560219	0.03560219	0.001424136	0.02670164	0	0	-0.050501	0	6.627702e-17	0	6.627702e-17	0	-511.6966	0	-511.6966	0	30930.9	77194.93	136.051	8666.514	1.106061	1	0	0.4523825	1	2	0	0	
6692	1760.328	3.45e+19	0	0	100000	1.949537	1.140862e-05	1.944883e+26	5.178629e+25	1.311067e+25	3.867561e+25	8.568314e+25	5.701883e+25	1.412949e+25	3.762252e+24	9.524847e+23	2.809767e+24	6.224844e+24	4.142393e+24	0.2931736	1.412949e+26	3.762252e+25	9.524847e+24	2.809767e+25	6.115019e+25	4.068955e+25	1.832627e+24	0	0	0	0	0	0	0	0	0	0	0	0	0	0	1.820211e+26	8.782366e+16	1.820211e+26	8.228349e+25	4.073303e+21	8.227942e+25	4.405076e+25	5.278612e+13	4.405076e+25	1.64567e+26	9.94998e+13	1.64567e+26	4.903764e+25	4.314185e+14	4.903764e+25	1.570867e+26	1.017429e+21	1.570857e+26	2.194476e+23	1.458792e-09	0.00285364	1.30522e+10	4.547654e+10	1.186858e+12	4.239037e-06	3.841243e-11	5.379916e-17	0.5013667	0.5	0.1846491	1	28.39564	3.531141	10569.8	1.117189e+26	1.827432e+28	5.151575e+27	6.741065e+25	3.118866e+27	1.203261e+27	5.325573e+26	2.294797e+26	0.2188657	0	0.01982369	0.03560219	0.03560219	0.001424136	0.02670164	0	0	-0.050463	0	6.647659e-17	0	6.647659e-17	0	-511.6526	0	-511.6526	0	30930.3	77194.93	136.6227	8666.345	1.106061	1	0	0.4523825	1	2	0	0	
6720	1760.328	3.45e+19	0	0	100000	1.949575	1.140862e-05	1.95302e+26	5.181489e+25	1.312181e+25	3.869308e+25	8.615552e+25	5.733161e+25	1.418861e+25	3.76433e+24	9.532939e+23	2.811036e+24	6.259161e+24	4.165117e+24	0.2935536	1.418861e+26	3.76433e+25	9.532939e+24	2.811036e+25	6.148876e+25	4.091373e+25	1.840294e+24	0	0	0	0	0	0	0	0	0	0	0	0	0	0	1.827827e+26	8.88412e+16	1.827827e+26	8.262778e+25	4.09079e+21	8.262369e+25	4.423507e+25	5.307741e+13	4.423507e+25	1.652556e+26	1.000489e+14	1.652556e+26	4.924282e+25	4.337992e+14	4.924282e+25	1.577439e+26	1.023043e+21	1.577429e+26	2.193793e+23	1.459169e-09	0.002854965	1.298204e+10	4.597536e+10	1.196102e+12	4.25045e-06	3.861956e-11	5.423488e-17	0.5013607	0.5	0.185144	1	28.51445	3.545916	10569.8	1.117189e+26	1.827432e+28	5.151575e+27	6.741065e+25	3.118866e+27	1.203261e+27	5.325573e+26	2.294797e+26	0.2188657	0	0.01983662	0.03560219	0.03560219	0.001424136	0.02670164	0	0	-0.050425	0	6.667689e-17	0	6.667689e-17	0	-511.6086	0	-511.6086	0	30929.69	77194.93	137.1943	8666.176	1.106061	1	0	0.4523825	1	2	0	0	
6748	1760.328	3.45e+19	0	0	100000	1.949613	1.140862e-05	1.961158e+26	5.18431e+25	1.31328e+25	3.87103e+25	8.662812e+25	5.764455e+25	1.424773e+25	3.766379e+24	9.540922e+23	2.812287e+24	6.293496e+24	4.187852e+24	0.2939312	1.424773e+26	3.766379e+25	9.540922e+24	2.812287e+25	6.182749e+25	4.113803e+25	1.847962e+24	0	0	0	0	0	0	0	0	0	0	0	0	0	0	1.835443e+26	8.986833e+16	1.835443e+26	8.297206e+25	4.108238e+21	8.296795e+25	4.441938e+25	5.336885e+13	4.441938e+25	1.659441e+26	1.005982e+14	1.659441e+26	4.944799e+25	4.361811e+14	4.944799e+25	1.584012e+26	1.028661e+21	1.584002e+26	2.19312e+23	1.459541e-09	0.002856272	1.291257e+10	4.647727e+10	1.205377e+12	4.261844e-06	3.882688e-11	5.467219e-17	0.5013548	0.5	0.1856381	1	28.63326	3.560691	10569.8	1.117189e+26	1.827432e+28	5.151575e+27	6.741065e+25	3.118866e+27	1.203261e+27	5.325573e+26	2.294797e+26	0.2188657	0	0.01984932	0.03560219	0.03560219	0.001424136	0.02670164	0	0	-0.050387	0	6.687792e-17	0	6.687792e-17	0	-511.5645	0	-511.5645	0	30929.09	77194.93	137.766	8666.007	1.106061	1	0	0.4523825	1	2	0	0	
6776	1760.328	3.45e+19	0	0	100000	1.949651	1.140862e-05	1.969295e+26	5.187091e+25	1.314363e+25	3.872727e+25	8.710097e+25	5.795765e+25	1.430685e+25	3.768399e+24	9.548795e+23	2.81352e+24	6.327848e+24	4.210599e+24	0.2943066	1.430685e+26	3.768399e+25	9.548795e+24	2.81352e+25	6.21664e+25	4.136244e+25	1.85563e+24	0	0	0	0	0	0	0	0	0	0	0	0	0	0	1.843058e+26	9.09051e+16	1.843058e+26	8.331634e+25	4.125648e+21	8.331222e+25	4.46037e+25	5.366043e+13	4.46037e+25	1.666327e+26	1.011478e+14	1.666327e+26	4.965317e+25	4.385641e+14	4.965317e+25	1.590585e+26	1.034281e+21	1.590574e+26	2.192457e+23	1.459907e-09	0.002857561	1.284377e+10	4.698229e+10	1.214681e+12	4.273218e-06	3.903439e-11	5.511108e-17	0.5013489	0.5	0.1861314	1	28.75207	3.575465	10569.8	1.117189e+26	1.827432e+28	5.151575e+27	6.741065e+25	3.118866e+27	1.203261e+27	5.325573e+26	2.294797e+26	0.2188657	0	0.0198618	0.03560219	0.03560219	0.001424136	0.02670164	0	0	-0.050349	0	6.707969e-17	0	6.707969e-17	0	-511.5204	0	-511.5204	0	30928.49	77194.93	138.3376	8665.838	1.106061	1	0	0.4523825	1	2	0	0	
6804	1760.328	3.45e+19	0	0	100000	1.949689	1.140862e-05	1.977433e+26	5.189833e+25	1.315432e+25	3.8744e+25	8.757405e+25	5.827092e+25	1.436597e+25	3.770391e+24	9.55656e+23	2.814735e+24	6.362217e+24	4.233357e+24	0.2946796	1.436597e+26	3.770391e+25	9.55656e+24	2.814735e+25	6.250547e+25	4.158697e+25	1.863298e+24	0	0	0	0	0	0	0	0	0	0	0	0	0	0	1.850674e+26	9.195188e+16	1.850674e+26	8.366062e+25	4.143017e+21	8.365648e+25	4.478801e+25	5.395216e+13	4.478801e+25	1.673212e+26	1.016977e+14	1.673212e+26	4.985835e+25	4.409484e+14	4.985835e+25	1.597157e+26	1.039904e+21	1.597147e+26	2.191803e+23	1.460269e-09	0.002858831	1.277564e+10	4.74904e+10	1.224016e+12	4.284572e-06	3.924211e-11	5.555156e-17	0.501343	0.5	0.1866237	1	28.87088	3.59024	10569.8	1.117189e+26	1.827432e+28	5.151575e+27	6.741065e+25	3.118866e+27	1.203261e+27	5.325573e+26	2.294797e+26	0.2188657	0	0.01987405	0.03560219	0.03560219	0.001424136	0.02670164	0	0	-0.050311	0	6.72822e-17	0	6.72822e-17	0	-511.4763	0	-511.4763	0	30927.89	77194.93	138.9093	8665.669	1.106061	1	0	0.4523825	1	2	0	0	
6832	1760.328	3.45e+19	0	0	100000	1.949727	1.140862e-05	1.98557e+26	5.192536e+25	1.316487e+25	3.87605e+25	8.804736e+25	5.858433e+25	1.442508e+25	3.772355e+24	9.564219e+23	2.815934e+24	6.396603e+24	4.256127e+24	0.2950504	1.442508e+26	3.772355e+25	9.564219e+24	2.815934e+25	6.284472e+25	4.181161e+25	1.870966e+24	0	0	0	0	0	0	0	0	0	0	0	0	0	0	1.85829e+26	9.300849e+16	1.85829e+26	8.400491e+25	4.160348e+21	8.400075e+25	4.497232e+25	5.424403e+13	4.497232e+25	1.680098e+26	1.022479e+14	1.680098e+26	5.006353e+25	4.433338e+14	5.006353e+25	1.60373e+26	1.045529e+21	1.60372e+26	2.191159e+23	1.460625e-09	0.002860084	1.270816e+10	4.800162e+10	1.233381e+12	4.295907e-06	3.945002e-11	5.599362e-17	0.5013372	0.5	0.1871153	1	28.98969	3.605015	10569.8	1.117189e+26	1.827432e+28	5.151575e+27	6.741065e+25	3.118866e+27	1.203261e+27	5.325573e+26	2.294797e+26	0.2188657	0	0.01988609	0.03560219	0.03560219	0.001424136	0.02670164	0	0	-0.050273	0	6.748546e-17	0	6.748546e-17	0	-511.4322	0	-511.4322	0	30927.28	77194.93	139.4809	8665.5	1.106061	1	0	0.4523825	1	2	0	0	
6860	1760.328	3.45e+19	0	0	100000	1.949765	1.140862e-05	1.993708e+26	5.195202e+25	1.317526e+25	3.877675e+25	8.852089e+25	5.88979e+25	1.44842e+25	3.774292e+24	9.571773e+23	2.817115e+24	6.431005e+24	4.278907e+24	0.2954189	1.44842e+26	3.774292e+25	9.571773e+24	2.817115e+25	6.318412e+25	4.203636e+25	1.878634e+24	0	0	0	0	0	0	0	0	0	0	0	0	0	0	1.865906e+26	9.407527e+16	1.865906e+26	8.434919e+25	4.177638e+21	8.434501e+25	4.515664e+25	5.453604e+13	4.515664e+25	1.686984e+26	1.027983e+14	1.686984e+26	5.026871e+25	4.457203e+14	5.026871e+25	1.610303e+26	1.051158e+21	1.610292e+26	2.190525e+23	1.460976e-09	0.002861319	1.264133e+10	4.851595e+10	1.242775e+12	4.307223e-06	3.965812e-11	5.643726e-17	0.5013314	0.5	0.187606	1	29.1085	3.619789	10569.8	1.117189e+26	1.827432e+28	5.151575e+27	6.741065e+25	3.118866e+27	1.203261e+27	5.325573e+26	2.294797e+26	0.2188657	0	0.01989789	0.03560219	0.03560219	0.001424136	0.02670164	0	0	-0.050235	0	6.768946e-17	0	6.768946e-17	0	-511.388	0	-511.388	0	30926.68	77194.93	140.0526	8665.332	1.106061	1	0	0.4523825	1	2	0	0	
6888	1760.328	3.45e+19	0	0	100000	1.949803	1.140862e-05	2.001846e+26	5.19783e+25	1.318552e+25	3.879278e+25	8.899465e+25	5.921162e+25	1.454332e+25	3.776201e+24	9.579224e+23	2.818279e+24	6.465423e+24	4.301699e+24	0.2957851	1.454332e+26	3.776201e+25	9.579224e+24	2.818279e+25	6.352369e+25	4.226122e+25	1.886302e+24	0	0	0	0	0	0	0	0	0	0	0	0	0	0	1.873522e+26	9.515207e+16	1.873522e+26	8.469347e+25	4.19489e+21	8.468928e+25	4.534095e+25	5.482818e+13	4.534095e+25	1.693869e+26	1.03349e+14	1.693869e+26	5.047389e+25	4.48108e+14	5.047389e+25	1.616875e+26	1.056788e+21	1.616865e+26	2.189899e+23	1.461323e-09	0.002862537	1.257514e+10	4.903338e+10	1.252199e+12	4.318519e-06	3.986641e-11	5.688247e-17	0.5013257	0.5	0.1880959	1	29.22731	3.634564	10569.8	1.117189e+26	1.827432e+28	5.151575e+27	6.741065e+25	3.118866e+27	1.203261e+27	5.325573e+26	2.294797e+26	0.2188657	0	0.01990948	0.03560219	0.03560219	0.001424136	0.02670164	0	0	-0.050197	0	6.789421e-17	0	6.789421e-17	0	-511.3438	0	-511.3438	0	30926.08	77194.93	140.6243	8665.163	1.106061	1	0	0.4523825	1	2	0	0	
6916	1760.328	3.45e+19	0	0	100000	1.949841	1.140862e-05	2.009983e+26	5.200421e+25	1.319563e+25	3.880858e+25	8.946863e+25	5.952549e+25	1.460244e+25	3.778084e+24	9.586572e+23	2.819427e+24	6.499857e+24	4.324501e+24	0.2961492	1.460244e+26	3.778084e+25	9.586572e+24	2.819427e+25	6.386342e+25	4.248619e+25	1.89397e+24	0	0	0	0	0	0	0	0	0	0	0	0	0	0	1.881138e+26	9.623921e+16	1.881138e+26	8.503775e+25	4.2121e+21	8.503354e+25	4.552526e+25	5.512047e+13	4.552526e+25	1.700755e+26	1.038999e+14	1.700755e+26	5.067906e+25	4.504968e+14	5.067906e+25	1.623448e+26	1.062422e+21	1.623437e+26	2.189283e+23	1.461664e-09	0.002863737	1.250958e+10	4.955393e+10	1.261653e+12	4.329797e-06	4.00749e-11	5.732927e-17	0.5013201	0.5	0.188585	1	29.34612	3.649339	10569.8	1.117189e+26	1.827432e+28	5.151575e+27	6.741065e+25	3.118866e+27	1.203261e+27	5.325573e+26	2.294797e+26	0.2188657	0	0.01992083	0.03560219	0.03560219	0.001424136	0.02670164	0	0	-0.050159	0	6.809971e-17	0	6.809971e-17	0	-511.2996	0	-511.2996	0	30925.47	77194.93	141.1959	8664.994	1.106061	1	0	0.4523825	1	2	0	0	
6944	1760.328	3.45e+19	0	0	100000	1.949879	1.140862e-05	2.018121e+26	5.202976e+25	1.320561e+25	3.882415e+25	8.994282e+25	5.98395e+25	1.466156e+25	3.77994e+24	9.59382e+23	2.820558e+24	6.534308e+24	4.347314e+24	0.296511	1.466156e+26	3.77994e+25	9.59382e+24	2.820558e+25	6.420331e+25	4.271127e+25	1.901637e+24	0	0	0	0	0	0	0	0	0	0	0	0	0	0	1.888754e+26	9.733655e+16	1.888754e+26	8.538204e+25	4.229272e+21	8.537781e+25	4.570957e+25	5.541288e+13	4.570957e+25	1.707641e+26	1.044511e+14	1.707641e+26	5.088424e+25	4.528866e+14	5.088424e+25	1.630021e+26	1.068058e+21	1.63001e+26	2.188676e+23	1.462001e-09	0.002864921	1.244464e+10	5.00776e+10	1.271137e+12	4.341055e-06	4.028358e-11	5.777764e-17	0.5013144	0.5	0.1890732	1	29.46493	3.664113	10569.8	1.117189e+26	1.827432e+28	5.151575e+27	6.741065e+25	3.118866e+27	1.203261e+27	5.325573e+26	2.294797e+26	0.2188657	0	0.01993196	0.03560219	0.03560219	0.001424136	0.02670164	0	0	-0.050121	0	6.830597e-17	0	6.830597e-17	0	-511.2553	0	-511.2553	0	30924.87	77194.93	141.7676	8664.825	1.106061	1	0	0.4523825	1	2	0	0	
6972	1760.328	3.45e+19	0	0	100000	1.949917	1.140862e-05	2.026258e+26	5.205495e+25	1.321545e+25	3.88395e+25	9.041723e+25	6.015366e+25	1.472068e+25	3.78177e+24	9.600968e+23	2.821673e+24	6.568773e+24	4.370138e+24	0.2968706	1.472068e+26	3.78177e+25	9.600968e+24	2.821673e+25	6.454336e+25	4.293645e+25	1.909305e+24	0	0	0	0	0	0	0	0	0	0	0	0	0	0	1.89637e+26	9.844416e+16	1.89637e+26	8.572632e+25	4.246404e+21	8.572207e+25	4.589389e+25	5.570544e+13	4.589389e+25	1.714526e+26	1.050026e+14	1.714526e+26	5.108942e+25	4.552776e+14	5.108942e+25	1.636593e+26	1.073697e+21	1.636583e+26	2.188078e+23	1.462332e-09	0.002866088	1.238031e+10	5.060439e+10	1.28065e+12	4.352294e-06	4.049244e-11	5.822758e-17	0.5013089	0.5	0.1895606	1	29.58374	3.678888	10569.8	1.117189e+26	1.827432e+28	5.151575e+27	6.741065e+25	3.118866e+27	1.203261e+27	5.325573e+26	2.294797e+26	0.2188657	0	0.01994285	0.03560219	0.03560219	0.001424136	0.02670164	0	0	-0.050083	0	6.851299e-17	0	6.851299e-17	0	-511.211	0	-511.211	0	30924.27	77194.93	142.3392	8664.656	1.106061	1	0	0.4523825	1	2	0	0	
7000	1760.328	3.45e+19	0	0	100000	1.949955	1.140862e-05	2.034396e+26	5.207979e+25	1.322515e+25	3.885463e+25	9.089185e+25	6.046796e+25	1.47798e+25	3.783574e+24	9.608018e+23	2.822772e+24	6.603254e+24	4.392972e+24	0.2972281	1.47798e+26	3.783574e+25	9.608018e+24	2.822772e+25	6.488355e+25	4.316173e+25	1.916974e+24	0	0	0	0	0	0	0	0	0	0	0	0	0	0	1.903986e+26	9.956241e+16	1.903986e+26	8.60706e+25	4.263495e+21	8.606634e+25	4.60782e+25	5.599812e+13	4.60782e+25	1.721412e+26	1.055543e+14	1.721412e+26	5.12946e+25	4.576696e+14	5.12946e+25	1.643166e+26	1.079338e+21	1.643155e+26	2.187488e+23	1.462659e-09	0.002867239	1.231658e+10	5.11343e+10	1.290193e+12	4.363515e-06	4.07015e-11	5.867909e-17	0.5013033	0.5	0.1900472	1	29.70255	3.693663	10569.8	1.117189e+26	1.827432e+28	5.151575e+27	6.741065e+25	3.118866e+27	1.203261e+27	5.325573e+26	2.294797e+26	0.2188657	0	0.01995352	0.03560219	0.03560219	0.001424136	0.02670164	0	0	-0.050045	0	6.872078e-17	0	6.872078e-17	0	-511.1667	0	-511.1667	0	30923.67	77194.93	142.9109	8664.487	1.106061	1	0	0.4523825	1	2	0	0	
7028	1760.328	3.45e+19	0	0	100000	1.949993	1.140862e-05	2.042534e+26	5.210427e+25	1.323472e+25	3.886955e+25	9.136668e+25	6.07824e+25	1.483892e+25	3.785353e+24	9.614971e+23	2.823856e+24	6.637751e+24	4.415816e+24	0.2975834	1.483892e+26	3.785353e+25	9.614971e+24	2.823856e+25	6.52239e+25	4.338712e+25	1.924641e+24	0	0	0	0	0	0	0	0	0	0	0	0	0	0	1.911602e+26	1.006911e+17	1.911602e+26	8.641488e+25	4.280547e+21	8.64106e+25	4.626251e+25	5.629093e+13	4.626251e+25	1.728298e+26	1.061062e+14	1.728298e+26	5.149978e+25	4.600628e+14	5.149978e+25	1.649739e+26	1.084982e+21	1.649728e+26	2.186907e+23	1.462982e-09	0.002868374	1.225345e+10	5.166734e+10	1.299766e+12	4.374717e-06	4.091074e-11	5.913217e-17	0.5012978	0.5	0.190533	1	29.82136	3.708437	10569.8	1.117189e+26	1.827432e+28	5.151575e+27	6.741065e+25	3.118866e+27	1.203261e+27	5.325573e+26	2.294797e+26	0.2188657	0	0.01996396	0.03560219	0.03560219	0.001424136	0.02670164	0	0	-0.050007	0	6.892933e-17	0	6.892933e-17	0	-511.1224	0	-511.1224	0	30923.06	77194.93	143.4825	8664.318	1.106061	1	0	0.4523825	1	2	0	0	
7056	1760.328	3.45e+19	0	0	100000	1.950031	1.140862e-05	2.050671e+26	5.212841e+25	1.324416e+25	3.888425e+25	9.184172e+25	6.109699e+25	1.489804e+25	3.787107e+24	9.621828e+23	2.824924e+24	6.672262e+24	4.43867e+24	0.2979365	1.489804e+26	3.787107e+25	9.621828e+24	2.824924e+25	6.55644e+25	4.361261e+25	1.932309e+24	0	0	0	0	0	0	0	0	0	0	0	0	0	0	1.919218e+26	1.018306e+17	1.919218e+26	8.675916e+25	4.297557e+21	8.675487e+25	4.644683e+25	5.658387e+13	4.644683e+25	1.735183e+26	1.066584e+14	1.735183e+26	5.170496e+25	4.624569e+14	5.170496e+25	1.656311e+26	1.090628e+21	1.6563e+26	2.186334e+23	1.4633e-09	0.002869493	1.219091e+10	5.22035e+10	1.309368e+12	4.3859e-06	4.112017e-11	5.958682e-17	0.5012924	0.5	0.191018	1	29.94017	3.723212	10569.8	1.117189e+26	1.827432e+28	5.151575e+27	6.741065e+25	3.118866e+27	1.203261e+27	5.325573e+26	2.294797e+26	0.2188657	0	0.01997417	0.03560219	0.03560219	0.001424136	0.02670164	0	0	-0.049969	0	6.913865e-17	0	6.913865e-17	0	-511.078	0	-511.078	0	30922.46	77194.93	144.0542	8664.15	1.106061	1	0	0.4523825	1	2	0	0	
7084	1760.328	3.45e+19	0	0	100000	1.950069	1.140862e-05	2.058809e+26	5.215221e+25	1.325347e+25	3.889874e+25	9.231696e+25	6.14117e+25	1.495716e+25	3.788836e+24	9.628591e+23	2.825977e+24	6.706788e+24	4.461534e+24	0.2982876	1.495716e+26	3.788836e+25	9.628591e+24	2.825977e+25	6.590505e+25	4.383819e+25	1.939977e+24	0	0	0	0	0	0	0	0	0	0	0	0	0	0	1.926834e+26	1.029808e+17	1.926834e+26	8.710345e+25	4.314528e+21	8.709913e+25	4.663114e+25	5.687693e+13	4.663114e+25	1.742069e+26	1.072108e+14	1.742069e+26	5.191014e+25	4.64852e+14	5.191014e+25	1.662884e+26	1.096277e+21	1.662873e+26	2.18577e+23	1.463613e-09	0.002870596	1.212895e+10	5.274279e+10	1.318999e+12	4.397065e-06	4.132979e-11	6.004303e-17	0.501287	0.5	0.1915022	1	30.05898	3.737987	10569.8	1.117189e+26	1.827432e+28	5.151575e+27	6.741065e+25	3.118866e+27	1.203261e+27	5.325573e+26	2.294797e+26	0.2188657	0	0.01998414	0.03560219	0.03560219	0.001424136	0.02670164	0	0	-0.049931	0	6.934874e-17	0	6.934874e-17	0	-511.0336	0	-511.0336	0	30921.86	77194.93	144.6259	8663.981	1.106061	1	0	0.4523825	1	2	0	0	
7112	1760.328	3.45e+19	0	0	100000	1.950107	1.140862e-05	2.066946e+26	5.217568e+25	1.326265e+25	3.891303e+25	9.27924e+25	6.172656e+25	1.501628e+25	3.790541e+24	9.63526e+23	2.827015e+24	6.741328e+24	4.484408e+24	0.2986365	1.501628e+26	3.790541e+25	9.63526e+24	2.827015e+25	6.624584e+25	4.406388e+25	1.947645e+24	0	0	0	0	0	0	0	0	0	0	0	0	0	0	1.93445e+26	1.04142e+17	1.93445e+26	8.744773e+25	4.331457e+21	8.74434e+25	4.681545e+25	5.717012e+13	4.681545e+25	1.748955e+26	1.077634e+14	1.748955e+26	5.211531e+25	4.672482e+14	5.211531e+25	1.669457e+26	1.101928e+21	1.669446e+26	2.185214e+23	1.463922e-09	0.002871683	1.206756e+10	5.328522e+10	1.32866e+12	4.408211e-06	4.15396e-11	6.05008e-17	0.5012816	0.5	0.1919856	1	30.17779	3.752761	10569.8	1.117189e+26	1.827432e+28	5.151575e+27	6.741065e+25	3.118866e+27	1.203261e+27	5.325573e+26	2.294797e+26	0.2188657	0	0.01999388	0.03560219	0.03560219	0.001424136	0.02670164	0	0	-0.049893	0	6.955961e-17	0	6.955961e-17	0	-510.9891	0	-510.9891	0	30921.26	77194.93	145.1975	8663.812	1.106061	1	0	0.4523825	1	2	0	0	
7140	1760.328	3.45e+19	0	0	100000	1.950145	1.140862e-05	2.075084e+26	5.219881e+25	1.327171e+25	3.892711e+25	9.326804e+25	6.204154e+25	1.50754e+25	3.792221e+24	9.641838e+23	2.828038e+24	6.775883e+24	4.507291e+24	0.2989833	1.50754e+26	3.792221e+25	9.641838e+24	2.828038e+25	6.658678e+25	4.428966e+25	1.955312e+24	0	0	0	0	0	0	0	0	0	0	0	0	0	0	1.942066e+26	1.053141e+17	1.942066e+26	8.779201e+25	4.348347e+21	8.778766e+25	4.699976e+25	5.746343e+13	4.699976e+25	1.75584e+26	1.083163e+14	1.75584e+26	5.232049e+25	4.696454e+14	5.232049e+25	1.676029e+26	1.107581e+21	1.676018e+26	2.184666e+23	1.464227e-09	0.002872755	1.200674e+10	5.383079e+10	1.338351e+12	4.419339e-06	4.174958e-11	6.096014e-17	0.5012763	0.5	0.1924682	1	30.2966	3.767536	10569.8	1.117189e+26	1.827432e+28	5.151575e+27	6.741065e+25	3.118866e+27	1.203261e+27	5.325573e+26	2.294797e+26	0.2188657	0	0.02000339	0.03560219	0.03560219	0.001424136	0.02670164	0	0	-0.049855	0	6.977127e-17	0	6.977127e-17	0	-510.9447	0	-510.9447	0	30920.65	77194.93	145.7692	8663.643	1.106061	1	0	0.4523825	1	2	0	0	
7168	1760.328	3.45e+19	0	0	100000	1.950183	1.140862e-05	2.083222e+26	5.222162e+25	1.328064e+25	3.894099e+25	9.374387e+25	6.235666e+25	1.513452e+25	3.793878e+24	9.648325e+23	2.829046e+24	6.810452e+24	4.530184e+24	0.299328	1.513452e+26	3.793878e+25	9.648325e+24	2.829046e+25	6.692785e+25	4.451553e+25	1.962981e+24	0	0	0	0	0	0	0	0	0	0	0	0	0	0	1.949682e+26	1.064973e+17	1.949682e+26	8.813629e+25	4.365194e+21	8.813193e+25	4.718408e+25	5.775686e+13	4.718408e+25	1.762726e+26	1.088694e+14	1.762726e+26	5.252567e+25	4.720436e+14	5.252567e+25	1.682602e+26	1.113237e+21	1.682591e+26	2.184126e+23	1.464527e-09	0.002873813	1.194647e+10	5.43795e+10	1.34807e+12	4.430449e-06	4.195975e-11	6.142104e-17	0.501271	0.5	0.19295	1	30.41541	3.782311	10569.8	1.117189e+26	1.827432e+28	5.151575e+27	6.741065e+25	3.118866e+27	1.203261e+27	5.325573e+26	2.294797e+26	0.2188657	0	0.02001267	0.03560219	0.03560219	0.001424136	0.02670164	0	0	-0.049817	0	6.99837e-17	0	6.99837e-17	0	-510.9002	0	-510.9002	0	30920.05	77194.93	146.3408	8663.474	1.106061	1	0	0.4523825	1	2	0	0	
7196	1760.328	3.45e+19	0	0	100000	1.950221	1.140862e-05	2.091359e+26	5.224411e+25	1.328944e+25	3.895467e+25	9.42199e+25	6.26719e+25	1.519363e+25	3.795512e+24	9.654723e+23	2.83004e+24	6.845035e+24	4.553087e+24	0.2996707	1.519363e+26	3.795512e+25	9.654723e+24	2.83004e+25	6.726907e+25	4.47415e+25	1.970648e+24	0	0	0	0	0	0	0	0	0	0	0	0	0	0	1.957298e+26	1.076916e+17	1.957298e+26	8.848058e+25	4.382002e+21	8.847619e+25	4.736839e+25	5.805041e+13	4.736839e+25	1.769612e+26	1.094227e+14	1.769612e+26	5.273085e+25	4.744427e+14	5.273085e+25	1.689175e+26	1.118895e+21	1.689163e+26	2.183594e+23	1.464823e-09	0.002874855	1.188676e+10	5.493135e+10	1.357819e+12	4.441541e-06	4.217011e-11	6.188349e-17	0.5012658	0.5	0.1934311	1	30.53422	3.797085	10569.8	1.117189e+26	1.827432e+28	5.151575e+27	6.741065e+25	3.118866e+27	1.203261e+27	5.325573e+26	2.294797e+26	0.2188657	0	0.02002171	0.03560219	0.03560219	0.001424136	0.02670164	0	0	-0.049779	0	7.019692e-17	0	7.019692e-17	0	-510.8557	0	-510.8557	0	30919.45	77194.93	146.9125	8663.306	1.106061	1	0	0.4523825	1	2	0	0	
7224	1760.328	3.45e+19	0	0	100000	1.950259	1.140862e-05	2.099497e+26	5.226628e+25	1.329813e+25	3.896815e+25	9.469611e+25	6.298727e+25	1.525275e+25	3.797123e+24	9.661032e+23	2.83102e+24	6.879632e+24	4.575999e+24	0.3000113	1.525275e+26	3.797123e+25	9.661032e+24	2.83102e+25	6.761043e+25	4.496756e+25	1.978316e+24	0	0	0	0	0	0	0	0	0	0	0	0	0	0	1.964914e+26	1.088973e+17	1.964914e+26	8.882486e+25	4.398768e+21	8.882046e+25	4.75527e+25	5.834408e+13	4.75527e+25	1.776497e+26	1.099763e+14	1.776497e+26	5.293603e+25	4.768428e+14	5.293603e+25	1.695747e+26	1.124555e+21	1.695736e+26	2.183069e+23	1.465115e-09	0.002875883	1.182758e+10	5.548634e+10	1.367597e+12	4.452614e-06	4.238064e-11	6.234751e-17	0.5012606	0.5	0.1939113	1	30.65303	3.81186	10569.8	1.117189e+26	1.827432e+28	5.151575e+27	6.741065e+25	3.118866e+27	1.203261e+27	5.325573e+26	2.294797e+26	0.2188657	0	0.02003052	0.03560219	0.03560219	0.001424136	0.02670164	0	0	-0.049741	0	7.041094e-17	0	7.041094e-17	0	-510.8111	0	-510.8111	0	30918.85	77194.93	147.4841	8663.137	1.106061	1	0	0.4523825	1	2	0	0	
7252	1760.328	3.45e+19	0	0	100000	1.950297	1.140862e-05	2.107634e+26	5.228813e+25	1.330669e+25	3.898144e+25	9.517252e+25	6.330277e+25	1.531187e+25	3.798711e+24	9.667254e+23	2.831985e+24	6.914243e+24	4.598919e+24	0.3003499	1.531187e+26	3.798711e+25	9.667254e+24	2.831985e+25	6.795192e+25	4.519372e+25	1.985984e+24	0	0	0	0	0	0	0	0	0	0	0	0	0	0	1.972529e+26	1.101143e+17	1.972529e+26	8.916914e+25	4.415494e+21	8.916473e+25	4.773702e+25	5.863787e+13	4.773702e+25	1.783383e+26	1.105301e+14	1.783383e+26	5.314121e+25	4.792438e+14	5.314121e+25	1.70232e+26	1.130218e+21	1.702309e+26	2.182552e+23	1.465403e-09	0.002876896	1.176895e+10	5.604449e+10	1.377404e+12	4.46367e-06	4.259136e-11	6.281307e-17	0.5012554	0.5	0.1943908	1	30.77184	3.826634	10569.8	1.117189e+26	1.827432e+28	5.151575e+27	6.741065e+25	3.118866e+27	1.203261e+27	5.325573e+26	2.294797e+26	0.2188657	0	0.0200391	0.03560219	0.03560219	0.001424136	0.02670164	0	0	-0.049703	0	7.062575e-17	0	7.062575e-17	0	-510.7665	0	-510.7665	0	30918.24	77194.93	148.0558	8662.968	1.106061	1	0	0.4523825	1	2	0	0	
7280	1760.328	3.45e+19	0	0	100000	1.950335	1.140862e-05	2.115772e+26	5.230968e+25	1.331514e+25	3.899455e+25	9.564911e+25	6.361839e+25	1.537099e+25	3.800276e+24	9.67339e+23	2.832937e+24	6.948867e+24	4.621849e+24	0.3006865	1.537099e+26	3.800276e+25	9.67339e+24	2.832937e+25	6.829355e+25	4.541996e+25	1.993652e+24	0	0	0	0	0	0	0	0	0	0	0	0	0	0	1.980145e+26	1.113425e+17	1.980145e+26	8.951342e+25	4.43218e+21	8.950899e+25	4.792133e+25	5.893177e+13	4.792133e+25	1.790268e+26	1.11084e+14	1.790268e+26	5.334638e+25	4.816458e+14	5.334638e+25	1.708893e+26	1.135883e+21	1.708881e+26	2.182043e+23	1.465686e-09	0.002877895	1.171084e+10	5.660578e+10	1.38724e+12	4.474707e-06	4.280226e-11	6.328019e-17	0.5012503	0.5	0.1948695	1	30.89065	3.841409	10569.8	1.117189e+26	1.827432e+28	5.151575e+27	6.741065e+25	3.118866e+27	1.203261e+27	5.325573e+26	2.294797e+26	0.2188657	0	0.02004744	0.03560219	0.03560219	0.001424136	0.02670164	0	0	-0.049665	0	7.084135e-17	0	7.084135e-17	0	-510.7219	0	-510.7219	0	30917.64	77194.93	148.6275	8662.799	1.106061	1	0	0.4523825	1	2	0	0	
7308	1760.328	3.45e+19	0	0	100000	1.950373	1.140862e-05	2.123909e+26	5.233093e+25	1.332347e+25	3.900746e+25	9.612588e+25	6.393414e+25	1.543011e+25	3.801819e+24	9.679441e+23	2.833875e+24	6.983504e+24	4.644788e+24	0.301021	1.543011e+26	3.801819e+25	9.679441e+24	2.833875e+25	6.863531e+25	4.564629e+25	2.00132e+24	0	0	0	0	0	0	0	0	0	0	0	0	0	0	1.987761e+26	1.125825e+17	1.987761e+26	8.985771e+25	4.448824e+21	8.985326e+25	4.810564e+25	5.922578e+13	4.810564e+25	1.797154e+26	1.116382e+14	1.797154e+26	5.355156e+25	4.840487e+14	5.355156e+25	1.715465e+26	1.14155e+21	1.715454e+26	2.181541e+23	1.465966e-09	0.00287888	1.165325e+10	5.717023e+10	1.397105e+12	4.485727e-06	4.301333e-11	6.374886e-17	0.5012452	0.5	0.1953474	1	31.00946	3.856184	10569.8	1.117189e+26	1.827432e+28	5.151575e+27	6.741065e+25	3.118866e+27	1.203261e+27	5.325573e+26	2.294797e+26	0.2188657	0	0.02005554	0.03560219	0.03560219	0.001424136	0.02670164	0	0	-0.049627	0	7.105776e-17	0	7.105776e-17	0	-510.6773	0	-510.6773	0	30917.04	77194.93	149.1991	8662.63	1.106061	1	0	0.4523825	1	2	0	0	
7336	1760.328	3.45e+19	0	0	100000	1.950411	1.140862e-05	2.132047e+26	5.235187e+25	1.333168e+25	3.902019e+25	9.660283e+25	6.425e+25	1.548923e+25	3.803341e+24	9.685409e+23	2.8348e+24	7.018154e+24	4.667735e+24	0.3013536	1.548923e+26	3.803341e+25	9.685409e+24	2.8348e+25	6.89772e+25	4.587271e+25	2.008988e+24	0	0	0	0	0	0	0	0	0	0	0	0	0	0	1.995377e+26	1.138344e+17	1.995377e+26	9.020199e+25	4.465425e+21	9.019752e+25	4.828995e+25	5.95199e+13	4.828995e+25	1.80404e+26	1.121926e+14	1.80404e+26	5.375674e+25	4.864525e+14	5.375674e+25	1.722038e+26	1.147219e+21	1.722026e+26	2.181046e+23	1.466242e-09	0.002879851	1.159618e+10	5.773784e+10	1.407e+12	4.496729e-06	4.322459e-11	6.421908e-17	0.5012402	0.5	0.1958245	1	31.12827	3.870958	10569.8	1.117189e+26	1.827432e+28	5.151575e+27	6.741065e+25	3.118866e+27	1.203261e+27	5.325573e+26	2.294797e+26	0.2188657	0	0.02006341	0.03560219	0.03560219	0.001424136	0.02670164	0	0	-0.049589	0	7.127498e-17	0	7.127498e-17	0	-510.6326	0	-510.6326	0	30916.44	77194.93	149.7708	8662.462	1.106061	1	0	0.4523825	1	2	0	0	
7364	1760.328	3.45e+19	0	0	100000	1.950449	1.140862e-05	2.140185e+26	5.237252e+25	1.333978e+25	3.903274e+25	9.707996e+25	6.456598e+25	1.554835e+25	3.804841e+24	9.691293e+23	2.835712e+24	7.052818e+24	4.690691e+24	0.3016842	1.554835e+26	3.804841e+25	9.691293e+24	2.835712e+25	6.931922e+25	4.609921e+25	2.016656e+24	0	0	0	0	0	0	0	0	0	0	0	0	0	0	2.002993e+26	1.150978e+17	2.002993e+26	9.054627e+25	4.481986e+21	9.054179e+25	4.847427e+25	5.981414e+13	4.847427e+25	1.810925e+26	1.127473e+14	1.810925e+26	5.396192e+25	4.888573e+14	5.396192e+25	1.728611e+26	1.15289e+21	1.728599e+26	2.180559e+23	1.466513e-09	0.002880809	1.153962e+10	5.83086e+10	1.416923e+12	4.507713e-06	4.343602e-11	6.469084e-17	0.5012352	0.5	0.1963009	1	31.24708	3.885733	10569.8	1.117189e+26	1.827432e+28	5.151575e+27	6.741065e+25	3.118866e+27	1.203261e+27	5.325573e+26	2.294797e+26	0.2188657	0	0.02007105	0.03560219	0.03560219	0.001424136	0.02670164	0	0	-0.049551	0	7.1493e-17	0	7.1493e-17	0	-510.5879	0	-510.5879	0	30915.84	77194.93	150.3424	8662.293	1.106061	1	0	0.4523825	1	2	0	0	
7392	1760.328	3.45e+19	0	0	100000	1.950487	1.140862e-05	2.148322e+26	5.239287e+25	1.334777e+25	3.904511e+25	9.755726e+25	6.488208e+25	1.560747e+25	3.80632e+24	9.697097e+23	2.83661e+24	7.087494e+24	4.713655e+24	0.3020128	1.560747e+26	3.80632e+25	9.697097e+24	2.83661e+25	6.966136e+25	4.63258e+25	2.024323e+24	0	0	0	0	0	0	0	0	0	0	0	0	0	0	2.010609e+26	1.163731e+17	2.010609e+26	9.089055e+25	4.498507e+21	9.088606e+25	4.865858e+25	6.010848e+13	4.865858e+25	1.817811e+26	1.133021e+14	1.817811e+26	5.41671e+25	4.912629e+14	5.41671e+25	1.735183e+26	1.158563e+21	1.735172e+26	2.180078e+23	1.466781e-09	0.002881753	1.148356e+10	5.888253e+10	1.426875e+12	4.51868e-06	4.364763e-11	6.516415e-17	0.5012302	0.5	0.1967766	1	31.36589	3.900508	10569.8	1.117189e+26	1.827432e+28	5.151575e+27	6.741065e+25	3.118866e+27	1.203261e+27	5.325573e+26	2.294797e+26	0.2188657	0	0.02007845	0.03560219	0.03560219	0.001424136	0.02670164	0	0	-0.049513	0	7.171183e-17	0	7.171183e-17	0	-510.5432	0	-510.5432	0	30915.23	77194.93	150.9141	8662.124	1.106061	1	0	0.4523825	1	2	0	0	
7420	1760.328	3.45e+19	0	0	100000	1.950525	1.140862e-05	2.15646e+26	5.241294e+25	1.335565e+25	3.90573e+25	9.803474e+25	6.519829e+25	1.566659e+25	3.807778e+24	9.70282e+23	2.837496e+24	7.122182e+24	4.736628e+24	0.3023395	1.566659e+26	3.807778e+25	9.70282e+24	2.837496e+25	7.000364e+25	4.655247e+25	2.031992e+24	0	0	0	0	0	0	0	0	0	0	0	0	0	0	2.018225e+26	1.176604e+17	2.018225e+26	9.123484e+25	4.514985e+21	9.123032e+25	4.884289e+25	6.040293e+13	4.884289e+25	1.824697e+26	1.138571e+14	1.824697e+26	5.437228e+25	4.936694e+14	5.437228e+25	1.741756e+26	1.164238e+21	1.741744e+26	2.179605e+23	1.467045e-09	0.002882684	1.1428e+10	5.945962e+10	1.436856e+12	4.52963e-06	4.385941e-11	6.563901e-17	0.5012253	0.5	0.1972514	1	31.4847	3.915282	10569.8	1.117189e+26	1.827432e+28	5.151575e+27	6.741065e+25	3.118866e+27	1.203261e+27	5.325573e+26	2.294797e+26	0.2188657	0	0.02008561	0.03560219	0.03560219	0.001424136	0.02670164	0	0	-0.049475	0	7.193148e-17	0	7.193148e-17	0	-510.4984	0	-510.4984	0	30914.63	77194.93	151.4858	8661.955	1.106061	1	0	0.4523825	1	2	0	0	
7448	1760.328	3.45e+19	0	0	100000	1.950563	1.140862e-05	2.164597e+26	5.243273e+25	1.336341e+25	3.906931e+25	9.851239e+25	6.551462e+25	1.572571e+25	3.809215e+24	9.708463e+23	2.838369e+24	7.156883e+24	4.759609e+24	0.3026642	1.572571e+26	3.809215e+25	9.708463e+24	2.838369e+25	7.034603e+25	4.677923e+25	2.03966e+24	0	0	0	0	0	0	0	0	0	0	0	0	0	0	2.025841e+26	1.189601e+17	2.025841e+26	9.157912e+25	4.531421e+21	9.157459e+25	4.90272e+25	6.069748e+13	4.90272e+25	1.831582e+26	1.144123e+14	1.831582e+26	5.457745e+25	4.960767e+14	5.457745e+25	1.748329e+26	1.169916e+21	1.748317e+26	2.179138e+23	1.467306e-09	0.002883601	1.137292e+10	6.003988e+10	1.446865e+12	4.540562e-06	4.407137e-11	6.61154e-17	0.5012204	0.5	0.1977256	1	31.60351	3.930057	10569.8	1.117189e+26	1.827432e+28	5.151575e+27	6.741065e+25	3.118866e+27	1.203261e+27	5.325573e+26	2.294797e+26	0.2188657	0	0.02009254	0.03560219	0.03560219	0.001424136	0.02670164	0	0	-0.049437	0	7.215195e-17	0	7.215195e-17	0	-510.4536	0	-510.4536	0	30914.03	77194.93	152.0574	8661.787	1.106061	1	0	0.4523825	1	2	0	0	
7476	1760.328	3.45e+19	0	0	100000	1.950601	1.140862e-05	2.172735e+26	5.245223e+25	1.337107e+25	3.908116e+25	9.899021e+25	6.583106e+25	1.578483e+25	3.810632e+24	9.714029e+23	2.839229e+24	7.191596e+24	4.782598e+24	0.3029871	1.578483e+26	3.810632e+25	9.714029e+24	2.839229e+25	7.068855e+25	4.700606e+25	2.047328e+24	0	0	0	0	0	0	0	0	0	0	0	0	0	0	2.033457e+26	1.202718e+17	2.033457e+26	9.19234e+25	4.547816e+21	9.191885e+25	4.921152e+25	6.099214e+13	4.921152e+25	1.838468e+26	1.149677e+14	1.838468e+26	5.478263e+25	4.984849e+14	5.478263e+25	1.754901e+26	1.175595e+21	1.75489e+26	2.178678e+23	1.467562e-09	0.002884506	1.131833e+10	6.062331e+10	1.456904e+12	4.551476e-06	4.428351e-11	6.659334e-17	0.5012156	0.5	0.198199	1	31.72232	3.944832	10569.8	1.117189e+26	1.827432e+28	5.151575e+27	6.741065e+25	3.118866e+27	1.203261e+27	5.325573e+26	2.294797e+26	0.2188657	0	0.02009923	0.03560219	0.03560219	0.001424136	0.02670164	0	0	-0.049399	0	7.237325e-17	0	7.237325e-17	0	-510.4088	0	-510.4088	0	30913.43	77194.93	152.6291	8661.618	1.106061	1	0	0.4523825	1	2	0	0	
7504	1760.328	3.45e+19	0	0	100000	1.950639	1.140862e-05	2.180873e+26	5.247146e+25	1.337863e+25	3.909283e+25	9.946819e+25	6.61476e+25	1.584395e+25	3.812029e+24	9.719517e+23	2.840077e+24	7.226322e+24	4.805595e+24	0.303308	1.584395e+26	3.812029e+25	9.719517e+24	2.840077e+25	7.103119e+25	4.723298e+25	2.054996e+24	0	0	0	0	0	0	0	0	0	0	0	0	0	0	2.041073e+26	1.215956e+17	2.041073e+26	9.226768e+25	4.564171e+21	9.226312e+25	4.939583e+25	6.12869e+13	4.939583e+25	1.845354e+26	1.155234e+14	1.845354e+26	5.498781e+25	5.00894e+14	5.498781e+25	1.761474e+26	1.181276e+21	1.761462e+26	2.178225e+23	1.467816e-09	0.002885398	1.126422e+10	6.120992e+10	1.466971e+12	4.562374e-06	4.449582e-11	6.707282e-17	0.5012108	0.5	0.1986716	1	31.84113	3.959606	10569.8	1.117189e+26	1.827432e+28	5.151575e+27	6.741065e+25	3.118866e+27	1.203261e+27	5.325573e+26	2.294797e+26	0.2188657	0	0.02010569	0.03560219	0.03560219	0.001424136	0.02670164	0	0	-0.049361	0	7.259537e-17	0	7.259537e-17	0	-510.364	0	-510.364	0	30912.82	77194.93	153.2007	8661.449	1.106061	1	0	0.4523825	1	2	0	0	
7532	1760.328	3.45e+19	0	0	100000	1.950677	1.140862e-05	2.18901e+26	5.249041e+25	1.338608e+25	3.910434e+25	9.994634e+25	6.646426e+25	1.590306e+25	3.813406e+24	9.724928e+23	2.840913e+24	7.261059e+24	4.8286e+24	0.303627	1.590306e+26	3.813406e+25	9.724928e+24	2.840913e+25	7.137395e+25	4.745997e+25	2.062664e+24	0	0	0	0	0	0	0	0	0	0	0	0	0	0	2.048689e+26	1.229321e+17	2.048689e+26	9.261197e+25	4.580483e+21	9.260739e+25	4.958014e+25	6.158176e+13	4.958014e+25	1.852239e+26	1.160792e+14	1.852239e+26	5.519299e+25	5.033038e+14	5.519299e+25	1.768047e+26	1.18696e+21	1.768035e+26	2.177778e+23	1.468065e-09	0.002886278	1.121058e+10	6.179969e+10	1.477067e+12	4.573254e-06	4.47083e-11	6.755383e-17	0.501206	0.5	0.1991435	1	31.95994	3.974381	10569.8	1.117189e+26	1.827432e+28	5.151575e+27	6.741065e+25	3.118866e+27	1.203261e+27	5.325573e+26	2.294797e+26	0.2188657	0	0.02011191	0.03560219	0.03560219	0.001424136	0.02670164	0	0	-0.049323	0	7.281832e-17	0	7.281832e-17	0	-510.3191	0	-510.3191	0	30912.22	77194.93	153.7724	8661.28	1.106061	1	0	0.4523825	1	2	0	0	
7560	1760.328	3.45e+19	0	0	100000	1.950715	1.140862e-05	2.197148e+26	5.25091e+25	1.339342e+25	3.911568e+25	1.004246e+26	6.678102e+25	1.596218e+25	3.814764e+24	9.730265e+23	2.841737e+24	7.295808e+24	4.851613e+24	0.3039442	1.596218e+26	3.814764e+25	9.730265e+24	2.841737e+25	7.171683e+25	4.768704e+25	2.070332e+24	0	0	0	0	0	0	0	0	0	0	0	0	0	0	2.056305e+26	1.242813e+17	2.056305e+26	9.295625e+25	4.596752e+21	9.295165e+25	4.976446e+25	6.187673e+13	4.976446e+25	1.859125e+26	1.166351e+14	1.859125e+26	5.539817e+25	5.057145e+14	5.539817e+25	1.774619e+26	1.192645e+21	1.774607e+26	2.177338e+23	1.468311e-09	0.002887145	1.11574e+10	6.239265e+10	1.487191e+12	4.584118e-06	4.492095e-11	6.803638e-17	0.5012012	0.5	0.1996146	1	32.07875	3.989156	10569.8	1.117189e+26	1.827432e+28	5.151575e+27	6.741065e+25	3.118866e+27	1.203261e+27	5.325573e+26	2.294797e+26	0.2188657	0	0.0201179	0.03560219	0.03560219	0.001424136	0.02670164	0	0	-0.049285	0	7.304211e-17	0	7.304211e-17	0	-510.2742	0	-510.2742	0	30911.62	77194.93	154.3441	8661.112	1.106061	1	0	0.4523825	1	2	0	0	
7588	1760.328	3.45e+19	0	0	100000	1.950753	1.140862e-05	2.205285e+26	5.252752e+25	1.340067e+25	3.912685e+25	1.009031e+26	6.709789e+25	1.60213e+25	3.816102e+24	9.735528e+23	2.842549e+24	7.330568e+24	4.874633e+24	0.3042595	1.60213e+26	3.816102e+25	9.735528e+24	2.842549e+25	7.205982e+25	4.791419e+25	2.077999e+24	0	0	0	0	0	0	0	0	0	0	0	0	0	0	2.063921e+26	1.256426e+17	2.063921e+26	9.330053e+25	4.612983e+21	9.329592e+25	4.994877e+25	6.217179e+13	4.994877e+25	1.866011e+26	1.171913e+14	1.866011e+26	5.560335e+25	5.08126e+14	5.560335e+25	1.781192e+26	1.198332e+21	1.78118e+26	2.176904e+23	1.468554e-09	0.002888	1.110469e+10	6.298879e+10	1.497344e+12	4.594964e-06	4.513378e-11	6.852046e-17	0.5011965	0.5	0.2000851	1	32.19756	4.00393	10569.8	1.117189e+26	1.827432e+28	5.151575e+27	6.741065e+25	3.118866e+27	1.203261e+27	5.325573e+26	2.294797e+26	0.2188657	0	0.02012365	0.03560219	0.03560219	0.001424136	0.02670164	0	0	-0.049247	0	7.326673e-17	0	7.326673e-17	0	-510.2292	0	-510.2292	0	30911.02	77194.93	154.9157	8660.943	1.106061	1	0	0.4523825	1	2	0	0	
7616	1760.328	3.45e+19	0	0	100000	1.950791	1.140862e-05	2.213423e+26	5.254568e+25	1.340781e+25	3.913787e+25	1.013817e+26	6.741486e+25	1.608042e+25	3.817421e+24	9.740717e+23	2.84335e+24	7.36534e+24	4.897661e+24	0.3045729	1.608042e+26	3.817421e+25	9.740717e+24	2.84335e+25	7.240293e+25	4.814142e+25	2.085667e+24	0	0	0	0	0	0	0	0	0	0	0	0	0	0	2.071537e+26	1.270173e+17	2.071537e+26	9.364481e+25	4.629168e+21	9.364018e+25	5.013308e+25	6.246695e+13	5.013308e+25	1.872896e+26	1.177477e+14	1.872896e+26	5.580852e+25	5.105382e+14	5.580852e+25	1.787765e+26	1.204021e+21	1.787753e+26	2.176476e+23	1.468793e-09	0.002888843	1.105243e+10	6.35881e+10	1.507525e+12	4.605794e-06	4.534677e-11	6.900607e-17	0.5011919	0.5	0.2005548	1	32.31637	4.018705	10569.8	1.117189e+26	1.827432e+28	5.151575e+27	6.741065e+25	3.118866e+27	1.203261e+27	5.325573e+26	2.294797e+26	0.2188657	0	0.02012916	0.03560219	0.03560219	0.001424136	0.02670164	0	0	-0.049209	0	7.34922e-17	0	7.34922e-17	0	-510.1843	0	-510.1843	0	30910.42	77194.93	155.4874	8660.774	1.106061	1	0	0.4523825	1	2	0	0	
7644	1760.328	3.45e+19	0	0	100000	1.950829	1.140862e-05	2.22156e+26	5.256359e+25	1.341485e+25	3.914873e+25	1.018605e+26	6.773193e+25	1.613954e+25	3.818722e+24	9.745834e+23	2.844139e+24	7.400124e+24	4.920696e+24	0.3048845	1.613954e+26	3.818722e+25	9.745834e+24	2.844139e+25	7.274615e+25	4.836871e+25	2.093335e+24	0	0	0	0	0	0	0	0	0	0	0	0	0	0	2.079153e+26	1.284046e+17	2.079153e+26	9.39891e+25	4.645313e+21	9.398445e+25	5.031739e+25	6.276221e+13	5.031739e+25	1.879782e+26	1.183042e+14	1.879782e+26	5.60137e+25	5.129513e+14	5.60137e+25	1.794337e+26	1.209712e+21	1.794325e+26	2.176054e+23	1.469028e-09	0.002889674	1.100061e+10	6.419061e+10	1.517735e+12	4.616606e-06	4.555994e-11	6.949322e-17	0.5011872	0.5	0.2010237	1	32.43518	4.03348	10569.8	1.117189e+26	1.827432e+28	5.151575e+27	6.741065e+25	3.118866e+27	1.203261e+27	5.325573e+26	2.294797e+26	0.2188657	0	0.02013444	0.03560219	0.03560219	0.001424136	0.02670164	0	0	-0.049171	0	7.371851e-17	0	7.371851e-17	0	-510.1393	0	-510.1393	0	30909.81	77194.93	156.059	8660.606	1.106061	1	0	0.4523825	1	2	0	0	
7672	1760.328	3.45e+19	0	0	100000	1.950867	1.140862e-05	2.229698e+26	5.258123e+25	1.34218e+25	3.915944e+25	1.023395e+26	6.804911e+25	1.619866e+25	3.820004e+24	9.75088e+23	2.844916e+24	7.434918e+24	4.943739e+24	0.3051943	1.619866e+26	3.820004e+25	9.75088e+24	2.844916e+25	7.308948e+25	4.859608e+25	2.101003e+24	0	0	0	0	0	0	0	0	0	0	0	0	0	0	2.086769e+26	1.298048e+17	2.086769e+26	9.433338e+25	4.661417e+21	9.432872e+25	5.050171e+25	6.305756e+13	5.050171e+25	1.886668e+26	1.188609e+14	1.886668e+26	5.621888e+25	5.153651e+14	5.621888e+25	1.80091e+26	1.215405e+21	1.800898e+26	2.175639e+23	1.469261e-09	0.002890494	1.094924e+10	6.47963e+10	1.527973e+12	4.627402e-06	4.577327e-11	6.998189e-17	0.5011826	0.5	0.201492	1	32.55399	4.048254	10569.8	1.117189e+26	1.827432e+28	5.151575e+27	6.741065e+25	3.118866e+27	1.203261e+27	5.325573e+26	2.294797e+26	0.2188657	0	0.02013949	0.03560219	0.03560219	0.001424136	0.02670164	0	0	-0.049133	0	7.394568e-17	0	7.394568e-17	0	-510.0942	0	-510.0942	0	30909.21	77194.93	156.6307	8660.437	1.106061	1	0	0.4523825	1	2	0	0	
7700	1760.328	3.45e+19	0	0	100000	1.950905	1.140862e-05	2.237836e+26	5.259863e+25	1.342865e+25	3.916999e+25	1.028185e+26	6.836638e+25	1.625778e+25	3.821268e+24	9.755855e+23	2.845683e+24	7.469723e+24	4.966788e+24	0.3055022	1.625778e+26	3.821268e+25	9.755855e+24	2.845683e+25	7.343292e+25	4.882353e+25	2.108671e+24	0	0	0	0	0	0	0	0	0	0	0	0	0	0	2.094385e+26	1.312183e+17	2.094385e+26	9.467766e+25	4.677478e+21	9.467298e+25	5.068602e+25	6.3353e+13	5.068602e+25	1.893553e+26	1.194178e+14	1.893553e+26	5.642406e+25	5.177798e+14	5.642406e+25	1.807483e+26	1.221099e+21	1.80747e+26	2.17523e+23	1.46949e-09	0.002891302	1.089831e+10	6.540519e+10	1.53824e+12	4.638182e-06	4.598677e-11	7.047209e-17	0.5011781	0.5	0.2019595	1	32.6728	4.063029	10569.8	1.117189e+26	1.827432e+28	5.151575e+27	6.741065e+25	3.118866e+27	1.203261e+27	5.325573e+26	2.294797e+26	0.2188657	0	0.0201443	0.03560219	0.03560219	0.001424136	0.02670164	0	0	-0.049095	0	7.417369e-17	0	7.417369e-17	0	-510.0492	0	-510.0492	0	30908.61	77194.93	157.2024	8660.268	1.106061	1	0	0.4523826	1	2	0	0	
7728	1760.328	3.45e+19	0	0	100000	1.950943	1.140862e-05	2.245973e+26	5.261578e+25	1.34354e+25	3.918038e+25	1.032978e+26	6.868375e+25	1.63169e+25	3.822514e+24	9.760762e+23	2.846438e+24	7.50454e+24	4.989845e+24	0.3058084	1.63169e+26	3.822514e+25	9.760762e+24	2.846438e+25	7.377647e+25	4.905104e+25	2.116338e+24	0	0	0	0	0	0	0	0	0	0	0	0	0	0	2.102001e+26	1.326452e+17	2.102001e+26	9.502194e+25	4.693496e+21	9.501725e+25	5.087033e+25	6.364854e+13	5.087033e+25	1.900439e+26	1.199749e+14	1.900439e+26	5.662924e+25	5.201951e+14	5.662924e+25	1.814055e+26	1.226795e+21	1.814043e+26	2.174826e+23	1.469716e-09	0.002892099	1.084781e+10	6.601726e+10	1.548535e+12	4.648944e-06	4.620044e-11	7.096381e-17	0.5011735	0.5	0.2024263	1	32.79161	4.077804	10569.8	1.117189e+26	1.827432e+28	5.151575e+27	6.741065e+25	3.118866e+27	1.203261e+27	5.325573e+26	2.294797e+26	0.2188657	0	0.02014888	0.03560219	0.03560219	0.001424136	0.02670164	0	0	-0.049057	0	7.440256e-17	0	7.440256e-17	0	-510.0041	0	-510.0041	0	30908.01	77194.93	157.774	8660.099	1.106061	1	0	0.4523826	1	2	0	0	
7756	1760.328	3.45e+19	0	0	100000	1.950981	1.140862e-05	2.254111e+26	5.263269e+25	1.344206e+25	3.919063e+25	1.037772e+26	6.900122e+25	1.637602e+25	3.823743e+24	9.7656e+23	2.847183e+24	7.539367e+24	5.012909e+24	0.3061128	1.637602e+26	3.823743e+25	9.7656e+24	2.847183e+25	7.412013e+25	4.927862e+25	2.124006e+24	0	0	0	0	0	0	0	0	0	0	0	0	0	0	2.109616e+26	1.340853e+17	2.109616e+26	9.536622e+25	4.709472e+21	9.536152e+25	5.105465e+25	6.394417e+13	5.105465e+25	1.907324e+26	1.205322e+14	1.907324e+26	5.683442e+25	5.226112e+14	5.683442e+25	1.820628e+26	1.232494e+21	1.820616e+26	2.174428e+23	1.469938e-09	0.002892884	1.079773e+10	6.663254e+10	1.558858e+12	4.659691e-06	4.641428e-11	7.145706e-17	0.501169	0.5	0.2028924	1	32.91042	4.092578	10569.8	1.117189e+26	1.827432e+28	5.151575e+27	6.741065e+25	3.118866e+27	1.203261e+27	5.325573e+26	2.294797e+26	0.2188657	0	0.02015322	0.03560219	0.03560219	0.001424136	0.02670164	0	0	-0.049019	0	7.46323e-17	0	7.46323e-17	0	-509.959	0	-509.959	0	30907.4	77194.93	158.3457	8659.931	1.106061	1	0	0.4523826	1	2	0	0	
7784	1760.328	3.45e+19	0	0	100000	1.951019	1.140862e-05	2.262248e+26	5.264936e+25	1.344863e+25	3.920073e+25	1.042567e+26	6.931878e+25	1.643514e+25	3.824954e+24	9.77037e+23	2.847917e+24	7.574204e+24	5.03598e+24	0.3064154	1.643514e+26	3.824954e+25	9.77037e+24	2.847917e+25	7.446389e+25	4.950627e+25	2.131675e+24	0	0	0	0	0	0	0	0	0	0	0	0	0	0	2.117232e+26	1.355387e+17	2.117232e+26	9.571051e+25	4.725408e+21	9.570578e+25	5.123896e+25	6.423989e+13	5.123896e+25	1.91421e+26	1.210896e+14	1.91421e+26	5.70396e+25	5.250281e+14	5.70396e+25	1.827201e+26	1.238193e+21	1.827188e+26	2.174036e+23	1.470158e-09	0.002893659	1.074808e+10	6.725101e+10	1.56921e+12	4.67042e-06	4.662828e-11	7.195183e-17	0.5011646	0.5	0.2033578	1	33.02923	4.107353	10569.8	1.117189e+26	1.827432e+28	5.151575e+27	6.741065e+25	3.118866e+27	1.203261e+27	5.325573e+26	2.294797e+26	0.2188657	0	0.02015734	0.03560219	0.03560219	0.001424136	0.02670164	0	0	-0.048981	0	7.48629e-17	0	7.48629e-17	0	-509.9138	0	-509.9138	0	30906.8	77194.93	158.9173	8659.762	1.106061	1	0	0.4523826	1	2	0	0	
7812	1760.328	3.45e+19	0	0	100000	1.951057	1.140862e-05	2.270386e+26	5.266579e+25	1.34551e+25	3.921069e+25	1.047364e+26	6.963643e+25	1.649426e+25	3.826147e+24	9.775074e+23	2.84864e+24	7.609052e+24	5.059057e+24	0.3067163	1.649426e+26	3.826147e+25	9.775074e+24	2.84864e+25	7.480776e+25	4.973399e+25	2.139342e+24	0	0	0	0	0	0	0	0	0	0	0	0	0	0	2.124848e+26	1.370059e+17	2.124848e+26	9.605479e+25	4.741301e+21	9.605005e+25	5.142327e+25	6.45357e+13	5.142327e+25	1.921096e+26	1.216472e+14	1.921096e+26	5.724477e+25	5.274456e+14	5.724477e+25	1.833773e+26	1.243895e+21	1.833761e+26	2.17365e+23	1.470374e-09	0.002894422	1.069885e+10	6.787268e+10	1.579589e+12	4.681134e-06	4.684245e-11	7.244812e-17	0.5011601	0.5	0.2038225	1	33.14804	4.122127	10569.8	1.117189e+26	1.827432e+28	5.151575e+27	6.741065e+25	3.118866e+27	1.203261e+27	5.325573e+26	2.294797e+26	0.2188657	0	0.02016121	0.03560219	0.03560219	0.001424136	0.02670164	0	0	-0.048943	0	7.509437e-17	0	7.509437e-17	0	-509.8686	0	-509.8686	0	30906.2	77194.93	159.489	8659.593	1.106061	1	0	0.4523826	1	2	0	0	
7840	1760.328	3.45e+19	0	0	100000	1.951095	1.140862e-05	2.278524e+26	5.268199e+25	1.346149e+25	3.92205e+25	1.052162e+26	6.995418e+25	1.655338e+25	3.827324e+24	9.779712e+23	2.849353e+24	7.643911e+24	5.082141e+24	0.3070154	1.655338e+26	3.827324e+25	9.779712e+24	2.849353e+25	7.515173e+25	4.996178e+25	2.14701e+24	0	0	0	0	0	0	0	0	0	0	0	0	0	0	2.132464e+26	1.38487e+17	2.132464e+26	9.639907e+25	4.75715e+21	9.639431e+25	5.160758e+25	6.483159e+13	5.160758e+25	1.927981e+26	1.222049e+14	1.927981e+26	5.744995e+25	5.29864e+14	5.744995e+25	1.840346e+26	1.249598e+21	1.840333e+26	2.173269e+23	1.470588e-09	0.002895175	1.065002e+10	6.849756e+10	1.589997e+12	4.691831e-06	4.705678e-11	7.294593e-17	0.5011557	0.5	0.2042864	1	33.26685	4.136902	10569.8	1.117189e+26	1.827432e+28	5.151575e+27	6.741065e+25	3.118866e+27	1.203261e+27	5.325573e+26	2.294797e+26	0.2188657	0	0.02016486	0.03560219	0.03560219	0.001424136	0.02670164	0	0	-0.048905	0	7.532671e-17	0	7.532671e-17	0	-509.8234	0	-509.8234	0	30905.6	77194.93	160.0607	8659.425	1.106061	1	0	0.4523826	1	2	0	0	
7868	1760.328	3.45e+19	0	0	100000	1.951133	1.140862e-05	2.286661e+26	5.269796e+25	1.346778e+25	3.923017e+25	1.056961e+26	7.027202e+25	1.66125e+25	3.828484e+24	9.784286e+23	2.850055e+24	7.678779e+24	5.105232e+24	0.3073128	1.66125e+26	3.828484e+25	9.784286e+24	2.850055e+25	7.54958e+25	5.018963e+25	2.154678e+24	0	0	0	0	0	0	0	0	0	0	0	0	0	0	2.14008e+26	1.399818e+17	2.14008e+26	9.674335e+25	4.772958e+21	9.673858e+25	5.17919e+25	6.512757e+13	5.17919e+25	1.934867e+26	1.227628e+14	1.934867e+26	5.765513e+25	5.32283e+14	5.765513e+25	1.846919e+26	1.255303e+21	1.846906e+26	2.172894e+23	1.470798e-09	0.002895917	1.06016e+10	6.912564e+10	1.600432e+12	4.702512e-06	4.727128e-11	7.344525e-17	0.5011513	0.5	0.2047497	1	33.38566	4.151677	10569.8	1.117189e+26	1.827432e+28	5.151575e+27	6.741065e+25	3.118866e+27	1.203261e+27	5.325573e+26	2.294797e+26	0.2188657	0	0.02016827	0.03560219	0.03560219	0.001424136	0.02670164	0	0	-0.048867	0	7.555993e-17	0	7.555993e-17	0	-509.7782	0	-509.7782	0	30905	77194.93	160.6323	8659.256	1.106061	1	0	0.4523826	1	2	0	0	
7896	1760.328	3.45e+19	0	0	100000	1.951171	1.140862e-05	2.294799e+26	5.271369e+25	1.347399e+25	3.923971e+25	1.061762e+26	7.058994e+25	1.667161e+25	3.829627e+24	9.788795e+23	2.850748e+24	7.713658e+24	5.128329e+24	0.3076084	1.667161e+26	3.829627e+25	9.788795e+24	2.850748e+25	7.583997e+25	5.041755e+25	2.162346e+24	0	0	0	0	0	0	0	0	0	0	0	0	0	0	2.147696e+26	1.414907e+17	2.147696e+26	9.708764e+25	4.788723e+21	9.708285e+25	5.197621e+25	6.542364e+13	5.197621e+25	1.941753e+26	1.233209e+14	1.941753e+26	5.786031e+25	5.347026e+14	5.786031e+25	1.853491e+26	1.261009e+21	1.853479e+26	2.172524e+23	1.471005e-09	0.002896649	1.055359e+10	6.975693e+10	1.610896e+12	4.713177e-06	4.748594e-11	7.394609e-17	0.501147	0.5	0.2052123	1	33.50448	4.166451	10569.8	1.117189e+26	1.827432e+28	5.151575e+27	6.741065e+25	3.118866e+27	1.203261e+27	5.325573e+26	2.294797e+26	0.2188657	0	0.02017146	0.03560219	0.03560219	0.001424136	0.02670164	0	0	-0.048829	0	7.579403e-17	0	7.579403e-17	0	-509.7329	0	-509.7329	0	30904.4	77194.93	161.204	8659.088	1.106061	1	0	0.4523826	1	2	0	0	
7924	1760.328	3.45e+19	0	0	100000	1.951209	1.140862e-05	2.302936e+26	5.272921e+25	1.348011e+25	3.92491e+25	1.066565e+26	7.090796e+25	1.673073e+25	3.830755e+24	9.793242e+23	2.85143e+24	7.748546e+24	5.151433e+24	0.3079024	1.673073e+26	3.830755e+25	9.793242e+24	2.85143e+25	7.618424e+25	5.064553e+25	2.170014e+24	0	0	0	0	0	0	0	0	0	0	0	0	0	0	2.155312e+26	1.430136e+17	2.155312e+26	9.743192e+25	4.804447e+21	9.742711e+25	5.216052e+25	6.571979e+13	5.216052e+25	1.948638e+26	1.238791e+14	1.948638e+26	5.806549e+25	5.37123e+14	5.806549e+25	1.860064e+26	1.266718e+21	1.860051e+26	2.172159e+23	1.47121e-09	0.002897371	1.050597e+10	7.039143e+10	1.621388e+12	4.723826e-06	4.770076e-11	7.444845e-17	0.5011427	0.5	0.2056742	1	33.62329	4.181226	10569.8	1.117189e+26	1.827432e+28	5.151575e+27	6.741065e+25	3.118866e+27	1.203261e+27	5.325573e+26	2.294797e+26	0.2188657	0	0.02017441	0.03560219	0.03560219	0.001424136	0.02670164	0	0	-0.048791	0	7.602902e-17	0	7.602902e-17	0	-509.6876	0	-509.6876	0	30903.79	77194.93	161.7757	8658.919	1.106061	1	0	0.4523826	1	2	0	0	
7952	1760.328	3.45e+19	0	0	100000	1.951247	1.140862e-05	2.311074e+26	5.274451e+25	1.348614e+25	3.925836e+25	1.071368e+26	7.122606e+25	1.678985e+25	3.831866e+24	9.797627e+23	2.852103e+24	7.783444e+24	5.174543e+24	0.3081946	1.678985e+26	3.831866e+25	9.797627e+24	2.852103e+25	7.652861e+25	5.087358e+25	2.177682e+24	0	0	0	0	0	0	0	0	0	0	0	0	0	0	2.162928e+26	1.445508e+17	2.162928e+26	9.77762e+25	4.820127e+21	9.777138e+25	5.234484e+25	6.601602e+13	5.234484e+25	1.955524e+26	1.244375e+14	1.955524e+26	5.827067e+25	5.395441e+14	5.827067e+25	1.866637e+26	1.272427e+21	1.866624e+26	2.1718e+23	1.471411e-09	0.002898082	1.045874e+10	7.102914e+10	1.631908e+12	4.734459e-06	4.791574e-11	7.495232e-17	0.5011384	0.5	0.2061354	1	33.7421	4.196001	10569.8	1.117189e+26	1.827432e+28	5.151575e+27	6.741065e+25	3.118866e+27	1.203261e+27	5.325573e+26	2.294797e+26	0.2188657	0	0.02017713	0.03560219	0.03560219	0.001424136	0.02670164	0	0	-0.048753	0	7.626489e-17	0	7.626489e-17	0	-509.6423	0	-509.6423	0	30903.19	77194.93	162.3473	8658.75	1.106061	1	0	0.4523826	1	2	0	0	
7980	1760.328	3.45e+19	0	0	100000	1.951285	1.140862e-05	2.319211e+26	5.275958e+25	1.34921e+25	3.926749e+25	1.076173e+26	7.154424e+25	1.684897e+25	3.832961e+24	9.80195e+23	2.852766e+24	7.818352e+24	5.197659e+24	0.3084852	1.684897e+26	3.832961e+25	9.80195e+24	2.852766e+25	7.687308e+25	5.110168e+25	2.185349e+24	0	0	0	0	0	0	0	0	0	0	0	0	0	0	2.170544e+26	1.461023e+17	2.170544e+26	9.812048e+25	4.835766e+21	9.811565e+25	5.252915e+25	6.631234e+13	5.252915e+25	1.96241e+26	1.24996e+14	1.96241e+26	5.847584e+25	5.419658e+14	5.847584e+25	1.873209e+26	1.278139e+21	1.873196e+26	2.171445e+23	1.47161e-09	0.002898783	1.04119e+10	7.167007e+10	1.642455e+12	4.745076e-06	4.813089e-11	7.54577e-17	0.5011342	0.5	0.2065959	1	33.86091	4.210775	10569.8	1.117189e+26	1.827432e+28	5.151575e+27	6.741065e+25	3.118866e+27	1.203261e+27	5.325573e+26	2.294797e+26	0.2188657	0	0.02017962	0.03560219	0.03560219	0.001424136	0.02670164	0	0	-0.048715	0	7.650166e-17	0	7.650166e-17	0	-509.5969	0	-509.5969	0	30902.59	77194.93	162.919	8658.582	1.106061	1	0	0.4523826	1	2	0	0	
8008	1760.328	3.45e+19	0	0	100000	1.951323	1.140862e-05	2.327349e+26	5.277444e+25	1.349796e+25	3.927648e+25	1.080979e+26	7.186251e+25	1.690809e+25	3.834041e+24	9.806213e+23	2.85342e+24	7.85327e+24	5.220781e+24	0.3087741	1.690809e+26	3.834041e+25	9.806213e+24	2.85342e+25	7.721764e+25	5.132985e+25	2.193018e+24	0	0	0	0	0	0	0	0	0	0	0	0	0	0	2.17816e+26	1.476684e+17	2.17816e+26	9.846477e+25	4.851361e+21	9.845992e+25	5.271346e+25	6.660874e+13	5.271346e+25	1.969295e+26	1.255547e+14	1.969295e+26	5.868102e+25	5.443882e+14	5.868102e+25	1.879782e+26	1.283851e+21	1.879769e+26	2.171096e+23	1.471806e-09	0.002899475	1.036545e+10	7.231421e+10	1.653031e+12	4.755678e-06	4.834619e-11	7.596458e-17	0.5011299	0.5	0.2070557	1	33.97972	4.22555	10569.8	1.117189e+26	1.827432e+28	5.151575e+27	6.741065e+25	3.118866e+27	1.203261e+27	5.325573e+26	2.294797e+26	0.2188657	0	0.02018189	0.03560219	0.03560219	0.001424136	0.02670164	0	0	-0.048677	0	7.673932e-17	0	7.673932e-17	0	-509.5515	0	-509.5515	0	30901.99	77194.93	163.4906	8658.413	1.106061	1	0	0.4523826	1	2	0	0	
8036	1760.328	3.45e+19	0	0	100000	1.951361	1.140862e-05	2.335487e+26	5.27891e+25	1.350375e+25	3.928535e+25	1.085787e+26	7.218086e+25	1.696721e+25	3.835105e+24	9.810416e+23	2.854064e+24	7.888196e+24	5.243909e+24	0.3090613	1.696721e+26	3.835105e+25	9.810416e+24	2.854064e+25	7.756229e+25	5.155807e+25	2.200685e+24	0	0	0	0	0	0	0	0	0	0	0	0	0	0	2.185776e+26	1.49249e+17	2.185776e+26	9.880905e+25	4.866916e+21	9.880418e+25	5.289777e+25	6.690521e+13	5.289777e+25	1.976181e+26	1.261136e+14	1.976181e+26	5.88862e+25	5.468113e+14	5.88862e+25	1.886355e+26	1.289566e+21	1.886342e+26	2.170752e+23	1.471999e-09	0.002900157	1.031937e+10	7.296158e+10	1.663634e+12	4.766263e-06	4.856166e-11	7.647298e-17	0.5011257	0.5	0.2075149	1	34.09853	4.240325	10569.8	1.117189e+26	1.827432e+28	5.151575e+27	6.741065e+25	3.118866e+27	1.203261e+27	5.325573e+26	2.294797e+26	0.2188657	0	0.02018392	0.03560219	0.03560219	0.001424136	0.02670164	0	0	-0.048639	0	7.697789e-17	0	7.697789e-17	0	-509.5061	0	-509.5061	0	30901.39	77194.93	164.0623	8658.244	1.106061	1	0	0.4523826	1	2	0	0	
8064	1760.328	3.45e+19	0	0	100000	1.951399	1.140862e-05	2.343624e+26	5.280354e+25	1.350945e+25	3.929408e+25	1.090596e+26	7.24993e+25	1.702633e+25	3.836154e+24	9.81456e+23	2.854698e+24	7.923132e+24	5.267043e+24	0.3093469	1.702633e+26	3.836154e+25	9.81456e+24	2.854698e+25	7.790704e+25	5.178636e+25	2.208354e+24	0	0	0	0	0	0	0	0	0	0	0	0	0	0	2.193392e+26	1.508445e+17	2.193392e+26	9.915333e+25	4.882426e+21	9.914845e+25	5.308209e+25	6.720177e+13	5.308209e+25	1.983067e+26	1.266726e+14	1.983067e+26	5.909138e+25	5.492349e+14	5.909138e+25	1.892927e+26	1.295282e+21	1.892914e+26	2.170413e+23	1.47219e-09	0.002900829	1.027367e+10	7.361216e+10	1.674265e+12	4.776833e-06	4.877728e-11	7.698288e-17	0.5011216	0.5	0.2079734	1	34.21734	4.255099	10569.8	1.117189e+26	1.827432e+28	5.151575e+27	6.741065e+25	3.118866e+27	1.203261e+27	5.325573e+26	2.294797e+26	0.2188657	0	0.02018573	0.03560219	0.03560219	0.001424136	0.02670164	0	0	-0.048601	0	7.721736e-17	0	7.721736e-17	0	-509.4606	0	-509.4606	0	30900.78	77194.93	164.634	8658.076	1.106061	1	0	0.4523826	1	2	0	0	
8092	1760.328	3.45e+19	0	0	100000	1.951437	1.140862e-05	2.351762e+26	5.281777e+25	1.351508e+25	3.93027e+25	1.095406e+26	7.281781e+25	1.708545e+25	3.837189e+24	9.818646e+23	2.855324e+24	7.958078e+24	5.290183e+24	0.3096309	1.708545e+26	3.837189e+25	9.818646e+24	2.855324e+25	7.825188e+25	5.20147e+25	2.216021e+24	0	0	0	0	0	0	0	0	0	0	0	0	0	0	2.201008e+26	1.524551e+17	2.201008e+26	9.949761e+25	4.897893e+21	9.949272e+25	5.32664e+25	6.74984e+13	5.32664e+25	1.989952e+26	1.272317e+14	1.989952e+26	5.929656e+25	5.516592e+14	5.929656e+25	1.8995e+26	1.300999e+21	1.899487e+26	2.170078e+23	1.472377e-09	0.002901492	1.022833e+10	7.426598e+10	1.684924e+12	4.787388e-06	4.899307e-11	7.749429e-17	0.5011175	0.5	0.2084311	1	34.33615	4.269874	10569.8	1.117189e+26	1.827432e+28	5.151575e+27	6.741065e+25	3.118866e+27	1.203261e+27	5.325573e+26	2.294797e+26	0.2188657	0	0.02018731	0.03560219	0.03560219	0.001424136	0.02670164	0	0	-0.048563	0	7.745774e-17	0	7.745774e-17	0	-509.4151	0	-509.4151	0	30900.18	77194.93	165.2056	8657.907	1.106061	1	0	0.4523826	1	2	0	0	
8120	1760.328	3.45e+19	0	0	100000	1.951475	1.140862e-05	2.359899e+26	5.283181e+25	1.352062e+25	3.931118e+25	1.100217e+26	7.31364e+25	1.714457e+25	3.838208e+24	9.822675e+23	2.855941e+24	7.993032e+24	5.313328e+24	0.3099132	1.714457e+26	3.838208e+25	9.822675e+24	2.855941e+25	7.859681e+25	5.22431e+25	2.223689e+24	0	0	0	0	0	0	0	0	0	0	0	0	0	0	2.208624e+26	1.540805e+17	2.208624e+26	9.98419e+25	4.913319e+21	9.983698e+25	5.345071e+25	6.779511e+13	5.345071e+25	1.996838e+26	1.27791e+14	1.996838e+26	5.950174e+25	5.540842e+14	5.950174e+25	1.906073e+26	1.306718e+21	1.906059e+26	2.169749e+23	1.472562e-09	0.002902146	1.018337e+10	7.492302e+10	1.69561e+12	4.797926e-06	4.920901e-11	7.800719e-17	0.5011134	0.5	0.2088883	1	34.45496	4.284649	10569.8	1.117189e+26	1.827432e+28	5.151575e+27	6.741065e+25	3.118866e+27	1.203261e+27	5.325573e+26	2.294797e+26	0.2188657	0	0.02018866	0.03560219	0.03560219	0.001424136	0.02670164	0	0	-0.048525	0	7.769903e-17	0	7.769903e-17	0	-509.3696	0	-509.3696	0	30899.58	77194.93	165.7773	8657.739	1.106061	1	0	0.4523826	1	2	0	0	
8148	1760.328	3.45e+19	0	0	100000	1.951513	1.140862e-05	2.368037e+26	5.284564e+25	1.352609e+25	3.931955e+25	1.10503e+26	7.345507e+25	1.720369e+25	3.839213e+24	9.826647e+23	2.856548e+24	8.027995e+24	5.336479e+24	0.3101939	1.720369e+26	3.839213e+25	9.826647e+24	2.856548e+25	7.894182e+25	5.247156e+25	2.231357e+24	0	0	0	0	0	0	0	0	0	0	0	0	0	0	2.21624e+26	1.557209e+17	2.21624e+26	1.001862e+26	4.928704e+21	1.001812e+26	5.363502e+25	6.80919e+13	5.363502e+25	2.003724e+26	1.283504e+14	2.003724e+26	5.970691e+25	5.565098e+14	5.970691e+25	1.912645e+26	1.312438e+21	1.912632e+26	2.169424e+23	1.472745e-09	0.00290279	1.013876e+10	7.558329e+10	1.706324e+12	4.80845e-06	4.942511e-11	7.85216e-17	0.5011093	0.5	0.2093447	1	34.57377	4.299423	10569.8	1.117189e+26	1.827432e+28	5.151575e+27	6.741065e+25	3.118866e+27	1.203261e+27	5.325573e+26	2.294797e+26	0.2188657	0	0.02018979	0.03560219	0.03560219	0.001424136	0.02670164	0	0	-0.048487	0	7.794124e-17	0	7.794124e-17	0	-509.3241	0	-509.3241	0	30898.98	77194.93	166.349	8657.57	1.106061	1	0	0.4523826	1	2	0	0	
8176	1760.328	3.45e+19	0	0	100000	1.951551	1.140862e-05	2.376175e+26	5.285927e+25	1.353148e+25	3.932779e+25	1.109844e+26	7.377381e+25	1.726281e+25	3.840204e+24	9.830564e+23	2.857147e+24	8.062967e+24	5.359636e+24	0.310473	1.726281e+26	3.840204e+25	9.830564e+24	2.857147e+25	7.928693e+25	5.270007e+25	2.239025e+24	0	0	0	0	0	0	0	0	0	0	0	0	0	0	2.223856e+26	1.573768e+17	2.223856e+26	1.005305e+26	4.944045e+21	1.005255e+26	5.381934e+25	6.838876e+13	5.381934e+25	2.010609e+26	1.2891e+14	2.010609e+26	5.991209e+25	5.58936e+14	5.991209e+25	1.919218e+26	1.31816e+21	1.919205e+26	2.169104e+23	1.472925e-09	0.002903425	1.009451e+10	7.624679e+10	1.717066e+12	4.818958e-06	4.964136e-11	7.903751e-17	0.5011052	0.5	0.2098005	1	34.69258	4.314198	10569.8	1.117189e+26	1.827432e+28	5.151575e+27	6.741065e+25	3.118866e+27	1.203261e+27	5.325573e+26	2.294797e+26	0.2188657	0	0.02019069	0.03560219	0.03560219	0.001424136	0.02670164	0	0	-0.048449	0	7.818438e-17	0	7.818438e-17	0	-509.2785	0	-509.2785	0	30898.38	77194.93	166.9206	8657.402	1.106061	1	0	0.4523827	1	2	0	0	
8204	1760.328	3.45e+19	0	0	100000	1.951589	1.140862e-05	2.384312e+26	5.287271e+25	1.35368e+25	3.933592e+25	1.114659e+26	7.409264e+25	1.732193e+25	3.84118e+24	9.834426e+23	2.857737e+24	8.097947e+24	5.382798e+24	0.3107506	1.732193e+26	3.84118e+25	9.834426e+24	2.857737e+25	7.963212e+25	5.292864e+25	2.246693e+24	0	0	0	0	0	0	0	0	0	0	0	0	0	0	2.231472e+26	1.590483e+17	2.231472e+26	1.008747e+26	4.959342e+21	1.008698e+26	5.400365e+25	6.86857e+13	5.400365e+25	2.017495e+26	1.294697e+14	2.017495e+26	6.011727e+25	5.613628e+14	6.011727e+25	1.925791e+26	1.323884e+21	1.925777e+26	2.168788e+23	1.473102e-09	0.002904052	1.005061e+10	7.691352e+10	1.727835e+12	4.82945e-06	4.985777e-11	7.955492e-17	0.5011012	0.5	0.2102556	1	34.81139	4.328973	10569.8	1.117189e+26	1.827432e+28	5.151575e+27	6.741065e+25	3.118866e+27	1.203261e+27	5.325573e+26	2.294797e+26	0.2188657	0	0.02019137	0.03560219	0.03560219	0.001424136	0.02670164	0	0	-0.048411	0	7.842844e-17	0	7.842844e-17	0	-509.2329	0	-509.2329	0	30897.78	77194.93	167.4923	8657.233	1.106061	1	0	0.4523827	1	2	0	0	
8232	1760.328	3.45e+19	0	0	100000	1.951627	1.140862e-05	2.39245e+26	5.288596e+25	1.354204e+25	3.934392e+25	1.119475e+26	7.441153e+25	1.738104e+25	3.842143e+24	9.838234e+23	2.858319e+24	8.132936e+24	5.405966e+24	0.3110265	1.738104e+26	3.842143e+25	9.838234e+24	2.858319e+25	7.99774e+25	5.315726e+25	2.254361e+24	0	0	0	0	0	0	0	0	0	0	0	0	0	0	2.239088e+26	1.607356e+17	2.239088e+26	1.01219e+26	4.974595e+21	1.012141e+26	5.418796e+25	6.898271e+13	5.418796e+25	2.024381e+26	1.300295e+14	2.024381e+26	6.032245e+25	5.637901e+14	6.032245e+25	1.932363e+26	1.329608e+21	1.93235e+26	2.168477e+23	1.473277e-09	0.002904669	1.000707e+10	7.758349e+10	1.738632e+12	4.839928e-06	5.007434e-11	8.007383e-17	0.5010972	0.5	0.2107101	1	34.9302	4.343747	10569.8	1.117189e+26	1.827432e+28	5.151575e+27	6.741065e+25	3.118866e+27	1.203261e+27	5.325573e+26	2.294797e+26	0.2188657	0	0.02019183	0.03560219	0.03560219	0.001424136	0.02670164	0	0	-0.048373	0	7.867343e-17	0	7.867343e-17	0	-509.1872	0	-509.1872	0	30897.17	77194.93	168.0639	8657.064	1.106061	1	0	0.4523827	1	2	0	0	
8260	1760.328	3.45e+19	0	0	100000	1.951665	1.140862e-05	2.400587e+26	5.289902e+25	1.354721e+25	3.935181e+25	1.124292e+26	7.47305e+25	1.744016e+25	3.843091e+24	9.841988e+23	2.858892e+24	8.167934e+24	5.429139e+24	0.3113009	1.744016e+26	3.843091e+25	9.841988e+24	2.858892e+25	8.032276e+25	5.338593e+25	2.262029e+24	0	0	0	0	0	0	0	0	0	0	0	0	0	0	2.246703e+26	1.62438e+17	2.246703e+26	1.015633e+26	4.98981e+21	1.015583e+26	5.437228e+25	6.927979e+13	5.437228e+25	2.031266e+26	1.305895e+14	2.031266e+26	6.052763e+25	5.662181e+14	6.052763e+25	1.938936e+26	1.335334e+21	1.938923e+26	2.168171e+23	1.473449e-09	0.002905278	9.963864e+09	7.82567e+10	1.749456e+12	4.85039e-06	5.029106e-11	8.059423e-17	0.5010933	0.5	0.2111639	1	35.04901	4.358522	10569.8	1.117189e+26	1.827432e+28	5.151575e+27	6.741065e+25	3.118866e+27	1.203261e+27	5.325573e+26	2.294797e+26	0.2188657	0	0.02019207	0.03560219	0.03560219	0.001424136	0.02670164	0	0	-0.048335	0	7.891935e-17	0	7.891935e-17	0	-509.1415	0	-509.1415	0	30896.57	77194.93	168.6356	8656.896	1.106061	1	0	0.4523827	1	2	0	0	
8288	1760.328	3.45e+19	0	0	100000	1.951703	1.140862e-05	2.408725e+26	5.291189e+25	1.35523e+25	3.935959e+25	1.129111e+26	7.504954e+25	1.749928e+25	3.844026e+24	9.845689e+23	2.859458e+24	8.20294e+24	5.452317e+24	0.3115737	1.749928e+26	3.844026e+25	9.845689e+24	2.859458e+25	8.066821e+25	5.361466e+25	2.269696e+24	0	0	0	0	0	0	0	0	0	0	0	0	0	0	2.254319e+26	1.641569e+17	2.254319e+26	1.019076e+26	5.004979e+21	1.019026e+26	5.455659e+25	6.957694e+13	5.455659e+25	2.038152e+26	1.311496e+14	2.038152e+26	6.073281e+25	5.686467e+14	6.073281e+25	1.945509e+26	1.341062e+21	1.945495e+26	2.167868e+23	1.473619e-09	0.002905879	9.921002e+09	7.893316e+10	1.760307e+12	4.860837e-06	5.050794e-11	8.111612e-17	0.5010893	0.5	0.2116171	1	35.16782	4.373297	10569.8	1.117189e+26	1.827432e+28	5.151575e+27	6.741065e+25	3.118866e+27	1.203261e+27	5.325573e+26	2.294797e+26	0.2188657	0	0.02019208	0.03560219	0.03560219	0.001424136	0.02670164	0	0	-0.048297	0	7.916622e-17	0	7.916622e-17	0	-509.0958	0	-509.0958	0	30895.97	77194.93	169.2073	8656.727	1.106061	1	0	0.4523827	1	2	0	0	
8316	1760.328	3.45e+19	0	0	100000	1.951741	1.140862e-05	2.416862e+26	5.292458e+25	1.355733e+25	3.936726e+25	1.13393e+26	7.536865e+25	1.75584e+25	3.844948e+24	9.849339e+23	2.860014e+24	8.237954e+24	5.4755e+24	0.311845	1.75584e+26	3.844948e+25	9.849339e+24	2.860014e+25	8.101374e+25	5.384344e+25	2.277364e+24	0	0	0	0	0	0	0	0	0	0	0	0	0	0	2.261935e+26	1.658916e+17	2.261935e+26	1.022519e+26	5.020106e+21	1.022469e+26	5.47409e+25	6.987416e+13	5.47409e+25	2.045037e+26	1.317099e+14	2.045037e+26	6.093798e+25	5.710758e+14	6.093798e+25	1.952081e+26	1.34679e+21	1.952068e+26	2.16757e+23	1.473787e-09	0.002906471	9.878478e+09	7.961285e+10	1.771186e+12	4.87127e-06	5.072496e-11	8.163951e-17	0.5010854	0.5	0.2120696	1	35.28663	4.388071	10569.8	1.117189e+26	1.827432e+28	5.151575e+27	6.741065e+25	3.118866e+27	1.203261e+27	5.325573e+26	2.294797e+26	0.2188657	0	0.02019187	0.03560219	0.03560219	0.001424136	0.02670164	0	0	-0.048259	0	7.941403e-17	0	7.941403e-17	0	-509.0501	0	-509.0501	0	30895.37	77194.93	169.7789	8656.559	1.106061	1	0	0.4523827	1	2	0	0	
8344	1760.328	3.45e+19	0	0	100000	1.951779	1.140862e-05	2.425e+26	5.293709e+25	1.356228e+25	3.937481e+25	1.138751e+26	7.568783e+25	1.761752e+25	3.845857e+24	9.852937e+23	2.860563e+24	8.272977e+24	5.498688e+24	0.3121147	1.761752e+26	3.845857e+25	9.852937e+24	2.860563e+25	8.135935e+25	5.407227e+25	2.285032e+24	0	0	0	0	0	0	0	0	0	0	0	0	0	0	2.269551e+26	1.676423e+17	2.269551e+26	1.025962e+26	5.035192e+21	1.025911e+26	5.492521e+25	7.017145e+13	5.492521e+25	2.051923e+26	1.322703e+14	2.051923e+26	6.114316e+25	5.735055e+14	6.114316e+25	1.958654e+26	1.35252e+21	1.95864e+26	2.167277e+23	1.473952e-09	0.002907054	9.836286e+09	8.029579e+10	1.782092e+12	4.881687e-06	5.094215e-11	8.216439e-17	0.5010815	0.5	0.2125215	1	35.40544	4.402846	10569.8	1.117189e+26	1.827432e+28	5.151575e+27	6.741065e+25	3.118866e+27	1.203261e+27	5.325573e+26	2.294797e+26	0.2188657	0	0.02019144	0.03560219	0.03560219	0.001424136	0.02670164	0	0	-0.048221	0	7.966278e-17	0	7.966278e-17	0	-509.0043	0	-509.0043	0	30894.77	77194.93	170.3506	8656.39	1.106061	1	0	0.4523827	1	2	0	0	
8372	1760.328	3.45e+19	0	0	100000	1.951817	1.140862e-05	2.433138e+26	5.294942e+25	1.356716e+25	3.938226e+25	1.143573e+26	7.600707e+25	1.767664e+25	3.846753e+24	9.856485e+23	2.861104e+24	8.308007e+24	5.521881e+24	0.312383	1.767664e+26	3.846753e+25	9.856485e+24	2.861104e+25	8.170504e+25	5.430114e+25	2.2927e+24	0	0	0	0	0	0	0	0	0	0	0	0	0	0	2.277167e+26	1.694099e+17	2.277167e+26	1.029404e+26	5.050231e+21	1.029354e+26	5.510953e+25	7.046881e+13	5.510953e+25	2.058809e+26	1.328308e+14	2.058809e+26	6.134834e+25	5.759358e+14	6.134834e+25	1.965227e+26	1.358252e+21	1.965213e+26	2.166987e+23	1.474115e-09	0.00290763	9.794425e+09	8.098198e+10	1.793026e+12	4.892089e-06	5.115948e-11	8.269075e-17	0.5010777	0.5	0.2129727	1	35.52425	4.41762	10569.8	1.117189e+26	1.827432e+28	5.151575e+27	6.741065e+25	3.118866e+27	1.203261e+27	5.325573e+26	2.294797e+26	0.2188657	0	0.0201908	0.03560219	0.03560219	0.001424136	0.02670164	0	0	-0.048183	0	7.991249e-17	0	7.991249e-17	0	-508.9585	0	-508.9585	0	30894.17	77194.93	170.9223	8656.222	1.106061	1	0	0.4523827	1	2	0	0	
8400	1760.328	3.45e+19	0	0	100000	1.951855	1.140862e-05	2.441275e+26	5.296157e+25	1.357198e+25	3.938959e+25	1.148396e+26	7.632639e+25	1.773576e+25	3.847635e+24	9.859983e+23	2.861637e+24	8.343045e+24	5.545079e+24	0.3126497	1.773576e+26	3.847635e+25	9.859983e+24	2.861637e+25	8.205081e+25	5.453007e+25	2.300368e+24	0	0	0	0	0	0	0	0	0	0	0	0	0	0	2.284783e+26	1.711932e+17	2.284783e+26	1.032847e+26	5.065232e+21	1.032797e+26	5.529384e+25	7.076624e+13	5.529384e+25	2.065694e+26	1.333914e+14	2.065694e+26	6.155352e+25	5.783665e+14	6.155352e+25	1.971799e+26	1.363985e+21	1.971786e+26	2.166702e+23	1.474276e-09	0.002908197	9.752889e+09	8.167142e+10	1.803986e+12	4.902476e-06	5.137697e-11	8.321861e-17	0.5010739	0.5	0.2134233	1	35.64306	4.432395	10569.8	1.117189e+26	1.827432e+28	5.151575e+27	6.741065e+25	3.118866e+27	1.203261e+27	5.325573e+26	2.294797e+26	0.2188657	0	0.02018993	0.03560219	0.03560219	0.001424136	0.02670164	0	0	-0.048145	0	8.016315e-17	0	8.016315e-17	0	-508.9127	0	-508.9127	0	30893.57	77194.93	171.4939	8656.053	1.106061	1	0	0.4523827	1	2	0	0	
8428	1760.328	3.45e+19	0	0	100000	1.95189395	1.140862e-05	2.449413e+26	5.297355e+25	1.357672e+25	3.939682e+25	1.15322e+26	7.664577e+25	1.779488e+25	3.848506e+24	9.863431e+23	2.862162e+24	8.378091e+24	5.568282e+24	0.3129149	1.779488e+26	3.848506e+25	9.863431e+24	2.862162e+25	8.239666e+25	5.475904e+25	2.308036e+24	0	0	0	0	0	0	0	0	0	0	0	0	0	0	2.292399e+26	1.730208e+17	2.292399e+26	1.03629e+26	5.080028e+21	1.036239e+26	5.547815e+25	7.106373e+13	5.547815e+25	2.07258e+26	1.339522e+14	2.07258e+26	6.17587e+25	5.807979e+14	6.17587e+25	1.978372e+26	1.369719e+21	1.978358e+26	2.166421e+23	1.474434e-09	0.002908756	9.711676e+09	8.236411e+10	1.814974e+12	4.912849e-06	5.15946e-11	8.374795e-17	0.5010701	0.5	0.2138732	1	35.76187	4.44717	10569.8	1.117189e+26	1.827432e+28	5.151575e+27	6.741065e+25	3.118866e+27	1.203261e+27	5.325573e+26	2.294797e+26	0.2188657	0	0.02018885	0.03560219	0.03560219	0.001424136	0.02670164	0	0	-0.04810605	0	8.042108e-17	0	8.042108e-17	0	-508.8657	0	-508.8657	0	30892.95	77194.93	172.0656	8655.88	1.106061	1	0	0.4523827	1	2	0	0	
8456	1760.328	3.45e+19	0	0	100000	1.9519329	1.140862e-05	2.45755e+26	5.298535e+25	1.35814e+25	3.940395e+25	1.158045e+26	7.696521e+25	1.7854e+25	3.849363e+24	9.866831e+23	2.86268e+24	8.413145e+24	5.59149e+24	0.3131786	1.7854e+26	3.849363e+25	9.866831e+24	2.86268e+25	8.274258e+25	5.498806e+25	2.315704e+24	0	0	0	0	0	0	0	0	0	0	0	0	0	0	2.300015e+26	1.748655e+17	2.300015e+26	1.039733e+26	5.094783e+21	1.039682e+26	5.566247e+25	7.136129e+13	5.566247e+25	2.079466e+26	1.34513e+14	2.079466e+26	6.196388e+25	5.832298e+14	6.196388e+25	1.984945e+26	1.375454e+21	1.984931e+26	2.166144e+23	1.47459e-09	0.002909308	9.670781e+09	8.306005e+10	1.825989e+12	4.923207e-06	5.181239e-11	8.427878e-17	0.5010663	0.5	0.2143225	1	35.88068	4.461944	10569.8	1.117189e+26	1.827432e+28	5.151575e+27	6.741065e+25	3.118866e+27	1.203261e+27	5.325573e+26	2.294797e+26	0.2188657	0	0.02018756	0.03560219	0.03560219	0.001424136	0.02670164	0	0	-0.0480671	0	8.068002e-17	0	8.068002e-17	0	-508.8186	0	-508.8186	0	30892.33	77194.93	172.6373	8655.708	1.106061	1	0	0.4523827	1	2	0	0	
8484	1760.328	3.45e+19	0	0	100000	1.95197185	1.140862e-05	2.465688e+26	5.299699e+25	1.358602e+25	3.941097e+25	1.162871e+26	7.728472e+25	1.791312e+25	3.850209e+24	9.870184e+23	2.86319e+24	8.448207e+24	5.614702e+24	0.3134408	1.791312e+26	3.850209e+25	9.870184e+24	2.86319e+25	8.308858e+25	5.521713e+25	2.323372e+24	0	0	0	0	0	0	0	0	0	0	0	0	0	0	2.307631e+26	1.767284e+17	2.307631e+26	1.043176e+26	5.10949e+21	1.043125e+26	5.584678e+25	7.165891e+13	5.584678e+25	2.086351e+26	1.35074e+14	2.086351e+26	6.216906e+25	5.856622e+14	6.216906e+25	1.991517e+26	1.38119e+21	1.991503e+26	2.16587e+23	1.474744e-09	0.002909852	9.630201e+09	8.375925e+10	1.837032e+12	4.93355e-06	5.203033e-11	8.481109e-17	0.5010625	0.5	0.2147712	1	35.99949	4.476719	10569.8	1.117189e+26	1.827432e+28	5.151575e+27	6.741065e+25	3.118866e+27	1.203261e+27	5.325573e+26	2.294797e+26	0.2188657	0	0.02018605	0.03560219	0.03560219	0.001424136	0.02670164	0	0	-0.04802815	0	8.093998e-17	0	8.093998e-17	0	-508.7715	0	-508.7715	0	30891.72	77194.93	173.2089	8655.535	1.106061	1	0	0.4523827	1	2	0	0	
8512	1760.328	3.45e+19	0	0	100000	1.9520108	1.140862e-05	2.473826e+26	5.300846e+25	1.359057e+25	3.94179e+25	1.167698e+26	7.76043e+25	1.797224e+25	3.851042e+24	9.873489e+23	2.863693e+24	8.483276e+24	5.637919e+24	0.3137016	1.797224e+26	3.851042e+25	9.873489e+24	2.863693e+25	8.343466e+25	5.544625e+25	2.33104e+24	0	0	0	0	0	0	0	0	0	0	0	0	0	0	2.315247e+26	1.786083e+17	2.315247e+26	1.046618e+26	5.124158e+21	1.046567e+26	5.603109e+25	7.19566e+13	5.603109e+25	2.093237e+26	1.356352e+14	2.093237e+26	6.237423e+25	5.880951e+14	6.237423e+25	1.99809e+26	1.386928e+21	1.998076e+26	2.165601e+23	1.474896e-09	0.002910388	9.589933e+09	8.446172e+10	1.848101e+12	4.943879e-06	5.224842e-11	8.534488e-17	0.5010588	0.5	0.2152192	1	36.1183	4.491494	10569.8	1.117189e+26	1.827432e+28	5.151575e+27	6.741065e+25	3.118866e+27	1.203261e+27	5.325573e+26	2.294797e+26	0.2188657	0	0.02018432	0.03560219	0.03560219	0.001424136	0.02670164	0	0	-0.0479892	0	8.120097e-17	0	8.120097e-17	0	-508.7244	0	-508.7244	0	30891.1	77194.93	173.7806	8655.362	1.106061	1	0	0.4523828	1	2	0	0	
8540	1760.328	3.45e+19	0	0	100000	1.95204975	1.140862e-05	2.481963e+26	5.301977e+25	1.359505e+25	3.942472e+25	1.172526e+26	7.792393e+25	1.803136e+25	3.851864e+24	9.876747e+23	2.864189e+24	8.518352e+24	5.66114e+24	0.3139609	1.803136e+26	3.851864e+25	9.876747e+24	2.864189e+25	8.378081e+25	5.567541e+25	2.338708e+24	0	0	0	0	0	0	0	0	0	0	0	0	0	0	2.322863e+26	1.805066e+17	2.322863e+26	1.050061e+26	5.138779e+21	1.05001e+26	5.62154e+25	7.225435e+13	5.62154e+25	2.100123e+26	1.361964e+14	2.100123e+26	6.257941e+25	5.905286e+14	6.257941e+25	2.004663e+26	1.392667e+21	2.004649e+26	2.165335e+23	1.475045e-09	0.002910917	9.549973e+09	8.516744e+10	1.859197e+12	4.954193e-06	5.246665e-11	8.588015e-17	0.5010551	0.5	0.2156666	1	36.23711	4.506268	10569.8	1.117189e+26	1.827432e+28	5.151575e+27	6.741065e+25	3.118866e+27	1.203261e+27	5.325573e+26	2.294797e+26	0.2188657	0	0.02018238	0.03560219	0.03560219	0.001424136	0.02670164	0	0	-0.04795025	0	8.146298e-17	0	8.146298e-17	0	-508.6773	0	-508.6773	0	30890.48	77194.93	174.3523	8655.19	1.106061	1	0	0.4523828	1	2	0	0	
8568	1760.328	3.45e+19	0	0	100000	1.9520887	1.140862e-05	2.490101e+26	5.303091e+25	1.359947e+25	3.943144e+25	1.177355e+26	7.824363e+25	1.809048e+25	3.852673e+24	9.87996e+23	2.864677e+24	8.553436e+24	5.684366e+24	0.3142187	1.809048e+26	3.852673e+25	9.87996e+24	2.864677e+25	8.412704e+25	5.590461e+25	2.346375e+24	0	0	0	0	0	0	0	0	0	0	0	0	0	0	2.330479e+26	1.824227e+17	2.330479e+26	1.053504e+26	5.153357e+21	1.053453e+26	5.639972e+25	7.255217e+13	5.639972e+25	2.107008e+26	1.367578e+14	2.107008e+26	6.278459e+25	5.929625e+14	6.278459e+25	2.011235e+26	1.398407e+21	2.011221e+26	2.165074e+23	1.475193e-09	0.002911438	9.510317e+09	8.587642e+10	1.870321e+12	4.964493e-06	5.268504e-11	8.64169e-17	0.5010514	0.5	0.2161134	1	36.35592	4.521043	10569.8	1.117189e+26	1.827432e+28	5.151575e+27	6.741065e+25	3.118866e+27	1.203261e+27	5.325573e+26	2.294797e+26	0.2188657	0	0.02018024	0.03560219	0.03560219	0.001424136	0.02670164	0	0	-0.0479113	0	8.172603e-17	0	8.172603e-17	0	-508.6301	0	-508.6301	0	30889.87	77194.93	174.9239	8655.017	1.106061	1	0	0.4523828	1	2	0	0	
8596	1760.328	3.45e+19	0	0	100000	1.95212765	1.140862e-05	2.498238e+26	5.30419e+25	1.360383e+25	3.943806e+25	1.182185e+26	7.856338e+25	1.814959e+25	3.853471e+24	9.883127e+23	2.865158e+24	8.588527e+24	5.707596e+24	0.3144751	1.814959e+26	3.853471e+25	9.883127e+24	2.865158e+25	8.447333e+25	5.613386e+25	2.354043e+24	0	0	0	0	0	0	0	0	0	0	0	0	0	0	2.338095e+26	1.843573e+17	2.338095e+26	1.056947e+26	5.167891e+21	1.056895e+26	5.658403e+25	7.285004e+13	5.658403e+25	2.113894e+26	1.373193e+14	2.113894e+26	6.298977e+25	5.95397e+14	6.298977e+25	2.017808e+26	1.404149e+21	2.017794e+26	2.164816e+23	1.475338e-09	0.002911952	9.470964e+09	8.658867e+10	1.881471e+12	4.974779e-06	5.290357e-11	8.695513e-17	0.5010478	0.5	0.2165596	1	36.47473	4.535818	10569.8	1.117189e+26	1.827432e+28	5.151575e+27	6.741065e+25	3.118866e+27	1.203261e+27	5.325573e+26	2.294797e+26	0.2188657	0	0.02017788	0.03560219	0.03560219	0.001424136	0.02670164	0	0	-0.04787235	0	8.199011e-17	0	8.199011e-17	0	-508.5829	0	-508.5829	0	30889.25	77194.93	175.4956	8654.844	1.106061	1	0	0.4523828	1	2	0	0	
8624	1760.328	3.45e+19	0	0	100000	1.9521666	1.140862e-05	2.506376e+26	5.305273e+25	1.360813e+25	3.944459e+25	1.187017e+26	7.88832e+25	1.820871e+25	3.854258e+24	9.88625e+23	2.865633e+24	8.623625e+24	5.730831e+24	0.3147301	1.820871e+26	3.854258e+25	9.88625e+24	2.865633e+25	8.48197e+25	5.636315e+25	2.361711e+24	0	0	0	0	0	0	0	0	0	0	0	0	0	0	2.345711e+26	1.863098e+17	2.345711e+26	1.06039e+26	5.182383e+21	1.060338e+26	5.676834e+25	7.314798e+13	5.676834e+25	2.12078e+26	1.378809e+14	2.12078e+26	6.319495e+25	5.97832e+14	6.319495e+25	2.024381e+26	1.409891e+21	2.024366e+26	2.164561e+23	1.475482e-09	0.002912459	9.431908e+09	8.730419e+10	1.892648e+12	4.98505e-06	5.312225e-11	8.749484e-17	0.5010442	0.5	0.2170051	1	36.59354	4.550592	10569.8	1.117189e+26	1.827432e+28	5.151575e+27	6.741065e+25	3.118866e+27	1.203261e+27	5.325573e+26	2.294797e+26	0.2188657	0	0.02017531	0.03560219	0.03560219	0.001424136	0.02670164	0	0	-0.0478334	0	8.225524e-17	0	8.225524e-17	0	-508.5356	0	-508.5356	0	30888.63	77194.93	176.0673	8654.672	1.106061	1	0	0.4523828	1	2	0	0	
8652	1760.328	3.45e+19	0	0	100000	1.95220555	1.140862e-05	2.514513e+26	5.30634e+25	1.361237e+25	3.945103e+25	1.191849e+26	7.920307e+25	1.826783e+25	3.855033e+24	9.889329e+23	2.8661e+24	8.658731e+24	5.754069e+24	0.3149837	1.826783e+26	3.855033e+25	9.889329e+24	2.8661e+25	8.516614e+25	5.659248e+25	2.369379e+24	0	0	0	0	0	0	0	0	0	0	0	0	0	0	2.353327e+26	1.882811e+17	2.353327e+26	1.063833e+26	5.19683e+21	1.063781e+26	5.695266e+25	7.344598e+13	5.695266e+25	2.127665e+26	1.384426e+14	2.127665e+26	6.340013e+25	6.002674e+14	6.340013e+25	2.030953e+26	1.415635e+21	2.030939e+26	2.164311e+23	1.475623e-09	0.002912959	9.393147e+09	8.802298e+10	1.903852e+12	4.995307e-06	5.334108e-11	8.803602e-17	0.5010406	0.5	0.2174501	1	36.71235	4.565367	10569.8	1.117189e+26	1.827432e+28	5.151575e+27	6.741065e+25	3.118866e+27	1.203261e+27	5.325573e+26	2.294797e+26	0.2188657	0	0.02017253	0.03560219	0.03560219	0.001424136	0.02670164	0	0	-0.04779445	0	8.252142e-17	0	8.252142e-17	0	-508.4883	0	-508.4883	0	30888.02	77194.93	176.6389	8654.499	1.106061	1	0	0.4523828	1	2	0	0	
8680	1760.328	3.45e+19	0	0	100000	1.9522445	1.140862e-05	2.522651e+26	5.307392e+25	1.361655e+25	3.945737e+25	1.196682e+26	7.9523e+25	1.832695e+25	3.855797e+24	9.892364e+23	2.866561e+24	8.693843e+24	5.777312e+24	0.3152358	1.832695e+26	3.855797e+25	9.892364e+24	2.866561e+25	8.551265e+25	5.682185e+25	2.377047e+24	0	0	0	0	0	0	0	0	0	0	0	0	0	0	2.360943e+26	1.902714e+17	2.360943e+26	1.067275e+26	5.211232e+21	1.067223e+26	5.713697e+25	7.374403e+13	5.713697e+25	2.134551e+26	1.390044e+14	2.134551e+26	6.36053e+25	6.027034e+14	6.36053e+25	2.037526e+26	1.42138e+21	2.037512e+26	2.164063e+23	1.475762e-09	0.002913451	9.354678e+09	8.874504e+10	1.915083e+12	5.005549e-06	5.356005e-11	8.857868e-17	0.501037	0.5	0.2178944	1	36.83116	4.580142	10569.8	1.117189e+26	1.827432e+28	5.151575e+27	6.741065e+25	3.118866e+27	1.203261e+27	5.325573e+26	2.294797e+26	0.2188657	0	0.02016954	0.03560219	0.03560219	0.001424136	0.02670164	0	0	-0.0477555	0	8.278865e-17	0	8.278865e-17	0	-508.441	0	-508.441	0	30887.4	77194.93	177.2106	8654.326	1.106061	1	0	0.4523828	1	2	0	0	
8708	1760.328	3.45e+19	0	0	100000	1.95228345	1.140862e-05	2.530789e+26	5.308428e+25	1.362067e+25	3.946362e+25	1.201516e+26	7.984299e+25	1.838607e+25	3.856551e+24	9.895357e+23	2.867015e+24	8.728962e+24	5.800559e+24	0.3154866	1.838607e+26	3.856551e+25	9.895357e+24	2.867015e+25	8.585923e+25	5.705127e+25	2.384715e+24	0	0	0	0	0	0	0	0	0	0	0	0	0	0	2.368559e+26	1.922807e+17	2.368559e+26	1.070718e+26	5.22559e+21	1.070666e+26	5.732128e+25	7.404215e+13	5.732128e+25	2.141437e+26	1.395663e+14	2.141437e+26	6.381048e+25	6.051398e+14	6.381048e+25	2.044099e+26	1.427126e+21	2.044084e+26	2.16382e+23	1.4759e-09	0.002913937	9.316497e+09	8.947038e+10	1.926341e+12	5.015778e-06	5.377917e-11	8.91228e-17	0.5010334	0.5	0.2183381	1	36.94997	4.594916	10569.8	1.117189e+26	1.827432e+28	5.151575e+27	6.741065e+25	3.118866e+27	1.203261e+27	5.325573e+26	2.294797e+26	0.2188657	0	0.02016635	0.03560219	0.03560219	0.001424136	0.02670164	0	0	-0.04771655	0	8.305693e-17	0	8.305693e-17	0	-508.3937	0	-508.3937	0	30886.79	77194.93	177.7823	8654.154	1.106061	1	0	0.4523828	1	2	0	0	
8736	1760.328	3.45e+19	0	0	100000	1.9523224	1.140862e-05	2.538926e+26	5.30945e+25	1.362473e+25	3.946977e+25	1.206351e+26	8.016303e+25	1.844519e+25	3.857293e+24	9.898307e+23	2.867462e+24	8.764088e+24	5.82381e+24	0.3157359	1.844519e+26	3.857293e+25	9.898307e+24	2.867462e+25	8.620587e+25	5.728072e+25	2.392382e+24	0	0	0	0	0	0	0	0	0	0	0	0	0	0	2.376175e+26	1.943088e+17	2.376175e+26	1.074161e+26	5.239906e+21	1.074109e+26	5.750559e+25	7.434032e+13	5.750559e+25	2.148322e+26	1.401283e+14	2.148322e+26	6.401566e+25	6.075767e+14	6.401566e+25	2.050671e+26	1.432873e+21	2.050657e+26	2.16358e+23	1.476035e-09	0.002914416	9.278601e+09	9.019899e+10	1.937625e+12	5.025993e-06	5.399843e-11	8.96684e-17	0.5010299	0.5	0.2187812	1	37.06878	4.609691	10569.8	1.117189e+26	1.827432e+28	5.151575e+27	6.741065e+25	3.118866e+27	1.203261e+27	5.325573e+26	2.294797e+26	0.2188657	0	0.02016296	0.03560219	0.03560219	0.001424136	0.02670164	0	0	-0.0476776	0	8.332629e-17	0	8.332629e-17	0	-508.3463	0	-508.3463	0	30886.17	77194.93	178.3539	8653.981	1.106061	1	0	0.4523828	1	2	0	0	
8764	1760.328	3.45e+19	0	0	100000	1.95236135	1.140862e-05	2.547064e+26	5.310457e+25	1.362873e+25	3.947584e+25	1.211187e+26	8.048312e+25	1.850431e+25	3.858025e+24	9.901216e+23	2.867903e+24	8.799221e+24	5.847064e+24	0.3159839	1.850431e+26	3.858025e+25	9.901216e+24	2.867903e+25	8.655258e+25	5.751021e+25	2.400051e+24	0	0	0	0	0	0	0	0	0	0	0	0	0	0	2.38379e+26	1.963563e+17	2.38379e+26	1.077604e+26	5.254177e+21	1.077551e+26	5.768991e+25	7.463855e+13	5.768991e+25	2.155208e+26	1.406905e+14	2.155208e+26	6.422084e+25	6.10014e+14	6.422084e+25	2.057244e+26	1.438621e+21	2.057229e+26	2.163343e+23	1.476169e-09	0.002914888	9.240988e+09	9.093088e+10	1.948937e+12	5.036193e-06	5.421784e-11	9.021547e-17	0.5010264	0.5	0.2192237	1	37.18759	4.624466	10569.8	1.117189e+26	1.827432e+28	5.151575e+27	6.741065e+25	3.118866e+27	1.203261e+27	5.325573e+26	2.294797e+26	0.2188657	0	0.02015936	0.03560219	0.03560219	0.001424136	0.02670164	0	0	-0.04763865	0	8.359671e-17	0	8.359671e-17	0	-508.2989	0	-508.2989	0	30885.55	77194.93	178.9256	8653.808	1.106061	1	0	0.4523828	1	2	0	0	
8792	1760.328	3.45e+19	0	0	100000	1.9524003	1.140862e-05	2.555201e+26	5.31145e+25	1.363268e+25	3.948182e+25	1.216024e+26	8.080327e+25	1.856343e+25	3.858746e+24	9.904083e+23	2.868338e+24	8.83436e+24	5.870323e+24	0.3162305	1.856343e+26	3.858746e+25	9.904083e+24	2.868338e+25	8.689936e+25	5.773975e+25	2.407718e+24	0	0	0	0	0	0	0	0	0	0	0	0	0	0	2.391406e+26	1.984235e+17	2.391406e+26	1.081047e+26	5.268403e+21	1.080994e+26	5.787422e+25	7.493684e+13	5.787422e+25	2.162093e+26	1.412527e+14	2.162093e+26	6.442602e+25	6.124518e+14	6.442602e+25	2.063816e+26	1.44437e+21	2.063802e+26	2.163109e+23	1.4763e-09	0.002915354	9.203654e+09	9.166605e+10	1.960274e+12	5.04638e-06	5.443739e-11	9.076401e-17	0.5010229	0.5	0.2196656	1	37.3064	4.63924	10569.8	1.117189e+26	1.827432e+28	5.151575e+27	6.741065e+25	3.118866e+27	1.203261e+27	5.325573e+26	2.294797e+26	0.2188657	0	0.02015556	0.03560219	0.03560219	0.001424136	0.02670164	0	0	-0.0475997	0	8.38682e-17	0	8.38682e-17	0	-508.2514	0	-508.2514	0	30884.94	77194.93	179.4973	8653.636	1.106061	1	0	0.4523829	1	2	0	0	
8820	1760.328	3.45e+19	0	0	100000	1.95243925	1.140862e-05	2.563339e+26	5.312429e+25	1.363657e+25	3.948772e+25	1.220861e+26	8.112347e+25	1.862255e+25	3.859457e+24	9.906911e+23	2.868766e+24	8.869506e+24	5.893586e+24	0.3164758	1.862255e+26	3.859457e+25	9.906911e+24	2.868766e+25	8.724621e+25	5.796932e+25	2.415386e+24	0	0	0	0	0	0	0	0	0	0	0	0	0	0	2.399022e+26	2.0051e+17	2.399022e+26	1.08449e+26	5.282587e+21	1.084437e+26	5.805853e+25	7.523518e+13	5.805853e+25	2.168979e+26	1.418151e+14	2.168979e+26	6.46312e+25	6.148901e+14	6.46312e+25	2.070389e+26	1.45012e+21	2.070375e+26	2.162879e+23	1.47643e-09	0.002915813	9.166597e+09	9.24045e+10	1.971639e+12	5.056552e-06	5.465708e-11	9.131401e-17	0.5010194	0.5	0.2201068	1	37.42521	4.654015	10569.8	1.117189e+26	1.827432e+28	5.151575e+27	6.741065e+25	3.118866e+27	1.203261e+27	5.325573e+26	2.294797e+26	0.2188657	0	0.02015155	0.03560219	0.03560219	0.001424136	0.02670164	0	0	-0.04756075	0	8.414077e-17	0	8.414077e-17	0	-508.2039	0	-508.2039	0	30884.32	77194.93	180.0689	8653.463	1.106061	1	0	0.4523829	1	2	0	0	
8848	1760.328	3.45e+19	0	0	100000	1.9524782	1.140862e-05	2.571477e+26	5.313393e+25	1.364041e+25	3.949352e+25	1.2257e+26	8.144372e+25	1.868167e+25	3.860157e+24	9.909698e+23	2.869188e+24	8.904658e+24	5.916852e+24	0.3167197	1.868167e+26	3.860157e+25	9.909698e+24	2.869188e+25	8.759312e+25	5.819893e+25	2.423055e+24	0	0	0	0	0	0	0	0	0	0	0	0	0	0	2.406638e+26	2.026164e+17	2.406638e+26	1.087932e+26	5.296727e+21	1.087879e+26	5.824284e+25	7.553357e+13	5.824284e+25	2.175865e+26	1.423776e+14	2.175865e+26	6.483637e+25	6.173289e+14	6.483637e+25	2.076962e+26	1.455872e+21	2.076947e+26	2.162653e+23	1.476558e-09	0.002916266	9.129812e+09	9.314624e+10	1.98303e+12	5.066711e-06	5.487692e-11	9.186548e-17	0.501016	0.5	0.2205475	1	37.54402	4.66879	10569.8	1.117189e+26	1.827432e+28	5.151575e+27	6.741065e+25	3.118866e+27	1.203261e+27	5.325573e+26	2.294797e+26	0.2188657	0	0.02014735	0.03560219	0.03560219	0.001424136	0.02670164	0	0	-0.0475218	0	8.441443e-17	0	8.441443e-17	0	-508.1564	0	-508.1564	0	30883.71	77194.93	180.6406	8653.29	1.106061	1	0	0.4523829	1	2	0	0	
8876	1760.328	3.45e+19	0	0	100000	1.95251715	1.140862e-05	2.579614e+26	5.314344e+25	1.364419e+25	3.949925e+25	1.230539e+26	8.176403e+25	1.874079e+25	3.860848e+24	9.912446e+23	2.869603e+24	8.939817e+24	5.940122e+24	0.3169622	1.874079e+26	3.860848e+25	9.912446e+24	2.869603e+25	8.794009e+25	5.842857e+25	2.430722e+24	0	0	0	0	0	0	0	0	0	0	0	0	0	0	2.414254e+26	2.047432e+17	2.414254e+26	1.091375e+26	5.310822e+21	1.091322e+26	5.842716e+25	7.583203e+13	5.842716e+25	2.18275e+26	1.429401e+14	2.18275e+26	6.504155e+25	6.19768e+14	6.504155e+25	2.083534e+26	1.461624e+21	2.08352e+26	2.162429e+23	1.476684e-09	0.002916712	9.093299e+09	9.389127e+10	1.994448e+12	5.076856e-06	5.50969e-11	9.241841e-17	0.5010126	0.5	0.2209876	1	37.66283	4.683564	10569.8	1.117189e+26	1.827432e+28	5.151575e+27	6.741065e+25	3.118866e+27	1.203261e+27	5.325573e+26	2.294797e+26	0.2188657	0	0.02014294	0.03560219	0.03560219	0.001424136	0.02670164	0	0	-0.04748285	0	8.468917e-17	0	8.468917e-17	0	-508.1088	0	-508.1088	0	30883.09	77194.93	181.2123	8653.118	1.106061	1	0	0.4523829	1	2	0	0	
8904	1760.328	3.45e+19	0	0	100000	1.9525561	1.140862e-05	2.587752e+26	5.31528e+25	1.364792e+25	3.950489e+25	1.23538e+26	8.208438e+25	1.879991e+25	3.861529e+24	9.915155e+23	2.870013e+24	8.974982e+24	5.963395e+24	0.3172035	1.879991e+26	3.861529e+25	9.915155e+24	2.870013e+25	8.828713e+25	5.865825e+25	2.43839e+24	0	0	0	0	0	0	0	0	0	0	0	0	0	0	2.42187e+26	2.068897e+17	2.42187e+26	1.094818e+26	5.324876e+21	1.094765e+26	5.861147e+25	7.613053e+13	5.861147e+25	2.189636e+26	1.435028e+14	2.189636e+26	6.524673e+25	6.222077e+14	6.524673e+25	2.090107e+26	1.467378e+21	2.090092e+26	2.162209e+23	1.476809e-09	0.002917152	9.057052e+09	9.463958e+10	2.005892e+12	5.086988e-06	5.531702e-11	9.29728e-17	0.5010092	0.5	0.2214271	1	37.78164	4.698339	10569.8	1.117189e+26	1.827432e+28	5.151575e+27	6.741065e+25	3.118866e+27	1.203261e+27	5.325573e+26	2.294797e+26	0.2188657	0	0.02013834	0.03560219	0.03560219	0.001424136	0.02670164	0	0	-0.0474439	0	8.496501e-17	0	8.496501e-17	0	-508.0613	0	-508.0613	0	30882.47	77194.93	181.7839	8652.945	1.106061	1	0	0.4523829	1	2	0	0	
8932	1760.328	3.45e+19	0	0	100000	1.95259505	1.140862e-05	2.595889e+26	5.316204e+25	1.365159e+25	3.951044e+25	1.240221e+26	8.240478e+25	1.885902e+25	3.862199e+24	9.917825e+23	2.870417e+24	9.010153e+24	5.986672e+24	0.3174434	1.885902e+26	3.862199e+25	9.917825e+24	2.870417e+25	8.863423e+25	5.888797e+25	2.446058e+24	0	0	0	0	0	0	0	0	0	0	0	0	0	0	2.429486e+26	2.090573e+17	2.429486e+26	1.098261e+26	5.338882e+21	1.098207e+26	5.879578e+25	7.642909e+13	5.879578e+25	2.196522e+26	1.440656e+14	2.196522e+26	6.545191e+25	6.246477e+14	6.545191e+25	2.09668e+26	1.473132e+21	2.096665e+26	2.161991e+23	1.476932e-09	0.002917586	9.021071e+09	9.539119e+10	2.017363e+12	5.097105e-06	5.553728e-11	9.352866e-17	0.5010058	0.5	0.221866	1	37.90045	4.713113	10569.8	1.117189e+26	1.827432e+28	5.151575e+27	6.741065e+25	3.118866e+27	1.203261e+27	5.325573e+26	2.294797e+26	0.2188657	0	0.02013355	0.03560219	0.03560219	0.001424136	0.02670164	0	0	-0.04740495	0	8.524195e-17	0	8.524195e-17	0	-508.0136	0	-508.0136	0	30881.86	77194.93	182.3556	8652.773	1.106061	1	0	0.4523829	1	2	0	0	
8960	1760.328	3.45e+19	0	0	100000	1.952634	1.140862e-05	2.604027e+26	5.317114e+25	1.365522e+25	3.951592e+25	1.245063e+26	8.272523e+25	1.891814e+25	3.862861e+24	9.920458e+23	2.870815e+24	9.045331e+24	6.009953e+24	0.317682	1.891814e+26	3.862861e+25	9.920458e+24	2.870815e+25	8.898139e+25	5.911772e+25	2.453726e+24	0	0	0	0	0	0	0	0	0	0	0	0	0	0	2.437102e+26	2.112452e+17	2.437102e+26	1.101704e+26	5.352846e+21	1.10165e+26	5.89801e+25	7.67277e+13	5.89801e+25	2.203407e+26	1.446284e+14	2.203407e+26	6.565709e+25	6.270881e+14	6.565709e+25	2.103252e+26	1.478888e+21	2.103238e+26	2.161777e+23	1.477053e-09	0.002918014	8.985351e+09	9.614609e+10	2.02886e+12	5.107209e-06	5.575769e-11	9.408598e-17	0.5010024	0.5	0.2223044	1	38.01926	4.727888	10569.8	1.117189e+26	1.827432e+28	5.151575e+27	6.741065e+25	3.118866e+27	1.203261e+27	5.325573e+26	2.294797e+26	0.2188657	0	0.02012855	0.03560219	0.03560219	0.001424136	0.02670164	0	0	-0.047366	0	8.551999e-17	0	8.551999e-17	0	-507.966	0	-507.966	0	30881.24	77194.93	182.9273	8652.6	1.106061	1	0	0.4523829	1	2	0	0	
8988	1760.328	3.45e+19	0	0	100000	1.95267295	1.140862e-05	2.612164e+26	5.318011e+25	1.365879e+25	3.952132e+25	1.249906e+26	8.304573e+25	1.897726e+25	3.863512e+24	9.923054e+23	2.871207e+24	9.080514e+24	6.033237e+24	0.3179192	1.897726e+26	3.863512e+25	9.923054e+24	2.871207e+25	8.932861e+25	5.934751e+25	2.461394e+24	0	0	0	0	0	0	0	0	0	0	0	0	0	0	2.444718e+26	2.134534e+17	2.444718e+26	1.105147e+26	5.366768e+21	1.105093e+26	5.916441e+25	7.702637e+13	5.916441e+25	2.210293e+26	1.451914e+14	2.210293e+26	6.586227e+25	6.29529e+14	6.586227e+25	2.109825e+26	1.484644e+21	2.10981e+26	2.161566e+23	1.477172e-09	0.002918436	8.949891e+09	9.690428e+10	2.040383e+12	5.1173e-06	5.597823e-11	9.464475e-17	0.5009991	0.5	0.2227421	1	38.13807	4.742663	10569.8	1.117189e+26	1.827432e+28	5.151575e+27	6.741065e+25	3.118866e+27	1.203261e+27	5.325573e+26	2.294797e+26	0.2188657	0	0.02012337	0.03560219	0.03560219	0.001424136	0.02670164	0	0	-0.04732705	0	8.579915e-17	0	8.579915e-17	0	-507.9183	0	-507.9183	0	30880.62	77194.93	183.4989	8652.427	1.106061	1	0	0.4523829	1	2	0	0	
9016	1760.328	3.45e+19	0	0	100000	1.9527119	1.140862e-05	2.620302e+26	5.318895e+25	1.366231e+25	3.952664e+25	1.25475e+26	8.336628e+25	1.903638e+25	3.864154e+24	9.925613e+23	2.871593e+24	9.115704e+24	6.056524e+24	0.3181552	1.903638e+26	3.864154e+25	9.925613e+24	2.871593e+25	8.967589e+25	5.957733e+25	2.469061e+24	0	0	0	0	0	0	0	0	0	0	0	0	0	0	2.452334e+26	2.156835e+17	2.452334e+26	1.108589e+26	5.380643e+21	1.108536e+26	5.934872e+25	7.732508e+13	5.934872e+25	2.217179e+26	1.457545e+14	2.217179e+26	6.606744e+25	6.319704e+14	6.606744e+25	2.116398e+26	1.490402e+21	2.116383e+26	2.161358e+23	1.477289e-09	0.002918852	8.914687e+09	9.766578e+10	2.051933e+12	5.127377e-06	5.619892e-11	9.520499e-17	0.5009958	0.5	0.2231793	1	38.25688	4.757437	10569.8	1.117189e+26	1.827432e+28	5.151575e+27	6.741065e+25	3.118866e+27	1.203261e+27	5.325573e+26	2.294797e+26	0.2188657	0	0.02011799	0.03560219	0.03560219	0.001424136	0.02670164	0	0	-0.0472881	0	8.607942e-17	0	8.607942e-17	0	-507.8705	0	-507.8705	0	30880.01	77194.93	184.0706	8652.255	1.106061	1	0	0.452383	1	2	0	0	
9044	1760.328	3.45e+19	0	0	100000	1.95275085	1.140862e-05	2.62844e+26	5.319766e+25	1.366579e+25	3.953188e+25	1.259594e+26	8.368687e+25	1.90955e+25	3.864788e+24	9.928136e+23	2.871974e+24	9.150899e+24	6.079815e+24	0.3183899	1.90955e+26	3.864788e+25	9.928136e+24	2.871974e+25	9.002323e+25	5.980718e+25	2.47673e+24	0	0	0	0	0	0	0	0	0	0	0	0	0	0	2.45995e+26	2.179342e+17	2.45995e+26	1.112032e+26	5.394476e+21	1.111978e+26	5.953303e+25	7.762384e+13	5.953303e+25	2.224064e+26	1.463176e+14	2.224064e+26	6.627262e+25	6.344121e+14	6.627262e+25	2.12297e+26	1.49616e+21	2.122956e+26	2.161153e+23	1.477405e-09	0.002919262	8.879737e+09	9.843057e+10	2.063509e+12	5.137441e-06	5.641974e-11	9.576668e-17	0.5009925	0.5	0.2236158	1	38.37569	4.772212	10569.8	1.117189e+26	1.827432e+28	5.151575e+27	6.741065e+25	3.118866e+27	1.203261e+27	5.325573e+26	2.294797e+26	0.2188657	0	0.02011241	0.03560219	0.03560219	0.001424136	0.02670164	0	0	-0.04724915	0	8.636081e-17	0	8.636081e-17	0	-507.8228	0	-507.8228	0	30879.39	77194.93	184.6423	8652.082	1.106061	1	0	0.452383	1	2	0	0	
9072	1760.328	3.45e+19	0	0	100000	1.9527898	1.140862e-05	2.636577e+26	5.320625e+25	1.366921e+25	3.953704e+25	1.26444e+26	8.40075e+25	1.915462e+25	3.865411e+24	9.930623e+23	2.872349e+24	9.1861e+24	6.103109e+24	0.3186233	1.915462e+26	3.865411e+25	9.930623e+24	2.872349e+25	9.037063e+25	6.003707e+25	2.484398e+24	0	0	0	0	0	0	0	0	0	0	0	0	0	0	2.467566e+26	2.202066e+17	2.467566e+26	1.115475e+26	5.408265e+21	1.115421e+26	5.971735e+25	7.792266e+13	5.971735e+25	2.23095e+26	1.468809e+14	2.23095e+26	6.64778e+25	6.368542e+14	6.64778e+25	2.129543e+26	1.50192e+21	2.129528e+26	2.16095e+23	1.47752e-09	0.002919667	8.845038e+09	9.919866e+10	2.075112e+12	5.147491e-06	5.664071e-11	9.632982e-17	0.5009892	0.5	0.2240518	1	38.4945	4.786987	10569.8	1.117189e+26	1.827432e+28	5.151575e+27	6.741065e+25	3.118866e+27	1.203261e+27	5.325573e+26	2.294797e+26	0.2188657	0	0.02010665	0.03560219	0.03560219	0.001424136	0.02670164	0	0	-0.0472102	0	8.664332e-17	0	8.664332e-17	0	-507.775	0	-507.775	0	30878.78	77194.93	185.2139	8651.91	1.106061	1	0	0.452383	1	2	0	0	
9100	1760.328	3.45e+19	0	0	100000	1.95282875	1.140862e-05	2.644715e+26	5.321472e+25	1.367259e+25	3.954213e+25	1.269286e+26	8.432818e+25	1.921374e+25	3.866026e+24	9.933075e+23	2.872719e+24	9.221307e+24	6.126406e+24	0.3188555	1.921374e+26	3.866026e+25	9.933075e+24	2.872719e+25	9.071808e+25	6.026699e+25	2.492065e+24	0	0	0	0	0	0	0	0	0	0	0	0	0	0	2.475182e+26	2.225008e+17	2.475182e+26	1.118918e+26	5.422009e+21	1.118864e+26	5.990166e+25	7.822152e+13	5.990166e+25	2.237836e+26	1.474442e+14	2.237836e+26	6.668298e+25	6.392968e+14	6.668298e+25	2.136116e+26	1.50768e+21	2.136101e+26	2.160751e+23	1.477633e-09	0.002920065	8.810588e+09	9.997006e+10	2.086741e+12	5.157528e-06	5.686181e-11	9.689442e-17	0.500986	0.5	0.2244873	1	38.61331	4.801761	10569.8	1.117189e+26	1.827432e+28	5.151575e+27	6.741065e+25	3.118866e+27	1.203261e+27	5.325573e+26	2.294797e+26	0.2188657	0	0.0201007	0.03560219	0.03560219	0.001424136	0.02670164	0	0	-0.04717125	0	8.692697e-17	0	8.692697e-17	0	-507.7271	0	-507.7271	0	30878.16	77194.93	185.7856	8651.737	1.106061	1	0	0.452383	1	2	0	0	
9128	1760.328	3.45e+19	0	0	100000	1.9528677	1.140862e-05	2.652852e+26	5.322306e+25	1.367591e+25	3.954715e+25	1.274133e+26	8.46489e+25	1.927286e+25	3.866632e+24	9.935492e+23	2.873083e+24	9.25652e+24	6.149707e+24	0.3190864	1.927286e+26	3.866632e+25	9.935492e+24	2.873083e+25	9.10656e+25	6.049694e+25	2.499733e+24	0	0	0	0	0	0	0	0	0	0	0	0	0	0	2.482798e+26	2.248163e+17	2.482798e+26	1.122361e+26	5.435712e+21	1.122306e+26	6.008597e+25	7.852043e+13	6.008597e+25	2.244721e+26	1.480076e+14	2.244721e+26	6.688816e+25	6.417397e+14	6.688816e+25	2.142688e+26	1.513441e+21	2.142673e+26	2.160554e+23	1.477744e-09	0.002920459	8.776384e+09	1.007448e+11	2.098396e+12	5.167552e-06	5.708305e-11	9.746047e-17	0.5009828	0.5	0.2249221	1	38.73212	4.816536	10569.8	1.117189e+26	1.827432e+28	5.151575e+27	6.741065e+25	3.118866e+27	1.203261e+27	5.325573e+26	2.294797e+26	0.2188657	0	0.02009456	0.03560219	0.03560219	0.001424136	0.02670164	0	0	-0.0471323	0	8.721175e-17	0	8.721175e-17	0	-507.6793	0	-507.6793	0	30877.55	77194.93	186.3573	8651.564	1.106061	1	0	0.452383	1	2	0	0	
9156	1760.328	3.45e+19	0	0	100000	1.95290665	1.140862e-05	2.66099e+26	5.323128e+25	1.367919e+25	3.955209e+25	1.278981e+26	8.496967e+25	1.933198e+25	3.86723e+24	9.937875e+23	2.873442e+24	9.291739e+24	6.17301e+24	0.319316	1.933198e+26	3.86723e+25	9.937875e+24	2.873442e+25	9.141317e+25	6.072692e+25	2.507402e+24	0	0	0	0	0	0	0	0	0	0	0	0	0	0	2.490414e+26	2.27154e+17	2.490414e+26	1.125803e+26	5.44937e+21	1.125749e+26	6.027029e+25	7.881939e+13	6.027029e+25	2.251607e+26	1.485712e+14	2.251607e+26	6.709334e+25	6.44183e+14	6.709334e+25	2.149261e+26	1.519204e+21	2.149246e+26	2.16036e+23	1.477853e-09	0.002920846	8.742423e+09	1.015228e+11	2.110077e+12	5.177563e-06	5.730443e-11	9.802797e-17	0.5009795	0.5	0.2253564	1	38.85093	4.831311	10569.8	1.117189e+26	1.827432e+28	5.151575e+27	6.741065e+25	3.118866e+27	1.203261e+27	5.325573e+26	2.294797e+26	0.2188657	0	0.02008824	0.03560219	0.03560219	0.001424136	0.02670164	0	0	-0.04709335	0	8.749768e-17	0	8.749768e-17	0	-507.6314	0	-507.6314	0	30876.93	77194.93	186.9289	8651.392	1.106061	1	0	0.452383	1	2	0	0	
9184	1760.328	3.45e+19	0	0	100000	1.9529456	1.140862e-05	2.669128e+26	5.323938e+25	1.368243e+25	3.955696e+25	1.283829e+26	8.529047e+25	1.93911e+25	3.867818e+24	9.940224e+23	2.873796e+24	9.326963e+24	6.196317e+24	0.3195444	1.93911e+26	3.867818e+25	9.940224e+24	2.873796e+25	9.176079e+25	6.095693e+25	2.515069e+24	0	0	0	0	0	0	0	0	0	0	0	0	0	0	2.49803e+26	2.295141e+17	2.49803e+26	1.129246e+26	5.462984e+21	1.129192e+26	6.04546e+25	7.91184e+13	6.04546e+25	2.258493e+26	1.491348e+14	2.258493e+26	6.729852e+25	6.466267e+14	6.729852e+25	2.155834e+26	1.524967e+21	2.155819e+26	2.160169e+23	1.477961e-09	0.002921229	8.708703e+09	1.023041e+11	2.121784e+12	5.18756e-06	5.752594e-11	9.859692e-17	0.5009764	0.5	0.2257901	1	38.96974	4.846085	10569.8	1.117189e+26	1.827432e+28	5.151575e+27	6.741065e+25	3.118866e+27	1.203261e+27	5.325573e+26	2.294797e+26	0.2188657	0	0.02008173	0.03560219	0.03560219	0.001424136	0.02670164	0	0	-0.0470544	0	8.778475e-17	0	8.778475e-17	0	-507.5834	0	-507.5834	0	30876.31	77194.93	187.5006	8651.219	1.106061	1	0	0.452383	1	2	0	0	
9212	1760.328	3.45e+19	0	0	100000	1.95298455	1.140862e-05	2.677265e+26	5.324737e+25	1.368561e+25	3.956175e+25	1.288678e+26	8.561132e+25	1.945022e+25	3.868399e+24	9.94254e+23	2.874145e+24	9.362192e+24	6.219626e+24	0.3197716	1.945022e+26	3.868399e+25	9.94254e+24	2.874145e+25	9.210847e+25	6.118697e+25	2.522737e+24	0	0	0	0	0	0	0	0	0	0	0	0	0	0	2.505646e+26	2.318968e+17	2.505646e+26	1.132689e+26	5.476553e+21	1.132634e+26	6.063891e+25	7.941745e+13	6.063891e+25	2.265378e+26	1.496985e+14	2.265378e+26	6.750369e+25	6.490708e+14	6.750369e+25	2.162406e+26	1.530731e+21	2.162391e+26	2.159981e+23	1.478068e-09	0.002921606	8.675222e+09	1.030887e+11	2.133518e+12	5.197545e-06	5.774759e-11	9.916732e-17	0.5009732	0.5	0.2262232	1	39.08855	4.86086	10569.8	1.117189e+26	1.827432e+28	5.151575e+27	6.741065e+25	3.118866e+27	1.203261e+27	5.325573e+26	2.294797e+26	0.2188657	0	0.02007503	0.03560219	0.03560219	0.001424136	0.02670164	0	0	-0.04701545	0	8.807298e-17	0	8.807298e-17	0	-507.5355	0	-507.5355	0	30875.7	77194.93	188.0723	8651.047	1.106061	1	0	0.452383	1	2	0	0	
9240	1760.328	3.45e+19	0	0	100000	1.9530235	1.140862e-05	2.685403e+26	5.325524e+25	1.368876e+25	3.956648e+25	1.293528e+26	8.593221e+25	1.950934e+25	3.86897e+24	9.944823e+23	2.874488e+24	9.397427e+24	6.242938e+24	0.3199975	1.950934e+26	3.86897e+25	9.944823e+24	2.874488e+25	9.245621e+25	6.141704e+25	2.530404e+24	0	0	0	0	0	0	0	0	0	0	0	0	0	0	2.513262e+26	2.343024e+17	2.513262e+26	1.136132e+26	5.490078e+21	1.136077e+26	6.082322e+25	7.971655e+13	6.082322e+25	2.272264e+26	1.502622e+14	2.272264e+26	6.770887e+25	6.515153e+14	6.770887e+25	2.168979e+26	1.536496e+21	2.168964e+26	2.159795e+23	1.478173e-09	0.002921977	8.641977e+09	1.038767e+11	2.145277e+12	5.207516e-06	5.796938e-11	9.973917e-17	0.50097	0.5	0.2266558	1	39.20736	4.875635	10569.8	1.117189e+26	1.827432e+28	5.151575e+27	6.741065e+25	3.118866e+27	1.203261e+27	5.325573e+26	2.294797e+26	0.2188657	0	0.02006816	0.03560219	0.03560219	0.001424136	0.02670164	0	0	-0.0469765	0	8.836237e-17	0	8.836237e-17	0	-507.4874	0	-507.4874	0	30875.08	77194.93	188.644	8650.874	1.106061	1	0	0.4523831	1	2	0	0	
9268	1760.328	3.45e+19	0	0	100000	1.95306245	1.140862e-05	2.69354e+26	5.3263e+25	1.369185e+25	3.957114e+25	1.298379e+26	8.625314e+25	1.956846e+25	3.869534e+24	9.947074e+23	2.874827e+24	9.432668e+24	6.266254e+24	0.3202222	1.956846e+26	3.869534e+25	9.947074e+24	2.874827e+25	9.2804e+25	6.164714e+25	2.538073e+24	0	0	0	0	0	0	0	0	0	0	0	0	0	0	2.520877e+26	2.367304e+17	2.520877e+26	1.139575e+26	5.503562e+21	1.13952e+26	6.100754e+25	8.00157e+13	6.100754e+25	2.279149e+26	1.508261e+14	2.279149e+26	6.791405e+25	6.539601e+14	6.791405e+25	2.175552e+26	1.542262e+21	2.175536e+26	2.159612e+23	1.478276e-09	0.002922344	8.608965e+09	1.046679e+11	2.157063e+12	5.217474e-06	5.819131e-11	1.003125e-16	0.5009669	0.5	0.2270878	1	39.32617	4.890409	10569.8	1.117189e+26	1.827432e+28	5.151575e+27	6.741065e+25	3.118866e+27	1.203261e+27	5.325573e+26	2.294797e+26	0.2188657	0	0.0200611	0.03560219	0.03560219	0.001424136	0.02670164	0	0	-0.04693755	0	8.865292e-17	0	8.865292e-17	0	-507.4394	0	-507.4394	0	30874.47	77194.93	189.2156	8650.702	1.106061	1	0	0.4523831	1	2	0	0	
9296	1760.328	3.45e+19	0	0	100000	1.9531014	1.140862e-05	2.701678e+26	5.327064e+25	1.369491e+25	3.957573e+25	1.30323e+26	8.657411e+25	1.962757e+25	3.870089e+24	9.949292e+23	2.87516e+24	9.467913e+24	6.289572e+24	0.3204457	1.962757e+26	3.870089e+25	9.949292e+24	2.87516e+25	9.315184e+25	6.187727e+25	2.545741e+24	0	0	0	0	0	0	0	0	0	0	0	0	0	0	2.528493e+26	2.391816e+17	2.528493e+26	1.143018e+26	5.517001e+21	1.142962e+26	6.119185e+25	8.031489e+13	6.119185e+25	2.286035e+26	1.513901e+14	2.286035e+26	6.811923e+25	6.564053e+14	6.811923e+25	2.182124e+26	1.548028e+21	2.182109e+26	2.159431e+23	1.478379e-09	0.002922705	8.576185e+09	1.054625e+11	2.168875e+12	5.22742e-06	5.841336e-11	1.008872e-16	0.5009638	0.5	0.2275193	1	39.44498	4.905184	10569.8	1.117189e+26	1.827432e+28	5.151575e+27	6.741065e+25	3.118866e+27	1.203261e+27	5.325573e+26	2.294797e+26	0.2188657	0	0.02005386	0.03560219	0.03560219	0.001424136	0.02670164	0	0	-0.0468986	0	8.894464e-17	0	8.894464e-17	0	-507.3913	0	-507.3913	0	30873.85	77194.93	189.7873	8650.529	1.106061	1	0	0.4523831	1	2	0	0	
9324	1760.328	3.45e+19	0	0	100000	1.95314035	1.140862e-05	2.709815e+26	5.327818e+25	1.369792e+25	3.958026e+25	1.308083e+26	8.689511e+25	1.968669e+25	3.870637e+24	9.95148e+23	2.875489e+24	9.503164e+24	6.312893e+24	0.320668	1.968669e+26	3.870637e+25	9.95148e+24	2.875489e+25	9.349973e+25	6.210743e+25	2.553409e+24	0	0	0	0	0	0	0	0	0	0	0	0	0	0	2.536109e+26	2.416563e+17	2.536109e+26	1.14646e+26	5.530396e+21	1.146405e+26	6.137616e+25	8.061413e+13	6.137616e+25	2.292921e+26	1.519541e+14	2.292921e+26	6.832441e+25	6.588509e+14	6.832441e+25	2.188697e+26	1.553796e+21	2.188682e+26	2.159253e+23	1.478479e-09	0.002923062	8.543633e+09	1.062604e+11	2.180712e+12	5.237353e-06	5.863556e-11	1.014634e-16	0.5009607	0.5	0.2279502	1	39.56379	4.919959	10569.8	1.117189e+26	1.827432e+28	5.151575e+27	6.741065e+25	3.118866e+27	1.203261e+27	5.325573e+26	2.294797e+26	0.2188657	0	0.02004645	0.03560219	0.03560219	0.001424136	0.02670164	0	0	-0.04685965	0	8.923754e-17	0	8.923754e-17	0	-507.3432	0	-507.3432	0	30873.24	77194.93	190.359	8650.357	1.106061	1	0	0.4523831	1	2	0	0	
9352	1760.328	3.45e+19	0	0	100000	1.9531793	1.140862e-05	2.717953e+26	5.32856e+25	1.370089e+25	3.958471e+25	1.312936e+26	8.721615e+25	1.974581e+25	3.871176e+24	9.953636e+23	2.875813e+24	9.53842e+24	6.336216e+24	0.3208891	1.974581e+26	3.871176e+25	9.953636e+24	2.875813e+25	9.384768e+25	6.233761e+25	2.561077e+24	0	0	0	0	0	0	0	0	0	0	0	0	0	0	2.543725e+26	2.44154e+17	2.543725e+26	1.149903e+26	5.543749e+21	1.149848e+26	6.156048e+25	8.091341e+13	6.156048e+25	2.299806e+26	1.525182e+14	2.299806e+26	6.852959e+25	6.612968e+14	6.852959e+25	2.19527e+26	1.559564e+21	2.195254e+26	2.159078e+23	1.478579e-09	0.002923413	8.511309e+09	1.070617e+11	2.192576e+12	5.247272e-06	5.885789e-11	1.02041e-16	0.5009576	0.5	0.2283806	1	39.68261	4.934733	10569.8	1.117189e+26	1.827432e+28	5.151575e+27	6.741065e+25	3.118866e+27	1.203261e+27	5.325573e+26	2.294797e+26	0.2188657	0	0.02003885	0.03560219	0.03560219	0.001424136	0.02670164	0	0	-0.0468207	0	8.953161e-17	0	8.953161e-17	0	-507.2951	0	-507.2951	0	30872.62	77194.93	190.9306	8650.184	1.106061	1	0	0.4523831	1	2	0	0	
9380	1760.328	3.45e+19	0	0	100000	1.95321825	1.140862e-05	2.726091e+26	5.329292e+25	1.370381e+25	3.958911e+25	1.317789e+26	8.753723e+25	1.980493e+25	3.871708e+24	9.955762e+23	2.876132e+24	9.573682e+24	6.359542e+24	0.321109	1.980493e+26	3.871708e+25	9.955762e+24	2.876132e+25	9.419568e+25	6.256782e+25	2.568745e+24	0	0	0	0	0	0	0	0	0	0	0	0	0	0	2.551341e+26	2.466757e+17	2.551341e+26	1.153346e+26	5.557058e+21	1.15329e+26	6.174479e+25	8.121273e+13	6.174479e+25	2.306692e+26	1.530825e+14	2.306692e+26	6.873476e+25	6.637431e+14	6.873476e+25	2.201842e+26	1.565334e+21	2.201827e+26	2.158905e+23	1.478677e-09	0.00292376	8.479208e+09	1.078662e+11	2.204465e+12	5.25718e-06	5.908035e-11	1.026201e-16	0.5009546	0.5	0.2288103	1	39.80142	4.949508	10569.8	1.117189e+26	1.827432e+28	5.151575e+27	6.741065e+25	3.118866e+27	1.203261e+27	5.325573e+26	2.294797e+26	0.2188657	0	0.02003109	0.03560219	0.03560219	0.001424136	0.02670164	0	0	-0.04678175	0	8.982688e-17	0	8.982688e-17	0	-507.2469	0	-507.2469	0	30872	77194.93	191.5023	8650.012	1.106061	1	0	0.4523831	1	2	0	0	
9408	1760.328	3.45e+19	0	0	100000	1.9532572	1.140862e-05	2.734228e+26	5.330013e+25	1.37067e+25	3.959344e+25	1.322643e+26	8.785835e+25	1.986405e+25	3.872232e+24	9.957857e+23	2.876446e+24	9.608948e+24	6.382871e+24	0.3213278	1.986405e+26	3.872232e+25	9.957857e+24	2.876446e+25	9.454373e+25	6.279805e+25	2.576412e+24	0	0	0	0	0	0	0	0	0	0	0	0	0	0	2.558957e+26	2.492222e+17	2.558957e+26	1.156789e+26	5.570321e+21	1.156733e+26	6.19291e+25	8.15121e+13	6.19291e+25	2.313578e+26	1.536467e+14	2.313578e+26	6.893994e+25	6.661898e+14	6.893994e+25	2.208415e+26	1.571104e+21	2.208399e+26	2.158734e+23	1.478773e-09	0.002924101	8.44733e+09	1.086741e+11	2.216381e+12	5.267074e-06	5.930294e-11	1.032006e-16	0.5009516	0.5	0.2292396	1	39.92023	4.964283	10569.8	1.117189e+26	1.827432e+28	5.151575e+27	6.741065e+25	3.118866e+27	1.203261e+27	5.325573e+26	2.294797e+26	0.2188657	0	0.02002314	0.03560219	0.03560219	0.001424136	0.02670164	0	0	-0.0467428	0	9.012334e-17	0	9.012334e-17	0	-507.1986	0	-507.1986	0	30871.39	77194.93	192.074	8649.839	1.106061	1	0	0.4523831	1	2	0	0	
9436	1760.328	3.45e+19	0	0	100000	1.95329615	1.140862e-05	2.742366e+26	5.330724e+25	1.370954e+25	3.95977e+25	1.327498e+26	8.81795e+25	1.992317e+25	3.872748e+24	9.959923e+23	2.876756e+24	9.644219e+24	6.406203e+24	0.3215453	1.992317e+26	3.872748e+25	9.959923e+24	2.876756e+25	9.489182e+25	6.302832e+25	2.58408e+24	0	0	0	0	0	0	0	0	0	0	0	0	0	0	2.566573e+26	2.517917e+17	2.566573e+26	1.160232e+26	5.583544e+21	1.160176e+26	6.211341e+25	8.18115e+13	6.211341e+25	2.320463e+26	1.542111e+14	2.320463e+26	6.914512e+25	6.686368e+14	6.914512e+25	2.214988e+26	1.576875e+21	2.214972e+26	2.158566e+23	1.478868e-09	0.002924438	8.415672e+09	1.094853e+11	2.228322e+12	5.276956e-06	5.952567e-11	1.037825e-16	0.5009485	0.5	0.2296683	1	40.03904	4.979057	10569.8	1.117189e+26	1.827432e+28	5.151575e+27	6.741065e+25	3.118866e+27	1.203261e+27	5.325573e+26	2.294797e+26	0.2188657	0	0.02001503	0.03560219	0.03560219	0.001424136	0.02670164	0	0	-0.04670385	0	9.0421e-17	0	9.0421e-17	0	-507.1504	0	-507.1504	0	30870.77	77194.93	192.6457	8649.667	1.106061	1	0	0.4523831	1	2	0	0	
9464	1760.328	3.45e+19	0	0	100000	1.9533351	1.140862e-05	2.750503e+26	5.331425e+25	1.371234e+25	3.96019e+25	1.332354e+26	8.850068e+25	1.998229e+25	3.873257e+24	9.96196e+23	2.877061e+24	9.679496e+24	6.429537e+24	0.3217618	1.998229e+26	3.873257e+25	9.96196e+24	2.877061e+25	9.523997e+25	6.32586e+25	2.591748e+24	0	0	0	0	0	0	0	0	0	0	0	0	0	0	2.574189e+26	2.543866e+17	2.574189e+26	1.163675e+26	5.596721e+21	1.163619e+26	6.229773e+25	8.211096e+13	6.229773e+25	2.327349e+26	1.547756e+14	2.327349e+26	6.93503e+25	6.710841e+14	6.93503e+25	2.22156e+26	1.582646e+21	2.221545e+26	2.158401e+23	1.478962e-09	0.00292477	8.384231e+09	1.102998e+11	2.240289e+12	5.286825e-06	5.974854e-11	1.043659e-16	0.5009455	0.5	0.2300965	1	40.15785	4.993832	10569.8	1.117189e+26	1.827432e+28	5.151575e+27	6.741065e+25	3.118866e+27	1.203261e+27	5.325573e+26	2.294797e+26	0.2188657	0	0.02000674	0.03560219	0.03560219	0.001424136	0.02670164	0	0	-0.0466649	0	9.071986e-17	0	9.071986e-17	0	-507.1021	0	-507.1021	0	30870.16	77194.93	193.2173	8649.494	1.106061	1	0	0.4523832	1	2	0	0	
9492	1760.328	3.45e+19	0	0	100000	1.95337405	1.140862e-05	2.758641e+26	5.332115e+25	1.371511e+25	3.960604e+25	1.33721e+26	8.88219e+25	2.004141e+25	3.873759e+24	9.963967e+23	2.877362e+24	9.714777e+24	6.452873e+24	0.321977	2.004141e+26	3.873759e+25	9.963967e+24	2.877362e+25	9.558817e+25	6.348892e+25	2.599416e+24	0	0	0	0	0	0	0	0	0	0	0	0	0	0	2.581805e+26	2.570063e+17	2.581805e+26	1.167117e+26	5.609854e+21	1.167061e+26	6.248204e+25	8.241045e+13	6.248204e+25	2.334235e+26	1.553401e+14	2.334235e+26	6.955548e+25	6.735318e+14	6.955548e+25	2.228133e+26	1.588419e+21	2.228117e+26	2.158237e+23	1.479055e-09	0.002925098	8.353006e+09	1.111177e+11	2.252281e+12	5.296681e-06	5.997153e-11	1.049507e-16	0.5009426	0.5	0.2305241	1	40.27666	5.008606	10569.8	1.117189e+26	1.827432e+28	5.151575e+27	6.741065e+25	3.118866e+27	1.203261e+27	5.325573e+26	2.294797e+26	0.2188657	0	0.01999828	0.03560219	0.03560219	0.001424136	0.02670164	0	0	-0.04662595	0	9.101993e-17	0	9.101993e-17	0	-507.0538	0	-507.0538	0	30869.54	77194.93	193.789	8649.322	1.106061	1	0	0.4523832	1	2	0	0	
9520	1760.328	3.45e+19	0	0	100000	1.953413	1.140862e-05	2.766779e+26	5.332796e+25	1.371783e+25	3.961012e+25	1.342067e+26	8.914316e+25	2.010053e+25	3.874253e+24	9.965946e+23	2.877659e+24	9.750063e+24	6.476212e+24	0.3221911	2.010053e+26	3.874253e+25	9.965946e+24	2.877659e+25	9.593641e+25	6.371925e+25	2.607084e+24	0	0	0	0	0	0	0	0	0	0	0	0	0	0	2.589421e+26	2.596503e+17	2.589421e+26	1.17056e+26	5.622945e+21	1.170504e+26	6.266635e+25	8.270999e+13	6.266635e+25	2.34112e+26	1.559047e+14	2.34112e+26	6.976066e+25	6.759798e+14	6.976066e+25	2.234706e+26	1.594192e+21	2.23469e+26	2.158076e+23	1.479146e-09	0.002925421	8.321995e+09	1.119389e+11	2.2643e+12	5.306525e-06	6.019466e-11	1.05537e-16	0.5009396	0.5	0.2309511	1	40.39547	5.023381	10569.8	1.117189e+26	1.827432e+28	5.151575e+27	6.741065e+25	3.118866e+27	1.203261e+27	5.325573e+26	2.294797e+26	0.2188657	0	0.01998966	0.03560219	0.03560219	0.001424136	0.02670164	0	0	-0.046587	0	9.132122e-17	0	9.132122e-17	0	-507.0054	0	-507.0054	0	30868.93	77194.93	194.3607	8649.149	1.106061	1	0	0.4523832	1	2	0	0	
9548	1760.328	3.45e+19	0	0	100000	1.95345195	1.140862e-05	2.774916e+26	5.333466e+25	1.372052e+25	3.961414e+25	1.346925e+26	8.946444e+25	2.015965e+25	3.87474e+24	9.967897e+23	2.877951e+24	9.785353e+24	6.499553e+24	0.3224041	2.015965e+26	3.87474e+25	9.967897e+24	2.877951e+25	9.628471e+25	6.394961e+25	2.614752e+24	0	0	0	0	0	0	0	0	0	0	0	0	0	0	2.597037e+26	2.623198e+17	2.597037e+26	1.174003e+26	5.635993e+21	1.173947e+26	6.285066e+25	8.300956e+13	6.285066e+25	2.348006e+26	1.564694e+14	2.348006e+26	6.996583e+25	6.784282e+14	6.996583e+25	2.241278e+26	1.599966e+21	2.241262e+26	2.157917e+23	1.479236e-09	0.002925739	8.291194e+09	1.127634e+11	2.276344e+12	5.316357e-06	6.041791e-11	1.061247e-16	0.5009367	0.5	0.2313777	1	40.51428	5.038156	10569.8	1.117189e+26	1.827432e+28	5.151575e+27	6.741065e+25	3.118866e+27	1.203261e+27	5.325573e+26	2.294797e+26	0.2188657	0	0.01998087	0.03560219	0.03560219	0.001424136	0.02670164	0	0	-0.04654805	0	9.162374e-17	0	9.162374e-17	0	-506.957	0	-506.957	0	30868.31	77194.93	194.9323	8648.977	1.106061	1	0	0.4523832	1	2	0	0	
9576	1760.328	3.45e+19	0	0	100000	1.9534909	1.140862e-05	2.783054e+26	5.334127e+25	1.372316e+25	3.96181e+25	1.351783e+26	8.978576e+25	2.021877e+25	3.87522e+24	9.969821e+23	2.878238e+24	9.820649e+24	6.522897e+24	0.322616	2.021877e+26	3.87522e+25	9.969821e+24	2.878238e+25	9.663304e+25	6.418e+25	2.622419e+24	0	0	0	0	0	0	0	0	0	0	0	0	0	0	2.604653e+26	2.650147e+17	2.604653e+26	1.177446e+26	5.648996e+21	1.177389e+26	6.303498e+25	8.330918e+13	6.303498e+25	2.354892e+26	1.570341e+14	2.354892e+26	7.017101e+25	6.808768e+14	7.017101e+25	2.247851e+26	1.605741e+21	2.247835e+26	2.15776e+23	1.479325e-09	0.002926054	8.260603e+09	1.135913e+11	2.288414e+12	5.326176e-06	6.06413e-11	1.067138e-16	0.5009337	0.5	0.2318037	1	40.63309	5.05293	10569.8	1.117189e+26	1.827432e+28	5.151575e+27	6.741065e+25	3.118866e+27	1.203261e+27	5.325573e+26	2.294797e+26	0.2188657	0	0.01997191	0.03560219	0.03560219	0.001424136	0.02670164	0	0	-0.0465091	0	9.192748e-17	0	9.192748e-17	0	-506.9086	0	-506.9086	0	30867.7	77194.93	195.504	8648.805	1.106061	1	0	0.4523832	1	2	0	0	
9604	1760.328	3.45e+19	0	0	100000	1.95352985	1.140862e-05	2.791191e+26	5.334778e+25	1.372577e+25	3.962201e+25	1.356642e+26	9.010711e+25	2.027789e+25	3.875694e+24	9.971716e+23	2.878522e+24	9.855949e+24	6.546243e+24	0.3228267	2.027789e+26	3.875694e+25	9.971716e+24	2.878522e+25	9.698143e+25	6.44104e+25	2.630088e+24	0	0	0	0	0	0	0	0	0	0	0	0	0	0	2.612269e+26	2.677348e+17	2.612269e+26	1.180889e+26	5.661959e+21	1.180832e+26	6.321929e+25	8.360883e+13	6.321929e+25	2.361777e+26	1.57599e+14	2.361777e+26	7.037619e+25	6.833258e+14	7.037619e+25	2.254424e+26	1.611517e+21	2.254408e+26	2.157606e+23	1.479412e-09	0.002926363	8.230219e+09	1.144225e+11	2.300509e+12	5.335983e-06	6.086482e-11	1.073043e-16	0.5009308	0.5	0.2322291	1	40.7519	5.067705	10569.8	1.117189e+26	1.827432e+28	5.151575e+27	6.741065e+25	3.118866e+27	1.203261e+27	5.325573e+26	2.294797e+26	0.2188657	0	0.01996278	0.03560219	0.03560219	0.001424136	0.02670164	0	0	-0.04647015	0	9.223245e-17	0	9.223245e-17	0	-506.8601	0	-506.8601	0	30867.08	77194.93	196.0757	8648.632	1.106061	1	0	0.4523832	1	2	0	0	
9632	1760.328	3.45e+19	0	0	100000	1.9535688	1.140862e-05	2.799329e+26	5.33542e+25	1.372835e+25	3.962585e+25	1.361502e+26	9.042849e+25	2.0337e+25	3.87616e+24	9.973585e+23	2.878801e+24	9.891254e+24	6.569591e+24	0.3230363	2.0337e+26	3.87616e+25	9.973585e+24	2.878801e+25	9.732986e+25	6.464083e+25	2.637756e+24	0	0	0	0	0	0	0	0	0	0	0	0	0	0	2.619885e+26	2.704816e+17	2.619885e+26	1.184331e+26	5.674874e+21	1.184275e+26	6.34036e+25	8.390852e+13	6.34036e+25	2.368663e+26	1.581639e+14	2.368663e+26	7.058137e+25	6.857751e+14	7.058137e+25	2.260996e+26	1.617293e+21	2.26098e+26	2.157454e+23	1.479498e-09	0.002926669	8.200041e+09	1.152571e+11	2.31263e+12	5.345778e-06	6.108847e-11	1.078963e-16	0.5009279	0.5	0.2326541	1	40.87071	5.08248	10569.8	1.117189e+26	1.827432e+28	5.151575e+27	6.741065e+25	3.118866e+27	1.203261e+27	5.325573e+26	2.294797e+26	0.2188657	0	0.0199535	0.03560219	0.03560219	0.001424136	0.02670164	0	0	-0.0464312	0	9.253867e-17	0	9.253867e-17	0	-506.8116	0	-506.8116	0	30866.46	77194.93	196.6474	8648.46	1.106061	1	0	0.4523832	1	2	0	0	
9660	1760.328	3.45e+19	0	0	100000	1.95360775	1.140862e-05	2.807466e+26	5.336052e+25	1.373088e+25	3.962964e+25	1.366362e+26	9.07499e+25	2.039612e+25	3.876619e+24	9.975428e+23	2.879077e+24	9.926563e+24	6.592942e+24	0.3232448	2.039612e+26	3.876619e+25	9.975428e+24	2.879077e+25	9.767834e+25	6.487128e+25	2.645424e+24	0	0	0	0	0	0	0	0	0	0	0	0	0	0	2.627501e+26	2.732541e+17	2.627501e+26	1.187774e+26	5.687749e+21	1.187717e+26	6.358792e+25	8.420825e+13	6.358792e+25	2.375549e+26	1.587289e+14	2.375549e+26	7.078655e+25	6.882248e+14	7.078655e+25	2.267569e+26	1.62307e+21	2.267553e+26	2.157304e+23	1.479583e-09	0.00292697	8.170065e+09	1.16095e+11	2.324777e+12	5.35556e-06	6.131225e-11	1.084897e-16	0.5009251	0.5	0.2330785	1	40.98952	5.097254	10569.8	1.117189e+26	1.827432e+28	5.151575e+27	6.741065e+25	3.118866e+27	1.203261e+27	5.325573e+26	2.294797e+26	0.2188657	0	0.01994405	0.03560219	0.03560219	0.001424136	0.02670164	0	0	-0.04639225	0	9.284613e-17	0	9.284613e-17	0	-506.763	0	-506.763	0	30865.85	77194.93	197.219	8648.287	1.106061	1	0	0.4523832	1	2	0	0	
9688	1760.328	3.45e+19	0	0	100000	1.9536467	1.140862e-05	2.815604e+26	5.336676e+25	1.373338e+25	3.963338e+25	1.371223e+26	9.107134e+25	2.045524e+25	3.877072e+24	9.977244e+23	2.879348e+24	9.961877e+24	6.616294e+24	0.3234522	2.045524e+26	3.877072e+25	9.977244e+24	2.879348e+25	9.802686e+25	6.510176e+25	2.653091e+24	0	0	0	0	0	0	0	0	0	0	0	0	0	0	2.635117e+26	2.76053e+17	2.635117e+26	1.191217e+26	5.700579e+21	1.19116e+26	6.377223e+25	8.450802e+13	6.377223e+25	2.382434e+26	1.592939e+14	2.382434e+26	7.099173e+25	6.906747e+14	7.099173e+25	2.274142e+26	1.628848e+21	2.274125e+26	2.157156e+23	1.479667e-09	0.002927267	8.140291e+09	1.169362e+11	2.336949e+12	5.36533e-06	6.153616e-11	1.090846e-16	0.5009222	0.5	0.2335024	1	41.10833	5.112029	10569.8	1.117189e+26	1.827432e+28	5.151575e+27	6.741065e+25	3.118866e+27	1.203261e+27	5.325573e+26	2.294797e+26	0.2188657	0	0.01993444	0.03560219	0.03560219	0.001424136	0.02670164	0	0	-0.0463533	0	9.315484e-17	0	9.315484e-17	0	-506.7145	0	-506.7145	0	30865.23	77194.93	197.7907	8648.115	1.106061	1	0	0.4523833	1	2	0	0	
9716	1760.328	3.45e+19	0	0	100000	1.95368565	1.140862e-05	2.823742e+26	5.33729e+25	1.373585e+25	3.963705e+25	1.376085e+26	9.139281e+25	2.051436e+25	3.877518e+24	9.979034e+23	2.879615e+24	9.997195e+24	6.639649e+24	0.3236585	2.051436e+26	3.877518e+25	9.979034e+24	2.879615e+25	9.837543e+25	6.533225e+25	2.660759e+24	0	0	0	0	0	0	0	0	0	0	0	0	0	0	2.642733e+26	2.788788e+17	2.642733e+26	1.19466e+26	5.713366e+21	1.194603e+26	6.395654e+25	8.480783e+13	6.395654e+25	2.38932e+26	1.59859e+14	2.38932e+26	7.11969e+25	6.93125e+14	7.11969e+25	2.280714e+26	1.634627e+21	2.280698e+26	2.15701e+23	1.47975e-09	0.00292756	8.110715e+09	1.177808e+11	2.349146e+12	5.375088e-06	6.17602e-11	1.096808e-16	0.5009194	0.5	0.2339257	1	41.22714	5.126804	10569.8	1.117189e+26	1.827432e+28	5.151575e+27	6.741065e+25	3.118866e+27	1.203261e+27	5.325573e+26	2.294797e+26	0.2188657	0	0.01992467	0.03560219	0.03560219	0.001424136	0.02670164	0	0	-0.04631435	0	9.346482e-17	0	9.346482e-17	0	-506.6658	0	-506.6658	0	30864.62	77194.93	198.3624	8647.942	1.106061	1	0	0.4523833	1	2	0	0	
9744	1760.328	3.45e+19	0	0	100000	1.9537246	1.140862e-05	2.831879e+26	5.337895e+25	1.373828e+25	3.964068e+25	1.380947e+26	9.171431e+25	2.057348e+25	3.877958e+24	9.980799e+23	2.879878e+24	1.003252e+25	6.663005e+24	0.3238638	2.057348e+26	3.877958e+25	9.980799e+24	2.879878e+25	9.872404e+25	6.556277e+25	2.668427e+24	0	0	0	0	0	0	0	0	0	0	0	0	0	0	2.650349e+26	2.817316e+17	2.650349e+26	1.198103e+26	5.726109e+21	1.198045e+26	6.414085e+25	8.510768e+13	6.414085e+25	2.396206e+26	1.604242e+14	2.396206e+26	7.140208e+25	6.955755e+14	7.140208e+25	2.287287e+26	1.640406e+21	2.287271e+26	2.156866e+23	1.479832e-09	0.002927848	8.081337e+09	1.186288e+11	2.361369e+12	5.384834e-06	6.198436e-11	1.102785e-16	0.5009166	0.5	0.2343485	1	41.34595	5.141578	10569.8	1.117189e+26	1.827432e+28	5.151575e+27	6.741065e+25	3.118866e+27	1.203261e+27	5.325573e+26	2.294797e+26	0.2188657	0	0.01991474	0.03560219	0.03560219	0.001424136	0.02670164	0	0	-0.0462754	0	9.377605e-17	0	9.377605e-17	0	-506.6172	0	-506.6172	0	30864	77194.93	198.934	8647.77	1.106061	1	0	0.4523833	1	2	0	0	
9772	1760.328	3.45e+19	0	0	100000	1.95376355	1.140862e-05	2.840017e+26	5.338492e+25	1.374067e+25	3.964425e+25	1.385809e+26	9.203584e+25	2.06326e+25	3.878392e+24	9.982539e+23	2.880138e+24	1.006784e+25	6.686364e+24	0.3240679	2.06326e+26	3.878392e+25	9.982539e+24	2.880138e+25	9.907269e+25	6.57933e+25	2.676095e+24	0	0	0	0	0	0	0	0	0	0	0	0	0	0	2.657964e+26	2.846118e+17	2.657964e+26	1.201546e+26	5.738809e+21	1.201488e+26	6.432517e+25	8.540756e+13	6.432517e+25	2.403091e+26	1.609895e+14	2.403091e+26	7.160726e+25	6.980264e+14	7.160726e+25	2.29386e+26	1.646186e+21	2.293843e+26	2.156724e+23	1.479912e-09	0.002928133	8.052155e+09	1.194801e+11	2.373618e+12	5.394568e-06	6.220866e-11	1.108776e-16	0.5009138	0.5	0.2347708	1	41.46476	5.156353	10569.8	1.117189e+26	1.827432e+28	5.151575e+27	6.741065e+25	3.118866e+27	1.203261e+27	5.325573e+26	2.294797e+26	0.2188657	0	0.01990466	0.03560219	0.03560219	0.001424136	0.02670164	0	0	-0.04623645	0	9.408856e-17	0	9.408856e-17	0	-506.5685	0	-506.5685	0	30863.39	77194.93	199.5057	8647.598	1.106061	1	0	0.4523833	1	2	0	0	
9800	1760.328	3.45e+19	0	0	100000	1.9538025	1.140862e-05	2.848154e+26	5.33908e+25	1.374303e+25	3.964777e+25	1.390672e+26	9.235739e+25	2.069172e+25	3.878819e+24	9.984254e+23	2.880393e+24	1.010318e+25	6.709725e+24	0.324271	2.069172e+26	3.878819e+25	9.984254e+24	2.880393e+25	9.942139e+25	6.602386e+25	2.683763e+24	0	0	0	0	0	0	0	0	0	0	0	0	0	0	2.66558e+26	2.875188e+17	2.66558e+26	1.204988e+26	5.751467e+21	1.204931e+26	6.450948e+25	8.570748e+13	6.450948e+25	2.409977e+26	1.615548e+14	2.409977e+26	7.181244e+25	7.004775e+14	7.181244e+25	2.300432e+26	1.651967e+21	2.300416e+26	2.156584e+23	1.479991e-09	0.002928414	8.023166e+09	1.203347e+11	2.385892e+12	5.40429e-06	6.243308e-11	1.114782e-16	0.500911	0.5	0.2351926	1	41.58357	5.171128	10569.8	1.117189e+26	1.827432e+28	5.151575e+27	6.741065e+25	3.118866e+27	1.203261e+27	5.325573e+26	2.294797e+26	0.2188657	0	0.01989442	0.03560219	0.03560219	0.001424136	0.02670164	0	0	-0.0461975	0	9.440235e-17	0	9.440235e-17	0	-506.5198	0	-506.5198	0	30862.77	77194.93	200.0774	8647.425	1.106061	1	0	0.4523833	1	2	0	0	
9828	1760.328	3.45e+19	0	0	100000	1.95384145	1.140862e-05	2.856292e+26	5.339659e+25	1.374536e+25	3.965123e+25	1.395536e+26	9.267897e+25	2.075084e+25	3.87924e+24	9.985945e+23	2.880645e+24	1.013851e+25	6.733088e+24	0.324473	2.075084e+26	3.87924e+25	9.985945e+24	2.880645e+25	9.977013e+25	6.625443e+25	2.691431e+24	0	0	0	0	0	0	0	0	0	0	0	0	0	0	2.673196e+26	2.904536e+17	2.673196e+26	1.208431e+26	5.764082e+21	1.208374e+26	6.469379e+25	8.600744e+13	6.469379e+25	2.416862e+26	1.621202e+14	2.416862e+26	7.201762e+25	7.02929e+14	7.201762e+25	2.307005e+26	1.657748e+21	2.306988e+26	2.156446e+23	1.480069e-09	0.002928691	7.994369e+09	1.211928e+11	2.398191e+12	5.414e-06	6.265763e-11	1.120802e-16	0.5009082	0.5	0.2356139	1	41.70238	5.185902	10569.8	1.117189e+26	1.827432e+28	5.151575e+27	6.741065e+25	3.118866e+27	1.203261e+27	5.325573e+26	2.294797e+26	0.2188657	0	0.01988403	0.03560219	0.03560219	0.001424136	0.02670164	0	0	-0.04615855	0	9.471742e-17	0	9.471742e-17	0	-506.471	0	-506.471	0	30862.16	77194.93	200.6491	8647.253	1.106061	1	0	0.4523833	1	2	0	0	
9856	1760.328	3.45e+19	0	0	100000	1.9538804	1.140862e-05	2.86443e+26	5.34023e+25	1.374765e+25	3.965465e+25	1.400401e+26	9.300058e+25	2.080996e+25	3.879654e+24	9.987612e+23	2.880893e+24	1.017385e+25	6.756452e+24	0.324674	2.080996e+26	3.879654e+25	9.987612e+24	2.880893e+25	1.001189e+26	6.648503e+25	2.699098e+24	0	0	0	0	0	0	0	0	0	0	0	0	0	0	2.680812e+26	2.934166e+17	2.680812e+26	1.211874e+26	5.776654e+21	1.211816e+26	6.487811e+25	8.630743e+13	6.487811e+25	2.423748e+26	1.626857e+14	2.423748e+26	7.22228e+25	7.053807e+14	7.22228e+25	2.313578e+26	1.66353e+21	2.313561e+26	2.15631e+23	1.480147e-09	0.002928964	7.965761e+09	1.220541e+11	2.410516e+12	5.423698e-06	6.288231e-11	1.126835e-16	0.5009054	0.5	0.2360347	1	41.82119	5.200677	10569.8	1.117189e+26	1.827432e+28	5.151575e+27	6.741065e+25	3.118866e+27	1.203261e+27	5.325573e+26	2.294797e+26	0.2188657	0	0.01987349	0.03560219	0.03560219	0.001424136	0.02670164	0	0	-0.0461196	0	9.503378e-17	0	9.503378e-17	0	-506.4222	0	-506.4222	0	30861.54	77194.93	201.2207	8647.08	1.106061	1	0	0.4523833	1	2	0	0	
9884	1760.328	3.45e+19	0	0	100000	1.95391935	1.140862e-05	2.872567e+26	5.340793e+25	1.374992e+25	3.965801e+25	1.405266e+26	9.332221e+25	2.086908e+25	3.880063e+24	9.989254e+23	2.881138e+24	1.02092e+25	6.779819e+24	0.3248739	2.086908e+26	3.880063e+25	9.989254e+24	2.881138e+25	1.004677e+26	6.671564e+25	2.706766e+24	0	0	0	0	0	0	0	0	0	0	0	0	0	0	2.688428e+26	2.96408e+17	2.688428e+26	1.215317e+26	5.789181e+21	1.215259e+26	6.506242e+25	8.660746e+13	6.506242e+25	2.430634e+26	1.632512e+14	2.430634e+26	7.242798e+25	7.078327e+14	7.242798e+25	2.32015e+26	1.669313e+21	2.320134e+26	2.156176e+23	1.480223e-09	0.002929233	7.937341e+09	1.229188e+11	2.422865e+12	5.433385e-06	6.310711e-11	1.132883e-16	0.5009027	0.5	0.2364549	1	41.94	5.215452	10569.8	1.117189e+26	1.827432e+28	5.151575e+27	6.741065e+25	3.118866e+27	1.203261e+27	5.325573e+26	2.294797e+26	0.2188657	0	0.0198628	0.03560219	0.03560219	0.001424136	0.02670164	0	0	-0.04608065	0	9.535143e-17	0	9.535143e-17	0	-506.3734	0	-506.3734	0	30860.93	77194.93	201.7924	8646.908	1.106061	1	0	0.4523834	1	2	0	0	
9912	1760.328	3.45e+19	0	0	100000	1.9539583	1.140862e-05	2.880705e+26	5.341347e+25	1.375214e+25	3.966133e+25	1.410131e+26	9.364387e+25	2.09282e+25	3.880466e+24	9.990874e+23	2.881379e+24	1.024454e+25	6.803187e+24	0.3250728	2.09282e+26	3.880466e+25	9.990874e+24	2.881379e+25	1.008166e+26	6.694627e+25	2.714434e+24	0	0	0	0	0	0	0	0	0	0	0	0	0	0	2.696044e+26	2.994279e+17	2.696044e+26	1.21876e+26	5.801666e+21	1.218702e+26	6.524673e+25	8.690752e+13	6.524673e+25	2.437519e+26	1.638168e+14	2.437519e+26	7.263315e+25	7.102851e+14	7.263315e+25	2.326723e+26	1.675097e+21	2.326706e+26	2.156044e+23	1.480298e-09	0.002929499	7.909108e+09	1.237869e+11	2.435241e+12	5.443059e-06	6.333204e-11	1.138946e-16	0.5009	0.5	0.2368746	1	42.05881	5.230226	10569.8	1.117189e+26	1.827432e+28	5.151575e+27	6.741065e+25	3.118866e+27	1.203261e+27	5.325573e+26	2.294797e+26	0.2188657	0	0.01985196	0.03560219	0.03560219	0.001424136	0.02670164	0	0	-0.0460417	0	9.567039e-17	0	9.567039e-17	0	-506.3245	0	-506.3245	0	30860.31	77194.93	202.3641	8646.736	1.106061	1	0	0.4523834	1	2	0	0	
9940	1760.328	3.45e+19	0	0	100000	1.95399725	1.140862e-05	2.888842e+26	5.341894e+25	1.375434e+25	3.96646e+25	1.414997e+26	9.396556e+25	2.098732e+25	3.880863e+24	9.99247e+23	2.881616e+24	1.02799e+25	6.826558e+24	0.3252706	2.098732e+26	3.880863e+25	9.99247e+24	2.881616e+25	1.011655e+26	6.717692e+25	2.722102e+24	0	0	0	0	0	0	0	0	0	0	0	0	0	0	2.70366e+26	3.024761e+17	2.70366e+26	1.222203e+26	5.814109e+21	1.222144e+26	6.543104e+25	8.720761e+13	6.543104e+25	2.444405e+26	1.643825e+14	2.444405e+26	7.283833e+25	7.127377e+14	7.283833e+25	2.333296e+26	1.680881e+21	2.333279e+26	2.155913e+23	1.480372e-09	0.002929761	7.881059e+09	1.246584e+11	2.447641e+12	5.452722e-06	6.35571e-11	1.145022e-16	0.5008973	0.5	0.2372939	1	42.17762	5.245001	10569.8	1.117189e+26	1.827432e+28	5.151575e+27	6.741065e+25	3.118866e+27	1.203261e+27	5.325573e+26	2.294797e+26	0.2188657	0	0.01984097	0.03560219	0.03560219	0.001424136	0.02670164	0	0	-0.04600275	0	9.599066e-17	0	9.599066e-17	0	-506.2756	0	-506.2756	0	30859.7	77194.93	202.9358	8646.563	1.106061	1	0	0.4523834	1	2	0	0	
9968	1760.328	3.45e+19	0	0	100000	1.9540362	1.140862e-05	2.89698e+26	5.342432e+25	1.375651e+25	3.966781e+25	1.419864e+26	9.428726e+25	2.104644e+25	3.881254e+24	9.994044e+23	2.88185e+24	1.031525e+25	6.849929e+24	0.3254674	2.104644e+26	3.881254e+25	9.994044e+24	2.88185e+25	1.015144e+26	6.740759e+25	2.72977e+24	0	0	0	0	0	0	0	0	0	0	0	0	0	0	2.711276e+26	3.055542e+17	2.711276e+26	1.225645e+26	5.826507e+21	1.225587e+26	6.561536e+25	8.750774e+13	6.561536e+25	2.451291e+26	1.649482e+14	2.451291e+26	7.304351e+25	7.151906e+14	7.304351e+25	2.339868e+26	1.686666e+21	2.339852e+26	2.155785e+23	1.480444e-09	0.002930019	7.853193e+09	1.255332e+11	2.460066e+12	5.462373e-06	6.378228e-11	1.151113e-16	0.5008946	0.5	0.2377126	1	42.29643	5.259776	10569.8	1.117189e+26	1.827432e+28	5.151575e+27	6.741065e+25	3.118866e+27	1.203261e+27	5.325573e+26	2.294797e+26	0.2188657	0	0.01982983	0.03560219	0.03560219	0.001424136	0.02670164	0	0	-0.0459638	0	9.631224e-17	0	9.631224e-17	0	-506.2266	0	-506.2266	0	30859.08	77194.93	203.5074	8646.391	1.106061	1	0	0.4523834	1	2	0	0	
9996	1760.328	3.45e+19	0	0	100000	1.95407515	1.140862e-05	2.905117e+26	5.342963e+25	1.375864e+25	3.967099e+25	1.424731e+26	9.4609e+25	2.110555e+25	3.88164e+24	9.995595e+23	2.88208e+24	1.035061e+25	6.873303e+24	0.3256632	2.110555e+26	3.88164e+25	9.995595e+24	2.88208e+25	1.018634e+26	6.763828e+25	2.737438e+24	0	0	0	0	0	0	0	0	0	0	0	0	0	0	2.718892e+26	3.08661e+17	2.718892e+26	1.229088e+26	5.838863e+21	1.22903e+26	6.579967e+25	8.780791e+13	6.579967e+25	2.458176e+26	1.65514e+14	2.458176e+26	7.324869e+25	7.176437e+14	7.324869e+25	2.346441e+26	1.692451e+21	2.346424e+26	2.155658e+23	1.480516e-09	0.002930273	7.825508e+09	1.264114e+11	2.472517e+12	5.472012e-06	6.400759e-11	1.157217e-16	0.5008919	0.5	0.2381308	1	42.41524	5.27455	10569.8	1.117189e+26	1.827432e+28	5.151575e+27	6.741065e+25	3.118866e+27	1.203261e+27	5.325573e+26	2.294797e+26	0.2188657	0	0.01981855	0.03560219	0.03560219	0.001424136	0.02670164	0	0	-0.04592485	0	9.663514e-17	0	9.663514e-17	0	-506.1776	0	-506.1776	0	30858.47	77194.93	204.0791	8646.219	1.106061	1	0	0.4523834	1	2	0	0	
10024	1760.328	3.45e+19	0	0	100000	1.9541141	1.140862e-05	2.913255e+26	5.343486e+25	1.376075e+25	3.967411e+25	1.429599e+26	9.493075e+25	2.116467e+25	3.88202e+24	9.997125e+23	2.882307e+24	1.038598e+25	6.896678e+24	0.325858	2.116467e+26	3.88202e+25	9.997125e+24	2.882307e+25	1.022125e+26	6.786898e+25	2.745106e+24	0	0	0	0	0	0	0	0	0	0	0	0	0	0	2.726508e+26	3.117976e+17	2.726508e+26	1.232531e+26	5.851177e+21	1.232472e+26	6.598398e+25	8.810811e+13	6.598398e+25	2.465062e+26	1.660798e+14	2.465062e+26	7.345387e+25	7.200972e+14	7.345387e+25	2.353014e+26	1.698237e+21	2.352997e+26	2.155533e+23	1.480587e-09	0.002930525	7.798002e+09	1.27293e+11	2.484993e+12	5.481639e-06	6.423303e-11	1.163336e-16	0.5008893	0.5	0.2385485	1	42.53405	5.289325	10569.8	1.117189e+26	1.827432e+28	5.151575e+27	6.741065e+25	3.118866e+27	1.203261e+27	5.325573e+26	2.294797e+26	0.2188657	0	0.01980713	0.03560219	0.03560219	0.001424136	0.02670164	0	0	-0.0458859	0	9.695938e-17	0	9.695938e-17	0	-506.1286	0	-506.1286	0	30857.85	77194.93	204.6508	8646.046	1.106061	1	0	0.4523834	1	2	0	0	
10052	1760.328	3.45e+19	0	0	100000	1.95415305	1.140862e-05	2.921393e+26	5.344001e+25	1.376282e+25	3.967719e+25	1.434467e+26	9.525253e+25	2.122379e+25	3.882394e+24	9.998632e+23	2.882531e+24	1.042134e+25	6.920055e+24	0.3260518	2.122379e+26	3.882394e+25	9.998632e+24	2.882531e+25	1.025615e+26	6.80997e+25	2.752774e+24	0	0	0	0	0	0	0	0	0	0	0	0	0	0	2.734124e+26	3.149643e+17	2.734124e+26	1.235974e+26	5.863447e+21	1.235915e+26	6.61683e+25	8.840834e+13	6.61683e+25	2.471948e+26	1.666458e+14	2.471948e+26	7.365905e+25	7.225508e+14	7.365905e+25	2.359586e+26	1.704024e+21	2.359569e+26	2.15541e+23	1.480657e-09	0.002930772	7.770674e+09	1.281779e+11	2.497494e+12	5.491256e-06	6.445858e-11	1.169469e-16	0.5008866	0.5	0.2389657	1	42.65286	5.3041	10569.8	1.117189e+26	1.827432e+28	5.151575e+27	6.741065e+25	3.118866e+27	1.203261e+27	5.325573e+26	2.294797e+26	0.2188657	0	0.01979556	0.03560219	0.03560219	0.001424136	0.02670164	0	0	-0.04584695	0	9.728494e-17	0	9.728494e-17	0	-506.0796	0	-506.0796	0	30857.24	77194.93	205.2224	8645.874	1.106061	1	0	0.4523834	1	2	0	0	
10080	1760.328	3.45e+19	0	0	100000	1.954192	1.140862e-05	2.92953e+26	5.344509e+25	1.376487e+25	3.968022e+25	1.439336e+26	9.557433e+25	2.128291e+25	3.882763e+24	1.000012e+24	2.882751e+24	1.045672e+25	6.943434e+24	0.3262445	2.128291e+26	3.882763e+25	1.000012e+25	2.882751e+25	1.029106e+26	6.833043e+25	2.760442e+24	0	0	0	0	0	0	0	0	0	0	0	0	0	0	2.74174e+26	3.181612e+17	2.74174e+26	1.239417e+26	5.875674e+21	1.239358e+26	6.635261e+25	8.87086e+13	6.635261e+25	2.478833e+26	1.672117e+14	2.478833e+26	7.386422e+25	7.250048e+14	7.386422e+25	2.366159e+26	1.709811e+21	2.366142e+26	2.155289e+23	1.480726e-09	0.002931016	7.743521e+09	1.290662e+11	2.51002e+12	5.50086e-06	6.468426e-11	1.175617e-16	0.500884	0.5	0.2393824	1	42.77167	5.318874	10569.8	1.117189e+26	1.827432e+28	5.151575e+27	6.741065e+25	3.118866e+27	1.203261e+27	5.325573e+26	2.294797e+26	0.2188657	0	0.01978385	0.03560219	0.03560219	0.001424136	0.02670164	0	0	-0.045808	0	9.761185e-17	0	9.761185e-17	0	-506.0305	0	-506.0305	0	30856.62	77194.93	205.7941	8645.702	1.106061	1	0	0.4523835	1	2	0	0	
10108	1760.328	3.45e+19	0	0	100000	1.95423095	1.140862e-05	2.937668e+26	5.345009e+25	1.376688e+25	3.968321e+25	1.444205e+26	9.589615e+25	2.134203e+25	3.883126e+24	1.000158e+24	2.882968e+24	1.049209e+25	6.966814e+24	0.3264363	2.134203e+26	3.883126e+25	1.000158e+25	2.882968e+25	1.032598e+26	6.856118e+25	2.768109e+24	0	0	0	0	0	0	0	0	0	0	0	0	0	0	2.749356e+26	3.213888e+17	2.749356e+26	1.242859e+26	5.887858e+21	1.242801e+26	6.653692e+25	8.900889e+13	6.653692e+25	2.485719e+26	1.677778e+14	2.485719e+26	7.40694e+25	7.27459e+14	7.40694e+25	2.372732e+26	1.715599e+21	2.372715e+26	2.155169e+23	1.480794e-09	0.002931257	7.716543e+09	1.299579e+11	2.522571e+12	5.510453e-06	6.491007e-11	1.181778e-16	0.5008814	0.5	0.2397986	1	42.89048	5.333649	10569.8	1.117189e+26	1.827432e+28	5.151575e+27	6.741065e+25	3.118866e+27	1.203261e+27	5.325573e+26	2.294797e+26	0.2188657	0	0.01977201	0.03560219	0.03560219	0.001424136	0.02670164	0	0	-0.04576905	0	9.794011e-17	0	9.794011e-17	0	-505.9813	0	-505.9813	0	30856.01	77194.93	206.3658	8645.529	1.106061	1	0	0.4523835	1	2	0	0	
10136	1760.328	3.45e+19	0	0	100000	1.9542699	1.140862e-05	2.945805e+26	5.345502e+25	1.376887e+25	3.968615e+25	1.449075e+26	9.621799e+25	2.140115e+25	3.883484e+24	1.000303e+24	2.883182e+24	1.052747e+25	6.990196e+24	0.3266271	2.140115e+26	3.883484e+25	1.000303e+25	2.883182e+25	1.036089e+26	6.879195e+25	2.775777e+24	0	0	0	0	0	0	0	0	0	0	0	0	0	0	2.756972e+26	3.246465e+17	2.756972e+26	1.246302e+26	5.900001e+21	1.246243e+26	6.672123e+25	8.930922e+13	6.672123e+25	2.492605e+26	1.683439e+14	2.492605e+26	7.427458e+25	7.299136e+14	7.427458e+25	2.379304e+26	1.721388e+21	2.379287e+26	2.155051e+23	1.480861e-09	0.002931495	7.689738e+09	1.308529e+11	2.535147e+12	5.520035e-06	6.5136e-11	1.187953e-16	0.5008788	0.5	0.2402143	1	43.00929	5.348423	10569.8	1.117189e+26	1.827432e+28	5.151575e+27	6.741065e+25	3.118866e+27	1.203261e+27	5.325573e+26	2.294797e+26	0.2188657	0	0.01976002	0.03560219	0.03560219	0.001424136	0.02670164	0	0	-0.0457301	0	9.826972e-17	0	9.826972e-17	0	-505.9322	0	-505.9322	0	30855.39	77194.93	206.9375	8645.357	1.106061	1	0	0.4523835	1	2	0	0	
10164	1760.328	3.45e+19	0	0	100000	1.95430885	1.140862e-05	2.953943e+26	5.345988e+25	1.377083e+25	3.968905e+25	1.453946e+26	9.653986e+25	2.146027e+25	3.883837e+24	1.000445e+24	2.883392e+24	1.056285e+25	7.013579e+24	0.3268169	2.146027e+26	3.883837e+25	1.000445e+25	2.883392e+25	1.039581e+26	6.902273e+25	2.783445e+24	0	0	0	0	0	0	0	0	0	0	0	0	0	0	2.764588e+26	3.279364e+17	2.764588e+26	1.249745e+26	5.912099e+21	1.249686e+26	6.690555e+25	8.960958e+13	6.690555e+25	2.49949e+26	1.6891e+14	2.49949e+26	7.447976e+25	7.323682e+14	7.447976e+25	2.385877e+26	1.727177e+21	2.38586e+26	2.154934e+23	1.480927e-09	0.002931729	7.663104e+09	1.317514e+11	2.547748e+12	5.529605e-06	6.536205e-11	1.194143e-16	0.5008762	0.5	0.2406296	1	43.1281	5.363198	10569.8	1.117189e+26	1.827432e+28	5.151575e+27	6.741065e+25	3.118866e+27	1.203261e+27	5.325573e+26	2.294797e+26	0.2188657	0	0.0197479	0.03560219	0.03560219	0.001424136	0.02670164	0	0	-0.04569115	0	9.86007e-17	0	9.86007e-17	0	-505.8829	0	-505.8829	0	30854.78	77194.93	207.5091	8645.185	1.106061	1	0	0.4523835	1	2	0	0	
10192	1760.328	3.45e+19	0	0	100000	1.9543478	1.140862e-05	2.962081e+26	5.346467e+25	1.377276e+25	3.969191e+25	1.458817e+26	9.686174e+25	2.151939e+25	3.884185e+24	1.000585e+24	2.8836e+24	1.059824e+25	7.036964e+24	0.3270058	2.151939e+26	3.884185e+25	1.000585e+25	2.8836e+25	1.043074e+26	6.925353e+25	2.791114e+24	0	0	0	0	0	0	0	0	0	0	0	0	0	0	2.772204e+26	3.312568e+17	2.772204e+26	1.253188e+26	5.924156e+21	1.253129e+26	6.708986e+25	8.990997e+13	6.708986e+25	2.506376e+26	1.694763e+14	2.506376e+26	7.468494e+25	7.348233e+14	7.468494e+25	2.39245e+26	1.732967e+21	2.392432e+26	2.154819e+23	1.480993e-09	0.00293196	7.636639e+09	1.326532e+11	2.560375e+12	5.539164e-06	6.558823e-11	1.200346e-16	0.5008736	0.5	0.2410443	1	43.24691	5.377973	10569.8	1.117189e+26	1.827432e+28	5.151575e+27	6.741065e+25	3.118866e+27	1.203261e+27	5.325573e+26	2.294797e+26	0.2188657	0	0.01973565	0.03560219	0.03560219	0.001424136	0.02670164	0	0	-0.0456522	0	9.893304e-17	0	9.893304e-17	0	-505.8337	0	-505.8337	0	30854.16	77194.93	208.0808	8645.012	1.106061	1	0	0.4523835	1	2	0	0	
10220	1760.328	3.45e+19	0	0	100000	1.95438675	1.140862e-05	2.970218e+26	5.346939e+25	1.377467e+25	3.969472e+25	1.463688e+26	9.718364e+25	2.157851e+25	3.884528e+24	1.000724e+24	2.883804e+24	1.063363e+25	7.06035e+24	0.3271936	2.157851e+26	3.884528e+25	1.000724e+25	2.883804e+25	1.046567e+26	6.948434e+25	2.798782e+24	0	0	0	0	0	0	0	0	0	0	0	0	0	0	2.77982e+26	3.346099e+17	2.77982e+26	1.256631e+26	5.936167e+21	1.256571e+26	6.727417e+25	9.021039e+13	6.727417e+25	2.513262e+26	1.700425e+14	2.513262e+26	7.489012e+25	7.372785e+14	7.489012e+25	2.399022e+26	1.738757e+21	2.399005e+26	2.154706e+23	1.481057e-09	0.002932188	7.610342e+09	1.335584e+11	2.573026e+12	5.548712e-06	6.581453e-11	1.206564e-16	0.5008711	0.5	0.2414585	1	43.36572	5.392747	10569.8	1.117189e+26	1.827432e+28	5.151575e+27	6.741065e+25	3.118866e+27	1.203261e+27	5.325573e+26	2.294797e+26	0.2188657	0	0.01972326	0.03560219	0.03560219	0.001424136	0.02670164	0	0	-0.04561325	0	9.926676e-17	0	9.926676e-17	0	-505.7844	0	-505.7844	0	30853.55	77194.93	208.6525	8644.84	1.106061	1	0	0.4523835	1	2	0	0	
10248	1760.328	3.45e+19	0	0	100000	1.9544257	1.140862e-05	2.978356e+26	5.347403e+25	1.377654e+25	3.969749e+25	1.46856e+26	9.750557e+25	2.163763e+25	3.884866e+24	1.00086e+24	2.884006e+24	1.066902e+25	7.083738e+24	0.3273805	2.163763e+26	3.884866e+25	1.00086e+25	2.884006e+25	1.05006e+26	6.971516e+25	2.80645e+24	0	0	0	0	0	0	0	0	0	0	0	0	0	0	2.787436e+26	3.379944e+17	2.787436e+26	1.260074e+26	5.948138e+21	1.260014e+26	6.745848e+25	9.051084e+13	6.745848e+25	2.520147e+26	1.706089e+14	2.520147e+26	7.509529e+25	7.39734e+14	7.509529e+25	2.405595e+26	1.744548e+21	2.405578e+26	2.154594e+23	1.48112e-09	0.002932412	7.584212e+09	1.34467e+11	2.585701e+12	5.558248e-06	6.604095e-11	1.212796e-16	0.5008685	0.5	0.2418723	1	43.48453	5.407522	10569.8	1.117189e+26	1.827432e+28	5.151575e+27	6.741065e+25	3.118866e+27	1.203261e+27	5.325573e+26	2.294797e+26	0.2188657	0	0.01971074	0.03560219	0.03560219	0.001424136	0.02670164	0	0	-0.0455743	0	9.960186e-17	0	9.960186e-17	0	-505.7351	0	-505.7351	0	30852.93	77194.93	209.2242	8644.668	1.106061	1	0	0.4523835	1	2	0	0	
10276	1760.328	3.45e+19	0	0	100000	1.95446465	1.140862e-05	2.986493e+26	5.347861e+25	1.377839e+25	3.970022e+25	1.473432e+26	9.782751e+25	2.169675e+25	3.885199e+24	1.000994e+24	2.884204e+24	1.070442e+25	7.107127e+24	0.3275665	2.169675e+26	3.885199e+25	1.000994e+25	2.884204e+25	1.053554e+26	6.9946e+25	2.814117e+24	0	0	0	0	0	0	0	0	0	0	0	0	0	0	2.795051e+26	3.414112e+17	2.795051e+26	1.263516e+26	5.960067e+21	1.263457e+26	6.76428e+25	9.081133e+13	6.76428e+25	2.527033e+26	1.711753e+14	2.527033e+26	7.530047e+25	7.421898e+14	7.530047e+25	2.412168e+26	1.75034e+21	2.41215e+26	2.154484e+23	1.481183e-09	0.002932634	7.558246e+09	1.353789e+11	2.598402e+12	5.567773e-06	6.626749e-11	1.219042e-16	0.500866	0.5	0.2422856	1	43.60334	5.422297	10569.8	1.117189e+26	1.827432e+28	5.151575e+27	6.741065e+25	3.118866e+27	1.203261e+27	5.325573e+26	2.294797e+26	0.2188657	0	0.01969809	0.03560219	0.03560219	0.001424136	0.02670164	0	0	-0.04553535	0	9.993835e-17	0	9.993835e-17	0	-505.6857	0	-505.6857	0	30852.32	77194.93	209.7958	8644.496	1.106061	1	0	0.4523836	1	2	0	0	
10304	1760.328	3.45e+19	0	0	100000	1.9545036	1.140862e-05	2.994631e+26	5.348313e+25	1.378022e+25	3.970291e+25	1.478305e+26	9.814947e+25	2.175587e+25	3.885526e+24	1.001127e+24	2.8844e+24	1.073982e+25	7.130517e+24	0.3277515	2.175587e+26	3.885526e+25	1.001127e+25	2.8844e+25	1.057048e+26	7.017685e+25	2.821785e+24	0	0	0	0	0	0	0	0	0	0	0	0	0	0	2.802667e+26	3.448599e+17	2.802667e+26	1.266959e+26	5.971955e+21	1.2669e+26	6.782711e+25	9.111184e+13	6.782711e+25	2.533918e+26	1.717417e+14	2.533918e+26	7.550565e+25	7.446457e+14	7.550565e+25	2.41874e+26	1.756132e+21	2.418723e+26	2.154375e+23	1.481244e-09	0.002932852	7.532444e+09	1.362943e+11	2.611128e+12	5.577287e-06	6.649415e-11	1.225301e-16	0.5008635	0.5	0.2426984	1	43.72215	5.437071	10569.8	1.117189e+26	1.827432e+28	5.151575e+27	6.741065e+25	3.118866e+27	1.203261e+27	5.325573e+26	2.294797e+26	0.2188657	0	0.01968531	0.03560219	0.03560219	0.001424136	0.02670164	0	0	-0.0454964	0	1.002762e-16	0	1.002762e-16	0	-505.6363	0	-505.6363	0	30851.7	77194.93	210.3675	8644.323	1.106061	1	0	0.4523836	1	2	0	0	
10332	1760.328	3.45e+19	0	0	100000	1.95454255	1.140862e-05	3.002768e+26	5.348758e+25	1.378201e+25	3.970556e+25	1.483178e+26	9.847145e+25	2.181498e+25	3.88585e+24	1.001257e+24	2.884592e+24	1.077523e+25	7.153909e+24	0.3279355	2.181498e+26	3.88585e+25	1.001257e+25	2.884592e+25	1.060542e+26	7.040772e+25	2.829453e+24	0	0	0	0	0	0	0	0	0	0	0	0	0	0	2.810283e+26	3.483426e+17	2.810283e+26	1.270402e+26	5.983798e+21	1.270342e+26	6.801142e+25	9.141238e+13	6.801142e+25	2.540804e+26	1.723082e+14	2.540804e+26	7.571083e+25	7.47102e+14	7.571083e+25	2.425313e+26	1.761925e+21	2.425295e+26	2.154268e+23	1.481305e-09	0.002933068	7.506804e+09	1.372131e+11	2.623878e+12	5.58679e-06	6.672094e-11	1.231575e-16	0.500861	0.5	0.2431107	1	43.84096	5.451846	10569.8	1.117189e+26	1.827432e+28	5.151575e+27	6.741065e+25	3.118866e+27	1.203261e+27	5.325573e+26	2.294797e+26	0.2188657	0	0.0196724	0.03560219	0.03560219	0.001424136	0.02670164	0	0	-0.04545745	0	1.006155e-16	0	1.006155e-16	0	-505.5869	0	-505.5869	0	30851.09	77194.93	210.9392	8644.151	1.106061	1	0	0.4523836	1	2	0	0	
10360	1760.328	3.45e+19	0	0	100000	1.9545815	1.140862e-05	3.010906e+26	5.349196e+25	1.378378e+25	3.970818e+25	1.488052e+26	9.879345e+25	2.18741e+25	3.886168e+24	1.001386e+24	2.884782e+24	1.081063e+25	7.177302e+24	0.3281187	2.18741e+26	3.886168e+25	1.001386e+25	2.884782e+25	1.064036e+26	7.06386e+25	2.837121e+24	0	0	0	0	0	0	0	0	0	0	0	0	0	0	2.817899e+26	3.518587e+17	2.817899e+26	1.273845e+26	5.995598e+21	1.273785e+26	6.819574e+25	9.171295e+13	6.819574e+25	2.54769e+26	1.728748e+14	2.54769e+26	7.591601e+25	7.495585e+14	7.591601e+25	2.431886e+26	1.767718e+21	2.431868e+26	2.154163e+23	1.481365e-09	0.00293328	7.481324e+09	1.381352e+11	2.636653e+12	5.596282e-06	6.694784e-11	1.237863e-16	0.5008585	0.5	0.2435225	1	43.95977	5.466621	10569.8	1.117189e+26	1.827432e+28	5.151575e+27	6.741065e+25	3.118866e+27	1.203261e+27	5.325573e+26	2.294797e+26	0.2188657	0	0.01965936	0.03560219	0.03560219	0.001424136	0.02670164	0	0	-0.0454185	0	1.009562e-16	0	1.009562e-16	0	-505.5374	0	-505.5374	0	30850.47	77194.93	211.5109	8643.979	1.106061	1	0	0.4523836	1	2	0	0	
10388	1760.328	3.45e+19	0	0	100000	1.95462045	1.140862e-05	3.019044e+26	5.349628e+25	1.378553e+25	3.971075e+25	1.492926e+26	9.911546e+25	2.193322e+25	3.886482e+24	1.001513e+24	2.884969e+24	1.084605e+25	7.200696e+24	0.3283008	2.193322e+26	3.886482e+25	1.001513e+25	2.884969e+25	1.067531e+26	7.086949e+25	2.844788e+24	0	0	0	0	0	0	0	0	0	0	0	0	0	0	2.825515e+26	3.554086e+17	2.825515e+26	1.277288e+26	6.007355e+21	1.277228e+26	6.838005e+25	9.201355e+13	6.838005e+25	2.554575e+26	1.734414e+14	2.554575e+26	7.612119e+25	7.520152e+14	7.612119e+25	2.438458e+26	1.773512e+21	2.438441e+26	2.154059e+23	1.481424e-09	0.00293349	7.456003e+09	1.390607e+11	2.649453e+12	5.605762e-06	6.717487e-11	1.244165e-16	0.500856	0.5	0.2439339	1	44.07858	5.481395	10569.8	1.117189e+26	1.827432e+28	5.151575e+27	6.741065e+25	3.118866e+27	1.203261e+27	5.325573e+26	2.294797e+26	0.2188657	0	0.0196462	0.03560219	0.03560219	0.001424136	0.02670164	0	0	-0.04537955	0	1.012983e-16	0	1.012983e-16	0	-505.4879	0	-505.4879	0	30849.86	77194.93	212.0825	8643.807	1.106061	1	0	0.4523836	1	2	0	0	
10416	1760.328	3.45e+19	0	0	100000	1.9546594	1.140862e-05	3.027181e+26	5.350053e+25	1.378725e+25	3.971328e+25	1.497801e+26	9.943749e+25	2.199234e+25	3.886791e+24	1.001638e+24	2.885153e+24	1.088146e+25	7.224091e+24	0.3284821	2.199234e+26	3.886791e+25	1.001638e+25	2.885153e+25	1.071027e+26	7.110039e+25	2.852456e+24	0	0	0	0	0	0	0	0	0	0	0	0	0	0	2.833131e+26	3.589915e+17	2.833131e+26	1.280731e+26	6.019072e+21	1.28067e+26	6.856436e+25	9.231418e+13	6.856436e+25	2.561461e+26	1.74008e+14	2.561461e+26	7.632636e+25	7.544721e+14	7.632636e+25	2.445031e+26	1.779306e+21	2.445013e+26	2.153956e+23	1.481483e-09	0.002933697	7.43084e+09	1.399897e+11	2.662278e+12	5.615232e-06	6.740201e-11	1.250481e-16	0.5008536	0.5	0.2443447	1	44.19739	5.49617	10569.8	1.117189e+26	1.827432e+28	5.151575e+27	6.741065e+25	3.118866e+27	1.203261e+27	5.325573e+26	2.294797e+26	0.2188657	0	0.01963292	0.03560219	0.03560219	0.001424136	0.02670164	0	0	-0.0453406	0	1.016419e-16	0	1.016419e-16	0	-505.4384	0	-505.4384	0	30849.24	77194.93	212.6542	8643.634	1.106061	1	0	0.4523837	1	2	0	0	
10444	1760.328	3.45e+19	0	0	100000	1.95469835	1.140862e-05	3.035319e+26	5.350473e+25	1.378895e+25	3.971578e+25	1.502676e+26	9.975954e+25	2.205146e+25	3.887096e+24	1.001761e+24	2.885334e+24	1.091688e+25	7.247488e+24	0.3286625	2.205146e+26	3.887096e+25	1.001761e+25	2.885334e+25	1.074522e+26	7.133131e+25	2.860125e+24	0	0	0	0	0	0	0	0	0	0	0	0	0	0	2.840747e+26	3.626087e+17	2.840747e+26	1.284173e+26	6.030747e+21	1.284113e+26	6.874867e+25	9.261483e+13	6.874867e+25	2.568347e+26	1.745748e+14	2.568347e+26	7.653154e+25	7.569293e+14	7.653154e+25	2.451604e+26	1.785101e+21	2.451586e+26	2.153855e+23	1.48154e-09	0.002933901	7.405833e+09	1.40922e+11	2.675127e+12	5.624691e-06	6.762928e-11	1.256811e-16	0.5008511	0.5	0.2447551	1	44.3162	5.510945	10569.8	1.117189e+26	1.827432e+28	5.151575e+27	6.741065e+25	3.118866e+27	1.203261e+27	5.325573e+26	2.294797e+26	0.2188657	0	0.01961951	0.03560219	0.03560219	0.001424136	0.02670164	0	0	-0.04530165	0	1.019868e-16	0	1.019868e-16	0	-505.3888	0	-505.3888	0	30848.63	77194.93	213.2259	8643.462	1.106061	1	0	0.4523837	1	2	0	0	
10472	1760.328	3.45e+19	0	0	100000	1.9547373	1.140862e-05	3.043456e+26	5.350886e+25	1.379062e+25	3.971824e+25	1.507552e+26	1.000816e+26	2.211058e+25	3.887396e+24	1.001883e+24	2.885513e+24	1.09523e+25	7.270885e+24	0.3288419	2.211058e+26	3.887396e+25	1.001883e+25	2.885513e+25	1.078018e+26	7.156224e+25	2.867793e+24	0	0	0	0	0	0	0	0	0	0	0	0	0	0	2.848363e+26	3.662617e+17	2.848363e+26	1.287616e+26	6.042376e+21	1.287556e+26	6.893299e+25	9.291552e+13	6.893299e+25	2.575232e+26	1.751415e+14	2.575232e+26	7.673672e+25	7.593867e+14	7.673672e+25	2.458176e+26	1.790897e+21	2.458158e+26	2.153755e+23	1.481597e-09	0.002934102	7.38098e+09	1.418577e+11	2.688001e+12	5.634139e-06	6.785667e-11	1.263155e-16	0.5008487	0.5	0.2451651	1	44.43501	5.525719	10569.8	1.117189e+26	1.827432e+28	5.151575e+27	6.741065e+25	3.118866e+27	1.203261e+27	5.325573e+26	2.294797e+26	0.2188657	0	0.01960599	0.03560219	0.03560219	0.001424136	0.02670164	0	0	-0.0452627	0	1.023332e-16	0	1.023332e-16	0	-505.3391	0	-505.3391	0	30848.01	77194.93	213.7976	8643.29	1.106061	1	0	0.4523837	1	2	0	0	
10500	1760.328	3.45e+19	0	0	100000	1.95477625	1.140862e-05	3.051594e+26	5.351293e+25	1.379227e+25	3.972066e+25	1.512428e+26	1.004037e+26	2.21697e+25	3.887691e+24	1.002003e+24	2.885689e+24	1.098772e+25	7.294284e+24	0.3290204	2.21697e+26	3.887691e+25	1.002003e+25	2.885689e+25	1.081515e+26	7.179317e+25	2.87546e+24	0	0	0	0	0	0	0	0	0	0	0	0	0	0	2.855979e+26	3.699488e+17	2.855979e+26	1.291059e+26	6.053966e+21	1.290998e+26	6.91173e+25	9.321623e+13	6.91173e+25	2.582118e+26	1.757084e+14	2.582118e+26	7.69419e+25	7.618443e+14	7.69419e+25	2.464749e+26	1.796693e+21	2.464731e+26	2.153656e+23	1.481653e-09	0.0029343	7.356281e+09	1.427969e+11	2.7009e+12	5.643576e-06	6.808417e-11	1.269513e-16	0.5008463	0.5	0.2455745	1	44.55382	5.540494	10569.8	1.117189e+26	1.827432e+28	5.151575e+27	6.741065e+25	3.118866e+27	1.203261e+27	5.325573e+26	2.294797e+26	0.2188657	0	0.01959234	0.03560219	0.03560219	0.001424136	0.02670164	0	0	-0.04522375	0	1.026811e-16	0	1.026811e-16	0	-505.2895	0	-505.2895	0	30847.4	77194.93	214.3693	8643.118	1.106061	1	0	0.4523837	1	2	0	0	
10528	1760.328	3.45e+19	0	0	100000	1.9548152	1.140862e-05	3.059732e+26	5.351694e+25	1.37939e+25	3.972305e+25	1.517304e+26	1.007258e+26	2.222882e+25	3.887983e+24	1.002121e+24	2.885862e+24	1.102315e+25	7.317684e+24	0.3291981	2.222882e+26	3.887983e+25	1.002121e+25	2.885862e+25	1.085011e+26	7.202412e+25	2.883128e+24	0	0	0	0	0	0	0	0	0	0	0	0	0	0	2.863595e+26	3.736712e+17	2.863595e+26	1.294502e+26	6.065513e+21	1.294441e+26	6.930161e+25	9.351697e+13	6.930161e+25	2.589004e+26	1.762752e+14	2.589004e+26	7.714708e+25	7.643022e+14	7.714708e+25	2.471322e+26	1.802489e+21	2.471304e+26	2.153559e+23	1.481708e-09	0.002934495	7.331733e+09	1.437394e+11	2.713823e+12	5.653002e-06	6.83118e-11	1.275884e-16	0.5008439	0.5	0.2459835	1	44.67263	5.555269	10569.8	1.117189e+26	1.827432e+28	5.151575e+27	6.741065e+25	3.118866e+27	1.203261e+27	5.325573e+26	2.294797e+26	0.2188657	0	0.01957858	0.03560219	0.03560219	0.001424136	0.02670164	0	0	-0.0451848	0	1.030304e-16	0	1.030304e-16	0	-505.2398	0	-505.2398	0	30846.78	77194.93	214.9409	8642.945	1.106061	1	0	0.4523837	1	2	0	0	
10556	1760.328	3.45e+19	0	0	100000	1.95485415	1.140862e-05	3.067869e+26	5.352089e+25	1.37955e+25	3.97254e+25	1.522181e+26	1.010479e+26	2.228794e+25	3.88827e+24	1.002237e+24	2.886033e+24	1.105858e+25	7.341085e+24	0.3293748	2.228794e+26	3.88827e+25	1.002237e+25	2.886033e+25	1.088508e+26	7.225508e+25	2.890796e+24	0	0	0	0	0	0	0	0	0	0	0	0	0	0	2.871211e+26	3.774293e+17	2.871211e+26	1.297945e+26	6.077018e+21	1.297884e+26	6.948593e+25	9.381774e+13	6.948593e+25	2.595889e+26	1.768421e+14	2.595889e+26	7.735226e+25	7.667602e+14	7.735226e+25	2.477894e+26	1.808286e+21	2.477876e+26	2.153463e+23	1.481763e-09	0.002934688	7.307337e+09	1.446854e+11	2.726771e+12	5.662417e-06	6.853954e-11	1.28227e-16	0.5008415	0.5	0.246392	1	44.79144	5.570043	10569.8	1.117189e+26	1.827432e+28	5.151575e+27	6.741065e+25	3.118866e+27	1.203261e+27	5.325573e+26	2.294797e+26	0.2188657	0	0.01956469	0.03560219	0.03560219	0.001424136	0.02670164	0	0	-0.04514585	0	1.033812e-16	0	1.033812e-16	0	-505.19	0	-505.19	0	30846.17	77194.93	215.5126	8642.773	1.106061	1	0	0.4523837	1	2	0	0	
10584	1760.328	3.45e+19	0	0	100000	1.9548931	1.140862e-05	3.076007e+26	5.352479e+25	1.379708e+25	3.972771e+25	1.527059e+26	1.0137e+26	2.234706e+25	3.888553e+24	1.002352e+24	2.886201e+24	1.109402e+25	7.364488e+24	0.3295507	2.234706e+26	3.888553e+25	1.002352e+25	2.886201e+25	1.092005e+26	7.248606e+25	2.898464e+24	0	0	0	0	0	0	0	0	0	0	0	0	0	0	2.878827e+26	3.812235e+17	2.878827e+26	1.301387e+26	6.08848e+21	1.301327e+26	6.967024e+25	9.411853e+13	6.967024e+25	2.602775e+26	1.774091e+14	2.602775e+26	7.755744e+25	7.692186e+14	7.755744e+25	2.484467e+26	1.814084e+21	2.484449e+26	2.153369e+23	1.481816e-09	0.002934879	7.283089e+09	1.456347e+11	2.739743e+12	5.671822e-06	6.87674e-11	1.28867e-16	0.5008391	0.5	0.2468001	1	44.91025	5.584818	10569.8	1.117189e+26	1.827432e+28	5.151575e+27	6.741065e+25	3.118866e+27	1.203261e+27	5.325573e+26	2.294797e+26	0.2188657	0	0.0195507	0.03560219	0.03560219	0.001424136	0.02670164	0	0	-0.0451069	0	1.037334e-16	0	1.037334e-16	0	-505.1403	0	-505.1403	0	30845.55	77194.93	216.0843	8642.601	1.106061	1	0	0.4523838	1	2	0	0	
10612	1760.328	3.45e+19	0	0	100000	1.95493205	1.140862e-05	3.084144e+26	5.352863e+25	1.379863e+25	3.972999e+25	1.531937e+26	1.016921e+26	2.240618e+25	3.888832e+24	1.002465e+24	2.886367e+24	1.112945e+25	7.387891e+24	0.3297256	2.240618e+26	3.888832e+25	1.002465e+25	2.886367e+25	1.095503e+26	7.271704e+25	2.906132e+24	0	0	0	0	0	0	0	0	0	0	0	0	0	0	2.886443e+26	3.850542e+17	2.886443e+26	1.30483e+26	6.0999e+21	1.304769e+26	6.985455e+25	9.441935e+13	6.985455e+25	2.609661e+26	1.779762e+14	2.609661e+26	7.776261e+25	7.716771e+14	7.776261e+25	2.49104e+26	1.819882e+21	2.491021e+26	2.153276e+23	1.481869e-09	0.002935066	7.25899e+09	1.465875e+11	2.75274e+12	5.681216e-06	6.899538e-11	1.295084e-16	0.5008368	0.5	0.2472077	1	45.02906	5.599593	10569.8	1.117189e+26	1.827432e+28	5.151575e+27	6.741065e+25	3.118866e+27	1.203261e+27	5.325573e+26	2.294797e+26	0.2188657	0	0.01953659	0.03560219	0.03560219	0.001424136	0.02670164	0	0	-0.04506795	0	1.040871e-16	0	1.040871e-16	0	-505.0904	0	-505.0904	0	30844.94	77194.93	216.656	8642.429	1.106061	1	0	0.4523838	1	2	0	0	
10640	1760.328	3.45e+19	0	0	100000	1.954971	1.140862e-05	3.092282e+26	5.353241e+25	1.380017e+25	3.973224e+25	1.536815e+26	1.020143e+26	2.24653e+25	3.889106e+24	1.002576e+24	2.88653e+24	1.116489e+25	7.411295e+24	0.3298997	2.24653e+26	3.889106e+25	1.002576e+25	2.88653e+25	1.099001e+26	7.294803e+25	2.913799e+24	0	0	0	0	0	0	0	0	0	0	0	0	0	0	2.894059e+26	3.889216e+17	2.894059e+26	1.308273e+26	6.111278e+21	1.308212e+26	7.003886e+25	9.47202e+13	7.003886e+25	2.616546e+26	1.785432e+14	2.616546e+26	7.796779e+25	7.741358e+14	7.796779e+25	2.497612e+26	1.82568e+21	2.497594e+26	2.153184e+23	1.481921e-09	0.002935251	7.235037e+09	1.475437e+11	2.765761e+12	5.690599e-06	6.922348e-11	1.301511e-16	0.5008344	0.5	0.2476148	1	45.14787	5.614367	10569.8	1.117189e+26	1.827432e+28	5.151575e+27	6.741065e+25	3.118866e+27	1.203261e+27	5.325573e+26	2.294797e+26	0.2188657	0	0.01952236	0.03560219	0.03560219	0.001424136	0.02670164	0	0	-0.045029	0	1.044423e-16	0	1.044423e-16	0	-505.0406	0	-505.0406	0	30844.33	77194.93	217.2276	8642.257	1.106061	1	0	0.4523838	1	2	0	0	
10668	1760.328	3.45e+19	0	0	100000	1.95500995	1.140862e-05	3.10042e+26	5.353613e+25	1.380168e+25	3.973445e+25	1.541694e+26	1.023365e+26	2.252442e+25	3.889377e+24	1.002686e+24	2.886691e+24	1.120034e+25	7.4347e+24	0.3300729	2.252442e+26	3.889377e+25	1.002686e+25	2.886691e+25	1.102499e+26	7.317903e+25	2.921467e+24	0	0	0	0	0	0	0	0	0	0	0	0	0	0	2.901675e+26	3.928261e+17	2.901675e+26	1.311716e+26	6.122614e+21	1.311655e+26	7.022318e+25	9.502107e+13	7.022318e+25	2.623432e+26	1.791104e+14	2.623432e+26	7.817297e+25	7.765948e+14	7.817297e+25	2.504185e+26	1.83148e+21	2.504167e+26	2.153093e+23	1.481973e-09	0.002935434	7.211229e+09	1.485033e+11	2.778807e+12	5.699972e-06	6.945169e-11	1.307953e-16	0.5008321	0.5	0.2480215	1	45.26668	5.629142	10569.8	1.117189e+26	1.827432e+28	5.151575e+27	6.741065e+25	3.118866e+27	1.203261e+27	5.325573e+26	2.294797e+26	0.2188657	0	0.01950803	0.03560219	0.03560219	0.001424136	0.02670164	0	0	-0.04499005	0	1.04799e-16	0	1.04799e-16	0	-504.9907	0	-504.9907	0	30843.71	77194.93	217.7993	8642.085	1.106061	1	0	0.4523838	1	2	0	0	
10696	1760.328	3.45e+19	0	0	100000	1.9550489	1.140862e-05	3.108557e+26	5.35398e+25	1.380317e+25	3.973663e+25	1.546573e+26	1.026586e+26	2.258353e+25	3.889644e+24	1.002794e+24	2.886849e+24	1.123578e+25	7.458106e+24	0.3302453	2.258353e+26	3.889644e+25	1.002794e+25	2.886849e+25	1.105997e+26	7.341004e+25	2.929135e+24	0	0	0	0	0	0	0	0	0	0	0	0	0	0	2.909291e+26	3.967671e+17	2.909291e+26	1.315159e+26	6.13391e+21	1.315097e+26	7.040749e+25	9.532197e+13	7.040749e+25	2.630318e+26	1.796775e+14	2.630318e+26	7.837815e+25	7.790539e+14	7.837815e+25	2.510758e+26	1.837279e+21	2.510739e+26	2.153004e+23	1.482024e-09	0.002935614	7.187566e+09	1.494663e+11	2.791877e+12	5.709334e-06	6.968002e-11	1.314408e-16	0.5008297	0.5	0.2484277	1	45.38549	5.643916	10569.8	1.117189e+26	1.827432e+28	5.151575e+27	6.741065e+25	3.118866e+27	1.203261e+27	5.325573e+26	2.294797e+26	0.2188657	0	0.01949358	0.03560219	0.03560219	0.001424136	0.02670164	0	0	-0.0449511	0	1.051571e-16	0	1.051571e-16	0	-504.9408	0	-504.9408	0	30843.1	77194.93	218.371	8641.912	1.106061	1	0	0.4523838	1	2	0	0	
10724	1760.328	3.45e+19	0	0	100000	1.95508785	1.140862e-05	3.116695e+26	5.354342e+25	1.380464e+25	3.973878e+25	1.551452e+26	1.029808e+26	2.264265e+25	3.889907e+24	1.002901e+24	2.887005e+24	1.127123e+25	7.481513e+24	0.3304168	2.264265e+26	3.889907e+25	1.002901e+25	2.887005e+25	1.109496e+26	7.364106e+25	2.936803e+24	0	0	0	0	0	0	0	0	0	0	0	0	0	0	2.916907e+26	4.00747e+17	2.916907e+26	1.318602e+26	6.145162e+21	1.31854e+26	7.05918e+25	9.562289e+13	7.05918e+25	2.637203e+26	1.802448e+14	2.637203e+26	7.858333e+25	7.815133e+14	7.858333e+25	2.51733e+26	1.843079e+21	2.517312e+26	2.152916e+23	1.482074e-09	0.002935791	7.164045e+09	1.504327e+11	2.804972e+12	5.718685e-06	6.990847e-11	1.320877e-16	0.5008274	0.5	0.2488335	1	45.5043	5.658691	10569.8	1.117189e+26	1.827432e+28	5.151575e+27	6.741065e+25	3.118866e+27	1.203261e+27	5.325573e+26	2.294797e+26	0.2188657	0	0.01947903	0.03560219	0.03560219	0.001424136	0.02670164	0	0	-0.04491215	0	1.055168e-16	0	1.055168e-16	0	-504.8908	0	-504.8908	0	30842.48	77194.93	218.9427	8641.74	1.106061	1	0	0.4523838	1	2	0	0	
10752	1760.328	3.45e+19	0	0	100000	1.9551268	1.140862e-05	3.124832e+26	5.354698e+25	1.380609e+25	3.97409e+25	1.556332e+26	1.03303e+26	2.270177e+25	3.890165e+24	1.003006e+24	2.887159e+24	1.130669e+25	7.504921e+24	0.3305874	2.270177e+26	3.890165e+25	1.003006e+25	2.887159e+25	1.112995e+26	7.387209e+25	2.944471e+24	0	0	0	0	0	0	0	0	0	0	0	0	0	0	2.924522e+26	4.047651e+17	2.924522e+26	1.322044e+26	6.156371e+21	1.321983e+26	7.077612e+25	9.592384e+13	7.077612e+25	2.644089e+26	1.80812e+14	2.644089e+26	7.878851e+25	7.839728e+14	7.878851e+25	2.523903e+26	1.84888e+21	2.523884e+26	2.152829e+23	1.482123e-09	0.002935966	7.140665e+09	1.514025e+11	2.818091e+12	5.728026e-06	7.013704e-11	1.327361e-16	0.5008251	0.5	0.2492388	1	45.62311	5.673466	10569.8	1.117189e+26	1.827432e+28	5.151575e+27	6.741065e+25	3.118866e+27	1.203261e+27	5.325573e+26	2.294797e+26	0.2188657	0	0.01946437	0.03560219	0.03560219	0.001424136	0.02670164	0	0	-0.0448732	0	1.05878e-16	0	1.05878e-16	0	-504.8408	0	-504.8408	0	30841.87	77194.93	219.5143	8641.568	1.106061	1	0	0.4523838	1	2	0	0	
10780	1760.328	3.45e+19	0	0	100000	1.95516575	1.140862e-05	3.13297e+26	5.355049e+25	1.380752e+25	3.974298e+25	1.561212e+26	1.036252e+26	2.276089e+25	3.890421e+24	1.00311e+24	2.88731e+24	1.134214e+25	7.52833e+24	0.3307572	2.276089e+26	3.890421e+25	1.00311e+25	2.88731e+25	1.116494e+26	7.410313e+25	2.952139e+24	0	0	0	0	0	0	0	0	0	0	0	0	0	0	2.932138e+26	4.088208e+17	2.932138e+26	1.325487e+26	6.167542e+21	1.325426e+26	7.096043e+25	9.622482e+13	7.096043e+25	2.650974e+26	1.813794e+14	2.650974e+26	7.899368e+25	7.864325e+14	7.899368e+25	2.530476e+26	1.854681e+21	2.530457e+26	2.152743e+23	1.482172e-09	0.002936139	7.117427e+09	1.523758e+11	2.831234e+12	5.737357e-06	7.036572e-11	1.333858e-16	0.5008228	0.5	0.2496436	1	45.74193	5.68824	10569.8	1.117189e+26	1.827432e+28	5.151575e+27	6.741065e+25	3.118866e+27	1.203261e+27	5.325573e+26	2.294797e+26	0.2188657	0	0.0194496	0.03560219	0.03560219	0.001424136	0.02670164	0	0	-0.04483425	0	1.062407e-16	0	1.062407e-16	0	-504.7907	0	-504.7907	0	30841.25	77194.93	220.086	8641.396	1.106061	1	0	0.4523839	1	2	0	0	
10808	1760.328	3.45e+19	0	0	100000	1.9552047	1.140862e-05	3.141107e+26	5.355395e+25	1.380892e+25	3.974503e+25	1.566093e+26	1.039475e+26	2.282001e+25	3.890672e+24	1.003212e+24	2.88746e+24	1.13776e+25	7.551739e+24	0.3309262	2.282001e+26	3.890672e+25	1.003212e+25	2.88746e+25	1.119994e+26	7.433418e+25	2.959807e+24	0	0	0	0	0	0	0	0	0	0	0	0	0	0	2.939754e+26	4.129165e+17	2.939754e+26	1.32893e+26	6.178667e+21	1.328868e+26	7.114474e+25	9.652581e+13	7.114474e+25	2.65786e+26	1.819467e+14	2.65786e+26	7.919886e+25	7.888926e+14	7.919886e+25	2.537048e+26	1.860482e+21	2.53703e+26	2.152659e+23	1.48222e-09	0.002936309	7.094327e+09	1.533525e+11	2.844402e+12	5.746677e-06	7.059452e-11	1.340369e-16	0.5008206	0.5	0.250048	1	45.86074	5.703015	10569.8	1.117189e+26	1.827432e+28	5.151575e+27	6.741065e+25	3.118866e+27	1.203261e+27	5.325573e+26	2.294797e+26	0.2188657	0	0.01943473	0.03560219	0.03560219	0.001424136	0.02670164	0	0	-0.0447953	0	1.06605e-16	0	1.06605e-16	0	-504.7406	0	-504.7406	0	30840.64	77194.93	220.6577	8641.224	1.106061	1	0	0.4523839	1	2	0	0	
10836	1760.328	3.45e+19	0	0	100000	1.95524365	1.140862e-05	3.149245e+26	5.355736e+25	1.381031e+25	3.974705e+25	1.570974e+26	1.042697e+26	2.287913e+25	3.890919e+24	1.003313e+24	2.887606e+24	1.141306e+25	7.57515e+24	0.3310943	2.287913e+26	3.890919e+25	1.003313e+25	2.887606e+25	1.123494e+26	7.456523e+25	2.967476e+24	0	0	0	0	0	0	0	0	0	0	0	0	0	0	2.94737e+26	4.170504e+17	2.94737e+26	1.332373e+26	6.189754e+21	1.332311e+26	7.132905e+25	9.682684e+13	7.132905e+25	2.664746e+26	1.825141e+14	2.664746e+26	7.940404e+25	7.913528e+14	7.940404e+25	2.543621e+26	1.866284e+21	2.543602e+26	2.152575e+23	1.482267e-09	0.002936477	7.071365e+09	1.543326e+11	2.857594e+12	5.755987e-06	7.082343e-11	1.346893e-16	0.5008183	0.5	0.250452	1	45.97955	5.71779	10569.8	1.117189e+26	1.827432e+28	5.151575e+27	6.741065e+25	3.118866e+27	1.203261e+27	5.325573e+26	2.294797e+26	0.2188657	0	0.01941976	0.03560219	0.03560219	0.001424136	0.02670164	0	0	-0.04475635	0	1.069707e-16	0	1.069707e-16	0	-504.6905	0	-504.6905	0	30840.02	77194.93	221.2294	8641.052	1.106061	1	0	0.4523839	1	2	0	0	
10864	1760.328	3.45e+19	0	0	100000	1.9552826	1.140862e-05	3.157383e+26	5.356072e+25	1.381168e+25	3.974904e+25	1.575856e+26	1.04592e+26	2.293825e+25	3.891163e+24	1.003412e+24	2.887751e+24	1.144853e+25	7.598561e+24	0.3312616	2.293825e+26	3.891163e+25	1.003412e+25	2.887751e+25	1.126994e+26	7.479629e+25	2.975142e+24	0	0	0	0	0	0	0	0	0	0	0	0	0	0	2.954986e+26	4.212253e+17	2.954986e+26	1.335816e+26	6.200795e+21	1.335754e+26	7.151337e+25	9.712789e+13	7.151337e+25	2.671631e+26	1.830816e+14	2.671631e+26	7.960922e+25	7.938131e+14	7.960922e+25	2.550194e+26	1.872087e+21	2.550175e+26	2.152493e+23	1.482314e-09	0.002936643	7.048539e+09	1.553161e+11	2.87081e+12	5.765286e-06	7.105246e-11	1.353432e-16	0.5008161	0.5	0.2508555	1	46.09836	5.732564	10569.8	1.117189e+26	1.827432e+28	5.151575e+27	6.741065e+25	3.118866e+27	1.203261e+27	5.325573e+26	2.294797e+26	0.2188657	0	0.01940468	0.03560219	0.03560219	0.001424136	0.02670164	0	0	-0.0447174	0	1.07338e-16	0	1.07338e-16	0	-504.6403	0	-504.6403	0	30839.41	77194.93	221.8011	8640.879	1.106061	1	0	0.4523839	1	2	0	0	
10892	1760.328	3.45e+19	0	0	100000	1.95532155	1.140862e-05	3.16552e+26	5.356403e+25	1.381302e+25	3.9751e+25	1.580738e+26	1.049142e+26	2.299737e+25	3.891404e+24	1.00351e+24	2.887893e+24	1.148399e+25	7.621973e+24	0.331428	2.299737e+26	3.891404e+25	1.00351e+25	2.887893e+25	1.130495e+26	7.502736e+25	2.982811e+24	0	0	0	0	0	0	0	0	0	0	0	0	0	0	2.962602e+26	4.254391e+17	2.962602e+26	1.339259e+26	6.211798e+21	1.339196e+26	7.169768e+25	9.742896e+13	7.169768e+25	2.678517e+26	1.836491e+14	2.678517e+26	7.98144e+25	7.962736e+14	7.98144e+25	2.556766e+26	1.87789e+21	2.556748e+26	2.152412e+23	1.48236e-09	0.002936807	7.025849e+09	1.563031e+11	2.88405e+12	5.774575e-06	7.128161e-11	1.359985e-16	0.5008138	0.5	0.2512585	1	46.21717	5.747339	10569.8	1.117189e+26	1.827432e+28	5.151575e+27	6.741065e+25	3.118866e+27	1.203261e+27	5.325573e+26	2.294797e+26	0.2188657	0	0.0193895	0.03560219	0.03560219	0.001424136	0.02670164	0	0	-0.04467845	0	1.077069e-16	0	1.077069e-16	0	-504.5901	0	-504.5901	0	30838.8	77194.93	222.3727	8640.707	1.106061	1	0	0.4523839	1	2	0	0	
10920	1760.328	3.45e+19	0	0	100000	1.9553605	1.140862e-05	3.173658e+26	5.356729e+25	1.381435e+25	3.975294e+25	1.58562e+26	1.052365e+26	2.305649e+25	3.891641e+24	1.003607e+24	2.888034e+24	1.151946e+25	7.645385e+24	0.3315937	2.305649e+26	3.891641e+25	1.003607e+25	2.888034e+25	1.133996e+26	7.525844e+25	2.990479e+24	0	0	0	0	0	0	0	0	0	0	0	0	0	0	2.970218e+26	4.296934e+17	2.970218e+26	1.342701e+26	6.22276e+21	1.342639e+26	7.188199e+25	9.773005e+13	7.188199e+25	2.685403e+26	1.842166e+14	2.685403e+26	8.001958e+25	7.987344e+14	8.001958e+25	2.563339e+26	1.883693e+21	2.56332e+26	2.152332e+23	1.482406e-09	0.002936968	7.003294e+09	1.572935e+11	2.897315e+12	5.783854e-06	7.151087e-11	1.366551e-16	0.5008116	0.5	0.2516611	1	46.33598	5.762114	10569.8	1.117189e+26	1.827432e+28	5.151575e+27	6.741065e+25	3.118866e+27	1.203261e+27	5.325573e+26	2.294797e+26	0.2188657	0	0.01937423	0.03560219	0.03560219	0.001424136	0.02670164	0	0	-0.0446395	0	1.080773e-16	0	1.080773e-16	0	-504.5399	0	-504.5399	0	30838.18	77194.93	222.9444	8640.535	1.106061	1	0	0.4523839	1	2	0	0	
10948	1760.328	3.45e+19	0	0	100000	1.95539945	1.140862e-05	3.181795e+26	5.35705e+25	1.381566e+25	3.975484e+25	1.590503e+26	1.055588e+26	2.311561e+25	3.891874e+24	1.003702e+24	2.888172e+24	1.155493e+25	7.668799e+24	0.3317585	2.311561e+26	3.891874e+25	1.003702e+25	2.888172e+25	1.137497e+26	7.548953e+25	2.998146e+24	0	0	0	0	0	0	0	0	0	0	0	0	0	0	2.977834e+26	4.339897e+17	2.977834e+26	1.346144e+26	6.233676e+21	1.346082e+26	7.20663e+25	9.803118e+13	7.20663e+25	2.692288e+26	1.847842e+14	2.692288e+26	8.022475e+25	8.011954e+14	8.022475e+25	2.569912e+26	1.889497e+21	2.569893e+26	2.152253e+23	1.482451e-09	0.002937127	6.980871e+09	1.582873e+11	2.910604e+12	5.793122e-06	7.174024e-11	1.373131e-16	0.5008094	0.5	0.2520633	1	46.45479	5.776888	10569.8	1.117189e+26	1.827432e+28	5.151575e+27	6.741065e+25	3.118866e+27	1.203261e+27	5.325573e+26	2.294797e+26	0.2188657	0	0.01935885	0.03560219	0.03560219	0.001424136	0.02670164	0	0	-0.04460055	0	1.084493e-16	0	1.084493e-16	0	-504.4896	0	-504.4896	0	30837.57	77194.93	223.5161	8640.363	1.106061	1	0	0.452384	1	2	0	0	
10976	1760.328	3.45e+19	0	0	100000	1.9554384	1.140862e-05	3.189933e+26	5.357367e+25	1.381695e+25	3.975671e+25	1.595386e+26	1.05881e+26	2.317473e+25	3.892104e+24	1.003796e+24	2.888308e+24	1.159041e+25	7.692213e+24	0.3319225	2.317473e+26	3.892104e+25	1.003796e+25	2.888308e+25	1.140998e+26	7.572062e+25	3.005814e+24	0	0	0	0	0	0	0	0	0	0	0	0	0	0	2.98545e+26	4.383262e+17	2.98545e+26	1.349587e+26	6.244555e+21	1.349525e+26	7.225062e+25	9.833232e+13	7.225062e+25	2.699174e+26	1.853519e+14	2.699174e+26	8.042993e+25	8.036566e+14	8.042993e+25	2.576484e+26	1.895301e+21	2.576465e+26	2.152175e+23	1.482495e-09	0.002937284	6.958581e+09	1.592846e+11	2.923917e+12	5.802381e-06	7.196973e-11	1.379725e-16	0.5008072	0.5	0.252465	1	46.5736	5.791663	10569.8	1.117189e+26	1.827432e+28	5.151575e+27	6.741065e+25	3.118866e+27	1.203261e+27	5.325573e+26	2.294797e+26	0.2188657	0	0.01934338	0.03560219	0.03560219	0.001424136	0.02670164	0	0	-0.0445616	0	1.088229e-16	0	1.088229e-16	0	-504.4393	0	-504.4393	0	30836.95	77194.93	224.0878	8640.191	1.106061	1	0	0.452384	1	2	0	0	
11004	1760.328	3.45e+19	0	0	100000	1.95547735	1.140862e-05	3.198071e+26	5.357678e+25	1.381823e+25	3.975856e+25	1.600269e+26	1.062033e+26	2.323385e+25	3.89233e+24	1.003888e+24	2.888442e+24	1.162589e+25	7.715628e+24	0.3320857	2.323385e+26	3.89233e+25	1.003888e+25	2.888442e+25	1.1445e+26	7.595172e+25	3.013482e+24	0	0	0	0	0	0	0	0	0	0	0	0	0	0	2.993066e+26	4.427045e+17	2.993066e+26	1.35303e+26	6.255391e+21	1.352967e+26	7.243493e+25	9.863349e+13	7.243493e+25	2.70606e+26	1.859195e+14	2.70606e+26	8.063511e+25	8.061179e+14	8.063511e+25	2.583057e+26	1.901106e+21	2.583038e+26	2.152099e+23	1.482539e-09	0.002937439	6.936422e+09	1.602853e+11	2.937254e+12	5.811629e-06	7.219933e-11	1.386333e-16	0.500805	0.5	0.2528663	1	46.69241	5.806438	10569.8	1.117189e+26	1.827432e+28	5.151575e+27	6.741065e+25	3.118866e+27	1.203261e+27	5.325573e+26	2.294797e+26	0.2188657	0	0.01932782	0.03560219	0.03560219	0.001424136	0.02670164	0	0	-0.04452265	0	1.09198e-16	0	1.09198e-16	0	-504.3889	0	-504.3889	0	30836.34	77194.93	224.6595	8640.019	1.106061	1	0	0.452384	1	2	0	0	
11032	1760.328	3.45e+19	0	0	100000	1.9555163	1.140862e-05	3.206208e+26	5.357985e+25	1.381948e+25	3.976037e+25	1.605153e+26	1.065257e+26	2.329296e+25	3.892554e+24	1.003979e+24	2.888574e+24	1.166137e+25	7.739043e+24	0.3322481	2.329296e+26	3.892554e+25	1.003979e+25	2.888574e+25	1.148001e+26	7.618282e+25	3.02115e+24	0	0	0	0	0	0	0	0	0	0	0	0	0	0	3.000682e+26	4.47126e+17	3.000682e+26	1.356473e+26	6.266183e+21	1.35641e+26	7.261924e+25	9.893467e+13	7.261924e+25	2.712945e+26	1.864873e+14	2.712945e+26	8.084029e+25	8.085794e+14	8.084029e+25	2.58963e+26	1.906911e+21	2.589611e+26	2.152023e+23	1.482582e-09	0.002937591	6.914392e+09	1.612894e+11	2.950615e+12	5.820867e-06	7.242905e-11	1.392954e-16	0.5008028	0.5	0.2532672	1	46.81122	5.821212	10569.8	1.117189e+26	1.827432e+28	5.151575e+27	6.741065e+25	3.118866e+27	1.203261e+27	5.325573e+26	2.294797e+26	0.2188657	0	0.01931216	0.03560219	0.03560219	0.001424136	0.02670164	0	0	-0.0444837	0	1.095748e-16	0	1.095748e-16	0	-504.3385	0	-504.3385	0	30835.73	77194.93	225.2311	8639.847	1.106061	1	0	0.452384	1	2	0	0	
11060	1760.328	3.45e+19	0	0	100000	1.95555525	1.140862e-05	3.214346e+26	5.358288e+25	1.382072e+25	3.976216e+25	1.610037e+26	1.06848e+26	2.335208e+25	3.892773e+24	1.004069e+24	2.888704e+24	1.169685e+25	7.762459e+24	0.3324097	2.335208e+26	3.892773e+25	1.004069e+25	2.888704e+25	1.151504e+26	7.641394e+25	3.028818e+24	0	0	0	0	0	0	0	0	0	0	0	0	0	0	3.008298e+26	4.515889e+17	3.008298e+26	1.359915e+26	6.276937e+21	1.359853e+26	7.280356e+25	9.923588e+13	7.280356e+25	2.719831e+26	1.87055e+14	2.719831e+26	8.104547e+25	8.110411e+14	8.104547e+25	2.596202e+26	1.912717e+21	2.596183e+26	2.151948e+23	1.482624e-09	0.002937742	6.892491e+09	1.62297e+11	2.964e+12	5.830095e-06	7.265888e-11	1.39959e-16	0.5008007	0.5	0.2536676	1	46.93003	5.835987	10569.8	1.117189e+26	1.827432e+28	5.151575e+27	6.741065e+25	3.118866e+27	1.203261e+27	5.325573e+26	2.294797e+26	0.2188657	0	0.01929641	0.03560219	0.03560219	0.001424136	0.02670164	0	0	-0.04444475	0	1.099531e-16	0	1.099531e-16	0	-504.288	0	-504.288	0	30835.11	77194.93	225.8028	8639.675	1.106061	1	0	0.452384	1	2	0	0	
11088	1760.328	3.45e+19	0	0	100000	1.9555942	1.140862e-05	3.222483e+26	5.358586e+25	1.382193e+25	3.976393e+25	1.614922e+26	1.071703e+26	2.34112e+25	3.89299e+24	1.004158e+24	2.888832e+24	1.173234e+25	7.785876e+24	0.3325705	2.34112e+26	3.89299e+25	1.004158e+25	2.888832e+25	1.155006e+26	7.664506e+25	3.036485e+24	0	0	0	0	0	0	0	0	0	0	0	0	0	0	3.015914e+26	4.560947e+17	3.015914e+26	1.363358e+26	6.28765e+21	1.363295e+26	7.298787e+25	9.953712e+13	7.298787e+25	2.726717e+26	1.876228e+14	2.726717e+26	8.125065e+25	8.13503e+14	8.125065e+25	2.602775e+26	1.918523e+21	2.602756e+26	2.151875e+23	1.482666e-09	0.00293789	6.870718e+09	1.63308e+11	2.97741e+12	5.839313e-06	7.288882e-11	1.406239e-16	0.5007985	0.5	0.2540676	1	47.04884	5.850762	10569.8	1.117189e+26	1.827432e+28	5.151575e+27	6.741065e+25	3.118866e+27	1.203261e+27	5.325573e+26	2.294797e+26	0.2188657	0	0.01928056	0.03560219	0.03560219	0.001424136	0.02670164	0	0	-0.0444058	0	1.103331e-16	0	1.103331e-16	0	-504.2376	0	-504.2376	0	30834.5	77194.93	226.3745	8639.503	1.106061	1	0	0.452384	1	2	0	0	
11116	1760.328	3.45e+19	0	0	100000	1.95563315	1.140862e-05	3.230621e+26	5.35888e+25	1.382314e+25	3.976566e+25	1.619807e+26	1.074926e+26	2.347032e+25	3.893203e+24	1.004245e+24	2.888959e+24	1.176783e+25	7.809293e+24	0.3327305	2.347032e+26	3.893203e+25	1.004245e+25	2.888959e+25	1.158509e+26	7.687618e+25	3.044154e+24	0	0	0	0	0	0	0	0	0	0	0	0	0	0	3.02353e+26	4.606438e+17	3.02353e+26	1.366801e+26	6.298321e+21	1.366738e+26	7.317218e+25	9.983837e+13	7.317218e+25	2.733602e+26	1.881907e+14	2.733602e+26	8.145582e+25	8.15965e+14	8.145582e+25	2.609348e+26	1.924329e+21	2.609328e+26	2.151802e+23	1.482707e-09	0.002938037	6.849071e+09	1.643224e+11	2.990843e+12	5.848521e-06	7.311887e-11	1.412902e-16	0.5007964	0.5	0.2544671	1	47.16765	5.865536	10569.8	1.117189e+26	1.827432e+28	5.151575e+27	6.741065e+25	3.118866e+27	1.203261e+27	5.325573e+26	2.294797e+26	0.2188657	0	0.01926463	0.03560219	0.03560219	0.001424136	0.02670164	0	0	-0.04436685	0	1.107146e-16	0	1.107146e-16	0	-504.187	0	-504.187	0	30833.88	77194.93	226.9462	8639.331	1.106061	1	0	0.4523841	1	2	0	0	
11144	1760.328	3.45e+19	0	0	100000	1.9556721	1.140862e-05	3.238758e+26	5.359169e+25	1.382432e+25	3.976737e+25	1.624692e+26	1.07815e+26	2.352944e+25	3.893414e+24	1.004331e+24	2.889083e+24	1.180332e+25	7.832711e+24	0.3328898	2.352944e+26	3.893414e+25	1.004331e+25	2.889083e+25	1.162011e+26	7.710731e+25	3.051821e+24	0	0	0	0	0	0	0	0	0	0	0	0	0	0	3.031146e+26	4.652381e+17	3.031146e+26	1.370244e+26	6.308947e+21	1.370181e+26	7.335649e+25	1.001397e+14	7.335649e+25	2.740488e+26	1.887586e+14	2.740488e+26	8.1661e+25	8.184273e+14	8.1661e+25	2.61592e+26	1.930136e+21	2.615901e+26	2.15173e+23	1.482748e-09	0.002938181	6.827549e+09	1.653404e+11	3.0043e+12	5.857719e-06	7.334904e-11	1.419579e-16	0.5007942	0.5	0.2548662	1	47.28646	5.880311	10569.8	1.117189e+26	1.827432e+28	5.151575e+27	6.741065e+25	3.118866e+27	1.203261e+27	5.325573e+26	2.294797e+26	0.2188657	0	0.01924861	0.03560219	0.03560219	0.001424136	0.02670164	0	0	-0.0443279	0	1.110978e-16	0	1.110978e-16	0	-504.1365	0	-504.1365	0	30833.27	77194.93	227.5179	8639.159	1.106061	1	0	0.4523841	1	2	0	0	
11172	1760.328	3.45e+19	0	0	100000	1.95571105	1.140862e-05	3.246896e+26	5.359454e+25	1.382549e+25	3.976906e+25	1.629577e+26	1.081373e+26	2.358856e+25	3.893621e+24	1.004416e+24	2.889205e+24	1.183881e+25	7.856129e+24	0.3330483	2.358856e+26	3.893621e+25	1.004416e+25	2.889205e+25	1.165515e+26	7.733845e+25	3.05949e+24	0	0	0	0	0	0	0	0	0	0	0	0	0	0	3.038762e+26	4.698753e+17	3.038762e+26	1.373687e+26	6.319536e+21	1.373624e+26	7.354081e+25	1.004409e+14	7.354081e+25	2.747374e+26	1.893265e+14	2.747374e+26	8.186618e+25	8.208897e+14	8.186618e+25	2.622493e+26	1.935944e+21	2.622474e+26	2.15166e+23	1.482788e-09	0.002938324	6.806152e+09	1.663617e+11	3.017782e+12	5.866907e-06	7.357932e-11	1.426269e-16	0.5007921	0.5	0.2552649	1	47.40527	5.895086	10569.8	1.117189e+26	1.827432e+28	5.151575e+27	6.741065e+25	3.118866e+27	1.203261e+27	5.325573e+26	2.294797e+26	0.2188657	0	0.0192325	0.03560219	0.03560219	0.001424136	0.02670164	0	0	-0.04428895	0	1.114826e-16	0	1.114826e-16	0	-504.0859	0	-504.0859	0	30832.65	77194.93	228.0895	8638.987	1.106061	1	0	0.4523841	1	2	0	0	
11200	1760.328	3.45e+19	0	0	100000	1.95575	1.140862e-05	3.255034e+26	5.359735e+25	1.382664e+25	3.977072e+25	1.634463e+26	1.084597e+26	2.364768e+25	3.893825e+24	1.004499e+24	2.889326e+24	1.187431e+25	7.879548e+24	0.333206	2.364768e+26	3.893825e+25	1.004499e+25	2.889326e+25	1.169018e+26	7.756959e+25	3.067157e+24	0	0	0	0	0	0	0	0	0	0	0	0	0	0	3.046378e+26	4.745571e+17	3.046378e+26	1.37713e+26	6.330084e+21	1.377066e+26	7.372512e+25	1.007423e+14	7.372512e+25	2.754259e+26	1.898945e+14	2.754259e+26	8.207136e+25	8.233523e+14	8.207136e+25	2.629066e+26	1.941751e+21	2.629046e+26	2.15159e+23	1.482828e-09	0.002938464	6.784879e+09	1.673865e+11	3.031287e+12	5.876085e-06	7.380972e-11	1.432973e-16	0.50079	0.5	0.2556632	1	47.52408	5.90986	10569.8	1.117189e+26	1.827432e+28	5.151575e+27	6.741065e+25	3.118866e+27	1.203261e+27	5.325573e+26	2.294797e+26	0.2188657	0	0.0192163	0.03560219	0.03560219	0.001424136	0.02670164	0	0	-0.04425	0	1.118691e-16	0	1.118691e-16	0	-504.0352	0	-504.0352	0	30832.04	77194.93	228.6612	8638.814	1.106061	1	0	0.4523841	1	2	0	0	
11228	1760.328	3.45e+19	0	0	100000	1.95578991	1.140862e-05	3.263171e+26	5.360012e+25	1.382777e+25	3.977235e+25	1.63935e+26	1.08782e+26	2.37068e+25	3.894026e+24	1.004582e+24	2.889444e+24	1.190981e+25	7.902968e+24	0.3333629	2.37068e+26	3.894026e+25	1.004582e+25	2.889444e+25	1.172522e+26	7.780073e+25	3.074825e+24	0	0	0	0	0	0	0	0	0	0	0	0	0	0	3.053994e+26	4.793665e+17	3.053994e+26	1.380572e+26	6.340381e+21	1.380509e+26	7.390943e+25	1.010436e+14	7.390943e+25	2.761145e+26	1.904625e+14	2.761145e+26	8.227654e+25	8.258151e+14	8.227654e+25	2.635638e+26	1.94756e+21	2.635619e+26	2.151521e+23	1.482867e-09	0.002938603	6.763727e+09	1.684148e+11	3.044816e+12	5.885253e-06	7.404022e-11	1.439691e-16	0.5007879	0.5	0.256061	1	47.64289	5.924635	10569.8	1.117189e+26	1.827432e+28	5.151575e+27	6.741065e+25	3.118866e+27	1.203261e+27	5.325573e+26	2.294797e+26	0.2188657	0	0.01920002	0.03560219	0.03560219	0.001424136	0.02670164	0	0	-0.04421009	0	1.122668e-16	0	1.122668e-16	0	-503.9833	0	-503.9833	0	30831.41	77194.93	229.2329	8638.638	1.106061	1	0	0.4523841	1	2	0	0	
11256	1760.328	3.45e+19	0	0	100000	1.95582982	1.140862e-05	3.271309e+26	5.360285e+25	1.382889e+25	3.977396e+25	1.644236e+26	1.091044e+26	2.376592e+25	3.894224e+24	1.004663e+24	2.889561e+24	1.194531e+25	7.926388e+24	0.3335191	2.376592e+26	3.894224e+25	1.004663e+25	2.889561e+25	1.176026e+26	7.803188e+25	3.082494e+24	0	0	0	0	0	0	0	0	0	0	0	0	0	0	3.061609e+26	4.842231e+17	3.061609e+26	1.384015e+26	6.350637e+21	1.383952e+26	7.409375e+25	1.01345e+14	7.409375e+25	2.76803e+26	1.910306e+14	2.76803e+26	8.248172e+25	8.282781e+14	8.248172e+25	2.642211e+26	1.953368e+21	2.642191e+26	2.151453e+23	1.482906e-09	0.00293874	6.742697e+09	1.694465e+11	3.058369e+12	5.894412e-06	7.427084e-11	1.446423e-16	0.5007858	0.5	0.2564584	1	47.7617	5.939409	10569.8	1.117189e+26	1.827432e+28	5.151575e+27	6.741065e+25	3.118866e+27	1.203261e+27	5.325573e+26	2.294797e+26	0.2188657	0	0.01918366	0.03560219	0.03560219	0.001424136	0.02670164	0	0	-0.04417018	0	1.126662e-16	0	1.126662e-16	0	-503.9313	0	-503.9313	0	30830.78	77194.93	229.8046	8638.462	1.106061	1	0	0.4523842	1	2	0	0	
11284	1760.328	3.45e+19	0	0	100000	1.95586973	1.140862e-05	3.279446e+26	5.360553e+25	1.382999e+25	3.977554e+25	1.649123e+26	1.094268e+26	2.382504e+25	3.894419e+24	1.004743e+24	2.889676e+24	1.198081e+25	7.949808e+24	0.3336745	2.382504e+26	3.894419e+25	1.004743e+25	2.889676e+25	1.17953e+26	7.826304e+25	3.090161e+24	0	0	0	0	0	0	0	0	0	0	0	0	0	0	3.069225e+26	4.891274e+17	3.069225e+26	1.387458e+26	6.360852e+21	1.387394e+26	7.427806e+25	1.016464e+14	7.427806e+25	2.774916e+26	1.915986e+14	2.774916e+26	8.26869e+25	8.307412e+14	8.26869e+25	2.648784e+26	1.959177e+21	2.648764e+26	2.151387e+23	1.482944e-09	0.002938875	6.721787e+09	1.704816e+11	3.071946e+12	5.90356e-06	7.450157e-11	1.453168e-16	0.5007837	0.5	0.2568554	1	47.88051	5.954184	10569.8	1.117189e+26	1.827432e+28	5.151575e+27	6.741065e+25	3.118866e+27	1.203261e+27	5.325573e+26	2.294797e+26	0.2188657	0	0.01916721	0.03560219	0.03560219	0.001424136	0.02670164	0	0	-0.04413027	0	1.130674e-16	0	1.130674e-16	0	-503.8793	0	-503.8793	0	30830.15	77194.93	230.3763	8638.286	1.106061	1	0	0.4523842	1	2	0	0	
11312	1760.328	3.45e+19	0	0	100000	1.95590964	1.140862e-05	3.287584e+26	5.360818e+25	1.383107e+25	3.97771e+25	1.654011e+26	1.097492e+26	2.388416e+25	3.894611e+24	1.004822e+24	2.88979e+24	1.201632e+25	7.973229e+24	0.3338292	2.388416e+26	3.894611e+25	1.004822e+25	2.88979e+25	1.183034e+26	7.84942e+25	3.097829e+24	0	0	0	0	0	0	0	0	0	0	0	0	0	0	3.076841e+26	4.940798e+17	3.076841e+26	1.390901e+26	6.371025e+21	1.390837e+26	7.446237e+25	1.019478e+14	7.446237e+25	2.781802e+26	1.921668e+14	2.781802e+26	8.289207e+25	8.332044e+14	8.289207e+25	2.655356e+26	1.964987e+21	2.655337e+26	2.151321e+23	1.482981e-09	0.002939008	6.700997e+09	1.715202e+11	3.085547e+12	5.912699e-06	7.473241e-11	1.459927e-16	0.5007817	0.5	0.257252	1	47.99932	5.968959	10569.8	1.117189e+26	1.827432e+28	5.151575e+27	6.741065e+25	3.118866e+27	1.203261e+27	5.325573e+26	2.294797e+26	0.2188657	0	0.01915069	0.03560219	0.03560219	0.001424136	0.02670164	0	0	-0.04409036	0	1.134703e-16	0	1.134703e-16	0	-503.8272	0	-503.8272	0	30829.52	77194.93	230.9479	8638.109	1.106061	1	0	0.4523842	1	2	0	0	
11340	1760.328	3.45e+19	0	0	100000	1.95594955	1.140862e-05	3.295722e+26	5.361078e+25	1.383214e+25	3.977864e+25	1.658898e+26	1.100715e+26	2.394328e+25	3.8948e+24	1.004899e+24	2.889901e+24	1.205183e+25	7.99665e+24	0.3339831	2.394328e+26	3.8948e+25	1.004899e+25	2.889901e+25	1.186539e+26	7.872537e+25	3.105497e+24	0	0	0	0	0	0	0	0	0	0	0	0	0	0	3.084457e+26	4.990808e+17	3.084457e+26	1.394344e+26	6.381157e+21	1.39428e+26	7.464668e+25	1.022492e+14	7.464668e+25	2.788687e+26	1.927349e+14	2.788687e+26	8.309725e+25	8.356679e+14	8.309725e+25	2.661929e+26	1.970796e+21	2.661909e+26	2.151256e+23	1.483018e-09	0.002939139	6.680325e+09	1.725623e+11	3.099172e+12	5.921828e-06	7.496336e-11	1.4667e-16	0.5007796	0.5	0.2576481	1	48.11813	5.983733	10569.8	1.117189e+26	1.827432e+28	5.151575e+27	6.741065e+25	3.118866e+27	1.203261e+27	5.325573e+26	2.294797e+26	0.2188657	0	0.01913408	0.03560219	0.03560219	0.001424136	0.02670164	0	0	-0.04405045	0	1.13875e-16	0	1.13875e-16	0	-503.7751	0	-503.7751	0	30828.89	77194.93	231.5196	8637.933	1.106061	1	0	0.4523842	1	2	0	0	
11368	1760.328	3.45e+19	0	0	100000	1.95598946	1.140862e-05	3.303859e+26	5.361335e+25	1.38332e+25	3.978015e+25	1.663786e+26	1.103939e+26	2.40024e+25	3.894987e+24	1.004976e+24	2.890011e+24	1.208734e+25	8.020072e+24	0.3341363	2.40024e+26	3.894987e+25	1.004976e+25	2.890011e+25	1.190044e+26	7.895654e+25	3.113165e+24	0	0	0	0	0	0	0	0	0	0	0	0	0	0	3.092073e+26	5.041323e+17	3.092073e+26	1.397787e+26	6.391244e+21	1.397723e+26	7.4831e+25	1.025506e+14	7.4831e+25	2.795573e+26	1.933032e+14	2.795573e+26	8.330243e+25	8.381316e+14	8.330243e+25	2.668502e+26	1.976606e+21	2.668482e+26	2.151191e+23	1.483055e-09	0.002939269	6.65977e+09	1.736078e+11	3.11282e+12	5.930948e-06	7.519442e-11	1.473487e-16	0.5007776	0.5	0.2580438	1	48.23694	5.998508	10569.8	1.117189e+26	1.827432e+28	5.151575e+27	6.741065e+25	3.118866e+27	1.203261e+27	5.325573e+26	2.294797e+26	0.2188657	0	0.01911739	0.03560219	0.03560219	0.001424136	0.02670164	0	0	-0.04401054	0	1.142815e-16	0	1.142815e-16	0	-503.723	0	-503.723	0	30828.27	77194.93	232.0913	8637.757	1.106061	1	0	0.4523842	1	2	0	0	
11396	1760.328	3.45e+19	0	0	100000	1.95602937	1.140862e-05	3.311997e+26	5.361588e+25	1.383424e+25	3.978164e+25	1.668675e+26	1.107163e+26	2.406151e+25	3.895171e+24	1.005051e+24	2.890119e+24	1.212285e+25	8.043494e+24	0.3342888	2.406151e+26	3.895171e+25	1.005051e+25	2.890119e+25	1.193549e+26	7.918771e+25	3.120833e+24	0	0	0	0	0	0	0	0	0	0	0	0	0	0	3.099689e+26	5.09232e+17	3.099689e+26	1.401229e+26	6.401293e+21	1.401165e+26	7.501531e+25	1.028521e+14	7.501531e+25	2.802459e+26	1.938714e+14	2.802459e+26	8.350761e+25	8.405953e+14	8.350761e+25	2.675074e+26	1.982417e+21	2.675054e+26	2.151128e+23	1.483091e-09	0.002939397	6.639331e+09	1.746568e+11	3.126493e+12	5.940058e-06	7.54256e-11	1.480287e-16	0.5007755	0.5	0.2584391	1	48.35575	6.013283	10569.8	1.117189e+26	1.827432e+28	5.151575e+27	6.741065e+25	3.118866e+27	1.203261e+27	5.325573e+26	2.294797e+26	0.2188657	0	0.01910063	0.03560219	0.03560219	0.001424136	0.02670164	0	0	-0.04397063	0	1.146897e-16	0	1.146897e-16	0	-503.6708	0	-503.6708	0	30827.64	77194.93	232.663	8637.581	1.106061	1	0	0.4523842	1	2	0	0	
11424	1760.328	3.45e+19	0	0	100000	1.95606928	1.140862e-05	3.320134e+26	5.361837e+25	1.383526e+25	3.978311e+25	1.673563e+26	1.110387e+26	2.412063e+25	3.895352e+24	1.005126e+24	2.890226e+24	1.215837e+25	8.066916e+24	0.3344405	2.412063e+26	3.895352e+25	1.005126e+25	2.890226e+25	1.197054e+26	7.941889e+25	3.1285e+24	0	0	0	0	0	0	0	0	0	0	0	0	0	0	3.107305e+26	5.143832e+17	3.107305e+26	1.404672e+26	6.411298e+21	1.404608e+26	7.519962e+25	1.031536e+14	7.519962e+25	2.809344e+26	1.944397e+14	2.809344e+26	8.371279e+25	8.430592e+14	8.371279e+25	2.681647e+26	1.988228e+21	2.681627e+26	2.151066e+23	1.483127e-09	0.002939523	6.619008e+09	1.757093e+11	3.140189e+12	5.949158e-06	7.565688e-11	1.487101e-16	0.5007735	0.5	0.258834	1	48.47456	6.028057	10569.8	1.117189e+26	1.827432e+28	5.151575e+27	6.741065e+25	3.118866e+27	1.203261e+27	5.325573e+26	2.294797e+26	0.2188657	0	0.01908379	0.03560219	0.03560219	0.001424136	0.02670164	0	0	-0.04393072	0	1.150998e-16	0	1.150998e-16	0	-503.6185	0	-503.6185	0	30827.01	77194.93	233.2347	8637.404	1.106061	1	0	0.4523843	1	2	0	0	
11452	1760.328	3.45e+19	0	0	100000	1.95610919	1.140862e-05	3.328272e+26	5.362083e+25	1.383627e+25	3.978455e+25	1.678452e+26	1.113611e+26	2.417975e+25	3.89553e+24	1.005199e+24	2.890331e+24	1.219388e+25	8.090339e+24	0.3345915	2.417975e+26	3.89553e+25	1.005199e+25	2.890331e+25	1.20056e+26	7.965007e+25	3.136168e+24	0	0	0	0	0	0	0	0	0	0	0	0	0	0	3.114921e+26	5.19585e+17	3.114921e+26	1.408115e+26	6.421262e+21	1.408051e+26	7.538394e+25	1.034551e+14	7.538394e+25	2.81623e+26	1.95008e+14	2.81623e+26	8.391797e+25	8.455234e+14	8.391797e+25	2.68822e+26	1.994039e+21	2.6882e+26	2.151004e+23	1.483162e-09	0.002939647	6.598799e+09	1.767652e+11	3.153908e+12	5.958248e-06	7.588827e-11	1.493928e-16	0.5007715	0.5	0.2592285	1	48.59337	6.042832	10569.8	1.117189e+26	1.827432e+28	5.151575e+27	6.741065e+25	3.118866e+27	1.203261e+27	5.325573e+26	2.294797e+26	0.2188657	0	0.01906688	0.03560219	0.03560219	0.001424136	0.02670164	0	0	-0.04389081	0	1.155117e-16	0	1.155117e-16	0	-503.5663	0	-503.5663	0	30826.38	77194.93	233.8063	8637.228	1.106061	1	0	0.4523843	1	2	0	0	
11480	1760.328	3.45e+19	0	0	100000	1.9561491	1.140862e-05	3.336409e+26	5.362324e+25	1.383727e+25	3.978598e+25	1.683341e+26	1.116836e+26	2.423887e+25	3.895706e+24	1.005272e+24	2.890434e+24	1.22294e+25	8.113762e+24	0.3347417	2.423887e+26	3.895706e+25	1.005272e+25	2.890434e+25	1.204066e+26	7.988125e+25	3.143837e+24	0	0	0	0	0	0	0	0	0	0	0	0	0	0	3.122537e+26	5.248379e+17	3.122537e+26	1.411558e+26	6.431185e+21	1.411494e+26	7.556825e+25	1.037566e+14	7.556825e+25	2.823116e+26	1.955764e+14	2.823116e+26	8.412314e+25	8.479877e+14	8.412314e+25	2.694792e+26	1.999851e+21	2.694772e+26	2.150943e+23	1.483196e-09	0.00293977	6.578704e+09	1.778246e+11	3.167652e+12	5.96733e-06	7.611977e-11	1.500769e-16	0.5007695	0.5	0.2596225	1	48.71218	6.057607	10569.8	1.117189e+26	1.827432e+28	5.151575e+27	6.741065e+25	3.118866e+27	1.203261e+27	5.325573e+26	2.294797e+26	0.2188657	0	0.01904989	0.03560219	0.03560219	0.001424136	0.02670164	0	0	-0.0438509	0	1.159253e-16	0	1.159253e-16	0	-503.5139	0	-503.5139	0	30825.75	77194.93	234.378	8637.052	1.106061	1	0	0.4523843	1	2	0	0	
11508	1760.328	3.45e+19	0	0	100000	1.95618901	1.140862e-05	3.344547e+26	5.362563e+25	1.383825e+25	3.978738e+25	1.688231e+26	1.12006e+26	2.429799e+25	3.895879e+24	1.005343e+24	2.890536e+24	1.226493e+25	8.137186e+24	0.3348913	2.429799e+26	3.895879e+25	1.005343e+25	2.890536e+25	1.207572e+26	8.011244e+25	3.151504e+24	0	0	0	0	0	0	0	0	0	0	0	0	0	0	3.130153e+26	5.301425e+17	3.130153e+26	1.415001e+26	6.441068e+21	1.414936e+26	7.575256e+25	1.040582e+14	7.575256e+25	2.830001e+26	1.961448e+14	2.830001e+26	8.432832e+25	8.504521e+14	8.432832e+25	2.701365e+26	2.005663e+21	2.701345e+26	2.150883e+23	1.48323e-09	0.002939891	6.558722e+09	1.788874e+11	3.181419e+12	5.976401e-06	7.635138e-11	1.507624e-16	0.5007675	0.5	0.2600162	1	48.83099	6.072381	10569.8	1.117189e+26	1.827432e+28	5.151575e+27	6.741065e+25	3.118866e+27	1.203261e+27	5.325573e+26	2.294797e+26	0.2188657	0	0.01903283	0.03560219	0.03560219	0.001424136	0.02670164	0	0	-0.04381099	0	1.163408e-16	0	1.163408e-16	0	-503.4616	0	-503.4616	0	30825.12	77194.93	234.9497	8636.876	1.106061	1	0	0.4523843	1	2	0	0	
11536	1760.328	3.45e+19	0	0	100000	1.95622892	1.140862e-05	3.352685e+26	5.362797e+25	1.383922e+25	3.978876e+25	1.693121e+26	1.123284e+26	2.435711e+25	3.896049e+24	1.005413e+24	2.890636e+24	1.230045e+25	8.160609e+24	0.3350401	2.435711e+26	3.896049e+25	1.005413e+25	2.890636e+25	1.211078e+26	8.034363e+25	3.159172e+24	0	0	0	0	0	0	0	0	0	0	0	0	0	0	3.137769e+26	5.354991e+17	3.137769e+26	1.418443e+26	6.450909e+21	1.418379e+26	7.593687e+25	1.043597e+14	7.593687e+25	2.836887e+26	1.967132e+14	2.836887e+26	8.45335e+25	8.529167e+14	8.45335e+25	2.707938e+26	2.011475e+21	2.707917e+26	2.150824e+23	1.483264e-09	0.002940011	6.538851e+09	1.799538e+11	3.195209e+12	5.985463e-06	7.658311e-11	1.514493e-16	0.5007655	0.5	0.2604094	1	48.9498	6.087156	10569.8	1.117189e+26	1.827432e+28	5.151575e+27	6.741065e+25	3.118866e+27	1.203261e+27	5.325573e+26	2.294797e+26	0.2188657	0	0.0190157	0.03560219	0.03560219	0.001424136	0.02670164	0	0	-0.04377108	0	1.167582e-16	0	1.167582e-16	0	-503.4092	0	-503.4092	0	30824.49	77194.93	235.5214	8636.7	1.106061	1	0	0.4523843	1	2	0	0	
11564	1760.328	3.45e+19	0	0	100000	1.95626883	1.140862e-05	3.360822e+26	5.363028e+25	1.384017e+25	3.979012e+25	1.698011e+26	1.126508e+26	2.441623e+25	3.896217e+24	1.005482e+24	2.890735e+24	1.233598e+25	8.184034e+24	0.3351883	2.441623e+26	3.896217e+25	1.005482e+25	2.890735e+25	1.214585e+26	8.057482e+25	3.16684e+24	0	0	0	0	0	0	0	0	0	0	0	0	0	0	3.145385e+26	5.4091e+17	3.145385e+26	1.421886e+26	6.460706e+21	1.421822e+26	7.612119e+25	1.046613e+14	7.612119e+25	2.843773e+26	1.972817e+14	2.843773e+26	8.473868e+25	8.553814e+14	8.473868e+25	2.71451e+26	2.017288e+21	2.71449e+26	2.150766e+23	1.483297e-09	0.002940129	6.519091e+09	1.810236e+11	3.209024e+12	5.994516e-06	7.681494e-11	1.521375e-16	0.5007635	0.5	0.2608022	1	49.06861	6.101931	10569.8	1.117189e+26	1.827432e+28	5.151575e+27	6.741065e+25	3.118866e+27	1.203261e+27	5.325573e+26	2.294797e+26	0.2188657	0	0.01899849	0.03560219	0.03560219	0.001424136	0.02670164	0	0	-0.04373117	0	1.171773e-16	0	1.171773e-16	0	-503.3567	0	-503.3567	0	30823.86	77194.93	236.0931	8636.523	1.106061	1	0	0.4523844	1	2	0	0	
11592	1760.328	3.45e+19	0	0	100000	1.95630874	1.140862e-05	3.36896e+26	5.363256e+25	1.384111e+25	3.979145e+25	1.702902e+26	1.129732e+26	2.447535e+25	3.896383e+24	1.005551e+24	2.890832e+24	1.237151e+25	8.207458e+24	0.3353357	2.447535e+26	3.896383e+25	1.005551e+25	2.890832e+25	1.218091e+26	8.080602e+25	3.174508e+24	0	0	0	0	0	0	0	0	0	0	0	0	0	0	3.153001e+26	5.463725e+17	3.153001e+26	1.425329e+26	6.470466e+21	1.425264e+26	7.63055e+25	1.049629e+14	7.63055e+25	2.850658e+26	1.978502e+14	2.850658e+26	8.494386e+25	8.578464e+14	8.494386e+25	2.721083e+26	2.023101e+21	2.721063e+26	2.150708e+23	1.48333e-09	0.002940245	6.49944e+09	1.820968e+11	3.222862e+12	6.003559e-06	7.704688e-11	1.528271e-16	0.5007616	0.5	0.2611946	1	49.18742	6.116705	10569.8	1.117189e+26	1.827432e+28	5.151575e+27	6.741065e+25	3.118866e+27	1.203261e+27	5.325573e+26	2.294797e+26	0.2188657	0	0.01898122	0.03560219	0.03560219	0.001424136	0.02670164	0	0	-0.04369126	0	1.175984e-16	0	1.175984e-16	0	-503.3042	0	-503.3042	0	30823.23	77194.93	236.6648	8636.347	1.106061	1	0	0.4523844	1	2	0	0	
11620	1760.328	3.45e+19	0	0	100000	1.95634865	1.140862e-05	3.377097e+26	5.36348e+25	1.384203e+25	3.979277e+25	1.707793e+26	1.132957e+26	2.453447e+25	3.896546e+24	1.005618e+24	2.890928e+24	1.240704e+25	8.230882e+24	0.3354824	2.453447e+26	3.896546e+25	1.005618e+25	2.890928e+25	1.221598e+26	8.103722e+25	3.182175e+24	0	0	0	0	0	0	0	0	0	0	0	0	0	0	3.160617e+26	5.518904e+17	3.160617e+26	1.428772e+26	6.480183e+21	1.428707e+26	7.648981e+25	1.052646e+14	7.648981e+25	2.857544e+26	1.984187e+14	2.857544e+26	8.514904e+25	8.603114e+14	8.514904e+25	2.727656e+26	2.028915e+21	2.727635e+26	2.150651e+23	1.483362e-09	0.00294036	6.479899e+09	1.831736e+11	3.236723e+12	6.012593e-06	7.727892e-11	1.53518e-16	0.5007596	0.5	0.2615867	1	49.30623	6.13148	10569.8	1.117189e+26	1.827432e+28	5.151575e+27	6.741065e+25	3.118866e+27	1.203261e+27	5.325573e+26	2.294797e+26	0.2188657	0	0.01896389	0.03560219	0.03560219	0.001424136	0.02670164	0	0	-0.04365135	0	1.180213e-16	0	1.180213e-16	0	-503.2517	0	-503.2517	0	30822.61	77194.93	237.2364	8636.171	1.106061	1	0	0.4523844	1	2	0	0	
11648	1760.328	3.45e+19	0	0	100000	1.95638856	1.140862e-05	3.385235e+26	5.363701e+25	1.384295e+25	3.979407e+25	1.712684e+26	1.136181e+26	2.459359e+25	3.896706e+24	1.005684e+24	2.891022e+24	1.244257e+25	8.254307e+24	0.3356284	2.459359e+26	3.896706e+25	1.005684e+25	2.891022e+25	1.225105e+26	8.126842e+25	3.189843e+24	0	0	0	0	0	0	0	0	0	0	0	0	0	0	3.168233e+26	5.574625e+17	3.168233e+26	1.432215e+26	6.489858e+21	1.43215e+26	7.667412e+25	1.055662e+14	7.667412e+25	2.86443e+26	1.989873e+14	2.86443e+26	8.535421e+25	8.627766e+14	8.535421e+25	2.734228e+26	2.034729e+21	2.734208e+26	2.150595e+23	1.483394e-09	0.002940473	6.460466e+09	1.842538e+11	3.250608e+12	6.021618e-06	7.751108e-11	1.542103e-16	0.5007577	0.5	0.2619783	1	49.42504	6.146255	10569.8	1.117189e+26	1.827432e+28	5.151575e+27	6.741065e+25	3.118866e+27	1.203261e+27	5.325573e+26	2.294797e+26	0.2188657	0	0.01894648	0.03560219	0.03560219	0.001424136	0.02670164	0	0	-0.04361144	0	1.18446e-16	0	1.18446e-16	0	-503.1991	0	-503.1991	0	30821.98	77194.93	237.8081	8635.995	1.106061	1	0	0.4523844	1	2	0	0	
11676	1760.328	3.45e+19	0	0	100000	1.95642847	1.140862e-05	3.393373e+26	5.363919e+25	1.384385e+25	3.979534e+25	1.717575e+26	1.139406e+26	2.465271e+25	3.896864e+24	1.00575e+24	2.891115e+24	1.247811e+25	8.277732e+24	0.3357738	2.465271e+26	3.896864e+25	1.00575e+25	2.891115e+25	1.228613e+26	8.149963e+25	3.197512e+24	0	0	0	0	0	0	0	0	0	0	0	0	0	0	3.175849e+26	5.630894e+17	3.175849e+26	1.435658e+26	6.499493e+21	1.435593e+26	7.685844e+25	1.058679e+14	7.685844e+25	2.871315e+26	1.995559e+14	2.871315e+26	8.555939e+25	8.65242e+14	8.555939e+25	2.740801e+26	2.040543e+21	2.74078e+26	2.15054e+23	1.483426e-09	0.002940584	6.44114e+09	1.853375e+11	3.264517e+12	6.030633e-06	7.774334e-11	1.54904e-16	0.5007557	0.5	0.2623695	1	49.54385	6.161029	10569.8	1.117189e+26	1.827432e+28	5.151575e+27	6.741065e+25	3.118866e+27	1.203261e+27	5.325573e+26	2.294797e+26	0.2188657	0	0.01892901	0.03560219	0.03560219	0.001424136	0.02670164	0	0	-0.04357153	0	1.188727e-16	0	1.188727e-16	0	-503.1465	0	-503.1465	0	30821.35	77194.93	238.3798	8635.819	1.106061	1	0	0.4523844	1	2	0	0	
11704	1760.328	3.45e+19	0	0	100000	1.95646838	1.140862e-05	3.40151e+26	5.364133e+25	1.384473e+25	3.97966e+25	1.722467e+26	1.14263e+26	2.471183e+25	3.89702e+24	1.005814e+24	2.891206e+24	1.251365e+25	8.301158e+24	0.3359184	2.471183e+26	3.89702e+25	1.005814e+25	2.891206e+25	1.23212e+26	8.173083e+25	3.20518e+24	0	0	0	0	0	0	0	0	0	0	0	0	0	0	3.183465e+26	5.687717e+17	3.183465e+26	1.4391e+26	6.509088e+21	1.439035e+26	7.704275e+25	1.061695e+14	7.704275e+25	2.878201e+26	2.001245e+14	2.878201e+26	8.576457e+25	8.677075e+14	8.576457e+25	2.747374e+26	2.046358e+21	2.747353e+26	2.150485e+23	1.483457e-09	0.002940695	6.42192e+09	1.864247e+11	3.278449e+12	6.039639e-06	7.797572e-11	1.55599e-16	0.5007538	0.5	0.2627603	1	49.66266	6.175804	10569.8	1.117189e+26	1.827432e+28	5.151575e+27	6.741065e+25	3.118866e+27	1.203261e+27	5.325573e+26	2.294797e+26	0.2188657	0	0.01891148	0.03560219	0.03560219	0.001424136	0.02670164	0	0	-0.04353162	0	1.193012e-16	0	1.193012e-16	0	-503.0938	0	-503.0938	0	30820.72	77194.93	238.9515	8635.643	1.106061	1	0	0.4523844	1	2	0	0	
11732	1760.328	3.45e+19	0	0	100000	1.95650829	1.140862e-05	3.409648e+26	5.364344e+25	1.384561e+25	3.979784e+25	1.727359e+26	1.145854e+26	2.477094e+25	3.897173e+24	1.005877e+24	2.891296e+24	1.254919e+25	8.324583e+24	0.3360624	2.477094e+26	3.897173e+25	1.005877e+25	2.891296e+25	1.235628e+26	8.196204e+25	3.212847e+24	0	0	0	0	0	0	0	0	0	0	0	0	0	0	3.191081e+26	5.745115e+17	3.191081e+26	1.442543e+26	6.518639e+21	1.442478e+26	7.722706e+25	1.064712e+14	7.722706e+25	2.885087e+26	2.006932e+14	2.885087e+26	8.596975e+25	8.701732e+14	8.596975e+25	2.753946e+26	2.052173e+21	2.753926e+26	2.150432e+23	1.483488e-09	0.002940803	6.402806e+09	1.875154e+11	3.292404e+12	6.048636e-06	7.82082e-11	1.562954e-16	0.5007519	0.5	0.2631507	1	49.78147	6.190579	10569.8	1.117189e+26	1.827432e+28	5.151575e+27	6.741065e+25	3.118866e+27	1.203261e+27	5.325573e+26	2.294797e+26	0.2188657	0	0.01889388	0.03560219	0.03560219	0.001424136	0.02670164	0	0	-0.04349171	0	1.197316e-16	0	1.197316e-16	0	-503.0411	0	-503.0411	0	30820.09	77194.93	239.5232	8635.466	1.106061	1	0	0.4523845	1	2	0	0	
11760	1760.328	3.45e+19	0	0	100000	1.9565482	1.140862e-05	3.417785e+26	5.364552e+25	1.384647e+25	3.979905e+25	1.732251e+26	1.149079e+26	2.483006e+25	3.897324e+24	1.00594e+24	2.891384e+24	1.258473e+25	8.348009e+24	0.3362057	2.483006e+26	3.897324e+25	1.00594e+25	2.891384e+25	1.239136e+26	8.219325e+25	3.220515e+24	0	0	0	0	0	0	0	0	0	0	0	0	0	0	3.198696e+26	5.803064e+17	3.198696e+26	1.445986e+26	6.528153e+21	1.445921e+26	7.741138e+25	1.067729e+14	7.741138e+25	2.891972e+26	2.012619e+14	2.891972e+26	8.617493e+25	8.726389e+14	8.617493e+25	2.760519e+26	2.057988e+21	2.760498e+26	2.150379e+23	1.483518e-09	0.002940911	6.383796e+09	1.886095e+11	3.306383e+12	6.057623e-06	7.844078e-11	1.569931e-16	0.50075	0.5	0.2635407	1	49.90028	6.205353	10569.8	1.117189e+26	1.827432e+28	5.151575e+27	6.741065e+25	3.118866e+27	1.203261e+27	5.325573e+26	2.294797e+26	0.2188657	0	0.01887622	0.03560219	0.03560219	0.001424136	0.02670164	0	0	-0.0434518	0	1.20164e-16	0	1.20164e-16	0	-502.9884	0	-502.9884	0	30819.46	77194.93	240.0949	8635.29	1.106061	1	0	0.4523845	1	2	0	0	
11788	1760.328	3.45e+19	0	0	100000	1.95658811	1.140862e-05	3.425923e+26	5.364757e+25	1.384732e+25	3.980025e+25	1.737144e+26	1.152303e+26	2.488918e+25	3.897473e+24	1.006002e+24	2.891471e+24	1.262028e+25	8.371434e+24	0.3363483	2.488918e+26	3.897473e+25	1.006002e+25	2.891471e+25	1.242645e+26	8.242446e+25	3.228184e+24	0	0	0	0	0	0	0	0	0	0	0	0	0	0	3.206312e+26	5.861598e+17	3.206312e+26	1.449429e+26	6.537624e+21	1.449364e+26	7.759569e+25	1.070747e+14	7.759569e+25	2.898858e+26	2.018307e+14	2.898858e+26	8.638011e+25	8.751049e+14	8.638011e+25	2.767092e+26	2.063804e+21	2.767071e+26	2.150326e+23	1.483548e-09	0.002941016	6.364891e+09	1.897072e+11	3.320386e+12	6.066601e-06	7.867348e-11	1.576922e-16	0.5007481	0.5	0.2639303	1	50.01909	6.220128	10569.8	1.117189e+26	1.827432e+28	5.151575e+27	6.741065e+25	3.118866e+27	1.203261e+27	5.325573e+26	2.294797e+26	0.2188657	0	0.0188585	0.03560219	0.03560219	0.001424136	0.02670164	0	0	-0.04341189	0	1.205983e-16	0	1.205983e-16	0	-502.9356	0	-502.9356	0	30818.83	77194.93	240.6665	8635.114	1.106061	1	0	0.4523845	1	2	0	0	
11816	1760.328	3.45e+19	0	0	100000	1.95662802	1.140862e-05	3.43406e+26	5.364959e+25	1.384815e+25	3.980144e+25	1.742037e+26	1.155528e+26	2.49483e+25	3.89762e+24	1.006063e+24	2.891557e+24	1.265582e+25	8.39486e+24	0.3364902	2.49483e+26	3.89762e+25	1.006063e+25	2.891557e+25	1.246153e+26	8.265568e+25	3.235851e+24	0	0	0	0	0	0	0	0	0	0	0	0	0	0	3.213928e+26	5.920709e+17	3.213928e+26	1.452872e+26	6.547054e+21	1.452806e+26	7.778e+25	1.073764e+14	7.778e+25	2.905743e+26	2.023995e+14	2.905743e+26	8.658528e+25	8.77571e+14	8.658528e+25	2.773664e+26	2.06962e+21	2.773644e+26	2.150275e+23	1.483577e-09	0.002941121	6.346088e+09	1.908083e+11	3.334412e+12	6.075571e-06	7.890628e-11	1.583927e-16	0.5007462	0.5	0.2643195	1	50.1379	6.234902	10569.8	1.117189e+26	1.827432e+28	5.151575e+27	6.741065e+25	3.118866e+27	1.203261e+27	5.325573e+26	2.294797e+26	0.2188657	0	0.01884072	0.03560219	0.03560219	0.001424136	0.02670164	0	0	-0.04337198	0	1.210345e-16	0	1.210345e-16	0	-502.8827	0	-502.8827	0	30818.21	77194.93	241.2382	8634.938	1.106061	1	0	0.4523845	1	2	0	0	
11844	1760.328	3.45e+19	0	0	100000	1.95666793	1.140862e-05	3.442198e+26	5.365158e+25	1.384898e+25	3.98026e+25	1.74693e+26	1.158752e+26	2.500742e+25	3.897764e+24	1.006122e+24	2.891642e+24	1.269137e+25	8.418286e+24	0.3366315	2.500742e+26	3.897764e+25	1.006122e+25	2.891642e+25	1.249662e+26	8.288689e+25	3.243519e+24	0	0	0	0	0	0	0	0	0	0	0	0	0	0	3.221544e+26	5.980419e+17	3.221544e+26	1.456315e+26	6.556441e+21	1.456249e+26	7.796431e+25	1.076782e+14	7.796431e+25	2.912629e+26	2.029683e+14	2.912629e+26	8.679046e+25	8.800373e+14	8.679046e+25	2.780237e+26	2.075436e+21	2.780216e+26	2.150224e+23	1.483606e-09	0.002941224	6.327388e+09	1.919129e+11	3.348461e+12	6.084531e-06	7.913919e-11	1.590945e-16	0.5007443	0.5	0.2647083	1	50.25671	6.249677	10569.8	1.117189e+26	1.827432e+28	5.151575e+27	6.741065e+25	3.118866e+27	1.203261e+27	5.325573e+26	2.294797e+26	0.2188657	0	0.01882288	0.03560219	0.03560219	0.001424136	0.02670164	0	0	-0.04333207	0	1.214726e-16	0	1.214726e-16	0	-502.8298	0	-502.8298	0	30817.58	77194.93	241.8099	8634.762	1.106061	1	0	0.4523845	1	2	0	0	
11872	1760.328	3.45e+19	0	0	100000	1.95670784	1.140862e-05	3.450336e+26	5.365354e+25	1.384979e+25	3.980374e+25	1.751823e+26	1.161977e+26	2.506654e+25	3.897906e+24	1.006182e+24	2.891725e+24	1.272692e+25	8.441713e+24	0.3367721	2.506654e+26	3.897906e+25	1.006182e+25	2.891725e+25	1.253171e+26	8.311811e+25	3.251187e+24	0	0	0	0	0	0	0	0	0	0	0	0	0	0	3.22916e+26	6.040702e+17	3.22916e+26	1.459757e+26	6.565792e+21	1.459692e+26	7.814863e+25	1.0798e+14	7.814863e+25	2.919515e+26	2.035371e+14	2.919515e+26	8.699564e+25	8.825037e+14	8.699564e+25	2.78681e+26	2.081253e+21	2.786789e+26	2.150173e+23	1.483635e-09	0.002941325	6.308789e+09	1.930211e+11	3.362534e+12	6.093482e-06	7.93722e-11	1.597977e-16	0.5007425	0.5	0.2650968	1	50.37552	6.264452	10569.8	1.117189e+26	1.827432e+28	5.151575e+27	6.741065e+25	3.118866e+27	1.203261e+27	5.325573e+26	2.294797e+26	0.2188657	0	0.01880499	0.03560219	0.03560219	0.001424136	0.02670164	0	0	-0.04329216	0	1.219127e-16	0	1.219127e-16	0	-502.7769	0	-502.7769	0	30816.95	77194.93	242.3816	8634.586	1.106061	1	0	0.4523846	1	2	0	0	
11900	1760.328	3.45e+19	0	0	100000	1.95674775	1.140862e-05	3.458473e+26	5.365546e+25	1.385059e+25	3.980487e+25	1.756717e+26	1.165201e+26	2.512566e+25	3.898046e+24	1.00624e+24	2.891807e+24	1.276247e+25	8.465139e+24	0.3369121	2.512566e+26	3.898046e+25	1.00624e+25	2.891807e+25	1.25668e+26	8.334932e+25	3.258854e+24	0	0	0	0	0	0	0	0	0	0	0	0	0	0	3.236776e+26	6.101595e+17	3.236776e+26	1.4632e+26	6.575099e+21	1.463134e+26	7.833294e+25	1.082818e+14	7.833294e+25	2.9264e+26	2.04106e+14	2.9264e+26	8.720082e+25	8.849702e+14	8.720082e+25	2.793382e+26	2.08707e+21	2.793361e+26	2.150124e+23	1.483663e-09	0.002941426	6.29029e+09	1.941327e+11	3.37663e+12	6.102424e-06	7.960533e-11	1.605022e-16	0.5007406	0.5	0.2654848	1	50.49433	6.279226	10569.8	1.117189e+26	1.827432e+28	5.151575e+27	6.741065e+25	3.118866e+27	1.203261e+27	5.325573e+26	2.294797e+26	0.2188657	0	0.01878704	0.03560219	0.03560219	0.001424136	0.02670164	0	0	-0.04325225	0	1.223548e-16	0	1.223548e-16	0	-502.7239	0	-502.7239	0	30816.32	77194.93	242.9533	8634.41	1.106061	1	0	0.4523846	1	2	0	0	
11928	1760.328	3.45e+19	0	0	100000	1.95678766	1.140862e-05	3.466611e+26	5.365736e+25	1.385138e+25	3.980598e+25	1.761611e+26	1.168426e+26	2.518478e+25	3.898184e+24	1.006297e+24	2.891887e+24	1.279803e+25	8.488565e+24	0.3370514	2.518478e+26	3.898184e+25	1.006297e+25	2.891887e+25	1.260189e+26	8.358054e+25	3.266522e+24	0	0	0	0	0	0	0	0	0	0	0	0	0	0	3.244392e+26	6.163089e+17	3.244392e+26	1.466643e+26	6.584367e+21	1.466577e+26	7.851725e+25	1.085836e+14	7.851725e+25	2.933286e+26	2.046749e+14	2.933286e+26	8.7406e+25	8.874369e+14	8.7406e+25	2.799955e+26	2.092887e+21	2.799934e+26	2.150075e+23	1.483691e-09	0.002941525	6.271891e+09	1.952478e+11	3.390749e+12	6.111356e-06	7.983855e-11	1.612081e-16	0.5007387	0.5	0.2658724	1	50.61314	6.294001	10569.8	1.117189e+26	1.827432e+28	5.151575e+27	6.741065e+25	3.118866e+27	1.203261e+27	5.325573e+26	2.294797e+26	0.2188657	0	0.01876903	0.03560219	0.03560219	0.001424136	0.02670164	0	0	-0.04321234	0	1.227989e-16	0	1.227989e-16	0	-502.6709	0	-502.6709	0	30815.69	77194.93	243.525	8634.234	1.106061	1	0	0.4523846	1	2	0	0	
11956	1760.328	3.45e+19	0	0	100000	1.95682757	1.140862e-05	3.474748e+26	5.365923e+25	1.385216e+25	3.980707e+25	1.766505e+26	1.171651e+26	2.52439e+25	3.89832e+24	1.006354e+24	2.891967e+24	1.283359e+25	8.511992e+24	0.3371901	2.52439e+26	3.89832e+25	1.006354e+25	2.891967e+25	1.263698e+26	8.381176e+25	3.274191e+24	0	0	0	0	0	0	0	0	0	0	0	0	0	0	3.252008e+26	6.22519e+17	3.252008e+26	1.470086e+26	6.593594e+21	1.47002e+26	7.870157e+25	1.088854e+14	7.870157e+25	2.940172e+26	2.052438e+14	2.940172e+26	8.761118e+25	8.899037e+14	8.761118e+25	2.806528e+26	2.098705e+21	2.806507e+26	2.150026e+23	1.483719e-09	0.002941622	6.253592e+09	1.963664e+11	3.404891e+12	6.12028e-06	8.007189e-11	1.619153e-16	0.5007369	0.5	0.2662597	1	50.73195	6.308776	10569.8	1.117189e+26	1.827432e+28	5.151575e+27	6.741065e+25	3.118866e+27	1.203261e+27	5.325573e+26	2.294797e+26	0.2188657	0	0.01875097	0.03560219	0.03560219	0.001424136	0.02670164	0	0	-0.04317243	0	1.232449e-16	0	1.232449e-16	0	-502.6179	0	-502.6179	0	30815.06	77194.93	244.0966	8634.057	1.106061	1	0	0.4523846	1	2	0	0	
11984	1760.328	3.45e+19	0	0	100000	1.95686748	1.140862e-05	3.482886e+26	5.366108e+25	1.385293e+25	3.980815e+25	1.7714e+26	1.174875e+26	2.530302e+25	3.898454e+24	1.006409e+24	2.892045e+24	1.286915e+25	8.535418e+24	0.3373281	2.530302e+26	3.898454e+25	1.006409e+25	2.892045e+25	1.267208e+26	8.404298e+25	3.281858e+24	0	0	0	0	0	0	0	0	0	0	0	0	0	0	3.259624e+26	6.287904e+17	3.259624e+26	1.473529e+26	6.602783e+21	1.473463e+26	7.888588e+25	1.091873e+14	7.888588e+25	2.947057e+26	2.058128e+14	2.947057e+26	8.781636e+25	8.923706e+14	8.781636e+25	2.8131e+26	2.104523e+21	2.813079e+26	2.149979e+23	1.483746e-09	0.002941719	6.23539e+09	1.974885e+11	3.419057e+12	6.129195e-06	8.030533e-11	1.626239e-16	0.5007351	0.5	0.2666465	1	50.85076	6.32355	10569.8	1.117189e+26	1.827432e+28	5.151575e+27	6.741065e+25	3.118866e+27	1.203261e+27	5.325573e+26	2.294797e+26	0.2188657	0	0.01873286	0.03560219	0.03560219	0.001424136	0.02670164	0	0	-0.04313252	0	1.236929e-16	0	1.236929e-16	0	-502.5648	0	-502.5648	0	30814.43	77194.93	244.6683	8633.881	1.106061	1	0	0.4523846	1	2	0	0	
12012	1760.328	3.45e+19	0	0	100000	1.95690739	1.140862e-05	3.491024e+26	5.366289e+25	1.385369e+25	3.98092e+25	1.776295e+26	1.1781e+26	2.536214e+25	3.898586e+24	1.006464e+24	2.892122e+24	1.290471e+25	8.558845e+24	0.3374654	2.536214e+26	3.898586e+25	1.006464e+25	2.892122e+25	1.270718e+26	8.42742e+25	3.289526e+24	0	0	0	0	0	0	0	0	0	0	0	0	0	0	3.26724e+26	6.351254e+17	3.26724e+26	1.476971e+26	6.611928e+21	1.476905e+26	7.907019e+25	1.094892e+14	7.907019e+25	2.953943e+26	2.063818e+14	2.953943e+26	8.802153e+25	8.948377e+14	8.802153e+25	2.819673e+26	2.110341e+21	2.819652e+26	2.149932e+23	1.483772e-09	0.002941814	6.217287e+09	1.986141e+11	3.433246e+12	6.138101e-06	8.053887e-11	1.633338e-16	0.5007333	0.5	0.267033	1	50.96957	6.338325	10569.8	1.117189e+26	1.827432e+28	5.151575e+27	6.741065e+25	3.118866e+27	1.203261e+27	5.325573e+26	2.294797e+26	0.2188657	0	0.01871469	0.03560219	0.03560219	0.001424136	0.02670164	0	0	-0.04309261	0	1.24143e-16	0	1.24143e-16	0	-502.5116	0	-502.5116	0	30813.81	77194.93	245.24	8633.705	1.106061	1	0	0.4523847	1	2	0	0	
12040	1760.328	3.45e+19	0	0	100000	1.9569473	1.140862e-05	3.499161e+26	5.366468e+25	1.385443e+25	3.981025e+25	1.78119e+26	1.181324e+26	2.542126e+25	3.898716e+24	1.006519e+24	2.892197e+24	1.294027e+25	8.582271e+24	0.3376022	2.542126e+26	3.898716e+25	1.006519e+25	2.892197e+25	1.274228e+26	8.450542e+25	3.297194e+24	0	0	0	0	0	0	0	0	0	0	0	0	0	0	3.274856e+26	6.41523e+17	3.274856e+26	1.480414e+26	6.621033e+21	1.480348e+26	7.92545e+25	1.097911e+14	7.92545e+25	2.960829e+26	2.069509e+14	2.960829e+26	8.822671e+25	8.973048e+14	8.822671e+25	2.826246e+26	2.11616e+21	2.826224e+26	2.149885e+23	1.483799e-09	0.002941908	6.199279e+09	1.997432e+11	3.447459e+12	6.146999e-06	8.077252e-11	1.640451e-16	0.5007314	0.5	0.2674191	1	51.08838	6.3531	10569.8	1.117189e+26	1.827432e+28	5.151575e+27	6.741065e+25	3.118866e+27	1.203261e+27	5.325573e+26	2.294797e+26	0.2188657	0	0.01869648	0.03560219	0.03560219	0.001424136	0.02670164	0	0	-0.0430527	0	1.24595e-16	0	1.24595e-16	0	-502.4584	0	-502.4584	0	30813.18	77194.93	245.8117	8633.529	1.106061	1	0	0.4523847	1	2	0	0	
12068	1760.328	3.45e+19	0	0	100000	1.95698721	1.140862e-05	3.507299e+26	5.366644e+25	1.385517e+25	3.981127e+25	1.786085e+26	1.184549e+26	2.548038e+25	3.898844e+24	1.006572e+24	2.892272e+24	1.297583e+25	8.605698e+24	0.3377383	2.548038e+26	3.898844e+25	1.006572e+25	2.892272e+25	1.277738e+26	8.473664e+25	3.304862e+24	0	0	0	0	0	0	0	0	0	0	0	0	0	0	3.282472e+26	6.479837e+17	3.282472e+26	1.483857e+26	6.630099e+21	1.483791e+26	7.943882e+25	1.10093e+14	7.943882e+25	2.967714e+26	2.075199e+14	2.967714e+26	8.843189e+25	8.997722e+14	8.843189e+25	2.832818e+26	2.121979e+21	2.832797e+26	2.149839e+23	1.483825e-09	0.002942	6.181368e+09	2.008758e+11	3.461694e+12	6.155887e-06	8.100628e-11	1.647577e-16	0.5007296	0.5	0.2678048	1	51.20719	6.367874	10569.8	1.117189e+26	1.827432e+28	5.151575e+27	6.741065e+25	3.118866e+27	1.203261e+27	5.325573e+26	2.294797e+26	0.2188657	0	0.01867821	0.03560219	0.03560219	0.001424136	0.02670164	0	0	-0.04301279	0	1.250491e-16	0	1.250491e-16	0	-502.4052	0	-502.4052	0	30812.55	77194.93	246.3834	8633.353	1.106061	1	0	0.4523847	1	2	0	0	
12096	1760.328	3.45e+19	0	0	100000	1.95702712	1.140862e-05	3.515436e+26	5.366817e+25	1.385589e+25	3.981228e+25	1.790981e+26	1.187774e+26	2.553949e+25	3.89897e+24	1.006624e+24	2.892345e+24	1.30114e+25	8.629125e+24	0.3378737	2.553949e+26	3.89897e+25	1.006624e+25	2.892345e+25	1.281249e+26	8.496786e+25	3.31253e+24	0	0	0	0	0	0	0	0	0	0	0	0	0	0	3.290088e+26	6.545083e+17	3.290088e+26	1.4873e+26	6.639126e+21	1.487234e+26	7.962313e+25	1.103949e+14	7.962313e+25	2.9746e+26	2.08089e+14	2.9746e+26	8.863707e+25	9.022396e+14	8.863707e+25	2.839391e+26	2.127798e+21	2.83937e+26	2.149794e+23	1.483851e-09	0.002942092	6.163552e+09	2.020119e+11	3.475953e+12	6.164766e-06	8.124014e-11	1.654717e-16	0.5007278	0.5	0.2681902	1	51.326	6.382649	10569.8	1.117189e+26	1.827432e+28	5.151575e+27	6.741065e+25	3.118866e+27	1.203261e+27	5.325573e+26	2.294797e+26	0.2188657	0	0.0186599	0.03560219	0.03560219	0.001424136	0.02670164	0	0	-0.04297288	0	1.255052e-16	0	1.255052e-16	0	-502.3519	0	-502.3519	0	30811.92	77194.93	246.9551	8633.177	1.106061	1	0	0.4523847	1	2	0	0	
12124	1760.328	3.45e+19	0	0	100000	1.95706703	1.140862e-05	3.523574e+26	5.366988e+25	1.38566e+25	3.981327e+25	1.795877e+26	1.190998e+26	2.559861e+25	3.899094e+24	1.006676e+24	2.892417e+24	1.304697e+25	8.652551e+24	0.3380086	2.559861e+26	3.899094e+25	1.006676e+25	2.892417e+25	1.284759e+26	8.519909e+25	3.320199e+24	0	0	0	0	0	0	0	0	0	0	0	0	0	0	3.297704e+26	6.610973e+17	3.297704e+26	1.490743e+26	6.648114e+21	1.490676e+26	7.980744e+25	1.106968e+14	7.980744e+25	2.981486e+26	2.086582e+14	2.981486e+26	8.884225e+25	9.047072e+14	8.884225e+25	2.845964e+26	2.133617e+21	2.845942e+26	2.14975e+23	1.483876e-09	0.002942182	6.145831e+09	2.031515e+11	3.490235e+12	6.173637e-06	8.147411e-11	1.66187e-16	0.5007261	0.5	0.2685751	1	51.44481	6.397424	10569.8	1.117189e+26	1.827432e+28	5.151575e+27	6.741065e+25	3.118866e+27	1.203261e+27	5.325573e+26	2.294797e+26	0.2188657	0	0.01864154	0.03560219	0.03560219	0.001424136	0.02670164	0	0	-0.04293297	0	1.259634e-16	0	1.259634e-16	0	-502.2986	0	-502.2986	0	30811.29	77194.93	247.5268	8633.001	1.106061	1	0	0.4523847	1	2	0	0	
12152	1760.328	3.45e+19	0	0	100000	1.95710694	1.140862e-05	3.531711e+26	5.367156e+25	1.385731e+25	3.981425e+25	1.800773e+26	1.194223e+26	2.565773e+25	3.899216e+24	1.006727e+24	2.892488e+24	1.308254e+25	8.675978e+24	0.3381428	2.565773e+26	3.899216e+25	1.006727e+25	2.892488e+25	1.28827e+26	8.543031e+25	3.327866e+24	0	0	0	0	0	0	0	0	0	0	0	0	0	0	3.30532e+26	6.677532e+17	3.30532e+26	1.494186e+26	6.657059e+21	1.494119e+26	7.999176e+25	1.109988e+14	7.999176e+25	2.988371e+26	2.092273e+14	2.988371e+26	8.904743e+25	9.07175e+14	8.904743e+25	2.852536e+26	2.139437e+21	2.852515e+26	2.149706e+23	1.483901e-09	0.002942271	6.128203e+09	2.042947e+11	3.50454e+12	6.182499e-06	8.170818e-11	1.669037e-16	0.5007243	0.5	0.2689597	1	51.56362	6.412198	10569.8	1.117189e+26	1.827432e+28	5.151575e+27	6.741065e+25	3.118866e+27	1.203261e+27	5.325573e+26	2.294797e+26	0.2188657	0	0.01862313	0.03560219	0.03560219	0.001424136	0.02670164	0	0	-0.04289306	0	1.264236e-16	0	1.264236e-16	0	-502.2452	0	-502.2452	0	30810.66	77194.93	248.0984	8632.825	1.106061	1	0	0.4523848	1	2	0	0	
12180	1760.328	3.45e+19	0	0	100000	1.95714685	1.140862e-05	3.539849e+26	5.367322e+25	1.3858e+25	3.981522e+25	1.805669e+26	1.197447e+26	2.571685e+25	3.899336e+24	1.006778e+24	2.892558e+24	1.311811e+25	8.699405e+24	0.3382764	2.571685e+26	3.899336e+25	1.006778e+25	2.892558e+25	1.291781e+26	8.566153e+25	3.335534e+24	0	0	0	0	0	0	0	0	0	0	0	0	0	0	3.312936e+26	6.74475e+17	3.312936e+26	1.497628e+26	6.665964e+21	1.497562e+26	8.017607e+25	1.113007e+14	8.017607e+25	2.995257e+26	2.097965e+14	2.995257e+26	8.92526e+25	9.096429e+14	8.92526e+25	2.859109e+26	2.145257e+21	2.859087e+26	2.149662e+23	1.483926e-09	0.002942359	6.110668e+09	2.054413e+11	3.518868e+12	6.191352e-06	8.194235e-11	1.676217e-16	0.5007225	0.5	0.2693439	1	51.68243	6.426973	10569.8	1.117189e+26	1.827432e+28	5.151575e+27	6.741065e+25	3.118866e+27	1.203261e+27	5.325573e+26	2.294797e+26	0.2188657	0	0.01860468	0.03560219	0.03560219	0.001424136	0.02670164	0	0	-0.04285315	0	1.268859e-16	0	1.268859e-16	0	-502.1918	0	-502.1918	0	30810.04	77194.93	248.6701	8632.649	1.106061	1	0	0.4523848	1	2	0	0	
12208	1760.328	3.45e+19	0	0	100000	1.95718676	1.140862e-05	3.547987e+26	5.367485e+25	1.385868e+25	3.981616e+25	1.810566e+26	1.200672e+26	2.577597e+25	3.899455e+24	1.006827e+24	2.892627e+24	1.315369e+25	8.722831e+24	0.3384094	2.577597e+26	3.899455e+25	1.006827e+25	2.892627e+25	1.295292e+26	8.589275e+25	3.343201e+24	0	0	0	0	0	0	0	0	0	0	0	0	0	0	3.320552e+26	6.812651e+17	3.320552e+26	1.501071e+26	6.674827e+21	1.501005e+26	8.036038e+25	1.116027e+14	8.036038e+25	3.002143e+26	2.103657e+14	3.002143e+26	8.945778e+25	9.121109e+14	8.945778e+25	2.865682e+26	2.151078e+21	2.86566e+26	2.149619e+23	1.48395e-09	0.002942445	6.093226e+09	2.065915e+11	3.533219e+12	6.200196e-06	8.217663e-11	1.683411e-16	0.5007207	0.5	0.2697277	1	51.80125	6.441748	10569.8	1.117189e+26	1.827432e+28	5.151575e+27	6.741065e+25	3.118866e+27	1.203261e+27	5.325573e+26	2.294797e+26	0.2188657	0	0.01858618	0.03560219	0.03560219	0.001424136	0.02670164	0	0	-0.04281324	0	1.273503e-16	0	1.273503e-16	0	-502.1383	0	-502.1383	0	30809.41	77194.93	249.2418	8632.473	1.106061	1	0	0.4523848	1	2	0	0	
12236	1760.328	3.45e+19	0	0	100000	1.95722667	1.140862e-05	3.556124e+26	5.367645e+25	1.385936e+25	3.98171e+25	1.815463e+26	1.203897e+26	2.583509e+25	3.899571e+24	1.006876e+24	2.892695e+24	1.318926e+25	8.746258e+24	0.3385418	2.583509e+26	3.899571e+25	1.006876e+25	2.892695e+25	1.298803e+26	8.612397e+25	3.35087e+24	0	0	0	0	0	0	0	0	0	0	0	0	0	0	3.328168e+26	6.881205e+17	3.328168e+26	1.504514e+26	6.683655e+21	1.504447e+26	8.054469e+25	1.119047e+14	8.054469e+25	3.009028e+26	2.10935e+14	3.009028e+26	8.966296e+25	9.14579e+14	8.966296e+25	2.872254e+26	2.156899e+21	2.872233e+26	2.149577e+23	1.483975e-09	0.002942531	6.075875e+09	2.077452e+11	3.547593e+12	6.209032e-06	8.241101e-11	1.690618e-16	0.500719	0.5	0.2701111	1	51.92006	6.456522	10569.8	1.117189e+26	1.827432e+28	5.151575e+27	6.741065e+25	3.118866e+27	1.203261e+27	5.325573e+26	2.294797e+26	0.2188657	0	0.01856764	0.03560219	0.03560219	0.001424136	0.02670164	0	0	-0.04277333	0	1.278168e-16	0	1.278168e-16	0	-502.0848	0	-502.0848	0	30808.78	77194.93	249.8135	8632.297	1.106061	1	0	0.4523848	1	2	0	0	
12264	1760.328	3.45e+19	0	0	100000	1.95726658	1.140862e-05	3.564262e+26	5.367803e+25	1.386002e+25	3.981801e+25	1.82036e+26	1.207121e+26	2.589421e+25	3.899686e+24	1.006925e+24	2.892762e+24	1.322484e+25	8.769684e+24	0.3386736	2.589421e+26	3.899686e+25	1.006925e+25	2.892762e+25	1.302315e+26	8.635519e+25	3.358537e+24	0	0	0	0	0	0	0	0	0	0	0	0	0	0	3.335783e+26	6.950456e+17	3.335783e+26	1.507957e+26	6.69244e+21	1.50789e+26	8.072901e+25	1.122067e+14	8.072901e+25	3.015914e+26	2.115042e+14	3.015914e+26	8.986814e+25	9.170473e+14	8.986814e+25	2.878827e+26	2.16272e+21	2.878805e+26	2.149535e+23	1.483998e-09	0.002942615	6.058615e+09	2.089024e+11	3.56199e+12	6.217859e-06	8.26455e-11	1.697839e-16	0.5007172	0.5	0.2704942	1	52.03887	6.471297	10569.8	1.117189e+26	1.827432e+28	5.151575e+27	6.741065e+25	3.118866e+27	1.203261e+27	5.325573e+26	2.294797e+26	0.2188657	0	0.01854906	0.03560219	0.03560219	0.001424136	0.02670164	0	0	-0.04273342	0	1.282854e-16	0	1.282854e-16	0	-502.0312	0	-502.0312	0	30808.15	77194.93	250.3852	8632.121	1.106061	1	0	0.4523848	1	2	0	0	
12292	1760.328	3.45e+19	0	0	100000	1.95730649	1.140862e-05	3.572399e+26	5.367959e+25	1.386068e+25	3.981892e+25	1.825258e+26	1.210346e+26	2.595333e+25	3.899799e+24	1.006972e+24	2.892827e+24	1.326042e+25	8.793111e+24	0.3388047	2.595333e+26	3.899799e+25	1.006972e+25	2.892827e+25	1.305827e+26	8.658641e+25	3.366205e+24	0	0	0	0	0	0	0	0	0	0	0	0	0	0	3.343399e+26	7.020392e+17	3.343399e+26	1.5114e+26	6.701187e+21	1.511333e+26	8.091332e+25	1.125088e+14	8.091332e+25	3.022799e+26	2.120736e+14	3.022799e+26	9.007332e+25	9.195157e+14	9.007332e+25	2.885399e+26	2.168541e+21	2.885378e+26	2.149494e+23	1.484022e-09	0.002942699	6.041445e+09	2.100631e+11	3.576411e+12	6.226678e-06	8.288009e-11	1.705073e-16	0.5007155	0.5	0.2708769	1	52.15768	6.486072	10569.8	1.117189e+26	1.827432e+28	5.151575e+27	6.741065e+25	3.118866e+27	1.203261e+27	5.325573e+26	2.294797e+26	0.2188657	0	0.01853044	0.03560219	0.03560219	0.001424136	0.02670164	0	0	-0.04269351	0	1.287561e-16	0	1.287561e-16	0	-501.9776	0	-501.9776	0	30807.52	77194.93	250.9569	8631.945	1.106061	1	0	0.4523849	1	2	0	0	
12320	1760.328	3.45e+19	0	0	100000	1.9573464	1.140862e-05	3.580537e+26	5.368113e+25	1.386132e+25	3.981981e+25	1.830155e+26	1.21357e+26	2.601245e+25	3.899911e+24	1.007019e+24	2.892892e+24	1.3296e+25	8.816537e+24	0.3389353	2.601245e+26	3.899911e+25	1.007019e+25	2.892892e+25	1.309339e+26	8.681763e+25	3.373873e+24	0	0	0	0	0	0	0	0	0	0	0	0	0	0	3.351015e+26	7.091021e+17	3.351015e+26	1.514843e+26	6.709895e+21	1.514775e+26	8.109763e+25	1.128108e+14	8.109763e+25	3.029685e+26	2.126429e+14	3.029685e+26	9.02785e+25	9.219842e+14	9.02785e+25	2.891972e+26	2.174363e+21	2.89195e+26	2.149454e+23	1.484045e-09	0.002942781	6.024365e+09	2.112273e+11	3.590854e+12	6.235487e-06	8.311478e-11	1.712321e-16	0.5007138	0.5	0.2712592	1	52.27649	6.500846	10569.8	1.117189e+26	1.827432e+28	5.151575e+27	6.741065e+25	3.118866e+27	1.203261e+27	5.325573e+26	2.294797e+26	0.2188657	0	0.01851178	0.03560219	0.03560219	0.001424136	0.02670164	0	0	-0.0426536	0	1.292289e-16	0	1.292289e-16	0	-501.924	0	-501.924	0	30806.89	77194.93	251.5286	8631.769	1.106061	1	0	0.4523849	1	2	0	0	
12348	1760.328	3.45e+19	0	0	100000	1.95738631	1.140862e-05	3.588675e+26	5.368264e+25	1.386196e+25	3.982068e+25	1.835053e+26	1.216795e+26	2.607157e+25	3.900021e+24	1.007065e+24	2.892955e+24	1.333158e+25	8.839963e+24	0.3390653	2.607157e+26	3.900021e+25	1.007065e+25	2.892955e+25	1.312851e+26	8.704885e+25	3.381542e+24	0	0	0	0	0	0	0	0	0	0	0	0	0	0	3.358631e+26	7.162369e+17	3.358631e+26	1.518285e+26	6.71856e+21	1.518218e+26	8.128194e+25	1.131129e+14	8.128194e+25	3.036571e+26	2.132123e+14	3.036571e+26	9.048367e+25	9.244528e+14	9.048367e+25	2.898545e+26	2.180185e+21	2.898523e+26	2.149413e+23	1.484068e-09	0.002942862	6.007374e+09	2.123951e+11	3.60532e+12	6.244289e-06	8.334958e-11	1.719582e-16	0.5007121	0.5	0.2716411	1	52.3953	6.515621	10569.8	1.117189e+26	1.827432e+28	5.151575e+27	6.741065e+25	3.118866e+27	1.203261e+27	5.325573e+26	2.294797e+26	0.2188657	0	0.01849308	0.03560219	0.03560219	0.001424136	0.02670164	0	0	-0.04261369	0	1.297039e-16	0	1.297039e-16	0	-501.8703	0	-501.8703	0	30806.27	77194.93	252.1003	8631.593	1.106061	1	0	0.4523849	1	2	0	0	
12376	1760.328	3.45e+19	0	0	100000	1.95742622	1.140862e-05	3.596812e+26	5.368412e+25	1.386258e+25	3.982154e+25	1.839951e+26	1.220019e+26	2.613069e+25	3.900129e+24	1.007111e+24	2.893018e+24	1.336717e+25	8.863389e+24	0.3391947	2.613069e+26	3.900129e+25	1.007111e+25	2.893018e+25	1.316363e+26	8.728007e+25	3.38921e+24	0	0	0	0	0	0	0	0	0	0	0	0	0	0	3.366247e+26	7.234424e+17	3.366247e+26	1.521728e+26	6.727187e+21	1.521661e+26	8.146626e+25	1.134149e+14	8.146626e+25	3.043456e+26	2.137816e+14	3.043456e+26	9.068885e+25	9.269215e+14	9.068885e+25	2.905117e+26	2.186007e+21	2.905096e+26	2.149374e+23	1.48409e-09	0.002942942	5.990471e+09	2.135663e+11	3.61981e+12	6.253082e-06	8.358447e-11	1.726856e-16	0.5007103	0.5	0.2720227	1	52.51411	6.530395	10569.8	1.117189e+26	1.827432e+28	5.151575e+27	6.741065e+25	3.118866e+27	1.203261e+27	5.325573e+26	2.294797e+26	0.2188657	0	0.01847434	0.03560219	0.03560219	0.001424136	0.02670164	0	0	-0.04257378	0	1.30181e-16	0	1.30181e-16	0	-501.8165	0	-501.8165	0	30805.64	77194.93	252.6719	8631.417	1.106061	1	0	0.4523849	1	2	0	0	
12404	1760.328	3.45e+19	0	0	100000	1.95746613	1.140862e-05	3.60495e+26	5.368559e+25	1.38632e+25	3.982239e+25	1.84485e+26	1.223244e+26	2.618981e+25	3.900235e+24	1.007156e+24	2.89308e+24	1.340276e+25	8.886815e+24	0.3393235	2.618981e+26	3.900235e+25	1.007156e+25	2.89308e+25	1.319875e+26	8.751128e+25	3.396877e+24	0	0	0	0	0	0	0	0	0	0	0	0	0	0	3.373863e+26	7.307192e+17	3.373863e+26	1.525171e+26	6.735775e+21	1.525104e+26	8.165057e+25	1.13717e+14	8.165057e+25	3.050342e+26	2.143511e+14	3.050342e+26	9.089403e+25	9.293905e+14	9.089403e+25	2.91169e+26	2.19183e+21	2.911668e+26	2.149335e+23	1.484113e-09	0.002943021	5.973655e+09	2.147411e+11	3.634322e+12	6.261866e-06	8.381948e-11	1.734144e-16	0.5007086	0.5	0.2724039	1	52.63292	6.54517	10569.8	1.117189e+26	1.827432e+28	5.151575e+27	6.741065e+25	3.118866e+27	1.203261e+27	5.325573e+26	2.294797e+26	0.2188657	0	0.01845556	0.03560219	0.03560219	0.001424136	0.02670164	0	0	-0.04253387	0	1.306603e-16	0	1.306603e-16	0	-501.7628	0	-501.7628	0	30805.01	77194.93	253.2436	8631.241	1.106061	1	0	0.4523849	1	2	0	0	
12432	1760.328	3.45e+19	0	0	100000	1.95750604	1.140862e-05	3.613087e+26	5.368703e+25	1.386381e+25	3.982322e+25	1.849748e+26	1.226469e+26	2.624892e+25	3.90034e+24	1.0072e+24	2.89314e+24	1.343834e+25	8.910241e+24	0.3394517	2.624892e+26	3.90034e+25	1.0072e+25	2.89314e+25	1.323388e+26	8.77425e+25	3.404545e+24	0	0	0	0	0	0	0	0	0	0	0	0	0	0	3.381479e+26	7.380702e+17	3.381479e+26	1.528614e+26	6.744322e+21	1.528546e+26	8.183488e+25	1.140191e+14	8.183488e+25	3.057228e+26	2.149205e+14	3.057228e+26	9.109921e+25	9.318594e+14	9.109921e+25	2.918263e+26	2.197653e+21	2.918241e+26	2.149296e+23	1.484135e-09	0.002943099	5.956926e+09	2.159195e+11	3.648857e+12	6.270642e-06	8.405458e-11	1.741445e-16	0.5007069	0.5	0.2727848	1	52.75173	6.559945	10569.8	1.117189e+26	1.827432e+28	5.151575e+27	6.741065e+25	3.118866e+27	1.203261e+27	5.325573e+26	2.294797e+26	0.2188657	0	0.01843675	0.03560219	0.03560219	0.001424136	0.02670164	0	0	-0.04249396	0	1.311418e-16	0	1.311418e-16	0	-501.7089	0	-501.7089	0	30804.38	77194.93	253.8153	8631.065	1.106061	1	0	0.452385	1	2	0	0	
12460	1760.328	3.45e+19	0	0	100000	1.95754595	1.140862e-05	3.621225e+26	5.368845e+25	1.386441e+25	3.982404e+25	1.854647e+26	1.229693e+26	2.630804e+25	3.900443e+24	1.007243e+24	2.8932e+24	1.347393e+25	8.933667e+24	0.3395793	2.630804e+26	3.900443e+25	1.007243e+25	2.8932e+25	1.326901e+26	8.797371e+25	3.412213e+24	0	0	0	0	0	0	0	0	0	0	0	0	0	0	3.389095e+26	7.454941e+17	3.389095e+26	1.532057e+26	6.75283e+21	1.531989e+26	8.20192e+25	1.143213e+14	8.20192e+25	3.064113e+26	2.1549e+14	3.064113e+26	9.130439e+25	9.343285e+14	9.130439e+25	2.924835e+26	2.203476e+21	2.924813e+26	2.149258e+23	1.484156e-09	0.002943176	5.940284e+09	2.171013e+11	3.663415e+12	6.279409e-06	8.428979e-11	1.74876e-16	0.5007053	0.5	0.2731652	1	52.87054	6.574719	10569.8	1.117189e+26	1.827432e+28	5.151575e+27	6.741065e+25	3.118866e+27	1.203261e+27	5.325573e+26	2.294797e+26	0.2188657	0	0.0184179	0.03560219	0.03560219	0.001424136	0.02670164	0	0	-0.04245405	0	1.316255e-16	0	1.316255e-16	0	-501.655	0	-501.655	0	30803.75	77194.93	254.387	8630.889	1.106061	1	0	0.452385	1	2	0	0	
12488	1760.328	3.45e+19	0	0	100000	1.95758586	1.140862e-05	3.629362e+26	5.368985e+25	1.3865e+25	3.982485e+25	1.859546e+26	1.232917e+26	2.636716e+25	3.900545e+24	1.007286e+24	2.893258e+24	1.350953e+25	8.957093e+24	0.3397063	2.636716e+26	3.900545e+25	1.007286e+25	2.893258e+25	1.330414e+26	8.820493e+25	3.419881e+24	0	0	0	0	0	0	0	0	0	0	0	0	0	0	3.396711e+26	7.529916e+17	3.396711e+26	1.5355e+26	6.7613e+21	1.535432e+26	8.220351e+25	1.146234e+14	8.220351e+25	3.070999e+26	2.160595e+14	3.070999e+26	9.150957e+25	9.367978e+14	9.150957e+25	2.931408e+26	2.209299e+21	2.931386e+26	2.149221e+23	1.484178e-09	0.002943252	5.923727e+09	2.182867e+11	3.677996e+12	6.288168e-06	8.45251e-11	1.756088e-16	0.5007036	0.5	0.2735453	1	52.98935	6.589494	10569.8	1.117189e+26	1.827432e+28	5.151575e+27	6.741065e+25	3.118866e+27	1.203261e+27	5.325573e+26	2.294797e+26	0.2188657	0	0.01839902	0.03560219	0.03560219	0.001424136	0.02670164	0	0	-0.04241414	0	1.321113e-16	0	1.321113e-16	0	-501.6011	0	-501.6011	0	30803.13	77194.93	254.9587	8630.713	1.106061	1	0	0.452385	1	2	0	0	
12516	1760.328	3.45e+19	0	0	100000	1.95762577	1.140862e-05	3.6375e+26	5.369123e+25	1.386558e+25	3.982565e+25	1.864446e+26	1.236142e+26	2.642628e+25	3.900645e+24	1.007329e+24	2.893316e+24	1.354512e+25	8.980518e+24	0.3398328	2.642628e+26	3.900645e+25	1.007329e+25	2.893316e+25	1.333927e+26	8.843614e+25	3.427549e+24	0	0	0	0	0	0	0	0	0	0	0	0	0	0	3.404327e+26	7.605635e+17	3.404327e+26	1.538942e+26	6.769731e+21	1.538875e+26	8.238782e+25	1.149255e+14	8.238782e+25	3.077885e+26	2.16629e+14	3.077885e+26	9.171474e+25	9.392671e+14	9.171474e+25	2.937981e+26	2.215123e+21	2.937959e+26	2.149184e+23	1.484199e-09	0.002943327	5.907255e+09	2.194757e+11	3.6926e+12	6.296918e-06	8.476051e-11	1.763429e-16	0.5007019	0.5	0.2739251	1	53.10816	6.604269	10569.8	1.117189e+26	1.827432e+28	5.151575e+27	6.741065e+25	3.118866e+27	1.203261e+27	5.325573e+26	2.294797e+26	0.2188657	0	0.0183801	0.03560219	0.03560219	0.001424136	0.02670164	0	0	-0.04237423	0	1.325994e-16	0	1.325994e-16	0	-501.5472	0	-501.5472	0	30802.5	77194.93	255.5304	8630.537	1.106061	1	0	0.452385	1	2	0	0	
12544	1760.328	3.45e+19	0	0	100000	1.95766568	1.140862e-05	3.645638e+26	5.369258e+25	1.386616e+25	3.982643e+25	1.869345e+26	1.239366e+26	2.64854e+25	3.900743e+24	1.00737e+24	2.893373e+24	1.358071e+25	9.003943e+24	0.3399587	2.64854e+26	3.900743e+25	1.00737e+25	2.893373e+25	1.33744e+26	8.866735e+25	3.435217e+24	0	0	0	0	0	0	0	0	0	0	0	0	0	0	3.411943e+26	7.682126e+17	3.411943e+26	1.542385e+26	6.778121e+21	1.542317e+26	8.257213e+25	1.152277e+14	8.257213e+25	3.08477e+26	2.171986e+14	3.08477e+26	9.191992e+25	9.417366e+14	9.191992e+25	2.944553e+26	2.220947e+21	2.944531e+26	2.149147e+23	1.48422e-09	0.002943401	5.890867e+09	2.206681e+11	3.707227e+12	6.30566e-06	8.499602e-11	1.770784e-16	0.5007002	0.5	0.2743045	1	53.22697	6.619043	10569.8	1.117189e+26	1.827432e+28	5.151575e+27	6.741065e+25	3.118866e+27	1.203261e+27	5.325573e+26	2.294797e+26	0.2188657	0	0.01836115	0.03560219	0.03560219	0.001424136	0.02670164	0	0	-0.04233432	0	1.330897e-16	0	1.330897e-16	0	-501.4931	0	-501.4931	0	30801.87	77194.93	256.1021	8630.361	1.106061	1	0	0.452385	1	2	0	0	
12572	1760.328	3.45e+19	0	0	100000	1.95770559	1.140862e-05	3.653775e+26	5.369392e+25	1.386672e+25	3.98272e+25	1.874245e+26	1.242591e+26	2.654452e+25	3.90084e+24	1.007411e+24	2.893429e+24	1.361631e+25	9.027369e+24	0.3400841	2.654452e+26	3.90084e+25	1.007411e+25	2.893429e+25	1.340954e+26	8.889855e+25	3.442884e+24	0	0	0	0	0	0	0	0	0	0	0	0	0	0	3.419559e+26	7.759377e+17	3.419559e+26	1.545828e+26	6.786473e+21	1.54576e+26	8.275645e+25	1.155299e+14	8.275645e+25	3.091656e+26	2.177682e+14	3.091656e+26	9.21251e+25	9.442062e+14	9.21251e+25	2.951126e+26	2.226771e+21	2.951104e+26	2.149111e+23	1.48424e-09	0.002943474	5.874563e+09	2.218641e+11	3.721876e+12	6.314394e-06	8.523164e-11	1.778152e-16	0.5006986	0.5	0.2746835	1	53.34578	6.633818	10569.8	1.117189e+26	1.827432e+28	5.151575e+27	6.741065e+25	3.118866e+27	1.203261e+27	5.325573e+26	2.294797e+26	0.2188657	0	0.01834218	0.03560219	0.03560219	0.001424136	0.02670164	0	0	-0.04229441	0	1.335822e-16	0	1.335822e-16	0	-501.4391	0	-501.4391	0	30801.24	77194.93	256.6737	8630.185	1.106061	1	0	0.452385	1	2	0	0	
12600	1760.328	3.45e+19	0	0	100000	1.9577455	1.140862e-05	3.661913e+26	5.369523e+25	1.386728e+25	3.982795e+25	1.879145e+26	1.245815e+26	2.660364e+25	3.900936e+24	1.007452e+24	2.893484e+24	1.365191e+25	9.050794e+24	0.3402088	2.660364e+26	3.900936e+25	1.007452e+25	2.893484e+25	1.344467e+26	8.912976e+25	3.450552e+24	0	0	0	0	0	0	0	0	0	0	0	0	0	0	3.427175e+26	7.837415e+17	3.427175e+26	1.549271e+26	6.794783e+21	1.549203e+26	8.294076e+25	1.158321e+14	8.294076e+25	3.098542e+26	2.183378e+14	3.098542e+26	9.233028e+25	9.466759e+14	9.233028e+25	2.957699e+26	2.232595e+21	2.957676e+26	2.149075e+23	1.484261e-09	0.002943546	5.858341e+09	2.230637e+11	3.736548e+12	6.32312e-06	8.546735e-11	1.785534e-16	0.5006969	0.5	0.2750622	1	53.46459	6.648593	10569.8	1.117189e+26	1.827432e+28	5.151575e+27	6.741065e+25	3.118866e+27	1.203261e+27	5.325573e+26	2.294797e+26	0.2188657	0	0.01832317	0.03560219	0.03560219	0.001424136	0.02670164	0	0	-0.0422545	0	1.34077e-16	0	1.34077e-16	0	-501.385	0	-501.385	0	30800.61	77194.93	257.2454	8630.009	1.106061	1	0	0.4523851	1	2	0	0	
12628	1760.328	3.45e+19	0	0	100000	1.95778541	1.140862e-05	3.67005e+26	5.369653e+25	1.386783e+25	3.98287e+25	1.884046e+26	1.249039e+26	2.666276e+25	3.90103e+24	1.007492e+24	2.893538e+24	1.368751e+25	9.074218e+24	0.3403331	2.666276e+26	3.90103e+25	1.007492e+25	2.893538e+25	1.347981e+26	8.936097e+25	3.45822e+24	0	0	0	0	0	0	0	0	0	0	0	0	0	0	3.434791e+26	7.916208e+17	3.434791e+26	1.552714e+26	6.803059e+21	1.552646e+26	8.312507e+25	1.161343e+14	8.312507e+25	3.105427e+26	2.189074e+14	3.105427e+26	9.253546e+25	9.491457e+14	9.253546e+25	2.964271e+26	2.23842e+21	2.964249e+26	2.14904e+23	1.484281e-09	0.002943618	5.842203e+09	2.242668e+11	3.751243e+12	6.331837e-06	8.570317e-11	1.792929e-16	0.5006953	0.5	0.2754405	1	53.5834	6.663367	10569.8	1.117189e+26	1.827432e+28	5.151575e+27	6.741065e+25	3.118866e+27	1.203261e+27	5.325573e+26	2.294797e+26	0.2188657	0	0.01830413	0.03560219	0.03560219	0.001424136	0.02670164	0	0	-0.04221459	0	1.34574e-16	0	1.34574e-16	0	-501.3308	0	-501.3308	0	30799.99	77194.93	257.8171	8629.833	1.106061	1	0	0.4523851	1	2	0	0	
12656	1760.328	3.45e+19	0	0	100000	1.95782532	1.140862e-05	3.678188e+26	5.36978e+25	1.386837e+25	3.982943e+25	1.888946e+26	1.252264e+26	2.672188e+25	3.901123e+24	1.007531e+24	2.893591e+24	1.372311e+25	9.097643e+24	0.3404567	2.672188e+26	3.901123e+25	1.007531e+25	2.893591e+25	1.351495e+26	8.959217e+25	3.465889e+24	0	0	0	0	0	0	0	0	0	0	0	0	0	0	3.442407e+26	7.995805e+17	3.442407e+26	1.556156e+26	6.811294e+21	1.556088e+26	8.330939e+25	1.164365e+14	8.330939e+25	3.112313e+26	2.194771e+14	3.112313e+26	9.274064e+25	9.516156e+14	9.274064e+25	2.970844e+26	2.244245e+21	2.970822e+26	2.149005e+23	1.484301e-09	0.002943688	5.826146e+09	2.254734e+11	3.765961e+12	6.340546e-06	8.593909e-11	1.800337e-16	0.5006937	0.5	0.2758184	1	53.70221	6.678142	10569.8	1.117189e+26	1.827432e+28	5.151575e+27	6.741065e+25	3.118866e+27	1.203261e+27	5.325573e+26	2.294797e+26	0.2188657	0	0.01828506	0.03560219	0.03560219	0.001424136	0.02670164	0	0	-0.04217468	0	1.350733e-16	0	1.350733e-16	0	-501.2766	0	-501.2766	0	30799.36	77194.93	258.3888	8629.657	1.106061	1	0	0.4523851	1	2	0	0	
12684	1760.328	3.45e+19	0	0	100000	1.95786523	1.140862e-05	3.686326e+26	5.369906e+25	1.386891e+25	3.983015e+25	1.893847e+26	1.255488e+26	2.6781e+25	3.901214e+24	1.00757e+24	2.893644e+24	1.375872e+25	9.121067e+24	0.3405798	2.6781e+26	3.901214e+25	1.00757e+25	2.893644e+25	1.355009e+26	8.982337e+25	3.473556e+24	0	0	0	0	0	0	0	0	0	0	0	0	0	0	3.450023e+26	8.076215e+17	3.450023e+26	1.559599e+26	6.819487e+21	1.559531e+26	8.34937e+25	1.167387e+14	8.34937e+25	3.119199e+26	2.200468e+14	3.119199e+26	9.294582e+25	9.540857e+14	9.294582e+25	2.977417e+26	2.250071e+21	2.977394e+26	2.148971e+23	1.48432e-09	0.002943757	5.81017e+09	2.266835e+11	3.780702e+12	6.349247e-06	8.617511e-11	1.807759e-16	0.500692	0.5	0.276196	1	53.82102	6.692917	10569.8	1.117189e+26	1.827432e+28	5.151575e+27	6.741065e+25	3.118866e+27	1.203261e+27	5.325573e+26	2.294797e+26	0.2188657	0	0.01826597	0.03560219	0.03560219	0.001424136	0.02670164	0	0	-0.04213477	0	1.355749e-16	0	1.355749e-16	0	-501.2224	0	-501.2224	0	30798.73	77194.93	258.9605	8629.482	1.106061	1	0	0.4523851	1	2	0	0	
12712	1760.328	3.45e+19	0	0	100000	1.95790514	1.140862e-05	3.694463e+26	5.37003e+25	1.386943e+25	3.983086e+25	1.898748e+26	1.258712e+26	2.684012e+25	3.901303e+24	1.007608e+24	2.893695e+24	1.379432e+25	9.144491e+24	0.3407024	2.684012e+26	3.901303e+25	1.007608e+25	2.893695e+25	1.358523e+26	9.005457e+25	3.481224e+24	0	0	0	0	0	0	0	0	0	0	0	0	0	0	3.457639e+26	8.157403e+17	3.457639e+26	1.563042e+26	6.827646e+21	1.562974e+26	8.367801e+25	1.17041e+14	8.367801e+25	3.126084e+26	2.206165e+14	3.126084e+26	9.315099e+25	9.565559e+14	9.315099e+25	2.983989e+26	2.255896e+21	2.983967e+26	2.148937e+23	1.484339e-09	0.002943826	5.794275e+09	2.278973e+11	3.795465e+12	6.357939e-06	8.641123e-11	1.815194e-16	0.5006904	0.5	0.2765732	1	53.93983	6.707691	10569.8	1.117189e+26	1.827432e+28	5.151575e+27	6.741065e+25	3.118866e+27	1.203261e+27	5.325573e+26	2.294797e+26	0.2188657	0	0.01824685	0.03560219	0.03560219	0.001424136	0.02670164	0	0	-0.04209486	0	1.360788e-16	0	1.360788e-16	0	-501.1681	0	-501.1681	0	30798.1	77194.93	259.5322	8629.306	1.106061	1	0	0.4523852	1	2	0	0	
12740	1760.328	3.45e+19	0	0	100000	1.95794505	1.140862e-05	3.702601e+26	5.370151e+25	1.386995e+25	3.983156e+25	1.903649e+26	1.261937e+26	2.689924e+25	3.901392e+24	1.007646e+24	2.893746e+24	1.382993e+25	9.167915e+24	0.3408244	2.689924e+26	3.901392e+25	1.007646e+25	2.893746e+25	1.362038e+26	9.028576e+25	3.488891e+24	0	0	0	0	0	0	0	0	0	0	0	0	0	0	3.465255e+26	8.23942e+17	3.465255e+26	1.566485e+26	6.835764e+21	1.566417e+26	8.386232e+25	1.173432e+14	8.386232e+25	3.13297e+26	2.211862e+14	3.13297e+26	9.335617e+25	9.590261e+14	9.335617e+25	2.990562e+26	2.261722e+21	2.99054e+26	2.148904e+23	1.484359e-09	0.002943893	5.77846e+09	2.291145e+11	3.810251e+12	6.366624e-06	8.664745e-11	1.822642e-16	0.5006888	0.5	0.2769501	1	54.05864	6.722466	10569.8	1.117189e+26	1.827432e+28	5.151575e+27	6.741065e+25	3.118866e+27	1.203261e+27	5.325573e+26	2.294797e+26	0.2188657	0	0.0182277	0.03560219	0.03560219	0.001424136	0.02670164	0	0	-0.04205495	0	1.36585e-16	0	1.36585e-16	0	-501.1137	0	-501.1137	0	30797.48	77194.93	260.1039	8629.13	1.106061	1	0	0.4523852	1	2	0	0	
12768	1760.328	3.45e+19	0	0	100000	1.95798496	1.140862e-05	3.710738e+26	5.370271e+25	1.387046e+25	3.983225e+25	1.90855e+26	1.265161e+26	2.695836e+25	3.901479e+24	1.007683e+24	2.893796e+24	1.386554e+25	9.191339e+24	0.3409458	2.695836e+26	3.901479e+25	1.007683e+25	2.893796e+25	1.365552e+26	9.051696e+25	3.49656e+24	0	0	0	0	0	0	0	0	0	0	0	0	0	0	3.47287e+26	8.322276e+17	3.47287e+26	1.569928e+26	6.843841e+21	1.569859e+26	8.404664e+25	1.176455e+14	8.404664e+25	3.139855e+26	2.21756e+14	3.139855e+26	9.356135e+25	9.614964e+14	9.356135e+25	2.997135e+26	2.267548e+21	2.997112e+26	2.148871e+23	1.484377e-09	0.00294396	5.762724e+09	2.303353e+11	3.825059e+12	6.3753e-06	8.688377e-11	1.830104e-16	0.5006872	0.5	0.2773267	1	54.17745	6.737241	10569.8	1.117189e+26	1.827432e+28	5.151575e+27	6.741065e+25	3.118866e+27	1.203261e+27	5.325573e+26	2.294797e+26	0.2188657	0	0.01820853	0.03560219	0.03560219	0.001424136	0.02670164	0	0	-0.04201504	0	1.370935e-16	0	1.370935e-16	0	-501.0593	0	-501.0593	0	30796.85	77194.93	260.6756	8628.954	1.106061	1	0	0.4523852	1	2	0	0	
12796	1760.328	3.45e+19	0	0	100000	1.95802487	1.140862e-05	3.718876e+26	5.370389e+25	1.387097e+25	3.983292e+25	1.913452e+26	1.268385e+26	2.701747e+25	3.901565e+24	1.00772e+24	2.893845e+24	1.390115e+25	9.214762e+24	0.3410668	2.701747e+26	3.901565e+25	1.00772e+25	2.893845e+25	1.369067e+26	9.074815e+25	3.504227e+24	0	0	0	0	0	0	0	0	0	0	0	0	0	0	3.480486e+26	8.405956e+17	3.480486e+26	1.573371e+26	6.851881e+21	1.573302e+26	8.423095e+25	1.179478e+14	8.423095e+25	3.146741e+26	2.223258e+14	3.146741e+26	9.376653e+25	9.63967e+14	9.376653e+25	3.003707e+26	2.273375e+21	3.003685e+26	2.148838e+23	1.484396e-09	0.002944026	5.747067e+09	2.315597e+11	3.83989e+12	6.383968e-06	8.71202e-11	1.837579e-16	0.5006856	0.5	0.2777028	1	54.29626	6.752015	10569.8	1.117189e+26	1.827432e+28	5.151575e+27	6.741065e+25	3.118866e+27	1.203261e+27	5.325573e+26	2.294797e+26	0.2188657	0	0.01818934	0.03560219	0.03560219	0.001424136	0.02670164	0	0	-0.04197513	0	1.376044e-16	0	1.376044e-16	0	-501.0049	0	-501.0049	0	30796.22	77194.93	261.2473	8628.778	1.106061	1	0	0.4523852	1	2	0	0	
12824	1760.328	3.45e+19	0	0	100000	1.95806478	1.140862e-05	3.727013e+26	5.370505e+25	1.387146e+25	3.983359e+25	1.918354e+26	1.271609e+26	2.707659e+25	3.901649e+24	1.007756e+24	2.893893e+24	1.393676e+25	9.238186e+24	0.3411871	2.707659e+26	3.901649e+25	1.007756e+25	2.893893e+25	1.372582e+26	9.097934e+25	3.511895e+24	0	0	0	0	0	0	0	0	0	0	0	0	0	0	3.488102e+26	8.49047e+17	3.488102e+26	1.576813e+26	6.859883e+21	1.576745e+26	8.441526e+25	1.182501e+14	8.441526e+25	3.153627e+26	2.228956e+14	3.153627e+26	9.397171e+25	9.664376e+14	9.397171e+25	3.01028e+26	2.279201e+21	3.010257e+26	2.148806e+23	1.484414e-09	0.002944091	5.731489e+09	2.327876e+11	3.854744e+12	6.392628e-06	8.735672e-11	1.845067e-16	0.500684	0.5	0.2780787	1	54.41507	6.76679	10569.8	1.117189e+26	1.827432e+28	5.151575e+27	6.741065e+25	3.118866e+27	1.203261e+27	5.325573e+26	2.294797e+26	0.2188657	0	0.01817012	0.03560219	0.03560219	0.001424136	0.02670164	0	0	-0.04193522	0	1.381176e-16	0	1.381176e-16	0	-500.9504	0	-500.9504	0	30795.59	77194.93	261.8189	8628.602	1.106061	1	0	0.4523852	1	2	0	0	
12852	1760.328	3.45e+19	0	0	100000	1.95810469	1.140862e-05	3.735151e+26	5.370619e+25	1.387195e+25	3.983424e+25	1.923256e+26	1.274833e+26	2.713571e+25	3.901732e+24	1.007791e+24	2.893941e+24	1.397237e+25	9.261608e+24	0.341307	2.713571e+26	3.901732e+25	1.007791e+25	2.893941e+25	1.376097e+26	9.121053e+25	3.519563e+24	0	0	0	0	0	0	0	0	0	0	0	0	0	0	3.495718e+26	8.575825e+17	3.495718e+26	1.580256e+26	6.867848e+21	1.580188e+26	8.459958e+25	1.185524e+14	8.459958e+25	3.160512e+26	2.234655e+14	3.160512e+26	9.417689e+25	9.689083e+14	9.417689e+25	3.016853e+26	2.285028e+21	3.01683e+26	2.148775e+23	1.484432e-09	0.002944155	5.715988e+09	2.340191e+11	3.869621e+12	6.40128e-06	8.759334e-11	1.852569e-16	0.5006825	0.5	0.2784541	1	54.53388	6.781565	10569.8	1.117189e+26	1.827432e+28	5.151575e+27	6.741065e+25	3.118866e+27	1.203261e+27	5.325573e+26	2.294797e+26	0.2188657	0	0.01815089	0.03560219	0.03560219	0.001424136	0.02670164	0	0	-0.04189531	0	1.386332e-16	0	1.386332e-16	0	-500.8959	0	-500.8959	0	30794.96	77194.93	262.3906	8628.426	1.106061	1	0	0.4523852	1	2	0	0	
12880	1760.328	3.45e+19	0	0	100000	1.9581446	1.140862e-05	3.743289e+26	5.370732e+25	1.387244e+25	3.983488e+25	1.928158e+26	1.278057e+26	2.719483e+25	3.901814e+24	1.007827e+24	2.893987e+24	1.400799e+25	9.285031e+24	0.3414263	2.719483e+26	3.901814e+25	1.007827e+25	2.893987e+25	1.379612e+26	9.144171e+25	3.52723e+24	0	0	0	0	0	0	0	0	0	0	0	0	0	0	3.503334e+26	8.662053e+17	3.503334e+26	1.583699e+26	6.875772e+21	1.58363e+26	8.478389e+25	1.188548e+14	8.478389e+25	3.167398e+26	2.240353e+14	3.167398e+26	9.438206e+25	9.713791e+14	9.438206e+25	3.023425e+26	2.290855e+21	3.023403e+26	2.148743e+23	1.48445e-09	0.002944219	5.700564e+09	2.352541e+11	3.88452e+12	6.409924e-06	8.783006e-11	1.860084e-16	0.5006809	0.5	0.2788293	1	54.65269	6.796339	10569.8	1.117189e+26	1.827432e+28	5.151575e+27	6.741065e+25	3.118866e+27	1.203261e+27	5.325573e+26	2.294797e+26	0.2188657	0	0.01813163	0.03560219	0.03560219	0.001424136	0.02670164	0	0	-0.0418554	0	1.391511e-16	0	1.391511e-16	0	-500.8413	0	-500.8413	0	30794.34	77194.93	262.9623	8628.25	1.106061	1	0	0.4523853	1	2	0	0	
12908	1760.328	3.45e+19	0	0	100000	1.95818451	1.140862e-05	3.751426e+26	5.370843e+25	1.387291e+25	3.983552e+25	1.933061e+26	1.281281e+26	2.725395e+25	3.901894e+24	1.007861e+24	2.894033e+24	1.40436e+25	9.308454e+24	0.3415451	2.725395e+26	3.901894e+25	1.007861e+25	2.894033e+25	1.383128e+26	9.167289e+25	3.534899e+24	0	0	0	0	0	0	0	0	0	0	0	0	0	0	3.51095e+26	8.749141e+17	3.51095e+26	1.587142e+26	6.883659e+21	1.587073e+26	8.49682e+25	1.191571e+14	8.49682e+25	3.174284e+26	2.246052e+14	3.174284e+26	9.458724e+25	9.7385e+14	9.458724e+25	3.029998e+26	2.296683e+21	3.029975e+26	2.148712e+23	1.484468e-09	0.002944281	5.685217e+09	2.364927e+11	3.899441e+12	6.41856e-06	8.806688e-11	1.867612e-16	0.5006793	0.5	0.2792041	1	54.7715	6.811114	10569.8	1.117189e+26	1.827432e+28	5.151575e+27	6.741065e+25	3.118866e+27	1.203261e+27	5.325573e+26	2.294797e+26	0.2188657	0	0.01811235	0.03560219	0.03560219	0.001424136	0.02670164	0	0	-0.04181549	0	1.396715e-16	0	1.396715e-16	0	-500.7867	0	-500.7867	0	30793.71	77194.93	263.534	8628.075	1.106061	1	0	0.4523853	1	2	0	0	
12936	1760.328	3.45e+19	0	0	100000	1.95822442	1.140862e-05	3.759564e+26	5.370952e+25	1.387338e+25	3.983614e+25	1.937963e+26	1.284505e+26	2.731307e+25	3.901974e+24	1.007895e+24	2.894078e+24	1.407922e+25	9.331876e+24	0.3416634	2.731307e+26	3.901974e+25	1.007895e+25	2.894078e+25	1.386643e+26	9.190407e+25	3.542566e+24	0	0	0	0	0	0	0	0	0	0	0	0	0	0	3.518566e+26	8.837121e+17	3.518566e+26	1.590585e+26	6.891505e+21	1.590516e+26	8.515251e+25	1.194595e+14	8.515251e+25	3.181169e+26	2.251752e+14	3.181169e+26	9.479242e+25	9.763211e+14	9.479242e+25	3.036571e+26	2.30251e+21	3.036548e+26	2.148682e+23	1.484485e-09	0.002944343	5.669945e+09	2.377348e+11	3.914386e+12	6.427188e-06	8.83038e-11	1.875154e-16	0.5006778	0.5	0.2795785	1	54.89031	6.825889	10569.8	1.117189e+26	1.827432e+28	5.151575e+27	6.741065e+25	3.118866e+27	1.203261e+27	5.325573e+26	2.294797e+26	0.2188657	0	0.01809305	0.03560219	0.03560219	0.001424136	0.02670164	0	0	-0.04177558	0	1.401942e-16	0	1.401942e-16	0	-500.732	0	-500.732	0	30793.08	77194.93	264.1057	8627.899	1.106061	1	0	0.4523853	1	2	0	0	
12964	1760.328	3.45e+19	0	0	100000	1.95826433	1.140862e-05	3.767701e+26	5.371059e+25	1.387384e+25	3.983675e+25	1.942866e+26	1.287729e+26	2.737219e+25	3.902052e+24	1.007929e+24	2.894123e+24	1.411484e+25	9.355297e+24	0.3417811	2.737219e+26	3.902052e+25	1.007929e+25	2.894123e+25	1.390159e+26	9.213525e+25	3.550235e+24	0	0	0	0	0	0	0	0	0	0	0	0	0	0	3.526182e+26	8.925979e+17	3.526182e+26	1.594028e+26	6.899315e+21	1.593959e+26	8.533683e+25	1.197618e+14	8.533683e+25	3.188055e+26	2.257451e+14	3.188055e+26	9.49976e+25	9.787922e+14	9.49976e+25	3.043143e+26	2.308338e+21	3.04312e+26	2.148652e+23	1.484502e-09	0.002944404	5.65475e+09	2.389805e+11	3.929352e+12	6.435808e-06	8.854082e-11	1.882709e-16	0.5006762	0.5	0.2799526	1	55.00912	6.840663	10569.8	1.117189e+26	1.827432e+28	5.151575e+27	6.741065e+25	3.118866e+27	1.203261e+27	5.325573e+26	2.294797e+26	0.2188657	0	0.01807373	0.03560219	0.03560219	0.001424136	0.02670164	0	0	-0.04173567	0	1.407194e-16	0	1.407194e-16	0	-500.6773	0	-500.6773	0	30792.45	77194.93	264.6774	8627.723	1.106061	1	0	0.4523853	1	2	0	0	
12992	1760.328	3.45e+19	0	0	100000	1.95830424	1.140862e-05	3.775839e+26	5.371165e+25	1.38743e+25	3.983735e+25	1.947769e+26	1.290953e+26	2.743131e+25	3.902128e+24	1.007962e+24	2.894167e+24	1.415046e+25	9.378719e+24	0.3418983	2.743131e+26	3.902128e+25	1.007962e+25	2.894167e+25	1.393675e+26	9.236642e+25	3.557902e+24	0	0	0	0	0	0	0	0	0	0	0	0	0	0	3.533798e+26	9.015722e+17	3.533798e+26	1.59747e+26	6.907087e+21	1.597401e+26	8.552114e+25	1.200642e+14	8.552114e+25	3.194941e+26	2.263151e+14	3.194941e+26	9.520278e+25	9.812635e+14	9.520278e+25	3.049716e+26	2.314166e+21	3.049693e+26	2.148622e+23	1.484519e-09	0.002944464	5.639629e+09	2.402297e+11	3.944342e+12	6.44442e-06	8.877794e-11	1.890277e-16	0.5006747	0.5	0.2803263	1	55.12793	6.855438	10569.8	1.117189e+26	1.827432e+28	5.151575e+27	6.741065e+25	3.118866e+27	1.203261e+27	5.325573e+26	2.294797e+26	0.2188657	0	0.0180544	0.03560219	0.03560219	0.001424136	0.02670164	0	0	-0.04169576	0	1.412469e-16	0	1.412469e-16	0	-500.6225	0	-500.6225	0	30791.83	77194.93	265.2491	8627.547	1.106061	1	0	0.4523854	1	2	0	0	
13020	1760.328	3.45e+19	0	0	100000	1.95834415	1.140862e-05	3.783977e+26	5.371269e+25	1.387475e+25	3.983794e+25	1.952673e+26	1.294177e+26	2.749043e+25	3.902204e+24	1.007994e+24	2.89421e+24	1.418608e+25	9.40214e+24	0.3420151	2.749043e+26	3.902204e+25	1.007994e+25	2.89421e+25	1.397191e+26	9.259759e+25	3.565571e+24	0	0	0	0	0	0	0	0	0	0	0	0	0	0	3.541414e+26	9.106386e+17	3.541414e+26	1.600913e+26	6.914819e+21	1.600844e+26	8.570545e+25	1.203666e+14	8.570545e+25	3.201826e+26	2.268851e+14	3.201826e+26	9.540796e+25	9.837348e+14	9.540796e+25	3.056289e+26	2.319995e+21	3.056266e+26	2.148593e+23	1.484536e-09	0.002944524	5.624582e+09	2.414826e+11	3.959353e+12	6.453024e-06	8.901516e-11	1.897858e-16	0.5006731	0.5	0.2806998	1	55.24674	6.870212	10569.8	1.117189e+26	1.827432e+28	5.151575e+27	6.741065e+25	3.118866e+27	1.203261e+27	5.325573e+26	2.294797e+26	0.2188657	0	0.01803505	0.03560219	0.03560219	0.001424136	0.02670164	0	0	-0.04165585	0	1.41777e-16	0	1.41777e-16	0	-500.5677	0	-500.5677	0	30791.2	77194.93	265.8208	8627.371	1.106061	1	0	0.4523854	1	2	0	0	
13048	1760.328	3.45e+19	0	0	100000	1.95838406	1.140862e-05	3.792114e+26	5.371371e+25	1.387519e+25	3.983852e+25	1.957576e+26	1.297401e+26	2.754955e+25	3.902278e+24	1.008027e+24	2.894252e+24	1.422171e+25	9.425561e+24	0.3421313	2.754955e+26	3.902278e+25	1.008027e+25	2.894252e+25	1.400707e+26	9.282876e+25	3.573238e+24	0	0	0	0	0	0	0	0	0	0	0	0	0	0	3.54903e+26	9.197954e+17	3.54903e+26	1.604356e+26	6.922515e+21	1.604287e+26	8.588976e+25	1.20669e+14	8.588976e+25	3.208712e+26	2.274551e+14	3.208712e+26	9.561313e+25	9.862063e+14	9.561313e+25	3.062861e+26	2.325823e+21	3.062838e+26	2.148564e+23	1.484553e-09	0.002944582	5.60961e+09	2.42739e+11	3.974388e+12	6.46162e-06	8.925248e-11	1.905453e-16	0.5006716	0.5	0.2810728	1	55.36555	6.884987	10569.8	1.117189e+26	1.827432e+28	5.151575e+27	6.741065e+25	3.118866e+27	1.203261e+27	5.325573e+26	2.294797e+26	0.2188657	0	0.01801568	0.03560219	0.03560219	0.001424136	0.02670164	0	0	-0.04161594	0	1.423094e-16	0	1.423094e-16	0	-500.5129	0	-500.5129	0	30790.57	77194.93	266.3925	8627.195	1.106061	1	0	0.4523854	1	2	0	0	
13076	1760.328	3.45e+19	0	0	100000	1.95842397	1.140862e-05	3.800252e+26	5.371472e+25	1.387562e+25	3.98391e+25	1.96248e+26	1.300625e+26	2.760867e+25	3.902352e+24	1.008058e+24	2.894293e+24	1.425733e+25	9.448982e+24	0.3422469	2.760867e+26	3.902352e+25	1.008058e+25	2.894293e+25	1.404223e+26	9.305992e+25	3.580906e+24	0	0	0	0	0	0	0	0	0	0	0	0	0	0	3.556646e+26	9.290463e+17	3.556646e+26	1.607799e+26	6.93017e+21	1.60773e+26	8.607408e+25	1.209714e+14	8.607408e+25	3.215598e+26	2.280251e+14	3.215598e+26	9.581831e+25	9.886778e+14	9.581831e+25	3.069434e+26	2.331652e+21	3.069411e+26	2.148535e+23	1.484569e-09	0.00294464	5.594711e+09	2.439989e+11	3.989444e+12	6.470209e-06	8.948989e-11	1.913061e-16	0.5006701	0.5	0.2814456	1	55.48436	6.899762	10569.8	1.117189e+26	1.827432e+28	5.151575e+27	6.741065e+25	3.118866e+27	1.203261e+27	5.325573e+26	2.294797e+26	0.2188657	0	0.0179963	0.03560219	0.03560219	0.001424136	0.02670164	0	0	-0.04157603	0	1.428444e-16	0	1.428444e-16	0	-500.4579	0	-500.4579	0	30789.94	77194.93	266.9641	8627.02	1.106061	1	0	0.4523854	1	2	0	0	
13104	1760.328	3.45e+19	0	0	100000	1.95846388	1.140862e-05	3.808389e+26	5.371571e+25	1.387605e+25	3.983966e+25	1.967384e+26	1.303848e+26	2.766779e+25	3.902424e+24	1.008089e+24	2.894334e+24	1.429296e+25	9.472402e+24	0.3423621	2.766779e+26	3.902424e+25	1.008089e+25	2.894334e+25	1.40774e+26	9.329108e+25	3.588573e+24	0	0	0	0	0	0	0	0	0	0	0	0	0	0	3.564262e+26	9.383895e+17	3.564262e+26	1.611242e+26	6.937788e+21	1.611172e+26	8.625839e+25	1.212739e+14	8.625839e+25	3.222483e+26	2.285952e+14	3.222483e+26	9.602349e+25	9.911495e+14	9.602349e+25	3.076007e+26	2.337481e+21	3.075983e+26	2.148507e+23	1.484585e-09	0.002944698	5.579884e+09	2.452625e+11	4.004523e+12	6.478789e-06	8.972741e-11	1.920682e-16	0.5006685	0.5	0.2818179	1	55.60317	6.914536	10569.8	1.117189e+26	1.827432e+28	5.151575e+27	6.741065e+25	3.118866e+27	1.203261e+27	5.325573e+26	2.294797e+26	0.2188657	0	0.0179769	0.03560219	0.03560219	0.001424136	0.02670164	0	0	-0.04153612	0	1.433818e-16	0	1.433818e-16	0	-500.403	0	-500.403	0	30789.32	77194.93	267.5358	8626.844	1.106061	1	0	0.4523854	1	2	0	0	
13132	1760.328	3.45e+19	0	0	100000	1.95850379	1.140862e-05	3.816527e+26	5.371669e+25	1.387648e+25	3.984021e+25	1.972288e+26	1.307072e+26	2.77269e+25	3.902495e+24	1.00812e+24	2.894374e+24	1.432859e+25	9.495822e+24	0.3424768	2.77269e+26	3.902495e+25	1.00812e+25	2.894374e+25	1.411256e+26	9.352224e+25	3.596242e+24	0	0	0	0	0	0	0	0	0	0	0	0	0	0	3.571878e+26	9.478261e+17	3.571878e+26	1.614684e+26	6.94537e+21	1.614615e+26	8.64427e+25	1.215763e+14	8.64427e+25	3.229369e+26	2.291653e+14	3.229369e+26	9.622867e+25	9.936212e+14	9.622867e+25	3.082579e+26	2.343311e+21	3.082556e+26	2.148479e+23	1.484601e-09	0.002944754	5.56513e+09	2.465296e+11	4.019625e+12	6.487362e-06	8.996502e-11	1.928316e-16	0.500667	0.5	0.28219	1	55.72198	6.929311	10569.8	1.117189e+26	1.827432e+28	5.151575e+27	6.741065e+25	3.118866e+27	1.203261e+27	5.325573e+26	2.294797e+26	0.2188657	0	0.0179575	0.03560219	0.03560219	0.001424136	0.02670164	0	0	-0.04149621	0	1.439217e-16	0	1.439217e-16	0	-500.348	0	-500.348	0	30788.69	77194.93	268.1075	8626.668	1.106061	1	0	0.4523855	1	2	0	0	
13160	1760.328	3.45e+19	0	0	100000	1.9585437	1.140862e-05	3.824664e+26	5.371765e+25	1.387689e+25	3.984076e+25	1.977192e+26	1.310296e+26	2.778602e+25	3.902564e+24	1.00815e+24	2.894414e+24	1.436422e+25	9.519241e+24	0.342591	2.778602e+26	3.902564e+25	1.00815e+25	2.894414e+25	1.414773e+26	9.37534e+25	3.60391e+24	0	0	0	0	0	0	0	0	0	0	0	0	0	0	3.579494e+26	9.573596e+17	3.579494e+26	1.618127e+26	6.952912e+21	1.618058e+26	8.662702e+25	1.218787e+14	8.662702e+25	3.236255e+26	2.297354e+14	3.236255e+26	9.643385e+25	9.96093e+14	9.643385e+25	3.089152e+26	2.34914e+21	3.089129e+26	2.148451e+23	1.484617e-09	0.00294481	5.550448e+09	2.478002e+11	4.034749e+12	6.495927e-06	9.020273e-11	1.935964e-16	0.5006655	0.5	0.2825617	1	55.84079	6.944086	10569.8	1.117189e+26	1.827432e+28	5.151575e+27	6.741065e+25	3.118866e+27	1.203261e+27	5.325573e+26	2.294797e+26	0.2188657	0	0.01793808	0.03560219	0.03560219	0.001424136	0.02670164	0	0	-0.0414563	0	1.444642e-16	0	1.444642e-16	0	-500.2929	0	-500.2929	0	30788.06	77194.93	268.6792	8626.492	1.106061	1	0	0.4523855	1	2	0	0	
13188	1760.328	3.45e+19	0	0	100000	1.95858361	1.140862e-05	3.832802e+26	5.37186e+25	1.387731e+25	3.984129e+25	1.982097e+26	1.313519e+26	2.784514e+25	3.902633e+24	1.00818e+24	2.894453e+24	1.439985e+25	9.542661e+24	0.3427047	2.784514e+26	3.902633e+25	1.00818e+25	2.894453e+25	1.41829e+26	9.398455e+25	3.611577e+24	0	0	0	0	0	0	0	0	0	0	0	0	0	0	3.58711e+26	9.669885e+17	3.58711e+26	1.62157e+26	6.960418e+21	1.6215e+26	8.681133e+25	1.221812e+14	8.681133e+25	3.24314e+26	2.303055e+14	3.24314e+26	9.663903e+25	9.98565e+14	9.663903e+25	3.095725e+26	2.35497e+21	3.095701e+26	2.148424e+23	1.484632e-09	0.002944865	5.535837e+09	2.490745e+11	4.049895e+12	6.504484e-06	9.044054e-11	1.943625e-16	0.500664	0.5	0.2829331	1	55.9596	6.95886	10569.8	1.117189e+26	1.827432e+28	5.151575e+27	6.741065e+25	3.118866e+27	1.203261e+27	5.325573e+26	2.294797e+26	0.2188657	0	0.01791864	0.03560219	0.03560219	0.001424136	0.02670164	0	0	-0.04141639	0	1.450091e-16	0	1.450091e-16	0	-500.2378	0	-500.2378	0	30787.43	77194.93	269.2509	8626.316	1.106061	1	0	0.4523855	1	2	0	0	
13216	1760.328	3.45e+19	0	0	100000	1.95862352	1.140862e-05	3.84094e+26	5.371953e+25	1.387771e+25	3.984182e+25	1.987002e+26	1.316743e+26	2.790426e+25	3.902701e+24	1.00821e+24	2.894491e+24	1.443548e+25	9.566079e+24	0.3428179	2.790426e+26	3.902701e+25	1.00821e+25	2.894491e+25	1.421807e+26	9.421569e+25	3.619246e+24	0	0	0	0	0	0	0	0	0	0	0	0	0	0	3.594726e+26	9.767162e+17	3.594726e+26	1.625013e+26	6.967884e+21	1.624943e+26	8.699564e+25	1.224837e+14	8.699564e+25	3.250026e+26	2.308757e+14	3.250026e+26	9.68442e+25	1.001037e+15	9.68442e+25	3.102297e+26	2.3608e+21	3.102274e+26	2.148397e+23	1.484648e-09	0.00294492	5.521296e+09	2.503523e+11	4.065064e+12	6.513033e-06	9.067844e-11	1.951299e-16	0.5006625	0.5	0.2833041	1	56.07841	6.973635	10569.8	1.117189e+26	1.827432e+28	5.151575e+27	6.741065e+25	3.118866e+27	1.203261e+27	5.325573e+26	2.294797e+26	0.2188657	0	0.0178992	0.03560219	0.03560219	0.001424136	0.02670164	0	0	-0.04137648	0	1.455566e-16	0	1.455566e-16	0	-500.1827	0	-500.1827	0	30786.81	77194.93	269.8226	8626.141	1.106061	1	0	0.4523855	1	2	0	0	
13244	1760.328	3.45e+19	0	0	100000	1.95866343	1.140862e-05	3.849077e+26	5.372045e+25	1.387811e+25	3.984234e+25	1.991907e+26	1.319966e+26	2.796338e+25	3.902768e+24	1.008239e+24	2.894529e+24	1.447112e+25	9.589498e+24	0.3429306	2.796338e+26	3.902768e+25	1.008239e+25	2.894529e+25	1.425324e+26	9.444684e+25	3.626913e+24	0	0	0	0	0	0	0	0	0	0	0	0	0	0	3.602342e+26	9.865414e+17	3.602342e+26	1.628456e+26	6.975314e+21	1.628386e+26	8.717995e+25	1.227862e+14	8.717995e+25	3.256912e+26	2.314458e+14	3.256912e+26	9.704938e+25	1.003509e+15	9.704938e+25	3.10887e+26	2.36663e+21	3.108846e+26	2.148371e+23	1.484663e-09	0.002944973	5.506826e+09	2.516337e+11	4.080255e+12	6.521575e-06	9.091645e-11	1.958986e-16	0.5006611	0.5	0.2836748	1	56.19722	6.98841	10569.8	1.117189e+26	1.827432e+28	5.151575e+27	6.741065e+25	3.118866e+27	1.203261e+27	5.325573e+26	2.294797e+26	0.2188657	0	0.01787975	0.03560219	0.03560219	0.001424136	0.02670164	0	0	-0.04133657	0	1.461066e-16	0	1.461066e-16	0	-500.1275	0	-500.1275	0	30786.18	77194.93	270.3943	8625.965	1.106061	1	0	0.4523855	1	2	0	0	
13272	1760.328	3.45e+19	0	0	100000	1.95870334	1.140862e-05	3.857215e+26	5.372135e+25	1.38785e+25	3.984285e+25	1.996812e+26	1.32319e+26	2.80225e+25	3.902833e+24	1.008267e+24	2.894566e+24	1.450675e+25	9.612916e+24	0.3430428	2.80225e+26	3.902833e+25	1.008267e+25	2.894566e+25	1.428841e+26	9.467798e+25	3.634582e+24	0	0	0	0	0	0	0	0	0	0	0	0	0	0	3.609957e+26	9.964676e+17	3.609957e+26	1.631899e+26	6.982704e+21	1.631829e+26	8.736427e+25	1.230887e+14	8.736427e+25	3.263797e+26	2.32016e+14	3.263797e+26	9.725456e+25	1.005981e+15	9.725456e+25	3.115443e+26	2.372461e+21	3.115419e+26	2.148345e+23	1.484678e-09	0.002945027	5.492426e+09	2.529187e+11	4.095468e+12	6.530109e-06	9.115455e-11	1.966687e-16	0.5006596	0.5	0.2840452	1	56.31603	7.003184	10569.8	1.117189e+26	1.827432e+28	5.151575e+27	6.741065e+25	3.118866e+27	1.203261e+27	5.325573e+26	2.294797e+26	0.2188657	0	0.01786028	0.03560219	0.03560219	0.001424136	0.02670164	0	0	-0.04129666	0	1.466593e-16	0	1.466593e-16	0	-500.0722	0	-500.0722	0	30785.55	77194.93	270.966	8625.789	1.106061	1	0	0.4523855	1	2	0	0	
13300	1760.328	3.45e+19	0	0	100000	1.95874325	1.140862e-05	3.865352e+26	5.372224e+25	1.387889e+25	3.984335e+25	2.001717e+26	1.326413e+26	2.808162e+25	3.902898e+24	1.008296e+24	2.894602e+24	1.454239e+25	9.636334e+24	0.3431545	2.808162e+26	3.902898e+25	1.008296e+25	2.894602e+25	1.432359e+26	9.490912e+25	3.642249e+24	0	0	0	0	0	0	0	0	0	0	0	0	0	0	3.617573e+26	1.006493e+18	3.617573e+26	1.635341e+26	6.990058e+21	1.635271e+26	8.754858e+25	1.233912e+14	8.754858e+25	3.270683e+26	2.325863e+14	3.270683e+26	9.745974e+25	1.008454e+15	9.745974e+25	3.122015e+26	2.378292e+21	3.121992e+26	2.148319e+23	1.484693e-09	0.002945079	5.478095e+09	2.542073e+11	4.110704e+12	6.538636e-06	9.139275e-11	1.974401e-16	0.5006581	0.5	0.2844153	1	56.43484	7.017959	10569.8	1.117189e+26	1.827432e+28	5.151575e+27	6.741065e+25	3.118866e+27	1.203261e+27	5.325573e+26	2.294797e+26	0.2188657	0	0.01784081	0.03560219	0.03560219	0.001424136	0.02670164	0	0	-0.04125675	0	1.472144e-16	0	1.472144e-16	0	-500.0169	0	-500.0169	0	30784.93	77194.93	271.5377	8625.613	1.106061	1	0	0.4523856	1	2	0	0	
13328	1760.328	3.45e+19	0	0	100000	1.95878316	1.140862e-05	3.87349e+26	5.372311e+25	1.387927e+25	3.984384e+25	2.006623e+26	1.329636e+26	2.814074e+25	3.902961e+24	1.008323e+24	2.894638e+24	1.457803e+25	9.659751e+24	0.3432657	2.814074e+26	3.902961e+25	1.008323e+25	2.894638e+25	1.435876e+26	9.514025e+25	3.649918e+24	0	0	0	0	0	0	0	0	0	0	0	0	0	0	3.625189e+26	1.016619e+18	3.625189e+26	1.638784e+26	6.997376e+21	1.638714e+26	8.773289e+25	1.236937e+14	8.773289e+25	3.277568e+26	2.331565e+14	3.277568e+26	9.766492e+25	1.010926e+15	9.766492e+25	3.128588e+26	2.384123e+21	3.128564e+26	2.148293e+23	1.484707e-09	0.002945131	5.463832e+09	2.554994e+11	4.125962e+12	6.547155e-06	9.163104e-11	1.982128e-16	0.5006566	0.5	0.284785	1	56.55365	7.032734	10569.8	1.117189e+26	1.827432e+28	5.151575e+27	6.741065e+25	3.118866e+27	1.203261e+27	5.325573e+26	2.294797e+26	0.2188657	0	0.01782133	0.03560219	0.03560219	0.001424136	0.02670164	0	0	-0.04121684	0	1.477722e-16	0	1.477722e-16	0	-499.9616	0	-499.9616	0	30784.3	77194.93	272.1094	8625.438	1.106061	1	0	0.4523856	1	2	0	0	
13356	1760.328	3.45e+19	0	0	100000	1.95882307	1.140862e-05	3.881628e+26	5.372397e+25	1.387965e+25	3.984432e+25	2.011528e+26	1.33286e+26	2.819986e+25	3.903024e+24	1.008351e+24	2.894673e+24	1.461367e+25	9.683168e+24	0.3433765	2.819986e+26	3.903024e+25	1.008351e+25	2.894673e+25	1.439394e+26	9.537138e+25	3.657585e+24	0	0	0	0	0	0	0	0	0	0	0	0	0	0	3.632805e+26	1.026849e+18	3.632805e+26	1.642227e+26	7.004655e+21	1.642157e+26	8.791721e+25	1.239963e+14	8.791721e+25	3.284454e+26	2.337268e+14	3.284454e+26	9.78701e+25	1.013399e+15	9.78701e+25	3.135161e+26	2.389954e+21	3.135137e+26	2.148268e+23	1.484722e-09	0.002945182	5.449638e+09	2.567952e+11	4.141242e+12	6.555666e-06	9.186944e-11	1.989868e-16	0.5006552	0.5	0.2851544	1	56.67246	7.047508	10569.8	1.117189e+26	1.827432e+28	5.151575e+27	6.741065e+25	3.118866e+27	1.203261e+27	5.325573e+26	2.294797e+26	0.2188657	0	0.01780185	0.03560219	0.03560219	0.001424136	0.02670164	0	0	-0.04117693	0	1.483326e-16	0	1.483326e-16	0	-499.9062	0	-499.9062	0	30783.67	77194.93	272.6811	8625.262	1.106061	1	0	0.4523856	1	2	0	0	
13384	1760.328	3.45e+19	0	0	100000	1.95886298	1.140862e-05	3.889765e+26	5.372482e+25	1.388002e+25	3.98448e+25	2.016434e+26	1.336083e+26	2.825898e+25	3.903085e+24	1.008378e+24	2.894707e+24	1.464931e+25	9.706585e+24	0.3434868	2.825898e+26	3.903085e+25	1.008378e+25	2.894707e+25	1.442912e+26	9.560251e+25	3.665253e+24	0	0	0	0	0	0	0	0	0	0	0	0	0	0	3.640421e+26	1.037182e+18	3.640421e+26	1.64567e+26	7.011898e+21	1.6456e+26	8.810152e+25	1.242988e+14	8.810152e+25	3.29134e+26	2.342971e+14	3.29134e+26	9.807528e+25	1.015871e+15	9.807528e+25	3.141733e+26	2.395785e+21	3.141709e+26	2.148243e+23	1.484736e-09	0.002945232	5.435512e+09	2.580945e+11	4.156544e+12	6.564169e-06	9.210792e-11	1.997622e-16	0.5006537	0.5	0.2855234	1	56.79127	7.062283	10569.8	1.117189e+26	1.827432e+28	5.151575e+27	6.741065e+25	3.118866e+27	1.203261e+27	5.325573e+26	2.294797e+26	0.2188657	0	0.01778236	0.03560219	0.03560219	0.001424136	0.02670164	0	0	-0.04113702	0	1.488957e-16	0	1.488957e-16	0	-499.8507	0	-499.8507	0	30783.04	77194.93	273.2527	8625.086	1.106061	1	0	0.4523856	1	2	0	0	
13412	1760.328	3.45e+19	0	0	100000	1.95890289	1.140862e-05	3.897903e+26	5.372565e+25	1.388039e+25	3.984526e+25	2.02134e+26	1.339306e+26	2.83181e+25	3.903146e+24	1.008404e+24	2.894741e+24	1.468495e+25	9.730001e+24	0.3435966	2.83181e+26	3.903146e+25	1.008404e+25	2.894741e+25	1.44643e+26	9.583363e+25	3.67292e+24	0	0	0	0	0	0	0	0	0	0	0	0	0	0	3.648037e+26	1.047621e+18	3.648037e+26	1.649113e+26	7.019101e+21	1.649043e+26	8.828583e+25	1.246014e+14	8.828583e+25	3.298225e+26	2.348674e+14	3.298225e+26	9.828045e+25	1.018344e+15	9.828045e+25	3.148306e+26	2.401617e+21	3.148282e+26	2.148219e+23	1.48475e-09	0.002945282	5.421453e+09	2.593974e+11	4.171869e+12	6.572665e-06	9.234651e-11	2.005388e-16	0.5006523	0.5	0.2858921	1	56.91008	7.077058	10569.8	1.117189e+26	1.827432e+28	5.151575e+27	6.741065e+25	3.118866e+27	1.203261e+27	5.325573e+26	2.294797e+26	0.2188657	0	0.01776286	0.03560219	0.03560219	0.001424136	0.02670164	0	0	-0.04109711	0	1.494613e-16	0	1.494613e-16	0	-499.7952	0	-499.7952	0	30782.42	77194.93	273.8244	8624.91	1.106061	1	0	0.4523857	1	2	0	0	
13440	1760.328	3.45e+19	0	0	100000	1.9589428	1.140862e-05	3.90604e+26	5.372647e+25	1.388075e+25	3.984572e+25	2.026246e+26	1.342529e+26	2.837722e+25	3.903205e+24	1.008431e+24	2.894775e+24	1.472059e+25	9.753417e+24	0.3437059	2.837722e+26	3.903205e+25	1.008431e+25	2.894775e+25	1.449948e+26	9.606475e+25	3.680589e+24	0	0	0	0	0	0	0	0	0	0	0	0	0	0	3.655653e+26	1.058165e+18	3.655653e+26	1.652556e+26	7.026269e+21	1.652485e+26	8.847014e+25	1.24904e+14	8.847014e+25	3.305111e+26	2.354377e+14	3.305111e+26	9.848563e+25	1.020817e+15	9.848563e+25	3.154879e+26	2.407449e+21	3.154855e+26	2.148194e+23	1.484764e-09	0.002945332	5.407461e+09	2.607039e+11	4.187216e+12	6.581154e-06	9.258519e-11	2.013168e-16	0.5006509	0.5	0.2862606	1	57.02889	7.091832	10569.8	1.117189e+26	1.827432e+28	5.151575e+27	6.741065e+25	3.118866e+27	1.203261e+27	5.325573e+26	2.294797e+26	0.2188657	0	0.01774336	0.03560219	0.03560219	0.001424136	0.02670164	0	0	-0.0410572	0	1.500296e-16	0	1.500296e-16	0	-499.7397	0	-499.7397	0	30781.79	77194.93	274.3961	8624.735	1.106061	1	0	0.4523857	1	2	0	0	
13468	1760.328	3.45e+19	0	0	100000	1.95898271	1.140862e-05	3.914178e+26	5.372728e+25	1.388111e+25	3.984617e+25	2.031153e+26	1.345752e+26	2.843634e+25	3.903264e+24	1.008456e+24	2.894807e+24	1.475624e+25	9.776832e+24	0.3438148	2.843634e+26	3.903264e+25	1.008456e+25	2.894807e+25	1.453466e+26	9.629586e+25	3.688257e+24	0	0	0	0	0	0	0	0	0	0	0	0	0	0	3.663269e+26	1.068818e+18	3.663269e+26	1.655998e+26	7.033398e+21	1.655928e+26	8.865446e+25	1.252066e+14	8.865446e+25	3.311997e+26	2.360081e+14	3.311997e+26	9.869081e+25	1.02329e+15	9.869081e+25	3.161451e+26	2.413281e+21	3.161427e+26	2.14817e+23	1.484777e-09	0.00294538	5.393536e+09	2.62014e+11	4.202585e+12	6.589635e-06	9.282397e-11	2.020961e-16	0.5006494	0.5	0.2866286	1	57.1477	7.106607	10569.8	1.117189e+26	1.827432e+28	5.151575e+27	6.741065e+25	3.118866e+27	1.203261e+27	5.325573e+26	2.294797e+26	0.2188657	0	0.01772385	0.03560219	0.03560219	0.001424136	0.02670164	0	0	-0.04101729	0	1.506006e-16	0	1.506006e-16	0	-499.6841	0	-499.6841	0	30781.16	77194.93	274.9678	8624.559	1.106061	1	0	0.4523857	1	2	0	0	
13496	1760.328	3.45e+19	0	0	100000	1.95902262	1.140862e-05	3.922315e+26	5.372807e+25	1.388146e+25	3.984662e+25	2.03606e+26	1.348975e+26	2.849545e+25	3.903322e+24	1.008482e+24	2.89484e+24	1.479189e+25	9.800248e+24	0.3439232	2.849545e+26	3.903322e+25	1.008482e+25	2.89484e+25	1.456984e+26	9.652697e+25	3.695924e+24	0	0	0	0	0	0	0	0	0	0	0	0	0	0	3.670885e+26	1.079578e+18	3.670885e+26	1.659441e+26	7.040492e+21	1.659371e+26	8.883877e+25	1.255092e+14	8.883877e+25	3.318882e+26	2.365784e+14	3.318882e+26	9.889599e+25	1.025763e+15	9.889599e+25	3.168024e+26	2.419113e+21	3.168e+26	2.148147e+23	1.484791e-09	0.002945428	5.379676e+09	2.633277e+11	4.217976e+12	6.598108e-06	9.306285e-11	2.028767e-16	0.500648	0.5	0.2869964	1	57.26651	7.121382	10569.8	1.117189e+26	1.827432e+28	5.151575e+27	6.741065e+25	3.118866e+27	1.203261e+27	5.325573e+26	2.294797e+26	0.2188657	0	0.01770435	0.03560219	0.03560219	0.001424136	0.02670164	0	0	-0.04097738	0	1.511743e-16	0	1.511743e-16	0	-499.6284	0	-499.6284	0	30780.54	77194.93	275.5395	8624.383	1.106061	1	0	0.4523857	1	2	0	0	
13524	1760.328	3.45e+19	0	0	100000	1.95906253	1.140862e-05	3.930453e+26	5.372885e+25	1.38818e+25	3.984705e+25	2.040966e+26	1.352198e+26	2.855457e+25	3.903378e+24	1.008507e+24	2.894871e+24	1.482753e+25	9.823662e+24	0.3440311	2.855457e+26	3.903378e+25	1.008507e+25	2.894871e+25	1.460503e+26	9.675808e+25	3.703592e+24	0	0	0	0	0	0	0	0	0	0	0	0	0	0	3.678501e+26	1.090445e+18	3.678501e+26	1.662884e+26	7.04755e+21	1.662814e+26	8.902308e+25	1.258118e+14	8.902308e+25	3.325768e+26	2.371488e+14	3.325768e+26	9.910117e+25	1.028236e+15	9.910117e+25	3.174597e+26	2.424946e+21	3.174572e+26	2.148123e+23	1.484804e-09	0.002945476	5.365882e+09	2.64645e+11	4.233389e+12	6.606575e-06	9.330182e-11	2.036587e-16	0.5006466	0.5	0.2873638	1	57.38532	7.136156	10569.8	1.117189e+26	1.827432e+28	5.151575e+27	6.741065e+25	3.118866e+27	1.203261e+27	5.325573e+26	2.294797e+26	0.2188657	0	0.01768483	0.03560219	0.03560219	0.001424136	0.02670164	0	0	-0.04093747	0	1.517507e-16	0	1.517507e-16	0	-499.5728	0	-499.5728	0	30779.91	77194.93	276.1112	8624.208	1.106061	1	0	0.4523857	1	2	0	0	
13552	1760.328	3.45e+19	0	0	100000	1.95910244	1.140862e-05	3.938591e+26	5.372962e+25	1.388214e+25	3.984748e+25	2.045873e+26	1.355421e+26	2.861369e+25	3.903434e+24	1.008532e+24	2.894902e+24	1.486318e+25	9.847076e+24	0.3441386	2.861369e+26	3.903434e+25	1.008532e+25	2.894902e+25	1.464021e+26	9.698918e+25	3.71126e+24	0	0	0	0	0	0	0	0	0	0	0	0	0	0	3.686117e+26	1.101428e+18	3.686117e+26	1.666327e+26	7.054565e+21	1.666256e+26	8.92074e+25	1.261144e+14	8.92074e+25	3.332654e+26	2.377193e+14	3.332654e+26	9.930635e+25	1.030709e+15	9.930635e+25	3.181169e+26	2.430779e+21	3.181145e+26	2.1481e+23	1.484818e-09	0.002945523	5.352153e+09	2.659659e+11	4.248825e+12	6.615033e-06	9.354089e-11	2.044419e-16	0.5006452	0.5	0.2877309	1	57.50413	7.150931	10569.8	1.117189e+26	1.827432e+28	5.151575e+27	6.741065e+25	3.118866e+27	1.203261e+27	5.325573e+26	2.294797e+26	0.2188657	0	0.01766532	0.03560219	0.03560219	0.001424136	0.02670164	0	0	-0.04089756	0	1.523297e-16	0	1.523297e-16	0	-499.517	0	-499.517	0	30779.28	77194.93	276.6829	8624.032	1.106061	1	0	0.4523858	1	2	0	0	
13580	1760.328	3.45e+19	0	0	100000	1.95914235	1.140862e-05	3.946728e+26	5.373038e+25	1.388248e+25	3.98479e+25	2.050781e+26	1.358644e+26	2.867281e+25	3.903489e+24	1.008556e+24	2.894933e+24	1.489883e+25	9.87049e+24	0.3442456	2.867281e+26	3.903489e+25	1.008556e+25	2.894933e+25	1.46754e+26	9.722028e+25	3.718929e+24	0	0	0	0	0	0	0	0	0	0	0	0	0	0	3.693733e+26	1.112518e+18	3.693733e+26	1.66977e+26	7.061549e+21	1.669699e+26	8.939171e+25	1.26417e+14	8.939171e+25	3.339539e+26	2.382897e+14	3.339539e+26	9.951152e+25	1.033183e+15	9.951152e+25	3.187742e+26	2.436612e+21	3.187718e+26	2.148077e+23	1.484831e-09	0.002945569	5.338489e+09	2.672903e+11	4.264282e+12	6.623484e-06	9.378005e-11	2.052265e-16	0.5006438	0.5	0.2880977	1	57.62294	7.165705	10569.8	1.117189e+26	1.827432e+28	5.151575e+27	6.741065e+25	3.118866e+27	1.203261e+27	5.325573e+26	2.294797e+26	0.2188657	0	0.01764581	0.03560219	0.03560219	0.001424136	0.02670164	0	0	-0.04085765	0	1.529115e-16	0	1.529115e-16	0	-499.4612	0	-499.4612	0	30778.65	77194.93	277.2546	8623.856	1.106061	1	0	0.4523858	1	2	0	0	
13608	1760.328	3.45e+19	0	0	100000	1.95918226	1.140862e-05	3.954866e+26	5.373112e+25	1.388281e+25	3.984832e+25	2.055688e+26	1.361867e+26	2.873193e+25	3.903543e+24	1.00858e+24	2.894963e+24	1.493448e+25	9.893903e+24	0.3443522	2.873193e+26	3.903543e+25	1.00858e+25	2.894963e+25	1.471059e+26	9.745137e+25	3.726597e+24	0	0	0	0	0	0	0	0	0	0	0	0	0	0	3.701349e+26	1.123723e+18	3.701349e+26	1.673212e+26	7.068495e+21	1.673142e+26	8.957602e+25	1.267197e+14	8.957602e+25	3.346425e+26	2.388602e+14	3.346425e+26	9.97167e+25	1.035656e+15	9.97167e+25	3.194315e+26	2.442445e+21	3.19429e+26	2.148055e+23	1.484843e-09	0.002945615	5.324889e+09	2.686184e+11	4.279762e+12	6.631928e-06	9.401931e-11	2.060124e-16	0.5006424	0.5	0.2884642	1	57.74175	7.18048	10569.8	1.117189e+26	1.827432e+28	5.151575e+27	6.741065e+25	3.118866e+27	1.203261e+27	5.325573e+26	2.294797e+26	0.2188657	0	0.0176263	0.03560219	0.03560219	0.001424136	0.02670164	0	0	-0.04081774	0	1.534961e-16	0	1.534961e-16	0	-499.4054	0	-499.4054	0	30778.03	77194.93	277.8263	8623.681	1.106061	1	0	0.4523858	1	2	0	0	
13636	1760.328	3.45e+19	0	0	100000	1.95922217	1.140862e-05	3.963003e+26	5.373186e+25	1.388313e+25	3.984872e+25	2.060595e+26	1.365089e+26	2.879105e+25	3.903596e+24	1.008604e+24	2.894993e+24	1.497014e+25	9.917316e+24	0.3444583	2.879105e+26	3.903596e+25	1.008604e+25	2.894993e+25	1.474578e+26	9.768246e+25	3.734263e+24	0	0	0	0	0	0	0	0	0	0	0	0	0	0	3.708965e+26	1.135043e+18	3.708965e+26	1.676655e+26	7.075401e+21	1.676585e+26	8.976033e+25	1.270223e+14	8.976033e+25	3.353311e+26	2.394306e+14	3.353311e+26	9.992188e+25	1.038129e+15	9.992188e+25	3.200887e+26	2.448278e+21	3.200863e+26	2.148032e+23	1.484856e-09	0.00294566	5.311352e+09	2.699501e+11	4.295264e+12	6.640365e-06	9.425867e-11	2.067996e-16	0.500641	0.5	0.2888303	1	57.86057	7.195255	10569.8	1.117189e+26	1.827432e+28	5.151575e+27	6.741065e+25	3.118866e+27	1.203261e+27	5.325573e+26	2.294797e+26	0.2188657	0	0.01760679	0.03560219	0.03560219	0.001424136	0.02670164	0	0	-0.04077783	0	1.540834e-16	0	1.540834e-16	0	-499.3495	0	-499.3495	0	30777.4	77194.93	278.398	8623.505	1.106061	1	0	0.4523858	1	2	0	0	
13664	1760.328	3.45e+19	0	0	100000	1.95926208	1.140862e-05	3.971141e+26	5.373258e+25	1.388345e+25	3.984912e+25	2.065503e+26	1.368312e+26	2.885017e+25	3.903649e+24	1.008627e+24	2.895022e+24	1.500579e+25	9.940729e+24	0.344564	2.885017e+26	3.903649e+25	1.008627e+25	2.895022e+25	1.478097e+26	9.791355e+25	3.741932e+24	0	0	0	0	0	0	0	0	0	0	0	0	0	0	3.716581e+26	1.146478e+18	3.716581e+26	1.680098e+26	7.082273e+21	1.680027e+26	8.994465e+25	1.27325e+14	8.994465e+25	3.360196e+26	2.400011e+14	3.360196e+26	1.001271e+26	1.040603e+15	1.001271e+26	3.20746e+26	2.454112e+21	3.207435e+26	2.14801e+23	1.484869e-09	0.002945705	5.297879e+09	2.712854e+11	4.310788e+12	6.648794e-06	9.449812e-11	2.075881e-16	0.5006396	0.5	0.2891962	1	57.97938	7.210029	10569.8	1.117189e+26	1.827432e+28	5.151575e+27	6.741065e+25	3.118866e+27	1.203261e+27	5.325573e+26	2.294797e+26	0.2188657	0	0.01758728	0.03560219	0.03560219	0.001424136	0.02670164	0	0	-0.04073792	0	1.546735e-16	0	1.546735e-16	0	-499.2935	0	-499.2935	0	30776.77	77194.93	278.9697	8623.329	1.106061	1	0	0.4523858	1	2	0	0	
13692	1760.328	3.45e+19	0	0	100000	1.95930199	1.140862e-05	3.979279e+26	5.373328e+25	1.388377e+25	3.984951e+25	2.070411e+26	1.371535e+26	2.890929e+25	3.9037e+24	1.00865e+24	2.89505e+24	1.504145e+25	9.964141e+24	0.3446692	2.890929e+26	3.9037e+25	1.00865e+25	2.89505e+25	1.481617e+26	9.814463e+25	3.749599e+24	0	0	0	0	0	0	0	0	0	0	0	0	0	0	3.724197e+26	1.158031e+18	3.724197e+26	1.683541e+26	7.089106e+21	1.68347e+26	9.012896e+25	1.276277e+14	9.012896e+25	3.367082e+26	2.405717e+14	3.367082e+26	1.003322e+26	1.043077e+15	1.003322e+26	3.214033e+26	2.459946e+21	3.214008e+26	2.147989e+23	1.484881e-09	0.002945749	5.284468e+09	2.726243e+11	4.326334e+12	6.657215e-06	9.473766e-11	2.083779e-16	0.5006382	0.5	0.2895617	1	58.09819	7.224804	10569.8	1.117189e+26	1.827432e+28	5.151575e+27	6.741065e+25	3.118866e+27	1.203261e+27	5.325573e+26	2.294797e+26	0.2188657	0	0.01756777	0.03560219	0.03560219	0.001424136	0.02670164	0	0	-0.04069801	0	1.552664e-16	0	1.552664e-16	0	-499.2375	0	-499.2375	0	30776.15	77194.93	279.5414	8623.154	1.106061	1	0	0.4523859	1	2	0	0	
13720	1760.328	3.45e+19	0	0	100000	1.9593419	1.140862e-05	3.987416e+26	5.373398e+25	1.388408e+25	3.98499e+25	2.075319e+26	1.374757e+26	2.896841e+25	3.903751e+24	1.008673e+24	2.895078e+24	1.50771e+25	9.987552e+24	0.3447739	2.896841e+26	3.903751e+25	1.008673e+25	2.895078e+25	1.485136e+26	9.83757e+25	3.757268e+24	0	0	0	0	0	0	0	0	0	0	0	0	0	0	3.731813e+26	1.169699e+18	3.731813e+26	1.686984e+26	7.095904e+21	1.686913e+26	9.031327e+25	1.279303e+14	9.031327e+25	3.373968e+26	2.411422e+14	3.373968e+26	1.005374e+26	1.04555e+15	1.005374e+26	3.220605e+26	2.46578e+21	3.220581e+26	2.147967e+23	1.484893e-09	0.002945792	5.271121e+09	2.739668e+11	4.341902e+12	6.66563e-06	9.49773e-11	2.091691e-16	0.5006368	0.5	0.2899269	1	58.217	7.239579	10569.8	1.117189e+26	1.827432e+28	5.151575e+27	6.741065e+25	3.118866e+27	1.203261e+27	5.325573e+26	2.294797e+26	0.2188657	0	0.01754826	0.03560219	0.03560219	0.001424136	0.02670164	0	0	-0.0406581	0	1.558621e-16	0	1.558621e-16	0	-499.1815	0	-499.1815	0	30775.52	77194.93	280.1131	8622.978	1.106061	1	0	0.4523859	1	2	0	0	
13748	1760.328	3.45e+19	0	0	100000	1.95938181	1.140862e-05	3.995554e+26	5.373467e+25	1.388439e+25	3.985028e+25	2.080227e+26	1.37798e+26	2.902753e+25	3.903801e+24	1.008695e+24	2.895106e+24	1.511276e+25	1.001096e+25	0.3448783	2.902753e+26	3.903801e+25	1.008695e+25	2.895106e+25	1.488656e+26	9.860678e+25	3.764936e+24	0	0	0	0	0	0	0	0	0	0	0	0	0	0	3.739429e+26	1.181486e+18	3.739428e+26	1.690427e+26	7.102668e+21	1.690356e+26	9.049758e+25	1.28233e+14	9.049758e+25	3.380853e+26	2.417128e+14	3.380853e+26	1.007426e+26	1.048024e+15	1.007426e+26	3.227178e+26	2.471614e+21	3.227153e+26	2.147946e+23	1.484906e-09	0.002945835	5.257835e+09	2.753129e+11	4.357492e+12	6.674037e-06	9.521704e-11	2.099615e-16	0.5006354	0.5	0.2902918	1	58.33581	7.254353	10569.8	1.117189e+26	1.827432e+28	5.151575e+27	6.741065e+25	3.118866e+27	1.203261e+27	5.325573e+26	2.294797e+26	0.2188657	0	0.01752876	0.03560219	0.03560219	0.001424136	0.02670164	0	0	-0.04061819	0	1.564606e-16	0	1.564606e-16	0	-499.1254	0	-499.1254	0	30774.89	77194.93	280.6848	8622.802	1.106061	1	0	0.4523859	1	2	0	0	
13776	1760.328	3.45e+19	0	0	100000	1.95942172	1.140862e-05	4.003691e+26	5.373534e+25	1.388469e+25	3.985065e+25	2.085136e+26	1.381202e+26	2.908665e+25	3.90385e+24	1.008717e+24	2.895133e+24	1.514842e+25	1.003437e+25	0.3449822	2.908665e+26	3.90385e+25	1.008717e+25	2.895133e+25	1.492175e+26	9.883784e+25	3.772604e+24	0	0	0	0	0	0	0	0	0	0	0	0	0	0	3.747044e+26	1.193395e+18	3.747044e+26	1.693869e+26	7.109393e+21	1.693798e+26	9.06819e+25	1.285357e+14	9.06819e+25	3.387739e+26	2.422834e+14	3.387739e+26	1.009478e+26	1.050498e+15	1.009478e+26	3.233751e+26	2.477448e+21	3.233726e+26	2.147925e+23	1.484918e-09	0.002945878	5.24461e+09	2.766626e+11	4.373104e+12	6.682437e-06	9.545687e-11	2.107553e-16	0.5006341	0.5	0.2906563	1	58.45462	7.269128	10569.8	1.117189e+26	1.827432e+28	5.151575e+27	6.741065e+25	3.118866e+27	1.203261e+27	5.325573e+26	2.294797e+26	0.2188657	0	0.01750926	0.03560219	0.03560219	0.001424136	0.02670164	0	0	-0.04057828	0	1.57062e-16	0	1.57062e-16	0	-499.0693	0	-499.0693	0	30774.27	77194.93	281.2564	8622.627	1.106061	1	0	0.4523859	1	2	0	0	
13804	1760.328	3.45e+19	0	0	100000	1.95946163	1.140862e-05	4.011829e+26	5.373601e+25	1.388499e+25	3.985102e+25	2.090044e+26	1.384424e+26	2.914577e+25	3.903898e+24	1.008739e+24	2.895159e+24	1.518408e+25	1.005778e+25	0.3450856	2.914577e+26	3.903898e+25	1.008739e+25	2.895159e+25	1.495695e+26	9.906891e+25	3.780272e+24	0	0	0	0	0	0	0	0	0	0	0	0	0	0	3.75466e+26	1.205426e+18	3.75466e+26	1.697312e+26	7.116081e+21	1.697241e+26	9.086621e+25	1.288385e+14	9.086621e+25	3.394624e+26	2.42854e+14	3.394624e+26	1.01153e+26	1.052972e+15	1.01153e+26	3.240323e+26	2.483283e+21	3.240299e+26	2.147904e+23	1.484929e-09	0.00294592	5.231447e+09	2.78016e+11	4.388738e+12	6.69083e-06	9.569679e-11	2.115504e-16	0.5006327	0.5	0.2910206	1	58.57343	7.283903	10569.8	1.117189e+26	1.827432e+28	5.151575e+27	6.741065e+25	3.118866e+27	1.203261e+27	5.325573e+26	2.294797e+26	0.2188657	0	0.01748977	0.03560219	0.03560219	0.001424136	0.02670164	0	0	-0.04053837	0	1.576662e-16	0	1.576662e-16	0	-499.0131	0	-499.0131	0	30773.64	77194.93	281.8281	8622.451	1.106061	1	0	0.452386	1	2	0	0	
13832	1760.328	3.45e+19	0	0	100000	1.95950154	1.140862e-05	4.019966e+26	5.373666e+25	1.388529e+25	3.985137e+25	2.094953e+26	1.387647e+26	2.920488e+25	3.903945e+24	1.00876e+24	2.895185e+24	1.521975e+25	1.008119e+25	0.3451886	2.920488e+26	3.903945e+25	1.00876e+25	2.895185e+25	1.499215e+26	9.929997e+25	3.787939e+24	0	0	0	0	0	0	0	0	0	0	0	0	0	0	3.762276e+26	1.217579e+18	3.762276e+26	1.700755e+26	7.122733e+21	1.700684e+26	9.105052e+25	1.291412e+14	9.105052e+25	3.40151e+26	2.434246e+14	3.40151e+26	1.013581e+26	1.055446e+15	1.013581e+26	3.246896e+26	2.489118e+21	3.246871e+26	2.147884e+23	1.484941e-09	0.002945962	5.218345e+09	2.793729e+11	4.404393e+12	6.699215e-06	9.593681e-11	2.123468e-16	0.5006314	0.5	0.2913845	1	58.69224	7.298677	10569.8	1.117189e+26	1.827432e+28	5.151575e+27	6.741065e+25	3.118866e+27	1.203261e+27	5.325573e+26	2.294797e+26	0.2188657	0	0.01747028	0.03560219	0.03560219	0.001424136	0.02670164	0	0	-0.04049846	0	1.582733e-16	0	1.582733e-16	0	-498.9568	0	-498.9568	0	30773.01	77194.93	282.3998	8622.276	1.106061	1	0	0.452386	1	2	0	0	
13860	1760.328	3.45e+19	0	0	100000	1.95954145	1.140862e-05	4.028104e+26	5.37373e+25	1.388558e+25	3.985173e+25	2.099862e+26	1.390869e+26	2.9264e+25	3.903992e+24	1.008781e+24	2.895211e+24	1.525541e+25	1.01046e+25	0.3452912	2.9264e+26	3.903992e+25	1.008781e+25	2.895211e+25	1.502735e+26	9.953102e+25	3.795607e+24	0	0	0	0	0	0	0	0	0	0	0	0	0	0	3.769892e+26	1.229859e+18	3.769892e+26	1.704198e+26	7.129348e+21	1.704127e+26	9.123484e+25	1.294439e+14	9.123484e+25	3.408396e+26	2.439952e+14	3.408396e+26	1.015633e+26	1.05792e+15	1.015633e+26	3.253469e+26	2.494953e+21	3.253444e+26	2.147864e+23	1.484953e-09	0.002946003	5.205303e+09	2.807335e+11	4.420071e+12	6.707593e-06	9.617693e-11	2.131445e-16	0.50063	0.5	0.2917481	1	58.81105	7.313452	10569.8	1.117189e+26	1.827432e+28	5.151575e+27	6.741065e+25	3.118866e+27	1.203261e+27	5.325573e+26	2.294797e+26	0.2188657	0	0.0174508	0.03560219	0.03560219	0.001424136	0.02670164	0	0	-0.04045855	0	1.588832e-16	0	1.588832e-16	0	-498.9005	0	-498.9005	0	30772.39	77194.93	282.9715	8622.1	1.106061	1	0	0.452386	1	2	0	0	
13888	1760.328	3.45e+19	0	0	100000	1.95958136	1.140862e-05	4.036242e+26	5.373793e+25	1.388586e+25	3.985207e+25	2.104771e+26	1.394091e+26	2.932312e+25	3.904038e+24	1.008802e+24	2.895236e+24	1.529107e+25	1.012801e+25	0.3453934	2.932312e+26	3.904038e+25	1.008802e+25	2.895236e+25	1.506255e+26	9.976207e+25	3.803275e+24	0	0	0	0	0	0	0	0	0	0	0	0	0	0	3.777508e+26	1.242262e+18	3.777508e+26	1.707641e+26	7.135929e+21	1.707569e+26	9.141915e+25	1.297467e+14	9.141915e+25	3.415281e+26	2.445659e+14	3.415281e+26	1.017685e+26	1.060395e+15	1.017685e+26	3.260041e+26	2.500788e+21	3.260016e+26	2.147844e+23	1.484964e-09	0.002946043	5.192321e+09	2.820977e+11	4.435771e+12	6.715965e-06	9.641713e-11	2.139435e-16	0.5006287	0.5	0.2921115	1	58.92986	7.328227	10569.8	1.117189e+26	1.827432e+28	5.151575e+27	6.741065e+25	3.118866e+27	1.203261e+27	5.325573e+26	2.294797e+26	0.2188657	0	0.01743133	0.03560219	0.03560219	0.001424136	0.02670164	0	0	-0.04041864	0	1.594961e-16	0	1.594961e-16	0	-498.8442	0	-498.8442	0	30771.76	77194.93	283.5432	8621.924	1.106061	1	0	0.452386	1	2	0	0	
13916	1760.328	3.45e+19	0	0	100000	1.95962127	1.140862e-05	4.044379e+26	5.373856e+25	1.388614e+25	3.985241e+25	2.10968e+26	1.397313e+26	2.938224e+25	3.904083e+24	1.008822e+24	2.895261e+24	1.532674e+25	1.015142e+25	0.3454951	2.938224e+26	3.904083e+25	1.008822e+25	2.895261e+25	1.509775e+26	9.999312e+25	3.810943e+24	0	0	0	0	0	0	0	0	0	0	0	0	0	0	3.785124e+26	1.254793e+18	3.785124e+26	1.711084e+26	7.142471e+21	1.711012e+26	9.160346e+25	1.300495e+14	9.160346e+25	3.422167e+26	2.451366e+14	3.422167e+26	1.019737e+26	1.062869e+15	1.019737e+26	3.266614e+26	2.506624e+21	3.266589e+26	2.147824e+23	1.484975e-09	0.002946083	5.179398e+09	2.834655e+11	4.451493e+12	6.724328e-06	9.665744e-11	2.147438e-16	0.5006273	0.5	0.2924745	1	59.04867	7.343001	10569.8	1.117189e+26	1.827432e+28	5.151575e+27	6.741065e+25	3.118866e+27	1.203261e+27	5.325573e+26	2.294797e+26	0.2188657	0	0.01741186	0.03560219	0.03560219	0.001424136	0.02670164	0	0	-0.04037873	0	1.601119e-16	0	1.601119e-16	0	-498.7878	0	-498.7878	0	30771.13	77194.93	284.1149	8621.749	1.106061	1	0	0.452386	1	2	0	0	
13944	1760.328	3.45e+19	0	0	100000	1.95966118	1.140862e-05	4.052517e+26	5.373917e+25	1.388642e+25	3.985275e+25	2.11459e+26	1.400535e+26	2.944136e+25	3.904128e+24	1.008843e+24	2.895285e+24	1.536241e+25	1.017483e+25	0.3455964	2.944136e+26	3.904128e+25	1.008843e+25	2.895285e+25	1.513296e+26	1.002242e+26	3.818611e+24	0	0	0	0	0	0	0	0	0	0	0	0	0	0	3.79274e+26	1.267455e+18	3.79274e+26	1.714526e+26	7.148976e+21	1.714455e+26	9.178777e+25	1.303522e+14	9.178777e+25	3.429053e+26	2.457073e+14	3.429053e+26	1.021788e+26	1.065343e+15	1.021788e+26	3.273187e+26	2.512459e+21	3.273162e+26	2.147804e+23	1.484986e-09	0.002946123	5.166534e+09	2.848369e+11	4.467236e+12	6.732685e-06	9.689783e-11	2.155454e-16	0.500626	0.5	0.2928372	1	59.16748	7.357776	10569.8	1.117189e+26	1.827432e+28	5.151575e+27	6.741065e+25	3.118866e+27	1.203261e+27	5.325573e+26	2.294797e+26	0.2188657	0	0.0173924	0.03560219	0.03560219	0.001424136	0.02670164	0	0	-0.04033882	0	1.607306e-16	0	1.607306e-16	0	-498.7313	0	-498.7313	0	30770.51	77194.93	284.6866	8621.573	1.106061	1	0	0.452386	1	2	0	0	
13972	1760.328	3.45e+19	0	0	100000	1.95970109	1.140862e-05	4.060654e+26	5.373977e+25	1.388669e+25	3.985307e+25	2.1195e+26	1.403757e+26	2.950048e+25	3.904171e+24	1.008862e+24	2.895309e+24	1.539807e+25	1.019824e+25	0.3456973	2.950048e+26	3.904171e+25	1.008862e+25	2.895309e+25	1.516816e+26	1.004552e+26	3.826279e+24	0	0	0	0	0	0	0	0	0	0	0	0	0	0	3.800356e+26	1.280245e+18	3.800356e+26	1.717969e+26	7.155447e+21	1.717898e+26	9.197209e+25	1.30655e+14	9.197209e+25	3.435938e+26	2.46278e+14	3.435938e+26	1.02384e+26	1.067818e+15	1.02384e+26	3.279759e+26	2.518295e+21	3.279734e+26	2.147785e+23	1.484998e-09	0.002946162	5.15373e+09	2.862119e+11	4.483002e+12	6.741035e-06	9.713832e-11	2.163484e-16	0.5006247	0.5	0.2931996	1	59.28629	7.372551	10569.8	1.117189e+26	1.827432e+28	5.151575e+27	6.741065e+25	3.118866e+27	1.203261e+27	5.325573e+26	2.294797e+26	0.2188657	0	0.01737295	0.03560219	0.03560219	0.001424136	0.02670164	0	0	-0.04029891	0	1.613523e-16	0	1.613523e-16	0	-498.6748	0	-498.6748	0	30769.88	77194.93	285.2583	8621.398	1.106061	1	0	0.4523861	1	2	0	0	
14000	1760.328	3.45e+19	0	0	100000	1.959741	1.140862e-05	4.068792e+26	5.374036e+25	1.388696e+25	3.98534e+25	2.124409e+26	1.406979e+26	2.95596e+25	3.904214e+24	1.008882e+24	2.895332e+24	1.543374e+25	1.022164e+25	0.3457977	2.95596e+26	3.904214e+25	1.008882e+25	2.895332e+25	1.520337e+26	1.006862e+26	3.833946e+24	0	0	0	0	0	0	0	0	0	0	0	0	0	0	3.807972e+26	1.293164e+18	3.807972e+26	1.721412e+26	7.161884e+21	1.72134e+26	9.21564e+25	1.309578e+14	9.21564e+25	3.442824e+26	2.468488e+14	3.442824e+26	1.025892e+26	1.070292e+15	1.025892e+26	3.286332e+26	2.524131e+21	3.286307e+26	2.147766e+23	1.485008e-09	0.002946201	5.140983e+09	2.875906e+11	4.498789e+12	6.749378e-06	9.737891e-11	2.171526e-16	0.5006234	0.5	0.2935617	1	59.4051	7.387325	10569.8	1.117189e+26	1.827432e+28	5.151575e+27	6.741065e+25	3.118866e+27	1.203261e+27	5.325573e+26	2.294797e+26	0.2188657	0	0.01735351	0.03560219	0.03560219	0.001424136	0.02670164	0	0	-0.040259	0	1.61977e-16	0	1.61977e-16	0	-498.6183	0	-498.6183	0	30769.25	77194.93	285.83	8621.222	1.106061	1	0	0.4523861	1	2	0	0	
14028	1760.328	3.45e+19	0	0	100000	1.95978185	1.140862e-05	4.07693e+26	5.374094e+25	1.388723e+25	3.985371e+25	2.129319e+26	1.410201e+26	2.961872e+25	3.904257e+24	1.008901e+24	2.895355e+24	1.546941e+25	1.024505e+25	0.3458978	2.961872e+26	3.904257e+25	1.008901e+25	2.895355e+25	1.523858e+26	1.009172e+26	3.841615e+24	0	0	0	0	0	0	0	0	0	0	0	0	0	0	3.815588e+26	1.306456e+18	3.815588e+26	1.724855e+26	7.168043e+21	1.724783e+26	9.234071e+25	1.312606e+14	9.234071e+25	3.44971e+26	2.474195e+14	3.44971e+26	1.027944e+26	1.072767e+15	1.027944e+26	3.292905e+26	2.529968e+21	3.292879e+26	2.147747e+23	1.485019e-09	0.002946239	5.128295e+09	2.889729e+11	4.514598e+12	6.757713e-06	9.761959e-11	2.179582e-16	0.500622	0.5	0.2939234	1	59.52391	7.4021	10569.8	1.117189e+26	1.827432e+28	5.151575e+27	6.741065e+25	3.118866e+27	1.203261e+27	5.325573e+26	2.294797e+26	0.2188657	0	0.01733408	0.03560219	0.03560219	0.001424136	0.02670164	0	0	-0.04021815	0	1.626195e-16	0	1.626195e-16	0	-498.5604	0	-498.5604	0	30768.61	77194.93	286.4017	8621.042	1.106061	1	0	0.4523861	1	2	0	0	
14056	1760.328	3.45e+19	0	0	100000	1.9598227	1.140862e-05	4.085067e+26	5.374151e+25	1.388749e+25	3.985402e+25	2.134229e+26	1.413423e+26	2.967784e+25	3.904298e+24	1.00892e+24	2.895378e+24	1.550509e+25	1.026845e+25	0.3459974	2.967784e+26	3.904298e+25	1.00892e+25	2.895378e+25	1.527379e+26	1.011483e+26	3.849282e+24	0	0	0	0	0	0	0	0	0	0	0	0	0	0	3.823204e+26	1.319886e+18	3.823204e+26	1.728298e+26	7.174168e+21	1.728226e+26	9.252503e+25	1.315634e+14	9.252503e+25	3.456595e+26	2.479903e+14	3.456595e+26	1.029996e+26	1.075242e+15	1.029996e+26	3.299477e+26	2.535804e+21	3.299452e+26	2.147729e+23	1.48503e-09	0.002946277	5.115664e+09	2.903588e+11	4.530429e+12	6.766042e-06	9.786036e-11	2.187651e-16	0.5006207	0.5	0.2942849	1	59.64272	7.416875	10569.8	1.117189e+26	1.827432e+28	5.151575e+27	6.741065e+25	3.118866e+27	1.203261e+27	5.325573e+26	2.294797e+26	0.2188657	0	0.01731466	0.03560219	0.03560219	0.001424136	0.02670164	0	0	-0.0401773	0	1.632651e-16	0	1.632651e-16	0	-498.5024	0	-498.5024	0	30767.97	77194.93	286.9734	8620.863	1.106061	1	0	0.4523861	1	2	0	0	
14084	1760.328	3.45e+19	0	0	100000	1.95986355	1.140862e-05	4.093205e+26	5.374208e+25	1.388775e+25	3.985433e+25	2.13914e+26	1.416644e+26	2.973696e+25	3.904339e+24	1.008939e+24	2.8954e+24	1.554076e+25	1.029186e+25	0.3460966	2.973696e+26	3.904339e+25	1.008939e+25	2.8954e+25	1.5309e+26	1.013793e+26	3.85695e+24	0	0	0	0	0	0	0	0	0	0	0	0	0	0	3.83082e+26	1.333461e+18	3.83082e+26	1.73174e+26	7.180252e+21	1.731669e+26	9.270934e+25	1.318662e+14	9.270934e+25	3.463481e+26	2.485611e+14	3.463481e+26	1.032047e+26	1.077717e+15	1.032047e+26	3.30605e+26	2.541641e+21	3.306025e+26	2.14771e+23	1.48504e-09	0.002946314	5.103091e+09	2.917484e+11	4.546282e+12	6.774363e-06	9.810122e-11	2.195732e-16	0.5006194	0.5	0.2946461	1	59.76153	7.431649	10569.8	1.117189e+26	1.827432e+28	5.151575e+27	6.741065e+25	3.118866e+27	1.203261e+27	5.325573e+26	2.294797e+26	0.2188657	0	0.01729525	0.03560219	0.03560219	0.001424136	0.02670164	0	0	-0.04013645	0	1.639139e-16	0	1.639139e-16	0	-498.4443	0	-498.4443	0	30767.33	77194.93	287.5451	8620.683	1.106061	1	0	0.4523861	1	2	0	0	
14112	1760.328	3.45e+19	0	0	100000	1.9599044	1.140862e-05	4.101342e+26	5.374263e+25	1.3888e+25	3.985463e+25	2.14405e+26	1.419866e+26	2.979608e+25	3.904379e+24	1.008958e+24	2.895422e+24	1.557643e+25	1.031527e+25	0.3461954	2.979608e+26	3.904379e+25	1.008958e+25	2.895422e+25	1.534421e+26	1.016103e+26	3.864618e+24	0	0	0	0	0	0	0	0	0	0	0	0	0	0	3.838436e+26	1.347172e+18	3.838436e+26	1.735183e+26	7.186305e+21	1.735111e+26	9.289365e+25	1.321691e+14	9.289365e+25	3.470367e+26	2.491319e+14	3.470367e+26	1.034099e+26	1.080192e+15	1.034099e+26	3.312623e+26	2.547477e+21	3.312597e+26	2.147692e+23	1.485051e-09	0.002946351	5.090574e+09	2.931416e+11	4.562157e+12	6.782678e-06	9.834218e-11	2.203827e-16	0.5006181	0.5	0.295007	1	59.88034	7.446424	10569.8	1.117189e+26	1.827432e+28	5.151575e+27	6.741065e+25	3.118866e+27	1.203261e+27	5.325573e+26	2.294797e+26	0.2188657	0	0.01727586	0.03560219	0.03560219	0.001424136	0.02670164	0	0	-0.0400956	0	1.645659e-16	0	1.645659e-16	0	-498.3862	0	-498.3862	0	30766.69	77194.93	288.1168	8620.503	1.106061	1	0	0.4523862	1	2	0	0	
14140	1760.328	3.45e+19	0	0	100000	1.95994525	1.140862e-05	4.10948e+26	5.374317e+25	1.388825e+25	3.985492e+25	2.148961e+26	1.423087e+26	2.98552e+25	3.904419e+24	1.008976e+24	2.895443e+24	1.561211e+25	1.033867e+25	0.3462938	2.98552e+26	3.904419e+25	1.008976e+25	2.895443e+25	1.537942e+26	1.018413e+26	3.872285e+24	0	0	0	0	0	0	0	0	0	0	0	0	0	0	3.846052e+26	1.361032e+18	3.846052e+26	1.738626e+26	7.192318e+21	1.738554e+26	9.307796e+25	1.324719e+14	9.307796e+25	3.477252e+26	2.497028e+14	3.477252e+26	1.036151e+26	1.082667e+15	1.036151e+26	3.319195e+26	2.553315e+21	3.31917e+26	2.147674e+23	1.485061e-09	0.002946387	5.078114e+09	2.945384e+11	4.578053e+12	6.790986e-06	9.858323e-11	2.211935e-16	0.5006168	0.5	0.2953675	1	59.99915	7.461198	10569.8	1.117189e+26	1.827432e+28	5.151575e+27	6.741065e+25	3.118866e+27	1.203261e+27	5.325573e+26	2.294797e+26	0.2188657	0	0.01725648	0.03560219	0.03560219	0.001424136	0.02670164	0	0	-0.04005475	0	1.65221e-16	0	1.65221e-16	0	-498.3281	0	-498.3281	0	30766.05	77194.93	288.6885	8620.324	1.106061	1	0	0.4523862	1	2	0	0	
14168	1760.328	3.45e+19	0	0	100000	1.9599861	1.140862e-05	4.117618e+26	5.374371e+25	1.38885e+25	3.985521e+25	2.153871e+26	1.426309e+26	2.991432e+25	3.904458e+24	1.008994e+24	2.895464e+24	1.564778e+25	1.036207e+25	0.3463918	2.991432e+26	3.904458e+25	1.008994e+25	2.895464e+25	1.541463e+26	1.020723e+26	3.879954e+24	0	0	0	0	0	0	0	0	0	0	0	0	0	0	3.853668e+26	1.375035e+18	3.853668e+26	1.742069e+26	7.198297e+21	1.741997e+26	9.326228e+25	1.327748e+14	9.326228e+25	3.484138e+26	2.502736e+14	3.484138e+26	1.038203e+26	1.085142e+15	1.038203e+26	3.325768e+26	2.559152e+21	3.325742e+26	2.147656e+23	1.485071e-09	0.002946423	5.065709e+09	2.959389e+11	4.593971e+12	6.799286e-06	9.882438e-11	2.220056e-16	0.5006156	0.5	0.2957278	1	60.11796	7.475973	10569.8	1.117189e+26	1.827432e+28	5.151575e+27	6.741065e+25	3.118866e+27	1.203261e+27	5.325573e+26	2.294797e+26	0.2188657	0	0.01723711	0.03560219	0.03560219	0.001424136	0.02670164	0	0	-0.0400139	0	1.658794e-16	0	1.658794e-16	0	-498.2699	0	-498.2699	0	30765.4	77194.93	289.2602	8620.144	1.106061	1	0	0.4523862	1	2	0	0	
14196	1760.328	3.45e+19	0	0	100000	1.96002695	1.140862e-05	4.125755e+26	5.374424e+25	1.388875e+25	3.985549e+25	2.158782e+26	1.42953e+26	2.997343e+25	3.904496e+24	1.009011e+24	2.895484e+24	1.568346e+25	1.038548e+25	0.3464894	2.997343e+26	3.904496e+25	1.009011e+25	2.895484e+25	1.544985e+26	1.023033e+26	3.887621e+24	0	0	0	0	0	0	0	0	0	0	0	0	0	0	3.861284e+26	1.389186e+18	3.861284e+26	1.745512e+26	7.204239e+21	1.74544e+26	9.344659e+25	1.330776e+14	9.344659e+25	3.491024e+26	2.508445e+14	3.491024e+26	1.040254e+26	1.087617e+15	1.040254e+26	3.332341e+26	2.564989e+21	3.332315e+26	2.147639e+23	1.485081e-09	0.002946459	5.053361e+09	2.97343e+11	4.609911e+12	6.80758e-06	9.906561e-11	2.22819e-16	0.5006143	0.5	0.2960878	1	60.23677	7.490748	10569.8	1.117189e+26	1.827432e+28	5.151575e+27	6.741065e+25	3.118866e+27	1.203261e+27	5.325573e+26	2.294797e+26	0.2188657	0	0.01721775	0.03560219	0.03560219	0.001424136	0.02670164	0	0	-0.03997305	0	1.665411e-16	0	1.665411e-16	0	-498.2116	0	-498.2116	0	30764.76	77194.93	289.8319	8619.964	1.106061	1	0	0.4523862	1	2	0	0	
14224	1760.328	3.45e+19	0	0	100000	1.9600678	1.140862e-05	4.133893e+26	5.374475e+25	1.388898e+25	3.985577e+25	2.163693e+26	1.432752e+26	3.003255e+25	3.904533e+24	1.009029e+24	2.895505e+24	1.571914e+25	1.040888e+25	0.3465866	3.003255e+26	3.904533e+25	1.009029e+25	2.895505e+25	1.548506e+26	1.025343e+26	3.895289e+24	0	0	0	0	0	0	0	0	0	0	0	0	0	0	3.8689e+26	1.403488e+18	3.8689e+26	1.748955e+26	7.210144e+21	1.748882e+26	9.36309e+25	1.333805e+14	9.36309e+25	3.497909e+26	2.514154e+14	3.497909e+26	1.042306e+26	1.090092e+15	1.042306e+26	3.338913e+26	2.570827e+21	3.338888e+26	2.147622e+23	1.485091e-09	0.002946494	5.041067e+09	2.987507e+11	4.625872e+12	6.815867e-06	9.930694e-11	2.236337e-16	0.500613	0.5	0.2964474	1	60.35558	7.505522	10569.8	1.117189e+26	1.827432e+28	5.151575e+27	6.741065e+25	3.118866e+27	1.203261e+27	5.325573e+26	2.294797e+26	0.2188657	0	0.01719841	0.03560219	0.03560219	0.001424136	0.02670164	0	0	-0.0399322	0	1.67206e-16	0	1.67206e-16	0	-498.1533	0	-498.1533	0	30764.12	77194.93	290.4036	8619.785	1.106061	1	0	0.4523863	1	2	0	0	
14252	1760.328	3.45e+19	0	0	100000	1.96010865	1.140862e-05	4.14203e+26	5.374526e+25	1.388922e+25	3.985604e+25	2.168605e+26	1.435973e+26	3.009167e+25	3.90457e+24	1.009046e+24	2.895524e+24	1.575482e+25	1.043228e+25	0.3466834	3.009167e+26	3.90457e+25	1.009046e+25	2.895524e+25	1.552028e+26	1.027653e+26	3.902958e+24	0	0	0	0	0	0	0	0	0	0	0	0	0	0	3.876515e+26	1.417941e+18	3.876515e+26	1.752397e+26	7.216012e+21	1.752325e+26	9.381522e+25	1.336834e+14	9.381522e+25	3.504795e+26	2.519863e+14	3.504795e+26	1.044358e+26	1.092567e+15	1.044358e+26	3.345486e+26	2.576665e+21	3.34546e+26	2.147605e+23	1.485101e-09	0.002946529	5.028829e+09	3.001621e+11	4.641856e+12	6.824147e-06	9.954836e-11	2.244497e-16	0.5006117	0.5	0.2968068	1	60.47439	7.520297	10569.8	1.117189e+26	1.827432e+28	5.151575e+27	6.741065e+25	3.118866e+27	1.203261e+27	5.325573e+26	2.294797e+26	0.2188657	0	0.01717908	0.03560219	0.03560219	0.001424136	0.02670164	0	0	-0.03989135	0	1.678742e-16	0	1.678742e-16	0	-498.0949	0	-498.0949	0	30763.48	77194.93	290.9753	8619.605	1.106061	1	0	0.4523863	1	2	0	0	
14280	1760.328	3.45e+19	0	0	100000	1.9601495	1.140862e-05	4.150168e+26	5.374576e+25	1.388945e+25	3.985631e+25	2.173516e+26	1.439194e+26	3.015079e+25	3.904607e+24	1.009063e+24	2.895544e+24	1.57905e+25	1.045568e+25	0.3467797	3.015079e+26	3.904607e+25	1.009063e+25	2.895544e+25	1.55555e+26	1.029963e+26	3.910625e+24	0	0	0	0	0	0	0	0	0	0	0	0	0	0	3.884131e+26	1.432543e+18	3.884131e+26	1.75584e+26	7.221847e+21	1.755768e+26	9.399953e+25	1.339863e+14	9.399953e+25	3.51168e+26	2.525572e+14	3.51168e+26	1.04641e+26	1.095043e+15	1.04641e+26	3.352059e+26	2.582503e+21	3.352033e+26	2.147588e+23	1.48511e-09	0.002946563	5.016646e+09	3.015771e+11	4.657861e+12	6.83242e-06	9.978988e-11	2.25267e-16	0.5006105	0.5	0.2971659	1	60.5932	7.535072	10569.8	1.117189e+26	1.827432e+28	5.151575e+27	6.741065e+25	3.118866e+27	1.203261e+27	5.325573e+26	2.294797e+26	0.2188657	0	0.01715977	0.03560219	0.03560219	0.001424136	0.02670164	0	0	-0.0398505	0	1.685457e-16	0	1.685457e-16	0	-498.0365	0	-498.0365	0	30762.84	77194.93	291.547	8619.425	1.106061	1	0	0.4523863	1	2	0	0	
14308	1760.328	3.45e+19	0	0	100000	1.96019035	1.140862e-05	4.158305e+26	5.374625e+25	1.388968e+25	3.985657e+25	2.178428e+26	1.442415e+26	3.020991e+25	3.904642e+24	1.00908e+24	2.895563e+24	1.582618e+25	1.047909e+25	0.3468757	3.020991e+26	3.904642e+25	1.00908e+25	2.895563e+25	1.559072e+26	1.032272e+26	3.918293e+24	0	0	0	0	0	0	0	0	0	0	0	0	0	0	3.891747e+26	1.447301e+18	3.891747e+26	1.759283e+26	7.227645e+21	1.759211e+26	9.418384e+25	1.342892e+14	9.418384e+25	3.518566e+26	2.531282e+14	3.518566e+26	1.048462e+26	1.097518e+15	1.048462e+26	3.358631e+26	2.588341e+21	3.358605e+26	2.147571e+23	1.48512e-09	0.002946597	5.004516e+09	3.029957e+11	4.673887e+12	6.840686e-06	1.000315e-10	2.260856e-16	0.5006092	0.5	0.2975247	1	60.71201	7.549846	10569.8	1.117189e+26	1.827432e+28	5.151575e+27	6.741065e+25	3.118866e+27	1.203261e+27	5.325573e+26	2.294797e+26	0.2188657	0	0.01714048	0.03560219	0.03560219	0.001424136	0.02670164	0	0	-0.03980965	0	1.692205e-16	0	1.692205e-16	0	-497.978	0	-497.978	0	30762.2	77194.93	292.1187	8619.246	1.106061	1	0	0.4523863	1	2	0	0	
14336	1760.328	3.45e+19	0	0	100000	1.9602312	1.140862e-05	4.166443e+26	5.374674e+25	1.388991e+25	3.985683e+25	2.183339e+26	1.445636e+26	3.026903e+25	3.904677e+24	1.009096e+24	2.895581e+24	1.586187e+25	1.050249e+25	0.3469713	3.026903e+26	3.904677e+25	1.009096e+25	2.895581e+25	1.562594e+26	1.034582e+26	3.925961e+24	0	0	0	0	0	0	0	0	0	0	0	0	0	0	3.899363e+26	1.462215e+18	3.899363e+26	1.762726e+26	7.233406e+21	1.762654e+26	9.436815e+25	1.345921e+14	9.436815e+25	3.525452e+26	2.536991e+14	3.525452e+26	1.050513e+26	1.099994e+15	1.050513e+26	3.365204e+26	2.594179e+21	3.365178e+26	2.147554e+23	1.485129e-09	0.002946631	4.992441e+09	3.04418e+11	4.689935e+12	6.848945e-06	1.002732e-10	2.269055e-16	0.5006079	0.5	0.2978831	1	60.83082	7.564621	10569.8	1.117189e+26	1.827432e+28	5.151575e+27	6.741065e+25	3.118866e+27	1.203261e+27	5.325573e+26	2.294797e+26	0.2188657	0	0.0171212	0.03560219	0.03560219	0.001424136	0.02670164	0	0	-0.0397688	0	1.698987e-16	0	1.698987e-16	0	-497.9195	0	-497.9195	0	30761.56	77194.93	292.6904	8619.066	1.106061	1	0	0.4523864	1	2	0	0	
14364	1760.328	3.45e+19	0	0	100000	1.96027205	1.140862e-05	4.174581e+26	5.374721e+25	1.389013e+25	3.985708e+25	2.188251e+26	1.448857e+26	3.032815e+25	3.904712e+24	1.009112e+24	2.8956e+24	1.589755e+25	1.052589e+25	0.3470665	3.032815e+26	3.904712e+25	1.009112e+25	2.8956e+25	1.566116e+26	1.036892e+26	3.933629e+24	0	0	0	0	0	0	0	0	0	0	0	0	0	0	3.906979e+26	1.477284e+18	3.906979e+26	1.766169e+26	7.239134e+21	1.766096e+26	9.455247e+25	1.34895e+14	9.455247e+25	3.532337e+26	2.542701e+14	3.532337e+26	1.052565e+26	1.10247e+15	1.052565e+26	3.371777e+26	2.600018e+21	3.371751e+26	2.147538e+23	1.485139e-09	0.002946664	4.980419e+09	3.05844e+11	4.706005e+12	6.857198e-06	1.00515e-10	2.277267e-16	0.5006067	0.5	0.2982413	1	60.94963	7.579396	10569.8	1.117189e+26	1.827432e+28	5.151575e+27	6.741065e+25	3.118866e+27	1.203261e+27	5.325573e+26	2.294797e+26	0.2188657	0	0.01710194	0.03560219	0.03560219	0.001424136	0.02670164	0	0	-0.03972795	0	1.705802e-16	0	1.705802e-16	0	-497.8609	0	-497.8609	0	30760.92	77194.93	293.262	8618.886	1.106061	1	0	0.4523864	1	2	0	0	
14392	1760.328	3.45e+19	0	0	100000	1.9603129	1.140862e-05	4.182718e+26	5.374768e+25	1.389035e+25	3.985733e+25	2.193163e+26	1.452078e+26	3.038727e+25	3.904746e+24	1.009128e+24	2.895618e+24	1.593324e+25	1.054929e+25	0.3471614	3.038727e+26	3.904746e+25	1.009128e+25	2.895618e+25	1.569638e+26	1.039201e+26	3.941296e+24	0	0	0	0	0	0	0	0	0	0	0	0	0	0	3.914595e+26	1.492512e+18	3.914595e+26	1.769612e+26	7.244826e+21	1.769539e+26	9.473678e+25	1.351979e+14	9.473678e+25	3.539223e+26	2.548411e+14	3.539223e+26	1.054617e+26	1.104945e+15	1.054617e+26	3.378349e+26	2.605856e+21	3.378323e+26	2.147522e+23	1.485148e-09	0.002946697	4.96845e+09	3.072736e+11	4.722097e+12	6.865443e-06	1.007569e-10	2.285492e-16	0.5006054	0.5	0.2985992	1	61.06844	7.59417	10569.8	1.117189e+26	1.827432e+28	5.151575e+27	6.741065e+25	3.118866e+27	1.203261e+27	5.325573e+26	2.294797e+26	0.2188657	0	0.0170827	0.03560219	0.03560219	0.001424136	0.02670164	0	0	-0.0396871	0	1.712651e-16	0	1.712651e-16	0	-497.8023	0	-497.8023	0	30760.28	77194.93	293.8337	8618.707	1.106061	1	0	0.4523864	1	2	0	0	
14420	1760.328	3.45e+19	0	0	100000	1.96035375	1.140862e-05	4.190856e+26	5.374814e+25	1.389057e+25	3.985757e+25	2.198075e+26	1.455299e+26	3.044639e+25	3.904779e+24	1.009144e+24	2.895635e+24	1.596892e+25	1.057269e+25	0.3472558	3.044639e+26	3.904779e+25	1.009144e+25	2.895635e+25	1.57316e+26	1.041511e+26	3.948965e+24	0	0	0	0	0	0	0	0	0	0	0	0	0	0	3.922211e+26	1.507903e+18	3.922211e+26	1.773054e+26	7.250481e+21	1.772982e+26	9.492109e+25	1.355009e+14	9.492109e+25	3.546109e+26	2.554121e+14	3.546109e+26	1.056669e+26	1.107421e+15	1.056669e+26	3.384922e+26	2.611695e+21	3.384896e+26	2.147506e+23	1.485157e-09	0.002946729	4.956535e+09	3.087068e+11	4.73821e+12	6.873682e-06	1.009988e-10	2.29373e-16	0.5006042	0.5	0.2989568	1	61.18725	7.608945	10569.8	1.117189e+26	1.827432e+28	5.151575e+27	6.741065e+25	3.118866e+27	1.203261e+27	5.325573e+26	2.294797e+26	0.2188657	0	0.01706347	0.03560219	0.03560219	0.001424136	0.02670164	0	0	-0.03964625	0	1.719534e-16	0	1.719534e-16	0	-497.7436	0	-497.7436	0	30759.64	77194.93	294.4054	8618.527	1.106061	1	0	0.4523864	1	2	0	0	
14448	1760.328	3.45e+19	0	0	100000	1.9603946	1.140862e-05	4.198993e+26	5.374859e+25	1.389078e+25	3.985781e+25	2.202988e+26	1.45852e+26	3.050551e+25	3.904812e+24	1.009159e+24	2.895653e+24	1.600461e+25	1.059608e+25	0.3473499	3.050551e+26	3.904812e+25	1.009159e+25	2.895653e+25	1.576683e+26	1.04382e+26	3.956633e+24	0	0	0	0	0	0	0	0	0	0	0	0	0	0	3.929827e+26	1.523457e+18	3.929827e+26	1.776497e+26	7.2561e+21	1.776425e+26	9.51054e+25	1.358038e+14	9.51054e+25	3.552994e+26	2.559832e+14	3.552994e+26	1.058721e+26	1.109897e+15	1.058721e+26	3.391495e+26	2.617534e+21	3.391468e+26	2.14749e+23	1.485166e-09	0.002946761	4.944671e+09	3.101437e+11	4.754345e+12	6.881915e-06	1.012409e-10	2.301981e-16	0.500603	0.5	0.2993141	1	61.30606	7.62372	10569.8	1.117189e+26	1.827432e+28	5.151575e+27	6.741065e+25	3.118866e+27	1.203261e+27	5.325573e+26	2.294797e+26	0.2188657	0	0.01704427	0.03560219	0.03560219	0.001424136	0.02670164	0	0	-0.0396054	0	1.726451e-16	0	1.726451e-16	0	-497.6848	0	-497.6848	0	30758.99	77194.93	294.9771	8618.348	1.106061	1	0	0.4523864	1	2	0	0	
14476	1760.328	3.45e+19	0	0	100000	1.96043545	1.140862e-05	4.207131e+26	5.374903e+25	1.389099e+25	3.985804e+25	2.2079e+26	1.46174e+26	3.056463e+25	3.904844e+24	1.009175e+24	2.89567e+24	1.60403e+25	1.061948e+25	0.3474435	3.056463e+26	3.904844e+25	1.009175e+25	2.89567e+25	1.580205e+26	1.04613e+26	3.9643e+24	0	0	0	0	0	0	0	0	0	0	0	0	0	0	3.937443e+26	1.539177e+18	3.937443e+26	1.77994e+26	7.261682e+21	1.779867e+26	9.528972e+25	1.361068e+14	9.528972e+25	3.55988e+26	2.565542e+14	3.55988e+26	1.060772e+26	1.112373e+15	1.060772e+26	3.398067e+26	2.623374e+21	3.398041e+26	2.147474e+23	1.485175e-09	0.002946793	4.93286e+09	3.115842e+11	4.770501e+12	6.89014e-06	1.014831e-10	2.310245e-16	0.5006017	0.5	0.2996711	1	61.42487	7.638494	10569.8	1.117189e+26	1.827432e+28	5.151575e+27	6.741065e+25	3.118866e+27	1.203261e+27	5.325573e+26	2.294797e+26	0.2188657	0	0.01702509	0.03560219	0.03560219	0.001424136	0.02670164	0	0	-0.03956455	0	1.733403e-16	0	1.733403e-16	0	-497.626	0	-497.626	0	30758.35	77194.93	295.5488	8618.168	1.106061	1	0	0.4523865	1	2	0	0	
14504	1760.328	3.45e+19	0	0	100000	1.9604763	1.140862e-05	4.215269e+26	5.374947e+25	1.38912e+25	3.985827e+25	2.212813e+26	1.464961e+26	3.062375e+25	3.904876e+24	1.00919e+24	2.895686e+24	1.607599e+25	1.064288e+25	0.3475368	3.062375e+26	3.904876e+25	1.00919e+25	2.895686e+25	1.583728e+26	1.048439e+26	3.971968e+24	0	0	0	0	0	0	0	0	0	0	0	0	0	0	3.945059e+26	1.55506e+18	3.945059e+26	1.783383e+26	7.267232e+21	1.78331e+26	9.547403e+25	1.364097e+14	9.547403e+25	3.566766e+26	2.571253e+14	3.566766e+26	1.062824e+26	1.114849e+15	1.062824e+26	3.40464e+26	2.629213e+21	3.404614e+26	2.147459e+23	1.485184e-09	0.002946824	4.921101e+09	3.130284e+11	4.786679e+12	6.898359e-06	1.017253e-10	2.318522e-16	0.5006005	0.5	0.3000279	1	61.54368	7.653269	10569.8	1.117189e+26	1.827432e+28	5.151575e+27	6.741065e+25	3.118866e+27	1.203261e+27	5.325573e+26	2.294797e+26	0.2188657	0	0.01700592	0.03560219	0.03560219	0.001424136	0.02670164	0	0	-0.0395237	0	1.740389e-16	0	1.740389e-16	0	-497.5671	0	-497.5671	0	30757.71	77194.93	296.1205	8617.989	1.106061	1	0	0.4523865	1	2	0	0	
14532	1760.328	3.45e+19	0	0	100000	1.96051715	1.140862e-05	4.223406e+26	5.37499e+25	1.38914e+25	3.985849e+25	2.217726e+26	1.468182e+26	3.068286e+25	3.904907e+24	1.009205e+24	2.895702e+24	1.611168e+25	1.066628e+25	0.3476297	3.068286e+26	3.904907e+25	1.009205e+25	2.895702e+25	1.587251e+26	1.050749e+26	3.979636e+24	0	0	0	0	0	0	0	0	0	0	0	0	0	0	3.952675e+26	1.571112e+18	3.952675e+26	1.786826e+26	7.272746e+21	1.786753e+26	9.565834e+25	1.367127e+14	9.565834e+25	3.573651e+26	2.576964e+14	3.573651e+26	1.064876e+26	1.117325e+15	1.064876e+26	3.411213e+26	2.635053e+21	3.411186e+26	2.147444e+23	1.485193e-09	0.002946855	4.909393e+09	3.144763e+11	4.802878e+12	6.906571e-06	1.019676e-10	2.326812e-16	0.5005993	0.5	0.3003843	1	61.66249	7.668044	10569.8	1.117189e+26	1.827432e+28	5.151575e+27	6.741065e+25	3.118866e+27	1.203261e+27	5.325573e+26	2.294797e+26	0.2188657	0	0.01698678	0.03560219	0.03560219	0.001424136	0.02670164	0	0	-0.03948285	0	1.74741e-16	0	1.74741e-16	0	-497.5082	0	-497.5082	0	30757.07	77194.93	296.6922	8617.809	1.106061	1	0	0.4523865	1	2	0	0	
14560	1760.328	3.45e+19	0	0	100000	1.960558	1.140862e-05	4.231544e+26	5.375032e+25	1.389161e+25	3.985871e+25	2.222638e+26	1.471402e+26	3.074198e+25	3.904938e+24	1.009219e+24	2.895718e+24	1.614737e+25	1.068967e+25	0.3477223	3.074198e+26	3.904938e+25	1.009219e+25	2.895718e+25	1.590774e+26	1.053058e+26	3.987303e+24	0	0	0	0	0	0	0	0	0	0	0	0	0	0	3.960291e+26	1.587335e+18	3.960291e+26	1.790268e+26	7.278224e+21	1.790196e+26	9.584266e+25	1.370157e+14	9.584266e+25	3.580537e+26	2.582675e+14	3.580537e+26	1.066928e+26	1.119801e+15	1.066928e+26	3.417785e+26	2.640892e+21	3.417759e+26	2.147429e+23	1.485201e-09	0.002946886	4.897737e+09	3.159278e+11	4.819099e+12	6.914776e-06	1.022101e-10	2.335115e-16	0.5005981	0.5	0.3007404	1	61.7813	7.682818	10569.8	1.117189e+26	1.827432e+28	5.151575e+27	6.741065e+25	3.118866e+27	1.203261e+27	5.325573e+26	2.294797e+26	0.2188657	0	0.01696765	0.03560219	0.03560219	0.001424136	0.02670164	0	0	-0.039442	0	1.754466e-16	0	1.754466e-16	0	-497.4492	0	-497.4492	0	30756.43	77194.93	297.2639	8617.629	1.106061	1	0	0.4523865	1	2	0	0	
14588	1760.328	3.45e+19	0	0	100000	1.96059885	1.140862e-05	4.239681e+26	5.375073e+25	1.38918e+25	3.985893e+25	2.227552e+26	1.474622e+26	3.08011e+25	3.904968e+24	1.009234e+24	2.895734e+24	1.618307e+25	1.071307e+25	0.3478145	3.08011e+26	3.904968e+25	1.009234e+25	2.895734e+25	1.594297e+26	1.055367e+26	3.994971e+24	0	0	0	0	0	0	0	0	0	0	0	0	0	0	3.967907e+26	1.603731e+18	3.967907e+26	1.793711e+26	7.283666e+21	1.793638e+26	9.602697e+25	1.373187e+14	9.602697e+25	3.587423e+26	2.588386e+14	3.587423e+26	1.068979e+26	1.122277e+15	1.068979e+26	3.424358e+26	2.646732e+21	3.424331e+26	2.147414e+23	1.48521e-09	0.002946916	4.886131e+09	3.17383e+11	4.835342e+12	6.922975e-06	1.024526e-10	2.343431e-16	0.5005969	0.5	0.3010963	1	61.90011	7.697593	10569.8	1.117189e+26	1.827432e+28	5.151575e+27	6.741065e+25	3.118866e+27	1.203261e+27	5.325573e+26	2.294797e+26	0.2188657	0	0.01694855	0.03560219	0.03560219	0.001424136	0.02670164	0	0	-0.03940115	0	1.761558e-16	0	1.761558e-16	0	-497.3902	0	-497.3902	0	30755.79	77194.93	297.8356	8617.45	1.106061	1	0	0.4523865	1	2	0	0	
14616	1760.328	3.45e+19	0	0	100000	1.9606397	1.140862e-05	4.247819e+26	5.375114e+25	1.3892e+25	3.985914e+25	2.232465e+26	1.477843e+26	3.086022e+25	3.904997e+24	1.009248e+24	2.895749e+24	1.621876e+25	1.073646e+25	0.3479062	3.086022e+26	3.904997e+25	1.009248e+25	2.895749e+25	1.59782e+26	1.057676e+26	4.002639e+24	0	0	0	0	0	0	0	0	0	0	0	0	0	0	3.975523e+26	1.620301e+18	3.975523e+26	1.797154e+26	7.289072e+21	1.797081e+26	9.621128e+25	1.376217e+14	9.621128e+25	3.594308e+26	2.594098e+14	3.594308e+26	1.071031e+26	1.124754e+15	1.071031e+26	3.430931e+26	2.652573e+21	3.430904e+26	2.147399e+23	1.485218e-09	0.002946946	4.874576e+09	3.188418e+11	4.851606e+12	6.931167e-06	1.026952e-10	2.35176e-16	0.5005957	0.5	0.3014519	1	62.01892	7.712368	10569.8	1.117189e+26	1.827432e+28	5.151575e+27	6.741065e+25	3.118866e+27	1.203261e+27	5.325573e+26	2.294797e+26	0.2188657	0	0.01692947	0.03560219	0.03560219	0.001424136	0.02670164	0	0	-0.0393603	0	1.768685e-16	0	1.768685e-16	0	-497.3311	0	-497.3311	0	30755.15	77194.93	298.4073	8617.27	1.106061	1	0	0.4523866	1	2	0	0	
14644	1760.328	3.45e+19	0	0	100000	1.96068055	1.140862e-05	4.255956e+26	5.375154e+25	1.389219e+25	3.985934e+25	2.237378e+26	1.481063e+26	3.091934e+25	3.905026e+24	1.009262e+24	2.895764e+24	1.625446e+25	1.075986e+25	0.3479977	3.091934e+26	3.905026e+25	1.009262e+25	2.895764e+25	1.601343e+26	1.059985e+26	4.010308e+24	0	0	0	0	0	0	0	0	0	0	0	0	0	0	3.983139e+26	1.637045e+18	3.983139e+26	1.800597e+26	7.294445e+21	1.800524e+26	9.639559e+25	1.379247e+14	9.639559e+25	3.601194e+26	2.599809e+14	3.601194e+26	1.073083e+26	1.12723e+15	1.073083e+26	3.437503e+26	2.658413e+21	3.437477e+26	2.147384e+23	1.485227e-09	0.002946976	4.863071e+09	3.203043e+11	4.867891e+12	6.939353e-06	1.029379e-10	2.360102e-16	0.5005945	0.5	0.3018071	1	62.13773	7.727142	10569.8	1.117189e+26	1.827432e+28	5.151575e+27	6.741065e+25	3.118866e+27	1.203261e+27	5.325573e+26	2.294797e+26	0.2188657	0	0.01691042	0.03560219	0.03560219	0.001424136	0.02670164	0	0	-0.03931945	0	1.775847e-16	0	1.775847e-16	0	-497.2719	0	-497.2719	0	30754.51	77194.93	298.979	8617.091	1.106061	1	0	0.4523866	1	2	0	0	
14672	1760.328	3.45e+19	0	0	100000	1.9607214	1.140862e-05	4.264094e+26	5.375193e+25	1.389238e+25	3.985955e+25	2.242292e+26	1.484283e+26	3.097846e+25	3.905055e+24	1.009276e+24	2.895779e+24	1.629015e+25	1.078325e+25	0.3480887	3.097846e+26	3.905055e+25	1.009276e+25	2.895779e+25	1.604866e+26	1.062294e+26	4.017976e+24	0	0	0	0	0	0	0	0	0	0	0	0	0	0	3.990755e+26	1.653966e+18	3.990755e+26	1.80404e+26	7.299784e+21	1.803967e+26	9.657991e+25	1.382277e+14	9.657991e+25	3.60808e+26	2.605521e+14	3.60808e+26	1.075135e+26	1.129707e+15	1.075135e+26	3.444076e+26	2.664253e+21	3.444049e+26	2.14737e+23	1.485235e-09	0.002947005	4.851616e+09	3.217705e+11	4.884198e+12	6.947532e-06	1.031807e-10	2.368457e-16	0.5005933	0.5	0.3021621	1	62.25654	7.741917	10569.8	1.117189e+26	1.827432e+28	5.151575e+27	6.741065e+25	3.118866e+27	1.203261e+27	5.325573e+26	2.294797e+26	0.2188657	0	0.01689139	0.03560219	0.03560219	0.001424136	0.02670164	0	0	-0.0392786	0	1.783045e-16	0	1.783045e-16	0	-497.2127	0	-497.2127	0	30753.87	77194.93	299.5507	8616.911	1.106061	1	0	0.4523866	1	2	0	0	
14700	1760.328	3.45e+19	0	0	100000	1.96076225	1.140862e-05	4.272232e+26	5.375231e+25	1.389257e+25	3.985975e+25	2.247205e+26	1.487503e+26	3.103758e+25	3.905083e+24	1.009289e+24	2.895793e+24	1.632585e+25	1.080665e+25	0.3481794	3.103758e+26	3.905083e+25	1.009289e+25	2.895793e+25	1.60839e+26	1.064603e+26	4.025643e+24	0	0	0	0	0	0	0	0	0	0	0	0	0	0	3.998371e+26	1.671069e+18	3.998371e+26	1.807483e+26	7.305086e+21	1.80741e+26	9.676422e+25	1.385308e+14	9.676422e+25	3.614965e+26	2.611233e+14	3.614965e+26	1.077187e+26	1.132183e+15	1.077187e+26	3.450649e+26	2.670094e+21	3.450622e+26	2.147356e+23	1.485243e-09	0.002947034	4.840211e+09	3.232403e+11	4.900527e+12	6.955704e-06	1.034236e-10	2.376825e-16	0.5005921	0.5	0.3025169	1	62.37535	7.756691	10569.8	1.117189e+26	1.827432e+28	5.151575e+27	6.741065e+25	3.118866e+27	1.203261e+27	5.325573e+26	2.294797e+26	0.2188657	0	0.01687238	0.03560219	0.03560219	0.001424136	0.02670164	0	0	-0.03923775	0	1.79028e-16	0	1.79028e-16	0	-497.1535	0	-497.1535	0	30753.23	77194.93	300.1224	8616.732	1.106061	1	0	0.4523866	1	2	0	0	
14728	1760.328	3.45e+19	0	0	100000	1.9608031	1.140862e-05	4.280369e+26	5.375269e+25	1.389275e+25	3.985994e+25	2.252119e+26	1.490723e+26	3.10967e+25	3.90511e+24	1.009303e+24	2.895808e+24	1.636155e+25	1.083004e+25	0.3482698	3.10967e+26	3.90511e+25	1.009303e+25	2.895808e+25	1.611913e+26	1.066912e+26	4.033311e+24	0	0	0	0	0	0	0	0	0	0	0	0	0	0	4.005987e+26	1.688354e+18	4.005987e+26	1.810925e+26	7.310354e+21	1.810852e+26	9.694853e+25	1.388338e+14	9.694853e+25	3.621851e+26	2.616945e+14	3.621851e+26	1.079238e+26	1.13466e+15	1.079238e+26	3.457221e+26	2.675935e+21	3.457195e+26	2.147342e+23	1.485251e-09	0.002947063	4.828855e+09	3.247138e+11	4.916876e+12	6.96387e-06	1.036666e-10	2.385206e-16	0.5005909	0.5	0.3028713	1	62.49416	7.771466	10569.8	1.117189e+26	1.827432e+28	5.151575e+27	6.741065e+25	3.118866e+27	1.203261e+27	5.325573e+26	2.294797e+26	0.2188657	0	0.01685339	0.03560219	0.03560219	0.001424136	0.02670164	0	0	-0.0391969	0	1.797551e-16	0	1.797551e-16	0	-497.0942	0	-497.0942	0	30752.59	77194.93	300.6941	8616.552	1.106061	1	0	0.4523866	1	2	0	0	
14756	1760.328	3.45e+19	0	0	100000	1.96084395	1.140862e-05	4.288507e+26	5.375307e+25	1.389294e+25	3.986013e+25	2.257033e+26	1.493943e+26	3.115582e+25	3.905137e+24	1.009316e+24	2.895821e+24	1.639725e+25	1.085343e+25	0.3483597	3.115582e+26	3.905137e+25	1.009316e+25	2.895821e+25	1.615437e+26	1.069221e+26	4.04098e+24	0	0	0	0	0	0	0	0	0	0	0	0	0	0	4.013602e+26	1.705824e+18	4.013602e+26	1.814368e+26	7.315585e+21	1.814295e+26	9.713285e+25	1.391369e+14	9.713285e+25	3.628736e+26	2.622657e+14	3.628736e+26	1.08129e+26	1.137136e+15	1.08129e+26	3.463794e+26	2.681776e+21	3.463767e+26	2.147328e+23	1.485259e-09	0.002947091	4.817548e+09	3.26191e+11	4.933248e+12	6.97203e-06	1.039096e-10	2.3936e-16	0.5005897	0.5	0.3032254	1	62.61297	7.786241	10569.8	1.117189e+26	1.827432e+28	5.151575e+27	6.741065e+25	3.118866e+27	1.203261e+27	5.325573e+26	2.294797e+26	0.2188657	0	0.01683444	0.03560219	0.03560219	0.001424136	0.02670164	0	0	-0.03915605	0	1.804858e-16	0	1.804858e-16	0	-497.0348	0	-497.0348	0	30751.95	77194.93	301.2658	8616.373	1.106061	1	0	0.4523867	1	2	0	0	
14784	1760.328	3.45e+19	0	0	100000	1.9608848	1.140862e-05	4.296644e+26	5.375343e+25	1.389311e+25	3.986032e+25	2.261947e+26	1.497163e+26	3.121494e+25	3.905164e+24	1.009329e+24	2.895835e+24	1.643295e+25	1.087682e+25	0.3484494	3.121494e+26	3.905164e+25	1.009329e+25	2.895835e+25	1.618961e+26	1.07153e+26	4.048646e+24	0	0	0	0	0	0	0	0	0	0	0	0	0	0	4.021218e+26	1.723477e+18	4.021218e+26	1.817811e+26	7.320785e+21	1.817738e+26	9.731716e+25	1.394399e+14	9.731716e+25	3.635622e+26	2.62837e+14	3.635622e+26	1.083342e+26	1.139613e+15	1.083342e+26	3.470367e+26	2.687617e+21	3.47034e+26	2.147314e+23	1.485267e-09	0.002947119	4.806289e+09	3.276719e+11	4.94964e+12	6.980182e-06	1.041528e-10	2.402007e-16	0.5005885	0.5	0.3035793	1	62.73178	7.801015	10569.8	1.117189e+26	1.827432e+28	5.151575e+27	6.741065e+25	3.118866e+27	1.203261e+27	5.325573e+26	2.294797e+26	0.2188657	0	0.0168155	0.03560219	0.03560219	0.001424136	0.02670164	0	0	-0.0391152	0	1.812202e-16	0	1.812202e-16	0	-496.9754	0	-496.9754	0	30751.31	77194.93	301.8375	8616.193	1.106061	1	0	0.4523867	1	2	0	0	
14812	1760.328	3.45e+19	0	0	100000	1.96092565	1.140862e-05	4.304782e+26	5.375379e+25	1.389329e+25	3.98605e+25	2.266861e+26	1.500383e+26	3.127406e+25	3.90519e+24	1.009342e+24	2.895848e+24	1.646865e+25	1.090022e+25	0.3485386	3.127406e+26	3.90519e+25	1.009342e+25	2.895848e+25	1.622485e+26	1.073839e+26	4.056314e+24	0	0	0	0	0	0	0	0	0	0	0	0	0	0	4.028834e+26	1.741322e+18	4.028834e+26	1.821254e+26	7.325947e+21	1.821181e+26	9.750147e+25	1.39743e+14	9.750147e+25	3.642508e+26	2.634082e+14	3.642508e+26	1.085394e+26	1.14209e+15	1.085394e+26	3.476939e+26	2.693458e+21	3.476912e+26	2.1473e+23	1.485275e-09	0.002947147	4.795079e+09	3.291564e+11	4.966054e+12	6.988329e-06	1.043961e-10	2.410426e-16	0.5005874	0.5	0.3039329	1	62.85059	7.81579	10569.8	1.117189e+26	1.827432e+28	5.151575e+27	6.741065e+25	3.118866e+27	1.203261e+27	5.325573e+26	2.294797e+26	0.2188657	0	0.01679659	0.03560219	0.03560219	0.001424136	0.02670164	0	0	-0.03907435	0	1.819583e-16	0	1.819583e-16	0	-496.9159	0	-496.9159	0	30750.66	77194.93	302.4092	8616.014	1.106061	1	0	0.4523867	1	2	0	0	
14840	1760.328	3.45e+19	0	0	100000	1.9609665	1.140862e-05	4.31292e+26	5.375414e+25	1.389346e+25	3.986068e+25	2.271776e+26	1.503602e+26	3.133318e+25	3.905216e+24	1.009354e+24	2.895861e+24	1.650435e+25	1.092361e+25	0.3486275	3.133318e+26	3.905216e+25	1.009354e+25	2.895861e+25	1.626009e+26	1.076148e+26	4.063983e+24	0	0	0	0	0	0	0	0	0	0	0	0	0	0	4.03645e+26	1.759354e+18	4.03645e+26	1.824697e+26	7.331076e+21	1.824623e+26	9.768578e+25	1.400461e+14	9.768578e+25	3.649393e+26	2.639795e+14	3.649393e+26	1.087446e+26	1.144567e+15	1.087446e+26	3.483512e+26	2.6993e+21	3.483485e+26	2.147287e+23	1.485283e-09	0.002947175	4.783917e+09	3.306446e+11	4.98249e+12	6.996469e-06	1.046394e-10	2.418859e-16	0.5005862	0.5	0.3042862	1	62.9694	7.830565	10569.8	1.117189e+26	1.827432e+28	5.151575e+27	6.741065e+25	3.118866e+27	1.203261e+27	5.325573e+26	2.294797e+26	0.2188657	0	0.01677771	0.03560219	0.03560219	0.001424136	0.02670164	0	0	-0.0390335	0	1.827001e-16	0	1.827001e-16	0	-496.8563	0	-496.8563	0	30750.02	77194.93	302.9809	8615.834	1.106061	1	0	0.4523867	1	2	0	0	
14868	1760.328	3.45e+19	0	0	100000	1.96100735	1.140862e-05	4.321057e+26	5.375449e+25	1.389364e+25	3.986085e+25	2.27669e+26	1.506822e+26	3.13923e+25	3.905241e+24	1.009367e+24	2.895874e+24	1.654006e+25	1.0947e+25	0.3487161	3.13923e+26	3.905241e+25	1.009367e+25	2.895874e+25	1.629533e+26	1.078456e+26	4.071651e+24	0	0	0	0	0	0	0	0	0	0	0	0	0	0	4.044066e+26	1.777579e+18	4.044066e+26	1.82814e+26	7.336171e+21	1.828066e+26	9.78701e+25	1.403491e+14	9.78701e+25	3.656279e+26	2.645508e+14	3.656279e+26	1.089497e+26	1.147044e+15	1.089497e+26	3.490085e+26	2.705142e+21	3.490058e+26	2.147273e+23	1.48529e-09	0.002947202	4.772803e+09	3.321364e+11	4.998946e+12	7.004602e-06	1.048828e-10	2.427305e-16	0.500585	0.5	0.3046392	1	63.08821	7.845339	10569.8	1.117189e+26	1.827432e+28	5.151575e+27	6.741065e+25	3.118866e+27	1.203261e+27	5.325573e+26	2.294797e+26	0.2188657	0	0.01675886	0.03560219	0.03560219	0.001424136	0.02670164	0	0	-0.03899265	0	1.834457e-16	0	1.834457e-16	0	-496.7967	0	-496.7967	0	30749.38	77194.93	303.5526	8615.655	1.106061	1	0	0.4523868	1	2	0	0	
14896	1760.328	3.45e+19	0	0	100000	1.9610482	1.140862e-05	4.329195e+26	5.375483e+25	1.38938e+25	3.986102e+25	2.281605e+26	1.510042e+26	3.145141e+25	3.905265e+24	1.009379e+24	2.895886e+24	1.657576e+25	1.097039e+25	0.3488043	3.145141e+26	3.905265e+25	1.009379e+25	2.895886e+25	1.633057e+26	1.080765e+26	4.079319e+24	0	0	0	0	0	0	0	0	0	0	0	0	0	0	4.051682e+26	1.796e+18	4.051682e+26	1.831582e+26	7.341231e+21	1.831509e+26	9.805441e+25	1.406522e+14	9.805441e+25	3.663165e+26	2.651221e+14	3.663165e+26	1.091549e+26	1.149521e+15	1.091549e+26	3.496657e+26	2.710983e+21	3.49663e+26	2.14726e+23	1.485298e-09	0.002947229	4.761736e+09	3.33632e+11	5.015424e+12	7.012729e-06	1.051263e-10	2.435763e-16	0.5005839	0.5	0.304992	1	63.20702	7.860114	10569.8	1.117189e+26	1.827432e+28	5.151575e+27	6.741065e+25	3.118866e+27	1.203261e+27	5.325573e+26	2.294797e+26	0.2188657	0	0.01674003	0.03560219	0.03560219	0.001424136	0.02670164	0	0	-0.0389518	0	1.84195e-16	0	1.84195e-16	0	-496.7371	0	-496.7371	0	30748.74	77194.93	304.1243	8615.475	1.106061	1	0	0.4523868	1	2	0	0	
14924	1760.328	3.45e+19	0	0	100000	1.96108905	1.140862e-05	4.337332e+26	5.375516e+25	1.389397e+25	3.986119e+25	2.28652e+26	1.513261e+26	3.151053e+25	3.90529e+24	1.009391e+24	2.895899e+24	1.661147e+25	1.099378e+25	0.3488921	3.151053e+26	3.90529e+25	1.009391e+25	2.895899e+25	1.636581e+26	1.083074e+26	4.086987e+24	0	0	0	0	0	0	0	0	0	0	0	0	0	0	4.059298e+26	1.814617e+18	4.059298e+26	1.835025e+26	7.346256e+21	1.834952e+26	9.823872e+25	1.409553e+14	9.823872e+25	3.67005e+26	2.656934e+14	3.67005e+26	1.093601e+26	1.151998e+15	1.093601e+26	3.50323e+26	2.716825e+21	3.503203e+26	2.147247e+23	1.485305e-09	0.002947255	4.750716e+09	3.351312e+11	5.031924e+12	7.020849e-06	1.053699e-10	2.444235e-16	0.5005827	0.5	0.3053444	1	63.32583	7.874889	10569.8	1.117189e+26	1.827432e+28	5.151575e+27	6.741065e+25	3.118866e+27	1.203261e+27	5.325573e+26	2.294797e+26	0.2188657	0	0.01672123	0.03560219	0.03560219	0.001424136	0.02670164	0	0	-0.03891095	0	1.849481e-16	0	1.849481e-16	0	-496.6773	0	-496.6773	0	30748.1	77194.93	304.696	8615.296	1.106061	1	0	0.4523868	1	2	0	0	
14952	1760.328	3.45e+19	0	0	100000	1.9611299	1.140862e-05	4.34547e+26	5.375549e+25	1.389414e+25	3.986136e+25	2.291435e+26	1.51648e+26	3.156965e+25	3.905314e+24	1.009403e+24	2.895911e+24	1.664717e+25	1.101717e+25	0.3489796	3.156965e+26	3.905314e+25	1.009403e+25	2.895911e+25	1.640105e+26	1.085382e+26	4.094655e+24	0	0	0	0	0	0	0	0	0	0	0	0	0	0	4.066914e+26	1.833435e+18	4.066914e+26	1.838468e+26	7.351246e+21	1.838395e+26	9.842304e+25	1.412584e+14	9.842304e+25	3.676936e+26	2.662648e+14	3.676936e+26	1.095653e+26	1.154475e+15	1.095653e+26	3.509803e+26	2.722667e+21	3.509775e+26	2.147234e+23	1.485313e-09	0.002947281	4.739743e+09	3.366341e+11	5.048444e+12	7.028964e-06	1.056136e-10	2.452719e-16	0.5005816	0.5	0.3056966	1	63.44464	7.889663	10569.8	1.117189e+26	1.827432e+28	5.151575e+27	6.741065e+25	3.118866e+27	1.203261e+27	5.325573e+26	2.294797e+26	0.2188657	0	0.01670246	0.03560219	0.03560219	0.001424136	0.02670164	0	0	-0.0388701	0	1.857051e-16	0	1.857051e-16	0	-496.6176	0	-496.6176	0	30747.46	77194.93	305.2677	8615.116	1.106061	1	0	0.4523868	1	2	0	0	
14980	1760.328	3.45e+19	0	0	100000	1.96117075	1.140862e-05	4.353607e+26	5.375581e+25	1.38943e+25	3.986152e+25	2.29635e+26	1.5197e+26	3.162877e+25	3.905337e+24	1.009415e+24	2.895922e+24	1.668288e+25	1.104055e+25	0.3490668	3.162877e+26	3.905337e+25	1.009415e+25	2.895922e+25	1.64363e+26	1.087691e+26	4.102322e+24	0	0	0	0	0	0	0	0	0	0	0	0	0	0	4.07453e+26	1.852449e+18	4.07453e+26	1.841911e+26	7.356205e+21	1.841837e+26	9.860735e+25	1.415616e+14	9.860735e+25	3.683822e+26	2.668361e+14	3.683822e+26	1.097704e+26	1.156953e+15	1.097704e+26	3.516375e+26	2.72851e+21	3.516348e+26	2.147222e+23	1.48532e-09	0.002947307	4.728817e+09	3.381407e+11	5.064987e+12	7.037071e-06	1.058574e-10	2.461216e-16	0.5005804	0.5	0.3060485	1	63.56345	7.904438	10569.8	1.117189e+26	1.827432e+28	5.151575e+27	6.741065e+25	3.118866e+27	1.203261e+27	5.325573e+26	2.294797e+26	0.2188657	0	0.01668372	0.03560219	0.03560219	0.001424136	0.02670164	0	0	-0.03882925	0	1.864658e-16	0	1.864658e-16	0	-496.5577	0	-496.5577	0	30746.82	77194.93	305.8394	8614.937	1.106061	1	0	0.4523869	1	2	0	0	
15008	1760.328	3.45e+19	0	0	100000	1.9612116	1.140862e-05	4.361745e+26	5.375613e+25	1.389446e+25	3.986167e+25	2.301265e+26	1.522919e+26	3.168789e+25	3.90536e+24	1.009426e+24	2.895934e+24	1.671859e+25	1.106394e+25	0.3491536	3.168789e+26	3.90536e+25	1.009426e+25	2.895934e+25	1.647154e+26	1.089999e+26	4.10999e+24	0	0	0	0	0	0	0	0	0	0	0	0	0	0	4.082146e+26	1.871673e+18	4.082146e+26	1.845354e+26	7.361126e+21	1.84528e+26	9.879166e+25	1.418647e+14	9.879166e+25	3.690707e+26	2.674075e+14	3.690707e+26	1.099756e+26	1.15943e+15	1.099756e+26	3.522948e+26	2.734353e+21	3.522921e+26	2.147209e+23	1.485327e-09	0.002947333	4.717937e+09	3.39651e+11	5.08155e+12	7.045173e-06	1.061013e-10	2.469726e-16	0.5005793	0.5	0.3064002	1	63.68226	7.919213	10569.8	1.117189e+26	1.827432e+28	5.151575e+27	6.741065e+25	3.118866e+27	1.203261e+27	5.325573e+26	2.294797e+26	0.2188657	0	0.01666501	0.03560219	0.03560219	0.001424136	0.02670164	0	0	-0.0387884	0	1.872304e-16	0	1.872304e-16	0	-496.4978	0	-496.4978	0	30746.18	77194.93	306.4111	8614.758	1.106061	1	0	0.4523869	1	2	0	0	
15036	1760.328	3.45e+19	0	0	100000	1.96125245	1.140862e-05	4.369883e+26	5.375644e+25	1.389461e+25	3.986183e+25	2.30618e+26	1.526138e+26	3.174701e+25	3.905382e+24	1.009438e+24	2.895945e+24	1.67543e+25	1.108733e+25	0.3492401	3.174701e+26	3.905382e+25	1.009438e+25	2.895945e+25	1.650679e+26	1.092307e+26	4.117659e+24	0	0	0	0	0	0	0	0	0	0	0	0	0	0	4.089762e+26	1.891097e+18	4.089762e+26	1.848796e+26	7.366016e+21	1.848723e+26	9.897597e+25	1.421678e+14	9.897597e+25	3.697593e+26	2.679789e+14	3.697593e+26	1.101808e+26	1.161907e+15	1.101808e+26	3.529521e+26	2.740195e+21	3.529493e+26	2.147196e+23	1.485334e-09	0.002947359	4.707103e+09	3.411649e+11	5.098134e+12	7.053268e-06	1.063453e-10	2.478249e-16	0.5005782	0.5	0.3067515	1	63.80107	7.933987	10569.8	1.117189e+26	1.827432e+28	5.151575e+27	6.741065e+25	3.118866e+27	1.203261e+27	5.325573e+26	2.294797e+26	0.2188657	0	0.01664633	0.03560219	0.03560219	0.001424136	0.02670164	0	0	-0.03874755	0	1.879989e-16	0	1.879989e-16	0	-496.4379	0	-496.4379	0	30745.54	77194.93	306.9828	8614.578	1.106061	1	0	0.4523869	1	2	0	0	
15064	1760.328	3.45e+19	0	0	100000	1.9612933	1.140862e-05	4.37802e+26	5.375675e+25	1.389477e+25	3.986198e+25	2.311096e+26	1.529357e+26	3.180613e+25	3.905405e+24	1.009449e+24	2.895956e+24	1.679001e+25	1.111071e+25	0.3493262	3.180613e+26	3.905405e+25	1.009449e+25	2.895956e+25	1.654204e+26	1.094616e+26	4.125325e+24	0	0	0	0	0	0	0	0	0	0	0	0	0	0	4.097378e+26	1.910736e+18	4.097378e+26	1.852239e+26	7.370868e+21	1.852166e+26	9.916029e+25	1.42471e+14	9.916029e+25	3.704479e+26	2.685503e+14	3.704479e+26	1.10386e+26	1.164385e+15	1.10386e+26	3.536093e+26	2.746038e+21	3.536066e+26	2.147184e+23	1.485341e-09	0.002947384	4.696315e+09	3.426826e+11	5.11474e+12	7.061356e-06	1.065893e-10	2.486785e-16	0.500577	0.5	0.3071026	1	63.91988	7.948762	10569.8	1.117189e+26	1.827432e+28	5.151575e+27	6.741065e+25	3.118866e+27	1.203261e+27	5.325573e+26	2.294797e+26	0.2188657	0	0.01662767	0.03560219	0.03560219	0.001424136	0.02670164	0	0	-0.0387067	0	1.887713e-16	0	1.887713e-16	0	-496.3779	0	-496.3779	0	30744.9	77194.93	307.5545	8614.399	1.106061	1	0	0.4523869	1	2	0	0	
15092	1760.328	3.45e+19	0	0	100000	1.96133415	1.140862e-05	4.386158e+26	5.375704e+25	1.389492e+25	3.986212e+25	2.316011e+26	1.532576e+26	3.186525e+25	3.905426e+24	1.00946e+24	2.895966e+24	1.682572e+25	1.11341e+25	0.349412	3.186525e+26	3.905426e+25	1.00946e+25	2.895966e+25	1.657728e+26	1.096924e+26	4.132994e+24	0	0	0	0	0	0	0	0	0	0	0	0	0	0	4.104994e+26	1.930581e+18	4.104994e+26	1.855682e+26	7.375689e+21	1.855608e+26	9.93446e+25	1.427741e+14	9.93446e+25	3.711364e+26	2.691217e+14	3.711364e+26	1.105912e+26	1.166862e+15	1.105912e+26	3.542666e+26	2.751881e+21	3.542638e+26	2.147172e+23	1.485348e-09	0.002947409	4.685572e+09	3.442039e+11	5.131367e+12	7.069439e-06	1.068335e-10	2.495334e-16	0.5005759	0.5	0.3074535	1	64.0387	7.963537	10569.8	1.117189e+26	1.827432e+28	5.151575e+27	6.741065e+25	3.118866e+27	1.203261e+27	5.325573e+26	2.294797e+26	0.2188657	0	0.01660905	0.03560219	0.03560219	0.001424136	0.02670164	0	0	-0.03866585	0	1.895476e-16	0	1.895476e-16	0	-496.3178	0	-496.3178	0	30744.26	77194.93	308.1262	8614.219	1.106061	1	0	0.4523869	1	2	0	0	
15120	1760.328	3.45e+19	0	0	100000	1.961375	1.140862e-05	4.394295e+26	5.375734e+25	1.389507e+25	3.986227e+25	2.320927e+26	1.535795e+26	3.192437e+25	3.905448e+24	1.009471e+24	2.895977e+24	1.686143e+25	1.115749e+25	0.3494975	3.192437e+26	3.905448e+25	1.009471e+25	2.895977e+25	1.661253e+26	1.099232e+26	4.140662e+24	0	0	0	0	0	0	0	0	0	0	0	0	0	0	4.11261e+26	1.950639e+18	4.11261e+26	1.859125e+26	7.380476e+21	1.859051e+26	9.952891e+25	1.430773e+14	9.952891e+25	3.71825e+26	2.696931e+14	3.71825e+26	1.107963e+26	1.16934e+15	1.107963e+26	3.549239e+26	2.757724e+21	3.549211e+26	2.14716e+23	1.485355e-09	0.002947433	4.674874e+09	3.457289e+11	5.148015e+12	7.077515e-06	1.070777e-10	2.503896e-16	0.5005748	0.5	0.307804	1	64.15751	7.978311	10569.8	1.117189e+26	1.827432e+28	5.151575e+27	6.741065e+25	3.118866e+27	1.203261e+27	5.325573e+26	2.294797e+26	0.2188657	0	0.01659046	0.03560219	0.03560219	0.001424136	0.02670164	0	0	-0.038625	0	1.903279e-16	0	1.903279e-16	0	-496.2577	0	-496.2577	0	30743.62	77194.93	308.6979	8614.04	1.106061	1	0	0.452387	1	2	0	0	
15148	1760.328	3.45e+19	0	0	100000	1.96141585	1.140862e-05	4.402433e+26	5.375763e+25	1.389522e+25	3.986241e+25	2.325843e+26	1.539014e+26	3.198349e+25	3.905469e+24	1.009482e+24	2.895987e+24	1.689715e+25	1.118087e+25	0.3495826	3.198349e+26	3.905469e+25	1.009482e+25	2.895987e+25	1.664778e+26	1.10154e+26	4.148329e+24	0	0	0	0	0	0	0	0	0	0	0	0	0	0	4.120226e+26	1.970912e+18	4.120226e+26	1.862568e+26	7.385229e+21	1.862494e+26	9.971322e+25	1.433804e+14	9.971322e+25	3.725136e+26	2.702646e+14	3.725136e+26	1.110015e+26	1.171817e+15	1.110015e+26	3.555811e+26	2.763567e+21	3.555784e+26	2.147148e+23	1.485362e-09	0.002947458	4.664221e+09	3.472576e+11	5.164685e+12	7.085585e-06	1.07322e-10	2.512471e-16	0.5005737	0.5	0.3081543	1	64.27632	7.993086	10569.8	1.117189e+26	1.827432e+28	5.151575e+27	6.741065e+25	3.118866e+27	1.203261e+27	5.325573e+26	2.294797e+26	0.2188657	0	0.0165719	0.03560219	0.03560219	0.001424136	0.02670164	0	0	-0.03858415	0	1.911122e-16	0	1.911122e-16	0	-496.1975	0	-496.1975	0	30742.98	77194.93	309.2696	8613.861	1.106061	1	0	0.452387	1	2	0	0	
15176	1760.328	3.45e+19	0	0	100000	1.9614567	1.140862e-05	4.410571e+26	5.375791e+25	1.389536e+25	3.986255e+25	2.330759e+26	1.542233e+26	3.204261e+25	3.905489e+24	1.009492e+24	2.895997e+24	1.693286e+25	1.120425e+25	0.3496674	3.204261e+26	3.905489e+25	1.009492e+25	2.895997e+25	1.668303e+26	1.103848e+26	4.155997e+24	0	0	0	0	0	0	0	0	0	0	0	0	0	0	4.127842e+26	1.991405e+18	4.127842e+26	1.866011e+26	7.389948e+21	1.865937e+26	9.989754e+25	1.436836e+14	9.989754e+25	3.732021e+26	2.70836e+14	3.732021e+26	1.112067e+26	1.174295e+15	1.112067e+26	3.562384e+26	2.769411e+21	3.562356e+26	2.147136e+23	1.485369e-09	0.002947482	4.653613e+09	3.4879e+11	5.181376e+12	7.093648e-06	1.075664e-10	2.521058e-16	0.5005725	0.5	0.3085043	1	64.39513	8.007861	10569.8	1.117189e+26	1.827432e+28	5.151575e+27	6.741065e+25	3.118866e+27	1.203261e+27	5.325573e+26	2.294797e+26	0.2188657	0	0.01655337	0.03560219	0.03560219	0.001424136	0.02670164	0	0	-0.0385433	0	1.919004e-16	0	1.919004e-16	0	-496.1373	0	-496.1373	0	30742.34	77194.93	309.8413	8613.681	1.106061	1	0	0.452387	1	2	0	0	
15204	1760.328	3.45e+19	0	0	100000	1.96149755	1.140862e-05	4.418708e+26	5.375819e+25	1.389551e+25	3.986268e+25	2.335675e+26	1.545451e+26	3.210173e+25	3.905509e+24	1.009503e+24	2.896007e+24	1.696858e+25	1.122764e+25	0.3497519	3.210173e+26	3.905509e+25	1.009503e+25	2.896007e+25	1.671829e+26	1.106156e+26	4.163665e+24	0	0	0	0	0	0	0	0	0	0	0	0	0	0	4.135458e+26	2.012117e+18	4.135458e+26	1.869453e+26	7.394633e+21	1.869379e+26	1.000819e+26	1.439868e+14	1.000819e+26	3.738907e+26	2.714075e+14	3.738907e+26	1.114119e+26	1.176773e+15	1.114119e+26	3.568957e+26	2.775254e+21	3.568929e+26	2.147124e+23	1.485376e-09	0.002947506	4.643049e+09	3.503262e+11	5.198087e+12	7.101706e-06	1.078109e-10	2.529659e-16	0.5005714	0.5	0.308854	1	64.51394	8.022635	10569.8	1.117189e+26	1.827432e+28	5.151575e+27	6.741065e+25	3.118866e+27	1.203261e+27	5.325573e+26	2.294797e+26	0.2188657	0	0.01653488	0.03560219	0.03560219	0.001424136	0.02670164	0	0	-0.03850245	0	1.926927e-16	0	1.926927e-16	0	-496.077	0	-496.077	0	30741.7	77194.93	310.413	8613.502	1.106061	1	0	0.452387	1	2	0	0	
15232	1760.328	3.45e+19	0	0	100000	1.9615384	1.140862e-05	4.426846e+26	5.375846e+25	1.389565e+25	3.986281e+25	2.340591e+26	1.54867e+26	3.216084e+25	3.905529e+24	1.009513e+24	2.896016e+24	1.700429e+25	1.125102e+25	0.349836	3.216084e+26	3.905529e+25	1.009513e+25	2.896016e+25	1.675354e+26	1.108464e+26	4.171333e+24	0	0	0	0	0	0	0	0	0	0	0	0	0	0	4.143074e+26	2.033053e+18	4.143074e+26	1.872896e+26	7.399284e+21	1.872822e+26	1.002662e+26	1.4429e+14	1.002662e+26	3.745793e+26	2.71979e+14	3.745793e+26	1.11617e+26	1.179251e+15	1.11617e+26	3.575529e+26	2.781098e+21	3.575501e+26	2.147113e+23	1.485382e-09	0.002947529	4.632529e+09	3.51866e+11	5.21482e+12	7.109757e-06	1.080555e-10	2.538272e-16	0.5005703	0.5	0.3092035	1	64.63275	8.03741	10569.8	1.117189e+26	1.827432e+28	5.151575e+27	6.741065e+25	3.118866e+27	1.203261e+27	5.325573e+26	2.294797e+26	0.2188657	0	0.01651641	0.03560219	0.03560219	0.001424136	0.02670164	0	0	-0.0384616	0	1.93489e-16	0	1.93489e-16	0	-496.0166	0	-496.0166	0	30741.06	77194.93	310.9847	8613.322	1.106061	1	0	0.452387	1	2	0	0	
15260	1760.328	3.45e+19	0	0	100000	1.96157925	1.140862e-05	4.434983e+26	5.375873e+25	1.389579e+25	3.986294e+25	2.345508e+26	1.551888e+26	3.221996e+25	3.905549e+24	1.009523e+24	2.896025e+24	1.704001e+25	1.12744e+25	0.3499198	3.221996e+26	3.905549e+25	1.009523e+25	2.896025e+25	1.678879e+26	1.110772e+26	4.179002e+24	0	0	0	0	0	0	0	0	0	0	0	0	0	0	4.150689e+26	2.054215e+18	4.150689e+26	1.876339e+26	7.403901e+21	1.876265e+26	1.004505e+26	1.445932e+14	1.004505e+26	3.752678e+26	2.725505e+14	3.752678e+26	1.118222e+26	1.181729e+15	1.118222e+26	3.582102e+26	2.786942e+21	3.582074e+26	2.147101e+23	1.485389e-09	0.002947553	4.622053e+09	3.534095e+11	5.231575e+12	7.117802e-06	1.083002e-10	2.546898e-16	0.5005692	0.5	0.3095527	1	64.75156	8.052184	10569.8	1.117189e+26	1.827432e+28	5.151575e+27	6.741065e+25	3.118866e+27	1.203261e+27	5.325573e+26	2.294797e+26	0.2188657	0	0.01649799	0.03560219	0.03560219	0.001424136	0.02670164	0	0	-0.03842075	0	1.942894e-16	0	1.942894e-16	0	-495.9562	0	-495.9562	0	30740.42	77194.93	311.5564	8613.143	1.106061	1	0	0.4523871	1	2	0	0	
15288	1760.328	3.45e+19	0	0	100000	1.9616201	1.140862e-05	4.443121e+26	5.375899e+25	1.389593e+25	3.986306e+25	2.350424e+26	1.555107e+26	3.227908e+25	3.905568e+24	1.009533e+24	2.896034e+24	1.707573e+25	1.129779e+25	0.3500033	3.227908e+26	3.905568e+25	1.009533e+25	2.896034e+25	1.682405e+26	1.11308e+26	4.186668e+24	0	0	0	0	0	0	0	0	0	0	0	0	0	0	4.158305e+26	2.075605e+18	4.158305e+26	1.879782e+26	7.408485e+21	1.879708e+26	1.006348e+26	1.448964e+14	1.006348e+26	3.759564e+26	2.731221e+14	3.759564e+26	1.120274e+26	1.184207e+15	1.120274e+26	3.588675e+26	2.792786e+21	3.588647e+26	2.14709e+23	1.485395e-09	0.002947576	4.61162e+09	3.549567e+11	5.24835e+12	7.125841e-06	1.08545e-10	2.555537e-16	0.5005681	0.5	0.3099016	1	64.87037	8.066959	10569.8	1.117189e+26	1.827432e+28	5.151575e+27	6.741065e+25	3.118866e+27	1.203261e+27	5.325573e+26	2.294797e+26	0.2188657	0	0.01647959	0.03560219	0.03560219	0.001424136	0.02670164	0	0	-0.0383799	0	1.950939e-16	0	1.950939e-16	0	-495.8957	0	-495.8957	0	30739.78	77194.93	312.1281	8612.964	1.106061	1	0	0.4523871	1	2	0	0	
15316	1760.328	3.45e+19	0	0	100000	1.96166095	1.140862e-05	4.451258e+26	5.375925e+25	1.389606e+25	3.986318e+25	2.355341e+26	1.558325e+26	3.23382e+25	3.905586e+24	1.009543e+24	2.896043e+24	1.711145e+25	1.132117e+25	0.3500864	3.23382e+26	3.905586e+25	1.009543e+25	2.896043e+25	1.68593e+26	1.115388e+26	4.194337e+24	0	0	0	0	0	0	0	0	0	0	0	0	0	0	4.165921e+26	2.09722e+18	4.165921e+26	1.883225e+26	7.413038e+21	1.883151e+26	1.008191e+26	1.451996e+14	1.008191e+26	3.766449e+26	2.736936e+14	3.766449e+26	1.122326e+26	1.186685e+15	1.122326e+26	3.595247e+26	2.79863e+21	3.595219e+26	2.147078e+23	1.485402e-09	0.002947599	4.601231e+09	3.565076e+11	5.265146e+12	7.133873e-06	1.087898e-10	2.564189e-16	0.500567	0.5	0.3102502	1	64.98918	8.081734	10569.8	1.117189e+26	1.827432e+28	5.151575e+27	6.741065e+25	3.118866e+27	1.203261e+27	5.325573e+26	2.294797e+26	0.2188657	0	0.01646123	0.03560219	0.03560219	0.001424136	0.02670164	0	0	-0.03833905	0	1.959025e-16	0	1.959025e-16	0	-495.8352	0	-495.8352	0	30739.14	77194.93	312.6998	8612.784	1.106061	1	0	0.4523871	1	2	0	0	
15344	1760.328	3.45e+19	0	0	100000	1.9617018	1.140862e-05	4.459396e+26	5.37595e+25	1.38962e+25	3.98633e+25	2.360258e+26	1.561544e+26	3.239732e+25	3.905605e+24	1.009553e+24	2.896052e+24	1.714717e+25	1.134455e+25	0.3501693	3.239732e+26	3.905605e+25	1.009553e+25	2.896052e+25	1.689456e+26	1.117695e+26	4.202006e+24	0	0	0	0	0	0	0	0	0	0	0	0	0	0	4.173537e+26	2.119074e+18	4.173537e+26	1.886668e+26	7.417555e+21	1.886593e+26	1.010034e+26	1.455028e+14	1.010034e+26	3.773335e+26	2.742651e+14	3.773335e+26	1.124378e+26	1.189163e+15	1.124378e+26	3.60182e+26	2.804475e+21	3.601792e+26	2.147067e+23	1.485408e-09	0.002947622	4.590885e+09	3.580622e+11	5.281964e+12	7.1419e-06	1.090347e-10	2.572854e-16	0.500566	0.5	0.3105986	1	65.10799	8.096508	10569.8	1.117189e+26	1.827432e+28	5.151575e+27	6.741065e+25	3.118866e+27	1.203261e+27	5.325573e+26	2.294797e+26	0.2188657	0	0.0164429	0.03560219	0.03560219	0.001424136	0.02670164	0	0	-0.0382982	0	1.967153e-16	0	1.967153e-16	0	-495.7746	0	-495.7746	0	30738.5	77194.93	313.2715	8612.605	1.106061	1	0	0.4523871	1	2	0	0	
15372	1760.328	3.45e+19	0	0	100000	1.96174265	1.140862e-05	4.467534e+26	5.375975e+25	1.389633e+25	3.986342e+25	2.365174e+26	1.564762e+26	3.245644e+25	3.905623e+24	1.009562e+24	2.89606e+24	1.718289e+25	1.136793e+25	0.3502518	3.245644e+26	3.905623e+25	1.009562e+25	2.89606e+25	1.692982e+26	1.120003e+26	4.209673e+24	0	0	0	0	0	0	0	0	0	0	0	0	0	0	4.181153e+26	2.141165e+18	4.181153e+26	1.89011e+26	7.422038e+21	1.890036e+26	1.011877e+26	1.458061e+14	1.011877e+26	3.780221e+26	2.748367e+14	3.780221e+26	1.126429e+26	1.191641e+15	1.126429e+26	3.608393e+26	2.810319e+21	3.608364e+26	2.147056e+23	1.485415e-09	0.002947644	4.580581e+09	3.596205e+11	5.298802e+12	7.14992e-06	1.092798e-10	2.581532e-16	0.5005649	0.5	0.3109468	1	65.2268	8.111283	10569.8	1.117189e+26	1.827432e+28	5.151575e+27	6.741065e+25	3.118866e+27	1.203261e+27	5.325573e+26	2.294797e+26	0.2188657	0	0.01642461	0.03560219	0.03560219	0.001424136	0.02670164	0	0	-0.03825735	0	1.975323e-16	0	1.975323e-16	0	-495.7139	0	-495.7139	0	30737.86	77194.93	313.8432	8612.426	1.106061	1	0	0.4523872	1	2	0	0	
15400	1760.328	3.45e+19	0	0	100000	1.9617835	1.140862e-05	4.475671e+26	5.375999e+25	1.389646e+25	3.986353e+25	2.370091e+26	1.56798e+26	3.251556e+25	3.90564e+24	1.009572e+24	2.896069e+24	1.721861e+25	1.139131e+25	0.350334	3.251556e+26	3.90564e+25	1.009572e+25	2.896069e+25	1.696508e+26	1.122311e+26	4.21734e+24	0	0	0	0	0	0	0	0	0	0	0	0	0	0	4.188769e+26	2.163494e+18	4.188769e+26	1.893553e+26	7.426488e+21	1.893479e+26	1.01372e+26	1.461093e+14	1.01372e+26	3.787106e+26	2.754083e+14	3.787106e+26	1.128481e+26	1.194119e+15	1.128481e+26	3.614965e+26	2.816164e+21	3.614937e+26	2.147045e+23	1.485421e-09	0.002947666	4.57032e+09	3.611825e+11	5.315662e+12	7.157934e-06	1.095249e-10	2.590222e-16	0.5005638	0.5	0.3112946	1	65.34561	8.126058	10569.8	1.117189e+26	1.827432e+28	5.151575e+27	6.741065e+25	3.118866e+27	1.203261e+27	5.325573e+26	2.294797e+26	0.2188657	0	0.01640635	0.03560219	0.03560219	0.001424136	0.02670164	0	0	-0.0382165	0	1.983534e-16	0	1.983534e-16	0	-495.6532	0	-495.6532	0	30737.22	77194.93	314.4149	8612.246	1.106061	1	0	0.4523872	1	2	0	0	
15428	1760.328	3.45e+19	0	0	100000	1.96182435	1.140862e-05	4.483809e+26	5.376023e+25	1.389658e+25	3.986364e+25	2.375009e+26	1.571198e+26	3.257468e+25	3.905658e+24	1.009581e+24	2.896077e+24	1.725434e+25	1.141469e+25	0.3504159	3.257468e+26	3.905658e+25	1.009581e+25	2.896077e+25	1.700034e+26	1.124618e+26	4.225008e+24	0	0	0	0	0	0	0	0	0	0	0	0	0	0	4.196385e+26	2.186059e+18	4.196385e+26	1.896996e+26	7.430908e+21	1.896922e+26	1.015564e+26	1.464126e+14	1.015564e+26	3.793992e+26	2.759799e+14	3.793992e+26	1.130533e+26	1.196598e+15	1.130533e+26	3.621538e+26	2.822009e+21	3.62151e+26	2.147035e+23	1.485427e-09	0.002947688	4.560101e+09	3.627483e+11	5.332543e+12	7.165942e-06	1.097701e-10	2.598925e-16	0.5005627	0.5	0.3116422	1	65.46442	8.140832	10569.8	1.117189e+26	1.827432e+28	5.151575e+27	6.741065e+25	3.118866e+27	1.203261e+27	5.325573e+26	2.294797e+26	0.2188657	0	0.01638813	0.03560219	0.03560219	0.001424136	0.02670164	0	0	-0.03817565	0	1.991788e-16	0	1.991788e-16	0	-495.5925	0	-495.5925	0	30736.58	77194.93	314.9866	8612.067	1.106061	1	0	0.4523872	1	2	0	0	
15456	1760.328	3.45e+19	0	0	100000	1.9618652	1.140862e-05	4.491946e+26	5.376046e+25	1.389671e+25	3.986375e+25	2.379926e+26	1.574416e+26	3.26338e+25	3.905675e+24	1.00959e+24	2.896084e+24	1.729006e+25	1.143806e+25	0.3504975	3.26338e+26	3.905675e+25	1.00959e+25	2.896084e+25	1.70356e+26	1.126926e+26	4.232676e+24	0	0	0	0	0	0	0	0	0	0	0	0	0	0	4.204001e+26	2.208873e+18	4.204001e+26	1.900439e+26	7.435291e+21	1.900364e+26	1.017407e+26	1.467158e+14	1.017407e+26	3.800878e+26	2.765515e+14	3.800878e+26	1.132585e+26	1.199076e+15	1.132585e+26	3.628111e+26	2.827854e+21	3.628082e+26	2.147024e+23	1.485433e-09	0.00294771	4.549924e+09	3.643177e+11	5.349445e+12	7.173944e-06	1.100154e-10	2.607641e-16	0.5005616	0.5	0.3119896	1	65.58323	8.155607	10569.8	1.117189e+26	1.827432e+28	5.151575e+27	6.741065e+25	3.118866e+27	1.203261e+27	5.325573e+26	2.294797e+26	0.2188657	0	0.01636995	0.03560219	0.03560219	0.001424136	0.02670164	0	0	-0.0381348	0	2.000084e-16	0	2.000084e-16	0	-495.5316	0	-495.5316	0	30735.94	77194.93	315.5583	8611.888	1.106061	1	0	0.4523872	1	2	0	0	
15484	1760.328	3.45e+19	0	0	100000	1.96190605	1.140862e-05	4.500084e+26	5.376069e+25	1.389683e+25	3.986386e+25	2.384843e+26	1.577634e+26	3.269292e+25	3.905691e+24	1.009599e+24	2.896092e+24	1.732579e+25	1.146144e+25	0.3505787	3.269292e+26	3.905691e+25	1.009599e+25	2.896092e+25	1.707086e+26	1.129233e+26	4.240344e+24	0	0	0	0	0	0	0	0	0	0	0	0	0	0	4.211617e+26	2.231929e+18	4.211617e+26	1.903882e+26	7.439645e+21	1.903807e+26	1.01925e+26	1.470191e+14	1.01925e+26	3.807763e+26	2.771232e+14	3.807763e+26	1.134637e+26	1.201554e+15	1.134637e+26	3.634683e+26	2.833699e+21	3.634655e+26	2.147013e+23	1.485439e-09	0.002947732	4.539789e+09	3.658909e+11	5.366368e+12	7.18194e-06	1.102608e-10	2.61637e-16	0.5005606	0.5	0.3123366	1	65.70204	8.170382	10569.8	1.117189e+26	1.827432e+28	5.151575e+27	6.741065e+25	3.118866e+27	1.203261e+27	5.325573e+26	2.294797e+26	0.2188657	0	0.0163518	0.03560219	0.03560219	0.001424136	0.02670164	0	0	-0.03809395	0	2.008423e-16	0	2.008423e-16	0	-495.4707	0	-495.4707	0	30735.3	77194.93	316.13	8611.708	1.106061	1	0	0.4523872	1	2	0	0	
15512	1760.328	3.45e+19	0	0	100000	1.9619469	1.140862e-05	4.508222e+26	5.376091e+25	1.389696e+25	3.986396e+25	2.389761e+26	1.580851e+26	3.275204e+25	3.905707e+24	1.009608e+24	2.8961e+24	1.736151e+25	1.148482e+25	0.3506597	3.275204e+26	3.905707e+25	1.009608e+25	2.8961e+25	1.710612e+26	1.131541e+26	4.248013e+24	0	0	0	0	0	0	0	0	0	0	0	0	0	0	4.219233e+26	2.255241e+18	4.219233e+26	1.907324e+26	7.443962e+21	1.90725e+26	1.021093e+26	1.473224e+14	1.021093e+26	3.814649e+26	2.776948e+14	3.814649e+26	1.136688e+26	1.204033e+15	1.136688e+26	3.641256e+26	2.839544e+21	3.641227e+26	2.147003e+23	1.485445e-09	0.002947753	4.529695e+09	3.674677e+11	5.383311e+12	7.18993e-06	1.105062e-10	2.625112e-16	0.5005595	0.5	0.3126834	1	65.82085	8.185156	10569.8	1.117189e+26	1.827432e+28	5.151575e+27	6.741065e+25	3.118866e+27	1.203261e+27	5.325573e+26	2.294797e+26	0.2188657	0	0.01633369	0.03560219	0.03560219	0.001424136	0.02670164	0	0	-0.0380531	0	2.016805e-16	0	2.016805e-16	0	-495.4098	0	-495.4098	0	30734.66	77194.93	316.7017	8611.529	1.106061	1	0	0.4523873	1	2	0	0	
15540	1760.328	3.45e+19	0	0	100000	1.96198775	1.140862e-05	4.516359e+26	5.376113e+25	1.389708e+25	3.986406e+25	2.394679e+26	1.584069e+26	3.281116e+25	3.905723e+24	1.009617e+24	2.896107e+24	1.739724e+25	1.15082e+25	0.3507403	3.281116e+26	3.905723e+25	1.009617e+25	2.896107e+25	1.714138e+26	1.133848e+26	4.25568e+24	0	0	0	0	0	0	0	0	0	0	0	0	0	0	4.226849e+26	2.278805e+18	4.226849e+26	1.910767e+26	7.448247e+21	1.910693e+26	1.022936e+26	1.476256e+14	1.022936e+26	3.821535e+26	2.782665e+14	3.821535e+26	1.13874e+26	1.206511e+15	1.13874e+26	3.647829e+26	2.84539e+21	3.6478e+26	2.146992e+23	1.485451e-09	0.002947774	4.519642e+09	3.690483e+11	5.400276e+12	7.197914e-06	1.107518e-10	2.633867e-16	0.5005585	0.5	0.31303	1	65.93966	8.199931	10569.8	1.117189e+26	1.827432e+28	5.151575e+27	6.741065e+25	3.118866e+27	1.203261e+27	5.325573e+26	2.294797e+26	0.2188657	0	0.01631561	0.03560219	0.03560219	0.001424136	0.02670164	0	0	-0.03801225	0	2.02523e-16	0	2.02523e-16	0	-495.3488	0	-495.3488	0	30734.02	77194.93	317.2734	8611.35	1.106061	1	0	0.4523873	1	2	0	0	
15568	1760.328	3.45e+19	0	0	100000	1.9620286	1.140862e-05	4.524497e+26	5.376135e+25	1.38972e+25	3.986415e+25	2.399596e+26	1.587287e+26	3.287028e+25	3.905739e+24	1.009625e+24	2.896114e+24	1.743297e+25	1.153157e+25	0.3508206	3.287028e+26	3.905739e+25	1.009625e+25	2.896114e+25	1.717665e+26	1.136155e+26	4.263347e+24	0	0	0	0	0	0	0	0	0	0	0	0	0	0	4.234465e+26	2.302618e+18	4.234465e+26	1.91421e+26	7.452502e+21	1.914136e+26	1.024779e+26	1.479289e+14	1.024779e+26	3.82842e+26	2.788381e+14	3.82842e+26	1.140792e+26	1.20899e+15	1.140792e+26	3.654401e+26	2.851235e+21	3.654373e+26	2.146982e+23	1.485457e-09	0.002947795	4.509631e+09	3.706326e+11	5.417262e+12	7.205892e-06	1.109974e-10	2.642634e-16	0.5005574	0.5	0.3133763	1	66.05847	8.214706	10569.8	1.117189e+26	1.827432e+28	5.151575e+27	6.741065e+25	3.118866e+27	1.203261e+27	5.325573e+26	2.294797e+26	0.2188657	0	0.01629758	0.03560219	0.03560219	0.001424136	0.02670164	0	0	-0.0379714	0	2.033699e-16	0	2.033699e-16	0	-495.2877	0	-495.2877	0	30733.38	77194.93	317.8451	8611.17	1.106061	1	0	0.4523873	1	2	0	0	
15596	1760.328	3.45e+19	0	0	100000	1.96206945	1.140862e-05	4.532634e+26	5.376156e+25	1.389731e+25	3.986425e+25	2.404514e+26	1.590504e+26	3.292939e+25	3.905754e+24	1.009634e+24	2.896121e+24	1.746869e+25	1.155495e+25	0.3509007	3.292939e+26	3.905754e+25	1.009634e+25	2.896121e+25	1.721191e+26	1.138462e+26	4.271015e+24	0	0	0	0	0	0	0	0	0	0	0	0	0	0	4.242081e+26	2.326696e+18	4.242081e+26	1.917653e+26	7.456721e+21	1.917578e+26	1.026622e+26	1.482322e+14	1.026622e+26	3.835306e+26	2.794098e+14	3.835306e+26	1.142844e+26	1.211469e+15	1.142844e+26	3.660974e+26	2.857081e+21	3.660945e+26	2.146972e+23	1.485463e-09	0.002947816	4.49966e+09	3.722207e+11	5.434269e+12	7.213864e-06	1.112432e-10	2.651415e-16	0.5005563	0.5	0.3137223	1	66.17728	8.22948	10569.8	1.117189e+26	1.827432e+28	5.151575e+27	6.741065e+25	3.118866e+27	1.203261e+27	5.325573e+26	2.294797e+26	0.2188657	0	0.01627958	0.03560219	0.03560219	0.001424136	0.02670164	0	0	-0.03793055	0	2.042212e-16	0	2.042212e-16	0	-495.2266	0	-495.2266	0	30732.74	77194.93	318.4168	8610.991	1.106061	1	0	0.4523873	1	2	0	0	
15624	1760.328	3.45e+19	0	0	100000	1.9621103	1.140862e-05	4.540772e+26	5.376177e+25	1.389743e+25	3.986434e+25	2.409432e+26	1.593722e+26	3.298851e+25	3.90577e+24	1.009642e+24	2.896127e+24	1.750442e+25	1.157832e+25	0.3509804	3.298851e+26	3.90577e+25	1.009642e+25	2.896127e+25	1.724718e+26	1.14077e+26	4.278684e+24	0	0	0	0	0	0	0	0	0	0	0	0	0	0	4.249697e+26	2.351036e+18	4.249697e+26	1.921096e+26	7.460907e+21	1.921021e+26	1.028465e+26	1.485355e+14	1.028465e+26	3.842192e+26	2.799815e+14	3.842192e+26	1.144895e+26	1.213947e+15	1.144895e+26	3.667547e+26	2.862927e+21	3.667518e+26	2.146962e+23	1.485469e-09	0.002947836	4.48973e+09	3.738124e+11	5.451297e+12	7.221829e-06	1.11489e-10	2.660208e-16	0.5005553	0.5	0.3140681	1	66.29609	8.244255	10569.8	1.117189e+26	1.827432e+28	5.151575e+27	6.741065e+25	3.118866e+27	1.203261e+27	5.325573e+26	2.294797e+26	0.2188657	0	0.01626162	0.03560219	0.03560219	0.001424136	0.02670164	0	0	-0.0378897	0	2.050769e-16	0	2.050769e-16	0	-495.1654	0	-495.1654	0	30732.1	77194.93	318.9885	8610.812	1.106061	1	0	0.4523873	1	2	0	0	
15652	1760.328	3.45e+19	0	0	100000	1.96215115	1.140862e-05	4.548909e+26	5.376197e+25	1.389754e+25	3.986443e+25	2.41435e+26	1.596939e+26	3.304763e+25	3.905784e+24	1.00965e+24	2.896134e+24	1.754015e+25	1.16017e+25	0.3510598	3.304763e+26	3.905784e+25	1.00965e+25	2.896134e+25	1.728245e+26	1.143077e+26	4.286351e+24	0	0	0	0	0	0	0	0	0	0	0	0	0	0	4.257313e+26	2.375639e+18	4.257313e+26	1.924539e+26	7.465061e+21	1.924464e+26	1.030309e+26	1.488388e+14	1.030309e+26	3.849077e+26	2.805533e+14	3.849077e+26	1.146947e+26	1.216426e+15	1.146947e+26	3.674119e+26	2.868773e+21	3.67409e+26	2.146952e+23	1.485474e-09	0.002947857	4.479839e+09	3.754079e+11	5.468345e+12	7.229789e-06	1.117349e-10	2.669014e-16	0.5005543	0.5	0.3144136	1	66.4149	8.25903	10569.8	1.117189e+26	1.827432e+28	5.151575e+27	6.741065e+25	3.118866e+27	1.203261e+27	5.325573e+26	2.294797e+26	0.2188657	0	0.0162437	0.03560219	0.03560219	0.001424136	0.02670164	0	0	-0.03784885	0	2.05937e-16	0	2.05937e-16	0	-495.1041	0	-495.1041	0	30731.46	77194.93	319.5603	8610.633	1.106061	1	0	0.4523874	1	2	0	0	
15680	1760.328	3.45e+19	0	0	100000	1.962192	1.140862e-05	4.557047e+26	5.376217e+25	1.389765e+25	3.986452e+25	2.419269e+26	1.600157e+26	3.310675e+25	3.905799e+24	1.009659e+24	2.89614e+24	1.757588e+25	1.162507e+25	0.3511389	3.310675e+26	3.905799e+25	1.009659e+25	2.89614e+25	1.731771e+26	1.145384e+26	4.294019e+24	0	0	0	0	0	0	0	0	0	0	0	0	0	0	4.264929e+26	2.400503e+18	4.264929e+26	1.927981e+26	7.469186e+21	1.927907e+26	1.032152e+26	1.491421e+14	1.032152e+26	3.855963e+26	2.81125e+14	3.855963e+26	1.148999e+26	1.218905e+15	1.148999e+26	3.680692e+26	2.874619e+21	3.680663e+26	2.146942e+23	1.48548e-09	0.002947877	4.469989e+09	3.770071e+11	5.485415e+12	7.237743e-06	1.119809e-10	2.677833e-16	0.5005532	0.5	0.3147588	1	66.53371	8.273804	10569.8	1.117189e+26	1.827432e+28	5.151575e+27	6.741065e+25	3.118866e+27	1.203261e+27	5.325573e+26	2.294797e+26	0.2188657	0	0.01622581	0.03560219	0.03560219	0.001424136	0.02670164	0	0	-0.037808	0	2.068016e-16	0	2.068016e-16	0	-495.0428	0	-495.0428	0	30730.82	77194.93	320.132	8610.453	1.106061	1	0	0.4523874	1	2	0	0	
15708	1760.328	3.45e+19	0	0	100000	1.96223285	1.140862e-05	4.565185e+26	5.376237e+25	1.389776e+25	3.98646e+25	2.424187e+26	1.603374e+26	3.316587e+25	3.905813e+24	1.009667e+24	2.896146e+24	1.761162e+25	1.164844e+25	0.3512177	3.316587e+26	3.905813e+25	1.009667e+25	2.896146e+25	1.735298e+26	1.147691e+26	4.301687e+24	0	0	0	0	0	0	0	0	0	0	0	0	0	0	4.272545e+26	2.425645e+18	4.272545e+26	1.931424e+26	7.473275e+21	1.93135e+26	1.033995e+26	1.494455e+14	1.033995e+26	3.862849e+26	2.816967e+14	3.862849e+26	1.151051e+26	1.221384e+15	1.151051e+26	3.687265e+26	2.880465e+21	3.687236e+26	2.146932e+23	1.485486e-09	0.002947897	4.460179e+09	3.7861e+11	5.502506e+12	7.245691e-06	1.122269e-10	2.686664e-16	0.5005522	0.5	0.3151038	1	66.65252	8.288579	10569.8	1.117189e+26	1.827432e+28	5.151575e+27	6.741065e+25	3.118866e+27	1.203261e+27	5.325573e+26	2.294797e+26	0.2188657	0	0.01620797	0.03560219	0.03560219	0.001424136	0.02670164	0	0	-0.03776715	0	2.076707e-16	0	2.076707e-16	0	-494.9814	0	-494.9814	0	30730.18	77194.93	320.7037	8610.274	1.106061	1	0	0.4523874	1	2	0	0	
15736	1760.328	3.45e+19	0	0	100000	1.9622737	1.140862e-05	4.573322e+26	5.376256e+25	1.389787e+25	3.986468e+25	2.429106e+26	1.606591e+26	3.322499e+25	3.905827e+24	1.009674e+24	2.896152e+24	1.764735e+25	1.167181e+25	0.3512963	3.322499e+26	3.905827e+25	1.009674e+25	2.896152e+25	1.738825e+26	1.149998e+26	4.309356e+24	0	0	0	0	0	0	0	0	0	0	0	0	0	0	4.280161e+26	2.451059e+18	4.280161e+26	1.934867e+26	7.477332e+21	1.934792e+26	1.035838e+26	1.497488e+14	1.035838e+26	3.869734e+26	2.822685e+14	3.869734e+26	1.153103e+26	1.223863e+15	1.153103e+26	3.693837e+26	2.886312e+21	3.693808e+26	2.146923e+23	1.485491e-09	0.002947917	4.450408e+09	3.802166e+11	5.519617e+12	7.253633e-06	1.124731e-10	2.695509e-16	0.5005512	0.5	0.3154486	1	66.77133	8.303354	10569.8	1.117189e+26	1.827432e+28	5.151575e+27	6.741065e+25	3.118866e+27	1.203261e+27	5.325573e+26	2.294797e+26	0.2188657	0	0.01619017	0.03560219	0.03560219	0.001424136	0.02670164	0	0	-0.0377263	0	2.085443e-16	0	2.085443e-16	0	-494.92	0	-494.92	0	30729.54	77194.93	321.2754	8610.095	1.106061	1	0	0.4523874	1	2	0	0	
15764	1760.328	3.45e+19	0	0	100000	1.96231455	1.140862e-05	4.58146e+26	5.376274e+25	1.389798e+25	3.986476e+25	2.434024e+26	1.609808e+26	3.328411e+25	3.90584e+24	1.009682e+24	2.896158e+24	1.768308e+25	1.169519e+25	0.3513745	3.328411e+26	3.90584e+25	1.009682e+25	2.896158e+25	1.742352e+26	1.152305e+26	4.317023e+24	0	0	0	0	0	0	0	0	0	0	0	0	0	0	4.287776e+26	2.476751e+18	4.287776e+26	1.93831e+26	7.481357e+21	1.938235e+26	1.037681e+26	1.500521e+14	1.037681e+26	3.87662e+26	2.828402e+14	3.87662e+26	1.155154e+26	1.226342e+15	1.155154e+26	3.70041e+26	2.892158e+21	3.700381e+26	2.146913e+23	1.485497e-09	0.002947936	4.440676e+09	3.81827e+11	5.53675e+12	7.26157e-06	1.127193e-10	2.704366e-16	0.5005501	0.5	0.3157931	1	66.89014	8.318128	10569.8	1.117189e+26	1.827432e+28	5.151575e+27	6.741065e+25	3.118866e+27	1.203261e+27	5.325573e+26	2.294797e+26	0.2188657	0	0.0161724	0.03560219	0.03560219	0.001424136	0.02670164	0	0	-0.03768545	0	2.094225e-16	0	2.094225e-16	0	-494.8585	0	-494.8585	0	30728.9	77194.93	321.8471	8609.916	1.106061	1	0	0.4523874	1	2	0	0	
15792	1760.328	3.45e+19	0	0	100000	1.9623554	1.140862e-05	4.589597e+26	5.376293e+25	1.389808e+25	3.986484e+25	2.438943e+26	1.613025e+26	3.334323e+25	3.905854e+24	1.00969e+24	2.896164e+24	1.771882e+25	1.171856e+25	0.3514524	3.334323e+26	3.905854e+25	1.00969e+25	2.896164e+25	1.745879e+26	1.154611e+26	4.324691e+24	0	0	0	0	0	0	0	0	0	0	0	0	0	0	4.295392e+26	2.502721e+18	4.295392e+26	1.941753e+26	7.48535e+21	1.941678e+26	1.039524e+26	1.503555e+14	1.039524e+26	3.883505e+26	2.83412e+14	3.883505e+26	1.157206e+26	1.228821e+15	1.157206e+26	3.706982e+26	2.898005e+21	3.706954e+26	2.146904e+23	1.485502e-09	0.002947955	4.430984e+09	3.834411e+11	5.553903e+12	7.2695e-06	1.129657e-10	2.713236e-16	0.5005491	0.5	0.3161373	1	67.00895	8.332903	10569.8	1.117189e+26	1.827432e+28	5.151575e+27	6.741065e+25	3.118866e+27	1.203261e+27	5.325573e+26	2.294797e+26	0.2188657	0	0.01615468	0.03560219	0.03560219	0.001424136	0.02670164	0	0	-0.0376446	0	2.103053e-16	0	2.103053e-16	0	-494.7969	0	-494.7969	0	30728.26	77194.93	322.4188	8609.736	1.106061	1	0	0.4523875	1	2	0	0	
15820	1760.328	3.45e+19	0	0	100000	1.96239625	1.140862e-05	4.597735e+26	5.376311e+25	1.389819e+25	3.986492e+25	2.443862e+26	1.616242e+26	3.340235e+25	3.905867e+24	1.009697e+24	2.896169e+24	1.775455e+25	1.174193e+25	0.35153	3.340235e+26	3.905867e+25	1.009697e+25	2.896169e+25	1.749406e+26	1.156918e+26	4.332358e+24	0	0	0	0	0	0	0	0	0	0	0	0	0	0	4.303008e+26	2.528975e+18	4.303008e+26	1.945196e+26	7.48931e+21	1.945121e+26	1.041367e+26	1.506588e+14	1.041367e+26	3.890391e+26	2.839838e+14	3.890391e+26	1.159258e+26	1.2313e+15	1.159258e+26	3.713555e+26	2.903852e+21	3.713526e+26	2.146894e+23	1.485507e-09	0.002947975	4.42133e+09	3.850589e+11	5.571077e+12	7.277424e-06	1.132121e-10	2.722118e-16	0.5005481	0.5	0.3164813	1	67.12776	8.347677	10569.8	1.117189e+26	1.827432e+28	5.151575e+27	6.741065e+25	3.118866e+27	1.203261e+27	5.325573e+26	2.294797e+26	0.2188657	0	0.016137	0.03560219	0.03560219	0.001424136	0.02670164	0	0	-0.03760375	0	2.111926e-16	0	2.111926e-16	0	-494.7353	0	-494.7353	0	30727.62	77194.93	322.9905	8609.557	1.106061	1	0	0.4523875	1	2	0	0	
15848	1760.328	3.45e+19	0	0	100000	1.9624371	1.140862e-05	4.605873e+26	5.376328e+25	1.389829e+25	3.986499e+25	2.448781e+26	1.619459e+26	3.346147e+25	3.905879e+24	1.009705e+24	2.896174e+24	1.779029e+25	1.17653e+25	0.3516074	3.346147e+26	3.905879e+25	1.009705e+25	2.896174e+25	1.752934e+26	1.159225e+26	4.340027e+24	0	0	0	0	0	0	0	0	0	0	0	0	0	0	4.310624e+26	2.555515e+18	4.310624e+26	1.948638e+26	7.493239e+21	1.948563e+26	1.04321e+26	1.509622e+14	1.04321e+26	3.897277e+26	2.845556e+14	3.897277e+26	1.16131e+26	1.23378e+15	1.16131e+26	3.720128e+26	2.909699e+21	3.720099e+26	2.146885e+23	1.485513e-09	0.002947994	4.411715e+09	3.866805e+11	5.588272e+12	7.285343e-06	1.134586e-10	2.731014e-16	0.5005471	0.5	0.316825	1	67.24657	8.362452	10569.8	1.117189e+26	1.827432e+28	5.151575e+27	6.741065e+25	3.118866e+27	1.203261e+27	5.325573e+26	2.294797e+26	0.2188657	0	0.01611936	0.03560219	0.03560219	0.001424136	0.02670164	0	0	-0.0375629	0	2.120846e-16	0	2.120846e-16	0	-494.6736	0	-494.6736	0	30726.98	77194.93	323.5622	8609.378	1.106061	1	0	0.4523875	1	2	0	0	
15876	1760.328	3.45e+19	0	0	100000	1.96247795	1.140862e-05	4.61401e+26	5.376345e+25	1.389839e+25	3.986506e+25	2.4537e+26	1.622676e+26	3.352059e+25	3.905892e+24	1.009712e+24	2.89618e+24	1.782603e+25	1.178867e+25	0.3516844	3.352059e+26	3.905892e+25	1.009712e+25	2.89618e+25	1.756461e+26	1.161531e+26	4.347694e+24	0	0	0	0	0	0	0	0	0	0	0	0	0	0	4.31824e+26	2.582352e+18	4.31824e+26	1.952081e+26	7.497133e+21	1.952006e+26	1.045054e+26	1.512656e+14	1.045054e+26	3.904162e+26	2.851275e+14	3.904162e+26	1.163362e+26	1.236259e+15	1.163362e+26	3.7267e+26	2.915546e+21	3.726671e+26	2.146876e+23	1.485518e-09	0.002948012	4.402139e+09	3.883058e+11	5.605488e+12	7.293256e-06	1.137052e-10	2.739922e-16	0.5005461	0.5	0.3171685	1	67.36538	8.377227	10569.8	1.117189e+26	1.827432e+28	5.151575e+27	6.741065e+25	3.118866e+27	1.203261e+27	5.325573e+26	2.294797e+26	0.2188657	0	0.01610176	0.03560219	0.03560219	0.001424136	0.02670164	0	0	-0.03752205	0	2.129813e-16	0	2.129813e-16	0	-494.6119	0	-494.6119	0	30726.34	77194.93	324.1339	8609.199	1.106061	1	0	0.4523875	1	2	0	0	
15904	1760.328	3.45e+19	0	0	100000	1.9625188	1.140862e-05	4.622148e+26	5.376362e+25	1.389849e+25	3.986513e+25	2.458619e+26	1.625892e+26	3.357971e+25	3.905904e+24	1.009719e+24	2.896185e+24	1.786176e+25	1.181204e+25	0.3517612	3.357971e+26	3.905904e+25	1.009719e+25	2.896185e+25	1.759989e+26	1.163838e+26	4.355363e+24	0	0	0	0	0	0	0	0	0	0	0	0	0	0	4.325856e+26	2.609474e+18	4.325856e+26	1.955524e+26	7.500998e+21	1.955449e+26	1.046897e+26	1.515689e+14	1.046897e+26	3.911048e+26	2.856993e+14	3.911048e+26	1.165413e+26	1.238738e+15	1.165413e+26	3.733273e+26	2.921393e+21	3.733244e+26	2.146867e+23	1.485523e-09	0.002948031	4.3926e+09	3.899348e+11	5.622724e+12	7.301163e-06	1.139519e-10	2.748843e-16	0.500545	0.5	0.3175117	1	67.48419	8.392001	10569.8	1.117189e+26	1.827432e+28	5.151575e+27	6.741065e+25	3.118866e+27	1.203261e+27	5.325573e+26	2.294797e+26	0.2188657	0	0.0160842	0.03560219	0.03560219	0.001424136	0.02670164	0	0	-0.0374812	0	2.138826e-16	0	2.138826e-16	0	-494.5501	0	-494.5501	0	30725.7	77194.93	324.7056	8609.02	1.106061	1	0	0.4523876	1	2	0	0	
15932	1760.328	3.45e+19	0	0	100000	1.96255965	1.140862e-05	4.630285e+26	5.376379e+25	1.389859e+25	3.98652e+25	2.463539e+26	1.629109e+26	3.363882e+25	3.905916e+24	1.009727e+24	2.896189e+24	1.78975e+25	1.183541e+25	0.3518377	3.363882e+26	3.905916e+25	1.009727e+25	2.896189e+25	1.763516e+26	1.166145e+26	4.36303e+24	0	0	0	0	0	0	0	0	0	0	0	0	0	0	4.333472e+26	2.636899e+18	4.333472e+26	1.958967e+26	7.504828e+21	1.958892e+26	1.04874e+26	1.518723e+14	1.04874e+26	3.917934e+26	2.862712e+14	3.917934e+26	1.167465e+26	1.241218e+15	1.167465e+26	3.739846e+26	2.927241e+21	3.739817e+26	2.146857e+23	1.485528e-09	0.00294805	4.3831e+09	3.915676e+11	5.639982e+12	7.309064e-06	1.141986e-10	2.757777e-16	0.500544	0.5	0.3178546	1	67.603	8.406776	10569.8	1.117189e+26	1.827432e+28	5.151575e+27	6.741065e+25	3.118866e+27	1.203261e+27	5.325573e+26	2.294797e+26	0.2188657	0	0.01606669	0.03560219	0.03560219	0.001424136	0.02670164	0	0	-0.03744035	0	2.147887e-16	0	2.147887e-16	0	-494.4882	0	-494.4882	0	30725.06	77194.93	325.2773	8608.84	1.106061	1	0	0.4523876	1	2	0	0	
15960	1760.328	3.45e+19	0	0	100000	1.9626005	1.140862e-05	4.638423e+26	5.376395e+25	1.389869e+25	3.986526e+25	2.468458e+26	1.632325e+26	3.369794e+25	3.905928e+24	1.009734e+24	2.896194e+24	1.793324e+25	1.185877e+25	0.3519139	3.369794e+26	3.905928e+25	1.009734e+25	2.896194e+25	1.767044e+26	1.168451e+26	4.370698e+24	0	0	0	0	0	0	0	0	0	0	0	0	0	0	4.341088e+26	2.664617e+18	4.341088e+26	1.96241e+26	7.508631e+21	1.962335e+26	1.050583e+26	1.521757e+14	1.050583e+26	3.924819e+26	2.86843e+14	3.924819e+26	1.169517e+26	1.243697e+15	1.169517e+26	3.746418e+26	2.933088e+21	3.746389e+26	2.146848e+23	1.485534e-09	0.002948068	4.373637e+09	3.932041e+11	5.65726e+12	7.316959e-06	1.144455e-10	2.766724e-16	0.500543	0.5	0.3181974	1	67.72181	8.421551	10569.8	1.117189e+26	1.827432e+28	5.151575e+27	6.741065e+25	3.118866e+27	1.203261e+27	5.325573e+26	2.294797e+26	0.2188657	0	0.01604922	0.03560219	0.03560219	0.001424136	0.02670164	0	0	-0.0373995	0	2.156995e-16	0	2.156995e-16	0	-494.4263	0	-494.4263	0	30724.42	77194.93	325.849	8608.661	1.106061	1	0	0.4523876	1	2	0	0	
15988	1760.328	3.45e+19	0	0	100000	1.96264135	1.140862e-05	4.64656e+26	5.37641e+25	1.389878e+25	3.986532e+25	2.473378e+26	1.635542e+26	3.375706e+25	3.905939e+24	1.009741e+24	2.896199e+24	1.796898e+25	1.188214e+25	0.3519898	3.375706e+26	3.905939e+25	1.009741e+25	2.896199e+25	1.770571e+26	1.170757e+26	4.378365e+24	0	0	0	0	0	0	0	0	0	0	0	0	0	0	4.348704e+26	2.692644e+18	4.348704e+26	1.965853e+26	7.512398e+21	1.965777e+26	1.052426e+26	1.524791e+14	1.052426e+26	3.931705e+26	2.874149e+14	3.931705e+26	1.171569e+26	1.246177e+15	1.171569e+26	3.752991e+26	2.938936e+21	3.752962e+26	2.14684e+23	1.485539e-09	0.002948086	4.364211e+09	3.948443e+11	5.674559e+12	7.324849e-06	1.146924e-10	2.775683e-16	0.500542	0.5	0.3185398	1	67.84062	8.436325	10569.8	1.117189e+26	1.827432e+28	5.151575e+27	6.741065e+25	3.118866e+27	1.203261e+27	5.325573e+26	2.294797e+26	0.2188657	0	0.01603179	0.03560219	0.03560219	0.001424136	0.02670164	0	0	-0.03735865	0	2.166152e-16	0	2.166152e-16	0	-494.3643	0	-494.3643	0	30723.78	77194.93	326.4207	8608.482	1.106061	1	0	0.4523876	1	2	0	0	
16016	1760.328	3.45e+19	0	0	100000	1.9626822	1.140862e-05	4.654698e+26	5.376426e+25	1.389887e+25	3.986538e+25	2.478297e+26	1.638758e+26	3.381618e+25	3.90595e+24	1.009747e+24	2.896203e+24	1.800472e+25	1.190551e+25	0.3520654	3.381618e+26	3.90595e+25	1.009747e+25	2.896203e+25	1.774099e+26	1.173064e+26	4.386034e+24	0	0	0	0	0	0	0	0	0	0	0	0	0	0	4.35632e+26	2.720979e+18	4.35632e+26	1.969295e+26	7.516134e+21	1.96922e+26	1.054269e+26	1.527825e+14	1.054269e+26	3.938591e+26	2.879868e+14	3.938591e+26	1.17362e+26	1.248656e+15	1.17362e+26	3.759564e+26	2.944784e+21	3.759534e+26	2.146831e+23	1.485544e-09	0.002948104	4.354823e+09	3.964883e+11	5.691879e+12	7.332733e-06	1.149395e-10	2.784656e-16	0.500541	0.5	0.318882	1	67.95943	8.4511	10569.8	1.117189e+26	1.827432e+28	5.151575e+27	6.741065e+25	3.118866e+27	1.203261e+27	5.325573e+26	2.294797e+26	0.2188657	0	0.0160144	0.03560219	0.03560219	0.001424136	0.02670164	0	0	-0.0373178	0	2.175356e-16	0	2.175356e-16	0	-494.3022	0	-494.3022	0	30723.14	77194.93	326.9924	8608.303	1.106061	1	0	0.4523877	1	2	0	0	
16044	1760.328	3.45e+19	0	0	100000	1.96272305	1.140862e-05	4.662836e+26	5.376441e+25	1.389897e+25	3.986544e+25	2.483217e+26	1.641974e+26	3.38753e+25	3.905961e+24	1.009754e+24	2.896207e+24	1.804047e+25	1.192887e+25	0.3521407	3.38753e+26	3.905961e+25	1.009754e+25	2.896207e+25	1.777627e+26	1.17537e+26	4.393702e+24	0	0	0	0	0	0	0	0	0	0	0	0	0	0	4.363936e+26	2.749623e+18	4.363936e+26	1.972738e+26	7.519839e+21	1.972663e+26	1.056112e+26	1.530859e+14	1.056112e+26	3.945476e+26	2.885587e+14	3.945476e+26	1.175672e+26	1.251136e+15	1.175672e+26	3.766136e+26	2.950632e+21	3.766107e+26	2.146822e+23	1.485549e-09	0.002948122	4.345472e+09	3.981361e+11	5.70922e+12	7.340611e-06	1.151866e-10	2.793641e-16	0.5005401	0.5	0.319224	1	68.07824	8.465875	10569.8	1.117189e+26	1.827432e+28	5.151575e+27	6.741065e+25	3.118866e+27	1.203261e+27	5.325573e+26	2.294797e+26	0.2188657	0	0.01599706	0.03560219	0.03560219	0.001424136	0.02670164	0	0	-0.03727695	0	2.184609e-16	0	2.184609e-16	0	-494.2401	0	-494.2401	0	30722.5	77194.93	327.5641	8608.124	1.106061	1	0	0.4523877	1	2	0	0	
16072	1760.328	3.45e+19	0	0	100000	1.9627639	1.140862e-05	4.670973e+26	5.376456e+25	1.389906e+25	3.98655e+25	2.488137e+26	1.645191e+26	3.393442e+25	3.905972e+24	1.009761e+24	2.896211e+24	1.807621e+25	1.195224e+25	0.3522158	3.393442e+26	3.905972e+25	1.009761e+25	2.896211e+25	1.781155e+26	1.177676e+26	4.40137e+24	0	0	0	0	0	0	0	0	0	0	0	0	0	0	4.371552e+26	2.778581e+18	4.371552e+26	1.976181e+26	7.523513e+21	1.976106e+26	1.057955e+26	1.533894e+14	1.057955e+26	3.952362e+26	2.891306e+14	3.952362e+26	1.177724e+26	1.253615e+15	1.177724e+26	3.772709e+26	2.95648e+21	3.77268e+26	2.146813e+23	1.485554e-09	0.002948139	4.336158e+09	3.997875e+11	5.726581e+12	7.348483e-06	1.154338e-10	2.802638e-16	0.5005391	0.5	0.3195657	1	68.19705	8.480649	10569.8	1.117189e+26	1.827432e+28	5.151575e+27	6.741065e+25	3.118866e+27	1.203261e+27	5.325573e+26	2.294797e+26	0.2188657	0	0.01597976	0.03560219	0.03560219	0.001424136	0.02670164	0	0	-0.0372361	0	2.19391e-16	0	2.19391e-16	0	-494.1779	0	-494.1779	0	30721.87	77194.93	328.1358	8607.945	1.106061	1	0	0.4523877	1	2	0	0	
16100	1760.328	3.45e+19	0	0	100000	1.96280475	1.140862e-05	4.679111e+26	5.37647e+25	1.389915e+25	3.986555e+25	2.493057e+26	1.648407e+26	3.399354e+25	3.905982e+24	1.009767e+24	2.896215e+24	1.811195e+25	1.19756e+25	0.3522906	3.399354e+26	3.905982e+25	1.009767e+25	2.896215e+25	1.784683e+26	1.179982e+26	4.409038e+24	0	0	0	0	0	0	0	0	0	0	0	0	0	0	4.379168e+26	2.807856e+18	4.379168e+26	1.979624e+26	7.527155e+21	1.979549e+26	1.059799e+26	1.536928e+14	1.059799e+26	3.959248e+26	2.897026e+14	3.959248e+26	1.179776e+26	1.256095e+15	1.179776e+26	3.779282e+26	2.962328e+21	3.779252e+26	2.146805e+23	1.485559e-09	0.002948157	4.326881e+09	4.014428e+11	5.743963e+12	7.35635e-06	1.15681e-10	2.811649e-16	0.5005381	0.5	0.3199072	1	68.31586	8.495424	10569.8	1.117189e+26	1.827432e+28	5.151575e+27	6.741065e+25	3.118866e+27	1.203261e+27	5.325573e+26	2.294797e+26	0.2188657	0	0.01596251	0.03560219	0.03560219	0.001424136	0.02670164	0	0	-0.03719525	0	2.203261e-16	0	2.203261e-16	0	-494.1157	0	-494.1157	0	30721.23	77194.93	328.7075	8607.765	1.106061	1	0	0.4523877	1	2	0	0	
16128	1760.328	3.45e+19	0	0	100000	1.9628456	1.140862e-05	4.687248e+26	5.376484e+25	1.389924e+25	3.98656e+25	2.497977e+26	1.651623e+26	3.405266e+25	3.905993e+24	1.009774e+24	2.896219e+24	1.81477e+25	1.199897e+25	0.3523651	3.405266e+26	3.905993e+25	1.009774e+25	2.896219e+25	1.788211e+26	1.182289e+26	4.416705e+24	0	0	0	0	0	0	0	0	0	0	0	0	0	0	4.386784e+26	2.837452e+18	4.386784e+26	1.983067e+26	7.530767e+21	1.982991e+26	1.061642e+26	1.539962e+14	1.061642e+26	3.966133e+26	2.902745e+14	3.966133e+26	1.181828e+26	1.258575e+15	1.181828e+26	3.785854e+26	2.968177e+21	3.785825e+26	2.146796e+23	1.485564e-09	0.002948174	4.31764e+09	4.031018e+11	5.761366e+12	7.364211e-06	1.159284e-10	2.820672e-16	0.5005371	0.5	0.3202484	1	68.43467	8.510199	10569.8	1.117189e+26	1.827432e+28	5.151575e+27	6.741065e+25	3.118866e+27	1.203261e+27	5.325573e+26	2.294797e+26	0.2188657	0	0.0159453	0.03560219	0.03560219	0.001424136	0.02670164	0	0	-0.0371544	0	2.212661e-16	0	2.212661e-16	0	-494.0534	0	-494.0534	0	30720.59	77194.93	329.2792	8607.586	1.106061	1	0	0.4523877	1	2	0	0	
16156	1760.328	3.45e+19	0	0	100000	1.96288645	1.140862e-05	4.695386e+26	5.376498e+25	1.389932e+25	3.986565e+25	2.502898e+26	1.654839e+26	3.411178e+25	3.906003e+24	1.00978e+24	2.896223e+24	1.818344e+25	1.202233e+25	0.3524393	3.411178e+26	3.906003e+25	1.00978e+25	2.896223e+25	1.791739e+26	1.184595e+26	4.424373e+24	0	0	0	0	0	0	0	0	0	0	0	0	0	0	4.3944e+26	2.86738e+18	4.3944e+26	1.986509e+26	7.534344e+21	1.986434e+26	1.063485e+26	1.542997e+14	1.063485e+26	3.973019e+26	2.908465e+14	3.973019e+26	1.183879e+26	1.261055e+15	1.183879e+26	3.792427e+26	2.974025e+21	3.792397e+26	2.146788e+23	1.485568e-09	0.002948191	4.308435e+09	4.047645e+11	5.778789e+12	7.372066e-06	1.161759e-10	2.829708e-16	0.5005361	0.5	0.3205894	1	68.55348	8.524973	10569.8	1.117189e+26	1.827432e+28	5.151575e+27	6.741065e+25	3.118866e+27	1.203261e+27	5.325573e+26	2.294797e+26	0.2188657	0	0.01592813	0.03560219	0.03560219	0.001424136	0.02670164	0	0	-0.03711355	0	2.22211e-16	0	2.22211e-16	0	-493.991	0	-493.991	0	30719.95	77194.93	329.8509	8607.407	1.106061	1	0	0.4523878	1	2	0	0	
16184	1760.328	3.45e+19	0	0	100000	1.9629273	1.140862e-05	4.703524e+26	5.376511e+25	1.389941e+25	3.98657e+25	2.507818e+26	1.658054e+26	3.41709e+25	3.906012e+24	1.009786e+24	2.896226e+24	1.821919e+25	1.204569e+25	0.3525133	3.41709e+26	3.906012e+25	1.009786e+25	2.896226e+25	1.795267e+26	1.186901e+26	4.432042e+24	0	0	0	0	0	0	0	0	0	0	0	0	0	0	4.402016e+26	2.897628e+18	4.402016e+26	1.989952e+26	7.537894e+21	1.989877e+26	1.065328e+26	1.546031e+14	1.065328e+26	3.979905e+26	2.914184e+14	3.979905e+26	1.185931e+26	1.263535e+15	1.185931e+26	3.799e+26	2.979874e+21	3.79897e+26	2.14678e+23	1.485573e-09	0.002948208	4.299266e+09	4.06431e+11	5.796233e+12	7.379916e-06	1.164234e-10	2.838757e-16	0.5005352	0.5	0.3209301	1	68.67229	8.539748	10569.8	1.117189e+26	1.827432e+28	5.151575e+27	6.741065e+25	3.118866e+27	1.203261e+27	5.325573e+26	2.294797e+26	0.2188657	0	0.01591101	0.03560219	0.03560219	0.001424136	0.02670164	0	0	-0.0370727	0	2.23161e-16	0	2.23161e-16	0	-493.9286	0	-493.9286	0	30719.31	77194.93	330.4226	8607.228	1.106061	1	0	0.4523878	1	2	0	0	
16212	1760.328	3.45e+19	0	0	100000	1.96296815	1.140862e-05	4.711661e+26	5.376524e+25	1.389949e+25	3.986575e+25	2.512738e+26	1.66127e+26	3.423002e+25	3.906022e+24	1.009792e+24	2.89623e+24	1.825494e+25	1.206906e+25	0.352587	3.423002e+26	3.906022e+25	1.009792e+25	2.89623e+25	1.798796e+26	1.189207e+26	4.439709e+24	0	0	0	0	0	0	0	0	0	0	0	0	0	0	4.409632e+26	2.928217e+18	4.409632e+26	1.993395e+26	7.54141e+21	1.99332e+26	1.067171e+26	1.549065e+14	1.067171e+26	3.98679e+26	2.919904e+14	3.98679e+26	1.187983e+26	1.266015e+15	1.187983e+26	3.805572e+26	2.985723e+21	3.805543e+26	2.146771e+23	1.485578e-09	0.002948225	4.290133e+09	4.081012e+11	5.813698e+12	7.38776e-06	1.16671e-10	2.847818e-16	0.5005342	0.5	0.3212706	1	68.7911	8.554523	10569.8	1.117189e+26	1.827432e+28	5.151575e+27	6.741065e+25	3.118866e+27	1.203261e+27	5.325573e+26	2.294797e+26	0.2188657	0	0.01589394	0.03560219	0.03560219	0.001424136	0.02670164	0	0	-0.03703185	0	2.24116e-16	0	2.24116e-16	0	-493.8661	0	-493.8661	0	30718.67	77194.93	330.9943	8607.049	1.106061	1	0	0.4523878	1	2	0	0	
16240	1760.328	3.45e+19	0	0	100000	1.963009	1.140862e-05	4.719799e+26	5.376537e+25	1.389958e+25	3.98658e+25	2.517659e+26	1.664486e+26	3.428914e+25	3.906031e+24	1.009798e+24	2.896233e+24	1.829069e+25	1.209242e+25	0.3526604	3.428914e+26	3.906031e+25	1.009798e+25	2.896233e+25	1.802324e+26	1.191513e+26	4.447377e+24	0	0	0	0	0	0	0	0	0	0	0	0	0	0	4.417248e+26	2.959141e+18	4.417247e+26	1.996838e+26	7.544895e+21	1.996762e+26	1.069014e+26	1.5521e+14	1.069014e+26	3.993676e+26	2.925624e+14	3.993676e+26	1.190035e+26	1.268495e+15	1.190035e+26	3.812145e+26	2.991572e+21	3.812115e+26	2.146763e+23	1.485583e-09	0.002948242	4.281036e+09	4.097752e+11	5.831184e+12	7.395598e-06	1.169187e-10	2.856892e-16	0.5005332	0.5	0.3216109	1	68.90991	8.569297	10569.8	1.117189e+26	1.827432e+28	5.151575e+27	6.741065e+25	3.118866e+27	1.203261e+27	5.325573e+26	2.294797e+26	0.2188657	0	0.01587691	0.03560219	0.03560219	0.001424136	0.02670164	0	0	-0.036991	0	2.250761e-16	0	2.250761e-16	0	-493.8035	0	-493.8035	0	30718.03	77194.93	331.566	8606.87	1.106061	1	0	0.4523878	1	2	0	0	
16268	1760.328	3.45e+19	0	0	100000	1.96304985	1.140862e-05	4.727936e+26	5.37655e+25	1.389966e+25	3.986584e+25	2.52258e+26	1.667702e+26	3.434826e+25	3.90604e+24	1.009804e+24	2.896236e+24	1.832643e+25	1.211578e+25	0.3527335	3.434826e+26	3.90604e+25	1.009804e+25	2.896236e+25	1.805853e+26	1.193818e+26	4.455045e+24	0	0	0	0	0	0	0	0	0	0	0	0	0	0	4.424863e+26	2.990414e+18	4.424863e+26	2.000281e+26	7.548346e+21	2.000205e+26	1.070857e+26	1.555135e+14	1.070857e+26	4.000561e+26	2.931345e+14	4.000561e+26	1.192087e+26	1.270975e+15	1.192087e+26	3.818718e+26	2.997421e+21	3.818688e+26	2.146755e+23	1.485587e-09	0.002948258	4.271974e+09	4.114529e+11	5.84869e+12	7.403431e-06	1.171665e-10	2.865979e-16	0.5005323	0.5	0.3219509	1	69.02872	8.584072	10569.8	1.117189e+26	1.827432e+28	5.151575e+27	6.741065e+25	3.118866e+27	1.203261e+27	5.325573e+26	2.294797e+26	0.2188657	0	0.01585993	0.03560219	0.03560219	0.001424136	0.02670164	0	0	-0.03695015	0	2.260412e-16	0	2.260412e-16	0	-493.7409	0	-493.7409	0	30717.39	77194.93	332.1377	8606.691	1.106061	1	0	0.4523878	1	2	0	0	
16296	1760.328	3.45e+19	0	0	100000	1.9630907	1.140862e-05	4.736074e+26	5.376562e+25	1.389974e+25	3.986588e+25	2.527501e+26	1.670917e+26	3.440737e+25	3.906049e+24	1.00981e+24	2.896239e+24	1.836218e+25	1.213914e+25	0.3528064	3.440737e+26	3.906049e+25	1.00981e+25	2.896239e+25	1.809381e+26	1.196124e+26	4.462714e+24	0	0	0	0	0	0	0	0	0	0	0	0	0	0	4.432479e+26	3.022022e+18	4.432479e+26	2.003724e+26	7.551771e+21	2.003648e+26	1.0727e+26	1.558169e+14	1.0727e+26	4.007447e+26	2.937065e+14	4.007447e+26	1.194138e+26	1.273455e+15	1.194138e+26	3.82529e+26	3.00327e+21	3.82526e+26	2.146747e+23	1.485592e-09	0.002948275	4.262947e+09	4.131344e+11	5.866217e+12	7.411258e-06	1.174144e-10	2.875079e-16	0.5005313	0.5	0.3222906	1	69.14753	8.598847	10569.8	1.117189e+26	1.827432e+28	5.151575e+27	6.741065e+25	3.118866e+27	1.203261e+27	5.325573e+26	2.294797e+26	0.2188657	0	0.01584299	0.03560219	0.03560219	0.001424136	0.02670164	0	0	-0.0369093	0	2.270115e-16	0	2.270115e-16	0	-493.6782	0	-493.6782	0	30716.75	77194.93	332.7094	8606.512	1.106061	1	0	0.4523879	1	2	0	0	
16324	1760.328	3.45e+19	0	0	100000	1.96313155	1.140862e-05	4.744211e+26	5.376574e+25	1.389982e+25	3.986592e+25	2.532421e+26	1.674133e+26	3.446649e+25	3.906058e+24	1.009816e+24	2.896242e+24	1.839793e+25	1.21625e+25	0.352879	3.446649e+26	3.906058e+25	1.009816e+25	2.896242e+25	1.81291e+26	1.19843e+26	4.47038e+24	0	0	0	0	0	0	0	0	0	0	0	0	0	0	4.440095e+26	3.053978e+18	4.440095e+26	2.007166e+26	7.555165e+21	2.007091e+26	1.074544e+26	1.561204e+14	1.074544e+26	4.014333e+26	2.942785e+14	4.014333e+26	1.19619e+26	1.275935e+15	1.19619e+26	3.831863e+26	3.009119e+21	3.831833e+26	2.146739e+23	1.485596e-09	0.002948291	4.253955e+09	4.148197e+11	5.883764e+12	7.41908e-06	1.176623e-10	2.884191e-16	0.5005304	0.5	0.3226302	1	69.26634	8.613621	10569.8	1.117189e+26	1.827432e+28	5.151575e+27	6.741065e+25	3.118866e+27	1.203261e+27	5.325573e+26	2.294797e+26	0.2188657	0	0.0158261	0.03560219	0.03560219	0.001424136	0.02670164	0	0	-0.03686845	0	2.279869e-16	0	2.279869e-16	0	-493.6154	0	-493.6154	0	30716.11	77194.93	333.2812	8606.333	1.106061	1	0	0.4523879	1	2	0	0	
16352	1760.328	3.45e+19	0	0	100000	1.9631724	1.140862e-05	4.752349e+26	5.376586e+25	1.38999e+25	3.986596e+25	2.537343e+26	1.677348e+26	3.452561e+25	3.906066e+24	1.009822e+24	2.896245e+24	1.843369e+25	1.218586e+25	0.3529513	3.452561e+26	3.906066e+25	1.009822e+25	2.896245e+25	1.816439e+26	1.200735e+26	4.478049e+24	0	0	0	0	0	0	0	0	0	0	0	0	0	0	4.447711e+26	3.086293e+18	4.447711e+26	2.010609e+26	7.558525e+21	2.010534e+26	1.076387e+26	1.564239e+14	1.076387e+26	4.021218e+26	2.948506e+14	4.021218e+26	1.198242e+26	1.278416e+15	1.198242e+26	3.838436e+26	3.014969e+21	3.838406e+26	2.146731e+23	1.485601e-09	0.002948307	4.244998e+09	4.165087e+11	5.901332e+12	7.426896e-06	1.179104e-10	2.893316e-16	0.5005294	0.5	0.3229694	1	69.38515	8.628396	10569.8	1.117189e+26	1.827432e+28	5.151575e+27	6.741065e+25	3.118866e+27	1.203261e+27	5.325573e+26	2.294797e+26	0.2188657	0	0.01580926	0.03560219	0.03560219	0.001424136	0.02670164	0	0	-0.0368276	0	2.289676e-16	0	2.289676e-16	0	-493.5526	0	-493.5526	0	30715.47	77194.93	333.8529	8606.153	1.106061	1	0	0.4523879	1	2	0	0	
16380	1760.328	3.45e+19	0	0	100000	1.96321325	1.140862e-05	4.760487e+26	5.376597e+25	1.389998e+25	3.986599e+25	2.542264e+26	1.680563e+26	3.458473e+25	3.906075e+24	1.009827e+24	2.896247e+24	1.846944e+25	1.220922e+25	0.3530234	3.458473e+26	3.906075e+25	1.009827e+25	2.896247e+25	1.819967e+26	1.203041e+26	4.485717e+24	0	0	0	0	0	0	0	0	0	0	0	0	0	0	4.455327e+26	3.118965e+18	4.455327e+26	2.014052e+26	7.561855e+21	2.013976e+26	1.07823e+26	1.567274e+14	1.07823e+26	4.028104e+26	2.954226e+14	4.028104e+26	1.200294e+26	1.280896e+15	1.200294e+26	3.845008e+26	3.020818e+21	3.844978e+26	2.146723e+23	1.485605e-09	0.002948323	4.236076e+09	4.182015e+11	5.918921e+12	7.434706e-06	1.181585e-10	2.902454e-16	0.5005285	0.5	0.3233085	1	69.50396	8.643171	10569.8	1.117189e+26	1.827432e+28	5.151575e+27	6.741065e+25	3.118866e+27	1.203261e+27	5.325573e+26	2.294797e+26	0.2188657	0	0.01579246	0.03560219	0.03560219	0.001424136	0.02670164	0	0	-0.03678675	0	2.299534e-16	0	2.299534e-16	0	-493.4897	0	-493.4897	0	30714.83	77194.93	334.4246	8605.974	1.106061	1	0	0.4523879	1	2	0	0	
16408	1760.328	3.45e+19	0	0	100000	1.9632541	1.140862e-05	4.768624e+26	5.376608e+25	1.390005e+25	3.986603e+25	2.547185e+26	1.683779e+26	3.464385e+25	3.906083e+24	1.009833e+24	2.89625e+24	1.850519e+25	1.223258e+25	0.3530952	3.464385e+26	3.906083e+25	1.009833e+25	2.89625e+25	1.823496e+26	1.205347e+26	4.493383e+24	0	0	0	0	0	0	0	0	0	0	0	0	0	0	4.462943e+26	3.151997e+18	4.462943e+26	2.017495e+26	7.565156e+21	2.017419e+26	1.080073e+26	1.570309e+14	1.080073e+26	4.03499e+26	2.959947e+14	4.03499e+26	1.202345e+26	1.283376e+15	1.202345e+26	3.851581e+26	3.026668e+21	3.851551e+26	2.146716e+23	1.48561e-09	0.002948339	4.227188e+09	4.198981e+11	5.93653e+12	7.442511e-06	1.184067e-10	2.911604e-16	0.5005275	0.5	0.3236473	1	69.62277	8.657945	10569.8	1.117189e+26	1.827432e+28	5.151575e+27	6.741065e+25	3.118866e+27	1.203261e+27	5.325573e+26	2.294797e+26	0.2188657	0	0.01577571	0.03560219	0.03560219	0.001424136	0.02670164	0	0	-0.0367459	0	2.309446e-16	0	2.309446e-16	0	-493.4268	0	-493.4268	0	30714.19	77194.93	334.9963	8605.795	1.106061	1	0	0.4523879	1	2	0	0	
16436	1760.328	3.45e+19	0	0	100000	1.96329495	1.140862e-05	4.776762e+26	5.376619e+25	1.390013e+25	3.986606e+25	2.552106e+26	1.686994e+26	3.470297e+25	3.906091e+24	1.009838e+24	2.896252e+24	1.854094e+25	1.225594e+25	0.3531668	3.470297e+26	3.906091e+25	1.009838e+25	2.896252e+25	1.827025e+26	1.207652e+26	4.501053e+24	0	0	0	0	0	0	0	0	0	0	0	0	0	0	4.470559e+26	3.185402e+18	4.470559e+26	2.020938e+26	7.568422e+21	2.020862e+26	1.081916e+26	1.573344e+14	1.081916e+26	4.041875e+26	2.965668e+14	4.041875e+26	1.204397e+26	1.285857e+15	1.204397e+26	3.858154e+26	3.032518e+21	3.858123e+26	2.146708e+23	1.485614e-09	0.002948355	4.218334e+09	4.215984e+11	5.95416e+12	7.45031e-06	1.18655e-10	2.920768e-16	0.5005266	0.5	0.3239858	1	69.74158	8.67272	10569.8	1.117189e+26	1.827432e+28	5.151575e+27	6.741065e+25	3.118866e+27	1.203261e+27	5.325573e+26	2.294797e+26	0.2188657	0	0.01575901	0.03560219	0.03560219	0.001424136	0.02670164	0	0	-0.03670505	0	2.31941e-16	0	2.31941e-16	0	-493.3638	0	-493.3638	0	30713.56	77194.93	335.568	8605.616	1.106061	1	0	0.452388	1	2	0	0	
16464	1760.328	3.45e+19	0	0	100000	1.9633358	1.140862e-05	4.784899e+26	5.376629e+25	1.39002e+25	3.986609e+25	2.557028e+26	1.690209e+26	3.476209e+25	3.906098e+24	1.009844e+24	2.896255e+24	1.85767e+25	1.227929e+25	0.3532381	3.476209e+26	3.906098e+25	1.009844e+25	2.896255e+25	1.830554e+26	1.209958e+26	4.50872e+24	0	0	0	0	0	0	0	0	0	0	0	0	0	0	4.478175e+26	3.219175e+18	4.478175e+26	2.024381e+26	7.571659e+21	2.024305e+26	1.083759e+26	1.576379e+14	1.083759e+26	4.048761e+26	2.971389e+14	4.048761e+26	1.206449e+26	1.288337e+15	1.206449e+26	3.864726e+26	3.038368e+21	3.864696e+26	2.1467e+23	1.485619e-09	0.00294837	4.209514e+09	4.233025e+11	5.97181e+12	7.458104e-06	1.189034e-10	2.929944e-16	0.5005256	0.5	0.3243241	1	69.86039	8.687494	10569.8	1.117189e+26	1.827432e+28	5.151575e+27	6.741065e+25	3.118866e+27	1.203261e+27	5.325573e+26	2.294797e+26	0.2188657	0	0.01574236	0.03560219	0.03560219	0.001424136	0.02670164	0	0	-0.0366642	0	2.329427e-16	0	2.329427e-16	0	-493.3007	0	-493.3007	0	30712.92	77194.93	336.1397	8605.437	1.106061	1	0	0.452388	1	2	0	0	
16492	1760.328	3.45e+19	0	0	100000	1.96337665	1.140862e-05	4.793037e+26	5.37664e+25	1.390027e+25	3.986612e+25	2.561949e+26	1.693424e+26	3.482121e+25	3.906106e+24	1.009849e+24	2.896257e+24	1.861245e+25	1.230265e+25	0.3533091	3.482121e+26	3.906106e+25	1.009849e+25	2.896257e+25	1.834083e+26	1.212263e+26	4.516388e+24	0	0	0	0	0	0	0	0	0	0	0	0	0	0	4.485791e+26	3.253321e+18	4.485791e+26	2.027823e+26	7.574866e+21	2.027748e+26	1.085602e+26	1.579414e+14	1.085602e+26	4.055647e+26	2.97711e+14	4.055647e+26	1.208501e+26	1.290818e+15	1.208501e+26	3.871299e+26	3.044218e+21	3.871269e+26	2.146693e+23	1.485623e-09	0.002948386	4.200728e+09	4.250104e+11	5.989481e+12	7.465893e-06	1.191519e-10	2.939132e-16	0.5005247	0.5	0.3246622	1	69.9792	8.702269	10569.8	1.117189e+26	1.827432e+28	5.151575e+27	6.741065e+25	3.118866e+27	1.203261e+27	5.325573e+26	2.294797e+26	0.2188657	0	0.01572575	0.03560219	0.03560219	0.001424136	0.02670164	0	0	-0.03662335	0	2.339498e-16	0	2.339498e-16	0	-493.2376	0	-493.2376	0	30712.28	77194.93	336.7114	8605.258	1.106061	1	0	0.452388	1	2	0	0	
16520	1760.328	3.45e+19	0	0	100000	1.9634175	1.140862e-05	4.801175e+26	5.37665e+25	1.390034e+25	3.986615e+25	2.566871e+26	1.696639e+26	3.488033e+25	3.906113e+24	1.009854e+24	2.896259e+24	1.864821e+25	1.232601e+25	0.3533799	3.488033e+26	3.906113e+25	1.009854e+25	2.896259e+25	1.837613e+26	1.214568e+26	4.524056e+24	0	0	0	0	0	0	0	0	0	0	0	0	0	0	4.493407e+26	3.287844e+18	4.493407e+26	2.031266e+26	7.578044e+21	2.03119e+26	1.087446e+26	1.58245e+14	1.087446e+26	4.062532e+26	2.982831e+14	4.062532e+26	1.210553e+26	1.293298e+15	1.210553e+26	3.877872e+26	3.050068e+21	3.877841e+26	2.146685e+23	1.485627e-09	0.002948401	4.191976e+09	4.26722e+11	6.007173e+12	7.473675e-06	1.194004e-10	2.948333e-16	0.5005238	0.5	0.3250001	1	70.09802	8.717044	10569.8	1.117189e+26	1.827432e+28	5.151575e+27	6.741065e+25	3.118866e+27	1.203261e+27	5.325573e+26	2.294797e+26	0.2188657	0	0.0157092	0.03560219	0.03560219	0.001424136	0.02670164	0	0	-0.0365825	0	2.349623e-16	0	2.349623e-16	0	-493.1744	0	-493.1744	0	30711.64	77194.93	337.2831	8605.079	1.106061	1	0	0.452388	1	2	0	0	
16548	1760.328	3.45e+19	0	0	100000	1.96345835	1.140862e-05	4.809312e+26	5.376659e+25	1.390042e+25	3.986618e+25	2.571793e+26	1.699853e+26	3.493945e+25	3.90612e+24	1.009859e+24	2.896261e+24	1.868396e+25	1.234936e+25	0.3534504	3.493945e+26	3.90612e+25	1.009859e+25	2.896261e+25	1.841142e+26	1.216874e+26	4.531723e+24	0	0	0	0	0	0	0	0	0	0	0	0	0	0	4.501023e+26	3.322749e+18	4.501023e+26	2.034709e+26	7.581192e+21	2.034633e+26	1.089289e+26	1.585485e+14	1.089289e+26	4.069418e+26	2.988552e+14	4.069418e+26	1.212604e+26	1.295779e+15	1.212604e+26	3.884444e+26	3.055918e+21	3.884414e+26	2.146678e+23	1.485632e-09	0.002948416	4.183257e+09	4.284374e+11	6.024885e+12	7.481453e-06	1.196491e-10	2.957547e-16	0.5005228	0.5	0.3253377	1	70.21683	8.731818	10569.8	1.117189e+26	1.827432e+28	5.151575e+27	6.741065e+25	3.118866e+27	1.203261e+27	5.325573e+26	2.294797e+26	0.2188657	0	0.01569269	0.03560219	0.03560219	0.001424136	0.02670164	0	0	-0.03654165	0	2.359802e-16	0	2.359802e-16	0	-493.1111	0	-493.1111	0	30711	77194.93	337.8548	8604.9	1.106061	1	0	0.4523881	1	2	0	0	
16576	1760.328	3.45e+19	0	0	100000	1.9634992	1.140862e-05	4.81745e+26	5.376669e+25	1.390049e+25	3.98662e+25	2.576715e+26	1.703068e+26	3.499857e+25	3.906127e+24	1.009864e+24	2.896263e+24	1.871972e+25	1.237272e+25	0.3535207	3.499857e+26	3.906127e+25	1.009864e+25	2.896263e+25	1.844671e+26	1.219179e+26	4.539391e+24	0	0	0	0	0	0	0	0	0	0	0	0	0	0	4.508639e+26	3.358049e+18	4.508639e+26	2.038152e+26	7.584307e+21	2.038076e+26	1.091132e+26	1.58852e+14	1.091132e+26	4.076304e+26	2.994274e+14	4.076304e+26	1.214656e+26	1.298259e+15	1.214656e+26	3.891017e+26	3.061769e+21	3.890986e+26	2.14667e+23	1.485636e-09	0.002948431	4.174572e+09	4.301566e+11	6.042617e+12	7.489225e-06	1.198978e-10	2.966774e-16	0.5005219	0.5	0.325675	1	70.33564	8.746593	10569.8	1.117189e+26	1.827432e+28	5.151575e+27	6.741065e+25	3.118866e+27	1.203261e+27	5.325573e+26	2.294797e+26	0.2188657	0	0.01567623	0.03560219	0.03560219	0.001424136	0.02670164	0	0	-0.0365008	0	2.370036e-16	0	2.370036e-16	0	-493.0478	0	-493.0478	0	30710.36	77194.93	338.4265	8604.721	1.106061	1	0	0.4523881	1	2	0	0	
16604	1760.328	3.45e+19	0	0	100000	1.96354005	1.140862e-05	4.825587e+26	5.376678e+25	1.390055e+25	3.986623e+25	2.581637e+26	1.706283e+26	3.505769e+25	3.906134e+24	1.009869e+24	2.896264e+24	1.875548e+25	1.239607e+25	0.3535907	3.505769e+26	3.906134e+25	1.009869e+25	2.896264e+25	1.848201e+26	1.221484e+26	4.547059e+24	0	0	0	0	0	0	0	0	0	0	0	0	0	0	4.516255e+26	3.393739e+18	4.516255e+26	2.041595e+26	7.587392e+21	2.041519e+26	1.092975e+26	1.591556e+14	1.092975e+26	4.083189e+26	2.999996e+14	4.083189e+26	1.216708e+26	1.30074e+15	1.216708e+26	3.89759e+26	3.067619e+21	3.897559e+26	2.146663e+23	1.48564e-09	0.002948446	4.165919e+09	4.318795e+11	6.06037e+12	7.496991e-06	1.201466e-10	2.976014e-16	0.500521	0.5	0.3260122	1	70.45445	8.761368	10569.8	1.117189e+26	1.827432e+28	5.151575e+27	6.741065e+25	3.118866e+27	1.203261e+27	5.325573e+26	2.294797e+26	0.2188657	0	0.01565982	0.03560219	0.03560219	0.001424136	0.02670164	0	0	-0.03645995	0	2.380325e-16	0	2.380325e-16	0	-492.9844	0	-492.9844	0	30709.72	77194.93	338.9982	8604.542	1.106061	1	0	0.4523881	1	2	0	0	
16632	1760.328	3.45e+19	0	0	100000	1.9635809	1.140862e-05	4.833725e+26	5.376687e+25	1.390062e+25	3.986625e+25	2.586559e+26	1.709498e+26	3.51168e+25	3.90614e+24	1.009874e+24	2.896266e+24	1.879124e+25	1.241943e+25	0.3536605	3.51168e+26	3.90614e+25	1.009874e+25	2.896266e+25	1.85173e+26	1.223789e+26	4.554727e+24	0	0	0	0	0	0	0	0	0	0	0	0	0	0	4.523871e+26	3.429824e+18	4.523871e+26	2.045037e+26	7.590448e+21	2.044962e+26	1.094818e+26	1.594591e+14	1.094818e+26	4.090075e+26	3.005717e+14	4.090075e+26	1.21876e+26	1.303221e+15	1.21876e+26	3.904162e+26	3.07347e+21	3.904132e+26	2.146656e+23	1.485644e-09	0.002948461	4.1573e+09	4.336063e+11	6.078143e+12	7.504752e-06	1.203955e-10	2.985266e-16	0.5005201	0.5	0.3263491	1	70.57326	8.776142	10569.8	1.117189e+26	1.827432e+28	5.151575e+27	6.741065e+25	3.118866e+27	1.203261e+27	5.325573e+26	2.294797e+26	0.2188657	0	0.01564346	0.03560219	0.03560219	0.001424136	0.02670164	0	0	-0.0364191	0	2.39067e-16	0	2.39067e-16	0	-492.9209	0	-492.9209	0	30709.08	77194.93	339.5699	8604.363	1.106061	1	0	0.4523881	1	2	0	0	
16660	1760.328	3.45e+19	0	0	100000	1.96362175	1.140862e-05	4.841862e+26	5.376696e+25	1.390069e+25	3.986627e+25	2.591481e+26	1.712712e+26	3.517592e+25	3.906147e+24	1.009879e+24	2.896268e+24	1.8827e+25	1.244278e+25	0.35373	3.517592e+26	3.906147e+25	1.009879e+25	2.896268e+25	1.85526e+26	1.226094e+26	4.562394e+24	0	0	0	0	0	0	0	0	0	0	0	0	0	0	4.531487e+26	3.46631e+18	4.531487e+26	2.04848e+26	7.593476e+21	2.048404e+26	1.096661e+26	1.597627e+14	1.096661e+26	4.096961e+26	3.011439e+14	4.096961e+26	1.220811e+26	1.305702e+15	1.220811e+26	3.910735e+26	3.07932e+21	3.910704e+26	2.146649e+23	1.485648e-09	0.002948476	4.148713e+09	4.353368e+11	6.095937e+12	7.512508e-06	1.206444e-10	2.99453e-16	0.5005192	0.5	0.3266857	1	70.69207	8.790917	10569.8	1.117189e+26	1.827432e+28	5.151575e+27	6.741065e+25	3.118866e+27	1.203261e+27	5.325573e+26	2.294797e+26	0.2188657	0	0.01562715	0.03560219	0.03560219	0.001424136	0.02670164	0	0	-0.03637825	0	2.40107e-16	0	2.40107e-16	0	-492.8574	0	-492.8574	0	30708.44	77194.93	340.1416	8604.184	1.106061	1	0	0.4523881	1	2	0	0	
16688	1760.328	3.45e+19	0	0	100000	1.9636626	1.140862e-05	4.85e+26	5.376704e+25	1.390075e+25	3.986629e+25	2.596403e+26	1.715926e+26	3.523504e+25	3.906153e+24	1.009884e+24	2.896269e+24	1.886276e+25	1.246613e+25	0.3537993	3.523504e+26	3.906153e+25	1.009884e+25	2.896269e+25	1.858789e+26	1.228399e+26	4.570064e+24	0	0	0	0	0	0	0	0	0	0	0	0	0	0	4.539103e+26	3.503209e+18	4.539103e+26	2.051923e+26	7.59647e+21	2.051847e+26	1.098504e+26	1.600663e+14	1.098504e+26	4.103846e+26	3.017161e+14	4.103846e+26	1.222863e+26	1.308183e+15	1.222863e+26	3.917308e+26	3.085171e+21	3.917277e+26	2.146642e+23	1.485652e-09	0.002948491	4.140159e+09	4.370711e+11	6.113752e+12	7.520258e-06	1.208935e-10	3.003808e-16	0.5005183	0.5	0.3270221	1	70.81088	8.805692	10569.8	1.117189e+26	1.827432e+28	5.151575e+27	6.741065e+25	3.118866e+27	1.203261e+27	5.325573e+26	2.294797e+26	0.2188657	0	0.01561089	0.03560219	0.03560219	0.001424136	0.02670164	0	0	-0.0363374	0	2.411526e-16	0	2.411526e-16	0	-492.7938	0	-492.7938	0	30707.81	77194.93	340.7133	8604.005	1.106061	1	0	0.4523882	1	2	0	0	
16716	1760.328	3.45e+19	0	0	100000	1.96370345	1.140862e-05	4.858138e+26	5.376713e+25	1.390082e+25	3.986631e+25	2.601326e+26	1.719141e+26	3.529416e+25	3.906159e+24	1.009889e+24	2.89627e+24	1.889852e+25	1.248948e+25	0.3538683	3.529416e+26	3.906159e+25	1.009889e+25	2.89627e+25	1.862319e+26	1.230704e+26	4.57773e+24	0	0	0	0	0	0	0	0	0	0	0	0	0	0	4.546719e+26	3.540517e+18	4.546719e+26	2.055366e+26	7.599436e+21	2.05529e+26	1.100347e+26	1.603698e+14	1.100347e+26	4.110732e+26	3.022883e+14	4.110732e+26	1.224915e+26	1.310664e+15	1.224915e+26	3.92388e+26	3.091023e+21	3.923849e+26	2.146635e+23	1.485656e-09	0.002948505	4.131637e+09	4.388091e+11	6.131587e+12	7.528003e-06	1.211426e-10	3.013098e-16	0.5005173	0.5	0.3273583	1	70.92969	8.820466	10569.8	1.117189e+26	1.827432e+28	5.151575e+27	6.741065e+25	3.118866e+27	1.203261e+27	5.325573e+26	2.294797e+26	0.2188657	0	0.01559468	0.03560219	0.03560219	0.001424136	0.02670164	0	0	-0.03629655	0	2.422038e-16	0	2.422038e-16	0	-492.7301	0	-492.7301	0	30707.17	77194.93	341.285	8603.826	1.106061	1	0	0.4523882	1	2	0	0	
16744	1760.328	3.45e+19	0	0	100000	1.9637443	1.140862e-05	4.866275e+26	5.376721e+25	1.390088e+25	3.986632e+25	2.606248e+26	1.722355e+26	3.535328e+25	3.906165e+24	1.009893e+24	2.896271e+24	1.893428e+25	1.251284e+25	0.3539371	3.535328e+26	3.906165e+25	1.009893e+25	2.896271e+25	1.865849e+26	1.233009e+26	4.585398e+24	0	0	0	0	0	0	0	0	0	0	0	0	0	0	4.554335e+26	3.57824e+18	4.554334e+26	2.058809e+26	7.602372e+21	2.058733e+26	1.102191e+26	1.606734e+14	1.102191e+26	4.117618e+26	3.028605e+14	4.117618e+26	1.226967e+26	1.313145e+15	1.226967e+26	3.930453e+26	3.096874e+21	3.930422e+26	2.146628e+23	1.48566e-09	0.002948519	4.123147e+09	4.40551e+11	6.149442e+12	7.535742e-06	1.213919e-10	3.022401e-16	0.5005164	0.5	0.3276943	1	71.0485	8.835241	10569.8	1.117189e+26	1.827432e+28	5.151575e+27	6.741065e+25	3.118866e+27	1.203261e+27	5.325573e+26	2.294797e+26	0.2188657	0	0.01557852	0.03560219	0.03560219	0.001424136	0.02670164	0	0	-0.0362557	0	2.432608e-16	0	2.432608e-16	0	-492.6664	0	-492.6664	0	30706.53	77194.93	341.8568	8603.647	1.106061	1	0	0.4523882	1	2	0	0	
16772	1760.328	3.45e+19	0	0	100000	1.96378515	1.140862e-05	4.874413e+26	5.376729e+25	1.390095e+25	3.986634e+25	2.611171e+26	1.725569e+26	3.54124e+25	3.90617e+24	1.009898e+24	2.896273e+24	1.897004e+25	1.253619e+25	0.3540056	3.54124e+26	3.90617e+25	1.009898e+25	2.896273e+25	1.869379e+26	1.235314e+26	4.593065e+24	0	0	0	0	0	0	0	0	0	0	0	0	0	0	4.56195e+26	3.61639e+18	4.56195e+26	2.062252e+26	7.605276e+21	2.062176e+26	1.104034e+26	1.60977e+14	1.104034e+26	4.124503e+26	3.034328e+14	4.124503e+26	1.229019e+26	1.315626e+15	1.229019e+26	3.937026e+26	3.102725e+21	3.936995e+26	2.146621e+23	1.485664e-09	0.002948534	4.114689e+09	4.422966e+11	6.167318e+12	7.543477e-06	1.216412e-10	3.031716e-16	0.5005155	0.5	0.32803	1	71.16731	8.850016	10569.8	1.117189e+26	1.827432e+28	5.151575e+27	6.741065e+25	3.118866e+27	1.203261e+27	5.325573e+26	2.294797e+26	0.2188657	0	0.01556241	0.03560219	0.03560219	0.001424136	0.02670164	0	0	-0.03621485	0	2.443234e-16	0	2.443234e-16	0	-492.6026	0	-492.6026	0	30705.89	77194.93	342.4285	8603.468	1.106061	1	0	0.4523882	1	2	0	0	
16800	1760.328	3.45e+19	0	0	100000	1.963826	1.140862e-05	4.88255e+26	5.376736e+25	1.390101e+25	3.986635e+25	2.616093e+26	1.728783e+26	3.547152e+25	3.906176e+24	1.009902e+24	2.896274e+24	1.900581e+25	1.255954e+25	0.3540739	3.547152e+26	3.906176e+25	1.009902e+25	2.896274e+25	1.872909e+26	1.237618e+26	4.600733e+24	0	0	0	0	0	0	0	0	0	0	0	0	0	0	4.569566e+26	3.654966e+18	4.569566e+26	2.065694e+26	7.608152e+21	2.065618e+26	1.105877e+26	1.612806e+14	1.105877e+26	4.131389e+26	3.04005e+14	4.131389e+26	1.23107e+26	1.318107e+15	1.23107e+26	3.943598e+26	3.108576e+21	3.943567e+26	2.146614e+23	1.485668e-09	0.002948548	4.106263e+09	4.44046e+11	6.185214e+12	7.551205e-06	1.218905e-10	3.041044e-16	0.5005146	0.5	0.3283655	1	71.28612	8.86479	10569.8	1.117189e+26	1.827432e+28	5.151575e+27	6.741065e+25	3.118866e+27	1.203261e+27	5.325573e+26	2.294797e+26	0.2188657	0	0.01554636	0.03560219	0.03560219	0.001424136	0.02670164	0	0	-0.036174	0	2.453918e-16	0	2.453918e-16	0	-492.5387	0	-492.5387	0	30705.25	77194.93	343.0002	8603.289	1.106061	1	0	0.4523883	1	2	0	0	
16828	1760.328	3.45e+19	0	0	100000	1.96386767	1.140862e-05	4.890688e+26	5.376743e+25	1.390107e+25	3.986637e+25	2.621016e+26	1.731998e+26	3.553064e+25	3.906181e+24	1.009907e+24	2.896274e+24	1.904157e+25	1.258289e+25	0.3541419	3.553064e+26	3.906181e+25	1.009907e+25	2.896274e+25	1.876439e+26	1.239923e+26	4.608402e+24	0	0	0	0	0	0	0	0	0	0	0	0	0	0	4.577182e+26	3.694625e+18	4.577182e+26	2.069137e+26	7.610766e+21	2.069061e+26	1.10772e+26	1.615842e+14	1.10772e+26	4.138274e+26	3.045773e+14	4.138274e+26	1.233122e+26	1.320588e+15	1.233122e+26	3.950171e+26	3.114428e+21	3.95014e+26	2.146607e+23	1.485672e-09	0.002948562	4.097869e+09	4.457993e+11	6.20313e+12	7.558929e-06	1.2214e-10	3.050385e-16	0.5005137	0.5	0.3287008	1	71.40493	8.879565	10569.8	1.117189e+26	1.827432e+28	5.151575e+27	6.741065e+25	3.118866e+27	1.203261e+27	5.325573e+26	2.294797e+26	0.2188657	0	0.01553035	0.03560219	0.03560219	0.001424136	0.02670164	0	0	-0.03613233	0	2.464876e-16	0	2.464876e-16	0	-492.4735	0	-492.4735	0	30704.6	77194.93	343.5719	8603.107	1.106061	1	0	0.4523883	1	2	0	0	
16856	1760.328	3.45e+19	0	0	100000	1.96390934	1.140862e-05	4.898826e+26	5.376751e+25	1.390113e+25	3.986638e+25	2.625939e+26	1.735211e+26	3.558976e+25	3.906186e+24	1.009911e+24	2.896275e+24	1.907733e+25	1.260624e+25	0.3542097	3.558976e+26	3.906186e+25	1.009911e+25	2.896275e+25	1.879969e+26	1.242228e+26	4.616069e+24	0	0	0	0	0	0	0	0	0	0	0	0	0	0	4.584798e+26	3.734733e+18	4.584798e+26	2.07258e+26	7.613351e+21	2.072504e+26	1.109563e+26	1.618878e+14	1.109563e+26	4.14516e+26	3.051495e+14	4.14516e+26	1.235174e+26	1.323069e+15	1.235174e+26	3.956744e+26	3.12028e+21	3.956713e+26	2.1466e+23	1.485676e-09	0.002948576	4.089506e+09	4.475563e+11	6.221067e+12	7.566647e-06	1.223896e-10	3.059739e-16	0.5005129	0.5	0.3290358	1	71.52374	8.89434	10569.8	1.117189e+26	1.827432e+28	5.151575e+27	6.741065e+25	3.118866e+27	1.203261e+27	5.325573e+26	2.294797e+26	0.2188657	0	0.01551439	0.03560219	0.03560219	0.001424136	0.02670164	0	0	-0.03609066	0	2.475895e-16	0	2.475895e-16	0	-492.4082	0	-492.4082	0	30703.95	77194.93	344.1436	8602.924	1.106061	1	0	0.4523883	1	2	0	0	
16884	1760.328	3.45e+19	0	0	100000	1.96395101	1.140862e-05	4.906963e+26	5.376758e+25	1.390119e+25	3.986639e+25	2.630862e+26	1.738425e+26	3.564888e+25	3.906191e+24	1.009915e+24	2.896276e+24	1.91131e+25	1.262959e+25	0.3542772	3.564888e+26	3.906191e+25	1.009915e+25	2.896276e+25	1.883499e+26	1.244532e+26	4.623738e+24	0	0	0	0	0	0	0	0	0	0	0	0	0	0	4.592414e+26	3.775294e+18	4.592414e+26	2.076023e+26	7.615908e+21	2.075947e+26	1.111406e+26	1.621914e+14	1.111406e+26	4.152046e+26	3.057218e+14	4.152046e+26	1.237226e+26	1.32555e+15	1.237226e+26	3.963316e+26	3.126131e+21	3.963285e+26	2.146593e+23	1.48568e-09	0.002948589	4.081175e+09	4.493171e+11	6.239025e+12	7.57436e-06	1.226392e-10	3.069105e-16	0.500512	0.5	0.3293706	1	71.64255	8.909114	10569.8	1.117189e+26	1.827432e+28	5.151575e+27	6.741065e+25	3.118866e+27	1.203261e+27	5.325573e+26	2.294797e+26	0.2188657	0	0.01549849	0.03560219	0.03560219	0.001424136	0.02670164	0	0	-0.03604899	0	2.486975e-16	0	2.486975e-16	0	-492.3429	0	-492.3429	0	30703.3	77194.93	344.7153	8602.742	1.106061	1	0	0.4523883	1	2	0	0	
16912	1760.328	3.45e+19	0	0	100000	1.96399268	1.140862e-05	4.915101e+26	5.376764e+25	1.390125e+25	3.98664e+25	1.271252e+26	3.106172e+26	3.5708e+25	3.906196e+24	1.00992e+24	2.896277e+24	9.23559e+24	2.256621e+25	0.6319652	3.5708e+26	3.906196e+25	1.00992e+25	2.896277e+25	9.101167e+25	2.223749e+26	4.631405e+24	0	0	0	0	0	0	0	0	0	0	0	0	0	0	4.60003e+26	3.816325e+18	4.60003e+26	2.079466e+26	7.618434e+21	2.07939e+26	1.113249e+26	1.62495e+14	1.113249e+26	4.158931e+26	3.062941e+14	4.158931e+26	1.239278e+26	1.328032e+15	1.239278e+26	3.969889e+26	3.131983e+21	3.969858e+26	2.146587e+23	1.485684e-09	0.002948603	4.072874e+09	2.175515e+11	6.257002e+12	7.352216e-06	1.155511e-10	2.806911e-16	0.4706249	0.5	0.3006199	0.15249	71.76136	8.923889	10569.8	1.117189e+26	1.827432e+28	5.151575e+27	6.741065e+25	3.118866e+27	1.203261e+27	5.325573e+26	2.294797e+26	0.2188657	0	0.01548264	0.03560219	0.03560219	0.001424136	0.02670164	0	0	-0.03600732	0	2.498116e-16	0	2.498116e-16	0	-492.2775	0	-492.2775	0	30702.64	77194.93	345.287	8602.559	1.106061	1	0	0.4523883	1	2	0	0	
16940	1760.328	3.45e+19	0	0	100000	1.96403435	1.140862e-05	4.923238e+26	5.376771e+25	1.39013e+25	3.98664e+25	1.272566e+26	3.112996e+26	3.576712e+25	3.906201e+24	1.009924e+24	2.896277e+24	9.245135e+24	2.261578e+25	0.6323065	3.576712e+26	3.906201e+25	1.009924e+25	2.896277e+25	9.110587e+25	2.228642e+26	4.639079e+24	0	0	0	0	0	0	0	0	0	0	0	0	0	0	4.607646e+26	1.866779e+18	4.607646e+26	2.082909e+26	3.687747e+21	2.082872e+26	1.115092e+26	7.877772e+13	1.115092e+26	4.165817e+26	1.484919e+14	4.165817e+26	1.241329e+26	6.43832e+14	1.241329e+26	3.976462e+26	1.518396e+21	3.976447e+26	2.14658e+23	1.485688e-09	0.002948617	4.072874e+09	2.17778e+11	6.259059e+12	7.355529e-06	1.156552e-10	2.810707e-16	0.4710491	0.5	0.3010264	0.2531617	71.88017	8.938664	10569.8	1.117189e+26	1.827432e+28	5.151575e+27	6.741065e+25	3.118866e+27	1.203261e+27	5.325573e+26	2.294797e+26	0.2188657	0	0.01546684	0.03560219	0.03560219	0.001424136	0.02670164	0	0	-0.03596565	0	2.509319e-16	0	2.509319e-16	0	-492.212	0	-492.212	0	30701.99	77194.93	345.8624	8602.377	1.106061	1	0	0.4523969	1	2	0	0	
16968	1760.328	3.45e+19	0	0	100000	1.96407602	1.140862e-05	4.931376e+26	5.376777e+25	1.390136e+25	3.986641e+25	1.274339e+26	3.119359e+26	3.582624e+25	3.906206e+24	1.009928e+24	2.896278e+24	9.258021e+24	2.266201e+25	0.6325535	3.582624e+26	3.906206e+25	1.009928e+25	2.896278e+25	9.123306e+25	2.233205e+26	4.646746e+24	0	0	0	0	0	0	0	0	0	0	0	0	0	0	4.615262e+26	1.885514e+18	4.615262e+26	2.086351e+26	3.68586e+21	2.086314e+26	1.116936e+26	7.885876e+13	1.116936e+26	4.172703e+26	1.486447e+14	4.172703e+26	1.243381e+26	6.444942e+14	1.243381e+26	3.983034e+26	1.519958e+21	3.983019e+26	2.146573e+23	1.485692e-09	0.00294863	4.072874e+09	2.180838e+11	6.26112e+12	7.356569e-06	1.156879e-10	2.8119e-16	0.4711824	0.5	0.3011542	0.341875	71.99898	8.953438	10569.8	1.117189e+26	1.827432e+28	5.151575e+27	6.741065e+25	3.118866e+27	1.203261e+27	5.325573e+26	2.294797e+26	0.2188657	0	0.01545109	0.03560219	0.03560219	0.001424136	0.02670164	0	0	-0.03592398	0	2.520585e-16	0	2.520585e-16	0	-492.1464	0	-492.1464	0	30701.34	77194.93	346.4341	8602.194	1.106061	1	0	0.4523969	1	2	0	0	
16996	1760.328	3.45e+19	0	0	100000	1.96411769	1.140862e-05	4.939513e+26	5.376783e+25	1.390142e+25	3.986642e+25	1.276518e+26	3.125317e+26	3.588535e+25	3.90621e+24	1.009932e+24	2.896278e+24	9.273849e+24	2.27053e+25	0.6327176	3.588535e+26	3.90621e+25	1.009932e+25	2.896278e+25	9.138928e+25	2.237477e+26	4.654414e+24	0	0	0	0	0	0	0	0	0	0	0	0	0	0	4.622878e+26	1.905141e+18	4.622878e+26	2.089794e+26	3.685291e+21	2.089757e+26	1.118779e+26	7.896814e+13	1.118779e+26	4.179588e+26	1.488509e+14	4.179588e+26	1.245433e+26	6.453882e+14	1.245433e+26	3.989607e+26	1.522066e+21	3.989592e+26	2.146567e+23	1.485695e-09	0.002948644	4.072874e+09	2.184595e+11	6.263184e+12	7.35768e-06	1.157229e-10	2.813174e-16	0.4713247	0.5	0.3012906	0.4200506	72.11779	8.968213	10569.8	1.117189e+26	1.827432e+28	5.151575e+27	6.741065e+25	3.118866e+27	1.203261e+27	5.325573e+26	2.294797e+26	0.2188657	0	0.0154354	0.03560219	0.03560219	0.001424136	0.02670164	0	0	-0.03588231	0	2.531913e-16	0	2.531913e-16	0	-492.0808	0	-492.0808	0	30700.69	77194.93	347.0058	8602.012	1.106061	1	0	0.4523969	1	2	0	0	
17024	1760.328	3.45e+19	0	0	100000	1.96415936	1.140862e-05	4.947651e+26	5.376789e+25	1.390147e+25	3.986642e+25	1.279053e+26	3.130919e+26	3.594447e+25	3.906214e+24	1.009936e+24	2.896278e+24	9.292267e+24	2.274599e+25	0.6328092	3.594447e+26	3.906214e+25	1.009936e+25	2.896278e+25	9.157107e+25	2.241494e+26	4.662082e+24	0	0	0	0	0	0	0	0	0	0	0	0	0	0	4.630494e+26	1.925587e+18	4.630494e+26	2.093237e+26	3.685879e+21	2.0932e+26	1.120622e+26	7.91025e+13	1.120622e+26	4.186474e+26	1.491041e+14	4.186474e+26	1.247485e+26	6.464862e+14	1.247485e+26	3.99618e+26	1.524656e+21	3.996164e+26	2.14656e+23	1.485699e-09	0.002948657	4.072874e+09	2.188967e+11	6.265254e+12	7.358854e-06	1.157598e-10	2.814521e-16	0.4714751	0.5	0.3014349	0.48894	72.2366	8.982987	10569.8	1.117189e+26	1.827432e+28	5.151575e+27	6.741065e+25	3.118866e+27	1.203261e+27	5.325573e+26	2.294797e+26	0.2188657	0	0.01541976	0.03560219	0.03560219	0.001424136	0.02670164	0	0	-0.03584064	0	2.543304e-16	0	2.543304e-16	0	-492.0151	0	-492.0151	0	30700.04	77194.93	347.5775	8601.829	1.106061	1	0	0.452397	1	2	0	0	
17052	1760.328	3.45e+19	0	0	100000	1.96420103	1.140862e-05	4.955789e+26	5.376795e+25	1.390152e+25	3.986642e+25	1.281902e+26	3.136207e+26	3.600359e+25	3.906218e+24	1.00994e+24	2.896279e+24	9.312965e+24	2.278441e+25	0.6328371	3.600359e+26	3.906218e+25	1.00994e+25	2.896279e+25	9.177537e+25	2.245286e+26	4.669751e+24	0	0	0	0	0	0	0	0	0	0	0	0	0	0	4.63811e+26	1.946814e+18	4.63811e+26	2.09668e+26	3.687475e+21	2.096643e+26	1.122465e+26	7.925886e+13	1.122465e+26	4.19336e+26	1.493988e+14	4.19336e+26	1.249536e+26	6.47764e+14	1.249536e+26	4.002752e+26	1.527669e+21	4.002737e+26	2.146554e+23	1.485703e-09	0.00294867	4.072874e+09	2.19388e+11	6.267329e+12	7.360084e-06	1.157985e-10	2.815932e-16	0.4716327	0.5	0.301586	0.5496464	72.35541	8.997762	10569.8	1.117189e+26	1.827432e+28	5.151575e+27	6.741065e+25	3.118866e+27	1.203261e+27	5.325573e+26	2.294797e+26	0.2188657	0	0.01540417	0.03560219	0.03560219	0.001424136	0.02670164	0	0	-0.03579897	0	2.554759e-16	0	2.554759e-16	0	-491.9493	0	-491.9493	0	30699.39	77194.93	348.1492	8601.647	1.106061	1	0	0.452397	1	2	0	0	
17080	1760.328	3.45e+19	0	0	100000	1.9642427	1.140862e-05	4.963926e+26	5.3768e+25	1.390158e+25	3.986642e+25	1.285028e+26	3.141219e+26	3.606271e+25	3.906222e+24	1.009944e+24	2.896279e+24	9.33567e+24	2.282082e+25	0.6328093	3.606271e+26	3.906222e+25	1.009944e+25	2.896279e+25	9.199948e+25	2.24888e+26	4.677419e+24	0	0	0	0	0	0	0	0	0	0	0	0	0	0	4.645726e+26	1.968762e+18	4.645726e+26	2.100123e+26	3.689955e+21	2.100086e+26	1.124308e+26	7.943457e+13	1.124308e+26	4.200245e+26	1.4973e+14	4.200245e+26	1.251588e+26	6.492e+14	1.251588e+26	4.009325e+26	1.531056e+21	4.00931e+26	2.146548e+23	1.485706e-09	0.002948683	4.072874e+09	2.19927e+11	6.26941e+12	7.361362e-06	1.158387e-10	2.8174e-16	0.4717966	0.5	0.3017432	0.6031417	72.47422	9.012537	10569.8	1.117189e+26	1.827432e+28	5.151575e+27	6.741065e+25	3.118866e+27	1.203261e+27	5.325573e+26	2.294797e+26	0.2188657	0	0.01538863	0.03560219	0.03560219	0.001424136	0.02670164	0	0	-0.0357573	0	2.566278e-16	0	2.566278e-16	0	-491.8835	0	-491.8835	0	30698.74	77194.93	348.7209	8601.464	1.106061	1	0	0.4523969	1	2	0	0	
17108	1760.328	3.45e+19	0	0	100000	1.96428437	1.140862e-05	4.972064e+26	5.376805e+25	1.390163e+25	3.986642e+25	1.288396e+26	3.145987e+26	3.612183e+25	3.906226e+24	1.009947e+24	2.896279e+24	9.360141e+24	2.285546e+25	0.6327327	3.612183e+26	3.906226e+25	1.009947e+25	2.896279e+25	9.224102e+25	2.252299e+26	4.685087e+24	0	0	0	0	0	0	0	0	0	0	0	0	0	0	4.653342e+26	1.991391e+18	4.653342e+26	2.103565e+26	3.693208e+21	2.103529e+26	1.126151e+26	7.962731e+13	1.126151e+26	4.207131e+26	1.500933e+14	4.207131e+26	1.25364e+26	6.507753e+14	1.25364e+26	4.015898e+26	1.534771e+21	4.015882e+26	2.146541e+23	1.48571e-09	0.002948696	4.072874e+09	2.205079e+11	6.271498e+12	7.362685e-06	1.158804e-10	2.818919e-16	0.4719662	0.5	0.3019059	0.6502826	72.59303	9.027311	10569.8	1.117189e+26	1.827432e+28	5.151575e+27	6.741065e+25	3.118866e+27	1.203261e+27	5.325573e+26	2.294797e+26	0.2188657	0	0.01537315	0.03560219	0.03560219	0.001424136	0.02670164	0	0	-0.03571563	0	2.577861e-16	0	2.577861e-16	0	-491.8176	0	-491.8176	0	30698.09	77194.93	349.2926	8601.282	1.106061	1	0	0.452397	1	2	0	0	
17136	1760.328	3.45e+19	0	0	100000	1.96432604	1.140862e-05	4.980201e+26	5.376811e+25	1.390168e+25	3.986642e+25	1.291978e+26	3.150542e+26	3.618095e+25	3.90623e+24	1.009951e+24	2.896279e+24	9.386167e+24	2.288855e+25	0.6326134	3.618095e+26	3.90623e+25	1.009951e+25	2.896279e+25	9.24979e+25	2.255566e+26	4.692753e+24	0	0	0	0	0	0	0	0	0	0	0	0	0	0	4.660958e+26	2.014668e+18	4.660958e+26	2.107008e+26	3.697134e+21	2.106971e+26	1.127994e+26	7.983505e+13	1.127994e+26	4.214017e+26	1.504849e+14	4.214017e+26	1.255692e+26	6.52473e+14	1.255692e+26	4.02247e+26	1.538775e+21	4.022455e+26	2.146535e+23	1.485714e-09	0.002948709	4.072874e+09	2.211257e+11	6.273594e+12	7.364046e-06	1.159232e-10	2.820483e-16	0.4721407	0.5	0.3020734	0.6918239	72.71184	9.042086	10569.8	1.117189e+26	1.827432e+28	5.151575e+27	6.741065e+25	3.118866e+27	1.203261e+27	5.325573e+26	2.294797e+26	0.2188657	0	0.01535772	0.03560219	0.03560219	0.001424136	0.02670164	0	0	-0.03567396	0	2.589509e-16	0	2.589509e-16	0	-491.7516	0	-491.7516	0	30697.43	77194.93	349.8643	8601.099	1.106061	1	0	0.452397	1	2	0	0	
17164	1760.328	3.45e+19	0	0	100000	1.96436771	1.140862e-05	4.988339e+26	5.376816e+25	1.390173e+25	3.986642e+25	1.295749e+26	3.154909e+26	3.624007e+25	3.906233e+24	1.009955e+24	2.896279e+24	9.41356e+24	2.292028e+25	0.6324567	3.624007e+26	3.906233e+25	1.009955e+25	2.896279e+25	9.276827e+25	2.258697e+26	4.700422e+24	0	0	0	0	0	0	0	0	0	0	0	0	0	0	4.668574e+26	2.038563e+18	4.668574e+26	2.110451e+26	3.701646e+21	2.110414e+26	1.129837e+26	8.005598e+13	1.129837e+26	4.220902e+26	1.509014e+14	4.220902e+26	1.257744e+26	6.542786e+14	1.257744e+26	4.029043e+26	1.543033e+21	4.029028e+26	2.146529e+23	1.485717e-09	0.002948722	4.072874e+09	2.21776e+11	6.275697e+12	7.365442e-06	1.159672e-10	2.822087e-16	0.4723197	0.5	0.3022452	0.7284307	72.83065	9.056861	10569.8	1.117189e+26	1.827432e+28	5.151575e+27	6.741065e+25	3.118866e+27	1.203261e+27	5.325573e+26	2.294797e+26	0.2188657	0	0.01534235	0.03560219	0.03560219	0.001424136	0.02670164	0	0	-0.03563229	0	2.601222e-16	0	2.601222e-16	0	-491.6856	0	-491.6856	0	30696.78	77194.93	350.436	8600.917	1.106061	1	0	0.452397	1	2	0	0	
17192	1760.328	3.45e+19	0	0	100000	1.96440938	1.140862e-05	4.996477e+26	5.37682e+25	1.390178e+25	3.986642e+25	1.299685e+26	3.15911e+26	3.629919e+25	3.906237e+24	1.009959e+24	2.896278e+24	9.442155e+24	2.29508e+25	0.6322675	3.629919e+26	3.906237e+25	1.009959e+25	2.896278e+25	9.305052e+25	2.261709e+26	4.70809e+24	0	0	0	0	0	0	0	0	0	0	0	0	0	0	4.67619e+26	2.063039e+18	4.67619e+26	2.113894e+26	3.70667e+21	2.113857e+26	1.131681e+26	8.028852e+13	1.131681e+26	4.227788e+26	1.513397e+14	4.227788e+26	1.259795e+26	6.561791e+14	1.259795e+26	4.035616e+26	1.547515e+21	4.0356e+26	2.146522e+23	1.485721e-09	0.002948734	4.072874e+09	2.224549e+11	6.277808e+12	7.366869e-06	1.160121e-10	2.823727e-16	0.4725027	0.5	0.3024209	0.7606891	72.94946	9.071635	10569.8	1.117189e+26	1.827432e+28	5.151575e+27	6.741065e+25	3.118866e+27	1.203261e+27	5.325573e+26	2.294797e+26	0.2188657	0	0.01532703	0.03560219	0.03560219	0.001424136	0.02670164	0	0	-0.03559062	0	2.613001e-16	0	2.613001e-16	0	-491.6194	0	-491.6194	0	30696.13	77194.93	351.0077	8600.734	1.106061	1	0	0.452397	1	2	0	0	
17220	1760.328	3.45e+19	0	0	100000	1.96445105	1.140862e-05	5.004614e+26	5.376825e+25	1.390183e+25	3.986642e+25	1.303766e+26	3.163165e+26	3.635831e+25	3.90624e+24	1.009962e+24	2.896278e+24	9.471808e+24	2.298026e+25	0.6320498	3.635831e+26	3.90624e+25	1.009962e+25	2.896278e+25	9.33432e+25	2.264617e+26	4.715758e+24	0	0	0	0	0	0	0	0	0	0	0	0	0	0	4.683806e+26	2.08808e+18	4.683806e+26	2.117337e+26	3.712137e+21	2.1173e+26	1.133524e+26	8.053127e+13	1.133524e+26	4.234674e+26	1.517972e+14	4.234674e+26	1.261847e+26	6.58163e+14	1.261847e+26	4.042188e+26	1.552194e+21	4.042173e+26	2.146516e+23	1.485724e-09	0.002948747	4.072874e+09	2.231588e+11	6.279928e+12	7.368323e-06	1.160579e-10	2.8254e-16	0.4726893	0.5	0.3026	0.7891157	73.06827	9.08641	10569.8	1.117189e+26	1.827432e+28	5.151575e+27	6.741065e+25	3.118866e+27	1.203261e+27	5.325573e+26	2.294797e+26	0.2188657	0	0.01531176	0.03560219	0.03560219	0.001424136	0.02670164	0	0	-0.03554895	0	2.624846e-16	0	2.624846e-16	0	-491.5532	0	-491.5532	0	30695.48	77194.93	351.5794	8600.552	1.106061	1	0	0.452397	1	2	0	0	
17248	1760.328	3.45e+19	0	0	100000	1.96449272	1.140862e-05	5.012752e+26	5.376829e+25	1.390188e+25	3.986641e+25	1.307976e+26	3.167093e+26	3.641743e+25	3.906243e+24	1.009966e+24	2.896278e+24	9.50239e+24	2.300879e+25	0.6318072	3.641743e+26	3.906243e+25	1.009966e+25	2.896278e+25	9.364505e+25	2.267434e+26	4.723425e+24	0	0	0	0	0	0	0	0	0	0	0	0	0	0	4.691422e+26	2.113658e+18	4.691421e+26	2.12078e+26	3.717991e+21	2.120742e+26	1.135367e+26	8.078299e+13	1.135367e+26	4.241559e+26	1.522717e+14	4.241559e+26	1.263899e+26	6.602202e+14	1.263899e+26	4.048761e+26	1.557046e+21	4.048745e+26	2.14651e+23	1.485728e-09	0.00294876	4.072874e+09	2.238849e+11	6.282057e+12	7.369802e-06	1.161045e-10	2.827101e-16	0.472879	0.5	0.3027822	0.8141656	73.18708	9.101185	10569.8	1.117189e+26	1.827432e+28	5.151575e+27	6.741065e+25	3.118866e+27	1.203261e+27	5.325573e+26	2.294797e+26	0.2188657	0	0.01529655	0.03560219	0.03560219	0.001424136	0.02670164	0	0	-0.03550728	0	2.636758e-16	0	2.636758e-16	0	-491.487	0	-491.487	0	30694.83	77194.93	352.1511	8600.369	1.106061	1	0	0.452397	1	2	0	0	
17276	1760.328	3.45e+19	0	0	100000	1.96453439	1.140862e-05	5.020889e+26	5.376833e+25	1.390193e+25	3.98664e+25	1.312298e+26	3.170908e+26	3.647655e+25	3.906246e+24	1.009969e+24	2.896277e+24	9.533789e+24	2.303651e+25	0.6315431	3.647655e+26	3.906246e+25	1.009969e+25	2.896277e+25	9.395498e+25	2.270169e+26	4.731094e+24	0	0	0	0	0	0	0	0	0	0	0	0	0	0	4.699037e+26	2.13976e+18	4.699037e+26	2.124222e+26	3.724178e+21	2.124185e+26	1.13721e+26	8.104261e+13	1.13721e+26	4.248445e+26	1.527611e+14	4.248445e+26	1.265951e+26	6.623419e+14	1.265951e+26	4.055334e+26	1.56205e+21	4.055318e+26	2.146504e+23	1.485731e-09	0.002948772	4.072874e+09	2.246304e+11	6.284194e+12	7.371303e-06	1.161518e-10	2.828828e-16	0.4730716	0.5	0.3029672	0.83624	73.30589	9.115959	10569.8	1.117189e+26	1.827432e+28	5.151575e+27	6.741065e+25	3.118866e+27	1.203261e+27	5.325573e+26	2.294797e+26	0.2188657	0	0.0152814	0.03560219	0.03560219	0.001424136	0.02670164	0	0	-0.03546561	0	2.648737e-16	0	2.648737e-16	0	-491.4206	0	-491.4206	0	30694.18	77194.93	352.7228	8600.187	1.106061	1	0	0.452397	1	2	0	0	
17304	1760.328	3.45e+19	0	0	100000	1.96457606	1.140862e-05	5.029027e+26	5.376837e+25	1.390198e+25	3.98664e+25	1.316719e+26	3.174624e+26	3.653567e+25	3.906249e+24	1.009973e+24	2.896277e+24	9.565907e+24	2.306351e+25	0.6312601	3.653567e+26	3.906249e+25	1.009973e+25	2.896277e+25	9.427198e+25	2.272834e+26	4.738761e+24	0	0	0	0	0	0	0	0	0	0	0	0	0	0	4.706653e+26	2.166364e+18	4.706653e+26	2.127665e+26	3.730654e+21	2.127628e+26	1.139053e+26	8.130916e+13	1.139053e+26	4.25533e+26	1.532635e+14	4.25533e+26	1.268003e+26	6.645204e+14	1.268003e+26	4.061906e+26	1.567187e+21	4.061891e+26	2.146498e+23	1.485735e-09	0.002948784	4.072874e+09	2.253929e+11	6.286341e+12	7.372823e-06	1.161997e-10	2.830579e-16	0.4732668	0.5	0.3031547	0.8556923	73.4247	9.130734	10569.8	1.117189e+26	1.827432e+28	5.151575e+27	6.741065e+25	3.118866e+27	1.203261e+27	5.325573e+26	2.294797e+26	0.2188657	0	0.01526629	0.03560219	0.03560219	0.001424136	0.02670164	0	0	-0.03542394	0	2.660783e-16	0	2.660783e-16	0	-491.3542	0	-491.3542	0	30693.53	77194.93	353.2945	8600.005	1.106061	1	0	0.452397	1	2	0	0	
17332	1760.328	3.45e+19	0	0	100000	1.96461773	1.140862e-05	5.037164e+26	5.376841e+25	1.390202e+25	3.986639e+25	1.321227e+26	3.178254e+26	3.659478e+25	3.906252e+24	1.009976e+24	2.896276e+24	9.598654e+24	2.308988e+25	0.6309609	3.659478e+26	3.906252e+25	1.009976e+25	2.896276e+25	9.459521e+25	2.275437e+26	4.746428e+24	0	0	0	0	0	0	0	0	0	0	0	0	0	0	4.714269e+26	2.193464e+18	4.714269e+26	2.131108e+26	3.737377e+21	2.131071e+26	1.140896e+26	8.158181e+13	1.140896e+26	4.262216e+26	1.537774e+14	4.262216e+26	1.270054e+26	6.667486e+14	1.270054e+26	4.068479e+26	1.572443e+21	4.068463e+26	2.146492e+23	1.485738e-09	0.002948797	4.072874e+09	2.261704e+11	6.288498e+12	7.374361e-06	1.162482e-10	2.832351e-16	0.4734642	0.5	0.3033444	0.8728339	73.54351	9.145509	10569.8	1.117189e+26	1.827432e+28	5.151575e+27	6.741065e+25	3.118866e+27	1.203261e+27	5.325573e+26	2.294797e+26	0.2188657	0	0.01525125	0.03560219	0.03560219	0.001424136	0.02670164	0	0	-0.03538227	0	2.672897e-16	0	2.672897e-16	0	-491.2878	0	-491.2878	0	30692.88	77194.93	353.8662	8599.822	1.106061	1	0	0.452397	1	2	0	0	
17360	1760.328	3.45e+19	0	0	100000	1.9646594	1.140862e-05	5.045302e+26	5.376845e+25	1.390207e+25	3.986638e+25	1.32581e+26	3.181807e+26	3.66539e+25	3.906255e+24	1.009979e+24	2.896276e+24	9.631956e+24	2.311569e+25	0.6306475	3.66539e+26	3.906255e+25	1.009979e+25	2.896276e+25	9.492391e+25	2.277985e+26	4.754096e+24	0	0	0	0	0	0	0	0	0	0	0	0	0	0	4.721885e+26	2.221047e+18	4.721885e+26	2.134551e+26	3.744313e+21	2.134513e+26	1.142739e+26	8.185981e+13	1.142739e+26	4.269102e+26	1.543015e+14	4.269102e+26	1.272106e+26	6.690206e+14	1.272106e+26	4.075052e+26	1.577801e+21	4.075036e+26	2.146486e+23	1.485742e-09	0.002948809	4.072874e+09	2.269611e+11	6.290664e+12	7.375914e-06	1.162972e-10	2.834141e-16	0.4736637	0.5	0.3035362	0.8879394	73.66232	9.160283	10569.8	1.117189e+26	1.827432e+28	5.151575e+27	6.741065e+25	3.118866e+27	1.203261e+27	5.325573e+26	2.294797e+26	0.2188657	0	0.01523626	0.03560219	0.03560219	0.001424136	0.02670164	0	0	-0.0353406	0	2.685079e-16	0	2.685079e-16	0	-491.2212	0	-491.2212	0	30692.23	77194.93	354.4379	8599.64	1.106061	1	0	0.452397	1	2	0	0	
17388	1760.328	3.45e+19	0	0	100000	1.96470107	1.140862e-05	5.05344e+26	5.376849e+25	1.390211e+25	3.986637e+25	1.330461e+26	3.185294e+26	3.671302e+25	3.906257e+24	1.009983e+24	2.896275e+24	9.665743e+24	2.314102e+25	0.6303219	3.671302e+26	3.906257e+25	1.009983e+25	2.896275e+25	9.525739e+25	2.280485e+26	4.761764e+24	0	0	0	0	0	0	0	0	0	0	0	0	0	0	4.729501e+26	2.249099e+18	4.729501e+26	2.137994e+26	3.751432e+21	2.137956e+26	1.144582e+26	8.21425e+13	1.144582e+26	4.275987e+26	1.548343e+14	4.275987e+26	1.274158e+26	6.713309e+14	1.274158e+26	4.081624e+26	1.583249e+21	4.081609e+26	2.14648e+23	1.485745e-09	0.002948821	4.072874e+09	2.277633e+11	6.29284e+12	7.377482e-06	1.163466e-10	2.835949e-16	0.4738651	0.5	0.3037298	0.9012505	73.78113	9.175058	10569.8	1.117189e+26	1.827432e+28	5.151575e+27	6.741065e+25	3.118866e+27	1.203261e+27	5.325573e+26	2.294797e+26	0.2188657	0	0.01522132	0.03560219	0.03560219	0.001424136	0.02670164	0	0	-0.03529893	0	2.697331e-16	0	2.697331e-16	0	-491.1546	0	-491.1546	0	30691.57	77194.93	355.0096	8599.457	1.106061	1	0	0.452397	1	2	0	0	
17416	1760.328	3.45e+19	0	0	100000	1.96474274	1.140862e-05	5.061577e+26	5.376852e+25	1.390216e+25	3.986636e+25	1.33517e+26	3.188722e+26	3.677214e+25	3.90626e+24	1.009986e+24	2.896274e+24	9.699955e+24	2.316593e+25	0.6299858	3.677214e+26	3.90626e+25	1.009986e+25	2.896274e+25	9.559508e+25	2.282943e+26	4.769432e+24	0	0	0	0	0	0	0	0	0	0	0	0	0	0	4.737117e+26	2.277616e+18	4.737117e+26	2.141437e+26	3.758705e+21	2.141399e+26	1.146426e+26	8.242932e+13	1.146426e+26	4.282873e+26	1.55375e+14	4.282873e+26	1.27621e+26	6.73675e+14	1.27621e+26	4.088197e+26	1.588778e+21	4.088181e+26	2.146474e+23	1.485748e-09	0.002948833	4.072874e+09	2.285757e+11	6.295026e+12	7.379063e-06	1.163965e-10	2.837772e-16	0.4740682	0.5	0.3039251	0.9129805	73.89994	9.189833	10569.8	1.117189e+26	1.827432e+28	5.151575e+27	6.741065e+25	3.118866e+27	1.203261e+27	5.325573e+26	2.294797e+26	0.2188657	0	0.01520644	0.03560219	0.03560219	0.001424136	0.02670164	0	0	-0.03525726	0	2.709651e-16	0	2.709651e-16	0	-491.0879	0	-491.0879	0	30690.92	77194.93	355.5813	8599.275	1.106061	1	0	0.452397	1	2	0	0	
17444	1760.328	3.45e+19	0	0	100000	1.96478441	1.140862e-05	5.069715e+26	5.376855e+25	1.39022e+25	3.986635e+25	1.339931e+26	3.192098e+26	3.683126e+25	3.906262e+24	1.009989e+24	2.896273e+24	9.734541e+24	2.319046e+25	0.6296406	3.683126e+26	3.906262e+25	1.009989e+25	2.896273e+25	9.593646e+25	2.285364e+26	4.7771e+24	0	0	0	0	0	0	0	0	0	0	0	0	0	0	4.744733e+26	2.306593e+18	4.744733e+26	2.144879e+26	3.766108e+21	2.144842e+26	1.148269e+26	8.271976e+13	1.148269e+26	4.289759e+26	1.559224e+14	4.289759e+26	1.278261e+26	6.760486e+14	1.278261e+26	4.09477e+26	1.594376e+21	4.094754e+26	2.146469e+23	1.485752e-09	0.002948845	4.072874e+09	2.293969e+11	6.297222e+12	7.380656e-06	1.164467e-10	2.83961e-16	0.4742729	0.5	0.3041219	0.9233171	74.01875	9.204607	10569.8	1.117189e+26	1.827432e+28	5.151575e+27	6.741065e+25	3.118866e+27	1.203261e+27	5.325573e+26	2.294797e+26	0.2188657	0	0.01519161	0.03560219	0.03560219	0.001424136	0.02670164	0	0	-0.03521559	0	2.722042e-16	0	2.722042e-16	0	-491.0211	0	-491.0211	0	30690.27	77194.93	356.153	8599.093	1.106061	1	0	0.452397	1	2	0	0	
17472	1760.328	3.45e+19	0	0	100000	1.96482608	1.140862e-05	5.077852e+26	5.376858e+25	1.390225e+25	3.986634e+25	1.344737e+26	3.19543e+26	3.689038e+25	3.906264e+24	1.009992e+24	2.896272e+24	9.769454e+24	2.321466e+25	0.6292877	3.689038e+26	3.906264e+25	1.009992e+25	2.896272e+25	9.628106e+25	2.287753e+26	4.784768e+24	0	0	0	0	0	0	0	0	0	0	0	0	0	0	4.752349e+26	2.336019e+18	4.752349e+26	2.148322e+26	3.773623e+21	2.148284e+26	1.150112e+26	8.301336e+13	1.150112e+26	4.296644e+26	1.564758e+14	4.296644e+26	1.280313e+26	6.784481e+14	1.280313e+26	4.101342e+26	1.600035e+21	4.101326e+26	2.146463e+23	1.485755e-09	0.002948857	4.072874e+09	2.302259e+11	6.299428e+12	7.382259e-06	1.164973e-10	2.841461e-16	0.4744789	0.5	0.3043201	0.9324259	74.13756	9.219382	10569.8	1.117189e+26	1.827432e+28	5.151575e+27	6.741065e+25	3.118866e+27	1.203261e+27	5.325573e+26	2.294797e+26	0.2188657	0	0.01517684	0.03560219	0.03560219	0.001424136	0.02670164	0	0	-0.03517392	0	2.734502e-16	0	2.734502e-16	0	-490.9543	0	-490.9543	0	30689.62	77194.93	356.7247	8598.91	1.106061	1	0	0.452397	1	2	0	0	
17500	1760.328	3.45e+19	0	0	100000	1.96486775	1.140862e-05	5.08599e+26	5.376861e+25	1.390229e+25	3.986632e+25	1.349582e+26	3.198722e+26	3.69495e+25	3.906267e+24	1.009995e+24	2.896271e+24	9.804654e+24	2.323858e+25	0.6289281	3.69495e+26	3.906267e+25	1.009995e+25	2.896271e+25	9.662848e+25	2.290114e+26	4.792436e+24	0	0	0	0	0	0	0	0	0	0	0	0	0	0	4.759965e+26	2.365894e+18	4.759965e+26	2.151765e+26	3.781229e+21	2.151727e+26	1.151955e+26	8.330974e+13	1.151955e+26	4.30353e+26	1.570345e+14	4.30353e+26	1.282365e+26	6.808703e+14	1.282365e+26	4.107915e+26	1.605747e+21	4.107899e+26	2.146457e+23	1.485758e-09	0.002948868	4.072874e+09	2.310617e+11	6.301645e+12	7.383872e-06	1.165482e-10	2.843324e-16	0.4746863	0.5	0.3045197	0.9404527	74.25637	9.234157	10569.8	1.117189e+26	1.827432e+28	5.151575e+27	6.741065e+25	3.118866e+27	1.203261e+27	5.325573e+26	2.294797e+26	0.2188657	0	0.01516213	0.03560219	0.03560219	0.001424136	0.02670164	0	0	-0.03513225	0	2.747034e-16	0	2.747034e-16	0	-490.8873	0	-490.8873	0	30688.97	77194.93	357.2964	8598.728	1.106061	1	0	0.452397	1	2	0	0	
17528	1760.328	3.45e+19	0	0	100000	1.96490942	1.140862e-05	5.094128e+26	5.376864e+25	1.390233e+25	3.986631e+25	1.354461e+26	3.20198e+26	3.700862e+25	3.906269e+24	1.009998e+24	2.89627e+24	9.840103e+24	2.326225e+25	0.628563	3.700862e+26	3.906269e+25	1.009998e+25	2.89627e+25	9.697838e+25	2.29245e+26	4.800105e+24	0	0	0	0	0	0	0	0	0	0	0	0	0	0	4.767581e+26	2.396211e+18	4.767581e+26	2.155208e+26	3.788911e+21	2.15517e+26	1.153798e+26	8.360855e+13	1.153798e+26	4.310416e+26	1.575977e+14	4.310416e+26	1.284417e+26	6.833124e+14	1.284417e+26	4.114488e+26	1.611506e+21	4.114472e+26	2.146451e+23	1.485762e-09	0.00294888	4.072874e+09	2.319035e+11	6.303873e+12	7.385493e-06	1.165994e-10	2.845198e-16	0.4748949	0.5	0.3047204	0.9475261	74.37518	9.248931	10569.8	1.117189e+26	1.827432e+28	5.151575e+27	6.741065e+25	3.118866e+27	1.203261e+27	5.325573e+26	2.294797e+26	0.2188657	0	0.01514748	0.03560219	0.03560219	0.001424136	0.02670164	0	0	-0.03509058	0	2.759636e-16	0	2.759636e-16	0	-490.8204	0	-490.8204	0	30688.32	77194.93	357.8681	8598.546	1.106061	1	0	0.452397	1	2	0	0	
17556	1760.328	3.45e+19	0	0	100000	1.96495109	1.140862e-05	5.102265e+26	5.376866e+25	1.390237e+25	3.986629e+25	1.359371e+26	3.205208e+26	3.706774e+25	3.90627e+24	1.010001e+24	2.896269e+24	9.87577e+24	2.32857e+25	0.6281931	3.706774e+26	3.90627e+25	1.010001e+25	2.896269e+25	9.733043e+25	2.294765e+26	4.807772e+24	0	0	0	0	0	0	0	0	0	0	0	0	0	0	4.775197e+26	2.426974e+18	4.775197e+26	2.158651e+26	3.796654e+21	2.158613e+26	1.155641e+26	8.390948e+13	1.155641e+26	4.317301e+26	1.58165e+14	4.317301e+26	1.286469e+26	6.857718e+14	1.286469e+26	4.12106e+26	1.617307e+21	4.121044e+26	2.146446e+23	1.485765e-09	0.002948892	4.072874e+09	2.327505e+11	6.306111e+12	7.387123e-06	1.166509e-10	2.847082e-16	0.4751045	0.5	0.3049222	0.9537592	74.49399	9.263706	10569.8	1.117189e+26	1.827432e+28	5.151575e+27	6.741065e+25	3.118866e+27	1.203261e+27	5.325573e+26	2.294797e+26	0.2188657	0	0.01513288	0.03560219	0.03560219	0.001424136	0.02670164	0	0	-0.03504891	0	2.772311e-16	0	2.772311e-16	0	-490.7533	0	-490.7533	0	30687.67	77194.93	358.4398	8598.363	1.106061	1	0	0.452397	1	2	0	0	
17584	1760.328	3.45e+19	0	0	100000	1.96499276	1.140862e-05	5.110403e+26	5.376869e+25	1.390241e+25	3.986628e+25	1.364307e+26	3.208409e+26	3.712686e+25	3.906272e+24	1.010004e+24	2.896268e+24	9.911629e+24	2.330896e+25	0.6278193	3.712686e+26	3.906272e+25	1.010004e+25	2.896268e+25	9.768436e+25	2.297061e+26	4.815441e+24	0	0	0	0	0	0	0	0	0	0	0	0	0	0	4.782813e+26	2.45818e+18	4.782813e+26	2.162093e+26	3.804444e+21	2.162055e+26	1.157484e+26	8.421227e+13	1.157484e+26	4.324187e+26	1.587357e+14	4.324187e+26	1.28852e+26	6.882463e+14	1.28852e+26	4.127633e+26	1.623143e+21	4.127617e+26	2.14644e+23	1.485768e-09	0.002948903	4.072874e+09	2.336021e+11	6.308359e+12	7.388761e-06	1.167026e-10	2.848976e-16	0.4753152	0.5	0.305125	0.9592519	74.6128	9.27848	10569.8	1.117189e+26	1.827432e+28	5.151575e+27	6.741065e+25	3.118866e+27	1.203261e+27	5.325573e+26	2.294797e+26	0.2188657	0	0.01511833	0.03560219	0.03560219	0.001424136	0.02670164	0	0	-0.03500724	0	2.785057e-16	0	2.785057e-16	0	-490.6862	0	-490.6862	0	30687.02	77194.93	359.0115	8598.181	1.106061	1	0	0.452397	1	2	0	0	
17612	1760.328	3.45e+19	0	0	100000	1.96503443	1.140862e-05	5.11854e+26	5.376871e+25	1.390245e+25	3.986626e+25	1.369265e+26	3.211588e+26	3.718598e+25	3.906274e+24	1.010007e+24	2.896267e+24	9.947653e+24	2.333205e+25	0.6274422	3.718598e+26	3.906274e+25	1.010007e+25	2.896267e+25	9.803993e+25	2.29934e+26	4.823107e+24	0	0	0	0	0	0	0	0	0	0	0	0	0	0	4.790429e+26	2.489831e+18	4.790429e+26	2.165536e+26	3.812272e+21	2.165498e+26	1.159328e+26	8.451667e+13	1.159328e+26	4.331073e+26	1.593095e+14	4.331073e+26	1.290572e+26	6.907341e+14	1.290572e+26	4.134206e+26	1.62901e+21	4.134189e+26	2.146435e+23	1.485771e-09	0.002948915	4.072874e+09	2.344576e+11	6.310619e+12	7.390406e-06	1.167546e-10	2.850879e-16	0.4755268	0.5	0.3053288	0.9640922	74.73161	9.293255	10569.8	1.117189e+26	1.827432e+28	5.151575e+27	6.741065e+25	3.118866e+27	1.203261e+27	5.325573e+26	2.294797e+26	0.2188657	0	0.01510385	0.03560219	0.03560219	0.001424136	0.02670164	0	0	-0.03496557	0	2.797876e-16	0	2.797876e-16	0	-490.6189	0	-490.6189	0	30686.37	77194.93	359.5832	8597.999	1.106061	1	0	0.4523969	1	2	0	0	
17640	1760.328	3.45e+19	0	0	100000	1.9650761	1.140862e-05	5.126678e+26	5.376873e+25	1.390249e+25	3.986624e+25	1.374244e+26	3.214747e+26	3.72451e+25	3.906275e+24	1.01001e+24	2.896265e+24	9.983822e+24	2.3355e+25	0.6270624	3.72451e+26	3.906275e+25	1.01001e+25	2.896265e+25	9.839692e+25	2.301605e+26	4.830775e+24	0	0	0	0	0	0	0	0	0	0	0	0	0	0	4.798045e+26	2.521919e+18	4.798045e+26	2.168979e+26	3.820129e+21	2.168941e+26	1.161171e+26	8.482248e+13	1.161171e+26	4.337958e+26	1.598859e+14	4.337958e+26	1.292624e+26	6.932334e+14	1.292624e+26	4.140778e+26	1.634904e+21	4.140762e+26	2.146429e+23	1.485775e-09	0.002948926	4.072874e+09	2.353165e+11	6.312889e+12	7.392057e-06	1.168068e-10	2.85279e-16	0.4757392	0.5	0.3055334	0.9683575	74.85042	9.30803	10569.8	1.117189e+26	1.827432e+28	5.151575e+27	6.741065e+25	3.118866e+27	1.203261e+27	5.325573e+26	2.294797e+26	0.2188657	0	0.01508942	0.03560219	0.03560219	0.001424136	0.02670164	0	0	-0.0349239	0	2.810769e-16	0	2.810769e-16	0	-490.5517	0	-490.5517	0	30685.72	77194.93	360.1549	8597.816	1.106061	1	0	0.4523969	1	2	0	0	
17668	1760.328	3.45e+19	0	0	100000	1.96511777	1.140862e-05	5.134816e+26	5.376875e+25	1.390253e+25	3.986622e+25	1.379239e+26	3.217889e+26	3.730422e+25	3.906277e+24	1.010013e+24	2.896264e+24	1.002012e+25	2.337782e+25	0.6266805	3.730422e+26	3.906277e+25	1.010013e+25	2.896264e+25	9.875516e+25	2.303858e+26	4.838443e+24	0	0	0	0	0	0	0	0	0	0	0	0	0	0	4.805661e+26	2.554452e+18	4.805661e+26	2.172422e+26	3.828004e+21	2.172384e+26	1.163014e+26	8.512952e+13	1.163014e+26	4.344844e+26	1.604646e+14	4.344844e+26	1.294676e+26	6.957427e+14	1.294676e+26	4.147351e+26	1.640822e+21	4.147335e+26	2.146424e+23	1.485778e-09	0.002948937	4.072874e+09	2.361785e+11	6.31517e+12	7.393714e-06	1.168591e-10	2.854709e-16	0.4759526	0.5	0.305739	0.9721162	74.96923	9.322804	10569.8	1.117189e+26	1.827432e+28	5.151575e+27	6.741065e+25	3.118866e+27	1.203261e+27	5.325573e+26	2.294797e+26	0.2188657	0	0.01507505	0.03560219	0.03560219	0.001424136	0.02670164	0	0	-0.03488223	0	2.823735e-16	0	2.823735e-16	0	-490.4843	0	-490.4843	0	30685.07	77194.93	360.7266	8597.634	1.106061	1	0	0.452397	1	2	0	0	
17696	1760.328	3.45e+19	0	0	100000	1.96515944	1.140862e-05	5.142953e+26	5.376877e+25	1.390257e+25	3.98662e+25	1.38425e+26	3.221015e+26	3.736333e+25	3.906278e+24	1.010016e+24	2.896263e+24	1.005652e+25	2.340054e+25	0.6262968	3.736333e+26	3.906278e+25	1.010016e+25	2.896263e+25	9.911446e+25	2.3061e+26	4.846111e+24	0	0	0	0	0	0	0	0	0	0	0	0	0	0	4.813277e+26	2.587424e+18	4.813277e+26	2.175865e+26	3.835893e+21	2.175826e+26	1.164857e+26	8.543762e+13	1.164857e+26	4.35173e+26	1.610454e+14	4.35173e+26	1.296727e+26	6.982607e+14	1.296727e+26	4.153924e+26	1.64676e+21	4.153907e+26	2.146418e+23	1.485781e-09	0.002948949	4.072874e+09	2.37043e+11	6.317462e+12	7.395376e-06	1.169117e-10	2.856635e-16	0.4761667	0.5	0.3059453	0.9754283	75.08804	9.337579	10569.8	1.117189e+26	1.827432e+28	5.151575e+27	6.741065e+25	3.118866e+27	1.203261e+27	5.325573e+26	2.294797e+26	0.2188657	0	0.01506073	0.03560219	0.03560219	0.001424136	0.02670164	0	0	-0.03484056	0	2.836775e-16	0	2.836775e-16	0	-490.4169	0	-490.4169	0	30684.42	77194.93	361.2983	8597.452	1.106061	1	0	0.4523969	1	2	0	0	
17724	1760.328	3.45e+19	0	0	100000	1.96520111	1.140862e-05	5.151091e+26	5.376879e+25	1.390261e+25	3.986618e+25	1.389274e+26	3.224129e+26	3.742245e+25	3.906279e+24	1.010018e+24	2.896261e+24	1.009301e+25	2.342316e+25	0.6259119	3.742245e+26	3.906279e+25	1.010018e+25	2.896261e+25	9.947468e+25	2.308333e+26	4.853779e+24	0	0	0	0	0	0	0	0	0	0	0	0	0	0	4.820893e+26	2.620852e+18	4.820893e+26	2.179308e+26	3.843785e+21	2.179269e+26	1.1667e+26	8.574664e+13	1.1667e+26	4.358615e+26	1.616279e+14	4.358615e+26	1.298779e+26	7.007862e+14	1.298779e+26	4.160496e+26	1.652717e+21	4.16048e+26	2.146413e+23	1.485784e-09	0.00294896	4.072874e+09	2.379098e+11	6.319765e+12	7.397044e-06	1.169644e-10	2.858568e-16	0.4763815	0.5	0.3061523	0.9783471	75.20685	9.352354	10569.8	1.117189e+26	1.827432e+28	5.151575e+27	6.741065e+25	3.118866e+27	1.203261e+27	5.325573e+26	2.294797e+26	0.2188657	0	0.01504647	0.03560219	0.03560219	0.001424136	0.02670164	0	0	-0.03479889	0	2.84989e-16	0	2.84989e-16	0	-490.3494	0	-490.3494	0	30683.77	77194.93	361.87	8597.269	1.106061	1	0	0.452397	1	2	0	0	
17752	1760.328	3.45e+19	0	0	100000	1.96524278	1.140862e-05	5.159228e+26	5.37688e+25	1.390264e+25	3.986616e+25	1.394308e+26	3.227232e+26	3.748157e+25	3.906281e+24	1.010021e+24	2.89626e+24	1.012959e+25	2.34457e+25	0.6255261	3.748157e+26	3.906281e+25	1.010021e+25	2.89626e+25	9.983571e+25	2.310558e+26	4.861447e+24	0	0	0	0	0	0	0	0	0	0	0	0	0	0	4.828508e+26	2.654724e+18	4.828508e+26	2.18275e+26	3.851679e+21	2.182712e+26	1.168543e+26	8.605646e+13	1.168543e+26	4.365501e+26	1.622119e+14	4.365501e+26	1.300831e+26	7.033182e+14	1.300831e+26	4.167069e+26	1.658688e+21	4.167052e+26	2.146407e+23	1.485787e-09	0.002948971	4.072874e+09	2.387785e+11	6.322079e+12	7.398717e-06	1.170174e-10	2.860508e-16	0.476597	0.5	0.3063601	0.9809191	75.32566	9.367128	10569.8	1.117189e+26	1.827432e+28	5.151575e+27	6.741065e+25	3.118866e+27	1.203261e+27	5.325573e+26	2.294797e+26	0.2188657	0	0.01503227	0.03560219	0.03560219	0.001424136	0.02670164	0	0	-0.03475722	0	2.86308e-16	0	2.86308e-16	0	-490.2818	0	-490.2818	0	30683.11	77194.93	362.4417	8597.087	1.106061	1	0	0.4523969	1	2	0	0	
17780	1760.328	3.45e+19	0	0	100000	1.96528445	1.140862e-05	5.167366e+26	5.376882e+25	1.390268e+25	3.986614e+25	1.399353e+26	3.230325e+26	3.754069e+25	3.906282e+24	1.010024e+24	2.896258e+24	1.016624e+25	2.346817e+25	0.6251396	3.754069e+26	3.906282e+25	1.010024e+25	2.896258e+25	1.001974e+26	2.312776e+26	4.869114e+24	0	0	0	0	0	0	0	0	0	0	0	0	0	0	4.836124e+26	2.689042e+18	4.836124e+26	2.186193e+26	3.859568e+21	2.186155e+26	1.170386e+26	8.636696e+13	1.170386e+26	4.372386e+26	1.627971e+14	4.372386e+26	1.302883e+26	7.058558e+14	1.302883e+26	4.173642e+26	1.664673e+21	4.173625e+26	2.146402e+23	1.48579e-09	0.002948982	4.072874e+09	2.396489e+11	6.324405e+12	7.400395e-06	1.170704e-10	2.862455e-16	0.4768132	0.5	0.3065686	0.9831857	75.44447	9.381903	10569.8	1.117189e+26	1.827432e+28	5.151575e+27	6.741065e+25	3.118866e+27	1.203261e+27	5.325573e+26	2.294797e+26	0.2188657	0	0.01501813	0.03560219	0.03560219	0.001424136	0.02670164	0	0	-0.03471555	0	2.876346e-16	0	2.876346e-16	0	-490.2141	0	-490.2141	0	30682.46	77194.93	363.0134	8596.905	1.106061	1	0	0.4523969	1	2	0	0	
17808	1760.328	3.45e+19	0	0	100000	1.96532612	1.140862e-05	5.175503e+26	5.376883e+25	1.390272e+25	3.986612e+25	1.404405e+26	3.23341e+26	3.759981e+25	3.906283e+24	1.010026e+24	2.896256e+24	1.020294e+25	2.349059e+25	0.6247528	3.759981e+26	3.906283e+25	1.010026e+25	2.896256e+25	1.005597e+26	2.314988e+26	4.876783e+24	0	0	0	0	0	0	0	0	0	0	0	0	0	0	4.84374e+26	2.723823e+18	4.84374e+26	2.189636e+26	3.867445e+21	2.189597e+26	1.172229e+26	8.667805e+13	1.172229e+26	4.379272e+26	1.633835e+14	4.379272e+26	1.304935e+26	7.083983e+14	1.304935e+26	4.180214e+26	1.670669e+21	4.180198e+26	2.146396e+23	1.485793e-09	0.002948993	4.072874e+09	2.405207e+11	6.326741e+12	7.402078e-06	1.171237e-10	2.864408e-16	0.47703	0.5	0.3067777	0.985183	75.56328	9.396678	10569.8	1.117189e+26	1.827432e+28	5.151575e+27	6.741065e+25	3.118866e+27	1.203261e+27	5.325573e+26	2.294797e+26	0.2188657	0	0.01500405	0.03560219	0.03560219	0.001424136	0.02670164	0	0	-0.03467388	0	2.889688e-16	0	2.889688e-16	0	-490.1464	0	-490.1464	0	30681.81	77194.93	363.5851	8596.723	1.106061	1	0	0.4523969	1	2	0	0	
17836	1760.328	3.45e+19	0	0	100000	1.96536779	1.140862e-05	5.183641e+26	5.376884e+25	1.390275e+25	3.986609e+25	1.409464e+26	3.236489e+26	3.765893e+25	3.906283e+24	1.010029e+24	2.896255e+24	1.02397e+25	2.351295e+25	0.6243659	3.765893e+26	3.906283e+25	1.010029e+25	2.896255e+25	1.009225e+26	2.317195e+26	4.884451e+24	0	0	0	0	0	0	0	0	0	0	0	0	0	0	4.851356e+26	2.759058e+18	4.851356e+26	2.193079e+26	3.87531e+21	2.19304e+26	1.174073e+26	8.698964e+13	1.174073e+26	4.386158e+26	1.639709e+14	4.386158e+26	1.306986e+26	7.109448e+14	1.306986e+26	4.186787e+26	1.676674e+21	4.18677e+26	2.146391e+23	1.485796e-09	0.002949004	4.072874e+09	2.413937e+11	6.329089e+12	7.403765e-06	1.171771e-10	2.866366e-16	0.4772475	0.5	0.3069875	0.986943	75.68209	9.411452	10569.8	1.117189e+26	1.827432e+28	5.151575e+27	6.741065e+25	3.118866e+27	1.203261e+27	5.325573e+26	2.294797e+26	0.2188657	0	0.01499002	0.03560219	0.03560219	0.001424136	0.02670164	0	0	-0.03463221	0	2.903107e-16	0	2.903107e-16	0	-490.0786	0	-490.0786	0	30681.16	77194.93	364.1568	8596.54	1.106061	1	0	0.4523969	1	2	0	0	
17864	1760.328	3.45e+19	0	0	100000	1.96540946	1.140862e-05	5.191779e+26	5.376885e+25	1.390279e+25	3.986607e+25	1.414529e+26	3.239561e+26	3.771805e+25	3.906284e+24	1.010032e+24	2.896253e+24	1.027649e+25	2.353527e+25	0.623979	3.771805e+26	3.906284e+25	1.010032e+25	2.896253e+25	1.012857e+26	2.319399e+26	4.892119e+24	0	0	0	0	0	0	0	0	0	0	0	0	0	0	4.858972e+26	2.794757e+18	4.858972e+26	2.196522e+26	3.883157e+21	2.196483e+26	1.175916e+26	8.730166e+13	1.175916e+26	4.393043e+26	1.64559e+14	4.393043e+26	1.309038e+26	7.134948e+14	1.309038e+26	4.19336e+26	1.682688e+21	4.193343e+26	2.146386e+23	1.485799e-09	0.002949014	4.072874e+09	2.422677e+11	6.331448e+12	7.405456e-06	1.172306e-10	2.868331e-16	0.4774655	0.5	0.3071979	0.988494	75.8009	9.426227	10569.8	1.117189e+26	1.827432e+28	5.151575e+27	6.741065e+25	3.118866e+27	1.203261e+27	5.325573e+26	2.294797e+26	0.2188657	0	0.01497606	0.03560219	0.03560219	0.001424136	0.02670164	0	0	-0.03459054	0	2.916603e-16	0	2.916603e-16	0	-490.0107	0	-490.0107	0	30680.51	77194.93	364.7285	8596.358	1.106061	1	0	0.4523969	1	2	0	0	
17892	1760.328	3.45e+19	0	0	100000	1.96545113	1.140862e-05	5.199916e+26	5.376886e+25	1.390282e+25	3.986604e+25	1.419599e+26	3.242628e+26	3.777717e+25	3.906285e+24	1.010034e+24	2.896251e+24	1.031333e+25	2.355756e+25	0.6235925	3.777717e+26	3.906285e+25	1.010034e+25	2.896251e+25	1.016492e+26	2.321598e+26	4.899785e+24	0	0	0	0	0	0	0	0	0	0	0	0	0	0	4.866588e+26	2.830924e+18	4.866588e+26	2.199965e+26	3.890984e+21	2.199926e+26	1.177759e+26	8.761403e+13	1.177759e+26	4.399929e+26	1.651478e+14	4.399929e+26	1.31109e+26	7.160477e+14	1.31109e+26	4.199932e+26	1.688709e+21	4.199915e+26	2.146381e+23	1.485802e-09	0.002949025	4.072874e+09	2.431426e+11	6.333818e+12	7.407151e-06	1.172843e-10	2.870301e-16	0.4776841	0.5	0.3074089	0.9898607	75.91971	9.441002	10569.8	1.117189e+26	1.827432e+28	5.151575e+27	6.741065e+25	3.118866e+27	1.203261e+27	5.325573e+26	2.294797e+26	0.2188657	0	0.01496215	0.03560219	0.03560219	0.001424136	0.02670164	0	0	-0.03454887	0	2.930177e-16	0	2.930177e-16	0	-489.9428	0	-489.9428	0	30679.86	77194.93	365.3002	8596.176	1.106061	1	0	0.4523969	1	2	0	0	
17920	1760.328	3.45e+19	0	0	100000	1.9654928	1.140862e-05	5.208054e+26	5.376887e+25	1.390286e+25	3.986602e+25	1.424673e+26	3.245692e+26	3.783629e+25	3.906286e+24	1.010036e+24	2.896249e+24	1.035019e+25	2.357981e+25	0.6232063	3.783629e+26	3.906286e+25	1.010036e+25	2.896249e+25	1.020131e+26	2.323795e+26	4.907453e+24	0	0	0	0	0	0	0	0	0	0	0	0	0	0	4.874204e+26	2.867557e+18	4.874204e+26	2.203407e+26	3.89879e+21	2.203368e+26	1.179602e+26	8.792671e+13	1.179602e+26	4.406815e+26	1.657372e+14	4.406815e+26	1.313142e+26	7.18603e+14	1.313142e+26	4.206505e+26	1.694736e+21	4.206488e+26	2.146375e+23	1.485805e-09	0.002949036	4.072874e+09	2.440183e+11	6.3362e+12	7.40885e-06	1.173381e-10	2.872276e-16	0.4779032	0.5	0.3076205	0.9910651	76.03852	9.455776	10569.8	1.117189e+26	1.827432e+28	5.151575e+27	6.741065e+25	3.118866e+27	1.203261e+27	5.325573e+26	2.294797e+26	0.2188657	0	0.0149483	0.03560219	0.03560219	0.001424136	0.02670164	0	0	-0.0345072	0	2.943829e-16	0	2.943829e-16	0	-489.8747	0	-489.8747	0	30679.21	77194.93	365.8719	8595.994	1.106061	1	0	0.4523969	1	2	0	0	
17948	1760.328	3.45e+19	0	0	100000	1.96553447	1.140862e-05	5.216191e+26	5.376888e+25	1.390289e+25	3.986599e+25	1.42975e+26	3.248752e+26	3.789541e+25	3.906286e+24	1.010039e+24	2.896247e+24	1.038707e+25	2.360205e+25	0.6228208	3.789541e+26	3.906286e+25	1.010039e+25	2.896247e+25	1.023772e+26	2.325989e+26	4.915122e+24	0	0	0	0	0	0	0	0	0	0	0	0	0	0	4.88182e+26	2.904674e+18	4.88182e+26	2.20685e+26	3.906569e+21	2.206811e+26	1.181445e+26	8.823963e+13	1.181445e+26	4.4137e+26	1.66327e+14	4.4137e+26	1.315194e+26	7.211605e+14	1.315194e+26	4.213078e+26	1.700767e+21	4.213061e+26	2.14637e+23	1.485808e-09	0.002949047	4.072874e+09	2.448945e+11	6.338593e+12	7.410552e-06	1.17392e-10	2.874257e-16	0.4781229	0.5	0.3078326	0.9921265	76.15734	9.470551	10569.8	1.117189e+26	1.827432e+28	5.151575e+27	6.741065e+25	3.118866e+27	1.203261e+27	5.325573e+26	2.294797e+26	0.2188657	0	0.01493451	0.03560219	0.03560219	0.001424136	0.02670164	0	0	-0.03446553	0	2.95756e-16	0	2.95756e-16	0	-489.8066	0	-489.8066	0	30678.56	77194.93	366.4436	8595.811	1.106061	1	0	0.4523969	1	2	0	0	
17976	1760.328	3.45e+19	0	0	100000	1.96557614	1.140862e-05	5.224329e+26	5.376888e+25	1.390292e+25	3.986596e+25	1.43483e+26	3.25181e+26	3.795453e+25	3.906286e+24	1.010041e+24	2.896245e+24	1.042398e+25	2.362426e+25	0.6224359	3.795453e+26	3.906286e+25	1.010041e+25	2.896245e+25	1.027414e+26	2.328182e+26	4.922789e+24	0	0	0	0	0	0	0	0	0	0	0	0	0	0	4.889436e+26	2.942266e+18	4.889436e+26	2.210293e+26	3.914323e+21	2.210254e+26	1.183288e+26	8.855277e+13	1.183288e+26	4.420586e+26	1.669172e+14	4.420586e+26	1.317245e+26	7.237196e+14	1.317245e+26	4.21965e+26	1.706802e+21	4.219633e+26	2.146365e+23	1.485811e-09	0.002949057	4.072874e+09	2.457712e+11	6.340997e+12	7.412259e-06	1.174461e-10	2.876243e-16	0.4783431	0.5	0.3080453	0.9930617	76.27615	9.485326	10569.8	1.117189e+26	1.827432e+28	5.151575e+27	6.741065e+25	3.118866e+27	1.203261e+27	5.325573e+26	2.294797e+26	0.2188657	0	0.01492077	0.03560219	0.03560219	0.001424136	0.02670164	0	0	-0.03442386	0	2.971371e-16	0	2.971371e-16	0	-489.7384	0	-489.7384	0	30677.91	77194.93	367.0153	8595.629	1.106061	1	0	0.4523969	1	2	0	0	
18004	1760.328	3.45e+19	0	0	100000	1.96561781	1.140862e-05	5.232467e+26	5.376889e+25	1.390295e+25	3.986594e+25	1.439912e+26	3.254865e+26	3.801365e+25	3.906287e+24	1.010044e+24	2.896243e+24	1.04609e+25	2.364646e+25	0.6220518	3.801365e+26	3.906287e+25	1.010044e+25	2.896243e+25	1.031058e+26	2.330373e+26	4.930458e+24	0	0	0	0	0	0	0	0	0	0	0	0	0	0	4.897052e+26	2.980345e+18	4.897052e+26	2.213736e+26	3.922047e+21	2.213697e+26	1.185131e+26	8.886606e+13	1.185131e+26	4.427472e+26	1.675078e+14	4.427472e+26	1.319297e+26	7.2628e+14	1.319297e+26	4.226223e+26	1.712841e+21	4.226206e+26	2.14636e+23	1.485814e-09	0.002949068	4.072874e+09	2.466482e+11	6.343413e+12	7.413969e-06	1.175003e-10	2.878234e-16	0.4785639	0.5	0.3082586	0.9938859	76.39496	9.5001	10569.8	1.117189e+26	1.827432e+28	5.151575e+27	6.741065e+25	3.118866e+27	1.203261e+27	5.325573e+26	2.294797e+26	0.2188657	0	0.0149071	0.03560219	0.03560219	0.001424136	0.02670164	0	0	-0.03438219	0	2.985261e-16	0	2.985261e-16	0	-489.6702	0	-489.6702	0	30677.26	77194.93	367.587	8595.447	1.106061	1	0	0.4523969	1	2	0	0	
18032	1760.328	3.45e+19	0	0	100000	1.96565948	1.140862e-05	5.240604e+26	5.376889e+25	1.390299e+25	3.986591e+25	1.444996e+26	3.257919e+26	3.807276e+25	3.906287e+24	1.010046e+24	2.896241e+24	1.049783e+25	2.366864e+25	0.6216687	3.807276e+26	3.906287e+25	1.010046e+25	2.896241e+25	1.034704e+26	2.332563e+26	4.938125e+24	0	0	0	0	0	0	0	0	0	0	0	0	0	0	4.904668e+26	3.018908e+18	4.904668e+26	2.217179e+26	3.929744e+21	2.217139e+26	1.186974e+26	8.917948e+13	1.186974e+26	4.434357e+26	1.680986e+14	4.434357e+26	1.321349e+26	7.288415e+14	1.321349e+26	4.232796e+26	1.718882e+21	4.232778e+26	2.146355e+23	1.485817e-09	0.002949078	4.072874e+09	2.475256e+11	6.34584e+12	7.415682e-06	1.175546e-10	2.88023e-16	0.4787851	0.5	0.3084723	0.9946121	76.51377	9.514875	10569.8	1.117189e+26	1.827432e+28	5.151575e+27	6.741065e+25	3.118866e+27	1.203261e+27	5.325573e+26	2.294797e+26	0.2188657	0	0.01489349	0.03560219	0.03560219	0.001424136	0.02670164	0	0	-0.03434052	0	2.999232e-16	0	2.999232e-16	0	-489.6019	0	-489.6019	0	30676.61	77194.93	368.1587	8595.265	1.106061	1	0	0.4523969	1	2	0	0	
18060	1760.328	3.45e+19	0	0	100000	1.96570115	1.140862e-05	5.248742e+26	5.376889e+25	1.390302e+25	3.986588e+25	1.450081e+26	3.260972e+26	3.813188e+25	3.906287e+24	1.010048e+24	2.896239e+24	1.053477e+25	2.369082e+25	0.6212865	3.813188e+26	3.906287e+25	1.010048e+25	2.896239e+25	1.03835e+26	2.334752e+26	4.945793e+24	0	0	0	0	0	0	0	0	0	0	0	0	0	0	4.912284e+26	3.057978e+18	4.912284e+26	2.220621e+26	3.937406e+21	2.220582e+26	1.188818e+26	8.9493e+13	1.188818e+26	4.441243e+26	1.686895e+14	4.441243e+26	1.323401e+26	7.314038e+14	1.323401e+26	4.239368e+26	1.724925e+21	4.239351e+26	2.14635e+23	1.48582e-09	0.002949088	4.072874e+09	2.484032e+11	6.348279e+12	7.417399e-06	1.17609e-10	2.882231e-16	0.4790068	0.5	0.3086866	0.9952521	76.63258	9.52965	10569.8	1.117189e+26	1.827432e+28	5.151575e+27	6.741065e+25	3.118866e+27	1.203261e+27	5.325573e+26	2.294797e+26	0.2188657	0	0.01487993	0.03560219	0.03560219	0.001424136	0.02670164	0	0	-0.03429885	0	3.013285e-16	0	3.013285e-16	0	-489.5334	0	-489.5334	0	30675.96	77194.93	368.7304	8595.082	1.106061	1	0	0.4523969	1	2	0	0	
18088	1760.328	3.45e+19	0	0	100000	1.96574282	1.140862e-05	5.256879e+26	5.37689e+25	1.390305e+25	3.986585e+25	1.455166e+26	3.264024e+26	3.8191e+25	3.906287e+24	1.010051e+24	2.896237e+24	1.057172e+25	2.3713e+25	0.6209053	3.8191e+26	3.906287e+25	1.010051e+25	2.896237e+25	1.041997e+26	2.33694e+26	4.953461e+24	0	0	0	0	0	0	0	0	0	0	0	0	0	0	4.9199e+26	3.097543e+18	4.9199e+26	2.224064e+26	3.945038e+21	2.224025e+26	1.190661e+26	8.980659e+13	1.190661e+26	4.448129e+26	1.692806e+14	4.448129e+26	1.325452e+26	7.339666e+14	1.325452e+26	4.245941e+26	1.730969e+21	4.245924e+26	2.146345e+23	1.485823e-09	0.002949099	4.072874e+09	2.492809e+11	6.350729e+12	7.419119e-06	1.176636e-10	2.884237e-16	0.479229	0.5	0.3089015	0.9958161	76.75139	9.544424	10569.8	1.117189e+26	1.827432e+28	5.151575e+27	6.741065e+25	3.118866e+27	1.203261e+27	5.325573e+26	2.294797e+26	0.2188657	0	0.01486644	0.03560219	0.03560219	0.001424136	0.02670164	0	0	-0.03425718	0	3.027419e-16	0	3.027419e-16	0	-489.465	0	-489.465	0	30675.31	77194.93	369.3021	8594.9	1.106061	1	0	0.4523969	1	2	0	0	
18116	1760.328	3.45e+19	0	0	100000	1.96578449	1.140862e-05	5.265017e+26	5.37689e+25	1.390308e+25	3.986582e+25	1.460252e+26	3.267076e+26	3.825012e+25	3.906287e+24	1.010053e+24	2.896235e+24	1.060867e+25	2.373517e+25	0.6205252	3.825012e+26	3.906287e+25	1.010053e+25	2.896235e+25	1.045644e+26	2.339129e+26	4.96113e+24	0	0	0	0	0	0	0	0	0	0	0	0	0	0	4.927516e+26	3.137618e+18	4.927516e+26	2.227507e+26	3.952636e+21	2.227468e+26	1.192504e+26	9.012023e+13	1.192504e+26	4.455014e+26	1.698718e+14	4.455014e+26	1.327504e+26	7.365298e+14	1.327504e+26	4.252514e+26	1.737014e+21	4.252496e+26	2.14634e+23	1.485826e-09	0.002949109	4.072874e+09	2.501587e+11	6.353191e+12	7.420843e-06	1.177183e-10	2.886248e-16	0.4794517	0.5	0.3091168	0.9963131	76.8702	9.559199	10569.8	1.117189e+26	1.827432e+28	5.151575e+27	6.741065e+25	3.118866e+27	1.203261e+27	5.325573e+26	2.294797e+26	0.2188657	0	0.014853	0.03560219	0.03560219	0.001424136	0.02670164	0	0	-0.03421551	0	3.041635e-16	0	3.041635e-16	0	-489.3964	0	-489.3964	0	30674.66	77194.93	369.8738	8594.718	1.106061	1	0	0.4523969	1	2	0	0	
18144	1760.328	3.45e+19	0	0	100000	1.96582616	1.140862e-05	5.273154e+26	5.376889e+25	1.390311e+25	3.986579e+25	1.465338e+26	3.270127e+26	3.830924e+25	3.906287e+24	1.010055e+24	2.896232e+24	1.064562e+25	2.375734e+25	0.6201463	3.830924e+26	3.906287e+25	1.010055e+25	2.896232e+25	1.049291e+26	2.341317e+26	4.968798e+24	0	0	0	0	0	0	0	0	0	0	0	0	0	0	4.935132e+26	3.178208e+18	4.935132e+26	2.23095e+26	3.960199e+21	2.23091e+26	1.194347e+26	9.043389e+13	1.194347e+26	4.4619e+26	1.70463e+14	4.4619e+26	1.329556e+26	7.390933e+14	1.329556e+26	4.259086e+26	1.74306e+21	4.259069e+26	2.146335e+23	1.485829e-09	0.002949119	4.072874e+09	2.510365e+11	6.355665e+12	7.42257e-06	1.177731e-10	2.888263e-16	0.4796749	0.5	0.3093327	0.9967511	76.98901	9.573973	10569.8	1.117189e+26	1.827432e+28	5.151575e+27	6.741065e+25	3.118866e+27	1.203261e+27	5.325573e+26	2.294797e+26	0.2188657	0	0.01483962	0.03560219	0.03560219	0.001424136	0.02670164	0	0	-0.03417384	0	3.055934e-16	0	3.055934e-16	0	-489.3278	0	-489.3278	0	30674.01	77194.93	370.4455	8594.536	1.106061	1	0	0.4523969	1	2	0	0	
18172	1760.328	3.45e+19	0	0	100000	1.96586783	1.140862e-05	5.281292e+26	5.376889e+25	1.390314e+25	3.986575e+25	1.470424e+26	3.273179e+26	3.836836e+25	3.906287e+24	1.010057e+24	2.89623e+24	1.068257e+25	2.377951e+25	0.6197686	3.836836e+26	3.906287e+25	1.010057e+25	2.89623e+25	1.052938e+26	2.343505e+26	4.976466e+24	0	0	0	0	0	0	0	0	0	0	0	0	0	0	4.942748e+26	3.21932e+18	4.942748e+26	2.234393e+26	3.967727e+21	2.234353e+26	1.19619e+26	9.074756e+13	1.19619e+26	4.468786e+26	1.710543e+14	4.468786e+26	1.331608e+26	7.416568e+14	1.331608e+26	4.265659e+26	1.749105e+21	4.265641e+26	2.14633e+23	1.485832e-09	0.002949129	4.072874e+09	2.519144e+11	6.35815e+12	7.4243e-06	1.17828e-10	2.890283e-16	0.4798985	0.5	0.309549	0.997137	77.10782	9.588748	10569.8	1.117189e+26	1.827432e+28	5.151575e+27	6.741065e+25	3.118866e+27	1.203261e+27	5.325573e+26	2.294797e+26	0.2188657	0	0.01482631	0.03560219	0.03560219	0.001424136	0.02670164	0	0	-0.03413217	0	3.070316e-16	0	3.070316e-16	0	-489.259	0	-489.259	0	30673.36	77194.93	371.0172	8594.354	1.106061	1	0	0.4523969	1	2	0	0	
18200	1760.328	3.45e+19	0	0	100000	1.9659095	1.140862e-05	5.28943e+26	5.376889e+25	1.390317e+25	3.986572e+25	1.475509e+26	3.276231e+26	3.842748e+25	3.906287e+24	1.010059e+24	2.896228e+24	1.071951e+25	2.380168e+25	0.6193922	3.842748e+26	3.906287e+25	1.010059e+25	2.896228e+25	1.056584e+26	2.345694e+26	4.984133e+24	0	0	0	0	0	0	0	0	0	0	0	0	0	0	4.950364e+26	3.260961e+18	4.950364e+26	2.237836e+26	3.975219e+21	2.237796e+26	1.198033e+26	9.106122e+13	1.198033e+26	4.475671e+26	1.716455e+14	4.475671e+26	1.33366e+26	7.442202e+14	1.33366e+26	4.272232e+26	1.755151e+21	4.272214e+26	2.146325e+23	1.485834e-09	0.002949139	4.072874e+09	2.527922e+11	6.360647e+12	7.426033e-06	1.17883e-10	2.892308e-16	0.4801227	0.5	0.3097659	0.9974771	77.22663	9.603523	10569.8	1.117189e+26	1.827432e+28	5.151575e+27	6.741065e+25	3.118866e+27	1.203261e+27	5.325573e+26	2.294797e+26	0.2188657	0	0.01481305	0.03560219	0.03560219	0.001424136	0.02670164	0	0	-0.0340905	0	3.084782e-16	0	3.084782e-16	0	-489.1902	0	-489.1902	0	30672.71	77194.93	371.5889	8594.172	1.106061	1	0	0.4523969	1	2	0	0	
18228	1760.328	3.45e+19	0	0	100000	1.96595117	1.140862e-05	5.297567e+26	5.376888e+25	1.39032e+25	3.986569e+25	1.480594e+26	3.279284e+26	3.84866e+25	3.906286e+24	1.010061e+24	2.896225e+24	1.075645e+25	2.382386e+25	0.619017	3.84866e+26	3.906286e+25	1.010061e+25	2.896225e+25	1.06023e+26	2.347883e+26	4.991801e+24	0	0	0	0	0	0	0	0	0	0	0	0	0	0	4.95798e+26	3.303136e+18	4.95798e+26	2.241278e+26	3.982674e+21	2.241239e+26	1.199876e+26	9.137485e+13	1.199876e+26	4.482557e+26	1.722367e+14	4.482557e+26	1.335711e+26	7.467834e+14	1.335711e+26	4.278804e+26	1.761196e+21	4.278787e+26	2.14632e+23	1.485837e-09	0.002949149	4.072874e+09	2.536699e+11	6.363155e+12	7.42777e-06	1.179381e-10	2.894338e-16	0.4803472	0.5	0.3099832	0.9977768	77.34544	9.618297	10569.8	1.117189e+26	1.827432e+28	5.151575e+27	6.741065e+25	3.118866e+27	1.203261e+27	5.325573e+26	2.294797e+26	0.2188657	0	0.01479986	0.03560219	0.03560219	0.001424136	0.02670164	0	0	-0.03404883	0	3.099333e-16	0	3.099333e-16	0	-489.1214	0	-489.1214	0	30672.06	77194.93	372.1606	8593.989	1.106061	1	0	0.4523969	1	2	0	0	
18256	1760.328	3.45e+19	0	0	100000	1.96599284	1.140862e-05	5.305705e+26	5.376888e+25	1.390322e+25	3.986565e+25	1.485678e+26	3.282338e+26	3.854572e+25	3.906286e+24	1.010063e+24	2.896223e+24	1.079339e+25	2.384604e+25	0.6186431	3.854572e+26	3.906286e+25	1.010063e+25	2.896223e+25	1.063876e+26	2.350072e+26	4.999469e+24	0	0	0	0	0	0	0	0	0	0	0	0	0	0	4.965595e+26	3.345843e+18	4.965595e+26	2.244721e+26	3.990095e+21	2.244681e+26	1.201719e+26	9.168845e+13	1.201719e+26	4.489442e+26	1.728278e+14	4.489442e+26	1.337763e+26	7.493463e+14	1.337763e+26	4.285377e+26	1.76724e+21	4.285359e+26	2.146315e+23	1.48584e-09	0.002949159	4.072874e+09	2.545475e+11	6.365675e+12	7.429509e-06	1.179934e-10	2.896372e-16	0.4805723	0.5	0.3102011	0.9980408	77.46425	9.633072	10569.8	1.117189e+26	1.827432e+28	5.151575e+27	6.741065e+25	3.118866e+27	1.203261e+27	5.325573e+26	2.294797e+26	0.2188657	0	0.01478672	0.03560219	0.03560219	0.001424136	0.02670164	0	0	-0.03400716	0	3.113969e-16	0	3.113969e-16	0	-489.0524	0	-489.0524	0	30671.41	77194.93	372.7323	8593.807	1.106061	1	0	0.4523969	1	2	0	0	
18284	1760.328	3.45e+19	0	0	100000	1.96603451	1.140862e-05	5.313842e+26	5.376887e+25	1.390325e+25	3.986562e+25	1.490762e+26	3.285392e+26	3.860484e+25	3.906286e+24	1.010065e+24	2.89622e+24	1.083032e+25	2.386823e+25	0.6182705	3.860484e+26	3.906286e+25	1.010065e+25	2.89622e+25	1.067521e+26	2.352263e+26	5.007137e+24	0	0	0	0	0	0	0	0	0	0	0	0	0	0	4.973211e+26	3.389107e+18	4.973211e+26	2.248164e+26	3.997476e+21	2.248124e+26	1.203563e+26	9.2002e+13	1.203563e+26	4.496328e+26	1.734188e+14	4.496328e+26	1.339815e+26	7.519088e+14	1.339815e+26	4.29195e+26	1.773284e+21	4.291932e+26	2.146311e+23	1.485843e-09	0.002949169	4.072874e+09	2.55425e+11	6.368207e+12	7.431252e-06	1.180488e-10	2.898411e-16	0.4807978	0.5	0.3104194	0.9982736	77.58306	9.647847	10569.8	1.117189e+26	1.827432e+28	5.151575e+27	6.741065e+25	3.118866e+27	1.203261e+27	5.325573e+26	2.294797e+26	0.2188657	0	0.01477365	0.03560219	0.03560219	0.001424136	0.02670164	0	0	-0.03396549	0	3.128691e-16	0	3.128691e-16	0	-488.9834	0	-488.9834	0	30670.76	77194.93	373.304	8593.625	1.106061	1	0	0.4523968	1	2	0	0	
18312	1760.328	3.45e+19	0	0	100000	1.96607618	1.140862e-05	5.32198e+26	5.376887e+25	1.390328e+25	3.986559e+25	1.495844e+26	3.288448e+26	3.866396e+25	3.906285e+24	1.010067e+24	2.896218e+24	1.086724e+25	2.389043e+25	0.6178993	3.866396e+26	3.906285e+25	1.010067e+25	2.896218e+25	1.071165e+26	2.354454e+26	5.014803e+24	0	0	0	0	0	0	0	0	0	0	0	0	0	0	4.980827e+26	3.432917e+18	4.980827e+26	2.251607e+26	4.004821e+21	2.251567e+26	1.205406e+26	9.231549e+13	1.205406e+26	4.503214e+26	1.740097e+14	4.503214e+26	1.341867e+26	7.544709e+14	1.341867e+26	4.298522e+26	1.779326e+21	4.298504e+26	2.146306e+23	1.485845e-09	0.002949179	4.072874e+09	2.563022e+11	6.370751e+12	7.432996e-06	1.181042e-10	2.900451e-16	0.4810234	0.5	0.310638	0.9984786	77.70187	9.662621	10569.8	1.117189e+26	1.827432e+28	5.151575e+27	6.741065e+25	3.118866e+27	1.203261e+27	5.325573e+26	2.294797e+26	0.2188657	0	0.01476063	0.03560219	0.03560219	0.001424136	0.02670164	0	0	-0.03392382	0	3.143499e-16	0	3.143499e-16	0	-488.9143	0	-488.9143	0	30670.11	77194.93	373.8757	8593.443	1.106061	1	0	0.4523969	1	2	0	0	
18340	1760.328	3.45e+19	0	0	100000	1.96611785	1.140862e-05	5.330118e+26	5.376886e+25	1.390331e+25	3.986555e+25	1.500925e+26	3.291504e+26	3.872308e+25	3.906284e+24	1.010069e+24	2.896215e+24	1.090415e+25	2.391264e+25	0.6175294	3.872308e+26	3.906284e+25	1.010069e+25	2.896215e+25	1.074809e+26	2.356646e+26	5.022471e+24	0	0	0	0	0	0	0	0	0	0	0	0	0	0	4.988443e+26	3.477288e+18	4.988443e+26	2.25505e+26	4.012129e+21	2.25501e+26	1.207249e+26	9.262892e+13	1.207249e+26	4.510099e+26	1.746005e+14	4.510099e+26	1.343919e+26	7.570325e+14	1.343919e+26	4.305095e+26	1.785367e+21	4.305077e+26	2.146301e+23	1.485848e-09	0.002949189	4.072874e+09	2.571794e+11	6.373306e+12	7.434741e-06	1.181596e-10	2.902495e-16	0.4812493	0.5	0.3108569	0.9986594	77.82068	9.677396	10569.8	1.117189e+26	1.827432e+28	5.151575e+27	6.741065e+25	3.118866e+27	1.203261e+27	5.325573e+26	2.294797e+26	0.2188657	0	0.01474768	0.03560219	0.03560219	0.001424136	0.02670164	0	0	-0.03388215	0	3.158394e-16	0	3.158394e-16	0	-488.8451	0	-488.8451	0	30669.46	77194.93	374.4474	8593.261	1.106061	1	0	0.4523969	1	2	0	0	
18368	1760.328	3.45e+19	0	0	100000	1.96615952	1.140862e-05	5.338255e+26	5.376885e+25	1.390333e+25	3.986551e+25	1.506004e+26	3.294562e+26	3.87822e+25	3.906284e+24	1.010071e+24	2.896213e+24	1.094106e+25	2.393486e+25	0.6171609	3.87822e+26	3.906284e+25	1.010071e+25	2.896213e+25	1.078451e+26	2.358839e+26	5.030139e+24	0	0	0	0	0	0	0	0	0	0	0	0	0	0	4.996059e+26	3.522229e+18	4.996059e+26	2.258493e+26	4.019398e+21	2.258452e+26	1.209092e+26	9.294227e+13	1.209092e+26	4.516985e+26	1.751912e+14	4.516985e+26	1.34597e+26	7.595933e+14	1.34597e+26	4.311668e+26	1.791407e+21	4.31165e+26	2.146296e+23	1.485851e-09	0.002949199	4.072874e+09	2.580563e+11	6.375873e+12	7.43649e-06	1.182152e-10	2.904543e-16	0.4814757	0.5	0.3110762	0.9988186	77.93949	9.692171	10569.8	1.117189e+26	1.827432e+28	5.151575e+27	6.741065e+25	3.118866e+27	1.203261e+27	5.325573e+26	2.294797e+26	0.2188657	0	0.01473478	0.03560219	0.03560219	0.001424136	0.02670164	0	0	-0.03384048	0	3.173377e-16	0	3.173377e-16	0	-488.7758	0	-488.7758	0	30668.81	77194.93	375.0191	8593.079	1.106061	1	0	0.4523969	1	2	0	0	
18396	1760.328	3.45e+19	0	0	100000	1.96620119	1.140862e-05	5.346393e+26	5.376884e+25	1.390336e+25	3.986548e+25	1.511082e+26	3.297622e+26	3.884131e+25	3.906283e+24	1.010073e+24	2.89621e+24	1.097795e+25	2.395708e+25	0.6167938	3.884131e+26	3.906283e+25	1.010073e+25	2.89621e+25	1.082093e+26	2.361032e+26	5.037808e+24	0	0	0	0	0	0	0	0	0	0	0	0	0	0	5.003675e+26	3.567746e+18	5.003675e+26	2.261935e+26	4.026629e+21	2.261895e+26	1.210935e+26	9.325555e+13	1.210935e+26	4.523871e+26	1.757817e+14	4.523871e+26	1.348022e+26	7.621536e+14	1.348022e+26	4.31824e+26	1.797445e+21	4.318222e+26	2.146292e+23	1.485854e-09	0.002949208	4.072874e+09	2.589329e+11	6.378452e+12	7.438242e-06	1.182709e-10	2.906597e-16	0.4817026	0.5	0.3112962	0.9989589	78.0583	9.706945	10569.8	1.117189e+26	1.827432e+28	5.151575e+27	6.741065e+25	3.118866e+27	1.203261e+27	5.325573e+26	2.294797e+26	0.2188657	0	0.01472195	0.03560219	0.03560219	0.001424136	0.02670164	0	0	-0.03379881	0	3.188447e-16	0	3.188447e-16	0	-488.7065	0	-488.7065	0	30668.16	77194.93	375.5909	8592.897	1.106061	1	0	0.4523969	1	2	0	0	
18424	1760.328	3.45e+19	0	0	100000	1.96624286	1.140862e-05	5.35453e+26	5.376883e+25	1.390339e+25	3.986544e+25	1.516159e+26	3.300683e+26	3.890043e+25	3.906282e+24	1.010075e+24	2.896207e+24	1.101483e+25	2.397932e+25	0.6164281	3.890043e+26	3.906282e+25	1.010075e+25	2.896207e+25	1.085733e+26	2.363227e+26	5.045475e+24	0	0	0	0	0	0	0	0	0	0	0	0	0	0	5.011291e+26	3.613846e+18	5.011291e+26	2.265378e+26	4.033822e+21	2.265338e+26	1.212778e+26	9.356873e+13	1.212778e+26	4.530756e+26	1.76372e+14	4.530756e+26	1.350074e+26	7.647131e+14	1.350074e+26	4.324813e+26	1.803481e+21	4.324795e+26	2.146287e+23	1.485856e-09	0.002949218	4.072874e+09	2.598094e+11	6.381043e+12	7.439997e-06	1.183268e-10	2.908655e-16	0.48193	0.5	0.3115166	0.9990826	78.17711	9.72172	10569.8	1.117189e+26	1.827432e+28	5.151575e+27	6.741065e+25	3.118866e+27	1.203261e+27	5.325573e+26	2.294797e+26	0.2188657	0	0.01470918	0.03560219	0.03560219	0.001424136	0.02670164	0	0	-0.03375714	0	3.203607e-16	0	3.203607e-16	0	-488.6371	0	-488.6371	0	30667.51	77194.93	376.1626	8592.714	1.106061	1	0	0.4523969	1	2	0	0	
18452	1760.328	3.45e+19	0	0	100000	1.96628453	1.140862e-05	5.362668e+26	5.376881e+25	1.390341e+25	3.98654e+25	1.521234e+26	3.303745e+26	3.895955e+25	3.906281e+24	1.010077e+24	2.896205e+24	1.10517e+25	2.400157e+25	0.6160638	3.895955e+26	3.906281e+25	1.010077e+25	2.896205e+25	1.089372e+26	2.365423e+26	5.053144e+24	0	0	0	0	0	0	0	0	0	0	0	0	0	0	5.018907e+26	3.660537e+18	5.018907e+26	2.268821e+26	4.040976e+21	2.268781e+26	1.214621e+26	9.388183e+13	1.214621e+26	4.537642e+26	1.769622e+14	4.537642e+26	1.352126e+26	7.672719e+14	1.352126e+26	4.331386e+26	1.809516e+21	4.331367e+26	2.146282e+23	1.485859e-09	0.002949228	4.072874e+09	2.606856e+11	6.383646e+12	7.441756e-06	1.183827e-10	2.910718e-16	0.4821579	0.5	0.3117376	0.9991916	78.29592	9.736495	10569.8	1.117189e+26	1.827432e+28	5.151575e+27	6.741065e+25	3.118866e+27	1.203261e+27	5.325573e+26	2.294797e+26	0.2188657	0	0.01469647	0.03560219	0.03560219	0.001424136	0.02670164	0	0	-0.03371547	0	3.218856e-16	0	3.218856e-16	0	-488.5676	0	-488.5676	0	30666.86	77194.93	376.7342	8592.532	1.106061	1	0	0.4523968	1	2	0	0	
18480	1760.328	3.45e+19	0	0	100000	1.9663262	1.140862e-05	5.370805e+26	5.37688e+25	1.390344e+25	3.986537e+25	1.526308e+26	3.306809e+26	3.901867e+25	3.90628e+24	1.010079e+24	2.896202e+24	1.108856e+25	2.402383e+25	0.6157009	3.901867e+26	3.90628e+25	1.010079e+25	2.896202e+25	1.09301e+26	2.367621e+26	5.06081e+24	0	0	0	0	0	0	0	0	0	0	0	0	0	0	5.026523e+26	3.707828e+18	5.026523e+26	2.272264e+26	4.048092e+21	2.272223e+26	1.216464e+26	9.419483e+13	1.216464e+26	4.544528e+26	1.775522e+14	4.544528e+26	1.354177e+26	7.6983e+14	1.354177e+26	4.337958e+26	1.815549e+21	4.33794e+26	2.146278e+23	1.485862e-09	0.002949237	4.072874e+09	2.615615e+11	6.386261e+12	7.443518e-06	1.184388e-10	2.912787e-16	0.4823863	0.5	0.3119591	0.9992876	78.41473	9.751269	10569.8	1.117189e+26	1.827432e+28	5.151575e+27	6.741065e+25	3.118866e+27	1.203261e+27	5.325573e+26	2.294797e+26	0.2188657	0	0.01468382	0.03560219	0.03560219	0.001424136	0.02670164	0	0	-0.0336738	0	3.234195e-16	0	3.234195e-16	0	-488.498	0	-488.498	0	30666.21	77194.93	377.306	8592.35	1.106061	1	0	0.4523969	1	2	0	0	
18508	1760.328	3.45e+19	0	0	100000	1.96636787	1.140862e-05	5.378943e+26	5.376879e+25	1.390346e+25	3.986533e+25	1.531369e+26	3.309886e+26	3.907779e+25	3.906279e+24	1.01008e+24	2.896199e+24	1.112533e+25	2.404618e+25	0.6153414	3.907779e+26	3.906279e+25	1.01008e+25	2.896199e+25	1.096639e+26	2.369827e+26	5.068479e+24	0	0	0	0	0	0	0	0	0	0	0	0	0	0	5.034139e+26	3.755724e+18	5.034139e+26	2.275707e+26	4.055168e+21	2.275666e+26	1.218308e+26	9.450773e+13	1.218308e+26	4.551413e+26	1.78142e+14	4.551413e+26	1.356229e+26	7.723872e+14	1.356229e+26	4.344531e+26	1.82158e+21	4.344513e+26	2.146273e+23	1.485864e-09	0.002949247	4.072874e+09	2.624353e+11	6.388888e+12	7.445284e-06	1.18495e-10	2.91486e-16	0.4826151	0.5	0.3121811	0.9993722	78.53354	9.766044	10569.8	1.117189e+26	1.827432e+28	5.151575e+27	6.741065e+25	3.118866e+27	1.203261e+27	5.325573e+26	2.294797e+26	0.2188657	0	0.01467123	0.03560219	0.03560219	0.001424136	0.02670164	0	0	-0.03363213	0	3.249625e-16	0	3.249625e-16	0	-488.4283	0	-488.4283	0	30665.56	77194.93	377.8777	8592.168	1.106061	1	0	0.4523969	1	2	0	0	
18536	1760.328	3.45e+19	0	0	100000	1.96640954	1.140862e-05	5.387081e+26	5.376877e+25	1.390348e+25	3.986529e+25	1.536418e+26	3.312975e+26	3.913691e+25	3.906278e+24	1.010082e+24	2.896196e+24	1.116201e+25	2.406862e+25	0.6149853	3.913691e+26	3.906278e+25	1.010082e+25	2.896196e+25	1.10026e+26	2.372042e+26	5.076147e+24	0	0	0	0	0	0	0	0	0	0	0	0	0	0	5.041755e+26	3.804208e+18	5.041755e+26	2.279149e+26	4.062177e+21	2.279109e+26	1.220151e+26	9.481984e+13	1.220151e+26	4.558299e+26	1.787303e+14	4.558299e+26	1.358281e+26	7.74938e+14	1.358281e+26	4.351104e+26	1.827596e+21	4.351085e+26	2.146268e+23	1.485867e-09	0.002949256	4.072874e+09	2.63307e+11	6.391527e+12	7.44705e-06	1.185512e-10	2.916935e-16	0.4828442	0.5	0.3124034	0.9994468	78.65235	9.780819	10569.8	1.117189e+26	1.827432e+28	5.151575e+27	6.741065e+25	3.118866e+27	1.203261e+27	5.325573e+26	2.294797e+26	0.2188657	0	0.01465871	0.03560219	0.03560219	0.001424136	0.02670164	0	0	-0.03359046	0	3.265146e-16	0	3.265146e-16	0	-488.3586	0	-488.3586	0	30664.91	77194.93	378.4494	8591.986	1.106061	1	0	0.4523969	1	2	0	0	
18564	1760.328	3.45e+19	0	0	100000	1.96645121	1.140862e-05	5.395218e+26	5.376876e+25	1.390351e+25	3.986525e+25	1.541456e+26	3.316075e+26	3.919603e+25	3.906277e+24	1.010084e+24	2.896193e+24	1.119861e+25	2.409114e+25	0.6146321	3.919603e+26	3.906277e+25	1.010084e+25	2.896193e+25	1.103873e+26	2.374264e+26	5.083815e+24	0	0	0	0	0	0	0	0	0	0	0	0	0	0	5.049371e+26	3.853278e+18	5.049371e+26	2.282592e+26	4.069122e+21	2.282552e+26	1.221994e+26	9.513123e+13	1.221994e+26	4.565185e+26	1.793172e+14	4.565185e+26	1.360333e+26	7.774828e+14	1.360333e+26	4.357676e+26	1.833597e+21	4.357658e+26	2.146264e+23	1.48587e-09	0.002949266	4.072874e+09	2.64177e+11	6.394177e+12	7.448819e-06	1.186075e-10	2.919014e-16	0.4830735	0.5	0.312626	0.9995125	78.77116	9.795593	10569.8	1.117189e+26	1.827432e+28	5.151575e+27	6.741065e+25	3.118866e+27	1.203261e+27	5.325573e+26	2.294797e+26	0.2188657	0	0.01464624	0.03560219	0.03560219	0.001424136	0.02670164	0	0	-0.03354879	0	3.280759e-16	0	3.280759e-16	0	-488.2888	0	-488.2888	0	30664.26	77194.93	379.0211	8591.804	1.106061	1	0	0.4523969	1	2	0	0	
18592	1760.328	3.45e+19	0	0	100000	1.96649288	1.140862e-05	5.403356e+26	5.376874e+25	1.390353e+25	3.986521e+25	1.546485e+26	3.319184e+26	3.925515e+25	3.906276e+24	1.010086e+24	2.89619e+24	1.123514e+25	2.411373e+25	0.6142819	3.925515e+26	3.906276e+25	1.010086e+25	2.89619e+25	1.107479e+26	2.376494e+26	5.091483e+24	0	0	0	0	0	0	0	0	0	0	0	0	0	0	5.056987e+26	3.902966e+18	5.056987e+26	2.286035e+26	4.076004e+21	2.285994e+26	1.223837e+26	9.544196e+13	1.223837e+26	4.57207e+26	1.799029e+14	4.57207e+26	1.362385e+26	7.800223e+14	1.362385e+26	4.364249e+26	1.839586e+21	4.364231e+26	2.146259e+23	1.485872e-09	0.002949275	4.072874e+09	2.650453e+11	6.39684e+12	7.450589e-06	1.186639e-10	2.921095e-16	0.4833032	0.5	0.312849	0.9995704	78.88997	9.810368	10569.8	1.117189e+26	1.827432e+28	5.151575e+27	6.741065e+25	3.118866e+27	1.203261e+27	5.325573e+26	2.294797e+26	0.2188657	0	0.01463384	0.03560219	0.03560219	0.001424136	0.02670164	0	0	-0.03350712	0	3.296464e-16	0	3.296464e-16	0	-488.2189	0	-488.2189	0	30663.61	77194.93	379.5928	8591.622	1.106061	1	0	0.4523969	1	2	0	0	
18620	1760.328	3.45e+19	0	0	100000	1.96653455	1.140862e-05	5.411493e+26	5.376872e+25	1.390356e+25	3.986517e+25	1.551504e+26	3.322302e+26	3.931427e+25	3.906275e+24	1.010087e+24	2.896187e+24	1.127161e+25	2.413638e+25	0.6139344	3.931427e+26	3.906275e+25	1.010087e+25	2.896187e+25	1.111078e+26	2.37873e+26	5.09915e+24	0	0	0	0	0	0	0	0	0	0	0	0	0	0	5.064603e+26	3.95327e+18	5.064603e+26	2.289478e+26	4.082826e+21	2.289437e+26	1.22568e+26	9.575208e+13	1.22568e+26	4.578956e+26	1.804875e+14	4.578956e+26	1.364436e+26	7.825568e+14	1.364436e+26	4.370822e+26	1.845564e+21	4.370803e+26	2.146255e+23	1.485875e-09	0.002949284	4.072874e+09	2.65912e+11	6.399515e+12	7.452361e-06	1.187204e-10	2.92318e-16	0.4835331	0.5	0.3130722	0.9996214	79.00878	9.825143	10569.8	1.117189e+26	1.827432e+28	5.151575e+27	6.741065e+25	3.118866e+27	1.203261e+27	5.325573e+26	2.294797e+26	0.2188657	0	0.0146215	0.03560219	0.03560219	0.001424136	0.02670164	0	0	-0.03346545	0	3.312263e-16	0	3.312263e-16	0	-488.1489	0	-488.1489	0	30662.96	77194.93	380.1645	8591.44	1.106061	1	0	0.4523968	1	2	0	0	
18648	1760.328	3.45e+19	0	0	100000	1.96657622	1.140862e-05	5.419631e+26	5.37687e+25	1.390358e+25	3.986513e+25	1.556515e+26	3.325428e+26	3.937339e+25	3.906273e+24	1.010089e+24	2.896184e+24	1.130802e+25	2.41591e+25	0.6135895	3.937339e+26	3.906273e+25	1.010089e+25	2.896184e+25	1.114672e+26	2.380972e+26	5.106818e+24	0	0	0	0	0	0	0	0	0	0	0	0	0	0	5.072219e+26	4.004202e+18	5.072219e+26	2.292921e+26	4.089591e+21	2.29288e+26	1.227523e+26	9.606166e+13	1.227523e+26	4.585842e+26	1.81071e+14	4.585842e+26	1.366488e+26	7.850868e+14	1.366488e+26	4.377394e+26	1.85153e+21	4.377376e+26	2.14625e+23	1.485878e-09	0.002949294	4.072874e+09	2.667774e+11	6.402201e+12	7.454135e-06	1.187769e-10	2.925268e-16	0.4837633	0.5	0.3132958	0.9996664	79.12759	9.839917	10569.8	1.117189e+26	1.827432e+28	5.151575e+27	6.741065e+25	3.118866e+27	1.203261e+27	5.325573e+26	2.294797e+26	0.2188657	0	0.01460922	0.03560219	0.03560219	0.001424136	0.02670164	0	0	-0.03342378	0	3.328156e-16	0	3.328156e-16	0	-488.0789	0	-488.0789	0	30662.31	77194.93	380.7362	8591.258	1.106061	1	0	0.4523968	1	2	0	0	
18676	1760.328	3.45e+19	0	0	100000	1.96661789	1.140862e-05	5.427769e+26	5.376868e+25	1.39036e+25	3.986508e+25	1.561519e+26	3.328563e+26	3.943251e+25	3.906272e+24	1.010091e+24	2.896181e+24	1.134437e+25	2.418187e+25	0.613247	3.943251e+26	3.906272e+25	1.010091e+25	2.896181e+25	1.11826e+26	2.383219e+26	5.114486e+24	0	0	0	0	0	0	0	0	0	0	0	0	0	0	5.079835e+26	4.05576e+18	5.079835e+26	2.296364e+26	4.096303e+21	2.296323e+26	1.229366e+26	9.637072e+13	1.229366e+26	4.592727e+26	1.816536e+14	4.592727e+26	1.36854e+26	7.876126e+14	1.36854e+26	4.383967e+26	1.857487e+21	4.383948e+26	2.146246e+23	1.48588e-09	0.002949303	4.072874e+09	2.676414e+11	6.4049e+12	7.455911e-06	1.188335e-10	2.927359e-16	0.4839938	0.5	0.3135198	0.999706	79.2464	9.854692	10569.8	1.117189e+26	1.827432e+28	5.151575e+27	6.741065e+25	3.118866e+27	1.203261e+27	5.325573e+26	2.294797e+26	0.2188657	0	0.01459701	0.03560219	0.03560219	0.001424136	0.02670164	0	0	-0.03338211	0	3.344144e-16	0	3.344144e-16	0	-488.0087	0	-488.0087	0	30661.66	77194.93	381.3079	8591.076	1.106061	1	0	0.4523968	1	2	0	0	
18704	1760.328	3.45e+19	0	0	100000	1.96665956	1.140862e-05	5.435906e+26	5.376867e+25	1.390362e+25	3.986504e+25	1.566516e+26	3.331704e+26	3.949163e+25	3.906271e+24	1.010092e+24	2.896178e+24	1.138067e+25	2.420469e+25	0.6129068	3.949163e+26	3.906271e+25	1.010092e+25	2.896178e+25	1.121843e+26	2.385471e+26	5.122154e+24	0	0	0	0	0	0	0	0	0	0	0	0	0	0	5.087451e+26	4.107975e+18	5.087451e+26	2.299806e+26	4.10296e+21	2.299765e+26	1.23121e+26	9.667931e+13	1.23121e+26	4.599613e+26	1.822353e+14	4.599613e+26	1.370592e+26	7.901347e+14	1.370592e+26	4.39054e+26	1.863435e+21	4.390521e+26	2.146241e+23	1.485883e-09	0.002949312	4.072874e+09	2.685043e+11	6.407611e+12	7.457689e-06	1.188902e-10	2.929454e-16	0.4842247	0.5	0.3137442	0.999741	79.36521	9.869466	10569.8	1.117189e+26	1.827432e+28	5.151575e+27	6.741065e+25	3.118866e+27	1.203261e+27	5.325573e+26	2.294797e+26	0.2188657	0	0.01458485	0.03560219	0.03560219	0.001424136	0.02670164	0	0	-0.03334044	0	3.360226e-16	0	3.360226e-16	0	-487.9385	0	-487.9385	0	30661.01	77194.93	381.8796	8590.894	1.106061	1	0	0.4523969	1	2	0	0	
18732	1760.328	3.45e+19	0	0	100000	1.96670123	1.140862e-05	5.444044e+26	5.376864e+25	1.390364e+25	3.9865e+25	1.571506e+26	3.334852e+26	3.955074e+25	3.906269e+24	1.010094e+24	2.896175e+24	1.141692e+25	2.422756e+25	0.6125689	3.955074e+26	3.906269e+25	1.010094e+25	2.896175e+25	1.125421e+26	2.387729e+26	5.129822e+24	0	0	0	0	0	0	0	0	0	0	0	0	0	0	5.095067e+26	4.160847e+18	5.095066e+26	2.303249e+26	4.109565e+21	2.303208e+26	1.233053e+26	9.698746e+13	1.233053e+26	4.606499e+26	1.828161e+14	4.606499e+26	1.372643e+26	7.926531e+14	1.372643e+26	4.397112e+26	1.869375e+21	4.397094e+26	2.146237e+23	1.485885e-09	0.002949321	4.072874e+09	2.693661e+11	6.410333e+12	7.459469e-06	1.189469e-10	2.931552e-16	0.4844559	0.5	0.3139689	0.9997717	79.48402	9.884241	10569.8	1.117189e+26	1.827432e+28	5.151575e+27	6.741065e+25	3.118866e+27	1.203261e+27	5.325573e+26	2.294797e+26	0.2188657	0	0.01457276	0.03560219	0.03560219	0.001424136	0.02670164	0	0	-0.03329877	0	3.376405e-16	0	3.376405e-16	0	-487.8682	0	-487.8682	0	30660.36	77194.93	382.4513	8590.712	1.106061	1	0	0.4523969	1	2	0	0	
18760	1760.328	3.45e+19	0	0	100000	1.9667429	1.140862e-05	5.452181e+26	5.376862e+25	1.390367e+25	3.986496e+25	1.576489e+26	3.338006e+26	3.960986e+25	3.906267e+24	1.010095e+24	2.896172e+24	1.145313e+25	2.425047e+25	0.6122331	3.960986e+26	3.906267e+25	1.010095e+25	2.896172e+25	1.128995e+26	2.38999e+26	5.137489e+24	0	0	0	0	0	0	0	0	0	0	0	0	0	0	5.102682e+26	4.214386e+18	5.102682e+26	2.306692e+26	4.11612e+21	2.306651e+26	1.234896e+26	9.729522e+13	1.234896e+26	4.613384e+26	1.833962e+14	4.613384e+26	1.374695e+26	7.951682e+14	1.374695e+26	4.403685e+26	1.875306e+21	4.403666e+26	2.146232e+23	1.485888e-09	0.00294933	4.072874e+09	2.702268e+11	6.413068e+12	7.461251e-06	1.190038e-10	2.933654e-16	0.4846875	0.5	0.314194	0.9997988	79.60283	9.899016	10569.8	1.117189e+26	1.827432e+28	5.151575e+27	6.741065e+25	3.118866e+27	1.203261e+27	5.325573e+26	2.294797e+26	0.2188657	0	0.01456073	0.03560219	0.03560219	0.001424136	0.02670164	0	0	-0.0332571	0	3.39268e-16	0	3.39268e-16	0	-487.7978	0	-487.7978	0	30659.71	77194.93	383.023	8590.53	1.106061	1	0	0.4523969	1	2	0	0	
18788	1760.328	3.45e+19	0	0	100000	1.96678457	1.140862e-05	5.460319e+26	5.37686e+25	1.390369e+25	3.986491e+25	1.581467e+26	3.341166e+26	3.966898e+25	3.906266e+24	1.010097e+24	2.896169e+24	1.148929e+25	2.427342e+25	0.6118993	3.966898e+26	3.906266e+25	1.010097e+25	2.896169e+25	1.132564e+26	2.392256e+26	5.145157e+24	0	0	0	0	0	0	0	0	0	0	0	0	0	0	5.110298e+26	4.2686e+18	5.110298e+26	2.310135e+26	4.122626e+21	2.310094e+26	1.236739e+26	9.760258e+13	1.236739e+26	4.62027e+26	1.839756e+14	4.62027e+26	1.376747e+26	7.976802e+14	1.376747e+26	4.410258e+26	1.881231e+21	4.410239e+26	2.146228e+23	1.48589e-09	0.002949339	4.072874e+09	2.710865e+11	6.415815e+12	7.463036e-06	1.190607e-10	2.93576e-16	0.4849194	0.5	0.3144196	0.9998227	79.72164	9.91379	10569.8	1.117189e+26	1.827432e+28	5.151575e+27	6.741065e+25	3.118866e+27	1.203261e+27	5.325573e+26	2.294797e+26	0.2188657	0	0.01454876	0.03560219	0.03560219	0.001424136	0.02670164	0	0	-0.03321543	0	3.409053e-16	0	3.409053e-16	0	-487.7274	0	-487.7274	0	30659.06	77194.93	383.5947	8590.348	1.106061	1	0	0.4523968	1	2	0	0	
18816	1760.328	3.45e+19	0	0	100000	1.96682624	1.140862e-05	5.468456e+26	5.376858e+25	1.390371e+25	3.986487e+25	1.58644e+26	3.344331e+26	3.97281e+25	3.906264e+24	1.010098e+24	2.896166e+24	1.152542e+25	2.429642e+25	0.6115676	3.97281e+26	3.906264e+25	1.010098e+25	2.896166e+25	1.13613e+26	2.394526e+26	5.152825e+24	0	0	0	0	0	0	0	0	0	0	0	0	0	0	5.117914e+26	4.323501e+18	5.117914e+26	2.313578e+26	4.129085e+21	2.313536e+26	1.238582e+26	9.790959e+13	1.238582e+26	4.627155e+26	1.845543e+14	4.627155e+26	1.378799e+26	8.001892e+14	1.378799e+26	4.41683e+26	1.887148e+21	4.416811e+26	2.146224e+23	1.485893e-09	0.002949348	4.072874e+09	2.719453e+11	6.418574e+12	7.464824e-06	1.191178e-10	2.93787e-16	0.4851517	0.5	0.3146456	0.9998438	79.84045	9.928565	10569.8	1.117189e+26	1.827432e+28	5.151575e+27	6.741065e+25	3.118866e+27	1.203261e+27	5.325573e+26	2.294797e+26	0.2188657	0	0.01453686	0.03560219	0.03560219	0.001424136	0.02670164	0	0	-0.03317376	0	3.425524e-16	0	3.425524e-16	0	-487.6568	0	-487.6568	0	30658.41	77194.93	384.1664	8590.166	1.106061	1	0	0.4523968	1	2	0	0	
18844	1760.328	3.45e+19	0	0	100000	1.96686791	1.140862e-05	5.476594e+26	5.376855e+25	1.390373e+25	3.986483e+25	1.591407e+26	3.347501e+26	3.978722e+25	3.906262e+24	1.0101e+24	2.896163e+24	1.156151e+25	2.431945e+25	0.6112378	3.978722e+26	3.906262e+25	1.0101e+25	2.896163e+25	1.139692e+26	2.396799e+26	5.160493e+24	0	0	0	0	0	0	0	0	0	0	0	0	0	0	5.12553e+26	4.379098e+18	5.12553e+26	2.317021e+26	4.135497e+21	2.316979e+26	1.240425e+26	9.821627e+13	1.240425e+26	4.634041e+26	1.851323e+14	4.634041e+26	1.380851e+26	8.026956e+14	1.380851e+26	4.423403e+26	1.893059e+21	4.423384e+26	2.146219e+23	1.485895e-09	0.002949357	4.072874e+09	2.728033e+11	6.421345e+12	7.466614e-06	1.191749e-10	2.939984e-16	0.4853844	0.5	0.3148719	0.9998623	79.95926	9.94334	10569.8	1.117189e+26	1.827432e+28	5.151575e+27	6.741065e+25	3.118866e+27	1.203261e+27	5.325573e+26	2.294797e+26	0.2188657	0	0.01452502	0.03560219	0.03560219	0.001424136	0.02670164	0	0	-0.03313209	0	3.442093e-16	0	3.442093e-16	0	-487.5862	0	-487.5862	0	30657.76	77194.93	384.7381	8589.984	1.106061	1	0	0.4523968	1	2	0	0	
18872	1760.328	3.45e+19	0	0	100000	1.96690958	1.140862e-05	5.484732e+26	5.376853e+25	1.390375e+25	3.986478e+25	1.59637e+26	3.350676e+26	3.984634e+25	3.906261e+24	1.010101e+24	2.896159e+24	1.159756e+25	2.434252e+25	0.6109098	3.984634e+26	3.906261e+25	1.010101e+25	2.896159e+25	1.143251e+26	2.399076e+26	5.168161e+24	0	0	0	0	0	0	0	0	0	0	0	0	0	0	5.133146e+26	4.435401e+18	5.133146e+26	2.320463e+26	4.141863e+21	2.320422e+26	1.242268e+26	9.852264e+13	1.242268e+26	4.640927e+26	1.857098e+14	4.640927e+26	1.382902e+26	8.051994e+14	1.382902e+26	4.429976e+26	1.898964e+21	4.429957e+26	2.146215e+23	1.485898e-09	0.002949366	4.072874e+09	2.736605e+11	6.424128e+12	7.468406e-06	1.192321e-10	2.942102e-16	0.4856174	0.5	0.3150988	0.9998787	80.07807	9.958114	10569.8	1.117189e+26	1.827432e+28	5.151575e+27	6.741065e+25	3.118866e+27	1.203261e+27	5.325573e+26	2.294797e+26	0.2188657	0	0.01451324	0.03560219	0.03560219	0.001424136	0.02670164	0	0	-0.03309042	0	3.458762e-16	0	3.458762e-16	0	-487.5155	0	-487.5155	0	30657.11	77194.93	385.3098	8589.802	1.106061	1	0	0.4523969	1	2	0	0	
18900	1760.328	3.45e+19	0	0	100000	1.96695125	1.140862e-05	5.492869e+26	5.37685e+25	1.390377e+25	3.986474e+25	1.601328e+26	3.353856e+26	3.990546e+25	3.906259e+24	1.010103e+24	2.896156e+24	1.163358e+25	2.436562e+25	0.6105836	3.990546e+26	3.906259e+25	1.010103e+25	2.896156e+25	1.146806e+26	2.401356e+26	5.17583e+24	0	0	0	0	0	0	0	0	0	0	0	0	0	0	5.140762e+26	4.492419e+18	5.140762e+26	2.323906e+26	4.148185e+21	2.323865e+26	1.244111e+26	9.88287e+13	1.244111e+26	4.647812e+26	1.862867e+14	4.647812e+26	1.384954e+26	8.077007e+14	1.384954e+26	4.436548e+26	1.904863e+21	4.436529e+26	2.146211e+23	1.4859e-09	0.002949375	4.072874e+09	2.745168e+11	6.426924e+12	7.470201e-06	1.192894e-10	2.944224e-16	0.4858509	0.5	0.315326	0.9998931	80.19688	9.972889	10569.8	1.117189e+26	1.827432e+28	5.151575e+27	6.741065e+25	3.118866e+27	1.203261e+27	5.325573e+26	2.294797e+26	0.2188657	0	0.01450152	0.03560219	0.03560219	0.001424136	0.02670164	0	0	-0.03304875	0	3.475532e-16	0	3.475532e-16	0	-487.4447	0	-487.4447	0	30656.46	77194.93	385.8815	8589.62	1.106061	1	0	0.4523969	1	2	0	0	
18928	1760.328	3.45e+19	0	0	100000	1.96699292	1.140862e-05	5.501007e+26	5.376848e+25	1.390379e+25	3.986469e+25	1.606282e+26	3.35704e+26	3.996458e+25	3.906257e+24	1.010104e+24	2.896153e+24	1.166957e+25	2.438875e+25	0.6102593	3.996458e+26	3.906257e+25	1.010104e+25	2.896153e+25	1.150358e+26	2.403639e+26	5.183497e+24	0	0	0	0	0	0	0	0	0	0	0	0	0	0	5.148378e+26	4.550177e+18	5.148378e+26	2.327349e+26	4.154461e+21	2.327307e+26	1.245955e+26	9.913448e+13	1.245955e+26	4.654698e+26	1.868631e+14	4.654698e+26	1.387006e+26	8.101997e+14	1.387006e+26	4.443121e+26	1.910757e+21	4.443102e+26	2.146206e+23	1.485903e-09	0.002949384	4.072874e+09	2.753725e+11	6.429731e+12	7.471999e-06	1.193469e-10	2.94635e-16	0.4860848	0.5	0.3155537	0.9999058	80.31569	9.987664	10569.8	1.117189e+26	1.827432e+28	5.151575e+27	6.741065e+25	3.118866e+27	1.203261e+27	5.325573e+26	2.294797e+26	0.2188657	0	0.01448987	0.03560219	0.03560219	0.001424136	0.02670164	0	0	-0.03300708	0	3.492402e-16	0	3.492402e-16	0	-487.3739	0	-487.3739	0	30655.82	77194.93	386.4532	8589.438	1.106061	1	0	0.4523968	1	2	0	0	
18956	1760.328	3.45e+19	0	0	100000	1.96703459	1.140862e-05	5.509144e+26	5.376845e+25	1.390381e+25	3.986464e+25	1.611231e+26	3.360229e+26	4.00237e+25	3.906255e+24	1.010106e+24	2.896149e+24	1.170552e+25	2.441192e+25	0.6099366	4.00237e+26	3.906255e+25	1.010106e+25	2.896149e+25	1.153907e+26	2.405925e+26	5.191165e+24	0	0	0	0	0	0	0	0	0	0	0	0	0	0	5.155994e+26	4.608658e+18	5.155994e+26	2.330792e+26	4.160695e+21	2.33075e+26	1.247798e+26	9.943999e+13	1.247798e+26	4.661584e+26	1.874389e+14	4.661584e+26	1.389058e+26	8.126965e+14	1.389058e+26	4.449694e+26	1.916645e+21	4.449674e+26	2.146202e+23	1.485905e-09	0.002949393	4.072874e+09	2.762274e+11	6.432551e+12	7.473799e-06	1.194044e-10	2.94848e-16	0.486319	0.5	0.3157819	0.999917	80.4345	10.00244	10569.8	1.117189e+26	1.827432e+28	5.151575e+27	6.741065e+25	3.118866e+27	1.203261e+27	5.325573e+26	2.294797e+26	0.2188657	0	0.01447828	0.03560219	0.03560219	0.001424136	0.02670164	0	0	-0.03296541	0	3.509373e-16	0	3.509373e-16	0	-487.3029	0	-487.3029	0	30655.17	77194.93	387.0249	8589.256	1.106061	1	0	0.4523968	1	2	0	0	
18984	1760.328	3.45e+19	0	0	100000	1.96707626	1.140862e-05	5.517282e+26	5.376842e+25	1.390383e+25	3.98646e+25	1.616176e+26	3.363421e+26	4.008282e+25	3.906253e+24	1.010107e+24	2.896146e+24	1.174145e+25	2.443511e+25	0.6096156	4.008282e+26	3.906253e+25	1.010107e+25	2.896146e+25	1.157454e+26	2.408214e+26	5.198832e+24	0	0	0	0	0	0	0	0	0	0	0	0	0	0	5.16361e+26	4.667898e+18	5.16361e+26	2.334235e+26	4.166885e+21	2.334193e+26	1.249641e+26	9.974524e+13	1.249641e+26	4.668469e+26	1.880143e+14	4.668469e+26	1.39111e+26	8.151912e+14	1.39111e+26	4.456266e+26	1.922529e+21	4.456247e+26	2.146198e+23	1.485908e-09	0.002949401	4.072874e+09	2.770817e+11	6.435383e+12	7.475602e-06	1.19462e-10	2.950614e-16	0.4865537	0.5	0.3160104	0.9999269	80.55331	10.01721	10569.8	1.117189e+26	1.827432e+28	5.151575e+27	6.741065e+25	3.118866e+27	1.203261e+27	5.325573e+26	2.294797e+26	0.2188657	0	0.01446675	0.03560219	0.03560219	0.001424136	0.02670164	0	0	-0.03292374	0	3.526447e-16	0	3.526447e-16	0	-487.2319	0	-487.2319	0	30654.52	77194.93	387.5966	8589.074	1.106061	1	0	0.4523968	1	2	0	0	
19012	1760.328	3.45e+19	0	0	100000	1.96711793	1.140862e-05	5.52542e+26	5.37684e+25	1.390384e+25	3.986455e+25	1.621118e+26	3.366618e+26	4.014194e+25	3.906251e+24	1.010108e+24	2.896143e+24	1.177735e+25	2.445833e+25	0.6092963	4.014194e+26	3.906251e+25	1.010108e+25	2.896143e+25	1.160997e+26	2.410506e+26	5.206499e+24	0	0	0	0	0	0	0	0	0	0	0	0	0	0	5.171226e+26	4.727896e+18	5.171226e+26	2.337677e+26	4.173033e+21	2.337636e+26	1.251484e+26	1.000502e+14	1.251484e+26	4.675355e+26	1.885892e+14	4.675355e+26	1.393161e+26	8.176839e+14	1.393161e+26	4.462839e+26	1.928407e+21	4.46282e+26	2.146193e+23	1.48591e-09	0.00294941	4.072874e+09	2.779353e+11	6.438227e+12	7.477408e-06	1.195197e-10	2.952753e-16	0.4867888	0.5	0.3162395	0.9999355	80.67212	10.03199	10569.8	1.117189e+26	1.827432e+28	5.151575e+27	6.741065e+25	3.118866e+27	1.203261e+27	5.325573e+26	2.294797e+26	0.2188657	0	0.01445528	0.03560219	0.03560219	0.001424136	0.02670164	0	0	-0.03288207	0	3.543624e-16	0	3.543624e-16	0	-487.1608	0	-487.1608	0	30653.87	77194.93	388.1683	8588.892	1.106061	1	0	0.4523968	1	2	0	0	
19040	1760.328	3.45e+19	0	0	100000	1.9671596	1.140862e-05	5.533557e+26	5.376837e+25	1.390386e+25	3.98645e+25	1.626056e+26	3.369818e+26	4.020106e+25	3.906249e+24	1.01011e+24	2.896139e+24	1.181322e+25	2.448158e+25	0.6089786	4.020106e+26	3.906249e+25	1.01011e+25	2.896139e+25	1.164538e+26	2.412801e+26	5.214168e+24	0	0	0	0	0	0	0	0	0	0	0	0	0	0	5.178842e+26	4.788648e+18	5.178842e+26	2.34112e+26	4.179141e+21	2.341079e+26	1.253327e+26	1.00355e+14	1.253327e+26	4.682241e+26	1.891637e+14	4.682241e+26	1.395213e+26	8.201745e+14	1.395213e+26	4.469412e+26	1.934281e+21	4.469392e+26	2.146189e+23	1.485913e-09	0.002949419	4.072874e+09	2.787882e+11	6.441084e+12	7.479216e-06	1.195775e-10	2.954896e-16	0.4870242	0.5	0.316469	0.9999432	80.79093	10.04676	10569.8	1.117189e+26	1.827432e+28	5.151575e+27	6.741065e+25	3.118866e+27	1.203261e+27	5.325573e+26	2.294797e+26	0.2188657	0	0.01444388	0.03560219	0.03560219	0.001424136	0.02670164	0	0	-0.0328404	0	3.560905e-16	0	3.560905e-16	0	-487.0896	0	-487.0896	0	30653.22	77194.93	388.7401	8588.71	1.106061	1	0	0.4523968	1	2	0	0	
19068	1760.328	3.45e+19	0	0	100000	1.96720127	1.140862e-05	5.541695e+26	5.376834e+25	1.390388e+25	3.986446e+25	1.63099e+26	3.373022e+26	4.026018e+25	3.906247e+24	1.010111e+24	2.896136e+24	1.184907e+25	2.450486e+25	0.6086625	4.026018e+26	3.906247e+25	1.010111e+25	2.896136e+25	1.168076e+26	2.415098e+26	5.221836e+24	0	0	0	0	0	0	0	0	0	0	0	0	0	0	5.186458e+26	4.850204e+18	5.186458e+26	2.344563e+26	4.185204e+21	2.344521e+26	1.25517e+26	1.006595e+14	1.25517e+26	4.689126e+26	1.897377e+14	4.689126e+26	1.397265e+26	8.226633e+14	1.397265e+26	4.475984e+26	1.940151e+21	4.475965e+26	2.146185e+23	1.485915e-09	0.002949427	4.072874e+09	2.796406e+11	6.443952e+12	7.481027e-06	1.196355e-10	2.957043e-16	0.4872601	0.5	0.316699	0.9999499	80.90974	10.06154	10569.8	1.117189e+26	1.827432e+28	5.151575e+27	6.741065e+25	3.118866e+27	1.203261e+27	5.325573e+26	2.294797e+26	0.2188657	0	0.01443255	0.03560219	0.03560219	0.001424136	0.02670164	0	0	-0.03279873	0	3.57829e-16	0	3.57829e-16	0	-487.0183	0	-487.0183	0	30652.57	77194.93	389.3118	8588.528	1.106061	1	0	0.4523968	1	2	0	0	
19096	1760.328	3.45e+19	0	0	100000	1.96724294	1.140862e-05	5.549832e+26	5.376831e+25	1.39039e+25	3.986441e+25	1.63592e+26	3.376229e+26	4.031929e+25	3.906245e+24	1.010112e+24	2.896132e+24	1.188489e+25	2.452816e+25	0.608348	4.031929e+26	3.906245e+25	1.010112e+25	2.896132e+25	1.171612e+26	2.417398e+26	5.229504e+24	0	0	0	0	0	0	0	0	0	0	0	0	0	0	5.194074e+26	4.912536e+18	5.194074e+26	2.348006e+26	4.191229e+21	2.347964e+26	1.257013e+26	1.009638e+14	1.257013e+26	4.696012e+26	1.903113e+14	4.696012e+26	1.399317e+26	8.251503e+14	1.399317e+26	4.482557e+26	1.946016e+21	4.482537e+26	2.146181e+23	1.485917e-09	0.002949436	4.072874e+09	2.804924e+11	6.446833e+12	7.482841e-06	1.196935e-10	2.959194e-16	0.4874965	0.5	0.3169294	0.9999559	81.02855	10.07631	10569.8	1.117189e+26	1.827432e+28	5.151575e+27	6.741065e+25	3.118866e+27	1.203261e+27	5.325573e+26	2.294797e+26	0.2188657	0	0.01442127	0.03560219	0.03560219	0.001424136	0.02670164	0	0	-0.03275706	0	3.595781e-16	0	3.595781e-16	0	-486.9469	0	-486.9469	0	30651.92	77194.93	389.8835	8588.346	1.106061	1	0	0.4523968	1	2	0	0	
19124	1760.328	3.45e+19	0	0	100000	1.96728461	1.140862e-05	5.55797e+26	5.376828e+25	1.390392e+25	3.986436e+25	1.640847e+26	3.37944e+26	4.037841e+25	3.906242e+24	1.010114e+24	2.896129e+24	1.192068e+25	2.455149e+25	0.608035	4.037841e+26	3.906242e+25	1.010114e+25	2.896129e+25	1.175145e+26	2.419701e+26	5.237171e+24	0	0	0	0	0	0	0	0	0	0	0	0	0	0	5.20169e+26	4.975668e+18	5.20169e+26	2.351449e+26	4.197213e+21	2.351407e+26	1.258856e+26	1.012679e+14	1.258856e+26	4.702898e+26	1.908845e+14	4.702898e+26	1.401368e+26	8.276354e+14	1.401368e+26	4.48913e+26	1.951877e+21	4.48911e+26	2.146177e+23	1.48592e-09	0.002949445	4.072874e+09	2.813436e+11	6.449727e+12	7.484658e-06	1.197516e-10	2.96135e-16	0.4877332	0.5	0.3171603	0.9999611	81.14736	10.09109	10569.8	1.117189e+26	1.827432e+28	5.151575e+27	6.741065e+25	3.118866e+27	1.203261e+27	5.325573e+26	2.294797e+26	0.2188657	0	0.01441006	0.03560219	0.03560219	0.001424136	0.02670164	0	0	-0.03271539	0	3.613378e-16	0	3.613378e-16	0	-486.8755	0	-486.8755	0	30651.27	77194.93	390.4552	8588.164	1.106061	1	0	0.4523968	1	2	0	0	
19152	1760.328	3.45e+19	0	0	100000	1.96732628	1.140862e-05	5.566107e+26	5.376825e+25	1.390393e+25	3.986431e+25	1.645771e+26	3.382654e+26	4.043753e+25	3.90624e+24	1.010115e+24	2.896125e+24	1.195645e+25	2.457484e+25	0.6077235	4.043753e+26	3.90624e+25	1.010115e+25	2.896125e+25	1.178676e+26	2.422005e+26	5.244839e+24	0	0	0	0	0	0	0	0	0	0	0	0	0	0	5.209306e+26	5.039623e+18	5.209306e+26	2.354892e+26	4.203155e+21	2.35485e+26	1.2607e+26	1.015718e+14	1.2607e+26	4.709783e+26	1.914572e+14	4.709783e+26	1.40342e+26	8.301188e+14	1.40342e+26	4.495702e+26	1.957734e+21	4.495683e+26	2.146173e+23	1.485922e-09	0.002949453	4.072874e+09	2.821942e+11	6.452633e+12	7.486477e-06	1.198098e-10	2.963511e-16	0.4879704	0.5	0.3173916	0.9999657	81.26617	10.10586	10569.8	1.117189e+26	1.827432e+28	5.151575e+27	6.741065e+25	3.118866e+27	1.203261e+27	5.325573e+26	2.294797e+26	0.2188657	0	0.01439892	0.03560219	0.03560219	0.001424136	0.02670164	0	0	-0.03267372	0	3.631082e-16	0	3.631082e-16	0	-486.8039	0	-486.8039	0	30650.62	77194.93	391.0269	8587.983	1.106061	1	0	0.4523969	1	2	0	0	
19180	1760.328	3.45e+19	0	0	100000	1.96736795	1.140862e-05	5.574245e+26	5.376821e+25	1.390395e+25	3.986426e+25	1.650691e+26	3.385872e+26	4.049665e+25	3.906238e+24	1.010116e+24	2.896122e+24	1.19922e+25	2.459821e+25	0.6074135	4.049665e+26	3.906238e+25	1.010116e+25	2.896122e+25	1.182204e+26	2.424312e+26	5.252508e+24	0	0	0	0	0	0	0	0	0	0	0	0	0	0	5.216922e+26	5.104386e+18	5.216922e+26	2.358334e+26	4.20906e+21	2.358292e+26	1.262543e+26	1.018755e+14	1.262543e+26	4.716669e+26	1.920296e+14	4.716669e+26	1.405472e+26	8.326006e+14	1.405472e+26	4.502275e+26	1.963587e+21	4.502255e+26	2.146168e+23	1.485925e-09	0.002949462	4.072874e+09	2.830443e+11	6.455551e+12	7.4883e-06	1.198682e-10	2.965675e-16	0.488208	0.5	0.3176235	0.9999698	81.38498	10.12064	10569.8	1.117189e+26	1.827432e+28	5.151575e+27	6.741065e+25	3.118866e+27	1.203261e+27	5.325573e+26	2.294797e+26	0.2188657	0	0.01438783	0.03560219	0.03560219	0.001424136	0.02670164	0	0	-0.03263205	0	3.648893e-16	0	3.648893e-16	0	-486.7323	0	-486.7323	0	30649.97	77194.93	391.5986	8587.801	1.106061	1	0	0.4523969	1	2	0	0	
19208	1760.328	3.45e+19	0	0	100000	1.96740962	1.140862e-05	5.582383e+26	5.376818e+25	1.390397e+25	3.986422e+25	1.655608e+26	3.389093e+26	4.055577e+25	3.906235e+24	1.010117e+24	2.896118e+24	1.202792e+25	2.462161e+25	0.607105	4.055577e+26	3.906235e+25	1.010117e+25	2.896118e+25	1.18573e+26	2.426622e+26	5.260175e+24	0	0	0	0	0	0	0	0	0	0	0	0	0	0	5.224538e+26	5.169996e+18	5.224538e+26	2.361777e+26	4.214924e+21	2.361735e+26	1.264386e+26	1.021789e+14	1.264386e+26	4.723555e+26	1.926016e+14	4.723555e+26	1.407524e+26	8.350806e+14	1.407524e+26	4.508848e+26	1.969436e+21	4.508828e+26	2.146164e+23	1.485927e-09	0.00294947	4.072874e+09	2.838938e+11	6.458481e+12	7.490125e-06	1.199266e-10	2.967844e-16	0.488446	0.5	0.3178558	0.9999734	81.50379	10.13541	10569.8	1.117189e+26	1.827432e+28	5.151575e+27	6.741065e+25	3.118866e+27	1.203261e+27	5.325573e+26	2.294797e+26	0.2188657	0	0.01437682	0.03560219	0.03560219	0.001424136	0.02670164	0	0	-0.03259038	0	3.666813e-16	0	3.666813e-16	0	-486.6606	0	-486.6606	0	30649.32	77194.93	392.1703	8587.619	1.106061	1	0	0.4523968	1	2	0	0	
19236	1760.328	3.45e+19	0	0	100000	1.96745129	1.140862e-05	5.59052e+26	5.376815e+25	1.390398e+25	3.986417e+25	1.660522e+26	3.392316e+26	4.061489e+25	3.906233e+24	1.010118e+24	2.896115e+24	1.206362e+25	2.464503e+25	0.606798	4.061489e+26	3.906233e+25	1.010118e+25	2.896115e+25	1.189254e+26	2.428934e+26	5.267842e+24	0	0	0	0	0	0	0	0	0	0	0	0	0	0	5.232154e+26	5.23645e+18	5.232153e+26	2.36522e+26	4.220749e+21	2.365178e+26	1.266229e+26	1.024822e+14	1.266229e+26	4.73044e+26	1.931733e+14	4.73044e+26	1.409576e+26	8.37559e+14	1.409576e+26	4.51542e+26	1.975281e+21	4.5154e+26	2.14616e+23	1.485929e-09	0.002949479	4.072874e+09	2.847429e+11	6.461424e+12	7.491953e-06	1.199852e-10	2.970018e-16	0.4886845	0.5	0.3180886	0.9999766	81.6226	10.15018	10569.8	1.117189e+26	1.827432e+28	5.151575e+27	6.741065e+25	3.118866e+27	1.203261e+27	5.325573e+26	2.294797e+26	0.2188657	0	0.01436586	0.03560219	0.03560219	0.001424136	0.02670164	0	0	-0.03254871	0	3.684842e-16	0	3.684842e-16	0	-486.5889	0	-486.5889	0	30648.67	77194.93	392.742	8587.437	1.106061	1	0	0.4523968	1	2	0	0	
19264	1760.328	3.45e+19	0	0	100000	1.96749296	1.140862e-05	5.598658e+26	5.376812e+25	1.3904e+25	3.986412e+25	1.665433e+26	3.395544e+26	4.067401e+25	3.906231e+24	1.01012e+24	2.896111e+24	1.20993e+25	2.466848e+25	0.6064924	4.067401e+26	3.906231e+25	1.01012e+25	2.896111e+25	1.192775e+26	2.431247e+26	5.27551e+24	0	0	0	0	0	0	0	0	0	0	0	0	0	0	5.239769e+26	5.303775e+18	5.239769e+26	2.368663e+26	4.226533e+21	2.368621e+26	1.268072e+26	1.027852e+14	1.268072e+26	4.737326e+26	1.937445e+14	4.737326e+26	1.411627e+26	8.400359e+14	1.411627e+26	4.521993e+26	1.981122e+21	4.521973e+26	2.146156e+23	1.485932e-09	0.002949487	4.072874e+09	2.855914e+11	6.46438e+12	7.493784e-06	1.200438e-10	2.972196e-16	0.4889234	0.5	0.3183219	0.9999793	81.74141	10.16496	10569.8	1.117189e+26	1.827432e+28	5.151575e+27	6.741065e+25	3.118866e+27	1.203261e+27	5.325573e+26	2.294797e+26	0.2188657	0	0.01435497	0.03560219	0.03560219	0.001424136	0.02670164	0	0	-0.03250704	0	3.702981e-16	0	3.702981e-16	0	-486.517	0	-486.517	0	30648.02	77194.93	393.3137	8587.255	1.106061	1	0	0.4523969	1	2	0	0	
19292	1760.328	3.45e+19	0	0	100000	1.96753463	1.140862e-05	5.606795e+26	5.376808e+25	1.390402e+25	3.986407e+25	1.670341e+26	3.398774e+26	4.073313e+25	3.906228e+24	1.010121e+24	2.896107e+24	1.213496e+25	2.469195e+25	0.6061883	4.073313e+26	3.906228e+25	1.010121e+25	2.896107e+25	1.196295e+26	2.433564e+26	5.283178e+24	0	0	0	0	0	0	0	0	0	0	0	0	0	0	5.247385e+26	5.371952e+18	5.247385e+26	2.372106e+26	4.232281e+21	2.372063e+26	1.269915e+26	1.030881e+14	1.269915e+26	4.744211e+26	1.943154e+14	4.744211e+26	1.413679e+26	8.425111e+14	1.413679e+26	4.528565e+26	1.98696e+21	4.528546e+26	2.146152e+23	1.485934e-09	0.002949495	4.072874e+09	2.864393e+11	6.467348e+12	7.495618e-06	1.201026e-10	2.974379e-16	0.4891627	0.5	0.3185556	0.9999818	81.86022	10.17973	10569.8	1.117189e+26	1.827432e+28	5.151575e+27	6.741065e+25	3.118866e+27	1.203261e+27	5.325573e+26	2.294797e+26	0.2188657	0	0.01434414	0.03560219	0.03560219	0.001424136	0.02670164	0	0	-0.03246537	0	3.72123e-16	0	3.72123e-16	0	-486.445	0	-486.445	0	30647.37	77194.93	393.8854	8587.073	1.106061	1	0	0.4523968	1	2	0	0	
19320	1760.328	3.45e+19	0	0	100000	1.9675763	1.140862e-05	5.614933e+26	5.376805e+25	1.390403e+25	3.986401e+25	1.675246e+26	3.402007e+26	4.079225e+25	3.906226e+24	1.010122e+24	2.896104e+24	1.217059e+25	2.471543e+25	0.6058856	4.079225e+26	3.906226e+25	1.010122e+25	2.896104e+25	1.199812e+26	2.435882e+26	5.290846e+24	0	0	0	0	0	0	0	0	0	0	0	0	0	0	5.255001e+26	5.441023e+18	5.255001e+26	2.375549e+26	4.237989e+21	2.375506e+26	1.271758e+26	1.033908e+14	1.271758e+26	4.751097e+26	1.948859e+14	4.751097e+26	1.415731e+26	8.449847e+14	1.415731e+26	4.535138e+26	1.992794e+21	4.535118e+26	2.146148e+23	1.485936e-09	0.002949504	4.072874e+09	2.872868e+11	6.470328e+12	7.497455e-06	1.201615e-10	2.976566e-16	0.4894025	0.5	0.3187899	0.999984	81.97903	10.19451	10569.8	1.117189e+26	1.827432e+28	5.151575e+27	6.741065e+25	3.118866e+27	1.203261e+27	5.325573e+26	2.294797e+26	0.2188657	0	0.01433338	0.03560219	0.03560219	0.001424136	0.02670164	0	0	-0.0324237	0	3.739592e-16	0	3.739592e-16	0	-486.373	0	-486.373	0	30646.73	77194.93	394.4571	8586.891	1.106061	1	0	0.4523968	1	2	0	0	
19348	1760.328	3.45e+19	0	0	100000	1.96761797	1.140862e-05	5.623071e+26	5.376801e+25	1.390405e+25	3.986396e+25	1.680147e+26	3.405243e+26	4.085137e+25	3.906223e+24	1.010123e+24	2.8961e+24	1.22062e+25	2.473895e+25	0.6055843	4.085137e+26	3.906223e+25	1.010123e+25	2.8961e+25	1.203327e+26	2.438202e+26	5.298513e+24	0	0	0	0	0	0	0	0	0	0	0	0	0	0	5.262617e+26	5.510986e+18	5.262617e+26	2.378991e+26	4.243659e+21	2.378949e+26	1.273601e+26	1.036933e+14	1.273601e+26	4.757983e+26	1.954561e+14	4.757983e+26	1.417783e+26	8.47457e+14	1.417783e+26	4.541711e+26	1.998624e+21	4.541691e+26	2.146144e+23	1.485939e-09	0.002949512	4.072874e+09	2.881338e+11	6.473321e+12	7.499295e-06	1.202204e-10	2.978758e-16	0.4896427	0.5	0.3190246	0.9999859	82.09784	10.20928	10569.8	1.117189e+26	1.827432e+28	5.151575e+27	6.741065e+25	3.118866e+27	1.203261e+27	5.325573e+26	2.294797e+26	0.2188657	0	0.01432268	0.03560219	0.03560219	0.001424136	0.02670164	0	0	-0.03238203	0	3.758066e-16	0	3.758066e-16	0	-486.3009	0	-486.3009	0	30646.08	77194.93	395.0289	8586.709	1.106061	1	0	0.4523969	1	2	0	0	
19376	1760.328	3.45e+19	0	0	100000	1.96765964	1.140862e-05	5.631208e+26	5.376798e+25	1.390406e+25	3.986391e+25	1.685046e+26	3.408482e+26	4.091049e+25	3.90622e+24	1.010124e+24	2.896096e+24	1.224179e+25	2.476248e+25	0.6052844	4.091049e+26	3.90622e+25	1.010124e+25	2.896096e+25	1.20684e+26	2.440525e+26	5.306182e+24	0	0	0	0	0	0	0	0	0	0	0	0	0	0	5.270233e+26	5.581867e+18	5.270233e+26	2.382434e+26	4.249289e+21	2.382392e+26	1.275445e+26	1.039956e+14	1.275445e+26	4.764868e+26	1.960259e+14	4.764868e+26	1.419835e+26	8.499276e+14	1.419835e+26	4.548283e+26	2.004451e+21	4.548263e+26	2.14614e+23	1.485941e-09	0.00294952	4.072874e+09	2.889803e+11	6.476327e+12	7.501137e-06	1.202795e-10	2.980954e-16	0.4898833	0.5	0.3192598	0.9999875	82.21665	10.22406	10569.8	1.117189e+26	1.827432e+28	5.151575e+27	6.741065e+25	3.118866e+27	1.203261e+27	5.325573e+26	2.294797e+26	0.2188657	0	0.01431205	0.03560219	0.03560219	0.001424136	0.02670164	0	0	-0.03234036	0	3.776653e-16	0	3.776653e-16	0	-486.2287	0	-486.2287	0	30645.43	77194.93	395.6006	8586.528	1.106061	1	0	0.4523969	1	2	0	0	
19404	1760.328	3.45e+19	0	0	100000	1.96770131	1.140862e-05	5.639346e+26	5.376794e+25	1.390408e+25	3.986386e+25	1.689942e+26	3.411724e+26	4.096961e+25	3.906218e+24	1.010125e+24	2.896093e+24	1.227736e+25	2.478603e+25	0.6049858	4.096961e+26	3.906218e+25	1.010125e+25	2.896093e+25	1.210351e+26	2.44285e+26	5.31385e+24	0	0	0	0	0	0	0	0	0	0	0	0	0	0	5.277849e+26	5.653648e+18	5.277849e+26	2.385877e+26	4.254884e+21	2.385834e+26	1.277288e+26	1.042977e+14	1.277288e+26	4.771754e+26	1.965954e+14	4.771754e+26	1.421886e+26	8.523968e+14	1.421886e+26	4.554856e+26	2.010274e+21	4.554836e+26	2.146136e+23	1.485943e-09	0.002949529	4.072874e+09	2.898263e+11	6.479345e+12	7.502983e-06	1.203387e-10	2.983155e-16	0.4901244	0.5	0.3194955	0.999989	82.33547	10.23883	10569.8	1.117189e+26	1.827432e+28	5.151575e+27	6.741065e+25	3.118866e+27	1.203261e+27	5.325573e+26	2.294797e+26	0.2188657	0	0.01430148	0.03560219	0.03560219	0.001424136	0.02670164	0	0	-0.03229869	0	3.795354e-16	0	3.795354e-16	0	-486.1564	0	-486.1564	0	30644.78	77194.93	396.1723	8586.346	1.106061	1	0	0.4523968	1	2	0	0	
19432	1760.328	3.45e+19	0	0	100000	1.96774298	1.140862e-05	5.647483e+26	5.37679e+25	1.390409e+25	3.986381e+25	1.694835e+26	3.414969e+26	4.102872e+25	3.906215e+24	1.010126e+24	2.896089e+24	1.23129e+25	2.480961e+25	0.6046887	4.102872e+26	3.906215e+25	1.010126e+25	2.896089e+25	1.213859e+26	2.445177e+26	5.321518e+24	0	0	0	0	0	0	0	0	0	0	0	0	0	0	5.285465e+26	5.726372e+18	5.285465e+26	2.38932e+26	4.26044e+21	2.389277e+26	1.279131e+26	1.045997e+14	1.279131e+26	4.77864e+26	1.971646e+14	4.77864e+26	1.423938e+26	8.548645e+14	1.423938e+26	4.561429e+26	2.016094e+21	4.561409e+26	2.146132e+23	1.485946e-09	0.002949537	4.072874e+09	2.906718e+11	6.482376e+12	7.504831e-06	1.20398e-10	2.98536e-16	0.4903659	0.5	0.3197317	0.9999903	82.45428	10.25361	10569.8	1.117189e+26	1.827432e+28	5.151575e+27	6.741065e+25	3.118866e+27	1.203261e+27	5.325573e+26	2.294797e+26	0.2188657	0	0.01429097	0.03560219	0.03560219	0.001424136	0.02670164	0	0	-0.03225702	0	3.81417e-16	0	3.81417e-16	0	-486.084	0	-486.084	0	30644.13	77194.93	396.744	8586.164	1.106061	1	0	0.4523969	1	2	0	0	
19460	1760.328	3.45e+19	0	0	100000	1.96778465	1.140862e-05	5.655621e+26	5.376786e+25	1.390411e+25	3.986376e+25	1.699725e+26	3.418217e+26	4.108784e+25	3.906212e+24	1.010127e+24	2.896085e+24	1.234843e+25	2.48332e+25	0.6043929	4.108784e+26	3.906212e+25	1.010127e+25	2.896085e+25	1.217366e+26	2.447505e+26	5.329186e+24	0	0	0	0	0	0	0	0	0	0	0	0	0	0	5.293081e+26	5.800037e+18	5.293081e+26	2.392763e+26	4.265959e+21	2.39272e+26	1.280974e+26	1.049014e+14	1.280974e+26	4.785525e+26	1.977334e+14	4.785525e+26	1.42599e+26	8.573308e+14	1.42599e+26	4.568001e+26	2.02191e+21	4.567981e+26	2.146128e+23	1.485948e-09	0.002949545	4.072874e+09	2.915169e+11	6.485419e+12	7.506683e-06	1.204574e-10	2.98757e-16	0.4906079	0.5	0.3199684	0.9999915	82.57309	10.26838	10569.8	1.117189e+26	1.827432e+28	5.151575e+27	6.741065e+25	3.118866e+27	1.203261e+27	5.325573e+26	2.294797e+26	0.2188657	0	0.01428053	0.03560219	0.03560219	0.001424136	0.02670164	0	0	-0.03221535	0	3.833102e-16	0	3.833102e-16	0	-486.0115	0	-486.0115	0	30643.48	77194.93	397.3157	8585.982	1.106061	1	0	0.4523968	1	2	0	0	
19488	1760.328	3.45e+19	0	0	100000	1.96782632	1.140862e-05	5.663758e+26	5.376783e+25	1.390412e+25	3.986371e+25	1.704612e+26	3.421468e+26	4.114696e+25	3.90621e+24	1.010128e+24	2.896081e+24	1.238394e+25	2.485682e+25	0.6040985	4.114696e+26	3.90621e+25	1.010128e+25	2.896081e+25	1.220871e+26	2.449836e+26	5.336852e+24	0	0	0	0	0	0	0	0	0	0	0	0	0	0	5.300697e+26	5.874672e+18	5.300697e+26	2.396206e+26	4.271439e+21	2.396163e+26	1.282817e+26	1.05203e+14	1.282817e+26	4.792411e+26	1.983019e+14	4.792411e+26	1.428042e+26	8.597955e+14	1.428042e+26	4.574574e+26	2.027723e+21	4.574554e+26	2.146124e+23	1.48595e-09	0.002949553	4.072874e+09	2.923615e+11	6.488475e+12	7.508537e-06	1.205169e-10	2.989785e-16	0.4908503	0.5	0.3202056	0.9999925	82.6919	10.28316	10569.8	1.117189e+26	1.827432e+28	5.151575e+27	6.741065e+25	3.118866e+27	1.203261e+27	5.325573e+26	2.294797e+26	0.2188657	0	0.01427016	0.03560219	0.03560219	0.001424136	0.02670164	0	0	-0.03217368	0	3.85215e-16	0	3.85215e-16	0	-485.939	0	-485.939	0	30642.83	77194.93	397.8874	8585.8	1.106061	1	0	0.4523968	1	2	0	0	
19516	1760.328	3.45e+19	0	0	100000	1.96786799	1.140862e-05	5.671896e+26	5.376779e+25	1.390413e+25	3.986365e+25	1.709497e+26	3.424721e+26	4.120608e+25	3.906207e+24	1.010129e+24	2.896077e+24	1.241942e+25	2.488045e+25	0.6038054	4.120608e+26	3.906207e+25	1.010129e+25	2.896077e+25	1.224373e+26	2.452169e+26	5.344521e+24	0	0	0	0	0	0	0	0	0	0	0	0	0	0	5.308313e+26	5.950273e+18	5.308313e+26	2.399648e+26	4.276882e+21	2.399606e+26	1.28466e+26	1.055045e+14	1.28466e+26	4.799297e+26	1.988701e+14	4.799297e+26	1.430093e+26	8.622589e+14	1.430093e+26	4.581147e+26	2.033533e+21	4.581126e+26	2.14612e+23	1.485952e-09	0.002949561	4.072874e+09	2.932056e+11	6.491544e+12	7.510395e-06	1.205766e-10	2.992004e-16	0.4910932	0.5	0.3204433	0.9999934	82.81071	10.29793	10569.8	1.117189e+26	1.827432e+28	5.151575e+27	6.741065e+25	3.118866e+27	1.203261e+27	5.325573e+26	2.294797e+26	0.2188657	0	0.01425985	0.03560219	0.03560219	0.001424136	0.02670164	0	0	-0.03213201	0	3.871316e-16	0	3.871316e-16	0	-485.8663	0	-485.8663	0	30642.18	77194.93	398.4591	8585.619	1.106061	1	0	0.4523969	1	2	0	0	
19544	1760.328	3.45e+19	0	0	100000	1.96790966	1.140862e-05	5.680034e+26	5.376775e+25	1.390415e+25	3.98636e+25	1.714379e+26	3.427978e+26	4.12652e+25	3.906204e+24	1.01013e+24	2.896073e+24	1.245489e+25	2.490411e+25	0.6035136	4.12652e+26	3.906204e+25	1.01013e+25	2.896073e+25	1.227874e+26	2.454504e+26	5.352188e+24	0	0	0	0	0	0	0	0	0	0	0	0	0	0	5.315929e+26	6.026854e+18	5.315929e+26	2.403091e+26	4.282289e+21	2.403048e+26	1.286503e+26	1.058057e+14	1.286503e+26	4.806182e+26	1.994379e+14	4.806182e+26	1.432145e+26	8.647208e+14	1.432145e+26	4.587719e+26	2.039339e+21	4.587699e+26	2.146116e+23	1.485955e-09	0.002949569	4.072874e+09	2.940492e+11	6.494626e+12	7.512255e-06	1.206363e-10	2.994228e-16	0.4913365	0.5	0.3206815	0.9999942	82.92952	10.31271	10569.8	1.117189e+26	1.827432e+28	5.151575e+27	6.741065e+25	3.118866e+27	1.203261e+27	5.325573e+26	2.294797e+26	0.2188657	0	0.0142496	0.03560219	0.03560219	0.001424136	0.02670164	0	0	-0.03209034	0	3.8906e-16	0	3.8906e-16	0	-485.7936	0	-485.7936	0	30641.53	77194.93	399.0308	8585.437	1.106061	1	0	0.4523969	1	2	0	0	
19572	1760.328	3.45e+19	0	0	100000	1.96795133	1.140862e-05	5.688171e+26	5.376771e+25	1.390416e+25	3.986355e+25	1.719257e+26	3.431237e+26	4.132432e+25	3.906201e+24	1.010131e+24	2.89607e+24	1.249033e+25	2.492779e+25	0.6032232	4.132432e+26	3.906201e+25	1.010131e+25	2.89607e+25	1.231372e+26	2.456841e+26	5.359855e+24	0	0	0	0	0	0	0	0	0	0	0	0	0	0	5.323545e+26	6.104427e+18	5.323545e+26	2.406534e+26	4.28766e+21	2.406491e+26	1.288346e+26	1.061068e+14	1.288346e+26	4.813068e+26	2.000054e+14	4.813068e+26	1.434197e+26	8.671814e+14	1.434197e+26	4.594292e+26	2.045142e+21	4.594272e+26	2.146112e+23	1.485957e-09	0.002949577	4.072874e+09	2.948924e+11	6.49772e+12	7.514118e-06	1.206962e-10	2.996457e-16	0.4915803	0.5	0.3209202	0.9999949	83.04833	10.32748	10569.8	1.117189e+26	1.827432e+28	5.151575e+27	6.741065e+25	3.118866e+27	1.203261e+27	5.325573e+26	2.294797e+26	0.2188657	0	0.01423942	0.03560219	0.03560219	0.001424136	0.02670164	0	0	-0.03204867	0	3.910004e-16	0	3.910004e-16	0	-485.7208	0	-485.7208	0	30640.89	77194.93	399.6025	8585.255	1.106061	1	0	0.4523969	1	2	0	0	
19600	1760.328	3.45e+19	0	0	100000	1.967993	1.140862e-05	5.696309e+26	5.376767e+25	1.390418e+25	3.986349e+25	1.724133e+26	3.434499e+26	4.138344e+25	3.906198e+24	1.010132e+24	2.896066e+24	1.252576e+25	2.495149e+25	0.6029341	4.138344e+26	3.906198e+25	1.010132e+25	2.896066e+25	1.234869e+26	2.45918e+26	5.367524e+24	0	0	0	0	0	0	0	0	0	0	0	0	0	0	5.331161e+26	6.183025e+18	5.331161e+26	2.409977e+26	4.292993e+21	2.409934e+26	1.29019e+26	1.064077e+14	1.29019e+26	4.819954e+26	2.005726e+14	4.819954e+26	1.436249e+26	8.696405e+14	1.436249e+26	4.600865e+26	2.050942e+21	4.600844e+26	2.146108e+23	1.485959e-09	0.002949585	4.072874e+09	2.957352e+11	6.500827e+12	7.515985e-06	1.207561e-10	2.99869e-16	0.4918245	0.5	0.3211594	0.9999955	83.16714	10.34226	10569.8	1.117189e+26	1.827432e+28	5.151575e+27	6.741065e+25	3.118866e+27	1.203261e+27	5.325573e+26	2.294797e+26	0.2188657	0	0.0142293	0.03560219	0.03560219	0.001424136	0.02670164	0	0	-0.032007	0	3.929527e-16	0	3.929527e-16	0	-485.6479	0	-485.6479	0	30640.24	77194.93	400.1742	8585.073	1.106061	1	0	0.4523969	1	2	0	0	
19628	1760.328	3.45e+19	0	0	100000	1.96803519	1.140862e-05	5.704446e+26	5.376763e+25	1.390419e+25	3.986344e+25	1.729007e+26	3.437763e+26	4.144256e+25	3.906195e+24	1.010133e+24	2.896062e+24	1.256116e+25	2.49752e+25	0.6026463	4.144256e+26	3.906195e+25	1.010133e+25	2.896062e+25	1.238364e+26	2.461521e+26	5.375193e+24	0	0	0	0	0	0	0	0	0	0	0	0	0	0	5.338777e+26	6.26343e+18	5.338777e+26	2.41342e+26	4.298204e+21	2.413377e+26	1.292033e+26	1.067084e+14	1.292033e+26	4.826839e+26	2.011394e+14	4.826839e+26	1.438301e+26	8.720982e+14	1.438301e+26	4.607437e+26	2.056738e+21	4.607417e+26	2.146105e+23	1.485962e-09	0.002949593	4.072874e+09	2.965774e+11	6.503947e+12	7.517854e-06	1.208162e-10	3.000928e-16	0.4920692	0.5	0.321399	0.999996	83.28595	10.35703	10569.8	1.117189e+26	1.827432e+28	5.151575e+27	6.741065e+25	3.118866e+27	1.203261e+27	5.325573e+26	2.294797e+26	0.2188657	0	0.01421925	0.03560219	0.03560219	0.001424136	0.02670164	0	0	-0.03196481	0	3.949418e-16	0	3.949418e-16	0	-485.574	0	-485.574	0	30639.58	77194.93	400.7459	8584.889	1.106061	1	0	0.4523969	1	2	0	0	
19656	1760.328	3.45e+19	0	0	100000	1.96807738	1.140862e-05	5.712584e+26	5.376759e+25	1.39042e+25	3.986339e+25	1.733877e+26	3.441031e+26	4.150168e+25	3.906192e+24	1.010134e+24	2.896058e+24	1.259655e+25	2.499894e+25	0.6023598	4.150168e+26	3.906192e+25	1.010134e+25	2.896058e+25	1.241856e+26	2.463864e+26	5.382859e+24	0	0	0	0	0	0	0	0	0	0	0	0	0	0	5.346393e+26	6.344889e+18	5.346393e+26	2.416862e+26	4.303379e+21	2.416819e+26	1.293876e+26	1.07009e+14	1.293876e+26	4.833725e+26	2.01706e+14	4.833725e+26	1.440352e+26	8.745546e+14	1.440352e+26	4.61401e+26	2.062531e+21	4.61399e+26	2.146101e+23	1.485964e-09	0.002949601	4.072874e+09	2.974192e+11	6.50708e+12	7.519726e-06	1.208764e-10	3.003171e-16	0.4923144	0.5	0.3216392	0.9999965	83.40476	10.3718	10569.8	1.117189e+26	1.827432e+28	5.151575e+27	6.741065e+25	3.118866e+27	1.203261e+27	5.325573e+26	2.294797e+26	0.2188657	0	0.01420927	0.03560219	0.03560219	0.001424136	0.02670164	0	0	-0.03192262	0	3.969433e-16	0	3.969433e-16	0	-485.5	0	-485.5	0	30638.92	77194.93	401.3176	8584.705	1.106061	1	0	0.4523969	1	2	0	0	
19684	1760.328	3.45e+19	0	0	100000	1.96811957	1.140862e-05	5.720722e+26	5.376755e+25	1.390421e+25	3.986333e+25	1.738745e+26	3.444301e+26	4.15608e+25	3.906189e+24	1.010135e+24	2.896054e+24	1.263191e+25	2.50227e+25	0.6020745	4.15608e+26	3.906189e+25	1.010135e+25	2.896054e+25	1.245347e+26	2.466208e+26	5.390529e+24	0	0	0	0	0	0	0	0	0	0	0	0	0	0	5.354009e+26	6.427417e+18	5.354009e+26	2.420305e+26	4.308518e+21	2.420262e+26	1.295719e+26	1.073094e+14	1.295719e+26	4.840611e+26	2.022722e+14	4.840611e+26	1.442404e+26	8.770095e+14	1.442404e+26	4.620583e+26	2.068321e+21	4.620562e+26	2.146097e+23	1.485966e-09	0.002949609	4.072874e+09	2.982606e+11	6.510226e+12	7.521602e-06	1.209367e-10	3.005418e-16	0.4925599	0.5	0.3218799	0.9999969	83.52357	10.38658	10569.8	1.117189e+26	1.827432e+28	5.151575e+27	6.741065e+25	3.118866e+27	1.203261e+27	5.325573e+26	2.294797e+26	0.2188657	0	0.01419934	0.03560219	0.03560219	0.001424136	0.02670164	0	0	-0.03188043	0	3.989574e-16	0	3.989574e-16	0	-485.426	0	-485.426	0	30638.27	77194.93	401.8894	8584.521	1.106061	1	0	0.4523969	1	2	0	0	
19712	1760.328	3.45e+19	0	0	100000	1.96816176	1.140862e-05	5.728859e+26	5.37675e+25	1.390423e+25	3.986328e+25	1.743611e+26	3.447574e+26	4.161992e+25	3.906186e+24	1.010136e+24	2.89605e+24	1.266726e+25	2.504647e+25	0.6017906	4.161992e+26	3.906186e+25	1.010136e+25	2.89605e+25	1.248836e+26	2.468555e+26	5.398196e+24	0	0	0	0	0	0	0	0	0	0	0	0	0	0	5.361625e+26	6.511065e+18	5.361625e+26	2.423748e+26	4.313618e+21	2.423705e+26	1.297562e+26	1.076096e+14	1.297562e+26	4.847496e+26	2.028381e+14	4.847496e+26	1.444456e+26	8.794631e+14	1.444456e+26	4.627155e+26	2.074107e+21	4.627135e+26	2.146093e+23	1.485968e-09	0.002949617	4.072874e+09	2.991015e+11	6.513384e+12	7.52348e-06	1.209971e-10	3.00767e-16	0.492806	0.5	0.3221212	0.9999973	83.64238	10.40135	10569.8	1.117189e+26	1.827432e+28	5.151575e+27	6.741065e+25	3.118866e+27	1.203261e+27	5.325573e+26	2.294797e+26	0.2188657	0	0.01418949	0.03560219	0.03560219	0.001424136	0.02670164	0	0	-0.03183824	0	4.009842e-16	0	4.009842e-16	0	-485.3518	0	-485.3518	0	30637.61	77194.93	402.4611	8584.337	1.106061	1	0	0.4523969	1	2	0	0	
19740	1760.328	3.45e+19	0	0	100000	1.96820395	1.140862e-05	5.736997e+26	5.376746e+25	1.390424e+25	3.986322e+25	1.748473e+26	3.450849e+26	4.167904e+25	3.906183e+24	1.010137e+24	2.896046e+24	1.270258e+25	2.507027e+25	0.6015079	4.167904e+26	3.906183e+25	1.010137e+25	2.896046e+25	1.252323e+26	2.470904e+26	5.405864e+24	0	0	0	0	0	0	0	0	0	0	0	0	0	0	5.369241e+26	6.595793e+18	5.36924e+26	2.427191e+26	4.318685e+21	2.427148e+26	1.299405e+26	1.079096e+14	1.299405e+26	4.854382e+26	2.034037e+14	4.854382e+26	1.446508e+26	8.819154e+14	1.446508e+26	4.633728e+26	2.079891e+21	4.633707e+26	2.146089e+23	1.48597e-09	0.002949625	4.072874e+09	2.99942e+11	6.516556e+12	7.525362e-06	1.210576e-10	3.009927e-16	0.4930525	0.5	0.3223629	0.9999976	83.76119	10.41613	10569.8	1.117189e+26	1.827432e+28	5.151575e+27	6.741065e+25	3.118866e+27	1.203261e+27	5.325573e+26	2.294797e+26	0.2188657	0	0.0141797	0.03560219	0.03560219	0.001424136	0.02670164	0	0	-0.03179605	0	4.030238e-16	0	4.030238e-16	0	-485.2776	0	-485.2776	0	30636.95	77194.93	403.0328	8584.153	1.106061	1	0	0.4523969	1	2	0	0	
19768	1760.328	3.45e+19	0	0	100000	1.96824614	1.140862e-05	5.745134e+26	5.376742e+25	1.390425e+25	3.986317e+25	1.753333e+26	3.454127e+26	4.173816e+25	3.90618e+24	1.010138e+24	2.896042e+24	1.273789e+25	2.509409e+25	0.6012266	4.173816e+26	3.90618e+25	1.010138e+25	2.896042e+25	1.255808e+26	2.473255e+26	5.413533e+24	0	0	0	0	0	0	0	0	0	0	0	0	0	0	5.376856e+26	6.681654e+18	5.376856e+26	2.430634e+26	4.323714e+21	2.430591e+26	1.301248e+26	1.082095e+14	1.301248e+26	4.861267e+26	2.039689e+14	4.861267e+26	1.44856e+26	8.843662e+14	1.44856e+26	4.640301e+26	2.085671e+21	4.64028e+26	2.146085e+23	1.485973e-09	0.002949633	4.072874e+09	3.00782e+11	6.51974e+12	7.527246e-06	1.211183e-10	3.012189e-16	0.4932995	0.5	0.3226051	0.9999979	83.88	10.4309	10569.8	1.117189e+26	1.827432e+28	5.151575e+27	6.741065e+25	3.118866e+27	1.203261e+27	5.325573e+26	2.294797e+26	0.2188657	0	0.01416997	0.03560219	0.03560219	0.001424136	0.02670164	0	0	-0.03175386	0	4.050763e-16	0	4.050763e-16	0	-485.2032	0	-485.2032	0	30636.3	77194.93	403.6045	8583.969	1.106061	1	0	0.4523969	1	2	0	0	
19796	1760.328	3.45e+19	0	0	100000	1.96828833	1.140862e-05	5.753272e+26	5.376738e+25	1.390426e+25	3.986311e+25	1.75819e+26	3.457408e+26	4.179727e+25	3.906177e+24	1.010139e+24	2.896038e+24	1.277318e+25	2.511792e+25	0.6009464	4.179727e+26	3.906177e+25	1.010139e+25	2.896038e+25	1.259291e+26	2.475607e+26	5.421198e+24	0	0	0	0	0	0	0	0	0	0	0	0	0	0	5.384472e+26	6.768662e+18	5.384472e+26	2.434077e+26	4.328707e+21	2.434033e+26	1.303091e+26	1.085093e+14	1.303091e+26	4.868153e+26	2.045339e+14	4.868153e+26	1.450611e+26	8.868158e+14	1.450611e+26	4.646873e+26	2.091448e+21	4.646853e+26	2.146082e+23	1.485975e-09	0.002949641	4.072874e+09	3.016216e+11	6.522938e+12	7.529134e-06	1.21179e-10	3.014456e-16	0.4935469	0.5	0.3228479	0.9999981	83.99881	10.44568	10569.8	1.117189e+26	1.827432e+28	5.151575e+27	6.741065e+25	3.118866e+27	1.203261e+27	5.325573e+26	2.294797e+26	0.2188657	0	0.01416031	0.03560219	0.03560219	0.001424136	0.02670164	0	0	-0.03171167	0	4.071417e-16	0	4.071417e-16	0	-485.1288	0	-485.1288	0	30635.64	77194.93	404.1762	8583.785	1.106061	1	0	0.4523969	1	2	0	0	
19824	1760.328	3.45e+19	0	0	100000	1.96833052	1.140862e-05	5.761409e+26	5.376733e+25	1.390428e+25	3.986306e+25	1.763044e+26	3.460692e+26	4.185639e+25	3.906174e+24	1.01014e+24	2.896034e+24	1.280844e+25	2.514178e+25	0.6006675	4.185639e+26	3.906174e+25	1.01014e+25	2.896034e+25	1.262772e+26	2.477961e+26	5.428868e+24	0	0	0	0	0	0	0	0	0	0	0	0	0	0	5.392088e+26	6.856815e+18	5.392088e+26	2.437519e+26	4.333665e+21	2.437476e+26	1.304935e+26	1.088088e+14	1.304935e+26	4.875039e+26	2.050985e+14	4.875039e+26	1.452663e+26	8.89264e+14	1.452663e+26	4.653446e+26	2.097222e+21	4.653425e+26	2.146078e+23	1.485977e-09	0.002949649	4.072874e+09	3.024608e+11	6.526148e+12	7.531024e-06	1.212399e-10	3.016727e-16	0.4937948	0.5	0.3230911	0.9999984	84.11762	10.46045	10569.8	1.117189e+26	1.827432e+28	5.151575e+27	6.741065e+25	3.118866e+27	1.203261e+27	5.325573e+26	2.294797e+26	0.2188657	0	0.01415072	0.03560219	0.03560219	0.001424136	0.02670164	0	0	-0.03166948	0	4.092202e-16	0	4.092202e-16	0	-485.0543	0	-485.0543	0	30634.98	77194.93	404.7479	8583.601	1.106061	1	0	0.4523969	1	2	0	0	
19852	1760.328	3.45e+19	0	0	100000	1.96837271	1.140862e-05	5.769547e+26	5.376729e+25	1.390429e+25	3.9863e+25	1.767896e+26	3.463978e+26	4.191551e+25	3.90617e+24	1.010141e+24	2.89603e+24	1.284369e+25	2.516565e+25	0.6003899	4.191551e+26	3.90617e+25	1.010141e+25	2.89603e+25	1.266251e+26	2.480318e+26	5.436535e+24	0	0	0	0	0	0	0	0	0	0	0	0	0	0	5.399704e+26	6.946148e+18	5.399704e+26	2.440962e+26	4.338586e+21	2.440919e+26	1.306778e+26	1.091082e+14	1.306778e+26	4.881924e+26	2.056629e+14	4.881924e+26	1.454715e+26	8.917109e+14	1.454715e+26	4.660019e+26	2.102992e+21	4.659998e+26	2.146074e+23	1.485979e-09	0.002949656	4.072874e+09	3.032995e+11	6.529372e+12	7.532918e-06	1.213009e-10	3.019003e-16	0.4940431	0.5	0.3233349	0.9999985	84.23643	10.47523	10569.8	1.117189e+26	1.827432e+28	5.151575e+27	6.741065e+25	3.118866e+27	1.203261e+27	5.325573e+26	2.294797e+26	0.2188657	0	0.01414119	0.03560219	0.03560219	0.001424136	0.02670164	0	0	-0.03162729	0	4.113119e-16	0	4.113119e-16	0	-484.9796	0	-484.9796	0	30634.33	77194.93	405.3196	8583.417	1.106061	1	0	0.4523969	1	2	0	0	
19880	1760.328	3.45e+19	0	0	100000	1.9684149	1.140862e-05	5.777685e+26	5.376724e+25	1.39043e+25	3.986294e+25	1.772746e+26	3.467267e+26	4.197463e+25	3.906167e+24	1.010141e+24	2.896026e+24	1.287892e+25	2.518954e+25	0.6001135	4.197463e+26	3.906167e+25	1.010141e+25	2.896026e+25	1.269728e+26	2.482676e+26	5.444202e+24	0	0	0	0	0	0	0	0	0	0	0	0	0	0	5.40732e+26	7.036679e+18	5.40732e+26	2.444405e+26	4.343471e+21	2.444362e+26	1.308621e+26	1.094075e+14	1.308621e+26	4.88881e+26	2.062269e+14	4.88881e+26	1.456767e+26	8.941563e+14	1.456767e+26	4.666591e+26	2.10876e+21	4.66657e+26	2.14607e+23	1.485981e-09	0.002949664	4.072874e+09	3.041377e+11	6.532609e+12	7.534814e-06	1.21362e-10	3.021284e-16	0.4942919	0.5	0.3235792	0.9999987	84.35524	10.49	10569.8	1.117189e+26	1.827432e+28	5.151575e+27	6.741065e+25	3.118866e+27	1.203261e+27	5.325573e+26	2.294797e+26	0.2188657	0	0.01413172	0.03560219	0.03560219	0.001424136	0.02670164	0	0	-0.0315851	0	4.134168e-16	0	4.134168e-16	0	-484.9049	0	-484.9049	0	30633.67	77194.93	405.8913	8583.233	1.106061	1	0	0.4523969	1	2	0	0	
19908	1760.328	3.45e+19	0	0	100000	1.96845709	1.140862e-05	5.785822e+26	5.37672e+25	1.390431e+25	3.986289e+25	1.777592e+26	3.470558e+26	4.203375e+25	3.906164e+24	1.010142e+24	2.896022e+24	1.291413e+25	2.521346e+25	0.5998384	4.203375e+26	3.906164e+25	1.010142e+25	2.896022e+25	1.273204e+26	2.485036e+26	5.45187e+24	0	0	0	0	0	0	0	0	0	0	0	0	0	0	5.414936e+26	7.128402e+18	5.414936e+26	2.447848e+26	4.348322e+21	2.447804e+26	1.310464e+26	1.097065e+14	1.310464e+26	4.895696e+26	2.067906e+14	4.895696e+26	1.458818e+26	8.966005e+14	1.458818e+26	4.673164e+26	2.114524e+21	4.673143e+26	2.146066e+23	1.485983e-09	0.002949672	4.072874e+09	3.049756e+11	6.535858e+12	7.536714e-06	1.214232e-10	3.02357e-16	0.4945412	0.5	0.323824	0.9999989	84.47405	10.50478	10569.8	1.117189e+26	1.827432e+28	5.151575e+27	6.741065e+25	3.118866e+27	1.203261e+27	5.325573e+26	2.294797e+26	0.2188657	0	0.01412233	0.03560219	0.03560219	0.001424136	0.02670164	0	0	-0.03154291	0	4.155352e-16	0	4.155352e-16	0	-484.8301	0	-484.8301	0	30633.01	77194.93	406.463	8583.049	1.106061	1	0	0.4523969	1	2	0	0	
19936	1760.328	3.45e+19	0	0	100000	1.96849928	1.140862e-05	5.79396e+26	5.376715e+25	1.390432e+25	3.986283e+25	1.782436e+26	3.473852e+26	4.209287e+25	3.906161e+24	1.010143e+24	2.896018e+24	1.294932e+25	2.523739e+25	0.5995644	4.209287e+26	3.906161e+25	1.010143e+25	2.896018e+25	1.276677e+26	2.487398e+26	5.459539e+24	0	0	0	0	0	0	0	0	0	0	0	0	0	0	5.422552e+26	7.221337e+18	5.422552e+26	2.451291e+26	4.353138e+21	2.451247e+26	1.312307e+26	1.100054e+14	1.312307e+26	4.902581e+26	2.073541e+14	4.902581e+26	1.46087e+26	8.990433e+14	1.46087e+26	4.679737e+26	2.120285e+21	4.679716e+26	2.146063e+23	1.485986e-09	0.00294968	4.072874e+09	3.05813e+11	6.539121e+12	7.538617e-06	1.214845e-10	3.025861e-16	0.494791	0.5	0.3240693	0.999999	84.59286	10.51955	10569.8	1.117189e+26	1.827432e+28	5.151575e+27	6.741065e+25	3.118866e+27	1.203261e+27	5.325573e+26	2.294797e+26	0.2188657	0	0.01411299	0.03560219	0.03560219	0.001424136	0.02670164	0	0	-0.03150072	0	4.176669e-16	0	4.176669e-16	0	-484.7552	0	-484.7552	0	30632.36	77194.93	407.0347	8582.865	1.106061	1	0	0.4523969	1	2	0	0	
19964	1760.328	3.45e+19	0	0	100000	1.96854147	1.140862e-05	5.802097e+26	5.376711e+25	1.390433e+25	3.986278e+25	1.787277e+26	3.477149e+26	4.215199e+25	3.906157e+24	1.010144e+24	2.896014e+24	1.298449e+25	2.526134e+25	0.5992917	4.215199e+26	3.906157e+25	1.010144e+25	2.896014e+25	1.280149e+26	2.489762e+26	5.467205e+24	0	0	0	0	0	0	0	0	0	0	0	0	0	0	5.430168e+26	7.315518e+18	5.430168e+26	2.454734e+26	4.357918e+21	2.45469e+26	1.31415e+26	1.103042e+14	1.31415e+26	4.909467e+26	2.079172e+14	4.909467e+26	1.462922e+26	9.014849e+14	1.462922e+26	4.686309e+26	2.126044e+21	4.686288e+26	2.146059e+23	1.485988e-09	0.002949687	4.072874e+09	3.0665e+11	6.542397e+12	7.540523e-06	1.215459e-10	3.028156e-16	0.4950412	0.5	0.3243152	0.9999991	84.71167	10.53433	10569.8	1.117189e+26	1.827432e+28	5.151575e+27	6.741065e+25	3.118866e+27	1.203261e+27	5.325573e+26	2.294797e+26	0.2188657	0	0.01410373	0.03560219	0.03560219	0.001424136	0.02670164	0	0	-0.03145853	0	4.198123e-16	0	4.198123e-16	0	-484.6803	0	-484.6803	0	30631.7	77194.93	407.6065	8582.681	1.106061	1	0	0.4523969	1	2	0	0	
19992	1760.328	3.45e+19	0	0	100000	1.96858366	1.140862e-05	5.810235e+26	5.376706e+25	1.390434e+25	3.986272e+25	1.792116e+26	3.480448e+26	4.221111e+25	3.906154e+24	1.010145e+24	2.896009e+24	1.301965e+25	2.528531e+25	0.5990202	4.221111e+26	3.906154e+25	1.010145e+25	2.896009e+25	1.283619e+26	2.492128e+26	5.474875e+24	0	0	0	0	0	0	0	0	0	0	0	0	0	0	5.437784e+26	7.410963e+18	5.437784e+26	2.458176e+26	4.362663e+21	2.458133e+26	1.315993e+26	1.106028e+14	1.315993e+26	4.916353e+26	2.0848e+14	4.916353e+26	1.464974e+26	9.039251e+14	1.464974e+26	4.692882e+26	2.131799e+21	4.692861e+26	2.146055e+23	1.48599e-09	0.002949695	4.072874e+09	3.074865e+11	6.545687e+12	7.542432e-06	1.216075e-10	3.030457e-16	0.4952919	0.5	0.3245616	0.9999992	84.83048	10.5491	10569.8	1.117189e+26	1.827432e+28	5.151575e+27	6.741065e+25	3.118866e+27	1.203261e+27	5.325573e+26	2.294797e+26	0.2188657	0	0.01409453	0.03560219	0.03560219	0.001424136	0.02670164	0	0	-0.03141634	0	4.219713e-16	0	4.219713e-16	0	-484.6052	0	-484.6052	0	30631.04	77194.93	408.1782	8582.497	1.106061	1	0	0.4523969	1	2	0	0	
20020	1760.328	3.45e+19	0	0	100000	1.96862585	1.140862e-05	5.818373e+26	5.376701e+25	1.390435e+25	3.986266e+25	1.796952e+26	3.48375e+26	4.227023e+25	3.906151e+24	1.010145e+24	2.896005e+24	1.305478e+25	2.530929e+25	0.5987499	4.227023e+26	3.906151e+25	1.010145e+25	2.896005e+25	1.287087e+26	2.494495e+26	5.482542e+24	0	0	0	0	0	0	0	0	0	0	0	0	0	0	5.4454e+26	7.507671e+18	5.4454e+26	2.461619e+26	4.367374e+21	2.461575e+26	1.317837e+26	1.109012e+14	1.317837e+26	4.923238e+26	2.090425e+14	4.923238e+26	1.467026e+26	9.063641e+14	1.467026e+26	4.699455e+26	2.137551e+21	4.699433e+26	2.146052e+23	1.485992e-09	0.002949703	4.072874e+09	3.083226e+11	6.548989e+12	7.544344e-06	1.216691e-10	3.032762e-16	0.495543	0.5	0.3248085	0.9999993	84.94929	10.56388	10569.8	1.117189e+26	1.827432e+28	5.151575e+27	6.741065e+25	3.118866e+27	1.203261e+27	5.325573e+26	2.294797e+26	0.2188657	0	0.01408539	0.03560219	0.03560219	0.001424136	0.02670164	0	0	-0.03137415	0	4.241441e-16	0	4.241441e-16	0	-484.53	0	-484.53	0	30630.39	77194.93	408.7499	8582.313	1.106061	1	0	0.4523969	1	2	0	0	
20048	1760.328	3.45e+19	0	0	100000	1.96866804	1.140862e-05	5.82651e+26	5.376697e+25	1.390436e+25	3.98626e+25	1.801786e+26	3.487054e+26	4.232935e+25	3.906147e+24	1.010146e+24	2.896001e+24	1.30899e+25	2.53333e+25	0.5984808	4.232935e+26	3.906147e+25	1.010146e+25	2.896001e+25	1.290553e+26	2.496865e+26	5.490211e+24	0	0	0	0	0	0	0	0	0	0	0	0	0	0	5.453016e+26	7.605678e+18	5.453016e+26	2.465062e+26	4.372049e+21	2.465018e+26	1.31968e+26	1.111995e+14	1.31968e+26	4.930124e+26	2.096047e+14	4.930124e+26	1.469077e+26	9.088017e+14	1.469077e+26	4.706027e+26	2.1433e+21	4.706006e+26	2.146048e+23	1.485994e-09	0.00294971	4.072874e+09	3.091583e+11	6.552305e+12	7.546259e-06	1.217309e-10	3.035072e-16	0.4957947	0.5	0.3250559	0.9999994	85.0681	10.57865	10569.8	1.117189e+26	1.827432e+28	5.151575e+27	6.741065e+25	3.118866e+27	1.203261e+27	5.325573e+26	2.294797e+26	0.2188657	0	0.01407632	0.03560219	0.03560219	0.001424136	0.02670164	0	0	-0.03133196	0	4.263308e-16	0	4.263308e-16	0	-484.4548	0	-484.4548	0	30629.73	77194.93	409.3216	8582.129	1.106061	1	0	0.4523969	1	2	0	0	
20076	1760.328	3.45e+19	0	0	100000	1.96871023	1.140862e-05	5.834648e+26	5.376692e+25	1.390437e+25	3.986255e+25	1.806617e+26	3.490361e+26	4.238847e+25	3.906144e+24	1.010147e+24	2.895997e+24	1.3125e+25	2.535733e+25	0.5982129	4.238847e+26	3.906144e+25	1.010147e+25	2.895997e+25	1.294018e+26	2.499236e+26	5.497878e+24	0	0	0	0	0	0	0	0	0	0	0	0	0	0	5.460632e+26	7.705004e+18	5.460632e+26	2.468505e+26	4.376689e+21	2.468461e+26	1.321523e+26	1.114976e+14	1.321523e+26	4.93701e+26	2.101667e+14	4.93701e+26	1.471129e+26	9.11238e+14	1.471129e+26	4.7126e+26	2.149045e+21	4.712579e+26	2.146044e+23	1.485996e-09	0.002949718	4.072874e+09	3.099936e+11	6.555634e+12	7.548178e-06	1.217928e-10	3.037388e-16	0.4960468	0.5	0.3253039	0.9999995	85.18691	10.59342	10569.8	1.117189e+26	1.827432e+28	5.151575e+27	6.741065e+25	3.118866e+27	1.203261e+27	5.325573e+26	2.294797e+26	0.2188657	0	0.01406732	0.03560219	0.03560219	0.001424136	0.02670164	0	0	-0.03128977	0	4.285315e-16	0	4.285315e-16	0	-484.3794	0	-484.3794	0	30629.07	77194.93	409.8933	8581.946	1.106061	1	0	0.4523969	1	2	0	0	
20104	1760.328	3.45e+19	0	0	100000	1.96875242	1.140862e-05	5.842785e+26	5.376687e+25	1.390438e+25	3.986249e+25	1.811446e+26	3.493671e+26	4.244759e+25	3.90614e+24	1.010148e+24	2.895993e+24	1.316007e+25	2.538137e+25	0.5979461	4.244759e+26	3.90614e+25	1.010148e+25	2.895993e+25	1.29748e+26	2.501609e+26	5.505545e+24	0	0	0	0	0	0	0	0	0	0	0	0	0	0	5.468248e+26	7.805644e+18	5.468248e+26	2.471948e+26	4.381295e+21	2.471904e+26	1.323366e+26	1.117955e+14	1.323366e+26	4.943895e+26	2.107283e+14	4.943895e+26	1.473181e+26	9.136731e+14	1.473181e+26	4.719173e+26	2.154788e+21	4.719151e+26	2.146041e+23	1.485998e-09	0.002949725	4.072874e+09	3.108284e+11	6.558976e+12	7.550099e-06	1.218548e-10	3.039708e-16	0.4962994	0.5	0.3255524	0.9999995	85.30572	10.6082	10569.8	1.117189e+26	1.827432e+28	5.151575e+27	6.741065e+25	3.118866e+27	1.203261e+27	5.325573e+26	2.294797e+26	0.2188657	0	0.01405838	0.03560219	0.03560219	0.001424136	0.02670164	0	0	-0.03124758	0	4.307463e-16	0	4.307463e-16	0	-484.304	0	-484.304	0	30628.42	77194.93	410.465	8581.762	1.106061	1	0	0.4523969	1	2	0	0	
20132	1760.328	3.45e+19	0	0	100000	1.96879461	1.140862e-05	5.850923e+26	5.376682e+25	1.390439e+25	3.986243e+25	1.816272e+26	3.496983e+26	4.25067e+25	3.906137e+24	1.010148e+24	2.895989e+24	1.319514e+25	2.540543e+25	0.5976806	4.25067e+26	3.906137e+25	1.010148e+25	2.895989e+25	1.300941e+26	2.503984e+26	5.513213e+24	0	0	0	0	0	0	0	0	0	0	0	0	0	0	5.475864e+26	7.907642e+18	5.475864e+26	2.47539e+26	4.385867e+21	2.475347e+26	1.325209e+26	1.120933e+14	1.325209e+26	4.950781e+26	2.112896e+14	4.950781e+26	1.475233e+26	9.161068e+14	1.475233e+26	4.725745e+26	2.160528e+21	4.725724e+26	2.146037e+23	1.486001e-09	0.002949733	4.072874e+09	3.116628e+11	6.562332e+12	7.552024e-06	1.21917e-10	3.042033e-16	0.4965524	0.5	0.3258014	0.9999996	85.42453	10.62297	10569.8	1.117189e+26	1.827432e+28	5.151575e+27	6.741065e+25	3.118866e+27	1.203261e+27	5.325573e+26	2.294797e+26	0.2188657	0	0.01404951	0.03560219	0.03560219	0.001424136	0.02670164	0	0	-0.03120539	0	4.329753e-16	0	4.329753e-16	0	-484.2284	0	-484.2284	0	30627.76	77194.93	411.0367	8581.578	1.106061	1	0	0.4523969	1	2	0	0	
20160	1760.328	3.45e+19	0	0	100000	1.9688368	1.140862e-05	5.85906e+26	5.376678e+25	1.39044e+25	3.986237e+25	1.821095e+26	3.500298e+26	4.256582e+25	3.906133e+24	1.010149e+24	2.895984e+24	1.323018e+25	2.542951e+25	0.5974162	4.256582e+26	3.906133e+25	1.010149e+25	2.895984e+25	1.3044e+26	2.506361e+26	5.520881e+24	0	0	0	0	0	0	0	0	0	0	0	0	0	0	5.48348e+26	8.011012e+18	5.48348e+26	2.478833e+26	4.390404e+21	2.478789e+26	1.327052e+26	1.12391e+14	1.327052e+26	4.957667e+26	2.118506e+14	4.957667e+26	1.477284e+26	9.185393e+14	1.477284e+26	4.732318e+26	2.166265e+21	4.732296e+26	2.146033e+23	1.486003e-09	0.00294974	4.072874e+09	3.124968e+11	6.565701e+12	7.553951e-06	1.219792e-10	3.044363e-16	0.4968059	0.5	0.3260509	0.9999996	85.54334	10.63775	10569.8	1.117189e+26	1.827432e+28	5.151575e+27	6.741065e+25	3.118866e+27	1.203261e+27	5.325573e+26	2.294797e+26	0.2188657	0	0.01404071	0.03560219	0.03560219	0.001424136	0.02670164	0	0	-0.0311632	0	4.352186e-16	0	4.352186e-16	0	-484.1528	0	-484.1528	0	30627.11	77194.93	411.6084	8581.394	1.106061	1	0	0.4523969	1	2	0	0	
20188	1760.328	3.45e+19	0	0	100000	1.96887899	1.140862e-05	5.867198e+26	5.376673e+25	1.390441e+25	3.986231e+25	1.825916e+26	3.503615e+26	4.262494e+25	3.90613e+24	1.01015e+24	2.89598e+24	1.32652e+25	2.545361e+25	0.597153	4.262494e+26	3.90613e+25	1.01015e+25	2.89598e+25	1.307857e+26	2.508739e+26	5.52855e+24	0	0	0	0	0	0	0	0	0	0	0	0	0	0	5.491096e+26	8.115756e+18	5.491096e+26	2.482276e+26	4.394908e+21	2.482232e+26	1.328895e+26	1.126884e+14	1.328895e+26	4.964552e+26	2.124114e+14	4.964552e+26	1.479336e+26	9.209704e+14	1.479336e+26	4.738891e+26	2.171998e+21	4.738869e+26	2.14603e+23	1.486005e-09	0.002949748	4.072874e+09	3.133304e+11	6.569083e+12	7.555882e-06	1.220416e-10	3.046698e-16	0.49706	0.5	0.326301	0.9999997	85.66215	10.65252	10569.8	1.117189e+26	1.827432e+28	5.151575e+27	6.741065e+25	3.118866e+27	1.203261e+27	5.325573e+26	2.294797e+26	0.2188657	0	0.01403197	0.03560219	0.03560219	0.001424136	0.02670164	0	0	-0.03112101	0	4.374764e-16	0	4.374764e-16	0	-484.0771	0	-484.0771	0	30626.45	77194.93	412.1801	8581.21	1.106061	1	0	0.4523969	1	2	0	0	
20216	1760.328	3.45e+19	0	0	100000	1.96892118	1.140862e-05	5.875336e+26	5.376668e+25	1.390442e+25	3.986226e+25	1.830734e+26	3.506935e+26	4.268406e+25	3.906126e+24	1.01015e+24	2.895976e+24	1.330021e+25	2.547773e+25	0.5968909	4.268406e+26	3.906126e+25	1.01015e+25	2.895976e+25	1.311312e+26	2.51112e+26	5.536215e+24	0	0	0	0	0	0	0	0	0	0	0	0	0	0	5.498712e+26	8.221912e+18	5.498711e+26	2.485719e+26	4.399377e+21	2.485675e+26	1.330738e+26	1.129858e+14	1.330738e+26	4.971438e+26	2.129718e+14	4.971438e+26	1.481388e+26	9.234003e+14	1.481388e+26	4.745463e+26	2.177729e+21	4.745442e+26	2.146026e+23	1.486007e-09	0.002949755	4.072874e+09	3.141636e+11	6.572479e+12	7.557816e-06	1.221041e-10	3.049038e-16	0.4973144	0.5	0.3265517	0.9999997	85.78096	10.6673	10569.8	1.117189e+26	1.827432e+28	5.151575e+27	6.741065e+25	3.118866e+27	1.203261e+27	5.325573e+26	2.294797e+26	0.2188657	0	0.01402329	0.03560219	0.03560219	0.001424136	0.02670164	0	0	-0.03107882	0	4.397486e-16	0	4.397486e-16	0	-484.0012	0	-484.0012	0	30625.79	77194.93	412.7518	8581.026	1.106061	1	0	0.4523969	1	2	0	0	
20244	1760.328	3.45e+19	0	0	100000	1.96896337	1.140862e-05	5.883473e+26	5.376663e+25	1.390443e+25	3.98622e+25	1.83555e+26	3.510257e+26	4.274318e+25	3.906123e+24	1.010151e+24	2.895972e+24	1.333519e+25	2.550187e+25	0.59663	4.274318e+26	3.906123e+25	1.010151e+25	2.895972e+25	1.314765e+26	2.513502e+26	5.543884e+24	0	0	0	0	0	0	0	0	0	0	0	0	0	0	5.506328e+26	8.329502e+18	5.506327e+26	2.489162e+26	4.403812e+21	2.489118e+26	1.332582e+26	1.132829e+14	1.332582e+26	4.978324e+26	2.135319e+14	4.978324e+26	1.48344e+26	9.258289e+14	1.48344e+26	4.752036e+26	2.183457e+21	4.752014e+26	2.146022e+23	1.486009e-09	0.002949763	4.072874e+09	3.149963e+11	6.575889e+12	7.559753e-06	1.221667e-10	3.051383e-16	0.4975694	0.5	0.3268028	0.9999998	85.89977	10.68207	10569.8	1.117189e+26	1.827432e+28	5.151575e+27	6.741065e+25	3.118866e+27	1.203261e+27	5.325573e+26	2.294797e+26	0.2188657	0	0.01401469	0.03560219	0.03560219	0.001424136	0.02670164	0	0	-0.03103663	0	4.420356e-16	0	4.420356e-16	0	-483.9253	0	-483.9253	0	30625.14	77194.93	413.3236	8580.842	1.106061	1	0	0.4523969	1	2	0	0	
20272	1760.328	3.45e+19	0	0	100000	1.96900556	1.140862e-05	5.891611e+26	5.376658e+25	1.390444e+25	3.986214e+25	1.840364e+26	3.513582e+26	4.28023e+25	3.906119e+24	1.010152e+24	2.895967e+24	1.337016e+25	2.552602e+25	0.5963703	4.28023e+26	3.906119e+25	1.010152e+25	2.895967e+25	1.318217e+26	2.515886e+26	5.551553e+24	0	0	0	0	0	0	0	0	0	0	0	0	0	0	5.513943e+26	8.438521e+18	5.513943e+26	2.492605e+26	4.408214e+21	2.49256e+26	1.334425e+26	1.135799e+14	1.334425e+26	4.985209e+26	2.140918e+14	4.985209e+26	1.485492e+26	9.282563e+14	1.485492e+26	4.758609e+26	2.189181e+21	4.758587e+26	2.146019e+23	1.486011e-09	0.00294977	4.072874e+09	3.158287e+11	6.579312e+12	7.561694e-06	1.222294e-10	3.053734e-16	0.4978249	0.5	0.3270545	0.9999998	86.01858	10.69685	10569.8	1.117189e+26	1.827432e+28	5.151575e+27	6.741065e+25	3.118866e+27	1.203261e+27	5.325573e+26	2.294797e+26	0.2188657	0	0.01400615	0.03560219	0.03560219	0.001424136	0.02670164	0	0	-0.03099444	0	4.443372e-16	0	4.443372e-16	0	-483.8493	0	-483.8493	0	30624.48	77194.93	413.8953	8580.658	1.106061	1	0	0.4523969	1	2	0	0	
20300	1760.328	3.45e+19	0	0	100000	1.96904775	1.140862e-05	5.899748e+26	5.376653e+25	1.390445e+25	3.986208e+25	1.845174e+26	3.516909e+26	4.286142e+25	3.906115e+24	1.010152e+24	2.895963e+24	1.340511e+25	2.555019e+25	0.5961116	4.286142e+26	3.906115e+25	1.010152e+25	2.895963e+25	1.321667e+26	2.518271e+26	5.559219e+24	0	0	0	0	0	0	0	0	0	0	0	0	0	0	5.521559e+26	8.549015e+18	5.521559e+26	2.496047e+26	4.412582e+21	2.496003e+26	1.336268e+26	1.138768e+14	1.336268e+26	4.992095e+26	2.146514e+14	4.992095e+26	1.487543e+26	9.306824e+14	1.487543e+26	4.765181e+26	2.194903e+21	4.765159e+26	2.146015e+23	1.486013e-09	0.002949778	4.072874e+09	3.166606e+11	6.582748e+12	7.563637e-06	1.222922e-10	3.056089e-16	0.4980808	0.5	0.3273068	0.9999998	86.13739	10.71162	10569.8	1.117189e+26	1.827432e+28	5.151575e+27	6.741065e+25	3.118866e+27	1.203261e+27	5.325573e+26	2.294797e+26	0.2188657	0	0.01399767	0.03560219	0.03560219	0.001424136	0.02670164	0	0	-0.03095225	0	4.466538e-16	0	4.466538e-16	0	-483.7732	0	-483.7732	0	30623.82	77194.93	414.467	8580.475	1.106061	1	0	0.4523969	1	2	0	0	
20328	1760.328	3.45e+19	0	0	100000	1.96908994	1.140862e-05	5.907886e+26	5.376648e+25	1.390446e+25	3.986202e+25	1.849983e+26	3.520238e+26	4.292054e+25	3.906112e+24	1.010153e+24	2.895959e+24	1.344005e+25	2.557438e+25	0.5958542	4.292054e+26	3.906112e+25	1.010153e+25	2.895959e+25	1.325115e+26	2.520659e+26	5.566888e+24	0	0	0	0	0	0	0	0	0	0	0	0	0	0	5.529175e+26	8.661003e+18	5.529175e+26	2.49949e+26	4.416917e+21	2.499446e+26	1.338111e+26	1.141735e+14	1.338111e+26	4.99898e+26	2.152106e+14	4.99898e+26	1.489595e+26	9.331073e+14	1.489595e+26	4.771754e+26	2.200622e+21	4.771732e+26	2.146012e+23	1.486015e-09	0.002949785	4.072874e+09	3.174921e+11	6.586198e+12	7.565584e-06	1.223552e-10	3.058449e-16	0.4983372	0.5	0.3275595	0.9999998	86.2562	10.7264	10569.8	1.117189e+26	1.827432e+28	5.151575e+27	6.741065e+25	3.118866e+27	1.203261e+27	5.325573e+26	2.294797e+26	0.2188657	0	0.01398927	0.03560219	0.03560219	0.001424136	0.02670164	0	0	-0.03091006	0	4.489853e-16	0	4.489853e-16	0	-483.697	0	-483.697	0	30623.17	77194.93	415.0387	8580.291	1.106061	1	0	0.452397	1	2	0	0	
20356	1760.328	3.45e+19	0	0	100000	1.96913213	1.140862e-05	5.916024e+26	5.376643e+25	1.390447e+25	3.986196e+25	1.854789e+26	3.523571e+26	4.297966e+25	3.906108e+24	1.010154e+24	2.895954e+24	1.347496e+25	2.559859e+25	0.5955978	4.297966e+26	3.906108e+25	1.010154e+25	2.895954e+25	1.328561e+26	2.523048e+26	5.574555e+24	0	0	0	0	0	0	0	0	0	0	0	0	0	0	5.536791e+26	8.774508e+18	5.536791e+26	2.502933e+26	4.421217e+21	2.502889e+26	1.339954e+26	1.144701e+14	1.339954e+26	5.005866e+26	2.157696e+14	5.005866e+26	1.491647e+26	9.355309e+14	1.491647e+26	4.778327e+26	2.206338e+21	4.778305e+26	2.146008e+23	1.486017e-09	0.002949792	4.072874e+09	3.183232e+11	6.589662e+12	7.567534e-06	1.224182e-10	3.060814e-16	0.4985941	0.5	0.3278129	0.9999999	86.37501	10.74117	10569.8	1.117189e+26	1.827432e+28	5.151575e+27	6.741065e+25	3.118866e+27	1.203261e+27	5.325573e+26	2.294797e+26	0.2188657	0	0.01398093	0.03560219	0.03560219	0.001424136	0.02670164	0	0	-0.03086787	0	4.51332e-16	0	4.51332e-16	0	-483.6207	0	-483.6207	0	30622.51	77194.93	415.6104	8580.107	1.106061	1	0	0.4523969	1	2	0	0	
20384	1760.328	3.45e+19	0	0	100000	1.96917432	1.140862e-05	5.924161e+26	5.376638e+25	1.390448e+25	3.98619e+25	1.859592e+26	3.526905e+26	4.303878e+25	3.906104e+24	1.010154e+24	2.89595e+24	1.350986e+25	2.562282e+25	0.5953425	4.303878e+26	3.906104e+25	1.010154e+25	2.89595e+25	1.332006e+26	2.525439e+26	5.582223e+24	0	0	0	0	0	0	0	0	0	0	0	0	0	0	5.544407e+26	8.889525e+18	5.544407e+26	2.506376e+26	4.425486e+21	2.506332e+26	1.341797e+26	1.147665e+14	1.341797e+26	5.012752e+26	2.163283e+14	5.012752e+26	1.493699e+26	9.379533e+14	1.493699e+26	4.784899e+26	2.212051e+21	4.784877e+26	2.146005e+23	1.486019e-09	0.0029498	4.072874e+09	3.191539e+11	6.593139e+12	7.569487e-06	1.224814e-10	3.063185e-16	0.4988515	0.5	0.3280668	0.9999999	86.49382	10.75595	10569.8	1.117189e+26	1.827432e+28	5.151575e+27	6.741065e+25	3.118866e+27	1.203261e+27	5.325573e+26	2.294797e+26	0.2188657	0	0.01397265	0.03560219	0.03560219	0.001424136	0.02670164	0	0	-0.03082568	0	4.536939e-16	0	4.536939e-16	0	-483.5443	0	-483.5443	0	30621.86	77194.93	416.1821	8579.923	1.106061	1	0	0.4523969	1	2	0	0	
20412	1760.328	3.45e+19	0	0	100000	1.96921651	1.140862e-05	5.932299e+26	5.376633e+25	1.390448e+25	3.986184e+25	1.864393e+26	3.530242e+26	4.30979e+25	3.906101e+24	1.010155e+24	2.895946e+24	1.354474e+25	2.564706e+25	0.5950884	4.30979e+26	3.906101e+25	1.010155e+25	2.895946e+25	1.335449e+26	2.527832e+26	5.589892e+24	0	0	0	0	0	0	0	0	0	0	0	0	0	0	5.552023e+26	9.006127e+18	5.552023e+26	2.509819e+26	4.429719e+21	2.509774e+26	1.34364e+26	1.150627e+14	1.34364e+26	5.019637e+26	2.168867e+14	5.019637e+26	1.495751e+26	9.403743e+14	1.495751e+26	4.791472e+26	2.217761e+21	4.79145e+26	2.146001e+23	1.486021e-09	0.002949807	4.072874e+09	3.199842e+11	6.59663e+12	7.571443e-06	1.225448e-10	3.06556e-16	0.4991094	0.5	0.3283212	0.9999999	86.61263	10.77072	10569.8	1.117189e+26	1.827432e+28	5.151575e+27	6.741065e+25	3.118866e+27	1.203261e+27	5.325573e+26	2.294797e+26	0.2188657	0	0.01396444	0.03560219	0.03560219	0.001424136	0.02670164	0	0	-0.03078349	0	4.560711e-16	0	4.560711e-16	0	-483.4678	0	-483.4678	0	30621.2	77194.93	416.7538	8579.739	1.106061	1	0	0.4523969	1	2	0	0	
20440	1760.328	3.45e+19	0	0	100000	1.9692587	1.140862e-05	5.940436e+26	5.376628e+25	1.390449e+25	3.986178e+25	1.869192e+26	3.533582e+26	4.315702e+25	3.906097e+24	1.010155e+24	2.895941e+24	1.35796e+25	2.567132e+25	0.5948354	4.315702e+26	3.906097e+25	1.010155e+25	2.895941e+25	1.33889e+26	2.530227e+26	5.597559e+24	0	0	0	0	0	0	0	0	0	0	0	0	0	0	5.559639e+26	9.124284e+18	5.559639e+26	2.513262e+26	4.43392e+21	2.513217e+26	1.345483e+26	1.153588e+14	1.345483e+26	5.026523e+26	2.174448e+14	5.026523e+26	1.497802e+26	9.427943e+14	1.497802e+26	4.798045e+26	2.223468e+21	4.798022e+26	2.145997e+23	1.486023e-09	0.002949814	4.072874e+09	3.208141e+11	6.600135e+12	7.573403e-06	1.226082e-10	3.067941e-16	0.4993678	0.5	0.3285761	0.9999999	86.73144	10.78549	10569.8	1.117189e+26	1.827432e+28	5.151575e+27	6.741065e+25	3.118866e+27	1.203261e+27	5.325573e+26	2.294797e+26	0.2188657	0	0.0139563	0.03560219	0.03560219	0.001424136	0.02670164	0	0	-0.0307413	0	4.584637e-16	0	4.584637e-16	0	-483.3913	0	-483.3913	0	30620.54	77194.93	417.3256	8579.555	1.106061	1	0	0.4523969	1	2	0	0	
20468	1760.328	3.45e+19	0	0	100000	1.96930089	1.140862e-05	5.948574e+26	5.376622e+25	1.39045e+25	3.986172e+25	1.873988e+26	3.536924e+26	4.321614e+25	3.906093e+24	1.010156e+24	2.895937e+24	1.361444e+25	2.56956e+25	0.5945835	4.321614e+26	3.906093e+25	1.010156e+25	2.895937e+25	1.342329e+26	2.532623e+26	5.605226e+24	0	0	0	0	0	0	0	0	0	0	0	0	0	0	5.567255e+26	9.24402e+18	5.567255e+26	2.516704e+26	4.438091e+21	2.51666e+26	1.347327e+26	1.156548e+14	1.347327e+26	5.033409e+26	2.180027e+14	5.033409e+26	1.499854e+26	9.452129e+14	1.499854e+26	4.804617e+26	2.229172e+21	4.804595e+26	2.145994e+23	1.486025e-09	0.002949822	4.072874e+09	3.216436e+11	6.603653e+12	7.575365e-06	1.226718e-10	3.070327e-16	0.4996266	0.5	0.3288317	0.9999999	86.85025	10.80027	10569.8	1.117189e+26	1.827432e+28	5.151575e+27	6.741065e+25	3.118866e+27	1.203261e+27	5.325573e+26	2.294797e+26	0.2188657	0	0.01394823	0.03560219	0.03560219	0.001424136	0.02670164	0	0	-0.03069911	0	4.60872e-16	0	4.60872e-16	0	-483.3146	0	-483.3146	0	30619.89	77194.93	417.8972	8579.372	1.106061	1	0	0.4523969	1	2	0	0	
20496	1760.328	3.45e+19	0	0	100000	1.96934308	1.140862e-05	5.956711e+26	5.376617e+25	1.390451e+25	3.986166e+25	1.878814e+26	3.540236e+26	4.327525e+25	3.906089e+24	1.010157e+24	2.895933e+24	1.36495e+25	2.571966e+25	0.5943272	4.327525e+26	3.906089e+25	1.010157e+25	2.895933e+25	1.34579e+26	2.534998e+26	5.612894e+24	0	0	0	0	0	0	0	0	0	0	0	0	0	0	5.574871e+26	9.365408e+18	5.574871e+26	2.520147e+26	4.442226e+21	2.520103e+26	1.34917e+26	1.159506e+14	1.34917e+26	5.040294e+26	2.185602e+14	5.040294e+26	1.501906e+26	9.476304e+14	1.501906e+26	4.81119e+26	2.234873e+21	4.811168e+26	2.14599e+23	1.486027e-09	0.002949829	4.072389e+09	3.225166e+11	6.607972e+12	7.577637e-06	1.227454e-10	3.07309e-16	0.4998668	0.5	0.3290884	0.9999999	86.96906	10.81504	10569.8	1.117189e+26	1.827432e+28	5.151575e+27	6.741065e+25	3.118866e+27	1.203261e+27	5.325573e+26	2.294797e+26	0.2188657	0	0.01394022	0.03560219	0.03560219	0.001424136	0.02670164	0	0	-0.03065692	0	4.632959e-16	0	4.632959e-16	0	-483.2378	0	-483.2378	0	30619.23	77194.93	418.469	8579.188	1.106061	1	0	0.452397	1	2	0	0	
20524	1760.328	3.45e+19	0	0	100000	1.96938527	1.140862e-05	5.964849e+26	5.376612e+25	1.390452e+25	3.98616e+25	1.883749e+26	3.543439e+26	4.333437e+25	3.906086e+24	1.010157e+24	2.895928e+24	1.368535e+25	2.574293e+25	0.5940534	4.333437e+26	3.906086e+25	1.010157e+25	2.895928e+25	1.349328e+26	2.537295e+26	5.620563e+24	0	0	0	0	0	0	0	0	0	0	0	0	0	0	5.582487e+26	9.488606e+18	5.582487e+26	2.52359e+26	4.446404e+21	2.523546e+26	1.351013e+26	1.162482e+14	1.351013e+26	5.04718e+26	2.191213e+14	5.04718e+26	1.503958e+26	9.500628e+14	1.503958e+26	4.817763e+26	2.24061e+21	4.81774e+26	2.145987e+23	1.486029e-09	0.002949836	4.069946e+09	3.235642e+11	6.615487e+12	7.58115e-06	1.228592e-10	3.077366e-16	0.5000302	0.5	0.3293486	0.9999999	87.08787	10.82982	10569.8	1.117189e+26	1.827432e+28	5.151575e+27	6.741065e+25	3.118866e+27	1.203261e+27	5.325573e+26	2.294797e+26	0.2188657	0	0.01393228	0.03560219	0.03560219	0.001424136	0.02670164	0	0	-0.03061473	0	4.657357e-16	0	4.657357e-16	0	-483.1609	0	-483.1609	0	30618.58	77194.93	419.0407	8579.004	1.106061	1	0	0.452397	1	2	0	0	
20552	1760.328	3.45e+19	0	0	100000	1.96942746	1.140862e-05	5.972987e+26	5.376607e+25	1.390452e+25	3.986154e+25	1.888683e+26	3.546643e+26	4.339349e+25	3.906082e+24	1.010158e+24	2.895924e+24	1.37212e+25	2.576621e+25	0.5937805	4.339349e+26	3.906082e+25	1.010158e+25	2.895924e+25	1.352867e+26	2.539592e+26	5.628231e+24	0	0	0	0	0	0	0	0	0	0	0	0	0	0	5.590103e+26	9.614022e+18	5.590103e+26	2.527033e+26	4.450813e+21	2.526988e+26	1.352856e+26	1.165526e+14	1.352856e+26	5.054066e+26	2.196949e+14	5.054066e+26	1.506009e+26	9.525501e+14	1.506009e+26	4.824335e+26	2.246476e+21	4.824313e+26	2.145983e+23	1.486031e-09	0.002949843	4.066179e+09	3.247186e+11	6.625177e+12	7.5855e-06	1.230002e-10	3.082666e-16	0.5001408	0.5	0.3296105	0.9999999	87.20668	10.84459	10569.8	1.117189e+26	1.827432e+28	5.151575e+27	6.741065e+25	3.118866e+27	1.203261e+27	5.325573e+26	2.294797e+26	0.2188657	0	0.0139244	0.03560219	0.03560219	0.001424136	0.02670164	0	0	-0.03057254	0	4.681914e-16	0	4.681914e-16	0	-483.084	0	-483.084	0	30617.92	77194.93	419.6124	8578.82	1.106061	1	0	0.452397	1	2	0	0	
20580	1760.328	3.45e+19	0	0	100000	1.96946965	1.140862e-05	5.981124e+26	5.376601e+25	1.390453e+25	3.986148e+25	1.893617e+26	3.549847e+26	4.345261e+25	3.906078e+24	1.010158e+24	2.89592e+24	1.375705e+25	2.578949e+25	0.5935084	4.345261e+26	3.906078e+25	1.010158e+25	2.89592e+25	1.356404e+26	2.54189e+26	5.635899e+24	0	0	0	0	0	0	0	0	0	0	0	0	0	0	5.597719e+26	9.741158e+18	5.597719e+26	2.530476e+26	4.455192e+21	2.530431e+26	1.354699e+26	1.168569e+14	1.354699e+26	5.060951e+26	2.202685e+14	5.060951e+26	1.508061e+26	9.550371e+14	1.508061e+26	4.830908e+26	2.252341e+21	4.830886e+26	2.14598e+23	1.486033e-09	0.002949851	4.061532e+09	3.259456e+11	6.636327e+12	7.590389e-06	1.231588e-10	3.088631e-16	0.5002136	0.5	0.3298709	0.9999999	87.32549	10.85937	10569.8	1.117189e+26	1.827432e+28	5.151575e+27	6.741065e+25	3.118866e+27	1.203261e+27	5.325573e+26	2.294797e+26	0.2188657	0	0.0139166	0.03560219	0.03560219	0.001424136	0.02670164	0	0	-0.03053035	0	4.706632e-16	0	4.706632e-16	0	-483.0069	0	-483.0069	0	30617.26	77194.93	420.1841	8578.636	1.106061	1	0	0.452397	1	2	0	0	
20608	1760.328	3.45e+19	0	0	100000	1.96951184	1.140862e-05	5.989262e+26	5.376596e+25	1.390454e+25	3.986142e+25	1.89855e+26	3.553052e+26	4.351173e+25	3.906074e+24	1.010159e+24	2.895915e+24	1.379289e+25	2.581277e+25	0.593237	4.351173e+26	3.906074e+25	1.010159e+25	2.895915e+25	1.359942e+26	2.544188e+26	5.643567e+24	0	0	0	0	0	0	0	0	0	0	0	0	0	0	5.605335e+26	9.870041e+18	5.605335e+26	2.533918e+26	4.459542e+21	2.533874e+26	1.356542e+26	1.171611e+14	1.356542e+26	5.067837e+26	2.208421e+14	5.067837e+26	1.510113e+26	9.575237e+14	1.510113e+26	4.837481e+26	2.258206e+21	4.837458e+26	2.145976e+23	1.486035e-09	0.002949858	4.056304e+09	3.272224e+11	6.648463e+12	7.595648e-06	1.233295e-10	3.095055e-16	0.5002621	0.5	0.3301314	1	87.4443	10.87414	10569.8	1.117189e+26	1.827432e+28	5.151575e+27	6.741065e+25	3.118866e+27	1.203261e+27	5.325573e+26	2.294797e+26	0.2188657	0	0.01390885	0.03560219	0.03560219	0.001424136	0.02670164	0	0	-0.03048816	0	4.731512e-16	0	4.731512e-16	0	-482.9298	0	-482.9298	0	30616.61	77194.93	420.7558	8578.453	1.106061	1	0	0.4523969	1	2	0	0	
20636	1760.328	3.45e+19	0	0	100000	1.96955403	1.140862e-05	5.997399e+26	5.376591e+25	1.390455e+25	3.986136e+25	1.903484e+26	3.556257e+26	4.357085e+25	3.90607e+24	1.010159e+24	2.895911e+24	1.382873e+25	2.583605e+25	0.5929665	4.357085e+26	3.90607e+25	1.010159e+25	2.895911e+25	1.36348e+26	2.546486e+26	5.651235e+24	0	0	0	0	0	0	0	0	0	0	0	0	0	0	5.612951e+26	1.00007e+19	5.612951e+26	2.537361e+26	4.463864e+21	2.537317e+26	1.358385e+26	1.174654e+14	1.358385e+26	5.074723e+26	2.214156e+14	5.074723e+26	1.512165e+26	9.600103e+14	1.512165e+26	4.844053e+26	2.26407e+21	4.844031e+26	2.145973e+23	1.486037e-09	0.002949865	4.050691e+09	3.285336e+11	6.661266e+12	7.601155e-06	1.235084e-10	3.101792e-16	0.5002944	0.5	0.3303922	1	87.56311	10.88892	10569.8	1.117189e+26	1.827432e+28	5.151575e+27	6.741065e+25	3.118866e+27	1.203261e+27	5.325573e+26	2.294797e+26	0.2188657	0	0.01390118	0.03560219	0.03560219	0.001424136	0.02670164	0	0	-0.03044597	0	4.756555e-16	0	4.756555e-16	0	-482.8525	0	-482.8525	0	30615.95	77194.93	421.3276	8578.269	1.106061	1	0	0.452397	1	2	0	0	
20664	1760.328	3.45e+19	0	0	100000	1.96959622	1.140862e-05	6.005537e+26	5.376585e+25	1.390455e+25	3.98613e+25	1.908417e+26	3.559462e+26	4.362997e+25	3.906066e+24	1.01016e+24	2.895906e+24	1.386457e+25	2.585934e+25	0.5926967	4.362997e+26	3.906066e+25	1.01016e+25	2.895906e+25	1.367017e+26	2.548784e+26	5.658902e+24	0	0	0	0	0	0	0	0	0	0	0	0	0	0	5.620567e+26	1.013315e+19	5.620567e+26	2.540804e+26	4.468157e+21	2.540759e+26	1.360228e+26	1.177696e+14	1.360228e+26	5.081608e+26	2.219891e+14	5.081608e+26	1.514217e+26	9.624968e+14	1.514217e+26	4.850626e+26	2.269934e+21	4.850603e+26	2.145969e+23	1.486039e-09	0.002949872	4.044826e+09	3.29869e+11	6.674523e+12	7.606827e-06	1.236928e-10	3.108741e-16	0.500316	0.5	0.330653	1	87.68192	10.90369	10569.8	1.117189e+26	1.827432e+28	5.151575e+27	6.741065e+25	3.118866e+27	1.203261e+27	5.325573e+26	2.294797e+26	0.2188657	0	0.01389357	0.03560219	0.03560219	0.001424136	0.02670164	0	0	-0.03040378	0	4.781763e-16	0	4.781763e-16	0	-482.7751	0	-482.7751	0	30615.3	77194.93	421.8993	8578.085	1.106061	1	0	0.452397	1	2	0	0	
20692	1760.328	3.45e+19	0	0	100000	1.96963841	1.140862e-05	6.013675e+26	5.37658e+25	1.390456e+25	3.986124e+25	1.91335e+26	3.562667e+26	4.368909e+25	3.906062e+24	1.01016e+24	2.895902e+24	1.39004e+25	2.588262e+25	0.5924276	4.368909e+26	3.906062e+25	1.01016e+25	2.895902e+25	1.370554e+26	2.551083e+26	5.666568e+24	0	0	0	0	0	0	0	0	0	0	0	0	0	0	5.628183e+26	1.02674e+19	5.628183e+26	2.544247e+26	4.472425e+21	2.544202e+26	1.362072e+26	1.180739e+14	1.362072e+26	5.088494e+26	2.225625e+14	5.088494e+26	1.516268e+26	9.649832e+14	1.516268e+26	4.857199e+26	2.275798e+21	4.857176e+26	2.145966e+23	1.486041e-09	0.002949879	4.038798e+09	3.312217e+11	6.688092e+12	7.612612e-06	1.23881e-10	3.115839e-16	0.5003304	0.5	0.330914	1	87.80073	10.91847	10569.8	1.117189e+26	1.827432e+28	5.151575e+27	6.741065e+25	3.118866e+27	1.203261e+27	5.325573e+26	2.294797e+26	0.2188657	0	0.01388603	0.03560219	0.03560219	0.001424136	0.02670164	0	0	-0.03036159	0	4.807136e-16	0	4.807136e-16	0	-482.6977	0	-482.6977	0	30614.64	77194.93	422.471	8577.901	1.106061	1	0	0.452397	1	2	0	0	
20720	1760.328	3.45e+19	0	0	100000	1.9696806	1.140862e-05	6.021812e+26	5.376574e+25	1.390457e+25	3.986118e+25	1.918283e+26	3.565872e+26	4.374821e+25	3.906058e+24	1.010161e+24	2.895897e+24	1.393624e+25	2.590591e+25	0.5921593	4.374821e+26	3.906058e+25	1.010161e+25	2.895897e+25	1.374092e+26	2.553381e+26	5.674238e+24	0	0	0	0	0	0	0	0	0	0	0	0	0	0	5.635799e+26	1.040354e+19	5.635798e+26	2.54769e+26	4.476662e+21	2.547645e+26	1.363915e+26	1.183781e+14	1.363915e+26	5.09538e+26	2.23136e+14	5.09538e+26	1.51832e+26	9.674695e+14	1.51832e+26	4.863771e+26	2.281662e+21	4.863749e+26	2.145963e+23	1.486043e-09	0.002949886	4.032665e+09	3.325871e+11	6.701879e+12	7.618472e-06	1.240718e-10	3.123039e-16	0.50034	0.5	0.3311751	1	87.91954	10.93324	10569.8	1.117189e+26	1.827432e+28	5.151575e+27	6.741065e+25	3.118866e+27	1.203261e+27	5.325573e+26	2.294797e+26	0.2188657	0	0.01387856	0.03560219	0.03560219	0.001424136	0.02670164	0	0	-0.0303194	0	4.832677e-16	0	4.832677e-16	0	-482.6201	0	-482.6201	0	30613.99	77194.93	423.0427	8577.718	1.106061	1	0	0.452397	1	2	0	0	
20748	1760.328	3.45e+19	0	0	100000	1.96972279	1.140862e-05	6.02995e+26	5.376569e+25	1.390457e+25	3.986112e+25	1.923216e+26	3.569077e+26	4.380733e+25	3.906054e+24	1.010161e+24	2.895893e+24	1.397208e+25	2.592919e+25	0.5918917	4.380733e+26	3.906054e+25	1.010161e+25	2.895893e+25	1.377629e+26	2.555679e+26	5.681904e+24	0	0	0	0	0	0	0	0	0	0	0	0	0	0	5.643415e+26	1.054155e+19	5.643414e+26	2.551133e+26	4.480872e+21	2.551088e+26	1.365758e+26	1.186823e+14	1.365758e+26	5.102265e+26	2.237094e+14	5.102265e+26	1.520372e+26	9.699559e+14	1.520372e+26	4.870344e+26	2.287526e+21	4.870321e+26	2.145959e+23	1.486045e-09	0.002949894	4.026466e+09	3.339621e+11	6.715819e+12	7.624382e-06	1.242644e-10	3.130314e-16	0.5003464	0.5	0.3314362	1	88.03835	10.94802	10569.8	1.117189e+26	1.827432e+28	5.151575e+27	6.741065e+25	3.118866e+27	1.203261e+27	5.325573e+26	2.294797e+26	0.2188657	0	0.01387115	0.03560219	0.03560219	0.001424136	0.02670164	0	0	-0.03027721	0	4.858385e-16	0	4.858385e-16	0	-482.5425	0	-482.5425	0	30613.33	77194.93	423.6144	8577.534	1.106061	1	0	0.452397	1	2	0	0	
20776	1760.328	3.45e+19	0	0	100000	1.96976498	1.140862e-05	6.038087e+26	5.376564e+25	1.390458e+25	3.986105e+25	1.928149e+26	3.572282e+26	4.386645e+25	3.90605e+24	1.010162e+24	2.895889e+24	1.400792e+25	2.595248e+25	0.5916248	4.386645e+26	3.90605e+25	1.010162e+25	2.895889e+25	1.381166e+26	2.557977e+26	5.689572e+24	0	0	0	0	0	0	0	0	0	0	0	0	0	0	5.65103e+26	1.068144e+19	5.65103e+26	2.554575e+26	4.485057e+21	2.554531e+26	1.367601e+26	1.189866e+14	1.367601e+26	5.109151e+26	2.242829e+14	5.109151e+26	1.522424e+26	9.724423e+14	1.522424e+26	4.876917e+26	2.29339e+21	4.876894e+26	2.145956e+23	1.486047e-09	0.002949901	4.020229e+09	3.353446e+11	6.729869e+12	7.630327e-06	1.244583e-10	3.137642e-16	0.5003507	0.5	0.3316975	1	88.15716	10.96279	10569.8	1.117189e+26	1.827432e+28	5.151575e+27	6.741065e+25	3.118866e+27	1.203261e+27	5.325573e+26	2.294797e+26	0.2188657	0	0.01386381	0.03560219	0.03560219	0.001424136	0.02670164	0	0	-0.03023502	0	4.884264e-16	0	4.884264e-16	0	-482.4647	0	-482.4647	0	30612.67	77194.93	424.1861	8577.35	1.106061	1	0	0.452397	1	2	0	0	
20804	1760.328	3.45e+19	0	0	100000	1.96980717	1.140862e-05	6.046225e+26	5.376558e+25	1.390459e+25	3.986099e+25	1.933082e+26	3.575487e+26	4.392557e+25	3.906046e+24	1.010162e+24	2.895884e+24	1.404376e+25	2.597576e+25	0.5913586	4.392557e+26	3.906046e+25	1.010162e+25	2.895884e+25	1.384704e+26	2.560276e+26	5.697241e+24	0	0	0	0	0	0	0	0	0	0	0	0	0	0	5.658646e+26	1.082329e+19	5.658646e+26	2.558018e+26	4.489212e+21	2.557973e+26	1.369444e+26	1.192908e+14	1.369444e+26	5.116036e+26	2.248564e+14	5.116036e+26	1.524476e+26	9.749287e+14	1.524476e+26	4.883489e+26	2.299254e+21	4.883466e+26	2.145952e+23	1.486049e-09	0.002949908	4.013969e+09	3.367333e+11	6.744002e+12	7.636296e-06	1.246531e-10	3.145011e-16	0.5003535	0.5	0.3319588	1	88.27597	10.97757	10569.8	1.117189e+26	1.827432e+28	5.151575e+27	6.741065e+25	3.118866e+27	1.203261e+27	5.325573e+26	2.294797e+26	0.2188657	0	0.01385654	0.03560219	0.03560219	0.001424136	0.02670164	0	0	-0.03019283	0	4.910314e-16	0	4.910314e-16	0	-482.3869	0	-482.3869	0	30612.02	77194.93	424.7578	8577.167	1.106061	1	0	0.452397	1	2	0	0	
20832	1760.328	3.45e+19	0	0	100000	1.96984936	1.140862e-05	6.054362e+26	5.376552e+25	1.390459e+25	3.986093e+25	1.938015e+26	3.578692e+26	4.398468e+25	3.906042e+24	1.010163e+24	2.89588e+24	1.40796e+25	2.599905e+25	0.5910931	4.398468e+26	3.906042e+25	1.010163e+25	2.89588e+25	1.388241e+26	2.562574e+26	5.704909e+24	0	0	0	0	0	0	0	0	0	0	0	0	0	0	5.666262e+26	1.096707e+19	5.666262e+26	2.561461e+26	4.493342e+21	2.561416e+26	1.371287e+26	1.19595e+14	1.371287e+26	5.122922e+26	2.254298e+14	5.122922e+26	1.526527e+26	9.774149e+14	1.526527e+26	4.890062e+26	2.305117e+21	4.890039e+26	2.145949e+23	1.486051e-09	0.002949915	4.007699e+09	3.381272e+11	6.758197e+12	7.642281e-06	1.248485e-10	3.152412e-16	0.5003554	0.5	0.3322202	1	88.39479	10.99234	10569.8	1.117189e+26	1.827432e+28	5.151575e+27	6.741065e+25	3.118866e+27	1.203261e+27	5.325573e+26	2.294797e+26	0.2188657	0	0.01384933	0.03560219	0.03560219	0.001424136	0.02670164	0	0	-0.03015064	0	4.936536e-16	0	4.936536e-16	0	-482.3089	0	-482.3089	0	30611.36	77194.93	425.3295	8576.983	1.106061	1	0	0.452397	1	2	0	0	
20860	1760.328	3.45e+19	0	0	100000	1.96989155	1.140862e-05	6.0625e+26	5.376547e+25	1.39046e+25	3.986087e+25	1.942948e+26	3.581897e+26	4.40438e+25	3.906038e+24	1.010163e+24	2.895875e+24	1.411544e+25	2.602233e+25	0.5908284	4.40438e+26	3.906038e+25	1.010163e+25	2.895875e+25	1.391779e+26	2.564872e+26	5.712577e+24	0	0	0	0	0	0	0	0	0	0	0	0	0	0	5.673878e+26	1.111285e+19	5.673878e+26	2.564904e+26	4.497445e+21	2.564859e+26	1.37313e+26	1.198993e+14	1.37313e+26	5.129808e+26	2.260033e+14	5.129808e+26	1.528579e+26	9.799014e+14	1.528579e+26	4.896635e+26	2.310981e+21	4.896612e+26	2.145945e+23	1.486053e-09	0.002949922	4.001427e+09	3.395257e+11	6.772443e+12	7.648278e-06	1.250445e-10	3.159838e-16	0.5003566	0.5	0.3324817	1	88.5136	11.00711	10569.8	1.117189e+26	1.827432e+28	5.151575e+27	6.741065e+25	3.118866e+27	1.203261e+27	5.325573e+26	2.294797e+26	0.2188657	0	0.0138422	0.03560219	0.03560219	0.001424136	0.02670164	0	0	-0.03010845	0	4.962932e-16	0	4.962932e-16	0	-482.2309	0	-482.2309	0	30610.71	77194.93	425.9013	8576.799	1.106061	1	0	0.452397	1	2	0	0	
20888	1760.328	3.45e+19	0	0	100000	1.96993374	1.140862e-05	6.070638e+26	5.376541e+25	1.390461e+25	3.986081e+25	1.947881e+26	3.585102e+26	4.410292e+25	3.906034e+24	1.010164e+24	2.895871e+24	1.415128e+25	2.604561e+25	0.5905643	4.410292e+26	3.906034e+25	1.010164e+25	2.895871e+25	1.395316e+26	2.56717e+26	5.720243e+24	0	0	0	0	0	0	0	0	0	0	0	0	0	0	5.681494e+26	1.126067e+19	5.681494e+26	2.568347e+26	4.501519e+21	2.568302e+26	1.374973e+26	1.202035e+14	1.374973e+26	5.136693e+26	2.265768e+14	5.136693e+26	1.530631e+26	9.823878e+14	1.530631e+26	4.903207e+26	2.316845e+21	4.903184e+26	2.145942e+23	1.486055e-09	0.002949929	3.995158e+09	3.409283e+11	6.786731e+12	7.654282e-06	1.25241e-10	3.167286e-16	0.5003574	0.5	0.3327433	1	88.63241	11.02189	10569.8	1.117189e+26	1.827432e+28	5.151575e+27	6.741065e+25	3.118866e+27	1.203261e+27	5.325573e+26	2.294797e+26	0.2188657	0	0.01383513	0.03560219	0.03560219	0.001424136	0.02670164	0	0	-0.03006626	0	4.989503e-16	0	4.989503e-16	0	-482.1527	0	-482.1527	0	30610.05	77194.93	426.473	8576.616	1.106061	1	0	0.452397	1	2	0	0	
20916	1760.328	3.45e+19	0	0	100000	1.96997593	1.140862e-05	6.078775e+26	5.376536e+25	1.390461e+25	3.986074e+25	1.952815e+26	3.588307e+26	4.416204e+25	3.90603e+24	1.010164e+24	2.895866e+24	1.418711e+25	2.60689e+25	0.590301	4.416204e+26	3.90603e+25	1.010164e+25	2.895866e+25	1.398854e+26	2.569469e+26	5.727911e+24	0	0	0	0	0	0	0	0	0	0	0	0	0	0	5.68911e+26	1.141052e+19	5.68911e+26	2.57179e+26	4.505568e+21	2.571744e+26	1.376817e+26	1.205078e+14	1.376817e+26	5.143579e+26	2.271502e+14	5.143579e+26	1.532683e+26	9.848741e+14	1.532683e+26	4.90978e+26	2.322709e+21	4.909757e+26	2.145939e+23	1.486057e-09	0.002949936	3.988895e+09	3.423349e+11	6.801055e+12	7.660293e-06	1.254377e-10	3.174754e-16	0.5003579	0.5	0.3330049	1	88.75122	11.03666	10569.8	1.117189e+26	1.827432e+28	5.151575e+27	6.741065e+25	3.118866e+27	1.203261e+27	5.325573e+26	2.294797e+26	0.2188657	0	0.01382812	0.03560219	0.03560219	0.001424136	0.02670164	0	0	-0.03002407	0	5.01625e-16	0	5.01625e-16	0	-482.0745	0	-482.0745	0	30609.4	77194.93	427.0447	8576.432	1.106061	1	0	0.452397	1	2	0	0	
20944	1760.328	3.45e+19	0	0	100000	1.97001812	1.140862e-05	6.086913e+26	5.37653e+25	1.390462e+25	3.986068e+25	1.957748e+26	3.591512e+26	4.422116e+25	3.906026e+24	1.010165e+24	2.895862e+24	1.422295e+25	2.609218e+25	0.5900383	4.422116e+26	3.906026e+25	1.010165e+25	2.895862e+25	1.402391e+26	2.571767e+26	5.73558e+24	0	0	0	0	0	0	0	0	0	0	0	0	0	0	5.696726e+26	1.156244e+19	5.696726e+26	2.575232e+26	4.509591e+21	2.575187e+26	1.37866e+26	1.20812e+14	1.37866e+26	5.150465e+26	2.277237e+14	5.150465e+26	1.534734e+26	9.873605e+14	1.534734e+26	4.916353e+26	2.328573e+21	4.916329e+26	2.145935e+23	1.486059e-09	0.002949943	3.98264e+09	3.437452e+11	6.815411e+12	7.666308e-06	1.256348e-10	3.182239e-16	0.5003582	0.5	0.3332666	1	88.87003	11.05144	10569.8	1.117189e+26	1.827432e+28	5.151575e+27	6.741065e+25	3.118866e+27	1.203261e+27	5.325573e+26	2.294797e+26	0.2188657	0	0.01382118	0.03560219	0.03560219	0.001424136	0.02670164	0	0	-0.02998188	0	5.043176e-16	0	5.043176e-16	0	-481.9962	0	-481.9962	0	30608.74	77194.93	427.6164	8576.248	1.106061	1	0	0.452397	1	2	0	0	
20972	1760.328	3.45e+19	0	0	100000	1.97006031	1.140862e-05	6.09505e+26	5.376525e+25	1.390463e+25	3.986062e+25	1.962681e+26	3.594717e+26	4.428028e+25	3.906022e+24	1.010165e+24	2.895857e+24	1.425879e+25	2.611546e+25	0.5897764	4.428028e+26	3.906022e+25	1.010165e+25	2.895857e+25	1.405929e+26	2.574065e+26	5.743246e+24	0	0	0	0	0	0	0	0	0	0	0	0	0	0	5.704342e+26	1.17165e+19	5.704342e+26	2.578675e+26	4.513585e+21	2.57863e+26	1.380503e+26	1.211162e+14	1.380503e+26	5.15735e+26	2.282972e+14	5.15735e+26	1.536786e+26	9.89847e+14	1.536786e+26	4.922925e+26	2.334437e+21	4.922902e+26	2.145932e+23	1.486061e-09	0.00294995	3.976395e+09	3.45159e+11	6.829796e+12	7.672327e-06	1.258322e-10	3.18974e-16	0.5003584	0.5	0.3335284	1	88.98884	11.06621	10569.8	1.117189e+26	1.827432e+28	5.151575e+27	6.741065e+25	3.118866e+27	1.203261e+27	5.325573e+26	2.294797e+26	0.2188657	0	0.01381431	0.03560219	0.03560219	0.001424136	0.02670164	0	0	-0.02993969	0	5.070281e-16	0	5.070281e-16	0	-481.9177	0	-481.9177	0	30608.09	77194.93	428.1881	8576.065	1.106061	1	0	0.452397	1	2	0	0	
21000	1760.328	3.45e+19	0	0	100000	1.9701025	1.140862e-05	6.103188e+26	5.376519e+25	1.390463e+25	3.986056e+25	1.967614e+26	3.597922e+26	4.43394e+25	3.906018e+24	1.010166e+24	2.895852e+24	1.429463e+25	2.613875e+25	0.5895151	4.43394e+26	3.906018e+25	1.010166e+25	2.895852e+25	1.409466e+26	2.576363e+26	5.750916e+24	0	0	0	0	0	0	0	0	0	0	0	0	0	0	5.711958e+26	1.187267e+19	5.711958e+26	2.582118e+26	4.517554e+21	2.582073e+26	1.382346e+26	1.214205e+14	1.382346e+26	5.164236e+26	2.288707e+14	5.164236e+26	1.538838e+26	9.923335e+14	1.538838e+26	4.929498e+26	2.340301e+21	4.929475e+26	2.145929e+23	1.486063e-09	0.002949957	3.970162e+09	3.465764e+11	6.844209e+12	7.678349e-06	1.260298e-10	3.197256e-16	0.5003585	0.5	0.3337902	1	89.10765	11.08099	10569.8	1.117189e+26	1.827432e+28	5.151575e+27	6.741065e+25	3.118866e+27	1.203261e+27	5.325573e+26	2.294797e+26	0.2188657	0	0.01380751	0.03560219	0.03560219	0.001424136	0.02670164	0	0	-0.0298975	0	5.097567e-16	0	5.097567e-16	0	-481.8392	0	-481.8392	0	30607.43	77194.93	428.7598	8575.881	1.106061	1	0	0.452397	1	2	0	0	
21028	1760.328	3.45e+19	0	0	100000	1.97014469	1.140862e-05	6.111326e+26	5.376513e+25	1.390464e+25	3.986049e+25	1.972548e+26	3.601127e+26	4.439852e+25	3.906014e+24	1.010166e+24	2.895848e+24	1.433047e+25	2.616203e+25	0.5892546	4.439852e+26	3.906014e+25	1.010166e+25	2.895848e+25	1.413004e+26	2.578661e+26	5.758582e+24	0	0	0	0	0	0	0	0	0	0	0	0	0	0	5.719574e+26	1.203104e+19	5.719574e+26	2.585561e+26	4.521495e+21	2.585516e+26	1.384189e+26	1.217247e+14	1.384189e+26	5.171122e+26	2.294441e+14	5.171122e+26	1.54089e+26	9.9482e+14	1.54089e+26	4.936071e+26	2.346165e+21	4.936047e+26	2.145925e+23	1.486065e-09	0.002949964	3.96394e+09	3.479973e+11	6.858649e+12	7.684373e-06	1.262276e-10	3.204787e-16	0.5003586	0.5	0.3340522	1	89.22646	11.09576	10569.8	1.117189e+26	1.827432e+28	5.151575e+27	6.741065e+25	3.118866e+27	1.203261e+27	5.325573e+26	2.294797e+26	0.2188657	0	0.01380078	0.03560219	0.03560219	0.001424136	0.02670164	0	0	-0.02985531	0	5.125034e-16	0	5.125034e-16	0	-481.7605	0	-481.7605	0	30606.77	77194.93	429.3316	8575.697	1.106061	1	0	0.452397	1	2	0	0	
21056	1760.328	3.45e+19	0	0	100000	1.97018688	1.140862e-05	6.119463e+26	5.376508e+25	1.390464e+25	3.986043e+25	1.977481e+26	3.604331e+26	4.445764e+25	3.90601e+24	1.010166e+24	2.895843e+24	1.436632e+25	2.618531e+25	0.5889947	4.445764e+26	3.90601e+25	1.010166e+25	2.895843e+25	1.416541e+26	2.580959e+26	5.766249e+24	0	0	0	0	0	0	0	0	0	0	0	0	0	0	5.72719e+26	1.219159e+19	5.72719e+26	2.589004e+26	4.525412e+21	2.588958e+26	1.386032e+26	1.22029e+14	1.386032e+26	5.178007e+26	2.300176e+14	5.178007e+26	1.542942e+26	9.973065e+14	1.542942e+26	4.942643e+26	2.35203e+21	4.94262e+26	2.145922e+23	1.486067e-09	0.002949971	3.95773e+09	3.494215e+11	6.873115e+12	7.690399e-06	1.264257e-10	3.212333e-16	0.5003586	0.5	0.3343141	1	89.34527	11.11054	10569.8	1.117189e+26	1.827432e+28	5.151575e+27	6.741065e+25	3.118866e+27	1.203261e+27	5.325573e+26	2.294797e+26	0.2188657	0	0.01379411	0.03560219	0.03560219	0.001424136	0.02670164	0	0	-0.02981312	0	5.152686e-16	0	5.152686e-16	0	-481.6818	0	-481.6818	0	30606.12	77194.93	429.9033	8575.514	1.106061	1	0	0.452397	1	2	0	0	
21084	1760.328	3.45e+19	0	0	100000	1.97022907	1.140862e-05	6.127601e+26	5.376502e+25	1.390465e+25	3.986037e+25	1.982414e+26	3.607536e+26	4.451676e+25	3.906006e+24	1.010167e+24	2.895839e+24	1.440216e+25	2.62086e+25	0.5887355	4.451676e+26	3.906006e+25	1.010167e+25	2.895839e+25	1.420079e+26	2.583257e+26	5.773918e+24	0	0	0	0	0	0	0	0	0	0	0	0	0	0	5.734806e+26	1.23544e+19	5.734806e+26	2.592446e+26	4.5293e+21	2.592401e+26	1.387875e+26	1.223332e+14	1.387875e+26	5.184893e+26	2.305911e+14	5.184893e+26	1.544993e+26	9.997929e+14	1.544993e+26	4.949216e+26	2.357894e+21	4.949192e+26	2.145918e+23	1.486069e-09	0.002949978	3.951533e+09	3.508492e+11	6.887606e+12	7.696427e-06	1.266239e-10	3.219893e-16	0.5003586	0.5	0.3345762	1	89.46408	11.12531	10569.8	1.117189e+26	1.827432e+28	5.151575e+27	6.741065e+25	3.118866e+27	1.203261e+27	5.325573e+26	2.294797e+26	0.2188657	0	0.01378751	0.03560219	0.03560219	0.001424136	0.02670164	0	0	-0.02977093	0	5.180523e-16	0	5.180523e-16	0	-481.6029	0	-481.6029	0	30605.46	77194.93	430.475	8575.33	1.106061	1	0	0.452397	1	2	0	0	
21112	1760.328	3.45e+19	0	0	100000	1.97027126	1.140862e-05	6.135738e+26	5.376496e+25	1.390465e+25	3.986031e+25	1.987348e+26	3.610741e+26	4.457588e+25	3.906001e+24	1.010167e+24	2.895834e+24	1.4438e+25	2.623188e+25	0.588477	4.457588e+26	3.906001e+25	1.010167e+25	2.895834e+25	1.423616e+26	2.585555e+26	5.781585e+24	0	0	0	0	0	0	0	0	0	0	0	0	0	0	5.742422e+26	1.251948e+19	5.742422e+26	2.595889e+26	4.533163e+21	2.595844e+26	1.389719e+26	1.226375e+14	1.389719e+26	5.191779e+26	2.311646e+14	5.191779e+26	1.547045e+26	1.00228e+15	1.547045e+26	4.955789e+26	2.363758e+21	4.955765e+26	2.145915e+23	1.486071e-09	0.002949984	3.945348e+09	3.522803e+11	6.902123e+12	7.702457e-06	1.268224e-10	3.227467e-16	0.5003585	0.5	0.3348383	1	89.58289	11.14009	10569.8	1.117189e+26	1.827432e+28	5.151575e+27	6.741065e+25	3.118866e+27	1.203261e+27	5.325573e+26	2.294797e+26	0.2188657	0	0.01378098	0.03560219	0.03560219	0.001424136	0.02670164	0	0	-0.02972874	0	5.208546e-16	0	5.208546e-16	0	-481.5239	0	-481.5239	0	30604.81	77194.93	431.0467	8575.146	1.106061	1	0	0.452397	1	2	0	0	
21140	1760.328	3.45e+19	0	0	100000	1.97031345	1.140862e-05	6.143876e+26	5.37649e+25	1.390466e+25	3.986024e+25	1.992281e+26	3.613946e+26	4.4635e+25	3.905997e+24	1.010168e+24	2.89583e+24	1.447384e+25	2.625516e+25	0.5882192	4.4635e+26	3.905997e+25	1.010168e+25	2.89583e+25	1.427154e+26	2.587853e+26	5.789253e+24	0	0	0	0	0	0	0	0	0	0	0	0	0	0	5.750038e+26	1.268686e+19	5.750038e+26	2.599332e+26	4.536999e+21	2.599287e+26	1.391562e+26	1.229417e+14	1.391562e+26	5.198664e+26	2.317381e+14	5.198664e+26	1.549097e+26	1.004766e+15	1.549097e+26	4.962361e+26	2.369622e+21	4.962338e+26	2.145912e+23	1.486073e-09	0.002949991	3.939176e+09	3.537147e+11	6.916663e+12	7.708489e-06	1.270211e-10	3.235055e-16	0.5003585	0.5	0.3351004	1	89.7017	11.15486	10569.8	1.117189e+26	1.827432e+28	5.151575e+27	6.741065e+25	3.118866e+27	1.203261e+27	5.325573e+26	2.294797e+26	0.2188657	0	0.01377451	0.03560219	0.03560219	0.001424136	0.02670164	0	0	-0.02968655	0	5.236758e-16	0	5.236758e-16	0	-481.4449	0	-481.4449	0	30604.15	77194.93	431.6184	8574.963	1.106061	1	0	0.452397	1	2	0	0	
21168	1760.328	3.45e+19	0	0	100000	1.97035564	1.140862e-05	6.152014e+26	5.376485e+25	1.390466e+25	3.986018e+25	1.997215e+26	3.61715e+26	4.469412e+25	3.905993e+24	1.010168e+24	2.895825e+24	1.450968e+25	2.627844e+25	0.587962	4.469412e+26	3.905993e+25	1.010168e+25	2.895825e+25	1.430692e+26	2.590151e+26	5.796923e+24	0	0	0	0	0	0	0	0	0	0	0	0	0	0	5.757654e+26	1.285657e+19	5.757654e+26	2.602775e+26	4.540809e+21	2.60273e+26	1.393405e+26	1.23246e+14	1.393405e+26	5.20555e+26	2.323116e+14	5.20555e+26	1.551149e+26	1.007253e+15	1.551149e+26	4.968934e+26	2.375486e+21	4.96891e+26	2.145908e+23	1.486075e-09	0.002949998	3.933016e+09	3.551525e+11	6.931229e+12	7.714522e-06	1.2722e-10	3.242657e-16	0.5003584	0.5	0.3353627	1	89.82051	11.16964	10569.8	1.117189e+26	1.827432e+28	5.151575e+27	6.741065e+25	3.118866e+27	1.203261e+27	5.325573e+26	2.294797e+26	0.2188657	0	0.01376811	0.03560219	0.03560219	0.001424136	0.02670164	0	0	-0.02964436	0	5.265159e-16	0	5.265159e-16	0	-481.3657	0	-481.3657	0	30603.5	77194.93	432.1901	8574.779	1.106061	1	0	0.452397	1	2	0	0	
21196	1760.328	3.45e+19	0	0	100000	1.97039783	1.140862e-05	6.160151e+26	5.376479e+25	1.390467e+25	3.986012e+25	2.002148e+26	3.620355e+26	4.475323e+25	3.905989e+24	1.010168e+24	2.89582e+24	1.454552e+25	2.630172e+25	0.5877055	4.475323e+26	3.905989e+25	1.010168e+25	2.89582e+25	1.43423e+26	2.592449e+26	5.80459e+24	0	0	0	0	0	0	0	0	0	0	0	0	0	0	5.76527e+26	1.302866e+19	5.765269e+26	2.606218e+26	4.544594e+21	2.606172e+26	1.395248e+26	1.235503e+14	1.395248e+26	5.212436e+26	2.328851e+14	5.212436e+26	1.5532e+26	1.009739e+15	1.5532e+26	4.975507e+26	2.381351e+21	4.975483e+26	2.145905e+23	1.486077e-09	0.002950005	3.92687e+09	3.565936e+11	6.945819e+12	7.720557e-06	1.274191e-10	3.250272e-16	0.5003583	0.5	0.335625	1	89.93932	11.18441	10569.8	1.117189e+26	1.827432e+28	5.151575e+27	6.741065e+25	3.118866e+27	1.203261e+27	5.325573e+26	2.294797e+26	0.2188657	0	0.01376178	0.03560219	0.03560219	0.001424136	0.02670164	0	0	-0.02960217	0	5.293751e-16	0	5.293751e-16	0	-481.2865	0	-481.2865	0	30602.84	77194.93	432.7618	8574.595	1.106061	1	0	0.452397	1	2	0	0	
21224	1760.328	3.45e+19	0	0	100000	1.97044002	1.140862e-05	6.168289e+26	5.376473e+25	1.390468e+25	3.986005e+25	2.007082e+26	3.623559e+26	4.481235e+25	3.905985e+24	1.010169e+24	2.895816e+24	1.458136e+25	2.6325e+25	0.5874497	4.481235e+26	3.905985e+25	1.010169e+25	2.895816e+25	1.437767e+26	2.594747e+26	5.812257e+24	0	0	0	0	0	0	0	0	0	0	0	0	0	0	5.772886e+26	1.320315e+19	5.772885e+26	2.609661e+26	4.548353e+21	2.609615e+26	1.397091e+26	1.238545e+14	1.397091e+26	5.219321e+26	2.334586e+14	5.219321e+26	1.555252e+26	1.012226e+15	1.555252e+26	4.982079e+26	2.387215e+21	4.982055e+26	2.145902e+23	1.486079e-09	0.002950012	3.920736e+09	3.580382e+11	6.960433e+12	7.726593e-06	1.276185e-10	3.257902e-16	0.5003583	0.5	0.3358873	1	90.05813	11.19919	10569.8	1.117189e+26	1.827432e+28	5.151575e+27	6.741065e+25	3.118866e+27	1.203261e+27	5.325573e+26	2.294797e+26	0.2188657	0	0.01375552	0.03560219	0.03560219	0.001424136	0.02670164	0	0	-0.02955998	0	5.322536e-16	0	5.322536e-16	0	-481.2071	0	-481.2071	0	30602.19	77194.93	433.3335	8574.412	1.106061	1	0	0.452397	1	2	0	0	
21252	1760.328	3.45e+19	0	0	100000	1.97048221	1.140862e-05	6.176426e+26	5.376467e+25	1.390468e+25	3.985999e+25	2.012016e+26	3.626764e+26	4.487147e+25	3.90598e+24	1.010169e+24	2.895811e+24	1.461721e+25	2.634829e+25	0.5871946	4.487147e+26	3.90598e+25	1.010169e+25	2.895811e+25	1.441305e+26	2.597045e+26	5.819925e+24	0	0	0	0	0	0	0	0	0	0	0	0	0	0	5.780501e+26	1.338008e+19	5.780501e+26	2.613103e+26	4.552086e+21	2.613058e+26	1.398934e+26	1.241588e+14	1.398934e+26	5.226207e+26	2.340322e+14	5.226207e+26	1.557304e+26	1.014712e+15	1.557304e+26	4.988652e+26	2.39308e+21	4.988628e+26	2.145899e+23	1.48608e-09	0.002950019	3.914615e+09	3.594861e+11	6.975071e+12	7.73263e-06	1.27818e-10	3.265545e-16	0.5003582	0.5	0.3361497	1	90.17694	11.21396	10569.8	1.117189e+26	1.827432e+28	5.151575e+27	6.741065e+25	3.118866e+27	1.203261e+27	5.325573e+26	2.294797e+26	0.2188657	0	0.01374932	0.03560219	0.03560219	0.001424136	0.02670164	0	0	-0.02951779	0	5.351516e-16	0	5.351516e-16	0	-481.1276	0	-481.1276	0	30601.53	77194.93	433.9053	8574.228	1.106061	1	0	0.4523971	1	2	0	0	
21280	1760.328	3.45e+19	0	0	100000	1.9705244	1.140862e-05	6.184564e+26	5.376461e+25	1.390469e+25	3.985993e+25	2.016949e+26	3.629969e+26	4.493059e+25	3.905976e+24	1.010169e+24	2.895807e+24	1.465305e+25	2.637157e+25	0.5869401	4.493059e+26	3.905976e+25	1.010169e+25	2.895807e+25	1.444843e+26	2.599343e+26	5.827593e+24	0	0	0	0	0	0	0	0	0	0	0	0	0	0	5.788117e+26	1.355952e+19	5.788117e+26	2.616546e+26	4.555792e+21	2.616501e+26	1.400777e+26	1.244631e+14	1.400777e+26	5.233092e+26	2.346057e+14	5.233092e+26	1.559356e+26	1.017199e+15	1.559356e+26	4.995225e+26	2.398944e+21	4.995201e+26	2.145895e+23	1.486082e-09	0.002950026	3.908507e+09	3.609373e+11	6.989734e+12	7.738669e-06	1.280177e-10	3.273202e-16	0.5003581	0.5	0.3364122	1	90.29575	11.22873	10569.8	1.117189e+26	1.827432e+28	5.151575e+27	6.741065e+25	3.118866e+27	1.203261e+27	5.325573e+26	2.294797e+26	0.2188657	0	0.01374319	0.03560219	0.03560219	0.001424136	0.02670164	0	0	-0.0294756	0	5.380691e-16	0	5.380691e-16	0	-481.0481	0	-481.0481	0	30600.88	77194.93	434.477	8574.045	1.106061	1	0	0.4523971	1	2	0	0	
21308	1760.328	3.45e+19	0	0	100000	1.97056659	1.140862e-05	6.192701e+26	5.376455e+25	1.390469e+25	3.985986e+25	2.021883e+26	3.633173e+26	4.498971e+25	3.905972e+24	1.01017e+24	2.895802e+24	1.468889e+25	2.639485e+25	0.5866863	4.498971e+26	3.905972e+25	1.01017e+25	2.895802e+25	1.448381e+26	2.601641e+26	5.83526e+24	0	0	0	0	0	0	0	0	0	0	0	0	0	0	5.795733e+26	1.374147e+19	5.795733e+26	2.619989e+26	4.559473e+21	2.619943e+26	1.40262e+26	1.247673e+14	1.40262e+26	5.239978e+26	2.351792e+14	5.239978e+26	1.561408e+26	1.019686e+15	1.561408e+26	5.001797e+26	2.404809e+21	5.001773e+26	2.145892e+23	1.486084e-09	0.002950032	3.902412e+09	3.62392e+11	7.004421e+12	7.74471e-06	1.282176e-10	3.280872e-16	0.500358	0.5	0.3366747	1	90.41456	11.24351	10569.8	1.117189e+26	1.827432e+28	5.151575e+27	6.741065e+25	3.118866e+27	1.203261e+27	5.325573e+26	2.294797e+26	0.2188657	0	0.01373713	0.03560219	0.03560219	0.001424136	0.02670164	0	0	-0.02943341	0	5.410063e-16	0	5.410063e-16	0	-480.9684	0	-480.9684	0	30600.22	77194.93	435.0487	8573.861	1.106061	1	0	0.4523971	1	2	0	0	
21336	1760.328	3.45e+19	0	0	100000	1.97060878	1.140862e-05	6.200839e+26	5.376449e+25	1.39047e+25	3.98598e+25	2.026817e+26	3.636377e+26	4.504883e+25	3.905968e+24	1.01017e+24	2.895797e+24	1.472474e+25	2.641813e+25	0.5864331	4.504883e+26	3.905968e+25	1.01017e+25	2.895797e+25	1.451918e+26	2.603939e+26	5.842928e+24	0	0	0	0	0	0	0	0	0	0	0	0	0	0	5.803349e+26	1.392597e+19	5.803349e+26	2.623432e+26	4.563128e+21	2.623386e+26	1.404464e+26	1.250716e+14	1.404464e+26	5.246864e+26	2.357527e+14	5.246864e+26	1.563459e+26	1.022172e+15	1.563459e+26	5.00837e+26	2.410673e+21	5.008346e+26	2.145889e+23	1.486086e-09	0.002950039	3.89633e+09	3.6385e+11	7.019131e+12	7.750751e-06	1.284177e-10	3.288556e-16	0.5003579	0.5	0.3369373	1	90.53337	11.25828	10569.8	1.117189e+26	1.827432e+28	5.151575e+27	6.741065e+25	3.118866e+27	1.203261e+27	5.325573e+26	2.294797e+26	0.2188657	0	0.01373114	0.03560219	0.03560219	0.001424136	0.02670164	0	0	-0.02939122	0	5.439634e-16	0	5.439634e-16	0	-480.8886	0	-480.8886	0	30599.57	77194.93	435.6204	8573.678	1.106061	1	0	0.452397	1	2	0	0	
21364	1760.328	3.45e+19	0	0	100000	1.97065097	1.140862e-05	6.208977e+26	5.376444e+25	1.39047e+25	3.985974e+25	2.03175e+26	3.639582e+26	4.510795e+25	3.905963e+24	1.01017e+24	2.895793e+24	1.476058e+25	2.644141e+25	0.5861807	4.510795e+26	3.905963e+25	1.01017e+25	2.895793e+25	1.455456e+26	2.606236e+26	5.850597e+24	0	0	0	0	0	0	0	0	0	0	0	0	0	0	5.810965e+26	1.411306e+19	5.810965e+26	2.626875e+26	4.566758e+21	2.626829e+26	1.406307e+26	1.253759e+14	1.406307e+26	5.253749e+26	2.363263e+14	5.253749e+26	1.565511e+26	1.024659e+15	1.565511e+26	5.014943e+26	2.416538e+21	5.014918e+26	2.145885e+23	1.486088e-09	0.002950046	3.890261e+09	3.653114e+11	7.033866e+12	7.756794e-06	1.286181e-10	3.296254e-16	0.5003579	0.5	0.3371999	1	90.65218	11.27306	10569.8	1.117189e+26	1.827432e+28	5.151575e+27	6.741065e+25	3.118866e+27	1.203261e+27	5.325573e+26	2.294797e+26	0.2188657	0	0.01372521	0.03560219	0.03560219	0.001424136	0.02670164	0	0	-0.02934903	0	5.469406e-16	0	5.469406e-16	0	-480.8087	0	-480.8087	0	30598.91	77194.93	436.1921	8573.494	1.106061	1	0	0.4523971	1	2	0	0	
21392	1760.328	3.45e+19	0	0	100000	1.97069316	1.140862e-05	6.217114e+26	5.376438e+25	1.39047e+25	3.985967e+25	2.036684e+26	3.642786e+26	4.516707e+25	3.905959e+24	1.010171e+24	2.895788e+24	1.479642e+25	2.646469e+25	0.5859288	4.516707e+26	3.905959e+25	1.010171e+25	2.895788e+25	1.458994e+26	2.608534e+26	5.858265e+24	0	0	0	0	0	0	0	0	0	0	0	0	0	0	5.818581e+26	1.430277e+19	5.818581e+26	2.630318e+26	4.570362e+21	2.630272e+26	1.40815e+26	1.256801e+14	1.40815e+26	5.260635e+26	2.368998e+14	5.260635e+26	1.567563e+26	1.027146e+15	1.567563e+26	5.021515e+26	2.422402e+21	5.021491e+26	2.145882e+23	1.48609e-09	0.002950053	3.884205e+09	3.667762e+11	7.048625e+12	7.762839e-06	1.288186e-10	3.303966e-16	0.5003578	0.5	0.3374626	1	90.77099	11.28783	10569.8	1.117189e+26	1.827432e+28	5.151575e+27	6.741065e+25	3.118866e+27	1.203261e+27	5.325573e+26	2.294797e+26	0.2188657	0	0.01371936	0.03560219	0.03560219	0.001424136	0.02670164	0	0	-0.02930684	0	5.499381e-16	0	5.499381e-16	0	-480.7287	0	-480.7287	0	30598.26	77194.93	436.7639	8573.311	1.106061	1	0	0.4523971	1	2	0	0	
21420	1760.328	3.45e+19	0	0	100000	1.97073535	1.140862e-05	6.225252e+26	5.376432e+25	1.390471e+25	3.985961e+25	2.041618e+26	3.645991e+26	4.522619e+25	3.905955e+24	1.010171e+24	2.895784e+24	1.483227e+25	2.648797e+25	0.5856776	4.522619e+26	3.905955e+25	1.010171e+25	2.895784e+25	1.462532e+26	2.610832e+26	5.865932e+24	0	0	0	0	0	0	0	0	0	0	0	0	0	0	5.826197e+26	1.449519e+19	5.826197e+26	2.63376e+26	4.57394e+21	2.633715e+26	1.409993e+26	1.259844e+14	1.409993e+26	5.267521e+26	2.374733e+14	5.267521e+26	1.569615e+26	1.029632e+15	1.569615e+26	5.028088e+26	2.428267e+21	5.028064e+26	2.145879e+23	1.486092e-09	0.002950059	3.878161e+09	3.682443e+11	7.063409e+12	7.768884e-06	1.290193e-10	3.311691e-16	0.5003577	0.5	0.3377254	1	90.8898	11.30261	10569.8	1.117189e+26	1.827432e+28	5.151575e+27	6.741065e+25	3.118866e+27	1.203261e+27	5.325573e+26	2.294797e+26	0.2188657	0	0.01371357	0.03560219	0.03560219	0.001424136	0.02670164	0	0	-0.02926465	0	5.529559e-16	0	5.529559e-16	0	-480.6486	0	-480.6486	0	30597.6	77194.93	437.3356	8573.127	1.106061	1	0	0.4523971	1	2	0	0	
21448	1760.328	3.45e+19	0	0	100000	1.97077754	1.140862e-05	6.233389e+26	5.376426e+25	1.390471e+25	3.985954e+25	2.046552e+26	3.649195e+26	4.528531e+25	3.90595e+24	1.010171e+24	2.895779e+24	1.486811e+25	2.651125e+25	0.5854271	4.528531e+26	3.90595e+25	1.010171e+25	2.895779e+25	1.46607e+26	2.61313e+26	5.873601e+24	0	0	0	0	0	0	0	0	0	0	0	0	0	0	5.833813e+26	1.469031e+19	5.833813e+26	2.637203e+26	4.577493e+21	2.637157e+26	1.411836e+26	1.262887e+14	1.411836e+26	5.274406e+26	2.380469e+14	5.274406e+26	1.571667e+26	1.032119e+15	1.571667e+26	5.034661e+26	2.434132e+21	5.034636e+26	2.145876e+23	1.486094e-09	0.002950066	3.87213e+09	3.697159e+11	7.078216e+12	7.774931e-06	1.292202e-10	3.31943e-16	0.5003576	0.5	0.3379882	1	91.00861	11.31738	10569.8	1.117189e+26	1.827432e+28	5.151575e+27	6.741065e+25	3.118866e+27	1.203261e+27	5.325573e+26	2.294797e+26	0.2188657	0	0.01370784	0.03560219	0.03560219	0.001424136	0.02670164	0	0	-0.02922246	0	5.559942e-16	0	5.559942e-16	0	-480.5684	0	-480.5684	0	30596.95	77194.93	437.9073	8572.943	1.106061	1	0	0.4523971	1	2	0	0	
21476	1760.328	3.45e+19	0	0	100000	1.97081973	1.140862e-05	6.241527e+26	5.37642e+25	1.390472e+25	3.985948e+25	2.051486e+26	3.652399e+26	4.534443e+25	3.905946e+24	1.010172e+24	2.895774e+24	1.490395e+25	2.653453e+25	0.5851772	4.534443e+26	3.905946e+25	1.010172e+25	2.895774e+25	1.469608e+26	2.615427e+26	5.881268e+24	0	0	0	0	0	0	0	0	0	0	0	0	0	0	5.841429e+26	1.488818e+19	5.841429e+26	2.640646e+26	4.581021e+21	2.6406e+26	1.413679e+26	1.26593e+14	1.413679e+26	5.281292e+26	2.386204e+14	5.281292e+26	1.573718e+26	1.034606e+15	1.573718e+26	5.041233e+26	2.439996e+21	5.041209e+26	2.145872e+23	1.486096e-09	0.002950073	3.866112e+09	3.711908e+11	7.093047e+12	7.780979e-06	1.294214e-10	3.327183e-16	0.5003575	0.5	0.3382511	1	91.12742	11.33216	10569.8	1.117189e+26	1.827432e+28	5.151575e+27	6.741065e+25	3.118866e+27	1.203261e+27	5.325573e+26	2.294797e+26	0.2188657	0	0.01370219	0.03560219	0.03560219	0.001424136	0.02670164	0	0	-0.02918027	0	5.590533e-16	0	5.590533e-16	0	-480.4881	0	-480.4881	0	30596.29	77194.93	438.479	8572.76	1.106061	1	0	0.4523971	1	2	0	0	
21504	1760.328	3.45e+19	0	0	100000	1.97086192	1.140862e-05	6.249665e+26	5.376414e+25	1.390472e+25	3.985942e+25	2.056419e+26	3.655604e+26	4.540355e+25	3.905942e+24	1.010172e+24	2.89577e+24	1.49398e+25	2.65578e+25	0.584928	4.540355e+26	3.905942e+25	1.010172e+25	2.89577e+25	1.473146e+26	2.617725e+26	5.888936e+24	0	0	0	0	0	0	0	0	0	0	0	0	0	0	5.849045e+26	1.508882e+19	5.849045e+26	2.644089e+26	4.584525e+21	2.644043e+26	1.415522e+26	1.268973e+14	1.415522e+26	5.288178e+26	2.39194e+14	5.288178e+26	1.57577e+26	1.037093e+15	1.57577e+26	5.047806e+26	2.445861e+21	5.047781e+26	2.145869e+23	1.486097e-09	0.00295008	3.860107e+09	3.726691e+11	7.107902e+12	7.787029e-06	1.296227e-10	3.334949e-16	0.5003574	0.5	0.338514	1	91.24623	11.34693	10569.8	1.117189e+26	1.827432e+28	5.151575e+27	6.741065e+25	3.118866e+27	1.203261e+27	5.325573e+26	2.294797e+26	0.2188657	0	0.0136966	0.03560219	0.03560219	0.001424136	0.02670164	0	0	-0.02913808	0	5.621332e-16	0	5.621332e-16	0	-480.4077	0	-480.4077	0	30595.64	77194.93	439.0507	8572.576	1.106061	1	0	0.4523971	1	2	0	0	
21532	1760.328	3.45e+19	0	0	100000	1.97090411	1.140862e-05	6.257802e+26	5.376408e+25	1.390473e+25	3.985935e+25	2.061353e+26	3.658808e+26	4.546266e+25	3.905937e+24	1.010172e+24	2.895765e+24	1.497564e+25	2.658108e+25	0.5846794	4.546266e+26	3.905937e+25	1.010172e+25	2.895765e+25	1.476684e+26	2.620023e+26	5.896604e+24	0	0	0	0	0	0	0	0	0	0	0	0	0	0	5.856661e+26	1.529234e+19	5.856661e+26	2.647532e+26	4.588002e+21	2.647486e+26	1.417365e+26	1.272015e+14	1.417365e+26	5.295063e+26	2.397675e+14	5.295063e+26	1.577822e+26	1.039579e+15	1.577822e+26	5.054379e+26	2.451726e+21	5.054354e+26	2.145866e+23	1.486099e-09	0.002950086	3.854114e+09	3.741508e+11	7.122781e+12	7.79308e-06	1.298242e-10	3.342729e-16	0.5003573	0.5	0.3387769	1	91.36504	11.36171	10569.8	1.117189e+26	1.827432e+28	5.151575e+27	6.741065e+25	3.118866e+27	1.203261e+27	5.325573e+26	2.294797e+26	0.2188657	0	0.01369108	0.03560219	0.03560219	0.001424136	0.02670164	0	0	-0.02909589	0	5.652343e-16	0	5.652343e-16	0	-480.3272	0	-480.3272	0	30594.98	77194.93	439.6225	8572.393	1.106061	1	0	0.4523971	1	2	0	0	
21560	1760.328	3.45e+19	0	0	100000	1.9709463	1.140862e-05	6.26594e+26	5.376402e+25	1.390473e+25	3.985929e+25	2.066287e+26	3.662012e+26	4.552178e+25	3.905933e+24	1.010173e+24	2.89576e+24	1.501149e+25	2.660436e+25	0.5844315	4.552178e+26	3.905933e+25	1.010173e+25	2.89576e+25	1.480222e+26	2.622321e+26	5.904272e+24	0	0	0	0	0	0	0	0	0	0	0	0	0	0	5.864277e+26	1.549872e+19	5.864277e+26	2.650974e+26	4.591454e+21	2.650929e+26	1.419209e+26	1.275058e+14	1.419209e+26	5.301949e+26	2.403411e+14	5.301949e+26	1.579874e+26	1.042066e+15	1.579874e+26	5.060951e+26	2.457591e+21	5.060927e+26	2.145863e+23	1.486101e-09	0.002950093	3.848134e+09	3.75636e+11	7.137684e+12	7.799131e-06	1.300259e-10	3.350523e-16	0.5003572	0.5	0.33904	1	91.48385	11.37648	10569.8	1.117189e+26	1.827432e+28	5.151575e+27	6.741065e+25	3.118866e+27	1.203261e+27	5.325573e+26	2.294797e+26	0.2188657	0	0.01368563	0.03560219	0.03560219	0.001424136	0.02670164	0	0	-0.0290537	0	5.683565e-16	0	5.683565e-16	0	-480.2466	0	-480.2466	0	30594.33	77194.93	440.1942	8572.209	1.106061	1	0	0.4523971	1	2	0	0	
21588	1760.328	3.45e+19	0	0	100000	1.97098849	1.140862e-05	6.274077e+26	5.376396e+25	1.390473e+25	3.985922e+25	2.071221e+26	3.665216e+26	4.55809e+25	3.905929e+24	1.010173e+24	2.895756e+24	1.504733e+25	2.662764e+25	0.5841841	4.55809e+26	3.905929e+25	1.010173e+25	2.895756e+25	1.48376e+26	2.624618e+26	5.911939e+24	0	0	0	0	0	0	0	0	0	0	0	0	0	0	5.871893e+26	1.570802e+19	5.871893e+26	2.654417e+26	4.594882e+21	2.654371e+26	1.421052e+26	1.278101e+14	1.421052e+26	5.308835e+26	2.409146e+14	5.308835e+26	1.581925e+26	1.044553e+15	1.581925e+26	5.067524e+26	2.463456e+21	5.067499e+26	2.145859e+23	1.486103e-09	0.0029501	3.842167e+09	3.771245e+11	7.152611e+12	7.805184e-06	1.302278e-10	3.35833e-16	0.5003571	0.5	0.339303	1	91.60266	11.39126	10569.8	1.117189e+26	1.827432e+28	5.151575e+27	6.741065e+25	3.118866e+27	1.203261e+27	5.325573e+26	2.294797e+26	0.2188657	0	0.01368024	0.03560219	0.03560219	0.001424136	0.02670164	0	0	-0.02901151	0	5.715001e-16	0	5.715001e-16	0	-480.1659	0	-480.1659	0	30593.67	77194.93	440.7659	8572.026	1.106061	1	0	0.4523971	1	2	0	0	
21616	1760.328	3.45e+19	0	0	100000	1.97103068	1.140862e-05	6.282215e+26	5.37639e+25	1.390474e+25	3.985916e+25	2.076155e+26	3.668421e+26	4.564002e+25	3.905924e+24	1.010173e+24	2.895751e+24	1.508318e+25	2.665092e+25	0.5839375	4.564002e+26	3.905924e+25	1.010173e+25	2.895751e+25	1.487298e+26	2.626916e+26	5.919607e+24	0	0	0	0	0	0	0	0	0	0	0	0	0	0	5.879509e+26	1.592031e+19	5.879509e+26	2.65786e+26	4.598284e+21	2.657814e+26	1.422895e+26	1.281144e+14	1.422895e+26	5.31572e+26	2.414882e+14	5.31572e+26	1.583977e+26	1.04704e+15	1.583977e+26	5.074097e+26	2.469321e+21	5.074072e+26	2.145856e+23	1.486105e-09	0.002950106	3.836213e+09	3.786164e+11	7.167562e+12	7.811239e-06	1.304299e-10	3.366151e-16	0.500357	0.5	0.3395661	1	91.72147	11.40603	10569.8	1.117189e+26	1.827432e+28	5.151575e+27	6.741065e+25	3.118866e+27	1.203261e+27	5.325573e+26	2.294797e+26	0.2188657	0	0.01367493	0.03560219	0.03560219	0.001424136	0.02670164	0	0	-0.02896932	0	5.746654e-16	0	5.746654e-16	0	-480.085	0	-480.085	0	30593.02	77194.93	441.3376	8571.842	1.106061	1	0	0.4523971	1	2	0	0	
21644	1760.328	3.45e+19	0	0	100000	1.97107287	1.140862e-05	6.290352e+26	5.376384e+25	1.390474e+25	3.985909e+25	2.081089e+26	3.671625e+26	4.569914e+25	3.90592e+24	1.010174e+24	2.895746e+24	1.511902e+25	2.66742e+25	0.5836914	4.569914e+26	3.90592e+25	1.010174e+25	2.895746e+25	1.490836e+26	2.629214e+26	5.927274e+24	0	0	0	0	0	0	0	0	0	0	0	0	0	0	5.887125e+26	1.61356e+19	5.887125e+26	2.661303e+26	4.601662e+21	2.661257e+26	1.424738e+26	1.284187e+14	1.424738e+26	5.322606e+26	2.420618e+14	5.322606e+26	1.586029e+26	1.049527e+15	1.586029e+26	5.080669e+26	2.475185e+21	5.080645e+26	2.145853e+23	1.486107e-09	0.002950113	3.830271e+09	3.801117e+11	7.182536e+12	7.817294e-06	1.306322e-10	3.373986e-16	0.5003569	0.5	0.3398293	1	91.84028	11.4208	10569.8	1.117189e+26	1.827432e+28	5.151575e+27	6.741065e+25	3.118866e+27	1.203261e+27	5.325573e+26	2.294797e+26	0.2188657	0	0.01366968	0.03560219	0.03560219	0.001424136	0.02670164	0	0	-0.02892713	0	5.778523e-16	0	5.778523e-16	0	-480.0041	0	-480.0041	0	30592.36	77194.93	441.9093	8571.659	1.106061	1	0	0.4523971	1	2	0	0	
21672	1760.328	3.45e+19	0	0	100000	1.97111506	1.140862e-05	6.29849e+26	5.376378e+25	1.390475e+25	3.985903e+25	2.086023e+26	3.674829e+26	4.575826e+25	3.905915e+24	1.010174e+24	2.895741e+24	1.515487e+25	2.669748e+25	0.583446	4.575826e+26	3.905915e+25	1.010174e+25	2.895741e+25	1.494374e+26	2.631511e+26	5.934941e+24	0	0	0	0	0	0	0	0	0	0	0	0	0	0	5.894741e+26	1.635394e+19	5.89474e+26	2.664746e+26	4.605015e+21	2.6647e+26	1.426581e+26	1.28723e+14	1.426581e+26	5.329492e+26	2.426353e+14	5.329492e+26	1.588081e+26	1.052013e+15	1.588081e+26	5.087242e+26	2.48105e+21	5.087217e+26	2.14585e+23	1.486109e-09	0.00295012	3.824342e+09	3.816104e+11	7.197535e+12	7.823351e-06	1.308347e-10	3.381834e-16	0.5003568	0.5	0.3400925	1	91.95909	11.43558	10569.8	1.117189e+26	1.827432e+28	5.151575e+27	6.741065e+25	3.118866e+27	1.203261e+27	5.325573e+26	2.294797e+26	0.2188657	0	0.01366449	0.03560219	0.03560219	0.001424136	0.02670164	0	0	-0.02888494	0	5.810612e-16	0	5.810612e-16	0	-479.9231	0	-479.9231	0	30591.71	77194.93	442.481	8571.476	1.106061	1	0	0.4523971	1	2	0	0	
21700	1760.328	3.45e+19	0	0	100000	1.97115725	1.140862e-05	6.306628e+26	5.376372e+25	1.390475e+25	3.985897e+25	2.090957e+26	3.678033e+26	4.581738e+25	3.905911e+24	1.010174e+24	2.895737e+24	1.519072e+25	2.672075e+25	0.5832013	4.581738e+26	3.905911e+25	1.010174e+25	2.895737e+25	1.497912e+26	2.633809e+26	5.942609e+24	0	0	0	0	0	0	0	0	0	0	0	0	0	0	5.902357e+26	1.657541e+19	5.902356e+26	2.668189e+26	4.608343e+21	2.668143e+26	1.428424e+26	1.290273e+14	1.428424e+26	5.336377e+26	2.432089e+14	5.336377e+26	1.590133e+26	1.0545e+15	1.590133e+26	5.093815e+26	2.486915e+21	5.09379e+26	2.145847e+23	1.486111e-09	0.002950126	3.818426e+09	3.831125e+11	7.212557e+12	7.829408e-06	1.310374e-10	3.389696e-16	0.5003567	0.5	0.3403558	1	92.0779	11.45035	10569.8	1.117189e+26	1.827432e+28	5.151575e+27	6.741065e+25	3.118866e+27	1.203261e+27	5.325573e+26	2.294797e+26	0.2188657	0	0.01365938	0.03560219	0.03560219	0.001424136	0.02670164	0	0	-0.02884275	0	5.842922e-16	0	5.842922e-16	0	-479.8419	0	-479.8419	0	30591.05	77194.93	443.0527	8571.292	1.106061	1	0	0.4523971	1	2	0	0	
21728	1760.328	3.45e+19	0	0	100000	1.97119944	1.140862e-05	6.314765e+26	5.376365e+25	1.390475e+25	3.98589e+25	2.095891e+26	3.681237e+26	4.58765e+25	3.905907e+24	1.010174e+24	2.895732e+24	1.522656e+25	2.674403e+25	0.5829571	4.58765e+26	3.905907e+25	1.010174e+25	2.895732e+25	1.50145e+26	2.636106e+26	5.950278e+24	0	0	0	0	0	0	0	0	0	0	0	0	0	0	5.909973e+26	1.680001e+19	5.909972e+26	2.671631e+26	4.611647e+21	2.671585e+26	1.430267e+26	1.293316e+14	1.430267e+26	5.343263e+26	2.437825e+14	5.343263e+26	1.592184e+26	1.056987e+15	1.592184e+26	5.100387e+26	2.49278e+21	5.100362e+26	2.145843e+23	1.486112e-09	0.002950133	3.812522e+09	3.846181e+11	7.227603e+12	7.835467e-06	1.312403e-10	3.397571e-16	0.5003566	0.5	0.3406191	1	92.19671	11.46513	10569.8	1.117189e+26	1.827432e+28	5.151575e+27	6.741065e+25	3.118866e+27	1.203261e+27	5.325573e+26	2.294797e+26	0.2188657	0	0.01365433	0.03560219	0.03560219	0.001424136	0.02670164	0	0	-0.02880056	0	5.875455e-16	0	5.875455e-16	0	-479.7606	0	-479.7606	0	30590.4	77194.93	443.6245	8571.109	1.106061	1	0	0.4523971	1	2	0	0	
21756	1760.328	3.45e+19	0	0	100000	1.97124163	1.140862e-05	6.322903e+26	5.376359e+25	1.390476e+25	3.985884e+25	2.100826e+26	3.684441e+26	4.593562e+25	3.905902e+24	1.010175e+24	2.895727e+24	1.526241e+25	2.676731e+25	0.5827136	4.593562e+26	3.905902e+25	1.010175e+25	2.895727e+25	1.504988e+26	2.638404e+26	5.957944e+24	0	0	0	0	0	0	0	0	0	0	0	0	0	0	5.917588e+26	1.702784e+19	5.917588e+26	2.675074e+26	4.614925e+21	2.675028e+26	1.43211e+26	1.296359e+14	1.43211e+26	5.350148e+26	2.44356e+14	5.350148e+26	1.594236e+26	1.059474e+15	1.594236e+26	5.10696e+26	2.498645e+21	5.106935e+26	2.14584e+23	1.486114e-09	0.00295014	3.806631e+09	3.86127e+11	7.242673e+12	7.841527e-06	1.314434e-10	3.40546e-16	0.5003565	0.5	0.3408825	1	92.31552	11.4799	10569.8	1.117189e+26	1.827432e+28	5.151575e+27	6.741065e+25	3.118866e+27	1.203261e+27	5.325573e+26	2.294797e+26	0.2188657	0	0.01364936	0.03560219	0.03560219	0.001424136	0.02670164	0	0	-0.02875837	0	5.908213e-16	0	5.908213e-16	0	-479.6793	0	-479.6793	0	30589.74	77194.93	444.1962	8570.925	1.106061	1	0	0.4523971	1	2	0	0	
21784	1760.328	3.45e+19	0	0	100000	1.97128382	1.140862e-05	6.33104e+26	5.376353e+25	1.390476e+25	3.985877e+25	2.10576e+26	3.687645e+26	4.599474e+25	3.905898e+24	1.010175e+24	2.895723e+24	1.529825e+25	2.679059e+25	0.5824707	4.599474e+26	3.905898e+25	1.010175e+25	2.895723e+25	1.508526e+26	2.640701e+26	5.965613e+24	0	0	0	0	0	0	0	0	0	0	0	0	0	0	5.925204e+26	1.72589e+19	5.925204e+26	2.678517e+26	4.618179e+21	2.678471e+26	1.433954e+26	1.299402e+14	1.433954e+26	5.357034e+26	2.449296e+14	5.357034e+26	1.596288e+26	1.061961e+15	1.596288e+26	5.113533e+26	2.504511e+21	5.113508e+26	2.145837e+23	1.486116e-09	0.002950146	3.800753e+09	3.876394e+11	7.257767e+12	7.847588e-06	1.316466e-10	3.413363e-16	0.5003564	0.5	0.3411459	1	92.43433	11.49468	10569.8	1.117189e+26	1.827432e+28	5.151575e+27	6.741065e+25	3.118866e+27	1.203261e+27	5.325573e+26	2.294797e+26	0.2188657	0	0.01364445	0.03560219	0.03560219	0.001424136	0.02670164	0	0	-0.02871618	0	5.941198e-16	0	5.941198e-16	0	-479.5978	0	-479.5978	0	30589.09	77194.93	444.7679	8570.742	1.106061	1	0	0.4523971	1	2	0	0	
21812	1760.328	3.45e+19	0	0	100000	1.97132601	1.140862e-05	6.339178e+26	5.376347e+25	1.390476e+25	3.985871e+25	2.110694e+26	3.690849e+26	4.605386e+25	3.905893e+24	1.010175e+24	2.895718e+24	1.53341e+25	2.681386e+25	0.5822284	4.605386e+26	3.905893e+25	1.010175e+25	2.895718e+25	1.512065e+26	2.642999e+26	5.973281e+24	0	0	0	0	0	0	0	0	0	0	0	0	0	0	5.93282e+26	1.749325e+19	5.93282e+26	2.68196e+26	4.62141e+21	2.681914e+26	1.435797e+26	1.302445e+14	1.435797e+26	5.36392e+26	2.455032e+14	5.36392e+26	1.59834e+26	1.064448e+15	1.59834e+26	5.120105e+26	2.510376e+21	5.12008e+26	2.145834e+23	1.486118e-09	0.002950153	3.794887e+09	3.891552e+11	7.272884e+12	7.85365e-06	1.318501e-10	3.421279e-16	0.5003562	0.5	0.3414093	1	92.55314	11.50945	10569.8	1.117189e+26	1.827432e+28	5.151575e+27	6.741065e+25	3.118866e+27	1.203261e+27	5.325573e+26	2.294797e+26	0.2188657	0	0.0136396	0.03560219	0.03560219	0.001424136	0.02670164	0	0	-0.02867399	0	5.974411e-16	0	5.974411e-16	0	-479.5162	0	-479.5162	0	30588.43	77194.93	445.3396	8570.558	1.106061	1	0	0.4523971	1	2	0	0	
21840	1760.328	3.45e+19	0	0	100000	1.9713682	1.140862e-05	6.347316e+26	5.376341e+25	1.390477e+25	3.985864e+25	2.115628e+26	3.694053e+26	4.611298e+25	3.905889e+24	1.010175e+24	2.895713e+24	1.536995e+25	2.683714e+25	0.5819867	4.611298e+26	3.905889e+25	1.010175e+25	2.895713e+25	1.515603e+26	2.645296e+26	5.980949e+24	0	0	0	0	0	0	0	0	0	0	0	0	0	0	5.940436e+26	1.773096e+19	5.940436e+26	2.685403e+26	4.624615e+21	2.685356e+26	1.43764e+26	1.305488e+14	1.43764e+26	5.370805e+26	2.460768e+14	5.370805e+26	1.600392e+26	1.066935e+15	1.600392e+26	5.126678e+26	2.516241e+21	5.126653e+26	2.145831e+23	1.48612e-09	0.002950159	3.789034e+09	3.906744e+11	7.288025e+12	7.859713e-06	1.320538e-10	3.429209e-16	0.5003561	0.5	0.3416728	1	92.67195	11.52423	10569.8	1.117189e+26	1.827432e+28	5.151575e+27	6.741065e+25	3.118866e+27	1.203261e+27	5.325573e+26	2.294797e+26	0.2188657	0	0.01363483	0.03560219	0.03560219	0.001424136	0.02670164	0	0	-0.0286318	0	6.007854e-16	0	6.007854e-16	0	-479.4345	0	-479.4345	0	30587.78	77194.93	445.9113	8570.375	1.106061	1	0	0.4523971	1	2	0	0	
21868	1760.328	3.45e+19	0	0	100000	1.97141039	1.140862e-05	6.355453e+26	5.376335e+25	1.390477e+25	3.985858e+25	2.120562e+26	3.697257e+26	4.61721e+25	3.905884e+24	1.010176e+24	2.895709e+24	1.540579e+25	2.686042e+25	0.5817457	4.61721e+26	3.905884e+25	1.010176e+25	2.895709e+25	1.519141e+26	2.647594e+26	5.988618e+24	0	0	0	0	0	0	0	0	0	0	0	0	0	0	5.948052e+26	1.797206e+19	5.948052e+26	2.688846e+26	4.627797e+21	2.688799e+26	1.439483e+26	1.308531e+14	1.439483e+26	5.377691e+26	2.466504e+14	5.377691e+26	1.602443e+26	1.069421e+15	1.602443e+26	5.133251e+26	2.522106e+21	5.133225e+26	2.145827e+23	1.486122e-09	0.002950166	3.783193e+09	3.92197e+11	7.30319e+12	7.865777e-06	1.322576e-10	3.437152e-16	0.500356	0.5	0.3419363	1	92.79076	11.539	10569.8	1.117189e+26	1.827432e+28	5.151575e+27	6.741065e+25	3.118866e+27	1.203261e+27	5.325573e+26	2.294797e+26	0.2188657	0	0.01363012	0.03560219	0.03560219	0.001424136	0.02670164	0	0	-0.02858961	0	6.04153e-16	0	6.04153e-16	0	-479.3527	0	-479.3527	0	30587.12	77194.93	446.483	8570.192	1.106061	1	0	0.4523971	1	2	0	0	
21896	1760.328	3.45e+19	0	0	100000	1.97145258	1.140862e-05	6.363591e+26	5.376329e+25	1.390477e+25	3.985851e+25	2.125497e+26	3.700461e+26	4.623121e+25	3.90588e+24	1.010176e+24	2.895704e+24	1.544164e+25	2.688369e+25	0.5815052	4.623121e+26	3.90588e+25	1.010176e+25	2.895704e+25	1.522679e+26	2.649891e+26	5.996283e+24	0	0	0	0	0	0	0	0	0	0	0	0	0	0	5.955668e+26	1.821663e+19	5.955668e+26	2.692288e+26	4.630954e+21	2.692242e+26	1.441326e+26	1.311574e+14	1.441326e+26	5.384577e+26	2.47224e+14	5.384577e+26	1.604495e+26	1.071908e+15	1.604495e+26	5.139823e+26	2.527971e+21	5.139798e+26	2.145824e+23	1.486123e-09	0.002950172	3.777364e+09	3.937231e+11	7.318379e+12	7.871842e-06	1.324616e-10	3.445109e-16	0.5003559	0.5	0.3421999	1	92.90957	11.55378	10569.8	1.117189e+26	1.827432e+28	5.151575e+27	6.741065e+25	3.118866e+27	1.203261e+27	5.325573e+26	2.294797e+26	0.2188657	0	0.01362548	0.03560219	0.03560219	0.001424136	0.02670164	0	0	-0.02854742	0	6.075439e-16	0	6.075439e-16	0	-479.2708	0	-479.2708	0	30586.47	77194.93	447.0548	8570.008	1.106061	1	0	0.4523972	1	2	0	0	
21924	1760.328	3.45e+19	0	0	100000	1.97149477	1.140862e-05	6.371728e+26	5.376322e+25	1.390478e+25	3.985845e+25	2.130431e+26	3.703665e+26	4.629033e+25	3.905875e+24	1.010176e+24	2.895699e+24	1.547749e+25	2.690697e+25	0.5812654	4.629033e+26	3.905875e+25	1.010176e+25	2.895699e+25	1.526218e+26	2.652189e+26	6.003952e+24	0	0	0	0	0	0	0	0	0	0	0	0	0	0	5.963284e+26	1.846469e+19	5.963284e+26	2.695731e+26	4.634088e+21	2.695685e+26	1.443169e+26	1.314617e+14	1.443169e+26	5.391462e+26	2.477976e+14	5.391462e+26	1.606547e+26	1.074395e+15	1.606547e+26	5.146396e+26	2.533837e+21	5.146371e+26	2.145821e+23	1.486125e-09	0.002950179	3.771549e+09	3.952526e+11	7.333591e+12	7.877908e-06	1.326659e-10	3.45308e-16	0.5003558	0.5	0.3424635	1	93.02838	11.56855	10569.8	1.117189e+26	1.827432e+28	5.151575e+27	6.741065e+25	3.118866e+27	1.203261e+27	5.325573e+26	2.294797e+26	0.2188657	0	0.01362091	0.03560219	0.03560219	0.001424136	0.02670164	0	0	-0.02850523	0	6.109585e-16	0	6.109585e-16	0	-479.1888	0	-479.1888	0	30585.82	77194.93	447.6265	8569.825	1.106061	1	0	0.4523971	1	2	0	0	
21952	1760.328	3.45e+19	0	0	100000	1.97153696	1.140862e-05	6.379866e+26	5.376316e+25	1.390478e+25	3.985838e+25	2.135365e+26	3.706869e+26	4.634945e+25	3.905871e+24	1.010176e+24	2.895694e+24	1.551334e+25	2.693025e+25	0.5810262	4.634945e+26	3.905871e+25	1.010176e+25	2.895694e+25	1.529756e+26	2.654486e+26	6.011621e+24	0	0	0	0	0	0	0	0	0	0	0	0	0	0	5.9709e+26	1.871633e+19	5.9709e+26	2.699174e+26	4.637196e+21	2.699128e+26	1.445012e+26	1.31766e+14	1.445012e+26	5.398348e+26	2.483712e+14	5.398348e+26	1.608599e+26	1.076882e+15	1.608599e+26	5.152969e+26	2.539702e+21	5.152943e+26	2.145818e+23	1.486127e-09	0.002950185	3.765745e+09	3.967855e+11	7.348827e+12	7.883975e-06	1.328703e-10	3.461064e-16	0.5003557	0.5	0.3427272	1	93.14719	11.58333	10569.8	1.117189e+26	1.827432e+28	5.151575e+27	6.741065e+25	3.118866e+27	1.203261e+27	5.325573e+26	2.294797e+26	0.2188657	0	0.01361641	0.03560219	0.03560219	0.001424136	0.02670164	0	0	-0.02846304	0	6.143969e-16	0	6.143969e-16	0	-479.1066	0	-479.1066	0	30585.16	77194.93	448.1982	8569.641	1.106061	1	0	0.4523972	1	2	0	0	
21980	1760.328	3.45e+19	0	0	100000	1.97157915	1.140862e-05	6.388003e+26	5.37631e+25	1.390478e+25	3.985832e+25	2.1403e+26	3.710073e+26	4.640857e+25	3.905866e+24	1.010177e+24	2.89569e+24	1.554918e+25	2.695352e+25	0.5807876	4.640857e+26	3.905866e+25	1.010177e+25	2.89569e+25	1.533294e+26	2.656784e+26	6.019287e+24	0	0	0	0	0	0	0	0	0	0	0	0	0	0	5.978516e+26	1.897156e+19	5.978516e+26	2.702617e+26	4.640282e+21	2.70257e+26	1.446855e+26	1.320703e+14	1.446855e+26	5.405234e+26	2.489448e+14	5.405234e+26	1.61065e+26	1.079369e+15	1.61065e+26	5.159541e+26	2.545567e+21	5.159516e+26	2.145815e+23	1.486129e-09	0.002950192	3.759954e+09	3.983219e+11	7.364086e+12	7.890043e-06	1.330749e-10	3.469061e-16	0.5003555	0.5	0.3429909	1	93.266	11.5981	10569.8	1.117189e+26	1.827432e+28	5.151575e+27	6.741065e+25	3.118866e+27	1.203261e+27	5.325573e+26	2.294797e+26	0.2188657	0	0.01361197	0.03560219	0.03560219	0.001424136	0.02670164	0	0	-0.02842085	0	6.178593e-16	0	6.178593e-16	0	-479.0244	0	-479.0244	0	30584.51	77194.93	448.7699	8569.458	1.106061	1	0	0.4523972	1	2	0	0	
22008	1760.328	3.45e+19	0	0	100000	1.97162134	1.140862e-05	6.396141e+26	5.376304e+25	1.390479e+25	3.985825e+25	2.145234e+26	3.713277e+26	4.646769e+25	3.905862e+24	1.010177e+24	2.895685e+24	1.558503e+25	2.69768e+25	0.5805495	4.646769e+26	3.905862e+25	1.010177e+25	2.895685e+25	1.536832e+26	2.659081e+26	6.026954e+24	0	0	0	0	0	0	0	0	0	0	0	0	0	0	5.986132e+26	1.923048e+19	5.986132e+26	2.70606e+26	4.643343e+21	2.706013e+26	1.448699e+26	1.323746e+14	1.448699e+26	5.412119e+26	2.495184e+14	5.412119e+26	1.612702e+26	1.081856e+15	1.612702e+26	5.166114e+26	2.551432e+21	5.166088e+26	2.145812e+23	1.486131e-09	0.002950198	3.754176e+09	3.998617e+11	7.379369e+12	7.896112e-06	1.332797e-10	3.477072e-16	0.5003554	0.5	0.3432546	1	93.38481	11.61288	10569.8	1.117189e+26	1.827432e+28	5.151575e+27	6.741065e+25	3.118866e+27	1.203261e+27	5.325573e+26	2.294797e+26	0.2188657	0	0.0136076	0.03560219	0.03560219	0.001424136	0.02670164	0	0	-0.02837866	0	6.21346e-16	0	6.21346e-16	0	-478.942	0	-478.942	0	30583.85	77194.93	449.3417	8569.275	1.106061	1	0	0.4523972	1	2	0	0	
22036	1760.328	3.45e+19	0	0	100000	1.97166353	1.140862e-05	6.404279e+26	5.376298e+25	1.390479e+25	3.985819e+25	2.150168e+26	3.716481e+26	4.652681e+25	3.905857e+24	1.010177e+24	2.89568e+24	1.562088e+25	2.700007e+25	0.5803121	4.652681e+26	3.905857e+25	1.010177e+25	2.89568e+25	1.540371e+26	2.661378e+26	6.034622e+24	0	0	0	0	0	0	0	0	0	0	0	0	0	0	5.993748e+26	1.949316e+19	5.993748e+26	2.709502e+26	4.646379e+21	2.709456e+26	1.450542e+26	1.326789e+14	1.450542e+26	5.419005e+26	2.50092e+14	5.419005e+26	1.614754e+26	1.084343e+15	1.614754e+26	5.172687e+26	2.557298e+21	5.172661e+26	2.145809e+23	1.486133e-09	0.002950205	3.74841e+09	4.014049e+11	7.394676e+12	7.902181e-06	1.334847e-10	3.485097e-16	0.5003553	0.5	0.3435184	1	93.50362	11.62765	10569.8	1.117189e+26	1.827432e+28	5.151575e+27	6.741065e+25	3.118866e+27	1.203261e+27	5.325573e+26	2.294797e+26	0.2188657	0	0.0136033	0.03560219	0.03560219	0.001424136	0.02670164	0	0	-0.02833647	0	6.24857e-16	0	6.24857e-16	0	-478.8595	0	-478.8595	0	30583.2	77194.93	449.9134	8569.091	1.106061	1	0	0.4523972	1	2	0	0	
22064	1760.328	3.45e+19	0	0	100000	1.97170572	1.140862e-05	6.412416e+26	5.376291e+25	1.390479e+25	3.985812e+25	2.155103e+26	3.719684e+26	4.658593e+25	3.905853e+24	1.010177e+24	2.895675e+24	1.565673e+25	2.702335e+25	0.5800753	4.658593e+26	3.905853e+25	1.010177e+25	2.895675e+25	1.543909e+26	2.663676e+26	6.042289e+24	0	0	0	0	0	0	0	0	0	0	0	0	0	0	6.001364e+26	1.975953e+19	6.001364e+26	2.712945e+26	4.649395e+21	2.712899e+26	1.452385e+26	1.329832e+14	1.452385e+26	5.425891e+26	2.506656e+14	5.425891e+26	1.616806e+26	1.08683e+15	1.616806e+26	5.179259e+26	2.563163e+21	5.179234e+26	2.145805e+23	1.486134e-09	0.002950211	3.742656e+09	4.029516e+11	7.410006e+12	7.908252e-06	1.336899e-10	3.493135e-16	0.5003552	0.5	0.3437822	1	93.62243	11.64242	10569.8	1.117189e+26	1.827432e+28	5.151575e+27	6.741065e+25	3.118866e+27	1.203261e+27	5.325573e+26	2.294797e+26	0.2188657	0	0.01359907	0.03560219	0.03560219	0.001424136	0.02670164	0	0	-0.02829428	0	6.283926e-16	0	6.283926e-16	0	-478.777	0	-478.777	0	30582.54	77194.93	450.4851	8568.908	1.106061	1	0	0.4523972	1	2	0	0	
22092	1760.328	3.45e+19	0	0	100000	1.97174791	1.140862e-05	6.420554e+26	5.376285e+25	1.39048e+25	3.985805e+25	2.160037e+26	3.722888e+26	4.664505e+25	3.905848e+24	1.010178e+24	2.895671e+24	1.569258e+25	2.704662e+25	0.5798391	4.664505e+26	3.905848e+25	1.010178e+25	2.895671e+25	1.547447e+26	2.665973e+26	6.04996e+24	0	0	0	0	0	0	0	0	0	0	0	0	0	0	6.00898e+26	2.002982e+19	6.00898e+26	2.716388e+26	4.652384e+21	2.716342e+26	1.454228e+26	1.332875e+14	1.454228e+26	5.432776e+26	2.512392e+14	5.432776e+26	1.618858e+26	1.089317e+15	1.618858e+26	5.185832e+26	2.569028e+21	5.185806e+26	2.145802e+23	1.486136e-09	0.002950218	3.736915e+09	4.045017e+11	7.42536e+12	7.914324e-06	1.338952e-10	3.501187e-16	0.5003551	0.5	0.3440461	1	93.74124	11.6572	10569.8	1.117189e+26	1.827432e+28	5.151575e+27	6.741065e+25	3.118866e+27	1.203261e+27	5.325573e+26	2.294797e+26	0.2188657	0	0.01359491	0.03560219	0.03560219	0.001424136	0.02670164	0	0	-0.02825209	0	6.319531e-16	0	6.319531e-16	0	-478.6943	0	-478.6943	0	30581.89	77194.93	451.0568	8568.725	1.106061	1	0	0.4523972	1	2	0	0	
22120	1760.328	3.45e+19	0	0	100000	1.9717901	1.140862e-05	6.428691e+26	5.376279e+25	1.39048e+25	3.985799e+25	2.164971e+26	3.726092e+26	4.670417e+25	3.905844e+24	1.010178e+24	2.895666e+24	1.572843e+25	2.70699e+25	0.5796035	4.670417e+26	3.905844e+25	1.010178e+25	2.895666e+25	1.550986e+26	2.66827e+26	6.057626e+24	0	0	0	0	0	0	0	0	0	0	0	0	0	0	6.016596e+26	2.030399e+19	6.016596e+26	2.719831e+26	4.65535e+21	2.719784e+26	1.456071e+26	1.335919e+14	1.456071e+26	5.439662e+26	2.518128e+14	5.439662e+26	1.620909e+26	1.091804e+15	1.620909e+26	5.192405e+26	2.574894e+21	5.192379e+26	2.145799e+23	1.486138e-09	0.002950224	3.731186e+09	4.060553e+11	7.440737e+12	7.920396e-06	1.341008e-10	3.509253e-16	0.5003549	0.5	0.34431	1	93.86005	11.67197	10569.8	1.117189e+26	1.827432e+28	5.151575e+27	6.741065e+25	3.118866e+27	1.203261e+27	5.325573e+26	2.294797e+26	0.2188657	0	0.01359081	0.03560219	0.03560219	0.001424136	0.02670164	0	0	-0.0282099	0	6.355386e-16	0	6.355386e-16	0	-478.6115	0	-478.6115	0	30581.23	77194.93	451.6285	8568.541	1.106061	1	0	0.4523972	1	2	0	0	
22148	1760.328	3.45e+19	0	0	100000	1.97183229	1.140862e-05	6.436829e+26	5.376273e+25	1.39048e+25	3.985792e+25	2.169906e+26	3.729296e+26	4.676329e+25	3.905839e+24	1.010178e+24	2.895661e+24	1.576427e+25	2.709317e+25	0.5793685	4.676329e+26	3.905839e+25	1.010178e+25	2.895661e+25	1.554524e+26	2.670568e+26	6.065294e+24	0	0	0	0	0	0	0	0	0	0	0	0	0	0	6.024212e+26	2.058213e+19	6.024211e+26	2.723274e+26	4.658293e+21	2.723227e+26	1.457914e+26	1.338962e+14	1.457914e+26	5.446548e+26	2.523864e+14	5.446548e+26	1.622961e+26	1.094291e+15	1.622961e+26	5.198977e+26	2.580759e+21	5.198951e+26	2.145796e+23	1.48614e-09	0.002950231	3.72547e+09	4.076123e+11	7.456138e+12	7.92647e-06	1.343065e-10	3.517332e-16	0.5003548	0.5	0.3445739	1	93.97886	11.68675	10569.8	1.117189e+26	1.827432e+28	5.151575e+27	6.741065e+25	3.118866e+27	1.203261e+27	5.325573e+26	2.294797e+26	0.2188657	0	0.01358678	0.03560219	0.03560219	0.001424136	0.02670164	0	0	-0.02816771	0	6.391493e-16	0	6.391493e-16	0	-478.5286	0	-478.5286	0	30580.58	77194.93	452.2003	8568.358	1.106061	1	0	0.4523972	1	2	0	0	
22176	1760.328	3.45e+19	0	0	100000	1.97187448	1.140862e-05	6.444967e+26	5.376266e+25	1.390481e+25	3.985786e+25	2.17484e+26	3.732499e+26	4.682241e+25	3.905835e+24	1.010178e+24	2.895656e+24	1.580012e+25	2.711645e+25	0.579134	4.682241e+26	3.905835e+25	1.010178e+25	2.895656e+25	1.558062e+26	2.672865e+26	6.072962e+24	0	0	0	0	0	0	0	0	0	0	0	0	0	0	6.031828e+26	2.086426e+19	6.031827e+26	2.726717e+26	4.661213e+21	2.72667e+26	1.459757e+26	1.342005e+14	1.459757e+26	5.453433e+26	2.5296e+14	5.453433e+26	1.625013e+26	1.096778e+15	1.625013e+26	5.20555e+26	2.586625e+21	5.205524e+26	2.145793e+23	1.486142e-09	0.002950237	3.719765e+09	4.091728e+11	7.471562e+12	7.932544e-06	1.345124e-10	3.525424e-16	0.5003547	0.5	0.3448379	1	94.09767	11.70152	10569.8	1.117189e+26	1.827432e+28	5.151575e+27	6.741065e+25	3.118866e+27	1.203261e+27	5.325573e+26	2.294797e+26	0.2188657	0	0.01358282	0.03560219	0.03560219	0.001424136	0.02670164	0	0	-0.02812552	0	6.427855e-16	0	6.427855e-16	0	-478.4455	0	-478.4455	0	30579.93	77194.93	452.772	8568.175	1.106061	1	0	0.4523972	1	2	0	0	
22204	1760.328	3.45e+19	0	0	100000	1.97191667	1.140862e-05	6.453104e+26	5.37626e+25	1.390481e+25	3.985779e+25	2.179775e+26	3.735703e+26	4.688153e+25	3.90583e+24	1.010178e+24	2.895652e+24	1.583597e+25	2.713972e+25	0.5789002	4.688153e+26	3.90583e+25	1.010178e+25	2.895652e+25	1.561601e+26	2.675162e+26	6.08063e+24	0	0	0	0	0	0	0	0	0	0	0	0	0	0	6.039444e+26	2.11505e+19	6.039443e+26	2.730159e+26	4.664109e+21	2.730113e+26	1.461601e+26	1.345048e+14	1.461601e+26	5.460319e+26	2.535337e+14	5.460319e+26	1.627065e+26	1.099265e+15	1.627065e+26	5.212123e+26	2.59249e+21	5.212097e+26	2.14579e+23	1.486143e-09	0.002950244	3.714074e+09	4.107367e+11	7.487009e+12	7.938619e-06	1.347185e-10	3.53353e-16	0.5003545	0.5	0.3451019	1	94.21648	11.7163	10569.8	1.117189e+26	1.827432e+28	5.151575e+27	6.741065e+25	3.118866e+27	1.203261e+27	5.325573e+26	2.294797e+26	0.2188657	0	0.01357893	0.03560219	0.03560219	0.001424136	0.02670164	0	0	-0.02808333	0	6.464474e-16	0	6.464474e-16	0	-478.3624	0	-478.3624	0	30579.27	77194.93	453.3437	8567.991	1.106061	1	0	0.4523972	1	2	0	0	
22232	1760.328	3.45e+19	0	0	100000	1.97195886	1.140862e-05	6.461242e+26	5.376254e+25	1.390481e+25	3.985773e+25	2.184709e+26	3.738907e+26	4.694064e+25	3.905825e+24	1.010179e+24	2.895647e+24	1.587182e+25	2.7163e+25	0.5786669	4.694064e+26	3.905825e+25	1.010179e+25	2.895647e+25	1.565139e+26	2.67746e+26	6.088297e+24	0	0	0	0	0	0	0	0	0	0	0	0	0	0	6.04706e+26	2.144091e+19	6.047059e+26	2.733602e+26	4.666981e+21	2.733556e+26	1.463444e+26	1.348091e+14	1.463444e+26	5.467205e+26	2.541073e+14	5.467205e+26	1.629116e+26	1.101753e+15	1.629116e+26	5.218695e+26	2.598356e+21	5.218669e+26	2.145787e+23	1.486145e-09	0.00295025	3.708394e+09	4.123041e+11	7.50248e+12	7.944695e-06	1.349248e-10	3.541649e-16	0.5003544	0.5	0.3453659	1	94.33529	11.73107	10569.8	1.117189e+26	1.827432e+28	5.151575e+27	6.741065e+25	3.118866e+27	1.203261e+27	5.325573e+26	2.294797e+26	0.2188657	0	0.0135751	0.03560219	0.03560219	0.001424136	0.02670164	0	0	-0.02804114	0	6.501351e-16	0	6.501351e-16	0	-478.2791	0	-478.2791	0	30578.62	77194.93	453.9154	8567.808	1.106061	1	0	0.4523972	1	2	0	0	
22260	1760.328	3.45e+19	0	0	100000	1.97200105	1.140862e-05	6.469379e+26	5.376247e+25	1.390481e+25	3.985766e+25	2.189644e+26	3.742111e+26	4.699976e+25	3.905821e+24	1.010179e+24	2.895642e+24	1.590767e+25	2.718627e+25	0.5784342	4.699976e+26	3.905821e+25	1.010179e+25	2.895642e+25	1.568678e+26	2.679757e+26	6.095966e+24	0	0	0	0	0	0	0	0	0	0	0	0	0	0	6.054675e+26	2.173549e+19	6.054675e+26	2.737045e+26	4.669832e+21	2.736998e+26	1.465287e+26	1.351135e+14	1.465287e+26	5.47409e+26	2.546809e+14	5.47409e+26	1.631168e+26	1.10424e+15	1.631168e+26	5.225268e+26	2.604221e+21	5.225242e+26	2.145784e+23	1.486147e-09	0.002950257	3.702727e+09	4.13875e+11	7.517975e+12	7.950772e-06	1.351313e-10	3.549782e-16	0.5003543	0.5	0.34563	1	94.45411	11.74585	10569.8	1.117189e+26	1.827432e+28	5.151575e+27	6.741065e+25	3.118866e+27	1.203261e+27	5.325573e+26	2.294797e+26	0.2188657	0	0.01357134	0.03560219	0.03560219	0.001424136	0.02670164	0	0	-0.02799895	0	6.538489e-16	0	6.538489e-16	0	-478.1958	0	-478.1958	0	30577.96	77194.93	454.4871	8567.625	1.106061	1	0	0.4523972	1	2	0	0	
22288	1760.328	3.45e+19	0	0	100000	1.97204324	1.140862e-05	6.477517e+26	5.376241e+25	1.390482e+25	3.98576e+25	2.194579e+26	3.745314e+26	4.705888e+25	3.905816e+24	1.010179e+24	2.895637e+24	1.594352e+25	2.720955e+25	0.5782021	4.705888e+26	3.905816e+25	1.010179e+25	2.895637e+25	1.572216e+26	2.682054e+26	6.103633e+24	0	0	0	0	0	0	0	0	0	0	0	0	0	0	6.062291e+26	2.203436e+19	6.062291e+26	2.740488e+26	4.672658e+21	2.740441e+26	1.46713e+26	1.354178e+14	1.46713e+26	5.480976e+26	2.552545e+14	5.480976e+26	1.63322e+26	1.106727e+15	1.63322e+26	5.231841e+26	2.610087e+21	5.231814e+26	2.145781e+23	1.486149e-09	0.002950263	3.697071e+09	4.154493e+11	7.533493e+12	7.956849e-06	1.35338e-10	3.557929e-16	0.5003541	0.5	0.3458941	1	94.57292	11.76062	10569.8	1.117189e+26	1.827432e+28	5.151575e+27	6.741065e+25	3.118866e+27	1.203261e+27	5.325573e+26	2.294797e+26	0.2188657	0	0.01356766	0.03560219	0.03560219	0.001424136	0.02670164	0	0	-0.02795676	0	6.575891e-16	0	6.575891e-16	0	-478.1123	0	-478.1123	0	30577.31	77194.93	455.0588	8567.441	1.106061	1	0	0.4523972	1	2	0	0	
22316	1760.328	3.45e+19	0	0	100000	1.97208543	1.140862e-05	6.485654e+26	5.376235e+25	1.390482e+25	3.985753e+25	2.199513e+26	3.748518e+26	4.7118e+25	3.905812e+24	1.010179e+24	2.895633e+24	1.597937e+25	2.723282e+25	0.5779706	4.7118e+26	3.905812e+25	1.010179e+25	2.895633e+25	1.575755e+26	2.684351e+26	6.1113e+24	0	0	0	0	0	0	0	0	0	0	0	0	0	0	6.069907e+26	2.233755e+19	6.069907e+26	2.743931e+26	4.675463e+21	2.743884e+26	1.468973e+26	1.357221e+14	1.468973e+26	5.487861e+26	2.558282e+14	5.487861e+26	1.635272e+26	1.109214e+15	1.635272e+26	5.238413e+26	2.615952e+21	5.238387e+26	2.145777e+23	1.486151e-09	0.002950269	3.691428e+09	4.170271e+11	7.549034e+12	7.962927e-06	1.355448e-10	3.566089e-16	0.500354	0.5	0.3461582	1	94.69173	11.7754	10569.8	1.117189e+26	1.827432e+28	5.151575e+27	6.741065e+25	3.118866e+27	1.203261e+27	5.325573e+26	2.294797e+26	0.2188657	0	0.01356403	0.03560219	0.03560219	0.001424136	0.02670164	0	0	-0.02791457	0	6.613558e-16	0	6.613558e-16	0	-478.0287	0	-478.0287	0	30576.65	77194.93	455.6306	8567.258	1.106061	1	0	0.4523972	1	2	0	0	
22344	1760.328	3.45e+19	0	0	100000	1.97212762	1.140862e-05	6.493792e+26	5.376228e+25	1.390482e+25	3.985746e+25	2.204448e+26	3.751721e+26	4.717712e+25	3.905807e+24	1.010179e+24	2.895628e+24	1.601522e+25	2.72561e+25	0.5777397	4.717712e+26	3.905807e+25	1.010179e+25	2.895628e+25	1.579293e+26	2.686649e+26	6.118967e+24	0	0	0	0	0	0	0	0	0	0	0	0	0	0	6.077523e+26	2.264522e+19	6.077523e+26	2.747374e+26	4.678242e+21	2.747327e+26	1.470816e+26	1.360264e+14	1.470816e+26	5.494747e+26	2.564018e+14	5.494747e+26	1.637324e+26	1.111701e+15	1.637324e+26	5.244986e+26	2.621818e+21	5.24496e+26	2.145774e+23	1.486152e-09	0.002950276	3.685798e+09	4.186084e+11	7.564599e+12	7.969006e-06	1.357519e-10	3.574262e-16	0.5003539	0.5	0.3464224	1	94.81054	11.79017	10569.8	1.117189e+26	1.827432e+28	5.151575e+27	6.741065e+25	3.118866e+27	1.203261e+27	5.325573e+26	2.294797e+26	0.2188657	0	0.01356048	0.03560219	0.03560219	0.001424136	0.02670164	0	0	-0.02787238	0	6.651492e-16	0	6.651492e-16	0	-477.945	0	-477.945	0	30576	77194.93	456.2023	8567.075	1.106061	1	0	0.4523972	1	2	0	0	
22372	1760.328	3.45e+19	0	0	100000	1.97216981	1.140862e-05	6.50193e+26	5.376222e+25	1.390482e+25	3.98574e+25	2.209382e+26	3.754925e+26	4.723624e+25	3.905802e+24	1.010179e+24	2.895623e+24	1.605107e+25	2.727937e+25	0.5775093	4.723624e+26	3.905802e+25	1.010179e+25	2.895623e+25	1.582832e+26	2.688946e+26	6.126636e+24	0	0	0	0	0	0	0	0	0	0	0	0	0	0	6.085139e+26	2.295732e+19	6.085139e+26	2.750816e+26	4.681e+21	2.75077e+26	1.472659e+26	1.363308e+14	1.472659e+26	5.501633e+26	2.569754e+14	5.501633e+26	1.639375e+26	1.114188e+15	1.639375e+26	5.251559e+26	2.627684e+21	5.251532e+26	2.145771e+23	1.486154e-09	0.002950282	3.680179e+09	4.201931e+11	7.580186e+12	7.975086e-06	1.359591e-10	3.582449e-16	0.5003537	0.5	0.3466866	1	94.92935	11.80495	10569.8	1.117189e+26	1.827432e+28	5.151575e+27	6.741065e+25	3.118866e+27	1.203261e+27	5.325573e+26	2.294797e+26	0.2188657	0	0.01355699	0.03560219	0.03560219	0.001424136	0.02670164	0	0	-0.02783019	0	6.689697e-16	0	6.689697e-16	0	-477.8612	0	-477.8612	0	30575.35	77194.93	456.774	8566.891	1.106061	1	0	0.4523972	1	2	0	0	
22400	1760.328	3.45e+19	0	0	100000	1.972212	1.140862e-05	6.510067e+26	5.376216e+25	1.390483e+25	3.985733e+25	2.214317e+26	3.758129e+26	4.729536e+25	3.905798e+24	1.01018e+24	2.895618e+24	1.608692e+25	2.730264e+25	0.5772795	4.729536e+26	3.905798e+25	1.01018e+25	2.895618e+25	1.58637e+26	2.691243e+26	6.134303e+24	0	0	0	0	0	0	0	0	0	0	0	0	0	0	6.092755e+26	2.3274e+19	6.092755e+26	2.754259e+26	4.683735e+21	2.754212e+26	1.474502e+26	1.366351e+14	1.474502e+26	5.508518e+26	2.575491e+14	5.508518e+26	1.641427e+26	1.116675e+15	1.641427e+26	5.258131e+26	2.63355e+21	5.258105e+26	2.145768e+23	1.486156e-09	0.002950289	3.674573e+09	4.217813e+11	7.595798e+12	7.981167e-06	1.361665e-10	3.59065e-16	0.5003536	0.5	0.3469508	1	95.04816	11.81972	10569.8	1.117189e+26	1.827432e+28	5.151575e+27	6.741065e+25	3.118866e+27	1.203261e+27	5.325573e+26	2.294797e+26	0.2188657	0	0.01355358	0.03560219	0.03560219	0.001424136	0.02670164	0	0	-0.027788	0	6.728173e-16	0	6.728173e-16	0	-477.7772	0	-477.7772	0	30574.69	77194.93	457.3457	8566.708	1.106061	1	0	0.4523972	1	2	0	0	
22428	1760.328	3.45e+19	0	0	100000	1.97225413	1.140862e-05	6.518205e+26	5.376209e+25	1.390483e+25	3.985727e+25	2.219252e+26	3.761332e+26	4.735448e+25	3.905793e+24	1.01018e+24	2.895613e+24	1.612277e+25	2.732592e+25	0.5770503	4.735448e+26	3.905793e+25	1.01018e+25	2.895613e+25	1.589909e+26	2.69354e+26	6.141972e+24	0	0	0	0	0	0	0	0	0	0	0	0	0	0	6.100371e+26	2.359486e+19	6.100371e+26	2.757702e+26	4.686459e+21	2.757655e+26	1.476346e+26	1.369394e+14	1.476346e+26	5.515404e+26	2.581227e+14	5.515404e+26	1.643479e+26	1.119162e+15	1.643479e+26	5.264704e+26	2.639415e+21	5.264677e+26	2.145765e+23	1.486158e-09	0.002950295	3.668978e+09	4.23373e+11	7.611432e+12	7.987248e-06	1.363741e-10	3.598863e-16	0.5003535	0.5	0.3472151	1	95.16697	11.83449	10569.8	1.117189e+26	1.827432e+28	5.151575e+27	6.741065e+25	3.118866e+27	1.203261e+27	5.325573e+26	2.294797e+26	0.2188657	0	0.01355023	0.03560219	0.03560219	0.001424136	0.02670164	0	0	-0.02774587	0	6.766869e-16	0	6.766869e-16	0	-477.6933	0	-477.6933	0	30574.04	77194.93	457.9174	8566.525	1.106061	1	0	0.4523972	1	2	0	0	
22456	1760.328	3.45e+19	0	0	100000	1.97229626	1.140862e-05	6.526342e+26	5.376203e+25	1.390483e+25	3.98572e+25	2.224186e+26	3.764536e+26	4.74136e+25	3.905789e+24	1.01018e+24	2.895609e+24	1.615862e+25	2.734919e+25	0.5768217	4.74136e+26	3.905789e+25	1.01018e+25	2.895609e+25	1.593447e+26	2.695837e+26	6.149639e+24	0	0	0	0	0	0	0	0	0	0	0	0	0	0	6.107987e+26	2.392049e+19	6.107987e+26	2.761145e+26	4.689158e+21	2.761098e+26	1.478189e+26	1.372437e+14	1.478189e+26	5.52229e+26	2.586963e+14	5.52229e+26	1.645531e+26	1.121649e+15	1.645531e+26	5.271277e+26	2.645281e+21	5.27125e+26	2.145762e+23	1.486159e-09	0.002950301	3.663396e+09	4.249682e+11	7.62709e+12	7.99333e-06	1.365818e-10	3.607091e-16	0.5003533	0.5	0.3474794	1	95.28578	11.84927	10569.8	1.117189e+26	1.827432e+28	5.151575e+27	6.741065e+25	3.118866e+27	1.203261e+27	5.325573e+26	2.294797e+26	0.2188657	0	0.01354694	0.03560219	0.03560219	0.001424136	0.02670164	0	0	-0.02770374	0	6.805841e-16	0	6.805841e-16	0	-477.6093	0	-477.6093	0	30573.39	77194.93	458.4892	8566.342	1.106061	1	0	0.4523973	1	2	0	0	
22484	1760.328	3.45e+19	0	0	100000	1.97233839	1.140862e-05	6.53448e+26	5.376197e+25	1.390483e+25	3.985713e+25	2.229121e+26	3.767739e+26	4.747272e+25	3.905784e+24	1.01018e+24	2.895604e+24	1.619447e+25	2.737246e+25	0.5765936	4.747272e+26	3.905784e+25	1.01018e+25	2.895604e+25	1.596986e+26	2.698135e+26	6.157307e+24	0	0	0	0	0	0	0	0	0	0	0	0	0	0	6.115603e+26	2.425082e+19	6.115603e+26	2.764588e+26	4.691836e+21	2.764541e+26	1.480032e+26	1.375481e+14	1.480032e+26	5.529175e+26	2.5927e+14	5.529175e+26	1.647583e+26	1.124137e+15	1.647583e+26	5.277849e+26	2.651146e+21	5.277823e+26	2.145759e+23	1.486161e-09	0.002950308	3.657826e+09	4.265668e+11	7.642771e+12	7.999412e-06	1.367898e-10	3.615332e-16	0.5003532	0.5	0.3477437	1	95.40459	11.86404	10569.8	1.117189e+26	1.827432e+28	5.151575e+27	6.741065e+25	3.118866e+27	1.203261e+27	5.325573e+26	2.294797e+26	0.2188657	0	0.01354373	0.03560219	0.03560219	0.001424136	0.02670164	0	0	-0.02766161	0	6.845091e-16	0	6.845091e-16	0	-477.5251	0	-477.5251	0	30572.73	77194.93	459.0609	8566.159	1.106061	1	0	0.4523972	1	2	0	0	
22512	1760.328	3.45e+19	0	0	100000	1.97238052	1.140862e-05	6.542618e+26	5.37619e+25	1.390483e+25	3.985707e+25	2.234056e+26	3.770943e+26	4.753184e+25	3.905779e+24	1.01018e+24	2.895599e+24	1.623032e+25	2.739574e+25	0.5763661	4.753184e+26	3.905779e+25	1.01018e+25	2.895599e+25	1.600524e+26	2.700432e+26	6.164975e+24	0	0	0	0	0	0	0	0	0	0	0	0	0	0	6.123219e+26	2.458593e+19	6.123219e+26	2.76803e+26	4.694493e+21	2.767984e+26	1.481875e+26	1.378524e+14	1.481875e+26	5.536061e+26	2.598436e+14	5.536061e+26	1.649634e+26	1.126624e+15	1.649634e+26	5.284422e+26	2.657012e+21	5.284395e+26	2.145756e+23	1.486163e-09	0.002950314	3.652268e+09	4.28169e+11	7.658475e+12	8.005496e-06	1.369979e-10	3.623586e-16	0.500353	0.5	0.348008	1	95.5234	11.87882	10569.8	1.117189e+26	1.827432e+28	5.151575e+27	6.741065e+25	3.118866e+27	1.203261e+27	5.325573e+26	2.294797e+26	0.2188657	0	0.01354058	0.03560219	0.03560219	0.001424136	0.02670164	0	0	-0.02761948	0	6.884622e-16	0	6.884622e-16	0	-477.4408	0	-477.4408	0	30572.08	77194.93	459.6326	8565.976	1.106061	1	0	0.4523973	1	2	0	0	
22540	1760.328	3.45e+19	0	0	100000	1.97242265	1.140862e-05	6.550755e+26	5.376184e+25	1.390484e+25	3.9857e+25	2.238991e+26	3.774146e+26	4.759096e+25	3.905775e+24	1.01018e+24	2.895594e+24	1.626617e+25	2.741901e+25	0.5761391	4.759096e+26	3.905775e+25	1.01018e+25	2.895594e+25	1.604063e+26	2.702729e+26	6.172642e+24	0	0	0	0	0	0	0	0	0	0	0	0	0	0	6.130835e+26	2.492603e+19	6.130835e+26	2.771473e+26	4.697126e+21	2.771426e+26	1.483718e+26	1.381567e+14	1.483718e+26	5.542947e+26	2.604173e+14	5.542947e+26	1.651686e+26	1.129111e+15	1.651686e+26	5.290995e+26	2.662878e+21	5.290968e+26	2.145753e+23	1.486165e-09	0.00295032	3.646722e+09	4.297746e+11	7.674203e+12	8.011579e-06	1.372062e-10	3.631854e-16	0.5003529	0.5	0.3482724	1	95.64221	11.89359	10569.8	1.117189e+26	1.827432e+28	5.151575e+27	6.741065e+25	3.118866e+27	1.203261e+27	5.325573e+26	2.294797e+26	0.2188657	0	0.0135375	0.03560219	0.03560219	0.001424136	0.02670164	0	0	-0.02757735	0	6.924437e-16	0	6.924437e-16	0	-477.3564	0	-477.3564	0	30571.43	77194.93	460.2044	8565.793	1.106061	1	0	0.4523973	1	2	0	0	
22568	1760.328	3.45e+19	0	0	100000	1.97246478	1.140862e-05	6.558893e+26	5.376178e+25	1.390484e+25	3.985694e+25	2.243925e+26	3.77735e+26	4.765008e+25	3.90577e+24	1.010181e+24	2.895589e+24	1.630202e+25	2.744228e+25	0.5759127	4.765008e+26	3.90577e+25	1.010181e+25	2.895589e+25	1.607601e+26	2.705026e+26	6.180309e+24	0	0	0	0	0	0	0	0	0	0	0	0	0	0	6.138451e+26	2.527112e+19	6.138451e+26	2.774916e+26	4.699735e+21	2.774869e+26	1.485561e+26	1.384611e+14	1.485561e+26	5.549832e+26	2.609909e+14	5.549832e+26	1.653738e+26	1.131598e+15	1.653738e+26	5.297567e+26	2.668744e+21	5.29754e+26	2.14575e+23	1.486167e-09	0.002950327	3.641188e+09	4.313837e+11	7.689954e+12	8.017664e-06	1.374147e-10	3.640135e-16	0.5003528	0.5	0.3485368	1	95.76102	11.90837	10569.8	1.117189e+26	1.827432e+28	5.151575e+27	6.741065e+25	3.118866e+27	1.203261e+27	5.325573e+26	2.294797e+26	0.2188657	0	0.01353449	0.03560219	0.03560219	0.001424136	0.02670164	0	0	-0.02753522	0	6.964537e-16	0	6.964537e-16	0	-477.2719	0	-477.2719	0	30570.77	77194.93	460.7761	8565.61	1.106061	1	0	0.4523973	1	2	0	0	
22596	1760.328	3.45e+19	0	0	100000	1.97250691	1.140862e-05	6.56703e+26	5.376171e+25	1.390484e+25	3.985687e+25	2.24886e+26	3.780553e+26	4.770919e+25	3.905765e+24	1.010181e+24	2.895585e+24	1.633787e+25	2.746556e+25	0.5756869	4.770919e+26	3.905765e+25	1.010181e+25	2.895585e+25	1.61114e+26	2.707323e+26	6.187977e+24	0	0	0	0	0	0	0	0	0	0	0	0	0	0	6.146067e+26	2.562122e+19	6.146067e+26	2.778359e+26	4.702324e+21	2.778312e+26	1.487404e+26	1.387654e+14	1.487404e+26	5.556718e+26	2.615646e+14	5.556718e+26	1.65579e+26	1.134085e+15	1.65579e+26	5.30414e+26	2.67461e+21	5.304113e+26	2.145747e+23	1.486168e-09	0.002950333	3.635666e+09	4.329963e+11	7.705728e+12	8.023749e-06	1.376234e-10	3.64843e-16	0.5003526	0.5	0.3488012	1	95.87983	11.92314	10569.8	1.117189e+26	1.827432e+28	5.151575e+27	6.741065e+25	3.118866e+27	1.203261e+27	5.325573e+26	2.294797e+26	0.2188657	0	0.01353155	0.03560219	0.03560219	0.001424136	0.02670164	0	0	-0.02749309	0	7.004925e-16	0	7.004925e-16	0	-477.1873	0	-477.1873	0	30570.12	77194.93	461.3478	8565.427	1.106061	1	0	0.4523973	1	2	0	0	
22624	1760.328	3.45e+19	0	0	100000	1.97254904	1.140862e-05	6.575168e+26	5.376165e+25	1.390484e+25	3.98568e+25	2.253795e+26	3.783757e+26	4.776831e+25	3.905761e+24	1.010181e+24	2.89558e+24	1.637372e+25	2.748883e+25	0.5754616	4.776831e+26	3.905761e+25	1.010181e+25	2.89558e+25	1.614679e+26	2.70962e+26	6.195647e+24	0	0	0	0	0	0	0	0	0	0	0	0	0	0	6.153683e+26	2.597646e+19	6.153682e+26	2.781802e+26	4.704891e+21	2.781755e+26	1.489247e+26	1.390697e+14	1.489247e+26	5.563604e+26	2.621382e+14	5.563604e+26	1.657841e+26	1.136572e+15	1.657841e+26	5.310713e+26	2.680475e+21	5.310686e+26	2.145744e+23	1.48617e-09	0.002950339	3.630156e+09	4.346124e+11	7.721525e+12	8.029835e-06	1.378322e-10	3.656738e-16	0.5003525	0.5	0.3490657	1	95.99864	11.93792	10569.8	1.117189e+26	1.827432e+28	5.151575e+27	6.741065e+25	3.118866e+27	1.203261e+27	5.325573e+26	2.294797e+26	0.2188657	0	0.01352868	0.03560219	0.03560219	0.001424136	0.02670164	0	0	-0.02745096	0	7.045603e-16	0	7.045603e-16	0	-477.1026	0	-477.1026	0	30569.47	77194.93	461.9195	8565.244	1.106061	1	0	0.4523973	1	2	0	0	
22652	1760.328	3.45e+19	0	0	100000	1.97259117	1.140862e-05	6.583305e+26	5.376158e+25	1.390484e+25	3.985674e+25	2.25873e+26	3.78696e+26	4.782743e+25	3.905756e+24	1.010181e+24	2.895575e+24	1.640957e+25	2.75121e+25	0.5752369	4.782743e+26	3.905756e+25	1.010181e+25	2.895575e+25	1.618217e+26	2.711917e+26	6.203313e+24	0	0	0	0	0	0	0	0	0	0	0	0	0	0	6.161299e+26	2.633694e+19	6.161298e+26	2.785245e+26	4.707435e+21	2.785198e+26	1.491091e+26	1.393741e+14	1.491091e+26	5.570489e+26	2.627119e+14	5.570489e+26	1.659893e+26	1.13906e+15	1.659893e+26	5.317285e+26	2.686341e+21	5.317258e+26	2.145741e+23	1.486172e-09	0.002950346	3.624658e+09	4.36232e+11	7.737345e+12	8.035922e-06	1.380412e-10	3.665059e-16	0.5003523	0.5	0.3493302	1	96.11745	11.95269	10569.8	1.117189e+26	1.827432e+28	5.151575e+27	6.741065e+25	3.118866e+27	1.203261e+27	5.325573e+26	2.294797e+26	0.2188657	0	0.01352587	0.03560219	0.03560219	0.001424136	0.02670164	0	0	-0.02740883	0	7.086574e-16	0	7.086574e-16	0	-477.0177	0	-477.0177	0	30568.82	77194.93	462.4912	8565.062	1.106061	1	0	0.4523973	1	2	0	0	
22680	1760.328	3.45e+19	0	0	100000	1.9726333	1.140862e-05	6.591443e+26	5.376152e+25	1.390485e+25	3.985667e+25	2.263664e+26	3.790163e+26	4.788655e+25	3.905751e+24	1.010181e+24	2.89557e+24	1.644543e+25	2.753538e+25	0.5750127	4.788655e+26	3.905751e+25	1.010181e+25	2.89557e+25	1.621756e+26	2.714214e+26	6.210982e+24	0	0	0	0	0	0	0	0	0	0	0	0	0	0	6.168915e+26	2.670273e+19	6.168914e+26	2.788687e+26	4.709957e+21	2.78864e+26	1.492934e+26	1.396784e+14	1.492934e+26	5.577375e+26	2.632855e+14	5.577375e+26	1.661945e+26	1.141547e+15	1.661945e+26	5.323858e+26	2.692207e+21	5.323831e+26	2.145738e+23	1.486174e-09	0.002950352	3.619172e+09	4.378551e+11	7.753188e+12	8.042009e-06	1.382504e-10	3.673394e-16	0.5003522	0.5	0.3495947	1	96.23626	11.96747	10569.8	1.117189e+26	1.827432e+28	5.151575e+27	6.741065e+25	3.118866e+27	1.203261e+27	5.325573e+26	2.294797e+26	0.2188657	0	0.01352313	0.03560219	0.03560219	0.001424136	0.02670164	0	0	-0.0273667	0	7.127841e-16	0	7.127841e-16	0	-476.9327	0	-476.9327	0	30568.16	77194.93	463.0629	8564.879	1.106061	1	0	0.4523973	1	2	0	0	
22708	1760.328	3.45e+19	0	0	100000	1.97267543	1.140862e-05	6.599581e+26	5.376145e+25	1.390485e+25	3.985661e+25	2.268599e+26	3.793367e+26	4.794567e+25	3.905747e+24	1.010181e+24	2.895565e+24	1.648128e+25	2.755865e+25	0.5747891	4.794567e+26	3.905747e+25	1.010181e+25	2.895565e+25	1.625294e+26	2.716512e+26	6.218649e+24	0	0	0	0	0	0	0	0	0	0	0	0	0	0	6.176531e+26	2.707393e+19	6.17653e+26	2.79213e+26	4.712456e+21	2.792083e+26	1.494777e+26	1.399828e+14	1.494777e+26	5.584261e+26	2.638592e+14	5.584261e+26	1.663997e+26	1.144034e+15	1.663997e+26	5.330431e+26	2.698073e+21	5.330404e+26	2.145735e+23	1.486175e-09	0.002950358	3.613698e+09	4.394817e+11	7.769055e+12	8.048096e-06	1.384598e-10	3.681742e-16	0.500352	0.5	0.3498592	1	96.35507	11.98224	10569.8	1.117189e+26	1.827432e+28	5.151575e+27	6.741065e+25	3.118866e+27	1.203261e+27	5.325573e+26	2.294797e+26	0.2188657	0	0.01352046	0.03560219	0.03560219	0.001424136	0.02670164	0	0	-0.02732457	0	7.169406e-16	0	7.169406e-16	0	-476.8476	0	-476.8476	0	30567.51	77194.93	463.6347	8564.696	1.106061	1	0	0.4523973	1	2	0	0	
22736	1760.328	3.45e+19	0	0	100000	1.97271756	1.140862e-05	6.607718e+26	5.376139e+25	1.390485e+25	3.985654e+25	2.273534e+26	3.79657e+26	4.800479e+25	3.905742e+24	1.010181e+24	2.895561e+24	1.651713e+25	2.758192e+25	0.574566	4.800479e+26	3.905742e+25	1.010181e+25	2.895561e+25	1.628833e+26	2.718809e+26	6.226318e+24	0	0	0	0	0	0	0	0	0	0	0	0	0	0	6.184147e+26	2.745059e+19	6.184146e+26	2.795573e+26	4.714934e+21	2.795526e+26	1.49662e+26	1.402871e+14	1.49662e+26	5.591146e+26	2.644328e+14	5.591146e+26	1.666049e+26	1.146521e+15	1.666049e+26	5.337003e+26	2.703939e+21	5.336976e+26	2.145731e+23	1.486177e-09	0.002950365	3.608236e+09	4.411118e+11	7.784944e+12	8.054184e-06	1.386694e-10	3.690104e-16	0.5003519	0.5	0.3501238	1	96.47388	11.99702	10569.8	1.117189e+26	1.827432e+28	5.151575e+27	6.741065e+25	3.118866e+27	1.203261e+27	5.325573e+26	2.294797e+26	0.2188657	0	0.01351785	0.03560219	0.03560219	0.001424136	0.02670164	0	0	-0.02728244	0	7.211272e-16	0	7.211272e-16	0	-476.7624	0	-476.7624	0	30566.86	77194.93	464.2064	8564.513	1.106061	1	0	0.4523973	1	2	0	0	
22764	1760.328	3.45e+19	0	0	100000	1.97275969	1.140862e-05	6.615856e+26	5.376133e+25	1.390485e+25	3.985647e+25	2.278469e+26	3.799774e+26	4.806391e+25	3.905737e+24	1.010182e+24	2.895556e+24	1.655298e+25	2.760519e+25	0.5743435	4.806391e+26	3.905737e+25	1.010182e+25	2.895556e+25	1.632372e+26	2.721106e+26	6.233984e+24	0	0	0	0	0	0	0	0	0	0	0	0	0	0	6.191762e+26	2.783275e+19	6.191762e+26	2.799016e+26	4.717391e+21	2.798969e+26	1.498463e+26	1.405914e+14	1.498463e+26	5.598032e+26	2.650065e+14	5.598032e+26	1.6681e+26	1.149008e+15	1.6681e+26	5.343576e+26	2.709805e+21	5.343549e+26	2.145728e+23	1.486179e-09	0.002950371	3.602786e+09	4.427454e+11	7.800857e+12	8.060273e-06	1.388791e-10	3.698479e-16	0.5003517	0.5	0.3503883	1	96.59269	12.01179	10569.8	1.117189e+26	1.827432e+28	5.151575e+27	6.741065e+25	3.118866e+27	1.203261e+27	5.325573e+26	2.294797e+26	0.2188657	0	0.01351532	0.03560219	0.03560219	0.001424136	0.02670164	0	0	-0.02724031	0	7.253441e-16	0	7.253441e-16	0	-476.6771	0	-476.6771	0	30566.2	77194.93	464.7782	8564.33	1.106061	1	0	0.4523973	1	2	0	0	
22792	1760.328	3.45e+19	0	0	100000	1.97280182	1.140862e-05	6.623993e+26	5.376126e+25	1.390485e+25	3.985641e+25	2.283404e+26	3.802977e+26	4.812303e+25	3.905733e+24	1.010182e+24	2.895551e+24	1.658883e+25	2.762847e+25	0.5741215	4.812303e+26	3.905733e+25	1.010182e+25	2.895551e+25	1.63591e+26	2.723403e+26	6.241651e+24	0	0	0	0	0	0	0	0	0	0	0	0	0	0	6.199378e+26	2.822064e+19	6.199378e+26	2.802459e+26	4.719825e+21	2.802412e+26	1.500306e+26	1.408958e+14	1.500306e+26	5.604917e+26	2.655802e+14	5.604917e+26	1.670152e+26	1.151496e+15	1.670152e+26	5.350148e+26	2.715671e+21	5.350121e+26	2.145725e+23	1.486181e-09	0.002950377	3.597347e+09	4.443825e+11	7.816792e+12	8.066363e-06	1.39089e-10	3.706868e-16	0.5003516	0.5	0.3506529	1	96.7115	12.02657	10569.8	1.117189e+26	1.827432e+28	5.151575e+27	6.741065e+25	3.118866e+27	1.203261e+27	5.325573e+26	2.294797e+26	0.2188657	0	0.01351285	0.03560219	0.03560219	0.001424136	0.02670164	0	0	-0.02719818	0	7.295915e-16	0	7.295915e-16	0	-476.5916	0	-476.5916	0	30565.55	77194.93	465.3499	8564.147	1.106061	1	0	0.4523973	1	2	0	0	
22820	1760.328	3.45e+19	0	0	100000	1.97284395	1.140862e-05	6.632131e+26	5.37612e+25	1.390486e+25	3.985634e+25	2.288339e+26	3.80618e+26	4.818215e+25	3.905728e+24	1.010182e+24	2.895546e+24	1.662468e+25	2.765174e+25	0.5739001	4.818215e+26	3.905728e+25	1.010182e+25	2.895546e+25	1.639449e+26	2.7257e+26	6.249321e+24	0	0	0	0	0	0	0	0	0	0	0	0	0	0	6.206994e+26	2.861419e+19	6.206994e+26	2.805902e+26	4.722239e+21	2.805854e+26	1.502149e+26	1.412001e+14	1.502149e+26	5.611803e+26	2.661538e+14	5.611803e+26	1.672204e+26	1.153983e+15	1.672204e+26	5.356721e+26	2.721537e+21	5.356694e+26	2.145722e+23	1.486182e-09	0.002950383	3.59192e+09	4.460231e+11	7.832751e+12	8.072452e-06	1.392991e-10	3.71527e-16	0.5003514	0.5	0.3509176	1	96.83031	12.04134	10569.8	1.117189e+26	1.827432e+28	5.151575e+27	6.741065e+25	3.118866e+27	1.203261e+27	5.325573e+26	2.294797e+26	0.2188657	0	0.01351045	0.03560219	0.03560219	0.001424136	0.02670164	0	0	-0.02715605	0	7.338698e-16	0	7.338698e-16	0	-476.5061	0	-476.5061	0	30564.9	77194.93	465.9216	8563.964	1.106061	1	0	0.4523974	1	2	0	0	
22848	1760.328	3.45e+19	0	0	100000	1.97288608	1.140862e-05	6.640269e+26	5.376113e+25	1.390486e+25	3.985628e+25	2.293274e+26	3.809384e+26	4.824127e+25	3.905723e+24	1.010182e+24	2.895541e+24	1.666053e+25	2.767501e+25	0.5736792	4.824127e+26	3.905723e+25	1.010182e+25	2.895541e+25	1.642988e+26	2.727997e+26	6.256987e+24	0	0	0	0	0	0	0	0	0	0	0	0	0	0	6.21461e+26	2.901365e+19	6.21461e+26	2.809344e+26	4.724629e+21	2.809297e+26	1.503992e+26	1.415045e+14	1.503992e+26	5.618689e+26	2.667275e+14	5.618689e+26	1.674256e+26	1.15647e+15	1.674256e+26	5.363294e+26	2.727403e+21	5.363267e+26	2.145719e+23	1.486184e-09	0.00295039	3.586506e+09	4.476672e+11	7.848733e+12	8.078543e-06	1.395094e-10	3.723685e-16	0.5003513	0.5	0.3511822	1	96.94912	12.05611	10569.8	1.117189e+26	1.827432e+28	5.151575e+27	6.741065e+25	3.118866e+27	1.203261e+27	5.325573e+26	2.294797e+26	0.2188657	0	0.01350812	0.03560219	0.03560219	0.001424136	0.02670164	0	0	-0.02711392	0	7.381793e-16	0	7.381793e-16	0	-476.4204	0	-476.4204	0	30564.25	77194.93	466.4933	8563.781	1.106061	1	0	0.4523973	1	2	0	0	
22876	1760.328	3.45e+19	0	0	100000	1.97292821	1.140862e-05	6.648406e+26	5.376107e+25	1.390486e+25	3.985621e+25	2.298208e+26	3.812587e+26	4.830039e+25	3.905719e+24	1.010182e+24	2.895537e+24	1.669639e+25	2.769828e+25	0.5734588	4.830039e+26	3.905719e+25	1.010182e+25	2.895537e+25	1.646526e+26	2.730294e+26	6.264656e+24	0	0	0	0	0	0	0	0	0	0	0	0	0	0	6.222226e+26	2.941895e+19	6.222226e+26	2.812787e+26	4.727e+21	2.81274e+26	1.505836e+26	1.418088e+14	1.505836e+26	5.625574e+26	2.673012e+14	5.625574e+26	1.676308e+26	1.158957e+15	1.676308e+26	5.369866e+26	2.733268e+21	5.369839e+26	2.145716e+23	1.486186e-09	0.002950396	3.581102e+09	4.493149e+11	7.864737e+12	8.084634e-06	1.397199e-10	3.732114e-16	0.5003511	0.5	0.3514469	1	97.06793	12.07089	10569.8	1.117189e+26	1.827432e+28	5.151575e+27	6.741065e+25	3.118866e+27	1.203261e+27	5.325573e+26	2.294797e+26	0.2188657	0	0.01350585	0.03560219	0.03560219	0.001424136	0.02670164	0	0	-0.02707179	0	7.425201e-16	0	7.425201e-16	0	-476.3346	0	-476.3346	0	30563.59	77194.93	467.065	8563.598	1.106061	1	0	0.4523973	1	2	0	0	
22904	1760.328	3.45e+19	0	0	100000	1.97297034	1.140862e-05	6.656544e+26	5.3761e+25	1.390486e+25	3.985614e+25	2.303143e+26	3.81579e+26	4.835951e+25	3.905714e+24	1.010182e+24	2.895532e+24	1.673224e+25	2.772155e+25	0.573239	4.835951e+26	3.905714e+25	1.010182e+25	2.895532e+25	1.650065e+26	2.732591e+26	6.272323e+24	0	0	0	0	0	0	0	0	0	0	0	0	0	0	6.229842e+26	2.983035e+19	6.229842e+26	2.81623e+26	4.729347e+21	2.816183e+26	1.507679e+26	1.421132e+14	1.507679e+26	5.63246e+26	2.678748e+14	5.63246e+26	1.678359e+26	1.161445e+15	1.678359e+26	5.376439e+26	2.739134e+21	5.376412e+26	2.145713e+23	1.486188e-09	0.002950402	3.575711e+09	4.50966e+11	7.880765e+12	8.090725e-06	1.399305e-10	3.740556e-16	0.5003509	0.5	0.3517116	1	97.18674	12.08566	10569.8	1.117189e+26	1.827432e+28	5.151575e+27	6.741065e+25	3.118866e+27	1.203261e+27	5.325573e+26	2.294797e+26	0.2188657	0	0.01350365	0.03560219	0.03560219	0.001424136	0.02670164	0	0	-0.02702966	0	7.468925e-16	0	7.468925e-16	0	-476.2486	0	-476.2486	0	30562.94	77194.93	467.6367	8563.416	1.106061	1	0	0.4523973	1	2	0	0	
22932	1760.328	3.45e+19	0	0	100000	1.97301247	1.140862e-05	6.664681e+26	5.376094e+25	1.390486e+25	3.985608e+25	2.308078e+26	3.818994e+26	4.841862e+25	3.905709e+24	1.010182e+24	2.895527e+24	1.676809e+25	2.774483e+25	0.5730197	4.841862e+26	3.905709e+25	1.010182e+25	2.895527e+25	1.653604e+26	2.734888e+26	6.279992e+24	0	0	0	0	0	0	0	0	0	0	0	0	0	0	6.237458e+26	3.024777e+19	6.237458e+26	2.819673e+26	4.731675e+21	2.819626e+26	1.509522e+26	1.424175e+14	1.509522e+26	5.639346e+26	2.684485e+14	5.639346e+26	1.680411e+26	1.163932e+15	1.680411e+26	5.383012e+26	2.745e+21	5.382984e+26	2.14571e+23	1.486189e-09	0.002950408	3.570331e+09	4.526207e+11	7.896815e+12	8.096817e-06	1.401413e-10	3.749012e-16	0.5003508	0.5	0.3519763	1	97.30555	12.10044	10569.8	1.117189e+26	1.827432e+28	5.151575e+27	6.741065e+25	3.118866e+27	1.203261e+27	5.325573e+26	2.294797e+26	0.2188657	0	0.01350152	0.03560219	0.03560219	0.001424136	0.02670164	0	0	-0.02698753	0	7.512969e-16	0	7.512969e-16	0	-476.1626	0	-476.1626	0	30562.29	77194.93	468.2085	8563.233	1.106061	1	0	0.4523973	1	2	0	0	
22960	1760.328	3.45e+19	0	0	100000	1.9730546	1.140862e-05	6.672819e+26	5.376087e+25	1.390486e+25	3.985601e+25	2.313013e+26	3.822197e+26	4.847774e+25	3.905704e+24	1.010182e+24	2.895522e+24	1.680394e+25	2.77681e+25	0.5728009	4.847774e+26	3.905704e+25	1.010182e+25	2.895522e+25	1.657143e+26	2.737185e+26	6.28766e+24	0	0	0	0	0	0	0	0	0	0	0	0	0	0	6.245074e+26	3.067149e+19	6.245074e+26	2.823116e+26	4.73398e+21	2.823068e+26	1.511365e+26	1.427218e+14	1.511365e+26	5.646231e+26	2.690221e+14	5.646231e+26	1.682463e+26	1.166419e+15	1.682463e+26	5.389584e+26	2.750866e+21	5.389557e+26	2.145707e+23	1.486191e-09	0.002950415	3.564964e+09	4.54279e+11	7.912889e+12	8.102909e-06	1.403522e-10	3.757481e-16	0.5003506	0.5	0.352241	1	97.42436	12.11521	10569.8	1.117189e+26	1.827432e+28	5.151575e+27	6.741065e+25	3.118866e+27	1.203261e+27	5.325573e+26	2.294797e+26	0.2188657	0	0.01349946	0.03560219	0.03560219	0.001424136	0.02670164	0	0	-0.0269454	0	7.557335e-16	0	7.557335e-16	0	-476.0764	0	-476.0764	0	30561.64	77194.93	468.7802	8563.05	1.106061	1	0	0.4523974	1	2	0	0	
22988	1760.328	3.45e+19	0	0	100000	1.97309673	1.140862e-05	6.680956e+26	5.376081e+25	1.390487e+25	3.985594e+25	2.317948e+26	3.8254e+26	4.853686e+25	3.9057e+24	1.010183e+24	2.895517e+24	1.683979e+25	2.779137e+25	0.5725827	4.853686e+26	3.9057e+25	1.010183e+25	2.895517e+25	1.660681e+26	2.739482e+26	6.295326e+24	0	0	0	0	0	0	0	0	0	0	0	0	0	0	6.25269e+26	3.11015e+19	6.25269e+26	2.826559e+26	4.736264e+21	2.826511e+26	1.513208e+26	1.430262e+14	1.513208e+26	5.653117e+26	2.695958e+14	5.653117e+26	1.684515e+26	1.168907e+15	1.684515e+26	5.396157e+26	2.756732e+21	5.39613e+26	2.145704e+23	1.486193e-09	0.002950421	3.559607e+09	4.559407e+11	7.928985e+12	8.109002e-06	1.405634e-10	3.765963e-16	0.5003505	0.5	0.3525057	1	97.54317	12.12999	10569.8	1.117189e+26	1.827432e+28	5.151575e+27	6.741065e+25	3.118866e+27	1.203261e+27	5.325573e+26	2.294797e+26	0.2188657	0	0.01349747	0.03560219	0.03560219	0.001424136	0.02670164	0	0	-0.02690327	0	7.602026e-16	0	7.602026e-16	0	-475.9901	0	-475.9901	0	30560.98	77194.93	469.3519	8562.867	1.106061	1	0	0.4523974	1	2	0	0	
23016	1760.328	3.45e+19	0	0	100000	1.97313886	1.140862e-05	6.689094e+26	5.376074e+25	1.390487e+25	3.985588e+25	2.322883e+26	3.828603e+26	4.859598e+25	3.905695e+24	1.010183e+24	2.895512e+24	1.687565e+25	2.781464e+25	0.572365	4.859598e+26	3.905695e+25	1.010183e+25	2.895512e+25	1.66422e+26	2.741779e+26	6.302994e+24	0	0	0	0	0	0	0	0	0	0	0	0	0	0	6.260306e+26	3.153784e+19	6.260306e+26	2.830001e+26	4.738529e+21	2.829954e+26	1.515051e+26	1.433305e+14	1.515051e+26	5.660003e+26	2.701695e+14	5.660003e+26	1.686566e+26	1.171394e+15	1.686566e+26	5.40273e+26	2.762599e+21	5.402702e+26	2.145701e+23	1.486195e-09	0.002950427	3.554263e+09	4.57606e+11	7.945105e+12	8.115095e-06	1.407747e-10	3.774459e-16	0.5003503	0.5	0.3527705	1	97.66198	12.14476	10569.8	1.117189e+26	1.827432e+28	5.151575e+27	6.741065e+25	3.118866e+27	1.203261e+27	5.325573e+26	2.294797e+26	0.2188657	0	0.01349554	0.03560219	0.03560219	0.001424136	0.02670164	0	0	-0.02686114	0	7.647045e-16	0	7.647045e-16	0	-475.9037	0	-475.9037	0	30560.33	77194.93	469.9236	8562.684	1.106061	1	0	0.4523974	1	2	0	0	
23044	1760.328	3.45e+19	0	0	100000	1.97318099	1.140862e-05	6.697232e+26	5.376068e+25	1.390487e+25	3.985581e+25	2.327818e+26	3.831807e+26	4.86551e+25	3.90569e+24	1.010183e+24	2.895508e+24	1.69115e+25	2.783791e+25	0.5721479	4.86551e+26	3.90569e+25	1.010183e+25	2.895508e+25	1.667759e+26	2.744076e+26	6.310661e+24	0	0	0	0	0	0	0	0	0	0	0	0	0	0	6.267922e+26	3.198076e+19	6.267922e+26	2.833444e+26	4.74077e+21	2.833397e+26	1.516894e+26	1.436349e+14	1.516894e+26	5.666888e+26	2.707432e+14	5.666888e+26	1.688618e+26	1.173881e+15	1.688618e+26	5.409302e+26	2.768465e+21	5.409275e+26	2.145698e+23	1.486196e-09	0.002950433	3.54893e+09	4.592748e+11	7.961247e+12	8.121188e-06	1.409862e-10	3.782968e-16	0.5003501	0.5	0.3530353	1	97.78079	12.15954	10569.8	1.117189e+26	1.827432e+28	5.151575e+27	6.741065e+25	3.118866e+27	1.203261e+27	5.325573e+26	2.294797e+26	0.2188657	0	0.01349368	0.03560219	0.03560219	0.001424136	0.02670164	0	0	-0.02681901	0	7.692394e-16	0	7.692394e-16	0	-475.8172	0	-475.8172	0	30559.68	77194.93	470.4954	8562.501	1.106061	1	0	0.4523974	1	2	0	0	
23072	1760.328	3.45e+19	0	0	100000	1.97322312	1.140862e-05	6.705369e+26	5.376061e+25	1.390487e+25	3.985574e+25	2.332753e+26	3.83501e+26	4.871422e+25	3.905686e+24	1.010183e+24	2.895503e+24	1.694735e+25	2.786118e+25	0.5719312	4.871422e+26	3.905686e+25	1.010183e+25	2.895503e+25	1.671298e+26	2.746373e+26	6.31833e+24	0	0	0	0	0	0	0	0	0	0	0	0	0	0	6.275538e+26	3.243029e+19	6.275538e+26	2.836887e+26	4.742991e+21	2.83684e+26	1.518737e+26	1.439392e+14	1.518737e+26	5.673774e+26	2.713169e+14	5.673774e+26	1.69067e+26	1.176368e+15	1.69067e+26	5.415875e+26	2.774331e+21	5.415847e+26	2.145695e+23	1.486198e-09	0.002950439	3.543609e+09	4.609471e+11	7.977412e+12	8.127282e-06	1.411979e-10	3.79149e-16	0.50035	0.5	0.3533001	1	97.8996	12.17431	10569.8	1.117189e+26	1.827432e+28	5.151575e+27	6.741065e+25	3.118866e+27	1.203261e+27	5.325573e+26	2.294797e+26	0.2188657	0	0.01349189	0.03560219	0.03560219	0.001424136	0.02670164	0	0	-0.02677688	0	7.738076e-16	0	7.738076e-16	0	-475.7305	0	-475.7305	0	30559.03	77194.93	471.0671	8562.319	1.106061	1	0	0.4523974	1	2	0	0	
23100	1760.328	3.45e+19	0	0	100000	1.97326525	1.140862e-05	6.713507e+26	5.376055e+25	1.390487e+25	3.985568e+25	2.337688e+26	3.838213e+26	4.877334e+25	3.905681e+24	1.010183e+24	2.895498e+24	1.69832e+25	2.788445e+25	0.5717151	4.877334e+26	3.905681e+25	1.010183e+25	2.895498e+25	1.674836e+26	2.74867e+26	6.325999e+24	0	0	0	0	0	0	0	0	0	0	0	0	0	0	6.283154e+26	3.288653e+19	6.283153e+26	2.84033e+26	4.745192e+21	2.840282e+26	1.520581e+26	1.442436e+14	1.520581e+26	5.68066e+26	2.718905e+14	5.68066e+26	1.692722e+26	1.178856e+15	1.692722e+26	5.422448e+26	2.780197e+21	5.42242e+26	2.145692e+23	1.4862e-09	0.002950446	3.538299e+09	4.62623e+11	7.9936e+12	8.133377e-06	1.414097e-10	3.800026e-16	0.5003498	0.5	0.3535649	1	98.01841	12.18909	10569.8	1.117189e+26	1.827432e+28	5.151575e+27	6.741065e+25	3.118866e+27	1.203261e+27	5.325573e+26	2.294797e+26	0.2188657	0	0.01349017	0.03560219	0.03560219	0.001424136	0.02670164	0	0	-0.02673475	0	7.784095e-16	0	7.784095e-16	0	-475.6437	0	-475.6437	0	30558.37	77194.93	471.6388	8562.136	1.106061	1	0	0.4523974	1	2	0	0	
23128	1760.328	3.45e+19	0	0	100000	1.97330738	1.140862e-05	6.721644e+26	5.376048e+25	1.390487e+25	3.985561e+25	2.342623e+26	3.841416e+26	4.883246e+25	3.905676e+24	1.010183e+24	2.895493e+24	1.701906e+25	2.790773e+25	0.5714995	4.883246e+26	3.905676e+25	1.010183e+25	2.895493e+25	1.678375e+26	2.750967e+26	6.333666e+24	0	0	0	0	0	0	0	0	0	0	0	0	0	0	6.29077e+26	3.334959e+19	6.290769e+26	2.843773e+26	4.747371e+21	2.843725e+26	1.522424e+26	1.445479e+14	1.522424e+26	5.687545e+26	2.724642e+14	5.687545e+26	1.694774e+26	1.181343e+15	1.694774e+26	5.42902e+26	2.786063e+21	5.428993e+26	2.145689e+23	1.486201e-09	0.002950452	3.533001e+09	4.643024e+11	8.00981e+12	8.139471e-06	1.416217e-10	3.808575e-16	0.5003497	0.5	0.3538297	1	98.13722	12.20386	10569.8	1.117189e+26	1.827432e+28	5.151575e+27	6.741065e+25	3.118866e+27	1.203261e+27	5.325573e+26	2.294797e+26	0.2188657	0	0.01348851	0.03560219	0.03560219	0.001424136	0.02670164	0	0	-0.02669262	0	7.830454e-16	0	7.830454e-16	0	-475.5568	0	-475.5568	0	30557.72	77194.93	472.2106	8561.953	1.106061	1	0	0.4523974	1	2	0	0	
23156	1760.328	3.45e+19	0	0	100000	1.97334951	1.140862e-05	6.729782e+26	5.376042e+25	1.390487e+25	3.985554e+25	2.347558e+26	3.84462e+26	4.889158e+25	3.905671e+24	1.010183e+24	2.895488e+24	1.705491e+25	2.7931e+25	0.5712844	4.889158e+26	3.905671e+25	1.010183e+25	2.895488e+25	1.681914e+26	2.753264e+26	6.341334e+24	0	0	0	0	0	0	0	0	0	0	0	0	0	0	6.298386e+26	3.381957e+19	6.298385e+26	2.847215e+26	4.749531e+21	2.847168e+26	1.524267e+26	1.448523e+14	1.524267e+26	5.694431e+26	2.730379e+14	5.694431e+26	1.696825e+26	1.18383e+15	1.696825e+26	5.435593e+26	2.791929e+21	5.435565e+26	2.145686e+23	1.486203e-09	0.002950458	3.527714e+09	4.659853e+11	8.026044e+12	8.145567e-06	1.418339e-10	3.817138e-16	0.5003495	0.5	0.3540946	1	98.25603	12.21864	10569.8	1.117189e+26	1.827432e+28	5.151575e+27	6.741065e+25	3.118866e+27	1.203261e+27	5.325573e+26	2.294797e+26	0.2188657	0	0.01348692	0.03560219	0.03560219	0.001424136	0.02670164	0	0	-0.02665049	0	7.877155e-16	0	7.877155e-16	0	-475.4698	0	-475.4698	0	30557.07	77194.93	472.7823	8561.77	1.106061	1	0	0.4523974	1	2	0	0	
23184	1760.328	3.45e+19	0	0	100000	1.97339164	1.140862e-05	6.73792e+26	5.376035e+25	1.390488e+25	3.985548e+25	2.352493e+26	3.847823e+26	4.89507e+25	3.905667e+24	1.010183e+24	2.895483e+24	1.709076e+25	2.795427e+25	0.5710699	4.89507e+26	3.905667e+25	1.010183e+25	2.895483e+25	1.685453e+26	2.75556e+26	6.348999e+24	0	0	0	0	0	0	0	0	0	0	0	0	0	0	6.306002e+26	3.429668e+19	6.306001e+26	2.850658e+26	4.751668e+21	2.850611e+26	1.52611e+26	1.451566e+14	1.52611e+26	5.701317e+26	2.736116e+14	5.701317e+26	1.698877e+26	1.186318e+15	1.698877e+26	5.442166e+26	2.797795e+21	5.442138e+26	2.145683e+23	1.486205e-09	0.002950464	3.522439e+09	4.676718e+11	8.0423e+12	8.151662e-06	1.420463e-10	3.825713e-16	0.5003493	0.5	0.3543594	1	98.37484	12.23341	10569.8	1.117189e+26	1.827432e+28	5.151575e+27	6.741065e+25	3.118866e+27	1.203261e+27	5.325573e+26	2.294797e+26	0.2188657	0	0.0134854	0.03560219	0.03560219	0.001424136	0.02670164	0	0	-0.02660836	0	7.924201e-16	0	7.924201e-16	0	-475.3826	0	-475.3826	0	30556.42	77194.93	473.354	8561.587	1.106061	1	0	0.4523974	1	2	0	0	
23212	1760.328	3.45e+19	0	0	100000	1.97343377	1.140862e-05	6.746057e+26	5.376029e+25	1.390488e+25	3.985541e+25	2.357428e+26	3.851026e+26	4.900982e+25	3.905662e+24	1.010183e+24	2.895479e+24	1.712662e+25	2.797754e+25	0.5708558	4.900982e+26	3.905662e+25	1.010183e+25	2.895479e+25	1.688991e+26	2.757857e+26	6.356669e+24	0	0	0	0	0	0	0	0	0	0	0	0	0	0	6.313618e+26	3.478094e+19	6.313617e+26	2.854101e+26	4.753784e+21	2.854054e+26	1.527953e+26	1.45461e+14	1.527953e+26	5.708202e+26	2.741852e+14	5.708202e+26	1.700929e+26	1.188805e+15	1.700929e+26	5.448738e+26	2.803661e+21	5.44871e+26	2.14568e+23	1.486207e-09	0.00295047	3.517176e+09	4.693618e+11	8.058579e+12	8.157758e-06	1.422588e-10	3.834302e-16	0.5003492	0.5	0.3546243	1	98.49365	12.24819	10569.8	1.117189e+26	1.827432e+28	5.151575e+27	6.741065e+25	3.118866e+27	1.203261e+27	5.325573e+26	2.294797e+26	0.2188657	0	0.01348395	0.03560219	0.03560219	0.001424136	0.02670164	0	0	-0.02656623	0	7.971595e-16	0	7.971595e-16	0	-475.2954	0	-475.2954	0	30555.76	77194.93	473.9257	8561.405	1.106061	1	0	0.4523974	1	2	0	0	
23240	1760.328	3.45e+19	0	0	100000	1.9734759	1.140862e-05	6.754195e+26	5.376022e+25	1.390488e+25	3.985535e+25	2.362363e+26	3.854229e+26	4.906894e+25	3.905657e+24	1.010183e+24	2.895474e+24	1.716247e+25	2.800081e+25	0.5706423	4.906894e+26	3.905657e+25	1.010183e+25	2.895474e+25	1.69253e+26	2.760154e+26	6.364336e+24	0	0	0	0	0	0	0	0	0	0	0	0	0	0	6.321234e+26	3.527237e+19	6.321233e+26	2.857544e+26	4.755883e+21	2.857496e+26	1.529796e+26	1.457653e+14	1.529796e+26	5.715088e+26	2.747589e+14	5.715088e+26	1.702981e+26	1.191292e+15	1.702981e+26	5.455311e+26	2.809527e+21	5.455283e+26	2.145677e+23	1.486208e-09	0.002950476	3.511924e+09	4.710554e+11	8.074881e+12	8.163854e-06	1.424715e-10	3.842905e-16	0.500349	0.5	0.3548892	1	98.61246	12.26296	10569.8	1.117189e+26	1.827432e+28	5.151575e+27	6.741065e+25	3.118866e+27	1.203261e+27	5.325573e+26	2.294797e+26	0.2188657	0	0.01348256	0.03560219	0.03560219	0.001424136	0.02670164	0	0	-0.0265241	0	8.019341e-16	0	8.019341e-16	0	-475.208	0	-475.208	0	30555.11	77194.93	474.4974	8561.222	1.106061	1	0	0.4523974	1	2	0	0	
23268	1760.328	3.45e+19	0	0	100000	1.97351803	1.140862e-05	6.762332e+26	5.376016e+25	1.390488e+25	3.985528e+25	2.367298e+26	3.857432e+26	4.912806e+25	3.905652e+24	1.010183e+24	2.895469e+24	1.719832e+25	2.802408e+25	0.5704293	4.912806e+26	3.905652e+25	1.010183e+25	2.895469e+25	1.696069e+26	2.762451e+26	6.372002e+24	0	0	0	0	0	0	0	0	0	0	0	0	0	0	6.328849e+26	3.577136e+19	6.328849e+26	2.860987e+26	4.757958e+21	2.860939e+26	1.531639e+26	1.460697e+14	1.531639e+26	5.721973e+26	2.753326e+14	5.721973e+26	1.705033e+26	1.19378e+15	1.705033e+26	5.461884e+26	2.815393e+21	5.461856e+26	2.145674e+23	1.48621e-09	0.002950483	3.506683e+09	4.727525e+11	8.091205e+12	8.169951e-06	1.426843e-10	3.851521e-16	0.5003488	0.5	0.3551541	1	98.73127	12.27773	10569.8	1.117189e+26	1.827432e+28	5.151575e+27	6.741065e+25	3.118866e+27	1.203261e+27	5.325573e+26	2.294797e+26	0.2188657	0	0.01348124	0.03560219	0.03560219	0.001424136	0.02670164	0	0	-0.02648197	0	8.067442e-16	0	8.067442e-16	0	-475.1204	0	-475.1204	0	30554.46	77194.93	475.0692	8561.039	1.106061	1	0	0.4523974	1	2	0	0	
23296	1760.328	3.45e+19	0	0	100000	1.97356016	1.140862e-05	6.77047e+26	5.376009e+25	1.390488e+25	3.985521e+25	2.372233e+26	3.860636e+26	4.918717e+25	3.905648e+24	1.010184e+24	2.895464e+24	1.723417e+25	2.804735e+25	0.5702168	4.918717e+26	3.905648e+25	1.010184e+25	2.895464e+25	1.699608e+26	2.764748e+26	6.379672e+24	0	0	0	0	0	0	0	0	0	0	0	0	0	0	6.336465e+26	3.627776e+19	6.336465e+26	2.86443e+26	4.760014e+21	2.864382e+26	1.533482e+26	1.46374e+14	1.533482e+26	5.728859e+26	2.759063e+14	5.728859e+26	1.707084e+26	1.196267e+15	1.707084e+26	5.468456e+26	2.821259e+21	5.468428e+26	2.145672e+23	1.486212e-09	0.002950489	3.501454e+09	4.744532e+11	8.107552e+12	8.176048e-06	1.428974e-10	3.86015e-16	0.5003487	0.5	0.355419	1	98.85008	12.29251	10569.8	1.117189e+26	1.827432e+28	5.151575e+27	6.741065e+25	3.118866e+27	1.203261e+27	5.325573e+26	2.294797e+26	0.2188657	0	0.01347999	0.03560219	0.03560219	0.001424136	0.02670164	0	0	-0.02643984	0	8.1159e-16	0	8.1159e-16	0	-475.0328	0	-475.0328	0	30553.81	77194.93	475.6409	8560.856	1.106061	1	0	0.4523974	1	2	0	0	
23324	1760.328	3.45e+19	0	0	100000	1.97360229	1.140862e-05	6.778607e+26	5.376003e+25	1.390488e+25	3.985515e+25	2.377168e+26	3.863839e+26	4.924629e+25	3.905643e+24	1.010184e+24	2.895459e+24	1.727003e+25	2.807062e+25	0.5700048	4.924629e+26	3.905643e+25	1.010184e+25	2.895459e+25	1.703147e+26	2.767045e+26	6.387339e+24	0	0	0	0	0	0	0	0	0	0	0	0	0	0	6.344081e+26	3.679176e+19	6.344081e+26	2.867872e+26	4.762051e+21	2.867825e+26	1.535326e+26	1.466784e+14	1.535326e+26	5.735745e+26	2.7648e+14	5.735745e+26	1.709136e+26	1.198754e+15	1.709136e+26	5.475029e+26	2.827126e+21	5.475001e+26	2.145669e+23	1.486214e-09	0.002950495	3.496237e+09	4.761575e+11	8.123922e+12	8.182145e-06	1.431106e-10	3.868792e-16	0.5003485	0.5	0.3556839	1	98.96889	12.30728	10569.8	1.117189e+26	1.827432e+28	5.151575e+27	6.741065e+25	3.118866e+27	1.203261e+27	5.325573e+26	2.294797e+26	0.2188657	0	0.01347881	0.03560219	0.03560219	0.001424136	0.02670164	0	0	-0.02639771	0	8.164719e-16	0	8.164719e-16	0	-474.945	0	-474.945	0	30553.15	77194.93	476.2127	8560.674	1.106061	1	0	0.4523975	1	2	0	0	
23352	1760.328	3.45e+19	0	0	100000	1.97364442	1.140862e-05	6.786745e+26	5.375996e+25	1.390488e+25	3.985508e+25	2.382104e+26	3.867042e+26	4.930541e+25	3.905638e+24	1.010184e+24	2.895454e+24	1.730588e+25	2.809389e+25	0.5697933	4.930541e+26	3.905638e+25	1.010184e+25	2.895454e+25	1.706685e+26	2.769342e+26	6.395008e+24	0	0	0	0	0	0	0	0	0	0	0	0	0	0	6.351697e+26	3.73136e+19	6.351697e+26	2.871315e+26	4.764066e+21	2.871268e+26	1.537169e+26	1.469828e+14	1.537169e+26	5.74263e+26	2.770537e+14	5.74263e+26	1.711188e+26	1.201242e+15	1.711188e+26	5.481602e+26	2.832992e+21	5.481573e+26	2.145666e+23	1.486215e-09	0.002950501	3.49103e+09	4.778652e+11	8.140315e+12	8.188242e-06	1.43324e-10	3.877448e-16	0.5003483	0.5	0.3559489	1	99.0877	12.32206	10569.8	1.117189e+26	1.827432e+28	5.151575e+27	6.741065e+25	3.118866e+27	1.203261e+27	5.325573e+26	2.294797e+26	0.2188657	0	0.01347769	0.03560219	0.03560219	0.001424136	0.02670164	0	0	-0.02635558	0	8.213902e-16	0	8.213902e-16	0	-474.8571	0	-474.8571	0	30552.5	77194.93	476.7844	8560.491	1.106061	1	0	0.4523975	1	2	0	0	
23380	1760.328	3.45e+19	0	0	100000	1.97368655	1.140862e-05	6.794883e+26	5.37599e+25	1.390488e+25	3.985501e+25	2.387039e+26	3.870245e+26	4.936453e+25	3.905633e+24	1.010184e+24	2.89545e+24	1.734173e+25	2.811717e+25	0.5695823	4.936453e+26	3.905633e+25	1.010184e+25	2.89545e+25	1.710224e+26	2.771639e+26	6.402674e+24	0	0	0	0	0	0	0	0	0	0	0	0	0	0	6.359313e+26	3.78433e+19	6.359313e+26	2.874758e+26	4.766062e+21	2.87471e+26	1.539012e+26	1.472871e+14	1.539012e+26	5.749516e+26	2.776273e+14	5.749516e+26	1.71324e+26	1.203729e+15	1.71324e+26	5.488174e+26	2.838858e+21	5.488146e+26	2.145663e+23	1.486217e-09	0.002950507	3.485836e+09	4.795766e+11	8.15673e+12	8.19434e-06	1.435375e-10	3.886117e-16	0.5003481	0.5	0.3562138	1	99.20651	12.33683	10569.8	1.117189e+26	1.827432e+28	5.151575e+27	6.741065e+25	3.118866e+27	1.203261e+27	5.325573e+26	2.294797e+26	0.2188657	0	0.01347664	0.03560219	0.03560219	0.001424136	0.02670164	0	0	-0.02631345	0	8.263452e-16	0	8.263452e-16	0	-474.7691	0	-474.7691	0	30551.85	77194.93	477.3561	8560.308	1.106061	1	0	0.4523974	1	2	0	0	
23408	1760.328	3.45e+19	0	0	100000	1.97372868	1.140862e-05	6.80302e+26	5.375983e+25	1.390488e+25	3.985495e+25	2.391974e+26	3.873448e+26	4.942365e+25	3.905629e+24	1.010184e+24	2.895445e+24	1.737759e+25	2.814044e+25	0.5693719	4.942365e+26	3.905629e+25	1.010184e+25	2.895445e+25	1.713763e+26	2.773936e+26	6.410342e+24	0	0	0	0	0	0	0	0	0	0	0	0	0	0	6.366929e+26	3.838109e+19	6.366929e+26	2.878201e+26	4.768036e+21	2.878153e+26	1.540855e+26	1.475915e+14	1.540855e+26	5.756402e+26	2.78201e+14	5.756402e+26	1.715291e+26	1.206216e+15	1.715291e+26	5.494747e+26	2.844724e+21	5.494719e+26	2.14566e+23	1.486219e-09	0.002950513	3.480652e+09	4.812915e+11	8.173168e+12	8.200438e-06	1.437512e-10	3.894799e-16	0.500348	0.5	0.3564788	1	99.32532	12.35161	10569.8	1.117189e+26	1.827432e+28	5.151575e+27	6.741065e+25	3.118866e+27	1.203261e+27	5.325573e+26	2.294797e+26	0.2188657	0	0.01347566	0.03560219	0.03560219	0.001424136	0.02670164	0	0	-0.02627132	0	8.313373e-16	0	8.313373e-16	0	-474.681	0	-474.681	0	30551.2	77194.93	477.9278	8560.125	1.106061	1	0	0.4523975	1	2	0	0	
23436	1760.328	3.45e+19	0	0	100000	1.97377081	1.140862e-05	6.811158e+26	5.375976e+25	1.390489e+25	3.985488e+25	2.396909e+26	3.876651e+26	4.948277e+25	3.905624e+24	1.010184e+24	2.89544e+24	1.741344e+25	2.816371e+25	0.5691619	4.948277e+26	3.905624e+25	1.010184e+25	2.89544e+25	1.717302e+26	2.776233e+26	6.41801e+24	0	0	0	0	0	0	0	0	0	0	0	0	0	0	6.374545e+26	3.8927e+19	6.374545e+26	2.881644e+26	4.769991e+21	2.881596e+26	1.542698e+26	1.478958e+14	1.542698e+26	5.763287e+26	2.787747e+14	5.763287e+26	1.717343e+26	1.208704e+15	1.717343e+26	5.50132e+26	2.85059e+21	5.501291e+26	2.145657e+23	1.48622e-09	0.002950519	3.47548e+09	4.8301e+11	8.189628e+12	8.206536e-06	1.439651e-10	3.903495e-16	0.5003478	0.5	0.3567438	1	99.44413	12.36638	10569.8	1.117189e+26	1.827432e+28	5.151575e+27	6.741065e+25	3.118866e+27	1.203261e+27	5.325573e+26	2.294797e+26	0.2188657	0	0.01347475	0.03560219	0.03560219	0.001424136	0.02670164	0	0	-0.02622919	0	8.363668e-16	0	8.363668e-16	0	-474.5927	0	-474.5927	0	30550.55	77194.93	478.4995	8559.943	1.106061	1	0	0.4523975	1	2	0	0	
23464	1760.328	3.45e+19	0	0	100000	1.97381294	1.140862e-05	6.819295e+26	5.37597e+25	1.390489e+25	3.985481e+25	2.401844e+26	3.879855e+26	4.954189e+25	3.905619e+24	1.010184e+24	2.895435e+24	1.744929e+25	2.818698e+25	0.5689524	4.954189e+26	3.905619e+25	1.010184e+25	2.895435e+25	1.720841e+26	2.77853e+26	6.425677e+24	0	0	0	0	0	0	0	0	0	0	0	0	0	0	6.382161e+26	3.948115e+19	6.382161e+26	2.885087e+26	4.771926e+21	2.885039e+26	1.544541e+26	1.482002e+14	1.544541e+26	5.770173e+26	2.793484e+14	5.770173e+26	1.719395e+26	1.211191e+15	1.719395e+26	5.507892e+26	2.856456e+21	5.507864e+26	2.145654e+23	1.486222e-09	0.002950526	3.470319e+09	4.84732e+11	8.206111e+12	8.212635e-06	1.441792e-10	3.912204e-16	0.5003476	0.5	0.3570087	1	99.56294	12.38116	10569.8	1.117189e+26	1.827432e+28	5.151575e+27	6.741065e+25	3.118866e+27	1.203261e+27	5.325573e+26	2.294797e+26	0.2188657	0	0.0134739	0.03560219	0.03560219	0.001424136	0.02670164	0	0	-0.02618706	0	8.41434e-16	0	8.41434e-16	0	-474.5043	0	-474.5043	0	30549.89	77194.93	479.0713	8559.76	1.106061	1	0	0.4523975	1	2	0	0	
23492	1760.328	3.45e+19	0	0	100000	1.97385507	1.140862e-05	6.827433e+26	5.375963e+25	1.390489e+25	3.985475e+25	2.406779e+26	3.883058e+26	4.960101e+25	3.905614e+24	1.010184e+24	2.89543e+24	1.748515e+25	2.821025e+25	0.5687434	4.960101e+26	3.905614e+25	1.010184e+25	2.89543e+25	1.72438e+26	2.780826e+26	6.433346e+24	0	0	0	0	0	0	0	0	0	0	0	0	0	0	6.389777e+26	4.004368e+19	6.389777e+26	2.888529e+26	4.773843e+21	2.888482e+26	1.546384e+26	1.485045e+14	1.546384e+26	5.777059e+26	2.799221e+14	5.777059e+26	1.721447e+26	1.213678e+15	1.721447e+26	5.514465e+26	2.862323e+21	5.514436e+26	2.145651e+23	1.486224e-09	0.002950532	3.465169e+09	4.864576e+11	8.222617e+12	8.218734e-06	1.443934e-10	3.920926e-16	0.5003475	0.5	0.3572737	1	99.68175	12.39593	10569.8	1.117189e+26	1.827432e+28	5.151575e+27	6.741065e+25	3.118866e+27	1.203261e+27	5.325573e+26	2.294797e+26	0.2188657	0	0.01347312	0.03560219	0.03560219	0.001424136	0.02670164	0	0	-0.02614493	0	8.465392e-16	0	8.465392e-16	0	-474.4158	0	-474.4158	0	30549.24	77194.93	479.643	8559.577	1.106061	1	0	0.4523975	1	2	0	0	
23520	1760.328	3.45e+19	0	0	100000	1.9738972	1.140862e-05	6.835571e+26	5.375957e+25	1.390489e+25	3.985468e+25	2.411714e+26	3.886261e+26	4.966013e+25	3.90561e+24	1.010184e+24	2.895425e+24	1.7521e+25	2.823352e+25	0.568535	4.966013e+26	3.90561e+25	1.010184e+25	2.895425e+25	1.727918e+26	2.783123e+26	6.441014e+24	0	0	0	0	0	0	0	0	0	0	0	0	0	0	6.397393e+26	4.061483e+19	6.397393e+26	2.891972e+26	4.775738e+21	2.891924e+26	1.548228e+26	1.488089e+14	1.548228e+26	5.783944e+26	2.804958e+14	5.783944e+26	1.723499e+26	1.216166e+15	1.723499e+26	5.521038e+26	2.868189e+21	5.521009e+26	2.145648e+23	1.486225e-09	0.002950538	3.460031e+09	4.881868e+11	8.239145e+12	8.224833e-06	1.446077e-10	3.929661e-16	0.5003473	0.5	0.3575387	1	99.80056	12.41071	10569.8	1.117189e+26	1.827432e+28	5.151575e+27	6.741065e+25	3.118866e+27	1.203261e+27	5.325573e+26	2.294797e+26	0.2188657	0	0.01347241	0.03560219	0.03560219	0.001424136	0.02670164	0	0	-0.0261028	0	8.516829e-16	0	8.516829e-16	0	-474.3271	0	-474.3271	0	30548.59	77194.93	480.2147	8559.395	1.106061	1	0	0.4523975	1	2	0	0	
23548	1760.328	3.45e+19	0	0	100000	1.97393933	1.140862e-05	6.843708e+26	5.37595e+25	1.390489e+25	3.985461e+25	2.416649e+26	3.889464e+26	4.971925e+25	3.905605e+24	1.010184e+24	2.895421e+24	1.755685e+25	2.825679e+25	0.568327	4.971925e+26	3.905605e+25	1.010184e+25	2.895421e+25	1.731457e+26	2.78542e+26	6.448682e+24	0	0	0	0	0	0	0	0	0	0	0	0	0	0	6.405009e+26	4.119463e+19	6.405008e+26	2.895415e+26	4.777614e+21	2.895367e+26	1.550071e+26	1.491132e+14	1.550071e+26	5.79083e+26	2.810695e+14	5.79083e+26	1.72555e+26	1.218653e+15	1.72555e+26	5.52761e+26	2.874055e+21	5.527582e+26	2.145645e+23	1.486227e-09	0.002950544	3.454904e+09	4.899195e+11	8.255696e+12	8.230932e-06	1.448223e-10	3.93841e-16	0.5003471	0.5	0.3578037	1	99.91937	12.42548	10569.8	1.117189e+26	1.827432e+28	5.151575e+27	6.741065e+25	3.118866e+27	1.203261e+27	5.325573e+26	2.294797e+26	0.2188657	0	0.01347177	0.03560219	0.03560219	0.001424136	0.02670164	0	0	-0.02606067	0	8.568653e-16	0	8.568653e-16	0	-474.2383	0	-474.2383	0	30547.94	77194.93	480.7864	8559.212	1.106061	1	0	0.4523975	1	2	0	0	
23576	1760.328	3.45e+19	0	0	100000	1.97398146	1.140862e-05	6.851846e+26	5.375944e+25	1.390489e+25	3.985455e+25	2.421584e+26	3.892667e+26	4.977837e+25	3.9056e+24	1.010184e+24	2.895416e+24	1.759271e+25	2.828006e+25	0.5681195	4.977837e+26	3.9056e+25	1.010184e+25	2.895416e+25	1.734996e+26	2.787717e+26	6.456349e+24	0	0	0	0	0	0	0	0	0	0	0	0	0	0	6.412625e+26	4.178333e+19	6.412624e+26	2.898858e+26	4.77947e+21	2.89881e+26	1.551914e+26	1.494176e+14	1.551914e+26	5.797716e+26	2.816432e+14	5.797716e+26	1.727602e+26	1.22114e+15	1.727602e+26	5.534183e+26	2.879921e+21	5.534154e+26	2.145642e+23	1.486229e-09	0.00295055	3.449788e+09	4.916558e+11	8.272269e+12	8.237031e-06	1.45037e-10	3.947172e-16	0.5003469	0.5	0.3580688	1	100.0382	12.44026	10569.8	1.117189e+26	1.827432e+28	5.151575e+27	6.741065e+25	3.118866e+27	1.203261e+27	5.325573e+26	2.294797e+26	0.2188657	0	0.01347119	0.03560219	0.03560219	0.001424136	0.02670164	0	0	-0.02601854	0	8.620868e-16	0	8.620868e-16	0	-474.1494	0	-474.1494	0	30547.29	77194.93	481.3582	8559.029	1.106061	1	0	0.4523975	1	2	0	0	
23604	1760.328	3.45e+19	0	0	100000	1.97402359	1.140862e-05	6.859983e+26	5.375937e+25	1.390489e+25	3.985448e+25	2.426519e+26	3.89587e+26	4.983749e+25	3.905595e+24	1.010184e+24	2.895411e+24	1.762856e+25	2.830333e+25	0.5679125	4.983749e+26	3.905595e+25	1.010184e+25	2.895411e+25	1.738535e+26	2.790014e+26	6.464016e+24	0	0	0	0	0	0	0	0	0	0	0	0	0	0	6.420241e+26	4.238096e+19	6.42024e+26	2.902301e+26	4.781307e+21	2.902253e+26	1.553757e+26	1.49722e+14	1.553757e+26	5.804601e+26	2.822168e+14	5.804601e+26	1.729654e+26	1.223628e+15	1.729654e+26	5.540756e+26	2.885787e+21	5.540727e+26	2.145639e+23	1.486231e-09	0.002950556	3.444683e+09	4.933957e+11	8.288865e+12	8.243131e-06	1.452519e-10	3.955947e-16	0.5003468	0.5	0.3583338	1	100.157	12.45503	10569.8	1.117189e+26	1.827432e+28	5.151575e+27	6.741065e+25	3.118866e+27	1.203261e+27	5.325573e+26	2.294797e+26	0.2188657	0	0.01347068	0.03560219	0.03560219	0.001424136	0.02670164	0	0	-0.02597641	0	8.673477e-16	0	8.673477e-16	0	-474.0604	0	-474.0604	0	30546.63	77194.93	481.9299	8558.847	1.106061	1	0	0.4523975	1	2	0	0	
23632	1760.328	3.45e+19	0	0	100000	1.97406572	1.140862e-05	6.868121e+26	5.375931e+25	1.390489e+25	3.985441e+25	2.431455e+26	3.899073e+26	4.98966e+25	3.905591e+24	1.010184e+24	2.895406e+24	1.766441e+25	2.83266e+25	0.567706	4.98966e+26	3.905591e+25	1.010184e+25	2.895406e+25	1.742074e+26	2.792311e+26	6.471683e+24	0	0	0	0	0	0	0	0	0	0	0	0	0	0	6.427857e+26	4.298767e+19	6.427856e+26	2.905743e+26	4.783125e+21	2.905696e+26	1.5556e+26	1.500263e+14	1.5556e+26	5.811487e+26	2.827905e+14	5.811487e+26	1.731706e+26	1.226115e+15	1.731706e+26	5.547328e+26	2.891654e+21	5.547299e+26	2.145636e+23	1.486232e-09	0.002950562	3.439589e+09	4.951392e+11	8.305483e+12	8.249231e-06	1.454669e-10	3.964736e-16	0.5003466	0.5	0.3585988	1	100.2758	12.4698	10569.8	1.117189e+26	1.827432e+28	5.151575e+27	6.741065e+25	3.118866e+27	1.203261e+27	5.325573e+26	2.294797e+26	0.2188657	0	0.01347024	0.03560219	0.03560219	0.001424136	0.02670164	0	0	-0.02593428	0	8.726484e-16	0	8.726484e-16	0	-473.9712	0	-473.9712	0	30545.98	77194.93	482.5016	8558.664	1.106061	1	0	0.4523975	1	2	0	0	
23660	1760.328	3.45e+19	0	0	100000	1.97410785	1.140862e-05	6.876258e+26	5.375924e+25	1.390489e+25	3.985435e+25	2.43639e+26	3.902276e+26	4.995572e+25	3.905586e+24	1.010185e+24	2.895401e+24	1.770027e+25	2.834987e+25	0.5675	4.995572e+26	3.905586e+25	1.010185e+25	2.895401e+25	1.745613e+26	2.794608e+26	6.479351e+24	0	0	0	0	0	0	0	0	0	0	0	0	0	0	6.435473e+26	4.360372e+19	6.435472e+26	2.909186e+26	4.784923e+21	2.909138e+26	1.557443e+26	1.503307e+14	1.557443e+26	5.818373e+26	2.833642e+14	5.818373e+26	1.733757e+26	1.228602e+15	1.733757e+26	5.553901e+26	2.89752e+21	5.553872e+26	2.145633e+23	1.486234e-09	0.002950568	3.434507e+09	4.968863e+11	8.322124e+12	8.25533e-06	1.456822e-10	3.973537e-16	0.5003464	0.5	0.3588639	1	100.3946	12.48458	10569.8	1.117189e+26	1.827432e+28	5.151575e+27	6.741065e+25	3.118866e+27	1.203261e+27	5.325573e+26	2.294797e+26	0.2188657	0	0.01346986	0.03560219	0.03560219	0.001424136	0.02670164	0	0	-0.02589215	0	8.779892e-16	0	8.779892e-16	0	-473.8819	0	-473.8819	0	30545.33	77194.93	483.0733	8558.481	1.106061	1	0	0.4523975	1	2	0	0	
23688	1760.328	3.45e+19	0	0	100000	1.97414998	1.140862e-05	6.884396e+26	5.375917e+25	1.390489e+25	3.985428e+25	2.441325e+26	3.90548e+26	5.001484e+25	3.905581e+24	1.010185e+24	2.895396e+24	1.773612e+25	2.837314e+25	0.5672944	5.001484e+26	3.905581e+25	1.010185e+25	2.895396e+25	1.749151e+26	2.796905e+26	6.487019e+24	0	0	0	0	0	0	0	0	0	0	0	0	0	0	6.443089e+26	4.422926e+19	6.443088e+26	2.912629e+26	4.786701e+21	2.912581e+26	1.559286e+26	1.50635e+14	1.559286e+26	5.825258e+26	2.839379e+14	5.825258e+26	1.735809e+26	1.23109e+15	1.735809e+26	5.560474e+26	2.903386e+21	5.560445e+26	2.14563e+23	1.486236e-09	0.002950574	3.429436e+09	4.986369e+11	8.338787e+12	8.261431e-06	1.458975e-10	3.982352e-16	0.5003462	0.5	0.3591289	1	100.5134	12.49935	10569.8	1.117189e+26	1.827432e+28	5.151575e+27	6.741065e+25	3.118866e+27	1.203261e+27	5.325573e+26	2.294797e+26	0.2188657	0	0.01346955	0.03560219	0.03560219	0.001424136	0.02670164	0	0	-0.02585002	0	8.833706e-16	0	8.833706e-16	0	-473.7925	0	-473.7925	0	30544.68	77194.93	483.6451	8558.299	1.10606	1	0	0.4523975	1	2	0	0	
23716	1760.328	3.45e+19	0	0	100000	1.97419211	1.140862e-05	6.892534e+26	5.375911e+25	1.390489e+25	3.985421e+25	2.44626e+26	3.908683e+26	5.007396e+25	3.905576e+24	1.010185e+24	2.895392e+24	1.777197e+25	2.839641e+25	0.5670894	5.007396e+26	3.905576e+25	1.010185e+25	2.895392e+25	1.75269e+26	2.799201e+26	6.494687e+24	0	0	0	0	0	0	0	0	0	0	0	0	0	0	6.450705e+26	4.486433e+19	6.450704e+26	2.916072e+26	4.78846e+21	2.916024e+26	1.561129e+26	1.509394e+14	1.561129e+26	5.832144e+26	2.845116e+14	5.832144e+26	1.737861e+26	1.233577e+15	1.737861e+26	5.567046e+26	2.909252e+21	5.567017e+26	2.145627e+23	1.486237e-09	0.00295058	3.424376e+09	5.003911e+11	8.355473e+12	8.267531e-06	1.461131e-10	3.991181e-16	0.500346	0.5	0.359394	1	100.6322	12.51413	10569.8	1.117189e+26	1.827432e+28	5.151575e+27	6.741065e+25	3.118866e+27	1.203261e+27	5.325573e+26	2.294797e+26	0.2188657	0	0.01346931	0.03560219	0.03560219	0.001424136	0.02670164	0	0	-0.02580789	0	8.887928e-16	0	8.887928e-16	0	-473.7029	0	-473.7029	0	30544.03	77194.93	484.2168	8558.116	1.106061	1	0	0.4523975	1	2	0	0	
23744	1760.328	3.45e+19	0	0	100000	1.97423424	1.140862e-05	6.900671e+26	5.375904e+25	1.39049e+25	3.985415e+25	2.451195e+26	3.911886e+26	5.013308e+25	3.905571e+24	1.010185e+24	2.895387e+24	1.780783e+25	2.841968e+25	0.5668848	5.013308e+26	3.905571e+25	1.010185e+25	2.895387e+25	1.756229e+26	2.801498e+26	6.502356e+24	0	0	0	0	0	0	0	0	0	0	0	0	0	0	6.458321e+26	4.550908e+19	6.45832e+26	2.919515e+26	4.790201e+21	2.919467e+26	1.562973e+26	1.512437e+14	1.562973e+26	5.83903e+26	2.850853e+14	5.83903e+26	1.739913e+26	1.236064e+15	1.739913e+26	5.573619e+26	2.915118e+21	5.57359e+26	2.145624e+23	1.486239e-09	0.002950586	3.419326e+09	5.021489e+11	8.372181e+12	8.273631e-06	1.463288e-10	4.000022e-16	0.5003459	0.5	0.359659	1	100.751	12.5289	10569.8	1.117189e+26	1.827432e+28	5.151575e+27	6.741065e+25	3.118866e+27	1.203261e+27	5.325573e+26	2.294797e+26	0.2188657	0	0.01346914	0.03560219	0.03560219	0.001424136	0.02670164	0	0	-0.02576576	0	8.942563e-16	0	8.942563e-16	0	-473.6132	0	-473.6132	0	30543.37	77194.93	484.7886	8557.933	1.106061	1	0	0.4523975	1	2	0	0	
23772	1760.328	3.45e+19	0	0	100000	1.97427637	1.140862e-05	6.908809e+26	5.375898e+25	1.39049e+25	3.985408e+25	2.45613e+26	3.915089e+26	5.01922e+25	3.905567e+24	1.010185e+24	2.895382e+24	1.784368e+25	2.844295e+25	0.5666807	5.01922e+26	3.905567e+25	1.010185e+25	2.895382e+25	1.759768e+26	2.803795e+26	6.510021e+24	0	0	0	0	0	0	0	0	0	0	0	0	0	0	6.465936e+26	4.616379e+19	6.465936e+26	2.922958e+26	4.791922e+21	2.92291e+26	1.564816e+26	1.515481e+14	1.564816e+26	5.845915e+26	2.85659e+14	5.845915e+26	1.741965e+26	1.238552e+15	1.741965e+26	5.580192e+26	2.920985e+21	5.580163e+26	2.145621e+23	1.486241e-09	0.002950592	3.414288e+09	5.039103e+11	8.388911e+12	8.279732e-06	1.465447e-10	4.008877e-16	0.5003457	0.5	0.3599241	1	100.8699	12.54368	10569.8	1.117189e+26	1.827432e+28	5.151575e+27	6.741065e+25	3.118866e+27	1.203261e+27	5.325573e+26	2.294797e+26	0.2188657	0	0.01346903	0.03560219	0.03560219	0.001424136	0.02670164	0	0	-0.02572363	0	8.997615e-16	0	8.997615e-16	0	-473.5234	0	-473.5234	0	30542.72	77194.93	485.3603	8557.751	1.106061	1	0	0.4523975	1	2	0	0	
23800	1760.328	3.45e+19	0	0	100000	1.9743185	1.140862e-05	6.916946e+26	5.375891e+25	1.39049e+25	3.985401e+25	2.461065e+26	3.918292e+26	5.025132e+25	3.905562e+24	1.010185e+24	2.895377e+24	1.787953e+25	2.846622e+25	0.5664771	5.025132e+26	3.905562e+25	1.010185e+25	2.895377e+25	1.763307e+26	2.806092e+26	6.517691e+24	0	0	0	0	0	0	0	0	0	0	0	0	0	0	6.473552e+26	4.682862e+19	6.473552e+26	2.9264e+26	4.793623e+21	2.926352e+26	1.566659e+26	1.518525e+14	1.566659e+26	5.852801e+26	2.862327e+14	5.852801e+26	1.744016e+26	1.241039e+15	1.744016e+26	5.586764e+26	2.926851e+21	5.586735e+26	2.145619e+23	1.486242e-09	0.002950599	3.409261e+09	5.056753e+11	8.405664e+12	8.285832e-06	1.467607e-10	4.017745e-16	0.5003455	0.5	0.3601892	1	100.9887	12.55845	10569.8	1.117189e+26	1.827432e+28	5.151575e+27	6.741065e+25	3.118866e+27	1.203261e+27	5.325573e+26	2.294797e+26	0.2188657	0	0.01346899	0.03560219	0.03560219	0.001424136	0.02670164	0	0	-0.0256815	0	9.053086e-16	0	9.053086e-16	0	-473.4334	0	-473.4334	0	30542.07	77194.93	485.932	8557.568	1.106061	1	0	0.4523975	1	2	0	0	
23828	1760.328	3.45e+19	0	0	100000	1.97436063	1.140862e-05	6.925084e+26	5.375884e+25	1.39049e+25	3.985395e+25	2.466e+26	3.921495e+26	5.031044e+25	3.905557e+24	1.010185e+24	2.895372e+24	1.791539e+25	2.848949e+25	0.566274	5.031044e+26	3.905557e+25	1.010185e+25	2.895372e+25	1.766846e+26	2.808389e+26	6.525358e+24	0	0	0	0	0	0	0	0	0	0	0	0	0	0	6.481168e+26	4.750362e+19	6.481168e+26	2.929843e+26	4.795307e+21	2.929795e+26	1.568502e+26	1.521568e+14	1.568502e+26	5.859686e+26	2.868064e+14	5.859686e+26	1.746068e+26	1.243527e+15	1.746068e+26	5.593337e+26	2.932717e+21	5.593308e+26	2.145616e+23	1.486244e-09	0.002950605	3.404245e+09	5.074439e+11	8.422439e+12	8.291933e-06	1.469769e-10	4.026626e-16	0.5003453	0.5	0.3604542	1	101.1075	12.57323	10569.8	1.117189e+26	1.827432e+28	5.151575e+27	6.741065e+25	3.118866e+27	1.203261e+27	5.325573e+26	2.294797e+26	0.2188657	0	0.01346902	0.03560219	0.03560219	0.001424136	0.02670164	0	0	-0.02563937	0	9.108981e-16	0	9.108981e-16	0	-473.3434	0	-473.3434	0	30541.42	77194.93	486.5037	8557.386	1.106061	1	0	0.4523976	1	2	0	0	
23856	1760.328	3.45e+19	0	0	100000	1.97440276	1.140862e-05	6.933222e+26	5.375878e+25	1.39049e+25	3.985388e+25	2.470936e+26	3.924698e+26	5.036956e+25	3.905552e+24	1.010185e+24	2.895367e+24	1.795124e+25	2.851276e+25	0.5660714	5.036956e+26	3.905552e+25	1.010185e+25	2.895367e+25	1.770385e+26	2.810686e+26	6.533025e+24	0	0	0	0	0	0	0	0	0	0	0	0	0	0	6.488784e+26	4.818908e+19	6.488784e+26	2.933286e+26	4.796971e+21	2.933238e+26	1.570345e+26	1.524612e+14	1.570345e+26	5.866572e+26	2.873801e+14	5.866572e+26	1.74812e+26	1.246014e+15	1.74812e+26	5.59991e+26	2.938583e+21	5.59988e+26	2.145613e+23	1.486246e-09	0.002950611	3.39924e+09	5.092161e+11	8.439237e+12	8.298034e-06	1.471932e-10	4.03552e-16	0.5003451	0.5	0.3607193	1	101.2263	12.588	10569.8	1.117189e+26	1.827432e+28	5.151575e+27	6.741065e+25	3.118866e+27	1.203261e+27	5.325573e+26	2.294797e+26	0.2188657	0	0.01346911	0.03560219	0.03560219	0.001424136	0.02670164	0	0	-0.02559724	0	9.165303e-16	0	9.165303e-16	0	-473.2531	0	-473.2531	0	30540.77	77194.93	487.0755	8557.203	1.106061	1	0	0.4523976	1	2	0	0	
23884	1760.328	3.45e+19	0	0	100000	1.97444489	1.140862e-05	6.941359e+26	5.375871e+25	1.39049e+25	3.985381e+25	2.475871e+26	3.927901e+26	5.042868e+25	3.905547e+24	1.010185e+24	2.895363e+24	1.79871e+25	2.853603e+25	0.5658692	5.042868e+26	3.905547e+25	1.010185e+25	2.895363e+25	1.773923e+26	2.812983e+26	6.540693e+24	0	0	0	0	0	0	0	0	0	0	0	0	0	0	6.4964e+26	4.888504e+19	6.4964e+26	2.936729e+26	4.798617e+21	2.936681e+26	1.572188e+26	1.527655e+14	1.572188e+26	5.873458e+26	2.879537e+14	5.873458e+26	1.750172e+26	1.248501e+15	1.750172e+26	5.606482e+26	2.944449e+21	5.606453e+26	2.14561e+23	1.486248e-09	0.002950617	3.394246e+09	5.109919e+11	8.456057e+12	8.304135e-06	1.474098e-10	4.044428e-16	0.5003449	0.5	0.3609844	1	101.3451	12.60278	10569.8	1.117189e+26	1.827432e+28	5.151575e+27	6.741065e+25	3.118866e+27	1.203261e+27	5.325573e+26	2.294797e+26	0.2188657	0	0.01346927	0.03560219	0.03560219	0.001424136	0.02670164	0	0	-0.02555511	0	9.222058e-16	0	9.222058e-16	0	-473.1628	0	-473.1628	0	30540.12	77194.93	487.6472	8557.02	1.106061	1	0	0.4523975	1	2	0	0	
23912	1760.328	3.45e+19	0	0	100000	1.97448702	1.140862e-05	6.949497e+26	5.375865e+25	1.39049e+25	3.985375e+25	2.480806e+26	3.931104e+26	5.04878e+25	3.905543e+24	1.010185e+24	2.895358e+24	1.802295e+25	2.855931e+25	0.5656675	5.04878e+26	3.905543e+25	1.010185e+25	2.895358e+25	1.777462e+26	2.81528e+26	6.54836e+24	0	0	0	0	0	0	0	0	0	0	0	0	0	0	6.504016e+26	4.95918e+19	6.504016e+26	2.940172e+26	4.800243e+21	2.940124e+26	1.574031e+26	1.530699e+14	1.574031e+26	5.880343e+26	2.885275e+14	5.880343e+26	1.752224e+26	1.250989e+15	1.752224e+26	5.613055e+26	2.950316e+21	5.613026e+26	2.145607e+23	1.486249e-09	0.002950623	3.389263e+09	5.127713e+11	8.472899e+12	8.310236e-06	1.476264e-10	4.053349e-16	0.5003448	0.5	0.3612495	1	101.4639	12.61755	10569.8	1.117189e+26	1.827432e+28	5.151575e+27	6.741065e+25	3.118866e+27	1.203261e+27	5.325573e+26	2.294797e+26	0.2188657	0	0.0134695	0.03560219	0.03560219	0.001424136	0.02670164	0	0	-0.02551298	0	9.279247e-16	0	9.279247e-16	0	-473.0723	0	-473.0723	0	30539.46	77194.93	488.2189	8556.838	1.106061	1	0	0.4523976	1	2	0	0	
23940	1760.328	3.45e+19	0	0	100000	1.97452915	1.140862e-05	6.957634e+26	5.375858e+25	1.39049e+25	3.985368e+25	2.485741e+26	3.934307e+26	5.054692e+25	3.905538e+24	1.010185e+24	2.895353e+24	1.80588e+25	2.858258e+25	0.5654663	5.054692e+26	3.905538e+25	1.010185e+25	2.895353e+25	1.781001e+26	2.817576e+26	6.556028e+24	0	0	0	0	0	0	0	0	0	0	0	0	0	0	6.511632e+26	5.030954e+19	6.511632e+26	2.943615e+26	4.801851e+21	2.943567e+26	1.575874e+26	1.533743e+14	1.575874e+26	5.887229e+26	2.891011e+14	5.887229e+26	1.754275e+26	1.253476e+15	1.754275e+26	5.619628e+26	2.956182e+21	5.619598e+26	2.145604e+23	1.486251e-09	0.002950629	3.38429e+09	5.145543e+11	8.489763e+12	8.316337e-06	1.478433e-10	4.062283e-16	0.5003446	0.5	0.3615145	1	101.5827	12.63233	10569.8	1.117189e+26	1.827432e+28	5.151575e+27	6.741065e+25	3.118866e+27	1.203261e+27	5.325573e+26	2.294797e+26	0.2188657	0	0.0134698	0.03560219	0.03560219	0.001424136	0.02670164	0	0	-0.02547085	0	9.336876e-16	0	9.336876e-16	0	-472.9817	0	-472.9817	0	30538.81	77194.93	488.7907	8556.655	1.106061	1	0	0.4523976	1	2	0	0	
23968	1760.328	3.45e+19	0	0	100000	1.97457128	1.140862e-05	6.965772e+26	5.375851e+25	1.39049e+25	3.985361e+25	2.490676e+26	3.937511e+26	5.060604e+25	3.905533e+24	1.010185e+24	2.895348e+24	1.809466e+25	2.860585e+25	0.5652655	5.060604e+26	3.905533e+25	1.010185e+25	2.895348e+25	1.78454e+26	2.819873e+26	6.563695e+24	0	0	0	0	0	0	0	0	0	0	0	0	0	0	6.519248e+26	5.10383e+19	6.519248e+26	2.947057e+26	4.803441e+21	2.947009e+26	1.577718e+26	1.536786e+14	1.577718e+26	5.894115e+26	2.896748e+14	5.894115e+26	1.756327e+26	1.255963e+15	1.756327e+26	5.6262e+26	2.962048e+21	5.626171e+26	2.145601e+23	1.486253e-09	0.002950635	3.379329e+09	5.163408e+11	8.50665e+12	8.322438e-06	1.480603e-10	4.07123e-16	0.5003444	0.5	0.3617796	1	101.7015	12.6471	10569.8	1.117189e+26	1.827432e+28	5.151575e+27	6.741065e+25	3.118866e+27	1.203261e+27	5.325573e+26	2.294797e+26	0.2188657	0	0.01347016	0.03560219	0.03560219	0.001424136	0.02670164	0	0	-0.02542872	0	9.394949e-16	0	9.394949e-16	0	-472.891	0	-472.891	0	30538.16	77194.93	489.3624	8556.473	1.106061	1	0	0.4523976	1	2	0	0	
23996	1760.328	3.45e+19	0	0	100000	1.97461341	1.140862e-05	6.973909e+26	5.375845e+25	1.39049e+25	3.985355e+25	2.495611e+26	3.940714e+26	5.066515e+25	3.905528e+24	1.010185e+24	2.895343e+24	1.813051e+25	2.862912e+25	0.5650652	5.066515e+26	3.905528e+25	1.010185e+25	2.895343e+25	1.788079e+26	2.82217e+26	6.571364e+24	0	0	0	0	0	0	0	0	0	0	0	0	0	0	6.526864e+26	5.177841e+19	6.526863e+26	2.9505e+26	4.805012e+21	2.950452e+26	1.579561e+26	1.53983e+14	1.579561e+26	5.901e+26	2.902485e+14	5.901e+26	1.758379e+26	1.258451e+15	1.758379e+26	5.632773e+26	2.967915e+21	5.632743e+26	2.145598e+23	1.486254e-09	0.002950641	3.374378e+09	5.18131e+11	8.523559e+12	8.328539e-06	1.482775e-10	4.08019e-16	0.5003442	0.5	0.3620447	1	101.8203	12.66188	10569.8	1.117189e+26	1.827432e+28	5.151575e+27	6.741065e+25	3.118866e+27	1.203261e+27	5.325573e+26	2.294797e+26	0.2188657	0	0.01347059	0.03560219	0.03560219	0.001424136	0.02670164	0	0	-0.02538659	0	9.453469e-16	0	9.453469e-16	0	-472.8001	0	-472.8001	0	30537.51	77194.93	489.9341	8556.29	1.106061	1	0	0.4523976	1	2	0	0	
24024	1760.328	3.45e+19	0	0	100000	1.97465554	1.140862e-05	6.982047e+26	5.375838e+25	1.39049e+25	3.985348e+25	2.500546e+26	3.943917e+26	5.072427e+25	3.905523e+24	1.010185e+24	2.895338e+24	1.816636e+25	2.865239e+25	0.5648654	5.072427e+26	3.905523e+25	1.010185e+25	2.895338e+25	1.791618e+26	2.824467e+26	6.579031e+24	0	0	0	0	0	0	0	0	0	0	0	0	0	0	6.53448e+26	5.253005e+19	6.534479e+26	2.953943e+26	4.806564e+21	2.953895e+26	1.581404e+26	1.542873e+14	1.581404e+26	5.907886e+26	2.908222e+14	5.907886e+26	1.760431e+26	1.260938e+15	1.760431e+26	5.639346e+26	2.973781e+21	5.639316e+26	2.145595e+23	1.486256e-09	0.002950647	3.369438e+09	5.199248e+11	8.540491e+12	8.334641e-06	1.484948e-10	4.089164e-16	0.500344	0.5	0.3623098	1	101.9391	12.67665	10569.8	1.117189e+26	1.827432e+28	5.151575e+27	6.741065e+25	3.118866e+27	1.203261e+27	5.325573e+26	2.294797e+26	0.2188657	0	0.01347108	0.03560219	0.03560219	0.001424136	0.02670164	0	0	-0.02534446	0	9.512441e-16	0	9.512441e-16	0	-472.7091	0	-472.7091	0	30536.86	77194.93	490.5059	8556.108	1.106061	1	0	0.4523976	1	2	0	0	
24052	1760.328	3.45e+19	0	0	100000	1.97469767	1.140862e-05	6.990185e+26	5.375832e+25	1.39049e+25	3.985341e+25	2.505482e+26	3.94712e+26	5.078339e+25	3.905519e+24	1.010185e+24	2.895333e+24	1.820222e+25	2.867566e+25	0.564666	5.078339e+26	3.905519e+25	1.010185e+25	2.895333e+25	1.795157e+26	2.826764e+26	6.5867e+24	0	0	0	0	0	0	0	0	0	0	0	0	0	0	6.542096e+26	5.329326e+19	6.542095e+26	2.957386e+26	4.808099e+21	2.957338e+26	1.583247e+26	1.545917e+14	1.583247e+26	5.914772e+26	2.913959e+14	5.914772e+26	1.762482e+26	1.263425e+15	1.762482e+26	5.645918e+26	2.979647e+21	5.645889e+26	2.145592e+23	1.486258e-09	0.002950653	3.364509e+09	5.217223e+11	8.557444e+12	8.340742e-06	1.487123e-10	4.098151e-16	0.5003438	0.5	0.3625749	1	102.058	12.69142	10569.8	1.117189e+26	1.827432e+28	5.151575e+27	6.741065e+25	3.118866e+27	1.203261e+27	5.325573e+26	2.294797e+26	0.2188657	0	0.01347164	0.03560219	0.03560219	0.001424136	0.02670164	0	0	-0.02530233	0	9.571868e-16	0	9.571868e-16	0	-472.6179	0	-472.6179	0	30536.21	77194.93	491.0776	8555.925	1.10606	1	0	0.4523976	1	2	0	0	
24080	1760.328	3.45e+19	0	0	100000	1.9747398	1.140862e-05	6.998322e+26	5.375825e+25	1.39049e+25	3.985335e+25	2.510417e+26	3.950323e+26	5.084251e+25	3.905514e+24	1.010185e+24	2.895329e+24	1.823807e+25	2.869893e+25	0.5644672	5.084251e+26	3.905514e+25	1.010185e+25	2.895329e+25	1.798695e+26	2.829061e+26	6.594367e+24	0	0	0	0	0	0	0	0	0	0	0	0	0	0	6.549712e+26	5.40684e+19	6.549711e+26	2.960829e+26	4.809615e+21	2.960781e+26	1.58509e+26	1.54896e+14	1.58509e+26	5.921657e+26	2.919696e+14	5.921657e+26	1.764534e+26	1.265913e+15	1.764534e+26	5.652491e+26	2.985513e+21	5.652461e+26	2.145589e+23	1.486259e-09	0.002950659	3.359591e+09	5.235233e+11	8.57442e+12	8.346843e-06	1.489299e-10	4.107151e-16	0.5003436	0.5	0.36284	1	102.1768	12.7062	10569.8	1.117189e+26	1.827432e+28	5.151575e+27	6.741065e+25	3.118866e+27	1.203261e+27	5.325573e+26	2.294797e+26	0.2188657	0	0.01347227	0.03560219	0.03560219	0.001424136	0.02670164	0	0	-0.0252602	0	9.631756e-16	0	9.631756e-16	0	-472.5266	0	-472.5266	0	30535.56	77194.93	491.6493	8555.743	1.106061	1	0	0.4523976	1	2	0	0	
24108	1760.328	3.45e+19	0	0	100000	1.97478193	1.140862e-05	7.00646e+26	5.375818e+25	1.39049e+25	3.985328e+25	2.515352e+26	3.953526e+26	5.090163e+25	3.905509e+24	1.010185e+24	2.895324e+24	1.827392e+25	2.87222e+25	0.5642687	5.090163e+26	3.905509e+25	1.010185e+25	2.895324e+25	1.802234e+26	2.831358e+26	6.602035e+24	0	0	0	0	0	0	0	0	0	0	0	0	0	0	6.557328e+26	5.485564e+19	6.557327e+26	2.964271e+26	4.811113e+21	2.964223e+26	1.586933e+26	1.552004e+14	1.586933e+26	5.928543e+26	2.925433e+14	5.928543e+26	1.766586e+26	1.2684e+15	1.766586e+26	5.659064e+26	2.991379e+21	5.659034e+26	2.145587e+23	1.486261e-09	0.002950665	3.354684e+09	5.253279e+11	8.591418e+12	8.352944e-06	1.491477e-10	4.116164e-16	0.5003435	0.5	0.3631051	1	102.2956	12.72097	10569.8	1.117189e+26	1.827432e+28	5.151575e+27	6.741065e+25	3.118866e+27	1.203261e+27	5.325573e+26	2.294797e+26	0.2188657	0	0.01347297	0.03560219	0.03560219	0.001424136	0.02670164	0	0	-0.02521807	0	9.692108e-16	0	9.692108e-16	0	-472.4352	0	-472.4352	0	30534.9	77194.93	492.2211	8555.56	1.106061	1	0	0.4523976	1	2	0	0	
24136	1760.328	3.45e+19	0	0	100000	1.97482406	1.140862e-05	7.014597e+26	5.375812e+25	1.39049e+25	3.985321e+25	2.520287e+26	3.956729e+26	5.096075e+25	3.905504e+24	1.010185e+24	2.895319e+24	1.830978e+25	2.874547e+25	0.5640708	5.096075e+26	3.905504e+25	1.010185e+25	2.895319e+25	1.805773e+26	2.833654e+26	6.609701e+24	0	0	0	0	0	0	0	0	0	0	0	0	0	0	6.564944e+26	5.56552e+19	6.564943e+26	2.967714e+26	4.812592e+21	2.967666e+26	1.588776e+26	1.555048e+14	1.588776e+26	5.935429e+26	2.93117e+14	5.935429e+26	1.768638e+26	1.270888e+15	1.768638e+26	5.665636e+26	2.997246e+21	5.665606e+26	2.145584e+23	1.486263e-09	0.002950671	3.349787e+09	5.271362e+11	8.608438e+12	8.359046e-06	1.493657e-10	4.12519e-16	0.5003433	0.5	0.3633701	1	102.4144	12.73575	10569.8	1.117189e+26	1.827432e+28	5.151575e+27	6.741065e+25	3.118866e+27	1.203261e+27	5.325573e+26	2.294797e+26	0.2188657	0	0.01347373	0.03560219	0.03560219	0.001424136	0.02670164	0	0	-0.02517594	0	9.752928e-16	0	9.752928e-16	0	-472.3437	0	-472.3437	0	30534.25	77194.93	492.7928	8555.377	1.106061	1	0	0.4523976	1	2	0	0	
24164	1760.328	3.45e+19	0	0	100000	1.97486619	1.140862e-05	7.022735e+26	5.375805e+25	1.39049e+25	3.985315e+25	2.525222e+26	3.959932e+26	5.101987e+25	3.905499e+24	1.010185e+24	2.895314e+24	1.834563e+25	2.876874e+25	0.5638732	5.101987e+26	3.905499e+25	1.010185e+25	2.895314e+25	1.809312e+26	2.835951e+26	6.61737e+24	0	0	0	0	0	0	0	0	0	0	0	0	0	0	6.57256e+26	5.646711e+19	6.572559e+26	2.971157e+26	4.814054e+21	2.971109e+26	1.590619e+26	1.558091e+14	1.590619e+26	5.942314e+26	2.936907e+14	5.942314e+26	1.77069e+26	1.273375e+15	1.77069e+26	5.672209e+26	3.003112e+21	5.672179e+26	2.145581e+23	1.486264e-09	0.002950677	3.344901e+09	5.289481e+11	8.62548e+12	8.365147e-06	1.495838e-10	4.13423e-16	0.5003431	0.5	0.3636352	1	102.5332	12.75052	10569.8	1.117189e+26	1.827432e+28	5.151575e+27	6.741065e+25	3.118866e+27	1.203261e+27	5.325573e+26	2.294797e+26	0.2188657	0	0.01347456	0.03560219	0.03560219	0.001424136	0.02670164	0	0	-0.02513381	0	9.814221e-16	0	9.814221e-16	0	-472.252	0	-472.252	0	30533.6	77194.93	493.3645	8555.195	1.106061	1	0	0.4523976	1	2	0	0	
24192	1760.328	3.45e+19	0	0	100000	1.97490832	1.140862e-05	7.030873e+26	5.375799e+25	1.39049e+25	3.985308e+25	2.530157e+26	3.963135e+26	5.107899e+25	3.905495e+24	1.010185e+24	2.895309e+24	1.838148e+25	2.879201e+25	0.5636762	5.107899e+26	3.905495e+25	1.010185e+25	2.895309e+25	1.812851e+26	2.838248e+26	6.625037e+24	0	0	0	0	0	0	0	0	0	0	0	0	0	0	6.580176e+26	5.729176e+19	6.580175e+26	2.9746e+26	4.815498e+21	2.974552e+26	1.592463e+26	1.561135e+14	1.592463e+26	5.9492e+26	2.942644e+14	5.9492e+26	1.772741e+26	1.275862e+15	1.772741e+26	5.678782e+26	3.008978e+21	5.678752e+26	2.145578e+23	1.486266e-09	0.002950683	3.340026e+09	5.307636e+11	8.642545e+12	8.371248e-06	1.498021e-10	4.143282e-16	0.5003429	0.5	0.3639003	1	102.652	12.7653	10569.8	1.117189e+26	1.827432e+28	5.151575e+27	6.741065e+25	3.118866e+27	1.203261e+27	5.325573e+26	2.294797e+26	0.2188657	0	0.01347545	0.03560219	0.03560219	0.001424136	0.02670164	0	0	-0.02509168	0	9.875991e-16	0	9.875991e-16	0	-472.1602	0	-472.1602	0	30532.95	77194.93	493.9362	8555.012	1.106061	1	0	0.4523976	1	2	0	0	
24220	1760.328	3.45e+19	0	0	100000	1.97495045	1.140862e-05	7.03901e+26	5.375792e+25	1.390491e+25	3.985301e+25	2.535092e+26	3.966339e+26	5.113811e+25	3.90549e+24	1.010185e+24	2.895304e+24	1.841734e+25	2.881528e+25	0.5634796	5.113811e+26	3.90549e+25	1.010185e+25	2.895304e+25	1.81639e+26	2.840545e+26	6.632704e+24	0	0	0	0	0	0	0	0	0	0	0	0	0	0	6.587792e+26	5.812949e+19	6.587791e+26	2.978043e+26	4.816923e+21	2.977995e+26	1.594306e+26	1.564178e+14	1.594306e+26	5.956086e+26	2.94838e+14	5.956086e+26	1.774793e+26	1.27835e+15	1.774793e+26	5.685354e+26	3.014844e+21	5.685324e+26	2.145575e+23	1.486268e-09	0.002950689	3.335162e+09	5.325827e+11	8.659631e+12	8.377349e-06	1.500205e-10	4.152348e-16	0.5003427	0.5	0.3641654	1	102.7708	12.78007	10569.8	1.117189e+26	1.827432e+28	5.151575e+27	6.741065e+25	3.118866e+27	1.203261e+27	5.325573e+26	2.294797e+26	0.2188657	0	0.01347642	0.03560219	0.03560219	0.001424136	0.02670164	0	0	-0.02504955	0	9.938243e-16	0	9.938243e-16	0	-472.0682	0	-472.0682	0	30532.3	77194.93	494.508	8554.83	1.106061	1	0	0.4523977	1	2	0	0	
24248	1760.328	3.45e+19	0	0	100000	1.97499258	1.140862e-05	7.047148e+26	5.375785e+25	1.390491e+25	3.985295e+25	2.540027e+26	3.969542e+26	5.119723e+25	3.905485e+24	1.010185e+24	2.8953e+24	1.845319e+25	2.883855e+25	0.5632835	5.119723e+26	3.905485e+25	1.010185e+25	2.8953e+25	1.819929e+26	2.842842e+26	6.640372e+24	0	0	0	0	0	0	0	0	0	0	0	0	0	0	6.595408e+26	5.898022e+19	6.595407e+26	2.981486e+26	4.818331e+21	2.981437e+26	1.596149e+26	1.567222e+14	1.596149e+26	5.962971e+26	2.954117e+14	5.962971e+26	1.776845e+26	1.280837e+15	1.776845e+26	5.691927e+26	3.02071e+21	5.691897e+26	2.145572e+23	1.486269e-09	0.002950695	3.330308e+09	5.344055e+11	8.67674e+12	8.38345e-06	1.502391e-10	4.161427e-16	0.5003425	0.5	0.3644305	1	102.8896	12.79485	10569.8	1.117189e+26	1.827432e+28	5.151575e+27	6.741065e+25	3.118866e+27	1.203261e+27	5.325573e+26	2.294797e+26	0.2188657	0	0.01347744	0.03560219	0.03560219	0.001424136	0.02670164	0	0	-0.02500742	0	1.000098e-15	0	1.000098e-15	0	-471.9761	0	-471.9761	0	30531.65	77194.93	495.0797	8554.647	1.106061	1	0	0.4523976	1	2	0	0	
24276	1760.328	3.45e+19	0	0	100000	1.97503471	1.140862e-05	7.055285e+26	5.375779e+25	1.390491e+25	3.985288e+25	2.544963e+26	3.972745e+26	5.125635e+25	3.90548e+24	1.010186e+24	2.895295e+24	1.848904e+25	2.886182e+25	0.5630878	5.125635e+26	3.90548e+25	1.010186e+25	2.895295e+25	1.823467e+26	2.845139e+26	6.648041e+24	0	0	0	0	0	0	0	0	0	0	0	0	0	0	6.603023e+26	5.984415e+19	6.603023e+26	2.984928e+26	4.819722e+21	2.98488e+26	1.597992e+26	1.570265e+14	1.597992e+26	5.969857e+26	2.959854e+14	5.969857e+26	1.778897e+26	1.283324e+15	1.778897e+26	5.6985e+26	3.026577e+21	5.698469e+26	2.145569e+23	1.486271e-09	0.002950701	3.325464e+09	5.362319e+11	8.69387e+12	8.389552e-06	1.504579e-10	4.170519e-16	0.5003423	0.5	0.3646956	1	103.0084	12.80962	10569.8	1.117189e+26	1.827432e+28	5.151575e+27	6.741065e+25	3.118866e+27	1.203261e+27	5.325573e+26	2.294797e+26	0.2188657	0	0.01347854	0.03560219	0.03560219	0.001424136	0.02670164	0	0	-0.02496529	0	1.006421e-15	0	1.006421e-15	0	-471.8839	0	-471.8839	0	30531	77194.93	495.6515	8554.465	1.106061	1	0	0.4523977	1	2	0	0	
24304	1760.328	3.45e+19	0	0	100000	1.97507684	1.140862e-05	7.063423e+26	5.375772e+25	1.390491e+25	3.985281e+25	2.549898e+26	3.975948e+26	5.131547e+25	3.905475e+24	1.010186e+24	2.89529e+24	1.85249e+25	2.888509e+25	0.5628925	5.131547e+26	3.905475e+25	1.010186e+25	2.89529e+25	1.827006e+26	2.847436e+26	6.655707e+24	0	0	0	0	0	0	0	0	0	0	0	0	0	0	6.610639e+26	6.072184e+19	6.610639e+26	2.988371e+26	4.821095e+21	2.988323e+26	1.599835e+26	1.573309e+14	1.599835e+26	5.976742e+26	2.965591e+14	5.976742e+26	1.780949e+26	1.285812e+15	1.780949e+26	5.705072e+26	3.032443e+21	5.705042e+26	2.145566e+23	1.486273e-09	0.002950707	3.320632e+09	5.380619e+11	8.711023e+12	8.395653e-06	1.506768e-10	4.179625e-16	0.5003421	0.5	0.3649606	1	103.1272	12.8244	10569.8	1.117189e+26	1.827432e+28	5.151575e+27	6.741065e+25	3.118866e+27	1.203261e+27	5.325573e+26	2.294797e+26	0.2188657	0	0.0134797	0.03560219	0.03560219	0.001424136	0.02670164	0	0	-0.02492316	0	1.012793e-15	0	1.012793e-15	0	-471.7915	0	-471.7915	0	30530.34	77194.93	496.2231	8554.283	1.10606	1	0	0.4523977	1	2	0	0	
24332	1760.328	3.45e+19	0	0	100000	1.97511897	1.140862e-05	7.07156e+26	5.375765e+25	1.390491e+25	3.985275e+25	2.554833e+26	3.979151e+26	5.137458e+25	3.905471e+24	1.010186e+24	2.895285e+24	1.856075e+25	2.890836e+25	0.5626977	5.137458e+26	3.905471e+25	1.010186e+25	2.895285e+25	1.830545e+26	2.849733e+26	6.663376e+24	0	0	0	0	0	0	0	0	0	0	0	0	0	0	6.618255e+26	6.161335e+19	6.618255e+26	2.991814e+26	4.822449e+21	2.991766e+26	1.601678e+26	1.576352e+14	1.601678e+26	5.983628e+26	2.971328e+14	5.983628e+26	1.783e+26	1.288299e+15	1.783e+26	5.711645e+26	3.038309e+21	5.711615e+26	2.145564e+23	1.486274e-09	0.002950713	3.31581e+09	5.398955e+11	8.728198e+12	8.401754e-06	1.508959e-10	4.188743e-16	0.5003419	0.5	0.3652257	1	103.2461	12.83917	10569.8	1.117189e+26	1.827432e+28	5.151575e+27	6.741065e+25	3.118866e+27	1.203261e+27	5.325573e+26	2.294797e+26	0.2188657	0	0.01348093	0.03560219	0.03560219	0.001424136	0.02670164	0	0	-0.02488103	0	1.019216e-15	0	1.019216e-15	0	-471.699	0	-471.699	0	30529.69	77194.93	496.7949	8554.1	1.106061	1	0	0.4523977	1	2	0	0	
24360	1760.328	3.45e+19	0	0	100000	1.9751611	1.140862e-05	7.079698e+26	5.375759e+25	1.390491e+25	3.985268e+25	2.559768e+26	3.982354e+26	5.14337e+25	3.905466e+24	1.010186e+24	2.89528e+24	1.85966e+25	2.893163e+25	0.5625034	5.14337e+26	3.905466e+25	1.010186e+25	2.89528e+25	1.834084e+26	2.852029e+26	6.671042e+24	0	0	0	0	0	0	0	0	0	0	0	0	0	0	6.625871e+26	6.251874e+19	6.625871e+26	2.995257e+26	4.823788e+21	2.995209e+26	1.603521e+26	1.579396e+14	1.603521e+26	5.990514e+26	2.977065e+14	5.990514e+26	1.785052e+26	1.290786e+15	1.785052e+26	5.718218e+26	3.044175e+21	5.718187e+26	2.145561e+23	1.486276e-09	0.002950719	3.310998e+09	5.417328e+11	8.745395e+12	8.407854e-06	1.511151e-10	4.197875e-16	0.5003417	0.5	0.3654908	1	103.3649	12.85395	10569.8	1.117189e+26	1.827432e+28	5.151575e+27	6.741065e+25	3.118866e+27	1.203261e+27	5.325573e+26	2.294797e+26	0.2188657	0	0.01348222	0.03560219	0.03560219	0.001424136	0.02670164	0	0	-0.0248389	0	1.025688e-15	0	1.025688e-15	0	-471.6063	0	-471.6063	0	30529.04	77194.93	497.3666	8553.918	1.106061	1	0	0.4523977	1	2	0	0	
24388	1760.328	3.45e+19	0	0	100000	1.97520323	1.140862e-05	7.087836e+26	5.375752e+25	1.390491e+25	3.985261e+25	2.564703e+26	3.985557e+26	5.149282e+25	3.905461e+24	1.010186e+24	2.895275e+24	1.863246e+25	2.89549e+25	0.5623095	5.149282e+26	3.905461e+25	1.010186e+25	2.895275e+25	1.837623e+26	2.854326e+26	6.67871e+24	0	0	0	0	0	0	0	0	0	0	0	0	0	0	6.633487e+26	6.343858e+19	6.633487e+26	2.9987e+26	4.825107e+21	2.998651e+26	1.605364e+26	1.58244e+14	1.605364e+26	5.997399e+26	2.982802e+14	5.997399e+26	1.787104e+26	1.293274e+15	1.787104e+26	5.72479e+26	3.050041e+21	5.72476e+26	2.145558e+23	1.486278e-09	0.002950725	3.306197e+09	5.435738e+11	8.762614e+12	8.413955e-06	1.513345e-10	4.207019e-16	0.5003415	0.5	0.3657558	1	103.4837	12.86872	10569.8	1.117189e+26	1.827432e+28	5.151575e+27	6.741065e+25	3.118866e+27	1.203261e+27	5.325573e+26	2.294797e+26	0.2188657	0	0.01348358	0.03560219	0.03560219	0.001424136	0.02670164	0	0	-0.02479677	0	1.032212e-15	0	1.032212e-15	0	-471.5135	0	-471.5135	0	30528.39	77194.93	497.9384	8553.735	1.106061	1	0	0.4523977	1	2	0	0	
24416	1760.328	3.45e+19	0	0	100000	1.97524536	1.140862e-05	7.095973e+26	5.375746e+25	1.390491e+25	3.985255e+25	2.569638e+26	3.988761e+26	5.155194e+25	3.905456e+24	1.010186e+24	2.895271e+24	1.866831e+25	2.897818e+25	0.5621161	5.155194e+26	3.905456e+25	1.010186e+25	2.895271e+25	1.841162e+26	2.856623e+26	6.686378e+24	0	0	0	0	0	0	0	0	0	0	0	0	0	0	6.641103e+26	6.437277e+19	6.641103e+26	3.002143e+26	4.826411e+21	3.002094e+26	1.607208e+26	1.585483e+14	1.607208e+26	6.004285e+26	2.988538e+14	6.004285e+26	1.789156e+26	1.295761e+15	1.789156e+26	5.731363e+26	3.055907e+21	5.731332e+26	2.145555e+23	1.486279e-09	0.00295073	3.301406e+09	5.454183e+11	8.779855e+12	8.420056e-06	1.51554e-10	4.216177e-16	0.5003413	0.5	0.3660209	1	103.6025	12.8835	10569.8	1.117189e+26	1.827432e+28	5.151575e+27	6.741065e+25	3.118866e+27	1.203261e+27	5.325573e+26	2.294797e+26	0.2188657	0	0.01348501	0.03560219	0.03560219	0.001424136	0.02670164	0	0	-0.02475464	0	1.038787e-15	0	1.038787e-15	0	-471.4206	0	-471.4206	0	30527.74	77194.93	498.5101	8553.553	1.106061	1	0	0.4523977	1	2	0	0	
24444	1760.328	3.45e+19	0	0	100000	1.97528749	1.140862e-05	7.104111e+26	5.375739e+25	1.390491e+25	3.985248e+25	2.574573e+26	3.991964e+26	5.161106e+25	3.905451e+24	1.010186e+24	2.895266e+24	1.870416e+25	2.900145e+25	0.5619231	5.161106e+26	3.905451e+25	1.010186e+25	2.895266e+25	1.8447e+26	2.85892e+26	6.694048e+24	0	0	0	0	0	0	0	0	0	0	0	0	0	0	6.648719e+26	6.532191e+19	6.648718e+26	3.005585e+26	4.827695e+21	3.005537e+26	1.609051e+26	1.588527e+14	1.609051e+26	6.011171e+26	2.994275e+14	6.011171e+26	1.791207e+26	1.298248e+15	1.791207e+26	5.737936e+26	3.061773e+21	5.737905e+26	2.145552e+23	1.486281e-09	0.002950736	3.296626e+09	5.472665e+11	8.797118e+12	8.426157e-06	1.517737e-10	4.225348e-16	0.5003411	0.5	0.3662859	1	103.7213	12.89827	10569.8	1.117189e+26	1.827432e+28	5.151575e+27	6.741065e+25	3.118866e+27	1.203261e+27	5.325573e+26	2.294797e+26	0.2188657	0	0.0134865	0.03560219	0.03560219	0.001424136	0.02670164	0	0	-0.02471251	0	1.045414e-15	0	1.045414e-15	0	-471.3275	0	-471.3275	0	30527.09	77194.93	499.0818	8553.37	1.10606	1	0	0.4523977	1	2	0	0	
24472	1760.328	3.45e+19	0	0	100000	1.97532962	1.140862e-05	7.112248e+26	5.375732e+25	1.390491e+25	3.985241e+25	2.579508e+26	3.995167e+26	5.167018e+25	3.905447e+24	1.010186e+24	2.895261e+24	1.874002e+25	2.902472e+25	0.5617305	5.167018e+26	3.905447e+25	1.010186e+25	2.895261e+25	1.848239e+26	2.861217e+26	6.701713e+24	0	0	0	0	0	0	0	0	0	0	0	0	0	0	6.656335e+26	6.628589e+19	6.656334e+26	3.009028e+26	4.828965e+21	3.00898e+26	1.610894e+26	1.59157e+14	1.610894e+26	6.018056e+26	3.000012e+14	6.018056e+26	1.793259e+26	1.300736e+15	1.793259e+26	5.744508e+26	3.06764e+21	5.744478e+26	2.145549e+23	1.486283e-09	0.002950742	3.291857e+09	5.491184e+11	8.814403e+12	8.432257e-06	1.519935e-10	4.234532e-16	0.5003409	0.5	0.366551	1	103.8401	12.91304	10569.8	1.117189e+26	1.827432e+28	5.151575e+27	6.741065e+25	3.118866e+27	1.203261e+27	5.325573e+26	2.294797e+26	0.2188657	0	0.01348806	0.03560219	0.03560219	0.001424136	0.02670164	0	0	-0.02467038	0	1.052093e-15	0	1.052093e-15	0	-471.2343	0	-471.2343	0	30526.44	77194.93	499.6536	8553.188	1.10606	1	0	0.4523977	1	2	0	0	
24500	1760.328	3.45e+19	0	0	100000	1.97537175	1.140862e-05	7.120386e+26	5.375726e+25	1.390491e+25	3.985235e+25	2.584443e+26	3.99837e+26	5.17293e+25	3.905442e+24	1.010186e+24	2.895256e+24	1.877587e+25	2.904799e+25	0.5615384	5.17293e+26	3.905442e+25	1.010186e+25	2.895256e+25	1.851778e+26	2.863514e+26	6.709383e+24	0	0	0	0	0	0	0	0	0	0	0	0	0	0	6.663951e+26	6.726531e+19	6.66395e+26	3.012471e+26	4.830215e+21	3.012423e+26	1.612737e+26	1.594614e+14	1.612737e+26	6.024942e+26	3.005749e+14	6.024942e+26	1.795311e+26	1.303223e+15	1.795311e+26	5.751081e+26	3.073506e+21	5.75105e+26	2.145546e+23	1.486284e-09	0.002950748	3.287098e+09	5.509738e+11	8.83171e+12	8.438358e-06	1.522135e-10	4.243729e-16	0.5003407	0.5	0.366816	1	103.9589	12.92782	10569.8	1.117189e+26	1.827432e+28	5.151575e+27	6.741065e+25	3.118866e+27	1.203261e+27	5.325573e+26	2.294797e+26	0.2188657	0	0.01348968	0.03560219	0.03560219	0.001424136	0.02670164	0	0	-0.02462825	0	1.058825e-15	0	1.058825e-15	0	-471.141	0	-471.141	0	30525.79	77194.93	500.2253	8553.005	1.10606	1	0	0.4523977	1	2	0	0	
24528	1760.328	3.45e+19	0	0	100000	1.97541388	1.140862e-05	7.128524e+26	5.375719e+25	1.390491e+25	3.985228e+25	2.589378e+26	4.001573e+26	5.178842e+25	3.905437e+24	1.010186e+24	2.895251e+24	1.881172e+25	2.907126e+25	0.5613467	5.178842e+26	3.905437e+25	1.010186e+25	2.895251e+25	1.855317e+26	2.865811e+26	6.71705e+24	0	0	0	0	0	0	0	0	0	0	0	0	0	0	6.671567e+26	6.826008e+19	6.671566e+26	3.015914e+26	4.83145e+21	3.015866e+26	1.61458e+26	1.597657e+14	1.61458e+26	6.031828e+26	3.011486e+14	6.031828e+26	1.797363e+26	1.30571e+15	1.797363e+26	5.757654e+26	3.079372e+21	5.757623e+26	2.145543e+23	1.486286e-09	0.002950754	3.282349e+09	5.52833e+11	8.849039e+12	8.444458e-06	1.524337e-10	4.25294e-16	0.5003406	0.5	0.3670811	1	104.0777	12.94259	10569.8	1.117189e+26	1.827432e+28	5.151575e+27	6.741065e+25	3.118866e+27	1.203261e+27	5.325573e+26	2.294797e+26	0.2188657	0	0.01349137	0.03560219	0.03560219	0.001424136	0.02670164	0	0	-0.02458612	0	1.065611e-15	0	1.065611e-15	0	-471.0475	0	-471.0475	0	30525.14	77194.93	500.797	8552.823	1.10606	1	0	0.4523977	1	2	0	0	
24556	1760.328	3.45e+19	0	0	100000	1.97545601	1.140862e-05	7.136661e+26	5.375712e+25	1.390491e+25	3.985221e+25	2.594313e+26	4.004776e+26	5.184754e+25	3.905432e+24	1.010186e+24	2.895246e+24	1.884758e+25	2.909453e+25	0.5611555	5.184754e+26	3.905432e+25	1.010186e+25	2.895246e+25	1.858856e+26	2.868108e+26	6.724717e+24	0	0	0	0	0	0	0	0	0	0	0	0	0	0	6.679183e+26	6.927083e+19	6.679182e+26	3.019357e+26	4.832667e+21	3.019308e+26	1.616423e+26	1.600701e+14	1.616423e+26	6.038713e+26	3.017223e+14	6.038713e+26	1.799415e+26	1.308198e+15	1.799415e+26	5.764226e+26	3.085238e+21	5.764195e+26	2.145541e+23	1.486288e-09	0.00295076	3.27761e+09	5.546958e+11	8.866389e+12	8.450558e-06	1.52654e-10	4.262163e-16	0.5003404	0.5	0.3673461	1	104.1965	12.95737	10569.8	1.117189e+26	1.827432e+28	5.151575e+27	6.741065e+25	3.118866e+27	1.203261e+27	5.325573e+26	2.294797e+26	0.2188657	0	0.01349313	0.03560219	0.03560219	0.001424136	0.02670164	0	0	-0.02454399	0	1.07245e-15	0	1.07245e-15	0	-470.9538	0	-470.9538	0	30524.49	77194.93	501.3688	8552.641	1.10606	1	0	0.4523977	1	2	0	0	
24584	1760.328	3.45e+19	0	0	100000	1.97549814	1.140862e-05	7.144799e+26	5.375706e+25	1.390491e+25	3.985215e+25	2.599249e+26	4.00798e+26	5.190666e+25	3.905427e+24	1.010186e+24	2.895241e+24	1.888343e+25	2.91178e+25	0.5609647	5.190666e+26	3.905427e+25	1.010186e+25	2.895241e+25	1.862394e+26	2.870405e+26	6.732384e+24	0	0	0	0	0	0	0	0	0	0	0	0	0	0	6.686799e+26	7.029763e+19	6.686798e+26	3.022799e+26	4.833867e+21	3.022751e+26	1.618266e+26	1.603744e+14	1.618266e+26	6.045599e+26	3.022959e+14	6.045599e+26	1.801466e+26	1.310685e+15	1.801466e+26	5.770799e+26	3.091104e+21	5.770768e+26	2.145538e+23	1.486289e-09	0.002950766	3.272882e+09	5.565622e+11	8.883762e+12	8.456658e-06	1.528745e-10	4.2714e-16	0.5003402	0.5	0.3676111	1	104.3154	12.97214	10569.8	1.117189e+26	1.827432e+28	5.151575e+27	6.741065e+25	3.118866e+27	1.203261e+27	5.325573e+26	2.294797e+26	0.2188657	0	0.01349495	0.03560219	0.03560219	0.001424136	0.02670164	0	0	-0.02450186	0	1.079344e-15	0	1.079344e-15	0	-470.8601	0	-470.8601	0	30523.83	77194.93	501.9405	8552.458	1.106061	1	0	0.4523977	1	2	0	0	
24612	1760.328	3.45e+19	0	0	100000	1.97554027	1.140862e-05	7.152936e+26	5.375699e+25	1.390491e+25	3.985208e+25	2.604184e+26	4.011183e+26	5.196578e+25	3.905422e+24	1.010186e+24	2.895237e+24	1.891928e+25	2.914107e+25	0.5607743	5.196578e+26	3.905422e+25	1.010186e+25	2.895237e+25	1.865933e+26	2.872702e+26	6.740052e+24	0	0	0	0	0	0	0	0	0	0	0	0	0	0	6.694415e+26	7.134075e+19	6.694414e+26	3.026242e+26	4.83505e+21	3.026194e+26	1.62011e+26	1.606788e+14	1.62011e+26	6.052485e+26	3.028696e+14	6.052485e+26	1.803518e+26	1.313172e+15	1.803518e+26	5.777372e+26	3.09697e+21	5.777341e+26	2.145535e+23	1.486291e-09	0.002950772	3.268165e+09	5.584323e+11	8.901157e+12	8.462758e-06	1.530951e-10	4.280649e-16	0.50034	0.5	0.3678761	1	104.4342	12.98692	10569.8	1.117189e+26	1.827432e+28	5.151575e+27	6.741065e+25	3.118866e+27	1.203261e+27	5.325573e+26	2.294797e+26	0.2188657	0	0.01349684	0.03560219	0.03560219	0.001424136	0.02670164	0	0	-0.02445973	0	1.086293e-15	0	1.086293e-15	0	-470.7661	0	-470.7661	0	30523.18	77194.93	502.5122	8552.276	1.10606	1	0	0.4523978	1	2	0	0	
24640	1760.328	3.45e+19	0	0	100000	1.9755824	1.140862e-05	7.161074e+26	5.375692e+25	1.390491e+25	3.985201e+25	2.609119e+26	4.014386e+26	5.20249e+25	3.905418e+24	1.010186e+24	2.895232e+24	1.895513e+25	2.916434e+25	0.5605844	5.20249e+26	3.905418e+25	1.010186e+25	2.895232e+25	1.869472e+26	2.874999e+26	6.747719e+24	0	0	0	0	0	0	0	0	0	0	0	0	0	0	6.702031e+26	7.240049e+19	6.70203e+26	3.029685e+26	4.836217e+21	3.029637e+26	1.621953e+26	1.609831e+14	1.621953e+26	6.05937e+26	3.034433e+14	6.05937e+26	1.80557e+26	1.31566e+15	1.80557e+26	5.783944e+26	3.102836e+21	5.783913e+26	2.145532e+23	1.486293e-09	0.002950778	3.263457e+09	5.60306e+11	8.918573e+12	8.468857e-06	1.533159e-10	4.289912e-16	0.5003398	0.5	0.3681411	1	104.553	13.00169	10569.8	1.117189e+26	1.827432e+28	5.151575e+27	6.741065e+25	3.118866e+27	1.203261e+27	5.325573e+26	2.294797e+26	0.2188657	0	0.0134988	0.03560219	0.03560219	0.001424136	0.02670164	0	0	-0.0244176	0	1.093296e-15	0	1.093296e-15	0	-470.6721	0	-470.6721	0	30522.53	77194.93	503.084	8552.094	1.10606	1	0	0.4523978	1	2	0	0	
24668	1760.328	3.45e+19	0	0	100000	1.97562453	1.140862e-05	7.169212e+26	5.375686e+25	1.390491e+25	3.985195e+25	2.614054e+26	4.017589e+26	5.208402e+25	3.905413e+24	1.010186e+24	2.895227e+24	1.899099e+25	2.918761e+25	0.5603949	5.208402e+26	3.905413e+25	1.010186e+25	2.895227e+25	1.873011e+26	2.877296e+26	6.755388e+24	0	0	0	0	0	0	0	0	0	0	0	0	0	0	6.709647e+26	7.347711e+19	6.709646e+26	3.033128e+26	4.837367e+21	3.03308e+26	1.623796e+26	1.612875e+14	1.623796e+26	6.066256e+26	3.04017e+14	6.066256e+26	1.807622e+26	1.318147e+15	1.807622e+26	5.790517e+26	3.108702e+21	5.790486e+26	2.145529e+23	1.486294e-09	0.002950784	3.25876e+09	5.621834e+11	8.936011e+12	8.474957e-06	1.535368e-10	4.299188e-16	0.5003396	0.5	0.3684061	1	104.6718	13.01647	10569.8	1.117189e+26	1.827432e+28	5.151575e+27	6.741065e+25	3.118866e+27	1.203261e+27	5.325573e+26	2.294797e+26	0.2188657	0	0.01350082	0.03560219	0.03560219	0.001424136	0.02670164	0	0	-0.02437547	0	1.100356e-15	0	1.100356e-15	0	-470.5779	0	-470.5779	0	30521.88	77194.93	503.6557	8551.911	1.10606	1	0	0.4523977	1	2	0	0	
24696	1760.328	3.45e+19	0	0	100000	1.97566666	1.140862e-05	7.177349e+26	5.375679e+25	1.390491e+25	3.985188e+25	2.618989e+26	4.020793e+26	5.214313e+25	3.905408e+24	1.010186e+24	2.895222e+24	1.902684e+25	2.921089e+25	0.5602058	5.214313e+26	3.905408e+25	1.010186e+25	2.895222e+25	1.87655e+26	2.879593e+26	6.763054e+24	0	0	0	0	0	0	0	0	0	0	0	0	0	0	6.717263e+26	7.45709e+19	6.717262e+26	3.036571e+26	4.838501e+21	3.036522e+26	1.625639e+26	1.615918e+14	1.625639e+26	6.073142e+26	3.045907e+14	6.073142e+26	1.809673e+26	1.320634e+15	1.809673e+26	5.79709e+26	3.114568e+21	5.797059e+26	2.145526e+23	1.486296e-09	0.00295079	3.254073e+09	5.640645e+11	8.953472e+12	8.481056e-06	1.537579e-10	4.308476e-16	0.5003394	0.5	0.3686711	1	104.7906	13.03124	10569.8	1.117189e+26	1.827432e+28	5.151575e+27	6.741065e+25	3.118866e+27	1.203261e+27	5.325573e+26	2.294797e+26	0.2188657	0	0.0135029	0.03560219	0.03560219	0.001424136	0.02670164	0	0	-0.02433334	0	1.107473e-15	0	1.107473e-15	0	-470.4835	0	-470.4835	0	30521.23	77194.93	504.2275	8551.729	1.10606	1	0	0.4523978	1	2	0	0	
24724	1760.328	3.45e+19	0	0	100000	1.97570879	1.140862e-05	7.185487e+26	5.375673e+25	1.390491e+25	3.985181e+25	2.623924e+26	4.023996e+26	5.220225e+25	3.905403e+24	1.010186e+24	2.895217e+24	1.906269e+25	2.923416e+25	0.5600172	5.220225e+26	3.905403e+25	1.010186e+25	2.895217e+25	1.880088e+26	2.88189e+26	6.770724e+24	0	0	0	0	0	0	0	0	0	0	0	0	0	0	6.724879e+26	7.568235e+19	6.724878e+26	3.040014e+26	4.839617e+21	3.039965e+26	1.627482e+26	1.618962e+14	1.627482e+26	6.080027e+26	3.051643e+14	6.080027e+26	1.811725e+26	1.323121e+15	1.811725e+26	5.803662e+26	3.120434e+21	5.803631e+26	2.145523e+23	1.486298e-09	0.002950796	3.249397e+09	5.659492e+11	8.970954e+12	8.487155e-06	1.539791e-10	4.317778e-16	0.5003392	0.5	0.3689361	1	104.9094	13.04602	10569.8	1.117189e+26	1.827432e+28	5.151575e+27	6.741065e+25	3.118866e+27	1.203261e+27	5.325573e+26	2.294797e+26	0.2188657	0	0.01350505	0.03560219	0.03560219	0.001424136	0.02670164	0	0	-0.02429121	0	1.114646e-15	0	1.114646e-15	0	-470.389	0	-470.389	0	30520.58	77194.93	504.7992	8551.546	1.10606	1	0	0.4523978	1	2	0	0	
24752	1760.328	3.45e+19	0	0	100000	1.97575092	1.140862e-05	7.193624e+26	5.375666e+25	1.390491e+25	3.985175e+25	2.628859e+26	4.027199e+26	5.226137e+25	3.905398e+24	1.010186e+24	2.895212e+24	1.909855e+25	2.925743e+25	0.5598289	5.226137e+26	3.905398e+25	1.010186e+25	2.895212e+25	1.883627e+26	2.884186e+26	6.778391e+24	0	0	0	0	0	0	0	0	0	0	0	0	0	0	6.732494e+26	7.681136e+19	6.732494e+26	3.043456e+26	4.840719e+21	3.043408e+26	1.629325e+26	1.622005e+14	1.629325e+26	6.086913e+26	3.05738e+14	6.086913e+26	1.813777e+26	1.325609e+15	1.813777e+26	5.810235e+26	3.126301e+21	5.810204e+26	2.145521e+23	1.486299e-09	0.002950802	3.244731e+09	5.678376e+11	8.988457e+12	8.493254e-06	1.542005e-10	4.327093e-16	0.500339	0.5	0.3692011	1	105.0282	13.06079	10569.8	1.117189e+26	1.827432e+28	5.151575e+27	6.741065e+25	3.118866e+27	1.203261e+27	5.325573e+26	2.294797e+26	0.2188657	0	0.01350727	0.03560219	0.03560219	0.001424136	0.02670164	0	0	-0.02424908	0	1.121877e-15	0	1.121877e-15	0	-470.2944	0	-470.2944	0	30519.93	77194.93	505.3709	8551.364	1.10606	1	0	0.4523978	1	2	0	0	
24780	1760.328	3.45e+19	0	0	100000	1.97579305	1.140862e-05	7.201762e+26	5.375659e+25	1.390491e+25	3.985168e+25	2.633794e+26	4.030402e+26	5.232049e+25	3.905394e+24	1.010186e+24	2.895208e+24	1.91344e+25	2.92807e+25	0.5596412	5.232049e+26	3.905394e+25	1.010186e+25	2.895208e+25	1.887166e+26	2.886483e+26	6.786057e+24	0	0	0	0	0	0	0	0	0	0	0	0	0	0	6.74011e+26	7.795864e+19	6.74011e+26	3.046899e+26	4.841803e+21	3.046851e+26	1.631168e+26	1.625049e+14	1.631168e+26	6.093798e+26	3.063117e+14	6.093798e+26	1.815829e+26	1.328096e+15	1.815829e+26	5.816808e+26	3.132167e+21	5.816776e+26	2.145518e+23	1.486301e-09	0.002950807	3.240074e+09	5.697297e+11	9.005983e+12	8.499353e-06	1.54422e-10	4.336421e-16	0.5003388	0.5	0.369466	1	105.147	13.07557	10569.8	1.117189e+26	1.827432e+28	5.151575e+27	6.741065e+25	3.118866e+27	1.203261e+27	5.325573e+26	2.294797e+26	0.2188657	0	0.01350955	0.03560219	0.03560219	0.001424136	0.02670164	0	0	-0.02420695	0	1.129165e-15	0	1.129165e-15	0	-470.1996	0	-470.1996	0	30519.28	77194.93	505.9426	8551.182	1.10606	1	0	0.4523978	1	2	0	0	
24808	1760.328	3.45e+19	0	0	100000	1.97583518	1.140862e-05	7.209899e+26	5.375653e+25	1.390491e+25	3.985162e+25	2.638729e+26	4.033606e+26	5.237961e+25	3.905389e+24	1.010186e+24	2.895203e+24	1.917025e+25	2.930397e+25	0.5594538	5.237961e+26	3.905389e+25	1.010186e+25	2.895203e+25	1.890705e+26	2.88878e+26	6.793727e+24	0	0	0	0	0	0	0	0	0	0	0	0	0	0	6.747726e+26	7.912429e+19	6.747726e+26	3.050342e+26	4.842871e+21	3.050294e+26	1.633011e+26	1.628092e+14	1.633011e+26	6.100684e+26	3.068853e+14	6.100684e+26	1.817881e+26	1.330583e+15	1.817881e+26	5.82338e+26	3.138032e+21	5.823349e+26	2.145515e+23	1.486302e-09	0.002950813	3.235429e+09	5.716254e+11	9.02353e+12	8.505451e-06	1.546437e-10	4.345763e-16	0.5003386	0.5	0.369731	1	105.2658	13.09034	10569.8	1.117189e+26	1.827432e+28	5.151575e+27	6.741065e+25	3.118866e+27	1.203261e+27	5.325573e+26	2.294797e+26	0.2188657	0	0.0135119	0.03560219	0.03560219	0.001424136	0.02670164	0	0	-0.02416482	0	1.136513e-15	0	1.136513e-15	0	-470.1047	0	-470.1047	0	30518.63	77194.93	506.5144	8550.999	1.10606	1	0	0.4523978	1	2	0	0	
24836	1760.328	3.45e+19	0	0	100000	1.97587731	1.140862e-05	7.218037e+26	5.375646e+25	1.390491e+25	3.985155e+25	2.643664e+26	4.036809e+26	5.243873e+25	3.905384e+24	1.010186e+24	2.895198e+24	1.92061e+25	2.932724e+25	0.5592669	5.243873e+26	3.905384e+25	1.010186e+25	2.895198e+25	1.894243e+26	2.891077e+26	6.801393e+24	0	0	0	0	0	0	0	0	0	0	0	0	0	0	6.755342e+26	8.030885e+19	6.755342e+26	3.053785e+26	4.843922e+21	3.053736e+26	1.634855e+26	1.631136e+14	1.634855e+26	6.10757e+26	3.07459e+14	6.10757e+26	1.819932e+26	1.333071e+15	1.819932e+26	5.829953e+26	3.143899e+21	5.829922e+26	2.145512e+23	1.486304e-09	0.002950819	3.230793e+09	5.735248e+11	9.0411e+12	8.51155e-06	1.548655e-10	4.355117e-16	0.5003384	0.5	0.3699959	1	105.3846	13.10511	10569.8	1.117189e+26	1.827432e+28	5.151575e+27	6.741065e+25	3.118866e+27	1.203261e+27	5.325573e+26	2.294797e+26	0.2188657	0	0.01351432	0.03560219	0.03560219	0.001424136	0.02670164	0	0	-0.02412269	0	1.14392e-15	0	1.14392e-15	0	-470.0096	0	-470.0096	0	30517.98	77194.93	507.0861	8550.817	1.10606	1	0	0.4523978	1	2	0	0	
24864	1760.328	3.45e+19	0	0	100000	1.97591944	1.140862e-05	7.226175e+26	5.375639e+25	1.390491e+25	3.985148e+25	2.648598e+26	4.040012e+26	5.249785e+25	3.905379e+24	1.010186e+24	2.895193e+24	1.924195e+25	2.935052e+25	0.5590803	5.249785e+26	3.905379e+25	1.010186e+25	2.895193e+25	1.897782e+26	2.893374e+26	6.809062e+24	0	0	0	0	0	0	0	0	0	0	0	0	0	0	6.762958e+26	8.151241e+19	6.762957e+26	3.057228e+26	4.844957e+21	3.057179e+26	1.636698e+26	1.634179e+14	1.636698e+26	6.114455e+26	3.080327e+14	6.114455e+26	1.821984e+26	1.335558e+15	1.821984e+26	5.836526e+26	3.149765e+21	5.836494e+26	2.145509e+23	1.486306e-09	0.002950825	3.226167e+09	5.754278e+11	9.05869e+12	8.517648e-06	1.550875e-10	4.364484e-16	0.5003382	0.5	0.3702608	1	105.5035	13.11989	10569.8	1.117189e+26	1.827432e+28	5.151575e+27	6.741065e+25	3.118866e+27	1.203261e+27	5.325573e+26	2.294797e+26	0.2188657	0	0.0135168	0.03560219	0.03560219	0.001424136	0.02670164	0	0	-0.02408056	0	1.151386e-15	0	1.151386e-15	0	-469.9144	0	-469.9144	0	30517.33	77194.93	507.6579	8550.635	1.10606	1	0	0.4523978	1	2	0	0	
24892	1760.328	3.45e+19	0	0	100000	1.97596157	1.140862e-05	7.234312e+26	5.375633e+25	1.390491e+25	3.985142e+25	2.653533e+26	4.043215e+26	5.255697e+25	3.905374e+24	1.010186e+24	2.895188e+24	1.927781e+25	2.937379e+25	0.5588942	5.255697e+26	3.905374e+25	1.010186e+25	2.895188e+25	1.901321e+26	2.895671e+26	6.816729e+24	0	0	0	0	0	0	0	0	0	0	0	0	0	0	6.770574e+26	8.273532e+19	6.770573e+26	3.060671e+26	4.845977e+21	3.060622e+26	1.638541e+26	1.637223e+14	1.638541e+26	6.121341e+26	3.086063e+14	6.121341e+26	1.824036e+26	1.338045e+15	1.824036e+26	5.843098e+26	3.15563e+21	5.843067e+26	2.145506e+23	1.486307e-09	0.002950831	3.221551e+09	5.773346e+11	9.076303e+12	8.523745e-06	1.553096e-10	4.373864e-16	0.5003379	0.5	0.3705258	1	105.6223	13.13466	10569.8	1.117189e+26	1.827432e+28	5.151575e+27	6.741065e+25	3.118866e+27	1.203261e+27	5.325573e+26	2.294797e+26	0.2188657	0	0.01351934	0.03560219	0.03560219	0.001424136	0.02670164	0	0	-0.02403843	0	1.158913e-15	0	1.158913e-15	0	-469.8191	0	-469.8191	0	30516.68	77194.93	508.2296	8550.452	1.10606	1	0	0.4523978	1	2	0	0	
24920	1760.328	3.45e+19	0	0	100000	1.9760037	1.140862e-05	7.24245e+26	5.375626e+25	1.390491e+25	3.985135e+25	2.658468e+26	4.046419e+26	5.261609e+25	3.905369e+24	1.010186e+24	2.895184e+24	1.931366e+25	2.939706e+25	0.5587086	5.261609e+26	3.905369e+25	1.010186e+25	2.895184e+25	1.904859e+26	2.897968e+26	6.824397e+24	0	0	0	0	0	0	0	0	0	0	0	0	0	0	6.77819e+26	8.397788e+19	6.778189e+26	3.064113e+26	4.846981e+21	3.064065e+26	1.640384e+26	1.640266e+14	1.640384e+26	6.128227e+26	3.0918e+14	6.128227e+26	1.826088e+26	1.340532e+15	1.826088e+26	5.849671e+26	3.161496e+21	5.849639e+26	2.145504e+23	1.486309e-09	0.002950837	3.216946e+09	5.79245e+11	9.093937e+12	8.529843e-06	1.555319e-10	4.383258e-16	0.5003377	0.5	0.3707907	1	105.7411	13.14944	10569.8	1.117189e+26	1.827432e+28	5.151575e+27	6.741065e+25	3.118866e+27	1.203261e+27	5.325573e+26	2.294797e+26	0.2188657	0	0.01352195	0.03560219	0.03560219	0.001424136	0.02670164	0	0	-0.0239963	0	1.1665e-15	0	1.1665e-15	0	-469.7236	0	-469.7236	0	30516.02	77194.93	508.8014	8550.27	1.10606	1	0	0.4523978	1	2	0	0	
24948	1760.328	3.45e+19	0	0	100000	1.97604583	1.140862e-05	7.250587e+26	5.37562e+25	1.390491e+25	3.985128e+25	2.663403e+26	4.049622e+26	5.267521e+25	3.905365e+24	1.010186e+24	2.895179e+24	1.934951e+25	2.942033e+25	0.5585233	5.267521e+26	3.905365e+25	1.010186e+25	2.895179e+25	1.908398e+26	2.900265e+26	6.832064e+24	0	0	0	0	0	0	0	0	0	0	0	0	0	0	6.785806e+26	8.524067e+19	6.785805e+26	3.067556e+26	4.847969e+21	3.067508e+26	1.642227e+26	1.643309e+14	1.642227e+26	6.135112e+26	3.097537e+14	6.135112e+26	1.82814e+26	1.34302e+15	1.82814e+26	5.856244e+26	3.167362e+21	5.856212e+26	2.145501e+23	1.486311e-09	0.002950843	3.212351e+09	5.811591e+11	9.111594e+12	8.53594e-06	1.557543e-10	4.392664e-16	0.5003375	0.5	0.3710556	1	105.8599	13.16421	10569.8	1.117189e+26	1.827432e+28	5.151575e+27	6.741065e+25	3.118866e+27	1.203261e+27	5.325573e+26	2.294797e+26	0.2188657	0	0.01352463	0.03560219	0.03560219	0.001424136	0.02670164	0	0	-0.02395417	0	1.174149e-15	0	1.174149e-15	0	-469.6279	0	-469.6279	0	30515.37	77194.93	509.3731	8550.088	1.10606	1	0	0.4523978	1	2	0	0	
24976	1760.328	3.45e+19	0	0	100000	1.97608796	1.140862e-05	7.258725e+26	5.375613e+25	1.390491e+25	3.985122e+25	2.668338e+26	4.052825e+26	5.273433e+25	3.90536e+24	1.010186e+24	2.895174e+24	1.938536e+25	2.94436e+25	0.5583385	5.273433e+26	3.90536e+25	1.010186e+25	2.895174e+25	1.911937e+26	2.902563e+26	6.839731e+24	0	0	0	0	0	0	0	0	0	0	0	0	0	0	6.793422e+26	8.652381e+19	6.793421e+26	3.070999e+26	4.848941e+21	3.070951e+26	1.64407e+26	1.646353e+14	1.64407e+26	6.141998e+26	3.103273e+14	6.141998e+26	1.830191e+26	1.345507e+15	1.830191e+26	5.862816e+26	3.173228e+21	5.862785e+26	2.145498e+23	1.486312e-09	0.002950849	3.207765e+09	5.830768e+11	9.129271e+12	8.542037e-06	1.559769e-10	4.402083e-16	0.5003373	0.5	0.3713204	1	105.9787	13.17899	10569.8	1.117189e+26	1.827432e+28	5.151575e+27	6.741065e+25	3.118866e+27	1.203261e+27	5.325573e+26	2.294797e+26	0.2188657	0	0.01352737	0.03560219	0.03560219	0.001424136	0.02670164	0	0	-0.02391204	0	1.181861e-15	0	1.181861e-15	0	-469.5321	0	-469.5321	0	30514.72	77194.93	509.9448	8549.906	1.10606	1	0	0.4523978	1	2	0	0	
25004	1760.328	3.45e+19	0	0	100000	1.97613009	1.140862e-05	7.266863e+26	5.375606e+25	1.390491e+25	3.985115e+25	2.673273e+26	4.056029e+26	5.279345e+25	3.905355e+24	1.010186e+24	2.895169e+24	1.942121e+25	2.946688e+25	0.5581541	5.279345e+26	3.905355e+25	1.010186e+25	2.895169e+25	1.915476e+26	2.90486e+26	6.847398e+24	0	0	0	0	0	0	0	0	0	0	0	0	0	0	6.801038e+26	8.782765e+19	6.801037e+26	3.074442e+26	4.849898e+21	3.074393e+26	1.645913e+26	1.649396e+14	1.645913e+26	6.148884e+26	3.10901e+14	6.148884e+26	1.832243e+26	1.347994e+15	1.832243e+26	5.869389e+26	3.179094e+21	5.869357e+26	2.145495e+23	1.486314e-09	0.002950855	3.20319e+09	5.849983e+11	9.146971e+12	8.548134e-06	1.561997e-10	4.411516e-16	0.5003371	0.5	0.3715853	1	106.0975	13.19376	10569.8	1.117189e+26	1.827432e+28	5.151575e+27	6.741065e+25	3.118866e+27	1.203261e+27	5.325573e+26	2.294797e+26	0.2188657	0	0.01353017	0.03560219	0.03560219	0.001424136	0.02670164	0	0	-0.02386991	0	1.189634e-15	0	1.189634e-15	0	-469.4362	0	-469.4362	0	30514.07	77194.93	510.5166	8549.723	1.10606	1	0	0.4523978	1	2	0	0	
25032	1760.328	3.45e+19	0	0	100000	1.97617222	1.140862e-05	7.275e+26	5.3756e+25	1.390491e+25	3.985108e+25	2.678208e+26	4.059232e+26	5.285256e+25	3.90535e+24	1.010186e+24	2.895164e+24	1.945707e+25	2.949015e+25	0.5579701	5.285256e+26	3.90535e+25	1.010186e+25	2.895164e+25	1.919014e+26	2.907157e+26	6.855066e+24	0	0	0	0	0	0	0	0	0	0	0	0	0	0	6.808654e+26	8.915277e+19	6.808653e+26	3.077885e+26	4.850838e+21	3.077836e+26	1.647756e+26	1.65244e+14	1.647756e+26	6.155769e+26	3.114747e+14	6.155769e+26	1.834295e+26	1.350481e+15	1.834295e+26	5.875962e+26	3.18496e+21	5.87593e+26	2.145492e+23	1.486316e-09	0.00295086	3.198624e+09	5.869234e+11	9.164692e+12	8.55423e-06	1.564225e-10	4.420961e-16	0.5003369	0.5	0.3718502	1	106.2163	13.20854	10569.8	1.117189e+26	1.827432e+28	5.151575e+27	6.741065e+25	3.118866e+27	1.203261e+27	5.325573e+26	2.294797e+26	0.2188657	0	0.01353305	0.03560219	0.03560219	0.001424136	0.02670164	0	0	-0.02382778	0	1.197472e-15	0	1.197472e-15	0	-469.3401	0	-469.3401	0	30513.42	77194.93	511.0883	8549.541	1.10606	1	0	0.4523978	1	2	0	0	
25060	1760.328	3.45e+19	0	0	100000	1.97621435	1.140862e-05	7.283138e+26	5.375593e+25	1.390491e+25	3.985102e+25	2.683143e+26	4.062436e+26	5.291168e+25	3.905345e+24	1.010186e+24	2.895159e+24	1.949292e+25	2.951342e+25	0.5577865	5.291168e+26	3.905345e+25	1.010186e+25	2.895159e+25	1.922553e+26	2.909454e+26	6.862735e+24	0	0	0	0	0	0	0	0	0	0	0	0	0	0	6.81627e+26	9.049956e+19	6.816269e+26	3.081327e+26	4.851762e+21	3.081279e+26	1.6496e+26	1.655483e+14	1.6496e+26	6.162655e+26	3.120483e+14	6.162655e+26	1.836347e+26	1.352968e+15	1.836347e+26	5.882534e+26	3.190826e+21	5.882502e+26	2.145489e+23	1.486317e-09	0.002950866	3.194069e+09	5.888522e+11	9.182434e+12	8.560327e-06	1.566456e-10	4.43042e-16	0.5003367	0.5	0.372115	1	106.3351	13.22331	10569.8	1.117189e+26	1.827432e+28	5.151575e+27	6.741065e+25	3.118866e+27	1.203261e+27	5.325573e+26	2.294797e+26	0.2188657	0	0.01353598	0.03560219	0.03560219	0.001424136	0.02670164	0	0	-0.02378565	0	1.205373e-15	0	1.205373e-15	0	-469.2438	0	-469.2438	0	30512.77	77194.93	511.6601	8549.359	1.10606	1	0	0.4523979	1	2	0	0	
25088	1760.328	3.45e+19	0	0	100000	1.97625648	1.140862e-05	7.291275e+26	5.375586e+25	1.390491e+25	3.985095e+25	2.688078e+26	4.065639e+26	5.29708e+25	3.905341e+24	1.010186e+24	2.895155e+24	1.952877e+25	2.953669e+25	0.5576033	5.29708e+26	3.905341e+25	1.010186e+25	2.895155e+25	1.926091e+26	2.911751e+26	6.870402e+24	0	0	0	0	0	0	0	0	0	0	0	0	0	0	6.823886e+26	9.186814e+19	6.823885e+26	3.08477e+26	4.852671e+21	3.084722e+26	1.651443e+26	1.658526e+14	1.651443e+26	6.169541e+26	3.12622e+14	6.169541e+26	1.838398e+26	1.355456e+15	1.838398e+26	5.889107e+26	3.196692e+21	5.889075e+26	2.145487e+23	1.486319e-09	0.002950872	3.189523e+09	5.907847e+11	9.200199e+12	8.566422e-06	1.568687e-10	4.439892e-16	0.5003365	0.5	0.3723799	1	106.4539	13.23809	10569.8	1.117189e+26	1.827432e+28	5.151575e+27	6.741065e+25	3.118866e+27	1.203261e+27	5.325573e+26	2.294797e+26	0.2188657	0	0.01353898	0.03560219	0.03560219	0.001424136	0.02670164	0	0	-0.02374352	0	1.213338e-15	0	1.213338e-15	0	-469.1474	0	-469.1474	0	30512.12	77194.93	512.2318	8549.177	1.10606	1	0	0.4523979	1	2	0	0	
25116	1760.328	3.45e+19	0	0	100000	1.97629861	1.140862e-05	7.299413e+26	5.37558e+25	1.390491e+25	3.985088e+25	2.693013e+26	4.068842e+26	5.302992e+25	3.905336e+24	1.010186e+24	2.89515e+24	1.956462e+25	2.955997e+25	0.5574205	5.302992e+26	3.905336e+25	1.010186e+25	2.89515e+25	1.92963e+26	2.914048e+26	6.878069e+24	0	0	0	0	0	0	0	0	0	0	0	0	0	0	6.831502e+26	9.32589e+19	6.831501e+26	3.088213e+26	4.853565e+21	3.088165e+26	1.653286e+26	1.66157e+14	1.653286e+26	6.176426e+26	3.131956e+14	6.176426e+26	1.84045e+26	1.357943e+15	1.84045e+26	5.89568e+26	3.202558e+21	5.895648e+26	2.145484e+23	1.486321e-09	0.002950878	3.184988e+09	5.927209e+11	9.217985e+12	8.572518e-06	1.570921e-10	4.449376e-16	0.5003363	0.5	0.3726447	1	106.5727	13.25286	10569.8	1.117189e+26	1.827432e+28	5.151575e+27	6.741065e+25	3.118866e+27	1.203261e+27	5.325573e+26	2.294797e+26	0.2188657	0	0.01354205	0.03560219	0.03560219	0.001424136	0.02670164	0	0	-0.02370139	0	1.221369e-15	0	1.221369e-15	0	-469.0509	0	-469.0509	0	30511.47	77194.93	512.8035	8548.994	1.10606	1	0	0.4523978	1	2	0	0	
25144	1760.328	3.45e+19	0	0	100000	1.97634074	1.140862e-05	7.30755e+26	5.375573e+25	1.390491e+25	3.985082e+25	2.697947e+26	4.072046e+26	5.308904e+25	3.905331e+24	1.010186e+24	2.895145e+24	1.960047e+25	2.958324e+25	0.5572381	5.308904e+26	3.905331e+25	1.010186e+25	2.895145e+25	1.933169e+26	2.916345e+26	6.885736e+24	0	0	0	0	0	0	0	0	0	0	0	0	0	0	6.839118e+26	9.467245e+19	6.839117e+26	3.091656e+26	4.854444e+21	3.091607e+26	1.655129e+26	1.664613e+14	1.655129e+26	6.183312e+26	3.137693e+14	6.183312e+26	1.842502e+26	1.36043e+15	1.842502e+26	5.902252e+26	3.208423e+21	5.90222e+26	2.145481e+23	1.486322e-09	0.002950884	3.180462e+09	5.946608e+11	9.235792e+12	8.578613e-06	1.573155e-10	4.458874e-16	0.5003361	0.5	0.3729095	1	106.6916	13.26764	10569.8	1.117189e+26	1.827432e+28	5.151575e+27	6.741065e+25	3.118866e+27	1.203261e+27	5.325573e+26	2.294797e+26	0.2188657	0	0.01354518	0.03560219	0.03560219	0.001424136	0.02670164	0	0	-0.02365926	0	1.229465e-15	0	1.229465e-15	0	-468.9542	0	-468.9542	0	30510.82	77194.93	513.3753	8548.812	1.10606	1	0	0.4523979	1	2	0	0	
25172	1760.328	3.45e+19	0	0	100000	1.97638287	1.140862e-05	7.315688e+26	5.375566e+25	1.390491e+25	3.985075e+25	2.702882e+26	4.075249e+26	5.314816e+25	3.905326e+24	1.010186e+24	2.89514e+24	1.963632e+25	2.960651e+25	0.5570562	5.314816e+26	3.905326e+25	1.010186e+25	2.89514e+25	1.936707e+26	2.918642e+26	6.893405e+24	0	0	0	0	0	0	0	0	0	0	0	0	0	0	6.846734e+26	9.610895e+19	6.846733e+26	3.095099e+26	4.855308e+21	3.09505e+26	1.656972e+26	1.667657e+14	1.656972e+26	6.190198e+26	3.143429e+14	6.190198e+26	1.844554e+26	1.362917e+15	1.844554e+26	5.908825e+26	3.214289e+21	5.908793e+26	2.145478e+23	1.486324e-09	0.00295089	3.175946e+09	5.966044e+11	9.253621e+12	8.584708e-06	1.575392e-10	4.468384e-16	0.5003359	0.5	0.3731743	1	106.8104	13.28241	10569.8	1.117189e+26	1.827432e+28	5.151575e+27	6.741065e+25	3.118866e+27	1.203261e+27	5.325573e+26	2.294797e+26	0.2188657	0	0.01354838	0.03560219	0.03560219	0.001424136	0.02670164	0	0	-0.02361713	0	1.237628e-15	0	1.237628e-15	0	-468.8573	0	-468.8573	0	30510.17	77194.93	513.947	8548.63	1.10606	1	0	0.4523979	1	2	0	0	
25200	1760.328	3.45e+19	0	0	100000	1.976425	1.140862e-05	7.323826e+26	5.37556e+25	1.390491e+25	3.985069e+25	2.707817e+26	4.078453e+26	5.320728e+25	3.905321e+24	1.010186e+24	2.895135e+24	1.967217e+25	2.962978e+25	0.5568746	5.320728e+26	3.905321e+25	1.010186e+25	2.895135e+25	1.940246e+26	2.920939e+26	6.901071e+24	0	0	0	0	0	0	0	0	0	0	0	0	0	0	6.85435e+26	9.756905e+19	6.854349e+26	3.098542e+26	4.856156e+21	3.098493e+26	1.658815e+26	1.6707e+14	1.658815e+26	6.197083e+26	3.149166e+14	6.197083e+26	1.846606e+26	1.365404e+15	1.846606e+26	5.915398e+26	3.220155e+21	5.915365e+26	2.145475e+23	1.486325e-09	0.002950896	3.17144e+09	5.985517e+11	9.271472e+12	8.590803e-06	1.577629e-10	4.477908e-16	0.5003357	0.5	0.3734391	1	106.9292	13.29719	10569.8	1.117189e+26	1.827432e+28	5.151575e+27	6.741065e+25	3.118866e+27	1.203261e+27	5.325573e+26	2.294797e+26	0.2188657	0	0.01355164	0.03560219	0.03560219	0.001424136	0.02670164	0	0	-0.023575	0	1.245858e-15	0	1.245858e-15	0	-468.7603	0	-468.7603	0	30509.52	77194.93	514.5187	8548.448	1.10606	1	0	0.4523979	1	2	0	0	
