Time (h)	Temperature (K)	Fission rate (fiss / m3 s)	Hydrostatic stress (MPa)	Steam pressure (atm)	System pressure (Pa)	O/M ratio (/)	BA2 (gas, at grain boundary) (g/m3)	BA2O (gas, at grain boundary) (g/m3)	BA2O2 (gas, at grain boundary) (g/m3)	BAMOO4 (gas, at grain boundary) (g/m3)	BAO (gas, at grain boundary) (g/m3)	CS (gas, at grain boundary) (g/m3)	CS2 (gas, at grain boundary) (g/m3)	CS2MOO4 (gas, at grain boundary) (g/m3)	CS2O (gas, at grain boundary) (g/m3)	CS2O2 (gas, at grain boundary) (g/m3)	CSO (gas, at grain boundary) (g/m3)	HE (gas, at grain boundary) (g/m3)	MO (gas, at grain boundary) (g/m3)	MO2 (gas, at grain boundary) (g/m3)	MO2O6 (gas, at grain boundary) (g/m3)	MO3O9 (gas, at grain boundary) (g/m3)	MO4O12 (gas, at grain boundary) (g/m3)	MO5O15 (gas, at grain boundary) (g/m3)	MOO (gas, at grain boundary) (g/m3)	MOO2 (gas, at grain boundary) (g/m3)	MOO3 (gas, at grain boundary) (g/m3)	O (gas, at grain boundary) (g/m3)	O2 (gas, at grain boundary) (g/m3)	O3 (gas, at grain boundary) (g/m3)	PD (gas, at grain boundary) (g/m3)	RH (gas, at grain boundary) (g/m3)	RU (gas, at grain boundary) (g/m3)	TC (gas, at grain boundary) (g/m3)	LIQUID (liquid, at grain boundary) (g/m3)	BA2MOO5 (condensed, at grain boundary) (g/m3)	BA3MOO6 (condensed, at grain boundary) (g/m3)	BAMO207 (condensed, at grain boundary) (g/m3)	BAMO3O10 (condensed, at grain boundary) (g/m3)	BAMOO4 (condensed, at grain boundary) (g/m3)	C1_MO2 (condensed, at grain boundary) (g/m3)	CS2MO2O7_S1 (condensed, at grain boundary) (g/m3)	CS2MO2O7_S2 (condensed, at grain boundary) (g/m3)	CS2MO3O10 (condensed, at grain boundary) (g/m3)	CS2MO4O13 (condensed, at grain boundary) (g/m3)	CS2MO5O16 (condensed, at grain boundary) (g/m3)	CS2MO7O22 (condensed, at grain boundary) (g/m3)	CS2MOO4_S1 (condensed, at grain boundary) (g/m3)	CS2MOO4_S2 (condensed, at grain boundary) (g/m3)	CS2O1 (condensed, at grain boundary) (g/m3)	CS2O2 (condensed, at grain boundary) (g/m3)	CS3O (condensed, at grain boundary) (g/m3)	CS4O (condensed, at grain boundary) (g/m3)	CS7O1 (condensed, at grain boundary) (g/m3)	CS7O2 (condensed, at grain boundary) (g/m3)	CSO2 (condensed, at grain boundary) (g/m3)	CSO3 (condensed, at grain boundary) (g/m3)	HALITE (condensed, at grain boundary) (g/m3)	MO2_C11A (condensed, at grain boundary) (g/m3)	MO4O11 (condensed, at grain boundary) (g/m3)	MO8O23 (condensed, at grain boundary) (g/m3)	MO9O26 (condensed, at grain boundary) (g/m3)	MOO2 (condensed, at grain boundary) (g/m3)	MOO3 (condensed, at grain boundary) (g/m3)	PERVSKITE (condensed, at grain boundary) (g/m3)	ZRO2_TETR (condensed, at grain boundary) (g/m3)	A15_CR3SI (condensed, at grain boundary) (g/m3)	BCC_A2 (condensed, at grain boundary) (g/m3)	C14_LAVES (condensed, at grain boundary) (g/m3)	C15_LAVES (condensed, at grain boundary) (g/m3)	DIAMOND_A4 (condensed, at grain boundary) (g/m3)	DIS_SIG (condensed, at grain boundary) (g/m3)	FCC_A1 (condensed, at grain boundary) (g/m3)	HCP_A3 (condensed, at grain boundary) (g/m3)	HCP_DIS (condensed, at grain boundary) (g/m3)	MC_ETA (condensed, at grain boundary) (g/m3)	MO3TE4 (condensed, at grain boundary) (g/m3)	MOPD2 (condensed, at grain boundary) (g/m3)	MOTE2_A (condensed, at grain boundary) (g/m3)	MOTE2_B (condensed, at grain boundary) (g/m3)	ORTHORHOMBIC_A20 (condensed, at grain boundary) (g/m3)	SIGMA (condensed, at grain boundary) (g/m3)	TETRAGONAL_U (condensed, at grain boundary) (g/m3)	O (gas, matrix) (g/m3)	O2 (gas, matrix) (g/m3)	C1_MO2 (condensed, matrix) (g/m3)	PU2O3 (condensed, matrix) (g/m3)	PUO152 (condensed, matrix) (g/m3)	PUO161 (condensed, matrix) (g/m3)	U3O8_S1 (condensed, matrix) (g/m3)	U3O8_S2 (condensed, matrix) (g/m3)	U3O8_S3 (condensed, matrix) (g/m3)	U3O8_S4 (condensed, matrix) (g/m3)	U4O9_S1 (condensed, matrix) (g/m3)	U4O9_S2 (condensed, matrix) (g/m3)	U4O9_S3 (condensed, matrix) (g/m3)	UO3 (condensed, matrix) (g/m3)	
0	1760.328	3.45e+19	0	0	100000	1.975	0	0	0	0	0	0	0	0	0	0	0	0	0	0	0	0	0	0	0	0	0	0	0	0	0	0	0	0	0	0	0	0	0	0	0	0	0	0	0	0	0	0	0	0	0	0	0	0	0	0	0	0	0	0	0	0	0	0	0	0	0	0	0	0	0	0	0	0	0	0	0	0	0	0	0	0	0	0	0	0	0	0	0	0	0	0	0	0	0	0	0	
28	1760.328	3.45e+19	0	0	100000	1.97469344	0	0	0	0	0	0	0	0	0	0	0	0	0	0	0	0	0	0	0	0	0	0	0	0	0	0	0	0	0	0	0	0	0	0	0	0	0	0	0	0	0	0	0	0	0	0	0	0	0	0	0	0	0	0	0	0	0	0	0	0	0	0	0	0	0	0	0	0	0	0	0	0	0	0	0	0	0	0	0	0	0	0	0	0	0	0	0	0	0	0	0	
56	1760.328	3.45e+19	0	0	100000	1.97438688	1.78e-11	1.583e-05	2.161e-06	1.677e-10	0.000434	29.95	0.253	2.607e-05	0.0005544	4.466e-12	2.473e-06	0	5.849e-06	1.889e-18	7.152e-23	9.731e-29	1.297e-28	1.622e-28	4.645e-12	6.636e-12	1.834e-13	8.17e-05	6.522e-14	1.657e-28	0.0003975	1.63e-10	3.692e-11	1.897e-11	0	0	0	0	0	0	0	0	0	0	0	0	0	0	0	0	0	0	0	0	0	0	0	175.3	0	0	0	0	0	0	0	0	0	0	0	0	0	0	0	839.5	0	0	0	0	0	0	0	0	0	0	0	0	0	0	0	0	0	0	0	0	0	0	0	
84	1760.328	3.45e+19	0	0	100000	1.97408032	2.401e-11	2.089e-05	2.788e-06	2.024e-10	0.0005601	38.65	0.3265	3.077e-05	0.0006996	5.511e-12	3.121e-06	0	6.904e-06	2.437e-18	8.072e-23	1.256e-28	1.674e-28	2.093e-28	5.862e-12	8.19e-12	2.214e-13	0.0001041	8.048e-14	2e-28	0.000513	2.103e-10	4.764e-11	2.448e-11	0	0	0	0	0	0	0	0	0	0	0	0	0	0	0	0	0	0	0	0	0	0	0	263	0	0	0	0	0	0	0	0	0	0	0	0	0	0	0	1259	0	0	0	0	0	0	0	0	0	0	0	0	0	0	0	0	0	0	0	0	0	0	0	
112	1760.328	3.45e+19	0	0	100000	1.97377376	3.046e-11	2.593e-05	3.384e-06	2.299e-10	0.0006798	46.91	0.3962	3.419e-05	0.0008306	6.4e-12	3.705e-06	0	7.671e-06	2.958e-18	8.582e-23	1.524e-28	2.032e-28	2.54e-28	6.959e-12	9.511e-12	2.514e-13	0.0001249	9.347e-14	2.272e-28	0.0006226	2.553e-10	5.782e-11	2.972e-11	0	0	0	0	0	0	0	0	0	0	0	0	0	0	0	0	0	0	0	0	0	0	0	350.6	0	0	0	0	0	0	0	0	0	0	0	0	0	0	0	1679	0	0	0	0	0	0	0	0	0	0	0	0	0	0	0	0	0	0	0	0	0	0	0	
140	1760.328	3.45e+19	0	0	100000	1.9734672	4.083e-11	3.4e-05	4.342e-06	2.763e-10	0.0008722	60.18	0.5084	4.019e-05	0.001043	7.861e-12	4.651e-06	0	9.018e-06	3.795e-18	9.658e-23	1.955e-28	2.607e-28	3.259e-28	8.735e-12	1.168e-11	3.021e-13	0.0001584	1.148e-13	2.73e-28	0.0007988	3.275e-10	7.419e-11	3.813e-11	0	0	0	0	0	0	0	0	0	0	0	0	0	0	0	0	0	0	0	0	0	0	0	438.3	0	0	0	0	0	0	0	0	0	0	0	0	0	0	0	2099	0	0	0	0	0	0	0	0	0	0	0	0	0	0	0	0	0	0	0	0	0	0	0	
168	1760.328	3.45e+19	0	0	100000	1.97316064	5.245e-11	4.274e-05	5.341e-06	3.185e-10	0.001073	74.03	0.6254	4.534e-05	0.001255	9.26e-12	5.599e-06	0	1.017e-05	4.669e-18	1.044e-22	2.406e-28	3.207e-28	4.009e-28	1.052e-11	1.376e-11	3.483e-13	0.0001927	1.352e-13	3.147e-28	0.0009826	4.029e-10	9.126e-11	4.69e-11	0	0	0	0	0	0	0	0	0	0	0	0	0	0	0	0	0	0	0	0	0	0	0	525.9	0	0	0	0	0	0	0	0	0	0	0	0	0	0	0	2519	0	0	0	0	0	0	0	0	0	0	0	0	0	0	0	0	0	0	0	0	0	0	0	
196	1760.328	3.45e+19	0	0	100000	1.97285408	6.241e-11	4.978e-05	6.09e-06	3.406e-10	0.001223	84.41	0.713	4.746e-05	0.001401	1.012e-11	6.249e-06	0	1.065e-05	5.323e-18	1.046e-22	2.743e-28	3.657e-28	4.571e-28	1.174e-11	1.503e-11	3.725e-13	0.0002174	1.477e-13	3.365e-28	0.00112	4.594e-10	1.041e-10	5.348e-11	0	0	0	0	0	0	0	0	0	0	0	0	0	0	0	0	0	0	0	0	0	0	0	613.6	0	0	0	0	0	0	0	0	0	0	0	0	0	0	0	2938	0	0	0	0	0	0	0	0	0	0	0	0	0	0	0	0	0	0	0	0	0	0	0	
224	1760.328	3.45e+19	0	0	100000	1.97254752	7.12e-11	5.56e-05	6.659e-06	3.495e-10	0.001338	92.3	0.7797	4.768e-05	0.0015	1.06e-11	6.69e-06	0	1.07e-05	5.821e-18	1.008e-22	2.999e-28	3.999e-28	4.998e-28	1.256e-11	1.576e-11	3.822e-13	0.0002354	1.548e-13	3.453e-28	0.001225	5.023e-10	1.138e-10	5.848e-11	0	0	0	0	0	0	0	0	0	0	0	0	0	0	0	0	0	0	0	0	0	0	0	701.2	0	0	0	0	0	0	0	0	0	0	0	0	0	0	0	3358	0	0	0	0	0	0	0	0	0	0	0	0	0	0	0	0	0	0	0	0	0	0	0	
252	1760.328	3.45e+19	0	0	100000	1.97224096	8.185e-11	6.259e-05	7.341e-06	3.618e-10	0.001475	101.7	0.8595	4.833e-05	0.001619	1.121e-11	7.222e-06	0	1.084e-05	6.416e-18	9.794e-23	3.306e-28	4.408e-28	5.51e-28	1.356e-11	1.666e-11	3.956e-13	0.0002569	1.637e-13	3.574e-28	0.00135	5.537e-10	1.254e-10	6.446e-11	0	0	0	0	0	0	0	0	0	0	0	0	0	0	0	0	0	0	0	0	0	0	0	788.9	0	0	0	0	0	0	0	0	0	0	0	0	0	0	0	3778	0	0	0	0	0	0	0	0	0	0	0	0	0	0	0	0	0	0	0	0	0	0	0	
280	1760.328	3.45e+19	0	0	100000	1.9719344	9.491e-11	7.108e-05	8.166e-06	3.781e-10	0.00164	113.2	0.9561	4.947e-05	0.001764	1.196e-11	7.868e-06	0	1.11e-05	7.137e-18	9.619e-23	3.678e-28	4.903e-28	6.129e-28	1.478e-11	1.777e-11	4.135e-13	0.0002831	1.747e-13	3.736e-28	0.001502	6.16e-10	1.395e-10	7.17e-11	0	0	0	0	0	0	0	0	0	0	0	0	0	0	0	0	0	0	0	0	0	0	0	876.6	0	0	0	0	0	0	0	0	0	0	0	0	0	0	0	4198	0	0	0	0	0	0	0	0	0	0	0	0	0	0	0	0	0	0	0	0	0	0	0	
308	1760.328	3.45e+19	0	0	100000	1.97162784	1.106e-10	8.115e-05	9.133e-06	3.976e-10	0.001835	126.6	1.069	5.097e-05	0.001932	1.284e-11	8.621e-06	0	1.144e-05	7.983e-18	9.51e-23	4.113e-28	5.484e-28	6.855e-28	1.619e-11	1.908e-11	4.348e-13	0.0003138	1.875e-13	3.928e-28	0.00168	6.889e-10	1.561e-10	8.02e-11	0	0	0	0	0	0	0	0	0	0	0	0	0	0	0	0	0	0	0	0	0	0	0	964.2	0	0	0	0	0	0	0	0	0	0	0	0	0	0	0	4617	0	0	0	0	0	0	0	0	0	0	0	0	0	0	0	0	0	0	0	0	0	0	0	
336	1760.328	3.45e+19	0	0	100000	1.97132128	1.291e-10	9.28e-05	1.023e-05	4.191e-10	0.002055	141.8	1.198	5.264e-05	0.002121	1.381e-11	9.464e-06	0	1.181e-05	8.944e-18	9.429e-23	4.608e-28	6.144e-28	7.681e-28	1.777e-11	2.052e-11	4.583e-13	0.0003485	2.017e-13	4.14e-28	0.001882	7.719e-10	1.748e-10	8.985e-11	0	0	0	0	0	0	0	0	0	0	0	0	0	0	0	0	0	0	0	0	0	0	0	1052	0	0	0	0	0	0	0	0	0	0	0	0	0	0	0	5037	0	0	0	0	0	0	0	0	0	0	0	0	0	0	0	0	0	0	0	0	0	0	0	
364	1760.328	3.45e+19	0	0	100000	1.97101472	1.503e-10	0.0001059	1.145e-05	4.413e-10	0.002299	158.6	1.34	5.431e-05	0.002326	1.484e-11	1.038e-05	0	1.219e-05	1e-17	9.345e-23	5.155e-28	6.873e-28	8.591e-28	1.948e-11	2.205e-11	4.826e-13	0.0003866	2.167e-13	4.359e-28	0.002106	8.634e-10	1.956e-10	1.005e-10	0	0	0	0	0	0	0	0	0	0	0	0	0	0	0	0	0	0	0	0	0	0	0	1140	0	0	0	0	0	0	0	0	0	0	0	0	0	0	0	5457	0	0	0	0	0	0	0	0	0	0	0	0	0	0	0	0	0	0	0	0	0	0	0	
392	1760.328	3.45e+19	0	0	100000	1.97070816	1.743e-10	0.0001204	1.275e-05	4.631e-10	0.002562	176.8	1.493	5.588e-05	0.00254	1.589e-11	1.133e-05	0	1.254e-05	1.115e-17	9.238e-23	5.744e-28	7.659e-28	9.574e-28	2.128e-11	2.361e-11	5.065e-13	0.0004273	2.32e-13	4.575e-28	0.002346	9.621e-10	2.179e-10	1.12e-10	0	0	0	0	0	0	0	0	0	0	0	0	0	0	0	0	0	0	0	0	0	0	0	1227	0	0	0	0	0	0	0	0	0	0	0	0	0	0	0	5877	0	0	0	0	0	0	0	0	0	0	0	0	0	0	0	0	0	0	0	0	0	0	0	
420	1760.328	3.45e+19	0	0	100000	1.9704016	2.012e-10	0.0001362	1.415e-05	4.841e-10	0.002842	196.1	1.656	5.726e-05	0.002762	1.694e-11	1.232e-05	0	1.285e-05	1.237e-17	9.1e-23	6.371e-28	8.495e-28	1.062e-27	2.314e-11	2.517e-11	5.294e-13	0.0004703	2.473e-13	4.782e-28	0.002603	1.067e-09	2.417e-10	1.242e-10	0	0	0	0	0	0	0	0	0	0	0	0	0	0	0	0	0	0	0	0	0	0	0	1315	0	0	0	0	0	0	0	0	0	0	0	0	0	0	0	6296	0	0	0	0	0	0	0	0	0	0	0	0	0	0	0	0	0	0	0	0	0	0	0	
448	1760.328	3.45e+19	0	0	100000	1.97009504	2.309e-10	0.0001533	1.561e-05	5.037e-10	0.003136	216.4	1.828	5.843e-05	0.002989	1.797e-11	1.334e-05	0	1.311e-05	1.365e-17	8.928e-23	7.031e-28	9.375e-28	1.172e-27	2.505e-11	2.671e-11	5.509e-13	0.000515	2.625e-13	4.976e-28	0.002872	1.178e-09	2.668e-10	1.371e-10	0	0	0	0	0	0	0	0	0	0	0	0	0	0	0	0	0	0	0	0	0	0	0	1402	0	0	0	0	0	0	0	0	0	0	0	0	0	0	0	6716	0	0	0	0	0	0	0	0	0	0	0	0	0	0	0	0	0	0	0	0	0	0	0	
476	1760.328	3.45e+19	0	0	100000	1.96978848	2.635e-10	0.0001716	1.714e-05	5.217e-10	0.003443	237.5	2.007	5.935e-05	0.003219	1.898e-11	1.436e-05	0	1.332e-05	1.498e-17	8.723e-23	7.719e-28	1.029e-27	1.286e-27	2.697e-11	2.82e-11	5.705e-13	0.0005613	2.771e-13	5.154e-28	0.003153	1.293e-09	2.928e-10	1.505e-10	0	0	0	0	0	0	0	0	0	0	0	0	0	0	0	0	0	0	0	0	0	0	0	1490	0	0	0	0	0	0	0	0	0	0	0	0	0	0	0	7136	0	0	0	0	0	0	0	0	0	0	0	0	0	0	0	0	0	0	0	0	0	0	0	
504	1760.328	3.45e+19	0	0	100000	1.96948192	2.992e-10	0.0001911	1.873e-05	5.381e-10	0.003762	259.6	2.193	6.005e-05	0.00345	1.995e-11	1.539e-05	0	1.347e-05	1.637e-17	8.493e-23	8.434e-28	1.125e-27	1.406e-27	2.89e-11	2.965e-11	5.884e-13	0.0006089	2.914e-13	5.316e-28	0.003445	1.413e-09	3.2e-10	1.644e-10	0	0	0	0	0	0	0	0	0	0	0	0	0	0	0	0	0	0	0	0	0	0	0	1578	0	0	0	0	0	0	0	0	0	0	0	0	0	0	0	7556	0	0	0	0	0	0	0	0	0	0	0	0	0	0	0	0	0	0	0	0	0	0	0	
532	1760.328	3.45e+19	0	0	100000	1.96917536	3.382e-10	0.000212	2.038e-05	5.529e-10	0.004093	282.4	2.386	6.054e-05	0.003683	2.09e-11	1.643e-05	0	1.358e-05	1.781e-17	8.242e-23	9.177e-28	1.224e-27	1.529e-27	3.086e-11	3.106e-11	6.046e-13	0.000658	3.052e-13	5.462e-28	0.003749	1.537e-09	3.482e-10	1.789e-10	0	0	0	0	0	0	0	0	0	0	0	0	0	0	0	0	0	0	0	0	0	0	0	1665	0	0	0	0	0	0	0	0	0	0	0	0	0	0	0	7976	0	0	0	0	0	0	0	0	0	0	0	0	0	0	0	0	0	0	0	0	0	0	0	
560	1760.328	3.45e+19	0	0	100000	1.9688688	3.807e-10	0.0002341	2.209e-05	5.663e-10	0.004436	306.1	2.586	6.084e-05	0.003917	2.181e-11	1.747e-05	0	1.365e-05	1.93e-17	7.976e-23	9.946e-28	1.326e-27	1.658e-27	3.282e-11	3.241e-11	6.193e-13	0.0007085	3.185e-13	5.594e-28	0.004063	1.666e-09	3.774e-10	1.939e-10	0	0	0	0	0	0	0	0	0	0	0	0	0	0	0	0	0	0	0	0	0	0	0	1753	0	0	0	0	0	0	0	0	0	0	0	0	0	0	0	8395	0	0	0	0	0	0	0	0	0	0	0	0	0	0	0	0	0	0	0	0	0	0	0	
588	1760.328	3.45e+19	0	0	100000	1.96856224	4.269e-10	0.0002577	2.385e-05	5.783e-10	0.004792	330.6	2.793	6.098e-05	0.004152	2.269e-11	1.852e-05	0	1.368e-05	2.085e-17	7.7e-23	1.074e-27	1.432e-27	1.791e-27	3.479e-11	3.372e-11	6.324e-13	0.0007603	3.314e-13	5.713e-28	0.004389	1.799e-09	4.076e-10	2.095e-10	0	0	0	0	0	0	0	0	0	0	0	0	0	0	0	0	0	0	0	0	0	0	0	1841	0	0	0	0	0	0	0	0	0	0	0	0	0	0	0	8815	0	0	0	0	0	0	0	0	0	0	0	0	0	0	0	0	0	0	0	0	0	0	0	
616	1760.328	3.45e+19	0	0	100000	1.96825568	4.77e-10	0.0002826	2.568e-05	5.889e-10	0.005159	356	3.007	6.095e-05	0.004388	2.354e-11	1.958e-05	0	1.368e-05	2.245e-17	7.417e-23	1.157e-27	1.542e-27	1.928e-27	3.677e-11	3.499e-11	6.439e-13	0.0008135	3.438e-13	5.817e-28	0.004725	1.937e-09	4.388e-10	2.255e-10	0	0	0	0	0	0	0	0	0	0	0	0	0	0	0	0	0	0	0	0	0	0	0	1928	0	0	0	0	0	0	0	0	0	0	0	0	0	0	0	9235	0	0	0	0	0	0	0	0	0	0	0	0	0	0	0	0	0	0	0	0	0	0	0	
644	1760.328	3.45e+19	0	0	100000	1.96794912	5.311e-10	0.000309	2.757e-05	5.982e-10	0.005538	382.1	3.228	6.079e-05	0.004624	2.436e-11	2.063e-05	0	1.364e-05	2.41e-17	7.129e-23	1.242e-27	1.655e-27	2.069e-27	3.875e-11	3.62e-11	6.541e-13	0.0008679	3.557e-13	5.909e-28	0.005072	2.079e-09	4.71e-10	2.421e-10	0	0	0	0	0	0	0	0	0	0	0	0	0	0	0	0	0	0	0	0	0	0	0	2016	0	0	0	0	0	0	0	0	0	0	0	0	0	0	0	9655	0	0	0	0	0	0	0	0	0	0	0	0	0	0	0	0	0	0	0	0	0	0	0	
672	1760.328	3.45e+19	0	0	100000	1.96764256	5.896e-10	0.0003368	2.951e-05	6.062e-10	0.005927	409	3.455	6.049e-05	0.004861	2.514e-11	2.168e-05	0	1.357e-05	2.579e-17	6.841e-23	1.329e-27	1.772e-27	2.215e-27	4.072e-11	3.736e-11	6.629e-13	0.0009236	3.671e-13	5.989e-28	0.005428	2.226e-09	5.042e-10	2.591e-10	0	0	0	0	0	0	0	0	0	0	0	0	0	0	0	0	0	0	0	0	0	0	0	2104	0	0	0	0	0	0	0	0	0	0	0	0	0	0	0	1.007e+04	0	0	0	0	0	0	0	0	0	0	0	0	0	0	0	0	0	0	0	0	0	0	0	
700	1760.328	3.45e+19	0	0	100000	1.967336	6.527e-10	0.0003661	3.15e-05	6.13e-10	0.006328	436.6	3.688	6.007e-05	0.005096	2.589e-11	2.274e-05	0	1.348e-05	2.753e-17	6.552e-23	1.419e-27	1.892e-27	2.365e-27	4.27e-11	3.847e-11	6.703e-13	0.0009804	3.78e-13	6.056e-28	0.005795	2.376e-09	5.383e-10	2.766e-10	0	0	0	0	0	0	0	0	0	0	0	0	0	0	0	0	0	0	0	0	0	0	0	2191	0	0	0	0	0	0	0	0	0	0	0	0	0	0	0	1.049e+04	0	0	0	0	0	0	0	0	0	0	0	0	0	0	0	0	0	0	0	0	0	0	0	
728	1760.328	3.45e+19	0	0	100000	1.96702944	7.204e-10	0.000397	3.355e-05	6.187e-10	0.006739	465	3.928	5.955e-05	0.005331	2.66e-11	2.378e-05	0	1.336e-05	2.932e-17	6.267e-23	1.511e-27	2.015e-27	2.518e-27	4.467e-11	3.953e-11	6.766e-13	0.001038	3.884e-13	6.112e-28	0.006172	2.531e-09	5.732e-10	2.946e-10	0	0	0	0	0	0	0	0	0	0	0	0	0	0	0	0	0	0	0	0	0	0	0	2279	0	0	0	0	0	0	0	0	0	0	0	0	0	0	0	1.091e+04	0	0	0	0	0	0	0	0	0	0	0	0	0	0	0	0	0	0	0	0	0	0	0	
756	1760.328	3.45e+19	0	0	100000	1.96672288	7.932e-10	0.0004294	3.565e-05	6.233e-10	0.007161	494.1	4.174	5.894e-05	0.005565	2.727e-11	2.483e-05	0	1.323e-05	3.116e-17	5.986e-23	1.605e-27	2.141e-27	2.676e-27	4.662e-11	4.053e-11	6.816e-13	0.001097	3.983e-13	6.157e-28	0.006558	2.689e-09	6.091e-10	3.13e-10	0	0	0	0	0	0	0	0	0	0	0	0	0	0	0	0	0	0	0	0	0	0	0	2367	0	0	0	0	0	0	0	0	0	0	0	0	0	0	0	1.133e+04	0	0	0	0	0	0	0	0	0	0	0	0	0	0	0	0	0	0	0	0	0	0	0	
784	1760.328	3.45e+19	0	0	100000	1.96641632	8.711e-10	0.0004633	3.78e-05	6.268e-10	0.007592	523.9	4.425	5.824e-05	0.005797	2.792e-11	2.586e-05	0	1.307e-05	3.304e-17	5.71e-23	1.702e-27	2.27e-27	2.837e-27	4.857e-11	4.149e-11	6.854e-13	0.001157	4.077e-13	6.192e-28	0.006953	2.851e-09	6.458e-10	3.319e-10	0	0	0	0	0	0	0	0	0	0	0	0	0	0	0	0	0	0	0	0	0	0	0	2454	0	0	0	0	0	0	0	0	0	0	0	0	0	0	0	1.175e+04	0	0	0	0	0	0	0	0	0	0	0	0	0	0	0	0	0	0	0	0	0	0	0	
812	1760.328	3.45e+19	0	0	100000	1.96610976	9.545e-10	0.0004989	3.999e-05	6.294e-10	0.008034	554.3	4.683	5.747e-05	0.006028	2.853e-11	2.689e-05	0	1.29e-05	3.496e-17	5.441e-23	1.801e-27	2.402e-27	3.002e-27	5.051e-11	4.239e-11	6.883e-13	0.001218	4.166e-13	6.218e-28	0.007358	3.017e-09	6.834e-10	3.512e-10	0	0	0	0	0	0	0	0	0	0	0	0	0	0	0	0	0	0	0	0	0	0	0	2542	0	0	0	0	0	0	0	0	0	0	0	0	0	0	0	1.217e+04	0	0	0	0	0	0	0	0	0	0	0	0	0	0	0	0	0	0	0	0	0	0	0	
840	1760.328	3.45e+19	0	0	100000	1.9658032	1.044e-09	0.0005361	4.224e-05	6.311e-10	0.008485	585.4	4.946	5.663e-05	0.006257	2.91e-11	2.791e-05	0	1.271e-05	3.692e-17	5.179e-23	1.902e-27	2.536e-27	3.17e-27	5.243e-11	4.325e-11	6.901e-13	0.001281	4.25e-13	6.234e-28	0.007771	3.186e-09	7.217e-10	3.709e-10	0	0	0	0	0	0	0	0	0	0	0	0	0	0	0	0	0	0	0	0	0	0	0	2630	0	0	0	0	0	0	0	0	0	0	0	0	0	0	0	1.259e+04	0	0	0	0	0	0	0	0	0	0	0	0	0	0	0	0	0	0	0	0	0	0	0	
868	1760.328	3.45e+19	0	0	100000	1.96549664	1.139e-09	0.000575	4.453e-05	6.319e-10	0.008945	617.2	5.214	5.574e-05	0.006484	2.964e-11	2.893e-05	0	1.251e-05	3.892e-17	4.926e-23	2.006e-27	2.674e-27	3.343e-27	5.433e-11	4.405e-11	6.91e-13	0.001344	4.329e-13	6.243e-28	0.008192	3.359e-09	7.609e-10	3.91e-10	0	0	0	0	0	0	0	0	0	0	0	0	0	0	0	0	0	0	0	0	0	0	0	2717	0	0	0	0	0	0	0	0	0	0	0	0	0	0	0	1.301e+04	0	0	0	0	0	0	0	0	0	0	0	0	0	0	0	0	0	0	0	0	0	0	0	
896	1760.328	3.45e+19	0	0	100000	1.96519008	1.24e-09	0.0006156	4.687e-05	6.319e-10	0.009415	649.6	5.488	5.48e-05	0.006709	3.016e-11	2.993e-05	0	1.23e-05	4.097e-17	4.68e-23	2.111e-27	2.814e-27	3.518e-27	5.622e-11	4.481e-11	6.911e-13	0.001408	4.404e-13	6.243e-28	0.008622	3.536e-09	8.008e-10	4.116e-10	0	0	0	0	0	0	0	0	0	0	0	0	0	0	0	0	0	0	0	0	0	0	0	2805	0	0	0	0	0	0	0	0	0	0	0	0	0	0	0	1.343e+04	0	0	0	0	0	0	0	0	0	0	0	0	0	0	0	0	0	0	0	0	0	0	0	
924	1760.328	3.45e+19	0	0	100000	1.96488352	1.348e-09	0.0006579	4.925e-05	6.312e-10	0.009893	682.6	5.767	5.382e-05	0.006932	3.064e-11	3.093e-05	0	1.208e-05	4.305e-17	4.444e-23	2.218e-27	2.958e-27	3.697e-27	5.808e-11	4.553e-11	6.903e-13	0.001472	4.474e-13	6.236e-28	0.009061	3.715e-09	8.416e-10	4.325e-10	0	0	0	0	0	0	0	0	0	0	0	0	0	0	0	0	0	0	0	0	0	0	0	2893	0	0	0	0	0	0	0	0	0	0	0	0	0	0	0	1.385e+04	0	0	0	0	0	0	0	0	0	0	0	0	0	0	0	0	0	0	0	0	0	0	0	
952	1760.328	3.45e+19	0	0	100000	1.96457696	1.463e-09	0.000702	5.168e-05	6.299e-10	0.01038	716.3	6.051	5.281e-05	0.007153	3.109e-11	3.191e-05	0	1.185e-05	4.517e-17	4.217e-23	2.327e-27	3.103e-27	3.879e-27	5.993e-11	4.62e-11	6.888e-13	0.001538	4.54e-13	6.222e-28	0.009508	3.898e-09	8.83e-10	4.538e-10	0	0	0	0	0	0	0	0	0	0	0	0	0	0	0	0	0	0	0	0	0	0	0	2980	0	0	0	0	0	0	0	0	0	0	0	0	0	0	0	1.427e+04	0	0	0	0	0	0	0	0	0	0	0	0	0	0	0	0	0	0	0	0	0	0	0	
980	1760.328	3.45e+19	0	0	100000	1.9642704	1.584e-09	0.0007479	5.415e-05	6.279e-10	0.01088	750.5	6.34	5.177e-05	0.007371	3.151e-11	3.289e-05	0	1.162e-05	4.733e-17	3.999e-23	2.439e-27	3.252e-27	4.065e-27	6.176e-11	4.682e-11	6.866e-13	0.001605	4.601e-13	6.203e-28	0.009962	4.085e-09	9.253e-10	4.755e-10	0	0	0	0	0	0	0	0	0	0	0	0	0	0	0	0	0	0	0	0	0	0	0	3068	0	0	0	0	0	0	0	0	0	0	0	0	0	0	0	1.469e+04	0	0	0	0	0	0	0	0	0	0	0	0	0	0	0	0	0	0	0	0	0	0	0	
1008	1760.328	3.45e+19	0	0	100000	1.96396384	1.714e-09	0.0007957	5.666e-05	6.253e-10	0.01138	785.4	6.635	5.072e-05	0.007587	3.19e-11	3.385e-05	0	1.138e-05	4.953e-17	3.79e-23	2.552e-27	3.403e-27	4.253e-27	6.357e-11	4.74e-11	6.837e-13	0.001672	4.658e-13	6.177e-28	0.01042	4.274e-09	9.682e-10	4.976e-10	0	0	0	0	0	0	0	0	0	0	0	0	0	0	0	0	0	0	0	0	0	0	0	3156	0	0	0	0	0	0	0	0	0	0	0	0	0	0	0	1.511e+04	0	0	0	0	0	0	0	0	0	0	0	0	0	0	0	0	0	0	0	0	0	0	0	
1036	1760.328	3.45e+19	0	0	100000	1.96365728	1.85e-09	0.0008453	5.922e-05	6.221e-10	0.0119	820.8	6.934	4.964e-05	0.007801	3.226e-11	3.48e-05	0	1.114e-05	5.176e-17	3.59e-23	2.667e-27	3.556e-27	4.445e-27	6.536e-11	4.795e-11	6.803e-13	0.001741	4.712e-13	6.146e-28	0.01089	4.467e-09	1.012e-09	5.2e-10	0	0	0	0	0	0	0	0	0	0	0	0	0	0	0	0	0	0	0	0	0	0	0	3243	0	0	0	0	0	0	0	0	0	0	0	0	0	0	0	1.553e+04	0	0	0	0	0	0	0	0	0	0	0	0	0	0	0	0	0	0	0	0	0	0	0	
1064	1760.328	3.45e+19	0	0	100000	1.96335072	1.995e-09	0.0008968	6.182e-05	6.185e-10	0.01242	856.8	7.238	4.856e-05	0.008011	3.26e-11	3.574e-05	0	1.09e-05	5.403e-17	3.4e-23	2.784e-27	3.712e-27	4.64e-27	6.713e-11	4.845e-11	6.764e-13	0.00181	4.761e-13	6.11e-28	0.01137	4.663e-09	1.056e-09	5.428e-10	0	0	0	0	0	0	0	0	0	0	0	0	0	0	0	0	0	0	0	0	0	0	0	3331	0	0	0	0	0	0	0	0	0	0	0	0	0	0	0	1.595e+04	0	0	0	0	0	0	0	0	0	0	0	0	0	0	0	0	0	0	0	0	0	0	0	
1092	1760.328	3.45e+19	0	0	100000	1.96304416	2.149e-09	0.0009502	6.445e-05	6.145e-10	0.01295	893.3	7.547	4.747e-05	0.00822	3.291e-11	3.667e-05	0	1.065e-05	5.634e-17	3.218e-23	2.903e-27	3.87e-27	4.838e-27	6.887e-11	4.891e-11	6.719e-13	0.00188	4.807e-13	6.07e-28	0.01186	4.862e-09	1.101e-09	5.66e-10	0	0	0	0	0	0	0	0	0	0	0	0	0	0	0	0	0	0	0	0	0	0	0	3418	0	0	0	0	0	0	0	0	0	0	0	0	0	0	0	1.637e+04	0	0	0	0	0	0	0	0	0	0	0	0	0	0	0	0	0	0	0	0	0	0	0	
1120	1760.328	3.45e+19	0	0	100000	1.9627376	2.311e-09	0.001006	6.713e-05	6.1e-10	0.01348	930.4	7.86	4.638e-05	0.008425	3.32e-11	3.759e-05	0	1.041e-05	5.868e-17	3.045e-23	3.023e-27	4.031e-27	5.039e-27	7.059e-11	4.934e-11	6.671e-13	0.001951	4.849e-13	6.026e-28	0.01235	5.064e-09	1.147e-09	5.895e-10	0	0	0	0	0	0	0	0	0	0	0	0	0	0	0	0	0	0	0	0	0	0	0	3506	0	0	0	0	0	0	0	0	0	0	0	0	0	0	0	1.679e+04	0	0	0	0	0	0	0	0	0	0	0	0	0	0	0	0	0	0	0	0	0	0	0	
1148	1760.328	3.45e+19	0	0	100000	1.96243104	2.482e-09	0.001063	6.985e-05	6.052e-10	0.01403	968.1	8.178	4.528e-05	0.008628	3.346e-11	3.849e-05	0	1.016e-05	6.105e-17	2.88e-23	3.146e-27	4.194e-27	5.243e-27	7.229e-11	4.973e-11	6.618e-13	0.002022	4.887e-13	5.978e-28	0.01285	5.269e-09	1.193e-09	6.134e-10	0	0	0	0	0	0	0	0	0	0	0	0	0	0	0	0	0	0	0	0	0	0	0	3594	0	0	0	0	0	0	0	0	0	0	0	0	0	0	0	1.721e+04	0	0	0	0	0	0	0	0	0	0	0	0	0	0	0	0	0	0	0	0	0	0	0	
1176	1760.328	3.45e+19	0	0	100000	1.96212448	2.662e-09	0.001123	7.26e-05	6e-10	0.01458	1006	8.501	4.419e-05	0.008828	3.371e-11	3.939e-05	0	9.917e-06	6.346e-17	2.724e-23	3.27e-27	4.36e-27	5.45e-27	7.397e-11	5.009e-11	6.561e-13	0.002094	4.922e-13	5.927e-28	0.01336	5.477e-09	1.241e-09	6.375e-10	0	0	0	0	0	0	0	0	0	0	0	0	0	0	0	0	0	0	0	0	0	0	0	3681	0	0	0	0	0	0	0	0	0	0	0	0	0	0	0	1.763e+04	0	0	0	0	0	0	0	0	0	0	0	0	0	0	0	0	0	0	0	0	0	0	0	
1204	1760.328	3.45e+19	0	0	100000	1.96181792	2.853e-09	0.001184	7.54e-05	5.945e-10	0.01515	1045	8.828	4.311e-05	0.009026	3.392e-11	4.027e-05	0	9.674e-06	6.59e-17	2.575e-23	3.396e-27	4.528e-27	5.659e-27	7.562e-11	5.041e-11	6.501e-13	0.002167	4.954e-13	5.873e-28	0.01387	5.688e-09	1.288e-09	6.621e-10	0	0	0	0	0	0	0	0	0	0	0	0	0	0	0	0	0	0	0	0	0	0	0	3769	0	0	0	0	0	0	0	0	0	0	0	0	0	0	0	1.805e+04	0	0	0	0	0	0	0	0	0	0	0	0	0	0	0	0	0	0	0	0	0	0	0	
1232	1760.328	3.45e+19	0	0	100000	1.96151136	3.053e-09	0.001248	7.823e-05	5.888e-10	0.01571	1084	9.159	4.204e-05	0.00922	3.412e-11	4.113e-05	0	9.433e-06	6.838e-17	2.434e-23	3.523e-27	4.698e-27	5.872e-27	7.725e-11	5.071e-11	6.438e-13	0.002241	4.983e-13	5.816e-28	0.01439	5.901e-09	1.337e-09	6.869e-10	0	0	0	0	0	0	0	0	0	0	0	0	0	0	0	0	0	0	0	0	0	0	0	3857	0	0	0	0	0	0	0	0	0	0	0	0	0	0	0	1.847e+04	0	0	0	0	0	0	0	0	0	0	0	0	0	0	0	0	0	0	0	0	0	0	0	
1260	1760.328	3.45e+19	0	0	100000	1.9612048	3.264e-09	0.001314	8.11e-05	5.828e-10	0.01629	1124	9.495	4.097e-05	0.009412	3.43e-11	4.199e-05	0	9.194e-06	7.088e-17	2.3e-23	3.652e-27	4.87e-27	6.087e-27	7.886e-11	5.097e-11	6.373e-13	0.002316	5.009e-13	5.757e-28	0.01492	6.117e-09	1.386e-09	7.121e-10	0	0	0	0	0	0	0	0	0	0	0	0	0	0	0	0	0	0	0	0	0	0	0	3944	0	0	0	0	0	0	0	0	0	0	0	0	0	0	0	1.889e+04	0	0	0	0	0	0	0	0	0	0	0	0	0	0	0	0	0	0	0	0	0	0	0	
1288	1760.328	3.45e+19	0	0	100000	1.96089824	3.486e-09	0.001382	8.4e-05	5.765e-10	0.01687	1164	9.835	3.992e-05	0.009601	3.446e-11	4.283e-05	0	8.958e-06	7.342e-17	2.174e-23	3.783e-27	5.044e-27	6.305e-27	8.045e-11	5.121e-11	6.305e-13	0.002391	5.032e-13	5.696e-28	0.01545	6.336e-09	1.435e-09	7.376e-10	0	0	0	0	0	0	0	0	0	0	0	0	0	0	0	0	0	0	0	0	0	0	0	4032	0	0	0	0	0	0	0	0	0	0	0	0	0	0	0	1.931e+04	0	0	0	0	0	0	0	0	0	0	0	0	0	0	0	0	0	0	0	0	0	0	0	
1316	1760.328	3.45e+19	0	0	100000	1.96059168	3.72e-09	0.001452	8.694e-05	5.701e-10	0.01746	1205	10.18	3.888e-05	0.009787	3.459e-11	4.366e-05	0	8.725e-06	7.599e-17	2.054e-23	3.916e-27	5.221e-27	6.526e-27	8.201e-11	5.141e-11	6.235e-13	0.002467	5.052e-13	5.632e-28	0.01599	6.558e-09	1.486e-09	7.634e-10	0	0	0	0	0	0	0	0	0	0	0	0	0	0	0	0	0	0	0	0	0	0	0	4120	0	0	0	0	0	0	0	0	0	0	0	0	0	0	0	1.973e+04	0	0	0	0	0	0	0	0	0	0	0	0	0	0	0	0	0	0	0	0	0	0	0	
1344	1760.328	3.45e+19	0	0	100000	1.96028512	3.965e-09	0.001525	8.992e-05	5.636e-10	0.01806	1246	10.53	3.786e-05	0.009971	3.472e-11	4.448e-05	0	8.495e-06	7.859e-17	1.94e-23	4.05e-27	5.399e-27	6.749e-27	8.354e-11	5.159e-11	6.163e-13	0.002544	5.07e-13	5.567e-28	0.01654	6.783e-09	1.536e-09	7.896e-10	0	0	0	0	0	0	0	0	0	0	0	0	0	0	0	0	0	0	0	0	0	0	0	4207	0	0	0	0	0	0	0	0	0	0	0	0	0	0	0	2.015e+04	0	0	0	0	0	0	0	0	0	0	0	0	0	0	0	0	0	0	0	0	0	0	0	
1372	1760.328	3.45e+19	0	0	100000	1.95997856	4.222e-09	0.001599	9.293e-05	5.568e-10	0.01867	1288	10.88	3.685e-05	0.01015	3.482e-11	4.529e-05	0	8.269e-06	8.122e-17	1.833e-23	4.185e-27	5.58e-27	6.975e-27	8.506e-11	5.174e-11	6.089e-13	0.002621	5.085e-13	5.501e-28	0.0171	7.01e-09	1.588e-09	8.16e-10	0	0	0	0	0	0	0	0	0	0	0	0	0	0	0	0	0	0	0	0	0	0	0	4295	0	0	0	0	0	0	0	0	0	0	0	0	0	0	0	2.057e+04	0	0	0	0	0	0	0	0	0	0	0	0	0	0	0	0	0	0	0	0	0	0	0	
1400	1760.328	3.45e+19	0	0	100000	1.959672	4.492e-09	0.001677	9.597e-05	5.5e-10	0.01928	1330	11.24	3.586e-05	0.01033	3.491e-11	4.608e-05	0	8.046e-06	8.389e-17	1.731e-23	4.322e-27	5.763e-27	7.204e-27	8.655e-11	5.187e-11	6.014e-13	0.002699	5.097e-13	5.433e-28	0.01766	7.239e-09	1.64e-09	8.427e-10	0	0	0	0	0	0	0	0	0	0	0	0	0	0	0	0	0	0	0	0	0	0	0	4383	0	0	0	0	0	0	0	0	0	0	0	0	0	0	0	2.099e+04	0	0	0	0	0	0	0	0	0	0	0	0	0	0	0	0	0	0	0	0	0	0	0	
1428	1760.328	3.45e+19	0	0	100000	1.95936544	4.775e-09	0.001756	9.905e-05	5.43e-10	0.0199	1373	11.6	3.488e-05	0.0105	3.498e-11	4.686e-05	0	7.828e-06	8.658e-17	1.635e-23	4.461e-27	5.948e-27	7.435e-27	8.801e-11	5.198e-11	5.938e-13	0.002778	5.108e-13	5.364e-28	0.01822	7.472e-09	1.692e-09	8.698e-10	0	0	0	0	0	0	0	0	0	0	0	0	0	0	0	0	0	0	0	0	0	0	0	4470	0	0	0	0	0	0	0	0	0	0	0	0	0	0	0	2.141e+04	0	0	0	0	0	0	0	0	0	0	0	0	0	0	0	0	0	0	0	0	0	0	0	
1456	1760.328	3.45e+19	0	0	100000	1.95905888	5.072e-09	0.001838	0.0001022	5.36e-10	0.02052	1416	11.96	3.393e-05	0.01068	3.503e-11	4.763e-05	0	7.614e-06	8.93e-17	1.544e-23	4.601e-27	6.135e-27	7.668e-27	8.945e-11	5.206e-11	5.861e-13	0.002857	5.116e-13	5.295e-28	0.01879	7.706e-09	1.746e-09	8.971e-10	0	0	0	0	0	0	0	0	0	0	0	0	0	0	0	0	0	0	0	0	0	0	0	4558	0	0	0	0	0	0	0	0	0	0	0	0	0	0	0	2.183e+04	0	0	0	0	0	0	0	0	0	0	0	0	0	0	0	0	0	0	0	0	0	0	0	
1484	1760.328	3.45e+19	0	0	100000	1.95875232	5.382e-09	0.001922	0.0001053	5.288e-10	0.02115	1460	12.33	3.299e-05	0.01085	3.507e-11	4.839e-05	0	7.404e-06	9.205e-17	1.459e-23	4.743e-27	6.323e-27	7.904e-27	9.087e-11	5.212e-11	5.783e-13	0.002937	5.122e-13	5.271e-28	0.01937	7.944e-09	1.799e-09	9.247e-10	0	0	0	0	0	0	0	0	0	0	0	0	0	0	0	0	0	0	0	0	0	0	0	4646	0	0	0	0	0	0	0	0	0	0	0	0	0	0	0	2.225e+04	0	0	0	0	0	0	0	0	0	0	0	0	0	0	0	0	0	0	0	0	0	0	0	
1512	1760.328	3.45e+19	0	0	100000	1.95844576	5.708e-09	0.002009	0.0001085	5.216e-10	0.02179	1504	12.7	3.208e-05	0.01101	3.51e-11	4.913e-05	0	7.198e-06	9.482e-17	1.378e-23	4.886e-27	6.514e-27	8.143e-27	9.227e-11	5.216e-11	5.704e-13	0.003018	5.126e-13	5.43e-28	0.01996	8.183e-09	1.854e-09	9.526e-10	0	0	0	0	0	0	0	0	0	0	0	0	0	0	0	0	0	0	0	0	0	0	0	4733	0	0	0	0	0	0	0	0	0	0	0	0	0	0	0	2.267e+04	0	0	0	0	0	0	0	0	0	0	0	0	0	0	0	0	0	0	0	0	0	0	0	
1540	1760.328	3.45e+19	0	0	100000	1.9581392	6.048e-09	0.002099	0.0001117	5.144e-10	0.02244	1548	13.08	3.118e-05	0.01118	3.511e-11	4.986e-05	0	6.997e-06	9.763e-17	1.301e-23	5.03e-27	6.707e-27	8.384e-27	9.364e-11	5.218e-11	5.625e-13	0.0031	5.128e-13	5.591e-28	0.02055	8.425e-09	1.908e-09	9.808e-10	0	0	0	0	0	0	0	0	0	0	0	0	0	0	0	0	0	0	0	0	0	0	0	4821	0	0	0	0	0	0	0	0	0	0	0	0	0	0	0	2.309e+04	0	0	0	0	0	0	0	0	0	0	0	0	0	0	0	0	0	0	0	0	0	0	0	
1568	1760.328	3.45e+19	0	0	100000	1.95783264	6.404e-09	0.002191	0.0001149	5.071e-10	0.02309	1593	13.46	3.03e-05	0.01134	3.512e-11	5.058e-05	0	6.8e-06	1.005e-16	1.229e-23	5.176e-27	6.901e-27	8.627e-27	9.499e-11	5.219e-11	5.546e-13	0.003182	5.128e-13	5.753e-28	0.02114	8.67e-09	1.964e-09	1.009e-09	0	0	0	0	0	0	0	0	0	0	0	0	0	0	0	0	0	0	0	0	0	0	0	4909	0	0	0	0	0	0	0	0	0	0	0	0	0	0	0	2.351e+04	0	0	0	0	0	0	0	0	0	0	0	0	0	0	0	0	0	0	0	0	0	0	0	
1596	1760.328	3.45e+19	0	0	100000	1.95752608	6.775e-09	0.002285	0.0001182	4.998e-10	0.02374	1638	13.84	2.945e-05	0.0115	3.51e-11	5.129e-05	0	6.608e-06	1.033e-16	1.161e-23	5.323e-27	7.098e-27	8.872e-27	9.632e-11	5.217e-11	5.466e-13	0.003264	5.127e-13	5.917e-28	0.02175	8.916e-09	2.02e-09	1.038e-09	0	0	0	0	0	0	0	0	0	0	0	0	0	0	0	0	0	0	0	0	0	0	0	4996	0	0	0	0	0	0	0	0	0	0	0	0	0	0	0	2.393e+04	0	0	0	0	0	0	0	0	0	0	0	0	0	0	0	0	0	0	0	0	0	0	0	
1624	1760.328	3.45e+19	0	0	100000	1.95721952	7.164e-09	0.002382	0.0001215	4.925e-10	0.02441	1684	14.23	2.861e-05	0.01165	3.508e-11	5.198e-05	0	6.421e-06	1.062e-16	1.097e-23	5.472e-27	7.296e-27	9.12e-27	9.763e-11	5.214e-11	5.386e-13	0.003348	5.123e-13	6.082e-28	0.02235	9.165e-09	2.076e-09	1.067e-09	0	0	0	0	0	0	0	0	0	0	0	0	0	0	0	0	0	0	0	0	0	0	0	5084	0	0	0	0	0	0	0	0	0	0	0	0	0	0	0	2.435e+04	0	0	0	0	0	0	0	0	0	0	0	0	0	0	0	0	0	0	0	0	0	0	0	
1652	1760.328	3.45e+19	0	0	100000	1.95691296	7.569e-09	0.002482	0.0001248	4.852e-10	0.02508	1730	14.62	2.779e-05	0.0118	3.505e-11	5.266e-05	0	6.237e-06	1.091e-16	1.036e-23	5.622e-27	7.496e-27	9.37e-27	9.891e-11	5.209e-11	5.306e-13	0.003432	5.119e-13	6.249e-28	0.02297	9.417e-09	2.133e-09	1.096e-09	0	0	0	0	0	0	0	0	0	0	0	0	0	0	0	0	0	0	0	0	0	0	0	5171	0	0	0	0	0	0	0	0	0	0	0	0	0	0	0	2.477e+04	0	0	0	0	0	0	0	0	0	0	0	0	0	0	0	0	0	0	0	0	0	0	0	
1680	1760.328	3.45e+19	0	0	100000	1.9566064	7.992e-09	0.002585	0.0001282	4.779e-10	0.02575	1777	15.01	2.7e-05	0.01195	3.501e-11	5.334e-05	0	6.059e-06	1.121e-16	9.787e-24	5.774e-27	7.698e-27	9.623e-27	1.002e-10	5.202e-11	5.226e-13	0.003516	5.112e-13	6.417e-28	0.02358	9.67e-09	2.19e-09	1.126e-09	0	0	0	0	0	0	0	0	0	0	0	0	0	0	0	0	0	0	0	0	0	0	0	5259	0	0	0	0	0	0	0	0	0	0	0	0	0	0	0	2.519e+04	0	0	0	0	0	0	0	0	0	0	0	0	0	0	0	0	0	0	0	0	0	0	0	
1708	1760.328	3.45e+19	0	0	100000	1.95629984	8.433e-09	0.00269	0.0001316	4.706e-10	0.02643	1824	15.41	2.622e-05	0.0121	3.495e-11	5.399e-05	0	5.884e-06	1.15e-16	9.246e-24	5.926e-27	7.902e-27	9.877e-27	1.014e-10	5.194e-11	5.146e-13	0.003601	5.104e-13	6.587e-28	0.02421	9.926e-09	2.248e-09	1.155e-09	0	0	0	0	0	0	0	0	0	0	0	0	0	0	0	0	0	0	0	0	0	0	0	5347	0	0	0	0	0	0	0	0	0	0	0	0	0	0	0	2.561e+04	0	0	0	0	0	0	0	0	0	0	0	0	0	0	0	0	0	0	0	0	0	0	0	
1736	1760.328	3.45e+19	0	0	100000	1.95599328	8.894e-09	0.002798	0.000135	4.634e-10	0.02712	1871	15.81	2.546e-05	0.01225	3.489e-11	5.464e-05	0	5.715e-06	1.18e-16	8.736e-24	6.08e-27	8.107e-27	1.013e-26	1.026e-10	5.185e-11	5.067e-13	0.003687	5.095e-13	6.758e-28	0.02484	1.018e-08	2.307e-09	1.186e-09	0	0	0	0	0	0	0	0	0	0	0	0	0	0	0	0	0	0	0	0	0	0	0	5434	0	0	0	0	0	0	0	0	0	0	0	0	0	0	0	2.603e+04	0	0	0	0	0	0	0	0	0	0	0	0	0	0	0	0	0	0	0	0	0	0	0	
1764	1760.328	3.45e+19	0	0	100000	1.95568672	9.373e-09	0.002909	0.0001385	4.561e-10	0.02781	1919	16.21	2.473e-05	0.01239	3.482e-11	5.528e-05	0	5.549e-06	1.21e-16	8.255e-24	6.235e-27	8.314e-27	1.039e-26	1.038e-10	5.174e-11	4.988e-13	0.003774	5.084e-13	6.93e-28	0.02547	1.044e-08	2.366e-09	1.216e-09	0	0	0	0	0	0	0	0	0	0	0	0	0	0	0	0	0	0	0	0	0	0	0	5522	0	0	0	0	0	0	0	0	0	0	0	0	0	0	0	2.645e+04	0	0	0	0	0	0	0	0	0	0	0	0	0	0	0	0	0	0	0	0	0	0	0	
1792	1760.328	3.45e+19	0	0	100000	1.95538016	9.873e-09	0.003023	0.0001419	4.489e-10	0.02851	1967	16.62	2.401e-05	0.01253	3.473e-11	5.59e-05	0	5.388e-06	1.241e-16	7.8e-24	6.392e-27	8.523e-27	1.065e-26	1.05e-10	5.162e-11	4.909e-13	0.003861	5.073e-13	7.104e-28	0.02611	1.071e-08	2.425e-09	1.246e-09	0	0	0	0	0	0	0	0	0	0	0	0	0	0	0	0	0	0	0	0	0	0	0	5610	0	0	0	0	0	0	0	0	0	0	0	0	0	0	0	2.686e+04	0	0	0	0	0	0	0	0	0	0	0	0	0	0	0	0	0	0	0	0	0	0	0	
1820	1760.328	3.45e+19	0	0	100000	1.9550736	1.039e-08	0.003139	0.0001454	4.418e-10	0.02921	2016	17.03	2.331e-05	0.01267	3.465e-11	5.652e-05	0	5.231e-06	1.271e-16	7.372e-24	6.55e-27	8.733e-27	1.092e-26	1.061e-10	5.149e-11	4.831e-13	0.003948	5.06e-13	7.28e-28	0.02676	1.097e-08	2.485e-09	1.277e-09	0	0	0	0	0	0	0	0	0	0	0	0	0	0	0	0	0	0	0	0	0	0	0	5697	0	0	0	0	0	0	0	0	0	0	0	0	0	0	0	2.728e+04	0	0	0	0	0	0	0	0	0	0	0	0	0	0	0	0	0	0	0	0	0	0	0	
1848	1760.328	3.45e+19	0	0	100000	1.95476704	1.093e-08	0.003259	0.000149	4.347e-10	0.02992	2065	17.44	2.263e-05	0.0128	3.455e-11	5.712e-05	0	5.079e-06	1.302e-16	6.968e-24	6.709e-27	8.945e-27	1.118e-26	1.073e-10	5.134e-11	4.754e-13	0.004037	5.045e-13	7.457e-28	0.0274	1.124e-08	2.545e-09	1.308e-09	0	0	0	0	0	0	0	0	0	0	0	0	0	0	0	0	0	0	0	0	0	0	0	5785	0	0	0	0	0	0	0	0	0	0	0	0	0	0	0	2.77e+04	0	0	0	0	0	0	0	0	0	0	0	0	0	0	0	0	0	0	0	0	0	0	0	
1876	1760.328	3.45e+19	0	0	100000	1.95446048	1.15e-08	0.003381	0.0001525	4.277e-10	0.03064	2114	17.86	2.197e-05	0.01293	3.444e-11	5.771e-05	0	4.93e-06	1.333e-16	6.586e-24	6.869e-27	9.159e-27	1.145e-26	1.084e-10	5.119e-11	4.676e-13	0.004125	5.03e-13	7.635e-28	0.02806	1.151e-08	2.606e-09	1.339e-09	0	0	0	0	0	0	0	0	0	0	0	0	0	0	0	0	0	0	0	0	0	0	0	5873	0	0	0	0	0	0	0	0	0	0	0	0	0	0	0	2.812e+04	0	0	0	0	0	0	0	0	0	0	0	0	0	0	0	0	0	0	0	0	0	0	0	
1904	1760.328	3.45e+19	0	0	100000	1.95415392	1.208e-08	0.003507	0.0001561	4.207e-10	0.03136	2164	18.28	2.133e-05	0.01306	3.433e-11	5.829e-05	0	4.786e-06	1.365e-16	6.227e-24	7.031e-27	9.374e-27	1.172e-26	1.095e-10	5.102e-11	4.6e-13	0.004215	5.014e-13	7.814e-28	0.02872	1.178e-08	2.667e-09	1.371e-09	0	0	0	0	0	0	0	0	0	0	0	0	0	0	0	0	0	0	0	0	0	0	0	5960	0	0	0	0	0	0	0	0	0	0	0	0	0	0	0	2.854e+04	0	0	0	0	0	0	0	0	0	0	0	0	0	0	0	0	0	0	0	0	0	0	0	
1932	1760.328	3.45e+19	0	0	100000	1.95384736	1.269e-08	0.003636	0.0001597	4.137e-10	0.03208	2214	18.7	2.07e-05	0.01319	3.421e-11	5.886e-05	0	4.646e-06	1.396e-16	5.887e-24	7.193e-27	9.591e-27	1.199e-26	1.105e-10	5.085e-11	4.524e-13	0.004305	4.997e-13	7.995e-28	0.02938	1.205e-08	2.729e-09	1.402e-09	0	0	0	0	0	0	0	0	0	0	0	0	0	0	0	0	0	0	0	0	0	0	0	6048	0	0	0	0	0	0	0	0	0	0	0	0	0	0	0	2.896e+04	0	0	0	0	0	0	0	0	0	0	0	0	0	0	0	0	0	0	0	0	0	0	0	
1960	1760.328	3.45e+19	0	0	100000	1.9535408	1.333e-08	0.003767	0.0001634	4.069e-10	0.03281	2264	19.13	2.009e-05	0.01332	3.409e-11	5.941e-05	0	4.509e-06	1.428e-16	5.567e-24	7.357e-27	9.809e-27	1.226e-26	1.116e-10	5.066e-11	4.449e-13	0.004395	4.978e-13	8.177e-28	0.03005	1.232e-08	2.791e-09	1.434e-09	0	0	0	0	0	0	0	0	0	0	0	0	0	0	0	0	0	0	0	0	0	0	0	6136	0	0	0	0	0	0	0	0	0	0	0	0	0	0	0	2.938e+04	0	0	0	0	0	0	0	0	0	0	0	0	0	0	0	0	0	0	0	0	0	0	0	
1988	1760.328	3.45e+19	0	0	100000	1.95323424	1.398e-08	0.003902	0.000167	4.001e-10	0.03355	2315	19.55	1.95e-05	0.01344	3.396e-11	5.996e-05	0	4.377e-06	1.46e-16	5.264e-24	7.522e-27	1.003e-26	1.254e-26	1.126e-10	5.047e-11	4.375e-13	0.004486	4.959e-13	8.36e-28	0.03073	1.26e-08	2.854e-09	1.467e-09	0	0	0	0	0	0	0	0	0	0	0	0	0	0	0	0	0	0	0	0	0	0	0	6223	0	0	0	0	0	0	0	0	0	0	0	0	0	0	0	2.98e+04	0	0	0	0	0	0	0	0	0	0	0	0	0	0	0	0	0	0	0	0	0	0	0	
2016	1760.328	3.45e+19	0	0	100000	1.95292768	1.467e-08	0.00404	0.0001707	3.934e-10	0.03429	2366	19.99	1.893e-05	0.01356	3.382e-11	6.05e-05	0	4.248e-06	1.492e-16	4.979e-24	7.688e-27	1.025e-26	1.281e-26	1.136e-10	5.027e-11	4.301e-13	0.004578	4.94e-13	8.545e-28	0.0314	1.288e-08	2.917e-09	1.499e-09	0	0	0	0	0	0	0	0	0	0	0	0	0	0	0	0	0	0	0	0	0	0	0	6311	0	0	0	0	0	0	0	0	0	0	0	0	0	0	0	3.022e+04	0	0	0	0	0	0	0	0	0	0	0	0	0	0	0	0	0	0	0	0	0	0	0	
2044	1760.328	3.45e+19	0	0	100000	1.95262112	1.538e-08	0.004181	0.0001744	3.867e-10	0.03504	2417	20.42	1.837e-05	0.01368	3.368e-11	6.102e-05	0	4.123e-06	1.525e-16	4.71e-24	7.855e-27	1.047e-26	1.309e-26	1.146e-10	5.006e-11	4.229e-13	0.00467	4.919e-13	8.731e-28	0.03209	1.316e-08	2.98e-09	1.532e-09	0	0	0	0	0	0	0	0	0	0	0	0	0	0	0	0	0	0	0	0	0	0	0	6399	0	0	0	0	0	0	0	0	0	0	0	0	0	0	0	3.064e+04	0	0	0	0	0	0	0	0	0	0	0	0	0	0	0	0	0	0	0	0	0	0	0	
2072	1760.328	3.45e+19	0	0	100000	1.95231456	1.611e-08	0.004326	0.0001782	3.801e-10	0.03579	2469	20.86	1.783e-05	0.01379	3.353e-11	6.154e-05	0	4.002e-06	1.557e-16	4.456e-24	8.023e-27	1.07e-26	1.337e-26	1.156e-10	4.984e-11	4.157e-13	0.004763	4.897e-13	8.918e-28	0.03277	1.344e-08	3.044e-09	1.564e-09	0	0	0	0	0	0	0	0	0	0	0	0	0	0	0	0	0	0	0	0	0	0	0	6486	0	0	0	0	0	0	0	0	0	0	0	0	0	0	0	3.106e+04	0	0	0	0	0	0	0	0	0	0	0	0	0	0	0	0	0	0	0	0	0	0	0	
2100	1760.328	3.45e+19	0	0	100000	1.952008	1.687e-08	0.004474	0.0001819	3.736e-10	0.03654	2521	21.3	1.73e-05	0.01391	3.338e-11	6.204e-05	0	3.884e-06	1.59e-16	4.216e-24	8.193e-27	1.092e-26	1.365e-26	1.165e-10	4.961e-11	4.086e-13	0.004856	4.875e-13	9.106e-28	0.03347	1.372e-08	3.108e-09	1.597e-09	0	0	0	0	0	0	0	0	0	0	0	0	0	0	0	0	0	0	0	0	0	0	0	6574	0	0	0	0	0	0	0	0	0	0	0	0	0	0	0	3.148e+04	0	0	0	0	0	0	0	0	0	0	0	0	0	0	0	0	0	0	0	0	0	0	0	
2128	1760.328	3.45e+19	0	0	100000	1.95170144	1.767e-08	0.004625	0.0001857	3.672e-10	0.0373	2574	21.74	1.679e-05	0.01402	3.323e-11	6.254e-05	0	3.769e-06	1.623e-16	3.989e-24	8.363e-27	1.115e-26	1.394e-26	1.175e-10	4.938e-11	4.016e-13	0.00495	4.853e-13	9.295e-28	0.03416	1.401e-08	3.173e-09	1.631e-09	0	0	0	0	0	0	0	0	0	0	0	0	0	0	0	0	0	0	0	0	0	0	0	6661	0	0	0	0	0	0	0	0	0	0	0	0	0	0	0	3.19e+04	0	0	0	0	0	0	0	0	0	0	0	0	0	0	0	0	0	0	0	0	0	0	0	
2156	1760.328	3.45e+19	0	0	100000	1.95139488	1.849e-08	0.004779	0.0001895	3.609e-10	0.03807	2627	22.19	1.63e-05	0.01413	3.307e-11	6.303e-05	0	3.658e-06	1.656e-16	3.775e-24	8.535e-27	1.138e-26	1.422e-26	1.184e-10	4.914e-11	3.946e-13	0.005045	4.829e-13	9.486e-28	0.03486	1.43e-08	3.238e-09	1.664e-09	0	0	0	0	0	0	0	0	0	0	0	0	0	0	0	0	0	0	0	0	0	0	0	6749	0	0	0	0	0	0	0	0	0	0	0	0	0	0	0	3.232e+04	0	0	0	0	0	0	0	0	0	0	0	0	0	0	0	0	0	0	0	0	0	0	0	
2184	1760.328	3.45e+19	0	0	100000	1.95108832	1.934e-08	0.004937	0.0001933	3.546e-10	0.03884	2680	22.64	1.582e-05	0.01423	3.29e-11	6.35e-05	0	3.55e-06	1.69e-16	3.573e-24	8.707e-27	1.161e-26	1.451e-26	1.193e-10	4.89e-11	3.878e-13	0.00514	4.805e-13	9.678e-28	0.03557	1.458e-08	3.303e-09	1.698e-09	0	0	0	0	0	0	0	0	0	0	0	0	0	0	0	0	0	0	0	0	0	0	0	6837	0	0	0	0	0	0	0	0	0	0	0	0	0	0	0	3.274e+04	0	0	0	0	0	0	0	0	0	0	0	0	0	0	0	0	0	0	0	0	0	0	0	
2212	1760.328	3.45e+19	0	0	100000	1.95078176	2.022e-08	0.005099	0.0001972	3.485e-10	0.03961	2733	23.09	1.535e-05	0.01434	3.273e-11	6.397e-05	0	3.445e-06	1.724e-16	3.383e-24	8.881e-27	1.184e-26	1.48e-26	1.201e-10	4.865e-11	3.811e-13	0.005235	4.781e-13	9.871e-28	0.03628	1.487e-08	3.369e-09	1.732e-09	0	0	0	0	0	0	0	0	0	0	0	0	0	0	0	0	0	0	0	0	0	0	0	6924	0	0	0	0	0	0	0	0	0	0	0	0	0	0	0	3.316e+04	0	0	0	0	0	0	0	0	0	0	0	0	0	0	0	0	0	0	0	0	0	0	0	
2240	1760.328	3.45e+19	0	0	100000	1.9504752	2.113e-08	0.005264	0.0002011	3.424e-10	0.04039	2787	23.54	1.49e-05	0.01444	3.256e-11	6.442e-05	0	3.343e-06	1.758e-16	3.203e-24	9.055e-27	1.207e-26	1.509e-26	1.21e-10	4.839e-11	3.744e-13	0.005332	4.756e-13	1.006e-27	0.03699	1.517e-08	3.436e-09	1.766e-09	0	0	0	0	0	0	0	0	0	0	0	0	0	0	0	0	0	0	0	0	0	0	0	7012	0	0	0	0	0	0	0	0	0	0	0	0	0	0	0	3.358e+04	0	0	0	0	0	0	0	0	0	0	0	0	0	0	0	0	0	0	0	0	0	0	0	
2268	1760.328	3.45e+19	0	0	100000	1.95016864	2.208e-08	0.005432	0.000205	3.364e-10	0.04117	2841	24	1.446e-05	0.01454	3.239e-11	6.487e-05	0	3.245e-06	1.792e-16	3.033e-24	9.231e-27	1.231e-26	1.538e-26	1.218e-10	4.813e-11	3.679e-13	0.005428	4.73e-13	1.026e-27	0.03771	1.546e-08	3.502e-09	1.8e-09	0	0	0	0	0	0	0	0	0	0	0	0	0	0	0	0	0	0	0	0	0	0	0	7100	0	0	0	0	0	0	0	0	0	0	0	0	0	0	0	3.4e+04	0	0	0	0	0	0	0	0	0	0	0	0	0	0	0	0	0	0	0	0	0	0	0	
2296	1760.328	3.45e+19	0	0	100000	1.94986208	2.306e-08	0.005604	0.0002089	3.305e-10	0.04196	2895	24.46	1.403e-05	0.01464	3.221e-11	6.531e-05	0	3.149e-06	1.826e-16	2.872e-24	9.408e-27	1.254e-26	1.568e-26	1.227e-10	4.787e-11	3.614e-13	0.005525	4.704e-13	1.046e-27	0.03843	1.576e-08	3.569e-09	1.834e-09	0	0	0	0	0	0	0	0	0	0	0	0	0	0	0	0	0	0	0	0	0	0	0	7187	0	0	0	0	0	0	0	0	0	0	0	0	0	0	0	3.442e+04	0	0	0	0	0	0	0	0	0	0	0	0	0	0	0	0	0	0	0	0	0	0	0	
2324	1760.328	3.45e+19	0	0	100000	1.94955552	2.407e-08	0.00578	0.0002128	3.246e-10	0.04275	2950	24.92	1.361e-05	0.01473	3.203e-11	6.574e-05	0	3.056e-06	1.86e-16	2.72e-24	9.585e-27	1.278e-26	1.598e-26	1.235e-10	4.76e-11	3.55e-13	0.005623	4.678e-13	1.065e-27	0.03915	1.605e-08	3.637e-09	1.869e-09	0	0	0	0	0	0	0	0	0	0	0	0	0	0	0	0	0	0	0	0	0	0	0	7275	0	0	0	0	0	0	0	0	0	0	0	0	0	0	0	3.484e+04	0	0	0	0	0	0	0	0	0	0	0	0	0	0	0	0	0	0	0	0	0	0	0	
2352	1760.328	3.45e+19	0	0	100000	1.94924896	2.512e-08	0.005959	0.0002168	3.189e-10	0.04355	3005	25.38	1.321e-05	0.01483	3.185e-11	6.615e-05	0	2.966e-06	1.895e-16	2.577e-24	9.764e-27	1.302e-26	1.627e-26	1.242e-10	4.733e-11	3.487e-13	0.005721	4.651e-13	1.085e-27	0.03988	1.635e-08	3.704e-09	1.904e-09	0	0	0	0	0	0	0	0	0	0	0	0	0	0	0	0	0	0	0	0	0	0	0	7363	0	0	0	0	0	0	0	0	0	0	0	0	0	0	0	3.526e+04	0	0	0	0	0	0	0	0	0	0	0	0	0	0	0	0	0	0	0	0	0	0	0	
2380	1760.328	3.45e+19	0	0	100000	1.9489424	2.621e-08	0.006142	0.0002208	3.132e-10	0.04435	3060	25.85	1.282e-05	0.01492	3.166e-11	6.656e-05	0	2.878e-06	1.93e-16	2.441e-24	9.943e-27	1.326e-26	1.657e-26	1.25e-10	4.705e-11	3.425e-13	0.00582	4.624e-13	1.105e-27	0.04062	1.665e-08	3.772e-09	1.939e-09	0	0	0	0	0	0	0	0	0	0	0	0	0	0	0	0	0	0	0	0	0	0	0	7450	0	0	0	0	0	0	0	0	0	0	0	0	0	0	0	3.568e+04	0	0	0	0	0	0	0	0	0	0	0	0	0	0	0	0	0	0	0	0	0	0	0	
2408	1760.328	3.45e+19	0	0	100000	1.94863584	2.733e-08	0.006329	0.0002248	3.077e-10	0.04515	3115	26.32	1.244e-05	0.01501	3.147e-11	6.697e-05	0	2.793e-06	1.965e-16	2.313e-24	1.012e-26	1.35e-26	1.687e-26	1.258e-10	4.677e-11	3.364e-13	0.00592	4.596e-13	1.125e-27	0.04135	1.696e-08	3.841e-09	1.974e-09	0	0	0	0	0	0	0	0	0	0	0	0	0	0	0	0	0	0	0	0	0	0	0	7538	0	0	0	0	0	0	0	0	0	0	0	0	0	0	0	3.61e+04	0	0	0	0	0	0	0	0	0	0	0	0	0	0	0	0	0	0	0	0	0	0	0	
2436	1760.328	3.45e+19	0	0	100000	1.94832928	2.849e-08	0.00652	0.0002288	3.022e-10	0.04596	3171	26.79	1.208e-05	0.0151	3.128e-11	6.736e-05	0	2.711e-06	2e-16	2.192e-24	1.031e-26	1.374e-26	1.718e-26	1.265e-10	4.649e-11	3.304e-13	0.006019	4.568e-13	1.145e-27	0.04209	1.726e-08	3.91e-09	2.009e-09	0	0	0	0	0	0	0	0	0	0	0	0	0	0	0	0	0	0	0	0	0	0	0	7626	0	0	0	0	0	0	0	0	0	0	0	0	0	0	0	3.652e+04	0	0	0	0	0	0	0	0	0	0	0	0	0	0	0	0	0	0	0	0	0	0	0	
2464	1760.328	3.45e+19	0	0	100000	1.94802272	2.969e-08	0.006714	0.0002329	2.968e-10	0.04678	3227	27.26	1.172e-05	0.01518	3.109e-11	6.774e-05	0	2.631e-06	2.035e-16	2.078e-24	1.049e-26	1.398e-26	1.748e-26	1.272e-10	4.62e-11	3.245e-13	0.00612	4.54e-13	1.166e-27	0.04284	1.757e-08	3.979e-09	2.045e-09	0	0	0	0	0	0	0	0	0	0	0	0	0	0	0	0	0	0	0	0	0	0	0	7713	0	0	0	0	0	0	0	0	0	0	0	0	0	0	0	3.694e+04	0	0	0	0	0	0	0	0	0	0	0	0	0	0	0	0	0	0	0	0	0	0	0	
2492	1760.328	3.45e+19	0	0	100000	1.94771616	3.093e-08	0.006913	0.0002369	2.915e-10	0.04759	3284	27.74	1.138e-05	0.01527	3.089e-11	6.812e-05	0	2.554e-06	2.071e-16	1.969e-24	1.067e-26	1.423e-26	1.778e-26	1.279e-10	4.591e-11	3.187e-13	0.006221	4.512e-13	1.186e-27	0.04359	1.787e-08	4.048e-09	2.08e-09	0	0	0	0	0	0	0	0	0	0	0	0	0	0	0	0	0	0	0	0	0	0	0	7801	0	0	0	0	0	0	0	0	0	0	0	0	0	0	0	3.736e+04	0	0	0	0	0	0	0	0	0	0	0	0	0	0	0	0	0	0	0	0	0	0	0	
2520	1760.328	3.45e+19	0	0	100000	1.9474096	3.221e-08	0.007115	0.000241	2.862e-10	0.04841	3340	28.22	1.104e-05	0.01535	3.07e-11	6.848e-05	0	2.479e-06	2.107e-16	1.867e-24	1.085e-26	1.447e-26	1.809e-26	1.286e-10	4.562e-11	3.13e-13	0.006322	4.483e-13	1.206e-27	0.04434	1.818e-08	4.118e-09	2.116e-09	0	0	0	0	0	0	0	0	0	0	0	0	0	0	0	0	0	0	0	0	0	0	0	7888	0	0	0	0	0	0	0	0	0	0	0	0	0	0	0	3.778e+04	0	0	0	0	0	0	0	0	0	0	0	0	0	0	0	0	0	0	0	0	0	0	0	
2548	1760.328	3.45e+19	0	0	100000	1.94710304	3.354e-08	0.007321	0.0002451	2.811e-10	0.04924	3397	28.7	1.072e-05	0.01543	3.05e-11	6.884e-05	0	2.406e-06	2.143e-16	1.77e-24	1.104e-26	1.472e-26	1.84e-26	1.293e-10	4.533e-11	3.074e-13	0.006424	4.454e-13	1.227e-27	0.04509	1.849e-08	4.188e-09	2.152e-09	0	0	0	0	0	0	0	0	0	0	0	0	0	0	0	0	0	0	0	0	0	0	0	7976	0	0	0	0	0	0	0	0	0	0	0	0	0	0	0	3.82e+04	0	0	0	0	0	0	0	0	0	0	0	0	0	0	0	0	0	0	0	0	0	0	0	
2576	1760.328	3.45e+19	0	0	100000	1.94679648	3.491e-08	0.007532	0.0002492	2.76e-10	0.05007	3455	29.18	1.04e-05	0.01551	3.03e-11	6.919e-05	0	2.335e-06	2.179e-16	1.679e-24	1.123e-26	1.497e-26	1.871e-26	1.299e-10	4.503e-11	3.018e-13	0.006527	4.425e-13	1.248e-27	0.04585	1.88e-08	4.259e-09	2.189e-09	0	0	0	0	0	0	0	0	0	0	0	0	0	0	0	0	0	0	0	0	0	0	0	8064	0	0	0	0	0	0	0	0	0	0	0	0	0	0	0	3.862e+04	0	0	0	0	0	0	0	0	0	0	0	0	0	0	0	0	0	0	0	0	0	0	0	
2604	1760.328	3.45e+19	0	0	100000	1.94648992	3.632e-08	0.007746	0.0002534	2.71e-10	0.0509	3512	29.67	1.01e-05	0.01558	3.01e-11	6.953e-05	0	2.267e-06	2.215e-16	1.592e-24	1.141e-26	1.522e-26	1.902e-26	1.306e-10	4.473e-11	2.964e-13	0.00663	4.395e-13	1.268e-27	0.04662	1.911e-08	4.33e-09	2.225e-09	0	0	0	0	0	0	0	0	0	0	0	0	0	0	0	0	0	0	0	0	0	0	0	8151	0	0	0	0	0	0	0	0	0	0	0	0	0	0	0	3.904e+04	0	0	0	0	0	0	0	0	0	0	0	0	0	0	0	0	0	0	0	0	0	0	0	
2632	1760.328	3.45e+19	0	0	100000	1.94618336	3.777e-08	0.007964	0.0002576	2.661e-10	0.05174	3570	30.15	9.801e-06	0.01566	2.989e-11	6.986e-05	0	2.2e-06	2.251e-16	1.51e-24	1.16e-26	1.547e-26	1.933e-26	1.312e-10	4.443e-11	2.91e-13	0.006733	4.366e-13	1.289e-27	0.04738	1.943e-08	4.401e-09	2.262e-09	0	0	0	0	0	0	0	0	0	0	0	0	0	0	0	0	0	0	0	0	0	0	0	8239	0	0	0	0	0	0	0	0	0	0	0	0	0	0	0	3.946e+04	0	0	0	0	0	0	0	0	0	0	0	0	0	0	0	0	0	0	0	0	0	0	0	
2660	1760.328	3.45e+19	0	0	100000	1.9458768	3.928e-08	0.008187	0.0002617	2.613e-10	0.05258	3628	30.64	9.514e-06	0.01573	2.969e-11	7.019e-05	0	2.136e-06	2.288e-16	1.433e-24	1.179e-26	1.572e-26	1.965e-26	1.318e-10	4.413e-11	2.857e-13	0.006837	4.336e-13	1.31e-27	0.04815	1.974e-08	4.472e-09	2.298e-09	0	0	0	0	0	0	0	0	0	0	0	0	0	0	0	0	0	0	0	0	0	0	0	8327	0	0	0	0	0	0	0	0	0	0	0	0	0	0	0	3.988e+04	0	0	0	0	0	0	0	0	0	0	0	0	0	0	0	0	0	0	0	0	0	0	0	
2688	1760.328	3.45e+19	0	0	100000	1.94557024	4.083e-08	0.008414	0.0002659	2.565e-10	0.05342	3686	31.14	9.235e-06	0.0158	2.949e-11	7.051e-05	0	2.073e-06	2.325e-16	1.359e-24	1.198e-26	1.597e-26	1.996e-26	1.324e-10	4.382e-11	2.805e-13	0.006942	4.306e-13	1.331e-27	0.04892	2.006e-08	4.544e-09	2.335e-09	0	0	0	0	0	0	0	0	0	0	0	0	0	0	0	0	0	0	0	0	0	0	0	8414	0	0	0	0	0	0	0	0	0	0	0	0	0	0	0	4.03e+04	0	0	0	0	0	0	0	0	0	0	0	0	0	0	0	0	0	0	0	0	0	0	0	
2716	1760.328	3.45e+19	0	0	100000	1.94526368	4.243e-08	0.008645	0.0002702	2.519e-10	0.05427	3744	31.63	8.965e-06	0.01587	2.928e-11	7.081e-05	0	2.013e-06	2.362e-16	1.29e-24	1.217e-26	1.622e-26	2.028e-26	1.33e-10	4.352e-11	2.754e-13	0.007047	4.276e-13	1.352e-27	0.0497	2.038e-08	4.616e-09	2.372e-09	0	0	0	0	0	0	0	0	0	0	0	0	0	0	0	0	0	0	0	0	0	0	0	8502	0	0	0	0	0	0	0	0	0	0	0	0	0	0	0	4.072e+04	0	0	0	0	0	0	0	0	0	0	0	0	0	0	0	0	0	0	0	0	0	0	0	
2744	1760.328	3.45e+19	0	0	100000	1.94495712	4.408e-08	0.008881	0.0002744	2.473e-10	0.05512	3803	32.13	8.702e-06	0.01594	2.908e-11	7.112e-05	0	1.954e-06	2.399e-16	1.224e-24	1.236e-26	1.648e-26	2.06e-26	1.336e-10	4.321e-11	2.704e-13	0.007153	4.246e-13	1.374e-27	0.05048	2.07e-08	4.689e-09	2.41e-09	0	0	0	0	0	0	0	0	0	0	0	0	0	0	0	0	0	0	0	0	0	0	0	8590	0	0	0	0	0	0	0	0	0	0	0	0	0	0	0	4.114e+04	0	0	0	0	0	0	0	0	0	0	0	0	0	0	0	0	0	0	0	0	0	0	0	
2772	1760.328	3.45e+19	0	0	100000	1.94465056	4.579e-08	0.00912	0.0002787	2.428e-10	0.05597	3862	32.62	8.448e-06	0.01601	2.887e-11	7.141e-05	0	1.897e-06	2.436e-16	1.162e-24	1.255e-26	1.673e-26	2.092e-26	1.341e-10	4.291e-11	2.655e-13	0.007259	4.216e-13	1.395e-27	0.05126	2.102e-08	4.761e-09	2.447e-09	0	0	0	0	0	0	0	0	0	0	0	0	0	0	0	0	0	0	0	0	0	0	0	8677	0	0	0	0	0	0	0	0	0	0	0	0	0	0	0	4.156e+04	0	0	0	0	0	0	0	0	0	0	0	0	0	0	0	0	0	0	0	0	0	0	0	
2800	1760.328	3.45e+19	0	0	100000	1.944344	4.754e-08	0.009365	0.0002829	2.384e-10	0.05683	3921	33.12	8.202e-06	0.01607	2.866e-11	7.17e-05	0	1.841e-06	2.473e-16	1.103e-24	1.274e-26	1.699e-26	2.124e-26	1.347e-10	4.26e-11	2.607e-13	0.007365	4.186e-13	1.416e-27	0.05205	2.134e-08	4.834e-09	2.484e-09	0	0	0	0	0	0	0	0	0	0	0	0	0	0	0	0	0	0	0	0	0	0	0	8765	0	0	0	0	0	0	0	0	0	0	0	0	0	0	0	4.198e+04	0	0	0	0	0	0	0	0	0	0	0	0	0	0	0	0	0	0	0	0	0	0	0	
2828	1760.328	3.45e+19	0	0	100000	1.94438111	4.813e-08	0.009494	0.0002872	2.43e-10	0.05769	3981	33.63	8.371e-06	0.01634	2.918e-11	7.288e-05	0	1.879e-06	2.511e-16	1.129e-24	1.294e-26	1.725e-26	2.156e-26	1.369e-10	4.336e-11	2.657e-13	0.007478	4.261e-13	1.438e-27	0.05284	2.167e-08	4.908e-09	2.522e-09	0	0	0	0	0	0	0	0	0	0	0	0	0	0	0	0	0	0	0	0	0	0	0	8852	0	0	0	0	0	0	0	0	0	0	0	0	0	0	0	4.24e+04	0	0	0	0	0	0	0	0	0	0	0	0	0	0	0	0	0	0	0	0	0	0	0	
2856	1760.328	3.45e+19	0	0	100000	1.94441822	4.872e-08	0.009623	0.0002915	2.476e-10	0.05856	4040	34.13	8.543e-06	0.0166	2.969e-11	7.408e-05	0	1.918e-06	2.548e-16	1.155e-24	1.313e-26	1.751e-26	2.188e-26	1.391e-10	4.413e-11	2.708e-13	0.00759	4.337e-13	1.459e-27	0.05363	2.199e-08	4.981e-09	2.56e-09	0	0	0	0	0	0	0	0	0	0	0	0	0	0	0	0	0	0	0	0	0	0	0	8940	0	0	0	0	0	0	0	0	0	0	0	0	0	0	0	4.282e+04	0	0	0	0	0	0	0	0	0	0	0	0	0	0	0	0	0	0	0	0	0	0	0	
2884	1760.328	3.45e+19	0	0	100000	1.94445533	4.931e-08	0.009753	0.0002958	2.523e-10	0.05943	4100	34.64	8.717e-06	0.01687	3.022e-11	7.528e-05	0	1.957e-06	2.586e-16	1.182e-24	1.332e-26	1.777e-26	2.221e-26	1.414e-10	4.491e-11	2.759e-13	0.007703	4.413e-13	1.481e-27	0.05443	2.232e-08	5.055e-09	2.598e-09	0	0	0	0	0	0	0	0	0	0	0	0	0	0	0	0	0	0	0	0	0	0	0	9028	0	0	0	0	0	0	0	0	0	0	0	0	0	0	0	4.324e+04	0	0	0	0	0	0	0	0	0	0	0	0	0	0	0	0	0	0	0	0	0	0	0	
2912	1760.328	3.45e+19	0	0	100000	1.94449244	4.99e-08	0.009882	0.0003002	2.571e-10	0.0603	4160	35.14	8.893e-06	0.01714	3.074e-11	7.648e-05	0	1.997e-06	2.624e-16	1.209e-24	1.352e-26	1.803e-26	2.253e-26	1.437e-10	4.569e-11	2.811e-13	0.007817	4.49e-13	1.503e-27	0.05522	2.264e-08	5.129e-09	2.636e-09	0	0	0	0	0	0	0	0	0	0	0	0	0	0	0	0	0	0	0	0	0	0	0	9115	0	0	0	0	0	0	0	0	0	0	0	0	0	0	0	4.366e+04	0	0	0	0	0	0	0	0	0	0	0	0	0	0	0	0	0	0	0	0	0	0	0	
2940	1760.328	3.45e+19	0	0	100000	1.94452955	5.048e-08	0.01001	0.0003045	2.618e-10	0.06117	4221	35.65	9.071e-06	0.01742	3.127e-11	7.77e-05	0	2.037e-06	2.662e-16	1.237e-24	1.372e-26	1.829e-26	2.286e-26	1.459e-10	4.648e-11	2.863e-13	0.007931	4.567e-13	1.524e-27	0.05603	2.297e-08	5.204e-09	2.674e-09	0	0	0	0	0	0	0	0	0	0	0	0	0	0	0	0	0	0	0	0	0	0	0	9203	0	0	0	0	0	0	0	0	0	0	0	0	0	0	0	4.408e+04	0	0	0	0	0	0	0	0	0	0	0	0	0	0	0	0	0	0	0	0	0	0	0	
2968	1760.328	3.45e+19	0	0	100000	1.94456666	5.107e-08	0.01014	0.0003089	2.667e-10	0.06205	4281	36.17	9.251e-06	0.01769	3.181e-11	7.892e-05	0	2.077e-06	2.7e-16	1.265e-24	1.391e-26	1.855e-26	2.319e-26	1.482e-10	4.727e-11	2.916e-13	0.008045	4.645e-13	1.546e-27	0.05683	2.33e-08	5.278e-09	2.713e-09	0	0	0	0	0	0	0	0	0	0	0	0	0	0	0	0	0	0	0	0	0	0	0	9291	0	0	0	0	0	0	0	0	0	0	0	0	0	0	0	4.45e+04	0	0	0	0	0	0	0	0	0	0	0	0	0	0	0	0	0	0	0	0	0	0	0	
2996	1760.328	3.45e+19	0	0	100000	1.94460377	5.166e-08	0.01027	0.0003133	2.716e-10	0.06293	4342	36.68	9.434e-06	0.01797	3.235e-11	8.015e-05	0	2.118e-06	2.739e-16	1.293e-24	1.411e-26	1.881e-26	2.352e-26	1.505e-10	4.808e-11	2.97e-13	0.00816	4.724e-13	1.568e-27	0.05764	2.363e-08	5.353e-09	2.751e-09	0	0	0	0	0	0	0	0	0	0	0	0	0	0	0	0	0	0	0	0	0	0	0	9378	0	0	0	0	0	0	0	0	0	0	0	0	0	0	0	4.491e+04	0	0	0	0	0	0	0	0	0	0	0	0	0	0	0	0	0	0	0	0	0	0	0	
3024	1760.328	3.45e+19	0	0	100000	1.94464088	5.224e-08	0.0104	0.0003177	2.765e-10	0.06382	4403	37.2	9.618e-06	0.01824	3.289e-11	8.139e-05	0	2.159e-06	2.777e-16	1.322e-24	1.431e-26	1.908e-26	2.385e-26	1.529e-10	4.888e-11	3.024e-13	0.008276	4.804e-13	1.59e-27	0.05845	2.397e-08	5.429e-09	2.79e-09	0	0	0	0	0	0	0	0	0	0	0	0	0	0	0	0	0	0	0	0	0	0	0	9466	0	0	0	0	0	0	0	0	0	0	0	0	0	0	0	4.533e+04	0	0	0	0	0	0	0	0	0	0	0	0	0	0	0	0	0	0	0	0	0	0	0	
3052	1760.328	3.45e+19	0	0	100000	1.94467799	5.282e-08	0.01053	0.0003221	2.815e-10	0.06471	4465	37.71	9.805e-06	0.01852	3.344e-11	8.263e-05	0	2.201e-06	2.816e-16	1.351e-24	1.451e-26	1.934e-26	2.418e-26	1.552e-10	4.97e-11	3.078e-13	0.008392	4.884e-13	1.612e-27	0.05926	2.43e-08	5.504e-09	2.829e-09	0	0	0	0	0	0	0	0	0	0	0	0	0	0	0	0	0	0	0	0	0	0	0	9554	0	0	0	0	0	0	0	0	0	0	0	0	0	0	0	4.575e+04	0	0	0	0	0	0	0	0	0	0	0	0	0	0	0	0	0	0	0	0	0	0	0	
3080	1760.328	3.45e+19	0	0	100000	1.9447151	5.34e-08	0.01066	0.0003266	2.866e-10	0.0656	4526	38.23	9.995e-06	0.0188	3.399e-11	8.389e-05	0	2.244e-06	2.855e-16	1.381e-24	1.471e-26	1.961e-26	2.451e-26	1.576e-10	5.052e-11	3.134e-13	0.008508	4.964e-13	1.635e-27	0.06008	2.463e-08	5.58e-09	2.868e-09	0	0	0	0	0	0	0	0	0	0	0	0	0	0	0	0	0	0	0	0	0	0	0	9641	0	0	0	0	0	0	0	0	0	0	0	0	0	0	0	4.617e+04	0	0	0	0	0	0	0	0	0	0	0	0	0	0	0	0	0	0	0	0	0	0	0	
3108	1760.328	3.45e+19	0	0	100000	1.94475221	5.398e-08	0.01079	0.000331	2.917e-10	0.06649	4588	38.75	1.019e-05	0.01908	3.455e-11	8.514e-05	0	2.287e-06	2.893e-16	1.412e-24	1.491e-26	1.988e-26	2.485e-26	1.599e-10	5.135e-11	3.189e-13	0.008624	5.046e-13	1.657e-27	0.06089	2.497e-08	5.656e-09	2.907e-09	0	0	0	0	0	0	0	0	0	0	0	0	0	0	0	0	0	0	0	0	0	0	0	9729	0	0	0	0	0	0	0	0	0	0	0	0	0	0	0	4.659e+04	0	0	0	0	0	0	0	0	0	0	0	0	0	0	0	0	0	0	0	0	0	0	0	
3136	1760.328	3.45e+19	0	0	100000	1.94478932	5.456e-08	0.01092	0.0003355	2.968e-10	0.06739	4650	39.28	1.038e-05	0.01937	3.511e-11	8.641e-05	0	2.33e-06	2.932e-16	1.442e-24	1.511e-26	2.014e-26	2.518e-26	1.623e-10	5.218e-11	3.246e-13	0.008741	5.128e-13	1.679e-27	0.06172	2.531e-08	5.732e-09	2.946e-09	0	0	0	0	0	0	0	0	0	0	0	0	0	0	0	0	0	0	0	0	0	0	0	9817	0	0	0	0	0	0	0	0	0	0	0	0	0	0	0	4.701e+04	0	0	0	0	0	0	0	0	0	0	0	0	0	0	0	0	0	0	0	0	0	0	0	
3164	1760.328	3.45e+19	0	0	100000	1.94482643	5.514e-08	0.01106	0.00034	3.02e-10	0.06829	4712	39.8	1.058e-05	0.01965	3.568e-11	8.768e-05	0	2.374e-06	2.972e-16	1.474e-24	1.531e-26	2.041e-26	2.552e-26	1.647e-10	5.302e-11	3.302e-13	0.008859	5.211e-13	1.702e-27	0.06254	2.564e-08	5.809e-09	2.985e-09	0	0	0	0	0	0	0	0	0	0	0	0	0	0	0	0	0	0	0	0	0	0	0	9904	0	0	0	0	0	0	0	0	0	0	0	0	0	0	0	4.743e+04	0	0	0	0	0	0	0	0	0	0	0	0	0	0	0	0	0	0	0	0	0	0	0	
3192	1760.328	3.45e+19	0	0	100000	1.94486354	5.572e-08	0.01119	0.0003444	3.072e-10	0.06919	4774	40.33	1.077e-05	0.01994	3.625e-11	8.896e-05	0	2.419e-06	3.011e-16	1.505e-24	1.551e-26	2.068e-26	2.585e-26	1.671e-10	5.387e-11	3.36e-13	0.008977	5.294e-13	1.724e-27	0.06337	2.598e-08	5.885e-09	3.025e-09	0	0	0	0	0	0	0	0	0	0	0	0	0	0	0	0	0	0	0	0	0	0	0	9992	0	0	0	0	0	0	0	0	0	0	0	0	0	0	0	4.785e+04	0	0	0	0	0	0	0	0	0	0	0	0	0	0	0	0	0	0	0	0	0	0	0	
3220	1760.328	3.45e+19	0	0	100000	1.94490065	5.629e-08	0.01132	0.000349	3.125e-10	0.0701	4836	40.85	1.098e-05	0.02023	3.682e-11	9.025e-05	0	2.464e-06	3.05e-16	1.538e-24	1.572e-26	2.095e-26	2.619e-26	1.695e-10	5.473e-11	3.418e-13	0.009095	5.378e-13	1.747e-27	0.0642	2.632e-08	5.962e-09	3.064e-09	0	0	0	0	0	0	0	0	0	0	0	0	0	0	0	0	0	0	0	0	0	0	0	1.008e+04	0	0	0	0	0	0	0	0	0	0	0	0	0	0	0	4.827e+04	0	0	0	0	0	0	0	0	0	0	0	0	0	0	0	0	0	0	0	0	0	0	0	
3248	1760.328	3.45e+19	0	0	100000	1.94493776	5.687e-08	0.01145	0.0003535	3.179e-10	0.071	4899	41.38	1.118e-05	0.02052	3.74e-11	9.155e-05	0	2.51e-06	3.09e-16	1.57e-24	1.592e-26	2.123e-26	2.653e-26	1.719e-10	5.559e-11	3.476e-13	0.009213	5.462e-13	1.769e-27	0.06503	2.666e-08	6.04e-09	3.104e-09	0	0	0	0	0	0	0	0	0	0	0	0	0	0	0	0	0	0	0	0	0	0	0	1.017e+04	0	0	0	0	0	0	0	0	0	0	0	0	0	0	0	4.869e+04	0	0	0	0	0	0	0	0	0	0	0	0	0	0	0	0	0	0	0	0	0	0	0	
3276	1760.328	3.45e+19	0	0	100000	1.94497487	5.744e-08	0.01158	0.000358	3.233e-10	0.07192	4962	41.92	1.138e-05	0.02081	3.799e-11	9.285e-05	0	2.556e-06	3.129e-16	1.604e-24	1.612e-26	2.15e-26	2.687e-26	1.744e-10	5.645e-11	3.535e-13	0.009332	5.548e-13	1.792e-27	0.06586	2.701e-08	6.117e-09	3.144e-09	0	0	0	0	0	0	0	0	0	0	0	0	0	0	0	0	0	0	0	0	0	0	0	1.025e+04	0	0	0	0	0	0	0	0	0	0	0	0	0	0	0	4.911e+04	0	0	0	0	0	0	0	0	0	0	0	0	0	0	0	0	0	0	0	0	0	0	0	
3304	1760.328	3.45e+19	0	0	100000	1.94501198	5.801e-08	0.01171	0.0003626	3.287e-10	0.07283	5025	42.45	1.159e-05	0.0211	3.857e-11	9.416e-05	0	2.602e-06	3.169e-16	1.637e-24	1.633e-26	2.177e-26	2.721e-26	1.768e-10	5.733e-11	3.595e-13	0.009452	5.634e-13	1.815e-27	0.0667	2.735e-08	6.195e-09	3.184e-09	0	0	0	0	0	0	0	0	0	0	0	0	0	0	0	0	0	0	0	0	0	0	0	1.034e+04	0	0	0	0	0	0	0	0	0	0	0	0	0	0	0	4.953e+04	0	0	0	0	0	0	0	0	0	0	0	0	0	0	0	0	0	0	0	0	0	0	0	
3332	1760.328	3.45e+19	0	0	100000	1.94504909	5.858e-08	0.01184	0.0003671	3.343e-10	0.07375	5088	42.98	1.18e-05	0.0214	3.917e-11	9.547e-05	0	2.65e-06	3.209e-16	1.672e-24	1.653e-26	2.205e-26	2.756e-26	1.793e-10	5.821e-11	3.655e-13	0.009572	5.72e-13	1.838e-27	0.06754	2.769e-08	6.273e-09	3.224e-09	0	0	0	0	0	0	0	0	0	0	0	0	0	0	0	0	0	0	0	0	0	0	0	1.043e+04	0	0	0	0	0	0	0	0	0	0	0	0	0	0	0	4.995e+04	0	0	0	0	0	0	0	0	0	0	0	0	0	0	0	0	0	0	0	0	0	0	0	
3360	1760.328	3.45e+19	0	0	100000	1.9450862	5.915e-08	0.01197	0.0003717	3.398e-10	0.07467	5152	43.52	1.201e-05	0.0217	3.976e-11	9.68e-05	0	2.697e-06	3.249e-16	1.706e-24	1.674e-26	2.232e-26	2.79e-26	1.818e-10	5.91e-11	3.716e-13	0.009692	5.807e-13	1.861e-27	0.06838	2.804e-08	6.351e-09	3.264e-09	0	0	0	0	0	0	0	0	0	0	0	0	0	0	0	0	0	0	0	0	0	0	0	1.052e+04	0	0	0	0	0	0	0	0	0	0	0	0	0	0	0	5.037e+04	0	0	0	0	0	0	0	0	0	0	0	0	0	0	0	0	0	0	0	0	0	0	0	
3388	1760.328	3.45e+19	0	0	100000	1.94512331	5.972e-08	0.0121	0.0003763	3.454e-10	0.07559	5215	44.06	1.223e-05	0.02199	4.036e-11	9.812e-05	0	2.746e-06	3.289e-16	1.742e-24	1.695e-26	2.26e-26	2.825e-26	1.843e-10	5.999e-11	3.777e-13	0.009812	5.895e-13	1.884e-27	0.06923	2.839e-08	6.43e-09	3.304e-09	0	0	0	0	0	0	0	0	0	0	0	0	0	0	0	0	0	0	0	0	0	0	0	1.061e+04	0	0	0	0	0	0	0	0	0	0	0	0	0	0	0	5.079e+04	0	0	0	0	0	0	0	0	0	0	0	0	0	0	0	0	0	0	0	0	0	0	0	
3416	1760.328	3.45e+19	0	0	100000	1.94516042	6.028e-08	0.01224	0.0003809	3.511e-10	0.07651	5279	44.6	1.245e-05	0.02229	4.097e-11	9.946e-05	0	2.795e-06	3.33e-16	1.778e-24	1.715e-26	2.287e-26	2.859e-26	1.868e-10	6.089e-11	3.839e-13	0.009933	5.984e-13	1.907e-27	0.07007	2.873e-08	6.508e-09	3.345e-09	0	0	0	0	0	0	0	0	0	0	0	0	0	0	0	0	0	0	0	0	0	0	0	1.069e+04	0	0	0	0	0	0	0	0	0	0	0	0	0	0	0	5.121e+04	0	0	0	0	0	0	0	0	0	0	0	0	0	0	0	0	0	0	0	0	0	0	0	
3444	1760.328	3.45e+19	0	0	100000	1.94519753	6.085e-08	0.01237	0.0003855	3.568e-10	0.07744	5343	45.14	1.267e-05	0.02259	4.158e-11	0.0001008	0	2.844e-06	3.37e-16	1.814e-24	1.736e-26	2.315e-26	2.894e-26	1.893e-10	6.18e-11	3.902e-13	0.01005	6.073e-13	1.93e-27	0.07092	2.908e-08	6.587e-09	3.385e-09	0	0	0	0	0	0	0	0	0	0	0	0	0	0	0	0	0	0	0	0	0	0	0	1.078e+04	0	0	0	0	0	0	0	0	0	0	0	0	0	0	0	5.163e+04	0	0	0	0	0	0	0	0	0	0	0	0	0	0	0	0	0	0	0	0	0	0	0	
3472	1760.328	3.45e+19	0	0	100000	1.94523464	6.141e-08	0.0125	0.0003901	3.626e-10	0.07837	5407	45.68	1.289e-05	0.0229	4.22e-11	0.0001022	0	2.894e-06	3.41e-16	1.851e-24	1.757e-26	2.343e-26	2.929e-26	1.919e-10	6.271e-11	3.965e-13	0.01018	6.163e-13	1.953e-27	0.07177	2.943e-08	6.666e-09	3.426e-09	0	0	0	0	0	0	0	0	0	0	0	0	0	0	0	0	0	0	0	0	0	0	0	1.087e+04	0	0	0	0	0	0	0	0	0	0	0	0	0	0	0	5.205e+04	0	0	0	0	0	0	0	0	0	0	0	0	0	0	0	0	0	0	0	0	0	0	0	
3500	1760.328	3.45e+19	0	0	100000	1.94527175	6.197e-08	0.01263	0.0003948	3.684e-10	0.0793	5472	46.22	1.312e-05	0.0232	4.282e-11	0.0001035	0	2.945e-06	3.451e-16	1.888e-24	1.778e-26	2.371e-26	2.963e-26	1.944e-10	6.363e-11	4.029e-13	0.0103	6.253e-13	1.976e-27	0.07263	2.978e-08	6.746e-09	3.467e-09	0	0	0	0	0	0	0	0	0	0	0	0	0	0	0	0	0	0	0	0	0	0	0	1.096e+04	0	0	0	0	0	0	0	0	0	0	0	0	0	0	0	5.247e+04	0	0	0	0	0	0	0	0	0	0	0	0	0	0	0	0	0	0	0	0	0	0	0	
3528	1760.328	3.45e+19	0	0	100000	1.94530886	6.253e-08	0.01276	0.0003994	3.743e-10	0.08024	5536	46.77	1.334e-05	0.02351	4.344e-11	0.0001049	0	2.996e-06	3.492e-16	1.927e-24	1.799e-26	2.399e-26	2.998e-26	1.97e-10	6.456e-11	4.093e-13	0.01042	6.344e-13	1.999e-27	0.07349	3.013e-08	6.825e-09	3.508e-09	0	0	0	0	0	0	0	0	0	0	0	0	0	0	0	0	0	0	0	0	0	0	0	1.104e+04	0	0	0	0	0	0	0	0	0	0	0	0	0	0	0	5.289e+04	0	0	0	0	0	0	0	0	0	0	0	0	0	0	0	0	0	0	0	0	0	0	0	
3556	1760.328	3.45e+19	0	0	100000	1.94534597	6.308e-08	0.01289	0.0004041	3.802e-10	0.08118	5601	47.31	1.357e-05	0.02381	4.407e-11	0.0001062	0	3.047e-06	3.532e-16	1.965e-24	1.82e-26	2.427e-26	3.033e-26	1.996e-10	6.549e-11	4.158e-13	0.01054	6.436e-13	2.023e-27	0.07434	3.048e-08	6.905e-09	3.549e-09	0	0	0	0	0	0	0	0	0	0	0	0	0	0	0	0	0	0	0	0	0	0	0	1.113e+04	0	0	0	0	0	0	0	0	0	0	0	0	0	0	0	5.331e+04	0	0	0	0	0	0	0	0	0	0	0	0	0	0	0	0	0	0	0	0	0	0	0	
3584	1760.328	3.45e+19	0	0	100000	1.94538308	6.364e-08	0.01302	0.0004088	3.862e-10	0.08212	5666	47.86	1.381e-05	0.02412	4.47e-11	0.0001076	0	3.1e-06	3.573e-16	2.004e-24	1.841e-26	2.455e-26	3.068e-26	2.021e-10	6.644e-11	4.223e-13	0.01067	6.528e-13	2.046e-27	0.0752	3.084e-08	6.985e-09	3.59e-09	0	0	0	0	0	0	0	0	0	0	0	0	0	0	0	0	0	0	0	0	0	0	0	1.122e+04	0	0	0	0	0	0	0	0	0	0	0	0	0	0	0	5.373e+04	0	0	0	0	0	0	0	0	0	0	0	0	0	0	0	0	0	0	0	0	0	0	0	
3612	1760.328	3.45e+19	0	0	100000	1.94542019	6.419e-08	0.01316	0.0004135	3.923e-10	0.08306	5731	48.41	1.404e-05	0.02443	4.534e-11	0.000109	0	3.152e-06	3.614e-16	2.044e-24	1.862e-26	2.483e-26	3.104e-26	2.047e-10	6.738e-11	4.29e-13	0.01079	6.621e-13	2.07e-27	0.07607	3.119e-08	7.065e-09	3.631e-09	0	0	0	0	0	0	0	0	0	0	0	0	0	0	0	0	0	0	0	0	0	0	0	1.131e+04	0	0	0	0	0	0	0	0	0	0	0	0	0	0	0	5.415e+04	0	0	0	0	0	0	0	0	0	0	0	0	0	0	0	0	0	0	0	0	0	0	0	
3640	1760.328	3.45e+19	0	0	100000	1.9454573	6.475e-08	0.01329	0.0004182	3.984e-10	0.084	5796	48.96	1.428e-05	0.02475	4.598e-11	0.0001104	0	3.206e-06	3.655e-16	2.085e-24	1.883e-26	2.511e-26	3.139e-26	2.074e-10	6.834e-11	4.356e-13	0.01091	6.715e-13	2.093e-27	0.07693	3.155e-08	7.145e-09	3.672e-09	0	0	0	0	0	0	0	0	0	0	0	0	0	0	0	0	0	0	0	0	0	0	0	1.139e+04	0	0	0	0	0	0	0	0	0	0	0	0	0	0	0	5.457e+04	0	0	0	0	0	0	0	0	0	0	0	0	0	0	0	0	0	0	0	0	0	0	0	
3668	1760.328	3.45e+19	0	0	100000	1.94549441	6.53e-08	0.01342	0.0004229	4.045e-10	0.08495	5861	49.51	1.452e-05	0.02506	4.663e-11	0.0001118	0	3.26e-06	3.697e-16	2.126e-24	1.905e-26	2.54e-26	3.174e-26	2.1e-10	6.93e-11	4.424e-13	0.01104	6.81e-13	2.117e-27	0.0778	3.19e-08	7.226e-09	3.714e-09	0	0	0	0	0	0	0	0	0	0	0	0	0	0	0	0	0	0	0	0	0	0	0	1.148e+04	0	0	0	0	0	0	0	0	0	0	0	0	0	0	0	5.499e+04	0	0	0	0	0	0	0	0	0	0	0	0	0	0	0	0	0	0	0	0	0	0	0	
3696	1760.328	3.45e+19	0	0	100000	1.94553152	6.584e-08	0.01355	0.0004276	4.108e-10	0.0859	5927	50.07	1.476e-05	0.02537	4.728e-11	0.0001132	0	3.315e-06	3.738e-16	2.167e-24	1.926e-26	2.568e-26	3.21e-26	2.126e-10	7.027e-11	4.492e-13	0.01116	6.905e-13	2.141e-27	0.07867	3.226e-08	7.307e-09	3.755e-09	0	0	0	0	0	0	0	0	0	0	0	0	0	0	0	0	0	0	0	0	0	0	0	1.157e+04	0	0	0	0	0	0	0	0	0	0	0	0	0	0	0	5.541e+04	0	0	0	0	0	0	0	0	0	0	0	0	0	0	0	0	0	0	0	0	0	0	0	
3724	1760.328	3.45e+19	0	0	100000	1.94556863	6.639e-08	0.01368	0.0004324	4.17e-10	0.08685	5993	50.62	1.501e-05	0.02569	4.793e-11	0.0001146	0	3.37e-06	3.779e-16	2.209e-24	1.947e-26	2.596e-26	3.245e-26	2.153e-10	7.124e-11	4.56e-13	0.01129	7.001e-13	2.164e-27	0.07954	3.262e-08	7.388e-09	3.797e-09	0	0	0	0	0	0	0	0	0	0	0	0	0	0	0	0	0	0	0	0	0	0	0	1.166e+04	0	0	0	0	0	0	0	0	0	0	0	0	0	0	0	5.583e+04	0	0	0	0	0	0	0	0	0	0	0	0	0	0	0	0	0	0	0	0	0	0	0	
3752	1760.328	3.45e+19	0	0	100000	1.94560574	6.693e-08	0.01381	0.0004371	4.234e-10	0.08781	6058	51.18	1.526e-05	0.02601	4.859e-11	0.000116	0	3.426e-06	3.821e-16	2.252e-24	1.969e-26	2.625e-26	3.281e-26	2.179e-10	7.222e-11	4.629e-13	0.01141	7.097e-13	2.188e-27	0.08042	3.297e-08	7.469e-09	3.838e-09	0	0	0	0	0	0	0	0	0	0	0	0	0	0	0	0	0	0	0	0	0	0	0	1.174e+04	0	0	0	0	0	0	0	0	0	0	0	0	0	0	0	5.625e+04	0	0	0	0	0	0	0	0	0	0	0	0	0	0	0	0	0	0	0	0	0	0	0	
3780	1760.328	3.45e+19	0	0	100000	1.94564285	6.748e-08	0.01394	0.0004419	4.297e-10	0.08876	6124	51.73	1.551e-05	0.02633	4.926e-11	0.0001175	0	3.482e-06	3.863e-16	2.296e-24	1.99e-26	2.653e-26	3.317e-26	2.206e-10	7.321e-11	4.699e-13	0.01154	7.194e-13	2.212e-27	0.08129	3.333e-08	7.55e-09	3.88e-09	0	0	0	0	0	0	0	0	0	0	0	0	0	0	0	0	0	0	0	0	0	0	0	1.183e+04	0	0	0	0	0	0	0	0	0	0	0	0	0	0	0	5.667e+04	0	0	0	0	0	0	0	0	0	0	0	0	0	0	0	0	0	0	0	0	0	0	0	
3808	1760.328	3.45e+19	0	0	100000	1.94567996	6.802e-08	0.01407	0.0004467	4.362e-10	0.08972	6190	52.29	1.577e-05	0.02665	4.993e-11	0.0001189	0	3.539e-06	3.904e-16	2.34e-24	2.012e-26	2.682e-26	3.353e-26	2.233e-10	7.421e-11	4.77e-13	0.01166	7.292e-13	2.236e-27	0.08217	3.369e-08	7.632e-09	3.922e-09	0	0	0	0	0	0	0	0	0	0	0	0	0	0	0	0	0	0	0	0	0	0	0	1.192e+04	0	0	0	0	0	0	0	0	0	0	0	0	0	0	0	5.709e+04	0	0	0	0	0	0	0	0	0	0	0	0	0	0	0	0	0	0	0	0	0	0	0	
3836	1760.328	3.45e+19	0	0	100000	1.94571707	6.856e-08	0.0142	0.0004514	4.427e-10	0.09068	6257	52.85	1.602e-05	0.02697	5.06e-11	0.0001203	0	3.597e-06	3.946e-16	2.384e-24	2.033e-26	2.711e-26	3.389e-26	2.26e-10	7.521e-11	4.841e-13	0.01179	7.39e-13	2.26e-27	0.08305	3.405e-08	7.714e-09	3.964e-09	0	0	0	0	0	0	0	0	0	0	0	0	0	0	0	0	0	0	0	0	0	0	0	1.201e+04	0	0	0	0	0	0	0	0	0	0	0	0	0	0	0	5.751e+04	0	0	0	0	0	0	0	0	0	0	0	0	0	0	0	0	0	0	0	0	0	0	0	
3864	1760.328	3.45e+19	0	0	100000	1.94575418	6.909e-08	0.01434	0.0004562	4.492e-10	0.09164	6323	53.41	1.628e-05	0.0273	5.128e-11	0.0001218	0	3.655e-06	3.988e-16	2.43e-24	2.055e-26	2.74e-26	3.425e-26	2.287e-10	7.622e-11	4.913e-13	0.01191	7.49e-13	2.284e-27	0.08393	3.442e-08	7.795e-09	4.006e-09	0	0	0	0	0	0	0	0	0	0	0	0	0	0	0	0	0	0	0	0	0	0	0	1.21e+04	0	0	0	0	0	0	0	0	0	0	0	0	0	0	0	5.793e+04	0	0	0	0	0	0	0	0	0	0	0	0	0	0	0	0	0	0	0	0	0	0	0	
3892	1760.328	3.45e+19	0	0	100000	1.94579129	6.963e-08	0.01447	0.000461	4.559e-10	0.09261	6390	53.98	1.654e-05	0.02762	5.197e-11	0.0001232	0	3.714e-06	4.03e-16	2.476e-24	2.076e-26	2.768e-26	3.461e-26	2.315e-10	7.723e-11	4.985e-13	0.01204	7.589e-13	2.308e-27	0.08481	3.478e-08	7.877e-09	4.048e-09	0	0	0	0	0	0	0	0	0	0	0	0	0	0	0	0	0	0	0	0	0	0	0	1.218e+04	0	0	0	0	0	0	0	0	0	0	0	0	0	0	0	5.835e+04	0	0	0	0	0	0	0	0	0	0	0	0	0	0	0	0	0	0	0	0	0	0	0	
3920	1760.328	3.45e+19	0	0	100000	1.9458284	7.016e-08	0.0146	0.0004658	4.625e-10	0.09358	6457	54.54	1.681e-05	0.02795	5.265e-11	0.0001247	0	3.774e-06	4.072e-16	2.523e-24	2.098e-26	2.797e-26	3.497e-26	2.342e-10	7.826e-11	5.058e-13	0.01217	7.69e-13	2.332e-27	0.0857	3.514e-08	7.96e-09	4.091e-09	0	0	0	0	0	0	0	0	0	0	0	0	0	0	0	0	0	0	0	0	0	0	0	1.227e+04	0	0	0	0	0	0	0	0	0	0	0	0	0	0	0	5.877e+04	0	0	0	0	0	0	0	0	0	0	0	0	0	0	0	0	0	0	0	0	0	0	0	
3948	1760.328	3.45e+19	0	0	100000	1.94586551	7.069e-08	0.01473	0.0004707	4.693e-10	0.09455	6523	55.11	1.708e-05	0.02828	5.335e-11	0.0001262	0	3.834e-06	4.114e-16	2.57e-24	2.12e-26	2.826e-26	3.533e-26	2.37e-10	7.928e-11	5.132e-13	0.01229	7.791e-13	2.356e-27	0.08659	3.55e-08	8.042e-09	4.133e-09	0	0	0	0	0	0	0	0	0	0	0	0	0	0	0	0	0	0	0	0	0	0	0	1.236e+04	0	0	0	0	0	0	0	0	0	0	0	0	0	0	0	5.919e+04	0	0	0	0	0	0	0	0	0	0	0	0	0	0	0	0	0	0	0	0	0	0	0	
3976	1760.328	3.45e+19	0	0	100000	1.94590262	7.122e-08	0.01486	0.0004755	4.761e-10	0.09552	6590	55.67	1.735e-05	0.02861	5.404e-11	0.0001276	0	3.895e-06	4.156e-16	2.618e-24	2.142e-26	2.855e-26	3.569e-26	2.397e-10	8.032e-11	5.206e-13	0.01242	7.893e-13	2.38e-27	0.08748	3.587e-08	8.125e-09	4.175e-09	0	0	0	0	0	0	0	0	0	0	0	0	0	0	0	0	0	0	0	0	0	0	0	1.245e+04	0	0	0	0	0	0	0	0	0	0	0	0	0	0	0	5.961e+04	0	0	0	0	0	0	0	0	0	0	0	0	0	0	0	0	0	0	0	0	0	0	0	
4004	1760.328	3.45e+19	0	0	100000	1.94593973	7.175e-08	0.01499	0.0004804	4.829e-10	0.09649	6658	56.24	1.762e-05	0.02894	5.475e-11	0.0001291	0	3.956e-06	4.199e-16	2.667e-24	2.163e-26	2.884e-26	3.606e-26	2.425e-10	8.136e-11	5.281e-13	0.01255	7.995e-13	2.404e-27	0.08837	3.624e-08	8.208e-09	4.218e-09	0	0	0	0	0	0	0	0	0	0	0	0	0	0	0	0	0	0	0	0	0	0	0	1.253e+04	0	0	0	0	0	0	0	0	0	0	0	0	0	0	0	6.003e+04	0	0	0	0	0	0	0	0	0	0	0	0	0	0	0	0	0	0	0	0	0	0	0	
4032	1760.328	3.45e+19	0	0	100000	1.94597684	7.227e-08	0.01512	0.0004852	4.898e-10	0.09747	6725	56.81	1.79e-05	0.02927	5.545e-11	0.0001306	0	4.019e-06	4.241e-16	2.716e-24	2.185e-26	2.914e-26	3.642e-26	2.453e-10	8.242e-11	5.356e-13	0.01268	8.099e-13	2.429e-27	0.08926	3.66e-08	8.291e-09	4.261e-09	0	0	0	0	0	0	0	0	0	0	0	0	0	0	0	0	0	0	0	0	0	0	0	1.262e+04	0	0	0	0	0	0	0	0	0	0	0	0	0	0	0	6.045e+04	0	0	0	0	0	0	0	0	0	0	0	0	0	0	0	0	0	0	0	0	0	0	0	
4060	1760.328	3.45e+19	0	0	100000	1.94601395	7.279e-08	0.01525	0.0004901	4.968e-10	0.09844	6792	57.38	1.818e-05	0.02961	5.616e-11	0.0001321	0	4.082e-06	4.284e-16	2.766e-24	2.207e-26	2.943e-26	3.679e-26	2.481e-10	8.347e-11	5.433e-13	0.01281	8.203e-13	2.453e-27	0.09016	3.697e-08	8.374e-09	4.303e-09	0	0	0	0	0	0	0	0	0	0	0	0	0	0	0	0	0	0	0	0	0	0	0	1.271e+04	0	0	0	0	0	0	0	0	0	0	0	0	0	0	0	6.087e+04	0	0	0	0	0	0	0	0	0	0	0	0	0	0	0	0	0	0	0	0	0	0	0	
4088	1760.328	3.45e+19	0	0	100000	1.94605106	7.331e-08	0.01538	0.0004949	5.038e-10	0.09942	6860	57.95	1.846e-05	0.02994	5.688e-11	0.0001336	0	4.145e-06	4.326e-16	2.817e-24	2.229e-26	2.972e-26	3.715e-26	2.509e-10	8.454e-11	5.51e-13	0.01293	8.307e-13	2.478e-27	0.09105	3.734e-08	8.457e-09	4.346e-09	0	0	0	0	0	0	0	0	0	0	0	0	0	0	0	0	0	0	0	0	0	0	0	1.28e+04	0	0	0	0	0	0	0	0	0	0	0	0	0	0	0	6.129e+04	0	0	0	0	0	0	0	0	0	0	0	0	0	0	0	0	0	0	0	0	0	0	0	
4116	1760.328	3.45e+19	0	0	100000	1.94608817	7.383e-08	0.01551	0.0004998	5.109e-10	0.1004	6927	58.52	1.875e-05	0.03028	5.76e-11	0.0001351	0	4.209e-06	4.369e-16	2.869e-24	2.251e-26	3.001e-26	3.752e-26	2.537e-10	8.561e-11	5.587e-13	0.01306	8.413e-13	2.502e-27	0.09195	3.77e-08	8.54e-09	4.389e-09	0	0	0	0	0	0	0	0	0	0	0	0	0	0	0	0	0	0	0	0	0	0	0	1.288e+04	0	0	0	0	0	0	0	0	0	0	0	0	0	0	0	6.171e+04	0	0	0	0	0	0	0	0	0	0	0	0	0	0	0	0	0	0	0	0	0	0	0	
4144	1760.328	3.45e+19	0	0	100000	1.94612528	7.435e-08	0.01564	0.0005047	5.181e-10	0.1014	6995	59.09	1.904e-05	0.03062	5.833e-11	0.0001366	0	4.274e-06	4.412e-16	2.921e-24	2.273e-26	3.031e-26	3.789e-26	2.566e-10	8.669e-11	5.665e-13	0.01319	8.519e-13	2.526e-27	0.09285	3.807e-08	8.624e-09	4.432e-09	0	0	0	0	0	0	0	0	0	0	0	0	0	0	0	0	0	0	0	0	0	0	0	1.297e+04	0	0	0	0	0	0	0	0	0	0	0	0	0	0	0	6.213e+04	0	0	0	0	0	0	0	0	0	0	0	0	0	0	0	0	0	0	0	0	0	0	0	
4172	1760.328	3.45e+19	0	0	100000	1.94616239	7.486e-08	0.01577	0.0005096	5.253e-10	0.1024	7063	59.67	1.933e-05	0.03096	5.906e-11	0.0001381	0	4.34e-06	4.455e-16	2.974e-24	2.295e-26	3.06e-26	3.825e-26	2.594e-10	8.777e-11	5.744e-13	0.01332	8.625e-13	2.551e-27	0.09375	3.844e-08	8.708e-09	4.475e-09	0	0	0	0	0	0	0	0	0	0	0	0	0	0	0	0	0	0	0	0	0	0	0	1.306e+04	0	0	0	0	0	0	0	0	0	0	0	0	0	0	0	6.255e+04	0	0	0	0	0	0	0	0	0	0	0	0	0	0	0	0	0	0	0	0	0	0	0	
4200	1760.328	3.45e+19	0	0	100000	1.9461995	7.537e-08	0.0159	0.0005145	5.326e-10	0.1034	7131	60.24	1.963e-05	0.0313	5.979e-11	0.0001397	0	4.406e-06	4.498e-16	3.028e-24	2.317e-26	3.09e-26	3.862e-26	2.623e-10	8.887e-11	5.824e-13	0.01345	8.733e-13	2.576e-27	0.09466	3.881e-08	8.792e-09	4.518e-09	0	0	0	0	0	0	0	0	0	0	0	0	0	0	0	0	0	0	0	0	0	0	0	1.315e+04	0	0	0	0	0	0	0	0	0	0	0	0	0	0	0	6.296e+04	0	0	0	0	0	0	0	0	0	0	0	0	0	0	0	0	0	0	0	0	0	0	0	
4228	1760.328	3.45e+19	0	0	100000	1.94623661	7.588e-08	0.01603	0.0005195	5.399e-10	0.1043	7200	60.82	1.993e-05	0.03165	6.053e-11	0.0001412	0	4.473e-06	4.541e-16	3.083e-24	2.339e-26	3.119e-26	3.899e-26	2.652e-10	8.997e-11	5.904e-13	0.01358	8.841e-13	2.6e-27	0.09556	3.919e-08	8.876e-09	4.561e-09	0	0	0	0	0	0	0	0	0	0	0	0	0	0	0	0	0	0	0	0	0	0	0	1.323e+04	0	0	0	0	0	0	0	0	0	0	0	0	0	0	0	6.338e+04	0	0	0	0	0	0	0	0	0	0	0	0	0	0	0	0	0	0	0	0	0	0	0	
4256	1760.328	3.45e+19	0	0	100000	1.94627372	7.639e-08	0.01616	0.0005244	5.473e-10	0.1053	7268	61.39	2.023e-05	0.03199	6.128e-11	0.0001427	0	4.541e-06	4.584e-16	3.138e-24	2.362e-26	3.149e-26	3.936e-26	2.681e-10	9.107e-11	5.985e-13	0.01371	8.949e-13	2.625e-27	0.09647	3.956e-08	8.96e-09	4.605e-09	0	0	0	0	0	0	0	0	0	0	0	0	0	0	0	0	0	0	0	0	0	0	0	1.332e+04	0	0	0	0	0	0	0	0	0	0	0	0	0	0	0	6.38e+04	0	0	0	0	0	0	0	0	0	0	0	0	0	0	0	0	0	0	0	0	0	0	0	
4284	1760.328	3.45e+19	0	0	100000	1.94631083	7.689e-08	0.01629	0.0005293	5.548e-10	0.1063	7336	61.97	2.053e-05	0.03234	6.203e-11	0.0001443	0	4.609e-06	4.627e-16	3.194e-24	2.384e-26	3.179e-26	3.973e-26	2.71e-10	9.219e-11	6.067e-13	0.01384	9.059e-13	2.65e-27	0.09738	3.993e-08	9.044e-09	4.648e-09	0	0	0	0	0	0	0	0	0	0	0	0	0	0	0	0	0	0	0	0	0	0	0	1.341e+04	0	0	0	0	0	0	0	0	0	0	0	0	0	0	0	6.422e+04	0	0	0	0	0	0	0	0	0	0	0	0	0	0	0	0	0	0	0	0	0	0	0	
4312	1760.328	3.45e+19	0	0	100000	1.94634794	7.74e-08	0.01642	0.0005343	5.623e-10	0.1073	7405	62.55	2.084e-05	0.03268	6.278e-11	0.0001458	0	4.678e-06	4.67e-16	3.251e-24	2.406e-26	3.208e-26	4.01e-26	2.739e-10	9.331e-11	6.149e-13	0.01397	9.169e-13	2.674e-27	0.09829	4.03e-08	9.129e-09	4.691e-09	0	0	0	0	0	0	0	0	0	0	0	0	0	0	0	0	0	0	0	0	0	0	0	1.35e+04	0	0	0	0	0	0	0	0	0	0	0	0	0	0	0	6.464e+04	0	0	0	0	0	0	0	0	0	0	0	0	0	0	0	0	0	0	0	0	0	0	0	
4340	1760.328	3.45e+19	0	0	100000	1.94638505	7.79e-08	0.01655	0.0005392	5.699e-10	0.1083	7474	63.13	2.115e-05	0.03303	6.354e-11	0.0001474	0	4.748e-06	4.714e-16	3.309e-24	2.429e-26	3.238e-26	4.048e-26	2.768e-10	9.444e-11	6.232e-13	0.0141	9.28e-13	2.699e-27	0.0992	4.068e-08	9.214e-09	4.735e-09	0	0	0	0	0	0	0	0	0	0	0	0	0	0	0	0	0	0	0	0	0	0	0	1.359e+04	0	0	0	0	0	0	0	0	0	0	0	0	0	0	0	6.506e+04	0	0	0	0	0	0	0	0	0	0	0	0	0	0	0	0	0	0	0	0	0	0	0	
4368	1760.328	3.45e+19	0	0	100000	1.94642216	7.839e-08	0.01668	0.0005442	5.776e-10	0.1093	7542	63.71	2.146e-05	0.03338	6.431e-11	0.0001489	0	4.818e-06	4.757e-16	3.367e-24	2.451e-26	3.268e-26	4.085e-26	2.797e-10	9.557e-11	6.316e-13	0.01424	9.392e-13	2.724e-27	0.1001	4.105e-08	9.298e-09	4.779e-09	0	0	0	0	0	0	0	0	0	0	0	0	0	0	0	0	0	0	0	0	0	0	0	1.367e+04	0	0	0	0	0	0	0	0	0	0	0	0	0	0	0	6.548e+04	0	0	0	0	0	0	0	0	0	0	0	0	0	0	0	0	0	0	0	0	0	0	0	
4396	1760.328	3.45e+19	0	0	100000	1.94645927	7.889e-08	0.01681	0.0005492	5.853e-10	0.1103	7611	64.3	2.178e-05	0.03374	6.508e-11	0.0001505	0	4.89e-06	4.8e-16	3.427e-24	2.473e-26	3.298e-26	4.122e-26	2.827e-10	9.672e-11	6.401e-13	0.01437	9.504e-13	2.749e-27	0.101	4.143e-08	9.383e-09	4.822e-09	0	0	0	0	0	0	0	0	0	0	0	0	0	0	0	0	0	0	0	0	0	0	0	1.376e+04	0	0	0	0	0	0	0	0	0	0	0	0	0	0	0	6.59e+04	0	0	0	0	0	0	0	0	0	0	0	0	0	0	0	0	0	0	0	0	0	0	0	
4424	1760.328	3.45e+19	0	0	100000	1.94649638	7.938e-08	0.01694	0.0005541	5.931e-10	0.1113	7680	64.88	2.21e-05	0.03409	6.585e-11	0.0001521	0	4.962e-06	4.844e-16	3.487e-24	2.496e-26	3.328e-26	4.159e-26	2.857e-10	9.787e-11	6.486e-13	0.0145	9.617e-13	2.774e-27	0.1019	4.18e-08	9.469e-09	4.866e-09	0	0	0	0	0	0	0	0	0	0	0	0	0	0	0	0	0	0	0	0	0	0	0	1.385e+04	0	0	0	0	0	0	0	0	0	0	0	0	0	0	0	6.632e+04	0	0	0	0	0	0	0	0	0	0	0	0	0	0	0	0	0	0	0	0	0	0	0	
4452	1760.328	3.45e+19	0	0	100000	1.94653349	7.987e-08	0.01706	0.0005591	6.01e-10	0.1123	7749	65.46	2.243e-05	0.03444	6.663e-11	0.0001537	0	5.035e-06	4.888e-16	3.548e-24	2.518e-26	3.358e-26	4.197e-26	2.886e-10	9.903e-11	6.572e-13	0.01463	9.731e-13	2.799e-27	0.1029	4.218e-08	9.554e-09	4.91e-09	0	0	0	0	0	0	0	0	0	0	0	0	0	0	0	0	0	0	0	0	0	0	0	1.394e+04	0	0	0	0	0	0	0	0	0	0	0	0	0	0	0	6.674e+04	0	0	0	0	0	0	0	0	0	0	0	0	0	0	0	0	0	0	0	0	0	0	0	
4480	1760.328	3.45e+19	0	0	100000	1.9465706	8.036e-08	0.01719	0.0005641	6.089e-10	0.1133	7819	66.05	2.275e-05	0.0348	6.741e-11	0.0001553	0	5.108e-06	4.931e-16	3.61e-24	2.541e-26	3.388e-26	4.234e-26	2.916e-10	1.002e-10	6.658e-13	0.01476	9.845e-13	2.824e-27	0.1038	4.256e-08	9.639e-09	4.954e-09	0	0	0	0	0	0	0	0	0	0	0	0	0	0	0	0	0	0	0	0	0	0	0	1.402e+04	0	0	0	0	0	0	0	0	0	0	0	0	0	0	0	6.716e+04	0	0	0	0	0	0	0	0	0	0	0	0	0	0	0	0	0	0	0	0	0	0	0	
4508	1760.328	3.45e+19	0	0	100000	1.94660771	8.085e-08	0.01732	0.0005691	6.169e-10	0.1143	7888	66.63	2.309e-05	0.03516	6.82e-11	0.0001569	0	5.182e-06	4.975e-16	3.673e-24	2.563e-26	3.418e-26	4.272e-26	2.946e-10	1.014e-10	6.746e-13	0.0149	9.961e-13	2.849e-27	0.1047	4.293e-08	9.725e-09	4.998e-09	0	0	0	0	0	0	0	0	0	0	0	0	0	0	0	0	0	0	0	0	0	0	0	1.411e+04	0	0	0	0	0	0	0	0	0	0	0	0	0	0	0	6.758e+04	0	0	0	0	0	0	0	0	0	0	0	0	0	0	0	0	0	0	0	0	0	0	0	
4536	1760.328	3.45e+19	0	0	100000	1.94664482	8.133e-08	0.01745	0.0005742	6.249e-10	0.1153	7958	67.22	2.342e-05	0.03552	6.9e-11	0.0001585	0	5.257e-06	5.019e-16	3.736e-24	2.586e-26	3.448e-26	4.31e-26	2.976e-10	1.025e-10	6.834e-13	0.01503	1.008e-12	2.874e-27	0.1056	4.331e-08	9.81e-09	5.042e-09	0	0	0	0	0	0	0	0	0	0	0	0	0	0	0	0	0	0	0	0	0	0	0	1.42e+04	0	0	0	0	0	0	0	0	0	0	0	0	0	0	0	6.8e+04	0	0	0	0	0	0	0	0	0	0	0	0	0	0	0	0	0	0	0	0	0	0	0	
4564	1760.328	3.45e+19	0	0	100000	1.94668193	8.181e-08	0.01758	0.0005792	6.331e-10	0.1163	8027	67.81	2.376e-05	0.03588	6.979e-11	0.0001601	0	5.333e-06	5.063e-16	3.801e-24	2.608e-26	3.478e-26	4.347e-26	3.007e-10	1.037e-10	6.923e-13	0.01516	1.019e-12	2.899e-27	0.1065	4.369e-08	9.896e-09	5.086e-09	0	0	0	0	0	0	0	0	0	0	0	0	0	0	0	0	0	0	0	0	0	0	0	1.429e+04	0	0	0	0	0	0	0	0	0	0	0	0	0	0	0	6.842e+04	0	0	0	0	0	0	0	0	0	0	0	0	0	0	0	0	0	0	0	0	0	0	0	
4592	1760.328	3.45e+19	0	0	100000	1.94671904	8.229e-08	0.0177	0.0005842	6.412e-10	0.1174	8097	68.4	2.41e-05	0.03624	7.06e-11	0.0001617	0	5.41e-06	5.107e-16	3.866e-24	2.631e-26	3.508e-26	4.385e-26	3.037e-10	1.049e-10	7.012e-13	0.01529	1.031e-12	2.924e-27	0.1075	4.407e-08	9.982e-09	5.13e-09	0	0	0	0	0	0	0	0	0	0	0	0	0	0	0	0	0	0	0	0	0	0	0	1.437e+04	0	0	0	0	0	0	0	0	0	0	0	0	0	0	0	6.884e+04	0	0	0	0	0	0	0	0	0	0	0	0	0	0	0	0	0	0	0	0	0	0	0	
4620	1760.328	3.45e+19	0	0	100000	1.94675615	8.277e-08	0.01783	0.0005892	6.495e-10	0.1184	8167	68.99	2.444e-05	0.03661	7.141e-11	0.0001633	0	5.487e-06	5.151e-16	3.933e-24	2.654e-26	3.538e-26	4.423e-26	3.067e-10	1.061e-10	7.102e-13	0.01543	1.043e-12	2.949e-27	0.1084	4.445e-08	1.007e-08	5.174e-09	0	0	0	0	0	0	0	0	0	0	0	0	0	0	0	0	0	0	0	0	0	0	0	1.446e+04	0	0	0	0	0	0	0	0	0	0	0	0	0	0	0	6.926e+04	0	0	0	0	0	0	0	0	0	0	0	0	0	0	0	0	0	0	0	0	0	0	0	
4648	1760.328	3.45e+19	0	0	100000	1.94679326	8.324e-08	0.01796	0.0005943	6.578e-10	0.1194	8237	69.58	2.479e-05	0.03697	7.222e-11	0.0001649	0	5.565e-06	5.195e-16	4e-24	2.676e-26	3.569e-26	4.461e-26	3.098e-10	1.073e-10	7.194e-13	0.01556	1.055e-12	2.975e-27	0.1093	4.483e-08	1.015e-08	5.218e-09	0	0	0	0	0	0	0	0	0	0	0	0	0	0	0	0	0	0	0	0	0	0	0	1.455e+04	0	0	0	0	0	0	0	0	0	0	0	0	0	0	0	6.968e+04	0	0	0	0	0	0	0	0	0	0	0	0	0	0	0	0	0	0	0	0	0	0	0	
4676	1760.328	3.45e+19	0	0	100000	1.94683037	8.372e-08	0.01809	0.0005993	6.662e-10	0.1204	8307	70.17	2.514e-05	0.03734	7.304e-11	0.0001666	0	5.644e-06	5.239e-16	4.068e-24	2.699e-26	3.599e-26	4.499e-26	3.129e-10	1.086e-10	7.285e-13	0.0157	1.067e-12	3e-27	0.1103	4.521e-08	1.024e-08	5.263e-09	0	0	0	0	0	0	0	0	0	0	0	0	0	0	0	0	0	0	0	0	0	0	0	1.464e+04	0	0	0	0	0	0	0	0	0	0	0	0	0	0	0	7.01e+04	0	0	0	0	0	0	0	0	0	0	0	0	0	0	0	0	0	0	0	0	0	0	0	
4704	1760.328	3.45e+19	0	0	100000	1.94686748	8.419e-08	0.01821	0.0006044	6.747e-10	0.1214	8377	70.76	2.55e-05	0.03771	7.386e-11	0.0001682	0	5.724e-06	5.283e-16	4.137e-24	2.722e-26	3.629e-26	4.537e-26	3.16e-10	1.098e-10	7.378e-13	0.01583	1.079e-12	3.025e-27	0.1112	4.559e-08	1.033e-08	5.307e-09	0	0	0	0	0	0	0	0	0	0	0	0	0	0	0	0	0	0	0	0	0	0	0	1.472e+04	0	0	0	0	0	0	0	0	0	0	0	0	0	0	0	7.052e+04	0	0	0	0	0	0	0	0	0	0	0	0	0	0	0	0	0	0	0	0	0	0	0	
4732	1760.328	3.45e+19	0	0	100000	1.94690459	8.465e-08	0.01834	0.0006095	6.832e-10	0.1224	8447	71.35	2.586e-05	0.03808	7.469e-11	0.0001699	0	5.804e-06	5.327e-16	4.207e-24	2.745e-26	3.66e-26	4.575e-26	3.19e-10	1.11e-10	7.471e-13	0.01596	1.091e-12	3.051e-27	0.1121	4.597e-08	1.041e-08	5.352e-09	0	0	0	0	0	0	0	0	0	0	0	0	0	0	0	0	0	0	0	0	0	0	0	1.481e+04	0	0	0	0	0	0	0	0	0	0	0	0	0	0	0	7.094e+04	0	0	0	0	0	0	0	0	0	0	0	0	0	0	0	0	0	0	0	0	0	0	0	
4760	1760.328	3.45e+19	0	0	100000	1.9469417	8.512e-08	0.01847	0.0006145	6.918e-10	0.1234	8517	71.95	2.622e-05	0.03845	7.553e-11	0.0001715	0	5.886e-06	5.372e-16	4.278e-24	2.768e-26	3.69e-26	4.613e-26	3.222e-10	1.122e-10	7.565e-13	0.0161	1.103e-12	3.076e-27	0.1131	4.636e-08	1.05e-08	5.396e-09	0	0	0	0	0	0	0	0	0	0	0	0	0	0	0	0	0	0	0	0	0	0	0	1.49e+04	0	0	0	0	0	0	0	0	0	0	0	0	0	0	0	7.136e+04	0	0	0	0	0	0	0	0	0	0	0	0	0	0	0	0	0	0	0	0	0	0	0	
4788	1760.328	3.45e+19	0	0	100000	1.94697881	8.558e-08	0.01859	0.0006196	7.005e-10	0.1245	8588	72.54	2.658e-05	0.03882	7.637e-11	0.0001732	0	5.968e-06	5.416e-16	4.35e-24	2.791e-26	3.721e-26	4.651e-26	3.253e-10	1.135e-10	7.66e-13	0.01623	1.115e-12	3.102e-27	0.114	4.674e-08	1.059e-08	5.441e-09	0	0	0	0	0	0	0	0	0	0	0	0	0	0	0	0	0	0	0	0	0	0	0	1.499e+04	0	0	0	0	0	0	0	0	0	0	0	0	0	0	0	7.178e+04	0	0	0	0	0	0	0	0	0	0	0	0	0	0	0	0	0	0	0	0	0	0	0	
4816	1760.328	3.45e+19	0	0	100000	1.94701592	8.604e-08	0.01872	0.0006247	7.092e-10	0.1255	8658	73.14	2.695e-05	0.03919	7.721e-11	0.0001749	0	6.051e-06	5.461e-16	4.423e-24	2.813e-26	3.751e-26	4.689e-26	3.284e-10	1.147e-10	7.756e-13	0.01637	1.128e-12	3.127e-27	0.1149	4.712e-08	1.067e-08	5.485e-09	0	0	0	0	0	0	0	0	0	0	0	0	0	0	0	0	0	0	0	0	0	0	0	1.508e+04	0	0	0	0	0	0	0	0	0	0	0	0	0	0	0	7.22e+04	0	0	0	0	0	0	0	0	0	0	0	0	0	0	0	0	0	0	0	0	0	0	0	
4844	1760.328	3.45e+19	0	0	100000	1.94705303	8.65e-08	0.01885	0.0006298	7.18e-10	0.1265	8729	73.73	2.733e-05	0.03957	7.806e-11	0.0001765	0	6.134e-06	5.505e-16	4.497e-24	2.836e-26	3.782e-26	4.727e-26	3.316e-10	1.16e-10	7.852e-13	0.0165	1.14e-12	3.152e-27	0.1159	4.751e-08	1.076e-08	5.53e-09	0	0	0	0	0	0	0	0	0	0	0	0	0	0	0	0	0	0	0	0	0	0	0	1.516e+04	0	0	0	0	0	0	0	0	0	0	0	0	0	0	0	7.262e+04	0	0	0	0	0	0	0	0	0	0	0	0	0	0	0	0	0	0	0	0	0	0	0	
4872	1760.328	3.45e+19	0	0	100000	1.94709014	8.695e-08	0.01897	0.0006349	7.269e-10	0.1275	8799	74.33	2.77e-05	0.03994	7.891e-11	0.0001782	0	6.219e-06	5.55e-16	4.572e-24	2.859e-26	3.812e-26	4.766e-26	3.347e-10	1.173e-10	7.949e-13	0.01664	1.152e-12	3.178e-27	0.1168	4.789e-08	1.085e-08	5.575e-09	0	0	0	0	0	0	0	0	0	0	0	0	0	0	0	0	0	0	0	0	0	0	0	1.525e+04	0	0	0	0	0	0	0	0	0	0	0	0	0	0	0	7.304e+04	0	0	0	0	0	0	0	0	0	0	0	0	0	0	0	0	0	0	0	0	0	0	0	
4900	1760.328	3.45e+19	0	0	100000	1.94712725	8.74e-08	0.0191	0.00064	7.359e-10	0.1286	8870	74.93	2.809e-05	0.04032	7.977e-11	0.0001799	0	6.305e-06	5.594e-16	4.648e-24	2.882e-26	3.843e-26	4.804e-26	3.379e-10	1.186e-10	8.047e-13	0.01677	1.165e-12	3.204e-27	0.1177	4.828e-08	1.094e-08	5.62e-09	0	0	0	0	0	0	0	0	0	0	0	0	0	0	0	0	0	0	0	0	0	0	0	1.534e+04	0	0	0	0	0	0	0	0	0	0	0	0	0	0	0	7.346e+04	0	0	0	0	0	0	0	0	0	0	0	0	0	0	0	0	0	0	0	0	0	0	0	
4928	1760.328	3.45e+19	0	0	100000	1.94716436	8.785e-08	0.01922	0.0006451	7.449e-10	0.1296	8941	75.53	2.847e-05	0.0407	8.064e-11	0.0001816	0	6.391e-06	5.639e-16	4.725e-24	2.905e-26	3.874e-26	4.842e-26	3.411e-10	1.198e-10	8.146e-13	0.01691	1.178e-12	3.229e-27	0.1187	4.866e-08	1.102e-08	5.665e-09	0	0	0	0	0	0	0	0	0	0	0	0	0	0	0	0	0	0	0	0	0	0	0	1.543e+04	0	0	0	0	0	0	0	0	0	0	0	0	0	0	0	7.388e+04	0	0	0	0	0	0	0	0	0	0	0	0	0	0	0	0	0	0	0	0	0	0	0	
4956	1760.328	3.45e+19	0	0	100000	1.94720147	8.83e-08	0.01935	0.0006502	7.54e-10	0.1306	9012	76.13	2.886e-05	0.04108	8.151e-11	0.0001833	0	6.478e-06	5.684e-16	4.803e-24	2.928e-26	3.905e-26	4.881e-26	3.443e-10	1.211e-10	8.245e-13	0.01705	1.19e-12	3.255e-27	0.1196	4.905e-08	1.111e-08	5.71e-09	0	0	0	0	0	0	0	0	0	0	0	0	0	0	0	0	0	0	0	0	0	0	0	1.551e+04	0	0	0	0	0	0	0	0	0	0	0	0	0	0	0	7.43e+04	0	0	0	0	0	0	0	0	0	0	0	0	0	0	0	0	0	0	0	0	0	0	0	
4984	1760.328	3.45e+19	0	0	100000	1.94723858	8.875e-08	0.01947	0.0006554	7.632e-10	0.1316	9083	76.73	2.925e-05	0.04147	8.238e-11	0.000185	0	6.566e-06	5.729e-16	4.882e-24	2.951e-26	3.935e-26	4.919e-26	3.475e-10	1.224e-10	8.346e-13	0.01718	1.203e-12	3.28e-27	0.1206	4.944e-08	1.12e-08	5.755e-09	0	0	0	0	0	0	0	0	0	0	0	0	0	0	0	0	0	0	0	0	0	0	0	1.56e+04	0	0	0	0	0	0	0	0	0	0	0	0	0	0	0	7.472e+04	0	0	0	0	0	0	0	0	0	0	0	0	0	0	0	0	0	0	0	0	0	0	0	
5012	1760.328	3.45e+19	0	0	100000	1.94727569	8.919e-08	0.0196	0.0006605	7.724e-10	0.1327	9154	77.33	2.965e-05	0.04185	8.326e-11	0.0001867	0	6.655e-06	5.773e-16	4.962e-24	2.975e-26	3.966e-26	4.958e-26	3.507e-10	1.237e-10	8.447e-13	0.01732	1.216e-12	3.306e-27	0.1215	4.982e-08	1.129e-08	5.8e-09	0	0	0	0	0	0	0	0	0	0	0	0	0	0	0	0	0	0	0	0	0	0	0	1.569e+04	0	0	0	0	0	0	0	0	0	0	0	0	0	0	0	7.514e+04	0	0	0	0	0	0	0	0	0	0	0	0	0	0	0	0	0	0	0	0	0	0	0	
5040	1760.328	3.45e+19	0	0	100000	1.9473128	8.963e-08	0.01972	0.0006656	7.818e-10	0.1337	9225	77.93	3.005e-05	0.04223	8.415e-11	0.0001884	0	6.745e-06	5.818e-16	5.043e-24	2.998e-26	3.997e-26	4.996e-26	3.539e-10	1.251e-10	8.549e-13	0.01746	1.229e-12	3.332e-27	0.1225	5.021e-08	1.137e-08	5.845e-09	0	0	0	0	0	0	0	0	0	0	0	0	0	0	0	0	0	0	0	0	0	0	0	1.578e+04	0	0	0	0	0	0	0	0	0	0	0	0	0	0	0	7.556e+04	0	0	0	0	0	0	0	0	0	0	0	0	0	0	0	0	0	0	0	0	0	0	0	
5068	1760.328	3.45e+19	0	0	100000	1.94734991	9.007e-08	0.01985	0.0006708	7.911e-10	0.1347	9297	78.53	3.045e-05	0.04262	8.504e-11	0.0001902	0	6.836e-06	5.863e-16	5.126e-24	3.021e-26	4.028e-26	5.035e-26	3.571e-10	1.264e-10	8.651e-13	0.01759	1.242e-12	3.358e-27	0.1234	5.06e-08	1.146e-08	5.89e-09	0	0	0	0	0	0	0	0	0	0	0	0	0	0	0	0	0	0	0	0	0	0	0	1.586e+04	0	0	0	0	0	0	0	0	0	0	0	0	0	0	0	7.598e+04	0	0	0	0	0	0	0	0	0	0	0	0	0	0	0	0	0	0	0	0	0	0	0	
5096	1760.328	3.45e+19	0	0	100000	1.94738702	9.05e-08	0.01997	0.0006759	8.006e-10	0.1358	9368	79.14	3.086e-05	0.04301	8.594e-11	0.0001919	0	6.927e-06	5.908e-16	5.209e-24	3.044e-26	4.059e-26	5.074e-26	3.604e-10	1.277e-10	8.755e-13	0.01773	1.255e-12	3.383e-27	0.1243	5.099e-08	1.155e-08	5.935e-09	0	0	0	0	0	0	0	0	0	0	0	0	0	0	0	0	0	0	0	0	0	0	0	1.595e+04	0	0	0	0	0	0	0	0	0	0	0	0	0	0	0	7.64e+04	0	0	0	0	0	0	0	0	0	0	0	0	0	0	0	0	0	0	0	0	0	0	0	
5124	1760.328	3.45e+19	0	0	100000	1.94742413	9.093e-08	0.02009	0.0006811	8.102e-10	0.1368	9440	79.74	3.127e-05	0.0434	8.684e-11	0.0001936	0	7.02e-06	5.953e-16	5.294e-24	3.067e-26	4.09e-26	5.112e-26	3.637e-10	1.291e-10	8.859e-13	0.01787	1.268e-12	3.409e-27	0.1253	5.138e-08	1.164e-08	5.981e-09	0	0	0	0	0	0	0	0	0	0	0	0	0	0	0	0	0	0	0	0	0	0	0	1.604e+04	0	0	0	0	0	0	0	0	0	0	0	0	0	0	0	7.682e+04	0	0	0	0	0	0	0	0	0	0	0	0	0	0	0	0	0	0	0	0	0	0	0	
5152	1760.328	3.45e+19	0	0	100000	1.94746124	9.136e-08	0.02022	0.0006862	8.198e-10	0.1378	9511	80.34	3.169e-05	0.04379	8.774e-11	0.0001954	0	7.113e-06	5.999e-16	5.379e-24	3.091e-26	4.121e-26	5.151e-26	3.669e-10	1.304e-10	8.965e-13	0.018	1.281e-12	3.435e-27	0.1262	5.177e-08	1.173e-08	6.026e-09	0	0	0	0	0	0	0	0	0	0	0	0	0	0	0	0	0	0	0	0	0	0	0	1.613e+04	0	0	0	0	0	0	0	0	0	0	0	0	0	0	0	7.724e+04	0	0	0	0	0	0	0	0	0	0	0	0	0	0	0	0	0	0	0	0	0	0	0	
5180	1760.328	3.45e+19	0	0	100000	1.94749835	9.179e-08	0.02034	0.0006914	8.295e-10	0.1389	9583	80.95	3.211e-05	0.04418	8.866e-11	0.0001971	0	7.208e-06	6.044e-16	5.466e-24	3.114e-26	4.152e-26	5.19e-26	3.702e-10	1.318e-10	9.071e-13	0.01814	1.295e-12	3.461e-27	0.1272	5.216e-08	1.181e-08	6.071e-09	0	0	0	0	0	0	0	0	0	0	0	0	0	0	0	0	0	0	0	0	0	0	0	1.621e+04	0	0	0	0	0	0	0	0	0	0	0	0	0	0	0	7.766e+04	0	0	0	0	0	0	0	0	0	0	0	0	0	0	0	0	0	0	0	0	0	0	0	
5208	1760.328	3.45e+19	0	0	100000	1.94753546	9.221e-08	0.02046	0.0006966	8.393e-10	0.1399	9654	81.55	3.253e-05	0.04458	8.957e-11	0.0001989	0	7.303e-06	6.089e-16	5.554e-24	3.137e-26	4.183e-26	5.229e-26	3.735e-10	1.331e-10	9.178e-13	0.01828	1.308e-12	3.487e-27	0.1281	5.255e-08	1.19e-08	6.117e-09	0	0	0	0	0	0	0	0	0	0	0	0	0	0	0	0	0	0	0	0	0	0	0	1.63e+04	0	0	0	0	0	0	0	0	0	0	0	0	0	0	0	7.808e+04	0	0	0	0	0	0	0	0	0	0	0	0	0	0	0	0	0	0	0	0	0	0	0	
5236	1760.328	3.45e+19	0	0	100000	1.94757257	9.264e-08	0.02059	0.0007018	8.491e-10	0.141	9726	82.16	3.296e-05	0.04497	9.05e-11	0.0002006	0	7.399e-06	6.134e-16	5.644e-24	3.16e-26	4.214e-26	5.267e-26	3.768e-10	1.345e-10	9.285e-13	0.01842	1.322e-12	3.513e-27	0.1291	5.294e-08	1.199e-08	6.162e-09	0	0	0	0	0	0	0	0	0	0	0	0	0	0	0	0	0	0	0	0	0	0	0	1.639e+04	0	0	0	0	0	0	0	0	0	0	0	0	0	0	0	7.85e+04	0	0	0	0	0	0	0	0	0	0	0	0	0	0	0	0	0	0	0	0	0	0	0	
5264	1760.328	3.45e+19	0	0	100000	1.94760968	9.306e-08	0.02071	0.0007069	8.591e-10	0.142	9798	82.77	3.34e-05	0.04537	9.143e-11	0.0002024	0	7.497e-06	6.18e-16	5.734e-24	3.184e-26	4.245e-26	5.306e-26	3.802e-10	1.359e-10	9.394e-13	0.01856	1.335e-12	3.539e-27	0.1301	5.333e-08	1.208e-08	6.208e-09	0	0	0	0	0	0	0	0	0	0	0	0	0	0	0	0	0	0	0	0	0	0	0	1.648e+04	0	0	0	0	0	0	0	0	0	0	0	0	0	0	0	7.892e+04	0	0	0	0	0	0	0	0	0	0	0	0	0	0	0	0	0	0	0	0	0	0	0	
5292	1760.328	3.45e+19	0	0	100000	1.94764679	9.347e-08	0.02083	0.0007121	8.691e-10	0.143	9870	83.38	3.383e-05	0.04577	9.236e-11	0.0002042	0	7.595e-06	6.225e-16	5.826e-24	3.207e-26	4.276e-26	5.345e-26	3.835e-10	1.373e-10	9.503e-13	0.01869	1.349e-12	3.565e-27	0.131	5.372e-08	1.217e-08	6.253e-09	0	0	0	0	0	0	0	0	0	0	0	0	0	0	0	0	0	0	0	0	0	0	0	1.657e+04	0	0	0	0	0	0	0	0	0	0	0	0	0	0	0	7.934e+04	0	0	0	0	0	0	0	0	0	0	0	0	0	0	0	0	0	0	0	0	0	0	0	
5320	1760.328	3.45e+19	0	0	100000	1.9476839	9.389e-08	0.02095	0.0007173	8.791e-10	0.1441	9942	83.98	3.428e-05	0.04617	9.33e-11	0.000206	0	7.694e-06	6.27e-16	5.918e-24	3.231e-26	4.308e-26	5.384e-26	3.869e-10	1.387e-10	9.614e-13	0.01883	1.363e-12	3.591e-27	0.132	5.411e-08	1.226e-08	6.299e-09	0	0	0	0	0	0	0	0	0	0	0	0	0	0	0	0	0	0	0	0	0	0	0	1.665e+04	0	0	0	0	0	0	0	0	0	0	0	0	0	0	0	7.976e+04	0	0	0	0	0	0	0	0	0	0	0	0	0	0	0	0	0	0	0	0	0	0	0	
5348	1760.328	3.45e+19	0	0	100000	1.94772101	9.43e-08	0.02108	0.0007225	8.893e-10	0.1451	1.001e+04	84.59	3.472e-05	0.04657	9.424e-11	0.0002078	0	7.794e-06	6.316e-16	6.013e-24	3.254e-26	4.339e-26	5.423e-26	3.902e-10	1.401e-10	9.725e-13	0.01897	1.376e-12	3.617e-27	0.1329	5.45e-08	1.235e-08	6.345e-09	0	0	0	0	0	0	0	0	0	0	0	0	0	0	0	0	0	0	0	0	0	0	0	1.674e+04	0	0	0	0	0	0	0	0	0	0	0	0	0	0	0	8.018e+04	0	0	0	0	0	0	0	0	0	0	0	0	0	0	0	0	0	0	0	0	0	0	0	
5376	1760.328	3.45e+19	0	0	100000	1.94775812	9.471e-08	0.0212	0.0007277	8.996e-10	0.1462	1.009e+04	85.2	3.517e-05	0.04697	9.519e-11	0.0002096	0	7.895e-06	6.361e-16	6.108e-24	3.278e-26	4.37e-26	5.463e-26	3.936e-10	1.415e-10	9.837e-13	0.01911	1.39e-12	3.643e-27	0.1339	5.49e-08	1.243e-08	6.39e-09	0	0	0	0	0	0	0	0	0	0	0	0	0	0	0	0	0	0	0	0	0	0	0	1.683e+04	0	0	0	0	0	0	0	0	0	0	0	0	0	0	0	8.059e+04	0	0	0	0	0	0	0	0	0	0	0	0	0	0	0	0	0	0	0	0	0	0	0	
5404	1760.328	3.45e+19	0	0	100000	1.94779523	9.511e-08	0.02132	0.000733	9.099e-10	0.1472	1.016e+04	85.81	3.563e-05	0.04737	9.615e-11	0.0002114	0	7.997e-06	6.407e-16	6.204e-24	3.301e-26	4.401e-26	5.502e-26	3.97e-10	1.429e-10	9.95e-13	0.01925	1.404e-12	3.669e-27	0.1348	5.529e-08	1.252e-08	6.436e-09	0	0	0	0	0	0	0	0	0	0	0	0	0	0	0	0	0	0	0	0	0	0	0	1.692e+04	0	0	0	0	0	0	0	0	0	0	0	0	0	0	0	8.101e+04	0	0	0	0	0	0	0	0	0	0	0	0	0	0	0	0	0	0	0	0	0	0	0	
5432	1760.328	3.45e+19	0	0	100000	1.94783234	9.552e-08	0.02144	0.0007382	9.203e-10	0.1483	1.023e+04	86.42	3.608e-05	0.04778	9.711e-11	0.0002132	0	8.1e-06	6.452e-16	6.302e-24	3.324e-26	4.433e-26	5.541e-26	4.004e-10	1.443e-10	1.006e-12	0.01939	1.418e-12	3.695e-27	0.1358	5.568e-08	1.261e-08	6.482e-09	0	0	0	0	0	0	0	0	0	0	0	0	0	0	0	0	0	0	0	0	0	0	0	1.7e+04	0	0	0	0	0	0	0	0	0	0	0	0	0	0	0	8.143e+04	0	0	0	0	0	0	0	0	0	0	0	0	0	0	0	0	0	0	0	0	0	0	0	
5460	1760.328	3.45e+19	0	0	100000	1.94786945	9.592e-08	0.02156	0.0007434	9.308e-10	0.1493	1.03e+04	87.04	3.655e-05	0.04819	9.808e-11	0.000215	0	8.204e-06	6.498e-16	6.402e-24	3.348e-26	4.464e-26	5.58e-26	4.038e-10	1.458e-10	1.018e-12	0.01953	1.432e-12	3.721e-27	0.1368	5.608e-08	1.27e-08	6.528e-09	0	0	0	0	0	0	0	0	0	0	0	0	0	0	0	0	0	0	0	0	0	0	0	1.709e+04	0	0	0	0	0	0	0	0	0	0	0	0	0	0	0	8.185e+04	0	0	0	0	0	0	0	0	0	0	0	0	0	0	0	0	0	0	0	0	0	0	0	
5488	1760.328	3.45e+19	0	0	100000	1.94790656	9.632e-08	0.02168	0.0007486	9.414e-10	0.1504	1.038e+04	87.65	3.702e-05	0.04859	9.905e-11	0.0002168	0	8.309e-06	6.544e-16	6.502e-24	3.372e-26	4.495e-26	5.619e-26	4.072e-10	1.472e-10	1.029e-12	0.01967	1.447e-12	3.747e-27	0.1377	5.647e-08	1.279e-08	6.574e-09	0	0	0	0	0	0	0	0	0	0	0	0	0	0	0	0	0	0	0	0	0	0	0	1.718e+04	0	0	0	0	0	0	0	0	0	0	0	0	0	0	0	8.227e+04	0	0	0	0	0	0	0	0	0	0	0	0	0	0	0	0	0	0	0	0	0	0	0	
5516	1760.328	3.45e+19	0	0	100000	1.94794367	9.671e-08	0.0218	0.0007539	9.52e-10	0.1514	1.045e+04	88.26	3.749e-05	0.049	1e-10	0.0002186	0	8.415e-06	6.59e-16	6.604e-24	3.395e-26	4.527e-26	5.659e-26	4.106e-10	1.487e-10	1.041e-12	0.01981	1.461e-12	3.773e-27	0.1387	5.687e-08	1.288e-08	6.62e-09	0	0	0	0	0	0	0	0	0	0	0	0	0	0	0	0	0	0	0	0	0	0	0	1.727e+04	0	0	0	0	0	0	0	0	0	0	0	0	0	0	0	8.269e+04	0	0	0	0	0	0	0	0	0	0	0	0	0	0	0	0	0	0	0	0	0	0	0	
5544	1760.328	3.45e+19	0	0	100000	1.94798078	9.711e-08	0.02192	0.0007591	9.628e-10	0.1525	1.052e+04	88.87	3.797e-05	0.04942	1.01e-10	0.0002205	0	8.522e-06	6.635e-16	6.707e-24	3.419e-26	4.558e-26	5.698e-26	4.141e-10	1.501e-10	1.053e-12	0.01995	1.475e-12	3.8e-27	0.1396	5.726e-08	1.297e-08	6.666e-09	0	0	0	0	0	0	0	0	0	0	0	0	0	0	0	0	0	0	0	0	0	0	0	1.735e+04	0	0	0	0	0	0	0	0	0	0	0	0	0	0	0	8.311e+04	0	0	0	0	0	0	0	0	0	0	0	0	0	0	0	0	0	0	0	0	0	0	0	
5572	1760.328	3.45e+19	0	0	100000	1.94801789	9.75e-08	0.02204	0.0007643	9.736e-10	0.1535	1.059e+04	89.49	3.845e-05	0.04983	1.02e-10	0.0002223	0	8.63e-06	6.681e-16	6.812e-24	3.442e-26	4.59e-26	5.737e-26	4.175e-10	1.516e-10	1.065e-12	0.02009	1.49e-12	3.826e-27	0.1406	5.766e-08	1.306e-08	6.712e-09	0	0	0	0	0	0	0	0	0	0	0	0	0	0	0	0	0	0	0	0	0	0	0	1.744e+04	0	0	0	0	0	0	0	0	0	0	0	0	0	0	0	8.353e+04	0	0	0	0	0	0	0	0	0	0	0	0	0	0	0	0	0	0	0	0	0	0	0	
5600	1760.328	3.45e+19	0	0	100000	1.948055	9.789e-08	0.02216	0.0007696	9.845e-10	0.1546	1.067e+04	90.1	3.893e-05	0.05024	1.03e-10	0.0002242	0	8.739e-06	6.727e-16	6.918e-24	3.466e-26	4.621e-26	5.777e-26	4.21e-10	1.531e-10	1.077e-12	0.02023	1.504e-12	3.852e-27	0.1416	5.805e-08	1.315e-08	6.758e-09	0	0	0	0	0	0	0	0	0	0	0	0	0	0	0	0	0	0	0	0	0	0	0	1.753e+04	0	0	0	0	0	0	0	0	0	0	0	0	0	0	0	8.395e+04	0	0	0	0	0	0	0	0	0	0	0	0	0	0	0	0	0	0	0	0	0	0	0	
5628	1760.328	3.45e+19	0	0	100000	1.948093	9.827e-08	0.02228	0.0007748	9.956e-10	0.1556	1.074e+04	90.72	3.943e-05	0.05066	1.04e-10	0.000226	0	8.851e-06	6.773e-16	7.027e-24	3.49e-26	4.653e-26	5.816e-26	4.245e-10	1.546e-10	1.089e-12	0.02037	1.519e-12	3.878e-27	0.1425	5.845e-08	1.324e-08	6.804e-09	0	0	0	0	0	0	0	0	0	0	0	0	0	0	0	0	0	0	0	0	0	0	0	1.762e+04	0	0	0	0	0	0	0	0	0	0	0	0	0	0	0	8.437e+04	0	0	0	0	0	0	0	0	0	0	0	0	0	0	0	0	0	0	0	0	0	0	0	
5656	1760.328	3.45e+19	0	0	100000	1.948131	9.864e-08	0.0224	0.0007801	1.007e-09	0.1567	1.081e+04	91.33	3.993e-05	0.05108	1.05e-10	0.0002279	0	8.963e-06	6.819e-16	7.137e-24	3.513e-26	4.684e-26	5.855e-26	4.28e-10	1.561e-10	1.101e-12	0.02051	1.534e-12	3.905e-27	0.1435	5.885e-08	1.333e-08	6.85e-09	0	0	0	0	0	0	0	0	0	0	0	0	0	0	0	0	0	0	0	0	0	0	0	1.77e+04	0	0	0	0	0	0	0	0	0	0	0	0	0	0	0	8.479e+04	0	0	0	0	0	0	0	0	0	0	0	0	0	0	0	0	0	0	0	0	0	0	0	
5684	1760.328	3.45e+19	0	0	100000	1.948169	9.902e-08	0.02252	0.0007853	1.018e-09	0.1578	1.088e+04	91.95	4.044e-05	0.0515	1.06e-10	0.0002298	0	9.077e-06	6.865e-16	7.249e-24	3.537e-26	4.716e-26	5.895e-26	4.315e-10	1.576e-10	1.113e-12	0.02065	1.549e-12	3.931e-27	0.1445	5.924e-08	1.342e-08	6.896e-09	0	0	0	0	0	0	0	0	0	0	0	0	0	0	0	0	0	0	0	0	0	0	0	1.779e+04	0	0	0	0	0	0	0	0	0	0	0	0	0	0	0	8.521e+04	0	0	0	0	0	0	0	0	0	0	0	0	0	0	0	0	0	0	0	0	0	0	0	
5712	1760.328	3.45e+19	0	0	100000	1.948207	9.939e-08	0.02263	0.0007906	1.029e-09	0.1588	1.096e+04	92.56	4.095e-05	0.05192	1.071e-10	0.0002316	0	9.192e-06	6.911e-16	7.362e-24	3.561e-26	4.748e-26	5.934e-26	4.351e-10	1.591e-10	1.126e-12	0.02079	1.564e-12	3.957e-27	0.1454	5.964e-08	1.351e-08	6.942e-09	0	0	0	0	0	0	0	0	0	0	0	0	0	0	0	0	0	0	0	0	0	0	0	1.788e+04	0	0	0	0	0	0	0	0	0	0	0	0	0	0	0	8.563e+04	0	0	0	0	0	0	0	0	0	0	0	0	0	0	0	0	0	0	0	0	0	0	0	
5740	1760.328	3.45e+19	0	0	100000	1.948245	9.976e-08	0.02275	0.0007959	1.041e-09	0.1599	1.103e+04	93.18	4.147e-05	0.05234	1.081e-10	0.0002335	0	9.308e-06	6.957e-16	7.477e-24	3.584e-26	4.779e-26	5.974e-26	4.386e-10	1.606e-10	1.138e-12	0.02093	1.579e-12	3.984e-27	0.1464	6.004e-08	1.36e-08	6.989e-09	0	0	0	0	0	0	0	0	0	0	0	0	0	0	0	0	0	0	0	0	0	0	0	1.797e+04	0	0	0	0	0	0	0	0	0	0	0	0	0	0	0	8.605e+04	0	0	0	0	0	0	0	0	0	0	0	0	0	0	0	0	0	0	0	0	0	0	0	
5768	1760.328	3.45e+19	0	0	100000	1.948283	1.001e-07	0.02287	0.0008012	1.052e-09	0.1609	1.11e+04	93.8	4.199e-05	0.05277	1.091e-10	0.0002354	0	9.425e-06	7.003e-16	7.593e-24	3.608e-26	4.811e-26	6.014e-26	4.422e-10	1.622e-10	1.151e-12	0.02107	1.594e-12	4.01e-27	0.1474	6.043e-08	1.369e-08	7.035e-09	0	0	0	0	0	0	0	0	0	0	0	0	0	0	0	0	0	0	0	0	0	0	0	1.806e+04	0	0	0	0	0	0	0	0	0	0	0	0	0	0	0	8.647e+04	0	0	0	0	0	0	0	0	0	0	0	0	0	0	0	0	0	0	0	0	0	0	0	
5796	1760.328	3.45e+19	0	0	100000	1.948321	1.005e-07	0.02299	0.0008064	1.064e-09	0.162	1.118e+04	94.42	4.251e-05	0.05319	1.102e-10	0.0002373	0	9.543e-06	7.049e-16	7.711e-24	3.632e-26	4.843e-26	6.053e-26	4.457e-10	1.637e-10	1.163e-12	0.02121	1.609e-12	4.037e-27	0.1484	6.083e-08	1.378e-08	7.081e-09	0	0	0	0	0	0	0	0	0	0	0	0	0	0	0	0	0	0	0	0	0	0	0	1.814e+04	0	0	0	0	0	0	0	0	0	0	0	0	0	0	0	8.689e+04	0	0	0	0	0	0	0	0	0	0	0	0	0	0	0	0	0	0	0	0	0	0	0	
5824	1760.328	3.45e+19	0	0	100000	1.948359	1.008e-07	0.0231	0.0008117	1.076e-09	0.1631	1.125e+04	95.03	4.304e-05	0.05362	1.112e-10	0.0002392	0	9.662e-06	7.095e-16	7.83e-24	3.656e-26	4.874e-26	6.093e-26	4.493e-10	1.653e-10	1.176e-12	0.02136	1.624e-12	4.063e-27	0.1493	6.123e-08	1.387e-08	7.128e-09	0	0	0	0	0	0	0	0	0	0	0	0	0	0	0	0	0	0	0	0	0	0	0	1.823e+04	0	0	0	0	0	0	0	0	0	0	0	0	0	0	0	8.731e+04	0	0	0	0	0	0	0	0	0	0	0	0	0	0	0	0	0	0	0	0	0	0	0	
5852	1760.328	3.45e+19	0	0	100000	1.948397	1.012e-07	0.02322	0.000817	1.087e-09	0.1641	1.132e+04	95.65	4.358e-05	0.05405	1.123e-10	0.0002411	0	9.782e-06	7.142e-16	7.951e-24	3.68e-26	4.906e-26	6.133e-26	4.529e-10	1.669e-10	1.189e-12	0.0215	1.64e-12	4.09e-27	0.1503	6.163e-08	1.396e-08	7.174e-09	0	0	0	0	0	0	0	0	0	0	0	0	0	0	0	0	0	0	0	0	0	0	0	1.832e+04	0	0	0	0	0	0	0	0	0	0	0	0	0	0	0	8.773e+04	0	0	0	0	0	0	0	0	0	0	0	0	0	0	0	0	0	0	0	0	0	0	0	
5880	1760.328	3.45e+19	0	0	100000	1.948435	1.016e-07	0.02333	0.0008223	1.099e-09	0.1652	1.14e+04	96.27	4.412e-05	0.05448	1.133e-10	0.0002431	0	9.904e-06	7.188e-16	8.074e-24	3.703e-26	4.938e-26	6.172e-26	4.565e-10	1.684e-10	1.202e-12	0.02164	1.655e-12	4.116e-27	0.1513	6.203e-08	1.405e-08	7.221e-09	0	0	0	0	0	0	0	0	0	0	0	0	0	0	0	0	0	0	0	0	0	0	0	1.841e+04	0	0	0	0	0	0	0	0	0	0	0	0	0	0	0	8.815e+04	0	0	0	0	0	0	0	0	0	0	0	0	0	0	0	0	0	0	0	0	0	0	0	
5908	1760.328	3.45e+19	0	0	100000	1.948473	1.019e-07	0.02345	0.0008276	1.111e-09	0.1662	1.147e+04	96.89	4.467e-05	0.05491	1.144e-10	0.000245	0	1.003e-05	7.234e-16	8.198e-24	3.727e-26	4.97e-26	6.212e-26	4.601e-10	1.7e-10	1.215e-12	0.02178	1.671e-12	4.143e-27	0.1522	6.243e-08	1.414e-08	7.267e-09	0	0	0	0	0	0	0	0	0	0	0	0	0	0	0	0	0	0	0	0	0	0	0	1.849e+04	0	0	0	0	0	0	0	0	0	0	0	0	0	0	0	8.857e+04	0	0	0	0	0	0	0	0	0	0	0	0	0	0	0	0	0	0	0	0	0	0	0	
5936	1760.328	3.45e+19	0	0	100000	1.948511	1.023e-07	0.02356	0.0008329	1.123e-09	0.1673	1.154e+04	97.51	4.522e-05	0.05534	1.155e-10	0.0002469	0	1.015e-05	7.28e-16	8.324e-24	3.751e-26	5.001e-26	6.252e-26	4.638e-10	1.716e-10	1.229e-12	0.02192	1.686e-12	4.169e-27	0.1532	6.283e-08	1.423e-08	7.314e-09	0	0	0	0	0	0	0	0	0	0	0	0	0	0	0	0	0	0	0	0	0	0	0	1.858e+04	0	0	0	0	0	0	0	0	0	0	0	0	0	0	0	8.899e+04	0	0	0	0	0	0	0	0	0	0	0	0	0	0	0	0	0	0	0	0	0	0	0	
5964	1760.328	3.45e+19	0	0	100000	1.948549	1.026e-07	0.02368	0.0008382	1.136e-09	0.1684	1.162e+04	98.13	4.578e-05	0.05578	1.166e-10	0.0002489	0	1.028e-05	7.327e-16	8.452e-24	3.775e-26	5.033e-26	6.292e-26	4.674e-10	1.732e-10	1.242e-12	0.02207	1.702e-12	4.196e-27	0.1542	6.323e-08	1.432e-08	7.36e-09	0	0	0	0	0	0	0	0	0	0	0	0	0	0	0	0	0	0	0	0	0	0	0	1.867e+04	0	0	0	0	0	0	0	0	0	0	0	0	0	0	0	8.941e+04	0	0	0	0	0	0	0	0	0	0	0	0	0	0	0	0	0	0	0	0	0	0	0	
5992	1760.328	3.45e+19	0	0	100000	1.948587	1.03e-07	0.02379	0.0008435	1.148e-09	0.1694	1.169e+04	98.76	4.634e-05	0.05622	1.176e-10	0.0002508	0	1.04e-05	7.373e-16	8.581e-24	3.799e-26	5.065e-26	6.331e-26	4.711e-10	1.748e-10	1.255e-12	0.02221	1.718e-12	4.222e-27	0.1552	6.363e-08	1.441e-08	7.407e-09	0	0	0	0	0	0	0	0	0	0	0	0	0	0	0	0	0	0	0	0	0	0	0	1.876e+04	0	0	0	0	0	0	0	0	0	0	0	0	0	0	0	8.983e+04	0	0	0	0	0	0	0	0	0	0	0	0	0	0	0	0	0	0	0	0	0	0	0	
6020	1760.328	3.45e+19	0	0	100000	1.948625	1.033e-07	0.02391	0.0008488	1.16e-09	0.1705	1.176e+04	99.38	4.691e-05	0.05665	1.187e-10	0.0002528	0	1.053e-05	7.42e-16	8.712e-24	3.823e-26	5.097e-26	6.371e-26	4.747e-10	1.765e-10	1.269e-12	0.02235	1.734e-12	4.249e-27	0.1562	6.403e-08	1.45e-08	7.453e-09	0	0	0	0	0	0	0	0	0	0	0	0	0	0	0	0	0	0	0	0	0	0	0	1.884e+04	0	0	0	0	0	0	0	0	0	0	0	0	0	0	0	9.025e+04	0	0	0	0	0	0	0	0	0	0	0	0	0	0	0	0	0	0	0	0	0	0	0	
6048	1760.328	3.45e+19	0	0	100000	1.948663	1.036e-07	0.02402	0.0008541	1.173e-09	0.1716	1.184e+04	100	4.749e-05	0.05709	1.198e-10	0.0002547	0	1.066e-05	7.466e-16	8.845e-24	3.847e-26	5.129e-26	6.411e-26	4.784e-10	1.781e-10	1.282e-12	0.02249	1.75e-12	4.275e-27	0.1571	6.443e-08	1.459e-08	7.5e-09	0	0	0	0	0	0	0	0	0	0	0	0	0	0	0	0	0	0	0	0	0	0	0	1.893e+04	0	0	0	0	0	0	0	0	0	0	0	0	0	0	0	9.067e+04	0	0	0	0	0	0	0	0	0	0	0	0	0	0	0	0	0	0	0	0	0	0	0	
6076	1760.328	3.45e+19	0	0	100000	1.948701	1.04e-07	0.02414	0.0008594	1.185e-09	0.1726	1.191e+04	100.6	4.807e-05	0.05753	1.209e-10	0.0002567	0	1.079e-05	7.513e-16	8.98e-24	3.871e-26	5.161e-26	6.451e-26	4.821e-10	1.797e-10	1.296e-12	0.02264	1.766e-12	4.302e-27	0.1581	6.483e-08	1.469e-08	7.547e-09	0	0	0	0	0	0	0	0	0	0	0	0	0	0	0	0	0	0	0	0	0	0	0	1.902e+04	0	0	0	0	0	0	0	0	0	0	0	0	0	0	0	9.109e+04	0	0	0	0	0	0	0	0	0	0	0	0	0	0	0	0	0	0	0	0	0	0	0	
6104	1760.328	3.45e+19	0	0	100000	1.948739	1.043e-07	0.02425	0.0008648	1.198e-09	0.1737	1.199e+04	101.2	4.865e-05	0.05798	1.22e-10	0.0002587	0	1.092e-05	7.559e-16	9.116e-24	3.895e-26	5.193e-26	6.491e-26	4.858e-10	1.814e-10	1.31e-12	0.02278	1.782e-12	4.329e-27	0.1591	6.523e-08	1.478e-08	7.594e-09	0	0	0	0	0	0	0	0	0	0	0	0	0	0	0	0	0	0	0	0	0	0	0	1.911e+04	0	0	0	0	0	0	0	0	0	0	0	0	0	0	0	9.151e+04	0	0	0	0	0	0	0	0	0	0	0	0	0	0	0	0	0	0	0	0	0	0	0	
6132	1760.328	3.45e+19	0	0	100000	1.948777	1.046e-07	0.02436	0.0008701	1.211e-09	0.1748	1.206e+04	101.9	4.924e-05	0.05842	1.232e-10	0.0002606	0	1.105e-05	7.606e-16	9.254e-24	3.919e-26	5.225e-26	6.531e-26	4.895e-10	1.83e-10	1.324e-12	0.02292	1.799e-12	4.355e-27	0.1601	6.564e-08	1.487e-08	7.64e-09	0	0	0	0	0	0	0	0	0	0	0	0	0	0	0	0	0	0	0	0	0	0	0	1.919e+04	0	0	0	0	0	0	0	0	0	0	0	0	0	0	0	9.193e+04	0	0	0	0	0	0	0	0	0	0	0	0	0	0	0	0	0	0	0	0	0	0	0	
6160	1760.328	3.45e+19	0	0	100000	1.948815	1.05e-07	0.02448	0.0008754	1.224e-09	0.1758	1.213e+04	102.5	4.984e-05	0.05886	1.243e-10	0.0002626	0	1.119e-05	7.652e-16	9.394e-24	3.943e-26	5.257e-26	6.571e-26	4.933e-10	1.847e-10	1.338e-12	0.02307	1.815e-12	4.382e-27	0.161	6.604e-08	1.496e-08	7.687e-09	0	0	0	0	0	0	0	0	0	0	0	0	0	0	0	0	0	0	0	0	0	0	0	1.928e+04	0	0	0	0	0	0	0	0	0	0	0	0	0	0	0	9.235e+04	0	0	0	0	0	0	0	0	0	0	0	0	0	0	0	0	0	0	0	0	0	0	0	
6188	1760.328	3.45e+19	0	0	100000	1.948853	1.053e-07	0.02459	0.0008808	1.237e-09	0.1769	1.221e+04	103.1	5.044e-05	0.05931	1.254e-10	0.0002646	0	1.132e-05	7.699e-16	9.536e-24	3.967e-26	5.289e-26	6.611e-26	4.97e-10	1.864e-10	1.352e-12	0.02321	1.832e-12	4.409e-27	0.162	6.644e-08	1.505e-08	7.734e-09	0	0	0	0	0	0	0	0	0	0	0	0	0	0	0	0	0	0	0	0	0	0	0	1.937e+04	0	0	0	0	0	0	0	0	0	0	0	0	0	0	0	9.277e+04	0	0	0	0	0	0	0	0	0	0	0	0	0	0	0	0	0	0	0	0	0	0	0	
6216	1760.328	3.45e+19	0	0	100000	1.948891	1.056e-07	0.0247	0.0008861	1.25e-09	0.178	1.228e+04	103.7	5.105e-05	0.05976	1.266e-10	0.0002666	0	1.146e-05	7.745e-16	9.68e-24	3.991e-26	5.321e-26	6.651e-26	5.008e-10	1.881e-10	1.366e-12	0.02335	1.848e-12	4.435e-27	0.163	6.684e-08	1.514e-08	7.781e-09	0	0	0	0	0	0	0	0	0	0	0	0	0	0	0	0	0	0	0	0	0	0	0	1.946e+04	0	0	0	0	0	0	0	0	0	0	0	0	0	0	0	9.319e+04	0	0	0	0	0	0	0	0	0	0	0	0	0	0	0	0	0	0	0	0	0	0	0	
6244	1760.328	3.45e+19	0	0	100000	1.948929	1.059e-07	0.02481	0.0008914	1.263e-09	0.1791	1.236e+04	104.4	5.167e-05	0.06021	1.277e-10	0.0002686	0	1.16e-05	7.792e-16	9.826e-24	4.015e-26	5.353e-26	6.691e-26	5.045e-10	1.898e-10	1.381e-12	0.0235	1.865e-12	4.462e-27	0.164	6.724e-08	1.523e-08	7.828e-09	0	0	0	0	0	0	0	0	0	0	0	0	0	0	0	0	0	0	0	0	0	0	0	1.955e+04	0	0	0	0	0	0	0	0	0	0	0	0	0	0	0	9.361e+04	0	0	0	0	0	0	0	0	0	0	0	0	0	0	0	0	0	0	0	0	0	0	0	
6272	1760.328	3.45e+19	0	0	100000	1.948967	1.063e-07	0.02492	0.0008968	1.276e-09	0.1801	1.243e+04	105	5.229e-05	0.06066	1.288e-10	0.0002706	0	1.174e-05	7.839e-16	9.973e-24	4.039e-26	5.385e-26	6.731e-26	5.083e-10	1.915e-10	1.395e-12	0.02364	1.882e-12	4.489e-27	0.165	6.765e-08	1.532e-08	7.875e-09	0	0	0	0	0	0	0	0	0	0	0	0	0	0	0	0	0	0	0	0	0	0	0	1.963e+04	0	0	0	0	0	0	0	0	0	0	0	0	0	0	0	9.403e+04	0	0	0	0	0	0	0	0	0	0	0	0	0	0	0	0	0	0	0	0	0	0	0	
6300	1760.328	3.45e+19	0	0	100000	1.949005	1.066e-07	0.02504	0.0009021	1.289e-09	0.1812	1.25e+04	105.6	5.291e-05	0.06111	1.3e-10	0.0002727	0	1.188e-05	7.886e-16	1.012e-23	4.063e-26	5.417e-26	6.771e-26	5.121e-10	1.932e-10	1.41e-12	0.02379	1.899e-12	4.516e-27	0.166	6.805e-08	1.541e-08	7.922e-09	0	0	0	0	0	0	0	0	0	0	0	0	0	0	0	0	0	0	0	0	0	0	0	1.972e+04	0	0	0	0	0	0	0	0	0	0	0	0	0	0	0	9.445e+04	0	0	0	0	0	0	0	0	0	0	0	0	0	0	0	0	0	0	0	0	0	0	0	
6328	1760.328	3.45e+19	0	0	100000	1.949043	1.069e-07	0.02515	0.0009075	1.303e-09	0.1823	1.258e+04	106.2	5.354e-05	0.06157	1.312e-10	0.0002747	0	1.202e-05	7.932e-16	1.027e-23	4.087e-26	5.449e-26	6.812e-26	5.159e-10	1.949e-10	1.425e-12	0.02393	1.915e-12	4.542e-27	0.1669	6.845e-08	1.551e-08	7.969e-09	0	0	0	0	0	0	0	0	0	0	0	0	0	0	0	0	0	0	0	0	0	0	0	1.981e+04	0	0	0	0	0	0	0	0	0	0	0	0	0	0	0	9.487e+04	0	0	0	0	0	0	0	0	0	0	0	0	0	0	0	0	0	0	0	0	0	0	0	
6356	1760.328	3.45e+19	0	0	100000	1.949081	1.072e-07	0.02526	0.0009128	1.316e-09	0.1834	1.265e+04	106.9	5.418e-05	0.06202	1.323e-10	0.0002767	0	1.216e-05	7.979e-16	1.043e-23	4.111e-26	5.481e-26	6.852e-26	5.197e-10	1.967e-10	1.44e-12	0.02408	1.933e-12	4.569e-27	0.1679	6.886e-08	1.56e-08	8.016e-09	0	0	0	0	0	0	0	0	0	0	0	0	0	0	0	0	0	0	0	0	0	0	0	1.99e+04	0	0	0	0	0	0	0	0	0	0	0	0	0	0	0	9.529e+04	0	0	0	0	0	0	0	0	0	0	0	0	0	0	0	0	0	0	0	0	0	0	0	
6384	1760.328	3.45e+19	0	0	100000	1.949119	1.075e-07	0.02537	0.0009182	1.33e-09	0.1844	1.273e+04	107.5	5.483e-05	0.06248	1.335e-10	0.0002788	0	1.231e-05	8.026e-16	1.058e-23	4.135e-26	5.514e-26	6.892e-26	5.235e-10	1.984e-10	1.454e-12	0.02422	1.95e-12	4.596e-27	0.1689	6.926e-08	1.569e-08	8.063e-09	0	0	0	0	0	0	0	0	0	0	0	0	0	0	0	0	0	0	0	0	0	0	0	1.998e+04	0	0	0	0	0	0	0	0	0	0	0	0	0	0	0	9.571e+04	0	0	0	0	0	0	0	0	0	0	0	0	0	0	0	0	0	0	0	0	0	0	0	
6412	1760.328	3.45e+19	0	0	100000	1.949157	1.078e-07	0.02548	0.0009235	1.344e-09	0.1855	1.28e+04	108.1	5.548e-05	0.06294	1.347e-10	0.0002808	0	1.245e-05	8.073e-16	1.074e-23	4.159e-26	5.546e-26	6.932e-26	5.274e-10	2.002e-10	1.47e-12	0.02437	1.967e-12	4.623e-27	0.1699	6.967e-08	1.578e-08	8.11e-09	0	0	0	0	0	0	0	0	0	0	0	0	0	0	0	0	0	0	0	0	0	0	0	2.007e+04	0	0	0	0	0	0	0	0	0	0	0	0	0	0	0	9.613e+04	0	0	0	0	0	0	0	0	0	0	0	0	0	0	0	0	0	0	0	0	0	0	0	
6440	1760.328	3.45e+19	0	0	100000	1.949195	1.081e-07	0.02559	0.0009289	1.358e-09	0.1866	1.287e+04	108.8	5.613e-05	0.0634	1.359e-10	0.0002829	0	1.26e-05	8.12e-16	1.09e-23	4.184e-26	5.578e-26	6.973e-26	5.312e-10	2.019e-10	1.485e-12	0.02451	1.984e-12	4.65e-27	0.1709	7.007e-08	1.587e-08	8.157e-09	0	0	0	0	0	0	0	0	0	0	0	0	0	0	0	0	0	0	0	0	0	0	0	2.016e+04	0	0	0	0	0	0	0	0	0	0	0	0	0	0	0	9.655e+04	0	0	0	0	0	0	0	0	0	0	0	0	0	0	0	0	0	0	0	0	0	0	0	
6468	1760.328	3.45e+19	0	0	100000	1.949233	1.084e-07	0.0257	0.0009343	1.372e-09	0.1877	1.295e+04	109.4	5.68e-05	0.06386	1.371e-10	0.0002849	0	1.275e-05	8.167e-16	1.106e-23	4.208e-26	5.61e-26	7.013e-26	5.351e-10	2.037e-10	1.5e-12	0.02465	2.002e-12	4.677e-27	0.1719	7.048e-08	1.596e-08	8.204e-09	0	0	0	0	0	0	0	0	0	0	0	0	0	0	0	0	0	0	0	0	0	0	0	2.025e+04	0	0	0	0	0	0	0	0	0	0	0	0	0	0	0	9.697e+04	0	0	0	0	0	0	0	0	0	0	0	0	0	0	0	0	0	0	0	0	0	0	0	
6496	1760.328	3.45e+19	0	0	100000	1.949271	1.087e-07	0.02581	0.0009396	1.386e-09	0.1888	1.302e+04	110	5.747e-05	0.06432	1.383e-10	0.000287	0	1.29e-05	8.214e-16	1.123e-23	4.232e-26	5.642e-26	7.053e-26	5.39e-10	2.055e-10	1.515e-12	0.0248	2.019e-12	4.703e-27	0.1729	7.088e-08	1.606e-08	8.251e-09	0	0	0	0	0	0	0	0	0	0	0	0	0	0	0	0	0	0	0	0	0	0	0	2.033e+04	0	0	0	0	0	0	0	0	0	0	0	0	0	0	0	9.739e+04	0	0	0	0	0	0	0	0	0	0	0	0	0	0	0	0	0	0	0	0	0	0	0	
6524	1760.328	3.45e+19	0	0	100000	1.949309	1.09e-07	0.02591	0.000945	1.4e-09	0.1898	1.31e+04	110.6	5.814e-05	0.06479	1.395e-10	0.0002891	0	1.305e-05	8.261e-16	1.139e-23	4.256e-26	5.675e-26	7.093e-26	5.429e-10	2.073e-10	1.531e-12	0.02495	2.037e-12	4.73e-27	0.1739	7.129e-08	1.615e-08	8.298e-09	0	0	0	0	0	0	0	0	0	0	0	0	0	0	0	0	0	0	0	0	0	0	0	2.042e+04	0	0	0	0	0	0	0	0	0	0	0	0	0	0	0	9.781e+04	0	0	0	0	0	0	0	0	0	0	0	0	0	0	0	0	0	0	0	0	0	0	0	
6552	1760.328	3.45e+19	0	0	100000	1.949347	1.093e-07	0.02602	0.0009504	1.414e-09	0.1909	1.317e+04	111.3	5.883e-05	0.06526	1.407e-10	0.0002911	0	1.32e-05	8.308e-16	1.156e-23	4.28e-26	5.707e-26	7.134e-26	5.468e-10	2.091e-10	1.547e-12	0.02509	2.055e-12	4.757e-27	0.1748	7.169e-08	1.624e-08	8.345e-09	0	0	0	0	0	0	0	0	0	0	0	0	0	0	0	0	0	0	0	0	0	0	0	2.051e+04	0	0	0	0	0	0	0	0	0	0	0	0	0	0	0	9.823e+04	0	0	0	0	0	0	0	0	0	0	0	0	0	0	0	0	0	0	0	0	0	0	0	
6580	1760.328	3.45e+19	0	0	100000	1.949385	1.096e-07	0.02613	0.0009558	1.429e-09	0.192	1.325e+04	111.9	5.951e-05	0.06572	1.419e-10	0.0002932	0	1.336e-05	8.355e-16	1.173e-23	4.304e-26	5.739e-26	7.174e-26	5.507e-10	2.109e-10	1.562e-12	0.02524	2.072e-12	4.784e-27	0.1758	7.21e-08	1.633e-08	8.393e-09	0	0	0	0	0	0	0	0	0	0	0	0	0	0	0	0	0	0	0	0	0	0	0	2.06e+04	0	0	0	0	0	0	0	0	0	0	0	0	0	0	0	9.864e+04	0	0	0	0	0	0	0	0	0	0	0	0	0	0	0	0	0	0	0	0	0	0	0	
6608	1760.328	3.45e+19	0	0	100000	1.949423	1.099e-07	0.02624	0.0009612	1.443e-09	0.1931	1.332e+04	112.5	6.021e-05	0.06619	1.431e-10	0.0002953	0	1.351e-05	8.402e-16	1.19e-23	4.329e-26	5.772e-26	7.215e-26	5.547e-10	2.127e-10	1.578e-12	0.02538	2.09e-12	4.811e-27	0.1768	7.25e-08	1.642e-08	8.44e-09	0	0	0	0	0	0	0	0	0	0	0	0	0	0	0	0	0	0	0	0	0	0	0	2.069e+04	0	0	0	0	0	0	0	0	0	0	0	0	0	0	0	9.906e+04	0	0	0	0	0	0	0	0	0	0	0	0	0	0	0	0	0	0	0	0	0	0	0	
6636	1760.328	3.45e+19	0	0	100000	1.949461	1.102e-07	0.02635	0.0009665	1.458e-09	0.1942	1.34e+04	113.2	6.091e-05	0.06666	1.444e-10	0.0002974	0	1.367e-05	8.449e-16	1.208e-23	4.353e-26	5.804e-26	7.255e-26	5.586e-10	2.146e-10	1.594e-12	0.02553	2.108e-12	4.838e-27	0.1778	7.291e-08	1.651e-08	8.487e-09	0	0	0	0	0	0	0	0	0	0	0	0	0	0	0	0	0	0	0	0	0	0	0	2.077e+04	0	0	0	0	0	0	0	0	0	0	0	0	0	0	0	9.948e+04	0	0	0	0	0	0	0	0	0	0	0	0	0	0	0	0	0	0	0	0	0	0	0	
6664	1760.328	3.45e+19	0	0	100000	1.949499	1.104e-07	0.02645	0.0009719	1.473e-09	0.1952	1.347e+04	113.8	6.162e-05	0.06714	1.456e-10	0.0002995	0	1.383e-05	8.496e-16	1.226e-23	4.377e-26	5.836e-26	7.295e-26	5.626e-10	2.164e-10	1.61e-12	0.02567	2.127e-12	4.865e-27	0.1788	7.332e-08	1.661e-08	8.535e-09	0	0	0	0	0	0	0	0	0	0	0	0	0	0	0	0	0	0	0	0	0	0	0	2.086e+04	0	0	0	0	0	0	0	0	0	0	0	0	0	0	0	9.99e+04	0	0	0	0	0	0	0	0	0	0	0	0	0	0	0	0	0	0	0	0	0	0	0	
6692	1760.328	3.45e+19	0	0	100000	1.949537	1.107e-07	0.02656	0.0009773	1.487e-09	0.1963	1.355e+04	114.4	6.234e-05	0.06761	1.469e-10	0.0003016	0	1.399e-05	8.543e-16	1.244e-23	4.402e-26	5.869e-26	7.336e-26	5.665e-10	2.183e-10	1.627e-12	0.02582	2.145e-12	4.892e-27	0.1798	7.372e-08	1.67e-08	8.582e-09	0	0	0	0	0	0	0	0	0	0	0	0	0	0	0	0	0	0	0	0	0	0	0	2.095e+04	0	0	0	0	0	0	0	0	0	0	0	0	0	0	0	1.003e+05	0	0	0	0	0	0	0	0	0	0	0	0	0	0	0	0	0	0	0	0	0	0	0	
6720	1760.328	3.45e+19	0	0	100000	1.949575	1.11e-07	0.02667	0.0009827	1.502e-09	0.1974	1.362e+04	115.1	6.306e-05	0.06809	1.481e-10	0.0003038	0	1.415e-05	8.59e-16	1.262e-23	4.426e-26	5.901e-26	7.376e-26	5.705e-10	2.201e-10	1.643e-12	0.02597	2.163e-12	4.919e-27	0.1808	7.413e-08	1.679e-08	8.629e-09	0	0	0	0	0	0	0	0	0	0	0	0	0	0	0	0	0	0	0	0	0	0	0	2.104e+04	0	0	0	0	0	0	0	0	0	0	0	0	0	0	0	1.007e+05	0	0	0	0	0	0	0	0	0	0	0	0	0	0	0	0	0	0	0	0	0	0	0	
6748	1760.328	3.45e+19	0	0	100000	1.949613	1.113e-07	0.02677	0.0009881	1.518e-09	0.1985	1.369e+04	115.7	6.379e-05	0.06856	1.494e-10	0.0003059	0	1.432e-05	8.637e-16	1.28e-23	4.45e-26	5.933e-26	7.417e-26	5.745e-10	2.22e-10	1.659e-12	0.02611	2.182e-12	4.946e-27	0.1818	7.454e-08	1.688e-08	8.677e-09	0	0	0	0	0	0	0	0	0	0	0	0	0	0	0	0	0	0	0	0	0	0	0	2.112e+04	0	0	0	0	0	0	0	0	0	0	0	0	0	0	0	1.012e+05	0	0	0	0	0	0	0	0	0	0	0	0	0	0	0	0	0	0	0	0	0	0	0	
6776	1760.328	3.45e+19	0	0	100000	1.949651	1.115e-07	0.02688	0.0009935	1.533e-09	0.1996	1.377e+04	116.3	6.452e-05	0.06904	1.506e-10	0.000308	0	1.448e-05	8.684e-16	1.299e-23	4.474e-26	5.966e-26	7.457e-26	5.785e-10	2.239e-10	1.676e-12	0.02626	2.2e-12	4.973e-27	0.1828	7.494e-08	1.698e-08	8.724e-09	0	0	0	0	0	0	0	0	0	0	0	0	0	0	0	0	0	0	0	0	0	0	0	2.121e+04	0	0	0	0	0	0	0	0	0	0	0	0	0	0	0	1.016e+05	0	0	0	0	0	0	0	0	0	0	0	0	0	0	0	0	0	0	0	0	0	0	0	
6804	1760.328	3.45e+19	0	0	100000	1.949689	1.118e-07	0.02698	0.0009989	1.548e-09	0.2007	1.384e+04	117	6.527e-05	0.06952	1.519e-10	0.0003102	0	1.465e-05	8.732e-16	1.318e-23	4.499e-26	5.998e-26	7.498e-26	5.825e-10	2.258e-10	1.693e-12	0.02641	2.219e-12	5e-27	0.1838	7.535e-08	1.707e-08	8.771e-09	0	0	0	0	0	0	0	0	0	0	0	0	0	0	0	0	0	0	0	0	0	0	0	2.13e+04	0	0	0	0	0	0	0	0	0	0	0	0	0	0	0	1.02e+05	0	0	0	0	0	0	0	0	0	0	0	0	0	0	0	0	0	0	0	0	0	0	0	
6832	1760.328	3.45e+19	0	0	100000	1.949727	1.121e-07	0.02709	0.001004	1.564e-09	0.2017	1.392e+04	117.6	6.602e-05	0.07	1.532e-10	0.0003123	0	1.482e-05	8.779e-16	1.337e-23	4.523e-26	6.031e-26	7.538e-26	5.866e-10	2.277e-10	1.71e-12	0.02655	2.238e-12	5.027e-27	0.1848	7.576e-08	1.716e-08	8.819e-09	0	0	0	0	0	0	0	0	0	0	0	0	0	0	0	0	0	0	0	0	0	0	0	2.139e+04	0	0	0	0	0	0	0	0	0	0	0	0	0	0	0	1.024e+05	0	0	0	0	0	0	0	0	0	0	0	0	0	0	0	0	0	0	0	0	0	0	0	
6860	1760.328	3.45e+19	0	0	100000	1.949765	1.123e-07	0.02719	0.00101	1.579e-09	0.2028	1.399e+04	118.2	6.677e-05	0.07049	1.545e-10	0.0003145	0	1.499e-05	8.826e-16	1.356e-23	4.547e-26	6.063e-26	7.579e-26	5.906e-10	2.296e-10	1.727e-12	0.0267	2.256e-12	5.054e-27	0.1858	7.617e-08	1.725e-08	8.866e-09	0	0	0	0	0	0	0	0	0	0	0	0	0	0	0	0	0	0	0	0	0	0	0	2.147e+04	0	0	0	0	0	0	0	0	0	0	0	0	0	0	0	1.028e+05	0	0	0	0	0	0	0	0	0	0	0	0	0	0	0	0	0	0	0	0	0	0	0	
6888	1760.328	3.45e+19	0	0	100000	1.949803	1.126e-07	0.0273	0.001015	1.595e-09	0.2039	1.407e+04	118.9	6.754e-05	0.07097	1.558e-10	0.0003166	0	1.516e-05	8.873e-16	1.376e-23	4.572e-26	6.096e-26	7.62e-26	5.947e-10	2.315e-10	1.744e-12	0.02685	2.275e-12	5.081e-27	0.1867	7.658e-08	1.735e-08	8.914e-09	0	0	0	0	0	0	0	0	0	0	0	0	0	0	0	0	0	0	0	0	0	0	0	2.156e+04	0	0	0	0	0	0	0	0	0	0	0	0	0	0	0	1.033e+05	0	0	0	0	0	0	0	0	0	0	0	0	0	0	0	0	0	0	0	0	0	0	0	
6916	1760.328	3.45e+19	0	0	100000	1.949841	1.129e-07	0.0274	0.001021	1.611e-09	0.205	1.414e+04	119.5	6.831e-05	0.07146	1.571e-10	0.0003188	0	1.533e-05	8.921e-16	1.396e-23	4.596e-26	6.128e-26	7.66e-26	5.988e-10	2.335e-10	1.761e-12	0.02699	2.294e-12	5.108e-27	0.1877	7.698e-08	1.744e-08	8.961e-09	0	0	0	0	0	0	0	0	0	0	0	0	0	0	0	0	0	0	0	0	0	0	0	2.165e+04	0	0	0	0	0	0	0	0	0	0	0	0	0	0	0	1.037e+05	0	0	0	0	0	0	0	0	0	0	0	0	0	0	0	0	0	0	0	0	0	0	0	
6944	1760.328	3.45e+19	0	0	100000	1.949879	1.131e-07	0.02751	0.001026	1.626e-09	0.2061	1.422e+04	120.1	6.909e-05	0.07194	1.584e-10	0.000321	0	1.551e-05	8.968e-16	1.416e-23	4.621e-26	6.161e-26	7.701e-26	6.028e-10	2.354e-10	1.779e-12	0.02714	2.314e-12	5.136e-27	0.1887	7.739e-08	1.753e-08	9.009e-09	0	0	0	0	0	0	0	0	0	0	0	0	0	0	0	0	0	0	0	0	0	0	0	2.174e+04	0	0	0	0	0	0	0	0	0	0	0	0	0	0	0	1.041e+05	0	0	0	0	0	0	0	0	0	0	0	0	0	0	0	0	0	0	0	0	0	0	0	
6972	1760.328	3.45e+19	0	0	100000	1.949917	1.134e-07	0.02761	0.001031	1.642e-09	0.2072	1.429e+04	120.8	6.987e-05	0.07243	1.597e-10	0.0003232	0	1.568e-05	9.015e-16	1.437e-23	4.645e-26	6.193e-26	7.742e-26	6.069e-10	2.374e-10	1.796e-12	0.02729	2.333e-12	5.163e-27	0.1897	7.78e-08	1.762e-08	9.057e-09	0	0	0	0	0	0	0	0	0	0	0	0	0	0	0	0	0	0	0	0	0	0	0	2.182e+04	0	0	0	0	0	0	0	0	0	0	0	0	0	0	0	1.045e+05	0	0	0	0	0	0	0	0	0	0	0	0	0	0	0	0	0	0	0	0	0	0	0	
7000	1760.328	3.45e+19	0	0	100000	1.949955	1.136e-07	0.02771	0.001037	1.659e-09	0.2083	1.437e+04	121.4	7.067e-05	0.07292	1.611e-10	0.0003253	0	1.586e-05	9.063e-16	1.457e-23	4.669e-26	6.226e-26	7.782e-26	6.111e-10	2.394e-10	1.814e-12	0.02743	2.352e-12	5.19e-27	0.1907	7.821e-08	1.772e-08	9.104e-09	0	0	0	0	0	0	0	0	0	0	0	0	0	0	0	0	0	0	0	0	0	0	0	2.191e+04	0	0	0	0	0	0	0	0	0	0	0	0	0	0	0	1.049e+05	0	0	0	0	0	0	0	0	0	0	0	0	0	0	0	0	0	0	0	0	0	0	0	
7028	1760.328	3.45e+19	0	0	100000	1.949993	1.139e-07	0.02782	0.001042	1.675e-09	0.2094	1.444e+04	122	7.147e-05	0.07342	1.624e-10	0.0003275	0	1.604e-05	9.11e-16	1.478e-23	4.694e-26	6.258e-26	7.823e-26	6.152e-10	2.413e-10	1.831e-12	0.02758	2.372e-12	5.217e-27	0.1917	7.862e-08	1.781e-08	9.152e-09	0	0	0	0	0	0	0	0	0	0	0	0	0	0	0	0	0	0	0	0	0	0	0	2.2e+04	0	0	0	0	0	0	0	0	0	0	0	0	0	0	0	1.054e+05	0	0	0	0	0	0	0	0	0	0	0	0	0	0	0	0	0	0	0	0	0	0	0	
7056	1760.328	3.45e+19	0	0	100000	1.950031	1.141e-07	0.02792	0.001048	1.691e-09	0.2104	1.452e+04	122.7	7.228e-05	0.07391	1.637e-10	0.0003297	0	1.622e-05	9.157e-16	1.5e-23	4.718e-26	6.291e-26	7.864e-26	6.193e-10	2.433e-10	1.849e-12	0.02773	2.391e-12	5.244e-27	0.1927	7.903e-08	1.79e-08	9.199e-09	0	0	0	0	0	0	0	0	0	0	0	0	0	0	0	0	0	0	0	0	0	0	0	2.209e+04	0	0	0	0	0	0	0	0	0	0	0	0	0	0	0	1.058e+05	0	0	0	0	0	0	0	0	0	0	0	0	0	0	0	0	0	0	0	0	0	0	0	
7084	1760.328	3.45e+19	0	0	100000	1.950069	1.144e-07	0.02802	0.001053	1.708e-09	0.2115	1.46e+04	123.3	7.31e-05	0.07441	1.651e-10	0.000332	0	1.641e-05	9.205e-16	1.521e-23	4.743e-26	6.323e-26	7.904e-26	6.235e-10	2.453e-10	1.867e-12	0.02788	2.411e-12	5.271e-27	0.1937	7.944e-08	1.799e-08	9.247e-09	0	0	0	0	0	0	0	0	0	0	0	0	0	0	0	0	0	0	0	0	0	0	0	2.218e+04	0	0	0	0	0	0	0	0	0	0	0	0	0	0	0	1.062e+05	0	0	0	0	0	0	0	0	0	0	0	0	0	0	0	0	0	0	0	0	0	0	0	
7112	1760.328	3.45e+19	0	0	100000	1.950107	1.146e-07	0.02812	0.001058	1.724e-09	0.2126	1.467e+04	123.9	7.392e-05	0.0749	1.664e-10	0.0003342	0	1.659e-05	9.252e-16	1.543e-23	4.767e-26	6.356e-26	7.945e-26	6.276e-10	2.474e-10	1.886e-12	0.02803	2.431e-12	5.298e-27	0.1947	7.985e-08	1.809e-08	9.295e-09	0	0	0	0	0	0	0	0	0	0	0	0	0	0	0	0	0	0	0	0	0	0	0	2.226e+04	0	0	0	0	0	0	0	0	0	0	0	0	0	0	0	1.066e+05	0	0	0	0	0	0	0	0	0	0	0	0	0	0	0	0	0	0	0	0	0	0	0	
7140	1760.328	3.45e+19	0	0	100000	1.950145	1.148e-07	0.02822	0.001064	1.741e-09	0.2137	1.475e+04	124.6	7.475e-05	0.0754	1.678e-10	0.0003364	0	1.678e-05	9.3e-16	1.565e-23	4.792e-26	6.389e-26	7.986e-26	6.318e-10	2.494e-10	1.904e-12	0.02817	2.451e-12	5.326e-27	0.1957	8.026e-08	1.818e-08	9.342e-09	0	0	0	0	0	0	0	0	0	0	0	0	0	0	0	0	0	0	0	0	0	0	0	2.235e+04	0	0	0	0	0	0	0	0	0	0	0	0	0	0	0	1.07e+05	0	0	0	0	0	0	0	0	0	0	0	0	0	0	0	0	0	0	0	0	0	0	0	
7168	1760.328	3.45e+19	0	0	100000	1.950183	1.151e-07	0.02832	0.001069	1.758e-09	0.2148	1.482e+04	125.2	7.559e-05	0.0759	1.692e-10	0.0003386	0	1.697e-05	9.347e-16	1.588e-23	4.816e-26	6.421e-26	8.027e-26	6.36e-10	2.514e-10	1.922e-12	0.02832	2.471e-12	5.353e-27	0.1967	8.067e-08	1.827e-08	9.39e-09	0	0	0	0	0	0	0	0	0	0	0	0	0	0	0	0	0	0	0	0	0	0	0	2.244e+04	0	0	0	0	0	0	0	0	0	0	0	0	0	0	0	1.075e+05	0	0	0	0	0	0	0	0	0	0	0	0	0	0	0	0	0	0	0	0	0	0	0	
7196	1760.328	3.45e+19	0	0	100000	1.950221	1.153e-07	0.02842	0.001075	1.775e-09	0.2159	1.49e+04	125.8	7.644e-05	0.0764	1.705e-10	0.0003409	0	1.716e-05	9.395e-16	1.61e-23	4.84e-26	6.454e-26	8.067e-26	6.402e-10	2.535e-10	1.941e-12	0.02847	2.491e-12	5.38e-27	0.1977	8.108e-08	1.836e-08	9.438e-09	0	0	0	0	0	0	0	0	0	0	0	0	0	0	0	0	0	0	0	0	0	0	0	2.253e+04	0	0	0	0	0	0	0	0	0	0	0	0	0	0	0	1.079e+05	0	0	0	0	0	0	0	0	0	0	0	0	0	0	0	0	0	0	0	0	0	0	0	
7224	1760.328	3.45e+19	0	0	100000	1.950259	1.155e-07	0.02853	0.00108	1.792e-09	0.217	1.497e+04	126.5	7.73e-05	0.07691	1.719e-10	0.0003431	0	1.735e-05	9.442e-16	1.633e-23	4.865e-26	6.487e-26	8.108e-26	6.444e-10	2.555e-10	1.96e-12	0.02862	2.511e-12	5.407e-27	0.1987	8.149e-08	1.846e-08	9.485e-09	0	0	0	0	0	0	0	0	0	0	0	0	0	0	0	0	0	0	0	0	0	0	0	2.261e+04	0	0	0	0	0	0	0	0	0	0	0	0	0	0	0	1.083e+05	0	0	0	0	0	0	0	0	0	0	0	0	0	0	0	0	0	0	0	0	0	0	0	
7252	1760.328	3.45e+19	0	0	100000	1.950297	1.158e-07	0.02863	0.001086	1.809e-09	0.2181	1.505e+04	127.1	7.816e-05	0.07741	1.733e-10	0.0003454	0	1.754e-05	9.49e-16	1.657e-23	4.889e-26	6.519e-26	8.149e-26	6.487e-10	2.576e-10	1.979e-12	0.02877	2.531e-12	5.434e-27	0.1997	8.19e-08	1.855e-08	9.533e-09	0	0	0	0	0	0	0	0	0	0	0	0	0	0	0	0	0	0	0	0	0	0	0	2.27e+04	0	0	0	0	0	0	0	0	0	0	0	0	0	0	0	1.087e+05	0	0	0	0	0	0	0	0	0	0	0	0	0	0	0	0	0	0	0	0	0	0	0	
7280	1760.328	3.45e+19	0	0	100000	1.950335	1.16e-07	0.02872	0.001091	1.827e-09	0.2192	1.512e+04	127.7	7.903e-05	0.07792	1.747e-10	0.0003476	0	1.774e-05	9.537e-16	1.68e-23	4.914e-26	6.552e-26	8.19e-26	6.529e-10	2.597e-10	1.998e-12	0.02892	2.552e-12	5.462e-27	0.2007	8.231e-08	1.864e-08	9.581e-09	0	0	0	0	0	0	0	0	0	0	0	0	0	0	0	0	0	0	0	0	0	0	0	2.279e+04	0	0	0	0	0	0	0	0	0	0	0	0	0	0	0	1.091e+05	0	0	0	0	0	0	0	0	0	0	0	0	0	0	0	0	0	0	0	0	0	0	0	
7308	1760.328	3.45e+19	0	0	100000	1.950373	1.162e-07	0.02882	0.001097	1.844e-09	0.2203	1.52e+04	128.4	7.991e-05	0.07843	1.761e-10	0.0003499	0	1.794e-05	9.585e-16	1.704e-23	4.938e-26	6.585e-26	8.231e-26	6.572e-10	2.618e-10	2.017e-12	0.02906	2.572e-12	5.489e-27	0.2017	8.272e-08	1.874e-08	9.629e-09	0	0	0	0	0	0	0	0	0	0	0	0	0	0	0	0	0	0	0	0	0	0	0	2.288e+04	0	0	0	0	0	0	0	0	0	0	0	0	0	0	0	1.096e+05	0	0	0	0	0	0	0	0	0	0	0	0	0	0	0	0	0	0	0	0	0	0	0	
7336	1760.328	3.45e+19	0	0	100000	1.950411	1.164e-07	0.02892	0.001102	1.862e-09	0.2214	1.527e+04	129	8.08e-05	0.07894	1.776e-10	0.0003522	0	1.814e-05	9.633e-16	1.728e-23	4.963e-26	6.617e-26	8.272e-26	6.614e-10	2.639e-10	2.036e-12	0.02921	2.593e-12	5.516e-27	0.2027	8.313e-08	1.883e-08	9.677e-09	0	0	0	0	0	0	0	0	0	0	0	0	0	0	0	0	0	0	0	0	0	0	0	2.296e+04	0	0	0	0	0	0	0	0	0	0	0	0	0	0	0	1.1e+05	0	0	0	0	0	0	0	0	0	0	0	0	0	0	0	0	0	0	0	0	0	0	0	
7364	1760.328	3.45e+19	0	0	100000	1.950449	1.167e-07	0.02902	0.001107	1.88e-09	0.2225	1.535e+04	129.7	8.17e-05	0.07945	1.79e-10	0.0003545	0	1.834e-05	9.68e-16	1.753e-23	4.988e-26	6.65e-26	8.313e-26	6.657e-10	2.66e-10	2.056e-12	0.02936	2.614e-12	5.543e-27	0.2037	8.354e-08	1.892e-08	9.724e-09	0	0	0	0	0	0	0	0	0	0	0	0	0	0	0	0	0	0	0	0	0	0	0	2.305e+04	0	0	0	0	0	0	0	0	0	0	0	0	0	0	0	1.104e+05	0	0	0	0	0	0	0	0	0	0	0	0	0	0	0	0	0	0	0	0	0	0	0	
7392	1760.328	3.45e+19	0	0	100000	1.950487	1.169e-07	0.02912	0.001113	1.898e-09	0.2235	1.542e+04	130.3	8.26e-05	0.07996	1.804e-10	0.0003567	0	1.854e-05	9.728e-16	1.778e-23	5.012e-26	6.683e-26	8.353e-26	6.7e-10	2.681e-10	2.075e-12	0.02951	2.635e-12	5.571e-27	0.2047	8.395e-08	1.902e-08	9.772e-09	0	0	0	0	0	0	0	0	0	0	0	0	0	0	0	0	0	0	0	0	0	0	0	2.314e+04	0	0	0	0	0	0	0	0	0	0	0	0	0	0	0	1.108e+05	0	0	0	0	0	0	0	0	0	0	0	0	0	0	0	0	0	0	0	0	0	0	0	
7420	1760.328	3.45e+19	0	0	100000	1.950525	1.171e-07	0.02922	0.001118	1.916e-09	0.2246	1.55e+04	130.9	8.352e-05	0.08048	1.818e-10	0.000359	0	1.874e-05	9.776e-16	1.803e-23	5.037e-26	6.715e-26	8.394e-26	6.743e-10	2.703e-10	2.095e-12	0.02966	2.656e-12	5.598e-27	0.2057	8.436e-08	1.911e-08	9.82e-09	0	0	0	0	0	0	0	0	0	0	0	0	0	0	0	0	0	0	0	0	0	0	0	2.323e+04	0	0	0	0	0	0	0	0	0	0	0	0	0	0	0	1.112e+05	0	0	0	0	0	0	0	0	0	0	0	0	0	0	0	0	0	0	0	0	0	0	0	
7448	1760.328	3.45e+19	0	0	100000	1.950563	1.173e-07	0.02932	0.001124	1.934e-09	0.2257	1.558e+04	131.6	8.444e-05	0.08099	1.833e-10	0.0003613	0	1.895e-05	9.823e-16	1.828e-23	5.061e-26	6.748e-26	8.435e-26	6.787e-10	2.724e-10	2.115e-12	0.02981	2.677e-12	5.625e-27	0.2067	8.477e-08	1.92e-08	9.868e-09	0	0	0	0	0	0	0	0	0	0	0	0	0	0	0	0	0	0	0	0	0	0	0	2.331e+04	0	0	0	0	0	0	0	0	0	0	0	0	0	0	0	1.117e+05	0	0	0	0	0	0	0	0	0	0	0	0	0	0	0	0	0	0	0	0	0	0	0	
7476	1760.328	3.45e+19	0	0	100000	1.950601	1.175e-07	0.02941	0.001129	1.952e-09	0.2268	1.565e+04	132.2	8.537e-05	0.08151	1.847e-10	0.0003637	0	1.916e-05	9.871e-16	1.854e-23	5.086e-26	6.781e-26	8.476e-26	6.83e-10	2.746e-10	2.135e-12	0.02996	2.698e-12	5.653e-27	0.2077	8.518e-08	1.93e-08	9.916e-09	0	0	0	0	0	0	0	0	0	0	0	0	0	0	0	0	0	0	0	0	0	0	0	2.34e+04	0	0	0	0	0	0	0	0	0	0	0	0	0	0	0	1.121e+05	0	0	0	0	0	0	0	0	0	0	0	0	0	0	0	0	0	0	0	0	0	0	0	
7504	1760.328	3.45e+19	0	0	100000	1.950639	1.177e-07	0.02951	0.001135	1.971e-09	0.2279	1.573e+04	132.9	8.631e-05	0.08203	1.862e-10	0.000366	0	1.937e-05	9.919e-16	1.88e-23	5.11e-26	6.814e-26	8.517e-26	6.874e-10	2.767e-10	2.155e-12	0.03011	2.719e-12	5.68e-27	0.2087	8.56e-08	1.939e-08	9.964e-09	0	0	0	0	0	0	0	0	0	0	0	0	0	0	0	0	0	0	0	0	0	0	0	2.349e+04	0	0	0	0	0	0	0	0	0	0	0	0	0	0	0	1.125e+05	0	0	0	0	0	0	0	0	0	0	0	0	0	0	0	0	0	0	0	0	0	0	0	
7532	1760.328	3.45e+19	0	0	100000	1.950677	1.179e-07	0.02961	0.00114	1.989e-09	0.229	1.58e+04	133.5	8.726e-05	0.08255	1.877e-10	0.0003683	0	1.958e-05	9.966e-16	1.907e-23	5.135e-26	6.847e-26	8.558e-26	6.917e-10	2.789e-10	2.176e-12	0.03026	2.741e-12	5.707e-27	0.2098	8.601e-08	1.948e-08	1.001e-08	0	0	0	0	0	0	0	0	0	0	0	0	0	0	0	0	0	0	0	0	0	0	0	2.358e+04	0	0	0	0	0	0	0	0	0	0	0	0	0	0	0	1.129e+05	0	0	0	0	0	0	0	0	0	0	0	0	0	0	0	0	0	0	0	0	0	0	0	
7560	1760.328	3.45e+19	0	0	100000	1.950715	1.181e-07	0.0297	0.001146	2.008e-09	0.2301	1.588e+04	134.1	8.822e-05	0.08307	1.892e-10	0.0003706	0	1.98e-05	1.001e-15	1.934e-23	5.16e-26	6.879e-26	8.599e-26	6.961e-10	2.811e-10	2.196e-12	0.03041	2.762e-12	5.735e-27	0.2108	8.642e-08	1.957e-08	1.006e-08	0	0	0	0	0	0	0	0	0	0	0	0	0	0	0	0	0	0	0	0	0	0	0	2.367e+04	0	0	0	0	0	0	0	0	0	0	0	0	0	0	0	1.133e+05	0	0	0	0	0	0	0	0	0	0	0	0	0	0	0	0	0	0	0	0	0	0	0	
7588	1760.328	3.45e+19	0	0	100000	1.950753	1.183e-07	0.0298	0.001151	2.027e-09	0.2312	1.595e+04	134.8	8.918e-05	0.0836	1.906e-10	0.000373	0	2.002e-05	1.006e-15	1.961e-23	5.184e-26	6.912e-26	8.64e-26	7.005e-10	2.833e-10	2.217e-12	0.03056	2.784e-12	5.762e-27	0.2118	8.683e-08	1.967e-08	1.011e-08	0	0	0	0	0	0	0	0	0	0	0	0	0	0	0	0	0	0	0	0	0	0	0	2.375e+04	0	0	0	0	0	0	0	0	0	0	0	0	0	0	0	1.138e+05	0	0	0	0	0	0	0	0	0	0	0	0	0	0	0	0	0	0	0	0	0	0	0	
7616	1760.328	3.45e+19	0	0	100000	1.950791	1.185e-07	0.02989	0.001157	2.046e-09	0.2323	1.603e+04	135.4	9.016e-05	0.08413	1.921e-10	0.0003753	0	2.024e-05	1.011e-15	1.988e-23	5.209e-26	6.945e-26	8.681e-26	7.049e-10	2.856e-10	2.238e-12	0.03071	2.806e-12	5.789e-27	0.2128	8.724e-08	1.976e-08	1.016e-08	0	0	0	0	0	0	0	0	0	0	0	0	0	0	0	0	0	0	0	0	0	0	0	2.384e+04	0	0	0	0	0	0	0	0	0	0	0	0	0	0	0	1.142e+05	0	0	0	0	0	0	0	0	0	0	0	0	0	0	0	0	0	0	0	0	0	0	0	
7644	1760.328	3.45e+19	0	0	100000	1.950829	1.187e-07	0.02999	0.001162	2.065e-09	0.2334	1.611e+04	136	9.114e-05	0.08465	1.936e-10	0.0003777	0	2.046e-05	1.016e-15	2.016e-23	5.233e-26	6.978e-26	8.722e-26	7.093e-10	2.878e-10	2.258e-12	0.03086	2.828e-12	5.817e-27	0.2138	8.766e-08	1.986e-08	1.02e-08	0	0	0	0	0	0	0	0	0	0	0	0	0	0	0	0	0	0	0	0	0	0	0	2.393e+04	0	0	0	0	0	0	0	0	0	0	0	0	0	0	0	1.146e+05	0	0	0	0	0	0	0	0	0	0	0	0	0	0	0	0	0	0	0	0	0	0	0	
7672	1760.328	3.45e+19	0	0	100000	1.950867	1.189e-07	0.03008	0.001167	2.085e-09	0.2345	1.618e+04	136.7	9.214e-05	0.08518	1.952e-10	0.00038	0	2.068e-05	1.021e-15	2.045e-23	5.258e-26	7.011e-26	8.763e-26	7.138e-10	2.9e-10	2.28e-12	0.03101	2.85e-12	5.844e-27	0.2148	8.807e-08	1.995e-08	1.025e-08	0	0	0	0	0	0	0	0	0	0	0	0	0	0	0	0	0	0	0	0	0	0	0	2.402e+04	0	0	0	0	0	0	0	0	0	0	0	0	0	0	0	1.15e+05	0	0	0	0	0	0	0	0	0	0	0	0	0	0	0	0	0	0	0	0	0	0	0	
7700	1760.328	3.45e+19	0	0	100000	1.950905	1.191e-07	0.03018	0.001173	2.104e-09	0.2356	1.626e+04	137.3	9.314e-05	0.08571	1.967e-10	0.0003824	0	2.09e-05	1.025e-15	2.073e-23	5.283e-26	7.043e-26	8.804e-26	7.182e-10	2.923e-10	2.301e-12	0.03116	2.872e-12	5.871e-27	0.2158	8.848e-08	2.004e-08	1.03e-08	0	0	0	0	0	0	0	0	0	0	0	0	0	0	0	0	0	0	0	0	0	0	0	2.41e+04	0	0	0	0	0	0	0	0	0	0	0	0	0	0	0	1.154e+05	0	0	0	0	0	0	0	0	0	0	0	0	0	0	0	0	0	0	0	0	0	0	0	
7728	1760.328	3.45e+19	0	0	100000	1.950943	1.193e-07	0.03027	0.001178	2.124e-09	0.2367	1.633e+04	138	9.415e-05	0.08625	1.982e-10	0.0003848	0	2.113e-05	1.03e-15	2.102e-23	5.307e-26	7.076e-26	8.845e-26	7.227e-10	2.946e-10	2.322e-12	0.03131	2.895e-12	5.899e-27	0.2168	8.889e-08	2.014e-08	1.035e-08	0	0	0	0	0	0	0	0	0	0	0	0	0	0	0	0	0	0	0	0	0	0	0	2.419e+04	0	0	0	0	0	0	0	0	0	0	0	0	0	0	0	1.159e+05	0	0	0	0	0	0	0	0	0	0	0	0	0	0	0	0	0	0	0	0	0	0	0	
7756	1760.328	3.45e+19	0	0	100000	1.950981	1.195e-07	0.03037	0.001184	2.143e-09	0.2378	1.641e+04	138.6	9.518e-05	0.08678	1.997e-10	0.0003872	0	2.136e-05	1.035e-15	2.132e-23	5.332e-26	7.109e-26	8.887e-26	7.272e-10	2.968e-10	2.344e-12	0.03146	2.917e-12	5.926e-27	0.2178	8.931e-08	2.023e-08	1.04e-08	0	0	0	0	0	0	0	0	0	0	0	0	0	0	0	0	0	0	0	0	0	0	0	2.428e+04	0	0	0	0	0	0	0	0	0	0	0	0	0	0	0	1.163e+05	0	0	0	0	0	0	0	0	0	0	0	0	0	0	0	0	0	0	0	0	0	0	0	
7784	1760.328	3.45e+19	0	0	100000	1.951019	1.196e-07	0.03046	0.001189	2.163e-09	0.2389	1.648e+04	139.3	9.621e-05	0.08732	2.013e-10	0.0003896	0	2.159e-05	1.04e-15	2.161e-23	5.357e-26	7.142e-26	8.928e-26	7.316e-10	2.991e-10	2.366e-12	0.03161	2.939e-12	5.954e-27	0.2188	8.972e-08	2.032e-08	1.044e-08	0	0	0	0	0	0	0	0	0	0	0	0	0	0	0	0	0	0	0	0	0	0	0	2.437e+04	0	0	0	0	0	0	0	0	0	0	0	0	0	0	0	1.167e+05	0	0	0	0	0	0	0	0	0	0	0	0	0	0	0	0	0	0	0	0	0	0	0	
7812	1760.328	3.45e+19	0	0	100000	1.951057	1.198e-07	0.03055	0.001195	2.183e-09	0.24	1.656e+04	139.9	9.725e-05	0.08785	2.028e-10	0.000392	0	2.183e-05	1.044e-15	2.192e-23	5.381e-26	7.175e-26	8.969e-26	7.361e-10	3.014e-10	2.388e-12	0.03176	2.962e-12	5.981e-27	0.2198	9.013e-08	2.042e-08	1.049e-08	0	0	0	0	0	0	0	0	0	0	0	0	0	0	0	0	0	0	0	0	0	0	0	2.445e+04	0	0	0	0	0	0	0	0	0	0	0	0	0	0	0	1.171e+05	0	0	0	0	0	0	0	0	0	0	0	0	0	0	0	0	0	0	0	0	0	0	0	
7840	1760.328	3.45e+19	0	0	100000	1.951095	1.2e-07	0.03065	0.0012	2.204e-09	0.2411	1.664e+04	140.5	9.83e-05	0.08839	2.044e-10	0.0003944	0	2.206e-05	1.049e-15	2.222e-23	5.406e-26	7.208e-26	9.01e-26	7.407e-10	3.038e-10	2.41e-12	0.03191	2.985e-12	6.008e-27	0.2208	9.055e-08	2.051e-08	1.054e-08	0	0	0	0	0	0	0	0	0	0	0	0	0	0	0	0	0	0	0	0	0	0	0	2.454e+04	0	0	0	0	0	0	0	0	0	0	0	0	0	0	0	1.175e+05	0	0	0	0	0	0	0	0	0	0	0	0	0	0	0	0	0	0	0	0	0	0	0	
7868	1760.328	3.45e+19	0	0	100000	1.951133	1.202e-07	0.03074	0.001206	2.224e-09	0.2422	1.671e+04	141.2	9.936e-05	0.08893	2.06e-10	0.0003968	0	2.23e-05	1.054e-15	2.253e-23	5.431e-26	7.241e-26	9.051e-26	7.452e-10	3.061e-10	2.432e-12	0.03206	3.008e-12	6.036e-27	0.2218	9.096e-08	2.06e-08	1.059e-08	0	0	0	0	0	0	0	0	0	0	0	0	0	0	0	0	0	0	0	0	0	0	0	2.463e+04	0	0	0	0	0	0	0	0	0	0	0	0	0	0	0	1.18e+05	0	0	0	0	0	0	0	0	0	0	0	0	0	0	0	0	0	0	0	0	0	0	0	
7896	1760.328	3.45e+19	0	0	100000	1.951171	1.204e-07	0.03083	0.001211	2.244e-09	0.2433	1.679e+04	141.8	0.0001004	0.08948	2.075e-10	0.0003992	0	2.254e-05	1.059e-15	2.284e-23	5.455e-26	7.274e-26	9.092e-26	7.497e-10	3.084e-10	2.454e-12	0.03221	3.031e-12	6.063e-27	0.2228	9.137e-08	2.07e-08	1.064e-08	0	0	0	0	0	0	0	0	0	0	0	0	0	0	0	0	0	0	0	0	0	0	0	2.472e+04	0	0	0	0	0	0	0	0	0	0	0	0	0	0	0	1.184e+05	0	0	0	0	0	0	0	0	0	0	0	0	0	0	0	0	0	0	0	0	0	0	0	
7924	1760.328	3.45e+19	0	0	100000	1.951209	1.205e-07	0.03092	0.001217	2.265e-09	0.2444	1.686e+04	142.5	0.0001015	0.09002	2.091e-10	0.0004016	0	2.278e-05	1.064e-15	2.316e-23	5.48e-26	7.307e-26	9.133e-26	7.543e-10	3.108e-10	2.477e-12	0.03236	3.054e-12	6.091e-27	0.2238	9.179e-08	2.079e-08	1.068e-08	0	0	0	0	0	0	0	0	0	0	0	0	0	0	0	0	0	0	0	0	0	0	0	2.48e+04	0	0	0	0	0	0	0	0	0	0	0	0	0	0	0	1.188e+05	0	0	0	0	0	0	0	0	0	0	0	0	0	0	0	0	0	0	0	0	0	0	0	
7952	1760.328	3.45e+19	0	0	100000	1.951247	1.207e-07	0.03101	0.001222	2.286e-09	0.2455	1.694e+04	143.1	0.0001026	0.09057	2.107e-10	0.0004041	0	2.303e-05	1.068e-15	2.348e-23	5.505e-26	7.34e-26	9.174e-26	7.589e-10	3.132e-10	2.5e-12	0.03252	3.077e-12	6.118e-27	0.2249	9.22e-08	2.088e-08	1.073e-08	0	0	0	0	0	0	0	0	0	0	0	0	0	0	0	0	0	0	0	0	0	0	0	2.489e+04	0	0	0	0	0	0	0	0	0	0	0	0	0	0	0	1.192e+05	0	0	0	0	0	0	0	0	0	0	0	0	0	0	0	0	0	0	0	0	0	0	0	
7980	1760.328	3.45e+19	0	0	100000	1.951285	1.209e-07	0.0311	0.001228	2.307e-09	0.2466	1.702e+04	143.7	0.0001037	0.09111	2.123e-10	0.0004065	0	2.328e-05	1.073e-15	2.381e-23	5.529e-26	7.372e-26	9.216e-26	7.635e-10	3.155e-10	2.523e-12	0.03267	3.101e-12	6.146e-27	0.2259	9.261e-08	2.098e-08	1.078e-08	0	0	0	0	0	0	0	0	0	0	0	0	0	0	0	0	0	0	0	0	0	0	0	2.498e+04	0	0	0	0	0	0	0	0	0	0	0	0	0	0	0	1.196e+05	0	0	0	0	0	0	0	0	0	0	0	0	0	0	0	0	0	0	0	0	0	0	0	
8008	1760.328	3.45e+19	0	0	100000	1.951323	1.21e-07	0.03119	0.001233	2.328e-09	0.2477	1.709e+04	144.4	0.0001048	0.09166	2.139e-10	0.0004089	0	2.353e-05	1.078e-15	2.414e-23	5.554e-26	7.405e-26	9.257e-26	7.681e-10	3.179e-10	2.546e-12	0.03282	3.124e-12	6.173e-27	0.2269	9.303e-08	2.107e-08	1.083e-08	0	0	0	0	0	0	0	0	0	0	0	0	0	0	0	0	0	0	0	0	0	0	0	2.507e+04	0	0	0	0	0	0	0	0	0	0	0	0	0	0	0	1.201e+05	0	0	0	0	0	0	0	0	0	0	0	0	0	0	0	0	0	0	0	0	0	0	0	
8036	1760.328	3.45e+19	0	0	100000	1.951361	1.212e-07	0.03128	0.001239	2.349e-09	0.2488	1.717e+04	145	0.0001059	0.09221	2.155e-10	0.0004114	0	2.378e-05	1.083e-15	2.447e-23	5.579e-26	7.438e-26	9.298e-26	7.727e-10	3.203e-10	2.569e-12	0.03297	3.148e-12	6.201e-27	0.2279	9.344e-08	2.117e-08	1.088e-08	0	0	0	0	0	0	0	0	0	0	0	0	0	0	0	0	0	0	0	0	0	0	0	2.516e+04	0	0	0	0	0	0	0	0	0	0	0	0	0	0	0	1.205e+05	0	0	0	0	0	0	0	0	0	0	0	0	0	0	0	0	0	0	0	0	0	0	0	
8064	1760.328	3.45e+19	0	0	100000	1.951399	1.213e-07	0.03137	0.001244	2.371e-09	0.2499	1.724e+04	145.7	0.0001071	0.09277	2.172e-10	0.0004139	0	2.403e-05	1.088e-15	2.481e-23	5.604e-26	7.471e-26	9.339e-26	7.773e-10	3.228e-10	2.592e-12	0.03312	3.172e-12	6.228e-27	0.2289	9.386e-08	2.126e-08	1.093e-08	0	0	0	0	0	0	0	0	0	0	0	0	0	0	0	0	0	0	0	0	0	0	0	2.524e+04	0	0	0	0	0	0	0	0	0	0	0	0	0	0	0	1.209e+05	0	0	0	0	0	0	0	0	0	0	0	0	0	0	0	0	0	0	0	0	0	0	0	
8092	1760.328	3.45e+19	0	0	100000	1.951437	1.215e-07	0.03146	0.00125	2.392e-09	0.251	1.732e+04	146.3	0.0001082	0.09332	2.188e-10	0.0004163	0	2.429e-05	1.092e-15	2.516e-23	5.628e-26	7.504e-26	9.38e-26	7.82e-10	3.252e-10	2.616e-12	0.03327	3.196e-12	6.256e-27	0.2299	9.427e-08	2.135e-08	1.097e-08	0	0	0	0	0	0	0	0	0	0	0	0	0	0	0	0	0	0	0	0	0	0	0	2.533e+04	0	0	0	0	0	0	0	0	0	0	0	0	0	0	0	1.213e+05	0	0	0	0	0	0	0	0	0	0	0	0	0	0	0	0	0	0	0	0	0	0	0	
8120	1760.328	3.45e+19	0	0	100000	1.951475	1.217e-07	0.03155	0.001255	2.414e-09	0.2521	1.74e+04	147	0.0001094	0.09388	2.205e-10	0.0004188	0	2.455e-05	1.097e-15	2.55e-23	5.653e-26	7.537e-26	9.422e-26	7.866e-10	3.276e-10	2.64e-12	0.03343	3.22e-12	6.283e-27	0.2309	9.469e-08	2.145e-08	1.102e-08	0	0	0	0	0	0	0	0	0	0	0	0	0	0	0	0	0	0	0	0	0	0	0	2.542e+04	0	0	0	0	0	0	0	0	0	0	0	0	0	0	0	1.217e+05	0	0	0	0	0	0	0	0	0	0	0	0	0	0	0	0	0	0	0	0	0	0	0	
8148	1760.328	3.45e+19	0	0	100000	1.951513	1.218e-07	0.03164	0.001261	2.436e-09	0.2532	1.747e+04	147.6	0.0001105	0.09444	2.221e-10	0.0004213	0	2.481e-05	1.102e-15	2.585e-23	5.678e-26	7.57e-26	9.463e-26	7.913e-10	3.301e-10	2.664e-12	0.03358	3.244e-12	6.311e-27	0.2319	9.51e-08	2.154e-08	1.107e-08	0	0	0	0	0	0	0	0	0	0	0	0	0	0	0	0	0	0	0	0	0	0	0	2.551e+04	0	0	0	0	0	0	0	0	0	0	0	0	0	0	0	1.222e+05	0	0	0	0	0	0	0	0	0	0	0	0	0	0	0	0	0	0	0	0	0	0	0	
8176	1760.328	3.45e+19	0	0	100000	1.951551	1.22e-07	0.03173	0.001266	2.458e-09	0.2543	1.755e+04	148.2	0.0001117	0.09499	2.238e-10	0.0004238	0	2.507e-05	1.107e-15	2.621e-23	5.703e-26	7.603e-26	9.504e-26	7.96e-10	3.326e-10	2.688e-12	0.03373	3.268e-12	6.338e-27	0.2329	9.551e-08	2.164e-08	1.112e-08	0	0	0	0	0	0	0	0	0	0	0	0	0	0	0	0	0	0	0	0	0	0	0	2.559e+04	0	0	0	0	0	0	0	0	0	0	0	0	0	0	0	1.226e+05	0	0	0	0	0	0	0	0	0	0	0	0	0	0	0	0	0	0	0	0	0	0	0	
8204	1760.328	3.45e+19	0	0	100000	1.951589	1.221e-07	0.03182	0.001272	2.48e-09	0.2554	1.763e+04	148.9	0.0001129	0.09556	2.255e-10	0.0004263	0	2.534e-05	1.112e-15	2.657e-23	5.727e-26	7.636e-26	9.545e-26	8.007e-10	3.351e-10	2.712e-12	0.03388	3.293e-12	6.366e-27	0.2339	9.593e-08	2.173e-08	1.117e-08	0	0	0	0	0	0	0	0	0	0	0	0	0	0	0	0	0	0	0	0	0	0	0	2.568e+04	0	0	0	0	0	0	0	0	0	0	0	0	0	0	0	1.23e+05	0	0	0	0	0	0	0	0	0	0	0	0	0	0	0	0	0	0	0	0	0	0	0	
8232	1760.328	3.45e+19	0	0	100000	1.951627	1.223e-07	0.03191	0.001277	2.503e-09	0.2566	1.77e+04	149.5	0.0001141	0.09612	2.271e-10	0.0004288	0	2.561e-05	1.116e-15	2.694e-23	5.752e-26	7.669e-26	9.587e-26	8.054e-10	3.376e-10	2.737e-12	0.03404	3.317e-12	6.393e-27	0.235	9.634e-08	2.182e-08	1.122e-08	0	0	0	0	0	0	0	0	0	0	0	0	0	0	0	0	0	0	0	0	0	0	0	2.577e+04	0	0	0	0	0	0	0	0	0	0	0	0	0	0	0	1.234e+05	0	0	0	0	0	0	0	0	0	0	0	0	0	0	0	0	0	0	0	0	0	0	0	
8260	1760.328	3.45e+19	0	0	100000	1.951665	1.224e-07	0.03199	0.001283	2.525e-09	0.2577	1.778e+04	150.2	0.0001153	0.09668	2.288e-10	0.0004313	0	2.588e-05	1.121e-15	2.731e-23	5.777e-26	7.702e-26	9.628e-26	8.101e-10	3.401e-10	2.761e-12	0.03419	3.342e-12	6.421e-27	0.236	9.676e-08	2.192e-08	1.126e-08	0	0	0	0	0	0	0	0	0	0	0	0	0	0	0	0	0	0	0	0	0	0	0	2.586e+04	0	0	0	0	0	0	0	0	0	0	0	0	0	0	0	1.238e+05	0	0	0	0	0	0	0	0	0	0	0	0	0	0	0	0	0	0	0	0	0	0	0	
8288	1760.328	3.45e+19	0	0	100000	1.951703	1.225e-07	0.03208	0.001288	2.548e-09	0.2588	1.785e+04	150.8	0.0001165	0.09725	2.305e-10	0.0004339	0	2.615e-05	1.126e-15	2.768e-23	5.802e-26	7.735e-26	9.669e-26	8.149e-10	3.426e-10	2.786e-12	0.03434	3.367e-12	6.448e-27	0.237	9.717e-08	2.201e-08	1.131e-08	0	0	0	0	0	0	0	0	0	0	0	0	0	0	0	0	0	0	0	0	0	0	0	2.594e+04	0	0	0	0	0	0	0	0	0	0	0	0	0	0	0	1.243e+05	0	0	0	0	0	0	0	0	0	0	0	0	0	0	0	0	0	0	0	0	0	0	0	
8316	1760.328	3.45e+19	0	0	100000	1.951741	1.227e-07	0.03217	0.001294	2.571e-09	0.2599	1.793e+04	151.5	0.0001178	0.09782	2.322e-10	0.0004364	0	2.643e-05	1.131e-15	2.806e-23	5.826e-26	7.768e-26	9.711e-26	8.196e-10	3.451e-10	2.811e-12	0.03449	3.392e-12	6.476e-27	0.238	9.759e-08	2.21e-08	1.136e-08	0	0	0	0	0	0	0	0	0	0	0	0	0	0	0	0	0	0	0	0	0	0	0	2.603e+04	0	0	0	0	0	0	0	0	0	0	0	0	0	0	0	1.247e+05	0	0	0	0	0	0	0	0	0	0	0	0	0	0	0	0	0	0	0	0	0	0	0	
8344	1760.328	3.45e+19	0	0	100000	1.951779	1.228e-07	0.03225	0.001299	2.594e-09	0.261	1.801e+04	152.1	0.000119	0.09839	2.34e-10	0.000439	0	2.671e-05	1.136e-15	2.845e-23	5.851e-26	7.802e-26	9.752e-26	8.244e-10	3.477e-10	2.837e-12	0.03465	3.417e-12	6.503e-27	0.239	9.8e-08	2.22e-08	1.141e-08	0	0	0	0	0	0	0	0	0	0	0	0	0	0	0	0	0	0	0	0	0	0	0	2.612e+04	0	0	0	0	0	0	0	0	0	0	0	0	0	0	0	1.251e+05	0	0	0	0	0	0	0	0	0	0	0	0	0	0	0	0	0	0	0	0	0	0	0	
8372	1760.328	3.45e+19	0	0	100000	1.951817	1.23e-07	0.03234	0.001305	2.617e-09	0.2621	1.808e+04	152.8	0.0001203	0.09896	2.357e-10	0.0004415	0	2.699e-05	1.14e-15	2.884e-23	5.876e-26	7.835e-26	9.793e-26	8.292e-10	3.503e-10	2.862e-12	0.0348	3.442e-12	6.531e-27	0.24	9.842e-08	2.229e-08	1.146e-08	0	0	0	0	0	0	0	0	0	0	0	0	0	0	0	0	0	0	0	0	0	0	0	2.621e+04	0	0	0	0	0	0	0	0	0	0	0	0	0	0	0	1.255e+05	0	0	0	0	0	0	0	0	0	0	0	0	0	0	0	0	0	0	0	0	0	0	0	
8400	1760.328	3.45e+19	0	0	100000	1.951855	1.231e-07	0.03243	0.00131	2.641e-09	0.2632	1.816e+04	153.4	0.0001215	0.09953	2.374e-10	0.0004441	0	2.727e-05	1.145e-15	2.923e-23	5.901e-26	7.868e-26	9.835e-26	8.34e-10	3.528e-10	2.888e-12	0.03495	3.467e-12	6.558e-27	0.241	9.883e-08	2.239e-08	1.151e-08	0	0	0	0	0	0	0	0	0	0	0	0	0	0	0	0	0	0	0	0	0	0	0	2.629e+04	0	0	0	0	0	0	0	0	0	0	0	0	0	0	0	1.259e+05	0	0	0	0	0	0	0	0	0	0	0	0	0	0	0	0	0	0	0	0	0	0	0	
8428	1760.328	3.45e+19	0	0	100000	1.95189395	1.232e-07	0.03251	0.001316	2.665e-09	0.2643	1.824e+04	154	0.0001228	0.1001	2.392e-10	0.0004466	0	2.756e-05	1.15e-15	2.964e-23	5.926e-26	7.901e-26	9.876e-26	8.389e-10	3.555e-10	2.914e-12	0.03511	3.493e-12	6.586e-27	0.242	9.925e-08	2.248e-08	1.155e-08	0	0	0	0	0	0	0	0	0	0	0	0	0	0	0	0	0	0	0	0	0	0	0	2.638e+04	0	0	0	0	0	0	0	0	0	0	0	0	0	0	0	1.263e+05	0	0	0	0	0	0	0	0	0	0	0	0	0	0	0	0	0	0	0	0	0	0	0	
8456	1760.328	3.45e+19	0	0	100000	1.9519329	1.233e-07	0.03259	0.001321	2.689e-09	0.2654	1.831e+04	154.7	0.0001241	0.1007	2.41e-10	0.0004492	0	2.786e-05	1.155e-15	3.005e-23	5.95e-26	7.934e-26	9.917e-26	8.437e-10	3.581e-10	2.94e-12	0.03526	3.519e-12	6.614e-27	0.2431	9.967e-08	2.258e-08	1.16e-08	0	0	0	0	0	0	0	0	0	0	0	0	0	0	0	0	0	0	0	0	0	0	0	2.647e+04	0	0	0	0	0	0	0	0	0	0	0	0	0	0	0	1.268e+05	0	0	0	0	0	0	0	0	0	0	0	0	0	0	0	0	0	0	0	0	0	0	0	
8484	1760.328	3.45e+19	0	0	100000	1.95197185	1.234e-07	0.03268	0.001327	2.713e-09	0.2665	1.839e+04	155.3	0.0001254	0.1013	2.427e-10	0.0004518	0	2.815e-05	1.16e-15	3.047e-23	5.975e-26	7.967e-26	9.959e-26	8.486e-10	3.608e-10	2.967e-12	0.03541	3.545e-12	6.641e-27	0.2441	1.001e-07	2.267e-08	1.165e-08	0	0	0	0	0	0	0	0	0	0	0	0	0	0	0	0	0	0	0	0	0	0	0	2.656e+04	0	0	0	0	0	0	0	0	0	0	0	0	0	0	0	1.272e+05	0	0	0	0	0	0	0	0	0	0	0	0	0	0	0	0	0	0	0	0	0	0	0	
8512	1760.328	3.45e+19	0	0	100000	1.9520108	1.236e-07	0.03276	0.001332	2.737e-09	0.2676	1.846e+04	156	0.0001268	0.1019	2.445e-10	0.0004544	0	2.845e-05	1.165e-15	3.089e-23	6e-26	8e-26	1e-25	8.535e-10	3.634e-10	2.993e-12	0.03557	3.571e-12	6.669e-27	0.2451	1.005e-07	2.276e-08	1.17e-08	0	0	0	0	0	0	0	0	0	0	0	0	0	0	0	0	0	0	0	0	0	0	0	2.665e+04	0	0	0	0	0	0	0	0	0	0	0	0	0	0	0	1.276e+05	0	0	0	0	0	0	0	0	0	0	0	0	0	0	0	0	0	0	0	0	0	0	0	
8540	1760.328	3.45e+19	0	0	100000	1.95204975	1.237e-07	0.03284	0.001338	2.762e-09	0.2687	1.854e+04	156.6	0.0001281	0.1024	2.463e-10	0.0004571	0	2.876e-05	1.169e-15	3.132e-23	6.025e-26	8.033e-26	1.004e-25	8.584e-10	3.661e-10	3.02e-12	0.03572	3.598e-12	6.696e-27	0.2461	1.009e-07	2.286e-08	1.175e-08	0	0	0	0	0	0	0	0	0	0	0	0	0	0	0	0	0	0	0	0	0	0	0	2.673e+04	0	0	0	0	0	0	0	0	0	0	0	0	0	0	0	1.28e+05	0	0	0	0	0	0	0	0	0	0	0	0	0	0	0	0	0	0	0	0	0	0	0	
8568	1760.328	3.45e+19	0	0	100000	1.9520887	1.238e-07	0.03292	0.001343	2.787e-09	0.2698	1.862e+04	157.3	0.0001295	0.103	2.482e-10	0.0004597	0	2.906e-05	1.174e-15	3.176e-23	6.05e-26	8.066e-26	1.008e-25	8.634e-10	3.688e-10	3.047e-12	0.03587	3.624e-12	6.724e-27	0.2471	1.013e-07	2.295e-08	1.18e-08	0	0	0	0	0	0	0	0	0	0	0	0	0	0	0	0	0	0	0	0	0	0	0	2.682e+04	0	0	0	0	0	0	0	0	0	0	0	0	0	0	0	1.284e+05	0	0	0	0	0	0	0	0	0	0	0	0	0	0	0	0	0	0	0	0	0	0	0	
8596	1760.328	3.45e+19	0	0	100000	1.95212765	1.239e-07	0.03301	0.001349	2.812e-09	0.2709	1.869e+04	157.9	0.0001309	0.1036	2.5e-10	0.0004623	0	2.937e-05	1.179e-15	3.22e-23	6.074e-26	8.099e-26	1.012e-25	8.683e-10	3.715e-10	3.075e-12	0.03603	3.651e-12	6.752e-27	0.2481	1.017e-07	2.305e-08	1.184e-08	0	0	0	0	0	0	0	0	0	0	0	0	0	0	0	0	0	0	0	0	0	0	0	2.691e+04	0	0	0	0	0	0	0	0	0	0	0	0	0	0	0	1.289e+05	0	0	0	0	0	0	0	0	0	0	0	0	0	0	0	0	0	0	0	0	0	0	0	
8624	1760.328	3.45e+19	0	0	100000	1.9521666	1.24e-07	0.03309	0.001354	2.837e-09	0.272	1.877e+04	158.6	0.0001323	0.1042	2.518e-10	0.000465	0	2.968e-05	1.184e-15	3.265e-23	6.099e-26	8.132e-26	1.017e-25	8.733e-10	3.742e-10	3.102e-12	0.03618	3.678e-12	6.779e-27	0.2491	1.022e-07	2.314e-08	1.189e-08	0	0	0	0	0	0	0	0	0	0	0	0	0	0	0	0	0	0	0	0	0	0	0	2.7e+04	0	0	0	0	0	0	0	0	0	0	0	0	0	0	0	1.293e+05	0	0	0	0	0	0	0	0	0	0	0	0	0	0	0	0	0	0	0	0	0	0	0	
8652	1760.328	3.45e+19	0	0	100000	1.95220555	1.241e-07	0.03317	0.00136	2.862e-09	0.2732	1.885e+04	159.2	0.0001337	0.1048	2.537e-10	0.0004676	0	3e-05	1.189e-15	3.31e-23	6.124e-26	8.166e-26	1.021e-25	8.782e-10	3.77e-10	3.13e-12	0.03634	3.705e-12	6.807e-27	0.2502	1.026e-07	2.323e-08	1.194e-08	0	0	0	0	0	0	0	0	0	0	0	0	0	0	0	0	0	0	0	0	0	0	0	2.708e+04	0	0	0	0	0	0	0	0	0	0	0	0	0	0	0	1.297e+05	0	0	0	0	0	0	0	0	0	0	0	0	0	0	0	0	0	0	0	0	0	0	0	
8680	1760.328	3.45e+19	0	0	100000	1.9522445	1.242e-07	0.03325	0.001365	2.888e-09	0.2743	1.892e+04	159.9	0.0001351	0.1054	2.555e-10	0.0004703	0	3.031e-05	1.193e-15	3.356e-23	6.149e-26	8.199e-26	1.025e-25	8.832e-10	3.797e-10	3.158e-12	0.03649	3.732e-12	6.834e-27	0.2512	1.03e-07	2.333e-08	1.199e-08	0	0	0	0	0	0	0	0	0	0	0	0	0	0	0	0	0	0	0	0	0	0	0	2.717e+04	0	0	0	0	0	0	0	0	0	0	0	0	0	0	0	1.301e+05	0	0	0	0	0	0	0	0	0	0	0	0	0	0	0	0	0	0	0	0	0	0	0	
8708	1760.328	3.45e+19	0	0	100000	1.95228345	1.243e-07	0.03333	0.001371	2.914e-09	0.2754	1.9e+04	160.5	0.0001365	0.106	2.574e-10	0.0004729	0	3.063e-05	1.198e-15	3.402e-23	6.174e-26	8.232e-26	1.029e-25	8.882e-10	3.825e-10	3.186e-12	0.03665	3.759e-12	6.862e-27	0.2522	1.034e-07	2.342e-08	1.204e-08	0	0	0	0	0	0	0	0	0	0	0	0	0	0	0	0	0	0	0	0	0	0	0	2.726e+04	0	0	0	0	0	0	0	0	0	0	0	0	0	0	0	1.305e+05	0	0	0	0	0	0	0	0	0	0	0	0	0	0	0	0	0	0	0	0	0	0	0	
8736	1760.328	3.45e+19	0	0	100000	1.9523224	1.244e-07	0.03341	0.001376	2.94e-09	0.2765	1.908e+04	161.1	0.0001379	0.1066	2.593e-10	0.0004756	0	3.096e-05	1.203e-15	3.449e-23	6.199e-26	8.265e-26	1.033e-25	8.933e-10	3.853e-10	3.215e-12	0.0368	3.786e-12	6.89e-27	0.2532	1.038e-07	2.352e-08	1.209e-08	0	0	0	0	0	0	0	0	0	0	0	0	0	0	0	0	0	0	0	0	0	0	0	2.735e+04	0	0	0	0	0	0	0	0	0	0	0	0	0	0	0	1.31e+05	0	0	0	0	0	0	0	0	0	0	0	0	0	0	0	0	0	0	0	0	0	0	0	
8764	1760.328	3.45e+19	0	0	100000	1.95236135	1.245e-07	0.03349	0.001382	2.966e-09	0.2776	1.915e+04	161.8	0.0001394	0.1072	2.611e-10	0.0004783	0	3.128e-05	1.208e-15	3.497e-23	6.224e-26	8.298e-26	1.037e-25	8.983e-10	3.881e-10	3.243e-12	0.03695	3.814e-12	6.917e-27	0.2542	1.042e-07	2.361e-08	1.213e-08	0	0	0	0	0	0	0	0	0	0	0	0	0	0	0	0	0	0	0	0	0	0	0	2.743e+04	0	0	0	0	0	0	0	0	0	0	0	0	0	0	0	1.314e+05	0	0	0	0	0	0	0	0	0	0	0	0	0	0	0	0	0	0	0	0	0	0	0	
8792	1760.328	3.45e+19	0	0	100000	1.9524003	1.246e-07	0.03357	0.001387	2.992e-09	0.2787	1.923e+04	162.4	0.0001409	0.1078	2.63e-10	0.000481	0	3.161e-05	1.213e-15	3.545e-23	6.248e-26	8.331e-26	1.041e-25	9.033e-10	3.909e-10	3.272e-12	0.03711	3.841e-12	6.945e-27	0.2552	1.047e-07	2.371e-08	1.218e-08	0	0	0	0	0	0	0	0	0	0	0	0	0	0	0	0	0	0	0	0	0	0	0	2.752e+04	0	0	0	0	0	0	0	0	0	0	0	0	0	0	0	1.318e+05	0	0	0	0	0	0	0	0	0	0	0	0	0	0	0	0	0	0	0	0	0	0	0	
8820	1760.328	3.45e+19	0	0	100000	1.95243925	1.247e-07	0.03365	0.001393	3.019e-09	0.2798	1.931e+04	163.1	0.0001423	0.1084	2.649e-10	0.0004837	0	3.194e-05	1.218e-15	3.594e-23	6.273e-26	8.364e-26	1.046e-25	9.084e-10	3.937e-10	3.301e-12	0.03726	3.869e-12	6.973e-27	0.2563	1.051e-07	2.38e-08	1.223e-08	0	0	0	0	0	0	0	0	0	0	0	0	0	0	0	0	0	0	0	0	0	0	0	2.761e+04	0	0	0	0	0	0	0	0	0	0	0	0	0	0	0	1.322e+05	0	0	0	0	0	0	0	0	0	0	0	0	0	0	0	0	0	0	0	0	0	0	0	
8848	1760.328	3.45e+19	0	0	100000	1.9524782	1.248e-07	0.03373	0.001398	3.046e-09	0.2809	1.938e+04	163.7	0.0001438	0.109	2.669e-10	0.0004864	0	3.228e-05	1.222e-15	3.643e-23	6.298e-26	8.398e-26	1.05e-25	9.135e-10	3.966e-10	3.331e-12	0.03742	3.897e-12	7e-27	0.2573	1.055e-07	2.39e-08	1.228e-08	0	0	0	0	0	0	0	0	0	0	0	0	0	0	0	0	0	0	0	0	0	0	0	2.77e+04	0	0	0	0	0	0	0	0	0	0	0	0	0	0	0	1.326e+05	0	0	0	0	0	0	0	0	0	0	0	0	0	0	0	0	0	0	0	0	0	0	0	
8876	1760.328	3.45e+19	0	0	100000	1.95251715	1.248e-07	0.03381	0.001404	3.073e-09	0.282	1.946e+04	164.4	0.0001453	0.1096	2.688e-10	0.0004891	0	3.262e-05	1.227e-15	3.694e-23	6.323e-26	8.431e-26	1.054e-25	9.186e-10	3.995e-10	3.36e-12	0.03757	3.925e-12	7.028e-27	0.2583	1.059e-07	2.399e-08	1.233e-08	0	0	0	0	0	0	0	0	0	0	0	0	0	0	0	0	0	0	0	0	0	0	0	2.778e+04	0	0	0	0	0	0	0	0	0	0	0	0	0	0	0	1.331e+05	0	0	0	0	0	0	0	0	0	0	0	0	0	0	0	0	0	0	0	0	0	0	0	
8904	1760.328	3.45e+19	0	0	100000	1.9525561	1.249e-07	0.03388	0.00141	3.1e-09	0.2831	1.954e+04	165	0.0001469	0.1102	2.707e-10	0.0004918	0	3.296e-05	1.232e-15	3.745e-23	6.348e-26	8.464e-26	1.058e-25	9.237e-10	4.023e-10	3.39e-12	0.03773	3.954e-12	7.056e-27	0.2593	1.063e-07	2.408e-08	1.238e-08	0	0	0	0	0	0	0	0	0	0	0	0	0	0	0	0	0	0	0	0	0	0	0	2.787e+04	0	0	0	0	0	0	0	0	0	0	0	0	0	0	0	1.335e+05	0	0	0	0	0	0	0	0	0	0	0	0	0	0	0	0	0	0	0	0	0	0	0	
8932	1760.328	3.45e+19	0	0	100000	1.95259505	1.25e-07	0.03396	0.001415	3.127e-09	0.2842	1.961e+04	165.7	0.0001484	0.1109	2.727e-10	0.0004946	0	3.331e-05	1.237e-15	3.796e-23	6.373e-26	8.497e-26	1.062e-25	9.288e-10	4.052e-10	3.42e-12	0.03789	3.982e-12	7.083e-27	0.2603	1.067e-07	2.418e-08	1.243e-08	0	0	0	0	0	0	0	0	0	0	0	0	0	0	0	0	0	0	0	0	0	0	0	2.796e+04	0	0	0	0	0	0	0	0	0	0	0	0	0	0	0	1.339e+05	0	0	0	0	0	0	0	0	0	0	0	0	0	0	0	0	0	0	0	0	0	0	0	
8960	1760.328	3.45e+19	0	0	100000	1.952634	1.251e-07	0.03404	0.001421	3.155e-09	0.2854	1.969e+04	166.3	0.00015	0.1115	2.746e-10	0.0004973	0	3.365e-05	1.242e-15	3.848e-23	6.398e-26	8.53e-26	1.066e-25	9.34e-10	4.081e-10	3.45e-12	0.03804	4.011e-12	7.111e-27	0.2613	1.072e-07	2.427e-08	1.247e-08	0	0	0	0	0	0	0	0	0	0	0	0	0	0	0	0	0	0	0	0	0	0	0	2.805e+04	0	0	0	0	0	0	0	0	0	0	0	0	0	0	0	1.343e+05	0	0	0	0	0	0	0	0	0	0	0	0	0	0	0	0	0	0	0	0	0	0	0	
8988	1760.328	3.45e+19	0	0	100000	1.95267295	1.252e-07	0.03412	0.001426	3.183e-09	0.2865	1.977e+04	167	0.0001515	0.1121	2.766e-10	0.0005	0	3.401e-05	1.247e-15	3.901e-23	6.423e-26	8.564e-26	1.07e-25	9.392e-10	4.111e-10	3.48e-12	0.0382	4.039e-12	7.139e-27	0.2624	1.076e-07	2.437e-08	1.252e-08	0	0	0	0	0	0	0	0	0	0	0	0	0	0	0	0	0	0	0	0	0	0	0	2.814e+04	0	0	0	0	0	0	0	0	0	0	0	0	0	0	0	1.347e+05	0	0	0	0	0	0	0	0	0	0	0	0	0	0	0	0	0	0	0	0	0	0	0	
9016	1760.328	3.45e+19	0	0	100000	1.9527119	1.252e-07	0.03419	0.001432	3.211e-09	0.2876	1.984e+04	167.6	0.0001531	0.1127	2.786e-10	0.0005028	0	3.436e-05	1.251e-15	3.955e-23	6.448e-26	8.597e-26	1.075e-25	9.443e-10	4.14e-10	3.511e-12	0.03835	4.068e-12	7.166e-27	0.2634	1.08e-07	2.446e-08	1.257e-08	0	0	0	0	0	0	0	0	0	0	0	0	0	0	0	0	0	0	0	0	0	0	0	2.822e+04	0	0	0	0	0	0	0	0	0	0	0	0	0	0	0	1.352e+05	0	0	0	0	0	0	0	0	0	0	0	0	0	0	0	0	0	0	0	0	0	0	0	
9044	1760.328	3.45e+19	0	0	100000	1.95275085	1.253e-07	0.03427	0.001437	3.239e-09	0.2887	1.992e+04	168.3	0.0001547	0.1133	2.806e-10	0.0005056	0	3.472e-05	1.256e-15	4.009e-23	6.473e-26	8.63e-26	1.079e-25	9.495e-10	4.17e-10	3.542e-12	0.03851	4.097e-12	7.194e-27	0.2644	1.084e-07	2.456e-08	1.262e-08	0	0	0	0	0	0	0	0	0	0	0	0	0	0	0	0	0	0	0	0	0	0	0	2.831e+04	0	0	0	0	0	0	0	0	0	0	0	0	0	0	0	1.356e+05	0	0	0	0	0	0	0	0	0	0	0	0	0	0	0	0	0	0	0	0	0	0	0	
9072	1760.328	3.45e+19	0	0	100000	1.9527898	1.254e-07	0.03434	0.001443	3.267e-09	0.2898	2e+04	168.9	0.0001563	0.1139	2.826e-10	0.0005083	0	3.508e-05	1.261e-15	4.064e-23	6.497e-26	8.663e-26	1.083e-25	9.547e-10	4.199e-10	3.573e-12	0.03866	4.127e-12	7.222e-27	0.2654	1.088e-07	2.465e-08	1.267e-08	0	0	0	0	0	0	0	0	0	0	0	0	0	0	0	0	0	0	0	0	0	0	0	2.84e+04	0	0	0	0	0	0	0	0	0	0	0	0	0	0	0	1.36e+05	0	0	0	0	0	0	0	0	0	0	0	0	0	0	0	0	0	0	0	0	0	0	0	
9100	1760.328	3.45e+19	0	0	100000	1.95282875	1.255e-07	0.03442	0.001448	3.296e-09	0.2909	2.007e+04	169.6	0.0001579	0.1146	2.846e-10	0.0005111	0	3.545e-05	1.266e-15	4.12e-23	6.522e-26	8.697e-26	1.087e-25	9.6e-10	4.229e-10	3.604e-12	0.03882	4.156e-12	7.249e-27	0.2664	1.092e-07	2.475e-08	1.272e-08	0	0	0	0	0	0	0	0	0	0	0	0	0	0	0	0	0	0	0	0	0	0	0	2.849e+04	0	0	0	0	0	0	0	0	0	0	0	0	0	0	0	1.364e+05	0	0	0	0	0	0	0	0	0	0	0	0	0	0	0	0	0	0	0	0	0	0	0	
9128	1760.328	3.45e+19	0	0	100000	1.9528677	1.255e-07	0.03449	0.001454	3.325e-09	0.292	2.015e+04	170.2	0.0001596	0.1152	2.866e-10	0.0005139	0	3.582e-05	1.271e-15	4.177e-23	6.547e-26	8.73e-26	1.091e-25	9.652e-10	4.259e-10	3.636e-12	0.03898	4.186e-12	7.277e-27	0.2674	1.097e-07	2.484e-08	1.277e-08	0	0	0	0	0	0	0	0	0	0	0	0	0	0	0	0	0	0	0	0	0	0	0	2.857e+04	0	0	0	0	0	0	0	0	0	0	0	0	0	0	0	1.368e+05	0	0	0	0	0	0	0	0	0	0	0	0	0	0	0	0	0	0	0	0	0	0	0	
9156	1760.328	3.45e+19	0	0	100000	1.95290665	1.256e-07	0.03457	0.001459	3.354e-09	0.2931	2.023e+04	170.9	0.0001612	0.1158	2.886e-10	0.0005167	0	3.619e-05	1.276e-15	4.234e-23	6.572e-26	8.763e-26	1.095e-25	9.705e-10	4.29e-10	3.668e-12	0.03913	4.215e-12	7.305e-27	0.2685	1.101e-07	2.493e-08	1.281e-08	0	0	0	0	0	0	0	0	0	0	0	0	0	0	0	0	0	0	0	0	0	0	0	2.866e+04	0	0	0	0	0	0	0	0	0	0	0	0	0	0	0	1.373e+05	0	0	0	0	0	0	0	0	0	0	0	0	0	0	0	0	0	0	0	0	0	0	0	
9184	1760.328	3.45e+19	0	0	100000	1.9529456	1.257e-07	0.03464	0.001465	3.383e-09	0.2942	2.03e+04	171.5	0.0001629	0.1165	2.907e-10	0.0005195	0	3.656e-05	1.28e-15	4.292e-23	6.597e-26	8.796e-26	1.1e-25	9.758e-10	4.32e-10	3.7e-12	0.03929	4.245e-12	7.332e-27	0.2695	1.105e-07	2.503e-08	1.286e-08	0	0	0	0	0	0	0	0	0	0	0	0	0	0	0	0	0	0	0	0	0	0	0	2.875e+04	0	0	0	0	0	0	0	0	0	0	0	0	0	0	0	1.377e+05	0	0	0	0	0	0	0	0	0	0	0	0	0	0	0	0	0	0	0	0	0	0	0	
9212	1760.328	3.45e+19	0	0	100000	1.95298455	1.257e-07	0.03472	0.00147	3.413e-09	0.2954	2.038e+04	172.2	0.0001646	0.1171	2.927e-10	0.0005224	0	3.694e-05	1.285e-15	4.351e-23	6.622e-26	8.829e-26	1.104e-25	9.811e-10	4.351e-10	3.732e-12	0.03944	4.275e-12	7.36e-27	0.2705	1.109e-07	2.512e-08	1.291e-08	0	0	0	0	0	0	0	0	0	0	0	0	0	0	0	0	0	0	0	0	0	0	0	2.884e+04	0	0	0	0	0	0	0	0	0	0	0	0	0	0	0	1.381e+05	0	0	0	0	0	0	0	0	0	0	0	0	0	0	0	0	0	0	0	0	0	0	0	
9240	1760.328	3.45e+19	0	0	100000	1.9530235	1.258e-07	0.03479	0.001476	3.442e-09	0.2965	2.046e+04	172.8	0.0001663	0.1177	2.948e-10	0.0005252	0	3.733e-05	1.29e-15	4.41e-23	6.647e-26	8.863e-26	1.108e-25	9.864e-10	4.381e-10	3.764e-12	0.0396	4.305e-12	7.388e-27	0.2715	1.113e-07	2.522e-08	1.296e-08	0	0	0	0	0	0	0	0	0	0	0	0	0	0	0	0	0	0	0	0	0	0	0	2.892e+04	0	0	0	0	0	0	0	0	0	0	0	0	0	0	0	1.385e+05	0	0	0	0	0	0	0	0	0	0	0	0	0	0	0	0	0	0	0	0	0	0	0	
9268	1760.328	3.45e+19	0	0	100000	1.95306245	1.258e-07	0.03486	0.001481	3.472e-09	0.2976	2.053e+04	173.4	0.000168	0.1184	2.969e-10	0.000528	0	3.771e-05	1.295e-15	4.471e-23	6.672e-26	8.896e-26	1.112e-25	9.917e-10	4.412e-10	3.797e-12	0.03976	4.336e-12	7.416e-27	0.2725	1.118e-07	2.531e-08	1.301e-08	0	0	0	0	0	0	0	0	0	0	0	0	0	0	0	0	0	0	0	0	0	0	0	2.901e+04	0	0	0	0	0	0	0	0	0	0	0	0	0	0	0	1.389e+05	0	0	0	0	0	0	0	0	0	0	0	0	0	0	0	0	0	0	0	0	0	0	0	
9296	1760.328	3.45e+19	0	0	100000	1.9531014	1.259e-07	0.03494	0.001487	3.503e-09	0.2987	2.061e+04	174.1	0.0001698	0.119	2.99e-10	0.0005309	0	3.81e-05	1.3e-15	4.532e-23	6.697e-26	8.929e-26	1.116e-25	9.97e-10	4.443e-10	3.83e-12	0.03991	4.366e-12	7.443e-27	0.2736	1.122e-07	2.541e-08	1.306e-08	0	0	0	0	0	0	0	0	0	0	0	0	0	0	0	0	0	0	0	0	0	0	0	2.91e+04	0	0	0	0	0	0	0	0	0	0	0	0	0	0	0	1.394e+05	0	0	0	0	0	0	0	0	0	0	0	0	0	0	0	0	0	0	0	0	0	0	0	
9324	1760.328	3.45e+19	0	0	100000	1.95314035	1.26e-07	0.03501	0.001493	3.533e-09	0.2998	2.069e+04	174.7	0.0001715	0.1196	3.011e-10	0.0005337	0	3.85e-05	1.305e-15	4.594e-23	6.722e-26	8.963e-26	1.12e-25	1.002e-09	4.474e-10	3.863e-12	0.04007	4.397e-12	7.471e-27	0.2746	1.126e-07	2.55e-08	1.311e-08	0	0	0	0	0	0	0	0	0	0	0	0	0	0	0	0	0	0	0	0	0	0	0	2.919e+04	0	0	0	0	0	0	0	0	0	0	0	0	0	0	0	1.398e+05	0	0	0	0	0	0	0	0	0	0	0	0	0	0	0	0	0	0	0	0	0	0	0	
9352	1760.328	3.45e+19	0	0	100000	1.9531793	1.26e-07	0.03508	0.001498	3.564e-09	0.3009	2.076e+04	175.4	0.0001733	0.1203	3.032e-10	0.0005366	0	3.89e-05	1.309e-15	4.657e-23	6.747e-26	8.996e-26	1.124e-25	1.008e-09	4.506e-10	3.897e-12	0.04023	4.428e-12	7.499e-27	0.2756	1.13e-07	2.56e-08	1.315e-08	0	0	0	0	0	0	0	0	0	0	0	0	0	0	0	0	0	0	0	0	0	0	0	2.927e+04	0	0	0	0	0	0	0	0	0	0	0	0	0	0	0	1.402e+05	0	0	0	0	0	0	0	0	0	0	0	0	0	0	0	0	0	0	0	0	0	0	0	
9380	1760.328	3.45e+19	0	0	100000	1.95321825	1.261e-07	0.03515	0.001504	3.595e-09	0.302	2.084e+04	176	0.0001751	0.1209	3.053e-10	0.0005395	0	3.93e-05	1.314e-15	4.72e-23	6.772e-26	9.029e-26	1.129e-25	1.013e-09	4.537e-10	3.931e-12	0.04039	4.459e-12	7.527e-27	0.2766	1.134e-07	2.569e-08	1.32e-08	0	0	0	0	0	0	0	0	0	0	0	0	0	0	0	0	0	0	0	0	0	0	0	2.936e+04	0	0	0	0	0	0	0	0	0	0	0	0	0	0	0	1.406e+05	0	0	0	0	0	0	0	0	0	0	0	0	0	0	0	0	0	0	0	0	0	0	0	
9408	1760.328	3.45e+19	0	0	100000	1.9532572	1.261e-07	0.03523	0.001509	3.626e-09	0.3032	2.092e+04	176.7	0.0001769	0.1216	3.075e-10	0.0005423	0	3.97e-05	1.319e-15	4.785e-23	6.797e-26	9.062e-26	1.133e-25	1.019e-09	4.569e-10	3.965e-12	0.04054	4.49e-12	7.554e-27	0.2776	1.138e-07	2.579e-08	1.325e-08	0	0	0	0	0	0	0	0	0	0	0	0	0	0	0	0	0	0	0	0	0	0	0	2.945e+04	0	0	0	0	0	0	0	0	0	0	0	0	0	0	0	1.41e+05	0	0	0	0	0	0	0	0	0	0	0	0	0	0	0	0	0	0	0	0	0	0	0	
9436	1760.328	3.45e+19	0	0	100000	1.95329615	1.262e-07	0.0353	0.001515	3.657e-09	0.3043	2.099e+04	177.3	0.0001787	0.1222	3.096e-10	0.0005452	0	4.011e-05	1.324e-15	4.85e-23	6.822e-26	9.096e-26	1.137e-25	1.024e-09	4.601e-10	3.999e-12	0.0407	4.521e-12	7.582e-27	0.2787	1.143e-07	2.588e-08	1.33e-08	0	0	0	0	0	0	0	0	0	0	0	0	0	0	0	0	0	0	0	0	0	0	0	2.954e+04	0	0	0	0	0	0	0	0	0	0	0	0	0	0	0	1.415e+05	0	0	0	0	0	0	0	0	0	0	0	0	0	0	0	0	0	0	0	0	0	0	0	
9464	1760.328	3.45e+19	0	0	100000	1.9533351	1.262e-07	0.03537	0.00152	3.689e-09	0.3054	2.107e+04	178	0.0001806	0.1229	3.118e-10	0.0005481	0	4.053e-05	1.329e-15	4.916e-23	6.847e-26	9.129e-26	1.141e-25	1.029e-09	4.633e-10	4.034e-12	0.04086	4.553e-12	7.61e-27	0.2797	1.147e-07	2.598e-08	1.335e-08	0	0	0	0	0	0	0	0	0	0	0	0	0	0	0	0	0	0	0	0	0	0	0	2.963e+04	0	0	0	0	0	0	0	0	0	0	0	0	0	0	0	1.419e+05	0	0	0	0	0	0	0	0	0	0	0	0	0	0	0	0	0	0	0	0	0	0	0	
9492	1760.328	3.45e+19	0	0	100000	1.95337405	1.262e-07	0.03544	0.001526	3.721e-09	0.3065	2.115e+04	178.6	0.0001824	0.1235	3.139e-10	0.000551	0	4.094e-05	1.334e-15	4.983e-23	6.872e-26	9.162e-26	1.145e-25	1.035e-09	4.666e-10	4.068e-12	0.04102	4.585e-12	7.638e-27	0.2807	1.151e-07	2.607e-08	1.34e-08	0	0	0	0	0	0	0	0	0	0	0	0	0	0	0	0	0	0	0	0	0	0	0	2.971e+04	0	0	0	0	0	0	0	0	0	0	0	0	0	0	0	1.423e+05	0	0	0	0	0	0	0	0	0	0	0	0	0	0	0	0	0	0	0	0	0	0	0	
9520	1760.328	3.45e+19	0	0	100000	1.953413	1.263e-07	0.03551	0.001531	3.753e-09	0.3076	2.122e+04	179.3	0.0001843	0.1242	3.161e-10	0.000554	0	4.137e-05	1.339e-15	5.051e-23	6.897e-26	9.196e-26	1.149e-25	1.04e-09	4.698e-10	4.104e-12	0.04117	4.617e-12	7.665e-27	0.2817	1.155e-07	2.617e-08	1.345e-08	0	0	0	0	0	0	0	0	0	0	0	0	0	0	0	0	0	0	0	0	0	0	0	2.98e+04	0	0	0	0	0	0	0	0	0	0	0	0	0	0	0	1.427e+05	0	0	0	0	0	0	0	0	0	0	0	0	0	0	0	0	0	0	0	0	0	0	0	
9548	1760.328	3.45e+19	0	0	100000	1.95345195	1.263e-07	0.03558	0.001537	3.785e-09	0.3087	2.13e+04	179.9	0.0001862	0.1248	3.183e-10	0.0005569	0	4.179e-05	1.343e-15	5.12e-23	6.922e-26	9.229e-26	1.154e-25	1.046e-09	4.731e-10	4.139e-12	0.04133	4.649e-12	7.693e-27	0.2827	1.159e-07	2.626e-08	1.35e-08	0	0	0	0	0	0	0	0	0	0	0	0	0	0	0	0	0	0	0	0	0	0	0	2.989e+04	0	0	0	0	0	0	0	0	0	0	0	0	0	0	0	1.431e+05	0	0	0	0	0	0	0	0	0	0	0	0	0	0	0	0	0	0	0	0	0	0	0	
9576	1760.328	3.45e+19	0	0	100000	1.9534909	1.264e-07	0.03565	0.001542	3.817e-09	0.3098	2.138e+04	180.6	0.0001881	0.1255	3.205e-10	0.0005598	0	4.222e-05	1.348e-15	5.19e-23	6.947e-26	9.262e-26	1.158e-25	1.051e-09	4.763e-10	4.175e-12	0.04149	4.681e-12	7.721e-27	0.2838	1.164e-07	2.636e-08	1.354e-08	0	0	0	0	0	0	0	0	0	0	0	0	0	0	0	0	0	0	0	0	0	0	0	2.998e+04	0	0	0	0	0	0	0	0	0	0	0	0	0	0	0	1.436e+05	0	0	0	0	0	0	0	0	0	0	0	0	0	0	0	0	0	0	0	0	0	0	0	
9604	1760.328	3.45e+19	0	0	100000	1.95352985	1.264e-07	0.03572	0.001548	3.85e-09	0.3109	2.145e+04	181.2	0.0001901	0.1261	3.227e-10	0.0005628	0	4.265e-05	1.353e-15	5.26e-23	6.972e-26	9.295e-26	1.162e-25	1.057e-09	4.796e-10	4.21e-12	0.04165	4.713e-12	7.749e-27	0.2848	1.168e-07	2.645e-08	1.359e-08	0	0	0	0	0	0	0	0	0	0	0	0	0	0	0	0	0	0	0	0	0	0	0	3.006e+04	0	0	0	0	0	0	0	0	0	0	0	0	0	0	0	1.44e+05	0	0	0	0	0	0	0	0	0	0	0	0	0	0	0	0	0	0	0	0	0	0	0	
9632	1760.328	3.45e+19	0	0	100000	1.9535688	1.264e-07	0.03578	0.001554	3.883e-09	0.3121	2.153e+04	181.9	0.000192	0.1268	3.25e-10	0.0005657	0	4.309e-05	1.358e-15	5.332e-23	6.997e-26	9.329e-26	1.166e-25	1.062e-09	4.83e-10	4.247e-12	0.04181	4.746e-12	7.776e-27	0.2858	1.172e-07	2.654e-08	1.364e-08	0	0	0	0	0	0	0	0	0	0	0	0	0	0	0	0	0	0	0	0	0	0	0	3.015e+04	0	0	0	0	0	0	0	0	0	0	0	0	0	0	0	1.444e+05	0	0	0	0	0	0	0	0	0	0	0	0	0	0	0	0	0	0	0	0	0	0	0	
9660	1760.328	3.45e+19	0	0	100000	1.95360775	1.265e-07	0.03585	0.001559	3.917e-09	0.3132	2.161e+04	182.5	0.000194	0.1275	3.272e-10	0.0005687	0	4.353e-05	1.363e-15	5.405e-23	7.022e-26	9.362e-26	1.17e-25	1.068e-09	4.863e-10	4.283e-12	0.04196	4.779e-12	7.804e-27	0.2868	1.176e-07	2.664e-08	1.369e-08	0	0	0	0	0	0	0	0	0	0	0	0	0	0	0	0	0	0	0	0	0	0	0	3.024e+04	0	0	0	0	0	0	0	0	0	0	0	0	0	0	0	1.448e+05	0	0	0	0	0	0	0	0	0	0	0	0	0	0	0	0	0	0	0	0	0	0	0	
9688	1760.328	3.45e+19	0	0	100000	1.9536467	1.265e-07	0.03592	0.001565	3.95e-09	0.3143	2.169e+04	183.2	0.000196	0.1281	3.295e-10	0.0005716	0	4.398e-05	1.368e-15	5.478e-23	7.047e-26	9.395e-26	1.174e-25	1.074e-09	4.896e-10	4.32e-12	0.04212	4.812e-12	7.832e-27	0.2878	1.18e-07	2.673e-08	1.374e-08	0	0	0	0	0	0	0	0	0	0	0	0	0	0	0	0	0	0	0	0	0	0	0	3.033e+04	0	0	0	0	0	0	0	0	0	0	0	0	0	0	0	1.452e+05	0	0	0	0	0	0	0	0	0	0	0	0	0	0	0	0	0	0	0	0	0	0	0	
9716	1760.328	3.45e+19	0	0	100000	1.95368565	1.265e-07	0.03599	0.00157	3.984e-09	0.3154	2.176e+04	183.8	0.000198	0.1288	3.317e-10	0.0005746	0	4.443e-05	1.372e-15	5.553e-23	7.072e-26	9.429e-26	1.179e-25	1.079e-09	4.93e-10	4.357e-12	0.04228	4.845e-12	7.86e-27	0.2889	1.184e-07	2.683e-08	1.379e-08	0	0	0	0	0	0	0	0	0	0	0	0	0	0	0	0	0	0	0	0	0	0	0	3.041e+04	0	0	0	0	0	0	0	0	0	0	0	0	0	0	0	1.457e+05	0	0	0	0	0	0	0	0	0	0	0	0	0	0	0	0	0	0	0	0	0	0	0	
9744	1760.328	3.45e+19	0	0	100000	1.9537246	1.265e-07	0.03606	0.001576	4.018e-09	0.3165	2.184e+04	184.5	0.0002	0.1295	3.34e-10	0.0005776	0	4.488e-05	1.377e-15	5.628e-23	7.097e-26	9.462e-26	1.183e-25	1.085e-09	4.964e-10	4.394e-12	0.04244	4.878e-12	7.887e-27	0.2899	1.189e-07	2.692e-08	1.384e-08	0	0	0	0	0	0	0	0	0	0	0	0	0	0	0	0	0	0	0	0	0	0	0	3.05e+04	0	0	0	0	0	0	0	0	0	0	0	0	0	0	0	1.461e+05	0	0	0	0	0	0	0	0	0	0	0	0	0	0	0	0	0	0	0	0	0	0	0	
9772	1760.328	3.45e+19	0	0	100000	1.95376355	1.266e-07	0.03612	0.001581	4.052e-09	0.3176	2.192e+04	185.1	0.000202	0.1301	3.363e-10	0.0005806	0	4.534e-05	1.382e-15	5.705e-23	7.122e-26	9.495e-26	1.187e-25	1.09e-09	4.998e-10	4.431e-12	0.0426	4.912e-12	7.915e-27	0.2909	1.193e-07	2.702e-08	1.389e-08	0	0	0	0	0	0	0	0	0	0	0	0	0	0	0	0	0	0	0	0	0	0	0	3.059e+04	0	0	0	0	0	0	0	0	0	0	0	0	0	0	0	1.465e+05	0	0	0	0	0	0	0	0	0	0	0	0	0	0	0	0	0	0	0	0	0	0	0	
9800	1760.328	3.45e+19	0	0	100000	1.9538025	1.266e-07	0.03619	0.001587	4.087e-09	0.3188	2.199e+04	185.8	0.0002041	0.1308	3.386e-10	0.0005836	0	4.581e-05	1.387e-15	5.782e-23	7.147e-26	9.529e-26	1.191e-25	1.096e-09	5.032e-10	4.469e-12	0.04276	4.945e-12	7.943e-27	0.2919	1.197e-07	2.711e-08	1.393e-08	0	0	0	0	0	0	0	0	0	0	0	0	0	0	0	0	0	0	0	0	0	0	0	3.068e+04	0	0	0	0	0	0	0	0	0	0	0	0	0	0	0	1.469e+05	0	0	0	0	0	0	0	0	0	0	0	0	0	0	0	0	0	0	0	0	0	0	0	
9828	1760.328	3.45e+19	0	0	100000	1.95384145	1.266e-07	0.03626	0.001592	4.122e-09	0.3199	2.207e+04	186.4	0.0002062	0.1315	3.409e-10	0.0005866	0	4.627e-05	1.392e-15	5.861e-23	7.172e-26	9.562e-26	1.195e-25	1.102e-09	5.067e-10	4.507e-12	0.04292	4.979e-12	7.971e-27	0.2929	1.201e-07	2.721e-08	1.398e-08	0	0	0	0	0	0	0	0	0	0	0	0	0	0	0	0	0	0	0	0	0	0	0	3.076e+04	0	0	0	0	0	0	0	0	0	0	0	0	0	0	0	1.473e+05	0	0	0	0	0	0	0	0	0	0	0	0	0	0	0	0	0	0	0	0	0	0	0	
9856	1760.328	3.45e+19	0	0	100000	1.9538804	1.266e-07	0.03632	0.001598	4.157e-09	0.321	2.215e+04	187.1	0.0002083	0.1322	3.433e-10	0.0005897	0	4.674e-05	1.397e-15	5.94e-23	7.197e-26	9.595e-26	1.199e-25	1.107e-09	5.102e-10	4.546e-12	0.04308	5.013e-12	7.999e-27	0.294	1.205e-07	2.73e-08	1.403e-08	0	0	0	0	0	0	0	0	0	0	0	0	0	0	0	0	0	0	0	0	0	0	0	3.085e+04	0	0	0	0	0	0	0	0	0	0	0	0	0	0	0	1.478e+05	0	0	0	0	0	0	0	0	0	0	0	0	0	0	0	0	0	0	0	0	0	0	0	
9884	1760.328	3.45e+19	0	0	100000	1.95391935	1.266e-07	0.03639	0.001603	4.192e-09	0.3221	2.222e+04	187.7	0.0002104	0.1329	3.456e-10	0.0005927	0	4.722e-05	1.402e-15	6.021e-23	7.222e-26	9.629e-26	1.204e-25	1.113e-09	5.136e-10	4.584e-12	0.04323	5.047e-12	8.026e-27	0.295	1.21e-07	2.74e-08	1.408e-08	0	0	0	0	0	0	0	0	0	0	0	0	0	0	0	0	0	0	0	0	0	0	0	3.094e+04	0	0	0	0	0	0	0	0	0	0	0	0	0	0	0	1.482e+05	0	0	0	0	0	0	0	0	0	0	0	0	0	0	0	0	0	0	0	0	0	0	0	
9912	1760.328	3.45e+19	0	0	100000	1.9539583	1.267e-07	0.03645	0.001609	4.228e-09	0.3232	2.23e+04	188.4	0.0002126	0.1335	3.48e-10	0.0005958	0	4.77e-05	1.406e-15	6.102e-23	7.247e-26	9.662e-26	1.208e-25	1.119e-09	5.171e-10	4.623e-12	0.04339	5.082e-12	8.054e-27	0.296	1.214e-07	2.749e-08	1.413e-08	0	0	0	0	0	0	0	0	0	0	0	0	0	0	0	0	0	0	0	0	0	0	0	3.103e+04	0	0	0	0	0	0	0	0	0	0	0	0	0	0	0	1.486e+05	0	0	0	0	0	0	0	0	0	0	0	0	0	0	0	0	0	0	0	0	0	0	0	
9940	1760.328	3.45e+19	0	0	100000	1.95399725	1.267e-07	0.03652	0.001615	4.264e-09	0.3243	2.238e+04	189	0.0002147	0.1342	3.503e-10	0.0005988	0	4.819e-05	1.411e-15	6.185e-23	7.272e-26	9.696e-26	1.212e-25	1.125e-09	5.207e-10	4.663e-12	0.04355	5.117e-12	8.082e-27	0.297	1.218e-07	2.759e-08	1.418e-08	0	0	0	0	0	0	0	0	0	0	0	0	0	0	0	0	0	0	0	0	0	0	0	3.112e+04	0	0	0	0	0	0	0	0	0	0	0	0	0	0	0	1.49e+05	0	0	0	0	0	0	0	0	0	0	0	0	0	0	0	0	0	0	0	0	0	0	0	
9968	1760.328	3.45e+19	0	0	100000	1.9540362	1.267e-07	0.03658	0.00162	4.3e-09	0.3254	2.246e+04	189.7	0.0002169	0.1349	3.527e-10	0.0006019	0	4.868e-05	1.416e-15	6.269e-23	7.297e-26	9.729e-26	1.216e-25	1.13e-09	5.242e-10	4.702e-12	0.04371	5.151e-12	8.11e-27	0.2981	1.222e-07	2.768e-08	1.423e-08	0	0	0	0	0	0	0	0	0	0	0	0	0	0	0	0	0	0	0	0	0	0	0	3.12e+04	0	0	0	0	0	0	0	0	0	0	0	0	0	0	0	1.494e+05	0	0	0	0	0	0	0	0	0	0	0	0	0	0	0	0	0	0	0	0	0	0	0	
9996	1760.328	3.45e+19	0	0	100000	1.95407515	1.267e-07	0.03665	0.001626	4.337e-09	0.3266	2.253e+04	190.3	0.0002191	0.1356	3.551e-10	0.000605	0	4.917e-05	1.421e-15	6.354e-23	7.322e-26	9.762e-26	1.22e-25	1.136e-09	5.278e-10	4.742e-12	0.04387	5.186e-12	8.138e-27	0.2991	1.226e-07	2.778e-08	1.428e-08	0	0	0	0	0	0	0	0	0	0	0	0	0	0	0	0	0	0	0	0	0	0	0	3.129e+04	0	0	0	0	0	0	0	0	0	0	0	0	0	0	0	1.499e+05	0	0	0	0	0	0	0	0	0	0	0	0	0	0	0	0	0	0	0	0	0	0	0	
10024	1760.328	3.45e+19	0	0	100000	1.9541141	1.267e-07	0.03671	0.001631	4.373e-09	0.3277	2.261e+04	191	0.0002213	0.1363	3.575e-10	0.000608	0	4.967e-05	1.426e-15	6.44e-23	7.347e-26	9.796e-26	1.224e-25	1.142e-09	5.314e-10	4.782e-12	0.04403	5.222e-12	8.166e-27	0.3001	1.231e-07	2.787e-08	1.432e-08	0	0	0	0	0	0	0	0	0	0	0	0	0	0	0	0	0	0	0	0	0	0	0	3.138e+04	0	0	0	0	0	0	0	0	0	0	0	0	0	0	0	1.503e+05	0	0	0	0	0	0	0	0	0	0	0	0	0	0	0	0	0	0	0	0	0	0	0	
10052	1760.328	3.45e+19	0	0	100000	1.95415305	1.267e-07	0.03677	0.001637	4.41e-09	0.3288	2.269e+04	191.6	0.0002236	0.137	3.6e-10	0.0006111	0	5.018e-05	1.431e-15	6.527e-23	7.372e-26	9.829e-26	1.229e-25	1.148e-09	5.35e-10	4.823e-12	0.04419	5.257e-12	8.193e-27	0.3011	1.235e-07	2.797e-08	1.437e-08	0	0	0	0	0	0	0	0	0	0	0	0	0	0	0	0	0	0	0	0	0	0	0	3.147e+04	0	0	0	0	0	0	0	0	0	0	0	0	0	0	0	1.507e+05	0	0	0	0	0	0	0	0	0	0	0	0	0	0	0	0	0	0	0	0	0	0	0	
10080	1760.328	3.45e+19	0	0	100000	1.954192	1.267e-07	0.03684	0.001642	4.448e-09	0.3299	2.276e+04	192.3	0.0002259	0.1377	3.624e-10	0.0006142	0	5.069e-05	1.436e-15	6.616e-23	7.397e-26	9.862e-26	1.233e-25	1.154e-09	5.386e-10	4.864e-12	0.04435	5.292e-12	8.221e-27	0.3021	1.239e-07	2.806e-08	1.442e-08	0	0	0	0	0	0	0	0	0	0	0	0	0	0	0	0	0	0	0	0	0	0	0	3.155e+04	0	0	0	0	0	0	0	0	0	0	0	0	0	0	0	1.511e+05	0	0	0	0	0	0	0	0	0	0	0	0	0	0	0	0	0	0	0	0	0	0	0	
10108	1760.328	3.45e+19	0	0	100000	1.95423095	1.267e-07	0.0369	0.001648	4.485e-09	0.331	2.284e+04	192.9	0.0002281	0.1384	3.648e-10	0.0006174	0	5.12e-05	1.44e-15	6.705e-23	7.422e-26	9.896e-26	1.237e-25	1.159e-09	5.422e-10	4.905e-12	0.04451	5.328e-12	8.249e-27	0.3032	1.243e-07	2.816e-08	1.447e-08	0	0	0	0	0	0	0	0	0	0	0	0	0	0	0	0	0	0	0	0	0	0	0	3.164e+04	0	0	0	0	0	0	0	0	0	0	0	0	0	0	0	1.515e+05	0	0	0	0	0	0	0	0	0	0	0	0	0	0	0	0	0	0	0	0	0	0	0	
10136	1760.328	3.45e+19	0	0	100000	1.9542699	1.267e-07	0.03696	0.001654	4.523e-09	0.3321	2.292e+04	193.6	0.0002305	0.1391	3.673e-10	0.0006205	0	5.172e-05	1.445e-15	6.796e-23	7.447e-26	9.929e-26	1.241e-25	1.165e-09	5.459e-10	4.946e-12	0.04467	5.364e-12	8.277e-27	0.3042	1.247e-07	2.825e-08	1.452e-08	0	0	0	0	0	0	0	0	0	0	0	0	0	0	0	0	0	0	0	0	0	0	0	3.173e+04	0	0	0	0	0	0	0	0	0	0	0	0	0	0	0	1.52e+05	0	0	0	0	0	0	0	0	0	0	0	0	0	0	0	0	0	0	0	0	0	0	0	
10164	1760.328	3.45e+19	0	0	100000	1.95430885	1.267e-07	0.03702	0.001659	4.561e-09	0.3333	2.299e+04	194.2	0.0002328	0.1398	3.698e-10	0.0006236	0	5.224e-05	1.45e-15	6.888e-23	7.472e-26	9.963e-26	1.245e-25	1.171e-09	5.496e-10	4.988e-12	0.04483	5.4e-12	8.305e-27	0.3052	1.252e-07	2.835e-08	1.457e-08	0	0	0	0	0	0	0	0	0	0	0	0	0	0	0	0	0	0	0	0	0	0	0	3.182e+04	0	0	0	0	0	0	0	0	0	0	0	0	0	0	0	1.524e+05	0	0	0	0	0	0	0	0	0	0	0	0	0	0	0	0	0	0	0	0	0	0	0	
10192	1760.328	3.45e+19	0	0	100000	1.9543478	1.267e-07	0.03708	0.001665	4.6e-09	0.3344	2.307e+04	194.9	0.0002352	0.1405	3.723e-10	0.0006268	0	5.277e-05	1.455e-15	6.981e-23	7.497e-26	9.996e-26	1.249e-25	1.177e-09	5.533e-10	5.03e-12	0.04499	5.437e-12	8.333e-27	0.3062	1.256e-07	2.844e-08	1.462e-08	0	0	0	0	0	0	0	0	0	0	0	0	0	0	0	0	0	0	0	0	0	0	0	3.19e+04	0	0	0	0	0	0	0	0	0	0	0	0	0	0	0	1.528e+05	0	0	0	0	0	0	0	0	0	0	0	0	0	0	0	0	0	0	0	0	0	0	0	
10220	1760.328	3.45e+19	0	0	100000	1.95438675	1.267e-07	0.03715	0.00167	4.638e-09	0.3355	2.315e+04	195.5	0.0002375	0.1412	3.748e-10	0.0006299	0	5.331e-05	1.46e-15	7.076e-23	7.522e-26	1.003e-25	1.254e-25	1.183e-09	5.57e-10	5.072e-12	0.04515	5.473e-12	8.36e-27	0.3073	1.26e-07	2.854e-08	1.467e-08	0	0	0	0	0	0	0	0	0	0	0	0	0	0	0	0	0	0	0	0	0	0	0	3.199e+04	0	0	0	0	0	0	0	0	0	0	0	0	0	0	0	1.532e+05	0	0	0	0	0	0	0	0	0	0	0	0	0	0	0	0	0	0	0	0	0	0	0	
10248	1760.328	3.45e+19	0	0	100000	1.9544257	1.267e-07	0.03721	0.001676	4.677e-09	0.3366	2.323e+04	196.2	0.0002399	0.1419	3.773e-10	0.0006331	0	5.385e-05	1.465e-15	7.172e-23	7.547e-26	1.006e-25	1.258e-25	1.189e-09	5.607e-10	5.115e-12	0.04532	5.51e-12	8.388e-27	0.3083	1.264e-07	2.863e-08	1.472e-08	0	0	0	0	0	0	0	0	0	0	0	0	0	0	0	0	0	0	0	0	0	0	0	3.208e+04	0	0	0	0	0	0	0	0	0	0	0	0	0	0	0	1.536e+05	0	0	0	0	0	0	0	0	0	0	0	0	0	0	0	0	0	0	0	0	0	0	0	
10276	1760.328	3.45e+19	0	0	100000	1.95446465	1.267e-07	0.03727	0.001681	4.717e-09	0.3377	2.33e+04	196.9	0.0002424	0.1426	3.798e-10	0.0006363	0	5.439e-05	1.47e-15	7.269e-23	7.572e-26	1.01e-25	1.262e-25	1.195e-09	5.645e-10	5.158e-12	0.04548	5.547e-12	8.416e-27	0.3093	1.268e-07	2.873e-08	1.476e-08	0	0	0	0	0	0	0	0	0	0	0	0	0	0	0	0	0	0	0	0	0	0	0	3.217e+04	0	0	0	0	0	0	0	0	0	0	0	0	0	0	0	1.541e+05	0	0	0	0	0	0	0	0	0	0	0	0	0	0	0	0	0	0	0	0	0	0	0	
10304	1760.328	3.45e+19	0	0	100000	1.9545036	1.267e-07	0.03733	0.001687	4.756e-09	0.3389	2.338e+04	197.5	0.0002448	0.1433	3.824e-10	0.0006394	0	5.494e-05	1.475e-15	7.367e-23	7.597e-26	1.013e-25	1.266e-25	1.201e-09	5.683e-10	5.201e-12	0.04564	5.584e-12	8.444e-27	0.3103	1.272e-07	2.882e-08	1.481e-08	0	0	0	0	0	0	0	0	0	0	0	0	0	0	0	0	0	0	0	0	0	0	0	3.226e+04	0	0	0	0	0	0	0	0	0	0	0	0	0	0	0	1.545e+05	0	0	0	0	0	0	0	0	0	0	0	0	0	0	0	0	0	0	0	0	0	0	0	
10332	1760.328	3.45e+19	0	0	100000	1.95454255	1.267e-07	0.03739	0.001692	4.796e-09	0.34	2.346e+04	198.2	0.0002473	0.144	3.849e-10	0.0006426	0	5.55e-05	1.479e-15	7.466e-23	7.622e-26	1.016e-25	1.27e-25	1.207e-09	5.721e-10	5.245e-12	0.0458	5.622e-12	8.472e-27	0.3114	1.277e-07	2.892e-08	1.486e-08	0	0	0	0	0	0	0	0	0	0	0	0	0	0	0	0	0	0	0	0	0	0	0	3.234e+04	0	0	0	0	0	0	0	0	0	0	0	0	0	0	0	1.549e+05	0	0	0	0	0	0	0	0	0	0	0	0	0	0	0	0	0	0	0	0	0	0	0	
10360	1760.328	3.45e+19	0	0	100000	1.9545815	1.267e-07	0.03745	0.001698	4.837e-09	0.3411	2.353e+04	198.8	0.0002498	0.1448	3.875e-10	0.0006458	0	5.606e-05	1.484e-15	7.567e-23	7.647e-26	1.02e-25	1.275e-25	1.213e-09	5.759e-10	5.289e-12	0.04596	5.659e-12	8.5e-27	0.3124	1.281e-07	2.901e-08	1.491e-08	0	0	0	0	0	0	0	0	0	0	0	0	0	0	0	0	0	0	0	0	0	0	0	3.243e+04	0	0	0	0	0	0	0	0	0	0	0	0	0	0	0	1.553e+05	0	0	0	0	0	0	0	0	0	0	0	0	0	0	0	0	0	0	0	0	0	0	0	
10388	1760.328	3.45e+19	0	0	100000	1.95462045	1.266e-07	0.03751	0.001704	4.877e-09	0.3422	2.361e+04	199.5	0.0002523	0.1455	3.901e-10	0.0006491	0	5.662e-05	1.489e-15	7.67e-23	7.672e-26	1.023e-25	1.279e-25	1.219e-09	5.797e-10	5.333e-12	0.04612	5.697e-12	8.527e-27	0.3134	1.285e-07	2.911e-08	1.496e-08	0	0	0	0	0	0	0	0	0	0	0	0	0	0	0	0	0	0	0	0	0	0	0	3.252e+04	0	0	0	0	0	0	0	0	0	0	0	0	0	0	0	1.557e+05	0	0	0	0	0	0	0	0	0	0	0	0	0	0	0	0	0	0	0	0	0	0	0	
10416	1760.328	3.45e+19	0	0	100000	1.9546594	1.266e-07	0.03757	0.001709	4.918e-09	0.3433	2.369e+04	200.1	0.0002548	0.1462	3.927e-10	0.0006523	0	5.719e-05	1.494e-15	7.773e-23	7.697e-26	1.026e-25	1.283e-25	1.225e-09	5.836e-10	5.378e-12	0.04628	5.735e-12	8.555e-27	0.3144	1.289e-07	2.92e-08	1.501e-08	0	0	0	0	0	0	0	0	0	0	0	0	0	0	0	0	0	0	0	0	0	0	0	3.261e+04	0	0	0	0	0	0	0	0	0	0	0	0	0	0	0	1.562e+05	0	0	0	0	0	0	0	0	0	0	0	0	0	0	0	0	0	0	0	0	0	0	0	
10444	1760.328	3.45e+19	0	0	100000	1.95469835	1.266e-07	0.03762	0.001715	4.959e-09	0.3444	2.377e+04	200.8	0.0002574	0.1469	3.953e-10	0.0006555	0	5.777e-05	1.499e-15	7.878e-23	7.723e-26	1.03e-25	1.287e-25	1.231e-09	5.875e-10	5.423e-12	0.04644	5.773e-12	8.583e-27	0.3155	1.293e-07	2.93e-08	1.506e-08	0	0	0	0	0	0	0	0	0	0	0	0	0	0	0	0	0	0	0	0	0	0	0	3.269e+04	0	0	0	0	0	0	0	0	0	0	0	0	0	0	0	1.566e+05	0	0	0	0	0	0	0	0	0	0	0	0	0	0	0	0	0	0	0	0	0	0	0	
10472	1760.328	3.45e+19	0	0	100000	1.9547373	1.266e-07	0.03768	0.00172	5.001e-09	0.3456	2.384e+04	201.4	0.00026	0.1477	3.979e-10	0.0006588	0	5.835e-05	1.504e-15	7.984e-23	7.748e-26	1.033e-25	1.291e-25	1.237e-09	5.914e-10	5.468e-12	0.04661	5.812e-12	8.611e-27	0.3165	1.298e-07	2.939e-08	1.511e-08	0	0	0	0	0	0	0	0	0	0	0	0	0	0	0	0	0	0	0	0	0	0	0	3.278e+04	0	0	0	0	0	0	0	0	0	0	0	0	0	0	0	1.57e+05	0	0	0	0	0	0	0	0	0	0	0	0	0	0	0	0	0	0	0	0	0	0	0	
10500	1760.328	3.45e+19	0	0	100000	1.95477625	1.266e-07	0.03774	0.001726	5.042e-09	0.3467	2.392e+04	202.1	0.0002626	0.1484	4.006e-10	0.000662	0	5.894e-05	1.509e-15	8.092e-23	7.773e-26	1.036e-25	1.295e-25	1.243e-09	5.953e-10	5.514e-12	0.04677	5.85e-12	8.639e-27	0.3175	1.302e-07	2.949e-08	1.515e-08	0	0	0	0	0	0	0	0	0	0	0	0	0	0	0	0	0	0	0	0	0	0	0	3.287e+04	0	0	0	0	0	0	0	0	0	0	0	0	0	0	0	1.574e+05	0	0	0	0	0	0	0	0	0	0	0	0	0	0	0	0	0	0	0	0	0	0	0	
10528	1760.328	3.45e+19	0	0	100000	1.9548152	1.266e-07	0.0378	0.001731	5.084e-09	0.3478	2.4e+04	202.7	0.0002653	0.1491	4.032e-10	0.0006653	0	5.953e-05	1.513e-15	8.202e-23	7.798e-26	1.04e-25	1.3e-25	1.249e-09	5.993e-10	5.56e-12	0.04693	5.889e-12	8.667e-27	0.3185	1.306e-07	2.958e-08	1.52e-08	0	0	0	0	0	0	0	0	0	0	0	0	0	0	0	0	0	0	0	0	0	0	0	3.296e+04	0	0	0	0	0	0	0	0	0	0	0	0	0	0	0	1.578e+05	0	0	0	0	0	0	0	0	0	0	0	0	0	0	0	0	0	0	0	0	0	0	0	
10556	1760.328	3.45e+19	0	0	100000	1.95485415	1.265e-07	0.03785	0.001737	5.127e-09	0.3489	2.407e+04	203.4	0.0002679	0.1499	4.059e-10	0.0006685	0	6.013e-05	1.518e-15	8.312e-23	7.823e-26	1.043e-25	1.304e-25	1.256e-09	6.033e-10	5.606e-12	0.04709	5.928e-12	8.695e-27	0.3196	1.31e-07	2.968e-08	1.525e-08	0	0	0	0	0	0	0	0	0	0	0	0	0	0	0	0	0	0	0	0	0	0	0	3.304e+04	0	0	0	0	0	0	0	0	0	0	0	0	0	0	0	1.583e+05	0	0	0	0	0	0	0	0	0	0	0	0	0	0	0	0	0	0	0	0	0	0	0	
10584	1760.328	3.45e+19	0	0	100000	1.9548931	1.265e-07	0.03791	0.001743	5.17e-09	0.35	2.415e+04	204	0.0002706	0.1506	4.086e-10	0.0006718	0	6.073e-05	1.523e-15	8.424e-23	7.848e-26	1.046e-25	1.308e-25	1.262e-09	6.073e-10	5.653e-12	0.04725	5.967e-12	8.723e-27	0.3206	1.314e-07	2.977e-08	1.53e-08	0	0	0	0	0	0	0	0	0	0	0	0	0	0	0	0	0	0	0	0	0	0	0	3.313e+04	0	0	0	0	0	0	0	0	0	0	0	0	0	0	0	1.587e+05	0	0	0	0	0	0	0	0	0	0	0	0	0	0	0	0	0	0	0	0	0	0	0	
10612	1760.328	3.45e+19	0	0	100000	1.95493205	1.265e-07	0.03797	0.001748	5.213e-09	0.3512	2.423e+04	204.7	0.0002733	0.1513	4.113e-10	0.0006751	0	6.134e-05	1.528e-15	8.538e-23	7.873e-26	1.05e-25	1.312e-25	1.268e-09	6.113e-10	5.7e-12	0.04742	6.007e-12	8.75e-27	0.3216	1.319e-07	2.987e-08	1.535e-08	0	0	0	0	0	0	0	0	0	0	0	0	0	0	0	0	0	0	0	0	0	0	0	3.322e+04	0	0	0	0	0	0	0	0	0	0	0	0	0	0	0	1.591e+05	0	0	0	0	0	0	0	0	0	0	0	0	0	0	0	0	0	0	0	0	0	0	0	
10640	1760.328	3.45e+19	0	0	100000	1.954971	1.265e-07	0.03802	0.001754	5.256e-09	0.3523	2.431e+04	205.3	0.0002761	0.1521	4.14e-10	0.0006784	0	6.196e-05	1.533e-15	8.653e-23	7.898e-26	1.053e-25	1.316e-25	1.274e-09	6.153e-10	5.748e-12	0.04758	6.047e-12	8.778e-27	0.3226	1.323e-07	2.997e-08	1.54e-08	0	0	0	0	0	0	0	0	0	0	0	0	0	0	0	0	0	0	0	0	0	0	0	3.331e+04	0	0	0	0	0	0	0	0	0	0	0	0	0	0	0	1.595e+05	0	0	0	0	0	0	0	0	0	0	0	0	0	0	0	0	0	0	0	0	0	0	0	
10668	1760.328	3.45e+19	0	0	100000	1.95500995	1.264e-07	0.03808	0.001759	5.3e-09	0.3534	2.438e+04	206	0.0002789	0.1528	4.168e-10	0.0006817	0	6.258e-05	1.538e-15	8.77e-23	7.923e-26	1.056e-25	1.321e-25	1.28e-09	6.194e-10	5.796e-12	0.04774	6.086e-12	8.806e-27	0.3236	1.327e-07	3.006e-08	1.545e-08	0	0	0	0	0	0	0	0	0	0	0	0	0	0	0	0	0	0	0	0	0	0	0	3.339e+04	0	0	0	0	0	0	0	0	0	0	0	0	0	0	0	1.599e+05	0	0	0	0	0	0	0	0	0	0	0	0	0	0	0	0	0	0	0	0	0	0	0	
10696	1760.328	3.45e+19	0	0	100000	1.9550489	1.264e-07	0.03814	0.001765	5.344e-09	0.3545	2.446e+04	206.6	0.0002817	0.1536	4.195e-10	0.0006851	0	6.321e-05	1.543e-15	8.888e-23	7.948e-26	1.06e-25	1.325e-25	1.287e-09	6.235e-10	5.844e-12	0.04791	6.127e-12	8.834e-27	0.3247	1.331e-07	3.016e-08	1.55e-08	0	0	0	0	0	0	0	0	0	0	0	0	0	0	0	0	0	0	0	0	0	0	0	3.348e+04	0	0	0	0	0	0	0	0	0	0	0	0	0	0	0	1.603e+05	0	0	0	0	0	0	0	0	0	0	0	0	0	0	0	0	0	0	0	0	0	0	0	
10724	1760.328	3.45e+19	0	0	100000	1.95508785	1.264e-07	0.03819	0.00177	5.388e-09	0.3556	2.454e+04	207.3	0.0002845	0.1543	4.223e-10	0.0006884	0	6.384e-05	1.548e-15	9.008e-23	7.973e-26	1.063e-25	1.329e-25	1.293e-09	6.276e-10	5.892e-12	0.04807	6.167e-12	8.862e-27	0.3257	1.335e-07	3.025e-08	1.555e-08	0	0	0	0	0	0	0	0	0	0	0	0	0	0	0	0	0	0	0	0	0	0	0	3.357e+04	0	0	0	0	0	0	0	0	0	0	0	0	0	0	0	1.608e+05	0	0	0	0	0	0	0	0	0	0	0	0	0	0	0	0	0	0	0	0	0	0	0	
10752	1760.328	3.45e+19	0	0	100000	1.9551268	1.263e-07	0.03825	0.001776	5.433e-09	0.3567	2.462e+04	207.9	0.0002873	0.1551	4.251e-10	0.0006918	0	6.448e-05	1.552e-15	9.13e-23	7.998e-26	1.066e-25	1.333e-25	1.299e-09	6.317e-10	5.941e-12	0.04823	6.208e-12	8.89e-27	0.3267	1.34e-07	3.035e-08	1.56e-08	0	0	0	0	0	0	0	0	0	0	0	0	0	0	0	0	0	0	0	0	0	0	0	3.366e+04	0	0	0	0	0	0	0	0	0	0	0	0	0	0	0	1.612e+05	0	0	0	0	0	0	0	0	0	0	0	0	0	0	0	0	0	0	0	0	0	0	0	
10780	1760.328	3.45e+19	0	0	100000	1.95516575	1.263e-07	0.0383	0.001782	5.478e-09	0.3579	2.469e+04	208.6	0.0002902	0.1558	4.279e-10	0.0006951	0	6.513e-05	1.557e-15	9.253e-23	8.024e-26	1.07e-25	1.337e-25	1.306e-09	6.359e-10	5.99e-12	0.04839	6.248e-12	8.918e-27	0.3277	1.344e-07	3.044e-08	1.564e-08	0	0	0	0	0	0	0	0	0	0	0	0	0	0	0	0	0	0	0	0	0	0	0	3.375e+04	0	0	0	0	0	0	0	0	0	0	0	0	0	0	0	1.616e+05	0	0	0	0	0	0	0	0	0	0	0	0	0	0	0	0	0	0	0	0	0	0	0	
10808	1760.328	3.45e+19	0	0	100000	1.9552047	1.262e-07	0.03835	0.001787	5.524e-09	0.359	2.477e+04	209.2	0.0002931	0.1566	4.307e-10	0.0006985	0	6.578e-05	1.562e-15	9.377e-23	8.049e-26	1.073e-25	1.341e-25	1.312e-09	6.4e-10	6.04e-12	0.04856	6.289e-12	8.946e-27	0.3288	1.348e-07	3.054e-08	1.569e-08	0	0	0	0	0	0	0	0	0	0	0	0	0	0	0	0	0	0	0	0	0	0	0	3.383e+04	0	0	0	0	0	0	0	0	0	0	0	0	0	0	0	1.62e+05	0	0	0	0	0	0	0	0	0	0	0	0	0	0	0	0	0	0	0	0	0	0	0	
10836	1760.328	3.45e+19	0	0	100000	1.95524365	1.262e-07	0.03841	0.001793	5.569e-09	0.3601	2.485e+04	209.9	0.0002961	0.1573	4.335e-10	0.0007019	0	6.644e-05	1.567e-15	9.504e-23	8.074e-26	1.076e-25	1.346e-25	1.318e-09	6.442e-10	6.09e-12	0.04872	6.331e-12	8.974e-27	0.3298	1.352e-07	3.063e-08	1.574e-08	0	0	0	0	0	0	0	0	0	0	0	0	0	0	0	0	0	0	0	0	0	0	0	3.392e+04	0	0	0	0	0	0	0	0	0	0	0	0	0	0	0	1.624e+05	0	0	0	0	0	0	0	0	0	0	0	0	0	0	0	0	0	0	0	0	0	0	0	
10864	1760.328	3.45e+19	0	0	100000	1.9552826	1.262e-07	0.03846	0.001798	5.615e-09	0.3612	2.492e+04	210.5	0.000299	0.1581	4.363e-10	0.0007053	0	6.711e-05	1.572e-15	9.632e-23	8.099e-26	1.08e-25	1.35e-25	1.325e-09	6.484e-10	6.141e-12	0.04889	6.372e-12	9.001e-27	0.3308	1.357e-07	3.073e-08	1.579e-08	0	0	0	0	0	0	0	0	0	0	0	0	0	0	0	0	0	0	0	0	0	0	0	3.401e+04	0	0	0	0	0	0	0	0	0	0	0	0	0	0	0	1.629e+05	0	0	0	0	0	0	0	0	0	0	0	0	0	0	0	0	0	0	0	0	0	0	0	
10892	1760.328	3.45e+19	0	0	100000	1.95532155	1.261e-07	0.03851	0.001804	5.662e-09	0.3623	2.5e+04	211.2	0.000302	0.1588	4.392e-10	0.0007087	0	6.778e-05	1.577e-15	9.762e-23	8.124e-26	1.083e-25	1.354e-25	1.331e-09	6.527e-10	6.191e-12	0.04905	6.414e-12	9.029e-27	0.3319	1.361e-07	3.082e-08	1.584e-08	0	0	0	0	0	0	0	0	0	0	0	0	0	0	0	0	0	0	0	0	0	0	0	3.41e+04	0	0	0	0	0	0	0	0	0	0	0	0	0	0	0	1.633e+05	0	0	0	0	0	0	0	0	0	0	0	0	0	0	0	0	0	0	0	0	0	0	0	
10920	1760.328	3.45e+19	0	0	100000	1.9553605	1.261e-07	0.03857	0.001809	5.709e-09	0.3635	2.508e+04	211.9	0.000305	0.1596	4.421e-10	0.0007121	0	6.846e-05	1.582e-15	9.893e-23	8.149e-26	1.087e-25	1.358e-25	1.337e-09	6.57e-10	6.243e-12	0.04921	6.456e-12	9.057e-27	0.3329	1.365e-07	3.092e-08	1.589e-08	0	0	0	0	0	0	0	0	0	0	0	0	0	0	0	0	0	0	0	0	0	0	0	3.418e+04	0	0	0	0	0	0	0	0	0	0	0	0	0	0	0	1.637e+05	0	0	0	0	0	0	0	0	0	0	0	0	0	0	0	0	0	0	0	0	0	0	0	
10948	1760.328	3.45e+19	0	0	100000	1.95539945	1.26e-07	0.03862	0.001815	5.756e-09	0.3646	2.516e+04	212.5	0.0003081	0.1604	4.449e-10	0.0007155	0	6.914e-05	1.586e-15	1.003e-22	8.174e-26	1.09e-25	1.362e-25	1.344e-09	6.613e-10	6.294e-12	0.04938	6.498e-12	9.085e-27	0.3339	1.369e-07	3.101e-08	1.594e-08	0	0	0	0	0	0	0	0	0	0	0	0	0	0	0	0	0	0	0	0	0	0	0	3.427e+04	0	0	0	0	0	0	0	0	0	0	0	0	0	0	0	1.641e+05	0	0	0	0	0	0	0	0	0	0	0	0	0	0	0	0	0	0	0	0	0	0	0	
10976	1760.328	3.45e+19	0	0	100000	1.9554384	1.26e-07	0.03867	0.001821	5.803e-09	0.3657	2.523e+04	213.2	0.0003112	0.1611	4.478e-10	0.0007189	0	6.983e-05	1.591e-15	1.016e-22	8.199e-26	1.093e-25	1.367e-25	1.35e-09	6.656e-10	6.346e-12	0.04954	6.54e-12	9.113e-27	0.3349	1.373e-07	3.111e-08	1.599e-08	0	0	0	0	0	0	0	0	0	0	0	0	0	0	0	0	0	0	0	0	0	0	0	3.436e+04	0	0	0	0	0	0	0	0	0	0	0	0	0	0	0	1.645e+05	0	0	0	0	0	0	0	0	0	0	0	0	0	0	0	0	0	0	0	0	0	0	0	
11004	1760.328	3.45e+19	0	0	100000	1.95547735	1.259e-07	0.03872	0.001826	5.851e-09	0.3668	2.531e+04	213.8	0.0003143	0.1619	4.508e-10	0.0007224	0	7.053e-05	1.596e-15	1.03e-22	8.224e-26	1.097e-25	1.371e-25	1.357e-09	6.699e-10	6.399e-12	0.04971	6.583e-12	9.141e-27	0.336	1.378e-07	3.12e-08	1.604e-08	0	0	0	0	0	0	0	0	0	0	0	0	0	0	0	0	0	0	0	0	0	0	0	3.445e+04	0	0	0	0	0	0	0	0	0	0	0	0	0	0	0	1.65e+05	0	0	0	0	0	0	0	0	0	0	0	0	0	0	0	0	0	0	0	0	0	0	0	
11032	1760.328	3.45e+19	0	0	100000	1.9555163	1.259e-07	0.03877	0.001832	5.9e-09	0.3679	2.539e+04	214.5	0.0003174	0.1627	4.537e-10	0.0007258	0	7.123e-05	1.601e-15	1.044e-22	8.249e-26	1.1e-25	1.375e-25	1.363e-09	6.743e-10	6.451e-12	0.04987	6.626e-12	9.169e-27	0.337	1.382e-07	3.13e-08	1.608e-08	0	0	0	0	0	0	0	0	0	0	0	0	0	0	0	0	0	0	0	0	0	0	0	3.453e+04	0	0	0	0	0	0	0	0	0	0	0	0	0	0	0	1.654e+05	0	0	0	0	0	0	0	0	0	0	0	0	0	0	0	0	0	0	0	0	0	0	0	
11060	1760.328	3.45e+19	0	0	100000	1.95555525	1.258e-07	0.03883	0.001837	5.948e-09	0.3691	2.546e+04	215.1	0.0003206	0.1635	4.567e-10	0.0007293	0	7.194e-05	1.606e-15	1.058e-22	8.275e-26	1.103e-25	1.379e-25	1.37e-09	6.787e-10	6.505e-12	0.05003	6.669e-12	9.197e-27	0.338	1.386e-07	3.139e-08	1.613e-08	0	0	0	0	0	0	0	0	0	0	0	0	0	0	0	0	0	0	0	0	0	0	0	3.462e+04	0	0	0	0	0	0	0	0	0	0	0	0	0	0	0	1.658e+05	0	0	0	0	0	0	0	0	0	0	0	0	0	0	0	0	0	0	0	0	0	0	0	
11088	1760.328	3.45e+19	0	0	100000	1.9555942	1.258e-07	0.03888	0.001843	5.997e-09	0.3702	2.554e+04	215.8	0.0003238	0.1642	4.596e-10	0.0007328	0	7.266e-05	1.611e-15	1.072e-22	8.3e-26	1.107e-25	1.383e-25	1.376e-09	6.831e-10	6.558e-12	0.0502	6.712e-12	9.225e-27	0.339	1.39e-07	3.149e-08	1.618e-08	0	0	0	0	0	0	0	0	0	0	0	0	0	0	0	0	0	0	0	0	0	0	0	3.471e+04	0	0	0	0	0	0	0	0	0	0	0	0	0	0	0	1.662e+05	0	0	0	0	0	0	0	0	0	0	0	0	0	0	0	0	0	0	0	0	0	0	0	
11116	1760.328	3.45e+19	0	0	100000	1.95563315	1.257e-07	0.03893	0.001848	6.047e-09	0.3713	2.562e+04	216.4	0.000327	0.165	4.626e-10	0.0007362	0	7.339e-05	1.616e-15	1.086e-22	8.325e-26	1.11e-25	1.387e-25	1.383e-09	6.875e-10	6.612e-12	0.05036	6.756e-12	9.253e-27	0.3401	1.394e-07	3.158e-08	1.623e-08	0	0	0	0	0	0	0	0	0	0	0	0	0	0	0	0	0	0	0	0	0	0	0	3.48e+04	0	0	0	0	0	0	0	0	0	0	0	0	0	0	0	1.666e+05	0	0	0	0	0	0	0	0	0	0	0	0	0	0	0	0	0	0	0	0	0	0	0	
11144	1760.328	3.45e+19	0	0	100000	1.9556721	1.257e-07	0.03898	0.001854	6.096e-09	0.3724	2.57e+04	217.1	0.0003303	0.1658	4.656e-10	0.0007397	0	7.412e-05	1.621e-15	1.101e-22	8.35e-26	1.113e-25	1.392e-25	1.389e-09	6.92e-10	6.667e-12	0.05053	6.8e-12	9.281e-27	0.3411	1.399e-07	3.168e-08	1.628e-08	0	0	0	0	0	0	0	0	0	0	0	0	0	0	0	0	0	0	0	0	0	0	0	3.488e+04	0	0	0	0	0	0	0	0	0	0	0	0	0	0	0	1.671e+05	0	0	0	0	0	0	0	0	0	0	0	0	0	0	0	0	0	0	0	0	0	0	0	
11172	1760.328	3.45e+19	0	0	100000	1.95571105	1.256e-07	0.03903	0.00186	6.146e-09	0.3735	2.577e+04	217.7	0.0003336	0.1666	4.686e-10	0.0007433	0	7.486e-05	1.625e-15	1.116e-22	8.375e-26	1.117e-25	1.396e-25	1.396e-09	6.965e-10	6.721e-12	0.05069	6.844e-12	9.308e-27	0.3421	1.403e-07	3.177e-08	1.633e-08	0	0	0	0	0	0	0	0	0	0	0	0	0	0	0	0	0	0	0	0	0	0	0	3.497e+04	0	0	0	0	0	0	0	0	0	0	0	0	0	0	0	1.675e+05	0	0	0	0	0	0	0	0	0	0	0	0	0	0	0	0	0	0	0	0	0	0	0	
11200	1760.328	3.45e+19	0	0	100000	1.95575	1.256e-07	0.03908	0.001865	6.197e-09	0.3747	2.585e+04	218.4	0.0003369	0.1674	4.717e-10	0.0007468	0	7.56e-05	1.63e-15	1.131e-22	8.4e-26	1.12e-25	1.4e-25	1.403e-09	7.01e-10	6.777e-12	0.05086	6.888e-12	9.336e-27	0.3431	1.407e-07	3.187e-08	1.638e-08	0	0	0	0	0	0	0	0	0	0	0	0	0	0	0	0	0	0	0	0	0	0	0	3.506e+04	0	0	0	0	0	0	0	0	0	0	0	0	0	0	0	1.679e+05	0	0	0	0	0	0	0	0	0	0	0	0	0	0	0	0	0	0	0	0	0	0	0	
11228	1760.328	3.45e+19	0	0	100000	1.95578991	1.255e-07	0.03912	0.001871	6.249e-09	0.3758	2.593e+04	219	0.0003403	0.1682	4.748e-10	0.0007503	0	7.637e-05	1.635e-15	1.146e-22	8.425e-26	1.123e-25	1.404e-25	1.409e-09	7.056e-10	6.833e-12	0.05102	6.933e-12	9.364e-27	0.3442	1.411e-07	3.197e-08	1.643e-08	0	0	0	0	0	0	0	0	0	0	0	0	0	0	0	0	0	0	0	0	0	0	0	3.515e+04	0	0	0	0	0	0	0	0	0	0	0	0	0	0	0	1.683e+05	0	0	0	0	0	0	0	0	0	0	0	0	0	0	0	0	0	0	0	0	0	0	0	
11256	1760.328	3.45e+19	0	0	100000	1.95582982	1.254e-07	0.03917	0.001876	6.301e-09	0.3769	2.601e+04	219.7	0.0003438	0.169	4.779e-10	0.0007539	0	7.714e-05	1.64e-15	1.162e-22	8.45e-26	1.127e-25	1.408e-25	1.416e-09	7.102e-10	6.89e-12	0.05119	6.979e-12	9.392e-27	0.3452	1.415e-07	3.206e-08	1.648e-08	0	0	0	0	0	0	0	0	0	0	0	0	0	0	0	0	0	0	0	0	0	0	0	3.524e+04	0	0	0	0	0	0	0	0	0	0	0	0	0	0	0	1.687e+05	0	0	0	0	0	0	0	0	0	0	0	0	0	0	0	0	0	0	0	0	0	0	0	
11284	1760.328	3.45e+19	0	0	100000	1.95586973	1.253e-07	0.03922	0.001882	6.353e-09	0.378	2.608e+04	220.3	0.0003472	0.1698	4.81e-10	0.0007575	0	7.792e-05	1.645e-15	1.178e-22	8.476e-26	1.13e-25	1.413e-25	1.423e-09	7.148e-10	6.948e-12	0.05136	7.024e-12	9.42e-27	0.3462	1.42e-07	3.216e-08	1.653e-08	0	0	0	0	0	0	0	0	0	0	0	0	0	0	0	0	0	0	0	0	0	0	0	3.532e+04	0	0	0	0	0	0	0	0	0	0	0	0	0	0	0	1.692e+05	0	0	0	0	0	0	0	0	0	0	0	0	0	0	0	0	0	0	0	0	0	0	0	
11312	1760.328	3.45e+19	0	0	100000	1.95590964	1.253e-07	0.03926	0.001888	6.406e-09	0.3792	2.616e+04	221	0.0003507	0.1706	4.841e-10	0.0007611	0	7.871e-05	1.65e-15	1.194e-22	8.501e-26	1.133e-25	1.417e-25	1.429e-09	7.195e-10	7.005e-12	0.05152	7.07e-12	9.448e-27	0.3472	1.424e-07	3.225e-08	1.657e-08	0	0	0	0	0	0	0	0	0	0	0	0	0	0	0	0	0	0	0	0	0	0	0	3.541e+04	0	0	0	0	0	0	0	0	0	0	0	0	0	0	0	1.696e+05	0	0	0	0	0	0	0	0	0	0	0	0	0	0	0	0	0	0	0	0	0	0	0	
11340	1760.328	3.45e+19	0	0	100000	1.95594955	1.252e-07	0.03931	0.001893	6.46e-09	0.3803	2.624e+04	221.6	0.0003543	0.1714	4.873e-10	0.0007647	0	7.951e-05	1.655e-15	1.211e-22	8.526e-26	1.137e-25	1.421e-25	1.436e-09	7.242e-10	7.064e-12	0.05169	7.117e-12	9.476e-27	0.3483	1.428e-07	3.235e-08	1.662e-08	0	0	0	0	0	0	0	0	0	0	0	0	0	0	0	0	0	0	0	0	0	0	0	3.55e+04	0	0	0	0	0	0	0	0	0	0	0	0	0	0	0	1.7e+05	0	0	0	0	0	0	0	0	0	0	0	0	0	0	0	0	0	0	0	0	0	0	0	
11368	1760.328	3.45e+19	0	0	100000	1.95598946	1.251e-07	0.03936	0.001899	6.513e-09	0.3814	2.632e+04	222.3	0.0003579	0.1722	4.905e-10	0.0007683	0	8.031e-05	1.66e-15	1.227e-22	8.551e-26	1.14e-25	1.425e-25	1.443e-09	7.289e-10	7.123e-12	0.05185	7.163e-12	9.504e-27	0.3493	1.432e-07	3.244e-08	1.667e-08	0	0	0	0	0	0	0	0	0	0	0	0	0	0	0	0	0	0	0	0	0	0	0	3.559e+04	0	0	0	0	0	0	0	0	0	0	0	0	0	0	0	1.704e+05	0	0	0	0	0	0	0	0	0	0	0	0	0	0	0	0	0	0	0	0	0	0	0	
11396	1760.328	3.45e+19	0	0	100000	1.95602937	1.25e-07	0.0394	0.001904	6.568e-09	0.3825	2.639e+04	223	0.0003615	0.173	4.937e-10	0.000772	0	8.113e-05	1.665e-15	1.244e-22	8.576e-26	1.143e-25	1.429e-25	1.45e-09	7.337e-10	7.182e-12	0.05202	7.21e-12	9.532e-27	0.3503	1.436e-07	3.254e-08	1.672e-08	0	0	0	0	0	0	0	0	0	0	0	0	0	0	0	0	0	0	0	0	0	0	0	3.567e+04	0	0	0	0	0	0	0	0	0	0	0	0	0	0	0	1.708e+05	0	0	0	0	0	0	0	0	0	0	0	0	0	0	0	0	0	0	0	0	0	0	0	
11424	1760.328	3.45e+19	0	0	100000	1.95606928	1.25e-07	0.03945	0.00191	6.622e-09	0.3836	2.647e+04	223.6	0.0003652	0.1739	4.969e-10	0.0007756	0	8.195e-05	1.669e-15	1.261e-22	8.601e-26	1.147e-25	1.434e-25	1.457e-09	7.385e-10	7.241e-12	0.05219	7.257e-12	9.56e-27	0.3513	1.441e-07	3.263e-08	1.677e-08	0	0	0	0	0	0	0	0	0	0	0	0	0	0	0	0	0	0	0	0	0	0	0	3.576e+04	0	0	0	0	0	0	0	0	0	0	0	0	0	0	0	1.713e+05	0	0	0	0	0	0	0	0	0	0	0	0	0	0	0	0	0	0	0	0	0	0	0	
11452	1760.328	3.45e+19	0	0	100000	1.95610919	1.249e-07	0.03949	0.001915	6.677e-09	0.3848	2.655e+04	224.3	0.0003689	0.1747	5.001e-10	0.0007793	0	8.278e-05	1.674e-15	1.279e-22	8.626e-26	1.15e-25	1.438e-25	1.464e-09	7.433e-10	7.302e-12	0.05235	7.304e-12	9.588e-27	0.3524	1.445e-07	3.273e-08	1.682e-08	0	0	0	0	0	0	0	0	0	0	0	0	0	0	0	0	0	0	0	0	0	0	0	3.585e+04	0	0	0	0	0	0	0	0	0	0	0	0	0	0	0	1.717e+05	0	0	0	0	0	0	0	0	0	0	0	0	0	0	0	0	0	0	0	0	0	0	0	
11480	1760.328	3.45e+19	0	0	100000	1.9561491	1.248e-07	0.03953	0.001921	6.733e-09	0.3859	2.663e+04	224.9	0.0003726	0.1755	5.034e-10	0.0007829	0	8.361e-05	1.679e-15	1.296e-22	8.652e-26	1.154e-25	1.442e-25	1.47e-09	7.481e-10	7.362e-12	0.05252	7.352e-12	9.616e-27	0.3534	1.449e-07	3.282e-08	1.687e-08	0	0	0	0	0	0	0	0	0	0	0	0	0	0	0	0	0	0	0	0	0	0	0	3.594e+04	0	0	0	0	0	0	0	0	0	0	0	0	0	0	0	1.721e+05	0	0	0	0	0	0	0	0	0	0	0	0	0	0	0	0	0	0	0	0	0	0	0	
11508	1760.328	3.45e+19	0	0	100000	1.95618901	1.247e-07	0.03958	0.001927	6.789e-09	0.387	2.67e+04	225.6	0.0003764	0.1763	5.067e-10	0.0007866	0	8.446e-05	1.684e-15	1.314e-22	8.677e-26	1.157e-25	1.446e-25	1.477e-09	7.53e-10	7.423e-12	0.05269	7.399e-12	9.644e-27	0.3544	1.453e-07	3.292e-08	1.692e-08	0	0	0	0	0	0	0	0	0	0	0	0	0	0	0	0	0	0	0	0	0	0	0	3.602e+04	0	0	0	0	0	0	0	0	0	0	0	0	0	0	0	1.725e+05	0	0	0	0	0	0	0	0	0	0	0	0	0	0	0	0	0	0	0	0	0	0	0	
11536	1760.328	3.45e+19	0	0	100000	1.95622892	1.246e-07	0.03962	0.001932	6.845e-09	0.3881	2.678e+04	226.2	0.0003802	0.1771	5.1e-10	0.0007903	0	8.531e-05	1.689e-15	1.332e-22	8.702e-26	1.16e-25	1.45e-25	1.484e-09	7.579e-10	7.485e-12	0.05286	7.447e-12	9.672e-27	0.3555	1.458e-07	3.301e-08	1.697e-08	0	0	0	0	0	0	0	0	0	0	0	0	0	0	0	0	0	0	0	0	0	0	0	3.611e+04	0	0	0	0	0	0	0	0	0	0	0	0	0	0	0	1.729e+05	0	0	0	0	0	0	0	0	0	0	0	0	0	0	0	0	0	0	0	0	0	0	0	
11564	1760.328	3.45e+19	0	0	100000	1.95626883	1.245e-07	0.03967	0.001938	6.902e-09	0.3892	2.686e+04	226.9	0.000384	0.178	5.133e-10	0.000794	0	8.617e-05	1.694e-15	1.35e-22	8.727e-26	1.164e-25	1.454e-25	1.491e-09	7.628e-10	7.547e-12	0.05302	7.496e-12	9.7e-27	0.3565	1.462e-07	3.311e-08	1.702e-08	0	0	0	0	0	0	0	0	0	0	0	0	0	0	0	0	0	0	0	0	0	0	0	3.62e+04	0	0	0	0	0	0	0	0	0	0	0	0	0	0	0	1.734e+05	0	0	0	0	0	0	0	0	0	0	0	0	0	0	0	0	0	0	0	0	0	0	0	
11592	1760.328	3.45e+19	0	0	100000	1.95630874	1.244e-07	0.03971	0.001943	6.959e-09	0.3904	2.693e+04	227.5	0.0003879	0.1788	5.166e-10	0.0007977	0	8.704e-05	1.699e-15	1.369e-22	8.752e-26	1.167e-25	1.459e-25	1.498e-09	7.677e-10	7.61e-12	0.05319	7.544e-12	9.728e-27	0.3575	1.466e-07	3.321e-08	1.706e-08	0	0	0	0	0	0	0	0	0	0	0	0	0	0	0	0	0	0	0	0	0	0	0	3.629e+04	0	0	0	0	0	0	0	0	0	0	0	0	0	0	0	1.738e+05	0	0	0	0	0	0	0	0	0	0	0	0	0	0	0	0	0	0	0	0	0	0	0	
11620	1760.328	3.45e+19	0	0	100000	1.95634865	1.244e-07	0.03975	0.001949	7.017e-09	0.3915	2.701e+04	228.2	0.0003918	0.1796	5.199e-10	0.0008015	0	8.792e-05	1.704e-15	1.388e-22	8.777e-26	1.17e-25	1.463e-25	1.505e-09	7.727e-10	7.673e-12	0.05336	7.593e-12	9.756e-27	0.3585	1.47e-07	3.33e-08	1.711e-08	0	0	0	0	0	0	0	0	0	0	0	0	0	0	0	0	0	0	0	0	0	0	0	3.637e+04	0	0	0	0	0	0	0	0	0	0	0	0	0	0	0	1.742e+05	0	0	0	0	0	0	0	0	0	0	0	0	0	0	0	0	0	0	0	0	0	0	0	
11648	1760.328	3.45e+19	0	0	100000	1.95638856	1.243e-07	0.03979	0.001954	7.075e-09	0.3926	2.709e+04	228.8	0.0003957	0.1805	5.233e-10	0.0008052	0	8.881e-05	1.708e-15	1.407e-22	8.802e-26	1.174e-25	1.467e-25	1.512e-09	7.777e-10	7.736e-12	0.05353	7.642e-12	9.783e-27	0.3596	1.474e-07	3.34e-08	1.716e-08	0	0	0	0	0	0	0	0	0	0	0	0	0	0	0	0	0	0	0	0	0	0	0	3.646e+04	0	0	0	0	0	0	0	0	0	0	0	0	0	0	0	1.746e+05	0	0	0	0	0	0	0	0	0	0	0	0	0	0	0	0	0	0	0	0	0	0	0	
11676	1760.328	3.45e+19	0	0	100000	1.95642847	1.242e-07	0.03984	0.00196	7.133e-09	0.3937	2.717e+04	229.5	0.0003997	0.1813	5.267e-10	0.000809	0	8.971e-05	1.713e-15	1.426e-22	8.828e-26	1.177e-25	1.471e-25	1.519e-09	7.827e-10	7.8e-12	0.05369	7.692e-12	9.811e-27	0.3606	1.479e-07	3.349e-08	1.721e-08	0	0	0	0	0	0	0	0	0	0	0	0	0	0	0	0	0	0	0	0	0	0	0	3.655e+04	0	0	0	0	0	0	0	0	0	0	0	0	0	0	0	1.75e+05	0	0	0	0	0	0	0	0	0	0	0	0	0	0	0	0	0	0	0	0	0	0	0	
11704	1760.328	3.45e+19	0	0	100000	1.95646838	1.241e-07	0.03988	0.001966	7.192e-09	0.3949	2.724e+04	230.1	0.0004038	0.1822	5.301e-10	0.0008127	0	9.061e-05	1.718e-15	1.446e-22	8.853e-26	1.18e-25	1.475e-25	1.526e-09	7.878e-10	7.865e-12	0.05386	7.742e-12	9.839e-27	0.3616	1.483e-07	3.359e-08	1.726e-08	0	0	0	0	0	0	0	0	0	0	0	0	0	0	0	0	0	0	0	0	0	0	0	3.664e+04	0	0	0	0	0	0	0	0	0	0	0	0	0	0	0	1.755e+05	0	0	0	0	0	0	0	0	0	0	0	0	0	0	0	0	0	0	0	0	0	0	0	
11732	1760.328	3.45e+19	0	0	100000	1.95650829	1.24e-07	0.03992	0.001971	7.252e-09	0.396	2.732e+04	230.8	0.0004079	0.183	5.335e-10	0.0008165	0	9.153e-05	1.723e-15	1.465e-22	8.878e-26	1.184e-25	1.48e-25	1.534e-09	7.929e-10	7.93e-12	0.05403	7.792e-12	9.867e-27	0.3626	1.487e-07	3.368e-08	1.731e-08	0	0	0	0	0	0	0	0	0	0	0	0	0	0	0	0	0	0	0	0	0	0	0	3.673e+04	0	0	0	0	0	0	0	0	0	0	0	0	0	0	0	1.759e+05	0	0	0	0	0	0	0	0	0	0	0	0	0	0	0	0	0	0	0	0	0	0	0	
11760	1760.328	3.45e+19	0	0	100000	1.9565482	1.239e-07	0.03996	0.001977	7.312e-09	0.3971	2.74e+04	231.5	0.000412	0.1839	5.37e-10	0.0008203	0	9.245e-05	1.728e-15	1.486e-22	8.903e-26	1.187e-25	1.484e-25	1.541e-09	7.98e-10	7.996e-12	0.0542	7.842e-12	9.895e-27	0.3637	1.491e-07	3.378e-08	1.736e-08	0	0	0	0	0	0	0	0	0	0	0	0	0	0	0	0	0	0	0	0	0	0	0	3.681e+04	0	0	0	0	0	0	0	0	0	0	0	0	0	0	0	1.763e+05	0	0	0	0	0	0	0	0	0	0	0	0	0	0	0	0	0	0	0	0	0	0	0	
11788	1760.328	3.45e+19	0	0	100000	1.95658811	1.238e-07	0.04	0.001982	7.372e-09	0.3982	2.748e+04	232.1	0.0004161	0.1847	5.404e-10	0.0008241	0	9.338e-05	1.733e-15	1.506e-22	8.928e-26	1.19e-25	1.488e-25	1.548e-09	8.032e-10	8.062e-12	0.05437	7.892e-12	9.923e-27	0.3647	1.495e-07	3.387e-08	1.741e-08	0	0	0	0	0	0	0	0	0	0	0	0	0	0	0	0	0	0	0	0	0	0	0	3.69e+04	0	0	0	0	0	0	0	0	0	0	0	0	0	0	0	1.767e+05	0	0	0	0	0	0	0	0	0	0	0	0	0	0	0	0	0	0	0	0	0	0	0	
11816	1760.328	3.45e+19	0	0	100000	1.95662802	1.237e-07	0.04004	0.001988	7.433e-09	0.3993	2.755e+04	232.8	0.0004203	0.1856	5.439e-10	0.0008279	0	9.432e-05	1.738e-15	1.527e-22	8.953e-26	1.194e-25	1.492e-25	1.555e-09	8.083e-10	8.128e-12	0.05454	7.943e-12	9.951e-27	0.3657	1.5e-07	3.397e-08	1.746e-08	0	0	0	0	0	0	0	0	0	0	0	0	0	0	0	0	0	0	0	0	0	0	0	3.699e+04	0	0	0	0	0	0	0	0	0	0	0	0	0	0	0	1.771e+05	0	0	0	0	0	0	0	0	0	0	0	0	0	0	0	0	0	0	0	0	0	0	0	
11844	1760.328	3.45e+19	0	0	100000	1.95666793	1.236e-07	0.04008	0.001994	7.495e-09	0.4005	2.763e+04	233.4	0.0004246	0.1864	5.474e-10	0.0008317	0	9.528e-05	1.743e-15	1.548e-22	8.979e-26	1.197e-25	1.496e-25	1.562e-09	8.135e-10	8.195e-12	0.05471	7.994e-12	9.979e-27	0.3668	1.504e-07	3.406e-08	1.751e-08	0	0	0	0	0	0	0	0	0	0	0	0	0	0	0	0	0	0	0	0	0	0	0	3.708e+04	0	0	0	0	0	0	0	0	0	0	0	0	0	0	0	1.776e+05	0	0	0	0	0	0	0	0	0	0	0	0	0	0	0	0	0	0	0	0	0	0	0	
11872	1760.328	3.45e+19	0	0	100000	1.95670784	1.235e-07	0.04012	0.001999	7.556e-09	0.4016	2.771e+04	234.1	0.0004288	0.1873	5.509e-10	0.0008356	0	9.624e-05	1.747e-15	1.569e-22	9.004e-26	1.2e-25	1.501e-25	1.569e-09	8.188e-10	8.263e-12	0.05488	8.046e-12	1.001e-26	0.3678	1.508e-07	3.416e-08	1.756e-08	0	0	0	0	0	0	0	0	0	0	0	0	0	0	0	0	0	0	0	0	0	0	0	3.716e+04	0	0	0	0	0	0	0	0	0	0	0	0	0	0	0	1.78e+05	0	0	0	0	0	0	0	0	0	0	0	0	0	0	0	0	0	0	0	0	0	0	0	
11900	1760.328	3.45e+19	0	0	100000	1.95674775	1.234e-07	0.04016	0.002005	7.619e-09	0.4027	2.779e+04	234.7	0.0004332	0.1882	5.545e-10	0.0008394	0	9.721e-05	1.752e-15	1.59e-22	9.029e-26	1.204e-25	1.505e-25	1.577e-09	8.24e-10	8.331e-12	0.05504	8.098e-12	1.004e-26	0.3688	1.512e-07	3.426e-08	1.76e-08	0	0	0	0	0	0	0	0	0	0	0	0	0	0	0	0	0	0	0	0	0	0	0	3.725e+04	0	0	0	0	0	0	0	0	0	0	0	0	0	0	0	1.784e+05	0	0	0	0	0	0	0	0	0	0	0	0	0	0	0	0	0	0	0	0	0	0	0	
11928	1760.328	3.45e+19	0	0	100000	1.95678766	1.233e-07	0.0402	0.00201	7.682e-09	0.4038	2.786e+04	235.4	0.0004375	0.189	5.58e-10	0.0008433	0	9.819e-05	1.757e-15	1.612e-22	9.054e-26	1.207e-25	1.509e-25	1.584e-09	8.293e-10	8.4e-12	0.05521	8.15e-12	1.006e-26	0.3698	1.517e-07	3.435e-08	1.765e-08	0	0	0	0	0	0	0	0	0	0	0	0	0	0	0	0	0	0	0	0	0	0	0	3.734e+04	0	0	0	0	0	0	0	0	0	0	0	0	0	0	0	1.788e+05	0	0	0	0	0	0	0	0	0	0	0	0	0	0	0	0	0	0	0	0	0	0	0	
11956	1760.328	3.45e+19	0	0	100000	1.95682757	1.232e-07	0.04024	0.002016	7.745e-09	0.405	2.794e+04	236	0.0004419	0.1899	5.616e-10	0.0008472	0	9.917e-05	1.762e-15	1.634e-22	9.079e-26	1.211e-25	1.513e-25	1.591e-09	8.347e-10	8.469e-12	0.05538	8.202e-12	1.009e-26	0.3709	1.521e-07	3.445e-08	1.77e-08	0	0	0	0	0	0	0	0	0	0	0	0	0	0	0	0	0	0	0	0	0	0	0	3.743e+04	0	0	0	0	0	0	0	0	0	0	0	0	0	0	0	1.792e+05	0	0	0	0	0	0	0	0	0	0	0	0	0	0	0	0	0	0	0	0	0	0	0	
11984	1760.328	3.45e+19	0	0	100000	1.95686748	1.231e-07	0.04028	0.002022	7.809e-09	0.4061	2.802e+04	236.7	0.0004464	0.1908	5.652e-10	0.0008511	0	0.0001002	1.767e-15	1.657e-22	9.104e-26	1.214e-25	1.517e-25	1.598e-09	8.4e-10	8.539e-12	0.05555	8.255e-12	1.012e-26	0.3719	1.525e-07	3.454e-08	1.775e-08	0	0	0	0	0	0	0	0	0	0	0	0	0	0	0	0	0	0	0	0	0	0	0	3.751e+04	0	0	0	0	0	0	0	0	0	0	0	0	0	0	0	1.797e+05	0	0	0	0	0	0	0	0	0	0	0	0	0	0	0	0	0	0	0	0	0	0	0	
12012	1760.328	3.45e+19	0	0	100000	1.95690739	1.23e-07	0.04031	0.002027	7.873e-09	0.4072	2.81e+04	237.3	0.0004509	0.1916	5.689e-10	0.000855	0	0.0001012	1.772e-15	1.68e-22	9.13e-26	1.217e-25	1.522e-25	1.606e-09	8.454e-10	8.61e-12	0.05572	8.308e-12	1.015e-26	0.3729	1.529e-07	3.464e-08	1.78e-08	0	0	0	0	0	0	0	0	0	0	0	0	0	0	0	0	0	0	0	0	0	0	0	3.76e+04	0	0	0	0	0	0	0	0	0	0	0	0	0	0	0	1.801e+05	0	0	0	0	0	0	0	0	0	0	0	0	0	0	0	0	0	0	0	0	0	0	0	
12040	1760.328	3.45e+19	0	0	100000	1.9569473	1.229e-07	0.04035	0.002033	7.938e-09	0.4083	2.817e+04	238	0.0004554	0.1925	5.725e-10	0.0008589	0	0.0001022	1.777e-15	1.703e-22	9.155e-26	1.221e-25	1.526e-25	1.613e-09	8.508e-10	8.681e-12	0.05589	8.361e-12	1.018e-26	0.374	1.533e-07	3.473e-08	1.785e-08	0	0	0	0	0	0	0	0	0	0	0	0	0	0	0	0	0	0	0	0	0	0	0	3.769e+04	0	0	0	0	0	0	0	0	0	0	0	0	0	0	0	1.805e+05	0	0	0	0	0	0	0	0	0	0	0	0	0	0	0	0	0	0	0	0	0	0	0	
12068	1760.328	3.45e+19	0	0	100000	1.95698721	1.228e-07	0.04039	0.002038	8.003e-09	0.4094	2.825e+04	238.7	0.00046	0.1934	5.762e-10	0.0008628	0	0.0001032	1.782e-15	1.726e-22	9.18e-26	1.224e-25	1.53e-25	1.62e-09	8.563e-10	8.752e-12	0.05606	8.414e-12	1.02e-26	0.375	1.538e-07	3.483e-08	1.79e-08	0	0	0	0	0	0	0	0	0	0	0	0	0	0	0	0	0	0	0	0	0	0	0	3.778e+04	0	0	0	0	0	0	0	0	0	0	0	0	0	0	0	1.809e+05	0	0	0	0	0	0	0	0	0	0	0	0	0	0	0	0	0	0	0	0	0	0	0	
12096	1760.328	3.45e+19	0	0	100000	1.95702712	1.226e-07	0.04043	0.002044	8.069e-09	0.4106	2.833e+04	239.3	0.0004646	0.1943	5.799e-10	0.0008668	0	0.0001043	1.787e-15	1.75e-22	9.205e-26	1.227e-25	1.534e-25	1.628e-09	8.617e-10	8.824e-12	0.05623	8.468e-12	1.023e-26	0.376	1.542e-07	3.492e-08	1.795e-08	0	0	0	0	0	0	0	0	0	0	0	0	0	0	0	0	0	0	0	0	0	0	0	3.786e+04	0	0	0	0	0	0	0	0	0	0	0	0	0	0	0	1.813e+05	0	0	0	0	0	0	0	0	0	0	0	0	0	0	0	0	0	0	0	0	0	0	0	
12124	1760.328	3.45e+19	0	0	100000	1.95706703	1.225e-07	0.04046	0.002049	8.136e-09	0.4117	2.841e+04	240	0.0004693	0.1952	5.836e-10	0.0008707	0	0.0001053	1.791e-15	1.774e-22	9.23e-26	1.231e-25	1.538e-25	1.635e-09	8.673e-10	8.897e-12	0.0564	8.522e-12	1.026e-26	0.377	1.546e-07	3.502e-08	1.8e-08	0	0	0	0	0	0	0	0	0	0	0	0	0	0	0	0	0	0	0	0	0	0	0	3.795e+04	0	0	0	0	0	0	0	0	0	0	0	0	0	0	0	1.818e+05	0	0	0	0	0	0	0	0	0	0	0	0	0	0	0	0	0	0	0	0	0	0	0	
12152	1760.328	3.45e+19	0	0	100000	1.95710694	1.224e-07	0.0405	0.002055	8.203e-09	0.4128	2.848e+04	240.6	0.000474	0.1961	5.873e-10	0.0008747	0	0.0001064	1.796e-15	1.798e-22	9.255e-26	1.234e-25	1.543e-25	1.643e-09	8.728e-10	8.97e-12	0.05657	8.577e-12	1.029e-26	0.3781	1.55e-07	3.511e-08	1.805e-08	0	0	0	0	0	0	0	0	0	0	0	0	0	0	0	0	0	0	0	0	0	0	0	3.804e+04	0	0	0	0	0	0	0	0	0	0	0	0	0	0	0	1.822e+05	0	0	0	0	0	0	0	0	0	0	0	0	0	0	0	0	0	0	0	0	0	0	0	
12180	1760.328	3.45e+19	0	0	100000	1.95714685	1.223e-07	0.04054	0.002061	8.27e-09	0.4139	2.856e+04	241.3	0.0004788	0.197	5.911e-10	0.0008787	0	0.0001075	1.801e-15	1.823e-22	9.281e-26	1.237e-25	1.547e-25	1.65e-09	8.784e-10	9.044e-12	0.05675	8.632e-12	1.031e-26	0.3791	1.554e-07	3.521e-08	1.81e-08	0	0	0	0	0	0	0	0	0	0	0	0	0	0	0	0	0	0	0	0	0	0	0	3.813e+04	0	0	0	0	0	0	0	0	0	0	0	0	0	0	0	1.826e+05	0	0	0	0	0	0	0	0	0	0	0	0	0	0	0	0	0	0	0	0	0	0	0	
12208	1760.328	3.45e+19	0	0	100000	1.95718676	1.222e-07	0.04057	0.002066	8.338e-09	0.4151	2.864e+04	241.9	0.0004836	0.1978	5.948e-10	0.0008827	0	0.0001085	1.806e-15	1.848e-22	9.306e-26	1.241e-25	1.551e-25	1.658e-09	8.84e-10	9.118e-12	0.05692	8.687e-12	1.034e-26	0.3801	1.559e-07	3.531e-08	1.814e-08	0	0	0	0	0	0	0	0	0	0	0	0	0	0	0	0	0	0	0	0	0	0	0	3.822e+04	0	0	0	0	0	0	0	0	0	0	0	0	0	0	0	1.83e+05	0	0	0	0	0	0	0	0	0	0	0	0	0	0	0	0	0	0	0	0	0	0	0	
12236	1760.328	3.45e+19	0	0	100000	1.95722667	1.221e-07	0.04061	0.002072	8.407e-09	0.4162	2.872e+04	242.6	0.0004885	0.1987	5.986e-10	0.0008867	0	0.0001096	1.811e-15	1.874e-22	9.331e-26	1.244e-25	1.555e-25	1.665e-09	8.896e-10	9.193e-12	0.05709	8.742e-12	1.037e-26	0.3812	1.563e-07	3.54e-08	1.819e-08	0	0	0	0	0	0	0	0	0	0	0	0	0	0	0	0	0	0	0	0	0	0	0	3.83e+04	0	0	0	0	0	0	0	0	0	0	0	0	0	0	0	1.834e+05	0	0	0	0	0	0	0	0	0	0	0	0	0	0	0	0	0	0	0	0	0	0	0	
12264	1760.328	3.45e+19	0	0	100000	1.95726658	1.22e-07	0.04064	0.002077	8.476e-09	0.4173	2.879e+04	243.2	0.0004934	0.1996	6.024e-10	0.0008907	0	0.0001107	1.816e-15	1.899e-22	9.356e-26	1.247e-25	1.559e-25	1.673e-09	8.953e-10	9.269e-12	0.05726	8.798e-12	1.04e-26	0.3822	1.567e-07	3.55e-08	1.824e-08	0	0	0	0	0	0	0	0	0	0	0	0	0	0	0	0	0	0	0	0	0	0	0	3.839e+04	0	0	0	0	0	0	0	0	0	0	0	0	0	0	0	1.839e+05	0	0	0	0	0	0	0	0	0	0	0	0	0	0	0	0	0	0	0	0	0	0	0	
12292	1760.328	3.45e+19	0	0	100000	1.95730649	1.218e-07	0.04068	0.002083	8.545e-09	0.4184	2.887e+04	243.9	0.0004984	0.2006	6.063e-10	0.0008947	0	0.0001118	1.821e-15	1.926e-22	9.381e-26	1.251e-25	1.564e-25	1.68e-09	9.01e-10	9.345e-12	0.05743	8.854e-12	1.043e-26	0.3832	1.571e-07	3.559e-08	1.829e-08	0	0	0	0	0	0	0	0	0	0	0	0	0	0	0	0	0	0	0	0	0	0	0	3.848e+04	0	0	0	0	0	0	0	0	0	0	0	0	0	0	0	1.843e+05	0	0	0	0	0	0	0	0	0	0	0	0	0	0	0	0	0	0	0	0	0	0	0	
12320	1760.328	3.45e+19	0	0	100000	1.9573464	1.217e-07	0.04071	0.002089	8.616e-09	0.4196	2.895e+04	244.5	0.0005034	0.2015	6.101e-10	0.0008988	0	0.000113	1.826e-15	1.952e-22	9.406e-26	1.254e-25	1.568e-25	1.688e-09	9.067e-10	9.421e-12	0.0576	8.91e-12	1.045e-26	0.3842	1.576e-07	3.569e-08	1.834e-08	0	0	0	0	0	0	0	0	0	0	0	0	0	0	0	0	0	0	0	0	0	0	0	3.857e+04	0	0	0	0	0	0	0	0	0	0	0	0	0	0	0	1.847e+05	0	0	0	0	0	0	0	0	0	0	0	0	0	0	0	0	0	0	0	0	0	0	0	
12348	1760.328	3.45e+19	0	0	100000	1.95738631	1.216e-07	0.04075	0.002094	8.686e-09	0.4207	2.903e+04	245.2	0.0005085	0.2024	6.14e-10	0.0009028	0	0.0001141	1.831e-15	1.979e-22	9.432e-26	1.258e-25	1.572e-25	1.696e-09	9.125e-10	9.499e-12	0.05777	8.967e-12	1.048e-26	0.3853	1.58e-07	3.578e-08	1.839e-08	0	0	0	0	0	0	0	0	0	0	0	0	0	0	0	0	0	0	0	0	0	0	0	3.865e+04	0	0	0	0	0	0	0	0	0	0	0	0	0	0	0	1.851e+05	0	0	0	0	0	0	0	0	0	0	0	0	0	0	0	0	0	0	0	0	0	0	0	
12376	1760.328	3.45e+19	0	0	100000	1.95742622	1.215e-07	0.04078	0.0021	8.758e-09	0.4218	2.91e+04	245.9	0.0005136	0.2033	6.179e-10	0.0009069	0	0.0001153	1.835e-15	2.006e-22	9.457e-26	1.261e-25	1.576e-25	1.703e-09	9.183e-10	9.577e-12	0.05795	9.024e-12	1.051e-26	0.3863	1.584e-07	3.588e-08	1.844e-08	0	0	0	0	0	0	0	0	0	0	0	0	0	0	0	0	0	0	0	0	0	0	0	3.874e+04	0	0	0	0	0	0	0	0	0	0	0	0	0	0	0	1.855e+05	0	0	0	0	0	0	0	0	0	0	0	0	0	0	0	0	0	0	0	0	0	0	0	
12404	1760.328	3.45e+19	0	0	100000	1.95746613	1.214e-07	0.04081	0.002105	8.83e-09	0.4229	2.918e+04	246.5	0.0005188	0.2042	6.218e-10	0.000911	0	0.0001164	1.84e-15	2.034e-22	9.482e-26	1.264e-25	1.58e-25	1.711e-09	9.241e-10	9.655e-12	0.05812	9.081e-12	1.054e-26	0.3873	1.588e-07	3.597e-08	1.849e-08	0	0	0	0	0	0	0	0	0	0	0	0	0	0	0	0	0	0	0	0	0	0	0	3.883e+04	0	0	0	0	0	0	0	0	0	0	0	0	0	0	0	1.86e+05	0	0	0	0	0	0	0	0	0	0	0	0	0	0	0	0	0	0	0	0	0	0	0	
12432	1760.328	3.45e+19	0	0	100000	1.95750604	1.212e-07	0.04085	0.002111	8.902e-09	0.424	2.926e+04	247.2	0.000524	0.2051	6.258e-10	0.0009151	0	0.0001176	1.845e-15	2.062e-22	9.507e-26	1.268e-25	1.585e-25	1.719e-09	9.3e-10	9.735e-12	0.05829	9.139e-12	1.057e-26	0.3884	1.592e-07	3.607e-08	1.854e-08	0	0	0	0	0	0	0	0	0	0	0	0	0	0	0	0	0	0	0	0	0	0	0	3.892e+04	0	0	0	0	0	0	0	0	0	0	0	0	0	0	0	1.864e+05	0	0	0	0	0	0	0	0	0	0	0	0	0	0	0	0	0	0	0	0	0	0	0	
12460	1760.328	3.45e+19	0	0	100000	1.95754595	1.211e-07	0.04088	0.002117	8.975e-09	0.4252	2.934e+04	247.8	0.0005292	0.206	6.298e-10	0.0009192	0	0.0001188	1.85e-15	2.09e-22	9.532e-26	1.271e-25	1.589e-25	1.726e-09	9.359e-10	9.814e-12	0.05846	9.197e-12	1.059e-26	0.3894	1.597e-07	3.617e-08	1.859e-08	0	0	0	0	0	0	0	0	0	0	0	0	0	0	0	0	0	0	0	0	0	0	0	3.9e+04	0	0	0	0	0	0	0	0	0	0	0	0	0	0	0	1.868e+05	0	0	0	0	0	0	0	0	0	0	0	0	0	0	0	0	0	0	0	0	0	0	0	
12488	1760.328	3.45e+19	0	0	100000	1.95758586	1.21e-07	0.04091	0.002122	9.049e-09	0.4263	2.941e+04	248.5	0.0005346	0.207	6.338e-10	0.0009233	0	0.00012	1.855e-15	2.119e-22	9.558e-26	1.274e-25	1.593e-25	1.734e-09	9.419e-10	9.895e-12	0.05864	9.255e-12	1.062e-26	0.3904	1.601e-07	3.626e-08	1.864e-08	0	0	0	0	0	0	0	0	0	0	0	0	0	0	0	0	0	0	0	0	0	0	0	3.909e+04	0	0	0	0	0	0	0	0	0	0	0	0	0	0	0	1.872e+05	0	0	0	0	0	0	0	0	0	0	0	0	0	0	0	0	0	0	0	0	0	0	0	
12516	1760.328	3.45e+19	0	0	100000	1.95762577	1.208e-07	0.04094	0.002128	9.123e-09	0.4274	2.949e+04	249.1	0.0005399	0.2079	6.378e-10	0.0009275	0	0.0001212	1.86e-15	2.148e-22	9.583e-26	1.278e-25	1.597e-25	1.742e-09	9.478e-10	9.976e-12	0.05881	9.314e-12	1.065e-26	0.3914	1.605e-07	3.636e-08	1.868e-08	0	0	0	0	0	0	0	0	0	0	0	0	0	0	0	0	0	0	0	0	0	0	0	3.918e+04	0	0	0	0	0	0	0	0	0	0	0	0	0	0	0	1.876e+05	0	0	0	0	0	0	0	0	0	0	0	0	0	0	0	0	0	0	0	0	0	0	0	
12544	1760.328	3.45e+19	0	0	100000	1.95766568	1.207e-07	0.04098	0.002133	9.197e-09	0.4285	2.957e+04	249.8	0.0005454	0.2088	6.418e-10	0.0009316	0	0.0001224	1.865e-15	2.178e-22	9.608e-26	1.281e-25	1.601e-25	1.75e-09	9.538e-10	1.006e-11	0.05898	9.373e-12	1.068e-26	0.3925	1.609e-07	3.645e-08	1.873e-08	0	0	0	0	0	0	0	0	0	0	0	0	0	0	0	0	0	0	0	0	0	0	0	3.927e+04	0	0	0	0	0	0	0	0	0	0	0	0	0	0	0	1.881e+05	0	0	0	0	0	0	0	0	0	0	0	0	0	0	0	0	0	0	0	0	0	0	0	
12572	1760.328	3.45e+19	0	0	100000	1.95770559	1.206e-07	0.04101	0.002139	9.273e-09	0.4297	2.965e+04	250.4	0.0005509	0.2098	6.459e-10	0.0009358	0	0.0001236	1.87e-15	2.208e-22	9.633e-26	1.284e-25	1.606e-25	1.758e-09	9.599e-10	1.014e-11	0.05916	9.432e-12	1.071e-26	0.3935	1.614e-07	3.655e-08	1.878e-08	0	0	0	0	0	0	0	0	0	0	0	0	0	0	0	0	0	0	0	0	0	0	0	3.935e+04	0	0	0	0	0	0	0	0	0	0	0	0	0	0	0	1.885e+05	0	0	0	0	0	0	0	0	0	0	0	0	0	0	0	0	0	0	0	0	0	0	0	
12600	1760.328	3.45e+19	0	0	100000	1.9577455	1.205e-07	0.04104	0.002145	9.349e-09	0.4308	2.972e+04	251.1	0.0005564	0.2107	6.5e-10	0.00094	0	0.0001249	1.875e-15	2.239e-22	9.658e-26	1.288e-25	1.61e-25	1.765e-09	9.659e-10	1.022e-11	0.05933	9.492e-12	1.073e-26	0.3945	1.618e-07	3.664e-08	1.883e-08	0	0	0	0	0	0	0	0	0	0	0	0	0	0	0	0	0	0	0	0	0	0	0	3.944e+04	0	0	0	0	0	0	0	0	0	0	0	0	0	0	0	1.889e+05	0	0	0	0	0	0	0	0	0	0	0	0	0	0	0	0	0	0	0	0	0	0	0	
12628	1760.328	3.45e+19	0	0	100000	1.95778541	1.203e-07	0.04107	0.00215	9.425e-09	0.4319	2.98e+04	251.7	0.000562	0.2116	6.541e-10	0.0009442	0	0.0001261	1.879e-15	2.269e-22	9.684e-26	1.291e-25	1.614e-25	1.773e-09	9.721e-10	1.031e-11	0.0595	9.552e-12	1.076e-26	0.3956	1.622e-07	3.674e-08	1.888e-08	0	0	0	0	0	0	0	0	0	0	0	0	0	0	0	0	0	0	0	0	0	0	0	3.953e+04	0	0	0	0	0	0	0	0	0	0	0	0	0	0	0	1.893e+05	0	0	0	0	0	0	0	0	0	0	0	0	0	0	0	0	0	0	0	0	0	0	0	
12656	1760.328	3.45e+19	0	0	100000	1.95782532	1.202e-07	0.0411	0.002156	9.502e-09	0.433	2.988e+04	252.4	0.0005676	0.2126	6.582e-10	0.0009484	0	0.0001274	1.884e-15	2.301e-22	9.709e-26	1.295e-25	1.618e-25	1.781e-09	9.782e-10	1.039e-11	0.05968	9.613e-12	1.079e-26	0.3966	1.626e-07	3.683e-08	1.893e-08	0	0	0	0	0	0	0	0	0	0	0	0	0	0	0	0	0	0	0	0	0	0	0	3.962e+04	0	0	0	0	0	0	0	0	0	0	0	0	0	0	0	1.897e+05	0	0	0	0	0	0	0	0	0	0	0	0	0	0	0	0	0	0	0	0	0	0	0	
12684	1760.328	3.45e+19	0	0	100000	1.95786523	1.201e-07	0.04113	0.002161	9.58e-09	0.4342	2.996e+04	253.1	0.0005733	0.2135	6.624e-10	0.0009526	0	0.0001287	1.889e-15	2.333e-22	9.734e-26	1.298e-25	1.622e-25	1.789e-09	9.844e-10	1.048e-11	0.05985	9.673e-12	1.082e-26	0.3976	1.63e-07	3.693e-08	1.898e-08	0	0	0	0	0	0	0	0	0	0	0	0	0	0	0	0	0	0	0	0	0	0	0	3.971e+04	0	0	0	0	0	0	0	0	0	0	0	0	0	0	0	1.902e+05	0	0	0	0	0	0	0	0	0	0	0	0	0	0	0	0	0	0	0	0	0	0	0	
12712	1760.328	3.45e+19	0	0	100000	1.95790514	1.199e-07	0.04116	0.002167	9.659e-09	0.4353	3.003e+04	253.7	0.0005791	0.2145	6.666e-10	0.0009569	0	0.00013	1.894e-15	2.365e-22	9.759e-26	1.301e-25	1.627e-25	1.797e-09	9.906e-10	1.056e-11	0.06002	9.734e-12	1.085e-26	0.3986	1.635e-07	3.703e-08	1.903e-08	0	0	0	0	0	0	0	0	0	0	0	0	0	0	0	0	0	0	0	0	0	0	0	3.979e+04	0	0	0	0	0	0	0	0	0	0	0	0	0	0	0	1.906e+05	0	0	0	0	0	0	0	0	0	0	0	0	0	0	0	0	0	0	0	0	0	0	0	
12740	1760.328	3.45e+19	0	0	100000	1.95794505	1.198e-07	0.04119	0.002173	9.738e-09	0.4364	3.011e+04	254.4	0.0005849	0.2154	6.708e-10	0.0009611	0	0.0001313	1.899e-15	2.397e-22	9.784e-26	1.305e-25	1.631e-25	1.805e-09	9.968e-10	1.065e-11	0.0602	9.796e-12	1.087e-26	0.3997	1.639e-07	3.712e-08	1.908e-08	0	0	0	0	0	0	0	0	0	0	0	0	0	0	0	0	0	0	0	0	0	0	0	3.988e+04	0	0	0	0	0	0	0	0	0	0	0	0	0	0	0	1.91e+05	0	0	0	0	0	0	0	0	0	0	0	0	0	0	0	0	0	0	0	0	0	0	0	
12768	1760.328	3.45e+19	0	0	100000	1.95798496	1.197e-07	0.04122	0.002178	9.817e-09	0.4375	3.019e+04	255	0.0005908	0.2164	6.75e-10	0.0009654	0	0.0001326	1.904e-15	2.431e-22	9.81e-26	1.308e-25	1.635e-25	1.813e-09	1.003e-09	1.074e-11	0.06037	9.858e-12	1.09e-26	0.4007	1.643e-07	3.722e-08	1.913e-08	0	0	0	0	0	0	0	0	0	0	0	0	0	0	0	0	0	0	0	0	0	0	0	3.997e+04	0	0	0	0	0	0	0	0	0	0	0	0	0	0	0	1.914e+05	0	0	0	0	0	0	0	0	0	0	0	0	0	0	0	0	0	0	0	0	0	0	0	
12796	1760.328	3.45e+19	0	0	100000	1.95802487	1.195e-07	0.04125	0.002184	9.898e-09	0.4387	3.027e+04	255.7	0.0005968	0.2173	6.793e-10	0.0009697	0	0.0001339	1.909e-15	2.464e-22	9.835e-26	1.311e-25	1.639e-25	1.821e-09	1.009e-09	1.082e-11	0.06055	9.92e-12	1.093e-26	0.4017	1.647e-07	3.731e-08	1.918e-08	0	0	0	0	0	0	0	0	0	0	0	0	0	0	0	0	0	0	0	0	0	0	0	4.006e+04	0	0	0	0	0	0	0	0	0	0	0	0	0	0	0	1.918e+05	0	0	0	0	0	0	0	0	0	0	0	0	0	0	0	0	0	0	0	0	0	0	0	
12824	1760.328	3.45e+19	0	0	100000	1.95806478	1.194e-07	0.04128	0.002189	9.979e-09	0.4398	3.034e+04	256.3	0.0006028	0.2183	6.835e-10	0.000974	0	0.0001353	1.914e-15	2.498e-22	9.86e-26	1.315e-25	1.643e-25	1.829e-09	1.016e-09	1.091e-11	0.06072	9.982e-12	1.096e-26	0.4028	1.652e-07	3.741e-08	1.922e-08	0	0	0	0	0	0	0	0	0	0	0	0	0	0	0	0	0	0	0	0	0	0	0	4.014e+04	0	0	0	0	0	0	0	0	0	0	0	0	0	0	0	1.923e+05	0	0	0	0	0	0	0	0	0	0	0	0	0	0	0	0	0	0	0	0	0	0	0	
12852	1760.328	3.45e+19	0	0	100000	1.95810469	1.192e-07	0.04131	0.002195	1.006e-08	0.4409	3.042e+04	257	0.0006088	0.2193	6.878e-10	0.0009783	0	0.0001366	1.919e-15	2.533e-22	9.885e-26	1.318e-25	1.648e-25	1.837e-09	1.022e-09	1.1e-11	0.0609	1.005e-11	1.099e-26	0.4038	1.656e-07	3.75e-08	1.927e-08	0	0	0	0	0	0	0	0	0	0	0	0	0	0	0	0	0	0	0	0	0	0	0	4.023e+04	0	0	0	0	0	0	0	0	0	0	0	0	0	0	0	1.927e+05	0	0	0	0	0	0	0	0	0	0	0	0	0	0	0	0	0	0	0	0	0	0	0	
12880	1760.328	3.45e+19	0	0	100000	1.9581446	1.191e-07	0.04134	0.002201	1.014e-08	0.442	3.05e+04	257.6	0.0006149	0.2202	6.922e-10	0.0009826	0	0.000138	1.923e-15	2.568e-22	9.91e-26	1.321e-25	1.652e-25	1.845e-09	1.029e-09	1.109e-11	0.06107	1.011e-11	1.101e-26	0.4048	1.66e-07	3.76e-08	1.932e-08	0	0	0	0	0	0	0	0	0	0	0	0	0	0	0	0	0	0	0	0	0	0	0	4.032e+04	0	0	0	0	0	0	0	0	0	0	0	0	0	0	0	1.931e+05	0	0	0	0	0	0	0	0	0	0	0	0	0	0	0	0	0	0	0	0	0	0	0	
12908	1760.328	3.45e+19	0	0	100000	1.95818451	1.19e-07	0.04136	0.002206	1.023e-08	0.4432	3.058e+04	258.3	0.0006211	0.2212	6.965e-10	0.000987	0	0.0001394	1.928e-15	2.603e-22	9.936e-26	1.325e-25	1.656e-25	1.854e-09	1.035e-09	1.118e-11	0.06125	1.017e-11	1.104e-26	0.4059	1.664e-07	3.77e-08	1.937e-08	0	0	0	0	0	0	0	0	0	0	0	0	0	0	0	0	0	0	0	0	0	0	0	4.041e+04	0	0	0	0	0	0	0	0	0	0	0	0	0	0	0	1.935e+05	0	0	0	0	0	0	0	0	0	0	0	0	0	0	0	0	0	0	0	0	0	0	0	
12936	1760.328	3.45e+19	0	0	100000	1.95822442	1.188e-07	0.04139	0.002212	1.031e-08	0.4443	3.065e+04	259	0.0006274	0.2222	7.009e-10	0.0009913	0	0.0001408	1.933e-15	2.639e-22	9.961e-26	1.328e-25	1.66e-25	1.862e-09	1.042e-09	1.127e-11	0.06142	1.024e-11	1.107e-26	0.4069	1.668e-07	3.779e-08	1.942e-08	0	0	0	0	0	0	0	0	0	0	0	0	0	0	0	0	0	0	0	0	0	0	0	4.049e+04	0	0	0	0	0	0	0	0	0	0	0	0	0	0	0	1.939e+05	0	0	0	0	0	0	0	0	0	0	0	0	0	0	0	0	0	0	0	0	0	0	0	
12964	1760.328	3.45e+19	0	0	100000	1.95826433	1.187e-07	0.04142	0.002217	1.039e-08	0.4454	3.073e+04	259.6	0.0006337	0.2232	7.053e-10	0.0009957	0	0.0001422	1.938e-15	2.676e-22	9.986e-26	1.331e-25	1.664e-25	1.87e-09	1.048e-09	1.137e-11	0.0616	1.03e-11	1.11e-26	0.4079	1.673e-07	3.789e-08	1.947e-08	0	0	0	0	0	0	0	0	0	0	0	0	0	0	0	0	0	0	0	0	0	0	0	4.058e+04	0	0	0	0	0	0	0	0	0	0	0	0	0	0	0	1.944e+05	0	0	0	0	0	0	0	0	0	0	0	0	0	0	0	0	0	0	0	0	0	0	0	
12992	1760.328	3.45e+19	0	0	100000	1.95830424	1.185e-07	0.04145	0.002223	1.048e-08	0.4465	3.081e+04	260.3	0.00064	0.2242	7.097e-10	0.001	0	0.0001436	1.943e-15	2.713e-22	1.001e-25	1.335e-25	1.669e-25	1.878e-09	1.055e-09	1.146e-11	0.06177	1.037e-11	1.113e-26	0.4089	1.677e-07	3.798e-08	1.952e-08	0	0	0	0	0	0	0	0	0	0	0	0	0	0	0	0	0	0	0	0	0	0	0	4.067e+04	0	0	0	0	0	0	0	0	0	0	0	0	0	0	0	1.948e+05	0	0	0	0	0	0	0	0	0	0	0	0	0	0	0	0	0	0	0	0	0	0	0	
13020	1760.328	3.45e+19	0	0	100000	1.95834415	1.184e-07	0.04147	0.002229	1.056e-08	0.4477	3.089e+04	260.9	0.0006465	0.2251	7.142e-10	0.001004	0	0.0001451	1.948e-15	2.75e-22	1.004e-25	1.338e-25	1.673e-25	1.886e-09	1.061e-09	1.155e-11	0.06195	1.043e-11	1.116e-26	0.41	1.681e-07	3.808e-08	1.957e-08	0	0	0	0	0	0	0	0	0	0	0	0	0	0	0	0	0	0	0	0	0	0	0	4.076e+04	0	0	0	0	0	0	0	0	0	0	0	0	0	0	0	1.952e+05	0	0	0	0	0	0	0	0	0	0	0	0	0	0	0	0	0	0	0	0	0	0	0	
13048	1760.328	3.45e+19	0	0	100000	1.95838406	1.182e-07	0.0415	0.002234	1.065e-08	0.4488	3.096e+04	261.6	0.000653	0.2261	7.187e-10	0.001009	0	0.0001465	1.953e-15	2.789e-22	1.006e-25	1.342e-25	1.677e-25	1.895e-09	1.068e-09	1.165e-11	0.06213	1.05e-11	1.118e-26	0.411	1.685e-07	3.817e-08	1.962e-08	0	0	0	0	0	0	0	0	0	0	0	0	0	0	0	0	0	0	0	0	0	0	0	4.085e+04	0	0	0	0	0	0	0	0	0	0	0	0	0	0	0	1.956e+05	0	0	0	0	0	0	0	0	0	0	0	0	0	0	0	0	0	0	0	0	0	0	0	
13076	1760.328	3.45e+19	0	0	100000	1.95842397	1.181e-07	0.04152	0.00224	1.074e-08	0.4499	3.104e+04	262.2	0.0006596	0.2271	7.232e-10	0.001013	0	0.000148	1.958e-15	2.827e-22	1.009e-25	1.345e-25	1.681e-25	1.903e-09	1.075e-09	1.174e-11	0.0623	1.056e-11	1.121e-26	0.412	1.69e-07	3.827e-08	1.967e-08	0	0	0	0	0	0	0	0	0	0	0	0	0	0	0	0	0	0	0	0	0	0	0	4.093e+04	0	0	0	0	0	0	0	0	0	0	0	0	0	0	0	1.96e+05	0	0	0	0	0	0	0	0	0	0	0	0	0	0	0	0	0	0	0	0	0	0	0	
13104	1760.328	3.45e+19	0	0	100000	1.95846388	1.179e-07	0.04155	0.002245	1.082e-08	0.451	3.112e+04	262.9	0.0006662	0.2281	7.277e-10	0.001018	0	0.0001495	1.963e-15	2.866e-22	1.011e-25	1.348e-25	1.685e-25	1.911e-09	1.082e-09	1.184e-11	0.06248	1.063e-11	1.124e-26	0.4131	1.694e-07	3.837e-08	1.972e-08	0	0	0	0	0	0	0	0	0	0	0	0	0	0	0	0	0	0	0	0	0	0	0	4.102e+04	0	0	0	0	0	0	0	0	0	0	0	0	0	0	0	1.964e+05	0	0	0	0	0	0	0	0	0	0	0	0	0	0	0	0	0	0	0	0	0	0	0	
13132	1760.328	3.45e+19	0	0	100000	1.95850379	1.178e-07	0.04158	0.002251	1.091e-08	0.4521	3.12e+04	263.5	0.0006729	0.2291	7.323e-10	0.001022	0	0.000151	1.968e-15	2.906e-22	1.014e-25	1.352e-25	1.69e-25	1.92e-09	1.088e-09	1.193e-11	0.06266	1.069e-11	1.127e-26	0.4141	1.698e-07	3.846e-08	1.977e-08	0	0	0	0	0	0	0	0	0	0	0	0	0	0	0	0	0	0	0	0	0	0	0	4.111e+04	0	0	0	0	0	0	0	0	0	0	0	0	0	0	0	1.969e+05	0	0	0	0	0	0	0	0	0	0	0	0	0	0	0	0	0	0	0	0	0	0	0	
13160	1760.328	3.45e+19	0	0	100000	1.9585437	1.176e-07	0.0416	0.002257	1.1e-08	0.4533	3.128e+04	264.2	0.0006797	0.2301	7.369e-10	0.001027	0	0.0001525	1.972e-15	2.946e-22	1.016e-25	1.355e-25	1.694e-25	1.928e-09	1.095e-09	1.203e-11	0.06283	1.076e-11	1.13e-26	0.4151	1.702e-07	3.856e-08	1.981e-08	0	0	0	0	0	0	0	0	0	0	0	0	0	0	0	0	0	0	0	0	0	0	0	4.12e+04	0	0	0	0	0	0	0	0	0	0	0	0	0	0	0	1.973e+05	0	0	0	0	0	0	0	0	0	0	0	0	0	0	0	0	0	0	0	0	0	0	0	
13188	1760.328	3.45e+19	0	0	100000	1.95858361	1.175e-07	0.04163	0.002262	1.109e-08	0.4544	3.135e+04	264.9	0.0006865	0.2311	7.415e-10	0.001031	0	0.0001541	1.977e-15	2.987e-22	1.019e-25	1.358e-25	1.698e-25	1.937e-09	1.102e-09	1.213e-11	0.06301	1.083e-11	1.132e-26	0.4162	1.706e-07	3.865e-08	1.986e-08	0	0	0	0	0	0	0	0	0	0	0	0	0	0	0	0	0	0	0	0	0	0	0	4.128e+04	0	0	0	0	0	0	0	0	0	0	0	0	0	0	0	1.977e+05	0	0	0	0	0	0	0	0	0	0	0	0	0	0	0	0	0	0	0	0	0	0	0	
13216	1760.328	3.45e+19	0	0	100000	1.95862352	1.173e-07	0.04165	0.002268	1.118e-08	0.4555	3.143e+04	265.5	0.0006934	0.2321	7.461e-10	0.001036	0	0.0001556	1.982e-15	3.029e-22	1.021e-25	1.362e-25	1.702e-25	1.945e-09	1.109e-09	1.223e-11	0.06319	1.09e-11	1.135e-26	0.4172	1.711e-07	3.875e-08	1.991e-08	0	0	0	0	0	0	0	0	0	0	0	0	0	0	0	0	0	0	0	0	0	0	0	4.137e+04	0	0	0	0	0	0	0	0	0	0	0	0	0	0	0	1.981e+05	0	0	0	0	0	0	0	0	0	0	0	0	0	0	0	0	0	0	0	0	0	0	0	
13244	1760.328	3.45e+19	0	0	100000	1.95866343	1.172e-07	0.04167	0.002273	1.127e-08	0.4566	3.151e+04	266.2	0.0007004	0.2332	7.508e-10	0.00104	0	0.0001572	1.987e-15	3.071e-22	1.024e-25	1.365e-25	1.706e-25	1.954e-09	1.116e-09	1.233e-11	0.06337	1.096e-11	1.138e-26	0.4182	1.715e-07	3.884e-08	1.996e-08	0	0	0	0	0	0	0	0	0	0	0	0	0	0	0	0	0	0	0	0	0	0	0	4.146e+04	0	0	0	0	0	0	0	0	0	0	0	0	0	0	0	1.985e+05	0	0	0	0	0	0	0	0	0	0	0	0	0	0	0	0	0	0	0	0	0	0	0	
13272	1760.328	3.45e+19	0	0	100000	1.95870334	1.17e-07	0.0417	0.002279	1.137e-08	0.4578	3.159e+04	266.8	0.0007074	0.2342	7.555e-10	0.001045	0	0.0001587	1.992e-15	3.113e-22	1.026e-25	1.368e-25	1.711e-25	1.962e-09	1.123e-09	1.243e-11	0.06354	1.103e-11	1.141e-26	0.4192	1.719e-07	3.894e-08	2.001e-08	0	0	0	0	0	0	0	0	0	0	0	0	0	0	0	0	0	0	0	0	0	0	0	4.155e+04	0	0	0	0	0	0	0	0	0	0	0	0	0	0	0	1.99e+05	0	0	0	0	0	0	0	0	0	0	0	0	0	0	0	0	0	0	0	0	0	0	0	
13300	1760.328	3.45e+19	0	0	100000	1.95874325	1.169e-07	0.04172	0.002285	1.146e-08	0.4589	3.166e+04	267.5	0.0007145	0.2352	7.602e-10	0.001049	0	0.0001603	1.997e-15	3.157e-22	1.029e-25	1.372e-25	1.715e-25	1.971e-09	1.13e-09	1.253e-11	0.06372	1.11e-11	1.144e-26	0.4203	1.723e-07	3.904e-08	2.006e-08	0	0	0	0	0	0	0	0	0	0	0	0	0	0	0	0	0	0	0	0	0	0	0	4.163e+04	0	0	0	0	0	0	0	0	0	0	0	0	0	0	0	1.994e+05	0	0	0	0	0	0	0	0	0	0	0	0	0	0	0	0	0	0	0	0	0	0	0	
13328	1760.328	3.45e+19	0	0	100000	1.95878316	1.167e-07	0.04175	0.00229	1.155e-08	0.46	3.174e+04	268.1	0.0007217	0.2362	7.65e-10	0.001054	0	0.000162	2.002e-15	3.2e-22	1.031e-25	1.375e-25	1.719e-25	1.979e-09	1.137e-09	1.263e-11	0.0639	1.117e-11	1.146e-26	0.4213	1.728e-07	3.913e-08	2.011e-08	0	0	0	0	0	0	0	0	0	0	0	0	0	0	0	0	0	0	0	0	0	0	0	4.172e+04	0	0	0	0	0	0	0	0	0	0	0	0	0	0	0	1.998e+05	0	0	0	0	0	0	0	0	0	0	0	0	0	0	0	0	0	0	0	0	0	0	0	
13356	1760.328	3.45e+19	0	0	100000	1.95882307	1.166e-07	0.04177	0.002296	1.165e-08	0.4611	3.182e+04	268.8	0.000729	0.2372	7.698e-10	0.001058	0	0.0001636	2.007e-15	3.245e-22	1.034e-25	1.379e-25	1.723e-25	1.988e-09	1.144e-09	1.273e-11	0.06408	1.124e-11	1.15e-26	0.4223	1.732e-07	3.923e-08	2.016e-08	0	0	0	0	0	0	0	0	0	0	0	0	0	0	0	0	0	0	0	0	0	0	0	4.181e+04	0	0	0	0	0	0	0	0	0	0	0	0	0	0	0	2.002e+05	0	0	0	0	0	0	0	0	0	0	0	0	0	0	0	0	0	0	0	0	0	0	0	
13384	1760.328	3.45e+19	0	0	100000	1.95886298	1.164e-07	0.04179	0.002301	1.174e-08	0.4623	3.19e+04	269.4	0.0007363	0.2383	7.746e-10	0.001063	0	0.0001652	2.012e-15	3.29e-22	1.036e-25	1.382e-25	1.727e-25	1.996e-09	1.151e-09	1.284e-11	0.06426	1.131e-11	1.16e-26	0.4234	1.736e-07	3.932e-08	2.021e-08	0	0	0	0	0	0	0	0	0	0	0	0	0	0	0	0	0	0	0	0	0	0	0	4.19e+04	0	0	0	0	0	0	0	0	0	0	0	0	0	0	0	2.006e+05	0	0	0	0	0	0	0	0	0	0	0	0	0	0	0	0	0	0	0	0	0	0	0	
13412	1760.328	3.45e+19	0	0	100000	1.95890289	1.162e-07	0.04181	0.002307	1.184e-08	0.4634	3.197e+04	270.1	0.0007437	0.2393	7.794e-10	0.001068	0	0.0001669	2.016e-15	3.336e-22	1.039e-25	1.385e-25	1.732e-25	2.005e-09	1.158e-09	1.294e-11	0.06443	1.138e-11	1.169e-26	0.4244	1.74e-07	3.942e-08	2.026e-08	0	0	0	0	0	0	0	0	0	0	0	0	0	0	0	0	0	0	0	0	0	0	0	4.198e+04	0	0	0	0	0	0	0	0	0	0	0	0	0	0	0	2.011e+05	0	0	0	0	0	0	0	0	0	0	0	0	0	0	0	0	0	0	0	0	0	0	0	
13440	1760.328	3.45e+19	0	0	100000	1.9589428	1.161e-07	0.04184	0.002313	1.193e-08	0.4645	3.205e+04	270.8	0.0007512	0.2403	7.843e-10	0.001072	0	0.0001686	2.021e-15	3.382e-22	1.041e-25	1.389e-25	1.736e-25	2.014e-09	1.166e-09	1.305e-11	0.06461	1.145e-11	1.179e-26	0.4254	1.744e-07	3.951e-08	2.031e-08	0	0	0	0	0	0	0	0	0	0	0	0	0	0	0	0	0	0	0	0	0	0	0	4.207e+04	0	0	0	0	0	0	0	0	0	0	0	0	0	0	0	2.015e+05	0	0	0	0	0	0	0	0	0	0	0	0	0	0	0	0	0	0	0	0	0	0	0	
13468	1760.328	3.45e+19	0	0	100000	1.95898271	1.159e-07	0.04186	0.002318	1.203e-08	0.4657	3.213e+04	271.4	0.0007588	0.2414	7.892e-10	0.001077	0	0.0001703	2.026e-15	3.429e-22	1.044e-25	1.392e-25	1.74e-25	2.022e-09	1.173e-09	1.315e-11	0.06479	1.152e-11	1.188e-26	0.4265	1.749e-07	3.961e-08	2.036e-08	0	0	0	0	0	0	0	0	0	0	0	0	0	0	0	0	0	0	0	0	0	0	0	4.216e+04	0	0	0	0	0	0	0	0	0	0	0	0	0	0	0	2.019e+05	0	0	0	0	0	0	0	0	0	0	0	0	0	0	0	0	0	0	0	0	0	0	0	
13496	1760.328	3.45e+19	0	0	100000	1.95902262	1.158e-07	0.04188	0.002324	1.213e-08	0.4668	3.221e+04	272.1	0.0007664	0.2424	7.941e-10	0.001082	0	0.000172	2.031e-15	3.477e-22	1.047e-25	1.395e-25	1.744e-25	2.031e-09	1.18e-09	1.326e-11	0.06497	1.16e-11	1.198e-26	0.4275	1.753e-07	3.971e-08	2.041e-08	0	0	0	0	0	0	0	0	0	0	0	0	0	0	0	0	0	0	0	0	0	0	0	4.225e+04	0	0	0	0	0	0	0	0	0	0	0	0	0	0	0	2.023e+05	0	0	0	0	0	0	0	0	0	0	0	0	0	0	0	0	0	0	0	0	0	0	0	
13524	1760.328	3.45e+19	0	0	100000	1.95906253	1.156e-07	0.0419	0.002329	1.223e-08	0.4679	3.228e+04	272.7	0.0007741	0.2435	7.99e-10	0.001086	0	0.0001737	2.036e-15	3.525e-22	1.049e-25	1.399e-25	1.748e-25	2.04e-09	1.187e-09	1.337e-11	0.06515	1.167e-11	1.208e-26	0.4285	1.757e-07	3.98e-08	2.045e-08	0	0	0	0	0	0	0	0	0	0	0	0	0	0	0	0	0	0	0	0	0	0	0	4.234e+04	0	0	0	0	0	0	0	0	0	0	0	0	0	0	0	2.027e+05	0	0	0	0	0	0	0	0	0	0	0	0	0	0	0	0	0	0	0	0	0	0	0	
13552	1760.328	3.45e+19	0	0	100000	1.95910244	1.154e-07	0.04192	0.002335	1.233e-08	0.469	3.236e+04	273.4	0.0007819	0.2445	8.04e-10	0.001091	0	0.0001755	2.041e-15	3.574e-22	1.052e-25	1.402e-25	1.753e-25	2.049e-09	1.195e-09	1.348e-11	0.06533	1.174e-11	1.218e-26	0.4296	1.761e-07	3.99e-08	2.05e-08	0	0	0	0	0	0	0	0	0	0	0	0	0	0	0	0	0	0	0	0	0	0	0	4.242e+04	0	0	0	0	0	0	0	0	0	0	0	0	0	0	0	2.032e+05	0	0	0	0	0	0	0	0	0	0	0	0	0	0	0	0	0	0	0	0	0	0	0	
13580	1760.328	3.45e+19	0	0	100000	1.95914235	1.153e-07	0.04194	0.002341	1.243e-08	0.4702	3.244e+04	274	0.0007898	0.2456	8.09e-10	0.001096	0	0.0001772	2.046e-15	3.624e-22	1.054e-25	1.405e-25	1.757e-25	2.058e-09	1.202e-09	1.359e-11	0.06551	1.181e-11	1.228e-26	0.4306	1.766e-07	3.999e-08	2.055e-08	0	0	0	0	0	0	0	0	0	0	0	0	0	0	0	0	0	0	0	0	0	0	0	4.251e+04	0	0	0	0	0	0	0	0	0	0	0	0	0	0	0	2.036e+05	0	0	0	0	0	0	0	0	0	0	0	0	0	0	0	0	0	0	0	0	0	0	0	
13608	1760.328	3.45e+19	0	0	100000	1.95918226	1.151e-07	0.04196	0.002346	1.253e-08	0.4713	3.252e+04	274.7	0.0007978	0.2466	8.141e-10	0.0011	0	0.000179	2.051e-15	3.675e-22	1.057e-25	1.409e-25	1.761e-25	2.067e-09	1.21e-09	1.37e-11	0.06569	1.189e-11	1.238e-26	0.4316	1.77e-07	4.009e-08	2.06e-08	0	0	0	0	0	0	0	0	0	0	0	0	0	0	0	0	0	0	0	0	0	0	0	4.26e+04	0	0	0	0	0	0	0	0	0	0	0	0	0	0	0	2.04e+05	0	0	0	0	0	0	0	0	0	0	0	0	0	0	0	0	0	0	0	0	0	0	0	
13636	1760.328	3.45e+19	0	0	100000	1.95922217	1.149e-07	0.04198	0.002352	1.263e-08	0.4724	3.26e+04	275.3	0.0008058	0.2477	8.191e-10	0.001105	0	0.0001808	2.056e-15	3.726e-22	1.059e-25	1.412e-25	1.765e-25	2.075e-09	1.217e-09	1.381e-11	0.06587	1.196e-11	1.248e-26	0.4326	1.774e-07	4.018e-08	2.065e-08	0	0	0	0	0	0	0	0	0	0	0	0	0	0	0	0	0	0	0	0	0	0	0	4.269e+04	0	0	0	0	0	0	0	0	0	0	0	0	0	0	0	2.044e+05	0	0	0	0	0	0	0	0	0	0	0	0	0	0	0	0	0	0	0	0	0	0	0	
13664	1760.328	3.45e+19	0	0	100000	1.95926208	1.148e-07	0.042	0.002357	1.273e-08	0.4735	3.267e+04	276	0.0008139	0.2488	8.242e-10	0.00111	0	0.0001826	2.061e-15	3.778e-22	1.062e-25	1.416e-25	1.769e-25	2.084e-09	1.225e-09	1.392e-11	0.06605	1.204e-11	1.258e-26	0.4337	1.778e-07	4.028e-08	2.07e-08	0	0	0	0	0	0	0	0	0	0	0	0	0	0	0	0	0	0	0	0	0	0	0	4.277e+04	0	0	0	0	0	0	0	0	0	0	0	0	0	0	0	2.048e+05	0	0	0	0	0	0	0	0	0	0	0	0	0	0	0	0	0	0	0	0	0	0	0	
13692	1760.328	3.45e+19	0	0	100000	1.95930199	1.146e-07	0.04202	0.002363	1.284e-08	0.4747	3.275e+04	276.7	0.0008221	0.2498	8.293e-10	0.001115	0	0.0001845	2.065e-15	3.83e-22	1.064e-25	1.419e-25	1.774e-25	2.093e-09	1.232e-09	1.404e-11	0.06623	1.211e-11	1.268e-26	0.4347	1.782e-07	4.038e-08	2.075e-08	0	0	0	0	0	0	0	0	0	0	0	0	0	0	0	0	0	0	0	0	0	0	0	4.286e+04	0	0	0	0	0	0	0	0	0	0	0	0	0	0	0	2.053e+05	0	0	0	0	0	0	0	0	0	0	0	0	0	0	0	0	0	0	0	0	0	0	0	
13720	1760.328	3.45e+19	0	0	100000	1.9593419	1.144e-07	0.04204	0.002369	1.294e-08	0.4758	3.283e+04	277.3	0.0008304	0.2509	8.345e-10	0.001119	0	0.0001863	2.07e-15	3.884e-22	1.067e-25	1.422e-25	1.778e-25	2.102e-09	1.24e-09	1.415e-11	0.06641	1.219e-11	1.278e-26	0.4357	1.787e-07	4.047e-08	2.08e-08	0	0	0	0	0	0	0	0	0	0	0	0	0	0	0	0	0	0	0	0	0	0	0	4.295e+04	0	0	0	0	0	0	0	0	0	0	0	0	0	0	0	2.057e+05	0	0	0	0	0	0	0	0	0	0	0	0	0	0	0	0	0	0	0	0	0	0	0	
13748	1760.328	3.45e+19	0	0	100000	1.95938181	1.143e-07	0.04206	0.002374	1.305e-08	0.4769	3.291e+04	278	0.0008388	0.252	8.397e-10	0.001124	0	0.0001882	2.075e-15	3.938e-22	1.069e-25	1.426e-25	1.782e-25	2.111e-09	1.248e-09	1.427e-11	0.0666	1.226e-11	1.289e-26	0.4368	1.791e-07	4.057e-08	2.085e-08	0	0	0	0	0	0	0	0	0	0	0	0	0	0	0	0	0	0	0	0	0	0	0	4.304e+04	0	0	0	0	0	0	0	0	0	0	0	0	0	0	0	2.061e+05	0	0	0	0	0	0	0	0	0	0	0	0	0	0	0	0	0	0	0	0	0	0	0	
13776	1760.328	3.45e+19	0	0	100000	1.95942172	1.141e-07	0.04208	0.00238	1.315e-08	0.478	3.298e+04	278.6	0.0008472	0.2531	8.449e-10	0.001129	0	0.0001901	2.08e-15	3.993e-22	1.072e-25	1.429e-25	1.786e-25	2.12e-09	1.256e-09	1.438e-11	0.06678	1.234e-11	1.299e-26	0.4378	1.795e-07	4.066e-08	2.09e-08	0	0	0	0	0	0	0	0	0	0	0	0	0	0	0	0	0	0	0	0	0	0	0	4.312e+04	0	0	0	0	0	0	0	0	0	0	0	0	0	0	0	2.065e+05	0	0	0	0	0	0	0	0	0	0	0	0	0	0	0	0	0	0	0	0	0	0	0	
13804	1760.328	3.45e+19	0	0	100000	1.95946163	1.139e-07	0.0421	0.002385	1.326e-08	0.4792	3.306e+04	279.3	0.0008558	0.2541	8.501e-10	0.001134	0	0.000192	2.085e-15	4.049e-22	1.074e-25	1.432e-25	1.79e-25	2.129e-09	1.263e-09	1.45e-11	0.06696	1.242e-11	1.31e-26	0.4388	1.799e-07	4.076e-08	2.095e-08	0	0	0	0	0	0	0	0	0	0	0	0	0	0	0	0	0	0	0	0	0	0	0	4.321e+04	0	0	0	0	0	0	0	0	0	0	0	0	0	0	0	2.069e+05	0	0	0	0	0	0	0	0	0	0	0	0	0	0	0	0	0	0	0	0	0	0	0	
13832	1760.328	3.45e+19	0	0	100000	1.95950154	1.138e-07	0.04211	0.002391	1.337e-08	0.4803	3.314e+04	279.9	0.0008644	0.2552	8.554e-10	0.001139	0	0.000194	2.09e-15	4.105e-22	1.077e-25	1.436e-25	1.795e-25	2.139e-09	1.271e-09	1.462e-11	0.06714	1.249e-11	1.321e-26	0.4399	1.804e-07	4.085e-08	2.1e-08	0	0	0	0	0	0	0	0	0	0	0	0	0	0	0	0	0	0	0	0	0	0	0	4.33e+04	0	0	0	0	0	0	0	0	0	0	0	0	0	0	0	2.074e+05	0	0	0	0	0	0	0	0	0	0	0	0	0	0	0	0	0	0	0	0	0	0	0	
13860	1760.328	3.45e+19	0	0	100000	1.95954145	1.136e-07	0.04213	0.002397	1.348e-08	0.4814	3.322e+04	280.6	0.0008731	0.2563	8.607e-10	0.001144	0	0.0001959	2.095e-15	4.163e-22	1.079e-25	1.439e-25	1.799e-25	2.148e-09	1.279e-09	1.474e-11	0.06732	1.257e-11	1.331e-26	0.4409	1.808e-07	4.095e-08	2.104e-08	0	0	0	0	0	0	0	0	0	0	0	0	0	0	0	0	0	0	0	0	0	0	0	4.339e+04	0	0	0	0	0	0	0	0	0	0	0	0	0	0	0	2.078e+05	0	0	0	0	0	0	0	0	0	0	0	0	0	0	0	0	0	0	0	0	0	0	0	
13888	1760.328	3.45e+19	0	0	100000	1.95958136	1.134e-07	0.04215	0.002402	1.359e-08	0.4825	3.329e+04	281.3	0.0008819	0.2574	8.661e-10	0.001148	0	0.0001979	2.1e-15	4.221e-22	1.082e-25	1.442e-25	1.803e-25	2.157e-09	1.287e-09	1.486e-11	0.0675	1.265e-11	1.342e-26	0.4419	1.812e-07	4.105e-08	2.109e-08	0	0	0	0	0	0	0	0	0	0	0	0	0	0	0	0	0	0	0	0	0	0	0	4.347e+04	0	0	0	0	0	0	0	0	0	0	0	0	0	0	0	2.082e+05	0	0	0	0	0	0	0	0	0	0	0	0	0	0	0	0	0	0	0	0	0	0	0	
13916	1760.328	3.45e+19	0	0	100000	1.95962127	1.133e-07	0.04216	0.002408	1.37e-08	0.4837	3.337e+04	281.9	0.0008908	0.2585	8.714e-10	0.001153	0	0.0001999	2.105e-15	4.28e-22	1.084e-25	1.446e-25	1.807e-25	2.166e-09	1.295e-09	1.498e-11	0.06769	1.273e-11	1.353e-26	0.443	1.816e-07	4.114e-08	2.114e-08	0	0	0	0	0	0	0	0	0	0	0	0	0	0	0	0	0	0	0	0	0	0	0	4.356e+04	0	0	0	0	0	0	0	0	0	0	0	0	0	0	0	2.086e+05	0	0	0	0	0	0	0	0	0	0	0	0	0	0	0	0	0	0	0	0	0	0	0	
13944	1760.328	3.45e+19	0	0	100000	1.95966118	1.131e-07	0.04218	0.002413	1.381e-08	0.4848	3.345e+04	282.6	0.0008998	0.2596	8.769e-10	0.001158	0	0.0002019	2.11e-15	4.34e-22	1.087e-25	1.449e-25	1.812e-25	2.175e-09	1.303e-09	1.51e-11	0.06787	1.281e-11	1.364e-26	0.444	1.821e-07	4.124e-08	2.119e-08	0	0	0	0	0	0	0	0	0	0	0	0	0	0	0	0	0	0	0	0	0	0	0	4.365e+04	0	0	0	0	0	0	0	0	0	0	0	0	0	0	0	2.09e+05	0	0	0	0	0	0	0	0	0	0	0	0	0	0	0	0	0	0	0	0	0	0	0	
13972	1760.328	3.45e+19	0	0	100000	1.95970109	1.129e-07	0.0422	0.002419	1.392e-08	0.4859	3.353e+04	283.2	0.0009089	0.2607	8.823e-10	0.001163	0	0.000204	2.114e-15	4.401e-22	1.089e-25	1.453e-25	1.816e-25	2.185e-09	1.311e-09	1.522e-11	0.06805	1.288e-11	1.375e-26	0.445	1.825e-07	4.133e-08	2.124e-08	0	0	0	0	0	0	0	0	0	0	0	0	0	0	0	0	0	0	0	0	0	0	0	4.374e+04	0	0	0	0	0	0	0	0	0	0	0	0	0	0	0	2.095e+05	0	0	0	0	0	0	0	0	0	0	0	0	0	0	0	0	0	0	0	0	0	0	0	
14000	1760.328	3.45e+19	0	0	100000	1.959741	1.127e-07	0.04221	0.002425	1.403e-08	0.487	3.361e+04	283.9	0.0009181	0.2618	8.878e-10	0.001168	0	0.000206	2.119e-15	4.462e-22	1.092e-25	1.456e-25	1.82e-25	2.194e-09	1.319e-09	1.535e-11	0.06824	1.296e-11	1.386e-26	0.4461	1.829e-07	4.143e-08	2.129e-08	0	0	0	0	0	0	0	0	0	0	0	0	0	0	0	0	0	0	0	0	0	0	0	4.383e+04	0	0	0	0	0	0	0	0	0	0	0	0	0	0	0	2.099e+05	0	0	0	0	0	0	0	0	0	0	0	0	0	0	0	0	0	0	0	0	0	0	0	
14028	1760.328	3.45e+19	0	0	100000	1.95978185	1.125e-07	0.04223	0.00243	1.415e-08	0.4882	3.368e+04	284.5	0.0009275	0.2629	8.933e-10	0.001173	0	0.0002081	2.124e-15	4.526e-22	1.094e-25	1.459e-25	1.824e-25	2.203e-09	1.328e-09	1.547e-11	0.06842	1.305e-11	1.398e-26	0.4471	1.833e-07	4.152e-08	2.134e-08	0	0	0	0	0	0	0	0	0	0	0	0	0	0	0	0	0	0	0	0	0	0	0	4.391e+04	0	0	0	0	0	0	0	0	0	0	0	0	0	0	0	2.103e+05	0	0	0	0	0	0	0	0	0	0	0	0	0	0	0	0	0	0	0	0	0	0	0	
14056	1760.328	3.45e+19	0	0	100000	1.9598227	1.124e-07	0.04224	0.002436	1.427e-08	0.4893	3.376e+04	285.2	0.000937	0.2641	8.99e-10	0.001178	0	0.0002103	2.129e-15	4.591e-22	1.097e-25	1.463e-25	1.828e-25	2.213e-09	1.336e-09	1.56e-11	0.0686	1.313e-11	1.409e-26	0.4481	1.837e-07	4.162e-08	2.139e-08	0	0	0	0	0	0	0	0	0	0	0	0	0	0	0	0	0	0	0	0	0	0	0	4.4e+04	0	0	0	0	0	0	0	0	0	0	0	0	0	0	0	2.107e+05	0	0	0	0	0	0	0	0	0	0	0	0	0	0	0	0	0	0	0	0	0	0	0	
14084	1760.328	3.45e+19	0	0	100000	1.95986355	1.122e-07	0.04226	0.002441	1.439e-08	0.4904	3.384e+04	285.8	0.0009467	0.2652	9.046e-10	0.001183	0	0.0002124	2.134e-15	4.656e-22	1.1e-25	1.466e-25	1.833e-25	2.222e-09	1.344e-09	1.573e-11	0.06879	1.321e-11	1.421e-26	0.4491	1.842e-07	4.172e-08	2.144e-08	0	0	0	0	0	0	0	0	0	0	0	0	0	0	0	0	0	0	0	0	0	0	0	4.409e+04	0	0	0	0	0	0	0	0	0	0	0	0	0	0	0	2.111e+05	0	0	0	0	0	0	0	0	0	0	0	0	0	0	0	0	0	0	0	0	0	0	0	
14112	1760.328	3.45e+19	0	0	100000	1.9599044	1.12e-07	0.04227	0.002447	1.451e-08	0.4915	3.392e+04	286.5	0.0009564	0.2663	9.103e-10	0.001188	0	0.0002146	2.139e-15	4.723e-22	1.102e-25	1.469e-25	1.837e-25	2.232e-09	1.353e-09	1.586e-11	0.06897	1.329e-11	1.433e-26	0.4502	1.846e-07	4.181e-08	2.149e-08	0	0	0	0	0	0	0	0	0	0	0	0	0	0	0	0	0	0	0	0	0	0	0	4.418e+04	0	0	0	0	0	0	0	0	0	0	0	0	0	0	0	2.116e+05	0	0	0	0	0	0	0	0	0	0	0	0	0	0	0	0	0	0	0	0	0	0	0	
14140	1760.328	3.45e+19	0	0	100000	1.95994525	1.118e-07	0.04228	0.002453	1.463e-08	0.4927	3.399e+04	287.2	0.0009662	0.2675	9.16e-10	0.001193	0	0.0002168	2.144e-15	4.791e-22	1.105e-25	1.473e-25	1.841e-25	2.241e-09	1.361e-09	1.599e-11	0.06916	1.338e-11	1.445e-26	0.4512	1.85e-07	4.191e-08	2.154e-08	0	0	0	0	0	0	0	0	0	0	0	0	0	0	0	0	0	0	0	0	0	0	0	4.426e+04	0	0	0	0	0	0	0	0	0	0	0	0	0	0	0	2.12e+05	0	0	0	0	0	0	0	0	0	0	0	0	0	0	0	0	0	0	0	0	0	0	0	
14168	1760.328	3.45e+19	0	0	100000	1.9599861	1.116e-07	0.04229	0.002458	1.475e-08	0.4938	3.407e+04	287.8	0.0009762	0.2686	9.218e-10	0.001198	0	0.0002191	2.149e-15	4.859e-22	1.107e-25	1.476e-25	1.845e-25	2.251e-09	1.37e-09	1.613e-11	0.06934	1.346e-11	1.457e-26	0.4522	1.854e-07	4.2e-08	2.159e-08	0	0	0	0	0	0	0	0	0	0	0	0	0	0	0	0	0	0	0	0	0	0	0	4.435e+04	0	0	0	0	0	0	0	0	0	0	0	0	0	0	0	2.124e+05	0	0	0	0	0	0	0	0	0	0	0	0	0	0	0	0	0	0	0	0	0	0	0	
14196	1760.328	3.45e+19	0	0	100000	1.96002695	1.114e-07	0.04231	0.002464	1.487e-08	0.4949	3.415e+04	288.5	0.0009862	0.2698	9.275e-10	0.001204	0	0.0002213	2.154e-15	4.929e-22	1.11e-25	1.48e-25	1.849e-25	2.261e-09	1.378e-09	1.626e-11	0.06953	1.355e-11	1.469e-26	0.4533	1.859e-07	4.21e-08	2.164e-08	0	0	0	0	0	0	0	0	0	0	0	0	0	0	0	0	0	0	0	0	0	0	0	4.444e+04	0	0	0	0	0	0	0	0	0	0	0	0	0	0	0	2.128e+05	0	0	0	0	0	0	0	0	0	0	0	0	0	0	0	0	0	0	0	0	0	0	0	
14224	1760.328	3.45e+19	0	0	100000	1.9600678	1.112e-07	0.04232	0.002469	1.499e-08	0.496	3.423e+04	289.1	0.0009964	0.2709	9.334e-10	0.001209	0	0.0002236	2.159e-15	4.999e-22	1.112e-25	1.483e-25	1.854e-25	2.27e-09	1.387e-09	1.639e-11	0.06971	1.363e-11	1.481e-26	0.4543	1.863e-07	4.22e-08	2.168e-08	0	0	0	0	0	0	0	0	0	0	0	0	0	0	0	0	0	0	0	0	0	0	0	4.453e+04	0	0	0	0	0	0	0	0	0	0	0	0	0	0	0	2.132e+05	0	0	0	0	0	0	0	0	0	0	0	0	0	0	0	0	0	0	0	0	0	0	0	
14252	1760.328	3.45e+19	0	0	100000	1.96010865	1.11e-07	0.04233	0.002475	1.512e-08	0.4972	3.43e+04	289.8	0.001007	0.2721	9.392e-10	0.001214	0	0.0002259	2.163e-15	5.071e-22	1.115e-25	1.486e-25	1.858e-25	2.28e-09	1.396e-09	1.653e-11	0.0699	1.372e-11	1.493e-26	0.4553	1.867e-07	4.229e-08	2.173e-08	0	0	0	0	0	0	0	0	0	0	0	0	0	0	0	0	0	0	0	0	0	0	0	4.461e+04	0	0	0	0	0	0	0	0	0	0	0	0	0	0	0	2.137e+05	0	0	0	0	0	0	0	0	0	0	0	0	0	0	0	0	0	0	0	0	0	0	0	
14280	1760.328	3.45e+19	0	0	100000	1.9601495	1.108e-07	0.04234	0.002481	1.524e-08	0.4983	3.438e+04	290.4	0.001017	0.2733	9.451e-10	0.001219	0	0.0002282	2.168e-15	5.144e-22	1.117e-25	1.49e-25	1.862e-25	2.29e-09	1.405e-09	1.667e-11	0.07009	1.38e-11	1.506e-26	0.4564	1.871e-07	4.239e-08	2.178e-08	0	0	0	0	0	0	0	0	0	0	0	0	0	0	0	0	0	0	0	0	0	0	0	4.47e+04	0	0	0	0	0	0	0	0	0	0	0	0	0	0	0	2.141e+05	0	0	0	0	0	0	0	0	0	0	0	0	0	0	0	0	0	0	0	0	0	0	0	
14308	1760.328	3.45e+19	0	0	100000	1.96019035	1.107e-07	0.04235	0.002486	1.537e-08	0.4994	3.446e+04	291.1	0.001027	0.2744	9.51e-10	0.001224	0	0.0002306	2.173e-15	5.217e-22	1.12e-25	1.493e-25	1.866e-25	2.299e-09	1.413e-09	1.68e-11	0.07027	1.389e-11	1.518e-26	0.4574	1.876e-07	4.248e-08	2.183e-08	0	0	0	0	0	0	0	0	0	0	0	0	0	0	0	0	0	0	0	0	0	0	0	4.479e+04	0	0	0	0	0	0	0	0	0	0	0	0	0	0	0	2.145e+05	0	0	0	0	0	0	0	0	0	0	0	0	0	0	0	0	0	0	0	0	0	0	0	
14336	1760.328	3.45e+19	0	0	100000	1.9602312	1.105e-07	0.04236	0.002492	1.549e-08	0.5006	3.454e+04	291.8	0.001038	0.2756	9.57e-10	0.00123	0	0.0002329	2.178e-15	5.292e-22	1.122e-25	1.496e-25	1.87e-25	2.309e-09	1.422e-09	1.694e-11	0.07046	1.398e-11	1.531e-26	0.4584	1.88e-07	4.258e-08	2.188e-08	0	0	0	0	0	0	0	0	0	0	0	0	0	0	0	0	0	0	0	0	0	0	0	4.488e+04	0	0	0	0	0	0	0	0	0	0	0	0	0	0	0	2.149e+05	0	0	0	0	0	0	0	0	0	0	0	0	0	0	0	0	0	0	0	0	0	0	0	
14364	1760.328	3.45e+19	0	0	100000	1.96027205	1.103e-07	0.04237	0.002497	1.562e-08	0.5017	3.462e+04	292.4	0.001049	0.2768	9.63e-10	0.001235	0	0.0002353	2.183e-15	5.368e-22	1.125e-25	1.5e-25	1.875e-25	2.319e-09	1.431e-09	1.708e-11	0.07064	1.406e-11	1.543e-26	0.4595	1.884e-07	4.267e-08	2.193e-08	0	0	0	0	0	0	0	0	0	0	0	0	0	0	0	0	0	0	0	0	0	0	0	4.496e+04	0	0	0	0	0	0	0	0	0	0	0	0	0	0	0	2.153e+05	0	0	0	0	0	0	0	0	0	0	0	0	0	0	0	0	0	0	0	0	0	0	0	
14392	1760.328	3.45e+19	0	0	100000	1.9603129	1.101e-07	0.04238	0.002503	1.575e-08	0.5028	3.469e+04	293.1	0.00106	0.2779	9.691e-10	0.00124	0	0.0002378	2.188e-15	5.445e-22	1.127e-25	1.503e-25	1.879e-25	2.329e-09	1.44e-09	1.723e-11	0.07083	1.415e-11	1.556e-26	0.4605	1.888e-07	4.277e-08	2.198e-08	0	0	0	0	0	0	0	0	0	0	0	0	0	0	0	0	0	0	0	0	0	0	0	4.505e+04	0	0	0	0	0	0	0	0	0	0	0	0	0	0	0	2.158e+05	0	0	0	0	0	0	0	0	0	0	0	0	0	0	0	0	0	0	0	0	0	0	0	
14420	1760.328	3.45e+19	0	0	100000	1.96035375	1.099e-07	0.04239	0.002509	1.588e-08	0.5039	3.477e+04	293.7	0.001071	0.2791	9.751e-10	0.001245	0	0.0002402	2.193e-15	5.524e-22	1.13e-25	1.506e-25	1.883e-25	2.339e-09	1.449e-09	1.737e-11	0.07102	1.424e-11	1.569e-26	0.4615	1.892e-07	4.287e-08	2.203e-08	0	0	0	0	0	0	0	0	0	0	0	0	0	0	0	0	0	0	0	0	0	0	0	4.514e+04	0	0	0	0	0	0	0	0	0	0	0	0	0	0	0	2.162e+05	0	0	0	0	0	0	0	0	0	0	0	0	0	0	0	0	0	0	0	0	0	0	0	
14448	1760.328	3.45e+19	0	0	100000	1.9603946	1.097e-07	0.0424	0.002514	1.601e-08	0.5051	3.485e+04	294.4	0.001082	0.2803	9.812e-10	0.001251	0	0.0002427	2.198e-15	5.603e-22	1.132e-25	1.51e-25	1.887e-25	2.349e-09	1.458e-09	1.751e-11	0.07121	1.433e-11	1.582e-26	0.4626	1.897e-07	4.296e-08	2.208e-08	0	0	0	0	0	0	0	0	0	0	0	0	0	0	0	0	0	0	0	0	0	0	0	4.523e+04	0	0	0	0	0	0	0	0	0	0	0	0	0	0	0	2.166e+05	0	0	0	0	0	0	0	0	0	0	0	0	0	0	0	0	0	0	0	0	0	0	0	
14476	1760.328	3.45e+19	0	0	100000	1.96043545	1.095e-07	0.04241	0.00252	1.615e-08	0.5062	3.493e+04	295	0.001093	0.2815	9.874e-10	0.001256	0	0.0002452	2.203e-15	5.684e-22	1.135e-25	1.513e-25	1.891e-25	2.359e-09	1.467e-09	1.766e-11	0.07139	1.442e-11	1.595e-26	0.4636	1.901e-07	4.306e-08	2.213e-08	0	0	0	0	0	0	0	0	0	0	0	0	0	0	0	0	0	0	0	0	0	0	0	4.532e+04	0	0	0	0	0	0	0	0	0	0	0	0	0	0	0	2.17e+05	0	0	0	0	0	0	0	0	0	0	0	0	0	0	0	0	0	0	0	0	0	0	0	
14504	1760.328	3.45e+19	0	0	100000	1.9604763	1.093e-07	0.04242	0.002526	1.628e-08	0.5073	3.5e+04	295.7	0.001104	0.2827	9.936e-10	0.001261	0	0.0002477	2.208e-15	5.766e-22	1.137e-25	1.517e-25	1.896e-25	2.369e-09	1.477e-09	1.78e-11	0.07158	1.451e-11	1.608e-26	0.4646	1.905e-07	4.315e-08	2.218e-08	0	0	0	0	0	0	0	0	0	0	0	0	0	0	0	0	0	0	0	0	0	0	0	4.54e+04	0	0	0	0	0	0	0	0	0	0	0	0	0	0	0	2.174e+05	0	0	0	0	0	0	0	0	0	0	0	0	0	0	0	0	0	0	0	0	0	0	0	
14532	1760.328	3.45e+19	0	0	100000	1.96051715	1.091e-07	0.04243	0.002531	1.642e-08	0.5084	3.508e+04	296.4	0.001115	0.2839	9.998e-10	0.001267	0	0.0002503	2.212e-15	5.849e-22	1.14e-25	1.52e-25	1.9e-25	2.379e-09	1.486e-09	1.795e-11	0.07177	1.46e-11	1.622e-26	0.4657	1.909e-07	4.325e-08	2.223e-08	0	0	0	0	0	0	0	0	0	0	0	0	0	0	0	0	0	0	0	0	0	0	0	4.549e+04	0	0	0	0	0	0	0	0	0	0	0	0	0	0	0	2.179e+05	0	0	0	0	0	0	0	0	0	0	0	0	0	0	0	0	0	0	0	0	0	0	0	
14560	1760.328	3.45e+19	0	0	100000	1.960558	1.089e-07	0.04244	0.002537	1.655e-08	0.5096	3.516e+04	297	0.001127	0.2851	1.006e-09	0.001272	0	0.0002529	2.217e-15	5.933e-22	1.142e-25	1.523e-25	1.904e-25	2.389e-09	1.495e-09	1.81e-11	0.07196	1.469e-11	1.635e-26	0.4667	1.914e-07	4.335e-08	2.228e-08	0	0	0	0	0	0	0	0	0	0	0	0	0	0	0	0	0	0	0	0	0	0	0	4.558e+04	0	0	0	0	0	0	0	0	0	0	0	0	0	0	0	2.183e+05	0	0	0	0	0	0	0	0	0	0	0	0	0	0	0	0	0	0	0	0	0	0	0	
14588	1760.328	3.45e+19	0	0	100000	1.96059885	1.087e-07	0.04245	0.002542	1.669e-08	0.5107	3.524e+04	297.7	0.001139	0.2863	1.012e-09	0.001277	0	0.0002555	2.222e-15	6.018e-22	1.145e-25	1.527e-25	1.908e-25	2.399e-09	1.504e-09	1.825e-11	0.07215	1.478e-11	1.649e-26	0.4677	1.918e-07	4.344e-08	2.233e-08	0	0	0	0	0	0	0	0	0	0	0	0	0	0	0	0	0	0	0	0	0	0	0	4.567e+04	0	0	0	0	0	0	0	0	0	0	0	0	0	0	0	2.187e+05	0	0	0	0	0	0	0	0	0	0	0	0	0	0	0	0	0	0	0	0	0	0	0	
14616	1760.328	3.45e+19	0	0	100000	1.9606397	1.085e-07	0.04245	0.002548	1.683e-08	0.5118	3.532e+04	298.3	0.00115	0.2875	1.019e-09	0.001283	0	0.0002581	2.227e-15	6.105e-22	1.148e-25	1.53e-25	1.913e-25	2.409e-09	1.514e-09	1.84e-11	0.07234	1.488e-11	1.662e-26	0.4687	1.922e-07	4.354e-08	2.237e-08	0	0	0	0	0	0	0	0	0	0	0	0	0	0	0	0	0	0	0	0	0	0	0	4.575e+04	0	0	0	0	0	0	0	0	0	0	0	0	0	0	0	2.191e+05	0	0	0	0	0	0	0	0	0	0	0	0	0	0	0	0	0	0	0	0	0	0	0	
14644	1760.328	3.45e+19	0	0	100000	1.96068055	1.083e-07	0.04246	0.002554	1.697e-08	0.5129	3.539e+04	299	0.001162	0.2887	1.025e-09	0.001288	0	0.0002608	2.232e-15	6.193e-22	1.15e-25	1.533e-25	1.917e-25	2.419e-09	1.523e-09	1.855e-11	0.07253	1.497e-11	1.676e-26	0.4698	1.926e-07	4.363e-08	2.242e-08	0	0	0	0	0	0	0	0	0	0	0	0	0	0	0	0	0	0	0	0	0	0	0	4.584e+04	0	0	0	0	0	0	0	0	0	0	0	0	0	0	0	2.195e+05	0	0	0	0	0	0	0	0	0	0	0	0	0	0	0	0	0	0	0	0	0	0	0	
14672	1760.328	3.45e+19	0	0	100000	1.9607214	1.081e-07	0.04247	0.002559	1.711e-08	0.5141	3.547e+04	299.6	0.001174	0.29	1.031e-09	0.001294	0	0.0002635	2.237e-15	6.283e-22	1.153e-25	1.537e-25	1.921e-25	2.429e-09	1.533e-09	1.871e-11	0.07271	1.506e-11	1.69e-26	0.4708	1.931e-07	4.373e-08	2.247e-08	0	0	0	0	0	0	0	0	0	0	0	0	0	0	0	0	0	0	0	0	0	0	0	4.593e+04	0	0	0	0	0	0	0	0	0	0	0	0	0	0	0	2.2e+05	0	0	0	0	0	0	0	0	0	0	0	0	0	0	0	0	0	0	0	0	0	0	0	
14700	1760.328	3.45e+19	0	0	100000	1.96076225	1.079e-07	0.04248	0.002565	1.725e-08	0.5152	3.555e+04	300.3	0.001186	0.2912	1.038e-09	0.001299	0	0.0002662	2.242e-15	6.373e-22	1.155e-25	1.54e-25	1.925e-25	2.44e-09	1.542e-09	1.886e-11	0.0729	1.516e-11	1.704e-26	0.4718	1.935e-07	4.382e-08	2.252e-08	0	0	0	0	0	0	0	0	0	0	0	0	0	0	0	0	0	0	0	0	0	0	0	4.602e+04	0	0	0	0	0	0	0	0	0	0	0	0	0	0	0	2.204e+05	0	0	0	0	0	0	0	0	0	0	0	0	0	0	0	0	0	0	0	0	0	0	0	
14728	1760.328	3.45e+19	0	0	100000	1.9608031	1.077e-07	0.04248	0.00257	1.739e-08	0.5163	3.563e+04	301	0.001199	0.2924	1.044e-09	0.001305	0	0.000269	2.247e-15	6.465e-22	1.158e-25	1.544e-25	1.929e-25	2.45e-09	1.552e-09	1.902e-11	0.07309	1.525e-11	1.718e-26	0.4729	1.939e-07	4.392e-08	2.257e-08	0	0	0	0	0	0	0	0	0	0	0	0	0	0	0	0	0	0	0	0	0	0	0	4.61e+04	0	0	0	0	0	0	0	0	0	0	0	0	0	0	0	2.208e+05	0	0	0	0	0	0	0	0	0	0	0	0	0	0	0	0	0	0	0	0	0	0	0	
14756	1760.328	3.45e+19	0	0	100000	1.96084395	1.075e-07	0.04249	0.002576	1.754e-08	0.5175	3.57e+04	301.6	0.001211	0.2936	1.051e-09	0.00131	0	0.0002718	2.252e-15	6.559e-22	1.16e-25	1.547e-25	1.934e-25	2.46e-09	1.562e-09	1.918e-11	0.07328	1.535e-11	1.733e-26	0.4739	1.943e-07	4.402e-08	2.262e-08	0	0	0	0	0	0	0	0	0	0	0	0	0	0	0	0	0	0	0	0	0	0	0	4.619e+04	0	0	0	0	0	0	0	0	0	0	0	0	0	0	0	2.212e+05	0	0	0	0	0	0	0	0	0	0	0	0	0	0	0	0	0	0	0	0	0	0	0	
14784	1760.328	3.45e+19	0	0	100000	1.9608848	1.073e-07	0.0425	0.002582	1.768e-08	0.5186	3.578e+04	302.3	0.001224	0.2949	1.058e-09	0.001316	0	0.0002746	2.257e-15	6.654e-22	1.163e-25	1.55e-25	1.938e-25	2.471e-09	1.572e-09	1.934e-11	0.07348	1.544e-11	1.747e-26	0.4749	1.947e-07	4.411e-08	2.267e-08	0	0	0	0	0	0	0	0	0	0	0	0	0	0	0	0	0	0	0	0	0	0	0	4.628e+04	0	0	0	0	0	0	0	0	0	0	0	0	0	0	0	2.216e+05	0	0	0	0	0	0	0	0	0	0	0	0	0	0	0	0	0	0	0	0	0	0	0	
14812	1760.328	3.45e+19	0	0	100000	1.96092565	1.071e-07	0.0425	0.002587	1.783e-08	0.5197	3.586e+04	302.9	0.001236	0.2961	1.064e-09	0.001321	0	0.0002774	2.261e-15	6.75e-22	1.165e-25	1.554e-25	1.942e-25	2.481e-09	1.581e-09	1.95e-11	0.07367	1.554e-11	1.761e-26	0.476	1.952e-07	4.421e-08	2.272e-08	0	0	0	0	0	0	0	0	0	0	0	0	0	0	0	0	0	0	0	0	0	0	0	4.637e+04	0	0	0	0	0	0	0	0	0	0	0	0	0	0	0	2.221e+05	0	0	0	0	0	0	0	0	0	0	0	0	0	0	0	0	0	0	0	0	0	0	0	
14840	1760.328	3.45e+19	0	0	100000	1.9609665	1.069e-07	0.04251	0.002593	1.798e-08	0.5208	3.594e+04	303.6	0.001249	0.2974	1.071e-09	0.001327	0	0.0002803	2.266e-15	6.848e-22	1.168e-25	1.557e-25	1.946e-25	2.492e-09	1.591e-09	1.966e-11	0.07386	1.564e-11	1.776e-26	0.477	1.956e-07	4.43e-08	2.277e-08	0	0	0	0	0	0	0	0	0	0	0	0	0	0	0	0	0	0	0	0	0	0	0	4.646e+04	0	0	0	0	0	0	0	0	0	0	0	0	0	0	0	2.225e+05	0	0	0	0	0	0	0	0	0	0	0	0	0	0	0	0	0	0	0	0	0	0	0	
14868	1760.328	3.45e+19	0	0	100000	1.96100735	1.067e-07	0.04251	0.002598	1.813e-08	0.522	3.602e+04	304.2	0.001262	0.2986	1.078e-09	0.001332	0	0.0002832	2.271e-15	6.947e-22	1.17e-25	1.56e-25	1.95e-25	2.502e-09	1.601e-09	1.982e-11	0.07405	1.574e-11	1.791e-26	0.478	1.96e-07	4.44e-08	2.282e-08	0	0	0	0	0	0	0	0	0	0	0	0	0	0	0	0	0	0	0	0	0	0	0	4.654e+04	0	0	0	0	0	0	0	0	0	0	0	0	0	0	0	2.229e+05	0	0	0	0	0	0	0	0	0	0	0	0	0	0	0	0	0	0	0	0	0	0	0	
14896	1760.328	3.45e+19	0	0	100000	1.9610482	1.065e-07	0.04252	0.002604	1.828e-08	0.5231	3.609e+04	304.9	0.001275	0.2999	1.084e-09	0.001338	0	0.0002861	2.276e-15	7.047e-22	1.173e-25	1.564e-25	1.955e-25	2.513e-09	1.611e-09	1.999e-11	0.07424	1.583e-11	1.806e-26	0.4791	1.964e-07	4.45e-08	2.287e-08	0	0	0	0	0	0	0	0	0	0	0	0	0	0	0	0	0	0	0	0	0	0	0	4.663e+04	0	0	0	0	0	0	0	0	0	0	0	0	0	0	0	2.233e+05	0	0	0	0	0	0	0	0	0	0	0	0	0	0	0	0	0	0	0	0	0	0	0	
14924	1760.328	3.45e+19	0	0	100000	1.96108905	1.063e-07	0.04252	0.00261	1.843e-08	0.5242	3.617e+04	305.6	0.001288	0.3011	1.091e-09	0.001343	0	0.0002891	2.281e-15	7.15e-22	1.175e-25	1.567e-25	1.959e-25	2.523e-09	1.621e-09	2.015e-11	0.07443	1.593e-11	1.821e-26	0.4801	1.969e-07	4.459e-08	2.292e-08	0	0	0	0	0	0	0	0	0	0	0	0	0	0	0	0	0	0	0	0	0	0	0	4.672e+04	0	0	0	0	0	0	0	0	0	0	0	0	0	0	0	2.237e+05	0	0	0	0	0	0	0	0	0	0	0	0	0	0	0	0	0	0	0	0	0	0	0	
14952	1760.328	3.45e+19	0	0	100000	1.9611299	1.061e-07	0.04253	0.002615	1.858e-08	0.5253	3.625e+04	306.2	0.001302	0.3024	1.098e-09	0.001349	0	0.0002921	2.286e-15	7.253e-22	1.178e-25	1.57e-25	1.963e-25	2.534e-09	1.632e-09	2.032e-11	0.07462	1.603e-11	1.836e-26	0.4811	1.973e-07	4.469e-08	2.297e-08	0	0	0	0	0	0	0	0	0	0	0	0	0	0	0	0	0	0	0	0	0	0	0	4.681e+04	0	0	0	0	0	0	0	0	0	0	0	0	0	0	0	2.242e+05	0	0	0	0	0	0	0	0	0	0	0	0	0	0	0	0	0	0	0	0	0	0	0	
14980	1760.328	3.45e+19	0	0	100000	1.96117075	1.059e-07	0.04253	0.002621	1.874e-08	0.5265	3.633e+04	306.9	0.001315	0.3037	1.105e-09	0.001355	0	0.0002951	2.291e-15	7.359e-22	1.18e-25	1.574e-25	1.967e-25	2.544e-09	1.642e-09	2.049e-11	0.07482	1.613e-11	1.851e-26	0.4822	1.977e-07	4.478e-08	2.301e-08	0	0	0	0	0	0	0	0	0	0	0	0	0	0	0	0	0	0	0	0	0	0	0	4.689e+04	0	0	0	0	0	0	0	0	0	0	0	0	0	0	0	2.246e+05	0	0	0	0	0	0	0	0	0	0	0	0	0	0	0	0	0	0	0	0	0	0	0	
15008	1760.328	3.45e+19	0	0	100000	1.9612116	1.056e-07	0.04253	0.002627	1.889e-08	0.5276	3.64e+04	307.5	0.001329	0.3049	1.112e-09	0.00136	0	0.0002982	2.296e-15	7.465e-22	1.183e-25	1.577e-25	1.972e-25	2.555e-09	1.652e-09	2.066e-11	0.07501	1.623e-11	1.866e-26	0.4832	1.981e-07	4.488e-08	2.306e-08	0	0	0	0	0	0	0	0	0	0	0	0	0	0	0	0	0	0	0	0	0	0	0	4.698e+04	0	0	0	0	0	0	0	0	0	0	0	0	0	0	0	2.25e+05	0	0	0	0	0	0	0	0	0	0	0	0	0	0	0	0	0	0	0	0	0	0	0	
15036	1760.328	3.45e+19	0	0	100000	1.96125245	1.054e-07	0.04254	0.002632	1.905e-08	0.5287	3.648e+04	308.2	0.001343	0.3062	1.119e-09	0.001366	0	0.0003013	2.301e-15	7.574e-22	1.185e-25	1.581e-25	1.976e-25	2.566e-09	1.662e-09	2.083e-11	0.0752	1.634e-11	1.882e-26	0.4842	1.986e-07	4.498e-08	2.311e-08	0	0	0	0	0	0	0	0	0	0	0	0	0	0	0	0	0	0	0	0	0	0	0	4.707e+04	0	0	0	0	0	0	0	0	0	0	0	0	0	0	0	2.254e+05	0	0	0	0	0	0	0	0	0	0	0	0	0	0	0	0	0	0	0	0	0	0	0	
15064	1760.328	3.45e+19	0	0	100000	1.9612933	1.052e-07	0.04254	0.002638	1.921e-08	0.5299	3.656e+04	308.8	0.001357	0.3075	1.126e-09	0.001372	0	0.0003044	2.306e-15	7.684e-22	1.188e-25	1.584e-25	1.98e-25	2.577e-09	1.673e-09	2.101e-11	0.07539	1.644e-11	1.898e-26	0.4853	1.99e-07	4.507e-08	2.316e-08	0	0	0	0	0	0	0	0	0	0	0	0	0	0	0	0	0	0	0	0	0	0	0	4.716e+04	0	0	0	0	0	0	0	0	0	0	0	0	0	0	0	2.258e+05	0	0	0	0	0	0	0	0	0	0	0	0	0	0	0	0	0	0	0	0	0	0	0	
15092	1760.328	3.45e+19	0	0	100000	1.96133415	1.05e-07	0.04254	0.002643	1.937e-08	0.531	3.664e+04	309.5	0.001371	0.3088	1.133e-09	0.001378	0	0.0003076	2.311e-15	7.796e-22	1.19e-25	1.587e-25	1.984e-25	2.587e-09	1.683e-09	2.118e-11	0.07559	1.654e-11	1.913e-26	0.4863	1.994e-07	4.517e-08	2.321e-08	0	0	0	0	0	0	0	0	0	0	0	0	0	0	0	0	0	0	0	0	0	0	0	4.724e+04	0	0	0	0	0	0	0	0	0	0	0	0	0	0	0	2.263e+05	0	0	0	0	0	0	0	0	0	0	0	0	0	0	0	0	0	0	0	0	0	0	0	
15120	1760.328	3.45e+19	0	0	100000	1.961375	1.048e-07	0.04255	0.002649	1.953e-08	0.5321	3.672e+04	310.2	0.001385	0.3101	1.14e-09	0.001383	0	0.0003108	2.315e-15	7.909e-22	1.193e-25	1.591e-25	1.988e-25	2.598e-09	1.694e-09	2.136e-11	0.07578	1.664e-11	1.929e-26	0.4873	1.998e-07	4.526e-08	2.326e-08	0	0	0	0	0	0	0	0	0	0	0	0	0	0	0	0	0	0	0	0	0	0	0	4.733e+04	0	0	0	0	0	0	0	0	0	0	0	0	0	0	0	2.267e+05	0	0	0	0	0	0	0	0	0	0	0	0	0	0	0	0	0	0	0	0	0	0	0	
15148	1760.328	3.45e+19	0	0	100000	1.96141585	1.046e-07	0.04255	0.002655	1.969e-08	0.5332	3.679e+04	310.8	0.001399	0.3114	1.147e-09	0.001389	0	0.000314	2.32e-15	8.024e-22	1.196e-25	1.594e-25	1.993e-25	2.609e-09	1.704e-09	2.153e-11	0.07598	1.675e-11	1.945e-26	0.4884	2.002e-07	4.536e-08	2.331e-08	0	0	0	0	0	0	0	0	0	0	0	0	0	0	0	0	0	0	0	0	0	0	0	4.742e+04	0	0	0	0	0	0	0	0	0	0	0	0	0	0	0	2.271e+05	0	0	0	0	0	0	0	0	0	0	0	0	0	0	0	0	0	0	0	0	0	0	0	
15176	1760.328	3.45e+19	0	0	100000	1.9614567	1.044e-07	0.04255	0.00266	1.986e-08	0.5344	3.687e+04	311.5	0.001414	0.3127	1.154e-09	0.001395	0	0.0003173	2.325e-15	8.141e-22	1.198e-25	1.597e-25	1.997e-25	2.62e-09	1.715e-09	2.171e-11	0.07617	1.685e-11	1.962e-26	0.4894	2.007e-07	4.545e-08	2.336e-08	0	0	0	0	0	0	0	0	0	0	0	0	0	0	0	0	0	0	0	0	0	0	0	4.751e+04	0	0	0	0	0	0	0	0	0	0	0	0	0	0	0	2.275e+05	0	0	0	0	0	0	0	0	0	0	0	0	0	0	0	0	0	0	0	0	0	0	0	
15204	1760.328	3.45e+19	0	0	100000	1.96149755	1.042e-07	0.04255	0.002666	2.002e-08	0.5355	3.695e+04	312.1	0.001428	0.314	1.161e-09	0.001401	0	0.0003206	2.33e-15	8.26e-22	1.201e-25	1.601e-25	2.001e-25	2.631e-09	1.726e-09	2.189e-11	0.07636	1.696e-11	1.978e-26	0.4904	2.011e-07	4.555e-08	2.341e-08	0	0	0	0	0	0	0	0	0	0	0	0	0	0	0	0	0	0	0	0	0	0	0	4.759e+04	0	0	0	0	0	0	0	0	0	0	0	0	0	0	0	2.279e+05	0	0	0	0	0	0	0	0	0	0	0	0	0	0	0	0	0	0	0	0	0	0	0	
15232	1760.328	3.45e+19	0	0	100000	1.9615384	1.04e-07	0.04256	0.002671	2.019e-08	0.5366	3.703e+04	312.8	0.001443	0.3153	1.168e-09	0.001407	0	0.0003239	2.335e-15	8.38e-22	1.203e-25	1.604e-25	2.005e-25	2.642e-09	1.736e-09	2.208e-11	0.07656	1.706e-11	1.994e-26	0.4915	2.015e-07	4.565e-08	2.346e-08	0	0	0	0	0	0	0	0	0	0	0	0	0	0	0	0	0	0	0	0	0	0	0	4.768e+04	0	0	0	0	0	0	0	0	0	0	0	0	0	0	0	2.284e+05	0	0	0	0	0	0	0	0	0	0	0	0	0	0	0	0	0	0	0	0	0	0	0	
15260	1760.328	3.45e+19	0	0	100000	1.96157925	1.038e-07	0.04256	0.002677	2.036e-08	0.5377	3.71e+04	313.4	0.001458	0.3166	1.176e-09	0.001413	0	0.0003273	2.34e-15	8.502e-22	1.206e-25	1.608e-25	2.009e-25	2.653e-09	1.747e-09	2.226e-11	0.07675	1.717e-11	2.011e-26	0.4925	2.019e-07	4.574e-08	2.351e-08	0	0	0	0	0	0	0	0	0	0	0	0	0	0	0	0	0	0	0	0	0	0	0	4.777e+04	0	0	0	0	0	0	0	0	0	0	0	0	0	0	0	2.288e+05	0	0	0	0	0	0	0	0	0	0	0	0	0	0	0	0	0	0	0	0	0	0	0	
15288	1760.328	3.45e+19	0	0	100000	1.9616201	1.036e-07	0.04256	0.002683	2.053e-08	0.5389	3.718e+04	314.1	0.001474	0.3179	1.183e-09	0.001418	0	0.0003307	2.345e-15	8.627e-22	1.208e-25	1.611e-25	2.014e-25	2.664e-09	1.758e-09	2.245e-11	0.07695	1.728e-11	2.028e-26	0.4935	2.024e-07	4.584e-08	2.356e-08	0	0	0	0	0	0	0	0	0	0	0	0	0	0	0	0	0	0	0	0	0	0	0	4.786e+04	0	0	0	0	0	0	0	0	0	0	0	0	0	0	0	2.292e+05	0	0	0	0	0	0	0	0	0	0	0	0	0	0	0	0	0	0	0	0	0	0	0	
15316	1760.328	3.45e+19	0	0	100000	1.96166095	1.033e-07	0.04256	0.002688	2.07e-08	0.54	3.726e+04	314.8	0.001489	0.3193	1.19e-09	0.001424	0	0.0003341	2.35e-15	8.752e-22	1.211e-25	1.614e-25	2.018e-25	2.675e-09	1.769e-09	2.263e-11	0.07714	1.738e-11	2.045e-26	0.4946	2.028e-07	4.593e-08	2.361e-08	0	0	0	0	0	0	0	0	0	0	0	0	0	0	0	0	0	0	0	0	0	0	0	4.795e+04	0	0	0	0	0	0	0	0	0	0	0	0	0	0	0	2.296e+05	0	0	0	0	0	0	0	0	0	0	0	0	0	0	0	0	0	0	0	0	0	0	0	
15344	1760.328	3.45e+19	0	0	100000	1.9617018	1.031e-07	0.04256	0.002694	2.087e-08	0.5411	3.734e+04	315.4	0.001504	0.3206	1.198e-09	0.00143	0	0.0003376	2.355e-15	8.88e-22	1.213e-25	1.618e-25	2.022e-25	2.686e-09	1.78e-09	2.282e-11	0.07734	1.749e-11	2.062e-26	0.4956	2.032e-07	4.603e-08	2.366e-08	0	0	0	0	0	0	0	0	0	0	0	0	0	0	0	0	0	0	0	0	0	0	0	4.803e+04	0	0	0	0	0	0	0	0	0	0	0	0	0	0	0	2.3e+05	0	0	0	0	0	0	0	0	0	0	0	0	0	0	0	0	0	0	0	0	0	0	0	
15372	1760.328	3.45e+19	0	0	100000	1.96174265	1.029e-07	0.04256	0.002699	2.104e-08	0.5423	3.742e+04	316.1	0.00152	0.3219	1.205e-09	0.001436	0	0.0003411	2.36e-15	9.01e-22	1.216e-25	1.621e-25	2.026e-25	2.697e-09	1.791e-09	2.301e-11	0.07754	1.76e-11	2.079e-26	0.4966	2.036e-07	4.613e-08	2.37e-08	0	0	0	0	0	0	0	0	0	0	0	0	0	0	0	0	0	0	0	0	0	0	0	4.812e+04	0	0	0	0	0	0	0	0	0	0	0	0	0	0	0	2.305e+05	0	0	0	0	0	0	0	0	0	0	0	0	0	0	0	0	0	0	0	0	0	0	0	
15400	1760.328	3.45e+19	0	0	100000	1.9617835	1.027e-07	0.04256	0.002705	2.122e-08	0.5434	3.749e+04	316.7	0.001536	0.3233	1.213e-09	0.001442	0	0.0003447	2.365e-15	9.142e-22	1.218e-25	1.624e-25	2.03e-25	2.709e-09	1.802e-09	2.32e-11	0.07773	1.771e-11	2.096e-26	0.4977	2.041e-07	4.622e-08	2.375e-08	0	0	0	0	0	0	0	0	0	0	0	0	0	0	0	0	0	0	0	0	0	0	0	4.821e+04	0	0	0	0	0	0	0	0	0	0	0	0	0	0	0	2.309e+05	0	0	0	0	0	0	0	0	0	0	0	0	0	0	0	0	0	0	0	0	0	0	0	
15428	1760.328	3.45e+19	0	0	100000	1.96182435	1.025e-07	0.04256	0.002711	2.14e-08	0.5445	3.757e+04	317.4	0.001552	0.3246	1.22e-09	0.001448	0	0.0003483	2.369e-15	9.276e-22	1.221e-25	1.628e-25	2.035e-25	2.72e-09	1.814e-09	2.34e-11	0.07793	1.782e-11	2.114e-26	0.4987	2.045e-07	4.632e-08	2.38e-08	0	0	0	0	0	0	0	0	0	0	0	0	0	0	0	0	0	0	0	0	0	0	0	4.83e+04	0	0	0	0	0	0	0	0	0	0	0	0	0	0	0	2.313e+05	0	0	0	0	0	0	0	0	0	0	0	0	0	0	0	0	0	0	0	0	0	0	0	
15456	1760.328	3.45e+19	0	0	100000	1.9618652	1.023e-07	0.04256	0.002716	2.157e-08	0.5456	3.765e+04	318	0.001568	0.326	1.228e-09	0.001454	0	0.0003519	2.374e-15	9.412e-22	1.223e-25	1.631e-25	2.039e-25	2.731e-09	1.825e-09	2.359e-11	0.07813	1.793e-11	2.131e-26	0.4997	2.049e-07	4.641e-08	2.385e-08	0	0	0	0	0	0	0	0	0	0	0	0	0	0	0	0	0	0	0	0	0	0	0	4.838e+04	0	0	0	0	0	0	0	0	0	0	0	0	0	0	0	2.317e+05	0	0	0	0	0	0	0	0	0	0	0	0	0	0	0	0	0	0	0	0	0	0	0	
15484	1760.328	3.45e+19	0	0	100000	1.96190605	1.021e-07	0.04256	0.002722	2.175e-08	0.5468	3.773e+04	318.7	0.001585	0.3273	1.236e-09	0.00146	0	0.0003556	2.379e-15	9.55e-22	1.226e-25	1.635e-25	2.043e-25	2.742e-09	1.836e-09	2.379e-11	0.07832	1.805e-11	2.149e-26	0.5008	2.053e-07	4.651e-08	2.39e-08	0	0	0	0	0	0	0	0	0	0	0	0	0	0	0	0	0	0	0	0	0	0	0	4.847e+04	0	0	0	0	0	0	0	0	0	0	0	0	0	0	0	2.321e+05	0	0	0	0	0	0	0	0	0	0	0	0	0	0	0	0	0	0	0	0	0	0	0	
15512	1760.328	3.45e+19	0	0	100000	1.9619469	1.019e-07	0.04256	0.002728	2.194e-08	0.5479	3.78e+04	319.4	0.001601	0.3287	1.243e-09	0.001466	0	0.0003593	2.384e-15	9.69e-22	1.228e-25	1.638e-25	2.047e-25	2.754e-09	1.848e-09	2.399e-11	0.07852	1.816e-11	2.167e-26	0.5018	2.058e-07	4.661e-08	2.395e-08	0	0	0	0	0	0	0	0	0	0	0	0	0	0	0	0	0	0	0	0	0	0	0	4.856e+04	0	0	0	0	0	0	0	0	0	0	0	0	0	0	0	2.325e+05	0	0	0	0	0	0	0	0	0	0	0	0	0	0	0	0	0	0	0	0	0	0	0	
15540	1760.328	3.45e+19	0	0	100000	1.96198775	1.016e-07	0.04256	0.002733	2.212e-08	0.549	3.788e+04	320	0.001618	0.33	1.251e-09	0.001472	0	0.000363	2.389e-15	9.832e-22	1.231e-25	1.641e-25	2.052e-25	2.765e-09	1.859e-09	2.419e-11	0.07872	1.827e-11	2.185e-26	0.5028	2.062e-07	4.67e-08	2.4e-08	0	0	0	0	0	0	0	0	0	0	0	0	0	0	0	0	0	0	0	0	0	0	0	4.865e+04	0	0	0	0	0	0	0	0	0	0	0	0	0	0	0	2.33e+05	0	0	0	0	0	0	0	0	0	0	0	0	0	0	0	0	0	0	0	0	0	0	0	
15568	1760.328	3.45e+19	0	0	100000	1.9620286	1.014e-07	0.04256	0.002739	2.23e-08	0.5502	3.796e+04	320.7	0.001635	0.3314	1.259e-09	0.001478	0	0.0003668	2.394e-15	9.976e-22	1.233e-25	1.645e-25	2.056e-25	2.777e-09	1.871e-09	2.439e-11	0.07892	1.839e-11	2.203e-26	0.5039	2.066e-07	4.68e-08	2.405e-08	0	0	0	0	0	0	0	0	0	0	0	0	0	0	0	0	0	0	0	0	0	0	0	4.873e+04	0	0	0	0	0	0	0	0	0	0	0	0	0	0	0	2.334e+05	0	0	0	0	0	0	0	0	0	0	0	0	0	0	0	0	0	0	0	0	0	0	0	
15596	1760.328	3.45e+19	0	0	100000	1.96206945	1.012e-07	0.04255	0.002744	2.249e-08	0.5513	3.804e+04	321.3	0.001652	0.3328	1.267e-09	0.001485	0	0.0003707	2.399e-15	1.012e-21	1.236e-25	1.648e-25	2.06e-25	2.788e-09	1.883e-09	2.459e-11	0.07912	1.85e-11	2.222e-26	0.5049	2.07e-07	4.689e-08	2.41e-08	0	0	0	0	0	0	0	0	0	0	0	0	0	0	0	0	0	0	0	0	0	0	0	4.882e+04	0	0	0	0	0	0	0	0	0	0	0	0	0	0	0	2.338e+05	0	0	0	0	0	0	0	0	0	0	0	0	0	0	0	0	0	0	0	0	0	0	0	
15624	1760.328	3.45e+19	0	0	100000	1.9621103	1.01e-07	0.04255	0.00275	2.268e-08	0.5524	3.812e+04	322	0.001669	0.3341	1.275e-09	0.001491	0	0.0003745	2.404e-15	1.027e-21	1.239e-25	1.651e-25	2.064e-25	2.8e-09	1.895e-09	2.48e-11	0.07932	1.862e-11	2.24e-26	0.5059	2.074e-07	4.699e-08	2.415e-08	0	0	0	0	0	0	0	0	0	0	0	0	0	0	0	0	0	0	0	0	0	0	0	4.891e+04	0	0	0	0	0	0	0	0	0	0	0	0	0	0	0	2.342e+05	0	0	0	0	0	0	0	0	0	0	0	0	0	0	0	0	0	0	0	0	0	0	0	
15652	1760.328	3.45e+19	0	0	100000	1.96215115	1.008e-07	0.04255	0.002756	2.287e-08	0.5535	3.819e+04	322.6	0.001687	0.3355	1.283e-09	0.001497	0	0.0003785	2.409e-15	1.042e-21	1.241e-25	1.655e-25	2.068e-25	2.811e-09	1.906e-09	2.5e-11	0.07952	1.873e-11	2.259e-26	0.507	2.079e-07	4.709e-08	2.42e-08	0	0	0	0	0	0	0	0	0	0	0	0	0	0	0	0	0	0	0	0	0	0	0	4.9e+04	0	0	0	0	0	0	0	0	0	0	0	0	0	0	0	2.346e+05	0	0	0	0	0	0	0	0	0	0	0	0	0	0	0	0	0	0	0	0	0	0	0	
15680	1760.328	3.45e+19	0	0	100000	1.962192	1.006e-07	0.04255	0.002761	2.306e-08	0.5547	3.827e+04	323.3	0.001704	0.3369	1.291e-09	0.001503	0	0.0003824	2.414e-15	1.058e-21	1.244e-25	1.658e-25	2.073e-25	2.823e-09	1.918e-09	2.521e-11	0.07971	1.885e-11	2.278e-26	0.508	2.083e-07	4.718e-08	2.425e-08	0	0	0	0	0	0	0	0	0	0	0	0	0	0	0	0	0	0	0	0	0	0	0	4.908e+04	0	0	0	0	0	0	0	0	0	0	0	0	0	0	0	2.351e+05	0	0	0	0	0	0	0	0	0	0	0	0	0	0	0	0	0	0	0	0	0	0	0	
15708	1760.328	3.45e+19	0	0	100000	1.96223285	1.003e-07	0.04255	0.002767	2.325e-08	0.5558	3.835e+04	324	0.001722	0.3383	1.299e-09	0.001509	0	0.0003864	2.418e-15	1.073e-21	1.246e-25	1.661e-25	2.077e-25	2.835e-09	1.93e-09	2.542e-11	0.07991	1.897e-11	2.297e-26	0.509	2.087e-07	4.728e-08	2.43e-08	0	0	0	0	0	0	0	0	0	0	0	0	0	0	0	0	0	0	0	0	0	0	0	4.917e+04	0	0	0	0	0	0	0	0	0	0	0	0	0	0	0	2.355e+05	0	0	0	0	0	0	0	0	0	0	0	0	0	0	0	0	0	0	0	0	0	0	0	
15736	1760.328	3.45e+19	0	0	100000	1.9622737	1.001e-07	0.04254	0.002772	2.344e-08	0.5569	3.843e+04	324.6	0.00174	0.3397	1.307e-09	0.001516	0	0.0003905	2.423e-15	1.089e-21	1.249e-25	1.665e-25	2.081e-25	2.846e-09	1.942e-09	2.564e-11	0.08011	1.909e-11	2.316e-26	0.5101	2.091e-07	4.737e-08	2.435e-08	0	0	0	0	0	0	0	0	0	0	0	0	0	0	0	0	0	0	0	0	0	0	0	4.926e+04	0	0	0	0	0	0	0	0	0	0	0	0	0	0	0	2.359e+05	0	0	0	0	0	0	0	0	0	0	0	0	0	0	0	0	0	0	0	0	0	0	0	
15764	1760.328	3.45e+19	0	0	100000	1.96231455	9.991e-08	0.04254	0.002778	2.364e-08	0.5581	3.851e+04	325.3	0.001758	0.3411	1.315e-09	0.001522	0	0.0003946	2.428e-15	1.105e-21	1.251e-25	1.668e-25	2.085e-25	2.858e-09	1.954e-09	2.585e-11	0.08031	1.921e-11	2.335e-26	0.5111	2.096e-07	4.747e-08	2.44e-08	0	0	0	0	0	0	0	0	0	0	0	0	0	0	0	0	0	0	0	0	0	0	0	4.935e+04	0	0	0	0	0	0	0	0	0	0	0	0	0	0	0	2.363e+05	0	0	0	0	0	0	0	0	0	0	0	0	0	0	0	0	0	0	0	0	0	0	0	
15792	1760.328	3.45e+19	0	0	100000	1.9623554	9.969e-08	0.04254	0.002784	2.384e-08	0.5592	3.858e+04	325.9	0.001777	0.3425	1.323e-09	0.001528	0	0.0003987	2.433e-15	1.121e-21	1.254e-25	1.672e-25	2.09e-25	2.87e-09	1.967e-09	2.607e-11	0.08052	1.933e-11	2.355e-26	0.5121	2.1e-07	4.757e-08	2.444e-08	0	0	0	0	0	0	0	0	0	0	0	0	0	0	0	0	0	0	0	0	0	0	0	4.944e+04	0	0	0	0	0	0	0	0	0	0	0	0	0	0	0	2.367e+05	0	0	0	0	0	0	0	0	0	0	0	0	0	0	0	0	0	0	0	0	0	0	0	
15820	1760.328	3.45e+19	0	0	100000	1.96239625	9.947e-08	0.04253	0.002789	2.404e-08	0.5603	3.866e+04	326.6	0.001795	0.3439	1.332e-09	0.001534	0	0.0004029	2.438e-15	1.138e-21	1.256e-25	1.675e-25	2.094e-25	2.882e-09	1.979e-09	2.629e-11	0.08072	1.945e-11	2.375e-26	0.5132	2.104e-07	4.766e-08	2.449e-08	0	0	0	0	0	0	0	0	0	0	0	0	0	0	0	0	0	0	0	0	0	0	0	4.952e+04	0	0	0	0	0	0	0	0	0	0	0	0	0	0	0	2.372e+05	0	0	0	0	0	0	0	0	0	0	0	0	0	0	0	0	0	0	0	0	0	0	0	
15848	1760.328	3.45e+19	0	0	100000	1.9624371	9.925e-08	0.04253	0.002795	2.424e-08	0.5614	3.874e+04	327.2	0.001814	0.3454	1.34e-09	0.001541	0	0.0004071	2.443e-15	1.155e-21	1.259e-25	1.678e-25	2.098e-25	2.894e-09	1.991e-09	2.651e-11	0.08092	1.957e-11	2.394e-26	0.5142	2.108e-07	4.776e-08	2.454e-08	0	0	0	0	0	0	0	0	0	0	0	0	0	0	0	0	0	0	0	0	0	0	0	4.961e+04	0	0	0	0	0	0	0	0	0	0	0	0	0	0	0	2.376e+05	0	0	0	0	0	0	0	0	0	0	0	0	0	0	0	0	0	0	0	0	0	0	0	
15876	1760.328	3.45e+19	0	0	100000	1.96247795	9.903e-08	0.04252	0.002801	2.444e-08	0.5626	3.882e+04	327.9	0.001833	0.3468	1.348e-09	0.001547	0	0.0004114	2.448e-15	1.172e-21	1.261e-25	1.682e-25	2.102e-25	2.906e-09	2.004e-09	2.673e-11	0.08112	1.969e-11	2.415e-26	0.5152	2.113e-07	4.785e-08	2.459e-08	0	0	0	0	0	0	0	0	0	0	0	0	0	0	0	0	0	0	0	0	0	0	0	4.97e+04	0	0	0	0	0	0	0	0	0	0	0	0	0	0	0	2.38e+05	0	0	0	0	0	0	0	0	0	0	0	0	0	0	0	0	0	0	0	0	0	0	0	
15904	1760.328	3.45e+19	0	0	100000	1.9625188	9.881e-08	0.04252	0.002806	2.465e-08	0.5637	3.889e+04	328.6	0.001853	0.3482	1.357e-09	0.001554	0	0.0004157	2.453e-15	1.189e-21	1.264e-25	1.685e-25	2.106e-25	2.918e-09	2.016e-09	2.695e-11	0.08132	1.981e-11	2.435e-26	0.5163	2.117e-07	4.795e-08	2.464e-08	0	0	0	0	0	0	0	0	0	0	0	0	0	0	0	0	0	0	0	0	0	0	0	4.979e+04	0	0	0	0	0	0	0	0	0	0	0	0	0	0	0	2.384e+05	0	0	0	0	0	0	0	0	0	0	0	0	0	0	0	0	0	0	0	0	0	0	0	
15932	1760.328	3.45e+19	0	0	100000	1.96255965	9.859e-08	0.04251	0.002812	2.485e-08	0.5648	3.897e+04	329.2	0.001872	0.3497	1.365e-09	0.00156	0	0.0004201	2.458e-15	1.207e-21	1.266e-25	1.688e-25	2.111e-25	2.93e-09	2.029e-09	2.718e-11	0.08152	1.994e-11	2.455e-26	0.5173	2.121e-07	4.805e-08	2.469e-08	0	0	0	0	0	0	0	0	0	0	0	0	0	0	0	0	0	0	0	0	0	0	0	4.987e+04	0	0	0	0	0	0	0	0	0	0	0	0	0	0	0	2.388e+05	0	0	0	0	0	0	0	0	0	0	0	0	0	0	0	0	0	0	0	0	0	0	0	
15960	1760.328	3.45e+19	0	0	100000	1.9626005	9.837e-08	0.04251	0.002817	2.506e-08	0.5659	3.905e+04	329.9	0.001892	0.3511	1.374e-09	0.001566	0	0.0004245	2.463e-15	1.224e-21	1.269e-25	1.692e-25	2.115e-25	2.942e-09	2.041e-09	2.74e-11	0.08173	2.006e-11	2.476e-26	0.5183	2.125e-07	4.814e-08	2.474e-08	0	0	0	0	0	0	0	0	0	0	0	0	0	0	0	0	0	0	0	0	0	0	0	4.996e+04	0	0	0	0	0	0	0	0	0	0	0	0	0	0	0	2.393e+05	0	0	0	0	0	0	0	0	0	0	0	0	0	0	0	0	0	0	0	0	0	0	0	
15988	1760.328	3.45e+19	0	0	100000	1.96264135	9.815e-08	0.0425	0.002823	2.527e-08	0.5671	3.913e+04	330.5	0.001912	0.3525	1.382e-09	0.001573	0	0.000429	2.468e-15	1.243e-21	1.271e-25	1.695e-25	2.119e-25	2.954e-09	2.054e-09	2.763e-11	0.08193	2.019e-11	2.496e-26	0.5194	2.13e-07	4.824e-08	2.479e-08	0	0	0	0	0	0	0	0	0	0	0	0	0	0	0	0	0	0	0	0	0	0	0	5.005e+04	0	0	0	0	0	0	0	0	0	0	0	0	0	0	0	2.397e+05	0	0	0	0	0	0	0	0	0	0	0	0	0	0	0	0	0	0	0	0	0	0	0	
16016	1760.328	3.45e+19	0	0	100000	1.9626822	9.793e-08	0.0425	0.002829	2.548e-08	0.5682	3.921e+04	331.2	0.001932	0.354	1.391e-09	0.001579	0	0.0004335	2.472e-15	1.261e-21	1.274e-25	1.699e-25	2.123e-25	2.966e-09	2.067e-09	2.787e-11	0.08213	2.031e-11	2.517e-26	0.5204	2.134e-07	4.833e-08	2.484e-08	0	0	0	0	0	0	0	0	0	0	0	0	0	0	0	0	0	0	0	0	0	0	0	5.014e+04	0	0	0	0	0	0	0	0	0	0	0	0	0	0	0	2.401e+05	0	0	0	0	0	0	0	0	0	0	0	0	0	0	0	0	0	0	0	0	0	0	0	
16044	1760.328	3.45e+19	0	0	100000	1.96272305	9.771e-08	0.04249	0.002834	2.57e-08	0.5693	3.928e+04	331.9	0.001952	0.3554	1.4e-09	0.001586	0	0.000438	2.477e-15	1.28e-21	1.276e-25	1.702e-25	2.127e-25	2.978e-09	2.08e-09	2.81e-11	0.08234	2.044e-11	2.538e-26	0.5214	2.138e-07	4.843e-08	2.489e-08	0	0	0	0	0	0	0	0	0	0	0	0	0	0	0	0	0	0	0	0	0	0	0	5.022e+04	0	0	0	0	0	0	0	0	0	0	0	0	0	0	0	2.405e+05	0	0	0	0	0	0	0	0	0	0	0	0	0	0	0	0	0	0	0	0	0	0	0	
16072	1760.328	3.45e+19	0	0	100000	1.9627639	9.749e-08	0.04249	0.00284	2.591e-08	0.5705	3.936e+04	332.5	0.001973	0.3569	1.408e-09	0.001592	0	0.0004427	2.482e-15	1.299e-21	1.279e-25	1.705e-25	2.132e-25	2.99e-09	2.093e-09	2.833e-11	0.08254	2.057e-11	2.56e-26	0.5225	2.142e-07	4.852e-08	2.494e-08	0	0	0	0	0	0	0	0	0	0	0	0	0	0	0	0	0	0	0	0	0	0	0	5.031e+04	0	0	0	0	0	0	0	0	0	0	0	0	0	0	0	2.409e+05	0	0	0	0	0	0	0	0	0	0	0	0	0	0	0	0	0	0	0	0	0	0	0	
16100	1760.328	3.45e+19	0	0	100000	1.96280475	9.727e-08	0.04248	0.002846	2.613e-08	0.5716	3.944e+04	333.2	0.001993	0.3584	1.417e-09	0.001599	0	0.0004473	2.487e-15	1.318e-21	1.282e-25	1.709e-25	2.136e-25	3.003e-09	2.106e-09	2.857e-11	0.08274	2.07e-11	2.581e-26	0.5235	2.146e-07	4.862e-08	2.499e-08	0	0	0	0	0	0	0	0	0	0	0	0	0	0	0	0	0	0	0	0	0	0	0	5.04e+04	0	0	0	0	0	0	0	0	0	0	0	0	0	0	0	2.414e+05	0	0	0	0	0	0	0	0	0	0	0	0	0	0	0	0	0	0	0	0	0	0	0	
16128	1760.328	3.45e+19	0	0	100000	1.9628456	9.704e-08	0.04247	0.002851	2.635e-08	0.5727	3.952e+04	333.8	0.002014	0.3598	1.426e-09	0.001605	0	0.000452	2.492e-15	1.337e-21	1.284e-25	1.712e-25	2.14e-25	3.015e-09	2.119e-09	2.881e-11	0.08295	2.083e-11	2.603e-26	0.5245	2.151e-07	4.872e-08	2.504e-08	0	0	0	0	0	0	0	0	0	0	0	0	0	0	0	0	0	0	0	0	0	0	0	5.049e+04	0	0	0	0	0	0	0	0	0	0	0	0	0	0	0	2.418e+05	0	0	0	0	0	0	0	0	0	0	0	0	0	0	0	0	0	0	0	0	0	0	0	
16156	1760.328	3.45e+19	0	0	100000	1.96288645	9.682e-08	0.04247	0.002857	2.657e-08	0.5738	3.959e+04	334.5	0.002036	0.3613	1.435e-09	0.001612	0	0.0004568	2.497e-15	1.357e-21	1.287e-25	1.715e-25	2.144e-25	3.027e-09	2.132e-09	2.905e-11	0.08315	2.096e-11	2.625e-26	0.5256	2.155e-07	4.881e-08	2.509e-08	0	0	0	0	0	0	0	0	0	0	0	0	0	0	0	0	0	0	0	0	0	0	0	5.057e+04	0	0	0	0	0	0	0	0	0	0	0	0	0	0	0	2.422e+05	0	0	0	0	0	0	0	0	0	0	0	0	0	0	0	0	0	0	0	0	0	0	0	
16184	1760.328	3.45e+19	0	0	100000	1.9629273	9.66e-08	0.04246	0.002862	2.679e-08	0.575	3.967e+04	335.1	0.002057	0.3628	1.444e-09	0.001619	0	0.0004616	2.502e-15	1.378e-21	1.289e-25	1.719e-25	2.149e-25	3.04e-09	2.146e-09	2.93e-11	0.08336	2.109e-11	2.647e-26	0.5266	2.159e-07	4.891e-08	2.514e-08	0	0	0	0	0	0	0	0	0	0	0	0	0	0	0	0	0	0	0	0	0	0	0	5.066e+04	0	0	0	0	0	0	0	0	0	0	0	0	0	0	0	2.426e+05	0	0	0	0	0	0	0	0	0	0	0	0	0	0	0	0	0	0	0	0	0	0	0	
16212	1760.328	3.45e+19	0	0	100000	1.96296815	9.638e-08	0.04245	0.002868	2.702e-08	0.5761	3.975e+04	335.8	0.002079	0.3643	1.453e-09	0.001625	0	0.0004665	2.507e-15	1.398e-21	1.292e-25	1.722e-25	2.153e-25	3.052e-09	2.159e-09	2.954e-11	0.08356	2.122e-11	2.669e-26	0.5276	2.163e-07	4.9e-08	2.518e-08	0	0	0	0	0	0	0	0	0	0	0	0	0	0	0	0	0	0	0	0	0	0	0	5.075e+04	0	0	0	0	0	0	0	0	0	0	0	0	0	0	0	2.43e+05	0	0	0	0	0	0	0	0	0	0	0	0	0	0	0	0	0	0	0	0	0	0	0	
16240	1760.328	3.45e+19	0	0	100000	1.963009	9.615e-08	0.04244	0.002874	2.724e-08	0.5772	3.983e+04	336.5	0.002101	0.3658	1.462e-09	0.001632	0	0.0004714	2.512e-15	1.419e-21	1.294e-25	1.726e-25	2.157e-25	3.065e-09	2.173e-09	2.979e-11	0.08377	2.135e-11	2.691e-26	0.5287	2.168e-07	4.91e-08	2.523e-08	0	0	0	0	0	0	0	0	0	0	0	0	0	0	0	0	0	0	0	0	0	0	0	5.084e+04	0	0	0	0	0	0	0	0	0	0	0	0	0	0	0	2.435e+05	0	0	0	0	0	0	0	0	0	0	0	0	0	0	0	0	0	0	0	0	0	0	0	
16268	1760.328	3.45e+19	0	0	100000	1.96304985	9.593e-08	0.04244	0.002879	2.747e-08	0.5784	3.991e+04	337.1	0.002123	0.3673	1.471e-09	0.001639	0	0.0004764	2.517e-15	1.44e-21	1.297e-25	1.729e-25	2.161e-25	3.077e-09	2.186e-09	3.004e-11	0.08398	2.148e-11	2.714e-26	0.5297	2.172e-07	4.92e-08	2.528e-08	0	0	0	0	0	0	0	0	0	0	0	0	0	0	0	0	0	0	0	0	0	0	0	5.093e+04	0	0	0	0	0	0	0	0	0	0	0	0	0	0	0	2.439e+05	0	0	0	0	0	0	0	0	0	0	0	0	0	0	0	0	0	0	0	0	0	0	0	
16296	1760.328	3.45e+19	0	0	100000	1.9630907	9.571e-08	0.04243	0.002885	2.77e-08	0.5795	3.998e+04	337.8	0.002146	0.3688	1.48e-09	0.001645	0	0.0004814	2.522e-15	1.461e-21	1.299e-25	1.732e-25	2.165e-25	3.09e-09	2.2e-09	3.03e-11	0.08418	2.162e-11	2.737e-26	0.5307	2.176e-07	4.929e-08	2.533e-08	0	0	0	0	0	0	0	0	0	0	0	0	0	0	0	0	0	0	0	0	0	0	0	5.101e+04	0	0	0	0	0	0	0	0	0	0	0	0	0	0	0	2.443e+05	0	0	0	0	0	0	0	0	0	0	0	0	0	0	0	0	0	0	0	0	0	0	0	
16324	1760.328	3.45e+19	0	0	100000	1.96313155	9.548e-08	0.04242	0.00289	2.794e-08	0.5806	4.006e+04	338.4	0.002168	0.3703	1.49e-09	0.001652	0	0.0004865	2.527e-15	1.483e-21	1.302e-25	1.736e-25	2.17e-25	3.103e-09	2.214e-09	3.055e-11	0.08439	2.175e-11	2.76e-26	0.5318	2.18e-07	4.939e-08	2.538e-08	0	0	0	0	0	0	0	0	0	0	0	0	0	0	0	0	0	0	0	0	0	0	0	5.11e+04	0	0	0	0	0	0	0	0	0	0	0	0	0	0	0	2.447e+05	0	0	0	0	0	0	0	0	0	0	0	0	0	0	0	0	0	0	0	0	0	0	0	
16352	1760.328	3.45e+19	0	0	100000	1.9631724	9.526e-08	0.04241	0.002896	2.817e-08	0.5817	4.014e+04	339.1	0.002191	0.3718	1.499e-09	0.001659	0	0.0004917	2.531e-15	1.505e-21	1.304e-25	1.739e-25	2.174e-25	3.115e-09	2.228e-09	3.081e-11	0.0846	2.189e-11	2.783e-26	0.5328	2.185e-07	4.948e-08	2.543e-08	0	0	0	0	0	0	0	0	0	0	0	0	0	0	0	0	0	0	0	0	0	0	0	5.119e+04	0	0	0	0	0	0	0	0	0	0	0	0	0	0	0	2.451e+05	0	0	0	0	0	0	0	0	0	0	0	0	0	0	0	0	0	0	0	0	0	0	0	
16380	1760.328	3.45e+19	0	0	100000	1.96321325	9.503e-08	0.0424	0.002902	2.841e-08	0.5829	4.022e+04	339.7	0.002214	0.3733	1.508e-09	0.001666	0	0.0004969	2.536e-15	1.528e-21	1.307e-25	1.742e-25	2.178e-25	3.128e-09	2.241e-09	3.107e-11	0.08481	2.203e-11	2.807e-26	0.5338	2.189e-07	4.958e-08	2.548e-08	0	0	0	0	0	0	0	0	0	0	0	0	0	0	0	0	0	0	0	0	0	0	0	5.128e+04	0	0	0	0	0	0	0	0	0	0	0	0	0	0	0	2.456e+05	0	0	0	0	0	0	0	0	0	0	0	0	0	0	0	0	0	0	0	0	0	0	0	
16408	1760.328	3.45e+19	0	0	100000	1.9632541	9.481e-08	0.04239	0.002907	2.865e-08	0.584	4.03e+04	340.4	0.002238	0.3749	1.518e-09	0.001672	0	0.0005022	2.541e-15	1.551e-21	1.309e-25	1.746e-25	2.182e-25	3.141e-09	2.255e-09	3.133e-11	0.08501	2.216e-11	2.83e-26	0.5349	2.193e-07	4.968e-08	2.553e-08	0	0	0	0	0	0	0	0	0	0	0	0	0	0	0	0	0	0	0	0	0	0	0	5.136e+04	0	0	0	0	0	0	0	0	0	0	0	0	0	0	0	2.46e+05	0	0	0	0	0	0	0	0	0	0	0	0	0	0	0	0	0	0	0	0	0	0	0	
16436	1760.328	3.45e+19	0	0	100000	1.96329495	9.458e-08	0.04238	0.002913	2.889e-08	0.5851	4.037e+04	341.1	0.002261	0.3764	1.527e-09	0.001679	0	0.0005075	2.546e-15	1.574e-21	1.312e-25	1.749e-25	2.186e-25	3.154e-09	2.27e-09	3.159e-11	0.08522	2.23e-11	2.854e-26	0.5359	2.197e-07	4.977e-08	2.558e-08	0	0	0	0	0	0	0	0	0	0	0	0	0	0	0	0	0	0	0	0	0	0	0	5.145e+04	0	0	0	0	0	0	0	0	0	0	0	0	0	0	0	2.464e+05	0	0	0	0	0	0	0	0	0	0	0	0	0	0	0	0	0	0	0	0	0	0	0	
16464	1760.328	3.45e+19	0	0	100000	1.9633358	9.436e-08	0.04237	0.002919	2.913e-08	0.5863	4.045e+04	341.7	0.002285	0.378	1.537e-09	0.001686	0	0.0005129	2.551e-15	1.597e-21	1.314e-25	1.753e-25	2.191e-25	3.167e-09	2.284e-09	3.186e-11	0.08543	2.244e-11	2.878e-26	0.5369	2.202e-07	4.987e-08	2.563e-08	0	0	0	0	0	0	0	0	0	0	0	0	0	0	0	0	0	0	0	0	0	0	0	5.154e+04	0	0	0	0	0	0	0	0	0	0	0	0	0	0	0	2.468e+05	0	0	0	0	0	0	0	0	0	0	0	0	0	0	0	0	0	0	0	0	0	0	0	
16492	1760.328	3.45e+19	0	0	100000	1.96337665	9.413e-08	0.04236	0.002924	2.938e-08	0.5874	4.053e+04	342.4	0.00231	0.3795	1.546e-09	0.001693	0	0.0005183	2.556e-15	1.621e-21	1.317e-25	1.756e-25	2.195e-25	3.18e-09	2.298e-09	3.213e-11	0.08564	2.258e-11	2.902e-26	0.538	2.206e-07	4.997e-08	2.568e-08	0	0	0	0	0	0	0	0	0	0	0	0	0	0	0	0	0	0	0	0	0	0	0	5.163e+04	0	0	0	0	0	0	0	0	0	0	0	0	0	0	0	2.472e+05	0	0	0	0	0	0	0	0	0	0	0	0	0	0	0	0	0	0	0	0	0	0	0	
16520	1760.328	3.45e+19	0	0	100000	1.9634175	9.391e-08	0.04235	0.00293	2.963e-08	0.5885	4.061e+04	343	0.002334	0.381	1.556e-09	0.0017	0	0.0005238	2.561e-15	1.646e-21	1.319e-25	1.759e-25	2.199e-25	3.193e-09	2.312e-09	3.24e-11	0.08585	2.272e-11	2.927e-26	0.539	2.21e-07	5.006e-08	2.573e-08	0	0	0	0	0	0	0	0	0	0	0	0	0	0	0	0	0	0	0	0	0	0	0	5.171e+04	0	0	0	0	0	0	0	0	0	0	0	0	0	0	0	2.477e+05	0	0	0	0	0	0	0	0	0	0	0	0	0	0	0	0	0	0	0	0	0	0	0	
16548	1760.328	3.45e+19	0	0	100000	1.96345835	9.368e-08	0.04234	0.002935	2.988e-08	0.5896	4.069e+04	343.7	0.002359	0.3826	1.566e-09	0.001707	0	0.0005294	2.566e-15	1.67e-21	1.322e-25	1.763e-25	2.203e-25	3.206e-09	2.327e-09	3.267e-11	0.08606	2.287e-11	2.952e-26	0.54	2.214e-07	5.016e-08	2.578e-08	0	0	0	0	0	0	0	0	0	0	0	0	0	0	0	0	0	0	0	0	0	0	0	5.18e+04	0	0	0	0	0	0	0	0	0	0	0	0	0	0	0	2.481e+05	0	0	0	0	0	0	0	0	0	0	0	0	0	0	0	0	0	0	0	0	0	0	0	
16576	1760.328	3.45e+19	0	0	100000	1.9634992	9.346e-08	0.04233	0.002941	3.013e-08	0.5908	4.076e+04	344.3	0.002384	0.3842	1.576e-09	0.001714	0	0.000535	2.571e-15	1.695e-21	1.325e-25	1.766e-25	2.208e-25	3.219e-09	2.342e-09	3.295e-11	0.08627	2.301e-11	2.976e-26	0.5411	2.219e-07	5.025e-08	2.583e-08	0	0	0	0	0	0	0	0	0	0	0	0	0	0	0	0	0	0	0	0	0	0	0	5.189e+04	0	0	0	0	0	0	0	0	0	0	0	0	0	0	0	2.485e+05	0	0	0	0	0	0	0	0	0	0	0	0	0	0	0	0	0	0	0	0	0	0	0	
16604	1760.328	3.45e+19	0	0	100000	1.96354005	9.323e-08	0.04232	0.002947	3.038e-08	0.5919	4.084e+04	345	0.002409	0.3857	1.585e-09	0.001721	0	0.0005407	2.576e-15	1.721e-21	1.327e-25	1.769e-25	2.212e-25	3.232e-09	2.356e-09	3.323e-11	0.08648	2.315e-11	3.002e-26	0.5421	2.223e-07	5.035e-08	2.588e-08	0	0	0	0	0	0	0	0	0	0	0	0	0	0	0	0	0	0	0	0	0	0	0	5.198e+04	0	0	0	0	0	0	0	0	0	0	0	0	0	0	0	2.489e+05	0	0	0	0	0	0	0	0	0	0	0	0	0	0	0	0	0	0	0	0	0	0	0	
16632	1760.328	3.45e+19	0	0	100000	1.9635809	9.3e-08	0.04231	0.002952	3.064e-08	0.593	4.092e+04	345.7	0.002435	0.3873	1.595e-09	0.001728	0	0.0005464	2.581e-15	1.747e-21	1.33e-25	1.773e-25	2.216e-25	3.245e-09	2.371e-09	3.351e-11	0.08669	2.33e-11	3.027e-26	0.5431	2.227e-07	5.045e-08	2.592e-08	0	0	0	0	0	0	0	0	0	0	0	0	0	0	0	0	0	0	0	0	0	0	0	5.207e+04	0	0	0	0	0	0	0	0	0	0	0	0	0	0	0	2.493e+05	0	0	0	0	0	0	0	0	0	0	0	0	0	0	0	0	0	0	0	0	0	0	0	
16660	1760.328	3.45e+19	0	0	100000	1.96362175	9.278e-08	0.0423	0.002958	3.09e-08	0.5942	4.1e+04	346.3	0.002461	0.3889	1.605e-09	0.001735	0	0.0005522	2.585e-15	1.773e-21	1.332e-25	1.776e-25	2.22e-25	3.258e-09	2.386e-09	3.379e-11	0.0869	2.344e-11	3.052e-26	0.5442	2.231e-07	5.054e-08	2.597e-08	0	0	0	0	0	0	0	0	0	0	0	0	0	0	0	0	0	0	0	0	0	0	0	5.215e+04	0	0	0	0	0	0	0	0	0	0	0	0	0	0	0	2.498e+05	0	0	0	0	0	0	0	0	0	0	0	0	0	0	0	0	0	0	0	0	0	0	0	
16688	1760.328	3.45e+19	0	0	100000	1.9636626	9.255e-08	0.04229	0.002964	3.116e-08	0.5953	4.107e+04	347	0.002487	0.3905	1.615e-09	0.001742	0	0.0005581	2.59e-15	1.8e-21	1.335e-25	1.78e-25	2.224e-25	3.272e-09	2.401e-09	3.407e-11	0.08711	2.359e-11	3.078e-26	0.5452	2.236e-07	5.064e-08	2.602e-08	0	0	0	0	0	0	0	0	0	0	0	0	0	0	0	0	0	0	0	0	0	0	0	5.224e+04	0	0	0	0	0	0	0	0	0	0	0	0	0	0	0	2.502e+05	0	0	0	0	0	0	0	0	0	0	0	0	0	0	0	0	0	0	0	0	0	0	0	
16716	1760.328	3.45e+19	0	0	100000	1.96370345	9.232e-08	0.04228	0.002969	3.142e-08	0.5964	4.115e+04	347.6	0.002514	0.3921	1.626e-09	0.001749	0	0.000564	2.595e-15	1.827e-21	1.337e-25	1.783e-25	2.229e-25	3.285e-09	2.416e-09	3.436e-11	0.08732	2.374e-11	3.104e-26	0.5462	2.24e-07	5.073e-08	2.607e-08	0	0	0	0	0	0	0	0	0	0	0	0	0	0	0	0	0	0	0	0	0	0	0	5.233e+04	0	0	0	0	0	0	0	0	0	0	0	0	0	0	0	2.506e+05	0	0	0	0	0	0	0	0	0	0	0	0	0	0	0	0	0	0	0	0	0	0	0	
16744	1760.328	3.45e+19	0	0	100000	1.9637443	9.21e-08	0.04226	0.002975	3.169e-08	0.5976	4.123e+04	348.3	0.00254	0.3937	1.636e-09	0.001756	0	0.0005701	2.6e-15	1.854e-21	1.34e-25	1.786e-25	2.233e-25	3.298e-09	2.431e-09	3.465e-11	0.08754	2.389e-11	3.131e-26	0.5473	2.244e-07	5.083e-08	2.612e-08	0	0	0	0	0	0	0	0	0	0	0	0	0	0	0	0	0	0	0	0	0	0	0	5.242e+04	0	0	0	0	0	0	0	0	0	0	0	0	0	0	0	2.51e+05	0	0	0	0	0	0	0	0	0	0	0	0	0	0	0	0	0	0	0	0	0	0	0	
16772	1760.328	3.45e+19	0	0	100000	1.96378515	9.187e-08	0.04225	0.00298	3.196e-08	0.5987	4.131e+04	349	0.002567	0.3953	1.646e-09	0.001763	0	0.0005761	2.605e-15	1.882e-21	1.342e-25	1.79e-25	2.237e-25	3.312e-09	2.446e-09	3.495e-11	0.08775	2.404e-11	3.157e-26	0.5483	2.248e-07	5.093e-08	2.617e-08	0	0	0	0	0	0	0	0	0	0	0	0	0	0	0	0	0	0	0	0	0	0	0	5.25e+04	0	0	0	0	0	0	0	0	0	0	0	0	0	0	0	2.514e+05	0	0	0	0	0	0	0	0	0	0	0	0	0	0	0	0	0	0	0	0	0	0	0	
16800	1760.328	3.45e+19	0	0	100000	1.963826	9.164e-08	0.04224	0.002986	3.223e-08	0.5998	4.139e+04	349.6	0.002595	0.3969	1.656e-09	0.001771	0	0.0005823	2.61e-15	1.911e-21	1.345e-25	1.793e-25	2.241e-25	3.325e-09	2.461e-09	3.524e-11	0.08796	2.419e-11	3.184e-26	0.5493	2.252e-07	5.102e-08	2.622e-08	0	0	0	0	0	0	0	0	0	0	0	0	0	0	0	0	0	0	0	0	0	0	0	5.259e+04	0	0	0	0	0	0	0	0	0	0	0	0	0	0	0	2.519e+05	0	0	0	0	0	0	0	0	0	0	0	0	0	0	0	0	0	0	0	0	0	0	0	
16828	1760.328	3.45e+19	0	0	100000	1.96386767	9.141e-08	0.04222	0.002992	3.251e-08	0.6009	4.146e+04	350.3	0.002623	0.3985	1.667e-09	0.001778	0	0.0005886	2.615e-15	1.94e-21	1.347e-25	1.796e-25	2.246e-25	3.339e-09	2.477e-09	3.555e-11	0.08818	2.434e-11	3.211e-26	0.5504	2.257e-07	5.112e-08	2.627e-08	0	0	0	0	0	0	0	0	0	0	0	0	0	0	0	0	0	0	0	0	0	0	0	5.268e+04	0	0	0	0	0	0	0	0	0	0	0	0	0	0	0	2.523e+05	0	0	0	0	0	0	0	0	0	0	0	0	0	0	0	0	0	0	0	0	0	0	0	
16856	1760.328	3.45e+19	0	0	100000	1.96390934	9.117e-08	0.04221	0.002997	3.279e-08	0.6021	4.154e+04	350.9	0.002652	0.4002	1.677e-09	0.001785	0	0.000595	2.62e-15	1.97e-21	1.35e-25	1.8e-25	2.25e-25	3.353e-09	2.493e-09	3.585e-11	0.08839	2.45e-11	3.239e-26	0.5514	2.261e-07	5.121e-08	2.632e-08	0	0	0	0	0	0	0	0	0	0	0	0	0	0	0	0	0	0	0	0	0	0	0	5.277e+04	0	0	0	0	0	0	0	0	0	0	0	0	0	0	0	2.527e+05	0	0	0	0	0	0	0	0	0	0	0	0	0	0	0	0	0	0	0	0	0	0	0	
16884	1760.328	3.45e+19	0	0	100000	1.96395101	9.094e-08	0.04219	0.003003	3.307e-08	0.6032	4.162e+04	351.6	0.00268	0.4018	1.688e-09	0.001793	0	0.0006015	2.625e-15	2e-21	1.352e-25	1.803e-25	2.254e-25	3.367e-09	2.509e-09	3.616e-11	0.08861	2.465e-11	3.267e-26	0.5524	2.265e-07	5.131e-08	2.637e-08	0	0	0	0	0	0	0	0	0	0	0	0	0	0	0	0	0	0	0	0	0	0	0	5.285e+04	0	0	0	0	0	0	0	0	0	0	0	0	0	0	0	2.531e+05	0	0	0	0	0	0	0	0	0	0	0	0	0	0	0	0	0	0	0	0	0	0	0	
16912	1760.328	3.45e+19	0	0	100000	1.96399268	9.07e-08	0.04218	0.003008	3.335e-08	0.6043	4.17e+04	352.2	0.002709	0.4035	1.699e-09	0.0018	0	0.000608	2.63e-15	2.031e-21	1.355e-25	1.807e-25	2.258e-25	3.38e-09	2.525e-09	3.647e-11	0.08882	2.481e-11	3.295e-26	0.5535	2.269e-07	5.141e-08	2.642e-08	0	0	0	0	0	0	0	0	0	0	0	0	0	0	0	0	0	0	0	0	0	0	0	5.294e+04	0	0	0	0	0	0	0	0	0	0	0	0	0	0	0	2.535e+05	0	0	0	0	0	0	0	0	0	0	0	0	0	0	0	0	0	0	0	0	0	0	0	
16940	1760.328	3.45e+19	0	0	100000	1.96403435	4.377e-08	0.0204	0.001459	1.628e-08	0.293	2.022e+04	170.8	0.001325	0.196	8.273e-10	0.0008746	0	0.0002974	1.275e-15	9.979e-22	6.569e-26	8.758e-26	1.095e-25	1.643e-09	1.229e-09	1.78e-11	0.04309	1.208e-11	1.608e-26	0.2683	1.1e-07	2.492e-08	1.281e-08	0	0	0	0	0	0	0	0	0	0	0	0	0	0	0	0	0	0	0	0	0	0	0	5.303e+04	0	0	0	0	0	0	0	0	0	0	0	0	0	0	0	2.54e+05	0	0	0	0	0	0	0	0	0	0	0	0	0	0	0	0	0	0	0	0	0	0	0	
16968	1760.328	3.45e+19	0	0	100000	1.96407602	4.362e-08	0.02038	0.00146	1.64e-08	0.2933	2.024e+04	170.9	0.001339	0.1967	8.319e-10	0.0008774	0	0.0003004	1.276e-15	1.012e-21	6.575e-26	8.767e-26	1.096e-25	1.648e-09	1.236e-09	1.794e-11	0.04315	1.215e-11	1.621e-26	0.2686	1.101e-07	2.495e-08	1.282e-08	0	0	0	0	0	0	0	0	0	0	0	0	0	0	0	0	0	0	0	0	0	0	0	5.312e+04	0	0	0	0	0	0	0	0	0	0	0	0	0	0	0	2.544e+05	0	0	0	0	0	0	0	0	0	0	0	0	0	0	0	0	0	0	0	0	0	0	0	
16996	1760.328	3.45e+19	0	0	100000	1.96411769	4.349e-08	0.02036	0.001462	1.654e-08	0.2937	2.026e+04	171.2	0.001353	0.1974	8.368e-10	0.0008806	0	0.0003035	1.278e-15	1.028e-21	6.585e-26	8.779e-26	1.097e-25	1.654e-09	1.243e-09	1.808e-11	0.04324	1.222e-11	1.634e-26	0.269	1.103e-07	2.498e-08	1.284e-08	0	0	0	0	0	0	0	0	0	0	0	0	0	0	0	0	0	0	0	0	0	0	0	5.321e+04	0	0	0	0	0	0	0	0	0	0	0	0	0	0	0	2.548e+05	0	0	0	0	0	0	0	0	0	0	0	0	0	0	0	0	0	0	0	0	0	0	0	
17024	1760.328	3.45e+19	0	0	100000	1.96415936	4.337e-08	0.02035	0.001465	1.668e-08	0.2942	2.03e+04	171.5	0.001367	0.1982	8.42e-10	0.0008841	0	0.0003068	1.28e-15	1.043e-21	6.596e-26	8.794e-26	1.099e-25	1.66e-09	1.251e-09	1.824e-11	0.04334	1.23e-11	1.648e-26	0.2694	1.105e-07	2.502e-08	1.286e-08	0	0	0	0	0	0	0	0	0	0	0	0	0	0	0	0	0	0	0	0	0	0	0	5.329e+04	0	0	0	0	0	0	0	0	0	0	0	0	0	0	0	2.552e+05	0	0	0	0	0	0	0	0	0	0	0	0	0	0	0	0	0	0	0	0	0	0	0	
17052	1760.328	3.45e+19	0	0	100000	1.96420103	4.326e-08	0.02034	0.001467	1.682e-08	0.2948	2.034e+04	171.8	0.001382	0.199	8.474e-10	0.0008878	0	0.0003102	1.283e-15	1.06e-21	6.609e-26	8.812e-26	1.101e-25	1.667e-09	1.259e-09	1.84e-11	0.04345	1.238e-11	1.662e-26	0.27	1.107e-07	2.507e-08	1.289e-08	0	0	0	0	0	0	0	0	0	0	0	0	0	0	0	0	0	0	0	0	0	0	0	5.338e+04	0	0	0	0	0	0	0	0	0	0	0	0	0	0	0	2.556e+05	0	0	0	0	0	0	0	0	0	0	0	0	0	0	0	0	0	0	0	0	0	0	0	
17080	1760.328	3.45e+19	0	0	100000	1.9642427	4.316e-08	0.02034	0.001471	1.698e-08	0.2954	2.038e+04	172.2	0.001398	0.1999	8.531e-10	0.0008918	0	0.0003136	1.285e-15	1.076e-21	6.623e-26	8.831e-26	1.104e-25	1.675e-09	1.268e-09	1.856e-11	0.04357	1.246e-11	1.677e-26	0.2706	1.109e-07	2.513e-08	1.291e-08	0	0	0	0	0	0	0	0	0	0	0	0	0	0	0	0	0	0	0	0	0	0	0	5.347e+04	0	0	0	0	0	0	0	0	0	0	0	0	0	0	0	2.561e+05	0	0	0	0	0	0	0	0	0	0	0	0	0	0	0	0	0	0	0	0	0	0	0	
17108	1760.328	3.45e+19	0	0	100000	1.96428437	4.307e-08	0.02035	0.001474	1.713e-08	0.2961	2.043e+04	172.6	0.001414	0.2008	8.591e-10	0.000896	0	0.0003173	1.289e-15	1.094e-21	6.64e-26	8.853e-26	1.107e-25	1.683e-09	1.277e-09	1.873e-11	0.0437	1.255e-11	1.692e-26	0.2712	1.112e-07	2.519e-08	1.295e-08	0	0	0	0	0	0	0	0	0	0	0	0	0	0	0	0	0	0	0	0	0	0	0	5.356e+04	0	0	0	0	0	0	0	0	0	0	0	0	0	0	0	2.565e+05	0	0	0	0	0	0	0	0	0	0	0	0	0	0	0	0	0	0	0	0	0	0	0	
17136	1760.328	3.45e+19	0	0	100000	1.96432604	4.299e-08	0.02035	0.001478	1.729e-08	0.2969	2.049e+04	173.1	0.00143	0.2018	8.652e-10	0.0009004	0	0.000321	1.292e-15	1.111e-21	6.657e-26	8.876e-26	1.109e-25	1.691e-09	1.286e-09	1.891e-11	0.04384	1.263e-11	1.708e-26	0.2719	1.115e-07	2.526e-08	1.298e-08	0	0	0	0	0	0	0	0	0	0	0	0	0	0	0	0	0	0	0	0	0	0	0	5.364e+04	0	0	0	0	0	0	0	0	0	0	0	0	0	0	0	2.569e+05	0	0	0	0	0	0	0	0	0	0	0	0	0	0	0	0	0	0	0	0	0	0	0	
17164	1760.328	3.45e+19	0	0	100000	1.96436771	4.291e-08	0.02036	0.001482	1.746e-08	0.2977	2.054e+04	173.5	0.001447	0.2028	8.715e-10	0.0009049	0	0.0003248	1.296e-15	1.13e-21	6.675e-26	8.9e-26	1.113e-25	1.699e-09	1.295e-09	1.909e-11	0.04399	1.273e-11	1.725e-26	0.2727	1.118e-07	2.533e-08	1.302e-08	0	0	0	0	0	0	0	0	0	0	0	0	0	0	0	0	0	0	0	0	0	0	0	5.373e+04	0	0	0	0	0	0	0	0	0	0	0	0	0	0	0	2.573e+05	0	0	0	0	0	0	0	0	0	0	0	0	0	0	0	0	0	0	0	0	0	0	0	
17192	1760.328	3.45e+19	0	0	100000	1.96440938	4.284e-08	0.02038	0.001486	1.763e-08	0.2986	2.06e+04	174	0.001465	0.2039	8.78e-10	0.0009096	0	0.0003287	1.299e-15	1.148e-21	6.695e-26	8.926e-26	1.116e-25	1.708e-09	1.305e-09	1.928e-11	0.04414	1.282e-11	1.742e-26	0.2735	1.121e-07	2.54e-08	1.305e-08	0	0	0	0	0	0	0	0	0	0	0	0	0	0	0	0	0	0	0	0	0	0	0	5.382e+04	0	0	0	0	0	0	0	0	0	0	0	0	0	0	0	2.577e+05	0	0	0	0	0	0	0	0	0	0	0	0	0	0	0	0	0	0	0	0	0	0	0	
17220	1760.328	3.45e+19	0	0	100000	1.96445105	4.278e-08	0.02039	0.001491	1.78e-08	0.2995	2.067e+04	174.6	0.001482	0.205	8.846e-10	0.0009144	0	0.0003327	1.303e-15	1.168e-21	6.715e-26	8.953e-26	1.119e-25	1.717e-09	1.315e-09	1.947e-11	0.0443	1.292e-11	1.759e-26	0.2743	1.125e-07	2.548e-08	1.309e-08	0	0	0	0	0	0	0	0	0	0	0	0	0	0	0	0	0	0	0	0	0	0	0	5.391e+04	0	0	0	0	0	0	0	0	0	0	0	0	0	0	0	2.582e+05	0	0	0	0	0	0	0	0	0	0	0	0	0	0	0	0	0	0	0	0	0	0	0	
17248	1760.328	3.45e+19	0	0	100000	1.96449272	4.272e-08	0.02041	0.001496	1.798e-08	0.3004	2.073e+04	175.1	0.001501	0.2061	8.914e-10	0.0009193	0	0.0003367	1.307e-15	1.187e-21	6.736e-26	8.981e-26	1.123e-25	1.727e-09	1.325e-09	1.966e-11	0.04446	1.302e-11	1.776e-26	0.2752	1.128e-07	2.556e-08	1.313e-08	0	0	0	0	0	0	0	0	0	0	0	0	0	0	0	0	0	0	0	0	0	0	0	5.399e+04	0	0	0	0	0	0	0	0	0	0	0	0	0	0	0	2.586e+05	0	0	0	0	0	0	0	0	0	0	0	0	0	0	0	0	0	0	0	0	0	0	0	
17276	1760.328	3.45e+19	0	0	100000	1.96453439	4.266e-08	0.02043	0.0015	1.816e-08	0.3014	2.08e+04	175.7	0.001519	0.2072	8.984e-10	0.0009244	0	0.0003409	1.312e-15	1.207e-21	6.758e-26	9.01e-26	1.126e-25	1.736e-09	1.335e-09	1.986e-11	0.04463	1.312e-11	1.794e-26	0.276	1.132e-07	2.564e-08	1.318e-08	0	0	0	0	0	0	0	0	0	0	0	0	0	0	0	0	0	0	0	0	0	0	0	5.408e+04	0	0	0	0	0	0	0	0	0	0	0	0	0	0	0	2.59e+05	0	0	0	0	0	0	0	0	0	0	0	0	0	0	0	0	0	0	0	0	0	0	0	
17304	1760.328	3.45e+19	0	0	100000	1.96457606	4.261e-08	0.02045	0.001505	1.834e-08	0.3024	2.086e+04	176.3	0.001538	0.2083	9.054e-10	0.0009295	0	0.0003451	1.316e-15	1.228e-21	6.78e-26	9.04e-26	1.13e-25	1.746e-09	1.346e-09	2.006e-11	0.04481	1.322e-11	1.812e-26	0.2769	1.136e-07	2.572e-08	1.322e-08	0	0	0	0	0	0	0	0	0	0	0	0	0	0	0	0	0	0	0	0	0	0	0	5.417e+04	0	0	0	0	0	0	0	0	0	0	0	0	0	0	0	2.594e+05	0	0	0	0	0	0	0	0	0	0	0	0	0	0	0	0	0	0	0	0	0	0	0	
17332	1760.328	3.45e+19	0	0	100000	1.96461773	4.256e-08	0.02047	0.00151	1.853e-08	0.3034	2.093e+04	176.8	0.001557	0.2095	9.126e-10	0.0009348	0	0.0003494	1.32e-15	1.249e-21	6.802e-26	9.07e-26	1.134e-25	1.756e-09	1.356e-09	2.027e-11	0.04498	1.333e-11	1.831e-26	0.2779	1.139e-07	2.581e-08	1.326e-08	0	0	0	0	0	0	0	0	0	0	0	0	0	0	0	0	0	0	0	0	0	0	0	5.426e+04	0	0	0	0	0	0	0	0	0	0	0	0	0	0	0	2.598e+05	0	0	0	0	0	0	0	0	0	0	0	0	0	0	0	0	0	0	0	0	0	0	0	
17360	1760.328	3.45e+19	0	0	100000	1.9646594	4.251e-08	0.0205	0.001516	1.872e-08	0.3044	2.101e+04	177.5	0.001577	0.2107	9.199e-10	0.0009401	0	0.0003538	1.325e-15	1.27e-21	6.826e-26	9.101e-26	1.138e-25	1.766e-09	1.367e-09	2.047e-11	0.04516	1.343e-11	1.85e-26	0.2788	1.143e-07	2.59e-08	1.331e-08	0	0	0	0	0	0	0	0	0	0	0	0	0	0	0	0	0	0	0	0	0	0	0	5.435e+04	0	0	0	0	0	0	0	0	0	0	0	0	0	0	0	2.603e+05	0	0	0	0	0	0	0	0	0	0	0	0	0	0	0	0	0	0	0	0	0	0	0	
17388	1760.328	3.45e+19	0	0	100000	1.96470107	4.246e-08	0.02052	0.001521	1.892e-08	0.3055	2.108e+04	178.1	0.001597	0.2119	9.273e-10	0.0009455	0	0.0003583	1.329e-15	1.292e-21	6.849e-26	9.132e-26	1.142e-25	1.776e-09	1.378e-09	2.069e-11	0.04535	1.354e-11	1.869e-26	0.2798	1.147e-07	2.599e-08	1.335e-08	0	0	0	0	0	0	0	0	0	0	0	0	0	0	0	0	0	0	0	0	0	0	0	5.443e+04	0	0	0	0	0	0	0	0	0	0	0	0	0	0	0	2.607e+05	0	0	0	0	0	0	0	0	0	0	0	0	0	0	0	0	0	0	0	0	0	0	0	
17416	1760.328	3.45e+19	0	0	100000	1.96474274	4.242e-08	0.02054	0.001526	1.911e-08	0.3066	2.115e+04	178.7	0.001617	0.2132	9.347e-10	0.0009509	0	0.0003629	1.334e-15	1.315e-21	6.873e-26	9.164e-26	1.146e-25	1.786e-09	1.389e-09	2.09e-11	0.04553	1.365e-11	1.888e-26	0.2808	1.151e-07	2.608e-08	1.34e-08	0	0	0	0	0	0	0	0	0	0	0	0	0	0	0	0	0	0	0	0	0	0	0	5.452e+04	0	0	0	0	0	0	0	0	0	0	0	0	0	0	0	2.611e+05	0	0	0	0	0	0	0	0	0	0	0	0	0	0	0	0	0	0	0	0	0	0	0	
17444	1760.328	3.45e+19	0	0	100000	1.96478441	4.237e-08	0.02057	0.001531	1.931e-08	0.3076	2.123e+04	179.3	0.001638	0.2144	9.423e-10	0.0009565	0	0.0003675	1.339e-15	1.338e-21	6.897e-26	9.196e-26	1.15e-25	1.796e-09	1.4e-09	2.112e-11	0.04572	1.376e-11	1.908e-26	0.2817	1.155e-07	2.617e-08	1.345e-08	0	0	0	0	0	0	0	0	0	0	0	0	0	0	0	0	0	0	0	0	0	0	0	5.461e+04	0	0	0	0	0	0	0	0	0	0	0	0	0	0	0	2.615e+05	0	0	0	0	0	0	0	0	0	0	0	0	0	0	0	0	0	0	0	0	0	0	0	
17472	1760.328	3.45e+19	0	0	100000	1.96482608	4.233e-08	0.0206	0.001537	1.951e-08	0.3087	2.13e+04	180	0.001658	0.2156	9.5e-10	0.0009621	0	0.0003722	1.343e-15	1.361e-21	6.922e-26	9.229e-26	1.154e-25	1.807e-09	1.412e-09	2.134e-11	0.04591	1.387e-11	1.928e-26	0.2827	1.159e-07	2.626e-08	1.35e-08	0	0	0	0	0	0	0	0	0	0	0	0	0	0	0	0	0	0	0	0	0	0	0	5.47e+04	0	0	0	0	0	0	0	0	0	0	0	0	0	0	0	2.619e+05	0	0	0	0	0	0	0	0	0	0	0	0	0	0	0	0	0	0	0	0	0	0	0	
17500	1760.328	3.45e+19	0	0	100000	1.96486775	4.229e-08	0.02062	0.001542	1.972e-08	0.3098	2.138e+04	180.6	0.00168	0.2169	9.578e-10	0.0009677	0	0.0003769	1.348e-15	1.385e-21	6.947e-26	9.262e-26	1.158e-25	1.817e-09	1.423e-09	2.156e-11	0.0461	1.399e-11	1.948e-26	0.2838	1.164e-07	2.636e-08	1.354e-08	0	0	0	0	0	0	0	0	0	0	0	0	0	0	0	0	0	0	0	0	0	0	0	5.478e+04	0	0	0	0	0	0	0	0	0	0	0	0	0	0	0	2.624e+05	0	0	0	0	0	0	0	0	0	0	0	0	0	0	0	0	0	0	0	0	0	0	0	
17528	1760.328	3.45e+19	0	0	100000	1.96490942	4.225e-08	0.02065	0.001548	1.992e-08	0.3109	2.145e+04	181.2	0.001701	0.2182	9.656e-10	0.0009734	0	0.0003817	1.353e-15	1.409e-21	6.971e-26	9.295e-26	1.162e-25	1.828e-09	1.435e-09	2.179e-11	0.04629	1.41e-11	1.968e-26	0.2848	1.168e-07	2.645e-08	1.359e-08	0	0	0	0	0	0	0	0	0	0	0	0	0	0	0	0	0	0	0	0	0	0	0	5.487e+04	0	0	0	0	0	0	0	0	0	0	0	0	0	0	0	2.628e+05	0	0	0	0	0	0	0	0	0	0	0	0	0	0	0	0	0	0	0	0	0	0	0	
17556	1760.328	3.45e+19	0	0	100000	1.96495109	4.22e-08	0.02068	0.001554	2.013e-08	0.3121	2.153e+04	181.9	0.001723	0.2195	9.735e-10	0.0009791	0	0.0003866	1.358e-15	1.433e-21	6.997e-26	9.329e-26	1.166e-25	1.839e-09	1.447e-09	2.202e-11	0.04649	1.422e-11	1.989e-26	0.2858	1.172e-07	2.654e-08	1.364e-08	0	0	0	0	0	0	0	0	0	0	0	0	0	0	0	0	0	0	0	0	0	0	0	5.496e+04	0	0	0	0	0	0	0	0	0	0	0	0	0	0	0	2.632e+05	0	0	0	0	0	0	0	0	0	0	0	0	0	0	0	0	0	0	0	0	0	0	0	
17584	1760.328	3.45e+19	0	0	100000	1.96499276	4.216e-08	0.0207	0.001559	2.035e-08	0.3132	2.161e+04	182.6	0.001745	0.2208	9.815e-10	0.0009849	0	0.0003916	1.363e-15	1.458e-21	7.022e-26	9.362e-26	1.17e-25	1.85e-09	1.459e-09	2.225e-11	0.04669	1.433e-11	2.01e-26	0.2868	1.176e-07	2.664e-08	1.369e-08	0	0	0	0	0	0	0	0	0	0	0	0	0	0	0	0	0	0	0	0	0	0	0	5.505e+04	0	0	0	0	0	0	0	0	0	0	0	0	0	0	0	2.636e+05	0	0	0	0	0	0	0	0	0	0	0	0	0	0	0	0	0	0	0	0	0	0	0	
17612	1760.328	3.45e+19	0	0	100000	1.96503443	4.212e-08	0.02073	0.001565	2.056e-08	0.3143	2.169e+04	183.2	0.001768	0.2221	9.896e-10	0.0009908	0	0.0003967	1.368e-15	1.484e-21	7.047e-26	9.396e-26	1.175e-25	1.861e-09	1.471e-09	2.248e-11	0.04688	1.445e-11	2.031e-26	0.2879	1.18e-07	2.674e-08	1.374e-08	0	0	0	0	0	0	0	0	0	0	0	0	0	0	0	0	0	0	0	0	0	0	0	5.513e+04	0	0	0	0	0	0	0	0	0	0	0	0	0	0	0	2.64e+05	0	0	0	0	0	0	0	0	0	0	0	0	0	0	0	0	0	0	0	0	0	0	0	
17640	1760.328	3.45e+19	0	0	100000	1.9650761	4.208e-08	0.02076	0.00157	2.078e-08	0.3155	2.177e+04	183.9	0.00179	0.2234	9.978e-10	0.0009966	0	0.0004018	1.373e-15	1.51e-21	7.073e-26	9.43e-26	1.179e-25	1.872e-09	1.483e-09	2.272e-11	0.04708	1.457e-11	2.053e-26	0.2889	1.185e-07	2.683e-08	1.379e-08	0	0	0	0	0	0	0	0	0	0	0	0	0	0	0	0	0	0	0	0	0	0	0	5.522e+04	0	0	0	0	0	0	0	0	0	0	0	0	0	0	0	2.645e+05	0	0	0	0	0	0	0	0	0	0	0	0	0	0	0	0	0	0	0	0	0	0	0	
17668	1760.328	3.45e+19	0	0	100000	1.96511777	4.204e-08	0.02078	0.001576	2.1e-08	0.3166	2.185e+04	184.5	0.001814	0.2247	1.006e-09	0.001003	0	0.000407	1.378e-15	1.537e-21	7.098e-26	9.464e-26	1.183e-25	1.883e-09	1.495e-09	2.296e-11	0.04728	1.469e-11	2.074e-26	0.29	1.189e-07	2.693e-08	1.384e-08	0	0	0	0	0	0	0	0	0	0	0	0	0	0	0	0	0	0	0	0	0	0	0	5.531e+04	0	0	0	0	0	0	0	0	0	0	0	0	0	0	0	2.649e+05	0	0	0	0	0	0	0	0	0	0	0	0	0	0	0	0	0	0	0	0	0	0	0	
17696	1760.328	3.45e+19	0	0	100000	1.96515944	4.2e-08	0.02081	0.001582	2.122e-08	0.3177	2.192e+04	185.2	0.001837	0.2261	1.014e-09	0.001008	0	0.0004122	1.383e-15	1.564e-21	7.124e-26	9.499e-26	1.187e-25	1.894e-09	1.507e-09	2.32e-11	0.04748	1.481e-11	2.096e-26	0.291	1.193e-07	2.703e-08	1.389e-08	0	0	0	0	0	0	0	0	0	0	0	0	0	0	0	0	0	0	0	0	0	0	0	5.54e+04	0	0	0	0	0	0	0	0	0	0	0	0	0	0	0	2.653e+05	0	0	0	0	0	0	0	0	0	0	0	0	0	0	0	0	0	0	0	0	0	0	0	
17724	1760.328	3.45e+19	0	0	100000	1.96520111	4.195e-08	0.02084	0.001588	2.144e-08	0.3189	2.2e+04	185.9	0.001861	0.2274	1.023e-09	0.001014	0	0.0004175	1.388e-15	1.591e-21	7.15e-26	9.533e-26	1.192e-25	1.905e-09	1.52e-09	2.345e-11	0.04768	1.493e-11	2.118e-26	0.2921	1.198e-07	2.713e-08	1.394e-08	0	0	0	0	0	0	0	0	0	0	0	0	0	0	0	0	0	0	0	0	0	0	0	5.548e+04	0	0	0	0	0	0	0	0	0	0	0	0	0	0	0	2.657e+05	0	0	0	0	0	0	0	0	0	0	0	0	0	0	0	0	0	0	0	0	0	0	0	
17752	1760.328	3.45e+19	0	0	100000	1.96524278	4.191e-08	0.02087	0.001593	2.167e-08	0.32	2.208e+04	186.5	0.001885	0.2287	1.031e-09	0.001021	0	0.0004229	1.393e-15	1.619e-21	7.176e-26	9.567e-26	1.196e-25	1.917e-09	1.532e-09	2.37e-11	0.04789	1.506e-11	2.141e-26	0.2931	1.202e-07	2.722e-08	1.399e-08	0	0	0	0	0	0	0	0	0	0	0	0	0	0	0	0	0	0	0	0	0	0	0	5.557e+04	0	0	0	0	0	0	0	0	0	0	0	0	0	0	0	2.661e+05	0	0	0	0	0	0	0	0	0	0	0	0	0	0	0	0	0	0	0	0	0	0	0	
17780	1760.328	3.45e+19	0	0	100000	1.96528445	4.187e-08	0.02089	0.001599	2.19e-08	0.3212	2.216e+04	187.2	0.001909	0.2301	1.04e-09	0.001027	0	0.0004284	1.398e-15	1.648e-21	7.201e-26	9.602e-26	1.2e-25	1.928e-09	1.545e-09	2.395e-11	0.04809	1.518e-11	2.164e-26	0.2942	1.206e-07	2.732e-08	1.404e-08	0	0	0	0	0	0	0	0	0	0	0	0	0	0	0	0	0	0	0	0	0	0	0	5.566e+04	0	0	0	0	0	0	0	0	0	0	0	0	0	0	0	2.665e+05	0	0	0	0	0	0	0	0	0	0	0	0	0	0	0	0	0	0	0	0	0	0	0	
17808	1760.328	3.45e+19	0	0	100000	1.96532612	4.183e-08	0.02092	0.001605	2.213e-08	0.3224	2.224e+04	187.9	0.001934	0.2315	1.048e-09	0.001033	0	0.0004339	1.403e-15	1.677e-21	7.227e-26	9.637e-26	1.205e-25	1.939e-09	1.558e-09	2.42e-11	0.04829	1.531e-11	2.186e-26	0.2952	1.211e-07	2.742e-08	1.409e-08	0	0	0	0	0	0	0	0	0	0	0	0	0	0	0	0	0	0	0	0	0	0	0	5.575e+04	0	0	0	0	0	0	0	0	0	0	0	0	0	0	0	2.67e+05	0	0	0	0	0	0	0	0	0	0	0	0	0	0	0	0	0	0	0	0	0	0	0	
17836	1760.328	3.45e+19	0	0	100000	1.96536779	4.178e-08	0.02095	0.001611	2.237e-08	0.3235	2.232e+04	188.6	0.001959	0.2328	1.057e-09	0.001039	0	0.0004396	1.408e-15	1.706e-21	7.253e-26	9.671e-26	1.209e-25	1.951e-09	1.571e-09	2.446e-11	0.0485	1.543e-11	2.21e-26	0.2963	1.215e-07	2.752e-08	1.414e-08	0	0	0	0	0	0	0	0	0	0	0	0	0	0	0	0	0	0	0	0	0	0	0	5.584e+04	0	0	0	0	0	0	0	0	0	0	0	0	0	0	0	2.674e+05	0	0	0	0	0	0	0	0	0	0	0	0	0	0	0	0	0	0	0	0	0	0	0	
17864	1760.328	3.45e+19	0	0	100000	1.96540946	4.174e-08	0.02097	0.001616	2.26e-08	0.3247	2.24e+04	189.2	0.001984	0.2342	1.066e-09	0.001045	0	0.0004452	1.413e-15	1.736e-21	7.279e-26	9.706e-26	1.213e-25	1.962e-09	1.584e-09	2.472e-11	0.0487	1.556e-11	2.233e-26	0.2974	1.219e-07	2.762e-08	1.419e-08	0	0	0	0	0	0	0	0	0	0	0	0	0	0	0	0	0	0	0	0	0	0	0	5.592e+04	0	0	0	0	0	0	0	0	0	0	0	0	0	0	0	2.678e+05	0	0	0	0	0	0	0	0	0	0	0	0	0	0	0	0	0	0	0	0	0	0	0	
17892	1760.328	3.45e+19	0	0	100000	1.96545113	4.169e-08	0.021	0.001622	2.284e-08	0.3258	2.248e+04	189.9	0.00201	0.2356	1.074e-09	0.001051	0	0.000451	1.418e-15	1.767e-21	7.305e-26	9.741e-26	1.218e-25	1.974e-09	1.597e-09	2.498e-11	0.04891	1.569e-11	2.257e-26	0.2984	1.224e-07	2.772e-08	1.424e-08	0	0	0	0	0	0	0	0	0	0	0	0	0	0	0	0	0	0	0	0	0	0	0	5.601e+04	0	0	0	0	0	0	0	0	0	0	0	0	0	0	0	2.682e+05	0	0	0	0	0	0	0	0	0	0	0	0	0	0	0	0	0	0	0	0	0	0	0	
17920	1760.328	3.45e+19	0	0	100000	1.9654928	4.165e-08	0.02102	0.001628	2.309e-08	0.327	2.256e+04	190.6	0.002036	0.237	1.083e-09	0.001057	0	0.0004568	1.423e-15	1.798e-21	7.332e-26	9.775e-26	1.222e-25	1.986e-09	1.61e-09	2.524e-11	0.04911	1.582e-11	2.281e-26	0.2995	1.228e-07	2.782e-08	1.429e-08	0	0	0	0	0	0	0	0	0	0	0	0	0	0	0	0	0	0	0	0	0	0	0	5.61e+04	0	0	0	0	0	0	0	0	0	0	0	0	0	0	0	2.686e+05	0	0	0	0	0	0	0	0	0	0	0	0	0	0	0	0	0	0	0	0	0	0	0	
17948	1760.328	3.45e+19	0	0	100000	1.96553447	4.16e-08	0.02105	0.001634	2.333e-08	0.3282	2.264e+04	191.3	0.002062	0.2384	1.092e-09	0.001064	0	0.0004627	1.428e-15	1.83e-21	7.358e-26	9.81e-26	1.226e-25	1.997e-09	1.623e-09	2.551e-11	0.04932	1.595e-11	2.305e-26	0.3006	1.232e-07	2.791e-08	1.435e-08	0	0	0	0	0	0	0	0	0	0	0	0	0	0	0	0	0	0	0	0	0	0	0	5.619e+04	0	0	0	0	0	0	0	0	0	0	0	0	0	0	0	2.691e+05	0	0	0	0	0	0	0	0	0	0	0	0	0	0	0	0	0	0	0	0	0	0	0	
17976	1760.328	3.45e+19	0	0	100000	1.96557614	4.156e-08	0.02108	0.001639	2.358e-08	0.3293	2.272e+04	192	0.002089	0.2398	1.101e-09	0.00107	0	0.0004687	1.433e-15	1.862e-21	7.384e-26	9.845e-26	1.231e-25	2.009e-09	1.636e-09	2.578e-11	0.04953	1.608e-11	2.329e-26	0.3016	1.237e-07	2.801e-08	1.44e-08	0	0	0	0	0	0	0	0	0	0	0	0	0	0	0	0	0	0	0	0	0	0	0	5.627e+04	0	0	0	0	0	0	0	0	0	0	0	0	0	0	0	2.695e+05	0	0	0	0	0	0	0	0	0	0	0	0	0	0	0	0	0	0	0	0	0	0	0	
18004	1760.328	3.45e+19	0	0	100000	1.96561781	4.151e-08	0.0211	0.001645	2.383e-08	0.3305	2.28e+04	192.6	0.002116	0.2412	1.11e-09	0.001076	0	0.0004748	1.438e-15	1.895e-21	7.41e-26	9.88e-26	1.235e-25	2.021e-09	1.65e-09	2.606e-11	0.04974	1.621e-11	2.354e-26	0.3027	1.241e-07	2.811e-08	1.445e-08	0	0	0	0	0	0	0	0	0	0	0	0	0	0	0	0	0	0	0	0	0	0	0	5.636e+04	0	0	0	0	0	0	0	0	0	0	0	0	0	0	0	2.699e+05	0	0	0	0	0	0	0	0	0	0	0	0	0	0	0	0	0	0	0	0	0	0	0	
18032	1760.328	3.45e+19	0	0	100000	1.96565948	4.146e-08	0.02113	0.001651	2.408e-08	0.3317	2.288e+04	193.3	0.002143	0.2426	1.119e-09	0.001082	0	0.0004809	1.443e-15	1.929e-21	7.436e-26	9.915e-26	1.239e-25	2.033e-09	1.663e-09	2.633e-11	0.04994	1.635e-11	2.379e-26	0.3038	1.245e-07	2.821e-08	1.45e-08	0	0	0	0	0	0	0	0	0	0	0	0	0	0	0	0	0	0	0	0	0	0	0	5.645e+04	0	0	0	0	0	0	0	0	0	0	0	0	0	0	0	2.703e+05	0	0	0	0	0	0	0	0	0	0	0	0	0	0	0	0	0	0	0	0	0	0	0	
18060	1760.328	3.45e+19	0	0	100000	1.96570115	4.141e-08	0.02115	0.001657	2.433e-08	0.3328	2.296e+04	194	0.002171	0.244	1.129e-09	0.001089	0	0.0004872	1.448e-15	1.963e-21	7.462e-26	9.95e-26	1.244e-25	2.045e-09	1.677e-09	2.661e-11	0.05015	1.648e-11	2.404e-26	0.3048	1.25e-07	2.831e-08	1.455e-08	0	0	0	0	0	0	0	0	0	0	0	0	0	0	0	0	0	0	0	0	0	0	0	5.654e+04	0	0	0	0	0	0	0	0	0	0	0	0	0	0	0	2.707e+05	0	0	0	0	0	0	0	0	0	0	0	0	0	0	0	0	0	0	0	0	0	0	0	
18088	1760.328	3.45e+19	0	0	100000	1.96574282	4.136e-08	0.02118	0.001663	2.459e-08	0.334	2.305e+04	194.7	0.002199	0.2455	1.138e-09	0.001095	0	0.0004935	1.453e-15	1.998e-21	7.488e-26	9.984e-26	1.248e-25	2.057e-09	1.691e-09	2.689e-11	0.05036	1.662e-11	2.429e-26	0.3059	1.254e-07	2.841e-08	1.46e-08	0	0	0	0	0	0	0	0	0	0	0	0	0	0	0	0	0	0	0	0	0	0	0	5.662e+04	0	0	0	0	0	0	0	0	0	0	0	0	0	0	0	2.712e+05	0	0	0	0	0	0	0	0	0	0	0	0	0	0	0	0	0	0	0	0	0	0	0	
18116	1760.328	3.45e+19	0	0	100000	1.96578449	4.131e-08	0.0212	0.001669	2.485e-08	0.3352	2.313e+04	195.4	0.002228	0.2469	1.147e-09	0.001102	0	0.0004999	1.458e-15	2.033e-21	7.514e-26	1.002e-25	1.252e-25	2.069e-09	1.705e-09	2.717e-11	0.05057	1.675e-11	2.455e-26	0.307	1.259e-07	2.851e-08	1.465e-08	0	0	0	0	0	0	0	0	0	0	0	0	0	0	0	0	0	0	0	0	0	0	0	5.671e+04	0	0	0	0	0	0	0	0	0	0	0	0	0	0	0	2.716e+05	0	0	0	0	0	0	0	0	0	0	0	0	0	0	0	0	0	0	0	0	0	0	0	
18144	1760.328	3.45e+19	0	0	100000	1.96582616	4.126e-08	0.02122	0.001674	2.511e-08	0.3363	2.321e+04	196	0.002256	0.2483	1.157e-09	0.001108	0	0.0005063	1.463e-15	2.069e-21	7.541e-26	1.005e-25	1.257e-25	2.081e-09	1.719e-09	2.746e-11	0.05078	1.689e-11	2.481e-26	0.308	1.263e-07	2.861e-08	1.47e-08	0	0	0	0	0	0	0	0	0	0	0	0	0	0	0	0	0	0	0	0	0	0	0	5.68e+04	0	0	0	0	0	0	0	0	0	0	0	0	0	0	0	2.72e+05	0	0	0	0	0	0	0	0	0	0	0	0	0	0	0	0	0	0	0	0	0	0	0	
18172	1760.328	3.45e+19	0	0	100000	1.96586783	4.121e-08	0.02125	0.00168	2.538e-08	0.3375	2.329e+04	196.7	0.002286	0.2498	1.166e-09	0.001114	0	0.0005129	1.469e-15	2.106e-21	7.567e-26	1.009e-25	1.261e-25	2.093e-09	1.733e-09	2.775e-11	0.05099	1.703e-11	2.507e-26	0.3091	1.267e-07	2.871e-08	1.475e-08	0	0	0	0	0	0	0	0	0	0	0	0	0	0	0	0	0	0	0	0	0	0	0	5.689e+04	0	0	0	0	0	0	0	0	0	0	0	0	0	0	0	2.724e+05	0	0	0	0	0	0	0	0	0	0	0	0	0	0	0	0	0	0	0	0	0	0	0	
18200	1760.328	3.45e+19	0	0	100000	1.9659095	4.116e-08	0.02127	0.001686	2.565e-08	0.3387	2.337e+04	197.4	0.002315	0.2512	1.176e-09	0.001121	0	0.0005195	1.474e-15	2.143e-21	7.593e-26	1.012e-25	1.265e-25	2.105e-09	1.747e-09	2.804e-11	0.0512	1.717e-11	2.534e-26	0.3102	1.272e-07	2.881e-08	1.48e-08	0	0	0	0	0	0	0	0	0	0	0	0	0	0	0	0	0	0	0	0	0	0	0	5.697e+04	0	0	0	0	0	0	0	0	0	0	0	0	0	0	0	2.728e+05	0	0	0	0	0	0	0	0	0	0	0	0	0	0	0	0	0	0	0	0	0	0	0	
18228	1760.328	3.45e+19	0	0	100000	1.96595117	4.111e-08	0.02129	0.001692	2.592e-08	0.3398	2.345e+04	198.1	0.002345	0.2527	1.185e-09	0.001127	0	0.0005262	1.479e-15	2.181e-21	7.619e-26	1.016e-25	1.27e-25	2.117e-09	1.761e-09	2.834e-11	0.05141	1.731e-11	2.56e-26	0.3112	1.276e-07	2.891e-08	1.486e-08	0	0	0	0	0	0	0	0	0	0	0	0	0	0	0	0	0	0	0	0	0	0	0	5.706e+04	0	0	0	0	0	0	0	0	0	0	0	0	0	0	0	2.733e+05	0	0	0	0	0	0	0	0	0	0	0	0	0	0	0	0	0	0	0	0	0	0	0	
18256	1760.328	3.45e+19	0	0	100000	1.96599284	4.106e-08	0.02132	0.001698	2.619e-08	0.341	2.353e+04	198.8	0.002375	0.2542	1.195e-09	0.001134	0	0.000533	1.484e-15	2.22e-21	7.645e-26	1.019e-25	1.274e-25	2.13e-09	1.776e-09	2.864e-11	0.05162	1.745e-11	2.587e-26	0.3123	1.281e-07	2.901e-08	1.491e-08	0	0	0	0	0	0	0	0	0	0	0	0	0	0	0	0	0	0	0	0	0	0	0	5.715e+04	0	0	0	0	0	0	0	0	0	0	0	0	0	0	0	2.737e+05	0	0	0	0	0	0	0	0	0	0	0	0	0	0	0	0	0	0	0	0	0	0	0	
18284	1760.328	3.45e+19	0	0	100000	1.96603451	4.1e-08	0.02134	0.001703	2.647e-08	0.3422	2.361e+04	199.4	0.002406	0.2556	1.205e-09	0.00114	0	0.0005399	1.489e-15	2.259e-21	7.671e-26	1.023e-25	1.279e-25	2.142e-09	1.79e-09	2.894e-11	0.05183	1.759e-11	2.615e-26	0.3134	1.285e-07	2.91e-08	1.496e-08	0	0	0	0	0	0	0	0	0	0	0	0	0	0	0	0	0	0	0	0	0	0	0	5.724e+04	0	0	0	0	0	0	0	0	0	0	0	0	0	0	0	2.741e+05	0	0	0	0	0	0	0	0	0	0	0	0	0	0	0	0	0	0	0	0	0	0	0	
18312	1760.328	3.45e+19	0	0	100000	1.96607618	4.095e-08	0.02136	0.001709	2.675e-08	0.3433	2.369e+04	200.1	0.002437	0.2571	1.214e-09	0.001147	0	0.0005469	1.494e-15	2.299e-21	7.697e-26	1.026e-25	1.283e-25	2.154e-09	1.805e-09	2.925e-11	0.05204	1.774e-11	2.642e-26	0.3144	1.289e-07	2.92e-08	1.501e-08	0	0	0	0	0	0	0	0	0	0	0	0	0	0	0	0	0	0	0	0	0	0	0	5.733e+04	0	0	0	0	0	0	0	0	0	0	0	0	0	0	0	2.745e+05	0	0	0	0	0	0	0	0	0	0	0	0	0	0	0	0	0	0	0	0	0	0	0	
18340	1760.328	3.45e+19	0	0	100000	1.96611785	4.089e-08	0.02138	0.001715	2.703e-08	0.3445	2.377e+04	200.8	0.002469	0.2586	1.224e-09	0.001154	0	0.000554	1.499e-15	2.34e-21	7.724e-26	1.03e-25	1.287e-25	2.167e-09	1.819e-09	2.955e-11	0.05226	1.788e-11	2.67e-26	0.3155	1.294e-07	2.93e-08	1.506e-08	0	0	0	0	0	0	0	0	0	0	0	0	0	0	0	0	0	0	0	0	0	0	0	5.741e+04	0	0	0	0	0	0	0	0	0	0	0	0	0	0	0	2.749e+05	0	0	0	0	0	0	0	0	0	0	0	0	0	0	0	0	0	0	0	0	0	0	0	
18368	1760.328	3.45e+19	0	0	100000	1.96615952	4.084e-08	0.0214	0.001721	2.731e-08	0.3457	2.385e+04	201.5	0.002501	0.2601	1.234e-09	0.00116	0	0.0005611	1.504e-15	2.381e-21	7.75e-26	1.033e-25	1.292e-25	2.179e-09	1.834e-09	2.987e-11	0.05247	1.803e-11	2.698e-26	0.3166	1.298e-07	2.94e-08	1.511e-08	0	0	0	0	0	0	0	0	0	0	0	0	0	0	0	0	0	0	0	0	0	0	0	5.75e+04	0	0	0	0	0	0	0	0	0	0	0	0	0	0	0	2.754e+05	0	0	0	0	0	0	0	0	0	0	0	0	0	0	0	0	0	0	0	0	0	0	0	
18396	1760.328	3.45e+19	0	0	100000	1.96620119	4.078e-08	0.02143	0.001727	2.76e-08	0.3468	2.393e+04	202.2	0.002533	0.2616	1.244e-09	0.001167	0	0.0005684	1.509e-15	2.423e-21	7.776e-26	1.037e-25	1.296e-25	2.192e-09	1.849e-09	3.018e-11	0.05268	1.817e-11	2.726e-26	0.3176	1.302e-07	2.95e-08	1.516e-08	0	0	0	0	0	0	0	0	0	0	0	0	0	0	0	0	0	0	0	0	0	0	0	5.759e+04	0	0	0	0	0	0	0	0	0	0	0	0	0	0	0	2.758e+05	0	0	0	0	0	0	0	0	0	0	0	0	0	0	0	0	0	0	0	0	0	0	0	
18424	1760.328	3.45e+19	0	0	100000	1.96624286	4.073e-08	0.02145	0.001732	2.789e-08	0.348	2.401e+04	202.8	0.002566	0.2631	1.254e-09	0.001174	0	0.0005757	1.514e-15	2.466e-21	7.802e-26	1.04e-25	1.3e-25	2.204e-09	1.864e-09	3.05e-11	0.0529	1.832e-11	2.755e-26	0.3187	1.307e-07	2.96e-08	1.521e-08	0	0	0	0	0	0	0	0	0	0	0	0	0	0	0	0	0	0	0	0	0	0	0	5.768e+04	0	0	0	0	0	0	0	0	0	0	0	0	0	0	0	2.762e+05	0	0	0	0	0	0	0	0	0	0	0	0	0	0	0	0	0	0	0	0	0	0	0	
18452	1760.328	3.45e+19	0	0	100000	1.96628453	4.067e-08	0.02147	0.001738	2.818e-08	0.3491	2.409e+04	203.5	0.002599	0.2646	1.265e-09	0.00118	0	0.0005832	1.519e-15	2.51e-21	7.828e-26	1.044e-25	1.305e-25	2.217e-09	1.879e-09	3.082e-11	0.05311	1.847e-11	2.784e-26	0.3198	1.311e-07	2.97e-08	1.526e-08	0	0	0	0	0	0	0	0	0	0	0	0	0	0	0	0	0	0	0	0	0	0	0	5.776e+04	0	0	0	0	0	0	0	0	0	0	0	0	0	0	0	2.766e+05	0	0	0	0	0	0	0	0	0	0	0	0	0	0	0	0	0	0	0	0	0	0	0	
18480	1760.328	3.45e+19	0	0	100000	1.9663262	4.061e-08	0.02149	0.001744	2.848e-08	0.3503	2.417e+04	204.2	0.002632	0.2661	1.275e-09	0.001187	0	0.0005907	1.524e-15	2.555e-21	7.854e-26	1.047e-25	1.309e-25	2.23e-09	1.895e-09	3.114e-11	0.05332	1.862e-11	2.813e-26	0.3208	1.316e-07	2.98e-08	1.531e-08	0	0	0	0	0	0	0	0	0	0	0	0	0	0	0	0	0	0	0	0	0	0	0	5.785e+04	0	0	0	0	0	0	0	0	0	0	0	0	0	0	0	2.77e+05	0	0	0	0	0	0	0	0	0	0	0	0	0	0	0	0	0	0	0	0	0	0	0	
18508	1760.328	3.45e+19	0	0	100000	1.96636787	4.055e-08	0.02151	0.00175	2.878e-08	0.3515	2.425e+04	204.9	0.002666	0.2676	1.285e-09	0.001194	0	0.0005983	1.529e-15	2.6e-21	7.88e-26	1.051e-25	1.313e-25	2.242e-09	1.91e-09	3.147e-11	0.05354	1.877e-11	2.843e-26	0.3219	1.32e-07	2.99e-08	1.536e-08	0	0	0	0	0	0	0	0	0	0	0	0	0	0	0	0	0	0	0	0	0	0	0	5.794e+04	0	0	0	0	0	0	0	0	0	0	0	0	0	0	0	2.775e+05	0	0	0	0	0	0	0	0	0	0	0	0	0	0	0	0	0	0	0	0	0	0	0	
18536	1760.328	3.45e+19	0	0	100000	1.96640954	4.049e-08	0.02153	0.001756	2.908e-08	0.3526	2.433e+04	205.5	0.002701	0.2692	1.296e-09	0.001201	0	0.0006061	1.534e-15	2.646e-21	7.906e-26	1.054e-25	1.318e-25	2.255e-09	1.925e-09	3.18e-11	0.05375	1.892e-11	2.873e-26	0.323	1.324e-07	3e-08	1.542e-08	0	0	0	0	0	0	0	0	0	0	0	0	0	0	0	0	0	0	0	0	0	0	0	5.803e+04	0	0	0	0	0	0	0	0	0	0	0	0	0	0	0	2.779e+05	0	0	0	0	0	0	0	0	0	0	0	0	0	0	0	0	0	0	0	0	0	0	0	
18564	1760.328	3.45e+19	0	0	100000	1.96645121	4.043e-08	0.02155	0.001761	2.939e-08	0.3538	2.441e+04	206.2	0.002736	0.2707	1.306e-09	0.001208	0	0.0006139	1.539e-15	2.693e-21	7.932e-26	1.058e-25	1.322e-25	2.268e-09	1.941e-09	3.213e-11	0.05397	1.907e-11	2.903e-26	0.324	1.329e-07	3.009e-08	1.547e-08	0	0	0	0	0	0	0	0	0	0	0	0	0	0	0	0	0	0	0	0	0	0	0	5.811e+04	0	0	0	0	0	0	0	0	0	0	0	0	0	0	0	2.783e+05	0	0	0	0	0	0	0	0	0	0	0	0	0	0	0	0	0	0	0	0	0	0	0	
18592	1760.328	3.45e+19	0	0	100000	1.96649288	4.037e-08	0.02157	0.001767	2.969e-08	0.355	2.449e+04	206.9	0.002771	0.2722	1.317e-09	0.001214	0	0.0006218	1.545e-15	2.741e-21	7.958e-26	1.061e-25	1.326e-25	2.281e-09	1.957e-09	3.247e-11	0.05418	1.923e-11	2.933e-26	0.3251	1.333e-07	3.019e-08	1.552e-08	0	0	0	0	0	0	0	0	0	0	0	0	0	0	0	0	0	0	0	0	0	0	0	5.82e+04	0	0	0	0	0	0	0	0	0	0	0	0	0	0	0	2.787e+05	0	0	0	0	0	0	0	0	0	0	0	0	0	0	0	0	0	0	0	0	0	0	0	
18620	1760.328	3.45e+19	0	0	100000	1.96653455	4.031e-08	0.02158	0.001773	3e-08	0.3561	2.457e+04	207.6	0.002807	0.2738	1.327e-09	0.001221	0	0.0006298	1.55e-15	2.789e-21	7.984e-26	1.065e-25	1.331e-25	2.294e-09	1.972e-09	3.281e-11	0.05439	1.938e-11	2.964e-26	0.3261	1.337e-07	3.029e-08	1.557e-08	0	0	0	0	0	0	0	0	0	0	0	0	0	0	0	0	0	0	0	0	0	0	0	5.829e+04	0	0	0	0	0	0	0	0	0	0	0	0	0	0	0	2.791e+05	0	0	0	0	0	0	0	0	0	0	0	0	0	0	0	0	0	0	0	0	0	0	0	
18648	1760.328	3.45e+19	0	0	100000	1.96657622	4.025e-08	0.0216	0.001779	3.032e-08	0.3573	2.465e+04	208.2	0.002843	0.2753	1.338e-09	0.001228	0	0.0006379	1.555e-15	2.839e-21	8.01e-26	1.068e-25	1.335e-25	2.307e-09	1.988e-09	3.315e-11	0.05461	1.954e-11	2.995e-26	0.3272	1.342e-07	3.039e-08	1.562e-08	0	0	0	0	0	0	0	0	0	0	0	0	0	0	0	0	0	0	0	0	0	0	0	5.838e+04	0	0	0	0	0	0	0	0	0	0	0	0	0	0	0	2.796e+05	0	0	0	0	0	0	0	0	0	0	0	0	0	0	0	0	0	0	0	0	0	0	0	
18676	1760.328	3.45e+19	0	0	100000	1.96661789	4.018e-08	0.02162	0.001784	3.064e-08	0.3584	2.473e+04	208.9	0.002879	0.2768	1.349e-09	0.001235	0	0.0006461	1.56e-15	2.889e-21	8.036e-26	1.071e-25	1.339e-25	2.32e-09	2.004e-09	3.35e-11	0.05482	1.97e-11	3.026e-26	0.3282	1.346e-07	3.049e-08	1.567e-08	0	0	0	0	0	0	0	0	0	0	0	0	0	0	0	0	0	0	0	0	0	0	0	5.847e+04	0	0	0	0	0	0	0	0	0	0	0	0	0	0	0	2.8e+05	0	0	0	0	0	0	0	0	0	0	0	0	0	0	0	0	0	0	0	0	0	0	0	
18704	1760.328	3.45e+19	0	0	100000	1.96665956	4.012e-08	0.02164	0.00179	3.096e-08	0.3596	2.481e+04	209.6	0.002917	0.2784	1.36e-09	0.001242	0	0.0006545	1.565e-15	2.941e-21	8.061e-26	1.075e-25	1.344e-25	2.333e-09	2.02e-09	3.385e-11	0.05504	1.985e-11	3.058e-26	0.3293	1.35e-07	3.058e-08	1.572e-08	0	0	0	0	0	0	0	0	0	0	0	0	0	0	0	0	0	0	0	0	0	0	0	5.855e+04	0	0	0	0	0	0	0	0	0	0	0	0	0	0	0	2.804e+05	0	0	0	0	0	0	0	0	0	0	0	0	0	0	0	0	0	0	0	0	0	0	0	
18732	1760.328	3.45e+19	0	0	100000	1.96670123	4.005e-08	0.02165	0.001796	3.128e-08	0.3607	2.489e+04	210.2	0.002954	0.28	1.37e-09	0.001249	0	0.0006629	1.57e-15	2.993e-21	8.087e-26	1.078e-25	1.348e-25	2.346e-09	2.037e-09	3.42e-11	0.05525	2.001e-11	3.09e-26	0.3303	1.355e-07	3.068e-08	1.577e-08	0	0	0	0	0	0	0	0	0	0	0	0	0	0	0	0	0	0	0	0	0	0	0	5.864e+04	0	0	0	0	0	0	0	0	0	0	0	0	0	0	0	2.808e+05	0	0	0	0	0	0	0	0	0	0	0	0	0	0	0	0	0	0	0	0	0	0	0	
18760	1760.328	3.45e+19	0	0	100000	1.9667429	3.999e-08	0.02167	0.001801	3.16e-08	0.3618	2.497e+04	210.9	0.002992	0.2815	1.381e-09	0.001256	0	0.0006714	1.575e-15	3.046e-21	8.113e-26	1.082e-25	1.352e-25	2.359e-09	2.053e-09	3.456e-11	0.05547	2.017e-11	3.122e-26	0.3314	1.359e-07	3.078e-08	1.582e-08	0	0	0	0	0	0	0	0	0	0	0	0	0	0	0	0	0	0	0	0	0	0	0	5.873e+04	0	0	0	0	0	0	0	0	0	0	0	0	0	0	0	2.812e+05	0	0	0	0	0	0	0	0	0	0	0	0	0	0	0	0	0	0	0	0	0	0	0	
18788	1760.328	3.45e+19	0	0	100000	1.96678457	3.992e-08	0.02169	0.001807	3.193e-08	0.363	2.505e+04	211.6	0.003031	0.2831	1.392e-09	0.001263	0	0.00068	1.579e-15	3.1e-21	8.138e-26	1.085e-25	1.356e-25	2.372e-09	2.069e-09	3.492e-11	0.05569	2.034e-11	3.155e-26	0.3324	1.363e-07	3.088e-08	1.587e-08	0	0	0	0	0	0	0	0	0	0	0	0	0	0	0	0	0	0	0	0	0	0	0	5.882e+04	0	0	0	0	0	0	0	0	0	0	0	0	0	0	0	2.817e+05	0	0	0	0	0	0	0	0	0	0	0	0	0	0	0	0	0	0	0	0	0	0	0	
18816	1760.328	3.45e+19	0	0	100000	1.96682624	3.985e-08	0.0217	0.001813	3.227e-08	0.3641	2.512e+04	212.2	0.00307	0.2847	1.404e-09	0.00127	0	0.0006888	1.584e-15	3.155e-21	8.164e-26	1.089e-25	1.361e-25	2.385e-09	2.086e-09	3.529e-11	0.0559	2.05e-11	3.188e-26	0.3335	1.367e-07	3.097e-08	1.592e-08	0	0	0	0	0	0	0	0	0	0	0	0	0	0	0	0	0	0	0	0	0	0	0	5.89e+04	0	0	0	0	0	0	0	0	0	0	0	0	0	0	0	2.821e+05	0	0	0	0	0	0	0	0	0	0	0	0	0	0	0	0	0	0	0	0	0	0	0	
18844	1760.328	3.45e+19	0	0	100000	1.96686791	3.979e-08	0.02172	0.001818	3.26e-08	0.3653	2.52e+04	212.9	0.003109	0.2862	1.415e-09	0.001277	0	0.0006976	1.589e-15	3.211e-21	8.189e-26	1.092e-25	1.365e-25	2.398e-09	2.103e-09	3.565e-11	0.05612	2.066e-11	3.221e-26	0.3345	1.372e-07	3.107e-08	1.597e-08	0	0	0	0	0	0	0	0	0	0	0	0	0	0	0	0	0	0	0	0	0	0	0	5.899e+04	0	0	0	0	0	0	0	0	0	0	0	0	0	0	0	2.825e+05	0	0	0	0	0	0	0	0	0	0	0	0	0	0	0	0	0	0	0	0	0	0	0	
18872	1760.328	3.45e+19	0	0	100000	1.96690958	3.972e-08	0.02173	0.001824	3.294e-08	0.3664	2.528e+04	213.6	0.003149	0.2878	1.426e-09	0.001284	0	0.0007066	1.594e-15	3.268e-21	8.215e-26	1.095e-25	1.369e-25	2.412e-09	2.119e-09	3.602e-11	0.05633	2.083e-11	3.254e-26	0.3356	1.376e-07	3.117e-08	1.602e-08	0	0	0	0	0	0	0	0	0	0	0	0	0	0	0	0	0	0	0	0	0	0	0	5.908e+04	0	0	0	0	0	0	0	0	0	0	0	0	0	0	0	2.829e+05	0	0	0	0	0	0	0	0	0	0	0	0	0	0	0	0	0	0	0	0	0	0	0	
18900	1760.328	3.45e+19	0	0	100000	1.96695125	3.965e-08	0.02175	0.00183	3.329e-08	0.3675	2.536e+04	214.2	0.003189	0.2894	1.437e-09	0.001291	0	0.0007157	1.599e-15	3.326e-21	8.241e-26	1.099e-25	1.373e-25	2.425e-09	2.136e-09	3.64e-11	0.05655	2.099e-11	3.288e-26	0.3366	1.38e-07	3.126e-08	1.607e-08	0	0	0	0	0	0	0	0	0	0	0	0	0	0	0	0	0	0	0	0	0	0	0	5.917e+04	0	0	0	0	0	0	0	0	0	0	0	0	0	0	0	2.833e+05	0	0	0	0	0	0	0	0	0	0	0	0	0	0	0	0	0	0	0	0	0	0	0	
18928	1760.328	3.45e+19	0	0	100000	1.96699292	3.958e-08	0.02176	0.001835	3.363e-08	0.3687	2.544e+04	214.9	0.00323	0.291	1.449e-09	0.001298	0	0.0007249	1.604e-15	3.385e-21	8.266e-26	1.102e-25	1.378e-25	2.438e-09	2.153e-09	3.678e-11	0.05677	2.116e-11	3.323e-26	0.3377	1.385e-07	3.136e-08	1.612e-08	0	0	0	0	0	0	0	0	0	0	0	0	0	0	0	0	0	0	0	0	0	0	0	5.925e+04	0	0	0	0	0	0	0	0	0	0	0	0	0	0	0	2.838e+05	0	0	0	0	0	0	0	0	0	0	0	0	0	0	0	0	0	0	0	0	0	0	0	
18956	1760.328	3.45e+19	0	0	100000	1.96703459	3.951e-08	0.02178	0.001841	3.398e-08	0.3698	2.552e+04	215.6	0.003272	0.2926	1.46e-09	0.001306	0	0.0007342	1.609e-15	3.445e-21	8.292e-26	1.106e-25	1.382e-25	2.452e-09	2.17e-09	3.716e-11	0.05698	2.133e-11	3.357e-26	0.3387	1.389e-07	3.146e-08	1.617e-08	0	0	0	0	0	0	0	0	0	0	0	0	0	0	0	0	0	0	0	0	0	0	0	5.934e+04	0	0	0	0	0	0	0	0	0	0	0	0	0	0	0	2.842e+05	0	0	0	0	0	0	0	0	0	0	0	0	0	0	0	0	0	0	0	0	0	0	0	
18984	1760.328	3.45e+19	0	0	100000	1.96707626	3.944e-08	0.02179	0.001847	3.434e-08	0.371	2.56e+04	216.2	0.003314	0.2942	1.472e-09	0.001313	0	0.0007437	1.614e-15	3.507e-21	8.317e-26	1.109e-25	1.386e-25	2.465e-09	2.188e-09	3.755e-11	0.0572	2.15e-11	3.392e-26	0.3397	1.393e-07	3.155e-08	1.622e-08	0	0	0	0	0	0	0	0	0	0	0	0	0	0	0	0	0	0	0	0	0	0	0	5.943e+04	0	0	0	0	0	0	0	0	0	0	0	0	0	0	0	2.846e+05	0	0	0	0	0	0	0	0	0	0	0	0	0	0	0	0	0	0	0	0	0	0	0	
19012	1760.328	3.45e+19	0	0	100000	1.96711793	3.937e-08	0.02181	0.001852	3.469e-08	0.3721	2.567e+04	216.9	0.003357	0.2959	1.484e-09	0.00132	0	0.0007532	1.619e-15	3.569e-21	8.342e-26	1.112e-25	1.39e-25	2.479e-09	2.205e-09	3.794e-11	0.05742	2.167e-11	3.427e-26	0.3408	1.397e-07	3.165e-08	1.627e-08	0	0	0	0	0	0	0	0	0	0	0	0	0	0	0	0	0	0	0	0	0	0	0	5.952e+04	0	0	0	0	0	0	0	0	0	0	0	0	0	0	0	2.85e+05	0	0	0	0	0	0	0	0	0	0	0	0	0	0	0	0	0	0	0	0	0	0	0	
19040	1760.328	3.45e+19	0	0	100000	1.9671596	3.93e-08	0.02182	0.001858	3.505e-08	0.3732	2.575e+04	217.5	0.0034	0.2975	1.496e-09	0.001327	0	0.0007629	1.624e-15	3.633e-21	8.368e-26	1.116e-25	1.395e-25	2.493e-09	2.222e-09	3.833e-11	0.05764	2.184e-11	3.463e-26	0.3418	1.402e-07	3.175e-08	1.632e-08	0	0	0	0	0	0	0	0	0	0	0	0	0	0	0	0	0	0	0	0	0	0	0	5.96e+04	0	0	0	0	0	0	0	0	0	0	0	0	0	0	0	2.854e+05	0	0	0	0	0	0	0	0	0	0	0	0	0	0	0	0	0	0	0	0	0	0	0	
19068	1760.328	3.45e+19	0	0	100000	1.96720127	3.922e-08	0.02183	0.001864	3.542e-08	0.3744	2.583e+04	218.2	0.003444	0.2991	1.507e-09	0.001334	0	0.0007727	1.629e-15	3.697e-21	8.393e-26	1.119e-25	1.399e-25	2.506e-09	2.24e-09	3.873e-11	0.05786	2.201e-11	3.499e-26	0.3429	1.406e-07	3.184e-08	1.637e-08	0	0	0	0	0	0	0	0	0	0	0	0	0	0	0	0	0	0	0	0	0	0	0	5.969e+04	0	0	0	0	0	0	0	0	0	0	0	0	0	0	0	2.859e+05	0	0	0	0	0	0	0	0	0	0	0	0	0	0	0	0	0	0	0	0	0	0	0	
19096	1760.328	3.45e+19	0	0	100000	1.96724294	3.915e-08	0.02184	0.001869	3.579e-08	0.3755	2.591e+04	218.9	0.003488	0.3008	1.519e-09	0.001342	0	0.0007826	1.634e-15	3.763e-21	8.419e-26	1.122e-25	1.403e-25	2.52e-09	2.258e-09	3.913e-11	0.05807	2.219e-11	3.535e-26	0.3439	1.41e-07	3.194e-08	1.641e-08	0	0	0	0	0	0	0	0	0	0	0	0	0	0	0	0	0	0	0	0	0	0	0	5.978e+04	0	0	0	0	0	0	0	0	0	0	0	0	0	0	0	2.863e+05	0	0	0	0	0	0	0	0	0	0	0	0	0	0	0	0	0	0	0	0	0	0	0	
19124	1760.328	3.45e+19	0	0	100000	1.96728461	3.908e-08	0.02186	0.001875	3.616e-08	0.3766	2.599e+04	219.5	0.003533	0.3024	1.531e-09	0.001349	0	0.0007927	1.639e-15	3.83e-21	8.444e-26	1.126e-25	1.407e-25	2.534e-09	2.276e-09	3.954e-11	0.05829	2.236e-11	3.572e-26	0.3449	1.414e-07	3.204e-08	1.646e-08	0	0	0	0	0	0	0	0	0	0	0	0	0	0	0	0	0	0	0	0	0	0	0	5.987e+04	0	0	0	0	0	0	0	0	0	0	0	0	0	0	0	2.867e+05	0	0	0	0	0	0	0	0	0	0	0	0	0	0	0	0	0	0	0	0	0	0	0	
19152	1760.328	3.45e+19	0	0	100000	1.96732628	3.901e-08	0.02187	0.001881	3.653e-08	0.3777	2.606e+04	220.2	0.003578	0.304	1.543e-09	0.001356	0	0.0008029	1.644e-15	3.898e-21	8.469e-26	1.129e-25	1.412e-25	2.548e-09	2.294e-09	3.995e-11	0.05851	2.254e-11	3.609e-26	0.346	1.419e-07	3.213e-08	1.651e-08	0	0	0	0	0	0	0	0	0	0	0	0	0	0	0	0	0	0	0	0	0	0	0	5.996e+04	0	0	0	0	0	0	0	0	0	0	0	0	0	0	0	2.871e+05	0	0	0	0	0	0	0	0	0	0	0	0	0	0	0	0	0	0	0	0	0	0	0	
19180	1760.328	3.45e+19	0	0	100000	1.96736795	3.893e-08	0.02188	0.001886	3.691e-08	0.3789	2.614e+04	220.8	0.003624	0.3057	1.556e-09	0.001364	0	0.0008132	1.649e-15	3.968e-21	8.495e-26	1.133e-25	1.416e-25	2.561e-09	2.312e-09	4.036e-11	0.05873	2.272e-11	3.646e-26	0.347	1.423e-07	3.223e-08	1.656e-08	0	0	0	0	0	0	0	0	0	0	0	0	0	0	0	0	0	0	0	0	0	0	0	6.004e+04	0	0	0	0	0	0	0	0	0	0	0	0	0	0	0	2.875e+05	0	0	0	0	0	0	0	0	0	0	0	0	0	0	0	0	0	0	0	0	0	0	0	
19208	1760.328	3.45e+19	0	0	100000	1.96740962	3.886e-08	0.02189	0.001892	3.729e-08	0.38	2.622e+04	221.5	0.003671	0.3074	1.568e-09	0.001371	0	0.0008236	1.654e-15	4.038e-21	8.52e-26	1.136e-25	1.42e-25	2.575e-09	2.33e-09	4.078e-11	0.05895	2.29e-11	3.684e-26	0.348	1.427e-07	3.232e-08	1.661e-08	0	0	0	0	0	0	0	0	0	0	0	0	0	0	0	0	0	0	0	0	0	0	0	6.013e+04	0	0	0	0	0	0	0	0	0	0	0	0	0	0	0	2.88e+05	0	0	0	0	0	0	0	0	0	0	0	0	0	0	0	0	0	0	0	0	0	0	0	
19236	1760.328	3.45e+19	0	0	100000	1.96745129	3.878e-08	0.0219	0.001897	3.768e-08	0.3811	2.63e+04	222.2	0.003718	0.309	1.58e-09	0.001379	0	0.0008342	1.658e-15	4.11e-21	8.545e-26	1.139e-25	1.424e-25	2.589e-09	2.349e-09	4.12e-11	0.05917	2.308e-11	3.722e-26	0.3491	1.431e-07	3.242e-08	1.666e-08	0	0	0	0	0	0	0	0	0	0	0	0	0	0	0	0	0	0	0	0	0	0	0	6.022e+04	0	0	0	0	0	0	0	0	0	0	0	0	0	0	0	2.884e+05	0	0	0	0	0	0	0	0	0	0	0	0	0	0	0	0	0	0	0	0	0	0	0	
19264	1760.328	3.45e+19	0	0	100000	1.96749296	3.87e-08	0.02191	0.001903	3.807e-08	0.3823	2.638e+04	222.8	0.003766	0.3107	1.593e-09	0.001386	0	0.000845	1.663e-15	4.184e-21	8.57e-26	1.143e-25	1.428e-25	2.603e-09	2.367e-09	4.163e-11	0.05939	2.326e-11	3.761e-26	0.3501	1.436e-07	3.252e-08	1.671e-08	0	0	0	0	0	0	0	0	0	0	0	0	0	0	0	0	0	0	0	0	0	0	0	6.031e+04	0	0	0	0	0	0	0	0	0	0	0	0	0	0	0	2.888e+05	0	0	0	0	0	0	0	0	0	0	0	0	0	0	0	0	0	0	0	0	0	0	0	
19292	1760.328	3.45e+19	0	0	100000	1.96753463	3.863e-08	0.02192	0.001909	3.847e-08	0.3834	2.645e+04	223.5	0.003814	0.3124	1.605e-09	0.001394	0	0.0008558	1.668e-15	4.258e-21	8.596e-26	1.146e-25	1.433e-25	2.617e-09	2.386e-09	4.206e-11	0.05962	2.344e-11	3.8e-26	0.3511	1.44e-07	3.261e-08	1.676e-08	0	0	0	0	0	0	0	0	0	0	0	0	0	0	0	0	0	0	0	0	0	0	0	6.039e+04	0	0	0	0	0	0	0	0	0	0	0	0	0	0	0	2.892e+05	0	0	0	0	0	0	0	0	0	0	0	0	0	0	0	0	0	0	0	0	0	0	0	
19320	1760.328	3.45e+19	0	0	100000	1.9675763	3.855e-08	0.02193	0.001914	3.887e-08	0.3845	2.653e+04	224.1	0.003863	0.3141	1.618e-09	0.001401	0	0.0008668	1.673e-15	4.334e-21	8.621e-26	1.149e-25	1.437e-25	2.632e-09	2.405e-09	4.25e-11	0.05984	2.363e-11	3.839e-26	0.3522	1.444e-07	3.271e-08	1.681e-08	0	0	0	0	0	0	0	0	0	0	0	0	0	0	0	0	0	0	0	0	0	0	0	6.048e+04	0	0	0	0	0	0	0	0	0	0	0	0	0	0	0	2.896e+05	0	0	0	0	0	0	0	0	0	0	0	0	0	0	0	0	0	0	0	0	0	0	0	
19348	1760.328	3.45e+19	0	0	100000	1.96761797	3.847e-08	0.02194	0.00192	3.927e-08	0.3856	2.661e+04	224.8	0.003913	0.3158	1.631e-09	0.001409	0	0.000878	1.678e-15	4.412e-21	8.646e-26	1.153e-25	1.441e-25	2.646e-09	2.424e-09	4.294e-11	0.06006	2.382e-11	3.879e-26	0.3532	1.448e-07	3.28e-08	1.686e-08	0	0	0	0	0	0	0	0	0	0	0	0	0	0	0	0	0	0	0	0	0	0	0	6.057e+04	0	0	0	0	0	0	0	0	0	0	0	0	0	0	0	2.901e+05	0	0	0	0	0	0	0	0	0	0	0	0	0	0	0	0	0	0	0	0	0	0	0	
19376	1760.328	3.45e+19	0	0	100000	1.96765964	3.84e-08	0.02195	0.001925	3.968e-08	0.3868	2.669e+04	225.4	0.003963	0.3175	1.644e-09	0.001416	0	0.0008893	1.683e-15	4.491e-21	8.671e-26	1.156e-25	1.445e-25	2.66e-09	2.443e-09	4.339e-11	0.06028	2.4e-11	3.919e-26	0.3542	1.452e-07	3.29e-08	1.691e-08	0	0	0	0	0	0	0	0	0	0	0	0	0	0	0	0	0	0	0	0	0	0	0	6.066e+04	0	0	0	0	0	0	0	0	0	0	0	0	0	0	0	2.905e+05	0	0	0	0	0	0	0	0	0	0	0	0	0	0	0	0	0	0	0	0	0	0	0	
19404	1760.328	3.45e+19	0	0	100000	1.96770131	3.832e-08	0.02196	0.001931	4.009e-08	0.3879	2.676e+04	226.1	0.004014	0.3192	1.657e-09	0.001424	0	0.0009007	1.688e-15	4.571e-21	8.697e-26	1.16e-25	1.449e-25	2.674e-09	2.462e-09	4.384e-11	0.06051	2.419e-11	3.96e-26	0.3552	1.457e-07	3.299e-08	1.696e-08	0	0	0	0	0	0	0	0	0	0	0	0	0	0	0	0	0	0	0	0	0	0	0	6.074e+04	0	0	0	0	0	0	0	0	0	0	0	0	0	0	0	2.909e+05	0	0	0	0	0	0	0	0	0	0	0	0	0	0	0	0	0	0	0	0	0	0	0	
19432	1760.328	3.45e+19	0	0	100000	1.96774298	3.824e-08	0.02197	0.001937	4.05e-08	0.389	2.684e+04	226.7	0.004066	0.3209	1.67e-09	0.001432	0	0.0009123	1.693e-15	4.653e-21	8.722e-26	1.163e-25	1.454e-25	2.689e-09	2.481e-09	4.429e-11	0.06073	2.438e-11	4.001e-26	0.3563	1.461e-07	3.309e-08	1.701e-08	0	0	0	0	0	0	0	0	0	0	0	0	0	0	0	0	0	0	0	0	0	0	0	6.083e+04	0	0	0	0	0	0	0	0	0	0	0	0	0	0	0	2.913e+05	0	0	0	0	0	0	0	0	0	0	0	0	0	0	0	0	0	0	0	0	0	0	0	
19460	1760.328	3.45e+19	0	0	100000	1.96778465	3.816e-08	0.02198	0.001942	4.092e-08	0.3901	2.692e+04	227.4	0.004118	0.3226	1.683e-09	0.001439	0	0.000924	1.698e-15	4.736e-21	8.747e-26	1.166e-25	1.458e-25	2.703e-09	2.501e-09	4.475e-11	0.06095	2.457e-11	4.043e-26	0.3573	1.465e-07	3.319e-08	1.705e-08	0	0	0	0	0	0	0	0	0	0	0	0	0	0	0	0	0	0	0	0	0	0	0	6.092e+04	0	0	0	0	0	0	0	0	0	0	0	0	0	0	0	2.917e+05	0	0	0	0	0	0	0	0	0	0	0	0	0	0	0	0	0	0	0	0	0	0	0	
19488	1760.328	3.45e+19	0	0	100000	1.96782632	3.808e-08	0.02199	0.001948	4.135e-08	0.3913	2.7e+04	228.1	0.004171	0.3244	1.696e-09	0.001447	0	0.0009359	1.702e-15	4.821e-21	8.772e-26	1.17e-25	1.462e-25	2.718e-09	2.52e-09	4.521e-11	0.06118	2.477e-11	4.084e-26	0.3583	1.469e-07	3.328e-08	1.71e-08	0	0	0	0	0	0	0	0	0	0	0	0	0	0	0	0	0	0	0	0	0	0	0	6.101e+04	0	0	0	0	0	0	0	0	0	0	0	0	0	0	0	2.922e+05	0	0	0	0	0	0	0	0	0	0	0	0	0	0	0	0	0	0	0	0	0	0	0	
19516	1760.328	3.45e+19	0	0	100000	1.96786799	3.8e-08	0.022	0.001953	4.177e-08	0.3924	2.707e+04	228.7	0.004225	0.3261	1.709e-09	0.001455	0	0.000948	1.707e-15	4.907e-21	8.797e-26	1.173e-25	1.466e-25	2.732e-09	2.54e-09	4.568e-11	0.0614	2.496e-11	4.127e-26	0.3594	1.473e-07	3.338e-08	1.715e-08	0	0	0	0	0	0	0	0	0	0	0	0	0	0	0	0	0	0	0	0	0	0	0	6.109e+04	0	0	0	0	0	0	0	0	0	0	0	0	0	0	0	2.926e+05	0	0	0	0	0	0	0	0	0	0	0	0	0	0	0	0	0	0	0	0	0	0	0	
19544	1760.328	3.45e+19	0	0	100000	1.96790966	3.792e-08	0.02201	0.001959	4.221e-08	0.3935	2.715e+04	229.4	0.004279	0.3278	1.723e-09	0.001463	0	0.0009602	1.712e-15	4.995e-21	8.822e-26	1.176e-25	1.47e-25	2.747e-09	2.56e-09	4.615e-11	0.06163	2.516e-11	4.17e-26	0.3604	1.478e-07	3.347e-08	1.72e-08	0	0	0	0	0	0	0	0	0	0	0	0	0	0	0	0	0	0	0	0	0	0	0	6.118e+04	0	0	0	0	0	0	0	0	0	0	0	0	0	0	0	2.93e+05	0	0	0	0	0	0	0	0	0	0	0	0	0	0	0	0	0	0	0	0	0	0	0	
19572	1760.328	3.45e+19	0	0	100000	1.96795133	3.784e-08	0.02201	0.001964	4.264e-08	0.3946	2.723e+04	230	0.004334	0.3296	1.736e-09	0.00147	0	0.0009725	1.717e-15	5.085e-21	8.847e-26	1.18e-25	1.475e-25	2.762e-09	2.58e-09	4.663e-11	0.06185	2.536e-11	4.213e-26	0.3614	1.482e-07	3.357e-08	1.725e-08	0	0	0	0	0	0	0	0	0	0	0	0	0	0	0	0	0	0	0	0	0	0	0	6.127e+04	0	0	0	0	0	0	0	0	0	0	0	0	0	0	0	2.934e+05	0	0	0	0	0	0	0	0	0	0	0	0	0	0	0	0	0	0	0	0	0	0	0	
19600	1760.328	3.45e+19	0	0	100000	1.967993	3.776e-08	0.02202	0.00197	4.308e-08	0.3957	2.731e+04	230.7	0.00439	0.3314	1.75e-09	0.001478	0	0.000985	1.722e-15	5.176e-21	8.873e-26	1.183e-25	1.479e-25	2.776e-09	2.6e-09	4.711e-11	0.06208	2.555e-11	4.256e-26	0.3624	1.486e-07	3.366e-08	1.73e-08	0	0	0	0	0	0	0	0	0	0	0	0	0	0	0	0	0	0	0	0	0	0	0	6.136e+04	0	0	0	0	0	0	0	0	0	0	0	0	0	0	0	2.938e+05	0	0	0	0	0	0	0	0	0	0	0	0	0	0	0	0	0	0	0	0	0	0	0	
19628	1760.328	3.45e+19	0	0	100000	1.96803519	3.767e-08	0.02203	0.001976	4.354e-08	0.3969	2.738e+04	231.3	0.004447	0.3331	1.764e-09	0.001486	0	0.0009978	1.727e-15	5.27e-21	8.898e-26	1.186e-25	1.483e-25	2.791e-09	2.621e-09	4.761e-11	0.0623	2.576e-11	4.301e-26	0.3635	1.49e-07	3.376e-08	1.735e-08	0	0	0	0	0	0	0	0	0	0	0	0	0	0	0	0	0	0	0	0	0	0	0	6.145e+04	0	0	0	0	0	0	0	0	0	0	0	0	0	0	0	2.943e+05	0	0	0	0	0	0	0	0	0	0	0	0	0	0	0	0	0	0	0	0	0	0	0	
19656	1760.328	3.45e+19	0	0	100000	1.96807738	3.759e-08	0.02204	0.001981	4.399e-08	0.398	2.746e+04	232	0.004505	0.3349	1.778e-09	0.001494	0	0.001011	1.732e-15	5.365e-21	8.923e-26	1.19e-25	1.487e-25	2.806e-09	2.642e-09	4.81e-11	0.06253	2.596e-11	4.346e-26	0.3645	1.494e-07	3.385e-08	1.74e-08	0	0	0	0	0	0	0	0	0	0	0	0	0	0	0	0	0	0	0	0	0	0	0	6.153e+04	0	0	0	0	0	0	0	0	0	0	0	0	0	0	0	2.947e+05	0	0	0	0	0	0	0	0	0	0	0	0	0	0	0	0	0	0	0	0	0	0	0	
19684	1760.328	3.45e+19	0	0	100000	1.96811957	3.751e-08	0.02204	0.001987	4.445e-08	0.3991	2.754e+04	232.6	0.004563	0.3367	1.792e-09	0.001502	0	0.001024	1.737e-15	5.463e-21	8.948e-26	1.193e-25	1.491e-25	2.821e-09	2.663e-09	4.861e-11	0.06276	2.616e-11	4.391e-26	0.3655	1.499e-07	3.395e-08	1.745e-08	0	0	0	0	0	0	0	0	0	0	0	0	0	0	0	0	0	0	0	0	0	0	0	6.162e+04	0	0	0	0	0	0	0	0	0	0	0	0	0	0	0	2.951e+05	0	0	0	0	0	0	0	0	0	0	0	0	0	0	0	0	0	0	0	0	0	0	0	
19712	1760.328	3.45e+19	0	0	100000	1.96816176	3.742e-08	0.02205	0.001992	4.491e-08	0.4002	2.761e+04	233.3	0.004623	0.3385	1.806e-09	0.00151	0	0.001037	1.741e-15	5.562e-21	8.973e-26	1.196e-25	1.495e-25	2.836e-09	2.684e-09	4.911e-11	0.06299	2.637e-11	4.437e-26	0.3665	1.503e-07	3.404e-08	1.749e-08	0	0	0	0	0	0	0	0	0	0	0	0	0	0	0	0	0	0	0	0	0	0	0	6.171e+04	0	0	0	0	0	0	0	0	0	0	0	0	0	0	0	2.955e+05	0	0	0	0	0	0	0	0	0	0	0	0	0	0	0	0	0	0	0	0	0	0	0	
19740	1760.328	3.45e+19	0	0	100000	1.96820395	3.734e-08	0.02205	0.001998	4.538e-08	0.4013	2.769e+04	233.9	0.004683	0.3403	1.82e-09	0.001518	0	0.001051	1.746e-15	5.663e-21	8.998e-26	1.2e-25	1.5e-25	2.851e-09	2.705e-09	4.963e-11	0.06322	2.658e-11	4.483e-26	0.3675	1.507e-07	3.414e-08	1.754e-08	0	0	0	0	0	0	0	0	0	0	0	0	0	0	0	0	0	0	0	0	0	0	0	6.18e+04	0	0	0	0	0	0	0	0	0	0	0	0	0	0	0	2.959e+05	0	0	0	0	0	0	0	0	0	0	0	0	0	0	0	0	0	0	0	0	0	0	0	
19768	1760.328	3.45e+19	0	0	100000	1.96824614	3.725e-08	0.02206	0.002003	4.586e-08	0.4024	2.777e+04	234.6	0.004744	0.3421	1.834e-09	0.001526	0	0.001064	1.751e-15	5.766e-21	9.023e-26	1.203e-25	1.504e-25	2.867e-09	2.726e-09	5.015e-11	0.06345	2.679e-11	4.53e-26	0.3686	1.511e-07	3.423e-08	1.759e-08	0	0	0	0	0	0	0	0	0	0	0	0	0	0	0	0	0	0	0	0	0	0	0	6.188e+04	0	0	0	0	0	0	0	0	0	0	0	0	0	0	0	2.964e+05	0	0	0	0	0	0	0	0	0	0	0	0	0	0	0	0	0	0	0	0	0	0	0	
19796	1760.328	3.45e+19	0	0	100000	1.96828833	3.716e-08	0.02206	0.002009	4.634e-08	0.4035	2.784e+04	235.2	0.004806	0.3439	1.849e-09	0.001534	0	0.001078	1.756e-15	5.871e-21	9.048e-26	1.206e-25	1.508e-25	2.882e-09	2.748e-09	5.067e-11	0.06368	2.7e-11	4.578e-26	0.3696	1.515e-07	3.433e-08	1.764e-08	0	0	0	0	0	0	0	0	0	0	0	0	0	0	0	0	0	0	0	0	0	0	0	6.197e+04	0	0	0	0	0	0	0	0	0	0	0	0	0	0	0	2.968e+05	0	0	0	0	0	0	0	0	0	0	0	0	0	0	0	0	0	0	0	0	0	0	0	
19824	1760.328	3.45e+19	0	0	100000	1.96833052	3.708e-08	0.02207	0.002015	4.682e-08	0.4047	2.792e+04	235.9	0.004868	0.3458	1.863e-09	0.001543	0	0.001092	1.761e-15	5.977e-21	9.073e-26	1.21e-25	1.512e-25	2.897e-09	2.769e-09	5.12e-11	0.06391	2.721e-11	4.625e-26	0.3706	1.52e-07	3.442e-08	1.769e-08	0	0	0	0	0	0	0	0	0	0	0	0	0	0	0	0	0	0	0	0	0	0	0	6.206e+04	0	0	0	0	0	0	0	0	0	0	0	0	0	0	0	2.972e+05	0	0	0	0	0	0	0	0	0	0	0	0	0	0	0	0	0	0	0	0	0	0	0	
19852	1760.328	3.45e+19	0	0	100000	1.96837271	3.699e-08	0.02207	0.00202	4.731e-08	0.4058	2.8e+04	236.5	0.004932	0.3476	1.878e-09	0.001551	0	0.001107	1.766e-15	6.086e-21	9.098e-26	1.213e-25	1.516e-25	2.912e-09	2.791e-09	5.173e-11	0.06414	2.743e-11	4.674e-26	0.3716	1.524e-07	3.452e-08	1.774e-08	0	0	0	0	0	0	0	0	0	0	0	0	0	0	0	0	0	0	0	0	0	0	0	6.215e+04	0	0	0	0	0	0	0	0	0	0	0	0	0	0	0	2.976e+05	0	0	0	0	0	0	0	0	0	0	0	0	0	0	0	0	0	0	0	0	0	0	0	
19880	1760.328	3.45e+19	0	0	100000	1.9684149	3.69e-08	0.02208	0.002026	4.78e-08	0.4069	2.808e+04	237.2	0.004996	0.3495	1.893e-09	0.001559	0	0.001121	1.771e-15	6.197e-21	9.123e-26	1.216e-25	1.52e-25	2.928e-09	2.813e-09	5.228e-11	0.06437	2.764e-11	4.723e-26	0.3726	1.528e-07	3.461e-08	1.779e-08	0	0	0	0	0	0	0	0	0	0	0	0	0	0	0	0	0	0	0	0	0	0	0	6.223e+04	0	0	0	0	0	0	0	0	0	0	0	0	0	0	0	2.98e+05	0	0	0	0	0	0	0	0	0	0	0	0	0	0	0	0	0	0	0	0	0	0	0	
19908	1760.328	3.45e+19	0	0	100000	1.96845709	3.681e-08	0.02208	0.002031	4.83e-08	0.408	2.815e+04	237.8	0.005061	0.3513	1.908e-09	0.001567	0	0.001136	1.775e-15	6.31e-21	9.148e-26	1.22e-25	1.525e-25	2.943e-09	2.835e-09	5.282e-11	0.0646	2.786e-11	4.772e-26	0.3737	1.532e-07	3.471e-08	1.784e-08	0	0	0	0	0	0	0	0	0	0	0	0	0	0	0	0	0	0	0	0	0	0	0	6.232e+04	0	0	0	0	0	0	0	0	0	0	0	0	0	0	0	2.985e+05	0	0	0	0	0	0	0	0	0	0	0	0	0	0	0	0	0	0	0	0	0	0	0	
19936	1760.328	3.45e+19	0	0	100000	1.96849928	3.673e-08	0.02208	0.002037	4.881e-08	0.4091	2.823e+04	238.5	0.005127	0.3532	1.923e-09	0.001576	0	0.00115	1.78e-15	6.425e-21	9.172e-26	1.223e-25	1.529e-25	2.959e-09	2.857e-09	5.337e-11	0.06483	2.808e-11	4.822e-26	0.3747	1.536e-07	3.48e-08	1.788e-08	0	0	0	0	0	0	0	0	0	0	0	0	0	0	0	0	0	0	0	0	0	0	0	6.241e+04	0	0	0	0	0	0	0	0	0	0	0	0	0	0	0	2.989e+05	0	0	0	0	0	0	0	0	0	0	0	0	0	0	0	0	0	0	0	0	0	0	0	
19964	1760.328	3.45e+19	0	0	100000	1.96854147	3.664e-08	0.02209	0.002042	4.932e-08	0.4102	2.831e+04	239.1	0.005194	0.355	1.938e-09	0.001584	0	0.001165	1.785e-15	6.542e-21	9.197e-26	1.226e-25	1.533e-25	2.975e-09	2.88e-09	5.393e-11	0.06506	2.83e-11	4.872e-26	0.3757	1.541e-07	3.489e-08	1.793e-08	0	0	0	0	0	0	0	0	0	0	0	0	0	0	0	0	0	0	0	0	0	0	0	6.25e+04	0	0	0	0	0	0	0	0	0	0	0	0	0	0	0	2.993e+05	0	0	0	0	0	0	0	0	0	0	0	0	0	0	0	0	0	0	0	0	0	0	0	
19992	1760.328	3.45e+19	0	0	100000	1.96858366	3.655e-08	0.02209	0.002048	4.983e-08	0.4113	2.838e+04	239.8	0.005262	0.3569	1.953e-09	0.001592	0	0.001181	1.79e-15	6.662e-21	9.222e-26	1.23e-25	1.537e-25	2.99e-09	2.903e-09	5.45e-11	0.0653	2.852e-11	4.923e-26	0.3767	1.545e-07	3.499e-08	1.798e-08	0	0	0	0	0	0	0	0	0	0	0	0	0	0	0	0	0	0	0	0	0	0	0	6.258e+04	0	0	0	0	0	0	0	0	0	0	0	0	0	0	0	2.997e+05	0	0	0	0	0	0	0	0	0	0	0	0	0	0	0	0	0	0	0	0	0	0	0	
20020	1760.328	3.45e+19	0	0	100000	1.96862585	3.646e-08	0.02209	0.002053	5.036e-08	0.4124	2.846e+04	240.4	0.00533	0.3588	1.969e-09	0.001601	0	0.001196	1.795e-15	6.783e-21	9.247e-26	1.233e-25	1.541e-25	3.006e-09	2.925e-09	5.506e-11	0.06553	2.875e-11	4.975e-26	0.3777	1.549e-07	3.508e-08	1.803e-08	0	0	0	0	0	0	0	0	0	0	0	0	0	0	0	0	0	0	0	0	0	0	0	6.267e+04	0	0	0	0	0	0	0	0	0	0	0	0	0	0	0	3.001e+05	0	0	0	0	0	0	0	0	0	0	0	0	0	0	0	0	0	0	0	0	0	0	0	
20048	1760.328	3.45e+19	0	0	100000	1.96866804	3.637e-08	0.0221	0.002059	5.088e-08	0.4136	2.854e+04	241.1	0.0054	0.3607	1.984e-09	0.001609	0	0.001212	1.8e-15	6.907e-21	9.272e-26	1.236e-25	1.545e-25	3.022e-09	2.948e-09	5.564e-11	0.06577	2.897e-11	5.027e-26	0.3788	1.553e-07	3.518e-08	1.808e-08	0	0	0	0	0	0	0	0	0	0	0	0	0	0	0	0	0	0	0	0	0	0	0	6.276e+04	0	0	0	0	0	0	0	0	0	0	0	0	0	0	0	3.006e+05	0	0	0	0	0	0	0	0	0	0	0	0	0	0	0	0	0	0	0	0	0	0	0	
20076	1760.328	3.45e+19	0	0	100000	1.96871023	3.628e-08	0.0221	0.002064	5.141e-08	0.4147	2.861e+04	241.7	0.00547	0.3626	2e-09	0.001618	0	0.001228	1.804e-15	7.034e-21	9.297e-26	1.24e-25	1.549e-25	3.038e-09	2.971e-09	5.622e-11	0.066	2.92e-11	5.079e-26	0.3798	1.557e-07	3.527e-08	1.813e-08	0	0	0	0	0	0	0	0	0	0	0	0	0	0	0	0	0	0	0	0	0	0	0	6.285e+04	0	0	0	0	0	0	0	0	0	0	0	0	0	0	0	3.01e+05	0	0	0	0	0	0	0	0	0	0	0	0	0	0	0	0	0	0	0	0	0	0	0	
20104	1760.328	3.45e+19	0	0	100000	1.96875242	3.619e-08	0.0221	0.00207	5.195e-08	0.4158	2.869e+04	242.3	0.005542	0.3645	2.015e-09	0.001626	0	0.001244	1.809e-15	7.162e-21	9.322e-26	1.243e-25	1.554e-25	3.054e-09	2.995e-09	5.681e-11	0.06624	2.943e-11	5.132e-26	0.3808	1.561e-07	3.537e-08	1.818e-08	0	0	0	0	0	0	0	0	0	0	0	0	0	0	0	0	0	0	0	0	0	0	0	6.294e+04	0	0	0	0	0	0	0	0	0	0	0	0	0	0	0	3.014e+05	0	0	0	0	0	0	0	0	0	0	0	0	0	0	0	0	0	0	0	0	0	0	0	
20132	1760.328	3.45e+19	0	0	100000	1.96879461	3.61e-08	0.0221	0.002075	5.249e-08	0.4169	2.876e+04	243	0.005614	0.3664	2.031e-09	0.001635	0	0.00126	1.814e-15	7.294e-21	9.347e-26	1.246e-25	1.558e-25	3.07e-09	3.018e-09	5.74e-11	0.06647	2.966e-11	5.186e-26	0.3818	1.565e-07	3.546e-08	1.822e-08	0	0	0	0	0	0	0	0	0	0	0	0	0	0	0	0	0	0	0	0	0	0	0	6.302e+04	0	0	0	0	0	0	0	0	0	0	0	0	0	0	0	3.018e+05	0	0	0	0	0	0	0	0	0	0	0	0	0	0	0	0	0	0	0	0	0	0	0	
20160	1760.328	3.45e+19	0	0	100000	1.9688368	3.601e-08	0.0221	0.002081	5.304e-08	0.418	2.884e+04	243.6	0.005688	0.3683	2.047e-09	0.001643	0	0.001276	1.819e-15	7.427e-21	9.371e-26	1.25e-25	1.562e-25	3.086e-09	3.042e-09	5.8e-11	0.06671	2.989e-11	5.24e-26	0.3828	1.57e-07	3.556e-08	1.827e-08	0	0	0	0	0	0	0	0	0	0	0	0	0	0	0	0	0	0	0	0	0	0	0	6.311e+04	0	0	0	0	0	0	0	0	0	0	0	0	0	0	0	3.022e+05	0	0	0	0	0	0	0	0	0	0	0	0	0	0	0	0	0	0	0	0	0	0	0	
20188	1760.328	3.45e+19	0	0	100000	1.96887899	3.592e-08	0.0221	0.002086	5.36e-08	0.4191	2.892e+04	244.3	0.005762	0.3703	2.063e-09	0.001652	0	0.001293	1.824e-15	7.563e-21	9.396e-26	1.253e-25	1.566e-25	3.102e-09	3.066e-09	5.861e-11	0.06694	3.013e-11	5.295e-26	0.3838	1.574e-07	3.565e-08	1.832e-08	0	0	0	0	0	0	0	0	0	0	0	0	0	0	0	0	0	0	0	0	0	0	0	6.32e+04	0	0	0	0	0	0	0	0	0	0	0	0	0	0	0	3.026e+05	0	0	0	0	0	0	0	0	0	0	0	0	0	0	0	0	0	0	0	0	0	0	0	
20216	1760.328	3.45e+19	0	0	100000	1.96892118	3.583e-08	0.0221	0.002092	5.416e-08	0.4202	2.899e+04	244.9	0.005837	0.3722	2.079e-09	0.00166	0	0.00131	1.828e-15	7.702e-21	9.421e-26	1.256e-25	1.57e-25	3.118e-09	3.09e-09	5.922e-11	0.06718	3.036e-11	5.35e-26	0.3848	1.578e-07	3.574e-08	1.837e-08	0	0	0	0	0	0	0	0	0	0	0	0	0	0	0	0	0	0	0	0	0	0	0	6.329e+04	0	0	0	0	0	0	0	0	0	0	0	0	0	0	0	3.031e+05	0	0	0	0	0	0	0	0	0	0	0	0	0	0	0	0	0	0	0	0	0	0	0	
20244	1760.328	3.45e+19	0	0	100000	1.96896337	3.574e-08	0.02211	0.002097	5.473e-08	0.4213	2.907e+04	245.6	0.005914	0.3741	2.096e-09	0.001669	0	0.001327	1.833e-15	7.843e-21	9.446e-26	1.259e-25	1.574e-25	3.135e-09	3.114e-09	5.984e-11	0.06742	3.06e-11	5.406e-26	0.3858	1.582e-07	3.584e-08	1.842e-08	0	0	0	0	0	0	0	0	0	0	0	0	0	0	0	0	0	0	0	0	0	0	0	6.337e+04	0	0	0	0	0	0	0	0	0	0	0	0	0	0	0	3.035e+05	0	0	0	0	0	0	0	0	0	0	0	0	0	0	0	0	0	0	0	0	0	0	0	
20272	1760.328	3.45e+19	0	0	100000	1.96900556	3.564e-08	0.02211	0.002103	5.53e-08	0.4224	2.915e+04	246.2	0.005991	0.3761	2.112e-09	0.001678	0	0.001344	1.838e-15	7.987e-21	9.471e-26	1.263e-25	1.578e-25	3.151e-09	3.139e-09	6.047e-11	0.06766	3.084e-11	5.463e-26	0.3869	1.586e-07	3.593e-08	1.847e-08	0	0	0	0	0	0	0	0	0	0	0	0	0	0	0	0	0	0	0	0	0	0	0	6.346e+04	0	0	0	0	0	0	0	0	0	0	0	0	0	0	0	3.039e+05	0	0	0	0	0	0	0	0	0	0	0	0	0	0	0	0	0	0	0	0	0	0	0	
20300	1760.328	3.45e+19	0	0	100000	1.96904775	3.555e-08	0.02211	0.002108	5.588e-08	0.4235	2.922e+04	246.9	0.00607	0.3781	2.129e-09	0.001687	0	0.001362	1.843e-15	8.134e-21	9.495e-26	1.266e-25	1.583e-25	3.168e-09	3.163e-09	6.11e-11	0.0679	3.108e-11	5.52e-26	0.3879	1.59e-07	3.603e-08	1.851e-08	0	0	0	0	0	0	0	0	0	0	0	0	0	0	0	0	0	0	0	0	0	0	0	6.355e+04	0	0	0	0	0	0	0	0	0	0	0	0	0	0	0	3.043e+05	0	0	0	0	0	0	0	0	0	0	0	0	0	0	0	0	0	0	0	0	0	0	0	
20328	1760.328	3.45e+19	0	0	100000	1.96908994	3.546e-08	0.02211	0.002114	5.646e-08	0.4246	2.93e+04	247.5	0.006149	0.38	2.145e-09	0.001695	0	0.00138	1.848e-15	8.284e-21	9.52e-26	1.269e-25	1.587e-25	3.184e-09	3.188e-09	6.174e-11	0.06814	3.133e-11	5.578e-26	0.3889	1.595e-07	3.612e-08	1.856e-08	0	0	0	0	0	0	0	0	0	0	0	0	0	0	0	0	0	0	0	0	0	0	0	6.364e+04	0	0	0	0	0	0	0	0	0	0	0	0	0	0	0	3.047e+05	0	0	0	0	0	0	0	0	0	0	0	0	0	0	0	0	0	0	0	0	0	0	0	
20356	1760.328	3.45e+19	0	0	100000	1.96913213	3.537e-08	0.02211	0.002119	5.705e-08	0.4257	2.937e+04	248.1	0.00623	0.382	2.162e-09	0.001704	0	0.001398	1.852e-15	8.436e-21	9.545e-26	1.273e-25	1.591e-25	3.201e-09	3.213e-09	6.239e-11	0.06838	3.157e-11	5.636e-26	0.3899	1.599e-07	3.621e-08	1.861e-08	0	0	0	0	0	0	0	0	0	0	0	0	0	0	0	0	0	0	0	0	0	0	0	6.372e+04	0	0	0	0	0	0	0	0	0	0	0	0	0	0	0	3.052e+05	0	0	0	0	0	0	0	0	0	0	0	0	0	0	0	0	0	0	0	0	0	0	0	
20384	1760.328	3.45e+19	0	0	100000	1.96917432	3.527e-08	0.02211	0.002125	5.765e-08	0.4268	2.945e+04	248.8	0.006311	0.384	2.179e-09	0.001713	0	0.001416	1.857e-15	8.592e-21	9.569e-26	1.276e-25	1.595e-25	3.217e-09	3.238e-09	6.304e-11	0.06862	3.182e-11	5.695e-26	0.3909	1.603e-07	3.631e-08	1.866e-08	0	0	0	0	0	0	0	0	0	0	0	0	0	0	0	0	0	0	0	0	0	0	0	6.381e+04	0	0	0	0	0	0	0	0	0	0	0	0	0	0	0	3.056e+05	0	0	0	0	0	0	0	0	0	0	0	0	0	0	0	0	0	0	0	0	0	0	0	
20412	1760.328	3.45e+19	0	0	100000	1.96921651	3.518e-08	0.0221	0.00213	5.825e-08	0.4279	2.953e+04	249.4	0.006394	0.386	2.196e-09	0.001722	0	0.001435	1.862e-15	8.75e-21	9.594e-26	1.279e-25	1.599e-25	3.234e-09	3.264e-09	6.37e-11	0.06886	3.207e-11	5.755e-26	0.3919	1.607e-07	3.64e-08	1.871e-08	0	0	0	0	0	0	0	0	0	0	0	0	0	0	0	0	0	0	0	0	0	0	0	6.39e+04	0	0	0	0	0	0	0	0	0	0	0	0	0	0	0	3.06e+05	0	0	0	0	0	0	0	0	0	0	0	0	0	0	0	0	0	0	0	0	0	0	0	
20440	1760.328	3.45e+19	0	0	100000	1.9692587	3.509e-08	0.0221	0.002136	5.886e-08	0.429	2.96e+04	250.1	0.006478	0.388	2.213e-09	0.001731	0	0.001454	1.867e-15	8.911e-21	9.619e-26	1.283e-25	1.603e-25	3.251e-09	3.289e-09	6.437e-11	0.0691	3.232e-11	5.815e-26	0.3929	1.611e-07	3.649e-08	1.875e-08	0	0	0	0	0	0	0	0	0	0	0	0	0	0	0	0	0	0	0	0	0	0	0	6.399e+04	0	0	0	0	0	0	0	0	0	0	0	0	0	0	0	3.064e+05	0	0	0	0	0	0	0	0	0	0	0	0	0	0	0	0	0	0	0	0	0	0	0	
20468	1760.328	3.45e+19	0	0	100000	1.96930089	3.499e-08	0.0221	0.002141	5.948e-08	0.4301	2.968e+04	250.7	0.006563	0.39	2.231e-09	0.00174	0	0.001473	1.872e-15	9.075e-21	9.644e-26	1.286e-25	1.607e-25	3.268e-09	3.315e-09	6.504e-11	0.06934	3.258e-11	5.876e-26	0.3939	1.615e-07	3.659e-08	1.88e-08	0	0	0	0	0	0	0	0	0	0	0	0	0	0	0	0	0	0	0	0	0	0	0	6.408e+04	0	0	0	0	0	0	0	0	0	0	0	0	0	0	0	3.068e+05	0	0	0	0	0	0	0	0	0	0	0	0	0	0	0	0	0	0	0	0	0	0	0	
20496	1760.328	3.45e+19	0	0	100000	1.96934308	3.49e-08	0.0221	0.002147	6.01e-08	0.4312	2.975e+04	251.4	0.006649	0.3921	2.248e-09	0.001749	0	0.001492	1.876e-15	9.243e-21	9.668e-26	1.289e-25	1.611e-25	3.285e-09	3.341e-09	6.572e-11	0.06959	3.283e-11	5.937e-26	0.3949	1.619e-07	3.668e-08	1.885e-08	0	0	0	0	0	0	0	0	0	0	0	0	0	0	0	0	0	0	0	0	0	0	0	6.416e+04	0	0	0	0	0	0	0	0	0	0	0	0	0	0	0	3.073e+05	0	0	0	0	0	0	0	0	0	0	0	0	0	0	0	0	0	0	0	0	0	0	0	
20524	1760.328	3.45e+19	0	0	100000	1.96938527	3.48e-08	0.0221	0.002152	6.073e-08	0.4323	2.983e+04	252	0.006737	0.3941	2.266e-09	0.001758	0	0.001512	1.881e-15	9.414e-21	9.693e-26	1.292e-25	1.616e-25	3.302e-09	3.367e-09	6.641e-11	0.06983	3.309e-11	6e-26	0.3959	1.624e-07	3.678e-08	1.89e-08	0	0	0	0	0	0	0	0	0	0	0	0	0	0	0	0	0	0	0	0	0	0	0	6.425e+04	0	0	0	0	0	0	0	0	0	0	0	0	0	0	0	3.077e+05	0	0	0	0	0	0	0	0	0	0	0	0	0	0	0	0	0	0	0	0	0	0	0	
20552	1760.328	3.45e+19	0	0	100000	1.96942746	3.471e-08	0.0221	0.002158	6.137e-08	0.4335	2.991e+04	252.7	0.006826	0.3962	2.284e-09	0.001767	0	0.001532	1.886e-15	9.589e-21	9.718e-26	1.296e-25	1.62e-25	3.319e-09	3.394e-09	6.712e-11	0.07008	3.335e-11	6.063e-26	0.397	1.628e-07	3.687e-08	1.895e-08	0	0	0	0	0	0	0	0	0	0	0	0	0	0	0	0	0	0	0	0	0	0	0	6.434e+04	0	0	0	0	0	0	0	0	0	0	0	0	0	0	0	3.081e+05	0	0	0	0	0	0	0	0	0	0	0	0	0	0	0	0	0	0	0	0	0	0	0	
20580	1760.328	3.45e+19	0	0	100000	1.96946965	3.462e-08	0.0221	0.002164	6.202e-08	0.4346	2.999e+04	253.3	0.006916	0.3982	2.302e-09	0.001777	0	0.001552	1.891e-15	9.767e-21	9.744e-26	1.299e-25	1.624e-25	3.337e-09	3.42e-09	6.782e-11	0.07033	3.361e-11	6.127e-26	0.398	1.632e-07	3.697e-08	1.9e-08	0	0	0	0	0	0	0	0	0	0	0	0	0	0	0	0	0	0	0	0	0	0	0	6.443e+04	0	0	0	0	0	0	0	0	0	0	0	0	0	0	0	3.085e+05	0	0	0	0	0	0	0	0	0	0	0	0	0	0	0	0	0	0	0	0	0	0	0	
20608	1760.328	3.45e+19	0	0	100000	1.96951184	3.453e-08	0.0221	0.002169	6.268e-08	0.4357	3.006e+04	254	0.007007	0.4003	2.32e-09	0.001786	0	0.001572	1.896e-15	9.948e-21	9.769e-26	1.303e-25	1.628e-25	3.354e-09	3.448e-09	6.854e-11	0.07058	3.388e-11	6.192e-26	0.3991	1.636e-07	3.706e-08	1.905e-08	0	0	0	0	0	0	0	0	0	0	0	0	0	0	0	0	0	0	0	0	0	0	0	6.451e+04	0	0	0	0	0	0	0	0	0	0	0	0	0	0	0	3.089e+05	0	0	0	0	0	0	0	0	0	0	0	0	0	0	0	0	0	0	0	0	0	0	0	
20636	1760.328	3.45e+19	0	0	100000	1.96955403	3.444e-08	0.0221	0.002175	6.334e-08	0.4369	3.014e+04	254.6	0.0071	0.4024	2.338e-09	0.001795	0	0.001593	1.901e-15	1.013e-20	9.795e-26	1.306e-25	1.632e-25	3.372e-09	3.475e-09	6.926e-11	0.07083	3.415e-11	6.257e-26	0.4001	1.641e-07	3.716e-08	1.91e-08	0	0	0	0	0	0	0	0	0	0	0	0	0	0	0	0	0	0	0	0	0	0	0	6.46e+04	0	0	0	0	0	0	0	0	0	0	0	0	0	0	0	3.094e+05	0	0	0	0	0	0	0	0	0	0	0	0	0	0	0	0	0	0	0	0	0	0	0	
20664	1760.328	3.45e+19	0	0	100000	1.96959622	3.434e-08	0.0221	0.00218	6.401e-08	0.438	3.022e+04	255.3	0.007194	0.4045	2.357e-09	0.001805	0	0.001614	1.906e-15	1.032e-20	9.82e-26	1.309e-25	1.637e-25	3.39e-09	3.502e-09	7e-11	0.07109	3.442e-11	6.323e-26	0.4011	1.645e-07	3.726e-08	1.915e-08	0	0	0	0	0	0	0	0	0	0	0	0	0	0	0	0	0	0	0	0	0	0	0	6.469e+04	0	0	0	0	0	0	0	0	0	0	0	0	0	0	0	3.098e+05	0	0	0	0	0	0	0	0	0	0	0	0	0	0	0	0	0	0	0	0	0	0	0	
20692	1760.328	3.45e+19	0	0	100000	1.96963841	3.425e-08	0.02209	0.002186	6.469e-08	0.4391	3.03e+04	256	0.00729	0.4067	2.375e-09	0.001814	0	0.001636	1.911e-15	1.051e-20	9.845e-26	1.313e-25	1.641e-25	3.407e-09	3.53e-09	7.074e-11	0.07134	3.469e-11	6.39e-26	0.4022	1.649e-07	3.735e-08	1.92e-08	0	0	0	0	0	0	0	0	0	0	0	0	0	0	0	0	0	0	0	0	0	0	0	6.478e+04	0	0	0	0	0	0	0	0	0	0	0	0	0	0	0	3.102e+05	0	0	0	0	0	0	0	0	0	0	0	0	0	0	0	0	0	0	0	0	0	0	0	
20720	1760.328	3.45e+19	0	0	100000	1.9696806	3.416e-08	0.02209	0.002192	6.537e-08	0.4403	3.038e+04	256.6	0.007386	0.4088	2.394e-09	0.001824	0	0.001657	1.916e-15	1.071e-20	9.871e-26	1.316e-25	1.645e-25	3.425e-09	3.558e-09	7.148e-11	0.07159	3.496e-11	6.458e-26	0.4032	1.653e-07	3.745e-08	1.925e-08	0	0	0	0	0	0	0	0	0	0	0	0	0	0	0	0	0	0	0	0	0	0	0	6.486e+04	0	0	0	0	0	0	0	0	0	0	0	0	0	0	0	3.106e+05	0	0	0	0	0	0	0	0	0	0	0	0	0	0	0	0	0	0	0	0	0	0	0	
20748	1760.328	3.45e+19	0	0	100000	1.96972279	3.406e-08	0.02209	0.002197	6.606e-08	0.4414	3.046e+04	257.3	0.007484	0.4109	2.413e-09	0.001833	0	0.001679	1.921e-15	1.091e-20	9.896e-26	1.319e-25	1.649e-25	3.443e-09	3.586e-09	7.224e-11	0.07185	3.524e-11	6.526e-26	0.4042	1.658e-07	3.755e-08	1.93e-08	0	0	0	0	0	0	0	0	0	0	0	0	0	0	0	0	0	0	0	0	0	0	0	6.495e+04	0	0	0	0	0	0	0	0	0	0	0	0	0	0	0	3.11e+05	0	0	0	0	0	0	0	0	0	0	0	0	0	0	0	0	0	0	0	0	0	0	0	
20776	1760.328	3.45e+19	0	0	100000	1.96976498	3.397e-08	0.02209	0.002203	6.676e-08	0.4425	3.053e+04	257.9	0.007584	0.4131	2.432e-09	0.001843	0	0.001702	1.926e-15	1.111e-20	9.921e-26	1.323e-25	1.654e-25	3.461e-09	3.614e-09	7.301e-11	0.0721	3.552e-11	6.595e-26	0.4053	1.662e-07	3.764e-08	1.934e-08	0	0	0	0	0	0	0	0	0	0	0	0	0	0	0	0	0	0	0	0	0	0	0	6.504e+04	0	0	0	0	0	0	0	0	0	0	0	0	0	0	0	3.115e+05	0	0	0	0	0	0	0	0	0	0	0	0	0	0	0	0	0	0	0	0	0	0	0	
20804	1760.328	3.45e+19	0	0	100000	1.96980717	3.388e-08	0.02209	0.002209	6.747e-08	0.4436	3.061e+04	258.6	0.007684	0.4152	2.451e-09	0.001853	0	0.001724	1.93e-15	1.132e-20	9.947e-26	1.326e-25	1.658e-25	3.479e-09	3.643e-09	7.378e-11	0.07236	3.58e-11	6.665e-26	0.4063	1.666e-07	3.774e-08	1.939e-08	0	0	0	0	0	0	0	0	0	0	0	0	0	0	0	0	0	0	0	0	0	0	0	6.513e+04	0	0	0	0	0	0	0	0	0	0	0	0	0	0	0	3.119e+05	0	0	0	0	0	0	0	0	0	0	0	0	0	0	0	0	0	0	0	0	0	0	0	
20832	1760.328	3.45e+19	0	0	100000	1.96984936	3.378e-08	0.02208	0.002214	6.818e-08	0.4448	3.069e+04	259.3	0.007786	0.4174	2.471e-09	0.001862	0	0.001747	1.935e-15	1.153e-20	9.972e-26	1.33e-25	1.662e-25	3.497e-09	3.672e-09	7.456e-11	0.07262	3.608e-11	6.736e-26	0.4073	1.67e-07	3.783e-08	1.944e-08	0	0	0	0	0	0	0	0	0	0	0	0	0	0	0	0	0	0	0	0	0	0	0	6.521e+04	0	0	0	0	0	0	0	0	0	0	0	0	0	0	0	3.123e+05	0	0	0	0	0	0	0	0	0	0	0	0	0	0	0	0	0	0	0	0	0	0	0	
20860	1760.328	3.45e+19	0	0	100000	1.96989155	3.369e-08	0.02208	0.00222	6.891e-08	0.4459	3.077e+04	259.9	0.00789	0.4196	2.49e-09	0.001872	0	0.00177	1.94e-15	1.175e-20	9.997e-26	1.333e-25	1.666e-25	3.516e-09	3.701e-09	7.535e-11	0.07287	3.637e-11	6.807e-26	0.4084	1.675e-07	3.793e-08	1.949e-08	0	0	0	0	0	0	0	0	0	0	0	0	0	0	0	0	0	0	0	0	0	0	0	6.53e+04	0	0	0	0	0	0	0	0	0	0	0	0	0	0	0	3.127e+05	0	0	0	0	0	0	0	0	0	0	0	0	0	0	0	0	0	0	0	0	0	0	0	
20888	1760.328	3.45e+19	0	0	100000	1.96993374	3.359e-08	0.02208	0.002225	6.964e-08	0.447	3.085e+04	260.6	0.007995	0.4218	2.51e-09	0.001882	0	0.001794	1.945e-15	1.197e-20	1.002e-25	1.336e-25	1.67e-25	3.534e-09	3.73e-09	7.615e-11	0.07313	3.665e-11	6.879e-26	0.4094	1.679e-07	3.803e-08	1.954e-08	0	0	0	0	0	0	0	0	0	0	0	0	0	0	0	0	0	0	0	0	0	0	0	6.539e+04	0	0	0	0	0	0	0	0	0	0	0	0	0	0	0	3.131e+05	0	0	0	0	0	0	0	0	0	0	0	0	0	0	0	0	0	0	0	0	0	0	0	
20916	1760.328	3.45e+19	0	0	100000	1.96997593	3.35e-08	0.02207	0.002231	7.037e-08	0.4482	3.092e+04	261.2	0.008101	0.424	2.53e-09	0.001892	0	0.001818	1.95e-15	1.219e-20	1.005e-25	1.34e-25	1.675e-25	3.552e-09	3.759e-09	7.696e-11	0.07339	3.694e-11	6.952e-26	0.4105	1.683e-07	3.812e-08	1.959e-08	0	0	0	0	0	0	0	0	0	0	0	0	0	0	0	0	0	0	0	0	0	0	0	6.548e+04	0	0	0	0	0	0	0	0	0	0	0	0	0	0	0	3.136e+05	0	0	0	0	0	0	0	0	0	0	0	0	0	0	0	0	0	0	0	0	0	0	0	
20944	1760.328	3.45e+19	0	0	100000	1.97001812	3.34e-08	0.02207	0.002237	7.112e-08	0.4493	3.1e+04	261.9	0.008209	0.4262	2.55e-09	0.001901	0	0.001842	1.955e-15	1.242e-20	1.007e-25	1.343e-25	1.679e-25	3.571e-09	3.789e-09	7.777e-11	0.07365	3.724e-11	7.026e-26	0.4115	1.687e-07	3.822e-08	1.964e-08	0	0	0	0	0	0	0	0	0	0	0	0	0	0	0	0	0	0	0	0	0	0	0	6.557e+04	0	0	0	0	0	0	0	0	0	0	0	0	0	0	0	3.14e+05	0	0	0	0	0	0	0	0	0	0	0	0	0	0	0	0	0	0	0	0	0	0	0	
20972	1760.328	3.45e+19	0	0	100000	1.97006031	3.331e-08	0.02207	0.002242	7.188e-08	0.4504	3.108e+04	262.6	0.008318	0.4284	2.57e-09	0.001911	0	0.001867	1.96e-15	1.265e-20	1.01e-25	1.347e-25	1.683e-25	3.59e-09	3.819e-09	7.86e-11	0.07391	3.753e-11	7.101e-26	0.4125	1.692e-07	3.832e-08	1.969e-08	0	0	0	0	0	0	0	0	0	0	0	0	0	0	0	0	0	0	0	0	0	0	0	6.565e+04	0	0	0	0	0	0	0	0	0	0	0	0	0	0	0	3.144e+05	0	0	0	0	0	0	0	0	0	0	0	0	0	0	0	0	0	0	0	0	0	0	0	
21000	1760.328	3.45e+19	0	0	100000	1.9701025	3.321e-08	0.02206	0.002248	7.264e-08	0.4516	3.116e+04	263.2	0.008429	0.4306	2.59e-09	0.001921	0	0.001891	1.965e-15	1.289e-20	1.012e-25	1.35e-25	1.687e-25	3.608e-09	3.849e-09	7.943e-11	0.07418	3.783e-11	7.176e-26	0.4136	1.696e-07	3.841e-08	1.974e-08	0	0	0	0	0	0	0	0	0	0	0	0	0	0	0	0	0	0	0	0	0	0	0	6.574e+04	0	0	0	0	0	0	0	0	0	0	0	0	0	0	0	3.148e+05	0	0	0	0	0	0	0	0	0	0	0	0	0	0	0	0	0	0	0	0	0	0	0	
21028	1760.328	3.45e+19	0	0	100000	1.97014469	3.312e-08	0.02206	0.002254	7.341e-08	0.4527	3.124e+04	263.9	0.008542	0.4329	2.611e-09	0.001931	0	0.001917	1.97e-15	1.313e-20	1.015e-25	1.353e-25	1.692e-25	3.627e-09	3.88e-09	8.028e-11	0.07444	3.813e-11	7.252e-26	0.4146	1.7e-07	3.851e-08	1.979e-08	0	0	0	0	0	0	0	0	0	0	0	0	0	0	0	0	0	0	0	0	0	0	0	6.583e+04	0	0	0	0	0	0	0	0	0	0	0	0	0	0	0	3.152e+05	0	0	0	0	0	0	0	0	0	0	0	0	0	0	0	0	0	0	0	0	0	0	0	
21056	1760.328	3.45e+19	0	0	100000	1.97018688	3.302e-08	0.02206	0.002259	7.419e-08	0.4538	3.131e+04	264.5	0.008656	0.4351	2.631e-09	0.001941	0	0.001942	1.975e-15	1.338e-20	1.018e-25	1.357e-25	1.696e-25	3.646e-09	3.91e-09	8.113e-11	0.0747	3.843e-11	7.329e-26	0.4156	1.704e-07	3.86e-08	1.984e-08	0	0	0	0	0	0	0	0	0	0	0	0	0	0	0	0	0	0	0	0	0	0	0	6.592e+04	0	0	0	0	0	0	0	0	0	0	0	0	0	0	0	3.157e+05	0	0	0	0	0	0	0	0	0	0	0	0	0	0	0	0	0	0	0	0	0	0	0	
21084	1760.328	3.45e+19	0	0	100000	1.97022907	3.293e-08	0.02205	0.002265	7.498e-08	0.455	3.139e+04	265.2	0.008771	0.4374	2.652e-09	0.001951	0	0.001968	1.98e-15	1.363e-20	1.02e-25	1.36e-25	1.7e-25	3.665e-09	3.941e-09	8.199e-11	0.07497	3.873e-11	7.407e-26	0.4167	1.709e-07	3.87e-08	1.989e-08	0	0	0	0	0	0	0	0	0	0	0	0	0	0	0	0	0	0	0	0	0	0	0	6.6e+04	0	0	0	0	0	0	0	0	0	0	0	0	0	0	0	3.161e+05	0	0	0	0	0	0	0	0	0	0	0	0	0	0	0	0	0	0	0	0	0	0	0	
21112	1760.328	3.45e+19	0	0	100000	1.97027126	3.283e-08	0.02205	0.002271	7.578e-08	0.4561	3.147e+04	265.8	0.008889	0.4397	2.673e-09	0.001962	0	0.001995	1.985e-15	1.389e-20	1.023e-25	1.363e-25	1.704e-25	3.684e-09	3.972e-09	8.286e-11	0.07523	3.904e-11	7.486e-26	0.4177	1.713e-07	3.88e-08	1.994e-08	0	0	0	0	0	0	0	0	0	0	0	0	0	0	0	0	0	0	0	0	0	0	0	6.609e+04	0	0	0	0	0	0	0	0	0	0	0	0	0	0	0	3.165e+05	0	0	0	0	0	0	0	0	0	0	0	0	0	0	0	0	0	0	0	0	0	0	0	
21140	1760.328	3.45e+19	0	0	100000	1.97031345	3.274e-08	0.02204	0.002276	7.658e-08	0.4572	3.155e+04	266.5	0.009007	0.442	2.694e-09	0.001972	0	0.002021	1.99e-15	1.415e-20	1.025e-25	1.367e-25	1.709e-25	3.703e-09	4.004e-09	8.374e-11	0.0755	3.935e-11	7.565e-26	0.4187	1.717e-07	3.889e-08	1.999e-08	0	0	0	0	0	0	0	0	0	0	0	0	0	0	0	0	0	0	0	0	0	0	0	6.618e+04	0	0	0	0	0	0	0	0	0	0	0	0	0	0	0	3.169e+05	0	0	0	0	0	0	0	0	0	0	0	0	0	0	0	0	0	0	0	0	0	0	0	
21168	1760.328	3.45e+19	0	0	100000	1.97035564	3.264e-08	0.02204	0.002282	7.74e-08	0.4584	3.163e+04	267.2	0.009128	0.4442	2.716e-09	0.001982	0	0.002048	1.994e-15	1.442e-20	1.028e-25	1.37e-25	1.713e-25	3.722e-09	4.036e-09	8.463e-11	0.07576	3.966e-11	7.646e-26	0.4198	1.721e-07	3.899e-08	2.004e-08	0	0	0	0	0	0	0	0	0	0	0	0	0	0	0	0	0	0	0	0	0	0	0	6.627e+04	0	0	0	0	0	0	0	0	0	0	0	0	0	0	0	3.173e+05	0	0	0	0	0	0	0	0	0	0	0	0	0	0	0	0	0	0	0	0	0	0	0	
21196	1760.328	3.45e+19	0	0	100000	1.97039783	3.254e-08	0.02203	0.002287	7.822e-08	0.4595	3.17e+04	267.8	0.00925	0.4465	2.737e-09	0.001992	0	0.002076	1.999e-15	1.469e-20	1.03e-25	1.374e-25	1.717e-25	3.741e-09	4.067e-09	8.554e-11	0.07603	3.997e-11	7.727e-26	0.4208	1.726e-07	3.909e-08	2.009e-08	0	0	0	0	0	0	0	0	0	0	0	0	0	0	0	0	0	0	0	0	0	0	0	6.635e+04	0	0	0	0	0	0	0	0	0	0	0	0	0	0	0	3.178e+05	0	0	0	0	0	0	0	0	0	0	0	0	0	0	0	0	0	0	0	0	0	0	0	
21224	1760.328	3.45e+19	0	0	100000	1.97044002	3.245e-08	0.02203	0.002293	7.905e-08	0.4606	3.178e+04	268.5	0.009374	0.4489	2.759e-09	0.002003	0	0.002103	2.004e-15	1.497e-20	1.033e-25	1.377e-25	1.721e-25	3.761e-09	4.1e-09	8.645e-11	0.0763	4.029e-11	7.81e-26	0.4219	1.73e-07	3.918e-08	2.014e-08	0	0	0	0	0	0	0	0	0	0	0	0	0	0	0	0	0	0	0	0	0	0	0	6.644e+04	0	0	0	0	0	0	0	0	0	0	0	0	0	0	0	3.182e+05	0	0	0	0	0	0	0	0	0	0	0	0	0	0	0	0	0	0	0	0	0	0	0	
21252	1760.328	3.45e+19	0	0	100000	1.97048221	3.235e-08	0.02202	0.002299	7.99e-08	0.4617	3.186e+04	269.1	0.0095	0.4512	2.781e-09	0.002013	0	0.002132	2.009e-15	1.525e-20	1.035e-25	1.38e-25	1.725e-25	3.78e-09	4.132e-09	8.737e-11	0.07657	4.061e-11	7.893e-26	0.4229	1.734e-07	3.928e-08	2.019e-08	0	0	0	0	0	0	0	0	0	0	0	0	0	0	0	0	0	0	0	0	0	0	0	6.653e+04	0	0	0	0	0	0	0	0	0	0	0	0	0	0	0	3.186e+05	0	0	0	0	0	0	0	0	0	0	0	0	0	0	0	0	0	0	0	0	0	0	0	
21280	1760.328	3.45e+19	0	0	100000	1.9705244	3.225e-08	0.02201	0.002304	8.075e-08	0.4629	3.194e+04	269.8	0.009627	0.4535	2.803e-09	0.002023	0	0.00216	2.014e-15	1.554e-20	1.038e-25	1.384e-25	1.73e-25	3.8e-09	4.165e-09	8.83e-11	0.07684	4.093e-11	7.977e-26	0.4239	1.738e-07	3.937e-08	2.024e-08	0	0	0	0	0	0	0	0	0	0	0	0	0	0	0	0	0	0	0	0	0	0	0	6.662e+04	0	0	0	0	0	0	0	0	0	0	0	0	0	0	0	3.19e+05	0	0	0	0	0	0	0	0	0	0	0	0	0	0	0	0	0	0	0	0	0	0	0	
21308	1760.328	3.45e+19	0	0	100000	1.97056659	3.216e-08	0.02201	0.00231	8.161e-08	0.464	3.202e+04	270.5	0.009756	0.4559	2.825e-09	0.002034	0	0.002189	2.019e-15	1.584e-20	1.04e-25	1.387e-25	1.734e-25	3.82e-09	4.198e-09	8.924e-11	0.07711	4.125e-11	8.062e-26	0.425	1.743e-07	3.947e-08	2.028e-08	0	0	0	0	0	0	0	0	0	0	0	0	0	0	0	0	0	0	0	0	0	0	0	6.67e+04	0	0	0	0	0	0	0	0	0	0	0	0	0	0	0	3.194e+05	0	0	0	0	0	0	0	0	0	0	0	0	0	0	0	0	0	0	0	0	0	0	0	
21336	1760.328	3.45e+19	0	0	100000	1.97060878	3.206e-08	0.022	0.002316	8.248e-08	0.4651	3.209e+04	271.1	0.009887	0.4582	2.847e-09	0.002044	0	0.002219	2.024e-15	1.614e-20	1.043e-25	1.39e-25	1.738e-25	3.839e-09	4.231e-09	9.019e-11	0.07738	4.158e-11	8.148e-26	0.426	1.747e-07	3.957e-08	2.033e-08	0	0	0	0	0	0	0	0	0	0	0	0	0	0	0	0	0	0	0	0	0	0	0	6.679e+04	0	0	0	0	0	0	0	0	0	0	0	0	0	0	0	3.199e+05	0	0	0	0	0	0	0	0	0	0	0	0	0	0	0	0	0	0	0	0	0	0	0	
21364	1760.328	3.45e+19	0	0	100000	1.97065097	3.196e-08	0.02199	0.002321	8.336e-08	0.4663	3.217e+04	271.8	0.01002	0.4606	2.87e-09	0.002055	0	0.002248	2.029e-15	1.644e-20	1.045e-25	1.394e-25	1.742e-25	3.859e-09	4.265e-09	9.116e-11	0.07765	4.191e-11	8.235e-26	0.427	1.751e-07	3.966e-08	2.038e-08	0	0	0	0	0	0	0	0	0	0	0	0	0	0	0	0	0	0	0	0	0	0	0	6.688e+04	0	0	0	0	0	0	0	0	0	0	0	0	0	0	0	3.203e+05	0	0	0	0	0	0	0	0	0	0	0	0	0	0	0	0	0	0	0	0	0	0	0	
21392	1760.328	3.45e+19	0	0	100000	1.97069316	3.187e-08	0.02199	0.002327	8.425e-08	0.4674	3.225e+04	272.4	0.01015	0.463	2.892e-09	0.002066	0	0.002279	2.034e-15	1.676e-20	1.048e-25	1.397e-25	1.747e-25	3.879e-09	4.298e-09	9.213e-11	0.07793	4.224e-11	8.323e-26	0.4281	1.755e-07	3.976e-08	2.043e-08	0	0	0	0	0	0	0	0	0	0	0	0	0	0	0	0	0	0	0	0	0	0	0	6.697e+04	0	0	0	0	0	0	0	0	0	0	0	0	0	0	0	3.207e+05	0	0	0	0	0	0	0	0	0	0	0	0	0	0	0	0	0	0	0	0	0	0	0	
21420	1760.328	3.45e+19	0	0	100000	1.97073535	3.177e-08	0.02198	0.002333	8.515e-08	0.4685	3.233e+04	273.1	0.01029	0.4654	2.915e-09	0.002076	0	0.002309	2.039e-15	1.707e-20	1.05e-25	1.401e-25	1.751e-25	3.899e-09	4.332e-09	9.311e-11	0.0782	4.257e-11	8.412e-26	0.4291	1.759e-07	3.986e-08	2.048e-08	0	0	0	0	0	0	0	0	0	0	0	0	0	0	0	0	0	0	0	0	0	0	0	6.706e+04	0	0	0	0	0	0	0	0	0	0	0	0	0	0	0	3.211e+05	0	0	0	0	0	0	0	0	0	0	0	0	0	0	0	0	0	0	0	0	0	0	0	
21448	1760.328	3.45e+19	0	0	100000	1.97077754	3.167e-08	0.02197	0.002338	8.606e-08	0.4697	3.241e+04	273.8	0.01043	0.4678	2.938e-09	0.002087	0	0.00234	2.044e-15	1.74e-20	1.053e-25	1.404e-25	1.755e-25	3.919e-09	4.367e-09	9.411e-11	0.07848	4.291e-11	8.502e-26	0.4301	1.764e-07	3.995e-08	2.053e-08	0	0	0	0	0	0	0	0	0	0	0	0	0	0	0	0	0	0	0	0	0	0	0	6.714e+04	0	0	0	0	0	0	0	0	0	0	0	0	0	0	0	3.215e+05	0	0	0	0	0	0	0	0	0	0	0	0	0	0	0	0	0	0	0	0	0	0	0	
21476	1760.328	3.45e+19	0	0	100000	1.97081973	3.158e-08	0.02197	0.002344	8.698e-08	0.4708	3.249e+04	274.4	0.01057	0.4702	2.962e-09	0.002098	0	0.002372	2.049e-15	1.773e-20	1.056e-25	1.407e-25	1.759e-25	3.94e-09	4.401e-09	9.511e-11	0.07875	4.325e-11	8.593e-26	0.4312	1.768e-07	4.005e-08	2.058e-08	0	0	0	0	0	0	0	0	0	0	0	0	0	0	0	0	0	0	0	0	0	0	0	6.723e+04	0	0	0	0	0	0	0	0	0	0	0	0	0	0	0	3.22e+05	0	0	0	0	0	0	0	0	0	0	0	0	0	0	0	0	0	0	0	0	0	0	0	
21504	1760.328	3.45e+19	0	0	100000	1.97086192	3.148e-08	0.02196	0.002349	8.791e-08	0.4719	3.256e+04	275.1	0.01071	0.4726	2.985e-09	0.002109	0	0.002404	2.054e-15	1.807e-20	1.058e-25	1.411e-25	1.763e-25	3.96e-09	4.436e-09	9.613e-11	0.07903	4.359e-11	8.685e-26	0.4322	1.772e-07	4.014e-08	2.063e-08	0	0	0	0	0	0	0	0	0	0	0	0	0	0	0	0	0	0	0	0	0	0	0	6.732e+04	0	0	0	0	0	0	0	0	0	0	0	0	0	0	0	3.224e+05	0	0	0	0	0	0	0	0	0	0	0	0	0	0	0	0	0	0	0	0	0	0	0	
21532	1760.328	3.45e+19	0	0	100000	1.97090411	3.138e-08	0.02195	0.002355	8.885e-08	0.4731	3.264e+04	275.7	0.01086	0.4751	3.009e-09	0.002119	0	0.002436	2.058e-15	1.841e-20	1.061e-25	1.414e-25	1.768e-25	3.98e-09	4.471e-09	9.716e-11	0.07931	4.394e-11	8.777e-26	0.4333	1.776e-07	4.024e-08	2.068e-08	0	0	0	0	0	0	0	0	0	0	0	0	0	0	0	0	0	0	0	0	0	0	0	6.741e+04	0	0	0	0	0	0	0	0	0	0	0	0	0	0	0	3.228e+05	0	0	0	0	0	0	0	0	0	0	0	0	0	0	0	0	0	0	0	0	0	0	0	
21560	1760.328	3.45e+19	0	0	100000	1.9709463	3.128e-08	0.02194	0.002361	8.98e-08	0.4742	3.272e+04	276.4	0.011	0.4775	3.033e-09	0.00213	0	0.002469	2.063e-15	1.876e-20	1.063e-25	1.418e-25	1.772e-25	4.001e-09	4.507e-09	9.82e-11	0.07959	4.429e-11	8.871e-26	0.4343	1.781e-07	4.034e-08	2.073e-08	0	0	0	0	0	0	0	0	0	0	0	0	0	0	0	0	0	0	0	0	0	0	0	6.749e+04	0	0	0	0	0	0	0	0	0	0	0	0	0	0	0	3.232e+05	0	0	0	0	0	0	0	0	0	0	0	0	0	0	0	0	0	0	0	0	0	0	0	
21588	1760.328	3.45e+19	0	0	100000	1.97098849	3.118e-08	0.02193	0.002366	9.076e-08	0.4753	3.28e+04	277.1	0.01115	0.48	3.057e-09	0.002141	0	0.002502	2.068e-15	1.912e-20	1.066e-25	1.421e-25	1.776e-25	4.022e-09	4.543e-09	9.925e-11	0.07987	4.464e-11	8.967e-26	0.4353	1.785e-07	4.043e-08	2.078e-08	0	0	0	0	0	0	0	0	0	0	0	0	0	0	0	0	0	0	0	0	0	0	0	6.758e+04	0	0	0	0	0	0	0	0	0	0	0	0	0	0	0	3.236e+05	0	0	0	0	0	0	0	0	0	0	0	0	0	0	0	0	0	0	0	0	0	0	0	
21616	1760.328	3.45e+19	0	0	100000	1.97103068	3.109e-08	0.02193	0.002372	9.174e-08	0.4765	3.288e+04	277.7	0.0113	0.4824	3.081e-09	0.002152	0	0.002536	2.073e-15	1.949e-20	1.068e-25	1.424e-25	1.78e-25	4.042e-09	4.579e-09	1.003e-10	0.08015	4.499e-11	9.063e-26	0.4364	1.789e-07	4.053e-08	2.083e-08	0	0	0	0	0	0	0	0	0	0	0	0	0	0	0	0	0	0	0	0	0	0	0	6.767e+04	0	0	0	0	0	0	0	0	0	0	0	0	0	0	0	3.241e+05	0	0	0	0	0	0	0	0	0	0	0	0	0	0	0	0	0	0	0	0	0	0	0	
21644	1760.328	3.45e+19	0	0	100000	1.97107287	3.099e-08	0.02192	0.002378	9.272e-08	0.4776	3.295e+04	278.4	0.01146	0.4849	3.105e-09	0.002163	0	0.002571	2.078e-15	1.986e-20	1.071e-25	1.428e-25	1.785e-25	4.063e-09	4.615e-09	1.014e-10	0.08043	4.535e-11	9.16e-26	0.4374	1.793e-07	4.063e-08	2.088e-08	0	0	0	0	0	0	0	0	0	0	0	0	0	0	0	0	0	0	0	0	0	0	0	6.776e+04	0	0	0	0	0	0	0	0	0	0	0	0	0	0	0	3.245e+05	0	0	0	0	0	0	0	0	0	0	0	0	0	0	0	0	0	0	0	0	0	0	0	
21672	1760.328	3.45e+19	0	0	100000	1.97111506	3.089e-08	0.02191	0.002383	9.372e-08	0.4787	3.303e+04	279	0.01161	0.4874	3.13e-09	0.002175	0	0.002605	2.083e-15	2.024e-20	1.073e-25	1.431e-25	1.789e-25	4.084e-09	4.652e-09	1.025e-10	0.08072	4.571e-11	9.258e-26	0.4384	1.798e-07	4.072e-08	2.093e-08	0	0	0	0	0	0	0	0	0	0	0	0	0	0	0	0	0	0	0	0	0	0	0	6.784e+04	0	0	0	0	0	0	0	0	0	0	0	0	0	0	0	3.249e+05	0	0	0	0	0	0	0	0	0	0	0	0	0	0	0	0	0	0	0	0	0	0	0	
21700	1760.328	3.45e+19	0	0	100000	1.97115725	3.079e-08	0.0219	0.002389	9.472e-08	0.4799	3.311e+04	279.7	0.01177	0.4899	3.155e-09	0.002186	0	0.002641	2.088e-15	2.063e-20	1.076e-25	1.434e-25	1.793e-25	4.105e-09	4.688e-09	1.036e-10	0.081	4.607e-11	9.358e-26	0.4395	1.802e-07	4.082e-08	2.098e-08	0	0	0	0	0	0	0	0	0	0	0	0	0	0	0	0	0	0	0	0	0	0	0	6.793e+04	0	0	0	0	0	0	0	0	0	0	0	0	0	0	0	3.253e+05	0	0	0	0	0	0	0	0	0	0	0	0	0	0	0	0	0	0	0	0	0	0	0	
21728	1760.328	3.45e+19	0	0	100000	1.97119944	3.069e-08	0.02189	0.002394	9.574e-08	0.481	3.319e+04	280.4	0.01193	0.4925	3.18e-09	0.002197	0	0.002676	2.093e-15	2.103e-20	1.078e-25	1.438e-25	1.797e-25	4.126e-09	4.726e-09	1.047e-10	0.08129	4.644e-11	9.458e-26	0.4405	1.806e-07	4.091e-08	2.103e-08	0	0	0	0	0	0	0	0	0	0	0	0	0	0	0	0	0	0	0	0	0	0	0	6.802e+04	0	0	0	0	0	0	0	0	0	0	0	0	0	0	0	3.257e+05	0	0	0	0	0	0	0	0	0	0	0	0	0	0	0	0	0	0	0	0	0	0	0	
21756	1760.328	3.45e+19	0	0	100000	1.97124163	3.06e-08	0.02188	0.0024	9.677e-08	0.4821	3.327e+04	281	0.01209	0.495	3.205e-09	0.002208	0	0.002713	2.098e-15	2.143e-20	1.081e-25	1.441e-25	1.802e-25	4.147e-09	4.763e-09	1.058e-10	0.08157	4.681e-11	9.56e-26	0.4415	1.81e-07	4.101e-08	2.108e-08	0	0	0	0	0	0	0	0	0	0	0	0	0	0	0	0	0	0	0	0	0	0	0	6.811e+04	0	0	0	0	0	0	0	0	0	0	0	0	0	0	0	3.262e+05	0	0	0	0	0	0	0	0	0	0	0	0	0	0	0	0	0	0	0	0	0	0	0	
21784	1760.328	3.45e+19	0	0	100000	1.97128382	3.05e-08	0.02187	0.002406	9.781e-08	0.4833	3.334e+04	281.7	0.01225	0.4975	3.231e-09	0.00222	0	0.00275	2.103e-15	2.184e-20	1.083e-25	1.445e-25	1.806e-25	4.169e-09	4.801e-09	1.07e-10	0.08186	4.718e-11	9.662e-26	0.4426	1.815e-07	4.111e-08	2.113e-08	0	0	0	0	0	0	0	0	0	0	0	0	0	0	0	0	0	0	0	0	0	0	0	6.82e+04	0	0	0	0	0	0	0	0	0	0	0	0	0	0	0	3.266e+05	0	0	0	0	0	0	0	0	0	0	0	0	0	0	0	0	0	0	0	0	0	0	0	
21812	1760.328	3.45e+19	0	0	100000	1.97132601	3.04e-08	0.02186	0.002411	9.886e-08	0.4844	3.342e+04	282.3	0.01242	0.5001	3.256e-09	0.002231	0	0.002787	2.108e-15	2.226e-20	1.086e-25	1.448e-25	1.81e-25	4.19e-09	4.839e-09	1.081e-10	0.08215	4.755e-11	9.766e-26	0.4436	1.819e-07	4.12e-08	2.117e-08	0	0	0	0	0	0	0	0	0	0	0	0	0	0	0	0	0	0	0	0	0	0	0	6.828e+04	0	0	0	0	0	0	0	0	0	0	0	0	0	0	0	3.27e+05	0	0	0	0	0	0	0	0	0	0	0	0	0	0	0	0	0	0	0	0	0	0	0	
21840	1760.328	3.45e+19	0	0	100000	1.9713682	3.03e-08	0.02185	0.002417	9.993e-08	0.4855	3.35e+04	283	0.01259	0.5027	3.282e-09	0.002243	0	0.002825	2.113e-15	2.269e-20	1.089e-25	1.451e-25	1.814e-25	4.212e-09	4.878e-09	1.093e-10	0.08244	4.793e-11	9.872e-26	0.4447	1.823e-07	4.13e-08	2.122e-08	0	0	0	0	0	0	0	0	0	0	0	0	0	0	0	0	0	0	0	0	0	0	0	6.837e+04	0	0	0	0	0	0	0	0	0	0	0	0	0	0	0	3.274e+05	0	0	0	0	0	0	0	0	0	0	0	0	0	0	0	0	0	0	0	0	0	0	0	
21868	1760.328	3.45e+19	0	0	100000	1.97141039	3.02e-08	0.02184	0.002423	1.01e-07	0.4866	3.358e+04	283.7	0.01276	0.5052	3.308e-09	0.002254	0	0.002863	2.118e-15	2.313e-20	1.091e-25	1.455e-25	1.818e-25	4.233e-09	4.916e-09	1.104e-10	0.08273	4.831e-11	9.978e-26	0.4457	1.827e-07	4.14e-08	2.127e-08	0	0	0	0	0	0	0	0	0	0	0	0	0	0	0	0	0	0	0	0	0	0	0	6.846e+04	0	0	0	0	0	0	0	0	0	0	0	0	0	0	0	3.278e+05	0	0	0	0	0	0	0	0	0	0	0	0	0	0	0	0	0	0	0	0	0	0	0	
21896	1760.328	3.45e+19	0	0	100000	1.97145258	3.01e-08	0.02183	0.002428	1.021e-07	0.4878	3.366e+04	284.3	0.01293	0.5078	3.335e-09	0.002266	0	0.002902	2.122e-15	2.358e-20	1.094e-25	1.458e-25	1.823e-25	4.255e-09	4.955e-09	1.116e-10	0.08302	4.87e-11	1.009e-25	0.4467	1.832e-07	4.149e-08	2.132e-08	0	0	0	0	0	0	0	0	0	0	0	0	0	0	0	0	0	0	0	0	0	0	0	6.855e+04	0	0	0	0	0	0	0	0	0	0	0	0	0	0	0	3.283e+05	0	0	0	0	0	0	0	0	0	0	0	0	0	0	0	0	0	0	0	0	0	0	0	
21924	1760.328	3.45e+19	0	0	100000	1.97149477	3e-08	0.02182	0.002434	1.032e-07	0.4889	3.373e+04	285	0.01311	0.5104	3.361e-09	0.002277	0	0.002942	2.127e-15	2.403e-20	1.096e-25	1.462e-25	1.827e-25	4.277e-09	4.995e-09	1.128e-10	0.08331	4.908e-11	1.019e-25	0.4478	1.836e-07	4.159e-08	2.137e-08	0	0	0	0	0	0	0	0	0	0	0	0	0	0	0	0	0	0	0	0	0	0	0	6.863e+04	0	0	0	0	0	0	0	0	0	0	0	0	0	0	0	3.287e+05	0	0	0	0	0	0	0	0	0	0	0	0	0	0	0	0	0	0	0	0	0	0	0	
21952	1760.328	3.45e+19	0	0	100000	1.97153696	2.991e-08	0.02181	0.00244	1.043e-07	0.49	3.381e+04	285.6	0.01329	0.5131	3.388e-09	0.002289	0	0.002982	2.132e-15	2.45e-20	1.099e-25	1.465e-25	1.831e-25	4.299e-09	5.035e-09	1.141e-10	0.0836	4.948e-11	1.03e-25	0.4488	1.84e-07	4.168e-08	2.142e-08	0	0	0	0	0	0	0	0	0	0	0	0	0	0	0	0	0	0	0	0	0	0	0	6.872e+04	0	0	0	0	0	0	0	0	0	0	0	0	0	0	0	3.291e+05	0	0	0	0	0	0	0	0	0	0	0	0	0	0	0	0	0	0	0	0	0	0	0	
21980	1760.328	3.45e+19	0	0	100000	1.97157915	2.981e-08	0.0218	0.002445	1.054e-07	0.4912	3.389e+04	286.3	0.01347	0.5157	3.415e-09	0.002301	0	0.003022	2.137e-15	2.497e-20	1.101e-25	1.468e-25	1.835e-25	4.321e-09	5.075e-09	1.153e-10	0.0839	4.987e-11	1.042e-25	0.4498	1.844e-07	4.178e-08	2.147e-08	0	0	0	0	0	0	0	0	0	0	0	0	0	0	0	0	0	0	0	0	0	0	0	6.881e+04	0	0	0	0	0	0	0	0	0	0	0	0	0	0	0	3.295e+05	0	0	0	0	0	0	0	0	0	0	0	0	0	0	0	0	0	0	0	0	0	0	0	
22008	1760.328	3.45e+19	0	0	100000	1.97162134	2.971e-08	0.02179	0.002451	1.066e-07	0.4923	3.397e+04	287	0.01365	0.5183	3.442e-09	0.002312	0	0.003064	2.142e-15	2.545e-20	1.104e-25	1.472e-25	1.84e-25	4.343e-09	5.115e-09	1.165e-10	0.0842	5.027e-11	1.053e-25	0.4509	1.849e-07	4.188e-08	2.152e-08	0	0	0	0	0	0	0	0	0	0	0	0	0	0	0	0	0	0	0	0	0	0	0	6.89e+04	0	0	0	0	0	0	0	0	0	0	0	0	0	0	0	3.299e+05	0	0	0	0	0	0	0	0	0	0	0	0	0	0	0	0	0	0	0	0	0	0	0	
22036	1760.328	3.45e+19	0	0	100000	1.97166353	2.961e-08	0.02178	0.002456	1.077e-07	0.4934	3.405e+04	287.6	0.01384	0.521	3.469e-09	0.002324	0	0.003105	2.147e-15	2.595e-20	1.106e-25	1.475e-25	1.844e-25	4.365e-09	5.156e-09	1.178e-10	0.08449	5.067e-11	1.064e-25	0.4519	1.853e-07	4.197e-08	2.157e-08	0	0	0	0	0	0	0	0	0	0	0	0	0	0	0	0	0	0	0	0	0	0	0	6.898e+04	0	0	0	0	0	0	0	0	0	0	0	0	0	0	0	3.304e+05	0	0	0	0	0	0	0	0	0	0	0	0	0	0	0	0	0	0	0	0	0	0	0	
22064	1760.328	3.45e+19	0	0	100000	1.97170572	2.951e-08	0.02176	0.002462	1.089e-07	0.4946	3.413e+04	288.3	0.01403	0.5237	3.497e-09	0.002336	0	0.003148	2.152e-15	2.645e-20	1.109e-25	1.478e-25	1.848e-25	4.388e-09	5.197e-09	1.191e-10	0.08479	5.107e-11	1.076e-25	0.4529	1.857e-07	4.207e-08	2.162e-08	0	0	0	0	0	0	0	0	0	0	0	0	0	0	0	0	0	0	0	0	0	0	0	6.907e+04	0	0	0	0	0	0	0	0	0	0	0	0	0	0	0	3.308e+05	0	0	0	0	0	0	0	0	0	0	0	0	0	0	0	0	0	0	0	0	0	0	0	
22092	1760.328	3.45e+19	0	0	100000	1.97174791	2.941e-08	0.02175	0.002468	1.101e-07	0.4957	3.42e+04	288.9	0.01422	0.5263	3.525e-09	0.002348	0	0.003191	2.157e-15	2.696e-20	1.111e-25	1.482e-25	1.852e-25	4.41e-09	5.238e-09	1.204e-10	0.08509	5.148e-11	1.087e-25	0.454	1.861e-07	4.217e-08	2.167e-08	0	0	0	0	0	0	0	0	0	0	0	0	0	0	0	0	0	0	0	0	0	0	0	6.916e+04	0	0	0	0	0	0	0	0	0	0	0	0	0	0	0	3.312e+05	0	0	0	0	0	0	0	0	0	0	0	0	0	0	0	0	0	0	0	0	0	0	0	
22120	1760.328	3.45e+19	0	0	100000	1.9717901	2.931e-08	0.02174	0.002473	1.113e-07	0.4968	3.428e+04	289.6	0.01442	0.529	3.553e-09	0.00236	0	0.003235	2.162e-15	2.749e-20	1.114e-25	1.485e-25	1.857e-25	4.433e-09	5.28e-09	1.217e-10	0.08539	5.189e-11	1.099e-25	0.455	1.866e-07	4.226e-08	2.172e-08	0	0	0	0	0	0	0	0	0	0	0	0	0	0	0	0	0	0	0	0	0	0	0	6.925e+04	0	0	0	0	0	0	0	0	0	0	0	0	0	0	0	3.316e+05	0	0	0	0	0	0	0	0	0	0	0	0	0	0	0	0	0	0	0	0	0	0	0	
22148	1760.328	3.45e+19	0	0	100000	1.97183229	2.921e-08	0.02173	0.002479	1.125e-07	0.498	3.436e+04	290.3	0.01461	0.5318	3.581e-09	0.002372	0	0.003279	2.167e-15	2.802e-20	1.116e-25	1.489e-25	1.861e-25	4.455e-09	5.322e-09	1.23e-10	0.08569	5.23e-11	1.111e-25	0.4561	1.87e-07	4.236e-08	2.177e-08	0	0	0	0	0	0	0	0	0	0	0	0	0	0	0	0	0	0	0	0	0	0	0	6.933e+04	0	0	0	0	0	0	0	0	0	0	0	0	0	0	0	3.32e+05	0	0	0	0	0	0	0	0	0	0	0	0	0	0	0	0	0	0	0	0	0	0	0	
22176	1760.328	3.45e+19	0	0	100000	1.97187448	2.911e-08	0.02172	0.002485	1.137e-07	0.4991	3.444e+04	290.9	0.01481	0.5345	3.61e-09	0.002384	0	0.003324	2.172e-15	2.857e-20	1.119e-25	1.492e-25	1.865e-25	4.478e-09	5.365e-09	1.243e-10	0.08599	5.272e-11	1.123e-25	0.4571	1.874e-07	4.245e-08	2.182e-08	0	0	0	0	0	0	0	0	0	0	0	0	0	0	0	0	0	0	0	0	0	0	0	6.942e+04	0	0	0	0	0	0	0	0	0	0	0	0	0	0	0	3.325e+05	0	0	0	0	0	0	0	0	0	0	0	0	0	0	0	0	0	0	0	0	0	0	0	
22204	1760.328	3.45e+19	0	0	100000	1.97191667	2.901e-08	0.0217	0.00249	1.149e-07	0.5002	3.452e+04	291.6	0.01502	0.5372	3.639e-09	0.002397	0	0.00337	2.177e-15	2.913e-20	1.122e-25	1.495e-25	1.869e-25	4.501e-09	5.407e-09	1.257e-10	0.0863	5.314e-11	1.135e-25	0.4581	1.878e-07	4.255e-08	2.187e-08	0	0	0	0	0	0	0	0	0	0	0	0	0	0	0	0	0	0	0	0	0	0	0	6.951e+04	0	0	0	0	0	0	0	0	0	0	0	0	0	0	0	3.329e+05	0	0	0	0	0	0	0	0	0	0	0	0	0	0	0	0	0	0	0	0	0	0	0	
22232	1760.328	3.45e+19	0	0	100000	1.97195886	2.891e-08	0.02169	0.002496	1.162e-07	0.5014	3.459e+04	292.2	0.01522	0.54	3.668e-09	0.002409	0	0.003416	2.182e-15	2.969e-20	1.124e-25	1.499e-25	1.873e-25	4.524e-09	5.451e-09	1.27e-10	0.0866	5.356e-11	1.148e-25	0.4592	1.883e-07	4.265e-08	2.192e-08	0	0	0	0	0	0	0	0	0	0	0	0	0	0	0	0	0	0	0	0	0	0	0	6.96e+04	0	0	0	0	0	0	0	0	0	0	0	0	0	0	0	3.333e+05	0	0	0	0	0	0	0	0	0	0	0	0	0	0	0	0	0	0	0	0	0	0	0	
22260	1760.328	3.45e+19	0	0	100000	1.97200105	2.882e-08	0.02168	0.002502	1.174e-07	0.5025	3.467e+04	292.9	0.01543	0.5427	3.697e-09	0.002421	0	0.003463	2.186e-15	3.027e-20	1.127e-25	1.502e-25	1.878e-25	4.547e-09	5.494e-09	1.284e-10	0.08691	5.399e-11	1.16e-25	0.4602	1.887e-07	4.274e-08	2.197e-08	0	0	0	0	0	0	0	0	0	0	0	0	0	0	0	0	0	0	0	0	0	0	0	6.969e+04	0	0	0	0	0	0	0	0	0	0	0	0	0	0	0	3.337e+05	0	0	0	0	0	0	0	0	0	0	0	0	0	0	0	0	0	0	0	0	0	0	0	
22288	1760.328	3.45e+19	0	0	100000	1.97204324	2.872e-08	0.02167	0.002507	1.187e-07	0.5036	3.475e+04	293.6	0.01564	0.5455	3.727e-09	0.002434	0	0.00351	2.191e-15	3.087e-20	1.129e-25	1.506e-25	1.882e-25	4.571e-09	5.538e-09	1.298e-10	0.08722	5.442e-11	1.173e-25	0.4612	1.891e-07	4.284e-08	2.202e-08	0	0	0	0	0	0	0	0	0	0	0	0	0	0	0	0	0	0	0	0	0	0	0	6.977e+04	0	0	0	0	0	0	0	0	0	0	0	0	0	0	0	3.341e+05	0	0	0	0	0	0	0	0	0	0	0	0	0	0	0	0	0	0	0	0	0	0	0	
22316	1760.328	3.45e+19	0	0	100000	1.97208543	2.862e-08	0.02165	0.002513	1.2e-07	0.5048	3.483e+04	294.2	0.01586	0.5483	3.756e-09	0.002446	0	0.003559	2.196e-15	3.147e-20	1.132e-25	1.509e-25	1.886e-25	4.594e-09	5.582e-09	1.312e-10	0.08753	5.486e-11	1.185e-25	0.4623	1.895e-07	4.294e-08	2.207e-08	0	0	0	0	0	0	0	0	0	0	0	0	0	0	0	0	0	0	0	0	0	0	0	6.986e+04	0	0	0	0	0	0	0	0	0	0	0	0	0	0	0	3.346e+05	0	0	0	0	0	0	0	0	0	0	0	0	0	0	0	0	0	0	0	0	0	0	0	
22344	1760.328	3.45e+19	0	0	100000	1.97212762	2.852e-08	0.02164	0.002518	1.213e-07	0.5059	3.491e+04	294.9	0.01608	0.5511	3.786e-09	0.002459	0	0.003608	2.201e-15	3.209e-20	1.134e-25	1.512e-25	1.89e-25	4.617e-09	5.627e-09	1.326e-10	0.08784	5.529e-11	1.198e-25	0.4633	1.9e-07	4.303e-08	2.211e-08	0	0	0	0	0	0	0	0	0	0	0	0	0	0	0	0	0	0	0	0	0	0	0	6.995e+04	0	0	0	0	0	0	0	0	0	0	0	0	0	0	0	3.35e+05	0	0	0	0	0	0	0	0	0	0	0	0	0	0	0	0	0	0	0	0	0	0	0	
22372	1760.328	3.45e+19	0	0	100000	1.97216981	2.842e-08	0.02163	0.002524	1.226e-07	0.507	3.498e+04	295.5	0.0163	0.5539	3.817e-09	0.002471	0	0.003657	2.206e-15	3.271e-20	1.137e-25	1.516e-25	1.895e-25	4.641e-09	5.672e-09	1.341e-10	0.08815	5.574e-11	1.211e-25	0.4644	1.904e-07	4.313e-08	2.216e-08	0	0	0	0	0	0	0	0	0	0	0	0	0	0	0	0	0	0	0	0	0	0	0	7.004e+04	0	0	0	0	0	0	0	0	0	0	0	0	0	0	0	3.354e+05	0	0	0	0	0	0	0	0	0	0	0	0	0	0	0	0	0	0	0	0	0	0	0	
22400	1760.328	3.45e+19	0	0	100000	1.972212	2.832e-08	0.02161	0.00253	1.239e-07	0.5081	3.506e+04	296.2	0.01652	0.5567	3.847e-09	0.002484	0	0.003708	2.211e-15	3.336e-20	1.139e-25	1.519e-25	1.899e-25	4.665e-09	5.717e-09	1.355e-10	0.08846	5.618e-11	1.224e-25	0.4654	1.908e-07	4.322e-08	2.221e-08	0	0	0	0	0	0	0	0	0	0	0	0	0	0	0	0	0	0	0	0	0	0	0	7.012e+04	0	0	0	0	0	0	0	0	0	0	0	0	0	0	0	3.358e+05	0	0	0	0	0	0	0	0	0	0	0	0	0	0	0	0	0	0	0	0	0	0	0	
22428	1760.328	3.45e+19	0	0	100000	1.97225413	2.822e-08	0.0216	0.002535	1.253e-07	0.5093	3.514e+04	296.9	0.01675	0.5596	3.878e-09	0.002496	0	0.003759	2.216e-15	3.401e-20	1.142e-25	1.522e-25	1.903e-25	4.689e-09	5.763e-09	1.37e-10	0.08877	5.663e-11	1.238e-25	0.4664	1.912e-07	4.332e-08	2.226e-08	0	0	0	0	0	0	0	0	0	0	0	0	0	0	0	0	0	0	0	0	0	0	0	7.021e+04	0	0	0	0	0	0	0	0	0	0	0	0	0	0	0	3.362e+05	0	0	0	0	0	0	0	0	0	0	0	0	0	0	0	0	0	0	0	0	0	0	0	
22456	1760.328	3.45e+19	0	0	100000	1.97229626	2.812e-08	0.02158	0.002541	1.267e-07	0.5104	3.522e+04	297.5	0.01698	0.5624	3.909e-09	0.002509	0	0.003811	2.221e-15	3.468e-20	1.144e-25	1.526e-25	1.907e-25	4.712e-09	5.809e-09	1.385e-10	0.08909	5.708e-11	1.251e-25	0.4675	1.917e-07	4.342e-08	2.231e-08	0	0	0	0	0	0	0	0	0	0	0	0	0	0	0	0	0	0	0	0	0	0	0	7.03e+04	0	0	0	0	0	0	0	0	0	0	0	0	0	0	0	3.366e+05	0	0	0	0	0	0	0	0	0	0	0	0	0	0	0	0	0	0	0	0	0	0	0	
22484	1760.328	3.45e+19	0	0	100000	1.97233839	2.802e-08	0.02157	0.002547	1.28e-07	0.5115	3.53e+04	298.2	0.01722	0.5653	3.94e-09	0.002522	0	0.003863	2.226e-15	3.536e-20	1.147e-25	1.529e-25	1.912e-25	4.736e-09	5.855e-09	1.4e-10	0.0894	5.754e-11	1.265e-25	0.4685	1.921e-07	4.351e-08	2.236e-08	0	0	0	0	0	0	0	0	0	0	0	0	0	0	0	0	0	0	0	0	0	0	0	7.039e+04	0	0	0	0	0	0	0	0	0	0	0	0	0	0	0	3.371e+05	0	0	0	0	0	0	0	0	0	0	0	0	0	0	0	0	0	0	0	0	0	0	0	
22512	1760.328	3.45e+19	0	0	100000	1.97238052	2.792e-08	0.02155	0.002552	1.294e-07	0.5127	3.537e+04	298.8	0.01746	0.5682	3.972e-09	0.002535	0	0.003917	2.231e-15	3.606e-20	1.149e-25	1.533e-25	1.916e-25	4.761e-09	5.902e-09	1.415e-10	0.08972	5.8e-11	1.279e-25	0.4695	1.925e-07	4.361e-08	2.241e-08	0	0	0	0	0	0	0	0	0	0	0	0	0	0	0	0	0	0	0	0	0	0	0	7.047e+04	0	0	0	0	0	0	0	0	0	0	0	0	0	0	0	3.375e+05	0	0	0	0	0	0	0	0	0	0	0	0	0	0	0	0	0	0	0	0	0	0	0	
22540	1760.328	3.45e+19	0	0	100000	1.97242265	2.782e-08	0.02154	0.002558	1.308e-07	0.5138	3.545e+04	299.5	0.0177	0.5711	4.003e-09	0.002548	0	0.003971	2.236e-15	3.677e-20	1.152e-25	1.536e-25	1.92e-25	4.785e-09	5.949e-09	1.431e-10	0.09004	5.846e-11	1.293e-25	0.4706	1.929e-07	4.371e-08	2.246e-08	0	0	0	0	0	0	0	0	0	0	0	0	0	0	0	0	0	0	0	0	0	0	0	7.056e+04	0	0	0	0	0	0	0	0	0	0	0	0	0	0	0	3.379e+05	0	0	0	0	0	0	0	0	0	0	0	0	0	0	0	0	0	0	0	0	0	0	0	
22568	1760.328	3.45e+19	0	0	100000	1.97246478	2.772e-08	0.02153	0.002563	1.323e-07	0.5149	3.553e+04	300.2	0.01794	0.574	4.036e-09	0.002561	0	0.004026	2.241e-15	3.749e-20	1.155e-25	1.539e-25	1.924e-25	4.809e-09	5.997e-09	1.446e-10	0.09036	5.893e-11	1.307e-25	0.4716	1.934e-07	4.38e-08	2.251e-08	0	0	0	0	0	0	0	0	0	0	0	0	0	0	0	0	0	0	0	0	0	0	0	7.065e+04	0	0	0	0	0	0	0	0	0	0	0	0	0	0	0	3.383e+05	0	0	0	0	0	0	0	0	0	0	0	0	0	0	0	0	0	0	0	0	0	0	0	
22596	1760.328	3.45e+19	0	0	100000	1.97250691	2.762e-08	0.02151	0.002569	1.337e-07	0.5161	3.561e+04	300.8	0.01819	0.5769	4.068e-09	0.002574	0	0.004082	2.246e-15	3.823e-20	1.157e-25	1.543e-25	1.928e-25	4.834e-09	6.045e-09	1.462e-10	0.09068	5.94e-11	1.321e-25	0.4726	1.938e-07	4.39e-08	2.256e-08	0	0	0	0	0	0	0	0	0	0	0	0	0	0	0	0	0	0	0	0	0	0	0	7.074e+04	0	0	0	0	0	0	0	0	0	0	0	0	0	0	0	3.387e+05	0	0	0	0	0	0	0	0	0	0	0	0	0	0	0	0	0	0	0	0	0	0	0	
22624	1760.328	3.45e+19	0	0	100000	1.97254904	2.752e-08	0.0215	0.002575	1.352e-07	0.5172	3.569e+04	301.5	0.01844	0.5799	4.1e-09	0.002587	0	0.004138	2.251e-15	3.899e-20	1.16e-25	1.546e-25	1.933e-25	4.859e-09	6.093e-09	1.478e-10	0.091	5.988e-11	1.335e-25	0.4737	1.942e-07	4.399e-08	2.261e-08	0	0	0	0	0	0	0	0	0	0	0	0	0	0	0	0	0	0	0	0	0	0	0	7.082e+04	0	0	0	0	0	0	0	0	0	0	0	0	0	0	0	3.392e+05	0	0	0	0	0	0	0	0	0	0	0	0	0	0	0	0	0	0	0	0	0	0	0	
22652	1760.328	3.45e+19	0	0	100000	1.97259117	2.743e-08	0.02148	0.00258	1.367e-07	0.5183	3.577e+04	302.1	0.0187	0.5828	4.133e-09	0.0026	0	0.004196	2.255e-15	3.976e-20	1.162e-25	1.55e-25	1.937e-25	4.883e-09	6.142e-09	1.494e-10	0.09133	6.036e-11	1.35e-25	0.4747	1.946e-07	4.409e-08	2.266e-08	0	0	0	0	0	0	0	0	0	0	0	0	0	0	0	0	0	0	0	0	0	0	0	7.091e+04	0	0	0	0	0	0	0	0	0	0	0	0	0	0	0	3.396e+05	0	0	0	0	0	0	0	0	0	0	0	0	0	0	0	0	0	0	0	0	0	0	0	
22680	1760.328	3.45e+19	0	0	100000	1.9726333	2.733e-08	0.02146	0.002586	1.382e-07	0.5195	3.584e+04	302.8	0.01896	0.5858	4.166e-09	0.002613	0	0.004254	2.26e-15	4.054e-20	1.165e-25	1.553e-25	1.941e-25	4.908e-09	6.192e-09	1.511e-10	0.09165	6.084e-11	1.365e-25	0.4758	1.951e-07	4.419e-08	2.271e-08	0	0	0	0	0	0	0	0	0	0	0	0	0	0	0	0	0	0	0	0	0	0	0	7.1e+04	0	0	0	0	0	0	0	0	0	0	0	0	0	0	0	3.4e+05	0	0	0	0	0	0	0	0	0	0	0	0	0	0	0	0	0	0	0	0	0	0	0	
22708	1760.328	3.45e+19	0	0	100000	1.97267543	2.723e-08	0.02145	0.002592	1.397e-07	0.5206	3.592e+04	303.5	0.01922	0.5888	4.2e-09	0.002627	0	0.004313	2.265e-15	4.135e-20	1.167e-25	1.556e-25	1.945e-25	4.933e-09	6.241e-09	1.527e-10	0.09198	6.133e-11	1.38e-25	0.4768	1.955e-07	4.428e-08	2.276e-08	0	0	0	0	0	0	0	0	0	0	0	0	0	0	0	0	0	0	0	0	0	0	0	7.109e+04	0	0	0	0	0	0	0	0	0	0	0	0	0	0	0	3.404e+05	0	0	0	0	0	0	0	0	0	0	0	0	0	0	0	0	0	0	0	0	0	0	0	
22736	1760.328	3.45e+19	0	0	100000	1.97271756	2.713e-08	0.02143	0.002597	1.412e-07	0.5217	3.6e+04	304.1	0.01949	0.5918	4.234e-09	0.00264	0	0.004373	2.27e-15	4.217e-20	1.17e-25	1.56e-25	1.95e-25	4.958e-09	6.291e-09	1.544e-10	0.09231	6.182e-11	1.395e-25	0.4778	1.959e-07	4.438e-08	2.281e-08	0	0	0	0	0	0	0	0	0	0	0	0	0	0	0	0	0	0	0	0	0	0	0	7.118e+04	0	0	0	0	0	0	0	0	0	0	0	0	0	0	0	3.408e+05	0	0	0	0	0	0	0	0	0	0	0	0	0	0	0	0	0	0	0	0	0	0	0	
22764	1760.328	3.45e+19	0	0	100000	1.97275969	2.703e-08	0.02142	0.002603	1.428e-07	0.5229	3.608e+04	304.8	0.01976	0.5948	4.268e-09	0.002654	0	0.004434	2.275e-15	4.3e-20	1.172e-25	1.563e-25	1.954e-25	4.984e-09	6.342e-09	1.561e-10	0.09264	6.232e-11	1.41e-25	0.4789	1.963e-07	4.448e-08	2.286e-08	0	0	0	0	0	0	0	0	0	0	0	0	0	0	0	0	0	0	0	0	0	0	0	7.126e+04	0	0	0	0	0	0	0	0	0	0	0	0	0	0	0	3.413e+05	0	0	0	0	0	0	0	0	0	0	0	0	0	0	0	0	0	0	0	0	0	0	0	
22792	1760.328	3.45e+19	0	0	100000	1.97280182	2.693e-08	0.0214	0.002609	1.443e-07	0.524	3.616e+04	305.4	0.02004	0.5978	4.302e-09	0.002667	0	0.004496	2.28e-15	4.386e-20	1.175e-25	1.566e-25	1.958e-25	5.009e-09	6.393e-09	1.578e-10	0.09297	6.282e-11	1.426e-25	0.4799	1.968e-07	4.457e-08	2.291e-08	0	0	0	0	0	0	0	0	0	0	0	0	0	0	0	0	0	0	0	0	0	0	0	7.135e+04	0	0	0	0	0	0	0	0	0	0	0	0	0	0	0	3.417e+05	0	0	0	0	0	0	0	0	0	0	0	0	0	0	0	0	0	0	0	0	0	0	0	
22820	1760.328	3.45e+19	0	0	100000	1.97284395	2.683e-08	0.02138	0.002614	1.459e-07	0.5251	3.623e+04	306.1	0.02032	0.6009	4.336e-09	0.002681	0	0.004559	2.285e-15	4.473e-20	1.177e-25	1.57e-25	1.962e-25	5.034e-09	6.444e-09	1.596e-10	0.0933	6.333e-11	1.441e-25	0.4809	1.972e-07	4.467e-08	2.296e-08	0	0	0	0	0	0	0	0	0	0	0	0	0	0	0	0	0	0	0	0	0	0	0	7.144e+04	0	0	0	0	0	0	0	0	0	0	0	0	0	0	0	3.421e+05	0	0	0	0	0	0	0	0	0	0	0	0	0	0	0	0	0	0	0	0	0	0	0	
22848	1760.328	3.45e+19	0	0	100000	1.97288608	2.673e-08	0.02137	0.00262	1.475e-07	0.5263	3.631e+04	306.7	0.0206	0.6039	4.371e-09	0.002694	0	0.004622	2.29e-15	4.562e-20	1.18e-25	1.573e-25	1.966e-25	5.06e-09	6.496e-09	1.613e-10	0.09364	6.384e-11	1.457e-25	0.482	1.976e-07	4.477e-08	2.301e-08	0	0	0	0	0	0	0	0	0	0	0	0	0	0	0	0	0	0	0	0	0	0	0	7.153e+04	0	0	0	0	0	0	0	0	0	0	0	0	0	0	0	3.425e+05	0	0	0	0	0	0	0	0	0	0	0	0	0	0	0	0	0	0	0	0	0	0	0	
22876	1760.328	3.45e+19	0	0	100000	1.97292821	2.663e-08	0.02135	0.002625	1.491e-07	0.5274	3.639e+04	307.4	0.02089	0.607	4.406e-09	0.002708	0	0.004687	2.295e-15	4.653e-20	1.182e-25	1.577e-25	1.971e-25	5.086e-09	6.548e-09	1.631e-10	0.09397	6.435e-11	1.473e-25	0.483	1.98e-07	4.486e-08	2.306e-08	0	0	0	0	0	0	0	0	0	0	0	0	0	0	0	0	0	0	0	0	0	0	0	7.161e+04	0	0	0	0	0	0	0	0	0	0	0	0	0	0	0	3.429e+05	0	0	0	0	0	0	0	0	0	0	0	0	0	0	0	0	0	0	0	0	0	0	0	
22904	1760.328	3.45e+19	0	0	100000	1.97297034	2.653e-08	0.02133	0.002631	1.508e-07	0.5285	3.647e+04	308.1	0.02118	0.6101	4.442e-09	0.002722	0	0.004752	2.3e-15	4.746e-20	1.185e-25	1.58e-25	1.975e-25	5.112e-09	6.601e-09	1.649e-10	0.09431	6.487e-11	1.49e-25	0.484	1.985e-07	4.496e-08	2.31e-08	0	0	0	0	0	0	0	0	0	0	0	0	0	0	0	0	0	0	0	0	0	0	0	7.17e+04	0	0	0	0	0	0	0	0	0	0	0	0	0	0	0	3.434e+05	0	0	0	0	0	0	0	0	0	0	0	0	0	0	0	0	0	0	0	0	0	0	0	
22932	1760.328	3.45e+19	0	0	100000	1.97301247	2.643e-08	0.02132	0.002637	1.524e-07	0.5297	3.655e+04	308.7	0.02148	0.6132	4.478e-09	0.002736	0	0.004819	2.305e-15	4.841e-20	1.188e-25	1.583e-25	1.979e-25	5.138e-09	6.654e-09	1.667e-10	0.09465	6.539e-11	1.506e-25	0.4851	1.989e-07	4.505e-08	2.315e-08	0	0	0	0	0	0	0	0	0	0	0	0	0	0	0	0	0	0	0	0	0	0	0	7.179e+04	0	0	0	0	0	0	0	0	0	0	0	0	0	0	0	3.438e+05	0	0	0	0	0	0	0	0	0	0	0	0	0	0	0	0	0	0	0	0	0	0	0	
22960	1760.328	3.45e+19	0	0	100000	1.9730546	2.633e-08	0.0213	0.002642	1.541e-07	0.5308	3.662e+04	309.4	0.02178	0.6163	4.514e-09	0.00275	0	0.004886	2.31e-15	4.938e-20	1.19e-25	1.587e-25	1.983e-25	5.164e-09	6.708e-09	1.685e-10	0.09499	6.592e-11	1.523e-25	0.4861	1.993e-07	4.515e-08	2.32e-08	0	0	0	0	0	0	0	0	0	0	0	0	0	0	0	0	0	0	0	0	0	0	0	7.188e+04	0	0	0	0	0	0	0	0	0	0	0	0	0	0	0	3.442e+05	0	0	0	0	0	0	0	0	0	0	0	0	0	0	0	0	0	0	0	0	0	0	0	
22988	1760.328	3.45e+19	0	0	100000	1.97309673	2.624e-08	0.02128	0.002648	1.558e-07	0.5319	3.67e+04	310	0.02208	0.6195	4.55e-09	0.002764	0	0.004955	2.315e-15	5.036e-20	1.193e-25	1.59e-25	1.988e-25	5.19e-09	6.762e-09	1.704e-10	0.09533	6.645e-11	1.539e-25	0.4872	1.997e-07	4.525e-08	2.325e-08	0	0	0	0	0	0	0	0	0	0	0	0	0	0	0	0	0	0	0	0	0	0	0	7.196e+04	0	0	0	0	0	0	0	0	0	0	0	0	0	0	0	3.446e+05	0	0	0	0	0	0	0	0	0	0	0	0	0	0	0	0	0	0	0	0	0	0	0	
23016	1760.328	3.45e+19	0	0	100000	1.97313886	2.614e-08	0.02126	0.002654	1.575e-07	0.5331	3.678e+04	310.7	0.02239	0.6226	4.587e-09	0.002778	0	0.005024	2.319e-15	5.137e-20	1.195e-25	1.593e-25	1.992e-25	5.217e-09	6.816e-09	1.723e-10	0.09567	6.698e-11	1.556e-25	0.4882	2.002e-07	4.534e-08	2.33e-08	0	0	0	0	0	0	0	0	0	0	0	0	0	0	0	0	0	0	0	0	0	0	0	7.205e+04	0	0	0	0	0	0	0	0	0	0	0	0	0	0	0	3.45e+05	0	0	0	0	0	0	0	0	0	0	0	0	0	0	0	0	0	0	0	0	0	0	0	
23044	1760.328	3.45e+19	0	0	100000	1.97318099	2.604e-08	0.02125	0.002659	1.593e-07	0.5342	3.686e+04	311.4	0.02271	0.6258	4.624e-09	0.002792	0	0.005095	2.324e-15	5.24e-20	1.198e-25	1.597e-25	1.996e-25	5.243e-09	6.871e-09	1.742e-10	0.09602	6.752e-11	1.574e-25	0.4892	2.006e-07	4.544e-08	2.335e-08	0	0	0	0	0	0	0	0	0	0	0	0	0	0	0	0	0	0	0	0	0	0	0	7.214e+04	0	0	0	0	0	0	0	0	0	0	0	0	0	0	0	3.455e+05	0	0	0	0	0	0	0	0	0	0	0	0	0	0	0	0	0	0	0	0	0	0	0	
23072	1760.328	3.45e+19	0	0	100000	1.97322312	2.594e-08	0.02123	0.002665	1.61e-07	0.5353	3.694e+04	312	0.02302	0.629	4.661e-09	0.002806	0	0.005167	2.329e-15	5.346e-20	1.2e-25	1.6e-25	2e-25	5.27e-09	6.927e-09	1.761e-10	0.09637	6.807e-11	1.591e-25	0.4903	2.01e-07	4.554e-08	2.34e-08	0	0	0	0	0	0	0	0	0	0	0	0	0	0	0	0	0	0	0	0	0	0	0	7.223e+04	0	0	0	0	0	0	0	0	0	0	0	0	0	0	0	3.459e+05	0	0	0	0	0	0	0	0	0	0	0	0	0	0	0	0	0	0	0	0	0	0	0	
23100	1760.328	3.45e+19	0	0	100000	1.97326525	2.584e-08	0.02121	0.002671	1.628e-07	0.5364	3.701e+04	312.7	0.02335	0.6322	4.699e-09	0.00282	0	0.005239	2.334e-15	5.453e-20	1.203e-25	1.604e-25	2.005e-25	5.297e-09	6.983e-09	1.781e-10	0.09671	6.862e-11	1.609e-25	0.4913	2.015e-07	4.563e-08	2.345e-08	0	0	0	0	0	0	0	0	0	0	0	0	0	0	0	0	0	0	0	0	0	0	0	7.231e+04	0	0	0	0	0	0	0	0	0	0	0	0	0	0	0	3.463e+05	0	0	0	0	0	0	0	0	0	0	0	0	0	0	0	0	0	0	0	0	0	0	0	
23128	1760.328	3.45e+19	0	0	100000	1.97330738	2.574e-08	0.02119	0.002676	1.646e-07	0.5376	3.709e+04	313.3	0.02368	0.6354	4.737e-09	0.002835	0	0.005313	2.339e-15	5.563e-20	1.205e-25	1.607e-25	2.009e-25	5.324e-09	7.039e-09	1.8e-10	0.09706	6.917e-11	1.626e-25	0.4923	2.019e-07	4.573e-08	2.35e-08	0	0	0	0	0	0	0	0	0	0	0	0	0	0	0	0	0	0	0	0	0	0	0	7.24e+04	0	0	0	0	0	0	0	0	0	0	0	0	0	0	0	3.467e+05	0	0	0	0	0	0	0	0	0	0	0	0	0	0	0	0	0	0	0	0	0	0	0	
23156	1760.328	3.45e+19	0	0	100000	1.97334951	2.564e-08	0.02117	0.002682	1.665e-07	0.5387	3.717e+04	314	0.02401	0.6386	4.775e-09	0.002849	0	0.005388	2.344e-15	5.675e-20	1.208e-25	1.61e-25	2.013e-25	5.351e-09	7.096e-09	1.82e-10	0.09742	6.973e-11	1.644e-25	0.4934	2.023e-07	4.582e-08	2.355e-08	0	0	0	0	0	0	0	0	0	0	0	0	0	0	0	0	0	0	0	0	0	0	0	7.249e+04	0	0	0	0	0	0	0	0	0	0	0	0	0	0	0	3.471e+05	0	0	0	0	0	0	0	0	0	0	0	0	0	0	0	0	0	0	0	0	0	0	0	
23184	1760.328	3.45e+19	0	0	100000	1.97339164	2.554e-08	0.02116	0.002687	1.683e-07	0.5398	3.725e+04	314.7	0.02435	0.6419	4.814e-09	0.002864	0	0.005464	2.349e-15	5.789e-20	1.21e-25	1.614e-25	2.017e-25	5.378e-09	7.153e-09	1.84e-10	0.09777	7.029e-11	1.663e-25	0.4944	2.027e-07	4.592e-08	2.36e-08	0	0	0	0	0	0	0	0	0	0	0	0	0	0	0	0	0	0	0	0	0	0	0	7.258e+04	0	0	0	0	0	0	0	0	0	0	0	0	0	0	0	3.476e+05	0	0	0	0	0	0	0	0	0	0	0	0	0	0	0	0	0	0	0	0	0	0	0	
23212	1760.328	3.45e+19	0	0	100000	1.97343377	2.545e-08	0.02114	0.002693	1.702e-07	0.541	3.733e+04	315.3	0.02469	0.6451	4.853e-09	0.002878	0	0.005541	2.354e-15	5.906e-20	1.213e-25	1.617e-25	2.021e-25	5.405e-09	7.211e-09	1.861e-10	0.09812	7.086e-11	1.681e-25	0.4954	2.032e-07	4.602e-08	2.365e-08	0	0	0	0	0	0	0	0	0	0	0	0	0	0	0	0	0	0	0	0	0	0	0	7.267e+04	0	0	0	0	0	0	0	0	0	0	0	0	0	0	0	3.48e+05	0	0	0	0	0	0	0	0	0	0	0	0	0	0	0	0	0	0	0	0	0	0	0	
23240	1760.328	3.45e+19	0	0	100000	1.9734759	2.535e-08	0.02112	0.002699	1.721e-07	0.5421	3.741e+04	316	0.02504	0.6484	4.892e-09	0.002893	0	0.005619	2.359e-15	6.025e-20	1.215e-25	1.621e-25	2.026e-25	5.433e-09	7.269e-09	1.881e-10	0.09848	7.144e-11	1.7e-25	0.4965	2.036e-07	4.611e-08	2.37e-08	0	0	0	0	0	0	0	0	0	0	0	0	0	0	0	0	0	0	0	0	0	0	0	7.275e+04	0	0	0	0	0	0	0	0	0	0	0	0	0	0	0	3.484e+05	0	0	0	0	0	0	0	0	0	0	0	0	0	0	0	0	0	0	0	0	0	0	0	
23268	1760.328	3.45e+19	0	0	100000	1.97351803	2.525e-08	0.0211	0.002704	1.74e-07	0.5432	3.748e+04	316.6	0.0254	0.6517	4.931e-09	0.002908	0	0.005699	2.364e-15	6.147e-20	1.218e-25	1.624e-25	2.03e-25	5.461e-09	7.328e-09	1.902e-10	0.09884	7.202e-11	1.719e-25	0.4975	2.04e-07	4.621e-08	2.375e-08	0	0	0	0	0	0	0	0	0	0	0	0	0	0	0	0	0	0	0	0	0	0	0	7.284e+04	0	0	0	0	0	0	0	0	0	0	0	0	0	0	0	3.488e+05	0	0	0	0	0	0	0	0	0	0	0	0	0	0	0	0	0	0	0	0	0	0	0	
23296	1760.328	3.45e+19	0	0	100000	1.97356016	2.515e-08	0.02108	0.00271	1.759e-07	0.5444	3.756e+04	317.3	0.02576	0.655	4.971e-09	0.002922	0	0.005779	2.369e-15	6.272e-20	1.22e-25	1.627e-25	2.034e-25	5.488e-09	7.388e-09	1.924e-10	0.0992	7.26e-11	1.738e-25	0.4986	2.044e-07	4.631e-08	2.38e-08	0	0	0	0	0	0	0	0	0	0	0	0	0	0	0	0	0	0	0	0	0	0	0	7.293e+04	0	0	0	0	0	0	0	0	0	0	0	0	0	0	0	3.492e+05	0	0	0	0	0	0	0	0	0	0	0	0	0	0	0	0	0	0	0	0	0	0	0	
23324	1760.328	3.45e+19	0	0	100000	1.97360229	2.505e-08	0.02106	0.002716	1.779e-07	0.5455	3.764e+04	318	0.02612	0.6584	5.012e-09	0.002937	0	0.005861	2.374e-15	6.399e-20	1.223e-25	1.631e-25	2.038e-25	5.516e-09	7.448e-09	1.945e-10	0.09956	7.319e-11	1.757e-25	0.4996	2.049e-07	4.64e-08	2.385e-08	0	0	0	0	0	0	0	0	0	0	0	0	0	0	0	0	0	0	0	0	0	0	0	7.302e+04	0	0	0	0	0	0	0	0	0	0	0	0	0	0	0	3.497e+05	0	0	0	0	0	0	0	0	0	0	0	0	0	0	0	0	0	0	0	0	0	0	0	
23352	1760.328	3.45e+19	0	0	100000	1.97364442	2.495e-08	0.02104	0.002721	1.798e-07	0.5466	3.772e+04	318.6	0.02649	0.6617	5.052e-09	0.002952	0	0.005945	2.379e-15	6.529e-20	1.226e-25	1.634e-25	2.043e-25	5.544e-09	7.508e-09	1.967e-10	0.09992	7.378e-11	1.777e-25	0.5006	2.053e-07	4.65e-08	2.39e-08	0	0	0	0	0	0	0	0	0	0	0	0	0	0	0	0	0	0	0	0	0	0	0	7.31e+04	0	0	0	0	0	0	0	0	0	0	0	0	0	0	0	3.501e+05	0	0	0	0	0	0	0	0	0	0	0	0	0	0	0	0	0	0	0	0	0	0	0	
23380	1760.328	3.45e+19	0	0	100000	1.97368655	2.485e-08	0.02102	0.002727	1.819e-07	0.5478	3.78e+04	319.3	0.02687	0.6651	5.093e-09	0.002967	0	0.006029	2.383e-15	6.661e-20	1.228e-25	1.637e-25	2.047e-25	5.573e-09	7.569e-09	1.989e-10	0.1003	7.438e-11	1.796e-25	0.5017	2.057e-07	4.659e-08	2.395e-08	0	0	0	0	0	0	0	0	0	0	0	0	0	0	0	0	0	0	0	0	0	0	0	7.319e+04	0	0	0	0	0	0	0	0	0	0	0	0	0	0	0	3.505e+05	0	0	0	0	0	0	0	0	0	0	0	0	0	0	0	0	0	0	0	0	0	0	0	
23408	1760.328	3.45e+19	0	0	100000	1.97372868	2.476e-08	0.021	0.002733	1.839e-07	0.5489	3.787e+04	319.9	0.02725	0.6685	5.135e-09	0.002982	0	0.006115	2.388e-15	6.797e-20	1.231e-25	1.641e-25	2.051e-25	5.601e-09	7.63e-09	2.011e-10	0.1007	7.498e-11	1.817e-25	0.5027	2.061e-07	4.669e-08	2.4e-08	0	0	0	0	0	0	0	0	0	0	0	0	0	0	0	0	0	0	0	0	0	0	0	7.328e+04	0	0	0	0	0	0	0	0	0	0	0	0	0	0	0	3.509e+05	0	0	0	0	0	0	0	0	0	0	0	0	0	0	0	0	0	0	0	0	0	0	0	
23436	1760.328	3.45e+19	0	0	100000	1.97377081	2.466e-08	0.02098	0.002738	1.859e-07	0.55	3.795e+04	320.6	0.02764	0.6719	5.176e-09	0.002997	0	0.006202	2.393e-15	6.935e-20	1.233e-25	1.644e-25	2.055e-25	5.629e-09	7.692e-09	2.033e-10	0.101	7.559e-11	1.837e-25	0.5037	2.066e-07	4.679e-08	2.404e-08	0	0	0	0	0	0	0	0	0	0	0	0	0	0	0	0	0	0	0	0	0	0	0	7.337e+04	0	0	0	0	0	0	0	0	0	0	0	0	0	0	0	3.513e+05	0	0	0	0	0	0	0	0	0	0	0	0	0	0	0	0	0	0	0	0	0	0	0	
23464	1760.328	3.45e+19	0	0	100000	1.97381294	2.456e-08	0.02096	0.002744	1.88e-07	0.5512	3.803e+04	321.3	0.02803	0.6753	5.218e-09	0.003013	0	0.00629	2.398e-15	7.077e-20	1.236e-25	1.648e-25	2.06e-25	5.658e-09	7.755e-09	2.056e-10	0.1014	7.621e-11	1.857e-25	0.5048	2.07e-07	4.688e-08	2.409e-08	0	0	0	0	0	0	0	0	0	0	0	0	0	0	0	0	0	0	0	0	0	0	0	7.345e+04	0	0	0	0	0	0	0	0	0	0	0	0	0	0	0	3.518e+05	0	0	0	0	0	0	0	0	0	0	0	0	0	0	0	0	0	0	0	0	0	0	0	
23492	1760.328	3.45e+19	0	0	100000	1.97385507	2.446e-08	0.02094	0.002749	1.901e-07	0.5523	3.811e+04	321.9	0.02843	0.6787	5.261e-09	0.003028	0	0.006379	2.403e-15	7.221e-20	1.238e-25	1.651e-25	2.064e-25	5.687e-09	7.818e-09	2.079e-10	0.1018	7.683e-11	1.878e-25	0.5058	2.074e-07	4.698e-08	2.414e-08	0	0	0	0	0	0	0	0	0	0	0	0	0	0	0	0	0	0	0	0	0	0	0	7.354e+04	0	0	0	0	0	0	0	0	0	0	0	0	0	0	0	3.522e+05	0	0	0	0	0	0	0	0	0	0	0	0	0	0	0	0	0	0	0	0	0	0	0	
23520	1760.328	3.45e+19	0	0	100000	1.9738972	2.436e-08	0.02092	0.002755	1.922e-07	0.5534	3.819e+04	322.6	0.02884	0.6822	5.304e-09	0.003043	0	0.00647	2.408e-15	7.368e-20	1.241e-25	1.654e-25	2.068e-25	5.716e-09	7.882e-09	2.102e-10	0.1021	7.745e-11	1.899e-25	0.5069	2.078e-07	4.708e-08	2.419e-08	0	0	0	0	0	0	0	0	0	0	0	0	0	0	0	0	0	0	0	0	0	0	0	7.363e+04	0	0	0	0	0	0	0	0	0	0	0	0	0	0	0	3.526e+05	0	0	0	0	0	0	0	0	0	0	0	0	0	0	0	0	0	0	0	0	0	0	0	
23548	1760.328	3.45e+19	0	0	100000	1.97393933	2.427e-08	0.0209	0.002761	1.944e-07	0.5546	3.826e+04	323.2	0.02925	0.6857	5.347e-09	0.003059	0	0.006563	2.413e-15	7.519e-20	1.243e-25	1.658e-25	2.072e-25	5.745e-09	7.946e-09	2.126e-10	0.1025	7.808e-11	1.92e-25	0.5079	2.083e-07	4.717e-08	2.424e-08	0	0	0	0	0	0	0	0	0	0	0	0	0	0	0	0	0	0	0	0	0	0	0	7.372e+04	0	0	0	0	0	0	0	0	0	0	0	0	0	0	0	3.53e+05	0	0	0	0	0	0	0	0	0	0	0	0	0	0	0	0	0	0	0	0	0	0	0	
23576	1760.328	3.45e+19	0	0	100000	1.97398146	2.417e-08	0.02088	0.002766	1.966e-07	0.5557	3.834e+04	323.9	0.02967	0.6892	5.39e-09	0.003075	0	0.006657	2.418e-15	7.673e-20	1.246e-25	1.661e-25	2.076e-25	5.774e-09	8.01e-09	2.15e-10	0.1029	7.872e-11	1.942e-25	0.5089	2.087e-07	4.727e-08	2.429e-08	0	0	0	0	0	0	0	0	0	0	0	0	0	0	0	0	0	0	0	0	0	0	0	7.381e+04	0	0	0	0	0	0	0	0	0	0	0	0	0	0	0	3.534e+05	0	0	0	0	0	0	0	0	0	0	0	0	0	0	0	0	0	0	0	0	0	0	0	
23604	1760.328	3.45e+19	0	0	100000	1.97402359	2.407e-08	0.02086	0.002772	1.988e-07	0.5568	3.842e+04	324.6	0.03009	0.6927	5.434e-09	0.00309	0	0.006752	2.423e-15	7.83e-20	1.248e-25	1.665e-25	2.081e-25	5.804e-09	8.076e-09	2.174e-10	0.1033	7.936e-11	1.964e-25	0.51	2.091e-07	4.736e-08	2.434e-08	0	0	0	0	0	0	0	0	0	0	0	0	0	0	0	0	0	0	0	0	0	0	0	7.389e+04	0	0	0	0	0	0	0	0	0	0	0	0	0	0	0	3.539e+05	0	0	0	0	0	0	0	0	0	0	0	0	0	0	0	0	0	0	0	0	0	0	0	
23632	1760.328	3.45e+19	0	0	100000	1.97406572	2.397e-08	0.02084	0.002778	2.01e-07	0.558	3.85e+04	325.2	0.03052	0.6962	5.479e-09	0.003106	0	0.006848	2.428e-15	7.991e-20	1.251e-25	1.668e-25	2.085e-25	5.833e-09	8.142e-09	2.198e-10	0.1037	8.001e-11	1.986e-25	0.511	2.095e-07	4.746e-08	2.439e-08	0	0	0	0	0	0	0	0	0	0	0	0	0	0	0	0	0	0	0	0	0	0	0	7.398e+04	0	0	0	0	0	0	0	0	0	0	0	0	0	0	0	3.543e+05	0	0	0	0	0	0	0	0	0	0	0	0	0	0	0	0	0	0	0	0	0	0	0	
23660	1760.328	3.45e+19	0	0	100000	1.97410785	2.388e-08	0.02082	0.002783	2.033e-07	0.5591	3.858e+04	325.9	0.03096	0.6997	5.523e-09	0.003122	0	0.006947	2.433e-15	8.155e-20	1.253e-25	1.671e-25	2.089e-25	5.863e-09	8.208e-09	2.223e-10	0.104	8.066e-11	2.008e-25	0.512	2.1e-07	4.756e-08	2.444e-08	0	0	0	0	0	0	0	0	0	0	0	0	0	0	0	0	0	0	0	0	0	0	0	7.407e+04	0	0	0	0	0	0	0	0	0	0	0	0	0	0	0	3.547e+05	0	0	0	0	0	0	0	0	0	0	0	0	0	0	0	0	0	0	0	0	0	0	0	
23688	1760.328	3.45e+19	0	0	100000	1.97414998	2.378e-08	0.02079	0.002789	2.056e-07	0.5602	3.865e+04	326.5	0.0314	0.7033	5.569e-09	0.003138	0	0.007046	2.438e-15	8.323e-20	1.256e-25	1.675e-25	2.093e-25	5.893e-09	8.275e-09	2.248e-10	0.1044	8.132e-11	2.031e-25	0.5131	2.104e-07	4.765e-08	2.449e-08	0	0	0	0	0	0	0	0	0	0	0	0	0	0	0	0	0	0	0	0	0	0	0	7.416e+04	0	0	0	0	0	0	0	0	0	0	0	0	0	0	0	3.551e+05	0	0	0	0	0	0	0	0	0	0	0	0	0	0	0	0	0	0	0	0	0	0	0	
23716	1760.328	3.45e+19	0	0	100000	1.97419211	2.368e-08	0.02077	0.002795	2.079e-07	0.5613	3.873e+04	327.2	0.03185	0.7069	5.614e-09	0.003154	0	0.007147	2.443e-15	8.494e-20	1.259e-25	1.678e-25	2.098e-25	5.923e-09	8.343e-09	2.273e-10	0.1048	8.198e-11	2.054e-25	0.5141	2.108e-07	4.775e-08	2.454e-08	0	0	0	0	0	0	0	0	0	0	0	0	0	0	0	0	0	0	0	0	0	0	0	7.424e+04	0	0	0	0	0	0	0	0	0	0	0	0	0	0	0	3.555e+05	0	0	0	0	0	0	0	0	0	0	0	0	0	0	0	0	0	0	0	0	0	0	0	
23744	1760.328	3.45e+19	0	0	100000	1.97423424	2.358e-08	0.02075	0.0028	2.102e-07	0.5625	3.881e+04	327.9	0.03231	0.7105	5.66e-09	0.00317	0	0.00725	2.448e-15	8.669e-20	1.261e-25	1.681e-25	2.102e-25	5.953e-09	8.411e-09	2.299e-10	0.1052	8.265e-11	2.077e-25	0.5151	2.112e-07	4.785e-08	2.459e-08	0	0	0	0	0	0	0	0	0	0	0	0	0	0	0	0	0	0	0	0	0	0	0	7.433e+04	0	0	0	0	0	0	0	0	0	0	0	0	0	0	0	3.56e+05	0	0	0	0	0	0	0	0	0	0	0	0	0	0	0	0	0	0	0	0	0	0	0	
23772	1760.328	3.45e+19	0	0	100000	1.97427637	2.349e-08	0.02073	0.002806	2.126e-07	0.5636	3.889e+04	328.5	0.03278	0.7141	5.706e-09	0.003186	0	0.007354	2.452e-15	8.848e-20	1.264e-25	1.685e-25	2.106e-25	5.983e-09	8.48e-09	2.325e-10	0.1056	8.333e-11	2.1e-25	0.5162	2.117e-07	4.794e-08	2.464e-08	0	0	0	0	0	0	0	0	0	0	0	0	0	0	0	0	0	0	0	0	0	0	0	7.442e+04	0	0	0	0	0	0	0	0	0	0	0	0	0	0	0	3.564e+05	0	0	0	0	0	0	0	0	0	0	0	0	0	0	0	0	0	0	0	0	0	0	0	
23800	1760.328	3.45e+19	0	0	100000	1.9743185	2.339e-08	0.02071	0.002811	2.15e-07	0.5647	3.897e+04	329.2	0.03325	0.7177	5.753e-09	0.003202	0	0.00746	2.457e-15	9.031e-20	1.266e-25	1.688e-25	2.11e-25	6.014e-09	8.549e-09	2.351e-10	0.106	8.401e-11	2.124e-25	0.5172	2.121e-07	4.804e-08	2.469e-08	0	0	0	0	0	0	0	0	0	0	0	0	0	0	0	0	0	0	0	0	0	0	0	7.451e+04	0	0	0	0	0	0	0	0	0	0	0	0	0	0	0	3.568e+05	0	0	0	0	0	0	0	0	0	0	0	0	0	0	0	0	0	0	0	0	0	0	0	
23828	1760.328	3.45e+19	0	0	100000	1.97436063	2.329e-08	0.02068	0.002817	2.174e-07	0.5659	3.905e+04	329.8	0.03373	0.7214	5.8e-09	0.003218	0	0.007568	2.462e-15	9.217e-20	1.269e-25	1.692e-25	2.115e-25	6.044e-09	8.619e-09	2.378e-10	0.1064	8.47e-11	2.148e-25	0.5183	2.125e-07	4.813e-08	2.474e-08	0	0	0	0	0	0	0	0	0	0	0	0	0	0	0	0	0	0	0	0	0	0	0	7.459e+04	0	0	0	0	0	0	0	0	0	0	0	0	0	0	0	3.572e+05	0	0	0	0	0	0	0	0	0	0	0	0	0	0	0	0	0	0	0	0	0	0	0	
23856	1760.328	3.45e+19	0	0	100000	1.97440276	2.32e-08	0.02066	0.002823	2.199e-07	0.567	3.912e+04	330.5	0.03421	0.7251	5.848e-09	0.003235	0	0.007677	2.467e-15	9.408e-20	1.271e-25	1.695e-25	2.119e-25	6.075e-09	8.69e-09	2.404e-10	0.1068	8.539e-11	2.172e-25	0.5193	2.129e-07	4.823e-08	2.479e-08	0	0	0	0	0	0	0	0	0	0	0	0	0	0	0	0	0	0	0	0	0	0	0	7.468e+04	0	0	0	0	0	0	0	0	0	0	0	0	0	0	0	3.576e+05	0	0	0	0	0	0	0	0	0	0	0	0	0	0	0	0	0	0	0	0	0	0	0	
23884	1760.328	3.45e+19	0	0	100000	1.97444489	2.31e-08	0.02064	0.002828	2.224e-07	0.5681	3.92e+04	331.2	0.03471	0.7287	5.896e-09	0.003251	0	0.007788	2.472e-15	9.603e-20	1.274e-25	1.698e-25	2.123e-25	6.106e-09	8.761e-09	2.432e-10	0.1072	8.609e-11	2.197e-25	0.5203	2.134e-07	4.833e-08	2.484e-08	0	0	0	0	0	0	0	0	0	0	0	0	0	0	0	0	0	0	0	0	0	0	0	7.477e+04	0	0	0	0	0	0	0	0	0	0	0	0	0	0	0	3.581e+05	0	0	0	0	0	0	0	0	0	0	0	0	0	0	0	0	0	0	0	0	0	0	0	
23912	1760.328	3.45e+19	0	0	100000	1.97448702	2.3e-08	0.02062	0.002834	2.249e-07	0.5693	3.928e+04	331.8	0.03521	0.7325	5.944e-09	0.003268	0	0.007901	2.477e-15	9.802e-20	1.276e-25	1.702e-25	2.127e-25	6.137e-09	8.833e-09	2.459e-10	0.1076	8.68e-11	2.222e-25	0.5214	2.138e-07	4.842e-08	2.489e-08	0	0	0	0	0	0	0	0	0	0	0	0	0	0	0	0	0	0	0	0	0	0	0	7.486e+04	0	0	0	0	0	0	0	0	0	0	0	0	0	0	0	3.585e+05	0	0	0	0	0	0	0	0	0	0	0	0	0	0	0	0	0	0	0	0	0	0	0	
23940	1760.328	3.45e+19	0	0	100000	1.97452915	2.291e-08	0.02059	0.00284	2.274e-07	0.5704	3.936e+04	332.5	0.03572	0.7362	5.993e-09	0.003284	0	0.008015	2.482e-15	1.001e-19	1.279e-25	1.705e-25	2.131e-25	6.168e-09	8.906e-09	2.487e-10	0.108	8.751e-11	2.247e-25	0.5224	2.142e-07	4.852e-08	2.494e-08	0	0	0	0	0	0	0	0	0	0	0	0	0	0	0	0	0	0	0	0	0	0	0	7.494e+04	0	0	0	0	0	0	0	0	0	0	0	0	0	0	0	3.589e+05	0	0	0	0	0	0	0	0	0	0	0	0	0	0	0	0	0	0	0	0	0	0	0	
23968	1760.328	3.45e+19	0	0	100000	1.97457128	2.281e-08	0.02057	0.002845	2.3e-07	0.5715	3.944e+04	333.1	0.03624	0.7399	6.042e-09	0.003301	0	0.008131	2.487e-15	1.021e-19	1.281e-25	1.709e-25	2.136e-25	6.2e-09	8.979e-09	2.515e-10	0.1084	8.823e-11	2.272e-25	0.5234	2.146e-07	4.862e-08	2.498e-08	0	0	0	0	0	0	0	0	0	0	0	0	0	0	0	0	0	0	0	0	0	0	0	7.503e+04	0	0	0	0	0	0	0	0	0	0	0	0	0	0	0	3.593e+05	0	0	0	0	0	0	0	0	0	0	0	0	0	0	0	0	0	0	0	0	0	0	0	
23996	1760.328	3.45e+19	0	0	100000	1.97461341	2.271e-08	0.02055	0.002851	2.326e-07	0.5727	3.951e+04	333.8	0.03676	0.7437	6.092e-09	0.003318	0	0.008249	2.492e-15	1.043e-19	1.284e-25	1.712e-25	2.14e-25	6.231e-09	9.052e-09	2.544e-10	0.1088	8.896e-11	2.298e-25	0.5245	2.151e-07	4.871e-08	2.503e-08	0	0	0	0	0	0	0	0	0	0	0	0	0	0	0	0	0	0	0	0	0	0	0	7.512e+04	0	0	0	0	0	0	0	0	0	0	0	0	0	0	0	3.597e+05	0	0	0	0	0	0	0	0	0	0	0	0	0	0	0	0	0	0	0	0	0	0	0	
24024	1760.328	3.45e+19	0	0	100000	1.97465554	2.262e-08	0.02052	0.002857	2.353e-07	0.5738	3.959e+04	334.5	0.0373	0.7475	6.142e-09	0.003335	0	0.008369	2.497e-15	1.064e-19	1.286e-25	1.715e-25	2.144e-25	6.263e-09	9.127e-09	2.573e-10	0.1092	8.969e-11	2.324e-25	0.5255	2.155e-07	4.881e-08	2.508e-08	0	0	0	0	0	0	0	0	0	0	0	0	0	0	0	0	0	0	0	0	0	0	0	7.521e+04	0	0	0	0	0	0	0	0	0	0	0	0	0	0	0	3.602e+05	0	0	0	0	0	0	0	0	0	0	0	0	0	0	0	0	0	0	0	0	0	0	0	
24052	1760.328	3.45e+19	0	0	100000	1.97469767	2.252e-08	0.0205	0.002862	2.379e-07	0.5749	3.967e+04	335.1	0.03784	0.7513	6.192e-09	0.003352	0	0.00849	2.502e-15	1.087e-19	1.289e-25	1.719e-25	2.148e-25	6.295e-09	9.202e-09	2.602e-10	0.1097	9.043e-11	2.351e-25	0.5265	2.159e-07	4.891e-08	2.513e-08	0	0	0	0	0	0	0	0	0	0	0	0	0	0	0	0	0	0	0	0	0	0	0	7.53e+04	0	0	0	0	0	0	0	0	0	0	0	0	0	0	0	3.606e+05	0	0	0	0	0	0	0	0	0	0	0	0	0	0	0	0	0	0	0	0	0	0	0	
24080	1760.328	3.45e+19	0	0	100000	1.9747398	2.243e-08	0.02048	0.002868	2.407e-07	0.5761	3.975e+04	335.8	0.03839	0.7551	6.243e-09	0.003369	0	0.008614	2.507e-15	1.109e-19	1.292e-25	1.722e-25	2.153e-25	6.327e-09	9.278e-09	2.632e-10	0.1101	9.117e-11	2.377e-25	0.5276	2.163e-07	4.9e-08	2.518e-08	0	0	0	0	0	0	0	0	0	0	0	0	0	0	0	0	0	0	0	0	0	0	0	7.538e+04	0	0	0	0	0	0	0	0	0	0	0	0	0	0	0	3.61e+05	0	0	0	0	0	0	0	0	0	0	0	0	0	0	0	0	0	0	0	0	0	0	0	
24108	1760.328	3.45e+19	0	0	100000	1.97478193	2.233e-08	0.02045	0.002873	2.434e-07	0.5772	3.983e+04	336.4	0.03895	0.759	6.295e-09	0.003386	0	0.008739	2.512e-15	1.133e-19	1.294e-25	1.725e-25	2.157e-25	6.359e-09	9.354e-09	2.662e-10	0.1105	9.193e-11	2.405e-25	0.5286	2.168e-07	4.91e-08	2.523e-08	0	0	0	0	0	0	0	0	0	0	0	0	0	0	0	0	0	0	0	0	0	0	0	7.547e+04	0	0	0	0	0	0	0	0	0	0	0	0	0	0	0	3.614e+05	0	0	0	0	0	0	0	0	0	0	0	0	0	0	0	0	0	0	0	0	0	0	0	
24136	1760.328	3.45e+19	0	0	100000	1.97482406	2.223e-08	0.02043	0.002879	2.462e-07	0.5783	3.99e+04	337.1	0.03951	0.7629	6.347e-09	0.003403	0	0.008867	2.516e-15	1.156e-19	1.297e-25	1.729e-25	2.161e-25	6.392e-09	9.432e-09	2.692e-10	0.1109	9.268e-11	2.432e-25	0.5297	2.172e-07	4.919e-08	2.528e-08	0	0	0	0	0	0	0	0	0	0	0	0	0	0	0	0	0	0	0	0	0	0	0	7.556e+04	0	0	0	0	0	0	0	0	0	0	0	0	0	0	0	3.618e+05	0	0	0	0	0	0	0	0	0	0	0	0	0	0	0	0	0	0	0	0	0	0	0	
24164	1760.328	3.45e+19	0	0	100000	1.97486619	2.214e-08	0.02041	0.002885	2.49e-07	0.5795	3.998e+04	337.8	0.04009	0.7668	6.399e-09	0.003421	0	0.008996	2.521e-15	1.18e-19	1.299e-25	1.732e-25	2.165e-25	6.424e-09	9.509e-09	2.723e-10	0.1113	9.345e-11	2.46e-25	0.5307	2.176e-07	4.929e-08	2.533e-08	0	0	0	0	0	0	0	0	0	0	0	0	0	0	0	0	0	0	0	0	0	0	0	7.565e+04	0	0	0	0	0	0	0	0	0	0	0	0	0	0	0	3.623e+05	0	0	0	0	0	0	0	0	0	0	0	0	0	0	0	0	0	0	0	0	0	0	0	
24192	1760.328	3.45e+19	0	0	100000	1.97490832	2.204e-08	0.02038	0.00289	2.518e-07	0.5806	4.006e+04	338.4	0.04068	0.7707	6.452e-09	0.003438	0	0.009127	2.526e-15	1.205e-19	1.302e-25	1.736e-25	2.17e-25	6.457e-09	9.588e-09	2.754e-10	0.1118	9.422e-11	2.488e-25	0.5317	2.18e-07	4.939e-08	2.538e-08	0	0	0	0	0	0	0	0	0	0	0	0	0	0	0	0	0	0	0	0	0	0	0	7.573e+04	0	0	0	0	0	0	0	0	0	0	0	0	0	0	0	3.627e+05	0	0	0	0	0	0	0	0	0	0	0	0	0	0	0	0	0	0	0	0	0	0	0	
24220	1760.328	3.45e+19	0	0	100000	1.97495045	2.195e-08	0.02036	0.002896	2.547e-07	0.5817	4.014e+04	339.1	0.04127	0.7746	6.505e-09	0.003456	0	0.009261	2.531e-15	1.231e-19	1.304e-25	1.739e-25	2.174e-25	6.49e-09	9.667e-09	2.785e-10	0.1122	9.5e-11	2.516e-25	0.5328	2.185e-07	4.948e-08	2.543e-08	0	0	0	0	0	0	0	0	0	0	0	0	0	0	0	0	0	0	0	0	0	0	0	7.582e+04	0	0	0	0	0	0	0	0	0	0	0	0	0	0	0	3.631e+05	0	0	0	0	0	0	0	0	0	0	0	0	0	0	0	0	0	0	0	0	0	0	0	
24248	1760.328	3.45e+19	0	0	100000	1.97499258	2.185e-08	0.02033	0.002902	2.576e-07	0.5829	4.022e+04	339.7	0.04188	0.7786	6.559e-09	0.003473	0	0.009396	2.536e-15	1.256e-19	1.307e-25	1.742e-25	2.178e-25	6.523e-09	9.747e-09	2.817e-10	0.1126	9.578e-11	2.545e-25	0.5338	2.189e-07	4.958e-08	2.548e-08	0	0	0	0	0	0	0	0	0	0	0	0	0	0	0	0	0	0	0	0	0	0	0	7.591e+04	0	0	0	0	0	0	0	0	0	0	0	0	0	0	0	3.635e+05	0	0	0	0	0	0	0	0	0	0	0	0	0	0	0	0	0	0	0	0	0	0	0	
24276	1760.328	3.45e+19	0	0	100000	1.97503471	2.176e-08	0.02031	0.002907	2.606e-07	0.584	4.03e+04	340.4	0.04249	0.7825	6.613e-09	0.003491	0	0.009534	2.541e-15	1.283e-19	1.309e-25	1.746e-25	2.182e-25	6.556e-09	9.828e-09	2.85e-10	0.1131	9.658e-11	2.574e-25	0.5348	2.193e-07	4.968e-08	2.553e-08	0	0	0	0	0	0	0	0	0	0	0	0	0	0	0	0	0	0	0	0	0	0	0	7.6e+04	0	0	0	0	0	0	0	0	0	0	0	0	0	0	0	3.639e+05	0	0	0	0	0	0	0	0	0	0	0	0	0	0	0	0	0	0	0	0	0	0	0	
24304	1760.328	3.45e+19	0	0	100000	1.97507684	2.166e-08	0.02028	0.002913	2.636e-07	0.5851	4.037e+04	341.1	0.04311	0.7865	6.668e-09	0.003509	0	0.009674	2.546e-15	1.31e-19	1.312e-25	1.749e-25	2.186e-25	6.59e-09	9.909e-09	2.882e-10	0.1135	9.738e-11	2.604e-25	0.5359	2.197e-07	4.977e-08	2.558e-08	0	0	0	0	0	0	0	0	0	0	0	0	0	0	0	0	0	0	0	0	0	0	0	7.608e+04	0	0	0	0	0	0	0	0	0	0	0	0	0	0	0	3.644e+05	0	0	0	0	0	0	0	0	0	0	0	0	0	0	0	0	0	0	0	0	0	0	0	
24332	1760.328	3.45e+19	0	0	100000	1.97511897	2.157e-08	0.02026	0.002918	2.666e-07	0.5863	4.045e+04	341.7	0.04374	0.7905	6.723e-09	0.003527	0	0.009816	2.551e-15	1.338e-19	1.314e-25	1.753e-25	2.191e-25	6.624e-09	9.991e-09	2.915e-10	0.1139	9.818e-11	2.634e-25	0.5369	2.202e-07	4.987e-08	2.563e-08	0	0	0	0	0	0	0	0	0	0	0	0	0	0	0	0	0	0	0	0	0	0	0	7.617e+04	0	0	0	0	0	0	0	0	0	0	0	0	0	0	0	3.648e+05	0	0	0	0	0	0	0	0	0	0	0	0	0	0	0	0	0	0	0	0	0	0	0	
24360	1760.328	3.45e+19	0	0	100000	1.9751611	2.147e-08	0.02023	0.002924	2.697e-07	0.5874	4.053e+04	342.4	0.04439	0.7946	6.779e-09	0.003545	0	0.00996	2.556e-15	1.366e-19	1.317e-25	1.756e-25	2.195e-25	6.657e-09	1.007e-08	2.949e-10	0.1144	9.9e-11	2.664e-25	0.538	2.206e-07	4.996e-08	2.568e-08	0	0	0	0	0	0	0	0	0	0	0	0	0	0	0	0	0	0	0	0	0	0	0	7.626e+04	0	0	0	0	0	0	0	0	0	0	0	0	0	0	0	3.652e+05	0	0	0	0	0	0	0	0	0	0	0	0	0	0	0	0	0	0	0	0	0	0	0	
24388	1760.328	3.45e+19	0	0	100000	1.97520323	2.138e-08	0.02021	0.00293	2.728e-07	0.5885	4.061e+04	343	0.04504	0.7986	6.835e-09	0.003563	0	0.01011	2.561e-15	1.395e-19	1.319e-25	1.759e-25	2.199e-25	6.691e-09	1.016e-08	2.983e-10	0.1148	9.982e-11	2.695e-25	0.539	2.21e-07	5.006e-08	2.573e-08	0	0	0	0	0	0	0	0	0	0	0	0	0	0	0	0	0	0	0	0	0	0	0	7.635e+04	0	0	0	0	0	0	0	0	0	0	0	0	0	0	0	3.656e+05	0	0	0	0	0	0	0	0	0	0	0	0	0	0	0	0	0	0	0	0	0	0	0	
24416	1760.328	3.45e+19	0	0	100000	1.97524536	2.128e-08	0.02018	0.002935	2.759e-07	0.5896	4.069e+04	343.7	0.0457	0.8027	6.892e-09	0.003581	0	0.01026	2.566e-15	1.424e-19	1.322e-25	1.763e-25	2.203e-25	6.726e-09	1.024e-08	3.017e-10	0.1153	1.006e-10	2.726e-25	0.54	2.214e-07	5.016e-08	2.578e-08	0	0	0	0	0	0	0	0	0	0	0	0	0	0	0	0	0	0	0	0	0	0	0	7.643e+04	0	0	0	0	0	0	0	0	0	0	0	0	0	0	0	3.66e+05	0	0	0	0	0	0	0	0	0	0	0	0	0	0	0	0	0	0	0	0	0	0	0	
24444	1760.328	3.45e+19	0	0	100000	1.97528749	2.119e-08	0.02016	0.002941	2.791e-07	0.5908	4.076e+04	344.4	0.04638	0.8068	6.949e-09	0.003599	0	0.01041	2.571e-15	1.455e-19	1.325e-25	1.766e-25	2.208e-25	6.76e-09	1.033e-08	3.052e-10	0.1157	1.015e-10	2.757e-25	0.5411	2.219e-07	5.025e-08	2.583e-08	0	0	0	0	0	0	0	0	0	0	0	0	0	0	0	0	0	0	0	0	0	0	0	7.652e+04	0	0	0	0	0	0	0	0	0	0	0	0	0	0	0	3.665e+05	0	0	0	0	0	0	0	0	0	0	0	0	0	0	0	0	0	0	0	0	0	0	0	
24472	1760.328	3.45e+19	0	0	100000	1.97532962	2.11e-08	0.02013	0.002947	2.823e-07	0.5919	4.084e+04	345	0.04706	0.8109	7.007e-09	0.003618	0	0.01056	2.576e-15	1.486e-19	1.327e-25	1.769e-25	2.212e-25	6.795e-09	1.041e-08	3.087e-10	0.1162	1.023e-10	2.789e-25	0.5421	2.223e-07	5.035e-08	2.588e-08	0	0	0	0	0	0	0	0	0	0	0	0	0	0	0	0	0	0	0	0	0	0	0	7.661e+04	0	0	0	0	0	0	0	0	0	0	0	0	0	0	0	3.669e+05	0	0	0	0	0	0	0	0	0	0	0	0	0	0	0	0	0	0	0	0	0	0	0	
24500	1760.328	3.45e+19	0	0	100000	1.97537175	2.1e-08	0.02011	0.002952	2.856e-07	0.593	4.092e+04	345.7	0.04776	0.8151	7.066e-09	0.003636	0	0.01072	2.58e-15	1.517e-19	1.33e-25	1.773e-25	2.216e-25	6.829e-09	1.05e-08	3.123e-10	0.1166	1.032e-10	2.821e-25	0.5431	2.227e-07	5.045e-08	2.592e-08	0	0	0	0	0	0	0	0	0	0	0	0	0	0	0	0	0	0	0	0	0	0	0	7.67e+04	0	0	0	0	0	0	0	0	0	0	0	0	0	0	0	3.673e+05	0	0	0	0	0	0	0	0	0	0	0	0	0	0	0	0	0	0	0	0	0	0	0	
24528	1760.328	3.45e+19	0	0	100000	1.97541388	2.091e-08	0.02008	0.002958	2.889e-07	0.5942	4.1e+04	346.3	0.04846	0.8193	7.124e-09	0.003655	0	0.01087	2.585e-15	1.549e-19	1.332e-25	1.776e-25	2.22e-25	6.864e-09	1.059e-08	3.159e-10	0.1171	1.04e-10	2.854e-25	0.5442	2.231e-07	5.054e-08	2.597e-08	0	0	0	0	0	0	0	0	0	0	0	0	0	0	0	0	0	0	0	0	0	0	0	7.679e+04	0	0	0	0	0	0	0	0	0	0	0	0	0	0	0	3.677e+05	0	0	0	0	0	0	0	0	0	0	0	0	0	0	0	0	0	0	0	0	0	0	0	
24556	1760.328	3.45e+19	0	0	100000	1.97545601	2.081e-08	0.02005	0.002964	2.922e-07	0.5953	4.108e+04	347	0.04918	0.8234	7.184e-09	0.003674	0	0.01104	2.59e-15	1.582e-19	1.335e-25	1.78e-25	2.225e-25	6.899e-09	1.068e-08	3.195e-10	0.1176	1.049e-10	2.887e-25	0.5452	2.236e-07	5.064e-08	2.602e-08	0	0	0	0	0	0	0	0	0	0	0	0	0	0	0	0	0	0	0	0	0	0	0	7.687e+04	0	0	0	0	0	0	0	0	0	0	0	0	0	0	0	3.681e+05	0	0	0	0	0	0	0	0	0	0	0	0	0	0	0	0	0	0	0	0	0	0	0	
24584	1760.328	3.45e+19	0	0	100000	1.97549814	2.072e-08	0.02003	0.002969	2.956e-07	0.5964	4.115e+04	347.7	0.04991	0.8277	7.244e-09	0.003692	0	0.0112	2.595e-15	1.616e-19	1.337e-25	1.783e-25	2.229e-25	6.935e-09	1.076e-08	3.232e-10	0.118	1.058e-10	2.92e-25	0.5462	2.24e-07	5.073e-08	2.607e-08	0	0	0	0	0	0	0	0	0	0	0	0	0	0	0	0	0	0	0	0	0	0	0	7.696e+04	0	0	0	0	0	0	0	0	0	0	0	0	0	0	0	3.686e+05	0	0	0	0	0	0	0	0	0	0	0	0	0	0	0	0	0	0	0	0	0	0	0	
24612	1760.328	3.45e+19	0	0	100000	1.97554027	2.063e-08	0.02	0.002975	2.99e-07	0.5976	4.123e+04	348.3	0.05065	0.8319	7.304e-09	0.003711	0	0.01137	2.6e-15	1.651e-19	1.34e-25	1.786e-25	2.233e-25	6.97e-09	1.085e-08	3.27e-10	0.1185	1.067e-10	2.954e-25	0.5473	2.244e-07	5.083e-08	2.612e-08	0	0	0	0	0	0	0	0	0	0	0	0	0	0	0	0	0	0	0	0	0	0	0	7.705e+04	0	0	0	0	0	0	0	0	0	0	0	0	0	0	0	3.69e+05	0	0	0	0	0	0	0	0	0	0	0	0	0	0	0	0	0	0	0	0	0	0	0	
24640	1760.328	3.45e+19	0	0	100000	1.9755824	2.053e-08	0.01998	0.00298	3.025e-07	0.5987	4.131e+04	349	0.0514	0.8362	7.365e-09	0.00373	0	0.01153	2.605e-15	1.686e-19	1.342e-25	1.79e-25	2.237e-25	7.006e-09	1.095e-08	3.308e-10	0.119	1.076e-10	2.988e-25	0.5483	2.248e-07	5.093e-08	2.617e-08	0	0	0	0	0	0	0	0	0	0	0	0	0	0	0	0	0	0	0	0	0	0	0	7.714e+04	0	0	0	0	0	0	0	0	0	0	0	0	0	0	0	3.694e+05	0	0	0	0	0	0	0	0	0	0	0	0	0	0	0	0	0	0	0	0	0	0	0	
24668	1760.328	3.45e+19	0	0	100000	1.97562453	2.044e-08	0.01995	0.002986	3.06e-07	0.5998	4.139e+04	349.6	0.05217	0.8404	7.427e-09	0.003749	0	0.01171	2.61e-15	1.722e-19	1.345e-25	1.793e-25	2.241e-25	7.042e-09	1.104e-08	3.346e-10	0.1194	1.085e-10	3.023e-25	0.5494	2.253e-07	5.102e-08	2.622e-08	0	0	0	0	0	0	0	0	0	0	0	0	0	0	0	0	0	0	0	0	0	0	0	7.722e+04	0	0	0	0	0	0	0	0	0	0	0	0	0	0	0	3.698e+05	0	0	0	0	0	0	0	0	0	0	0	0	0	0	0	0	0	0	0	0	0	0	0	
24696	1760.328	3.45e+19	0	0	100000	1.97566666	2.035e-08	0.01992	0.002992	3.095e-07	0.601	4.147e+04	350.3	0.05294	0.8447	7.489e-09	0.003769	0	0.01188	2.615e-15	1.759e-19	1.347e-25	1.797e-25	2.246e-25	7.078e-09	1.113e-08	3.385e-10	0.1199	1.094e-10	3.058e-25	0.5504	2.257e-07	5.112e-08	2.627e-08	0	0	0	0	0	0	0	0	0	0	0	0	0	0	0	0	0	0	0	0	0	0	0	7.731e+04	0	0	0	0	0	0	0	0	0	0	0	0	0	0	0	3.702e+05	0	0	0	0	0	0	0	0	0	0	0	0	0	0	0	0	0	0	0	0	0	0	0	
24724	1760.328	3.45e+19	0	0	100000	1.97570879	2.025e-08	0.0199	0.002997	3.131e-07	0.6021	4.154e+04	351	0.05373	0.8491	7.552e-09	0.003788	0	0.01206	2.62e-15	1.797e-19	1.35e-25	1.8e-25	2.25e-25	7.114e-09	1.122e-08	3.424e-10	0.1204	1.103e-10	3.094e-25	0.5514	2.261e-07	5.122e-08	2.632e-08	0	0	0	0	0	0	0	0	0	0	0	0	0	0	0	0	0	0	0	0	0	0	0	7.74e+04	0	0	0	0	0	0	0	0	0	0	0	0	0	0	0	3.706e+05	0	0	0	0	0	0	0	0	0	0	0	0	0	0	0	0	0	0	0	0	0	0	0	
24752	1760.328	3.45e+19	0	0	100000	1.97575092	2.016e-08	0.01987	0.003003	3.168e-07	0.6032	4.162e+04	351.6	0.05454	0.8534	7.615e-09	0.003807	0	0.01224	2.625e-15	1.836e-19	1.352e-25	1.803e-25	2.254e-25	7.15e-09	1.132e-08	3.464e-10	0.1209	1.112e-10	3.13e-25	0.5525	2.265e-07	5.131e-08	2.637e-08	0	0	0	0	0	0	0	0	0	0	0	0	0	0	0	0	0	0	0	0	0	0	0	7.749e+04	0	0	0	0	0	0	0	0	0	0	0	0	0	0	0	3.711e+05	0	0	0	0	0	0	0	0	0	0	0	0	0	0	0	0	0	0	0	0	0	0	0	
24780	1760.328	3.45e+19	0	0	100000	1.97579305	2.007e-08	0.01984	0.003009	3.205e-07	0.6044	4.17e+04	352.3	0.05535	0.8578	7.679e-09	0.003827	0	0.01242	2.63e-15	1.875e-19	1.355e-25	1.807e-25	2.258e-25	7.187e-09	1.141e-08	3.505e-10	0.1214	1.121e-10	3.166e-25	0.5535	2.27e-07	5.141e-08	2.642e-08	0	0	0	0	0	0	0	0	0	0	0	0	0	0	0	0	0	0	0	0	0	0	0	7.757e+04	0	0	0	0	0	0	0	0	0	0	0	0	0	0	0	3.715e+05	0	0	0	0	0	0	0	0	0	0	0	0	0	0	0	0	0	0	0	0	0	0	0	
24808	1760.328	3.45e+19	0	0	100000	1.97583518	1.998e-08	0.01981	0.003014	3.242e-07	0.6055	4.178e+04	352.9	0.05618	0.8622	7.743e-09	0.003846	0	0.01261	2.635e-15	1.916e-19	1.358e-25	1.81e-25	2.263e-25	7.224e-09	1.151e-08	3.545e-10	0.1219	1.131e-10	3.203e-25	0.5545	2.274e-07	5.15e-08	2.647e-08	0	0	0	0	0	0	0	0	0	0	0	0	0	0	0	0	0	0	0	0	0	0	0	7.766e+04	0	0	0	0	0	0	0	0	0	0	0	0	0	0	0	3.719e+05	0	0	0	0	0	0	0	0	0	0	0	0	0	0	0	0	0	0	0	0	0	0	0	
24836	1760.328	3.45e+19	0	0	100000	1.97587731	1.988e-08	0.01979	0.00302	3.28e-07	0.6066	4.186e+04	353.6	0.05702	0.8666	7.808e-09	0.003866	0	0.01279	2.64e-15	1.957e-19	1.36e-25	1.813e-25	2.267e-25	7.261e-09	1.16e-08	3.587e-10	0.1224	1.14e-10	3.24e-25	0.5556	2.278e-07	5.16e-08	2.652e-08	0	0	0	0	0	0	0	0	0	0	0	0	0	0	0	0	0	0	0	0	0	0	0	7.775e+04	0	0	0	0	0	0	0	0	0	0	0	0	0	0	0	3.723e+05	0	0	0	0	0	0	0	0	0	0	0	0	0	0	0	0	0	0	0	0	0	0	0	
24864	1760.328	3.45e+19	0	0	100000	1.97591944	1.979e-08	0.01976	0.003026	3.318e-07	0.6078	4.194e+04	354.3	0.05787	0.8711	7.874e-09	0.003886	0	0.01299	2.645e-15	1.999e-19	1.363e-25	1.817e-25	2.271e-25	7.298e-09	1.17e-08	3.629e-10	0.1229	1.15e-10	3.278e-25	0.5566	2.282e-07	5.17e-08	2.657e-08	0	0	0	0	0	0	0	0	0	0	0	0	0	0	0	0	0	0	0	0	0	0	0	7.784e+04	0	0	0	0	0	0	0	0	0	0	0	0	0	0	0	3.727e+05	0	0	0	0	0	0	0	0	0	0	0	0	0	0	0	0	0	0	0	0	0	0	0	
24892	1760.328	3.45e+19	0	0	100000	1.97596157	1.97e-08	0.01973	0.003031	3.357e-07	0.6089	4.201e+04	354.9	0.05874	0.8755	7.94e-09	0.003906	0	0.01318	2.649e-15	2.042e-19	1.365e-25	1.82e-25	2.275e-25	7.336e-09	1.18e-08	3.671e-10	0.1234	1.16e-10	3.317e-25	0.5576	2.287e-07	5.179e-08	2.662e-08	0	0	0	0	0	0	0	0	0	0	0	0	0	0	0	0	0	0	0	0	0	0	0	7.793e+04	0	0	0	0	0	0	0	0	0	0	0	0	0	0	0	3.732e+05	0	0	0	0	0	0	0	0	0	0	0	0	0	0	0	0	0	0	0	0	0	0	0	
24920	1760.328	3.45e+19	0	0	100000	1.9760037	1.961e-08	0.0197	0.003037	3.397e-07	0.61	4.209e+04	355.6	0.05962	0.88	8.007e-09	0.003926	0	0.01338	2.654e-15	2.087e-19	1.368e-25	1.824e-25	2.279e-25	7.373e-09	1.19e-08	3.714e-10	0.1239	1.169e-10	3.355e-25	0.5587	2.291e-07	5.189e-08	2.667e-08	0	0	0	0	0	0	0	0	0	0	0	0	0	0	0	0	0	0	0	0	0	0	0	7.801e+04	0	0	0	0	0	0	0	0	0	0	0	0	0	0	0	3.736e+05	0	0	0	0	0	0	0	0	0	0	0	0	0	0	0	0	0	0	0	0	0	0	0	
24948	1760.328	3.45e+19	0	0	100000	1.97604583	1.952e-08	0.01968	0.003042	3.436e-07	0.6112	4.217e+04	356.2	0.06052	0.8845	8.074e-09	0.003946	0	0.01358	2.659e-15	2.132e-19	1.37e-25	1.827e-25	2.284e-25	7.411e-09	1.2e-08	3.758e-10	0.1244	1.179e-10	3.395e-25	0.5597	2.295e-07	5.199e-08	2.672e-08	0	0	0	0	0	0	0	0	0	0	0	0	0	0	0	0	0	0	0	0	0	0	0	7.81e+04	0	0	0	0	0	0	0	0	0	0	0	0	0	0	0	3.74e+05	0	0	0	0	0	0	0	0	0	0	0	0	0	0	0	0	0	0	0	0	0	0	0	
24976	1760.328	3.45e+19	0	0	100000	1.97608796	1.943e-08	0.01965	0.003048	3.477e-07	0.6123	4.225e+04	356.9	0.06143	0.8891	8.142e-09	0.003966	0	0.01378	2.664e-15	2.178e-19	1.373e-25	1.83e-25	2.288e-25	7.449e-09	1.21e-08	3.802e-10	0.1249	1.189e-10	3.435e-25	0.5608	2.299e-07	5.208e-08	2.677e-08	0	0	0	0	0	0	0	0	0	0	0	0	0	0	0	0	0	0	0	0	0	0	0	7.819e+04	0	0	0	0	0	0	0	0	0	0	0	0	0	0	0	3.744e+05	0	0	0	0	0	0	0	0	0	0	0	0	0	0	0	0	0	0	0	0	0	0	0	
25004	1760.328	3.45e+19	0	0	100000	1.97613009	1.933e-08	0.01962	0.003054	3.518e-07	0.6134	4.233e+04	357.6	0.06236	0.8937	8.211e-09	0.003987	0	0.01399	2.669e-15	2.226e-19	1.375e-25	1.834e-25	2.292e-25	7.488e-09	1.22e-08	3.847e-10	0.1254	1.199e-10	3.475e-25	0.5618	2.304e-07	5.218e-08	2.682e-08	0	0	0	0	0	0	0	0	0	0	0	0	0	0	0	0	0	0	0	0	0	0	0	7.828e+04	0	0	0	0	0	0	0	0	0	0	0	0	0	0	0	3.748e+05	0	0	0	0	0	0	0	0	0	0	0	0	0	0	0	0	0	0	0	0	0	0	0	
25032	1760.328	3.45e+19	0	0	100000	1.97617222	1.924e-08	0.01959	0.003059	3.559e-07	0.6145	4.24e+04	358.2	0.0633	0.8982	8.281e-09	0.004007	0	0.0142	2.674e-15	2.274e-19	1.378e-25	1.837e-25	2.296e-25	7.526e-09	1.231e-08	3.892e-10	0.1259	1.209e-10	3.516e-25	0.5628	2.308e-07	5.228e-08	2.687e-08	0	0	0	0	0	0	0	0	0	0	0	0	0	0	0	0	0	0	0	0	0	0	0	7.836e+04	0	0	0	0	0	0	0	0	0	0	0	0	0	0	0	3.753e+05	0	0	0	0	0	0	0	0	0	0	0	0	0	0	0	0	0	0	0	0	0	0	0	
25060	1760.328	3.45e+19	0	0	100000	1.97621435	1.915e-08	0.01956	0.003065	3.601e-07	0.6157	4.248e+04	358.9	0.06425	0.9029	8.351e-09	0.004028	0	0.01442	2.679e-15	2.324e-19	1.38e-25	1.841e-25	2.301e-25	7.565e-09	1.241e-08	3.938e-10	0.1265	1.219e-10	3.557e-25	0.5639	2.312e-07	5.237e-08	2.691e-08	0	0	0	0	0	0	0	0	0	0	0	0	0	0	0	0	0	0	0	0	0	0	0	7.845e+04	0	0	0	0	0	0	0	0	0	0	0	0	0	0	0	3.757e+05	0	0	0	0	0	0	0	0	0	0	0	0	0	0	0	0	0	0	0	0	0	0	0	
25088	1760.328	3.45e+19	0	0	100000	1.97625648	1.906e-08	0.01953	0.003071	3.643e-07	0.6168	4.256e+04	359.5	0.06523	0.9075	8.421e-09	0.004049	0	0.01464	2.684e-15	2.374e-19	1.383e-25	1.844e-25	2.305e-25	7.604e-09	1.251e-08	3.984e-10	0.127	1.23e-10	3.599e-25	0.5649	2.316e-07	5.247e-08	2.696e-08	0	0	0	0	0	0	0	0	0	0	0	0	0	0	0	0	0	0	0	0	0	0	0	7.854e+04	0	0	0	0	0	0	0	0	0	0	0	0	0	0	0	3.761e+05	0	0	0	0	0	0	0	0	0	0	0	0	0	0	0	0	0	0	0	0	0	0	0	
25116	1760.328	3.45e+19	0	0	100000	1.97629861	1.897e-08	0.01951	0.003076	3.686e-07	0.6179	4.264e+04	360.2	0.06621	0.9122	8.492e-09	0.004069	0	0.01486	2.689e-15	2.426e-19	1.385e-25	1.847e-25	2.309e-25	7.643e-09	1.262e-08	4.031e-10	0.1275	1.24e-10	3.642e-25	0.5659	2.321e-07	5.256e-08	2.701e-08	0	0	0	0	0	0	0	0	0	0	0	0	0	0	0	0	0	0	0	0	0	0	0	7.863e+04	0	0	0	0	0	0	0	0	0	0	0	0	0	0	0	3.765e+05	0	0	0	0	0	0	0	0	0	0	0	0	0	0	0	0	0	0	0	0	0	0	0	
25144	1760.328	3.45e+19	0	0	100000	1.97634074	1.888e-08	0.01948	0.003082	3.73e-07	0.6191	4.272e+04	360.9	0.06722	0.9169	8.564e-09	0.00409	0	0.01508	2.694e-15	2.479e-19	1.388e-25	1.851e-25	2.313e-25	7.682e-09	1.273e-08	4.079e-10	0.128	1.251e-10	3.685e-25	0.567	2.325e-07	5.266e-08	2.706e-08	0	0	0	0	0	0	0	0	0	0	0	0	0	0	0	0	0	0	0	0	0	0	0	7.871e+04	0	0	0	0	0	0	0	0	0	0	0	0	0	0	0	3.769e+05	0	0	0	0	0	0	0	0	0	0	0	0	0	0	0	0	0	0	0	0	0	0	0	
25172	1760.328	3.45e+19	0	0	100000	1.97638287	1.879e-08	0.01945	0.003088	3.774e-07	0.6202	4.279e+04	361.5	0.06824	0.9216	8.637e-09	0.004111	0	0.01531	2.699e-15	2.534e-19	1.391e-25	1.854e-25	2.318e-25	7.722e-09	1.283e-08	4.127e-10	0.1286	1.261e-10	3.728e-25	0.568	2.329e-07	5.276e-08	2.711e-08	0	0	0	0	0	0	0	0	0	0	0	0	0	0	0	0	0	0	0	0	0	0	0	7.88e+04	0	0	0	0	0	0	0	0	0	0	0	0	0	0	0	3.774e+05	0	0	0	0	0	0	0	0	0	0	0	0	0	0	0	0	0	0	0	0	0	0	0	
25200	1760.328	3.45e+19	0	0	100000	1.976425	1.87e-08	0.01942	0.003093	3.819e-07	0.6213	4.287e+04	362.2	0.06927	0.9263	8.71e-09	0.004133	0	0.01554	2.704e-15	2.589e-19	1.393e-25	1.857e-25	2.322e-25	7.761e-09	1.294e-08	4.176e-10	0.1291	1.272e-10	3.772e-25	0.569	2.333e-07	5.285e-08	2.716e-08	0	0	0	0	0	0	0	0	0	0	0	0	0	0	0	0	0	0	0	0	0	0	0	7.889e+04	0	0	0	0	0	0	0	0	0	0	0	0	0	0	0	3.778e+05	0	0	0	0	0	0	0	0	0	0	0	0	0	0	0	0	0	0	0	0	0	0	0	
