trial,trial_label,case,T,burnup,fission_rate,f_n,K_d,rho_d,Dv_dislocation_scale,Dg_dislocation_scale,NGF_AREAL_0,DT_H,N_MODES,label,xe_diffusivity_mode,vacancy_diffusivity_mode,rho_d_eff,c,mb,md,Nb,Nd,Rb_nm,Rd_nm,swelling_b_percent,swelling_d_percent,swelling_ig_percent,swelling_gf_percent,swelling_total_gas_percent,Ngf_areal,Ngf_vol,Rgf_nm,Fc_gf,p_gf,p_gf_eq,p_gf_over_eq,p_b,p_b_eq,p_d,p_d_eq,p_b_over_eq,p_d_over_eq,matrix_gas_percent,bulk_gas_percent,dislocation_gas_percent,qgb_gas_percent,grainface_gas_percent,release_gas_percent,q_gb,q_gf,q_rel,generated,retained,lambda_d,nu_b,phi_b,phi_d,f_cap_step,cap_raw_step,capture_fraction_sum,capture_raw_sum,capture_bubbles_cumulative,max_f_cap_step,time,burnup_percent_fima,rho_d_next,delta_Nd_rho,Vb,Vd,Rb,Rd,nvb,nvd,retained_ig,swelling_b,swelling_d,swelling_gf,swelling_ig,swelling_total_gas,ng_gf,nv_gf,V_gf,R_gf,A_gf,zeta_gf,gf_saturated,Dg,Dv,Dv_dislocation,Dv_gb,beta,rho_d_old,g_b,g_d,b_b,b_d,b_b_gas,b_d_gas,dVd_growth_dt,dnvb_dt,dnvd_dt,dnv_gf_dt,dA_gf_dt,dNgf_dt,dq_gf_in_step,dq_rel_step,nvb_seed_added,nvd_seed_added,bulk_first_gas_seed_applied,dislocation_first_gas_seed_applied,first_gas_pressure_factor,seed_pressure_factor,seed_gas_atoms_per_bubble,D1_Xe,D2_Xe,D2_Xe_scaled,D3_Xe,Dg_lookup_base,D1_Xe_i_2023,D2_Xe_i0_2023,D2_Xe_i1_2023,D1_XeVU_2023,D2_XeVU_2023,Dg_D1_scaled,Dg_D3_scaled,D2_Xe_over_Dg_unscaled,Dg_dislocation,Dv1,Dv2,Dv_lookup_base,Dv_nonthermal_effective,Dv1_scaled,Dv2_scaled,A20_vU_active,Gamma_d,den,free_dislocation,term_bubbles,term_dislocation,term_bubbles_scaled,term_dislocation_scaled,g_b_unscaled,g_d_unscaled,USE_WS_GAS_TRAPPING_BULK,USE_WS_GAS_TRAPPING_DISLOCATION,ws_bulk_factor,ws_bulk_factor_raw,ws_bulk_delta,ws_bulk_x,ws_bulk_zeta,ws_dislocation_factor,ws_dislocation_factor_raw,ws_dislocation_delta,ws_dislocation_x,ws_dislocation_zeta,psi_b,psi_d,porosity_b,porosity_d,valid_single_size,experiment_case,linear_power_kW_m,fuel_diameter_mm,fission_rate_case,fuel_description,swelling_bulk,matrix_gas,bulk_gas,dislocation_gas,grainface_gas,FGR,Ngf,Rgf,status,error
29,TRIAL_029,ANP6,900.0,3.2,7.76068019011021e+19,0.00035988477833597926,643550.2336527312,22448337845806.17,19.989549388105466,2.6316245995956224,32685671817147.043,1.0,40,TRIAL_029_ANP6,rizk2025_refit_plot,rizk2025_refit_full,22448337845806.17,1.7831918666860576e+23,2.417581512297425e+26,2.5375914068599383e+24,9.513637831218199e+23,1.4417786482138796e+19,1.7929429595845678,20.239524842752303,2.2968606287061357,0.050071215750575326,2.346931844456711,0.15650568531346729,2.5034375297701783,21662532527151.023,5.415633131787756e+18,61.55842118450226,0.1894808116640823,619413870920.5052,36063303.07507789,17175.738717859178,1241771559.2240992,1238187744.9767745,110631014.09332721,109686369.47991265,1.0028944029383782,1.008612233387737,0.06783236748110338,91.96446025880854,0.965296197469244,7.002411176241124,7.002411176241124,0.0,1.8408089117843675e+25,1.8408089117843675e+25,0.0,2.6288215094111468e+26,2.628821509411147e+26,1.001252884988293,1.1673349564854192e+17,0.003950835470865972,5.6817977927702155e-06,1.1303301937968552e-08,1.1303301937968552e-08,0.0005752295814139062,0.0005752295814139062,6.478351267786359e+19,7.174506550075133e-06,14113998.628416095,3.2,22448337845806.17,0.0,2.4142821804390973e-26,3.4728781573097306e-23,1.792942959584568e-09,2.0239524842752303e-08,8.280662586229084e+25,9.755970384329009e+24,2.4447406182327104e+26,0.022968606287061356,0.050071215750575326,0.15650568531346729,0.023469318444567108,0.02503437529770178,3399065.016017246,2334.0180847407687,2.8898871379384443e-22,6.155842118450226e-08,8.74693720259134e-15,0.2622388258148085,0.0,9.229586270335752e-19,5.911994148657879e-25,1.181780990167872e-23,5.119872410101689e-28,1.8625632456264503e+19,22448337845806.17,0.0220980035351057,9.53003667210805e-05,1.6229023887316943e-05,6.690034407187543e-06,1.6229023887316943e-05,6.690034407187543e-06,3.303557656691669e-31,6.271314188311818e+18,1.1261796267751507e+17,0.0002445499731275661,5.503194886676876e-22,-412358.12492269714,2.7716866423792777e+21,0.0,0.0,0.0,0.0,0.0,0.3333333333333333,0.3333333333333333,2.0,2.4966082885114063e-31,1.1115015552558786e-24,0.0,9.229586270333256e-19,,0.0,0.0,0.0,0.0,0.0,2.4966082885114063e-31,9.229586270333256e-19,1.2042810183467137e-06,2.4288806273105577e-18,5.119872410101689e-34,5.911994143538007e-25,,,5.119872410101689e-34,5.911994143538007e-25,,1.1907839400394421e-07,3.631660640848455,21864723335055.9,3.419567031811745e-06,9.188079968926876e-05,3.419567031811745e-06,9.188079968926876e-05,0.0220980035351057,9.53003667210805e-05,False,False,1.0,1.7935439712008152,6.3077122718661616e-09,0.31753624129483626,0.5397041108943325,1.0,1.1358909258885905,2.5488107774363104e-07,0.08023111407095526,0.8799115540044662,0.2842572484272452,0.07940771737435731,0.022968606287061356,0.0005007121575057533,True,ANP6,125.0,8.0,7.76068019011021e+19,$(U_{0.8}Pu_{0.2})N$,2.2968606287061357,0.06783236748110338,91.96446025880854,0.965296197469244,7.002411176241124,0.0,5.415633131787756e+18,6.155842118450226e-08,ok,
29,TRIAL_029,ANP6,950.0,3.2,7.76068019011021e+19,0.00035988477833597926,643550.2336527312,22448337845806.17,19.989549388105466,2.6316245995956224,32685671817147.043,1.0,40,TRIAL_029_ANP6,rizk2025_refit_plot,rizk2025_refit_full,22448337845806.17,1.7805522288346075e+23,2.417707226081027e+26,2.544247618820515e+24,9.497528619105039e+23,1.44164375667563e+19,1.79777178602284,20.550023334325463,2.3115479214420533,0.052406302922867576,2.363954224364921,0.15655408518773856,2.5205083095526595,21660787581500.93,5.415196895375232e+18,61.566419372002635,0.1895147858457325,97840446852.87343,36058618.03633729,2713.372064183847,1236313695.5435605,1234861964.8277183,108416367.77264364,108029074.41432694,1.0011756218566865,1.0035850844822691,0.06773195602897548,91.96924239343244,0.9678282111250769,6.995197439413519,6.995197439413519,0.0,1.8389125491308038e+25,1.8389125491308038e+25,0.0,2.6288215094111468e+26,2.628821509411147e+26,1.0013113688822701,1.1638816980349432e+17,0.003943913290442675,5.666402609626004e-06,1.1784135724617484e-08,1.1784135724617484e-08,0.0005988770003003325,0.0005988770003003325,6.357467817097603e+19,7.903150333484573e-06,14113998.628416095,3.2,22448337845806.17,0.0,2.4338414909244807e-26,3.635177045660317e-23,1.7977717860228401e-09,2.0550023334325465e-08,8.779742844374754e+25,1.0535891535748235e+25,2.4449302544980667e+26,0.02311547921442053,0.052406302922867576,0.15655408518773856,0.023639542243649208,0.025205083095526593,3395836.9098292612,15582.429274963433,2.891013719583146e-22,6.156641937200264e-08,8.749210301456664e-15,0.2621799382983664,0.0,9.229586270408242e-19,1.654156910152138e-24,3.30658512511621e-23,2.2845010932250072e-26,1.8625632456264503e+19,22448337845806.17,0.022113769540642477,9.531457234047386e-05,1.6215654763540526e-05,6.663669402641531e-06,1.6215654763540526e-05,6.663669402641531e-06,3.4510820302111865e-31,6.672230942760778e+18,1.2010641564701115e+17,0.0016327472700874085,5.505026709258442e-22,-412414.0479832664,2.7684203755852446e+21,0.0,0.0,0.0,0.0,0.0,0.3333333333333333,0.3333333333333333,2.0,7.498646671560408e-30,4.1448101342312676e-23,0.0,9.229586270333256e-19,,0.0,0.0,0.0,0.0,0.0,7.498646671560408e-30,9.229586270333256e-19,4.490786491178152e-05,2.4288806273296344e-18,2.284501093225007e-32,1.6541568873071272e-24,,,2.284501093225007e-32,1.6541568873071272e-24,,1.1907839400394421e-07,3.631660640848455,21855825423461.51,3.471163804276485e-06,9.184340853619738e-05,3.471163804276485e-06,9.184340853619738e-05,0.022113769540642477,9.531457234047386e-05,False,False,1.0,1.7958433960601616,6.311276567504379e-09,0.31812200774724486,0.5389142183477591,1.0,1.1382071998173842,2.548890269111733e-07,0.08144677618660402,0.8780999774650134,0.2848618565736061,0.08062341211994857,0.02311547921442053,0.0005240630292286758,True,ANP6,125.0,8.0,7.76068019011021e+19,$(U_{0.8}Pu_{0.2})N$,2.3115479214420533,0.06773195602897548,91.96924239343244,0.9678282111250769,6.995197439413519,0.0,5.415196895375232e+18,6.156641937200264e-08,ok,
29,TRIAL_029,ANP6,1000.0,3.2,7.76068019011021e+19,0.00035988477833597926,643550.2336527312,22448337845806.17,19.989549388105466,2.6316245995956224,32685671817147.043,1.0,40,TRIAL_029_ANP6,rizk2025_refit_plot,rizk2025_refit_full,22448337845806.17,1.777964833126254e+23,2.4178354157322045e+26,2.550198280856248e+24,9.481738131471064e+23,1.4415127160919425e+19,1.8025249859853172,20.843563689125624,2.3260575009959377,0.05467930780045909,2.3807368087963967,0.15751153863902953,2.538248347435426,21626993385550.805,5.406748346387701e+18,61.723789951255064,0.19018767959502283,18631528970.576485,35966683.21490294,518.0218831759398,1232268038.8144426,1231605673.8522701,106686331.23104991,106507698.6407178,1.000537806033404,1.0016771800781714,0.0676335318606137,91.97411870971023,0.9700918345831283,6.988155923846026,6.988155923846026,0.0,1.8370614603725357e+25,1.8370614603725357e+25,0.0,2.6288215094111468e+26,2.6288215094111468e+26,1.0013683024773872,1.1605017453443445e+17,0.003937120742847556,5.652666399309092e-06,1.2311058359766144e-08,1.2311058359766144e-08,0.0006224534290651135,0.0006224534290651135,6.458985272208354e+19,8.54178041395638e-06,14113998.628416095,3.2,22448337845806.17,0.0,2.4531973660772854e-26,3.793189417620894e-23,1.8025249859853174e-09,2.0843563689125625e-08,9.272668043180828e+25,1.1296615060773382e+25,2.4451153633738932e+26,0.023260575009959376,0.05467930780045909,0.15751153863902953,0.023807368087963965,0.02538248347435426,3397719.558373553,86183.11679592152,2.9132396876630014e-22,6.172378995125506e-08,8.793995365166616e-15,0.2610167947377434,0.0,9.229586271935955e-19,4.1078364398687146e-24,8.2113799393015e-23,6.972208708889678e-25,1.8625632456264503e+19,22448337845806.17,0.02212926720946702,9.532799720630094e-05,1.6202517049216124e-05,6.639415147335889e-06,1.6202517049216124e-05,6.639415147335889e-06,3.6120618600579916e-31,7.084292823819074e+18,1.2824952279864192e+17,0.009040725213053873,5.541781932579286e-22,-413577.1840217419,2.7652187386688077e+21,0.0,0.0,0.0,0.0,0.0,0.3333333333333333,0.3333333333333333,2.0,1.6026995865756309e-28,5.19276648232866e-22,0.0,9.229586270333256e-19,,0.0,0.0,0.0,0.0,0.0,1.6026995865756309e-28,9.229586270333256e-19,0.000562621804415882,2.428880627731671e-18,6.972208708889678e-31,4.1078357426478436e-24,,,6.972208708889678e-31,4.1078357426478436e-24,,1.1907839400394421e-07,3.631660640848455,21847416504160.72,3.519924946066488e-06,9.180807226023444e-05,3.519924946066488e-06,9.180807226023444e-05,0.02212926720946702,9.532799720630094e-05,False,False,1.0,1.7981099510497973,6.314778174684852e-09,0.3186982972210864,0.5381374248451669,1.0,1.140404316970717,2.548967500741051e-07,0.08259590411720281,0.8763878818964362,0.28545663950119615,0.08177257416368804,0.023260575009959376,0.0005467930780045909,True,ANP6,125.0,8.0,7.76068019011021e+19,$(U_{0.8}Pu_{0.2})N$,2.3260575009959377,0.0676335318606137,91.97411870971023,0.9700918345831283,6.988155923846026,0.0,5.406748346387701e+18,6.172378995125506e-08,ok,
29,TRIAL_029,ANP6,1050.0,3.2,7.76068019011021e+19,0.00035988477833597926,643550.2336527312,22448337845806.17,19.989549388105466,2.6316245995956224,32685671817147.043,1.0,40,TRIAL_029_ANP6,rizk2025_refit_plot,rizk2025_refit_full,22448337845806.17,1.7753995867721643e+23,2.4179656479329887e+26,2.55574625323084e+24,9.466081618159934e+23,1.4413814930962528e+19,1.8072562042114761,21.12973489573635,2.3405505595445306,0.056957339558569166,2.3975078991031,0.16238881444705283,2.559896713550153,21457761934380.906,5.364440483595226e+18,62.51790343647919,0.19358615608164392,4160757931.660027,35509828.032790855,117.1720101775164,1228716667.9024022,1228381451.853202,105156124.48764977,105065208.38782324,1.0002728924705713,1.0008653302194095,0.06753595025056881,91.9790727242874,0.9722022754611911,6.98118905000083,6.98118905000083,0.0,1.835229993590775e+25,1.835229993590775e+25,0.0,2.6288215094111468e+26,2.6288215094111468e+26,1.0014253665894317,1.157155579784677e+17,0.003930381519465958,5.639881956694396e-06,1.2871519980221766e-08,1.2871519980221766e-08,0.0006466451139380745,0.0006466451139380745,6.649394520897267e+19,9.076025937430967e-06,14113998.628416095,3.2,22448337845806.17,0.0,2.4725653696608407e-26,3.951579774776924e-23,1.8072562042114762e-09,2.112973489573635e-08,9.764968309074727e+25,1.2060230885954317e+25,2.4452985100520693e+26,0.023405505595445308,0.056957339558569166,0.16238881444705283,0.023975078991031,0.02559896713550153,3421102.3483306714,408005.5573930831,3.0271342359682687e-22,6.251790343647918e-08,9.021731002219231e-15,0.25523356339463543,0.0,9.229586295923071e-19,9.230255568932457e-24,1.8450864956001088e-22,1.5366002896313798e-23,1.8625632456264503e+19,22448337845806.17,0.022144662715840754,9.53410804730298e-05,1.618946180349989e-05,6.616372837343598e-06,1.618946180349989e-05,6.616372837343598e-06,3.7830949727735703e-31,7.511760628503368e+18,1.3689088700019344e+17,0.043050134195902444,5.729928183897228e-22,-419437.293318007,2.762044493919913e+21,0.0,0.0,0.0,0.0,0.0,0.3333333333333333,0.3333333333333333,2.0,2.558981501392922e-27,2.8205305937173354e-21,0.0,9.229586270333256e-19,,0.0,0.0,0.0,0.0,0.0,2.558981501392922e-27,9.229586270333256e-19,0.0030559664358555606,2.4288806340441796e-18,1.5366002896313797e-29,9.230240202929561e-24,,,1.5366002896313797e-29,9.230240202929561e-24,,1.1907839400394421e-07,3.631660640848455,21839221643837.504,3.5674447383982836e-06,9.177363573463153e-05,3.5674447383982836e-06,9.177363573463153e-05,0.022144662715840754,9.53410804730298e-05,False,False,1.0,1.8003689470364694,6.3182577575787795e-09,0.3192715781648994,0.5373650016527473,1.0,1.142553163939429,2.5490448491637975e-07,0.08371604800384573,0.8747192847940776,0.28604828107031227,0.0828927533197111,0.023405505595445308,0.0005695733955856917,True,ANP6,125.0,8.0,7.76068019011021e+19,$(U_{0.8}Pu_{0.2})N$,2.3405505595445306,0.06753595025056881,91.9790727242874,0.9722022754611911,6.98118905000083,0.0,5.364440483595226e+18,6.25179034364792e-08,ok,
29,TRIAL_029,ANP6,1100.0,3.2,7.76068019011021e+19,0.00035988477833597926,643550.2336527312,22448337845806.17,19.989549388105466,2.6316245995956224,32685671817147.043,1.0,40,TRIAL_029_ANP6,rizk2025_refit_plot,rizk2025_refit_full,22448337845806.17,1.7728462504677853e+23,2.4180977927449617e+26,2.5609989173897477e+24,9.450496685648391e+23,1.4412486893565563e+19,1.8119836239743536,21.411821565259327,2.3550820835698905,0.05926364802079629,2.4143457315906867,0.18203164168280345,2.5963773732734903,20812186262971.324,5.203046565742831e+18,65.60801574521523,0.20678192468296594,1063086004.2944835,33837328.7895375,31.41755103976144,1225362521.3206623,1225176635.4988987,103731386.71200603,103681043.35419783,1.0001517216508848,1.0004855599073808,0.06743882169713764,91.98409949432487,0.9742003815098914,6.9742613024681255,6.9742613024681255,0.0,1.8334088124182007e+25,1.8334088124182007e+25,0.0,2.6288215094111468e+26,2.628821509411147e+26,1.0014831437356093,1.153829780019909e+17,0.00392366983217189,5.627795613312113e-06,1.3465786251964994e-08,1.3465786251964994e-08,0.0006715212126926173,0.0006715212126926173,6.8790173584501514e+19,9.51615595907578e-06,14113998.628416095,3.2,22448337845806.17,0.0,2.492019374120663e-26,4.111965440693964e-23,1.8119836239743538e-09,2.1411821565259327e-08,1.0258529579477417e+26,1.2834384870641394e+25,2.445480628169327e+26,0.023550820835698903,0.05926364802079629,0.18203164168280345,0.024143457315906867,0.025963773732734903,3523721.7066044994,1723094.3108061594,3.498558765191737e-22,6.560801574521522e-08,9.935617626624297e-15,0.23413750608363548,0.0,9.229586587946777e-19,1.9057338427981425e-23,3.809476077119749e-22,2.556484784617257e-22,1.8625632456264503e+19,22448337845806.17,0.022160013158344875,9.535397496863619e-05,1.6176438648274593e-05,6.594220319592725e-06,1.6176438648274593e-05,6.594220319592725e-06,3.964371453305845e-31,7.948350099167384e+18,1.4604333544599302e+17,0.18594517269746633,6.500927914944258e-22,-441502.2046198925,2.758885027019613e+21,0.0,0.0,0.0,0.0,0.0,0.3333333333333333,0.3333333333333333,2.0,3.1761352235744896e-26,8.043227546416823e-21,0.0,9.229586270333256e-19,,0.0,0.0,0.0,0.0,0.0,3.1761352235744896e-26,9.229586270333256e-19,0.008714613021693452,2.4288807108938565e-18,2.556484784617257e-28,1.9057082779502963e-23,,,2.556484784617257e-28,1.9057082779502963e-23,,1.1907839400394421e-07,3.631660640848455,21831146705972.47,3.614269152702662e-06,9.173970581593353e-05,3.614269152702662e-06,9.173970581593353e-05,0.022160013158344875,9.535397496863619e-05,False,False,1.0,1.8026289958569053,6.321729061259382e-09,0.3198440442533808,0.536593990490005,1.0,1.1446780066638662,2.5491231388243376e-07,0.08482006836708168,0.8730750140652556,0.28663904585807504,0.08399681016836212,0.023550820835698903,0.0005926364802079629,True,ANP6,125.0,8.0,7.76068019011021e+19,$(U_{0.8}Pu_{0.2})N$,2.3550820835698905,0.06743882169713764,91.98409949432487,0.9742003815098914,6.9742613024681255,0.0,5.203046565742831e+18,6.560801574521524e-08,ok,
29,TRIAL_029,ANP6,1150.0,3.2,7.76068019011021e+19,0.00035988477833597926,643550.2336527312,22448337845806.17,19.989549388105466,2.6316245995956224,32685671817147.043,1.0,40,TRIAL_029_ANP6,rizk2025_refit_plot,rizk2025_refit_full,22448337845806.17,1.770300643666243e+23,2.4182317653961162e+26,2.5660012612624274e+24,9.434958995014075e+23,1.44111378145481e+19,1.8167141259640722,21.69106696638774,2.3696729200915496,0.061606938307121974,2.4312798583986717,0.25151107079343415,2.6827909291921057,18869186865996.453,4.717296716499113e+18,75.50026618213876,0.24827398439633613,303479294.97719264,29403869.84390778,10.32106646466029,1222098327.9090734,1221986424.981375,102376282.79477571,102346279.38957958,1.0000915746078767,1.000293155797896,0.0673419871729058,91.98919579510735,0.9761032660742376,6.967358951645512,6.967358951645512,0.0,1.8315943075874017e+25,1.8315943075874017e+25,0.0,2.6288215094111468e+26,2.628821509411147e+26,1.001541852192806,1.150519130762237e+17,0.003916975685177066,5.616298399598278e-06,1.4098901744195983e-08,1.4098901744195983e-08,0.0006970169120147211,0.0006970169120147211,7.128325027956966e+19,9.902789578496631e-06,14113998.628416095,3.2,22448337845806.17,0.0,2.511587937312508e-26,4.274953102240791e-23,1.8167141259640723e-09,2.169106696638774e-08,1.0754067902777728e+26,1.3621925836727597e+25,2.445662078652407e+26,0.023696729200915496,0.061606938307121974,0.25151107079343415,0.024312798583986717,0.026827909291921057,3882720.1629722756,6953252.92433685,5.331677990781343e-22,7.550026618213876e-08,1.3157640875545231e-14,0.17947517498490484,0.0,9.22958943709223e-19,3.660792762206921e-23,7.317759771975428e-22,3.330768464716398e-21,1.8625632456264503e+19,22448337845806.17,0.022175343663887483,9.536676120199767e-05,1.6163428588468844e-05,6.572819489702822e-06,1.6163428588468844e-05,6.572819489702822e-06,4.157439483748301e-31,8.384769368959525e+18,1.5578413600697002e+17,0.804968153116971,9.404528906773398e-22,-503202.4858168315,2.755735706824931e+21,0.0,0.0,0.0,0.0,0.0,0.3333333333333333,0.3333333333333333,2.0,3.1667589742037936e-25,1.392433705843146e-20,0.0,9.229586270333256e-19,,0.0,0.0,0.0,0.0,0.0,3.1667589742037936e-25,9.229586270333256e-19,0.015086626716538222,2.4288814606819823e-18,3.330768464716398e-27,3.6604596853604494e-23,,,3.330768464716398e-27,3.6604596853604494e-23,,1.1907839400394421e-07,3.631660640848455,21823156078614.895,3.660605606131913e-06,9.170615559586576e-05,3.660605606131913e-06,9.170615559586576e-05,0.022175343663887483,9.536676120199767e-05,False,False,1.0,1.8048933443098967,6.325197448911541e-09,0.3204165175378353,0.5358232840968812,1.0,1.1467879777082617,2.549202678679677e-07,0.08591283205957803,0.871447813849345,0.2872297819495328,0.08508961174781779,0.023696729200915496,0.0006160693830712197,True,ANP6,125.0,8.0,7.76068019011021e+19,$(U_{0.8}Pu_{0.2})N$,2.3696729200915496,0.0673419871729058,91.98919579510735,0.9761032660742376,6.967358951645512,0.0,4.717296716499113e+18,7.550026618213876e-08,ok,
29,TRIAL_029,ANP6,1200.0,3.2,7.76068019011021e+19,0.00035988477833597926,643550.2336527312,22448337845806.17,19.989549388105466,2.6316245995956224,32685671817147.043,1.0,40,TRIAL_029_ANP6,rizk2025_refit_plot,rizk2025_refit_full,22448337845806.17,1.767758553073141e+23,2.4183674295042016e+26,2.570776936971937e+24,9.419451976034515e+23,1.4409765652810643e+19,1.8214509545087991,21.967984862686126,2.384331797298029,0.06399060100497915,2.448322398303008,0.4741960764381728,2.9225184747411808,14683321790393.55,3.6708304475983877e+18,101.4047710989006,0.3485155481077081,95133022.08102292,21892461.03454859,4.345469517149902,1218881175.1468158,1218808551.778261,101075227.88424443,101056151.2071504,1.0000595855423307,1.0001887730421766,0.06724528640474785,91.99435643867328,0.9779199263885315,6.960478348533468,6.960478348533468,0.0,1.8297855198415357e+25,1.8297855198415357e+25,0.0,2.6288215094111468e+26,2.6288215094111475e+26,1.0016015771429743,1.1472202921574024e+17,0.0039102924057455215,5.605331153982681e-06,1.477683744060952e-08,1.477683744060952e-08,0.0007230674176099713,0.0007230674176099713,7.388960406124493e+19,1.0264449233328773e-05,14113998.628416095,3.2,22448337845806.17,0.0,2.531285050727342e-26,4.440780131111827e-23,1.8214509545087992e-09,2.196798486268613e-08,1.1251886008085363e+26,1.4423945547610014e+25,2.445842957426994e+26,0.02384331797298029,0.06399060100497915,0.4741960764381728,0.02448322398303008,0.029225184747411807,4984663.677502889,29714537.58979349,1.2917950943455096e-21,1.0140477109890059e-07,2.373547028954454e-14,0.09518599399321886,0.0,9.229612338152461e-19,6.611179243465562e-23,1.3215449400087258e-21,3.503783313863259e-20,1.8625632456264503e+19,22448337845806.17,0.022190693414889766,9.53796434510818e-05,1.6150422747383296e-05,6.5520979181685754e-06,1.6150422747383296e-05,6.5520979181685754e-06,4.36411007263563e-31,8.81544772440194e+18,1.662026056667846e+17,4.088318122431565,2.0690770948843163e-21,-609260.9435450461,2.752595458975567e+21,0.0,0.0,0.0,0.0,0.0,0.3333333333333333,0.3333333333333333,2.0,2.6067819204802983e-24,1.635620778320907e-20,0.0,9.229586270333256e-19,,0.0,0.0,0.0,0.0,0.0,2.6067819204802983e-24,9.229586270333256e-19,0.017721446127913074,2.4288874873813287e-18,3.503783313863259e-26,6.607675460151699e-23,,,3.503783313863259e-26,6.607675460151699e-23,,1.1907839400394421e-07,3.631660640848455,21815235058303.816,3.7065464247741685e-06,9.167309702630763e-05,3.7065464247741685e-06,9.167309702630763e-05,0.022190693414889766,9.53796434510818e-05,False,False,1.0,1.8071633063861239,6.328666591381459e-09,0.3209893266038414,0.53505244095297,1.0,1.148886790032611,2.549283589544844e-07,0.0869963495865204,0.869834685676989,0.28782083592356833,0.08617316874454994,0.02384331797298029,0.0006399060100497915,True,ANP6,125.0,8.0,7.76068019011021e+19,$(U_{0.8}Pu_{0.2})N$,2.384331797298029,0.06724528640474785,91.99435643867328,0.9779199263885315,6.960478348533468,0.0,3.6708304475983877e+18,1.014047710989006e-07,ok,
29,TRIAL_029,ANP6,1250.0,3.2,7.76068019011021e+19,0.00035988477833597926,643550.2336527312,22448337845806.17,19.989549388105466,2.6316245995956224,32685671817147.043,1.0,40,TRIAL_029_ANP6,rizk2025_refit_plot,rizk2025_refit_full,22448337845806.17,1.7652023902392434e+23,2.4185042729779657e+26,2.5753471261122e+24,9.403927340572145e+23,1.4408369529405843e+19,1.826198223683126,22.24282606863066,2.399062831135721,0.06641609619015844,2.4654789273258793,1.0629691389469702,3.528448066272849,8628642127383.844,2.157160531845961e+18,158.44306759610447,0.5,30839084.949065488,14011341.95191877,2.201008658192248,1215690686.61542,1215640214.3041427,99820294.1516114,99807461.2079485,1.0000415191194594,1.0001285769972263,0.06714805033053182,91.99956194514355,0.9796584199012717,6.953631584624662,6.272735983714021,0.6808956009106414,1.827985627818203e+25,1.6489903276844709e+25,1.7899530013373222e+24,2.6288215094111468e+26,2.610921979397774e+26,1.0016623554258677,1.1439243409791411e+17,0.003903600712389983,5.594841676029719e-06,1.5504302622705408e-08,1.5504302622705408e-08,0.000749630486032674,0.000749630486032674,7.656979051894902e+19,1.0605801652897885e-05,14113998.628416095,3.2,22448337845806.17,0.0,2.5511286340816827e-26,4.6095497519417957e-23,1.8261982236831262e-09,2.224282606863066e-08,1.1752139681278332e+26,1.524088215124323e+25,2.4460229466293268e+26,0.023990628311357207,0.06641609619015844,1.0629691389469702,0.02465478927325879,0.03528448066272849,7644263.388563714,146429080.25710028,4.927631130156774e-21,1.5844306759610448e-07,5.79465450784198e-14,0.03407359027997264,1.0,9.229767552555075e-19,1.1334130523459807e-22,2.265641618699335e-21,3.0533079764031823e-19,1.8625632456264503e+19,22448337845806.17,0.022206263623653674,9.539379351528687e-05,1.6137409944756833e-05,6.532007766003096e-06,1.6137409944756833e-05,6.532007766003096e-06,4.585821968073616e-31,9.239498909070983e+18,1.773693519392611e+17,21.95791657591841,5.4542291099767215e-21,-812325.3275411208,2.7494690380346787e+21,3.1026851237478584e+21,0.0,0.0,0.0,0.0,0.3333333333333333,0.3333333333333333,2.0,1.8128222181985484e-23,1.4206355952567515e-20,0.0,9.229586270333256e-19,,0.0,0.0,0.0,0.0,0.0,1.8128222181985484e-23,9.229586270333256e-19,0.015391889201624338,2.4289283339853416e-18,3.0533079764031822e-25,1.1303597443695776e-22,,,3.0533079764031822e-25,1.1303597443695776e-22,,1.1907839400394421e-07,3.631660640848455,21807376476326.004,3.752179113051472e-06,9.16416144022354e-05,3.752179113051472e-06,9.16416144022354e-05,0.022206263623653674,9.539379351528687e-05,False,False,1.0,1.8094392958843366,6.33214731111654e-09,0.3215625710297425,0.5342813282547105,1.0,1.1509762032238116,2.549365923765721e-07,0.08807160201150076,0.868234165388642,0.2884123638569957,0.08724846232932727,0.023990628311357207,0.0006641609619015843,True,ANP6,125.0,8.0,7.76068019011021e+19,$(U_{0.8}Pu_{0.2})N$,2.399062831135721,0.06714805033053182,91.99956194514355,0.9796584199012717,6.272735983714021,0.6808956009106414,2.157160531845961e+18,1.5844306759610448e-07,ok,
29,TRIAL_029,ANP6,1300.0,3.2,7.76068019011021e+19,0.00035988477833597926,643550.2336527312,22448337845806.17,19.989549388105466,2.6316245995956224,32685671817147.043,1.0,40,TRIAL_029_ANP6,rizk2025_refit_plot,rizk2025_refit_full,22448337845806.17,1.762539128920588e+23,2.4186397750390556e+26,2.5797630435127403e+24,9.388141923218357e+23,1.4406948419194354e+19,1.8309724134211547,22.515851638451803,2.4138687847105307,0.06888517175798381,2.4827539564685144,1.4074092103910598,3.890163166859574,4922015660273.266,1.2305039150683164e+18,209.7842961633673,0.5,15563840.902350172,10582298.296871558,1.4707429771613325,1212507689.3181179,1212470479.471589,98606237.97118486,98597203.23475395,1.0000306892804063,1.000091632786068,0.06704674024503834,92.00471642446459,0.9813382286614827,6.946898606628897,4.323780407199182,2.6231181994297152,1.826215648080437e+25,1.1366446936415696e+25,6.895709544388674e+24,2.6288215094111468e+26,2.5598644139672605e+26,1.001724231113598,1.1405870787988827e+17,0.003896803366906682,5.584713649534186e-06,1.6285308132757322e-08,1.6285308132757322e-08,0.0007766928416180435,0.0007766928416180435,7.930172962186168e+19,1.0937179841619162e-05,14113998.628416095,3.2,22448337845806.17,0.0,2.571189064303185e-26,4.7813853255841613e-23,1.8309724134211548e-09,2.2515851638451805e-08,1.2254996844064187e+26,1.6073184932827446e+25,2.4461999446031034e+26,0.02413868784710531,0.06888517175798381,1.4074092103910598,0.024827539564685145,0.03890163166859574,9237229.396206059,364629213.60897934,1.1437665440608711e-20,2.0978429616336728e-07,1.0158439844789939e-13,0.03407359027997264,1.0,9.23067223883602e-19,1.8677388802971109e-22,3.7335258591783905e-21,2.2525702314749626e-18,1.8625632456264503e+19,22448337845806.17,0.02222314374394588,9.541560327304936e-05,1.6124345273766975e-05,6.512503832943523e-06,1.6124345273766975e-05,6.512503832943523e-06,4.823808369523443e-31,9.658605776137128e+18,1.893447963532802e+17,46.10627272367382,8.537810570318069e-21,-413747.56483530614,2.746386871165498e+21,1.9096300765782401e+21,0.0,0.0,0.0,0.0,0.3333333333333333,0.3333333333333333,2.0,1.085968502764781e-22,9.755018938795317e-21,0.0,9.229586270333256e-19,,0.0,0.0,0.0,0.0,0.0,1.085968502764781e-22,9.229586270333256e-19,0.01056804822703294,2.429166413452527e-18,2.2525702314749626e-24,1.8452131779823613e-22,,,2.2525702314749626e-24,1.8452131779823613e-22,,1.1907839400394421e-07,3.631660640848455,21799572879350.06,3.7978027543376493e-06,9.161780051871172e-05,3.7978027543376493e-06,9.161780051871172e-05,0.02222314374394588,9.541560327304936e-05,False,False,1.0,1.811720587917173,6.335694364431887e-09,0.3221360636377404,0.5335101989199026,1.0,1.1530580788437532,2.5494497423497723e-07,0.0891396101107259,0.8666447307148486,0.28900446526350054,0.088316513350817,0.02413868784710531,0.0006888517175798381,True,ANP6,125.0,8.0,7.76068019011021e+19,$(U_{0.8}Pu_{0.2})N$,2.4138687847105307,0.06704674024503834,92.00471642446459,0.9813382286614827,4.323780407199182,2.6231181994297152,1.2305039150683164e+18,2.097842961633673e-07,ok,
29,TRIAL_029,ANP6,1350.0,3.2,7.76068019011021e+19,0.00035988477833597926,643550.2336527312,22448337845806.17,19.989549388105466,2.6316245995956224,32685671817147.043,1.0,40,TRIAL_029_ANP6,rizk2025_refit_plot,rizk2025_refit_full,22448337845806.17,1.7593253822034577e+23,2.4187621195656716e+26,2.58423098069717e+24,9.370941341826547e+23,1.4405498154004015e+19,1.8358504111969087,22.787883380744052,2.4287549684291356,0.07140503809278545,2.500160006521921,1.7090239105384435,4.209183917060365,3338008905840.6343,8.345022264601585e+17,254.74210027306384,0.5,10723337.611433564,8714696.148066346,1.230488984267444,1209277457.2707825,1209248850.8105843,97426711.86103188,97420193.13105308,1.000023656388161,1.0000669135398863,0.06692448977251197,92.00937039302725,0.9830378256742258,6.940667291526018,3.565864284885319,3.3748030066406987,1.8245775465630001e+25,9.374020731747523e+24,8.871754733882478e+24,2.6288215094111468e+26,2.540103962072322e+26,1.001787385195385,1.1369993805260778e+17,0.003889438456773203,5.5744967598818845e-06,1.7131771651696142e-08,1.7131771651696142e-08,0.0008043160376761421,0.0008043160376761421,8.206431040988216e+19,1.1265672686863975e-05,14113998.628416095,3.2,22448337845806.17,0.0,2.5917940149604355e-26,4.956790617680818e-23,1.8358504111969088e-09,2.2787883380744054e-08,1.2760983059140393e+26,1.6922721761225316e+25,2.4463637547548468e+26,0.024287549684291355,0.07140503809278545,1.7090239105384435,0.02500160006521921,0.04209183917060365,11233068.5701233,668321390.0620023,2.047956082499484e-20,2.5474210027306385e-07,1.4978989394699697e-13,0.03407359027997264,1.0,9.235283837640407e-19,3.0343633300233184e-22,6.065555564695729e-21,1.4331663655150738e-17,1.8625632456264503e+19,22448337845806.17,0.022246551698765982,9.54756876415729e-05,1.6111019246573e-05,6.493505335212528e-06,1.6111019246573e-05,6.493505335212528e-06,5.081645199667469e-31,1.0075502680991834e+19,2.0230533903603437e+17,113.86529478191386,1.690298431507454e-20,-376761.3337520418,2.7434961454885094e+21,2.1146417487894838e+21,0.0,0.0,0.0,0.0,0.3333333333333333,0.3333333333333333,2.0,5.697567307150379e-22,5.580606868254579e-21,0.0,9.229586270333256e-19,,0.0,0.0,0.0,0.0,0.0,5.697567307150379e-22,9.229586270333256e-19,0.006042702061315758,2.430380013138236e-18,1.433166365515074e-23,2.891046693471811e-22,,,1.433166365515074e-23,2.891046693471811e-22,,1.1907839400394421e-07,3.631660640848455,21791800807869.98,3.844795582630782e-06,9.163089205894212e-05,3.844795582630782e-06,9.163089205894212e-05,0.022246551698765982,9.54756876415729e-05,False,False,1.0,1.8140025603067607,6.339568476890098e-09,0.3227086416895123,0.5327406164006453,1.0,1.155138597397357,2.549535291745122e-07,0.0902035870749068,0.8650615985702581,0.2895973392450747,0.08938053538303843,0.024287549684291355,0.0007140503809278545,True,ANP6,125.0,8.0,7.76068019011021e+19,$(U_{0.8}Pu_{0.2})N$,2.4287549684291356,0.06692448977251197,92.00937039302725,0.9830378256742258,3.565864284885319,3.3748030066406987,8.345022264601585e+17,2.5474210027306385e-07,ok,
29,TRIAL_029,ANP6,1400.0,3.2,7.76068019011021e+19,0.00035988477833597926,643550.2336527312,22448337845806.17,19.989549388105466,2.6316245995956224,32685671817147.043,1.0,40,TRIAL_029_ANP6,rizk2025_refit_plot,rizk2025_refit_full,22448337845806.17,1.7536916702030298e+23,2.4188215734769714e+26,2.589597494548398e+24,9.34745313375122e+23,1.4404000211648502e+19,1.8411585219333741,23.062262352022675,2.4437425626037292,0.07400779300148791,2.517750355605217,1.9557494851308044,4.473499840736022,2548926541907.576,6.372316354768941e+17,291.5182920367791,0.5000000000000002,8345304.018825391,7615302.574975008,1.095859808151192,1205784823.6039999,1205762553.0629542,96265763.48579057,96261154.52655473,1.000018470088484,1.0000478797419219,0.06671018416141364,92.01163201144017,0.9850792399855496,6.936578564412873,3.098349800324109,3.838228764088764,1.8235026931848853e+25,8.14500859877175e+24,1.0090018333077105e+25,2.6288215094111468e+26,2.527921326080376e+26,1.0018526225007265,1.1322808375901067e+17,0.003879555951911649,5.562365942814744e-06,1.8090831293664025e-08,1.8090831293664025e-08,0.0008328485172318021,0.0008328485172318021,8.480916688764502e+19,1.1598840686415322e-05,14113998.628416095,3.2,22448337845806.17,0.0,2.6143405349420913e-26,5.1380027710384147e-23,1.8411585219333743e-09,2.3062262352022677e-08,1.3272270302340633e+26,1.7798016478394524e+25,2.4464712400926586e+26,0.02443742562603729,0.07400779300148791,1.9557494851308044,0.02517750355605217,0.04473499840736021,12781864.780891102,1013358825.3362497,3.0691343245492705e-20,2.915182920367791e-07,1.96161008086882e-13,0.03407359027997253,1.0,9.256141022594044e-19,5.167759547233053e-22,1.0330118469526866e-20,7.989389038480301e-17,1.8625632456264503e+19,22448337845806.17,0.022298611431204766,9.570385753617055e-05,1.6096544290128725e-05,6.474767622984711e-06,1.6096544290128725e-05,6.474767622984711e-06,5.373363122617342e-31,1.0494085436305414e+19,2.1694502691809302e+17,222.2239167765544,2.8444252464232343e-20,-369713.27171192504,2.741419166062988e+21,2.361192125547831e+21,0.0,0.0,0.0,0.0,0.3333333333333333,0.3333333333333333,2.0,2.6554752260788454e-21,2.7719141772846878e-21,0.0,9.229586270333256e-19,,0.0,0.0,0.0,0.0,0.0,2.6554752260788454e-21,9.229586270333256e-19,0.0029946758271276377,2.4358688412384664e-18,7.989389038480301e-23,4.368820643385022e-22,,,7.989389038480301e-23,4.368820643385022e-22,,1.1907839400394421e-07,3.631660640848455,21783964915974.543,3.899047120420344e-06,9.18048104157502e-05,3.899047120420344e-06,9.18048104157502e-05,0.022298611431204766,9.570385753617055e-05,False,False,1.0,1.8162654882268638,6.344874105022811e-09,0.32327537246635396,0.5319792055516058,1.0,1.15724336674813,2.549623665367102e-07,0.09127659472738892,0.863465339583787,0.290191809793156,0.09045359198983968,0.02443742562603729,0.0007400779300148791,True,ANP6,125.0,8.0,7.76068019011021e+19,$(U_{0.8}Pu_{0.2})N$,2.4437425626037292,0.06671018416141364,92.01163201144017,0.9850792399855496,3.098349800324109,3.838228764088764,6.372316354768941e+17,2.9151829203677913e-07,ok,
29,TRIAL_029,ANP6,1450.0,3.2,7.76068019011021e+19,0.00035988477833597926,643550.2336527312,22448337845806.17,19.989549388105466,2.6316245995956224,32685671817147.043,1.0,40,TRIAL_029_ANP6,rizk2025_refit_plot,rizk2025_refit_full,22448337845806.17,1.7386603396573695e+23,2.4186309120917692e+26,2.5990382535938346e+24,9.299401475279631e+23,1.440238125094694e+19,1.848134610340334,23.351683827425838,2.4589200460549203,0.07682056870691038,2.535740614761831,2.1312561039415487,4.66699671870338,2146409038446.1033,5.3660225961152576e+17,317.6787947728626,0.5,7224583.892191765,6988190.702458688,1.0338275241472596,1201228344.763896,1201211203.7613902,95071091.2174823,95068090.8668641,1.00001426976576,1.000031560017571,0.06613839446432511,92.004379279198,0.9886704914309745,6.94081183490671,2.8386671631509,4.10214467175581,1.8246155444378209e+25,7.462349296550207e+24,1.0783806147828002e+25,2.6288215094111468e+26,2.520983447932867e+26,1.001923130469642,1.123143921940212e+17,0.0038598408635011983,5.5415380345478684e-06,1.9275213513830217e-08,1.9275213513830217e-08,0.0008637160293016646,0.0008637160293016646,8.737547284712885e+19,1.1950991590502748e-05,14113998.628416095,3.2,22448337845806.17,0.0,2.6441702216980384e-26,5.333879680615976e-23,1.8481346103403341e-09,2.335168382742584e-08,1.3797334462406904e+26,1.873334612381e+25,2.446359954967365e+26,0.024589200460549205,0.07682056870691038,2.1312561039415487,0.02535740614761831,0.0466699671870338,13906667.672164835,1319050437.8074224,3.971761329302779e-20,3.176787947728626e-07,2.3294721138612794e-13,0.03407359027997264,1.0,9.34088619014059e-19,1.03501318176948e-21,2.06894471143212e-20,3.956100289530877e-16,1.8625632456264503e+19,22448337845806.17,0.022463227338189277,9.659342838034587e-05,1.6077562132430782e-05,6.455449451383379e-06,1.6077562132430782e-05,6.455449451383379e-06,5.732481110501935e-31,1.0921268378800316e+19,2.3492698392955965e+17,342.8175083420851,4.0013354654440876e-20,-368815.40852060425,2.7424987993451675e+21,2.5627379481630495e+21,0.0,0.0,0.0,0.0,0.3333333333333333,0.3333333333333333,2.0,1.1129991980733449e-20,1.2351760164789186e-21,0.0,9.229586270333256e-19,,0.0,0.0,0.0,0.0,0.0,1.1129991980733449e-20,9.229586270333256e-19,0.0013223327972699858,2.458170587999701e-18,3.9561002895308766e-22,6.394031528163924e-22,,,3.9561002895308766e-22,6.394031528163924e-22,,1.1907839400394421e-07,3.631660640848455,21775703063922.832,3.983230333546098e-06,9.261019804679978e-05,3.983230333546098e-06,9.261019804679978e-05,0.022463227338189277,9.659342838034587e-05,False,False,1.0,1.8184363565944295,6.355783841072341e-09,0.3238180506608874,0.5312504016242262,1.0,1.159470391492683,2.549719192020013e-07,0.09240825964564617,0.8617821608312949,0.29079134028567977,0.09158531412304569,0.024589200460549205,0.0007682056870691039,True,ANP6,125.0,8.0,7.76068019011021e+19,$(U_{0.8}Pu_{0.2})N$,2.4589200460549203,0.06613839446432511,92.004379279198,0.9886704914309745,2.8386671631509,4.10214467175581,5.3660225961152576e+17,3.176787947728626e-07,ok,
29,TRIAL_029,ANP6,1500.0,3.2,7.76068019011021e+19,0.00035988477833597926,643550.2336527312,22448337845806.17,19.989549388105466,2.6316245995956224,32685671817147.043,1.0,40,TRIAL_029_ANP6,rizk2025_refit_plot,rizk2025_refit_full,22448337845806.17,1.691728904135579e+23,2.417562990194601e+26,2.6231954479250994e+24,9.166780408514313e+23,1.4400383403373664e+19,1.8609481823700187,23.699198264226816,2.4746186326916426,0.08029040102995677,2.5549090337215996,2.27090470252757,4.825813736249169,1890540343614.1328,4.726350859035332e+17,338.49440600254115,0.5,6633255.726981778,6558454.0265145,1.0114053861115546,1192953799.5598862,1192940255.4200673,93675888.49941507,93674054.92999396,1.0000113535776476,1.0000195739302893,0.0643531292664493,91.9637556806256,0.9978598541339129,6.97403133597404,2.693545665031466,4.280485670942573,1.8333483583315912e+25,7.080850780815871e+24,1.1252632802500041e+25,2.6288215094111468e+26,2.5162951813861465e+26,1.0020101187702093,1.0989247593073016e+17,0.003806271598396538,5.489743193585587e-06,2.073188670675797e-08,2.073188670675797e-08,0.0009019565882280999,0.0009019565882280999,8.922839525925765e+19,1.2361643477368793e-05,14113998.628416095,3.2,22448337845806.17,0.0,2.6995504663700257e-26,5.575573842787176e-23,1.8609481823700189e-09,2.3699198264226815e-08,1.436575961688043e+26,1.985076510197679e+25,2.4454866735779877e+26,0.024746186326916428,0.08029040102995677,2.27090470252757,0.025549090337215995,0.048258137362491696,14981644.384862918,1601058367.8106728,4.8047738525088496e-20,3.3849440600254116e-07,2.6447465228070905e-13,0.03407359027997264,1.0,9.653577892834512e-19,2.6703221709632663e-21,5.337853691862322e-20,1.7607759639859707e-15,1.8625632456264503e+19,22448337845806.17,0.02302658784930693,9.984350624269859e-05,1.6042818222436386e-05,6.432837869354834e-06,1.6042818222436386e-05,6.432837869354834e-06,6.172787343125929e-31,1.1375059925190918e+19,2.5697110145526877e+17,461.2680765204983,5.036481761437282e-20,-360159.17820610903,2.754569132205553e+21,2.69603817478459e+21,0.0,0.0,0.0,0.0,0.3333333333333333,0.3333333333333333,2.0,4.239916225012569e-20,5.067891913502495e-22,0.0,9.229586270333256e-19,,0.0,0.0,0.0,0.0,0.0,4.239916225012569e-20,9.229586270333256e-19,0.0005249755033586253,2.5404593056895778e-18,1.7607759639859707e-21,9.095462069772957e-22,,,1.7607759639859707e-21,9.095462069772957e-22,,1.1907839400394421e-07,3.631660640848455,21765787910421.508,4.176706821421298e-06,9.566679942127729e-05,4.176706821421298e-06,9.566679942127729e-05,0.02302658784930693,9.984350624269859e-05,False,False,1.0,1.8202781908996857,6.3862885429174755e-09,0.3242777128906482,0.5306333099398325,1.0,1.162153768054387,2.5498370946302085e-07,0.09376684457634235,0.8597619425521287,0.29140886510774056,0.09294396787788363,0.024746186326916428,0.0008029040102995677,True,ANP6,125.0,8.0,7.76068019011021e+19,$(U_{0.8}Pu_{0.2})N$,2.4746186326916426,0.0643531292664493,91.9637556806256,0.9978598541339129,2.693545665031466,4.280485670942573,4.726350859035332e+17,3.3849440600254116e-07,ok,
29,TRIAL_029,ANP6,1550.0,3.2,7.76068019011021e+19,0.00035988477833597926,643550.2336527312,22448337845806.17,19.989549388105466,2.6316245995956224,32685671817147.043,1.0,40,TRIAL_029_ANP6,rizk2025_refit_plot,rizk2025_refit_full,22448337845806.17,1.5565445560868503e+23,2.4138129182861546e+26,2.6927173279632507e+24,8.789323905668054e+23,1.439722153131449e+19,1.891592699636019,24.229080894195885,2.491879093792291,0.08577843458497388,2.577657528377265,2.435335166601212,5.012992694978477,1643865528977.0588,4.109663822442647e+17,363.0039295432605,0.49999999999999994,6142308.993537471,6115636.276426134,1.0043613969022573,1173625698.803369,1173614172.0293028,91626652.85559078,91625431.83929873,1.0000098216043576,1.0000133261723032,0.05921073570474226,91.82110347335245,1.0243058793924797,7.095379911550344,2.595649462517986,4.499730449032358,1.8652487328927305e+25,6.823499137958764e+24,1.1828988190968542e+25,2.6288215094111468e+26,2.5105316275014612e+26,1.0021477271629438,1.0322418263564466e+17,0.003654658183954039,5.346829248371987e-06,2.2233496995737705e-08,2.2233496995737705e-08,0.0009628973321971311,0.0009628973321971311,8.884350071448045e+19,1.2942778827288652e-05,14113998.628416095,3.2,22448337845806.17,0.0,2.835120335234579e-26,5.95798532365447e-23,1.891592699636019e-09,2.4229080894195888e-08,1.5065684104436191e+26,2.1527014507971174e+25,2.4422966361218737e+26,0.02491879093792291,0.08577843458497388,2.435335166601212,0.025776575283772647,0.05012992694978477,16603545.771057993,1980085958.010803,5.925874406811529e-20,3.630039295432605e-07,3.041611319090917e-13,0.0340735902799727,1.0,1.0711233129353537e-18,8.378501496912049e-21,1.6748246947083897e-19,7.11715258415843e-15,1.8625632456264503e+19,22448337845806.17,0.024859850776301033,0.00011081044545887071,1.5960368651933968e-05,6.399531383902149e-06,1.5960368651933968e-05,6.399531383902149e-06,6.625439931726903e-31,1.191245192502549e+19,2.7982505163771024e+17,623.1015333929945,6.328779313237916e-20,-342186.73393671855,2.800063250682702e+21,2.838808381602457e+21,0.0,0.0,0.0,0.0,0.3333333333333333,0.3333333333333333,2.0,1.4816468590202815e-19,1.9547622806480766e-22,0.0,9.229586270333256e-19,,0.0,0.0,0.0,0.0,0.0,1.4816468590202815e-19,9.229586270333256e-19,0.00018249647421930904,2.8187944595210367e-18,7.11715258415843e-21,1.2613489127536196e-21,,,7.11715258415843e-21,1.2613489127536196e-21,,1.1907839400394421e-07,3.631660640848455,21750680238824.68,4.735977513348585e-06,0.00010607446794552212,4.735977513348585e-06,0.00010607446794552212,0.024859850776301033,0.00011081044545887071,False,False,1.0,1.8211536128246086,6.476430978003413e-09,0.3244959447452367,0.530340407923639,1.0,1.1662650412277908,2.5500237389084337e-07,0.09583791392545596,0.8566832602149453,0.2920848213970033,0.09501511655478743,0.02491879093792291,0.0008577843458497387,True,ANP6,125.0,8.0,7.76068019011021e+19,$(U_{0.8}Pu_{0.2})N$,2.491879093792291,0.05921073570474226,91.82110347335245,1.0243058793924797,2.595649462517986,4.499730449032358,4.109663822442647e+17,3.630039295432605e-07,ok,
29,TRIAL_029,ANP6,1600.0,3.2,7.76068019011021e+19,0.00035988477833597926,643550.2336527312,22448337845806.17,19.989549388105466,2.6316245995956224,32685671817147.043,1.0,40,TRIAL_029_ANP6,rizk2025_refit_plot,rizk2025_refit_full,22448337845806.17,1.2580026585100744e+23,2.4033716160832836e+26,2.875762263674507e+24,7.891732616164745e+23,1.4390992915012198e+19,1.9663000393082117,25.210097517269165,2.513103270079068,0.09658350137024177,2.6096867714493097,2.7202468682182954,5.329933639667606,1317550077373.0217,3.293875193432554e+17,405.47203359655094,0.5,5487443.248753067,5475100.169815716,1.002254402395302,1129034021.9535503,1129024032.7620833,88060872.62911601,88059952.90098652,1.0000088476340425,1.0000104443404656,0.04785424396469829,91.42391780800804,1.093935915154116,7.434292032873123,2.517325941045959,4.916966091827164,1.9543426803260784e+25,6.617600580020273e+24,1.2925826223240511e+25,2.6288215094111468e+26,2.4995632471787418e+26,1.0024187392627877,8.823941367391507e+16,0.0032945024331440956,5.004325487373473e-06,2.3651883040079973e-08,2.3651883040079973e-08,0.001083745502244363,0.001083745502244363,8.324722387359344e+19,1.3906648235105703e-05,14113998.628416095,3.2,22448337845806.17,0.0,3.1844759475649796e-26,6.711385513190624e-23,1.9663000393082118e-09,2.5210097517269167e-08,1.6095965914160204e+26,2.4692959303563534e+25,2.433387241378539e+26,0.02513103270079068,0.09658350137024177,2.7202468682182954,0.0260968677144931,0.053299336396676056,20090623.32785007,2768385171.7688837,8.258500120593581e-20,4.0547203359655096e-07,3.794922170980535e-13,0.03407359027997264,1.0,1.4017765731852965e-18,2.8072866441166047e-20,5.611639501913772e-19,2.6363059898109156e-14,1.8625632456264503e+19,22448337845806.17,0.030249936352703358,0.00014508509622160342,1.5763160307341903e-05,6.341344154625819e-06,1.5763160307341903e-05,6.341344154625819e-06,7.0490839192625155e-31,1.2665485193658288e+19,3.0190046326939e+17,974.3310650254614,8.836809468993009e-20,-306945.95568296994,2.928218369664198e+21,3.0812532400009825e+21,0.0,0.0,0.0,0.0,0.3333333333333333,0.3333333333333333,2.0,4.788179461519709e-19,7.206892439595517e-23,0.0,9.229586270333256e-19,,0.0,0.0,0.0,0.0,0.0,4.788179461519709e-19,9.229586270333256e-19,5.141256158404111e-05,3.6889497131312795e-18,2.6363059898109155e-20,1.7098065430568916e-21,,,2.6363059898109155e-20,1.7098065430568916e-21,,1.1907839400394421e-07,3.631660640848455,21722746363080.33,6.443970666449261e-06,0.00013864112555515417,6.443970666449261e-06,0.00013864112555515417,0.030249936352703358,0.00014508509622160342,False,False,1.0,1.819883015589988,6.7132115397232254e-09,0.3241791488693058,0.5307656137943106,1.0,1.1739396241760296,2.550391576618548e-07,0.09967063682018137,0.8509891205761817,0.29291173981522245,0.09884794580266444,0.02513103270079068,0.0009658350137024177,True,ANP6,125.0,8.0,7.76068019011021e+19,$(U_{0.8}Pu_{0.2})N$,2.513103270079068,0.04785424396469829,91.42391780800804,1.093935915154116,2.517325941045959,4.916966091827164,3.293875193432554e+17,4.0547203359655096e-07,ok,
29,TRIAL_029,ANP6,1650.0,3.2,7.76068019011021e+19,0.00035988477833597926,643550.2336527312,22448337845806.17,19.989549388105466,2.6316245995956224,32685671817147.043,1.0,40,TRIAL_029_ANP6,rizk2025_refit_plot,rizk2025_refit_full,22448337845806.17,8.34040210626016e+22,2.380734754676683e+26,3.267455112309918e+24,6.371376437955973e+23,1.437851938400776e+19,2.119593755038555,26.974878384893533,2.541439457059812,0.1182173616486398,2.6596568187084517,3.2994621087867158,5.959118927495168,895565754512.3892,2.2389143862809728e+17,491.8081614779219,0.5,4522049.218162195,4513955.183925226,1.0017931135572176,1047378567.7045534,1047370513.6763903,82299487.03249034,82298795.50609,1.000007689760269,1.000008402630878,0.031726772153992305,90.56281478805934,1.2429353231523979,8.162523116634253,2.450098113597643,5.712425003036611,2.1457816340073835e+25,6.440870621193159e+24,1.5016945718880677e+25,2.6288215094111468e+26,2.47865205222234e+26,1.0029616796102914,6.541437475663e+16,0.002683458122010036,4.40059212665551e-06,2.4830520481787664e-08,2.4830520481787664e-08,0.001327165018961261,0.001327165018961261,7.037182228482276e+19,1.551292992711397e-05,14113998.628416095,3.2,22448337845806.17,0.0,3.9888389609500787e-26,8.221803545372333e-23,2.119593755038555e-09,2.6974878384893534e-08,1.7724518072691636e+26,3.0958478477268665e+25,2.4142433460104084e+26,0.025414394570598117,0.1182173616486398,3.2994621087867158,0.026596568187084516,0.059591189274951675,28767829.00078637,4960653697.726748,1.4736883772797599e-19,4.918081614779219e-07,5.583062968639708e-13,0.03407359027997264,1.0,2.364150646143271e-18,9.247330480694055e-20,1.8484996935196688e-18,9.020265555838444e-14,1.8625632456264503e+19,22448337845806.17,0.044090211536817366,0.00024489658954575497,1.5375162722354587e-05,6.2467325960239184e-06,1.5375162722354587e-05,6.2467325960239184e-06,7.392400143121732e-31,1.3808623877168728e+19,3.2170451865330995e+17,2010.141640283968,1.4987798957290076e-19,-240544.7526743465,3.205338311040642e+21,3.4576023328678813e+21,0.0,0.0,0.0,0.0,0.3333333333333333,0.3333333333333333,2.0,1.441192019109945e-18,2.5738368843747513e-23,0.0,9.229586270333256e-19,,0.0,0.0,0.0,0.0,0.0,1.441192019109945e-18,9.229586270333256e-19,1.0886941103239548e-05,6.221556997540517e-18,9.020265555838444e-20,2.2706492485561157e-21,,,9.020265555838444e-20,2.2706492485561157e-21,,1.1907839400394421e-07,3.631660640848455,21672624962886.44,1.1612452197609429e-05,0.00023328413734814552,1.1612452197609429e-05,0.00023328413734814552,0.044090211536817366,0.00024489658954575497,False,False,1.0,1.8156532572582496,7.209588445167546e-09,0.32312214932611305,0.5321850323162696,1.0,1.1879528927750194,2.551128858127731e-07,0.10655953795015817,0.8407656813951176,0.2940085246367372,0.10573702513154544,0.025414394570598117,0.001182173616486398,True,ANP6,125.0,8.0,7.76068019011021e+19,$(U_{0.8}Pu_{0.2})N$,2.541439457059812,0.031726772153992305,90.56281478805934,1.2429353231523979,2.450098113597643,5.712425003036611,2.2389143862809728e+17,4.918081614779219e-07,ok,
29,TRIAL_029,ANP6,1700.0,3.2,7.76068019011021e+19,0.00035988477833597926,643550.2336527312,22448337845806.17,19.989549388105466,2.6316245995956224,32685671817147.043,1.0,40,TRIAL_029_ANP6,rizk2025_refit_plot,rizk2025_refit_full,22448337845806.17,4.653515104247835e+22,2.3428176481482275e+26,3.929401735535843e+24,4.6276223177463326e+23,1.4356441982352732e+19,2.369338014427654,29.635094175964127,2.5782651807230703,0.1565144230378997,2.73477960376097,4.456730426358523,7.191510030119494,490852533878.1216,1.227131334695304e+17,664.3071885423448,0.5,3349320.883094694,3341827.4531564717,1.0022423150336934,936976391.4684303,936970574.2623943,74911656.70814992,74911184.24724144,1.0000062085258552,1.0000063069475305,0.0177019059209167,89.1204533955984,1.4947388864054238,9.367105812075286,2.3902522148949776,6.976853597180306,2.4624449239713677e+25,6.283546435433553e+24,1.8340902804280123e+25,2.6288215094111468e+26,2.4454124813683464e+26,1.0039238557567718,4.296992532547289e+16,0.001979179095730987,3.653636933753048e-06,2.503907236053403e-08,2.503907236053403e-08,0.001761065522034994,0.001761065522034994,5.3432499269430936e+19,1.8177417939623135e-05,14113998.628416095,3.2,22448337845806.17,0.0,5.571468464130612e-26,1.0902034308381619e-22,2.3693380144276543e-09,2.963509417596413e-08,2.0088241560969465e+26,4.21414150393734e+25,2.3825770170140107e+26,0.025782651807230703,0.1565144230378997,4.456730426358523,0.0273477960376097,0.07191510030119494,51205166.53577063,12282566077.974436,3.631828395503507e-19,6.643071885423448e-07,1.0186358743014042e-12,0.03407359027997264,1.0,4.988545012933779e-18,2.9005001213446957e-19,5.797969042582569e-18,2.8708990269161864e-13,1.8625632456264503e+19,22448337845806.17,0.07481562175487355,0.0005173998881157619,1.4789289616438135e-05,6.1243328593817135e-06,1.4789289616438135e-05,6.1243328593817135e-06,7.435543971606554e-31,1.5434432583401134e+19,3.294492426723497e+17,5813.674526192631,3.20006259694677e-19,-154299.0709498435,3.6687218560708704e+21,3.947745622032187e+21,0.0,0.0,0.0,0.0,0.3333333333333333,0.3333333333333333,2.0,4.065586385900453e-18,9.000056617340487e-24,0.0,9.229586270333256e-19,,0.0,0.0,0.0,0.0,0.0,4.065586385900453e-18,9.229586270333256e-19,1.804144614112147e-06,1.3127977772226595e-17,2.8708990269161863e-19,2.9601094428509513e-21,,,2.8708990269161863e-19,2.9601094428509513e-21,,1.1907839400394421e-07,3.631660640848455,21597432760190.04,2.6859723605329767e-05,0.0004905401645104321,2.6859723605329767e-05,0.0004905401645104321,0.07481562175487355,0.0005173998881157619,False,False,1.0,1.809549431476951,8.020526704712171e-09,0.3215902829300051,0.5342440589938565,1.0,1.2095848397999043,2.5524359004965185e-07,0.11692734220556611,0.8254083021991288,0.2954217917585214,0.11610514224421357,0.025782651807230703,0.001565144230378997,True,ANP6,125.0,8.0,7.76068019011021e+19,$(U_{0.8}Pu_{0.2})N$,2.5782651807230703,0.0177019059209167,89.1204533955984,1.4947388864054238,2.3902522148949776,6.976853597180306,1.227131334695304e+17,6.643071885423448e-07,ok,
29,TRIAL_029,ANP6,1750.0,3.2,7.76068019011021e+19,0.00035988477833597926,643550.2336527312,22448337845806.17,19.989549388105466,2.6316245995956224,32685671817147.043,1.0,40,TRIAL_029_ANP6,rizk2025_refit_plot,rizk2025_refit_full,22448337845806.17,2.3948095908965364e+22,2.290486871488382e+26,4.866873858567538e+24,3.141475157767447e+23,1.4321954387041927e+19,2.7113221615701986,33.03992686272768,2.622802631234996,0.21637552140988653,2.8391781526448825,6.69196304705732,9.531141199702203,217709159194.9759,5.4427289798743976e+16,997.4844184713738,0.5,2235238.559816723,2225598.674916756,1.0043313671097185,818792572.556421,818788719.1960764,67191721.64810455,67191432.02778637,1.0000047061717563,1.0000043103757343,0.009109821957569767,87.1297980212224,1.8513519617608853,11.009740195059152,2.336647618920796,8.673092576138355,2.8942641837799973e+25,6.142629520533329e+24,2.2800012317266643e+25,2.6288215094111468e+26,2.4008213862384802e+26,1.0054304755810484,2.676374111911653e+16,0.0013734317803775586,2.9427654863029824e-06,2.35748924967105e-08,2.35748924967105e-08,0.0024453039114575156,0.0024453039114575156,3.81253193229877e+19,2.1879923733285787e-05,14113998.628416095,3.2,22448337845806.17,0.0,8.348952321809682e-26,1.510796051729201e-22,2.7113221615701987e-09,3.3039926862727687e-08,2.3135299353606492e+26,5.990395989412673e+25,2.339395091033147e+26,0.02622802631234996,0.21637552140988653,6.69196304705732,0.028391781526448827,0.09531141199702203,112859367.8510717,41757543622.22405,1.229523474676439e-18,9.974844184713738e-07,2.2966420055492944e-12,0.03407359027997264,1.0,1.1732003472118521e-17,8.590290957143048e-19,1.7171604534600672e-17,8.552344067970446e-13,1.8625632456264503e+19,22448337845806.17,0.13528077486441065,0.0012187522972210878,1.4072595550747615e-05,5.995122392463587e-06,1.4072595550747615e-05,5.995122392463587e-06,6.973481403889095e-31,1.7534268987936403e+19,3.147321964632984e+17,23037.3174509054,8.424498223522901e-19,-79918.24756618812,4.311963598556647e+21,4.5066686919329867e+21,0.0,0.0,0.0,0.0,0.3333333333333333,0.3333333333333333,2.0,1.0809044845085196e-17,3.1079945105556526e-24,0.0,9.229586270333256e-19,,0.0,0.0,0.0,0.0,0.0,1.0809044845085196e-17,9.229586270333256e-19,2.649159214742734e-07,3.0874228939768354e-17,8.552344067970446e-19,3.7946889172602315e-21,,,8.552344067970446e-19,3.7946889172602315e-21,,1.1907839400394421e-07,3.631660640848455,21501948144577.33,7.020591155511966e-05,0.0011485463856659682,7.020591155511966e-05,0.0011485463856659682,0.13528077486441065,0.0012187522972210878,False,False,1.0,1.8036804807544753,9.125954704660459e-09,0.32011001546032436,0.5362358809945177,1.0,1.2381758154237057,2.554483037558857e-07,0.13016262289547023,0.8058586933063554,0.2971131475774805,0.12934094880573668,0.02622802631234996,0.0021637552140988652,True,ANP6,125.0,8.0,7.76068019011021e+19,$(U_{0.8}Pu_{0.2})N$,2.622802631234996,0.009109821957569767,87.1297980212224,1.8513519617608853,2.336647618920796,8.673092576138355,5.4427289798743976e+16,9.974844184713738e-07,ok,
29,TRIAL_029,ANP6,1800.0,3.2,7.76068019011021e+19,0.00035988477833597926,643550.2336527312,22448337845806.17,19.989549388105466,2.6316245995956224,32685671817147.043,1.0,40,TRIAL_029_ANP6,rizk2025_refit_plot,rizk2025_refit_full,22448337845806.17,1.2167641475337882e+22,2.225967526461672e+26,6.066137926572136e+24,2.0666829205022988e+23,1.4272207414688131e+19,3.1375784798670416,36.99985667495773,2.673906718308281,0.3028167424063718,2.9767234607146524,11.036491935891757,14.01321539660641,80042688640.88524,2.0010672160221308e+16,1645.0671743439927,0.5,1366815.5626929833,1349488.965935555,1.0128393763823154,707554473.3342687,707552022.7605829,60000393.505680226,60000232.41988779,1.0000034634537207,1.0000026847528074,0.0046285536814796606,84.67549122269189,2.3075503243013804,13.012329899325236,2.2982566335260355,10.7140732657992,3.4207092726899964e+25,6.041706472360094e+24,2.816538625453987e+25,2.6288215094111468e+26,2.3471676468657482e+26,1.0076118333414918,1.6572589489672576e+16,0.0009293133760278629,2.352778731405601e-06,2.0337444555377872e-08,2.0337444555377872e-08,0.0034431143823339346,0.0034431143823339346,2.7027424104616006e+19,2.6309152640853884e-05,14113998.628416095,3.2,22448337845806.17,0.0,1.2938156558909378e-25,2.121723245800999e-22,3.137578479867042e-09,3.699985667495773e-08,2.6761756241620655e+26,8.60030492231787e+25,2.2867505821421472e+26,0.026739067183082808,0.3028167424063718,11.036491935891757,0.029767234607146524,0.1401321539660641,301924214.4384457,187907319444.08817,5.515302958103981e-18,1.6450671743439929e-06,6.246666728591168e-12,0.03407359027997264,1.0,2.814113302873205e-17,2.402604106958116e-18,4.8026973456104283e-17,2.3978131732901632e-12,1.8625632456264503e+19,22448337845806.17,0.2446221561810115,0.0029287169368110767,1.3299592182781326e-05,5.873542735276586e-06,1.3299592182781326e-05,5.873542735276586e-06,5.985584007165214e-31,2.0076482509512135e+19,2.752943607923204e+17,119251.35383153993,2.639336165510488e-18,-33848.150199537515,5.114792028640289e+21,5.106283828051173e+21,0.0,0.0,0.0,0.0,0.3333333333333333,0.3333333333333333,2.0,2.721817440169872e-17,1.0673110184064085e-24,0.0,9.229586270333256e-19,,0.0,0.0,0.0,0.0,0.0,2.721817440169872e-17,9.229586270333256e-19,3.792708052361239e-08,7.405689793890412e-17,2.397813173290163e-18,4.790933667952865e-21,,,2.397813173290163e-18,4.790933667952865e-21,,1.1907839400394421e-07,3.631660640848455,21392200587972.945,0.00018780180908595925,0.0027409151277251174,0.00018780180908595925,0.0027409151277251174,0.2446221561810115,0.0029287169368110767,False,False,1.0,1.799413715048387,1.0492979001816255e-08,0.31902929452016365,0.5376914096899005,1.0,1.2727239558839814,2.5574475603838704e-07,0.14549578512823008,0.7832963241541985,0.2990304521248377,0.14467493449089244,0.026739067183082808,0.003028167424063718,True,ANP6,125.0,8.0,7.76068019011021e+19,$(U_{0.8}Pu_{0.2})N$,2.673906718308281,0.0046285536814796606,84.67549122269189,2.3075503243013804,2.2982566335260355,10.7140732657992,2.0010672160221308e+16,1.6450671743439929e-06,ok,
29,TRIAL_029,AP3.2,900.0,1.1,5.767844763153473e+19,0.00035988477833597926,643550.2336527312,22448337845806.17,19.989549388105466,2.6316245995956224,32685671817147.043,1.0,40,TRIAL_029_AP3p2,rizk2025_refit_plot,rizk2025_refit_full,22448337845806.17,1.643083498751745e+23,8.190455464326418e+25,2.3126229696692773e+24,3.757092485999781e+23,1.4420874387186272e+19,1.7005673887275607,19.47621844342002,0.7739662708466986,0.0446266322438247,0.8185929030905233,0.050878219804354766,0.869471122894878,26688096303030.594,6.672024075757648e+18,39.48376995324719,0.0960364028973449,616286971718.2107,56225634.04225854,10960.96081824558,1308517547.4199054,1305446649.5803509,115086296.89356846,113985166.39404505,1.0023523732973245,1.0096602964610044,0.1818259342440846,90.6367337884591,2.5591811513772535,6.622259125919575,6.622259125919575,0.0,5.984253423194276e+24,5.984253423194276e+24,0.0,9.03657393860029e+25,9.036573938600291e+25,1.0011165477807447,7.369168595638573e+16,0.004608396537378319,6.235819333168624e-06,6.954954276041829e-09,6.954954276041829e-09,0.0005151472293215694,0.0005151472293215694,2.178433680578991e+19,5.451357488226934e-06,6527982.800675924,1.0999999999999999,22448337845806.17,0.0,2.0600138903440976e-26,3.094585740478946e-23,1.7005673887275609e-09,1.9476218443420023e-08,2.6622827234169073e+25,8.546865909587518e+24,8.438148596280864e+25,0.007739662708466986,0.0446266322438247,0.050878219804354766,0.008185929030905233,0.008694711228948781,896917.2405923504,619.006282614678,7.625604947862429e-23,3.9483769953247193e-08,3.598473334586978e-15,0.515244636498936,0.0,6.859556060984681e-19,5.096721272601947e-25,1.0188116159608437e-23,5.119872410101689e-28,1.3842827431568335e+19,22448337845806.17,0.006186507509231345,7.080257696758234e-05,1.2254915097171358e-05,5.022747346732949e-06,1.2254915097171358e-05,5.022747346732949e-06,3.4427619845963684e-31,4.3662499916864937e+18,1.1833653469038128e+17,0.0001238373785876548,4.34182333205886e-22,-548329.2837804254,1.135577982514441e+21,0.0,0.0,0.0,0.0,0.0,0.3333333333333333,0.3333333333333333,2.0,2.4966082885114063e-31,9.582238205875211e-25,0.0,6.859556060982184e-19,,0.0,0.0,0.0,0.0,0.0,2.4966082885114063e-31,6.859556060982184e-19,1.3969181271622544e-06,1.8051776472392537e-18,5.119872410101689e-34,5.096721267482075e-25,,,5.119872410101689e-34,5.096721267482075e-25,,1.1907839400394421e-07,3.631660640848455,21886612124064.793,2.447134684569195e-06,6.835544228301314e-05,2.447134684569195e-06,6.835544228301314e-05,0.006186507509231345,7.080257696758234e-05,False,False,1.0,1.4714210914324306,8.597596987825146e-09,0.22221964390098908,0.6721573116139057,1.0,1.1302307229099313,2.5486288534116124e-07,0.07724205136068221,0.8843673489168572,0.19780655449729118,0.07641841716060178,0.007739662708466986,0.000446266322438247,True,AP3.2,100.0,8.3,5.767844763153473e+19,$(U_{0.8}Pu_{0.2})N$,0.7739662708466986,0.1818259342440846,90.6367337884591,2.5591811513772535,6.622259125919575,0.0,6.672024075757648e+18,3.9483769953247193e-08,ok,
29,TRIAL_029,AP3.2,950.0,1.1,5.767844763153473e+19,0.00035988477833597926,643550.2336527312,22448337845806.17,19.989549388105466,2.6316245995956224,32685671817147.043,1.0,40,TRIAL_029_AP3p2,rizk2025_refit_plot,rizk2025_refit_full,22448337845806.17,1.6410621337661305e+23,8.190335188432778e+25,2.319479245538095e+24,3.750056462072401e+23,1.4419669240359766e+19,1.705023486413328,19.7751272769232,0.778605582215862,0.04670912912371243,0.8253147113395745,0.05090035909361989,0.8762150704331944,26686557812399.508,6.671639453099877e+18,39.49025499548934,0.09606241459792236,97364381088.257,56216400.73617082,1731.956863357328,1303282576.99287,1302034850.3644207,112703469.60036367,112262235.73239164,1.000958289732491,1.003930385539656,0.18160224714769732,90.63540279847929,2.5667684028238784,6.616226551549122,6.616226551549122,0.0,5.978802042760406e+24,5.978802042760406e+24,0.0,9.03657393860029e+25,9.03657393860029e+25,1.0011686954657724,7.351050384019192e+16,0.00459979430491176,6.216866390515701e-06,7.137756197822424e-09,7.137756197822424e-09,0.0005363568068379977,0.0005363568068379977,1.9466707147664052e+19,5.985441225203993e-06,6527982.800675924,1.0999999999999999,22448337845806.17,0.0,2.076250291403825e-26,3.23926494742171e-23,1.7050234864133281e-09,1.9775127276923202e-08,2.821433727894694e+25,9.239744714869253e+24,8.438693734324249e+25,0.00778605582215862,0.04670912912371243,0.05090035909361989,0.008253147113395745,0.008762150704331943,896151.8506493102,4132.265962340485,7.629362985131008e-23,3.9490254995489335e-08,3.599655499717105e-15,0.5151339910782766,0.0,6.85955606105717e-19,1.426046189772508e-24,2.850602074017717e-23,2.2845010932250072e-26,1.3842827431568335e+19,22448337845806.17,0.006189323309457824,7.08127498981879e-05,1.2245452297605584e-05,5.0024924201776796e-06,1.2245452297605584e-05,5.0024924201776796e-06,3.540374830254259e-31,4.661673565972494e+18,1.2342756645858634e+17,0.0008268029968998452,4.34386773106099e-22,-548507.3901348555,1.134488242109062e+21,0.0,0.0,0.0,0.0,0.0,0.3333333333333333,0.3333333333333333,2.0,7.498646671560408e-30,3.5732345885189943e-23,0.0,6.859556060982184e-19,,0.0,0.0,0.0,0.0,0.0,7.498646671560408e-30,6.859556060982184e-19,5.209133880842283e-05,1.80517764725833e-18,2.284501093225007e-32,1.4260461669274971e-24,,,2.284501093225007e-32,1.4260461669274971e-24,,1.1907839400394421e-07,3.631660640848455,21878038727726.48,2.48408372284492e-06,6.832866617534297e-05,2.48408372284492e-06,6.832866617534297e-05,0.006189323309457824,7.08127498981879e-05,False,False,1.0,1.4725216755979331,8.6029708081376e-09,0.22259879207855862,0.671616721690511,1.0,1.132441571488899,2.548699852773297e-07,0.07841268989299835,0.8826220273302241,0.19820099833555818,0.07758907780375936,0.00778605582215862,0.0004670912912371243,True,AP3.2,100.0,8.3,5.767844763153473e+19,$(U_{0.8}Pu_{0.2})N$,0.778605582215862,0.18160224714769732,90.63540279847929,2.5667684028238784,6.616226551549122,0.0,6.671639453099877e+18,3.949025499548934e-08,ok,
29,TRIAL_029,AP3.2,1000.0,1.1,5.767844763153473e+19,0.00035988477833597926,643550.2336527312,22448337845806.17,19.989549388105466,2.6316245995956224,32685671817147.043,1.0,40,TRIAL_029_AP3p2,rizk2025_refit_plot,rizk2025_refit_full,22448337845806.17,1.6390616252721198e+23,8.190272800257017e+25,2.3255660469920557e+24,3.743200134578845e+23,1.4418507245169435e+19,1.7094177524784278,20.05553504664252,0.783206506320079,0.04872049222856282,0.8319269985486419,0.051219590592223224,0.8831465891408652,26664756685220.406,6.666189171305101e+18,39.58342187764543,0.09643737006890614,18553924900.129353,56084085.07132467,330.8233499135002,1299260119.2860248,1298687811.5553067,110895948.05359337,110692633.97047332,1.0004406815291758,1.0018367444682388,0.18138086806004713,90.63471240213899,2.5735041430450267,6.610402586755954,6.610402586755954,0.0,5.973539173913479e+24,5.973539173913479e+24,0.0,9.03657393860029e+25,9.036573938600291e+25,1.0012190652893675,7.333140875818517e+16,0.004591380824834274,6.200094739077064e-06,7.463027752338494e-09,7.463027752338494e-09,0.0005573705826555642,0.0005573705826555642,1.893602129409735e+19,6.4408566625913545e-06,6527982.800675924,1.0999999999999999,22448337845806.17,0.0,2.0923447268688433e-26,3.3790247076295237e-23,1.709417752478428e-09,2.0055535046642523e-08,2.9791023330443736e+25,9.910513610609887e+24,8.439220021208943e+25,0.007832065063200791,0.04872049222856282,0.051219590592223224,0.008319269985486419,0.008831465891408652,896095.0582720989,22824.509333964936,7.683488913380999e-23,3.958342187764543e-08,3.6166604183700996e-15,0.5135430765666944,0.0,6.859556062584883e-19,3.5413597183153905e-24,7.079018499031276e-23,6.972208708889678e-25,1.3842827431568335e+19,22448337845806.17,0.006192182729961338,7.082229001779736e-05,1.2236134657403368e-05,4.983999462574697e-06,1.2236134657403368e-05,4.983999462574697e-06,3.7084443374378672e-31,4.977318016244739e+18,1.31839064985656e+17,0.004571086887630521,4.369729504050693e-22,-550628.0404952624,1.1334098519622167e+21,0.0,0.0,0.0,0.0,0.0,0.3333333333333333,0.3333333333333333,2.0,1.6026995865756309e-28,4.476676181501433e-22,0.0,6.859556060982184e-19,,0.0,0.0,0.0,0.0,0.0,1.6026995865756309e-28,6.859556060982184e-19,0.0006526189363651748,1.8051776476603667e-18,6.972208708889678e-31,3.5413590210945195e-24,,,6.972208708889678e-31,3.5413590210945195e-24,,1.1907839400394421e-07,3.631660640848455,21869998606935.016,2.518734429541077e-06,6.830355558825628e-05,2.518734429541077e-06,6.830355558825628e-05,0.006192182729961338,7.082229001779736e-05,False,False,1.0,1.4736106169107361,8.608220309655228e-09,0.22297349735755592,0.6710825607737471,1.0,1.134522263877131,2.5487683169863866e-07,0.07951074704898115,0.8809852112638566,0.19859063395882973,0.07868716330022879,0.007832065063200791,0.00048720492228562816,True,AP3.2,100.0,8.3,5.767844763153473e+19,$(U_{0.8}Pu_{0.2})N$,0.783206506320079,0.18138086806004713,90.63471240213899,2.5735041430450267,6.610402586755954,0.0,6.666189171305101e+18,3.958342187764543e-08,ok,
29,TRIAL_029,AP3.2,1050.0,1.1,5.767844763153473e+19,0.00035988477833597926,643550.2336527312,22448337845806.17,19.989549388105466,2.6316245995956224,32685671817147.043,1.0,40,TRIAL_029_AP3p2,rizk2025_refit_plot,rizk2025_refit_full,22448337845806.17,1.6370714003897794e+23,8.190241257405705e+25,2.3312610601889208e+24,3.736416550037922e+23,1.4417345201510318e+19,1.7137955164138317,20.328556540607025,0.7878089371859011,0.05073334907029145,0.8385422862561924,0.052813204399398773,0.8913554906555913,26557800049060.22,6.639450012265054e+18,40.04337274737846,0.09829568635805482,4155412916.2850895,55439885.496291965,74.95349023697064,1295661741.715188,1295370409.5605388,109309345.75671957,109205983.00058688,1.000224902585777,1.0009464935280343,0.1811606269713488,90.63436334450358,2.579806324862561,6.604669703662534,6.604669703662534,0.0,5.968358611717975e+24,5.968358611717975e+24,0.0,9.03657393860029e+25,9.036573938600291e+25,1.0012694761186525,7.315345060612704e+16,0.004583039662876604,6.184449840442896e-06,7.813660713944954e-09,7.813660713944954e-09,0.0005789044610751934,0.0005789044610751934,1.9115272958982943e+19,6.814462289990057e-06,6527982.800675924,1.0999999999999999,22448337845806.17,0.0,2.1084612131318853e-26,3.5189106150400543e-23,1.7137955164138318e-09,2.0328556540607026e-08,3.1367327692469745e+25,1.0582933713318318e+25,8.439738077428494e+25,0.00787808937185901,0.05073334907029145,0.052813204399398773,0.008385422862561925,0.008913554906555913,898923.645888233,107344.81712736239,7.9544547066153e-23,4.0043372747378465e-08,3.701198373979517e-15,0.5057677434751444,0.0,6.859556086571999e-19,7.957391575121721e-24,1.5906467189139e-22,1.5366002896313798e-23,1.3842827431568335e+19,22448337845806.17,0.006195057603490548,7.083157604100845e-05,1.2226865660756938e-05,4.966447976640724e-06,1.2226865660756938e-05,4.966447976640724e-06,3.8893359839202444e-31,5.308328670952051e+18,1.4087276362474237e+17,0.02159261189274612,4.498278142678663e-22,-561057.5488464539,1.1323370429707536e+21,0.0,0.0,0.0,0.0,0.0,0.3333333333333333,0.3333333333333333,2.0,2.558981501392922e-27,2.43157518657149e-21,0.0,6.859556060982184e-19,,0.0,0.0,0.0,0.0,0.0,2.558981501392922e-27,6.859556060982184e-19,0.003544799628260854,1.8051776539728752e-18,1.5366002896313797e-29,7.957376209118825e-24,,,1.5366002896313797e-29,7.957376209118825e-24,,1.1907839400394421e-07,3.631660640848455,21862172779299.766,2.552461543981033e-06,6.827911449702741e-05,2.552461543981033e-06,6.827911449702741e-05,0.006195057603490548,7.083157604100845e-05,False,False,1.0,1.4746971377262443,8.61342674082558e-09,0.22334694239055922,0.67055028984569,1.0,1.1365543858894611,2.548836791338595e-07,0.08057976494232032,0.8793919587626898,0.19897887347465457,0.07975621047879071,0.00787808937185901,0.0005073334907029145,True,AP3.2,100.0,8.3,5.767844763153473e+19,$(U_{0.8}Pu_{0.2})N$,0.7878089371859011,0.1811606269713488,90.63436334450358,2.579806324862561,6.604669703662534,0.0,6.639450012265054e+18,4.0043372747378465e-08,ok,
29,TRIAL_029,AP3.2,1100.0,1.1,5.767844763153473e+19,0.00035988477833597926,643550.2336527312,22448337845806.17,19.989549388105466,2.6316245995956224,32685671817147.043,1.0,40,TRIAL_029_AP3p2,rizk2025_refit_plot,rizk2025_refit_full,22448337845806.17,1.6350873203506126e+23,8.190232981056693e+25,2.336680988544067e+24,3.729672187279901e+23,1.4416169551361638e+19,1.7181717966474424,20.59763143511522,0.7924265701326226,0.05277039429666354,0.8451969644292863,0.059126994683762445,0.9043239591130486,26152160089072.0,6.538040022268e+18,41.79329273147281,0.1054391283181317,1073083685.3290225,53118571.30434257,20.201666930776344,1292233376.7770305,1292071028.247433,107836530.92428422,107779382.64373949,1.0001256498490008,1.0005302338827977,0.18094106587965103,90.6342717572597,2.5858040939196973,6.598983082940947,6.598983082940947,0.0,5.963219854856835e+24,5.963219854856835e+24,0.0,9.03657393860029e+25,9.03657393860029e+25,1.001320496403429,7.297625960889848e+16,0.004574733852403453,6.169601615872255e-06,8.191160661430744e-09,8.191160661430744e-09,0.0006010240481865894,0.0006010240481865894,1.9596755353951937e+19,7.127949523159068e-06,6527982.800675924,1.0999999999999999,22448337845806.17,0.0,2.1246547426747166e-26,3.6605003921918534e-23,1.7181717966474424e-09,2.059763143511522e-08,3.2948158703104117e+25,1.126443372642957e+25,8.440251953114606e+25,0.007924265701326226,0.05277039429666354,0.059126994683762445,0.008451969644292862,0.009043239591130486,912080.6594249383,441850.65377342916,9.043535139335489e-23,4.179329273147281e-08,4.031755998702024e-15,0.4774705135485857,0.0,6.859556378595706e-19,1.6429338076549502e-23,3.2841506489506795e-22,2.556484784617257e-22,1.3842827431568335e+19,22448337845806.17,0.006197941943878853,7.084072758061725e-05,1.2217613361169377e-05,4.949572583554999e-06,1.2217613361169377e-05,4.949572583554999e-06,4.083933780913308e-31,5.641266438310818e+18,1.505831512100386e+17,0.09036248922376762,5.009709085148399e-22,-600849.6450063667,1.131267595272236e+21,0.0,0.0,0.0,0.0,0.0,0.3333333333333333,0.3333333333333333,2.0,3.1761352235744896e-26,6.934054381604572e-21,0.0,6.859556060982184e-19,,0.0,0.0,0.0,0.0,0.0,3.1761352235744896e-26,6.859556060982184e-19,0.010108604695255988,1.8051777308225525e-18,2.556484784617257e-28,1.642908242807104e-23,,,2.556484784617257e-28,1.642908242807104e-23,,1.1907839400394421e-07,3.631660640848455,21854462577190.504,2.5856903906412456e-06,6.8255037189976e-05,2.5856903906412456e-06,6.8255037189976e-05,0.006197941943878853,7.084072758061725e-05,False,False,1.0,1.4757844139798264,8.618615574854963e-09,0.22372022063323338,0.6700183500258415,1.0,1.138563164940369,2.5489060748858703e-07,0.08163321512716376,0.8778221784396855,0.19936687874662717,0.0808096910535916,0.007924265701326226,0.0005277039429666354,True,AP3.2,100.0,8.3,5.767844763153473e+19,$(U_{0.8}Pu_{0.2})N$,0.7924265701326226,0.18094106587965103,90.6342717572597,2.5858040939196973,6.598983082940947,0.0,6.538040022268e+18,4.1793292731472814e-08,ok,
29,TRIAL_029,AP3.2,1150.0,1.1,5.767844763153473e+19,0.00035988477833597926,643550.2336527312,22448337845806.17,19.989549388105466,2.6316245995956224,32685671817147.043,1.0,40,TRIAL_029_AP3p2,rizk2025_refit_plot,rizk2025_refit_full,22448337845806.17,1.6331073294490665e+23,8.190244842348455e+25,2.341873430357611e+24,3.7229542645640586e+23,1.441497517986533e+19,1.7225522382665777,20.864060363406672,0.7970645868011381,0.0548401961996257,0.8519047830007639,0.08049289132003196,0.9323976743207958,24929489702294.273,6.232372425573567e+18,47.06469213032743,0.1274632230963404,316927452.9869358,47169117.64455126,6.718960811927455,1288883415.0641649,1288785298.1654763,106437053.75586426,106403066.38939957,1.0000761312988504,1.000319420930411,0.1807219572976819,90.634403015985,2.5915501231657636,6.5933249035515855,6.5933249035515855,0.0,5.958106799215853e+24,5.958106799215853e+24,0.0,9.03657393860029e+25,9.036573938600293e+25,1.001372340894659,7.279967490723562e+16,0.004566449463675021,6.155412002314336e-06,8.601618629673049e-09,8.601618629673049e-09,0.0006236803808663656,0.0006236803808663656,2.0221738279683273e+19,7.407886079979648e-06,6527982.800675924,1.0999999999999999,22448337845806.17,0.0,2.1409464907688596e-26,3.80439060874873e-23,1.7225522382665777e-09,2.0864060363406675e-08,3.4535381043676125e+25,1.1957808041476102e+25,8.440763258678708e+25,0.007970645868011382,0.0548401961996257,0.08049289132003196,0.008519047830007639,0.009323976743207958,955993.382996127,1639366.3953583383,1.291528904622932e-22,4.706469213032743e-08,5.112949547643965e-15,0.40336520593356595,0.0,6.859559227741158e-19,3.156009871203467e-23,6.308721518977007e-22,3.330768464716398e-21,1.3842827431568335e+19,22448337845806.17,0.00620083519411295,7.084981252635551e-05,1.2208365795304727e-05,4.9332614337541024e-06,1.2208365795304727e-05,4.9332614337541024e-06,4.295358313043865e-31,5.966159798788826e+18,1.6112736952258163e+17,0.3525380333005228,6.77722997596259e-22,-720090.1750318911,1.1302006860196495e+21,0.0,0.0,0.0,0.0,0.0,0.3333333333333333,0.3333333333333333,2.0,3.1667589742037936e-25,1.2004150054659163e-20,0.0,6.859556060982184e-19,,0.0,0.0,0.0,0.0,0.0,3.1667589742037936e-25,6.859556060982184e-19,0.017499885424288566,1.8051784806106783e-18,3.330768464716398e-27,3.155676794356995e-23,,,3.330768464716398e-27,3.155676794356995e-23,,1.1907839400394421e-07,3.631660640848455,21846830712152.34,2.618582550681144e-06,6.823122997567436e-05,2.618582550681144e-06,6.823122997567436e-05,0.00620083519411295,7.084981252635551e-05,False,False,1.0,1.4768736360764005,8.623796517054649e-09,0.22409374006057595,0.669486160113966,1.0,1.1405581006799546,2.5489764693570287e-07,0.08267619049004078,0.87626827471654,0.1997550824327819,0.08185269817204896,0.007970645868011382,0.000548401961996257,True,AP3.2,100.0,8.3,5.767844763153473e+19,$(U_{0.8}Pu_{0.2})N$,0.7970645868011381,0.1807219572976819,90.634403015985,2.5915501231657636,6.5933249035515855,0.0,6.232372425573567e+18,4.7064692130327433e-08,ok,
29,TRIAL_029,AP3.2,1200.0,1.1,5.767844763153473e+19,0.00035988477833597926,643550.2336527312,22448337845806.17,19.989549388105466,2.6316245995956224,32685671817147.043,1.0,40,TRIAL_029_AP3p2,rizk2025_refit_plot,rizk2025_refit_full,22448337845806.17,1.6311275632546732e+23,8.190274879134075e+25,2.3468628204460615e+24,3.716253676321208e+23,1.441376004225941e+19,1.7269397422281734,21.128381667041673,0.8017251607361262,0.05694618010914857,0.8586713408452746,0.14099658434598528,0.99966792519126,22253608084940.188,5.563402021235046e+18,58.92277989542469,0.17833966827096673,109106971.57748762,37676430.13347341,2.8958946267192163,1285574883.507532,1285510979.749449,105093484.4476648,105071937.5948701,1.0000497107835635,1.0002050676259324,0.18050287358212275,90.63473540728533,2.5970714525128717,6.587690266619675,6.587690266619675,0.0,5.953015017890615e+24,5.953015017890615e+24,0.0,9.03657393860029e+25,9.03657393860029e+25,1.001425095569106,7.262353615281802e+16,0.004558176433402952,6.141807682632983e-06,9.052386755462337e-09,9.052386755462337e-09,0.000646824777789749,0.000646824777789749,2.092295543106819e+19,7.664613145574918e-06,6527982.800675924,1.0999999999999999,22448337845806.17,0.0,2.157347776995056e-26,3.950820600744651e-23,1.7269397422281734e-09,2.1128381667041673e-08,3.6129795795226438e+25,1.2664158036784517e+25,8.441272436811228e+25,0.008017251607361262,0.05694618010914857,0.14099658434598528,0.008586713408452747,0.0099966792519126,1070031.4295404947,5561711.293009677,2.534359081148782e-22,5.892277989542469e-08,8.013966435926207e-15,0.2824210581364175,0.0,6.859582128801389e-19,5.699970868482597e-23,1.1393984918629528e-21,3.503783313863259e-20,1.3842827431568335e+19,22448337845806.17,0.006203747515746126,7.085902990552918e-05,1.2199116891671453e-05,4.9174571971190805e-06,1.2199116891671453e-05,4.9174571971190805e-06,4.527356513763426e-31,6.28058538661701e+18,1.7269116574428342e+17,1.3439339372425028,1.2192631533730365e-21,-975777.305489633,1.1291364607264859e+21,0.0,0.0,0.0,0.0,0.0,0.3333333333333333,0.3333333333333333,2.0,2.6067819204802983e-24,1.4100662152237733e-20,0.0,6.859556060982184e-19,,0.0,0.0,0.0,0.0,0.0,2.6067819204802983e-24,6.859556060982184e-19,0.0205561532575478,1.805184507310024e-18,3.503783313863259e-26,5.696467085168733e-23,,,3.503783313863259e-26,5.696467085168733e-23,,1.1907839400394421e-07,3.631660640848455,21839261764106.9,2.651211278864316e-06,6.820781862666486e-05,2.651211278864316e-06,6.820781862666486e-05,0.006203747515746126,7.085902990552918e-05,False,False,1.0,1.4779652656008062,8.62897652098899e-09,0.22446765728276655,0.6689534973690396,1.0,1.1425430765428262,2.5490480956350303e-07,0.08371079827590514,0.8747271042013426,0.20014366017873497,0.08288733933844689,0.008017251607361262,0.0005694618010914857,True,AP3.2,100.0,8.3,5.767844763153473e+19,$(U_{0.8}Pu_{0.2})N$,0.8017251607361262,0.18050287358212275,90.63473540728533,2.5970714525128717,6.587690266619675,0.0,5.563402021235046e+18,5.892277989542469e-08,ok,
29,TRIAL_029,AP3.2,1250.0,1.1,5.767844763153473e+19,0.00035988477833597926,643550.2336527312,22448337845806.17,19.989549388105466,2.6316245995956224,32685671817147.043,1.0,40,TRIAL_029_AP3p2,rizk2025_refit_plot,rizk2025_refit_full,22448337845806.17,1.6291273933196674e+23,8.190319546936945e+25,2.3516727040871657e+24,3.709542279096006e+23,1.4412523167446403e+19,1.7313393481685644,21.390867638425547,0.8064093092128688,0.059089978092393046,0.8654992873052618,0.270327669767733,1.1358269570729949,18438010310495.367,4.609502577623842e+18,77.93621762712996,0.2585078683124463,46708161.19219995,28484831.1554089,1.6397555926298928,1282288870.093394,1282244293.9036465,103797041.23033871,103782606.55552357,1.00003476419428,1.0001390856839523,0.1802815319598889,90.63522970748332,2.6023941374970097,6.582094623059801,6.582094623059801,0.0,5.947958473214329e+24,5.947958473214329e+24,0.0,9.03657393860029e+25,9.036573938600291e+25,1.0014788015063156,7.244719278669146e+16,0.004549882117225042,6.12871963240133e-06,9.550589779590068e-09,9.550589779590068e-09,0.0006704273789973385,0.0006704273789973385,2.1669257292138607e+19,7.90922879489074e-06,6527982.800675924,1.0999999999999999,22448337845806.17,0.0,2.1738781998985222e-26,4.0999051592756295e-23,1.7313393481685646e-09,2.1390867638425547e-08,3.773185429210852e+25,1.3383973854858765e+25,8.441778091278858e+25,0.008064093092128688,0.059089978092393046,0.270327669767733,0.008654992873052618,0.011358269570729948,1290368.8354764844,16319778.894359685,5.864573567655634e-22,7.793621762712997e-08,1.402037768496622e-14,0.1682158623930199,0.0,6.859737343204004e-19,9.775347450615735e-23,1.954047906499741e-21,3.0533079764031823e-19,1.3842827431568335e+19,22448337845806.17,0.006206749590200824,7.086954883685254e-05,1.2189856139332188e-05,4.902122338023543e-06,1.2189856139332188e-05,4.902122338023543e-06,4.783571346434064e-31,6.586491791500581e+18,1.8545442427753734e+17,4.814029956637474,2.6489451974745054e-21,-1339743.123541933,1.1280781022555695e+21,0.0,0.0,0.0,0.0,0.0,0.3333333333333333,0.3333333333333333,2.0,1.8128222181985484e-23,1.2247278119517971e-20,0.0,6.859556060982184e-19,,0.0,0.0,0.0,0.0,0.0,1.8128222181985484e-23,6.859556060982184e-19,0.017853858692784275,1.8052253539140376e-18,3.0533079764031822e-25,9.744814370851704e-23,,,3.0533079764031822e-25,9.744814370851704e-23,,1.1907839400394421e-07,3.631660640848455,21831747944756.934,2.6836543432901404e-06,6.81858944935624e-05,2.6836543432901404e-06,6.81858944935624e-05,0.006206749590200824,7.086954883685254e-05,False,False,1.0,1.479059352282654,8.634177378037122e-09,0.22484198735783384,0.6684203408029604,1.0,1.1445200174283903,2.549121011365261e-07,0.08473810375779138,0.8731970772989857,0.20053268905331328,0.08391468004120296,0.008064093092128688,0.0005908997809239304,True,AP3.2,100.0,8.3,5.767844763153473e+19,$(U_{0.8}Pu_{0.2})N$,0.8064093092128688,0.1802815319598889,90.63522970748332,2.6023941374970097,6.582094623059801,0.0,4.609502577623842e+18,7.793621762712997e-08,ok,
29,TRIAL_029,AP3.2,1300.0,1.1,5.767844763153473e+19,0.00035988477833597926,643550.2336527312,22448337845806.17,19.989549388105466,2.6316245995956224,32685671817147.043,1.0,40,TRIAL_029_AP3p2,rizk2025_refit_plot,rizk2025_refit_full,22448337845806.17,1.6269951369824412e+23,8.190364043493609e+25,2.3563691143070837e+24,3.7026772644879966e+23,1.441126318329684e+19,1.735773805007823,21.65185251384998,0.8111176631012875,0.06127394454782265,0.8723916076491102,0.44731150914639345,1.3197031167955036,15097868632380.719,3.77446715809518e+18,98.5323072929173,0.33834051849022784,26882370.833383758,22530681.16430456,1.1931450557284349,1279001469.709348,1278968488.6332264,102541739.42124869,102531642.43474959,1.0000257872468437,1.0000984767849157,0.18004557347034256,90.63572211264666,2.6075912511949975,6.576641062688022,6.576641062688022,0.0,5.943030323061509e+24,5.943030323061509e+24,0.0,9.03657393860029e+25,9.036573938600291e+25,1.001533517898381,7.226722167771866e+16,0.004541398851129171,6.1159697207324606e-06,1.0104281505867223e-08,1.0104281505867223e-08,0.0006944881678979152,0.0006944881678979152,2.24443778364765e+19,8.148328781526385e-06,6527982.800675924,1.0999999999999999,22448337845806.17,0.0,2.1906247970370927e-26,4.251809419374237e-23,1.7357738050078233e-09,2.1651852513849983e-08,3.934220314990124e+25,1.4117869269980999e+25,8.44227090629414e+25,0.008111176631012875,0.06127394454782265,0.44731150914639345,0.008723916076491102,0.013197031167955037,1574534.9142369318,35984149.46847691,1.185098426905199e-21,9.85323072929173e-08,2.2409820003638246e-14,0.10157316161863356,0.0,6.860642029484949e-19,1.6132812103425e-22,3.2248764431043967e-21,2.2525702314749626e-18,1.3842827431568335e+19,22448337845806.17,0.00621023297301204,7.088775797281987e-05,1.218053590111804e-05,4.88721847417955e-06,1.218053590111804e-05,4.88721847417955e-06,5.068122962917493e-31,6.886935498454437e+18,1.9962099518707917e+17,13.487953721982402,5.4290235672570485e-21,-1706248.9726232328,1.127043925567221e+21,0.0,0.0,0.0,0.0,0.0,0.3333333333333333,0.3333333333333333,2.0,1.085968502764781e-22,8.409787168749566e-21,0.0,6.859556060982184e-19,,0.0,0.0,0.0,0.0,0.0,1.085968502764781e-22,6.859556060982184e-19,0.012258017737417087,1.8054634333812226e-18,2.2525702314749626e-24,1.5907555080277505e-22,,,2.2525702314749626e-24,1.5907555080277505e-22,,1.1907839400394421e-07,3.631660640848455,21824279702135.86,2.7161991102991783e-06,6.81715588625207e-05,2.7161991102991783e-06,6.81715588625207e-05,0.00621023297301204,7.088775797281987e-05,False,False,1.0,1.4801551127263333,8.639510272878817e-09,0.2252164607132461,0.6678870747342577,1.0,1.1464913410386541,2.549195297870275e-07,0.08575941419942723,0.8716762451017418,0.2009222130049681,0.08493602778162053,0.008111176631012875,0.0006127394454782265,True,AP3.2,100.0,8.3,5.767844763153473e+19,$(U_{0.8}Pu_{0.2})N$,0.8111176631012875,0.18004557347034256,90.63572211264666,2.6075912511949975,6.576641062688022,0.0,3.77446715809518e+18,9.853230729291731e-08,ok,
29,TRIAL_029,AP3.2,1350.0,1.1,5.767844763153473e+19,0.00035988477833597926,643550.2336527312,22448337845806.17,19.989549388105466,2.6316245995956224,32685671817147.043,1.0,40,TRIAL_029_AP3p2,rizk2025_refit_plot,rizk2025_refit_full,22448337845806.17,1.624197413598832e+23,8.190340434322767e+25,2.361232275795833e+24,3.694980655472315e+23,1.4409974428100364e+19,1.7403506386838823,21.912499898530537,0.8158513739319126,0.06350787783458171,0.8793592517664943,0.5858224160090011,1.4651816677754954,13247567017866.637,3.311891754466659e+18,112.60485852760158,0.38773182280614193,20676383.24447423,19714957.498533122,1.0487663108587801,1275630427.2526908,1275605013.526956,101319235.72381887,101312036.97798418,1.0000199228800963,1.0000710551880054,0.1797359734601375,90.63546085023681,2.612972894195755,6.571830282107307,6.571830282107307,0.0,5.938683025619508e+24,5.938683025619508e+24,0.0,9.03657393860029e+25,9.03657393860029e+25,1.0015894904596916,7.206732936018005e+16,0.00453192908838583,6.102827328728372e-06,1.0733326360468422e-08,1.0733326360468422e-08,0.0007191024447669906,0.0007191024447669906,2.323652303148231e+19,8.386626611991226e-06,6527982.800675924,1.0999999999999999,22448337845806.17,0.0,2.2079990397882758e-26,4.4072165534685e-23,1.7403506386838825e-09,2.191249989853054e-08,4.096321308688679e+25,1.4868382891707023e+25,8.442705636038339e+25,0.008158513739319126,0.06350787783458171,0.5858224160090011,0.008793592517664943,0.014651816677754954,1793139.2285421668,55329452.0263497,1.768845298820284e-21,1.1260485852760159e-07,2.926815333587054e-14,0.07386850953570684,0.0,6.865253628289335e-19,2.635683646760266e-22,5.2686128428336255e-21,1.4331663655150738e-17,1.3842827431568335e+19,22448337845806.17,0.006216076375165149,7.094426131761341e-05,1.2170931045154947e-05,4.872664161972673e-06,1.2170931045154947e-05,4.872664161972673e-06,5.39107218563077e-31,7.185006831424119e+18,2.15691351943599e+17,24.956463318997898,8.564430054990863e-21,-1982593.863844803,1.1261218311700627e+21,0.0,0.0,0.0,0.0,0.0,0.3333333333333333,0.3333333333333333,2.0,5.697567307150379e-22,4.811032795419547e-21,0.0,6.859556060982184e-19,,0.0,0.0,0.0,0.0,0.0,5.697567307150379e-22,6.859556060982184e-19,0.007007800521156197,1.8066770330669316e-18,1.433166365515074e-23,2.492367010208758e-22,,,1.433166365515074e-23,2.492367010208758e-22,,1.1907839400394421e-07,3.631660640848455,21816823778654.684,2.750184173736119e-06,6.81940771438773e-05,2.750184173736119e-06,6.81940771438773e-05,0.006216076375165149,7.094426131761341e-05,False,False,1.0,1.48124844172396,8.645504866293518e-09,0.22558967573364164,0.6673556948577277,1.0,1.1484657853161973,2.549271289441278e-07,0.08677928094026877,0.8701578305079317,0.20131231809996192,0.08595593462493256,0.008158513739319126,0.0006350787783458171,True,AP3.2,100.0,8.3,5.767844763153473e+19,$(U_{0.8}Pu_{0.2})N$,0.8158513739319126,0.1797359734601375,90.63546085023681,2.612972894195755,6.571830282107307,0.0,3.311891754466659e+18,1.1260485852760159e-07,ok,
29,TRIAL_029,AP3.2,1400.0,1.1,5.767844763153473e+19,0.00035988477833597926,643550.2336527312,22448337845806.17,19.989549388105466,2.6316245995956224,32685671817147.043,1.0,40,TRIAL_029_AP3p2,rizk2025_refit_plot,rizk2025_refit_full,22448337845806.17,1.618487011373927e+23,8.189963593769947e+25,2.3674245766001904e+24,3.683594443587955e+23,1.4408632037349919e+19,1.745526487976992,22.177614996156358,0.8206155629090259,0.06583485440769381,0.8864504173167196,0.6635877844142729,1.5500382017309924,12393669997885.451,3.0984174994713626e+18,120.01807610115989,0.4120731453412284,18716175.63284989,18497213.687451746,1.011837563705429,1271842356.9320214,1271822579.1995327,100105897.8004231,100100935.1269175,1.00001555070087,1.0000495766947564,0.17910405230686582,90.63129067960156,2.619825381484003,6.569779886607591,6.569779886607591,0.0,5.936830170565852e+24,5.936830170565852e+24,0.0,9.03657393860029e+25,9.03657393860029e+25,1.0016477988087016,7.177890952440106e+16,0.004518109377003633,6.086297300707794e-06,1.150721764537616e-08,1.150721764537616e-08,0.0007447483880494584,0.0007447483880494584,2.4027690662337815e+19,8.631351725253654e-06,6527982.800675924,1.0999999999999999,22448337845806.17,0.0,2.2277576304239305e-26,4.5691259404110896e-23,1.7455264879769922e-09,2.2177614996156358e-08,4.260493280235011e+25,1.5646877580787884e+25,8.442890921543704e+25,0.008206155629090259,0.06583485440769381,0.6635877844142729,0.008864504173167196,0.015500382017309924,1916084.6372636245,67734319.93155506,2.1416990593665674e-21,1.200180761011599e-07,3.324867818907026e-14,0.0628992801406198,0.0,6.886110813242972e-19,4.565292615698932e-22,9.125814221266698e-21,7.989389038480301e-17,1.3842827431568335e+19,22448337845806.17,0.006232242931359987,7.116882521157195e-05,1.2160087013597996e-05,4.858187812656684e-06,1.2160087013597996e-05,4.858187812656684e-06,5.78745459312716e-31,7.484421610063827e+18,2.3541309915207645e+17,34.890151834454954,1.1120643035325044e-20,-2206160.991239216,1.1256830798682716e+21,0.0,0.0,0.0,0.0,0.0,0.3333333333333333,0.3333333333333333,2.0,2.6554752260788454e-21,2.389663047018396e-21,0.0,6.859556060982184e-19,,0.0,0.0,0.0,0.0,0.0,2.6554752260788454e-21,6.859556060982184e-19,0.003470265163933658,1.812165861167162e-18,7.989389038480301e-23,3.7663537118509016e-22,,,7.989389038480301e-23,3.7663537118509016e-22,,1.1907839400394421e-07,3.631660640848455,21809242863279.03,2.7913371389535026e-06,6.837748807261844e-05,2.7913371389535026e-06,6.837748807261844e-05,0.006232242931359987,7.116882521157195e-05,False,False,1.0,1.4823220957391263,8.654403753168973e-09,0.2259557599559678,0.666834559322756,1.0,1.1504798922151025,2.5493504529257773e-07,0.08781649797641687,0.8686138619176142,0.20170341428576288,0.08699319733999072,0.008206155629090259,0.000658348544076938,True,AP3.2,100.0,8.3,5.767844763153473e+19,$(U_{0.8}Pu_{0.2})N$,0.8206155629090259,0.17910405230686582,90.63129067960156,2.619825381484003,6.569779886607591,0.0,3.0984174994713626e+18,1.200180761011599e-07,ok,
29,TRIAL_029,AP3.2,1450.0,1.1,5.767844763153473e+19,0.00035988477833597926,643550.2336527312,22448337845806.17,19.989549388105466,2.6316245995956224,32685671817147.043,1.0,40,TRIAL_029_AP3p2,rizk2025_refit_plot,rizk2025_refit_full,22448337845806.17,1.601518479261354e+23,8.18816182556147e+25,2.3793093483057173e+24,3.6578508279561425e+23,1.4407138080946164e+19,1.7530294811523184,22.46545605818582,0.8254338201883861,0.06842456513797711,0.8938583853263632,0.7188174909668072,1.61267587629317,11849260455653.613,2.9623151139134034e+18,125.11891587906891,0.42817199075422535,17807982.27747956,17743120.48983621,1.003655602050412,1266394395.0160358,1266379158.9749696,98821452.29773208,98818381.1737528,1.0000120311843086,1.0000310784688315,0.1772262906432235,90.61135205882869,2.632977237249561,6.578444413278532,6.578444413278532,0.0,5.944659934156345e+24,5.944659934156345e+24,0.0,9.03657393860029e+25,9.03657393860029e+25,1.0017126958836797,7.11467266875786e+16,0.004487383172747497,6.055267500082536e-06,1.2598034016960447e-08,1.2598034016960447e-08,0.0007733461707081931,0.0007733461707081931,2.4769106632054964e+19,8.896876666966012e-06,6527982.800675924,1.0999999999999999,22448337845806.17,0.0,2.256608754735919e-26,4.749351658430377e-23,1.7530294811523185e-09,2.246545605818582e-08,4.430661811103223e+25,1.6498742457249186e+25,8.442107945184655e+25,0.00825433820188386,0.06842456513797711,0.7188174909668072,0.008938583853263632,0.016126758762931702,2006761.5042827355,77220429.1782971,2.4265395925999392e-21,1.251189158790689e-07,3.6134912584348885e-14,0.05645433561903851,0.0,6.970855980789518e-19,9.468385261965149e-22,1.8926875481966224e-20,3.956100289530877e-16,1.3842827431568335e+19,22448337845806.17,0.0062888860210284225,7.205459744408795e-05,1.2144401071347641e-05,4.842831840944858e-06,1.2144401071347641e-05,4.842831840944858e-06,6.344003504173331e-31,7.791716354176804e+18,2.6313924992861136e+17,49.064109398378754,1.4883849072400094e-20,-2662526.6384556764,1.1271225080412153e+21,0.0,0.0,0.0,0.0,0.0,0.3333333333333333,0.3333333333333333,2.0,1.1129991980733449e-20,1.0648433877683903e-21,0.0,6.859556060982184e-19,,0.0,0.0,0.0,0.0,0.0,1.1129991980733449e-20,6.859556060982184e-19,0.0015275647505886161,1.8344676079283967e-18,3.9561002895308766e-22,5.512284972434272e-22,,,3.9561002895308766e-22,5.512284972434272e-22,,1.1907839400394421e-07,3.631660640848455,21801015414080.92,2.861722038658091e-06,6.919287540542985e-05,2.861722038658091e-06,6.919287540542985e-05,0.0062888860210284225,7.205459744408795e-05,False,False,1.0,1.4833124034696674,8.674659567595e-09,0.22629306203808824,0.666354476725575,1.0,1.1526733006062246,2.549438565435314e-07,0.08894246987921839,0.8669380965787942,0.20209741243109636,0.08811922765423852,0.00825433820188386,0.0006842456513797711,True,AP3.2,100.0,8.3,5.767844763153473e+19,$(U_{0.8}Pu_{0.2})N$,0.8254338201883861,0.1772262906432235,90.61135205882869,2.632977237249561,6.578444413278532,0.0,2.9623151139134034e+18,1.251189158790689e-07,ok,
29,TRIAL_029,AP3.2,1500.0,1.1,5.767844763153473e+19,0.00035988477833597926,643550.2336527312,22448337845806.17,19.989549388105466,2.6316245995956224,32685671817147.043,1.0,40,TRIAL_029_AP3p2,rizk2025_refit_plot,rizk2025_refit_full,22448337845806.17,1.5469201685439196e+23,8.181367503546852e+25,2.4114065857004031e+24,3.583360846854856e+23,1.4405150714833957e+19,1.7686257203364013,22.837357876270023,0.8303992778942431,0.07186939494855255,0.9022686728427957,0.7781376423212766,1.6804063151640722,11313072366665.145,2.828268091666286e+18,130.46853796716002,0.44450148852435956,17045937.77736246,17015596.515374396,1.001783144185433,1255224010.5099976,1255211871.2701664,97210863.19490701,97209143.54575014,1.0000096710683741,1.0000176901996474,0.1711843646778735,90.53616513443916,2.6684964922379812,6.624154008644979,6.624154008644979,0.0,5.985965747979585e+24,5.985965747979585e+24,0.0,9.03657393860029e+25,9.03657393860029e+25,1.0017990312033247,6.9356180550158824e+16,0.004399263850699928,5.973842611245549e-06,1.4084550971876856e-08,1.4084550971876856e-08,0.0008116148199061718,0.0008116148199061718,2.5307923423595717e+19,9.217408792445837e-06,6527982.800675924,1.0999999999999999,22448337845806.17,0.0,2.3173755404038953e-26,4.9891456445883466e-23,1.7686257203364014e-09,2.2837357876270022e-08,4.6203947812700005e+25,1.758450163483075e+25,8.437977363802331e+25,0.008303992778942431,0.07186939494855255,0.7781376423212766,0.009022686728427957,0.016804063151640722,2116477.4886856386,88017124.47819582,2.751286713639772e-21,1.3046853796716002e-07,3.929096129837533e-14,0.05050703283555219,0.0,7.283547683483441e-19,2.5448943822908676e-21,5.0871291942315455e-20,1.7607759639859707e-15,1.3842827431568335e+19,22448337845806.17,0.0064883138132859515,7.530013633250628e-05,1.2111923360317637e-05,4.823527080429818e-06,1.2111923360317637e-05,4.823527080429818e-06,7.1003136664915655e-31,8.125000985042209e+18,3.0107580213308077e+17,77.13663357988973,2.2275466986707075e-20,-3583708.1422973657,1.135064875226993e+21,0.0,0.0,0.0,0.0,0.0,0.3333333333333333,0.3333333333333333,2.0,4.239916225012569e-20,4.369022003359254e-22,0.0,6.859556060982184e-19,,0.0,0.0,0.0,0.0,0.0,4.239916225012569e-20,6.859556060982184e-19,0.0005998480676204922,1.9167563256182734e-18,1.7607759639859707e-21,7.84118418304897e-22,,,1.7607759639859707e-21,7.84118418304897e-22,,1.1907839400394421e-07,3.631660640848455,21790390387757.605,3.0387107337014306e-06,7.226142559880485e-05,3.0387107337014306e-06,7.226142559880485e-05,0.0064883138132859515,7.530013633250628e-05,False,False,1.0,1.4840145335977841,8.734357554316362e-09,0.22653199889817566,0.6660144442363439,1.0,1.1555175648154952,2.549555797698458e-07,0.09039703366228116,0.8647737947776917,0.2025018464817043,0.08957386823166197,0.008303992778942431,0.0007186939494855254,True,AP3.2,100.0,8.3,5.767844763153473e+19,$(U_{0.8}Pu_{0.2})N$,0.8303992778942431,0.1711843646778735,90.53616513443916,2.6684964922379812,6.624154008644979,0.0,2.828268091666286e+18,1.3046853796716002e-07,ok,
29,TRIAL_029,AP3.2,1550.0,1.1,5.767844763153473e+19,0.00035988477833597926,643550.2336527312,22448337845806.17,19.989549388105466,2.6316245995956224,32685671817147.043,1.0,40,TRIAL_029_AP3p2,rizk2025_refit_plot,rizk2025_refit_full,22448337845806.17,1.3932564604120478e+23,8.15954087941587e+25,2.5044649762475747e+24,3.3739091694884006e+23,1.4401650584609782e+19,1.8083953559918968,23.464556688449463,0.8357995733793345,0.07793596906190134,0.9137355424412359,0.8681596881491697,1.7818952305904059,10581171102434.41,2.6452927756086026e+18,138.36804413918594,0.46761281495893603,16065540.320340257,16044166.944839356,1.0013321586327533,1227617974.2718494,1227607664.7975795,94611784.4351729,94610779.54619128,1.000008398020447,1.0000106212948086,0.15417972230168625,90.29462863754019,2.7714762179387438,6.779715422219393,6.779715422219393,0.0,6.126539969555423e+24,6.126539969555423e+24,0.0,9.03657393860029e+25,9.03657393860029e+25,1.001951102233958,6.443197694091782e+16,0.004152176885735917,5.7504704318538095e-06,1.545373216004053e-08,1.545373216004053e-08,0.0008795807226920489,0.0008795807226920489,2.523132504276793e+19,9.697572404692872e-06,6527982.800675924,1.0999999999999999,22448337845806.17,0.0,2.4772438479903424e-26,5.41159977490268e-23,1.8083953559918968e-09,2.3464556688449463e-08,4.868748535733785e+25,1.9390302725800014e+25,8.423919941644747e+25,0.008357995733793346,0.07793596906190134,0.8681596881491697,0.00913735542441236,0.017818952305904058,2316015.8399275444,105599302.41763344,3.281903977337375e-21,1.3836804413918595e-07,4.419291687395097e-14,0.04300470075302798,0.0,8.341202920002465e-19,8.20455958647652e-21,1.6400544906152655e-19,7.11715258415843e-15,1.3842827431568335e+19,22448337845806.17,0.007136786330035305,8.626041861325432e-05,1.2029893896007605e-05,4.792267826645153e-06,1.2029893896007605e-05,4.792267826645153e-06,7.795976058648016e-31,8.540448252491038e+18,3.370964303291361e+17,120.83576654135014,3.273590994849474e-20,-4521296.241791848,1.1623776429288844e+21,0.0,0.0,0.0,0.0,0.0,0.3333333333333333,0.3333333333333333,2.0,1.4816468590202815e-19,1.6851976248218294e-22,0.0,6.859556060982184e-19,,0.0,0.0,0.0,0.0,0.0,1.4816468590202815e-19,6.859556060982184e-19,0.00020203292510492376,2.1950914794497323e-18,7.11715258415843e-21,1.0874070023180895e-21,,,7.11715258415843e-21,1.0874070023180895e-21,,1.1907839400394421e-07,3.631660640848455,21772485004833.89,3.5737998208280223e-06,8.26866187924263e-05,3.5737998208280223e-06,8.26866187924263e-05,0.007136786330035305,8.626041861325432e-05,False,False,1.0,1.483897237962027,8.911486384494785e-09,0.22649209503031406,0.6660712289741626,1.0,1.160340770202609,2.5497623221793455e-07,0.09284952363822951,0.86112594399459,0.2029398718098198,0.0920264452417964,0.008357995733793346,0.0007793596906190133,True,AP3.2,100.0,8.3,5.767844763153473e+19,$(U_{0.8}Pu_{0.2})N$,0.8357995733793345,0.15417972230168625,90.29462863754019,2.7714762179387438,6.779715422219393,0.0,2.6452927756086026e+18,1.3836804413918595e-07,ok,
29,TRIAL_029,AP3.2,1600.0,1.1,5.767844763153473e+19,0.00035988477833597926,643550.2336527312,22448337845806.17,19.989549388105466,2.6316245995956224,32685671817147.043,1.0,40,TRIAL_029_AP3p2,rizk2025_refit_plot,rizk2025_refit_full,22448337845806.17,1.0790141895229634e+23,8.101762208240358e+25,2.7430030677046346e+24,2.909710670097364e+23,1.4394291805316411e+19,1.9046962189988141,24.684733735026505,0.8422006552614344,0.09069101300223652,0.9328916682636709,1.0166269628887359,1.9495186311524069,9433232120475.79,2.3583080301189473e+18,151.5354385175977,0.5,14652854.488542553,14650038.444585972,1.0001922209260565,1165548857.5185966,1165540193.6834435,89934772.78264895,89934127.8634058,1.0000074333216478,1.000007171017927,0.11940522999694464,89.65524172422444,3.035445829738332,7.189907216040295,7.06408528901983,0.12582192702046657,6.49721281694239e+24,6.383512902280628e+24,1.136999146617616e+23,9.03657393860029e+25,9.025203947134113e+25,1.0022709467444582,5.3965448112177016e+16,0.003604464756001219,5.247703284920928e-06,1.6089890629215876e-08,1.6089890629215876e-08,0.001023445949161842,0.001023445949161842,2.388144349318243e+19,1.0513201787899294e-05,6527982.800675924,1.0999999999999999,22448337845806.17,0.0,2.8944481109981045e-26,6.300484541291608e-23,1.9046962189988145e-09,2.4684733735026505e-08,5.255961242618309e+25,2.306225641146773e+25,8.38685265690605e+25,0.008422006552614344,0.09069101300223652,1.0166269628887359,0.009328916682636709,0.019495186311524068,2706818.9654422114,139681895.15745318,4.3108319604774436e-21,1.515354385175977e-07,5.3004102264662734e-14,0.03407359027997264,1.0,1.1647735522501893e-18,2.783708154963653e-20,5.564507164571789e-19,2.6363059898109156e-14,1.3842827431568335e+19,22448337845806.17,0.009004777447926236,0.00012052494582854953,1.1835963371465108e-05,4.735729711079657e-06,1.1835963371465108e-05,4.735729711079657e-06,8.115517712725298e-31,9.160620767497208e+18,3.570955294076373e+17,54.74707095028901,1.3419903527918615e-20,-2389078.9886652287,1.2351683921792068e+21,1.912235129144481e+21,0.0,0.0,0.0,0.0,0.3333333333333333,0.3333333333333333,2.0,4.788179461519709e-19,6.213051142733445e-23,0.0,6.859556060982184e-19,,0.0,0.0,0.0,0.0,0.0,4.788179461519709e-19,6.859556060982184e-19,5.3341279347652143e-05,3.0652467330599755e-18,2.6363059898109155e-20,1.4740216515273757e-21,,,2.6363059898109155e-20,1.4740216515273757e-21,,1.1907839400394421e-07,3.631660640848455,21737702942892.82,5.245017731523912e-06,0.00011527992809702562,5.245017731523912e-06,0.00011527992809702562,0.009004777447926236,0.00012052494582854953,False,False,1.0,1.4820831386161795,9.362208594554973e-09,0.22587431815539025,0.666950487131898,1.0,1.1698194710576426,2.550196750452063e-07,0.09761837663748595,0.8540375547583711,0.20345663545336198,0.09679540715772156,0.008422006552614344,0.0009069101300223652,True,AP3.2,100.0,8.3,5.767844763153473e+19,$(U_{0.8}Pu_{0.2})N$,0.8422006552614344,0.11940522999694464,89.65524172422444,3.035445829738332,7.06408528901983,0.12582192702046657,2.3583080301189473e+18,1.515354385175977e-07,ok,
29,TRIAL_029,AP3.2,1650.0,1.1,5.767844763153473e+19,0.00035988477833597926,643550.2336527312,22448337845806.17,19.989549388105466,2.6316245995956224,32685671817147.043,1.0,40,TRIAL_029_AP3p2,rizk2025_refit_plot,rizk2025_refit_full,22448337845806.17,6.817225017592218e+22,7.983264358913164e+25,3.229049504942139e+24,2.2135545304777217e+23,1.4379489625261564e+19,2.092916011486242,26.8318015128996,0.8500299657554465,0.11635406990209105,0.9663840356575375,1.0937000993642876,2.060084135021825,8150556562585.044,2.037639140646261e+18,163.02373457907805,0.5,13620323.085441561,13617649.023511622,1.000196367370412,1060727742.550276,1060721016.9047884,82738043.27374819,82737642.45508143,1.0000063406356436,1.0000048444535627,0.07544037224630029,88.34392783322618,3.573311663117204,8.007320131410324,6.886302282864365,1.121017848545957,7.235874041753197e+24,6.222857974265581e+24,1.0130160674876161e+24,9.03657393860029e+25,8.935272331851529e+25,1.002914921002564,3.934110437919112e+16,0.0027804960748016223,4.453205770711181e-06,1.5661495259373704e-08,1.5661495259373704e-08,0.0013144780005600615,0.0013144780005600615,2.1164006899460825e+19,1.1899873921864788e-05,6527982.800675924,1.0999999999999999,22448337845806.17,0.0,3.8401130582131896e-26,8.091668962831813e-23,2.092916011486242e-09,2.68318015128996e-08,5.868724054032237e+25,3.0432425250129745e+25,8.31298653442497e+25,0.008500299657554465,0.11635406990209105,1.0937000993642876,0.009663840356575375,0.020600841350218252,3053954.8687172984,174840609.45561838,5.367486703349288e-21,1.6302373457907805e-07,6.134550397395429e-14,0.03407359027997264,1.0,2.1271476252081635e-18,9.216017886357202e-20,1.8422404470100062e-18,9.020265555838444e-14,1.3842827431568335e+19,22448337845806.17,0.013623806054908537,0.00022033108658920444,1.147602997000214e-05,4.64803102358513e-06,1.147602997000214e-05,4.64803102358513e-06,7.887129497091365e-31,1.013544975361569e+19,3.5402090920145254e+17,80.38933740014096,1.82675720120049e-20,-2427942.2222132417,1.3829048883559562e+21,2.1925652924391836e+21,0.0,0.0,0.0,0.0,0.3333333333333333,0.3333333333333333,2.0,1.441192019109945e-18,2.2189009104417195e-23,0.0,6.859556060982184e-19,,0.0,0.0,0.0,0.0,0.0,1.441192019109945e-18,6.859556060982184e-19,1.043134422898635e-05,5.5978540174692125e-18,9.020265555838444e-20,1.957523305187582e-21,,,9.020265555838444e-20,1.957523305187582e-21,,1.1907839400394421e-07,3.631660640848455,21676685590076.598,1.0394053094695589e-05,0.00020993703349450884,1.0394053094695589e-05,0.00020993703349450884,0.013623806054908537,0.00022033108658920444,False,False,1.0,1.4782016292238602,1.0255701141188358e-08,0.2245485628947308,0.6688382558876897,1.0,1.186806807241206,2.5510715052848037e-07,0.10600132860655789,0.8415935374827788,0.20408515330059943,0.10517855330986534,0.008500299657554465,0.0011635406990209104,True,AP3.2,100.0,8.3,5.767844763153473e+19,$(U_{0.8}Pu_{0.2})N$,0.8500299657554465,0.07544037224630029,88.34392783322618,3.573311663117204,6.886302282864365,1.121017848545957,2.037639140646261e+18,1.6302373457907805e-07,ok,
29,TRIAL_029,AP3.2,1700.0,1.1,5.767844763153473e+19,0.00035988477833597926,643550.2336527312,22448337845806.17,19.989549388105466,2.6316245995956224,32685671817147.043,1.0,40,TRIAL_029_AP3p2,rizk2025_refit_plot,rizk2025_refit_full,22448337845806.17,3.6988776098292635e+22,7.795155794396743e+25,4.0113720759977575e+24,1.5147210709947776e+23,1.4353769783246821e+19,2.383376658093086,29.915469810204524,0.8590121790291099,0.16096893424450892,1.0199811132736187,1.219208206984929,2.2391893202585478,6558854760170.568,1.639713690042642e+18,181.73160562724073,0.5,12218571.564857533,12215816.793879867,1.0002255085373453,931456532.974074,931451599.3356242,74209317.12246118,74209096.96837626,1.0000052967201445,1.000002966672469,0.04093230061483011,86.26229196332085,4.439040839208908,9.257734896855416,6.726018833734709,2.5317160631207076,8.365820589939409e+24,6.078016650346178e+24,2.2878039395932315e+24,9.03657393860029e+25,8.807793544640966e+25,1.0040358824634439,2.5871492367944004e+16,0.0019469647119491154,3.578291229601406e-06,1.3906081352299225e-08,1.3906081352299225e-08,0.0018235910463609518,0.0018235910463609518,1.8087886720014598e+19,1.4144791505033641e-05,6527982.800675924,1.0999999999999999,22448337845806.17,0.0,5.671091499803079e-26,1.1214401281006039e-22,2.383376658093086e-09,2.9915469810204525e-08,6.723482672507035e+25,4.3427676630995325e+25,8.199991879606349e+25,0.008590121790291099,0.16096893424450892,1.219208206984929,0.010199811132736188,0.02239189320258548,3706754.8360763607,243728047.60940078,7.435494467044565e-21,1.8173160562724073e-07,7.6232820863226e-14,0.03407359027997264,1.0,4.751541991998671e-18,2.8964180859428994e-19,5.789809237755749e-18,2.8708990269161864e-13,1.3842827431568335e+19,22448337845806.17,0.023451133549806085,0.0004928833544154568,1.0968336589419836e-05,4.542994416625918e-06,1.0968336589419836e-05,4.542994416625918e-06,6.981480662616613e-31,1.1537367188585535e+19,3.211473593164477e+17,135.1754523245493,2.747877679552113e-20,-2365204.0894134194,1.6151158082569262e+21,2.592471894221893e+21,0.0,0.0,0.0,0.0,0.3333333333333333,0.3333333333333333,2.0,4.065586385900453e-18,7.758935285868006e-24,0.0,6.859556060982184e-19,,0.0,0.0,0.0,0.0,0.0,4.065586385900453e-18,6.859556060982184e-19,1.6329299623014206e-06,1.2504274792155288e-17,2.8708990269161863e-19,2.5519059026713273e-21,,,2.8708990269161863e-19,2.5519059026713273e-21,,1.1907839400394421e-07,3.631660640848455,21589540414491.695,2.581922399511684e-05,0.00046706413042034,2.581922399511684e-05,0.00046706413042034,0.023451133549806085,0.0004928833544154568,False,False,1.0,1.4732004292739114,1.1638182525466767e-08,0.2228324019608846,0.6712836882277933,1.0,1.211900573967222,2.552594316223792e-07,0.11801873480852772,0.8237938051445485,0.2048014877075455,0.11719633294401285,0.008590121790291099,0.0016096893424450893,True,AP3.2,100.0,8.3,5.767844763153473e+19,$(U_{0.8}Pu_{0.2})N$,0.8590121790291099,0.04093230061483011,86.26229196332085,4.439040839208908,6.726018833734709,2.5317160631207076,1.639713690042642e+18,1.8173160562724073e-07,ok,
29,TRIAL_029,AP3.2,1750.0,1.1,5.767844763153473e+19,0.00035988477833597926,643550.2336527312,22448337845806.17,19.989549388105466,2.6316245995956224,32685671817147.043,1.0,40,TRIAL_029_AP3p2,rizk2025_refit_plot,rizk2025_refit_full,22448337845806.17,1.8886441562254267e+22,7.545747087091297e+25,5.081566881249328e+24,9.79991451566163e+22,1.4314236683282e+19,2.765822685133755,33.706085524789536,0.8685281515435666,0.22960522057301455,1.0981333721165811,1.400456201348656,2.4985895734652366,4971010801115.149,1.2427527002787873e+18,208.74790099314322,0.5,10637716.745611042,10634837.4735175,1.000270739642304,802658160.5872654,802654491.1691043,65863580.97658196,65863477.33459809,1.0000045716035995,1.0000015735880956,0.020900002247068054,83.50230007922767,5.623333484323188,10.853466434202089,6.577133778810309,4.276332655391781,9.807815192278361e+24,5.943475569628488e+24,3.8643396226498736e+24,9.03657393860029e+25,8.650139976335305e+25,1.0057639157083695,1.6317979279729776e+16,0.0013004361877082757,2.816904480894068e-06,1.0749513062588863e-08,1.0749513062588863e-08,0.002612973243051017,0.002612973243051017,1.5565264737088078e+19,1.710016874003354e-05,6527982.800675924,1.0999999999999999,22448337845806.17,0.0,8.862609466190113e-26,1.6040339813660966e-22,2.7658226851337552e-09,3.370608552478954e-08,7.774864522153886e+25,6.380776273495012e+25,8.055792419372455e+25,0.008685281515435666,0.22960522057301455,1.400456201348656,0.01098133372116581,0.024985895734652368,4782508.674730849,371816411.72533226,1.1268985382485919e-20,2.087479009931432e-07,1.0058316507536752e-13,0.03407359027997264,1.0,1.1495000451183415e-17,8.585058024105227e-19,1.7161144137260257e-17,8.552344067970446e-13,1.3842827431568335e+19,22448337845806.17,0.042118001957092505,0.0011945007313623902,1.0380284875436606e-05,4.4390362357052545e-06,1.0380284875436606e-05,4.4390362357052545e-06,5.372992826765282e-31,1.335185508075617e+19,2.5565907091782554e+17,252.0611057692468,4.448497955053775e-20,-2199682.7607855606,1.921712920714866e+21,3.1107663351080655e+21,0.0,0.0,0.0,0.0,0.3333333333333333,0.3333333333333333,2.0,1.0809044845085196e-17,2.6793973973199525e-24,0.0,6.859556060982184e-19,,0.0,0.0,0.0,0.0,0.0,1.0809044845085196e-17,6.859556060982184e-19,2.3309241341039768e-07,3.0250525959697057e-17,8.552344067970446e-19,3.2713956134781503e-21,,,8.552344067970446e-19,3.2713956134781503e-21,,1.1907839400394421e-07,3.631660640848455,21483385337987.816,7.012812171861375e-05,0.0011243726096437764,7.012812171861375e-05,0.0011243726096437764,0.042118001957092505,0.0011945007313623902,False,False,1.0,1.4683166913921213,1.3456204188286086e-08,0.22114781373057998,0.6736860462042776,1.0,1.2438894268519596,2.5549420863405836e-07,0.13274680597861488,0.8020494041897844,0.20555496279625188,0.1319250455570194,0.008685281515435666,0.0022960522057301454,True,AP3.2,100.0,8.3,5.767844763153473e+19,$(U_{0.8}Pu_{0.2})N$,0.8685281515435666,0.020900002247068054,83.50230007922767,5.623333484323188,6.577133778810309,4.276332655391781,1.2427527002787873e+18,2.0874790099314324e-07,ok,
29,TRIAL_029,AP3.2,1800.0,1.1,5.767844763153473e+19,0.00035988477833597926,643550.2336527312,22448337845806.17,19.989549388105466,2.6316245995956224,32685671817147.043,1.0,40,TRIAL_029_AP3p2,rizk2025_refit_plot,rizk2025_refit_full,22448337845806.17,9.602299837745243e+21,7.2467363173538e+25,6.420874046037762e+24,6.21454171448828e+22,1.4257800990488592e+19,3.231071107424918,38.00013785203561,0.8780864272856962,0.32771526714140853,1.2058016944271048,1.648732235435292,2.854533929862397,3586604676376.669,8.966511690941673e+17,245.7551997095024,0.5,9036347.168250099,9033379.568872502,1.0003285148548193,687081560.7573574,687078657.8786513,58420876.89812675,58420840.69916284,1.0000042249583403,1.0000006196241527,0.010626040248205595,80.19340478584381,7.105429656930707,12.690539516977282,6.435228590358235,6.255310926619047,1.1467899866589402e+25,5.81524189685667e+24,5.652657969732731e+24,9.03657393860029e+25,8.471308141627018e+25,1.0082414449093178,1.0239606837703616e+16,0.0008583084001934338,2.220543049565223e-06,6.104281917743905e-09,6.104281917743905e-09,0.003751574512331492,0.003751574512331492,1.3775115516490598e+19,2.0544759069222038e-05,6527982.800675924,1.0999999999999999,22448337845806.17,0.0,1.4129544343367562e-25,2.2984979756697966e-22,3.231071107424918e-09,3.8000137852035607e-08,8.972011735975066e+25,9.349357069159385e+25,7.889783951941351e+25,0.008780864272856962,0.32771526714140853,1.648732235435292,0.012058016944271048,0.02854533929862397,6485511.9775636485,610530022.8778076,1.8387666154508078e-20,2.457551997095024e-07,1.394076139177736e-13,0.03407359027997264,1.0,2.790413000779694e-17,2.4019434300062056e-18,4.8013766821544495e-17,2.3978131732901632e-12,1.3842827431568335e+19,22448337845806.17,0.07497199301416928,0.002905376082745289,9.770060759968684e-06,4.345333974291258e-06,9.770060759968684e-06,4.345333974291258e-06,3.0344978865038532e-31,1.5543737177857778e+19,1.5550781864349498e+17,505.28391681345977,7.554998076151566e-20,-1944956.2981507427,2.2889515023128813e+21,3.72997298109976e+21,0.0,0.0,0.0,0.0,0.3333333333333333,0.3333333333333333,2.0,2.721817440169872e-17,9.201272251725335e-25,0.0,6.859556060982184e-19,,0.0,0.0,0.0,0.0,0.0,2.721817440169872e-17,6.859556060982184e-19,3.297458924236063e-08,7.343319495883281e-17,2.397813173290163e-18,4.130256716042414e-21,,,2.397813173290163e-18,4.130256716042414e-21,,1.1907839400394421e-07,3.631660640848455,21364741594622.3,0.00019103339001242634,0.0027143426927328626,0.00019103339001242634,0.0027143426927328626,0.07497199301416928,0.002905376082745289,False,False,1.0,1.4641408727214753,1.566249239338231e-08,0.21970050785068823,0.6757515246800267,1.0,1.281673315258575,2.558308680305695e-07,0.1493569478067495,0.777630468186525,0.20630626728834256,0.14853617111628054,0.008780864272856962,0.003277152671414085,True,AP3.2,100.0,8.3,5.767844763153473e+19,$(U_{0.8}Pu_{0.2})N$,0.8780864272856962,0.010626040248205595,80.19340478584381,7.105429656930707,6.435228590358235,6.255310926619047,8.966511690941673e+17,2.4575519970950243e-07,ok,
29,TRIAL_029,AP3.4,900.0,1.3,7.498198192099515e+19,0.00035988477833597926,643550.2336527312,22448337845806.17,19.989549388105466,2.6316245995956224,32685671817147.043,1.0,40,TRIAL_029_AP3p4,rizk2025_refit_plot,rizk2025_refit_full,22448337845806.17,1.6589650343728026e+23,9.717470608850973e+25,2.3378622817334773e+24,4.371765682592518e+23,1.442054972046302e+19,1.7119859484946132,19.55891124792386,0.9188530754961945,0.04519646348060708,0.9640495389768017,0.06051081844489353,1.0245603574216953,26028325808047.65,6.507081452011911e+18,42.18351580729293,0.10690864969219675,688654560284.5498,52627192.340762496,13085.527265553003,1300207270.8085659,1296739615.1540234,114710068.04762886,113503250.35273367,1.0026741341237813,1.0106324505346302,0.1553398062149588,90.99106792501877,2.189094201970563,6.664498066795731,6.664498066795731,0.0,7.11740894613951e+24,7.11740894613951e+24,0.0,1.0679587381981997e+26,1.0679587381981999e+26,1.0011308043630582,9.765261975782675e+16,0.004519366377558661,6.168406180301986e-06,1.2682358790031457e-08,1.2682358790031457e-08,0.0005189112064863538,0.0005189112064863538,2.547482189922469e+19,6.952313069139589e-06,5934529.818796294,1.2999999999999998,22448337845806.17,0.0,2.1017893963413472e-26,3.134170635428169e-23,1.7119859484946133e-09,1.9558911247923862e-08,3.178822783794672e+25,8.668482135794864e+24,9.967846487368048e+25,0.009188530754961946,0.04519646348060708,0.06051081844489353,0.009640495389768017,0.010245603574216952,1093794.3529105345,675.5537681553063,9.299225603851066e-23,4.218351580729293e-08,4.107396322015528e-15,0.47194156002705634,0.0,8.917422879279335e-19,5.811156342883063e-25,1.1616239671806333e-23,5.119872410101689e-28,1.7995675661038836e+19,22448337845806.17,0.009413208443814151,9.204700635700399e-05,1.589992700232012e-05,6.522218792276154e-06,1.589992700232012e-05,6.522218792276154e-06,4.290953076148664e-31,5.716804141923997e+18,1.4711115711594246e+17,0.00015106531656746135,5.532437467270421e-22,-656175.8188053459,2.177028621926312e+21,0.0,0.0,0.0,0.0,0.0,0.3333333333333333,0.3333333333333333,2.0,2.4966082885114063e-31,1.092543251978497e-24,0.0,8.91742287927684e-19,,0.0,0.0,0.0,0.0,0.0,2.4966082885114063e-31,8.91742287927684e-19,1.2251782457431146e-06,2.3467309414108325e-18,5.119872410101689e-34,5.811156337763191e-25,,,5.119872410101689e-34,5.811156337763191e-25,,1.1907839400394421e-07,3.631660640848455,21884241827093.266,3.194555057937494e-06,8.88524512990665e-05,3.194555057937494e-06,8.88524512990665e-05,0.009413208443814151,9.204700635700399e-05,False,False,1.0,1.509595329847371,8.174404342342263e-09,0.23511984727273672,0.6538190995032984,1.0,1.130841115552532,2.548647963586399e-07,0.07756565506840582,0.8838848515972705,0.20945080045292377,0.07674230120407426,0.009188530754961946,0.00045196463480607084,True,AP3.4,130.0,8.3,7.498198192099515e+19,$(U_{0.8}Pu_{0.2})N$,0.9188530754961945,0.1553398062149588,90.99106792501877,2.189094201970563,6.664498066795731,0.0,6.507081452011911e+18,4.218351580729293e-08,ok,
29,TRIAL_029,AP3.4,950.0,1.3,7.498198192099515e+19,0.00035988477833597926,643550.2336527312,22448337845806.17,19.989549388105466,2.6316245995956224,32685671817147.043,1.0,40,TRIAL_029_AP3p4,rizk2025_refit_plot,rizk2025_refit_full,22448337845806.17,1.656862328378827e+23,9.717459613972262e+25,2.3447756710685756e+24,4.3636950119751346e+23,1.4419316676515478e+19,1.7164964941421592,19.86206405617205,0.9244251676524157,0.0473267218743981,0.9717518895268137,0.0605276623252398,1.0322795518520536,26027228852109.47,6.506807213027367e+18,42.18802220813757,0.10692698609371412,108793380142.11101,52621570.85837004,2067.4673592494287,1294741809.413595,1293332091.0215278,112258436.70179825,111770860.95994867,1.0010899894944645,1.0043622795571405,0.15514291602447045,90.99096497273871,2.1955676630583594,6.658324448178477,6.658324448178477,0.0,7.110815776190909e+24,7.110815776190909e+24,0.0,1.0679587381981997e+26,1.0679587381981999e+26,1.001184148688357,9.740526094355214e+16,0.004510990545443857,6.149692457507909e-06,1.3087952002702021e-08,1.3087952002702021e-08,0.0005403411558606648,0.0005403411558606648,2.2845360332965315e+19,7.650261284572815e-06,5934529.818796294,1.2999999999999998,22448337845806.17,0.0,2.1184458701067516e-26,3.28217508056248e-23,1.7164964941421593e-09,1.986206405617205e-08,3.3695844051026724e+25,9.377543271239045e+24,9.968505804362908e+25,0.009244251676524156,0.0473267218743981,0.0605276623252398,0.009717518895268137,0.010322795518520535,1092827.179811667,4509.784453443259,9.302206188629125e-23,4.218802220813757e-08,4.108273942696279e-15,0.47187316620422537,0.0,8.917422879351825e-19,1.625942817432566e-24,3.250186425130363e-23,2.2845010932250072e-26,1.7995675661038836e+19,22448337845806.17,0.009417879902770078,9.206041758916679e-05,1.588752256520146e-05,6.495725467516887e-06,1.588752256520146e-05,6.495725467516887e-06,4.4372263370018345e-31,6.092778200470914e+18,1.5461003632218467e+17,0.001008562739089638,5.534196798519775e-22,-656315.1683451021,2.1748719883830637e+21,0.0,0.0,0.0,0.0,0.0,0.3333333333333333,0.3333333333333333,2.0,7.498646671560408e-30,4.074114265943587e-23,0.0,8.91742287927684e-19,,0.0,0.0,0.0,0.0,0.0,7.498646671560408e-30,8.91742287927684e-19,4.568712643848196e-05,2.346730941429909e-18,2.284501093225007e-32,1.6259427945875551e-24,,,2.284501093225007e-32,1.6259427945875551e-24,,1.1907839400394421e-07,3.631660640848455,21875547559846.77,3.243265979593942e-06,8.881715160957285e-05,3.243265979593942e-06,8.881715160957285e-05,0.009417879902770078,9.206041758916679e-05,False,False,1.0,1.510823456944347,8.17944093525301e-09,0.2355264968090972,0.6532429037513586,1.0,1.1330854637919245,2.548720608076573e-07,0.07875287379826235,0.8821149025600789,0.20987333008343098,0.07792954512072366,0.009244251676524156,0.00047326721874398097,True,AP3.4,130.0,8.3,7.498198192099515e+19,$(U_{0.8}Pu_{0.2})N$,0.9244251676524157,0.15514291602447045,90.99096497273871,2.1955676630583594,6.658324448178477,0.0,6.506807213027367e+18,4.218802220813757e-08,ok,
29,TRIAL_029,AP3.4,1000.0,1.3,7.498198192099515e+19,0.00035988477833597926,643550.2336527312,22448337845806.17,19.989549388105466,2.6316245995956224,32685671817147.043,1.0,40,TRIAL_029_AP3p4,rizk2025_refit_plot,rizk2025_refit_full,22448337845806.17,1.6547892514763713e+23,9.717506747005387e+25,2.3508799948998626e+24,4.355827682951084e+23,1.4418132922739925e+19,1.7209379378565073,20.145220647387525,0.9299399942402833,0.04937575163624176,0.979315745876525,0.060860997306108514,1.0401767431826334,26006346867215.33,6.501586716803832e+18,42.276635134784215,0.107290493144737,20728802684.556087,52511274.67742666,394.74956210626715,1290641469.3077328,1289994224.1758547,110424594.76642548,110199835.42785838,1.0005017426588028,1.0020395614720699,0.15494880020067434,90.99140631032452,2.201283542907412,6.652361346567413,6.652361346567413,0.0,7.104447429718611e+24,7.104447429718611e+24,0.0,1.0679587381981997e+26,1.0679587381981999e+26,1.0012354623810447,9.716169242207272e+16,0.004502798965481138,6.1332200712043955e-06,1.367795429236536e-08,1.367795429236536e-08,0.0005614736401791064,0.0005614736401791064,2.225317685587771e+19,8.27036314387529e-06,5934529.818796294,1.2999999999999998,22448337845806.17,0.0,2.1349329264794207e-26,3.4245593310051635e-23,1.7209379378565074e-09,2.0145220647387526e-08,3.558216734356563e+25,1.0061154273863927e+25,9.969142639010138e+25,0.009299399942402833,0.04937575163624176,0.060860997306108514,0.00979315745876525,0.010401767431826334,1092725.1668206842,24912.6479105384,9.360945251842718e-23,4.227663513478421e-08,4.125550339405486e-15,0.470520297651019,0.0,8.917422880879538e-19,4.0377712245259814e-24,8.07132273105332e-23,6.972208708889678e-25,1.7995675661038836e+19,22448337845806.17,0.009422572316881378,9.207293996383116e-05,1.5875326619092757e-05,6.471646904399626e-06,1.5875326619092757e-05,6.471646904399626e-06,4.645755477343853e-31,6.481865673101569e+18,1.650536993008964e+17,0.005576122972846393,5.563717262796521e-22,-658478.8373425718,2.172745891163937e+21,0.0,0.0,0.0,0.0,0.0,0.3333333333333333,0.3333333333333333,2.0,1.6026995865756309e-28,5.104196168274582e-22,0.0,8.91742287927684e-19,,0.0,0.0,0.0,0.0,0.0,1.6026995865756309e-28,8.91742287927684e-19,0.0005723846717215622,2.346730941831946e-18,6.972208708889678e-31,4.0377705273051104e-24,,,6.972208708889678e-31,4.0377705273051104e-24,,1.1907839400394421e-07,3.631660640848455,21867429483689.582,3.2887486294753855e-06,8.878419133435577e-05,3.2887486294753855e-06,8.878419133435577e-05,0.009422572316881378,9.207293996383116e-05,False,False,1.0,1.5120360688566492,8.184362573186079e-09,0.23592750978896943,0.6526748090543751,1.0,1.1351886057677711,2.548790355863369e-07,0.07986165271346238,0.8804621950913283,0.2102898487551205,0.07903835750725154,0.009299399942402833,0.0004937575163624176,True,AP3.4,130.0,8.3,7.498198192099515e+19,$(U_{0.8}Pu_{0.2})N$,0.9299399942402833,0.15494880020067434,90.99140631032452,2.201283542907412,6.652361346567413,0.0,6.501586716803832e+18,4.227663513478422e-08,ok,
29,TRIAL_029,AP3.4,1050.0,1.3,7.498198192099515e+19,0.00035988477833597926,643550.2336527312,22448337845806.17,19.989549388105466,2.6316245995956224,32685671817147.043,1.0,40,TRIAL_029_AP3p4,rizk2025_refit_plot,rizk2025_refit_full,22448337845806.17,1.6527296398499495e+23,9.717585241185301e+25,2.3565707538942665e+24,4.348042762218978e+23,1.4416951776094771e+19,1.7253601425661806,20.42029375738077,0.9354524129641802,0.05142188717849836,0.9868743001426785,0.0625523270769827,1.0494266272196613,25902304270300.688,6.475576067575172e+18,42.72173344189037,0.10912322577600492,4639741631.4816265,51964183.59333709,89.2872996483782,1287018387.0533142,1286687889.2299707,108829696.87654296,108715380.21815172,1.0002568593565775,1.0010515224079781,0.15475594521922661,90.99214130295209,2.206612174801941,6.646490577026721,6.646490577026721,0.0,7.09817769008768e+24,7.09817769008768e+24,0.0,1.0679587381981997e+26,1.0679587381981995e+26,1.0012867072858753,9.692000733051917e+16,0.004494678610205657,6.117907633089298e-06,1.430711202726487e-08,1.430711202726487e-08,0.0005831252714409067,0.0005831252714409067,2.2473842207235863e+19,8.77319327749357e-06,5934529.818796294,1.2999999999999998,22448337845806.17,0.0,2.1514333324697613e-26,3.5667655671681376e-23,1.7253601425661807e-09,2.042029375738077e-08,3.7466753984091087e+25,1.0744977869259094e+25,9.969769612973227e+25,0.009354524129641802,0.05142188717849836,0.0625523270769827,0.009868743001426785,0.010494266272196613,1096146.1368093612,117232.25578358184,9.659731647690441e-23,4.272173344189037e-08,4.212877149355568e-15,0.46378501797190175,0.0,8.917422904866655e-19,9.072820167908718e-24,1.8136158683581064e-22,1.5366002896313798e-23,1.7995675661038836e+19,22448337845806.17,0.009427271354720358,9.208510104630558e-05,1.5863201619763352e-05,6.448848628524359e-06,1.5863201619763352e-05,6.448848628524359e-06,4.867826602378035e-31,6.877828109220555e+18,1.7615676958795536e+17,0.026346506880453625,5.712928688658644e-22,-669310.3228297473,2.1706336510383153e+21,0.0,0.0,0.0,0.0,0.0,0.3333333333333333,0.3333333333333333,2.0,2.558981501392922e-27,2.7724222720096643e-21,0.0,8.91742287927684e-19,,0.0,0.0,0.0,0.0,0.0,2.558981501392922e-27,8.91742287927684e-19,0.003108994943479269,2.3467309481444544e-18,1.5366002896313797e-29,9.072804801905822e-24,,,1.5366002896313797e-29,9.072804801905822e-24,,1.1907839400394421e-07,3.631660640848455,21859545730591.867,3.332918386011948e-06,8.875218266029364e-05,3.332918386011948e-06,8.875218266029364e-05,0.009427271354720358,9.208510104630558e-05,False,False,1.0,1.513245081432636,8.189244330092217e-09,0.23632683966957604,0.6521092118222042,1.0,1.1372380498282992,2.5488599575276226e-07,0.08093866003810102,0.8788571272226529,0.21070454315835882,0.08011539969513973,0.009354524129641802,0.0005142188717849836,True,AP3.4,130.0,8.3,7.498198192099515e+19,$(U_{0.8}Pu_{0.2})N$,0.9354524129641802,0.15475594521922661,90.99214130295209,2.206612174801941,6.646490577026721,0.0,6.475576067575172e+18,4.272173344189037e-08,ok,
29,TRIAL_029,AP3.4,1100.0,1.3,7.498198192099515e+19,0.00035988477833597926,643550.2336527312,22448337845806.17,19.989549388105466,2.6316245995956224,32685671817147.043,1.0,40,TRIAL_029_AP3p4,rizk2025_refit_plot,rizk2025_refit_full,22448337845806.17,1.6506775641534484e+23,9.717687239540164e+25,2.3619756858104448e+24,4.340301733932313e+23,1.4415757988038156e+19,1.729779730374475,20.69111410889743,0.9409811915874559,0.0534906308003022,0.9944718223877581,0.0692907624507789,1.063762584838537,25505407485483.77,6.376351871370942e+18,44.431898172207546,0.11622593902293696,1195528047.2923028,49964104.423263766,23.92773894563501,1283586026.0041604,1283400401.228773,107355681.86757852,107292434.24574094,1.0001446351233876,1.0005894881804316,0.15456379587645674,90.99309638062705,2.211673168005946,6.640666655490562,6.640666655490562,0.0,7.091957982192559e+24,7.091957982192559e+24,0.0,1.0679587381981997e+26,1.0679587381981999e+26,1.0013385221729667,9.667950836802789e+16,0.004486593196772293,6.103402137965046e-06,1.4975234591145613e-08,1.4975234591145613e-08,0.0006053928077617075,0.0006053928077617075,2.3041540933997916e+19,9.205122629562696e-06,5934529.818796294,1.2999999999999998,22448337845806.17,0.0,2.168008699097809e-26,3.710566648294694e-23,1.7297797303744752e-09,2.069111410889743e-08,3.935625667299193e+25,1.1437371699934933e+25,9.970391583762743e+25,0.009409811915874559,0.0534906308003022,0.0692907624507789,0.009944718223877581,0.01063762584838537,1112228.1400489523,483626.3521692797,1.0866834805946977e-22,4.4431898172207546e-08,4.5569136305344725e-15,0.43895843783948063,0.0,8.91742319689036e-19,1.8732291689893137e-23,3.7445006988751646e-22,2.556484784617257e-22,1.7995675661038836e+19,22448337845806.17,0.009431976287991074,9.209707286539775e-05,1.5851101773627914e-05,6.426952453741362e-06,1.5851101773627914e-05,6.426952453741362e-06,5.103542578728157e-31,7.270396631537869e+18,1.879350383132874e+17,0.11038371006992516,6.310177308870552e-22,-710930.6899490176,2.1685292036326362e+21,0.0,0.0,0.0,0.0,0.0,0.3333333333333333,0.3333333333333333,2.0,3.1761352235744896e-26,7.906038402206534e-21,0.0,8.91742287927684e-19,,0.0,0.0,0.0,0.0,0.0,3.1761352235744896e-26,8.91742287927684e-19,0.00886583290671176,2.3467310249941313e-18,2.556484784617257e-28,1.8732036041414675e-23,,,2.556484784617257e-28,1.8732036041414675e-23,,1.1907839400394421e-07,3.631660640848455,21851786422064.746,3.376390953830546e-06,8.87206819115672e-05,3.376390953830546e-06,8.87206819115672e-05,0.009431976287991074,9.209707286539775e-05,False,False,1.0,1.5144545750228722,8.194110128330358e-09,0.23672583715863668,0.6515441982940376,1.0,1.1392619254186291,2.5489303117454396e-07,0.08199889870654306,0.8772773248326888,0.21111883511980153,0.08117567460350626,0.009409811915874559,0.000534906308003022,True,AP3.4,130.0,8.3,7.498198192099515e+19,$(U_{0.8}Pu_{0.2})N$,0.9409811915874559,0.15456379587645674,90.99309638062705,2.211673168005946,6.640666655490562,0.0,6.376351871370942e+18,4.4431898172207546e-08,ok,
29,TRIAL_029,AP3.4,1150.0,1.3,7.498198192099515e+19,0.00035988477833597926,643550.2336527312,22448337845806.17,19.989549388105466,2.6316245995956224,32685671817147.043,1.0,40,TRIAL_029_AP3p4,rizk2025_refit_plot,rizk2025_refit_full,22448337845806.17,1.6486304084959437e+23,9.717809531287748e+25,2.367146731982963e+24,4.332589959496295e+23,1.4414545778876973e+19,1.7342029591251766,20.959134656643986,0.9465334516014312,0.05559165644260802,1.0021251080440392,0.09232530099558674,1.0944504090396259,24291695495669.562,6.072923873917391e+18,49.69371639207101,0.13846558526253022,350520623.79018146,44673656.171833776,7.846248859550042,1280240832.837709,1280126981.8613877,105958055.94465695,105920403.50751153,1.0000889372522683,1.0003554786037305,0.15437210722929434,90.99424147868385,2.2165151586068585,6.634871255480036,6.634871255480036,0.0,7.085768734109964e+24,7.085768734109964e+24,0.0,1.0679587381981997e+26,1.0679587381982e+26,1.0013911494891943,9.643991110649888e+16,0.004478529065513369,6.089556731059733e-06,1.568818674940338e-08,1.568818674940338e-08,0.0006282252291445984,0.0006282252291445984,2.3773982503535546e+19,9.58323200126064e-06,5934529.818796294,1.2999999999999998,22448337845806.17,0.0,2.1846827427709653e-26,3.8566360186022544e-23,1.7342029591251767e-09,2.0959134656643987e-08,4.12532064751509e+25,1.214149597889061e+25,9.971010508571004e+25,0.009465334516014312,0.05559165644260802,0.09232530099558674,0.010021251080440392,0.010944504090396259,1166780.430846934,1809074.963201171,1.520277594654443e-22,4.969371639207101e-08,5.700120244270897e-15,0.37223913873223824,0.0,8.917426046035813e-19,3.5983582073279434e-23,7.192955910147658e-22,3.330768464716398e-21,1.7995675661038836e+19,22448337845806.17,0.009436688819626825,9.210894332004223e-05,1.5839009927589108e-05,6.405800225932824e-06,1.5839009927589108e-05,6.405800225932824e-06,5.354993303822642e-31,7.654951012999011e+18,2.004948656257334e+17,0.4330749047566435,8.398364161532855e-22,-836830.5532135342,2.166430287921496e+21,0.0,0.0,0.0,0.0,0.0,0.3333333333333333,0.3333333333333333,2.0,3.1667589742037936e-25,1.3686836891524853e-20,0.0,8.91742287927684e-19,,0.0,0.0,0.0,0.0,0.0,3.1667589742037936e-25,8.91742287927684e-19,0.015348416483486569,2.346731774782257e-18,3.330768464716398e-27,3.5980251304814716e-23,,,3.330768464716398e-27,3.5980251304814716e-23,,1.1907839400394421e-07,3.631660640848455,21844109903758.36,3.4194005895327297e-06,8.86895427305095e-05,3.4194005895327297e-06,8.86895427305095e-05,0.009436688819626825,9.210894332004223e-05,False,False,1.0,1.5156660825938453,8.198969055141772e-09,0.23712500752690624,0.650979053087642,1.0,1.1412708636092077,2.5490017594320325e-07,0.08304805805975873,0.8757143033059203,0.21153325668629064,0.08222487177746915,0.009465334516014312,0.0005559165644260803,True,AP3.4,130.0,8.3,7.498198192099515e+19,$(U_{0.8}Pu_{0.2})N$,0.9465334516014312,0.15437210722929434,90.99424147868385,2.2165151586068585,6.634871255480036,0.0,6.072923873917391e+18,4.9693716392071014e-08,ok,
29,TRIAL_029,AP3.4,1200.0,1.3,7.498198192099515e+19,0.00035988477833597926,643550.2336527312,22448337845806.17,19.989549388105466,2.6316245995956224,32685671817147.043,1.0,40,TRIAL_029_AP3p4,rizk2025_refit_plot,rizk2025_refit_full,22448337845806.17,1.64658474217938e+23,9.71795017041534e+25,2.3721098695723278e+24,4.324898014795415e+23,1.4413312830302292e+19,1.7386328505644415,21.224956810350623,0.9521121857018535,0.057728844885723524,1.009841030587577,0.15945697111271812,1.169298001700295,21554173755717.508,5.388543438929377e+18,62.04658541446888,0.1915350303568457,118143607.82479313,35779567.64535039,3.3019853396732164,1276941138.1855624,1276865325.1198401,104617756.87453376,104593852.40856597,1.0000593743633184,1.000228545611595,0.15418055803891878,90.99555837532564,2.2211624707284283,6.629098595907027,6.629098595907027,0.0,7.079603771876325e+24,7.079603771876325e+24,0.0,1.0679587381981997e+26,1.0679587381981999e+26,1.0014446866249826,9.620100113434662e+16,0.004470477378434749,6.076295478275081e-06,1.6452698039995498e-08,1.6452698039995498e-08,0.0006515655508710295,0.0006515655508710295,2.4593803949758575e+19,9.926810207316998e-06,5934529.818796294,1.2999999999999998,22448337845806.17,0.0,2.2014673697384106e-26,4.0052447043510656e-23,1.7386328505644417e-09,2.1224956810350623e-08,4.315868439306259e+25,1.2858603495128808e+25,9.971627004794366e+25,0.009521121857018535,0.057728844885723524,0.15945697111271812,0.01009841030587577,0.01169298001700295,1313825.1277200312,6306548.543461641,2.9591850361774166e-22,6.204658541446888e-08,8.886215381187539e-15,0.25870589386588394,0.0,8.917448947096045e-19,6.498475563709372e-23,1.2990159822816499e-21,3.503783313863259e-20,1.7995675661038836e+19,22448337845806.17,0.009441421872324387,9.212091972352605e-05,1.5826917905394675e-05,6.38531216814957e-06,1.5826917905394675e-05,6.38531216814957e-06,5.624546001401627e-31,8.032213219695651e+18,2.1395392087201725e+17,1.691412578620269,1.499577820957545e-21,-1110197.8599496651,2.1643366818207257e+21,0.0,0.0,0.0,0.0,0.0,0.3333333333333333,0.3333333333333333,2.0,2.6067819204802983e-24,1.6077228463606983e-20,0.0,8.91742287927684e-19,,0.0,0.0,0.0,0.0,0.0,2.6067819204802983e-24,8.91742287927684e-19,0.018028954871496642,2.3467378014816035e-18,3.503783313863259e-26,6.494971780395508e-23,,,3.503783313863259e-26,6.494971780395508e-23,,1.1907839400394421e-07,3.631660640848455,21836498947896.938,3.462050643290185e-06,8.865886908023587e-05,3.462050643290185e-06,8.865886908023587e-05,0.009441421872324387,9.212091972352605e-05,False,False,1.0,1.5168802123916016,8.203826986808274e-09,0.23752454944323861,0.6504134953504015,1.0,1.1432692157985913,2.549074437602701e-07,0.08408849232337945,0.8741645511047202,0.2119480252394385,0.0832653456478829,0.009521121857018535,0.0005772884488572353,True,AP3.4,130.0,8.3,7.498198192099515e+19,$(U_{0.8}Pu_{0.2})N$,0.9521121857018535,0.15418055803891878,90.99555837532564,2.2211624707284283,6.629098595907027,0.0,5.388543438929377e+18,6.204658541446888e-08,ok,
29,TRIAL_029,AP3.4,1250.0,1.3,7.498198192099515e+19,0.00035988477833597926,643550.2336527312,22448337845806.17,19.989549388105466,2.6316245995956224,32685671817147.043,1.0,40,TRIAL_029_AP3p4,rizk2025_refit_plot,rizk2025_refit_full,22448337845806.17,1.6445242888436267e+23,9.718105931792605e+25,2.376887155023215e+24,4.3172004417408706e+23,1.4412058092197095e+19,1.7430736160855242,21.4888726866924,0.9577187939196071,0.05990395712531085,1.0176227510449178,0.313503815627238,1.331126566672156,17454774224928.23,4.3636935562320573e+18,83.391805022811,0.28018317171773816,48178693.40655919,26621320.876706544,1.809778471537646,1273666716.94982,1273612301.5765247,103325329.39542219,103309281.6160058,1.0000427252259012,1.0001553372471996,0.1539876242426909,90.99701687153618,2.2256357572703287,6.623359746950806,6.623359746950806,0.0,7.07347491798633e+24,7.07347491798633e+24,0.0,1.0679587381981997e+26,1.0679587381981997e+26,1.001499177898755,9.59620848092728e+16,0.004462413234795344,6.063554530189275e-06,1.727374839211096e-08,1.727374839211096e-08,0.0006753763720136059,0.0006753763720136059,2.546519200840591e+19,1.0251757493244342e-05,5934529.818796294,1.2999999999999998,22448337845806.17,0.0,2.218379264163644e-26,4.156516490711604e-23,1.7430736160855244e-09,2.14888726866924e-08,4.5073263484815845e+25,1.35892328544304e+25,9.972239890183364e+25,0.00957718793919607,0.05990395712531085,0.313503815627238,0.010176227510449179,0.013311265666721559,1620983.4230646808,19875439.045031503,7.184368278553934e-22,8.3391805022811e-08,1.6051950492581647e-14,0.1467133717853949,0.0,8.917604161498658e-19,1.114133094756206e-22,2.2271018522551968e-21,3.0533079764031823e-19,1.7995675661038836e+19,22448337845806.17,0.00944625914361658,9.21341748997679e-05,1.581481435521297e-05,6.3654377653875165e-06,1.581481435521297e-05,6.3654377653875165e-06,5.913968100713585e-31,8.404684898964074e+18,2.2839949873100333e+17,6.527335533064888,3.379691869043823e-21,-1499913.5088398939,2.1622528434376593e+21,0.0,0.0,0.0,0.0,0.0,0.3333333333333333,0.3333333333333333,2.0,1.8128222181985484e-23,1.3964045536228772e-20,0.0,8.91742287927684e-19,,0.0,0.0,0.0,0.0,0.0,1.8128222181985484e-23,8.91742287927684e-19,0.015658965438853957,2.3467786480856164e-18,3.0533079764031822e-25,1.111079786779803e-22,,,3.0533079764031822e-25,1.111079786779803e-22,,1.1907839400394421e-07,3.631660640848455,21828945197062.516,3.504432340676789e-06,8.86297425590911e-05,3.504432340676789e-06,8.86297425590911e-05,0.00944625914361658,9.21341748997679e-05,False,False,1.0,1.5180971081541106,8.208700017959724e-09,0.23792450801681866,0.6498474617572709,1.0,1.1452590522452573,2.549148408575935e-07,0.08512134450461899,0.872626362692406,0.21236323704091092,0.08429823933095595,0.00957718793919607,0.0005990395712531085,True,AP3.4,130.0,8.3,7.498198192099515e+19,$(U_{0.8}Pu_{0.2})N$,0.9577187939196071,0.1539876242426909,90.99701687153618,2.2256357572703287,6.623359746950806,0.0,4.3636935562320573e+18,8.3391805022811e-08,ok,
29,TRIAL_029,AP3.4,1300.0,1.3,7.498198192099515e+19,0.00035988477833597926,643550.2336527312,22448337845806.17,19.989549388105466,2.6316245995956224,32685671817147.043,1.0,40,TRIAL_029_AP3p4,rizk2025_refit_plot,rizk2025_refit_full,22448337845806.17,1.6423618426980848e+23,9.718263871741125e+25,2.38153179216909e+24,4.30937092599195e+23,1.4410780397318138e+19,1.7475428230538053,21.751176685315713,0.9633541376297828,0.06211898887327034,1.0254731265030532,0.5557693898788538,1.581242516381907,13589841265054.527,3.3974603162636314e+18,109.70857877021895,0.37755186947564867,25590282.97773699,20235427.574444454,1.264627736853717,1270396768.6675882,1270355135.6301432,102074709.49002598,102063443.83652261,1.00003277275486,1.0001103789278503,0.1537851401889352,90.99849576714206,2.22998483648074,6.617734256188258,6.617734256188258,0.0,7.067467125969814e+24,7.067467125969814e+24,0.0,1.0679587381981997e+26,1.0679587381981997e+26,1.001554673530003,9.571961738284074e+16,0.004454211487996242,6.051192091483373e-06,1.8155220365727396e-08,1.8155220365727396e-08,0.0006996480448811906,0.0006996480448811906,2.6369555474738168e+19,1.056768010193682e-05,5934529.818796294,1.2999999999999998,22448337845806.17,0.0,2.2354866967225239e-26,4.310591596054767e-23,1.7475428230538053e-09,2.1751176685315714e-08,4.699761519104709e+25,1.4333912381225718e+25,9.972840669385015e+25,0.009633541376297829,0.06211898887327034,0.5557693898788538,0.010254731265030532,0.01581242516381907,2080220.6554519187,49941413.55100744,1.6358377674593802e-21,1.0970857877021895e-07,2.7781919016707056e-14,0.07893917451322358,0.0,8.918508847779603e-19,1.836266039909085e-22,3.67061306944635e-21,2.2525702314749626e-18,1.7995675661038836e+19,22448337845806.17,0.009451662279905714,9.215509945164656e-05,1.5802651671272302e-05,6.346129935989081e-06,1.5802651671272302e-05,6.346129935989081e-06,6.224650944552081e-31,8.774764341911056e+18,2.43900639517942e+17,21.340235757175105,7.691879140718503e-21,-1891050.3242013599,2.1602054523188654e+21,0.0,0.0,0.0,0.0,0.0,0.3333333333333333,0.3333333333333333,2.0,1.085968502764781e-22,9.588632660122313e-21,0.0,8.91742287927684e-19,,0.0,0.0,0.0,0.0,0.0,1.085968502764781e-22,8.91742287927684e-19,0.010751385488067937,2.3470167275528014e-18,2.2525702314749626e-24,1.8137403375943355e-22,,,2.2525702314749626e-24,1.8137403375943355e-22,,1.1907839400394421e-07,3.631660640848455,21821440237362.39,3.546840131816835e-06,8.860825931982972e-05,3.546840131816835e-06,8.860825931982972e-05,0.009451662279905714,9.215509945164656e-05,False,False,1.0,1.5193161802542001,8.21366847453458e-09,0.23832468753718603,0.6492812297482731,1.0,1.1472424868198057,2.549223741616288e-07,0.08614776617708948,0.8710980208706425,0.2127789471722843,0.08532470445615974,0.009633541376297829,0.0006211898887327034,True,AP3.4,130.0,8.3,7.498198192099515e+19,$(U_{0.8}Pu_{0.2})N$,0.9633541376297828,0.1537851401889352,90.99849576714206,2.22998483648074,6.617734256188258,0.0,3.3974603162636314e+18,1.0970857877021895e-07,ok,
29,TRIAL_029,AP3.4,1350.0,1.3,7.498198192099515e+19,0.00035988477833597926,643550.2336527312,22448337845806.17,19.989549388105466,2.6316245995956224,32685671817147.043,1.0,40,TRIAL_029_AP3p4,rizk2025_refit_plot,rizk2025_refit_full,22448337845806.17,1.6396812164592805e+23,9.71836501764818e+25,2.3862603646041463e+24,4.30081095826949e+23,1.4409475366804357e+19,1.7521228042277073,22.01277539739202,0.9690196618428607,0.06438151399859557,1.0334011758414563,0.7842652624816913,1.8176664383231476,11245647946927.152,2.811411986731788e+18,131.07101857378726,0.4459425319805193,18174521.118863363,16937382.681208335,1.0730418897028056,1267067829.0932233,1267034476.4895184,100858620.18621229,100850527.02000569,1.0000263233592486,1.0000802491216034,0.15353413552527873,90.9994428627876,2.234412509822347,6.612610491864806,6.612610491864806,0.0,7.061995157088115e+24,7.061995157088115e+24,0.0,1.0679587381981997e+26,1.0679587381981999e+26,1.0016113635173338,9.545676990352803e+16,0.00444527787698567,6.038653905064589e-06,1.9109625482225492e-08,1.9109625482225492e-08,0.000724446668959042,0.000724446668959042,2.7293842276422537e+19,1.0881201027100468e-05,5934529.818796294,1.2999999999999998,22448337845806.17,0.0,2.2531091723054095e-26,4.467998477370915e-23,1.7521228042277073e-09,2.201277539739202e-08,4.893394994076889e+25,1.509460441835671e+25,9.973387866273187e+25,0.009690196618428607,0.06438151399859557,0.7842652624816913,0.010334011758414563,0.018176664383231476,2511903.3391109454,88177316.43972944,2.7895778569023763e-21,1.3107101857378725e-07,3.9654676554441854e-14,0.05000894018613461,0.0,8.92312044658399e-19,2.985052251919346e-22,5.96698494158172e-21,1.4331663655150738e-17,1.7995675661038836e+19,22448337845806.17,0.009459845734139547,9.22142993605082e-05,1.579020667908444e-05,6.327301333477119e-06,1.579020667908444e-05,6.327301333477119e-06,6.560943218811233e-31,9.144570588293992e+18,2.6067524140021923e+17,47.33255642697253,1.3859887861136712e-20,-2200413.9503324055,2.1583229608172244e+21,0.0,0.0,0.0,0.0,0.0,0.3333333333333333,0.3333333333333333,2.0,5.697567307150379e-22,5.485421362683377e-21,0.0,8.91742287927684e-19,,0.0,0.0,0.0,0.0,0.0,5.697567307150379e-22,8.91742287927684e-19,0.006147424990529343,2.3482303272385104e-18,1.433166365515074e-23,2.8417356153678383e-22,,,1.433166365515074e-23,2.8417356153678383e-22,,1.1907839400394421e-07,3.631660640848455,21813958160653.52,3.5906197918811767e-06,8.862367956862703e-05,3.5906197918811767e-06,8.862367956862703e-05,0.009459845734139547,9.22142993605082e-05,False,False,1.0,1.5205341071598677,8.219114252663632e-09,0.23872399812175923,0.6487163413613858,1.0,1.1492263082100105,2.549300695402316e-07,0.08717130333485706,0.8695742452221408,0.2131952526321984,0.08634828741989033,0.009690196618428607,0.0006438151399859557,True,AP3.4,130.0,8.3,7.498198192099515e+19,$(U_{0.8}Pu_{0.2})N$,0.9690196618428607,0.15353413552527873,90.9994428627876,2.234412509822347,6.612610491864806,0.0,2.811411986731788e+18,1.3107101857378727e-07,ok,
29,TRIAL_029,AP3.4,1400.0,1.3,7.498198192099515e+19,0.00035988477833597926,643550.2336527312,22448337845806.17,19.989549388105466,2.6316245995956224,32685671817147.043,1.0,40,TRIAL_029_AP3p4,rizk2025_refit_plot,rizk2025_refit_full,22448337845806.17,1.6347271720214303e+23,9.71816210511578e+25,2.3919650045944228e+24,4.2889957431074033e+23,1.4408123893560457e+19,1.7571630852041527,22.277342501560934,0.9747212569349214,0.06672463232771679,1.0414458892626381,0.9244450000380519,1.9658908893006901,10155701719056.543,2.5389254297641354e+18,143.24216931855932,0.4809863802298218,15783587.355208002,15498229.401028512,1.0184122938689082,1263427343.6600978,1263400090.0047781,99658498.59754515,99652819.89287765,1.0000215716743535,1.0000569848868661,0.15307025576469843,90.99754285930297,2.239754139406184,6.609632745526151,6.609632745526151,0.0,7.05881504686561e+24,7.05881504686561e+24,0.0,1.0679587381981997e+26,1.0679587381981997e+26,1.0016700775280214,9.510263810053221e+16,0.004433104401829025,6.023686784600458e-06,2.0187584373448404e-08,2.0187584373448404e-08,0.0007501321397111267,0.0007501321397111267,2.8219232593126433e+19,1.1199625551715009e-05,5934529.818796294,1.2999999999999998,22448337845806.17,0.0,2.272609522873366e-26,4.6310423772479205e-23,1.7571630852041527e-09,2.2277342501560936e-08,5.089147814213423e+25,1.5880043191801369e+25,9.973705877295436e+25,0.009747212569349213,0.06672463232771679,0.9244450000380519,0.01041445889262638,0.0196589088930069,2780237.2468739147,116543306.89311491,3.641087639678855e-21,1.432421693185593e-07,4.7361215752061795e-14,0.03910756814206712,0.0,8.943977631537627e-19,5.093242848331348e-22,1.0181162946233444e-20,7.989389038480301e-17,1.7995675661038836e+19,22448337845806.17,0.009480197861622242,9.244154607068912e-05,1.5776533342906385e-05,6.308678812785639e-06,1.5776533342906385e-05,6.308678812785639e-06,6.940283599577296e-31,9.516919470776173e+18,2.7959962611302262e+17,72.5534887757777,1.9233934202946e-20,-2419923.709353723,2.157148337100569e+21,0.0,0.0,0.0,0.0,0.0,0.3333333333333333,0.3333333333333333,2.0,2.6554752260788454e-21,2.7246350804779008e-21,0.0,8.91742287927684e-19,,0.0,0.0,0.0,0.0,0.0,2.6554752260788454e-21,8.91742287927684e-19,0.0030463348553897134,2.3537191553387412e-18,7.989389038480301e-23,4.2943039444833175e-22,,,7.989389038480301e-23,4.2943039444833175e-22,,1.1907839400394421e-07,3.631660640848455,21806394004997.32,3.6415174658982004e-06,8.880002860479092e-05,3.6415174658982004e-06,8.880002860479092e-05,0.009480197861622242,9.244154607068912e-05,False,False,1.0,1.5217368425122548,8.226654781217399e-09,0.2391178454566743,0.6481592934699901,1.0,1.1512384577813843,2.5493803973105287e-07,0.08820632383618139,0.8680336525269778,0.21361257361496458,0.08738335797361704,0.009747212569349213,0.0006672463232771679,True,AP3.4,130.0,8.3,7.498198192099515e+19,$(U_{0.8}Pu_{0.2})N$,0.9747212569349214,0.15307025576469843,90.99754285930297,2.239754139406184,6.609632745526151,0.0,2.5389254297641354e+18,1.4324216931855933e-07,ok,
29,TRIAL_029,AP3.4,1450.0,1.3,7.498198192099515e+19,0.00035988477833597926,643550.2336527312,22448337845806.17,19.989549388105466,2.6316245995956224,32685671817147.043,1.0,40,TRIAL_029_AP3p4,rizk2025_refit_plot,rizk2025_refit_full,22448337845806.17,1.620949240737628e+23,9.716724392164721e+25,2.4019962097571737e+24,4.264464203565516e+23,1.4406650600988594e+19,1.763989279719454,22.55882965183598,0.9804848938249041,0.06927895483406343,1.0497638486589675,1.0115433662541922,2.0613072149131595,9528285380633.38,2.382071345158345e+18,150.77769248745776,0.5,14763340.540935468,14723663.450312242,1.0026947838598135,1258533355.1601448,1258511049.6550584,98413001.69036704,98409360.51482275,1.000017723726059,1.0000370002967731,0.15178013744916802,90.98408060744215,2.249147016493996,6.614992238614671,6.572937527737434,0.04205471087723761,7.064538764341808e+24,7.019626068378063e+24,4.491269596374478e+22,1.0679587381981997e+26,1.0675096112385623e+26,1.0017340892524245,9.439234151858336e+16,0.0044082913775629114,5.997916587769994e-06,2.1501876170888444e-08,2.1501876170888444e-08,0.0007781690108268895,0.0007781690108268895,2.909608955866367e+19,1.1538053512951025e-05,5934529.818796294,1.2999999999999998,22448337845806.17,0.0,2.2991983213392228e-26,4.808817590766688e-23,1.7639892797194542e-09,2.255882965183598e-08,5.290616946256123e+25,1.672518783236528e+25,9.973133505547816e+25,0.00980484893824904,0.06927895483406343,1.0115433662541922,0.010497638486589675,0.020613072149131596,2946858.028684041,136780989.16904566,4.246486438410815e-21,1.5077769248745774e-07,5.247533842933272e-14,0.03407359027997264,1.0,9.028722799084174e-19,1.0241072151243713e-21,2.0471441755443768e-20,3.956100289530877e-16,1.7995675661038836e+19,22448337845806.17,0.009548303842529323,9.333000319914824e-05,1.575805254781054e-05,6.289313311914088e-06,1.575805254781054e-05,6.289313311914088e-06,7.401474538842407e-31,9.898244464576844e+18,3.0265063409266394e+17,53.17457304579722,1.3166015350420343e-20,-2391676.2681213203,2.1587259161435838e+21,3.0479106257259866e+21,0.0,0.0,0.0,0.0,0.3333333333333333,0.3333333333333333,2.0,1.1129991980733449e-20,1.2141082623128306e-21,0.0,8.91742287927684e-19,,0.0,0.0,0.0,0.0,0.0,1.1129991980733449e-20,8.91742287927684e-19,0.0013447176187931956,2.3760209020999755e-18,3.9561002895308766e-22,6.284971861712836e-22,,,3.9561002895308766e-22,6.284971861712836e-22,,1.1907839400394421e-07,3.631660640848455,21798349294822.86,3.7216546802539513e-06,8.960834851889429e-05,3.7216546802539513e-06,8.960834851889429e-05,0.009548303842529323,9.333000319914824e-05,False,False,1.0,1.5228723511522388,8.24239976457306e-09,0.23948923964435076,0.6476341046875339,1.0,1.153385724014229,2.5494672943561426e-07,0.08930738845295697,0.8663950666850933,0.2140327848732163,0.08848448123265724,0.00980484893824904,0.0006927895483406343,True,AP3.4,130.0,8.3,7.498198192099515e+19,$(U_{0.8}Pu_{0.2})N$,0.9804848938249041,0.15178013744916802,90.98408060744215,2.249147016493996,6.572937527737434,0.04205471087723761,2.382071345158345e+18,1.5077769248745777e-07,ok,
29,TRIAL_029,AP3.4,1500.0,1.3,7.498198192099515e+19,0.00035988477833597926,643550.2336527312,22448337845806.17,19.989549388105466,2.6316245995956224,32685671817147.043,1.0,40,TRIAL_029_AP3p4,rizk2025_refit_plot,rizk2025_refit_full,22448337845806.17,1.5772467849006123e+23,9.710931769306645e+25,2.4275853524830945e+24,4.196251131525149e+23,1.4404790659250885e+19,1.7770625343502289,22.90450780038937,0.986411695787315,0.07250341305335732,1.0589151088406723,1.0316450559908326,2.090560164831505,9160584103571.115,2.2901460258927785e+18,153.77399150409116,0.5,14446930.283675898,14436771.643148363,1.0007036642802587,1249271376.0610914,1249252604.8396652,96926314.10526808,96924152.19515264,1.0000150259614056,1.0000223051743706,0.1476879891035542,90.92984047015138,2.2731078136771283,6.649363727067968,6.361504444460642,0.2878592826073261,7.101246095780386e+24,6.793824259548427e+24,3.0742183623195894e+23,1.0679587381981997e+26,1.0648845198358803e+26,1.0018149033665436,9.246649324781613e+16,0.004340068854050532,5.9339244772469895e-06,2.3042612621215213e-08,2.3042612621215213e-08,0.0008137271087232202,0.0008137271087232202,2.9769125790496514e+19,1.1937673382418373e-05,5934529.818796294,1.2999999999999998,22448337845806.17,0.0,2.3506974794161057e-26,5.033284743141684e-23,1.777062534350229e-09,2.290450780038937e-08,5.5103417517749864e+25,1.7754450354270478e+25,9.96946277240396e+25,0.00986411695787315,0.07250341305335732,1.0316450559908326,0.010589151088406723,0.02090560164831505,2966546.3174558743,145562658.1487214,4.5047129935247755e-21,1.5377399150409115e-07,5.458167234173229e-14,0.03407359027997264,1.0,9.341414501778096e-19,2.65480851490482e-21,5.306842592465283e-20,1.7607759639859707e-15,1.7995675661038836e+19,22448337845806.17,0.00978534507724644,9.657825582104461e-05,1.5722779217626614e-05,6.2661403642880246e-06,1.5722779217626614e-05,6.2661403642880246e-06,7.940808854019063e-31,1.0308243835365966e+19,3.2986084000424083e+17,47.186291228332074,1.1512357714754011e-20,-1932854.1609993665,2.1698893419161122e+21,2.4796526016385673e+21,0.0,0.0,0.0,0.0,0.3333333333333333,0.3333333333333333,2.0,4.239916225012569e-20,4.981451519947624e-22,0.0,8.91742287927684e-19,,0.0,0.0,0.0,0.0,0.0,4.239916225012569e-20,8.91742287927684e-19,0.0005332652264814314,2.458309619789852e-18,1.7607759639859707e-21,8.940325509188496e-22,,,1.7607759639859707e-21,8.940325509188496e-22,,1.1907839400394421e-07,3.631660640848455,21788474602655.34,3.908500498284797e-06,9.266975532275981e-05,3.908500498284797e-06,9.266975532275981e-05,0.00978534507724644,9.657825582104461e-05,False,False,1.0,1.5237714117972023,8.286823089999578e-09,0.2397829961522747,0.6472187735866762,1.0,1.1560317705446825,2.549577013847298e-07,0.09065933805655527,0.864383562703971,0.21446317820802416,0.08983649864515578,0.00986411695787315,0.0007250341305335732,True,AP3.4,130.0,8.3,7.498198192099515e+19,$(U_{0.8}Pu_{0.2})N$,0.986411695787315,0.1476879891035542,90.92984047015138,2.2731078136771283,6.361504444460642,0.2878592826073261,2.2901460258927785e+18,1.5377399150409118e-07,ok,
29,TRIAL_029,AP3.4,1550.0,1.3,7.498198192099515e+19,0.00035988477833597926,643550.2336527312,22448337845806.17,19.989549388105466,2.6316245995956224,32685671817147.043,1.0,40,TRIAL_029_AP3p4,rizk2025_refit_plot,rizk2025_refit_full,22448337845806.17,1.451010835690143e+23,9.691791491935418e+25,2.5010580299633557e+24,4.0025613825346546e+23,1.4401737618888737e+19,1.8091803425419701,23.450417889436288,0.9928238265755303,0.07779564082917034,1.0706194674047007,1.058454404349197,2.1290738717538975,8702408386120.715,2.1756020965301786e+18,157.77011447560088,0.5,14076390.330468718,14071105.97199524,1.0003755467753561,1227091544.730611,1227075017.2317328,94669197.68042006,94667822.57215312,1.0000134690207576,1.0000145256141906,0.13586768699867632,90.75061746567913,2.3419051134718942,6.771609733850317,6.174002393806487,0.5976073400438302,7.231799786933431e+24,6.59357980612224e+24,6.382199808111913e+23,1.0679587381981997e+26,1.061576538390088e+26,1.001947564649084,8.7118537471883e+16,0.0041471151206273135,5.758379344935522e-06,2.4389714504123583e-08,2.4389714504123583e-08,0.0008725389716365941,0.0008725389716365941,2.980047523635253e+19,1.250703503829451e-05,5934529.818796294,1.2999999999999998,22448337845806.17,0.0,2.4804712075316542e-26,5.40182323049246e-23,1.8091803425419703e-09,2.345041788943629e-08,5.785514134970702e+25,1.935218166846182e+25,9.956407403288656e+25,0.009928238265755302,0.07779564082917034,1.058454404349197,0.010706194674047006,0.021290738717538976,3030691.9710356044,157712224.6178719,4.8651102425269005e-21,1.5777011447560088e-07,5.74553592310652e-14,0.03407359027997264,1.0,1.039906973829712e-18,8.356987325282236e-21,1.6705241087450067e-19,7.11715258415843e-15,1.7995675661038836e+19,22448337845806.17,0.010558389868378894,0.00010754108672323008,1.563679589963299e-05,6.230846802070301e-06,1.563679589963299e-05,6.230846802070301e-06,8.411852937114511e-31,1.0807024865700352e+19,3.5464042468477766e+17,58.1090619344308,1.3759944760659132e-20,-2084997.6022076788,2.2101710026838534e+21,2.732674969668562e+21,0.0,0.0,0.0,0.0,0.3333333333333333,0.3333333333333333,2.0,1.4816468590202815e-19,1.921420918257287e-22,0.0,8.91742287927684e-19,,0.0,0.0,0.0,0.0,0.0,1.4816468590202815e-19,8.91742287927684e-19,0.0001847685385915996,2.7366447736213115e-18,7.11715258415843e-21,1.239834741123807e-21,,,7.11715258415843e-21,1.239834741123807e-21,,1.1907839400394421e-07,3.631660640848455,21772890412064.695,4.4528470172867805e-06,0.0001030882397059433,4.4528470172867805e-06,0.0001030882397059433,0.010558389868378894,0.00010754108672323008,False,False,1.0,1.5239783227534367,8.418396900891605e-09,0.23985056392588658,0.6471232508719087,1.0,1.1602310940274971,2.5497571596807876e-07,0.09279395155527285,0.8612085839158257,0.21492687807788194,0.09197117907440991,0.009928238265755302,0.0007779564082917034,True,AP3.4,130.0,8.3,7.498198192099515e+19,$(U_{0.8}Pu_{0.2})N$,0.9928238265755303,0.13586768699867632,90.75061746567913,2.3419051134718942,6.174002393806487,0.5976073400438302,2.1756020965301786e+18,1.5777011447560088e-07,ok,
29,TRIAL_029,AP3.4,1600.0,1.3,7.498198192099515e+19,0.00035988477833597926,643550.2336527312,22448337845806.17,19.989549388105466,2.6316245995956224,32685671817147.043,1.0,40,TRIAL_029_AP3p4,rizk2025_refit_plot,rizk2025_refit_full,22448337845806.17,1.173166193274618e+23,9.639287411943083e+25,2.6941238015805855e+24,3.5482514112812666e+23,1.4395534912902863e+19,1.8881188041452146,24.48797399387278,1.000439765922803,0.08854723055752221,1.0889869964803252,1.1065838760868503,2.1955708725671754,7961870198625.929,1.990467549656482e+18,164.94415261507893,0.5,13463074.626376832,13459100.942976085,1.0002952413699535,1175787771.7288365,1175773470.994604,90657711.28679904,90656744.43118382,1.0000121628311789,1.0000106650158385,0.10985126590695053,90.258987235836,2.5226852922482386,7.1084762060088185,6.003938023432803,1.1045381825760152,7.591559279481103e+24,6.411958075725489e+24,1.1796012037556139e+24,1.0679587381981997e+26,1.0561627261606435e+26,1.0022171592486142,7.50580754315776e+16,0.0036947478502847813,5.343408378121628e-06,2.5080705399210916e-08,2.5080705399210916e-08,0.0009928524631490885,0.0009928524631490885,2.8383847857796305e+19,1.3454959245041269e-05,5934529.818796294,1.2999999999999998,22448337845806.17,0.0,2.819528973460046e-26,6.151020513878678e-23,1.8881188041452146e-09,2.4487973993872784e-08,6.198964302025558e+25,2.2470665911483597e+25,9.920431454033887e+25,0.01000439765922803,0.08854723055752221,1.1065838760868503,0.010889869964803251,0.021955708725671753,3221332.6345521556,180923284.80663624,5.559416812787659e-21,1.6494415261507892e-07,6.279931567915924e-14,0.03407359027997264,1.0,1.3705602340796549e-18,2.804370316124471e-20,5.605809893670705e-19,2.6363059898109156e-14,1.7995675661038836e+19,22448337845806.17,0.012818337632374678,0.00014180543487162604,1.542955678728208e-05,6.167839911411167e-06,1.542955678728208e-05,6.167839911411167e-06,8.65089366497325e-31,1.1532591893606513e+19,3.703391764419831e+17,74.64704303769577,1.6856265197679925e-20,-2138076.4539664458,2.322178322282081e+21,2.9785124767487807e+21,0.0,0.0,0.0,0.0,0.3333333333333333,0.3333333333333333,2.0,4.788179461519709e-19,7.08396822782879e-23,0.0,8.91742287927684e-19,,0.0,0.0,0.0,0.0,0.0,4.788179461519709e-19,8.91742287927684e-19,5.1686661057882994e-05,3.606800027231555e-18,2.6363059898109155e-20,1.680643263135559e-21,,,2.6363059898109155e-20,1.680643263135559e-21,,1.1907839400394421e-07,3.631660640848455,21743308620177.734,6.123413953264354e-06,0.0001356820209183617,6.123413953264354e-06,0.0001356820209183617,0.012818337632374678,0.00014180543487162604,False,False,1.0,1.5226503820261184,8.763367673953745e-09,0.23941667303554232,0.647736713395038,1.0,1.1682818952351293,2.55012331571543e-07,0.09684932582365725,0.8551802245260598,0.21547504594013972,0.09602662403828845,0.01000439765922803,0.0008854723055752221,True,AP3.4,130.0,8.3,7.498198192099515e+19,$(U_{0.8}Pu_{0.2})N$,1.000439765922803,0.10985126590695053,90.258987235836,2.5226852922482386,6.003938023432803,1.1045381825760152,1.990467549656482e+18,1.6494415261507895e-07,ok,
29,TRIAL_029,AP3.4,1650.0,1.3,7.498198192099515e+19,0.00035988477833597926,643550.2336527312,22448337845806.17,19.989549388105466,2.6316245995956224,32685671817147.043,1.0,40,TRIAL_029_AP3p4,rizk2025_refit_plot,rizk2025_refit_full,22448337845806.17,7.805307643744206e+22,9.525976661597846e+25,3.1061752618312507e+24,2.800271051948401e+23,1.4382902756604572e+19,2.049684398197147,26.3677494833543,1.0100657994231739,0.11044710710490054,1.1205129065280743,1.1956477424557954,2.3161606489838698,6819888470184.836,1.704972117546209e+18,178.219751766946,0.5,12460229.837282022,12456531.770412546,1.0002968777295025,1083104903.904514,1083093573.797341,84194414.10543892,84193761.07170103,1.0000104608756317,1.000007756319822,0.07308622856453129,89.19798416247374,2.9085161727051516,7.820413436256566,5.851560633078323,1.9688528031782435,8.351878865572811e+24,6.249225310192585e+24,2.1026535553802252e+24,1.0679587381981997e+26,1.0469322026443974e+26,1.0027666229019399,5.6555095784676e+16,0.0029483626256224635,4.6304895380279495e-06,2.4612097096031997e-08,2.4612097096031997e-08,0.0012393511738667136,0.0012393511738667136,2.511776896876174e+19,1.5040661031945493e-05,5934529.818796294,1.2999999999999998,22448337845806.17,0.0,3.6070286793143834e-26,7.679055401677082e-23,2.049684398197147e-09,2.63677494833543e-08,6.85813606797954e+25,2.87680075412777e+25,9.844399495424716e+25,0.01010065799423174,0.11044710710490054,1.1956477424557954,0.011205129065280744,0.0231616064898387,3665294.7258671024,229377045.83319333,7.012711411237436e-21,1.78219751766946e-07,7.331498193641996e-14,0.03407359027997264,1.0,2.332934307037629e-18,9.243457552501816e-20,1.8477255126259153e-18,9.020265555838444e-14,1.7995675661038836e+19,22448337845806.17,0.0185454639321391,0.00024159345266025318,1.5023456217456453e-05,6.0656006665678726e-06,1.5023456217456453e-05,6.0656006665678726e-06,8.479322899010245e-31,1.267536735970165e+19,3.70005716187551e+17,108.5799165194673,2.262621609633681e-20,-2105854.598599369,2.5622104191528107e+21,3.337935219746507e+21,0.0,0.0,0.0,0.0,0.3333333333333333,0.3333333333333333,2.0,1.441192019109945e-18,2.5299362888157518e-23,0.0,8.91742287927684e-19,,0.0,0.0,0.0,0.0,0.0,1.441192019109945e-18,8.91742287927684e-19,1.0844438616140361e-05,6.139407311640791e-18,9.020265555838444e-20,2.2319199666337208e-21,,,9.020265555838444e-20,2.2319199666337208e-21,,1.1907839400394421e-07,3.631660640848455,21689853135777.973,1.12066128904758e-05,0.00023038683976977738,1.12066128904758e-05,0.00023038683976977738,0.0185454639321391,0.00024159345266025318,False,False,1.0,1.5192014817482078,9.482945572286007e-09,0.23828705701239164,0.6493344699967714,1.0,1.1831013431917723,2.5508696693204593e-07,0.10419026576389037,0.8442801258767272,0.21616392730243103,0.10336768301706485,0.01010065799423174,0.0011044710710490053,True,AP3.4,130.0,8.3,7.498198192099515e+19,$(U_{0.8}Pu_{0.2})N$,1.0100657994231739,0.07308622856453129,89.19798416247374,2.9085161727051516,5.851560633078323,1.9688528031782435,1.704972117546209e+18,1.78219751766946e-07,ok,
29,TRIAL_029,AP3.4,1700.0,1.3,7.498198192099515e+19,0.00035988477833597926,643550.2336527312,22448337845806.17,19.989549388105466,2.6316245995956224,32685671817147.043,1.0,40,TRIAL_029_AP3p4,rizk2025_refit_plot,rizk2025_refit_full,22448337845806.17,4.389786444930908e+22,9.33705742597188e+25,3.799719238482219e+24,1.9767921367121446e+23,1.4360360823080667e+19,2.310824820689916,29.18582294583342,1.0217642073827131,0.14954427518126456,1.1713084825639777,1.3464631056806282,2.517771588244606,5377678727450.888,1.344419681862722e+18,200.6998482386417,0.5,11065022.662263418,11061293.864857906,1.0003371031862156,960704163.7519002,960695929.9222002,76064712.10260032,76064327.67443785,1.0000085706928108,1.0000050539875158,0.041104457390714465,87.42900911813167,3.557927008390692,8.97195941608694,5.714743730053564,3.2572156860333754,9.581682457169664e+24,6.103110503074077e+24,3.478571954095587e+24,1.0679587381981997e+26,1.0331730186572441e+26,1.003748645440274,3.801312854367921e+16,0.0021216852035486193,3.779358423257339e-06,2.2325958927895177e-08,2.2325958927895177e-08,0.0016824383444593693,0.0016824383444593693,2.104433736651578e+19,1.7653530804658642e-05,5934529.818796294,1.2999999999999998,22448337845806.17,0.0,5.168799432206057e-26,1.0413685075441124e-22,2.310824820689916e-09,2.918582294583342e-08,7.808227177785258e+25,4.013288360196668e+25,9.721419136265034e+25,0.010217642073827131,0.14954427518126456,1.3464631056806282,0.011713084825639777,0.02517771588244606,4539587.292130452,329606788.2826958,1.0015199300080723e-20,2.0069984823864168e-07,9.297691910223291e-14,0.03407359027997264,1.0,4.9573286738281364e-18,2.899995230890099e-19,5.7969597893147946e-18,2.8708990269161864e-13,1.7995675661038836e+19,22448337845806.17,0.031033900977802696,0.0005140535781268514,1.4416919298913029e-05,5.935731614692141e-06,1.4416919298913029e-05,5.935731614692141e-06,7.671171787917586e-31,1.434777248932308e+19,3.4287878613518803e+17,185.54668687662323,3.422322911472169e-20,-1980693.59583289,2.9590410717251376e+21,3.888430039202244e+21,0.0,0.0,0.0,0.0,0.3333333333333333,0.3333333333333333,2.0,4.065586385900453e-18,8.846547337881255e-24,0.0,8.91742287927684e-19,,0.0,0.0,0.0,0.0,0.0,4.065586385900453e-18,8.91742287927684e-19,1.7845391984166736e-06,1.3045828086326867e-17,2.8708990269161863e-19,2.90962039739128e-21,,,2.8708990269161863e-19,2.90962039739128e-21,,1.1907839400394421e-07,3.631660640848455,21610103509289.84,2.6297031212094455e-05,0.00048775654691475697,2.6297031212094455e-05,0.00048775654691475697,0.031033900977802696,0.0005140535781268514,False,False,1.0,1.5143493122440526,1.0650188446915337e-08,0.23669113171877076,0.6515933395879415,1.0,1.2058879074537832,2.5522037066128084e-07,0.11517770573353081,0.8279974095874326,0.21699525054784516,0.11435537894520781,0.010217642073827131,0.0014954427518126456,True,AP3.4,130.0,8.3,7.498198192099515e+19,$(U_{0.8}Pu_{0.2})N$,1.0217642073827131,0.041104457390714465,87.42900911813167,3.557927008390692,5.714743730053564,3.2572156860333754,1.344419681862722e+18,2.006998482386417e-07,ok,
29,TRIAL_029,AP3.4,1750.0,1.3,7.498198192099515e+19,0.00035988477833597926,643550.2336527312,22448337845806.17,19.989549388105466,2.6316245995956224,32685671817147.043,1.0,40,TRIAL_029_AP3p4,rizk2025_refit_plot,rizk2025_refit_full,22448337845806.17,2.2805559559497603e+22,9.078322366277897e+25,4.7761306771217517e+24,1.3057815148866906e+23,1.4325037914371684e+19,2.664723100293181,32.75423463641134,1.0349405086450583,0.21085638510913046,1.2457968937541886,1.5753273715150635,2.821124265269252,3928639064990.4604,9.821597662476151e+17,234.81368561482472,0.5,9458110.022512503,9454304.139842873,1.0004025555570601,833113048.0232501,833107199.6770505,67777688.58393982,67777495.78468643,1.000007019920368,1.0000028445909834,0.021354345204360487,85.00630259924026,4.472205251281311,10.500137804274075,5.588354817732239,4.911782986541836,1.1213713920359757e+25,5.968132359749153e+24,5.245581560610605e+24,1.0679587381981997e+26,1.0155029225920937e+26,1.005291443940731,2.4216085566488144e+16,0.0014404483349864056,2.9993146412953086e-06,1.7895863283292452e-08,1.7895863283292452e-08,0.002383391987407485,0.002383391987407485,1.7525685770708052e+19,2.1263825740600353e-05,5934529.818796294,1.2999999999999998,22448337845806.17,0.0,7.925832130767031e-26,1.4719429461166554e-22,2.664723100293181e-09,3.275423463641134e-08,9.012035105346782e+25,5.827880762987498e+25,9.558215989946021e+25,0.010349405086450582,0.21085638510913046,1.5753273715150635,0.012457968937541886,0.028211242652692523,6076539.240199857,531340788.5969124,1.60394207302308e-20,2.348136856148247e-07,1.2727053611406628e-13,0.03407359027997264,1.0,1.170078713301288e-17,8.589643716813095e-19,1.7170310730346516e-17,8.552344067970446e-13,1.7995675661038836e+19,22448337845806.17,0.055177770049330395,0.0012153479912244392,1.3685768165594041e-05,5.8018773881445775e-06,1.3685768165594041e-05,5.8018773881445775e-06,6.124267563096314e-31,1.653927821649324e+19,2.8232755898613414e+17,363.0160872679125,5.703840186109903e-20,-1762050.7878883437,3.501260588223484e+21,4.630366307139581e+21,0.0,0.0,0.0,0.0,0.3333333333333333,0.3333333333333333,2.0,1.0809044845085196e-17,3.0549830664988003e-24,0.0,8.91742287927684e-19,,0.0,0.0,0.0,0.0,0.0,1.0809044845085196e-17,8.91742287927684e-19,2.610920984862119e-07,3.079207925386863e-17,8.552344067970446e-19,3.7299648842649055e-21,,,8.552344067970446e-19,3.7299648842649055e-21,,1.1907839400394421e-07,3.631660640848455,21509928780377.47,6.943248183184482e-05,0.0011459155093925945,6.943248183184482e-05,0.0011459155093925945,0.055177770049330395,0.0012153479912244392,False,False,1.0,1.5094571996224952,1.2228930178647213e-08,0.23507407859651877,0.6538839580255568,1.0,1.2357370587532324,2.5542997529014094e-07,0.12905358658024238,0.8074943027867755,0.21792403356002846,0.12823175483980842,0.010349405086450582,0.0021085638510913046,True,AP3.4,130.0,8.3,7.498198192099515e+19,$(U_{0.8}Pu_{0.2})N$,1.0349405086450583,0.021354345204360487,85.00630259924026,4.472205251281311,5.588354817732239,4.911782986541836,9.821597662476151e+17,2.3481368561482474e-07,ok,
29,TRIAL_029,AP3.4,1800.0,1.3,7.498198192099515e+19,0.00035988477833597926,643550.2336527312,22448337845806.17,19.989549388105466,2.6316245995956224,32685671817147.043,1.0,40,TRIAL_029_AP3p4,rizk2025_refit_plot,rizk2025_refit_full,22448337845806.17,1.168022372804059e+22,8.762507273532994e+25,6.016874530824549e+24,8.395684148209527e+22,1.42740813569532e+19,3.101322915722193,36.85890871903726,1.0490245828068603,0.2994085484810365,1.3484331312878968,1.9033793483070347,3.2518124795949315,2691119994590.3574,6.727799986475894e+17,283.71215277575993,0.5,7828651.071278237,7824832.240283486,1.0004880399831566,715827868.6240789,715823556.69759,60229747.74067849,60229672.476803206,1.000006023728122,1.0000012496145536,0.01093696161683813,82.04911819268042,5.633995317998787,12.305949527703964,5.467971034064531,6.837978493639432,1.3142246329937457e+25,5.839567446043862e+24,7.302678883893595e+24,1.0679587381981997e+26,9.94931949359264e+25,1.007525718780751,1.5260733052523502e+16,0.0009590702692105478,2.3723477661561814e-06,1.1198662208866054e-08,1.1198662208866054e-08,0.003405714610624474,0.003405714610624474,1.4996156755458814e+19,2.556670834350378e-05,5934529.818796294,1.2999999999999998,22448337845806.17,0.0,1.249480762125355e-25,2.0975678994234425e-22,3.1013229157221933e-09,3.685890871903726e-08,1.0412990122860612e+26,8.49797752951789e+25,9.365362748988253e+25,0.010490245828068604,0.2994085484810365,1.9033793483070347,0.013484331312878968,0.032518124795949316,8679757.807578197,943140376.7448045,2.829125943299704e-20,2.837121527757599e-07,1.8579624877563666e-13,0.03407359027997264,1.0,2.8109916689626407e-17,2.4025223904971453e-18,4.8025339980871894e-17,2.3978131732901632e-12,1.7995675661038836e+19,22448337845806.17,0.09817419345713546,0.002925279404951269,1.2908824166654464e-05,5.678652166014156e-06,1.2908824166654464e-05,5.678652166014156e-06,3.8127477392012805e-31,1.919862180211943e+19,1.85747655916953e+17,784.8239014169047,1.0173890563670928e-19,-1475009.2732483994,4.164807103989139e+21,5.536597832876478e+21,0.0,0.0,0.0,0.0,0.3333333333333333,0.3333333333333333,2.0,2.721817440169872e-17,1.0491064501063835e-24,0.0,8.91742287927684e-19,,0.0,0.0,0.0,0.0,0.0,2.721817440169872e-17,8.91742287927684e-19,3.732157806406955e-08,7.39747482530044e-17,2.397813173290163e-18,4.7092172069822286e-21,,,2.397813173290163e-18,4.7092172069822286e-21,,1.1907839400394421e-07,3.631660640848455,21396084812250.336,0.00018690759267678159,0.0027383718122744875,0.00018690759267678159,0.0027383718122744875,0.09817419345713546,0.002925279404951269,False,False,1.0,1.5053400688542635,1.4168618995117401e-08,0.23370692043762845,0.6558220296835604,1.0,1.2714697646959152,2.557335665458986e-07,0.14495112878512134,0.7840960785657964,0.21890812871252993,0.14413011459828637,0.010490245828068604,0.0029940854848103647,True,AP3.4,130.0,8.3,7.498198192099515e+19,$(U_{0.8}Pu_{0.2})N$,1.0490245828068603,0.01093696161683813,82.04911819268042,5.633995317998787,5.467971034064531,6.837978493639432,6.727799986475894e+17,2.8371215277575996e-07,ok,
29,TRIAL_029,AP3.8,900.0,1.1,6.863735268152632e+19,0.00035988477833597926,643550.2336527312,22448337845806.17,19.989549388105466,2.6316245995956224,32685671817147.043,1.0,40,TRIAL_029_AP3p8,rizk2025_refit_plot,rizk2025_refit_full,22448337845806.17,1.6434674777265145e+23,8.191148092438289e+25,2.3125566190732617e+24,3.757845181374502e+23,1.4420893459247024e+19,1.7004868731696714,19.47154293014786,0.7740113770252015,0.04459455936901752,0.818605936394219,0.05081855894045376,0.8694244953346727,26665538134438.61,6.666384533609652e+18,39.47945725206065,0.09593426723443835,672730008430.8936,56231776.08106875,11963.520545056694,1308859880.5836518,1305508460.5633957,115228402.12439013,114012536.54956979,1.002567137725641,1.010664314746578,0.18186842589826763,90.64439850870286,2.559107726873204,6.614625338525682,6.614625338525682,0.0,5.977355094772525e+24,5.977355094772525e+24,0.0,9.036573938600132e+25,9.036573938600133e+25,1.0011157141904128,8.769680553949243e+16,0.004609113645961159,6.236139456740807e-06,2.1240704586175178e-08,2.1240704586175178e-08,0.0005129283411816931,0.0005129283411816931,2.2263714090859573e+19,6.4075085634243736e-06,5485699.832500776,1.0999999999999999,22448337845806.17,0.0,2.0597213021481964e-26,3.092357591784468e-23,1.7004868731696714e-09,1.947154293014786e-08,2.661811479401055e+25,8.536080589244676e+24,8.43883842912288e+25,0.007740113770252015,0.04459455936901752,0.05081855894045376,0.00818605936394219,0.008694244953346726,896641.2100347236,566.896226753292,7.623106450617094e-23,3.947945725206065e-08,3.597687275267811e-15,0.51567944050074,0.0,8.162871712571295e-19,5.5598665086701915e-25,1.111392261663363e-23,5.119872410101689e-28,1.6472964643566316e+19,22448337845806.17,0.007360688459594474,8.425487003888706e-05,1.4583610667982553e-05,5.977466319906265e-06,1.4583610667982553e-05,5.977466319906265e-06,4.288555724712417e-31,5.172684267168297e+18,1.4245982158588307e+17,0.00013503556570910763,5.165820338199764e-22,-651459.8563539574,3.3095906163346343e+21,0.0,0.0,0.0,0.0,0.0,0.3333333333333333,0.3333333333333333,2.0,2.4966082885114063e-31,1.045298780017561e-24,0.0,8.162871712568798e-19,,0.0,0.0,0.0,0.0,0.0,2.4966082885114063e-31,8.162871712568798e-19,1.2805527476411767e-06,2.148161400214587e-18,5.119872410101689e-34,5.559866503550319e-25,,,5.119872410101689e-34,5.559866503550319e-25,,1.1907839400394421e-07,3.631660640848455,21886751324146.484,2.9113763762106626e-06,8.13434936626764e-05,2.9113763762106626e-06,8.13434936626764e-05,0.007360688459594474,8.425487003888706e-05,False,False,1.0,1.4713611670665836,8.597930543908952e-09,0.222198987506605,0.6721867662799226,1.0,1.1301948903147994,2.5486276888320885e-07,0.07722304491197457,0.8843956885335242,0.19781039709559275,0.07640010563076317,0.007740113770252015,0.00044594559369017515,True,AP3.8,119.0,8.3,6.863735268152632e+19,$(U_{0.8}Pu_{0.2})N$,0.7740113770252015,0.18186842589826763,90.64439850870286,2.559107726873204,6.614625338525682,0.0,6.666384533609652e+18,3.947945725206065e-08,ok,
29,TRIAL_029,AP3.8,950.0,1.1,6.863735268152632e+19,0.00035988477833597926,643550.2336527312,22448337845806.17,19.989549388105466,2.6316245995956224,32685671817147.043,1.0,40,TRIAL_029_AP3p8,rizk2025_refit_plot,rizk2025_refit_full,22448337845806.17,1.6414432407441548e+23,8.191019121292464e+25,2.3195174433461712e+24,3.7507834294025635e+23,1.441967585969688e+19,1.704952917438369,19.773572636357322,0.7786598273021198,0.04669813517774036,0.8253579624798603,0.05083473380386791,0.8761926962837282,26664391663097.13,6.666097915774283e+18,39.48421127707873,0.09595324735232327,106280780344.74507,56225005.59581265,1890.2760296507702,1303452909.0319073,1302088742.330475,112752603.75681315,112271062.02943443,1.0010476756745401,1.004289099244937,0.18164442098267533,90.64297129583765,2.566810673056354,6.608573610123323,6.608573610123323,0.0,5.971886405656101e+24,5.971886405656101e+24,0.0,9.036573938600132e+25,9.036573938600133e+25,1.0011683892835863,8.748093415271258e+16,0.00460048479569655,6.2168982369012995e-06,2.157695585368003e-08,2.157695585368003e-08,0.0005341774174061928,0.0005341774174061928,1.9702777072600457e+19,7.0441801256787225e-06,5485699.832500776,1.0999999999999999,22448337845806.17,0.0,2.0759925011883374e-26,3.238501033734195e-23,1.7049529174383693e-09,1.9773572636357323e-08,2.821300602497158e+25,9.23587041135229e+24,8.439385298034523e+25,0.007786598273021198,0.04669813517774036,0.05083473380386791,0.008253579624798602,0.008761926962837282,895859.3889724545,3784.35511371753,7.625860652837912e-23,3.948421127707873e-08,3.598553777812987e-15,0.5155985973765768,0.0,8.162871712643784e-19,1.555632732564192e-24,3.109639733734538e-23,2.2845010932250072e-26,1.6472964643566316e+19,22448337845806.17,0.0073640293539647145,8.426710238166408e-05,1.4572324547423753e-05,5.953103462969744e-06,1.4572324547423753e-05,5.953103462969744e-06,4.365338250070581e-31,5.491985651839426e+18,1.4665425706866234e+17,0.000901545667354143,5.167713677568707e-22,-651628.0587050935,3.306415398672568e+21,0.0,0.0,0.0,0.0,0.0,0.3333333333333333,0.3333333333333333,2.0,7.498646671560408e-30,3.8979387444212507e-23,0.0,8.162871712568798e-19,,0.0,0.0,0.0,0.0,0.0,7.498646671560408e-30,8.162871712568798e-19,4.775205199395189e-05,2.1481614002336632e-18,2.284501093225007e-32,1.555632709719181e-24,,,2.284501093225007e-32,1.555632709719181e-24,,1.1907839400394421e-07,3.631660640848455,21878088300621.383,2.9558053923529644e-06,8.131129698931112e-05,2.9558053923529644e-06,8.131129698931112e-05,0.0073640293539647145,8.426710238166408e-05,False,False,1.0,1.472463588636814,8.603323397001872e-09,0.22257879226144622,0.6716452350566586,1.0,1.1324287629956131,2.548699421221621e-07,0.07840591940695964,0.8826321206216663,0.19820560108557864,0.0775829899355803,0.007786598273021198,0.0004669813517774036,True,AP3.8,119.0,8.3,6.863735268152632e+19,$(U_{0.8}Pu_{0.2})N$,0.7786598273021198,0.18164442098267533,90.64297129583765,2.566810673056354,6.608573610123323,0.0,6.666097915774283e+18,3.9484211277078733e-08,ok,
29,TRIAL_029,AP3.8,1000.0,1.1,6.863735268152632e+19,0.00035988477833597926,643550.2336527312,22448337845806.17,19.989549388105466,2.6316245995956224,32685671817147.043,1.0,40,TRIAL_029_AP3p8,rizk2025_refit_plot,rizk2025_refit_full,22448337845806.17,1.6394412408978178e+23,8.190954020337117e+25,2.3256345406089396e+24,3.743917656778217e+23,1.4418509857082626e+19,1.7093506760242712,20.054947915678017,0.7832644250843784,0.048716222263820094,0.8319806473481985,0.05112303216534439,0.8831036795135428,26644615077086.805,6.6611537692717e+18,39.568497588054335,0.09629187303687979,20252369843.364002,56105238.6449521,360.9711023871769,1299367959.5153322,1298738773.2302148,110917802.53051773,110695874.62077169,1.000484459460275,1.002004843545492,0.18142287685987615,90.64225087949636,2.573579939046243,6.602746304597524,6.602746304597524,0.0,5.966620517931431e+24,5.966620517931431e+24,0.0,9.036573938600132e+25,9.036573938600132e+25,1.0012189261721767,8.726769300061222e+16,0.004592061427388641,6.200043775825559e-06,2.248687682302156e-08,2.248687682302156e-08,0.000555073440469424,0.000555073440469424,1.9055472881706254e+19,7.60373228609899e-06,5485699.832500776,1.0999999999999999,22448337845806.17,0.0,2.092098429745934e-26,3.378727950856158e-23,1.7093506760242712e-09,2.005494791567802e-08,2.9791028484539517e+25,9.90885274292065e+24,8.439911886806988e+25,0.007832644250843785,0.048716222263820094,0.05112303216534439,0.008319806473481985,0.008831036795135428,895733.7909621313,20901.92429614296,7.674801383684908e-23,3.9568497588054335e-08,3.613933725756337e-15,0.5141595197734775,0.0,8.162871714171498e-19,3.863167302789697e-24,7.722297359362883e-23,6.972208708889678e-25,1.6472964643566316e+19,22448337845806.17,0.0073674292538012795,8.427849420718996e-05,1.4561227428647854e-05,5.931018531076611e-06,1.4561227428647854e-05,5.931018531076611e-06,4.557737246375483e-31,5.810375391811202e+18,1.562967765093126e+17,0.004983673894146982,5.195596454868903e-22,-653911.4520031146,3.3032754710044266e+21,0.0,0.0,0.0,0.0,0.0,0.3333333333333333,0.3333333333333333,2.0,1.6026995865756309e-28,4.883477169444583e-22,0.0,8.162871712568798e-19,,0.0,0.0,0.0,0.0,0.0,1.6026995865756309e-28,8.162871712568798e-19,0.0005982547981204234,2.1481614006357e-18,6.972208708889678e-31,3.863166605568826e-24,,,6.972208708889678e-31,3.863166605568826e-24,,1.1907839400394421e-07,3.631660640848455,21870020498607.04,2.9971816984154046e-06,8.128131250877456e-05,2.9971816984154046e-06,8.128131250877456e-05,0.0073674292538012795,8.427849420718996e-05,False,False,1.0,1.4735531326931566,8.608579508040503e-09,0.22295372773581107,0.6711107410023006,1.0,1.134516587882457,2.548768119762572e-07,0.07950775643107796,0.8809896688319329,0.19859552915165082,0.07868486446447019,0.007832644250843785,0.0004871622226382009,True,AP3.8,119.0,8.3,6.863735268152632e+19,$(U_{0.8}Pu_{0.2})N$,0.7832644250843784,0.18142287685987615,90.64225087949636,2.573579939046243,6.602746304597524,0.0,6.6611537692717e+18,3.9568497588054335e-08,ok,
29,TRIAL_029,AP3.8,1050.0,1.1,6.863735268152632e+19,0.00035988477833597926,643550.2336527312,22448337845806.17,19.989549388105466,2.6316245995956224,32685671817147.043,1.0,40,TRIAL_029_AP3p8,rizk2025_refit_plot,rizk2025_refit_full,22448337845806.17,1.637450087275049e+23,8.190920841830405e+25,2.331342773337415e+24,3.737129859101936e+23,1.4417345962873885e+19,1.7137295819531106,20.3284019078162,0.7878683941993493,0.0507321940214039,0.8386005882207531,0.052577847190009276,0.8911784354107624,26546638613965.754,6.636659653491439e+18,39.98940385427356,0.09798970733119057,4535203503.861873,55514706.047881104,81.69373174650852,1295745319.872487,1295420247.9657853,109319717.0868615,109206813.7016918,1.0002509393435932,1.0010338492749922,0.1812025329954539,90.6418837214679,2.579896749783654,6.597016995753002,6.597016995753002,0.0,5.961443185632371e+24,5.961443185632371e+24,0.0,9.036573938600132e+25,9.036573938600133e+25,1.0012694136502185,8.705586447962424e+16,0.004583716230345733,6.18436314793421e-06,2.3444502850835205e-08,2.3444502850835205e-08,0.0005764803600713191,0.0005764803600713191,1.918161616156821e+19,8.060786940024921e-06,5485699.832500776,1.0999999999999999,22448337845806.17,0.0,2.1082178674644202e-26,3.5188303139873596e-23,1.7137295819531108e-09,2.03284019078162e-08,3.1367906970181126e+25,1.0582300601826118e+25,8.440429620036896e+25,0.007878683941993493,0.0507321940214039,0.052577847190009276,0.008386005882207531,0.008911784354107624,898259.5909519261,98282.80544309603,7.922335924270114e-23,3.998940385427356e-08,3.691228435966269e-15,0.5070356281755077,0.0,8.162871738158613e-19,8.68048799131575e-24,1.7351904341526258e-22,1.5366002896313798e-23,1.6472964643566316e+19,22448337845806.17,0.007370848894333654,8.428956193352501e-05,1.4550194039617998e-05,5.910098315288794e-06,1.4550194039617998e-05,5.910098315288794e-06,4.75999808035692e-31,6.127904265222053e+18,1.6641107256391552e+17,0.02352793030690368,5.335508736950367e-22,-665259.8666148648,3.300152689824983e+21,0.0,0.0,0.0,0.0,0.0,0.3333333333333333,0.3333333333333333,2.0,2.558981501392922e-27,2.652535369540001e-21,0.0,8.162871712568798e-19,,0.0,0.0,0.0,0.0,0.0,2.558981501392922e-27,8.162871712568798e-19,0.0032495124934283997,2.1481614069482084e-18,1.5366002896313797e-29,8.680472625312854e-24,,,1.5366002896313797e-29,8.680472625312854e-24,,1.1907839400394421e-07,3.631660640848455,21862182343956.527,3.037380182807689e-06,8.125218175071733e-05,3.037380182807689e-06,8.125218175071733e-05,0.007370848894333654,8.428956193352501e-05,False,False,1.0,1.4746397763318244,8.613788549893644e-09,0.2233272375249692,0.6705783728421171,1.0,1.136551897469518,2.548836701323265e-07,0.08057845793439342,0.8793939065449898,0.19898387908425696,0.07975560520288572,0.007878683941993493,0.000507321940214039,True,AP3.8,119.0,8.3,6.863735268152632e+19,$(U_{0.8}Pu_{0.2})N$,0.7878683941993493,0.1812025329954539,90.6418837214679,2.579896749783654,6.597016995753002,0.0,6.636659653491439e+18,3.9989403854273565e-08,ok,
29,TRIAL_029,AP3.8,1100.0,1.1,6.863735268152632e+19,0.00035988477833597926,643550.2336527312,22448337845806.17,19.989549388105466,2.6316245995956224,32685671817147.043,1.0,40,TRIAL_029_AP3p8,rizk2025_refit_plot,rizk2025_refit_full,22448337845806.17,1.6354653380085798e+23,8.190911327846085e+25,2.3367690678109654e+24,3.730383283108072e+23,1.441616936405267e+19,1.7181060705308042,20.597689920135796,0.7924867002725461,0.05277084312187597,0.8452575433944222,0.05835637925790089,0.903613922652323,26173783557654.266,6.543445889413566e+18,41.59946892628674,0.10454978459716265,1170579187.1635175,53366065.89698986,21.934897532507538,1292307234.3537893,1292120456.4012377,107841578.33799231,107779076.61527532,1.0001445515018559,1.000579905902702,0.1809828978461202,90.6417784383774,2.5859015636770826,6.591337100099423,6.591337100099423,0.0,5.956310505928661e+24,5.956310505928661e+24,0.0,9.036573938600132e+25,9.036573938600133e+25,1.001320472731812,8.684497588508624e+16,0.004575408627567428,6.169497996327908e-06,2.4435218009792608e-08,2.4435218009792608e-08,0.0005984869800907465,0.0005984869800907465,1.9637127635835728e+19,8.444290492719928e-06,5485699.832500776,1.0999999999999999,22448337845806.17,0.0,2.1244109254431996e-26,3.660531573211279e-23,1.7181060705308043e-09,2.05976899201358e-08,3.2949004397319874e+25,1.1264331089927731e+25,8.440942888007267e+25,0.00792486700272546,0.05277084312187597,0.05835637925790089,0.008452575433944221,0.00903613922652323,910271.2250689177,404246.1231348752,8.918294770697779e-23,4.159946892628674e-08,3.994446747328897e-15,0.4808630769298371,0.0,8.162872030182321e-19,1.792226870002319e-23,3.5825807532601032e-22,2.556484784617257e-22,1.6472964643566316e+19,22448337845806.17,0.007374280149921238,8.43004602155761e-05,1.4539182839701332e-05,5.890000461781827e-06,1.4539182839701332e-05,5.890000461781827e-06,4.969297095984953e-31,6.444169472330707e+18,1.7687249619519446e+17,0.09825508450375972,5.893102229799247e-22,-708818.3772456293,3.297040089058061e+21,0.0,0.0,0.0,0.0,0.0,0.3333333333333333,0.3333333333333333,2.0,3.1761352235744896e-26,7.564160303615265e-21,0.0,8.162871712568798e-19,,0.0,0.0,0.0,0.0,0.0,3.1761352235744896e-26,8.162871712568798e-19,0.009266542799699283,2.1481614837978857e-18,2.556484784617257e-28,1.7922013051544728e-23,,,2.556484784617257e-28,1.7922013051544728e-23,,1.1907839400394421e-07,3.631660640848455,21854466105748.938,3.0769534458638033e-06,8.12235067697123e-05,3.0769534458638033e-06,8.12235067697123e-05,0.007374280149921238,8.43004602155761e-05,False,False,1.0,1.475726979871824,8.618978462402205e-09,0.22370051330023918,0.6700464316058468,1.0,1.1385622436428906,2.5489060389287e-07,0.0816327327236103,0.8778228972229515,0.1993719213400822,0.08080992015505661,0.00792486700272546,0.0005277084312187597,True,AP3.8,119.0,8.3,6.863735268152632e+19,$(U_{0.8}Pu_{0.2})N$,0.7924867002725461,0.1809828978461202,90.6417784383774,2.5859015636770826,6.591337100099423,0.0,6.543445889413566e+18,4.159946892628674e-08,ok,
29,TRIAL_029,AP3.8,1150.0,1.1,6.863735268152632e+19,0.00035988477833597926,643550.2336527312,22448337845806.17,19.989549388105466,2.6316245995956224,32685671817147.043,1.0,40,TRIAL_029_AP3p8,rizk2025_refit_plot,rizk2025_refit_full,22448337845806.17,1.633484867647134e+23,8.190922128549796e+25,2.3419647984067897e+24,3.723664095089816e+23,1.441497445768184e+19,1.72248631447019,20.864232943751716,0.7971250303971931,0.054841554321177745,0.8519665847183708,0.07796837399616148,0.9299349587145322,25038287097004.94,6.259571774251235e+18,46.49987619944525,0.12496525254496552,345066567.1063387,47742062.591265246,7.227726419374916,1288953278.5275156,1288834623.1550975,106439434.66954242,106402186.26704085,1.0000920640788868,1.0003500717777367,0.18076373620644326,90.64189796048593,2.5916512323359426,6.585687070971721,6.585687070971721,0.0,5.951204815331889e+24,5.951204815331889e+24,0.0,9.036573938600132e+25,9.036573938600133e+25,1.0013723386310744,8.663482377089128e+16,0.004567123514175592,6.15529984501234e-06,2.545595791404173e-08,2.545595791404173e-08,0.0006210441181379579,0.0006210441181379579,2.0248508688968696e+19,8.786760852545584e-06,5485699.832500776,1.0999999999999999,22448337845806.17,0.0,2.1407006916878362e-26,3.804485015369021e-23,1.7224863144701901e-09,2.0864232943751717e-08,3.4536364890032327e+25,1.1958007083358694e+25,8.441453457066944e+25,0.00797125030397193,0.054841554321177745,0.07796837399616148,0.008519665847183708,0.009299349587145322,950736.732473008,1497401.9446958713,1.2455863884632587e-22,4.649987619944525e-08,4.990966517031181e-15,0.4109209539408655,0.0,8.162874879327773e-19,3.4427700444941665e-23,6.88194218363062e-22,3.330768464716398e-21,1.6472964643566316e+19,22448337845806.17,0.007377721837628803,8.43112702295869e-05,1.4528178322998868e-05,5.870581934864269e-06,1.4528178322998868e-05,5.870581934864269e-06,5.185068337280112e-31,6.759708943753452e+18,1.876574093888292e+17,0.381299436716283,7.821431536112743e-22,-840864.1194872595,3.2939350232099644e+21,0.0,0.0,0.0,0.0,0.0,0.3333333333333333,0.3333333333333333,2.0,3.1667589742037936e-25,1.3094981712716537e-20,0.0,8.162871712568798e-19,,0.0,0.0,0.0,0.0,0.0,3.1667589742037936e-25,8.162871712568798e-19,0.01604211984907324,2.1481622335860115e-18,3.330768464716398e-27,3.4424369676476946e-23,,,3.330768464716398e-27,3.4424369676476946e-23,,1.1907839400394421e-07,3.631660640848455,21846831039581.473,3.1161113265050213e-06,8.119515890308188e-05,3.1161113265050213e-06,8.119515890308188e-05,0.007377721837628803,8.43112702295869e-05,False,False,1.0,1.4768160426933978,8.624159753973043e-09,0.22407400064223942,0.669514282461149,1.0,1.1405580145575807,2.548976463085467e-07,0.08267614553314277,0.876268341690943,0.1997601316306035,0.08185337386253101,0.00797125030397193,0.0005484155432117774,True,AP3.8,119.0,8.3,6.863735268152632e+19,$(U_{0.8}Pu_{0.2})N$,0.7971250303971931,0.18076373620644326,90.64189796048593,2.5916512323359426,6.585687070971721,0.0,6.259571774251235e+18,4.649987619944525e-08,ok,
29,TRIAL_029,AP3.8,1200.0,1.1,6.863735268152632e+19,0.00035988477833597926,643550.2336527312,22448337845806.17,19.989549388105466,2.6316245995956224,32685671817147.043,1.0,40,TRIAL_029_AP3p8,rizk2025_refit_plot,rizk2025_refit_full,22448337845806.17,1.631505257522579e+23,8.19095125693915e+25,2.3469557189007607e+24,3.7169633796098096e+23,1.4413758995033803e+19,1.7268733351760284,21.12861895679738,0.8017857666530068,0.05694809465574733,0.8587338613087543,0.13401598355602293,0.9927498448647771,22497390038051.086,5.624347509512772e+18,57.723855289792816,0.17303097674861265,118017722.65203466,38458969.67302109,3.0686657405391675,1285643123.4083388,1285560414.1769352,105094449.10980742,105070757.56060214,1.0000643371019295,1.0002254818538985,0.18054466976179226,90.64222029934524,2.5971742552513555,6.5800607756416305,6.5800607756416305,0.0,5.946120571956812e+24,5.946120571956812e+24,0.0,9.036573938600132e+25,9.036573938600133e+25,1.0014251058987125,8.64252294133255e+16,0.004558851074197324,6.14169171932358e-06,2.650593968173885e-08,2.650593968173885e-08,0.0006440983328544577,0.0006440983328544577,2.094219395909162e+19,9.098857867985531e-06,5485699.832500776,1.0999999999999999,22448337845806.17,0.0,2.1570989131918077e-26,3.9509537154997904e-23,1.7268733351760285e-09,2.112861895679738e-08,3.6130861632919735e+25,1.2664543087162691e+25,8.441961881404452e+25,0.008017857666530069,0.05694809465574733,0.13401598355602293,0.008587338613087542,0.009927498448647772,1057210.7363387144,5080175.821699705,2.382782773101311e-22,5.772385528979281e-08,7.691157794568869e-15,0.29268836910130336,0.0,8.162897780388003e-19,6.217615733574239e-23,1.2428733678254386e-21,3.503783313863259e-20,1.6472964643566316e+19,22448337845806.17,0.007381183862063436,8.432219649295859e-05,1.4517172982222e-05,5.851770471801399e-06,1.4517172982222e-05,5.851770471801399e-06,5.4071795878974055e-31,7.075306531119873e+18,1.9876065186935866e+17,1.4436364918366233,1.3739007303714945e-21,-1130540.9088207188,3.290837580138544e+21,0.0,0.0,0.0,0.0,0.0,0.3333333333333333,0.3333333333333333,2.0,2.6067819204802983e-24,1.5382006404450104e-20,0.0,8.162871712568798e-19,,0.0,0.0,0.0,0.0,0.0,2.6067819204802983e-24,8.162871712568798e-19,0.018843806229457596,2.148168260285357e-18,3.503783313863259e-26,6.214111950260375e-23,,,3.503783313863259e-26,6.214111950260375e-23,,1.1907839400394421e-07,3.631660640848455,21839260299312.855,3.1549470199478134e-06,8.116724947301078e-05,3.1549470199478134e-06,8.116724947301078e-05,0.007381183862063436,8.432219649295859e-05,False,False,1.0,1.4779074755134236,8.629339226210597e-09,0.22444787309297576,0.6689816785242689,1.0,1.142543460948451,2.5490481067158936e-07,0.08371099833147852,0.8747268062208212,0.20014870329699602,0.08288826822659427,0.008017857666530069,0.0005694809465574733,True,AP3.8,119.0,8.3,6.863735268152632e+19,$(U_{0.8}Pu_{0.2})N$,0.8017857666530068,0.18054466976179226,90.64222029934524,2.5971742552513555,6.5800607756416305,0.0,5.624347509512772e+18,5.772385528979282e-08,ok,
29,TRIAL_029,AP3.8,1250.0,1.1,6.863735268152632e+19,0.00035988477833597926,643550.2336527312,22448337845806.17,19.989549388105466,2.6316245995956224,32685671817147.043,1.0,40,TRIAL_029_AP3p8,rizk2025_refit_plot,rizk2025_refit_full,22448337845806.17,1.6295090915349953e+23,8.190995541117048e+25,2.351764430153286e+24,3.7102569093624916e+23,1.4412521940330492e+19,1.731271620887411,21.391136742136034,0.8064700101959125,0.05909220319963199,0.8655622133955444,0.2567101207301754,1.12227233412572,18746219258967.457,4.686554814741864e+18,76.18280201950951,0.25113580731500973,49721698.804559685,29140435.1264408,1.7062785297754293,1282356995.88169,1282294455.2525375,103797252.72557689,103781300.95475796,1.0000487724398217,1.0001537056355256,0.18032377122201965,90.64271035429525,2.6024956428537798,6.574470231628976,6.574470231628976,0.0,5.941068635524078e+24,5.941068635524078e+24,0.0,9.036573938600132e+25,9.036573938600133e+25,1.001478818310888,8.621553376490859e+16,0.004550563280927236,6.128606965383978e-06,2.7584165669268883e-08,2.7584165669268883e-08,0.000667615241907165,0.000667615241907165,2.168416376505689e+19,9.394732793084463e-06,5485699.832500776,1.0999999999999999,22448337845806.17,0.0,2.1736230937562832e-26,4.10005989543541e-23,1.731271620887411e-09,2.1391136742136036e-08,3.773296383200329e+25,1.3384468619493919e+25,8.442467075047726e+25,0.008064700101959124,0.05909220319963199,0.2567101207301754,0.008655622133955444,0.011222723341257198,1267683.590691409,15061148.32292185,5.477587073614864e-22,7.618280201950951e-08,1.3396611009704062e-14,0.17624921947267125,0.0,8.1630529947906185e-19,1.066087053798265e-22,2.1310599813920265e-21,3.0533079764031823e-19,1.6472964643566316e+19,22448337845806.17,0.007384736753005158,8.433441055152616e-05,1.4506155681415436e-05,5.8335200079175726e-06,1.4506155681415436e-05,5.8335200079175726e-06,5.635442190404877e-31,7.391580705023833e+18,2.1017334092105843e+17,5.183675916038469,2.95051169598466e-21,-1554631.98302463,3.287755438248893e+21,0.0,0.0,0.0,0.0,0.0,0.3333333333333333,0.3333333333333333,2.0,1.8128222181985484e-23,1.3360203119369858e-20,0.0,8.162871712568798e-19,,0.0,0.0,0.0,0.0,0.0,1.8128222181985484e-23,8.162871712568798e-19,0.016366674487959202,2.148209106889371e-18,3.0533079764031822e-25,1.0630337458218618e-22,,,3.0533079764031822e-25,1.0630337458218618e-22,,1.1907839400394421e-07,3.631660640848455,21831745621323.07,3.193547109700227e-06,8.114086344182593e-05,3.193547109700227e-06,8.114086344182593e-05,0.007384736753005158,8.433441055152616e-05,False,False,1.0,1.479001374281064,8.634535624086155e-09,0.22482216156081633,0.668448576223435,1.0,1.1445206293683792,2.549121031298452e-07,0.08473842126951382,0.8731966044512761,0.2005377205039716,0.08391573333215784,0.008064700101959124,0.0005909220319963199,True,AP3.8,119.0,8.3,6.863735268152632e+19,$(U_{0.8}Pu_{0.2})N$,0.8064700101959125,0.18032377122201965,90.64271035429525,2.6024956428537798,6.574470231628976,0.0,4.686554814741864e+18,7.618280201950951e-08,ok,
29,TRIAL_029,AP3.8,1300.0,1.1,6.863735268152632e+19,0.00035988477833597926,643550.2336527312,22448337845806.17,19.989549388105466,2.6316245995956224,32685671817147.043,1.0,40,TRIAL_029_AP3p8,rizk2025_refit_plot,rizk2025_refit_full,22448337845806.17,1.6274024583081696e+23,8.191042418350159e+25,2.3564482171850867e+24,3.703424371290096e+23,1.4411262054609654e+19,1.7357004037246722,21.652095330555873,0.8111784096977305,0.061276001258800276,0.8724544109565308,0.43226227883159496,1.3047166897881257,15315574504792.96,3.82889362619824e+18,96.95090289046112,0.33229061177281244,27905381.16720999,22898187.98808137,1.2186720268754405,1279073075.7955322,1279022575.1149569,102541740.02804612,102530492.59704171,1.0000394838070554,1.0001096984001492,0.1800906482219602,90.64322910435949,2.607678787554,6.569001459864547,6.569001459864547,0.0,5.936126739483819e+24,5.936126739483819e+24,0.0,9.036573938600132e+25,9.036573938600132e+25,1.001533529238848,8.600230924217632e+16,0.004542118943638704,6.115890129682239e-06,2.868922823022861e-08,2.868922823022861e-08,0.0006915886441528009,0.0006915886441528009,2.2456822046223364e+19,9.682888700274474e-06,5485699.832500776,1.0999999999999999,22448337845806.17,0.0,2.1903469016032713e-26,4.2519524679103484e-23,1.7357004037246723e-09,2.1652095330555876e-08,3.9343259037158145e+25,1.411834312071093e+25,8.44296126465175e+25,0.008111784096977305,0.061276001258800276,0.43226227883159496,0.008724544109565307,0.013047166897881258,1550350.393353152,34132525.17869197,1.128948257726329e-21,9.695090289046113e-08,2.169625512048687e-14,0.10555902724686039,0.0,8.163957681071563e-19,1.7578350904993307e-22,3.513833135768121e-21,2.2525702314749626e-18,1.6472964643566316e+19,22448337845806.17,0.0073887719149307515,8.435430219761433e-05,1.4495078496927853e-05,5.815786394827738e-06,1.4495078496927853e-05,5.815786394827738e-06,5.86957587650167e-31,7.708994658033584e+18,2.2188229755309024e+17,14.888773000615299,6.115487940625267e-21,-1990239.8265749593,3.284733432498456e+21,0.0,0.0,0.0,0.0,0.0,0.3333333333333333,0.3333333333333333,2.0,1.085968502764781e-22,9.173994716924637e-21,0.0,8.162871712568798e-19,,0.0,0.0,0.0,0.0,0.0,1.085968502764781e-22,8.162871712568798e-19,0.011237190435461078,2.1484471863565558e-18,2.2525702314749626e-24,1.7353093881845811e-22,,,2.2525702314749626e-24,1.7353093881845811e-22,,1.1907839400394421e-07,3.631660640848455,21824278171618.49,3.232203101920537e-06,8.11220990956938e-05,3.232203101920537e-06,8.11220990956938e-05,0.0073887719149307515,8.435430219761433e-05,False,False,1.0,1.4800971063238513,8.63984259588274e-09,0.2251966479293633,0.667915286613156,1.0,1.1464917453104135,2.549195310328785e-07,0.08575962333223452,0.8716759337096931,0.20092722873263283,0.08493697808715704,0.008111784096977305,0.0006127600125880028,True,AP3.8,119.0,8.3,6.863735268152632e+19,$(U_{0.8}Pu_{0.2})N$,0.8111784096977305,0.1800906482219602,90.64322910435949,2.607678787554,6.569001459864547,0.0,3.82889362619824e+18,9.695090289046113e-08,ok,
29,TRIAL_029,AP3.8,1350.0,1.1,6.863735268152632e+19,0.00035988477833597926,643550.2336527312,22448337845806.17,19.989549388105466,2.6316245995956224,32685671817147.043,1.0,40,TRIAL_029_AP3p8,rizk2025_refit_plot,rizk2025_refit_full,22448337845806.17,1.624736936047036e+23,8.191034746322885e+25,2.361243917643826e+24,3.695895727478946e+23,1.4409974553567605e+19,1.7402500997220167,21.91248694812425,0.8159120012343594,0.06350776578710783,0.8794197670214672,0.5773080817399856,1.4567278487614528,13334366067526.236,3.333591516881559e+18,111.81299066540889,0.38480257015866826,20983374.912727814,19854580.28435324,1.0568531095700946,1275721393.948388,1275678708.6836643,101320227.44638352,101312096.85398291,1.0000334608271135,1.0000802529278643,0.1797956777741727,90.64314420462507,2.612985777228764,6.564074340371998,6.564074340371998,0.0,5.931674311523945e+24,5.931674311523945e+24,0.0,9.036573938600132e+25,9.036573938600132e+25,1.0015894463139836,8.576925654042752e+16,0.004532847529782966,6.1029227490435585e-06,2.982175128221902e-08,2.982175128221902e-08,0.0007160940193970368,0.0007160940193970368,2.3248051337550037e+19,9.969244255827758e-06,5485699.832500776,1.0999999999999999,22448337845806.17,0.0,2.2076163977464576e-26,4.4072087394064586e-23,1.7402500997220167e-09,2.1912486948124252e-08,4.096376444880302e+25,1.4868310666485286e+25,8.443406507447737e+25,0.008159120012343594,0.06350776578710783,0.5773080817399856,0.008794197670214672,0.014567278487614528,1779364.4726672415,54101151.08368157,1.731790109305396e-21,1.1181299066540889e-07,2.8857957566936364e-14,0.07529675616167558,0.0,8.168569279875949e-19,2.862168056389775e-22,5.721344972026124e-21,1.4331663655150738e-17,1.6472964643566316e+19,22448337845806.17,0.007395167789239551,8.44124760156431e-05,1.4483716145003742e-05,5.798483703941947e-06,1.4483716145003742e-05,5.798483703941947e-06,6.109705585340801e-31,8.028151893669538e+18,2.3389714348927686e+17,28.412976155522035,9.835779717653759e-21,-2314871.6805066452,3.2819870133417463e+21,0.0,0.0,0.0,0.0,0.0,0.3333333333333333,0.3333333333333333,2.0,5.697567307150379e-22,5.248217173930294e-21,0.0,8.162871712568798e-19,,0.0,0.0,0.0,0.0,0.0,5.697567307150379e-22,8.162871712568798e-19,0.006424891549686404,2.149660786042265e-18,1.433166365515074e-23,2.7188514198382675e-22,,,1.433166365515074e-23,2.7188514198382675e-22,,1.1907839400394421e-07,3.631660640848455,21816829587249.78,3.272255697754462e-06,8.114022031788863e-05,3.272255697754462e-06,8.114022031788863e-05,0.007395167789239551,8.44124760156431e-05,False,False,1.0,1.4811912359497617,8.645705385205854e-09,0.22557015873783007,0.6673834806299156,1.0,1.1484642442178903,2.549271226408219e-07,0.0867784861008851,0.8701590137886113,0.20131730459663388,0.0859558840739808,0.008159120012343594,0.0006350776578710783,True,AP3.8,119.0,8.3,6.863735268152632e+19,$(U_{0.8}Pu_{0.2})N$,0.8159120012343594,0.1797956777741727,90.64314420462507,2.612985777228764,6.564074340371998,0.0,3.333591516881559e+18,1.118129906654089e-07,ok,
29,TRIAL_029,AP3.8,1400.0,1.1,6.863735268152632e+19,0.00035988477833597926,643550.2336527312,22448337845806.17,19.989549388105466,2.6316245995956224,32685671817147.043,1.0,40,TRIAL_029_AP3p8,rizk2025_refit_plot,rizk2025_refit_full,22448337845806.17,1.6196218153008827e+23,8.190732983726147e+25,2.367129848205795e+24,3.6852670995986e+23,1.4408638535714666e+19,1.7453046096258693,22.176359730236335,0.8206751561752136,0.06582370585395757,0.8864988620291712,0.6598684462415617,1.5463673082707328,12419124705685.91,3.104781176421478e+18,119.71152603396706,0.41081281742031855,18804605.605321754,18544580.238414932,1.0140216367026837,1272021161.262371,1271984264.3834467,100112364.94355768,100106601.21882598,1.0000290073391296,1.000057575870737,0.1792296313077897,90.6398048572265,2.6194992308915808,6.561466280574148,6.561466280574148,0.0,5.929317519003988e+24,5.929317519003988e+24,0.0,9.036573938600132e+25,9.036573938600133e+25,1.001647477184168,8.544770502980766e+16,0.004519920003365121,6.0871823978260735e-06,3.098972774024476e-08,3.098972774024476e-08,0.0007415282026374678,0.0007415282026374678,2.4041223807148917e+19,1.0260584308505572e-05,5485699.832500776,1.0999999999999999,22448337845806.17,0.0,2.226908210437723e-26,4.568350138758806e-23,1.7453046096258693e-09,2.2176359730236337e-08,4.260294582401187e+25,1.56439190056644e+25,8.443642186699734e+25,0.008206751561752136,0.06582370585395757,0.6598684462415617,0.008864988620291711,0.015463673082707328,1909737.653665508,67192481.38267253,2.1253299628739562e-21,1.1971152603396706e-07,3.3079047610515905e-14,0.06342982482808202,0.0,8.189426464829586e-19,4.907545740295142e-22,9.809962795001634e-21,7.989389038480301e-17,1.6472964643566316e+19,22448337845806.17,0.007411887810423575,8.463869860385722e-05,1.4471113563725133e-05,5.781336359090758e-06,1.4471113563725133e-05,5.781336359090758e-06,6.35743785756913e-31,8.350783054929844e+18,2.4631274437465005e+17,39.070231823284104,1.2506525770191424e-20,-2496541.025325346,3.2804265937925906e+21,0.0,0.0,0.0,0.0,0.0,0.3333333333333333,0.3333333333333333,2.0,2.6554752260788454e-21,2.6068146230906868e-21,0.0,8.162871712568798e-19,,0.0,0.0,0.0,0.0,0.0,2.6554752260788454e-21,8.162871712568798e-19,0.00318314674939197,2.1551496141424952e-18,7.989389038480301e-23,4.108606836447112e-22,,,7.989389038480301e-23,4.108606836447112e-22,,1.1907839400394421e-07,3.631660640848455,21809284176526.16,3.3194334390769117e-06,8.131926516478031e-05,3.3194334390769117e-06,8.131926516478031e-05,0.007411887810423575,8.463869860385722e-05,False,False,1.0,1.4822692789693066,8.654009400083488e-09,0.22593776059733242,0.6668601800074838,1.0,1.1504688976061102,2.549350012811088e-07,0.08781084457982911,0.8686222766204417,0.20170829674832905,0.08698828655175549,0.008206751561752136,0.0006582370585395757,True,AP3.8,119.0,8.3,6.863735268152632e+19,$(U_{0.8}Pu_{0.2})N$,0.8206751561752136,0.1792296313077897,90.6398048572265,2.6194992308915808,6.561466280574148,0.0,3.104781176421478e+18,1.1971152603396706e-07,ok,
29,TRIAL_029,AP3.8,1450.0,1.1,6.863735268152632e+19,0.00035988477833597926,643550.2336527312,22448337845806.17,19.989549388105466,2.6316245995956224,32685671817147.043,1.0,40,TRIAL_029_AP3p8,rizk2025_refit_plot,rizk2025_refit_full,22448337845806.17,1.605011303357075e+23,8.189235838229568e+25,2.3777802645231485e+24,3.662542242374138e+23,1.440717160417898e+19,1.752318924542841,22.459092642629205,0.825487887922568,0.06836659622370678,0.8938544841462748,0.7160923495962357,1.6099468337425105,11862564095849.766,2.965641023962441e+18,124.91386987243227,0.4272489079920522,17849961.07626437,17772245.806387756,1.004372844643454,1266924835.7083557,1266892669.4261272,98850172.4721062,98846379.74137288,1.0000253899031897,1.0000383699508595,0.1776128114772787,90.62323723428942,2.6312851315987724,6.567864822634545,6.567864822634545,0.0,5.93509960884679e+24,5.93509960884679e+24,0.0,9.036573938600132e+25,9.036573938600132e+25,1.001711200515726,8.478141240422955e+16,0.004492747136423449,6.0592985936082375e-06,3.2203509168513275e-08,3.2203509168513275e-08,0.0007694974893600014,0.0007694974893600014,2.4794254091115725e+19,1.05709692966452e-05,5485699.832500776,1.0999999999999999,22448337845806.17,0.0,2.253865848622866e-26,4.7453169922593405e-23,1.7523189245428411e-09,2.2459092642629205e-08,4.429387676680104e+25,1.648334889242576e+25,8.443063977715453e+25,0.00825487887922568,0.06836659622370678,0.7160923495962357,0.008938544841462748,0.016099468337425104,2001287.2633238689,76828671.30502418,2.4146292279146214e-21,1.2491386987243227e-07,3.6016573191080115e-14,0.05680775709142061,0.0,8.274171632376133e-19,9.969293275342691e-22,1.9928168029197044e-20,3.956100289530877e-16,1.6472964643566316e+19,22448337845806.17,0.007469105713416072,8.55261162118992e-05,1.4453660189115097e-05,5.763380866131509e-06,1.4453660189115097e-05,5.763380866131509e-06,6.614759213207822e-31,8.683117231226736e+18,2.592872859630744e+17,48.481582892580555,1.4789849504307132e-20,-2656496.3597144233,3.283477701502691e+21,0.0,0.0,0.0,0.0,0.0,0.3333333333333333,0.3333333333333333,2.0,1.1129991980733449e-20,1.1616069964338774e-21,0.0,8.162871712568798e-19,,0.0,0.0,0.0,0.0,0.0,1.1129991980733449e-20,8.162871712568798e-19,0.001403895215188198,2.17745136090373e-18,3.9561002895308766e-22,6.013192985811814e-22,,,3.9561002895308766e-22,6.013192985811814e-22,,1.1907839400394421e-07,3.631660640848455,21801202598177.465,3.395794765300729e-06,8.213032144659847e-05,3.395794765300729e-06,8.213032144659847e-05,0.007469105713416072,8.55261162118992e-05,False,False,1.0,1.4832776199198727,8.671871686678659e-09,0.22628122054992428,0.6663713294272599,1.0,1.1526233099629493,2.5494365307630734e-07,0.08891684891309524,0.8669762240934634,0.20210182494337614,0.08809433591561615,0.00825487887922568,0.0006836659622370678,True,AP3.8,119.0,8.3,6.863735268152632e+19,$(U_{0.8}Pu_{0.2})N$,0.825487887922568,0.1776128114772787,90.62323723428942,2.6312851315987724,6.567864822634545,0.0,2.965641023962441e+18,1.249138698724323e-07,ok,
29,TRIAL_029,AP3.8,1500.0,1.1,6.863735268152632e+19,0.00035988477833597926,643550.2336527312,22448337845806.17,19.989549388105466,2.6316245995956224,32685671817147.043,1.0,40,TRIAL_029_AP3p8,rizk2025_refit_plot,rizk2025_refit_full,22448337845806.17,1.5583400714550896e+23,8.183527671986946e+25,2.4054849975265932e+24,3.598421914836327e+23,1.440528483218069e+19,1.7661763842999447,22.812658052802373,0.8304297756973315,0.07163712225052765,0.9020668979478591,0.7736944215011886,1.6757613194490477,11339531939207.38,2.8348829848018447e+18,130.1183721782066,0.44315273564853463,17099140.701094925,17061387.741306417,1.0022127719245901,1256981276.5147617,1256952600.9600317,97316801.10092707,97314394.26574357,1.0000228135529599,1.000024732571185,0.17244810721888412,90.56006986265713,2.6619435793597126,6.605538450764263,6.605538450764263,0.0,5.969143661459743e+24,5.969143661459743e+24,0.0,9.036573938600132e+25,9.036573938600132e+25,1.001793167340856,8.294297370886376e+16,0.004416834728041893,5.988723639521711e-06,3.341365565002936e-08,3.341365565002936e-08,0.0008056558328242254,0.0008056558328242254,2.5377292772094427e+19,1.0940692277645294e-05,5485699.832500776,1.0999999999999999,22448337845806.17,0.0,2.3077610001024665e-26,4.972975063324946e-23,1.7661763842999448e-09,2.2812658052802374e-08,4.615153687698523e+25,1.7522224853769986e+25,8.439659572454157e+25,0.008304297756973314,0.07163712225052765,0.7736944215011886,0.009020668979478591,0.016757613194490477,2105604.9556405162,87292519.66141006,2.7291934998695158e-21,1.301183721782066e-07,3.908033753283034e-14,0.05097704518442425,0.0,8.586863335070055e-19,2.616148172893133e-21,5.229562310864916e-20,1.7607759639859707e-15,1.6472964643566316e+19,22448337845806.17,0.007669444531226767,8.877326280508142e-05,1.4419301552953986e-05,5.741512184750948e-06,1.4419301552953986e-05,5.741512184750948e-06,6.870997987682641e-31,9.046555706065973e+18,2.7249816095535274e+17,59.923134610709724,1.7469389113696164e-20,-2829510.7603631536,3.3025619107556864e+21,0.0,0.0,0.0,0.0,0.0,0.3333333333333333,0.3333333333333333,2.0,4.239916225012569e-20,4.766040325715508e-22,0.0,8.162871712568798e-19,,0.0,0.0,0.0,0.0,0.0,4.239916225012569e-20,8.162871712568798e-19,0.0005550385676048057,2.2597400785936066e-18,1.7607759639859707e-21,8.553722089071623e-22,,,1.7607759639859707e-21,8.553722089071623e-22,,1.1907839400394421e-07,3.631660640848455,21791100984075.62,3.5786230794246073e-06,8.519463972565682e-05,3.5786230794246073e-06,8.519463972565682e-05,0.007669444531226767,8.877326280508142e-05,False,False,1.0,1.4840423841475674,8.72307903397338e-09,0.22654147291303156,0.666000962507988,1.0,1.1553269287849552,2.5495478287621305e-07,0.0902997358901855,0.8649185500978683,0.20250432552441652,0.08947726699162527,0.008304297756973314,0.0007163712225052765,True,AP3.8,119.0,8.3,6.863735268152632e+19,$(U_{0.8}Pu_{0.2})N$,0.8304297756973315,0.17244810721888412,90.56006986265713,2.6619435793597126,6.605538450764263,0.0,2.8348829848018447e+18,1.3011837217820663e-07,ok,
29,TRIAL_029,AP3.8,1550.0,1.1,6.863735268152632e+19,0.00035988477833597926,643550.2336527312,22448337845806.17,19.989549388105466,2.6316245995956224,32685671817147.043,1.0,40,TRIAL_029_AP3p8,rizk2025_refit_plot,rizk2025_refit_full,22448337845806.17,1.4244884165156594e+23,8.164975409002732e+25,2.4853416983096735e+24,3.416814090949191e+23,1.440210399690118e+19,1.8007610731686785,23.385203609338202,0.8357535707084384,0.0771503709570395,0.9129039416654778,0.8570486601418776,1.7699526018073557,10654923730236.057,2.6637309325590144e+18,137.4565863198958,0.4646891333397305,16178801.819362206,16150553.854389384,1.0017490400160578,1232838105.783709,1232812077.6698127,94933497.55298004,94931822.57833786,1.00002111279924,1.0000176439743458,0.1576358945541178,90.35476790739988,2.750314129222608,6.737282068823387,6.737282068823387,0.0,6.08819475601274e+24,6.08819475601274e+24,0.0,9.036573938600132e+25,9.036573938600132e+25,1.0019313660470333,7.784320934747565e+16,0.004202547502556208,5.795009826297908e-06,3.443908362639915e-08,3.443908362639915e-08,0.0008671005909874419,0.0008671005909874419,2.5428331491646087e+19,1.1479978662951497e-05,5485699.832500776,1.0999999999999999,22448337845806.17,0.0,2.4460024703195544e-26,5.356881950973241e-23,1.8007610731686786e-09,2.3385203609338203e-08,4.851362109772618e+25,1.9177036074935723e+25,8.427754462998858e+25,0.008357535707084383,0.0771503709570395,0.8570486601418776,0.009129039416654779,0.017699526018073557,2285589.239362057,103482446.56563246,3.2174745942471044e-21,1.374565863198958e-07,4.3612619395956525e-14,0.04389844938527404,0.0,9.64451857158908e-19,8.303373578131135e-21,1.6598069622794234e-19,7.11715258415843e-15,1.6472964643566316e+19,22448337845806.17,0.0083224880929581,9.973485147406907e-05,1.4334263129960353e-05,5.707411644459556e-06,1.4334263129960353e-05,5.707411644459556e-06,7.087338011583981e-31,9.504464410399541e+18,2.8461758113334666e+17,76.2971683734803,2.0969744323099165e-20,-2946135.14812389,3.370048061502059e+21,0.0,0.0,0.0,0.0,0.0,0.3333333333333333,0.3333333333333333,2.0,1.4816468590202815e-19,1.8383335745449222e-22,0.0,8.162871712568798e-19,,0.0,0.0,0.0,0.0,0.0,1.4816468590202815e-19,8.162871712568798e-19,0.00019060915906785685,2.5380752324250655e-18,7.11715258415843e-21,1.1862209939727049e-21,,,7.11715258415843e-21,1.1862209939727049e-21,,1.1907839400394421e-07,3.631660640848455,21774754221971.617,4.118457284548814e-06,9.561639418952026e-05,4.118457284548814e-06,9.561639418952026e-05,0.0083224880929581,9.973485147406907e-05,False,False,1.0,1.4841002612275165,8.874973052176606e-09,0.2265611602737451,0.6659729471623391,1.0,1.1597274070088517,2.549735508796063e-07,0.09253862068194409,0.861588291418881,0.20293614845008995,0.09171619018508442,0.008357535707084383,0.000771503709570395,True,AP3.8,119.0,8.3,6.863735268152632e+19,$(U_{0.8}Pu_{0.2})N$,0.8357535707084384,0.1576358945541178,90.35476790739988,2.750314129222608,6.737282068823387,0.0,2.6637309325590144e+18,1.374565863198958e-07,ok,
29,TRIAL_029,AP3.8,1600.0,1.1,6.863735268152632e+19,0.00035988477833597926,643550.2336527312,22448337845806.17,19.989549388105466,2.6316245995956224,32685671817147.043,1.0,40,TRIAL_029_AP3p8,rizk2025_refit_plot,rizk2025_refit_full,22448337845806.17,1.1365132488886623e+23,8.114729349989206e+25,2.693578196652115e+24,2.9988362744305425e+23,1.439554265989914e+19,1.885483784523489,24.485748029507942,0.8419954992685169,0.08852313347991263,0.9305186327484295,1.0109086539756518,1.9414272867240814,9540254055094.457,2.385063513773614e+18,150.68308413358548,0.5,14737953.995408777,14732907.895831876,1.0003425053365282,1177439313.1790338,1177416649.3619843,90666227.28700466,90664985.90627752,1.0000192487655595,1.0000136919530151,0.12576815689339904,89.79873794123208,2.9807515712856336,7.094742330588923,7.06295739096566,0.03178493962326303,6.411216364568303e+24,6.382493668864347e+24,2.8722695703955736e+22,9.036573938600132e+25,9.033701669029737e+25,1.0022165335726192,6.653963558734775e+16,0.0037094513346398288,5.3445493181826235e-06,3.492334203641599e-08,3.492334203641599e-08,0.0009947272819895452,0.0009947272819895452,2.430886586030202e+19,1.238006479610017e-05,5485699.832500776,1.0999999999999999,22448337845806.17,0.0,2.8077408108197096e-26,6.149343277381726e-23,1.885483784523489e-09,2.4485748029507942e-08,5.211210929020823e+25,2.2464005054299306e+25,8.395452302143303e+25,0.008419954992685169,0.08852313347991263,1.0109086539756518,0.009305186327484295,0.019414272867240814,2676026.71040238,137295528.22387552,4.2384978351214065e-21,1.5068308413358547e-07,5.2409505775477964e-14,0.03407359027997264,1.0,1.2951051174088508e-18,2.797102768283436e-20,5.591282393020825e-19,2.6363059898109156e-14,1.6472964643566316e+19,22448337845806.17,0.010221886416192011,0.00013399830033682602,1.4130257107755334e-05,5.646068789096144e-06,1.4130257107755334e-05,5.646068789096144e-06,7.187000452375423e-31,1.0196881259251565e+19,2.9312075696379686e+17,44.71017602823336,1.112910162667642e-20,-2027110.8331946207,3.554907435889158e+21,3.9326098283800035e+21,0.0,0.0,0.0,0.0,0.3333333333333333,0.3333333333333333,2.0,4.788179461519709e-19,6.777638626958759e-23,0.0,8.162871712568798e-19,,0.0,0.0,0.0,0.0,0.0,4.788179461519709e-19,8.162871712568798e-19,5.23327298753861e-05,3.4082304860353087e-18,2.6363059898109155e-20,1.6079677847252025e-21,,,2.6363059898109155e-20,1.6079677847252025e-21,,1.1907839400394421e-07,3.631660640848455,21743374570992.09,5.785757570929757e-06,0.00012821254276589627,5.785757570929757e-06,0.00012821254276589627,0.010221886416192011,0.00013399830033682602,False,False,1.0,1.482621593305144,9.26952257220392e-09,0.22605780658115213,0.6666893080545795,1.0,1.1682638839055894,2.5501228294355005e-07,0.09684030678105528,0.8551936262066653,0.20344011376204102,0.09601791241273419,0.008419954992685169,0.0008852313347991262,True,AP3.8,119.0,8.3,6.863735268152632e+19,$(U_{0.8}Pu_{0.2})N$,0.8419954992685169,0.12576815689339904,89.79873794123208,2.9807515712856336,7.06295739096566,0.03178493962326303,2.385063513773614e+18,1.506830841335855e-07,ok,
29,TRIAL_029,AP3.8,1650.0,1.1,6.863735268152632e+19,0.00035988477833597926,643550.2336527312,22448337845806.17,19.989549388105466,2.6316245995956224,32685671817147.043,1.0,40,TRIAL_029_AP3p8,rizk2025_refit_plot,rizk2025_refit_full,22448337845806.17,7.4384416445852455e+22,8.00805693973742e+25,3.1312387668578055e+24,2.3330116591573863e+23,1.438220590646079e+19,2.0562658372391196,26.463125489725087,0.8496563336083424,0.11164454810955117,0.9613008817178935,1.0815022409789443,2.042803122696838,8335447518199.823,2.0838618795499556e+18,161.20555752213056,0.5,13776021.428236159,13771237.382403735,1.0003473940430754,1079644896.1169145,1079626943.0710967,83891168.88974579,83890317.5236034,1.00001662893459,1.0000101485626414,0.0823148429385567,88.6182860246475,3.4650729226953794,7.8343262097185615,6.883536532319073,0.9507896773994878,7.07954680532347e+24,6.220358683335646e+24,8.591881219878239e+23,9.036573938600132e+25,8.95065512640135e+25,1.002796658227127,4.968447080142989e+16,0.0029219763233755214,4.593240077456285e-06,3.4175667377545564e-08,3.4175667377545564e-08,0.0012556813410047971,0.0012556813410047971,2.1771481473588716e+19,1.3893252907347063e-05,5485699.832500776,1.0999999999999999,22448337845806.17,0.0,3.6418863586614594e-26,7.762685977079363e-23,2.0562658372391197e-09,2.646312548972509e-08,5.783800744745688e+25,2.910496262979313e+25,8.328619258067785e+25,0.008496563336083424,0.11164454810955117,1.0815022409789443,0.009613008817178935,0.02042803122696838,2985014.8632111046,168962292.99638844,5.189894069238949e-21,1.6120555752213057e-07,5.998478172986964e-14,0.03407359027997264,1.0,2.257479190366825e-18,9.233806137778259e-20,1.845796238313099e-18,9.020265555838444e-14,1.6472964643566316e+19,22448337845806.17,0.014991227056943009,0.00023379005035787046,1.3737592572797501e-05,5.547946494878876e-06,1.3737592572797501e-05,5.547946494878876e-06,7.023993569043744e-31,1.1305186286839658e+19,2.922339045379188e+17,59.20199656688023,1.3756286854453998e-20,-1912837.0339192252,3.943585555056897e+21,4.139399959699987e+21,0.0,0.0,0.0,0.0,0.3333333333333333,0.3333333333333333,2.0,1.441192019109945e-18,2.42053512429118e-23,0.0,8.162871712568798e-19,,0.0,0.0,0.0,0.0,0.0,1.441192019109945e-18,8.162871712568798e-19,1.0722292079679634e-05,5.940837770444546e-18,9.020265555838444e-20,2.135405819398152e-21,,,9.020265555838444e-20,2.135405819398152e-21,,1.1907839400394421e-07,3.631660640848455,21687148270428.094,1.0882514593163002e-05,0.00022290753576470745,1.0882514593163002e-05,0.00022290753576470745,0.014991227056943009,0.00023379005035787046,False,False,1.0,1.4790939794181555,1.0078689285940235e-08,0.22485382766402615,0.6684034782517799,1.0,1.1838607652778261,2.550910839145126e-07,0.10456222261262844,0.8437282689802879,0.20405524692389604,0.10373990359490283,0.008496563336083424,0.0011164454810955117,True,AP3.8,119.0,8.3,6.863735268152632e+19,$(U_{0.8}Pu_{0.2})N$,0.8496563336083424,0.0823148429385567,88.6182860246475,3.4650729226953794,6.883536532319073,0.9507896773994878,2.0838618795499556e+18,1.6120555752213057e-07,ok,
29,TRIAL_029,AP3.8,1700.0,1.1,6.863735268152632e+19,0.00035988477833597926,643550.2336527312,22448337845806.17,19.989549388105466,2.6316245995956224,32685671817147.043,1.0,40,TRIAL_029_AP3p8,rizk2025_refit_plot,rizk2025_refit_full,22448337845806.17,4.135999737134555e+22,7.833073591821323e+25,3.8564572893651995e+24,1.6251170524890784e+23,1.4358603571933995e+19,2.327749342517485,29.383345925838857,0.8585822280142388,0.1525824410654058,1.0111646690796445,1.1974137231893855,2.2085783922690303,6799786962840.034,1.6999467407100083e+18,178.48298368449986,0.5,12443200.207436353,12438160.51352123,1.0004051800030755,953724132.7416753,953710934.1846263,75553511.33987035,75553002.22115947,1.0000138391587805,1.0000067385636031,0.04576955564395314,86.68189565031939,4.267609954356893,9.004724839679765,6.721990481704579,2.2827343579751878,8.137186181051543e+24,6.074376400248974e+24,2.0628097808025685e+24,9.036573938600132e+25,8.830292960519875e+25,1.0038249943370414,3.321909249946512e+16,0.0020790778751096964,3.723320274512131e-06,3.149478531788269e-08,3.149478531788269e-08,0.0017207843242033843,0.0017207843242033843,1.8684182429747966e+19,1.6380481510111835e-05,5485699.832500776,1.0999999999999999,22448337845806.17,0.0,5.283202380402128e-26,1.0626551551548553e-22,2.3277493425174852e-09,2.9383345925838858e-08,6.598443742820573e+25,4.100775144735753e+25,8.222855320494977e+25,0.008585822280142388,0.1525824410654058,1.1974137231893855,0.010111646690796446,0.022085783922690304,3573274.5354786348,230709978.7401257,7.043830812542208e-21,1.7848298368449986e-07,7.353171543938597e-14,0.03407359027997264,1.0,4.881873557157333e-18,2.8987370337520676e-19,5.79444470993173e-18,2.8708990269161864e-13,1.6472964643566316e+19,22448337845806.17,0.02528723026824697,0.0005062762187855555,1.316293781641412e-05,5.425958488034286e-06,1.316293781641412e-05,5.425958488034286e-06,6.4548173886652765e-31,1.2917858713429449e+19,2.74711053985833e+17,96.15278797970346,2.0101983993312715e-20,-1860389.8254010696,4.574086996397392e+21,4.819292231687953e+21,0.0,0.0,0.0,0.0,0.3333333333333333,0.3333333333333333,2.0,4.065586385900453e-18,8.463999134962283e-24,0.0,8.162871712568798e-19,,0.0,0.0,0.0,0.0,0.0,4.065586385900453e-18,8.162871712568798e-19,1.7337604171564793e-06,1.2847258545130623e-17,2.8708990269161863e-19,2.7838006835881095e-21,,,2.8708990269161863e-19,2.7838006835881095e-21,,1.1907839400394421e-07,3.631660640848455,21604535157794.67,2.606754553280436e-05,0.00048020867325275116,2.606754553280436e-05,0.00048020867325275116,0.02528723026824697,0.0005062762187855555,False,False,1.0,1.4742681612859634,1.1369723872513433e-08,0.22319955103887945,0.670760355476069,1.0,1.207510461362869,2.552307791222469e-07,0.11594671579888638,0.8268592993073014,0.2047673130649758,0.11512461377075715,0.008585822280142388,0.001525824410654058,True,AP3.8,119.0,8.3,6.863735268152632e+19,$(U_{0.8}Pu_{0.2})N$,0.8585822280142388,0.04576955564395314,86.68189565031939,4.267609954356893,6.721990481704579,2.2827343579751878,1.6999467407100083e+18,1.7848298368449986e-07,ok,
29,TRIAL_029,AP3.8,1750.0,1.1,6.863735268152632e+19,0.00035988477833597926,643550.2336527312,22448337845806.17,19.989549388105466,2.6316245995956224,32685671817147.043,1.0,40,TRIAL_029_AP3p8,rizk2025_refit_plot,rizk2025_refit_full,22448337845806.17,2.1375427018000226e+22,7.596118871897299e+25,4.866656034615611e+24,1.0629597757400711e+23,1.4321861435276687e+19,2.691547894226439,33.039353494579714,0.868183996793077,0.216362852556961,1.084546849350038,1.3690208452143031,2.453567694564341,5201919737006.848,1.300479934251712e+18,204.06223884698053,0.5,10884351.906684633,10879033.83077505,1.0004888371515621,824813864.2689496,824804197.1543801,67192867.63870649,67192598.07442066,1.0000117204963346,1.0000040118151932,0.0236543486095921,84.05972134472486,5.385510114433381,10.531114192232167,6.573070353524008,3.9580438387081585,9.516519205394717e+24,5.939803625324021e+24,3.576715580070697e+24,9.036573938600132e+25,8.678902380593062e+25,1.005430150557114,2.1129108843421196e+16,0.00140135090257138,2.9428828070865255e-06,2.6731052817557573e-08,2.6731052817557573e-08,0.002451513714864531,0.002451513714864531,1.6044137774175183e+19,1.9757932520230404e-05,5485699.832500776,1.0999999999999999,22448337845806.17,0.0,8.167609128846065e-26,1.5107173989550683e-22,2.691547894226439e-09,3.303935349457972e-08,7.616527437821659e+25,5.9900257175298034e+25,8.08492201806066e+25,0.00868183996793077,0.216362852556961,1.3690208452143031,0.01084546849350038,0.02453567694564341,4567393.520563426,347046019.5816498,1.0527043202723685e-20,2.0406223884698054e-07,9.611836115866273e-14,0.03407359027997264,1.0,1.1625332016342075e-17,8.588030780930961e-19,1.716708654419894e-17,8.552344067970446e-13,1.6472964643566316e+19,22448337845806.17,0.04503277800077312,0.001207670514100398,1.2480624232018155e-05,5.302250503989006e-06,1.2480624232018155e-05,5.302250503989006e-06,5.4557970990603325e-31,1.5004446604233413e+19,2.376243472502811e+17,175.57171675298721,3.197324384969497e-20,-1732060.7404887467,5.423211583734391e+21,5.735145905698986e+21,0.0,0.0,0.0,0.0,0.3333333333333333,0.3333333333333333,2.0,1.0809044845085196e-17,2.9228774848067563e-24,0.0,8.162871712568798e-19,,0.0,0.0,0.0,0.0,0.0,1.0809044845085196e-17,8.162871712568798e-19,2.514231404916419e-07,3.0593509712672383e-17,8.552344067970446e-19,3.568671296051523e-21,,,8.552344067970446e-19,3.568671296051523e-21,,1.1907839400394421e-07,3.631660640848455,21501971040442.67,6.956589973565302e-05,0.0011381046143647449,6.956589973565302e-05,0.0011381046143647449,0.04503277800077312,0.001207670514100398,False,False,1.0,1.4694001005058326,1.3098080014994683e-08,0.22152227212910422,0.6731518752398102,1.0,1.2381701499382303,2.554488554679558e-07,0.1301600506847643,0.8058624862549255,0.2055278087875567,0.12933842443910434,0.00868183996793077,0.00216362852556961,True,AP3.8,119.0,8.3,6.863735268152632e+19,$(U_{0.8}Pu_{0.2})N$,0.868183996793077,0.0236543486095921,84.05972134472486,5.385510114433381,6.573070353524008,3.9580438387081585,1.300479934251712e+18,2.0406223884698054e-07,ok,
29,TRIAL_029,AP3.8,1800.0,1.1,6.863735268152632e+19,0.00035988477833597926,643550.2336527312,22448337845806.17,19.989549388105466,2.6316245995956224,32685671817147.043,1.0,40,TRIAL_029_AP3p8,rizk2025_refit_plot,rizk2025_refit_full,22448337845806.17,1.0926624429091622e+22,7.3087912517339514e+25,6.142703578773341e+24,6.785413398754539e+22,1.4269055464429394e+19,3.1376408490120986,37.21814938669678,0.8779597631733981,0.30814005771180353,1.1860998208852016,1.6033662080178823,2.789466028903084,3792436485972.4536,9.481091214931135e+17,238.99307248934235,0.5,9294490.266174173,9288972.173446571,1.0005940477185813,707545410.5200862,707537958.2398597,59648442.663855486,59648317.73160422,1.0000105326931787,1.0000020944807166,0.012091556494013793,80.88011343009236,6.797602299843425,12.31019271357022,6.431428569249216,5.878764144321006,1.112419666545939e+25,5.811807979684579e+24,5.312388685774811e+24,9.036573938600132e+25,8.505335070022652e+25,1.0077463920512117,1.3314192417775594e+16,0.0009292792213511256,2.322940058188608e-06,1.991460463164391e-08,1.991460463164391e-08,0.003513012394968519,0.003513012394968519,1.413293549258489e+19,2.3753259410608284e-05,5485699.832500776,1.0999999999999999,22448337845806.17,0.0,1.2938928132728764e-25,2.159498633108199e-22,3.137640849012099e-09,3.721814938669678e-08,8.787127077442674e+25,8.760242260761783e+25,7.924154272054194e+25,0.008779597631733981,0.30814005771180353,1.6033662080178823,0.011860998208852017,0.02789466028903084,6129893.540663286,561026043.8623656,1.691119905578852e-20,2.3899307248934234e-07,1.3184136421253483e-13,0.03407359027997264,1.0,2.80344615729556e-17,2.4023187514376478e-18,4.802126932783472e-17,2.3978131732901632e-12,1.6472964643566316e+19,22448337845806.17,0.07997966402580764,0.002917906001492585,1.1762424920260855e-05,5.189415809943216e-06,1.1762424920260855e-05,5.189415809943216e-06,4.043352344050586e-31,1.7508171790987375e+19,1.8053110565686835e+17,345.38648045787414,5.349462458525165e-20,-1540593.5197820868,6.451330358047721e+21,6.846268390605196e+21,0.0,0.0,0.0,0.0,0.3333333333333333,0.3333333333333333,2.0,2.721817440169872e-17,1.0037403008245757e-24,0.0,8.162871712568798e-19,,0.0,0.0,0.0,0.0,0.0,2.721817440169872e-17,8.162871712568798e-19,3.580380162509945e-08,7.377617871180815e-17,2.397813173290163e-18,4.50557814748474e-21,,,2.397813173290163e-18,4.50557814748474e-21,,1.1907839400394421e-07,3.631660640848455,21386204064676.695,0.0001881459584138413,0.002729760043078744,0.0001881459584138413,0.002729760043078744,0.07997966402580764,0.002917906001492585,False,False,1.0,1.4651821820041582,1.5212111267258744e-08,0.22006201634634387,0.6752354791365369,1.0,1.2746686680172956,2.55763585605662e-07,0.14633858216531379,0.7820590457032865,0.20629634690693435,0.14551777752838274,0.008779597631733981,0.0030814005771180354,True,AP3.8,119.0,8.3,6.863735268152632e+19,$(U_{0.8}Pu_{0.2})N$,0.8779597631733981,0.012091556494013793,80.88011343009236,6.797602299843425,6.431428569249216,5.878764144321006,9.481091214931135e+17,2.389930724893424e-07,ok,
