{
    "N_AVOG": 6.022141e+23,
    "N_BOLT": 1.380649e-23,
    "FISSION_ENERGY": 3.215e-11,
    "FISSION_RATE": 4.4981863259983546e+17,
    "FUEL_THERMAL_CONDUCTIVITY": 5.60435841180473,
    "FISSION_YIELD": 0.01811175983410581,
    "LENGTH": 0.0013730693061853331,
    "RADIUS": 8.415429640172025e-06,
    "T_BC": 2454.5227358918655,
    "Maximum cur_err_bounds": 0.18747877955910355,
    "TIME_ELAPSED": 1557.852525472641,
    "COST_FO": 25.799628734588623,
    "COST_POD": 24.071279048919678,
    "COST_EB": 1507.9794654846191
}