{
    "N_AVOG": 6.022141e+23,
    "N_BOLT": 1.380649e-23,
    "FISSION_ENERGY": 3.215e-11,
    "FISSION_RATE": 4.664019007776694e+19,
    "FUEL_THERMAL_CONDUCTIVITY": 1.0468967262533184,
    "FISSION_YIELD": 0.2659798938050747,
    "LENGTH": 0.0012756072478395236,
    "RADIUS": 1.8031591511409715e-05,
    "T_BC": 572.2727003365059,
    "Maximum cur_err_bounds": 0.0030172102325323655,
    "TIME_ELAPSED": 33890.68561053276,
    "COST_FO": 102.25328278541565,
    "COST_POD": 104.91251587867737,
    "COST_EB": 33683.511080503464
}