{
    "N_AVOG": 6.022141e+23,
    "N_BOLT": 1.380649e-23,
    "FISSION_ENERGY": 3.215e-11,
    "FISSION_RATE": 1.6506147777113172e+19,
    "FUEL_THERMAL_CONDUCTIVITY": 1.0292229864290123,
    "FISSION_YIELD": 0.17001812393174767,
    "LENGTH": 0.0013200130137873314,
    "RADIUS": 1.912220997868805e-05,
    "T_BC": 967.2973433066129,
    "Maximum cur_err_bounds": 0.6513357771231947,
    "TIME_ELAPSED": 730.3608119487762,
    "COST_FO": 14.73434829711914,
    "COST_POD": 13.613168239593506,
    "COST_EB": 702.012060880661
}