label,xe_diffusivity_mode,vacancy_diffusivity_mode,T,burnup,rho_d_eff,c,mb,md,Nb,Nd,Rb_nm,Rd_nm,swelling_b_percent,swelling_d_percent,swelling_ig_percent,swelling_gf_percent,swelling_total_gas_percent,Ngf_areal,Ngf_vol,Rgf_nm,Fc_gf,p_gf,p_gf_eq,p_gf_over_eq,p_b,p_b_eq,p_d,p_d_eq,p_b_over_eq,p_d_over_eq,matrix_gas_percent,bulk_gas_percent,dislocation_gas_percent,qgb_gas_percent,grainface_gas_percent,release_gas_percent,q_gb,q_gf,q_rel,generated,retained,lambda_d,nu_b,phi_b,phi_d,f_cap_step,cap_raw_step,capture_fraction_sum,capture_raw_sum,capture_bubbles_cumulative,max_f_cap_step,Dg,Dv,Dv_dislocation,Dv_gb,beta,rho_d_old,rho_d_next,delta_Nd_rho,g_b,g_d,b_b,b_d,b_b_gas,b_d_gas,dVd_growth_dt,dnvb_dt,dnvd_dt,dnv_gf_dt,dA_gf_dt,dNgf_dt,dq_gf_in_step,dq_rel_step,nvb_seed_added,nvd_seed_added,bulk_first_gas_seed_applied,dislocation_first_gas_seed_applied,first_gas_pressure_factor,seed_pressure_factor,seed_gas_atoms_per_bubble,D1_Xe,D2_Xe,D2_Xe_scaled,D3_Xe,Dg_lookup_base,D1_Xe_i_2023,D2_Xe_i0_2023,D2_Xe_i1_2023,D1_XeVU_2023,D2_XeVU_2023,Dg_D1_scaled,Dg_D3_scaled,D2_Xe_over_Dg_unscaled,Dg_dislocation_scale,Dg_dislocation,Dv1,Dv2,Dv_lookup_base,Dv_nonthermal_effective,Dv1_scaled,Dv2_scaled,Dv_dislocation_scale,A20_vU_active,Gamma_d,den,free_dislocation,term_bubbles,term_dislocation,term_bubbles_scaled,term_dislocation_scaled,g_b_unscaled,g_d_unscaled,USE_WS_GAS_TRAPPING_BULK,USE_WS_GAS_TRAPPING_DISLOCATION,ws_bulk_factor,ws_bulk_factor_raw,ws_bulk_delta,ws_bulk_x,ws_bulk_zeta,ws_dislocation_factor,ws_dislocation_factor_raw,ws_dislocation_delta,ws_dislocation_x,ws_dislocation_zeta,psi_b,psi_d,porosity_b,porosity_d,valid_single_size,experiment_case,linear_power_kW_m,fuel_diameter_mm,fission_rate_case,fuel_description
D1_Kd3p2e5_fn5p1e-4_AP3p2,rizk2025_refit_plot,rizk2025_refit_full,900.0,1.1,35000000000000.0,1.4793091349400576e+23,6.28424430178788e+25,2.2341208060030713e+25,3.457888386857649e+23,1.1059357738782898e+19,1.5972586108114606,40.816014521209404,0.5902354563042967,0.3149998181784413,0.905235274482738,0.042795654491271054,0.9480309289740091,8834008054069.91,2.2085020135174774e+18,53.880026802106364,0.05919628604663456,1176564006207.5977,41202652.10991343,28555.54062561216,1392553745.5627775,1389881378.6154306,221909910.81758574,54390415.77286807,1.0019227302332874,4.0799451091580465,0.16370243246957747,69.54233257522895,24.723095513664585,5.5708694786369115,5.5708694786369115,0.0,5.03415739459941e+24,5.03415739459941e+24,0.0,9.03657393860029e+25,9.036573938600293e+25,1.0079194932672089,8.465587065196454e+16,0.0055330928093190405,4.950287144168853e-07,1.6034308710863192e-07,1.6034308710863192e-07,0.003388006558719828,0.003388006558719828,2.2152633651311493e+20,6.047321248563828e-06,6.859556060984681e-19,5.096721272601947e-25,5.0967212726019465e-24,5.119872410101689e-28,1.3842827431568335e+19,35000000000000.0,35000000000000.0,0.0,0.005385707277821757,0.00065043295736626,1.2478196343194742e-05,4.294207616225215e-06,1.2478196343194742e-05,4.294207616225215e-06,1.1209657225781894e-29,4.0720058785114076e+18,3.424750845175532e+18,0.00016878469625518366,8.471742364928159e-22,-122561.28187094898,1.0465413514135182e+21,0.0,0.0,0.0,0.0,0.0,0.3333333333333333,0.3333333333333333,2.0,2.4966082885114063e-31,9.582238205875211e-25,0.0,6.859556060982184e-19,,0.0,0.0,0.0,0.0,0.0,2.4966082885114063e-31,6.859556060982184e-19,1.3969181271622544e-06,15.0,1.0289334091477021e-17,5.119872410101689e-34,5.096721267482075e-25,,,5.119872410101689e-34,5.096721267482075e-25,10.0,,9.536544540177922e-08,3.4095948968030423,34097215931249.96,3.911006461953371e-06,0.0006465219509043066,3.911006461953371e-06,0.0006465219509043066,0.005385707277821757,0.00065043295736626,False,False,1.0,1.4212813951372119,8.838872805717449e-09,0.20446512820755036,0.6975762411035568,1.0,1.2769894400163235,2.78437083336806e-07,0.14734161324503803,0.7805869402655579,0.18072092114832747,0.14658969268340402,0.0059023545630429676,0.003149998181784413,True,AP3.2,100.0,8.3,5.767844763153473e+19,$(U_{0.8}Pu_{0.2})N$
D1_Kd3p2e5_fn5p1e-4_AP3p2,rizk2025_refit_plot,rizk2025_refit_full,925.0,1.1,35000000000000.0,1.4782619970832658e+23,6.276026958961316e+25,2.2427581187357846e+25,3.451328580464863e+23,1.104498167893882e+19,1.5990729774903851,42.18438287616963,0.5911256028476566,0.34730313969311744,0.938428742540774,0.04276962012870641,0.9811983626694804,8834430826288.236,2.2086077065720591e+18,53.8682394545777,0.0591732198438845,455930032732.90686,41211667.997279346,11063.129809815167,1389985396.8327339,1388304368.3748002,182820635.4961878,52626110.627639405,1.0012108500817452,3.4739530114575827,0.16358655471945815,69.45139830210292,24.818677232924564,5.566337910253067,5.566337910253067,0.0,5.030062409323566e+24,5.030062409323566e+24,0.0,9.03657393860029e+25,9.03657393860029e+25,1.0087367081515288,8.453612307233621e+16,0.0055298094108788675,4.92481368887837e-07,1.9026989116781575e-07,1.9026989116781575e-07,0.0037329158255426016,0.0037329158255426016,2.557844808747337e+20,6.421969405559006e-06,6.85955606099651e-19,8.665450134436394e-25,8.665450134436394e-24,3.600113810511962e-27,1.3842827431568335e+19,35000000000000.0,35000000000000.0,0.0,0.005380885559068157,0.0006500072837921677,1.247421216167942e-05,4.271735293198316e-06,1.247421216167942e-05,4.271735293198316e-06,1.3333380266150148e-29,4.2145927259367316e+18,4.2161200386848763e+18,0.00044734825949620195,8.470179438387518e-22,-122553.89465707571,1.0459660077650286e+21,0.0,0.0,0.0,0.0,0.0,0.3333333333333333,0.3333333333333333,2.0,1.4326320272288242e-30,6.835119693240278e-24,0.0,6.859556060982184e-19,,0.0,0.0,0.0,0.0,0.0,1.4326320272288242e-30,6.859556060982184e-19,9.96437616729284e-06,15.0,1.0289334091494766e-17,3.600113810511962e-33,8.665450098435256e-25,,,3.600113810511962e-33,8.665450098435256e-25,10.0,,9.536544540177922e-08,3.4095948968030423,34068163771023.023,4.036194849957641e-06,0.00064597108894221,4.036194849957641e-06,0.00064597108894221,0.005380885559068157,0.0006500072837921677,False,False,1.0,1.4214895916299413,8.844469706843464e-09,0.20454086515554576,0.6974673868280078,1.0,1.2883046631827386,2.7855782442172444e-07,0.15218981291430708,0.7734777710029159,0.1808117251936831,0.15143847809992336,0.005911256028476566,0.0034730313969311742,True,AP3.2,100.0,8.3,5.767844763153473e+19,$(U_{0.8}Pu_{0.2})N$
D1_Kd3p2e5_fn5p1e-4_AP3p2,rizk2025_refit_plot,rizk2025_refit_full,950.0,1.1,35000000000000.0,1.4772412521929837e+23,6.2678078278508316e+25,2.2514000222561903e+25,3.444739968172541e+23,1.102873491473698e+19,1.600880118281716,43.635593819598576,0.5919996997974494,0.38382828803633995,0.9758279878337893,0.042755932678698635,1.018583920512488,8834646399163.615,2.2086615997909036e+18,53.862054303642594,0.05916107566699004,185848907121.454,41216400.4641365,4509.100868310083,1387830998.1951368,1386737192.0283504,153433673.63648498,50875897.53397386,1.0007887624079561,3.015842099572301,0.16347359765218714,69.36044423957512,24.914309754487753,5.561772408284924,5.561772408284924,0.0,5.025936759713371e+24,5.025936759713371e+24,0.0,9.03657393860029e+25,9.03657393860029e+25,1.0096618795114694,8.4419479228615e+16,0.00552647254597141,4.898694658756925e-07,2.2311651227757302e-07,2.2311651227757302e-07,0.004122718981373984,0.004122718981373984,2.9389442447960955e+20,6.8320870987312696e-06,6.85955606105717e-19,1.426046189772508e-24,1.426046189772508e-23,2.2845010932250072e-26,1.3842827431568335e+19,35000000000000.0,35000000000000.0,0.0,0.005375976793205084,0.000649558373986369,1.2470246111457126e-05,4.249389271442748e-06,1.2470246111457126e-05,4.249389271442748e-06,1.567204958757755e-29,4.363724869438284e+18,5.087837178795388e+18,0.0011263908252107976,8.470876676348336e-22,-122571.80695800002,1.0454047692529955e+21,0.0,0.0,0.0,0.0,0.0,0.3333333333333333,0.3333333333333333,2.0,7.498646671560408e-30,3.5732345885189943e-23,0.0,6.859556060982184e-19,,0.0,0.0,0.0,0.0,0.0,7.498646671560408e-30,6.859556060982184e-19,5.209133880842283e-05,15.0,1.0289334091585754e-17,2.284501093225007e-32,1.4260461669274971e-24,,,2.284501093225007e-32,1.4260461669274971e-24,10.0,,9.536544540177922e-08,3.4095948968030423,34037525875178.95,4.1682143504720285e-06,0.0006453901596358969,4.1682143504720285e-06,0.0006453901596358969,0.005375976793205084,0.000649558373986369,False,False,1.0,1.421692846741992,8.850105511370913e-09,0.2046147878035422,0.6973611435817162,1.0,1.3004613105041565,2.786945298958876e-07,0.15732207620016975,0.7659637649299773,0.18090080335199551,0.15657136086083195,0.005919996997974494,0.0038382828803633995,True,AP3.2,100.0,8.3,5.767844763153473e+19,$(U_{0.8}Pu_{0.2})N$
D1_Kd3p2e5_fn5p1e-4_AP3p2,rizk2025_refit_plot,rizk2025_refit_full,975.0,1.1,35000000000000.0,1.4762472208268618e+23,6.259775639737962e+25,2.2598528837940547e+25,3.4381976101610527e+23,1.1010679745865114e+19,1.6026905399958238,45.14800302275025,0.5928822710706223,0.42444202383532603,1.0173242949059482,0.04277071167275231,1.0600950065787005,8834384747334.01,2.2085961868335025e+18,53.86879137354256,0.059174123750512,79379142342.05476,41211245.75834357,1926.152458664363,1385905132.712305,1385170714.245175,130923294.26095021,49171610.06836412,1.0005302006890395,2.662578957226036,0.1633635967411255,69.27155891458975,25.007850310845704,5.557227177823446,5.557227177823446,0.0,5.021829428600059e+24,5.021829428600059e+24,0.0,9.03657393860029e+25,9.036573938600291e+25,1.0106920513840578,8.43059684360371e+16,0.005523035791717942,4.872382633055702e-07,2.585454696614975e-07,2.585454696614975e-07,0.004556048500309209,0.004556048500309209,3.355921886399645e+20,7.279084226420917e-06,6.859556061342735e-19,2.2780288136394288e-24,2.2780288136394286e-23,1.3186026336093777e-25,1.3842827431568335e+19,35000000000000.0,35000000000000.0,0.0,0.005371129396625523,0.0006490934854660553,1.2466275119257395e-05,4.2275785735991e-06,1.2466275119257395e-05,4.2275785735991e-06,1.820250957816979e-29,4.51914189375963e+18,6.03038330178319e+18,0.002705244511164269,8.476477170355856e-22,-122643.60860047342,1.0448580631235857e+21,0.0,0.0,0.0,0.0,0.0,0.3333333333333333,0.3333333333333333,2.0,3.605513394506346e-29,1.4241136187131344e-22,0.0,6.859556060982184e-19,,0.0,0.0,0.0,0.0,0.0,3.605513394506346e-29,6.859556060982184e-19,0.00020761017272513826,15.0,1.0289334092014103e-17,1.3186026336093777e-31,2.2780286817791655e-24,,,1.3186026336093777e-31,2.2780286817791655e-24,10.0,,9.536544540177922e-08,3.4095948968030423,34005797589670.08,4.304930142145559e-06,0.0006447885553239097,4.304930142145559e-06,0.0006447885553239097,0.005371129396625523,0.0006490934854660553,False,False,1.0,1.4218985101710109,8.855716012262707e-09,0.2046895695118001,0.6972536690883219,1.0,1.3133024514158882,2.788467675877891e-07,0.1626597396326476,0.7581622317722864,0.18099065619994867,0.1619096717182315,0.005928822710706223,0.00424442023835326,True,AP3.2,100.0,8.3,5.767844763153473e+19,$(U_{0.8}Pu_{0.2})N$
D1_Kd3p2e5_fn5p1e-4_AP3p2,rizk2025_refit_plot,rizk2025_refit_full,1000.0,1.1,35000000000000.0,1.4752796395747462e+23,6.252069800211569e+25,2.2679731612416645e+25,3.431762876582548e+23,1.099091111362109e+19,1.6045100097103449,46.701525793454174,0.5937904021994466,0.46893809414883475,1.0627284963482813,0.04284684049722924,1.1055753368455106,8833099157587.06,2.208274789396765e+18,53.90334812096834,0.0592414461844204,35400959214.10439,41184825.75549742,859.5631659162481,1384107654.7089388,1383599969.1898258,113386102.98703472,47535920.12857023,1.0003669308545955,2.3852720780487626,0.1632565228369346,69.18628500902828,25.097710444816652,5.552748023318122,5.552748023318122,0.0,5.017781807513081e+24,5.017781807513081e+24,0.0,9.03657393860029e+25,9.03657393860029e+25,1.0118224401841676,8.419555353280854e+16,0.005519474563778403,4.846221760637791e-07,2.9615357493108494e-07,2.9615357493108494e-07,0.005030795073351663,0.005030795073351663,3.805477234289506e+20,7.764242759104718e-06,6.859556062584883e-19,3.5413597183153905e-24,3.5413597183153905e-23,6.972208708889678e-25,1.3842827431568335e+19,35000000000000.0,35000000000000.0,0.0,0.005366456599197733,0.0006486192942307208,1.2462286544495582e-05,4.206598283136039e-06,1.2462286544495582e-05,4.206598283136039e-06,2.0896522003800628e-29,4.679225120053297e+18,7.032218198574263e+18,0.006220122461727325,8.4924724116635e-22,-122829.0740476238,1.0443259429092715e+21,0.0,0.0,0.0,0.0,0.0,0.3333333333333333,0.3333333333333333,2.0,1.6026995865756309e-28,4.476676181501433e-22,0.0,6.859556060982184e-19,,0.0,0.0,0.0,0.0,0.0,1.6026995865756309e-28,6.859556060982184e-19,0.0006526189363651748,15.0,1.0289334093877324e-17,6.972208708889678e-31,3.5413590210945195e-24,,,6.972208708889678e-31,3.5413590210945195e-24,10.0,,9.536544540177922e-08,3.4095948968030423,33973434561908.277,4.4443785632451945e-06,0.0006441749156674755,4.4443785632451945e-06,0.0006441749156674755,0.005366456599197733,0.0006486192942307208,False,False,1.0,1.4221117474495493,8.861248135453643e-09,0.20476708729500967,0.697142265997888,1.0,1.3266757683012995,2.7901383547433744e-07,0.16813001740605116,0.7501812985688653,0.18108301821325581,0.1673806196685681,0.005937904021994466,0.004689380941488347,True,AP3.2,100.0,8.3,5.767844763153473e+19,$(U_{0.8}Pu_{0.2})N$
D1_Kd3p2e5_fn5p1e-4_AP3p2,rizk2025_refit_plot,rizk2025_refit_full,1025.0,1.1,35000000000000.0,1.4743374970381282e+23,6.244785207720667e+25,2.2756627664792097e+25,3.425481728029694e+23,1.0969551358605767e+19,1.6063414474642244,48.27822816778052,0.5947354974350102,0.5170486920792495,1.1117841895142597,0.043049298106750906,1.1548334876210107,8829720778444.076,2.2074301946110188e+18,53.99499982595678,0.059420338484324625,16432963153.282236,41114918.18049399,399.6837128835263,1382383075.369673,1382022485.6331131,99513785.0921893,45983460.54219039,1.000260914522237,2.164121271405491,0.16315226401683094,69.10567268249395,25.182804699451125,5.548370354038115,5.548370354038115,0.0,5.013825894300329e+24,5.013825894300329e+24,0.0,9.03657393860029e+25,9.036573938600291e+25,1.0130467057669659,8.408811244925333e+16,0.00551577908836853,4.820460491930345e-07,3.3548128908488117e-07,3.3548128908488117e-07,0.005544224241173463,0.005544224241173463,4.283752292467654e+20,8.288377159799935e-06,6.859556067606377e-19,5.3696749456684256e-24,5.369674945668426e-23,3.398959714178951e-24,1.3842827431568335e+19,35000000000000.0,35000000000000.0,0.0,0.005362039367951556,0.0006481416974725432,1.2458274007752118e-05,4.186642442267627e-06,1.2458274007752118e-05,4.186642442267627e-06,2.3721457997435104e-29,4.841577168129661e+18,8.080145937690992e+18,0.013739558837728308,8.529796882352833e-22,-123247.34045805031,1.0438080039210545e+21,0.0,0.0,0.0,0.0,0.0,0.3333333333333333,0.3333333333333333,2.0,6.624193185834588e-28,1.1430128592985717e-21,0.0,6.859556060982184e-19,,0.0,0.0,0.0,0.0,0.0,6.624193185834588e-28,6.859556060982184e-19,0.0016663073353920743,15.0,1.0289334101409565e-17,3.398959714178951e-30,5.369671546708712e-24,,,3.398959714178951e-30,5.369671546708712e-24,10.0,,9.536544540177922e-08,3.4095948968030423,33940839265712.016,4.584825180542258e-06,0.000643556872292001,4.584825180542258e-06,0.000643556872292001,0.005362039367951556,0.0006481416974725432,False,False,1.0,1.4223360264028506,8.86666158142489e-09,0.20484859941916533,0.6970251265039592,1.0,1.3404387670386957,2.7919480157350187e-07,0.1736681472904696,0.7421167490300158,0.1811790397385321,0.17291943770098075,0.005947354974350102,0.005170486920792495,True,AP3.2,100.0,8.3,5.767844763153473e+19,$(U_{0.8}Pu_{0.2})N$
D1_Kd3p2e5_fn5p1e-4_AP3p2,rizk2025_refit_plot,rizk2025_refit_full,1050.0,1.1,35000000000000.0,1.4734191712743029e+23,6.23797978993142e+25,2.282861518894367e+25,3.419385725411622e+23,1.0946744916935236e+19,1.6081860444226708,49.8625435955538,0.5957246500672602,0.5684560520917052,1.1641807021589654,0.04350221656616213,1.2076829187251277,8822247076120.791,2.2055617690301978e+18,54.19899485004396,0.05981949526595822,7917247199.761937,40960169.20871365,193.29136946235232,1380700010.35134,1380437299.3405542,88389654.24500236,44522397.7743076,1.0001903099915594,1.9852851298141245,0.16305064079435028,69.03036297069954,25.262467107616764,5.544119280889336,5.544119280889336,0.0,5.009984380617595e+24,5.009984380617595e+24,0.0,9.03657393860029e+25,9.03657393860029e+25,1.014357225735476,8.39834542117378e+16,0.005511949330802159,4.795269898887928e-07,3.760237426410336e-07,3.760237426410336e-07,0.006093091536960809,0.006093091536960809,4.7864349545310906e+20,8.851436160737002e-06,6.859556086571999e-19,7.957391575121721e-24,7.957391575121721e-23,1.5366002896313798e-23,1.3842827431568335e+19,35000000000000.0,35000000000000.0,0.0,0.005357931246714888,0.0006476657424732145,1.2454234930259179e-05,4.167823009752278e-06,1.2454234930259179e-05,4.167823009752278e-06,2.664112444752316e-29,5.003784458443022e+18,9.15971473361781e+18,0.02925530127094492,8.609389302430883e-22,-124125.72388716046,1.0433034659695354e+21,0.0,0.0,0.0,0.0,0.0,0.3333333333333333,0.3333333333333333,2.0,2.558981501392922e-27,2.43157518657149e-21,0.0,6.859556060982184e-19,,0.0,0.0,0.0,0.0,0.0,2.558981501392922e-27,6.859556060982184e-19,0.003544799628260854,15.0,1.0289334129857997e-17,1.5366002896313797e-29,7.957376209118825e-24,,,1.5366002896313797e-29,7.957376209118825e-24,10.0,,9.536544540177922e-08,3.4095948968030423,33908356115093.87,4.72478584305022e-06,0.0006429409566301642,4.72478584305022e-06,0.0006429409566301642,0.005357931246714888,0.0006476657424732145,False,False,1.0,1.4225735102810675,8.871928132266933e-09,0.20493488883511135,0.6969011261057735,1.0,1.3544614648856679,2.7938854431129353e-07,0.1792181755945474,0.7340509047404673,0.1812794286013688,0.17847016761595158,0.005957246500672602,0.0056845605209170525,True,AP3.2,100.0,8.3,5.767844763153473e+19,$(U_{0.8}Pu_{0.2})N$
D1_Kd3p2e5_fn5p1e-4_AP3p2,rizk2025_refit_plot,rizk2025_refit_full,1075.0,1.1,35000000000000.0,1.4725226394894772e+23,6.231682615783191e+25,2.289538924389357e+25,3.41349425681016e+23,1.0922652992179685e+19,1.6100439497854904,51.44125756585741,0.5967617509226406,0.622804120320432,1.2195658712430728,0.04443491737378878,1.2640007886168614,8807077672832.252,2.201769418208063e+18,54.61492722682872,0.06063670702824686,3948908503.2703147,40648227.74147102,97.14835609527628,1379040432.9051106,1378844347.8799293,79359678.33158994,43156021.159822084,1.0001422096884849,1.838901645675185,0.1629514293242824,68.96067755462245,25.336360217332462,5.54001079872084,5.54001079872084,0.0,5.006271720328492e+24,5.006271720328492e+24,0.0,9.03657393860029e+25,9.036573938600293e+25,1.0157453727529557,8.38813432222179e+16,0.005507991357547373,4.770762355738636e-07,4.1724361944154774e-07,4.1724361944154774e-07,0.006673756953274373,0.006673756953274373,5.308868348476623e+20,9.452807663684813e-06,6.85955615381511e-19,1.1545833192879147e-23,1.1545833192879148e-22,6.475908336901747e-23,1.3842827431568335e+19,35000000000000.0,35000000000000.0,0.0,0.005354163816139768,0.0006471956358368529,1.2450169024036683e-05,4.150189395971222e-06,1.2450169024036683e-05,4.150189395971222e-06,2.961673062225094e-29,5.164006476772466e+18,1.0255649595676275e+19,0.06026017221540547,8.769924333151232e-22,-125878.88145236492,1.0428112975066489e+21,0.0,0.0,0.0,0.0,0.0,0.3333333333333333,0.3333333333333333,2.0,9.283292620781236e-27,4.406311478811802e-21,0.0,6.859556060982184e-19,,0.0,0.0,0.0,0.0,0.0,9.283292620781236e-27,6.859556060982184e-19,0.006423610187025182,15.0,1.0289334230722665e-17,6.475908336901747e-29,1.1545768433795778e-23,,,6.475908336901747e-29,1.1545768433795778e-23,10.0,,9.536544540177922e-08,3.4095948968030423,33876271986913.477,4.8630244324140165e-06,0.0006423326114044389,4.8630244324140165e-06,0.0006423326114044389,0.005354163816139768,0.0006471956358368529,False,False,1.0,1.422825384254757,8.877029887568592e-09,0.20502638224881395,0.696769652411825,1.0,1.368627446325927,2.795937933350043e-07,0.18473289396096526,0.7260527787911587,0.18138456445348214,0.18398559673019652,0.005967617509226406,0.00622804120320432,True,AP3.2,100.0,8.3,5.767844763153473e+19,$(U_{0.8}Pu_{0.2})N$
D1_Kd3p2e5_fn5p1e-4_AP3p2,rizk2025_refit_plot,rizk2025_refit_full,1100.0,1.1,35000000000000.0,1.4716456640107725e+23,6.225901330804626e+25,2.2956865926043427e+25,3.407817066891459e+23,1.08974482177654e+19,1.6119147020407854,53.00336877711178,0.5978483737627344,0.6797102876305106,1.2775586613932448,0.046257566362017784,1.3238162277552625,8777984196397.656,2.194496049099414e+18,55.41276711587776,0.062215061291722044,2034368794.7539954,40062969.52031998,50.7792811943748,1377393893.3709817,1377244091.879887,71949177.56303638,41884130.22076917,1.000108769020668,1.7178147709835645,0.16285438198259478,68.89670104075948,25.40439117969449,5.536053397563426,5.536053397563426,0.0,5.002695585512124e+24,5.002695585512124e+24,0.0,9.03657393860029e+25,9.03657393860029e+25,1.0172017957770865,8.37815211405376e+16,0.005503914779865822,4.7470077616670465e-07,4.5858565267035245e-07,4.5858565267035245e-07,0.007282299870456152,0.007282299870456152,5.846168305484451e+20,1.0091157044297273e-05,6.859556378595706e-19,1.6429338076549502e-23,1.6429338076549503e-22,2.556484784617257e-22,1.3842827431568335e+19,35000000000000.0,35000000000000.0,0.0,0.005350751903192897,0.0006467347994712582,1.244607734363412e-05,4.133745737389572e-06,1.244607734363412e-05,4.133745737389572e-06,3.260797273642011e-29,5.32119710462102e+18,1.1352308889817688e+19,0.12054897517715184,9.080468054523516e-22,-129225.19045964739,1.0423303305418087e+21,0.0,0.0,0.0,0.0,0.0,0.3333333333333333,0.3333333333333333,2.0,3.1761352235744896e-26,6.934054381604572e-21,0.0,6.859556060982184e-19,,0.0,0.0,0.0,0.0,0.0,3.1761352235744896e-26,6.859556060982184e-19,0.010108604695255988,15.0,1.028933456789356e-17,2.556484784617257e-28,1.642908242807104e-23,,,2.556484784617257e-28,1.642908242807104e-23,10.0,,9.536544540177922e-08,3.4095948968030423,33844819716390.965,4.998537826963507e-06,0.0006417362616442947,4.998537826963507e-06,0.0006417362616442947,0.005350751903192897,0.0006467347994712582,False,False,1.0,1.4230921209657934,8.881957202815479e-09,0.2051232469434513,0.6966304659358232,1.0,1.382833988346921,2.798091709181191e-07,0.19017331971367357,0.7181789142559093,0.18149458999401466,0.18942673819120787,0.0059784837376273435,0.006797102876305105,True,AP3.2,100.0,8.3,5.767844763153473e+19,$(U_{0.8}Pu_{0.2})N$
D1_Kd3p2e5_fn5p1e-4_AP3p2,rizk2025_refit_plot,rizk2025_refit_full,1125.0,1.1,35000000000000.0,1.4707859171717289e+23,6.220628351476479e+25,2.3013118917228556e+25,3.4023565899548625e+23,1.0871309291996766e+19,1.6137975042184576,54.53990154021704,0.5989844616147779,0.7387772440862685,1.3377617057010465,0.049680981596777106,1.3874426872978236,8724795335303.049,2.1811988338257623e+18,56.86243880781182,0.0651159342765791,1080379883.6554987,39041589.60721562,27.672538298897138,1375754329.838517,1375637274.315354,65808034.97295346,40704143.88927711,1.0000850918518627,1.616740427018036,0.16275924118643847,68.83834950881857,25.466641532059604,5.532249717935391,5.532249717935391,0.0,4.999258362292376e+24,4.999258362292376e+24,0.0,9.03657393860029e+25,9.03657393860029e+25,1.018716707823169,8.368372287375922e+16,0.00549973098217197,4.724046209487463e-07,4.994922743121246e-07,4.994922743121246e-07,0.0079146360782342,0.0079146360782342,6.393349022832794e+20,1.0764729556327902e-05,6.8595570898364e-19,2.2961278689320564e-23,2.2961278689320565e-22,9.494708146321283e-22,1.3842827431568335e+19,35000000000000.0,35000000000000.0,0.0,0.005347698108261658,0.0006462859543408793,1.2441961679904635e-05,4.118464854106612e-06,1.2441961679904635e-05,4.118464854106612e-06,3.557420172766232e-29,5.475015472205705e+18,1.243415237630907e+19,0.23529785880367055,9.660351075551544e-22,-135333.64783605872,1.0418593521247107e+21,0.0,0.0,0.0,0.0,0.0,0.3333333333333333,0.3333333333333333,2.0,1.028854216590493e-25,9.636917296725955e-21,0.0,6.859556060982184e-19,,0.0,0.0,0.0,0.0,0.0,1.028854216590493e-25,6.859556060982184e-19,0.014048891452488508,15.0,1.02893356347546e-17,9.494708146321284e-28,2.2960329218505932e-23,,,9.494708146321284e-28,2.2960329218505932e-23,10.0,,9.536544540177922e-08,3.4095948968030423,33814182885125.383,5.130535370981274e-06,0.0006411554189698981,5.130535370981274e-06,0.0006411554189698981,0.005347698108261658,0.0006462859543408793,False,False,1.0,1.423373688888804,8.886706760503108e-09,0.2052254667431329,0.6964835908826918,1.0,1.396991757210814,2.80033234353413e-07,0.19550798936287117,0.7104745034450811,0.18160948162653487,0.19476212449916097,0.00598984461614778,0.007387772440862686,True,AP3.2,100.0,8.3,5.767844763153473e+19,$(U_{0.8}Pu_{0.2})N$
D1_Kd3p2e5_fn5p1e-4_AP3p2,rizk2025_refit_plot,rizk2025_refit_full,1150.0,1.1,35000000000000.0,1.4699410198308465e+23,6.215845666445323e+25,2.306433010580673e+25,3.397109830827377e+23,1.0844415468474585e+19,1.615691406646018,56.04372034559353,0.6001688387526579,0.7996052354613444,1.3997740742140024,0.055897020825976,1.4556710950399785,8632339243083.37,2.1580848107708424e+18,59.35180027164859,0.07019034153917911,590581068.9560062,37404088.66856999,15.789211553555674,1374118259.4983268,1374024761.701527,60674002.95819866,39611931.29775064,1.0000680466607341,1.531710294611261,0.1626657436566641,68.78542364262579,25.523312554646406,5.52859805907117,5.52859805907117,0.0,4.995958513759868e+24,4.995958513759868e+24,0.0,9.03657393860029e+25,9.036573938600291e+25,1.0202801884307307,8.358768569103117e+16,0.0054954518606671575,4.701896938161497e-07,5.39419902923789e-07,5.39419902923789e-07,0.008566640655260525,0.008566640655260525,6.945456952280301e+20,1.1471263126866283e-05,6.859559227741158e-19,3.156009871203467e-23,3.1560098712034666e-22,3.330768464716398e-21,1.3842827431568335e+19,35000000000000.0,35000000000000.0,0.0,0.0053449965553667425,0.00064585122968598,1.243782415696163e-05,4.104298804337935e-06,1.243782415696163e-05,4.104298804337935e-06,3.847563672627869e-29,5.625598759305556e+18,1.3486207393728553e+19,0.45056458831838614,1.0708975124041796e-21,-145953.46113125994,1.0413971765179638e+21,0.0,0.0,0.0,0.0,0.0,0.3333333333333333,0.3333333333333333,2.0,3.1667589742037936e-25,1.2004150054659163e-20,0.0,6.859556060982184e-19,,0.0,0.0,0.0,0.0,0.0,3.1667589742037936e-25,6.859556060982184e-19,0.017499885424288566,15.0,1.0289338841611738e-17,3.330768464716398e-27,3.155676794356995e-23,,,3.330768464716398e-27,3.155676794356995e-23,10.0,,9.536544540177922e-08,3.4095948968030423,33784500764334.992,5.258417879421555e-06,0.0006405928118065584,5.258417879421555e-06,0.0006405928118065584,0.0053449965553667425,0.00064585122968598,False,False,1.0,1.4236697087860115,8.891280001604105e-09,0.20533289905560378,0.6963292331369559,1.0,1.41102444697246,2.8026452055488205e-07,0.20071224858404418,0.7029745144090512,0.18172910214994503,0.19996709754255038,0.006001688387526579,0.007996052354613445,True,AP3.2,100.0,8.3,5.767844763153473e+19,$(U_{0.8}Pu_{0.2})N$
D1_Kd3p2e5_fn5p1e-4_AP3p2,rizk2025_refit_plot,rizk2025_refit_full,1175.0,1.1,35000000000000.0,1.469108441791528e+23,6.2115282737599815e+25,2.31107540456969e+25,3.392069629092791e+23,1.0816940563245584e+19,1.6175954456317456,57.509386762170415,0.6013995713319951,0.861805502244212,1.4632050735762072,0.06682563622590565,1.5300307098021129,8480648890588.822,2.1201622226472056e+18,63.365351574093665,0.07859842508852016,332129837.3050427,35034919.63433888,9.479965724811063,1372483711.5187309,1372407424.8570771,56347662.53683291,38602393.88711953,1.0000555860164204,1.459693476565308,0.1625736093981525,68.73764676706789,25.574685940406987,5.525093683126993,5.525093683126993,0.0,4.992791758527047e+24,4.992791758527047e+24,0.0,9.03657393860029e+25,9.036573938600291e+25,1.0218825218275245,8.349315011577674e+16,0.005491088780270965,4.680563709473905e-07,5.778553108327511e-07,5.778553108327511e-07,0.009234285653844695,0.009234285653844695,7.497714897694839e+20,1.2208376625930212e-05,6.859565352766219e-19,4.2715948930300983e-23,4.271594893030099e-22,1.1076769180051558e-20,1.3842827431568335e+19,35000000000000.0,35000000000000.0,0.0,0.005342636033970883,0.0006454323198591568,1.243366692677472e-05,4.091186349368191e-06,1.243366692677472e-05,4.091186349368191e-06,4.127458437604861e-29,5.773336850878664e+18,1.4494518797071086e+19,0.8513729383093376,1.2548520851316028e-21,-163393.4525660916,1.0409427112708664e+21,0.0,0.0,0.0,0.0,0.0,0.3333333333333333,0.3333333333333333,2.0,9.291784035179553e-25,1.35764246380118e-20,0.0,6.859556060982184e-19,,0.0,0.0,0.0,0.0,0.0,9.291784035179553e-25,6.859556060982184e-19,0.019791960481194207,15.0,1.0289348029149328e-17,1.1076769180051557e-26,4.2704872161120934e-23,,,1.1076769180051557e-26,4.2704872161120934e-23,10.0,,9.536544540177922e-08,3.4095948968030423,33755872552761.23,5.381760206043856e-06,0.0006400505596531129,5.381760206043856e-06,0.0006400505596531129,0.005342636033970883,0.0006454323198591568,False,False,1.0,1.4239795636300088,8.895682069443877e-09,0.20544531496331625,0.6961677226200954,1.0,1.424868695067741,2.8050159598761815e-07,0.20576768120759428,0.695704614839282,0.18185323789522267,0.20502323767865083,0.006013995713319951,0.00861805502244212,True,AP3.2,100.0,8.3,5.767844763153473e+19,$(U_{0.8}Pu_{0.2})N$
D1_Kd3p2e5_fn5p1e-4_AP3p2,rizk2025_refit_plot,rizk2025_refit_full,1200.0,1.1,35000000000000.0,1.4682851341943524e+23,6.207646293719774e+25,2.3152695824382997e+25,3.387225084872912e+23,1.078904572495159e+19,1.619508788867764,58.93310160821915,0.6026741914385865,0.9250166243443035,1.5276908157828901,0.08538533386003634,1.6130761496429267,8248003007809.955,2.062000751952489e+18,69.39987143526946,0.09169532740628919,192377145.4087408,31988531.881800894,6.013941062365202,1370849543.9893186,1370786015.648642,52674965.75756721,37669831.37521454,1.0000463444621928,1.3983329320721498,0.16248250101982575,68.69468822916863,25.621099303448194,5.521729966363348,5.521729966363348,0.0,4.989752111002728e+24,4.989752111002728e+24,0.0,9.03657393860029e+25,9.03657393860029e+25,1.0235146163131066,8.339984826039264e+16,0.005486651351815487,4.6600365784581814e-07,6.143312681430886e-07,6.143312681430886e-07,0.009913811600764915,0.009913811600764915,8.04568183025877e+20,1.2973803230983124e-05,6.859582128801389e-19,5.699970868482597e-23,5.699970868482596e-22,3.503783313863259e-20,1.3842827431568335e+19,35000000000000.0,35000000000000.0,0.0,0.00534060299194458,0.0006450307567010673,1.2429491850638859e-05,4.079057694726566e-06,1.2429491850638859e-05,4.079057694726566e-06,4.393660743795603e-29,5.918710162214537e+18,1.5446561630461684e+19,1.5954578159636588,1.5682086031069914e-21,-190143.13907145473,1.0404950471903816e+21,0.0,0.0,0.0,0.0,0.0,0.3333333333333333,0.3333333333333333,2.0,2.6067819204802983e-24,1.4100662152237733e-20,0.0,6.859556060982184e-19,,0.0,0.0,0.0,0.0,0.0,2.6067819204802983e-24,6.859556060982184e-19,0.0205561532575478,15.0,1.0289373193202082e-17,3.503783313863259e-26,5.696467085168733e-23,,,3.503783313863259e-26,5.696467085168733e-23,10.0,,9.536544540177922e-08,3.4095948968030423,33728360061758.79,5.500301781973876e-06,0.0006395304549190934,5.500301781973876e-06,0.0006395304549190934,0.00534060299194458,0.0006450307567010673,False,False,1.0,1.424302464767104,8.899921470037854e-09,0.20556242339013384,0.6959994785366292,1.0,1.4384746883062531,2.8074311868000545e-07,0.21066182560045604,0.6886816794818648,0.18198162188521702,0.2099180802430797,0.006026741914385865,0.009250166243443035,True,AP3.2,100.0,8.3,5.767844763153473e+19,$(U_{0.8}Pu_{0.2})N$
D1_Kd3p2e5_fn5p1e-4_AP3p2,rizk2025_refit_plot,rizk2025_refit_full,1225.0,1.1,35000000000000.0,1.4674665924264876e+23,6.204165668298152e+25,2.319050309889545e+25,3.382560679841433e+23,1.0760869508991345e+19,1.6214309638589635,60.312792264718105,0.6039897832727452,0.9889271038317614,1.5929168871045067,0.11561842095061493,1.7085353080551215,7917901442973.708,1.979475360743427e+18,77.83103812936838,0.11071253656147427,115173651.30805446,28523325.055872746,4.037876056962056,1369214912.6516204,1369160975.38711,49534724.40741606,36808111.78922419,1.0000393943922445,1.3457556500335794,0.1623919200348832,68.65617113800919,25.662937365936628,5.518499576019304,5.518499576019304,0.0,4.986832944883279e+24,4.986832944883279e+24,0.0,9.03657393860029e+25,9.03657393860029e+25,1.025168592701922,8.330746840411462e+16,0.005482145344168939,4.6402894512386273e-07,6.484398178311076e-07,6.484398178311076e-07,0.010601969263857453,0.010601969263857453,8.585437742765023e+20,1.376551790887991e-05,6.859626178147597e-19,7.507910714821752e-23,7.507910714821752e-22,1.057421518979397e-19,1.3842827431568335e+19,35000000000000.0,35000000000000.0,0.0,0.0053388853320422945,0.0006446484592748198,1.2425300001263874e-05,4.067836727933647e-06,1.2425300001263874e-05,4.067836727933647e-06,4.643152648932546e-29,6.062196037285237e+18,1.633157270535498e+19,2.97189399455231,2.086734378352557e-21,-228019.6249094306,1.0400536249171486e+21,0.0,0.0,0.0,0.0,0.0,0.3333333333333333,0.3333333333333333,2.0,7.011716541319382e-24,1.3584525954125257e-20,0.0,6.859556060982184e-19,,0.0,0.0,0.0,0.0,0.0,7.011716541319382e-24,6.859556060982184e-19,0.01980359512505342,15.0,1.0289439267221396e-17,1.057421518979397e-25,7.497336499631958e-23,,,1.057421518979397e-25,7.497336499631958e-23,10.0,,9.536544540177922e-08,3.4095948968030423,33701987756997.99,5.613951531083045e-06,0.0006390345077437368,5.613951531083045e-06,0.0006390345077437368,0.0053388853320422945,0.0006446484592748198,False,False,1.0,1.4246374711262961,8.904010869461031e-09,0.20568387821215242,0.6958249991289845,1.0,1.4518080828163293,2.8098792534988694e-07,0.2153883803285066,0.6819135950032271,0.1821139429872375,0.21464532139119935,0.006039897832727452,0.009889271038317615,True,AP3.2,100.0,8.3,5.767844763153473e+19,$(U_{0.8}Pu_{0.2})N$
D1_Kd3p2e5_fn5p1e-4_AP3p2,rizk2025_refit_plot,rizk2025_refit_full,1250.0,1.1,35000000000000.0,1.4666446969649998e+23,6.2010470823233875e+25,2.3224575653559125e+25,3.37805308798741e+23,1.0732512697123856e+19,1.6233623102551353,61.6484365942887,0.605342904001022,1.0533100362922316,1.6586529402932537,0.16231113249434356,1.8209640727875973,7488655200265.004,1.872163800066251e+18,88.7827651146795,0.13625179475670468,71710840.49649802,25004853.105582554,2.8678768954850584,1367578682.015122,1367532057.3699253,46829279.591569476,36010645.56770395,1.000034094005289,1.3004287719176073,0.16230096792548063,68.62166042636167,25.700642534837126,5.515396070875741,5.515396070875741,0.0,4.984028439513416e+24,4.984028439513416e+24,0.0,9.03657393860029e+25,9.036573938600291e+25,1.0268386965070577,8.321557063630536e+16,0.0054775684079118895,4.6212718151527853e-07,6.798393066805774e-07,6.798393066805774e-07,0.011296395701427738,0.011296395701427738,9.113803252089232e+20,1.4582434600823328e-05,6.859737343204004e-19,9.775347450615735e-23,9.775347450615735e-22,3.0533079764031823e-19,1.3842827431568335e+19,35000000000000.0,35000000000000.0,0.0,0.005337478952561063,0.0006442889156940745,1.2421090679189113e-05,4.057440721450058e-06,1.2421090679189113e-05,4.057440721450058e-06,4.873397930379927e-29,6.204226906212384e+18,1.7140697464744628e+19,5.489250931624278,2.91923644183704e-21,-277124.58075126563,1.0396185891743853e+21,0.0,0.0,0.0,0.0,0.0,0.3333333333333333,0.3333333333333333,2.0,1.8128222181985484e-23,1.2247278119517971e-20,0.0,6.859556060982184e-19,,0.0,0.0,0.0,0.0,0.0,1.8128222181985484e-23,6.859556060982184e-19,0.017853858692784275,15.0,1.0289606014806007e-17,3.0533079764031822e-25,9.744814370851704e-23,,,3.0533079764031822e-25,9.744814370851704e-23,10.0,,9.536544540177922e-08,3.4095948968030423,33676738581510.73,5.722817652079664e-06,0.0006385660980419949,5.722817652079664e-06,0.0006385660980419949,0.005337478952561063,0.0006442889156940745,False,False,1.0,1.4249834475957908,8.90796992733531e-09,0.2058092633204921,0.6956448831047635,1.0,1.464854222304658,2.8123516660078494e-07,0.21994820249584743,0.6753979366427418,0.18224983842040485,0.2192058166937568,0.00605342904001022,0.010533100362922317,True,AP3.2,100.0,8.3,5.767844763153473e+19,$(U_{0.8}Pu_{0.2})N$
D1_Kd3p2e5_fn5p1e-4_AP3p2,rizk2025_refit_plot,rizk2025_refit_full,1275.0,1.1,35000000000000.0,1.4658029885726383e+23,6.1982422719122046e+25,2.3255400209682765e+25,3.373663625396835e+23,1.0704013799156562e+19,1.6253049320966773,62.94275729285032,0.6067292712556939,1.1180791818110805,1.7248084530667742,0.2296415446818572,1.9544499977486314,6981057488418.709,1.745264372104677e+18,102.02899078523008,0.16774495181201463,46816733.21559332,21758521.601699226,2.1516504693010567,1365938498.4312303,1365897534.7697701,44477131.3117103,35270142.19715746,1.0000299902887424,1.2610420185744209,0.16220782328924122,68.59062199929585,25.734753422805376,5.512416754609548,5.512416754609548,0.0,4.981336158340823e+24,4.981336158340823e+24,0.0,9.03657393860029e+25,9.03657393860029e+25,1.0285227813739017,8.312340103115029e+16,0.005472900992592923,4.602891521087495e-07,7.082461763746168e-07,7.082461763746168e-07,0.011996226854762055,0.011996226854762055,9.628590708818473e+20,1.5425266035400014e-05,6.860007613635873e-19,1.260338808442629e-22,1.260338808442629e-21,8.457331924393166e-19,1.3842827431568335e+19,35000000000000.0,35000000000000.0,0.0,0.005336400975489552,0.0006439597376194167,1.2416859344466598e-05,4.047777195651884e-06,1.2416859344466598e-05,4.047777195651884e-06,5.082289463227869e-29,6.345181571906261e+18,1.7866712450262407e+19,9.97019569447868,4.209103986011471e-21,-335336.8176793199,1.039191547156034e+21,0.0,0.0,0.0,0.0,0.0,0.3333333333333333,0.3333333333333333,2.0,4.5155265368944576e-23,1.0414017716058635e-20,0.0,6.859556060982184e-19,,0.0,0.0,0.0,0.0,0.0,4.5155265368944576e-23,6.859556060982184e-19,0.015180766994133262,15.0,1.029001142045381e-17,8.457331924393166e-25,1.2518814765182357e-22,,,8.457331924393166e-25,1.2518814765182357e-22,10.0,,9.536544540177922e-08,3.4095948968030423,33652543359087.305,5.827279477445375e-06,0.0006381324581419713,5.827279477445375e-06,0.0006381324581419713,0.005336400975489552,0.0006439597376194167,False,False,1.0,1.4253389307891529,8.911831996733022e-09,0.2059380441824488,0.6954598991767011,1.0,1.4776261249646048,2.8148452694541467e-07,0.22435153681948325,0.6691189063819314,0.18238886296632117,0.22360981058013027,0.006067292712556939,0.011180791818110805,True,AP3.2,100.0,8.3,5.767844763153473e+19,$(U_{0.8}Pu_{0.2})N$
D1_Kd3p2e5_fn5p1e-4_AP3p2,rizk2025_refit_plot,rizk2025_refit_full,1300.0,1.1,35000000000000.0,1.4649067222738525e+23,6.195686156821852e+25,2.32836248607081e+25,3.3693223766353524e+23,1.0675309714727037e+19,1.6272646884503867,64.20245046664667,0.608143090316481,1.1833791315818991,1.7915222218983802,0.31868963428438046,2.1102118561827603,6438380033420.441,1.6095950083551104e+18,116.91698815166042,0.20314816755727363,32333810.15827508,18987830.89691207,1.7028701347626505,1364289051.0990965,1364252549.5431626,42406708.09502044,34578119.43102228,1.0000267557175877,1.2264029621279702,0.16210864119823243,68.56233566967887,25.765987219172352,5.5095684699505485,5.5095684699505485,0.0,4.9787622848489e+24,4.9787622848489e+24,0.0,9.03657393860029e+25,9.03657393860029e+25,1.0302247042893258,8.302949998290718e+16,0.00546808735412496,4.5849836133158075e-07,7.333917356387268e-07,7.333917356387268e-07,0.012703087072916322,0.012703087072916322,1.0128831890001058e+21,1.6298117304427082e-05,6.860642029484949e-19,1.6132812103425e-22,1.6132812103425001e-21,2.2525702314749626e-18,1.3842827431568335e+19,35000000000000.0,35000000000000.0,0.0,0.0053357175513137935,0.0006436780758073227,1.2412593296437728e-05,4.03873753022224e-06,1.2412593296437728e-05,4.03873753022224e-06,5.267845861925002e-29,6.485396575324213e+18,1.850280016358787e+19,17.54941434407664,6.1130725520410585e-21,-398880.77383844863,1.0387771593139274e+21,0.0,0.0,0.0,0.0,0.0,0.3333333333333333,0.3333333333333333,2.0,1.085968502764781e-22,8.409787168749566e-21,0.0,6.859556060982184e-19,,0.0,0.0,0.0,0.0,0.0,1.085968502764781e-22,6.859556060982184e-19,0.012258017737417087,15.0,1.0290963044227423e-17,2.2525702314749626e-24,1.5907555080277505e-22,,,2.2525702314749626e-24,1.5907555080277505e-22,10.0,,9.536544540177922e-08,3.4095948968030423,33629261264352.477,5.9281278125732504e-06,0.0006377499479947495,5.9281278125732504e-06,0.0006377499479947495,0.0053357175513137935,0.0006436780758073227,False,False,1.0,1.4257018418887646,8.915658231043528e-09,0.20606946415853386,0.6952711349249224,1.0,1.490178099268623,2.8173658028987497e-07,0.22862200124363113,0.6630418077387054,0.1825304224323468,0.22788092245534322,0.006081430903164809,0.011833791315818992,True,AP3.2,100.0,8.3,5.767844763153473e+19,$(U_{0.8}Pu_{0.2})N$
D1_Kd3p2e5_fn5p1e-4_AP3p2,rizk2025_refit_plot,rizk2025_refit_full,1325.0,1.1,35000000000000.0,1.4638826426806756e+23,6.1932822348670215e+25,2.331019621110197e+25,3.3648967095042164e+23,1.0646176680289511e+19,1.6292552474568953,65.44004411681918,0.6095758207106281,1.249720888573881,1.8592967092845094,0.42469016712596336,2.283986876410473,5915849908147.267,1.4789624770368166e+18,132.3423561022325,0.2391640693526489,23806771.759035617,16774674.906687345,1.4192091287292177,1362618661.8181257,1362585760.2516232,40550949.652769364,33924182.50875572,1.0000241464188622,1.1953405109261894,0.16199531510804216,68.53573353073591,25.795391449773916,5.50687970438213,5.50687970438213,0.0,4.976332561962642e+24,4.976332561962642e+24,0.0,9.03657393860029e+25,9.03657393860029e+25,1.0319579442938274,8.293090538134605e+16,0.005462996978695552,4.5672588935786857e-07,7.549029471380465e-07,7.549029471380465e-07,0.013422583258694668,0.013422583258694668,1.0614773541870615e+21,1.7211374701843177e-05,6.862082708120544e-19,2.058576297173614e-22,2.0585762971736138e-21,5.78187606487805e-18,1.3842827431568335e+19,35000000000000.0,35000000000000.0,0.0,0.005335601674269964,0.0006434817931007728,1.2408262882462301e-05,4.0301875329970705e-06,1.2408262882462301e-05,4.0301875329970705e-06,5.427361478853095e-29,6.625190754684566e+18,1.903930322640845e+19,29.348301924232427,8.731795335935146e-21,-463535.4465137541,1.0383863697744918e+21,0.0,0.0,0.0,0.0,0.0,0.3333333333333333,0.3333333333333333,2.0,2.5266471383605937e-22,6.489382211733226e-21,0.0,6.859556060982184e-19,,0.0,0.0,0.0,0.0,0.0,2.5266471383605937e-22,6.859556060982184e-19,0.00945686971107727,15.0,1.0293124062180816e-17,5.78187606487805e-24,2.0007575365248335e-22,,,5.78187606487805e-24,2.0007575365248335e-22,10.0,,9.536544540177922e-08,3.4095948968030423,33606650407394.707,6.026808293139387e-06,0.0006374549848076334,6.026808293139387e-06,0.0006374549848076334,0.005335601674269964,0.0006434817931007728,False,False,1.0,1.426068944643487,8.919565630970518e-09,0.20620234884715796,0.6950802776989449,1.0,1.5026262750785704,2.8199332741361196e-07,0.23280260645638454,0.6571046979824353,0.18267365176248826,0.23206216678842576,0.0060957582071062815,0.012497208885738811,True,AP3.2,100.0,8.3,5.767844763153473e+19,$(U_{0.8}Pu_{0.2})N$
D1_Kd3p2e5_fn5p1e-4_AP3p2,rizk2025_refit_plot,rizk2025_refit_full,1350.0,1.1,35000000000000.0,1.462579198947914e+23,6.190877623169838e+25,2.3336590339600743e+25,3.360131418904109e+23,1.0616155978202796e+19,1.6313060957097207,66.67606638248411,0.6110141247232026,1.3181529653673034,1.9291670900905062,0.5363772276627341,2.4655443177532406,5463045442492.615,1.3657613606231537e+18,146.90131448251654,0.272124246757841,18763784.052559644,15112186.080977606,1.2416326765707624,1360902648.1424944,1360872742.3004944,38843388.94752769,33295305.50385314,1.000021975487546,1.1666326035972998,0.16185107418868291,68.50912375900693,25.824599564130207,5.504425602674198,5.504425602674198,0.0,4.974114894808985e+24,4.974114894808985e+24,0.0,9.03657393860029e+25,9.03657393860029e+25,1.0337502093405455,8.282158381406656e+16,0.005457348686090825,4.549228597799568e-07,7.720287391796469e-07,7.720287391796469e-07,0.014166203345167815,0.014166203345167815,1.1087030392040153e+21,1.818599233453196e-05,6.865253628289335e-19,2.635683646760266e-22,2.6356836467602656e-21,1.4331663655150738e-17,1.3842827431568335e+19,35000000000000.0,35000000000000.0,0.0,0.005336450468025206,0.0006434518747414305,1.240380414508419e-05,4.021957988434648e-06,1.240380414508419e-05,4.021957988434648e-06,5.55543972888358e-29,6.764900258435423e+18,1.9456429284216386e+19,45.64899338099271,1.1990908647004201e-20,-525358.5878443042,1.038042761722113e+21,0.0,0.0,0.0,0.0,0.0,0.3333333333333333,0.3333333333333333,2.0,5.697567307150379e-22,4.811032795419547e-21,0.0,6.859556060982184e-19,,0.0,0.0,0.0,0.0,0.0,5.697567307150379e-22,6.859556060982184e-19,0.007007800521156197,15.0,1.0297880442434002e-17,1.433166365515074e-23,2.492367010208758e-22,,,1.433166365515074e-23,2.492367010208758e-22,10.0,,9.536544540177922e-08,3.4095948968030423,33584335378984.723,6.1257962009637495e-06,0.0006373260785404668,6.1257962009637495e-06,0.0006373260785404668,0.005336450468025206,0.0006434518747414305,False,False,1.0,1.4264348953864066,8.923780539366e-09,0.20633476331329811,0.6948901067012965,1.0,1.5151731977348586,2.8225888117051044e-07,0.23696266994806048,0.6512088768857531,0.1828172127225509,0.23622286744897403,0.006110141247232026,0.013181529653673035,True,AP3.2,100.0,8.3,5.767844763153473e+19,$(U_{0.8}Pu_{0.2})N$
D1_Kd3p2e5_fn5p1e-4_AP3p2,rizk2025_refit_plot,rizk2025_refit_full,1375.0,1.1,35000000000000.0,1.460690857144903e+23,6.188223567419569e+25,2.336516967888205e+25,3.354539234544472e+23,1.0584502901431953e+19,1.6334778772795404,67.9398930886791,0.6124367683974494,1.3903804512557898,2.002817219653239,0.6397463985703268,2.642563618223566,5107887741336.159,1.2769719353340398e+18,159.31965027867287,0.2992685613414456,15798480.201054487,13934251.023755718,1.1337875407957378,1359090718.3355396,1359063401.3956022,37218605.690371335,32675941.91092304,1.0000200998275057,1.1390216628439334,0.1616421076250448,68.47975360425245,25.856225863517,5.502378424605521,5.502378424605521,0.0,4.972264947210677e+24,4.972264947210677e+24,0.0,9.03657393860029e+25,9.036573938600291e+25,1.0356467587812068,8.268944120560923e+16,0.005450566111344412,4.530116454392904e-07,7.830850659210207e-07,7.830850659210207e-07,0.014952673211166792,0.014952673211166792,1.1543385526002443e+21,1.9259205661522697e-05,6.872029686534334e-19,3.420580950408818e-22,3.420580950408818e-21,3.437073971002977e-17,1.3842827431568335e+19,35000000000000.0,35000000000000.0,0.0,0.005339116533453137,0.000643756164887842,1.2399085625200414e-05,4.013846018860876e-06,1.2399085625200414e-05,4.013846018860876e-06,5.639981731763307e-29,6.904923076505368e+18,1.970970382554258e+19,65.03708419294158,1.55635248248399e-20,-580718.4482456426,1.0377946722992883e+21,0.0,0.0,0.0,0.0,0.0,0.3333333333333333,0.3333333333333333,2.0,1.2473625552150166e-21,3.443438470919897e-21,0.0,6.859556060982184e-19,,0.0,0.0,0.0,0.0,0.0,1.2473625552150166e-21,6.859556060982184e-19,0.0050108026711049814,15.0,1.0308044529801501e-17,3.437073971002977e-23,3.0768735533085202e-22,,,3.437073971002977e-23,3.0768735533085202e-22,10.0,,9.536544540177922e-08,3.4095948968030423,33561801716430.695,6.229081387105291e-06,0.0006375270835007367,6.229081387105291e-06,0.0006375270835007367,0.005339116533453137,0.000643756164887842,False,False,1.0,1.4267906837414885,8.928736995916276e-09,0.2064634497516642,0.6947053002215401,1.0,1.5281200494416074,2.825399634786062e-07,0.24120010525042265,0.6452160505731702,0.18295898912762354,0.24046094580713853,0.006124367683974495,0.013903804512557898,True,AP3.2,100.0,8.3,5.767844763153473e+19,$(U_{0.8}Pu_{0.2})N$
D1_Kd3p2e5_fn5p1e-4_AP3p2,rizk2025_refit_plot,rizk2025_refit_full,1400.0,1.1,35000000000000.0,1.4576192857134045e+23,6.1849167813877985e+25,2.3399694573676427e+25,3.3472074116957396e+23,1.0550277652618998e+19,1.6358908487634525,69.26488687599898,0.613810343622502,1.4685606470039616,2.0823709906264636,0.724907962367134,2.8072789529935975,4850692413654.8,1.2126731034136998e+18,168.9819122268564,0.31971664007315037,14075532.157263631,13137500.75818573,1.0714010538491068,1357083755.4918156,1357058755.893199,35623202.5489006,32050871.662785515,1.0000184218984682,1.1114581507704497,0.16130220320414718,68.44316024426625,25.894431598377313,5.5011059541523135,5.5011059541523135,0.0,4.971115069877167e+24,4.971115069877167e+24,0.0,9.03657393860029e+25,9.036573938600291e+25,1.0377052891932035,8.251082474991731e+16,0.005441511916515304,4.508805302944878e-07,7.845181143445969e-07,7.845181143445969e-07,0.015805805529966226,0.015805805529966226,1.1970334591550525e+21,2.048844627382428e-05,6.886110813242972e-19,4.565292615698932e-22,4.565292615698932e-21,7.989389038480301e-17,1.3842827431568335e+19,35000000000000.0,35000000000000.0,0.0,0.00534534975363323,0.0006447323712934499,1.2393846869832068e-05,4.00565231761606e-06,1.2393846869832068e-05,4.00565231761606e-06,5.655371773914639e-29,7.045776865748519e+18,1.970586654545916e+19,84.80591551238304,1.8996630691987042e-20,-627044.0511086138,1.0377375607104041e+21,0.0,0.0,0.0,0.0,0.0,0.3333333333333333,0.3333333333333333,2.0,2.6554752260788454e-21,2.389663047018396e-21,0.0,6.859556060982184e-19,,0.0,0.0,0.0,0.0,0.0,2.6554752260788454e-21,6.859556060982184e-19,0.003470265163933658,15.0,1.0329166219864458e-17,7.989389038480301e-23,3.7663537118509016e-22,,,7.989389038480301e-23,3.7663537118509016e-22,10.0,,9.536544540177922e-08,3.4095948968030423,33538493141350.36,6.342631423368632e-06,0.0006383897398700813,6.342631423368632e-06,0.0006383897398700813,0.00534534975363323,0.0006447323712934499,False,False,1.0,1.4271212015053716,8.935252012891487e-09,0.20658295104121768,0.694533693710866,1.0,1.5418204452546895,2.8284515449743695e-07,0.2456245087568358,0.638972672022834,0.1830956673412125,0.24488600260945914,0.00613810343622502,0.014685606470039617,True,AP3.2,100.0,8.3,5.767844763153473e+19,$(U_{0.8}Pu_{0.2})N$
D1_Kd3p2e5_fn5p1e-4_AP3p2,rizk2025_refit_plot,rizk2025_refit_full,1425.0,1.1,35000000000000.0,1.4522300591774786e+23,6.180309053961877e+25,2.3446086951633144e+25,3.3364643562405476e+23,1.0512789620865341e+19,1.6387759031589413,70.67108156937645,0.6150831177600556,1.5542890828990217,2.1693722006590774,0.7902996447008049,2.9596718453598827,4671013327591.143,1.1677533318977856e+18,176.11948327487906,0.33443134438977973,13075093.396567363,12605078.999324158,1.03728769944785,1354692561.7820904,1354669662.7163472,34043176.341617286,31413131.80300868,1.0000169038005158,1.0837243658194153,0.16070582380499177,68.39217048357565,25.945770057257786,5.501353635361577,5.501353635361577,0.0,4.971338888833239e+24,4.971338888833239e+24,0.0,9.03657393860029e+25,9.03657393860029e+25,1.0399693840448367,8.224084429160274e+16,0.005428018073896587,4.4838934795496863e-07,7.699719767512543e-07,7.699719767512543e-07,0.016743466920313903,0.016743466920313903,1.2326836732511763e+21,2.194662608274082e-05,6.914608654846705e-19,6.376594772569942e-22,6.376594772569942e-21,1.8029544796246132e-16,1.3842827431568335e+19,35000000000000.0,35000000000000.0,0.0,0.005358604828076741,0.0006470405202727921,1.2387588416634321e-05,3.997285262833561e-06,1.2387588416634321e-05,3.997285262833561e-06,5.55560187836174e-29,7.188205678844063e+18,1.9279878724138332e+19,102.91989920285047,2.202194438497341e-20,-664930.5698251206,1.0380539695251713e+21,0.0,0.0,0.0,0.0,0.0,0.3333333333333333,0.3333333333333333,2.0,5.505259386452124e-21,1.614130821723305e-21,0.0,6.859556060982184e-19,,0.0,0.0,0.0,0.0,0.0,5.505259386452124e-21,6.859556060982184e-19,0.0023343776955358146,15.0,1.0371912982270058e-17,1.8029544796246133e-22,4.573640292945329e-22,,,1.8029544796246133e-22,4.573640292945329e-22,10.0,,9.536544540177922e-08,3.4095948968030423,33514118892943.125,6.474707487832289e-06,0.0006405658127849597,6.474707487832289e-06,0.0006405658127849597,0.005358604828076741,0.0006470405202727921,False,False,1.0,1.4274013688402365,8.94483261942417e-09,0.2066842138689553,0.6943882849642615,1.0,1.556501513245927,2.8318096435327344e-07,0.2502991676483408,0.6323918290708893,0.18322213340892807,0.24956131509374643,0.0061508311776005565,0.015542890828990217,True,AP3.2,100.0,8.3,5.767844763153473e+19,$(U_{0.8}Pu_{0.2})N$
D1_Kd3p2e5_fn5p1e-4_AP3p2,rizk2025_refit_plot,rizk2025_refit_full,1450.0,1.1,35000000000000.0,1.4424534348349905e+23,6.173332958489143e+25,2.351393204930205e+25,3.319311774635565e+23,1.047244465289647e+19,1.6425625730302262,72.1365430306407,0.616172660039438,1.64665516600549,2.2628278260449277,0.8407782415440798,3.103606067589008,4541482242935.629,1.1353705607339072e+18,181.48544070348584,0.34527271855433295,12471075.94924914,12232386.198004037,1.0195129345478031,1351567733.90372,1351546684.7052944,32536589.117286526,30774970.72540659,1.0000155741556425,1.0572419193375744,0.15962392878494147,68.31497202849596,26.0208483979319,5.504555644787218,5.504555644787218,0.0,4.974232408325929e+24,4.974232408325929e+24,0.0,9.03657393860029e+25,9.036573938600291e+25,1.04241679911862,8.17973829017101e+16,0.005406097272943273,4.4537962575017854e-07,7.315865535821041e-07,7.315865535821041e-07,0.017756184873581337,0.017756184873581337,1.252873440475273e+21,2.369724019192103e-05,6.970855980789518e-19,9.468385261965149e-22,9.468385261965149e-21,3.956100289530877e-16,1.3842827431568335e+19,35000000000000.0,35000000000000.0,0.0,0.005385428304424923,0.0006519317150281764,1.2379382783780916e-05,3.988905288853114e-06,1.2379382783780916e-05,3.988905288853114e-06,5.28343666676883e-29,7.333477587160275e+18,1.8231067021284565e+19,119.56842834925256,2.4753141400319678e-20,-699551.5286572797,1.0390823319788522e+21,0.0,0.0,0.0,0.0,0.0,0.3333333333333333,0.3333333333333333,2.0,1.1129991980733449e-20,1.0648433877683903e-21,0.0,6.859556060982184e-19,,0.0,0.0,0.0,0.0,0.0,1.1129991980733449e-20,6.859556060982184e-19,0.0015275647505886161,15.0,1.0456283971184277e-17,3.9561002895308766e-22,5.512284972434272e-22,,,3.9561002895308766e-22,5.512284972434272e-22,10.0,,9.536544540177922e-08,3.4095948968030423,33489125497279.65,6.6367712126452145e-06,0.0006452949438155312,6.6367712126452145e-06,0.0006452949438155312,0.005385428304424923,0.0006519317150281764,False,False,1.0,1.4275889552987868,8.960214675125957e-09,0.20675199718649684,0.6942909548012196,1.0,1.571954539536526,2.83544162483354e-07,0.25514725647797776,0.6255841741076607,0.18333025457112553,0.2544100248176878,0.00616172660039438,0.0164665516600549,True,AP3.2,100.0,8.3,5.767844763153473e+19,$(U_{0.8}Pu_{0.2})N$
D1_Kd3p2e5_fn5p1e-4_AP3p2,rizk2025_refit_plot,rizk2025_refit_full,1475.0,1.1,35000000000000.0,1.4246988836639221e+23,6.16210733197572e+25,2.362004973148055e+25,3.290490885223538e+23,1.0431153822997793e+19,1.6480230614342943,73.58966346326011,0.616934639226694,1.7412912174813417,2.3582258567080356,0.8831045900259731,3.2413304467340085,4438412935448.574,1.1096032338621435e+18,185.898258578359,0.35404577096088213,12067620.343786363,11942016.116650365,1.0105178410336317,1347088056.9598312,1347068528.3177454,31224000.52958183,30167280.23370215,1.000014497140773,1.0350286896164784,0.15765918514518337,68.19074766437636,26.13827971969115,5.513313430787303,5.513313430787303,0.0,4.982146446398749e+24,4.982146446398749e+24,0.0,9.03657393860029e+25,9.03657393860029e+25,1.044933024691285,8.103730014064594e+16,0.005368720328915144,4.4163030150630743e-07,6.683385656954321e-07,6.683385656954321e-07,0.018796449472524804,0.018796449472524804,1.2473205298937735e+21,2.5751155090255215e-05,7.079265455089175e-19,1.504893209395902e-21,1.504893209395902e-20,8.452417180343286e-16,1.3842827431568335e+19,35000000000000.0,35000000000000.0,0.0,0.005437671490630971,0.0006617020177402072,1.2367567409050015e-05,3.9809185599526e-06,1.2367567409050015e-05,3.9809185599526e-06,4.830693712281368e-29,7.484162604311511e+18,1.6540331392551547e+19,137.066745534635,2.7634974274006275e-20,-740050.4767033048,1.0414297346893498e+21,0.0,0.0,0.0,0.0,0.0,0.3333333333333333,0.3333333333333333,2.0,2.1970939410699096e-20,6.8818538610947975e-22,0.0,6.859556060982184e-19,,0.0,0.0,0.0,0.0,0.0,2.1970939410699096e-20,6.859556060982184e-19,0.0009721141133572748,15.0,1.0618898182633762e-17,8.452417180343286e-22,6.596514913615734e-22,,,8.452417180343286e-22,6.596514913615734e-22,10.0,,9.536544540177922e-08,3.4095948968030423,33464764889208.832,6.848264723476776e-06,0.0006548537530167304,6.848264723476776e-06,0.0006548537530167304,0.005437671490630971,0.0006617020177402072,False,False,1.0,1.4276096166013221,8.986300551446753e-09,0.20675946218158495,0.6942802359782384,1.0,1.5874302032244925,2.8391782084330235e-07,0.2599299920893166,0.6188859149751421,0.1834057941634315,0.2591933191679264,0.00616934639226694,0.017412912174813416,True,AP3.2,100.0,8.3,5.767844763153473e+19,$(U_{0.8}Pu_{0.2})N$
D1_Kd3p2e5_fn5p1e-4_AP3p2,rizk2025_refit_plot,rizk2025_refit_full,1500.0,1.1,35000000000000.0,1.3931761398170222e+23,6.143177902265726e+25,2.37955649839776e+25,3.241168501285482e+23,1.0390538539955532e+19,1.6564873751692732,74.97721293836157,0.6170986691135125,1.8344866053979187,2.451585274511431,0.9234265007971778,3.375011775308609,4344545929416.137,1.0861364823540343e+18,190.0348079084135,0.36215273410633936,11752246.573797928,11682070.376653943,1.0060071712360361,1340203657.069065,1340185281.9875205,30191919.338377677,29608996.026900228,1.00001371085162,1.0196873717348556,0.15417083391150968,67.98127192900793,26.33250737022508,5.532049866855487,5.532049866855487,0.0,4.999077765386349e+24,4.999077765386349e+24,0.0,9.03657393860029e+25,9.036573938600291e+25,1.0474195115798475,7.972730664430059e+16,0.005304200918890731,4.3666575734769444e-07,5.994987454669691e-07,5.994987454669691e-07,0.01982414534131936,0.01982414534131936,1.2146690655664823e+21,2.8037007668963317e-05,7.283547683483441e-19,2.5448943822908676e-21,2.5448943822908677e-20,1.7607759639859707e-15,1.3842827431568335e+19,35000000000000.0,35000000000000.0,0.0,0.005535823881992775,0.0006804406727233795,1.2349293147538148e-05,3.973575362974168e-06,1.2349293147538148e-05,3.973575362974168e-06,4.3361404917106245e-29,7.645509265346846e+18,1.4712000978323032e+19,159.2428727537391,3.1334251619031157e-20,-798180.912691024,1.0461409404601447e+21,0.0,0.0,0.0,0.0,0.0,0.3333333333333333,0.3333333333333333,2.0,4.239916225012569e-20,4.369022003359254e-22,0.0,6.859556060982184e-19,,0.0,0.0,0.0,0.0,0.0,4.239916225012569e-20,6.859556060982184e-19,0.0005998480676204922,15.0,1.0925321525225161e-17,1.7607759639859707e-21,7.84118418304897e-22,,,1.7607759639859707e-21,7.84118418304897e-22,10.0,,9.536544540177922e-08,3.4095948968030423,33441905631824.953,7.150415858080399e-06,0.0006732902568652991,7.150415858080399e-06,0.0006732902568652991,0.005535823881992775,0.0006804406727233795,False,False,1.0,1.4273296858916895,9.031656534285534e-09,0.2066583079598442,0.6944254840488903,1.0,1.6023477984155583,2.8428729715900635e-07,0.26447339302179773,0.6125393616643956,0.18342204729836858,0.26373727523754276,0.006170986691135125,0.018344866053979187,True,AP3.2,100.0,8.3,5.767844763153473e+19,$(U_{0.8}Pu_{0.2})N$
D1_Kd3p2e5_fn5p1e-4_AP3p2,rizk2025_refit_plot,rizk2025_refit_full,1525.0,1.1,35000000000000.0,1.3395727248732662e+23,6.110564142400516e+25,2.409479609824271e+25,3.157822658232938e+23,1.0348429902382148e+19,1.6701101438077155,76.37642352953083,0.6161858022524505,1.9312612430701603,2.547447045322611,0.9672559344934485,3.514702979816059,4246943671004.507,1.0617359177511267e+18,194.46232619796993,0.3707050625093712,11458696.15306186,11416092.995513985,1.0037318509550173,1329271183.9399736,1329253647.2705808,29384682.263252225,29066561.347189043,1.0000131928691178,1.010944566585065,0.14823900451377903,67.62036346871307,26.663640735921263,5.5677567908519014,5.5677567908519014,0.0,5.031344591267708e+24,5.031344591267708e+24,0.0,9.03657393860029e+25,9.036573938600291e+25,1.050010446066887,7.752362434448248e+16,0.005194821010077952,4.2949501983619215e-07,5.567771838882628e-07,5.567771838882628e-07,0.020896890240249585,0.020896890240249585,1.1710892154945191e+21,3.0432440723263256e-05,7.660320881786454e-19,4.506949593239524e-21,4.506949593239524e-20,3.580777516173852e-15,1.3842827431568335e+19,35000000000000.0,35000000000000.0,0.0,0.005713866291383955,0.0007152688137290912,1.2319986478159393e-05,3.966435535477072e-06,1.2319986478159393e-05,3.966435535477072e-06,4.0293914386349943e-29,7.826726100420336e+18,1.3559749171761957e+19,191.20505733269204,3.667804985702619e-20,-886054.6900030752,1.0549094459453378e+21,0.0,0.0,0.0,0.0,0.0,0.3333333333333333,0.3333333333333333,2.0,8.007648208042697e-20,2.7313851877918533e-22,0.0,6.859556060982184e-19,,0.0,0.0,0.0,0.0,0.0,8.007648208042697e-20,6.859556060982184e-19,0.0003565627641377433,15.0,1.149048132267968e-17,3.5807775161738524e-21,9.261720770656716e-22,,,3.5807775161738524e-21,9.261720770656716e-22,10.0,,9.536544540177922e-08,3.4095948968030423,33419259236934.652,7.629216958282973e-06,0.0007076395967708083,7.629216958282973e-06,0.0007076395967708083,0.005713866291383955,0.0007152688137290912,False,False,1.0,1.4265231887312344,9.110430192817627e-09,0.20636670314801472,0.6948442369764176,1.0,1.6175278974842768,2.846723869925169e-07,0.2690310672870354,0.6061893260488463,0.18333155796560355,0.2682956770032316,0.006161858022524505,0.019312612430701603,True,AP3.2,100.0,8.3,5.767844763153473e+19,$(U_{0.8}Pu_{0.2})N$
D1_Kd3p2e5_fn5p1e-4_AP3p2,rizk2025_refit_plot,rizk2025_refit_full,1550.0,1.1,35000000000000.0,1.2542115987277636e+23,6.05519156637598e+25,2.460037693969031e+25,3.02294628499762e+23,1.0298131695648057e+19,1.692083080360802,78.00064176964113,0.6134569458048246,2.0471118799781114,2.660568825782936,1.0204215667561867,3.6809903925391225,4134274329248.0723,1.033568582312018e+18,199.74409776371684,0.38073978846630785,11142756.930321759,11114220.769747617,1.0025675358772623,1312009217.6839495,1311992316.3150067,28642385.48536926,28461304.28716617,1.0000128822164067,1.0063623647172326,0.13879282206393737,67.00760274323493,27.22312361613981,5.630480818561347,5.630480818561347,0.0,5.088025622680029e+24,5.088025622680029e+24,0.0,9.03657393860029e+25,9.036573938600291e+25,1.0531241372086226,7.399950227179318e+16,0.005017530909513134,4.186233859041348e-07,5.507401985068564e-07,5.507401985068564e-07,0.022191002182333112,0.022191002182333112,1.1360531928837233e+21,3.2854687376400625e-05,8.341202920002465e-19,8.20455958647652e-21,8.20455958647652e-20,7.11715258415843e-15,1.3842827431568335e+19,35000000000000.0,35000000000000.0,0.0,0.006025592892957423,0.0007783857309510197,1.2272989472164304e-05,3.958462899307293e-06,1.2272989472164304e-05,3.958462899307293e-06,3.987640307314738e-29,8.041465910069421e+18,1.3339260530371869e+19,239.11119202639776,4.4545796716634414e-20,-1010847.1735988131,1.070251736908165e+21,0.0,0.0,0.0,0.0,0.0,0.3333333333333333,0.3333333333333333,2.0,1.4816468590202815e-19,1.6851976248218294e-22,0.0,6.859556060982184e-19,,0.0,0.0,0.0,0.0,0.0,1.4816468590202815e-19,6.859556060982184e-19,0.00020203292510492376,15.0,1.2511804380003698e-17,7.11715258415843e-21,1.0874070023180895e-21,,,7.11715258415843e-21,1.0874070023180895e-21,10.0,,9.536544540177922e-08,3.4095948968030423,33393488840574.64,8.442284534428137e-06,0.0007699434464165916,8.442284534428137e-06,0.0007699434464165916,0.006025592892957423,0.0007783857309510197,False,False,1.0,1.4248546330560434,9.243964768336397e-09,0.20576258528946778,0.6957119350801382,1.0,1.6353202238990063,2.8513510317707165e-07,0.27429091154723045,0.5988818401871802,0.1830605218320321,0.27355659721170517,0.0061345694580482455,0.020471118799781113,True,AP3.2,100.0,8.3,5.767844763153473e+19,$(U_{0.8}Pu_{0.2})N$
D1_Kd3p2e5_fn5p1e-4_AP3p2,rizk2025_refit_plot,rizk2025_refit_full,1575.0,1.1,35000000000000.0,1.1301862274823286e+23,5.965171796743018e+25,2.5420600655283155e+25,2.8197637674705083e+23,1.0230647295609465e+19,1.726560840902469,80.10725285279264,0.6079207890754882,2.2029631751573615,2.8108839642328496,1.0898605003149533,3.900744464547803,3995743352539.251,9.989358381348128e+17,206.50866773128794,0.39332832120656325,10771282.865601165,10750154.094687669,1.0019654388883539,1285809457.5136282,1285793090.7546887,27821224.895778995,27712846.476954278,1.000012728921206,1.0039107645948546,0.12506799979300426,66.01143129325168,28.130794732611516,5.732705974343803,5.732705974343803,0.0,5.180402140541339e+24,5.180402140541339e+24,0.0,9.03657393860029e+25,9.03657393860029e+25,1.0573338442829316,6.878233171891828e+16,0.004749648628066557,4.024612033398611e-07,5.733977859477299e-07,5.733977859477299e-07,0.023947399846270295,0.023947399846270295,1.1149348980558872e+21,3.5338365203823596e-05,9.547997762466594e-19,1.5110367502995262e-20,1.5110367502995263e-19,1.384090397445483e-14,1.3842827431568335e+19,35000000000000.0,35000000000000.0,0.0,0.00655037146424186,0.000890337090936184,1.2199931714470815e-05,3.948595100800394e-06,1.2199931714470815e-05,3.948595100800394e-06,4.153700112188606e-29,8.308011633253553e+18,1.3820952453893171e+19,309.8882480858899,5.571311081796732e-20,-1168129.2955080366,1.0954721693557494e+21,0.0,0.0,0.0,0.0,0.0,0.3333333333333333,0.3333333333333333,2.0,2.6884417014844093e-19,1.0281056616639125e-22,0.0,6.859556060982184e-19,,0.0,0.0,0.0,0.0,0.0,2.6884417014844093e-19,6.859556060982184e-19,0.00010767761862130092,15.0,1.4321996643699892e-17,1.384090397445483e-20,1.2694635285404309e-21,,,1.384090397445483e-20,1.2694635285404309e-21,10.0,,9.536544540177922e-08,3.4095948968030423,33360912130123.137,9.85896738071738e-06,0.0008804781235554666,9.85896738071738e-06,0.0008804781235554666,0.00655037146424186,0.000890337090936184,False,False,1.0,1.4218975967052971,9.460875362022166e-09,0.20468923740204575,0.6972541463809753,1.0,1.6586670754357595,2.857606674947908e-07,0.2810624125269437,0.5895077955848949,0.18250817893667926,0.28032967864716307,0.006079207890754882,0.022029631751573613,True,AP3.2,100.0,8.3,5.767844763153473e+19,$(U_{0.8}Pu_{0.2})N$
D1_Kd3p2e5_fn5p1e-4_AP3p2,rizk2025_refit_plot,rizk2025_refit_full,1600.0,1.1,35000000000000.0,9.699743320005566e+22,5.827426144135664e+25,2.667500321401032e+25,2.541700183881078e+23,1.0135815460352322e+19,1.7780074117330218,82.94395353019846,0.5984303770267374,2.422710384263416,3.0211407612901535,1.1836313387181827,4.204772100008336,3822516467082.922,9.556291167707305e+17,215.42835868055246,0.409483279938383,10322177.368728887,10305049.964623844,1.001662039889553,1248604622.7660646,1248588720.9188676,26833713.46486825,26765061.291559204,1.0000127358568363,1.0025649921949067,0.10733872578159857,64.48711850011483,29.518934272275892,5.8866085018276735,5.8866085018276735,0.0,5.319477297435885e+24,5.319477297435885e+24,0.0,9.03657393860029e+25,9.03657393860029e+25,1.0633106587238577,6.180663138995682e+16,0.004380864960676064,3.799801295894987e-07,6.235887907277153e-07,6.235887907277153e-07,0.02644831019515571,0.02644831019515571,1.104269208646945e+21,3.803138893378319e-05,1.1647735522501893e-18,2.783708154963653e-20,2.7837081549636527e-19,2.6363059898109156e-14,1.3842827431568335e+19,35000000000000.0,35000000000000.0,0.0,0.007394202976298809,0.001085081707808013,1.209248724938273e-05,3.936085032367527e-06,1.209248724938273e-05,3.936085032367527e-06,4.5197709256546255e-29,8.648009505922518e+18,1.4938568280519434e+19,412.31249615968517,7.091654662433259e-20,-1342058.78477475,1.1341884308518129e+21,0.0,0.0,0.0,0.0,0.0,0.3333333333333333,0.3333333333333333,2.0,4.788179461519709e-19,6.213051142733445e-23,0.0,6.859556060982184e-19,,0.0,0.0,0.0,0.0,0.0,4.788179461519709e-19,6.859556060982184e-19,5.3341279347652143e-05,15.0,1.747160328375284e-17,2.6363059898109155e-20,1.4740216515273757e-21,,,2.6363059898109155e-20,1.4740216515273757e-21,10.0,,9.536544540177922e-08,3.4095948968030423,33318600825391.367,1.2336454986261344e-05,0.0010727452528217518,1.2336454986261344e-05,0.0010727452528217518,0.007394202976298809,0.001085081707808013,False,False,1.0,1.41720640577245,9.794031658037369e-09,0.2029792388050836,0.699712572101496,1.0,1.6905770515533871,2.8664908839948114e-07,0.2900873246818728,0.577074532303278,0.18155346567218658,0.2893568937339727,0.005984303770267374,0.02422710384263416,True,AP3.2,100.0,8.3,5.767844763153473e+19,$(U_{0.8}Pu_{0.2})N$
D1_Kd3p2e5_fn5p1e-4_AP3p2,rizk2025_refit_plot,rizk2025_refit_full,1625.0,1.1,35000000000000.0,7.891105931974925e+22,5.630896053908423e+25,2.8466112458041305e+25,2.201690713988452e+23,1.0002945342692037e+19,1.8499691832957648,86.71392415509183,0.5838999015539821,2.732014662354574,3.3159145639085565,1.3099246727225407,4.625839236631097,3611002880769.6416,9.027507201924105e+17,227.10150116451732,0.4298816507182139,9790334.370782144,9775364.70968452,1.001531365994232,1200035568.987986,1200019989.5465376,25648163.227746226,25601424.703481626,1.0000129826516093,1.0018256220036943,0.08732408970027428,62.312288840527266,31.50100098937555,6.099386080396927,6.099386080396927,0.0,5.511755329557624e+24,5.511755329557624e+24,0.0,9.03657393860029e+25,9.036573938600291e+25,1.071805946235629,5.351404266207171e+16,0.003925494865167096,3.514038243208896e-07,7.129638102540977e-07,7.129638102540977e-07,0.030010924832412376,0.030010924832412376,1.1010059131817161e+21,4.112463426804785e-05,1.523730417696869e-18,5.0931337662888926e-20,5.093133766288892e-19,4.922854290289942e-14,1.3842827431568335e+19,35000000000000.0,35000000000000.0,0.0,0.008682195261963075,0.001417741561030899,1.1945375599006712e-05,3.920703920345636e-06,1.1945375599006712e-05,3.920703920345636e-06,5.171222698294945e-29,9.082230060227604e+18,1.6925021457447119e+19,560.4021246235218,9.127577106005485e-20,-1515146.0437235127,1.189389515220702e+21,0.0,0.0,0.0,0.0,0.0,0.3333333333333333,0.3333333333333333,2.0,8.377748115986507e-19,3.725070577182821e-23,0.0,6.859556060982184e-19,,0.0,0.0,0.0,0.0,0.0,8.377748115986507e-19,6.859556060982184e-19,2.4447044791645597e-05,15.0,2.2855956265453037e-17,4.922854290289942e-20,1.7027947599895046e-21,,,4.922854290289942e-20,1.7027947599895046e-21,10.0,,9.536544540177922e-08,3.4095948968030423,33265220717233.977,1.664879192020141e-05,0.0014010927691106975,1.664879192020141e-05,0.0014010927691106975,0.008682195261963075,0.001417741561030899,False,False,1.0,1.4104346313798262,1.0274290712385471e-08,0.20049514323761142,0.7032870673485836,1.0,1.733797084177416,2.8791267544379376e-07,0.30190819655468676,0.5608969537232698,0.18007197754683757,0.30118107236037706,0.00583899901553982,0.02732014662354574,True,AP3.2,100.0,8.3,5.767844763153473e+19,$(U_{0.8}Pu_{0.2})N$
D1_Kd3p2e5_fn5p1e-4_AP3p2,rizk2025_refit_plot,rizk2025_refit_full,1650.0,1.1,35000000000000.0,6.107294704035148e+22,5.3698718668715315e+25,3.0850304972802783e+25,1.831502137811852e+23,9.821949721569712e+18,1.9439271426489697,91.5415907796242,0.5635545889577096,3.1560340601914048,3.7195886491491144,1.4755245069348923,5.195113156084006,3365397367702.372,8.413493419255931e+17,241.90816918338115,0.4545885398881631,9190906.979434837,9177036.093878685,1.0015114777161447,1142033675.8893967,1142018109.2665997,24286067.93549826,24251271.81091263,1.0000136308020606,1.001434816485376,0.06758418340326368,59.4237584216933,34.13938200740413,6.369275387499298,6.369275387499298,0.0,5.755642797444441e+24,5.755642797444441e+24,0.0,9.03657393860029e+25,9.03657393860029e+25,1.0836114426952332,4.474984151822879e+16,0.003422489194926018,3.1837967665526835e-07,8.685428705992678e-07,8.685428705992678e-07,0.03497182053521635,0.03497182053521635,1.1045371602069962e+21,4.478602310527516e-05,2.1271476252081635e-18,9.216017886357202e-20,9.216017886357202e-19,9.020265555838444e-14,1.3842827431568335e+19,35000000000000.0,35000000000000.0,0.0,0.010542318955178263,0.001976302298212743,1.175889177845856e-05,3.9028270039697705e-06,1.175889177845856e-05,3.9028270039697705e-06,6.305962378535846e-29,9.624948716927238e+18,2.0341285359362474e+19,777.4314936182222,1.1869357372897833e-19,-1676665.8935028566,1.262483587379434e+21,0.0,0.0,0.0,0.0,0.0,0.3333333333333333,0.3333333333333333,2.0,1.441192019109945e-18,2.2189009104417195e-23,0.0,6.859556060982184e-19,,0.0,0.0,0.0,0.0,0.0,1.441192019109945e-18,6.859556060982184e-19,1.043134422898635e-05,15.0,3.190721437812245e-17,9.020265555838444e-20,1.957523305187582e-21,,,9.020265555838444e-20,1.957523305187582e-21,10.0,,9.536544540177922e-08,3.4095948968030423,33201776396031.453,2.4088865678370188e-05,0.0019522134325343724,2.4088865678370188e-05,0.0019522134325343724,0.010542318955178263,0.001976302298212743,False,False,1.0,1.4014273526734045,1.0924531246313774e-08,0.19716185154778787,0.7080893388664106,1.0,1.7904332855372316,2.89670388408608e-07,0.31674200926470486,0.5407756363967672,0.1779557383696158,0.31601950889647973,0.0056355458895770965,0.031560340601914046,True,AP3.2,100.0,8.3,5.767844763153473e+19,$(U_{0.8}Pu_{0.2})N$
D1_Kd3p2e5_fn5p1e-4_AP3p2,rizk2025_refit_plot,rizk2025_refit_full,1675.0,1.1,35000000000000.0,4.5430361938479655e+22,5.045215987523651e+25,3.382695981899286e+25,1.4687504891419761e+23,9.584161097972828e+18,2.059022440773306,97.47363820998945,0.5370563714717268,3.7179559816123455,4.255012353084072,1.6846221879832028,5.939634541067275,3096899884733.46,7.742249711833649e+17,259.93950805928364,0.48300632102688806,8553857.342065703,8540448.570417743,1.0015700313089415,1078197622.4769633,1078181546.7568367,22804098.17694163,22775388.718100466,1.0000149100308524,1.0012605474794092,0.050273878404758054,55.831070733264255,37.43339018618427,6.685265202146726,6.685265202146726,0.0,6.04118932983505e+24,6.04118932983505e+24,0.0,9.03657393860029e+25,9.03657393860029e+25,1.0995464958899972,3.638320589722398e+16,0.002919782188462652,2.8333423726552064e-07,1.1423349114319948e-06,1.1423349114319948e-06,0.04168282331806582,0.04168282331806582,1.1150939412104999e+21,4.914518304620705e-05,3.1253595690049714e-18,1.6455952557117455e-19,1.6455952557117454e-18,1.6231955709997532e-13,1.3842827431568335e+19,35000000000000.0,35000000000000.0,0.0,0.01308522994038504,0.0028990404831275114,1.1539032362271245e-05,3.883247913979851e-06,1.1539032362271245e-05,3.883247913979851e-06,8.306162843512667e-29,1.0279413503116384e+19,2.624205269834517e+19,1098.847019897996,1.559135628887991e-19,-1822532.072237483,1.3529519139254614e+21,0.0,0.0,0.0,0.0,0.0,0.3333333333333333,0.3333333333333333,2.0,2.439403962906753e-18,1.3148108872562704e-23,0.0,6.859556060982184e-19,,0.0,0.0,0.0,0.0,0.0,2.439403962906753e-18,6.859556060982184e-19,4.206910783308271e-06,15.0,4.688039353507457e-17,1.623195570999753e-19,2.2399684711992322e-21,,,1.623195570999753e-19,2.2399684711992322e-21,10.0,,9.536544540177922e-08,3.4095948968030423,33131604614630.992,3.676912569345114e-05,0.00286227135743406,3.676912569345114e-05,0.00286227135743406,0.01308522994038504,0.0028990404831275114,False,False,1.0,1.3902107343982963,1.1758653914986734e-08,0.19296357241890172,0.7141471349193282,1.0,1.8618765516597722,2.92046381091006e-07,0.3344765822947278,0.51699484082621,0.17512169727940466,0.33376035439603063,0.005370563714717268,0.037179559816123454,True,AP3.2,100.0,8.3,5.767844763153473e+19,$(U_{0.8}Pu_{0.2})N$
D1_Kd3p2e5_fn5p1e-4_AP3p2,rizk2025_refit_plot,rizk2025_refit_full,1700.0,1.1,35000000000000.0,3.2886833875539213e+22,4.663112923571298e+25,3.7348646762395864e+25,1.1424250580435957e+23,9.28233928743643e+18,2.192658286977907,104.51915148137279,0.5044628553530045,4.439496050644714,4.943958905997719,1.8486093199759555,6.792568225973675,2852945611059.507,7.132364027648767e+17,275.5482927132764,0.5,8058626.7580457805,8056663.963111672,1.0002436237806487,1012486977.1425098,1012469664.4180602,21266482.235628895,21240126.508256666,1.00001709949943,1.0012408460637927,0.036393033575546865,51.60266440860424,41.330538560481195,7.030403997339032,6.82459776913293,0.20580622820610228,6.35307655401852e+24,6.167098234197631e+24,1.8597831982088876e+23,9.03657393860029e+25,9.0179761066182e+25,1.1205064448004929,2.8986687676861692e+16,0.0024560391182876042,2.4853759649287247e-07,1.6312924223756561e-06,1.6312924223756561e-06,0.0505327751052778,0.0505327751052778,1.131993645386392e+21,5.432556154571063e-05,4.751541991998671e-18,2.8964180859428994e-19,2.8964180859428996e-18,2.8708990269161864e-13,1.3842827431568335e+19,35000000000000.0,35000000000000.0,0.0,0.016384832758813552,0.004400158364781848,1.1295369312758592e-05,3.8628395734457655e-06,1.1295369312758592e-05,3.8628395734457655e-06,1.1888391544920166e-28,1.103462963640238e+19,3.650534111174359e+19,414.6528885133183,5.527571683576669e-20,-900146.9375710859,1.458688533339694e+21,2.3015072446246447e+21,0.0,0.0,0.0,0.0,0.3333333333333333,0.3333333333333333,2.0,4.065586385900453e-18,7.758935285868006e-24,0.0,6.859556060982184e-19,,0.0,0.0,0.0,0.0,0.0,4.065586385900453e-18,6.859556060982184e-19,1.6329299623014206e-06,15.0,7.127312987998007e-17,2.8708990269161863e-19,2.5519059026713273e-21,,,2.8708990269161863e-19,2.5519059026713273e-21,10.0,,9.536544540177922e-08,3.4095948968030423,33059647116511.297,5.804527595910073e-05,0.004342113088822748,5.804527595910073e-05,0.004342113088822748,0.016384832758813552,0.004400158364781848,False,False,1.0,1.376898244992363,1.2785950569089419e-08,0.18791101077772226,0.721451104213637,1.0,1.9491250720170463,2.9517787626678435e-07,0.35479595626241917,0.49013695335410423,0.1715048468063878,0.354088012914614,0.005044628553530045,0.044394960506447145,True,AP3.2,100.0,8.3,5.767844763153473e+19,$(U_{0.8}Pu_{0.2})N$
D1_Kd3p2e5_fn5p1e-4_AP3p2,rizk2025_refit_plot,rizk2025_refit_full,1725.0,1.1,35000000000000.0,2.3419394795693433e+22,4.232992076485095e+25,4.133800675179431e+25,8.670612838077714e+22,8.910258296811604e+18,2.341284792812222,112.69988530968762,0.4661236479352451,5.342558980938946,5.808682628874192,1.9108958843602044,7.719578513234396,2669990515730.3647,6.674976289325911e+17,284.83254563226444,0.5,7795995.115484944,7794053.151728492,1.0002491596757999,948216790.941831,948197334.5640959,19725052.42494693,19698334.154464047,1.0000205193339256,1.001356372080673,0.025916232141537654,46.84288653251212,45.74522051462052,7.38597672072584,6.734629062034548,0.6513476586912926,6.674392474561956e+24,6.085797346812151e+24,5.885951277498051e+23,9.03657393860029e+25,8.97771442582531e+25,1.147557579745684,2.2776542841816704e+16,0.002052647664931186,2.1555251916104412e-07,2.5157176972862925e-06,2.5157176972862925e-06,0.061989491876994304,0.061989491876994304,1.1531454666249632e+21,6.0498063307038325e-05,7.362204704302811e-18,5.023391322800811e-19,5.023391322800811e-18,4.994440127391286e-13,1.3842827431568335e+19,35000000000000.0,35000000000000.0,0.0,0.02045955110194164,0.006807057866268971,1.103852591444728e-05,3.8423017895082995e-06,1.103852591444728e-05,3.8423017895082995e-06,1.8397359095102546e-28,1.1861251240837265e+19,5.441062789810294e+19,508.4264429225612,6.552205808712425e-20,-934580.5354037902,1.5765645598510515e+21,2.5196258978870455e+21,0.0,0.0,0.0,0.0,0.3333333333333333,0.3333333333333333,2.0,6.676249098204593e-18,4.564519522249422e-24,0.0,6.859556060982184e-19,,0.0,0.0,0.0,0.0,0.0,6.676249098204593e-18,6.859556060982184e-19,6.199935624693656e-07,15.0,1.1043307056454217e-16,4.994440127391286e-19,2.8951195409524855e-21,,,4.994440127391286e-19,2.8951195409524855e-21,10.0,,9.536544540177922e-08,3.4095948968030423,32991642350631.375,9.30759154108995e-05,0.006713981950858071,9.30759154108995e-05,0.006713981950858071,0.02045955110194164,0.006807057866268971,False,False,1.0,1.3615975623742074,1.4017200103692567e-08,0.1820075919047494,0.7300032733699904,1.0,2.0532471709685014,2.992304211769038e-07,0.37732854464109394,0.4608686041789961,0.1670450889923047,0.3766313281953333,0.004661236479352451,0.05342558980938947,True,AP3.2,100.0,8.3,5.767844763153473e+19,$(U_{0.8}Pu_{0.2})N$
D1_Kd3p2e5_fn5p1e-4_AP3p2,rizk2025_refit_plot,rizk2025_refit_full,1750.0,1.1,35000000000000.0,1.6533140442110587e+22,3.7661473161296177e+25,4.5698406759746644e+25,6.450795389194369e+22,8.462462873518207e+18,2.5008338804331762,122.08893119815716,0.42262619261814216,6.450810157177789,6.873436349795931,1.9762618255528823,8.849698175348813,2496288669123.6772,6.240721672809193e+17,294.5758014422445,0.49999999999999994,7538220.910980029,7536260.579215502,1.000260119955238,887726566.6627425,887703904.4334556,18212924.468078606,18183466.578119323,1.000025529040904,1.0016200370722892,0.018295806081426773,41.67671665964336,50.57050057936564,7.734486954909596,6.6469279564250785,1.0875589984845166,6.989326324517996e+24,6.006545594278455e+24,9.827807302395417e+23,9.03657393860029e+25,8.938295865576339e+25,1.182055029688809,1.7723629559563548e+16,0.0017158802300391205,1.8518795687342716e-07,4.134066117126574e-06,4.134066117126574e-06,0.07665242773574103,0.07665242773574103,1.1755360581771415e+21,6.794822991843784e-05,1.1495000451183415e-17,8.585058024105227e-19,8.585058024105227e-18,8.552344067970446e-13,1.3842827431568335e+19,35000000000000.0,35000000000000.0,0.0,0.02525195187718127,0.010613972588412719,1.0778596761848686e-05,3.822081074597384e-06,1.0778596761848686e-05,3.822081074597384e-06,3.039153305115291e-28,1.2704403929221857e+19,8.56495886071615e+19,621.3310292133579,7.737687041156371e-20,-964782.1357580374,1.7028151795920646e+21,2.745811944940585e+21,0.0,0.0,0.0,0.0,0.3333333333333333,0.3333333333333333,2.0,1.0809044845085196e-17,2.6793973973199525e-24,0.0,6.859556060982184e-19,,0.0,0.0,0.0,0.0,0.0,1.0809044845085196e-17,6.859556060982184e-19,2.3309241341039768e-07,15.0,1.7242500676775121e-16,8.552344067970446e-19,3.2713956134781503e-21,,,8.552344067970446e-19,3.2713956134781503e-21,10.0,,9.536544540177922e-08,3.4095948968030423,32933666759560.46,0.00014949807767624233,0.010464474510736477,0.00014949807767624233,0.010464474510736477,0.02525195187718127,0.010613972588412719,False,False,1.0,1.3443698262537516,1.546948993258048e-08,0.17523332190988394,0.7398404371570276,1.0,2.1757538285131512,3.044173884561386e-07,0.40173925766441143,0.4298103529838177,0.16167844980041102,0.4010557559381033,0.004226261926181422,0.06450810157177789,True,AP3.2,100.0,8.3,5.767844763153473e+19,$(U_{0.8}Pu_{0.2})N$
D1_Kd3p2e5_fn5p1e-4_AP3p2,rizk2025_refit_plot,rizk2025_refit_full,1775.0,1.1,35000000000000.0,1.1625317080073612e+22,3.2753704881925203e+25,5.031584560841177e+25,4.718334830473392e+22,7.934450909575697e+18,2.666757764042845,132.83831676389428,0.3748245865500933,7.790683807587584,8.165508394137678,2.041832280950838,10.207340675088515,2338533725387.6987,5.846334313469247e+17,304.34954154086813,0.5,7296247.625163619,7294244.600338581,1.0002746034627006,832498625.0011237,832471561.5093763,16746793.583136365,16712045.545908337,1.000032509809342,1.0020792210703695,0.012864739622629925,36.245711156100555,55.68022344561858,8.061200658658239,6.561155880216074,1.5000447784421647,7.284563578585853e+24,5.929037023425461e+24,1.3555265551603912e+24,9.03657393860029e+25,8.90102128308425e+25,1.2257844713745991,1.3683898785748674e+16,0.0014427387208633534,1.577018401575798e-07,7.131368716308186e-06,7.131368716308186e-06,0.09531690079854223,0.09531690079854223,1.195958528004449e+21,7.718633273261489e-05,1.795020114129512e-17,1.4461408687105212e-18,1.4461408687105212e-17,1.4424583518951984e-12,1.3842827431568335e+19,35000000000000.0,35000000000000.0,0.0,0.030606950007861906,0.016558423087135753,1.0524596031303824e-05,3.802400931063989e-06,1.0524596031303824e-05,3.802400931063989e-06,5.284314119853244e-28,1.3473636475327988e+19,1.4009729219696978e+20,752.4909914884593,9.065280985993571e-20,-992010.7803121572,1.8331857499587609e+21,2.9748733457576745e+21,0.0,0.0,0.0,0.0,0.3333333333333333,0.3333333333333333,2.0,1.7264245535196902e-17,1.5706605874380213e-24,0.0,6.859556060982184e-19,,0.0,0.0,0.0,0.0,0.0,1.7264245535196902e-17,6.859556060982184e-19,8.750100208206897e-08,15.0,2.692530171194268e-16,1.4424583518951983e-18,3.682516815322887e-21,,,1.4424583518951983e-18,3.682516815322887e-21,10.0,,9.536544540177922e-08,3.4095948968030423,32892012593776.57,0.00023812403912223,0.016320299048013524,0.00023812403912223,0.016320299048013524,0.030606950007861906,0.016558423087135753,False,False,1.0,1.3252400449883457,1.7169339106546112e-08,0.1675469925435118,0.7510312003289427,1.0,2.318851917522868,3.110245360504563e-07,0.4277617701282381,0.39749329738536837,0.15533739705851302,0.4270956939460318,0.0037482458655009334,0.07790683807587584,True,AP3.2,100.0,8.3,5.767844763153473e+19,$(U_{0.8}Pu_{0.2})N$
D1_Kd3p2e5_fn5p1e-4_AP3p2,rizk2025_refit_plot,rizk2025_refit_full,1800.0,1.1,35000000000000.0,8.161484166053278e+21,2.7751487456933352e+25,5.505618432554839e+25,3.3978728375479783e+22,7.323153977857183e+18,2.833880949324613,145.2095862741392,0.3239220677651462,9.392314776965593,9.716236844730739,2.106249706465707,11.822486551196446,2197677963266.6458,5.4941949081666144e+17,313.95141438106225,0.5,7073217.12597829,7071157.82350147,1.0002912256419982,783410746.596394,783378003.4158046,15331545.1082276,15288246.850375926,1.000041797421483,1.0028321270761407,0.009031613332118037,30.710186897703725,60.92594903735858,8.354832451605581,6.4771756828524305,1.8776567687531505,7.549906119355096e+24,5.853147697139981e+24,1.696758422215115e+24,9.03657393860029e+25,8.866898096378779e+25,1.2811654682703106,1.0483990420258424e+16,0.0012260132425846303,1.3302374686150016e-07,1.2761708350235666e-05,1.2761708350235666e-05,0.11906651008905786,0.11906651008905786,1.2116884150749508e+21,8.919947088514401e-05,2.790413000779694e-17,2.4019434300062056e-18,2.4019434300062057e-17,2.3978131732901632e-12,1.3842827431568335e+19,35000000000000.0,35000000000000.0,0.0,0.03625348343595766,0.025729322641741034,1.0284445130859916e-05,3.7833210285108073e-06,1.0284445130859916e-05,3.7833210285108073e-06,9.569295214813906e-28,1.4034506043691583e+19,2.3494803580412894e+20,900.4375446344909,1.051085283559544e-19,-1015859.0157323603,1.9629730008711593e+21,3.200150719838963e+21,0.0,0.0,0.0,0.0,0.3333333333333333,0.3333333333333333,2.0,2.721817440169872e-17,9.201272251725335e-25,0.0,6.859556060982184e-19,,0.0,0.0,0.0,0.0,0.0,2.721817440169872e-17,6.859556060982184e-19,3.297458924236063e-08,15.0,4.185619501169541e-16,2.397813173290163e-18,4.130256716042414e-21,,,2.397813173290163e-18,4.130256716042414e-21,10.0,,9.536544540177922e-08,3.4095948968030423,32873218334309.293,0.00037342114551959814,0.025355901496221436,0.00037342114551959814,0.025355901496221436,0.03625348343595766,0.025729322641741034,False,False,1.0,1.3042391278355712,1.9155063221228444e-08,0.1589012012476735,0.7636542933591658,1.0,2.48569257487802,3.194465918090405e-07,0.4552035951854172,0.3643560469562925,0.14796085947029206,0.45455964765549906,0.003239220677651462,0.09392314776965593,True,AP3.2,100.0,8.3,5.767844763153473e+19,$(U_{0.8}Pu_{0.2})N$
D1_Kd3p2e5_fn5p1e-4_AP3p8,rizk2025_refit_plot,rizk2025_refit_full,900.0,1.1,35000000000000.0,1.4797605847753664e+23,6.285886986129245e+25,2.2327326673653765e+25,3.459059454538022e+23,1.1061429293663121e+19,1.5972069008756968,40.61151350033329,0.5903780059990189,0.310346878693572,0.900724884692591,0.04277318723360251,0.9434980719261935,8828693232856.3,2.2071733082140751e+18,53.881404098928954,0.05916369627453658,1283940679769.6309,41201598.902730316,31162.399371946405,1392845187.231559,1389926376.3403766,230113820.03868175,54664301.04807055,1.0020999751791657,4.209581310411796,0.16375239054421972,69.56051075152271,24.70773417598188,5.568002681951165,5.568002681951165,0.0,5.031566792577553e+24,5.031566792577553e+24,0.0,9.036573938600132e+25,9.036573938600132e+25,1.007801149769396,1.0075203346459216e+17,0.0055338413564336685,4.954459593563137e-07,4.617170159978359e-07,4.617170159978359e-07,0.00333458691742515,0.00333458691742515,2.1651451527221563e+20,7.0941451693910355e-06,8.162871712571295e-19,5.5598665086701915e-25,5.559866508670192e-24,5.119872410101689e-28,1.6472964643566316e+19,35000000000000.0,35000000000000.0,0.0,0.00640831404352553,0.000774091610853051,1.484927117929421e-05,5.1142780004977285e-06,1.484927117929421e-05,5.1142780004977285e-06,1.316150339154976e-29,4.808850212378295e+18,3.938739044500128e+18,0.00018409226918329608,1.0077000908861916e-21,-145632.8956332484,3.0501793570427083e+21,0.0,0.0,0.0,0.0,0.0,0.3333333333333333,0.3333333333333333,2.0,2.4966082885114063e-31,1.045298780017561e-24,0.0,8.162871712568798e-19,,0.0,0.0,0.0,0.0,0.0,2.4966082885114063e-31,8.162871712568798e-19,1.2805527476411767e-06,15.0,1.2244307568856943e-17,5.119872410101689e-34,5.559866503550319e-25,,,5.119872410101689e-34,5.559866503550319e-25,10.0,,9.536544540177922e-08,3.4095948968030423,34101597214594.72,4.631631086470323e-06,0.0007694599797665806,4.631631086470323e-06,0.0007694599797665806,0.00640831404352553,0.000774091610853051,False,False,1.0,1.421244337641882,8.839048667470548e-09,0.20445164574924485,0.697595619375516,1.0,1.2753004667926073,2.784195975222334e-07,0.14661193879611986,0.7816578080601942,0.18073546881073965,0.14586433865766746,0.005903780059990189,0.0031034687869357204,True,AP3.8,119.0,8.3,6.863735268152632e+19,$(U_{0.8}Pu_{0.2})N$
D1_Kd3p2e5_fn5p1e-4_AP3p8,rizk2025_refit_plot,rizk2025_refit_full,925.0,1.1,35000000000000.0,1.4787117239473837e+23,6.277784219288553e+25,2.2412519331675807e+25,3.4525536185927226e+23,1.104749462819499e+19,1.5990256101062599,41.95131963890537,0.5912828733422041,0.3416561861074655,0.9329390594496697,0.04274671162976494,0.9756857710794345,8829122692307.139,2.2072806730767844e+18,53.869411240928976,0.05914023869150533,497539203987.2796,41210771.54660427,12073.037832466312,1390184047.2871299,1388345493.636262,189368699.56149364,52918478.348442405,1.0013242767447261,3.578498578787413,0.16363632212768162,69.47084439239428,24.802009571282014,5.563509714196027,5.563509714196027,0.0,5.027506689045248e+24,5.027506689045248e+24,0.0,9.036573938600132e+25,9.036573938600132e+25,1.0085929382847612,1.0060927504848942e+17,0.005530545320628116,4.929412888898886e-07,5.467832124701874e-07,5.467832124701874e-07,0.0036687486466189293,0.0036687486466189293,2.4981675809550464e+20,7.533635428031225e-06,8.162871712583124e-19,9.45289008275833e-25,9.45289008275833e-24,3.600113810511962e-27,1.6472964643566316e+19,35000000000000.0,35000000000000.0,0.0,0.006402694110285407,0.0007735952648370327,1.4844518818063042e-05,5.087827379781084e-06,1.4844518818063042e-05,5.087827379781084e-06,1.5622916448525673e-29,4.957275611611037e+18,4.855782528751604e+18,0.00048791947721862444,1.0074962171048816e-21,-145621.823114677,3.048496725625074e+21,0.0,0.0,0.0,0.0,0.0,0.3333333333333333,0.3333333333333333,2.0,1.4326320272288242e-30,7.456235300263535e-24,0.0,8.162871712568798e-19,,0.0,0.0,0.0,0.0,0.0,1.4326320272288242e-30,8.162871712568798e-19,9.13432865638412e-06,15.0,1.2244307568874687e-17,3.600113810511962e-33,9.452890046757192e-25,,,3.600113810511962e-33,9.452890046757192e-25,10.0,,9.536544540177922e-08,3.4095948968030423,34073130351685.12,4.777604302088329e-06,0.0007688176605349443,4.777604302088329e-06,0.0007688176605349443,0.006402694110285407,0.0007735952648370327,False,False,1.0,1.421456840639087,8.844598702257014e-09,0.2045289522721036,0.6974845085983712,1.0,1.286355854446189,2.785365796253146e-07,0.15135975904095386,0.7746941705758071,0.18082775891410968,0.15061322092625393,0.005912828733422041,0.003416561861074655,True,AP3.8,119.0,8.3,6.863735268152632e+19,$(U_{0.8}Pu_{0.2})N$
D1_Kd3p2e5_fn5p1e-4_AP3p8,rizk2025_refit_plot,rizk2025_refit_full,950.0,1.1,35000000000000.0,1.4776888555756634e+23,6.269645754596461e+25,2.249810433310679e+25,3.4460075303620964e+23,1.1031721467750326e+19,1.600834675466622,43.375725974073404,0.5921671072501616,0.37711357599945977,0.9692806832496215,0.0427314608287268,1.0120121440783483,8829362644856.781,2.2073406612141952e+18,53.86251618193534,0.059126707120906015,202809583397.573,41216047.027980365,4920.64615657808,1387975907.8599815,1386776557.2687259,158752610.99802503,51180699.57669277,1.0008648477542899,3.1018061947382907,0.1635231300729637,69.38078299581424,24.89671913932461,5.558974734788195,5.558974734788195,0.0,5.023408621372358e+24,5.023408621372358e+24,0.0,9.036573938600132e+25,9.036573938600133e+25,1.0094907170457623,1.0047015340069758e+17,0.005527207530724293,4.903652797749016e-07,6.403545637966116e-07,6.403545637966116e-07,0.004046996401659974,0.004046996401659974,2.8692963329106883e+20,8.014395922659414e-06,8.162871712643784e-19,1.555632732564192e-24,1.555632732564192e-23,2.2845010932250072e-26,1.6472964643566316e+19,35000000000000.0,35000000000000.0,0.0,0.006396940887036826,0.0007730704454093164,1.4839794319713821e-05,5.061436020115195e-06,1.4839794319713821e-05,5.061436020115195e-06,1.833935527867104e-29,5.105598358382047e+18,5.868270741116989e+18,0.0012285401427167327,1.0075402892601588e-21,-145638.5537947797,3.0468542835392785e+21,0.0,0.0,0.0,0.0,0.0,0.3333333333333333,0.3333333333333333,2.0,7.498646671560408e-30,3.8979387444212507e-23,0.0,8.162871712568798e-19,,0.0,0.0,0.0,0.0,0.0,7.498646671560408e-30,8.162871712568798e-19,4.775205199395189e-05,15.0,1.2244307568965677e-17,2.284501093225007e-32,1.555632709719181e-24,,,2.284501093225007e-32,1.555632709719181e-24,10.0,,9.536544540177922e-08,3.4095948968030423,34043030585325.227,4.9319485297836405e-06,0.0007681384968795328,4.9319485297836405e-06,0.0007681384968795328,0.006396940887036826,0.0007730704454093164,False,False,1.0,1.4216630434205118,8.85019725841816e-09,0.20460394955146172,0.6973767203448034,1.0,1.2982597937299294,2.7866923448962773e-07,0.1563984191126563,0.7673151603985687,0.1809178536357079,0.15565296183957136,0.005921671072501617,0.0037711357599945977,True,AP3.8,119.0,8.3,6.863735268152632e+19,$(U_{0.8}Pu_{0.2})N$
D1_Kd3p2e5_fn5p1e-4_AP3p8,rizk2025_refit_plot,rizk2025_refit_full,975.0,1.1,35000000000000.0,1.4766922588098583e+23,6.261662770157971e+25,2.25821215132164e+25,3.439495576958151e+23,1.1014164581110852e+19,1.6026454386023543,44.86357541514997,0.5930560217927315,0.4166024470188322,1.0096584688115637,0.04274222886350463,1.0524006976750684,8829164163893.238,2.2072910409733094e+18,53.867443773474,0.05913619659303725,86623085734.39217,41212276.73872279,2101.875765892877,1386018738.1818886,1385209695.4994814,135312426.47561678,49483349.899266586,1.0005840579119796,2.7345041665746708,0.1634128452711598,69.29244216561985,24.989693734210324,5.554451254898681,5.554451254898681,0.0,5.019320945324222e+24,5.019320945324222e+24,0.0,9.036573938600132e+25,9.036573938600132e+25,1.010491934755862,1.0033469915711192e+17,0.0055237782770962635,4.877636370417795e-07,7.415181406053548e-07,7.415181406053548e-07,0.004468134705116213,0.004468134705116213,3.276099478029525e+20,8.537410002556296e-06,8.16287171292935e-19,2.485036039701464e-24,2.485036039701464e-23,1.3186026336093777e-25,1.6472964643566316e+19,35000000000000.0,35000000000000.0,0.0,0.00639123267654565,0.0007725256047060343,1.483506802729853e-05,5.035598226683756e-06,1.483506802729853e-05,5.035598226683756e-06,2.1285383931698418e-29,5.253875886359295e+18,6.965736889770016e+18,0.00295053184533218,1.0081206528277336e-21,-145714.20431455242,3.0452533683755764e+21,0.0,0.0,0.0,0.0,0.0,0.3333333333333333,0.3333333333333333,2.0,3.605513394506346e-29,1.5535245485073675e-22,0.0,8.162871712568798e-19,,0.0,0.0,0.0,0.0,0.0,3.605513394506346e-29,8.162871712568798e-19,0.00019031593330649877,15.0,1.2244307569394025e-17,1.3186026336093777e-31,2.4850359078412007e-24,,,1.3186026336093777e-31,2.4850359078412007e-24,10.0,,9.536544540177922e-08,3.4095948968030423,34011782691276.535,5.092177529126484e-06,0.0007674334271769079,5.092177529126484e-06,0.0007674334271769079,0.00639123267654565,0.0007725256047060343,False,False,1.0,1.4218705154267135,8.855780774821806e-09,0.20467939127955176,0.6972682967998896,1.0,1.310860039889978,2.7881718952254836e-07,0.16165100185531578,0.7596355521321371,0.18100833491248855,0.1609066298910705,0.005930560217927316,0.004166024470188322,True,AP3.8,119.0,8.3,6.863735268152632e+19,$(U_{0.8}Pu_{0.2})N$
D1_Kd3p2e5_fn5p1e-4_AP3p8,rizk2025_refit_plot,rizk2025_refit_full,1000.0,1.1,35000000000000.0,1.475721757469775e+23,6.253978506608476e+25,2.2663096882744194e+25,3.433079662444814e+23,1.099491054260299e+19,1.604464208458943,46.39509646259655,0.5939673748984202,0.45993510157467743,1.0539024764730978,0.0428091663157329,1.0967116427888306,8828023721595.963,2.2070059303989908e+18,53.89786994410415,0.059195372629441245,38631371442.10639,41189011.77917226,937.9047899770402,1384203214.6827674,1383639465.620905,117059203.46448983,47849884.34693203,1.0004074392758155,2.446384250707082,0.16330544822592147,69.2074070228577,25.07930221866249,5.549985310253877,5.549985310253877,0.0,5.015285261425376e+24,5.015285261425376e+24,0.0,9.036573938600132e+25,9.03657393860013e+25,1.0115922635650632,1.0020288111771005e+17,0.005520230396769351,4.851714809832264e-07,8.491769948654692e-07,8.491769948654692e-07,0.004930245573641523,0.004930245573641523,3.7155058649891937e+20,9.10410574726278e-06,8.162871714171498e-19,3.863167302789697e-24,3.863167302789697e-23,6.972208708889678e-25,1.6472964643566316e+19,35000000000000.0,35000000000000.0,0.0,0.006385707087471763,0.0007719685762005077,1.483032347968121e-05,5.010676405543443e-06,1.483032347968121e-05,5.010676405543443e-06,2.442976167811712e-29,5.401956116806863e+18,8.135383748474643e+18,0.0067838664044376365,1.0098365212689145e-21,-145913.88374035264,3.0436944035833834e+21,0.0,0.0,0.0,0.0,0.0,0.3333333333333333,0.3333333333333333,2.0,1.6026995865756309e-28,4.883477169444583e-22,0.0,8.162871712568798e-19,,0.0,0.0,0.0,0.0,0.0,1.6026995865756309e-28,8.162871712568798e-19,0.0005982547981204234,15.0,1.2244307571257247e-17,6.972208708889678e-31,3.863166605568826e-24,,,6.972208708889678e-31,3.863166605568826e-24,10.0,,9.536544540177922e-08,3.4095948968030423,33979835954134.824,5.255987158611308e-06,0.0007667125890418964,5.255987158611308e-06,0.0007667125890418964,0.006385707087471763,0.0007719685762005077,False,False,1.0,1.4220846150462807,8.861295792393997e-09,0.20475722490865933,0.6971564393190076,1.0,1.324007881541548,2.789798098408704e-07,0.16704582176339092,0.7517619162656588,0.1811010063603375,0.16630252829897021,0.005939673748984202,0.004599351015746774,True,AP3.8,119.0,8.3,6.863735268152632e+19,$(U_{0.8}Pu_{0.2})N$
D1_Kd3p2e5_fn5p1e-4_AP3p8,rizk2025_refit_plot,rizk2025_refit_full,1025.0,1.1,35000000000000.0,1.4747764684068347e+23,6.246692236140957e+25,2.2740005101279686e+25,3.4268069234348665e+23,1.097407270999944e+19,1.6062942740165556,47.95253727370965,0.5949131636174512,0.5068637325400441,1.1017768961574952,0.04299182016523801,1.1447687163227331,8824957810104.059,2.2062394525260147e+18,53.98066627941657,0.0593567593756196,17932353708.418896,41125835.47058794,436.0362167291074,1382468549.781138,1382063072.6951838,102626162.67293528,46295777.57957622,1.000293385370006,2.2167499508250987,0.1632008412067831,69.12677612759776,25.16440993654103,5.545613094654432,5.545613094654432,0.0,5.011334276471387e+24,5.011334276471387e+24,0.0,9.036573938600132e+25,9.036573938600132e+25,1.0127858594257086,1.0007457235225733e+17,0.005516552093115017,4.826144181448466e-07,9.620758137248534e-07,9.620758137248534e-07,0.005430800988009996,0.005430800988009996,4.1839053308793625e+20,9.715389845333342e-06,8.162871719192991e-19,5.857623504279315e-24,5.857623504279315e-23,3.398959714178951e-24,1.6472964643566316e+19,35000000000000.0,35000000000000.0,0.0,0.006380463902742545,0.0007714063229837171,1.4825552130778888e-05,4.986913813445752e-06,1.4825552130778888e-05,4.986913813445752e-06,2.773621358156521e-29,5.549725898302182e+18,9.36249380627815e+18,0.014983643912354197,1.0138810869141119e-21,-146367.4541754417,3.042176514312221e+21,0.0,0.0,0.0,0.0,0.0,0.3333333333333333,0.3333333333333333,2.0,6.624193185834588e-28,1.2468798225414734e-21,0.0,8.162871712568798e-19,,0.0,0.0,0.0,0.0,0.0,6.624193185834588e-28,8.162871712568798e-19,0.0015275014301765165,15.0,1.2244307578789486e-17,3.398959714178951e-30,5.857620105319601e-24,,,3.398959714178951e-30,5.857620105319601e-24,10.0,,9.536544540177922e-08,3.4095948968030423,33947589721931.273,5.421329454686611e-06,0.0007659849935290305,5.421329454686611e-06,0.0007659849935290305,0.006380463902742545,0.0007714063229837171,False,False,1.0,1.4223089834237872,8.866701067640178e-09,0.20483877196319322,0.697039249134047,1.0,1.3375635792161096,2.7915623659308434e-07,0.17251872647850272,0.7437892227801518,0.18119707923321623,0.17177649585641627,0.005949131636174512,0.005068637325400441,True,AP3.8,119.0,8.3,6.863735268152632e+19,$(U_{0.8}Pu_{0.2})N$
D1_Kd3p2e5_fn5p1e-4_AP3p8,rizk2025_refit_plot,rizk2025_refit_full,1050.0,1.1,35000000000000.0,1.4738548975469739e+23,6.239866210077682e+25,2.2812200154727512e+25,3.420710352282116e+23,1.0951786164218771e+19,1.6081370847662202,49.52042006140945,0.5959009980884654,0.5570914905209324,1.1529924886093978,0.043403919036667245,1.1963964076460651,8818126229627.646,2.2045315574069115e+18,54.16657641170589,0.05972004802913264,8639516045.37621,40984683.67515725,210.79865136577905,1380780189.0263326,1380479326.6879535,91055989.16284317,44829991.28939162,1.0002179404881788,2.031140014617631,0.16309885887740447,69.05123836174032,25.244301999548938,5.541360779833348,5.541360779833348,0.0,5.007491640742294e+24,5.007491640742294e+24,0.0,9.036573938600132e+25,9.036573938600133e+25,1.0140656241441632,9.994956361579482e+16,0.005512741766728701,4.801102465020686e-07,1.0788305479282923e-06,1.0788305479282923e-06,0.005966773339176556,0.005966773339176556,4.677246874725772e+20,1.0371455565634605e-05,8.162871738158613e-19,8.68048799131575e-24,8.68048799131575e-23,1.5366002896313798e-23,1.6472964643566316e+19,35000000000000.0,35000000000000.0,0.0,0.006375570352997645,0.0007708448378959699,1.4820750252065247e-05,4.9644555004959425e-06,1.4820750252065247e-05,4.9644555004959425e-06,3.1164336357003034e-29,5.697181593452476e+18,1.0630873419083016e+19,0.03189918596027732,1.022539228485213e-21,-147322.9723629821,3.040697704072312e+21,0.0,0.0,0.0,0.0,0.0,0.3333333333333333,0.3333333333333333,2.0,2.558981501392922e-27,2.652535369540001e-21,0.0,8.162871712568798e-19,,0.0,0.0,0.0,0.0,0.0,2.558981501392922e-27,8.162871712568798e-19,0.0032495124934283997,15.0,1.224430760723792e-17,1.5366002896313797e-29,8.680472625312854e-24,,,1.5366002896313797e-29,8.680472625312854e-24,10.0,,9.536544540177922e-08,3.4095948968030423,33915387650277.133,5.58644214577387e-06,0.000765258395750196,5.58644214577387e-06,0.000765258395750196,0.006375570352997645,0.0007708448378959699,False,False,1.0,1.4225459368533853,8.871967206078538e-09,0.2049248712273781,0.696915521464349,1.0,1.3513992564555013,2.793454255272123e-07,0.17801401927566698,0.7357995134190725,0.18129731444543545,0.17727282879147546,0.005959009980884654,0.005570914905209324,True,AP3.8,119.0,8.3,6.863735268152632e+19,$(U_{0.8}Pu_{0.2})N$
D1_Kd3p2e5_fn5p1e-4_AP3p8,rizk2025_refit_plot,rizk2025_refit_full,1075.0,1.1,35000000000000.0,1.4729551335122666e+23,6.233533434943486e+25,2.2879336677833096e+25,3.414810785623474e+23,1.0928202650648023e+19,1.6099929728278883,51.085554069305424,0.5969352083576172,0.610283563397683,1.2072187717553002,0.04425555542945961,1.2514743271847597,8804225409978.504,2.201056352494626e+18,54.54723277915526,0.06046689429399806,4309049782.347698,40698673.18454243,105.8769106012109,1379118172.1594245,1378888006.0144978,81665961.62174451,43456512.12842339,1.0001669215657274,1.8792571612835363,0.16299928972201208,68.98115898013813,25.318596221631054,5.537245508508805,5.537245508508805,0.0,5.00377284538213e+24,5.00377284538213e+24,0.0,9.036573938600132e+25,9.036573938600132e+25,1.01542346858956,9.982759005413283e+16,0.005508804293497267,4.77670763606959e-07,1.1979628386222483e-06,1.1979628386222483e-06,0.006534744402338087,0.006534744402338087,5.1911408713426056e+20,1.1071805678514202e-05,8.162871805401724e-19,1.2595011157736031e-23,1.2595011157736032e-22,6.475908336901747e-23,1.6472964643566316e+19,35000000000000.0,35000000000000.0,0.0,0.006371067302919412,0.0007702891424296914,1.48159170373386e-05,4.943370740543796e-06,1.48159170373386e-05,4.943370740543796e-06,3.467065302546552e-29,5.84440292393162e+18,1.1923330975592217e+19,0.06568531914339876,1.0400312429326204e-21,-149233.81596291994,3.039255194294693e+21,0.0,0.0,0.0,0.0,0.0,0.3333333333333333,0.3333333333333333,2.0,9.283292620781236e-27,4.8067183409772704e-21,0.0,8.162871712568798e-19,,0.0,0.0,0.0,0.0,0.0,9.283292620781236e-27,8.162871712568798e-19,0.005888513816664936,15.0,1.2244307708102586e-17,6.475908336901747e-29,1.2594946398652662e-23,,,6.475908336901747e-29,1.2594946398652662e-23,10.0,,9.536544540177922e-08,3.4095948968030423,33883517549125.965,5.749849439892648e-06,0.0007645392929897987,5.749849439892648e-06,0.0007645392929897987,0.006371067302919412,0.0007702891424296914,False,False,1.0,1.422796791988049,8.877075101833864e-09,0.2050159973609728,0.6967845749708792,1.0,1.365400103837946,2.795461857307239e-07,0.18348450042316664,0.7278618955104345,0.18140213676682954,0.18274432163574156,0.005969352083576171,0.006102835633976829,True,AP3.8,119.0,8.3,6.863735268152632e+19,$(U_{0.8}Pu_{0.2})N$
D1_Kd3p2e5_fn5p1e-4_AP3p8,rizk2025_refit_plot,rizk2025_refit_full,1100.0,1.1,35000000000000.0,1.472075030767162e+23,6.227704961612262e+25,2.294129569494428e+25,3.409119306555659e+23,1.0903485531259163e+19,1.611861606233048,52.63691578196537,0.5980177321406029,0.6660782669314022,1.264095999072005,0.04592254896359974,1.3100185480356048,8777532375710.33,2.1943830939275827e+18,55.27961687994842,0.061913242879988964,2219799694.1380525,40159467.90697207,55.2746291180983,1377470865.918569,1377289459.2285645,73960829.98118946,42175723.3876652,1.0001317128282579,1.7536351256234814,0.16290189631261992,68.9166602733182,25.38716094265494,5.533276887714245,5.533276887714245,0.0,5.000186571857699e+24,5.000186571857699e+24,0.0,9.036573938600132e+25,9.036573938600132e+25,1.0168505781623622,9.9708356784678e+16,0.005504748393893109,4.7530337607094276e-07,1.3179387392023042e-06,1.3179387392023042e-06,0.00713101402227381,0.00713101402227381,5.720968007314943e+20,1.1815177257928894e-05,8.162872030182321e-19,1.792226870002319e-23,1.7922268700023191e-22,2.556484784617257e-22,1.6472964643566316e+19,35000000000000.0,35000000000000.0,0.0,0.006366975288693919,0.0007697433440460872,1.481105341319723e-05,4.923673310183703e-06,1.481105341319723e-05,4.923673310183703e-06,3.8209796226775775e-29,5.991504594078052e+18,1.3222180652565946e+19,0.13132444655447845,1.0738954790308337e-21,-152887.90284131322,3.0378457556449944e+21,0.0,0.0,0.0,0.0,0.0,0.3333333333333333,0.3333333333333333,2.0,3.1761352235744896e-26,7.564160303615265e-21,0.0,8.162871712568798e-19,,0.0,0.0,0.0,0.0,0.0,3.1761352235744896e-26,8.162871712568798e-19,0.009266542799699283,15.0,1.2244308045273482e-17,2.556484784617257e-28,1.7922013051544728e-23,,,2.556484784617257e-28,1.7922013051544728e-23,10.0,,9.536544540177922e-08,3.4095948968030423,33852214396795.965,5.9103465943071666e-06,0.00076383299745178,5.9103465943071666e-06,0.00076383299745178,0.006366975288693919,0.0007697433440460872,False,False,1.0,1.4230621316150738,8.882013986819546e-09,0.20511235781127585,0.6966461124212892,1.0,1.3794645953521227,2.7975721871416337e-07,0.18889101923510931,0.7200332696609097,0.18151172629406934,0.18815181894318264,0.005980177321406029,0.006660782669314021,True,AP3.8,119.0,8.3,6.863735268152632e+19,$(U_{0.8}Pu_{0.2})N$
D1_Kd3p2e5_fn5p1e-4_AP3p8,rizk2025_refit_plot,rizk2025_refit_full,1125.0,1.1,35000000000000.0,1.4712123394468316e+23,6.222376056703762e+25,2.2998121457104965e+25,3.403639528229852e+23,1.087780472453508e+19,1.6137422787625302,54.16547257299052,0.5991488084605653,0.7240982154682298,1.323247023928795,0.04905647780803613,1.3723035017368312,8728631682884.92,2.1821579207212298e+18,56.614877790335214,0.0645785634055284,1178739506.1154914,39212307.55317428,30.060447335751633,1375831487.8570697,1375684351.3465905,67575513.87906392,40985518.90244188,1.0001069551386081,1.6487656052352146,0.16280642967601716,68.857689861028,25.450045131449052,5.529458577846926,5.529458577846926,0.0,4.996736127914048e+24,4.996736127914048e+24,0.0,9.036573938600132e+25,9.036573938600132e+25,1.0183376833181204,9.959155829891931e+16,0.005500584802387875,4.7301238229733523e-07,1.4372105946727228e-06,1.4372105946727228e-06,0.007751710221856045,0.007751710221856045,6.261995499920983e+20,1.2599682498751642e-05,8.162872741423015e-19,2.5047711621008633e-23,2.504771162100863e-22,9.494708146321283e-22,1.6472964643566316e+19,35000000000000.0,35000000000000.0,0.0,0.006363299843197635,0.0007692107276914029,1.480616127901567e-05,4.90533813457992e-06,1.480616127901567e-05,4.90533813457992e-06,4.1735784509758875e-29,6.138600686397066e+18,1.4509759018373857e+19,0.2560666901107813,1.1371646377517238e-21,-159574.04005337536,3.036465979035874e+21,0.0,0.0,0.0,0.0,0.0,0.3333333333333333,0.3333333333333333,2.0,1.028854216590493e-25,1.0512635646253687e-20,0.0,8.162871712568798e-19,,0.0,0.0,0.0,0.0,0.0,1.028854216590493e-25,8.162871712568798e-19,0.012878597987821924,15.0,1.2244309112134521e-17,9.494708146321284e-28,2.5046762150194002e-23,,,9.494708146321284e-28,2.5046762150194002e-23,10.0,,9.536544540177922e-08,3.4095948968030423,33821664808722.664,6.066977099501967e-06,0.0007631437505919009,6.066977099501967e-06,0.0007631437505919009,0.006363299843197635,0.0007692107276914029,False,False,1.0,1.4233420147807052,8.8867795467001e-09,0.20521396942353626,0.696500110545376,1.0,1.393504227047889,2.799771582616664e-07,0.1942018118136059,0.7123593792196765,0.18162608985709788,0.19346355283667518,0.005991488084605653,0.007240982154682298,True,AP3.8,119.0,8.3,6.863735268152632e+19,$(U_{0.8}Pu_{0.2})N$
D1_Kd3p2e5_fn5p1e-4_AP3p8,rizk2025_refit_plot,rizk2025_refit_full,1150.0,1.1,35000000000000.0,1.4703647569982942e+23,6.217531054109174e+25,2.304997158950931e+25,3.398369481246999e+23,1.0851331519284883e+19,1.6156341015743283,55.66400217818838,0.6003275002515333,0.7839618450006306,1.3842893452521638,0.0547512147587949,1.4390405600109588,8643317383271.647,2.1608293458179118e+18,58.91849010599028,0.06925716996312842,644202212.7624923,37679173.31225519,17.097036801308082,1374196121.285785,1374073497.1097462,62236734.89253951,39882148.4824872,1.00008924135157,1.5605161020818252,0.16271263500844774,68.80407437990088,25.507423218273377,5.525789766817302,5.525789766817302,0.0,4.993420779700453e+24,4.993420779700453e+24,0.0,9.036573938600132e+25,9.036573938600133e+25,1.0198753430468588,9.947689021518622e+16,0.005496324972082057,4.707998994673378e-07,1.5542607822645946e-06,1.5542607822645946e-06,0.008392904392803565,0.008392904392803565,6.80950101404367e+20,1.3422988660181996e-05,8.162874879327773e-19,3.4427700444941665e-23,3.4427700444941663e-22,3.330768464716398e-21,1.6472964643566316e+19,35000000000000.0,35000000000000.0,0.0,0.00636003594202902,0.0007686938754827152,1.4801243005264497e-05,4.888314043043492e-06,1.4801243005264497e-05,4.888314043043492e-06,4.5203352895822687e-29,6.285787297844567e+18,1.576894085039258e+19,0.4895261377632393,1.2516365484358076e-21,-171239.85236272815,3.0351124881591815e+21,0.0,0.0,0.0,0.0,0.0,0.3333333333333333,0.3333333333333333,2.0,3.1667589742037936e-25,1.3094981712716537e-20,0.0,8.162871712568798e-19,,0.0,0.0,0.0,0.0,0.0,3.1667589742037936e-25,8.162871712568798e-19,0.01604211984907324,15.0,1.2244312318991659e-17,3.330768464716398e-27,3.4424369676476946e-23,,,3.330768464716398e-27,3.4424369676476946e-23,10.0,,9.536544540177922e-08,3.4095948968030423,33792011791481.297,6.2190086033468965e-06,0.0007624748668793683,6.2190086033468965e-06,0.0007624748668793683,0.00636003594202902,0.0007686938754827152,False,False,1.0,1.4236361361099752,8.89137234896958e-09,0.20532071652918904,0.6963467365200903,1.0,1.4074431550963937,2.802046122274499e-07,0.19939181305620288,0.7048759000539939,0.1817451147947397,0.19865445492647799,0.006003275002515332,0.007839618450006306,True,AP3.8,119.0,8.3,6.863735268152632e+19,$(U_{0.8}Pu_{0.2})N$
D1_Kd3p2e5_fn5p1e-4_AP3p8,rizk2025_refit_plot,rizk2025_refit_full,1175.0,1.1,35000000000000.0,1.4695298579457427e+23,6.213146887409073e+25,2.309708061456648e+25,3.393302935707093e+23,1.0824232943687533e+19,1.6175361443591374,57.126948824672084,0.601552067571664,0.845296023074062,1.446848090645726,0.06477456145541362,1.5116226521011398,8502557259138.528,2.125639314784632e+18,62.656406182207405,0.07704803918820322,362091347.7629746,35431333.1272807,10.219523675900835,1372562541.3031952,1372457739.347492,57736846.2300851,38860818.67969856,1.0000763607888963,1.4857341711189334,0.16262024390334262,68.75555857369059,25.559554728929136,5.52226645347694,5.52226645347694,0.0,4.990236911549549e+24,4.990236911549549e+24,0.0,9.036573938600132e+25,9.036573938600133e+25,1.0214542610683361,9.936405200885902e+16,0.005491980040875556,4.686664424623999e-07,1.667645985117758e-06,1.667645985117758e-06,0.009050740010807627,0.009050740010807627,7.358906595576208e+20,1.4282516661500194e-05,8.162881004352833e-19,4.659659239897898e-23,4.659659239897898e-22,1.1076769180051558e-20,1.6472964643566316e+19,35000000000000.0,35000000000000.0,0.0,0.006357171707676966,0.0007681948340220242,1.479630106502421e-05,4.872532917311846e-06,1.479630106502421e-05,4.872532917311846e-06,4.8569299106364055e-29,6.433137936130804e+18,1.698364029441494e+19,0.9228107519578096,1.4525763708383702e-21,-190503.9097212293,3.033782128670675e+21,0.0,0.0,0.0,0.0,0.0,0.3333333333333333,0.3333333333333333,2.0,9.291784035179553e-25,1.481013079221181e-20,0.0,8.162871712568798e-19,,0.0,0.0,0.0,0.0,0.0,9.291784035179553e-25,8.162871712568798e-19,0.018143264350312528,15.0,1.224432150652925e-17,1.1076769180051557e-26,4.658551562979893e-23,,,1.1076769180051557e-26,4.658551562979893e-23,10.0,,9.536544540177922e-08,3.4095948968030423,33763358904183.72,6.365912395349609e-06,0.0007618289216266746,6.365912395349609e-06,0.0007618289216266746,0.006357171707676966,0.0007681948340220242,False,False,1.0,1.4239439394340936,8.895796738381396e-09,0.20543239238596914,0.696186288387674,1.0,1.4212180684682767,2.8043820921358947e-07,0.2044420880232714,0.6976093567162558,0.1818686073725869,0.20370558766614616,0.0060155206757166405,0.00845296023074062,True,AP3.8,119.0,8.3,6.863735268152632e+19,$(U_{0.8}Pu_{0.2})N$
D1_Kd3p2e5_fn5p1e-4_AP3p8,rizk2025_refit_plot,rizk2025_refit_full,1200.0,1.1,35000000000000.0,1.4687047936050844e+23,6.209195336584777e+25,2.3139736502243294e+25,3.388429957686134e+23,1.079666498184409e+19,1.6194475732036882,58.550358475893965,0.6028202062001604,0.9077513636690688,1.5105715698692295,0.0818338725427819,1.5924054424120113,8284958430645.188,2.0712396076612972e+18,68.32213550611525,0.08926768279706762,209484161.33898994,32493129.54805543,6.447029395219539,1370929474.107925,1370837831.822035,53915605.70839196,37916078.70196058,1.0000668512961655,1.4219720908429296,0.1625289411213077,68.71183015569564,25.60675833503765,5.518882568145419,5.518882568145419,0.0,4.987179038549746e+24,4.987179038549746e+24,0.0,9.036573938600132e+25,9.036573938600133e+25,1.0230656774876392,9.92527365286508e+16,0.005487559702325454,4.666111515950702e-07,1.7760402378317105e-06,1.7760402378317105e-06,0.009721592738529978,0.009721592738529978,7.905928671623196e+20,1.5175695194663893e-05,8.162897780388003e-19,6.217615733574239e-23,6.217615733574239e-22,3.503783313863259e-20,1.6472964643566316e+19,35000000000000.0,35000000000000.0,0.0,0.006354691821766156,0.0007677153949674645,1.4791337675550468e-05,4.857915625205747e-06,1.4791337675550468e-05,4.857915625205747e-06,5.179379512501643e-29,6.580705557275757e+18,1.8139278537434448e+19,1.7242837024877304,1.7951536545598947e-21,-220290.0368884756,3.0324722045678434e+21,0.0,0.0,0.0,0.0,0.0,0.3333333333333333,0.3333333333333333,2.0,2.6067819204802983e-24,1.5382006404450104e-20,0.0,8.162871712568798e-19,,0.0,0.0,0.0,0.0,0.0,2.6067819204802983e-24,8.162871712568798e-19,0.018843806229457596,15.0,1.2244346670582005e-17,3.503783313863259e-26,6.214111950260375e-23,,,3.503783313863259e-26,6.214111950260375e-23,10.0,,9.536544540177922e-08,3.4095948968030423,33735772982877.367,6.507351532355757e-06,0.0007612080434351088,6.507351532355757e-06,0.0007612080434351088,0.006354691821766156,0.0007677153949674645,False,False,1.0,1.424264688709745,8.900060384236184e-09,0.2055487250731816,0.6960191578176445,1.0,1.4347786987961002,2.8067665647047835e-07,0.20933952976905296,0.6905776525061796,0.18199631741936492,0.2086038422263578,0.006028202062001604,0.009077513636690689,True,AP3.8,119.0,8.3,6.863735268152632e+19,$(U_{0.8}Pu_{0.2})N$
D1_Kd3p2e5_fn5p1e-4_AP3p8,rizk2025_refit_plot,rizk2025_refit_full,1225.0,1.1,35000000000000.0,1.4678855096832496e+23,6.205643919156242e+25,2.3178270843691153e+25,3.383736300605976e+23,1.0768763260119536e+19,1.6213678522773016,59.93195131031607,0.6041291522822203,0.9710233935886434,1.5751525458708635,0.10973708805573026,1.6848896339265937,7972961036527.905,1.9932402591319762e+18,76.31181316833072,0.10717271919306968,125125298.80362205,29091170.91875491,4.301143434654756,1369296049.8906777,1369214269.8412862,50647137.414619006,37042011.005202696,1.0000597277220906,1.3672890871801053,0.1624382780085615,68.67252967021666,25.6494009800375,5.515631071737296,5.515631071737296,0.0,4.984240799779436e+24,4.984240799779436e+24,0.0,9.036573938600132e+25,9.036573938600133e+25,1.024701918823989,9.914259528054027e+16,0.005483070388339395,4.646316150590783e-07,1.878273160575982e-06,1.878273160575982e-06,0.010402296326534477,0.010402296326534477,8.446754857441725e+20,1.610027062862633e-05,8.162941829734212e-19,8.189202765293359e-23,8.189202765293359e-22,1.057421518979397e-19,1.6472964643566316e+19,35000000000000.0,35000000000000.0,0.0,0.0063525815934591945,0.0007672576480866796,1.4786354275648564e-05,4.844374990490176e-06,1.4786354275648564e-05,4.844374990490176e-06,5.484156159305311e-29,6.728527440457905e+18,1.922317879119652e+19,3.202374944470551,2.362706871735665e-21,-262916.711410071,3.031180898220527e+21,0.0,0.0,0.0,0.0,0.0,0.3333333333333333,0.3333333333333333,2.0,7.011716541319382e-24,1.4818968284734945e-20,0.0,8.162871712568798e-19,,0.0,0.0,0.0,0.0,0.0,7.011716541319382e-24,8.162871712568798e-19,0.018153955514855675,15.0,1.2244412744601317e-17,1.057421518979397e-25,8.178628550103565e-23,,,1.057421518979397e-25,8.178628550103565e-23,10.0,,9.536544540177922e-08,3.4095948968030423,33709284361255.94,6.64318477487855e-06,0.0007606144633118011,6.64318477487855e-06,0.0007606144633118011,0.0063525815934591945,0.0007672576480866796,False,False,1.0,1.4245974940117285,8.904174840690053e-09,0.20566938706308363,0.6958458163266378,1.0,1.4480895673860357,2.809188213187429e-07,0.21407702009243654,0.6837899345840058,0.18212794934330323,0.21334209932212356,0.006041291522822203,0.009710233935886435,True,AP3.8,119.0,8.3,6.863735268152632e+19,$(U_{0.8}Pu_{0.2})N$
D1_Kd3p2e5_fn5p1e-4_AP3p8,rizk2025_refit_plot,rizk2025_refit_full,1250.0,1.1,35000000000000.0,1.46706493450575e+23,6.202455115654907e+25,2.3213065508718822e+25,3.3792007770263686e+23,1.074062876299328e+19,1.6232971297541618,61.27142015348463,0.605475630247889,1.034885149599503,1.640360779847392,0.15313324934800693,1.793494029195399,7561936591686.668,1.890484147921667e+18,86.79459174187562,0.13149202808964225,77596264.68645854,25577630.53488644,3.0337550063764365,1367661246.9230118,1367586968.0963492,47830239.673706,36232226.94102585,1.0000543137865419,1.3201021221123919,0.16234747200364466,68.63724192153003,25.68790524643767,5.512505360028653,5.512505360028653,0.0,4.981416227282846e+24,4.981416227282846e+24,0.0,9.036573938600132e+25,9.036573938600132e+25,1.0263572538321921,9.90331544750449e+16,0.005478511638978123,4.6272313915209494e-07,1.9733546155155778e-06,1.9733546155155778e-06,0.011090495321647827,0.011090495321647827,8.978261134513555e+20,1.7054887745824368e-05,8.1630529947906185e-19,1.066087053798265e-22,1.066087053798265e-21,3.0533079764031823e-19,1.6472964643566316e+19,35000000000000.0,35000000000000.0,0.0,0.006350833613022157,0.0007668251578320488,1.4781350527302049e-05,4.831815766271351e-06,1.4781350527302049e-05,4.831815766271351e-06,5.768265201048022e-29,6.876631353459696e+18,2.0224792235836236e+19,5.90265329073748,3.275735514575005e-21,-318880.2980540282,3.02990814211184e+21,0.0,0.0,0.0,0.0,0.0,0.3333333333333333,0.3333333333333333,2.0,1.8128222181985484e-23,1.3360203119369858e-20,0.0,8.162871712568798e-19,,0.0,0.0,0.0,0.0,0.0,1.8128222181985484e-23,8.162871712568798e-19,0.016366674487959202,15.0,1.2244579492185928e-17,3.0533079764031822e-25,1.0630337458218618e-22,,,3.0533079764031822e-25,1.0630337458218618e-22,10.0,,9.536544540177922e-08,3.4095948968030423,33683883049092.367,6.7734979102317625e-06,0.000760051659921817,6.7734979102317625e-06,0.000760051659921817,0.006350833613022157,0.0007668251578320488,False,False,1.0,1.424941280972346,8.908157884959499e-09,0.20579398428920923,0.6956668309524838,1.0,1.461133919091255,2.811638579666076e-07,0.21865434814325507,0.6772453797990221,0.1822631573559479,0.21792014789977085,0.00605475630247889,0.01034885149599503,True,AP3.8,119.0,8.3,6.863735268152632e+19,$(U_{0.8}Pu_{0.2})N$
D1_Kd3p2e5_fn5p1e-4_AP3p8,rizk2025_refit_plot,rizk2025_refit_full,1275.0,1.1,35000000000000.0,1.4662290096259867e+23,6.199583206273443e+25,2.3244582512350672e+25,3.3747888697542586e+23,1.0712304637999733e+19,1.6252370413282524,62.57108663932086,0.6068555849821559,1.0992402333269105,1.7060958183090662,0.21638609397546787,1.9224819122845342,7068284546267.643,1.7670711365669107e+18,99.61367214522973,0.16189483290285625,50349229.4936568,22286097.402005184,2.2592214592549813,1366023075.3152974,1365954592.1902368,45380763.33044681,35479645.93929411,1.0000501357259253,1.2790647180666226,0.16225496737905543,68.60546096780823,25.722782406571582,5.509501658241154,5.509501658241154,0.0,4.978701909953623e+24,4.978701909953623e+24,0.0,9.036573938600132e+25,9.036573938600133e+25,1.028029294863248,9.892362946242518e+16,0.005473868449460567,4.608771786546527e-07,2.06046460730336e-06,2.06046460730336e-06,0.011785223629446787,0.011785223629446787,9.498275896275181e+20,1.804020139903131e-05,8.163323265222488e-19,1.3740987948226453e-22,1.3740987948226452e-21,8.457331924393166e-19,1.6472964643566316e+19,35000000000000.0,35000000000000.0,0.0,0.00634946090435746,0.0007664254982617303,1.4776322238881543e-05,4.820131247958678e-06,1.4776322238881543e-05,4.820131247958678e-06,6.029223066631088e-29,7.025043140768327e+18,2.1135523312294883e+19,10.721130331790349,4.6958106187599816e-21,-386108.48796367703,3.0286574815483066e+21,0.0,0.0,0.0,0.0,0.0,0.3333333333333333,0.3333333333333333,2.0,4.5155265368944576e-23,1.1360352122119976e-20,0.0,8.162871712568798e-19,,0.0,0.0,0.0,0.0,0.0,4.5155265368944576e-23,8.162871712568798e-19,0.013916332543778486,15.0,1.2244984897833732e-17,8.457331924393166e-25,1.365641462898252e-22,,,8.457331924393166e-25,1.365641462898252e-22,10.0,,9.536544540177922e-08,3.4095948968030423,33659508683372.566,6.898681362831765e-06,0.0007595268168988985,6.898681362831765e-06,0.0007595268168988985,0.00634946090435746,0.0007664254982617303,False,False,1.0,1.4252946763426795,8.91203918800627e-09,0.205922014865331,0.6954829235152437,1.0,1.4739212837170546,2.814114153175574e-07,0.2230803193170508,0.6709302979815832,0.18240151914289662,0.22234679405303143,0.006068555849821558,0.010992402333269105,True,AP3.8,119.0,8.3,6.863735268152632e+19,$(U_{0.8}Pu_{0.2})N$
D1_Kd3p2e5_fn5p1e-4_AP3p8,rizk2025_refit_plot,rizk2025_refit_full,1300.0,1.1,35000000000000.0,1.4653483311871485e+23,6.196967357656576e+25,2.3273429658784657e+25,3.3704392210654114e+23,1.0683738543698088e+19,1.6271923849318453,63.83708375808799,0.6082635869284292,1.1642090686005768,1.772472655529006,0.30133109765244,2.073803753181446,6530987467202.287,1.6327468668005716e+18,114.20949474542545,0.19663658985741125,34479319.11479413,19437963.5856757,1.7738133402103273,1364377092.4050505,1364313169.455365,43225186.86623518,34776024.67576273,1.000046853575203,1.2429594029003874,0.16215751026258385,68.57651361857343,25.754705065125574,5.506623806038442,5.506623806038442,0.0,4.976101317532205e+24,4.976101317532205e+24,0.0,9.036573938600132e+25,9.036573938600133e+25,1.0297212860250253,9.881253332138571e+16,0.005469095296168174,4.5907845973718365e-07,2.138860249291713e-06,2.138860249291713e-06,0.01248784963421874,0.01248784963421874,1.000585898949516e+21,1.9060536500682517e-05,8.163957681071563e-19,1.7578350904993307e-22,1.7578350904993307e-21,2.2525702314749626e-18,1.6472964643566316e+19,35000000000000.0,35000000000000.0,0.0,0.006348524410509608,0.0007660756258243991,1.4771257039899027e-05,4.809195978978812e-06,1.4771257039899027e-05,4.809195978978812e-06,6.264793417063531e-29,7.173797287093669e+18,2.194763191518797e+19,18.936699820187297,6.807597651904264e-21,-460403.6316203925,3.027439972531661e+21,0.0,0.0,0.0,0.0,0.0,0.3333333333333333,0.3333333333333333,2.0,1.085968502764781e-22,9.173994716924637e-21,0.0,8.162871712568798e-19,,0.0,0.0,0.0,0.0,0.0,1.085968502764781e-22,8.162871712568798e-19,0.011237190435461078,15.0,1.2245936521607346e-17,2.2525702314749626e-24,1.7353093881845811e-22,,,2.2525702314749626e-24,1.7353093881845811e-22,10.0,,9.536544540177922e-08,3.4095948968030423,33636031620443.195,7.019583100825119e-06,0.000759056042723574,7.019583100825119e-06,0.000759056042723574,0.006348524410509608,0.0007660756258243991,False,False,1.0,1.425655757531038,8.915872321171219e-09,0.2060527786589005,0.6952951004452227,1.0,1.4865005639016735,2.816619764881275e-07,0.22737659848799838,0.6648128007018368,0.18254247707614746,0.2266437040661292,0.0060826358692842915,0.011642090686005769,True,AP3.8,119.0,8.3,6.863735268152632e+19,$(U_{0.8}Pu_{0.2})N$
D1_Kd3p2e5_fn5p1e-4_AP3p8,rizk2025_refit_plot,rizk2025_refit_full,1325.0,1.1,35000000000000.0,1.4643611485378267e+23,6.194518735558708e+25,2.330048209422357e+25,3.366036827446192e+23,1.0654724978055043e+19,1.62917452926565,65.08119164107397,0.6096917346216872,1.2302612420985266,1.839952976720214,0.40452816267263386,2.244481139392848,6003168209489.693,1.5007920523724232e+18,129.57958727218295,0.2326669839898869,25116657.692692894,17132328.06751323,1.4660388006647946,1362713521.3832855,1362653270.1813502,41294974.95907876,34111237.7327602,1.0000442160916894,1.2105973779843042,0.16204826724016969,68.54941682155162,25.784641671214036,5.50389323999419,5.50389323999419,0.0,4.973633821336893e+24,4.973633821336893e+24,0.0,9.036573938600132e+25,9.036573938600132e+25,1.0314456302083352,9.869688030670827e+16,0.005464083697829178,4.573001889513434e-07,2.2075966689577952e-06,2.2075966689577952e-06,0.01320353230630637,0.01320353230630637,1.0501439005471088e+21,2.0127046008873126e-05,8.165398359707159e-19,2.240387558362496e-22,2.240387558362496e-21,5.78187606487805e-18,1.6472964643566316e+19,35000000000000.0,35000000000000.0,0.0,0.006348190167403863,0.0007658129738256679,1.4766125584836567e-05,4.798854548855245e-06,1.4766125584836567e-05,4.798854548855245e-06,6.472178206090985e-29,7.3229536309933e+18,2.265110593846048e+19,31.92497583374462,9.75018567631074e-21,-536787.3690493142,3.026282101506742e+21,0.0,0.0,0.0,0.0,0.0,0.3333333333333333,0.3333333333333333,2.0,2.5266471383605937e-22,7.079080234963573e-21,0.0,8.162871712568798e-19,,0.0,0.0,0.0,0.0,0.0,2.5266471383605937e-22,8.162871712568798e-19,0.008669607927392601,15.0,1.2248097539560739e-17,5.78187606487805e-24,2.1825687977137156e-22,,,5.78187606487805e-24,2.1825687977137156e-22,10.0,,9.536544540177922e-08,3.4095948968030423,33613223627163.285,7.137775071160218e-06,0.0007586751987545077,7.137775071160218e-06,0.0007586751987545077,0.006348190167403863,0.0007658129738256679,False,False,1.0,1.4260215782053483,8.91975863019638e-09,0.20618520604141516,0.6951048986455087,1.0,1.498980245695628,2.819173825115271e-07,0.2315836716676037,0.6588345240968587,0.1826852298001471,0.23085136531878403,0.006096917346216872,0.012302612420985267,True,AP3.8,119.0,8.3,6.863735268152632e+19,$(U_{0.8}Pu_{0.2})N$
D1_Kd3p2e5_fn5p1e-4_AP3p8,rizk2025_refit_plot,rizk2025_refit_full,1350.0,1.1,35000000000000.0,1.4631399016335611e+23,6.192098545810504e+25,2.3327086535895593e+25,3.361362160643552e+23,1.0624829263287876e+19,1.631208148509619,66.32311447311986,0.6111278320769271,1.298390428916228,1.9095182609931551,0.5160260263594715,2.4255442873526265,5535816665722.053,1.3839541664305132e+18,144.3811439133703,0.26636902346653385,19558005.73896998,15375969.048506886,1.2719852438093455,1361011660.3961804,1360954456.9945538,39522222.86969559,33472493.227074638,1.0000420318265115,1.1807373475761151,0.16191312233762545,68.52263466091587,25.814082521090096,5.5013696956564155,5.5013696956564155,0.0,4.97135340183733e+24,4.97135340183733e+24,0.0,9.036573938600132e+25,9.036573938600132e+25,1.0332285877338308,9.857061677600331e+16,0.005458598369325712,4.554969442250494e-07,2.2648557289302247e-06,2.2648557289302247e-06,0.013943157713913022,0.013943157713913022,1.0986308219952824e+21,2.1262620767825758e-05,8.168569279875949e-19,2.862168056389775e-22,2.8621680563897752e-21,1.4331663655150738e-17,1.6472964643566316e+19,35000000000000.0,35000000000000.0,0.0,0.006348845570968674,0.0007657177349115913,1.4760864188538429e-05,4.788909318883469e-06,1.4760864188538429e-05,4.788909318883469e-06,6.646053790608799e-29,7.472625635421764e+18,2.3226321900646593e+19,50.29725588096764,1.3485093137511393e-20,-610478.9197080531,3.025241370801379e+21,0.0,0.0,0.0,0.0,0.0,0.3333333333333333,0.3333333333333333,2.0,5.697567307150379e-22,5.248217173930294e-21,0.0,8.162871712568798e-19,,0.0,0.0,0.0,0.0,0.0,5.697567307150379e-22,8.162871712568798e-19,0.006424891549686404,15.0,1.2252853919813924e-17,1.433166365515074e-23,2.7188514198382675e-22,,,1.433166365515074e-23,2.7188514198382675e-22,10.0,,9.536544540177922e-08,3.4095948968030423,33590723107617.0,7.255965582184547e-06,0.0007584617693294067,7.255965582184547e-06,0.0007584617693294067,0.006348845570968674,0.0007657177349115913,False,False,1.0,1.42638733928477,8.923892689669151e-09,0.2063175587652588,0.6949148149144304,1.0,1.5115540011250403,2.8218153082031694e-07,0.2357681484446333,0.6529005545497978,0.18282855254338598,0.23503638663469525,0.006111278320769271,0.01298390428916228,True,AP3.8,119.0,8.3,6.863735268152632e+19,$(U_{0.8}Pu_{0.2})N$
D1_Kd3p2e5_fn5p1e-4_AP3p8,rizk2025_refit_plot,rizk2025_refit_full,1375.0,1.1,35000000000000.0,1.4614274825150953e+23,6.189483614466949e+25,2.3355373885931515e+25,3.3559983274880877e+23,1.0593323775307352e+19,1.6333441263022621,67.59184530725969,0.6125526602464664,1.3702624765113613,1.9828151367578275,0.6220992734159111,2.6049144101737385,5161353368938.639,1.2903383422346596e+18,157.29413976381952,0.29476081053361564,16269192.538514813,14113685.375268128,1.152724614863801,1359229268.1249278,1359174692.1243546,37839107.35095928,32844198.73297292,1.0000401537792671,1.152078869653528,0.16172362362604506,68.49369746235675,25.845385701065297,5.499193212951941,5.499193212951941,0.0,4.969386607148824e+24,4.969386607148824e+24,0.0,9.036573938600132e+25,9.036573938600133e+25,1.0351143548432877,9.842162771439842e+16,0.005452155541964438,4.5359614614066367e-07,2.306520983600607e-06,2.306520983600607e-06,0.014725009215547738,0.014725009215547738,1.1460158415149219e+21,2.2508370911419202e-05,8.175345338120949e-19,3.700180177718187e-22,3.7001801777181866e-21,3.437073971002977e-17,1.6472964643566316e+19,35000000000000.0,35000000000000.0,0.0,0.006351329522845345,0.0007659564236405412,1.4755341589456641e-05,4.7791182160974805e-06,1.4755341589456641e-05,4.7791182160974805e-06,6.7743747686209e-29,7.623028900914531e+18,2.3628741185245356e+19,72.79020327017825,1.767835907656715e-20,-676903.1264699546,3.0244360257614937e+21,0.0,0.0,0.0,0.0,0.0,0.3333333333333333,0.3333333333333333,2.0,1.2473625552150166e-21,3.756347896372655e-21,0.0,8.162871712568798e-19,,0.0,0.0,0.0,0.0,0.0,1.2473625552150166e-21,8.162871712568798e-19,0.00459472687821164,15.0,1.2263018007181424e-17,3.437073971002977e-23,3.3564727806178893e-22,,,3.437073971002977e-23,3.3564727806178893e-22,10.0,,9.536544540177922e-08,3.4095948968030423,33568020161729.816,7.378535340479616e-06,0.0007585778883000616,7.378535340479616e-06,0.0007585778883000616,0.006351329522845345,0.0007659564236405412,False,False,1.0,1.4267450395368295,8.928645630165756e-09,0.20644694333117167,0.6947290045040126,1.0,1.5245182086061164,2.8246098382645054e-07,0.24002679986760725,0.6468741159657239,0.18297052888668144,0.23929553122582184,0.006125526602464664,0.013702624765113613,True,AP3.8,119.0,8.3,6.863735268152632e+19,$(U_{0.8}Pu_{0.2})N$
D1_Kd3p2e5_fn5p1e-4_AP3p8,rizk2025_refit_plot,rizk2025_refit_full,1400.0,1.1,35000000000000.0,1.4587200143138992e+23,6.1863165053799895e+25,2.338869517278188e+25,3.349167649867542e+23,1.0559240331936799e+19,1.6356835164716375,68.92218156004533,0.6139363223038217,1.448099256298806,2.062035578602628,0.7116373227517162,2.773672901354344,4885542971347.926,1.2213857428369815e+18,167.54409876127193,0.3165571826126711,14345041.676230812,13250242.869867982,1.0826248105121516,1357282995.082863,1357230770.8943613,36186967.42836832,32210239.86401135,1.0000384784884204,1.1234615942366883,0.16142401138144968,68.45864978711523,25.882259506422027,5.497666695081306,5.497666695081306,0.0,4.968007157988165e+24,4.968007157988165e+24,0.0,9.036573938600132e+25,9.036573938600133e+25,1.037162284045966,9.822621621521054e+16,0.005443798780912184,4.514924334234697e-07,2.323585931830096e-06,2.323585931830096e-06,0.015573582874390285,0.015573582874390285,1.1913898620770905e+21,2.3929337259566067e-05,8.189426464829586e-19,4.907545740295142e-22,4.907545740295141e-21,7.989389038480301e-17,1.6472964643566316e+19,35000000000000.0,35000000000000.0,0.0,0.0063573741073830615,0.000766864751541496,1.4749297318059147e-05,4.769230137491906e-06,1.4749297318059147e-05,4.769230137491906e-06,6.830694993694394e-29,7.774564627054081e+18,2.3761577282414416e+19,96.27833589886541,2.1780157430878642e-20,-732046.6378163421,3.0240999956806925e+21,0.0,0.0,0.0,0.0,0.0,0.3333333333333333,0.3333333333333333,2.0,2.6554752260788454e-21,2.6068146230906868e-21,0.0,8.162871712568798e-19,,0.0,0.0,0.0,0.0,0.0,2.6554752260788454e-21,8.162871712568798e-19,0.00318314674939197,15.0,1.228413969724438e-17,7.989389038480301e-23,4.108606836447112e-22,,,7.989389038480301e-23,4.108606836447112e-22,10.0,,9.536544540177922e-08,3.4095948968030423,33544530380356.586,7.5120386687851465e-06,0.0007593527128727109,7.5120386687851465e-06,0.0007593527128727109,0.0063573741073830615,0.000766864751541496,False,False,1.0,1.427081411817242,8.934712969535097e-09,0.20656856705788829,0.6945543489625365,1.0,1.538240377358257,2.827645637946151e-07,0.24447420218832128,0.6405945192246442,0.1831081926937698,0.24374335059934388,0.0061393632230382165,0.01448099256298806,True,AP3.8,119.0,8.3,6.863735268152632e+19,$(U_{0.8}Pu_{0.2})N$
D1_Kd3p2e5_fn5p1e-4_AP3p8,rizk2025_refit_plot,rizk2025_refit_full,1425.0,1.1,35000000000000.0,1.4540601682275505e+23,6.182032643471555e+25,2.3432231477832265e+25,3.339451165788717e+23,1.0521746398902145e+19,1.6384205884063998,70.33952823613656,0.6152333883146569,1.5338214003009176,2.1490547886155746,0.7812592841340699,2.930314072749644,4691719864186.492,1.172929966046623e+18,175.18686809149875,0.33236572672779396,13225014.59237091,12672182.705158649,1.0436256247305535,1355013518.877494,1354963442.0544422,34541821.89524894,31561201.157722395,1.0000369580621127,1.094439394832641,0.160908346250172,68.41124396785739,25.930437394796755,5.497410291095685,5.497410291095685,0.0,4.967775456630743e+24,4.967775456630743e+24,0.0,9.036573938600132e+25,9.036573938600132e+25,1.039424540583672,9.793932825797838e+16,0.005431701355979648,4.4905313497345823e-07,2.298893167866874e-06,2.298893167866874e-06,0.016510292192449927,0.016510292192449927,1.2314416911705068e+21,2.5611122889660683e-05,8.217924306433319e-19,6.792207006788487e-22,6.792207006788486e-21,1.8029544796246132e-16,1.6472964643566316e+19,35000000000000.0,35000000000000.0,0.0,0.006370417572016884,0.0007691003647066883,1.4742231200242222e-05,4.759097684675346e-06,1.4742231200242222e-05,4.759097684675346e-06,6.764411728478204e-29,7.927970138147756e+18,2.344244033450553e+19,117.7224182481672,2.5348710803235773e-20,-774341.2272911422,3.024681203299571e+21,0.0,0.0,0.0,0.0,0.0,0.3333333333333333,0.3333333333333333,2.0,5.505259386452124e-21,1.7608088449539913e-21,0.0,8.162871712568798e-19,,0.0,0.0,0.0,0.0,0.0,5.505259386452124e-21,8.162871712568798e-19,0.0021426442728068934,15.0,1.2326886459649979e-17,1.8029544796246133e-22,4.989252527163874e-22,,,1.8029544796246133e-22,4.989252527163874e-22,10.0,,9.536544540177922e-08,3.4095948968030423,33519869026684.477,7.665436260692343e-06,0.000761434928445996,7.665436260692343e-06,0.000761434928445996,0.006370417572016884,0.0007691003647066883,False,False,1.0,1.4273747557553422,8.943371973550277e-09,0.2066745962519205,0.6944020951451886,1.0,1.5530037785316195,2.831000490808214e-07,0.24919158623688561,0.6339495766650218,0.18323705315388125,0.2484610202885582,0.006152333883146569,0.015338214003009176,True,AP3.8,119.0,8.3,6.863735268152632e+19,$(U_{0.8}Pu_{0.2})N$
D1_Kd3p2e5_fn5p1e-4_AP3p8,rizk2025_refit_plot,rizk2025_refit_full,1450.0,1.1,35000000000000.0,1.4456936097499178e+23,6.175726117268543e+25,2.3494128898449998e+25,3.324310962470871e+23,1.048097758127523e+19,1.6419173707538863,71.8309302599448,0.6163737625605501,1.6271398220563664,2.2435135846169163,0.8346843125417173,3.078197897158634,4553491889932.621,1.1383729724831552e+18,180.88660336566957,0.3439049588243693,12555135.590415666,12272882.340060202,1.0229981224079818,1352125930.273779,1352077783.9025402,32949805.30895953,30905906.299224734,1.0000356091726468,1.0661329582101937,0.15998249110479498,68.34145506062482,25.998933952273404,5.499628495996983,5.499628495996983,0.0,4.969779953890897e+24,4.969779953890897e+24,0.0,9.036573938600132e+25,9.036573938600132e+25,1.0418955029059525,9.74782053929433e+16,0.005412493374169249,4.461342803346874e-07,2.2079905939048463e-06,2.2079905939048463e-06,0.01753251543857989,0.01753251543857989,1.2585535869664826e+21,2.7635306757407486e-05,8.274171632376133e-19,9.969293275342691e-22,9.96929327534269e-21,3.956100289530877e-16,1.6472964643566316e+19,35000000000000.0,35000000000000.0,0.0,0.006397013086710486,0.000773913131073699,1.4733212655260057e-05,4.748858025415637e-06,1.4733212655260057e-05,4.748858025415637e-06,6.503024334544358e-29,8.084624690987998e+18,2.241530156310896e+19,136.17852112046737,2.831312193090272e-20,-806163.5323832333,3.0270114290442825e+21,0.0,0.0,0.0,0.0,0.0,0.3333333333333333,0.3333333333333333,2.0,1.1129991980733449e-20,1.1616069964338774e-21,0.0,8.162871712568798e-19,,0.0,0.0,0.0,0.0,0.0,1.1129991980733449e-20,8.162871712568798e-19,0.001403895215188198,15.0,1.24112574485642e-17,3.9561002895308766e-22,6.013192985811814e-22,,,3.9561002895308766e-22,6.013192985811814e-22,10.0,,9.536544540177922e-08,3.4095948968030423,33494336381132.58,7.850552581984337e-06,0.0007660625784917147,7.850552581984337e-06,0.0007660625784917147,0.006397013086710486,0.000773913131073699,False,False,1.0,1.4275892626567253,8.9569313124146e-09,0.2067521082371462,0.6942907953457707,1.0,1.568697423889315,2.834666733976533e-07,0.25413147725304575,0.6270090462873221,0.18335019712325656,0.2534009806948185,0.0061637376256055,0.016271398220563664,True,AP3.8,119.0,8.3,6.863735268152632e+19,$(U_{0.8}Pu_{0.2})N$
D1_Kd3p2e5_fn5p1e-4_AP3p8,rizk2025_refit_plot,rizk2025_refit_full,1475.0,1.1,35000000000000.0,1.4305504918347735e+23,6.165837490623456e+25,2.3588295438285754e+25,3.299290871934996e+23,1.0438724253570075e+19,1.6468268855932602,73.32707639628505,0.6172385756622804,1.7239677764672903,2.3412063521295705,0.8784384692605849,3.219644821390155,4446359016000.379,1.1115897540000947e+18,185.45965570840724,0.3530079513999089,12119275.971567065,11970258.39134761,1.012448986090991,1348093467.9200025,1348046974.1057558,31531071.881954875,30275310.418791924,1.00003448975825,1.041478070605793,0.1583067323473239,68.23202612536377,26.103139971585126,5.506527170703821,5.506527170703821,0.0,4.976013992297567e+24,4.976013992297567e+24,0.0,9.036573938600132e+25,9.036573938600137e+25,1.0444685219045176,9.669743981958365e+16,0.0053801985547540475,4.425613035607053e-07,2.0373750623354294e-06,2.0373750623354294e-06,0.018595884210871483,0.018595884210871483,1.2616963006033423e+21,3.003057776620409e-05,8.382581106675789e-19,1.5648365395596799e-21,1.5648365395596798e-20,8.452417180343286e-16,1.6472964643566316e+19,35000000000000.0,35000000000000.0,0.0,0.006449093414763797,0.0007836022802039655,1.4720567404270403e-05,4.7389952019224855e-06,1.4720567404270403e-05,4.7389952019224855e-06,6.005793941915238e-29,8.247217382369567e+18,2.05458729351696e+19,152.82186297303562,3.092353624346243e-20,-832681.6649007475,3.0325872784068345e+21,0.0,0.0,0.0,0.0,0.0,0.3333333333333333,0.3333333333333333,2.0,2.1970939410699096e-20,7.507216258567738e-22,0.0,8.162871712568798e-19,,0.0,0.0,0.0,0.0,0.0,2.1970939410699096e-20,8.162871712568798e-19,0.0008955733518151203,15.0,1.2573871660013684e-17,8.452417180343286e-22,7.195948215253512e-22,,,8.452417180343286e-22,7.195948215253512e-22,10.0,,9.536544540177922e-08,3.4095948968030423,33469164173824.04,8.085898529568164e-06,0.0007755163816743973,8.085898529568164e-06,0.0007755163816743973,0.006449093414763797,0.0007836022802039655,False,False,1.0,1.427662969320054,8.979519868362462e-09,0.20677873790963872,0.6942525585422823,1.0,1.5846030860685385,2.8384868647691855e-07,0.25906160141380025,0.6201007872803295,0.183435907862221,0.2583309144684914,0.006172385756622803,0.017239677764672903,True,AP3.8,119.0,8.3,6.863735268152632e+19,$(U_{0.8}Pu_{0.2})N$
D1_Kd3p2e5_fn5p1e-4_AP3p8,rizk2025_refit_plot,rizk2025_refit_full,1500.0,1.1,35000000000000.0,1.403597269451135e+23,6.14950238461477e+25,2.3740453492232577e+25,3.256822119892181e+23,1.039723780512166e+19,1.6542819015427246,74.75158599019764,0.6176055693183465,1.819147110176778,2.4367526794951244,0.9187689163125937,3.355521595807718,4352045697050.6445,1.0880114242626611e+18,189.60573013201034,0.3611415238270435,11791977.522751119,11708506.902477875,1.0071290576132794,1342017152.7040975,1341972004.8497822,30398955.758997433,29698366.53754897,1.0000336429181473,1.0235901601040136,0.15532405079491535,68.05125954148279,26.27152021721879,5.52189619050351,5.52189619050351,0.0,4.989902320675936e+24,4.989902320675936e+24,0.0,9.036573938600132e+25,9.036573938600132e+25,1.0470067573934385,9.535663805421538e+16,0.005324757353695262,4.379765645087124e-07,1.8255904686239364e-06,1.8255904686239364e-06,0.01964417667314722,0.01964417667314722,1.2354604099054598e+21,3.272989130708212e-05,8.586863335070055e-19,2.616148172893133e-21,2.616148172893133e-20,1.7607759639859707e-15,1.6472964643566316e+19,35000000000000.0,35000000000000.0,0.0,0.006547389505189779,0.0008022666344173151,1.4701403705234156e-05,4.729963943253355e-06,1.4701403705234156e-05,4.729963943253355e-06,5.385503384587588e-29,8.420997504537045e+18,1.8250290190969174e+19,169.81014854483715,3.355072802037592e-20,-859235.7555595977,3.0440017817483744e+21,0.0,0.0,0.0,0.0,0.0,0.3333333333333333,0.3333333333333333,2.0,4.239916225012569e-20,4.766040325715508e-22,0.0,8.162871712568798e-19,,0.0,0.0,0.0,0.0,0.0,4.239916225012569e-20,8.162871712568798e-19,0.0005550385676048057,15.0,1.2880295002605082e-17,1.7607759639859707e-21,8.553722089071623e-22,,,1.7607759639859707e-21,8.553722089071623e-22,10.0,,9.536544540177922e-08,3.4095948968030423,33445619492706.344,8.409886893260916e-06,0.0007938567475240542,8.409886893260916e-06,0.0007938567475240542,0.006547389505189779,0.0008022666344173151,False,False,1.0,1.4274842460474242,9.018388294138017e-09,0.20671416280075,0.694345280898724,1.0,1.5998959730388587,2.842257929025835e-07,0.26373108573074816,0.613575158657484,0.1834722560314965,0.26300011614912816,0.006176055693183465,0.01819147110176778,True,AP3.8,119.0,8.3,6.863735268152632e+19,$(U_{0.8}Pu_{0.2})N$
D1_Kd3p2e5_fn5p1e-4_AP3p8,rizk2025_refit_plot,rizk2025_refit_full,1525.0,1.1,35000000000000.0,1.3573692806116581e+23,6.121628194025424e+25,2.399678174432256e+25,3.1849927816299585e+23,1.0355713565665767e+19,1.666143032838791,76.13762404581935,0.6170692512522008,1.9145494987356029,2.531618749987804,0.9611529669513298,3.4927717169391337,4257176058691.6064,1.0642940146729016e+18,193.89687473575256,0.36944032053147113,11500282.722793333,11449385.15912374,1.0044454407780172,1332462666.1022112,1332418619.6772928,29536806.417252436,29157726.259805694,1.0000330574972969,1.0130010191490586,0.1502083964381229,67.74279982235981,26.555176671348008,5.551815109854046,5.551815109854046,0.0,5.01693877336335e+24,5.01693877336335e+24,0.0,9.036573938600132e+25,9.036573938600132e+25,1.0495597278105937,9.309201247236848e+16,0.005230539314728681,4.31567147297902e-07,1.667048554003476e-06,1.667048554003476e-06,0.020699646768145216,0.020699646768145216,1.1919096121835753e+21,3.5589992909197245e-05,8.963636533373067e-19,4.591111971906214e-21,4.5911119719062144e-20,3.580777516173852e-15,1.6472964643566316e+19,35000000000000.0,35000000000000.0,0.0,0.006726439883070369,0.0008370374364146248,1.4671008430822218e-05,4.721495133156455e-06,1.4671008430822218e-05,4.721495133156455e-06,4.920728334980902e-29,8.615249584116112e+18,1.6521238194366622e+19,189.48334583679804,3.6550155657771516e-20,-889123.31530653,3.0655144597592904e+21,0.0,0.0,0.0,0.0,0.0,0.3333333333333333,0.3333333333333333,2.0,8.007648208042697e-20,2.979589468780153e-22,0.0,8.162871712568798e-19,,0.0,0.0,0.0,0.0,0.0,8.007648208042697e-20,8.162871712568798e-19,0.00033240855513124167,15.0,1.3445454800059602e-17,3.5807775161738524e-21,1.0103344557323614e-21,,,3.5807775161738524e-21,1.0103344557323614e-21,10.0,,9.536544540177922e-08,3.4095948968030423,33423115479581.4,8.905539533157489e-06,0.0008281318968814673,8.905539533157489e-06,0.0008281318968814673,0.006726439883070369,0.0008370374364146248,False,False,1.0,1.4268596140035235,9.085690061329186e-09,0.2064883755991951,0.6946695054196542,1.0,1.6149125540059404,2.846052381350578e-07,0.2682504882522219,0.6072756954551014,0.18341913259965337,0.2675195548046945,0.0061706925125220085,0.01914549498735603,True,AP3.8,119.0,8.3,6.863735268152632e+19,$(U_{0.8}Pu_{0.2})N$
D1_Kd3p2e5_fn5p1e-4_AP3p8,rizk2025_refit_plot,rizk2025_refit_full,1550.0,1.1,35000000000000.0,1.2825576466957416e+23,6.074207047113371e+25,2.4430195683837866e+25,3.067565412723902e+23,1.0308481075429716e+19,1.6852315690954656,77.67087764575405,0.6149802942283691,2.023289020537198,2.638269314765567,1.0111131492316303,3.6493824639971972,4150522697981.9355,1.0376306744954839e+18,198.8746816851452,0.3789159191120901,11197249.079766663,11162808.564614898,1.0030852912107566,1317369429.5955617,1317326378.5887702,28794796.432794973,28582141.303013314,1.0000326805926696,1.0074401398946005,0.14192963565729697,67.21803073139394,27.03479864142226,5.605240991526514,5.605240991526514,0.0,5.065217466360165e+24,5.065217466360165e+24,0.0,9.036573938600132e+25,9.036573938600132e+25,1.0524802221752179,8.942680798667238e+16,0.005076243430616193,4.2197693396362816e-07,1.6175903933011145e-06,1.6175903933011145e-06,0.021911292876257288,0.021911292876257288,1.15262692765166e+21,3.848652758204988e-05,9.64451857158908e-19,8.303373578131135e-21,8.303373578131135e-20,7.11715258415843e-15,1.6472964643566316e+19,35000000000000.0,35000000000000.0,0.0,0.007041433241009241,0.0009001160024364027,1.462233766130601e-05,4.712473184069045e-06,1.462233766130601e-05,4.712473184069045e-06,4.7771244663114905e-29,8.844032956670902e+18,1.5928554009611348e+19,214.26549630439203,4.023285148098552e-20,-922569.8794588052,3.103597394826814e+21,0.0,0.0,0.0,0.0,0.0,0.3333333333333333,0.3333333333333333,2.0,1.4816468590202815e-19,1.8383335745449222e-22,0.0,8.162871712568798e-19,,0.0,0.0,0.0,0.0,0.0,1.4816468590202815e-19,8.162871712568798e-19,0.00019060915906785685,15.0,1.446677785738362e-17,7.11715258415843e-21,1.1862209939727049e-21,,,7.11715258415843e-21,1.1862209939727049e-21,10.0,,9.536544540177922e-08,3.4095948968030423,33398693974704.656,9.729878438941694e-06,0.000890386123997461,9.729878438941694e-06,0.000890386123997461,0.007041433241009241,0.0009001160024364027,False,False,1.0,1.4254913650383947,9.20019149923834e-09,0.20599325114007125,0.6953806017120371,1.0,1.6316790350892691,2.8503927230143666e-07,0.27322158548108083,0.6003656222067993,0.18321192308331138,0.27249130047864834,0.006149802942283691,0.02023289020537198,True,AP3.8,119.0,8.3,6.863735268152632e+19,$(U_{0.8}Pu_{0.2})N$
D1_Kd3p2e5_fn5p1e-4_AP3p8,rizk2025_refit_plot,rizk2025_refit_full,1575.0,1.1,35000000000000.0,1.1710846542909894e+23,5.996350522296213e+25,2.5139868548638684e+25,2.8872629549617116e+23,1.024703058467825e+19,1.7153614810442275,79.60344736104383,0.6104384892918636,2.1651214855664063,2.77555997485827,1.0751032212221332,3.8506631960804034,4021420993393.658,1.0053552483484145e+18,205.1338746739908,0.39060281639850597,10848184.118366716,10822200.884803338,1.0024009195393762,1294229884.881111,1294187857.5054476,28013881.470605865,27888239.43680634,1.0000324739375506,1.0045051977585113,0.12959387730881597,66.35645946172734,27.820132629306123,5.693814031657726,5.693814031657726,0.0,5.145257148971395e+24,5.145257148971395e+24,0.0,9.036573938600132e+25,9.036573938600132e+25,1.0563068676653142,8.388689612129861e+16,0.004838768212871595,4.07620257811294e-07,1.659145638981553e-06,1.659145638981553e-06,0.023505483161526872,0.023505483161526872,1.1274596673357556e+21,4.1418519641563044e-05,1.0851313414053207e-18,1.5225725191742552e-20,1.5225725191742552e-19,1.384090397445483e-14,1.6472964643566316e+19,35000000000000.0,35000000000000.0,0.0,0.007575332783159308,0.0010120483813942037,1.4546134439292914e-05,4.7015881010842255e-06,1.4546134439292914e-05,4.7015881010842255e-06,4.9021859725336026e-29,9.126159486241375e+18,1.6255944682781172e+19,247.31875082076206,4.495214206278801e-20,-957857.679721787,3.1670573322995006e+21,0.0,0.0,0.0,0.0,0.0,0.3333333333333333,0.3333333333333333,2.0,2.6884417014844093e-19,1.1215308686518689e-22,0.0,8.162871712568798e-19,,0.0,0.0,0.0,0.0,0.0,2.6884417014844093e-19,8.162871712568798e-19,0.00010335438908246888,15.0,1.627697012107981e-17,1.384090397445483e-20,1.3848212172877198e-21,,,1.384090397445483e-20,1.3848212172877198e-21,10.0,,9.536544540177922e-08,3.4095948968030423,33368632228325.1,1.1152141615986618e-05,0.001000896239778217,1.1152141615986618e-05,0.001000896239778217,0.007575332783159308,0.0010120483813942037,False,False,1.0,1.4229851135125182,9.387873448168733e-09,0.20508439089618458,0.6966862981371026,1.0,1.6530421686549197,2.856079081751352e-07,0.27944424539243184,0.5917444048062134,0.182759784082892,0.27871526582043143,0.006104384892918636,0.021651214855664062,True,AP3.8,119.0,8.3,6.863735268152632e+19,$(U_{0.8}Pu_{0.2})N$
D1_Kd3p2e5_fn5p1e-4_AP3p8,rizk2025_refit_plot,rizk2025_refit_full,1600.0,1.1,35000000000000.0,1.0220666983760865e+23,5.875420424001077e+25,2.624111900122665e+25,2.6337030479678994e+23,1.016164280827946e+19,1.7608918808025833,82.18499585754132,0.602356343952957,2.362817327569364,2.9651736715223205,1.1607810824638993,4.125954753986219,3860439982875.3984,9.651099957188495e+17,213.32987623754715,0.4055283595664527,10428013.846633486,10406418.637434473,1.0020751816692566,1260765718.5091665,1260724763.5148182,27090621.28032431,27012229.87037837,1.0000324852779396,1.00290207103679,0.11310334041646943,65.01822996106914,29.038791891179606,5.829874807334782,5.829874807334782,0.0,5.268209474926296e+24,5.268209474926296e+24,0.0,9.036573938600132e+25,9.036573938600132e+25,1.0616740529613702,7.626078382454469e+16,0.004503169941366613,3.8725957565383726e-07,1.7768832927186575e-06,1.7768832927186575e-06,0.025748773326183503,0.025748773326183503,1.1141723766576686e+21,4.453024229344948e-05,1.2951051174088508e-18,2.797102768283436e-20,2.7971027682834356e-19,2.6363059898109156e-14,1.6472964643566316e+19,35000000000000.0,35000000000000.0,0.0,0.008442087063364237,0.0012068049855418685,1.4432433573441674e-05,4.687832083722032e-06,1.4432433573441674e-05,4.687832083722032e-06,5.25280559848016e-29,9.483682873797564e+18,1.7310540574325428e+19,293.7658230380911,5.126156621796569e-20,-993738.4433467045,3.266110264894942e+21,0.0,0.0,0.0,0.0,0.0,0.3333333333333333,0.3333333333333333,2.0,4.788179461519709e-19,6.777638626958759e-23,0.0,8.162871712568798e-19,,0.0,0.0,0.0,0.0,0.0,4.788179461519709e-19,8.162871712568798e-19,5.23327298753861e-05,15.0,1.9426576761132762e-17,2.6363059898109155e-20,1.6079677847252025e-21,,,2.6363059898109155e-20,1.6079677847252025e-21,10.0,,9.536544540177922e-08,3.4095948968030423,33329760262082.906,1.3626114227000534e-05,0.001193178871314868,1.3626114227000534e-05,0.001193178871314868,0.008442087063364237,0.0012068049855418685,False,False,1.0,1.4189026367777497,9.680004798538843e-09,0.20359855800649668,0.6988219846565416,1.0,1.6819730187546804,2.864056208764956e-07,0.287679440324207,0.5803849371362705,0.18194962418045876,0.2869525239476329,0.00602356343952957,0.023628173275693637,True,AP3.8,119.0,8.3,6.863735268152632e+19,$(U_{0.8}Pu_{0.2})N$
D1_Kd3p2e5_fn5p1e-4_AP3p8,rizk2025_refit_plot,rizk2025_refit_full,1625.0,1.1,35000000000000.0,8.469180128052954e+22,5.6997099555715146e+25,2.784178466734429e+25,2.3132500632194335e+23,1.004188493115761e+19,1.8256765279420972,85.63173804046589,0.5896342306045111,2.641241584920197,3.2308758155247084,1.2763235957935315,4.50719941131824,3662203373041.676,9.15550843260419e+17,224.08869931513675,0.4244860602899194,9926132.946773926,9906791.403514758,1.0019523519241866,1216027605.015147,1215987589.2704742,25977259.275266252,25924967.200256094,1.0000329080206294,1.0020170546256135,0.09372114017544271,63.07379316872457,30.81011106257523,6.022374628524766,6.022374628524766,0.0,5.442163361661354e+24,5.442163361661354e+24,0.0,9.036573938600132e+25,9.036573938600133e+25,1.0692995803453198,6.68767745921313e+16,0.004075452277964443,3.6069398157145895e-07,1.991950531047198e-06,1.991950531047198e-06,0.028943685659679152,0.028943685659679152,1.1090209960575372e+21,4.8042698003430634e-05,1.6540619828555305e-18,5.108607268560299e-20,5.1086072685603e-19,4.922854290289942e-14,1.6472964643566316e+19,35000000000000.0,35000000000000.0,0.0,0.009781155541529129,0.0015395375283221604,1.4273688324566555e-05,4.670736243173184e-06,1.4273688324566555e-05,4.670736243173184e-06,5.89241575896816e-29,9.936950803625105e+18,1.9249960154777055e+19,361.8548988162541,6.001287497925954e-20,-1030252.8566785165,3.4100650455286594e+21,0.0,0.0,0.0,0.0,0.0,0.3333333333333333,0.3333333333333333,2.0,8.377748115986507e-19,4.063572253318729e-23,0.0,8.162871712568798e-19,,0.0,0.0,0.0,0.0,0.0,8.377748115986507e-19,8.162871712568798e-19,2.456723082591791e-05,15.0,2.4810929742832958e-17,4.922854290289942e-20,1.857529782703572e-21,,,4.922854290289942e-20,1.857529782703572e-21,10.0,,9.536544540177922e-08,3.4095948968030423,33280220963834.703,1.7917114457624298e-05,0.0015216204138645362,1.7917114457624298e-05,0.0015216204138645362,0.009781155541529129,0.0015395375283221604,False,False,1.0,1.4128662768580602,1.010786943437214e-08,0.20138929305382228,0.7019999983838144,1.0,1.721282751381753,2.875395933973878e-07,0.2985316229588888,0.5655053033371208,0.18065953831406026,0.29780778202564373,0.005896342306045112,0.02641241584920197,True,AP3.8,119.0,8.3,6.863735268152632e+19,$(U_{0.8}Pu_{0.2})N$
D1_Kd3p2e5_fn5p1e-4_AP3p8,rizk2025_refit_plot,rizk2025_refit_full,1650.0,1.1,35000000000000.0,6.669635101515056e+22,5.461829083096025e+25,3.001255617619606e+25,1.9520625192843364e+23,9.877572410360189e+18,1.9118507258534652,90.09144642783112,0.5714053113508609,3.0254467276957997,3.5968520390466607,1.4290077267542955,5.0258597658009565,3428383818306.541,8.570959545766353e+17,237.86409392047807,0.4477424571815155,9351310.646340324,9333060.586866815,1.0019554206579555,1161218131.9726632,1161178521.9313996,24679544.51586804,24641629.011677142,1.0000341119306941,1.001538676853423,0.07380712144704986,60.441369928547545,33.21231738944344,6.27250556056197,6.27250556056197,0.0,5.668196027829871e+24,5.668196027829871e+24,0.0,9.036573938600132e+25,9.036573938600133e+25,1.0799521118526465,5.66072053078338e+16,0.003587167827205549,3.291309447669956e-07,2.364913768589907e-06,2.364913768589907e-06,0.03341616786180814,0.03341616786180814,1.1107136101139353e+21,5.2167242370430295e-05,2.257479190366825e-18,9.233806137778259e-20,9.233806137778258e-19,9.020265555838444e-14,1.6472964643566316e+19,35000000000000.0,35000000000000.0,0.0,0.011741622925728577,0.002098283024672493,1.4068087870966566e-05,4.6505251446864875e-06,1.4068087870966566e-05,4.6505251446864875e-06,7.001944241528976e-29,1.0497607639999961e+19,2.2585094055940436e+19,463.85611830259967,7.235171392551048e-20,-1067628.5310772446,3.604478447895456e+21,0.0,0.0,0.0,0.0,0.0,0.3333333333333333,0.3333333333333333,2.0,1.441192019109945e-18,2.42053512429118e-23,0.0,8.162871712568798e-19,,0.0,0.0,0.0,0.0,0.0,1.441192019109945e-18,8.162871712568798e-19,1.0722292079679634e-05,15.0,3.386218785550238e-17,9.020265555838444e-20,2.135405819398152e-21,,,9.020265555838444e-20,2.135405819398152e-21,10.0,,9.536544540177922e-08,3.4095948968030423,33220259742765.566,2.5302965348237643e-05,0.0020729800593242555,2.5302965348237643e-05,0.0020729800593242555,0.011741622925728577,0.002098283024672493,False,False,1.0,1.4046643820539757,1.0696445058123368e-08,0.1983636305549316,0.7063571731215295,1.0,1.773256705523762,2.8912510399638886e-07,0.31231871875769285,0.5467541714579826,0.1787782812220684,0.31159932155666165,0.005714053113508609,0.030254467276958,True,AP3.8,119.0,8.3,6.863735268152632e+19,$(U_{0.8}Pu_{0.2})N$
D1_Kd3p2e5_fn5p1e-4_AP3p8,rizk2025_refit_plot,rizk2025_refit_full,1675.0,1.1,35000000000000.0,5.033670572406957e+22,5.1606434269606016e+25,3.2769977983257486e+25,1.586644725168152e+23,9.659729199243764e+18,2.019266450680834,95.63181863095976,0.5472039083850077,3.5388390048344465,4.086042913219455,1.6238747904840034,5.709917703703458,3168055192701.8984,7.920137981754746e+17,254.83971422166232,0.4749063984869284,8729179.076703593,8711358.065913621,1.0020457213048908,1099449411.7455227,1099409143.974776,23244352.524569992,23214030.97610129,1.0000366267380687,1.00130617334404,0.05570330754341982,57.10840703595288,36.263719199241045,6.572170457262656,6.572170457262656,0.0,5.938990427413743e+24,5.938990427413743e+24,0.0,9.036573938600132e+25,9.036573938600132e+25,1.094426018967363,4.6500621724677144e+16,0.0030843035059081587,2.94789625430771e-07,3.01487090992933e-06,3.01487090992933e-06,0.039506201530691426,0.039506201530691426,1.1194476924512322e+21,5.706875135336411e-05,3.2556911341636327e-18,1.6476307421979262e-19,1.6476307421979263e-18,1.6231955709997532e-13,1.6472964643566316e+19,35000000000000.0,35000000000000.0,0.0,0.014459928178161241,0.0030213862003213143,1.3820661885272625e-05,4.6280010909235775e-06,1.3820661885272625e-05,4.6280010909235775e-06,8.938027699743434e-29,1.1163317238267894e+19,2.830881780276615e+19,617.0655072956575,8.968440974525286e-20,-1105276.85890566,3.8495560346620364e+21,0.0,0.0,0.0,0.0,0.0,0.3333333333333333,0.3333333333333333,2.0,2.439403962906753e-18,1.4342893454267406e-23,0.0,8.162871712568798e-19,,0.0,0.0,0.0,0.0,0.0,2.439403962906753e-18,8.162871712568798e-19,4.405483463636979e-06,15.0,4.8835367012454493e-17,1.623195570999753e-19,2.4435171198173103e-21,,,1.623195570999753e-19,2.4435171198173103e-21,10.0,,9.536544540177922e-08,3.4095948968030423,33152475417989.88,3.787616048388448e-05,0.0029835100398374298,3.787616048388448e-05,0.0029835100398374298,0.014459928178161241,0.0030213862003213143,False,False,1.0,1.3942745281991353,1.1461689454246697e-08,0.19449075358258883,0.7119423367721365,1.0,1.8394666122958259,2.9128216440951027e-07,0.3290252914335049,0.5242718140205024,0.17621778184234488,0.32831213485467764,0.005472039083850077,0.035388390048344466,True,AP3.8,119.0,8.3,6.863735268152632e+19,$(U_{0.8}Pu_{0.2})N$
D1_Kd3p2e5_fn5p1e-4_AP3p8,rizk2025_refit_plot,rizk2025_refit_full,1700.0,1.1,35000000000000.0,3.6842608233072787e+22,4.800705611709389e+25,3.6080918087294684e+25,1.2490287793272501e+23,9.380823046040406e+18,2.145860234238537,102.2696425534014,0.516970009866396,4.2031004290465335,4.72007043891293,1.8329806250335547,6.5530510639464845,2901803632178.8994,7.254509080447249e+17,273.21872520424137,0.5,8128595.027796847,8125358.166210847,1.000398365403689,1034592652.901661,1034550137.3195313,21734259.190041594,21707321.396384064,1.000041095719382,1.001240954292132,0.04077054919641385,53.125284475380205,39.92765215274056,6.906292822682833,6.823973473072202,0.08231934961063025,6.240922573379683e+24,6.16653408444629e+24,7.438848893339343e+22,9.036573938600132e+25,9.029135089706794e+25,1.1135701997286005,3.735369665844469e+16,0.0026088424429589266,2.6001031350357123e-07,4.163443870377641e-06,4.163443870377641e-06,0.04758121828107783,0.04758121828107783,1.1350025849528524e+21,6.288959312341692e-05,4.881873557157333e-18,2.8987370337520676e-19,2.8987370337520674e-18,2.8708990269161864e-13,1.6472964643566316e+19,35000000000000.0,35000000000000.0,0.0,0.018037305462624692,0.004523109236661396,1.3541482372115483e-05,4.60418199255839e-06,1.3541482372115483e-05,4.60418199255839e-06,1.2367613026065245e-28,1.1915718859585126e+19,3.81973465949409e+19,312.36098141210084,4.2255131608570917e-20,-712122.0690549952,4.1406007650659064e+21,4.3883420805905106e+21,0.0,0.0,0.0,0.0,0.3333333333333333,0.3333333333333333,2.0,4.065586385900453e-18,8.463999134962283e-24,0.0,8.162871712568798e-19,,0.0,0.0,0.0,0.0,0.0,4.065586385900453e-18,8.162871712568798e-19,1.7337604171564793e-06,15.0,7.322810335736e-17,2.8708990269161863e-19,2.7838006835881095e-21,,,2.8708990269161863e-19,2.7838006835881095e-21,10.0,,9.536544540177922e-08,3.4095948968030423,33081285516077.316,5.897495814660441e-05,0.004464134278514792,5.897495814660441e-05,0.004464134278514792,0.018037305462624692,0.004523109236661396,False,False,1.0,1.3817911166651138,1.2413372893165628e-08,0.18977695843354753,0.7187519988213564,1.0,1.920980012460528,2.941403780149307e-07,0.3483927848507698,0.4985543510131243,0.17291066588095574,0.34768817657729145,0.00516970009866396,0.042031004290465336,True,AP3.8,119.0,8.3,6.863735268152632e+19,$(U_{0.8}Pu_{0.2})N$
D1_Kd3p2e5_fn5p1e-4_AP3p8,rizk2025_refit_plot,rizk2025_refit_full,1725.0,1.1,35000000000000.0,2.644918895454985e+22,4.390313017123909e+25,3.987845185847972e+25,9.580878119558726e+22,9.034418240798413e+18,2.2884254296267286,110.01943685082861,0.48095475204962607,5.039611452165408,5.520566204215034,1.8943247183542833,7.414890922569317,2716907898083.1523,6.792269745207881e+17,282.3624961459516,0.4999999999999998,7865542.776033654,7862233.937939459,1.0004208521547835,970146140.9275676,970099340.4718941,20204739.440040562,20178252.711927786,1.0000482429517483,1.0013126373472923,0.02926904503217857,48.58382222017229,44.13005651194543,7.256852222850121,6.734158785209579,0.5226934376405403,6.557708167327983e+24,6.085372377682001e+24,4.7233578964598196e+23,9.036573938600132e+25,8.989340359635535e+25,1.1383696878717033,2.9545906331880052e+16,0.0021873379883900162,2.265665966171202e-07,6.219812426609565e-06,6.219812426609565e-06,0.05807219298370565,0.05807219298370565,1.1558319289599158e+21,6.980500655229545e-05,7.492536269461473e-18,5.026022153000994e-19,5.026022153000994e-18,4.994440127391286e-13,1.6472964643566316e+19,35000000000000.0,35000000000000.0,0.0,0.022518627476877186,0.006930839977968946,1.3242700484405753e-05,4.579960330269456e-06,1.3242700484405753e-05,4.579960330269456e-06,1.8531877026100222e-28,1.2719295698837602e+19,5.534701814613444e+19,378.0423817843838,4.944279091672356e-20,-730501.7940106506,4.4695540796384535e+21,4.744674703771064e+21,0.0,0.0,0.0,0.0,0.3333333333333333,0.3333333333333333,2.0,6.676249098204593e-18,4.979302940985348e-24,0.0,8.162871712568798e-19,,0.0,0.0,0.0,0.0,0.0,6.676249098204593e-18,8.162871712568798e-19,6.645684134063239e-07,15.0,1.123880440419221e-16,4.994440127391286e-19,3.1582025609706965e-21,,,4.994440127391286e-19,3.1582025609706965e-21,10.0,,9.536544540177922e-08,3.4095948968030423,33012111721755.336,9.376243966836647e-05,0.006837077538300579,9.376243966836647e-05,0.006837077538300579,0.022518627476877186,0.006930839977968946,False,False,1.0,1.3673278092406884,1.3560794538121345e-08,0.18423073287260047,0.7267803849290371,1.0,2.01879681573742,2.978520081518776e-07,0.37006657047173863,0.4702403169984645,0.1687983019136576,0.36937345758733475,0.004809547520496261,0.05039611452165408,True,AP3.8,119.0,8.3,6.863735268152632e+19,$(U_{0.8}Pu_{0.2})N$
D1_Kd3p2e5_fn5p1e-4_AP3p8,rizk2025_refit_plot,rizk2025_refit_full,1750.0,1.1,35000000000000.0,1.8784443100082943e+22,3.9398694806029445e+25,4.407484357252245e+25,7.197043869434307e+22,8.61481972618575e+18,2.4431660969790223,118.9357095288486,0.4396445955088447,6.0711589928528,6.510803588361644,1.9592419393890101,8.470045527750655,2539847443486.073,6.349618608715183e+17,292.03886704298986,0.49999999999999994,7605149.147456358,7601727.888066361,1.0004500633856375,908710499.0223873,908657009.7485524,18694001.331982594,18665546.35940962,1.0000588662974708,1.0015244650236894,0.02078712931218805,43.599150600357675,48.77384268860433,7.606219581725814,6.64666561172186,0.9595539700039536,6.873416564349348e+24,6.006308524547546e+24,8.67108039801802e+23,9.036573938600132e+25,8.94986313461995e+25,1.1700564491925831,2.3122726255153184e+16,0.0018303571149586191,1.9547925963451795e-07,9.945273245037954e-06,9.945273245037954e-06,0.07152296457726583,0.07152296457726583,1.1793016126379877e+21,7.809519617277113e-05,1.1625332016342075e-17,8.588030780930961e-19,8.588030780930961e-18,8.552344067970446e-13,1.6472964643566316e+19,35000000000000.0,35000000000000.0,0.0,0.027870172340173718,0.010738578146900518,1.2936319681194486e-05,4.555949428435568e-06,1.2936319681194486e-05,4.555949428435568e-06,2.976769229849872e-28,1.3518095235810204e+19,8.511347523434142e+19,458.5095777679528,5.79335237455262e-20,-748076.4413936479,4.826310756321804e+21,5.130018088202793e+21,0.0,0.0,0.0,0.0,0.3333333333333333,0.3333333333333333,2.0,1.0809044845085196e-17,2.9228774848067563e-24,0.0,8.162871712568798e-19,,0.0,0.0,0.0,0.0,0.0,1.0809044845085196e-17,8.162871712568798e-19,2.514231404916419e-07,15.0,1.7437998024513112e-16,8.552344067970446e-19,3.568671296051523e-21,,,8.552344067970446e-19,3.568671296051523e-21,10.0,,9.536544540177922e-08,3.4095948968030423,32950817226224.12,0.0001499450420222068,0.010588633104878311,0.0001499450420222068,0.010588633104878311,0.027870172340173718,0.010738578146900518,False,False,1.0,1.3509598833142458,1.4917954959246906e-08,0.17784088775616155,0.7360509891548035,1.0,2.1342549770046326,3.0261005915959957e-07,0.39370616133351116,0.43995387950582815,0.16382012246917652,0.3930283415700973,0.004396445955088447,0.060711589928527994,True,AP3.8,119.0,8.3,6.863735268152632e+19,$(U_{0.8}Pu_{0.2})N$
D1_Kd3p2e5_fn5p1e-4_AP3p8,rizk2025_refit_plot,rizk2025_refit_full,1775.0,1.1,35000000000000.0,1.3271389379638633e+22,3.4612226946850153e+25,4.856606263561586e+25,5.312485407036777e+22,8.1170719404424e+18,2.6058477597845373,129.1430942534174,0.3937617060224473,7.323211345147497,7.716973051169944,2.0253395898868187,9.742312641056763,2376774966835.949,5.941937417089873e+17,301.8911892996294,0.5,7357200.422697769,7353642.897463406,1.0004837772630473,851992932.1886133,851930045.2853621,17223101.490660697,17190233.924887195,1.0000738169801608,1.001911990605661,0.014686306414148063,38.30237785030726,53.743888962346375,7.939046880932202,6.5611750470759125,1.3778718338562894,7.17417841415566e+24,5.929054343699969e+24,1.2451240704556914e+24,9.036573938600132e+25,8.912061531554561e+25,1.2102423466939844,1.7950177781732832e+16,0.001537523749462395,1.6715913923031845e-07,1.677804400752858e-05,1.677804400752858e-05,0.08865034826405761,0.08865034826405761,1.2023785690744525e+21,8.824895668582714e-05,1.8080532706453782e-17,1.4464755034747645e-18,1.4464755034747646e-17,1.4424583518951984e-12,1.6472964643566316e+19,35000000000000.0,35000000000000.0,0.0,0.03395505137065909,0.01668309659487735,1.263321915167302e-05,4.532486118220822e-06,1.263321915167302e-05,4.532486118220822e-06,5.056679985992038e-28,1.422968234765717e+19,1.3676418818471833e+20,553.7037000242198,6.762782699100618e-20,-764780.1423370437,5.199333097956157e+21,5.532314772472141e+21,0.0,0.0,0.0,0.0,0.3333333333333333,0.3333333333333333,2.0,1.7264245535196902e-17,1.713388417816599e-24,0.0,8.162871712568798e-19,,0.0,0.0,0.0,0.0,0.0,1.7264245535196902e-17,8.162871712568798e-19,9.47642663871851e-08,15.0,2.7120799059680674e-16,1.4424583518951983e-18,4.0171515795662504e-21,,,1.4424583518951983e-18,4.0171515795662504e-21,10.0,,9.536544540177922e-08,3.4095948968030423,32903506119964.734,0.0002385560171408755,0.016444540577736474,0.0002385560171408755,0.016444540577736474,0.03395505137065909,0.01668309659487735,False,False,1.0,1.3327189319619188,1.650703983648749e-08,0.17057301026430893,0.7466219084194603,1.0,2.2693182878200933,3.0867087781341276e-07,0.41903395182313297,0.4082380434138402,0.15791055478192842,0.41837641027284506,0.003937617060224473,0.07323211345147497,True,AP3.8,119.0,8.3,6.863735268152632e+19,$(U_{0.8}Pu_{0.2})N$
D1_Kd3p2e5_fn5p1e-4_AP3p8,rizk2025_refit_plot,rizk2025_refit_full,1800.0,1.1,35000000000000.0,9.356180734597311e+21,2.967726287208597e+25,5.323015513474586e+25,3.860570000149896e+22,7.537302309027193e+18,2.7716901205867535,140.86485791066923,0.34432936552162413,8.824955586293736,9.169284951815362,2.0887565796720504,11.258041531487411,2234642770986.1284,5.5866069274653203e+17,311.34394011912815,0.5,7134086.759338517,7130378.060837066,1.0005201264883583,801030545.8255212,800955338.9503863,15800047.822409974,15759785.889308417,1.0000938964652306,1.0025547258943963,0.010353681382091022,32.84127709653125,58.90523941531741,8.243129806769234,6.4773412058825155,1.7657886008867194,7.448965198434881e+24,5.853297273249869e+24,1.5956679251850119e+24,9.036573938600132e+25,8.87700714608163e+25,1.261100038271011,1.3832310047456778e+16,0.0013028735396426227,1.4162879362438895e-07,2.9491271837464793e-05,2.9491271837464793e-05,0.11042661539172802,0.11042661539172802,1.2223114471119404e+21,0.00010117577989016226,2.80344615729556e-17,2.4023187514376478e-18,2.4023187514376478e-17,2.3978131732901632e-12,1.6472964643566316e+19,35000000000000.0,35000000000000.0,0.0,0.04050976752880867,0.025851498825356152,1.2342995776270056e-05,4.509693762232715e-06,1.2342995776270056e-05,4.509693762232715e-06,8.98067063928215e-28,1.47392914702437e+19,2.2641656432204726e+20,660.7241273873975,7.819653461680909e-20,-781761.1275005596,5.575812385649537e+21,5.937989962463097e+21,0.0,0.0,0.0,0.0,0.3333333333333333,0.3333333333333333,2.0,2.721817440169872e-17,1.0037403008245757e-24,0.0,8.162871712568798e-19,,0.0,0.0,0.0,0.0,0.0,2.721817440169872e-17,8.162871712568798e-19,3.580380162509945e-08,15.0,4.20516923594334e-16,2.397813173290163e-18,4.50557814748474e-21,,,2.397813173290163e-18,4.50557814748474e-21,10.0,,9.536544540177922e-08,3.4095948968030423,32876536069197.47,0.0003745967506179783,0.025476902074738173,0.0003745967506179783,0.025476902074738173,0.04050976752880867,0.025851498825356152,False,False,1.0,1.3126237570170372,1.8360849773855332e-08,0.1623797361039847,0.7585711436033519,1.0,2.4268219849324537,3.163861647219238e-07,0.4458466414846096,0.3755425633117112,0.15100500919330195,0.44521608133681917,0.003443293655216241,0.08824955586293737,True,AP3.8,119.0,8.3,6.863735268152632e+19,$(U_{0.8}Pu_{0.2})N$
D1_Kd3p2e5_fn5p1e-4_AP3p4,rizk2025_refit_plot,rizk2025_refit_full,900.0,1.3,35000000000000.0,1.4993703838995406e+23,7.788323818169376e+25,2.2676825772198024e+25,4.169959103341564e+23,1.105638684855e+19,1.6123456233648037,41.109227263901026,0.7321411788711758,0.32175090347729135,1.0538920823484672,0.051735651154675,1.1056277335031421,8685655602765.318,2.1714139006913293e+18,57.722209582247395,0.06679893875077109,1319268964819.114,38460066.169794835,34302.30616335291,1379886366.2538927,1376876004.6416616,218436629.95787063,54002474.57216094,1.0021863708874892,4.044937416080519,0.14039590953009987,72.92719783640143,21.233803293240616,5.698602960827855,5.698602960827855,0.0,6.08587282753824e+24,6.08587282753824e+24,0.0,1.0679587381981997e+26,1.0679587381981997e+26,1.0080899847386497,1.1304659772732165e+17,0.005383202899220525,4.875761506026454e-07,2.60776028766338e-07,2.60776028766338e-07,0.00345669624373502,0.00345669624373502,2.707732407607674e+20,7.692137374375027e-06,8.917422879279335e-19,5.811156342883063e-25,5.8111563428830635e-24,5.119872410101689e-28,1.7995675661038836e+19,35000000000000.0,35000000000000.0,0.0,0.008512695881804961,0.0008454441222533413,1.617869981124047e-05,5.576060364122641e-06,1.617869981124047e-05,5.576060364122641e-06,1.24637928159185e-29,5.346405280461295e+18,3.7971325498358313e+18,0.00020425790348782482,1.0673732493048548e-21,-147891.75513060202,2.0122739715675448e+21,0.0,0.0,0.0,0.0,0.0,0.3333333333333333,0.3333333333333333,2.0,2.4966082885114063e-31,1.092543251978497e-24,0.0,8.91742287927684e-19,,0.0,0.0,0.0,0.0,0.0,2.4966082885114063e-31,8.91742287927684e-19,1.2251782457431146e-06,15.0,1.3376134318919002e-17,5.119872410101689e-34,5.811156337763191e-25,,,5.119872410101689e-34,5.811156337763191e-25,10.0,,9.536544540177922e-08,3.4095948968030423,34090983007973.23,5.119224376092319e-06,0.000840324897877249,5.119224376092319e-06,0.000840324897877249,0.008512695881804961,0.0008454441222533413,False,False,1.0,1.463394883035495,8.304355114369783e-09,0.2194412792389377,0.6761216209428661,1.0,1.2793992945614576,2.7846198576543675e-07,0.14838000453132885,0.7790634067168895,0.19417721954518158,0.14762953722106278,0.007321411788711758,0.0032175090347729136,True,AP3.4,130.0,8.3,7.498198192099515e+19,$(U_{0.8}Pu_{0.2})N$
D1_Kd3p2e5_fn5p1e-4_AP3p4,rizk2025_refit_plot,rizk2025_refit_full,925.0,1.3,35000000000000.0,1.4983239759341615e+23,7.779958660828254e+25,2.2765200658319063e+25,4.1627918203045663e+23,1.1041566720321966e+19,1.6142261751810225,42.50090933512613,0.733443151255892,0.35506999733987965,1.0885131485957715,0.051705851738737374,1.140219000334509,8686099464139.072,2.1715248660347681e+18,57.71014187486798,0.06677442318464903,511234219164.7841,38468108.513986886,13289.819513192362,1377165212.3430643,1375271962.5866835,179948025.1702416,52234176.50890627,1.0013766366274346,3.445024640898843,0.1402979274706858,72.84886936693982,21.31655451101719,5.6942781945723,5.6942781945723,0.0,6.081254155624956e+24,6.081254155624956e+24,0.0,1.0679587381981997e+26,1.0679587381981997e+26,1.0089330770122273,1.128889295712462e+17,0.005379710203450634,4.85032527120399e-07,3.088935994724735e-07,3.088935994724735e-07,0.003812509779345492,0.003812509779345492,3.137763561981285e+20,8.168700108557444e-06,8.917422879291166e-19,9.880133285659924e-25,9.880133285659924e-24,3.600113810511962e-27,1.7995675661038836e+19,35000000000000.0,35000000000000.0,0.0,0.008506831026706057,0.0008448819897298444,1.617335658170308e-05,5.546765098361603e-06,1.617335658170308e-05,5.546765098361603e-06,1.4798954922067108e-29,5.525372256331757e+18,4.66914424019313e+18,0.0005413766117246984,1.0671447252659689e-21,-147879.64447073682,2.0111830957274316e+21,0.0,0.0,0.0,0.0,0.0,0.3333333333333333,0.3333333333333333,2.0,1.4326320272288242e-30,7.793235501843722e-24,0.0,8.91742287927684e-19,,0.0,0.0,0.0,0.0,0.0,1.4326320272288242e-30,8.91742287927684e-19,8.739336024920236e-06,15.0,1.337613431893675e-17,3.600113810511962e-33,9.880133249658786e-25,,,3.600113810511962e-33,9.880133249658786e-25,10.0,,9.536544540177922e-08,3.4095948968030423,34061471139350.96,5.284543975122818e-06,0.0008395974457547216,5.284543975122818e-06,0.0008395974457547216,0.008506831026706057,0.0008448819897298444,False,False,1.0,1.4636839904588947,8.309119084015092e-09,0.2195417673177065,0.6759781505750695,1.0,1.2909393837929592,2.7858649844433306e-07,0.1533087804316504,0.7718384821106905,0.19429225367282288,0.1525590558469087,0.0073344315125589195,0.0035506999733987965,True,AP3.4,130.0,8.3,7.498198192099515e+19,$(U_{0.8}Pu_{0.2})N$
D1_Kd3p2e5_fn5p1e-4_AP3p4,rizk2025_refit_plot,rizk2025_refit_full,950.0,1.3,35000000000000.0,1.4973037183041054e+23,7.771606733323223e+25,2.285346825012748e+25,4.155608341420889e+23,1.102481699629701e+19,1.6160960844484589,43.97617206286203,0.7347248903989992,0.39274644995762953,1.1274713403566288,0.05168941267679069,1.1791607530334196,8686336565942.369,2.1715841414855923e+18,57.70350018259079,0.06676087662252088,208393437328.50275,38472536.206213996,5416.68051753873,1374912228.5687065,1373680699.6581776,151013601.2414285,50481883.61703258,1.000896517590176,2.9914414919033754,0.14020239403914356,72.77066477713403,21.39920526207274,5.689927566754064,5.689927566754064,0.0,6.076607864629823e+24,6.076607864629823e+24,0.0,1.0679587381981997e+26,1.0679587381981995e+26,1.0098876536071926,1.1273531200938131e+17,0.005376179746479719,4.82426387112918e-07,3.616050144982165e-07,3.616050144982165e-07,0.004214649245031197,0.004214649245031197,3.6153863167896014e+20,8.689792217357586e-06,8.917422879351825e-19,1.625942817432566e-24,1.625942817432566e-23,2.2845010932250072e-26,1.7995675661038836e+19,35000000000000.0,35000000000000.0,0.0,0.008500853084472647,0.0008442895466628506,1.6168046756124266e-05,5.517665481635867e-06,1.6168046756124266e-05,5.517665481635867e-06,1.736564268810376e-29,5.708579905736842e+18,5.627682026808951e+18,0.0013631761981989757,1.0671766918281097e-21,-147894.60573569662,2.0101188788180442e+21,0.0,0.0,0.0,0.0,0.0,0.3333333333333333,0.3333333333333333,2.0,7.498646671560408e-30,4.074114265943587e-23,0.0,8.91742287927684e-19,,0.0,0.0,0.0,0.0,0.0,7.498646671560408e-30,8.91742287927684e-19,4.568712643848196e-05,15.0,1.3376134319027737e-17,2.284501093225007e-32,1.6259427945875551e-24,,,2.284501093225007e-32,1.6259427945875551e-24,10.0,,9.536544540177922e-08,3.4095948968030423,34030368111412.137,5.458774270870352e-06,0.0008388307723919803,5.458774270870352e-06,0.0008388307723919803,0.008500853084472647,0.0008442895466628506,False,False,1.0,1.4639675067945055,8.313904845025564e-09,0.21964028212953696,0.675837503966018,1.0,1.3033343427837105,2.787274918729422e-07,0.15852367530097652,0.7642063176595504,0.19440536721611845,0.15777472167060388,0.007347248903989993,0.0039274644995762956,True,AP3.4,130.0,8.3,7.498198192099515e+19,$(U_{0.8}Pu_{0.2})N$
D1_Kd3p2e5_fn5p1e-4_AP3p4,rizk2025_refit_plot,rizk2025_refit_full,975.0,1.3,35000000000000.0,1.4963085668934086e+23,7.763461647668295e+25,2.293964452340453e+25,4.1484804172800766e+23,1.100620222363995e+19,1.6179664142301813,45.51298157856256,0.7360141444044286,0.43464226906326336,1.1706564134676918,0.051703677746204366,1.222360091213896,8686099340677.303,2.1715248351693256e+18,57.709333321875505,0.06677255115087259,89007944584.49547,38468647.48233851,2313.77889293769,1372919509.0642064,1372092758.2148006,128850931.10462013,48777292.17032137,1.0006025473456193,2.641617141326671,0.14010921146802888,72.69439698359858,21.479897774053534,5.685596030879864,5.685596030879864,0.0,6.071981963043152e+24,6.071981963043152e+24,0.0,1.0679587381981997e+26,1.0679587381981997e+26,1.010950664904058,1.1258557879604451e+17,0.0053725701264647876,4.798027236106225e-07,4.183438146217833e-07,4.183438146217833e-07,0.004661701856796969,0.004661701856796969,4.137086889727249e+20,9.256320200563674e-06,8.91742287963739e-19,2.5973524524958523e-24,2.5973524524958523e-23,1.3186026336093777e-25,1.7995675661038836e+19,35000000000000.0,35000000000000.0,0.0,0.008494960633249891,0.0008436764036379727,1.6162738877356545e-05,5.489291478024669e-06,1.6162738877356545e-05,5.489291478024669e-06,2.0137205546975243e-29,5.895479814189679e+18,6.661768421679841e+18,0.0032740108832080197,1.0677725607084736e-21,-147966.99831982315,2.0090806595690378e+21,0.0,0.0,0.0,0.0,0.0,0.3333333333333333,0.3333333333333333,2.0,3.605513394506346e-29,1.6237393506057197e-22,0.0,8.91742287927684e-19,,0.0,0.0,0.0,0.0,0.0,3.605513394506346e-29,8.91742287927684e-19,0.00018208616688050863,15.0,1.3376134319456086e-17,1.3186026336093777e-31,2.597352320635589e-24,,,1.3186026336093777e-31,2.597352320635589e-24,10.0,,9.536544540177922e-08,3.4095948968030423,33998178500836.24,5.6390882812120285e-06,0.0008380373153567607,5.6390882812120285e-06,0.0008380373153567607,0.008494960633249891,0.0008436764036379727,False,False,1.0,1.464252905463523,8.31866453844298e-09,0.21973942110352884,0.6756959727154254,1.0,1.3164240327549026,2.788845207347932e-07,0.16394459238623918,0.7562863488110075,0.19451901131275462,0.16319642961330258,0.0073601414440442854,0.0043464226906326335,True,AP3.4,130.0,8.3,7.498198192099515e+19,$(U_{0.8}Pu_{0.2})N$
D1_Kd3p2e5_fn5p1e-4_AP3p4,rizk2025_refit_plot,rizk2025_refit_full,1000.0,1.3,35000000000000.0,1.4953374646872495e+23,7.755665067152752e+25,2.3022271426764972e+25,4.141467401251645e+23,1.0985820918991223e+19,1.6198431709661336,47.090920333244334,0.7373297621726013,0.48054344707210217,1.2178732092447033,0.051784090356292056,1.2696572996009954,8684844725388.76,2.17121118134719e+18,57.742015687269934,0.06683854727431687,39694233721.63103,38446873.971693225,1032.4437235353953,1371074737.3518407,1370503046.0917468,111585796.25794977,47142845.88812267,1.0004171397223263,2.3669720008579938,0.1400182807820927,72.62139247287472,21.557266777560024,5.681322468783185,5.681322468783185,0.0,6.067417975058771e+24,6.067417975058771e+24,0.0,1.0679587381981997e+26,1.0679587381981999e+26,1.0121171584957251,1.1243956244807226e+17,0.005368860138278609,4.771955189307642e-07,4.784380358366274e-07,4.784380358366274e-07,0.005151483176865685,0.005151483176865685,4.698514885406373e+20,9.869694578403397e-06,8.917422880879538e-19,4.0377712245259814e-24,4.0377712245259814e-23,6.972208708889678e-25,1.7995675661038836e+19,35000000000000.0,35000000000000.0,0.0,0.008489303632434232,0.0008430513864698877,1.615741589424431e-05,5.462023310681684e-06,1.615741589424431e-05,5.462023310681684e-06,2.3081403787038256e-29,6.084478166991709e+18,7.758214293282564e+18,0.007528110442911963,1.0695634586697011e-21,-148160.413522978,2.008067665556314e+21,0.0,0.0,0.0,0.0,0.0,0.3333333333333333,0.3333333333333333,2.0,1.6026995865756309e-28,5.104196168274582e-22,0.0,8.91742287927684e-19,,0.0,0.0,0.0,0.0,0.0,1.6026995865756309e-28,8.91742287927684e-19,0.0005723846717215622,15.0,1.3376134321319307e-17,6.972208708889678e-31,4.0377705273051104e-24,,,6.972208708889678e-31,4.0377705273051104e-24,10.0,,9.536544540177922e-08,3.4095948968030423,33965365674445.203,5.8228900024219864e-06,0.0008372284964674657,5.8228900024219864e-06,0.0008372284964674657,0.008489303632434232,0.0008430513864698877,False,False,1.0,1.464545310992082,8.323358174288e-09,0.21984096295415445,0.6755510178238467,1.0,1.3300531232163166,2.7905685887502204e-07,0.16949752929769205,0.7481884882666715,0.1946348425732852,0.1687501703018209,0.007373297621726013,0.004805434470721022,True,AP3.4,130.0,8.3,7.498198192099515e+19,$(U_{0.8}Pu_{0.2})N$
D1_Kd3p2e5_fn5p1e-4_AP3p4,rizk2025_refit_plot,rizk2025_refit_full,1025.0,1.3,35000000000000.0,1.4943889897071659e+23,7.748312351267356e+25,2.3100362947066303e+25,4.134613921938535e+23,1.0963800205849856e+19,1.6217294035260459,48.69177418400921,0.738684089440296,0.5301716730669143,1.26885576250721,0.052000743568116015,1.3208565060753261,8681509958589.47,2.1703774896473674e+18,57.82983295691903,0.06701626295244634,18424762597.661587,38388490.619604826,479.95537986200856,1369315572.0206683,1368909014.7672997,97929928.11387892,45592916.61072943,1.0002969936270292,2.147919795305066,0.13992946883214005,72.55254415858683,21.63038900364254,5.677137368938493,5.677137368938493,0.0,6.0629484611094e+24,6.0629484611094e+24,0.0,1.0679587381981997e+26,1.0679587381981997e+26,1.0133805552869928,1.1229704138633917e+17,0.005365041813072554,4.746291578057691e-07,5.411256727390203e-07,5.411256727390203e-07,0.005681155835195423,0.005681155835195423,5.2946141591601467e+20,1.0530873982820635e-05,8.917422885901033e-19,6.1223709373710644e-24,6.122370937371064e-23,3.398959714178951e-24,1.7995675661038836e+19,35000000000000.0,35000000000000.0,0.0,0.00848398843531734,0.0008424222808740914,1.6152069177403657e-05,5.436109182836587e-06,1.6152069177403657e-05,5.436109182836587e-06,2.6161192815530926e-29,6.273692972948017e+18,8.902033083363476e+18,0.016629480459519053,1.0738067489700797e-21,-148601.72602674898,2.0070786605336662e+21,0.0,0.0,0.0,0.0,0.0,0.3333333333333333,0.3333333333333333,2.0,6.624193185834588e-28,1.30323517274453e-21,0.0,8.91742287927684e-19,,0.0,0.0,0.0,0.0,0.0,6.624193185834588e-28,8.91742287927684e-19,0.0014614482114614314,15.0,1.337613432885155e-17,3.398959714178951e-30,6.1223675384113506e-24,,,3.398959714178951e-30,6.1223675384113506e-24,10.0,,9.536544540177922e-08,3.4095948968030423,33932338376736.152,6.007889547459325e-06,0.0008364143913266321,6.007889547459325e-06,0.0008364143913266321,0.00848398843531734,0.0008424222808740914,False,False,1.0,1.4648481001248683,8.327955296350655e-09,0.21994607750259024,0.6754009699322441,1.0,1.3440763154331135,2.7924353991260683e-07,0.1751167111752827,0.7400099857331287,0.19475393810760486,0.17437016289264534,0.007386840894402959,0.005301716730669143,True,AP3.4,130.0,8.3,7.498198192099515e+19,$(U_{0.8}Pu_{0.2})N$
D1_Kd3p2e5_fn5p1e-4_AP3p4,rizk2025_refit_plot,rizk2025_refit_full,1050.0,1.3,35000000000000.0,1.4934613611209182e+23,7.741460752577427e+25,2.3173323401029763e+25,4.12795062623506e+23,1.0940290361828864e+19,1.623626406573526,50.29974153837996,0.740084692437398,0.5831962439966537,1.3232809364340519,0.052487632008625336,1.375768568442677,8674103149640.82,2.168525787410205e+18,58.02626829321321,0.06741475007256395,8875701427.094227,38258534.717105925,231.99271725181302,1367606601.905757,1367309616.9241612,86980675.66297574,44135415.65230677,1.0002172039002137,1.970768245351953,0.13984260886713681,72.4883881341557,21.698706674872568,5.673062582104591,5.673062582104591,0.0,6.058596756903839e+24,6.058596756903839e+24,0.0,1.0679587381981997e+26,1.0679587381981997e+26,1.014732930376356,1.1215774108454645e+17,0.00536111565204491,4.721203431103797e-07,6.055729783653584e-07,6.055729783653584e-07,0.0062473474589596414,0.0062473474589596414,5.919755090672204e+20,1.1240148470510946e-05,8.917422904866655e-19,9.072820167908718e-24,9.072820167908718e-23,1.5366002896313798e-23,1.7995675661038836e+19,35000000000000.0,35000000000000.0,0.0,0.008479084844120839,0.0008417957428213028,1.6146695092163336e-05,5.411690576192726e-06,1.6146695092163336e-05,5.411690576192726e-06,2.933566247150684e-29,6.461590087081134e+18,1.0076893699376423e+19,0.03541114910146184,1.0829117674562631e-21,-149533.32169882412,2.0061119646191258e+21,0.0,0.0,0.0,0.0,0.0,0.3333333333333333,0.3333333333333333,2.0,2.558981501392922e-27,2.7724222720096643e-21,0.0,8.91742287927684e-19,,0.0,0.0,0.0,0.0,0.0,2.558981501392922e-27,8.91742287927684e-19,0.003108994943479269,15.0,1.3376134357299982e-17,1.5366002896313797e-29,9.072804801905822e-24,,,1.5366002896313797e-29,9.072804801905822e-24,10.0,,9.536544540177922e-08,3.4095948968030423,33899445997896.934,6.192129650223642e-06,0.0008356036131710792,6.192129650223642e-06,0.0008356036131710792,0.008479084844120839,0.0008417957428213028,False,False,1.0,1.4651633475726649,8.332434603626033e-09,0.22005548118890852,0.6752448071668309,1.0,1.358361016665797,2.7944339855232844e-07,0.18074534949779494,0.7318343499433243,0.19487694997652227,0.1799996135790731,0.007400846924373981,0.005831962439966537,True,AP3.4,130.0,8.3,7.498198192099515e+19,$(U_{0.8}Pu_{0.2})N$
D1_Kd3p2e5_fn5p1e-4_AP3p4,rizk2025_refit_plot,rizk2025_refit_full,1075.0,1.3,35000000000000.0,1.4925525573398444e+23,7.735138018364485e+25,2.3240860506324007e+25,4.121496283684756e+23,1.0915459319878683e+19,1.6255344366997484,51.90140974817335,0.7415356672304539,0.639246100932597,1.380781768163051,0.053492562894098934,1.43427433105715,8659043905636.873,2.164760976409218e+18,58.428086550517406,0.06823297899572686,4425783385.832275,37995425.33504961,116.48200663119376,1365927334.0245836,1365704687.5655057,78094013.77747172,42773404.629498184,1.0001630267956938,1.825760994569394,0.13975751159244182,72.42918421562594,21.761946108081563,5.669112164700073,5.669112164700073,0.0,6.054377874117155e+24,6.054377874117155e+24,0.0,1.0679587381981997e+26,1.0679587381981999e+26,1.016165298242735,1.1202135213715874e+17,0.00535708733981782,4.696800052879845e-07,6.708958827810302e-07,6.708958827810302e-07,0.00684626838281728,0.00684626838281728,6.567875509135163e+20,1.1997004373899726e-05,8.917422972109765e-19,1.3164266191182678e-23,1.3164266191182677e-22,6.475908336901747e-23,1.7995675661038836e+19,35000000000000.0,35000000000000.0,0.0,0.00847463368131898,0.0008411773135398983,1.6141292959259055e-05,5.388828026783141e-06,1.6141292959259055e-05,5.388828026783141e-06,3.2561135967897446e-29,6.647273150060979e+18,1.1265610329934647e+19,0.07294858448037378,1.1013342180060105e-21,-151398.26058760358,2.0051655942593566e+21,0.0,0.0,0.0,0.0,0.0,0.3333333333333333,0.3333333333333333,2.0,9.283292620781236e-27,5.0239680634734576e-21,0.0,8.91742287927684e-19,,0.0,0.0,0.0,0.0,0.0,9.283292620781236e-27,8.91742287927684e-19,0.005633878845027849,15.0,1.3376134458164648e-17,6.475908336901747e-29,1.3164201432099309e-23,,,6.475908336901747e-29,1.3164201432099309e-23,10.0,,9.536544540177922e-08,3.4095948968030423,33866979278956.48,6.373981714439401e-06,0.0008348033318254589,6.373981714439401e-06,0.0008348033318254589,0.00847463368131898,0.0008411773135398983,False,False,1.0,1.4654921733941033,8.336782644508336e-09,0.22016955821016482,0.6750819821007438,1.0,1.3727883739243631,2.7965511253282645e-07,0.1863355495379663,0.7237315481332485,0.19500422232632095,0.18559062283598995,0.007415356672304539,0.006392461009325971,True,AP3.4,130.0,8.3,7.498198192099515e+19,$(U_{0.8}Pu_{0.2})N$
D1_Kd3p2e5_fn5p1e-4_AP3p4,rizk2025_refit_plot,rizk2025_refit_full,1100.0,1.3,35000000000000.0,1.4916604405042234e+23,7.729350165821278e+25,2.330290622849039e+25,4.1152602508866085e+23,1.0889487147382729e+19,1.6274531491933713,53.48560865874978,0.7430386416673935,0.6979219592683766,1.4409606009357703,0.05545964561646389,1.496420246552234,8630125169133.185,2.1575312922832963e+18,59.20165408368269,0.06981774853989131,2278882562.7880197,37498952.256671526,60.7718996304111,1364265752.0748734,1364094567.6994255,70802524.4746138,41506492.22605093,1.0001254930409529,1.7058180703156518,0.1396739768261899,72.37498874593045,21.820043598131658,5.665293679111707,5.665293679111707,0.0,6.050299889066375e+24,6.050299889066375e+24,0.0,1.0679587381981997e+26,1.0679587381981997e+26,1.0176679027764508,1.1188754962631883e+17,0.0053529655008915916,4.6731493793554877e-07,7.361840692532627e-07,7.361840692532627e-07,0.00747383011585199,0.00747383011585199,7.232632573426371e+20,1.280025365837484e-05,8.91742319689036e-19,1.8732291689893137e-23,1.8732291689893138e-22,2.556484784617257e-22,1.7995675661038836e+19,35000000000000.0,35000000000000.0,0.0,0.008470653841826783,0.0008405714943007346,1.6135863809706436e-05,5.367523762185077e-06,1.6135863809706436e-05,5.367523762185077e-06,3.579240135713013e-29,6.830449665380858e+18,1.2450658800597823e+19,0.14596420823294795,1.1370526748676641e-21,-154966.38881728926,2.0042374127596685e+21,0.0,0.0,0.0,0.0,0.0,0.3333333333333333,0.3333333333333333,2.0,3.1761352235744896e-26,7.906038402206534e-21,0.0,8.91742287927684e-19,,0.0,0.0,0.0,0.0,0.0,3.1761352235744896e-26,8.91742287927684e-19,0.00886583290671176,15.0,1.3376134795335541e-17,2.556484784617257e-28,1.8732036041414675e-23,,,2.556484784617257e-28,1.8732036041414675e-23,10.0,,9.536544540177922e-08,3.4095948968030423,33835173988121.074,6.552125241881628e-06,0.000834019369058853,6.552125241881628e-06,0.000834019369058853,0.008470653841826783,0.0008405714943007346,False,False,1.0,1.4658350138631788,8.340992244543773e-09,0.220288454942751,0.6749122868847817,1.0,1.3872533770984397,2.7987724530080586e-07,0.19184776290653244,0.7157588882108431,0.19513588089370135,0.19110363784883538,0.007430386416673936,0.006979219592683767,True,AP3.4,130.0,8.3,7.498198192099515e+19,$(U_{0.8}Pu_{0.2})N$
D1_Kd3p2e5_fn5p1e-4_AP3p4,rizk2025_refit_plot,rizk2025_refit_full,1125.0,1.3,35000000000000.0,1.4907828444258336e+23,7.724087901190116e+25,2.3359551097603514e+25,4.1092447632765496e+23,1.0862560500741308e+19,1.6293818699405487,55.04321606252482,0.7445935306368332,0.7588085580893796,1.5034020887262127,0.05916141818818886,1.5625635069144015,8577108610414.909,2.144277152603727e+18,60.61494722670117,0.07274136315010316,1209092263.0220463,36624629.75835241,33.01309176364595,1362614766.370816,1362479871.0206597,64761454.249247946,40331945.674799465,1.0000990072242721,1.6057111345786803,0.13959180173393207,72.32571470150397,21.873083914285345,5.66160958247676,5.66160958247676,0.0,6.046365425872716e+24,6.046365425872716e+24,0.0,1.0679587381981997e+26,1.0679587381981997e+26,1.0192305139999798,1.1175600811008005e+17,0.005348760179494956,4.6502906252047783e-07,8.005269043983637e-07,8.005269043983637e-07,0.00812576590996636,0.00812576590996636,7.907564971655737e+20,1.3648071284455823e-05,8.917423908131057e-19,2.617975259794079e-23,2.617975259794079e-22,9.494708146321283e-22,1.7995675661038836e+19,35000000000000.0,35000000000000.0,0.0,0.008467148330876443,0.0008399818545495929,1.6130409608630186e-05,5.347739904977849e-06,1.6130409608630186e-05,5.347739904977849e-06,3.8984034201759034e-29,7.011239816832859e+18,1.3614704753557223e+19,0.28503584445757946,1.2039270476589607e-21,-161495.68107824225,2.0033252580678844e+21,0.0,0.0,0.0,0.0,0.0,0.3333333333333333,0.3333333333333333,2.0,1.028854216590493e-25,1.098777627543975e-20,0.0,8.91742287927684e-19,,0.0,0.0,0.0,0.0,0.0,1.028854216590493e-25,8.91742287927684e-19,0.012321693337266282,15.0,1.3376135862196585e-17,9.494708146321284e-28,2.617880312712616e-23,,,9.494708146321284e-28,2.617880312712616e-23,10.0,,9.536544540177922e-08,3.4095948968030423,33804215884212.67,6.725520125519219e-06,0.0008332563344240737,6.725520125519219e-06,0.0008332563344240737,0.008467148330876443,0.0008399818545495929,False,False,1.0,1.4661918282401571,8.345061024980316e-09,0.22041215200265338,0.6747357503232788,1.0,1.4016645330378412,2.8010828969620563e-07,0.19725005512892876,0.7079621788755687,0.19527190039289893,0.1965067200544921,0.007445935306368332,0.007588085580893796,True,AP3.4,130.0,8.3,7.498198192099515e+19,$(U_{0.8}Pu_{0.2})N$
D1_Kd3p2e5_fn5p1e-4_AP3p4,rizk2025_refit_plot,rizk2025_refit_full,1150.0,1.3,35000000000000.0,1.4899176001373326e+23,7.719331569213527e+25,2.3410993332806067e+25,4.10344679112268e+23,1.0834866966414952e+19,1.631319771366503,56.566964946135705,0.7461990899986446,0.821487246708315,1.5676863367069596,0.06590246698273482,1.6335888036896944,8484463522235.363,2.1211158805588408e+18,63.06275470180343,0.07788455182308365,659812923.6062386,35203029.27611429,18.743072320027018,1360970199.9657362,1360861333.8514123,59712593.14107327,39245520.81084662,1.000079997948076,1.521513586961241,0.13951078322099206,72.2811780372447,21.921252662161635,5.65805851737268,5.65805851737268,0.0,6.042573034864904e+24,6.042573034864904e+24,0.0,1.0679587381981997e+26,1.0679587381981997e+26,1.0208427381190337,1.1162641029555613e+17,0.005344481780930267,4.6282431672003025e-07,8.630403100526196e-07,8.630403100526196e-07,0.008797756583306128,0.008797756583306128,8.586264347270642e+20,1.4537942054113682e-05,8.917426046035813e-19,3.5983582073279434e-23,3.5983582073279434e-22,3.330768464716398e-21,1.7995675661038836e+19,35000000000000.0,35000000000000.0,0.0,0.00846410921128513,0.0008394111664301413,1.6124932752952137e-05,5.3294121986064745e-06,1.6124932752952137e-05,5.3294121986064745e-06,4.209176612451e-29,7.189975391283636e+18,1.4741127537336236e+19,0.5463550801711576,1.3253375713902943e-21,-172882.7203302316,2.0024270450632813e+21,0.0,0.0,0.0,0.0,0.0,0.3333333333333333,0.3333333333333333,2.0,3.1667589742037936e-25,1.3686836891524853e-20,0.0,8.91742287927684e-19,,0.0,0.0,0.0,0.0,0.0,3.1667589742037936e-25,8.91742287927684e-19,0.015348416483486569,15.0,1.3376139069053719e-17,3.330768464716398e-27,3.5980251304814716e-23,,,3.330768464716398e-27,3.5980251304814716e-23,10.0,,9.536544540177922e-08,3.4095948968030423,33774245848346.434,6.893378206189576e-06,0.0008325177882239518,6.893378206189576e-06,0.0008325177882239518,0.00846410921128513,0.0008394111664301413,False,False,1.0,1.4665622514436996,8.348990193527395e-09,0.22054051744456216,0.674552561891096,1.0,1.4159434711206538,2.8034671364307094e-07,0.2025173680744039,0.7003768990919245,0.19541215389468572,0.20177480759453012,0.007461990899986446,0.00821487246708315,True,AP3.4,130.0,8.3,7.498198192099515e+19,$(U_{0.8}Pu_{0.2})N$
D1_Kd3p2e5_fn5p1e-4_AP3p4,rizk2025_refit_plot,rizk2025_refit_full,1175.0,1.3,35000000000000.0,1.4890624558887288e+23,7.7150547025111185e+25,2.3457502149310144e+25,4.0978593046697186e+23,1.08065890024059e+19,1.6332660005162007,58.05129035011475,0.7478533047641411,0.8855495703205732,1.6334028750847145,0.07781255623112647,1.711215431315841,8331212790002.515,2.0828031975006285e+18,67.05960552192667,0.08647912342337868,369941993.08450115,33104877.112259787,11.174848703712598,1359329604.225041,1359239707.0032437,55459635.301282085,38242044.0029997,1.0000661378720281,1.4502267529667567,0.13943071044120972,72.24113092166395,21.964801925668336,5.654636442226495,5.654636442226495,0.0,6.038918399809765e+24,6.038918399809765e+24,0.0,1.0679587381981997e+26,1.0679587381981997e+26,1.0224943588919542,1.1149844758502162e+17,0.0053401402230136355,4.6070119094397626e-07,9.228935641653165e-07,9.228935641653165e-07,0.00948556931164212,0.00948556931164212,9.26255656553393e+20,1.546722203395678e-05,8.917432171060875e-19,4.870212253929045e-23,4.870212253929045e-22,1.1076769180051558e-20,1.7995675661038836e+19,35000000000000.0,35000000000000.0,0.0,0.008461521710240604,0.0008388615848803664,1.6119435706683412e-05,5.312459722649986e-06,1.6119435706683412e-05,5.312459722649986e-06,4.507384974412288e-29,7.367055357504079e+18,1.5814522002870974e+19,1.034680131553875,1.539658521838957e-21,-191662.95583670939,2.0015408632585068e+21,0.0,0.0,0.0,0.0,0.0,0.3333333333333333,0.3333333333333333,2.0,9.291784035179553e-25,1.5479505732971513e-20,0.0,8.91742287927684e-19,,0.0,0.0,0.0,0.0,0.0,9.291784035179553e-25,8.91742287927684e-19,0.017358703084062788,15.0,1.3376148256591313e-17,1.1076769180051557e-26,4.86910457701104e-23,,,1.1076769180051557e-26,4.86910457701104e-23,10.0,,9.536544540177922e-08,3.4095948968030423,33745364366516.086,7.055138993858651e-06,0.0008318064458865077,7.055138993858651e-06,0.0008318064458865077,0.008461521710240604,0.0008388615848803664,False,False,1.0,1.466945700815651,8.352783718289537e-09,0.22067334396851074,0.6743630185913851,1.0,1.4300247934776975,2.805910105210756e-07,0.20763091180880028,0.6930291784169447,0.19555644742154502,0.206889107237082,0.0074785330476414115,0.008855495703205733,True,AP3.4,130.0,8.3,7.498198192099515e+19,$(U_{0.8}Pu_{0.2})N$
D1_Kd3p2e5_fn5p1e-4_AP3p4,rizk2025_refit_plot,rizk2025_refit_full,1200.0,1.3,35000000000000.0,1.488214788701519e+23,7.711226258183675e+25,2.3499394347958893e+25,4.0924717550404034e+23,1.0777896824251763e+19,1.6352198043905946,59.492254475454864,0.7495536354652269,0.9506133563893947,1.7001669918546216,0.09820933259431905,1.7983763244489404,8093471169147.942,2.0233677922869857e+18,73.1733864243995,0.10002814059752704,213166509.71255088,30338899.270346552,7.026178102674321,1357691516.4928737,1357615651.4489737,51851020.70302278,37315782.02194239,1.000055881091102,1.3895198731875267,0.13935133778785797,72.20528267968129,22.00402834626903,5.651337636261834,5.651337636261834,0.0,6.035395411154185e+24,6.035395411154185e+24,0.0,1.0679587381981997e+26,1.0679587381981999e+26,1.0241757501226136,1.1137180780238274e+17,0.00533574398136768,4.5865892356773227e-07,9.793345940758552e-07,9.793345940758552e-07,0.010185226025703126,0.010185226025703126,9.930696495225336e+20,1.6433236137149687e-05,8.917448947096045e-19,6.498475563709372e-23,6.498475563709372e-22,3.503783313863259e-20,1.7995675661038836e+19,35000000000000.0,35000000000000.0,0.0,0.008459368099084012,0.0008383349389807376,1.6113920645998557e-05,5.296791132822066e-06,1.6113920645998557e-05,5.296791132822066e-06,4.7892350385630753e-29,7.54286474182499e+18,1.6821152662698992e+19,1.9481506749989408,1.908324084664593e-21,-220623.0213066467,2.0006651082599375e+21,0.0,0.0,0.0,0.0,0.0,0.3333333333333333,0.3333333333333333,2.0,2.6067819204802983e-24,1.6077228463606983e-20,0.0,8.91742287927684e-19,,0.0,0.0,0.0,0.0,0.0,2.6067819204802983e-24,8.91742287927684e-19,0.018028954871496642,15.0,1.3376173420644067e-17,3.503783313863259e-26,6.494971780395508e-23,,,3.503783313863259e-26,6.494971780395508e-23,10.0,,9.536544540177922e-08,3.4095948968030423,33717634594497.33,7.210454620246438e-06,0.0008311244843604912,7.210454620246438e-06,0.0008311244843604912,0.008459368099084012,0.0008383349389807376,False,False,1.0,1.4673414420414532,8.356448023154216e-09,0.22081037191652864,0.6741674921043059,1.0,1.4438565412888804,2.8083976012596745e-07,0.21257781968421252,0.6859363950344088,0.19570454195052867,0.21183674957278853,0.007495536354652269,0.009506133563893947,True,AP3.4,130.0,8.3,7.498198192099515e+19,$(U_{0.8}Pu_{0.2})N$
D1_Kd3p2e5_fn5p1e-4_AP3p4,rizk2025_refit_plot,rizk2025_refit_full,1225.0,1.3,35000000000000.0,1.4873708709054422e+23,7.707811520929928e+25,2.353702426283971e+25,4.0872693655394666e+23,1.0748938953507463e+19,1.6371807147380464,60.88760249488221,0.7512971305406765,1.0163442316836082,1.7676413622242846,0.13189549979370158,1.899536862017986,7751113042902.49,1.9377782607256223e+18,81.90350325821677,0.12001902386228722,126537349.99516077,27105067.691683676,4.6684019178444895,1356054920.4829097,1355989586.2535899,48767671.854963474,36460624.31488574,1.0000481819550697,1.3375435218494913,0.13927231621465558,72.17330824910067,22.039263710272234,5.6481557244124225,5.6481557244124225,0.0,6.031997260590429e+24,6.031997260590429e+24,0.0,1.0679587381981997e+26,1.0679587381981997e+26,1.025878436644387,1.112461383639412e+17,0.00533129850768178,4.5669531592795456e-07,1.0317109787374316e-06,1.0317109787374316e-06,0.010893233502190616,0.010893233502190616,1.0585582482801256e+21,1.7433535210205284e-05,8.917492996442252e-19,8.558853045768944e-23,8.558853045768945e-22,1.057421518979397e-19,1.7995675661038836e+19,35000000000000.0,35000000000000.0,0.0,0.008457632579866921,0.0008378332940854551,1.6108388938465994e-05,5.282307785314674e-06,1.6108388938465994e-05,5.282307785314674e-06,5.051422961136962e-29,7.717739926966111e+18,1.7749310009909506e+19,3.6624342927070055,2.527467471590795e-21,-261855.66839257925,1.999798728419061e+21,0.0,0.0,0.0,0.0,0.0,0.3333333333333333,0.3333333333333333,2.0,7.011716541319382e-24,1.5488742654515037e-20,0.0,8.91742287927684e-19,,0.0,0.0,0.0,0.0,0.0,7.011716541319382e-24,8.91742287927684e-19,0.017368942886408174,15.0,1.3376239494663377e-17,1.057421518979397e-25,8.54827883057915e-23,,,1.057421518979397e-25,8.54827883057915e-23,10.0,,9.536544540177922e-08,3.4095948968030423,33691083048484.824,7.359191101815456e-06,0.0008304741029836396,7.359191101815456e-06,0.0008304741029836396,0.008457632579866921,0.0008378332940854551,False,False,1.0,1.4677486139864249,8.359992488634222e-09,0.22095129800710825,0.6739664162945073,1.0,1.4574018265437363,2.810917116997244e-07,0.2173512435862288,0.679107140863776,0.19585616360634978,0.21661088440489548,0.007512971305406765,0.010163442316836082,True,AP3.4,130.0,8.3,7.498198192099515e+19,$(U_{0.8}Pu_{0.2})N$
D1_Kd3p2e5_fn5p1e-4_AP3p4,rizk2025_refit_plot,rizk2025_refit_full,1250.0,1.3,35000000000000.0,1.4865241802860359e+23,7.704771420972048e+25,2.3570789284004936e+25,4.0822303510162795e+23,1.0719828174794916e+19,1.6391489027588453,62.237028488063785,0.7530803896013333,1.0824877259052594,1.8355681155065928,0.18504938808000262,2.020617503586595,7297753292507.959,1.8244383231269896e+18,93.55061949730981,0.14742243360550913,77757983.33999072,23730468.188549407,3.27671509563857,1354418715.2050052,1354361398.3229508,46113901.40996835,35670083.45242199,1.000042320227175,1.292789277363948,0.13919303500376956,72.1448417938984,22.070880120117987,5.6450850509798505,5.6450850509798505,0.0,6.02871790806596e+24,6.02871790806596e+24,0.0,1.0679587381981997e+26,1.0679587381981997e+26,1.027595940296426,1.1112095864583163e+17,0.00532680303266447,4.5480604301648493e-07,1.0794804662465409e-06,1.0794804662465409e-06,0.011606931584418395,0.011606931584418395,1.122299384509042e+21,1.846670170408817e-05,8.917604161498658e-19,1.114133094756206e-22,1.114133094756206e-21,3.0533079764031823e-19,1.7995675661038836e+19,35000000000000.0,35000000000000.0,0.0,0.008456309660341494,0.0008373601365178545,1.6102840145650375e-05,5.268903803603114e-06,1.6102840145650375e-05,5.268903803603114e-06,5.291191885178076e-29,7.891961804386289e+18,1.858945660290895e+19,6.876372774989482,3.543671097098508e-21,-315523.9255493666,1.9989417463445853e+21,0.0,0.0,0.0,0.0,0.0,0.3333333333333333,0.3333333333333333,2.0,1.8128222181985484e-23,1.3964045536228772e-20,0.0,8.91742287927684e-19,,0.0,0.0,0.0,0.0,0.0,1.8128222181985484e-23,8.91742287927684e-19,0.015658965438853957,15.0,1.3376406242247988e-17,3.0533079764031822e-25,1.111079786779803e-22,,,3.0533079764031822e-25,1.111079786779803e-22,10.0,,9.536544540177922e-08,3.4095948968030423,33665696559743.016,7.501457271102106e-06,0.0008298586792467524,7.501457271102106e-06,0.0008298586792467524,0.008456309660341494,0.0008373601365178545,False,False,1.0,1.468166203607771,8.363431370781678e-09,0.22109576678638582,0.6737602993795596,1.0,1.4706424903461037,2.8134590929376325e-07,0.22195115241415242,0.6725401850666486,0.19601100084038886,0.22121147941201272,0.007530803896013333,0.010824877259052594,True,AP3.4,130.0,8.3,7.498198192099515e+19,$(U_{0.8}Pu_{0.2})N$
D1_Kd3p2e5_fn5p1e-4_AP3p4,rizk2025_refit_plot,rizk2025_refit_full,1275.0,1.3,35000000000000.0,1.4856617010400853e+23,7.702059629173355e+25,2.360115670601634e+25,4.0773192541520395e+23,1.069061931653164e+19,1.6411259172169477,63.5427677497502,0.7548993293225105,1.148920178549819,1.9038195078723297,0.2641771598975543,2.167996667769884,6749694436396.974,1.6874236090992435e+18,108.1145704898046,0.18210993113421942,49807250.78721458,20533772.552047923,2.4256259126746333,1352780959.9505274,1352729840.3554056,43810304.02397741,34937099.50978217,1.000037789951546,1.2539765647033976,0.13911227539994764,72.11944950389973,22.099315134435713,5.64212308626461,5.64212308626461,0.0,6.025554651966085e+24,6.025554651966085e+24,0.0,1.0679587381981997e+26,1.0679587381981997e+26,1.0293251295993358,1.109954668130977e+17,0.005322243810897418,4.52983211384134e-07,1.1221972283578055e-06,1.1221972283578055e-06,0.01232504977592238,0.01232504977592238,1.1839834833207487e+21,1.9533246375418342e-05,8.917874431930528e-19,1.435821826587309e-22,1.4358218265873088e-21,8.457331924393166e-19,1.7995675661038836e+19,35000000000000.0,35000000000000.0,0.0,0.008455421025011142,0.0008369229173004727,1.6097269949713762e-05,5.256462816387694e-06,1.6097269949713762e-05,5.256462816387694e-06,5.506270856613208e-29,8.065763958907985e+18,1.933391317704884e+19,12.82797000812299,5.170459601052119e-21,-379188.1289375057,1.9980963758688132e+21,0.0,0.0,0.0,0.0,0.0,0.3333333333333333,0.3333333333333333,2.0,4.5155265368944576e-23,1.1873807076397107e-20,0.0,8.91742287927684e-19,,0.0,0.0,0.0,0.0,0.0,4.5155265368944576e-23,8.91742287927684e-19,0.01331461568227832,15.0,1.3376811647895791e-17,8.457331924393166e-25,1.4273644946629156e-22,,,8.457331924393166e-25,1.4273644946629156e-22,10.0,,9.536544540177922e-08,3.4095948968030423,33641413594749.113,7.637679792384318e-06,0.0008292852375080884,7.637679792384318e-06,0.0008292852375080884,0.008455421025011142,0.0008369229173004727,False,False,1.0,1.4685929482901683,8.36678839295637e-09,0.22124333701560564,0.6735497718476421,1.0,1.4835860735479542,2.81601891957255e-07,0.2263862135384028,0.6662219076507752,0.19616868455150854,0.22564720182399328,0.007548993293225104,0.011489201785498192,True,AP3.4,130.0,8.3,7.498198192099515e+19,$(U_{0.8}Pu_{0.2})N$
D1_Kd3p2e5_fn5p1e-4_AP3p4,rizk2025_refit_plot,rizk2025_refit_full,1300.0,1.3,35000000000000.0,1.4847561338523578e+23,7.699616201941907e+25,2.362872290489416e+25,4.0724728829365756e+23,1.0661273942639923e+19,1.6431162205084004,64.81065988297989,0.7567486577142074,1.2157297433911423,1.9724784011053493,0.37368569620192443,2.346164097307274,6147716322728.137,1.5369290806820342e+18,125.20203682723451,0.2224424505273512,33518325.45967919,17731340.92908859,1.890343521887381,1351137525.681756,1351091281.4877481,41787827.61252923,34253624.388462685,1.0000342272906662,1.2199534606505529,0.1390274811887728,72.09657008783195,22.12512717931333,5.639275251665948,5.639275251665948,0.0,6.022513282121501e+24,6.022513282121501e+24,0.0,1.0679587381981997e+26,1.0679587381981997e+26,1.0310683764121638,1.1086813232064966e+17,0.005317580029465606,4.512127623897435e-07,1.1594445933647266e-06,1.1594445933647266e-06,0.013048597042760695,0.013048597042760695,1.2434303842345005e+21,2.063774166114658e-05,8.918508847779603e-19,1.836266039909085e-22,1.836266039909085e-21,2.2525702314749626e-18,1.7995675661038836e+19,35000000000000.0,35000000000000.0,0.0,0.00845505087021435,0.0008365384378097604,1.6091665841847396e-05,5.244850934849011e-06,1.6091665841847396e-05,5.244850934849011e-06,5.694551409740184e-29,8.239349309250434e+18,1.997555735208472e+19,23.51185636957482,7.689884677469007e-21,-448478.98952389543,1.997269360262198e+21,0.0,0.0,0.0,0.0,0.0,0.3333333333333333,0.3333333333333333,2.0,1.085968502764781e-22,9.588632660122313e-21,0.0,8.91742287927684e-19,,0.0,0.0,0.0,0.0,0.0,1.085968502764781e-22,8.91742287927684e-19,0.010751385488067937,15.0,1.3377763271669405e-17,2.2525702314749626e-24,1.8137403375943355e-22,,,2.2525702314749626e-24,1.8137403375943355e-22,10.0,,9.536544540177922e-08,3.4095948968030423,33618107736775.008,7.768752279214273e-06,0.0008287696855305461,7.768752279214273e-06,0.0008287696855305461,0.00845505087021435,0.0008365384378097604,False,False,1.0,1.469027121324045,8.370106448176062e-09,0.2213934077731715,0.6733356918204084,1.0,1.4962777461794114,2.818600138721988e-07,0.23067722012198408,0.6601215656153464,0.19632874319057966,0.2299388459588316,0.007567486577142074,0.012157297433911422,True,AP3.4,130.0,8.3,7.498198192099515e+19,$(U_{0.8}Pu_{0.2})N$
D1_Kd3p2e5_fn5p1e-4_AP3p4,rizk2025_refit_plot,rizk2025_refit_full,1325.0,1.3,35000000000000.0,1.4837500470104929e+23,7.697355747549057e+25,2.365432258826757e+25,4.0675723495879115e+23,1.06316073853992e+19,1.645130310389102,66.05177820902907,0.7586209077565351,1.2833380805473467,2.0419589883038816,0.5123640658507792,2.554323054154661,5548255502190.77,1.3870638755476923e+18,143.93107843332754,0.2653057572487215,23877089.378388368,15424048.955683742,1.5480428937299042,1349479498.1897168,1349437175.876318,39982644.22383183,33609995.97882943,1.0000313629371973,1.1896057425599356,0.13893327466132194,72.07540396678252,22.149097846397908,5.636564912158269,5.636564912158269,0.0,6.019618751360791e+24,6.019618751360791e+24,0.0,1.0679587381981997e+26,1.0679587381981999e+26,1.0328368108024637,1.1073586613510618e+17,0.005312715225079905,4.494702135105471e-07,1.190655639140814e-06,1.190655639140814e-06,0.013782203883175687,0.013782203883175687,1.3005731785625059e+21,2.1791577801069104e-05,8.9199495264152e-19,2.3390333353762864e-22,2.3390333353762863e-21,5.78187606487805e-18,1.7995675661038836e+19,35000000000000.0,35000000000000.0,0.0,0.008455419107715677,0.0008362439673622257,1.6085998366899503e-05,5.233906116048138e-06,1.6085998366899503e-05,5.233906116048138e-06,5.853212293089145e-29,8.412913417992546e+18,2.0504487262710776e+19,41.616046815241425,1.140154899275752e-20,-518775.3244201251,1.9964767182409255e+21,0.0,0.0,0.0,0.0,0.0,0.3333333333333333,0.3333333333333333,2.0,2.5266471383605937e-22,7.399034121893715e-21,0.0,8.91742287927684e-19,,0.0,0.0,0.0,0.0,0.0,2.5266471383605937e-22,8.91742287927684e-19,0.008294928239204153,15.0,1.3379924289622801e-17,5.78187606487805e-24,2.281214574727506e-22,,,5.78187606487805e-24,2.281214574727506e-22,10.0,,9.536544540177922e-08,3.4095948968030423,33595562289430.938,7.896294926684408e-06,0.0008283476724355413,7.896294926684408e-06,0.0008283476724355413,0.008455419107715677,0.0008362439673622257,False,False,1.0,1.4694661248039442,8.373466930489111e-09,0.22154507824906414,0.6731193449495855,1.0,1.5088184433892766,2.821219279518161e-07,0.23486234635152423,0.6541840217666597,0.19649052027608416,0.23412458851928297,0.007586209077565352,0.012833380805473468,True,AP3.4,130.0,8.3,7.498198192099515e+19,$(U_{0.8}Pu_{0.2})N$
D1_Kd3p2e5_fn5p1e-4_AP3p4,rizk2025_refit_plot,rizk2025_refit_full,1350.0,1.3,35000000000000.0,1.4825246715119632e+23,7.695147249263228e+25,2.3679211788025812e+25,4.062389748511066e+23,1.0601220965525707e+19,1.647190880811,67.28439334459385,0.7605048441540038,1.3526564856702294,2.1131613298242335,0.6705482130157876,2.783709542840021,5006825789230.945,1.2517064473077363e+18,162.9182308906399,0.3067488297509486,18105825.948928833,13626467.63265059,1.3287248344204174,1347788156.562012,1347749083.5227158,38332258.677554816,32994278.311024886,1.000028991330637,1.1617850318231167,0.13881853469481378,72.05472434493163,22.17240324094923,5.634053879424314,5.634053879424314,0.0,6.016937072010661e+24,6.016937072010661e+24,0.0,1.0679587381981997e+26,1.0679587381981995e+26,1.0346545313517044,1.1059238532501005e+17,0.0053074410829739935,4.4771444884769265e-07,1.2147131479016563e-06,1.2147131479016563e-06,0.014535854673783358,0.014535854673783358,1.3553404116474245e+21,2.3018821619078984e-05,8.92312044658399e-19,2.985052251919346e-22,2.985052251919346e-21,1.4331663655150738e-17,1.7995675661038836e+19,35000000000000.0,35000000000000.0,0.0,0.00845702928399609,0.0008361195688057616,1.6080203859617655e-05,5.2234268925954535e-06,1.6080203859617655e-05,5.2234268925954535e-06,5.976753693767061e-29,8.586676039676742e+18,2.0900735367212155e+19,69.61788246325638,1.6470752488008236e-20,-586424.7818281035,1.9957530760890339e+21,0.0,0.0,0.0,0.0,0.0,0.3333333333333333,0.3333333333333333,2.0,5.697567307150379e-22,5.485421362683377e-21,0.0,8.91742287927684e-19,,0.0,0.0,0.0,0.0,0.0,5.697567307150379e-22,8.91742287927684e-19,0.006147424990529343,15.0,1.3384680669875986e-17,1.433166365515074e-23,2.8417356153678383e-22,,,1.433166365515074e-23,2.8417356153678383e-22,10.0,,9.536544540177922e-08,3.4095948968030423,33573441100551.984,8.023054216306049e-06,0.0008280965145894555,8.023054216306049e-06,0.0008280965145894555,0.00845702928399609,0.0008361195688057616,False,False,1.0,1.4699057752326643,8.377026702085588e-09,0.2216969018421429,0.6729027949806535,1.0,1.521387186549735,2.823912123968205e-07,0.23900339660217787,0.6483211556268387,0.19665303870634526,0.23826623724718557,0.007605048441540038,0.013526564856702296,True,AP3.4,130.0,8.3,7.498198192099515e+19,$(U_{0.8}Pu_{0.2})N$
D1_Kd3p2e5_fn5p1e-4_AP3p4,rizk2025_refit_plot,rizk2025_refit_full,1375.0,1.3,35000000000000.0,1.4808404341937482e+23,7.692782294702887e+25,2.3705347579554918e+25,4.056490170375271e+23,1.0569450239013861e+19,1.6493446188572876,68.53497144136593,0.7623831005018586,1.4252062432762227,2.187589343778081,0.831059162116783,3.0186485058948644,4561637766044.503,1.1404094415111256e+18,180.51677161177955,0.3431128430625946,14639821.021520771,12298026.273006618,1.1904203728735108,1346025453.0492792,1345989173.2863438,36775070.95777335,32392221.858577527,1.0000269539782751,1.135305602632974,0.13866082847846156,72.03257972009031,22.19687590135669,5.631883550074553,5.631883550074553,0.0,6.014619249816817e+24,6.014619249816817e+24,0.0,1.0679587381981997e+26,1.0679587381981999e+26,1.0365619485699769,1.1042509185352043e+17,0.005301330372929867,4.458804982589064e-07,1.2291599240760434e-06,1.2291599240760434e-06,0.015326251138401501,0.015326251138401501,1.4072752169508956e+21,2.4362586628441826e-05,8.92989650482899e-19,3.8518830087201347e-22,3.8518830087201345e-21,3.437073971002977e-17,1.7995675661038836e+19,35000000000000.0,35000000000000.0,0.0,0.00846095922695515,0.0008363317359255169,1.607415142192246e-05,5.213171609543666e-06,1.607415142192246e-05,5.213171609543666e-06,6.053095333389555e-29,8.76092522577543e+18,2.112011721563863e+19,107.77031650688883,2.2697557981303518e-20,-648559.8835516933,1.995169461140986e+21,0.0,0.0,0.0,0.0,0.0,0.3333333333333333,0.3333333333333333,2.0,1.2473625552150166e-21,3.926123922383819e-21,0.0,8.91742287927684e-19,,0.0,0.0,0.0,0.0,0.0,1.2473625552150166e-21,8.91742287927684e-19,0.004396606299144343,15.0,1.3394844757243484e-17,3.437073971002977e-23,3.508175611619837e-22,,,3.437073971002977e-23,3.508175611619837e-22,10.0,,9.536544540177922e-08,3.4095948968030423,33551279445888.652,8.15341695524684e-06,0.0008281783189702701,8.15341695524684e-06,0.0008281783189702701,0.00846095922695515,0.0008363317359255169,False,False,1.0,1.4703391305077693,8.381086302827548e-09,0.2218464826581462,0.6726894589359601,1.0,1.534254466613907,2.8267387113290745e-07,0.24318865166057219,0.6424081985227106,0.19681480018103828,0.24245207503141478,0.007623831005018586,0.014252062432762226,True,AP3.4,130.0,8.3,7.498198192099515e+19,$(U_{0.8}Pu_{0.2})N$
D1_Kd3p2e5_fn5p1e-4_AP3p4,rizk2025_refit_plot,rizk2025_refit_full,1400.0,1.3,35000000000000.0,1.4782275032787575e+23,7.689928486636391e+25,2.3735779387898137e+25,4.0490575664220386e+23,1.0535429395229643e+19,1.6516841209432134,69.8345291967441,0.7642290484606483,1.502974039157385,2.267203087618033,0.9757168720115913,3.2429199596296248,4224853477214.628,1.0562133693036568e+18,195.36701015119058,0.37221611785708403,12570270.841635518,11363228.614093993,1.1062235275319914,1344116455.3915393,1344082668.0178068,35258522.86784872,31789431.754392114,1.000025137868776,1.109127182274257,0.1384161625731665,72.00585763838038,22.225371204831205,5.630354994215265,5.630354994215265,0.0,6.012986815230066e+24,6.012986815230066e+24,0.0,1.0679587381981997e+26,1.0679587381981999e+26,1.0386122173734438,1.1020931594433254e+17,0.005293539513645252,4.438753790051065e-07,1.2288932067215765e-06,1.2288932067215765e-06,0.016175300017714413,0.016175300017714413,1.4545858874035072e+21,2.589208627423667e-05,8.943977631537627e-19,5.093242848331348e-22,5.093242848331348e-21,7.989389038480301e-17,1.7995675661038836e+19,35000000000000.0,35000000000000.0,0.0,0.008469414757844481,0.0008372163808353635,1.606758165594422e-05,5.2028952932415886e-06,1.606758165594422e-05,5.2028952932415886e-06,6.057086095525864e-29,8.936084514637359e+18,2.107125866044867e+19,152.4550620949567,2.942358886787141e-20,-702559.9758815962,1.994866217586392e+21,0.0,0.0,0.0,0.0,0.0,0.3333333333333333,0.3333333333333333,2.0,2.6554752260788454e-21,2.7246350804779008e-21,0.0,8.91742287927684e-19,,0.0,0.0,0.0,0.0,0.0,2.6554752260788454e-21,8.91742287927684e-19,0.0030463348553897134,15.0,1.3415966447306441e-17,7.989389038480301e-23,4.2943039444833175e-22,,,7.989389038480301e-23,4.2943039444833175e-22,10.0,,9.536544540177922e-08,3.4095948968030423,33528558329864.43,8.293878493308794e-06,0.0008289225023420546,8.293878493308794e-06,0.0008289225023420546,0.008469414757844481,0.0008372163808353635,False,False,1.0,1.470754667532731,8.386211995775833e-09,0.221989848991122,0.6724850001241475,1.0,1.5477480043033527,2.829778131416175e-07,0.24752010553655618,0.6363021501674017,0.19697352049126837,0.24678409119271205,0.007642290484606483,0.01502974039157385,True,AP3.4,130.0,8.3,7.498198192099515e+19,$(U_{0.8}Pu_{0.2})N$
D1_Kd3p2e5_fn5p1e-4_AP3p4,rizk2025_refit_plot,rizk2025_refit_full,1425.0,1.3,35000000000000.0,1.4737924892939983e+23,7.6860598143426496e+25,2.3775205329188183e+25,4.038592440696736e+23,1.0498466156383017e+19,1.6543873809401533,71.20407010456334,0.7660026352254905,1.5875555082706816,2.3535581434961723,1.0940004109578727,3.4475585544540452,3984378215896.914,9.960945539742285e+17,206.96622828239077,0.39394953345587264,11342988.195231665,10726387.674084526,1.0574844523508018,1341917962.554572,1341886444.2367914,33761868.068701446,31177993.00994908,1.0000234880663086,1.0828749643355118,0.13800088304727004,71.96963271549367,22.26228830647557,5.630078094983506,5.630078094983506,0.0,6.012691098275908e+24,6.012691098275908e+24,0.0,1.0679587381981997e+26,1.0679587381981999e+26,1.0408488114066203,1.0989812576470101e+17,0.005282457030926453,4.4158441298512857e-07,1.2048687092264263e-06,1.2048687092264263e-06,0.017100786098491597,0.017100786098491597,1.4923427398738056e+21,2.7699795230151237e-05,8.972475473141361e-19,7.0177067448840995e-22,7.0177067448841e-21,1.8029544796246132e-16,1.7995675661038836e+19,35000000000000.0,35000000000000.0,0.0,0.008486743562885738,0.0008394316933197073,1.6059996489554097e-05,5.1924627439687e-06,1.6059996489554097e-05,5.1924627439687e-06,5.943974608728195e-29,9.112840882171167e+18,2.0593729176274297e+19,197.811254710784,3.585682237792715e-20,-747081.3346913563,1.9951121015606901e+21,0.0,0.0,0.0,0.0,0.0,0.3333333333333333,0.3333333333333333,2.0,5.505259386452124e-21,1.84039229582399e-21,0.0,8.91742287927684e-19,,0.0,0.0,0.0,0.0,0.0,5.505259386452124e-21,8.91742287927684e-19,0.0020511533314670053,15.0,1.3458713209712042e-17,1.8029544796246133e-22,5.214752265259486e-22,,,1.8029544796246133e-22,5.214752265259486e-22,10.0,,9.536544540177922e-08,3.4095948968030423,33504962656455.93,8.45323974829634e-06,0.0008309784535714109,8.45323974829634e-06,0.0008309784535714109,0.008486743562885738,0.0008394316933197073,False,False,1.0,1.4711334225660981,8.393450231260301e-09,0.22212047031115137,0.6722987292552303,1.0,1.5621020644294978,2.833095377186478e-07,0.25206470752811116,0.6299106080709767,0.197125778389248,0.2513292140097366,0.007660026352254905,0.015875555082706817,True,AP3.4,130.0,8.3,7.498198192099515e+19,$(U_{0.8}Pu_{0.2})N$
D1_Kd3p2e5_fn5p1e-4_AP3p4,rizk2025_refit_plot,rizk2025_refit_full,1450.0,1.3,35000000000000.0,1.4658959551878892e+23,7.680325218133565e+25,2.3831041627379377e+25,4.022391297058383e+23,1.0458831776052982e+19,1.6577866611995742,72.62779281636645,0.7676422123493114,1.6783414674907355,2.445983679840047,1.186552498155872,3.632536177995919,3814198283327.4326,9.53549570831858e+17,215.76205659825717,0.4098589994689805,10605416.812100556,10289112.15901866,1.0307416857930396,1339164401.448854,1339134915.2210023,32327594.656931337,30566810.77467261,1.0000220188627125,1.0576044355833714,0.1372614786280102,71.91593591987815,22.31457150450005,5.632231096993806,5.632231096993806,0.0,6.014990415586167e+24,6.014990415586167e+24,0.0,1.0679587381981997e+26,1.0679587381981999e+26,1.043257272035618,1.0940528825117957e+17,0.0052651031733660794,4.3888635269977133e-07,1.1458338433009292e-06,1.1458338433009292e-06,0.01809640209226707,0.01809640209226707,1.5106374154004597e+21,2.9877444557457082e-05,9.028722799084174e-19,1.0241072151243713e-21,1.0241072151243713e-20,3.956100289530877e-16,1.7995675661038836e+19,35000000000000.0,35000000000000.0,0.0,0.008521191809163452,0.0008442283784720636,1.6050467633312197e-05,5.182025656041703e-06,1.6050467633312197e-05,5.182025656041703e-06,5.657764146068573e-29,9.292461551252679e+18,1.949118723690219e+19,240.2737734115995,4.164482987374948e-20,-784294.5416171141,1.9964071463162604e+21,0.0,0.0,0.0,0.0,0.0,0.3333333333333333,0.3333333333333333,2.0,1.1129991980733449e-20,1.2141082623128306e-21,0.0,8.91742287927684e-19,,0.0,0.0,0.0,0.0,0.0,1.1129991980733449e-20,8.91742287927684e-19,0.0013447176187931956,15.0,1.354308419862626e-17,3.9561002895308766e-22,6.284971861712836e-22,,,3.9561002895308766e-22,6.284971861712836e-22,10.0,,9.536544540177922e-08,3.4095948968030423,33480823090070.98,8.643079290982426e-06,0.0008355852991810812,8.643079290982426e-06,0.0008355852991810812,0.008521191809163452,0.0008442283784720636,False,False,1.0,1.4714437800786175,8.404705145607712e-09,0.22222746451326206,0.6721461600070536,1.0,1.5771683406938135,2.836669805831694e-07,0.2567665790582457,0.6233143230806966,0.19726632298517793,0.25603152420886366,0.007676422123493114,0.016783414674907356,True,AP3.4,130.0,8.3,7.498198192099515e+19,$(U_{0.8}Pu_{0.2})N$
D1_Kd3p2e5_fn5p1e-4_AP3p4,rizk2025_refit_plot,rizk2025_refit_full,1475.0,1.3,35000000000000.0,1.4516609303824647e+23,7.6712396431926685e+25,2.3916120224066256e+25,3.995666816332457e+23,1.0418325592491026e+19,1.6624836957347318,74.03913074790529,0.7690420032136348,1.7712116865608851,2.54025368977452,1.2613497042640092,3.801603394038529,3686636748218.9814,9.216591870547455e+17,222.71470689541383,0.42209402433925725,10134134.222778885,9967909.308488125,1.016676005885127,1335379205.8650072,1335351441.758877,31062817.058720082,29984144.56753746,1.0000207916098054,1.0359747628868643,0.1359285596400125,71.83086170665315,22.394236189701672,5.638973544005167,5.638973544005167,0.0,6.022191070788789e+24,6.022191070788789e+24,0.0,1.0679587381981997e+26,1.0679587381981997e+26,1.0457294178465029,1.085791719746016e+17,0.005236165315428061,4.356310275476822e-07,1.050037684430261e-06,1.050037684430261e-06,0.019117140049934655,0.019117140049934655,1.4969718827097682e+21,3.2464598843635385e-05,9.13713227338383e-19,1.597360137614791e-21,1.597360137614791e-20,8.452417180343286e-16,1.7995675661038836e+19,35000000000000.0,35000000000000.0,0.0,0.008587750199940434,0.0008539059278254562,1.603731802105613e-05,5.172067226921244e-06,1.603731802105613e-05,5.172067226921244e-06,5.189038582671185e-29,9.477582086472104e+18,1.7740203101230203e+19,281.3312838278703,4.713160738257795e-20,-820654.0965875818,1.9996547765256417e+21,0.0,0.0,0.0,0.0,0.0,0.3333333333333333,0.3333333333333333,2.0,2.1970939410699096e-20,7.846520651543905e-22,0.0,8.91742287927684e-19,,0.0,0.0,0.0,0.0,0.0,2.1970939410699096e-20,8.91742287927684e-19,0.0008587509096700466,15.0,1.3705698410075745e-17,8.452417180343286e-22,7.521184195804623e-22,,,8.452417180343286e-22,7.521184195804623e-22,10.0,,9.536544540177922e-08,3.4095948968030423,33457295821370.86,8.881831340326078e-06,0.0008450240964851301,8.881831340326078e-06,0.0008450240964851301,0.008587750199940434,0.0008539059278254562,False,False,1.0,1.471630389563078,8.423403092179733e-09,0.2222917803632545,0.6720544519728875,1.0,1.5922472040731515,2.8403416921946456e-07,0.261404182820481,0.616824880266073,0.1973861548203373,0.2606694624516241,0.007690420032136348,0.017712116865608852,True,AP3.4,130.0,8.3,7.498198192099515e+19,$(U_{0.8}Pu_{0.2})N$
D1_Kd3p2e5_fn5p1e-4_AP3p4,rizk2025_refit_plot,rizk2025_refit_full,1500.0,1.3,35000000000000.0,1.4263400312535505e+23,7.656042523492971e+25,2.405453232979619e+25,3.9502168235419305e+23,1.037891128070592e+19,1.6695285390508385,75.37378048836298,0.7700006389205167,1.8616640164884184,2.631664655408935,1.3282123096631424,3.9598769650720773,3579351560919.534,8.948378902298834e+17,228.82399167627003,0.43260201120140235,9793445.626473822,9701779.886528494,1.009448342573986,1329743111.0572894,1329716712.277417,30060514.25874529,29453212.84956309,1.0000198529353121,1.020619190588276,0.13355759733376887,71.68856108064455,22.523840546854508,5.654040775167193,5.654040775167193,0.0,6.038282251968727e+24,6.038282251968727e+24,0.0,1.0679587381981997e+26,1.0679587381981999e+26,1.048145338847582,1.0716817712229318e+17,0.005186623895934979,4.314854434936304e-07,9.456506722085024e-07,9.456506722085024e-07,0.02011381432786405,0.02011381432786405,1.4487447982874936e+21,3.5398575297948686e-05,9.341414501778096e-19,2.65480851490482e-21,2.6548085149048203e-20,1.7607759639859707e-15,1.7995675661038836e+19,35000000000000.0,35000000000000.0,0.0,0.008712530323493263,0.0008725605410143216,1.6017632969037203e-05,5.162986134950163e-06,1.6017632969037203e-05,5.162986134950163e-06,4.6764525607475135e-29,9.673635008648565e+18,1.5845837275489448e+19,326.8250265115337,5.319087359034791e-20,-865354.9988209263,2.0064293919767973e+21,0.0,0.0,0.0,0.0,0.0,0.3333333333333333,0.3333333333333333,2.0,4.239916225012569e-20,4.981451519947624e-22,0.0,8.91742287927684e-19,,0.0,0.0,0.0,0.0,0.0,4.239916225012569e-20,8.91742287927684e-19,0.0005332652264814314,15.0,1.4012121752667144e-17,1.7607759639859707e-21,8.940325509188496e-22,,,1.7607759639859707e-21,8.940325509188496e-22,10.0,,9.536544540177922e-08,3.4095948968030423,33435424492268.344,9.20867976504854e-06,0.0008633518612492731,9.20867976504854e-06,0.0008633518612492731,0.008712530323493263,0.0008725605410143216,False,False,1.0,1.4715927349381108,8.45558817773094e-09,0.22227880353497725,0.6720729554230567,1.0,1.606636545050457,2.8439329570961997e-07,0.26576768948302465,0.610734379258088,0.19746813683871473,0.26503329433288125,0.007700006389205167,0.018616640164884183,True,AP3.4,130.0,8.3,7.498198192099515e+19,$(U_{0.8}Pu_{0.2})N$
D1_Kd3p2e5_fn5p1e-4_AP3p4,rizk2025_refit_plot,rizk2025_refit_full,1525.0,1.3,35000000000000.0,1.382794348789215e+23,7.62981165494458e+25,2.4289739951362355e+25,3.873001035763369e+23,1.0339337906659717e+19,1.680658198663599,76.6792893438367,0.7701484004063129,1.9526103005385875,2.7227587009449006,1.3964787096291076,4.119237410574008,3475783178802.9287,8.68945794700732e+17,234.96746050861782,0.44294437040878254,9502494.145457618,9448116.75282407,1.0057553684036868,1320936398.740958,1320911058.3968039,29288360.559316497,28951755.017516192,1.0000191839897115,1.01162642961011,0.12948012871004627,71.44294420791174,22.744080911162023,5.683494752216214,5.683494752216214,0.0,6.069737884132918e+24,6.069737884132918e+24,0.0,1.0679587381981997e+26,1.0679587381981999e+26,1.0505824617875879,1.0478735319772592e+17,0.00510229322532506,4.25677657390013e-07,8.809351136066453e-07,8.809351136066453e-07,0.02112025182875274,0.02112025182875274,1.3856120529954173e+21,3.852633093034646e-05,9.718187700081108e-19,4.636776157857156e-21,4.636776157857156e-20,3.580777516173852e-15,1.7995675661038836e+19,35000000000000.0,35000000000000.0,0.0,0.008939374382197532,0.000907317402533074,1.5986625711654062e-05,5.15440356735169e-06,1.5986625711654062e-05,5.15440356735169e-06,4.3588850259009033e-29,9.890176964225681e+18,1.4656828975714435e+19,385.39729794073287,6.097440304215135e-20,-927404.2136874504,2.0193341061881565e+21,0.0,0.0,0.0,0.0,0.0,0.3333333333333333,0.3333333333333333,2.0,8.007648208042697e-20,3.1142582676000646e-22,0.0,8.91742287927684e-19,,0.0,0.0,0.0,0.0,0.0,8.007648208042697e-20,8.91742287927684e-19,0.00032045669045619205,15.0,1.4577281550121664e-17,3.5807775161738524e-21,1.0559986416833037e-21,,,3.5807775161738524e-21,1.0559986416833037e-21,10.0,,9.536544540177922e-08,3.4095948968030423,33414391657416.99,9.708426752720958e-06,0.000897608975780353,9.708426752720958e-06,0.000897608975780353,0.008939374382197532,0.000907317402533074,False,False,1.0,1.471156565985141,8.511415639006284e-09,0.2221284500964684,0.672287350152498,1.0,1.6208322138186064,2.847556913316484e-07,0.2700145372251159,0.6048212838934831,0.19748076726939678,0.26928067793301025,0.00770148400406313,0.019526103005385875,True,AP3.4,130.0,8.3,7.498198192099515e+19,$(U_{0.8}Pu_{0.2})N$
D1_Kd3p2e5_fn5p1e-4_AP3p4,rizk2025_refit_plot,rizk2025_refit_full,1550.0,1.3,35000000000000.0,1.3118568448950721e+23,7.584807231104041e+25,2.469035166009734e+25,3.7458982184838235e+23,1.0293988521540164e+19,1.6985333231417998,78.1372608418505,0.7688945753878629,2.0570594201723247,2.8259539955601873,1.4755776026194032,4.301531598179591,3362653743325.2363,8.40663435831309e+17,241.97684548472063,0.4544758749104095,9209836.061347114,9174431.526921364,1.0038590439442334,1307034426.9931781,1307009977.2276685,28604235.907394484,28411541.127520084,1.0000187066402977,1.0067822712963554,0.12283778370579782,71.02153819070486,23.119199999948986,5.736424025640353,5.736424025640353,0.0,6.126264164192709e+24,6.126264164192709e+24,0.0,1.0679587381981997e+26,1.0679587381981997e+26,1.0533913463215672,1.009201696544869e+17,0.0049634412101283295,4.16933872214095e-07,8.698024629892409e-07,8.698024629892409e-07,0.02228446236776429,0.02228446236776429,1.3336864730649057e+21,4.170073133165673e-05,1.039906973829712e-18,8.356987325282236e-21,8.356987325282236e-20,7.11715258415843e-15,1.7995675661038836e+19,35000000000000.0,35000000000000.0,0.0,0.00933921658184223,0.0009703740879986623,1.5937061891630652e-05,5.145151686605917e-06,1.5937061891630652e-05,5.145151686605917e-06,4.305895372716706e-29,1.0141320888718758e+19,1.440430830671252e+19,467.5509505850755,7.170208750382277e-20,-1011115.8513475452,2.0423613811716438e+21,0.0,0.0,0.0,0.0,0.0,0.3333333333333333,0.3333333333333333,2.0,1.4816468590202815e-19,1.921420918257287e-22,0.0,8.91742287927684e-19,,0.0,0.0,0.0,0.0,0.0,1.4816468590202815e-19,8.91742287927684e-19,0.0001847685385915996,15.0,1.559860460744568e-17,7.11715258415843e-21,1.239834741123807e-21,,,7.11715258415843e-21,1.239834741123807e-21,10.0,,9.536544540177922e-08,3.4095948968030423,33391328564648.848,1.0539193053960154e-05,0.0009598348949447021,1.0539193053960154e-05,0.0009598348949447021,0.00933921658184223,0.0009703740879986623,False,False,1.0,1.4700543049231265,8.606620995719326e-09,0.2217481773899527,0.6728296627858867,1.0,1.636825577265395,2.851732396225198e-07,0.2747319401319138,0.5982701488918506,0.19737354082732006,0.27399897970442194,0.007688945753878629,0.020570594201723247,True,AP3.4,130.0,8.3,7.498198192099515e+19,$(U_{0.8}Pu_{0.2})N$
D1_Kd3p2e5_fn5p1e-4_AP3p4,rizk2025_refit_plot,rizk2025_refit_full,1575.0,1.3,35000000000000.0,1.2049761985989178e+23,7.510364312213129e+25,2.5350881240101767e+25,3.548669968159034e+23,1.0234960757955953e+19,1.7268200373701457,79.97954823632078,0.7654123382739307,2.193368647403995,2.9587809856779255,1.576509559761193,4.535290545439119,3227968441541.1885,8.069921103852972e+17,250.7665578574331,0.4685431365754013,8878375.772547118,8852855.09745731,1.002882762093004,1285623662.5705612,1285600092.630927,27871196.33812551,27757096.01960268,1.0000183338036215,1.0041106720401245,0.11282984590133943,70.32448018435802,23.737697284889823,5.824992684850817,5.824992684850817,0.0,6.220851837727021e+24,6.220851837727021e+24,0.0,1.0679587381981997e+26,1.0679587381981997e+26,1.0570732144102777,9.502731806957979e+16,0.004747692531883211,4.037417530424031e-07,8.936400162505544e-07,8.936400162505544e-07,0.023817187538268347,0.023817187538268347,1.3007060218017323e+21,4.4897986078276366e-05,1.160586458076125e-18,1.528831509275627e-20,1.528831509275627e-19,1.384090397445483e-14,1.7995675661038836e+19,35000000000000.0,35000000000000.0,0.0,0.010020537897653276,0.0010822780456686684,1.5859227614936683e-05,5.133934658534625e-06,1.5859227614936683e-05,5.133934658534625e-06,4.425985534562393e-29,1.0446432119777794e+19,1.4742158395097637e+19,585.7565386827958,8.653219480907741e-20,-1111689.7302959862,2.0810441639473908e+21,0.0,0.0,0.0,0.0,0.0,0.3333333333333333,0.3333333333333333,2.0,2.6884417014844093e-19,1.172220809834482e-22,0.0,8.91742287927684e-19,,0.0,0.0,0.0,0.0,0.0,2.6884417014844093e-19,8.91742287927684e-19,0.00010100245455023169,15.0,1.7408796871141875e-17,1.384090397445483e-20,1.4474111183014373e-21,,,1.384090397445483e-20,1.4474111183014373e-21,10.0,,9.536544540177922e-08,3.4095948968030423,33362840975539.348,1.1969804813509666e-05,0.0010703082408551588,1.1969804813509666e-05,0.0010703082408551588,0.010020537897653276,0.0010822780456686684,False,False,1.0,1.4679286236606857,8.763212452987485e-09,0.2210135817432731,0.6738775529651262,1.0,1.6572437408208678,2.857204047196426e-07,0.28065373631131524,0.5900724545588211,0.19707512902069735,0.27992211470651573,0.007654123382739308,0.021933686474039947,True,AP3.4,130.0,8.3,7.498198192099515e+19,$(U_{0.8}Pu_{0.2})N$
D1_Kd3p2e5_fn5p1e-4_AP3p4,rizk2025_refit_plot,rizk2025_refit_full,1600.0,1.3,35000000000000.0,1.059847610558947e+23,7.393707804727535e+25,2.6384749645664873e+25,3.267034825318686e+23,1.0153023938624289e+19,1.7698551522800414,82.44352089795282,0.758674603958129,2.383162255645754,3.1418368596038833,1.7128475399341183,4.854684399538002,3061243260580.7305,7.653108151451826e+17,262.3941396751525,0.4865048426609328,8480816.78406869,8460554.80792517,1.0023948755848187,1254362540.015845,1254339936.8813052,26997611.86878593,26927525.363064956,1.0000180199432986,1.0026027830175999,0.09924050177697527,69.23214858658102,24.705776264520996,5.962834647121004,5.962834647121004,0.0,6.368061365823854e+24,6.368061365823854e+24,0.0,1.0679587381981997e+26,1.0679587381981997e+26,1.0622306335486418,8.681685426127835e+16,0.004438492582060835,3.848156266337497e-07,9.436906325895435e-07,9.436906325895435e-07,0.025971625198457474,0.025971625198457474,1.2813885974094013e+21,4.8255906904582876e-05,1.3705602340796549e-18,2.804370316124471e-20,2.804370316124471e-19,2.6363059898109156e-14,1.7995675661038836e+19,35000000000000.0,35000000000000.0,0.0,0.011136314867923434,0.001277002938676535,1.574222834429823e-05,5.119701819122558e-06,1.574222834429823e-05,5.119701819122558e-06,4.676282787521494e-29,1.0829845630716948e+19,1.5491814790281312e+19,757.8466901073693,1.0682039426314536e-19,-1216590.3611174165,2.1420167099886432e+21,0.0,0.0,0.0,0.0,0.0,0.3333333333333333,0.3333333333333333,2.0,4.788179461519709e-19,7.08396822782879e-23,0.0,8.91742287927684e-19,,0.0,0.0,0.0,0.0,0.0,4.788179461519709e-19,8.91742287927684e-19,5.1686661057882994e-05,15.0,2.0558403511194824e-17,2.6363059898109155e-20,1.680643263135559e-21,,,2.6363059898109155e-20,1.680643263135559e-21,10.0,,9.536544540177922e-08,3.4095948968030423,33325913421906.2,1.4453091478108815e-05,0.0012625498471984262,1.4453091478108815e-05,0.0012625498471984262,0.011136314867923434,0.001277002938676535,False,False,1.0,1.4643749077708446,9.008133109195656e-09,0.21978179191204134,0.6756354859324312,1.0,1.6849099646879102,2.864869353698266e-07,0.28850345151531737,0.5792515057107579,0.19649515612057375,0.28777376843771846,0.00758674603958129,0.02383162255645754,True,AP3.4,130.0,8.3,7.498198192099515e+19,$(U_{0.8}Pu_{0.2})N$
D1_Kd3p2e5_fn5p1e-4_AP3p4,rizk2025_refit_plot,rizk2025_refit_full,1625.0,1.3,35000000000000.0,8.860156829589566e+22,7.222353729981108e+25,2.7903802372903755e+25,2.9040242277750187e+23,1.0037818237334946e+19,1.8317201104869265,85.7496628658169,0.747594650884578,2.6510944488055084,3.3986890996900865,1.841189585942587,5.239878685632673,2875985878101.895,7.189964695254738e+17,274.4423288824178,0.5,8092835.672608782,8089131.181185748,1.0004579591231813,1211997124.291856,1211975556.3582566,25934541.744977858,25889314.61426162,1.0000177956836558,1.0017469419870746,0.08296347520446275,67.62764769513717,26.12816523228369,6.161223597374661,6.033820221043059,0.12740337633160229,6.579932578809216e+24,6.443871029779928e+24,1.3606154902928836e+23,1.0679587381981997e+26,1.0665981227079066e+26,1.069573193595366,7.656555808457902e+16,0.004037306594848326,3.5973767945347467e-07,1.0264339817657997e-06,1.0264339817657997e-06,0.02904667141906185,0.02904667141906185,1.2708182291195345e+21,5.2009119873359045e-05,1.7295170995263346e-18,5.117002764222704e-20,5.117002764222704e-19,4.922854290289942e-14,1.7995675661038836e+19,35000000000000.0,35000000000000.0,0.0,0.012881720792001807,0.0016097059946588547,1.5577053226581488e-05,5.1018668480894656e-06,1.5577053226581488e-05,5.1018668480894656e-06,5.089535785794535e-29,1.131692989676137e+19,1.6726693873924743e+19,319.6533041227774,4.2961429099135497e-20,-710997.2110123733,2.2316949603612203e+21,2.755678827739806e+21,0.0,0.0,0.0,0.0,0.3333333333333333,0.3333333333333333,2.0,8.377748115986507e-19,4.247233928863714e-23,0.0,8.91742287927684e-19,,0.0,0.0,0.0,0.0,0.0,8.377748115986507e-19,8.91742287927684e-19,2.455733990734703e-05,15.0,2.594275649289502e-17,4.922854290289942e-20,1.941484739327618e-21,,,4.922854290289942e-20,1.941484739327618e-21,10.0,,9.536544540177922e-08,3.4095948968030423,33278535895972.145,1.8752751354135453e-05,0.0015909532433047192,1.8752751354135453e-05,0.0015909532433047192,0.012881720792001807,0.0016097059946588547,False,False,1.0,1.4590361773548737,9.368869433386163e-09,0.21792253384866156,0.6782907949370394,1.0,1.7226581126440201,2.87578760243944e-07,0.2989045283888002,0.5649958581180958,0.19553389965449292,0.29817763566502237,0.00747594650884578,0.026510944488055084,True,AP3.4,130.0,8.3,7.498198192099515e+19,$(U_{0.8}Pu_{0.2})N$
D1_Kd3p2e5_fn5p1e-4_AP3p4,rizk2025_refit_plot,rizk2025_refit_full,1650.0,1.3,35000000000000.0,7.038722270948888e+22,6.987461736155501e+25,2.9989842093488094e+25,2.485589866652949e+23,9.8787553988488e+18,1.9150574754026597,90.06443103599226,0.7312460230039886,3.0230878719696834,3.7543338949736724,1.8958728684293273,5.650206763403,2712472512278.1143,6.781181280695286e+17,282.59325886332635,0.5000000000000002,7858965.166894732,7855813.719440783,1.0004011611739405,1159254757.7721515,1159234137.1024508,24680160.923194814,24649020.42308829,1.0000177881836296,1.0012633564974192,0.06590818558050499,65.42819948216685,28.08146140934741,6.42443092290527,5.949780596615744,0.47465032628952497,6.861027142067407e+24,6.354120178517882e+24,5.0690696354952484e+23,1.0679587381981997e+26,1.0628896685627048e+26,1.0798891042567174,6.5181450334389176e+16,0.003570080899337504,3.2941083929848987e-07,1.1613348506789604e-06,1.1613348506789604e-06,0.033376145139157376,0.033376145139157376,1.2684860193049343e+21,5.63935695793088e-05,2.332934307037629e-18,9.243457552501816e-20,9.243457552501817e-19,9.020265555838444e-14,1.7995675661038836e+19,35000000000000.0,35000000000000.0,0.0,0.015479262528796478,0.002168432330090758,1.536019450100135e-05,5.080527481978435e-06,1.536019450100135e-05,5.080527481978435e-06,5.763441203298378e-29,1.1927969064256029e+19,1.8714542086557475e+19,382.8433193943596,4.991755818371286e-20,-734881.8248110176,2.3544915853557535e+21,2.977886885443598e+21,0.0,0.0,0.0,0.0,0.3333333333333333,0.3333333333333333,2.0,1.441192019109945e-18,2.5299362888157518e-23,0.0,8.91742287927684e-19,,0.0,0.0,0.0,0.0,0.0,1.441192019109945e-18,8.91742287927684e-19,1.0844438616140361e-05,15.0,3.499401460556443e-17,9.020265555838444e-20,2.2319199666337208e-21,,,9.020265555838444e-20,2.2319199666337208e-21,10.0,,9.536544540177922e-08,3.4095948968030423,33220565475503.363,2.6144229857832135e-05,0.002142288100232926,2.6144229857832135e-05,0.002142288100232926,0.015479262528796478,0.002168432330090758,False,False,1.0,1.451708142345634,9.867620032425891e-09,0.21535320398185312,0.6819639120632033,1.0,1.7729581447981904,2.891139875035147e-07,0.31224126369017285,0.5468590240721695,0.19409805003949845,0.31151831875860536,0.007312460230039885,0.030230878719696836,True,AP3.4,130.0,8.3,7.498198192099515e+19,$(U_{0.8}Pu_{0.2})N$
D1_Kd3p2e5_fn5p1e-4_AP3p4,rizk2025_refit_plot,rizk2025_refit_full,1675.0,1.3,35000000000000.0,5.353454422530197e+22,6.686043086296459e+25,3.267598683798665e+25,2.052392935535278e+23,9.665938293014979e+18,2.020405406102569,95.48318324502746,0.7090301224285773,3.524628066828006,4.233658189256583,1.9632747454217305,6.196932934678314,2529423846660.887,6.323559616652219e+17,292.6399853026201,0.5,7588971.320392264,7586113.010852874,1.0003767818295484,1098809394.0113196,1098789378.257731,23273423.754025575,23250167.459363714,1.0000182161877287,1.0010002635336932,0.05012791441326887,62.605818438049184,30.596675385713635,6.747378261823917,5.868988850079171,0.8783894117447458,7.205921574643432e+24,6.267837926829854e+24,9.380836478135777e+23,1.0679587381981997e+26,1.058577901720064e+26,1.0940254533259492,5.3839939361625896e+16,0.003079266650615491,2.958184868194231e-07,1.3873297726255328e-06,1.3873297726255328e-06,0.039321747125176,0.039321747125176,1.2769868905044446e+21,6.15965728560631e-05,3.331146250834437e-18,1.6487351410383357e-19,1.6487351410383356e-18,1.6231955709997532e-13,1.7995675661038836e+19,35000000000000.0,35000000000000.0,0.0,0.019154867989346062,0.003091529819473963,1.5095301206658008e-05,5.056417070310733e-06,1.5095301206658008e-05,5.056417070310733e-06,6.893767286646358e-29,1.2673408870175281e+19,2.1992142226620994e+19,467.925555939945,5.886050217900006e-20,-753565.3673862135,2.511656007365424e+21,3.230112824146937e+21,0.0,0.0,0.0,0.0,0.3333333333333333,0.3333333333333333,2.0,2.439403962906753e-18,1.4991150623023926e-23,0.0,8.91742287927684e-19,,0.0,0.0,0.0,0.0,0.0,2.439403962906753e-18,8.91742287927684e-19,4.5002979437689685e-06,15.0,4.9967193762516555e-17,1.623195570999753e-19,2.553957003858251e-21,,,1.623195570999753e-19,2.553957003858251e-21,10.0,,9.536544540177922e-08,3.4095948968030423,33154144972147.953,3.871910252259124e-05,0.003052810716951372,3.871910252259124e-05,0.003052810716951372,0.019154867989346062,0.003091529819473963,False,False,1.0,1.4423720594596663,1.0518104636940934e-08,0.2120504420341934,0.68669180235807,1.0,1.8376929261087744,2.9122035520565536e-07,0.328589575658225,0.5248547269954851,0.19211217786605655,0.3278720769131914,0.007090301224285773,0.03524628066828006,True,AP3.4,130.0,8.3,7.498198192099515e+19,$(U_{0.8}Pu_{0.2})N$
D1_Kd3p2e5_fn5p1e-4_AP3p4,rizk2025_refit_plot,rizk2025_refit_full,1700.0,1.3,35000000000000.0,3.943970106034813e+22,6.32066386873353e+25,3.5948955576015455e+25,1.643228715877378e+23,9.39029618520294e+18,2.146452037317143,102.05582438024157,0.6806912857094453,4.181010764257854,4.8617020499673,2.0436468712767346,6.905348921244034,2334382717888.716,5.83595679472179e+17,304.6200190619278,0.5,7290483.760686772,7287767.91110595,1.0003726586266122,1034284925.4725704,1034264899.193734,21771930.723150775,21752800.621439114,1.0000193628139677,1.0008794316669647,0.036929985822194394,59.18453253538055,33.661371259217866,7.1171662195794,5.791057456621195,1.3261087629582047,7.600839855408868e+24,6.184610414206448e+24,1.4162294412024197e+24,1.0679587381981997e+26,1.0537964437861755e+26,1.1129314166475037,4.348768159709632e+16,0.0026066803214827915,2.6121842762851975e-07,1.7787800477408944e-06,1.7787800477408944e-06,0.047292701742927885,0.047292701742927885,1.2993934424316086e+21,6.777317585408205e-05,4.9573286738281364e-18,2.899995230890099e-19,2.8999952308900988e-18,2.8708990269161864e-13,1.7995675661038836e+19,35000000000000.0,35000000000000.0,0.0,0.024112233867380668,0.004593237428836039,1.4791714340088806e-05,5.030558082696649e-06,1.4791714340088806e-05,5.030558082696649e-06,8.856014368663262e-29,1.355240799754408e+19,2.75544326756977e+19,582.4267650221806,7.032014973549489e-20,-766832.6804260692,2.7014035400556544e+21,3.5143216907464443e+21,0.0,0.0,0.0,0.0,0.3333333333333333,0.3333333333333333,2.0,4.065586385900453e-18,8.846547337881255e-24,0.0,8.91742287927684e-19,,0.0,0.0,0.0,0.0,0.0,4.065586385900453e-18,8.91742287927684e-19,1.7845391984166736e-06,15.0,7.435993010742205e-17,2.8708990269161863e-19,2.90962039739128e-21,,,2.8708990269161863e-19,2.90962039739128e-21,10.0,,9.536544540177922e-08,3.4095948968030423,33083345147722.26,5.982245556923459e-05,0.004533414973266804,5.982245556923459e-05,0.004533414973266804,0.024112233867380668,0.004593237428836039,False,False,1.0,1.4311296500959254,1.132732849491766e-08,0.208028802620507,0.6924581215029443,1.0,1.9183540188712958,2.9404227409785925e-07,0.34778817610098967,0.49935137618337283,0.18951782500779743,0.34707800720181564,0.006806912857094453,0.04181010764257854,True,AP3.4,130.0,8.3,7.498198192099515e+19,$(U_{0.8}Pu_{0.2})N$
D1_Kd3p2e5_fn5p1e-4_AP3p4,rizk2025_refit_plot,rizk2025_refit_full,1725.0,1.3,35000000000000.0,2.847561983992776e+22,5.8974704757368255e+25,3.976504733804156e+25,1.2832997279377379e+23,9.042918009660844e+18,2.290799712489681,109.84011083246635,0.6462165424562247,5.019726899960639,5.6659434424168635,2.134192440081,7.800135882497863,2140506812761.9932,5.351267031904983e+17,318.116476440544,0.5,6981238.560121916,6978575.975818463,1.0003815369084867,969114774.3538852,969093887.9974215,20228704.896238044,20211195.920824002,1.0000215524591811,1.0008663008108294,0.026663595531762053,55.22189448711013,37.234628938128196,7.516812979229924,5.715456324049862,1.8013566551800617,8.027646104570239e+24,6.103871524059211e+24,1.9237745805110283e+24,1.0679587381981997e+26,1.0487209923930896e+26,1.1377797362139443,3.460875642625959e+16,0.0021808840617652866,2.274153066359555e-07,2.477471741555495e-06,2.477471741555495e-06,0.05779905585752635,0.05779905585752635,1.3377412815813914e+21,7.510339087427296e-05,7.567991386132277e-18,5.027449568924469e-19,5.0274495689244694e-18,4.994440127391286e-13,1.7995675661038836e+19,35000000000000.0,35000000000000.0,0.0,0.03050781321600696,0.007000857145477949,1.4461391928958306e-05,5.003880406590699e-06,1.4461391928958306e-05,5.003880406590699e-06,1.2371401621540015e-28,1.4553147700010158e+19,3.7203162657286095e+19,732.9174904256544,8.46660952261133e-20,-776327.7967076902,2.9198733314101766e+21,3.829433373483403e+21,0.0,0.0,0.0,0.0,0.3333333333333333,0.3333333333333333,2.0,6.676249098204593e-18,5.204352986654048e-24,0.0,8.91742287927684e-19,,0.0,0.0,0.0,0.0,0.0,6.676249098204593e-18,8.91742287927684e-19,6.876795600204564e-07,15.0,1.1351987079198415e-16,4.994440127391286e-19,3.3009441533183215e-21,,,4.994440127391286e-19,3.3009441533183215e-21,10.0,,9.536544540177922e-08,3.4095948968030423,33013463843329.844,9.46425659624797e-05,0.006906214579515469,9.46425659624797e-05,0.006906214579515469,0.03050781321600696,0.007000857145477949,False,False,1.0,1.4181006700477865,1.2300432601830147e-08,0.20330589258327544,0.6992428114227424,1.0,2.0165546724281906,2.9775997831862384e-07,0.3695874971479151,0.4708606412203809,0.1862627556346526,0.3688870108878207,0.006462165424562247,0.05019726899960639,True,AP3.4,130.0,8.3,7.498198192099515e+19,$(U_{0.8}Pu_{0.2})N$
D1_Kd3p2e5_fn5p1e-4_AP3p4,rizk2025_refit_plot,rizk2025_refit_full,1750.0,1.3,35000000000000.0,2.033602608692041e+22,5.4242298065483e+25,4.406577272349959e+25,9.8258013571863e+22,8.614006637149609e+18,2.450604813427472,118.95996331009006,0.6057263073091549,6.074300543166842,6.680026850475997,2.2339969061248266,8.914023756600823,1953523473851.2754,4.883808684628188e+17,332.99303793266824,0.5,6669468.906092974,6666806.050308138,1.000399420016833,905921602.5812548,905898816.4211828,18679599.6441756,18661740.79268316,1.0000251530961948,1.0009569767199553,0.019041958607155754,50.790630878677554,41.261680950188115,7.928646212527173,5.641904701817603,2.2867415107095694,8.467467004750455e+24,6.025321426387618e+24,2.442145578362837e+24,1.0679587381981997e+26,1.0435372824145713e+26,1.1701694646735759,2.729053475897167e+16,0.001814869034120899,1.954878755966778e-07,3.76019582619618e-06,3.76019582619618e-06,0.07154083760187722,0.07154083760187722,1.3933454925453258e+21,8.386546385927625e-05,1.170078713301288e-17,8.589643716813095e-19,8.589643716813095e-18,8.552344067970446e-13,1.7995675661038836e+19,35000000000000.0,35000000000000.0,0.0,0.03842159851889101,0.010808215919407616,1.4116342933134147e-05,4.977010935848378e-06,1.4116342933134147e-05,4.977010935848378e-06,1.8863806028404665e-28,1.5651943642614385e+19,5.422069999032227e+19,928.2643963160742,1.0236345930921683e-19,-781830.8020214416,3.162051103180739e+21,4.1713340821980693e+21,0.0,0.0,0.0,0.0,0.3333333333333333,0.3333333333333333,2.0,1.0809044845085196e-17,3.0549830664988003e-24,0.0,8.91742287927684e-19,,0.0,0.0,0.0,0.0,0.0,1.0809044845085196e-17,8.91742287927684e-19,2.610920984862119e-07,15.0,1.755118069951932e-16,8.552344067970446e-19,3.7299648842649055e-21,,,8.552344067970446e-19,3.7299648842649055e-21,10.0,,9.536544540177922e-08,3.4095948968030423,32950570066437.77,0.0001509364117964577,0.010657279507611158,0.0001509364117964577,0.010657279507611158,0.03842159851889101,0.010808215919407616,False,False,1.0,1.4033496724450263,1.3445503670168822e-08,0.19787605690231128,0.7070598266102602,1.0,2.1346510838887363,3.026217638503161e-07,0.39378394418679413,0.4398552938423854,0.18228830721966208,0.39309612134670124,0.006057263073091549,0.06074300543166842,True,AP3.4,130.0,8.3,7.498198192099515e+19,$(U_{0.8}Pu_{0.2})N$
D1_Kd3p2e5_fn5p1e-4_AP3p4,rizk2025_refit_plot,rizk2025_refit_full,1775.0,1.3,35000000000000.0,1.4455314480291511e+22,4.909223911142086e+25,4.87863662553105e+25,7.40180595206871e+22,8.091610710699731e+18,2.6228296170198364,129.66904309571166,0.5594181360367116,7.389796989184104,7.949215125220816,2.338079014619818,10.287294139840633,1783468326786.9082,4.4586708169672704e+17,348.50721228410225,0.5,6372723.3724921895,6370025.9901372185,1.0004234491914392,846440014.7266957,846414111.5359422,17140712.550729863,17120508.850839347,1.0000306034485962,1.0011800875818901,0.01353546158972369,45.96829199061243,45.68188311996036,8.336289427837498,5.569974842561437,2.7663145852760618,8.902813138608327e+24,5.948503304657628e+24,2.954309833950699e+24,1.0679587381981997e+26,1.0384156398586928e+26,1.2124604136235784,2.139649447427356e+16,0.0015101282767863956,1.658664564014023e-07,6.194260290043299e-06,6.194260290043299e-06,0.0895560101468294,0.0895560101468294,1.468423642682638e+21,9.453904864573978e-05,1.8155987823124585e-17,1.4466570670705438e-18,1.4466570670705438e-17,1.4424583518951984e-12,1.7995675661038836e+19,35000000000000.0,35000000000000.0,0.0,0.04781638057499295,0.01675195972872775,1.3767372057508526e-05,4.950228511653949e-06,1.3767372057508526e-05,4.950228511653949e-06,3.1300144058442352e-28,1.6809363715801119e+19,8.479527212293228e+19,1172.4109237399769,1.2344534829193209e-19,-785898.4731388617,3.4222451524917956e+21,4.534290733127061e+21,0.0,0.0,0.0,0.0,0.3333333333333333,0.3333333333333333,2.0,1.7264245535196902e-17,1.7908286029686076e-24,0.0,8.91742287927684e-19,,0.0,0.0,0.0,0.0,0.0,1.7264245535196902e-17,8.91742287927684e-19,9.86357019191045e-08,15.0,2.7233981734686877e-16,1.4424583518951983e-18,4.198715175345496e-21,,,1.4424583518951983e-18,4.198715175345496e-21,10.0,,9.536544540177922e-08,3.4095948968030423,32901549238585.406,0.00023977358000511832,0.01651218614872263,0.00023977358000511832,0.01651218614872263,0.04781638057499295,0.01675195972872775,False,False,1.0,1.3868568613154522,1.4777156254566164e-08,0.1916978725427729,0.7159754550211047,1.0,2.276470755851603,3.089980419678287e-07,0.42031186029034284,0.4066587890842854,0.17751927435070702,0.41964060315379004,0.0055941813603671165,0.07389796989184104,True,AP3.4,130.0,8.3,7.498198192099515e+19,$(U_{0.8}Pu_{0.2})N$
D1_Kd3p2e5_fn5p1e-4_AP3p4,rizk2025_refit_plot,rizk2025_refit_full,1800.0,1.3,35000000000000.0,1.0265621456091135e+22,4.360839588733218e+25,5.385870376139738e+25,5.495153046643249e+22,7.459610350298559e+18,2.8041797635704975,142.4522763812948,0.5075583238592187,9.032603218381444,9.540161542240662,2.4466667829036757,11.986828325144337,1628673826511.5696,4.071684566278924e+17,364.6929870915943,0.5,6090063.500235525,6087312.009217323,1.0004520042695422,791705796.1465399,791675351.5021895,15609445.322694607,15584166.546119899,1.0000384559709894,1.0016220807509917,0.009612376479460918,40.83340893947441,50.43144630499936,8.725532379046776,5.499624637815838,3.2259077412309365,9.318508549634329e+24,5.873372188765534e+24,3.4451363608687956e+24,1.0679587381981997e+26,1.0335073745895117e+26,1.2684200340299838,1.6706915585343664e+16,0.0012618251561522576,1.3851378435290357e-07,1.1038521913042386e-05,1.1038521913042386e-05,0.1135073085191192,0.1135073085191192,1.5688632433370396e+21,0.00010800241827599148,2.8109916689626407e-17,2.4025223904971453e-18,2.4025223904971453e-17,2.3978131732901632e-12,1.7995675661038836e+19,35000000000000.0,35000000000000.0,0.0,0.05847791784553953,0.0259199872739013,1.3423825006395829e-05,4.923476172363615e-06,1.3423825006395829e-05,4.923476172363615e-06,5.642046056436831e-28,1.7963329070449512e+19,1.4140589170300446e+20,1474.465070567777,1.4826453242500046e-19,-787224.2607717058,3.6941882622575693e+21,4.910802711312253e+21,0.0,0.0,0.0,0.0,0.3333333333333333,0.3333333333333333,2.0,2.721817440169872e-17,1.0491064501063835e-24,0.0,8.91742287927684e-19,,0.0,0.0,0.0,0.0,0.0,2.721817440169872e-17,8.91742287927684e-19,3.732157806406955e-08,15.0,4.216487503443961e-16,2.397813173290163e-18,4.7092172069822286e-21,,,2.397813173290163e-18,4.7092172069822286e-21,10.0,,9.536544540177922e-08,3.4095948968030423,32874728256054.188,0.0003759184801099292,0.02554406879379137,0.0003759184801099292,0.02554406879379137,0.05847791784553953,0.0259199872739013,False,False,1.0,1.3685120191732196,1.6319775404992082e-08,0.18468832514503966,0.726117351116123,1.0,2.448490731170942,3.1748733239577305e-07,0.44933025952893085,0.3713639796611112,0.17185492587943094,0.44868096407151087,0.0050755832385921875,0.09032603218381444,True,AP3.4,130.0,8.3,7.498198192099515e+19,$(U_{0.8}Pu_{0.2})N$
D1_Kd3p2e5_fn5p1e-4_ANP6,rizk2025_refit_plot,rizk2025_refit_full,900.0,3.2,35000000000000.0,1.6368143520695112e+23,2.2106053958019752e+26,2.506350147073809e+25,1.0068180137226326e+24,1.1016965382510242e+19,1.7047625188686317,44.677702518818414,2.0894464808948228,0.41155045900960163,2.5009969399044247,0.14106970798736188,2.6420666478917867,7667391135114.584,1.9168477837786458e+18,84.06384019138687,0.12506826709509894,1208240234314.7566,26408500.90771204,45751.94322983763,1305345429.3160074,1302234167.76743,156885794.90002066,49689215.75734401,1.0023891721055909,3.1573409342213883,0.06226418743949473,84.09111793585213,9.534120662437934,6.312497214270469,6.312497214270469,0.0,1.6594428454972154e+25,1.6594428454972154e+25,0.0,2.6288215094111468e+26,2.628821509411147e+26,1.0103650432496332,1.3938205203908402e+17,0.004575461487183198,4.395700876818156e-07,1.8036391611634077e-07,1.8036391611634077e-07,0.004424651112776545,0.004424651112776545,9.515347108284752e+20,7.937863974915423e-06,9.229586270335752e-19,5.911994148657879e-25,5.911994148657879e-24,5.119872410101689e-28,1.8625632456264503e+19,35000000000000.0,35000000000000.0,0.0,0.022356276616249716,0.0008735533634912452,1.6477109672551577e-05,5.697155703477691e-06,1.6477109672551577e-05,5.697155703477691e-06,7.476035308721108e-30,5.95280439786689e+18,2.2547328957083843e+18,0.0003046788355691927,9.910657319568745e-22,-99879.74755033349,2.590566101396316e+21,0.0,0.0,0.0,0.0,0.0,0.3333333333333333,0.3333333333333333,2.0,2.4966082885114063e-31,1.1115015552558786e-24,0.0,9.229586270333256e-19,,0.0,0.0,0.0,0.0,0.0,2.4966082885114063e-31,9.229586270333256e-19,1.2042810183467137e-06,15.0,1.3844379405503628e-17,5.119872410101689e-34,5.911994143538007e-25,,,5.119872410101689e-34,5.911994143538007e-25,10.0,,9.536544540177922e-08,3.4095948968030423,34015587585166.098,5.735559080350298e-06,0.000867817804410895,5.735559080350298e-06,0.000867817804410895,0.022356276616249716,0.0008735533634912452,False,False,1.0,1.7618380770912083,6.189729752691341e-09,0.3093423368656496,0.5507873935406536,1.0,1.3092988374420351,2.787937535134618e-07,0.16100462338611182,0.7605798851901816,0.27542947684049346,0.1602535639628287,0.02089446480894823,0.004115504590096016,True,ANP6,125.0,8.0,7.76068019011021e+19,$(U_{0.8}Pu_{0.2})N$
D1_Kd3p2e5_fn5p1e-4_ANP6,rizk2025_refit_plot,rizk2025_refit_full,925.0,3.2,35000000000000.0,1.6356149748089374e+23,2.2096849571729826e+26,2.5166085476398805e+25,1.0056432015811727e+24,1.0995417431356264e+19,1.706903996863814,46.405344698724306,2.0948832162999818,0.46026117283023676,2.5551443891302186,0.14100930505204157,2.69615369418226,7667937116841.709,1.9169842792104271e+18,84.04984541729671,0.12503553127999564,468209931119.4855,26412898.072304413,17726.564114160312,1302550803.710099,1300600387.6485877,130463520.11786708,47839317.09618415,1.001499627464388,2.7271191989543127,0.062218563297411295,84.05610458003099,9.573143473721798,6.308533382949842,6.308533382949842,0.0,1.6584008249936812e+25,1.6584008249936812e+25,0.0,2.6288215094111468e+26,2.6288215094111475e+26,1.011602045250713,1.3917788651114226e+17,0.004572010577638899,4.3692207780153594e-07,2.102339500637498e-07,2.102339500637498e-07,0.004945471290536398,0.004945471290536398,1.1088708178198081e+21,8.429665332753105e-06,9.229586270347583e-19,1.005157781403788e-24,1.005157781403788e-23,3.600113810511962e-27,1.8625632456264503e+19,35000000000000.0,35000000000000.0,0.0,0.02235516247100913,0.0008728423359958293,1.6470997056185722e-05,5.665247399498745e-06,1.6470997056185722e-05,5.665247399498745e-06,8.737272152170175e-30,6.1441443936168e+18,2.7310725186590474e+18,0.000807544588737125,9.907736190049737e-22,-99868.26525643514,2.5890765426571514e+21,0.0,0.0,0.0,0.0,0.0,0.3333333333333333,0.3333333333333333,2.0,1.4326320272288242e-30,7.928467239249499e-24,0.0,9.229586270333256e-19,,0.0,0.0,0.0,0.0,0.0,1.4326320272288242e-30,9.229586270333256e-19,8.590273720851104e-06,15.0,1.3844379405521374e-17,3.600113810511962e-33,1.0051577778036742e-24,,,3.600113810511962e-33,1.0051577778036742e-24,10.0,,9.536544540177922e-08,3.4095948968030423,33979521715826.65,5.944656907719605e-06,0.0008668976790881097,5.944656907719605e-06,0.0008668976790881097,0.02235516247100913,0.0008728423359958293,False,False,1.0,1.762699137575003,6.192139253858538e-09,0.30956779327012535,0.5504815943175675,1.0,1.3241218445291003,2.789757436216942e-07,0.16709220652549103,0.7516942811636014,0.2756681589189119,0.1663418191064735,0.02094883216299982,0.004602611728302368,True,ANP6,125.0,8.0,7.76068019011021e+19,$(U_{0.8}Pu_{0.2})N$
D1_Kd3p2e5_fn5p1e-4_ANP6,rizk2025_refit_plot,rizk2025_refit_full,950.0,3.2,35000000000000.0,1.6344405010305583e+23,2.2088034273409455e+26,2.526467418608263e+25,1.0044859292914142e+24,1.0971401827177978e+19,1.709028308416201,48.19872774206371,2.1002946990086406,0.5145853937451367,2.6148800927537774,0.14099026588745298,2.7558703586412303,7668102064455.762,1.9170255161139405e+18,84.04545978691839,0.12502517258313833,190852584494.4564,26414276.340785056,7225.35730421544,1300246807.412062,1298983749.4601417,110519090.50178981,46059307.03981165,1.0009723431509017,2.3994952943226426,0.06217388648028337,84.02257130936651,9.610646480042645,6.304608324110584,6.304608324110584,0.0,1.6573689970834464e+25,1.6573689970834464e+25,0.0,2.6288215094111468e+26,2.6288215094111468e+26,1.012984178331369,1.3897810594140522e+17,0.00456855610487339,4.3426656642502247e-07,2.422069473546915e-07,2.422069473546915e-07,0.005526176344341869,0.005526176344341869,1.2799113975955432e+21,8.967301618896873e-06,9.229586270408242e-19,1.654156910152138e-24,1.654156910152138e-23,2.2845010932250072e-26,1.8625632456264503e+19,35000000000000.0,35000000000000.0,0.0,0.02235418026015337,0.0008721104815984079,1.646493776220258e-05,5.63446893608543e-06,1.646493776220258e-05,5.63446893608543e-06,1.0091866043706834e-29,6.338206475238698e+18,3.241370068822368e+18,0.0020335181463930953,9.907714782439007e-22,-99873.53026410769,2.587617950460392e+21,0.0,0.0,0.0,0.0,0.0,0.3333333333333333,0.3333333333333333,2.0,7.498646671560408e-30,4.1448101342312676e-23,0.0,9.229586270333256e-19,,0.0,0.0,0.0,0.0,0.0,7.498646671560408e-30,9.229586270333256e-19,4.490786491178152e-05,15.0,1.3844379405612363e-17,2.284501093225007e-32,1.6541568873071272e-24,,,2.284501093225007e-32,1.6541568873071272e-24,10.0,,9.536544540177922e-08,3.4095948968030423,33942399657850.465,6.159873689765688e-06,0.0008659506079086422,6.159873689765688e-06,0.0008659506079086422,0.02235418026015337,0.0008721104815984079,False,False,1.0,1.7635557384505351,6.1945164576833514e-09,0.3097919173854043,0.5501776489422389,1.0,1.3397522859136006,2.791791367080591e-07,0.17339406913344355,0.7425154862709546,0.27590532262525513,0.17264439565370263,0.021002946990086407,0.005145853937451367,True,ANP6,125.0,8.0,7.76068019011021e+19,$(U_{0.8}Pu_{0.2})N$
D1_Kd3p2e5_fn5p1e-4_ANP6,rizk2025_refit_plot,rizk2025_refit_full,975.0,3.2,35000000000000.0,1.633285569412424e+23,2.207978073546683e+26,2.5357511946693164e+25,1.0033496553399946e+24,1.0945091676437625e+19,1.7111462660541932,50.03080558048381,2.105728217690632,0.5741435632987725,2.6798717809894046,0.14106331636438096,2.820935097353785,7667419084807.231,1.916854771201808e+18,84.06246843350063,0.1250646412805379,81511520390.76854,26408931.849963192,3086.513337754785,1298219033.8444767,1297375942.6885202,95187198.62084669,44372661.488104954,1.0006498433709272,2.1451766792569713,0.06212995304417904,83.99117496726765,9.645961833435097,6.300733246253068,6.300733246253068,0.0,1.6563503082811984e+25,1.6563503082811984e+25,0.0,2.6288215094111468e+26,2.6288215094111468e+26,1.0145026053209845,1.3878178989384454e+17,0.0045650781900584666,4.3163909606730854e-07,2.757633915170047e-07,2.757633915170047e-07,0.006162908109513186,0.006162908109513186,1.4625295023966975e+21,9.551835430678164e-06,9.229586270693807e-19,2.6424228814455974e-24,2.6424228814455972e-23,1.3186026336093777e-25,1.8625632456264503e+19,35000000000000.0,35000000000000.0,0.0,0.022353534851804063,0.0008713698400986983,1.6458900882020398e-05,5.605236223014497e-06,1.6458900882020398e-05,5.605236223014497e-06,1.1518035712184386e-29,6.536384653148328e+18,3.7766950913308155e+18,0.0048849225046123275,9.914043107431391e-22,-99915.01971088875,2.586183775565027e+21,0.0,0.0,0.0,0.0,0.0,0.3333333333333333,0.3333333333333333,2.0,3.605513394506346e-29,1.6519152081715012e-22,0.0,9.229586270333256e-19,,0.0,0.0,0.0,0.0,0.0,3.605513394506346e-29,9.229586270333256e-19,0.00017898041794318947,15.0,1.3844379406040711e-17,1.3186026336093777e-31,2.642422749585334e-24,,,1.3186026336093777e-31,2.642422749585334e-24,10.0,,9.536544540177922e-08,3.4095948968030423,33904832135988.727,6.377668182010488e-06,0.0008649921719166878,6.377668182010488e-06,0.0008649921719166878,0.022353534851804063,0.0008713698400986983,False,False,1.0,1.7644159572281792,6.19685408524861e-09,0.310016823090807,0.5498726905439344,1.0,1.355976478337758,2.7940264580777793e-07,0.179812326577312,0.7331883987121389,0.2761430425686367,0.17906340286959138,0.02105728217690632,0.005741435632987724,True,ANP6,125.0,8.0,7.76068019011021e+19,$(U_{0.8}Pu_{0.2})N$
D1_Kd3p2e5_fn5p1e-4_ANP6,rizk2025_refit_plot,rizk2025_refit_full,1000.0,3.2,35000000000000.0,1.63214658860449e+23,2.2072192502204506e+26,2.544353533343483e+25,1.0022372124626012e+24,1.0916709521779065e+19,1.7132635536597502,51.87771307208475,2.1112111056381515,0.6384440328334693,2.749655138471621,0.14133334827297267,2.8909884867445936,7664927264595.793,1.9162318161489482e+18,84.12518760917894,0.1252106276608012,36346111241.47145,26389242.783189647,1377.3078500238166,1296351540.0868993,1295772617.8542676,83208802.69932774,42792942.64408459,1.0004467776403474,1.944451527706052,0.06208662637464835,83.96230943480319,9.678685008604543,6.296918930217643,6.296918930217643,0.0,1.6553475926774367e+25,1.6553475926774367e+25,0.0,2.6288215094111468e+26,2.628821509411147e+26,1.0161456221899368,1.3858832124384774e+17,0.0045615685274530355,4.290642575954463e-07,3.1031735791496037e-07,3.1031735791496037e-07,0.0068506645816010245,0.0068506645816010245,1.6542684032702378e+21,1.0184438294408335e-05,9.229586271935955e-19,4.1078364398687146e-24,4.107836439868715e-23,6.972208708889678e-25,1.8625632456264503e+19,35000000000000.0,35000000000000.0,0.0,0.022353357311742372,0.0008706308459473969,1.645287019480663e-05,5.577796031400905e-06,1.645287019480663e-05,5.577796031400905e-06,1.2990946149579904e-29,6.739055516543291e+18,4.327028429745263e+18,0.011237129028009708,9.933912900142465e-22,-100033.53395037935,2.5847696289267974e+21,0.0,0.0,0.0,0.0,0.0,0.3333333333333333,0.3333333333333333,2.0,1.6026995865756309e-28,5.19276648232866e-22,0.0,9.229586270333256e-19,,0.0,0.0,0.0,0.0,0.0,1.6026995865756309e-28,9.229586270333256e-19,0.000562621804415882,15.0,1.3844379407903933e-17,6.972208708889678e-31,4.1078357426478436e-24,,,6.972208708889678e-31,4.1078357426478436e-24,10.0,,9.536544540177922e-08,3.4095948968030423,33867348431148.32,6.594971563424556e-06,0.0008640358743839724,6.594971563424556e-06,0.0008640358743839724,0.022353357311742372,0.0008706308459473969,False,False,1.0,1.765284480323962,6.199146107783569e-09,0.3102437324256398,0.5495650630214911,1.0,1.372594675935406,2.79644562137696e-07,0.18626111402579837,0.7238393262438277,0.27638250828603994,0.18551296958245106,0.021112111056381517,0.006384440328334693,True,ANP6,125.0,8.0,7.76068019011021e+19,$(U_{0.8}Pu_{0.2})N$
D1_Kd3p2e5_fn5p1e-4_ANP6,rizk2025_refit_plot,rizk2025_refit_full,1025.0,3.2,35000000000000.0,1.6310208130461236e+23,2.2065320529658702e+26,2.5522213803136534e+25,1.0011505016021774e+24,1.0886518087251059e+19,1.7153830366142524,53.71894115905922,2.1167584966164172,0.7069031862708852,2.8236616828873027,0.14200900623899354,2.9656706891262963,7658730757208.217,1.914682689302054e+18,84.28174870029117,0.12557550721148317,16865550727.317137,26340222.340359803,640.2964450863765,1294579808.1729112,1294171594.690442,73715869.4152418,41326205.47055621,1.000315424541957,1.7837560592821022,0.06204380203095152,83.9361685480172,9.708614187675861,6.293173462275993,6.293173462275993,0.0,1.654362976008655e+25,1.654362976008655e+25,0.0,2.6288215094111468e+26,2.628821509411147e+26,1.0178991210959236,1.3839722824743158e+17,0.00455802552238494,4.2655861784555423e-07,3.45234454061e-07,3.45234454061e-07,0.007583492346774863,0.007583492346774863,1.852408485589257e+21,1.0866195340249351e-05,9.22958627695745e-19,6.228609020264905e-24,6.228609020264905e-23,3.398959714178951e-24,1.8625632456264503e+19,35000000000000.0,35000000000000.0,0.0,0.022353725169735054,0.0008699022486035125,1.644683754212363e-05,5.552265660746083e-06,1.644683754212363e-05,5.552265660746083e-06,1.4483498944252622e-29,6.945695338055031e+18,4.881627921005677e+18,0.02484655553462437,9.981680509625326e-22,-100310.31031118493,2.583372145490366e+21,0.0,0.0,0.0,0.0,0.0,0.3333333333333333,0.3333333333333333,2.0,6.624193185834588e-28,1.3258494972592796e-21,0.0,9.229586270333256e-19,,0.0,0.0,0.0,0.0,0.0,6.624193185834588e-28,9.229586270333256e-19,0.0014365210503198725,15.0,1.3844379415436174e-17,3.398959714178951e-30,6.228605621305191e-24,,,3.398959714178951e-30,6.228605621305191e-24,10.0,,9.536544540177922e-08,3.4095948968030423,33830392334144.258,6.809210879760364e-06,0.0008630930377237522,6.809210879760364e-06,0.0008630930377237522,0.022353725169735054,0.0008699022486035125,False,False,1.0,1.7661639007619323,6.201388389757542e-09,0.3104733174698259,0.5492538567352387,1.0,1.3894243345174966,2.7990282280912783e-07,0.19266722952158888,0.7145751232059937,0.2766243696063064,0.19191988721083847,0.021167584966164173,0.007069031862708852,True,ANP6,125.0,8.0,7.76068019011021e+19,$(U_{0.8}Pu_{0.2})N$
D1_Kd3p2e5_fn5p1e-4_ANP6,rizk2025_refit_plot,rizk2025_refit_full,1050.0,3.2,35000000000000.0,1.6299059348513005e+23,2.2059178013628953e+26,2.5593402944680826e+25,1.0000905464430703e+24,1.0854810311767536e+19,1.7175060011155605,55.53722780932367,2.122377930194956,0.7788672467894621,2.9012451769844176,0.1434908349712854,3.044736011955703,7645248851438.227,1.9113122128595566e+18,84.62357230141771,0.12637332101416823,8119502415.383754,26233825.157990977,309.5050899548481,1292867019.3619714,1292571902.8393834,66097879.87245636,39973187.13173695,1.0002283172966546,1.6535554108963595,0.062001392221429204,83.91280250354535,9.735694436863353,6.28950166736988,6.28950166736988,0.0,1.653397726665921e+25,1.653397726665921e+25,0.0,2.6288215094111468e+26,2.628821509411147e+26,1.0197470996811158,1.382081148693095e+17,0.0045544514358565845,4.241332208790486e-07,3.7985385164151363e-07,3.7985385164151363e-07,0.008354694850959635,0.008354694850959635,2.0540458866506594e+21,1.1597276337082654e-05,9.229586295923071e-19,9.230255568932457e-24,9.230255568932457e-23,1.5366002896313798e-23,1.8625632456264503e+19,35000000000000.0,35000000000000.0,0.0,0.022354678098153738,0.000869191169448537,1.6440799276416206e-05,5.5286696053821295e-06,1.6440799276416206e-05,5.5286696053821295e-06,1.5967300285898136e-29,7.155116679741991e+18,5.429442572188474e+18,0.05301434847117307,1.0084969333434984e-21,-100899.93448710606,2.5819884847361614e+21,0.0,0.0,0.0,0.0,0.0,0.3333333333333333,0.3333333333333333,2.0,2.558981501392922e-27,2.8205305937173354e-21,0.0,9.229586270333256e-19,,0.0,0.0,0.0,0.0,0.0,2.558981501392922e-27,9.229586270333256e-19,0.0030559664358555606,15.0,1.3844379443884608e-17,1.5366002896313797e-29,9.230240202929561e-24,,,1.5366002896313797e-29,9.230240202929561e-24,10.0,,9.536544540177922e-08,3.4095948968030423,33794325008990.613,7.018292418937188e-06,0.0008621728770295998,7.018292418937188e-06,0.0008621728770295998,0.022354678098153738,0.000869191169448537,False,False,1.0,1.7670554980526212,6.2035785913964375e-09,0.3107059056959597,0.5489386296488364,1.0,1.4063013683660834,2.80175085303832e-07,0.1989697230361364,0.7054839167223459,0.27686894147221186,0.19822319886611453,0.021223779301949557,0.007788672467894621,True,ANP6,125.0,8.0,7.76068019011021e+19,$(U_{0.8}Pu_{0.2})N$
D1_Kd3p2e5_fn5p1e-4_ANP6,rizk2025_refit_plot,rizk2025_refit_full,1075.0,3.2,35000000000000.0,1.628799910072001e+23,2.2053752444670085e+26,2.5657223344822438e+25,9.990576646975535e+23,1.0821898858914666e+19,1.7196328425723775,57.31831925311603,2.1280721989498597,0.8536354086700649,2.9817076076199247,0.14652353733437937,3.128231144954304,7618007254915.994,1.9045018137289987e+18,85.3170532040545,0.1279953341696954,4043741623.8708444,26020589.27996941,155.4054591293867,1291191700.5298686,1290973250.2428424,59917316.55913758,38731072.87386681,1.0001692136432612,1.5470089546516503,0.061959319194586575,83.89216371563433,9.759971627198695,6.285905337972401,6.285905337972401,0.0,1.652452315858419e+25,1.652452315858419e+25,0.0,2.6288215094111468e+26,2.6288215094111468e+26,1.0216722114223986,1.3802063130407611e+17,0.0045508506443580465,4.217954789182464e-07,4.1351376106231625e-07,4.1351376106231625e-07,0.009157055573197343,0.009157055573197343,2.2561824112690977e+21,1.2377448653342329e-05,9.229586363166182e-19,1.339269735187341e-23,1.339269735187341e-22,6.475908336901747e-23,1.8625632456264503e+19,35000000000000.0,35000000000000.0,0.0,0.02235622975243294,0.0008685032275154914,1.643475429059673e-05,5.506969482756839e-06,1.643475429059673e-05,5.506969482756839e-06,1.7413777232468288e-29,7.365833764639405e+18,5.959563191463533e+18,0.10964495916185442,1.0295303787131735e-21,-102082.78151001295,2.580616125827619e+21,0.0,0.0,0.0,0.0,0.0,0.3333333333333333,0.3333333333333333,2.0,9.283292620781236e-27,5.111146223267797e-21,0.0,9.229586270333256e-19,,0.0,0.0,0.0,0.0,0.0,9.283292620781236e-27,9.229586270333256e-19,0.005537784709036987,15.0,1.3844379544749272e-17,6.475908336901747e-29,1.3392632592790043e-23,,,6.475908336901747e-29,1.3392632592790043e-23,10.0,,9.536544540177922e-08,3.4095948968030423,33759431291910.535,7.220565170724191e-06,0.0008612826623447672,7.220565170724191e-06,0.0008612826623447672,0.02235622975243294,0.0008685032275154914,False,False,1.0,1.767959725590181,6.205715827720563e-09,0.3109416082281135,0.5486192331824552,1.0,1.4230803940621883,2.8045880797566477e-07,0.2051189889479097,0.6966365841984803,0.27711633038443595,0.20437329195813583,0.021280721989498597,0.00853635408670065,True,ANP6,125.0,8.0,7.76068019011021e+19,$(U_{0.8}Pu_{0.2})N$
D1_Kd3p2e5_fn5p1e-4_ANP6,rizk2025_refit_plot,rizk2025_refit_full,1100.0,3.2,35000000000000.0,1.627700887207488e+23,2.204901475595346e+26,2.5713967676533473e+25,9.980516460264968e+23,1.0788105337191752e+19,1.7217634619694604,59.050694875627954,2.133841152005812,0.9304838189590292,3.0643249709648406,0.1524537097804018,3.216778680745243,7565805425404.276,1.891451356351069e+18,86.65124069622507,0.13112509082263177,2077361527.2962701,25619944.759737454,81.08376293460667,1289541094.7052784,1289375717.9982352,54855081.005618684,37594815.8556939,1.0001282610683098,1.4591129057840735,0.061917512519596325,83.87414161447735,9.781557091068299,6.282383781934772,6.282383781934772,0.0,1.6515265616325878e+25,1.6515265616325878e+25,0.0,2.6288215094111468e+26,2.628821509411147e+26,1.0236563483302692,1.3783446244784253e+17,0.0045472285394333395,4.1955046157535703e-07,4.455793593022423e-07,4.455793593022423e-07,0.00998307349456061,0.00998307349456061,2.4558243098277005e+21,1.3205318083195112e-05,9.229586587946777e-19,1.9057338427981425e-23,1.9057338427981425e-22,2.556484784617257e-22,1.8625632456264503e+19,35000000000000.0,35000000000000.0,0.0,0.022358376431416836,0.000867842693994374,1.642870288521977e-05,5.487086641428203e-06,1.642870288521977e-05,5.487086641428203e-06,1.8795399483045443e-29,7.576439166691427e+18,6.461692701867631e+18,0.2210525613755179,1.070649190927802e-21,-104338.31769160228,2.5792527941156995e+21,0.0,0.0,0.0,0.0,0.0,0.3333333333333333,0.3333333333333333,2.0,3.1761352235744896e-26,8.043227546416823e-21,0.0,9.229586270333256e-19,,0.0,0.0,0.0,0.0,0.0,3.1761352235744896e-26,9.229586270333256e-19,0.008714613021693452,15.0,1.3844379881920166e-17,2.556484784617257e-28,1.9057082779502963e-23,,,2.556484784617257e-28,1.9057082779502963e-23,10.0,,9.536544540177922e-08,3.4095948968030423,33725927288634.29,7.41477678607083e-06,0.0008604279172083031,7.41477678607083e-06,0.0008604279172083031,0.022358376431416836,0.000867842693994374,False,False,1.0,1.7688765219126827,6.207800310129517e-09,0.3111804016916015,0.5482957010956888,1.0,1.439634574881901,2.8075133533407217e-07,0.21107570061429706,0.6880884717930745,0.2773665143569713,0.21033083295239435,0.021338411520058116,0.009304838189590292,True,ANP6,125.0,8.0,7.76068019011021e+19,$(U_{0.8}Pu_{0.2})N$
D1_Kd3p2e5_fn5p1e-4_ANP6,rizk2025_refit_plot,rizk2025_refit_full,1125.0,3.2,35000000000000.0,1.6266071704150363e+23,2.2044925892840855e+26,2.5764033354193666e+25,9.970718923148244e+23,1.0753749461426117e+19,1.7238975039595505,60.72530710667463,2.139682848405869,1.0086899249195653,3.148372773325435,0.1636610094973748,3.3120337828228097,7470352855413.844,1.867588213853461e+18,89.10085656774294,0.1368944802225947,1097592473.019763,24915585.388476543,44.05244572449016,1287907501.6423116,1287779577.9047027,50674551.8765205,36558069.53928091,1.0000993366720545,1.3861386149526227,0.061875907686840044,83.85858763678061,9.80060200434254,6.278934451189996,6.278934451189996,0.0,1.6506197941470936e+25,1.6506197941470936e+25,0.0,2.6288215094111468e+26,2.6288215094111468e+26,1.0256812462420795,1.376493236947074e+17,0.004543590795285228,4.174016773126809e-07,4.75471937053792e-07,4.75471937053792e-07,0.010825207543693817,0.010825207543693817,2.650086449739242e+21,1.407908144077354e-05,9.229587299187473e-19,2.6634018997210715e-23,2.6634018997210716e-22,9.494708146321283e-22,1.8625632456264503e+19,35000000000000.0,35000000000000.0,0.0,0.02236110328784622,0.0008672126571544833,1.64226460890067e-05,5.4689183018578695e-06,1.64226460890067e-05,5.4689183018578695e-06,2.008695379942844e-29,7.78586180745751e+18,6.926616159303991e+18,0.43767890835759204,1.1486611192819605e-21,-108424.66017932925,2.577896449319138e+21,0.0,0.0,0.0,0.0,0.0,0.3333333333333333,0.3333333333333333,2.0,1.028854216590493e-25,1.117844112518055e-20,0.0,9.229586270333256e-19,,0.0,0.0,0.0,0.0,0.0,1.028854216590493e-25,9.229586270333256e-19,0.012111528677089001,15.0,1.3844380948781209e-17,9.494708146321284e-28,2.663306952639608e-23,,,9.494708146321284e-28,2.663306952639608e-23,10.0,,9.536544540177922e-08,3.4095948968030423,33693968053184.918,7.600029146866034e-06,0.0008596126280076173,7.600029146866034e-06,0.0008596126280076173,0.02236110328784622,0.0008672126571544833,False,False,1.0,1.7698055106449153,6.2098330625454434e-09,0.3114221807489178,0.5479681781779383,1.0,1.4558554148968068,2.8104998671421833e-07,0.2168097752977147,0.6798810690918373,0.2776193939459051,0.21606573251783714,0.021396828484058692,0.010086899249195654,True,ANP6,125.0,8.0,7.76068019011021e+19,$(U_{0.8}Pu_{0.2})N$
D1_Kd3p2e5_fn5p1e-4_ANP6,rizk2025_refit_plot,rizk2025_refit_full,1150.0,3.2,35000000000000.0,1.6255171687840663e+23,2.2041441279970694e+26,2.5807876267171845e+25,9.961175038283815e+23,1.0719138312226894e+19,1.726034510056361,62.335363300531434,2.145594291076283,1.0875568520455692,3.2331511431218525,0.18427351869154426,3.4174246618133965,7304308041340.68,1.8260770103351698e+18,93.39173823270629,0.14705407396619816,594680938.3036644,23770839.284181397,25.01724618109729,1286286201.674326,1286185175.9426928,47197463.55757164,35613813.45123361,1.0000785468014426,1.3252572242003697,0.06183444417830332,83.84533221849647,9.817279786695288,6.275553550629928,6.275553550629928,0.0,1.6497310157357449e+25,1.6497310157357449e+25,0.0,2.6288215094111468e+26,2.6288215094111464e+26,1.0277291057947435,1.37464958066935e+17,0.004539942828993572,4.1535145952917507e-07,5.02697731663232e-07,5.02697731663232e-07,0.011676127640565512,0.011676127640565512,2.836297734606036e+21,1.499629434514084e-05,9.22958943709223e-19,3.660792762206921e-23,3.660792762206921e-22,3.330768464716398e-21,1.8625632456264503e+19,35000000000000.0,35000000000000.0,0.0,0.022364388946915552,0.0008666151986925581,1.6416585222227663e-05,5.452348513721737e-06,1.6416585222227663e-05,5.452348513721737e-06,2.1266805446434835e-29,7.99345677602408e+18,7.346646739335911e+18,0.8595838898624311,1.2935100984312002e-21,-115408.74366988761,2.576545310710134e+21,0.0,0.0,0.0,0.0,0.0,0.3333333333333333,0.3333333333333333,2.0,3.1667589742037936e-25,1.392433705843146e-20,0.0,9.229586270333256e-19,,0.0,0.0,0.0,0.0,0.0,3.1667589742037936e-25,9.229586270333256e-19,0.015086626716538222,15.0,1.3844384155638343e-17,3.330768464716398e-27,3.6604596853604494e-23,,,3.330768464716398e-27,3.6604596853604494e-23,10.0,,9.536544540177922e-08,3.4095948968030423,33663654672981.566,7.775737602098073e-06,0.00085883946109046,7.775737602098073e-06,0.00085883946109046,0.022364388946915552,0.0008666151986925581,False,False,1.0,1.7707461275035399,6.211815747307954e-09,0.31166679144473886,0.5476368749950655,1.0,1.4716527036346034,2.813521473592818e-07,0.2222994701684292,0.6720434872566893,0.27787482465058827,0.22155624177022354,0.021455942910762832,0.010875568520455693,True,ANP6,125.0,8.0,7.76068019011021e+19,$(U_{0.8}Pu_{0.2})N$
D1_Kd3p2e5_fn5p1e-4_ANP6,rizk2025_refit_plot,rizk2025_refit_full,1175.0,3.2,35000000000000.0,1.624429267020255e+23,2.203851363215046e+26,2.5845981164216503e+25,9.951872991125772e+23,1.0684555692088052e+19,1.728174033257623,63.876165636790674,2.1515718823644767,1.1664378174039145,3.318009699768391,0.2213307268279264,3.539340426596318,7031829017723.869,1.7579572544309673e+18,100.53986827069414,0.16406879517890177,329509470.1199625,22080792.805724185,14.922900324237501,1284674239.2930682,1284592846.1355717,44287406.19507894,34754747.37515161,1.0000633610546261,1.2742836458291402,0.06179306054841758,83.83419548741848,9.831774835867794,6.272236616165296,6.272236616165296,0.0,1.6488590528691515e+25,1.6488590528691515e+25,0.0,2.6288215094111468e+26,2.6288215094111464e+26,1.029783229979918,1.3728112923706165e+17,0.0045362893038356535,4.13401052913754e-07,5.268744274955517e-07,5.268744274955517e-07,0.012528973012825819,0.012528973012825819,3.012102701250966e+21,1.5954216884474993e-05,9.229595562117292e-19,4.954703152658314e-23,4.954703152658314e-22,1.1076769180051558e-20,1.8625632456264503e+19,35000000000000.0,35000000000000.0,0.0,0.022368209691498477,0.0008660516080508229,1.6410521570650093e-05,5.437255154705528e-06,1.6410521570650093e-05,5.437255154705528e-06,2.2318060257210116e-29,8.198963396579588e+18,7.716017543933823e+18,1.6956890752592693,1.5589690446389191e-21,-126511.5936679962,2.575197917828008e+21,0.0,0.0,0.0,0.0,0.0,0.3333333333333333,0.3333333333333333,2.0,9.291784035179553e-25,1.5748113098161132e-20,0.0,9.229586270333256e-19,,0.0,0.0,0.0,0.0,0.0,9.291784035179553e-25,9.229586270333256e-19,0.01706262532542485,15.0,1.3844393343175937e-17,1.1076769180051557e-26,4.953595475740309e-23,,,1.1076769180051557e-26,4.953595475740309e-23,10.0,,9.536544540177922e-08,3.4095948968030423,33635040348142.742,7.941596606859856e-06,0.000858110011443963,7.941596606859856e-06,0.000858110011443963,0.022368209691498477,0.0008660516080508229,False,False,1.0,1.7716976976433911,6.213750627276345e-09,0.311914051502956,0.5473020403466876,1.0,1.4869547581787006,2.816553621012852e-07,0.22753066971534172,0.6645936502096743,0.27813263698009605,0.22678823992903563,0.021515718823644767,0.011664378174039145,True,ANP6,125.0,8.0,7.76068019011021e+19,$(U_{0.8}Pu_{0.2})N$
D1_Kd3p2e5_fn5p1e-4_ANP6,rizk2025_refit_plot,rizk2025_refit_full,1200.0,3.2,35000000000000.0,1.6233414913456097e+23,2.203609443267885e+26,2.5878845278535107e+25,9.942797408365836e+23,1.0650251319007846e+19,1.730315754623075,65.34502373203368,2.1576116875206495,1.2447611510147296,3.4023728385353795,0.28657466317670105,3.68894750171208,6614980495166.322,1.6537451237915807e+18,111.83650420452138,0.19097512273936917,186380869.7485476,19850405.874097854,9.389272487962069,1283069670.0652215,1283002824.2351618,41838310.09669463,33973512.79729819,1.0000521010778753,1.2314979126922048,0.061751681714945966,83.82499288669817,9.844276298671925,6.268979132914979,6.268979132914979,0.0,1.6480027186656538e+25,1.6480027186656538e+25,0.0,2.6288215094111468e+26,2.6288215094111468e+26,1.0318286931849028,1.3709760182979034e+17,0.004532633480019937,4.115504613750535e-07,5.477525013393359e-07,5.477525013393359e-07,0.013377624100364017,0.013377624100364017,3.175552203746781e+21,1.6950099338964814e-05,9.229612338152461e-19,6.611179243465562e-23,6.611179243465562e-22,3.503783313863259e-20,1.8625632456264503e+19,35000000000000.0,35000000000000.0,0.0,0.02237254512640615,0.0008655227081725143,1.6404456055094125e-05,5.423513944094874e-06,1.6404456055094125e-05,5.423513944094874e-06,2.3229506500629754e-29,8.40240173915681e+18,8.031177703579995e+18,3.4081383384691697,2.0438663422404716e-21,-142585.58328775383,2.5738532545865775e+21,0.0,0.0,0.0,0.0,0.0,0.3333333333333333,0.3333333333333333,2.0,2.6067819204802983e-24,1.635620778320907e-20,0.0,9.229586270333256e-19,,0.0,0.0,0.0,0.0,0.0,2.6067819204802983e-24,9.229586270333256e-19,0.017721446127913074,15.0,1.3844418507228693e-17,3.503783313863259e-26,6.607675460151699e-23,,,3.503783313863259e-26,6.607675460151699e-23,10.0,,9.536544540177922e-08,3.4095948968030423,33608135126810.406,8.097554540706788e-06,0.0008574251536318076,8.097554540706788e-06,0.0008574251536318076,0.02237254512640615,0.0008655227081725143,False,False,1.0,1.77265947666928,6.215640723372509e-09,0.3121637611007685,0.5469639466426157,1.0,1.5017091300050758,2.819574339148364e-07,0.23249641775713092,0.6575391219673548,0.27839264804623554,0.2317547665715985,0.021576116875206493,0.012447611510147297,True,ANP6,125.0,8.0,7.76068019011021e+19,$(U_{0.8}Pu_{0.2})N$
D1_Kd3p2e5_fn5p1e-4_ANP6,rizk2025_refit_plot,rizk2025_refit_full,1225.0,3.2,35000000000000.0,1.6222507020420076e+23,2.2034134214792052e+26,2.59069733623054e+25,9.933926972452958e+23,1.0616429230301323e+19,1.7324596571086817,66.74126013734781,2.1637095551340817,1.3220573202910564,3.4857668754251376,0.39896165508008474,3.884728530505223,6028130338198.699,1.5070325845496748e+18,128.80419770436376,0.2308467319031361,107580743.2445041,17235463.125941187,6.241824919841217,1281471030.9148672,1281415120.3410873,39766223.020721816,33262782.204462875,1.0000436318979637,1.195517042930533,0.06171018824345324,83.8175362454626,9.854976182125249,6.265777384168692,6.265777384168692,0.0,1.647161036068457e+25,1.647161036068457e+25,0.0,2.6288215094111468e+26,2.628821509411147e+26,1.0338530777494817,1.369140917734206e+17,0.004528976061274906,4.097980737940712e-07,5.652273149742025e-07,5.652273149742025e-07,0.014217002953557116,0.014217002953557116,3.325171604539668e+21,1.7981518753461034e-05,9.229656387498668e-19,8.707186635561624e-23,8.707186635561624e-22,1.057421518979397e-19,1.8625632456264503e+19,35000000000000.0,35000000000000.0,0.0,0.022377388964369013,0.0008650294624431443,1.639838874042954e-05,5.4110001477600886e-06,1.639838874042954e-05,5.4110001477600886e-06,2.3996161208179543e-29,8.603964766728083e+18,8.290932421279879e+18,7.077959841948219,2.936882575914813e-21,-163233.09027661328,2.5725110216438013e+21,0.0,0.0,0.0,0.0,0.0,0.3333333333333333,0.3333333333333333,2.0,7.011716541319382e-24,1.5757510302933402e-20,0.0,9.229586270333256e-19,,0.0,0.0,0.0,0.0,0.0,7.011716541319382e-24,9.229586270333256e-19,0.017072694411762224,15.0,1.3844484581248001e-17,1.057421518979397e-25,8.696612420371831e-23,,,1.057421518979397e-25,8.696612420371831e-23,10.0,,9.536544540177922e-08,3.4095948968030423,33582908910212.906,8.243801780645224e-06,0.0008567856606624991,8.243801780645224e-06,0.0008567856606624991,0.022377388964369013,0.0008650294624431443,False,False,1.0,1.7736306604811398,6.217490315999633e-09,0.31241570551040876,0.5466228863016954,1.0,1.5158840232064974,2.822565327866246e-07,0.23719676299126835,0.6508774737510136,0.27865466688987617,0.23645586741765937,0.02163709555134082,0.013220573202910563,True,ANP6,125.0,8.0,7.76068019011021e+19,$(U_{0.8}Pu_{0.2})N$
D1_Kd3p2e5_fn5p1e-4_ANP6,rizk2025_refit_plot,rizk2025_refit_full,1250.0,3.2,35000000000000.0,1.621150747810618e+23,2.203258151061856e+26,2.5930884458618126e+25,9.925228794900996e+23,1.058323431020975e+19,1.7346063566162282,68.06633828745021,2.169861113676348,1.3979903841219534,3.567851497798301,0.5878685582626123,4.155720056060913,5275982040712.151,1.3189955101780378e+18,153.22847663879057,0.2859323802046235,63430889.501908675,14488168.574783023,4.3781164730724855,1279876850.22313,1279829277.422141,38003272.144240536,32615240.599909205,1.0000371712085574,1.1651998098197789,0.061668346139398186,83.81162978065345,9.864071929488516,6.262629943718654,6.262629943718654,0.0,1.6463336301529917e+25,1.6463336301529917e+25,0.0,2.6288215094111468e+26,2.628821509411147e+26,1.035847341371063,1.3673015109048528e+17,0.004525312832288643,4.0814002857505585e-07,5.793360079720641e-07,5.793360079720641e-07,0.01504342813869026,0.01504342813869026,3.459985674787188e+21,1.904694464901541e-05,9.229767552555075e-19,1.1334130523459807e-22,1.1334130523459808e-21,3.0533079764031823e-19,1.8625632456264503e+19,35000000000000.0,35000000000000.0,0.0,0.022382772249148752,0.0008645742300439485,1.6392317902377608e-05,5.399588380870514e-06,1.6392317902377608e-05,5.399588380870514e-06,2.4619166441795228e-29,8.803935005566124e+18,8.496338646491813e+18,15.375936748659958,4.617044342074917e-21,-186129.72459586879,2.571172224640502e+21,0.0,0.0,0.0,0.0,0.0,0.3333333333333333,0.3333333333333333,2.0,1.8128222181985484e-23,1.4206355952567515e-20,0.0,9.229586270333256e-19,,0.0,0.0,0.0,0.0,0.0,1.8128222181985484e-23,9.229586270333256e-19,0.015391889201624338,15.0,1.3844651328832612e-17,3.0533079764031822e-25,1.1303597443695776e-22,,,3.0533079764031822e-25,1.1303597443695776e-22,10.0,,9.536544540177922e-08,3.4095948968030423,33559292234998.68,8.380778846340334e-06,0.0008561934511976082,8.380778846340334e-06,0.0008561934511976082,0.022382772249148752,0.0008645742300439485,False,False,1.0,1.774610360199849,6.219306126741769e-09,0.31266964868119357,0.5462791804151266,1.0,1.5294707874118092,2.825513244714194e-07,0.24163901515130917,0.6445960574770503,0.2789184944394472,0.24089885071487982,0.02169861113676348,0.013979903841219533,True,ANP6,125.0,8.0,7.76068019011021e+19,$(U_{0.8}Pu_{0.2})N$
D1_Kd3p2e5_fn5p1e-4_ANP6,rizk2025_refit_plot,rizk2025_refit_full,1275.0,3.2,35000000000000.0,1.620028431672601e+23,2.2031379915049317e+26,2.595113382564646e+25,9.916646191142767e+23,1.0550735435531936e+19,1.73675778678855,69.32414963342706,2.1760616344305728,1.4723972421842404,3.648458876614813,0.8972369211712103,4.545695797786023,4403183400703.938,1.1007958501759846e+18,187.38175246566766,0.3568637466031847,38246378.070049435,11847471.649656769,3.2282312379415963,1278284992.5786676,1278243873.0878048,36493077.08709887,32023472.509059813,1.000032168736912,1.1395727642208242,0.06162565339156425,83.80705892803016,9.871774760188828,6.25954065838944,6.25954065838944,0.0,1.645521512180777e+25,1.645521512180777e+25,0.0,2.6288215094111468e+26,2.6288215094111468e+26,1.0378069043807896,1.3654491512098597e+17,0.004521629661535151,4.0656921196872566e-07,5.902309651778125e-07,5.902309651778125e-07,0.015855060518750852,0.015855060518750852,3.579461976517415e+21,2.0146894476497655e-05,9.230037822986944e-19,1.4605900990819512e-22,1.4605900990819512e-21,8.457331924393166e-19,1.8625632456264503e+19,35000000000000.0,35000000000000.0,0.0,0.022388813693893693,0.0008641634301408195,1.638623809922406e-05,5.389150728697923e-06,1.638623809922406e-05,5.389150728697923e-06,2.510468321691265e-29,9.002632633783021e+18,8.650233419725095e+18,35.31454686514396,7.894400457983329e-21,-207472.8834911918,2.569840438776177e+21,0.0,0.0,0.0,0.0,0.0,0.3333333333333333,0.3333333333333333,2.0,4.5155265368944576e-23,1.2079846732221998e-20,0.0,9.229586270333256e-19,,0.0,0.0,0.0,0.0,0.0,4.5155265368944576e-23,9.229586270333256e-19,0.013087537628651693,15.0,1.3845056734480417e-17,8.457331924393166e-25,1.452132767157558e-22,,,8.457331924393166e-25,1.452132767157558e-22,10.0,,9.536544540177922e-08,3.4095948968030423,33537174289890.824,8.509215992999102e-06,0.0008556542141478204,8.509215992999102e-06,0.0008556542141478204,0.022388813693893693,0.0008641634301408195,False,False,1.0,1.775597525855904,6.221099887744319e-09,0.3129253135898317,0.5459332053045666,1.0,1.5424879433862875,2.828411326657921e-07,0.24583852852466295,0.638671027420149,0.27918391775516604,0.24509907098043332,0.021760616344305726,0.014723972421842403,True,ANP6,125.0,8.0,7.76068019011021e+19,$(U_{0.8}Pu_{0.2})N$
D1_Kd3p2e5_fn5p1e-4_ANP6,rizk2025_refit_plot,rizk2025_refit_full,1300.0,3.2,35000000000000.0,1.6188550266623686e+23,2.2030462041956405e+26,2.5968358035718182e+25,9.908073161664543e+23,1.0518903839817013e+19,1.7389186241678696,70.52148387434903,2.1823057187307855,1.54533777197629,3.727643490707075,1.392252919341992,5.119896410049067,3485113443723.705,8.712783609309262e+17,234.5205559949808,0.44244553087271365,23570031.798114434,9466121.170408245,2.4899355685194475,1276691522.8894014,1276655485.28031,35187156.16555684,31479768.689431768,1.0000282281394683,1.1177704802313144,0.06158101723022612,83.80356735171117,9.878326825443189,6.256524805615426,6.256524805615426,0.0,1.6447286983166226e+25,1.6447286983166226e+25,0.0,2.6288215094111468e+26,2.6288215094111468e+26,1.0397330403721858,1.363565712723337e+17,0.0045178920521877644,4.050737180059274e-07,5.981198891694424e-07,5.981198891694424e-07,0.016652473556767446,0.016652473556767446,3.683304178635207e+21,2.1285872819906242e-05,9.23067223883602e-19,1.8677388802971109e-22,1.8677388802971108e-21,2.2525702314749626e-18,1.8625632456264503e+19,35000000000000.0,35000000000000.0,0.0,0.022395825935471205,0.0008638131323988417,1.6380136162194037e-05,5.379553428265059e-06,1.6380136162194037e-05,5.379553428265059e-06,2.546135494539715e-29,9.200391440118768e+18,8.756245977678281e+18,86.79364684252097,1.4640477030488953e-20,-223763.9503697026,2.5685244736815843e+21,0.0,0.0,0.0,0.0,0.0,0.3333333333333333,0.3333333333333333,2.0,1.085968502764781e-22,9.755018938795317e-21,0.0,9.229586270333256e-19,,0.0,0.0,0.0,0.0,0.0,1.085968502764781e-22,9.229586270333256e-19,0.01056804822703294,15.0,1.384600835825403e-17,2.2525702314749626e-24,1.8452131779823613e-22,,,2.2525702314749626e-24,1.8452131779823613e-22,10.0,,9.536544540177922e-08,3.4095948968030423,33516397931213.53,8.630222100747707e-06,0.0008551829102980941,8.630222100747707e-06,0.0008551829102980941,0.022395825935471205,0.0008638131323988417,False,False,1.0,1.77659078238853,6.222893711548373e-09,0.31318234000849,0.545585449602613,1.0,1.554987085155261,2.8312614756245277e-07,0.24982008206985687,0.6330655217252749,0.27945069683895657,0.24908130933722972,0.021823057187307853,0.0154533777197629,True,ANP6,125.0,8.0,7.76068019011021e+19,$(U_{0.8}Pu_{0.2})N$
D1_Kd3p2e5_fn5p1e-4_ANP6,rizk2025_refit_plot,rizk2025_refit_full,1325.0,3.2,35000000000000.0,1.617569047758213e+23,2.2029738080046353e+26,2.5983358041138057e+25,9.8993027616042e+23,1.0487587445049362e+19,1.7410991969428635,71.66862232255154,2.1885867312475593,1.6171539755791826,3.805740706826742,1.9713549030420183,5.777095609868761,2508731217878.343,6.271828044695857e+17,293.844389939698,0.5,13974750.561088957,7555019.173432521,1.8497306545867729,1275088534.4309418,1275056587.1824088,34042161.007063635,30975898.9088513,1.000025055553498,1.0989886397561865,0.06153209877381697,83.80081341080093,9.88403280638034,6.253621684044943,5.379308313465237,0.8743133705797062,1.6439655194737304e+25,1.4141241400191614e+25,2.2984137945456906e+24,2.6288215094111468e+26,2.60583737146569e+26,1.0416345238578653,1.3616128302429998e+17,0.0045140238374598365,4.0363457881366986e-07,6.031647208803363e-07,6.031647208803363e-07,0.017439327432703128,0.017439327432703128,3.7709798300515744e+21,2.2475671183838018e-05,9.232112917471617e-19,2.378617999571639e-22,2.378617999571639e-21,5.78187606487805e-18,1.8625632456264503e+19,35000000000000.0,35000000000000.0,0.0,0.02240453259670124,0.000863560503934442,1.637398301894901e-05,5.370652925505615e-06,1.637398301894901e-05,5.370652925505615e-06,2.569600347688013e-29,9.397557172656615e+18,8.817181741376762e+18,149.64395582572087,1.9217155116375585e-20,-241941.88537683012,2.5672438052467056e+21,2.7256903739760485e+21,0.0,0.0,0.0,0.0,0.3333333333333333,0.3333333333333333,2.0,2.5266471383605937e-22,7.527425499158216e-21,0.0,9.229586270333256e-19,,0.0,0.0,0.0,0.0,0.0,2.5266471383605937e-22,9.229586270333256e-19,0.008153524081050495,15.0,1.3848169376207425e-17,5.78187606487805e-24,2.3207992389228585e-22,,,5.78187606487805e-24,2.3207992389228585e-22,10.0,,9.536544540177922e-08,3.4095948968030423,33496752962118.527,8.74544749027311e-06,0.0008548150564441689,8.74544749027311e-06,0.0008548150564441689,0.02240453259670124,0.000863560503934442,False,False,1.0,1.7775881083353275,6.224730971969404e-09,0.3134402018325461,0.5452366259724388,1.0,1.5670601276366873,2.834076748550934e-07,0.2536196437609272,0.6277273128560169,0.2797185407762121,0.25288153804532226,0.021885867312475594,0.016171539755791827,True,ANP6,125.0,8.0,7.76068019011021e+19,$(U_{0.8}Pu_{0.2})N$
D1_Kd3p2e5_fn5p1e-4_ANP6,rizk2025_refit_plot,rizk2025_refit_full,1350.0,3.2,35000000000000.0,1.616042418266148e+23,2.202907499759917e+26,2.5997244373447208e+25,9.889925662133763e+23,1.0456490044814064e+19,1.7433212669007456,72.77971422660444,2.1948958687360625,1.6885175368026453,3.8834134055387075,2.260883637982375,6.144297043521083,1907336619709.4758,4.7683415492736896e+17,337.0006954619961,0.5,9972197.996224996,6587523.497411749,1.5138007477533995,1273459934.5361829,1273431376.1609116,33018256.44829796,30503005.1792713,1.000022426316648,1.0824591299855244,0.06147402600293466,83.79829105451005,9.889315147634562,6.250919771852459,4.4012539531862425,1.8496658186662154,1.643255234984916e+25,1.1570111060516836e+25,4.862441289332325e+24,2.6288215094111468e+26,2.5801970965178237e+26,1.0435289912271246,1.3595108420074118e+17,0.004509864968696506,4.0222275004454814e-07,6.053489160004123e-07,6.053489160004123e-07,0.018222919647141473,0.018222919647141473,3.8408143370874897e+21,2.3740522311673248e-05,9.235283837640407e-19,3.0343633300233184e-22,3.0343633300233186e-21,1.4331663655150738e-17,1.8625632456264503e+19,35000000000000.0,35000000000000.0,0.0,0.022416497569350803,0.0008634866017084794,1.636771745620733e-05,5.362294037552619e-06,1.636771745620733e-05,5.362294037552619e-06,2.5807950537091076e-29,9.594505406630115e+18,8.83294057587043e+18,191.9327558251656,2.1511904498230846e-20,-156543.4082737035,2.566039355301462e+21,1.8979161596826852e+21,0.0,0.0,0.0,0.0,0.3333333333333333,0.3333333333333333,2.0,5.697567307150379e-22,5.580606868254579e-21,0.0,9.229586270333256e-19,,0.0,0.0,0.0,0.0,0.0,5.697567307150379e-22,9.229586270333256e-19,0.006042702061315758,15.0,1.385292575646061e-17,1.433166365515074e-23,2.891046693471811e-22,,,1.433166365515074e-23,2.891046693471811e-22,10.0,,9.536544540177922e-08,3.4095948968030423,33477973606338.42,8.857346435976037e-06,0.0008546292552725033,8.857346435976037e-06,0.0008546292552725033,0.022416497569350803,0.0008634866017084794,False,False,1.0,1.7785862337510634,6.226697724215934e-09,0.313698052327065,0.5448878801886958,1.0,1.5788443546628177,2.8368834578000125e-07,0.25728538616143304,0.622587522872485,0.279987068651778,0.2565479361155984,0.021948958687360624,0.016885175368026452,True,ANP6,125.0,8.0,7.76068019011021e+19,$(U_{0.8}Pu_{0.2})N$
D1_Kd3p2e5_fn5p1e-4_ANP6,rizk2025_refit_plot,rizk2025_refit_full,1375.0,3.2,35000000000000.0,1.6140162019919886e+23,2.2028259782698453e+26,2.601168243545314e+25,9.879136390658174e+23,1.0425185395854627e+19,1.74562921265387,73.8719178131654,2.201220729087518,1.7603965888936375,3.961617317981156,2.505745633624136,6.467362951605292,1552779555348.0989,3.881948888370247e+17,373.49910760368675,0.5,8104176.6922195405,5943789.3017822215,1.363469712795764,1271773383.7950475,1271747736.5224354,32079819.7821662,30052015.240957417,1.000020166949683,1.0674764911753778,0.061396949021218505,83.79518998850843,9.894807366088438,6.248605696381917,3.926621821716497,2.32198387466542,1.64264690584778e+25,1.0322387904251508e+25,6.104081154226293e+24,2.6288215094111468e+26,2.567780697868884e+26,1.0454421676099634,1.3570989650577117e+17,0.004505090254710818,4.007959550143502e-07,6.043879195708965e-07,6.043879195708965e-07,0.019013845043328283,0.019013845043328283,3.888511768414946e+21,2.5124486983906294e-05,9.242059895885406e-19,3.912758454223057e-22,3.9127584542230566e-21,3.437073971002977e-17,1.8625632456264503e+19,35000000000000.0,35000000000000.0,0.0,0.02243494770801106,0.0008637604815708215,1.6361214749360572e-05,5.354317303830761e-06,1.6361214749360572e-05,5.354317303830761e-06,2.578513456037829e-29,9.791682096297669e+18,8.799156258459429e+18,288.43574459449906,2.8959743884649656e-20,-139676.19381712686,2.564994265273013e+21,1.8557728678955136e+21,0.0,0.0,0.0,0.0,0.3333333333333333,0.3333333333333333,2.0,1.2473625552150166e-21,3.994251795482064e-21,0.0,9.229586270333256e-19,,0.0,0.0,0.0,0.0,0.0,1.2473625552150166e-21,9.229586270333256e-19,0.00432181985453299,15.0,1.386308984382811e-17,3.437073971002977e-23,3.5690510571227593e-22,,,3.437073971002977e-23,3.5690510571227593e-22,10.0,,9.536544540177922e-08,3.4095948968030423,33459756872926.855,8.969552642929625e-06,0.0008547909289278919,8.969552642929625e-06,0.0008547909289278919,0.02243494770801106,0.0008637604815708215,False,False,1.0,1.7795795454092898,6.228963738817955e-09,0.3139544430262818,0.5445411708349902,1.0,1.590514275740692,2.839720147084018e-07,0.2608746233021924,0.6175650505207912,0.2802557497087575,0.26013782578638694,0.02201220729087518,0.017603965888936375,True,ANP6,125.0,8.0,7.76068019011021e+19,$(U_{0.8}Pu_{0.2})N$
D1_Kd3p2e5_fn5p1e-4_ANP6,rizk2025_refit_plot,rizk2025_refit_full,1400.0,3.2,35000000000000.0,1.610982781524888e+23,2.202693461087825e+26,2.602930886909781e+25,9.86537288702873e+23,1.0393229720146455e+19,1.7481110856246926,74.96133439673416,2.207543118623551,1.8337961748639509,4.041339293487502,2.733016415181491,6.774355708668993,1305266790181.279,3.2631669754531974e+17,407.3754248790728,0.5,6868259.01609334,5449518.710312473,1.260342313000246,1269965232.3050551,1269942178.3065214,31200500.463825326,29615267.895987704,1.0000181535812633,1.053527544420842,0.06128155813384784,83.79014905356684,9.90151243662349,6.247056951675865,3.5858618527882964,2.661195098887569,1.6422397685081946e+25,9.426590768386781e+24,6.995806916695164e+24,2.6288215094111468e+26,2.5588634402441962e+26,1.0474010374190885,1.3540626798541949e+17,0.004499057389892983,3.992968061851962e-07,5.999434521820907e-07,5.999434521820907e-07,0.019823142504150404,0.019823142504150404,3.905446960974391e+21,2.669835659319527e-05,9.256141022594044e-19,5.167759547233053e-22,5.167759547233053e-21,7.989389038480301e-17,1.8625632456264503e+19,35000000000000.0,35000000000000.0,0.0,0.02246630025960105,0.0008647220557366695,1.635422768133703e-05,5.3465878065321245e-06,1.635422768133703e-05,5.3465878065321245e-06,2.5613123577509344e-29,9.989685238675567e+18,8.710622730723219e+18,432.3694561230136,3.953601608043845e-20,-134744.50773701828,2.5642728759001874e+21,1.9449054586182e+21,0.0,0.0,0.0,0.0,0.3333333333333333,0.3333333333333333,2.0,2.6554752260788454e-21,2.7719141772846878e-21,0.0,9.229586270333256e-19,,0.0,0.0,0.0,0.0,0.0,2.6554752260788454e-21,9.229586270333256e-19,0.0029946758271276377,15.0,1.3884211533891066e-17,7.989389038480301e-23,4.368820643385022e-22,,,7.989389038480301e-23,4.368820643385022e-22,10.0,,9.536544540177922e-08,3.4095948968030423,33441832392009.094,9.087385807490657e-06,0.0008556346699291788,9.087385807490657e-06,0.0008556346699291788,0.02246630025960105,0.0008647220557366695,False,False,1.0,1.7805581220157038,6.231859203711065e-09,0.3142068197236254,0.5441999499619325,1.0,1.6022384487764385,2.842627579942883e-07,0.26444032352933944,0.612585496710113,0.2805238119226662,0.2637041842142927,0.02207543118623551,0.018337961748639508,True,ANP6,125.0,8.0,7.76068019011021e+19,$(U_{0.8}Pu_{0.2})N$
D1_Kd3p2e5_fn5p1e-4_ANP6,rizk2025_refit_plot,rizk2025_refit_full,1425.0,3.2,35000000000000.0,1.6059785872568114e+23,2.2024477043423973e+26,2.605450350995813e+25,9.845663775557935e+23,1.0360420277842792e+19,1.7509371176664015,76.05467101792455,2.2138350447809976,1.9091658563265101,4.123000901107508,2.942779588939165,7.065780490046674,1125818286453.0808,2.8145457161327018e+17,438.6421093961654,0.5,5977185.449209689,5061073.600653735,1.1810113665285604,1267913177.1091235,1267892477.4630127,30372814.335031215,29189528.667828843,1.0000163260264405,1.0405380189816675,0.0610911992886329,83.78080050158079,9.911096442525043,6.247011856605555,3.3152975652370453,2.9317142913685097,1.6422279138191146e+25,8.71532554959355e+24,7.706953588597597e+24,2.6288215094111468e+26,2.551751973525171e+26,1.0494179924912794,1.3498067067225654e+17,0.004490531965399987,3.976513613539265e-07,5.927051652030701e-07,5.927051652030701e-07,0.02065571534064085,0.02065571534064085,3.8789905515343323e+21,2.8557474062557867e-05,9.284638864197777e-19,7.108195478197102e-22,7.108195478197102e-21,1.8029544796246132e-16,1.8625632456264503e+19,35000000000000.0,35000000000000.0,0.0,0.02252290601262359,0.0008670325529284761,1.6346278893140985e-05,5.339048707526448e-06,1.6346278893140985e-05,5.339048707526448e-06,2.532114432869429e-29,1.0189444768399606e+19,8.578167698434693e+18,618.8346352379273,5.229599673673255e-20,-132598.0866020805,2.5641917709747204e+21,2.0515619267629904e+21,0.0,0.0,0.0,0.0,0.3333333333333333,0.3333333333333333,2.0,5.505259386452124e-21,1.8723276130120317e-21,0.0,9.229586270333256e-19,,0.0,0.0,0.0,0.0,0.0,5.505259386452124e-21,9.229586270333256e-19,0.002016586364206215,15.0,1.3926958296296666e-17,1.8029544796246133e-22,5.305240998572488e-22,,,1.8029544796246133e-22,5.305240998572488e-22,10.0,,9.536544540177922e-08,3.4095948968030423,33424095763757.273,9.218754052797501e-06,0.0008578137988756786,9.218754052797501e-06,0.0008578137988756786,0.02252290601262359,0.0008670325529284761,False,False,1.0,1.7815041550654385,6.236014845226915e-09,0.3144506049113251,0.5438704020756087,1.0,1.6140881434519103,2.845625128133909e-07,0.2680040346998244,0.6076187986392277,0.28079007487775637,0.26726856770271396,0.022138350447809978,0.019091658563265102,True,ANP6,125.0,8.0,7.76068019011021e+19,$(U_{0.8}Pu_{0.2})N$
D1_Kd3p2e5_fn5p1e-4_ANP6,rizk2025_refit_plot,rizk2025_refit_full,1450.0,3.2,35000000000000.0,1.5972382367654964e+23,2.2019765559744114e+26,2.60949853283064e+25,9.8144945025511e+23,1.0326999506564383e+19,1.7544272662336253,77.14387906603311,2.2200494603259493,1.9859448521883833,4.205994312514333,3.129798587042662,7.335792899556995,995293089031.272,2.48823272257818e+17,466.5186136826612,0.5,5336070.551209104,4758652.570098961,1.1213406468752005,1265388812.4450753,1265370210.9668293,29612557.418001812,28777396.55922331,1.0000147004237059,1.0290214181487807,0.06075871758685039,83.7628780840146,9.926495669214017,6.249867529184525,3.103100674563415,3.146766854621109,1.6429786191690575e+25,8.157497799160545e+24,8.27228839253003e+24,2.6288215094111468e+26,2.5460986254858465e+26,1.0514784113578413,1.3432430992732498e+17,0.0044772141876676065,3.9575367606219686e-07,5.864438745994829e-07,5.864438745994829e-07,0.021505236694587586,0.021505236694587586,3.8006632313805094e+21,3.079768876322307e-05,9.34088619014059e-19,1.03501318176948e-21,1.03501318176948e-20,3.956100289530877e-16,1.8625632456264503e+19,35000000000000.0,35000000000000.0,0.0,0.022627818111109605,0.0008719376297602018,1.6336472679509683e-05,5.331746438100266e-06,1.6336472679509683e-05,5.331746438100266e-06,2.5069874735162596e-29,1.0392593555653612e+19,8.460232754131568e+18,840.725026135579,6.656835761105888e-20,-131921.27735127904,2.56534393563737e+21,2.1609906231478898e+21,0.0,0.0,0.0,0.0,0.3333333333333333,0.3333333333333333,2.0,1.1129991980733449e-20,1.2351760164789186e-21,0.0,9.229586270333256e-19,,0.0,0.0,0.0,0.0,0.0,1.1129991980733449e-20,9.229586270333256e-19,0.0013223327972699858,15.0,1.4011329285210884e-17,3.9561002895308766e-22,6.394031528163924e-22,,,3.9561002895308766e-22,6.394031528163924e-22,10.0,,9.536544540177922e-08,3.4095948968030423,33406682272618.887,9.376720541521525e-06,0.0008625609092186803,9.376720541521525e-06,0.0008625609092186803,0.022627818111109605,0.0008719376297602018,False,False,1.0,1.782385309217178,6.242609529840463e-09,0.31467749606181794,0.5435637418547556,1.0,1.6259751103641966,2.8486915658403096e-07,0.2715391766912305,0.6027020052288242,0.2810525629699826,0.27080440728759414,0.022200494603259492,0.019859448521883833,True,ANP6,125.0,8.0,7.76068019011021e+19,$(U_{0.8}Pu_{0.2})N$
D1_Kd3p2e5_fn5p1e-4_ANP6,rizk2025_refit_plot,rizk2025_refit_full,1475.0,3.2,35000000000000.0,1.581660788225247e+23,2.2010748849956747e+26,2.6164888877333714e+25,9.762005913133876e+23,1.0293207900666442e+19,1.7591614803248998,78.22226399545731,2.2261006493402764,2.0636236616130037,4.2897243109532806,3.2935772004367916,7.583301511390072,898768977347.2078,2.2469224433680192e+17,490.9309742696387,0.5,4877625.284186354,4522020.643131571,1.0786384382377612,1261981716.403757,1261964876.3511968,28939299.678008497,28380666.661973946,1.0000133443116175,1.0196835762418168,0.0601661536381577,83.72857864696616,9.953086880818555,6.258168318577139,2.940945431556808,3.317222887020331,1.6451607485390974e+25,7.731220608480985e+24,8.720386876909989e+24,2.6288215094111468e+26,2.541617640642047e+26,1.0535688886761203,1.3324575877586682e+17,0.004454995239538287,3.934048174927458e-07,5.875555994161214e-07,5.875555994161214e-07,0.022366085309759816,0.022366085309759816,3.683919190924179e+21,3.346310240366886e-05,9.449295664440247e-19,1.6104112356588178e-21,1.610411235658818e-20,8.452417180343286e-16,1.8625632456264503e+19,35000000000000.0,35000000000000.0,0.0,0.022822882691428494,0.0008817143364753441,1.6323189659397778e-05,5.3247132796586795e-06,1.6323189659397778e-05,5.3247132796586795e-06,2.5132538964022217e-29,1.060198887069018e+19,8.455056767326719e+18,1086.6382337803855,8.155810289414577e-20,-131801.55304835513,2.5688005540075725e+21,2.265961767302066e+21,0.0,0.0,0.0,0.0,0.3333333333333333,0.3333333333333333,2.0,2.1970939410699096e-20,7.982677016900445e-22,0.0,9.229586270333256e-19,,0.0,0.0,0.0,0.0,0.0,2.1970939410699096e-20,9.229586270333256e-19,0.0008447906913253856,15.0,1.417394349666037e-17,8.452417180343286e-22,7.651695176244892e-22,,,8.452417180343286e-22,7.651695176244892e-22,10.0,,9.536544540177922e-08,3.4095948968030423,33389695398320.23,9.586315561995176e-06,0.000872128020913349,9.586315561995176e-06,0.000872128020913349,0.022822882691428494,0.0008817143364753441,False,False,1.0,1.7831432215759726,6.253778227350205e-09,0.3148725182359691,0.5433001937568376,1.0,1.6378241235766553,2.85180548454781e-07,0.27502414802282144,0.5978649549976536,0.28130768631236985,0.2742901211383331,0.022261006493402763,0.020636236616130038,True,ANP6,125.0,8.0,7.76068019011021e+19,$(U_{0.8}Pu_{0.2})N$
D1_Kd3p2e5_fn5p1e-4_ANP6,rizk2025_refit_plot,rizk2025_refit_full,1500.0,3.2,35000000000000.0,1.5541038176888158e+23,2.1993808704352575e+26,2.62892981581512e+25,9.671544828278475e+23,1.0258211757849997e+19,1.7661432254269198,79.31764500963995,2.2318356878058867,2.1442217792928187,4.376057467098706,3.4379730466907636,7.814030513789469,824857321710.4062,2.0621433042760157e+17,512.4541963372891,0.5,4547367.576556982,4332094.489355751,1.049692611213853,1256991669.523716,1256976199.9134426,28345218.566069584,27988728.10369232,1.0000123070033262,1.0127369297045776,0.05911789035981121,83.66413857165665,10.00041199603543,6.276331541948121,2.8190055699656043,3.4573259719825153,1.6499355357668847e+25,7.410662477475411e+24,9.088692880193436e+24,2.6288215094111468e+26,2.5379345806092126e+26,1.0557442353617872,1.3142434559283928e+17,0.00441694412041918,3.902118556789485e-07,5.979561328262822e-07,5.979561328262822e-07,0.023261651922700573,0.023261651922700573,3.5665226772754517e+21,3.649316465212092e-05,9.653577892834512e-19,2.6703221709632663e-21,2.6703221709632663e-20,1.7607759639859707e-15,1.8625632456264503e+19,35000000000000.0,35000000000000.0,0.0,0.023182120340046054,0.0009004253431244879,1.630363982116e-05,5.317761417903955e-06,1.630363982116e-05,5.317761417903955e-06,2.559148586424598e-29,1.082229472841727e+19,8.590543460879969e+18,1345.6962531423198,9.658876860346797e-20,-131477.85915330058,2.576409386471368e+21,2.360820031862522e+21,0.0,0.0,0.0,0.0,0.3333333333333333,0.3333333333333333,2.0,4.239916225012569e-20,5.067891913502495e-22,0.0,9.229586270333256e-19,,0.0,0.0,0.0,0.0,0.0,4.239916225012569e-20,9.229586270333256e-19,0.0005249755033586253,15.0,1.4480366839251768e-17,1.7607759639859707e-21,9.095462069772957e-22,,,1.7607759639859707e-21,9.095462069772957e-22,10.0,,9.536544540177922e-08,3.4095948968030423,33372696810006.965,9.89657614991038e-06,0.0008905287669745775,9.89657614991038e-06,0.0008905287669745775,0.023182120340046054,0.0009004253431244879,False,False,1.0,1.783677076844367,6.27321602089564e-09,0.315009812276005,0.5431146795661155,1.0,1.6499418596661124,2.8550447702477555e-07,0.2785487773540296,0.5929830531974284,0.28154905409600234,0.2778155609111674,0.022318356878058866,0.021442217792928188,True,ANP6,125.0,8.0,7.76068019011021e+19,$(U_{0.8}Pu_{0.2})N$
D1_Kd3p2e5_fn5p1e-4_ANP6,rizk2025_refit_plot,rizk2025_refit_full,1525.0,3.2,35000000000000.0,1.5067869347592853e+23,2.1962961863048743e+26,2.6509794147390014e+25,9.516991340391333e+23,1.0219562685250554e+19,1.7770217233484913,80.50458016216257,2.2370026273005723,2.2334831974226677,4.47048582472324,3.573961719115844,8.044447543839084,763280163555.7468,1.9082004088893667e+17,532.7242696892743,0.5,4297117.801418107,4167258.9861446987,1.0311616858239823,1249295744.3396728,1249281295.1193373,27794786.573511686,27576070.771727443,1.000011566026316,1.007931362070933,0.05731796279682769,83.54679762175418,10.08428835981648,6.311596055632527,2.7273665066014834,3.5842295490310443,1.6592059469761342e+25,7.169759736601518e+24,9.422299733159823e+24,2.6288215094111468e+26,2.5345985120795488e+26,1.0581609448123561,1.2836529837634349e+17,0.004352183324676786,3.855082710052625e-07,6.139163498051326e-07,6.139163498051326e-07,0.024258660495216546,0.024258660495216546,3.4763404261484575e+21,3.973131368408114e-05,1.0030351091137525e-18,4.655100322574004e-21,4.6551003225740044e-20,3.580777516173852e-15,1.8625632456264503e+19,35000000000000.0,35000000000000.0,0.0,0.02383246008647029,0.0009351798996666404,1.627327183816703e-05,5.310438101238416e-06,1.627327183816703e-05,5.310438101238416e-06,2.628782083152617e-29,1.10613629031489e+19,8.806527894817819e+18,1620.0758885482373,1.1171377449190726e-19,-130212.51404703608,2.59120234280198e+21,2.4445864959656927e+21,0.0,0.0,0.0,0.0,0.3333333333333333,0.3333333333333333,2.0,8.007648208042697e-20,3.1682982816812804e-22,0.0,9.229586270333256e-19,,0.0,0.0,0.0,0.0,0.0,8.007648208042697e-20,9.229586270333256e-19,0.0003158711248383599,15.0,1.5045526636706288e-17,3.5807775161738524e-21,1.0743228064001518e-21,,,3.5807775161738524e-21,1.0743228064001518e-21,10.0,,9.536544540177922e-08,3.4095948968030423,33354567823114.6,1.0396984626378098e-05,0.0009247829150402623,1.0396984626378098e-05,0.0009247829150402623,0.02383246008647029,0.0009351798996666404,False,False,1.0,1.783824085797462,6.306993031676345e-09,0.3150476083883137,0.543063611902028,1.0,1.6631657701672249,2.8586393258329374e-07,0.2823506163484709,0.5877288351207498,0.2817661587489244,0.28161831556934475,0.022370026273005723,0.022334831974226678,True,ANP6,125.0,8.0,7.76068019011021e+19,$(U_{0.8}Pu_{0.2})N$
D1_Kd3p2e5_fn5p1e-4_ANP6,rizk2025_refit_plot,rizk2025_refit_full,1550.0,3.2,35000000000000.0,1.4296646184936376e+23,2.1908969012337804e+26,2.68907143214528e+25,9.261524965077088e+23,1.0172926121265738e+19,1.794337107573673,81.90684065553637,2.2412134847780036,2.3415046427915045,4.582718127569509,3.7171963998128352,8.299914527382343,705590545842.4163,1.7639763646060406e+17,554.0744118187647,0.5000000000000002,4086214.822015366,4006682.049641651,1.0198500333663432,1237239362.2160482,1237225708.9426827,27235256.912886683,27103963.261583116,1.000011035394162,1.0048440757551373,0.05438424074724955,83.34140957803326,10.229189857578536,6.375016323640955,2.6568589880798315,3.718157335561125,1.6758780034434517e+25,6.984408055336595e+24,9.774371979097923e+24,2.6288215094111468e+26,2.5310777896201678e+26,1.0610962305449074,1.2340597526603746e+17,0.004245341476121034,3.7831295136580946e-07,6.341668816185014e-07,6.341668816185014e-07,0.025474719925420535,0.025474719925420535,3.411025901666576e+21,4.3021081162957025e-05,1.0711233129353537e-18,8.378501496912049e-21,8.378501496912049e-20,7.11715258415843e-15,1.8625632456264503e+19,35000000000000.0,35000000000000.0,0.0,0.02498290667164024,0.0009981808866745723,1.6225169807057123e-05,5.302054712808434e-06,1.6225169807057123e-05,5.302054712808434e-06,2.7168009474480955e-29,1.1332071821963856e+19,9.078893345711311e+18,1933.2570688944286,1.2804328332094264e-19,-127540.81026788116,2.6178534635935577e+21,2.5232372128778677e+21,0.0,0.0,0.0,0.0,0.3333333333333333,0.3333333333333333,2.0,1.4816468590202815e-19,1.9547622806480766e-22,0.0,9.229586270333256e-19,,0.0,0.0,0.0,0.0,0.0,1.4816468590202815e-19,9.229586270333256e-19,0.00018249647421930904,15.0,1.6066849694030306e-17,7.11715258415843e-21,1.2613489127536196e-21,,,7.11715258415843e-21,1.2613489127536196e-21,10.0,,9.536544540177922e-08,3.4095948968030423,33333546359375.14,1.1244098567481838e-05,0.0009869367881070905,1.1244098567481838e-05,0.0009869367881070905,0.02498290667164024,0.0009981808866745723,False,False,1.0,1.7833418813520703,6.364459027854832e-09,0.3149236157224781,0.543231147827983,1.0,1.6789121217560232,2.863000962235544e-07,0.286818331777345,0.5815700222941761,0.2819428436036441,0.28608714326554385,0.022412134847780037,0.023415046427915046,True,ANP6,125.0,8.0,7.76068019011021e+19,$(U_{0.8}Pu_{0.2})N$
D1_Kd3p2e5_fn5p1e-4_ANP6,rizk2025_refit_plot,rizk2025_refit_full,1575.0,3.2,35000000000000.0,1.3132580692524704e+23,2.18188674199536e+26,2.7522442032199246e+25,8.862120792798836e+23,1.0111697401479209e+19,1.8216298589024702,83.70089003277536,2.24391645608579,2.4837215310561165,4.7276379871419065,3.886717152782844,8.61435513992475,645383554850.169,1.6134588871254224e+17,579.3426789185768,0.5,3882417.0131518515,3831928.9787935824,1.0131756185038074,1218701777.3584769,1218688851.1684518,26601774.36246385,26523015.455757983,1.000010606636807,1.0029694552204007,0.049956152007697124,82.99866438950815,10.469498189081786,6.481881269402379,2.6002723434467843,3.8816089259555953,1.7039708902454203e+25,6.835651866779835e+24,1.0204057035674368e+25,2.6288215094111468e+26,2.5267809390544033e+26,1.0649786153791183,1.1586008458767328e+17,0.004078355441856116,3.674046194549153e-07,6.599596902571608e-07,6.599596902571608e-07,0.027090493536467926,0.027090493536467926,3.351224687743561e+21,4.632941092962499e-05,1.1918027971817664e-18,1.5313431223305902e-20,1.5313431223305902e-19,1.384090397445483e-14,1.8625632456264503e+19,35000000000000.0,35000000000000.0,0.0,0.02696103189254299,0.0011099737725665515,1.614993770419642e-05,5.291731225435399e-06,1.614993770419642e-05,5.291731225435399e-06,2.8286934287292204e-29,1.1652742002187588e+19,9.41939041095041e+18,2336.024996745321,1.4784174855205886e-19,-123205.0603799847,2.662908930156606e+21,2.6080904282706417e+21,0.0,0.0,0.0,0.0,0.3333333333333333,0.3333333333333333,2.0,2.6884417014844093e-19,1.1925617140326962e-22,0.0,9.229586270333256e-19,,0.0,0.0,0.0,0.0,0.0,2.6884417014844093e-19,9.229586270333256e-19,0.00010006367805585995,15.0,1.7877041957726496e-17,1.384090397445483e-20,1.4725272488510705e-21,,,1.384090397445483e-20,1.4725272488510705e-21,10.0,,9.536544540177922e-08,3.4095948968030423,33307294430757.227,1.2707319596544457e-05,0.0010972664529700072,1.2707319596544457e-05,0.0010972664529700072,0.02696103189254299,0.0011099737725665515,False,False,1.0,1.7819116460782194,6.458672302193921e-09,0.31455555204919855,0.543728552195234,1.0,1.6992487780772911,2.8687679667413924e-07,0.2924954693199836,0.5737688161495426,0.28205614193685385,0.2917657442463095,0.0224391645608579,0.024837215310561163,True,ANP6,125.0,8.0,7.76068019011021e+19,$(U_{0.8}Pu_{0.2})N$
D1_Kd3p2e5_fn5p1e-4_ANP6,rizk2025_refit_plot,rizk2025_refit_full,1600.0,3.2,35000000000000.0,1.1547831505629699e+23,2.1676852674295658e+26,2.8515414471342136e+25,8.28448071889635e+23,1.002706664006983e+19,1.863156313062031,86.1006823164704,2.244407844699706,2.6809103407391777,4.925318185438884,4.108784551019845,9.03410273645873,577506704600.7471,1.4437667615018675e+17,612.4433951111583,0.5,3658789.09925686,3624824.788251771,1.0093699179930486,1191538567.3001008,1191526435.2412329,25831818.014670074,25783767.796870653,1.0000101819468785,1.0018635840261194,0.04392778841883564,82.45844229702476,10.847223506524625,6.65040640803178,2.552788601951817,4.097617806079962,1.7482731411759666e+25,6.710825585790547e+24,1.0771905825969118e+25,2.6288215094111468e+26,2.5211024511514557e+26,1.0703955879673468,1.053683849390122e+17,0.0038365752618372347,3.5164261507416403e-07,6.930727889640841e-07,6.930727889640841e-07,0.02935314489044862,0.02935314489044862,3.2763128834409675e+21,4.978992641756737e-05,1.4017765731852965e-18,2.8072866441166047e-20,2.8072866441166047e-19,2.6363059898109156e-14,1.8625632456264503e+19,35000000000000.0,35000000000000.0,0.0,0.030250003049399284,0.001304513730539796,1.6036850661262923e-05,5.278582945689994e-06,1.6036850661262923e-05,5.278582945689994e-06,2.9722826206235786e-29,1.2045496426399222e+19,9.84406067830876e+18,2925.3032204904075,1.7498167398503368e-19,-116764.83930901223,2.7343302212849385e+21,2.711833771797874e+21,0.0,0.0,0.0,0.0,0.3333333333333333,0.3333333333333333,2.0,4.788179461519709e-19,7.206892439595517e-23,0.0,9.229586270333256e-19,,0.0,0.0,0.0,0.0,0.0,4.788179461519709e-19,9.229586270333256e-19,5.141256158404111e-05,15.0,2.1026648597779448e-17,2.6363059898109155e-20,1.7098065430568916e-21,,,2.6363059898109155e-20,1.7098065430568916e-21,10.0,,9.536544540177922e-08,3.4095948968030423,33273335627675.504,1.5244899289875192e-05,0.0012892688312499208,1.5244899289875192e-05,0.0012892688312499208,0.030250003049399284,0.001304513730539796,False,False,1.0,1.7791890927989555,6.605427523746727e-09,0.3138536862519225,0.5446774137781247,1.0,1.726778451192699,2.8768162768428453e-07,0.30001900184638364,0.5634740626421714,0.2820767293136472,0.2992913027285034,0.02244407844699706,0.026809103407391777,True,ANP6,125.0,8.0,7.76068019011021e+19,$(U_{0.8}Pu_{0.2})N$
D1_Kd3p2e5_fn5p1e-4_ANP6,rizk2025_refit_plot,rizk2025_refit_full,1625.0,3.2,35000000000000.0,9.644646219727351e+22,2.1467131657211675e+26,2.998098668109791e+25,7.525786535456465e+23,9.908647809532512e+18,1.9230581170467191,89.3229731777648,2.241907722276715,2.9579614714028777,5.199869193679593,4.409764667034861,9.609633860714453,501363763821.0263,1.2534094095525658e+17,657.3066099680756,0.5,3401999.700162676,3377419.2535623857,1.0072778783902425,1154422476.6341999,1154411289.1446571,24883802.633078057,24853628.59095498,1.0000096910777363,1.0012140698897407,0.03668809839389872,81.66066650154688,11.40472511114443,6.897920288914816,2.511250962151269,4.386669326763547,1.813340122570282e+25,6.601630544832693e+24,1.1531770680870127e+25,2.6288215094111468e+26,2.513503802602446e+26,1.0780736804661244,9.232063247634563e+16,0.003518148977811625,3.305030234907379e-07,7.351473730490372e-07,7.351473730490372e-07,0.03256895484385731,0.03256895484385731,3.175046772967906e+21,5.364250075818973e-05,1.7607334386319764e-18,5.120371716109041e-20,5.120371716109041e-19,4.922854290289942e-14,1.8625632456264503e+19,35000000000000.0,35000000000000.0,0.0,0.035513759036113014,0.0016369290564443408,1.587665681840886e-05,5.262020684732156e-06,1.587665681840886e-05,5.262020684732156e-06,3.1549443773342685e-29,1.2532002235893197e+19,1.036227416958775e+19,3860.463385367274,2.1497260201130546e-19,-108120.02486493297,2.840054500794273e+21,2.845355063378658e+21,0.0,0.0,0.0,0.0,0.3333333333333333,0.3333333333333333,2.0,8.377748115986507e-19,4.32093384762443e-23,0.0,9.229586270333256e-19,,0.0,0.0,0.0,0.0,0.0,8.377748115986507e-19,9.229586270333256e-19,2.454053380721634e-05,15.0,2.6411001579479647e-17,4.922854290289942e-20,1.9751742581909914e-21,,,4.922854290289942e-20,1.9751742581909914e-21,10.0,,9.536544540177922e-08,3.4095948968030423,33229869847608.453,1.962901581226964e-05,0.0016173000406320712,1.962901581226964e-05,0.0016173000406320712,0.035513759036113014,0.0016369290564443408,False,False,1.0,1.774909146923297,6.8203352881193515e-09,0.31274705371359107,0.5461744266188878,1.0,1.7643129473688755,2.888231117904581e-07,0.30998989969100227,0.5499091945513915,0.2819719521035752,0.3092650460099473,0.02241907722276715,0.029579614714028778,True,ANP6,125.0,8.0,7.76068019011021e+19,$(U_{0.8}Pu_{0.2})N$
D1_Kd3p2e5_fn5p1e-4_ANP6,rizk2025_refit_plot,rizk2025_refit_full,1650.0,3.2,35000000000000.0,7.647480691980696e+22,2.117784953874034e+26,3.2005577986183204e+25,6.628850149881738e+23,9.74549416899247e+18,2.0042925193487675,93.54754214680125,2.235682500961193,3.341870521805321,5.577553022766514,4.825802871250521,10.403355894017036,418643751817.51776,1.0466093795437944e+17,719.3200465749048,0.5,3105607.841124702,3086247.92339751,1.0062729625771216,1107632834.5918653,1107622753.94877,23750871.51953553,23731248.828710254,1.0000091011520478,1.00082687139505,0.029090908852513624,80.56024139685374,12.174876792358726,7.2357909019350375,2.4739123762887507,4.761878525646288,1.902160276060831e+25,6.50347406718631e+24,1.2518128693421999e+25,2.6288215094111468e+26,2.5036402224769276e+26,1.0888448131021986,7.793758323880246e+16,0.003139990410601582,3.044982075347662e-07,7.874059733020809e-07,7.874059733020809e-07,0.03709041264031587,0.03709041264031587,3.0515250310449285e+21,5.813310825093032e-05,2.364150646143271e-18,9.247330480694055e-20,9.247330480694055e-19,9.020265555838444e-14,1.8625632456264503e+19,35000000000000.0,35000000000000.0,0.0,0.0436009193074443,0.0021952304087060545,1.566492707871295e-05,5.242007456407554e-06,1.566492707871295e-05,5.242007456407554e-06,3.382504052571556e-29,1.3128253994648193e+19,1.0971537439905444e+19,5445.4201631371425,2.7684034655167744e-19,-97084.48934989108,2.986056027133459e+21,3.014273860872591e+21,0.0,0.0,0.0,0.0,0.3333333333333333,0.3333333333333333,2.0,1.441192019109945e-18,2.5738368843747513e-23,0.0,9.229586270333256e-19,,0.0,0.0,0.0,0.0,0.0,1.441192019109945e-18,9.229586270333256e-19,1.0886941103239548e-05,15.0,3.546225969214906e-17,9.020265555838444e-20,2.2706492485561157e-21,,,9.020265555838444e-20,2.2706492485561157e-21,10.0,,9.536544540177922e-08,3.4095948968030423,33176674761278.777,2.714519705106502e-05,0.0021680852116549897,2.714519705106502e-05,0.0021680852116549897,0.0436009193074443,0.0021952304087060545,False,False,1.0,1.7689916049211638,7.115040936053038e-09,0.3112103636303727,0.5482551105740933,1.0,1.81446768679753,2.904259550452066e-07,0.32282521538990766,0.5325839725583994,0.28171072145424525,0.32210431280209406,0.022356825009611933,0.03341870521805321,True,ANP6,125.0,8.0,7.76068019011021e+19,$(U_{0.8}Pu_{0.2})N$
D1_Kd3p2e5_fn5p1e-4_ANP6,rizk2025_refit_plot,rizk2025_refit_full,1675.0,3.2,35000000000000.0,5.800874192266926e+22,2.0803595818949528e+26,3.4634824139853062e+25,5.670609089806478e+23,9.526791759962122e+18,2.108044292950136,98.90256004917475,2.225140888777651,3.860627335863207,6.085768224640859,5.388391617322863,11.474159841963722,335788226811.7259,8.394705670293147e+16,803.1778778672156,0.5,2780587.56181666,2764020.3511270257,1.0059938815873333,1053117670.2917835,1053108802.0419085,22459576.854083158,22446335.048316315,1.0000084210196114,1.0005899317522589,0.02206644373343672,79.13658551739981,13.17503832643671,7.6663097124300394,2.4396105669541455,5.2266991454758935,2.015335986984367e+25,6.41330073299578e+24,1.3740059136847892e+25,2.6288215094111468e+26,2.4914209180426678e+26,1.1036468356732685,6.377777325977008e+16,0.0027332940655441047,2.7506779736488834e-07,8.513103260242155e-07,8.513103260242155e-07,0.043317747509825394,0.043317747509825394,2.9247312670644324e+21,6.345864189543593e-05,3.3623625899400784e-18,1.6491783151767403e-19,1.6491783151767404e-18,1.6231955709997532e-13,1.8625632456264503e+19,35000000000000.0,35000000000000.0,0.0,0.055531810996543446,0.0031177284250845055,1.5403629105938457e-05,5.2190585746985426e-06,1.5403629105938457e-05,5.2190585746985426e-06,3.662247419919099e-29,1.3842260755146439e+19,1.1665372843622435e+19,8218.020908387058,3.7383511463848393e-19,-84344.9316431681,3.1751493641834175e+21,3.219639068507515e+21,0.0,0.0,0.0,0.0,0.3333333333333333,0.3333333333333333,2.0,2.439403962906753e-18,1.5251283830083255e-23,0.0,9.229586270333256e-19,,0.0,0.0,0.0,0.0,0.0,2.439403962906753e-18,9.229586270333256e-19,4.535883154218372e-06,15.0,5.0435438849101176e-17,1.623195570999753e-19,2.5982744176987148e-21,,,1.623195570999753e-19,2.5982744176987148e-21,10.0,,9.536544540177922e-08,3.4095948968030423,33115559598493.09,3.9895874353069734e-05,0.0030778325507314357,3.9895874353069734e-05,0.0030778325507314357,0.055531810996543446,0.0031177284250845055,False,False,1.0,1.7615615060477872,7.495158100943118e-09,0.3092698854496846,0.5508856734947194,1.0,1.8794866472315612,2.9263153617070076e-07,0.33869161272452364,0.5113885784971517,0.2812672528555505,0.33797607687148346,0.022251408887776512,0.03860627335863207,True,ANP6,125.0,8.0,7.76068019011021e+19,$(U_{0.8}Pu_{0.2})N$
D1_Kd3p2e5_fn5p1e-4_ANP6,rizk2025_refit_plot,rizk2025_refit_full,1700.0,3.2,35000000000000.0,4.261346265228453e+22,2.034487228136725e+26,3.787785270300515e+25,4.731758363141277e+23,9.24152924973761e+18,2.233999188981487,105.49348204158254,2.2098367975459805,4.544743047165827,6.754579844711809,6.1393412273604495,12.893921072072256,258666522282.31882,6.4666630570579704e+16,915.1122280425403,0.5,2441269.620220616,2425931.958912476,1.006322379014709,993741221.3341233,993733574.7253026,21053241.164344568,21043954.157517895,1.0000076948278847,1.0004413147242746,0.016210101180216645,77.39160764065902,14.408681824689479,8.1835004334713,2.407805942697021,5.775694490774279,2.1512961961784796e+25,6.329692052649912e+24,1.5183269909134885e+25,2.6288215094111468e+26,2.4769888103197984e+26,1.1236134691544528,5.10632725079434e+16,0.002331243305924449,2.439855206611612e-07,9.305889575951372e-07,9.305889575951372e-07,0.05173842062602316,0.05173842062602316,2.822109597962511e+21,6.977967907656966e-05,4.988545012933779e-18,2.9005001213446957e-19,2.9005001213446957e-18,2.8708990269161864e-13,1.8625632456264503e+19,35000000000000.0,35000000000000.0,0.0,0.07248391199626589,0.004618623742318113,1.5099850967401383e-05,5.193965940060995e-06,1.5099850967401383e-05,5.193965940060995e-06,4.0120133727910714e-29,1.4676169688766534e+19,1.245783414476513e+19,13239.95042184197,5.281413036837069e-19,-70712.76173555455,3.4072661606663696e+21,3.458376046562406e+21,0.0,0.0,0.0,0.0,0.3333333333333333,0.3333333333333333,2.0,4.065586385900453e-18,9.000056617340487e-24,0.0,9.229586270333256e-19,,0.0,0.0,0.0,0.0,0.0,4.065586385900453e-18,9.229586270333256e-19,1.804144614112147e-06,15.0,7.482817519400668e-17,2.8708990269161863e-19,2.9601094428509513e-21,,,2.8708990269161863e-19,2.9601094428509513e-21,10.0,,9.536544540177922e-08,3.4095948968030423,33050164362549.01,6.123721619919305e-05,0.00455738652611892,6.123721619919305e-05,0.00455738652611892,0.07248391199626589,0.004618623742318113,False,False,1.0,1.7528648155407014,7.961297434552485e-09,0.30698289214632507,0.553990464818137,1.0,1.961522893166331,2.956119824573896e-07,0.3575727031154326,0.486500253217843,0.280620934802838,0.3568643058633709,0.022098367975459804,0.04544743047165827,True,ANP6,125.0,8.0,7.76068019011021e+19,$(U_{0.8}Pu_{0.2})N$
D1_Kd3p2e5_fn5p1e-4_ANP6,rizk2025_refit_plot,rizk2025_refit_full,1725.0,3.2,35000000000000.0,3.0699565774945447e+22,1.9805534175236143e+26,4.172441180469971e+25,3.871700518151335e+23,8.877105796582828e+18,2.3810992949395366,113.4648941212503,2.1893887652457247,5.431809642700751,7.621198407946475,7.126338042843929,14.747536450790404,191977764263.1341,4.799444106578353e+16,1062.231083541684,0.49999999999999983,2105176.4804750974,2089940.7241954268,1.0072900422979871,932348983.3834867,932342470.857089,19572325.397561736,19565523.038585614,1.0000069851225288,1.0003476706941443,0.01167807158646618,75.33997308045673,15.871907489849296,8.776441358107506,2.3783218571054863,6.39811950100202,2.307169781827859e+25,6.252183654261567e+24,1.6819514164017023e+25,2.6288215094111468e+26,2.4606263677709764e+26,1.1502855534962633,4.037171120004728e+16,0.0019587224920730438,2.1275818662759367e-07,1.0345981996625154e-06,1.0345981996625154e-06,0.06301888828658579,0.06301888828658579,2.772738637188689e+21,7.727836031887934e-05,7.599207725237919e-18,5.02802236364218e-19,5.0280223636421804e-18,4.994440127391286e-13,1.8625632456264503e+19,35000000000000.0,35000000000000.0,0.0,0.09578472472352982,0.007025196184242276,1.4763058061360077e-05,5.167460735974358e-06,1.4763058061360077e-05,5.167460735974358e-06,4.4755652485734756e-29,1.5630166526414014e+19,1.3418252537186945e+19,22603.665561716487,7.761299436203026e-19,-57243.3488121465,3.6806383367044276e+21,3.725957419941969e+21,0.0,0.0,0.0,0.0,0.3333333333333333,0.3333333333333333,2.0,6.676249098204593e-18,5.2946612669943086e-24,0.0,9.229586270333256e-19,,0.0,0.0,0.0,0.0,0.0,6.676249098204593e-18,9.229586270333256e-19,6.967385888676363e-07,15.0,1.1398811587856879e-16,4.994440127391286e-19,3.3582236250893297e-21,,,4.994440127391286e-19,3.3582236250893297e-21,10.0,,9.536544540177922e-08,3.4095948968030423,32985525451117.266,9.636360095095066e-05,0.006928832583291325,9.636360095095066e-05,0.006928832583291325,0.09578472472352982,0.007025196184242276,False,False,1.0,1.7431515098987778,8.511867731276287e-09,0.30440824921731136,0.5574915273478995,1.0,2.0633135353091885,2.99602985036712e-07,0.37941607039191294,0.4581856095145253,0.2797527053472723,0.3787170408977646,0.02189388765245725,0.05431809642700751,True,ANP6,125.0,8.0,7.76068019011021e+19,$(U_{0.8}Pu_{0.2})N$
D1_Kd3p2e5_fn5p1e-4_ANP6,rizk2025_refit_plot,rizk2025_refit_full,1750.0,3.2,35000000000000.0,2.1909744893796127e+22,1.919017366351782e+26,4.6162166798436755e+25,3.121322456645402e+23,8.417049084526704e+18,2.5482058466761788,123.08425544717187,2.1633698346555903,6.5743977877309305,8.73776762238652,8.40780049385167,17.14556811623819,137917371956.3867,3.4479342989096668e+16,1253.2421245094679,0.5,1787498.3747002345,1771405.506233627,1.0090848021020462,871206739.0379952,871201203.3469421,18041687.48506728,18036425.47078518,1.0000063540902284,1.0002917437432723,0.008334436102017397,72.99915036002729,17.5600232397585,9.432491964112225,2.3513817159471664,7.081110248165059,2.4796337762606015e+25,6.181362831718003e+24,1.8614974930888011e+25,2.6288215094111468e+26,2.4426717601022673e+26,1.186001397262848,3.1746395250653056e+16,0.001629197834874745,1.8233852842925336e-07,1.1839007822375973e-06,1.1839007822375973e-06,0.0781746761869637,0.0781746761869637,2.8062487520231817e+21,8.623269067111857e-05,1.1732003472118521e-17,8.590290957143048e-19,8.590290957143048e-18,8.552344067970446e-13,1.8625632456264503e+19,35000000000000.0,35000000000000.0,0.0,0.12690461486539026,0.010831387063855303,1.440278227557057e-05,5.139991130528688e-06,1.440278227557057e-05,5.139991130528688e-06,5.1490825489861e-29,1.6705267684566288e+19,1.4715936344388323e+19,40513.72127720154,1.1781793366511062e-18,-44849.904004278775,3.9929138065780926e+21,4.0175273232755316e+21,0.0,0.0,0.0,0.0,0.3333333333333333,0.3333333333333333,2.0,1.0809044845085196e-17,3.1079945105556526e-24,0.0,9.229586270333256e-19,,0.0,0.0,0.0,0.0,0.0,1.0809044845085196e-17,9.229586270333256e-19,2.649159214742734e-07,15.0,1.7598005208177782e-16,8.552344067970446e-19,3.7946889172602315e-21,,,8.552344067970446e-19,3.7946889172602315e-21,10.0,,9.536544540177922e-08,3.4095948968030423,32927991253461.48,0.00015299737490174752,0.010678389688953556,0.00015299737490174752,0.010678389688953556,0.12690461486539026,0.010831387063855303,False,False,1.0,1.7325959332275433,9.14562492645146e-09,0.3015857038932138,0.5613366476849317,1.0,2.1891717752562823,3.0496494101630134e-07,0.4042875547868459,0.4266087502535343,0.27864008242291133,0.40360077601180594,0.021633698346555902,0.0657439778773093,True,ANP6,125.0,8.0,7.76068019011021e+19,$(U_{0.8}Pu_{0.2})N$
D1_Kd3p2e5_fn5p1e-4_ANP6,rizk2025_refit_plot,rizk2025_refit_full,1775.0,3.2,35000000000000.0,1.5599450012315275e+22,1.850223966507859e+26,5.118991159216849e+25,2.488382078510284e+23,7.837154487595497e+18,2.7344635381448605,134.8758295050378,2.131189582039657,8.054700620474405,10.185890202514061,10.053487140566878,20.23937734308094,96460679139.24672,2.411516978481168e+16,1498.5433576814983,0.5,1499334.9048638206,1481438.6174549651,1.012080343524189,811864176.7802579,811859426.5499377,16463972.165915221,16459583.664077334,1.000005851050274,1.0002666228944457,0.005934008815915971,70.38225911816689,19.472570278700655,10.139236594316532,2.3276623942003045,7.811574200116226,2.665424324814792e+25,6.119008968521208e+24,2.053523427962671e+25,2.6288215094111468e+26,2.4234691666148793e+26,1.2346893189509076,2.4947968141361796e+16,0.0013467399687931763,1.5310122718351198e-07,1.4227816718154529e-06,1.4227816718154529e-06,0.09891659571320434,0.09891659571320434,2.961407272055222e+21,9.711922661101121e-05,1.8187204162230228e-17,1.4467299250700101e-18,1.4467299250700103e-17,1.4424583518951984e-12,1.8625632456264503e+19,35000000000000.0,35000000000000.0,0.0,0.16742745975696158,0.01677467725148611,1.4027394392056204e-05,5.1116039935089015e-06,1.4027394392056204e-05,5.1116039935089015e-06,6.242679311120395e-29,1.7905054646616089e+19,1.6704513394094234e+19,75423.20791370486,1.83311379559861e-18,-34137.13924615244,4.3418149772709216e+21,4.328026945305411e+21,0.0,0.0,0.0,0.0,0.3333333333333333,0.3333333333333333,2.0,1.7264245535196902e-17,1.8219038686035435e-24,0.0,9.229586270333256e-19,,0.0,0.0,0.0,0.0,0.0,1.7264245535196902e-17,9.229586270333256e-19,1.0017503802960171e-07,15.0,2.728080624334534e-16,1.4424583518951983e-18,4.271573174811783e-21,,,1.4424583518951983e-18,4.271573174811783e-21,10.0,,9.536544540177922e-08,3.4095948968030423,32885916588996.14,0.00024196001231857354,0.01653271723916754,0.00024196001231857354,0.01653271723916754,0.16742745975696158,0.01677467725148611,False,False,1.0,1.721262588474809,9.86328191409685e-09,0.2985261527894129,0.5655127773432072,1.0,2.346648048443104,3.1230837350529194e-07,0.4325373929436033,0.3916553174299347,0.27725157897204855,0.4318667824200804,0.021311895820396567,0.08054700620474405,True,ANP6,125.0,8.0,7.76068019011021e+19,$(U_{0.8}Pu_{0.2})N$
D1_Kd3p2e5_fn5p1e-4_ANP6,rizk2025_refit_plot,rizk2025_refit_full,1800.0,3.2,35000000000000.0,1.1129899641143363e+22,1.774219077256852e+26,5.683306644857322e+25,1.9662172149330976e+23,7.096734725654574e+18,2.9395057630809593,149.93352307049577,2.091910267103399,10.019439308034224,12.111349575137623,12.168352513993621,24.279702089131245,65844606038.63244,1.6461151509658108e+16,1813.7789981540598,0.5,1244797.8189376332,1223963.8910029086,1.0170216851067833,755233159.6812272,755229000.6988012,14810656.840296173,14806561.965173062,1.0000055069156801,1.000276558132316,0.004233798149208102,67.49104383485798,21.61921843879913,10.885503928193716,2.308705827747838,8.576798100445878,2.861604686721517e+25,6.069175538886383e+24,2.2546871328328787e+25,2.6288215094111468e+26,2.4033527961278597e+26,1.3038619332624402,1.965068371777538e+16,0.0011094605843716104,1.2487122051284212e-07,1.8572919168979251e-06,1.8572919168979251e-06,0.12852177526984332,0.12852177526984332,3.3139675472085495e+21,0.00011080493464109353,2.814113302873205e-17,2.402604106958116e-18,2.402604106958116e-17,2.3978131732901632e-12,1.8625632456264503e+19,35000000000000.0,35000000000000.0,0.0,0.21895270312051565,0.02594705859696443,1.3643583530248384e-05,5.0817800648801976e-06,1.3643583530248384e-05,5.0817800648801976e-06,8.272826142402455e-29,1.923934806055112e+19,2.0164073640163983e+19,144933.67679649458,2.9086337627705866e-18,-25240.15650524524,4.725558569114551e+21,4.6497927559470415e+21,0.0,0.0,0.0,0.0,0.3333333333333333,0.3333333333333333,2.0,2.721817440169872e-17,1.0673110184064085e-24,0.0,9.229586270333256e-19,,0.0,0.0,0.0,0.0,0.0,2.721817440169872e-17,9.229586270333256e-19,3.792708052361239e-08,15.0,4.2211699543098074e-16,2.397813173290163e-18,4.790933667952865e-21,,,2.397813173290163e-18,4.790933667952865e-21,10.0,,9.536544540177922e-08,3.4095948968030423,32871923020911.406,0.00037680498624614644,0.025570253610718286,0.00037680498624614644,0.025570253610718286,0.21895270312051565,0.02594705859696443,False,False,1.0,1.709083726865076,1.0668849003390962e-08,0.2952042560146733,0.5700564850130961,1.0,2.5503967901554323,3.228122848383835e-07,0.4651081126182851,0.3526452167021532,0.2755376925493154,0.4644594529335298,0.02091910267103399,0.10019439308034224,True,ANP6,125.0,8.0,7.76068019011021e+19,$(U_{0.8}Pu_{0.2})N$
