{
    "N_AVOG": 6.022141e+23,
    "N_BOLT": 1.380649e-23,
    "FISSION_ENERGY": 3.215e-11,
    "FISSION_RATE": 4.680312914035935e+19,
    "FUEL_THERMAL_CONDUCTIVITY": 1.0180601034205252,
    "FISSION_YIELD": 0.08717954803195777,
    "LENGTH": 0.00019880917723717758,
    "RADIUS": 1.8782919270415602e-05,
    "T_BC": 1064.822226241166,
    "Maximum cur_err_bounds": 0.0010707007332589817,
    "TIME_ELAPSED": 1658798.681441784,
    "COST_FO": 4943.219345331192,
    "COST_POD": 5076.6637461185455,
    "COST_EB": 1648778.3720970154
}