label,xe_diffusivity_mode,vacancy_diffusivity_mode,T,burnup,rho_d_eff,c,mb,md,Nb,Nd,Rb_nm,Rd_nm,swelling_b_percent,swelling_d_percent,swelling_ig_percent,swelling_gf_percent,swelling_total_gas_percent,Ngf_areal,Ngf_vol,Rgf_nm,Fc_gf,p_gf,p_gf_eq,p_gf_over_eq,p_b,p_b_eq,p_d,p_d_eq,p_b_over_eq,p_d_over_eq,matrix_gas_percent,bulk_gas_percent,dislocation_gas_percent,qgb_gas_percent,grainface_gas_percent,release_gas_percent,q_gb,q_gf,q_rel,generated,retained,lambda_d,nu_b,phi_b,phi_d,f_cap_step,cap_raw_step,capture_fraction_sum,capture_raw_sum,capture_bubbles_cumulative,max_f_cap_step,Dg,Dv,Dv_dislocation,Dv_gb,beta,rho_d_old,rho_d_next,delta_Nd_rho,g_b,g_d,b_b,b_d,b_b_gas,b_d_gas,dVd_growth_dt,dnvb_dt,dnvd_dt,dnv_gf_dt,dA_gf_dt,dNgf_dt,dq_gf_in_step,dq_rel_step,nvb_seed_added,nvd_seed_added,bulk_first_gas_seed_applied,dislocation_first_gas_seed_applied,first_gas_pressure_factor,seed_pressure_factor,seed_gas_atoms_per_bubble,D1_Xe,D2_Xe,D2_Xe_scaled,D3_Xe,Dg_lookup_base,D1_Xe_i_2023,D2_Xe_i0_2023,D2_Xe_i1_2023,D1_XeVU_2023,D2_XeVU_2023,Dg_D1_scaled,Dg_D3_scaled,D2_Xe_over_Dg_unscaled,Dg_dislocation_scale,Dg_dislocation,Dv1,Dv2,Dv_lookup_base,Dv_nonthermal_effective,Dv1_scaled,Dv2_scaled,Dv_dislocation_scale,A20_vU_active,Gamma_d,den,free_dislocation,term_bubbles,term_dislocation,term_bubbles_scaled,term_dislocation_scaled,g_b_unscaled,g_d_unscaled,USE_WS_GAS_TRAPPING_BULK,USE_WS_GAS_TRAPPING_DISLOCATION,ws_bulk_factor,ws_bulk_factor_raw,ws_bulk_delta,ws_bulk_x,ws_bulk_zeta,ws_dislocation_factor,ws_dislocation_factor_raw,ws_dislocation_delta,ws_dislocation_x,ws_dislocation_zeta,psi_b,psi_d,porosity_b,porosity_d,valid_single_size,experiment_case,linear_power_kW_m,fuel_diameter_mm,fission_rate_case,fuel_description
Kd_1p0e6_AP3p2,rizk2025_refit_plot,rizk2025_refit_full,900.0,1.1,35000000000000.0,1.5463526616323615e+23,6.077765154707966e+25,2.428138545702928e+25,3.108348229842419e+23,3.4480931593843933e+19,1.6379984405596575,29.537097746334084,0.5722143281506614,0.37219545098946494,0.9444097791401262,0.0437979425322794,0.9882077216724057,8818256316345.473,2.204564079086368e+18,54.32972493704713,0.06008122704399015,1191701191571.228,40861609.41496309,29164.323398746004,1358192748.2049282,1355312645.6222324,181972224.48058847,75159720.12773426,1.0021250466392375,2.4211402619824276,0.17112156356371075,67.25740525119163,26.870123148453228,5.7013500367914105,5.7013500367914105,0.0,5.152067115730706e+24,5.152067115730706e+24,0.0,9.03657393860029e+25,9.036573938600288e+25,1.0093671267523356,7.617915894490338e+16,0.005140750185784392,1.4200812304097025e-06,2.0423353371674395e-07,2.0423353371674395e-07,0.004131291373290495,0.004131291373290495,2.5039714175120428e+20,6.499054006711191e-06,6.859556060984681e-19,5.096721272601947e-25,5.0967212726019465e-24,5.119872410101689e-28,1.3842827431568335e+19,35000000000000.0,35000000000000.0,0.0,0.004950394448231104,0.0007171949431841129,1.2389269719487446e-05,4.554774888301356e-06,1.2389269719487446e-05,4.554774888301356e-06,4.428796267254827e-30,4.1483722233732127e+18,4.332643565675317e+18,0.00017252424295552589,8.712680822704598e-22,-125460.78345346343,1.0821716627926884e+21,0.0,0.0,0.0,0.0,0.0,0.3333333333333333,0.3333333333333333,2.0,2.4966082885114063e-31,9.582238205875211e-25,0.0,6.859556060982184e-19,,0.0,0.0,0.0,0.0,0.0,2.4966082885114063e-31,6.859556060982184e-19,1.3969181271622544e-06,17.0,1.1661245303673958e-17,5.119872410101689e-34,5.096721267482075e-25,,,5.119872410101689e-34,5.096721267482075e-25,10.0,,9.536544540177922e-08,3.4095948968030423,32963098880122.035,8.841432915968574e-06,0.0007083535102681444,8.841432915968574e-06,0.0007083535102681444,0.004950394448231104,0.0007171949431841129,False,False,1.0,1.413923655194832,9.15851245798178e-09,0.20177735345565012,0.7014415615267725,1.0,1.2974847474613043,1.905946449716657e-07,0.15607264131133158,0.767791898966385,0.1788626150705803,0.1549733497003495,0.005722143281506614,0.0037219545098946495,True,AP3.2,100.0,8.3,5.767844763153473e+19,$(U_{0.8}Pu_{0.2})N$
Kd_1p0e6_AP3p2,rizk2025_refit_plot,rizk2025_refit_full,925.0,1.1,35000000000000.0,1.545209453754868e+23,6.067621701420786e+25,2.4387983795656953e+25,3.101335302808796e+23,3.442752583620356e+19,1.6398984838524406,30.536392660660972,0.5729124039698348,0.4106271081808678,0.9835395121507027,0.04376388426991068,1.0273033964206135,8818804416060.781,2.2047011040151951e+18,54.31451332936255,0.060051320113404444,461786516947.3765,40873053.33176691,11298.067536062244,1355553464.4365036,1353742333.357604,153179646.59211928,72700139.29510257,1.001337869869525,2.107006232413618,0.17099505456978661,67.14515636841703,26.988086371409146,5.695762205604047,5.695762205604047,0.0,5.147017630762603e+24,5.147017630762603e+24,0.0,9.03657393860029e+25,9.036573938600291e+25,1.0103415066991668,7.606663248634869e+16,0.005137711391067623,1.411684538775285e-06,2.3650771868266784e-07,2.3650771868266784e-07,0.00455205218065356,0.00455205218065356,2.855536888848314e+20,6.89321436370113e-06,6.85955606099651e-19,8.665450134436394e-25,8.665450134436394e-24,3.600113810511962e-27,1.3842827431568335e+19,35000000000000.0,35000000000000.0,0.0,0.004944302212277799,0.0007160670431606581,1.2385150367763482e-05,4.524298040354247e-06,1.2385150367763482e-05,4.524298040354247e-06,5.145774219201168e-30,4.2930100832707236e+18,5.165179941242067e+18,0.0004572195395518629,8.711082521548305e-22,-125457.99568120952,1.0815396688348022e+21,0.0,0.0,0.0,0.0,0.0,0.3333333333333333,0.3333333333333333,2.0,1.4326320272288242e-30,6.835119693240278e-24,0.0,6.859556060982184e-19,,0.0,0.0,0.0,0.0,0.0,1.4326320272288242e-30,6.859556060982184e-19,9.96437616729284e-06,17.0,1.1661245303694066e-17,3.600113810511962e-33,8.665450098435256e-25,,,3.600113810511962e-33,8.665450098435256e-25,10.0,,9.536544540177922e-08,3.4095948968030423,32897449914925.93,9.124282381543075e-06,0.0007069427607791151,9.124282381543075e-06,0.0007069427607791151,0.004944302212277799,0.0007160670431606581,False,False,1.0,1.4140747332730117,9.165411327563096e-09,0.2018327623372444,0.7013618330178442,1.0,1.309847995291759,1.9069314000390943e-07,0.16123213060692337,0.7602474831951975,0.17893532030262443,0.16013362641320125,0.005729124039698348,0.004106271081808678,True,AP3.2,100.0,8.3,5.767844763153473e+19,$(U_{0.8}Pu_{0.2})N$
Kd_1p0e6_AP3p2,rizk2025_refit_plot,rizk2025_refit_full,950.0,1.1,35000000000000.0,1.544111548618169e+23,6.057959978392969e+25,2.448966342944847e+25,3.094488083496744e+23,3.4369477802646245e+19,1.6417996484967874,31.556909116704077,0.5736379815169073,0.4524232552104265,1.0260612367273336,0.04374338280297404,1.069804619530308,8819127906197.996,2.204781976549499e+18,54.305366680330984,0.060033298396055895,188233016162.14832,40879937.57722049,4604.53286668024,1353352640.1611407,1352174732.180389,131502911.21280698,70349095.08374138,1.000871121130072,1.8692907287047544,0.1708735588409674,67.03823838054392,27.10060648631374,5.690281574301375,5.690281574301375,0.0,5.142065017762923e+24,5.142065017762923e+24,0.0,9.03657393860029e+25,9.03657393860029e+25,1.0114027316945708,7.595864661264472e+16,0.005134528375036994,1.4034531659019173e-06,2.6932407860194037e-07,2.6932407860194037e-07,0.005009198269264002,0.005009198269264002,3.2265944241535025e+20,7.3281185925830525e-06,6.85955606105717e-19,1.426046189772508e-24,1.426046189772508e-23,2.2845010932250072e-26,1.3842827431568335e+19,35000000000000.0,35000000000000.0,0.0,0.00493845437614777,0.000714922764891181,1.2381031125500117e-05,4.495071277350762e-06,1.2381031125500117e-05,4.495071277350762e-06,5.878514162835907e-30,4.444166800636647e+18,6.015747249682975e+18,0.0011511613878270725,8.711812459282249e-22,-125480.508620925,1.0809326006852586e+21,0.0,0.0,0.0,0.0,0.0,0.3333333333333333,0.3333333333333333,2.0,7.498646671560408e-30,3.5732345885189943e-23,0.0,6.859556060982184e-19,,0.0,0.0,0.0,0.0,0.0,7.498646671560408e-30,6.859556060982184e-19,5.209133880842283e-05,17.0,1.166124530379719e-17,2.284501093225007e-32,1.4260461669274971e-24,,,2.284501093225007e-32,1.4260461669274971e-24,10.0,,9.536544540177922e-08,3.4095948968030423,32830848067685.22,9.411230352332112e-06,0.0007055115345388489,9.411230352332112e-06,0.0007055115345388489,0.00493845437614777,0.000714922764891181,False,False,1.0,1.4142345136500072,9.172167313968023e-09,0.20189135275024567,0.7012775285871019,1.0,1.3226431997025647,1.9080042850310306e-07,0.16648987620576441,0.7525726420479179,0.1790108272964338,0.16539218069134723,0.005736379815169073,0.004524232552104265,True,AP3.2,100.0,8.3,5.767844763153473e+19,$(U_{0.8}Pu_{0.2})N$
Kd_1p0e6_AP3p2,rizk2025_refit_plot,rizk2025_refit_full,975.0,1.1,35000000000000.0,1.5430559675200196e+23,6.048961739708191e+25,2.458455155783031e+25,3.087880344411074e+23,3.4307642259434414e+19,1.6437123235433881,32.58002140152946,0.5744159704550316,0.4969738963450399,1.0713898668000714,0.0437527680027457,1.115142634802817,8818955982284.842,2.2047389955712102e+18,54.30960307896347,0.06004149474055311,80396290655.62866,40876748.75421627,1966.7975831207984,1351391704.0010464,1350601299.3893576,114907889.43921377,68139918.4070451,1.000585224234603,1.6863520257361102,0.17075674674986718,66.93866260386223,27.20561102567408,5.6849696237138385,5.6849696237138385,0.0,5.137264834338677e+24,5.137264834338677e+24,0.0,9.03657393860029e+25,9.036573938600291e+25,1.0125356687423246,7.585489769001077e+16,0.005131169446002192,1.3955211887784557e-06,3.0160635124051777e-07,3.0160635124051777e-07,0.005496110498886349,0.005496110498886349,3.609094940036726e+20,7.802622357567045e-06,6.859556061342735e-19,2.2780288136394288e-24,2.2780288136394286e-23,1.3186026336093777e-25,1.3842827431568335e+19,35000000000000.0,35000000000000.0,0.0,0.004932997275300932,0.0007137837222242285,1.237688950091311e-05,4.467523379152701e-06,1.237688950091311e-05,4.467523379152701e-06,6.602964075644074e-30,4.601808725721413e+18,6.855489909016536e+18,0.0027645726797987623,8.717536178374858e-22,-125556.79128243368,1.0803491679469033e+21,0.0,0.0,0.0,0.0,0.0,0.3333333333333333,0.3333333333333333,2.0,3.605513394506346e-29,1.4241136187131344e-22,0.0,6.859556060982184e-19,,0.0,0.0,0.0,0.0,0.0,3.605513394506346e-29,6.859556060982184e-19,0.00020761017272513826,17.0,1.166124530428265e-17,1.3186026336093777e-31,2.2780286817791655e-24,,,1.3186026336093777e-31,2.2780286817791655e-24,10.0,,9.536544540177922e-08,3.4095948968030423,32764551380432.656,9.69685623185309e-06,0.0007040868659923754,9.69685623185309e-06,0.0007040868659923754,0.004932997275300932,0.0007137837222242285,False,False,1.0,1.4144105466652446,9.17870595758096e-09,0.20195589088913266,0.7011846685135393,1.0,1.335643185788735,1.9091498404223617e-07,0.1717488046782627,0.7449098862106486,0.1790917177621938,0.17065192540877763,0.005744159704550316,0.004969738963450399,True,AP3.2,100.0,8.3,5.767844763153473e+19,$(U_{0.8}Pu_{0.2})N$
Kd_1p0e6_AP3p2,rizk2025_refit_plot,rizk2025_refit_full,1000.0,1.1,35000000000000.0,1.5420391034014997e+23,6.040737141492727e+25,2.467150797276637e+25,3.0815632267546415e+23,3.4242987468842836e+19,1.6456413166318375,33.589431051307834,0.5752614078358358,0.5435859202282814,1.1188473280641171,0.04382522210035584,1.1626725501644728,8817742452796.164,2.204435613199041e+18,54.34205793367575,0.060105004662128335,35854101304.80053,40852335.822642215,877.6511938132204,1349564122.978418,1349018147.249555,102021344.1976073,66092218.013724364,1.0004047208186013,1.5436211291384119,0.17064421913426542,66.84764804158068,27.301838219217665,5.679869520067406,5.679869520067406,0.0,5.132656087969126e+24,5.132656087969126e+24,0.0,9.03657393860029e+25,9.036573938600291e+25,1.013722991691381,7.57550217573919e+16,0.005127626468925227,1.3879819943065749e-06,3.3221142005887286e-07,3.3221142005887286e-07,0.006005291146231291,0.006005291146231291,3.994276505031337e+20,8.313703658587029e-06,6.859556062584883e-19,3.5413597183153905e-24,3.5413597183153905e-23,6.972208708889678e-25,1.3842827431568335e+19,35000000000000.0,35000000000000.0,0.0,0.004928026491889813,0.0007126683901853995,1.2372715125868844e-05,4.441915469115779e-06,1.2372715125868844e-05,4.441915469115779e-06,7.293322040219024e-30,4.764513374666457e+18,7.653717596641594e+18,0.006356252259703027,8.733812333810702e-22,-125746.75217082427,1.0797876395073979e+21,0.0,0.0,0.0,0.0,0.0,0.3333333333333333,0.3333333333333333,2.0,1.6026995865756309e-28,4.476676181501433e-22,0.0,6.859556060982184e-19,,0.0,0.0,0.0,0.0,0.0,1.6026995865756309e-28,6.859556060982184e-19,0.0006526189363651748,17.0,1.1661245306394302e-17,6.972208708889678e-31,3.5413590210945195e-24,,,6.972208708889678e-31,3.5413590210945195e-24,10.0,,9.536544540177922e-08,3.4095948968030423,32699635170308.45,9.97652717165829e-06,0.0007026918630137412,9.97652717165829e-06,0.0007026918630137412,0.004928026491889813,0.0007126683901853995,False,False,1.0,1.414607415967227,9.184974498739575e-09,0.20202805322657058,0.7010808414243966,1.0,1.3486383642753719,1.9103505798088928e-07,0.17692462108071488,0.7373821440680363,0.17917953833012581,0.1758285520734731,0.005752614078358358,0.005435859202282814,True,AP3.2,100.0,8.3,5.767844763153473e+19,$(U_{0.8}Pu_{0.2})N$
Kd_1p0e6_AP3p2,rizk2025_refit_plot,rizk2025_refit_full,1025.0,1.1,35000000000000.0,1.5410567988271505e+23,6.033339867182703e+25,2.474997275007209e+25,3.075567447049919e+23,3.4176549275499815e+19,1.6475882463760023,34.571361841310264,0.5761823096714167,0.591515709708803,1.1676980193802196,0.044026287381366304,1.211724306761586,8814419875941.088,2.203604968985272e+18,54.43187389341233,0.06028112779882944,16643059005.235554,40784926.940916464,408.068868907028,1347811459.4071393,1347424033.2091842,91895928.66377696,64214999.981495135,1.0002875310135537,1.4310663971075084,0.17053551592649846,66.76578876216477,27.388668446955364,5.675007274953357,5.675007274953357,0.0,5.128262284221055e+24,5.128262284221055e+24,0.0,9.03657393860029e+25,9.03657393860029e+25,1.0149459813928803,7.565860232036859e+16,0.00512390566405313,1.380897288991848e-06,3.599885799869855e-07,3.599885799869855e-07,0.006528702403723671,0.006528702403723671,4.373025617661808e+20,8.857317430351036e-06,6.859556067606377e-19,5.3696749456684256e-24,5.369674945668426e-23,3.398959714178951e-24,1.3842827431568335e+19,35000000000000.0,35000000000000.0,0.0,0.004923596714246307,0.0007115919186229227,1.236850454925027e-05,4.418377155766294e-06,1.236850454925027e-05,4.418377155766294e-06,7.923406877516923e-30,4.929976960985987e+18,8.379618866813965e+18,0.014039839331384241,8.771725883970177e-22,-126170.06146521585,1.079245902998747e+21,0.0,0.0,0.0,0.0,0.0,0.3333333333333333,0.3333333333333333,2.0,6.624193185834588e-28,1.1430128592985717e-21,0.0,6.859556060982184e-19,,0.0,0.0,0.0,0.0,0.0,6.624193185834588e-28,6.859556060982184e-19,0.0016663073353920743,17.0,1.166124531493084e-17,3.398959714178951e-30,5.369671546708712e-24,,,3.398959714178951e-30,5.369671546708712e-24,10.0,,9.536544540177922e-08,3.4095948968030423,32636981177536.59,1.0246444762709043e-05,0.0007013454738602136,1.0246444762709043e-05,0.0007013454738602136,0.004923596714246307,0.0007115919186229227,False,False,1.0,1.4148275668870338,9.190940048736357e-09,0.2021087307912389,0.7009647663727756,1.0,1.3614413247348371,1.911587601407089e-07,0.18194676918655017,0.7300914861674531,0.17927509998370886,0.18085149135249207,0.005761823096714167,0.005915157097088029,True,AP3.2,100.0,8.3,5.767844763153473e+19,$(U_{0.8}Pu_{0.2})N$
Kd_1p0e6_AP3p2,rizk2025_refit_plot,rizk2025_refit_full,1050.0,1.1,35000000000000.0,1.5401046071671722e+23,6.026781511581831e+25,2.4819819842554254e+25,3.069907016151047e+23,3.410938176633027e+19,1.6495529262662656,35.51459280675369,0.5771817549368148,0.6400044240293415,1.2171861789661564,0.04448121747848587,1.2616673964446423,8806987327492.695,2.2017468318731738e+18,54.634076602340954,0.0606786135468882,8018300465.047777,40633980.43968914,197.3299287513542,1346101135.0056252,1345819200.2513866,83864375.39311063,62509515.79480957,1.0002094893238156,1.3416257401257017,0.17043014505624962,66.69321307534548,27.465962223287796,5.670394556310494,5.670394556310494,0.0,5.124093966913636e+24,5.124093966913636e+24,0.0,9.03657393860029e+25,9.036573938600291e+25,1.0161854053408348,7.556519609938488e+16,0.0051200214969407,1.3743049426742622e-06,3.8385352627978765e-07,3.8385352627978765e-07,0.007058135348359706,0.007058135348359706,4.7363115089813524e+20,9.42884409920095e-06,6.859556086571999e-19,7.957391575121721e-24,7.957391575121721e-23,1.5366002896313798e-23,1.3842827431568335e+19,35000000000000.0,35000000000000.0,0.0,0.00491973128254717,0.000710566166584257,1.2364258230107103e-05,4.3969402851507334e-06,1.2364258230107103e-05,4.3969402851507334e-06,8.468366741305536e-30,5.095745307095337e+18,9.004301336007188e+18,0.02989428344678738,8.852518458556203e-22,-127055.24309801793,1.0787216249652186e+21,0.0,0.0,0.0,0.0,0.0,0.3333333333333333,0.3333333333333333,2.0,2.558981501392922e-27,2.43157518657149e-21,0.0,6.859556060982184e-19,,0.0,0.0,0.0,0.0,0.0,2.558981501392922e-27,6.859556060982184e-19,0.003544799628260854,17.0,1.1661245347172398e-17,1.5366002896313797e-29,7.957376209118825e-24,,,1.5366002896313797e-29,7.957376209118825e-24,10.0,,9.536544540177922e-08,3.4095948968030423,32577279540096.04,1.0503636443690238e-05,0.0007000625301405667,1.0503636443690238e-05,0.0007000625301405667,0.00491973128254717,0.000710566166584257,False,False,1.0,1.415071925549386,9.196586189652895e-09,0.2021982566094995,0.7008359654933101,1.0,1.3738898056821836,1.9128414756293215e-07,0.18675849909437878,0.7231192016431501,0.17937869691087044,0.1856639811461336,0.005771817549368148,0.006400044240293416,True,AP3.2,100.0,8.3,5.767844763153473e+19,$(U_{0.8}Pu_{0.2})N$
Kd_1p0e6_AP3p2,rizk2025_refit_plot,rizk2025_refit_full,1075.0,1.1,35000000000000.0,1.539178047873353e+23,6.021043663971968e+25,2.4881233294374045e+25,3.064583054115639e+23,3.404250588938308e+19,1.6515341850093384,36.41042102565735,0.5782594086580088,0.6883149986926573,1.2665744073506662,0.045421510796437616,1.311995918147104,8791844441064.5,2.197961110266125e+18,55.047935492888236,0.06149547071627649,3999173773.6587157,40328487.89191753,99.1649819446916,1344414814.4724424,1344204691.7045484,77447084.60127528,60971555.32575775,1.0001563175379395,1.2702166475415029,0.17032761069974298,66.62971724552271,27.533923214075973,5.666031929701585,5.666031929701585,0.0,5.120151647121845e+24,5.120151647121845e+24,0.0,9.03657393860029e+25,9.036573938600291e+25,1.0174224551455173,7.547435821860821e+16,0.005115992663439199,1.3682248745334329e-06,4.0287445203771023e-07,4.0287445203771023e-07,0.007585601840039359,0.007585601840039359,5.075685005764896e+20,1.0023512187603628e-05,6.85955615381511e-19,1.1545833192879147e-23,1.1545833192879148e-22,6.475908336901747e-23,1.3842827431568335e+19,35000000000000.0,35000000000000.0,0.0,0.00491643039196127,0.0007095998445654446,1.2359978758021836e-05,4.377566569304614e-06,1.2359978758021836e-05,4.377566569304614e-06,8.90666414677189e-30,5.25983583675464e+18,9.503086534582378e+18,0.06157677340289837,9.015443575433337e-22,-128819.35363351382,1.0782124057570449e+21,0.0,0.0,0.0,0.0,0.0,0.3333333333333333,0.3333333333333333,2.0,9.283292620781236e-27,4.406311478811802e-21,0.0,6.859556060982184e-19,,0.0,0.0,0.0,0.0,0.0,9.283292620781236e-27,6.859556060982184e-19,0.006423610187025182,17.0,1.1661245461485687e-17,6.475908336901747e-29,1.1545768433795778e-23,,,6.475908336901747e-29,1.1545768433795778e-23,10.0,,9.536544540177922e-08,3.4095948968030423,32521036978372.727,1.0745920159875222e-05,0.0006988539244055694,1.0745920159875222e-05,0.0006988539244055694,0.00491643039196127,0.0007095998445654446,False,False,1.0,1.415340358880729,9.201909391548996e-09,0.20229657476019838,0.7006945206783642,1.0,1.3858488749217042,1.9140931917718826e-07,0.1913165303977907,0.7165264896421961,0.1794902665824943,0.19022273036797413,0.005782594086580089,0.006883149986926573,True,AP3.2,100.0,8.3,5.767844763153473e+19,$(U_{0.8}Pu_{0.2})N$
Kd_1p0e6_AP3p2,rizk2025_refit_plot,rizk2025_refit_full,1100.0,1.1,35000000000000.0,1.5382727964679473e+23,6.016087271010273e+25,2.493461084199873e+25,3.059587065558926e+23,3.397685819617699e+19,1.653530360171297,37.252602216983725,0.5794126137932906,0.7357693155129019,1.3151819293061924,0.04726142030610322,1.3624433496122956,8762757323963.795,2.1906893309909486e+18,55.84305519275891,0.06307542549680137,2060140336.5167823,39754271.90251339,51.821860593214225,1342742167.2308717,1342581940.7210763,72292332.66672552,59593152.36743077,1.0001193420713743,1.2130979784555782,0.17022743430418014,66.57486910290393,27.592991560096664,5.661911902695231,5.661911902695231,0.0,5.116428554254651e+24,5.116428554254651e+24,0.0,9.03657393860029e+25,9.03657393860029e+25,1.0186397033864862,7.538566128355736e+16,0.005111839489213331,1.3626629578594416e-06,4.163641937346852e-07,4.163641937346852e-07,0.008103734096729128,0.008103734096729128,5.383816372888768e+20,1.0636501147749099e-05,6.859556378595706e-19,1.6429338076549502e-23,1.6429338076549503e-22,2.556484784617257e-22,1.3842827431568335e+19,35000000000000.0,35000000000000.0,0.0,0.004913677601756371,0.0007086987029938697,1.2355669782716607e-05,4.360168441317178e-06,1.2355669782716607e-05,4.360168441317178e-06,9.222199001069934e-30,5.421024640896203e+18,9.857904842686048e+18,0.12318728621731327,9.330644091777628e-22,-132185.32515076228,1.0777159013528743e+21,0.0,0.0,0.0,0.0,0.0,0.3333333333333333,0.3333333333333333,2.0,3.1761352235744896e-26,6.934054381604572e-21,0.0,6.859556060982184e-19,,0.0,0.0,0.0,0.0,0.0,3.1761352235744896e-26,6.859556060982184e-19,0.010108604695255988,17.0,1.1661245843612701e-17,2.556484784617257e-28,1.642908242807104e-23,,,2.556484784617257e-28,1.642908242807104e-23,10.0,,9.536544540177922e-08,3.4095948968030423,32468587467672.16,1.0971858356896196e-05,0.0006977268446369735,1.0971858356896196e-05,0.0006977268446369735,0.004913677601756371,0.0007086987029938697,False,False,1.0,1.4156320085232994,9.206915888437913e-09,0.20240336315802437,0.7005408968398842,1.0,1.3972127196315043,1.9153251250702786e-07,0.19559057310021669,0.7103553647830192,0.17960950467814982,0.1944974405518217,0.005794126137932906,0.007357693155129019,True,AP3.2,100.0,8.3,5.767844763153473e+19,$(U_{0.8}Pu_{0.2})N$
Kd_1p0e6_AP3p2,rizk2025_refit_plot,rizk2025_refit_full,1125.0,1.1,35000000000000.0,1.5373847951886317e+23,6.011859491438796e+25,2.498049301806001e+25,3.05490348359388e+23,3.391324269668732e+19,1.6555395998031186,38.03728399670936,0.5806371552316263,0.7817833639689173,1.3624205192005436,0.05071926892445857,1.413139788125002,8709535667090.701,2.177383916772675e+18,57.28925440743837,0.06598153356769663,1093948756.8596692,38750722.50393536,28.230409297493033,1341077434.001858,1340952521.017322,68136817.31611213,58363788.54473558,1.000093152429022,1.1674502121102979,0.17012916683186718,66.52808389868602,27.64376542237349,5.658021512108621,5.658021512108621,0.0,5.112912974036057e+24,5.112912974036057e+24,0.0,9.03657393860029e+25,9.03657393860029e+25,1.0198220232536879,7.529870766539443e+16,0.005107582254056021,1.3576133172449345e-06,4.239680057001022e-07,4.239680057001022e-07,0.008606168531714054,0.008606168531714054,5.655027792591632e+20,1.1263120454738398e-05,6.8595570898364e-19,2.2961278689320564e-23,2.2961278689320565e-22,9.494708146321283e-22,1.3842827431568335e+19,35000000000000.0,35000000000000.0,0.0,0.0049114447480371245,0.0007078657463807477,1.2351335359540985e-05,4.344623998426513e-06,1.2351335359540985e-05,4.344623998426513e-06,9.40633295536921e-30,5.578812769543592e+18,1.0059528922557403e+19,0.24046846012125245,9.919429045245397e-22,-138330.71295579665,1.0772299099634926e+21,0.0,0.0,0.0,0.0,0.0,0.3333333333333333,0.3333333333333333,2.0,1.028854216590493e-25,9.636917296725955e-21,0.0,6.859556060982184e-19,,0.0,0.0,0.0,0.0,0.0,1.028854216590493e-25,6.859556060982184e-19,0.014048891452488508,17.0,1.166124705272188e-17,9.494708146321284e-28,2.2960329218505932e-23,,,9.494708146321284e-28,2.2960329218505932e-23,10.0,,9.536544540177922e-08,3.4095948968030423,32420103842053.332,1.1180708127697504e-05,0.0006966850382530502,1.1180708127697504e-05,0.0006966850382530502,0.0049114447480371245,0.0007078657463807477,False,False,1.0,1.4159455267656527,9.211619223192657e-09,0.2025181203733631,0.7003758169250344,1.0,1.4079060960128913,1.9165219669665514e-07,0.19956279763965776,0.7046296287008793,0.17973594567279844,0.19847027655866803,0.005806371552316263,0.007817833639689173,True,AP3.2,100.0,8.3,5.767844763153473e+19,$(U_{0.8}Pu_{0.2})N$
Kd_1p0e6_AP3p2,rizk2025_refit_plot,rizk2025_refit_full,1150.0,1.1,35000000000000.0,1.5365102704490462e+23,6.008298530320539e+25,2.5019512927527097e+25,3.050511505414379e+23,3.3852289576551023e+19,1.6575600548505687,38.76292320994085,0.5819277844742076,0.8258976285542258,1.4078254130284333,0.05700060051061538,1.4648260135390487,8616953460231.469,2.154238365057867e+18,59.77538799442932,0.0710689039901337,597883602.5009006,37139031.20473078,16.098524466215533,1339417486.9958477,1339317989.4167612,64779162.3966243,57271222.50240083,1.0000742897354271,1.1310944583714575,0.17003239069242235,66.48867780139237,27.686945403782605,5.654344404132608,5.654344404132608,0.0,5.109590128225511e+24,5.109590128225511e+24,0.0,9.03657393860029e+25,9.03657393860029e+25,1.020957397328068,7.521313534131038e+16,0.005103240067904889,1.3530595511208036e-06,4.2573176479298053e-07,4.2573176479298053e-07,0.0090878828292187,0.0090878828292187,5.885756702162343e+20,1.189899583944142e-05,6.859559227741158e-19,3.156009871203467e-23,3.1560098712034666e-22,3.330768464716398e-21,1.3842827431568335e+19,35000000000000.0,35000000000000.0,0.0,0.004909695623230503,0.0007071014878870048,1.2346979531698778e-05,4.330787467982411e-06,1.2346979531698778e-05,4.330787467982411e-06,9.459470476374332e-30,5.733225382461412e+18,1.0109266103017634e+19,0.46055015234291863,1.0984833023681094e-21,-149020.49885685823,1.0767524357519568e+21,0.0,0.0,0.0,0.0,0.0,0.3333333333333333,0.3333333333333333,2.0,3.1667589742037936e-25,1.2004150054659163e-20,0.0,6.859556060982184e-19,,0.0,0.0,0.0,0.0,0.0,3.1667589742037936e-25,6.859556060982184e-19,0.017499885424288566,17.0,1.1661250687159969e-17,3.330768464716398e-27,3.155676794356995e-23,,,3.330768464716398e-27,3.155676794356995e-23,10.0,,9.536544540177922e-08,3.4095948968030423,32375610273473.64,1.1372368030087004e-05,0.0006957291198569178,1.1372368030087004e-05,0.0006957291198569178,0.004909695623230503,0.0007071014878870048,False,False,1.0,1.4162792396683566,9.216038457655932e-09,0.20264022572071513,0.700200175401959,1.0,1.4178852267870694,1.9176715441151537e-07,0.20322722571216204,0.6993559362759808,0.17986901833995658,0.20213525795241688,0.005819277844742075,0.008258976285542258,True,AP3.2,100.0,8.3,5.767844763153473e+19,$(U_{0.8}Pu_{0.2})N$
Kd_1p0e6_AP3p2,rizk2025_refit_plot,rizk2025_refit_full,1175.0,1.1,35000000000000.0,1.5356456080583562e+23,6.0053369994226315e+25,2.5052361171415834e+25,3.046386299413096e+23,3.3794425013499605e+19,1.6595900213490906,39.43016402471684,0.5832785793768389,0.8677995528648896,1.4510781322417285,0.06805050709734838,1.519128639339077,8464912364766.182,2.1162280911915456e+18,63.78963869971252,0.0795067157486947,336122745.25795615,34801890.16982166,9.658174990432672,1337760691.61269,1337679771.1734548,62061891.61797302,56302073.676599234,1.0000604931321972,1.1023020568382322,0.16993670593439736,66.45590508334647,27.72329573313522,5.650862477583922,5.650862477583922,0.0,5.106443659554913e+24,5.106443659554913e+24,0.0,9.03657393860029e+25,9.03657393860029e+25,1.0220375302706362,7.512861656325808e+16,0.005098829965987901,1.3489754328418728e-06,4.2213177313216086e-07,4.2213177313216086e-07,0.009545450018831213,0.009545450018831213,6.07486981962002e+20,1.2540149501774022e-05,6.859565352766219e-19,4.2715948930300983e-23,4.271594893030099e-22,1.1076769180051558e-20,1.3842827431568335e+19,35000000000000.0,35000000000000.0,0.0,0.004908388966294843,0.0007064042975456539,1.2342606022141991e-05,4.318496717245776e-06,1.2342606022141991e-05,4.318496717245776e-06,9.391770067708042e-30,5.884588810366616e+18,1.0019640970606698e+19,0.8705658461445511,1.285574195736122e-21,-166590.71235056513,1.0762817473825902e+21,0.0,0.0,0.0,0.0,0.0,0.3333333333333333,0.3333333333333333,2.0,9.291784035179553e-25,1.35764246380118e-20,0.0,6.859556060982184e-19,,0.0,0.0,0.0,0.0,0.0,9.291784035179553e-25,6.859556060982184e-19,0.019791960481194207,17.0,1.1661261099702572e-17,1.1076769180051557e-26,4.2704872161120934e-23,,,1.1076769180051557e-26,4.2704872161120934e-23,10.0,,9.536544540177922e-08,3.4095948968030423,32334996512867.18,1.1547318421813166e-05,0.0006948569791238407,1.1547318421813166e-05,0.0006948569791238407,0.004908388966294843,0.0007064042975456539,False,False,1.0,1.4166312588985683,9.220196984375064e-09,0.20276898050436581,0.7000149788648603,1.0,1.4271377646635237,1.9187654398837032e-07,0.20658893844273146,0.6945250959018558,0.1800080839349677,0.20549746745279204,0.00583278579376839,0.008677995528648896,True,AP3.2,100.0,8.3,5.767844763153473e+19,$(U_{0.8}Pu_{0.2})N$
Kd_1p0e6_AP3p2,rizk2025_refit_plot,rizk2025_refit_full,1200.0,1.1,35000000000000.0,1.5347869514102402e+23,6.002904267900722e+25,2.5079761146644876e+25,3.042499582662732e+23,3.3739856190275617e+19,1.6616280894139122,40.04164809849883,0.5846831961117369,0.9073350130828297,1.4920182091945666,0.08683422342795351,1.5788524326225202,8231431747068.698,2.0578579367671744e+18,69.83701852589051,0.0926675807217539,194576694.4869541,31788298.625276864,6.121016314230608,1336106184.0642219,1336039041.55414,59859101.01425194,55442273.3684438,1.0000502549012367,1.0796653415789057,0.16984168578030462,66.42898413367638,27.753616931650512,5.647557248892793,5.647557248892793,0.0,5.103456865209776e+24,5.103456865209776e+24,0.0,9.03657393860029e+25,9.03657393860029e+25,1.0230581812205353,7.50448455472302e+16,0.005094365822561084,1.3453255671011151e-06,4.14047556783753e-07,4.14047556783753e-07,0.009977173517062806,0.009977173517062806,6.223741204052645e+20,1.318319877871242e-05,6.859582128801389e-19,5.699970868482597e-23,5.699970868482596e-22,3.503783313863259e-20,1.3842827431568335e+19,35000000000000.0,35000000000000.0,0.0,0.004907481518492515,0.0007057709538340791,1.2338217912464987e-05,4.30757916230126e-06,1.2338217912464987e-05,4.30757916230126e-06,9.222564405439509e-30,6.033359305507897e+18,9.81360764110601e+18,1.6326082049996675,1.6047663622371764e-21,-193571.3356773857,1.0758164639890476e+21,0.0,0.0,0.0,0.0,0.0,0.3333333333333333,0.3333333333333333,2.0,2.6067819204802983e-24,1.4100662152237733e-20,0.0,6.859556060982184e-19,,0.0,0.0,0.0,0.0,0.0,2.6067819204802983e-24,6.859556060982184e-19,0.0205561532575478,17.0,1.1661289618962361e-17,3.503783313863259e-26,5.696467085168733e-23,,,3.503783313863259e-26,5.696467085168733e-23,10.0,,9.536544540177922e-08,3.4095948968030423,32298035165361.52,1.1706551382507307e-05,0.0006940644024515717,1.1706551382507307e-05,0.0006940644024515717,0.004907481518492515,0.0007057709538340791,False,False,1.0,1.4169995583955828,9.224121954713692e-09,0.20290363633364403,0.6998213052511699,1.0,1.4356813868395661,1.9197993331101435e-07,0.2096629700733564,0.6901137861217654,0.18015246301737317,0.20857194449992805,0.005846831961117369,0.009073350130828297,True,AP3.2,100.0,8.3,5.767844763153473e+19,$(U_{0.8}Pu_{0.2})N$
Kd_1p0e6_AP3p2,rizk2025_refit_plot,rizk2025_refit_full,1225.0,1.1,35000000000000.0,1.5339292066485718e+23,6.000928056841761e+25,2.510245196965247e+25,3.038819311995495e+23,3.3688574398361637e+19,1.6636733799917085,40.601734346421196,0.5861350467726998,0.944506603393989,1.5306416501666888,0.11748073327187,1.6481223834385588,7899599460705.426,1.9748998651763564e+18,78.3070809098933,0.11181194553238094,116378860.53709038,28349926.650369186,4.105085066792398,1334453318.29558,1334396538.8272693,58068083.05430103,54677467.24951615,1.0000425506711523,1.0620112081876814,0.16974676653685059,66.4071151037499,27.778726915989456,5.644411213723811,5.644411213723811,0.0,5.100613927267982e+24,5.100613927267982e+24,0.0,9.03657393860029e+25,9.036573938600291e+25,1.0240191539472638,7.49615050118973e+16,0.005089856431395821,1.3420663019279537e-06,4.026662733809805e-07,4.026662733809805e-07,0.010383076410077267,0.010383076410077267,6.336019614626766e+20,1.3825449786391589e-05,6.859626178147597e-19,7.507910714821752e-23,7.507910714821752e-22,1.057421518979397e-19,1.3842827431568335e+19,35000000000000.0,35000000000000.0,0.0,0.004906932292466713,0.0007051976101352862,1.2333817134809519e-05,4.297857099658164e-06,1.2333817134809519e-05,4.297857099658164e-06,8.978230979414067e-30,6.180018015232421e+18,9.5220158848251e+18,3.0451134815745085,2.1341198380779785e-21,-231824.96177573077,1.0753557227295788e+21,0.0,0.0,0.0,0.0,0.0,0.3333333333333333,0.3333333333333333,2.0,7.011716541319382e-24,1.3584525954125257e-20,0.0,6.859556060982184e-19,,0.0,0.0,0.0,0.0,0.0,7.011716541319382e-24,6.859556060982184e-19,0.01980359512505342,17.0,1.1661364502850915e-17,1.057421518979397e-25,7.497336499631958e-23,,,1.057421518979397e-25,7.497336499631958e-23,10.0,,9.536544540177922e-08,3.4095948968030423,32264402998905.52,1.185148937798498e-05,0.0006933461207573013,1.185148937798498e-05,0.0006933461207573013,0.004906932292466713,0.0007051976101352862,False,False,1.0,1.4173820235698984,9.227844594625541e-09,0.20304341333800813,0.6996202775972943,1.0,1.4435606933260248,1.920772991352625e-07,0.21247278402796904,0.6860868322997818,0.1803014544029177,0.2113821607069203,0.005861350467726998,0.00944506603393989,True,AP3.2,100.0,8.3,5.767844763153473e+19,$(U_{0.8}Pu_{0.2})N$
Kd_1p0e6_AP3p2,rizk2025_refit_plot,rizk2025_refit_full,1250.0,1.1,35000000000000.0,1.5330637710612818e+23,5.999335157802321e+25,2.512117984195976e+25,3.0353076957841343e+23,3.364037655600781e+19,1.6657260156642755,41.11612538655701,0.5876274006282369,0.9794584180326686,1.5670858186609058,0.16493147376893663,1.7320172924298425,7467203530407.589,1.8668008826018972e+18,89.34337608389978,0.137582681876231,72352514.94847581,24847952.89037726,2.9118098890349793,1332801066.866363,1332752192.8116646,56603744.404679276,53993414.48466915,1.0000366715245055,1.048345338870008,0.1696509962158008,66.3894878586207,27.799451443265543,5.641409701897964,5.641409701897964,0.0,5.097901588913797e+24,5.097901588913797e+24,0.0,9.03657393860029e+25,9.03657393860029e+25,1.0249239321922103,7.487818874700771e+16,0.005085301515752725,1.3391468926270516e-06,3.8932309482166314e-07,3.8932309482166314e-07,0.010764739202579646,0.010764739202579646,6.417046711973341e+20,1.4465294365382987e-05,6.859737343204004e-19,9.775347450615735e-23,9.775347450615735e-22,3.0533079764031823e-19,1.3842827431568335e+19,35000000000000.0,35000000000000.0,0.0,0.004906710030139307,0.0007046815887850822,1.232940346309776e-05,4.289153008700747e-06,1.232940346309776e-05,4.289153008700747e-06,8.688609955429834e-30,6.32501934832737e+18,9.179455864286213e+18,5.637051276785218,2.9866591178766833e-21,-281480.95010668476,1.074899543962329e+21,0.0,0.0,0.0,0.0,0.0,0.3333333333333333,0.3333333333333333,2.0,1.8128222181985484e-23,1.2247278119517971e-20,0.0,6.859556060982184e-19,,0.0,0.0,0.0,0.0,0.0,1.8128222181985484e-23,6.859556060982184e-19,0.017853858692784275,17.0,1.1661553483446806e-17,3.0533079764031822e-25,9.744814370851704e-23,,,3.0533079764031822e-25,9.744814370851704e-23,10.0,,9.536544540177922e-08,3.4095948968030423,32233706268468.453,1.198390016745001e-05,0.0006926976886176321,1.198390016745001e-05,0.0006926976886176321,0.004906710030139307,0.0007046815887850822,False,False,1.0,1.4177764671177837,9.23140222425512e-09,0.2031875061372675,0.6994130554137898,1.0,1.4508423825214714,1.9216899058039912e-07,0.21504832216514164,0.6824000555435171,0.18045434609147415,0.21395806803780962,0.0058762740062823695,0.009794584180326686,True,AP3.2,100.0,8.3,5.767844763153473e+19,$(U_{0.8}Pu_{0.2})N$
Kd_1p0e6_AP3p2,rizk2025_refit_plot,rizk2025_refit_full,1275.0,1.1,35000000000000.0,1.5321735790547832e+23,5.998050548318812e+25,2.5136704412678487e+25,3.03191571430281e+23,3.3594901703904313e+19,1.667788110681099,41.591428332166444,0.5891533531694013,1.0124497779886472,1.6016031311580488,0.23361945574348467,1.8352225869015335,6954522346663.56,1.73863058666589e+18,102.74508981754215,0.16946129553829883,47130738.311825536,21606871.957991797,2.1812846581151306,1331147095.5723064,1331104344.6000981,55394977.15901908,53376382.80345068,1.0000321169203463,1.0378181182303328,0.16955248631453212,66.37527218913978,27.816631151885435,5.638544172660253,5.638544172660253,0.0,5.095312132230817e+24,5.095312132230817e+24,0.0,9.03657393860029e+25,9.03657393860029e+25,1.025779020699557,7.479423281419448e+16,0.005080683228167888,1.3365104557928056e-06,3.753036395962461e-07,3.753036395962461e-07,0.011125011395482826,0.011125011395482826,6.472946111935973e+20,1.5102483754084105e-05,6.860007613635873e-19,1.260338808442629e-22,1.260338808442629e-21,8.457331924393166e-19,1.3842827431568335e+19,35000000000000.0,35000000000000.0,0.0,0.004906807545461037,0.0007042248191948405,1.2324972393220304e-05,4.281294800613249e-06,1.2324972393220304e-05,4.281294800613249e-06,8.382555130275234e-30,6.468774892834924e+18,8.819156923579172e+18,10.274610613519735,4.313403462657309e-21,-340403.2218473197,1.0744496198528732e+21,0.0,0.0,0.0,0.0,0.0,0.3333333333333333,0.3333333333333333,2.0,4.5155265368944576e-23,1.0414017716058635e-20,0.0,6.859556060982184e-19,,0.0,0.0,0.0,0.0,0.0,4.5155265368944576e-23,6.859556060982184e-19,0.015180766994133262,17.0,1.1662012943180985e-17,8.457331924393166e-25,1.2518814765182357e-22,,,8.457331924393166e-25,1.2518814765182357e-22,10.0,,9.536544540177922e-08,3.4095948968030423,32205508410563.273,1.2105830378864241e-05,0.0006921189888159762,1.2105830378864241e-05,0.0006921189888159762,0.004906807545461037,0.0007042248191948405,False,False,1.0,1.4181805834761754,9.23484384032846e-09,0.20333506738420895,0.6992008583165107,1.0,1.4576091411577,1.922556628922191e-07,0.21742376589294743,0.6790034982193145,0.180610412534798,0.21633385856478152,0.0058915335316940135,0.010124497779886473,True,AP3.2,100.0,8.3,5.767844763153473e+19,$(U_{0.8}Pu_{0.2})N$
Kd_1p0e6_AP3p2,rizk2025_refit_plot,rizk2025_refit_full,1300.0,1.1,35000000000000.0,1.53122269109645e+23,5.99699322559455e+25,2.514983554197517e+25,3.028570482953836e+23,3.355167510411013e+19,1.6698658367310644,42.0347094906062,0.5907055260931087,1.0438232542143835,1.6345287803074922,0.324977705486478,1.9595064857939701,6404514458930.943,1.6011286147327357e+18,117.88800774004245,0.20545018195607845,32450273.832905527,18831431.98836113,1.7231973571081367,1329486043.91029,1329448121.6202857,54382317.68898926,52813496.91487983,1.0000285248362741,1.0297049213885217,0.1694472597137436,66.3635717069499,27.831162244516232,5.6358187888201385,5.6358187888201385,0.0,5.092849318972591e+24,5.092849318972591e+24,0.0,9.03657393860029e+25,9.036573938600291e+25,1.026593129685943,7.470836157418704e+16,0.00507594838044628,1.3340936279976849e-06,3.6165473588300367e-07,3.6165473588300367e-07,0.011467655339480859,0.011467655339480859,6.509472489419247e+20,1.5738773731821883e-05,6.860642029484949e-19,1.6132812103425e-22,1.6132812103425001e-21,2.2525702314749626e-18,1.3842827431568335e+19,35000000000000.0,35000000000000.0,0.0,0.0049072700760605355,0.0007038405300111579,1.2320510722738098e-05,4.274120460493664e-06,1.2320510722738098e-05,4.274120460493664e-06,8.083659283156182e-30,6.611659576810395e+18,8.46812673568474e+18,18.1786800056501,6.284093707840321e-21,-404761.7622277717,1.0740109710977212e+21,0.0,0.0,0.0,0.0,0.0,0.3333333333333333,0.3333333333333333,2.0,1.085968502764781e-22,8.409787168749566e-21,0.0,6.859556060982184e-19,,0.0,0.0,0.0,0.0,0.0,1.085968502764781e-22,6.859556060982184e-19,0.012258017737417087,17.0,1.1663091450124414e-17,2.2525702314749626e-24,1.5907555080277505e-22,,,2.2525702314749626e-24,1.5907555080277505e-22,10.0,,9.536544540177922e-08,3.4095948968030423,32179356779790.773,1.2219602677672112e-05,0.0006916209273334857,1.2219602677672112e-05,0.0006916209273334857,0.0049072700760605355,0.0007038405300111579,False,False,1.0,1.4185917786542699,9.238243025892658e-09,0.2034851458623797,0.6989850549963897,1.0,1.4639531710579154,1.9233819539188287e-07,0.219635301531613,0.6758446144611634,0.18076888443835912,0.2185457285132434,0.005907055260931086,0.010438232542143835,True,AP3.2,100.0,8.3,5.767844763153473e+19,$(U_{0.8}Pu_{0.2})N$
Kd_1p0e6_AP3p2,rizk2025_refit_plot,rizk2025_refit_full,1325.0,1.1,35000000000000.0,1.530135146821305e+23,5.996065593503395e+25,2.5161529443114286e+25,3.025148516134461e+23,3.351015033090457e+19,1.6719736251306416,42.45311827561871,0.5922752393075641,1.0739740118337977,1.666249251141362,0.4345818143191802,2.100831065460542,5872544899438.803,1.4681362248597005e+18,133.68896983641108,0.24226939931730565,23797955.432549857,16605708.030486811,1.4331189846803658,1327806166.0008132,1327772141.0387306,53516381.210926846,52292978.47067621,1.0000256256032425,1.0233951627164757,0.16932691053245713,66.35330639957282,27.844102880224597,5.633263809670137,5.633263809670137,0.0,5.090540493172534e+24,5.090540493172534e+24,0.0,9.03657393860029e+25,9.03657393860029e+25,1.0273763858874565,7.461796991699906e+16,0.00507097236998331,1.3318230456199484e-06,3.4906034110089734e-07,3.4906034110089734e-07,0.011797000810421327,0.011797000810421327,6.530784464565716e+20,1.6378942382821838e-05,6.862082708120544e-19,2.058576297173614e-22,2.0585762971736138e-21,5.78187606487805e-18,1.3842827431568335e+19,35000000000000.0,35000000000000.0,0.0,0.004908251279879652,0.0007035663065568417,1.2315987565995462e-05,4.267481286864e-06,1.2315987565995462e-05,4.267481286864e-06,7.807433348703014e-30,6.754033358152494e+18,8.143980624058008e+18,30.615428442105102,9.018370922048189e-21,-470291.29954866285,1.0735953188344226e+21,0.0,0.0,0.0,0.0,0.0,0.3333333333333333,0.3333333333333333,2.0,2.5266471383605937e-22,6.489382211733226e-21,0.0,6.859556060982184e-19,,0.0,0.0,0.0,0.0,0.0,2.5266471383605937e-22,6.859556060982184e-19,0.00945686971107727,17.0,1.1665540603804926e-17,5.78187606487805e-24,2.0007575365248335e-22,,,5.78187606487805e-24,2.0007575365248335e-22,10.0,,9.536544540177922e-08,3.4095948968030423,32154804347169.793,1.2327953119063543e-05,0.0006912383534377782,1.2327953119063543e-05,0.0006912383534377782,0.004908251279879652,0.0007035663065568417,False,False,1.0,1.4190067557612116,9.241725337962592e-09,0.20363653563313502,0.6987673800511942,1.0,1.4699705257057303,1.9241761209878518e-07,0.2217192560438791,0.6728709118915347,0.18092886507085526,0.2206300131086371,0.005922752393075641,0.010739740118337978,True,AP3.2,100.0,8.3,5.767844763153473e+19,$(U_{0.8}Pu_{0.2})N$
Kd_1p0e6_AP3p2,rizk2025_refit_plot,rizk2025_refit_full,1350.0,1.1,35000000000000.0,1.5287534015506373e+23,5.995130845759784e+25,2.5173094716947073e+25,3.021422295820158e+23,3.3469741107914887e+19,1.6741424644530762,42.85363868056528,0.5938507045764649,1.1033265601894917,1.6971772647659569,0.5512244552410245,2.2484017200069815,5408978349585.154,1.3522445873962885e+18,148.73673841180496,0.27620581253734144,18670814.17167355,14925700.426840898,1.2509171186430763,1326082802.9093595,1326052021.93784,52756792.739222586,51804235.72775399,1.0000232124916748,1.0183876279243758,0.16917400465462598,66.34296234938341,27.856901175144078,5.6309624708179,5.6309624708179,0.0,5.088460871302932e+24,5.088460871302932e+24,0.0,9.03657393860029e+25,9.036573938600291e+25,1.028139730431472,7.451771367594122e+16,0.005065488229209603,1.3296057023341919e-06,3.3783914191198356e-07,3.3783914191198356e-07,0.012117681270160155,0.012117681270160155,6.538429429330575e+20,1.703185063507705e-05,6.865253628289335e-19,2.635683646760266e-22,2.6356836467602656e-21,1.4331663655150738e-17,1.3842827431568335e+19,35000000000000.0,35000000000000.0,0.0,0.004910122294699137,0.0007034893440351888,1.2311336628962477e-05,4.2612431884889535e-06,1.2311336628962477e-05,4.2612431884889535e-06,7.561212771819298e-30,6.896277469908948e+18,7.854897722468326e+18,48.039065544079556,1.2460929002108225e-20,-533073.8743234664,1.0732277265507916e+21,0.0,0.0,0.0,0.0,0.0,0.3333333333333333,0.3333333333333333,2.0,5.697567307150379e-22,4.811032795419547e-21,0.0,6.859556060982184e-19,,0.0,0.0,0.0,0.0,0.0,5.697567307150379e-22,6.859556060982184e-19,0.007007800521156197,17.0,1.1670931168091869e-17,1.433166365515074e-23,2.492367010208758e-22,,,1.433166365515074e-23,2.492367010208758e-22,10.0,,9.536544540177922e-08,3.4095948968030423,32131423377404.074,1.243443192558704e-05,0.0006910549121096017,1.243443192558704e-05,0.0006910549121096017,0.004910122294699137,0.0007034893440351888,False,False,1.0,1.4194206444669775,9.245523214803883e-09,0.20378745931328954,0.6985503892085423,1.0,1.4757571974043957,1.9249502113464327e-07,0.22371088197318723,0.6700316569349479,0.1810891479669899,0.22262197143231155,0.00593850704576465,0.011033265601894916,True,AP3.2,100.0,8.3,5.767844763153473e+19,$(U_{0.8}Pu_{0.2})N$
Kd_1p0e6_AP3p2,rizk2025_refit_plot,rizk2025_refit_full,1375.0,1.1,35000000000000.0,1.5267593116955954e+23,5.9939687224535445e+25,2.5186595254552565e+25,3.0169580650461434e+23,3.3429838442523955e+19,1.676435787409316,43.242991055449984,0.5954134663656299,1.1323223109318241,1.727735777297454,0.6604065066235009,2.388142283920955,5043102329281.301,1.260775582320325e+18,161.70310658531903,0.30437962003102215,15646781.153730828,13728864.255484585,1.139699603882386,1324265992.9536269,1324238015.361556,52071610.45691711,51337799.393971615,1.0000211273137807,1.0142937771312353,0.16895333586260472,66.33010212919227,27.87184106021249,5.629103474732638,5.629103474732638,0.0,5.086780975745329e+24,5.086780975745329e+24,0.0,9.03657393860029e+25,9.03657393860029e+25,1.0288945947625772,7.439682923160512e+16,0.005058951559493244,1.3273085332885531e-06,3.281117081905736e-07,3.281117081905736e-07,0.01243449975436513,0.01243449975436513,6.53114299656506e+20,1.771133460985562e-05,6.872029686534334e-19,3.420580950408818e-22,3.420580950408818e-21,3.437073971002977e-17,1.3842827431568335e+19,35000000000000.0,35000000000000.0,0.0,0.004913679540177016,0.0007037944357312719,1.2306422311288845e-05,4.255285989685886e-06,1.2306422311288845e-05,4.255285989685886e-06,7.347871087270424e-30,7.038849033532306e+18,7.603914341858347e+18,69.10503869846352,1.6287191957773035e-20,-589536.3743083575,1.0729592740523614e+21,0.0,0.0,0.0,0.0,0.0,0.3333333333333333,0.3333333333333333,2.0,1.2473625552150166e-21,3.443438470919897e-21,0.0,6.859556060982184e-19,,0.0,0.0,0.0,0.0,0.0,1.2473625552150166e-21,6.859556060982184e-19,0.0050108026711049814,17.0,1.1682450467108369e-17,3.437073971002977e-23,3.0768735533085202e-22,,,3.437073971002977e-23,3.0768735533085202e-22,10.0,,9.536544540177922e-08,3.4095948968030423,32108810180662.02,1.2544272235053216e-05,0.0006912501634962186,1.2544272235053216e-05,0.0006912501634962186,0.004913679540177016,0.0007037944357312719,False,False,1.0,1.4198253068964284,9.250081490220672e-09,0.20393495205849513,0.698338344654177,1.0,1.4814073754885653,1.9257158185441143e-07,0.22564389332775742,0.6672785082184525,0.18124785863090445,0.2245553232890059,0.005954134663656298,0.01132322310931824,True,AP3.2,100.0,8.3,5.767844763153473e+19,$(U_{0.8}Pu_{0.2})N$
Kd_1p0e6_AP3p2,rizk2025_refit_plot,rizk2025_refit_full,1400.0,1.1,35000000000000.0,1.523529302254835e+23,5.9921928185715886e+25,2.52056023300576e+25,3.0109275874474015e+23,3.3389803302955483e+19,1.6789789380843894,43.62776240550734,0.596931730304628,1.1614253151150409,1.758357045419669,0.7513075249435388,2.5096645703632077,4776683817721.498,1.1941709544303744e+18,171.88748494828425,0.3257587367601683,13883354.889179707,12915425.463744095,1.074943673218723,1322257660.7241507,1322232191.032058,51437154.562667295,50885030.02665475,1.0000192626471094,1.0108504315654983,0.16859589846844328,66.31044972669966,27.892874557679757,5.628079817152143,5.628079817152143,0.0,5.085855940003934e+24,5.085855940003934e+24,0.0,9.03657393860029e+25,9.03657393860029e+25,1.0296530496165124,7.423421199694923e+16,0.005050292190285301,1.3247191175642868e-06,3.2013107530908426e-07,3.2013107530908426e-07,0.012752528836928864,0.012752528836928864,6.506637391031704e+20,1.8434412107197248e-05,6.886110813242972e-19,4.565292615698932e-22,4.565292615698932e-21,7.989389038480301e-17,1.3842827431568335e+19,35000000000000.0,35000000000000.0,0.0,0.004920529885819126,0.0007048530393201773,1.2300976930936476e-05,4.249499787577779e-06,1.2300976930936476e-05,4.249499787577779e-06,7.17321297604479e-30,7.182366287874679e+18,7.397375921906886e+18,90.93244133369282,2.0014638328932918e-20,-637050.6178474249,1.0728904796713957e+21,0.0,0.0,0.0,0.0,0.0,0.3333333333333333,0.3333333333333333,2.0,2.6554752260788454e-21,2.389663047018396e-21,0.0,6.859556060982184e-19,,0.0,0.0,0.0,0.0,0.0,2.6554752260788454e-21,6.859556060982184e-19,0.003470265163933658,17.0,1.1706388382513052e-17,7.989389038480301e-23,3.7663537118509016e-22,,,7.989389038480301e-23,3.7663537118509016e-22,10.0,,9.536544540177922e-08,3.4095948968030423,32086576771527.098,1.2666099959030572e-05,0.0006921869393611467,1.2666099959030572e-05,0.0006921869393611467,0.004920529885819126,0.0007048530393201773,False,False,1.0,1.4202061828656256,9.256253268107307e-09,0.20407371493214438,0.6981388628456786,1.0,1.4870150925509984,1.9264851888704844e-07,0.22755113079285771,0.6645645476475767,0.18140178445194932,0.2264629164527232,0.00596931730304628,0.01161425315115041,True,AP3.2,100.0,8.3,5.767844763153473e+19,$(U_{0.8}Pu_{0.2})N$
Kd_1p0e6_AP3p2,rizk2025_refit_plot,rizk2025_refit_full,1425.0,1.1,35000000000000.0,1.5178805758812496e+23,5.989100586784797e+25,2.5236560067665483e+25,3.0017748895029138e+23,3.3348887633738236e+19,1.682012001949806,44.0151890807874,0.5983482163089168,1.1911807797132796,1.7895289960221963,0.8215807300780518,2.611109726100248,4590100044780.999,1.1475250111952497e+18,179.4554036985297,0.34120571352151935,12856846.507129453,12370761.505345458,1.0392930541562826,1319871094.9886355,1319847894.917844,50837062.46920946,50437134.23394173,1.0000175778367195,1.007929241844169,0.16797080245174867,66.27623065420823,27.927132826154327,5.628665717185704,5.628665717185704,0.0,5.086385392901325e+24,5.086385392901325e+24,0.0,9.03657393860029e+25,9.036573938600291e+25,1.0304293346077178,7.398975814696136e+16,0.0050374754740509595,1.3214726398580576e-06,3.1455526734031975e-07,3.1455526734031975e-07,0.013077859264816085,0.013077859264816085,6.466418382585122e+20,1.9214679196862922e-05,6.914608654846705e-19,6.376594772569942e-22,6.376594772569942e-21,1.8029544796246132e-16,1.3842827431568335e+19,35000000000000.0,35000000000000.0,0.0,0.004933782179104664,0.0007073842911095707,1.2294488450951035e-05,4.243772432580684e-06,1.2294488450951035e-05,4.243772432580684e-06,7.052092275403144e-30,7.327764208988714e+18,7.251850251871325e+18,111.15583950782718,2.3328738234116752e-20,-675983.0258171305,1.0732131428003595e+21,0.0,0.0,0.0,0.0,0.0,0.3333333333333333,0.3333333333333333,2.0,5.505259386452124e-21,1.614130821723305e-21,0.0,6.859556060982184e-19,,0.0,0.0,0.0,0.0,0.0,5.505259386452124e-21,6.859556060982184e-19,0.0023343776955358146,17.0,1.1754834713239397e-17,1.8029544796246133e-22,4.573640292945329e-22,,,1.8029544796246133e-22,4.573640292945329e-22,10.0,,9.536544540177922e-08,3.4095948968030423,32064305573321.676,1.2815202279282452e-05,0.0006945690888302883,1.2815202279282452e-05,0.0006945690888302883,0.004933782179104664,0.0007073842911095707,False,False,1.0,1.420536598588142,9.265651939551777e-09,0.20419404666981475,0.6979658866904054,1.0,1.4926855737042202,1.9272727465500265e-07,0.22946844132775712,0.6618387562339694,0.18154515657651604,0.22838060849379363,0.005983482163089167,0.011911807797132795,True,AP3.2,100.0,8.3,5.767844763153473e+19,$(U_{0.8}Pu_{0.2})N$
Kd_1p0e6_AP3p2,rizk2025_refit_plot,rizk2025_refit_full,1450.0,1.1,35000000000000.0,1.5076542444489168e+23,5.983411821669088e+25,2.5291174478163736e+25,2.9866571068728396e+23,3.3305978647212093e+19,1.685980791039971,44.415491786285116,0.5995588817153475,1.2224025130140337,1.8219613947293811,0.8758820975341447,2.6978434922635257,4455897816618.632,1.1139744541546578e+18,185.14727227915665,0.35257451910038484,12237568.42728925,11990454.802125225,1.0206091953342942,1316762189.063292,1316740980.560418,50258146.502189815,49982560.379653506,1.0000161068146183,1.005513645568435,0.1668391422117267,66.21327797817901,27.987569902052044,5.632312977557249,5.632312977557249,0.0,5.089681266703404e+24,5.089681266703404e+24,0.0,9.03657393860029e+25,9.036573938600291e+25,1.0312447707396972,7.359002011077317e+16,0.005016767187728993,1.3169222794144633e-06,3.1221432032974396e-07,3.1221432032974396e-07,0.01341983550777167,0.01341983550777167,6.421004003021927e+20,2.0050084625639625e-05,6.970855980789518e-19,9.468385261965149e-22,9.468385261965149e-21,3.956100289530877e-16,1.3842827431568335e+19,35000000000000.0,35000000000000.0,0.0,0.004959245948299358,0.0007127388907856378,1.2286007929482162e-05,4.237956198997782e-06,1.2286007929482162e-05,4.237956198997782e-06,7.00321433069521e-30,7.476623682504116e+18,7.188034783532922e+18,129.77202275399154,2.6318484807144038e-20,-711290.5329762601,1.0742821886960966e+21,0.0,0.0,0.0,0.0,0.0,0.3333333333333333,0.3333333333333333,2.0,1.1129991980733449e-20,1.0648433877683903e-21,0.0,6.859556060982184e-19,,0.0,0.0,0.0,0.0,0.0,1.1129991980733449e-20,6.859556060982184e-19,0.0015275647505886161,17.0,1.1850455167342181e-17,3.9561002895308766e-22,5.512284972434272e-22,,,3.9561002895308766e-22,5.512284972434272e-22,10.0,,9.536544540177922e-08,3.4095948968030423,32041417322309.586,1.3019618088917296e-05,0.0006997192726967206,1.3019618088917296e-05,0.0006997192726967206,0.004959245948299358,0.0007127388907856378,False,False,1.0,1.4207679154800428,9.281259942984127e-09,0.20427826224784804,0.6978448325751034,1.0,1.4985698338887257,1.9281000492540772e-07,0.23144617699468314,0.6590297117074164,0.1816675169701408,0.23035876667692232,0.005995588817153476,0.012224025130140337,True,AP3.2,100.0,8.3,5.767844763153473e+19,$(U_{0.8}Pu_{0.2})N$
Kd_1p0e6_AP3p2,rizk2025_refit_plot,rizk2025_refit_full,1475.0,1.1,35000000000000.0,1.489101797681817e+23,5.9728415731066185e+25,2.539032980166382e+25,2.9605861061159243e+23,3.3259066296338563e+19,1.69168496017479,44.84647736168936,0.6003780013788413,1.2565612660736196,1.8569392674524607,0.9212266176078728,2.7781658850603335,4349803048476.158,1.0874507621190395e+18,189.80725306796185,0.3617231168780955,11826077.543149674,11696075.698461918,1.01111499686214,1312320663.461596,1312301079.8480012,49682101.007054105,49502215.79491239,1.0000149231101731,1.0036338820243316,0.1647861023214811,66.09630611877421,28.09729657963339,5.641611199270909,5.641611199270909,0.0,5.098083673504702e+24,5.098083673504702e+24,0.0,9.03657393860029e+25,9.03657393860029e+25,1.0321379701129927,7.290664641404315e+16,0.004981601419219891,1.309931606442871e-06,3.1356820493900296e-07,3.1356820493900296e-07,0.013795473541223796,0.013795473541223796,6.387497045394985e+20,2.0916805956977407e-05,7.079265455089175e-19,1.504893209395902e-21,1.504893209395902e-20,8.452417180343286e-16,1.3842827431568335e+19,35000000000000.0,35000000000000.0,0.0,0.005007425656713134,0.0007233887877554099,1.2273838568226989e-05,4.23180641049894e-06,1.2273838568226989e-05,4.23180641049894e-06,7.036988483435105e-30,7.63183271101759e+18,7.216686896733125e+18,149.19100239322896,2.9442838560846766e-20,-752080.1213005465,1.0767324192630322e+21,0.0,0.0,0.0,0.0,0.0,0.3333333333333333,0.3333333333333333,2.0,2.1970939410699096e-20,6.8818538610947975e-22,0.0,6.859556060982184e-19,,0.0,0.0,0.0,0.0,0.0,2.1970939410699096e-20,6.859556060982184e-19,0.0009721141133572748,17.0,1.2034751273651598e-17,8.452417180343286e-22,6.596514913615734e-22,,,8.452417180343286e-22,6.596514913615734e-22,10.0,,9.536544540177922e-08,3.4095948968030423,32016915855250.727,1.3330992512836386e-05,0.0007100577952425734,1.3330992512836386e-05,0.0007100577952425734,0.005007425656713134,0.0007233887877554099,False,False,1.0,1.4208135851630943,9.308425333192389e-09,0.20429488668016782,0.6978209366078877,1.0,1.5049338615861516,1.929006157065518e-07,0.23357172054080996,0.6560137592259824,0.18175021094410237,0.23248479592710022,0.006003780013788413,0.012565612660736195,True,AP3.2,100.0,8.3,5.767844763153473e+19,$(U_{0.8}Pu_{0.2})N$
Kd_1p0e6_AP3p2,rizk2025_refit_plot,rizk2025_refit_full,1500.0,1.1,35000000000000.0,1.4561696262542664e+23,5.953466523993517e+25,2.5569905841235276e+25,2.915318432012731e+23,3.3204406133133177e+19,1.7004977208360061,45.3402983109679,0.6004858393231259,1.2963952946795483,1.896881134002674,0.964135082084206,2.8610162160868797,4253993840654.1104,1.0634984601635277e+18,194.14558501459342,0.3701118221268249,11507237.219764218,11434717.919715395,1.00634202789767,1305518501.548774,1305500132.5780044,49075152.82514764,48963065.588454194,1.0000140704472649,1.0022892201569968,0.1611417818465632,65.8818990963258,28.296017954339785,5.660941167487863,5.660941167487863,0.0,5.115551342207032e+24,5.115551342207032e+24,0.0,9.03657393860029e+25,9.036573938600291e+25,1.0331809679109891,7.172961509630652e+16,0.004921100177426352,1.2985942182809546e-06,3.188425721359862e-07,3.188425721359862e-07,0.014236219925820096,0.014236219925820096,6.377907521534774e+20,2.1785854476792385e-05,7.283547683483441e-19,2.5448943822908676e-21,2.5448943822908677e-20,1.7607759639859707e-15,1.3842827431568335e+19,35000000000000.0,35000000000000.0,0.0,0.00509665459522021,0.0007437543147114128,1.2255082240767436e-05,4.224899039063127e-06,1.2255082240767436e-05,4.224899039063127e-06,7.158563156788843e-30,7.798661620972702e+18,7.341755568644922e+18,173.57614819510087,3.3413419286821076e-20,-810250.9558472483,1.0816518916229625e+21,0.0,0.0,0.0,0.0,0.0,0.3333333333333333,0.3333333333333333,2.0,4.239916225012569e-20,4.369022003359254e-22,0.0,6.859556060982184e-19,,0.0,0.0,0.0,0.0,0.0,4.239916225012569e-20,6.859556060982184e-19,0.0005998480676204922,17.0,1.2382031061921849e-17,1.7607759639859707e-21,7.84118418304897e-22,,,1.7607759639859707e-21,7.84118418304897e-22,10.0,,9.536544540177922e-08,3.4095948968030423,31989024223772.684,1.384321504417304e-05,0.0007299110996672397,1.384321504417304e-05,0.0007299110996672397,0.00509665459522021,0.0007437543147114128,False,False,1.0,1.4205258629801867,9.35635930120134e-09,0.20419013763413643,0.6979715057665155,1.0,1.5122623139790683,1.9300640565135101e-07,0.23600227463975,0.65256890607471,0.18176109208660662,0.23491593762196294,0.006004858393231259,0.012963952946795483,True,AP3.2,100.0,8.3,5.767844763153473e+19,$(U_{0.8}Pu_{0.2})N$
Kd_1p0e6_AP3p2,rizk2025_refit_plot,rizk2025_refit_full,1525.0,1.1,35000000000000.0,1.400158262401767e+23,5.918926625235514e+25,2.588809527468385e+25,2.8384493310216915e+23,3.3135459620610966e+19,1.7146396777682484,45.95101806419691,0.5993608386504211,1.3466880977457332,1.9460489363961542,1.010449088203599,2.956498024599753,4155205820169.3438,1.0388014550423359e+18,198.75640876743736,0.3788923928017665,11213362.778858263,11169451.157661019,1.0039314036632074,1294750178.3234618,1294732665.2848263,48380275.02284086,48312313.70975283,1.0000135263742895,1.001406707894313,0.1549434854310109,65.4996757117479,28.648130863071053,5.697249939750049,5.697249939750049,0.0,5.148362032723736e+24,5.148362032723736e+24,0.0,9.03657393860029e+25,9.03657393860029e+25,1.0344999748415789,6.97485631976008e+16,0.004818813338455297,1.27996984379705e-06,3.286937483226886e-07,3.286937483226886e-07,0.014796651744724982,0.014796651744724982,6.390681208403333e+20,2.2655974767519905e-05,7.660320881786454e-19,4.506949593239524e-21,4.506949593239524e-20,3.580777516173852e-15,1.3842827431568335e+19,35000000000000.0,35000000000000.0,0.0,0.00525758961109746,0.0007815715837795897,1.2225098159512337e-05,4.216555206812908e-06,1.2225098159512337e-05,4.216555206812908e-06,7.382751026661126e-30,7.986117155561546e+18,7.576704340447938e+18,208.57412666505599,3.9126647883656836e-20,-898271.0495018333,1.0907998233151773e+21,0.0,0.0,0.0,0.0,0.0,0.3333333333333333,0.3333333333333333,2.0,8.007648208042697e-20,2.7313851877918533e-22,0.0,6.859556060982184e-19,,0.0,0.0,0.0,0.0,0.0,8.007648208042697e-20,6.859556060982184e-19,0.0003565627641377433,17.0,1.3022545499036972e-17,3.5807775161738524e-21,9.261720770656716e-22,,,3.5807775161738524e-21,9.261720770656716e-22,10.0,,9.536544540177922e-08,3.4095948968030423,31954803320608.58,1.4723885574054717e-05,0.0007668476982055349,1.4723885574054717e-05,0.0007668476982055349,0.00525758961109746,0.0007815715837795897,False,False,1.0,1.419667512029884,9.440073139930384e-09,0.2038774462742041,0.6984210168899356,1.0,1.5213794399256526,1.9314017647236862e-07,0.23900086053097178,0.6483247424353923,0.18164751228834614,0.2379152828996102,0.0059936083865042115,0.013466880977457331,True,AP3.2,100.0,8.3,5.767844763153473e+19,$(U_{0.8}Pu_{0.2})N$
Kd_1p0e6_AP3p2,rizk2025_refit_plot,rizk2025_refit_full,1550.0,1.1,35000000000000.0,1.3109397095059192e+23,5.859737157604122e+25,2.6431704674477427e+25,2.714025403563261e+23,3.3041852800014086e+19,1.737401292941517,46.75975973231171,0.5962150558430681,1.415043576490763,2.011258632333831,1.0662833783808334,3.0775420107146645,4041999384638.8955,1.0104998461597239e+18,204.2236221211936,0.3891251089652915,10899761.401742417,10870436.910978753,1.0026976368110878,1277787337.8512242,1277770431.6320708,47517839.89694481,47476719.57060862,1.0000132310301872,1.0008661155763938,0.14507043470381606,64.84467672614163,29.249696681584986,5.760556157569587,5.760556157569587,0.0,5.205569164533675e+24,5.205569164533675e+24,0.0,9.03657393860029e+25,9.036573938600291e+25,1.0362965864797802,6.6578217443211464e+16,0.004653354951373381,1.2501036096905432e-06,3.4482621622619854e-07,3.4482621622619854e-07,0.015563597534873826,0.015563597534873826,6.41325824653218e+20,2.357255888085675e-05,8.341202920002465e-19,8.20455958647652e-21,8.20455958647652e-20,7.11715258415843e-15,1.3842827431568335e+19,35000000000000.0,35000000000000.0,0.0,0.0055386793802558315,0.0008501040513435469,1.2177135877385908e-05,4.205830615156698e-06,1.2177135877385908e-05,4.205830615156698e-06,7.74791289107308e-30,8.208183274551429e+18,7.958956785774258e+18,261.1071216437948,4.755642571658003e-20,-1023963.1280861485,1.1067904699481645e+21,0.0,0.0,0.0,0.0,0.0,0.3333333333333333,0.3333333333333333,2.0,1.4816468590202815e-19,1.6851976248218294e-22,0.0,6.859556060982184e-19,,0.0,0.0,0.0,0.0,0.0,1.4816468590202815e-19,6.859556060982184e-19,0.00020203292510492376,17.0,1.4180044964004192e-17,7.11715258415843e-21,1.0874070023180895e-21,,,7.11715258415843e-21,1.0874070023180895e-21,10.0,,9.536544540177922e-08,3.4095948968030423,31909961409316.344,1.6267414793067453e-05,0.0008338366365504794,1.6267414793067453e-05,0.0008338366365504794,0.0055386793802558315,0.0008501040513435469,False,False,1.0,1.4178902175037078,9.582189369949088e-09,0.20322904823233445,0.6993533154054278,1.0,1.5335439347679896,1.933223880306385e-07,0.2429589497845834,0.6427323934760615,0.18132915856492912,0.24187441839885687,0.005962150558430681,0.01415043576490763,True,AP3.2,100.0,8.3,5.767844763153473e+19,$(U_{0.8}Pu_{0.2})N$
Kd_1p0e6_AP3p2,rizk2025_refit_plot,rizk2025_refit_full,1575.0,1.1,35000000000000.0,1.1812807169883987e+23,5.763386734530306e+25,2.7315350733530624e+25,2.5268367778586405e+23,3.290881263549247e+19,1.7730632965858961,47.87204657801637,0.5899816687672141,1.5123308296034694,2.1023124983706833,1.1388381872893518,3.241150685660035,3903656780608.561,9.759141951521403e+17,211.1919243846769,0.40189009665136344,10533419.409833772,10511765.572798923,1.002059961943109,1252086814.2267678,1252070359.9666739,46399109.263741486,46373617.98146855,1.000013141641732,1.0005496936271636,0.13072218796799576,63.77844937351355,30.22755185662942,5.863276581889043,5.863276581889043,0.0,5.298393235470391e+24,5.298393235470391e+24,0.0,9.03657393860029e+25,9.036573938600291e+25,1.0388613698439455,6.188175997706652e+16,0.004403743174743999,1.2047922928155156e-06,3.7072477006268956e-07,3.7072477006268956e-07,0.016662214165360976,0.016662214165360976,6.43051278072906e+20,2.4618055182846042e-05,9.547997762466594e-19,1.5110367502995262e-20,1.5110367502995263e-19,1.384090397445483e-14,1.3842827431568335e+19,35000000000000.0,35000000000000.0,0.0,0.006010805679650196,0.0009716426547696708,1.2102731848721628e-05,4.191654095265973e-06,1.2102731848721628e-05,4.191654095265973e-06,8.33245100447386e-30,8.48411206241728e+18,8.566030461049979e+18,339.0835859196837,5.958750953572821e-20,-1183615.145597543,1.1330521669655467e+21,0.0,0.0,0.0,0.0,0.0,0.3333333333333333,0.3333333333333333,2.0,2.6884417014844093e-19,1.0281056616639125e-22,0.0,6.859556060982184e-19,,0.0,0.0,0.0,0.0,0.0,2.6884417014844093e-19,6.859556060982184e-19,0.00010767761862130092,17.0,1.623159619619321e-17,1.384090397445483e-20,1.2694635285404309e-21,,,1.384090397445483e-20,1.2694635285404309e-21,10.0,,9.536544540177922e-08,3.4095948968030423,31849195422804.633,1.898517521168061e-05,0.0009526574795579902,1.898517521168061e-05,0.0009526574795579902,0.006010805679650196,0.0009716426547696708,False,False,1.0,1.4147459112035954,9.81320394035792e-09,0.20207880915208937,0.7010078157469708,1.0,1.5504427095455051,1.935825460165568e-07,0.24837818039911846,0.6350941680428612,0.1806950155021733,0.24729515163602597,0.005899816687672142,0.015123308296034694,True,AP3.2,100.0,8.3,5.767844763153473e+19,$(U_{0.8}Pu_{0.2})N$
Kd_1p0e6_AP3p2,rizk2025_refit_plot,rizk2025_refit_full,1600.0,1.1,35000000000000.0,1.0137471744830345e+23,5.616123456242241e+25,2.8665523811324636e+25,2.2712296725070427e+23,3.2717856444417466e+19,1.826203097468392,49.40073793108843,0.5794245443169029,1.6522423919825935,2.2316669362994963,1.236367606714191,3.468034543013687,3731617527389.6465,9.329043818474116e+17,220.34202701734236,0.41818925332743534,10092762.90139454,10075245.426626086,1.001738664819237,1215653108.2091136,1215636969.993927,44955201.91798016,44938599.96781404,1.0000132755218745,1.000369436301487,0.11218269018446805,62.1488131940427,31.72167240161458,6.01733171415828,6.01733171415828,0.0,5.437606294807571e+24,5.437606294807571e+24,0.0,9.03657393860029e+25,9.036573938600291e+25,1.0425658925768444,5.559726146612225e+16,0.004060680258758849,1.141383831024183e-06,4.1286847005831713e-07,4.1286847005831713e-07,0.018252889408988456,0.018252889408988456,6.432604179360392e+20,2.5887234778407745e-05,1.1647735522501893e-18,2.783708154963653e-20,2.7837081549636527e-19,2.6363059898109156e-14,1.3842827431568335e+19,35000000000000.0,35000000000000.0,0.0,0.00676749371194015,0.0011829351708920978,1.1993550850466307e-05,4.173180283835931e-06,1.1993550850466307e-05,4.173180283835931e-06,9.282193748482904e-30,8.836440434630588e+18,9.541578760595976e+18,452.4414365599278,7.605693046193489e-20,-1361529.541585003,1.1733135178465574e+21,0.0,0.0,0.0,0.0,0.0,0.3333333333333333,0.3333333333333333,2.0,4.788179461519709e-19,6.213051142733445e-23,0.0,6.859556060982184e-19,,0.0,0.0,0.0,0.0,0.0,4.788179461519709e-19,6.859556060982184e-19,5.3341279347652143e-05,17.0,1.9801150388253218e-17,2.6363059898109155e-20,1.4740216515273757e-21,,,2.6363059898109155e-20,1.4740216515273757e-21,10.0,,9.536544540177922e-08,3.4095948968030423,31767447850348.17,2.3757961494188873e-05,0.001159177209397909,2.3757961494188873e-05,0.001159177209397909,0.00676749371194015,0.0011829351708920978,False,False,1.0,1.4097605731470437,1.0168345607098528e-08,0.20024685456696048,0.7036445477122513,1.0,1.5739831763878667,1.9395841770912087e-07,0.2557782923806919,0.6246993935529439,0.1796107374327696,0.2546974441593943,0.005794245443169029,0.016522423919825936,True,AP3.2,100.0,8.3,5.767844763153473e+19,$(U_{0.8}Pu_{0.2})N$
Kd_1p0e6_AP3p2,rizk2025_refit_plot,rizk2025_refit_full,1625.0,1.1,35000000000000.0,8.245524518543622e+22,5.406550809250106e+25,3.058860699703493e+25,1.959683651905085e+23,3.244923243407748e+19,1.90040117191891,51.435389480141616,0.5633917039845503,1.8496056180059666,2.4129973219905168,1.3670662042064752,3.780063526196992,3522754184005.803,8.806885460014509e+17,232.26454050018955,0.43866120360537497,9573357.626436708,9558066.828535924,1.0015997793460842,1168190444.88048,1168174400.6495106,43172562.00265207,43160944.6810373,1.00001373444835,1.000269162820708,0.09124613569886646,59.82965276425933,33.84978334142079,6.229317758621044,6.229317758621044,0.0,5.62916905128149e+24,5.62916905128149e+24,0.0,9.03657393860029e+25,9.036573938600291e+25,1.0478239801664457,4.811803425205309e+16,0.0036379577747078667,1.0608442636160973e-06,4.830255471329214e-07,4.830255471329214e-07,0.02051494773800996,0.02051494773800996,6.418446588743864e+20,2.746157737869932e-05,1.523730417696869e-18,5.0931337662888926e-20,5.093133766288892e-19,4.922854290289942e-14,1.3842827431568335e+19,35000000000000.0,35000000000000.0,0.0,0.007916985938984746,0.0015434618259494188,1.1844494884124097e-05,4.150245755162812e-06,1.1844494884124097e-05,4.150245755162812e-06,1.0862206716444111e-29,9.286000885044374e+18,1.1144330275603212e+19,616.6215252413551,9.816889238360255e-20,-1539516.943040544,1.2305960272392094e+21,0.0,0.0,0.0,0.0,0.0,0.3333333333333333,0.3333333333333333,2.0,8.377748115986507e-19,3.725070577182821e-23,0.0,6.859556060982184e-19,,0.0,0.0,0.0,0.0,0.0,8.377748115986507e-19,6.859556060982184e-19,2.4447044791645597e-05,17.0,2.5903417100846773e-17,4.922854290289942e-20,1.7027947599895046e-21,,,4.922854290289942e-20,1.7027947599895046e-21,10.0,,9.536544540177922e-08,3.4095948968030423,31661943538412.785,3.2088633467663126e-05,0.0015113731924817557,3.2088633467663126e-05,0.0015113731924817557,0.007916985938984746,0.0015434618259494188,False,False,1.0,1.4025608663584352,1.0680946498188183e-08,0.19758317544625048,0.7074819726112909,1.0,1.6058727291829529,1.94492145797435e-07,0.26553756364599085,0.6110552075866772,0.1779385917853356,0.26445982849601063,0.005633917039845503,0.018496056180059665,True,AP3.2,100.0,8.3,5.767844763153473e+19,$(U_{0.8}Pu_{0.2})N$
Kd_1p0e6_AP3p2,rizk2025_refit_plot,rizk2025_refit_full,1650.0,1.1,35000000000000.0,6.378787228560137e+22,5.129315068201895e+25,3.313819354161811e+25,1.621955753394724e+23,3.208525068178663e+19,1.997028522192119,54.01504720190192,0.5411035893883483,2.11806032847454,2.659163917862888,1.5373715537275272,4.1965354715904155,3281805568527.3486,8.204513921318372e+17,247.30667604833707,0.46330351086243066,8990868.27040673,8976708.738611216,1.0015773633976348,1111667974.697581,1111651624.065503,41108550.02433387,41099658.61368038,1.000014708413791,1.0002163378225857,0.07058855791919931,56.761723005349474,36.67119172241401,6.496496714317342,6.496496714317342,0.0,5.87060729008025e+24,5.87060729008025e+24,0.0,9.03657393860029e+25,9.036573938600291e+25,1.0550374770229072,4.0202102035013416e+16,0.0031722762988242153,9.682420814929983e-07,6.024987601512466e-07,6.024987601512466e-07,0.023623687867717243,0.023623687867717243,6.391779421845475e+20,2.9393142894681535e-05,2.1271476252081635e-18,9.216017886357202e-20,9.216017886357202e-19,9.020265555838444e-14,1.3842827431568335e+19,35000000000000.0,35000000000000.0,0.0,0.009566225637931296,0.002147866989769211,1.1656291728898664e-05,4.123582857855533e-06,1.1656291728898664e-05,4.123582857855533e-06,1.355276275908955e-29,9.845248185784754e+18,1.3837347573305047e+19,856.6836844969031,1.2790149405710344e-19,-1705865.4311392794,1.3061985047471456e+21,0.0,0.0,0.0,0.0,0.0,0.3333333333333333,0.3333333333333333,2.0,1.441192019109945e-18,2.2189009104417195e-23,0.0,6.859556060982184e-19,,0.0,0.0,0.0,0.0,0.0,1.441192019109945e-18,6.859556060982184e-19,1.043134422898635e-05,17.0,3.616150962853878e-17,9.020265555838444e-20,1.957523305187582e-21,,,9.020265555838444e-20,1.957523305187582e-21,10.0,,9.536544540177922e-08,3.4095948968030423,31533850558963.992,4.650610592267125e-05,0.00210136088384654,4.650610592267125e-05,0.00210136088384654,0.009566225637931296,0.002147866989769211,False,False,1.0,1.3929749139672905,1.1376102314190177e-08,0.19400311941572654,0.7126461889827372,1.0,1.6471992585881603,1.9522480771698548e-07,0.27775449626190635,0.5940822964668593,0.1755604983362843,0.2766810670861497,0.0054110358938834835,0.021180603284745397,True,AP3.2,100.0,8.3,5.767844763153473e+19,$(U_{0.8}Pu_{0.2})N$
Kd_1p0e6_AP3p2,rizk2025_refit_plot,rizk2025_refit_full,1675.0,1.1,35000000000000.0,4.741151716459515e+22,4.786479180897563e+25,3.6302621878562957e+25,1.2928315781635395e+23,3.1612672558619673e+19,2.1149424682645663,57.12453942213229,0.5123022162664583,2.4684137491859155,2.980715965452374,1.750661697972086,4.73137766342446,3020393654229.5444,7.550984135573861e+17,265.49727594295854,0.49143349217108245,8375353.936252579,8361667.71246633,1.0016367815915292,1049691220.0961771,1049673943.0560681,38869970.5856597,38862457.75383679,1.0000164594350687,1.0001933184944323,0.052466252682417495,52.96785278823225,40.17299269084054,6.806688268244806,6.806688268244806,0.0,6.150914181299736e+24,6.150914181299736e+24,0.0,9.03657393860029e+25,9.036573938600291e+25,1.0645594712266706,3.26327773593673e+16,0.0027084326489787186,8.708262638874586e-07,8.093009165760938e-07,8.093009165760938e-07,0.02773485274492587,0.02773485274492587,6.351916323014189e+20,3.170701582900721e-05,3.1253595690049714e-18,1.6455952557117455e-19,1.6455952557117454e-18,1.6231955709997532e-13,1.3842827431568335e+19,35000000000000.0,35000000000000.0,0.0,0.011801687921781797,0.0031444060551876684,1.1435575613284103e-05,4.094560326633141e-06,1.1435575613284103e-05,4.094560326633141e-06,1.8212053318457044e-29,1.0512268654248139e+19,1.843283175940984e+19,1209.9001451449383,1.6803448876028847e-19,-1855826.668177545,1.3993239393193815e+21,0.0,0.0,0.0,0.0,0.0,0.3333333333333333,0.3333333333333333,2.0,2.439403962906753e-18,1.3148108872562704e-23,0.0,6.859556060982184e-19,,0.0,0.0,0.0,0.0,0.0,2.439403962906753e-18,6.859556060982184e-19,4.206910783308271e-06,17.0,5.3131112673084517e-17,1.623195570999753e-19,2.2399684711992322e-21,,,1.623195570999753e-19,2.2399684711992322e-21,10.0,,9.536544540177922e-08,3.4095948968030423,31388307713837.902,7.118430225251199e-05,0.0030732217529351566,7.118430225251199e-05,0.0030732217529351566,0.011801687921781797,0.0031444060551876684,False,False,1.0,1.381027495926253,1.2269521266037858e-08,0.18948643158402226,0.7191721179959816,1.0,1.6982995797667693,1.9619275819234256e-07,0.29223278280474546,0.5741291655230559,0.17238868026202414,0.29116510075419777,0.005123022162664584,0.024684137491859156,True,AP3.2,100.0,8.3,5.767844763153473e+19,$(U_{0.8}Pu_{0.2})N$
Kd_1p0e6_AP3p2,rizk2025_refit_plot,rizk2025_refit_full,1700.0,1.1,35000000000000.0,3.427557667901303e+22,4.3862021053996765e+25,4.001562470639196e+25,9.98720287401881e+22,3.1023394329408864e+19,2.2510966692384216,60.713152833602145,0.4772159134571902,2.908213468952104,3.3854293824092947,1.8632074388175557,5.24863682122685,2808415426353.275,7.021038565883187e+17,277.72424556613817,0.5,7995565.575787442,7993540.48284316,1.0002533411757442,986205023.5148968,986185991.1822704,36572373.407623634,36565388.16365545,1.0000192989281906,1.0001910343173965,0.03792983592222133,48.53833029201189,44.28185391751482,7.141885954551092,6.826178793851722,0.315707160699369,6.453818048935184e+24,6.168526938874643e+24,2.8529111006054112e+23,9.03657393860029e+25,9.008044827594238e+25,1.0766882245295717,2.592984649274141e+16,0.002282263018695172,7.752999135793197e-07,1.1695065855287798e-06,1.1695065855287798e-06,0.032982188675252426,0.032982188675252426,6.2872398209616e+20,3.4417942724702975e-05,4.751541991998671e-18,2.8964180859428994e-19,2.8964180859428996e-18,2.8708990269161864e-13,1.3842827431568335e+19,35000000000000.0,35000000000000.0,0.0,0.014672008832827786,0.004762006901298283,1.1192641998899521e-05,4.064669773278484e-06,1.1192641998899521e-05,4.064669773278484e-06,2.633516725934759e-29,1.1265851102160116e+19,2.6306089520253317e+19,438.23111319796755,5.795665433028755e-20,-914583.2757621967,1.507435134430883e+21,2.3760464982765407e+21,0.0,0.0,0.0,0.0,0.3333333333333333,0.3333333333333333,2.0,4.065586385900453e-18,7.758935285868006e-24,0.0,6.859556060982184e-19,,0.0,0.0,0.0,0.0,0.0,4.065586385900453e-18,6.859556060982184e-19,1.6329299623014206e-06,17.0,8.07762138639774e-17,2.8708990269161863e-19,2.5519059026713273e-21,,,2.8708990269161863e-19,2.5519059026713273e-21,10.0,,9.536544540177922e-08,3.4095948968030423,31232975351595.594,0.00011285284311062694,0.004649154058187656,0.00011285284311062694,0.004649154058187656,0.014672008832827786,0.004762006901298283,False,False,1.0,1.3668489761115554,1.3371981216257396e-08,0.1840455279116614,0.7270487727941111,1.0,1.7589377995872197,1.9742709567538666e-07,0.30858171740086177,0.5518194123949577,0.1683597630334714,0.3075214595005285,0.004772159134571902,0.029082134689521043,True,AP3.2,100.0,8.3,5.767844763153473e+19,$(U_{0.8}Pu_{0.2})N$
Kd_1p0e6_AP3p2,rizk2025_refit_plot,rizk2025_refit_full,1725.0,1.1,35000000000000.0,2.4359907477428506e+22,3.940520827967783e+25,4.4174353210966084e+25,7.524656386063671e+22,3.031442961755349e+19,2.401348538343086,64.71657798603029,0.4364564138179171,3.4417921967818685,3.8782486105997855,1.9244932667185712,5.802741877318357,2632394513014.341,6.580986282535852e+17,286.8593316349804,0.5,7740982.608993779,7738984.774686993,1.0002581519882712,924502332.8705155,924480542.7252909,34310456.359105475,34303420.68579722,1.0000235701501736,1.0002051012163684,0.02695701672220446,43.60635850203806,48.88396145609187,7.482723025147869,6.735976343914342,0.7467466812335257,6.761817987881555e+24,6.087014828044441e+24,6.748031598371137e+23,9.03657393860029e+25,8.969093622616578e+25,1.0916714525109434,2.029367583491074e+16,0.0019133209836437468,6.86265338019983e-07,1.7945159534219604e-06,1.7945159534219604e-06,0.03947931776010254,0.03947931776010254,6.176192499182567e+20,3.755041429690008e-05,7.362204704302811e-18,5.023391322800811e-19,5.023391322800811e-18,4.994440127391286e-13,1.3842827431568335e+19,35000000000000.0,35000000000000.0,0.0,0.018173260130508698,0.007349526171314545,1.0938808453748084e-05,4.0351453658522005e-06,1.0938808453748084e-05,4.0351453658522005e-06,4.045194879813513e-29,1.2059708396210377e+19,3.969365735862367e+19,535.519694984634,6.85213384189435e-20,-950042.7279169735,1.6268563581652267e+21,2.5984124285961235e+21,0.0,0.0,0.0,0.0,0.3333333333333333,0.3333333333333333,2.0,6.676249098204593e-18,4.564519522249422e-24,0.0,6.859556060982184e-19,,0.0,0.0,0.0,0.0,0.0,6.676249098204593e-18,6.859556060982184e-19,6.199935624693656e-07,17.0,1.251574799731478e-16,4.994440127391286e-19,2.8951195409524855e-21,,,4.994440127391286e-19,2.8951195409524855e-21,10.0,,9.536544540177922e-08,3.4095948968030423,31076346552045.125,0.00018208970414955333,0.007167436467164992,0.00018208970414955333,0.007167436467164992,0.018173260130508698,0.007349526171314545,False,False,1.0,1.3505860090000212,1.4695484695906789e-08,0.17769349493119696,0.7362650917123177,1.0,1.8285522761404043,1.989541853036593e-07,0.3263340614524455,0.5278752044833115,0.16342316855953337,0.32528313619934063,0.004364564138179171,0.03441792196781868,True,AP3.2,100.0,8.3,5.767844763153473e+19,$(U_{0.8}Pu_{0.2})N$
Kd_1p0e6_AP3p2,rizk2025_refit_plot,rizk2025_refit_full,1750.0,1.1,35000000000000.0,1.714904578642624e+22,3.463862994346786e+25,4.865090799763873e+25,5.557298486225485e+22,2.948853409905667e+19,2.5609252506486957,69.06783348602937,0.39096964488009717,4.069764630989656,4.460734275869753,1.987514941049037,6.44824921691879,2468101207678.641,6.170253019196603e+17,296.2531578902314,0.5,7495602.538674373,7493591.007804754,1.0002684335010443,866899870.7683673,866874189.0992963,32149820.055121634,32142314.12729992,1.0000296256012624,1.0002335216995262,0.018977375610432425,38.33159577824821,53.83778003500126,7.811646811140103,6.647954192671604,1.1636926184684981,7.059052399109872e+24,6.007472960250475e+24,1.0515794388593962e+24,9.03657393860029e+25,8.93141599471435e+25,1.1096917494863885,1.5703280722955394e+16,0.0016070558489888207,6.061491222288519e-07,2.865387251301603e-06,2.865387251301603e-06,0.04731323664367317,0.04731323664367317,5.993186848026531e+20,4.115491132072383e-05,1.1495000451183415e-17,8.585058024105227e-19,8.585058024105227e-18,8.552344067970446e-13,1.3842827431568335e+19,35000000000000.0,35000000000000.0,0.0,0.022236191433516104,0.011432078680363,1.0684750659701145e-05,4.0068533900163344e-06,1.0684750659701145e-05,4.0068533900163344e-06,6.469711615511708e-29,1.281489797461985e+19,6.206732093868587e+19,650.4150738079459,8.053598840065165e-20,-981635.3209358806,1.7532080576594486e+21,2.8261200155023665e+21,0.0,0.0,0.0,0.0,0.3333333333333333,0.3333333333333333,2.0,1.0809044845085196e-17,2.6793973973199525e-24,0.0,6.859556060982184e-19,,0.0,0.0,0.0,0.0,0.0,1.0809044845085196e-17,6.859556060982184e-19,2.3309241341039768e-07,17.0,1.9541500767011807e-16,8.552344067970446e-19,3.2713956134781503e-21,,,8.552344067970446e-19,3.2713956134781503e-21,10.0,,9.536544540177922e-08,3.4095948968030423,30926630136396.496,0.0002950945577495101,0.01113698412261349,0.0002950945577495101,0.01113698412261349,0.022236191433516104,0.011432078680363,False,False,1.0,1.3323697648348947,1.6257768118251525e-08,0.17043234002853885,0.7468267796018995,1.0,1.9063628457192892,2.0079425623496894e-07,0.3450114623249384,0.5030166655354235,0.15753643499124612,0.34397200485935897,0.003909696448800972,0.040697646309896564,True,AP3.2,100.0,8.3,5.767844763153473e+19,$(U_{0.8}Pu_{0.2})N$
Kd_1p0e6_AP3p2,rizk2025_refit_plot,rizk2025_refit_full,1775.0,1.1,35000000000000.0,1.2013283389147152e+22,2.9725392415500075e+25,5.329555039076172e+25,4.037773482459708e+22,2.8555941405916107e+19,2.7245363479696025,73.69580855485037,0.3420647950961387,4.7875514667267645,5.129616261822903,2.049546456018009,7.179162717840912,2320963097612.916,5.802407744032289e+17,305.49939389013474,0.49999999999999994,7268840.561037935,7266790.194675044,1.0002821557122143,814848315.7483362,814817538.2774408,30132117.19483208,30123829.883048188,1.0000377722243934,1.0002751081723693,0.01329406860473045,32.894537927174156,58.97760672671138,8.114561277509747,6.5618137910203105,1.552747486489437,7.332783296351966e+24,5.92963154938821e+24,1.4031517469637553e+24,9.03657393860029e+25,8.896258763903914e+25,1.1308166905291077,1.2033335898481422e+16,0.0013603266868651048,5.35832748728094e-07,4.661348002684512e-06,4.661348002684512e-06,0.05652208111888604,0.05652208111888604,5.7153928640606464e+20,4.53229682017277e-05,1.795020114129512e-17,1.4461408687105212e-18,1.4461408687105212e-17,1.4424583518951984e-12,1.3842827431568335e+19,35000000000000.0,35000000000000.0,0.0,0.026717856699001737,0.017790996747957293,1.0439856686132008e-05,3.980354425569556e-06,1.0439856686132008e-05,3.980354425569556e-06,1.0550016607160379e-28,1.3413945616803959e+19,9.848647857467066e+19,780.9720132897879,9.37267599608317e-20,-1010307.595333758,1.8816309788297868e+21,3.05298489063141e+21,0.0,0.0,0.0,0.0,0.3333333333333333,0.3333333333333333,2.0,1.7264245535196902e-17,1.5706605874380213e-24,0.0,6.859556060982184e-19,,0.0,0.0,0.0,0.0,0.0,1.7264245535196902e-17,6.859556060982184e-19,8.750100208206897e-08,17.0,3.05153419402017e-16,1.4424583518951983e-18,3.682516815322887e-21,,,1.4424583518951983e-18,3.682516815322887e-21,10.0,,9.536544540177922e-08,3.4095948968030423,30791153286730.355,0.0004760451213696648,0.017314951626587628,0.0004760451213696648,0.017314951626587628,0.026717856699001737,0.017790996747957293,False,False,1.0,1.3123412968802777,1.8084412738158436e-08,0.16226313506575063,0.7587414368108174,1.0,1.991298614641332,2.0295634640257686e-07,0.3641353289955529,0.47793818433321167,0.15067323974114405,0.36310967315842335,0.003420647950961387,0.047875514667267645,True,AP3.2,100.0,8.3,5.767844763153473e+19,$(U_{0.8}Pu_{0.2})N$
Kd_1p0e6_AP3p2,rizk2025_refit_plot,rizk2025_refit_full,1800.0,1.1,35000000000000.0,8.393625975711779e+21,2.4845656142603833e+25,5.793766061918194e+25,2.893516468119647e+22,2.7536644983922725e+19,2.8864043682765264,78.51673847464455,0.29146478274731574,5.583241171888506,5.874705954635822,2.109514246550705,7.9842202011865275,2190881273929.174,5.477203184822935e+17,314.43801716792194,0.5,7062317.734190345,7060214.982892591,1.0002978310579564,769160046.393187,769123004.5239862,28283501.68405081,28274225.892825462,1.0000481611770586,1.000328065258462,0.009288504728388136,27.49455303682523,64.11463128929606,8.38152716915032,6.4774542246372775,1.9040729445130447,7.574028998241406e+24,5.853399403483357e+24,1.7206295947580494e+24,9.03657393860029e+25,8.864510979124485e+25,1.1549147565579214,9131504162642776.0,0.0011660846065146915,4.753166062309858e-07,7.579644094121758e-06,7.579644094121758e-06,0.06705732126158433,0.06705732126158433,5.328996077843681e+20,5.0209015630620496e-05,2.790413000779694e-17,2.4019434300062056e-18,2.4019434300062057e-17,2.3978131732901632e-12,1.3842827431568335e+19,35000000000000.0,35000000000000.0,0.0,0.031404346627249204,0.02757602016670867,1.021205207252675e-05,3.9560099091938e-06,1.021205207252675e-05,3.9560099091938e-06,1.721200831209537e-28,1.370647598145479e+19,1.556583295028394e+20,924.7976288090666,1.0778386255724164e-19,-1035294.9542662556,2.0069734071202176e+21,3.271635990020981e+21,0.0,0.0,0.0,0.0,0.3333333333333333,0.3333333333333333,2.0,2.721817440169872e-17,9.201272251725335e-25,0.0,6.859556060982184e-19,,0.0,0.0,0.0,0.0,0.0,2.721817440169872e-17,6.859556060982184e-19,3.297458924236063e-08,17.0,4.74370210132548e-16,2.397813173290163e-18,4.130256716042414e-21,,,2.397813173290163e-18,4.130256716042414e-21,10.0,,9.536544540177922e-08,3.4095948968030423,30675895543641.734,0.0007601592579928211,0.02681586090871585,0.0007601592579928211,0.02681586090871585,0.031404346627249204,0.02757602016670867,False,False,1.0,1.2907106156943844,2.0209057227112298e-08,0.15321176945147166,0.7719805805864013,1.0,2.081816704473919,2.054296088639425e-07,0.38321361126706127,0.45331755445331734,0.14284400854595627,0.38220420657738663,0.0029146478274731575,0.05583241171888506,True,AP3.2,100.0,8.3,5.767844763153473e+19,$(U_{0.8}Pu_{0.2})N$
Kd_1p0e6_AP3p8,rizk2025_refit_plot,rizk2025_refit_full,900.0,1.1,35000000000000.0,1.5468333786479906e+23,6.079737263655224e+25,2.4264125780890074e+25,3.1095870192555966e+23,3.448868896035073e+19,1.6379459790011965,29.386550457238744,0.5723873757732063,0.366615753756096,0.9390031295293023,0.04377616033199222,0.9827792898612945,8813090175491.02,2.203272543872755e+18,54.33132877724311,0.060049573921838774,1300436140196.3809,40860403.19576826,31826.31688595431,1358501074.4433575,1355356054.7544641,188003293.5411583,75544763.35119323,1.002320437996983,2.4886343566550964,0.17117476038575,67.27922888657339,26.851023347736657,5.698573005304208,5.698573005304208,0.0,5.149557630694224e+24,5.149557630694224e+24,0.0,9.036573938600132e+25,9.036573938600133e+25,1.0092248940912163,9.066471037980298e+16,0.005141431106641379,1.4214600215101762e-06,5.898473269404577e-07,5.898473269404577e-07,0.004066268647464092,0.004066268647464092,2.4520702237003632e+20,7.647318367327885e-06,8.162871712571295e-19,5.5598665086701915e-25,5.559866508670192e-24,5.119872410101689e-28,1.6472964643566316e+19,35000000000000.0,35000000000000.0,0.0,0.005890624867798687,0.0008536661838904368,1.4743450492496033e-05,5.4258844652186165e-06,1.4743450492496033e-05,5.4258844652186165e-06,5.214557198628422e-30,4.901911171968714e+18,5.010225522861878e+18,0.0001881692459070267,1.0362052066968708e-21,-149060.87871343867,3.153612804453529e+21,0.0,0.0,0.0,0.0,0.0,0.3333333333333333,0.3333333333333333,2.0,2.4966082885114063e-31,1.045298780017561e-24,0.0,8.162871712568798e-19,,0.0,0.0,0.0,0.0,0.0,2.4966082885114063e-31,8.162871712568798e-19,1.2805527476411767e-06,17.0,1.3876881911371202e-17,5.119872410101689e-34,5.559866503550319e-25,,,5.119872410101689e-34,5.559866503550319e-25,10.0,,9.536544540177922e-08,3.4095948968030423,32973086700258.84,1.0470095616120513e-05,0.0008431960882743163,1.0470095616120513e-05,0.0008431960882743163,0.005890624867798687,0.0008536661838904368,False,False,1.0,1.4138960513575145,9.158550491535004e-09,0.20176722856364954,0.7014561305569965,1.0,1.2956248274257063,1.9058026665458308e-07,0.15528956822519976,0.7689380399843246,0.1788806436478603,0.15419502947772284,0.005723873757732063,0.0036661575375609603,True,AP3.8,119.0,8.3,6.863735268152632e+19,$(U_{0.8}Pu_{0.2})N$
Kd_1p0e6_AP3p8,rizk2025_refit_plot,rizk2025_refit_full,925.0,1.1,35000000000000.0,1.545685463220903e+23,6.0696439080240335e+25,2.4370203081503608e+25,3.102600380947631e+23,3.443655298607696e+19,1.6398492706581351,30.37184479522108,0.5730945043412139,0.404130658173602,0.9772251625148158,0.04374153168076187,1.0209666941955777,8813646937661.281,2.2034117344153203e+18,54.315855163523445,0.06001916588046835,503920878264.87854,40872043.5923629,12329.231278248051,1355763025.3413076,1353782960.2528214,157998644.67490909,73094012.3976042,1.0014626163473919,2.161581222487217,0.17104773044775723,67.1675343915162,26.968409982687344,5.693007895348684,5.693007895348684,0.0,5.14452867793527e+24,5.14452867793527e+24,0.0,9.036573938600132e+25,9.036573938600132e+25,1.0101756817343415,9.05302132389396e+16,0.005138395824202416,1.4131341377162952e-06,6.828125905031443e-07,6.828125905031443e-07,0.004476894076633801,0.004476894076633801,2.797066509651927e+20,8.109048094270214e-06,8.162871712583124e-19,9.45289008275833e-25,9.45289008275833e-24,3.600113810511962e-27,1.6472964643566316e+19,35000000000000.0,35000000000000.0,0.0,0.00588343792464743,0.0008523415792229019,1.4738540327815512e-05,5.389766998919033e-06,1.4738540327815512e-05,5.389766998919033e-06,6.0564826416559055e-30,5.053892387003598e+18,5.987753417471435e+18,0.0004986805440140319,1.0359950161800755e-21,-149055.074566913,3.15175718118496e+21,0.0,0.0,0.0,0.0,0.0,0.3333333333333333,0.3333333333333333,2.0,1.4326320272288242e-30,7.456235300263535e-24,0.0,8.162871712568798e-19,,0.0,0.0,0.0,0.0,0.0,1.4326320272288242e-30,8.162871712568798e-19,9.13432865638412e-06,17.0,1.3876881911391311e-17,3.600113810511962e-33,9.452890046757192e-25,,,3.600113810511962e-33,9.452890046757192e-25,10.0,,9.536544540177922e-08,3.4095948968030423,32908298337315.586,1.0802275302924227e-05,0.0008415393039199777,1.0802275302924227e-05,0.0008415393039199777,0.00588343792464743,0.0008523415792229019,False,False,1.0,1.4140496953535224,9.165422258860919e-09,0.20182358015655574,0.7013750452400432,1.0,1.3077882028627357,1.9067637436677092e-07,0.16037799740029032,0.7614955533184284,0.17895427650859116,0.15928465262104272,0.005730945043412139,0.00404130658173602,True,AP3.8,119.0,8.3,6.863735268152632e+19,$(U_{0.8}Pu_{0.2})N$
Kd_1p0e6_AP3p8,rizk2025_refit_plot,rizk2025_refit_full,950.0,1.1,35000000000000.0,1.5445825625036955e+23,6.059985475175304e+25,2.4471841956140794e+25,3.095762527349123e+23,3.437972419383013e+19,1.6417509326855384,31.381306821825678,0.5738231475937758,0.445045150332367,1.018868297926143,0.043719286097390044,1.062587584023533,8813997450653.525,2.2034993626633815e+18,54.30592592273612,0.059999610261178574,205407364876.05447,40879516.59563839,5024.701414839389,1353505468.0362492,1352214855.3730834,135413510.56940496,70742751.81096001,1.0009544434880577,1.9141679833328968,0.1709256819009627,67.0606528132283,27.08088499293767,5.68753651193309,5.68753651193309,0.0,5.139584421857126e+24,5.139584421857126e+24,0.0,9.036573938600132e+25,9.036573938600133e+25,1.0112141145479752,9.040108625951606e+16,0.005135228015944071,1.4049432696254521e-06,7.779140904336503e-07,7.779140904336503e-07,0.0049242822129542735,0.0049242822129542735,3.1625971330704684e+20,8.617095283427453e-06,8.162871712643784e-19,1.555632732564192e-24,1.555632732564192e-23,2.2845010932250072e-26,1.6472964643566316e+19,35000000000000.0,35000000000000.0,0.0,0.005876500890323576,0.0008509931871994497,1.4733637344534035e-05,5.355002704227254e-06,1.4733637344534035e-05,5.355002704227254e-06,6.922091731392215e-30,5.205851303764786e+18,6.992616531655286e+18,0.0012555405177746295,1.0360409238206547e-21,-149077.1467785941,3.149973682718077e+21,0.0,0.0,0.0,0.0,0.0,0.3333333333333333,0.3333333333333333,2.0,7.498646671560408e-30,3.8979387444212507e-23,0.0,8.162871712568798e-19,,0.0,0.0,0.0,0.0,0.0,7.498646671560408e-30,8.162871712568798e-19,4.775205199395189e-05,17.0,1.3876881911494433e-17,2.284501093225007e-32,1.555632709719181e-24,,,2.284501093225007e-32,1.555632709719181e-24,10.0,,9.536544540177922e-08,3.4095948968030423,32842346895377.633,1.11404101781499e-05,0.0008398527770212998,1.11404101781499e-05,0.0008398527770212998,0.005876500890323576,0.0008509931871994497,False,False,1.0,1.414210227562902,9.172167789482837e-09,0.20188244787050266,0.7012903414848023,1.0,1.3204154637613528,1.9078135546450573e-07,0.16558035735808363,0.7538993102658509,0.17903008634587414,0.1644881783471817,0.005738231475937759,0.00445045150332367,True,AP3.8,119.0,8.3,6.863735268152632e+19,$(U_{0.8}Pu_{0.2})N$
Kd_1p0e6_AP3p8,rizk2025_refit_plot,rizk2025_refit_full,975.0,1.1,35000000000000.0,1.543521772694552e+23,6.050950887080596e+25,2.456709706135274e+25,3.0891483455509194e+23,3.4319002140902777e+19,1.6436624145662682,32.39659759899246,0.5745995036461918,0.4887890472087108,1.0633885508549026,0.04372442793829737,1.1071129787932,8813891808268.326,2.2034729520670812e+18,54.30827179510316,0.06000407481951738,87731347797.018,40877750.78492135,2146.188234734765,1351511854.2987657,1350642309.7140763,118122389.82460022,68525714.56667544,1.0006438007890286,1.7237673561166191,0.17080829340656745,66.96067478885651,27.186295634027054,5.682221283709855,5.682221283709855,0.0,5.134781276573146e+24,5.134781276573146e+24,0.0,9.036573938600132e+25,9.036573938600132e+25,1.0123260770338316,9.027697841205773e+16,0.005131891692019395,1.3970244671162384e-06,8.721861393506814e-07,8.721861393506814e-07,0.0054022441561585866,0.0054022441561585866,3.541081452677858e+20,9.170865803555613e-06,8.16287171292935e-19,2.485036039701464e-24,2.485036039701464e-23,1.3186026336093777e-25,1.6472964643566316e+19,35000000000000.0,35000000000000.0,0.0,0.005869993363299719,0.0008496464291451465,1.4728712018862393e-05,5.322121181517233e-06,1.4728712018862393e-05,5.322121181517233e-06,7.784402698456513e-30,5.357885920637086e+18,7.992393182339244e+18,0.003015191956878953,1.0366335872622097e-21,-149158.05078674038,3.148258900858892e+21,0.0,0.0,0.0,0.0,0.0,0.3333333333333333,0.3333333333333333,2.0,3.605513394506346e-29,1.5535245485073675e-22,0.0,8.162871712568798e-19,,0.0,0.0,0.0,0.0,0.0,3.605513394506346e-29,8.162871712568798e-19,0.00019031593330649877,17.0,1.3876881911979894e-17,1.3186026336093777e-31,2.4850359078412007e-24,,,1.3186026336093777e-31,2.4850359078412007e-24,10.0,,9.536544540177922e-08,3.4095948968030423,32776475789153.227,1.1478124634330279e-05,0.0008381683045108162,1.1478124634330279e-05,0.0008381683045108162,0.005869993363299719,0.0008496464291451465,False,False,1.0,1.4143855745455491,9.178711661520712e-09,0.20194673624705006,0.7011978404277055,1.0,1.3332850399713274,1.908937863319398e-07,0.170800954983434,0.7462899527701645,0.1791107897565128,0.1697098912726178,0.005745995036461919,0.004887890472087108,True,AP3.8,119.0,8.3,6.863735268152632e+19,$(U_{0.8}Pu_{0.2})N$
Kd_1p0e6_AP3p8,rizk2025_refit_plot,rizk2025_refit_full,1000.0,1.1,35000000000000.0,1.542499648005311e+23,6.042657725780671e+25,2.46547523321146e+25,3.082810916733374e+23,3.4255300338172146e+19,1.6455892019812974,33.401579462938216,0.5754396516150404,0.5347088846633102,1.1101485362783505,0.04378739201127717,1.1539359282896278,8812826829134.148,2.2032067072835372e+18,54.3365162087429,0.060059246561895874,39125091085.70086,40856502.31000264,957.6221378138409,1349665734.820231,1349060869.7037568,104690883.30600452,66463922.83524413,1.0004483601370833,1.5751535395453609,0.17069518364880018,66.86890149782526,27.28329619127081,5.677107127255131,5.677107127255131,0.0,5.130159831279478e+24,5.130159831279478e+24,0.0,9.036573938600132e+25,9.036573938600132e+25,1.0134952665775805,9.015747659135752e+16,0.005128375561195633,1.3894740170981623e-06,9.624566664216573e-07,9.624566664216573e-07,0.0059037123848957995,0.0059037123848957995,3.924221486192323e+20,9.767440083483554e-06,8.162871714171498e-19,3.863167302789697e-24,3.863167302789697e-23,6.972208708889678e-25,1.6472964643566316e+19,35000000000000.0,35000000000000.0,0.0,0.005864034871794916,0.0008483231872881268,1.472375025799432e-05,5.291453179159166e-06,1.472375025799432e-05,5.291453179159166e-06,8.614255246862755e-30,5.509819970149594e+18,8.952323699430374e+18,0.006932205751459682,1.0383794179576695e-21,-149363.02164222198,3.1466082195998937e+21,0.0,0.0,0.0,0.0,0.0,0.3333333333333333,0.3333333333333333,2.0,1.6026995865756309e-28,4.883477169444583e-22,0.0,8.162871712568798e-19,,0.0,0.0,0.0,0.0,0.0,1.6026995865756309e-28,8.162871712568798e-19,0.0005982547981204234,17.0,1.3876881914091545e-17,6.972208708889678e-31,3.863166605568826e-24,,,6.972208708889678e-31,3.863166605568826e-24,10.0,,9.536544540177922e-08,3.4095948968030423,32711755301415.09,1.1809931283786571e-05,0.0008365132560043403,1.1809931283786571e-05,0.0008365132560043403,0.005864034871794916,0.0008483231872881268,False,False,1.0,1.414580630554387,9.184999312294954e-09,0.20201823597280513,0.7010949662925098,1.0,1.346191575962015,1.9101202181634583e-07,0.17595618923738088,0.7387895690273294,0.17919804257856717,0.17486617084247325,0.005754396516150404,0.005347088846633102,True,AP3.8,119.0,8.3,6.863735268152632e+19,$(U_{0.8}Pu_{0.2})N$
Kd_1p0e6_AP3p8,rizk2025_refit_plot,rizk2025_refit_full,1025.0,1.1,35000000000000.0,1.541512199671935e+23,6.0351666391554725e+25,2.4734176321203847e+25,3.076783169619649e+23,3.4189603722737558e+19,1.6475333628876143,34.38253008714298,0.5763524641352649,0.5820980863034962,1.1584505504387612,0.043968245623561615,1.2024187960623227,8809820292554.453,2.2024550731386132e+18,54.41741050941837,0.06021765733766631,18161262768.419678,40795767.00210258,445.17517632365286,1347902962.8855772,1347468919.299473,94129977.08938727,64567674.17561711,1.0003221176977721,1.4578498961161876,0.17058591122541436,66.78600407811624,27.37118789627859,5.672222114379772,5.672222114379772,0.0,5.125745453275558e+24,5.125745453275558e+24,0.0,9.036573938600132e+25,9.036573938600132e+25,1.014703931418571,9.004210567321638e+16,0.005124683532267991,1.3823561635264308e-06,1.045500115842839e-06,1.045500115842839e-06,0.00642105366272649,0.00642105366272649,4.303326933615115e+20,1.0402614282394951e-05,8.162871719192991e-19,5.857623504279315e-24,5.857623504279315e-23,3.398959714178951e-24,1.6472964643566316e+19,35000000000000.0,35000000000000.0,0.0,0.00585869605854971,0.0008470415469844436,1.4718746804885468e-05,5.263171566288849e-06,1.4718746804885468e-05,5.263171566288849e-06,9.381754245069533e-30,5.66148557980617e+18,9.837136593241061e+18,0.01531078429489976,1.0424879149064553e-21,-149822.49625049232,3.1450158731192854e+21,0.0,0.0,0.0,0.0,0.0,0.3333333333333333,0.3333333333333333,2.0,6.624193185834588e-28,1.2468798225414734e-21,0.0,8.162871712568798e-19,,0.0,0.0,0.0,0.0,0.0,6.624193185834588e-28,8.162871712568798e-19,0.0015275014301765165,17.0,1.3876881922628085e-17,3.398959714178951e-30,5.857620105319601e-24,,,3.398959714178951e-30,5.857620105319601e-24,10.0,,9.536544540177922e-08,3.4095948968030423,32649069970475.703,1.2131295557623207e-05,0.0008349102514268205,1.2131295557623207e-05,0.0008349102514268205,0.00585869605854971,0.0008470415469844436,False,False,1.0,1.4147980994915956,9.190995747853085e-09,0.2020979331681868,0.7009803012517258,1.0,1.358950554425872,1.9113426962542752e-07,0.18097562289083477,0.7315002383973678,0.1792927457043462,0.17988656291965247,0.005763524641352649,0.005820980863034963,True,AP3.8,119.0,8.3,6.863735268152632e+19,$(U_{0.8}Pu_{0.2})N$
Kd_1p0e6_AP3p8,rizk2025_refit_plot,rizk2025_refit_full,1050.0,1.1,35000000000000.0,1.5405551263700597e+23,6.0284954191787485e+25,2.4805179126144563e+25,3.0710813113425065e+23,3.4122923136351044e+19,1.6494950157263415,35.328182041736916,0.5773417272939331,0.6302294680928829,1.207571195386816,0.04438174386403128,1.2519529392508473,8803033589445.082,2.2007583973612705e+18,54.60149204224818,0.06057904782572082,8749623582.31491,40658229.60080036,215.19932540650206,1346187551.5778785,1345866449.3280942,85743576.52888082,62839350.10800385,1.0002385840362873,1.3644885948296857,0.17048000014579742,66.71217941821689,27.44976060029579,5.667579981341546,5.667579981341546,0.0,5.121550555432283e+24,5.121550555432283e+24,0.0,9.036573938600132e+25,9.036573938600133e+25,1.0159336780438621,8.993035560340642e+16,0.005120828392303942,1.3757109572724226e-06,1.1182287379743055e-06,1.1182287379743055e-06,0.006946408007083655,0.006946408007083655,4.6697040028663906e+20,1.1071371505899041e-05,8.162871738158613e-19,8.68048799131575e-24,8.68048799131575e-23,1.5366002896313798e-23,1.6472964643566316e+19,35000000000000.0,35000000000000.0,0.0,0.005854009772907114,0.0008458158170697154,1.4713701435871593e-05,5.237330818527779e-06,1.4713701435871593e-05,5.237330818527779e-06,1.0058073709765856e-29,5.812821329256193e+18,1.0613221177774342e+19,0.03259509848048851,1.0512768962297782e-21,-150785.86062128,3.143475370261194e+21,0.0,0.0,0.0,0.0,0.0,0.3333333333333333,0.3333333333333333,2.0,2.558981501392922e-27,2.652535369540001e-21,0.0,8.162871712568798e-19,,0.0,0.0,0.0,0.0,0.0,2.558981501392922e-27,8.162871712568798e-19,0.0032495124934283997,17.0,1.3876881954869642e-17,1.5366002896313797e-29,8.680472625312854e-24,,,1.5366002896313797e-29,8.680472625312854e-24,10.0,,9.536544540177922e-08,3.4095948968030423,32589119563954.43,1.2438630621765392e-05,0.00083337718644795,1.2438630621765392e-05,0.00083337718644795,0.005854009772907114,0.0008458158170697154,False,False,1.0,1.41503912279893,9.196682428446276e-09,0.20218624005540817,0.7008532534386125,1.0,1.3714011693999981,1.9125867178325936e-07,0.18580209852860424,0.7245040212312944,0.17939526764849312,0.18471389602682917,0.005773417272939331,0.006302294680928829,True,AP3.8,119.0,8.3,6.863735268152632e+19,$(U_{0.8}Pu_{0.2})N$
Kd_1p0e6_AP3p8,rizk2025_refit_plot,rizk2025_refit_full,1075.0,1.1,35000000000000.0,1.539624061261899e+23,6.022631057547043e+25,2.4867889028257014e+25,3.065708529996346e+23,3.405624795660931e+19,1.6514731983588247,36.22968232259112,0.5784076941031829,0.678389295437472,1.256796989540655,0.04523996646630359,1.3020369560069585,8789163331858.167,2.1972908329645417e+18,54.980086936241484,0.061325266288689236,4363826478.2428,40378255.54140098,108.07367529209984,1344499086.1317198,1344254331.3486147,79031896.85318081,61275723.596828595,1.0001820747587695,1.2897750073614995,0.17037696716952933,66.64728356640899,27.51915626123824,5.66318320518323,5.66318320518323,0.0,5.117577376147673e+24,5.117577376147673e+24,0.0,9.036573938600132e+25,9.036573938600132e+25,1.0171663306808156,8.982171043716278e+16,0.005116827632771047,1.369560328029949e-06,1.1779166506677466e-06,1.1779166506677466e-06,0.007472048025848971,0.007472048025848971,5.015102820007212e+20,1.176841937700945e-05,8.162871805401724e-19,1.2595011157736031e-23,1.2595011157736032e-22,6.475908336901747e-23,1.6472964643566316e+19,35000000000000.0,35000000000000.0,0.0,0.005849980782001179,0.000844656690710848,1.4708616710408344e-05,5.2139000205277784e-06,1.4708616710408344e-05,5.2139000205277784e-06,1.0617566193596388e-29,5.963859664075286e+18,1.1251081400658254e+19,0.06711847452098402,1.0690296158348026e-21,-152709.14252247303,3.1419799432051336e+21,0.0,0.0,0.0,0.0,0.0,0.3333333333333333,0.3333333333333333,2.0,9.283292620781236e-27,4.8067183409772704e-21,0.0,8.162871712568798e-19,,0.0,0.0,0.0,0.0,0.0,9.283292620781236e-27,8.162871712568798e-19,0.005888513816664936,17.0,1.3876882069182932e-17,6.475908336901747e-29,1.2594946398652662e-23,,,6.475908336901747e-29,1.2594946398652662e-23,10.0,,9.536544540177922e-08,3.4095948968030423,32532426867001.59,1.2729257357572625e-05,0.0008319274333532755,1.2729257357572625e-05,0.0008319274333532755,0.005849980782001179,0.000844656690710848,False,False,1.0,1.4153037479639274,9.202053801148822e-09,0.20228316712670744,0.7007138091440862,1.0,1.383408313928531,1.913833914099903e-07,0.19039140056952594,0.7178636371769367,0.1795056077476901,0.1893039439521451,0.005784076941031829,0.00678389295437472,True,AP3.8,119.0,8.3,6.863735268152632e+19,$(U_{0.8}Pu_{0.2})N$
Kd_1p0e6_AP3p8,rizk2025_refit_plot,rizk2025_refit_full,1100.0,1.1,35000000000000.0,1.5387147637211063e+23,6.017539233375612e+25,2.4922654913751734e+25,3.060658261645103e+23,3.3990498664987185e+19,1.653466391385214,37.08052449023479,0.5795482059753528,0.725911623817051,1.3054598297924036,0.04692245796537664,1.3523822877577802,8762481545825.807,2.1906203864564518e+18,55.70981569824912,0.06277281761680988,2247892974.0748615,39849351.00170815,56.409776259053885,1342825960.605313,1342633882.1076157,73628984.12834199,59869703.31513625,1.0001430609641668,1.2298204275504923,0.17027634302292566,66.59093672294787,27.579760961500572,5.659025972528633,5.659025972528633,0.0,5.113820662121351e+24,5.113820662121351e+24,0.0,9.036573938600132e+25,9.036573938600132e+25,1.0183848117603775,8.971567119208746e+16,0.005112700731728462,1.3639122525173482e-06,1.222442889034426e-06,1.222442889034426e-06,0.007990746499182121,0.007990746499182121,5.332203605563035e+20,1.2488297446562458e-05,8.162872030182321e-19,1.792226870002319e-23,1.7922268700023191e-22,2.556484784617257e-22,1.6472964643566316e+19,35000000000000.0,35000000000000.0,0.0,0.005846593594677691,0.0008435714676135103,1.4703496616358084e-05,5.192788185883723e-06,1.4703496616358084e-05,5.192788185883723e-06,1.10400487880137e-29,6.114681157249015e+18,1.172792684051086e+19,0.13419377181196074,1.1034013280875938e-21,-156385.26684222018,3.1405229085181346e+21,0.0,0.0,0.0,0.0,0.0,0.3333333333333333,0.3333333333333333,2.0,3.1761352235744896e-26,7.564160303615265e-21,0.0,8.162871712568798e-19,,0.0,0.0,0.0,0.0,0.0,3.1761352235744896e-26,8.162871712568798e-19,0.009266542799699283,17.0,1.3876882451309945e-17,2.556484784617257e-28,1.7922013051544728e-23,,,2.556484784617257e-28,1.7922013051544728e-23,10.0,,9.536544540177922e-08,3.4095948968030423,32479348300863.344,1.3001349882979304e-05,0.000830570117730531,1.3001349882979304e-05,0.000830570117730531,0.005846593594677691,0.0008435714676135103,False,False,1.0,1.415591271144631,9.207114188929395e-09,0.2023884491149429,0.7005623514939145,1.0,1.3948641389293335,1.9150670169101194e-07,0.1947117482063149,0.7116233983204308,0.17962351412185562,0.19362491951014327,0.005795482059753528,0.00725911623817051,True,AP3.8,119.0,8.3,6.863735268152632e+19,$(U_{0.8}Pu_{0.2})N$
Kd_1p0e6_AP3p8,rizk2025_refit_plot,rizk2025_refit_full,1125.0,1.1,35000000000000.0,1.5378232371537493e+23,6.0131713481777125e+25,2.4969973595195524e+25,3.05591677703941e+23,3.3926481805798695e+19,1.6554728384820987,37.876473966076254,0.5807594843266393,0.7722111391742,1.3529706235008394,0.05008761774625347,1.4030582412470929,8713556089532.559,2.1783890223831396e+18,57.04166025416995,0.06544263979185919,1193539838.881556,38918923.29409732,30.667339634819125,1341161638.4370034,1341006598.4746182,69261508.77729377,58611580.42293811,1.0001156146155892,1.1817034838082565,0.17017768543727266,66.54260109013417,27.632124480866757,5.655096743561765,5.655096743561765,0.0,5.110269985313272e+24,5.110269985313272e+24,0.0,9.036573938600132e+25,9.03657393860013e+25,1.019573997354606,8.961177104487138e+16,0.005108467397584973,1.3587633109405527e-06,1.2505294002357778e-06,1.2505294002357778e-06,0.008496133316545881,0.008496133316545881,5.6151061527088805e+20,1.3225634301854989e-05,8.162872741423015e-19,2.5047711621008633e-23,2.504771162100863e-22,9.494708146321283e-22,1.6472964643566316e+19,35000000000000.0,35000000000000.0,0.0,0.00584381843135714,0.0008425643054732032,1.4698345741705875e-05,5.173862622949405e-06,1.4698345741705875e-05,5.173862622949405e-06,1.1313042728737816e-29,6.265376972558452e+18,1.203015458385492e+19,0.261681439915813,1.1676387521068367e-21,-163112.38076538584,3.1390979299208447e+21,0.0,0.0,0.0,0.0,0.0,0.3333333333333333,0.3333333333333333,2.0,1.028854216590493e-25,1.0512635646253687e-20,0.0,8.162871712568798e-19,,0.0,0.0,0.0,0.0,0.0,1.028854216590493e-25,8.162871712568798e-19,0.012878597987821924,17.0,1.3876883660419125e-17,9.494708146321284e-28,2.5046762150194002e-23,,,9.494708146321284e-28,2.5046762150194002e-23,10.0,,9.536544540177922e-08,3.4095948968030423,32430085498831.133,1.3253876329590765e-05,0.0008293104291436125,1.3253876329590765e-05,0.0008293104291436125,0.00584381843135714,0.0008425643054732032,False,False,1.0,1.4159004812515181,9.211875297202634e-09,0.20250163479371477,0.7003995311778793,1.0,1.405689309542422,1.9162707239191393e-07,0.19874323861929388,0.7058102092304719,0.1797485670901977,0.19765691864318946,0.005807594843266393,0.007722111391742,True,AP3.8,119.0,8.3,6.863735268152632e+19,$(U_{0.8}Pu_{0.2})N$
Kd_1p0e6_AP3p8,rizk2025_refit_plot,rizk2025_refit_full,1150.0,1.1,35000000000000.0,1.5369457606648584e+23,6.009469526073e+25,2.5010437925129044e+25,3.051465075641574e+23,3.38648504101878e+19,1.6574907496854172,38.6154844491334,0.5820366776643487,0.8168122337799207,1.3988489114442695,0.05584170156073856,1.454690613005008,8628134325017.129,2.1570335812542822e+18,59.34185130933651,0.07013263281059018,652176554.5135068,37410359.653722465,17.433046903322484,1339502525.390752,1339373990.727456,65721096.21229875,57489891.209944956,1.0000959662231654,1.143176562507217,0.17008058265309217,66.50163620532423,27.6769028783086,5.651380333714059,5.651380333714059,0.0,5.106911624075778e+24,5.106911624075778e+24,0.0,9.036573938600132e+25,9.03657393860013e+25,1.0207214875080317,8.950958315559706e+16,0.0051041464022110955,1.3541000983123195e-06,1.2619382539456211e-06,1.2619382539456211e-06,0.008983016539259599,0.008983016539259599,5.859770758994503e+20,1.397536800402947e-05,8.162874879327773e-19,3.4427700444941665e-23,3.4427700444941663e-22,3.330768464716398e-21,1.6472964643566316e+19,35000000000000.0,35000000000000.0,0.0,0.00584161569551473,0.0008416365079812799,1.4693168750198778e-05,5.156961847928903e-06,1.4693168750198778e-05,5.156961847928903e-06,1.1433635958891511e-29,6.416029126119324e+18,1.2155358298942149e+19,0.5003414037358102,1.2839306230021476e-21,-174855.2599903017,3.1376992086232987e+21,0.0,0.0,0.0,0.0,0.0,0.3333333333333333,0.3333333333333333,2.0,3.1667589742037936e-25,1.3094981712716537e-20,0.0,8.162871712568798e-19,,0.0,0.0,0.0,0.0,0.0,3.1667589742037936e-25,8.162871712568798e-19,0.01604211984907324,17.0,1.3876887294857214e-17,3.330768464716398e-27,3.4424369676476946e-23,,,3.330768464716398e-27,3.4424369676476946e-23,10.0,,9.536544540177922e-08,3.4095948968030423,32384697428873.855,1.348653725757152e-05,0.0008281499707237084,1.348653725757152e-05,0.0008281499707237084,0.00584161569551473,0.0008416365079812799,False,False,1.0,1.416229829645338,9.216354368932713e-09,0.20262214946627696,0.7002261764834226,1.0,1.4158338395772552,1.9174324784512497e-07,0.20247724402948064,0.7004346172200411,0.1798802369654493,0.20139131820601672,0.005820366776643487,0.008168122337799207,True,AP3.8,119.0,8.3,6.863735268152632e+19,$(U_{0.8}Pu_{0.2})N$
Kd_1p0e6_AP3p8,rizk2025_refit_plot,rizk2025_refit_full,1175.0,1.1,35000000000000.0,1.5360787947322256e+23,6.006370079041633e+25,2.5044700664523535e+25,3.047280149930965e+23,3.380607339150694e+19,1.659518446645351,39.297588877929016,0.5833742354163446,0.8593717118795151,1.4427459472958597,0.06597511613238222,1.508721063428242,8487068963031.723,2.1217672407579305e+18,63.07946286875264,0.07794975730339727,366460397.138547,35193704.87695941,10.412668925301496,1337846717.514099,1337737465.0385115,62845473.586538315,56492015.499883115,1.0000816695939545,1.1124664792083465,0.16998464298187127,66.46733728792007,27.714818508310955,5.647859560787097,5.647859560787097,0.0,5.103730051588226e+24,5.103730051588226e+24,0.0,9.036573938600132e+25,9.036573938600132e+25,1.021818221052212,8.940872056119014e+16,0.005099754682798546,1.3498999904697678e-06,1.2575822112458176e-06,1.2575822112458176e-06,0.009447637679473375,0.009447637679473375,6.064343830894726e+20,1.4732880413665717e-05,8.162881004352833e-19,4.659659239897898e-23,4.659659239897898e-22,1.1076769180051558e-20,1.6472964643566316e+19,35000000000000.0,35000000000000.0,0.0,0.005839939513439506,0.0008407868981516318,1.4687970008163536e-05,5.1419047083485485e-06,1.4687970008163536e-05,5.1419047083485485e-06,1.1409544784099296e-29,6.566704420483345e+18,1.2113399246327953e+19,0.9435121696685258,1.4882595559250478e-21,-194262.19539309453,3.1363216513440395e+21,0.0,0.0,0.0,0.0,0.0,0.3333333333333333,0.3333333333333333,2.0,9.291784035179553e-25,1.481013079221181e-20,0.0,8.162871712568798e-19,,0.0,0.0,0.0,0.0,0.0,9.291784035179553e-25,8.162871712568798e-19,0.018143264350312528,17.0,1.3876897707399816e-17,1.1076769180051557e-26,4.658551562979893e-23,,,1.1076769180051557e-26,4.658551562979893e-23,10.0,,9.536544540177922e-08,3.4095948968030423,32343113588856.918,1.3699699678397818e-05,0.000827087198473234,1.3699699678397818e-05,0.000827087198473234,0.005839939513439506,0.0008407868981516318,False,False,1.0,1.4165775461230148,9.220572941634568e-09,0.2027493377248167,0.7000432317245681,1.0,1.4252772200347357,1.9185430928428472e-07,0.20591569183591082,0.6954920058902879,0.18001792366953095,0.2048300564108413,0.005833742354163446,0.008593717118795152,True,AP3.8,119.0,8.3,6.863735268152632e+19,$(U_{0.8}Pu_{0.2})N$
Kd_1p0e6_AP3p8,rizk2025_refit_plot,rizk2025_refit_full,1200.0,1.1,35000000000000.0,1.5352186493331106e+23,6.003805881248373e+25,2.5073449555999525e+25,3.043335629570212e+23,3.3750417418701775e+19,1.6615545035184063,39.92474160472722,0.5847661641841205,0.899692499498097,1.4844586636822175,0.08323697889382134,1.5676956425760387,8268734199472.965,2.0671835498682412e+18,68.75531376167062,0.09022619261334584,211899329.29246685,32288413.484596666,6.562704897023026,1336193216.5969048,1336098211.2227218,60505512.754460655,55604617.857743256,1.0000711065798793,1.0881382713438597,0.1698894580804961,66.43896151397429,27.74663243654452,5.644516591400691,5.644516591400691,0.0,5.100709152584753e+24,5.100709152584753e+24,0.0,9.036573938600132e+25,9.036573938600132e+25,1.0228588629008664,8.930882453852906e+16,0.005095306347309734,1.3461317084592792e-06,1.2394999397853599e-06,1.2394999397853599e-06,0.009887830374003401,0.009887830374003401,6.22929250452936e+20,1.5494128134746717e-05,8.162897780388003e-19,6.217615733574239e-23,6.217615733574239e-22,3.503783313863259e-20,1.6472964643566316e+19,35000000000000.0,35000000000000.0,0.0,0.005838741135270049,0.0008400123850308042,1.4682753224214088e-05,5.128497238719228e-06,1.4682753224214088e-05,5.128497238719228e-06,1.1258924623123667e-29,6.717455836542755e+18,1.1926047034367764e+19,1.7641105838572853,1.837116577274814e-21,-224302.1459380967,3.1349610919991496e+21,0.0,0.0,0.0,0.0,0.0,0.3333333333333333,0.3333333333333333,2.0,2.6067819204802983e-24,1.5382006404450104e-20,0.0,8.162871712568798e-19,,0.0,0.0,0.0,0.0,0.0,2.6067819204802983e-24,8.162871712568798e-19,0.018843806229457596,17.0,1.3876926226659605e-17,3.503783313863259e-26,6.214111950260375e-23,,,3.503783313863259e-26,6.214111950260375e-23,10.0,,9.536544540177922e-08,3.4095948968030423,32305149263433.758,1.3894323164076661e-05,0.0008261180618667276,1.3894323164076661e-05,0.0008261180618667276,0.005838741135270049,0.0008400123850308042,False,False,1.0,1.4169417170658272,9.224556210312533e-09,0.20288249230338368,0.6998517156866623,1.0,1.4340274855662576,1.9195971423819943e-07,0.20907012190255975,0.6909640776800763,0.18016098398265565,0.20798468972445244,0.005847661641841205,0.00899692499498097,True,AP3.8,119.0,8.3,6.863735268152632e+19,$(U_{0.8}Pu_{0.2})N$
Kd_1p0e6_AP3p8,rizk2025_refit_plot,rizk2025_refit_full,1225.0,1.1,35000000000000.0,1.5343606504833596e+23,6.001707927795482e+25,2.509739066116192e+25,3.0396016095760057e+23,3.3697944014793773e+19,1.66359795525175,40.500590700559236,0.5862062018490213,0.9377262771122953,1.5239324789613165,0.11151248695111653,1.6354449659124333,7955189529989.128,1.9887973824972818e+18,76.7782423905936,0.10824502027685982,126456820.48227893,28914441.525063887,4.373483069789276,1334541358.2364159,1334457038.1273706,58596331.32190258,54814015.341493435,1.0000631868292766,1.069002716857088,0.16979451071929696,66.41574526556926,27.773126000726105,5.641334222985371,5.641334222985371,0.0,5.097833381836263e+24,5.097833381836263e+24,0.0,9.036573938600132e+25,9.036573938600133e+25,1.023841905471811,8.920953145189016e+16,0.005090811015544657,1.3427559871945548e-06,1.2106590032565779e-06,1.2106590032565779e-06,0.010303057259973962,0.010303057259973962,6.357276148251775e+20,1.625587528326034e-05,8.162941829734212e-19,8.189202765293359e-23,8.189202765293359e-22,1.057421518979397e-19,1.6472964643566316e+19,35000000000000.0,35000000000000.0,0.0,0.005837973393988163,0.0008393089372866314,1.4677520918007414e-05,5.116538456415105e-06,1.4677520918007414e-05,5.116538456415105e-06,1.1008588982723896e-29,6.868327056174386e+18,1.162482226298743e+19,3.2802546100562546,2.4162718521123574e-21,-267346.8711081683,3.133614712007751e+21,0.0,0.0,0.0,0.0,0.0,0.3333333333333333,0.3333333333333333,2.0,7.011716541319382e-24,1.4818968284734945e-20,0.0,8.162871712568798e-19,,0.0,0.0,0.0,0.0,0.0,7.011716541319382e-24,8.162871712568798e-19,0.018153955514855675,17.0,1.387700111054816e-17,1.057421518979397e-25,8.178628550103565e-23,,,1.057421518979397e-25,8.178628550103565e-23,10.0,,9.536544540177922e-08,3.4095948968030423,32270523777679.895,1.4071876708433277e-05,0.0008252370605781981,1.4071876708433277e-05,0.0008252370605781981,0.005837973393988163,0.0008393089372866314,False,False,1.0,1.4173203344713732,9.228333205970921e-09,0.2030208722291859,0.6996526954744199,1.0,1.442118911973914,1.920593070753054e-07,0.2119604243392542,0.686820759956405,0.18030875013035888,0.21087512936146902,0.005862062018490213,0.009377262771122953,True,AP3.8,119.0,8.3,6.863735268152632e+19,$(U_{0.8}Pu_{0.2})N$
Kd_1p0e6_AP3p8,rizk2025_refit_plot,rizk2025_refit_full,1250.0,1.1,35000000000000.0,1.5334972317822347e+23,6.000006048229047e+25,2.5117239934069136e+25,3.0360430235011417e+23,3.364852282442306e+19,1.6656486987519687,41.03017206919723,0.5876879155236875,0.9735642715840083,1.5612521871076959,0.15558958771529138,1.7168417748229872,7541307741483.635,1.885326935370909e+18,87.33569848922927,0.1327734752055924,78313664.52632147,25419158.928164788,3.0808912579538115,1332890243.2400904,1332814057.1678731,57031253.15538233,54106524.24893511,1.0000571618162395,1.054055013642921,0.16969896358971095,66.39691202657848,27.795091485700926,5.638297524130896,5.638297524130896,0.0,5.09508924646349e+24,5.09508924646349e+24,0.0,9.036573938600132e+25,9.036573938600132e+25,1.0247694603087216,8.911039542065597e+16,0.0050862704409033975,1.3397264147015825e-06,1.1745818977022988e-06,1.1745818977022988e-06,0.010694314404239699,0.010694314404239699,6.452704199448512e+20,1.701608833347218e-05,8.1630529947906185e-19,1.066087053798265e-22,1.066087053798265e-21,3.0533079764031823e-19,1.6472964643566316e+19,35000000000000.0,35000000000000.0,0.0,0.005837598257195199,0.0008386733826797827,1.4672273397763788e-05,5.1058258576744555e-06,1.4672273397763788e-05,5.1058258576744555e-06,1.0690591486127597e-29,7.019358062230398e+18,1.1247006827399234e+19,6.058512879296395,3.3506839857868138e-21,-323930.1551824228,3.132281938146329e+21,0.0,0.0,0.0,0.0,0.0,0.3333333333333333,0.3333333333333333,2.0,1.8128222181985484e-23,1.3360203119369858e-20,0.0,8.162871712568798e-19,,0.0,0.0,0.0,0.0,0.0,1.8128222181985484e-23,8.162871712568798e-19,0.016366674487959202,17.0,1.3877190091144051e-17,3.0533079764031822e-25,1.0630337458218618e-22,,,3.0533079764031822e-25,1.0630337458218618e-22,10.0,,9.536544540177922e-08,3.4095948968030423,32238882040556.75,1.4234252260397199e-05,0.0008244391304193855,1.4234252260397199e-05,0.0008244391304193855,0.005837598257195199,0.0008386733826797827,False,False,1.0,1.4177113132554513,9.231938449108778e-09,0.20316370933553451,0.6994472771067314,1.0,1.4496082372072439,1.9215329827137182e-07,0.21461322183370904,0.6830225847345461,0.18046054038003043,0.21352802141840707,0.005876879155236875,0.009735642715840083,True,AP3.8,119.0,8.3,6.863735268152632e+19,$(U_{0.8}Pu_{0.2})N$
Kd_1p0e6_AP3p8,rizk2025_refit_plot,rizk2025_refit_full,1275.0,1.1,35000000000000.0,1.532613770450629e+23,5.998628241228896e+25,2.513372776201205e+25,3.0326150708251314e+23,3.3601859161028583e+19,1.667708328461357,41.51953953371952,0.589204684467865,1.0074175252139768,1.5966222096818417,0.22006373174433239,1.816685941426174,7042974766206.613,1.7607436915516534e+18,100.29469364467364,0.1635283699450168,50710062.68465699,22134770.23884302,2.2909685593062474,1331237919.726225,1331168023.876329,55737792.274218924,53468801.07369828,1.0000525071581066,1.0424357972304858,0.16960119851440608,66.3816650202516,27.81333714833251,5.6353966329014975,5.6353966329014975,0.0,5.09246783465526e+24,5.09246783465526e+24,0.0,9.036573938600132e+25,9.036573938600133e+25,1.0256467709159325,8.901071953514387e+16,0.005081671350261268,1.3369901375142424e-06,1.1348410943044555e-06,1.1348410943044555e-06,0.011063916010333246,0.011063916010333246,6.520970679280547e+20,1.7774228057308006e-05,8.163323265222488e-19,1.3740987948226453e-22,1.3740987948226452e-21,8.457331924393166e-19,1.6472964643566316e+19,35000000000000.0,35000000000000.0,0.0,0.00583760123419211,0.000838106860058845,1.466700663141463e-05,5.096160824959152e-06,1.466700663141463e-05,5.096160824959152e-06,1.0337591708911446e-29,7.170591616222201e+18,1.0830312310036263e+19,11.039771912068725,4.809997920770211e-21,-391971.1325050737,3.13096637837639e+21,0.0,0.0,0.0,0.0,0.0,0.3333333333333333,0.3333333333333333,2.0,4.5155265368944576e-23,1.1360352122119976e-20,0.0,8.162871712568798e-19,,0.0,0.0,0.0,0.0,0.0,4.5155265368944576e-23,8.162871712568798e-19,0.013916332543778486,17.0,1.3877649550878229e-17,8.457331924393166e-25,1.365641462898252e-22,,,8.457331924393166e-25,1.365641462898252e-22,10.0,,9.536544540177922e-08,3.4095948968030423,32209818491574.78,1.4383694810553245e-05,0.0008237231652482918,1.4383694810553245e-05,0.0008237231652482918,0.00583760123419211,0.000838106860058845,False,False,1.0,1.4181124557991498,9.235416608495747e-09,0.2033101954881839,0.6992366238508245,1.0,1.4565696401917845,1.9224221552974795e-07,0.21705996872780048,0.679523440380121,0.18061565774399152,0.2159748431216913,0.00589204684467865,0.010074175252139769,True,AP3.8,119.0,8.3,6.863735268152632e+19,$(U_{0.8}Pu_{0.2})N$
Kd_1p0e6_AP3p8,rizk2025_refit_plot,rizk2025_refit_full,1300.0,1.1,35000000000000.0,1.5316798357616805e+23,5.997497293059408e+25,2.514762868320223e+25,3.0292526485889666e+23,3.3557530725010113e+19,1.6697818754258709,41.97537089719849,0.5907494605492682,1.0395903335732208,1.630339794122489,0.3071033546968739,1.9374431488193629,6498818178483.371,1.6247045446208428e+18,115.12347770288972,0.19881230049709006,34626092.65791593,19283642.609627977,1.795619912631431,1329579912.2066126,1329514969.991993,54655029.32645096,52888156.85362215,1.0000488465463613,1.0334077150338015,0.1694978479862862,66.36914978851475,27.828720103515124,5.63263225998385,5.63263225998385,0.0,5.089969788628842e+24,5.089969788628842e+24,0.0,9.036573938600132e+25,9.036573938600132e+25,1.0264815408766843,8.890920188362456e+16,0.005076970491263969,1.3344876042181049e-06,1.0945257492135783e-06,1.0945257492135783e-06,0.011415199109470727,0.011415199109470727,6.56741126866996e+20,1.8532026903286658e-05,8.163957681071563e-19,1.7578350904993307e-22,1.7578350904993307e-21,2.2525702314749626e-18,1.6472964643566316e+19,35000000000000.0,35000000000000.0,0.0,0.005838019826077973,0.0008376215452275237,1.4661707818318652e-05,5.08735361904486e-06,1.4661707818318652e-05,5.08735361904486e-06,9.977946605506413e-30,7.32208214338226e+18,1.0407282507138521e+19,19.593045339647656,6.992808009979757e-21,-467213.29879196454,3.129679886446894e+21,0.0,0.0,0.0,0.0,0.0,0.3333333333333333,0.3333333333333333,2.0,1.085968502764781e-22,9.173994716924637e-21,0.0,8.162871712568798e-19,,0.0,0.0,0.0,0.0,0.0,1.085968502764781e-22,8.162871712568798e-19,0.011237190435461078,17.0,1.3878728057821657e-17,2.2525702314749626e-24,1.7353093881845811e-22,,,2.2525702314749626e-24,1.7353093881845811e-22,10.0,,9.536544540177922e-08,3.4095948968030423,32182901209886.637,1.4522791102234235e-05,0.0008230987541252894,1.4522791102234235e-05,0.0008230987541252894,0.005838019826077973,0.0008376215452275237,False,False,1.0,1.4185213129114405,9.238833297530284e-09,0.20345943203293237,0.699022028874245,1.0,1.4630891048320824,1.92326836258298e-07,0.21933496318714577,0.6762734193500114,0.18077336596391766,0.2182499121415729,0.005907494605492683,0.010395903335732207,True,AP3.8,119.0,8.3,6.863735268152632e+19,$(U_{0.8}Pu_{0.2})N$
Kd_1p0e6_AP3p8,rizk2025_refit_plot,rizk2025_refit_full,1325.0,1.1,35000000000000.0,1.5306314092179075e+23,5.996522076073681e+25,2.5159840070217152e+25,3.025847973443472e+23,3.351502628116371e+19,1.6718813423919396,42.40460514008703,0.5923140945607562,1.0704521140411365,1.6627662086018926,0.4136215817706153,2.0763877903725083,5961997071507.512,1.4904992678768778e+18,130.84314870403537,0.23559973354138228,25128675.65441337,16966879.977961984,1.4810428132368836,1327906380.554302,1327845430.001554,53731909.67565528,52352804.434000775,1.0000459018432197,1.0263425284770198,0.1693818276282504,66.35835789999203,27.84223339638241,5.6300268759973155,5.6300268759973155,0.0,5.087615414125566e+24,5.087615414125566e+24,0.0,9.036573938600132e+25,9.036573938600132e+25,1.027283213729442,8.88032176705498e+16,0.005072064282826533,1.3321498300684244e-06,1.0558282355693956e-06,1.0558282355693956e-06,0.011752206571643291,0.011752206571643291,6.596098808111419e+20,1.929467188375132e-05,8.165398359707159e-19,2.240387558362496e-22,2.240387558362496e-21,5.78187606487805e-18,1.6472964643566316e+19,35000000000000.0,35000000000000.0,0.0,0.005838999705004832,0.0008372537712401232,1.4656346394289036e-05,5.07922733501133e-06,1.4656346394289036e-05,5.07922733501133e-06,9.631887337052132e-30,7.473910791212302e+18,1.0000974162085738e+19,33.25095623367306,1.0059299756811463e-20,-544617.7510815414,3.128450830324774e+21,0.0,0.0,0.0,0.0,0.0,0.3333333333333333,0.3333333333333333,2.0,2.5266471383605937e-22,7.079080234963573e-21,0.0,8.162871712568798e-19,,0.0,0.0,0.0,0.0,0.0,2.5266471383605937e-22,8.162871712568798e-19,0.008669607927392601,17.0,1.388117721150217e-17,5.78187606487805e-24,2.1825687977137156e-22,,,5.78187606487805e-24,2.1825687977137156e-22,10.0,,9.536544540177922e-08,3.4095948968030423,32157693210957.633,1.4654591223564533e-05,0.0008225991800165587,1.4654591223564533e-05,0.0008225991800165587,0.005838999705004832,0.0008372537712401232,False,False,1.0,1.4189348424148043,9.242297994460803e-09,0.203610305549011,0.6988050938301853,1.0,1.4692590350579664,1.9240811517976292e-07,0.22147353996286875,0.6732213871923719,0.1809328214989199,0.2203885773195538,0.005923140945607562,0.010704521140411365,True,AP3.8,119.0,8.3,6.863735268152632e+19,$(U_{0.8}Pu_{0.2})N$
Kd_1p0e6_AP3p8,rizk2025_refit_plot,rizk2025_refit_full,1350.0,1.1,35000000000000.0,1.5293359205026847e+23,5.995578895437669e+25,2.5171551826083845e+25,3.0222058084397727e+23,3.3473780033475154e+19,1.6740326831537573,42.814153313034495,0.5938878541468108,1.1004123273022948,1.6943001814491057,0.5298060624966264,2.224106243945732,5484139885441.591,1.3710349713603978e+18,146.11113320407736,0.27024408999778915,19480218.155059777,15193914.052389605,1.2821066440082993,1326196618.5062137,1326138983.0320873,52926206.96375585,51852012.20186539,1.00004346111144,1.0207165491998365,0.1692384670223366,66.34792053022754,27.8551937903838,5.627647212366321,5.627647212366321,0.0,5.085465013490518e+24,5.085465013490518e+24,0.0,9.036573938600132e+25,9.036573938600132e+25,1.0280623258033472,8.868740872000109e+16,0.0050667291125119415,1.3298907576451265e-06,1.0199277874761882e-06,1.0199277874761882e-06,0.012079402291460583,0.012079402291460583,6.608718132779132e+20,2.0072235316003683e-05,8.168569279875949e-19,2.862168056389775e-22,2.8621680563897752e-21,1.4331663655150738e-17,1.6472964643566316e+19,35000000000000.0,35000000000000.0,0.0,0.005840904087243265,0.0008370893812543758,1.4650856288791765e-05,5.071620416832038e-06,1.4650856288791765e-05,5.071620416832038e-06,9.310408869562511e-30,7.626213996803812e+18,9.623757655216638e+18,52.82856679118827,1.3994439113149243e-20,-619415.2086776721,3.127340381923556e+21,0.0,0.0,0.0,0.0,0.0,0.3333333333333333,0.3333333333333333,2.0,5.697567307150379e-22,5.248217173930294e-21,0.0,8.162871712568798e-19,,0.0,0.0,0.0,0.0,0.0,5.697567307150379e-22,8.162871712568798e-19,0.006424891549686404,17.0,1.3886567775789114e-17,1.433166365515074e-23,2.7188514198382675e-22,,,1.433166365515074e-23,2.7188514198382675e-22,10.0,,9.536544540177922e-08,3.4095948968030423,32133768794179.266,1.4782984405603777e-05,0.000822306396848772,1.4782984405603777e-05,0.000822306396848772,0.005840904087243265,0.0008370893812543758,False,False,1.0,1.419348688590074,9.246010036831618e-09,0.2037612256961838,0.6985881056478058,1.0,1.4751738160267105,1.9248711924346514e-07,0.22351064566202059,0.6703169931446197,0.18109292402479504,0.22242579369805224,0.005938878541468108,0.011004123273022947,True,AP3.8,119.0,8.3,6.863735268152632e+19,$(U_{0.8}Pu_{0.2})N$
Kd_1p0e6_AP3p8,rizk2025_refit_plot,rizk2025_refit_full,1375.0,1.1,35000000000000.0,1.5275256990677467e+23,5.9944748315541995e+25,2.518457975259698e+25,3.0179576841904652e+23,3.34331990995619e+19,1.6762891688119077,43.210691588718845,0.5954544867265658,1.1299004867159754,1.7253549734425409,0.641566858728167,2.366921832170708,5098908928634.335,1.2747272321585836e+18,159.5641775324466,0.2996602339087618,16128831.13947675,13912897.207448546,1.1592719258244688,1324408619.1186566,1324353841.392088,52204156.65907799,51376173.77500115,1.0000413618512338,1.016116086957019,0.16903814536866146,66.33570280378642,27.86961067736072,5.625648373484216,5.625648373484216,0.0,5.083658747955568e+24,5.083658747955568e+24,0.0,9.036573938600132e+25,9.036573938600133e+25,1.0288299865511374,8.85509983602069e+16,0.005060507605333405,1.3275908690954608e-06,9.873657323178488e-07,9.873657323178488e-07,0.01240144990522135,0.01240144990522135,6.604077180490994e+20,2.088065131082385e-05,8.175345338120949e-19,3.700180177718187e-22,3.7001801777181866e-21,3.437073971002977e-17,1.6472964643566316e+19,35000000000000.0,35000000000000.0,0.0,0.0058445220848634865,0.0008373118659994801,1.4645101983014696e-05,5.064387874111916e-06,1.4645101983014696e-05,5.064387874111916e-06,9.01865823218175e-30,7.779239013643654e+18,9.2812523566332e+18,77.18478299819787,1.8472767954130758e-20,-687105.7531214947,3.126473609849086e+21,0.0,0.0,0.0,0.0,0.0,0.3333333333333333,0.3333333333333333,2.0,1.2473625552150166e-21,3.756347896372655e-21,0.0,8.162871712568798e-19,,0.0,0.0,0.0,0.0,0.0,1.2473625552150166e-21,8.162871712568798e-19,0.00459472687821164,17.0,1.3898087074805612e-17,3.437073971002977e-23,3.3564727806178893e-22,,,3.437073971002977e-23,3.3564727806178893e-22,10.0,,9.536544540177922e-08,3.4095948968030423,32110724792047.004,1.4913530357386476e-05,0.0008223983356420937,1.4913530357386476e-05,0.0008223983356420937,0.0058445220848634865,0.0008373118659994801,False,False,1.0,1.4197557745489848,9.250347107079137e-09,0.20390961335322905,0.6983747721736914,1.0,1.480926516827673,1.925649750828763e-07,0.2254798288536028,0.6675120839829616,0.18125202082645858,0.2243951151648089,0.005954544867265658,0.011299004867159753,True,AP3.8,119.0,8.3,6.863735268152632e+19,$(U_{0.8}Pu_{0.2})N$
Kd_1p0e6_AP3p8,rizk2025_refit_plot,rizk2025_refit_full,1400.0,1.1,35000000000000.0,1.5246756692841202e+23,5.992878892912962e+25,2.520199079523977e+25,3.0124035018829648e+23,3.3392677307706143e+19,1.6787562010742834,43.6005911520265,0.5969866821376284,1.1593564508183583,1.7563431329559867,0.7369335646858546,2.4932766976418415,4813523230029.076,1.203380807507269e+18,170.34743464193124,0.3224150681326959,14161069.795602277,13032189.2118095,1.0866224826424258,1322459847.1356988,1322407624.5135295,51540691.34506399,50916740.83636403,1.0000394905634247,1.012254329292309,0.16872275705855727,66.31804192199557,27.888877982382606,5.624357338563281,5.624357338563281,0.0,5.082492094703534e+24,5.082492094703534e+24,0.0,9.036573938600132e+25,9.036573938600133e+25,1.0295976234866724,8.837284930787558e+16,0.005052499155356213,1.3250652575244325e-06,9.590128681291934e-07,9.590128681291934e-07,0.012723133811934241,0.012723133811934241,6.579454300819979e+20,2.1740602948850528e-05,8.189426464829586e-19,4.907545740295142e-22,4.907545740295141e-21,7.989389038480301e-17,1.6472964643566316e+19,35000000000000.0,35000000000000.0,0.0,0.005851454946860679,0.000838291642675535,1.4638815592002544e-05,5.057400398246763e-06,1.4638815592002544e-05,5.057400398246763e-06,8.764753330245545e-30,7.93345051431133e+18,8.982421040786714e+18,103.04857383296107,2.291711213999216e-20,-743659.6189758576,3.126096991107567e+21,0.0,0.0,0.0,0.0,0.0,0.3333333333333333,0.3333333333333333,2.0,2.6554752260788454e-21,2.6068146230906868e-21,0.0,8.162871712568798e-19,,0.0,0.0,0.0,0.0,0.0,2.6554752260788454e-21,8.162871712568798e-19,0.00318314674939197,17.0,1.3922024990210297e-17,7.989389038480301e-23,4.108606836447112e-22,,,7.989389038480301e-23,4.108606836447112e-22,10.0,,9.536544540177922e-08,3.4095948968030423,32088183810319.32,1.5055115843769385e-05,0.0008232365268317656,1.5055115843769385e-05,0.0008232365268317656,0.005851454946860679,0.000838291642675535,False,False,1.0,1.420143669820884,9.256029761331245e-09,0.20405094382425312,0.6981715971751252,1.0,1.4866075867049815,1.9264284231248691e-07,0.22741290918639115,0.6647611510050165,0.18140735072482356,0.2263283692699299,0.005969866821376284,0.011593564508183583,True,AP3.8,119.0,8.3,6.863735268152632e+19,$(U_{0.8}Pu_{0.2})N$
Kd_1p0e6_AP3p8,rizk2025_refit_plot,rizk2025_refit_full,1425.0,1.1,35000000000000.0,1.5197878017261774e+23,5.990196113869891e+25,2.5229247604998072e+25,3.004229612699817e+23,3.3351550785441366e+19,1.68163589060619,43.9903929519081,0.598435895139744,1.189263708366909,1.7876996035066532,0.8116696159171859,2.5993692194238394,4612300768926.234,1.1530751922315587e+18,178.4436366388919,0.33900087094489867,13012304.588703489,12440903.143509181,1.045929257595131,1320192987.0245025,1320143089.4768443,50919038.7638649,50465564.20687092,1.000037797075223,1.0089858216017376,0.16818185875006625,66.2883539112373,27.919040751971504,5.624423478041122,5.624423478041122,0.0,5.082551862131711e+24,5.082551862131711e+24,0.0,9.036573938600132e+25,9.036573938600132e+25,1.0303778491173685,8.811272411676128e+16,0.005040988459069984,1.3220030921432864e-06,9.371118416230381e-07,9.371118416230381e-07,0.013049818105399937,0.013049818105399937,6.535237218398762e+20,2.2670349246554807e-05,8.217924306433319e-19,6.792207006788487e-22,6.792207006788486e-21,1.8029544796246132e-16,1.6472964643566316e+19,35000000000000.0,35000000000000.0,0.0,0.005864809911591854,0.0008407472885431943,1.4631484075782715e-05,5.050534439376452e-06,1.4631484075782715e-05,5.050534439376452e-06,8.569321579766559e-30,8.089730169468588e+18,8.750386650101243e+18,126.99026653130785,2.6830087269715476e-20,-787287.7205010776,3.126681357107956e+21,0.0,0.0,0.0,0.0,0.0,0.3333333333333333,0.3333333333333333,2.0,5.505259386452124e-21,1.7608088449539913e-21,0.0,8.162871712568798e-19,,0.0,0.0,0.0,0.0,0.0,5.505259386452124e-21,8.162871712568798e-19,0.0021426442728068934,17.0,1.3970471320936644e-17,1.8029544796246133e-22,4.989252527163874e-22,,,1.8029544796246133e-22,4.989252527163874e-22,10.0,,9.536544540177922e-08,3.4095948968030423,32065766293626.527,1.522316821408409e-05,0.0008255241203291102,1.522316821408409e-05,0.0008255241203291102,0.005864809911591854,0.0008407472885431943,False,False,1.0,1.4204898067470115,9.264418044478455e-09,0.20417700854673426,0.6979903783517928,1.0,1.4923115988193925,1.9272199892341906e-07,0.22934233924876105,0.6620179548226167,0.18155402370394177,0.22825802508375004,0.00598435895139744,0.011892637083669092,True,AP3.8,119.0,8.3,6.863735268152632e+19,$(U_{0.8}Pu_{0.2})N$
Kd_1p0e6_AP3p8,rizk2025_refit_plot,rizk2025_refit_full,1450.0,1.1,35000000000000.0,1.5110326250872767e+23,5.985345455940404e+25,2.5276235847077535e+25,2.9910307050540108e+23,3.3308886386372035e+19,1.6853042035158314,44.38877863868837,0.5997142836410297,1.2203047706762182,1.820019054317248,0.8691583047300497,2.6891773590472976,4468951321226.781,1.1172378303066953e+18,184.49230741518687,0.3511100108166823,12325117.548763141,12033022.032750923,1.0242744935741999,1317317427.4650757,1317269603.534307,50326911.95093207,50012639.86265873,1.0000363053475465,1.0062838532246323,0.16721299857159724,66.23467584737764,27.971038602482913,5.627072551567836,5.627072551567836,0.0,5.084945717011005e+24,5.084945717011005e+24,0.0,9.036573938600132e+25,9.03657393860013e+25,1.0311885298784553,8.769664765375389e+16,0.005022817580231436,1.3178571443476012e-06,9.247840001463245e-07,9.247840001463245e-07,0.013389326422329612,0.013389326422329612,6.481194791750656e+20,2.367121616054338e-05,8.274171632376133e-19,9.969293275342691e-22,9.96929327534269e-21,3.956100289530877e-16,1.6472964643566316e+19,35000000000000.0,35000000000000.0,0.0,0.005890405164833155,0.0008460294474859945,1.4622154759627353e-05,5.043637900780417e-06,1.4622154759627353e-05,5.043637900780417e-06,8.461027217598802e-30,8.249735475158472e+18,8.617132623238453e+18,147.74104628793128,3.0098448406434914e-20,-820107.9935948114,3.12909947672986e+21,0.0,0.0,0.0,0.0,0.0,0.3333333333333333,0.3333333333333333,2.0,1.1129991980733449e-20,1.1616069964338774e-21,0.0,8.162871712568798e-19,,0.0,0.0,0.0,0.0,0.0,1.1129991980733449e-20,8.162871712568798e-19,0.001403895215188198,17.0,1.4066091775039427e-17,3.9561002895308766e-22,6.013192985811814e-22,,,3.9561002895308766e-22,6.013192985811814e-22,10.0,,9.536544540177922e-08,3.4095948968030423,32042978248396.516,1.5445740391135335e-05,0.0008305837070948592,1.5445740391135335e-05,0.0008305837070948592,0.005890405164833155,0.0008460294474859945,False,False,1.0,1.4207531081912224,9.27802745552088e-09,0.20427287199869748,0.6978525805582525,1.0,1.4981663088277821,1.9280425072838416e-07,0.23131093282729634,0.6592217173033327,0.181683211310342,0.23022691975551637,0.005997142836410297,0.012203047706762183,True,AP3.8,119.0,8.3,6.863735268152632e+19,$(U_{0.8}Pu_{0.2})N$
Kd_1p0e6_AP3p8,rizk2025_refit_plot,rizk2025_refit_full,1475.0,1.1,35000000000000.0,1.4952065224612537e+23,5.976392620315568e+25,2.5360630806563326e+25,2.9685598697840945e+23,3.32630078316066e+19,1.6904379448077431,44.81072369831007,0.6006647130580374,1.2537068563912326,1.8543715694492702,0.9160999946179449,2.7704715640672153,4358464571222.68,1.08961614280567e+18,189.32892224579126,0.36061892007617874,11879816.256209033,11725625.29626585,1.0131499136333724,1313315226.3039587,1313269148.2812672,49748364.14541535,49541712.71471168,1.0000350865035943,1.00417126133474,0.16546165976404087,66.13560250735225,28.064431253347305,5.6345045795364115,5.6345045795364115,0.0,5.091661724036183e+24,5.091661724036183e+24,0.0,9.036573938600132e+25,9.036573938600132e+25,1.0320618695521009,8.699438146623534e+16,0.004992399003940546,1.3116621616557934e-06,9.237816159575077e-07,9.237816159575077e-07,0.013755903972056343,0.013755903972056343,6.43597985630932e+20,2.4717075636273385e-05,8.382581106675789e-19,1.5648365395596799e-21,1.5648365395596798e-20,8.452417180343286e-16,1.6472964643566316e+19,35000000000000.0,35000000000000.0,0.0,0.005938785544478677,0.0008566103337546512,1.460911737790539e-05,5.036463011156115e-06,1.460911737790539e-05,5.036463011156115e-06,8.456027115893109e-30,8.416505783919266e+18,8.599819140773977e+18,166.43662703662955,3.296970650494132e-20,-847225.5430152791,3.134917704325425e+21,0.0,0.0,0.0,0.0,0.0,0.3333333333333333,0.3333333333333333,2.0,2.1970939410699096e-20,7.507216258567738e-22,0.0,8.162871712568798e-19,,0.0,0.0,0.0,0.0,0.0,2.1970939410699096e-20,8.162871712568798e-19,0.0008955733518151203,17.0,1.4250387881348842e-17,8.452417180343286e-22,7.195948215253512e-22,,,8.452417180343286e-22,7.195948215253512e-22,10.0,,9.536544540177922e-08,3.4095948968030423,32018979491332.1,1.577441117617305e-05,0.0008408359225784782,1.577441117617305e-05,0.0008408359225784782,0.005938785544478677,0.0008566103337546512,False,False,1.0,1.4208602564824193,9.301382252207934e-09,0.2043118748587544,0.6977965179665925,1.0,1.5043948734263468,1.9289285306808358e-07,0.2333922396702449,0.6562683042452526,0.18177913806179147,0.23230862465991817,0.006006647130580373,0.012537068563912327,True,AP3.8,119.0,8.3,6.863735268152632e+19,$(U_{0.8}Pu_{0.2})N$
Kd_1p0e6_AP3p8,rizk2025_refit_plot,rizk2025_refit_full,1500.0,1.1,35000000000000.0,1.4670492578327546e+23,5.959994727071552e+25,2.5512997803726357e+25,2.9297081948233925e+23,3.321075439283246e+19,1.6982076617881878,45.28356628997926,0.6010150717495073,1.2917819647047621,1.8927970364542694,0.9591013255910561,2.8518983620453255,4261980674785.607,1.0654951686964017e+18,193.68597799854507,0.36905313675247814,11548084.329599027,11461851.926197138,1.0075234267513784,1307305318.7280319,1307260619.5065525,49154048.155475095,49024407.34866019,1.0000341930452217,1.0026444135447248,0.1623457372009305,65.95414111108157,28.23304271848697,5.6504704332305336,5.6504704332305336,0.0,5.106089385776164e+24,5.106089385776164e+24,0.0,9.036573938600132e+25,9.036573938600132e+25,1.0330586638463206,8.578976263116429e+16,0.0049403598702150164,1.3017802689660616e-06,9.341410663019395e-07,9.341410663019395e-07,0.01417619087264464,0.01417619087264464,6.415300483912386e+20,2.5767860715044897e-05,8.586863335070055e-19,2.616148172893133e-21,2.616148172893133e-20,1.7607759639859707e-15,1.6472964643566316e+19,35000000000000.0,35000000000000.0,0.0,0.006028428519480421,0.000876910957623584,1.4589427720934678e-05,5.0285764735426204e-06,1.4589427720934678e-05,5.0285764735426204e-06,8.554771994497423e-30,8.595403260113598e+18,8.696826318070757e+18,185.4212300444002,3.5841318497227946e-20,-874124.5767492446,3.1468390552285573e+21,0.0,0.0,0.0,0.0,0.0,0.3333333333333333,0.3333333333333333,2.0,4.239916225012569e-20,4.766040325715508e-22,0.0,8.162871712568798e-19,,0.0,0.0,0.0,0.0,0.0,4.239916225012569e-20,8.162871712568798e-19,0.0005550385676048057,17.0,1.4597667669619094e-17,1.7607759639859707e-21,8.553722089071623e-22,,,1.7607759639859707e-21,8.553722089071623e-22,10.0,,9.536544540177922e-08,3.4095948968030423,31992254758595.664,1.6302900334866628e-05,0.0008606080572887174,1.6302900334866628e-05,0.0008606080572887174,0.006028428519480421,0.000876910957623584,False,False,1.0,1.4206851849575604,9.342323579908682e-09,0.2042481449983321,0.6978881235557554,1.0,1.511408535077304,1.9299396283089253e-07,0.2357200450864876,0.6529686995506663,0.18181447420459187,0.23463695048988598,0.0060101507174950735,0.012917819647047621,True,AP3.8,119.0,8.3,6.863735268152632e+19,$(U_{0.8}Pu_{0.2})N$
Kd_1p0e6_AP3p8,rizk2025_refit_plot,rizk2025_refit_full,1525.0,1.1,35000000000000.0,1.4187495539950621e+23,5.930666368356496e+25,2.578352233537156e+25,2.8635101976957225e+23,3.3146517950332756e+19,1.7105312164345945,45.85410812288466,0.600316604903183,1.3386322194259705,1.9389488243291537,1.0039762299002506,2.942925054229404,4165746052996.952,1.0414365132492379e+18,198.1636785484037,0.37759128815757886,11255292.458032524,11202860.263101848,1.004680250730554,1297886064.4638739,1297842435.5372682,48493332.38695946,48414418.922959104,1.0000336165049093,1.0016299578876684,0.1570008239444387,65.62958936266087,28.53240897552565,5.68100083786904,5.68100083786904,0.0,5.133678411665288e+24,5.133678411665288e+24,0.0,9.036573938600132e+25,9.036573938600132e+25,1.034287069678953,8.375446131064168e+16,0.004852183588501958,1.285630028505888e-06,9.563842672882682e-07,9.563842672882682e-07,0.014697036634252883,0.014697036634252883,6.42101802991256e+20,2.680918773316184e-05,8.963636533373067e-19,4.591111971906214e-21,4.5911119719062144e-20,3.580777516173852e-15,1.6472964643566316e+19,35000000000000.0,35000000000000.0,0.0,0.006190454054944571,0.0009146692931975818,1.4558301776190556e-05,5.019270025509461e-06,1.4558301776190556e-05,5.019270025509461e-06,8.76214178920646e-30,8.795392425561909e+18,8.910059572863874e+18,207.3171097814512,3.910575548857572e-20,-904338.4962678526,3.1692888644717537e+21,0.0,0.0,0.0,0.0,0.0,0.3333333333333333,0.3333333333333333,2.0,8.007648208042697e-20,2.979589468780153e-22,0.0,8.162871712568798e-19,,0.0,0.0,0.0,0.0,0.0,8.007648208042697e-20,8.162871712568798e-19,0.00033240855513124167,17.0,1.5238182106734214e-17,3.5807775161738524e-21,1.0103344557323614e-21,,,3.5807775161738524e-21,1.0103344557323614e-21,10.0,,9.536544540177922e-08,3.4095948968030423,31960249089799.812,1.7198341324851043e-05,0.0008974709518727307,1.7198341324851043e-05,0.0008974709518727307,0.006190454054944571,0.0009146692931975818,False,False,1.0,1.4200227321767522,9.413777035367819e-09,0.20400688641858128,0.6982349322644331,1.0,1.5199188247594835,1.9311854840796402e-07,0.2385223326164442,0.6490016150604732,0.18174401529026626,0.23743993129365806,0.00600316604903183,0.013386322194259705,True,AP3.8,119.0,8.3,6.863735268152632e+19,$(U_{0.8}Pu_{0.2})N$
Kd_1p0e6_AP3p8,rizk2025_refit_plot,rizk2025_refit_full,1550.0,1.1,35000000000000.0,1.3405636918220807e+23,5.880050932741622e+25,2.6248678045532403e+25,2.755165310363964e+23,3.3061224436458893e+19,1.7303164170052359,46.59439826145739,0.597878389498703,1.4009049359375307,1.9987833254362337,1.0565350076946765,3.05531833313091,4058378005373.0474,1.0145945013432618e+18,203.32509062474497,0.38727147334882756,10953826.196082002,10918475.399070216,1.0032377045072425,1283045073.7635725,1283002333.0890484,47692942.94796982,47645212.36099686,1.0000333130138752,1.0010017918822842,0.1483486663121078,65.0694718229961,29.047156836076994,5.73502267461479,5.73502267461479,0.0,5.182495643870483e+24,5.182495643870483e+24,0.0,9.036573938600132e+25,9.036573938600132e+25,1.0359230901537597,8.045792139097126e+16,0.0047081069043840825,1.259597343912769e-06,9.93437435299079e-07,9.93437435299079e-07,0.015394247989964058,0.015394247989964058,6.442057791574123e+20,2.7880510927481757e-05,9.64451857158908e-19,8.303373578131135e-21,8.303373578131135e-20,7.11715258415843e-15,1.6472964643566316e+19,35000000000000.0,35000000000000.0,0.0,0.006474653785678539,0.00098315438165506,1.4508597152663285e-05,5.007523598693805e-06,1.4508597152663285e-05,5.007523598693805e-06,9.105032870016959e-30,9.030351192780783e+18,9.263687694546932e+18,234.867754189576,4.311126183719842e-20,-938283.6018844448,3.2089886455956735e+21,0.0,0.0,0.0,0.0,0.0,0.3333333333333333,0.3333333333333333,2.0,1.4816468590202815e-19,1.8383335745449222e-22,0.0,8.162871712568798e-19,,0.0,0.0,0.0,0.0,0.0,1.4816468590202815e-19,8.162871712568798e-19,0.00019060915906785685,17.0,1.6395681571701434e-17,7.11715258415843e-21,1.1862209939727049e-21,,,7.11715258415843e-21,1.1862209939727049e-21,10.0,,9.536544540177922e-08,3.4095948968030423,31919121283006.51,1.875374583818212e-05,0.0009644006358168778,1.875374583818212e-05,0.0009644006358168778,0.006474653785678539,0.00098315438165506,False,False,1.0,1.4185645412174754,9.535607755224117e-09,0.2034752068187073,0.6989993462849362,1.0,1.531038197074819,1.932844705403938e-07,0.24214758465984457,0.6438778396404563,0.1814976273318889,0.24106614438401208,0.00597878389498703,0.014009049359375306,True,AP3.8,119.0,8.3,6.863735268152632e+19,$(U_{0.8}Pu_{0.2})N$
Kd_1p0e6_AP3p8,rizk2025_refit_plot,rizk2025_refit_full,1575.0,1.1,35000000000000.0,1.224035831863873e+23,5.796724298229964e+25,2.701306983900843e+25,2.5889767896184245e+23,3.2941612210483577e+19,1.7614948884243433,47.601813025563544,0.5927354854915566,1.488346128499696,2.0810816139912527,1.1234967788608365,3.2045783928520892,3929237529595.061,9.823093823987653e+17,209.78206618306385,0.39914074503712804,10608985.025209282,10582410.78654809,1.0025111705826968,1260335112.4487858,1260293183.1302614,46666310.02759184,46636879.12071325,1.0000332694956107,1.0006310651019854,0.135453529200414,64.14736754898885,29.893043561145323,5.824135360665427,5.824135360665427,0.0,5.263022981506868e+24,5.263022981506868e+24,0.0,9.036573938600132e+25,9.036573938600132e+25,1.0382266125294373,7.54719479272575e+16,0.004486727466140915,1.2195259787834495e-06,1.0523552182272776e-06,1.0523552182272776e-06,0.01637968509811934,0.01637968509811934,6.462683018477483e+20,2.907048563313222e-05,1.0851313414053207e-18,1.5225725191742552e-20,1.5225725191742552e-19,1.384090397445483e-14,1.6472964643566316e+19,35000000000000.0,35000000000000.0,0.0,0.006955333958788133,0.0011046729068407484,1.4430942254521377e-05,4.992107083502324e-06,1.4430942254521377e-05,4.992107083502324e-06,9.648199698601424e-30,9.319460910803448e+18,9.819773810223354e+18,271.6149024214536,4.824772265677765e-20,-974264.3567682595,3.2750819971515663e+21,0.0,0.0,0.0,0.0,0.0,0.3333333333333333,0.3333333333333333,2.0,2.6884417014844093e-19,1.1215308686518689e-22,0.0,8.162871712568798e-19,,0.0,0.0,0.0,0.0,0.0,2.6884417014844093e-19,8.162871712568798e-19,0.00010335438908246888,17.0,1.844723280389045e-17,1.384090397445483e-20,1.3848212172877198e-21,,,1.384090397445483e-20,1.3848212172877198e-21,10.0,,9.536544540177922e-08,3.4095948968030423,31863896241710.63,2.1476542160329505e-05,0.001083196364680419,2.1476542160329505e-05,0.001083196364680419,0.006955333958788133,0.0011046729068407484,False,False,1.0,1.415898180787602,9.735452703855796e-09,0.2025007928569488,0.7004007422954031,1.0,1.546308912195554,1.9351811543530298e-07,0.24706091698636085,0.6369488121220839,0.18097571843330057,0.24598085913709306,0.005927354854915566,0.014883461284996959,True,AP3.8,119.0,8.3,6.863735268152632e+19,$(U_{0.8}Pu_{0.2})N$
Kd_1p0e6_AP3p8,rizk2025_refit_plot,rizk2025_refit_full,1600.0,1.1,35000000000000.0,1.0682222630733406e+23,5.667378000108192e+25,2.819888328245899e+25,2.3557190309992434e+23,3.277047210424674e+19,1.808545835463143,48.98709619000473,0.5837147389789413,1.6136762121224817,2.197390951101423,1.2127411364463179,3.410132087547741,3769102993129.4453,9.422757482823613e+17,218.2012381392855,0.4142223127813506,10196118.338275732,10174094.422795605,1.0021647052371345,1227546733.9633517,1227505522.0989132,45337019.02186907,45318056.6447408,1.0000335736692803,1.0004184287353035,0.11821098021567458,62.71600319563294,31.20528141977148,5.960504404379911,5.960504404379911,0.0,5.386253876153081e+24,5.386253876153081e+24,0.0,9.036573938600132e+25,9.036573938600133e+25,1.0415411223579678,6.860336691643507e+16,0.0041743690470047515,1.162173446753962e-06,1.1469866986889802e-06,1.1469866986889802e-06,0.017801454966583977,0.017801454966583977,6.470791954538901e+20,3.0490166347469976e-05,1.2951051174088508e-18,2.797102768283436e-20,2.7971027682834356e-19,2.6363059898109156e-14,1.6472964643566316e+19,35000000000000.0,35000000000000.0,0.0,0.007733443367113678,0.0013160110294779667,1.4315319542479399e-05,4.9719118159873515e-06,1.4315319542479399e-05,4.9719118159873515e-06,1.0518790553450452e-29,9.685062144078713e+18,1.0701699580681216e+19,323.21752797288514,5.511286734476756e-20,-1010914.0108644468,3.3781267247333313e+21,0.0,0.0,0.0,0.0,0.0,0.3333333333333333,0.3333333333333333,2.0,4.788179461519709e-19,6.777638626958759e-23,0.0,8.162871712568798e-19,,0.0,0.0,0.0,0.0,0.0,4.788179461519709e-19,8.162871712568798e-19,5.23327298753861e-05,17.0,2.2016786995950463e-17,2.6363059898109155e-20,1.6079677847252025e-21,,,2.6363059898109155e-20,1.6079677847252025e-21,10.0,,9.536544540177922e-08,3.4095948968030423,31789397288366.504,2.62379119459479e-05,0.0012897731175320188,2.62379119459479e-05,0.0012897731175320188,0.007733443367113678,0.0013160110294779667,False,False,1.0,1.411559187343565,1.0046767065973715e-08,0.20090895830455324,0.7026913482784961,1.0,1.5675669381186308,1.9385438446023848e-07,0.25377816461326713,0.6275048359262929,0.18005294111265302,0.2527001301767946,0.005837147389789413,0.016136762121224817,True,AP3.8,119.0,8.3,6.863735268152632e+19,$(U_{0.8}Pu_{0.2})N$
Kd_1p0e6_AP3p8,rizk2025_refit_plot,rizk2025_refit_full,1625.0,1.1,35000000000000.0,8.85027829141659e+22,5.4798396495833106e+25,2.9918989116079904e+25,2.061770254559527e+23,3.252851307159062e+19,1.8753869199836868,50.84785188997446,0.5696413762329375,1.7913095955654472,2.3609509717983848,1.3325234677799536,3.6934744395783383,3572999151908.6543,8.932497879771635e+17,229.20697363106456,0.4332809850423243,9705260.77012435,9685569.181561422,1.002033085324548,1183796531.4746606,1183755723.3359137,43672716.68069509,43659661.470137976,1.0000344734457816,1.0002990222580181,0.09793842612864848,60.64067739407221,33.10877476283307,6.152609416966095,6.152609416966095,0.0,5.559850991174157e+24,5.559850991174157e+24,0.0,9.036573938600132e+25,9.036573938600133e+25,1.0462649584753951,6.014302090102778e+16,0.0037770359608013224,1.0872709517611924e-06,1.302799881761811e-06,1.302799881761811e-06,0.019831905511354768,0.019831905511354768,6.462691271066519e+20,3.224266398161891e-05,1.6540619828555305e-18,5.108607268560299e-20,5.1086072685603e-19,4.922854290289942e-14,1.6472964643566316e+19,35000000000000.0,35000000000000.0,0.0,0.00893049582654285,0.001676728586740989,1.4154315334033262e-05,4.946465630797867e-06,1.4154315334033262e-05,4.946465630797867e-06,1.1950787527815955e-29,1.014690108701025e+19,1.2136122642793398e+19,398.7113218547556,6.46172672746454e-20,-1048157.6327077636,3.52761176152145e+21,0.0,0.0,0.0,0.0,0.0,0.3333333333333333,0.3333333333333333,2.0,8.377748115986507e-19,4.063572253318729e-23,0.0,8.162871712568798e-19,,0.0,0.0,0.0,0.0,0.0,8.377748115986507e-19,8.162871712568798e-19,2.456723082591791e-05,17.0,2.811905370854402e-17,4.922854290289942e-20,1.857529782703572e-21,,,4.922854290289942e-20,1.857529782703572e-21,10.0,,9.536544540177922e-08,3.4095948968030423,31692049416693.168,3.4520782422197786e-05,0.0016422078043187914,3.4520782422197786e-05,0.0016422078043187914,0.00893049582654285,0.001676728586740989,False,False,1.0,1.4051424662765764,1.050324669999077e-08,0.19854075536063004,0.7061019495455139,1.0,1.5965878742621342,1.9433381514081392e-07,0.26272678386370135,0.6149772300121171,0.1785941280242283,0.26165169397022764,0.005696413762329376,0.017913095955654473,True,AP3.8,119.0,8.3,6.863735268152632e+19,$(U_{0.8}Pu_{0.2})N$
Kd_1p0e6_AP3p8,rizk2025_refit_plot,rizk2025_refit_full,1650.0,1.1,35000000000000.0,6.967332406563464e+22,5.226831941144225e+25,3.2243618082215456e+25,1.731761932164872e+23,3.2197477902584574e+19,1.964095006693985,53.23914096330532,0.5496222081618986,2.0351835379884875,2.584805746150386,1.4899050866985806,4.074710832848967,3343120500752.772,8.35780125188193e+17,243.2293802477922,0.4565256255654135,9145754.77888173,9127186.84617111,1.002034354398958,1130332704.166236,1130291555.3646057,41708428.39077752,41698644.26494257,1.0000364054755917,1.0002346389434817,0.07710148175518368,57.840858456517225,35.681241919003604,6.40079814272399,6.40079814272399,0.0,5.784128568277974e+24,5.784128568277974e+24,0.0,9.036573938600132e+25,9.036573938600132e+25,1.0528006136369026,5.0871965305009464e+16,0.0033245644225266898,9.986184557768404e-07,1.5655199529172848e-06,1.5655199529172848e-06,0.022646189509640008,0.022646189509640008,6.441447331596919e+20,3.44006138611925e-05,2.257479190366825e-18,9.233806137778259e-20,9.233806137778258e-19,9.020265555838444e-14,1.6472964643566316e+19,35000000000000.0,35000000000000.0,0.0,0.010672719337518441,0.002281610346732531,1.3946529893897605e-05,4.91630262019906e-06,1.3946529893897605e-05,4.91630262019906e-06,1.4364664323501112e-29,1.0714274873197787e+19,1.4526805141252768e+19,511.38780796338574,7.797135838724289e-20,-1086177.3285674793,3.7289235141002044e+21,0.0,0.0,0.0,0.0,0.0,0.3333333333333333,0.3333333333333333,2.0,1.441192019109945e-18,2.42053512429118e-23,0.0,8.162871712568798e-19,,0.0,0.0,0.0,0.0,0.0,1.441192019109945e-18,8.162871712568798e-19,1.0722292079679634e-05,17.0,3.8377146236236026e-17,9.020265555838444e-20,2.135405819398152e-21,,,9.020265555838444e-20,2.135405819398152e-21,10.0,,9.536544540177922e-08,3.4095948968030423,31571730756421.184,4.881893238814376e-05,0.0022327914143443874,4.881893238814376e-05,0.0022327914143443874,0.010672719337518441,0.002281610346732531,False,False,1.0,1.3964162223898906,1.1132124758274351e-08,0.1952927892325348,0.7107849787043171,1.0,1.634652649500288,1.9499749305972437e-07,0.274095132554569,0.5991534301457107,0.17647699124260496,0.2730242317262321,0.005496222081618985,0.020351835379884876,True,AP3.8,119.0,8.3,6.863735268152632e+19,$(U_{0.8}Pu_{0.2})N$
Kd_1p0e6_AP3p8,rizk2025_refit_plot,rizk2025_refit_full,1675.0,1.1,35000000000000.0,5.25484636466347e+22,4.908127736276195e+25,3.518114249434059e+25,1.399584032575379e+23,3.176287605947524e+19,2.0743004655377724,56.16193558271814,0.5232419829589477,2.356864583822908,2.8801065667818557,1.6892838195925766,4.569390386374432,3089009237373.505,7.722523093433763e+17,260.400400351872,0.4834856240105852,8543465.88743783,8525332.514850877,1.0021269988654828,1070283104.0382926,1070240322.8861322,39536627.48400902,39528552.158432506,1.0000399734071364,1.0002042909526296,0.05815087001299416,54.31403283617154,38.93194780829797,6.6958684855175115,6.6958684855175115,0.0,6.050771065252148e+24,6.050771065252148e+24,0.0,9.036573938600132e+25,9.036573938600132e+25,1.0615114388793805,4.173359016387477e+16,0.0028600340150398674,9.02887421464647e-07,2.0154638480403134e-06,2.0154638480403134e-06,0.02640395699011752,0.02640395699011752,6.408808301324743e+20,3.700195492194112e-05,3.2556911341636327e-18,1.6476307421979262e-19,1.6476307421979263e-18,1.6231955709997532e-13,1.6472964643566316e+19,35000000000000.0,35000000000000.0,0.0,0.013069654074666348,0.0032791234277637126,1.36976681652956e-05,4.882830873617156e-06,1.36976681652956e-05,4.882830873617156e-06,1.8499927976673356e-29,1.137968810028331e+19,1.8572251109454017e+19,679.60322126866,9.662624890310306e-20,-1124393.0945896069,3.981633553228347e+21,0.0,0.0,0.0,0.0,0.0,0.3333333333333333,0.3333333333333333,2.0,2.439403962906753e-18,1.4342893454267406e-23,0.0,8.162871712568798e-19,,0.0,0.0,0.0,0.0,0.0,2.439403962906753e-18,8.162871712568798e-19,4.405483463636979e-06,17.0,5.534674928078175e-17,1.623195570999753e-19,2.4435171198173103e-21,,,1.623195570999753e-19,2.4435171198173103e-21,10.0,,9.536544540177922e-08,3.4095948968030423,31432340108374.094,7.325334051522131e-05,0.0032058700872484914,7.325334051522131e-05,0.0032058700872484914,0.013069654074666348,0.0032791234277637126,False,False,1.0,1.3853516170641245,1.1951230339338625e-08,0.1911282462486355,0.7167985886672903,1.0,1.6823184200921635,1.9588272762582738e-07,0.2877764616202348,0.5802514533997898,0.17360711802829587,0.28671134416213456,0.005232419829589477,0.023568645838229083,True,AP3.8,119.0,8.3,6.863735268152632e+19,$(U_{0.8}Pu_{0.2})N$
Kd_1p0e6_AP3p8,rizk2025_refit_plot,rizk2025_refit_full,1700.0,1.1,35000000000000.0,3.841828505602846e+22,4.529968818903326e+25,3.8682467022157374e+25,1.0945827663780628e+23,3.1215109689688457e+19,2.203553403092868,59.57587147192363,0.49057787277292775,2.764806147004049,3.255384019776977,1.8484609312192548,5.103844950996232,2853403680837.914,7.133509202094785e+17,275.52617431966837,0.5,8060639.860303873,8057310.727308009,1.0004131816568251,1007509907.5369712,1007463670.6712205,37270752.47840492,37263407.90576973,1.0000458943256185,1.0001970987906892,0.04251421536200023,50.12927299309045,42.80656284670397,7.021649944843587,6.825706300416017,0.1959436444275701,6.345165889754661e+24,6.16809996668781e+24,1.770659230668511e+23,9.036573938600132e+25,9.018867346293447e+25,1.0727075816463238,3.3449017276124304e+16,0.0024224719260076896,8.070092393670593e-07,2.789855922209286e-06,2.789855922209286e-06,0.03124351595396576,0.03124351595396576,6.357226388699509e+20,4.006569850156773e-05,4.881873557157333e-18,2.8987370337520676e-19,2.8987370337520674e-18,2.8708990269161864e-13,1.6472964643566316e+19,35000000000000.0,35000000000000.0,0.0,0.016193506382346002,0.0048984684841975705,1.341862318246121e-05,4.847788820738328e-06,1.341862318246121e-05,4.847788820738328e-06,2.5622615256175325e-29,1.2115640069137891e+19,2.5436956210889023e+19,331.0818750031642,4.440620075203689e-20,-723634.584205166,4.279958949327236e+21,4.5360769600009095e+21,0.0,0.0,0.0,0.0,0.3333333333333333,0.3333333333333333,2.0,4.065586385900453e-18,8.463999134962283e-24,0.0,8.162871712568798e-19,,0.0,0.0,0.0,0.0,0.0,4.065586385900453e-18,8.162871712568798e-19,1.7337604171564793e-06,17.0,8.299185047167466e-17,2.8708990269161863e-19,2.7838006835881095e-21,,,2.8708990269161863e-19,2.7838006835881095e-21,10.0,,9.536544540177922e-08,3.4095948968030423,31280745218102.668,0.00011448551271392707,0.0047839829714836435,0.00011448551271392707,0.0047839829714836435,0.016193506382346002,0.0048984684841975705,False,False,1.0,1.3720535522141504,1.2971848671942912e-08,0.18605307938632792,0.7241405642083175,1.0,1.7395145251240214,1.9702170258710604e-07,0.30343864295407913,0.55881159361681,0.16991666882150439,0.3023812760700837,0.004905778727729277,0.02764806147004049,True,AP3.8,119.0,8.3,6.863735268152632e+19,$(U_{0.8}Pu_{0.2})N$
Kd_1p0e6_AP3p8,rizk2025_refit_plot,rizk2025_refit_full,1725.0,1.1,35000000000000.0,2.7532876218045454e+22,4.102994135141733e+25,4.2657949165376314e+25,8.336681829282359e+22,3.054950140256295e+19,2.3481152397789726,63.42139535998695,0.45210577842340605,3.264375536002141,3.7164813144255473,1.9080311551750777,5.624512469600624,2678014013365.72,6.6950350334143e+17,284.4055374875377,0.5,7809153.4589031795,7805755.188916735,1.0004353544153255,945491070.1520667,945439117.4638295,35011234.72902716,35003960.21561858,1.0000549508554042,1.0002078197256472,0.030468268621626094,45.4043110034834,47.20588738079259,7.359333347102373,6.735574948173373,0.6237583989289994,6.650315992989618e+24,6.086652103815144e+24,5.6366388917447413e+23,9.036573938600132e+25,8.980207549682684e+25,1.0866505349335343,2.636620477867348e+16,0.0020362953128184786,7.162072557676354e-07,4.11619641583792e-06,4.11619641583792e-06,0.03728388717106288,0.03728388717106288,6.268432870529991e+20,4.361472552074914e-05,7.492536269461473e-18,5.026022153000994e-19,5.026022153000994e-18,4.994440127391286e-13,1.6472964643566316e+19,35000000000000.0,35000000000000.0,0.0,0.02006167300492794,0.0074887885136337195,1.3122372914293906e-05,4.812728840218317e-06,1.3122372914293906e-05,4.812728840218317e-06,3.7838582563627067e-29,1.2872411489109342e+19,3.6985747719193756e+19,398.79385038947765,5.177612447690862e-20,-743249.4745689871,4.6143951586767174e+21,4.898613308576378e+21,0.0,0.0,0.0,0.0,0.3333333333333333,0.3333333333333333,2.0,6.676249098204593e-18,4.979302940985348e-24,0.0,8.162871712568798e-19,,0.0,0.0,0.0,0.0,0.0,6.676249098204593e-18,8.162871712568798e-19,6.645684134063239e-07,17.0,1.2737311658084505e-16,4.994440127391286e-19,3.1582025609706965e-21,,,4.994440127391286e-19,3.1582025609706965e-21,10.0,,9.536544540177922e-08,3.4095948968030423,31125111727209.008,0.00018302213505081032,0.007305766378582909,0.00018302213505081032,0.007305766378582909,0.02006167300492794,0.0074887885136337195,False,False,1.0,1.356665903818619,1.4204536234988127e-08,0.18008235301126654,0.7327964746708721,1.0,1.8057875308573461,1.9844202286684412e-07,0.3206422885666028,0.5355194208230185,0.16535348501982491,0.3195950455659479,0.004521057784234061,0.03264375536002141,True,AP3.8,119.0,8.3,6.863735268152632e+19,$(U_{0.8}Pu_{0.2})N$
Kd_1p0e6_AP3p8,rizk2025_refit_plot,rizk2025_refit_full,1750.0,1.1,35000000000000.0,1.9505858741783354e+22,3.6404900227160896e+25,4.699128548762057e+25,6.21695031856847e+22,2.976657030134588e+19,2.503537562979427,67.63448339180664,0.408628206849691,3.857642155123632,4.266270361973323,1.9706587753910476,6.2369291373643705,2510503930278.36,6.2762598256959e+17,293.7406271902285,0.5,7561196.652432496,7557687.954966858,1.0004642554027825,886805484.7354506,886745233.156401,32831181.540963724,32823493.115775537,1.0000679468880087,1.0002342354349998,0.021585458022385234,40.28617535198349,52.00121838974302,7.691020800251159,6.647761027069397,1.043259773181761,6.950047812478114e+24,6.007298404725696e+24,9.427494077524185e+23,9.036573938600132e+25,8.942298997824895e+25,1.1035482631691282,2.0532452113568776e+16,0.0017109599751148538,6.33514365007919e-07,6.35867867177426e-06,6.35867867177426e-06,0.044622624236492714,0.044622624236492714,6.118004004409556e+20,4.769633810493596e-05,1.1625332016342075e-17,8.588030780930961e-19,8.588030780930961e-18,8.552344067970446e-13,1.6472964643566316e+19,35000000000000.0,35000000000000.0,0.0,0.024621558487437887,0.011575387468408256,1.282164873059115e-05,4.778794148745471e-06,1.282164873059115e-05,4.778794148745471e-06,5.853640858155954e-29,1.3574534106297657e+19,5.607285091880534e+19,480.7352797833942,6.038459053125346e-20,-761833.2689974111,4.973151005747158e+21,5.286291981511017e+21,0.0,0.0,0.0,0.0,0.3333333333333333,0.3333333333333333,2.0,1.0809044845085196e-17,2.9228774848067563e-24,0.0,8.162871712568798e-19,,0.0,0.0,0.0,0.0,0.0,1.0809044845085196e-17,8.162871712568798e-19,2.514231404916419e-07,17.0,1.976306442778153e-16,8.552344067970446e-19,3.568671296051523e-21,,,8.552344067970446e-19,3.568671296051523e-21,10.0,,9.536544540177922e-08,3.4095948968030423,30973623634138.945,0.0002950163145157476,0.011280371153892509,0.0002950163145157476,0.011280371153892509,0.024621558487437887,0.011575387468408256,False,False,1.0,1.3393206030441414,1.5664140459446416e-08,0.1732216045088611,0.7427664130878391,1.0,1.8804616151476563,2.0016630330950436e-07,0.33892324104530014,0.5110810191041241,0.15987336423113413,0.3378889425153428,0.00408628206849691,0.03857642155123632,True,AP3.8,119.0,8.3,6.863735268152632e+19,$(U_{0.8}Pu_{0.2})N$
Kd_1p0e6_AP3p8,rizk2025_refit_plot,rizk2025_refit_full,1775.0,1.1,35000000000000.0,1.3734886022362538e+22,3.1576274522725525e+25,5.1544901318682354e+25,4.557534006591364e+22,2.887333266477192e+19,2.6648630631996846,72.14894060389565,0.3612794166084273,4.542295663050927,4.903575079659355,2.0344312810196237,6.938006360678978,2355579245000.5454,5.888948112501363e+17,303.24637016042556,0.5,7324421.5629133275,7320780.126158015,1.000497411026224,833134766.3611472,833063443.5431215,30778159.48902426,30769682.568008937,1.0000856151096036,1.000275495887765,0.015199218327305834,34.94275013658224,57.040313805773216,8.001736839317248,6.561991941339148,1.4397448979781,7.230828658571083e+24,5.929792536240943e+24,1.3010361223301404e+24,9.036573938600132e+25,8.90647032636712e+25,1.1235202615622328,1.5832515304557808e+16,0.0014457609430137907,5.602366715674389e-07,1.0071966243438755e-05,1.0071966243438755e-05,0.053320298052542826,0.053320298052542826,5.881832421033377e+20,5.2399321277620926e-05,1.8080532706453782e-17,1.4464755034747645e-18,1.4464755034747646e-17,1.4424583518951984e-12,1.6472964643566316e+19,35000000000000.0,35000000000000.0,0.0,0.029738783794939508,0.017939490079768538,1.2527864387859433e-05,4.746740974227581e-06,1.2527864387859433e-05,4.746740974227581e-06,9.291724614368043e-29,1.4117462528879753e+19,8.680720308994933e+19,576.6599012854434,7.011248016160773e-20,-778819.740358896,5.342936707409325e+21,5.685277189854558e+21,0.0,0.0,0.0,0.0,0.3333333333333333,0.3333333333333333,2.0,1.7264245535196902e-17,1.713388417816599e-24,0.0,8.162871712568798e-19,,0.0,0.0,0.0,0.0,0.0,1.7264245535196902e-17,8.162871712568798e-19,9.47642663871851e-08,17.0,3.0736905600971428e-16,1.4424583518951983e-18,4.0171515795662504e-21,,,1.4424583518951983e-18,4.0171515795662504e-21,10.0,,9.536544540177922e-08,3.4095948968030423,30833781161156.5,0.0004746740577166536,0.017464816022051886,0.0004746740577166536,0.017464816022051886,0.029738783794939508,0.017939490079768538,False,False,1.0,1.3201450544102098,1.7372566937752704e-08,0.16546978946018998,0.7540606180124162,1.0,1.9626251426057504,2.0220866590095052e-07,0.35781829999708753,0.4861789926316059,0.15344323274582888,0.35680023617184714,0.003612794166084273,0.04542295663050927,True,AP3.8,119.0,8.3,6.863735268152632e+19,$(U_{0.8}Pu_{0.2})N$
Kd_1p0e6_AP3p8,rizk2025_refit_plot,rizk2025_refit_full,1800.0,1.1,35000000000000.0,9.640863979528757e+21,2.6712817351331513e+25,5.616069598804475e+25,3.2935316110999877e+22,2.788542600974994e+19,2.826645916537374,76.88988867448515,0.31157648511053804,5.309744078825401,5.621320563935939,2.0943309748506547,7.7156515387865925,2222762887448.9043,5.5569072186222605e+17,312.1748431432423,0.5,7115187.652812479,7111399.424909287,1.0005326979511124,785468271.7934877,785383123.8684074,28882006.13728835,28872456.941619642,1.0001084157814097,1.0003307372035577,0.010668715870676799,29.56077992924565,62.148217200051675,8.280334154831998,6.477831349259873,1.8025028055721242,7.482585182645537e+24,5.853740194936869e+24,1.6288449877086679e+24,9.036573938600132e+25,8.873689439829265e+25,1.1465274513279027,1.2094509047382716e+16,0.0012348209148357583,4.966229244733638e-07,1.603686025105764e-05,1.603686025105764e-05,0.0633691187313792,0.0633691187313792,5.542272449765224e+20,5.787493214853748e-05,2.80344615729556e-17,2.4023187514376478e-18,2.4023187514376478e-17,2.3978131732901632e-12,1.6472964643566316e+19,35000000000000.0,35000000000000.0,0.0,0.03519472555068749,0.027730160840037744,1.225080691468086e-05,4.7170549720982286e-06,1.225080691468086e-05,4.7170549720982286e-06,1.4838926279151576e-28,1.4371196288164299e+19,1.3457088554400794e+20,681.9531303813526,8.049149080917089e-20,-796190.7272117909,5.709446788869479e+21,6.080374580491657e+21,0.0,0.0,0.0,0.0,0.3333333333333333,0.3333333333333333,2.0,2.721817440169872e-17,1.0037403008245757e-24,0.0,8.162871712568798e-19,,0.0,0.0,0.0,0.0,0.0,2.721817440169872e-17,8.162871712568798e-19,3.580380162509945e-08,17.0,4.765858467402452e-16,2.397813173290163e-18,4.50557814748474e-21,,,2.397813173290163e-18,4.50557814748474e-21,10.0,,9.536544540177922e-08,3.4095948968030423,30711952493333.15,0.0007573843136492564,0.02697277652638849,0.0007573843136492564,0.02697277652638849,0.03519472555068749,0.027730160840037744,False,False,1.0,1.299309898558158,1.93595567312093e-08,0.15683931148264266,0.7666700441378632,1.0,2.050982335277746,2.045675461789337e-07,0.37685675429934956,0.4614756576009059,0.14605672486341748,0.37585863288531157,0.0031157648511053807,0.053097440788254006,True,AP3.8,119.0,8.3,6.863735268152632e+19,$(U_{0.8}Pu_{0.2})N$
Kd_1p0e6_AP3p4,rizk2025_refit_plot,rizk2025_refit_full,900.0,1.3,35000000000000.0,1.5668833074711436e+23,7.575493440550509e+25,2.4644540626708424e+25,3.7700032962507356e+23,3.4469290425856406e+19,1.6534603630422253,29.762885708911934,0.7138577921892989,0.3806677301347538,1.0945255223240529,0.053043340987166836,1.1475688633112195,8666930633942.847,2.1667326584857116e+18,58.24639161820287,0.06787102928516418,1336302345881.3594,38113949.0073788,35060.71610744542,1345878372.015491,1342638777.2098694,178883515.99501604,74589541.54217859,1.0024128565781139,2.398238577372965,0.14671758855727904,70.93432704461465,23.076304116662143,5.842651250165941,5.842651250165941,0.0,6.239710456859353e+24,6.239710456859353e+24,0.0,1.0679587381981997e+26,1.0679587381981999e+26,1.0095815467761977,1.0167035295285194e+17,0.005001713574741038,1.3986964035550124e-06,3.2910450220664224e-07,3.2910450220664224e-07,0.004222615976663695,0.004222615976663695,3.075639322048034e+20,8.305183220945866e-06,8.917422879279335e-19,5.811156342883063e-25,5.8111563428830635e-24,5.119872410101689e-28,1.7995675661038836e+19,35000000000000.0,35000000000000.0,0.0,0.007869778335393629,0.0009320215536190417,1.6062590206896075e-05,5.912045601560605e-06,1.6062590206896075e-05,5.912045601560605e-06,4.8789343163567226e-30,5.448377536649433e+18,4.774820595714272e+18,0.0002090596130537642,1.097495313024059e-21,-151212.20065325135,2.0806221965703386e+21,0.0,0.0,0.0,0.0,0.0,0.3333333333333333,0.3333333333333333,2.0,2.4966082885114063e-31,1.092543251978497e-24,0.0,8.91742287927684e-19,,0.0,0.0,0.0,0.0,0.0,2.4966082885114063e-31,8.91742287927684e-19,1.2251782457431146e-06,17.0,1.515961889477487e-17,5.119872410101689e-34,5.811156337763191e-25,,,5.119872410101689e-34,5.811156337763191e-25,10.0,,9.536544540177922e-08,3.4095948968030423,32948239980818.582,1.157708957822036e-05,0.0009204444640408213,1.157708957822036e-05,0.0009204444640408213,0.007869778335393629,0.0009320215536190417,False,False,1.0,1.4563270798964136,8.58823516967187e-09,0.21697502113628728,0.6796448606540849,1.0,1.3002609179740467,1.906160704904328e-07,0.15723810518894488,0.7660866056569918,0.19254721209468234,0.15614042392810232,0.007138577921892989,0.003806677301347538,True,AP3.4,130.0,8.3,7.498198192099515e+19,$(U_{0.8}Pu_{0.2})N$
Kd_1p0e6_AP3p4,rizk2025_refit_plot,rizk2025_refit_full,925.0,1.3,35000000000000.0,1.5657509369837646e+23,7.565178264326064e+25,2.475345511337428e+25,3.762383646013194e+23,3.4414169640076816e+19,1.655439298423755,30.779623656809004,0.7149760090873072,0.4203546158210119,1.1353306249083193,0.05300489307406265,1.1883355179823818,8667497633834.159,2.1668744084585398e+18,58.231045301762975,0.0678397075670654,517828133139.1213,38123993.62737849,13582.735801509694,1343070351.0135756,1341033767.9634633,150572080.6146953,72125638.20639491,1.0015186664935403,2.0876360245689316,0.1466115572616047,70.83773926593466,23.178287913198712,5.837361263605041,5.837361263605041,0.0,6.234060969486688e+24,6.234060969486688e+24,0.0,1.0679587381981997e+26,1.0679587381981999e+26,1.010588041035037,1.0152353296210467e+17,0.004998394600330915,1.3903156918217851e-06,3.802429888438443e-07,3.802429888438443e-07,0.004657313566938318,0.004657313566938318,3.51601061045845e+20,8.80576309538536e-06,8.917422879291166e-19,9.880133285659924e-25,9.880133285659924e-24,3.600113810511962e-27,1.7995675661038836e+19,35000000000000.0,35000000000000.0,0.0,0.007862209576286762,0.0009305319125595409,1.605704034972034e-05,5.872325590497313e-06,1.605704034972034e-05,5.872325590497313e-06,5.656061671446841e-30,5.63045480539572e+18,5.679480772393125e+18,0.0005540612051591326,1.0972612061862756e-21,-151205.52072105822,2.0794353647355618e+21,0.0,0.0,0.0,0.0,0.0,0.3333333333333333,0.3333333333333333,2.0,1.4326320272288242e-30,7.793235501843722e-24,0.0,8.91742287927684e-19,,0.0,0.0,0.0,0.0,0.0,1.4326320272288242e-30,8.91742287927684e-19,8.739336024920236e-06,17.0,1.5159618894794982e-17,3.600113810511962e-33,9.880133249658786e-25,,,3.600113810511962e-33,9.880133249658786e-25,10.0,,9.536544540177922e-08,3.4095948968030423,32881544720801.85,1.195065222416039e-05,0.0009185812603353806,1.195065222416039e-05,0.0009185812603353806,0.007862209576286762,0.0009305319125595409,False,False,1.0,1.4565667733312708,8.59402997360338e-09,0.21705896484646006,0.6795248752556104,1.0,1.3128788855499502,1.907177735613935e-07,0.16248501978576635,0.7584173848316248,0.1926476976643129,0.1613882603463953,0.007149760090873072,0.004203546158210119,True,AP3.4,130.0,8.3,7.498198192099515e+19,$(U_{0.8}Pu_{0.2})N$
Kd_1p0e6_AP3p4,rizk2025_refit_plot,rizk2025_refit_full,950.0,1.3,35000000000000.0,1.564660873434553e+23,7.5553809150515995e+25,2.4857084453291818e+25,3.754947556035423e+23,3.4354269706242826e+19,1.6574135394947795,31.81723076669066,0.7161188934846012,0.46350717755931004,1.1796260710439113,0.05298107321851485,1.232607144262426,8667841448717.432,2.166960362179358e+18,58.22155136580579,0.0678202784536615,211079137634.92282,38130210.3417298,5535.745429757499,1340760307.129864,1339436385.126135,129262984.83940879,69773514.11500305,1.0009884172316286,1.852608206408426,0.14650948744277906,70.74600024153195,23.27532287926152,5.832167391763756,5.832167391763756,0.0,6.228514128668707e+24,6.228514128668707e+24,0.0,1.0679587381981997e+26,1.0679587381981999e+26,1.0116840770096176,1.0138230212157259e+17,0.004994967892589438,1.3821098822592092e-06,4.3193522729266824e-07,4.3193522729266824e-07,0.005129467560390367,0.005129467560390367,3.978831761795637e+20,9.355863795004133e-06,8.917422879351825e-19,1.625942817432566e-24,1.625942817432566e-23,2.2845010932250072e-26,1.7995675661038836e+19,35000000000000.0,35000000000000.0,0.0,0.007854971165549094,0.0009290220160948943,1.6051507230516188e-05,5.834283833763184e-06,1.6051507230516188e-05,5.834283833763184e-06,6.445717209293239e-30,5.816742148800407e+18,6.598204471031376e+18,0.0013950267497080957,1.0972957032752466e-21,-151225.869771489,2.0782928016784606e+21,0.0,0.0,0.0,0.0,0.0,0.3333333333333333,0.3333333333333333,2.0,7.498646671560408e-30,4.074114265943587e-23,0.0,8.91742287927684e-19,,0.0,0.0,0.0,0.0,0.0,7.498646671560408e-30,8.91742287927684e-19,4.568712643848196e-05,17.0,1.5159618894898104e-17,2.284501093225007e-32,1.6259427945875551e-24,,,2.284501093225007e-32,1.6259427945875551e-24,10.0,,9.536544540177922e-08,3.4095948968030423,32813942995883.215,1.232928253034635e-05,0.000916692733564548,1.232928253034635e-05,0.000916692733564548,0.007854971165549094,0.0009290220160948943,False,False,1.0,1.456813616232948,8.59970032644995e-09,0.21714538995658578,0.6794013478486535,1.0,1.3259311871204371,1.9082854203228413e-07,0.16782778096125534,0.7506218609645069,0.19275029170640928,0.16673194684587925,0.007161188934846012,0.0046350717755931,True,AP3.4,130.0,8.3,7.498198192099515e+19,$(U_{0.8}Pu_{0.2})N$
Kd_1p0e6_AP3p4,rizk2025_refit_plot,rizk2025_refit_full,975.0,1.3,35000000000000.0,1.56360874173259e+23,7.546286480913929e+25,2.4953523084012533e+25,3.7477659123965006e+23,3.429048606558859e+19,1.6593941900960634,32.85665292031483,0.7173147507233758,0.5094859487366992,1.226800699460075,0.05298948313500396,1.279790182595079,8667693592061.6875,2.1669233980154217e+18,58.22496286002586,0.0678270695318677,90154278682.58173,38127976.23137916,2364.5178053899735,1338725623.7652009,1337837635.7166123,112955282.92045617,67566224.87944911,1.0006637487426588,1.6717714083033304,0.14641096943226695,70.6608430738214,23.36562471141228,5.827121245334055,5.827121245334055,0.0,6.223125052494879e+24,6.223125052494879e+24,0.0,1.0679587381981997e+26,1.0679587381981997e+26,1.0128537909698783,1.0124608100626944e+17,0.004991405569460669,1.3742124023732876e-06,4.824047811216764e-07,4.824047811216764e-07,0.005632136184588498,0.005632136184588498,4.4534789787804185e+20,9.954964448710117e-06,8.91742287963739e-19,2.5973524524958523e-24,2.5973524524958523e-23,1.3186026336093777e-25,1.7995675661038836e+19,35000000000000.0,35000000000000.0,0.0,0.007848259591013233,0.000927520565367574,1.6045959717397136e-05,5.798474236754987e-06,1.6045959717397136e-05,5.798474236754987e-06,7.220722390671031e-30,6.006919711923454e+18,7.498353390456741e+18,0.0033503359592029934,1.0979050617886288e-21,-151303.44408175058,2.0771905300359807e+21,0.0,0.0,0.0,0.0,0.0,0.3333333333333333,0.3333333333333333,2.0,3.605513394506346e-29,1.6237393506057197e-22,0.0,8.91742287927684e-19,,0.0,0.0,0.0,0.0,0.0,3.605513394506346e-29,8.91742287927684e-19,0.00018208616688050863,17.0,1.5159618895383565e-17,1.3186026336093777e-31,2.597352320635589e-24,,,1.3186026336093777e-31,2.597352320635589e-24,10.0,,9.536544540177922e-08,3.4095948968030423,32746719850597.15,1.2705782522253089e-05,0.0009148147828453209,1.2705782522253089e-05,0.0009148147828453209,0.007848259591013233,0.000927520565367574,False,False,1.0,1.45707528987769,8.605190910625598e-09,0.21723698278967468,0.6792704395263713,1.0,1.3391843036004374,1.9094677684627864e-07,0.17316713212813892,0.7428456707049724,0.19285752420020436,0.17207221016323812,0.007173147507233758,0.005094859487366992,True,AP3.4,130.0,8.3,7.498198192099515e+19,$(U_{0.8}Pu_{0.2})N$
Kd_1p0e6_AP3p4,rizk2025_refit_plot,rizk2025_refit_full,1000.0,1.3,35000000000000.0,1.5625902414510456e+23,7.53800548936018e+25,2.5041626686719376e+25,3.740888380314693e+23,3.4223835391546552e+19,1.6613864545723593,33.88119994128338,0.7185803801791415,0.5575626025311982,1.2761429827103397,0.05306595694913991,1.3292089396594797,8666511153941.396,2.1666277884853489e+18,58.25560844026546,0.06788922460344507,40205121689.381386,38107918.8671827,1055.0332551485703,1336846665.8236535,1336233357.3204844,100298278.66661373,65523063.05111074,1.0004589830809185,1.5307324474189625,0.14631560055282292,70.58330270397789,23.44812190868742,5.822259786781863,5.822259786781863,0.0,6.217933215353678e+24,6.217933215353678e+24,0.0,1.0679587381981997e+26,1.0679587381981995e+26,1.0140789717784886,1.0111430200667366e+17,0.004987701181624434,1.3667159424292644e-06,5.297761030518848e-07,5.297761030518848e-07,0.006157438195585682,0.006157438195585682,4.9284281621111026e+20,1.0600404862765741e-05,8.917422880879538e-19,4.0377712245259814e-24,4.0377712245259814e-23,6.972208708889678e-25,1.7995675661038836e+19,35000000000000.0,35000000000000.0,0.0,0.007842202403628562,0.0009260520922462523,1.6040383260480744e-05,5.765231810112993e-06,1.6040383260480744e-05,5.765231810112993e-06,7.952099746962336e-30,6.199533199363623e+18,8.345452520183017e+18,0.007703309047378837,1.0997288336809797e-21,-151501.94577549628,2.0761244808935448e+21,0.0,0.0,0.0,0.0,0.0,0.3333333333333333,0.3333333333333333,2.0,1.6026995865756309e-28,5.104196168274582e-22,0.0,8.91742287927684e-19,,0.0,0.0,0.0,0.0,0.0,1.6026995865756309e-28,8.91742287927684e-19,0.0005723846717215622,17.0,1.5159618897495216e-17,6.972208708889678e-31,4.0377705273051104e-24,,,6.972208708889678e-31,4.0377705273051104e-24,10.0,,9.536544540177922e-08,3.4095948968030423,32680973628205.86,1.3074000595338093e-05,0.0009129780916509142,1.3074000595338093e-05,0.0009129780916509142,0.007842202403628562,0.0009260520922462523,False,False,1.0,1.457356378359961,8.610462174569756e-09,0.21733534286807574,0.6791298652612643,1.0,1.3524223761009138,1.910706411871657e-07,0.178416824521556,0.7352144956453837,0.19297088343270666,0.17732278577295582,0.007185803801791415,0.005575626025311982,True,AP3.4,130.0,8.3,7.498198192099515e+19,$(U_{0.8}Pu_{0.2})N$
Kd_1p0e6_AP3p4,rizk2025_refit_plot,rizk2025_refit_full,1025.0,1.3,35000000000000.0,1.5616009690691737e+23,7.5305902137458795e+25,2.5120848807690764e+25,3.7343449392307785e+23,3.415540770070904e+19,1.663392237389285,34.876740549520534,0.7199246626117933,0.6069539677979553,1.3268786304097488,0.053281328603284564,1.3801599590130333,8663232081976.113,2.1658080204940283e+18,58.34167246174811,0.06806420269330471,18661705018.839848,38051703.11933635,490.43021702113293,1335057549.5064063,1334622075.3586767,90360280.25582294,63652737.18304848,1.0003262902328456,1.4195820047136483,0.14622296847384006,70.51386860180638,23.52230279053033,5.8176056391894475,5.8176056391894475,0.0,6.212962777763494e+24,6.212962777763494e+24,0.0,1.0679587381981997e+26,1.0679587381981997e+26,1.0153398943949834,1.0098638621037923e+17,0.0049838609018328945,1.359681793810842e-06,5.721759266613088e-07,5.721759266613088e-07,0.006696905413628442,0.006696905413628442,5.391735624165899e+20,1.1287878165402408e-05,8.917422885901033e-19,6.1223709373710644e-24,6.122370937371064e-23,3.398959714178951e-24,1.7995675661038836e+19,35000000000000.0,35000000000000.0,0.0,0.007836872328085184,0.0009246367196961529,1.6034772575075453e-05,5.734720649464382e-06,1.6034772575075453e-05,5.734720649464382e-06,8.610675657677973e-30,6.392711561600036e+18,9.105185021386375e+18,0.017016045139794447,1.1040431922334962e-21,-151948.7804972845,2.07509034182911e+21,0.0,0.0,0.0,0.0,0.0,0.3333333333333333,0.3333333333333333,2.0,6.624193185834588e-28,1.30323517274453e-21,0.0,8.91742287927684e-19,,0.0,0.0,0.0,0.0,0.0,6.624193185834588e-28,8.91742287927684e-19,0.0014614482114614314,17.0,1.5159618906031757e-17,3.398959714178951e-30,6.1223675384113506e-24,,,3.398959714178951e-30,6.1223675384113506e-24,10.0,,9.536544540177922e-08,3.4095948968030423,32617605238832.39,1.3428891535255662e-05,0.0009112078281608972,1.3428891535255662e-05,0.0009112078281608972,0.007836872328085184,0.0009246367196961529,False,False,1.0,1.4576593041229693,8.61548939225063e-09,0.21744131137438902,0.6789784242413432,1.0,1.3654519041191446,1.911981444586429e-07,0.1835045746224766,0.7278327980662929,0.1930911417372656,0.18241137552709497,0.007199246626117934,0.006069539677979553,True,AP3.4,130.0,8.3,7.498198192099515e+19,$(U_{0.8}Pu_{0.2})N$
Kd_1p0e6_AP3p4,rizk2025_refit_plot,rizk2025_refit_full,1050.0,1.3,35000000000000.0,1.560636514570305e+23,7.524049838584989e+25,2.5191086970879135e+25,3.728149242242703e+23,3.4086314256840036e+19,1.6654116121649858,35.83174021328227,0.7213510429980065,0.6568593029926496,1.378210345990656,0.05377105139188526,1.4319813973825413,8655864863953.496,2.163966215988374e+18,58.53647005028612,0.06846121296633821,8989695661.908018,37925074.711421706,237.0383112047143,1333321262.3045096,1333003795.4485412,82485112.37965038,61956242.89487007,1.0002381590037872,1.3313446478608226,0.14613266025645558,70.45262676795122,23.588071401878434,5.813169169913891,5.813169169913891,0.0,6.208224811633915e+24,6.208224811633915e+24,0.0,1.0679587381981997e+26,1.0679587381981997e+26,1.0166162488216552,1.0086175586278512e+17,0.004979897874419762,1.3531477778658674e-06,6.078602589420636e-07,6.078602589420636e-07,0.007241872225707502,0.007241872225707502,5.8316208747007646e+20,1.201217964747708e-05,8.917422904866655e-19,9.072820167908718e-24,9.072820167908718e-23,1.5366002896313798e-23,1.7995675661038836e+19,35000000000000.0,35000000000000.0,0.0,0.007832300371428144,0.000923290204839854,1.6029127512427753e-05,5.70697823560851e-06,1.6029127512427753e-05,5.70697823560851e-06,9.169084180369087e-30,6.584820797289446e+18,9.745775755214393e+18,0.036233862891334234,1.1132952509987565e-21,-152887.56403273498,2.0740836875488922e+21,0.0,0.0,0.0,0.0,0.0,0.3333333333333333,0.3333333333333333,2.0,2.558981501392922e-27,2.7724222720096643e-21,0.0,8.91742287927684e-19,,0.0,0.0,0.0,0.0,0.0,2.558981501392922e-27,8.91742287927684e-19,0.003108994943479269,17.0,1.5159618938273313e-17,1.5366002896313797e-29,9.072804801905822e-24,,,1.5366002896313797e-29,9.072804801905822e-24,10.0,,9.536544540177922e-08,3.4095948968030423,32557320068789.133,1.3766505705854118e-05,0.0009095236991339998,1.3766505705854118e-05,0.0009095236991339998,0.007832300371428144,0.000923290204839854,False,False,1.0,1.457984989162666,8.62026028234492e-09,0.2175552032937024,0.678815667932465,1.0,1.3781048919220529,1.9132723595055523e-07,0.18837215052933826,0.7207838792201033,0.19321858086846788,0.18727973451725244,0.007213510429980065,0.006568593029926496,True,AP3.4,130.0,8.3,7.498198192099515e+19,$(U_{0.8}Pu_{0.2})N$
Kd_1p0e6_AP3p4,rizk2025_refit_plot,rizk2025_refit_full,1075.0,1.3,35000000000000.0,1.559692613882654e+23,7.518363000105554e+25,2.5252554434255806e+25,3.722302194382255e+23,3.4017632618679706e+19,1.6674436739570535,36.73723535673501,0.7228592701515917,0.706499904688411,1.4293591748400027,0.05478573216345131,1.484144907003454,8640826977933.039,2.1602067444832596e+18,58.93653006563541,0.06927962013256898,4482497031.054638,37667640.044767976,119.00127073868158,1331616697.710952,1331379305.1441798,76201157.558705,60429152.55987027,1.0001783057359048,1.2609999367972038,0.14604427662758585,70.39937715936588,23.645627430195013,5.808951133811556,5.808951133811556,0.0,6.203720123120391e+24,6.203720123120391e+24,0.0,1.0679587381981997e+26,1.0679587381982e+26,1.0178881440467464,1.0073985412642102e+17,0.004975828591378617,1.3471340476782635e-06,6.353625429849845e-07,6.353625429849845e-07,0.007783895166920706,0.007783895166920706,6.237140972098962e+20,1.2767731773223609e-05,8.917422972109765e-19,1.3164266191182678e-23,1.3164266191182677e-22,6.475908336901747e-23,1.7995675661038836e+19,35000000000000.0,35000000000000.0,0.0,0.007828486801611629,0.0009220241152633335,1.6023450665755154e-05,5.681951346565267e-06,1.6023450665755154e-05,5.681951346565267e-06,9.604100927401006e-30,6.774813801791175e+18,1.0240680976704377e+19,0.07464380581437147,1.132012670732531e-21,-154763.79421211703,2.0731001651894367e+21,0.0,0.0,0.0,0.0,0.0,0.3333333333333333,0.3333333333333333,2.0,9.283292620781236e-27,5.0239680634734576e-21,0.0,8.91742287927684e-19,,0.0,0.0,0.0,0.0,0.0,9.283292620781236e-27,8.91742287927684e-19,0.005633878845027849,17.0,1.51596190525866e-17,6.475908336901747e-29,1.3164201432099309e-23,,,6.475908336901747e-29,1.3164201432099309e-23,10.0,,9.536544540177922e-08,3.4095948968030423,32500635803071.383,1.408394511842726e-05,0.0009079401701449063,1.408394511842726e-05,0.0009079401701449063,0.007828486801611629,0.0009220241152633335,False,False,1.0,1.4583333260603297,8.624772403081089e-09,0.21767697281939635,0.6786416635597805,1.0,1.39024129734144,1.914559061467594e-07,0.19297508426861124,0.7141305101476774,0.1933531499508072,0.19188338410818737,0.007228592701515917,0.007064999046884109,True,AP3.4,130.0,8.3,7.498198192099515e+19,$(U_{0.8}Pu_{0.2})N$
Kd_1p0e6_AP3p4,rizk2025_refit_plot,rizk2025_refit_full,1100.0,1.3,35000000000000.0,1.558765278588523e+23,7.513487366828897e+25,2.5305681622802546e+25,3.716795037404116e+23,3.3950351074546553e+19,1.6694870436986868,37.58679200448277,0.7244466039551025,0.75515944911134,1.4796060530664426,0.056774684746378215,1.5363807378128207,8611902091956.954,2.1529755229892385e+18,59.70798179531626,0.07086714392179508,2307965563.156129,37180958.61304336,62.073858481595934,1329931708.4689417,1329749762.5867598,71162478.639904,59063300.739664964,1.0001368271589897,1.204851028451135,0.1459574441254523,70.35372339857655,23.695373910697036,5.804945246600985,5.804945246600985,0.0,6.199442000869624e+24,6.199442000869624e+24,0.0,1.0679587381981997e+26,1.0679587381981999e+26,1.0191371474046702,1.0062016223011904e+17,0.004971670579593769,1.3416467990444307e-06,6.5365234093998e-07,6.5365234093998e-07,0.008315186939613256,0.008315186939613256,6.598922594877069e+20,1.3548682731231648e-05,8.91742319689036e-19,1.8732291689893137e-23,1.8732291689893138e-22,2.556484784617257e-22,1.7995675661038836e+19,35000000000000.0,35000000000000.0,0.0,0.007825409676924034,0.0009208460574804071,1.6017745953009634e-05,5.659522881100461e-06,1.6017745953009634e-05,5.659522881100461e-06,9.899140902504461e-30,6.962254382181778e+18,1.0571398796327856e+19,0.14936089096708674,1.1683071866622529e-21,-158351.8617559462,2.072135656873539e+21,0.0,0.0,0.0,0.0,0.0,0.3333333333333333,0.3333333333333333,2.0,3.1761352235744896e-26,7.906038402206534e-21,0.0,8.91742287927684e-19,,0.0,0.0,0.0,0.0,0.0,3.1761352235744896e-26,8.91742287927684e-19,0.00886583290671176,17.0,1.5159619434713612e-17,2.556484784617257e-28,1.8732036041414675e-23,,,2.556484784617257e-28,1.8732036041414675e-23,10.0,,9.536544540177922e-08,3.4095948968030423,32447892427045.582,1.4379307347311246e-05,0.0009064667501330958,1.4379307347311246e-05,0.0009064667501330958,0.007825409676924034,0.0009208460574804071,False,False,1.0,1.4587035090467708,8.629030875120979e-09,0.21780632965280708,0.6784568277979698,1.0,1.4017511818798467,1.9158229169178366e-07,0.19728227259655234,0.7079157332370117,0.1934945751788228,0.1961912136027411,0.007244466039551025,0.0075515944911134,True,AP3.4,130.0,8.3,7.498198192099515e+19,$(U_{0.8}Pu_{0.2})N$
Kd_1p0e6_AP3p4,rizk2025_refit_plot,rizk2025_refit_full,1125.0,1.3,35000000000000.0,1.5578508764442726e+23,7.509366554309933e+25,2.5351044592070683e+25,3.711611727584384e+23,3.3885315723781313e+19,1.6715401728306576,38.37646181293532,0.7261086383753682,0.8022226890425959,1.528331327417964,0.06051990345468142,1.5888512308726455,8558827853684.75,2.1397069634211873e+18,61.11884721155375,0.07379818194368726,1224407900.718686,36322674.61321386,33.709188922812906,1328259284.3967738,1328116449.7773077,67109939.70204861,57847959.27309064,1.0001075467587877,1.1601090262360632,0.14587182263919593,70.31513752094314,23.737850242081027,5.801140414336642,5.801140414336642,0.0,6.195378597005541e+24,6.195378597005541e+24,0.0,1.0679587381981997e+26,1.0679587381981997e+26,1.0203472976883905,1.0050221128864363e+17,0.0049674409241636415,1.3366803157466495e-06,6.622857511512857e-07,6.622857511512857e-07,0.008829039352867975,0.008829039352867975,6.90989119471215e+20,1.4349396289502886e-05,8.917423908131057e-19,2.617975259794079e-23,2.617975259794079e-22,9.494708146321283e-22,1.7995675661038836e+19,35000000000000.0,35000000000000.0,0.0,0.007823031156164728,0.0009197599310356763,1.6012017760588226e-05,5.639530842467206e-06,1.6012017760588226e-05,5.639530842467206e-06,1.004662874826229e-29,7.14715717568632e+18,1.0730077830459947e+19,0.2916911492533671,1.2362815079465045e-21,-164918.04403735566,2.0711864035771018e+21,0.0,0.0,0.0,0.0,0.0,0.3333333333333333,0.3333333333333333,2.0,1.028854216590493e-25,1.098777627543975e-20,0.0,8.91742287927684e-19,,0.0,0.0,0.0,0.0,0.0,1.028854216590493e-25,8.91742287927684e-19,0.012321693337266282,17.0,1.5159620643822797e-17,9.494708146321284e-28,2.617880312712616e-23,,,9.494708146321284e-28,2.617880312712616e-23,10.0,,9.536544540177922e-08,3.4095948968030423,32399262943332.66,1.4651625607237568e-05,0.0009051083054284388,1.4651625607237568e-05,0.0009051083054284388,0.007823031156164728,0.0009197599310356763,False,False,1.0,1.4590942618623346,8.633046609029749e-09,0.21794281909771052,0.6782618122247175,1.0,1.4125565836926022,1.917047777957122e-07,0.20127554870548453,0.7021636990091268,0.193642434717322,0.20018505281135932,0.007261086383753682,0.008022226890425959,True,AP3.4,130.0,8.3,7.498198192099515e+19,$(U_{0.8}Pu_{0.2})N$
Kd_1p0e6_AP3p4,rizk2025_refit_plot,rizk2025_refit_full,1150.0,1.3,35000000000000.0,1.556946143313537e+23,7.505934942279066e+25,2.538931491810076e+25,3.706730638970922e+23,3.382318449909735e+19,1.6736015344290387,39.10472263954294,0.7278398554424798,0.8472093372643813,1.575049192706861,0.06734299637023385,1.6423921890770952,8466015288462.434,2.1165038221156083e+18,63.56503713670788,0.0789581058889381,668058100.3145274,34924859.63982837,19.12844052070786,1326595390.1878223,1326480619.3891122,63845077.36078619,56770636.64313329,1.000086522785959,1.1246144333755432,0.1457871065262624,70.28300508072681,23.773685265159397,5.7975225475875245,5.7975225475875245,0.0,6.191514864597185e+24,6.191514864597185e+24,0.0,1.0679587381981997e+26,1.0679587381981997e+26,1.0215060077326652,1.0038558803221168e+17,0.004963155294931276,1.3322179354466105e-06,6.615196468710812e-07,6.615196468710812e-07,0.009320199661634356,0.009320199661634356,7.165907439890924e+20,1.5164405764367358e-05,8.917426046035813e-19,3.5983582073279434e-23,3.5983582073279434e-22,3.330768464716398e-21,1.7995675661038836e+19,35000000000000.0,35000000000000.0,0.0,0.007821302149369947,0.0009187662275725673,1.600627040652542e-05,5.621781475189559e-06,1.600627040652542e-05,5.621781475189559e-06,1.0049808961963101e-29,7.32979295253664e+18,1.0721446965578748e+19,0.5592033925817034,1.359757703954361e-21,-176373.7529796896,2.070249098244027e+21,0.0,0.0,0.0,0.0,0.0,0.3333333333333333,0.3333333333333333,2.0,3.1667589742037936e-25,1.3686836891524853e-20,0.0,8.91742287927684e-19,,0.0,0.0,0.0,0.0,0.0,3.1667589742037936e-25,8.91742287927684e-19,0.015348416483486569,17.0,1.515962427826088e-17,3.330768464716398e-27,3.5980251304814716e-23,,,3.330768464716398e-27,3.5980251304814716e-23,10.0,,9.536544540177922e-08,3.4095948968030423,32354764966202.953,1.49008043642236e-05,0.0009038654232083437,1.49008043642236e-05,0.0009038654232083437,0.007821302149369947,0.0009187662275725673,False,False,1.0,1.4595039921085093,8.636835024964501e-09,0.21808587636465107,0.6780574256474138,1.0,1.422612837481692,1.9182208956508658e-07,0.2049491761403225,0.6968805952746886,0.19379620923260021,0.20385916664270134,0.007278398554424798,0.008472093372643813,True,AP3.4,130.0,8.3,7.498198192099515e+19,$(U_{0.8}Pu_{0.2})N$
Kd_1p0e6_AP3p4,rizk2025_refit_plot,rizk2025_refit_full,1175.0,1.3,35000000000000.0,1.5560480823257028e+23,7.503121024347211e+25,2.542122466987731e+25,3.702125703139766e+23,3.376439322262648e+19,1.6756697573354973,39.77237345462823,0.729634002357891,0.889799351426712,1.619433353784603,0.07940449949676096,1.698837853281364,8312354351763.086,2.0780885879407713e+18,67.56485729489212,0.08758844968614421,374452607.6275061,32857317.973908182,11.3963229720958,1324937699.9869688,1324843388.9085932,61212322.88132309,55817639.410746895,1.0000711865864034,1.0966483629104804,0.1457030151699475,70.25665651658095,23.80356446426627,5.79407600398286,5.79407600398286,0.0,6.187834098238002e+24,6.187834098238002e+24,0.0,1.0679587381981997e+26,1.0679587381981999e+26,1.0226047543116834,1.0026993292792218e+17,0.004958827205209926,1.328232553601887e-06,6.523548339527187e-07,6.523548339527187e-07,0.009785156864590657,0.009785156864590657,7.366195330825374e+20,1.5988667750768898e-05,8.917432171060875e-19,4.870212253929045e-23,4.870212253929045e-22,1.1076769180051558e-20,1.7995675661038836e+19,35000000000000.0,35000000000000.0,0.0,0.007820166097930983,0.0009178624406352829,1.600050776515376e-05,5.606058674500801e-06,1.600050776515376e-05,5.606058674500801e-06,9.923455854815346e-30,7.510538006755959e+18,1.0563471429394528e+19,1.0593680519186817,1.577920928774039e-21,-195279.19453312532,2.0693209705516892e+21,0.0,0.0,0.0,0.0,0.0,0.3333333333333333,0.3333333333333333,2.0,9.291784035179553e-25,1.5479505732971513e-20,0.0,8.91742287927684e-19,,0.0,0.0,0.0,0.0,0.0,9.291784035179553e-25,8.91742287927684e-19,0.017358703084062788,17.0,1.5159634690803488e-17,1.1076769180051557e-26,4.86910457701104e-23,,,1.1076769180051557e-26,4.86910457701104e-23,10.0,,9.536544540177922e-08,3.4095948968030423,32314274436964.305,1.5127544189833969e-05,0.0009027348964454489,1.5127544189833969e-05,0.0009027348964454489,0.007820166097930983,0.0009178624406352829,False,False,1.0,1.4599308963822222,8.640415189339384e-09,0.21823486359965155,0.6778445811311828,1.0,1.4319088550554524,1.9193336193615594e-07,0.20830912850310251,0.6920558542783084,0.19395531637821734,0.20721953506647905,0.00729634002357891,0.00889799351426712,True,AP3.4,130.0,8.3,7.498198192099515e+19,$(U_{0.8}Pu_{0.2})N$
Kd_1p0e6_AP3p4,rizk2025_refit_plot,rizk2025_refit_full,1200.0,1.3,35000000000000.0,1.5551536403721748e+23,7.500849844189671e+25,2.5447540802450333e+25,3.697767034458189e+23,3.3709138882206253e+19,1.6777437523752199,40.382346086357146,0.7314843627570755,0.9298457429366769,1.6613301056937524,0.10007833188322666,1.7614084375769792,8073701816087.164,2.018425454021791e+18,73.69470644698633,0.10121068290724372,215653544.68798426,30124280.386366677,7.158794896411282,1323284812.4118257,1323205642.6120472,59086875.087301545,54974517.70762792,1.0000598318184482,1.0748047923138582,0.145619262687615,70.235389963143,23.82820598985313,5.790784784316245,5.790784784316245,0.0,6.184319211435711e+24,6.184319211435711e+24,0.0,1.0679587381981997e+26,1.0679587381981997e+26,1.023639449482963,1.0015492616128651e+17,0.004954467198188218,1.324687219474752e-06,6.364739538463822e-07,6.364739538463822e-07,0.01022229268748817,0.01022229268748817,7.513435204930959e+20,1.6817816641603856e-05,8.917448947096045e-19,6.498475563709372e-23,6.498475563709372e-22,3.503783313863259e-20,1.7995675661038836e+19,35000000000000.0,35000000000000.0,0.0,0.007819562936930239,0.000917043712687365,1.599473291601554e-05,5.592131586660397e-06,1.599473291601554e-05,5.592131586660397e-06,9.692954412718624e-30,7.689783629250579e+18,1.028615590139843e+19,1.995957519987653,1.953711480580331e-21,-224456.47637491365,2.0683999035794276e+21,0.0,0.0,0.0,0.0,0.0,0.3333333333333333,0.3333333333333333,2.0,2.6067819204802983e-24,1.6077228463606983e-20,0.0,8.91742287927684e-19,,0.0,0.0,0.0,0.0,0.0,2.6067819204802983e-24,8.91742287927684e-19,0.018028954871496642,17.0,1.5159663210063277e-17,3.503783313863259e-26,6.494971780395508e-23,,,3.503783313863259e-26,6.494971780395508e-23,10.0,,9.536544540177922e-08,3.4095948968030423,32277543192296.453,1.5333247721984558e-05,0.0009017104649653804,1.5333247721984558e-05,0.0009017104649653804,0.007819562936930239,0.000917043712687365,False,False,1.0,1.4603730346897137,8.643809338955401e-09,0.21838909611646368,0.6776242584669391,1.0,1.4404657972209731,1.9203817750776525e-07,0.2113719807974808,0.6876638795591556,0.19411913562706457,0.21028274408093256,0.0073148436275707555,0.009298457429366769,True,AP3.4,130.0,8.3,7.498198192099515e+19,$(U_{0.8}Pu_{0.2})N$
Kd_1p0e6_AP3p4,rizk2025_refit_plot,rizk2025_refit_full,1225.0,1.3,35000000000000.0,1.5542589117399408e+23,7.499044867044689e+25,2.5469045265756135e+25,3.693620854420317e+23,3.365738408256854e+19,1.6798228955359737,40.939402824733605,0.7333839677224842,0.9673719229400863,1.7007558906625704,0.1342704632734697,1.8350263539360403,7729524495566.988,1.932381123891747e+18,82.46881338302136,0.12134261004591851,127903041.84777556,26919266.919597182,4.7513567969662045,1321635692.1340535,1321567890.2219477,57366530.639382206,54226487.120588474,1.0000513041460886,1.057906084010401,0.1455354833616699,70.21848877510622,23.848342033069635,5.787633708462476,5.787633708462476,0.0,6.180953992442953e+24,6.180953992442953e+24,0.0,1.0679587381981997e+26,1.0679587381981997e+26,1.024610410173604,1.0004025053449917e+17,0.004950081475867496,1.321536207638133e-06,6.160548845364847e-07,6.160548845364847e-07,0.010631861455788308,0.010631861455788308,7.613413255815277e+20,1.7648338210151496e-05,8.917492996442252e-19,8.558853045768944e-23,8.558853045768945e-22,1.057421518979397e-19,1.7995675661038836e+19,35000000000000.0,35000000000000.0,0.0,0.007819434771225419,0.0009163039457873571,1.598894763630748e-05,5.579761869570475e-06,1.598894763630748e-05,5.579761869570475e-06,9.391453376569481e-30,7.867892773739192e+18,9.92817652968257e+18,3.7569217639627555,2.5860915048491183e-21,-266034.9625212774,2.0674846641046925e+21,0.0,0.0,0.0,0.0,0.0,0.3333333333333333,0.3333333333333333,2.0,7.011716541319382e-24,1.5488742654515037e-20,0.0,8.91742287927684e-19,,0.0,0.0,0.0,0.0,0.0,7.011716541319382e-24,8.91742287927684e-19,0.017368942886408174,17.0,1.5159738093951828e-17,1.057421518979397e-25,8.54827883057915e-23,,,1.057421518979397e-25,8.54827883057915e-23,10.0,,9.536544540177922e-08,3.4095948968030423,32244221825068.53,1.551990215434291e-05,0.0009007840436330142,1.551990215434291e-05,0.0009007840436330142,0.007819434771225419,0.0009163039457873571,False,False,1.0,1.4608283846421797,8.64704294505396e-09,0.2185478615113682,0.6773974768206491,1.0,1.448333679419648,1.9213656385727926e-07,0.21416326854997975,0.6836664933037536,0.19428702754117572,0.2130743436946417,0.007333839677224841,0.009673719229400864,True,AP3.4,130.0,8.3,7.498198192099515e+19,$(U_{0.8}Pu_{0.2})N$
Kd_1p0e6_AP3p4,rizk2025_refit_plot,rizk2025_refit_full,1250.0,1.3,35000000000000.0,1.5533573332721794e+23,7.497629267958826e+25,2.5486520628016855e+25,3.689648022412416e+23,3.360888358157479e+19,1.681907382725506,41.44971262739606,0.7353257561615508,1.002552830301244,1.737878586462795,0.1883447145684801,1.926223301031275,7272927042011.961,1.81823176050299e+18,94.20961838785469,0.1489981181413814,78489794.07545772,23564472.906157084,3.330852949184761,1319989136.9150815,1319929993.0549822,55966344.23085931,53558875.545320384,1.0000448083310558,1.0449499482770466,0.14545106264057703,70.20523358990823,23.864705364007126,5.78460998344407,5.78460998344407,0.0,6.177724778887637e+24,6.177724778887637e+24,0.0,1.0679587381981997e+26,1.0679587381981997e+26,1.0255219013210752,9.992550751430589e+16,0.004945669047284811,1.318726636855515e-06,5.93472488039604e-07,5.93472488039604e-07,0.011015787911862893,0.011015787911862893,7.674178526471519e+20,1.8477887088589898e-05,8.917604161498658e-19,1.114133094756206e-22,1.114133094756206e-21,3.0533079764031823e-19,1.7995675661038836e+19,35000000000000.0,35000000000000.0,0.0,0.007819735799166914,0.0009156377930373896,1.5983151418797174e-05,5.568711385054249e-06,1.5983151418797174e-05,5.568711385054249e-06,9.0552862894371e-30,8.045186028454112e+18,9.531582026608724e+18,7.068685345286425,3.6270120713357475e-21,-320189.92590751976,2.0665754134979952e+21,0.0,0.0,0.0,0.0,0.0,0.3333333333333333,0.3333333333333333,2.0,1.8128222181985484e-23,1.3964045536228772e-20,0.0,8.91742287927684e-19,,0.0,0.0,0.0,0.0,0.0,1.8128222181985484e-23,8.91742287927684e-19,0.015658965438853957,17.0,1.515992707454772e-17,3.0533079764031822e-25,1.111079786779803e-22,,,3.0533079764031822e-25,1.111079786779803e-22,10.0,,9.536544540177922e-08,3.4095948968030423,32213888029599.277,1.5689944648157703e-05,0.0008999478483892319,1.5689944648157703e-05,0.0008999478483892319,0.007819735799166914,0.0009156377930373896,False,False,1.0,1.461294873567548,8.650145865974461e-09,0.2187104310233358,0.6771652784711095,1.0,1.455585816152318,1.9222894783026716e-07,0.2167152851388445,0.6800161447589088,0.19445834836229023,0.21562664342572077,0.007353257561615509,0.01002552830301244,True,AP3.4,130.0,8.3,7.498198192099515e+19,$(U_{0.8}Pu_{0.2})N$
Kd_1p0e6_AP3p4,rizk2025_refit_plot,rizk2025_refit_full,1275.0,1.3,35000000000000.0,1.5524357739706687e+23,7.496526035853263e+25,2.5500746492852156e+25,3.685799523454049e+23,3.356322910796524e+19,1.68399897865812,41.9203375803547,0.7373026420383256,1.0356825542889951,1.7729851963273209,0.2691214282532491,2.04210662458057,6719723093064.55,1.6799307732661373e+18,108.94638137320219,0.18410181059812386,50173113.130004935,20376996.206925504,2.4622428458298806,1318343034.7673268,1318290585.763293,54815274.179251,52957588.80148828,1.0000397856167678,1.035078737907163,0.14536477098261788,70.19490330217235,23.878025976804672,5.781705950040352,5.781705950040352,0.0,6.174623391038117e+24,6.174623391038117e+24,0.0,1.0679587381981997e+26,1.0679587381981997e+26,1.0263813194637534,9.98100375968088e+16,0.0049412155683536355,1.3162002372327777e-06,5.709443329308429e-07,5.709443329308429e-07,0.011377311083517182,0.011377311083517182,7.704755451180873e+20,1.9305732484630952e-05,8.917874431930528e-19,1.435821826587309e-22,1.4358218265873088e-21,8.457331924393166e-19,1.7995675661038836e+19,35000000000000.0,35000000000000.0,0.0,0.007820451123232937,0.0009150443329208831,1.5977339399138723e-05,5.558750201098965e-06,1.5977339399138723e-05,5.558750201098965e-06,8.718515119628047e-30,8.221943765170776e+18,9.135546442308108e+18,13.231340357965744,5.300224558254116e-21,-384440.65230068594,2.06567483556414e+21,0.0,0.0,0.0,0.0,0.0,0.3333333333333333,0.3333333333333333,2.0,4.5155265368944576e-23,1.1873807076397107e-20,0.0,8.91742287927684e-19,,0.0,0.0,0.0,0.0,0.0,4.5155265368944576e-23,8.91742287927684e-19,0.01331461568227832,17.0,1.5160386534281898e-17,8.457331924393166e-25,1.4273644946629156e-22,,,8.457331924393166e-25,1.4273644946629156e-22,10.0,,9.536544540177922e-08,3.4095948968030423,32186078538097.26,1.584613669434581e-05,0.0008991981962265372,1.584613669434581e-05,0.0008991981962265372,0.007820451123232937,0.0009150443329208831,False,False,1.0,1.4617703674279812,8.653155890994385e-09,0.2188760558081678,0.67692873410219,1.0,1.4623115974716256,1.9231607354126063e-07,0.2190644761617884,0.6766596551348768,0.19463245622005276,0.21797610449087224,0.007373026420383256,0.010356825542889952,True,AP3.4,130.0,8.3,7.498198192099515e+19,$(U_{0.8}Pu_{0.2})N$
Kd_1p0e6_AP3p4,rizk2025_refit_plot,rizk2025_refit_full,1300.0,1.3,35000000000000.0,1.5514663545256268e+23,7.495655431573605e+25,2.551251991793476e+25,3.682005550982086e+23,3.351990351693362e+19,1.6861025936309968,42.35870352013267,0.7393073732764065,1.0671349566835495,1.806442329959956,0.38148248619056335,2.1879248161505194,6110391919987.468,1.5275979799968668e+18,126.32297789857822,0.2250685639272941,33666758.052617654,17573999.89242168,1.915714024052973,1316693041.1531868,1316645860.332415,53854100.31266696,52409536.0696027,1.0000358341010238,1.0275630038233081,0.14527399786467166,70.1867512617562,23.8890502089791,5.778924531400043,5.778924531400043,0.0,6.171652950696612e+24,6.171652950696612e+24,0.0,1.0679587381981997e+26,1.0679587381981999e+26,1.0271981843569054,9.969254853217856e+16,0.004936680304074216,1.3138942584051384e-06,5.502115752300376e-07,5.502115752300376e-07,0.011720545368789506,0.011720545368789506,7.713571712707819e+20,2.013366550455806e-05,8.918508847779603e-19,1.836266039909085e-22,1.836266039909085e-21,2.2525702314749626e-18,1.7995675661038836e+19,35000000000000.0,35000000000000.0,0.0,0.00782163334472348,0.0009145340004207861,1.597149799374793e-05,5.54966391471371e-06,1.597149799374793e-05,5.54966391471371e-06,8.407999161702416e-30,8.398417990519561e+18,8.770770633795928e+18,24.374473263118826,7.906817017056432e-21,-454324.2414621555,2.0647905442149905e+21,0.0,0.0,0.0,0.0,0.0,0.3333333333333333,0.3333333333333333,2.0,1.085968502764781e-22,9.588632660122313e-21,0.0,8.91742287927684e-19,,0.0,0.0,0.0,0.0,0.0,1.085968502764781e-22,8.91742287927684e-19,0.010751385488067937,17.0,1.5161465041225326e-17,2.2525702314749626e-24,1.8137403375943355e-22,,,2.2525702314749626e-24,1.8137403375943355e-22,10.0,,9.536544540177922e-08,3.4095948968030423,32160320503701.645,1.5991501390546635e-05,0.0008985424990302394,1.5991501390546635e-05,0.0008985424990302394,0.00782163334472348,0.0009145340004207861,False,False,1.0,1.4622525663102246,8.656127333569402e-09,0.21904393069291955,0.6766889945345818,1.0,1.4686087321707668,1.9239890098718194e-07,0.22124879387715055,0.6735419872239224,0.19480869893533198,0.22016069228759402,0.007393073732764065,0.010671349566835495,True,AP3.4,130.0,8.3,7.498198192099515e+19,$(U_{0.8}Pu_{0.2})N$
Kd_1p0e6_AP3p4,rizk2025_refit_plot,rizk2025_refit_full,1325.0,1.3,35000000000000.0,1.5503898742962207e+23,7.494927087297604e+25,2.552272424888843e+25,3.678151838604269e+23,3.347833207136154e+19,1.6882295140517116,42.772153137538275,0.7413319676226913,1.0973262320182566,1.838658199640948,0.5247964288011872,2.363454628442135,5501433371337.526,1.3753583428343816e+18,145.4963774161959,0.2688198171003515,23890670.888889767,15258111.84734611,1.5657684992684822,1315030023.0847273,1314987080.561133,53034014.61899769,51902928.357648045,1.0000326562323152,1.0217923399919877,0.14517319994140895,70.1799312953104,23.898605195130425,5.776290309617787,5.776290309617787,0.0,6.1688397105259e+24,6.1688397105259e+24,0.0,1.0679587381981997e+26,1.0679587381981999e+26,1.0279831717668406,9.95703674660749e+16,0.0049319694400823035,1.3117398134102655e-06,5.32354027369074e-07,5.32354027369074e-07,0.012050058456037994,0.012050058456037994,7.706862158977119e+20,2.0967048419076156e-05,8.9199495264152e-19,2.3390333353762864e-22,2.3390333353762863e-21,5.78187606487805e-18,1.7995675661038836e+19,35000000000000.0,35000000000000.0,0.0,0.007823474022786048,0.0009141418351354984,1.5965595968730163e-05,5.541258845740702e-06,1.5965595968730163e-05,5.541258845740702e-06,8.140514479834527e-30,8.574853388206757e+18,8.456259175261552e+18,43.452914351853074,1.1779014737765456e-20,-525129.4777650735,2.063940029914586e+21,0.0,0.0,0.0,0.0,0.0,0.3333333333333333,0.3333333333333333,2.0,2.5266471383605937e-22,7.399034121893715e-21,0.0,8.91742287927684e-19,,0.0,0.0,0.0,0.0,0.0,2.5266471383605937e-22,8.91742287927684e-19,0.008294928239204153,17.0,1.516391419490584e-17,5.78187606487805e-24,2.281214574727506e-22,,,5.78187606487805e-24,2.281214574727506e-22,10.0,,9.536544540177922e-08,3.4095948968030423,32136156963009.703,1.6129413010694283e-05,0.0008980124221248042,1.6129413010694283e-05,0.0008980124221248042,0.007823474022786048,0.0009141418351354984,False,False,1.0,1.4627387124087847,8.65914970549572e-09,0.21921309279901616,0.67644743543862,1.0,1.474576474587862,1.9247850878345198e-07,0.223305490644002,0.6706093663816617,0.19498636482548698,0.22221766871607623,0.007413319676226913,0.010973262320182565,True,AP3.4,130.0,8.3,7.498198192099515e+19,$(U_{0.8}Pu_{0.2})N$
Kd_1p0e6_AP3p4,rizk2025_refit_plot,rizk2025_refit_full,1350.0,1.3,35000000000000.0,1.5490832678920018e+23,7.494222127744972e+25,2.553248744257189e+25,3.6740317762669245e+23,3.343791953895414e+19,1.6904038119457392,43.167666328640706,0.7433663665661535,1.1266877459412417,1.8700541125073953,0.6898289852583115,2.5598830977657068,4948924352074.379,1.2372310880185948e+18,165.103919590191,0.3113914226122999,18030834.63812108,13446076.904232943,1.3409736361425104,1313335097.5480661,1313295665.9892225,52315492.10630759,51427380.46339752,1.000030024890712,1.0172692374160914,0.14505085379099278,70.17333029540828,23.907747115444625,5.77387173535611,5.77387173535611,0.0,6.166256773009161e+24,6.166256773009161e+24,0.0,1.0679587381981997e+26,1.0679587381981997e+26,1.028747406927933,9.943797828228464e+16,0.0049268833089295425,1.3096551479038974e-06,5.17812426465268e-07,5.17812426465268e-07,0.012370561690037724,0.012370561690037724,7.687428037714418e+20,2.1816530234816173e-05,8.92312044658399e-19,2.985052251919346e-22,2.985052251919346e-21,1.4331663655150738e-17,1.7995675661038836e+19,35000000000000.0,35000000000000.0,0.0,0.007826441985684107,0.0009139528266992095,1.5959566735881346e-05,5.533363938269562e-06,1.5959566735881346e-05,5.533363938269562e-06,7.923051201464508e-30,8.751522242690634e+18,8.199738469271831e+18,73.37696615832799,1.7128065254680925e-20,-593205.5299898054,2.063160459213962e+21,0.0,0.0,0.0,0.0,0.0,0.3333333333333333,0.3333333333333333,2.0,5.697567307150379e-22,5.485421362683377e-21,0.0,8.91742287927684e-19,,0.0,0.0,0.0,0.0,0.0,5.697567307150379e-22,8.91742287927684e-19,0.006147424990529343,17.0,1.5169304759192783e-17,1.433166365515074e-23,2.8417356153678383e-22,,,1.433166365515074e-23,2.8417356153678383e-22,10.0,,9.536544540177922e-08,3.4095948968030423,32113161934536.773,1.6263974681811782e-05,0.0008976888520173977,1.6263974681811782e-05,0.0008976888520173977,0.007826441985684107,0.0009139528266992095,False,False,1.0,1.463224947839985,8.662385601461495e-09,0.2193821987123133,0.6762059753940255,1.0,1.4803111740284334,1.9255602309030605e-07,0.2252697593611945,0.6678111828794273,0.1951645655782119,0.22418223278761798,0.007433663665661535,0.011266877459412416,True,AP3.4,130.0,8.3,7.498198192099515e+19,$(U_{0.8}Pu_{0.2})N$
Kd_1p0e6_AP3p4,rizk2025_refit_plot,rizk2025_refit_full,1375.0,1.3,35000000000000.0,1.547297691943371e+23,7.49335753241202e+25,2.554349830793646e+25,3.669254239170973e+23,3.3398066663406305e+19,1.692674658767367,43.55178572519853,0.745395713740225,1.1556540268958262,1.9010497406360511,0.8592358574626547,2.7602855980987058,4492150848219.236,1.1230377120548091e+18,183.4706203986154,0.34903457809256894,14503254.701498656,12100029.940361796,1.198613125172565,1311570198.720686,1311533783.826267,51667352.88122737,50973799.651010305,1.0000277651211642,1.0136060728249696,0.1448836585722296,70.16523452071185,23.918057312805946,5.771824507909969,5.771824507909969,0.0,6.164070418568975e+24,6.164070418568975e+24,0.0,1.0679587381981997e+26,1.0679587381981997e+26,1.0295021490483964,9.928424356834091e+16,0.004921015516554945,1.307530153593067e-06,5.066403725690081e-07,5.066403725690081e-07,0.012686776013513383,0.012686776013513383,7.654406333642577e+20,2.2699392849168707e-05,8.92989650482899e-19,3.8518830087201347e-22,3.8518830087201345e-21,3.437073971002977e-17,1.7995675661038836e+19,35000000000000.0,35000000000000.0,0.0,0.007831546276716254,0.0009141498707736775,1.5953274377367114e-05,5.525829082864003e-06,1.5953274377367114e-05,5.525829082864003e-06,7.756640796407943e-30,8.928783392970703e+18,8.00209414816428e+18,114.86675880044604,2.3794515187844574e-20,-655806.3221713484,2.0625274425900028e+21,0.0,0.0,0.0,0.0,0.0,0.3333333333333333,0.3333333333333333,2.0,1.2473625552150166e-21,3.926123922383819e-21,0.0,8.91742287927684e-19,,0.0,0.0,0.0,0.0,0.0,1.2473625552150166e-21,8.91742287927684e-19,0.004396606299144343,17.0,1.518082405820928e-17,3.437073971002977e-23,3.508175611619837e-22,,,3.437073971002977e-23,3.508175611619837e-22,10.0,,9.536544540177922e-08,3.4095948968030423,32090943454052.195,1.640089521767018e-05,0.0008977489755560074,1.640089521767018e-05,0.0008977489755560074,0.007831546276716254,0.0009141498707736775,False,False,1.0,1.4637050459322356,8.666143900893574e-09,0.2195490845843726,0.6759677037155803,1.0,1.4859048059977311,1.9263258561765082e-07,0.2271743958353012,0.6651004377701315,0.1953420002049396,0.2260871845532041,0.007453957137402249,0.011556540268958262,True,AP3.4,130.0,8.3,7.498198192099515e+19,$(U_{0.8}Pu_{0.2})N$
Kd_1p0e6_AP3p4,rizk2025_refit_plot,rizk2025_refit_full,1400.0,1.3,35000000000000.0,1.5445446717486148e+23,7.492019431802687e+25,2.5558597436202834e+25,3.663073156677062e+23,3.335816120981062e+19,1.6951392379569663,43.93077405552979,0.7473952472025135,1.1846696955636047,1.932064942766118,1.013798945041689,2.945863887807807,4144649109429.218,1.0361622773573043e+18,199.144598492604,0.3794074848157397,12389837.822684541,11147678.70584473,1.1114276029671135,1309660658.6508405,1309626932.2841067,51066083.18656269,50534051.532847,1.000025752652074,1.0105281812476459,0.14462587518638448,70.15270500471586,23.93219561958346,5.770473500514306,5.770473500514306,0.0,6.162627598415407e+24,6.162627598415407e+24,0.0,1.0679587381981997e+26,1.0679587381981997e+26,1.0302589693002935,9.90872943125539e+16,0.004913566648546204,1.3051961549941762e-06,4.989111416523263e-07,4.989111416523263e-07,0.013003536401935944,0.013003536401935944,7.605225139497265e+20,2.3638285823240597e-05,8.943977631537627e-19,5.093242848331348e-22,5.093242848331348e-21,7.989389038480301e-17,1.7995675661038836e+19,35000000000000.0,35000000000000.0,0.0,0.007840823993862274,0.0009151027202696107,1.594645051801826e-05,5.518519694318802e-06,1.594645051801826e-05,5.518519694318802e-06,7.642573840361761e-30,9.107183655295993e+18,7.864501572163261e+18,164.40622466595636,3.111329604130327e-20,-710430.0227925135,2.0621898255359657e+21,0.0,0.0,0.0,0.0,0.0,0.3333333333333333,0.3333333333333333,2.0,2.6554752260788454e-21,2.7246350804779008e-21,0.0,8.91742287927684e-19,,0.0,0.0,0.0,0.0,0.0,2.6554752260788454e-21,8.91742287927684e-19,0.0030463348553897134,17.0,1.5204761973613966e-17,7.989389038480301e-23,4.2943039444833175e-22,,,7.989389038480301e-23,4.2943039444833175e-22,10.0,,9.536544540177922e-08,3.4095948968030423,32069133439424.996,1.6549227832252854e-05,0.0008985534924373578,1.6549227832252854e-05,0.0008985534924373578,0.007840823993862274,0.0009151027202696107,False,False,1.0,1.4641680453057488,8.67101596784489e-09,0.2197099463521225,0.6757380503280482,1.0,1.4914469680668627,1.9270937049840205e-07,0.2290506039782644,0.6624325699971264,0.1955165133848056,0.22796373278964902,0.007473952472025135,0.011846696955636046,True,AP3.4,130.0,8.3,7.498198192099515e+19,$(U_{0.8}Pu_{0.2})N$
Kd_1p0e6_AP3p4,rizk2025_refit_plot,rizk2025_refit_full,1425.0,1.3,35000000000000.0,1.5398949886859373e+23,7.489642762596171e+25,2.5582842787863525e+25,3.6540843523646226e+23,3.3317521114524766e+19,1.6979839871866729,44.311194202805304,0.749321077279024,1.2142319455998745,1.9635530228788987,1.1415070096748663,3.105060032553765,3895497186408.9634,9.738742966022409e+17,211.50423693082675,0.40223707838133876,11132314.389308201,10496243.631876081,1.0605998469300422,1307464108.718832,1307432824.309631,50495025.981439054,50100206.95536691,1.000023928119762,1.0078805867293898,0.14419049478296908,70.13045068793835,23.95489813681891,5.770460680459787,5.770460680459787,0.0,6.162613907126159e+24,6.162613907126159e+24,0.0,1.0679587381981997e+26,1.0679587381981999e+26,1.0310308608411745,9.88054782950851e+16,0.0049030129904835806,1.3023704280741619e-06,4.94982399016809e-07,4.94982399016809e-07,0.013326351377454344,0.013326351377454344,7.540807343826411e+20,2.4654073955199937e-05,8.972475473141361e-19,7.0177067448840995e-22,7.0177067448841e-21,1.8029544796246132e-16,1.7995675661038836e+19,35000000000000.0,35000000000000.0,0.0,0.00785821982151444,0.0009175289721714383,1.5938580935487797e-05,5.511304269260553e-06,1.5938580935487797e-05,5.511304269260553e-06,7.586459918533711e-30,9.287637989113975e+18,7.793034293156375e+18,215.57203420404485,3.821625826215971e-20,-755659.034469487,2.0624320669141403e+21,0.0,0.0,0.0,0.0,0.0,0.3333333333333333,0.3333333333333333,2.0,5.505259386452124e-21,1.84039229582399e-21,0.0,8.91742287927684e-19,,0.0,0.0,0.0,0.0,0.0,5.505259386452124e-21,8.91742287927684e-19,0.0020511533314670053,17.0,1.5253208304340313e-17,1.8029544796246133e-22,5.214752265259486e-22,,,1.8029544796246133e-22,5.214752265259486e-22,10.0,,9.536544540177922e-08,3.4095948968030423,32047353895715.734,1.6724645512153598e-05,0.0009008043266592847,1.6724645512153598e-05,0.0009008043266592847,0.00785821982151444,0.0009175289721714383,False,False,1.0,1.4645939996611241,8.678120703692904e-09,0.2198578677101595,0.6755268862956068,1.0,1.4970332408282183,1.9278769401405958e-07,0.230930876634063,0.6597613494664365,0.19568429994741188,0.22984437775142733,0.00749321077279024,0.012142319455998744,True,AP3.4,130.0,8.3,7.498198192099515e+19,$(U_{0.8}Pu_{0.2})N$
Kd_1p0e6_AP3p4,rizk2025_refit_plot,rizk2025_refit_full,1450.0,1.3,35000000000000.0,1.531642335427175e+23,7.485201705972825e+25,2.5625370235928613e+25,3.6397111511008836e+23,3.3275224828509258e+19,1.7015561091505782,44.70146053890319,0.7510941032221498,1.2450154684322337,1.9961095716543833,1.2419929786171775,3.238102550271561,3719120839483.169,9.297802098707923e+17,220.92259009518622,0.4189880195042628,10375537.149470253,10048768.661654273,1.032518261571979,1304717202.5344217,1304688095.8326027,49942065.33787586,49662806.83531489,1.000022309318152,1.005623091410983,0.14341774458545808,70.08886615414973,23.994719383224773,5.772996718040059,5.772996718040059,0.0,6.16532229062041e+24,6.16532229062041e+24,0.0,1.0679587381981997e+26,1.0679587381981999e+26,1.0318355157061672,9.836212148364152e+16,0.004886544436550574,1.2985582877905288e-06,4.952147726352699e-07,4.952147726352699e-07,0.013662944712280587,0.013662944712280587,7.471599542444542e+20,2.5750663622038912e-05,9.028722799084174e-19,1.0241072151243713e-21,1.0241072151243713e-20,3.956100289530877e-16,1.7995675661038836e+19,35000000000000.0,35000000000000.0,0.0,0.007891122033722768,0.0009227782053300811,1.5928709632913176e-05,5.504025522791115e-06,1.5928709632913176e-05,5.504025522791115e-06,7.593924993872095e-30,9.47176332315549e+18,7.793670983035382e+18,263.97935152944336,4.4657680752831076e-20,-793409.8950728975,2.0637820140648567e+21,0.0,0.0,0.0,0.0,0.0,0.3333333333333333,0.3333333333333333,2.0,1.1129991980733449e-20,1.2141082623128306e-21,0.0,8.91742287927684e-19,,0.0,0.0,0.0,0.0,0.0,1.1129991980733449e-20,8.91742287927684e-19,0.0013447176187931956,17.0,1.5348828758443096e-17,3.9561002895308766e-22,6.284971861712836e-22,,,3.9561002895308766e-22,6.284971861712836e-22,10.0,,9.536544540177922e-08,3.4095948968030423,32025129234440.5,1.695546803434256e-05,0.0009058227372957386,1.695546803434256e-05,0.0009058227372957386,0.007891122033722768,0.0009227782053300811,False,False,1.0,1.4649466255419406,8.689529788271525e-09,0.21998027375420542,0.6753521573716544,1.0,1.5027881945202681,1.9286934380272564e-07,0.23285663329547407,0.6570280508864097,0.19583851957332424,0.2317705487854985,0.007510941032221497,0.012450154684322336,True,AP3.4,130.0,8.3,7.498198192099515e+19,$(U_{0.8}Pu_{0.2})N$
Kd_1p0e6_AP3p4,rizk2025_refit_plot,rizk2025_refit_full,1475.0,1.3,35000000000000.0,1.5167878045463225e+23,7.476862243230145e+25,2.5702492731302506e+25,3.615390746381541e+23,3.322972471237542e+19,1.7064817438045334,45.115177058233016,0.7525732733983359,1.2781544933632878,2.0307277667616237,1.3231568058559036,3.353884572617527,3587517611045.996,8.96879402761499e+17,228.35977176584123,0.43183148656159626,9893252.237928778,9721502.096596835,1.0176670374213124,1300949483.6764033,1300922209.1357381,49394029.380338304,49207387.5080775,1.0000209655431151,1.0037929644655523,0.14202681716948748,70.01077828011117,24.06693424754061,5.780260655178751,5.780260655178751,0.0,6.173079875761399e+24,6.173079875761399e+24,0.0,1.0679587381981997e+26,1.0679587381981999e+26,1.0327027426481865,9.762181960474896e+16,0.0048591739263524015,1.2928914024661128e-06,4.995456761263167e-07,4.995456761263167e-07,0.014026518518527906,0.014026518518527906,7.416242945038172e+20,2.6900861937496722e-05,9.13713227338383e-19,1.597360137614791e-21,1.597360137614791e-20,8.452417180343286e-16,1.7995675661038836e+19,35000000000000.0,35000000000000.0,0.0,0.00795294727055055,0.0009333219471180285,1.5915117117096775e-05,5.496442431036288e-06,1.5915117117096775e-05,5.496442431036288e-06,7.664078210600558e-30,9.66249394816847e+18,7.864724067663543e+18,310.8069008609825,5.075135127059229e-20,-829938.2846123751,2.0671885467426562e+21,0.0,0.0,0.0,0.0,0.0,0.3333333333333333,0.3333333333333333,2.0,2.1970939410699096e-20,7.846520651543905e-22,0.0,8.91742287927684e-19,,0.0,0.0,0.0,0.0,0.0,2.1970939410699096e-20,8.91742287927684e-19,0.0008587509096700466,17.0,1.553312486475251e-17,8.452417180343286e-22,7.521184195804623e-22,,,8.452417180343286e-22,7.521184195804623e-22,10.0,,9.536544540177922e-08,3.4095948968030423,32001701276760.883,1.729344622954674e-05,0.0009160285008884818,1.729344622954674e-05,0.0009160285008884818,0.00795294727055055,0.0009333219471180285,False,False,1.0,1.4651612326469454,8.708972174719943e-09,0.2200547473453693,0.6752458546284016,1.0,1.5089155884693077,1.9295733203831624e-07,0.23489455650055782,0.6541383719919039,0.19596699373042473,0.23380894218861742,0.007525732733983359,0.012781544933632878,True,AP3.4,130.0,8.3,7.498198192099515e+19,$(U_{0.8}Pu_{0.2})N$
Kd_1p0e6_AP3p4,rizk2025_refit_plot,rizk2025_refit_full,1500.0,1.3,35000000000000.0,1.4903716341288596e+23,7.46144698775425e+25,2.584248840185143e+25,3.573438510156864e+23,3.317814637797128e+19,1.713847425181648,45.57687709205272,0.7535141145300487,1.3157531570663612,2.0692672715964098,1.3953422382145013,3.464609509810911,3477723572523.578,8.694308931308945e+17,234.86000716131218,0.44278638823047334,9547035.207524737,9452439.463119008,1.0100075482921438,1295357014.7834213,1295331175.5652378,48827204.63098671,48708909.90438447,1.0000199479628615,1.002428605502247,0.13955329740953581,69.86643510537483,24.1980214005753,5.795990196640347,5.795990196640347,0.0,6.18987837701316e+24,6.18987837701316e+24,0.0,1.0679587381981997e+26,1.0679587381981999e+26,1.0336879387229367,9.635847723471744e+16,0.0048124874527194226,1.283891359528172e-06,5.078321144041362e-07,5.078321144041362e-07,0.014441406229867025,0.014441406229867025,7.389595521844158e+20,2.8058987304507146e-05,9.341414501778096e-19,2.65480851490482e-21,2.6548085149048203e-20,1.7607759639859707e-15,1.7995675661038836e+19,35000000000000.0,35000000000000.0,0.0,0.00806728668084957,0.0009535805703337257,1.5894832660653955e-05,5.48813709767755e-06,1.5894832660653955e-05,5.48813709767755e-06,7.794770427908068e-30,9.865102126903863e+18,8.002632322247421e+18,362.3635226214906,5.742491135346652e-20,-874445.07356265,2.0742942729908708e+21,0.0,0.0,0.0,0.0,0.0,0.3333333333333333,0.3333333333333333,2.0,4.239916225012569e-20,4.981451519947624e-22,0.0,8.91742287927684e-19,,0.0,0.0,0.0,0.0,0.0,4.239916225012569e-20,8.91742287927684e-19,0.0005332652264814314,17.0,1.5880404653022763e-17,1.7607759639859707e-21,8.940325509188496e-22,,,1.7607759639859707e-21,8.940325509188496e-22,10.0,,9.536544540177922e-08,3.4095948968030423,31975718240800.09,1.783245943588887e-05,0.0009357481108978368,1.783245943588887e-05,0.0009357481108978368,0.00806728668084957,0.0009535805703337257,False,False,1.0,1.4651264468788676,8.742923205741083e-09,0.22004267703493802,0.675263083401407,1.0,1.5157859877946154,1.9305726803404487e-07,0.23716448746381155,0.6509231635694929,0.1960486234469375,0.2360794258341154,0.007535141145300487,0.013157531570663612,True,AP3.4,130.0,8.3,7.498198192099515e+19,$(U_{0.8}Pu_{0.2})N$
Kd_1p0e6_AP3p4,rizk2025_refit_plot,rizk2025_refit_full,1525.0,1.3,35000000000000.0,1.4449246809399407e+23,7.433709117025915e+25,2.609209020447437e+25,3.5018529804789565e+23,3.311531466463539e+19,1.7254449725758674,46.12933705049866,0.7535114545140037,1.3615987214340244,2.1151101759480277,1.4685578643573773,3.583668040305405,3372676515064.8354,8.431691287662088e+17,241.3529625877104,0.4534830091583883,9254124.089500815,9198146.880808339,1.0060857050249188,1286649381.0388794,1286624630.3327923,48197805.62200189,48125556.14163117,1.000019236928552,1.0015012705548396,0.13529780030432045,69.60670718016365,24.43173998322771,5.826255036304316,5.826255036304316,0.0,6.222199976992463e+24,6.222199976992463e+24,0.0,1.0679587381981997e+26,1.0679587381981997e+26,1.0348910537990974,9.422478936416477e+16,0.004733303994873753,1.2692010227227632e-06,5.204503160896071e-07,5.204503160896071e-07,0.014950956827834065,0.014950956827834065,7.39173054615021e+20,2.9202266132838155e-05,9.718187700081108e-19,4.636776157857156e-21,4.636776157857156e-20,3.580777516173852e-15,1.7995675661038836e+19,35000000000000.0,35000000000000.0,0.0,0.008274110476614915,0.0009912906285935218,1.5862995091487426e-05,5.478410542651582e-06,1.5862995091487426e-05,5.478410542651582e-06,7.991810318803646e-30,1.0088611017327108e+19,8.212046954483495e+18,428.3868811598613,6.594578349235891e-20,-936164.8964338596,2.0878052219563194e+21,0.0,0.0,0.0,0.0,0.0,0.3333333333333333,0.3333333333333333,2.0,8.007648208042697e-20,3.1142582676000646e-22,0.0,8.91742287927684e-19,,0.0,0.0,0.0,0.0,0.0,8.007648208042697e-20,8.91742287927684e-19,0.00032045669045619205,17.0,1.6520919090137883e-17,3.5807775161738524e-21,1.0559986416833037e-21,,,3.5807775161738524e-21,1.0559986416833037e-21,10.0,,9.536544540177922e-08,3.4095948968030423,31944855651050.402,1.873999680122978e-05,0.000972550631792292,1.873999680122978e-05,0.000972550631792292,0.008274110476614915,0.0009912906285935218,False,False,1.0,1.4646602634382524,8.802100797677205e-09,0.21988087316070784,0.6754940463326575,1.0,1.5240516544840297,1.931792877616091e-07,0.23987450737206997,0.6470894020472776,0.19604839275313998,0.23879013348312023,0.007535114545140037,0.013615987214340243,True,AP3.4,130.0,8.3,7.498198192099515e+19,$(U_{0.8}Pu_{0.2})N$
Kd_1p0e6_AP3p4,rizk2025_refit_plot,rizk2025_refit_full,1550.0,1.3,35000000000000.0,1.3708598109641744e+23,7.385565889981271e+25,2.6523323935615953e+25,3.384034410488711e+23,3.303271286282574e+19,1.7440237701049703,46.83983325269868,0.751935483232371,1.4219321461359693,2.17386762936834,1.5528953911630423,3.7267630205313824,3258831678357.724,8.147079195894309e+17,248.7180284156005,0.4653262205727899,8962098.886520708,8925770.335757269,1.0040700745590445,1272942305.0487077,1272918430.3872082,47439059.88463036,47395557.28183757,1.0000187558455669,1.0009178624598527,0.12836261944698468,69.15591048434872,24.835532485426004,5.880194410778307,5.880194410778307,0.0,6.279805003294907e+24,6.279805003294907e+24,0.0,1.0679587381981997e+26,1.0679587381981999e+26,1.036477441066403,9.075535271970936e+16,0.004603272865174418,1.2454507496761298e-06,5.386694148069812e-07,5.386694148069812e-07,0.015626406676440233,0.015626406676440233,7.408534241517652e+20,3.036585642586911e-05,1.039906973829712e-18,8.356987325282236e-21,8.356987325282236e-20,7.11715258415843e-15,1.7995675661038836e+19,35000000000000.0,35000000000000.0,0.0,0.008638042943496153,0.001059718850308189,1.5812251174626566e-05,5.466228109029405e-06,1.5812251174626566e-05,5.466228109029405e-06,8.274717576531091e-30,1.034733170601042e+19,8.51160952730123e+18,521.0014286739555,7.769319862590901e-20,-1019856.7032985608,2.1118790987452042e+21,0.0,0.0,0.0,0.0,0.0,0.3333333333333333,0.3333333333333333,2.0,1.4816468590202815e-19,1.921420918257287e-22,0.0,8.91742287927684e-19,,0.0,0.0,0.0,0.0,0.0,1.4816468590202815e-19,8.91742287927684e-19,0.0001847685385915996,17.0,1.7678418555105106e-17,7.11715258415843e-21,1.239834741123807e-21,,,7.11715258415843e-21,1.239834741123807e-21,10.0,,9.536544540177922e-08,3.4095948968030423,31905537024991.03,2.030964914952546e-05,0.0010394092011586635,2.030964914952546e-05,0.0010394092011586635,0.008638042943496153,0.001059718850308189,False,False,1.0,1.4634870794543664,8.903096242718199e-09,0.21947332825482965,0.6760758627124432,1.0,1.5347530368818705,1.9334017129462698e-07,0.24334973276802738,0.642180876007768,0.19591161876999072,0.2422662726150199,0.007519354832323711,0.014219321461359694,True,AP3.4,130.0,8.3,7.498198192099515e+19,$(U_{0.8}Pu_{0.2})N$
Kd_1p0e6_AP3p4,rizk2025_refit_plot,rizk2025_refit_full,1575.0,1.3,35000000000000.0,1.2592383821712467e+23,7.3057561810222726e+25,2.7236614282492744e+25,3.201435528736371e+23,3.29176685379865e+19,1.7733798738189754,47.80157988145632,0.7478916691649157,1.5060674730308488,2.2539591421957645,1.6600482614296228,3.914007403625387,3124140151679.1626,7.810350379197907e+17,257.9153821761895,0.4796959594350947,8633574.484976774,8607474.208279109,1.0030322805582805,1251869909.4490612,1251846844.9848976,46468425.11146483,46441979.648066096,1.0000184243497965,1.0005694301491697,0.11791077099998858,68.4085996931692,25.50343314615772,5.970056389673128,5.970056389673128,0.0,6.375773888887414e+24,6.375773888887414e+24,0.0,1.0679587381981997e+26,1.0679587381982e+26,1.0386955157173006,8.546503945892213e+16,0.004401573420974209,1.2086095552436175e-06,5.651063078003596e-07,5.651063078003596e-07,0.016574653422509147,0.016574653422509147,7.420677409720737e+20,3.1640473824779185e-05,1.160586458076125e-18,1.528831509275627e-20,1.528831509275627e-19,1.384090397445483e-14,1.7995675661038836e+19,35000000000000.0,35000000000000.0,0.0,0.009257265284107991,0.0011811699920555759,1.573272300460685e-05,5.450296406706778e-06,1.573272300460685e-05,5.450296406706778e-06,8.683731325671558e-30,1.066176672237158e+19,8.940506173597115e+18,654.8622809644037,9.40143087406631e-20,-1121170.57167329,2.1522873432629943e+21,0.0,0.0,0.0,0.0,0.0,0.3333333333333333,0.3333333333333333,2.0,2.6884417014844093e-19,1.172220809834482e-22,0.0,8.91742287927684e-19,,0.0,0.0,0.0,0.0,0.0,2.6884417014844093e-19,8.91742287927684e-19,0.00010100245455023169,17.0,1.9729969787294123e-17,1.384090397445483e-20,1.4474111183014373e-21,,,1.384090397445483e-20,1.4474111183014373e-21,10.0,,9.536544540177922e-08,3.4095948968030423,31852997301120.23,2.3049327112863976e-05,0.001158120664942712,2.3049327112863976e-05,0.001158120664942712,0.009257265284107991,0.0011811699920555759,False,False,1.0,1.4612338131770262,9.069255699565203e-09,0.2186891563071441,0.6771956642036555,1.0,1.5493655865044924,1.9356513890711447e-07,0.24803546654355585,0.6355765686540605,0.19555979133832174,0.24695328620048265,0.007478916691649157,0.015060674730308487,True,AP3.4,130.0,8.3,7.498198192099515e+19,$(U_{0.8}Pu_{0.2})N$
Kd_1p0e6_AP3p4,rizk2025_refit_plot,rizk2025_refit_full,1600.0,1.3,35000000000000.0,1.1076354026878049e+23,7.180733222080163e+25,2.835310798754214e+25,2.941144706040498e+23,3.2753339847298154e+19,1.817997463878211,49.124578247617784,0.7402609172315333,1.6264499565372872,2.3667108737688203,1.80433445877445,4.171045332543271,2958271816886.4663,7.395679542216165e+17,270.04750236858064,0.49796574524019266,8241440.175229717,8220775.902492819,1.002513664522911,1221146050.7824278,1221123815.6868625,45207817.2208159,45191227.674461626,1.0000182087150211,1.000367096607195,0.10371518702647121,67.2379275082771,26.54887962748254,6.109477677213884,6.109477677213884,0.0,6.524670071207407e+24,6.524670071207407e+24,0.0,1.0679587381981997e+26,1.0679587381981997e+26,1.0418810766937412,7.808935506482093e+16,0.004112926767537867,1.1552201633531663e-06,6.044892993024965e-07,6.044892993024965e-07,0.017940425853064945,0.017940425853064945,7.413963340688548e+20,3.3145628868336497e-05,1.3705602340796549e-18,2.804370316124471e-20,2.804370316124471e-19,2.6363059898109156e-14,1.7995675661038836e+19,35000000000000.0,35000000000000.0,0.0,0.010269133769269504,0.0013924316409736886,1.5613385127490362e-05,5.429368551627517e-06,1.5613385127490362e-05,5.429368551627517e-06,9.291602314661975e-30,1.1057462609889108e+19,9.569214746890113e+18,850.8598991943603,1.1647956476764004e-19,-1227567.4696403085,2.2159313850414e+21,0.0,0.0,0.0,0.0,0.0,0.3333333333333333,0.3333333333333333,2.0,4.788179461519709e-19,7.08396822782879e-23,0.0,8.91742287927684e-19,,0.0,0.0,0.0,0.0,0.0,4.788179461519709e-19,8.91742287927684e-19,5.1686661057882994e-05,17.0,2.3299523979354132e-17,2.6363059898109155e-20,1.680643263135559e-21,,,2.6363059898109155e-20,1.680643263135559e-21,10.0,,9.536544540177922e-08,3.4095948968030423,31782042295667.438,2.782985434432533e-05,0.0013646017866293632,2.782985434432533e-05,0.0013646017866293632,0.010269133769269504,0.0013924316409736886,False,False,1.0,1.4574728159983168,9.329291440655828e-09,0.21737607875351203,0.6790716481921305,1.0,1.5697032566050166,1.938883056622299e-07,0.2544455047575761,0.6265684638040365,0.19489241641584393,0.25336516379535584,0.007402609172315333,0.016264499565372872,True,AP3.4,130.0,8.3,7.498198192099515e+19,$(U_{0.8}Pu_{0.2})N$
Kd_1p0e6_AP3p4,rizk2025_refit_plot,rizk2025_refit_full,1625.0,1.3,35000000000000.0,9.259889409575143e+22,6.997370405415703e+25,2.999131735427044e+25,2.60647957049408e+23,3.2520181149395747e+19,1.882072543864336,50.91227207233697,0.7278669702384001,1.7976659890559779,2.525532959294378,1.8635648487210394,4.389097808015417,2807338287306.689,7.018345718266721e+17,277.7775200398949,0.5000000000000002,7995883.723400094,7992007.415435056,1.0004850230691167,1179572126.747461,1179550707.137898,43615364.77427893,43604418.14197153,1.0000181591257022,1.0002510441091488,0.08670643423169991,65.52098086880468,28.082842793037223,6.309469903926407,6.036134651263814,0.27333525266259234,6.738253517296762e+24,6.446342745758134e+24,2.9191077153862824e+23,1.0679587381981997e+26,1.0650396304828136e+26,1.0464360583576369,6.887205581841549e+16,0.003739047982260677,1.0843438871586776e-06,6.652054354359463e-07,6.652054354359463e-07,0.019897501319032024,0.019897501319032024,7.387210341436812e+20,3.499655085170862e-05,1.7295170995263346e-18,5.117002764222704e-20,5.117002764222704e-19,4.922854290289942e-14,1.7995675661038836e+19,35000000000000.0,35000000000000.0,0.0,0.011846877423893957,0.0017530716266369168,1.5445253983848854e-05,5.40276671896319e-06,1.5445253983848854e-05,5.40276671896319e-06,1.0227508472700033e-29,1.1560609329551925e+19,1.052164001663747e+19,342.03132591411304,4.541051538090424e-20,-716089.8355326699,2.3094298885818648e+21,2.8443744255621883e+21,0.0,0.0,0.0,0.0,0.3333333333333333,0.3333333333333333,2.0,8.377748115986507e-19,4.247233928863714e-23,0.0,8.91742287927684e-19,,0.0,0.0,0.0,0.0,0.0,8.377748115986507e-19,8.91742287927684e-19,2.455733990734703e-05,17.0,2.940179069194769e-17,4.922854290289942e-20,1.941484739327618e-21,,,4.922854290289942e-20,1.941484739327618e-21,10.0,,9.536544540177922e-08,3.4095948968030423,31688677686793.266,3.613215572098704e-05,0.0017169394709159297,3.613215572098704e-05,0.0017169394709159297,0.011846877423893957,0.0017530716266369168,False,False,1.0,1.4518223522671139,9.712640367953258e-09,0.2153934024825352,0.6819064112631507,1.0,1.5976135913711715,1.943505599532307e-07,0.2630385191214938,0.6145419418967883,0.19379861575072485,0.26196081562740964,0.0072786697023840006,0.017976659890559778,True,AP3.4,130.0,8.3,7.498198192099515e+19,$(U_{0.8}Pu_{0.2})N$
Kd_1p0e6_AP3p4,rizk2025_refit_plot,rizk2025_refit_full,1650.0,1.3,35000000000000.0,7.355757186987013e+22,6.74666047451268e+25,3.223533687031657e+25,2.2220378723531748e+23,3.219869930550031e+19,1.9682682295589213,53.23285315096158,0.7097295920201501,2.0345397034867774,2.7442692955069274,1.919413496166995,4.6636827916739225,2646346331889.4062,6.615865829723515e+17,286.10215590956517,0.5000000000000003,7762748.747108325,7759466.170194558,1.0004230415909765,1127915840.3521507,1127895053.4589946,41711298.11872451,41703569.66785837,1.000018429811437,1.000185318689208,0.06887679199476597,63.173418908442734,30.184065842002685,6.57363845755982,5.951986649541524,0.621651808018297,7.020374632506745e+24,6.356476152016896e+24,6.638984804898499e+23,1.0679587381981997e+26,1.0613197533933014e+26,1.0527851413690275,5.862348022340521e+16,0.003304580975061176,9.988854073685675e-07,7.625379860881528e-07,7.625379860881528e-07,0.0226304311617535,0.0226304311617535,7.353044717847495e+20,3.727797599671885e-05,2.332934307037629e-18,9.243457552501816e-20,9.243457552501817e-19,9.020265555838444e-14,1.7995675661038836e+19,35000000000000.0,35000000000000.0,0.0,0.014184299569000065,0.0023578862214390095,1.5225116763526617e-05,5.370825016163023e-06,1.5225116763526617e-05,5.370825016163023e-06,1.1727102524147369e-29,1.2191358950126131e+19,1.2022145717717922e+19,410.34729381373955,5.283967056827061e-20,-740446.3669752264,2.4372188720295576e+21,3.076549874953906e+21,0.0,0.0,0.0,0.0,0.3333333333333333,0.3333333333333333,2.0,1.441192019109945e-18,2.5299362888157518e-23,0.0,8.91742287927684e-19,,0.0,0.0,0.0,0.0,0.0,1.441192019109945e-18,8.91742287927684e-19,1.0844438616140361e-05,17.0,3.9659883219639695e-17,9.020265555838444e-20,2.2319199666337208e-21,,,9.020265555838444e-20,2.2319199666337208e-21,10.0,,9.536544540177922e-08,3.4095948968030423,31571973439928.684,5.0447130496453846e-05,0.0023074390909425557,5.0447130496453846e-05,0.0023074390909425557,0.014184299569000065,0.0023578862214390095,False,False,1.0,1.4440582012082892,1.0243302819749548e-08,0.21264939630626317,0.6858338834844675,1.0,1.6345650793091868,1.9499521572344827e-07,0.27406944190652605,0.5991890712531551,0.19217533101865583,0.2729954380971331,0.007097295920201501,0.020345397034867773,True,AP3.4,130.0,8.3,7.498198192099515e+19,$(U_{0.8}Pu_{0.2})N$
Kd_1p0e6_AP3p4,rizk2025_refit_plot,rizk2025_refit_full,1675.0,1.3,35000000000000.0,5.593102602608058e+22,6.426153931804163e+25,3.5113908294485086e+25,1.8257972075497775e+23,3.1772002340086546e+19,2.0770061158732616,56.105123050288555,0.6852585671872219,2.350394449101968,3.03565301628919,1.9883137259867831,5.023966742275973,2466118536601.8667,6.165296341504666e+17,296.3722224342985,0.5,7493545.364406694,7490580.533376884,1.0003958079105617,1068866752.9838425,1068846154.5846812,39574507.76873764,39568579.11193161,1.000019271622088,1.0001498324412725,0.05237189792598568,60.17230537058025,32.87946157332568,6.895861158168104,5.87110383176104,1.0247573264070646,7.364495181267185e+24,6.270096639998136e+24,1.0943985412690493e+24,1.0679587381981997e+26,1.0570147527855094e+26,1.061337716559603,4.839736918933527e+16,0.0028494365754212886,9.048472312492435e-07,9.246230358101624e-07,9.246230358101624e-07,0.026318557937354665,0.026318557937354665,7.328646202801728e+20,4.003671211194468e-05,3.331146250834437e-18,1.6487351410383357e-19,1.6487351410383356e-18,1.6231955709997532e-13,1.7995675661038836e+19,35000000000000.0,35000000000000.0,0.0,0.01747226093799011,0.003355334240332583,1.4957199932159716e-05,5.334850845653306e-06,1.4957199932159716e-05,5.334850845653306e-06,1.422473056282609e-29,1.2958147828938004e+19,1.448034789690087e+19,502.388966780187,6.23904607366815e-20,-759289.3763743832,2.600310254899464e+21,3.3393983046154233e+21,0.0,0.0,0.0,0.0,0.3333333333333333,0.3333333333333333,2.0,2.439403962906753e-18,1.4991150623023926e-23,0.0,8.91742287927684e-19,,0.0,0.0,0.0,0.0,0.0,2.439403962906753e-18,8.91742287927684e-19,4.5002979437689685e-06,17.0,5.662948626418543e-17,1.623195570999753e-19,2.553957003858251e-21,,,1.623195570999753e-19,2.553957003858251e-21,10.0,,9.536544540177922e-08,3.4095948968030423,31434887758869.953,7.489784363666081e-05,0.003280436396695922,7.489784363666081e-05,0.003280436396695922,0.01747226093799011,0.003355334240332583,False,False,1.0,1.4341517312726455,1.093642051451899e-08,0.20911469538456287,0.690900140561652,1.0,1.681397489652952,1.9586422620639963e-07,0.2875177104279466,0.5806074662471883,0.18994075412131042,0.2864487408780835,0.006852585671872219,0.023503944491019682,True,AP3.4,130.0,8.3,7.498198192099515e+19,$(U_{0.8}Pu_{0.2})N$
Kd_1p0e6_AP3p4,rizk2025_refit_plot,rizk2025_refit_full,1700.0,1.3,35000000000000.0,4.118165092272241e+22,6.039677247446339e+25,3.8602378290912117e+25,1.4535702552144956e+23,3.1226734333489443e+19,2.206713986293816,59.50873343972157,0.6542786959731894,2.7564955695094824,3.410774265482672,2.0694548836505304,5.480229149133202,2276521956280.734,5.691304890701834e+17,308.46688582337805,0.5,7199689.3772559455,7196882.719110172,1.0003899824764853,1006041852.4323437,1006020723.0246898,37310446.807095125,37305448.65735908,1.000021002954681,1.0001339790812316,0.0385610880362305,56.55347001173608,36.14594544733057,7.262023452897126,5.793013548765424,1.4690099041317022,7.755541403521748e+24,6.186699439904597e+24,1.568841963617151e+24,1.0679587381981997e+26,1.0522703185620284e+26,1.0724814323984722,3.904678876597895e+16,0.002412639734355404,8.089529841186663e-07,1.2022666798630296e-06,1.2022666798630296e-06,0.031133587981459994,0.031133587981459994,7.322787730852098e+20,4.329501561671958e-05,4.9573286738281364e-18,2.899995230890099e-19,2.8999952308900988e-18,2.8708990269161864e-13,1.7995675661038836e+19,35000000000000.0,35000000000000.0,0.0,0.021874381943161835,0.0049745232321091815,1.4651604503441091e-05,5.29660411788135e-06,1.4651604503441091e-05,5.29660411788135e-06,1.8506055466091986e-29,1.3855087734899593e+19,1.8622892387157942e+19,625.296656937927,7.454384066640354e-20,-773108.5877660336,2.7964118275080795e+21,3.6343628443125526e+21,0.0,0.0,0.0,0.0,0.3333333333333333,0.3333333333333333,2.0,4.065586385900453e-18,8.846547337881255e-24,0.0,8.91742287927684e-19,,0.0,0.0,0.0,0.0,0.0,4.065586385900453e-18,8.91742287927684e-19,1.7845391984166736e-06,17.0,8.427458745507831e-17,2.8708990269161863e-19,2.90962039739128e-21,,,2.8708990269161863e-19,2.90962039739128e-21,10.0,,9.536544540177922e-08,3.4095948968030423,31283507836088.19,0.00011616912166069426,0.004858354110448488,0.00011616912166069426,0.004858354110448488,0.021874381943161835,0.0049745232321091815,False,False,1.0,1.4222069977139769,1.1800037174095193e-08,0.2048017075850156,0.6970925133513324,1.0,1.7383978355113046,1.9699762330724083e-07,0.3031403239580126,0.559217911017229,0.18703415696926,0.30207800163108967,0.006542786959731895,0.027564955695094824,True,AP3.4,130.0,8.3,7.498198192099515e+19,$(U_{0.8}Pu_{0.2})N$
Kd_1p0e6_AP3p4,rizk2025_refit_plot,rizk2025_refit_full,1725.0,1.3,35000000000000.0,2.970357047272946e+22,5.59525398642691e+25,4.263944608123846e+25,1.1282227679447028e+23,3.0552599169118847e+19,2.354602450584615,63.40732639327349,0.6169305035277051,3.2625343704204335,3.8794648739481388,2.159994052647576,6.039458926595715,2089674571952.166,5.224186429880415e+17,321.9623892654677,0.5,6897958.425731174,6895215.323332512,1.0003978269379608,942856933.627442,942834319.8440167,35016368.25688601,35011726.97664014,1.000023984896338,1.0001325635907354,0.027813406464414218,52.3920427475214,39.926117513844545,7.654026332169641,5.717207390022739,1.9368189421469029,8.174184303839685e+24,6.105741590266106e+24,2.0684427135735786e+24,1.0679587381981997e+26,1.047274311062464e+26,1.0866042621228182,3.101230686935108e+16,0.0020205913289860163,7.165545961563322e-07,1.6848971819590365e-06,1.6848971819590365e-06,0.03724945702492024,0.03724945702492024,7.32938632214846e+20,4.707575579783814e-05,7.567991386132277e-18,5.027449568924469e-19,5.0274495689244694e-18,4.994440127391286e-13,1.7995675661038836e+19,35000000000000.0,35000000000000.0,0.0,0.027505008866604775,0.007564283717487412,1.4321097136643385e-05,5.257721038285969e-06,1.4321097136643385e-05,5.257721038285969e-06,2.5957946022059383e-29,1.4860758340488151e+19,2.569097861205632e+19,785.4557404531532,8.963955860754543e-20,-783372.9248009664,3.0209225408388813e+21,3.9593959179046774e+21,0.0,0.0,0.0,0.0,0.3333333333333333,0.3333333333333333,2.0,6.676249098204593e-18,5.204352986654048e-24,0.0,8.91742287927684e-19,,0.0,0.0,0.0,0.0,0.0,6.676249098204593e-18,8.91742287927684e-19,6.876795600204564e-07,17.0,1.286558535642487e-16,4.994440127391286e-19,3.3009441533183215e-21,,,4.994440127391286e-19,3.3009441533183215e-21,10.0,,9.536544540177922e-08,3.4095948968030423,31125522062939.305,0.0001848458415432287,0.0073794378759441835,0.0001848458415432287,0.0073794378759441835,0.027505008866604775,0.007564283717487412,False,False,1.0,1.4083594483715227,1.284005449819987e-08,0.1997301552530802,0.7043885982705962,1.0,1.8055752758062407,1.9843588521339888e-07,0.3205887120199533,0.5355915245976377,0.18340538433457543,0.3195349485117549,0.00616930503527705,0.032625343704204335,True,AP3.4,130.0,8.3,7.498198192099515e+19,$(U_{0.8}Pu_{0.2})N$
Kd_1p0e6_AP3p4,rizk2025_refit_plot,rizk2025_refit_full,1750.0,1.3,35000000000000.0,2.1179919842068937e+22,5.103105286707604e+25,4.714294972854425e+25,8.583994771881794e+22,2.9741736719498535e+19,2.517306974837652,67.76767496672673,0.5735702155888126,3.877240060784764,4.450810276373576,2.25749542086754,6.708305697241117,1913066261681.0503,4.782665654202625e+17,336.49565773918135,0.5000000000000001,6600147.681183505,6597410.542874606,1.0004148807007098,881920063.578812,881894827.3653332,32763684.02060506,32758981.34457171,1.0000286158991931,1.000143553793199,0.01983215182807766,47.783730814518904,44.14304414801755,8.053392885635475,5.643336601210861,2.410056284424613,8.600691304357619e+24,6.026850635856868e+24,2.573840668500751e+24,1.0679587381981997e+26,1.0422203315131922e+26,1.1041218722430004,2.4378284157556652e+16,0.0016850693609920925,6.309073159940559e-07,2.5272047563285984e-06,2.5272047563285984e-06,0.04485454930888303,0.04485454930888303,7.329740637754541e+20,5.142432599864377e-05,1.170078713301288e-17,8.589643716813095e-19,8.589643716813095e-18,8.552344067970446e-13,1.7995675661038836e+19,35000000000000.0,35000000000000.0,0.0,0.0344066468330816,0.011649159663618106,1.3978462128010171e-05,5.219415438352517e-06,1.3978462128010171e-05,5.219415438352517e-06,3.8990387793507914e-29,1.5935115028906768e+19,3.7744006605944955e+19,989.3750222452326,1.079549672729409e-19,-790757.0383110733,3.2678869344669034e+21,4.3092738481927257e+21,0.0,0.0,0.0,0.0,0.3333333333333333,0.3333333333333333,2.0,1.0809044845085196e-17,3.0549830664988003e-24,0.0,8.91742287927684e-19,,0.0,0.0,0.0,0.0,0.0,1.0809044845085196e-17,8.91742287927684e-19,2.610920984862119e-07,17.0,1.9891338126121898e-16,8.552344067970446e-19,3.7299648842649055e-21,,,8.552344067970446e-19,3.7299648842649055e-21,10.0,,9.536544540177922e-08,3.4095948968030423,30968989520518.15,0.00029727105331361095,0.011351888610304495,0.00029727105331361095,0.011351888610304495,0.0344066468330816,0.011649159663618106,False,False,1.0,1.3927073521641844,1.406497128673685e-08,0.19390263740001196,0.7127912421498284,1.0,1.8829057623800547,2.0022289635056033e-07,0.33950311830839924,0.5103112891053615,0.17900377795349198,0.33846016652262456,0.005735702155888126,0.03877240060784764,True,AP3.4,130.0,8.3,7.498198192099515e+19,$(U_{0.8}Pu_{0.2})N$
Kd_1p0e6_AP3p4,rizk2025_refit_plot,rizk2025_refit_full,1775.0,1.3,35000000000000.0,1.5021015857430731e+22,4.574688232325487e+25,5.201677856865884e+25,6.427751578104884e+22,2.87889376000403e+19,2.691122994496379,72.56794068316553,0.5247450304305056,4.608383834456682,5.133128864887188,2.3605401816765763,7.493669046563764,1749689452468.3938,4.3742236311709843e+17,351.85520808178546,0.5,6312179.194382768,6309413.500237239,1.0004383440941738,824963573.0379556,824934424.974305,30597129.28377812,30592021.478087783,1.0000353337947456,1.0001669652884493,0.014065164992023333,42.83581442522438,48.706730614348125,8.443389795435461,5.5712023979415255,2.872187397493936,9.017191912048811e+24,5.949814283152416e+24,3.0673776288963946e+24,1.0679587381981997e+26,1.0372849619092356e+26,1.1254903309574347,1.9026424426266936e+16,0.0014071713913362837,5.53482008742916e-07,3.99348798389895e-06,3.99348798389895e-06,0.054157629257293595,0.054157629257293595,7.298388306280133e+20,5.6427847422606405e-05,1.8155987823124585e-17,1.4466570670705438e-18,1.4466570670705438e-17,1.4424583518951984e-12,1.7995675661038836e+19,35000000000000.0,35000000000000.0,0.0,0.0425240357699979,0.01800888060614672,1.3635228438218648e-05,5.182458949536031e-06,1.3635228438218648e-05,5.182458949536031e-06,6.174965810094042e-29,1.7012658065600657e+19,5.812221522425613e+19,1244.1942910648208,1.297448675399399e-19,-795029.6982691282,3.530474639833082e+21,4.6765588077849797e+21,0.0,0.0,0.0,0.0,0.3333333333333333,0.3333333333333333,2.0,1.7264245535196902e-17,1.7908286029686076e-24,0.0,8.91742287927684e-19,,0.0,0.0,0.0,0.0,0.0,1.7264245535196902e-17,8.91742287927684e-19,9.86357019191045e-08,17.0,3.0865179299311796e-16,1.4424583518951983e-18,4.198715175345496e-21,,,1.4424583518951983e-18,4.198715175345496e-21,10.0,,9.536544540177922e-08,3.4095948968030423,30821747179446.7,0.0004780237381594567,0.017530856867987263,0.0004780237381594567,0.017530856867987263,0.0425240357699979,0.01800888060614672,False,False,1.0,1.3752959442769286,1.548886258997571e-08,0.18729767706388492,0.7223387249767954,1.0,1.970431728457665,2.0240749029033783e-07,0.3595518156426863,0.4839132579212733,0.17377319178299186,0.3585223338321995,0.005247450304305056,0.04608383834456682,True,AP3.4,130.0,8.3,7.498198192099515e+19,$(U_{0.8}Pu_{0.2})N$
Kd_1p0e6_AP3p4,rizk2025_refit_plot,rizk2025_refit_full,1800.0,1.3,35000000000000.0,1.0633484403212278e+22,4.022679627111734e+25,5.714974390833079e+25,4.749446686041034e+22,2.7693025016728076e+19,2.8719253009032513,77.7966541207296,0.4712496549932288,5.461875105282917,5.933124760276145,2.4662150816709296,8.399339841947077,1602956992143.997,4.007392480359992e+17,367.60679927059806,0.5000000000000002,6041875.926596864,6039061.313351395,1.0004660680028612,773035078.9072609,773000606.7016389,28541761.834580153,28535931.59102792,1.0000445953150918,1.0002043123608435,0.009956830749053562,37.666994830704546,53.51306362711226,8.809984711434154,5.500590032314003,3.30939467912015,9.408700155968649e+24,5.874403190255657e+24,3.5342969657129917e+24,1.0679587381981997e+26,1.0326157685410699e+26,1.1511929964039507,1.4761927275795118e+16,0.0011821948415870287,4.846024997173478e-07,6.5280927732497495e-06,6.5280927732497495e-06,0.0653824883577855,0.0653824883577855,7.208162557067531e+20,6.223601418764107e-05,2.8109916689626407e-17,2.4025223904971453e-18,2.4025223904971453e-17,2.3978131732901632e-12,1.7995675661038836e+19,35000000000000.0,35000000000000.0,0.0,0.05167703686444812,0.02779018340335883,1.3301417305520372e-05,5.147294089409809e-06,1.3301417305520372e-05,5.147294089409809e-06,1.012771453318643e-28,1.799275285989985e+19,9.210196470885761e+19,1553.3708230537504,1.5494951481139996e-19,-796961.4319431462,3.801070072905291e+21,5.052191424797875e+21,0.0,0.0,0.0,0.0,0.3333333333333333,0.3333333333333333,2.0,2.721817440169872e-17,1.0491064501063835e-24,0.0,8.91742287927684e-19,,0.0,0.0,0.0,0.0,0.0,2.721817440169872e-17,8.91742287927684e-19,3.732157806406955e-08,17.0,4.77868583723649e-16,2.397813173290163e-18,4.7092172069822286e-21,,,2.397813173290163e-18,4.7092172069822286e-21,10.0,,9.536544540177922e-08,3.4095948968030423,30691214844040.395,0.0007630711628270335,0.027027112240531795,0.0007630711628270335,0.027027112240531795,0.05167703686444812,0.02779018340335883,False,False,1.0,1.3561408533516712,1.7132829506242006e-08,0.17987672694755705,0.7330949226103654,1.0,2.0682168203435842,2.050424410028418e-07,0.38042737021378237,0.45688761721448107,0.16765519498909404,0.3794144977999189,0.004712496549932288,0.054618751052829165,True,AP3.4,130.0,8.3,7.498198192099515e+19,$(U_{0.8}Pu_{0.2})N$
Kd_1p0e6_ANP6,rizk2025_refit_plot,rizk2025_refit_full,900.0,3.2,35000000000000.0,1.7046290005169603e+23,2.1844219013900612e+26,2.7173761016561815e+25,9.288445277723755e+23,3.432439197593245e+19,1.7456377671666896,32.342465706771826,2.0696362583670327,0.4864193478766642,2.556055606243697,0.14533114206352157,2.7013867483072187,7629721045242.076,1.9074302613105188e+18,85.04142288785242,0.12736519326086093,1222363600530.1475,26104925.39532887,46825.01796189287,1275064818.6877499,1271741504.311767,132185127.1405461,68640406.70638105,1.0026131995886862,1.9257625862560297,0.06484384711607125,83.09510149585505,10.336860421782195,6.503194235246673,6.503194235246673,0.0,1.7095736885495029e+25,1.7095736885495029e+25,0.0,2.6288215094111468e+26,2.6288215094111468e+26,1.0122672756004112,1.2449387472271574e+17,0.0042704083511084295,1.263168084179551e-06,2.1361167518329812e-07,2.1361167518329812e-07,0.005401208599730572,0.005401208599730572,1.0636538215259518e+21,8.575917407266823e-06,9.229586270335752e-19,5.911994148657879e-25,5.911994148657879e-24,5.119872410101689e-28,1.8625632456264503e+19,35000000000000.0,35000000000000.0,0.0,0.021065131095809986,0.0009607530983607109,1.6361186739183437e-05,6.019488938077562e-06,1.6361186739183437e-05,6.019488938077562e-06,2.748942962902141e-30,6.060399676223783e+18,2.6452695295596815e+18,0.00031354510555760544,1.0189232028459187e-21,-101414.58807204138,2.674103206163826e+21,0.0,0.0,0.0,0.0,0.0,0.3333333333333333,0.3333333333333333,2.0,2.4966082885114063e-31,1.1115015552558786e-24,0.0,9.229586270333256e-19,,0.0,0.0,0.0,0.0,0.0,2.4966082885114063e-31,9.229586270333256e-19,1.2042810183467137e-06,17.0,1.5690296659570778e-17,5.119872410101689e-34,5.911994143538007e-25,,,5.119872410101689e-34,5.911994143538007e-25,10.0,,9.536544540177922e-08,3.4095948968030423,32779757294970.914,1.2959055660838566e-05,0.0009477940426998724,1.2959055660838566e-05,0.0009477940426998724,0.021065131095809986,0.0009607530983607109,False,False,1.0,1.7550894633275225,6.358304496671153e-09,0.30756953954629723,0.5531935794467981,1.0,1.3326198377157477,1.9088394503758035e-07,0.17053309379816284,0.7466800414628502,0.27455625441401055,0.16943518989173229,0.020696362583670327,0.004864193478766642,True,ANP6,125.0,8.0,7.76068019011021e+19,$(U_{0.8}Pu_{0.2})N$
Kd_1p0e6_ANP6,rizk2025_refit_plot,rizk2025_refit_full,925.0,3.2,35000000000000.0,1.7033531413929163e+23,2.183390913662818e+26,2.72888428166327e+25,9.276727617604715e+23,3.4249470181677285e+19,1.74789829392729,33.526550836098586,2.0750658816587038,0.5406411463593923,2.615707028018096,0.14525905226529479,2.760966080283391,7630362454826.977,1.907590613706744e+18,85.02497675917692,0.1273266389101961,473682911702.0345,26109974.79349962,18141.837188596724,1272179661.824813,1270096782.9266324,112899814.09911186,66216176.27333408,1.001639937149814,1.7050186291801592,0.06479531361467236,83.05588286790514,10.380637376458994,6.49868444202118,6.49868444202118,0.0,1.7083881444060852e+25,1.7083881444060852e+25,0.0,2.6288215094111468e+26,2.628821509411146e+26,1.0136481213721003,1.2430761050772501e+17,0.004267020653500087,1.2550955470294394e-06,2.4013502738375886e-07,2.4013502738375886e-07,0.005995922418631648,0.005995922418631648,1.207559636559171e+21,9.092592773586866e-06,9.229586270347583e-19,1.005157781403788e-24,1.005157781403788e-23,3.600113810511962e-27,1.8625632456264503e+19,35000000000000.0,35000000000000.0,0.0,0.02106287328660885,0.0009589901504064734,1.635482262699547e-05,5.978714949967119e-06,1.635482262699547e-05,5.978714949967119e-06,3.101096499771478e-30,6.255076403281822e+18,3.0594929067230203e+18,0.0008310105413114585,1.0186100379547969e-21,-101404.92144469927,2.67251783419471e+21,0.0,0.0,0.0,0.0,0.0,0.3333333333333333,0.3333333333333333,2.0,1.4326320272288242e-30,7.928467239249499e-24,0.0,9.229586270333256e-19,,0.0,0.0,0.0,0.0,0.0,1.4326320272288242e-30,9.229586270333256e-19,8.590273720851104e-06,17.0,1.569029665959089e-17,3.600113810511962e-33,1.0051577778036742e-24,,,3.600113810511962e-33,1.0051577778036742e-24,10.0,,9.536544540177922e-08,3.4095948968030423,32703496238814.434,1.3401120209438104e-05,0.0009455890301970352,1.3401120209438104e-05,0.0009455890301970352,0.02106287328660885,0.0009589901504064734,False,False,1.0,1.7559474941603983,6.360980640232178e-09,0.30779550584023585,0.5528867178542647,1.0,1.3478362720792814,1.9102302569743604e-07,0.17660746391554466,0.7378430148614116,0.27479614122039636,0.17551047102827666,0.020750658816587036,0.0054064114635939235,True,ANP6,125.0,8.0,7.76068019011021e+19,$(U_{0.8}Pu_{0.2})N$
Kd_1p0e6_ANP6,rizk2025_refit_plot,rizk2025_refit_full,950.0,3.2,35000000000000.0,1.7021073804450048e+23,2.182466425368498e+26,2.739299013892659e+25,9.265447009784653e+23,3.417036404716878e+19,1.7501400229652857,34.697797996183574,2.0805270927842354,0.5979212081021484,2.678448300886384,0.14523058619103055,2.8236788870774148,7630608898649.177,1.9076522246622943e+18,85.0185070548429,0.12731137436157575,193083509282.7833,26111961.699914873,7394.44670996943,1269818155.5133078,1268469934.3305254,98414104.53593738,63981005.37227691,1.001062872005314,1.5381769005239858,0.06474792504365483,83.02071546338527,10.420254871188494,6.494281740382569,6.494281740382569,0.0,1.7072307527293753e+25,1.7072307527293753e+25,0.0,2.6288215094111468e+26,2.6288215094111468e+26,1.0151098060307835,1.2412587476910043e+17,0.004263622798389622,1.2474358204710609e-06,2.648840382409048e-07,2.648840382409048e-07,0.006623573283637659,0.006623573283637659,1.3500173707825623e+21,9.659963524872696e-06,9.229586270408242e-19,1.654156910152138e-24,1.654156910152138e-23,2.2845010932250072e-26,1.8625632456264503e+19,35000000000000.0,35000000000000.0,0.0,0.02106134552438402,0.0009572623788097811,1.6348516287774695e-05,5.941002273399253e-06,1.6348516287774695e-05,5.941002273399253e-06,3.431782405542679e-30,6.451883570194132e+18,3.4469748146574203e+18,0.002092538035275521,1.0185939355220296e-21,-101411.63520177187,2.670970242338478e+21,0.0,0.0,0.0,0.0,0.0,0.3333333333333333,0.3333333333333333,2.0,7.498646671560408e-30,4.1448101342312676e-23,0.0,9.229586270333256e-19,,0.0,0.0,0.0,0.0,0.0,7.498646671560408e-30,9.229586270333256e-19,4.490786491178152e-05,17.0,1.5690296659694012e-17,2.284501093225007e-32,1.6541568873071272e-24,,,2.284501093225007e-32,1.6541568873071272e-24,10.0,,9.536544540177922e-08,3.4095948968030423,32628757428854.543,1.3834346877555334e-05,0.0009434280319322258,1.3834346877555334e-05,0.0009434280319322258,0.02106134552438402,0.0009572623788097811,False,False,1.0,1.75681178494154,6.363561231552522e-09,0.30802295252762024,0.552577893504836,1.0,1.3631157224534638,1.9117031564156265e-07,0.18259802967313957,0.7291470509351505,0.2750370018655771,0.181501960035412,0.020805270927842356,0.005979212081021485,True,ANP6,125.0,8.0,7.76068019011021e+19,$(U_{0.8}Pu_{0.2})N$
Kd_1p0e6_ANP6,rizk2025_refit_plot,rizk2025_refit_full,975.0,3.2,35000000000000.0,1.7008832477315062e+23,2.1816600334913327e+26,2.748502401837424e+25,9.254626399013414e+23,3.4088822901434814e+19,1.7523740412127062,35.83332344020215,2.086065468429088,0.6569947260753831,2.743060194504471,0.1452973010698428,2.888357495574314,7629993610162.467,1.9074984025406164e+18,85.03380904599254,0.1273469372131192,82464268433.28479,26107262.804130778,3158.671556339373,1267752120.5632539,1266852822.393831,87390025.17236885,61953505.476674154,1.0007098679132462,1.4105743411931984,0.06470135920762846,82.9900404299424,10.455264429318694,6.489993781531271,6.489993781531271,0.0,1.7061035248833991e+25,1.7061035248833991e+25,0.0,2.6288215094111468e+26,2.6288215094111468e+26,1.0166204461584178,1.2394742312700101e+17,0.004260203135320358,1.2402919176972125e-06,2.865912397391122e-07,2.865912397391122e-07,0.007270449135386816,0.007270449135386816,1.4856433937457343e+21,1.0277745285602328e-05,9.229586270693807e-19,2.6424228814455974e-24,2.6424228814455972e-23,1.3186026336093777e-25,1.8625632456264503e+19,35000000000000.0,35000000000000.0,0.0,0.021060723177903348,0.0009556034895952052,1.634223645068431e-05,5.906694774777803e-06,1.634223645068431e-05,5.906694774777803e-06,3.7239413097144114e-30,6.652317571390982e+18,3.7874491017992177e+18,0.005026563024797006,1.0192258907174754e-21,-101454.08244309603,2.669450037495828e+21,0.0,0.0,0.0,0.0,0.0,0.3333333333333333,0.3333333333333333,2.0,3.605513394506346e-29,1.6519152081715012e-22,0.0,9.229586270333256e-19,,0.0,0.0,0.0,0.0,0.0,3.605513394506346e-29,9.229586270333256e-19,0.00017898041794318947,17.0,1.5690296660179473e-17,1.3186026336093777e-31,2.642422749585334e-24,,,1.3186026336093777e-31,2.642422749585334e-24,10.0,,9.536544540177922e-08,3.4095948968030423,32556998875685.13,1.4250284747283812e-05,0.0009413532048479213,1.4250284747283812e-05,0.0009413532048479213,0.021060723177903348,0.0009556034895952052,False,False,1.0,1.757690062710574,6.36604053183866e-09,0.3082539073268675,0.5522643547995132,1.0,1.3781457623326796,1.9132261689737856e-07,0.18838775864681392,0.7207612978719583,0.27528083568255757,0.18729260396845523,0.02086065468429088,0.006569947260753831,True,ANP6,125.0,8.0,7.76068019011021e+19,$(U_{0.8}Pu_{0.2})N$
Kd_1p0e6_ANP6,rizk2025_refit_plot,rizk2025_refit_full,1000.0,3.2,35000000000000.0,1.6996746319781087e+23,2.1809751355940286e+26,2.7564593576611634e+25,9.244277709335973e+23,3.400669754864708e+19,1.7546057063046825,36.91404257650501,2.0917038960567593,0.7165193026578524,2.808223198714612,0.145565834696198,2.9537890334108097,7627555693180.713,1.9068889232951782e+18,85.09522646202379,0.12749021314924103,36770842493.000755,26088419.906735186,1409.4698960095975,1265858434.0830834,1265241525.217349,78920426.88845417,60139714.99867593,1.0004875818991386,1.3122846839262827,0.06465538363457905,82.9639870103834,10.485532577214066,6.485825028767955,6.485825028767955,0.0,1.7050076341902371e+25,1.7050076341902371e+25,0.0,2.6288215094111468e+26,2.6288215094111468e+26,1.0181459069735994,1.2377135847518507e+17,0.004256761051061539,1.2337321048909846e-06,3.0411267640851246e-07,3.0411267640851246e-07,0.007921989321614344,0.007921989321614344,1.60909223686681e+21,1.0943306513462957e-05,9.229586271935955e-19,4.1078364398687146e-24,4.107836439868715e-23,6.972208708889678e-25,1.8625632456264503e+19,35000000000000.0,35000000000000.0,0.0,0.021061094735363352,0.0009540403102803465,1.6335968024792637e-05,5.8759236127833035e-06,1.6335968024792637e-05,5.8759236127833035e-06,3.962023294430605e-30,6.856885898906559e+18,4.0627381894627133e+18,0.011562717508693017,1.0212393150909638e-21,-101572.97625099708,2.6679497014811264e+21,0.0,0.0,0.0,0.0,0.0,0.3333333333333333,0.3333333333333333,2.0,1.6026995865756309e-28,5.19276648232866e-22,0.0,9.229586270333256e-19,,0.0,0.0,0.0,0.0,0.0,1.6026995865756309e-28,9.229586270333256e-19,0.000562621804415882,17.0,1.5690296662291124e-17,6.972208708889678e-31,4.1078357426478436e-24,,,6.972208708889678e-31,4.1078357426478436e-24,10.0,,9.536544540177922e-08,3.4095948968030423,32489380997603.08,1.4642208922292672e-05,0.0009393981013580538,1.4642208922292672e-05,0.0009393981013580538,0.021061094735363352,0.0009540403102803465,False,False,1.0,1.7585861816677433,6.368415318716229e-09,0.30848937450607894,0.5519447409773802,1.0,1.3926483567930545,1.9147650210344473e-07,0.19388047777837414,0.7128232319811838,0.2755286314735961,0.1927862096736403,0.020917038960567593,0.0071651930265785235,True,ANP6,125.0,8.0,7.76068019011021e+19,$(U_{0.8}Pu_{0.2})N$
Kd_1p0e6_ANP6,rizk2025_refit_plot,rizk2025_refit_full,1025.0,3.2,35000000000000.0,1.698476864324717e+23,2.1804093556641078e+26,2.7631936402011427e+25,9.234399667313651e+23,3.3925815144106828e+19,1.7568373902222392,37.92496790026588,2.0974517244715907,0.7751657334379191,2.8726174579095094,0.1462484154491198,3.0188658733586293,7621398250431.289,1.9053495626078223e+18,85.25097349545817,0.1278540274318634,17062528830.63923,26040758.35120256,655.2239608587008,1264068747.9481719,1263634308.0785475,72374921.17865977,58536634.911283255,1.0003438018949367,1.2364038569752,0.06460982072172615,82.94246482152823,10.511149693156971,6.481775664593086,6.481775664593086,0.0,1.7039431286260037e+25,1.7039431286260037e+25,0.0,2.6288215094111468e+26,2.628821509411147e+26,1.0196520993832008,1.235969963308374e+17,0.00425330116678435,1.227798030947935e-06,3.1658919119339634e-07,3.1658919119339634e-07,0.00856374536828946,0.00856374536828946,1.715511345093928e+21,1.1652243645664589e-05,9.22958627695745e-19,6.228609020264905e-24,6.228609020264905e-23,3.398959714178951e-24,1.8625632456264503e+19,35000000000000.0,35000000000000.0,0.0,0.021062486472283103,0.0009525926110763138,1.6329704339114528e-05,5.84866419635879e-06,1.6329704339114528e-05,5.84866419635879e-06,4.13417234844293e-30,7.065225596142106e+18,4.259293993199242e+18,0.025566154368333135,1.0260996175911384e-21,-101849.48341009645,2.6664634662563747e+21,0.0,0.0,0.0,0.0,0.0,0.3333333333333333,0.3333333333333333,2.0,6.624193185834588e-28,1.3258494972592796e-21,0.0,9.229586270333256e-19,,0.0,0.0,0.0,0.0,0.0,6.624193185834588e-28,9.229586270333256e-19,0.0014365210503198725,17.0,1.5690296670827666e-17,3.398959714178951e-30,6.228605621305191e-24,,,3.398959714178951e-30,6.228605621305191e-24,10.0,,9.536544540177922e-08,3.4095948968030423,32426758891697.273,1.5005165046602007e-05,0.0009375874460297118,1.5005165046602007e-05,0.0009375874460297118,0.021062486472283103,0.0009525926110763138,False,False,1.0,1.759501660100776,6.3706854081751544e-09,0.30872974198475167,0.5516185286084313,1.0,1.406388937010061,1.9162854448846483e-07,0.1990021140207629,0.7054372540461941,0.27578077724706773,0.19790868603736156,0.020974517244715905,0.0077516573343791905,True,ANP6,125.0,8.0,7.76068019011021e+19,$(U_{0.8}Pu_{0.2})N$
Kd_1p0e6_ANP6,rizk2025_refit_plot,rizk2025_refit_full,1050.0,3.2,35000000000000.0,1.6972863725695014e+23,2.17995628366343e+26,2.7687703337490434e+25,9.224977567355685e+23,3.384783794910772e+19,1.7590699817073718,38.855524616263445,2.1033099703457707,0.8317213954715756,2.935031365817346,0.14775263488856333,3.0827840007059093,7607936654684.682,1.9019841636711706e+18,85.59267997293969,0.12865337993962742,8214229716.426695,25936797.407229893,316.70177267672125,1262344088.3602066,1262030517.8792517,67303773.96265137,57134732.36881204,1.000248465054143,1.177983534222176,0.06456453458301518,82.92523002642875,10.532363356876385,6.477842082111832,6.477842082111832,0.0,1.702909060002427e+25,1.702909060002427e+25,0.0,2.6288215094111468e+26,2.6288215094111468e+26,1.0211076473827447,1.2342381382954998e+17,0.004249829783576845,1.2225085733594696e-06,3.236250196264304e-07,3.236250196264304e-07,0.00918249501499812,0.00918249501499812,1.801078045900141e+21,1.2399422749809893e-05,9.229586295923071e-19,9.230255568932457e-24,9.230255568932457e-23,1.5366002896313798e-23,1.8625632456264503e+19,35000000000000.0,35000000000000.0,0.0,0.021064878022321678,0.0009512730017648518,1.6323442898956235e-05,5.82477710668685e-06,1.6323442898956235e-05,5.82477710668685e-06,4.234645869961765e-30,7.276307358901571e+18,4.370943584523913e+18,0.054549725397678064,1.0366276301793717e-21,-102438.11124111115,2.664986894982917e+21,0.0,0.0,0.0,0.0,0.0,0.3333333333333333,0.3333333333333333,2.0,2.558981501392922e-27,2.8205305937173354e-21,0.0,9.229586270333256e-19,,0.0,0.0,0.0,0.0,0.0,2.558981501392922e-27,9.229586270333256e-19,0.0030559664358555606,17.0,1.569029670306922e-17,1.5366002896313797e-29,9.230240202929561e-24,,,1.5366002896313797e-29,9.230240202929561e-24,10.0,,9.536544540177922e-08,3.4095948968030423,32369677864057.11,1.5335994890545288e-05,0.0009359370068743065,1.5335994890545288e-05,0.0009359370068743065,0.021064878022321678,0.0009512730017648518,False,False,1.0,1.7604365588170043,6.372853731012741e-09,0.308975014002778,0.5512857152531871,1.0,1.4191860100903682,1.9177558512169107e-07,0.20370190882125286,0.6986733879017899,0.276037293249994,0.20260926038655444,0.02103309970345771,0.008317213954715756,True,ANP6,125.0,8.0,7.76068019011021e+19,$(U_{0.8}Pu_{0.2})N$
Kd_1p0e6_ANP6,rizk2025_refit_plot,rizk2025_refit_full,1075.0,3.2,35000000000000.0,1.6961005832567175e+23,2.1796066327362904e+26,2.773283997311413e+25,9.215983333354434e+23,3.377411714038886e+19,1.7613037436220706,39.69988782529954,2.1092743165871566,0.8851980601764564,2.9944723767636128,0.1508365210564429,3.145308897820056,7580686034561.242,1.8951715086403105e+18,86.28722617503439,0.13028145180214906,4090824070.0750394,25728026.017393477,159.00264044001784,1260661608.304705,1260429955.9567356,63376422.35994368,55919553.47000404,1.0001837883548186,1.133349936242599,0.06451942732455207,82.91192935440185,10.54953326950153,6.474017948772078,6.474017948772078,0.0,1.7019037636045871e+25,1.7019037636045871e+25,0.0,2.6288215094111468e+26,2.628821509411147e+26,1.0224867169576646,1.2325143513836645e+17,0.004246352613267144,1.217860423671383e-06,3.254470124768047e-07,3.254470124768047e-07,0.009767423459617751,0.009767423459617751,1.863559237958033e+21,1.3178998480766992e-05,9.229586363166182e-19,1.339269735187341e-23,1.339269735187341e-22,6.475908336901747e-23,1.8625632456264503e+19,35000000000000.0,35000000000000.0,0.0,0.021068211632729355,0.000950086861721703,1.6317182969455928e-05,5.804034847627462e-06,1.6317182969455928e-05,5.804034847627462e-06,4.26597927966367e-30,7.488765164326028e+18,4.401283675493332e+18,0.11282275860477846,1.05808654299072e-21,-103619.1033532633,2.663516772207717e+21,0.0,0.0,0.0,0.0,0.0,0.3333333333333333,0.3333333333333333,2.0,9.283292620781236e-27,5.111146223267797e-21,0.0,9.229586270333256e-19,,0.0,0.0,0.0,0.0,0.0,9.283292620781236e-27,9.229586270333256e-19,0.005537784709036987,17.0,1.569029681738251e-17,6.475908336901747e-29,1.3392632592790043e-23,,,6.475908336901747e-29,1.3392632592790043e-23,10.0,,9.536544540177922e-08,3.4095948968030423,32318370343084.86,1.5633353924400906e-05,0.0009344535077973022,1.5633353924400906e-05,0.0009344535077973022,0.021068211632729355,0.000950086861721703,False,False,1.0,1.7613899876295012,6.374926338562715e-09,0.30922494533616535,0.5509466369631941,1.0,1.4309209130139648,1.919150166212379e-07,0.20795366712658572,0.6925659491617,0.2762979662289507,0.20686172941929576,0.021092743165871564,0.008851980601764564,True,ANP6,125.0,8.0,7.76068019011021e+19,$(U_{0.8}Pu_{0.2})N$
Kd_1p0e6_ANP6,rizk2025_refit_plot,rizk2025_refit_full,1100.0,3.2,35000000000000.0,1.694917893745112e+23,2.179349007535187e+26,2.7768506814686986e+25,9.207375813993837e+23,3.370556196824297e+19,1.7635388076535665,40.45723143580636,2.115336885111259,0.9349290651414462,3.0502659502527054,0.15687112466373626,3.207137074916442,7528421356997.537,1.8821053392493842e+18,87.62476640578195,0.13342546576900358,2101461525.3950236,25335302.91789186,82.94597985291763,1259007475.0902855,1258832519.230902,60341412.15601533,54872761.21507431,1.0001389826340763,1.0996605751167978,0.06447443798208924,82.90212932803334,10.563100885806088,6.470295348178473,6.470295348178473,0.0,1.7009251583534453e+25,1.7009251583534453e+25,0.0,2.6288215094111468e+26,2.6288215094111468e+26,1.0237716097520109,1.2307962755972456e+17,0.004242873386134239,1.2138271408743859e-06,3.2298318503136485e-07,3.2298318503136485e-07,0.010311205206184676,0.010311205206184676,1.90278160465496e+21,1.3985135325372125e-05,9.229586587946777e-19,1.9057338427981425e-23,1.9057338427981425e-22,2.556484784617257e-22,1.8625632456264503e+19,35000000000000.0,35000000000000.0,0.0,0.021072398095690063,0.0009490324139144781,1.6310924185540848e-05,5.786139408617399e-06,1.6310924185540848e-05,5.786139408617399e-06,4.240077641369076e-30,7.701261166092684e+18,4.3648008639158016e+18,0.22747265980288545,1.1000626845533776e-21,-105871.63741010167,2.662051081254651e+21,0.0,0.0,0.0,0.0,0.0,0.3333333333333333,0.3333333333333333,2.0,3.1761352235744896e-26,8.043227546416823e-21,0.0,9.229586270333256e-19,,0.0,0.0,0.0,0.0,0.0,3.1761352235744896e-26,9.229586270333256e-19,0.008714613021693452,17.0,1.569029719950952e-17,2.556484784617257e-28,1.9057082779502963e-23,,,2.556484784617257e-28,1.9057082779502963e-23,10.0,,9.536544540177922e-08,3.4095948968030423,32272758869331.28,1.5897693751844163e-05,0.000933134720162634,1.5897693751844163e-05,0.000933134720162634,0.021072398095690063,0.0009490324139144781,False,False,1.0,1.762360405854451,6.376912351746736e-09,0.3094791210063555,0.5506018598743123,1.0,1.441545802264447,1.920450437189429e-07,0.21175653903024988,0.6871128611315647,0.2765624289147861,0.21066524226930372,0.021153368851112592,0.009349290651414462,True,ANP6,125.0,8.0,7.76068019011021e+19,$(U_{0.8}Pu_{0.2})N$
Kd_1p0e6_ANP6,rizk2025_refit_plot,rizk2025_refit_full,1125.0,3.2,35000000000000.0,1.693737592328677e+23,2.1791705210055734e+26,2.779601502161694e+25,9.199102078523392e+23,3.3642553611314295e+19,1.7657754335303566,41.13168036825234,2.1214874085709328,0.9806339378549809,3.1021213464259136,0.16828014981299208,3.270401496238906,7432801984083.319,1.8582004960208297e+18,90.0825389557861,0.13922424210249415,1110242189.6032336,24644065.606205996,45.0510969798606,1257372969.83129,1257238014.4407728,58000369.302101,53972995.51402515,1.0001073427536926,1.074618311430006,0.06442953948243038,82.89533972558317,10.573564968982323,6.466665765952073,6.466665765952073,0.0,1.6999710059707518e+25,1.6999710059707518e+25,0.0,2.6288215094111468e+26,2.6288215094111468e+26,1.0249545375995524,1.229082913639337e+17,0.00423939322510496,1.2103588653508214e-06,3.177862169143311e-07,3.177862169143311e-07,0.010810739780895981,0.010810739780895981,1.92085091579e+21,1.4811913489829924e-05,9.229587299187473e-19,2.6634018997210715e-23,2.6634018997210716e-22,9.494708146321283e-22,1.8625632456264503e+19,35000000000000.0,35000000000000.0,0.0,0.021077322645842014,0.0009481011859530742,1.630466582652619e-05,5.770737161681539e-06,1.630466582652619e-05,5.770737161681539e-06,4.177241579260883e-30,7.912758666938799e+18,4.285602993522059e+18,0.4504508122947254,1.1797436970975436e-21,-109953.17885286924,2.6605889426862155e+21,0.0,0.0,0.0,0.0,0.0,0.3333333333333333,0.3333333333333333,2.0,1.028854216590493e-25,1.117844112518055e-20,0.0,9.229586270333256e-19,,0.0,0.0,0.0,0.0,0.0,1.028854216590493e-25,9.229586270333256e-19,0.012111528677089001,17.0,1.5690298408618703e-17,9.494708146321284e-28,2.663306952639608e-23,,,9.494708146321284e-28,2.663306952639608e-23,10.0,,9.536544540177922e-08,3.4095948968030423,32232475408841.39,1.613115016102076e-05,0.0009319700357920535,1.613115016102076e-05,0.0009319700357920535,0.021077322645842014,0.0009481011859530742,False,False,1.0,1.7633458257158277,6.378823676221259e-09,0.3097370102424568,0.5502521068147501,1.0,1.4510865862587679,1.9216486234545403e-07,0.21513434842984575,0.6822769860616622,0.2768302125433599,0.21404362940288704,0.021214874085709327,0.009806339378549809,True,ANP6,125.0,8.0,7.76068019011021e+19,$(U_{0.8}Pu_{0.2})N$
Kd_1p0e6_ANP6,rizk2025_refit_plot,rizk2025_refit_full,1150.0,3.2,35000000000000.0,1.6925596306999856e+23,2.179057483551025e+26,2.781675558520019e+25,9.19110063069593e+23,3.3584935630686433e+19,1.7680140908099695,41.7317246986778,2.1277142208666926,1.0224265785517435,3.1501407994184363,0.1892706170267508,3.339411416445187,7266386567054.459,1.8165966417636145e+18,94.39204801725266,0.14944121143313918,601450437.1355737,23518930.31915396,25.573035379323727,1255752335.4970226,1255646101.2044113,56191911.51340015,53196938.68464384,1.0000846052821009,1.0562997214277832,0.06438472998796776,82.89103979673125,10.581454650160373,6.46312082312042,6.46312082312042,0.0,1.6990391037742035e+25,1.6990391037742035e+25,0.0,2.6288215094111468e+26,2.628821509411147e+26,1.0260379355161748,1.2273743151625158e+17,0.004235910773517808,1.2073848779754596e-06,3.117540752164225e-07,3.117540752164225e-07,0.011267269147518574,0.011267269147518574,1.9219536479216237e+21,1.5653765838501757e-05,9.22958943709223e-19,3.660792762206921e-23,3.660792762206921e-22,3.330768464716398e-21,1.8625632456264503e+19,35000000000000.0,35000000000000.0,0.0,0.021082853936812043,0.0009472791534850947,1.629840658922628e-05,5.757437508069034e-06,1.629840658922628e-05,5.757437508069034e-06,4.102486549119651e-30,8.122634875865433e+18,4.193056328268488e+18,0.8849172310626557,1.3277872664824353e-21,-116929.0766926648,2.659130426527557e+21,0.0,0.0,0.0,0.0,0.0,0.3333333333333333,0.3333333333333333,2.0,3.1667589742037936e-25,1.392433705843146e-20,0.0,9.229586270333256e-19,,0.0,0.0,0.0,0.0,0.0,3.1667589742037936e-25,9.229586270333256e-19,0.015086626716538222,17.0,1.569030204305679e-17,3.330768464716398e-27,3.6604596853604494e-23,,,3.330768464716398e-27,3.6604596853604494e-23,10.0,,9.536544540177922e-08,3.4095948968030423,32196909084766.855,1.63372670145528e-05,0.000930941886470542,1.63372670145528e-05,0.000930941886470542,0.021082853936812043,0.0009472791534850947,False,False,1.0,1.7643439933687173,6.380674270042092e-09,0.30999801434678426,0.5498981922497459,1.0,1.459637056199097,1.9227469297094051e-07,0.21813232225780846,0.6779910710644176,0.2771007909467858,0.21704213036263842,0.021277142208666926,0.010224265785517434,True,ANP6,125.0,8.0,7.76068019011021e+19,$(U_{0.8}Pu_{0.2})N$
Kd_1p0e6_ANP6,rizk2025_refit_plot,rizk2025_refit_full,1175.0,3.2,35000000000000.0,1.6913841773956923e+23,2.178996284853672e+26,2.7832109916224196e+25,9.183306756754851e+23,3.353210018892883e+19,1.7702554113031004,42.268960850974324,2.1340052953120408,1.0607525340132922,3.194757829325333,0.22702491184082205,3.421782741166155,6993145358461.402,1.7482863396153505e+18,101.58139264852187,0.16656430756175122,333172781.0479197,21854396.185346093,15.24511490604898,1254141603.354429,1254056327.5927732,54782950.603753164,52520808.539082594,1.000067999945281,1.043071348815722,0.06434001590981202,82.88871180690259,10.587295416058339,6.459652761129255,6.459652761129255,0.0,1.6981274121783689e+25,1.6981274121783689e+25,0.0,2.6288215094111468e+26,2.6288215094111468e+26,1.0270329145173307,1.2256710594047653e+17,0.004232422942744997,1.2048202704272294e-06,3.066873656398611e-07,3.066873656398611e-07,0.0116857077263065,0.0116857077263065,1.9116643257028646e+21,1.650553264092583e-05,9.229595562117292e-19,4.954703152658314e-23,4.954703152658314e-22,1.1076769180051558e-20,1.8625632456264503e+19,35000000000000.0,35000000000000.0,0.0,0.021088858000486058,0.0009465487474190373,1.629214472279344e-05,5.7458390000333385e-06,1.629214472279344e-05,5.7458390000333385e-06,4.039674823879025e-30,8.330650471869477e+18,4.1149556449269217e+18,1.7466672580474658,1.5993611050091424e-21,-128016.02115397801,2.657676233923497e+21,0.0,0.0,0.0,0.0,0.0,0.3333333333333333,0.3333333333333333,2.0,9.291784035179553e-25,1.5748113098161132e-20,0.0,9.229586270333256e-19,,0.0,0.0,0.0,0.0,0.0,9.291784035179553e-25,9.229586270333256e-19,0.01706262532542485,17.0,1.5690312455599397e-17,1.1076769180051557e-26,4.953595475740309e-23,,,1.1076769180051557e-26,4.953595475740309e-23,10.0,,9.536544540177922e-08,3.4095948968030423,32165288537727.85,1.652052070111119e-05,0.0009300282267179262,1.652052070111119e-05,0.0009300282267179262,0.021088858000486058,0.0009465487474190373,False,False,1.0,1.7653525867560929,6.38247891117723e-09,0.3102615187207328,0.5495409516537364,1.0,1.4673420859808046,1.9237562812684186e-07,0.22081059483796106,0.6741671740257179,0.2773736262092785,0.21972089495952832,0.021340052953120407,0.010607525340132921,True,ANP6,125.0,8.0,7.76068019011021e+19,$(U_{0.8}Pu_{0.2})N$
Kd_1p0e6_ANP6,rizk2025_refit_plot,rizk2025_refit_full,1200.0,3.2,35000000000000.0,1.6902108890194254e+23,2.1789743915542987e+26,2.784334919879902e+25,9.175658691972433e+23,3.3483157742053937e+19,1.7725000936860713,42.75629665190163,2.1403493268455853,1.096264278745688,3.2366136055912738,0.2935493849617245,3.5301629905529976,6574848428485.738,1.6437121071214346e+18,112.96545406572942,0.1936681094425912,188361276.13793775,19652025.642355084,9.584827516811885,1252537948.3029962,1252468198.9625812,53665071.5453522,51922176.93861621,1.0000556895100992,1.0335674409182898,0.06429538418521351,82.88787898887767,10.591570823321474,6.456254803615624,6.456254803615624,0.0,1.6972341497983791e+25,1.6972341497983791e+25,0.0,2.6288215094111468e+26,2.6288215094111464e+26,1.0279560696904735,1.223973526016896e+17,0.004228925822289364,1.2025760258311937e-06,3.038427495253809e-07,3.038427495253809e-07,0.012073276550851844,0.012073276550851844,1.895879107274958e+21,1.7362669489131224e-05,9.229612338152461e-19,6.611179243465562e-23,6.611179243465562e-22,3.503783313863259e-20,1.8625632456264503e+19,35000000000000.0,35000000000000.0,0.0,0.021095217041615478,0.0009458916098738011,1.628587829611891e-05,5.735561131571568e-06,1.628587829611891e-05,5.735561131571568e-06,4.0055701912858824e-30,8.53684199550427e+18,4.0706733278679926e+18,3.514540703533567,2.096184850011649e-21,-144054.39997811514,2.6562273650516595e+21,0.0,0.0,0.0,0.0,0.0,0.3333333333333333,0.3333333333333333,2.0,2.6067819204802983e-24,1.635620778320907e-20,0.0,9.229586270333256e-19,,0.0,0.0,0.0,0.0,0.0,2.6067819204802983e-24,9.229586270333256e-19,0.017721446127913074,17.0,1.5690340974859185e-17,3.503783313863259e-26,6.607675460151699e-23,,,3.503783313863259e-26,6.607675460151699e-23,10.0,,9.536544540177922e-08,3.4095948968030423,32136790148887.93,1.6685697568257586e-05,0.0009292059123055435,1.6685697568257586e-05,0.0009292059123055435,0.021095217041615478,0.0009458916098738011,False,False,1.0,1.7663694236341514,6.384251767038279e-09,0.31052694727181973,0.5491811677328066,1.0,1.4743718671128683,1.924693151757599e-07,0.2232351892526722,0.6707095617195433,0.27764821568349934,0.22214596079535237,0.021403493268455854,0.01096264278745688,True,ANP6,125.0,8.0,7.76068019011021e+19,$(U_{0.8}Pu_{0.2})N$
Kd_1p0e6_ANP6,rizk2025_refit_plot,rizk2025_refit_full,1225.0,3.2,35000000000000.0,1.6890377502970548e+23,2.1789811807771422e+26,2.7851549728901073e+25,9.168101576257783e+23,3.343714006674095e+19,1.77474889421321,43.206075816888884,2.146736638028116,1.1296715823489987,3.2764082203771148,0.4083011897242253,3.68470941010134,5985534625318.453,1.4963836563296133e+18,130.10872124373367,0.23388201535638567,108630245.9444781,17062653.285487738,6.366550625328076,1250939265.5393705,1250881185.0727656,52753303.86990219,51381662.37101823,1.0000464316413886,1.0266951561235909,0.06425075815342814,82.8881372499585,10.594690293423454,6.452921698464612,6.452921698464612,0.0,1.6963579359469684e+25,1.6963579359469684e+25,0.0,2.6288215094111468e+26,2.6288215094111468e+26,1.0288256031289393,1.222280989968821e+17,0.004225414896362717,1.2005695984190222e-06,3.036957033002922e-07,3.036957033002922e-07,0.012437849204622342,0.012437849204622342,1.8797092595382634e+21,1.822155824431877e-05,9.229656387498668e-19,8.707186635561624e-23,8.707186635561624e-22,1.057421518979397e-19,1.8625632456264503e+19,35000000000000.0,35000000000000.0,0.0,0.021101851882785107,0.000945291689618372,1.627960522400766e-05,5.726273993833419e-06,1.627960522400766e-05,5.726273993833419e-06,4.006647252065781e-30,8.741404260286718e+18,4.0675438668993623e+18,7.3140865089294,3.0133864884126565e-21,-164617.49017276097,2.654785013053959e+21,0.0,0.0,0.0,0.0,0.0,0.3333333333333333,0.3333333333333333,2.0,7.011716541319382e-24,1.5757510302933402e-20,0.0,9.229586270333256e-19,,0.0,0.0,0.0,0.0,0.0,7.011716541319382e-24,9.229586270333256e-19,0.017072694411762224,17.0,1.5690415858747737e-17,1.057421518979397e-25,8.696612420371831e-23,,,1.057421518979397e-25,8.696612420371831e-23,10.0,,9.536544540177922e-08,3.4095948968030423,32110646044134.336,1.6837279074317144e-05,0.0009284544105440548,1.6837279074317144e-05,0.0009284544105440548,0.021101851882785107,0.000945291689618372,False,False,1.0,1.7673926293322717,6.386005468676278e-09,0.31079380602916157,0.5488195113549865,1.0,1.4808939895305737,1.9255756965628853e-07,0.22546872786748268,0.6675278889234162,0.2779241308252854,0.22437996088310272,0.02146736638028116,0.011296715823489987,True,ANP6,125.0,8.0,7.76068019011021e+19,$(U_{0.8}Pu_{0.2})N$
Kd_1p0e6_ANP6,rizk2025_refit_plot,rizk2025_refit_full,1250.0,3.2,35000000000000.0,1.687859019602464e+23,2.1790082710270735e+26,2.7857556628200644e+25,9.16058524423229e+23,3.339316884591549e+19,1.7770028829358546,43.62869912602759,2.153159621725689,1.1616172007405554,3.314776822466245,0.6016271265252192,3.916403948991464,5229743543370.34,1.3074358858425848e+18,154.86841310985372,0.2895257211648852,63957315.05371163,14334750.097976886,4.461697247358233,1249343725.2755797,1249294540.4411798,51984678.466858394,50883937.51065601,1.0000393700867232,1.0216323855828153,0.06420591940380702,82.88916775925075,10.596975309457472,6.449651011887982,6.449651011887982,0.0,1.6954981308246495e+25,1.6954981308246495e+25,0.0,2.6288215094111468e+26,2.6288215094111475e+26,1.029658076302854,1.2205904027232083e+17,0.004221883393150252,1.198732218622788e-06,3.06025091767844e-07,3.06025091767844e-07,0.012786567795763816,0.012786567795763816,1.8667272936990667e+21,1.9079670843035532e-05,9.229767552555075e-19,1.1334130523459807e-22,1.1334130523459808e-21,3.0533079764031823e-19,1.8625632456264503e+19,35000000000000.0,35000000000000.0,0.0,0.021108750051772925,0.0009447383494992824,1.6273322553691874e-05,5.717716129748417e-06,1.6273322553691874e-05,5.717716129748417e-06,4.0401600492249436e-30,8.944603726772371e+18,4.1021881607473295e+18,15.94651658106813,4.745654892101302e-21,-187326.49040537846,2.653351012912224e+21,0.0,0.0,0.0,0.0,0.0,0.3333333333333333,0.3333333333333333,2.0,1.8128222181985484e-23,1.4206355952567515e-20,0.0,9.229586270333256e-19,,0.0,0.0,0.0,0.0,0.0,1.8128222181985484e-23,9.229586270333256e-19,0.015391889201624338,17.0,1.5690604839343627e-17,3.0533079764031822e-25,1.1303597443695776e-22,,,3.0533079764031822e-25,1.1303597443695776e-22,10.0,,9.536544540177922e-08,3.4095948968030423,32086219906693.453,1.6979027655384487e-05,0.0009277593218438979,1.6979027655384487e-05,0.0009277593218438979,0.021108750051772925,0.0009447383494992824,False,False,1.0,1.768420698703134,6.387751613112725e-09,0.31106169895608843,0.5484565202189366,1.0,1.487052148819958,1.9264205022912033e-07,0.22756369697657053,0.6645466744322942,0.278201035586348,0.22647538750442328,0.021531596217256893,0.011616172007405555,True,ANP6,125.0,8.0,7.76068019011021e+19,$(U_{0.8}Pu_{0.2})N$
Kd_1p0e6_ANP6,rizk2025_refit_plot,rizk2025_refit_full,1275.0,3.2,35000000000000.0,1.6866611202863267e+23,2.17904915531503e+26,2.786201289741592e+25,9.15305178080005e+23,3.3350542437695164e+19,1.7792641960623479,44.032094606994455,2.159612573478646,1.1926130227603768,3.3522255962390233,0.9194019776501012,4.271627573889124,4352314762938.959,1.0880786907347397e+18,189.64536007897047,0.36131484267475916,38474557.863217704,11706060.19085079,3.2867213422743724,1247749080.095913,1247706779.5288835,51315117.89223711,50417769.57954109,1.0000339026506255,1.0177982548648912,0.0641603514825218,82.89072299180688,10.598670467991182,6.446446188719417,6.446446188719417,0.0,1.694655640016711e+25,1.694655640016711e+25,0.0,2.6288215094111468e+26,2.6288215094111468e+26,1.0304667212095864,1.2188942705156563e+17,0.004218317257395204,1.1970105271358678e-06,3.102296297885236e-07,3.102296297885236e-07,0.013125122985205327,0.013125122985205327,1.8587738468122094e+21,1.993632537658234e-05,9.230037822986944e-19,1.4605900990819512e-22,1.4605900990819512e-21,8.457331924393166e-19,1.8625632456264503e+19,35000000000000.0,35000000000000.0,0.0,0.02111601137079112,0.000944229904658245,1.6267024373540145e-05,5.709695676658022e-06,1.6267024373540145e-05,5.709695676658022e-06,4.098296272355493e-30,9.146733387713704e+18,4.165384942085376e+18,36.848586494940484,8.145213218970609e-21,-208310.02823552763,2.6519292751426366e+21,0.0,0.0,0.0,0.0,0.0,0.3333333333333333,0.3333333333333333,2.0,4.5155265368944576e-23,1.2079846732221998e-20,0.0,9.229586270333256e-19,,0.0,0.0,0.0,0.0,0.0,4.5155265368944576e-23,9.229586270333256e-19,0.013087537628651693,17.0,1.5691064299077806e-17,8.457331924393166e-25,1.452132767157558e-22,,,8.457331924393166e-25,1.452132767157558e-22,10.0,,9.536544540177922e-08,3.4095948968030423,32063032290245.887,1.7113895368225943e-05,0.000927116009290019,1.7113895368225943e-05,0.000927116009290019,0.02111601137079112,0.000944229904658245,False,False,1.0,1.769452409560787,6.389503651649465e-09,0.31133030501765513,0.5480926300347598,1.0,1.492957071314032,1.9272408830991204e-07,0.22955995811742427,0.6617087122625932,0.27847867833027234,0.22847210468938345,0.02159612573478646,0.01192613022760377,True,ANP6,125.0,8.0,7.76068019011021e+19,$(U_{0.8}Pu_{0.2})N$
Kd_1p0e6_ANP6,rizk2025_refit_plot,rizk2025_refit_full,1300.0,3.2,35000000000000.0,1.6854140617957332e+23,2.179098132007943e+26,2.786544966608391e+25,9.145407627105633e+23,3.3308737929834717e+19,1.7815376524582653,44.42197025511484,2.1660909774631665,1.2230388080600796,3.389129785523246,1.4308749544703931,4.82000473999364,3429121655617.792,8.572804139044479e+17,237.9505824541063,0.44816454969569497,23623986.51448327,9329668.274412286,2.5321357436978587,1246151435.1966953,1246114555.556387,50714880.35530998,49975270.95827958,1.0000295957062246,1.0147995074933729,0.06411291355316337,82.89258605830788,10.599977809952467,6.4433232181865,6.4433232181865,0.0,1.6938346668056926e+25,1.6938346668056926e+25,0.0,2.6288215094111468e+26,2.628821509411147e+26,1.0312613808451105,1.2171762818835464e+17,0.00421468433414063,1.19536262382409e-06,3.1566243018912703e-07,3.1566243018912703e-07,0.013457726601842744,0.013457726601842744,1.8562308550542856e+21,2.07932190133145e-05,9.23067223883602e-19,1.8677388802971109e-22,1.8677388802971108e-21,2.2525702314749626e-18,1.8625632456264503e+19,35000000000000.0,35000000000000.0,0.0,0.021123940072969468,0.0009437793859318101,1.62606973276868e-05,5.702077806747664e-06,1.62606973276868e-05,5.702077806747664e-06,4.1725943721838576e-30,9.348100679822377e+18,4.2472083103282294e+18,91.49407978657997,1.521322161500278e-20,-224033.17666381717,2.650528862126192e+21,0.0,0.0,0.0,0.0,0.0,0.3333333333333333,0.3333333333333333,2.0,1.085968502764781e-22,9.755018938795317e-21,0.0,9.229586270333256e-19,,0.0,0.0,0.0,0.0,0.0,1.085968502764781e-22,9.229586270333256e-19,0.01056804822703294,17.0,1.5692142806021235e-17,2.2525702314749626e-24,1.8452131779823613e-22,,,2.2525702314749626e-24,1.8452131779823613e-22,10.0,,9.536544540177922e-08,3.4095948968030423,32040741163762.47,1.724425397027542e-05,0.0009265351319615347,1.724425397027542e-05,0.0009265351319615347,0.021123940072969468,0.0009437793859318101,False,False,1.0,1.770486574429905,6.391283397560492e-09,0.3115993133185915,0.5477282624607893,1.0,1.4986890642680044,1.9280468017470718e-07,0.2314861271112787,0.6589729971184305,0.2787568603871311,0.2303987291594108,0.021660909774631667,0.012230388080600795,True,ANP6,125.0,8.0,7.76068019011021e+19,$(U_{0.8}Pu_{0.2})N$
Kd_1p0e6_ANP6,rizk2025_refit_plot,rizk2025_refit_full,1325.0,3.2,35000000000000.0,1.6840538310964644e+23,2.179148524277374e+26,2.7868429982878512e+25,9.137470035349049e+23,3.3267359612579996e+19,1.7838339508132488,44.80249700411444,2.1725903750630926,1.2531804194253928,3.4257707944884856,1.9960907274917603,5.4218615219802455,2446939402622.119,6.117348506555297e+17,297.5314395084356,0.5,13907827.278965395,7461396.360894691,1.8639711129483163,1244542970.3844523,1244510454.00717,50163781.32159828,49550809.63001072,1.0000261278458351,1.0123705686378193,0.06406117056892503,82.89450297314026,10.601111518263943,6.440324338026849,5.422305094856818,1.0180192431700308,1.6930463147389085e+25,1.425427226394925e+25,2.676190883439834e+24,2.6288215094111468e+26,2.602059600576748e+26,1.0320494866846048,1.21540217725908e+17,0.004210913053067227,1.1937499774237928e-06,3.2182523811803113e-07,3.2182523811803113e-07,0.01378752396086843,0.01378752396086843,1.8584835240249005e+21,2.1655857155519003e-05,9.232112917471617e-19,2.378617999571639e-22,2.378617999571639e-21,5.78187606487805e-18,1.8625632456264503e+19,35000000000000.0,35000000000000.0,0.0,0.021133238475686964,0.0009434261952190702,1.6254311758300782e-05,5.694766190883677e-06,1.6254311758300782e-05,5.694766190883677e-06,4.256521526971902e-30,9.549036848555913e+18,4.340006567569969e+18,150.2671179556523,1.9097123458065152e-20,-228731.25322218673,2.6491700421915176e+21,2.6630505036646407e+21,0.0,0.0,0.0,0.0,0.3333333333333333,0.3333333333333333,2.0,2.5266471383605937e-22,7.527425499158216e-21,0.0,9.229586270333256e-19,,0.0,0.0,0.0,0.0,0.0,2.5266471383605937e-22,9.229586270333256e-19,0.008153524081050495,17.0,1.569459195970175e-17,5.78187606487805e-24,2.3207992389228585e-22,,,5.78187606487805e-24,2.3207992389228585e-22,10.0,,9.536544540177922e-08,3.4095948968030423,32019099113951.207,1.7372383765114206e-05,0.000926053811453956,1.7372383765114206e-05,0.000926053811453956,0.021133238475686964,0.0009434261952190702,False,False,1.0,1.7715216047783855,6.393133562668597e-09,0.31186830986482766,0.5473639784510318,1.0,1.5043072334298895,1.9288458315491578e-07,0.23336304653574472,0.6563097089354508,0.2790353871030084,0.23227610430680304,0.021725903750630927,0.012531804194253928,True,ANP6,125.0,8.0,7.76068019011021e+19,$(U_{0.8}Pu_{0.2})N$
Kd_1p0e6_ANP6,rizk2025_refit_plot,rizk2025_refit_full,1350.0,3.2,35000000000000.0,1.6824475234754376e+23,2.179189874103767e+26,2.787176157194453e+25,9.128866625933416e+23,3.3226069448757133e+19,1.7861758543881212,45.17707266965532,2.1791047837144495,1.2832812167410859,3.4623860004555356,2.2874142835892806,5.749800284044817,1863348599890.9185,4.6583714997272966e+17,340.9552758173839,0.5,10011722.523402771,6511117.901542709,1.5376349614296874,1242907643.7674954,1242878742.6199372,49647304.41621082,49139970.095741436,1.0000232533927624,1.0103242700286736,0.06400006685323813,82.89607591471295,10.602378850052764,6.437545168381079,4.469779393274288,1.9677657751067903,1.692315720644598e+25,1.1750252211362153e+25,5.172904995083828e+24,2.6288215094111468e+26,2.577092459460309e+26,1.0328373898431187,1.2135014645482198e+17,0.004206851381285635,1.1921258166346378e-06,3.2840756165588816e-07,3.2840756165588816e-07,0.014117156504477698,0.014117156504477698,1.86433680026267e+21,2.2535110023605356e-05,9.235283837640407e-19,3.0343633300233184e-22,3.0343633300233186e-21,1.4331663655150738e-17,1.8625632456264503e+19,35000000000000.0,35000000000000.0,0.0,0.021145399147119322,0.0009432599872596126,1.6247804593707132e-05,5.68768522865409e-06,1.6247804593707132e-05,5.68768522865409e-06,4.346005107698737e-30,9.749922592305248e+18,4.4389995769215836e+18,198.50815693171117,2.2009165632381265e-20,-152859.69797087702,2.6478959333742907e+21,1.9265404507292183e+21,0.0,0.0,0.0,0.0,0.3333333333333333,0.3333333333333333,2.0,5.697567307150379e-22,5.580606868254579e-21,0.0,9.229586270333256e-19,,0.0,0.0,0.0,0.0,0.0,5.697567307150379e-22,9.229586270333256e-19,0.006042702061315758,17.0,1.569998252398869e-17,1.433166365515074e-23,2.891046693471811e-22,,,1.433166365515074e-23,2.891046693471811e-22,10.0,,9.536544540177922e-08,3.4095948968030423,31997907569245.406,1.75012181424629e-05,0.0009257587691171497,1.75012181424629e-05,0.0009257587691171497,0.021145399147119322,0.0009432599872596126,False,False,1.0,1.7725547834825994,6.395141344637929e-09,0.3121365891906536,0.5470007331538482,1.0,1.5098602687801599,1.9296444800771741e-07,0.23520761525077913,0.6536947281508347,0.27931400025350833,0.23412113050301475,0.021791047837144497,0.012832812167410858,True,ANP6,125.0,8.0,7.76068019011021e+19,$(U_{0.8}Pu_{0.2})N$
Kd_1p0e6_ANP6,rizk2025_refit_plot,rizk2025_refit_full,1375.0,3.2,35000000000000.0,1.6803267875791773e+23,2.1792032417963482e+26,2.787683652220208e+25,9.118847976222615e+23,3.3184520196376154e+19,1.7886099553070312,45.54898701590223,2.185624326529605,1.3135914737158643,3.499215800245469,2.5405792417862387,6.039795042031708,1510491473897.6726,3.776228684744181e+17,378.69130324740195,0.5,8124808.172297781,5862294.64728335,1.3859433312624272,1241213116.8046134,1241187321.7036393,49154085.2508588,48738734.831247635,1.0000207826010812,1.0085219778693326,0.06391939435840849,82.89658441985615,10.604309353983664,6.43518683180179,3.990987259576844,2.444199572224945,1.6916957560519915e+25,1.0491593151761456e+25,6.425364408758459e+24,2.6288215094111468e+26,2.5645678653235626e+26,1.0336316504119347,1.2113323798123136e+17,0.00420218916189169,1.1904182984940918e-06,3.3524517158135455e-07,3.3524517158135455e-07,0.014449313797799061,0.014449313797799061,1.8723326241171002e+21,2.3448674773846458e-05,9.242059895885406e-19,3.912758454223057e-22,3.9127584542230566e-21,3.437073971002977e-17,1.8625632456264503e+19,35000000000000.0,35000000000000.0,0.0,0.02116346457488152,0.0009434675338192581,1.6241046842530972e-05,5.6807660036673e-06,1.6241046842530972e-05,5.6807660036673e-06,4.4388944170504475e-30,9.951230949756176e+18,4.5416375845254856e+18,302.07470347722443,2.992573601414803e-20,-136580.86873496516,2.646794545292483e+21,1.8960295051336687e+21,0.0,0.0,0.0,0.0,0.3333333333333333,0.3333333333333333,2.0,1.2473625552150166e-21,3.994251795482064e-21,0.0,9.229586270333256e-19,,0.0,0.0,0.0,0.0,0.0,1.2473625552150166e-21,9.229586270333256e-19,0.00432181985453299,17.0,1.571150182300519e-17,3.437073971002977e-23,3.5690510571227593e-22,,,3.437073971002977e-23,3.5690510571227593e-22,10.0,,9.536544540177922e-08,3.4095948968030423,31976978134283.848,1.763549403921375e-05,0.0009258320397800444,1.763549403921375e-05,0.0009258320397800444,0.02116346457488152,0.0009434675338192581,False,False,1.0,1.7735810020906682,6.3974825859010565e-09,0.3124028281765159,0.5466403170695445,1.0,1.5153960861970104,1.930449476420582e-07,0.2370360910209684,0.6511049312264667,0.2795922776085633,0.23595006806053423,0.02185624326529605,0.013135914737158643,True,ANP6,125.0,8.0,7.76068019011021e+19,$(U_{0.8}Pu_{0.2})N$
Kd_1p0e6_ANP6,rizk2025_refit_plot,rizk2025_refit_full,1400.0,3.2,35000000000000.0,1.677165324419922e+23,2.1791529628486803e+26,2.7886212630897452e+25,9.10594410234267e+23,3.314229552921757e+19,1.7912285183951215,45.921968006682455,2.192131357931216,1.344412896684529,3.536544254615745,2.779592138479442,6.316136393095187,1261890350576.851,3.1547258764421274e+17,414.3178658253314,0.5000000000000001,6858099.3730555745,5358204.854569102,1.2799248179560487,1239395880.76385,1239372853.4363906,48674796.24696581,48342875.89061843,1.0000185798223638,1.0068659621553835,0.06379913274506055,82.89467181576768,10.607876012526972,6.4336530389602835,3.64173493247783,2.791918106482454,1.6912925492907184e+25,9.573471122071669e+24,7.339454370835515e+24,2.6288215094111468e+26,2.5554269657027913e+26,1.0344402074493244,1.2086173030107235e+17,0.004196314951514412,1.188503832486033e-06,3.422717453414458e-07,3.422717453414458e-07,0.014787261202921233,0.014787261202921233,1.8810827028351214e+21,2.4420078061304518e-05,9.256141022594044e-19,5.167759547233053e-22,5.167759547233053e-21,7.989389038480301e-17,1.8625632456264503e+19,35000000000000.0,35000000000000.0,0.0,0.021193445806546248,0.000944420948641546,1.6233783333158936e-05,5.6739358115242e-06,1.6233783333158936e-05,5.6739358115242e-06,4.534325762544201e-30,1.0153592798099044e+19,4.646851207434121e+18,457.11347599326984,4.1108383604242047e-20,-130946.4404407266,2.6460395316171296e+21,1.9855168058408483e+21,0.0,0.0,0.0,0.0,0.3333333333333333,0.3333333333333333,2.0,2.6554752260788454e-21,2.7719141772846878e-21,0.0,9.229586270333256e-19,,0.0,0.0,0.0,0.0,0.0,2.6554752260788454e-21,9.229586270333256e-19,0.0029946758271276377,17.0,1.5735439738409874e-17,7.989389038480301e-23,4.368820643385022e-22,,,7.989389038480301e-23,4.368820643385022e-22,10.0,,9.536544540177922e-08,3.4095948968030423,31956101842273.73,1.778367263769289e-05,0.0009266372760038531,1.778367263769289e-05,0.0009266372760038531,0.021193445806546248,0.000944420948641546,False,False,1.0,1.7745905194579539,6.40050313282853e-09,0.31266450795440454,0.5462861376637217,1.0,1.520969955120748,1.931268936439704e-07,0.23886677609826923,0.6485143868905537,0.27986946968315785,0.23778122309450803,0.02192131357931216,0.013444128966845291,True,ANP6,125.0,8.0,7.76068019011021e+19,$(U_{0.8}Pu_{0.2})N$
Kd_1p0e6_ANP6,rizk2025_refit_plot,rizk2025_refit_full,1425.0,3.2,35000000000000.0,1.6719624071538376e+23,2.178972098893156e+26,2.7904631243259703e+25,9.087353944568111e+23,3.3098841433170653e+19,1.794208821313764,46.30076032895423,2.1985938854067086,1.376149986436136,3.574743871842845,3.0028166192529393,6.577560491095784,1081250066380.6052,2.7031251659515126e+17,447.591053352994,0.5,5938728.179684284,4959884.661164554,1.1973520727576563,1237334684.0141292,1237314170.807867,48202074.096819706,47947376.76503599,1.0000165788178508,1.005312018069974,0.06360121450498765,82.88779177637068,10.614882426730567,6.433724582393798,3.361713162886129,3.072011419507669,1.6913113567824063e+25,8.837343871065634e+24,8.075769696758429e+24,2.6288215094111468e+26,2.5480638124435635e+26,1.035273737486187,1.2048283845741091e+17,0.004188061087102373,1.1861620735068257e-06,3.4949819756335094e-07,3.4949819756335094e-07,0.01513550462128085,0.01513550462128085,1.8897400090866135e+21,2.5471465298664907e-05,9.284638864197777e-19,7.108195478197102e-22,7.108195478197102e-21,1.8029544796246132e-16,1.8625632456264503e+19,35000000000000.0,35000000000000.0,0.0,0.021246889273840722,0.0009468382639603838,1.6225524428538818e-05,5.6671081727312596e-06,1.6225524428538818e-05,5.6671081727312596e-06,4.632448536299557e-30,1.0357910089054573e+19,4.754718505338299e+18,661.2432720353733,5.476894869254723e-20,-128091.26361176676,2.645963265573617e+21,2.092411869053617e+21,0.0,0.0,0.0,0.0,0.3333333333333333,0.3333333333333333,2.0,5.505259386452124e-21,1.8723276130120317e-21,0.0,9.229586270333256e-19,,0.0,0.0,0.0,0.0,0.0,5.505259386452124e-21,9.229586270333256e-19,0.002016586364206215,17.0,1.578388606913622e-17,1.8029544796246133e-22,5.305240998572488e-22,,,1.8029544796246133e-22,5.305240998572488e-22,10.0,,9.536544540177922e-08,3.4095948968030423,31935017679861.547,1.79613175109037e-05,0.0009288769464494801,1.79613175109037e-05,0.0009288769464494801,0.021246889273840722,0.0009468382639603838,False,False,1.0,1.7755650147601745,6.404864783545705e-09,0.31291689698733427,0.5459445939825588,1.0,1.526653328452112,1.9321137109044074e-07,0.24072283208977577,0.6458903928417706,0.2801442235489126,0.23963776294328218,0.021985938854067088,0.013761499864361358,True,ANP6,125.0,8.0,7.76068019011021e+19,$(U_{0.8}Pu_{0.2})N$
Kd_1p0e6_ANP6,rizk2025_refit_plot,rizk2025_refit_full,1450.0,3.2,35000000000000.0,1.6628804494413004e+23,2.1785372393842672e+26,2.7940784328069608e+25,9.057907019723162e+23,3.3053322476299284e+19,1.7978814357265624,46.692292291932574,2.2049543971052654,1.4094163868705465,3.6143707839758124,3.2041543822788716,6.818525166254684,949635415386.8566,2.3740885384671414e+17,477.60187081507786,0.5,5272584.356437276,4648222.998396837,1.1343225912904307,1234804923.630155,1234786652.7154226,47730063.89178903,47545320.459316336,1.0000147968191042,1.0038856280846982,0.06325573811261853,82.87124978189398,10.628635009277717,6.436859470715697,3.1398533912249422,3.297006079490755,1.6921354629674274e+25,8.25411413124966e+24,8.667240498424614e+24,2.6288215094111468e+26,2.5421491044269014e+26,1.0361484710078483,1.198995021772217e+17,0.004175269905782525,1.1829980972986531e-06,3.5702086467717067e-07,3.5702086467717067e-07,0.015501136820677,0.015501136820677,1.8983965775031538e+21,2.6607516318734845e-05,9.34088619014059e-19,1.03501318176948e-21,1.03501318176948e-20,3.956100289530877e-16,1.8625632456264503e+19,35000000000000.0,35000000000000.0,0.0,0.021345380289833564,0.00095206731151032,1.6215358754976775e-05,5.660163587283979e-06,1.6215358754976775e-05,5.660163587283979e-06,4.734531386582063e-30,1.056561078041059e+19,4.866558567523809e+18,909.1638996210629,7.031694482157222e-20,-126858.54640128704,2.6471831810776184e+21,2.2037653765607423e+21,0.0,0.0,0.0,0.0,0.3333333333333333,0.3333333333333333,2.0,1.1129991980733449e-20,1.2351760164789186e-21,0.0,9.229586270333256e-19,,0.0,0.0,0.0,0.0,0.0,1.1129991980733449e-20,9.229586270333256e-19,0.0013223327972699858,17.0,1.5879506523239004e-17,3.9561002895308766e-22,6.394031528163924e-22,,,3.9561002895308766e-22,6.394031528163924e-22,10.0,,9.536544540177922e-08,3.4095948968030423,31913349951353.754,1.8197185896025138e-05,0.000933870125614295,1.8197185896025138e-05,0.000933870125614295,0.021345380289833564,0.00095206731151032,False,False,1.0,1.776470831972769,6.411798078304317e-09,0.31315131175748434,0.545627427407178,1.0,1.532551792511615,1.9330002149953425e-07,0.24263793488963625,0.643185529550483,0.28041411499745506,0.24155337259632514,0.022049543971052653,0.014094163868705465,True,ANP6,125.0,8.0,7.76068019011021e+19,$(U_{0.8}Pu_{0.2})N$
Kd_1p0e6_ANP6,rizk2025_refit_plot,rizk2025_refit_full,1475.0,3.2,35000000000000.0,1.6466878944360772e+23,2.1776266139798508e+26,2.801027264173453e+25,9.008410792779317e+23,3.3004262707666186e+19,1.8028431691045856,47.10852981337001,2.2111114710513293,1.4452976514558977,3.6564091225072275,3.3826994095684784,7.039108532075705,852034055217.7542,2.1300851380443856e+17,504.21526982289885,0.5,4792362.811548997,4402881.334354978,1.0884605892407222,1231404695.9893806,1231388308.225725,47250857.52615768,47125223.58042121,1.0000133083638574,1.0026659596749088,0.06263977560062393,82.83660971975374,10.655068265935181,6.445682238710471,2.968761307396104,3.4769209313143667,1.6944548111951478e+25,7.804343581190434e+24,9.140204530761044e+24,2.6288215094111468e+26,2.5374194641035362e+26,1.0370931551644111,1.1894040176712355e+17,0.004154103078573766,1.178311723698261e-06,3.6504328668315484e-07,3.6504328668315484e-07,0.015896912878439258,0.015896912878439258,1.9076796258672213e+21,2.7801042709400327e-05,9.449295664440247e-19,1.6104112356588178e-21,1.610411235658818e-20,8.452417180343286e-16,1.8625632456264503e+19,35000000000000.0,35000000000000.0,0.0,0.02152818421568207,0.0009625750109923787,1.6201645442687252e-05,5.652903353072637e-06,1.6201645442687252e-05,5.652903353072637e-06,4.8432531638245176e-30,1.0779237046153419e+19,4.985201044562142e+18,1190.382184760616,8.698248261865724e-20,-126329.38395925082,2.650810091258975e+21,2.3126816967271257e+21,0.0,0.0,0.0,0.0,0.3333333333333333,0.3333333333333333,2.0,2.1970939410699096e-20,7.982677016900445e-22,0.0,9.229586270333256e-19,,0.0,0.0,0.0,0.0,0.0,2.1970939410699096e-20,9.229586270333256e-19,0.0008447906913253856,17.0,1.606380262954842e-17,8.452417180343286e-22,7.651695176244892e-22,,,8.452417180343286e-22,7.651695176244892e-22,10.0,,9.536544540177922e-08,3.4095948968030423,31890456156059.68,1.8544182743240605e-05,0.0009440308282491381,1.8544182743240605e-05,0.0009440308282491381,0.02152818421568207,0.0009625750109923787,False,False,1.0,1.7772479825499747,6.423519980983907e-09,0.31335228570523044,0.545355547848798,1.0,1.5388490918219004,1.933957502876109e-07,0.24467007705621335,0.6403182814627351,0.2806748801616278,0.2435860608735675,0.022111114710513295,0.014452976514558978,True,ANP6,125.0,8.0,7.76068019011021e+19,$(U_{0.8}Pu_{0.2})N$
Kd_1p0e6_ANP6,rizk2025_refit_plot,rizk2025_refit_full,1500.0,3.2,35000000000000.0,1.618031999015634e+23,2.1758553456593142e+26,2.8140196786062778e+25,8.923306570778273e+23,3.294885411677447e+19,1.8101310115919818,47.57177037897765,2.216891559500026,1.485856493648101,3.7027480531481265,3.541316738503217,7.244064791651343,777417342249.3519,1.9435433556233795e+17,527.8583044600258,0.49999999999999994,4444423.113022895,4205674.100876287,1.0567683102446912,1226445490.928985,1226430565.4028573,46746808.64383199,46666331.36237108,1.0000121698908595,1.0017245255650373,0.06154970937445165,82.76923092228895,10.704491227464946,6.464728140871656,2.8391853711773822,3.625542769694273,1.6994616389218942e+25,7.463711572956572e+24,9.530904816262369e+24,2.6288215094111468e+26,2.5335124612485233e+26,1.0381624848085855,1.1731947477915733e+17,0.004118059884495641,1.170902277546046e-06,3.7390220872964873e-07,3.7390220872964873e-07,0.016346893428119496,0.016346893428119496,1.9171919538335344e+21,2.9003953841776027e-05,9.653577892834512e-19,2.6703221709632663e-21,2.6703221709632663e-20,1.7607759639859707e-15,1.8625632456264503e+19,35000000000000.0,35000000000000.0,0.0,0.02186469447261515,0.0009827727473081368,1.6181546184540503e-05,5.644967923793805e-06,1.6181546184540503e-05,5.644967923793805e-06,4.9630577629178526e-30,1.1003513224599589e+19,5.11526739494785e+18,1492.9822171931753,1.0401516939305966e-19,-125769.55529949651,2.6587686299930544e+21,2.4132827408344086e+21,0.0,0.0,0.0,0.0,0.3333333333333333,0.3333333333333333,2.0,4.239916225012569e-20,5.067891913502495e-22,0.0,9.229586270333256e-19,,0.0,0.0,0.0,0.0,0.0,4.239916225012569e-20,9.229586270333256e-19,0.0005249755033586253,17.0,1.6411082417818672e-17,1.7607759639859707e-21,9.095462069772957e-22,,,1.7607759639859707e-21,9.095462069772957e-22,10.0,,9.536544540177922e-08,3.4095948968030423,31865150087059.07,1.9098438682582443e-05,0.0009636743086255543,1.9098438682582443e-05,0.0009636743086255543,0.02186469447261515,0.0009827727473081368,False,False,1.0,1.7777937324848654,6.443876858539322e-09,0.31349333952761627,0.5451647515076188,1.0,1.545889690581306,1.9350409580023187e-07,0.24692702763462207,0.6371373940642135,0.28091923902178756,0.24584362755015474,0.022168915595000258,0.014858564936481009,True,ANP6,125.0,8.0,7.76068019011021e+19,$(U_{0.8}Pu_{0.2})N$
Kd_1p0e6_ANP6,rizk2025_refit_plot,rizk2025_refit_full,1525.0,3.2,35000000000000.0,1.568827414036979e+23,2.1725869227365295e+26,2.8375421915786297e+25,8.778070000035706e+23,3.2881992366202237e+19,1.821459325500481,48.121470755606964,2.222010371877707,1.5348410661104324,3.756851437988139,3.690524028331574,7.447375466319713,715826371806.9429,1.789565929517357e+17,550.0987062195029,0.5,4181245.842953998,4035639.376897872,1.0360801480156165,1218816794.6395528,1218802950.4254851,46182630.70993295,46133253.30962235,1.0000113588616297,1.0010703212274932,0.059677973891365275,82.64490057459955,10.793970535543268,6.501450915965829,2.7416361922802173,3.7598147236856114,1.7091154010271773e+25,7.20727219324631e+24,9.883881817025463e+24,2.6288215094111468e+26,2.5299826912408925e+26,1.0394560761992475,1.1459730993101134e+17,0.004056880287076827,1.1588392637020993e-06,3.841077959470727e-07,3.841077959470727e-07,0.01689433232086317,0.01689433232086317,1.923906216230255e+21,3.019009710463419e-05,1.0030351091137525e-18,4.655100322574004e-21,4.6551003225740044e-20,3.580777516173852e-15,1.8625632456264503e+19,35000000000000.0,35000000000000.0,0.0,0.02247361420187781,0.00102038127349208,1.615040534592642e-05,5.635743430741238e-06,1.615040534592642e-05,5.635743430741238e-06,5.100698129911297e-30,1.1246760295877114e+19,5.263605826234014e+18,1817.7383432773495,1.2135697385307206e-19,-124411.62273417982,2.6742354964135826e+21,2.503549844898443e+21,0.0,0.0,0.0,0.0,0.3333333333333333,0.3333333333333333,2.0,8.007648208042697e-20,3.1682982816812804e-22,0.0,9.229586270333256e-19,,0.0,0.0,0.0,0.0,0.0,8.007648208042697e-20,9.229586270333256e-19,0.0003158711248383599,17.0,1.705159685493379e-17,3.5807775161738524e-21,1.0743228064001518e-21,,,3.5807775161738524e-21,1.0743228064001518e-21,10.0,,9.536544540177922e-08,3.4095948968030423,31835361017172.35,2.0031400330987824e-05,0.0010003498731610922,2.0031400330987824e-05,0.0010003498731610922,0.02247361420187781,0.00102038127349208,False,False,1.0,1.7779417198856842,6.479222253332157e-09,0.31353157692225153,0.5451130329494761,1.0,1.5542881181511088,1.9363516075450164e-07,0.249598724532645,0.633376853976911,0.2811352874082957,0.24851606604711196,0.022220103718777067,0.015348410661104324,True,ANP6,125.0,8.0,7.76068019011021e+19,$(U_{0.8}Pu_{0.2})N$
Kd_1p0e6_ANP6,rizk2025_refit_plot,rizk2025_refit_full,1550.0,3.2,35000000000000.0,1.488635873874885e+23,2.1668375999241955e+26,2.8785318455784e+25,8.538131508951714e+23,3.279522864583432e+19,1.8394718006014388,48.820381468002154,2.226029176410697,1.5984636994625334,3.824492875873231,3.846285198071728,7.670778073944959,659023348747.6063,1.6475583718690157e+17,573.3160101296015,0.5,3962168.0019410513,3872210.0216565663,1.0232316893405489,1206881200.9681609,1206868188.6148746,45502494.00498694,45472811.42108715,1.000010781917536,1.0006527545355601,0.05662749899700637,82.42619714449782,10.949894602099432,6.567280754405713,2.6669617449281926,3.9003190094775206,1.72642089055236e+25,7.010966399843917e+24,1.0253242505679685e+25,2.6288215094111468e+26,2.5262890843543496e+26,1.0411397001753462,1.1018563214982832e+17,0.003956061467087973,1.1393231612122505e-06,3.963881512427638e-07,3.963881512427638e-07,0.01761070930315587,0.01761070930315587,1.9218784168286948e+21,3.1392317279402357e-05,1.0711233129353537e-18,8.378501496912049e-21,8.378501496912049e-20,7.11715258415843e-15,1.8625632456264503e+19,35000000000000.0,35000000000000.0,0.0,0.023550147612897834,0.0010886409940294086,1.6101145304330017e-05,5.624305756008573e-06,1.6101145304330017e-05,5.624305756008573e-06,5.265830838621499e-30,1.1522241221086771e+19,5.439734714750131e+18,2189.2167201624584,1.400926052495028e-19,-121732.66057439281,2.7021121295325845e+21,2.588309795722777e+21,0.0,0.0,0.0,0.0,0.3333333333333333,0.3333333333333333,2.0,1.4816468590202815e-19,1.9547622806480766e-22,0.0,9.229586270333256e-19,,0.0,0.0,0.0,0.0,0.0,1.4816468590202815e-19,9.229586270333256e-19,0.00018249647421930904,17.0,1.820909631990101e-17,7.11715258415843e-21,1.2613489127536196e-21,,,7.11715258415843e-21,1.2613489127536196e-21,10.0,,9.536544540177922e-08,3.4095948968030423,31797869422964.93,2.164325100229411e-05,0.0010669977430271145,2.164325100229411e-05,0.0010669977430271145,0.023550147612897834,0.0010886409940294086,False,False,1.0,1.7774436988998399,6.539356837620803e-09,0.3134028778004902,0.5452871123396048,1.0,1.5650343453071418,1.9380576926491672e-07,0.25298523304243825,0.6286178711918161,0.2813046756519067,0.2519035334274929,0.022260291764106974,0.015984636994625333,True,ANP6,125.0,8.0,7.76068019011021e+19,$(U_{0.8}Pu_{0.2})N$
Kd_1p0e6_ANP6,rizk2025_refit_plot,rizk2025_refit_full,1575.0,3.2,35000000000000.0,1.3676006840302325e+23,2.1572278441853288e+26,2.946722104672867e+25,8.163212889220937e+23,3.2675915836214305e+19,1.8678536916525712,49.756697171727396,2.2283237915676395,1.686052180346393,3.914375971914033,4.030492467851496,7.9448684397655285,600160682966.9822,1.5004017074174554e+17,600.7734064245899,0.5,3752788.3894721805,3695236.8001972446,1.0155745334837172,1188542188.5567963,1188529920.6898105,44634983.65055677,44617109.37802041,1.0000103218831704,1.0004006147593498,0.052023337420750694,82.06064338953713,11.2092893873686,6.678043885673508,2.6077306567511997,4.070313228922309,1.7555385407450112e+25,6.855258441218409e+24,1.0700126966231704e+25,2.6288215094111468e+26,2.5218202397488297e+26,1.043463956300424,1.0347429674394755e+17,0.0037985976427940926,1.1089085193882947e-06,4.116539112182366e-07,4.116539112182366e-07,0.01860394498252577,0.01860394498252577,1.903451375864235e+21,3.270217841297005e-05,1.1918027971817664e-18,1.5313431223305902e-20,1.5313431223305902e-19,1.384090397445483e-14,1.8625632456264503e+19,35000000000000.0,35000000000000.0,0.0,0.025399751629927955,0.0012098150779090197,1.6024163349617027e-05,5.609471284086882e-06,1.6024163349617027e-05,5.609471284086882e-06,5.4705501022581665e-30,1.1848702071467694e+19,5.655041580773876e+18,2668.08072845491,1.6278740435781336e-19,-117315.53154683189,2.749260275995296e+21,2.678205278831373e+21,0.0,0.0,0.0,0.0,0.3333333333333333,0.3333333333333333,2.0,2.6884417014844093e-19,1.1925617140326962e-22,0.0,9.229586270333256e-19,,0.0,0.0,0.0,0.0,0.0,2.6884417014844093e-19,9.229586270333256e-19,0.00010006367805585995,17.0,2.0260647552090028e-17,1.384090397445483e-20,1.4725272488510705e-21,,,1.384090397445483e-20,1.4725272488510705e-21,10.0,,9.536544540177922e-08,3.4095948968030423,31748329026409.387,2.445231467362235e-05,0.0011853627632353973,2.445231467362235e-05,0.0011853627632353973,0.025399751629927955,0.0012098150779090197,False,False,1.0,1.775972386262755,6.637977270143161e-09,0.313022342188671,0.5458019187141838,1.0,1.5795494686509848,1.9404136666536501e-07,0.25750340163522784,0.6222821655636414,0.2814012997685036,0.2564230158487898,0.022283237915676397,0.01686052180346393,True,ANP6,125.0,8.0,7.76068019011021e+19,$(U_{0.8}Pu_{0.2})N$
Kd_1p0e6_ANP6,rizk2025_refit_plot,rizk2025_refit_full,1600.0,3.2,35000000000000.0,1.2028134408409444e+23,2.142076747148758e+26,3.0540040700341664e+25,7.621421773621655e+23,3.2507109915109843e+19,1.911040965555655,51.03690037028753,2.2280995765052305,1.8101719896723691,4.0382715661776,4.269509309938934,8.307780876116535,534844875410.5339,1.3371121885263346e+17,636.4005570914325,0.5,3527325.282095011,3488369.039376957,1.011167466021603,1161682016.2033823,1161670545.0134149,43508913.52150136,43497939.4103728,1.0000098747360142,1.000252290367712,0.045754853896884516,81.48429779200113,11.61738847274671,6.852558881355277,2.5586110704079337,4.293947810947343,1.8014154181813137e+25,6.726131816105854e+24,1.1288022365707284e+25,2.6288215094111468e+26,2.5159412857540742e+26,1.0467704265264695,9.414260274467757e+16,0.0035707561921195377,1.0644263598560233e-06,4.307650380153538e-07,4.307650380153538e-07,0.02002136707938329,0.02002136707938329,1.861842657384117e+21,3.424245101117418e-05,1.4017765731852965e-18,2.8072866441166047e-20,2.8072866441166047e-19,2.6363059898109156e-14,1.8625632456264503e+19,35000000000000.0,35000000000000.0,0.0,0.028471622923290363,0.0014206294140213299,1.5908516412959196e-05,5.5900433385434455e-06,1.5908516412959196e-05,5.5900433385434455e-06,5.7263101592128206e-30,1.2248894453693497e+19,5.919016696466906e+18,3365.5946027485356,1.9368477171545994e-19,-110856.46357289977,2.8240282142649656e+21,2.7863175672246525e+21,0.0,0.0,0.0,0.0,0.3333333333333333,0.3333333333333333,2.0,4.788179461519709e-19,7.206892439595517e-23,0.0,9.229586270333256e-19,,0.0,0.0,0.0,0.0,0.0,4.788179461519709e-19,9.229586270333256e-19,5.141256158404111e-05,17.0,2.383020174415004e-17,2.6363059898109155e-20,1.7098065430568916e-21,,,2.6363059898109155e-20,1.7098065430568916e-21,10.0,,9.536544540177922e-08,3.4095948968030423,31681895612630.164,2.93448596244592e-05,0.0013912845543968707,2.93448596244592e-05,0.0013912845543968707,0.028471622923290363,0.0014206294140213299,False,False,1.0,1.773172351506313,6.7916876949066745e-09,0.31229683693884597,0.5467837927837658,1.0,1.5996133668648462,1.9437666126988514e-07,0.2636454133205546,0.6136947318768192,0.28139186120508003,0.262566881929121,0.022280995765052304,0.01810171989672369,True,ANP6,125.0,8.0,7.76068019011021e+19,$(U_{0.8}Pu_{0.2})N$
Kd_1p0e6_ANP6,rizk2025_refit_plot,rizk2025_refit_full,1625.0,3.2,35000000000000.0,1.004877992824655e+23,2.1197090282875297e+26,3.212346409004833e+25,6.910679878993681e+23,3.2268853979353575e+19,1.973360824805523,52.765774154946726,2.224481980380023,1.9857706797966064,4.2102526601766295,4.593755812796087,8.804008472972717,462006362907.75446,1.1550159072693862e+17,684.7317914496475,0.5,3270525.2749116295,3242145.359280065,1.0087534371493652,1124994866.1692739,1124984327.2928984,42079671.20168079,42072726.79219998,1.0000093680206201,1.0001650572713081,0.038225417329674334,80.63343291657493,12.21972050024954,7.108621165845879,2.5161670618312315,4.592454104014648,1.8687296223030989e+25,6.614554093413789e+24,1.20727421296172e+25,2.6288215094111468e+26,2.5080940881149755e+26,1.0514740825552433,8.253403533723885e+16,0.003270946668643066,1.0045410221007796e-06,4.5412861575633145e-07,4.5412861575633145e-07,0.022042499875274152,0.022042499875274152,1.7949317763805974e+21,3.6133227408043223e-05,1.7607334386319764e-18,5.120371716109041e-20,5.120371716109041e-19,4.922854290289942e-14,1.8625632456264503e+19,35000000000000.0,35000000000000.0,0.0,0.03338008081120921,0.0017805650819147307,1.5744802452394484e-05,5.565260029612062e-06,1.5744802452394484e-05,5.565260029612062e-06,6.038630798734703e-30,1.2745319103493595e+19,6.233025859580563e+18,4477.2115975543575,2.392644642668546e-19,-102187.09482535183,2.934744135348026e+21,2.924022605257206e+21,0.0,0.0,0.0,0.0,0.3333333333333333,0.3333333333333333,2.0,8.377748115986507e-19,4.32093384762443e-23,0.0,9.229586270333256e-19,,0.0,0.0,0.0,0.0,0.0,8.377748115986507e-19,9.229586270333256e-19,2.454053380721634e-05,17.0,2.99324684567436e-17,4.922854290289942e-20,1.9751742581909914e-21,,,4.922854290289942e-20,1.9751742581909914e-21,10.0,,9.536544540177922e-08,3.4095948968030423,31594636998654.926,3.7823516545483335e-05,0.0017427415653692474,3.7823516545483335e-05,0.0017427415653692474,0.03338008081120921,0.0017805650819147307,False,False,1.0,1.7687660919045587,7.016972824855421e-09,0.31115164840365395,0.5483346550023492,1.0,1.6271024550660371,1.9485387452433563e-07,0.2718724047642956,0.6022390634861025,0.28123948717532427,0.27079649031208586,0.022244819803800227,0.019857706797966064,True,ANP6,125.0,8.0,7.76068019011021e+19,$(U_{0.8}Pu_{0.2})N$
Kd_1p0e6_ANP6,rizk2025_refit_plot,rizk2025_refit_full,1650.0,3.2,35000000000000.0,7.971017896955564e+22,2.088879238285079e+26,3.4309597524709354e+25,6.071950381988117e+23,3.1940568480146506e+19,2.057915509494443,55.021240101010925,2.2166618353783147,2.228549958974703,4.445211794353018,5.039869246117497,9.485081040470515,383835580525.65717,9.595889513141429e+16,751.2281536500565,0.5,2977655.467291042,2955160.811284157,1.0076119904950656,1078770951.0949454,1078761489.3603556,40352600.709834985,40348054.60444741,1.0000087709235852,1.000112672232457,0.030321639823850433,79.46067204665354,13.051322580054006,7.4576837334686,2.4783740334959097,4.979309699972689,1.960491940892788e+25,6.51520296762011e+24,1.308971644130777e+25,2.6288215094111468e+26,2.497924344998069e+26,1.0580275257837288,6.972973070611288e+16,0.0029153397293462235,9.309643601459298e-07,4.81493758090052e-07,4.81493758090052e-07,0.024864062151402133,0.024864062151402133,1.708369745321766e+21,3.846439704718667e-05,2.364150646143271e-18,9.247330480694055e-20,9.247330480694055e-19,9.020265555838444e-14,1.8625632456264503e+19,35000000000000.0,35000000000000.0,0.0,0.04090500997764481,0.0023842970110859846,1.552861140160582e-05,5.53520528007397e-06,1.552861140160582e-05,5.53520528007397e-06,6.404458032572531e-30,1.3354924010431908e+19,6.58706663714576e+18,6364.657322702564,3.097485519407354e-19,-91313.7515282818,3.087672857962534e+21,3.097782793089885e+21,0.0,0.0,0.0,0.0,0.3333333333333333,0.3333333333333333,2.0,1.441192019109945e-18,2.5738368843747513e-23,0.0,9.229586270333256e-19,,0.0,0.0,0.0,0.0,0.0,1.441192019109945e-18,9.229586270333256e-19,1.0886941103239548e-05,17.0,4.0190560984435606e-17,9.020265555838444e-20,2.2706492485561157e-21,,,9.020265555838444e-20,2.2706492485561157e-21,10.0,,9.536544540177922e-08,3.4095948968030423,31485198626258.445,5.240952624017782e-05,0.0023318874848458067,5.240952624017782e-05,0.0023318874848458067,0.04090500997764481,0.0023842970110859846,False,False,1.0,1.762662557581421,7.326239614521557e-09,0.30955821869613276,0.550494579892122,1.0,1.6636295425678214,1.9551916444174606e-07,0.28248311755280914,0.5875459356168581,0.280909535321366,0.2814108198764676,0.022166618353783148,0.02228549958974703,True,ANP6,125.0,8.0,7.76068019011021e+19,$(U_{0.8}Pu_{0.2})N$
Kd_1p0e6_ANP6,rizk2025_refit_plot,rizk2025_refit_full,1675.0,3.2,35000000000000.0,6.048981072372501e+22,2.0490457077093982e+26,3.714520133918211e+25,5.178172682040772e+23,3.150296558223346e+19,2.165954833545863,57.84215429858099,2.2040088130236573,2.553720877226705,4.757729690250362,5.648125753001367,10.40585544325173,305615272721.4296,7.640381818035739e+16,841.8930876588125,0.49999999999999994,2656350.03369179,2636914.39274494,1.0073705998952125,1024960420.194537,1024952120.7077342,38383388.88533227,38380313.23211733,1.000008097438539,1.000080136219742,0.023010238811259062,77.94541015332693,14.129982277687084,7.901597330174704,2.444053973203611,5.457543356971094,2.0771889020268954e+25,6.424981654919426e+24,1.4346907365349528e+25,2.6288215094111468e+26,2.4853524357576507e+26,1.0668974664739188,5.711197349573372e+16,0.0025335706787706505,8.481139689149855e-07,5.124450912464649e-07,5.124450912464649e-07,0.028690246040112402,0.028690246040112402,1.6149974315518625e+21,4.128647797020817e-05,3.3623625899400784e-18,1.6491783151767403e-19,1.6491783151767404e-18,1.6231955709997532e-13,1.8625632456264503e+19,35000000000000.0,35000000000000.0,0.0,0.051976136055302956,0.0033800996765550443,1.5262156165149555e-05,5.500828820926594e-06,1.5262156165149555e-05,5.500828820926594e-06,6.818848128229219e-30,1.4086567502058236e+19,6.966671765644133e+18,9710.752893265357,4.213206485544393e-19,-78743.81175580644,3.2857308115906394e+21,3.3086081099797574e+21,0.0,0.0,0.0,0.0,0.3333333333333333,0.3333333333333333,2.0,2.439403962906753e-18,1.5251283830083255e-23,0.0,9.229586270333256e-19,,0.0,0.0,0.0,0.0,0.0,2.439403962906753e-18,9.229586270333256e-19,4.535883154218372e-06,17.0,5.716016402898133e-17,1.623195570999753e-19,2.5982744176987148e-21,,,1.623195570999753e-19,2.5982744176987148e-21,10.0,,9.536544540177922e-08,3.4095948968030423,31355617717040.535,7.727201392112571e-05,0.0033028276626339186,7.727201392112571e-05,0.0033028276626339186,0.051976136055302956,0.0033800996765550443,False,False,1.0,1.7549803634324244,7.725600942584108e-09,0.30754079566381487,0.5532326169369435,1.0,1.710340851681568,1.9642030696335826e-07,0.29554880140073064,0.5695847579178642,0.2803740245181417,0.29448135921540625,0.022040088130236574,0.025537208772267048,True,ANP6,125.0,8.0,7.76068019011021e+19,$(U_{0.8}Pu_{0.2})N$
Kd_1p0e6_ANP6,rizk2025_refit_plot,rizk2025_refit_full,1700.0,3.2,35000000000000.0,4.445572940863727e+22,2.0003197273215935e+26,4.063564140784733e+25,4.305414338696334e+23,3.0938058778276536e+19,2.297139349340939,61.23882563565742,2.186077658434827,2.9762008111724496,5.162278469607277,6.459106325225464,11.621384794832741,233689339717.25812,5.8422334929314536e+16,962.7754772936827,0.49999999999999994,2324010.1576986993,2305833.5534680607,1.0078828778440232,966426535.2994956,966419386.1974154,36253658.83290238,36251511.63426891,1.0000073975151806,1.0000592305958198,0.01691089685986148,76.09188072147444,15.457740764206418,8.433467617459314,2.412555236301074,6.020912381158239,2.217008107169942e+25,6.342177097830756e+24,1.5827903973868666e+25,2.6288215094111468e+26,2.4705424696724606e+26,1.078582438561559,4.576681417545454e+16,0.0021570474328698164,7.613614271647315e-07,5.476501791035862e-07,5.476501791035862e-07,0.03374081645812079,0.03374081645812079,1.5303076952663395e+21,4.462353488847207e-05,4.988545012933779e-18,2.9005001213446957e-19,2.9005001213446957e-18,2.8708990269161864e-13,1.8625632456264503e+19,35000000000000.0,35000000000000.0,0.0,0.06765660878231267,0.004996759550951287,1.4952964174415945e-05,5.463535257457521e-06,1.4952964174415945e-05,5.463535257457521e-06,7.291734169931012e-30,1.4942776644827462e+19,7.370063084132287e+18,15816.3305866475,5.995416245576047e-19,-65519.47821662832,3.5287380160036125e+21,3.5538733891149806e+21,0.0,0.0,0.0,0.0,0.3333333333333333,0.3333333333333333,2.0,4.065586385900453e-18,9.000056617340487e-24,0.0,9.229586270333256e-19,,0.0,0.0,0.0,0.0,0.0,4.065586385900453e-18,9.229586270333256e-19,1.804144614112147e-06,17.0,8.480526521987424e-17,2.8708990269161863e-19,2.9601094428509513e-21,,,2.8708990269161863e-19,2.9601094428509513e-21,10.0,,9.536544540177922e-08,3.4095948968030423,31210793954996.383,0.00011917597879086365,0.004877583572160424,0.00011917597879086365,0.004877583572160424,0.06765660878231267,0.004996759550951287,False,False,1.0,1.7459645420225411,8.21586873935789e-09,0.30515610271431065,0.5564739517613203,1.0,1.7680322540688511,1.9760859419249926e-07,0.31096050616153376,0.5485936271599726,0.2796116068434187,0.3098994058338509,0.021860776584348273,0.029762008111724497,True,ANP6,125.0,8.0,7.76068019011021e+19,$(U_{0.8}Pu_{0.2})N$
Kd_1p0e6_ANP6,rizk2025_refit_plot,rizk2025_refit_full,1725.0,3.2,35000000000000.0,3.2038404422045698e+22,1.9431977499382454e+26,4.476278086931043e+25,3.5092038804076966e+23,3.0227444067318866e+19,2.4503106065449174,65.2171692351896,2.1625224763841473,3.5121727438251837,5.6746952202093315,7.524675302530806,13.199370522740136,172190124465.29486,4.304753111632371e+16,1121.6060691834484,0.5,1997549.3012109715,1979304.553528499,1.0092177566357576,906013691.8210874,906007586.9851991,34041665.46818218,34040115.90865158,1.0000067381730307,1.0000455215703363,0.012187363922331215,73.91896874632312,17.02769880307973,9.041145086674844,2.383782234660712,6.657362852014132,2.3767556673557735e+25,6.266538012228249e+24,1.7501018661329488e+25,2.6288215094111468e+26,2.4538113227978526e+26,1.0936730803762078,3.621050254364583e+16,0.0018091900522714708,6.752875924149671e-07,5.904422697053871e-07,5.904422697053871e-07,0.04027779530931559,0.04027779530931559,1.467514727486918e+21,4.849817925304969e-05,7.599207725237919e-18,5.02802236364218e-19,5.0280223636421804e-18,4.994440127391286e-13,1.8625632456264503e+19,35000000000000.0,35000000000000.0,0.0,0.08913537150535558,0.007582497485168064,1.4611039544961286e-05,5.424680643944203e-06,1.4611039544961286e-05,5.424680643944203e-06,7.869322035538032e-30,1.5923232843781593e+19,7.828070180365024e+18,27285.989406696954,8.871238548706863e-19,-52637.58952161376,3.8146315279030016e+21,3.8286660679971216e+21,0.0,0.0,0.0,0.0,0.3333333333333333,0.3333333333333333,2.0,6.676249098204593e-18,5.2946612669943086e-24,0.0,9.229586270333256e-19,,0.0,0.0,0.0,0.0,0.0,6.676249098204593e-18,9.229586270333256e-19,6.967385888676363e-07,17.0,1.2918653132904462e-16,4.994440127391286e-19,3.3582236250893297e-21,,,4.994440127391286e-19,3.3582236250893297e-21,10.0,,9.536544540177922e-08,3.4095948968030423,31057316130349.61,0.00018885841231352891,0.007393639072854535,0.00018885841231352891,0.007393639072854535,0.08913537150535558,0.007582497485168064,False,False,1.0,1.7358691049666255,8.795416025496994e-09,0.3024637143116271,0.5601397688915584,1.0,1.8374847714970202,1.9914512847231377e-07,0.3285383998922253,0.5249232036789304,0.27860369801186746,0.32748540987621855,0.021625224763841475,0.035121727438251836,True,ANP6,125.0,8.0,7.76068019011021e+19,$(U_{0.8}Pu_{0.2})N$
Kd_1p0e6_ANP6,rizk2025_refit_plot,rizk2025_refit_full,1750.0,3.2,35000000000000.0,2.2869886905460967e+22,1.8782925919142806e+26,4.950262204782337e+25,2.8178927497973262e+23,2.9349880745265316e+19,2.624168943512715,69.80295962671437,2.132988152299166,4.181349417573264,6.31433756987243,8.901177289399975,15.215514859272405,123052053719.11302,3.0763013429778252e+16,1326.7834251015531,0.5000000000000001,1692643.21068385,1673219.5760058425,1.0116085389846883,845987349.9774858,845982117.6864879,31804973.201860722,31803809.062995393,1.0000061848718649,1.0000366037559534,0.00869967277108281,71.44998567571125,18.830727712248486,9.71058693926919,2.358044524812995,7.352542414456193,2.5527399814957796e+25,6.198878166977589e+24,1.9328521647980205e+25,2.6288215094111468e+26,2.4355362929313447e+26,1.1129440010616314,2.8485755105748724e+16,0.0015025196575617107,5.929009026630776e-07,6.486192751782558e-07,6.486192751782558e-07,0.04864627253903678,0.04864627253903678,1.4355101714833783e+21,5.295546123832209e-05,1.1732003472118521e-17,8.590290957143048e-19,8.590290957143048e-18,8.552344067970446e-13,1.8625632456264503e+19,35000000000000.0,35000000000000.0,0.0,0.11772288028832344,0.011660717719411205,1.4246465789207857e-05,5.3852697009705445e-06,1.4246465789207857e-05,5.3852697009705445e-06,8.658869774179415e-30,1.7027102742392424e+19,8.422634260886932e+18,49258.45001745026,1.3528429658641228e-18,-40996.25656566335,4.1406152528281144e+21,4.127627475036951e+21,0.0,0.0,0.0,0.0,0.3333333333333333,0.3333333333333333,2.0,1.0809044845085196e-17,3.1079945105556526e-24,0.0,9.229586270333256e-19,,0.0,0.0,0.0,0.0,0.0,1.0809044845085196e-17,9.229586270333256e-19,2.649159214742734e-07,17.0,1.9944405902601486e-16,8.552344067970446e-19,3.7946889172602315e-21,,,8.552344067970446e-19,3.7946889172602315e-21,10.0,,9.536544540177922e-08,3.4095948968030423,30902593784957.773,0.00030294631854385233,0.011357771400867352,0.00030294631854385233,0.011357771400867352,0.11772288028832344,0.011660717719411205,False,False,1.0,1.724877752931054,9.462777018019375e-09,0.29950539836535206,0.5641752412546468,1.0,1.919838590422527,2.0111047383331925e-07,0.34813013632979495,0.4989005403918471,0.27732955048579616,0.3470873778182478,0.02132988152299166,0.041813494175732636,True,ANP6,125.0,8.0,7.76068019011021e+19,$(U_{0.8}Pu_{0.2})N$
Kd_1p0e6_ANP6,rizk2025_refit_plot,rizk2025_refit_full,1775.0,3.2,35000000000000.0,1.6282253435274822e+22,1.8061661546969125e+26,5.483647658626529e+25,2.238035747107308e+23,2.827858607020087e+19,2.817619844731745,75.06283928248236,2.097021197738933,5.009810094519992,7.106831292258925,10.674622607990129,17.78145390024905,85561562920.08498,2.1390390730021244e+16,1591.127991840092,0.5,1417012.1296290895,1395236.5940295204,1.0156070559593626,787903613.5374596,787899050.381425,29576142.430293284,29575220.191785213,1.000005791549098,1.0000311828112214,0.006193746276414952,68.70630616155799,20.8597184669828,10.427781625182801,2.336437086299406,8.091344538883394,2.741277663172287e+25,6.142076067849786e+24,2.1270700563873085e+25,2.6288215094111468e+26,2.416114503772416e+26,1.1374854241282233,2.2383360160545304e+16,0.0012406640798186739,5.156937234010032e-07,7.372750624621669e-07,7.372750624621669e-07,0.05933325890396705,0.05933325890396705,1.439973996141447e+21,5.808153933279539e-05,1.8187204162230228e-17,1.4467299250700101e-18,1.4467299250700103e-17,1.4424583518951984e-12,1.8625632456264503e+19,35000000000000.0,35000000000000.0,0.0,0.15483540557567013,0.018009265436669426,1.3868167996727967e-05,5.345875704500652e-06,1.3868167996727967e-05,5.345875704500652e-06,9.86862033180399e-30,1.8253791027218672e+19,9.310538136950022e+18,92348.77214646441,2.1135571440780174e-18,-30968.163850037592,4.5037906775832254e+21,4.443078594751619e+21,0.0,0.0,0.0,0.0,0.3333333333333333,0.3333333333333333,2.0,1.7264245535196902e-17,1.8219038686035435e-24,0.0,9.229586270333256e-19,,0.0,0.0,0.0,0.0,0.0,1.7264245535196902e-17,9.229586270333256e-19,1.0017503802960171e-07,17.0,3.0918247075791387e-16,1.4424583518951983e-18,4.271573174811783e-21,,,1.4424583518951983e-18,4.271573174811783e-21,10.0,,9.536544540177922e-08,3.4095948968030423,30754667086648.6,0.0004864865960896487,0.01752277884057978,0.0004864865960896487,0.01752277884057978,0.15483540557567013,0.018009265436669426,False,False,1.0,1.7130750332800695,1.021814304090837e-08,0.296296850522586,0.568560944637664,1.0,2.0169586085716125,2.0361864006561894e-07,0.36967386419607107,0.4707487907335442,0.27576190686892504,0.36864393044205657,0.020970211977389328,0.05009810094519992,True,ANP6,125.0,8.0,7.76068019011021e+19,$(U_{0.8}Pu_{0.2})N$
Kd_1p0e6_ANP6,rizk2025_refit_plot,rizk2025_refit_full,1800.0,3.2,35000000000000.0,1.1611830214740889e+22,1.7272445064113544e+26,6.075738330537249e+25,1.7629584812466948e+23,2.6977593542420816e+19,3.0298624611929688,81.12916663273364,2.0539952600367624,6.0342439133622765,8.088239173399039,12.925188780001962,21.013427953401003,58359287217.26287,1.4589821804315716e+16,1926.5907960329118,0.5,1177638.8673329372,1152294.5114090932,1.0219946859703875,732710629.9751924,732706526.5945781,27364556.24879177,27363771.774580073,1.000005600305805,1.0000286683509187,0.004417123860699818,65.70413777534311,23.112023044494215,11.179422056301979,2.3205256377431867,8.858896418558793,2.9388705164392035e+25,6.100247709639308e+24,2.3288457454752728e+25,2.6288215094111468e+26,2.39593693486362e+26,1.168921813991081,1.7614720259778074e+16,0.001021734164086261,4.440253652677559e-07,8.84855979651878e-07,8.84855979651878e-07,0.07306570293815234,0.07306570293815234,1.4863881589064608e+21,6.40255290052378e-05,2.814113302873205e-17,2.402604106958116e-18,2.402604106958116e-17,2.3978131732901632e-12,1.8625632456264503e+19,35000000000000.0,35000000000000.0,0.0,0.20194980850259892,0.02777268122175209,1.3483550429458053e-05,5.306666816645833e-06,1.3483550429458053e-05,5.306666816645833e-06,1.1894760421733122e-29,1.960311096674007e+19,1.0770780142880532e+19,177166.15619562226,3.3469079931388575e-18,-22815.6548355727,4.901357719942177e+21,4.766531720198916e+21,0.0,0.0,0.0,0.0,0.3333333333333333,0.3333333333333333,2.0,2.721817440169872e-17,1.0673110184064085e-24,0.0,9.229586270333256e-19,,0.0,0.0,0.0,0.0,0.0,2.721817440169872e-17,9.229586270333256e-19,3.792708052361239e-08,17.0,4.783992614884448e-16,2.397813173290163e-18,4.790933667952865e-21,,,2.397813173290163e-18,4.790933667952865e-21,10.0,,9.536544540177922e-08,3.4095948968030423,30622667832979.53,0.0007759855961769695,0.02699669562557512,0.0007759855961769695,0.02699669562557512,0.20194980850259892,0.02777268122175209,False,False,1.0,1.7004445288864303,1.1064061100403562e-08,0.29282607258279425,0.5733153856761214,1.0,2.1319035944638864,2.0684052293767485e-07,0.3932439775887346,0.44053982035608835,0.2738628640497347,0.39223013162876713,0.020539952600367624,0.06034243913362276,True,ANP6,125.0,8.0,7.76068019011021e+19,$(U_{0.8}Pu_{0.2})N$
