{
    "N_AVOG": 6.022141e+23,
    "N_BOLT": 1.380649e-23,
    "FISSION_ENERGY": 3.215e-11,
    "FISSION_RATE": 2.8299713929331253e+19,
    "FUEL_THERMAL_CONDUCTIVITY": 0.9255950656443197,
    "FISSION_YIELD": 0.11216174128648171,
    "LENGTH": 0.0014329566431469502,
    "RADIUS": 1.5685161988073342e-05,
    "T_BC": 1277.4540413141651,
    "Maximum cur_err_bounds": 0.0010798071137460773,
    "TIME_ELAPSED": 1624150.3473460674,
    "COST_FO": 4840.252904415131,
    "COST_POD": 4970.205201387405,
    "COST_EB": 1614339.4717764854
}