{
    "N_AVOG": 6.022141e+23,
    "N_BOLT": 1.380649e-23,
    "FISSION_ENERGY": 3.215e-11,
    "FISSION_RATE": 4.8155908211984425e+19,
    "FUEL_THERMAL_CONDUCTIVITY": 1.2081361548775387,
    "FISSION_YIELD": 0.27977984839389664,
    "LENGTH": 0.0014450364677632004,
    "RADIUS": 8.711258361085001e-06,
    "T_BC": 1688.0428428214193,
    "Maximum cur_err_bounds": 0.03721414393299165,
    "TIME_ELAPSED": 4667.3425397872925,
    "COST_FO": 47.5913622379303,
    "COST_POD": 44.6633939743042,
    "COST_EB": 4575.083809375763
}