trial,trial_label,case,T,burnup,fission_rate,f_n,K_d,rho_d,Dv_dislocation_scale,Dg_dislocation_scale,NGF_AREAL_0,DT_H,N_MODES,label,xe_diffusivity_mode,vacancy_diffusivity_mode,rho_d_eff,c,mb,md,Nb,Nd,Rb_nm,Rd_nm,swelling_b_percent,swelling_d_percent,swelling_ig_percent,swelling_gf_percent,swelling_total_gas_percent,Ngf_areal,Ngf_vol,Rgf_nm,Fc_gf,p_gf,p_gf_eq,p_gf_over_eq,p_b,p_b_eq,p_d,p_d_eq,p_b_over_eq,p_d_over_eq,matrix_gas_percent,bulk_gas_percent,dislocation_gas_percent,qgb_gas_percent,grainface_gas_percent,release_gas_percent,q_gb,q_gf,q_rel,generated,retained,lambda_d,nu_b,phi_b,phi_d,f_cap_step,cap_raw_step,capture_fraction_sum,capture_raw_sum,capture_bubbles_cumulative,max_f_cap_step,time,burnup_percent_fima,rho_d_next,delta_Nd_rho,Vb,Vd,Rb,Rd,nvb,nvd,retained_ig,swelling_b,swelling_d,swelling_gf,swelling_ig,swelling_total_gas,ng_gf,nv_gf,V_gf,R_gf,A_gf,zeta_gf,gf_saturated,Dg,Dv,Dv_dislocation,Dv_gb,beta,rho_d_old,g_b,g_d,b_b,b_d,b_b_gas,b_d_gas,dVd_growth_dt,dnvb_dt,dnvd_dt,dnv_gf_dt,dA_gf_dt,dNgf_dt,dq_gf_in_step,dq_rel_step,nvb_seed_added,nvd_seed_added,bulk_first_gas_seed_applied,dislocation_first_gas_seed_applied,first_gas_pressure_factor,seed_pressure_factor,seed_gas_atoms_per_bubble,D1_Xe,D2_Xe,D2_Xe_scaled,D3_Xe,Dg_lookup_base,D1_Xe_i_2023,D2_Xe_i0_2023,D2_Xe_i1_2023,D1_XeVU_2023,D2_XeVU_2023,Dg_D1_scaled,Dg_D3_scaled,D2_Xe_over_Dg_unscaled,Dg_dislocation,Dv1,Dv2,Dv_lookup_base,Dv_nonthermal_effective,Dv1_scaled,Dv2_scaled,A20_vU_active,Gamma_d,den,free_dislocation,term_bubbles,term_dislocation,term_bubbles_scaled,term_dislocation_scaled,g_b_unscaled,g_d_unscaled,USE_WS_GAS_TRAPPING_BULK,USE_WS_GAS_TRAPPING_DISLOCATION,ws_bulk_factor,ws_bulk_factor_raw,ws_bulk_delta,ws_bulk_x,ws_bulk_zeta,ws_dislocation_factor,ws_dislocation_factor_raw,ws_dislocation_delta,ws_dislocation_x,ws_dislocation_zeta,psi_b,psi_d,porosity_b,porosity_d,valid_single_size,experiment_case,linear_power_kW_m,fuel_diameter_mm,fission_rate_case,fuel_description,swelling_bulk,matrix_gas,bulk_gas,dislocation_gas,grainface_gas,FGR,Ngf,Rgf,status,error
50,TRIAL_050,ANP6,900.0,3.2,7.76068019011021e+19,1.9722002640473183e-05,129673.38547300897,43235270510889.76,7.789406175697652,5.100291528069869,2365717640302.848,1.0,40,TRIAL_050_ANP6,rizk2025_refit_plot,rizk2025_refit_full,43235270510889.76,3.405888003746763e+23,2.0808659389126717e+26,2.3596025298063995e+25,2.6035371363311435e+23,5.52825439539956e+18,2.669977708048997,53.3116441844271,2.07575117419164,0.35086727150500874,2.4266184456966484,0.262312162004319,2.6889306077009674,1842139423394.7737,4.6053485584869344e+17,166.28222196552136,0.11756964269955435,3439949420177.3267,13350795.856338253,257658.75361986156,842190077.9405315,831467616.1181121,195075447.55108628,41641934.58975114,1.0128958261447145,4.684591373406028,0.1295595000099371,79.15584726704338,8.975894793005356,11.738698439941324,11.738698439941324,0.0,3.0858942951408825e+25,3.0858942951408825e+25,0.0,2.6288215094111468e+26,2.6288215094111468e+26,1.0088271026617008,2.333796535282797e+16,0.0012527621136905953,2.34289013127835e-07,1.215305401129372e-07,1.215305401129372e-07,0.0038380350731164353,0.0038380350731164353,1.6385518418559844e+20,7.317551897293108e-06,14113998.628416095,3.2,43235270510889.76,0.0,7.972811853633669e-26,6.34680038959476e-22,2.669977708048997e-09,5.3311644184427104e-08,1.050895790687403e+26,5.14472200702322e+25,2.3202320798970585e+26,0.0207575117419164,0.35086727150500874,0.262312162004319,0.024266184456966485,0.026889306077009675,67006747.82702525,8284.993169650876,5.695815608156713e-21,1.6628222196552136e-07,6.382233679299472e-14,0.43447619605416277,0.0,9.229586270335752e-19,5.911994148657879e-25,4.6050923732244064e-24,5.119872410101689e-28,1.8625632456264503e+19,43235270510889.76,0.008695227469388516,0.0003852014052265582,1.4154353959811718e-05,5.557762049359524e-06,1.4154353959811718e-05,5.557762049359524e-06,9.835964769686271e-30,8.389578274792046e+18,1.7031748564270141e+18,0.0008198044752240049,3.7919812941271574e-21,-22249.847491941055,4.751656998366129e+21,0.0,0.0,0.0,0.0,0.0,0.3333333333333333,0.3333333333333333,2.0,2.4966082885114063e-31,1.1115015552558786e-24,0.0,9.229586270333256e-19,,0.0,0.0,0.0,0.0,0.0,2.4966082885114063e-31,9.229586270333256e-19,1.2042810183467137e-06,4.7073580662183416e-18,5.119872410101689e-34,5.911994143538007e-25,,,5.119872410101689e-34,5.911994143538007e-25,,8.580369162343737e-08,3.303940622972829,42645835903052.68,3.431666863379945e-06,0.0003817697383631783,3.431666863379945e-06,0.0003817697383631783,0.008695227469388516,0.0003852014052265582,False,False,1.0,1.713550634839805,9.715608219002314e-09,0.29642678697932007,0.5683831584951828,1.0,1.289155835425641,3.5083888877642695e-07,0.15255171219497293,0.7729475253294233,0.2748263884555386,0.15195475215753784,0.0207575117419164,0.0035086727150500873,True,ANP6,125.0,8.0,7.76068019011021e+19,$(U_{0.8}Pu_{0.2})N$,2.07575117419164,0.1295595000099371,79.15584726704338,8.975894793005356,11.738698439941324,0.0,4.6053485584869344e+17,1.6628222196552136e-07,ok,
50,TRIAL_050,ANP6,950.0,3.2,7.76068019011021e+19,1.9722002640473183e-05,129673.38547300897,43235270510889.76,7.789406175697652,5.100291528069869,2365717640302.848,1.0,40,TRIAL_050_ANP6,rizk2025_refit_plot,rizk2025_refit_full,43235270510889.76,3.398302176520376e+23,2.0799247152599638e+26,2.375431592240351e+25,2.5925568560761014e+23,5.509579518084622e+18,2.6823343469720924,57.3432509673447,2.0958279650540423,0.43516503919956845,2.530993004253611,0.2618363907289483,2.792829394982559,1842662373420.6023,4.606655933551505e+17,166.1659067732375,0.11743854841266732,543209746978.31085,13360141.337714836,40658.98206068105,832000791.83334,827637316.170525,133573873.13954063,38714233.36748426,1.0052722074966423,3.450252310865289,0.12927093621056046,79.12004325184728,9.036108323582779,11.714577488359389,11.714577488359389,0.0,3.0795533275062768e+25,3.0795533275062768e+25,0.0,2.6288215094111468e+26,2.628821509411147e+26,1.0109645157956098,2.3234127710041156e+16,0.0012480372828834198,2.3194168776489704e-07,1.7440615284872455e-07,1.7440615284872455e-07,0.004754212065013836,0.004754212065013836,2.314977425805635e+20,8.215955020671574e-06,14113998.628416095,3.2,43235270510889.76,0.0,8.08401929601702e-26,7.898334850621257e-22,2.6823343469720925e-09,5.7343250967344706e-08,1.1223560280505863e+26,7.984133252176533e+25,2.3208661766605194e+26,0.020958279650540423,0.43516503919956845,0.2618363907289483,0.025309930042536108,0.02792829394982559,66850083.26923371,55251.13017479708,5.683871218206768e-21,1.6616590677323751e-07,6.373307997528695e-14,0.43491063246868955,0.0,9.229586270408242e-19,1.654156910152138e-24,1.288490005151201e-23,2.2845010932250072e-26,1.8625632456264503e+19,43235270510889.76,0.008695704629123094,0.0003850675715656484,1.4129783589339033e-05,5.5066729479225175e-06,1.4129783589339033e-05,5.5066729479225175e-06,1.4204700165944084e-29,8.972322000480762e+18,2.5317959164951967e+18,0.0054668091394160095,3.786565873807814e-21,-22234.047411011376,4.742323052464958e+21,0.0,0.0,0.0,0.0,0.0,0.3333333333333333,0.3333333333333333,2.0,7.498646671560408e-30,4.1448101342312676e-23,0.0,9.229586270333256e-19,,0.0,0.0,0.0,0.0,0.0,7.498646671560408e-30,9.229586270333256e-19,4.490786491178152e-05,4.707358066255313e-18,2.284501093225007e-32,1.6541568873071272e-24,,,2.284501093225007e-32,1.6541568873071272e-24,,8.580369162343737e-08,3.303940622972829,42603403590135.414,3.677691458963234e-06,0.00038138988010668517,3.677691458963234e-06,0.00038138988010668517,0.008695704629123094,0.0003850675715656484,False,False,1.0,1.7166767529013427,9.729305427898452e-09,0.29727950255964114,0.5672167994365898,1.0,1.316212600127158,3.512348118603287e-07,0.16385772086671635,0.7564131555689967,0.27570959289271274,0.16326183208678205,0.020958279650540423,0.0043516503919956845,True,ANP6,125.0,8.0,7.76068019011021e+19,$(U_{0.8}Pu_{0.2})N$,2.0958279650540423,0.12927093621056046,79.12004325184728,9.036108323582779,11.714577488359389,0.0,4.606655933551505e+17,1.6616590677323751e-07,ok,
50,TRIAL_050,ANP6,1000.0,3.2,7.76068019011021e+19,1.9722002640473183e-05,129673.38547300897,43235270510889.76,7.789406175697652,5.100291528069869,2365717640302.848,1.0,40,TRIAL_050_ANP6,rizk2025_refit_plot,rizk2025_refit_full,43235270510889.76,3.391351491805581e+23,2.0789875297633795e+26,2.390843724573301e+25,2.5821711530804713e+23,5.486089206902242e+18,2.6939278717577713,61.75952265425785,2.1146160544195913,0.5413314589219254,2.6559475133415162,0.26166480406499804,2.917612317406514,1842843265412.3875,4.607108163530968e+17,166.12416565909214,0.11739107737204396,103428613817.12038,13363498.267649522,7739.636115155663,826056087.4927367,824075515.6341524,97628538.43576835,35945873.682152696,1.0024033863657025,2.7159873564080708,0.1290065331428774,79.08439284754142,9.094735857927637,11.691864761388088,11.691864761388088,0.0,3.073582556986323e+25,3.073582556986323e+25,0.0,2.6288215094111468e+26,2.6288215094111475e+26,1.013665718982272,2.3139188054476776e+16,0.0012435925097558976,2.2946405722735396e-07,2.3650412991192213e-07,2.3650412991192213e-07,0.005905779795914149,0.005905779795914149,3.128291809102851e+20,9.312542027335614e-06,14113998.628416095,3.2,43235270510889.76,0.0,8.189294702238859e-26,9.867347002685576e-22,2.6939278717577715e-09,6.175952265425785e-08,1.1893933624618629e+26,1.1573309416496246e+26,2.321463253712515e+26,0.02114616054419591,0.5413314589219254,0.26166480406499804,0.026559475133415163,0.029176123174065142,66713922.22384194,304830.8607139322,5.679588904299862e-21,1.6612416565909214e-07,6.370106431475302e-14,0.435068099319471,0.0,9.229586271935955e-19,4.1078364398687146e-24,3.199760653346922e-23,6.972208708889678e-25,1.8625632456264503e+19,43235270510889.76,0.0086955847434958,0.00038492323128972637,1.410683517096393e-05,5.458177075505417e-06,1.410683517096393e-05,5.458177075505417e-06,1.9379184677417263e-29,9.525821737793784e+18,3.5088461558271493e+18,0.030165256321228507,3.785587617823622e-21,-22233.885356394178,4.733767174592794e+21,0.0,0.0,0.0,0.0,0.0,0.3333333333333333,0.3333333333333333,2.0,1.6026995865756309e-28,5.19276648232866e-22,0.0,9.229586270333256e-19,,0.0,0.0,0.0,0.0,0.0,1.6026995865756309e-28,9.229586270333256e-19,0.000562621804415882,4.707358067034492e-18,6.972208708889678e-31,4.1078357426478436e-24,,,6.972208708889678e-31,4.1078357426478436e-24,,8.580369162343737e-08,3.303940622972829,42557642695480.36,3.943007172204653e-06,0.00038098022411752174,3.943007172204653e-06,0.00038098022411752174,0.0086955847434958,0.00038492323128972637,False,False,1.0,1.7195898442424435,9.742332343206802e-09,0.2980720022876865,0.5661333860227856,1.0,1.3467559790766757,3.517353764021948e-07,0.17617982714564406,0.7384645113101165,0.276531011171208,0.17558513888900465,0.02114616054419591,0.005413314589219253,True,ANP6,125.0,8.0,7.76068019011021e+19,$(U_{0.8}Pu_{0.2})N$,2.1146160544195913,0.1290065331428774,79.08439284754142,9.094735857927637,11.691864761388088,0.0,4.607108163530968e+17,1.6612416565909214e-07,ok,
50,TRIAL_050,ANP6,1050.0,3.2,7.76068019011021e+19,1.9722002640473183e-05,129673.38547300897,43235270510889.76,7.789406175697652,5.100291528069869,2365717640302.848,1.0,40,TRIAL_050_ANP6,rizk2025_refit_plot,rizk2025_refit_full,43235270510889.76,3.3847033610304034e+23,2.0781868840663297e+26,2.4046678286897917e+25,2.5721166020451554e+23,5.458098955464744e+18,2.7052895527883054,66.35756418557197,2.133145739388109,0.6680382380927509,2.80118397748086,0.26269032069297726,3.063874298173837,1841680092553.5474,4.604200231383869e+17,166.3759193123215,0.11767282860499176,23107435683.391357,13343277.135152038,1731.76615079936,821602591.9162881,820614561.4660273,75187457.34085707,33455115.889903195,1.0012040128175348,2.2474128497503956,0.1287536391844486,79.05393639798092,9.147322555301347,11.669987407533299,11.669987407533299,0.0,3.067831391148076e+25,3.067831391148076e+25,0.0,2.6288215094111468e+26,2.628821509411147e+26,1.0169031668421677,2.304856322637658e+16,0.0012392219916713288,2.2698094287371574e-07,3.054979085647739e-07,3.054979085647739e-07,0.007279473170392046,0.007279473170392046,4.05595090412073e+20,1.0591358792820975e-05,14113998.628416095,3.2,43235270510889.76,0.0,8.293347734282304e-26,1.2239394037074013e-21,2.7052895527883056e-09,6.635756418557197e-08,1.2551489299660258e+26,1.5870191093335112e+26,2.3220383702963395e+26,0.02133145739388109,0.6680382380927509,0.26269032069297726,0.028011839774808596,0.030638742981738368,66631146.27892689,1430862.8004038075,5.7054495350220976e-21,1.663759193123215e-07,6.389428276972614e-14,0.4341346771271605,0.0,9.229586295923071e-19,9.230255568932457e-24,7.189820973191012e-23,1.5366002896313798e-23,1.8625632456264503e+19,43235270510889.76,0.008695613680741615,0.00038477581007468367,1.4084443362943062e-05,5.41438800906163e-06,1.4084443362943062e-05,5.41438800906163e-06,2.5170318138742447e-29,1.0076235217250228e+19,4.59342645976809e+18,0.14169587146293314,3.801644404415081e-21,-22292.779685470443,4.725584564116347e+21,0.0,0.0,0.0,0.0,0.0,0.3333333333333333,0.3333333333333333,2.0,2.558981501392922e-27,2.8205305937173354e-21,0.0,9.229586270333256e-19,,0.0,0.0,0.0,0.0,0.0,2.558981501392922e-27,9.229586270333256e-19,0.0030559664358555606,4.707358079268621e-18,1.5366002896313797e-29,9.230240202929561e-24,,,1.5366002896313797e-29,9.230240202929561e-24,,8.580369162343737e-08,3.303940622972829,42510907828038.62,4.213960121058905e-06,0.00038056184995362475,4.213960121058905e-06,0.00038056184995362475,0.008695613680741615,0.00038477581007468367,False,False,1.0,1.722454308789343,9.755010626329126e-09,0.2988492988712708,0.5650713021297755,1.0,1.379565698273268,3.5233557860767477e-07,0.18892956826825938,0.7199775096659402,0.27733638010339934,0.18833618717581613,0.02133145739388109,0.006680382380927509,True,ANP6,125.0,8.0,7.76068019011021e+19,$(U_{0.8}Pu_{0.2})N$,2.133145739388109,0.1287536391844486,79.05393639798092,9.147322555301347,11.669987407533299,0.0,4.604200231383869e+17,1.663759193123215e-07,ok,
50,TRIAL_050,ANP6,1100.0,3.2,7.76068019011021e+19,1.9722002640473183e-05,129673.38547300897,43235270510889.76,7.789406175697652,5.100291528069869,2365717640302.848,1.0,40,TRIAL_050_ANP6,rizk2025_refit_plot,rizk2025_refit_full,43235270510889.76,3.3782228330808325e+23,2.077569634029887e+26,2.416474742632533e+25,2.5623243661594108e+23,5.426149277986894e+18,2.7165982808764455,70.9840090669864,2.151785518367027,0.8129464120918075,2.9647319304588344,0.2681495944059266,3.2328815248647613,1835628511947.0078,4.5890712798675194e+17,167.70446508149024,0.11916675388028002,5918921467.09589,13237572.410020612,447.13043175615564,817733059.5141747,817198485.1892678,60405852.798528224,31274649.448230293,1.0006541548162355,1.93146378502242,0.1285071208139023,79.03045629352219,9.192235889662287,11.64880069600163,11.64880069600163,0.0,3.062261782849262e+25,3.062261782849262e+25,0.0,2.6288215094111468e+26,2.6288215094111475e+26,1.0206239661834389,2.296039498533483e+16,0.0012348655712960122,2.2454978361858984e-07,3.7851922873184487e-07,3.7851922873184487e-07,0.008852061739872198,0.008852061739872198,5.069338107464294e+20,1.2048746064999151e-05,14113998.628416095,3.2,43235270510889.76,0.0,8.397787363636056e-26,1.4982013402945143e-21,2.7165982808764455e-09,7.098400906698641e-08,1.3207477529569882e+26,2.0795965465795185e+26,2.3225953311262213e+26,0.02151785518367027,0.8129464120918075,0.2681495944059266,0.029647319304588346,0.03232881524864761,66729444.71975309,5860717.401134785,5.843221385170285e-21,1.6770446508149023e-07,6.491877474374303e-14,0.42923231189967037,0.0,9.229586587946777e-19,1.9057338427981425e-23,1.4844534964327869e-22,2.556484784617257e-22,1.8625632456264503e+19,43235270510889.76,0.00869611084975546,0.000384630812411837,1.406225146792988e-05,5.375932170727725e-06,1.406225146792988e-05,5.375932170727725e-06,3.133786694926495e-29,1.0633451417803114e+19,5.735447373357788e+18,0.5820186332296526,3.8807279944077005e-21,-22568.39050599108,4.7176111657918556e+21,0.0,0.0,0.0,0.0,0.0,0.3333333333333333,0.3333333333333333,2.0,3.1761352235744896e-26,8.043227546416823e-21,0.0,9.229586270333256e-19,,0.0,0.0,0.0,0.0,0.0,3.1761352235744896e-26,9.229586270333256e-19,0.008714613021693452,4.707358228209224e-18,2.556484784617257e-28,1.9057082779502963e-23,,,2.556484784617257e-28,1.9057082779502963e-23,,8.580369162343737e-08,3.303940622972829,42464941131462.31,4.4804488427755665e-06,0.0003801503635690614,4.4804488427755665e-06,0.0003801503635690614,0.00869611084975546,0.000384630812411837,False,False,1.0,1.7253287685458139,9.767421814373394e-09,0.29962734833069166,0.564008731993901,1.0,1.4136176292892462,3.5302572227299477e-07,0.20166508799603847,0.7016031073493582,0.27814184221568894,0.201073099662223,0.02151785518367027,0.008129464120918075,True,ANP6,125.0,8.0,7.76068019011021e+19,$(U_{0.8}Pu_{0.2})N$,2.151785518367027,0.1285071208139023,79.03045629352219,9.192235889662287,11.64880069600163,0.0,4.5890712798675194e+17,1.6770446508149026e-07,ok,
50,TRIAL_050,ANP6,1150.0,3.2,7.76068019011021e+19,1.9722002640473183e-05,129673.38547300897,43235270510889.76,7.789406175697652,5.100291528069869,2365717640302.848,1.0,40,TRIAL_050_ANP6,rizk2025_refit_plot,rizk2025_refit_full,43235270510889.76,3.371842123192748e+23,2.0771407415590246e+26,2.426231467458207e+25,2.5527718870577442e+23,5.390925257955139e+18,2.7279151803093846,75.53158651288835,2.1706670081535644,0.9730557893407981,3.1437227974943625,0.28836826883695754,3.4320910663313198,1813993957423.4446,4.534984893558612e+17,172.49812835507558,0.12459071368636171,1700877563.6050491,12869704.855175486,132.1613496770324,814118483.9373897,813808294.3430157,50236162.84490969,29391677.078319944,1.0003811580645348,1.7091968828810102,0.12826439950835752,79.0141412843317,9.2293503334948,11.628243982665149,11.628243982665149,0.0,3.0568577898310882e+25,3.0568577898310882e+25,0.0,2.6288215094111468e+26,2.6288215094111468e+26,1.0247579368694304,2.2873756115444056e+16,0.0012305105843638771,2.221950166371816e-07,4.524082583862103e-07,4.524082583862103e-07,0.010593678465842875,0.010593678465842875,6.136282156751933e+20,1.3682458153740102e-05,14113998.628416095,3.2,43235270510889.76,0.0,8.503176563321591e-26,1.8049884626111346e-21,2.727915180309385e-09,7.553158651288836e-08,1.3866259117724908e+26,2.6248033646569654e+26,2.323135730428038e+26,0.021706670081535644,0.9730557893407981,0.28836826883695754,0.031437227974943624,0.0343209106633132,67406129.49280114,21538097.595866375,6.358748167971832e-21,1.7249812835507558e-07,6.868309190143472e-14,0.4120706044062029,0.0,9.22958943709223e-19,3.660792762206921e-23,2.8515401749883855e-22,3.330768464716398e-21,1.8625632456264503e+19,43235270510889.76,0.008697194643789326,0.00038449201896831325,1.4040138488839003e-05,5.342631236002084e-06,1.4040138488839003e-05,5.342631236002084e-06,3.7613046175010986e-29,1.1200416256311767e+19,6.88092405889471e+18,2.15951351801375,4.170162100210329e-21,-23536.537598617673,4.7097652711306885e+21,0.0,0.0,0.0,0.0,0.0,0.3333333333333333,0.3333333333333333,2.0,3.1667589742037936e-25,1.392433705843146e-20,0.0,9.229586270333256e-19,,0.0,0.0,0.0,0.0,0.0,3.1667589742037936e-25,9.229586270333256e-19,0.015086626716538222,4.707359681356465e-18,3.330768464716398e-27,3.6604596853604494e-23,,,3.330768464716398e-27,3.6604596853604494e-23,,8.580369162343737e-08,3.303940622972829,42420910913841.9,4.7357010435631565e-06,0.0003797563179247501,4.7357010435631565e-06,0.0003797563179247501,0.008697194643789326,0.00038449201896831325,False,False,1.0,1.7282339052510096,9.779590197544212e-09,0.3004117156313992,0.5629380844774275,1.0,1.4481018842132065,3.537929052189883e-07,0.21408137235505584,0.6837837053857325,0.2789530206203601,0.21349084047462033,0.021706670081535644,0.00973055789340798,True,ANP6,125.0,8.0,7.76068019011021e+19,$(U_{0.8}Pu_{0.2})N$,2.1706670081535644,0.12826439950835752,79.0141412843317,9.2293503334948,11.628243982665149,0.0,4.534984893558612e+17,1.7249812835507558e-07,ok,
50,TRIAL_050,ANP6,1200.0,3.2,7.76068019011021e+19,1.9722002640473183e-05,129673.38547300897,43235270510889.76,7.789406175697652,5.100291528069869,2365717640302.848,1.0,40,TRIAL_050_ANP6,rizk2025_refit_plot,rizk2025_refit_full,43235270510889.76,3.3655164915466094e+23,2.076886328440286e+26,2.4340918382042443e+25,2.5434435504168262e+23,5.353165929297897e+18,2.739260397136936,79.93097966594868,2.189831349310693,1.145103447456758,3.334934796767451,0.3537831347305601,3.688717931498011,1749463803256.813,4.3736595081420326e+17,186.90656842945143,0.1410701578559003,535594226.0542508,11877592.203710847,45.09282831640896,810628932.724966,810437737.9822434,42983665.60225953,27773962.10177742,1.000235915399496,1.547624550100065,0.1280237733713797,79.00446344512397,9.259251073114806,11.608261708389842,11.608261708389842,0.0,3.0516048065889003e+25,3.0516048065889003e+25,0.0,2.6288215094111468e+26,2.6288215094111468e+26,1.0292270904239862,2.278807612262997e+16,0.001226158883674953,2.1992623617156207e-07,5.240139598385167e-07,5.240139598385167e-07,0.012471654330375559,0.012471654330375559,7.22405949296895e+20,1.5488479084479832e-05,14113998.628416095,3.2,43235270510889.76,0.0,8.60971083455663e-26,2.1391144279492674e-21,2.739260397136936e-09,7.993097966594869e-08,1.4529646069867412e+26,3.211426002424477e+26,2.3236610287522567e+26,0.02189831349310693,1.145103447456758,0.3537831347305601,0.03334934796767451,0.03688717931498011,69772345.12444358,73877440.72433734,8.088950090238053e-21,1.8690656842945144e-07,8.063622556424614e-14,0.3653439299497716,0.0,9.229612338152461e-19,6.611179243465562e-23,5.149716042769478e-22,3.503783313863259e-20,1.8625632456264503e+19,43235270510889.76,0.0086988967568469,0.00038436235630787255,1.4018065029567882e-05,5.313953275717153e-06,1.4018065029567882e-05,5.313953275717153e-06,4.3725214595590956e-29,1.177619303487294e+19,7.977537413167307e+18,7.618170660147574,5.111045127746397e-21,-26335.17704696983,4.701999731940375e+21,0.0,0.0,0.0,0.0,0.0,0.3333333333333333,0.3333333333333333,2.0,2.6067819204802983e-24,1.635620778320907e-20,0.0,9.229586270333256e-19,,0.0,0.0,0.0,0.0,0.0,2.6067819204802983e-24,9.229586270333256e-19,0.017721446127913074,4.707371361564814e-18,3.503783313863259e-26,6.607675460151699e-23,,,3.503783313863259e-26,6.607675460151699e-23,,8.580369162343737e-08,3.303940622972829,42379513757800.06,4.975688586447064e-06,0.00037938666772142546,4.975688586447064e-06,0.00037938666772142546,0.0086988967568469,0.00038436235630787255,False,False,1.0,1.7311758720596149,9.791531777444956e-09,0.3012040013453724,0.5618571913648963,1.0,1.4824111035111887,3.5462276881659356e-07,0.22598609055445673,0.6667913865756399,0.2797715547097719,0.22539705676031013,0.02189831349310693,0.01145103447456758,True,ANP6,125.0,8.0,7.76068019011021e+19,$(U_{0.8}Pu_{0.2})N$,2.189831349310693,0.1280237733713797,79.00446344512397,9.259251073114806,11.608261708389842,0.0,4.3736595081420326e+17,1.8690656842945144e-07,ok,
50,TRIAL_050,ANP6,1250.0,3.2,7.76068019011021e+19,1.9722002640473183e-05,129673.38547300897,43235270510889.76,7.789406175697652,5.100291528069869,2365717640302.848,1.0,40,TRIAL_050_ANP6,rizk2025_refit_plot,rizk2025_refit_full,43235270510889.76,3.3591884139079646e+23,2.076783340744488e+26,2.4402990289403538e+25,2.5343099435638923e+23,5.313529252290137e+18,2.7506433957501573,84.14777292537322,2.209282274033049,1.3261711140112116,3.5354533880442607,0.550690892689619,4.08614428073388,1590294983890.5393,3.975737459726348e+17,223.60966838130932,0.18354387960251,180218101.15871122,9928014.36570424,18.152481908292195,807207971.5046545,807083900.235843,37644797.47713863,26382159.893510386,1.0001537278451167,1.4269035450125782,0.1277830541891914,79.00054580767963,9.282863139258847,11.588807998872305,11.588807998872305,0.0,3.046490773587146e+25,3.046490773587146e+25,0.0,2.6288215094111468e+26,2.628821509411146e+26,1.0339609366427507,2.270284881729743e+16,0.0012218109496060982,2.177425856810333e-07,5.905151400164431e-07,5.905151400164431e-07,0.014456770058826037,0.014456770058826037,8.303333964251022e+20,1.7464251019220405e-05,14113998.628416095,3.2,43235270510889.76,0.0,8.717490453934887e-26,2.4958385491895623e-21,2.7506433957501575e-09,8.414777292537322e-08,1.5198436891709767e+26,3.829404623248691e+26,2.3241724320524315e+26,0.022092822740330493,1.3261711140112116,0.550690892689619,0.03535453388044261,0.0408614428073388,76627061.12885123,251175303.17773956,1.3851289182649482e-20,2.2360966838130931e-07,1.154149899621034e-13,0.27277254775478266,0.0,9.229767552555075e-19,1.1334130523459807e-22,8.828614629560108e-22,3.0533079764031823e-19,1.8625632456264503e+19,43235270510889.76,0.00870125781181715,0.00038424740797063253,1.3996013008071057e-05,5.28922961277826e-06,1.3996013008071057e-05,5.28922961277826e-06,4.943029396405236e-29,1.2358100891489667e+19,8.979961999024288e+18,27.75448541852738,8.036869546277255e-21,-32662.5531759562,4.6942935428759007e+21,0.0,0.0,0.0,0.0,0.0,0.3333333333333333,0.3333333333333333,2.0,1.8128222181985484e-23,1.4206355952567515e-20,0.0,9.229586270333256e-19,,0.0,0.0,0.0,0.0,0.0,1.8128222181985484e-23,9.229586270333256e-19,0.015391889201624338,4.707450525435082e-18,3.0533079764031822e-25,1.1303597443695776e-22,,,3.0533079764031822e-25,1.1303597443695776e-22,,8.580369162343737e-08,3.303940622972829,42341038003062.055,5.1988056279726304e-06,0.0003790486023426599,5.1988056279726304e-06,0.0003790486023426599,0.00870125781181715,0.00038424740797063253,False,False,1.0,1.7341546887708326,9.803280777966157e-09,0.3020041433985417,0.5607661557517454,1.0,1.5161623676471174,3.5550233478440256e-07,0.2372883829175225,0.6507477789709027,0.2805974603808676,0.23670087027600675,0.022092822740330493,0.013261711140112115,True,ANP6,125.0,8.0,7.76068019011021e+19,$(U_{0.8}Pu_{0.2})N$,2.209282274033049,0.1277830541891914,79.00054580767963,9.282863139258847,11.588807998872305,0.0,3.975737459726348e+17,2.2360966838130934e-07,ok,
50,TRIAL_050,ANP6,1300.0,3.2,7.76068019011021e+19,1.9722002640473183e-05,129673.38547300897,43235270510889.76,7.789406175697652,5.100291528069869,2365717640302.848,1.0,40,TRIAL_050_ANP6,rizk2025_refit_plot,rizk2025_refit_full,43235270510889.76,3.352668824898444e+23,2.076796201904191e+26,2.4451970714405277e+25,2.525265680000487e+23,5.272272373121626e+18,2.762092650509993,88.19751682715675,2.229001766104009,1.5151496205045145,3.7441513866085234,1.116465997192149,4.8606173838006725,1284698286696.9958,3.2117457167424896e+17,303.875225741981,0.27382481123121905,63630267.243841924,7305630.113739485,8.70975757781308,803822227.2896376,803738426.2219079,33570872.33659867,25170776.68241612,1.0001042641050817,1.3337241341484198,0.1275350499414256,79.00103504438347,9.301495223950177,11.569934681724915,11.569934681724915,0.0,3.0415293153800462e+25,3.0415293153800462e+25,0.0,2.6288215094111468e+26,2.6288215094111468e+26,1.0389351257897395,2.26170321531545e+16,0.0012174377457023695,2.156191625293778e-07,6.496757809400386e-07,6.496757809400386e-07,0.016539251253194085,0.016539251253194085,9.354559777857409e+20,1.962465686101973e-05,14113998.628416095,3.2,43235270510889.76,0.0,8.826801012492195e-26,2.873807560149665e-21,2.762092650509993e-09,8.819751682715675e-08,1.587304999941194e+26,4.47484250857459e+26,2.324668577873142e+26,0.02229001766104009,1.5151496205045145,1.116465997192149,0.037441513866085234,0.04860617383800672,94700190.60116984,914352423.5774548,3.476196734293534e-20,3.03875225741981e-07,2.131432835761245e-13,0.15271318049477434,0.0,9.23067223883602e-19,1.8677388802971109e-22,1.4548576768776933e-21,2.2525702314749626e-18,1.8625632456264503e+19,43235270510889.76,0.008704586575333247,0.0003841722082911229,1.3973928064842268e-05,5.267672718684179e-06,1.3973928064842268e-05,5.267672718684179e-06,5.453416788365767e-29,1.2943809005985434e+19,9.853421956329187e+18,116.30617353284254,1.751124508026392e-20,-42351.17709655529,4.6866877538602907e+21,0.0,0.0,0.0,0.0,0.0,0.3333333333333333,0.3333333333333333,2.0,1.085968502764781e-22,9.755018938795317e-21,0.0,9.229586270333256e-19,,0.0,0.0,0.0,0.0,0.0,1.085968502764781e-22,9.229586270333256e-19,0.01056804822703294,4.7079119418125085e-18,2.2525702314749626e-24,1.8452131779823613e-22,,,2.2525702314749626e-24,1.8452131779823613e-22,,8.580369162343737e-08,3.303940622972829,42305278421336.586,5.406613218966133e-06,0.0003787655950721568,5.406613218966133e-06,0.0003787655950721568,0.008704586575333247,0.0003841722082911229,False,False,1.0,1.7371661413321953,9.81497060704471e-09,0.30281094651480955,0.5596666247516591,1.0,1.5493630902991518,3.564271995636145e-07,0.24803467188888417,0.6355776873036715,0.2814298359520643,0.2474486984377449,0.02229001766104009,0.015151496205045146,True,ANP6,125.0,8.0,7.76068019011021e+19,$(U_{0.8}Pu_{0.2})N$,2.229001766104009,0.1275350499414256,79.00103504438347,9.301495223950177,11.569934681724915,0.0,3.2117457167424896e+17,3.0387522574198104e-07,ok,
50,TRIAL_050,ANP6,1350.0,3.2,7.76068019011021e+19,1.9722002640473183e-05,129673.38547300897,43235270510889.76,7.789406175697652,5.100291528069869,2365717640302.848,1.0,40,TRIAL_050_ANP6,rizk2025_refit_plot,rizk2025_refit_full,43235270510889.76,3.345125786424002e+23,2.076847059030161e+26,2.4494302114712717e+25,2.5158719583027203e+23,5.228348206607929e+18,2.7737474039684265,92.20717652727706,2.248940006273227,1.716909027693184,3.9658490339664105,2.6951945193032856,6.661043553269696,853298247584.7766,2.1332456189619418e+17,467.20799170476266,0.429934644687793,23226075.202743404,4751631.049587994,4.888021599395286,800418851.9328594,800361271.8388939,30260568.560479756,24076217.09730231,1.0000719426288995,1.2568655797621293,0.12724811382014697,79.00296964229315,9.317598029011645,11.552184214875064,11.552184214875064,0.0,3.036863034474349e+25,3.036863034474349e+25,0.0,2.6288215094111468e+26,2.628821509411147e+26,1.0442838638453236,2.2526630417443092e+16,0.0012128737320063318,2.1345328044874393e-07,6.993437030555873e-07,6.993437030555873e-07,0.018775506500765104,0.018775506500765104,1.0377600832064672e+21,2.2065228826568896e-05,14113998.628416095,3.2,43235270510889.76,0.0,8.939008198932456e-26,3.2838459870045414e-21,2.7737474039684266e-09,9.220717652727706e-08,1.6554045239724253e+26,5.164222163432073e+26,2.3251352059637122e+26,0.02248940006273227,1.716909027693184,2.6951945193032856,0.03965849033966411,0.06661043553269697,142358807.9816199,3910438370.379406,1.263424378021127e-19,4.672079917047627e-07,5.038503781118785e-13,0.05578473048418742,0.0,9.235283837640407e-19,3.0343633300233184e-22,2.363588846219413e-21,1.4331663655150738e-17,1.8625632456264503e+19,43235270510889.76,0.008710562246020645,0.00038425619581053676,1.3951544515285111e-05,5.248164119252422e-06,1.3951544515285111e-05,5.248164119252422e-06,5.885397077472257e-29,1.3533068428317467e+19,1.0564231030407293e+19,639.7002119521343,5.405613523763537e-20,-50051.41766914287,4.6794678963809676e+21,0.0,0.0,0.0,0.0,0.0,0.3333333333333333,0.3333333333333333,2.0,5.697567307150379e-22,5.580606868254579e-21,0.0,9.229586270333256e-19,,0.0,0.0,0.0,0.0,0.0,5.697567307150379e-22,9.229586270333256e-19,0.006042702061315758,4.710263991643795e-18,1.433166365515074e-23,2.891046693471811e-22,,,1.433166365515074e-23,2.891046693471811e-22,,8.580369162343737e-08,3.303940622972829,42271098214481.18,5.6075447748656415e-06,0.0003786486510356711,5.6075447748656415e-06,0.0003786486510356711,0.008710562246020645,0.00038425619581053676,False,False,1.0,1.7401975090105248,9.827171363526757e-09,0.3036209569304715,0.5585633176257769,1.0,1.5829808400473655,3.574225292795175e-07,0.25856223621993624,0.620799661130978,0.2822664687100598,0.2579778553842191,0.02248940006273227,0.01716909027693184,True,ANP6,125.0,8.0,7.76068019011021e+19,$(U_{0.8}Pu_{0.2})N$,2.248940006273227,0.12724811382014697,79.00296964229315,9.317598029011645,11.552184214875064,0.0,2.1332456189619418e+17,4.672079917047627e-07,ok,
50,TRIAL_050,ANP6,1400.0,3.2,7.76068019011021e+19,1.9722002640473183e-05,129673.38547300897,43235270510889.76,7.789406175697652,5.100291528069869,2365717640302.848,1.0,40,TRIAL_050_ANP6,rizk2025_refit_plot,rizk2025_refit_full,43235270510889.76,3.3330782516451445e+23,2.0767169889961482e+26,2.454536561999426e+25,2.5043988117130682e+23,5.177430306892643e+18,2.7862010481516406,96.54278734565966,2.2689736488407526,1.9514722106681166,4.220445859508868,4.7918948653196365,9.012340724828505,424589457757.38226,1.0614736443934555e+17,714.2658184897145,0.5000000000000001,8665972.397133501,3108086.572998969,2.7882017420035283,796822017.6235135,796783850.7105376,27222258.36784506,22994985.55030902,1.0000479012130352,1.183834549853815,0.12678982729381846,78.99802179651712,9.337022514507801,11.538165861681255,7.87243902088168,3.6657268407995733,3.033177859634108e+25,2.069523702962139e+25,9.636541566719689e+24,2.6288215094111468e+26,2.5324560937439498e+26,1.0505522659659245,2.241517764635684e+16,0.0012074116255366208,2.1093474933381263e-07,7.321427543660485e-07,7.321427543660485e-07,0.02139302727741773,0.02139302727741773,1.1379291191021403e+21,2.5142696235950712e-05,14113998.628416095,3.2,43235270510889.76,0.0,9.059953383737316e-26,3.7691906891921806e-21,2.7862010481516406e-09,9.654278734565967e-08,1.7243570132446044e+26,5.9656332670409985e+26,2.325503723447736e+26,0.022689736488407525,1.9514722106681166,4.7918948653196365,0.04220445859508869,0.09012340724828505,194967036.05341992,14885214110.698412,4.514379504973775e-19,7.142658184897145e-07,1.177608136200378e-12,0.03407359027997259,1.0,9.256141022594044e-19,5.167759547233053e-22,4.025377813173764e-21,7.989389038480301e-17,1.8625632456264503e+19,43235270510889.76,0.008726693057649235,0.0003850116149178371,1.3927735093960446e-05,5.228864432215678e-06,1.3927735093960446e-05,5.228864432215678e-06,6.177500922912947e-29,1.4129103032401467e+19,1.0994995713060948e+19,1694.3979550892927,8.934441246586638e-20,-32218.22910826546,4.673873971408032e+21,3.1385924195114203e+21,0.0,0.0,0.0,0.0,0.3333333333333333,0.3333333333333333,2.0,2.6554752260788454e-21,2.7719141772846878e-21,0.0,9.229586270333256e-19,,0.0,0.0,0.0,0.0,0.0,2.6554752260788454e-21,9.229586270333256e-19,0.0029946758271276377,4.720901764015637e-18,7.989389038480301e-23,4.368820643385022e-22,,,7.989389038480301e-23,4.368820643385022e-22,,8.580369162343737e-08,3.303940622972829,42235592813660.55,5.826577099733189e-06,0.00037918503781810394,5.826577099733189e-06,0.00037918503781810394,0.008726693057649235,0.0003850116149178371,False,False,1.0,1.743210813403555,9.842155596537994e-09,0.3044240340195636,0.5574700442917158,1.0,1.6201473844752667,3.585903962833535e-07,0.26981096081503764,0.6051044018121946,0.2831021389964329,0.2692283505138616,0.022689736488407525,0.019514722106681166,True,ANP6,125.0,8.0,7.76068019011021e+19,$(U_{0.8}Pu_{0.2})N$,2.2689736488407526,0.12678982729381846,78.99802179651712,9.337022514507801,7.87243902088168,3.6657268407995733,1.0614736443934555e+17,7.142658184897146e-07,ok,
50,TRIAL_050,ANP6,1450.0,3.2,7.76068019011021e+19,1.9722002640473183e-05,129673.38547300897,43235270510889.76,7.789406175697652,5.100291528069869,2365717640302.848,1.0,40,TRIAL_050_ANP6,rizk2025_refit_plot,rizk2025_refit_full,43235270510889.76,3.303487769132808e+23,2.0757884520937135e+26,2.464114187053093e+25,2.4846997676620223e+23,5.111729782356666e+18,2.8016783228239857,101.74176263739798,2.2888500333227495,2.2550401012124976,4.543890134535247,6.345944682657116,10.889834817192364,242098001663.78903,6.0524500415947256e+16,945.9079341771393,0.5,5377838.144676267,2346951.452448926,2.2914143107070934,792404574.404935,792382188.1743813,24115342.711091448,21819948.293130692,1.000028251809402,1.1051970603744916,0.12566420950628882,78.96270038351474,9.373455665329868,11.538179741649126,6.339961444965835,5.198218296683291,3.033181508429917e+25,1.666662701536356e+25,1.366518806893561e+25,2.6288215094111468e+26,2.492169628721791e+26,1.0587455724890553,2.222055332547282e+16,0.001198439382634176,2.0744849180518507e-07,7.104012552965776e-07,7.104012552965776e-07,0.024810207224857314,0.024810207224857314,1.2157606202208834e+21,2.976928213782994e-05,14113998.628416095,3.2,43235270510889.76,0.0,9.211777065027226e-26,4.4115009932564434e-21,2.8016783228239857e-09,1.0174176263739799e-07,1.7950943585177657e+26,7.001942748233483e+26,2.3255033585681554e+26,0.022888500333227493,2.2550401012124976,6.345944682657116,0.04543890134535247,0.10889834817192363,275369922.93739223,35088107124.83743,1.048491873381091e-18,9.459079341771393e-07,2.0652793354914575e-12,0.03407359027997264,1.0,9.34088619014059e-19,1.03501318176948e-21,8.062138070003664e-21,3.956100289530877e-16,1.8625632456264503e+19,43235270510889.76,0.0087824521934312,0.00038840731955665345,1.3898300114051823e-05,5.207857871574946e-06,1.3898300114051823e-05,5.207857871574946e-06,6.011741824941953e-29,1.4738425288797157e+19,1.0568083692039086e+19,4417.528775761263,1.737935032900907e-19,-20376.0027528662,4.674515808640687e+21,2.8035451857462205e+21,0.0,0.0,0.0,0.0,0.3333333333333333,0.3333333333333333,2.0,1.1129991980733449e-20,1.2351760164789186e-21,0.0,9.229586270333256e-19,,0.0,0.0,0.0,0.0,0.0,1.1129991980733449e-20,9.229586270333256e-19,0.0013223327972699858,4.764124270023889e-18,3.9561002895308766e-22,6.394031528163924e-22,,,3.9561002895308766e-22,6.394031528163924e-22,,8.580369162343737e-08,3.303940622972829,42195125604239.03,6.117264882558614e-06,0.0003822900546740948,6.117264882558614e-06,0.0003822900546740948,0.0087824521934312,0.00038840731955665345,False,False,1.0,1.7461002786156432,9.868097792436648e-09,0.3051921427597211,0.5564249263746691,1.0,1.6657981507715385,3.601201792978313e-07,0.28310195355972906,0.5866919156113812,0.28392640232868926,0.2825214477657221,0.022888500333227493,0.022550401012124976,True,ANP6,125.0,8.0,7.76068019011021e+19,$(U_{0.8}Pu_{0.2})N$,2.2888500333227495,0.12566420950628882,78.96270038351474,9.373455665329868,6.339961444965835,5.198218296683291,6.0524500415947256e+16,9.459079341771394e-07,ok,
50,TRIAL_050,ANP6,1500.0,3.2,7.76068019011021e+19,1.9722002640473183e-05,129673.38547300897,43235270510889.76,7.789406175697652,5.100291528069869,2365717640302.848,1.0,40,TRIAL_050_ANP6,rizk2025_refit_plot,rizk2025_refit_full,43235270510889.76,3.214229252126165e+23,2.0723355150767516e+26,2.4866070634994693e+25,2.4372000978072805e+23,5.033686970987481e+18,2.8276558812910113,107.45951515592307,2.3081257362165957,2.6164319526186675,4.924557688835263,8.23946830338267,13.164025992217931,143610235382.38724,3.5902558845596812e+16,1228.151021056077,0.49999999999999983,3668823.9158594795,1807595.289129052,2.0296710983503488,785114084.0876104,785102605.5498747,21411836.57544236,20658943.01476044,1.0000146204300617,1.0364439536013044,0.1222688280896693,78.83135114566804,9.459018250563792,11.587361775678518,5.470153298331039,6.117208477347478,3.0461105873232227e+25,1.4380056650428965e+25,1.608104922280326e+25,2.6288215094111468e+26,2.4680110171831143e+26,1.0686203128013085,2.174020920987489e+16,0.0011774627210718012,2.0243322934186896e-07,5.370459915265377e-07,5.370459915265377e-07,0.028924698352715168,0.028924698352715168,1.1617755601877163e+21,3.7197577685109604e-05,14113998.628416095,3.2,43235270510889.76,0.0,9.470398997165595e-26,5.1978439813578435e-21,2.8276558812910114e-09,1.0745951515592308e-07,1.871120353585559e+26,8.232422752038804e+26,2.3242104506788245e+26,0.023081257362165958,2.6164319526186675,8.23946830338267,0.04924557688835263,0.13164025992217931,400530132.46972436,77389625867.79057,2.2949529416043785e-18,1.228151021056077e-06,3.4816459890109006e-12,0.0340735902799727,1.0,9.653577892834512e-19,2.6703221709632663e-21,2.0800224009603627e-20,1.7607759639859707e-15,1.8625632456264503e+19,43235270510889.76,0.008979726590896846,0.00040127181587369025,1.3849278866426959e-05,5.187068646799844e-06,1.3849278866426959e-05,5.187068646799844e-06,4.558205553812154e-29,1.5376568954190096e+19,7.863935096620969e+18,11671.019816845166,3.5049209260839987e-19,-14459.936855696142,4.696711096747533e+21,2.8938342819605135e+21,0.0,0.0,0.0,0.0,0.3333333333333333,0.3333333333333333,2.0,4.239916225012569e-20,5.067891913502495e-22,0.0,9.229586270333256e-19,,0.0,0.0,0.0,0.0,0.0,4.239916225012569e-20,9.229586270333256e-19,0.0005249755033586253,4.923606154238644e-18,1.7607759639859707e-21,9.095462069772957e-22,,,1.7607759639859707e-21,9.095462069772957e-22,,8.580369162343737e-08,3.303940622972829,42153440465738.1,6.574687246210236e-06,0.00039469712862748004,6.574687246210236e-06,0.00039469712862748004,0.008979726590896846,0.00040127181587369025,False,False,1.0,1.7485822538437161,9.931795051452884e-09,0.30585039938751524,0.5555297071852047,1.0,1.7173056647170863,3.619718340165478e-07,0.2974507683810288,0.5669826172385317,0.2847212103420284,0.2968723940484646,0.023081257362165958,0.026164319526186672,True,ANP6,125.0,8.0,7.76068019011021e+19,$(U_{0.8}Pu_{0.2})N$,2.3081257362165957,0.1222688280896693,78.83135114566804,9.459018250563792,5.470153298331039,6.117208477347478,3.5902558845596812e+16,1.2281510210560772e-06,ok,
50,TRIAL_050,ANP6,1550.0,3.2,7.76068019011021e+19,1.9722002640473183e-05,129673.38547300897,43235270510889.76,7.789406175697652,5.100291528069869,2365717640302.848,1.0,40,TRIAL_050_ANP6,rizk2025_refit_plot,rizk2025_refit_full,43235270510889.76,2.96039530670906e+23,2.0611912391260587e+26,2.548241309619186e+25,2.3090172802432946e+23,4.959644862067543e+18,2.886239062276054,112.52121212736913,2.3254804498073236,2.9596638966763407,5.285144346483664,10.568551823404746,15.853696169888408,87287650958.07387,2.1821912739518468e+16,1575.3173912532466,0.5,2604736.848458131,1409239.8219725583,1.8483275932496692,769173225.2760403,769167055.1535445,19880151.489491485,19729613.270492114,1.0000080218236784,1.0076300643573444,0.11261302055354018,78.40742445795658,9.693474054805607,11.786488466684286,4.843208616821425,6.943279849862861,3.0984574401646058e+25,1.273193098646557e+25,1.8252643415180487e+25,2.6288215094111468e+26,2.4462950752593418e+26,1.078122149503396,2.0462626335302276e+16,0.0011215031302880241,1.9463109547581675e-07,3.0786859219621697e-07,3.0786859219621697e-07,0.032886117994587696,0.032886117994587696,8.954829635496532e+20,4.769533517803866e-05,14113998.628416095,3.2,43235270510889.76,0.0,1.0071299464516325e-25,5.967491582537497e-21,2.886239062276054e-09,1.1252121212736913e-07,1.9629488820413756e+26,9.389354204568644e+26,2.3189757653946862e+26,0.023254804498073236,2.9596638966763407,10.568551823404746,0.05285144346483664,0.1585369616988841,583447067.10373,164078798635.30896,4.8430914143770685e-18,1.5753173912532466e-06,5.728187143450117e-12,0.03407359027997264,1.0,1.0711233129353537e-18,8.378501496912049e-21,6.526355130313874e-20,7.11715258415843e-15,1.8625632456264503e+19,43235270510889.76,0.00962156818746374,0.00044510983016334677,1.3740466855450473e-05,5.170404134126325e-06,1.3740466855450473e-05,5.170404134126325e-06,2.6182837088496933e-29,1.614220069097116e+19,4.3982332872684073e+18,29322.483918803213,6.828596151937804e-19,-10408.077636945878,4.785274396682633e+21,3.034198928529908e+21,0.0,0.0,0.0,0.0,0.3333333333333333,0.3333333333333333,2.0,1.4816468590202815e-19,1.9547622806480766e-22,0.0,9.229586270333256e-19,,0.0,0.0,0.0,0.0,0.0,1.4816468590202815e-19,9.229586270333256e-19,0.00018249647421930904,5.4630411584823155e-18,7.11715258415843e-21,1.2613489127536196e-21,,,7.11715258415843e-21,1.2613489127536196e-21,,8.580369162343737e-08,3.303940622972829,42119142527381.64,7.5256343717816546e-06,0.0004375841957915651,7.5256343717816546e-06,0.0004375841957915651,0.00962156818746374,0.00044510983016334677,False,False,1.0,1.7498449588101914,1.0112282838838892e-08,0.30618474703833937,0.5550751515725106,1.0,1.7639718604156476,3.63764327928252e-07,0.30990073383680733,0.5500300946088793,0.2854330320715291,0.30932436610370123,0.023254804498073236,0.029596638966763407,True,ANP6,125.0,8.0,7.76068019011021e+19,$(U_{0.8}Pu_{0.2})N$,2.3254804498073236,0.11261302055354018,78.40742445795658,9.693474054805607,4.843208616821425,6.943279849862861,2.1821912739518468e+16,1.5753173912532466e-06,ok,
50,TRIAL_050,ANP6,1600.0,3.2,7.76068019011021e+19,1.9722002640473183e-05,129673.38547300897,43235270510889.76,7.789406175697652,5.100291528069869,2365717640302.848,1.0,40,TRIAL_050_ANP6,rizk2025_refit_plot,rizk2025_refit_full,43235270510889.76,2.401504989993864e+23,2.0302460781933285e+26,2.7147643325137798e+25,2.0120252393499592e+23,4.856776532714247e+18,3.0268513008787608,119.15490569288382,2.337196846920146,3.441696043043665,5.778892889963811,13.620678647388665,19.399571537352475,52551640184.31289,1.3137910046078222e+16,2030.258479348649,0.5,1922890.2798660942,1093456.8295521783,1.7585424754753307,733439395.6776569,733435434.8214879,18676825.63400579,18631209.408380937,1.0000054004156071,1.0024483770551327,0.09135291161444424,77.23027489409509,10.32692528874615,12.351446905544314,4.477003063408372,7.874443842135943,3.2469749297644645e+25,1.1769241950787524e+25,2.070050734685712e+25,2.6288215094111468e+26,2.4218164359425756e+26,1.0916721910279028,1.7622607166459898e+16,0.0009920185480408379,1.7890310593131398e-07,2.780236259653779e-07,2.780236259653779e-07,0.03857339548171286,0.03857339548171286,6.883115857549556e+20,6.0336308960411643e-05,14113998.628416095,3.2,43235270510889.76,0.0,1.1616140797891992e-25,7.086379247348747e-21,3.026851300878761e-09,1.1915490569288383e-07,2.0930884988568868e+26,1.0990873649522013e+27,2.3041240164347003e+26,0.023371968469201462,3.441696043043665,13.620678647388665,0.05778892889963811,0.19399571537352475,895822996.9233762,352266097284.0418,1.0367462252076048e-17,2.030258479348649e-06,9.514450895278702e-12,0.03407359027997264,1.0,1.4017765731852965e-18,2.8072866441166047e-20,2.1867095922635414e-19,2.6363059898109156e-14,1.8625632456264503e+19,43235270510889.76,0.011470409650382036,0.0005823160985184111,1.348878942011526e-05,5.150681828824869e-06,1.348878942011526e-05,5.150681828824869e-06,2.3681387849099512e-29,1.72822680684774e+19,3.893503463420427e+18,72999.00974414338,1.3148477019934616e-18,-7264.3701747158,5.039190517379735e+21,3.2515635039602643e+21,0.0,0.0,0.0,0.0,0.3333333333333333,0.3333333333333333,2.0,4.788179461519709e-19,7.206892439595517e-23,0.0,9.229586270333256e-19,,0.0,0.0,0.0,0.0,0.0,4.788179461519709e-19,9.229586270333256e-19,5.141256158404111e-05,7.14946918046378e-18,2.6363059898109155e-20,1.7098065430568916e-21,,,2.6363059898109155e-20,1.7098065430568916e-21,,8.580369162343737e-08,3.303940622972829,42077854886573.14,1.0212045491258479e-05,0.0005721040530271527,1.0212045491258479e-05,0.0005721040530271527,0.011470409650382036,0.0005823160985184111,False,False,1.0,1.7481340665697545,1.0587191127908656e-08,0.3057316377460517,0.5556911918756423,1.0,1.826610129138756,3.6631464161212774e-07,0.32585264001123043,0.5285205473549233,0.28591159210638867,0.32528010701386584,0.023371968469201462,0.03441696043043665,True,ANP6,125.0,8.0,7.76068019011021e+19,$(U_{0.8}Pu_{0.2})N$,2.337196846920146,0.09135291161444424,77.23027489409509,10.32692528874615,4.477003063408372,7.874443842135943,1.3137910046078222e+16,2.030258479348649e-06,ok,
50,TRIAL_050,ANP6,1650.0,3.2,7.76068019011021e+19,1.9722002640473183e-05,129673.38547300897,43235270510889.76,7.789406175697652,5.100291528069869,2365717640302.848,1.0,40,TRIAL_050_ANP6,rizk2025_refit_plot,rizk2025_refit_full,43235270510889.76,1.602805117753361e+23,1.964020998882518e+26,3.072528894970491e+25,1.5324845733756603e+23,4.658140653986627e+18,3.3144932773509943,131.0101567960242,2.3374167302100117,4.387489666330697,6.7249063965407085,18.059749959125078,24.78465635566579,29892366788.371937,7473091697092984.0,2691.933451969344,0.5,1475626.3405688542,824686.0628653021,1.7893188778308138,669788395.2400435,669785639.6843461,16962888.291399147,16945251.072834156,1.0000041140859615,1.001040835481822,0.060970480955642656,74.71108220361666,11.687856645918627,13.540090669509075,4.425630827557008,9.114459841952067,3.5594481591382632e+25,1.1634193512194916e+25,2.396028807918772e+25,2.6288215094111468e+26,2.3892186286192696e+26,1.1189796594687706,1.323927433648648e+16,0.0007808952929002858,1.5160660348271005e-07,2.9576207874132934e-07,2.9576207874132934e-07,0.0501295953958834,0.0501295953958834,6.110413573162634e+20,7.52344675293015e-05,14113998.628416095,3.2,43235270510889.76,0.0,1.5252464989329699e-25,9.418972058251836e-21,3.3144932773509945e-09,1.3101015679602422e-07,2.2865232123119124e+26,1.4124181188985497e+27,2.2728766934973205e+26,0.023374167302100117,4.387489666330697,18.059749959125078,0.06724906396540709,0.24784656355665788,1556811288.254444,822671930400.5774,2.416637007966901e-17,2.691933451969344e-06,1.6726678203162517e-11,0.03407359027997264,1.0,2.364150646143271e-18,9.247330480694055e-20,7.203121315503541e-19,9.020265555838444e-14,1.8625632456264503e+19,43235270510889.76,0.01604391492347716,0.000981587781591154,1.3012680070033913e-05,5.120352618958106e-06,1.3012680070033913e-05,5.120352618958106e-06,2.5259688117116396e-29,1.9080193366982398e+19,4.0119092492379535e+18,190077.38945383643,2.577206494324321e-18,-4607.162989376536,5.585549538837028e+21,3.5837822586637517e+21,0.0,0.0,0.0,0.0,0.3333333333333333,0.3333333333333333,2.0,1.441192019109945e-18,2.5738368843747513e-23,0.0,9.229586270333256e-19,,0.0,0.0,0.0,0.0,0.0,1.441192019109945e-18,9.229586270333256e-19,1.0886941103239548e-05,1.2057857511605432e-17,9.020265555838444e-20,2.2706492485561157e-21,,,9.020265555838444e-20,2.2706492485561157e-21,,8.580369162343737e-08,3.303940622972829,42014744424254.46,1.8159240011620614e-05,0.0009634285415795334,1.8159240011620614e-05,0.0009634285415795334,0.01604391492347716,0.000981587781591154,False,False,1.0,1.7416920877571511,1.1592944964803835e-08,0.30401953971124174,0.5580206312801732,1.0,1.9423381276487237,3.714492152566151e-07,0.35326463078030496,0.49214604248475674,0.28592055800502575,0.35269992625857904,0.023374167302100117,0.04387489666330697,True,ANP6,125.0,8.0,7.76068019011021e+19,$(U_{0.8}Pu_{0.2})N$,2.3374167302100117,0.060970480955642656,74.71108220361666,11.687856645918627,4.425630827557008,9.114459841952067,7473091697092984.0,2.691933451969344e-06,ok,
50,TRIAL_050,ANP6,1700.0,3.2,7.76068019011021e+19,1.9722002640473183e-05,129673.38547300897,43235270510889.76,7.789406175697652,5.100291528069869,2365717640302.848,1.0,40,TRIAL_050_ANP6,rizk2025_refit_plot,rizk2025_refit_full,43235270510889.76,8.999569423560034e+22,1.8561669321516437e+26,3.6667739913218126e+25,1.0234841411348398e+23,4.2985629588299894e+18,3.782459254941336,150.55883679987127,2.320024132271701,6.145124041124697,8.465148173396397,24.766573207914785,33.23172138131119,15894685105.56503,3973671276391257.0,3691.632888601929,0.5,1177843.0905317438,601359.904137365,1.9586325633421282,586921698.6977482,586919739.3467841,14753361.929006603,14745066.096325595,1.0000033383626972,1.0005626175309634,0.034234235345920946,70.6083286943062,13.948356623661246,15.409080446686644,4.707729423837784,10.701351022848861,4.050772211849657e+25,1.2375780369872511e+25,2.813194174862406e+25,2.6288215094111468e+26,2.3475020919249063e+26,1.1724002724177125,8807417862784589.0,0.0005517048955398699,1.1723040506298078e-07,3.4116732684201535e-07,3.4116732684201535e-07,0.0728978443227185,0.0728978443227185,6.12304981525133e+20,9.439375137823539e-05,14113998.628416095,3.2,43235270510889.76,0.0,2.2667905041491477e-25,1.4295763723784834e-20,3.782459254941336e-09,1.5055883679987127e-07,2.5407910396034064e+26,1.996757062308814e+27,2.223744288226181e+26,0.02320024132271701,6.145124041124697,24.766573207914785,0.08465148173396397,0.33231721381311186,3114444932.423233,2124346234977.1282,6.2326678492658e-17,3.6916328886019294e-06,3.145705603346244e-11,0.03407359027997264,1.0,4.988545012933779e-18,2.9005001213446957e-19,2.259317355781416e-18,2.8708990269161864e-13,1.8625632456264503e+19,43235270510889.76,0.025611528631908746,0.0020699647220624303,1.2334810172899155e-05,5.080668116790264e-06,1.2334810172899155e-05,5.080668116790264e-06,2.933485465131444e-29,2.168454269660969e+19,4.3406510674997396e+18,520020.4082099083,5.135539819438399e-18,-2595.7429388403,6.479642412099333e+21,4.0393771474649665e+21,0.0,0.0,0.0,0.0,0.3333333333333333,0.3333333333333333,2.0,4.065586385900453e-18,9.000056617340487e-24,0.0,9.229586270333256e-19,,0.0,0.0,0.0,0.0,0.0,4.065586385900453e-18,9.229586270333256e-19,1.804144614112147e-06,2.5443033866861345e-17,2.8708990269161863e-19,2.9601094428509513e-21,,,2.8708990269161863e-19,2.9601094428509513e-21,,8.580369162343737e-08,3.303940622972829,41940898038101.74,4.062733792903327e-05,0.002029337384133397,4.062733792903327e-05,0.002029337384133397,0.025611528631908746,0.0020699647220624303,False,False,1.0,1.7305201388548987,1.3262731341790703e-08,0.30102758532222257,0.5620978217469136,1.0,2.14171708931252,3.815304415271644e-07,0.39516785238533014,0.43810245937034686,0.28520961832334857,0.39461799400015085,0.02320024132271701,0.061451240411246964,True,ANP6,125.0,8.0,7.76068019011021e+19,$(U_{0.8}Pu_{0.2})N$,2.320024132271701,0.034234235345920946,70.6083286943062,13.948356623661246,4.707729423837784,10.701351022848861,3973671276391257.0,3.6916328886019294e-06,ok,
50,TRIAL_050,ANP6,1750.0,3.2,7.76068019011021e+19,1.9722002640473183e-05,129673.38547300897,43235270510889.76,7.789406175697652,5.100291528069869,2365717640302.848,1.0,40,TRIAL_050_ANP6,rizk2025_refit_plot,rizk2025_refit_full,43235270510889.76,4.641033563134095e+22,1.7125991678082317e+26,4.485604021707986e+25,6.299357428003358e+22,3.6993518283783245e+18,4.420764216350001,181.24139453607015,2.2796958940600818,9.225426045788755,11.505121939848836,34.37586382732461,45.88098576717344,8250428940.853608,2062607235213402.0,5123.965613397732,0.5,976719.854515515,433258.17686897103,2.254359886693844,502177106.7169432,502175617.4621185,12254234.267834578,12248857.418486603,1.0000029656056026,1.0004389674207375,0.017654426314298078,65.1470311573893,17.063174527633702,17.772139888662668,5.26806928219848,12.50407060646419,4.671978360758025e+25,1.3848813842111505e+25,3.287096976546874e+25,2.6288215094111468e+26,2.300111811756459e+26,1.2752562147630884,5508534813941932.0,0.00036796217988148145,8.247183862624134e-08,4.817375410283469e-07,4.817375410283469e-07,0.11711233761657719,0.11711233761657719,7.167741506072624e+20,0.00012135163535776706,14113998.628416095,3.2,43235270510889.76,0.0,3.6189340263910908e-25,2.4937952575959453e-20,4.420764216350001e-09,1.8124139453607016e-07,2.8204605485513926e+26,3.027303512262729e+27,2.161623673335344e+26,0.02279695894060082,9.225426045788755,34.37586382732461,0.11505121939848836,0.45880985767173443,6714227316.612062,5685219480452.936,1.666621896813428e-16,5.123965613397732e-06,6.060290968923476e-11,0.03407359027997264,1.0,1.1732003472118521e-17,8.590290957143048e-19,6.691326543260975e-18,8.552344067970446e-13,1.8625632456264503e+19,43235270510889.76,0.04299894772798385,0.004866234154339996,1.1565981443971213e-05,5.035500213110434e-06,1.1565981443971213e-05,5.035500213110434e-06,4.2221102375468425e-29,2.5009412686738424e+19,5.429612572889265e+18,1418721.387941209,1.0086794299006254e-17,-1373.6646106941478,7.675858449667166e+21,4.608385663830841e+21,0.0,0.0,0.0,0.0,0.3333333333333333,0.3333333333333333,2.0,1.0809044845085196e-17,3.1079945105556526e-24,0.0,9.229586270333256e-19,,0.0,0.0,0.0,0.0,0.0,1.0809044845085196e-17,9.229586270333256e-19,2.649159214742734e-07,5.983663791613238e-17,8.552344067970446e-19,3.7946889172602315e-21,,,8.552344067970446e-19,3.7946889172602315e-21,,8.580369162343737e-08,3.303940622972829,41894319284554.85,9.89618827157812e-05,0.004767272271624215,9.89618827157812e-05,0.004767272271624215,0.04299894772798385,0.004866234154339996,False,False,1.0,1.7156495490250385,1.5591780599152915e-08,0.29699956961158497,0.5675996251365075,1.0,2.4676654901909774,4.0110833563431684e-07,0.4523742605078013,0.3677261026107774,0.2835473801850032,0.451851238763522,0.02279695894060082,0.09225426045788755,True,ANP6,125.0,8.0,7.76068019011021e+19,$(U_{0.8}Pu_{0.2})N$,2.2796958940600818,0.017654426314298078,65.1470311573893,17.063174527633702,5.26806928219848,12.50407060646419,2062607235213402.0,5.123965613397733e-06,ok,
50,TRIAL_050,ANP6,1800.0,3.2,7.76068019011021e+19,1.9722002640473183e-05,129673.38547300897,43235270510889.76,7.789406175697652,5.100291528069869,2365717640302.848,1.0,40,TRIAL_050_ANP6,rizk2025_refit_plot,rizk2025_refit_full,43235270510889.76,2.354336134105555e+22,1.5396608569900125e+26,5.52176220002687e+25,3.709816909072434e+22,2.6467228614650025e+18,5.218272312354416,239.7677118208333,2.208113037143829,15.281612186006392,17.48972522315022,47.31750322039898,64.8072284435492,4354518380.735235,1088629595183808.8,7053.008489649653,0.5,835389.1293520482,314759.297859611,2.6540570367031653,425429245.38291407,425428162.2567077,9264288.909971945,9258961.44706464,1.0000025459673394,1.0005753845004932,0.00895586149792621,58.56848216883674,21.00470564570106,20.417856323964273,6.033295871386246,14.384560452578022,5.367489988050368e+25,1.586045795934163e+25,3.7814441921162048e+25,2.6288215094111468e+26,2.2506770901995262e+26,1.5189605484607445,3400295425685737.5,0.0002410097023247805,4.79326837883333e-08,8.757708517992621e-07,8.757708517992621e-07,0.2230193869542586,0.2230193869542586,1.1856859896057865e+21,0.00016567242927492155,14113998.628416095,3.2,43235270510889.76,0.0,5.952080901199849e-25,5.773786295686349e-20,5.218272312354416e-09,2.397677118208333e-07,3.078600919152413e+26,5.070155468429909e+27,2.09207251060611e+26,0.02208113037143829,15.281612186006392,47.31750322039898,0.1748972522315022,0.648072284435492,14569196014.42921,14835508408032.336,4.3465200128432754e-16,7.053008489649653e-06,1.1482326087129248e-10,0.03407359027997264,1.0,2.814113302873205e-17,2.402604106958116e-18,1.871485926849609e-17,2.3978131732901632e-12,1.8625632456264503e+19,43235270510889.76,0.07120125110849816,0.011679279896532608,1.0795714740537357e-05,4.98119678922742e-06,1.0795714740537357e-05,4.98119678922742e-06,8.223052741162522e-29,2.8850392052899504e+19,7.681544560086211e+18,3704817.7416889546,1.9126057224962687e-17,-725.5716543925073,9.111088126636906e+21,5.281873075804045e+21,0.0,0.0,0.0,0.0,0.3333333333333333,0.3333333333333333,2.0,2.721817440169872e-17,1.0673110184064085e-24,0.0,9.229586270333256e-19,,0.0,0.0,0.0,0.0,0.0,2.721817440169872e-17,9.229586270333256e-19,3.792708052361239e-08,1.4352798237672925e-16,2.397813173290163e-18,4.790933667952865e-21,,,2.397813173290163e-18,4.790933667952865e-21,,8.580369162343737e-08,3.303940622972829,41966072163793.58,0.00022461106932238087,0.011454668827210227,0.00022461106932238087,0.011454668827210227,0.07120125110849816,0.011679279896532608,False,False,1.0,1.6968103600214153,1.860138492798905e-08,0.29182020004943376,0.5746952623881393,1.0,3.0909373866286827,4.484705453697437e-07,0.5351015032331922,0.2739565200631976,0.2805479506673965,0.5346337748801778,0.02208113037143829,0.1528161218600639,True,ANP6,125.0,8.0,7.76068019011021e+19,$(U_{0.8}Pu_{0.2})N$,2.208113037143829,0.00895586149792621,58.56848216883674,21.00470564570106,6.033295871386246,14.384560452578022,1088629595183808.8,7.053008489649653e-06,ok,
50,TRIAL_050,AP3.2,900.0,1.1,5.767844763153473e+19,1.9722002640473183e-05,129673.38547300897,43235270510889.76,7.789406175697652,5.100291528069869,2365717640302.848,1.0,40,TRIAL_050_AP3p2,rizk2025_refit_plot,rizk2025_refit_full,43235270510889.76,3.2941940350238184e+23,5.8110320344255865e+25,2.2600700217257823e+25,7.929956259209924e+22,5.542398975506591e+18,2.590082721474559,49.78870713768572,0.5771654228044868,0.2865358340240018,0.8637012568284885,0.07926847671536047,0.942969733543849,2105468715797.2976,5.2636717894932435e+17,106.72457050813732,0.055355233540215876,3376659268233.316,20801208.095100597,162329.9595290639,867583271.0894735,857115481.9086754,297398133.84601456,44588424.315996215,1.0122128107609114,6.66985071592499,0.3645401517661979,64.30569897296364,25.01025318978194,10.31950768548822,10.31950768548822,0.0,9.325299420986824e+24,9.325299420986824e+24,0.0,9.03657393860029e+25,9.03657393860029e+25,1.0072002436504521,1.623264179490756e+16,0.001366532644730324,2.4523310493497637e-07,1.161694621858098e-07,1.161694621858098e-07,0.0031331975642189974,0.0031331975642189974,4.030998213043053e+19,5.574638536681107e-06,6527982.800675924,1.0999999999999999,43235270510889.76,0.0,7.27829264044378e-26,5.169888261207533e-22,2.590082721474559e-09,4.978870713768572e-08,2.848838120037882e+25,3.232282622380981e+25,8.104043996501607e+25,0.005771654228044868,0.2865358340240018,0.07926847671536047,0.008637012568284886,0.00942969733543849,17716339.076461703,2231.5797729696396,1.505954016236107e-21,1.0672457050813731e-07,2.629116886177717e-14,0.7515812184327909,0.0,6.859556060984681e-19,5.096721272601947e-25,3.97004321566152e-24,5.119872410101689e-28,1.3842827431568335e+19,43235270510889.76,0.001913581120510363,0.00028637500997182654,1.0639889951685077e-05,4.168669382397591e-06,1.0639889951685077e-05,4.168669382397591e-06,1.5829009650218161e-29,6.06853740064008e+18,2.646076782058588e+18,0.00046519977955457705,3.410373771744653e-21,-28159.891520683683,1.9985613223307615e+21,0.0,0.0,0.0,0.0,0.0,0.3333333333333333,0.3333333333333333,2.0,2.4966082885114063e-31,9.582238205875211e-25,0.0,6.859556060982184e-19,,0.0,0.0,0.0,0.0,0.0,2.4966082885114063e-31,6.859556060982184e-19,1.3969181271622544e-06,3.498573566416049e-18,5.119872410101689e-34,5.096721267482075e-25,,,5.119872410101689e-34,5.096721267482075e-25,,8.580369162343737e-08,3.303940622972829,42683379303601.734,2.388676302036526e-06,0.00028398633366979,2.388676302036526e-06,0.00028398633366979,0.001913581120510363,0.00028637500997182654,False,False,1.0,1.3927129683664146,1.4440406335713713e-08,0.19390474685991807,0.7127881969292104,1.0,1.266151020654867,3.505401819946195e-07,0.14263156650765674,0.7875034816857059,0.17937700497459402,0.14203421677980993,0.005771654228044868,0.002865358340240018,True,AP3.2,100.0,8.3,5.767844763153473e+19,$(U_{0.8}Pu_{0.2})N$,0.5771654228044868,0.3645401517661979,64.30569897296364,25.01025318978194,10.31950768548822,0.0,5.2636717894932435e+17,1.0672457050813733e-07,ok,
50,TRIAL_050,AP3.2,950.0,1.1,5.767844763153473e+19,1.9722002640473183e-05,129673.38547300897,43235270510889.76,7.789406175697652,5.100291528069869,2365717640302.848,1.0,40,TRIAL_050_AP3p2,rizk2025_refit_plot,rizk2025_refit_full,43235270510889.76,3.286845217882996e+23,5.800836626285899e+25,2.27249832920309e+25,7.889439926515705e+22,5.530039052363352e+18,2.6014131994341287,52.85324859960132,0.5817853773212253,0.3420045359282976,0.9237899132495228,0.07910438243295981,1.0028942956824825,2105789446594.4563,5.264473616486141e+17,106.64546094218633,0.05528161973542209,533173064864.87305,20816638.424053382,25612.83210111378,857638103.7696279,853382307.9251326,200255496.0940441,42003094.58398639,1.0049869745423274,4.767636720042794,0.3637269213106342,64.19287515047338,25.1477865908447,10.29561133737131,10.29561133737131,0.0,9.303705309324725e+24,9.303705309324725e+24,0.0,9.03657393860029e+25,9.036573938600291e+25,1.00860263986142,1.6160308020645466e+16,0.0013619341183315158,2.4334816504158893e-07,1.7091488123040102e-07,1.7091488123040102e-07,0.0037343758607746983,0.0037343758607746983,5.378912012750453e+19,6.2760062776901814e-06,6527982.800675924,1.0999999999999999,43235270510889.76,0.0,7.374229130839775e-26,6.18448681265888e-22,2.601413199434129e-09,5.2853248599601325e-08,3.0366401773863697e+25,5.094785402241087e+25,8.106203407667819e+25,0.0058178537732122525,0.3420045359282976,0.07910438243295981,0.009237899132495227,0.010028942956824825,17672622.159581903,14881.254993661976,1.5026076336528271e-21,1.0664546094218633e-07,2.6252206660464143e-14,0.7521750050570586,0.0,6.85955606105717e-19,1.426046189772508e-24,1.1108052997444079e-23,2.2845010932250072e-26,1.3842827431568335e+19,43235270510889.76,0.0019115072967784735,0.0002862984511364285,1.0622625482034066e-05,4.135281672780221e-06,1.0622625482034066e-05,4.135281672780221e-06,2.3413279732900671e-29,6.487832328087068e+18,4.060352667937437e+18,0.003102518301063455,3.4062362560823744e-21,-28136.868706526755,1.994614737424326e+21,0.0,0.0,0.0,0.0,0.0,0.3333333333333333,0.3333333333333333,2.0,7.498646671560408e-30,3.5732345885189943e-23,0.0,6.859556060982184e-19,,0.0,0.0,0.0,0.0,0.0,7.498646671560408e-30,6.859556060982184e-19,5.209133880842283e-05,3.498573566453021e-18,2.284501093225007e-32,1.4260461669274971e-24,,,2.284501093225007e-32,1.4260461669274971e-24,,8.580369162343737e-08,3.303940622972829,42650717994570.836,2.5294237209200124e-06,0.00028376902741550846,2.5294237209200124e-06,0.00028376902741550846,0.0019115072967784735,0.0002862984511364285,False,False,1.0,1.3939184272440748,1.4465084694308805e-08,0.19435721052443541,0.7121350793304967,1.0,1.2861237381481507,3.50801122781959e-07,0.15126075783817997,0.7748392724615859,0.17985434485571006,0.1506643915371593,0.0058178537732122525,0.003420045359282976,True,AP3.2,100.0,8.3,5.767844763153473e+19,$(U_{0.8}Pu_{0.2})N$,0.5817853773212253,0.3637269213106342,64.19287515047338,25.1477865908447,10.29561133737131,0.0,5.264473616486141e+17,1.0664546094218634e-07,ok,
50,TRIAL_050,AP3.2,1000.0,1.1,5.767844763153473e+19,1.9722002640473183e-05,129673.38547300897,43235270510889.76,7.789406175697652,5.100291528069869,2365717640302.848,1.0,40,TRIAL_050_AP3p2,rizk2025_refit_plot,rizk2025_refit_full,43235270510889.76,3.2800676615661646e+23,5.789779880539692e+25,2.285764178529095e+25,7.849516051859208e+22,5.514136649679469e+18,2.612050233912253,56.357024112677294,0.5859709226857756,0.41343790488420695,0.9994088275699826,0.07902572777122499,1.0784345553412076,2105935605007.9084,5.264839012519771e+17,106.60763641875853,0.055246246885981676,101513201140.02174,20824024.193536777,4874.811909387271,851841973.4149107,849907084.9318807,144004907.71230993,39391717.97931431,1.0022765882498614,3.6557153406696026,0.36297690738247057,64.07051964471054,25.294588347972354,10.271915099934613,10.271915099934613,0.0,9.282292029158392e+24,9.282292029158392e+24,0.0,9.03657393860029e+25,9.036573938600288e+25,1.0104128176432283,1.6093742714147334e+16,0.0013576242751365314,2.412402511414971e-07,2.3817524203143326e-07,2.3817524203143326e-07,0.004507124752797175,0.004507124752797175,7.06573109717266e+19,7.121511680806036e-06,6527982.800675924,1.0999999999999999,43235270510889.76,0.0,7.465057957897731e-26,7.497781269316924e-22,2.612050233912253e-09,5.63570241126773e-08,3.2120787141245278e+25,7.501313072121786e+25,8.108344735684449e+25,0.005859709226857756,0.41343790488420695,0.07902572777122499,0.009994088275699826,0.010784345553412076,17630723.38410563,82078.75697650005,1.5010093866745414e-21,1.0660763641875853e-07,2.6233587938114663e-14,0.7524606452157796,0.0,6.859556062584883e-19,3.5413597183153905e-24,2.75850892602128e-23,6.972208708889678e-25,1.3842827431568335e+19,43235270510889.76,0.001909029218289482,0.00028621181802309954,1.0606485504431986e-05,4.101438180954765e-06,1.0606485504431986e-05,4.101438180954765e-06,3.280690584677372e-29,6.899553393501381e+18,5.81316710784913e+18,0.01711725955355396,3.40562056859854e-21,-28136.92526257429,1.990965001519016e+21,0.0,0.0,0.0,0.0,0.0,0.3333333333333333,0.3333333333333333,2.0,1.6026995865756309e-28,4.476676181501433e-22,0.0,6.859556060982184e-19,,0.0,0.0,0.0,0.0,0.0,1.6026995865756309e-28,6.859556060982184e-19,0.0006526189363651748,3.498573567232199e-18,6.972208708889678e-31,3.5413590210945195e-24,,,6.972208708889678e-31,3.5413590210945195e-24,,8.580369162343737e-08,3.303940622972829,42613760280513.06,2.688682174571508e-06,0.00028352313584852805,2.688682174571508e-06,0.00028352313584852805,0.001909029218289482,0.00028621181802309954,False,False,1.0,1.3950006326891418,1.4489568302689124e-08,0.194762887080848,0.7115495989890283,1.0,1.3095131864734895,3.511379992355047e-07,0.16109344302501438,0.7604501112765446,0.18028462405288398,0.16049817447731113,0.005859709226857756,0.00413437904884207,True,AP3.2,100.0,8.3,5.767844763153473e+19,$(U_{0.8}Pu_{0.2})N$,0.5859709226857756,0.36297690738247057,64.07051964471054,25.294588347972354,10.271915099934613,0.0,5.264839012519771e+17,1.0660763641875853e-07,ok,
50,TRIAL_050,AP3.2,1050.0,1.1,5.767844763153473e+19,1.9722002640473183e-05,129673.38547300897,43235270510889.76,7.789406175697652,5.100291528069869,2365717640302.848,1.0,40,TRIAL_050_AP3p2,rizk2025_refit_plot,rizk2025_refit_full,43235270510889.76,3.2736358747944666e+23,5.779125410669445e+25,2.2985825528350866e+25,7.810352011008838e+22,5.494765405130737e+18,2.622512618601101,60.136553023186465,0.5900814698186809,0.5005567910597782,1.090638260878459,0.07931291310514683,1.169951173983606,2105339488424.8992,5.263348721062248e+17,106.746693341787,0.05537478603771988,22682930282.62656,20796897.12628279,1090.6881995372394,847485940.6389785,846516422.5536467,109189404.69294222,36915983.51412076,1.0011453033390743,2.9577812724717494,0.3622651567991854,63.95261578045138,25.436438283501975,10.248680779247449,10.248680779247449,0.0,9.26129616347812e+24,9.26129616347812e+24,0.0,9.03657393860029e+25,9.03657393860029e+25,1.0126268244610848,1.6030701724822814e+16,0.0013533354861723767,2.390522925284051e-07,3.1669109600493605e-07,3.1669109600493605e-07,0.005448629624569233,0.005448629624569233,9.069168130432416e+19,8.105293621175643e-06,6527982.800675924,1.0999999999999999,43235270510889.76,0.0,7.555120037956676e-26,9.109702674337714e-22,2.622512618601101e-09,6.013655302318647e-08,3.3837796800302967e+25,1.0446049248118034e+26,8.110444322252478e+25,0.0059008146981868095,0.5005567910597782,0.07931291310514683,0.010906382608784591,0.01169951173983606,17595824.738758724,384931.0380936345,1.5068907136584315e-21,1.06746693341787e-07,2.630206973372655e-14,0.7514236515570138,0.0,6.859556086571999e-19,7.957391575121721e-24,6.19833550776976e-23,1.5366002896313798e-23,1.3842827431568335e+19,43235270510889.76,0.0019065457853584455,0.0002861195732708368,1.0590674358068786e-05,4.069241433843643e-06,1.0590674358068786e-05,4.069241433843643e-06,4.3852056474656134e-29,7.324335724929836e+18,7.868628357010062e+18,0.08033441650522284,3.418370618611604e-21,-28221.779841014544,1.9874991356547286e+21,0.0,0.0,0.0,0.0,0.0,0.3333333333333333,0.3333333333333333,2.0,2.558981501392922e-27,2.43157518657149e-21,0.0,6.859556060982184e-19,,0.0,0.0,0.0,0.0,0.0,2.558981501392922e-27,6.859556060982184e-19,0.003544799628260854,3.498573579466327e-18,1.5366002896313797e-29,7.957376209118825e-24,,,1.5366002896313797e-29,7.957376209118825e-24,,8.580369162343737e-08,3.303940622972829,42574410125291.54,2.858245747148493e-06,0.00028326132752368833,2.858245747148493e-06,0.00028326132752368833,0.0019065457853584455,0.0002861195732708368,False,False,1.0,1.3960592512700527,1.4513747915982568e-08,0.1951592428416731,0.7109776634703889,1.0,1.3354098386633264,3.5155011528247976e-07,0.17165513084426096,0.7450462544846066,0.1807052036920458,0.17106104440929853,0.0059008146981868095,0.005005567910597782,True,AP3.2,100.0,8.3,5.767844763153473e+19,$(U_{0.8}Pu_{0.2})N$,0.5900814698186809,0.3622651567991854,63.95261578045138,25.436438283501975,10.248680779247449,0.0,5.263348721062248e+17,1.06746693341787e-07,ok,
50,TRIAL_050,AP3.2,1100.0,1.1,5.767844763153473e+19,1.9722002640473183e-05,129673.38547300897,43235270510889.76,7.789406175697652,5.100291528069869,2365717640302.848,1.0,40,TRIAL_050_AP3p2,rizk2025_refit_plot,rizk2025_refit_full,43235270510889.76,3.267454781747462e+23,5.769542077109893e+25,2.310254179665098e+25,7.772354742178155e+22,5.472153179697566e+18,2.6329782933059303,64.0538758161555,0.5942689778636684,0.6023974095204128,1.196666387384081,0.08096220641232384,1.277628593796405,2102050249437.1238,5.255125623592809e+17,107.53757935253547,0.05611056856659263,5815136328.461912,20643946.175525088,281.6872452107138,843680031.9163327,843151652.8807383,86413599.78785546,34658324.28894299,1.0006266714105216,2.493299995332547,0.3615811483365753,63.84656526147519,25.565598149943785,10.226255440244438,10.226255440244438,0.0,9.241031340078231e+24,9.241031340078231e+24,0.0,9.03657393860029e+25,9.03657393860029e+25,1.015223838584335,1.5970235609309334e+16,0.001348982866192025,2.3686588671399306e-07,4.0468509933061863e-07,4.0468509933061863e-07,0.006549267123117746,0.006549267123117746,1.1355083650648447e+20,9.228062631590017e-06,6527982.800675924,1.0999999999999999,43235270510889.76,0.0,7.645932250605537e-26,1.1008416426561108e-21,2.6329782933059305e-09,6.40538758161555e-08,3.5549985010969306e+25,1.3898038640434281e+26,8.112470804592466e+25,0.005942689778636684,0.6023974095204128,0.08096220641232384,0.011966663873840811,0.01277628593796405,17584796.257944353,1572002.699682997,1.5406331306114779e-21,1.0753757935253547e-07,2.669325749068921e-14,0.7455390176903626,0.0,6.859556378595706e-19,1.6429338076549502e-23,1.2797478747609926e-22,2.556484784617257e-22,1.3842827431568335e+19,43235270510889.76,0.0019042798236749703,0.0002860254564389877,1.0574921265537385e-05,4.039786093272989e-06,1.0574921265537385e-05,4.039786093272989e-06,5.630800576942923e-29,7.768851693057438e+18,1.0173733900028207e+19,0.32878284273828295,3.48017599038359e-21,-28616.213914041396,1.984170526757559e+21,0.0,0.0,0.0,0.0,0.0,0.3333333333333333,0.3333333333333333,2.0,3.1761352235744896e-26,6.934054381604572e-21,0.0,6.859556060982184e-19,,0.0,0.0,0.0,0.0,0.0,3.1761352235744896e-26,6.859556060982184e-19,0.010108604695255988,3.498573728406931e-18,2.556484784617257e-28,1.642908242807104e-23,,,2.556484784617257e-28,1.642908242807104e-23,,8.580369162343737e-08,3.303940622972829,42534258809775.38,3.0312565627074837e-06,0.00028299419987628025,3.0312565627074837e-06,0.00028299419987628025,0.0019042798236749703,0.0002860254564389877,False,False,1.0,1.3971365437421144,1.4537362197476147e-08,0.1955621050159213,0.7103964335486649,1.0,1.3629833750199238,3.52033640904618e-07,0.1825465990746753,0.729221625355625,0.18113165414808624,0.18195375888402693,0.005942689778636684,0.006023974095204128,True,AP3.2,100.0,8.3,5.767844763153473e+19,$(U_{0.8}Pu_{0.2})N$,0.5942689778636684,0.3615811483365753,63.84656526147519,25.565598149943785,10.226255440244438,0.0,5.255125623592809e+17,1.0753757935253548e-07,ok,
50,TRIAL_050,AP3.2,1150.0,1.1,5.767844763153473e+19,1.9722002640473183e-05,129673.38547300897,43235270510889.76,7.789406175697652,5.100291528069869,2365717640302.848,1.0,40,TRIAL_050_AP3p2,rizk2025_refit_plot,rizk2025_refit_full,43235270510889.76,3.2614653313716615e+23,5.76130369269576e+25,2.3204867972158495e+25,7.735778826780714e+22,5.446633388627814e+18,2.6435066815008628,68.00486093654656,0.5985961109867165,0.7175243169059659,1.3161204278926824,0.08711951784267608,1.4032399457353584,2090213835384.847,5.225534588462117e+17,110.40500393198262,0.05880974498844989,1676178138.9663744,20107784.257384557,83.35966397445308,840103223.5125057,839793602.7684202,70814246.73609589,32644725.23620657,1.0003686867142887,2.1692400908173415,0.3609183473218881,63.755398139177416,25.678833737017804,10.204849776482881,10.204849776482881,0.0,9.22168795374962e+24,9.22168795374962e+24,0.0,9.03657393860029e+25,9.036573938600288e+25,1.0181712364341673,1.5911759175572616e+16,0.0013445488389992898,2.34721698310464e-07,5.000259168758766e-07,5.000259168758766e-07,0.007794786523256173,0.007794786523256173,1.388160117994047e+20,1.0488743117247308e-05,6527982.800675924,1.0999999999999999,43235270510889.76,0.0,7.738019976920999e-26,1.3173721558056503e-21,2.6435066815008628e-09,6.800486093654657e-08,3.7270834777995395e+25,1.7808997153615722e+26,8.114405143225326e+25,0.005985961109867165,0.7175243169059659,0.08711951784267608,0.013161204278926824,0.014032399457353585,17647357.983450986,5721903.4581906,1.6671886171232001e-21,1.1040500393198262e-07,2.8135755295879538e-14,0.7246689518187233,0.0,6.859559227741158e-19,3.156009871203467e-23,2.458344278131503e-22,3.330768464716398e-21,1.3842827431568335e+19,43235270510889.76,0.0019023373606223569,0.0002859323375209941,1.0559137038594961e-05,4.013438559888628e-06,1.0559137038594961e-05,4.013438559888628e-06,6.987601031825849e-29,8.230359852389475e+18,1.2664722149327581e+19,1.2047518836797928,3.7033860584128974e-21,-30009.223378708724,1.9809501896565944e+21,0.0,0.0,0.0,0.0,0.0,0.3333333333333333,0.3333333333333333,2.0,3.1667589742037936e-25,1.2004150054659163e-20,0.0,6.859556060982184e-19,,0.0,0.0,0.0,0.0,0.0,3.1667589742037936e-25,6.859556060982184e-19,0.017499885424288566,3.4985751815541725e-18,3.330768464716398e-27,3.155676794356995e-23,,,3.330768464716398e-27,3.155676794356995e-23,,8.580369162343737e-08,3.303940622972829,42494490108527.19,3.2026142614977983e-06,0.0002827297232594963,3.2026142614977983e-06,0.0002827297232594963,0.0019023373606223569,0.0002859323375209941,False,False,1.0,1.398249764547391,1.4560238953520231e-08,0.19597788978186878,0.7097966593917072,1.0,1.3915505358617488,3.5258255195519264e-07,0.1934678484413595,0.7134189595854373,0.18157022440116,0.19287630372007006,0.005985961109867165,0.007175243169059658,True,AP3.2,100.0,8.3,5.767844763153473e+19,$(U_{0.8}Pu_{0.2})N$,0.5985961109867165,0.3609183473218881,63.755398139177416,25.678833737017804,10.204849776482881,0.0,5.225534588462117e+17,1.1040500393198262e-07,ok,
50,TRIAL_050,AP3.2,1200.0,1.1,5.767844763153473e+19,1.9722002640473183e-05,129673.38547300897,43235270510889.76,7.789406175697652,5.100291528069869,2365717640302.848,1.0,40,TRIAL_050_AP3p2,rizk2025_refit_plot,rizk2025_refit_full,43235270510889.76,3.2556179028710964e+23,5.754447311208518e+25,2.3292375670224275e+25,7.700688792253349e+22,5.418589175251133e+18,2.6541148810451864,71.91782890760993,0.603083342103557,0.8442761849656262,1.4473595270691832,0.1068536384250095,1.5542131654941929,2054681674165.1836,5.136704185412959e+17,118.85809489512064,0.06700128629070436,532670640.67167354,18677735.007942952,28.51901691747679,836630203.5285959,836437041.9134862,59710431.83884142,30868562.54868245,1.0002309338365358,1.9343444238672531,0.3602712626479513,63.67952445592281,25.775670988237522,10.184533293191722,10.184533293191722,0.0,9.20332881340633e+24,9.20332881340633e+24,0.0,9.03657393860029e+25,9.03657393860029e+25,1.021430528854805,1.5854818984097736e+16,0.0013400387674851121,2.3263592683976026e-07,6.004405615113729e-07,6.004405615113729e-07,0.00916876819599588,0.00916876819599588,1.6603822739985046e+20,1.1884092085619086e-05,6527982.800675924,1.0999999999999999,43235270510889.76,0.0,7.831550636226721e-26,1.5581107141721937e-21,2.6541148810451864e-09,7.191782890760993e-08,3.900627578629381e+25,2.2122183079429363e+26,8.116241057259657e+25,0.0060308334210355695,0.8442761849656262,0.1068536384250095,0.014473595270691832,0.015542131654941928,17916797.388375286,19075065.17167172,2.0801984028679107e-21,1.1885809489512064e-07,3.260908350580727e-14,0.6674007239029199,0.0,6.859582128801389e-19,5.699970868482597e-23,4.439938828425505e-22,3.503783313863259e-20,1.3842827431568335e+19,43235270510889.76,0.0019007538363792118,0.0002858428107883982,1.0543296966919348e-05,3.990137860993943e-06,1.0543296966919348e-05,3.990137860993943e-06,8.423164789334107e-29,8.700996740974913e+18,1.5274235885885467e+19,4.092919617518038,4.40596696227328e-21,-34153.259311363596,1.9778166480378863e+21,0.0,0.0,0.0,0.0,0.0,0.3333333333333333,0.3333333333333333,2.0,2.6067819204802983e-24,1.4100662152237733e-20,0.0,6.859556060982184e-19,,0.0,0.0,0.0,0.0,0.0,2.6067819204802983e-24,6.859556060982184e-19,0.0205561532575478,3.49858686176252e-18,3.503783313863259e-26,5.696467085168733e-23,,,3.503783313863259e-26,5.696467085168733e-23,,8.580369162343737e-08,3.303940622972829,42455899750163.04,3.3688987350307577e-06,0.00028247391205336745,3.3688987350307577e-06,0.00028247391205336745,0.0019007538363792118,0.0002858428107883982,False,False,1.0,1.3994042272853326,1.4582322231695223e-08,0.19640852871040698,0.7091755650942267,1.0,1.420590971151073,3.5318973203398247e-07,0.20421384402700257,0.6979374289570832,0.18202279452287806,0.2036236320279494,0.0060308334210355695,0.008442761849656262,True,AP3.2,100.0,8.3,5.767844763153473e+19,$(U_{0.8}Pu_{0.2})N$,0.603083342103557,0.3602712626479513,63.67952445592281,25.775670988237522,10.184533293191722,0.0,5.136704185412959e+17,1.1885809489512065e-07,ok,
50,TRIAL_050,AP3.2,1250.0,1.1,5.767844763153473e+19,1.9722002640473183e-05,129673.38547300897,43235270510889.76,7.789406175697652,5.100291528069869,2365717640302.848,1.0,40,TRIAL_050_AP3p2,rizk2025_refit_plot,rizk2025_refit_full,43235270510889.76,3.249838389000819e+23,5.748860833768984e+25,2.3366213116238978e+25,7.666944450395512e+22,5.388350893413104e+18,2.664809972439959,75.75443927790177,0.607728580164683,0.9812253117102505,1.5889538918749335,0.16447091986927112,1.7534248117442048,1965465483122.5967,4.9136637078064915e+17,139.2798881078089,0.08800823326405023,183506196.34911922,15939128.25577244,11.512938060628345,833207188.6547111,833080040.5881546,51526998.93555559,29305213.280716524,1.0001526240701515,1.758287798214439,0.35963169350265944,63.61770370972528,25.85738054599292,10.165284050779146,10.165284050779146,0.0,9.185934093174002e+24,9.185934093174002e+24,0.0,9.03657393860029e+25,9.036573938600291e+25,1.0249689544276024,1.5798945088342996e+16,0.001335457259028385,2.3060675495645804e-07,7.038725787826697e-07,7.038725787826697e-07,0.010657420852987726,0.010657420852987726,1.9482882503724384e+20,1.3411605434659152e-05,6527982.800675924,1.0999999999999999,43235270510889.76,0.0,7.926607321816872e-26,1.8210122746640952e-21,2.6648099724399596e-09,7.575443927790178e-08,4.075885380140947e+25,2.6788392892162588e+26,8.117980529282891e+25,0.0060772858016468305,0.9812253117102505,0.16447091986927112,0.015889538918749335,0.017534248117442048,18694673.952920344,60181129.85025947,3.3472156348016048e-21,1.3927988810780888e-07,4.477729780541798e-14,0.5512343255142977,0.0,6.859737343204004e-19,9.775347450615735e-23,7.61441518014165e-22,3.0533079764031823e-19,1.3842827431568335e+19,43235270510889.76,0.0018995336526787224,0.00028576252748581355,1.0527391628841457e-05,3.969582332618596e-06,1.0527391628841457e-05,3.969582332618596e-06,9.907811930641458e-29,9.17327951772907e+18,1.794161112775075e+19,13.514705914850962,6.417076011657849e-21,-44376.58537893154,1.9747580438918673e+21,0.0,0.0,0.0,0.0,0.0,0.3333333333333333,0.3333333333333333,2.0,1.8128222181985484e-23,1.2247278119517971e-20,0.0,6.859556060982184e-19,,0.0,0.0,0.0,0.0,0.0,1.8128222181985484e-23,6.859556060982184e-19,0.017853858692784275,3.4986660256327896e-18,3.0533079764031822e-25,9.744814370851704e-23,,,3.0533079764031822e-25,9.744814370851704e-23,,8.580369162343737e-08,3.303940622972829,42418903732366.27,3.528376768989794e-06,0.00028223415071682375,3.528376768989794e-06,0.00028223415071682375,0.0018995336526787224,0.00028576252748581355,False,False,1.0,1.4005987480603397,1.4603685450765188e-08,0.19685352249881485,0.7085338821223381,1.0,1.4497847777696464,3.538491300916747e-07,0.2146754968733368,0.6829334758973494,0.18248894211248232,0.21408664727978993,0.0060772858016468305,0.009812253117102505,True,AP3.2,100.0,8.3,5.767844763153473e+19,$(U_{0.8}Pu_{0.2})N$,0.607728580164683,0.35963169350265944,63.61770370972528,25.85738054599292,10.165284050779146,0.0,4.9136637078064915e+17,1.392798881078089e-07,ok,
50,TRIAL_050,AP3.2,1300.0,1.1,5.767844763153473e+19,1.9722002640473183e-05,129673.38547300897,43235270510889.76,7.789406175697652,5.100291528069869,2365717640302.848,1.0,40,TRIAL_050_AP3p2,rizk2025_refit_plot,rizk2025_refit_full,43235270510889.76,3.2438799228181475e+23,5.744252605966314e+25,2.342934522223326e+25,7.633923819201216e+22,5.355891579293104e+18,2.675625222976592,79.53071622471374,0.6125087188585441,1.1285610746947619,1.741069793553306,0.3187768093024806,2.059846602855787,1785213211841.0085,4.463033029602521e+17,179.31338878243267,0.13249411595601096,68335996.30588627,12380559.05961158,5.519621204248769,829799920.7875752,829712614.8071979,45245842.470205374,27913743.335686788,1.0001052243618083,1.6209163323630649,0.35897232124242484,63.56670841179509,25.927243423697725,10.147075843264767,10.147075843264767,0.0,9.169480111824694e+24,9.169480111824694e+24,0.0,9.03657393860029e+25,9.036573938600291e+25,1.0287954977551528,1.5743151197874582e+16,0.0013307662385158379,2.2860001278781832e-07,8.093117722101713e-07,8.093117722101713e-07,0.012264594949602763,0.012264594949602763,2.2511851236551347e+20,1.5085227506677956e-05,6527982.800675924,1.0999999999999999,43235270510889.76,0.0,8.023511019561558e-26,2.107139507935511e-21,2.675625222976592e-09,7.953071622471375e-08,4.252914535449066e+25,3.181324623870817e+26,8.119625927417822e+25,0.006125087188585441,1.1285610746947619,0.3187768093024806,0.01741069793553306,0.020598466028557867,20545400.518000044,184710505.0772478,7.142604753047748e-21,1.7931338878243267e-07,7.421753047602412e-14,0.38871396447581064,0.0,6.860642029484949e-19,1.6132812103425e-22,1.2566502622978852e-21,2.2525702314749626e-18,1.3842827431568335e+19,43235270510889.76,0.0018987177263883597,0.000285716878599394,1.0511373098848828e-05,3.951249927073827e-06,1.0511373098848828e-05,3.951249927073827e-06,1.1426828182038328e-28,9.643650084056177e+18,2.0634230240002884e+19,45.395289856429294,1.1820700670949303e-20,-64042.1006207869,1.9717945423305103e+21,0.0,0.0,0.0,0.0,0.0,0.3333333333333333,0.3333333333333333,2.0,1.085968502764781e-22,8.409787168749566e-21,0.0,6.859556060982184e-19,,0.0,0.0,0.0,0.0,0.0,1.085968502764781e-22,6.859556060982184e-19,0.012258017737417087,3.499127442010216e-18,2.2525702314749626e-24,1.5907555080277505e-22,,,2.2525702314749626e-24,1.5907555080277505e-22,,8.580369162343737e-08,3.303940622972829,42383371372190.03,3.6819515668339958e-06,0.00028203492703256,3.6819515668339958e-06,0.00028203492703256,0.0018987177263883597,0.000285716878599394,False,False,1.0,1.4018256957723945,1.4624712123335524e-08,0.19730997558705285,0.7078757962912272,1.0,1.479211071779758,3.545624775079755e-07,0.22489386272120024,0.6683464624199716,0.18296615365944707,0.22430641226299358,0.006125087188585441,0.011285610746947618,True,AP3.2,100.0,8.3,5.767844763153473e+19,$(U_{0.8}Pu_{0.2})N$,0.6125087188585441,0.35897232124242484,63.56670841179509,25.927243423697725,10.147075843264767,0.0,4.463033029602521e+17,1.7931338878243267e-07,ok,
50,TRIAL_050,AP3.2,1350.0,1.1,5.767844763153473e+19,1.9722002640473183e-05,129673.38547300897,43235270510889.76,7.789406175697652,5.100291528069869,2365717640302.848,1.0,40,TRIAL_050_AP3p2,rizk2025_refit_plot,rizk2025_refit_full,43235270510889.76,3.2366692537940756e+23,5.739845526948489e+25,2.348940950716429e+25,7.599201885975443e+22,5.319843180705107e+18,2.6867408674058884,83.39838616597937,0.617353529951105,1.2925887738864832,1.9099423038375882,0.6871003457183542,2.5970426495559424,1502539384640.3474,3.7563484616008685e+17,245.3269596698045,0.20873605965949882,28003612.605646368,9049148.136788506,3.094613126267673,826341018.5372874,826279909.2133744,40058739.81486264,26619220.131931074,1.0000739571702417,1.5048802938749581,0.35817437845204153,63.51793905464969,25.99371140740387,10.130175159494408,10.130175159494408,0.0,9.15420768397432e+24,9.15420768397432e+24,0.0,9.03657393860029e+25,9.03657393860029e+25,1.0330798148289715,1.5683786503820998e+16,0.0013257239912696866,2.2648085235798137e-07,9.188204913993863e-07,9.188204913993863e-07,0.014061447516697592,0.014061447516697592,2.5792910606440628e+20,1.6989873973698025e-05,6527982.800675924,1.0999999999999999,43235270510889.76,0.0,8.123925896618823e-26,2.429749768892924e-21,2.6867408674058885e-09,8.339838616597938e-08,4.431572148196385e+25,3.741034791004819e+26,8.121153170202858e+25,0.0061735352995110505,1.2925887738864832,0.6871003457183542,0.019099423038375883,0.025970426495559425,24369964.015726615,555210610.8668559,1.8291709428510472e-20,2.453269596698045e-07,1.389221885251697e-13,0.2311857227866142,0.0,6.865253628289335e-19,2.635683646760266e-22,2.053041047525972e-21,1.4331663655150738e-17,1.3842827431568335e+19,43235270510889.76,0.0018986371354690855,0.00028582580483999225,1.0494977975248449e-05,3.93416357327999e-06,1.0494977975248449e-05,3.93416357327999e-06,1.3010368124433092e-28,1.0113666067447153e+19,2.3396359773627253e+19,158.3846323709133,2.5977459938478144e-20,-91777.95675432683,1.9690814764810722e+21,0.0,0.0,0.0,0.0,0.0,0.3333333333333333,0.3333333333333333,2.0,5.697567307150379e-22,4.811032795419547e-21,0.0,6.859556060982184e-19,,0.0,0.0,0.0,0.0,0.0,5.697567307150379e-22,6.859556060982184e-19,0.007007800521156197,3.501479491841502e-18,1.433166365515074e-23,2.492367010208758e-22,,,1.433166365515074e-23,2.492367010208758e-22,,8.580369162343737e-08,3.303940622972829,42347954701033.88,3.837133353722247e-06,0.00028198867148627,3.837133353722247e-06,0.00028198867148627,0.0018986371354690855,0.00028582580483999225,False,False,1.0,1.4030618806553583,1.4646953305187695e-08,0.1977692306043887,0.7072137952787845,1.0,1.5100539069584482,3.5536149128992295e-07,0.2352717479754397,0.6536038525008441,0.1834472948343673,0.23468578944592927,0.0061735352995110505,0.012925887738864831,True,AP3.2,100.0,8.3,5.767844763153473e+19,$(U_{0.8}Pu_{0.2})N$,0.617353529951105,0.35817437845204153,63.51793905464969,25.99371140740387,10.130175159494408,0.0,3.7563484616008685e+17,2.453269596698045e-07,ok,
50,TRIAL_050,AP3.2,1400.0,1.1,5.767844763153473e+19,1.9722002640473183e-05,129673.38547300897,43235270510889.76,7.789406175697652,5.100291528069869,2365717640302.848,1.0,40,TRIAL_050_AP3p2,rizk2025_refit_plot,rizk2025_refit_full,43235270510889.76,3.22375152149894e+23,5.733398989743697e+25,2.3567559073633353e+25,7.553731664604544e+22,5.275007442006114e+18,2.6989484492753775,87.83248815798304,0.6220623702485539,1.4971911228197914,2.1192534930683453,1.4410603557075625,3.5603138487759076,1163411356592.9724,2.908528391482431e+17,341.976922562964,0.31405662661036515,12960890.084011858,6491666.114081891,1.996542930003248,822584020.1581488,822542572.3103504,35126147.983146206,25275385.527128845,1.0000503899119555,1.389737376921283,0.3567448840017215,63.44660076595097,26.080192818390003,10.116461531657341,10.116461531657341,0.0,9.141815262782711e+24,9.141815262782711e+24,0.0,9.03657393860029e+25,9.036573938600293e+25,1.0384600451056063,1.5606133311385526e+16,0.0013192647866005402,2.2382746272224283e-07,1.040044626015163e-06,1.040044626015163e-06,0.01631488632121202,0.01631488632121202,2.9698528414886796e+20,1.943608999217729e-05,6527982.800675924,1.0999999999999999,43235270510889.76,0.0,8.235166376950199e-26,2.8382730058299242e-21,2.6989484492753778e-09,8.783248815798304e-08,4.611509365512208e+25,4.4391035475555635e+26,8.122392412322022e+25,0.006220623702485539,1.4971911228197914,1.4410603557075625,0.021192534930683453,0.035603138487759076,31431067.647661068,1604484417.5865831,4.9546030216781793e-20,3.41976922562964e-07,2.6994461144858846e-13,0.11848972033571709,0.0,6.886110813242972e-19,4.565292615698932e-22,3.556091849459215e-21,7.989389038480301e-17,1.3842827431568335e+19,43235270510889.76,0.0019009870882371646,0.0002866016317147232,1.0477051711529822e-05,3.916394446853641e-06,1.0477051711529822e-05,3.916394446853641e-06,1.4771868754704035e-28,1.0590931240279716e+19,2.63998852842143e+19,566.7804155734839,6.291482441477896e-20,-120087.95234365163,1.9673140384774572e+21,0.0,0.0,0.0,0.0,0.0,0.3333333333333333,0.3333333333333333,2.0,2.6554752260788454e-21,2.389663047018396e-21,0.0,6.859556060982184e-19,,0.0,0.0,0.0,0.0,0.0,2.6554752260788454e-21,6.859556060982184e-19,0.003470265163933658,3.512117264213345e-18,7.989389038480301e-23,3.7663537118509016e-22,,,7.989389038480301e-23,3.7663537118509016e-22,,8.580369162343737e-08,3.303940622972829,42308653236753.78,4.01875390443267e-06,0.0002825828778102906,4.01875390443267e-06,0.0002825828778102906,0.0019009870882371646,0.0002866016317147232,False,False,1.0,1.4042383810331134,1.4676285164314408e-08,0.19820572219909346,0.7065847229748751,1.0,1.5462789863881907,3.5636541582107234e-07,0.24705136124405114,0.636962270858569,0.18391252638087652,0.2464671715375268,0.006220623702485539,0.014971911228197913,True,AP3.2,100.0,8.3,5.767844763153473e+19,$(U_{0.8}Pu_{0.2})N$,0.6220623702485539,0.3567448840017215,63.44660076595097,26.080192818390003,10.116461531657341,0.0,2.908528391482431e+17,3.41976922562964e-07,ok,
50,TRIAL_050,AP3.2,1450.0,1.1,5.767844763153473e+19,1.9722002640473183e-05,129673.38547300897,43235270510889.76,7.789406175697652,5.100291528069869,2365717640302.848,1.0,40,TRIAL_050_AP3p2,rizk2025_refit_plot,rizk2025_refit_full,43235270510889.76,3.188581914445803e+23,5.71899101711482e+25,2.3716673861169147e+25,7.467080699688584e+22,5.210182762304978e+18,2.7152587209228725,93.6787079037128,0.6261423890727847,1.794172694445455,2.42031508351824,2.722347653795172,5.142662737313412,848706251155.8005,2.121765627889501e+17,469.6156600036963,0.43203964976442655,6918987.623428617,4727269.955142736,1.463632855555782,817627217.6477779,817601646.1685308,29812853.454314154,23698021.13711705,1.0000312762081227,1.2580313470823832,0.352852965749063,63.287160111486415,26.24520534254901,10.114781580215492,10.114781580215492,0.0,9.140297162240957e+24,9.140297162240957e+24,0.0,9.03657393860029e+25,9.036573938600288e+25,1.046341614276373,1.5455411591577954e+16,0.00130740136166353,2.1968691954439908e-07,1.1727525494731104e-06,1.1727525494731104e-06,0.019611645022600044,0.019611645022600044,3.478426328679911e+20,2.317800263887963e-05,6527982.800675924,1.0999999999999999,43235270510889.76,0.0,8.38537059200255e-26,3.443588788143999e-21,2.7152587209228727e-09,9.367870790371282e-08,4.793086191736321e+25,5.451316537166294e+26,8.122544222376192e+25,0.006261423890727848,1.794172694445455,2.722347653795172,0.0242031508351824,0.051426627373134116,43078731.42111704,4266497705.9274354,1.2830576657531508e-19,4.696156600036963e-07,5.090567545320404e-13,0.05499404156609733,0.0,6.970855980789518e-19,9.468385261965149e-22,7.375309863343596e-21,3.956100289530877e-16,1.3842827431568335e+19,43235270510889.76,0.001912971610217824,0.00029001067117276347,1.0453229784590582e-05,3.895495786327039e-06,1.0453229784590582e-05,3.895495786327039e-06,1.6718091668783143e-28,1.1089124724591612e+19,2.957007632135263e+19,1976.3925233738257,1.561291741721134e-19,-142788.896443069,1.9691109033120618e+21,0.0,0.0,0.0,0.0,0.0,0.3333333333333333,0.3333333333333333,2.0,1.1129991980733449e-20,1.0648433877683903e-21,0.0,6.859556060982184e-19,,0.0,0.0,0.0,0.0,0.0,1.1129991980733449e-20,6.859556060982184e-19,0.0015275647505886161,3.555339770221596e-18,3.9561002895308766e-22,5.512284972434272e-22,,,3.9561002895308766e-22,5.512284972434272e-22,,8.580369162343737e-08,3.303940622972829,42259120144977.57,4.285043060427894e-06,0.0002857256281123356,4.285043060427894e-06,0.0002857256281123356,0.001912971610217824,0.00029001067117276347,False,False,1.0,1.4051725712702647,1.473283923983341e-08,0.19855190575341572,0.7060858832898554,1.0,1.5954244718106705,3.57837227337089e-07,0.26237283365967856,0.6154715573559381,0.1843137358850552,0.2617910214408594,0.006261423890727848,0.01794172694445455,True,AP3.2,100.0,8.3,5.767844763153473e+19,$(U_{0.8}Pu_{0.2})N$,0.6261423890727847,0.352852965749063,63.287160111486415,26.24520534254901,10.114781580215492,0.0,2.121765627889501e+17,4.696156600036963e-07,ok,
50,TRIAL_050,AP3.2,1500.0,1.1,5.767844763153473e+19,1.9722002640473183e-05,129673.38547300897,43235270510889.76,7.789406175697652,5.100291528069869,2365717640302.848,1.0,40,TRIAL_050_AP3p2,rizk2025_refit_plot,rizk2025_refit_full,43235270510889.76,3.0786779210340074e+23,5.681836889765688e+25,2.4060676366088756e+25,7.2487377950936335e+22,5.117836980828484e+18,2.7456682292379875,101.16616260559064,0.6284853736794802,2.2196315429398807,2.848116916619361,4.022993367849439,6.871110284468801,602400239099.0338,1.5060005977475846e+17,599.6556125348133,0.49999999999999994,4193362.9957588934,3702124.942374515,1.1326908359471255,808561481.3727763,808546340.8724085,24727622.749452848,21944096.156488184,1.000018725581457,1.1268462630274094,0.3406908350390675,62.87600730510671,26.625883359745526,10.157418500108701,8.861808614812592,1.2956098852961082,9.178826330153872e+24,8.0080388777479e+24,1.1707874524059722e+24,9.03657393860029e+25,8.919495193359693e+25,1.0577839611825872,1.505476082408206e+16,0.001277433313813772,2.1270788274539362e-07,1.2354230474606338e-06,1.2354230474606338e-06,0.024393400911829885,0.024393400911829885,4.008172222093257e+20,2.9124440228842798e-05,6527982.800675924,1.0999999999999999,43235270510889.76,0.0,8.67027324543144e-26,4.33705010779879e-21,2.745668229237988e-09,1.0116616260559065e-07,4.981385302505823e+25,6.897629873397385e+26,8.118691305584902e+25,0.006284853736794802,2.2196315429398807,4.022993367849439,0.02848116916619361,0.06871110284468801,53174207.830494486,8989033345.609184,2.6713092769460635e-19,5.996556125348133e-07,8.300129507714233e-13,0.0340735902799727,1.0,7.283547683483441e-19,2.5448943822908676e-21,1.9823216017914744e-20,1.7607759639859707e-15,1.3842827431568335e+19,43235270510889.76,0.0019605038966608213,0.00030287185479764333,1.0409205613587442e-05,3.872204763278588e-06,1.0409205613587442e-05,3.872204763278588e-06,1.76840561550799e-28,1.163439280492476e+19,3.0755471285610734e+19,3077.544136799749,1.8821259859757234e-19,-136636.09940652052,1.9830420322094332e+21,2.1484144115384635e+21,0.0,0.0,0.0,0.0,0.3333333333333333,0.3333333333333333,2.0,4.239916225012569e-20,4.369022003359254e-22,0.0,6.859556060982184e-19,,0.0,0.0,0.0,0.0,0.0,4.239916225012569e-20,6.859556060982184e-19,0.0005998480676204922,3.714821654436351e-18,1.7607759639859707e-21,7.84118418304897e-22,,,1.7607759639859707e-21,7.84118418304897e-22,,8.580369162343737e-08,3.303940622972829,42199780295606.11,4.748641925255829e-06,0.0002981232128723875,4.748641925255829e-06,0.0002981232128723875,0.0019605038966608213,0.00030287185479764333,False,False,1.0,1.4054133365368924,1.4879309477122684e-08,0.19864106773937754,0.7059574152095951,1.0,1.6605901959518956,3.599766451357739e-07,0.28161374650787363,0.5887462526834294,0.18454334644755524,0.2810349261071374,0.006284853736794802,0.02219631542939881,True,AP3.2,100.0,8.3,5.767844763153473e+19,$(U_{0.8}Pu_{0.2})N$,0.6284853736794802,0.3406908350390675,62.87600730510671,26.625883359745526,8.861808614812592,1.2956098852961082,1.5060005977475846e+17,5.996556125348133e-07,ok,
50,TRIAL_050,AP3.2,1550.0,1.1,5.767844763153473e+19,1.9722002640473183e-05,129673.38547300897,43235270510889.76,7.789406175697652,5.100291528069869,2365717640302.848,1.0,40,TRIAL_050_AP3p2,rizk2025_refit_plot,rizk2025_refit_full,43235270510889.76,2.771372080253043e+23,5.582324071539317e+25,2.492905814778284e+25,6.680187466431861e+22,5.008435906330278e+18,2.8179274279110156,109.13998738747134,0.6261331133215795,2.7273597534070984,3.3534928667286774,4.358215422098756,7.711708288827433,513294230138.9944,1.2832355753474859e+17,649.6228304483518,0.5,3572828.4949070117,3417367.579996869,1.0454914232288366,787823526.1887141,787813049.4104773,21208158.447218742,20340848.969667774,1.0000132985588963,1.0426388042526789,0.3066839378600062,61.774784442299215,27.586846870468033,10.33168474937274,7.9393012191563965,2.392383530216346,9.336303314801578e+24,7.174408248772619e+24,2.161895066028959e+24,9.03657393860029e+25,8.820384431997394e+25,1.0716765286286891,1.3971049427431858e+16,0.001198130323081496,2.009096368732696e-07,1.0740977824810497e-06,1.0740977824810497e-06,0.030204470461132213,0.030204470461132213,4.1450341083613037e+20,3.728019577005354e-05,6527982.800675924,1.0999999999999999,43235270510889.76,0.0,9.372987157440069e-26,5.4455319073963294e-21,2.8179274279110157e-09,1.0913998738747135e-07,5.190401572320155e+25,8.610289853357202e+26,8.102943607120132e+25,0.0062613311332157945,2.7273597534070984,4.358215422098756,0.03353492866728677,0.07711708288827433,55908738.7117511,11462580158.527706,3.3962707283256233e-19,6.496228304483518e-07,9.741001761594039e-13,0.03407359027997264,1.0,8.341202920002465e-19,8.20455958647652e-21,6.390864711177957e-20,7.11715258415843e-15,1.3842827431568335e+19,43235270510889.76,0.0021196688160265067,0.00034668757070493533,1.0306599708178228e-05,3.850865476065558e-06,1.0306599708178228e-05,3.850865476065558e-06,1.5426734626573016e-28,1.2321360005287166e+19,2.620906135628242e+19,3802.669213526249,2.146114816864615e-19,-113117.26652918429,2.032524143993341e+21,1.8700799302251273e+21,0.0,0.0,0.0,0.0,0.3333333333333333,0.3333333333333333,2.0,1.4816468590202815e-19,1.6851976248218294e-22,0.0,6.859556060982184e-19,,0.0,0.0,0.0,0.0,0.0,1.4816468590202815e-19,6.859556060982184e-19,0.00020203292510492376,4.254256658680022e-18,7.11715258415843e-21,1.0874070023180895e-21,,,7.11715258415843e-21,1.0874070023180895e-21,,8.580369162343737e-08,3.303940622972829,42142038693149.89,5.740578584178966e-06,0.0003409469921207564,5.740578584178966e-06,0.0003409469921207564,0.0021196688160265067,0.00034668757070493533,False,False,1.0,1.4037678367947144,1.52900107814531e-08,0.19803121526306283,0.7068362090395752,1.0,1.732595985840548,3.625788965864557e-07,0.30158571802647643,0.5613366284132517,0.1843128257316939,0.30100992058659587,0.0062613311332157945,0.027273597534070982,True,AP3.2,100.0,8.3,5.767844763153473e+19,$(U_{0.8}Pu_{0.2})N$,0.6261331133215795,0.3066839378600062,61.774784442299215,27.586846870468033,7.9393012191563965,2.392383530216346,1.2832355753474859e+17,6.496228304483518e-07,ok,
50,TRIAL_050,AP3.2,1600.0,1.1,5.767844763153473e+19,1.9722002640473183e-05,129673.38547300897,43235270510889.76,7.789406175697652,5.100291528069869,2365717640302.848,1.0,40,TRIAL_050_AP3p2,rizk2025_refit_plot,rizk2025_refit_full,43235270510889.76,2.1430882058661767e+23,5.3352364761970765e+25,2.7047807988303983e+25,5.480493136417701e+22,4.871498977223562e+18,2.987469356208625,118.19150967364888,0.6120947086385722,3.369070235994615,3.9811649446331874,4.665740442786115,8.646905387419302,447860353465.0957,1.1196508836627392e+17,695.4616096329763,0.5,3255367.902380569,3192124.438287234,1.0198123429446468,743112948.7391238,743103856.5755818,19033618.18389803,18783075.07984184,1.0000122353873708,1.0133387692372628,0.23715715938668325,59.04047831011797,29.931485286439788,10.790879244055578,7.514625731318721,3.276253512736857,9.751257815141543e+24,6.79064710419699e+24,2.9606107109445537e+24,9.03657393860029e+25,8.740512867505836e+25,1.0896135732169483,1.1666774628458444e+16,0.0010283088001909386,1.8010875945905717e-07,9.104635732485914e-07,9.104635732485914e-07,0.037751117942335106,0.037751117942335106,3.858930553651197e+20,4.69843057358093e-05,6527982.800675924,1.0999999999999999,43235270510889.76,0.0,1.1168606426513382e-25,6.915880002739458e-21,2.9874693562086254e-09,1.1819150967364889e-07,5.428776840103518e+25,1.074518424220236e+27,8.061448157086137e+25,0.006120947086385722,3.369070235994615,4.665740442786115,0.03981164944633187,0.08646905387419301,60649682.89028266,14087424525.224129,4.1671386240709004e-19,6.954616096329763e-07,1.1164194288052064e-12,0.03407359027997264,1.0,1.1647735522501893e-18,2.783708154963653e-20,2.1683433493613794e-19,2.6363059898109156e-14,1.3842827431568335e+19,43235270510889.76,0.002564302893749788,0.0004838854323217216,1.0076489884794429e-05,3.8300873001690695e-06,1.0076489884794429e-05,3.8300873001690695e-06,1.3107128490161553e-28,1.3395801869205258e+19,2.1548690606280688e+19,5523.829355734821,2.907309868392208e-19,-116664.9357170023,2.1631672677791412e+21,2.0922831295241907e+21,0.0,0.0,0.0,0.0,0.3333333333333333,0.3333333333333333,2.0,4.788179461519709e-19,6.213051142733445e-23,0.0,6.859556060982184e-19,,0.0,0.0,0.0,0.0,0.0,4.788179461519709e-19,6.859556060982184e-19,5.3341279347652143e-05,5.940684680661488e-18,2.6363059898109155e-20,1.4740216515273757e-21,,,2.6363059898109155e-20,1.4740216515273757e-21,,8.580369162343737e-08,3.303940622972829,42083737015097.875,8.442458043091359e-06,0.00047544297427863023,8.442458043091359e-06,0.00047544297427863023,0.002564302893749788,0.0004838854323217216,False,False,1.0,1.3976817530345504,1.6332968818909317e-08,0.19576580420576625,0.7101025825116961,1.0,1.8173526072568218,3.659449697970583e-07,0.32354725459764505,0.5316140385745965,0.18292492054243825,0.3229758290083447,0.006120947086385722,0.03369070235994615,True,AP3.2,100.0,8.3,5.767844763153473e+19,$(U_{0.8}Pu_{0.2})N$,0.6120947086385722,0.23715715938668325,59.04047831011797,29.931485286439788,7.514625731318721,3.276253512736857,1.1196508836627392e+17,6.954616096329764e-07,ok,
50,TRIAL_050,AP3.2,1650.0,1.1,5.767844763153473e+19,1.9722002640473183e-05,129673.38547300897,43235270510889.76,7.789406175697652,5.100291528069869,2365717640302.848,1.0,40,TRIAL_050_AP3p2,rizk2025_refit_plot,rizk2025_refit_full,43235270510889.76,1.3470156311987836e+23,4.848974502034414e+25,3.1229945014326492e+25,3.7927783467776374e+22,4.642209658482652e+18,3.3115174628675472,131.8854946187682,0.5769354444312295,4.460714803618238,5.0376502480494665,5.090082694267971,10.127732942317438,376299891217.5667,9.407497280439168e+16,758.7128232119785,0.5,2956194.0253042327,2926008.2762298975,1.0103163580634942,670397060.992216,670387526.2302353,16958191.575404167,16832783.669024352,1.000014222761623,1.0074502179108136,0.149062647011045,53.659434814357205,34.55949702455909,11.632005514072656,7.229738641735634,4.402266872337023,1.0511347788212383e+25,6.533206779279968e+24,3.978141008932415e+24,9.03657393860029e+25,8.638759837707048e+25,1.121132462441139,8417841543840073.0,0.0007828183547749447,1.4864799418440566e-07,1.2467019836553913e-06,1.2467019836553913e-06,0.051114280337843564,0.051114280337843564,3.6819412138119594e+20,5.8710013851140455e-05,6527982.800675924,1.0999999999999999,43235270510889.76,0.0,1.5211420011438225e-25,9.609033481431043e-21,3.3115174628675473e-09,1.3188549461876822e-07,5.640075337917413e+25,1.4360143799443881e+27,7.985439159779051e+25,0.005769354444312294,4.460714803618238,5.090082694267971,0.05037650248049467,0.10127732942317438,69446810.18260129,18318355124.565083,5.410666134181812e-19,7.587128232119785e-07,1.3287274635721675e-12,0.03407359027997264,1.0,2.1271476252081635e-18,9.216017886357202e-20,7.17873066393308e-19,9.020265555838444e-14,1.3842827431568335e+19,43235270510889.76,0.0035692721954605753,0.0008831561028749357,9.674718465371387e-06,3.8040128307414262e-06,9.674718465371387e-06,3.8040128307414262e-06,1.8005023678172455e-28,1.5155831314727113e+19,2.8134087549578375e+19,8657.383040880186,4.1713807210498533e-19,-118178.72649113747,2.417900498857482e+21,2.426851379705014e+21,0.0,0.0,0.0,0.0,0.3333333333333333,0.3333333333333333,2.0,1.441192019109945e-18,2.2189009104417195e-23,0.0,6.859556060982184e-19,,0.0,0.0,0.0,0.0,0.0,1.441192019109945e-18,6.859556060982184e-19,1.043134422898635e-05,1.0849073011803137e-17,9.020265555838444e-20,1.957523305187582e-21,,,9.020265555838444e-20,1.957523305187582e-21,,8.580369162343737e-08,3.303940622972829,42010795769791.195,1.6391485333519392e-05,0.0008667646175414163,1.6391485333519392e-05,0.0008667646175414163,0.0035692721954605753,0.0008831561028749357,False,False,1.0,1.384243786189553,1.846522084740599e-08,0.19070838809708537,0.717405420264472,1.0,1.9509809930082302,3.718732204399896e-07,0.3552133120507023,0.4895898176354157,0.17935317684802188,0.35465124258627534,0.005769354444312294,0.044607148036182376,True,AP3.2,100.0,8.3,5.767844763153473e+19,$(U_{0.8}Pu_{0.2})N$,0.5769354444312295,0.149062647011045,53.659434814357205,34.55949702455909,7.229738641735634,4.402266872337023,9.407497280439168e+16,7.587128232119785e-07,ok,
50,TRIAL_050,AP3.2,1700.0,1.1,5.767844763153473e+19,1.9722002640473183e-05,129673.38547300897,43235270510889.76,7.789406175697652,5.100291528069869,2365717640302.848,1.0,40,TRIAL_050_AP3p2,rizk2025_refit_plot,rizk2025_refit_full,43235270510889.76,7.213120787782051e+22,4.118767902773933e+25,3.760378744054098e+25,2.2520767996122053e+22,4.2585698517896376e+18,3.794327368869741,152.60365347914083,0.5153190544520218,6.33938573182656,6.854704786278583,5.6574689277433015,12.512173714021884,304606673608.6841,7.615166840217102e+16,843.2857539300692,0.5,2649505.506068281,2632559.591637661,1.0064370487507475,585095776.0201875,585083938.2531446,14661725.439175233,14547489.194309812,1.000020232596161,1.0078526433901807,0.0798214106008778,45.578865737825254,41.61288082855611,12.728432023017774,7.000091870199126,5.728340152818647,1.1502141709844777e+25,6.325684776204919e+24,5.176456933639858e+24,9.03657393860029e+25,8.518928245236306e+25,1.17852255959295,5392199564199994.0,0.0005471074333924487,1.1325100757284843e-07,2.7908429868997784e-06,2.7908429868997784e-06,0.07562407967557225,0.07562407967557225,3.71880904953969e+20,7.423177469522056e-05,6527982.800675924,1.0999999999999999,43235270510889.76,0.0,2.288194854370671e-25,1.4886184687477824e-20,3.794327368869741e-09,1.5260365347914083e-07,5.655518670191323e+25,2.06052833119495e+27,7.886359767615814e+25,0.005153190544520217,6.33938573182656,5.6574689277433015,0.06854704786278583,0.12512173714021885,83066923.00945804,25188098368.387238,7.429212053326478e-19,8.432857539300692e-07,1.6414610818485542e-12,0.03407359027997264,1.0,4.751541991998671e-18,2.8964180859428994e-19,2.2561376926045994e-18,2.8708990269161864e-13,1.3842827431568335e+19,43235270510889.76,0.005383067362557625,0.0019715341984942133,9.155712271737703e-06,3.773372258416116e-06,9.155712271737703e-06,3.773372258416116e-06,4.06140913930605e-28,1.7659628720891429e+19,5.828229438951446e+19,14742.333903467934,6.38346580469513e-19,-118512.77629474233,2.7879178796283493e+21,2.911017848609918e+21,0.0,0.0,0.0,0.0,0.3333333333333333,0.3333333333333333,2.0,4.065586385900453e-18,7.758935285868006e-24,0.0,6.859556060982184e-19,,0.0,0.0,0.0,0.0,0.0,4.065586385900453e-18,6.859556060982184e-19,1.6329299623014206e-06,2.4234249367059052e-17,2.8708990269161863e-19,2.5519059026713273e-21,,,2.8708990269161863e-19,2.5519059026713273e-21,,8.580369162343737e-08,3.303940622972829,41935529598297.805,3.8856928296274995e-05,0.0019326772701979385,3.8856928296274995e-05,0.0019326772701979385,0.005383067362557625,0.0019715341984942133,False,False,1.0,1.3622615948019512,2.1969279085408826e-08,0.18226597366617142,0.7296285579902916,1.0,2.1629089629159406,3.8271998627550274e-07,0.3992775796878742,0.4329105625394306,0.17272640488740842,0.3987331949944193,0.005153190544520217,0.0633938573182656,True,AP3.2,100.0,8.3,5.767844763153473e+19,$(U_{0.8}Pu_{0.2})N$,0.5153190544520218,0.0798214106008778,45.578865737825254,41.61288082855611,7.000091870199126,5.728340152818647,7.615166840217102e+16,8.432857539300692e-07,ok,
50,TRIAL_050,AP3.2,1750.0,1.1,5.767844763153473e+19,1.9722002640473183e-05,129673.38547300897,43235270510889.76,7.789406175697652,5.100291528069869,2365717640302.848,1.0,40,TRIAL_050_AP3p2,rizk2025_refit_plot,rizk2025_refit_full,43235270510889.76,3.5931096622995425e+22,3.2231871376324826e+25,4.560179522698828e+25,1.2083825679255445e+22,3.681258778500797e+18,4.388934366207011,182.10120153169274,0.427927621352727,9.311580263122133,9.73950788447486,6.304103476923453,16.043611361398312,245322342238.07758,6.1330585559519384e+16,939.6712065568729,0.5,2372988.264278056,2362528.4934870848,1.0044273628105678,505834233.32185304,505817543.56890976,12346544.12769585,12191023.350351883,1.0000329955992144,1.0127569911790446,0.03976185761012092,35.66824284881284,50.46358889644821,13.828406397128818,6.794902909316287,7.033503487812531,1.249614168606678e+25,6.140264254564685e+24,6.355877431502095e+24,9.03657393860029e+25,8.400986195450079e+25,1.2782981802592777,3237012717517958.5,0.0003750699721815977,8.073037302036352e-08,8.46009676993842e-06,8.46009676993842e-06,0.11862121627780293,0.11862121627780293,3.8806932147092115e+20,9.686527917764761e-05,6527982.800675924,1.0999999999999999,43235270510889.76,0.0,3.541325675422141e-25,2.529455499706625e-20,4.388934366207011e-09,1.8210120153169276e-07,5.269853164070266e+25,3.054623847778441e+27,7.78695976999361e+25,0.00427927621352727,9.311580263122133,6.304103476923453,0.0973950788447486,0.16043611361398313,100117489.48011842,34892779928.02218,1.0278890083000302e-18,9.39671206556873e-07,2.038134788044563e-12,0.03407359027997264,1.0,1.1495000451183415e-17,8.585058024105227e-19,6.687250399168794e-18,8.552344067970446e-13,1.3842827431568335e+19,43235270510889.76,0.008024808118685316,0.0047679378202484714,8.621921622441105e-06,3.7416787154689328e-06,8.621921622441105e-06,3.7416787154689328e-06,1.2550834424263721e-27,2.054124977723487e+19,1.561438527182435e+20,25534.2565780329,9.91219812180304e-19,-119377.93710384956,3.218469105011838e+21,3.5341550050184905e+21,0.0,0.0,0.0,0.0,0.3333333333333333,0.3333333333333333,2.0,1.0809044845085196e-17,2.6793973973199525e-24,0.0,6.859556060982184e-19,,0.0,0.0,0.0,0.0,0.0,1.0809044845085196e-17,6.859556060982184e-19,2.3309241341039768e-07,5.86278534163301e-17,8.552344067970446e-19,3.2713956134781503e-21,,,8.552344067970446e-19,3.2713956134781503e-21,,8.580369162343737e-08,3.303940622972829,41894548645110.19,9.694560155590314e-05,0.004670992218692568,9.694560155590314e-05,0.004670992218692568,0.008024808118685316,0.0047679378202484714,False,False,1.0,1.3315385432567886,2.703624727144679e-08,0.17009722520807635,0.747314879311564,1.0,2.4765159923317794,4.017608699429667e-07,0.4537672352352994,0.3660655512235795,0.16235167484489535,0.4532534624186926,0.00427927621352727,0.09311580263122134,True,AP3.2,100.0,8.3,5.767844763153473e+19,$(U_{0.8}Pu_{0.2})N$,0.427927621352727,0.03976185761012092,35.66824284881284,50.46358889644821,6.794902909316287,7.033503487812531,6.1330585559519384e+16,9.39671206556873e-07,ok,
50,TRIAL_050,AP3.2,1800.0,1.1,5.767844763153473e+19,1.9722002640473183e-05,129673.38547300897,43235270510889.76,7.789406175697652,5.100291528069869,2365717640302.848,1.0,40,TRIAL_050_AP3p2,rizk2025_refit_plot,rizk2025_refit_full,43235270510889.76,1.755063241901452e+22,2.267169920538544e+25,5.435857337316933e+25,6.024712465628233e+21,2.8855948295544115e+18,5.025160595391238,225.10509258645814,0.3202394054629572,13.787322080595638,14.107561486058595,6.9621258280359894,21.069687314094583,201140734896.3804,5.02851837240951e+16,1037.7540915975012,0.49999999999999994,2146014.875054263,2139235.121282509,1.003169241989487,441801949.32731307,441776925.9028348,10137892.537639147,9862060.313661473,1.0000566426696622,1.0279690262688392,0.019421777034375715,25.088821670060003,60.15396293165189,14.73779362125374,6.604484477499258,8.13330914375448,1.3317916175029114e+25,5.968191230725995e+24,7.349724944303119e+24,9.03657393860029e+25,8.301601444169978e+25,1.4529311983483812,1874653768599664.8,0.0002658388620976582,5.3091871197879706e-08,3.044401184558727e-05,3.044401184558727e-05,0.19473286778291557,0.19473286778291557,4.107063265361177e+20,0.00013766750687103582,6527982.800675924,1.0999999999999999,43235270510889.76,0.0,5.315430525356432e-25,4.777982667346494e-20,5.0251605953912386e-09,2.2510509258645816e-07,4.365280049100222e+25,4.5611676372344474e+27,7.704782321097379e+25,0.003202394054629572,13.787322080595638,6.9621258280359894,0.14107561486058595,0.21069687314094585,118686873.32380617,47046316762.65025,1.3845282670608906e-18,1.0377540915975011e-06,2.4858216823040833e-12,0.0340735902799727,1.0,2.790413000779694e-17,2.4019434300062056e-18,1.8709712987366737e-17,2.3978131732901632e-12,1.3842827431568335e+19,43235270510889.76,0.01105542929883215,0.011578079703656317,8.15034485891223e-06,3.710257625714452e-06,8.15034485891223e-06,3.710257625714452e-06,4.738349765744751e-27,2.2666765545323352e+19,4.636367887770604e+20,42802.140995254405,1.503226858366583e-18,-121720.95012725865,3.6454280615389844e+21,4.2718854181448696e+21,0.0,0.0,0.0,0.0,0.3333333333333333,0.3333333333333333,2.0,2.721817440169872e-17,9.201272251725335e-25,0.0,6.859556060982184e-19,,0.0,0.0,0.0,0.0,0.0,2.721817440169872e-17,6.859556060982184e-19,3.297458924236063e-08,1.4231919787692692e-16,2.397813173290163e-18,4.130256716042414e-21,,,2.397813173290163e-18,4.130256716042414e-21,,8.580369162343737e-08,3.303940622972829,41936116030838.836,0.00022798913053582317,0.011350090573120494,0.00022798913053582317,0.011350090573120494,0.01105542929883215,0.011578079703656317,False,False,1.0,1.2914665999290162,3.409626945453202e-08,0.15353224457612658,0.7715111756948666,1.0,2.935947226287018,4.3572425850803186e-07,0.51706826043413,0.2935191873571633,0.14739799983768856,0.5166066278604102,0.003202394054629572,0.13787322080595638,True,AP3.2,100.0,8.3,5.767844763153473e+19,$(U_{0.8}Pu_{0.2})N$,0.3202394054629572,0.019421777034375715,25.088821670060003,60.15396293165189,6.604484477499258,8.13330914375448,5.02851837240951e+16,1.0377540915975013e-06,ok,
50,TRIAL_050,AP3.4,900.0,1.3,7.498198192099515e+19,1.9722002640473183e-05,129673.38547300897,43235270510889.76,7.789406175697652,5.100291528069869,2365717640302.848,1.0,40,TRIAL_050_AP3p4,rizk2025_refit_plot,rizk2025_refit_full,43235270510889.76,3.3118275677351253e+23,7.242749071389524e+25,2.2745615781047857e+25,9.723803006882447e+22,5.541504702888175e+18,2.6047425347582327,50.025776521313325,0.7198121404980009,0.29060148646109984,1.0104136269591006,0.09598217519617033,1.106395802155271,2071431422996.611,5.178578557491528e+17,114.37221143391416,0.0625450090990049,3785578261487.1143,19410309.30649397,195029.26005515017,863875701.5387808,852291529.9212314,290584517.2476465,44377122.24325346,1.0135917948388153,6.548070324497513,0.31010819512771215,67.81862268957212,21.29821590244487,10.573053212855314,10.573053212855314,0.0,1.1291584568103382e+25,1.1291584568103382e+25,0.0,1.0679587381981997e+26,1.0679587381981999e+26,1.0073027953547593,2.1328403515843864e+16,0.0013444002026977292,2.4363194767204694e-07,1.8311862488622394e-07,1.8311862488622394e-07,0.003174299082312864,0.003174299082312864,4.8319264843834e+19,7.090616286386714e-06,5934529.818796294,1.2999999999999998,43235270510889.76,0.0,7.40257839436404e-26,5.244089864430528e-22,2.604742534758233e-09,5.002577652131333e-08,3.5659713705053957e+25,3.3292844295651686e+25,9.55042892517166e+25,0.007198121404980009,0.29060148646109984,0.09598217519617033,0.010104136269591007,0.01106395802155271,21804409.14962765,2449.840248385683,1.853446348850282e-21,1.1437221143391416e-07,3.019410075788313e-14,0.6975014574762611,0.0,8.917422879279335e-19,5.811156342883063e-25,4.5265457105197914e-24,5.119872410101689e-28,1.7995675661038836e+19,43235270510889.76,0.003065979819384942,0.0003722797892953129,1.3802848485893185e-05,5.415733354633084e-06,1.3802848485893185e-05,5.415733354633084e-06,1.705959935800966e-29,7.91267823955497e+18,2.9201474577514685e+18,0.0005619358406390024,4.262952674201111e-21,-33770.80819810168,3.817932118254598e+21,0.0,0.0,0.0,0.0,0.0,0.3333333333333333,0.3333333333333333,2.0,2.4966082885114063e-31,1.092543251978497e-24,0.0,8.91742287927684e-19,,0.0,0.0,0.0,0.0,0.0,2.4966082885114063e-31,8.91742287927684e-19,1.2251782457431146e-06,4.548145636340481e-18,5.119872410101689e-34,5.811156337763191e-25,,,5.119872410101689e-34,5.811156337763191e-25,,8.580369162343737e-08,3.303940622972829,42680844599575.84,3.1194789924748356e-06,0.00036916031030283805,3.1194789924748356e-06,0.00036916031030283805,0.003065979819384942,0.0003722797892953129,False,False,1.0,1.4327783107352112,1.3491969225674314e-08,0.20862164184623244,0.6916074559888562,1.0,1.2676781255331142,3.5055900923784594e-07,0.14329918291412708,0.7865225253293001,0.19308108135335492,0.14270283808367495,0.007198121404980009,0.0029060148646109984,True,AP3.4,130.0,8.3,7.498198192099515e+19,$(U_{0.8}Pu_{0.2})N$,0.7198121404980009,0.31010819512771215,67.81862268957212,21.29821590244487,10.573053212855314,0.0,5.178578557491528e+17,1.1437221143391417e-07,ok,
50,TRIAL_050,AP3.4,950.0,1.3,7.498198192099515e+19,1.9722002640473183e-05,129673.38547300897,43235270510889.76,7.789406175697652,5.100291528069869,2365717640302.848,1.0,40,TRIAL_050_AP3p4,rizk2025_refit_plot,rizk2025_refit_full,43235270510889.76,3.3044588835493416e+23,7.23261737692572e+25,2.2873056662881676e+25,9.675836850074583e+22,5.528781570362936e+18,2.6164463001830573,53.15060238828831,0.725959885289424,0.3477303635689643,1.0736902488583884,0.09578739961440524,1.1694776484727936,2071780870551.4138,5.1794521763785344e+17,114.2883678816989,0.06246387797950424,597751252941.0803,19424548.982079662,30772.9797738183,853191993.6473926,848479099.2441466,195687173.80223182,41768106.103143156,1.0055545203263634,4.685086111374005,0.30941821676785375,67.72375297128228,21.417547181150294,10.549281630799582,10.549281630799582,0.0,1.1266197499326167e+25,1.1266197499326167e+25,0.0,1.0679587381981997e+26,1.0679587381981997e+26,1.0087473485306657,2.123361210379361e+16,0.0013396363179251894,2.4171846618249914e-07,2.7064022710290473e-07,2.7064022710290473e-07,0.0037939435247387756,0.0037939435247387756,6.5438922883208675e+19,7.964058132952445e-06,5934529.818796294,1.2999999999999998,43235270510889.76,0.0,7.502812382412464e-26,6.289457435485873e-22,2.6164463001830576e-09,5.3150602388288317e-08,3.8058834685573092e+25,5.2476953232270875e+25,9.55296763204938e+25,0.00725959885289424,0.3477303635689643,0.09578739961440524,0.010736902488583883,0.011694776484727935,21751716.428055674,16337.281988347484,1.849373183736579e-21,1.142883678816989e-07,3.014984782771896e-14,0.6980718647897142,0.0,8.917422879351825e-19,1.625942817432566e-24,1.2665129023440468e-23,2.2845010932250072e-26,1.7995675661038836e+19,43235270510889.76,0.003063540212563916,0.00037217838682751037,1.3779796104697052e-05,5.371919301125458e-06,1.3779796104697052e-05,5.371919301125458e-06,2.5350227427200226e-29,8.461847180644254e+18,4.4695375969595535e+18,0.0037476520392842262,4.257558313948599e-21,-33742.823553348324,3.810417137955866e+21,0.0,0.0,0.0,0.0,0.0,0.3333333333333333,0.3333333333333333,2.0,7.498646671560408e-30,4.074114265943587e-23,0.0,8.91742287927684e-19,,0.0,0.0,0.0,0.0,0.0,7.498646671560408e-30,8.91742287927684e-19,4.568712643848196e-05,4.5481456363774535e-18,2.284501093225007e-32,1.6259427945875551e-24,,,2.284501093225007e-32,1.6259427945875551e-24,,8.580369162343737e-08,3.303940622972829,42647567755653.35,3.3058986147830547e-06,0.0003688724882127273,3.3058986147830547e-06,0.0003688724882127273,0.003063540212563916,0.00037217838682751037,False,False,1.0,1.4342335095332568,1.3514228324998147e-08,0.20914403026713185,0.6908580626834131,1.0,1.2880831886829633,3.508276743575789e-07,0.15209558328053685,0.7736158436968469,0.19362921039823283,0.15150054839290208,0.00725959885289424,0.003477303635689643,True,AP3.4,130.0,8.3,7.498198192099515e+19,$(U_{0.8}Pu_{0.2})N$,0.725959885289424,0.30941821676785375,67.72375297128228,21.417547181150294,10.549281630799582,0.0,5.1794521763785344e+17,1.1428836788169891e-07,ok,
50,TRIAL_050,AP3.4,1000.0,1.3,7.498198192099515e+19,1.9722002640473183e-05,129673.38547300897,43235270510889.76,7.789406175697652,5.100291528069869,2365717640302.848,1.0,40,TRIAL_050_AP3p4,rizk2025_refit_plot,rizk2025_refit_full,43235270510889.76,3.297712208629146e+23,7.221608261018276e+25,2.3008697750890244e+25,9.629114957612072e+22,5.51241304854889e+18,2.627367752047423,56.7178166289415,0.7315391549586656,0.4212974921718656,1.1528366471305311,0.09568760800427459,1.248524255134806,2071951275157.9053,5.179878187894763e+17,114.245533274958,0.062422198389690875,113811220478.3793,19431831.918164033,5856.947556858678,847094175.9617246,844952138.2265676,140733804.48022786,39141139.97941164,1.0025350994905498,3.5955468991003907,0.30878648122612506,67.62066737898667,21.544556852176925,10.525989287610297,10.525989287610297,0.0,1.124132223788406e+25,1.124132223788406e+25,0.0,1.0679587381981997e+26,1.0679587381981997e+26,1.0106119669923581,2.1147010666685156e+16,0.0013351943051819815,2.3958225394390615e-07,3.7772279432519193e-07,3.7772279432519193e-07,0.004590241823202986,0.004590241823202986,8.679192974348662e+19,9.027951325247553e-06,5934529.818796294,1.2999999999999998,43235270510889.76,0.0,7.597158806172155e-26,7.642705444265822e-22,2.6273677520474233e-09,5.6717816628941504e-08,4.028889837991672e+25,7.726392618465613e+25,9.555455158193591e+25,0.007315391549586657,0.4212974921718656,0.09568760800427459,0.011528366471305312,0.012485242551348058,21701904.6203726,90114.760338864,1.8472945604762283e-21,1.14245533274958e-07,3.0127252092322307e-14,0.698365227398696,0.0,8.917422880879538e-19,4.0377712245259814e-24,3.145184011237695e-23,6.972208708889678e-25,1.7995675661038836e+19,43235270510889.76,0.003060526263238393,0.00037206385186239465,1.375837733540503e-05,5.327646052897054e-06,1.375837733540503e-05,5.327646052897054e-06,3.55775458455878e-29,8.991561796531097e+18,6.381636957548076e+18,0.020676828489661375,4.256288222527358e-21,-33740.03966645603,3.803516754918707e+21,0.0,0.0,0.0,0.0,0.0,0.3333333333333333,0.3333333333333333,2.0,1.6026995865756309e-28,5.104196168274582e-22,0.0,8.91742287927684e-19,,0.0,0.0,0.0,0.0,0.0,1.6026995865756309e-28,8.91742287927684e-19,0.0005723846717215622,4.5481456371566316e-18,6.972208708889678e-31,4.0377705273051104e-24,,,6.972208708889678e-31,4.0377705273051104e-24,,8.580369162343737e-08,3.303940622972829,42609982795613.59,3.516447957310845e-06,0.0003685474039050838,3.516447957310845e-06,0.0003685474039050838,0.003060526263238393,0.00037206385186239465,False,False,1.0,1.4355436527415013,1.3536052256638611e-08,0.20961363936846056,0.6901845301841752,1.0,1.311952230481303,3.5117453363464147e-07,0.16210246020125152,0.7589761096979796,0.19412398236965814,0.16150883754120757,0.007315391549586657,0.004212974921718656,True,AP3.4,130.0,8.3,7.498198192099515e+19,$(U_{0.8}Pu_{0.2})N$,0.7315391549586656,0.30878648122612506,67.62066737898667,21.544556852176925,10.525989287610297,0.0,5.179878187894763e+17,1.1424553327495801e-07,ok,
50,TRIAL_050,AP3.4,1050.0,1.3,7.498198192099515e+19,1.9722002640473183e-05,129673.38547300897,43235270510889.76,7.789406175697652,5.100291528069869,2365717640302.848,1.0,40,TRIAL_050_AP3p4,rizk2025_refit_plot,rizk2025_refit_full,43235270510889.76,3.291316965585754e+23,7.21104676042781e+25,2.3139273760438774e+25,9.583414452295804e+22,5.492477012277038e+18,2.638075032529087,60.56059135009801,0.7370047903617071,0.5110073878021112,1.248012178163818,0.09598391476080752,1.3439960929246257,2071379113432.674,5.178447783581685e+17,114.37386514768579,0.06254523830926072,25431445899.48879,19410028.655877065,1310.2219656841428,842594768.1525128,841522690.8355658,106719890.31782356,36657502.02415101,1.0012739731544047,2.9112701200292763,0.3081876525621842,67.52177310327443,21.666823757140712,10.503215487022668,10.503215487022668,0.0,1.1217000758544518e+25,1.1217000758544518e+25,0.0,1.0679587381981997e+26,1.0679587381981997e+26,1.0128924735392655,2.10650854224576e+16,0.0013307980737208341,2.3736886013232034e-07,5.021847915337889e-07,5.021847915337889e-07,0.005560212721907953,0.005560212721907953,1.1206902330108997e+20,1.0268891322018943e-05,5934529.818796294,1.2999999999999998,43235270510889.76,0.0,7.690419672762353e-26,9.30376925856738e-22,2.6380750325290874e-09,6.056059135009801e-08,4.246704231268269e+25,1.0759121583940018e+26,9.557887306127545e+25,0.00737004790361707,0.5110073878021112,0.09598391476080752,0.012480121781638182,0.013439960929246257,21660932.440234542,422647.7453075653,1.8535267472450988e-21,1.143738651476858e-07,3.019497392035165e-14,0.6974998471594037,0.0,8.917422904866655e-19,9.072820167908718e-24,7.067188144690237e-23,1.5366002896313798e-23,1.7995675661038836e+19,43235270510889.76,0.0030574938013079637,0.0003719421088659182,1.3737465040219699e-05,5.2856423661749e-06,1.3737465040219699e-05,5.2856423661749e-06,4.755231739492475e-29,9.526988634433319e+18,8.613608620918401e+18,0.09704027153940702,4.2704040025951546e-21,-33828.13198534511,3.796971361820599e+21,0.0,0.0,0.0,0.0,0.0,0.3333333333333333,0.3333333333333333,2.0,2.558981501392922e-27,2.7724222720096643e-21,0.0,8.91742287927684e-19,,0.0,0.0,0.0,0.0,0.0,2.558981501392922e-27,8.91742287927684e-19,0.003108994943479269,4.54814564939076e-18,1.5366002896313797e-29,9.072804801905822e-24,,,1.5366002896313797e-29,9.072804801905822e-24,,8.580369162343737e-08,3.303940622972829,42570034154258.164,3.740232578843759e-06,0.0003682018762870744,3.740232578843759e-06,0.0003682018762870744,0.0030574938013079637,0.0003719421088659182,False,False,1.0,1.4368219806042823,1.355753627129888e-08,0.21007120042303237,0.6895284108705081,1.0,1.3383549189258506,3.51598852703002e-07,0.17283547567037527,0.7433282659434305,0.19460624382177308,0.17224332199307574,0.00737004790361707,0.005110073878021112,True,AP3.4,130.0,8.3,7.498198192099515e+19,$(U_{0.8}Pu_{0.2})N$,0.7370047903617071,0.3081876525621842,67.52177310327443,21.666823757140712,10.503215487022668,0.0,5.178447783581685e+17,1.143738651476858e-07,ok,
50,TRIAL_050,AP3.4,1100.0,1.3,7.498198192099515e+19,1.9722002640473183e-05,129673.38547300897,43235270510889.76,7.789406175697652,5.100291528069869,2365717640302.848,1.0,40,TRIAL_050_AP3p4,rizk2025_refit_plot,rizk2025_refit_full,43235270510889.76,3.2851606390034656e+23,7.201614983517544e+25,2.3257721508265183e+25,9.539011956768413e+22,5.469211110447281e+18,2.6487626068469408,64.5389280789451,0.7425421526635103,0.6158550976639938,1.3583972503275041,0.09775202031769875,1.4561492706452028,2068120083277.8384,5.1703002081945965e+17,115.13229784415483,0.06327776920271108,6519826612.649666,19282165.31389856,338.1273060629857,838710396.1428531,838127204.8545963,84468738.75361553,34397844.31009543,1.0006958267013395,2.455640475377836,0.30761119521771085,67.43345717333337,21.77773417304896,10.481197458399954,10.481197458399954,0.0,1.1193486412478993e+25,1.1193486412478993e+25,0.0,1.0679587381981997e+26,1.0679587381981997e+26,1.015567214624528,2.098637232984247e+16,0.0013263613380370236,2.3515975385626177e-07,6.410205532239999e-07,6.410205532239999e-07,0.00669383615976912,0.00669383615976912,1.4081097098262138e+20,1.1682722963833213e-05,5934529.818796294,1.2999999999999998,43235270510889.76,0.0,7.784266924381397e-26,1.1260400910244405e-21,2.648762606846941e-09,6.453892807894511e-08,4.463686862199835e+25,1.4313538276726053e+26,9.560238740734098e+25,0.007425421526635103,0.6158550976639938,0.09775202031769875,0.013583972503275041,0.01456149270645203,21649586.990592983,1726193.2609013964,1.8906449602823455e-21,1.1513229784415483e-07,3.059675775809877e-14,0.6923873546567889,0.0,8.91742319689036e-19,1.8732291689893137e-23,1.459134285742234e-22,2.556484784617257e-22,1.7995675661038836e+19,43235270510889.76,0.003054746371845893,0.00037181809079689723,1.3716676136438568e-05,5.247303011392501e-06,1.3716676136438568e-05,5.247303011392501e-06,6.099476022633476e-29,1.0074845535428123e+19,1.1104087598792677e+19,0.3971324869408191,4.340901966155728e-21,-34247.637242011166,3.7906749270859197e+21,0.0,0.0,0.0,0.0,0.0,0.3333333333333333,0.3333333333333333,2.0,3.1761352235744896e-26,7.906038402206534e-21,0.0,8.91742287927684e-19,,0.0,0.0,0.0,0.0,0.0,3.1761352235744896e-26,8.91742287927684e-19,0.00886583290671176,4.548145798331364e-18,2.556484784617257e-28,1.8732036041414675e-23,,,2.556484784617257e-28,1.8732036041414675e-23,,8.580369162343737e-08,3.303940622972829,42529337594574.79,3.968200058465725e-06,0.0003678498907384315,3.968200058465725e-06,0.0003678498907384315,0.003054746371845893,0.00037181809079689723,False,False,1.0,1.4381147446761382,1.3578541347863138e-08,0.21053328336750735,0.6888659413025423,1.0,1.3664455491587804,3.5209665167347877e-07,0.1838894090096035,0.7272750256076436,0.19509240876886577,0.18329875431188988,0.007425421526635103,0.006158550976639938,True,AP3.4,130.0,8.3,7.498198192099515e+19,$(U_{0.8}Pu_{0.2})N$,0.7425421526635103,0.30761119521771085,67.43345717333337,21.77773417304896,10.481197458399954,0.0,5.1703002081945965e+17,1.1513229784415484e-07,ok,
50,TRIAL_050,AP3.4,1150.0,1.3,7.498198192099515e+19,1.9722002640473183e-05,129673.38547300897,43235270510889.76,7.789406175697652,5.100291528069869,2365717640302.848,1.0,40,TRIAL_050_AP3p4,rizk2025_refit_plot,rizk2025_refit_full,43235270510889.76,3.279178597618633e+23,7.193582398960995e+25,2.3361181613509854e+25,9.496115945473512e+22,5.442963092525354e+18,2.6594962248208973,68.54751716669863,0.748225926046113,0.734343382784302,1.482569308830415,0.10439141438304082,1.586960723213456,2056354469291.3057,5.1408861732282643e+17,117.90605537101317,0.0659859179095178,1879212077.1386201,18828549.50082386,99.80652397341566,835085577.025634,834744557.740256,69230079.46412224,32386293.359119773,1.0004085313072315,2.1376351623958687,0.3070510573424475,67.35824280156746,21.87461067355798,10.460095467532106,10.460095467532106,0.0,1.1170950356938295e+25,1.1170950356938295e+25,0.0,1.0679587381981997e+26,1.0679587381981997e+26,1.0186022114109028,2.0910034809289388e+16,0.0013218654984216535,2.32994834190576e-07,7.906648643696428e-07,7.906648643696428e-07,0.007976267925767479,0.007976267925767479,1.7246078698550742e+20,1.3267930284410683e-05,5934529.818796294,1.2999999999999998,43235270510889.76,0.0,7.879283807636824e-26,1.349161054927512e-21,2.6594962248208974e-09,6.854751716669863e-08,4.6816101091108885e+25,1.8339224972848545e+26,9.562492346288167e+25,0.00748225926046113,0.734343382784302,0.10439141438304082,0.01482569308830415,0.01586960723213456,21729620.109296057,6284306.255014841,2.0306112772282474e-21,1.1790605537101317e-07,3.2088785710305546e-14,0.6740543449332119,0.0,8.917426046035813e-19,3.5983582073279434e-23,2.8029073642532614e-22,3.330768464716398e-21,1.7995675661038836e+19,43235270510889.76,0.0030524267674049963,0.00037169554046306694,1.36958825642011e-05,5.213073843440728e-06,1.36958825642011e-05,5.213073843440728e-06,7.55621859375711e-29,1.0632634976261421e+19,1.3780250479217127e+19,1.454908961072742,4.597058369905679e-21,-35738.26449403485,3.7845665326852483e+21,0.0,0.0,0.0,0.0,0.0,0.3333333333333333,0.3333333333333333,2.0,3.1667589742037936e-25,1.3686836891524853e-20,0.0,8.91742287927684e-19,,0.0,0.0,0.0,0.0,0.0,3.1667589742037936e-25,8.91742287927684e-19,0.015348416483486569,4.548147251478604e-18,3.330768464716398e-27,3.5980251304814716e-23,,,3.330768464716398e-27,3.5980251304814716e-23,,8.580369162343737e-08,3.303940622972829,42489090155902.29,4.19364532121415e-06,0.0003675018951418528,4.19364532121415e-06,0.0003675018951418528,0.0030524267674049963,0.00037169554046306694,False,False,1.0,1.4394404104708924,1.3598957886348997e-08,0.21100645439001744,0.688187714962006,1.0,1.3955292233961325,3.526616600078132e-07,0.19496085506683342,0.7112639226187997,0.19558892098940872,0.19437171291015248,0.00748225926046113,0.00734343382784302,True,AP3.4,130.0,8.3,7.498198192099515e+19,$(U_{0.8}Pu_{0.2})N$,0.748225926046113,0.3070510573424475,67.35824280156746,21.87461067355798,10.460095467532106,0.0,5.1408861732282643e+17,1.1790605537101317e-07,ok,
50,TRIAL_050,AP3.4,1200.0,1.3,7.498198192099515e+19,1.9722002640473183e-05,129673.38547300897,43235270510889.76,7.789406175697652,5.100291528069869,2365717640302.848,1.0,40,TRIAL_050_AP3p4,rizk2025_refit_plot,rizk2025_refit_full,43235270510889.76,3.273321829175969e+23,7.18697785143624e+25,2.3449314913393338e+25,9.454775244013554e+22,5.414134789489027e+18,2.6702959454427013,72.5138209436963,0.7540810162043687,0.8647290370325553,1.6188100532369238,0.1257148734428381,1.7445249266797622,2020863727644.407,5.052159319111017e+17,126.172212987116,0.0742583906257771,596943929.2967132,17594999.306437578,33.9269083732391,831580925.3040092,831368524.4471853,58385560.754006594,30614853.432199217,1.0002554833994528,1.9070991433393405,0.3065026495966066,67.29640007966701,21.95713567825262,10.439961592483774,10.439961592483774,0.0,1.114944820914664e+25,1.114944820914664e+25,0.0,1.0679587381981997e+26,1.0679587381981997e+26,1.0219570851178439,2.0835477278431904e+16,0.001317314500319886,2.3088984436115332e-07,9.473300570024462e-07,9.473300570024462e-07,0.00939028956408577,0.00939028956408577,2.0642230960824356e+20,1.5020724512781868e-05,5934529.818796294,1.2999999999999998,43235270510889.76,0.0,7.975663056420378e-26,1.5971693920722768e-21,2.6702959454427015e-09,7.251382094369631e-08,4.901242556480272e+25,2.2776611370423887e+26,9.564642561067333e+25,0.007540810162043687,0.8647290370325553,0.1257148734428381,0.01618810053236924,0.01744524926679762,22068678.96459866,20965595.636919197,2.488339450565051e-21,1.26172212987116e-07,3.674586742785245e-14,0.6229820647926684,0.0,8.917448947096045e-19,6.498475563709372e-23,5.061926568857806e-22,3.503783313863259e-20,1.7995675661038836e+19,43235270510889.76,0.0030505828121506935,0.0003715776358210408,1.3675046313721515e-05,5.182852728845943e-06,1.3675046313721515e-05,5.182852728845943e-06,9.088421130437494e-29,1.1194907165743661e+19,1.6565628085570669e+19,4.941905098501868,5.40691749734349e-21,-40188.96335488531,3.778604138774317e+21,0.0,0.0,0.0,0.0,0.0,0.3333333333333333,0.3333333333333333,2.0,2.6067819204802983e-24,1.6077228463606983e-20,0.0,8.91742287927684e-19,,0.0,0.0,0.0,0.0,0.0,2.6067819204802983e-24,8.91742287927684e-19,0.018028954871496642,4.548158931686953e-18,3.503783313863259e-26,6.494971780395508e-23,,,3.503783313863259e-26,6.494971780395508e-23,,8.580369162343737e-08,3.303940622972829,42450095468374.2,4.412075430362366e-06,0.0003671655603906784,4.412075430362366e-06,0.0003671655603906784,0.0030505828121506935,0.0003715776358210408,False,False,1.0,1.4408048228417714,1.3618750766506685e-08,0.21149274629473874,0.6874908293002484,1.0,1.4250750121478069,3.532864157278056e-07,0.20584243920456163,0.695597227487379,0.19609777644463977,0.20525481199565065,0.007540810162043687,0.008647290370325553,True,AP3.4,130.0,8.3,7.498198192099515e+19,$(U_{0.8}Pu_{0.2})N$,0.7540810162043687,0.3065026495966066,67.29640007966701,21.95713567825262,10.439961592483774,0.0,5.052159319111017e+17,1.26172212987116e-07,ok,
50,TRIAL_050,AP3.4,1250.0,1.3,7.498198192099515e+19,1.9722002640473183e-05,129673.38547300897,43235270510889.76,7.789406175697652,5.100291528069869,2365717640302.848,1.0,40,TRIAL_050_AP3p4,rizk2025_refit_plot,rizk2025_refit_full,43235270510889.76,3.267526658072318e+23,7.1816854077379635e+25,2.3523309873978496e+25,9.414852093534474e+22,5.38308461668029e+18,2.681169547107723,76.39792889566479,0.7601073726736173,1.005459476289173,1.7655668489627903,0.1882105787576453,1.9537774277204358,1930784232523.254,4.8269605813081344e+17,146.54936401301939,0.09571559043918963,205165773.7951314,15148479.251010438,13.543654804916894,828136633.484013,827996872.6314964,50398784.825039335,29058379.35779401,1.000168793937678,1.7343976484194885,0.3059600096147072,67.24684344878813,22.026422026066015,10.420774515531136,10.420774515531136,0.0,1.1128957202654587e+25,1.1128957202654587e+25,0.0,1.0679587381981997e+26,1.0679587381981995e+26,1.0255960369377668,2.0762142779043276e+16,0.0013127128950925252,2.2884367280968455e-07,1.1075350059680327e-06,1.1075350059680327e-06,0.010920842214548311,0.010920842214548311,2.421652367850642e+20,1.693830003921952e-05,5934529.818796294,1.2999999999999998,43235270510889.76,0.0,8.073492447062562e-26,1.8678128766053705e-21,2.681169547107723e-09,7.63979288956648e-08,5.12291978493607e+25,2.7572207589471716e+26,9.566691661716536e+25,0.007601073726736173,1.005459476289173,0.1882105787576453,0.017655668489627904,0.019537774277204357,23055827.81378044,66384850.686134286,3.8991530091724745e-21,1.465493640130194e-07,4.957342660401949e-14,0.516612264021472,0.0,8.917604161498658e-19,1.114133094756206e-22,8.678435208843129e-22,3.0533079764031823e-19,1.7995675661038836e+19,43235270510889.76,0.0030492212285035875,0.0003714703602255927,1.3654153585762869e-05,5.156238727144824e-06,1.3654153585762869e-05,5.156238727144824e-06,1.066167647183511e-28,1.1757738252864684e+19,1.9390590283988754e+19,16.350922870249715,7.745133891981181e-21,-51219.350175751,3.772763935308568e+21,0.0,0.0,0.0,0.0,0.0,0.3333333333333333,0.3333333333333333,2.0,1.8128222181985484e-23,1.3964045536228772e-20,0.0,8.91742287927684e-19,,0.0,0.0,0.0,0.0,0.0,1.8128222181985484e-23,8.91742287927684e-19,0.015658965438853957,4.5482380955572214e-18,3.0533079764031822e-25,1.111079786779803e-22,,,3.0533079764031822e-25,1.111079786779803e-22,,8.580369162343737e-08,3.303940622972829,42412782548292.336,4.62114703366604e-06,0.0003668492131919266,4.62114703366604e-06,0.0003668492131919266,0.0030492212285035875,0.0003714703602255927,False,False,1.0,1.4422073940304434,1.3637974675636599e-08,0.21199189081538422,0.6867756811090446,1.0,1.4547464981015616,3.5396430771196235e-07,0.21642094297985012,0.6804369502515503,0.19661877304881442,0.21583482716492042,0.007601073726736173,0.01005459476289173,True,AP3.4,130.0,8.3,7.498198192099515e+19,$(U_{0.8}Pu_{0.2})N$,0.7601073726736173,0.3059600096147072,67.24684344878813,22.026422026066015,10.420774515531136,0.0,4.8269605813081344e+17,1.465493640130194e-07,ok,
50,TRIAL_050,AP3.4,1300.0,1.3,7.498198192099515e+19,1.9722002640473183e-05,129673.38547300897,43235270510889.76,7.789406175697652,5.100291528069869,2365717640302.848,1.0,40,TRIAL_050_AP3p4,rizk2025_refit_plot,rizk2025_refit_full,43235270510889.76,3.261598871243787e+23,7.177429371243815e+25,2.3585964077104174e+25,9.375765257655444e+22,5.349849315880932e+18,2.6921440499031424,80.21038948194224,0.7662848109208208,1.1564371497997192,1.9227219607205401,0.3575913891242256,2.2803133498447656,1745828677569.5952,4.364571693923987e+17,187.70491829187048,0.14198222923543385,75770104.4863725,11827074.219483297,6.406496068279747,824717704.712831,824621550.2769516,44283522.33452425,27677212.56982287,1.000116604320912,1.599999357695711,0.30540495195035106,67.20699138014614,22.08508927685455,10.40251439104897,10.40251439104897,0.0,1.110945614315327e+25,1.110945614315327e+25,0.0,1.0679587381981997e+26,1.0679587381981997e+26,1.0295207603797243,2.0688992028635316e+16,0.0013080322144113981,2.268267371155182e-07,1.2692222764062397e-06,1.2692222764062397e-06,0.01256872870871534,0.01256872870871534,2.7950816038070052e+20,1.903561331998719e-05,5934529.818796294,1.2999999999999998,43235270510889.76,0.0,8.173037505340042e-26,2.161625648720341e-21,2.6921440499031423e-09,8.021038948194225e-08,5.346753029222048e+25,3.272186056437125e+26,9.56864176766667e+25,0.007662848109208208,1.1564371497997192,0.3575913891242256,0.0192272196072054,0.022803133498447658,25453714.412846006,206385791.59811655,8.193046516386388e-21,1.8770491829187047e-07,8.132655343540943e-14,0.36296917860159694,0.0,8.918508847779603e-19,1.836266039909085e-22,1.4303422031491698e-21,2.2525702314749626e-18,1.7995675661038836e+19,43235270510889.76,0.0030483965107551453,0.0003713991591091714,1.3633154120052612e-05,5.132574985532736e-06,1.3633154120052612e-05,5.132574985532736e-06,1.2255480928053892e-28,1.2320164905256694e+19,2.2212066546256052e+19,55.5475787389215,1.4140861313638214e-20,-72496.58432919807,3.7670726026763824e+21,0.0,0.0,0.0,0.0,0.0,0.3333333333333333,0.3333333333333333,2.0,1.085968502764781e-22,9.588632660122313e-21,0.0,8.91742287927684e-19,,0.0,0.0,0.0,0.0,0.0,1.085968502764781e-22,8.91742287927684e-19,0.010751385488067937,4.548699511934648e-18,2.2525702314749626e-24,1.8137403375943355e-22,,,2.2525702314749626e-24,1.8137403375943355e-22,,8.580369162343737e-08,3.303940622972829,42377069142139.95,4.821663575028375e-06,0.000366577495534143,4.821663575028375e-06,0.000366577495534143,0.0030483965107551453,0.0003713991591091714,False,False,1.0,1.4436419789452213,1.365690136483856e-08,0.21250164640941147,0.6860454934677593,1.0,1.4845757077537995,3.5469571140670374e-07,0.22672284235362478,0.6657428816303484,0.19714998077544557,0.2261382419545195,0.007662848109208208,0.011564371497997192,True,AP3.4,130.0,8.3,7.498198192099515e+19,$(U_{0.8}Pu_{0.2})N$,0.7662848109208208,0.30540495195035106,67.20699138014614,22.08508927685455,10.40251439104897,0.0,4.364571693923987e+17,1.877049182918705e-07,ok,
50,TRIAL_050,AP3.4,1350.0,1.3,7.498198192099515e+19,1.9722002640473183e-05,129673.38547300897,43235270510889.76,7.789406175697652,5.100291528069869,2365717640302.848,1.0,40,TRIAL_050_AP3p4,rizk2025_refit_plot,rizk2025_refit_full,43235270510889.76,3.25470884641704e+23,7.173519070126442e+25,2.364401028310917e+25,9.335273358908117e+22,5.313252539814127e+18,2.7033620255918214,84.08420494606825,0.772552986437635,1.3230989782481706,2.095651964685805,0.7733500155401836,2.8690019802259887,1450387776324.6567,3.6259694408116416e+17,258.21283842714143,0.22321370566973917,30442341.289426096,8597558.562628968,3.5408123210407556,821267423.0561812,821199668.7768804,39273263.80219937,26402104.90690745,1.000082506462042,1.4875050281284392,0.3047597936141431,67.17037665920691,22.139441756897856,10.38542179028109,10.38542179028109,0.0,1.109120195080468e+25,1.109120195080468e+25,0.0,1.0679587381981997e+26,1.0679587381981997e+26,1.033878388631453,2.0612341460710396e+16,0.001303086723706953,2.2472212689013276e-07,1.4342859296791869e-06,1.4342859296791869e-06,0.014395658659370817,0.014395658659370817,3.19440464947371e+20,2.1407014120756563e-05,5934529.818796294,1.2999999999999998,43235270510889.76,0.0,8.275633253957495e-26,2.490186506915887e-21,2.7033620255918216e-09,8.408420494606826e-08,5.572686241938748e+25,3.840971418346664e+26,9.570467186901529e+25,0.00772552986437635,1.3230989782481706,0.7733500155401836,0.020956519646858053,0.028690019802259888,30588238.90231687,641052139.0457069,2.132808971956134e-20,2.5821283842714146e-07,1.5389932907141016e-13,0.21057043858495428,0.0,8.92312044658399e-19,2.985052251919346e-22,2.3251784445880735e-21,1.4331663655150738e-17,1.7995675661038836e+19,43235270510889.76,0.0030485379876461073,0.00037148353046029926,1.3611778826937198e-05,5.1106887857088864e-06,1.3611778826937198e-05,5.1106887857088864e-06,1.3888863048309479e-28,1.288416081457311e+19,2.5054876313945063e+19,200.3647188681154,3.149446654598159e-20,-102152.1126231124,3.761761664079149e+21,0.0,0.0,0.0,0.0,0.0,0.3333333333333333,0.3333333333333333,2.0,5.697567307150379e-22,5.485421362683377e-21,0.0,8.91742287927684e-19,,0.0,0.0,0.0,0.0,0.0,5.697567307150379e-22,8.91742287927684e-19,0.006147424990529343,4.5510515617659355e-18,1.433166365515074e-23,2.8417356153678383e-22,,,1.433166365515074e-23,2.8417356153678383e-22,,8.580369162343737e-08,3.303940622972829,42341775121408.47,5.0219487132813294e-06,0.0003664615817470179,5.0219487132813294e-06,0.0003664615817470179,0.0030485379876461073,0.00037148353046029926,False,False,1.0,1.4450902547737041,1.3676619633110516e-08,0.21301546699527257,0.6853096506666891,1.0,1.515593127229949,3.5550813785101157e-07,0.2371009839213425,0.6510130624926189,0.1976860810079089,0.2365179528435492,0.00772552986437635,0.013230989782481705,True,AP3.4,130.0,8.3,7.498198192099515e+19,$(U_{0.8}Pu_{0.2})N$,0.772552986437635,0.3047597936141431,67.17037665920691,22.139441756897856,10.38542179028109,0.0,3.6259694408116416e+17,2.5821283842714146e-07,ok,
50,TRIAL_050,AP3.4,1400.0,1.3,7.498198192099515e+19,1.9722002640473183e-05,129673.38547300897,43235270510889.76,7.789406175697652,5.100291528069869,2365717640302.848,1.0,40,TRIAL_050_AP3p4,rizk2025_refit_plot,rizk2025_refit_full,43235270510889.76,3.243413768239402e+23,7.168016986266489e+25,2.37154363562004e+25,9.28501419687827e+22,5.26860061956919e+18,2.7154460272844787,88.448016449627,0.7787439877012261,1.5270321518922587,2.3057761395934846,1.6721264479054532,3.977902587498938,1089031725190.5557,2.722579312976389e+17,367.3584528661286,0.3392357935145733,13567179.854538633,6043143.91755402,2.2450532437476665,817591979.998,817545249.5441649,34584283.28292848,25099488.81967677,1.0000571594708196,1.37788795347163,0.3037021611632214,67.11885702962613,22.206322686409926,10.371118122800729,10.371118122800729,0.0,1.1075926224130748e+25,1.1075926224130748e+25,0.0,1.0679587381981997e+26,1.0679587381981997e+26,1.039246804976886,2.051738862035969e+16,0.001297058335834403,2.2216255482896155e-07,1.611153888796393e-06,1.611153888796393e-06,0.01664321652928536,0.01664321652928536,3.658432158752941e+20,2.4403283553339642e-05,5934529.818796294,1.2999999999999998,43235270510889.76,0.0,8.387106052708555e-26,2.8983638391955454e-21,2.715446027284479e-09,8.844801644962701e-08,5.80060911928663e+25,4.536945245145086e+26,9.571994759568922e+25,0.007787439877012261,1.5270321518922587,1.6721264479054532,0.023057761395934847,0.03977902587498938,40681739.44957467,1983906176.818132,6.141699674039778e-20,3.673584528661286e-07,3.11502214001355e-13,0.1009954912634709,0.0,8.943977631537627e-19,5.093242848331348e-22,3.96733372971201e-21,7.989389038480301e-17,1.7995675661038836e+19,43235270510889.76,0.0030518173518713143,0.0003722341899289178,1.3588854732087195e-05,5.08829104779941e-06,1.3588854732087195e-05,5.08829104779941e-06,1.5648071079452718e-28,1.3455573501576305e+19,2.8044089870012383e+19,773.0867256286734,8.007406413268326e-20,-130857.6090393142,3.757873196711658e+21,0.0,0.0,0.0,0.0,0.0,0.3333333333333333,0.3333333333333333,2.0,2.6554752260788454e-21,2.7246350804779008e-21,0.0,8.91742287927684e-19,,0.0,0.0,0.0,0.0,0.0,2.6554752260788454e-21,8.91742287927684e-19,0.0030463348553897134,4.5616893341377775e-18,7.989389038480301e-23,4.2943039444833175e-22,,,7.989389038480301e-23,4.2943039444833175e-22,,8.580369162343737e-08,3.303940622972829,42303301548863.625,5.249790454522077e-06,0.0003669843994743957,5.249790454522077e-06,0.0003669843994743957,0.0030518173518713143,0.0003722341899289178,False,False,1.0,1.4464987559860376,1.3701253557057436e-08,0.2135144076288692,0.6845952789088867,1.0,1.5513769530826567,3.5650955913912145e-07,0.24867513824422663,0.6346762439033207,0.1982127417568364,0.24809388527655574,0.007787439877012261,0.015270321518922587,True,AP3.4,130.0,8.3,7.498198192099515e+19,$(U_{0.8}Pu_{0.2})N$,0.7787439877012261,0.3037021611632214,67.11885702962613,22.206322686409926,10.371118122800729,0.0,2.722579312976389e+17,3.673584528661286e-07,ok,
50,TRIAL_050,AP3.4,1450.0,1.3,7.498198192099515e+19,1.9722002640473183e-05,129673.38547300897,43235270510889.76,7.789406175697652,5.100291528069869,2365717640302.848,1.0,40,TRIAL_050_AP3p4,rizk2025_refit_plot,rizk2025_refit_full,43235270510889.76,3.214849113033679e+23,7.1558617669178284e+25,2.3844154530524333e+25,9.196703129884826e+22,5.205305272797587e+18,2.7307551726276,94.10748881160285,0.7844568720234318,1.8172194143592577,2.60167628638269,3.360088533341378,5.961764819724068,746058541118.116,1.8651463527952896e+17,525.8636043377045,0.47621184912141096,6786546.578815905,4221627.018275899,1.6075665968206525,812991627.2030574,812961931.6490616,29565368.782478888,23590046.10615312,1.0000365276070622,1.2532984738324522,0.301027464643212,67.00503971708494,22.326849978073927,10.367082840197918,10.367082840197918,0.0,1.1071616708813977e+25,1.1071616708813977e+25,0.0,1.0679587381981997e+26,1.0679587381981997e+26,1.0469553956587214,2.0348616066978336e+16,0.0012868911739859835,2.1830873536357692e-07,1.7943086094716e-06,1.7943086094716e-06,0.019865954080544493,0.019865954080544493,4.246724073945979e+20,2.8917572478272206e-05,5934529.818796294,1.2999999999999998,43235270510889.76,0.0,8.529761817300891e-26,3.4910909526399294e-21,2.7307551726276004e-09,9.410748881160285e-08,6.031523635737116e+25,5.526495130477333e+26,9.5724257111006e+25,0.007844568720234318,1.8172194143592577,3.360088533341378,0.026016762863826898,0.05961764819724068,59360578.82117924,5993775295.10439,1.801514679159425e-19,5.258636043377044e-07,6.383035953287439e-13,0.040463649101319055,0.0,9.028722799084174e-19,1.0241072151243713e-21,7.9771870660663e-21,3.956100289530877e-16,1.7995675661038836e+19,43235270510889.76,0.0030673985328717977,0.0003756138032678162,1.3559962408192433e-05,5.0622870077355505e-06,1.3559962408192433e-05,5.0622870077355505e-06,1.7488981617744716e-28,1.4046850603077618e+19,3.101897214935328e+19,3141.0764578315416,2.215419070521674e-19,-150985.65351285224,3.759329857375725e+21,0.0,0.0,0.0,0.0,0.0,0.3333333333333333,0.3333333333333333,2.0,1.1129991980733449e-20,1.2141082623128306e-21,0.0,8.91742287927684e-19,,0.0,0.0,0.0,0.0,0.0,1.1129991980733449e-20,8.91742287927684e-19,0.0013447176187931956,4.6049118401460285e-18,3.9561002895308766e-22,6.284971861712836e-22,,,3.9561002895308766e-22,6.284971861712836e-22,,8.580369162343737e-08,3.303940622972829,42255578341969.05,5.570111633415537e-06,0.00037004369163440065,5.570111633415537e-06,0.00037004369163440065,0.0030673985328717977,0.0003756138032678162,False,False,1.0,1.447727474157165,1.374497204477991e-08,0.21394904541275514,0.6839731044398197,1.0,1.5990883724888765,3.5794868728866565e-07,0.26348619938869045,0.6139169626184992,0.19869625910046196,0.2629071855288307,0.007844568720234318,0.018172194143592578,True,AP3.4,130.0,8.3,7.498198192099515e+19,$(U_{0.8}Pu_{0.2})N$,0.7844568720234318,0.301027464643212,67.00503971708494,22.326849978073927,10.367082840197918,0.0,1.8651463527952896e+17,5.258636043377045e-07,ok,
50,TRIAL_050,AP3.4,1500.0,1.3,7.498198192099515e+19,1.9722002640473183e-05,129673.38547300897,43235270510889.76,7.789406175697652,5.100291528069869,2365717640302.848,1.0,40,TRIAL_050_AP3p4,rizk2025_refit_plot,rizk2025_refit_full,43235270510889.76,3.1273634601707486e+23,7.124724183710976e+25,2.4128258706473694e+25,8.985086173702878e+22,5.115349228843503e+18,2.7571554844733948,101.36820968905032,0.7888503634591103,2.231871707412824,3.0207220708719342,4.411633043575371,7.432355114447304,500939187286.1596,1.2523479682153989e+17,657.5851047048056,0.5000000000000001,4000892.7305390174,3375988.878270856,1.1851024617676555,805195687.377218,805177659.5486457,24654351.825770326,21900357.190976433,1.0000223898767664,1.1257511286586968,0.29283560762348004,66.71347804814457,22.592875401891973,10.40081094234,7.851517744978965,2.549293197361034,1.1107636930219454e+25,8.38509698386851e+24,2.722539946350944e+24,1.0679587381981997e+26,1.0407333387346902e+26,1.0581143461605869,1.992316529654945e+16,0.0012627441248422029,2.120098083244205e-07,1.8527475947811134e-06,1.8527475947811134e-06,0.024525490303047598,0.024525490303047598,4.847654138073127e+20,3.615867235935263e-05,5934529.818796294,1.2999999999999998,43235270510889.76,0.0,8.779552563089266e-26,4.363087655537086e-21,2.757155484473395e-09,1.0136820968905032e-07,6.272505307726324e+25,6.937560968982915e+26,9.568823688960052e+25,0.007888503634591103,2.231871707412824,4.411633043575371,0.03020722070871934,0.07432355114447305,66955009.28401959,11863165477.917875,3.522689504468927e-19,6.575851047048057e-07,9.981251471036882e-13,0.03407359027997259,1.0,9.341414501778096e-19,2.65480851490482e-21,2.0679381841294317e-20,1.7607759639859707e-15,1.7995675661038836e+19,43235270510889.76,0.003128436637167406,0.000388439181811425,1.3510528967135703e-05,5.033113535306018e-06,1.3510528967135703e-05,5.033113535306018e-06,1.813179576266053e-28,1.4686308120062308e+19,3.1633409657797083e+19,3914.8885235795447,2.1886292690660645e-19,-109884.63583580495,3.7790479218879937e+21,3.181710552709877e+21,0.0,0.0,0.0,0.0,0.3333333333333333,0.3333333333333333,2.0,4.239916225012569e-20,4.981451519947624e-22,0.0,8.91742287927684e-19,,0.0,0.0,0.0,0.0,0.0,4.239916225012569e-20,8.91742287927684e-19,0.0005332652264814314,4.764393724360784e-18,1.7607759639859707e-21,8.940325509188496e-22,,,1.7607759639859707e-21,8.940325509188496e-22,,8.580369162343737e-08,3.303940622972829,42198223307110.93,6.099438237381585e-06,0.0003823397435740434,6.099438237381585e-06,0.0003823397435740434,0.003128436637167406,0.000388439181811425,False,False,1.0,1.4484405722329718,1.3852049760848848e-08,0.21420102826794363,0.6836124520103537,1.0,1.6623836579089943,3.600347202118111e-07,0.28212703757516583,0.5880374882690723,0.19906651341420997,0.2815505687283684,0.007888503634591103,0.022318717074128237,True,AP3.4,130.0,8.3,7.498198192099515e+19,$(U_{0.8}Pu_{0.2})N$,0.7888503634591103,0.29283560762348004,66.71347804814457,22.592875401891973,7.851517744978965,2.549293197361034,1.2523479682153989e+17,6.575851047048057e-07,ok,
50,TRIAL_050,AP3.4,1550.0,1.3,7.498198192099515e+19,1.9722002640473183e-05,129673.38547300897,43235270510889.76,7.789406175697652,5.100291528069869,2365717640302.848,1.0,40,TRIAL_050_AP3p4,rizk2025_refit_plot,rizk2025_refit_full,43235270510889.76,2.8767561014165297e+23,7.041437736565115e+25,2.4826716878916487e+25,8.4327970923177e+22,5.010464071630073e+18,2.817134750641536,109.0087725151781,0.7897381581292116,2.7186350365707828,3.5083731946999945,4.876290636012974,8.384663830712968,410019586985.5833,1.0250489674639582e+17,726.8456049678402,0.5,3313394.7519492274,3054293.7658654833,1.0848317175575688,788047158.8135136,788034721.9792904,21187252.172349717,20365333.43856242,1.0000157820891344,1.0403587172420643,0.26936959252471043,65.93361227087327,23.246887722275428,10.550130414326603,6.977743437285143,3.57238697704146,1.1267103965110687e+25,7.451942076753809e+24,3.8151618883568786e+24,1.0679587381981997e+26,1.029807119314631e+26,1.07143455161173,1.8766941019214904e+16,0.0011990683097056478,2.0182006579423102e-07,1.5127043302634094e-06,1.5127043302634094e-06,0.030087925262986665,0.030087925262986665,4.941912133948705e+20,4.635674634561977e-05,5934529.818796294,1.2999999999999998,43235270510889.76,0.0,9.365079575419465e-26,5.425914641248628e-21,2.817134750641536e-09,1.090087725151781e-07,6.545216193652841e+25,8.583403252592608e+26,9.552876985470928e+25,0.007897381581292115,2.7186350365707828,4.876290636012974,0.035083731946999944,0.08384663830712968,72698400.88898803,16071874716.901264,4.757129455071062e-19,7.268456049678402e-07,1.2194539379836517e-12,0.03407359027997264,1.0,1.039906973829712e-18,8.356987325282236e-21,6.509596868178046e-20,7.11715258415843e-15,1.7995675661038836e+19,43235270510889.76,0.0033346364188057117,0.0004322223386498835,1.3400032990999205e-05,5.006551039355659e-06,1.3400032990999205e-05,5.006551039355659e-06,1.4854466495670632e-28,1.5465719379658402e+19,2.534794938645665e+19,6338.983573918616,3.1967358039450597e-19,-107533.28911756404,3.853448703143198e+21,3.3807138148003736e+21,0.0,0.0,0.0,0.0,0.3333333333333333,0.3333333333333333,2.0,1.4816468590202815e-19,1.921420918257287e-22,0.0,8.91742287927684e-19,,0.0,0.0,0.0,0.0,0.0,1.4816468590202815e-19,8.91742287927684e-19,0.0001847685385915996,5.303828728604456e-18,7.11715258415843e-21,1.239834741123807e-21,,,7.11715258415843e-21,1.239834741123807e-21,,8.580369162343737e-08,3.303940622972829,42142914820476.25,7.151123711715705e-06,0.00042507121493816775,7.151123711715705e-06,0.00042507121493816775,0.0033346364188057117,0.0004322223386498835,False,False,1.0,1.4477533162519476,1.4148098546391844e-08,0.21395818044026477,0.6839600291481189,1.0,1.7313955375563919,3.625297743301548e-07,0.3012630767864916,0.5617766191073078,0.19914116379158045,0.3006886047420222,0.007897381581292115,0.027186350365707827,True,AP3.4,130.0,8.3,7.498198192099515e+19,$(U_{0.8}Pu_{0.2})N$,0.7897381581292116,0.26936959252471043,65.93361227087327,23.246887722275428,6.977743437285143,3.57238697704146,1.0250489674639582e+17,7.268456049678403e-07,ok,
50,TRIAL_050,AP3.4,1600.0,1.3,7.498198192099515e+19,1.9722002640473183e-05,129673.38547300897,43235270510889.76,7.789406175697652,5.100291528069869,2365717640302.848,1.0,40,TRIAL_050_AP3p4,rizk2025_refit_plot,rizk2025_refit_full,43235270510889.76,2.325697675083285e+23,6.827974314296386e+25,2.6568269511574215e+25,7.196118161626889e+22,4.888341602831983e+18,2.9596488556959293,117.12858883236429,0.7814612692351907,3.290325697851787,4.071786967086978,5.326051109202842,9.39783807628982,343694917169.767,8.592372929244174e+16,793.8855842529146,0.5000000000000002,2910257.364410438,2796372.7318327986,1.0407258414735712,750099387.3672596,750088982.9303725,19151710.07875864,18953528.102155216,1.000013870936814,1.0104562050682737,0.21777036807686712,63.93481386571322,24.877617984004434,10.969797782205482,6.497446506728619,4.472351275476864,1.1715291397773577e+25,6.939004772836196e+24,4.776286624937381e+24,1.0679587381981997e+26,1.0201958719488258e+26,1.0873890330127023,1.6166135501642556e+16,0.0010550620011585885,1.8399371540558886e-07,1.0705962634168555e-06,1.0705962634168555e-06,0.03678363190619157,0.03678363190619157,4.4485423952012594e+20,5.861434317762275e-05,5934529.818796294,1.2999999999999998,43235270510889.76,0.0,1.0859483567158643e-25,6.7309651517512386e-21,2.9596488556959296e-09,1.171285888323643e-07,6.882975327749935e+25,1.0489598231017912e+27,9.50805824220464e+25,0.007814612692351907,3.290325697851787,5.326051109202842,0.04071786967086978,0.0939783807628982,80757723.50638165,20982431598.918667,6.198580011670125e-19,7.938855842529146e-07,1.454778569661031e-12,0.03407359027997253,1.0,1.3705602340796549e-18,2.804370316124471e-20,2.184437945936313e-19,2.6363059898109156e-14,1.7995675661038836e+19,43235270510889.76,0.003926942192731167,0.0005694061033784897,1.3147245579411148e-05,4.9820723496072266e-06,1.3147245579411148e-05,4.9820723496072266e-06,1.0536666201210509e-28,1.6638396280740712e+19,1.7450271996917113e+19,9957.709871026409,4.588631593015311e-19,-108466.70020795542,4.0604083231476637e+21,3.788097222487713e+21,0.0,0.0,0.0,0.0,0.3333333333333333,0.3333333333333333,2.0,4.788179461519709e-19,7.08396822782879e-23,0.0,8.91742287927684e-19,,0.0,0.0,0.0,0.0,0.0,4.788179461519709e-19,8.91742287927684e-19,5.1686661057882994e-05,6.99025675058592e-18,2.6363059898109155e-20,1.680643263135559e-21,,,2.6363059898109155e-20,1.680643263135559e-21,,8.580369162343737e-08,3.303940622972829,42090148878416.914,9.878876866711685e-06,0.0005595272265117781,9.878876866711685e-06,0.0005595272265117781,0.003926942192731167,0.0005694061033784897,False,False,1.0,1.44362384180309,1.4916159051786175e-08,0.21249520660759622,0.6860547169809909,1.0,1.8072504025639373,3.6552413114106493e-07,0.3210112831530557,0.5350228997727776,0.1984430162309611,0.32043968523221766,0.007814612692351907,0.03290325697851787,True,AP3.4,130.0,8.3,7.498198192099515e+19,$(U_{0.8}Pu_{0.2})N$,0.7814612692351907,0.21777036807686712,63.93481386571322,24.877617984004434,6.497446506728619,4.472351275476864,8.592372929244174e+16,7.938855842529146e-07,ok,
50,TRIAL_050,AP3.4,1650.0,1.3,7.498198192099515e+19,1.9722002640473183e-05,129673.38547300897,43235270510889.76,7.789406175697652,5.100291528069869,2365717640302.848,1.0,40,TRIAL_050_AP3p4,rizk2025_refit_plot,rizk2025_refit_full,43235270510889.76,1.5449283784578503e+23,6.381823657001063e+25,3.02100761397096e+25,5.2674613357479195e+22,4.686759004142166e+18,3.246620307101498,129.3376313343434,0.755065223372647,4.247524973555401,5.002590196928047,5.9367120177024475,10.939302214630494,276625240207.3154,6.9156310051828856e+16,884.9089113266916,0.5,2566367.3552642977,2508732.787730305,1.0229735776627433,683798123.8069738,683787997.9818032,17245098.765393287,17164378.04757073,1.0000148084277591,1.0047028047039537,0.14466180416898572,59.75721185415945,28.287681030334888,11.810445311336665,6.203034770590477,5.607410540746187,1.2613068272253948e+25,6.624585186599365e+24,5.988483085654583e+24,1.0679587381981997e+26,1.0080739073416539e+26,1.1148748832523596,1.2143243580699972e+16,0.000826095864512364,1.5514079109580944e-07,1.2059789734404087e-06,1.2059789734404087e-06,0.04841374528613893,0.04841374528613893,4.1455431498085414e+20,7.309787222547417e-05,5934529.818796294,1.2999999999999998,43235270510889.76,0.0,1.4334518570613036e-25,9.06281925271052e-21,3.2466203071014984e-09,1.2933763133434341e-07,7.2775299454802605e+25,1.3660079921364843e+27,9.418280554756602e+25,0.00755065223372647,4.247524973555401,5.9367120177024475,0.05002590196928047,0.10939302214630495,95791478.48742367,29105506442.35175,8.584483488568444e-19,8.849089113266916e-07,1.8074995601459848e-12,0.03407359027997264,1.0,2.332934307037629e-18,9.243457552501816e-20,7.200104534425675e-19,9.020265555838444e-14,1.7995675661038836e+19,43235270510889.76,0.005335742047771451,0.0009686922518105497,1.2676882585115182e-05,4.9509863293561955e-06,1.2676882585115182e-05,4.9509863293561955e-06,1.1901503289983134e-28,1.856151994735916e+19,1.8840770704253948e+19,16592.535761329415,6.850245166259382e-19,-104907.01471015156,4.4935083924577373e+21,4.3458229155231873e+21,0.0,0.0,0.0,0.0,0.3333333333333333,0.3333333333333333,2.0,1.441192019109945e-18,2.5299362888157518e-23,0.0,8.91742287927684e-19,,0.0,0.0,0.0,0.0,0.0,1.441192019109945e-18,8.91742287927684e-19,1.0844438616140361e-05,1.189864508172757e-17,9.020265555838444e-20,2.2319199666337208e-21,,,9.020265555838444e-20,2.2319199666337208e-21,,8.580369162343737e-08,3.303940622972829,42022927683502.65,1.7799688636701133e-05,0.0009508925631738485,1.7799688636701133e-05,0.0009508925631738485,0.005335742047771451,0.0009686922518105497,False,False,1.0,1.4333960605707146,1.6551027268432042e-08,0.20884350329171075,0.6912891633394427,1.0,1.9256837910791056,3.706912201464264e-07,0.34947268823942873,0.49713172001182915,0.19618305328155233,0.34890884595015575,0.00755065223372647,0.042475249735554006,True,AP3.4,130.0,8.3,7.498198192099515e+19,$(U_{0.8}Pu_{0.2})N$,0.755065223372647,0.14466180416898572,59.75721185415945,28.287681030334888,6.203034770590477,5.607410540746187,6.9156310051828856e+16,8.849089113266916e-07,ok,
50,TRIAL_050,AP3.4,1700.0,1.3,7.498198192099515e+19,1.9722002640473183e-05,129673.38547300897,43235270510889.76,7.789406175697652,5.100291528069869,2365717640302.848,1.0,40,TRIAL_050_AP3p4,rizk2025_refit_plot,rizk2025_refit_full,43235270510889.76,8.632267010303469e+22,5.6682491202699004e+25,3.6119521743571828e+25,3.3120854092312576e+22,4.3357913582252334e+18,3.7015461551871476,148.57650021041118,0.7036223789651823,5.9567223433901235,6.6603447223553065,6.803873010763134,13.464217733118439,210606305797.748,5.265157644943699e+16,1014.1653900014444,0.5000000000000002,2223707.4419547003,2188992.073567841,1.0158590653689652,599760797.9292619,599749376.8621557,15005425.512052497,14941797.638631137,1.0000190430662321,1.0042583814183679,0.08082959295662814,53.075544190340665,33.821083579044135,13.02254263765858,5.987751267846272,7.034791369812308,1.3907538203446112e+25,6.394671288653774e+24,7.512866914792338e+24,1.0679587381981997e+26,9.928300690502766e+25,1.1664960641981375,8056142942171491.0,0.0005846906641105063,1.2004239871173428e-07,2.3552388864912915e-06,2.3552388864912915e-06,0.07041622923128257,0.07041622923128257,4.2374859101037776e+20,9.178836809458278e-05,5934529.818796294,1.2999999999999998,43235270510889.76,0.0,2.124408920748498e-25,1.373848935809583e-20,3.7015461551871478e-09,1.485765002104112e-07,7.5928170786593984e+25,1.933863245925174e+27,9.288833561637387e+25,0.007036223789651823,5.9567223433901235,6.803873010763134,0.06660344722355306,0.1346421773311844,121452608.25750932,43879460577.51554,1.2922448803213163e-18,1.0141653900014444e-06,2.3740979554532728e-12,0.03407359027997253,1.0,4.9573286738281364e-18,2.899995230890099e-19,2.2589240760989072e-18,2.8708990269161864e-13,1.7995675661038836e+19,43235270510889.76,0.008067211461288285,0.0020571135428939353,1.2023510312166681e-05,4.912265483526205e-06,1.2023510312166681e-05,4.912265483526205e-06,2.339305071671773e-28,2.139357335194441e+19,3.428913812363784e+19,30529.696138902178,1.0985366758812603e-18,-97529.28790456301,5.172811590550199e+21,5.12250651900252e+21,0.0,0.0,0.0,0.0,0.3333333333333333,0.3333333333333333,2.0,4.065586385900453e-18,8.846547337881255e-24,0.0,8.91742287927684e-19,,0.0,0.0,0.0,0.0,0.0,4.065586385900453e-18,8.91742287927684e-19,1.7845391984166736e-06,2.5283821436983485e-17,2.8708990269161863e-19,2.90962039739128e-21,,,2.8708990269161863e-19,2.90962039739128e-21,,8.580369162343737e-08,3.303940622972829,41946882837259.93,4.0187182145444865e-05,0.0020169263607484906,4.0187182145444865e-05,0.0020169263607484906,0.008067211461288285,0.0020571135428939353,False,False,1.0,1.4157945264291951,1.9319480395257734e-08,0.20246285462602995,0.7004553165038002,1.0,2.1210031471307023,3.8043443480764037e-07,0.39109136454523796,0.44327214543288224,0.19162252033312968,0.39054323471829566,0.007036223789651823,0.05956722343390124,True,AP3.4,130.0,8.3,7.498198192099515e+19,$(U_{0.8}Pu_{0.2})N$,0.7036223789651823,0.08082959295662814,53.075544190340665,33.821083579044135,5.987751267846272,7.034791369812308,5.265157644943699e+16,1.0141653900014444e-06,ok,
50,TRIAL_050,AP3.4,1750.0,1.3,7.498198192099515e+19,1.9722002640473183e-05,129673.38547300897,43235270510889.76,7.789406175697652,5.100291528069869,2365717640302.848,1.0,40,TRIAL_050_AP3p4,rizk2025_refit_plot,rizk2025_refit_full,43235270510889.76,4.421155612217297e+22,4.740587015108022e+25,4.399947347357998e+25,1.8783821813785393e+22,3.7779669071443953e+18,4.297986342709157,177.18093023764547,0.6246944715634165,8.802330910975959,9.427025382539375,7.919202068097942,17.346227450637315,155460807595.56796,3.886520189889198e+16,1180.4130737284265,0.5000000000000002,1904230.9769519856,1880697.5705444852,1.012513126393143,516535827.25822324,516520952.6004831,12613249.943944585,12529565.100614415,1.0000287977819007,1.0066789902648787,0.04139818753369089,44.38923383038258,41.199600602372925,14.369767379710817,5.805311929184625,8.564455450526191,1.5346318639037613e+25,6.199833602738969e+24,9.146485036298644e+24,1.0679587381981997e+26,9.764938878352134e+25,1.2603636446347384,4987966705688097.0,0.0003964179421125896,8.586751941081438e-08,6.8872754580187675e-06,6.8872754580187675e-06,0.11077666098038955,0.11077666098038955,4.6860429156288876e+20,0.00011818678252986611,5934529.818796294,1.2999999999999998,43235270510889.76,0.0,3.325704841945184e-25,2.329912126633546e-20,4.297986342709157e-09,1.7718093023764548e-07,7.590194128766376e+25,2.8849725719311175e+27,9.144955518078237e+25,0.006246944715634166,8.802330910975959,7.919202068097942,0.09427025382539375,0.17346227450637317,159521456.20825195,69282043783.34396,2.0376073405458655e-18,1.1804130737284266e-06,3.2162447097325816e-12,0.03407359027997253,1.0,1.170078713301288e-17,8.589643716813095e-19,6.690822381478645e-18,8.552344067970446e-13,1.7995675661038836e+19,43235270510889.76,0.01244475931986017,0.004853375985951342,1.1306236188490857e-05,4.8701093691604185e-06,1.1306236188490857e-05,4.8701093691604185e-06,6.958002201021012e-28,2.500889326035985e+19,8.912408279326961e+19,59033.391517583936,1.823283450203108e-18,-88216.9657934645,6.026169196121109e+21,6.085718253506407e+21,0.0,0.0,0.0,0.0,0.3333333333333333,0.3333333333333333,2.0,1.0809044845085196e-17,3.0549830664988003e-24,0.0,8.91742287927684e-19,,0.0,0.0,0.0,0.0,0.0,1.0809044845085196e-17,8.91742287927684e-19,2.610920984862119e-07,5.967742548625453e-17,8.552344067970446e-19,3.7299648842649055e-21,,,8.552344067970446e-19,3.7299648842649055e-21,,8.580369162343737e-08,3.303940622972829,41896505940641.66,9.854023731219286e-05,0.00475483574863915,9.854023731219286e-05,0.00475483574863915,0.01244475931986017,0.004853375985951342,False,False,1.0,1.3906694215606628,2.334032338821235e-08,0.19313629979192526,0.7138976997380272,1.0,2.4237859486085007,3.983037803726505e-07,0.4453547896871402,0.37613384785535775,0.1841715546694883,0.4448352866136621,0.006246944715634166,0.08802330910975958,True,AP3.4,130.0,8.3,7.498198192099515e+19,$(U_{0.8}Pu_{0.2})N$,0.6246944715634165,0.04139818753369089,44.38923383038258,41.199600602372925,5.805311929184625,8.564455450526191,3.886520189889198e+16,1.1804130737284266e-06,ok,
50,TRIAL_050,AP3.4,1800.0,1.3,7.498198192099515e+19,1.9722002640473183e-05,129673.38547300897,43235270510889.76,7.789406175697652,5.100291528069869,2365717640302.848,1.0,40,TRIAL_050_AP3p4,rizk2025_refit_plot,rizk2025_refit_full,43235270510889.76,2.213911959837221e+22,3.6700311078758573e+25,5.339156624018269e+25,9.917081025330037e+21,2.9330313703992724e+18,4.99298355524357,222.38332020086125,0.5170742109397903,13.511760770079832,14.028834981019623,9.185732696848564,23.214567677868185,115546331631.61163,2.8886582907902908e+16,1369.1984209892776,0.5,1638070.8177982578,1621386.6200605158,1.010290079818914,444645813.9877353,444623935.856665,10161411.311082156,9982763.08670475,1.0000492059228168,1.0178956690473135,0.020730313640884755,34.36491482871079,49.9940347229725,15.620320134675831,5.637801663292586,9.982518471383246,1.6681857381280333e+25,6.020939550541661e+24,1.0660917830738672e+25,1.0679587381981997e+26,9.61349559890813e+25,1.4412195275004436,3004744067680784.5,0.0002703214131597193,5.494144490562229e-08,2.9136998644937293e-05,2.9136998644937293e-05,0.1894408634969026,0.1894408634969026,5.704252590261186e+20,0.00016198240910288256,5934529.818796294,1.2999999999999998,43235270510889.76,0.0,5.21397586264636e-25,4.606756308999341e-20,4.99298355524357e-09,2.2238332020086127e-07,7.021197744400519e+25,4.469658035351327e+27,9.011401643853964e+25,0.005170742109397903,13.511760770079832,9.185732696848564,0.14028834981019622,0.23214567677868186,208433775.97612727,108240824099.21576,3.1799305325018193e-18,1.3691984209892777e-06,4.327268489960507e-12,0.03407359027997264,1.0,2.8109916689626407e-17,2.4025223904971453e-18,1.8714222745790348e-17,2.3978131732901632e-12,1.7995675661038836e+19,43235270510889.76,0.018216814972623188,0.011662951587565595,1.0623738140882652e-05,4.825455284908688e-06,1.0623738140882652e-05,4.825455284908688e-06,3.0882379056858316e-27,2.9157071117733175e+19,3.084047410097683e+20,111866.30350873804,2.9764698383005507e-18,-79572.10628024892,6.956837129067824e+21,7.172483714236149e+21,0.0,0.0,0.0,0.0,0.3333333333333333,0.3333333333333333,2.0,2.721817440169872e-17,1.0491064501063835e-24,0.0,8.91742287927684e-19,,0.0,0.0,0.0,0.0,0.0,2.721817440169872e-17,8.91742287927684e-19,3.732157806406955e-08,1.4336876994685138e-16,2.397813173290163e-18,4.7092172069822286e-21,,,2.397813173290163e-18,4.7092172069822286e-21,,8.580369162343737e-08,3.303940622972829,41930728360038.17,0.0002306255869024756,0.011432326000663118,0.0002306255869024756,0.011432326000663118,0.018216814972623188,0.011662951587565595,False,False,1.0,1.356857385765675,2.887886559275407e-08,0.18015731181421105,0.7326876843164923,1.0,2.9075646099214296,4.333629884292935e-07,0.5136062623460005,0.297333062108246,0.1729222824584726,0.5131417084242021,0.005170742109397903,0.1351176077007983,True,AP3.4,130.0,8.3,7.498198192099515e+19,$(U_{0.8}Pu_{0.2})N$,0.5170742109397903,0.020730313640884755,34.36491482871079,49.9940347229725,5.637801663292586,9.982518471383246,2.8886582907902908e+16,1.3691984209892777e-06,ok,
50,TRIAL_050,AP3.8,900.0,1.1,6.863735268152632e+19,1.9722002640473183e-05,129673.38547300897,43235270510889.76,7.789406175697652,5.100291528069869,2365717640302.848,1.0,40,TRIAL_050_AP3p8,rizk2025_refit_plot,rizk2025_refit_full,43235270510889.76,3.2952828744041916e+23,5.814311607061072e+25,2.2591091150885967e+25,7.935163422840805e+22,5.54322071062885e+18,2.589857828287484,49.571866664701176,0.5773939864015195,0.2828502708259701,0.8602442572274895,0.07907017035520399,0.9393144275826935,2104164161547.324,5.26041040386831e+17,106.65753137034366,0.05525145731886635,3684108348675.0464,20814282.60599397,176999.05485160075,868596816.7636794,857189910.4855311,309067138.1386879,44783465.89237487,1.0133073268112631,6.901367100113431,0.3646606442656595,64.34199118567469,24.999619661592217,10.293728508467447,10.293728508467447,0.0,9.302003877064215e+24,9.302003877064215e+24,0.0,9.036573938600132e+25,9.036573938600132e+25,1.0071066608315278,1.932212311230688e+16,0.0013667091268053575,2.453777397304835e-07,3.3343822132892386e-07,3.3343822132892386e-07,0.00308969435309172,0.00308969435309172,3.939176287781892e+19,6.539045152180196e-06,5485699.832500776,1.0999999999999999,43235270510889.76,0.0,7.276396913761497e-26,5.1026341109532005e-22,2.589857828287484e-09,4.957186666470118e-08,2.847119799176572e+25,3.1089235939149925e+25,8.10637355089371e+25,0.005773939864015195,0.2828502708259701,0.07907017035520399,0.008602442572274896,0.009393144275826935,17683038.323823307,2041.503672935778,1.5031178992623605e-21,1.0665753137034366e-07,2.6258149591444654e-14,0.7524185574949398,0.0,8.162871712571295e-19,5.5598665086701915e-25,4.330805851869013e-24,5.119872410101689e-28,1.6472964643566316e+19,43235270510889.76,0.002277464766949905,0.0003407927737963048,1.266193867792363e-05,4.963724563490688e-06,1.266193867792363e-05,4.963724563490688e-06,1.8524272788977807e-29,7.209214048834587e+18,3.034753513536411e+18,0.0005068980929956682,4.037798061177489e-21,-33307.639829827975,5.794460300928596e+21,0.0,0.0,0.0,0.0,0.0,0.3333333333333333,0.3333333333333333,2.0,2.4966082885114063e-31,1.045298780017561e-24,0.0,8.162871712568798e-19,,0.0,0.0,0.0,0.0,0.0,2.4966082885114063e-31,8.162871712568798e-19,1.2805527476411767e-06,4.163302544034856e-18,5.119872410101689e-34,5.559866503550319e-25,,,5.119872410101689e-34,5.559866503550319e-25,,8.580369162343737e-08,3.303940622972829,42685713886170.766,2.830552776720799e-06,0.00033796222101958396,2.830552776720799e-06,0.00033796222101958396,0.002277464766949905,0.0003407927737963048,False,False,1.0,1.3927041163123153,1.4439321171987268e-08,0.19390142199969998,0.7127929967053702,1.0,1.2647472983814692,3.5052276830143793e-07,0.1420167261529491,0.7884070607293906,0.17940068024516828,0.14142261595131372,0.005773939864015195,0.002828502708259701,True,AP3.8,119.0,8.3,6.863735268152632e+19,$(U_{0.8}Pu_{0.2})N$,0.5773939864015195,0.3646606442656595,64.34199118567469,24.999619661592217,10.293728508467447,0.0,5.26041040386831e+17,1.0665753137034367e-07,ok,
50,TRIAL_050,AP3.8,950.0,1.1,6.863735268152632e+19,1.9722002640473183e-05,129673.38547300897,43235270510889.76,7.789406175697652,5.100291528069869,2365717640302.848,1.0,40,TRIAL_050_AP3p8,rizk2025_refit_plot,rizk2025_refit_full,43235270510889.76,3.28787283197611e+23,5.8044267977401325e+25,2.2712154836803636e+25,7.894730981077616e+22,5.531277471293308e+18,2.6013034214537956,52.56140592385339,0.5821018526056034,0.3364456938931828,0.9185475464987862,0.0789054240886197,0.997452970587406,2104486054766.6406,5.2612151369166016e+17,106.57797014689267,0.05517749808961326,581716462001.5498,20829820.618090704,27927.098973494227,858059501.8447251,853418321.6348151,207749105.15638357,42236313.14611623,1.0054383414232535,4.918732002901792,0.3638406385335723,64.23260449346033,25.133590441602703,10.269964426403392,10.269964426403392,0.0,9.280529288598734e+24,9.280529288598734e+24,0.0,9.036573938600132e+25,9.03657393860013e+25,1.0084612339549042,1.9235323604687652e+16,0.0013620551351182216,2.435443203605269e-07,4.884125014818723e-07,4.884125014818723e-07,0.003670389523096756,0.003670389523096756,5.2454064866654134e+19,7.3507292751917346e-06,5485699.832500776,1.0999999999999999,43235270510889.76,0.0,7.373295606915635e-26,6.082603804262165e-22,2.6013034214537956e-09,5.256140592385339e-08,3.037027336758166e+25,4.9082417577418784e+25,8.108521009740256e+25,0.0058210185260560345,0.3364456938931828,0.0789054240886197,0.009185475464987863,0.00997452970587406,17639516.81709351,13613.885641767072,1.4997566538376375e-21,1.0657797014689267e-07,2.621898965053095e-14,0.7530163850719126,0.0,8.162871712643784e-19,1.555632732564192e-24,1.211745521415293e-23,2.2845010932250072e-26,1.6472964643566316e+19,43235270510889.76,0.0022751213024276647,0.00034070384247781313,1.2641184461399597e-05,4.924594035753291e-06,1.2641184461399597e-05,4.924594035753291e-06,2.727688854803666e-29,7.702334141918297e+18,4.666631109403444e+18,0.0033805920866068692,4.0327479441862945e-21,-33279.21589790104,5.782900278923926e+21,0.0,0.0,0.0,0.0,0.0,0.3333333333333333,0.3333333333333333,2.0,7.498646671560408e-30,3.8979387444212507e-23,0.0,8.162871712568798e-19,,0.0,0.0,0.0,0.0,0.0,7.498646671560408e-30,8.162871712568798e-19,4.775205199395189e-05,4.163302544071828e-18,2.284501093225007e-32,1.555632709719181e-24,,,2.284501093225007e-32,1.555632709719181e-24,,8.580369162343737e-08,3.303940622972829,42653831755398.875,2.9940467925512206e-06,0.00033770979568526193,2.9940467925512206e-06,0.00033770979568526193,0.0022751213024276647,0.00034070384247781313,False,False,1.0,1.393933228573173,1.4463931817203626e-08,0.1943627623088071,0.7121270662386192,1.0,1.2841921569185586,3.50774805976063e-07,0.15043578052692066,0.7760485795723312,0.17988695088730247,0.14984364357711685,0.0058210185260560345,0.003364456938931828,True,AP3.8,119.0,8.3,6.863735268152632e+19,$(U_{0.8}Pu_{0.2})N$,0.5821018526056034,0.3638406385335723,64.23260449346033,25.133590441602703,10.269964426403392,0.0,5.2612151369166016e+17,1.0657797014689268e-07,ok,
50,TRIAL_050,AP3.8,1000.0,1.1,6.863735268152632e+19,1.9722002640473183e-05,129673.38547300897,43235270510889.76,7.789406175697652,5.100291528069869,2365717640302.848,1.0,40,TRIAL_050_AP3p8,rizk2025_refit_plot,rizk2025_refit_full,43235270510889.76,3.281062360274512e+23,5.793557577827931e+25,2.2842814913272576e+25,7.854942417980565e+22,5.515873882555164e+18,2.6119840704856827,55.994204957848005,0.5863314463471131,0.40563197764544523,0.9919634239925583,0.07881898381792879,1.070782407810487,2104646605036.5251,5.2616165125913126e+17,106.53632835074878,0.05513859514666573,110755850678.22769,20837962.358634233,5315.0998534334085,852039862.580361,849928613.6868378,149137940.39128602,39646959.92507079,1.0024840308462672,3.761648829396841,0.36308698214256924,64.11232417498947,25.278180722561753,10.246408120306224,10.246408120306224,0.0,9.259242458421998e+24,9.259242458421998e+24,0.0,9.036573938600132e+25,9.036573938600133e+25,1.0102137531153432,1.9155720452794724e+16,0.0013577277799325452,2.414772621761929e-07,6.793488475358079e-07,6.793488475358079e-07,0.004418567926336411,0.004418567926336411,6.884265459051309e+19,8.335726086645111e-06,5485699.832500776,1.0999999999999999,43235270510889.76,0.0,7.464490700847857e-26,7.353902324132563e-22,2.611984070485683e-09,5.599420495784801e-08,3.2134280180978404e+25,7.238434384290004e+25,8.110649692757933e+25,0.005863314463471131,0.40563197764544523,0.07881898381792879,0.009919634239925583,0.010707824078104871,17597714.383524846,75088.3826074704,1.4979994005513516e-21,1.0653632835074878e-07,2.61985052572324e-14,0.7533312048009912,0.0,8.162871714171498e-19,3.863167302789697e-24,3.0091779246103305e-23,6.972208708889678e-25,1.6472964643566316e+19,43235270510889.76,0.0022722528812658734,0.0003406027375162423,1.2621899115962938e-05,4.884674926897975e-06,1.2621899115962938e-05,4.884674926897975e-06,3.814740135406262e-29,8.172675983363406e+18,6.695180305564932e+18,0.018651036466390075,4.031610281511486e-21,-33276.51539810727,5.772230096386901e+21,0.0,0.0,0.0,0.0,0.0,0.3333333333333333,0.3333333333333333,2.0,1.6026995865756309e-28,4.883477169444583e-22,0.0,8.162871712568798e-19,,0.0,0.0,0.0,0.0,0.0,1.6026995865756309e-28,8.162871712568798e-19,0.0005982547981204234,4.163302544851006e-18,6.972208708889678e-31,3.863166605568826e-24,,,6.972208708889678e-31,3.863166605568826e-24,,8.580369162343737e-08,3.303940622972829,42617586727223.58,3.179910149238198e-06,0.0003374228273670041,3.179910149238198e-06,0.0003374228273670041,0.0022722528812658734,0.0003406027375162423,False,False,1.0,1.3950270284875739,1.4488315952841097e-08,0.19477277564557124,0.7115353288187019,1.0,1.3070508744686629,3.5110094419863743e-07,0.16007172224385136,0.7619431720031505,0.18032159036231613,0.15948165296319738,0.005863314463471131,0.004056319776454452,True,AP3.8,119.0,8.3,6.863735268152632e+19,$(U_{0.8}Pu_{0.2})N$,0.5863314463471131,0.36308698214256924,64.11232417498947,25.278180722561753,10.246408120306224,0.0,5.2616165125913126e+17,1.0653632835074878e-07,ok,
50,TRIAL_050,AP3.8,1050.0,1.1,6.863735268152632e+19,1.9722002640473183e-05,129673.38547300897,43235270510889.76,7.789406175697652,5.100291528069869,2365717640302.848,1.0,40,TRIAL_050_AP3p8,rizk2025_refit_plot,rizk2025_refit_full,43235270510889.76,3.274606561042966e+23,5.782994254406525e+25,2.296999806578466e+25,7.815876908655121e+22,5.497068518840759e+18,2.622461159467482,59.71036070889705,0.5904641227136526,0.49019496246761374,1.0806590851812663,0.07906701795693907,1.1597261031382053,2104123022918.8337,5.260307557297084e+17,106.65680902000604,0.05524962871813571,24748771070.276905,20814423.57405973,1189.0202475326012,847591998.771266,846533033.2864852,112897719.89724521,37179477.290767945,1.0012509440779525,3.0365601703948353,0.36237257430665587,63.995428950171096,25.4189233904979,10.223275085024369,10.223275085024369,0.0,9.238338120047125e+24,9.238338120047125e+24,0.0,9.036573938600132e+25,9.036573938600133e+25,1.0123617545788526,1.908041600562173e+16,0.0013534378895932492,2.393218160671134e-07,9.028505485589911e-07,9.028505485589911e-07,0.005332070274391222,0.005332070274391222,8.835211421192854e+19,9.483186615255903e-06,5485699.832500776,1.0999999999999999,43235270510889.76,0.0,7.554675305336325e-26,8.917388618815828e-22,2.622461159467482e-09,5.971036070889705e-08,3.3856212645637665e+25,1.0095974593161942e+26,8.11274012659542e+25,0.005904641227136526,0.49019496246761374,0.07906701795693907,0.010806590851812663,0.011597261031382054,17562353.5685318,352128.79382245836,1.503087359355206e-21,1.0665680902000604e-07,2.625779392000263e-14,0.7524333276700613,0.0,8.162871738158613e-19,8.68048799131575e-24,6.76158467676242e-23,1.5366002896313798e-23,1.6472964643566316e+19,43235270510889.76,0.002269344013456593,0.00034049465470622944,1.2603057556224988e-05,4.846502781487376e-06,1.2603057556224988e-05,4.846502781487376e-06,5.096410685340341e-29,8.640198422599938e+18,9.08123999682929e+18,0.08752358225606686,4.045112183045588e-21,-33366.76718240964,5.762103484051863e+21,0.0,0.0,0.0,0.0,0.0,0.3333333333333333,0.3333333333333333,2.0,2.558981501392922e-27,2.652535369540001e-21,0.0,8.162871712568798e-19,,0.0,0.0,0.0,0.0,0.0,2.558981501392922e-27,8.162871712568798e-19,0.0032495124934283997,4.163302557085134e-18,1.5366002896313797e-29,8.680472625312854e-24,,,1.5366002896313797e-29,8.680472625312854e-24,,8.580369162343737e-08,3.303940622972829,42578841688276.35,3.378588452967944e-06,0.0003371160662532615,3.378588452967944e-06,0.0003371160662532615,0.002269344013456593,0.00034049465470622944,False,False,1.0,1.396091134523776,1.4512418088678053e-08,0.19517117286428992,0.7109604500486135,1.0,1.3324395040570334,3.5150076176657726e-07,0.17046044083845657,0.7467858529629406,0.18074425616839848,0.16987244901305215,0.005904641227136526,0.004901949624676137,True,AP3.8,119.0,8.3,6.863735268152632e+19,$(U_{0.8}Pu_{0.2})N$,0.5904641227136526,0.36237257430665587,63.995428950171096,25.4189233904979,10.223275085024369,0.0,5.260307557297084e+17,1.0665680902000604e-07,ok,
50,TRIAL_050,AP3.8,1100.0,1.1,6.863735268152632e+19,1.9722002640473183e-05,129673.38547300897,43235270510889.76,7.789406175697652,5.100291528069869,2365717640302.848,1.0,40,TRIAL_050_AP3p8,rizk2025_refit_plot,rizk2025_refit_full,43235270510889.76,3.268405083356569e+23,5.773433140002313e+25,2.308644256672159e+25,7.777925349430224e+22,5.475070533504158e+18,2.632929185173954,63.57323602286555,0.594661628069326,0.5892522960415337,1.1839139241108596,0.08056033568573678,1.2644742597965966,2101123065853.0532,5.2528076646326336e+17,107.37514618505901,0.05591651416671254,6345401702.788764,20675175.577166364,306.9092051530927,843746063.6039773,843167378.9408536,89211544.45901303,34920355.46533335,1.0006863224047526,2.554714672007747,0.36168631005113894,63.889624311497464,25.547782515347787,10.20090686310362,10.20090686310362,0.0,9.21812491092094e+24,9.21812491092094e+24,0.0,9.036573938600132e+25,9.036573938600132e+25,1.0148863283050975,1.9008219095089276e+16,0.0013490912614257916,2.371621086353177e-07,1.154065551279146e-06,1.154065551279146e-06,0.006402082917969541,0.006402082917969541,1.1066167698063365e+20,1.0791264403640841e-05,5485699.832500776,1.0999999999999999,43235270510889.76,0.0,7.64550444178393e-26,1.0762460363490517e-21,2.632929185173954e-09,6.357323602286555e-08,3.557117641345526e+25,1.345277275448926e+26,8.114761447508038e+25,0.00594661628069326,0.5892522960415337,0.08056033568573678,0.011839139241108597,0.012644742597965965,17548948.10443365,1437698.4888438475,1.5336623921746226e-21,1.0737514618505901e-07,2.6612679226388155e-14,0.7470826095646141,0.0,8.162872030182321e-19,1.792226870002319e-23,1.3960383049447335e-22,2.556484784617257e-22,1.6472964643566316e+19,43235270510889.76,0.002266668726744908,0.000340384002905746,1.2584307229233551e-05,4.811440880340157e-06,1.2584307229233551e-05,4.811440880340157e-06,6.546029944782144e-29,9.110144909745644e+18,1.1765849457438863e+19,0.35805980658908415,4.112224371690168e-21,-33795.7900012751,5.75238351796628e+21,0.0,0.0,0.0,0.0,0.0,0.3333333333333333,0.3333333333333333,2.0,3.1761352235744896e-26,7.564160303615265e-21,0.0,8.162871712568798e-19,,0.0,0.0,0.0,0.0,0.0,3.1761352235744896e-26,8.162871712568798e-19,0.009266542799699283,4.163302706025738e-18,2.556484784617257e-28,1.7922013051544728e-23,,,2.556484784617257e-28,1.7922013051544728e-23,,8.580369162343737e-08,3.303940622972829,42539173850498.35,3.5819929270857316e-06,0.0003368020099786603,3.5819929270857316e-06,0.0003368020099786603,0.002266668726744908,0.000340384002905746,False,False,1.0,1.3971704971598886,1.4535987339601491e-08,0.19557479422433244,0.7103781277226314,1.0,1.3595419771812145,3.519707821981761e-07,0.18120647318381025,0.7311653187050121,0.18117153828904123,0.18062052258655098,0.00594661628069326,0.005892522960415337,True,AP3.8,119.0,8.3,6.863735268152632e+19,$(U_{0.8}Pu_{0.2})N$,0.594661628069326,0.36168631005113894,63.889624311497464,25.547782515347787,10.20090686310362,0.0,5.2528076646326336e+17,1.0737514618505901e-07,ok,
50,TRIAL_050,AP3.8,1150.0,1.1,6.863735268152632e+19,1.9722002640473183e-05,129673.38547300897,43235270510889.76,7.789406175697652,5.100291528069869,2365717640302.848,1.0,40,TRIAL_050_AP3p8,rizk2025_refit_plot,rizk2025_refit_full,43235270510889.76,3.262397717996849e+23,5.765171628335484e+25,2.3188982495480767e+25,7.741350134542927e+22,5.450192974252853e+18,2.643454480335938,67.47875072238249,0.5989917337333506,0.701457866063406,1.3004495997967567,0.0861724510731882,1.3866220508699447,2090288629693.6777,5.225721574234194e+17,110.00216644563164,0.05838345583844511,1829639715.976749,20181420.70953876,90.65960926685248,840151442.885518,839810186.4488606,73001113.77325955,32899245.706747103,1.0004063494848763,2.218929711154083,0.3610215265390981,63.798201259763886,25.66125464478079,10.179522568916223,10.179522568916223,0.0,9.19880083536602e+24,9.19880083536602e+24,0.0,9.036573938600132e+25,9.036573938600132e+25,1.0177569897572654,1.893841905864894e+16,0.001344666041593516,2.350407970353722e-07,1.4271411879703115e-06,1.4271411879703115e-06,0.0076152443348281125,0.0076152443348281125,1.3537518441935425e+20,1.2258606881927208e-05,5485699.832500776,1.0999999999999999,43235270510889.76,0.0,7.737561579349968e-26,1.2870330819058132e-21,2.643454480335938e-09,6.747875072238249e-08,3.7293716552916295e+25,1.726367331440732e+26,8.11669385506353e+25,0.005989917337333506,0.701457866063406,0.0861724510731882,0.013004495997967566,0.013866220508699447,17602929.48005762,5228780.041171224,1.6490057851162189e-21,1.1000216644563164e-07,2.7930810611069028e-14,0.7278926587194628,0.0,8.162874879327773e-19,3.4427700444941665e-23,2.681713424608974e-22,3.330768464716398e-21,1.6472964643566316e+19,43235270510889.76,0.002264360868103108,0.0003402741841093673,1.256552940886994e-05,4.779981100815851e-06,1.256552940886994e-05,4.779981100815851e-06,8.130230269711522e-29,9.58292300353824e+18,1.4677444007366392e+19,1.3102529320364498,4.3555653878488036e-21,-35319.62213909735,5.742987408581073e+21,0.0,0.0,0.0,0.0,0.0,0.3333333333333333,0.3333333333333333,2.0,3.1667589742037936e-25,1.3094981712716537e-20,0.0,8.162871712568798e-19,,0.0,0.0,0.0,0.0,0.0,3.1667589742037936e-25,8.162871712568798e-19,0.01604211984907324,4.1633041591729796e-18,3.330768464716398e-27,3.4424369676476946e-23,,,3.330768464716398e-27,3.4424369676476946e-23,,8.580369162343737e-08,3.303940622972829,42499768734688.81,3.7840449285406476e-06,0.00033649013918082664,3.7840449285406476e-06,0.00033649013918082664,0.002264360868103108,0.0003402741841093673,False,False,1.0,1.3982837977558658,1.4558847269437972e-08,0.19599059288436088,0.7097783366238438,1.0,1.3876822119081604,3.525053773841159e-07,0.19200979444046098,0.7155247939603169,0.18161021658179344,0.1914258260698865,0.005989917337333506,0.00701457866063406,True,AP3.8,119.0,8.3,6.863735268152632e+19,$(U_{0.8}Pu_{0.2})N$,0.5989917337333506,0.3610215265390981,63.798201259763886,25.66125464478079,10.179522568916223,0.0,5.225721574234194e+17,1.1000216644563164e-07,ok,
50,TRIAL_050,AP3.8,1200.0,1.1,6.863735268152632e+19,1.9722002640473183e-05,129673.38547300897,43235270510889.76,7.789406175697652,5.100291528069869,2365717640302.848,1.0,40,TRIAL_050_AP3p8,rizk2025_refit_plot,rizk2025_refit_full,43235270510889.76,3.256535552549861e+23,5.758264897717481e+25,2.327699843721753e+25,7.706230192055994e+22,5.422800004546187e+18,2.654057103588402,71.35454776750693,0.6034779065670361,0.8252341107081735,1.4287120172752097,0.10417193796271118,1.5328839552379208,2057629927676.726,5.1440748191918144e+17,117.79901735960165,0.06590701865314003,581904993.2823035,18845658.05182458,30.87740378617159,836670778.8047178,836455250.7172744,61469700.423228405,31112242.589405525,1.0002576684015774,1.9757399437403569,0.36037281105391317,63.721770405936624,25.758654325605402,10.15920245740406,10.15920245740406,0.0,9.180438416353994e+24,9.180438416353994e+24,0.0,9.036573938600132e+25,9.036573938600132e+25,1.0209372875930334,1.887047686539224e+16,0.0013401657689256921,2.329754235417382e-07,1.7158004081740078e-06,1.7158004081740078e-06,0.008955972888379666,0.008955972888379666,1.6206540649488007e+20,1.388163108049095e-05,5485699.832500776,1.0999999999999999,43235270510889.76,0.0,7.831039192018095e-26,1.5217859961944774e-21,2.6540571035884023e-09,7.135454776750693e-08,3.903026022620212e+25,2.1474857423383996e+26,8.118530096964732e+25,0.006034779065670362,0.8252341107081735,0.10417193796271118,0.014287120172752098,0.015328839552379209,17846626.92327701,17392758.60439028,2.0250859799717616e-21,1.1779901735960165e-07,3.2030550181370935e-14,0.6745762541486474,0.0,8.162897780388003e-19,6.217615733574239e-23,4.843153439321806e-22,3.503783313863259e-20,1.6472964643566316e+19,43235270510889.76,0.002262468178848681,0.0003401681773042395,1.2546689366669326e-05,4.752092897995033e-06,1.2546689366669326e-05,4.752092897995033e-06,9.812532083935445e-29,1.0058224016088957e+19,1.7739871472168126e+19,4.434989738263154,5.121797627575808e-21,-39875.222066740236,5.733853307611264e+21,0.0,0.0,0.0,0.0,0.0,0.3333333333333333,0.3333333333333333,2.0,2.6067819204802983e-24,1.5382006404450104e-20,0.0,8.162871712568798e-19,,0.0,0.0,0.0,0.0,0.0,2.6067819204802983e-24,8.162871712568798e-19,0.018843806229457596,4.163315839381327e-18,3.503783313863259e-26,6.214111950260375e-23,,,3.503783313863259e-26,6.214111950260375e-23,,8.580369162343737e-08,3.303940622972829,42461432937281.93,3.980617017701213e-06,0.0003361875602865383,3.980617017701213e-06,0.0003361875602865383,0.002262468178848681,0.0003401681773042395,False,False,1.0,1.3994371962308105,1.4580933354750205e-08,0.19642081861653074,0.7091578414283864,1.0,1.416341953870467,3.53097808475965e-07,0.2026631677780396,0.7001671755826162,0.18206248172383674,0.20208111230556788,0.006034779065670362,0.008252341107081736,True,AP3.8,119.0,8.3,6.863735268152632e+19,$(U_{0.8}Pu_{0.2})N$,0.6034779065670361,0.36037281105391317,63.721770405936624,25.758654325605402,10.15920245740406,0.0,5.1440748191918144e+17,1.1779901735960166e-07,ok,
50,TRIAL_050,AP3.8,1250.0,1.1,6.863735268152632e+19,1.9722002640473183e-05,129673.38547300897,43235270510889.76,7.789406175697652,5.100291528069869,2365717640302.848,1.0,40,TRIAL_050_AP3p8,rizk2025_refit_plot,rizk2025_refit_full,43235270510889.76,3.250750810105249e+23,5.752616450864552e+25,2.335147545701899e+25,7.672449652642267e+22,5.393212269111295e+18,2.6647445343918283,75.16062600650302,0.6081201540661031,0.9591958455177404,1.5673159995838435,0.15669083232039877,1.724006831904242,1974890891235.0195,4.937227228087549e+17,136.82979283571004,0.08534645930657934,200667791.61021325,16224536.732767902,12.36816772739861,833245253.0019537,833100498.5086378,52977256.628937885,29536741.74837131,1.0001737539391407,1.7936053028550147,0.35973266330722103,63.65926389748213,25.841071644721584,10.139931794489073,10.139931794489073,0.0,9.163024339326283e+24,9.163024339326283e+24,0.0,9.036573938600132e+25,9.036573938600132e+25,1.0243954741589083,1.8803857357506252e+16,0.0013355955932796255,2.3096549420853128e-07,2.0143141979823482e-06,2.0143141979823482e-06,0.010410882176658313,0.010410882176658313,1.903576759055068e+20,1.56576886409702e-05,5485699.832500776,1.0999999999999999,43235270510889.76,0.0,7.926023390152537e-26,1.7785241849488685e-21,2.6647445343918284e-09,7.516062600650303e-08,4.078361759039541e+25,2.6038624378809887e+26,8.120271504667503e+25,0.006081201540661031,0.9591958455177404,0.15669083232039877,0.015673159995838435,0.01724006831904242,18559049.272025526,54635035.39765103,3.1736605402521337e-21,1.3682979283571005e-07,4.3215784570866596e-14,0.5640436122779323,0.0,8.1630529947906185e-19,1.066087053798265e-22,8.304185080687519e-22,3.0533079764031823e-19,1.6472964643566316e+19,43235270510889.76,0.0022609974018508346,0.00034007187757880206,1.252777519814008e-05,4.72744891122011e-06,1.252777519814008e-05,4.72744891122011e-06,1.1559251820876147e-28,1.0536173588243261e+19,2.0883872837487927e+19,14.534112832138158,7.31218282423522e-21,-51224.70787889835,5.72494381456754e+21,0.0,0.0,0.0,0.0,0.0,0.3333333333333333,0.3333333333333333,2.0,1.8128222181985484e-23,1.3360203119369858e-20,0.0,8.162871712568798e-19,,0.0,0.0,0.0,0.0,0.0,1.8128222181985484e-23,8.162871712568798e-19,0.016366674487959202,4.163395003251597e-18,3.0533079764031822e-25,1.0630337458218618e-22,,,3.0533079764031822e-25,1.0630337458218618e-22,,8.580369162343737e-08,3.303940622972829,42424603367405.76,4.169527753286729e-06,0.00033590234982551535,4.169527753286729e-06,0.00033590234982551535,0.0022609974018508346,0.00034007187757880206,False,False,1.0,1.400630119718747,1.4602303856089243e-08,0.19686520131453134,0.7085170427931393,1.0,1.4451949142404523,3.5374221150634265e-07,0.2130525670987898,0.6852565261098197,0.18252812767849108,0.21247235408874426,0.006081201540661031,0.009591958455177404,True,AP3.8,119.0,8.3,6.863735268152632e+19,$(U_{0.8}Pu_{0.2})N$,0.6081201540661031,0.35973266330722103,63.65926389748213,25.841071644721584,10.139931794489073,0.0,4.937227228087549e+17,1.3682979283571005e-07,ok,
50,TRIAL_050,AP3.8,1300.0,1.1,6.863735268152632e+19,1.9722002640473183e-05,129673.38547300897,43235270510889.76,7.789406175697652,5.100291528069869,2365717640302.848,1.0,40,TRIAL_050_AP3p8,rizk2025_refit_plot,rizk2025_refit_full,43235270510889.76,3.244831758983292e+23,5.747959333921643e+25,2.341513556199126e+25,7.639465406417776e+22,5.36142885638952e+18,2.6755446315808546,78.90834180811437,0.6128979628483262,1.103412522043254,1.7163104848915804,0.29752977159321714,2.013840256484798,1805181431727.1677,4.512953579317919e+17,174.58906249057253,0.12700943572001652,74694087.3572689,12715573.17698453,5.874221029411938,829839994.0044934,829737606.9889388,46469767.93045262,28133907.634233307,1.000123396860275,1.6517352845044626,0.3590776527731209,63.60772758544006,25.911518813532254,10.121675948254584,10.121675948254584,0.0,9.146527308895314e+24,9.146527308895314e+24,0.0,9.036573938600132e+25,9.036573938600133e+25,1.0281373124151278,1.8737523799047156e+16,0.0013309254726352243,2.2898033498251856e-07,2.319780082354412e-06,2.319780082354412e-06,0.011982452728589107,0.011982452728589107,2.2016907332128512e+20,1.760136964164698e-05,5485699.832500776,1.0999999999999999,43235270510889.76,0.0,8.022786022873299e-26,2.0580568195514792e-21,2.675544631580855e-09,7.890834180811438e-08,4.255453405860201e+25,3.0956559500079114e+26,8.121921207710602e+25,0.006128979628483262,1.103412522043254,0.29752977159321714,0.017163104848915804,0.020138402564847977,20267275.406536993,166700022.45236388,6.5927948595958165e-21,1.7458906249057254e-07,7.035826620402139e-14,0.40472353566725117,0.0,8.163957681071563e-19,1.7578350904993307e-22,1.3692491509793528e-21,2.2525702314749626e-18,1.6472964643566316e+19,43235270510889.76,0.0022599839732245636,0.0003400107497105462,1.250873938561672e-05,4.705461104733814e-06,1.250873938561672e-05,4.705461104733814e-06,1.3353163021662244e-28,1.1017351094652991e+19,2.407112812548337e+19,48.274130972794744,1.3175618072347577e-20,-73464.19231584013,5.716300019831518e+21,0.0,0.0,0.0,0.0,0.0,0.3333333333333333,0.3333333333333333,2.0,1.085968502764781e-22,9.173994716924637e-21,0.0,8.162871712568798e-19,,0.0,0.0,0.0,0.0,0.0,1.085968502764781e-22,8.162871712568798e-19,0.011237190435461078,4.163856419629023e-18,2.2525702314749626e-24,1.7353093881845811e-22,,,2.2525702314749626e-24,1.7353093881845811e-22,,8.580369162343737e-08,3.303940622972829,42389196206256.12,4.351544753412663e-06,0.00033565920495713355,4.351544753412663e-06,0.00033565920495713355,0.0022599839732245636,0.0003400107497105462,False,False,1.0,1.4018557681888932,1.4623291757326842e-08,0.19732115534160913,0.7078596795587198,1.0,1.4742874455890493,3.5443971479118855e-07,0.2232061783289867,0.6707509097935144,0.18300490325464222,0.22262775288785608,0.006128979628483262,0.01103412522043254,True,AP3.8,119.0,8.3,6.863735268152632e+19,$(U_{0.8}Pu_{0.2})N$,0.6128979628483262,0.3590776527731209,63.60772758544006,25.911518813532254,10.121675948254584,0.0,4.512953579317919e+17,1.7458906249057254e-07,ok,
50,TRIAL_050,AP3.8,1350.0,1.1,6.863735268152632e+19,1.9722002640473183e-05,129673.38547300897,43235270510889.76,7.789406175697652,5.100291528069869,2365717640302.848,1.0,40,TRIAL_050_AP3p8,rizk2025_refit_plot,rizk2025_refit_full,43235270510889.76,3.237873303820169e+23,5.743589246983267e+25,2.3474943170380677e+25,7.605179384128213e+22,5.326224790252867e+18,2.686608237588522,82.73567457086529,0.6177476438914231,1.263532850303395,1.8812804941948182,0.6357646502016826,2.5170451443965005,1533417907368.9414,3.833544768422353e+17,237.44286534507208,0.1995537266895901,30492278.438290644,9349617.630218994,3.2613396231024723,826395524.8815281,826320700.1824183,41122704.92630099,26832439.712551225,1.000090551645497,1.5325742037189896,0.35830762032383173,63.559367587856144,25.977702755362188,10.104622036457828,10.104622036457828,0.0,9.131116415405941e+24,9.131116415405941e+24,0.0,9.036573938600132e+25,9.036573938600132e+25,1.0323149349501506,1.8667790032788044e+16,0.0013259541622838052,2.2689747104869747e-07,2.637879216729565e-06,2.637879216729565e-06,0.013734486315879096,0.013734486315879096,2.5243157575309964e+20,1.9803679299242636e-05,5485699.832500776,1.0999999999999999,43235270510889.76,0.0,8.122722853594281e-26,2.372286000049592e-21,2.686608237588522e-09,8.27356745708653e-08,4.434170085754885e+25,3.6419988706350514e+26,8.123462297059537e+25,0.006177476438914232,1.263532850303395,0.6357646502016826,0.01881280494194818,0.025170451443965007,23818989.908819392,498368281.8410802,1.658425005072586e-20,2.3744286534507207e-07,1.3013655685812812e-13,0.2454341903276771,0.0,8.168569279875949e-19,2.862168056389775e-22,2.2294589534327057e-21,1.4331663655150738e-17,1.6472964643566316e+19,43235270510889.76,0.002259741612334667,0.00034010447159429853,1.2489319811860686e-05,4.685024365627425e-06,1.2489319811860686e-05,4.685024365627425e-06,1.5228081406826597e-28,1.1503092962174917e+19,2.7351318194248778e+19,166.30755298833026,2.843416992613601e-20,-105683.24403640517,5.708291894050738e+21,0.0,0.0,0.0,0.0,0.0,0.3333333333333333,0.3333333333333333,2.0,5.697567307150379e-22,5.248217173930294e-21,0.0,8.162871712568798e-19,,0.0,0.0,0.0,0.0,0.0,5.697567307150379e-22,8.162871712568798e-19,0.006424891549686404,4.166208469460309e-18,1.433166365515074e-23,2.7188514198382675e-22,,,1.433166365515074e-23,2.7188514198382675e-22,,8.580369162343737e-08,3.303940622972829,42353982271283.98,4.534661183138951e-06,0.0003355698104111596,4.534661183138951e-06,0.0003355698104111596,0.002259741612334667,0.00034010447159429853,False,False,1.0,1.4030932530304625,1.4645236317115832e-08,0.19778087748217701,0.7071970083130502,1.0,1.5046901812428,3.552187598519904e-07,0.23349058825166777,0.6561288206164803,0.18348632366365056,0.23291395634853912,0.006177476438914232,0.012635328503033949,True,AP3.8,119.0,8.3,6.863735268152632e+19,$(U_{0.8}Pu_{0.2})N$,0.6177476438914231,0.35830762032383173,63.559367587856144,25.977702755362188,10.104622036457828,0.0,3.833544768422353e+17,2.374428653450721e-07,ok,
50,TRIAL_050,AP3.8,1400.0,1.1,6.863735268152632e+19,1.9722002640473183e-05,129673.38547300897,43235270510889.76,7.789406175697652,5.100291528069869,2365717640302.848,1.0,40,TRIAL_050_AP3p8,rizk2025_refit_plot,rizk2025_refit_full,43235270510889.76,3.226127544176589e+23,5.73750111070516e+25,2.3549977410430194e+25,7.561822607471086e+22,5.282803213258159e+18,2.6986006261965074,87.0877389245606,0.6224879441094635,1.461585035127156,2.0840729792366197,1.336276418955018,3.4203493981916377,1199098309718.315,2.9977457742957875e+17,330.1371114588084,0.3016647381154227,14001363.34984344,6724478.778499859,2.082148492253396,822703002.1889211,822648589.9578767,36086558.43047029,25491533.33654771,1.0000661427390851,1.4156291798552691,0.3570078180178486,63.491995414292646,26.06073670225328,10.090260065436215,10.090260065436215,0.0,9.118138114101856e+24,9.118138114101856e+24,0.0,9.036573938600132e+25,9.036573938600132e+25,1.0375162068575403,1.85799235761504e+16,0.0013197862044983005,2.2433088503124607e-07,2.9914882661491007e-06,2.9914882661491007e-06,0.01591283667286531,0.01591283667286531,2.9069546778200143e+20,2.260160447429652e-05,5485699.832500776,1.0999999999999999,43235270510889.76,0.0,8.23198290177351e-26,2.766684610660949e-21,2.6986006261965076e-09,8.70877389245606e-08,4.614141390185352e+25,4.3177374183498645e+26,8.124760127189946e+25,0.006224879441094636,1.461585035127156,1.336276418955018,0.020840729792366196,0.034203493981916376,30416649.0443768,1437315928.6333723,4.457604211847911e-20,3.3013711145880844e-07,2.515763183639947e-13,0.12813384303901348,0.0,8.189426464829586e-19,4.907545740295142e-22,3.822686709697368e-21,7.989389038480301e-17,1.6472964643566316e+19,43235270510889.76,0.002261920104506116,0.0003408642414697016,1.2468361804675687e-05,4.663930187335371e-06,1.2468361804675687e-05,4.663930187335371e-06,1.732189582545252e-28,1.199724719157522e+19,3.0937569907526013e+19,588.8646756020883,6.797020452934972e-20,-139530.41889716985,5.702604552405244e+21,0.0,0.0,0.0,0.0,0.0,0.3333333333333333,0.3333333333333333,2.0,2.6554752260788454e-21,2.6068146230906868e-21,0.0,8.162871712568798e-19,,0.0,0.0,0.0,0.0,0.0,2.6554752260788454e-21,8.162871712568798e-19,0.00318314674939197,4.176846241832152e-18,7.989389038480301e-23,4.108606836447112e-22,,,7.989389038480301e-23,4.108606836447112e-22,,8.580369162343737e-08,3.303940622972829,42315185061725.664,4.745779612374233e-06,0.0003361184618573274,4.745779612374233e-06,0.0003361184618573274,0.002261920104506116,0.0003408642414697016,False,False,1.0,1.4042809833348808,1.467317640598976e-08,0.19822151723582696,0.7065619612680206,1.0,1.5401003100785047,3.561891817810936e-07,0.24507232657386363,0.6397510866657294,0.18395445707559374,0.24449765375261198,0.006224879441094636,0.01461585035127156,True,AP3.8,119.0,8.3,6.863735268152632e+19,$(U_{0.8}Pu_{0.2})N$,0.6224879441094635,0.3570078180178486,63.491995414292646,26.06073670225328,10.090260065436215,0.0,2.9977457742957875e+17,3.3013711145880844e-07,ok,
50,TRIAL_050,AP3.8,1450.0,1.1,6.863735268152632e+19,1.9722002640473183e-05,129673.38547300897,43235270510889.76,7.789406175697652,5.100291528069869,2365717640302.848,1.0,40,TRIAL_050_AP3p8,rizk2025_refit_plot,rizk2025_refit_full,43235270510889.76,3.195635602346478e+23,5.7244634362853485e+25,2.3687372916488816e+25,7.483370236056583e+22,5.220324360189256e+18,2.714059893385858,92.8015970155316,0.6266775309074322,1.7476418970601741,2.374319427967606,2.5479516713316075,4.922271099299214,880486397673.4019,2.2012159941835046e+17,453.77094816026937,0.4184822954726067,7385616.965625329,4892336.120239916,1.5096299158740434,818000755.6551329,817962789.0342885,30667236.568369854,23922002.114127986,1.000046416073388,1.28196780612515,0.35363353678723053,63.34771867281521,26.21278050446435,10.085867285933213,10.085867285933213,0.0,9.114168546424372e+24,9.114168546424372e+24,0.0,9.036573938600132e+25,9.036573938600133e+25,1.0450957737230215,1.8419026749327164e+16,0.0013090548986898095,2.2039215352812322e-07,3.3922203554423013e-06,3.3922203554423013e-06,0.019082925117633633,0.019082925117633633,3.40984011839286e+20,2.6839516827679823e-05,5485699.832500776,1.0999999999999999,43235270510889.76,0.0,8.374268693642299e-26,3.3477649595643437e-21,2.714059893385858e-09,9.28015970155316e-08,4.795481780817928e+25,5.292896703949255e+26,8.125157083957696e+25,0.006266775309074322,1.7476418970601741,2.5479516713316075,0.023743194279676062,0.049222710992992136,41405153.19944822,3841658710.3740196,1.1575200607592882e-19,4.5377094816026934e-07,4.752853611122269e-13,0.06026078490281683,0.0,8.274171632376133e-19,9.969293275342691e-22,7.765487460629542e-21,3.956100289530877e-16,1.6472964643566316e+19,43235270510889.76,0.0022736339295495894,0.0003442535393891894,1.2441485193180919e-05,4.639189936342402e-06,1.2441485193180919e-05,4.639189936342402e-06,1.971413778722426e-28,1.251128781728472e+19,3.487370346295398e+19,2046.7779798062652,1.6763241122924352e-19,-167081.89485428706,5.705630466421301e+21,0.0,0.0,0.0,0.0,0.0,0.3333333333333333,0.3333333333333333,2.0,1.1129991980733449e-20,1.1616069964338774e-21,0.0,8.162871712568798e-19,,0.0,0.0,0.0,0.0,0.0,1.1129991980733449e-20,8.162871712568798e-19,0.001403895215188198,4.220068747840403e-18,3.9561002895308766e-22,6.013192985811814e-22,,,3.9561002895308766e-22,6.013192985811814e-22,,8.580369162343737e-08,3.303940622972829,42266409125851.72,5.048330186367154e-06,0.00033920520920282225,5.048330186367154e-06,0.00033920520920282225,0.0022736339295495894,0.0003442535393891894,False,False,1.0,1.4052575867396644,1.4724280476727416e-08,0.19858339205469897,0.7060405160532458,1.0,1.5879206581085803,3.5760437884556575e-07,0.2600804023504954,0.6186755517940269,0.18436622975128664,0.25950803900238084,0.006266775309074322,0.017476418970601742,True,AP3.8,119.0,8.3,6.863735268152632e+19,$(U_{0.8}Pu_{0.2})N$,0.6266775309074322,0.35363353678723053,63.34771867281521,26.21278050446435,10.085867285933213,0.0,2.2012159941835046e+17,4.537709481602694e-07,ok,
50,TRIAL_050,AP3.8,1500.0,1.1,6.863735268152632e+19,1.9722002640473183e-05,129673.38547300897,43235270510889.76,7.789406175697652,5.100291528069869,2365717640302.848,1.0,40,TRIAL_050_AP3p8,rizk2025_refit_plot,rizk2025_refit_full,43235270510889.76,3.101515254462069e+23,5.6917802836282565e+25,2.3993915664127944e+25,7.292274946898896e+22,5.130012922721673e+18,2.741463503589814,100.22523940081352,0.629359873672331,2.1634077208328275,2.7927675945051584,3.9589019607124696,6.751669555217628,622062863203.5092,1.5551571580087728e+17,590.1023350394835,0.5,4378784.876883041,3762059.3381510023,1.1639329641820988,809813382.3489035,809786450.592181,25359424.41364413,22150109.226698246,1.0000332578505147,1.1448893616776208,0.3432180465224555,62.986042302111436,26.552005026636095,10.11873462473001,9.09942914669339,1.0193054780366195,9.143869360144599e+24,8.222766428314792e+24,9.211029318298065e+23,9.036573938600132e+25,8.944463645417151e+25,1.0562558556371775,1.800572795057271e+16,0.0012829191529001517,2.138123877413526e-07,3.645052767148875e-06,3.645052767148875e-06,0.023745442594135125,0.023745442594135125,3.9696522914882506e+20,3.3618751418603943e-05,5485699.832500776,1.0999999999999999,43235270510889.76,0.0,8.630501157117942e-26,4.2171584232287956e-21,2.741463503589814e-09,1.0022523940081352e-07,4.982388619431297e+25,6.707121245588418e+26,8.122187002585672e+25,0.00629359873672331,2.1634077208328275,3.9589019607124696,0.027927675945051585,0.06751669555217628,52874183.07512563,8559817043.537822,2.5456603792901917e-19,5.901023350394835e-07,8.037772861493325e-13,0.03407359027997264,1.0,8.586863335070055e-19,2.616148172893133e-21,2.0378240734473898e-20,1.7607759639859707e-15,1.6472964643566316e+19,43235270510889.76,0.0023208443576211634,0.000357088847005688,1.2394227338286307e-05,4.611195040390882e-06,1.2394227338286307e-05,4.611195040390882e-06,2.1272070199879907e-28,1.3077749989177104e+19,3.702791066436684e+19,3857.4158948522736,2.395406712564891e-19,-185546.72333003377,5.73845913263142e+21,7.112296960010693e+21,0.0,0.0,0.0,0.0,0.3333333333333333,0.3333333333333333,2.0,4.239916225012569e-20,4.766040325715508e-22,0.0,8.162871712568798e-19,,0.0,0.0,0.0,0.0,0.0,4.239916225012569e-20,8.162871712568798e-19,0.0005550385676048057,4.379550632055158e-18,1.7607759639859707e-21,8.553722089071623e-22,,,1.7607759639859707e-21,8.553722089071623e-22,,8.580369162343737e-08,3.303940622972829,42206998303570.88,5.559446846775927e-06,0.0003515294001589121,5.559446846775927e-06,0.0003515294001589121,0.0023208443576211634,0.000357088847005688,False,False,1.0,1.405635393041498,1.4851806014106047e-08,0.19872328009800275,0.705838964622453,1.0,1.6522367466681351,3.5969056138699155e-07,0.27921185893291967,0.5920657868562119,0.18462890047316866,0.2786417089818959,0.00629359873672331,0.021634077208328276,True,AP3.8,119.0,8.3,6.863735268152632e+19,$(U_{0.8}Pu_{0.2})N$,0.629359873672331,0.3432180465224555,62.986042302111436,26.552005026636095,9.09942914669339,1.0193054780366195,1.5551571580087728e+17,5.901023350394836e-07,ok,
50,TRIAL_050,AP3.8,1550.0,1.1,6.863735268152632e+19,1.9722002640473183e-05,129673.38547300897,43235270510889.76,7.789406175697652,5.100291528069869,2365717640302.848,1.0,40,TRIAL_050_AP3p8,rizk2025_refit_plot,rizk2025_refit_full,43235270510889.76,2.8337458337301064e+23,5.60565712341652e+25,2.4749695722833986e+25,6.7951120080184264e+22,5.021478118865117e+18,2.804789425869499,108.23055914505109,0.6280381324914859,2.666673776981545,3.294711909473031,4.32713152355799,7.621843433031023,520695203568.5926,1.3017380089214814e+17,644.9895555420607,0.5,3619418.4038623115,3441916.199920901,1.0515707511837418,791525147.1353375,791503269.202389,21562702.72780768,20511766.89408715,1.0000276409887359,1.051235753562677,0.31358630527280185,62.03299128081831,27.388361884712243,10.26506052919665,7.984009911079986,2.281050618116663,9.276097845629131e+24,7.214809588799055e+24,2.061288256830076e+24,9.036573938600132e+25,8.830445112917126e+25,1.069997102213533,1.6882319202771794e+16,0.0012137385053108292,2.0289722723890646e-07,3.272064904423723e-06,3.272064904423723e-06,0.029488467499661594,0.029488467499661594,4.1924996699159095e+20,4.308177890724736e-05,5485699.832500776,1.0999999999999999,43235270510889.76,0.0,9.24249860414932e-26,5.310535491458496e-21,2.804789425869499e-09,1.082305591450511e-07,5.187721740731825e+25,8.407783668668044e+26,8.10896415403722e+25,0.006280381324914859,2.666673776981545,4.32713152355799,0.03294711909473031,0.07621843433031023,55424436.70963164,11217016482.183962,3.324118596754438e-19,6.449895555420606e-07,9.602546683227391e-13,0.03407359027997264,1.0,9.64451857158908e-19,8.303373578131135e-21,6.467834942861936e-20,7.11715258415843e-15,1.6472964643566316e+19,43235270510889.76,0.0024810844363942226,0.0004008784274381849,1.2286873578313429e-05,4.585248160574337e-06,1.2286873578313429e-05,4.585248160574337e-06,1.9163468649824525e-28,1.3790117803647605e+19,3.2601228690639856e+19,4322.932042837631,2.458037018301206e-19,-133385.3283483851,5.859869084862724e+21,5.359475277207613e+21,0.0,0.0,0.0,0.0,0.3333333333333333,0.3333333333333333,2.0,1.4816468590202815e-19,1.8383335745449222e-22,0.0,8.162871712568798e-19,,0.0,0.0,0.0,0.0,0.0,1.4816468590202815e-19,8.162871712568798e-19,0.00019060915906785685,4.9189856362988294e-18,7.11715258415843e-21,1.1862209939727049e-21,,,7.11715258415843e-21,1.1862209939727049e-21,,8.580369162343737e-08,3.303940622972829,42148345282485.84,6.599362282143266e-06,0.0003942790651560416,6.599362282143266e-06,0.0003942790651560416,0.0024810844363942226,0.0004008784274381849,False,False,1.0,1.4043966993444694,1.520556350324579e-08,0.19826441578200085,0.7065001423356831,1.0,1.7242285344369987,3.6226374830114764e-07,0.29932977184662574,0.5644150634214206,0.18449956130177594,0.2987605819718987,0.006280381324914859,0.02666673776981545,True,AP3.8,119.0,8.3,6.863735268152632e+19,$(U_{0.8}Pu_{0.2})N$,0.6280381324914859,0.31358630527280185,62.03299128081831,27.388361884712243,7.984009911079986,2.281050618116663,1.3017380089214814e+17,6.449895555420607e-07,ok,
50,TRIAL_050,AP3.8,1600.0,1.1,6.863735268152632e+19,1.9722002640473183e-05,129673.38547300897,43235270510889.76,7.789406175697652,5.100291528069869,2365717640302.848,1.0,40,TRIAL_050_AP3p8,rizk2025_refit_plot,rizk2025_refit_full,43235270510889.76,2.2581020045427097e+23,5.389219441990408e+25,2.6607032586335332e+25,5.706638520277601e+22,4.891724666532412e+18,2.9545608424328673,116.90636909872595,0.6165208748776759,3.2738978958381675,3.8904187707158435,4.625862171368221,8.516280942084064,455615396166.29816,1.1390384904157454e+17,689.5174712545652,0.5,3291562.843307515,3219642.855402559,1.0223378775643623,751401250.2821658,751380702.0375965,19285107.3160317,18989555.634263504,1.000027347314768,1.0155639072056495,0.24988474834440577,59.63786141305296,29.443717018329476,10.668536820273157,7.53219942992232,3.1363373903508385,9.640702179307634e+24,6.80652770687748e+24,2.8341744724301534e+24,9.036573938600132e+25,8.753156491357116e+25,1.0869220244840039,1.4395426564793726e+16,0.001060095434201211,1.8385652773781684e-07,2.690239420646439e-06,2.690239420646439e-06,0.03659762044872915,0.03659762044872915,3.9360265832457175e+20,5.440842418951649e-05,5485699.832500776,1.0999999999999999,43235270510889.76,0.0,1.080357328902068e-25,6.6927272465621604e-21,2.9545608424328674e-09,1.1690636909872595e-07,5.423218462186115e+25,1.0432238960802125e+27,8.072503720669368e+25,0.0061652087487767595,3.2738978958381675,4.625862171368221,0.038904187707158436,0.08516280942084065,59756784.025736645,13727397525.555473,4.06119916955554e-19,6.895174712545651e-07,1.0974168217473968e-12,0.03407359027997264,1.0,1.2951051174088508e-18,2.797102768283436e-20,2.1787769577327993e-19,2.6363059898109156e-14,1.6472964643566316e+19,43235270510889.76,0.002936957336868814,0.0005380640722895875,1.2042901354846515e-05,4.561089438951057e-06,1.2042901354846515e-05,4.561089438951057e-06,1.579404814441798e-28,1.4872533588993608e+19,2.6027116538627478e+19,6207.370772864867,3.2962793197599e-19,-136971.18898650684,6.191088782209114e+21,5.933751631043256e+21,0.0,0.0,0.0,0.0,0.3333333333333333,0.3333333333333333,2.0,4.788179461519709e-19,6.777638626958759e-23,0.0,8.162871712568798e-19,,0.0,0.0,0.0,0.0,0.0,4.788179461519709e-19,8.162871712568798e-19,5.23327298753861e-05,6.6054136582802944e-18,2.6363059898109155e-20,1.6079677847252025e-21,,,2.6363059898109155e-20,1.6079677847252025e-21,,8.580369162343737e-08,3.303940622972829,42091541828888.86,9.323679749365962e-06,0.0005287403925402216,9.323679749365962e-06,0.0005287403925402216,0.002936957336868814,0.0005380640722895875,False,False,1.0,1.3992409779412924,1.611673967404614e-08,0.196347667185098,0.7092633367537455,1.0,1.8051162019548637,3.6543913306086493e-07,0.3204728020734918,0.5357475266411604,0.18336478293051858,0.31990550256071004,0.0061652087487767595,0.032738978958381675,True,AP3.8,119.0,8.3,6.863735268152632e+19,$(U_{0.8}Pu_{0.2})N$,0.6165208748776759,0.24988474834440577,59.63786141305296,29.443717018329476,7.53219942992232,3.1363373903508385,1.1390384904157454e+17,6.895174712545653e-07,ok,
50,TRIAL_050,AP3.8,1650.0,1.1,6.863735268152632e+19,1.9722002640473183e-05,129673.38547300897,43235270510889.76,7.789406175697652,5.100291528069869,2365717640302.848,1.0,40,TRIAL_050_AP3p8,rizk2025_refit_plot,rizk2025_refit_full,43235270510889.76,1.4716416462838197e+23,4.947982626992502e+25,3.0395169836214903e+25,4.072626600313987e+22,4.682095911433586e+18,3.2499441561654177,129.60156959142287,0.5855862875900795,4.269329742767809,4.854916030357888,5.024503391945536,9.879419422303423,386186849743.891,9.654671243597274e+16,748.9377644166946,0.5,2997995.2014603014,2964198.235789369,1.011401722483629,683110581.9152434,683088660.3969712,17263239.712236717,17129422.174428057,1.0000320917613525,1.0078121454679558,0.16285393737527407,54.75507267037314,33.63572305470834,11.44635033754326,7.236389074171897,4.209961263371361,1.0343579115233023e+25,6.53921649172325e+24,3.804362623509773e+24,9.036573938600132e+25,8.656137676249156e+25,1.1155075462247521,1.065767874515226e+16,0.0008238353202954451,1.5404657406874053e-07,3.353542428439722e-06,3.353542428439722e-06,0.048700045831890144,0.048700045831890144,3.724350636203318e+20,6.788650833080938e-05,5485699.832500776,1.0999999999999999,43235270510889.76,0.0,1.4378590159601977e-25,9.118415819595216e-21,3.2499441561654177e-09,1.2960156959142288e-07,5.648124479171874e+25,1.3729331133399962e+27,8.002216027076831e+25,0.0058558628759007945,4.269329742767809,5.024503391945536,0.04854916030357888,0.09879419422303423,67731115.09167014,17616693511.52008,5.204220076657354e-19,7.489377644166946e-07,1.2947100615455625e-12,0.03407359027997264,1.0,2.257479190366825e-18,9.233806137778259e-20,7.192586655480485e-19,9.020265555838444e-14,1.6472964643566316e+19,43235270510889.76,0.0039943699963914895,0.0009373517060721904,1.159957499725308e-05,4.5315044393119295e-06,1.159957499725308e-05,4.5315044393119295e-06,1.9745135960212908e-28,1.6601562606060575e+19,3.103553062799297e+19,9424.263058174045,4.602109186448989e-19,-137413.61358986376,6.86485952374953e+21,6.747313789740882e+21,0.0,0.0,0.0,0.0,0.3333333333333333,0.3333333333333333,2.0,1.441192019109945e-18,2.42053512429118e-23,0.0,8.162871712568798e-19,,0.0,0.0,0.0,0.0,0.0,1.441192019109945e-18,8.162871712568798e-19,1.0722292079679634e-05,1.1513801989421945e-17,9.020265555838444e-20,2.135405819398152e-21,,,9.020265555838444e-20,2.135405819398152e-21,,8.580369162343737e-08,3.303940622972829,42021672463802.87,1.7241762177655858e-05,0.0009201099438945346,1.7241762177655858e-05,0.0009201099438945346,0.0039943699963914895,0.0009373517060721904,False,False,1.0,1.38723218339585,1.803506297127015e-08,0.19183975300067282,0.7157704608744395,1.0,1.9282659504885538,3.708132948324909e-07,0.3500638245047832,0.49635349313433197,0.1802451687551058,0.3495048711260635,0.0058558628759007945,0.042693297427678085,True,AP3.8,119.0,8.3,6.863735268152632e+19,$(U_{0.8}Pu_{0.2})N$,0.5855862875900795,0.16285393737527407,54.75507267037314,33.63572305470834,7.236389074171897,4.209961263371361,9.654671243597274e+16,7.489377644166946e-07,ok,
50,TRIAL_050,AP3.8,1700.0,1.1,6.863735268152632e+19,1.9722002640473183e-05,129673.38547300897,43235270510889.76,7.789406175697652,5.100291528069869,2365717640302.848,1.0,40,TRIAL_050_AP3p8,rizk2025_refit_plot,rizk2025_refit_full,43235270510889.76,8.090133277093704e+22,4.260955824595334e+25,3.636972476862581e+25,2.4835866808198346e+22,4.32787431993269e+18,3.7049662848379037,148.98485482359504,0.5290792292255574,5.995005917387497,6.524085146613055,5.572567140232674,12.09665228684573,313959153425.23975,7.848978835630994e+16,830.6305420667197,0.5,2691544.9018721036,2672668.3977648397,1.0070627931706944,599222544.7717317,599195736.0273597,15013287.722252138,14900843.462435042,1.0000447412135303,1.007546167443512,0.08952655433422989,47.15233730777623,40.247249694124555,12.510886443764985,7.0033880251990475,5.5074984185659375,1.1305555038651235e+25,6.328663371041796e+24,4.976891667609439e+24,9.036573938600132e+25,8.538884771839189e+25,1.1676806084282643,6965137035949463.0,0.0005832786200967612,1.1900402500660074e-07,6.968773724957808e-06,6.968773724957808e-06,0.07095074874240165,0.07095074874240165,3.737290166486483e+20,8.54315569523301e-05,5485699.832500776,1.0999999999999999,43235270510889.76,0.0,2.1303030544957977e-25,1.385207950650641e-20,3.704966284837904e-09,1.4898485482359505e-07,5.712825658480498e+25,1.94623953505051e+27,7.90601843473501e+25,0.005290792292255574,5.995005917387497,5.572567140232674,0.06524085146613055,0.1209665228684573,80630404.33122818,24067406420.945953,7.0997352100576595e-19,8.306305420667197e-07,1.592563855982815e-12,0.03407359027997264,1.0,4.881873557157333e-18,2.8987370337520676e-19,2.2579440152431845e-18,2.8708990269161864e-13,1.6472964643566316e+19,43235270510889.76,0.005959959255326582,0.002025782743722912,1.100210365242514e-05,4.495963932916597e-06,1.100210365242514e-05,4.495963932916597e-06,4.130244141855034e-28,1.89896803942937e+19,6.010230619916729e+19,15529.611184700074,6.830701149154797e-19,-134828.61690768818,7.884658200735465e+21,7.881227042111055e+21,0.0,0.0,0.0,0.0,0.3333333333333333,0.3333333333333333,2.0,4.065586385900453e-18,8.463999134962283e-24,0.0,8.162871712568798e-19,,0.0,0.0,0.0,0.0,0.0,4.065586385900453e-18,8.162871712568798e-19,1.7337604171564793e-06,2.489897834467786e-17,2.8708990269161863e-19,2.7838006835881095e-21,,,2.8708990269161863e-19,2.7838006835881095e-21,,8.580369162343737e-08,3.303940622972829,41945711675725.58,3.96113189257185e-05,0.0019861714247971936,3.96113189257185e-05,0.0019861714247971936,0.005959959255326582,0.002025782743722912,False,False,1.0,1.3669144443960703,2.1267907434248347e-08,0.18407085606056914,0.7270120676491846,1.0,2.125181302169997,3.8066423811233313e-07,0.3919184227756293,0.442221710525424,0.17425031454423562,0.3913781163425494,0.005290792292255574,0.05995005917387498,True,AP3.8,119.0,8.3,6.863735268152632e+19,$(U_{0.8}Pu_{0.2})N$,0.5290792292255574,0.08952655433422989,47.15233730777623,40.247249694124555,7.0033880251990475,5.5074984185659375,7.848978835630994e+16,8.306305420667198e-07,ok,
50,TRIAL_050,AP3.8,1750.0,1.1,6.863735268152632e+19,1.9722002640473183e-05,129673.38547300897,43235270510889.76,7.789406175697652,5.100291528069869,2365717640302.848,1.0,40,TRIAL_050_AP3p8,rizk2025_refit_plot,rizk2025_refit_full,43235270510889.76,4.089595695787684e+22,3.3956422954921523e+25,4.405982072535343e+25,1.3605971113426993e+22,3.7874502624565023e+18,4.279835788075501,176.68372544149383,0.4467859133836041,8.750345305052235,9.19713121843584,6.215440791608419,15.41257201004426,252371263116.61362,6.30928157791534e+16,926.4554062782883,0.5000000000000001,2408010.3404473495,2396229.742905896,1.0049163055321928,518748339.2545813,518711490.3299268,12709716.075888108,12564824.48766975,1.000071039345265,1.0115315250412409,0.04525604198643019,37.57665591588327,48.75721819433129,13.620869847799005,6.79738002433694,6.823489823462066,1.2308599748768483e+25,6.142502717868432e+24,6.166097030900052e+24,9.036573938600132e+25,8.419964235510127e+25,1.2585222378548115,4238200860103193.5,0.00040092296229669844,8.597295366636237e-08,2.0099747418136688e-05,2.0099747418136688e-05,0.11003319900730121,0.11003319900730121,3.892330999773681e+20,0.00011046525039966179,5485699.832500776,1.0999999999999999,43235270510889.76,0.0,3.2837488016029625e-25,2.3103525323595536e-20,4.2798357880755015e-09,1.7668372544149385e-07,5.413603272251811e+25,2.86700260613206e+27,7.805713963723283e+25,0.0044678591338360414,8.750345305052235,6.215440791608419,0.0919713121843584,0.1541257201004426,97356610.92333092,33437077411.60675,9.8512654964784e-19,9.264554062782883e-07,1.9812081368747766e-12,0.03407359027997259,1.0,1.1625332016342075e-17,8.588030780930961e-19,6.689566000206515e-18,8.552344067970446e-13,1.6472964643566316e+19,43235270510889.76,0.008915946006521255,0.004822094553114846,1.036790312491123e-05,4.458597929905737e-06,1.036790312491123e-05,4.458597929905737e-06,1.2111559089379584e-27,2.1618439061716103e+19,1.5480999463330467e+20,26052.427764032844,1.0265098541667872e-18,-130956.15838366297,9.110233024022939e+21,9.24281574518481e+21,0.0,0.0,0.0,0.0,0.3333333333333333,0.3333333333333333,2.0,1.0809044845085196e-17,2.9228774848067563e-24,0.0,8.162871712568798e-19,,0.0,0.0,0.0,0.0,0.0,1.0809044845085196e-17,8.162871712568798e-19,2.514231404916419e-07,5.92925823939489e-17,8.552344067970446e-19,3.568671296051523e-21,,,8.552344067970446e-19,3.568671296051523e-21,,8.580369162343737e-08,3.303940622972829,41896917402247.82,9.787501998323904e-05,0.004724219533131607,9.787501998323904e-05,0.004724219533131607,0.008915946006521255,0.004822094553114846,False,False,1.0,1.3380713786311567,2.599282280171074e-08,0.172722017532463,0.7434933726373272,1.0,2.418295077126311,3.979652240031191e-07,0.44446287399779394,0.3772068974375956,0.16470236068034505,0.44395784075138905,0.0044678591338360414,0.08750345305052236,True,AP3.8,119.0,8.3,6.863735268152632e+19,$(U_{0.8}Pu_{0.2})N$,0.4467859133836041,0.04525604198643019,37.57665591588327,48.75721819433129,6.79738002433694,6.823489823462066,6.30928157791534e+16,9.264554062782883e-07,ok,
50,TRIAL_050,AP3.8,1800.0,1.1,6.863735268152632e+19,1.9722002640473183e-05,129673.38547300897,43235270510889.76,7.789406175697652,5.100291528069869,2365717640302.848,1.0,40,TRIAL_050_AP3p8,rizk2025_refit_plot,rizk2025_refit_full,43235270510889.76,2.0160343051311606e+22,2.451077571538668e+25,5.266891493621842e+25,6.919415175327425e+21,3.0325578054032543e+18,4.90979564201855,216.66763862345488,0.34304275160258174,12.920515687591081,13.263558439193663,6.8714422898029275,20.135000728996587,206484740384.85382,5.162118509621346e+16,1024.237068899788,0.49999999999999994,2175277.720998567,2167466.954095572,1.00360363828765,452211408.27427256,452157312.00724643,10494099.050962681,10246107.882581037,1.00011964036761,1.0242034508345597,0.02230971957767733,27.123969639298586,58.28416310659595,14.56955753452781,6.606687948912819,7.962869585614992,1.316588839134492e+25,5.970182413960914e+24,7.195705977384006e+24,9.036573938600132e+25,8.317003340861732e+25,1.4164435228769454,2483478990153217.0,0.0002824661219274429,5.759742827259666e-08,7.027237443418137e-05,7.027237443418137e-05,0.17873554840991224,0.17873554840991224,4.1295905468057446e+20,0.00015304763751162098,5485699.832500776,1.0999999999999999,43235270510889.76,0.0,4.957684181544273e-25,4.2605999676477643e-20,4.909795642018551e-09,2.166676386234549e-07,4.61074611393573e+25,4.269380670872062e+27,7.719985099465641e+25,0.0034304275160258173,12.920515687591081,6.8714422898029275,0.13263558439193662,0.20135000728996588,115653726.33025509,45227292066.7746,1.3311283491449648e-18,1.0242370688997881e-06,2.4214864452844392e-12,0.0340735902799727,1.0,2.80344615729556e-17,2.4023187514376478e-18,1.8712636518442685e-17,2.3978131732901632e-12,1.6472964643566316e+19,43235270510889.76,0.012466832713254546,0.011630729765823866,9.793247195430354e-06,4.4213989353952524e-06,9.793247195430354e-06,4.4213989353952524e-06,4.4121935181026295e-27,2.3487559167945613e+19,4.533944583764335e+20,41813.783258464166,1.4892480141882597e-18,-127217.88697272056,1.036082531764245e+22,1.0666470332741034e+22,0.0,0.0,0.0,0.0,0.3333333333333333,0.3333333333333333,2.0,2.721817440169872e-17,1.0037403008245757e-24,0.0,8.162871712568798e-19,,0.0,0.0,0.0,0.0,0.0,2.721817440169872e-17,8.162871712568798e-19,3.580380162509945e-08,1.4298392685454574e-16,2.397813173290163e-18,4.50557814748474e-21,,,2.397813173290163e-18,4.50557814748474e-21,,8.580369162343737e-08,3.303940622972829,41921096028731.26,0.0002317106080887127,0.011399019157735153,0.0002317106080887127,0.011399019157735153,0.012466832713254546,0.011630729765823866,False,False,1.0,1.300167339317447,3.25651739619745e-08,0.1571988855089515,0.7661439810491789,1.0,2.8465434454468777,4.285507634407095e-07,0.5059842388025056,0.30579469683384425,0.1508166937246289,0.5055451510917003,0.0034304275160258173,0.1292051568759108,True,AP3.8,119.0,8.3,6.863735268152632e+19,$(U_{0.8}Pu_{0.2})N$,0.34304275160258174,0.02230971957767733,27.123969639298586,58.28416310659595,6.606687948912819,7.962869585614992,5.162118509621346e+16,1.0242370688997881e-06,ok,
