{
    "N_AVOG": 6.022141e+23,
    "N_BOLT": 1.380649e-23,
    "FISSION_ENERGY": 3.215e-11,
    "FISSION_RATE": 4.368829348045926e+19,
    "FUEL_THERMAL_CONDUCTIVITY": 0.991971506052985,
    "FISSION_YIELD": 0.15078361992598213,
    "LENGTH": 0.0014254176253787152,
    "RADIUS": 1.1656647551324104e-05,
    "T_BC": 1418.5066759838257,
    "Maximum cur_err_bounds": 0.001491130808696628,
    "TIME_ELAPSED": 1069237.8611576557,
    "COST_FO": 3192.3015217781067,
    "COST_POD": 3276.598798751831,
    "COST_EB": 1062768.6864778996
}