{
    "N_AVOG": 6.022141e+23,
    "N_BOLT": 1.380649e-23,
    "FISSION_ENERGY": 3.215e-11,
    "FISSION_RATE": 4.900785464897085e+19,
    "FUEL_THERMAL_CONDUCTIVITY": 1.0691627935710455,
    "FISSION_YIELD": 0.05225809067507411,
    "LENGTH": 0.0011742777659499942,
    "RADIUS": 1.8708678326220346e-05,
    "T_BC": 397.8118432029367,
    "Maximum cur_err_bounds": 0.0012983016901705546,
    "TIME_ELAPSED": 1172956.5463004112,
    "COST_FO": 3501.1900041103363,
    "COST_POD": 3593.5039296150208,
    "COST_EB": 1165861.5516312122
}