{
    "N_AVOG": 6.022141e+23,
    "N_BOLT": 1.380649e-23,
    "FISSION_ENERGY": 3.215e-11,
    "FISSION_RATE": 4.660735125697785e+19,
    "FUEL_THERMAL_CONDUCTIVITY": 3.4030103739826223,
    "FISSION_YIELD": 0.04015646818294133,
    "LENGTH": 0.0012874043008627577,
    "RADIUS": 1.4073457951702087e-05,
    "T_BC": 1633.6606719347496,
    "Maximum cur_err_bounds": 0.006792113807879949,
    "TIME_ELAPSED": 19561.329969406128,
    "COST_FO": 80.73863577842712,
    "COST_POD": 82.23389410972595,
    "COST_EB": 19398.350615262985
}